DBRep_DrawableShape

CASCADE Topology V3, (c) Open Cascade
Locations 0
Curve2ds 861
1 40.75 -3.5349999999999966 0 1 
1 40.75 -3.5349999999999966 0 1 
8 -51.187999999999988 4.0630000000000166
1 4.0630000000000166 3 -1 0 
8 -51.187999999999988 4.0630000000000166
1 -4.0629999999999882 -10 -1 0 
1 4.0630000000000166 3 -1 0 
1 4.0630000000000166 3 -1 0 
8 -1.5 1.5
1 8.1260000000000048 1.5 0 -1 
8 -1.5 1.5
1 1.5 10 1 0 
1 8.1260000000000048 1.5 0 -1 
1 8.1260000000000048 1.5 0 -1 
1 0 0 1 0 
1 0 0 1 0 
1 0 0 1 0 
1 0 0 1 0 
1 0 0 0 1 
1 0 0 1 0 
1 0 0 0 1 
1 0 0 1 0 
1 0 0 0 1 
1 0 0 1 0 
8 -5.9999999280080374e-07 41.550000600000004
1 -1 4.9000000000000057 1 0 
8 -5.9999999280080374e-07 41.550000600000004
1 2.4980915447965089 0 0 1 
8 1.5750000000000028 19.075000000000003
1 39.949999999999989 1.5750000000000028 0 1 
8 1.5750000000000028 19.075000000000003
1 -1.5750000000000028 1 1 0 
8 -35.27600000000001 -19.974999999999994
1 19.974999999999994 3.1500000000000057 -1 0 
8 -35.27600000000001 -19.974999999999994
1 -19.974999999999994 -1 -1 -0 
1 55.251000000000005 0 0 1 
1 0 0 1 0 
1 0 0 1 0 
1 55.251000000000005 0 0 1 
1 55.251000000000005 0 0 1 
1 4.0630000000000166 3 -1 0 
1 4.0630000000000166 3 -1 0 
1 53.85499999999999 3 -0.70710678118654757 -0.70710678118654757 
1 53.85499999999999 3 -0.70710678118654757 -0.70710678118654757 
1 -0.36177304820395761 2.8780143639387319 -0.70710678118654979 0.70710678118654546 
1 47.060797846324277 -1.9151062939286589 0.70710678118654979 -0.70710678118654546 
1 47.060797846324277 -1.9151062939286589 0.70710678118654979 -0.70710678118654546 
1 0 10.249999999999986 1 0 
2 2.6640247981203231 4.4979080700100695 -1 0 0 1 3.2849999999999966
2 44.034999999999997 -3.5349999999999966 1 0 0 -1 3.2849999999999966
2 44.034999999999997 -3.5349999999999966 1 0 0 -1 3.2849999999999966
8 1.625 3.125
1 9 1.625 0 1 
8 1.625 3.125
1 -1.625 0.099999999999994316 1 0 
8 -6.375 -2.625
1 2.625 3.25 -1 0 
8 -6.375 -2.625
1 -2.625 -0.099999999999994316 -1 -0 
8 -6.375 -2.625
1 2.625 4.75 -1 0 
8 -6.375 -2.625
1 -2.625 -0.099999999999994316 -1 -0 
8 1.625 3.125
1 5.25 1.625 0 1 
8 1.625 3.125
1 -1.625 0.099999999999994316 1 0 
8 1.625 3.125
1 33 1.625 0 1 
8 1.625 3.125
1 -1.625 0.099999999999994316 1 0 
8 -18.375 -14.625
1 14.625 3.25 -1 0 
8 -18.375 -14.625
1 -14.625 -0.099999999999994316 -1 -0 
8 -18.375 -14.625
1 14.625 4.75 -1 0 
8 -18.375 -14.625
1 -14.625 -0.099999999999994316 -1 -0 
8 1.625 3.125
1 29.25 1.625 0 1 
8 1.625 3.125
1 -1.625 0.099999999999994316 1 0 
1 1 -0.125 -0 -1 
1 32.623999999999995 0.125 0 -1 
1 3.1415926535897931 0 0 1 
1 7.5349999999999966 0 -0 -1 
1 0.5 -0.25 -1 -0 
1 -0 0 0 1 
1 0 -0 0 -1 
1 50.318999999999988 -0 -1 0 
1 16.5 0 0 1 
1 -1.5707963267948966 0 1 0 
2 14.5 14 0 -1 1 0 2
1 -6 4.25 0 -1 
1 14.5 16 -1 0 
1 -0 0 1 0 
1 -4.7123889803846897 0 1 0 
2 14.5 2 0 -1 -1 -0 2
1 0 25.000000000000014 0 -1 
1 0 25.000000000000014 0 -1 
1 0 -19.200000000000017 1 -0 
1 8.1260000000000048 -8.1000000000000085 0 1 
1 4.0630000000000166 -16.200000000000017 1 -0 
1 58.444999999999993 -8.1000000000000085 0 1 
1 0 -19.200000000000017 1 -0 
1 61.944999999999993 -0 0 -1 
1 0 -0 1 -0 
1 58.444999999999993 7.9000000000000057 0 -1 
1 -0 19.200000000000017 1 0 
1 3 25.000000000000014 -1 0 
1 3 25.000000000000014 -1 0 
1 -0 0 0 1 
1 -8.1260000000000048 -15.799999999999997 0 -1 
1 3 5.7999999999999972 0 1 
1 3 5.7999999999999972 0 1 
1 0 0 0 1 
1 0 6 1 0 
1 0 6 1 0 
1 0 6 1 0 
1 0 0 0 -1 
1 0 0 0 1 
1 -8.1260000000000048 -15.799999999999997 0 -1 
1 -8.1260000000000048 -15.799999999999997 0 -1 
1 185 5.7999999999999972 0 1 
1 0 0 0 1 
1 0 19.200000000000017 1 0 
1 0 0 0 1 
1 185 25.000000000000014 1 0 
1 188 25.000000000000014 0 -1 
1 0 0 1 0 
2 176.09999999999999 -5.25 1 0 -0 1 8.75
1 0 1 1 0 
2 116.34999999999999 -5.25 1 0 -0 1 8.75
1 0 1 1 0 
2 71.650000000000006 -5.25 1 0 -0 1 8.75
1 0 1 1 0 
2 11.900000000000006 -5.25 1 0 -0 1 8.75
1 0 1 1 0 
1 0 41.550000000000011 1 0 
2 0 0 1 0 -0 1 8.75
8 39.31989999999999 41.550000600000004
1 2.425202149398114 0 0 1 
8 39.31989999999999 41.550000600000004
1 -40.949999999999989 2.1509173634175482 1 0 
1 0 40.949999999999989 1 0 
2 8.75 -4.25 1 0 -0 1 8.75
8 -5.9999999280080374e-07 41.550000600000004
1 -1 18.900000000000006 1 0 
8 -5.9999999280080374e-07 41.550000600000004
1 0.64350110879328437 0 0 1 
1 0 40.949999999999989 1 0 
2 8.75 -4.25 1 0 -0 1 8.75
8 39.31989999999999 41.550000600000004
1 0.71639050419167927 0 0 1 
8 39.31989999999999 41.550000600000004
1 -40.949999999999989 15.349082636582452 1 0 
1 0 0 0 -1 
1 0 0 0 1 
1 0 0 0 1 
1 0 1.4958340000000021 1 0 
8 0.5 0.99583400000000211
1 3.1500000000000057 -0.5 0 1 
8 0.5 0.99583400000000211
1 15.301000000000016 -0.5 0 -1 
1 0 -1.4958340000000021 1 0 
1 0 0 1 0 
1 55.251000000000005 0 0 1 
1 0 6 1 0 
1 0 6 1 0 
1 13.350000000000023 0 0 -1 
1 0 0 0 1 
1 37.18 6 0 1 
1 13.350000000000023 0 0 1 
1 0 14.000000000000014 1 0 
1 37.18 20.000000000000014 1 0 
1 13.350000000000023 0 0 -1 
1 113.64 0 0 1 
1 150.81999999999999 6 0 1 
1 0 6 1 0 
8 5 25.000000000000014
1 185 -5 0 1 
8 5 25.000000000000014
1 47.125 -5 0 -1 
8 0.5 0.99583400000000211
1 184.84999999999999 -0.5 0 1 
8 0.5 0.99583400000000211
1 15.301000000000016 -0.5 0 -1 
8 -101.175 -83.674999999999997
1 83.674999999999997 0.49583400000000211 -1 0 
8 -101.175 -83.674999999999997
1 15.301000000000016 -83.674999999999997 0 -1 
8 0.5 0.99583400000000211
1 167.34999999999999 -0.5 0 1 
8 0.5 0.99583400000000211
1 15.301000000000016 -0.5 0 -1 
8 0.5 0.99583400000000211
1 125.09999999999999 -0.5 0 1 
8 0.5 0.99583400000000211
1 15.301000000000016 -0.5 0 -1 
8 -71.300000000000011 -53.800000000000004
1 53.799999999999997 0.49583400000000211 -1 0 
8 -71.300000000000011 -53.800000000000004
1 15.301000000000016 -53.800000000000004 0 -1 
8 0.5 0.99583400000000211
1 107.59999999999999 -0.5 0 1 
8 0.5 0.99583400000000211
1 15.301000000000016 -0.5 0 -1 
8 0.5 0.99583400000000211
1 80.400000000000006 -0.5 0 1 
8 0.5 0.99583400000000211
1 15.301000000000016 -0.5 0 -1 
8 -48.949999999999996 -31.449999999999996
1 31.450000000000003 0.49583400000000211 -1 0 
8 -48.949999999999996 -31.449999999999996
1 15.301000000000016 -31.449999999999996 0 -1 
8 0.5 0.99583400000000211
1 62.899999999999999 -0.5 0 1 
8 0.5 0.99583400000000211
1 15.301000000000016 -0.5 0 -1 
8 0.5 0.99583400000000211
1 20.650000000000006 -0.5 0 1 
8 0.5 0.99583400000000211
1 15.301000000000016 -0.5 0 -1 
8 -19.075000000000003 -1.5750000000000028
1 1.5750000000000028 0.49583400000000211 -1 0 
8 -19.075000000000003 -1.5750000000000028
1 15.301000000000016 -1.5750000000000028 0 -1 
8 5 25.000000000000014
1 3 -5 0 1 
8 5 25.000000000000014
1 47.125 -5 0 -1 
1 50.318999999999988 -0 0 -1 
1 -8.1260000000000048 -15.799999999999997 1 -0 
1 53.818999999999988 -15.799999999999997 0 -1 
1 53.818999999999988 -35.000000000000014 -1 0 
8 -51.187999999999988 4.0630000000000166
1 4.0630000000000166 3 -1 0 
8 -51.187999999999988 4.0630000000000166
1 -4.0629999999999882 -16 -1 0 
1 9.2418856301081718 -0.125 0 1 
1 45.728999999999985 0.125 0 1 
1 50.318999999999988 -0 -1 0 
1 0.96215422380219462 -0 0 -1 
1 -11.546700183385726 -0.25 -1 0 
1 5.4977871437821353 0 0 1 
1 0 11.35 1 0 
1 0 0.25 1 0 
1 0.78539816339745139 0 0 1 
1 3.75 0 0 -1 
1 0 0 0 1 
8 1.625 3.125
1 9 1.625 0 1 
8 1.625 3.125
1 -1.625 6.0999999999999943 1 0 
1 3.75 0 0 -1 
1 1.5 0 0 1 
8 -6.375 -2.625
1 2.625 3.25 -1 0 
8 -6.375 -2.625
1 -2.625 -6.0999999999999943 -1 -0 
1 0 0 0 -1 
1 0 0 0 1 
8 -6.375 -2.625
1 2.625 4.75 -1 0 
8 -6.375 -2.625
1 -2.625 -6.0999999999999943 -1 -0 
1 0 0 0 -1 
1 1.5 0 0 1 
8 1.625 3.125
1 5.25 1.625 0 1 
8 1.625 3.125
1 -1.625 6.0999999999999943 1 0 
1 3.75 0 0 -1 
1 0 0 0 1 
8 1.625 3.125
1 33 1.625 0 1 
8 1.625 3.125
1 -1.625 6.0999999999999943 1 0 
1 3.75 0 0 -1 
1 1.5 0 0 1 
8 -18.375 -14.625
1 14.625 3.25 -1 0 
8 -18.375 -14.625
1 -14.625 -6.0999999999999943 -1 -0 
1 0 0 0 -1 
1 0 0 0 1 
8 -18.375 -14.625
1 14.625 4.75 -1 0 
8 -18.375 -14.625
1 -14.625 -6.0999999999999943 -1 -0 
1 0 0 0 -1 
1 1.5 0 0 1 
8 1.625 3.125
1 29.25 1.625 0 1 
8 1.625 3.125
1 -1.625 6.0999999999999943 1 0 
1 1.5707963267948966 0 0 1 
1 0 0 0 1 
1 0 0 0 1 
1 1.5707963267948966 0 0 1 
1 -6 4.25 1 0 
1 -1.5707963267948966 50.318999999999988 1 0 
1 0 3 1 0 
1 44.318999999999988 -10.25 0 1 
1 44.318999999999988 -10.25 0 1 
1 0 -0 1 0 
1 47.818999999999988 -0 0 1 
1 -4.7123889803846897 50.318999999999988 1 0 
1 0 0 1 0 
1 0 113.64 1 0 
1 41.900999999999982 150.81999999999999 1 0 
1 0 0 0 1 
1 0 0 1 0 
1 41.900999999999982 37.18 0 1 
8 -51.187999999999988 4.0630000000000166
1 4.0630000000000166 185 -1 0 
8 -51.187999999999988 4.0630000000000166
1 -4.0629999999999882 -16 -1 -0 
1 0 0 1 0 
1 0 0 1 0 
1 41.900999999999982 37.18 1 0 
8 10.519999999999996 12.019999999999996
1 9 10.52000000000001 0 1 
8 10.519999999999996 12.019999999999996
1 -10.519999999999996 6.0999999999999943 1 0 
8 -6.375 -2.625
1 2.625 21.040000000000006 -1 0 
8 -6.375 -2.625
1 -2.625 -6.0999999999999943 -1 -0 
8 -6.375 -2.625
1 2.625 22.540000000000006 -1 0 
8 -6.375 -2.625
1 -2.625 -6.0999999999999943 -1 -0 
8 10.519999999999996 12.019999999999996
1 5.25 10.52000000000001 0 1 
8 10.519999999999996 12.019999999999996
1 -10.519999999999996 6.0999999999999943 1 0 
8 30.505000000000003 32.005000000000003
1 9 30.504999999999995 0 1 
8 30.505000000000003 32.005000000000003
1 -30.505000000000003 6.0999999999999943 1 0 
8 -6.375 -2.625
1 2.625 61.009999999999998 -1 0 
8 -6.375 -2.625
1 -2.625 -6.0999999999999943 -1 -0 
8 -6.375 -2.625
1 2.625 62.509999999999998 -1 0 
8 -6.375 -2.625
1 -2.625 -6.0999999999999943 -1 -0 
8 30.505000000000003 32.005000000000003
1 5.25 30.504999999999995 0 1 
8 30.505000000000003 32.005000000000003
1 -30.505000000000003 6.0999999999999943 1 0 
8 40.395000000000003 41.895000000000003
1 9 40.394999999999996 0 1 
8 40.395000000000003 41.895000000000003
1 -40.395000000000003 6.0999999999999943 1 0 
8 -6.375 -2.625
1 2.625 80.789999999999992 -1 0 
8 -6.375 -2.625
1 -2.625 -6.0999999999999943 -1 -0 
8 -6.375 -2.625
1 2.625 82.289999999999992 -1 0 
8 -6.375 -2.625
1 -2.625 -6.0999999999999943 -1 -0 
8 40.395000000000003 41.895000000000003
1 5.25 40.394999999999996 0 1 
8 40.395000000000003 41.895000000000003
1 -40.395000000000003 6.0999999999999943 1 0 
8 10.519999999999996 12.019999999999996
1 33 10.52000000000001 0 1 
8 10.519999999999996 12.019999999999996
1 -10.519999999999996 6.0999999999999943 1 0 
8 -18.375 -14.625
1 14.625 21.040000000000006 -1 0 
8 -18.375 -14.625
1 -14.625 -6.0999999999999943 -1 -0 
8 -18.375 -14.625
1 14.625 22.540000000000006 -1 0 
8 -18.375 -14.625
1 -14.625 -6.0999999999999943 -1 -0 
8 10.519999999999996 12.019999999999996
1 29.25 10.52000000000001 0 1 
8 10.519999999999996 12.019999999999996
1 -10.519999999999996 6.0999999999999943 1 0 
8 30.505000000000003 32.005000000000003
1 33 30.504999999999995 0 1 
8 30.505000000000003 32.005000000000003
1 -30.505000000000003 6.0999999999999943 1 0 
8 -18.375 -14.625
1 14.625 61.009999999999998 -1 0 
8 -18.375 -14.625
1 -14.625 -6.0999999999999943 -1 -0 
8 -18.375 -14.625
1 14.625 62.509999999999998 -1 0 
8 -18.375 -14.625
1 -14.625 -6.0999999999999943 -1 -0 
8 30.505000000000003 32.005000000000003
1 29.25 30.504999999999995 0 1 
8 30.505000000000003 32.005000000000003
1 -30.505000000000003 6.0999999999999943 1 0 
8 40.395000000000003 41.895000000000003
1 33 40.394999999999996 0 1 
8 40.395000000000003 41.895000000000003
1 -40.395000000000003 6.0999999999999943 1 0 
8 -18.375 -14.625
1 14.625 80.789999999999992 -1 0 
8 -18.375 -14.625
1 -14.625 -6.0999999999999943 -1 -0 
8 -18.375 -14.625
1 14.625 82.289999999999992 -1 0 
8 -18.375 -14.625
1 -14.625 -6.0999999999999943 -1 -0 
8 40.395000000000003 41.895000000000003
1 29.25 40.394999999999996 0 1 
8 40.395000000000003 41.895000000000003
1 -40.395000000000003 6.0999999999999943 1 0 
8 52.854999999999997 54.354999999999997
1 9 52.855000000000004 0 1 
8 52.854999999999997 54.354999999999997
1 -52.854999999999997 6.0999999999999943 1 0 
8 -6.375 -2.625
1 2.625 105.71000000000001 -1 0 
8 -6.375 -2.625
1 -2.625 -6.0999999999999943 -1 -0 
8 -6.375 -2.625
1 2.625 107.21000000000001 -1 0 
8 -6.375 -2.625
1 -2.625 -6.0999999999999943 -1 -0 
8 52.854999999999997 54.354999999999997
1 5.25 52.855000000000004 0 1 
8 52.854999999999997 54.354999999999997
1 -52.854999999999997 6.0999999999999943 1 0 
8 62.745000000000005 64.245000000000005
1 9 62.745000000000005 0 1 
8 62.745000000000005 64.245000000000005
1 -62.745000000000005 6.0999999999999943 1 0 
8 -6.375 -2.625
1 2.625 125.49000000000001 -1 0 
8 -6.375 -2.625
1 -2.625 -6.0999999999999943 -1 -0 
8 -6.375 -2.625
1 2.625 126.99000000000001 -1 0 
8 -6.375 -2.625
1 -2.625 -6.0999999999999943 -1 -0 
8 62.745000000000005 64.245000000000005
1 5.25 62.745000000000005 0 1 
8 62.745000000000005 64.245000000000005
1 -62.745000000000005 6.0999999999999943 1 0 
8 82.72999999999999 84.22999999999999
1 9 82.72999999999999 0 1 
8 82.72999999999999 84.22999999999999
1 -82.72999999999999 6.0999999999999943 1 0 
8 -6.375 -2.625
1 2.625 165.45999999999998 -1 0 
8 -6.375 -2.625
1 -2.625 -6.0999999999999943 -1 -0 
8 -6.375 -2.625
1 2.625 166.95999999999998 -1 0 
8 -6.375 -2.625
1 -2.625 -6.0999999999999943 -1 -0 
8 82.72999999999999 84.22999999999999
1 5.25 82.72999999999999 0 1 
8 82.72999999999999 84.22999999999999
1 -82.72999999999999 6.0999999999999943 1 0 
8 91.625 93.125
1 9 91.625 0 1 
8 91.625 93.125
1 -91.625 6.0999999999999943 1 0 
8 -6.375 -2.625
1 2.625 183.25 -1 0 
8 -6.375 -2.625
1 -2.625 -6.0999999999999943 -1 -0 
8 -6.375 -2.625
1 2.625 184.75 -1 0 
8 -6.375 -2.625
1 -2.625 -6.0999999999999943 -1 -0 
8 91.625 93.125
1 5.25 91.625 0 1 
8 91.625 93.125
1 -91.625 6.0999999999999943 1 0 
8 52.854999999999997 54.354999999999997
1 33 52.855000000000004 0 1 
8 52.854999999999997 54.354999999999997
1 -52.854999999999997 6.0999999999999943 1 0 
8 -18.375 -14.625
1 14.625 105.71000000000001 -1 0 
8 -18.375 -14.625
1 -14.625 -6.0999999999999943 -1 -0 
8 -18.375 -14.625
1 14.625 107.21000000000001 -1 0 
8 -18.375 -14.625
1 -14.625 -6.0999999999999943 -1 -0 
8 52.854999999999997 54.354999999999997
1 29.25 52.855000000000004 0 1 
8 52.854999999999997 54.354999999999997
1 -52.854999999999997 6.0999999999999943 1 0 
8 62.745000000000005 64.245000000000005
1 33 62.745000000000005 0 1 
8 62.745000000000005 64.245000000000005
1 -62.745000000000005 6.0999999999999943 1 0 
8 -18.375 -14.625
1 14.625 125.49000000000001 -1 0 
8 -18.375 -14.625
1 -14.625 -6.0999999999999943 -1 -0 
8 -18.375 -14.625
1 14.625 126.99000000000001 -1 0 
8 -18.375 -14.625
1 -14.625 -6.0999999999999943 -1 -0 
8 62.745000000000005 64.245000000000005
1 29.25 62.745000000000005 0 1 
8 62.745000000000005 64.245000000000005
1 -62.745000000000005 6.0999999999999943 1 0 
8 82.72999999999999 84.22999999999999
1 33 82.72999999999999 0 1 
8 82.72999999999999 84.22999999999999
1 -82.72999999999999 6.0999999999999943 1 0 
8 -18.375 -14.625
1 14.625 165.45999999999998 -1 0 
8 -18.375 -14.625
1 -14.625 -6.0999999999999943 -1 -0 
8 -18.375 -14.625
1 14.625 166.95999999999998 -1 0 
8 -18.375 -14.625
1 -14.625 -6.0999999999999943 -1 -0 
8 82.72999999999999 84.22999999999999
1 29.25 82.72999999999999 0 1 
8 82.72999999999999 84.22999999999999
1 -82.72999999999999 6.0999999999999943 1 0 
8 91.625 93.125
1 33 91.625 0 1 
8 91.625 93.125
1 -91.625 6.0999999999999943 1 0 
8 -18.375 -14.625
1 14.625 184.75 -1 0 
8 -18.375 -14.625
1 -14.625 -6.0999999999999943 -1 -0 
8 91.625 93.125
1 29.25 91.625 0 1 
8 91.625 93.125
1 -91.625 6.0999999999999943 1 0 
8 -18.375 -14.625
1 14.625 183.25 -1 0 
8 -18.375 -14.625
1 -14.625 -6.0999999999999943 -1 -0 
1 50.318999999999988 0 0 -1 
1 0 0 0 1 
1 50.318999999999988 0 0 -1 
1 50.318999999999988 0 0 -1 
1 0 0 1 0 
1 0 0 1 0 
1 -8.1260000000000048 -15.799999999999997 1 0 
1 -8.1260000000000048 -15.799999999999997 1 0 
1 61.944999999999993 0 0 -1 
1 0 0 0 1 
1 53.818999999999988 -15.799999999999997 0 -1 
1 53.818999999999988 -15.799999999999997 0 -1 
1 53.818999999999988 -35.000000000000014 -1 0 
1 61.944999999999993 0 -1 0 
8 -51.187999999999988 4.0630000000000166
1 4.0630000000000166 185 -1 0 
8 -51.187999999999988 4.0630000000000166
1 -4.0629999999999882 -10 -1 -0 
1 4.0630000000000166 185 -1 0 
8 -10.125 -0.125
1 45.728999999999985 0.125 0 1 
8 -10.125 -0.125
1 9.2418856301081718 -0.125 0 1 
1 50.318999999999988 0 -1 0 
1 50.318999999999988 0 -1 0 
1 50.318999999999988 0 -1 0 
1 50.318999999999988 0 -1 0 
1 0 -19.200000000000017 1 0 
1 0 3 1 0 
1 0 3 1 0 
1 50.318999999999988 0 0 1 
1 0 3 1 0 
1 58.444999999999993 0 0 1 
1 0 -3 1 0 
1 0 13.25 1 0 
1 8.1260000000000048 13.25 1 0 
1 0 0 0 1 
1 0 3 1 0 
1 8.1260000000000048 0 0 1 
1 0 3 1 0 
1 61.944999999999993 0 0 1 
1 0 19.200000000000017 1 0 
1 61.944999999999993 0 0 1 
1 0 0 1 0 
1 0 188 1 0 
1 0 188 1 0 
1 0 188 1 0 
8 -11.100000000000009 -8.1000000000000085
1 8.1260000000000048 -8.1000000000000085 0 1 
8 -11.100000000000009 -8.1000000000000085
1 3 -8.1000000000000085 0 -1 
8 4.0629999999999882 54.381999999999977
1 4.0630000000000166 -16.200000000000017 1 0 
8 4.0629999999999882 54.381999999999977
1 -4.0629999999999882 3 1 0 
8 -11.100000000000009 -8.1000000000000085
1 58.444999999999993 -8.1000000000000085 0 1 
8 -11.100000000000009 -8.1000000000000085
1 3 -8.1000000000000085 0 -1 
1 61.944999999999993 0 0 -1 
1 3 0 0 1 
1 0 0 1 0 
1 0 3 1 0 
8 7.9000000000000057 8.1000000000000085
1 3 7.8999999999999915 0 1 
8 7.9000000000000057 8.1000000000000085
1 58.444999999999993 7.9000000000000057 0 -1 
8 -35.27600000000001 -19.974999999999994
1 19.974999999999994 184.84999999999999 -1 0 
8 -35.27600000000001 -19.974999999999994
1 -19.974999999999994 -1 -1 -0 
8 83.674999999999997 101.175
1 39.949999999999989 83.674999999999997 0 1 
8 83.674999999999997 101.175
1 -83.674999999999997 1 1 0 
8 -5.9999999280080374e-07 41.550000600000004
1 -1 183.09999999999999 1 0 
8 -5.9999999280080374e-07 41.550000600000004
1 0.64350110879328437 0 0 1 
8 92.5 95.5
1 8.1260000000000048 92.5 0 1 
8 92.5 95.5
1 -92.5 10 1 0 
1 8.1260000000000048 92.5 0 1 
1 4.0630000000000166 185 -1 0 
1 40.75 185 0 1 
2 2.6640247981203231 4.4979080700100695 -1 0 0 1 3.2850000000000001
2 44.034999999999997 191.535 1 0 -0 1 3.2849999999999966
8 -0.99412435127110887 2.2908756487289024
1 2.2908756487289024 -10.249999999999986 -1 0 
8 -0.99412435127110887 2.2908756487289024
1 -0.36177304820395761 2.8780143639387319 -0.70710678118654979 0.70710678118654546 
1 47.060797846324277 189.91510629392866 0.70710678118654979 0.70710678118654546 
1 48.000345776197804 190.85465422380219 0.70710678118654757 -0.70710678118654757 
8 91.625 93.125
1 9 91.625 0 1 
8 91.625 93.125
1 -91.625 0.099999999999994316 1 0 
8 -6.375 -2.625
1 2.625 183.25 -1 0 
8 -6.375 -2.625
1 -2.625 -0.099999999999994316 -1 -0 
8 -6.375 -2.625
1 2.625 184.75 -1 0 
8 -6.375 -2.625
1 -2.625 -0.099999999999994316 -1 -0 
8 91.625 93.125
1 5.25 91.625 0 1 
8 91.625 93.125
1 -91.625 0.099999999999994316 1 0 
8 91.625 93.125
1 33 91.625 0 1 
8 91.625 93.125
1 -91.625 0.099999999999994316 1 0 
8 -18.375 -14.625
1 14.625 183.25 -1 0 
8 -18.375 -14.625
1 -14.625 -0.099999999999994316 -1 -0 
8 -18.375 -14.625
1 14.625 184.75 -1 0 
8 -18.375 -14.625
1 -14.625 -0.099999999999994316 -1 -0 
8 91.625 93.125
1 29.25 91.625 0 1 
8 91.625 93.125
1 -91.625 0.099999999999994316 1 0 
1 0 41.550000000000011 1 0 
2 0 0 1 0 -0 1 8.75
8 39.31989999999999 41.550000600000004
1 2.425202149398114 0 0 1 
8 39.31989999999999 41.550000600000004
1 -40.949999999999989 2.1509173634175482 1 0 
1 0 40.949999999999989 1 0 
2 8.75 -4.25 1 0 -0 1 8.75
8 -5.9999999280080374e-07 41.550000600000004
1 -1 169.09999999999999 1 0 
8 -5.9999999280080374e-07 41.550000600000004
1 2.4980915447965089 0 0 1 
1 0 40.949999999999989 1 0 
2 8.75 -4.25 1 0 -0 1 8.75
8 39.31989999999999 41.550000600000004
1 0.71639050419167927 0 0 1 
8 39.31989999999999 41.550000600000004
1 -40.949999999999989 15.349082636582452 1 0 
8 -35.27600000000001 -19.974999999999994
1 19.974999999999994 125.09999999999999 -1 0 
8 -35.27600000000001 -19.974999999999994
1 -19.974999999999994 -1 -1 -0 
8 53.800000000000004 71.300000000000011
1 39.949999999999989 53.799999999999997 0 1 
8 53.800000000000004 71.300000000000011
1 -53.800000000000004 1 1 0 
8 -5.9999999280080374e-07 41.550000600000004
1 -1 123.34999999999999 1 0 
8 -5.9999999280080374e-07 41.550000600000004
1 0.64350110879328437 0 0 1 
8 -35.27600000000001 -19.974999999999994
1 19.974999999999994 167.34999999999999 -1 0 
8 -35.27600000000001 -19.974999999999994
1 -19.974999999999994 -1 -1 -0 
8 62.745000000000005 64.245000000000005
1 9 62.745000000000005 0 1 
8 62.745000000000005 64.245000000000005
1 -62.745000000000005 0.099999999999994316 1 0 
8 -6.375 -2.625
1 2.625 125.49000000000001 -1 0 
8 -6.375 -2.625
1 -2.625 -0.099999999999994316 -1 -0 
8 -6.375 -2.625
1 2.625 126.99000000000001 -1 0 
8 -6.375 -2.625
1 -2.625 -0.099999999999994316 -1 -0 
8 62.745000000000005 64.245000000000005
1 5.25 62.745000000000005 0 1 
8 62.745000000000005 64.245000000000005
1 -62.745000000000005 0.099999999999994316 1 0 
8 62.745000000000005 64.245000000000005
1 33 62.745000000000005 0 1 
8 62.745000000000005 64.245000000000005
1 -62.745000000000005 0.099999999999994316 1 0 
8 -18.375 -14.625
1 14.625 125.49000000000001 -1 0 
8 -18.375 -14.625
1 -14.625 -0.099999999999994316 -1 -0 
8 -18.375 -14.625
1 14.625 126.99000000000001 -1 0 
8 -18.375 -14.625
1 -14.625 -0.099999999999994316 -1 -0 
8 62.745000000000005 64.245000000000005
1 29.25 62.745000000000005 0 1 
8 62.745000000000005 64.245000000000005
1 -62.745000000000005 0.099999999999994316 1 0 
8 82.72999999999999 84.22999999999999
1 9 82.72999999999999 0 1 
8 82.72999999999999 84.22999999999999
1 -82.72999999999999 0.099999999999994316 1 0 
8 -6.375 -2.625
1 2.625 165.45999999999998 -1 0 
8 -6.375 -2.625
1 -2.625 -0.099999999999994316 -1 -0 
8 -6.375 -2.625
1 2.625 166.95999999999998 -1 0 
8 -6.375 -2.625
1 -2.625 -0.099999999999994316 -1 -0 
8 82.72999999999999 84.22999999999999
1 5.25 82.72999999999999 0 1 
8 82.72999999999999 84.22999999999999
1 -82.72999999999999 0.099999999999994316 1 0 
8 82.72999999999999 84.22999999999999
1 33 82.72999999999999 0 1 
8 82.72999999999999 84.22999999999999
1 -82.72999999999999 0.099999999999994316 1 0 
8 -18.375 -14.625
1 14.625 165.45999999999998 -1 0 
8 -18.375 -14.625
1 -14.625 -0.099999999999994316 -1 -0 
8 -18.375 -14.625
1 14.625 166.95999999999998 -1 0 
8 -18.375 -14.625
1 -14.625 -0.099999999999994316 -1 -0 
8 82.72999999999999 84.22999999999999
1 29.25 82.72999999999999 0 1 
8 82.72999999999999 84.22999999999999
1 -82.72999999999999 0.099999999999994316 1 0 
1 0 41.550000000000011 1 0 
2 0 0 1 0 -0 1 8.75
8 39.31989999999999 41.550000600000004
1 2.425202149398114 0 0 1 
8 39.31989999999999 41.550000600000004
1 -40.949999999999989 2.15091736341755 1 0 
1 0 40.949999999999989 1 0 
2 8.75 -4.25 1 0 -0 1 8.75
8 -5.9999999280080374e-07 41.550000600000004
1 -1 109.34999999999999 1 0 
8 -5.9999999280080374e-07 41.550000600000004
1 2.4980915447965089 0 0 1 
1 0 40.949999999999989 1 0 
2 8.75 -4.25 1 0 -0 1 8.75
8 39.31989999999999 41.550000600000004
1 0.71639050419167927 0 0 1 
8 39.31989999999999 41.550000600000004
1 -40.949999999999989 15.349082636582452 1 0 
8 -35.27600000000001 -19.974999999999994
1 19.974999999999994 80.400000000000006 -1 0 
8 -35.27600000000001 -19.974999999999994
1 -19.974999999999994 -1 -1 -0 
8 31.449999999999996 48.949999999999996
1 39.949999999999989 31.450000000000003 0 1 
8 31.449999999999996 48.949999999999996
1 -31.449999999999996 1 1 0 
8 -5.9999999280080374e-07 41.550000600000004
1 -1 78.650000000000006 1 0 
8 -5.9999999280080374e-07 41.550000600000004
1 0.64350110879328437 0 0 1 
8 -35.27600000000001 -19.974999999999994
1 19.974999999999994 107.59999999999999 -1 0 
8 -35.27600000000001 -19.974999999999994
1 -19.974999999999994 -1 -1 -0 
8 40.395000000000003 41.895000000000003
1 9 40.394999999999996 0 1 
8 40.395000000000003 41.895000000000003
1 -40.395000000000003 0.099999999999994316 1 0 
8 -6.375 -2.625
1 2.625 80.789999999999992 -1 0 
8 -6.375 -2.625
1 -2.625 -0.099999999999994316 -1 -0 
8 -6.375 -2.625
1 2.625 82.289999999999992 -1 0 
8 -6.375 -2.625
1 -2.625 -0.099999999999994316 -1 -0 
8 40.395000000000003 41.895000000000003
1 5.25 40.394999999999996 0 1 
8 40.395000000000003 41.895000000000003
1 -40.395000000000003 0.099999999999994316 1 0 
8 52.854999999999997 54.354999999999997
1 9 52.855000000000004 0 1 
8 52.854999999999997 54.354999999999997
1 -52.854999999999997 0.099999999999994316 1 0 
8 -6.375 -2.625
1 2.625 105.71000000000001 -1 0 
8 -6.375 -2.625
1 -2.625 -0.099999999999994316 -1 -0 
8 -6.375 -2.625
1 2.625 107.21000000000001 -1 0 
8 -6.375 -2.625
1 -2.625 -0.099999999999994316 -1 -0 
8 52.854999999999997 54.354999999999997
1 5.25 52.855000000000004 0 1 
8 52.854999999999997 54.354999999999997
1 -52.854999999999997 0.099999999999994316 1 0 
8 40.395000000000003 41.895000000000003
1 33 40.394999999999996 0 1 
8 40.395000000000003 41.895000000000003
1 -40.395000000000003 0.099999999999994316 1 0 
8 -18.375 -14.625
1 14.625 80.789999999999992 -1 0 
8 -18.375 -14.625
1 -14.625 -0.099999999999994316 -1 -0 
8 -18.375 -14.625
1 14.625 82.289999999999992 -1 0 
8 -18.375 -14.625
1 -14.625 -0.099999999999994316 -1 -0 
8 40.395000000000003 41.895000000000003
1 29.25 40.394999999999996 0 1 
8 40.395000000000003 41.895000000000003
1 -40.395000000000003 0.099999999999994316 1 0 
8 52.854999999999997 54.354999999999997
1 33 52.855000000000004 0 1 
8 52.854999999999997 54.354999999999997
1 -52.854999999999997 0.099999999999994316 1 0 
8 -18.375 -14.625
1 14.625 105.71000000000001 -1 0 
8 -18.375 -14.625
1 -14.625 -0.099999999999994316 -1 -0 
8 -18.375 -14.625
1 14.625 107.21000000000001 -1 0 
8 -18.375 -14.625
1 -14.625 -0.099999999999994316 -1 -0 
8 52.854999999999997 54.354999999999997
1 29.25 52.855000000000004 0 1 
8 52.854999999999997 54.354999999999997
1 -52.854999999999997 0.099999999999994316 1 0 
1 0 41.550000000000011 1 0 
2 0 0 1 0 -0 1 8.75
8 39.31989999999999 41.550000600000004
1 2.425202149398114 0 0 1 
8 39.31989999999999 41.550000600000004
1 -40.949999999999989 2.1509173634175482 1 0 
1 0 40.949999999999989 1 0 
2 8.75 -4.25 1 0 -0 1 8.75
8 -5.9999999280080374e-07 41.550000600000004
1 -1 64.650000000000006 1 0 
8 -5.9999999280080374e-07 41.550000600000004
1 2.4980915447965089 0 0 1 
1 0 40.949999999999989 1 0 
2 8.75 -4.25 1 0 -0 1 8.75
8 39.31989999999999 41.550000600000004
1 0.71639050419167938 0 0 1 
8 39.31989999999999 41.550000600000004
1 -40.949999999999989 15.34908263658245 1 0 
8 -35.27600000000001 -19.974999999999994
1 19.974999999999994 20.650000000000006 -1 0 
8 -35.27600000000001 -19.974999999999994
1 -19.974999999999994 -1 -1 -0 
8 -35.27600000000001 -19.974999999999994
1 19.974999999999994 62.899999999999999 -1 0 
8 -35.27600000000001 -19.974999999999994
1 -19.974999999999994 -1 -1 -0 
8 10.519999999999996 12.019999999999996
1 9 10.52000000000001 0 1 
8 10.519999999999996 12.019999999999996
1 -10.519999999999996 0.099999999999994316 1 0 
8 -6.375 -2.625
1 2.625 21.040000000000006 -1 0 
8 -6.375 -2.625
1 -2.625 -0.099999999999994316 -1 -0 
8 -6.375 -2.625
1 2.625 22.540000000000006 -1 0 
8 -6.375 -2.625
1 -2.625 -0.099999999999994316 -1 -0 
8 10.519999999999996 12.019999999999996
1 5.25 10.52000000000001 0 1 
8 10.519999999999996 12.019999999999996
1 -10.519999999999996 0.099999999999994316 1 0 
8 30.505000000000003 32.005000000000003
1 9 30.504999999999995 0 1 
8 30.505000000000003 32.005000000000003
1 -30.505000000000003 0.099999999999994316 1 0 
8 -6.375 -2.625
1 2.625 61.009999999999998 -1 0 
8 -6.375 -2.625
1 -2.625 -0.099999999999994316 -1 -0 
8 -6.375 -2.625
1 2.625 62.509999999999998 -1 0 
8 -6.375 -2.625
1 -2.625 -0.099999999999994316 -1 -0 
8 30.505000000000003 32.005000000000003
1 5.25 30.504999999999995 0 1 
8 30.505000000000003 32.005000000000003
1 -30.505000000000003 0.099999999999994316 1 0 
8 10.519999999999996 12.019999999999996
1 33 10.52000000000001 0 1 
8 10.519999999999996 12.019999999999996
1 -10.519999999999996 0.099999999999994316 1 0 
8 -18.375 -14.625
1 14.625 21.040000000000006 -1 0 
8 -18.375 -14.625
1 -14.625 -0.099999999999994316 -1 -0 
8 -18.375 -14.625
1 14.625 22.540000000000006 -1 0 
8 -18.375 -14.625
1 -14.625 -0.099999999999994316 -1 -0 
8 10.519999999999996 12.019999999999996
1 29.25 10.52000000000001 0 1 
8 10.519999999999996 12.019999999999996
1 -10.519999999999996 0.099999999999994316 1 0 
8 30.505000000000003 32.005000000000003
1 33 30.504999999999995 0 1 
8 30.505000000000003 32.005000000000003
1 -30.505000000000003 0.099999999999994316 1 0 
8 -18.375 -14.625
1 14.625 61.009999999999998 -1 0 
8 -18.375 -14.625
1 -14.625 -0.099999999999994316 -1 -0 
8 -18.375 -14.625
1 14.625 62.509999999999998 -1 0 
8 -18.375 -14.625
1 -14.625 -0.099999999999994316 -1 -0 
8 30.505000000000003 32.005000000000003
1 29.25 30.504999999999995 0 1 
8 30.505000000000003 32.005000000000003
1 -30.505000000000003 0.099999999999994316 1 0 
8 -11.375 2.625
1 -4.375 5.7458340000000021 -1 0 
8 -11.375 2.625
1 0.60000000000002274 4.375 0 -1 
1 0 -1.4958340000000021 1 0 
1 0 17.5 1 0 
1 0 0 0 -1 
1 17.5 0 0 1 
1 0 -14.000000000000014 1 0 
1 0 0 1 0 
1 0 0 0 -1 
1 0 0 0 1 
1 0 0 0 1 
1 0 14.000000000000014 1 0 
1 0 -14.000000000000014 1 0 
1 0 113.64 1 0 
1 0 0 0 -1 
1 113.64 0 0 1 
1 0 -1.4958340000000021 1 0 
1 0 17.5 1 0 
1 0 0 0 -1 
1 17.5 0 0 1 
1 0 0 0 1 
1 0 1.4958340000000021 1 0 
8 -11.375 2.625
1 -4.375 5.7458340000000021 -1 0 
8 -11.375 2.625
1 0.60000000000002274 4.375 0 -1 
1 0 -1.4958340000000021 1 0 
1 0 0 1 0 
1 0 0 0 -1 
1 0 0 0 1 
1 0 -1.4958340000000021 1 0 
1 0 17.5 1 0 
1 0 0 0 -1 
1 17.5 0 0 1 
1 0 0 0 1 
1 0 1.4958340000000021 1 0 
8 -11.375000000000007 2.625
1 -4.375 5.7458340000000021 -1 0 
8 -11.375000000000007 2.625
1 0.60000000000002274 4.375 0 -1 
1 0 -1.4958340000000021 1 0 
1 0 0 1 0 
1 0 0 0 -1 
1 0 0 0 1 
1 0 -1.4958340000000021 1 0 
1 0 17.5 1 0 
1 0 0 0 -1 
1 17.5 0 0 1 
1 0 0 0 1 
1 0 1.4958340000000021 1 0 
8 -11.375 2.625
1 -4.375 5.7458340000000021 -1 0 
8 -11.375 2.625
1 0.60000000000002274 4.375 0 -1 
1 0 -1.4958340000000021 1 0 
1 0 0 1 0 
1 0 0 0 -1 
1 0 0 0 1 
1 3.75 0 0 -1 
1 0 0 0 1 
1 3.75 0 0 -1 
1 1.5 0 0 1 
1 0 0 0 -1 
1 0 0 0 1 
1 0 0 0 -1 
1 1.5 0 0 1 
1 3.75 0 0 -1 
1 0 0 0 1 
1 3.75 0 0 -1 
1 1.5 0 0 1 
1 0 0 0 -1 
1 0 0 0 1 
1 0 0 0 -1 
1 1.5 0 0 1 
1 3.75 0 0 -1 
1 0 0 0 1 
1 3.75 0 0 -1 
1 1.5 0 0 1 
1 0 0 0 -1 
1 0 0 0 1 
1 0 0 0 -1 
1 1.5 0 0 1 
1 3.75 0 0 -1 
1 0 0 0 1 
1 3.75 0 0 -1 
1 1.5 0 0 1 
1 0 0 0 -1 
1 0 0 0 1 
1 0 0 0 -1 
1 1.5 0 0 1 
1 3.75 0 0 -1 
1 0 0 0 1 
1 3.75 0 0 -1 
1 1.5 0 0 1 
1 0 0 0 -1 
1 0 0 0 1 
1 0 0 0 -1 
1 1.5 0 0 1 
1 3.75 0 0 -1 
1 0 0 0 1 
1 3.75 0 0 -1 
1 1.5 0 0 1 
1 0 0 0 -1 
1 0 0 0 1 
1 0 0 0 -1 
1 1.5 0 0 1 
1 3.75 0 0 -1 
1 0 0 0 1 
1 3.75 0 0 -1 
1 1.5 0 0 1 
1 0 0 0 -1 
1 0 0 0 1 
1 0 0 0 -1 
1 1.5 0 0 1 
1 3.75 0 0 -1 
1 0 0 0 1 
1 3.75 0 0 -1 
1 1.5 0 0 1 
1 0 0 0 -1 
1 0 0 0 1 
1 0 0 0 -1 
1 1.5 0 0 1 
1 3.75 0 0 -1 
1 0 0 0 1 
1 3.75 0 0 -1 
1 1.5 0 0 1 
1 0 0 0 -1 
1 0 0 0 1 
1 0 0 0 -1 
1 1.5 0 0 1 
1 3.75 0 0 -1 
1 0 0 0 1 
1 3.75 0 0 -1 
1 1.5 0 0 1 
1 0 0 0 -1 
1 0 0 0 1 
1 0 0 0 -1 
1 1.5 0 0 1 
1 3.75 0 0 -1 
1 0 0 0 1 
1 3.75 0 0 -1 
1 1.5 0 0 1 
1 0 0 0 -1 
1 0 0 0 1 
1 0 0 0 -1 
1 1.5 0 0 1 
1 3.75 0 0 -1 
1 0 0 0 1 
1 3.75 0 0 -1 
1 1.5 0 0 1 
1 0 0 0 -1 
1 0 0 0 1 
1 0 0 0 -1 
1 1.5 0 0 1 
1 3.75 0 0 -1 
1 0 0 0 1 
1 3.75 0 0 -1 
1 1.5 0 0 1 
1 0 0 0 -1 
1 0 0 0 1 
1 0 0 0 -1 
1 1.5 0 0 1 
1 3.75 0 0 -1 
1 0 0 0 1 
1 3.75 0 0 -1 
1 1.5 0 0 1 
1 0 0 0 -1 
1 1.5 0 0 1 
1 0 0 0 -1 
1 0 0 0 1 
1 50.318999999999988 0 0 1 
1 0 16 1 0 
1 44.318999999999988 -10.25 0 1 
8 3 19
1 10.25 -3 0 1 
8 3 19
1 44.318999999999988 -3 0 -1 
1 50.318999999999988 0 0 1 
1 0 0 1 0 
8 -3 0
1 0 15.799999999999997 -1 0 
8 -3 0
1 58.444999999999993 0 0 -1 
1 61.944999999999993 0 0 1 
1 0 0 1 0 
8 0.25 10.25
1 0.96215422380219473 0 0 -1 
8 0.25 10.25
1 0.96215422380219462 0 0 -1 
8 -20.788585813493903 -11.546700183385726
1 31.02924999999999 14.699749999999995 -0.70710678118654757 0.70710678118654757 
8 -20.788585813493903 -11.546700183385726
1 -11.546700183385726 -0.25 -1 0 
1 0 14.5 1 0 
8 -47.318999999999988 -3
1 3 13.25 -1 0 
8 -47.318999999999988 -3
1 -3 -6 -1 -0 
8 5.125 8.125
1 6 5.125 0 1 
8 5.125 8.125
1 -5.125 6 1 0 
8 -47.318999999999988 -3
1 3 10.25 -1 0 
8 -47.318999999999988 -3
1 -3 -6 -1 -0 
8 13.363720110340939 16.64872011034095
1 28.782268664296652 -5.2374228880989051 0.70710678118654979 0.70710678118654546 
8 13.363720110340939 16.64872011034095
1 16.64872011034095 -0.25 -1 0 
8 -13.670277295286885 -10.385277295286874
1 30.888345776197724 16.201345776197812 -0.70710678118654979 0.70710678118654546 
8 -13.670277295286885 -10.385277295286874
1 -10.385277295286874 -0.25 -1 0 
2 35.908999999999992 6.5349999999999966 1 0 -0 1 3.2850000000000001
8 -7.0349999999999966 -0.5
1 32.623999999999995 -0.5 0 -1 
8 -7.0349999999999966 -0.5
1 0.5 -0.25 -1 -0 
1 0 0 1 0 
1 0 0 0 1 
1 50.318999999999988 0 0 -1 
1 13.25 0 0 1 
1 50.318999999999988 0 0 1 
1 0 0 1 0 
1 0 0 1 0 
1 0 13.25 1 0 
1 0 0 0 -1 
1 13.25 0 0 1 
1 0 0 0 1 
1 0 0 1 0 
1 0 -22 1 0 
1 0 3 1 0 
1 0 3 1 0 
1 44.318999999999988 -10.25 0 1 
1 0 14.5 1 0 
1 -6 4.25 1 0 
1 -6 4.25 0 -1 
1 14.5 16 -1 0 
1 0 -22 1 0 
1 0 0 1 0 
1 0 0 1 0 
1 47.818999999999988 0 0 1 
1 0 22 1 0 
1 47.818999999999988 0 0 1 
1 0 0 0 -1 
1 16.5 0 0 1 
2 14.5 14 0 -1 1 0 2
1 0 0 0 -1 
1 0 0 0 1 
1 0 0 0 -1 
1 0 0 0 -1 
2 14.5 2 0 -1 -1 -0 2
8 0.125 10.125
1 32.623999999999995 0.125 0 -1 
8 0.125 10.125
1 1 -0.125 0 -1 
1 7.5349999999999966 0 0 -1 
1 0 0 0 -1 
2 0 0 1 0 -0 1 3.2850000000000001
1 3.2850000000000112 0 0 -1 
1 0 0 0 -1 
1 0 0 0 -1 
1 4.6456915523956184 0 0 -1 
1 -1.6425000000000125 0 0.70710678118654968 -0.70710678118654535 
1 0 -11.349999999999994 1 0 
1 3.2850000000000112 0 0 -1 
1 0 0 0 -1 
1 47.818999999999988 0 0 -1 
1 0 0 0 1 
1 0 0 0 -1 
1 0 0 0 1 
1 0 0 1 0 
1 0 0 1 0 
1 0 -2 1 0 
2 14.5 2 0 -1 -1 -0 2
2 14.5 14 0 -1 1 0 2
1 50.318999999999988 0 0 -1 
1 16.5 0 0 1 
8 3 19
1 13.25 -3 0 1 
8 3 19
1 44.318999999999988 -3 0 -1 
1 47.818999999999988 0 0 -1 
1 3 0 0 1 
1 0 0 0 -1 
1 3 0 0 1 
1 0 0 1 0 
1 0 3 1 0 
1 0 0 0 1 
1 0 0 1 0 
1 0.68034577619781089 2.3228457761978092 -0.70710678118654968 -0.70710678118654535 
1 0 -11.349999999999994 1 0 
1 0 -14 1 0 
1 47.818999999999988 0 0 1 
1 0 0 1 0 
Curves 457
8 0 6.5349999999999966
1 -97.534999999999997 108.29000000000001 207.92400000000001 1 0 0 
1 -91 108.29000000000001 171.23700000000002 0 0 -1 
1 -92.5 108.29000000000001 175.30000000000001 -1 0 -0 
1 -94 108.29000000000001 167.17400000000001 0 0 1 
1 -94 108.29000000000001 167.17400000000001 1 0 -0 
1 -89.099999999999994 108.29000000000001 166.17400000000001 0 0 1 
1 -92.424999999999997 108.29000000000001 207.124 1 0 -0 
1 -90.849999999999994 108.29000000000001 187.149 -0 0 -1 
1 -94 108.29000000000001 222.42500000000001 1 0 -0 
8 0 8.2797314063059773
1 -91 108.29000000000001 221.029 -0.70710678118654746 0 -0.70710678118654746 
1 -95.915106293928659 108.28999999999999 214.23479784632428 -0.70710678118654546 -0 0.70710678118654979 
2 -97.534999999999997 108.28999999999999 211.209 0 -1 0 -0 -0 1 -1 -0 -0 3.2850000000000001
1 -92.375 108.29000000000001 176.17400000000001 1 0 -0 
1 -90.75 108.29000000000001 169.79900000000001 -0 0 -1 
1 -89.25 108.29000000000001 169.79900000000001 -0 0 -1 
1 -92.375 108.29000000000001 172.42400000000001 1 0 -0 
1 -92.375 108.29000000000001 200.17400000000001 1 0 -0 
1 -90.75 108.29000000000001 181.79900000000001 -0 0 -1 
1 -89.25 108.29000000000001 181.79900000000001 -0 0 -1 
1 -92.375 108.29000000000001 196.42400000000001 1 0 -0 
1 -91 98.165000000000006 207.92400000000001 -0 1 -0 
1 -97.534999999999997 98.040000000000006 207.92400000000001 -0 1 -0 
1 -90.5 98.290000000000006 207.92400000000001 1 0 -0 
1 -91 98.290000000000006 175.30000000000001 -0 1 -0 
8 0 50.318999999999988
1 -91 98.290000000000006 225.619 -0 -0 -1 
1 -107.5 98.290000000000006 175.30000000000001 -0 1 -0 
8 1.5707963267948966 3.1415926535897931
2 -105.5 112.29000000000001 175.30000000000001 0 0 -1 -0 -1 -0 -1 -0 -0 2
8 0 14.5
1 -105.5 114.29000000000001 175.30000000000001 1 -0 -0 
8 0 6
1 -94 114.29000000000001 175.30000000000001 0 -1 0 
8 0 14.5
1 -91 98.290000000000006 175.30000000000001 -1 -0 -0 
8 4.7123889803846897 6.2831853071795862
2 -105.5 100.29000000000001 175.30000000000001 0 -0 1 -0 -1 -0 1 -0 -0 2
8 0 25.000000000000014
1 -94 133.29000000000002 167.17400000000001 0 -1 0 
1 -94 133.29000000000002 167.17400000000001 -0 -0 1 
1 -94 122.19000000000001 175.30000000000001 -0 -1 -0 
1 -94 130.29000000000002 171.23700000000002 -0 -0 1 
1 -94 122.19000000000001 225.619 -0 -1 -0 
1 -94 133.29000000000002 167.17400000000001 -0 -0 1 
1 -94 114.09 229.119 -0 1 -0 
1 -94 114.09 167.17400000000001 -0 -0 1 
1 -94 106.19 225.619 -0 1 -0 
8 0 50.318999999999988
1 -94 114.29000000000001 175.30000000000001 0 0 1 
1 -91 133.29000000000002 167.17400000000001 -1 -0 -0 
1 -91 114.09 167.17400000000001 -0 1 -0 
1 -94 114.29000000000001 167.17400000000001 1 0 -0 
1 91 114.09 167.17400000000001 -0 1 0 
1 91 133.29000000000002 167.17400000000001 1 0 -0 
8 0 25.000000000000014
1 94 133.29000000000002 167.17400000000001 0 -1 0 
2 82.099999999999994 103.04000000000001 167.17400000000001 0 0 1 1 0 -0 -0 1 0 8.75
2 22.350000000000001 103.04000000000001 167.17400000000001 0 0 1 1 0 -0 -0 1 0 8.75
2 -22.350000000000001 103.04000000000001 167.17400000000001 0 0 1 1 0 -0 -0 1 0 8.75
2 -82.099999999999994 103.04000000000001 167.17400000000001 0 0 1 1 0 -0 -0 1 0 8.75
2 -82.099999999999994 103.04000000000001 207.72400000000002 0 0 1 1 0 -0 -0 1 0 8.75
1 -88.699082636582446 108.78583400000001 166.17400000000001 0 0 1 
2 -82.099999999999994 103.04000000000001 207.124 0 0 1 1 0 -0 -0 1 0 8.75
1 -75.099999999999994 108.29000000000001 166.17400000000001 0 0 1 
2 -82.099999999999994 103.04000000000001 207.124 0 0 1 1 0 -0 -0 1 0 8.75
1 -75.500917363417543 108.78583400000001 166.17400000000001 0 0 1 
1 -90.849999999999994 107.29000000000001 207.124 -0 1 0 
1 -90.849999999999994 108.78583400000001 207.124 1 0 -0 
1 -90.849999999999994 107.79000000000001 222.42500000000001 -0 1 0 
1 -90.849999999999994 108.78583400000001 207.124 0 0 1 
1 -94 114.29000000000001 222.42500000000001 1 0 -0 
1 -56.82 114.29000000000001 222.42500000000001 -0 1 0 
1 -56.82 128.29000000000002 222.42500000000001 1 0 -0 
1 56.82 114.29000000000001 222.42500000000001 -0 1 0 
1 91 103.29000000000001 222.42500000000001 -0 1 0 
1 90.849999999999994 107.79000000000001 222.42500000000001 -0 1 0 
1 -10.325000000000003 108.78583400000001 222.42500000000001 -1 -0 0 
1 73.349999999999994 107.79000000000001 222.42500000000001 -0 1 0 
1 31.099999999999998 107.79000000000001 222.42500000000001 -0 1 0 
1 -40.200000000000003 108.78583400000001 222.42500000000001 -1 -0 0 
1 13.599999999999998 107.79000000000001 222.42500000000001 -0 1 0 
1 -13.599999999999998 107.79000000000001 222.42500000000001 -0 1 0 
1 -62.549999999999997 108.78583400000001 222.42500000000001 -1 -0 0 
1 -31.100000000000001 107.79000000000001 222.42500000000001 -0 1 0 
1 -73.349999999999994 107.79000000000001 222.42500000000001 -0 1 0 
1 -92.424999999999997 108.78583400000001 222.42500000000001 -1 -0 0 
1 -91 103.29000000000001 222.42500000000001 0 1 0 
1 -91 98.290000000000006 225.619 -0 1 -0 
1 -91 114.09 167.17400000000001 -0 -0 1 
1 -91 114.09 229.119 -0 1 -0 
8 0 61.944999999999993
1 -91 133.29000000000002 229.119 -0 -0 -1 
1 -91 114.29000000000001 171.23700000000002 0 0 -1 
1 -91 98.165000000000006 221.029 -0 -1 -0 
8 0 50.318999999999988
1 -91 98.290000000000006 225.619 -0 -0 -1 
1 -96.854654223802186 98.040000000000006 215.17434577619781 -0 1 -0 
1 -105.69974999999999 98.290000000000006 206.32925 -0.70710678118654757 -0 -0.70710678118654757 
1 -95.212154223802187 98.040000000000006 213.5318457761978 -0 1 -0 
1 -97.534999999999997 109.39 215.85469155239562 0.70710678118654535 0 -0.70710678118654968 
1 -97.534999999999997 98.040000000000006 215.85469155239562 -0 1 -0 
1 -85.762577111901095 98.290000000000006 204.08226866429666 -0.70710678118654546 -0 0.70710678118654979 
2 -97.534999999999997 109.39 211.209 0 -1 0 -0 -0 1 -1 -0 -0 3.2850000000000001
2 -97.534999999999997 98.290000000000006 211.209 0 -1 0 -0 -0 1 -1 -0 -0 3.2850000000000001
1 -99.857845776197806 98.040000000000006 213.5318457761978 -0 1 -0 
1 -90.75 108.19000000000001 176.17400000000001 -0 1 0 
1 -92.375 114.29000000000001 176.17400000000001 1 0 -0 
1 -89.25 108.19000000000001 176.17400000000001 -0 1 0 
1 -90.75 114.29000000000001 169.79900000000001 -0 0 -1 
1 -90.75 108.19000000000001 172.42400000000001 -0 1 0 
1 -89.25 114.29000000000001 169.79900000000001 -0 0 -1 
1 -89.25 108.19000000000001 172.42400000000001 -0 1 0 
1 -92.375 114.29000000000001 172.42400000000001 1 0 -0 
1 -90.75 108.19000000000001 200.17400000000001 -0 1 0 
1 -92.375 114.29000000000001 200.17400000000001 1 0 -0 
1 -89.25 108.19000000000001 200.17400000000001 -0 1 0 
1 -90.75 114.29000000000001 181.79900000000001 -0 0 -1 
1 -90.75 108.19000000000001 196.42400000000001 -0 1 0 
1 -89.25 114.29000000000001 181.79900000000001 -0 0 -1 
1 -89.25 108.19000000000001 196.42400000000001 -0 1 0 
1 -92.375 114.29000000000001 196.42400000000001 1 0 -0 
1 -105.5 98.290000000000006 175.30000000000001 -0 -0 1 
1 -91 98.290000000000006 225.619 -1 -0 -0 
1 -104.25 98.290000000000006 178.30000000000001 -0 0 -1 
1 -96.125 98.290000000000006 181.30000000000001 -1 -0 -0 
1 -101.25 98.290000000000006 178.30000000000001 -0 0 -1 
1 -91 98.290000000000006 225.619 -1 -0 -0 
1 -107.20134577619781 98.290000000000006 206.18834577619774 -0.70710678118654546 -0 -0.70710678118654979 
1 -107.5 98.290000000000006 225.619 -0 1 -0 
1 -107.5 100.29000000000001 175.30000000000001 -0 -0 1 
1 -107.5 112.29000000000001 175.30000000000001 -0 -0 1 
1 -105.5 114.29000000000001 175.30000000000001 -0 -0 1 
8 1.5707963267948966 3.1415926535897931
2 -105.5 112.29000000000001 225.619 0 0 -1 -0 -1 -0 -1 -0 -0 2
1 -104.25 114.29000000000001 181.30000000000001 -0 -0 1 
1 -91 114.29000000000001 225.619 -1 -0 -0 
1 -91 114.29000000000001 225.619 -1 -0 -0 
1 -101.25 114.29000000000001 181.30000000000001 -0 -0 1 
1 -101.25 114.29000000000001 229.119 -1 -0 -0 
8 4.7123889803846897 6.2831853071795862
2 -105.5 100.29000000000001 225.619 0 -0 1 -0 -1 -0 1 -0 -0 2
1 -91 133.29000000000002 225.619 -1 -0 -0 
1 -104.25 133.29000000000002 175.30000000000001 -0 -0 1 
1 -91 133.29000000000002 175.30000000000001 -1 -0 -0 
1 -91 133.29000000000002 229.119 -1 -0 -0 
1 -104.25 130.29000000000002 175.30000000000001 -0 1 -0 
1 -91 130.29000000000002 175.30000000000001 -1 -0 -0 
1 -104.25 130.29000000000002 175.30000000000001 -0 -0 1 
1 -91 130.29000000000002 225.619 -1 -0 -0 
1 -104.25 130.29000000000002 225.619 -0 1 -0 
1 -91 114.09 229.119 -1 -0 -0 
1 -91 114.09 225.619 1 -0 0 
1 -101.25 95.290000000000006 225.619 -0 1 -0 
1 56.82 114.29000000000001 209.07499999999999 0 0 1 
1 -56.82 114.29000000000001 209.07499999999999 1 0 -0 
1 91 114.29000000000001 171.23700000000002 -0 0 -1 
1 -56.82 114.29000000000001 209.07499999999999 0 0 1 
1 -83.47999999999999 114.29000000000001 176.17400000000001 1 0 -0 
1 -72.959999999999994 114.29000000000001 169.79900000000001 -0 0 -1 
1 -71.459999999999994 114.29000000000001 169.79900000000001 -0 0 -1 
1 -83.47999999999999 114.29000000000001 172.42400000000001 1 0 -0 
1 -63.495000000000005 114.29000000000001 176.17400000000001 1 0 -0 
1 -32.990000000000002 114.29000000000001 169.79900000000001 -0 0 -1 
1 -31.490000000000002 114.29000000000001 169.79900000000001 -0 0 -1 
1 -63.495000000000005 114.29000000000001 172.42400000000001 1 0 -0 
1 -53.605000000000004 114.29000000000001 176.17400000000001 1 0 -0 
1 -13.210000000000004 114.29000000000001 169.79900000000001 -0 0 -1 
1 -11.710000000000004 114.29000000000001 169.79900000000001 -0 0 -1 
1 -53.605000000000004 114.29000000000001 172.42400000000001 1 0 -0 
1 -83.47999999999999 114.29000000000001 200.17400000000001 1 0 -0 
1 -72.959999999999994 114.29000000000001 181.79900000000001 -0 0 -1 
1 -71.459999999999994 114.29000000000001 181.79900000000001 -0 0 -1 
1 -83.47999999999999 114.29000000000001 196.42400000000001 1 0 -0 
1 -63.495000000000005 114.29000000000001 200.17400000000001 1 0 -0 
1 -32.990000000000002 114.29000000000001 181.79900000000001 -0 0 -1 
1 -31.490000000000002 114.29000000000001 181.79900000000001 -0 0 -1 
1 -63.495000000000005 114.29000000000001 196.42400000000001 1 0 -0 
1 -53.605000000000004 114.29000000000001 200.17400000000001 1 0 -0 
1 -13.210000000000004 114.29000000000001 181.79900000000001 -0 0 -1 
1 -11.710000000000004 114.29000000000001 181.79900000000001 -0 0 -1 
1 -53.605000000000004 114.29000000000001 196.42400000000001 1 0 -0 
1 -41.144999999999996 114.29000000000001 176.17400000000001 1 0 -0 
1 11.710000000000004 114.29000000000001 169.79900000000001 -0 0 -1 
1 13.210000000000004 114.29000000000001 169.79900000000001 -0 0 -1 
1 -41.144999999999996 114.29000000000001 172.42400000000001 1 0 -0 
1 -31.254999999999999 114.29000000000001 176.17400000000001 1 0 -0 
1 31.490000000000006 114.29000000000001 169.79900000000001 -0 0 -1 
1 32.990000000000009 114.29000000000001 169.79900000000001 -0 0 -1 
1 -31.254999999999999 114.29000000000001 172.42400000000001 1 0 -0 
1 -11.270000000000003 114.29000000000001 176.17400000000001 1 0 -0 
1 71.45999999999998 114.29000000000001 169.79900000000001 -0 0 -1 
1 72.95999999999998 114.29000000000001 169.79900000000001 -0 0 -1 
1 -11.270000000000003 114.29000000000001 172.42400000000001 1 0 -0 
1 -2.375 114.29000000000001 176.17400000000001 1 0 -0 
1 89.25 114.29000000000001 169.79900000000001 -0 0 -1 
1 90.75 114.29000000000001 169.79900000000001 -0 0 -1 
1 -2.375 114.29000000000001 172.42400000000001 1 0 -0 
1 -41.144999999999996 114.29000000000001 200.17400000000001 1 0 -0 
1 11.710000000000004 114.29000000000001 181.79900000000001 -0 0 -1 
1 13.210000000000004 114.29000000000001 181.79900000000001 -0 0 -1 
1 -41.144999999999996 114.29000000000001 196.42400000000001 1 0 -0 
1 -31.254999999999999 114.29000000000001 200.17400000000001 1 0 -0 
1 31.490000000000006 114.29000000000001 181.79900000000001 -0 0 -1 
1 32.990000000000009 114.29000000000001 181.79900000000001 -0 0 -1 
1 -31.254999999999999 114.29000000000001 196.42400000000001 1 0 -0 
1 -11.270000000000003 114.29000000000001 200.17400000000001 1 0 -0 
1 71.45999999999998 114.29000000000001 181.79900000000001 -0 0 -1 
1 72.95999999999998 114.29000000000001 181.79900000000001 -0 0 -1 
1 -11.270000000000003 114.29000000000001 196.42400000000001 1 0 -0 
1 -2.375 114.29000000000001 200.17400000000001 1 0 -0 
1 90.75 114.29000000000001 181.79900000000001 -0 0 -1 
1 -2.375 114.29000000000001 196.42400000000001 1 0 -0 
1 89.25 114.29000000000001 181.79900000000001 -0 0 -1 
1 91 98.290000000000006 225.619 -0 1 0 
1 91 114.09 167.17400000000001 0 0 1 
1 91 114.09 229.119 -0 1 0 
8 0 61.944999999999993
1 91 133.29000000000002 229.119 0 0 -1 
1 91 108.29000000000001 171.23700000000002 -0 0 -1 
1 91 98.165000000000006 221.029 0 -1 0 
8 0 50.318999999999988
1 91 98.290000000000006 225.619 0 0 -1 
1 94 133.29000000000002 167.17400000000001 0 0 1 
1 91 133.29000000000002 225.619 1 0 -0 
1 104.25 133.29000000000002 175.30000000000001 0 0 1 
1 91 133.29000000000002 175.30000000000001 1 0 -0 
1 91 133.29000000000002 229.119 1 0 -0 
1 94 108.29000000000001 167.17400000000001 0 0 1 
1 94 122.19000000000001 175.30000000000001 0 -1 0 
1 94 130.29000000000002 171.23700000000002 0 0 1 
1 94 122.19000000000001 225.619 0 -1 0 
1 94 114.09 229.119 -0 1 0 
1 94 114.09 167.17400000000001 0 0 1 
1 94 106.19 225.619 -0 1 0 
8 0 50.318999999999988
1 94 114.29000000000001 225.619 0 0 -1 
8 0 6
1 94 114.29000000000001 175.30000000000001 0 -1 0 
1 90.849999999999994 108.29000000000001 187.149 -0 0 -1 
1 -10.325000000000003 108.29000000000001 207.124 1 0 -0 
1 89.099999999999994 108.29000000000001 166.17400000000001 0 0 1 
1 -1.5 108.29000000000001 175.30000000000001 1 0 -0 
8 0 6.5349999999999966
1 91 108.29000000000001 207.92400000000001 1 0 0 
2 97.534999999999997 108.28999999999999 211.209 0 1 0 0 -0 1 1 0 -0 3.2850000000000001
1 95.915106293928659 108.28999999999999 214.23479784632428 0.70710678118654546 -0 0.70710678118654979 
8 0 8.2797314063059773
1 96.854654223802186 108.29000000000001 215.17434577619781 -0.70710678118654746 0 0.70710678118654746 
1 -2.375 108.29000000000001 176.17400000000001 1 0 -0 
1 89.25 108.29000000000001 169.79900000000001 -0 0 -1 
1 90.75 108.29000000000001 169.79900000000001 -0 0 -1 
1 -2.375 108.29000000000001 172.42400000000001 1 0 -0 
1 -2.375 108.29000000000001 200.17400000000001 1 0 -0 
1 89.25 108.29000000000001 181.79900000000001 -0 0 -1 
1 90.75 108.29000000000001 181.79900000000001 -0 0 -1 
1 -2.375 108.29000000000001 196.42400000000001 1 0 -0 
2 82.099999999999994 103.04000000000001 207.72400000000002 0 0 1 1 0 -0 -0 1 0 8.75
1 75.500917363417543 108.78583400000001 166.17400000000001 0 0 1 
2 82.099999999999994 103.04000000000001 207.124 0 0 1 1 0 -0 -0 1 0 8.75
1 75.099999999999994 108.29000000000001 166.17400000000001 0 0 1 
2 82.099999999999994 103.04000000000001 207.124 0 0 1 1 0 -0 -0 1 0 8.75
1 88.699082636582446 108.78583400000001 166.17400000000001 0 0 1 
1 31.099999999999998 108.29000000000001 187.149 -0 0 -1 
1 -40.200000000000003 108.29000000000001 207.124 1 0 -0 
1 29.350000000000001 108.29000000000001 166.17400000000001 0 0 1 
1 73.349999999999994 108.29000000000001 187.149 -0 0 -1 
1 -31.254999999999999 108.29000000000001 176.17400000000001 1 0 -0 
1 31.490000000000006 108.29000000000001 169.79900000000001 -0 0 -1 
1 32.990000000000009 108.29000000000001 169.79900000000001 -0 0 -1 
1 -31.254999999999999 108.29000000000001 172.42400000000001 1 0 -0 
1 -31.254999999999999 108.29000000000001 200.17400000000001 1 0 -0 
1 31.490000000000006 108.29000000000001 181.79900000000001 -0 0 -1 
1 32.990000000000009 108.29000000000001 181.79900000000001 -0 0 -1 
1 -31.254999999999999 108.29000000000001 196.42400000000001 1 0 -0 
1 -11.270000000000003 108.29000000000001 176.17400000000001 1 0 -0 
1 71.45999999999998 108.29000000000001 169.79900000000001 -0 0 -1 
1 72.95999999999998 108.29000000000001 169.79900000000001 -0 0 -1 
1 -11.270000000000003 108.29000000000001 172.42400000000001 1 0 -0 
1 -11.270000000000003 108.29000000000001 200.17400000000001 1 0 -0 
1 71.45999999999998 108.29000000000001 181.79900000000001 -0 0 -1 
1 72.95999999999998 108.29000000000001 181.79900000000001 -0 0 -1 
1 -11.270000000000003 108.29000000000001 196.42400000000001 1 0 -0 
2 22.350000000000001 103.04000000000001 207.72400000000002 0 0 1 1 0 -0 -0 1 0 8.75
1 15.750917363417551 108.78583400000001 166.17400000000001 0 0 1 
2 22.350000000000001 103.04000000000001 207.124 0 0 1 1 0 -0 -0 1 0 8.75
1 15.350000000000001 108.29000000000001 166.17400000000001 0 0 1 
2 22.350000000000001 103.04000000000001 207.124 0 0 1 1 0 -0 -0 1 0 8.75
1 28.949082636582453 108.78583400000001 166.17400000000001 0 0 1 
1 -13.599999999999998 108.29000000000001 187.149 -0 0 -1 
1 -62.549999999999997 108.29000000000001 207.124 1 0 -0 
1 -15.350000000000001 108.29000000000001 166.17400000000001 0 0 1 
1 13.599999999999998 108.29000000000001 187.149 -0 0 -1 
1 -53.605000000000004 108.29000000000001 176.17400000000001 1 0 -0 
1 -13.210000000000004 108.29000000000001 169.79900000000001 -0 0 -1 
1 -11.710000000000004 108.29000000000001 169.79900000000001 -0 0 -1 
1 -53.605000000000004 108.29000000000001 172.42400000000001 1 0 -0 
1 -41.144999999999996 108.29000000000001 176.17400000000001 1 0 -0 
1 11.710000000000004 108.29000000000001 169.79900000000001 -0 0 -1 
1 13.210000000000004 108.29000000000001 169.79900000000001 -0 0 -1 
1 -41.144999999999996 108.29000000000001 172.42400000000001 1 0 -0 
1 -53.605000000000004 108.29000000000001 200.17400000000001 1 0 -0 
1 -13.210000000000004 108.29000000000001 181.79900000000001 -0 0 -1 
1 -11.710000000000004 108.29000000000001 181.79900000000001 -0 0 -1 
1 -53.605000000000004 108.29000000000001 196.42400000000001 1 0 -0 
1 -41.144999999999996 108.29000000000001 200.17400000000001 1 0 -0 
1 11.710000000000004 108.29000000000001 181.79900000000001 -0 0 -1 
1 13.210000000000004 108.29000000000001 181.79900000000001 -0 0 -1 
1 -41.144999999999996 108.29000000000001 196.42400000000001 1 0 -0 
2 -22.350000000000001 103.04000000000001 207.72400000000002 0 0 1 1 0 -0 -0 1 0 8.75
1 -28.949082636582453 108.78583400000001 166.17400000000001 0 0 1 
2 -22.350000000000001 103.04000000000001 207.124 0 0 1 1 0 -0 -0 1 0 8.75
1 -29.350000000000001 108.29000000000001 166.17400000000001 0 0 1 
2 -22.350000000000001 103.04000000000001 207.124 0 0 1 1 0 -0 -0 1 0 8.75
1 -15.750917363417551 108.78583400000001 166.17400000000001 0 0 1 
1 -73.349999999999994 108.29000000000001 187.149 -0 0 -1 
1 -31.100000000000001 108.29000000000001 187.149 -0 0 -1 
1 -83.47999999999999 108.29000000000001 176.17400000000001 1 0 -0 
1 -72.959999999999994 108.29000000000001 169.79900000000001 -0 0 -1 
1 -71.459999999999994 108.29000000000001 169.79900000000001 -0 0 -1 
1 -83.47999999999999 108.29000000000001 172.42400000000001 1 0 -0 
1 -63.495000000000005 108.29000000000001 176.17400000000001 1 0 -0 
1 -32.990000000000002 108.29000000000001 169.79900000000001 -0 0 -1 
1 -31.490000000000002 108.29000000000001 169.79900000000001 -0 0 -1 
1 -63.495000000000005 108.29000000000001 172.42400000000001 1 0 -0 
1 -83.47999999999999 108.29000000000001 200.17400000000001 1 0 -0 
1 -72.959999999999994 108.29000000000001 181.79900000000001 -0 0 -1 
1 -71.459999999999994 108.29000000000001 181.79900000000001 -0 0 -1 
1 -83.47999999999999 108.29000000000001 196.42400000000001 1 0 -0 
1 -63.495000000000005 108.29000000000001 200.17400000000001 1 0 -0 
1 -32.990000000000002 108.29000000000001 181.79900000000001 -0 0 -1 
1 -31.490000000000002 108.29000000000001 181.79900000000001 -0 0 -1 
1 -63.495000000000005 108.29000000000001 196.42400000000001 1 0 -0 
1 -86.474999999999994 108.78583400000001 207.72400000000002 -1 -0 0 
1 -73.349999999999994 108.78583400000001 207.124 0 0 1 
1 -73.349999999999994 107.29000000000001 207.124 -0 1 0 
1 -56.82 128.29000000000002 209.07499999999999 0 0 1 
1 -56.82 114.29000000000001 209.07499999999999 -0 1 0 
1 -56.82 128.29000000000002 209.07499999999999 1 0 -0 
1 56.82 128.29000000000002 209.07499999999999 0 0 1 
1 56.82 114.29000000000001 209.07499999999999 -0 1 0 
1 90.849999999999994 108.78583400000001 207.124 0 0 1 
1 90.849999999999994 107.29000000000001 207.124 -0 1 0 
1 73.349999999999994 108.78583400000001 207.124 1 0 -0 
1 77.724999999999994 108.78583400000001 207.72400000000002 -1 -0 0 
1 73.349999999999994 108.78583400000001 207.124 0 0 1 
1 73.349999999999994 107.29000000000001 207.124 -0 1 0 
1 31.100000000000001 108.78583400000001 207.124 0 0 1 
1 31.100000000000001 107.29000000000001 207.124 -0 1 0 
1 13.600000000000001 108.78583400000001 207.124 1 0 -0 
1 17.975000000000001 108.78583400000001 207.72400000000002 -1 -0 0 
1 13.600000000000001 108.78583400000001 207.124 0 0 1 
1 13.600000000000001 107.29000000000001 207.124 -0 1 0 
1 -13.600000000000001 108.78583400000001 207.124 0 0 1 
1 -13.600000000000001 107.29000000000001 207.124 -0 1 0 
1 -31.100000000000001 108.78583400000001 207.124 1 0 -0 
1 -26.725000000000001 108.78583400000001 207.72400000000002 -1 -0 0 
1 -31.100000000000001 108.78583400000001 207.124 0 0 1 
1 -31.100000000000001 107.29000000000001 207.124 -0 1 0 
1 -99.857845776197806 109.39 213.5318457761978 0.70710678118654535 -0 0.70710678118654968 
1 -104.25 95.290000000000006 225.619 -0 1 -0 
1 -104.25 92.290000000000006 229.119 -0 1 -0 
1 -104.25 92.290000000000006 181.30000000000001 -0 1 -0 
1 -104.25 92.290000000000006 181.30000000000001 -0 -0 1 
1 -101.25 92.290000000000006 181.30000000000001 -0 1 -0 
1 -101.25 92.290000000000006 181.30000000000001 -1 -0 -0 
1 -101.25 92.290000000000006 229.119 -0 1 -0 
1 -101.25 92.290000000000006 181.30000000000001 -0 -0 1 
1 -101.25 92.290000000000006 229.119 -1 -0 -0 
1 -72.959999999999994 108.19000000000001 176.17400000000001 -0 1 0 
1 -71.459999999999994 108.19000000000001 176.17400000000001 -0 1 0 
1 -72.959999999999994 108.19000000000001 172.42400000000001 -0 1 0 
1 -71.459999999999994 108.19000000000001 172.42400000000001 -0 1 0 
1 -32.990000000000002 108.19000000000001 176.17400000000001 -0 1 0 
1 -31.490000000000002 108.19000000000001 176.17400000000001 -0 1 0 
1 -32.990000000000002 108.19000000000001 172.42400000000001 -0 1 0 
1 -31.490000000000002 108.19000000000001 172.42400000000001 -0 1 0 
1 -13.210000000000001 108.19000000000001 176.17400000000001 -0 1 0 
1 -11.710000000000001 108.19000000000001 176.17400000000001 -0 1 0 
1 -13.210000000000001 108.19000000000001 172.42400000000001 -0 1 0 
1 -11.710000000000001 108.19000000000001 172.42400000000001 -0 1 0 
1 -72.959999999999994 108.19000000000001 200.17400000000001 -0 1 0 
1 -71.459999999999994 108.19000000000001 200.17400000000001 -0 1 0 
1 -72.959999999999994 108.19000000000001 196.42400000000001 -0 1 0 
1 -71.459999999999994 108.19000000000001 196.42400000000001 -0 1 0 
1 -32.990000000000002 108.19000000000001 200.17400000000001 -0 1 0 
1 -31.490000000000002 108.19000000000001 200.17400000000001 -0 1 0 
1 -32.990000000000002 108.19000000000001 196.42400000000001 -0 1 0 
1 -31.490000000000002 108.19000000000001 196.42400000000001 -0 1 0 
1 -13.210000000000001 108.19000000000001 200.17400000000001 -0 1 0 
1 -11.710000000000001 108.19000000000001 200.17400000000001 -0 1 0 
1 -13.210000000000001 108.19000000000001 196.42400000000001 -0 1 0 
1 -11.710000000000001 108.19000000000001 196.42400000000001 -0 1 0 
1 11.710000000000001 108.19000000000001 176.17400000000001 -0 1 0 
1 13.210000000000001 108.19000000000001 176.17400000000001 -0 1 0 
1 11.710000000000001 108.19000000000001 172.42400000000001 -0 1 0 
1 13.210000000000001 108.19000000000001 172.42400000000001 -0 1 0 
1 31.490000000000002 108.19000000000001 176.17400000000001 -0 1 0 
1 32.990000000000002 108.19000000000001 176.17400000000001 -0 1 0 
1 31.490000000000002 108.19000000000001 172.42400000000001 -0 1 0 
1 32.990000000000002 108.19000000000001 172.42400000000001 -0 1 0 
1 71.459999999999994 108.19000000000001 176.17400000000001 -0 1 0 
1 72.959999999999994 108.19000000000001 176.17400000000001 -0 1 0 
1 71.459999999999994 108.19000000000001 172.42400000000001 -0 1 0 
1 72.959999999999994 108.19000000000001 172.42400000000001 -0 1 0 
1 89.25 108.19000000000001 176.17400000000001 -0 1 0 
1 90.75 108.19000000000001 176.17400000000001 -0 1 0 
1 89.25 108.19000000000001 172.42400000000001 -0 1 0 
1 90.75 108.19000000000001 172.42400000000001 -0 1 0 
1 11.710000000000001 108.19000000000001 200.17400000000001 -0 1 0 
1 13.210000000000001 108.19000000000001 200.17400000000001 -0 1 0 
1 11.710000000000001 108.19000000000001 196.42400000000001 -0 1 0 
1 13.210000000000001 108.19000000000001 196.42400000000001 -0 1 0 
1 31.490000000000002 108.19000000000001 200.17400000000001 -0 1 0 
1 32.990000000000002 108.19000000000001 200.17400000000001 -0 1 0 
1 31.490000000000002 108.19000000000001 196.42400000000001 -0 1 0 
1 32.990000000000002 108.19000000000001 196.42400000000001 -0 1 0 
1 71.459999999999994 108.19000000000001 200.17400000000001 -0 1 0 
1 72.959999999999994 108.19000000000001 200.17400000000001 -0 1 0 
1 71.459999999999994 108.19000000000001 196.42400000000001 -0 1 0 
1 72.959999999999994 108.19000000000001 196.42400000000001 -0 1 0 
1 89.25 108.19000000000001 200.17400000000001 -0 1 0 
1 90.75 108.19000000000001 200.17400000000001 -0 1 0 
1 90.75 108.19000000000001 196.42400000000001 -0 1 0 
1 89.25 108.19000000000001 196.42400000000001 -0 1 0 
1 91 114.29000000000001 225.619 1 0 -0 
1 101.25 95.290000000000006 225.619 -0 1 0 
1 91 98.290000000000006 225.619 1 0 -0 
1 91 114.09 225.619 -1 -0 0 
1 91 114.09 229.119 1 0 -0 
1 96.854654223802186 98.040000000000006 215.17434577619781 0 1 -0 
1 105.69974999999999 98.290000000000006 206.32925 0.70710678118654757 0 -0.70710678118654757 
1 105.5 98.290000000000006 175.30000000000001 0 0 1 
1 104.25 98.290000000000006 178.30000000000001 -0 0 -1 
1 96.125 98.290000000000006 181.30000000000001 1 0 -0 
1 101.25 98.290000000000006 178.30000000000001 -0 0 -1 
1 85.762577111901095 98.290000000000006 204.08226866429666 0.70710678118654546 0 0.70710678118654979 
1 107.20134577619781 98.290000000000006 206.18834577619774 0.70710678118654546 0 -0.70710678118654979 
2 97.534999999999997 98.290000000000006 211.209 0 1 0 0 -0 1 1 0 -0 3.2850000000000001
1 90.5 98.290000000000006 207.92400000000001 -1 0 -0 
8 0 14.5
1 91 98.290000000000006 175.30000000000001 1 0 0 
1 104.25 130.29000000000002 225.619 -0 1 0 
1 91 130.29000000000002 225.619 1 0 -0 
1 104.25 130.29000000000002 175.30000000000001 0 0 1 
1 104.25 130.29000000000002 175.30000000000001 -0 1 0 
1 91 130.29000000000002 175.30000000000001 1 0 -0 
1 104.25 114.29000000000001 181.30000000000001 0 0 1 
1 105.5 114.29000000000001 175.30000000000001 0 0 1 
8 0 14.5
1 105.5 114.29000000000001 175.30000000000001 -1 0 0 
1 101.25 114.29000000000001 181.30000000000001 0 0 1 
1 101.25 114.29000000000001 229.119 1 0 -0 
1 107.5 98.290000000000006 175.30000000000001 -0 1 0 
8 1.5707963267948966 3.1415926535897931
2 105.5 112.29000000000001 175.30000000000001 0 0 1 0 -1 0 1 0 -0 2
1 91 98.290000000000006 175.30000000000001 -0 1 0 
8 4.7123889803846897 6.2831853071795862
2 105.5 100.29000000000001 175.30000000000001 -0 -0 -1 0 -1 0 -1 0 0 2
1 91 98.165000000000006 207.92400000000001 0 1 0 
1 97.534999999999997 98.040000000000006 207.92400000000001 -0 1 -0 
2 97.534999999999997 109.39 211.209 0 1 0 0 -0 1 1 0 -0 3.2850000000000001
1 95.212154223802187 98.040000000000006 213.5318457761978 -0 1 -0 
1 99.857845776197806 98.040000000000006 213.5318457761978 -0 1 -0 
1 97.534999999999997 109.39 215.85469155239562 -0.70710678118654535 0 -0.70710678118654968 
1 97.534999999999997 98.040000000000006 215.85469155239562 -0 1 -0 
1 101.25 92.290000000000006 229.119 -0 1 0 
1 101.25 92.290000000000006 181.30000000000001 -0 1 0 
1 101.25 92.290000000000006 181.30000000000001 0 0 1 
1 107.5 100.29000000000001 175.30000000000001 0 0 1 
8 4.7123889803846897 6.2831853071795862
2 105.5 100.29000000000001 225.619 -0 -0 -1 0 -1 0 -1 0 0 2
8 1.5707963267948966 3.1415926535897931
2 105.5 112.29000000000001 225.619 0 0 1 0 -1 0 1 0 -0 2
1 107.5 98.290000000000006 225.619 -0 1 0 
1 104.25 95.290000000000006 225.619 -0 1 0 
1 104.25 92.290000000000006 229.119 -0 1 0 
1 104.25 92.290000000000006 181.30000000000001 -0 1 0 
1 104.25 92.290000000000006 181.30000000000001 0 0 1 
1 101.25 92.290000000000006 181.30000000000001 1 0 -0 
1 99.857845776197806 109.39 213.5318457761978 -0.70710678118654535 0 0.70710678118654968 
1 107.5 112.29000000000001 175.30000000000001 0 0 1 
1 101.25 92.290000000000006 229.119 1 0 -0 
Polygon3D 0
PolygonOnTriangulations 0
Surfaces 177
1 -94 108.29000000000001 167.17400000000001 -0 1 0 0 0 1 1 0 -0 
1 -94 108.29000000000001 167.17400000000001 -0 1 0 0 0 1 1 0 -0 
1 -94 108.29000000000001 167.17400000000001 -0 1 0 0 0 1 1 0 -0 
1 -91 98.290000000000006 175.30000000000001 -1 -0 -0 -0 -0 1 -0 -1 -0 
1 -91 98.290000000000006 175.30000000000001 -0 -0 1 -1 -0 -0 -0 1 -0 
1 -94 108.29000000000001 167.17400000000001 1 0 -0 0 0 1 0 -1 0 
1 -94 108.29000000000001 167.17400000000001 0 0 1 1 0 -0 -0 1 0 
1 -94 108.29000000000001 167.17400000000001 0 0 1 1 0 -0 -0 1 0 
1 -94 108.29000000000001 167.17400000000001 0 0 1 1 0 -0 -0 1 0 
2 -82.099999999999994 103.04000000000001 166.17400000000001 0 0 1 1 0 -0 -0 1 0 8.75
1 -90.849999999999994 107.29000000000001 207.124 0 0 1 1 0 -0 -0 1 0 
1 -90.849999999999994 107.29000000000001 207.124 1 0 -0 0 0 1 0 -1 0 
1 -94 108.29000000000001 222.42500000000001 0 0 1 1 0 -0 -0 1 0 
1 -94 108.29000000000001 222.42500000000001 0 0 1 1 0 -0 -0 1 0 
1 -93.037091929989927 108.28999999999999 213.87302479812033 0 -1 -0 -0 -0 -1 -1 -0 -0 
2 -97.534999999999997 98.040000000000006 211.209 -0 1 -0 -0 -0 1 -1 -0 -0 3.2850000000000001
1 -90.75 108.19000000000001 176.17400000000001 0 0 1 1 0 -0 -0 1 0 
1 -90.75 108.19000000000001 172.42400000000001 1 0 -0 0 0 1 0 -1 0 
1 -89.25 108.19000000000001 172.42400000000001 1 0 -0 0 0 1 0 -1 0 
1 -90.75 108.19000000000001 172.42400000000001 0 0 1 1 0 -0 -0 1 0 
1 -90.75 108.19000000000001 200.17400000000001 0 0 1 1 0 -0 -0 1 0 
1 -90.75 108.19000000000001 196.42400000000001 1 0 -0 0 0 1 0 -1 0 
1 -89.25 108.19000000000001 196.42400000000001 1 0 -0 0 0 1 0 -1 0 
1 -90.75 108.19000000000001 196.42400000000001 0 0 1 1 0 -0 -0 1 0 
1 -90 98.040000000000006 207.92400000000001 -0 -0 -1 -1 -0 -0 -0 -1 -0 
2 -105.5 112.29000000000001 175.30000000000001 -0 -0 1 -1 -0 -0 -0 1 -0 2
1 -101.25 114.29000000000001 181.30000000000001 -0 1 -0 -0 -0 1 -1 -0 -0 
2 -105.5 100.29000000000001 175.30000000000001 -0 -0 1 -1 -0 -0 -0 -1 -0 2
1 -94 108.29000000000001 167.17400000000001 1 0 -0 0 0 1 0 -1 0 
1 -94 114.09 167.17400000000001 -1 -0 -0 -0 -0 1 -0 -1 -0 
1 -91 114.09 167.17400000000001 -0 -0 1 -1 -0 -0 -0 1 -0 
1 -94 114.29000000000001 167.17400000000001 -0 1 0 0 0 1 1 0 -0 
1 91 114.09 167.17400000000001 1 0 -0 0 0 1 0 -1 0 
1 91 114.09 167.17400000000001 0 0 1 1 0 -0 -0 1 0 
1 91 98.290000000000006 175.30000000000001 1 0 -0 0 0 1 0 -1 0 
1 91 98.290000000000006 175.30000000000001 1 0 -0 0 0 1 0 -1 0 
1 91 133.29000000000002 167.17400000000001 -0 1 0 0 0 1 1 0 -0 
1 91 133.29000000000002 167.17400000000001 -0 1 0 0 0 1 1 0 -0 
2 82.099999999999994 103.04000000000001 166.17400000000001 0 0 1 1 0 -0 -0 1 0 8.75
2 22.350000000000001 103.04000000000001 166.17400000000001 0 0 1 1 0 -0 -0 1 0 8.75
2 -22.350000000000001 103.04000000000001 166.17400000000001 0 0 1 1 0 -0 -0 1 0 8.75
1 -82.099999999999994 103.04000000000001 207.72400000000002 0 0 1 1 0 -0 -0 1 0 
1 -90.849999999999994 108.78583400000001 207.124 -0 1 0 0 0 1 1 0 -0 
1 -56.82 114.29000000000001 209.07499999999999 1 0 -0 0 0 1 0 -1 0 
1 -56.82 114.29000000000001 222.42500000000001 0 0 1 1 0 -0 -0 1 0 
1 -56.82 128.29000000000002 209.07499999999999 -0 1 0 0 0 1 1 0 -0 
1 56.82 114.29000000000001 209.07499999999999 1 0 -0 0 0 1 0 -1 0 
1 90.849999999999994 107.29000000000001 207.124 1 0 -0 0 0 1 0 -1 0 
1 73.349999999999994 108.78583400000001 207.124 -0 1 0 0 0 1 1 0 -0 
1 73.349999999999994 107.29000000000001 207.124 1 0 -0 0 0 1 0 -1 0 
1 31.100000000000001 107.29000000000001 207.124 1 0 -0 0 0 1 0 -1 0 
1 13.600000000000001 108.78583400000001 207.124 -0 1 0 0 0 1 1 0 -0 
1 13.600000000000001 107.29000000000001 207.124 1 0 -0 0 0 1 0 -1 0 
1 -13.600000000000001 107.29000000000001 207.124 1 0 -0 0 0 1 0 -1 0 
1 -31.100000000000001 108.78583400000001 207.124 -0 1 0 0 0 1 1 0 -0 
1 -31.100000000000001 107.29000000000001 207.124 1 0 -0 0 0 1 0 -1 0 
1 -73.349999999999994 107.29000000000001 207.124 1 0 -0 0 0 1 0 -1 0 
1 -97.534999999999997 98.040000000000006 214.494 -0.70710678118654757 -0 0.70710678118654757 0.70710678118654757 -0 0.70710678118654757 -0 -1 -0 
1 -97.534999999999997 98.040000000000006 215.85469155239562 0.70710678118654979 -0 0.70710678118654546 0.70710678118654546 0 -0.70710678118654979 -0 -1 0 
1 -91 98.290000000000006 175.30000000000001 -0 1 -0 -0 -0 1 -1 -0 -0 
1 -107.5 98.290000000000006 175.30000000000001 -1 -0 -0 -0 -0 1 -0 -1 -0 
1 -91 133.29000000000002 167.17400000000001 -0 1 -0 -0 -0 1 -1 -0 -0 
1 -91 130.29000000000002 175.30000000000001 -0 -0 1 -1 -0 -0 -0 1 -0 
1 -91 130.29000000000002 175.30000000000001 -0 1 -0 -0 -0 1 -1 -0 -0 
1 -91 130.29000000000002 225.619 -0 -0 1 -1 -0 -0 -0 1 -0 
1 -91 114.09 229.119 -0 -0 1 -1 -0 -0 -0 1 -0 
1 -91 114.09 167.17400000000001 -0 1 -0 -0 -0 1 -1 -0 -0 
1 -91 98.290000000000006 225.619 -0 -0 1 -1 -0 -0 -0 1 -0 
1 -56.82 114.29000000000001 209.07499999999999 -0 1 0 0 0 1 1 0 -0 
1 -56.82 114.29000000000001 209.07499999999999 0 0 1 1 0 -0 -0 1 0 
1 -72.959999999999994 108.19000000000001 176.17400000000001 0 0 1 1 0 -0 -0 1 0 
1 -72.959999999999994 108.19000000000001 172.42400000000001 1 0 -0 0 0 1 0 -1 0 
1 -71.459999999999994 108.19000000000001 172.42400000000001 1 0 -0 0 0 1 0 -1 0 
1 -72.959999999999994 108.19000000000001 172.42400000000001 0 0 1 1 0 -0 -0 1 0 
1 -32.990000000000002 108.19000000000001 176.17400000000001 0 0 1 1 0 -0 -0 1 0 
1 -32.990000000000002 108.19000000000001 172.42400000000001 1 0 -0 0 0 1 0 -1 0 
1 -31.490000000000002 108.19000000000001 172.42400000000001 1 0 -0 0 0 1 0 -1 0 
1 -32.990000000000002 108.19000000000001 172.42400000000001 0 0 1 1 0 -0 -0 1 0 
1 -13.210000000000001 108.19000000000001 176.17400000000001 0 0 1 1 0 -0 -0 1 0 
1 -13.210000000000001 108.19000000000001 172.42400000000001 1 0 -0 0 0 1 0 -1 0 
1 -11.710000000000001 108.19000000000001 172.42400000000001 1 0 -0 0 0 1 0 -1 0 
1 -13.210000000000001 108.19000000000001 172.42400000000001 0 0 1 1 0 -0 -0 1 0 
1 -72.959999999999994 108.19000000000001 200.17400000000001 0 0 1 1 0 -0 -0 1 0 
1 -72.959999999999994 108.19000000000001 196.42400000000001 1 0 -0 0 0 1 0 -1 0 
1 -71.459999999999994 108.19000000000001 196.42400000000001 1 0 -0 0 0 1 0 -1 0 
1 -72.959999999999994 108.19000000000001 196.42400000000001 0 0 1 1 0 -0 -0 1 0 
1 -32.990000000000002 108.19000000000001 200.17400000000001 0 0 1 1 0 -0 -0 1 0 
1 -32.990000000000002 108.19000000000001 196.42400000000001 1 0 -0 0 0 1 0 -1 0 
1 -31.490000000000002 108.19000000000001 196.42400000000001 1 0 -0 0 0 1 0 -1 0 
1 -32.990000000000002 108.19000000000001 196.42400000000001 0 0 1 1 0 -0 -0 1 0 
1 -13.210000000000001 108.19000000000001 200.17400000000001 0 0 1 1 0 -0 -0 1 0 
1 -13.210000000000001 108.19000000000001 196.42400000000001 1 0 -0 0 0 1 0 -1 0 
1 -11.710000000000001 108.19000000000001 196.42400000000001 1 0 -0 0 0 1 0 -1 0 
1 -13.210000000000001 108.19000000000001 196.42400000000001 0 0 1 1 0 -0 -0 1 0 
1 11.710000000000001 108.19000000000001 176.17400000000001 0 0 1 1 0 -0 -0 1 0 
1 11.710000000000001 108.19000000000001 172.42400000000001 1 0 -0 0 0 1 0 -1 0 
1 13.210000000000001 108.19000000000001 172.42400000000001 1 0 -0 0 0 1 0 -1 0 
1 11.710000000000001 108.19000000000001 172.42400000000001 0 0 1 1 0 -0 -0 1 0 
1 31.490000000000002 108.19000000000001 176.17400000000001 0 0 1 1 0 -0 -0 1 0 
1 31.490000000000002 108.19000000000001 172.42400000000001 1 0 -0 0 0 1 0 -1 0 
1 32.990000000000002 108.19000000000001 172.42400000000001 1 0 -0 0 0 1 0 -1 0 
1 31.490000000000002 108.19000000000001 172.42400000000001 0 0 1 1 0 -0 -0 1 0 
1 71.459999999999994 108.19000000000001 176.17400000000001 0 0 1 1 0 -0 -0 1 0 
1 71.459999999999994 108.19000000000001 172.42400000000001 1 0 -0 0 0 1 0 -1 0 
1 72.959999999999994 108.19000000000001 172.42400000000001 1 0 -0 0 0 1 0 -1 0 
1 71.459999999999994 108.19000000000001 172.42400000000001 0 0 1 1 0 -0 -0 1 0 
1 89.25 108.19000000000001 176.17400000000001 0 0 1 1 0 -0 -0 1 0 
1 89.25 108.19000000000001 172.42400000000001 1 0 -0 0 0 1 0 -1 0 
1 90.75 108.19000000000001 172.42400000000001 1 0 -0 0 0 1 0 -1 0 
1 89.25 108.19000000000001 172.42400000000001 0 0 1 1 0 -0 -0 1 0 
1 11.710000000000001 108.19000000000001 200.17400000000001 0 0 1 1 0 -0 -0 1 0 
1 11.710000000000001 108.19000000000001 196.42400000000001 1 0 -0 0 0 1 0 -1 0 
1 13.210000000000001 108.19000000000001 196.42400000000001 1 0 -0 0 0 1 0 -1 0 
1 11.710000000000001 108.19000000000001 196.42400000000001 0 0 1 1 0 -0 -0 1 0 
1 31.490000000000002 108.19000000000001 200.17400000000001 0 0 1 1 0 -0 -0 1 0 
1 31.490000000000002 108.19000000000001 196.42400000000001 1 0 -0 0 0 1 0 -1 0 
1 32.990000000000002 108.19000000000001 196.42400000000001 1 0 -0 0 0 1 0 -1 0 
1 31.490000000000002 108.19000000000001 196.42400000000001 0 0 1 1 0 -0 -0 1 0 
1 71.459999999999994 108.19000000000001 200.17400000000001 0 0 1 1 0 -0 -0 1 0 
1 71.459999999999994 108.19000000000001 196.42400000000001 1 0 -0 0 0 1 0 -1 0 
1 72.959999999999994 108.19000000000001 196.42400000000001 1 0 -0 0 0 1 0 -1 0 
1 71.459999999999994 108.19000000000001 196.42400000000001 0 0 1 1 0 -0 -0 1 0 
1 89.25 108.19000000000001 200.17400000000001 0 0 1 1 0 -0 -0 1 0 
1 90.75 108.19000000000001 196.42400000000001 1 0 -0 0 0 1 0 -1 0 
1 89.25 108.19000000000001 196.42400000000001 0 0 1 1 0 -0 -0 1 0 
1 89.25 108.19000000000001 196.42400000000001 1 0 -0 0 0 1 0 -1 0 
1 91 98.290000000000006 175.30000000000001 1 0 -0 0 0 1 0 -1 0 
1 91 98.290000000000006 225.619 0 0 1 1 0 -0 -0 1 0 
1 91 114.09 167.17400000000001 -0 1 0 0 0 1 1 0 -0 
1 91 114.09 229.119 0 0 1 1 0 -0 -0 1 0 
1 97.534999999999997 98.040000000000006 214.494 0.70710678118654757 0 0.70710678118654757 -0.70710678118654757 0 0.70710678118654757 0 -1 0 
1 91 98.290000000000006 175.30000000000001 -0 1 0 0 0 1 1 0 -0 
1 94 114.09 167.17400000000001 1 0 -0 0 0 1 0 -1 0 
1 91 133.29000000000002 175.30000000000001 -0 1 0 0 0 1 1 0 -0 
1 91 130.29000000000002 225.619 0 0 1 1 0 -0 -0 1 0 
1 104.25 130.29000000000002 175.30000000000001 1 0 -0 0 0 1 0 -1 0 
1 91 130.29000000000002 175.30000000000001 0 0 1 1 0 -0 -0 1 0 
1 94 108.29000000000001 167.17400000000001 1 0 -0 0 0 1 0 -1 0 
1 94 108.29000000000001 167.17400000000001 1 0 -0 0 0 1 0 -1 0 
1 91 130.29000000000002 175.30000000000001 -0 1 0 0 0 1 1 0 -0 
1 73.349999999999994 107.29000000000001 207.124 0 0 1 1 0 -0 -0 1 0 
1 91 98.290000000000006 175.30000000000001 0 0 1 1 0 -0 -0 1 0 
2 97.534999999999997 98.040000000000006 211.209 0 1 0 0 -0 1 1 0 -0 3.2850000000000001
1 93.037091929989927 108.28999999999999 213.87302479812033 -0 -1 -0 0 0 -1 1 -0 0 
1 97.534999999999997 98.040000000000006 215.85469155239562 -0.70710678118654979 0 0.70710678118654546 -0.70710678118654546 0 -0.70710678118654979 -0 -1 0 
1 82.099999999999994 103.04000000000001 207.72400000000002 0 0 1 1 0 -0 -0 1 0 
1 13.600000000000001 107.29000000000001 207.124 0 0 1 1 0 -0 -0 1 0 
1 22.350000000000001 103.04000000000001 207.72400000000002 0 0 1 1 0 -0 -0 1 0 
1 -31.100000000000001 107.29000000000001 207.124 0 0 1 1 0 -0 -0 1 0 
1 -22.350000000000001 103.04000000000001 207.72400000000002 0 0 1 1 0 -0 -0 1 0 
1 -97.534999999999997 109.38999999999997 214.21219155239561 0 -1 -0 -0 -0 -1 -1 -0 -0 
1 -99.857845776197806 98.040000000000006 213.5318457761978 -0.70710678118654979 -0 0.70710678118654546 0.70710678118654546 -0 0.70710678118654979 -0 -1 -0 
1 -91 98.290000000000006 225.619 -0 -0 1 -1 -0 -0 -0 1 -0 
1 -104.25 92.290000000000006 181.30000000000001 -1 -0 -0 -0 -0 1 -0 -1 -0 
1 -101.25 92.290000000000006 181.30000000000001 -0 -0 1 -1 -0 -0 -0 1 -0 
1 -101.25 92.290000000000006 181.30000000000001 -1 -0 -0 -0 -0 1 -0 -1 -0 
1 -101.25 92.290000000000006 229.119 -0 -0 1 -1 -0 -0 -0 1 -0 
1 -104.25 130.29000000000002 175.30000000000001 -1 -0 -0 -0 -0 1 -0 -1 -0 
1 91 114.29000000000001 175.30000000000001 -0 1 0 0 0 1 1 0 -0 
1 101.25 114.29000000000001 181.30000000000001 -0 1 0 0 0 1 1 0 -0 
1 101.25 92.290000000000006 181.30000000000001 1 0 -0 0 0 1 0 -1 0 
2 105.5 100.29000000000001 175.30000000000001 0 0 1 1 0 -0 0 -1 -0 2
1 104.25 92.290000000000006 181.30000000000001 1 0 -0 0 0 1 0 -1 0 
1 101.25 92.290000000000006 181.30000000000001 0 0 1 1 0 -0 -0 1 0 
1 99.857845776197806 98.040000000000006 213.5318457761978 0.70710678118654979 0 0.70710678118654546 -0.70710678118654546 0 0.70710678118654979 0 -1 0 
1 90 98.040000000000006 207.92400000000001 0 0 -1 1 0 0 0 -1 0 
1 101.25 114.29000000000001 181.30000000000001 -0 1 0 0 0 1 1 0 -0 
2 105.5 112.29000000000001 175.30000000000001 0 0 1 1 0 -0 -0 1 0 2
1 101.25 92.290000000000006 229.119 0 0 1 1 0 -0 -0 1 0 
1 107.5 98.290000000000006 175.30000000000001 1 0 -0 0 0 1 0 -1 0 
1 97.534999999999997 98.040000000000006 207.92400000000001 1 0 -0 0 0 1 0 -1 0 
1 97.534999999999997 109.39 211.209 0 1 0 0 -0 1 1 0 -0 
1 95.212154223802187 98.040000000000006 213.5318457761978 0 0 -1 1 0 0 0 -1 0 
1 97.534999999999997 109.38999999999997 214.21219155239561 -0 -1 -0 0 0 -1 1 -0 0 
1 -101.25 92.290000000000006 181.30000000000001 -0 1 -0 -0 -0 1 -1 -0 -0 
1 101.25 92.290000000000006 181.30000000000001 -0 1 0 0 0 1 1 0 -0 
1 97.534999999999997 109.38999999999997 214.21219155239561 -0 -1 -0 0 0 -1 1 -0 0 
Triangulations 0

TShapes 1159
Ve
1.00000014210855e-07
-97.535 108.29 207.924
0 0

0101101
*
Ve
1.50000014210855e-07
-91 108.29 207.924
0 0

0101101
*
Ed
 1e-07 1 1 0
1  1 0 0 6.535
2  1 2 0 0 6.535
2  2 1 0 0 6.535
0

0101000
+1159 0 -1158 0 *
Ve
1.5e-07
-91 108.29 175.3
0 0

0101101
*
Ed
 1.5e-07 1 1 0
1  2 0 -36.687 -4.06299999999999
2  3 3 0 -36.687 -4.06299999999999
2  4 4 0 -36.687 -4.06299999999999
2  5 2 0 -36.687 -4.06299999999999
2  6 1 0 -36.687 -4.06299999999999
0

0101000
+1158 0 -1156 0 *
Ve
1.5e-07
-94 108.29 175.3
0 0

0101101
*
Ed
 1.5e-07 1 1 0
1  3 0 -1.5 1.5
2  7 3 0 -1.5 1.5
2  8 5 0 -1.5 1.5
2  9 2 0 -1.5 1.5
2  10 1 0 -1.5 1.5
0

0101000
+1156 0 -1154 0 *
Ve
1e-07
-94 108.29 167.174
0 0

0101101
*
Ed
 1e-07 1 1 0
1  4 0 0 8.126
2  11 6 0 0 8.126
2  12 3 0 0 8.126
2  13 2 0 0 8.126
2  14 1 0 0 8.126
0

0101000
+1152 0 -1154 0 *
Ve
1.00000028421709e-07
-89.1 108.29 167.174
0 0

0101101
*
Ed
 1e-07 1 1 0
1  5 0 0 4.90000000000003
2  15 3 0 0 4.90000000000003
2  16 7 0 0 4.90000000000003
2  17 2 0 0 4.90000000000003
2  18 8 0 0 4.90000000000003
2  19 1 0 0 4.90000000000003
2  20 9 0 0 4.90000000000003
0

0101000
+1152 0 -1150 0 *
Ve
1.5e-07
-89.1 108.29 207.124
0 0

0101101
*
Ed
 1e-07 1 1 0
1  6 0 1 40.95
2  21 1 0 1 40.95
2  22 10 0 1 40.95
0

0101000
+1150 0 -1148 0 *
Ve
1.5e-07
-90.85 108.29 207.124
0 0

0101101
*
Ed
 1.5e-07 1 1 0
1  7 0 1.575 3.325
2  23 1 0 1.575 3.325
2  24 11 0 1.575 3.325
0

0101000
+1146 0 -1148 0 *
Ve
1.5e-07
-90.85 108.29 222.425
0 0

0101101
*
Ed
 1.5e-07 1 1 0
1  8 0 -35.276 -19.975
2  25 1 0 -35.276 -19.975
2  26 12 0 -35.276 -19.975
0

0101000
+1144 0 -1146 0 *
Ve
1.5e-07
-91 108.29 222.425
0 0

0101101
*
Ed
 1e-07 1 1 0
1  9 0 3 3.15000000000001
2  27 3 0 3 3.15000000000001
2  28 13 0 3 3.15000000000001
2  29 14 0 3 3.15000000000001
2  30 2 0 3 3.15000000000001
2  31 1 0 3 3.15000000000001
0

0101000
+1142 0 -1144 0 *
Ve
1.50000014210855e-07
-91 108.29 221.029
0 0

0101101
*
Ed
 1.5e-07 1 1 0
1  2 0 -51.188 -49.792
2  3 3 0 -51.188 -49.792
2  4 4 0 -51.188 -49.792
2  32 2 0 -51.188 -49.792
2  33 1 0 -51.188 -49.792
0

0101000
+1142 0 -1140 0 *
Ve
1.50000014210855e-07
-96.8546542238022 108.29 215.174345776198
0 0

0101101
*
Ed
 1e-07 1 1 0
1  10 0 0 8.27973140630598
2  34 2 0 0 8.27973140630598
2  35 1 0 0 8.27973140630598
0

0101000
+1140 0 -1138 0 *
Ve
1.5e-07
-95.2121542238022 108.29 213.531845776198
0 0

0101101
*
Ed
 1.5e-07 1 1 0
1  11 0 -0.994124351271109 1.32872142492671
2  36 15 0 -0.994124351271109 1.32872142492671
2  37 2 0 -0.994124351271109 1.32872142492671
2  38 1 0 -0.994124351271109 1.32872142492671
0

0101000
+1136 0 -1138 0 *
Ed
 1e-07 1 1 0
1  12 0 3.14159265358979 5.49778714378214
2  39 16 0 3.14159265358979 5.49778714378214
2  40 15 0 3.14159265358979 5.49778714378214
2  41 2 0 3.14159265358979 5.49778714378214
2  42 1 0 3.14159265358979 5.49778714378214
0

0101000
+1159 0 -1136 0 *
Wi

0101100
-1157 0 -1155 0 -1153 0 +1151 0 -1149 0 -1147 0 +1145 0 +1143 0 +1141 0 -1139 0 
-1137 0 +1135 0 +1134 0 *
Ve
1.5e-07
-90.75 108.29 176.174
0 0

0101101
*
Ve
1.5e-07
-89.25 108.29 176.174
0 0

0101101
*
Ed
 1.5e-07 1 1 0
1  13 0 1.625 3.125
2  43 1 0 1.625 3.125
2  44 17 0 1.625 3.125
0

0101000
+1132 0 -1131 0 *
Ve
1.5e-07
-90.75 108.29 172.424
0 0

0101101
*
Ed
 1.5e-07 1 1 0
1  14 0 -6.375 -2.625
2  45 1 0 -6.375 -2.625
2  46 18 0 -6.375 -2.625
0

0101000
+1132 0 -1129 0 *
Ve
1.5e-07
-89.25 108.29 172.424
0 0

0101101
*
Ed
 1.5e-07 1 1 0
1  15 0 -6.375 -2.625
2  47 1 0 -6.375 -2.625
2  48 19 0 -6.375 -2.625
0

0101000
+1131 0 -1127 0 *
Ed
 1.5e-07 1 1 0
1  16 0 1.625 3.125
2  49 1 0 1.625 3.125
2  50 20 0 1.625 3.125
0

0101000
+1129 0 -1127 0 *
Wi

0101100
-1130 0 +1128 0 -1126 0 +1125 0 *
Ve
1.5e-07
-90.75 108.29 200.174
0 0

0101101
*
Ve
1.5e-07
-89.25 108.29 200.174
0 0

0101101
*
Ed
 1.5e-07 1 1 0
1  17 0 1.625 3.125
2  51 1 0 1.625 3.125
2  52 21 0 1.625 3.125
0

0101000
+1123 0 -1122 0 *
Ve
1.5e-07
-90.75 108.29 196.424
0 0

0101101
*
Ed
 1.5e-07 1 1 0
1  18 0 -18.375 -14.625
2  53 1 0 -18.375 -14.625
2  54 22 0 -18.375 -14.625
0

0101000
+1123 0 -1120 0 *
Ve
1.5e-07
-89.25 108.29 196.424
0 0

0101101
*
Ed
 1.5e-07 1 1 0
1  19 0 -18.375 -14.625
2  55 1 0 -18.375 -14.625
2  56 23 0 -18.375 -14.625
0

0101000
+1122 0 -1118 0 *
Ed
 1.5e-07 1 1 0
1  20 0 1.625 3.125
2  57 1 0 1.625 3.125
2  58 24 0 1.625 3.125
0

0101000
+1120 0 -1118 0 *
Wi

0101100
-1121 0 +1119 0 -1117 0 +1116 0 *
Fa
0  1e-07 1 0

0101000
+1133 0 +1124 0 +1115 0 *
Ve
1.5e-07
-91 98.29 207.924
0 0

0101101
*
Ed
 1.5e-07 1 1 0
1  21 0 0.125 10.125
2  59 25 0 0.125 10.125
2  60 4 0 0.125 10.125
0

0101000
+1113 0 -1158 0 *
Ve
1.50000085265128e-07
-97.5350000000001 98.29 207.924
0 0

0101101
*
Ed
 1e-07 1 1 0
1  22 0 0.25 10.25
2  61 16 0 0.25 10.25
2  62 25 0 0.25 10.25
0

0101000
+1111 0 -1159 0 *
Ed
 1.5e-07 1 1 0
1  23 0 -7.035 -0.5
2  63 25 0 -7.035 -0.5
0

0101000
+1111 0 -1113 0 *
Wi

0101100
+1112 0 -1157 0 -1110 0 +1109 0 *
Fa
0  1e-07 25 0

0111000
+1108 0 *
Ve
1e-07
-91 98.29 175.3
0 0

0101101
*
Ed
 1e-07 1 1 0
1  24 0 0 10
2  64 5 0 0 10
2  65 4 0 0 10
0

0101000
+1106 0 -1156 0 *
Ed
 1e-07 1 1 0
1  25 0 17.695 50.319
2  66 4 0 17.695 50.319
0

0101000
+1113 0 -1106 0 *
Wi

0101100
-1155 0 +1105 0 +1104 0 -1112 0 *
Fa
0  1e-07 4 0

0101000
+1103 0 *
Ve
1e-07
-107.5 100.29 175.3
0 0

0101101
*
Ve
1e-07
-107.5 112.29 175.3
0 0

0101101
*
Ed
 1e-07 1 1 0
1  26 0 2 14
2  67 5 0 2 14
0

0101000
+1101 0 -1100 0 *
Ve
1e-07
-105.5 114.29 175.3
0 0

0101101
*
Ed
 1e-07 1 1 0
1  27 0 1.5707963267949 3.14159265358979
2  68 26 0 1.5707963267949 3.14159265358979
2  69 5 0 1.5707963267949 3.14159265358979
0

0101000
+1100 0 -1098 0 *
Ve
1.5e-07
-94 114.29 175.3
0 0

0101101
*
Ed
 1e-07 1 1 0
1  28 0 0 11.5
2  70 27 0 0 11.5
2  71 5 0 0 11.5
0

0101000
+1098 0 -1096 0 *
Ed
 1e-07 1 1 0
1  29 0 0 6
0

0101000
+1096 0 -1154 0 *
Ve
1e-07
-105.5 98.29 175.3
0 0

0101101
*
Ed
 1e-07 1 1 0
1  30 0 0 14.5
2  72 5 0 0 14.5
0

0101000
+1106 0 -1093 0 *
Ed
 1e-07 1 1 0
1  31 0 4.71238898038469 6.28318530717959
2  73 28 0 4.71238898038469 6.28318530717959
2  74 5 0 4.71238898038469 6.28318530717959
0

0101000
+1101 0 -1093 0 *
Wi

0101100
+1099 0 +1097 0 +1095 0 +1094 0 -1153 0 -1105 0 +1092 0 -1091 0 *
Fa
0  1e-07 5 0

0111000
+1090 0 *
Ve
1e-07
-94 133.29 167.174
0 0

0101101
*
Ed
 1e-07 1 1 0
1  32 0 0 25
2  75 8 0 0 25
2  76 9 0 0 25
0

0101000
+1088 0 -1152 0 *
Ve
1.5e-07
-94 133.29 175.3
0 0

0101101
*
Ed
 1e-07 1 1 0
1  33 0 0 8.126
2  77 30 0 0 8.126
0

0101000
+1088 0 -1086 0 *
Ve
1.5e-07
-94 130.29 175.3
0 0

0101101
*
Ed
 1.5e-07 1 1 0
1  34 0 -11.1 -8.10000000000001
2  78 30 0 -11.1 -8.10000000000001
0

0101000
+1086 0 -1084 0 *
Ve
1.5e-07
-94 130.29 225.619
0 0

0101101
*
Ed
 1.5e-07 1 1 0
1  35 0 4.06299999999999 54.382
2  79 30 0 4.06299999999999 54.382
0

0101000
+1084 0 -1082 0 *
Ve
1.5e-07
-94 133.29 225.619
0 0

0101101
*
Ed
 1.5e-07 1 1 0
1  36 0 -11.1 -8.10000000000001
2  80 30 0 -11.1 -8.10000000000001
0

0101000
+1080 0 -1082 0 *
Ve
1e-07
-94 133.29 229.119
0 0

0101101
*
Ed
 1e-07 1 1 0
1  37 0 58.445 61.945
2  81 30 0 58.445 61.945
0

0101000
+1080 0 -1078 0 *
Ve
1e-07
-94 114.09 229.119
0 0

0101101
*
Ed
 1e-07 1 1 0
1  38 0 0 19.2
2  82 30 0 0 19.2
0

0101000
-1078 0 +1076 0 *
Ve
1.5e-07
-94 114.09 225.619
0 0

0101101
*
Ed
 1e-07 1 1 0
1  39 0 58.445 61.945
2  83 30 0 58.445 61.945
0

0101000
+1074 0 -1076 0 *
Ve
1.5e-07
-94 114.29 225.619
0 0

0101101
*
Ed
 1.5e-07 1 1 0
1  40 0 7.90000000000001 8.10000000000001
2  84 30 0 7.90000000000001 8.10000000000001
0

0101000
+1074 0 -1072 0 *
Ed
 1e-07 1 1 0
1  41 0 0 50.319
0

0101000
+1096 0 -1072 0 *
Wi

0101100
-1151 0 -1087 0 +1085 0 +1083 0 +1081 0 -1079 0 +1077 0 -1075 0 -1073 0 +1071 0 
-1070 0 +1094 0 *
Fa
0  0 29 0

0111000
+1069 0 *
Ve
1e-07
-91 133.29 167.174
0 0

0101101
*
Ed
 1e-07 1 1 0
1  42 0 0 3
2  85 31 0 0 3
2  86 8 0 0 3
2  87 9 0 0 3
0

0101000
-1088 0 +1067 0 *
Ve
1.5e-07
-91 114.29 167.174
0 0

0101101
*
Ed
 1e-07 1 1 0
1  43 0 0.200000000000003 19.2
2  88 31 0 0.200000000000003 19.2
2  89 4 0 0.200000000000003 19.2
2  90 8 0 0.200000000000003 19.2
2  91 9 0 0.200000000000003 19.2
0

0101000
+1065 0 -1067 0 *
Ve
1.5e-07
91 114.29 167.174
0 0

0101101
*
Ed
 1e-07 1 1 0
1  44 0 3 185
2  92 32 0 3 185
2  93 7 0 3 185
2  94 8 0 3 185
2  95 9 0 3 185
0

0101000
+1065 0 -1063 0 *
Ve
1e-07
91 133.29 167.174
0 0

0101101
*
Ed
 1e-07 1 1 0
1  45 0 0.200000000000003 19.2
2  96 33 0 0.200000000000003 19.2
2  97 34 0 0.200000000000003 19.2
2  98 35 0 0.200000000000003 19.2
2  99 36 0 0.200000000000003 19.2
2  100 9 0 0.200000000000003 19.2
0

0101000
+1063 0 -1061 0 *
Ve
1e-07
94 133.29 167.174
0 0

0101101
*
Ed
 1e-07 1 1 0
1  46 0 0 3
2  101 37 0 0 3
2  102 34 0 0 3
2  103 38 0 0 3
2  104 9 0 0 3
0

0101000
-1059 0 +1061 0 *
Ve
1e-07
94 108.29 167.174
0 0

0101101
*
Ed
 1e-07 1 1 0
1  47 0 0 25
2  105 9 0 0 25
0

0101000
+1059 0 -1057 0 *
Ve
1.00000085265128e-07
89.0999999999999 108.29 167.174
0 0

0101101
*
Ed
 1e-07 1 1 0
1  5 0 183.1 188
2  15 3 0 183.1 188
2  16 7 0 183.1 188
2  17 2 0 183.1 188
2  18 8 0 183.1 188
2  19 1 0 183.1 188
2  106 9 0 183.1 188
0

0101000
+1055 0 -1057 0 *
Ve
1.00000085265128e-07
75.1000000000001 108.29 167.174
0 0

0101101
*
Ed
 1e-07 1 1 0
1  48 0 0.64350110879329 2.4980915447965
2  107 9 0 0.64350110879329 2.4980915447965
2  108 39 0 0.64350110879329 2.4980915447965
0

0101000
+1055 0 -1053 0 *
Ve
1.00000007105427e-07
29.35 108.29 167.174
0 0

0101101
*
Ed
 1e-07 1 1 0
1  5 0 123.35 169.1
2  15 3 0 123.35 169.1
2  16 7 0 123.35 169.1
2  17 2 0 123.35 169.1
2  18 8 0 123.35 169.1
2  19 1 0 123.35 169.1
2  106 9 0 123.35 169.1
0

0101000
+1051 0 -1053 0 *
Ve
1.00000021316282e-07
15.35 108.29 167.174
0 0

0101101
*
Ed
 1e-07 1 1 0
1  49 0 0.643501108793284 2.49809154479651
2  109 9 0 0.643501108793284 2.49809154479651
2  110 40 0 0.643501108793284 2.49809154479651
0

0101000
+1051 0 -1049 0 *
Ve
1.00000078159701e-07
-15.3499999999999 108.29 167.174
0 0

0101101
*
Ed
 1e-07 1 1 0
1  5 0 78.6500000000001 109.35
2  15 3 0 78.6500000000001 109.35
2  16 7 0 78.6500000000001 109.35
2  17 2 0 78.6500000000001 109.35
2  18 8 0 78.6500000000001 109.35
2  19 1 0 78.6500000000001 109.35
2  106 9 0 78.6500000000001 109.35
0

0101000
+1047 0 -1049 0 *
Ve
1.00000063948846e-07
-29.3500000000001 108.29 167.174
0 0

0101101
*
Ed
 1e-07 1 1 0
1  50 0 0.643501108793279 2.49809154479651
2  111 9 0 0.643501108793279 2.49809154479651
2  112 41 0 0.643501108793279 2.49809154479651
0

0101000
+1047 0 -1045 0 *
Ve
1.00000028421709e-07
-75.1 108.29 167.174
0 0

0101101
*
Ed
 1e-07 1 1 0
1  5 0 18.9 64.6499999999999
2  15 3 0 18.9 64.6499999999999
2  16 7 0 18.9 64.6499999999999
2  17 2 0 18.9 64.6499999999999
2  18 8 0 18.9 64.6499999999999
2  19 1 0 18.9 64.6499999999999
2  106 9 0 18.9 64.6499999999999
0

0101000
+1043 0 -1045 0 *
Ed
 1e-07 1 1 0
1  51 0 0.643501108793286 2.49809154479651
2  113 9 0 0.643501108793286 2.49809154479651
2  114 10 0 0.643501108793286 2.49809154479651
0

0101000
+1043 0 -1150 0 *
Wi

0101100
+1066 0 +1064 0 -1062 0 -1060 0 -1058 0 -1056 0 +1054 0 -1052 0 +1050 0 -1048 0 
+1046 0 -1044 0 +1042 0 -1041 0 +1149 0 +1087 0 *
Fa
0  1e-07 9 0

0101000
+1040 0 *
Ve
1.5e-07
-75.5009173634175 108.785834 207.724
0 0

0101101
*
Ve
1.5e-07
-88.6990826365824 108.785834 207.724
0 0

0101101
*
Ed
 1e-07 1 1 0
1  52 0 0.716390504191679 2.42520214939811
2  115 10 0 0.716390504191679 2.42520214939811
2  116 42 0 0.716390504191679 2.42520214939811
0

0101000
+1038 0 -1037 0 *
Ve
1.00000312638804e-07
-88.6990826365828 108.785834 207.124
0 0

0101101
*
Ed
 1e-07 1 1 0
1  53 0 40.95 41.55
2  117 10 0 40.95 41.55
2  118 43 0 40.95 41.55
0

0101000
+1035 0 -1037 0 *
Ed
 1e-07 1 1 0
1  54 0 2.42520214939814 2.49809154479651
2  119 10 0 2.42520214939814 2.49809154479651
2  120 11 0 2.42520214939814 2.49809154479651
0

0101000
+1035 0 -1148 0 *
Ve
1.5e-07
-75.1 108.29 207.124
0 0

0101101
*
Ed
 1e-07 1 1 0
1  55 0 1 40.95
2  121 1 0 1 40.95
2  122 10 0 1 40.95
0

0101000
+1043 0 -1032 0 *
Ve
1.00000312638804e-07
-75.5009173634172 108.785834 207.124
0 0

0101101
*
Ed
 1e-07 1 1 0
1  56 0 0.643501108793284 0.716390504191656
2  123 10 0 0.643501108793284 0.716390504191656
2  124 11 0 0.643501108793284 0.716390504191656
0

0101000
+1032 0 -1030 0 *
Ed
 1e-07 1 1 0
1  57 0 40.95 41.55
2  125 10 0 40.95 41.55
2  126 43 0 40.95 41.55
0

0101000
+1030 0 -1038 0 *
Wi

0101100
-1036 0 +1034 0 -1033 0 +1147 0 +1041 0 -1031 0 -1029 0 -1028 0 *
Fa
0  1e-07 10 0

0101000
+1027 0 *
Ve
1e-07
-90.85 108.785834 207.124
0 0

0101101
*
Ed
 1e-07 1 1 0
1  58 0 1 1.495834
2  127 12 0 1 1.495834
2  128 11 0 1 1.495834
0

0101000
+1146 0 -1025 0 *
Ed
 1e-07 1 1 0
1  59 0 0 2.15091736341724
2  129 43 0 0 2.15091736341724
2  130 11 0 0 2.15091736341724
0

0101000
+1025 0 -1035 0 *
Wi

0101100
-1024 0 -1023 0 -1033 0 +1145 0 *
Fa
0  1e-07 11 0

0101000
+1022 0 *
Ve
1.5e-07
-90.85 108.785834 222.425
0 0

0101101
*
Ed
 1.5e-07 1 1 0
1  60 0 0.5 0.995834000000002
2  131 14 0 0.5 0.995834000000002
2  132 12 0 0.5 0.995834000000002
0

0101000
+1144 0 -1020 0 *
Ed
 1e-07 1 1 0
1  61 0 0 15.301
2  133 12 0 0 15.301
2  134 43 0 0 15.301
0

0101000
+1025 0 -1020 0 *
Wi

0101100
+1143 0 -1019 0 +1018 0 +1024 0 *
Fa
0  1e-07 12 0

0101000
+1017 0 *
Ve
1.5e-07
-91 114.29 222.425
0 0

0101101
*
Ve
1.00000007105427e-07
-56.82 114.29 222.425
0 0

0101101
*
Ed
 1e-07 1 1 0
1  62 0 3 37.18
2  135 32 0 3 37.18
2  136 13 0 3 37.18
2  137 14 0 3 37.18
0

0101000
+1015 0 -1014 0 *
Ve
1e-07
-56.82 128.29 222.425
0 0

0101101
*
Ed
 1e-07 1 1 0
1  63 0 0 14
2  138 44 0 0 14
2  139 45 0 0 14
2  140 14 0 0 14
0

0101000
-1012 0 +1014 0 *
Ve
1e-07
56.82 128.29 222.425
0 0

0101101
*
Ed
 1e-07 1 1 0
1  64 0 0 113.64
2  141 46 0 0 113.64
2  142 45 0 0 113.64
2  143 14 0 0 113.64
0

0101000
-1010 0 +1012 0 *
Ve
1.00000007105427e-07
56.82 114.29 222.425
0 0

0101101
*
Ed
 1e-07 1 1 0
1  65 0 0 14
2  144 47 0 0 14
2  145 45 0 0 14
2  146 14 0 0 14
0

0101000
-1010 0 +1008 0 *
Ve
1.5e-07
91 114.29 222.425
0 0

0101101
*
Ed
 1e-07 1 1 0
1  62 0 150.82 185
2  135 32 0 150.82 185
2  136 13 0 150.82 185
2  147 14 0 150.82 185
0

0101000
+1008 0 -1006 0 *
Ve
1.5e-07
91 108.29 222.425
0 0

0101101
*
Ed
 1.5e-07 1 1 0
1  66 0 5 11
2  148 14 0 5 11
2  149 36 0 5 11
0

0101000
+1004 0 -1006 0 *
Ve
1.5e-07
90.85 108.29 222.425
0 0

0101101
*
Ed
 1e-07 1 1 0
1  9 0 184.85 185
2  27 3 0 184.85 185
2  28 13 0 184.85 185
2  29 14 0 184.85 185
2  30 2 0 184.85 185
2  31 1 0 184.85 185
0

0101000
+1002 0 -1004 0 *
Ve
1.5e-07
90.85 108.785834 222.425
0 0

0101101
*
Ed
 1.5e-07 1 1 0
1  67 0 0.5 0.995834000000002
2  150 14 0 0.5 0.995834000000002
2  151 48 0 0.5 0.995834000000002
0

0101000
+1002 0 -1000 0 *
Ve
1.5e-07
73.35 108.785834 222.425
0 0

0101101
*
Ed
 1.5e-07 1 1 0
1  68 0 -101.175 -83.675
2  152 14 0 -101.175 -83.675
2  153 49 0 -101.175 -83.675
0

0101000
+1000 0 -998 0 *
Ve
1.5e-07
73.35 108.29 222.425
0 0

0101101
*
Ed
 1.5e-07 1 1 0
1  69 0 0.5 0.995834000000002
2  154 14 0 0.5 0.995834000000002
2  155 50 0 0.5 0.995834000000002
0

0101000
+996 0 -998 0 *
Ve
1.50000003552714e-07
31.1 108.29 222.425
0 0

0101101
*
Ed
 1e-07 1 1 0
1  9 0 125.1 167.35
2  27 3 0 125.1 167.35
2  28 13 0 125.1 167.35
2  29 14 0 125.1 167.35
2  30 2 0 125.1 167.35
2  31 1 0 125.1 167.35
0

0101000
+994 0 -996 0 *
Ve
1.50000007105427e-07
31.1 108.785834 222.425
0 0

0101101
*
Ed
 1.5e-07 1 1 0
1  70 0 0.5 0.995834000000002
2  156 14 0 0.5 0.995834000000002
2  157 51 0 0.5 0.995834000000002
0

0101000
+994 0 -992 0 *
Ve
1.50000003552714e-07
13.6 108.785834 222.425
0 0

0101101
*
Ed
 1.5e-07 1 1 0
1  71 0 -71.3 -53.8
2  158 14 0 -71.3 -53.8
2  159 52 0 -71.3 -53.8
0

0101000
+992 0 -990 0 *
Ve
1.50000003552714e-07
13.6 108.29 222.425
0 0

0101101
*
Ed
 1.5e-07 1 1 0
1  72 0 0.5 0.995834000000002
2  160 14 0 0.5 0.995834000000002
2  161 53 0 0.5 0.995834000000002
0

0101000
+988 0 -990 0 *
Ve
1.50000003552714e-07
-13.6 108.29 222.425
0 0

0101101
*
Ed
 1e-07 1 1 0
1  9 0 80.4 107.6
2  27 3 0 80.4 107.6
2  28 13 0 80.4 107.6
2  29 14 0 80.4 107.6
2  30 2 0 80.4 107.6
2  31 1 0 80.4 107.6
0

0101000
+986 0 -988 0 *
Ve
1.50000003552714e-07
-13.6 108.785834 222.425
0 0

0101101
*
Ed
 1.5e-07 1 1 0
1  73 0 0.5 0.995834000000002
2  162 14 0 0.5 0.995834000000002
2  163 54 0 0.5 0.995834000000002
0

0101000
+986 0 -984 0 *
Ve
1.5e-07
-31.1 108.785834 222.425
0 0

0101101
*
Ed
 1.5e-07 1 1 0
1  74 0 -48.95 -31.45
2  164 14 0 -48.95 -31.45
2  165 55 0 -48.95 -31.45
0

0101000
+984 0 -982 0 *
Ve
1.5e-07
-31.1 108.29 222.425
0 0

0101101
*
Ed
 1.5e-07 1 1 0
1  75 0 0.5 0.995834000000002
2  166 14 0 0.5 0.995834000000002
2  167 56 0 0.5 0.995834000000002
0

0101000
+980 0 -982 0 *
Ve
1.5e-07
-73.35 108.29 222.425
0 0

0101101
*
Ed
 1e-07 1 1 0
1  9 0 20.65 62.9
2  27 3 0 20.65 62.9
2  28 13 0 20.65 62.9
2  29 14 0 20.65 62.9
2  30 2 0 20.65 62.9
2  31 1 0 20.65 62.9
0

0101000
+978 0 -980 0 *
Ve
1.5e-07
-73.35 108.785834 222.425
0 0

0101101
*
Ed
 1.5e-07 1 1 0
1  76 0 0.5 0.995834000000002
2  168 14 0 0.5 0.995834000000002
2  169 57 0 0.5 0.995834000000002
0

0101000
+978 0 -976 0 *
Ed
 1.5e-07 1 1 0
1  77 0 -19.075 -1.575
2  170 14 0 -19.075 -1.575
2  171 43 0 -19.075 -1.575
0

0101000
+976 0 -1020 0 *
Ed
 1.5e-07 1 1 0
1  78 0 5 11
2  172 14 0 5 11
2  173 4 0 5 11
0

0101000
+1142 0 -1015 0 *
Wi

0101100
-1013 0 -1011 0 -1009 0 +1007 0 -1005 0 +1003 0 +1001 0 -999 0 -997 0 +995 0 
+993 0 -991 0 -989 0 +987 0 +985 0 -983 0 -981 0 +979 0 +977 0 -975 0 
-974 0 +1019 0 +1141 0 -973 0 *
Fa
0  1e-07 14 0

0101000
+972 0 *
Ve
1e-07
-91 98.29 225.619
0 0

0101101
*
Ve
1.5e-07
-91 114.09 225.619
0 0

0101101
*
Ed
 1e-07 1 1 0
1  79 0 0 15.8
2  174 4 0 0 15.8
0

0101000
+970 0 -969 0 *
Ve
1e-07
-91 114.09 229.119
0 0

0101101
*
Ed
 1e-07 1 1 0
1  80 0 58.445 61.945
2  175 4 0 58.445 61.945
0

0101000
+969 0 -967 0 *
Ve
1e-07
-91 133.29 229.119
0 0

0101101
*
Ed
 1e-07 1 1 0
1  81 0 0 19.2
2  176 4 0 0 19.2
0

0101000
-965 0 +967 0 *
Ed
 1e-07 1 1 0
1  82 0 0 61.945
2  177 4 0 0 61.945
0

0101000
+965 0 -1067 0 *
Ed
 1.5e-07 1 1 0
1  83 0 -51.188 4.06300000000002
2  178 32 0 -51.188 4.06300000000002
2  179 4 0 -51.188 4.06300000000002
0

0101000
+1015 0 -1065 0 *
Ve
1.5e-07
-91 98.29 221.029
0 0

0101101
*
Ed
 1.5e-07 1 1 0
1  84 0 -10.125 -0.125
2  180 58 0 -10.125 -0.125
2  181 4 0 -10.125 -0.125
0

0101000
+1140 0 -961 0 *
Ed
 1e-07 1 1 0
1  85 0 0 4.59
2  182 4 0 0 4.59
0

0101000
+970 0 -961 0 *
Wi

0101100
-968 0 -966 0 -964 0 -963 0 +1064 0 +962 0 +973 0 -1139 0 -960 0 +959 0 
*
Fa
0  1e-07 4 0

0101000
+958 0 *
Ve
1.5e-07
-96.8546542238022 98.29 215.174345776198
0 0

0101101
*
Ed
 1.5e-07 1 1 0
1  86 0 0.25 10.25
2  183 58 0 0.25 10.25
0

0101000
+956 0 -1138 0 *
Ed
 1.5e-07 1 1 0
1  87 0 -20.7885858134939 -12.5088544071879
2  184 58 0 -20.7885858134939 -12.5088544071879
0

0101000
+961 0 -956 0 *
Wi

0101100
+955 0 -1137 0 +960 0 +954 0 *
Fa
0  1e-07 58 0

0111000
+953 0 *
Ve
1.63846659385975e-07
-95.2121542238022 109.39 213.531845776198
0 0

0101101
*
Ed
 1e-07 1 1 0
1  88 0 10.25 11.35
2  185 16 0 10.25 11.35
0

0101000
+1136 0 -951 0 *
Ve
1e-07
-97.535 109.39 215.854691552396
0 0

0101101
*
Ed
 1e-07 1 1 0
1  89 0 0 3.28500000000001
0

0101000
+949 0 -951 0 *
Ve
1.50000014210855e-07
-97.535 98.29 215.854691552396
0 0

0101101
*
Ed
 1e-07 1 1 0
1  90 0 0.25 11.35
0

0101000
+947 0 -949 0 *
Ed
 1.5e-07 1 1 0
1  91 0 15.6865658865388 16.6487201103409
0

0101000
+956 0 -947 0 *
Wi

0101100
-955 0 +1135 0 -950 0 +948 0 +946 0 +945 0 *
Fa
0  1e-07 59 0

0101000
+944 0 *
Ve
1.00000028421709e-07
-99.8578457761978 109.39 213.531845776198
0 0

0101101
*
Ed
 1e-07 1 1 0
1  92 0 0.785398163397451 5.49778714378214
2  186 16 0 0.785398163397451 5.49778714378214
0

0101000
+942 0 -951 0 *
Ve
1.50000014210855e-07
-99.8578457761978 98.29 213.531845776198
0 0

0101101
*
Ed
 1e-07 1 1 0
1  93 0 0.785398163397451 3.14159265358979
2  187 16 0 0.785398163397451 3.14159265358979
0

0101000
+940 0 -1111 0 *
Ed
 1e-07 1 1 0
1  94 0 0.25 11.35
2  188 16 0 0.25 11.35
0

0101000
+940 0 -942 0 *
Wi

0101100
-941 0 +950 0 +1134 0 +1110 0 +939 0 -938 0 *
Fa
0  1e-07 16 0

0101000
+937 0 *
Ve
1.5e-07
-90.75 114.29 176.174
0 0

0101101
*
Ed
 1e-07 1 1 0
1  95 0 0.0999999999999943 6.09999999999999
2  189 18 0 0.0999999999999943 6.09999999999999
2  190 17 0 0.0999999999999943 6.09999999999999
0

0101000
+1132 0 -935 0 *
Ve
1.5e-07
-89.25 114.29 176.174
0 0

0101101
*
Ed
 1.5e-07 1 1 0
1  96 0 1.625 3.125
2  191 32 0 1.625 3.125
2  192 17 0 1.625 3.125
0

0101000
+935 0 -933 0 *
Ed
 1e-07 1 1 0
1  97 0 0.0999999999999943 6.09999999999999
2  193 19 0 0.0999999999999943 6.09999999999999
2  194 17 0 0.0999999999999943 6.09999999999999
0

0101000
+1131 0 -933 0 *
Wi

0101100
-934 0 -932 0 +931 0 +1130 0 *
Fa
0  1e-07 17 0

0101000
+930 0 *
Ve
1.5e-07
-90.75 114.29 172.424
0 0

0101101
*
Ed
 1.5e-07 1 1 0
1  98 0 -6.375 -2.625
2  195 32 0 -6.375 -2.625
2  196 18 0 -6.375 -2.625
0

0101000
+935 0 -928 0 *
Ed
 1e-07 1 1 0
1  99 0 0.0999999999999943 6.09999999999999
2  197 18 0 0.0999999999999943 6.09999999999999
2  198 20 0 0.0999999999999943 6.09999999999999
0

0101000
+1129 0 -928 0 *
Wi

0101100
-934 0 -927 0 +926 0 +1128 0 *
Fa
0  1e-07 18 0

0101000
+925 0 *
Ve
1.5e-07
-89.25 114.29 172.424
0 0

0101101
*
Ed
 1.5e-07 1 1 0
1  100 0 -6.375 -2.625
2  199 32 0 -6.375 -2.625
2  200 19 0 -6.375 -2.625
0

0101000
+933 0 -923 0 *
Ed
 1e-07 1 1 0
1  101 0 0.0999999999999943 6.09999999999999
2  201 19 0 0.0999999999999943 6.09999999999999
2  202 20 0 0.0999999999999943 6.09999999999999
0

0101000
+1127 0 -923 0 *
Wi

0101100
-931 0 -922 0 +921 0 +1126 0 *
Fa
0  1e-07 19 0

0101000
+920 0 *
Ed
 1.5e-07 1 1 0
1  102 0 1.625 3.125
2  203 32 0 1.625 3.125
2  204 20 0 1.625 3.125
0

0101000
+928 0 -923 0 *
Wi

0101100
-926 0 -918 0 +921 0 +1125 0 *
Fa
0  1e-07 20 0

0101000
+917 0 *
Ve
1.5e-07
-90.75 114.29 200.174
0 0

0101101
*
Ed
 1e-07 1 1 0
1  103 0 0.0999999999999943 6.09999999999999
2  205 22 0 0.0999999999999943 6.09999999999999
2  206 21 0 0.0999999999999943 6.09999999999999
0

0101000
+1123 0 -915 0 *
Ve
1.5e-07
-89.25 114.29 200.174
0 0

0101101
*
Ed
 1.5e-07 1 1 0
1  104 0 1.625 3.125
2  207 32 0 1.625 3.125
2  208 21 0 1.625 3.125
0

0101000
+915 0 -913 0 *
Ed
 1e-07 1 1 0
1  105 0 0.0999999999999943 6.09999999999999
2  209 23 0 0.0999999999999943 6.09999999999999
2  210 21 0 0.0999999999999943 6.09999999999999
0

0101000
+1122 0 -913 0 *
Wi

0101100
-914 0 -912 0 +911 0 +1121 0 *
Fa
0  1e-07 21 0

0101000
+910 0 *
Ve
1.5e-07
-90.75 114.29 196.424
0 0

0101101
*
Ed
 1.5e-07 1 1 0
1  106 0 -18.375 -14.625
2  211 32 0 -18.375 -14.625
2  212 22 0 -18.375 -14.625
0

0101000
+915 0 -908 0 *
Ed
 1e-07 1 1 0
1  107 0 0.0999999999999943 6.09999999999999
2  213 22 0 0.0999999999999943 6.09999999999999
2  214 24 0 0.0999999999999943 6.09999999999999
0

0101000
+1120 0 -908 0 *
Wi

0101100
-914 0 -907 0 +906 0 +1119 0 *
Fa
0  1e-07 22 0

0101000
+905 0 *
Ve
1.5e-07
-89.25 114.29 196.424
0 0

0101101
*
Ed
 1.5e-07 1 1 0
1  108 0 -18.375 -14.625
2  215 32 0 -18.375 -14.625
2  216 23 0 -18.375 -14.625
0

0101000
+913 0 -903 0 *
Ed
 1e-07 1 1 0
1  109 0 0.0999999999999943 6.09999999999999
2  217 23 0 0.0999999999999943 6.09999999999999
2  218 24 0 0.0999999999999943 6.09999999999999
0

0101000
+1118 0 -903 0 *
Wi

0101100
-911 0 -902 0 +901 0 +1117 0 *
Fa
0  1e-07 23 0

0101000
+900 0 *
Ed
 1.5e-07 1 1 0
1  110 0 1.625 3.125
2  219 32 0 1.625 3.125
2  220 24 0 1.625 3.125
0

0101000
+908 0 -903 0 *
Wi

0101100
-906 0 -898 0 +901 0 +1116 0 *
Fa
0  1e-07 24 0

0101000
+897 0 *
Ve
1e-07
-105.5 98.29 225.619
0 0

0101101
*
Ed
 1e-07 1 1 0
1  111 0 0 50.319
2  221 28 0 0 50.319
4 G1 60 0 28 0
0

0101000
+1093 0 -895 0 *
Ve
1.5e-07
-104.25 98.29 225.619
0 0

0101101
*
Ed
 1e-07 1 1 0
1  112 0 13.25 14.5
0

0101000
+893 0 -895 0 *
Ve
1.5e-07
-104.25 98.29 181.3
0 0

0101101
*
Ed
 1.5e-07 1 1 0
1  113 0 -47.319 -3
0

0101000
+893 0 -891 0 *
Ve
1.5e-07
-101.25 98.29 181.3
0 0

0101101
*
Ed
 1.5e-07 1 1 0
1  114 0 5.125 8.125
0

0101000
+889 0 -891 0 *
Ve
1.5e-07
-101.25 98.29 225.619
0 0

0101101
*
Ed
 1.5e-07 1 1 0
1  115 0 -47.319 -3
0

0101000
+887 0 -889 0 *
Ed
 1e-07 1 1 0
1  116 0 0 10.25
0

0101000
+970 0 -887 0 *
Ed
 1.5e-07 1 1 0
1  117 0 -13.6702772952869 -10.3852772952869
0

0101000
+947 0 -940 0 *
Wi

0101100
-894 0 +892 0 -890 0 +888 0 +886 0 +885 0 -959 0 -954 0 -945 0 -884 0 
-939 0 -1109 0 -1104 0 -1092 0 *
Fa
0  1e-07 60 0

0101000
+883 0 *
Ve
1e-07
-107.5 100.29 225.619
0 0

0101101
*
Ve
1e-07
-107.5 112.29 225.619
0 0

0101101
*
Ed
 1e-07 1 1 0
1  118 0 2 14
0

0101000
+881 0 -880 0 *
Ed
 1e-07 1 1 0
1  119 0 0 50.319
2  222 28 0 0 50.319
4 G1 28 0 61 0
0

0101000
+1101 0 -881 0 *
Ed
 1e-07 1 1 0
1  120 0 0 50.319
2  223 26 0 0 50.319
4 G1 26 0 61 0
0

0101000
+1100 0 -880 0 *
Wi

0101100
-879 0 -878 0 +877 0 +1099 0 *
Fa
0  1e-07 61 0

0101000
+876 0 *
Ve
1e-07
-105.5 114.29 225.619
0 0

0101101
*
Ed
 1e-07 1 1 0
1  121 0 0 50.319
2  224 26 0 0 50.319
2  225 27 0 0 50.319
0

0101000
+1098 0 -874 0 *
Ed
 1e-07 1 1 0
1  122 0 1.5707963267949 3.14159265358979
2  226 26 0 1.5707963267949 3.14159265358979
0

0101000
+880 0 -874 0 *
Wi

0101100
+1097 0 -877 0 +873 0 -872 0 *
Fa
0  1e-07 26 0

0101000
+871 0 *
Ve
1.5e-07
-104.25 114.29 225.619
0 0

0101101
*
Ve
1e-07
-104.25 114.29 229.119
0 0

0101101
*
Ed
 1e-07 1 1 0
1  123 0 44.319 47.819
2  227 27 0 44.319 47.819
0

0101000
+869 0 -868 0 *
Ed
 1e-07 1 1 0
1  124 0 13.25 14.5
2  228 27 0 13.25 14.5
0

0101000
+869 0 -874 0 *
Ve
1.5e-07
-101.25 114.29 225.619
0 0

0101101
*
Ed
 1e-07 1 1 0
1  125 0 3 10.25
2  229 27 0 3 10.25
0

0101000
+1072 0 -865 0 *
Ve
1e-07
-101.25 114.29 229.119
0 0

0101101
*
Ed
 1e-07 1 1 0
1  126 0 44.319 47.819
2  230 27 0 44.319 47.819
0

0101000
+865 0 -863 0 *
Ed
 1e-07 1 1 0
1  127 0 0 3
2  231 27 0 0 3
0

0101000
-868 0 +863 0 *
Wi

0101100
-867 0 +866 0 -873 0 +1095 0 +1070 0 +864 0 +862 0 +861 0 *
Fa
0  1e-07 27 0

0111000
+860 0 *
Ed
 1e-07 1 1 0
1  128 0 4.71238898038469 6.28318530717959
2  232 28 0 4.71238898038469 6.28318530717959
0

0101000
+881 0 -895 0 *
Wi

0101100
+1091 0 -878 0 +894 0 -858 0 *
Fa
0  1e-07 28 0

0101000
+857 0 *
Ve
1e-07
-104.25 133.29 225.619
0 0

0101101
*
Ed
 1e-07 1 1 0
1  129 0 3 13.25
0

0101000
+1080 0 -855 0 *
Ve
1e-07
-104.25 133.29 175.3
0 0

0101101
*
Ed
 1e-07 1 1 0
1  130 0 0 50.319
0

0101000
-855 0 +853 0 *
Ed
 1e-07 1 1 0
1  131 0 3 13.25
0

0101000
+1086 0 -853 0 *
Ed
 1e-07 1 1 0
1  132 0 0 3
0

0101000
-1078 0 +965 0 *
Wi

0101100
-1077 0 +854 0 -852 0 -851 0 -1085 0 -1066 0 -963 0 +850 0 *
Fa
0  1e-07 62 0

0101000
+849 0 *
Ve
1e-07
-104.25 130.29 175.3
0 0

0101101
*
Ed
 1e-07 1 1 0
1  133 0 0 3
0

0101000
-853 0 +847 0 *
Ed
 1e-07 1 1 0
1  134 0 3 13.25
0

0101000
+1084 0 -847 0 *
Wi

0101100
-851 0 +846 0 +845 0 +1083 0 *
Fa
0  1e-07 63 0

0101000
+844 0 *
Ve
1e-07
-104.25 130.29 225.619
0 0

0101101
*
Ed
 1e-07 1 1 0
1  135 0 0 50.319
0

0101000
-842 0 +847 0 *
Ed
 1e-07 1 1 0
1  136 0 3 13.25
0

0101000
+1082 0 -842 0 *
Wi

0101100
-845 0 -841 0 +840 0 +1081 0 *
Fa
0  1e-07 64 0

0101000
+839 0 *
Ed
 1e-07 1 1 0
1  137 0 0 3
0

0101000
-855 0 +842 0 *
Wi

0101100
-854 0 +837 0 +840 0 +1079 0 *
Fa
0  1e-07 65 0

0101000
+836 0 *
Ed
 1e-07 1 1 0
1  138 0 0 3
0

0101000
-1076 0 +967 0 *
Wi

0101100
-964 0 -850 0 +1075 0 +834 0 *
Fa
0  1e-07 66 0

0101000
+833 0 *
Ed
 1.5e-07 1 1 0
1  139 0 -3 0
0

0101000
+1074 0 -969 0 *
Wi

0101100
-1073 0 +834 0 +966 0 +831 0 *
Fa
0  1e-07 67 0

0101000
+830 0 *
Ed
 1.5e-07 1 1 0
1  140 0 3 19
0

0101000
+887 0 -865 0 *
Wi

0101100
-864 0 +828 0 +885 0 -968 0 +831 0 -1071 0 *
Fa
0  1e-07 68 0

0101000
+827 0 *
Ve
1e-07
56.82 114.29 209.075
0 0

0101101
*
Ed
 1e-07 1 1 0
1  141 0 0 13.35
2  233 47 0 0 13.35
2  234 69 0 0 13.35
2  235 32 0 0 13.35
0

0101000
-1008 0 +825 0 *
Ve
1e-07
-56.82 114.29 209.075
0 0

0101101
*
Ed
 1e-07 1 1 0
1  142 0 0 113.64
2  236 69 0 0 113.64
2  237 70 0 0 113.64
2  238 32 0 0 113.64
0

0101000
-825 0 +823 0 *
Ed
 1.5e-07 1 1 0
1  143 0 -51.188 4.06300000000002
2  239 32 0 -51.188 4.06300000000002
2  240 36 0 -51.188 4.06300000000002
0

0101000
+1006 0 -1063 0 *
Ed
 1e-07 1 1 0
1  144 0 0 13.35
2  241 44 0 0 13.35
2  242 69 0 0 13.35
2  243 32 0 0 13.35
0

0101000
-1014 0 +823 0 *
Wi

0101100
+824 0 +1005 0 +822 0 +821 0 -820 0 -1062 0 +1013 0 -962 0 *
Wi

0101100
-932 0 +927 0 -922 0 +918 0 *
Ve
1.5e-07
-72.96 114.29 176.174
0 0

0101101
*
Ve
1.5e-07
-71.46 114.29 176.174
0 0

0101101
*
Ed
 1.5e-07 1 1 0
1  145 0 10.52 12.02
2  244 32 0 10.52 12.02
2  245 71 0 10.52 12.02
0

0101000
+817 0 -816 0 *
Ve
1.5e-07
-72.96 114.29 172.424
0 0

0101101
*
Ed
 1.5e-07 1 1 0
1  146 0 -6.375 -2.625
2  246 32 0 -6.375 -2.625
2  247 72 0 -6.375 -2.625
0

0101000
+817 0 -814 0 *
Ve
1.5e-07
-71.46 114.29 172.424
0 0

0101101
*
Ed
 1.5e-07 1 1 0
1  147 0 -6.375 -2.625
2  248 32 0 -6.375 -2.625
2  249 73 0 -6.375 -2.625
0

0101000
+816 0 -812 0 *
Ed
 1.5e-07 1 1 0
1  148 0 10.52 12.02
2  250 32 0 10.52 12.02
2  251 74 0 10.52 12.02
0

0101000
+814 0 -812 0 *
Wi

0101100
-815 0 +813 0 -811 0 +810 0 *
Ve
1.5e-07
-32.99 114.29 176.174
0 0

0101101
*
Ve
1.5e-07
-31.49 114.29 176.174
0 0

0101101
*
Ed
 1.5e-07 1 1 0
1  149 0 30.505 32.005
2  252 32 0 30.505 32.005
2  253 75 0 30.505 32.005
0

0101000
+808 0 -807 0 *
Ve
1.5e-07
-32.99 114.29 172.424
0 0

0101101
*
Ed
 1.5e-07 1 1 0
1  150 0 -6.375 -2.625
2  254 32 0 -6.375 -2.625
2  255 76 0 -6.375 -2.625
0

0101000
+808 0 -805 0 *
Ve
1.5e-07
-31.49 114.29 172.424
0 0

0101101
*
Ed
 1.5e-07 1 1 0
1  151 0 -6.375 -2.625
2  256 32 0 -6.375 -2.625
2  257 77 0 -6.375 -2.625
0

0101000
+807 0 -803 0 *
Ed
 1.5e-07 1 1 0
1  152 0 30.505 32.005
2  258 32 0 30.505 32.005
2  259 78 0 30.505 32.005
0

0101000
+805 0 -803 0 *
Wi

0101100
-806 0 +804 0 -802 0 +801 0 *
Ve
1.50000003552714e-07
-13.21 114.29 176.174
0 0

0101101
*
Ve
1.50000003552714e-07
-11.71 114.29 176.174
0 0

0101101
*
Ed
 1.5e-07 1 1 0
1  153 0 40.395 41.895
2  260 32 0 40.395 41.895
2  261 79 0 40.395 41.895
0

0101000
+799 0 -798 0 *
Ve
1.50000003552714e-07
-13.21 114.29 172.424
0 0

0101101
*
Ed
 1.5e-07 1 1 0
1  154 0 -6.375 -2.625
2  262 32 0 -6.375 -2.625
2  263 80 0 -6.375 -2.625
0

0101000
+799 0 -796 0 *
Ve
1.50000003552714e-07
-11.71 114.29 172.424
0 0

0101101
*
Ed
 1.5e-07 1 1 0
1  155 0 -6.375 -2.625
2  264 32 0 -6.375 -2.625
2  265 81 0 -6.375 -2.625
0

0101000
+798 0 -794 0 *
Ed
 1.5e-07 1 1 0
1  156 0 40.395 41.895
2  266 32 0 40.395 41.895
2  267 82 0 40.395 41.895
0

0101000
+796 0 -794 0 *
Wi

0101100
-797 0 +795 0 -793 0 +792 0 *
Wi

0101100
-912 0 +907 0 -902 0 +898 0 *
Ve
1.5e-07
-72.96 114.29 200.174
0 0

0101101
*
Ve
1.5e-07
-71.46 114.29 200.174
0 0

0101101
*
Ed
 1.5e-07 1 1 0
1  157 0 10.52 12.02
2  268 32 0 10.52 12.02
2  269 83 0 10.52 12.02
0

0101000
+789 0 -788 0 *
Ve
1.5e-07
-72.96 114.29 196.424
0 0

0101101
*
Ed
 1.5e-07 1 1 0
1  158 0 -18.375 -14.625
2  270 32 0 -18.375 -14.625
2  271 84 0 -18.375 -14.625
0

0101000
+789 0 -786 0 *
Ve
1.5e-07
-71.46 114.29 196.424
0 0

0101101
*
Ed
 1.5e-07 1 1 0
1  159 0 -18.375 -14.625
2  272 32 0 -18.375 -14.625
2  273 85 0 -18.375 -14.625
0

0101000
+788 0 -784 0 *
Ed
 1.5e-07 1 1 0
1  160 0 10.52 12.02
2  274 32 0 10.52 12.02
2  275 86 0 10.52 12.02
0

0101000
+786 0 -784 0 *
Wi

0101100
-787 0 +785 0 -783 0 +782 0 *
Ve
1.5e-07
-32.99 114.29 200.174
0 0

0101101
*
Ve
1.5e-07
-31.49 114.29 200.174
0 0

0101101
*
Ed
 1.5e-07 1 1 0
1  161 0 30.505 32.005
2  276 32 0 30.505 32.005
2  277 87 0 30.505 32.005
0

0101000
+780 0 -779 0 *
Ve
1.5e-07
-32.99 114.29 196.424
0 0

0101101
*
Ed
 1.5e-07 1 1 0
1  162 0 -18.375 -14.625
2  278 32 0 -18.375 -14.625
2  279 88 0 -18.375 -14.625
0

0101000
+780 0 -777 0 *
Ve
1.5e-07
-31.49 114.29 196.424
0 0

0101101
*
Ed
 1.5e-07 1 1 0
1  163 0 -18.375 -14.625
2  280 32 0 -18.375 -14.625
2  281 89 0 -18.375 -14.625
0

0101000
+779 0 -775 0 *
Ed
 1.5e-07 1 1 0
1  164 0 30.505 32.005
2  282 32 0 30.505 32.005
2  283 90 0 30.505 32.005
0

0101000
+777 0 -775 0 *
Wi

0101100
-778 0 +776 0 -774 0 +773 0 *
Ve
1.50000003552714e-07
-13.21 114.29 200.174
0 0

0101101
*
Ve
1.50000003552714e-07
-11.71 114.29 200.174
0 0

0101101
*
Ed
 1.5e-07 1 1 0
1  165 0 40.395 41.895
2  284 32 0 40.395 41.895
2  285 91 0 40.395 41.895
0

0101000
+771 0 -770 0 *
Ve
1.50000003552714e-07
-13.21 114.29 196.424
0 0

0101101
*
Ed
 1.5e-07 1 1 0
1  166 0 -18.375 -14.625
2  286 32 0 -18.375 -14.625
2  287 92 0 -18.375 -14.625
0

0101000
+771 0 -768 0 *
Ve
1.50000003552714e-07
-11.71 114.29 196.424
0 0

0101101
*
Ed
 1.5e-07 1 1 0
1  167 0 -18.375 -14.625
2  288 32 0 -18.375 -14.625
2  289 93 0 -18.375 -14.625
0

0101000
+770 0 -766 0 *
Ed
 1.5e-07 1 1 0
1  168 0 40.395 41.895
2  290 32 0 40.395 41.895
2  291 94 0 40.395 41.895
0

0101000
+768 0 -766 0 *
Wi

0101100
-769 0 +767 0 -765 0 +764 0 *
Ve
1.50000003552714e-07
11.71 114.29 176.174
0 0

0101101
*
Ve
1.50000003552714e-07
13.21 114.29 176.174
0 0

0101101
*
Ed
 1.5e-07 1 1 0
1  169 0 52.855 54.355
2  292 32 0 52.855 54.355
2  293 95 0 52.855 54.355
0

0101000
+762 0 -761 0 *
Ve
1.50000003552714e-07
11.71 114.29 172.424
0 0

0101101
*
Ed
 1.5e-07 1 1 0
1  170 0 -6.375 -2.625
2  294 32 0 -6.375 -2.625
2  295 96 0 -6.375 -2.625
0

0101000
+762 0 -759 0 *
Ve
1.50000003552714e-07
13.21 114.29 172.424
0 0

0101101
*
Ed
 1.5e-07 1 1 0
1  171 0 -6.375 -2.625
2  296 32 0 -6.375 -2.625
2  297 97 0 -6.375 -2.625
0

0101000
+761 0 -757 0 *
Ed
 1.5e-07 1 1 0
1  172 0 52.855 54.355
2  298 32 0 52.855 54.355
2  299 98 0 52.855 54.355
0

0101000
+759 0 -757 0 *
Wi

0101100
-760 0 +758 0 -756 0 +755 0 *
Ve
1.50000003552714e-07
31.49 114.29 176.174
0 0

0101101
*
Ve
1.50000007105427e-07
32.99 114.29 176.174
0 0

0101101
*
Ed
 1.5e-07 1 1 0
1  173 0 62.745 64.245
2  300 32 0 62.745 64.245
2  301 99 0 62.745 64.245
0

0101000
+753 0 -752 0 *
Ve
1.50000003552714e-07
31.49 114.29 172.424
0 0

0101101
*
Ed
 1.5e-07 1 1 0
1  174 0 -6.375 -2.625
2  302 32 0 -6.375 -2.625
2  303 100 0 -6.375 -2.625
0

0101000
+753 0 -750 0 *
Ve
1.50000007105427e-07
32.99 114.29 172.424
0 0

0101101
*
Ed
 1.5e-07 1 1 0
1  175 0 -6.375 -2.625
2  304 32 0 -6.375 -2.625
2  305 101 0 -6.375 -2.625
0

0101000
+752 0 -748 0 *
Ed
 1.5e-07 1 1 0
1  176 0 62.745 64.245
2  306 32 0 62.745 64.245
2  307 102 0 62.745 64.245
0

0101000
+750 0 -748 0 *
Wi

0101100
-751 0 +749 0 -747 0 +746 0 *
Ve
1.50000014210855e-07
71.46 114.29 176.174
0 0

0101101
*
Ve
1.50000014210855e-07
72.96 114.29 176.174
0 0

0101101
*
Ed
 1.5e-07 1 1 0
1  177 0 82.73 84.23
2  308 32 0 82.73 84.23
2  309 103 0 82.73 84.23
0

0101000
+744 0 -743 0 *
Ve
1.50000014210855e-07
71.46 114.29 172.424
0 0

0101101
*
Ed
 1.5e-07 1 1 0
1  178 0 -6.375 -2.625
2  310 32 0 -6.375 -2.625
2  311 104 0 -6.375 -2.625
0

0101000
+744 0 -741 0 *
Ve
1.50000014210855e-07
72.96 114.29 172.424
0 0

0101101
*
Ed
 1.5e-07 1 1 0
1  179 0 -6.375 -2.625
2  312 32 0 -6.375 -2.625
2  313 105 0 -6.375 -2.625
0

0101000
+743 0 -739 0 *
Ed
 1.5e-07 1 1 0
1  180 0 82.73 84.23
2  314 32 0 82.73 84.23
2  315 106 0 82.73 84.23
0

0101000
+741 0 -739 0 *
Wi

0101100
-742 0 +740 0 -738 0 +737 0 *
Ve
1.5e-07
89.25 114.29 176.174
0 0

0101101
*
Ve
1.5e-07
90.75 114.29 176.174
0 0

0101101
*
Ed
 1.5e-07 1 1 0
1  181 0 91.625 93.125
2  316 32 0 91.625 93.125
2  317 107 0 91.625 93.125
0

0101000
+735 0 -734 0 *
Ve
1.5e-07
89.25 114.29 172.424
0 0

0101101
*
Ed
 1.5e-07 1 1 0
1  182 0 -6.375 -2.625
2  318 32 0 -6.375 -2.625
2  319 108 0 -6.375 -2.625
0

0101000
+735 0 -732 0 *
Ve
1.5e-07
90.75 114.29 172.424
0 0

0101101
*
Ed
 1.5e-07 1 1 0
1  183 0 -6.375 -2.625
2  320 32 0 -6.375 -2.625
2  321 109 0 -6.375 -2.625
0

0101000
+734 0 -730 0 *
Ed
 1.5e-07 1 1 0
1  184 0 91.625 93.125
2  322 32 0 91.625 93.125
2  323 110 0 91.625 93.125
0

0101000
+732 0 -730 0 *
Wi

0101100
-733 0 +731 0 -729 0 +728 0 *
Ve
1.50000003552714e-07
11.71 114.29 200.174
0 0

0101101
*
Ve
1.50000003552714e-07
13.21 114.29 200.174
0 0

0101101
*
Ed
 1.5e-07 1 1 0
1  185 0 52.855 54.355
2  324 32 0 52.855 54.355
2  325 111 0 52.855 54.355
0

0101000
+726 0 -725 0 *
Ve
1.50000003552714e-07
11.71 114.29 196.424
0 0

0101101
*
Ed
 1.5e-07 1 1 0
1  186 0 -18.375 -14.625
2  326 32 0 -18.375 -14.625
2  327 112 0 -18.375 -14.625
0

0101000
+726 0 -723 0 *
Ve
1.50000003552714e-07
13.21 114.29 196.424
0 0

0101101
*
Ed
 1.5e-07 1 1 0
1  187 0 -18.375 -14.625
2  328 32 0 -18.375 -14.625
2  329 113 0 -18.375 -14.625
0

0101000
+725 0 -721 0 *
Ed
 1.5e-07 1 1 0
1  188 0 52.855 54.355
2  330 32 0 52.855 54.355
2  331 114 0 52.855 54.355
0

0101000
+723 0 -721 0 *
Wi

0101100
-724 0 +722 0 -720 0 +719 0 *
Ve
1.50000003552714e-07
31.49 114.29 200.174
0 0

0101101
*
Ve
1.50000007105427e-07
32.99 114.29 200.174
0 0

0101101
*
Ed
 1.5e-07 1 1 0
1  189 0 62.745 64.245
2  332 32 0 62.745 64.245
2  333 115 0 62.745 64.245
0

0101000
+717 0 -716 0 *
Ve
1.50000003552714e-07
31.49 114.29 196.424
0 0

0101101
*
Ed
 1.5e-07 1 1 0
1  190 0 -18.375 -14.625
2  334 32 0 -18.375 -14.625
2  335 116 0 -18.375 -14.625
0

0101000
+717 0 -714 0 *
Ve
1.50000007105427e-07
32.99 114.29 196.424
0 0

0101101
*
Ed
 1.5e-07 1 1 0
1  191 0 -18.375 -14.625
2  336 32 0 -18.375 -14.625
2  337 117 0 -18.375 -14.625
0

0101000
+716 0 -712 0 *
Ed
 1.5e-07 1 1 0
1  192 0 62.745 64.245
2  338 32 0 62.745 64.245
2  339 118 0 62.745 64.245
0

0101000
+714 0 -712 0 *
Wi

0101100
-715 0 +713 0 -711 0 +710 0 *
Ve
1.50000014210855e-07
71.46 114.29 200.174
0 0

0101101
*
Ve
1.50000014210855e-07
72.96 114.29 200.174
0 0

0101101
*
Ed
 1.5e-07 1 1 0
1  193 0 82.73 84.23
2  340 32 0 82.73 84.23
2  341 119 0 82.73 84.23
0

0101000
+708 0 -707 0 *
Ve
1.50000014210855e-07
71.46 114.29 196.424
0 0

0101101
*
Ed
 1.5e-07 1 1 0
1  194 0 -18.375 -14.625
2  342 32 0 -18.375 -14.625
2  343 120 0 -18.375 -14.625
0

0101000
+708 0 -705 0 *
Ve
1.50000014210855e-07
72.96 114.29 196.424
0 0

0101101
*
Ed
 1.5e-07 1 1 0
1  195 0 -18.375 -14.625
2  344 32 0 -18.375 -14.625
2  345 121 0 -18.375 -14.625
0

0101000
+707 0 -703 0 *
Ed
 1.5e-07 1 1 0
1  196 0 82.73 84.23
2  346 32 0 82.73 84.23
2  347 122 0 82.73 84.23
0

0101000
+705 0 -703 0 *
Wi

0101100
-706 0 +704 0 -702 0 +701 0 *
Ve
1.5e-07
89.25 114.29 200.174
0 0

0101101
*
Ve
1.5e-07
90.75 114.29 200.174
0 0

0101101
*
Ed
 1.5e-07 1 1 0
1  197 0 91.625 93.125
2  348 32 0 91.625 93.125
2  349 123 0 91.625 93.125
0

0101000
+699 0 -698 0 *
Ve
1.5e-07
90.75 114.29 196.424
0 0

0101101
*
Ed
 1.5e-07 1 1 0
1  198 0 -18.375 -14.625
2  350 32 0 -18.375 -14.625
2  351 124 0 -18.375 -14.625
0

0101000
+698 0 -696 0 *
Ve
1.5e-07
89.25 114.29 196.424
0 0

0101101
*
Ed
 1.5e-07 1 1 0
1  199 0 91.625 93.125
2  352 32 0 91.625 93.125
2  353 125 0 91.625 93.125
0

0101000
+694 0 -696 0 *
Ed
 1.5e-07 1 1 0
1  200 0 -18.375 -14.625
2  354 32 0 -18.375 -14.625
2  355 126 0 -18.375 -14.625
0

0101000
+699 0 -694 0 *
Wi

0101100
-697 0 -695 0 +693 0 +692 0 *
Fa
0  1e-07 32 0

0101000
+819 0 +818 0 +809 0 +800 0 +791 0 +790 0 +781 0 +772 0 +763 0 +754 0 
+745 0 +736 0 +727 0 +718 0 +709 0 +700 0 +691 0 *
Ve
1e-07
91 98.29 225.619
0 0

0101101
*
Ve
1.5e-07
91 114.09 225.619
0 0

0101101
*
Ed
 1e-07 1 1 0
1  201 0 0 15.8
2  356 127 0 0 15.8
2  357 128 0 0 15.8
2  358 35 0 0 15.8
2  359 36 0 0 15.8
0

0101000
+689 0 -688 0 *
Ve
1e-07
91 114.09 229.119
0 0

0101101
*
Ed
 1e-07 1 1 0
1  202 0 58.445 61.945
2  360 33 0 58.445 61.945
2  361 129 0 58.445 61.945
2  362 35 0 58.445 61.945
2  363 36 0 58.445 61.945
0

0101000
+688 0 -686 0 *
Ve
1e-07
91 133.29 229.119
0 0

0101101
*
Ed
 1e-07 1 1 0
1  203 0 0 19.2
2  364 33 0 0 19.2
2  365 130 0 0 19.2
2  366 35 0 0 19.2
2  367 36 0 0 19.2
0

0101000
-684 0 +686 0 *
Ed
 1e-07 1 1 0
1  204 0 0 61.945
2  368 36 0 0 61.945
2  369 38 0 0 61.945
0

0101000
+684 0 -1061 0 *
Ve
1.50000014210855e-07
91 108.29 221.029
0 0

0101101
*
Ed
 1.5e-07 1 1 0
1  205 0 -51.188 -49.792
2  370 2 0 -51.188 -49.792
2  371 36 0 -51.188 -49.792
2  372 1 0 -51.188 -49.792
0

0101000
+1004 0 -681 0 *
Ve
1.5e-07
91 98.29 221.029
0 0

0101101
*
Ed
 1.5e-07 1 1 0
1  206 0 -10.125 -0.125
2  373 36 0 -10.125 -0.125
2  374 131 0 -10.125 -0.125
0

0101000
+681 0 -679 0 *
Ed
 1e-07 1 1 0
1  207 0 0 4.59
2  375 127 0 0 4.59
2  376 35 0 0 4.59
2  377 132 0 0 4.59
2  378 36 0 0 4.59
0

0101000
+689 0 -679 0 *
Wi

0101100
-687 0 -685 0 -683 0 -682 0 +1060 0 +821 0 +1003 0 -680 0 -678 0 +677 0 
*
Fa
0  1e-07 36 0

0101000
+676 0 *
Ve
1.5e-07
94 133.29 225.619
0 0

0101101
*
Ve
1e-07
94 133.29 229.119
0 0

0101101
*
Ed
 1e-07 1 1 0
1  208 0 58.445 61.945
2  379 133 0 58.445 61.945
2  380 37 0 58.445 61.945
2  381 38 0 58.445 61.945
0

0101000
+674 0 -673 0 *
Ve
1e-07
104.25 133.29 225.619
0 0

0101101
*
Ed
 1e-07 1 1 0
1  209 0 3 13.25
2  382 134 0 3 13.25
2  383 135 0 3 13.25
2  384 38 0 3 13.25
0

0101000
+674 0 -671 0 *
Ve
1e-07
104.25 133.29 175.3
0 0

0101101
*
Ed
 1e-07 1 1 0
1  210 0 0 50.319
2  385 136 0 0 50.319
2  386 134 0 0 50.319
2  387 38 0 0 50.319
0

0101000
-671 0 +669 0 *
Ve
1.5e-07
94 133.29 175.3
0 0

0101101
*
Ed
 1e-07 1 1 0
1  211 0 3 13.25
2  388 134 0 3 13.25
2  389 137 0 3 13.25
2  390 38 0 3 13.25
0

0101000
+667 0 -669 0 *
Ed
 1e-07 1 1 0
1  208 0 0 8.126
2  379 133 0 0 8.126
2  380 37 0 0 8.126
2  391 38 0 0 8.126
0

0101000
+1059 0 -667 0 *
Ed
 1e-07 1 1 0
1  212 0 0 3
2  392 37 0 0 3
2  393 130 0 0 3
2  394 38 0 0 3
0

0101000
-673 0 +684 0 *
Wi

0101100
-672 0 +670 0 -668 0 -666 0 -665 0 -1058 0 -682 0 +664 0 *
Fa
0  0 38 0

0101000
+663 0 *
Ve
1.5e-07
94 108.29 175.3
0 0

0101101
*
Ed
 1e-07 1 1 0
1  213 0 0 8.126
2  395 139 0 0 8.126
2  396 3 0 0 8.126
2  397 2 0 0 8.126
2  398 1 0 0 8.126
0

0101000
+1057 0 -661 0 *
Ve
1.5e-07
94 130.29 175.3
0 0

0101101
*
Ed
 1.5e-07 1 1 0
1  214 0 -11.1 -8.10000000000001
2  399 133 0 -11.1 -8.10000000000001
2  400 137 0 -11.1 -8.10000000000001
0

0101000
+667 0 -659 0 *
Ve
1.5e-07
94 130.29 225.619
0 0

0101101
*
Ed
 1.5e-07 1 1 0
1  215 0 4.06299999999999 54.382
2  401 133 0 4.06299999999999 54.382
2  402 140 0 4.06299999999999 54.382
0

0101000
+659 0 -657 0 *
Ed
 1.5e-07 1 1 0
1  216 0 -11.1 -8.10000000000001
2  403 133 0 -11.1 -8.10000000000001
2  404 135 0 -11.1 -8.10000000000001
0

0101000
+674 0 -657 0 *
Ve
1e-07
94 114.09 229.119
0 0

0101101
*
Ed
 1e-07 1 1 0
1  217 0 0 19.2
2  405 133 0 0 19.2
2  406 130 0 0 19.2
0

0101000
-673 0 +654 0 *
Ve
1.5e-07
94 114.09 225.619
0 0

0101101
*
Ed
 1e-07 1 1 0
1  218 0 58.445 61.945
2  407 133 0 58.445 61.945
2  408 129 0 58.445 61.945
0

0101000
+652 0 -654 0 *
Ve
1.5e-07
94 114.29 225.619
0 0

0101101
*
Ed
 1.5e-07 1 1 0
1  219 0 7.90000000000001 8.10000000000001
2  409 128 0 7.90000000000001 8.10000000000001
2  410 133 0 7.90000000000001 8.10000000000001
0

0101000
+652 0 -650 0 *
Ve
1.5e-07
94 114.29 175.3
0 0

0101101
*
Ed
 1e-07 1 1 0
1  220 0 0 50.319
0

0101000
+650 0 -648 0 *
Ed
 1e-07 1 1 0
1  221 0 0 6
0

0101000
+648 0 -661 0 *
Wi

0101100
-660 0 -1056 0 +665 0 +658 0 +656 0 -655 0 +672 0 -653 0 -651 0 +649 0 
+647 0 +646 0 *
Fa
0  0 138 0

0111000
+645 0 *
Ve
1.5e-07
90.85 108.29 207.124
0 0

0101101
*
Ed
 1.5e-07 1 1 0
1  222 0 -35.276 -19.975
2  411 1 0 -35.276 -19.975
2  412 48 0 -35.276 -19.975
0

0101000
+1002 0 -643 0 *
Ve
1.5e-07
89.1 108.29 207.124
0 0

0101101
*
Ed
 1.5e-07 1 1 0
1  223 0 99.425 101.175
2  413 1 0 99.425 101.175
2  414 141 0 99.425 101.175
0

0101000
+641 0 -643 0 *
Ed
 1e-07 1 1 0
1  224 0 1 40.95
2  415 1 0 1 40.95
2  416 39 0 1 40.95
0

0101000
+1055 0 -641 0 *
Ve
1.5e-07
91 108.29 175.3
0 0

0101101
*
Ed
 1.5e-07 1 1 0
1  225 0 92.5 95.5
2  417 2 0 92.5 95.5
2  418 142 0 92.5 95.5
2  419 1 0 92.5 95.5
0

0101000
+638 0 -661 0 *
Ve
1.50000014210855e-07
91 108.29 207.924
0 0

0101101
*
Ed
 1.5e-07 1 1 0
1  205 0 -36.687 -4.06299999999999
2  370 2 0 -36.687 -4.06299999999999
2  371 36 0 -36.687 -4.06299999999999
2  420 1 0 -36.687 -4.06299999999999
0

0101000
+636 0 -638 0 *
Ve
1.00000014210855e-07
97.535 108.29 207.924
0 0

0101101
*
Ed
 1e-07 1 1 0
1  226 0 0 6.535
2  421 1 0 0 6.535
0

0101000
+636 0 -634 0 *
Ve
1.5e-07
95.2121542238022 108.29 213.531845776198
0 0

0101101
*
Ed
 1e-07 1 1 0
1  227 0 3.14159265358979 5.49778714378214
2  39 143 0 3.14159265358979 5.49778714378214
2  422 144 0 3.14159265358979 5.49778714378214
2  423 1 0 3.14159265358979 5.49778714378214
0

0101000
+634 0 -632 0 *
Ve
1.50000014210855e-07
96.8546542238022 108.29 215.174345776198
0 0

0101101
*
Ed
 1.5e-07 1 1 0
1  228 0 -0.994124351271109 1.32872142492671
2  424 145 0 -0.994124351271109 1.32872142492671
2  425 144 0 -0.994124351271109 1.32872142492671
2  426 1 0 -0.994124351271109 1.32872142492671
0

0101000
+632 0 -630 0 *
Ed
 1e-07 1 1 0
1  229 0 0 8.27973140630598
2  427 1 0 0 8.27973140630598
0

0101000
+630 0 -681 0 *
Wi

0101100
-642 0 +640 0 +639 0 -1054 0 -660 0 +637 0 +635 0 -633 0 -631 0 -629 0 
-628 0 +680 0 +1001 0 *
Ve
1.5e-07
89.25 108.29 176.174
0 0

0101101
*
Ve
1.5e-07
90.75 108.29 176.174
0 0

0101101
*
Ed
 1.5e-07 1 1 0
1  230 0 91.625 93.125
2  428 1 0 91.625 93.125
2  429 107 0 91.625 93.125
0

0101000
+626 0 -625 0 *
Ve
1.5e-07
89.25 108.29 172.424
0 0

0101101
*
Ed
 1.5e-07 1 1 0
1  231 0 -6.375 -2.625
2  430 1 0 -6.375 -2.625
2  431 108 0 -6.375 -2.625
0

0101000
+626 0 -623 0 *
Ve
1.5e-07
90.75 108.29 172.424
0 0

0101101
*
Ed
 1.5e-07 1 1 0
1  232 0 -6.375 -2.625
2  432 1 0 -6.375 -2.625
2  433 109 0 -6.375 -2.625
0

0101000
+625 0 -621 0 *
Ed
 1.5e-07 1 1 0
1  233 0 91.625 93.125
2  434 1 0 91.625 93.125
2  435 110 0 91.625 93.125
0

0101000
+623 0 -621 0 *
Wi

0101100
-624 0 +622 0 -620 0 +619 0 *
Ve
1.5e-07
89.25 108.29 200.174
0 0

0101101
*
Ve
1.5e-07
90.75 108.29 200.174
0 0

0101101
*
Ed
 1.5e-07 1 1 0
1  234 0 91.625 93.125
2  436 1 0 91.625 93.125
2  437 123 0 91.625 93.125
0

0101000
+617 0 -616 0 *
Ve
1.5e-07
89.25 108.29 196.424
0 0

0101101
*
Ed
 1.5e-07 1 1 0
1  235 0 -18.375 -14.625
2  438 1 0 -18.375 -14.625
2  439 126 0 -18.375 -14.625
0

0101000
+617 0 -614 0 *
Ve
1.5e-07
90.75 108.29 196.424
0 0

0101101
*
Ed
 1.5e-07 1 1 0
1  236 0 -18.375 -14.625
2  440 1 0 -18.375 -14.625
2  441 124 0 -18.375 -14.625
0

0101000
+616 0 -612 0 *
Ed
 1.5e-07 1 1 0
1  237 0 91.625 93.125
2  442 1 0 91.625 93.125
2  443 125 0 91.625 93.125
0

0101000
+614 0 -612 0 *
Wi

0101100
-615 0 +613 0 -611 0 +610 0 *
Fa
0  1e-07 1 0

0101000
+627 0 +618 0 +609 0 *
Ve
1.5e-07
88.6990826365824 108.785834 207.724
0 0

0101101
*
Ve
1.5e-07
75.5009173634175 108.785834 207.724
0 0

0101101
*
Ed
 1e-07 1 1 0
1  238 0 0.716390504191679 2.42520214939811
2  444 39 0 0.716390504191679 2.42520214939811
2  445 146 0 0.716390504191679 2.42520214939811
0

0101000
+607 0 -606 0 *
Ve
1.00000312638804e-07
75.5009173634172 108.785834 207.124
0 0

0101101
*
Ed
 1e-07 1 1 0
1  239 0 40.95 41.55
2  446 39 0 40.95 41.55
2  447 49 0 40.95 41.55
0

0101000
+604 0 -606 0 *
Ve
1.5e-07
75.1 108.29 207.124
0 0

0101101
*
Ed
 1e-07 1 1 0
1  240 0 2.42520214939814 2.49809154479651
2  448 39 0 2.42520214939814 2.49809154479651
2  449 141 0 2.42520214939814 2.49809154479651
0

0101000
+604 0 -602 0 *
Ed
 1e-07 1 1 0
1  241 0 1 40.95
2  450 1 0 1 40.95
2  451 39 0 1 40.95
0

0101000
+1053 0 -602 0 *
Ve
1.00000312638804e-07
88.6990826365828 108.785834 207.124
0 0

0101101
*
Ed
 1e-07 1 1 0
1  242 0 0.643501108793284 0.716390504191656
2  452 39 0 0.643501108793284 0.716390504191656
2  453 141 0 0.643501108793284 0.716390504191656
0

0101000
+641 0 -599 0 *
Ed
 1e-07 1 1 0
1  243 0 40.95 41.55
2  454 39 0 40.95 41.55
2  455 49 0 40.95 41.55
0

0101000
+599 0 -607 0 *
Wi

0101100
-605 0 +603 0 -601 0 +600 0 +1052 0 -639 0 -598 0 -597 0 *
Fa
0  1e-07 39 0

0101000
+596 0 *
Ve
1.50000007105427e-07
31.1 108.29 207.124
0 0

0101101
*
Ed
 1.5e-07 1 1 0
1  244 0 -35.276 -19.975
2  456 1 0 -35.276 -19.975
2  457 51 0 -35.276 -19.975
0

0101000
+994 0 -594 0 *
Ve
1.50000007105427e-07
29.35 108.29 207.124
0 0

0101101
*
Ed
 1.5e-07 1 1 0
1  245 0 69.55 71.3
2  458 1 0 69.55 71.3
2  459 147 0 69.55 71.3
0

0101000
+592 0 -594 0 *
Ed
 1e-07 1 1 0
1  246 0 1 40.95
2  460 1 0 1 40.95
2  461 40 0 1 40.95
0

0101000
+1051 0 -592 0 *
Ve
1.5e-07
73.35 108.29 207.124
0 0

0101101
*
Ed
 1.5e-07 1 1 0
1  223 0 83.675 85.425
2  413 1 0 83.675 85.425
2  414 141 0 83.675 85.425
0

0101000
+589 0 -602 0 *
Ed
 1.5e-07 1 1 0
1  247 0 -35.276 -19.975
2  462 1 0 -35.276 -19.975
2  463 50 0 -35.276 -19.975
0

0101000
+996 0 -589 0 *
Wi

0101100
-593 0 +591 0 +590 0 -1050 0 -600 0 +588 0 +587 0 +993 0 *
Ve
1.50000003552714e-07
31.49 108.29 176.174
0 0

0101101
*
Ve
1.50000007105427e-07
32.99 108.29 176.174
0 0

0101101
*
Ed
 1.5e-07 1 1 0
1  248 0 62.745 64.245
2  464 1 0 62.745 64.245
2  465 99 0 62.745 64.245
0

0101000
+585 0 -584 0 *
Ve
1.50000003552714e-07
31.49 108.29 172.424
0 0

0101101
*
Ed
 1.5e-07 1 1 0
1  249 0 -6.375 -2.625
2  466 1 0 -6.375 -2.625
2  467 100 0 -6.375 -2.625
0

0101000
+585 0 -582 0 *
Ve
1.50000007105427e-07
32.99 108.29 172.424
0 0

0101101
*
Ed
 1.5e-07 1 1 0
1  250 0 -6.375 -2.625
2  468 1 0 -6.375 -2.625
2  469 101 0 -6.375 -2.625
0

0101000
+584 0 -580 0 *
Ed
 1.5e-07 1 1 0
1  251 0 62.745 64.245
2  470 1 0 62.745 64.245
2  471 102 0 62.745 64.245
0

0101000
+582 0 -580 0 *
Wi

0101100
-583 0 +581 0 -579 0 +578 0 *
Ve
1.50000003552714e-07
31.49 108.29 200.174
0 0

0101101
*
Ve
1.50000007105427e-07
32.99 108.29 200.174
0 0

0101101
*
Ed
 1.5e-07 1 1 0
1  252 0 62.745 64.245
2  472 1 0 62.745 64.245
2  473 115 0 62.745 64.245
0

0101000
+576 0 -575 0 *
Ve
1.50000003552714e-07
31.49 108.29 196.424
0 0

0101101
*
Ed
 1.5e-07 1 1 0
1  253 0 -18.375 -14.625
2  474 1 0 -18.375 -14.625
2  475 116 0 -18.375 -14.625
0

0101000
+576 0 -573 0 *
Ve
1.50000007105427e-07
32.99 108.29 196.424
0 0

0101101
*
Ed
 1.5e-07 1 1 0
1  254 0 -18.375 -14.625
2  476 1 0 -18.375 -14.625
2  477 117 0 -18.375 -14.625
0

0101000
+575 0 -571 0 *
Ed
 1.5e-07 1 1 0
1  255 0 62.745 64.245
2  478 1 0 62.745 64.245
2  479 118 0 62.745 64.245
0

0101000
+573 0 -571 0 *
Wi

0101100
-574 0 +572 0 -570 0 +569 0 *
Ve
1.50000014210855e-07
71.46 108.29 176.174
0 0

0101101
*
Ve
1.50000014210855e-07
72.96 108.29 176.174
0 0

0101101
*
Ed
 1.5e-07 1 1 0
1  256 0 82.73 84.23
2  480 1 0 82.73 84.23
2  481 103 0 82.73 84.23
0

0101000
+567 0 -566 0 *
Ve
1.50000014210855e-07
71.46 108.29 172.424
0 0

0101101
*
Ed
 1.5e-07 1 1 0
1  257 0 -6.375 -2.625
2  482 1 0 -6.375 -2.625
2  483 104 0 -6.375 -2.625
0

0101000
+567 0 -564 0 *
Ve
1.50000014210855e-07
72.96 108.29 172.424
0 0

0101101
*
Ed
 1.5e-07 1 1 0
1  258 0 -6.375 -2.625
2  484 1 0 -6.375 -2.625
2  485 105 0 -6.375 -2.625
0

0101000
+566 0 -562 0 *
Ed
 1.5e-07 1 1 0
1  259 0 82.73 84.23
2  486 1 0 82.73 84.23
2  487 106 0 82.73 84.23
0

0101000
+564 0 -562 0 *
Wi

0101100
-565 0 +563 0 -561 0 +560 0 *
Ve
1.50000014210855e-07
71.46 108.29 200.174
0 0

0101101
*
Ve
1.50000014210855e-07
72.96 108.29 200.174
0 0

0101101
*
Ed
 1.5e-07 1 1 0
1  260 0 82.73 84.23
2  488 1 0 82.73 84.23
2  489 119 0 82.73 84.23
0

0101000
+558 0 -557 0 *
Ve
1.50000014210855e-07
71.46 108.29 196.424
0 0

0101101
*
Ed
 1.5e-07 1 1 0
1  261 0 -18.375 -14.625
2  490 1 0 -18.375 -14.625
2  491 120 0 -18.375 -14.625
0

0101000
+558 0 -555 0 *
Ve
1.50000014210855e-07
72.96 108.29 196.424
0 0

0101101
*
Ed
 1.5e-07 1 1 0
1  262 0 -18.375 -14.625
2  492 1 0 -18.375 -14.625
2  493 121 0 -18.375 -14.625
0

0101000
+557 0 -553 0 *
Ed
 1.5e-07 1 1 0
1  263 0 82.73 84.23
2  494 1 0 82.73 84.23
2  495 122 0 82.73 84.23
0

0101000
+555 0 -553 0 *
Wi

0101100
-556 0 +554 0 -552 0 +551 0 *
Fa
0  1e-07 1 0

0101000
+586 0 +577 0 +568 0 +559 0 +550 0 *
Ve
1.5e-07
28.9490826365825 108.785834 207.724
0 0

0101101
*
Ve
1.5e-07
15.7509173634175 108.785834 207.724
0 0

0101101
*
Ed
 1e-07 1 1 0
1  264 0 0.716390504191679 2.42520214939811
2  496 40 0 0.716390504191679 2.42520214939811
2  497 148 0 0.716390504191679 2.42520214939811
0

0101000
+548 0 -547 0 *
Ve
1.00000037303494e-07
15.7509173634175 108.785834 207.124
0 0

0101101
*
Ed
 1e-07 1 1 0
1  265 0 40.95 41.55
2  498 40 0 40.95 41.55
2  499 52 0 40.95 41.55
0

0101000
+545 0 -547 0 *
Ve
1.5e-07
15.35 108.29 207.124
0 0

0101101
*
Ed
 1e-07 1 1 0
1  266 0 2.42520214939812 2.49809154479651
2  500 40 0 2.42520214939812 2.49809154479651
2  501 147 0 2.42520214939812 2.49809154479651
0

0101000
+545 0 -543 0 *
Ed
 1e-07 1 1 0
1  267 0 1 40.95
2  502 1 0 1 40.95
2  503 40 0 1 40.95
0

0101000
+1049 0 -543 0 *
Ve
1.00000035527137e-07
28.9490826365825 108.785834 207.124
0 0

0101101
*
Ed
 1e-07 1 1 0
1  268 0 0.643501108793284 0.716390504191677
2  504 40 0 0.643501108793284 0.716390504191677
2  505 147 0 0.643501108793284 0.716390504191677
0

0101000
+592 0 -540 0 *
Ed
 1e-07 1 1 0
1  269 0 40.95 41.55
2  506 40 0 40.95 41.55
2  507 52 0 40.95 41.55
0

0101000
+540 0 -548 0 *
Wi

0101100
-546 0 +544 0 -542 0 +541 0 +1048 0 -590 0 -539 0 -538 0 *
Fa
0  1e-07 40 0

0101000
+537 0 *
Ve
1.50000003552714e-07
-13.6 108.29 207.124
0 0

0101101
*
Ed
 1.5e-07 1 1 0
1  270 0 -35.276 -19.975
2  508 1 0 -35.276 -19.975
2  509 54 0 -35.276 -19.975
0

0101000
+986 0 -535 0 *
Ve
1.5e-07
-15.35 108.29 207.124
0 0

0101101
*
Ed
 1.5e-07 1 1 0
1  271 0 47.2 48.95
2  510 1 0 47.2 48.95
2  511 149 0 47.2 48.95
0

0101000
+533 0 -535 0 *
Ed
 1e-07 1 1 0
1  272 0 1 40.95
2  512 1 0 1 40.95
2  513 41 0 1 40.95
0

0101000
+1047 0 -533 0 *
Ve
1.50000003552714e-07
13.6 108.29 207.124
0 0

0101101
*
Ed
 1.5e-07 1 1 0
1  245 0 53.8 55.55
2  458 1 0 53.8 55.55
2  459 147 0 53.8 55.55
0

0101000
+530 0 -543 0 *
Ed
 1.5e-07 1 1 0
1  273 0 -35.276 -19.975
2  514 1 0 -35.276 -19.975
2  515 53 0 -35.276 -19.975
0

0101000
+988 0 -530 0 *
Wi

0101100
-534 0 +532 0 +531 0 -1046 0 -541 0 +529 0 +528 0 +985 0 *
Ve
1.50000003552714e-07
-13.21 108.29 176.174
0 0

0101101
*
Ve
1.50000003552714e-07
-11.71 108.29 176.174
0 0

0101101
*
Ed
 1.5e-07 1 1 0
1  274 0 40.395 41.895
2  516 1 0 40.395 41.895
2  517 79 0 40.395 41.895
0

0101000
+526 0 -525 0 *
Ve
1.50000003552714e-07
-13.21 108.29 172.424
0 0

0101101
*
Ed
 1.5e-07 1 1 0
1  275 0 -6.375 -2.625
2  518 1 0 -6.375 -2.625
2  519 80 0 -6.375 -2.625
0

0101000
+526 0 -523 0 *
Ve
1.50000003552714e-07
-11.71 108.29 172.424
0 0

0101101
*
Ed
 1.5e-07 1 1 0
1  276 0 -6.375 -2.625
2  520 1 0 -6.375 -2.625
2  521 81 0 -6.375 -2.625
0

0101000
+525 0 -521 0 *
Ed
 1.5e-07 1 1 0
1  277 0 40.395 41.895
2  522 1 0 40.395 41.895
2  523 82 0 40.395 41.895
0

0101000
+523 0 -521 0 *
Wi

0101100
-524 0 +522 0 -520 0 +519 0 *
Ve
1.50000003552714e-07
11.71 108.29 176.174
0 0

0101101
*
Ve
1.50000003552714e-07
13.21 108.29 176.174
0 0

0101101
*
Ed
 1.5e-07 1 1 0
1  278 0 52.855 54.355
2  524 1 0 52.855 54.355
2  525 95 0 52.855 54.355
0

0101000
+517 0 -516 0 *
Ve
1.50000003552714e-07
11.71 108.29 172.424
0 0

0101101
*
Ed
 1.5e-07 1 1 0
1  279 0 -6.375 -2.625
2  526 1 0 -6.375 -2.625
2  527 96 0 -6.375 -2.625
0

0101000
+517 0 -514 0 *
Ve
1.50000003552714e-07
13.21 108.29 172.424
0 0

0101101
*
Ed
 1.5e-07 1 1 0
1  280 0 -6.375 -2.625
2  528 1 0 -6.375 -2.625
2  529 97 0 -6.375 -2.625
0

0101000
+516 0 -512 0 *
Ed
 1.5e-07 1 1 0
1  281 0 52.855 54.355
2  530 1 0 52.855 54.355
2  531 98 0 52.855 54.355
0

0101000
+514 0 -512 0 *
Wi

0101100
-515 0 +513 0 -511 0 +510 0 *
Ve
1.50000003552714e-07
-13.21 108.29 200.174
0 0

0101101
*
Ve
1.50000003552714e-07
-11.71 108.29 200.174
0 0

0101101
*
Ed
 1.5e-07 1 1 0
1  282 0 40.395 41.895
2  532 1 0 40.395 41.895
2  533 91 0 40.395 41.895
0

0101000
+508 0 -507 0 *
Ve
1.50000003552714e-07
-13.21 108.29 196.424
0 0

0101101
*
Ed
 1.5e-07 1 1 0
1  283 0 -18.375 -14.625
2  534 1 0 -18.375 -14.625
2  535 92 0 -18.375 -14.625
0

0101000
+508 0 -505 0 *
Ve
1.50000003552714e-07
-11.71 108.29 196.424
0 0

0101101
*
Ed
 1.5e-07 1 1 0
1  284 0 -18.375 -14.625
2  536 1 0 -18.375 -14.625
2  537 93 0 -18.375 -14.625
0

0101000
+507 0 -503 0 *
Ed
 1.5e-07 1 1 0
1  285 0 40.395 41.895
2  538 1 0 40.395 41.895
2  539 94 0 40.395 41.895
0

0101000
+505 0 -503 0 *
Wi

0101100
-506 0 +504 0 -502 0 +501 0 *
Ve
1.50000003552714e-07
11.71 108.29 200.174
0 0

0101101
*
Ve
1.50000003552714e-07
13.21 108.29 200.174
0 0

0101101
*
Ed
 1.5e-07 1 1 0
1  286 0 52.855 54.355
2  540 1 0 52.855 54.355
2  541 111 0 52.855 54.355
0

0101000
+499 0 -498 0 *
Ve
1.50000003552714e-07
11.71 108.29 196.424
0 0

0101101
*
Ed
 1.5e-07 1 1 0
1  287 0 -18.375 -14.625
2  542 1 0 -18.375 -14.625
2  543 112 0 -18.375 -14.625
0

0101000
+499 0 -496 0 *
Ve
1.50000003552714e-07
13.21 108.29 196.424
0 0

0101101
*
Ed
 1.5e-07 1 1 0
1  288 0 -18.375 -14.625
2  544 1 0 -18.375 -14.625
2  545 113 0 -18.375 -14.625
0

0101000
+498 0 -494 0 *
Ed
 1.5e-07 1 1 0
1  289 0 52.855 54.355
2  546 1 0 52.855 54.355
2  547 114 0 52.855 54.355
0

0101000
+496 0 -494 0 *
Wi

0101100
-497 0 +495 0 -493 0 +492 0 *
Fa
0  1e-07 1 0

0101000
+527 0 +518 0 +509 0 +500 0 +491 0 *
Ve
1.5e-07
-15.7509173634176 108.785834 207.724
0 0

0101101
*
Ve
1.5e-07
-28.9490826365825 108.785834 207.724
0 0

0101101
*
Ed
 1e-07 1 1 0
1  290 0 0.716390504191679 2.42520214939811
2  548 41 0 0.716390504191679 2.42520214939811
2  549 150 0 0.716390504191679 2.42520214939811
0

0101000
+489 0 -488 0 *
Ve
1.00000035527137e-07
-28.9490826365825 108.785834 207.124
0 0

0101101
*
Ed
 1e-07 1 1 0
1  291 0 40.95 41.55
2  550 41 0 40.95 41.55
2  551 55 0 40.95 41.55
0

0101000
+486 0 -488 0 *
Ve
1.5e-07
-29.35 108.29 207.124
0 0

0101101
*
Ed
 1e-07 1 1 0
1  292 0 2.42520214939812 2.49809154479651
2  552 41 0 2.42520214939812 2.49809154479651
2  553 149 0 2.42520214939812 2.49809154479651
0

0101000
+486 0 -484 0 *
Ed
 1e-07 1 1 0
1  293 0 1 40.95
2  554 1 0 1 40.95
2  555 41 0 1 40.95
0

0101000
+1045 0 -484 0 *
Ve
1.00000037303494e-07
-15.7509173634175 108.785834 207.124
0 0

0101101
*
Ed
 1e-07 1 1 0
1  294 0 0.643501108793278 0.716390504191677
2  556 41 0 0.643501108793278 0.716390504191677
2  557 149 0 0.643501108793278 0.716390504191677
0

0101000
+533 0 -481 0 *
Ed
 1e-07 1 1 0
1  295 0 40.95 41.55
2  558 41 0 40.95 41.55
2  559 55 0 40.95 41.55
0

0101000
+481 0 -489 0 *
Wi

0101100
-487 0 +485 0 -483 0 +482 0 +1044 0 -531 0 -480 0 -479 0 *
Fa
0  1e-07 41 0

0101000
+478 0 *
Ve
1.5e-07
-73.35 108.29 207.124
0 0

0101101
*
Ed
 1.5e-07 1 1 0
1  296 0 -35.276 -19.975
2  560 1 0 -35.276 -19.975
2  561 57 0 -35.276 -19.975
0

0101000
+978 0 -476 0 *
Ed
 1.5e-07 1 1 0
1  7 0 17.325 19.075
2  23 1 0 17.325 19.075
2  24 11 0 17.325 19.075
0

0101000
+1032 0 -476 0 *
Ve
1.5e-07
-31.1 108.29 207.124
0 0

0101101
*
Ed
 1.5e-07 1 1 0
1  271 0 31.45 33.2
2  510 1 0 31.45 33.2
2  511 149 0 31.45 33.2
0

0101000
+473 0 -484 0 *
Ed
 1.5e-07 1 1 0
1  297 0 -35.276 -19.975
2  562 1 0 -35.276 -19.975
2  563 56 0 -35.276 -19.975
0

0101000
+980 0 -473 0 *
Wi

0101100
-475 0 +474 0 +1031 0 -1042 0 -482 0 +472 0 +471 0 +977 0 *
Ve
1.5e-07
-72.96 108.29 176.174
0 0

0101101
*
Ve
1.5e-07
-71.46 108.29 176.174
0 0

0101101
*
Ed
 1.5e-07 1 1 0
1  298 0 10.52 12.02
2  564 1 0 10.52 12.02
2  565 71 0 10.52 12.02
0

0101000
+469 0 -468 0 *
Ve
1.5e-07
-72.96 108.29 172.424
0 0

0101101
*
Ed
 1.5e-07 1 1 0
1  299 0 -6.375 -2.625
2  566 1 0 -6.375 -2.625
2  567 72 0 -6.375 -2.625
0

0101000
+469 0 -466 0 *
Ve
1.5e-07
-71.46 108.29 172.424
0 0

0101101
*
Ed
 1.5e-07 1 1 0
1  300 0 -6.375 -2.625
2  568 1 0 -6.375 -2.625
2  569 73 0 -6.375 -2.625
0

0101000
+468 0 -464 0 *
Ed
 1.5e-07 1 1 0
1  301 0 10.52 12.02
2  570 1 0 10.52 12.02
2  571 74 0 10.52 12.02
0

0101000
+466 0 -464 0 *
Wi

0101100
-467 0 +465 0 -463 0 +462 0 *
Ve
1.5e-07
-32.99 108.29 176.174
0 0

0101101
*
Ve
1.5e-07
-31.49 108.29 176.174
0 0

0101101
*
Ed
 1.5e-07 1 1 0
1  302 0 30.505 32.005
2  572 1 0 30.505 32.005
2  573 75 0 30.505 32.005
0

0101000
+460 0 -459 0 *
Ve
1.5e-07
-32.99 108.29 172.424
0 0

0101101
*
Ed
 1.5e-07 1 1 0
1  303 0 -6.375 -2.625
2  574 1 0 -6.375 -2.625
2  575 76 0 -6.375 -2.625
0

0101000
+460 0 -457 0 *
Ve
1.5e-07
-31.49 108.29 172.424
0 0

0101101
*
Ed
 1.5e-07 1 1 0
1  304 0 -6.375 -2.625
2  576 1 0 -6.375 -2.625
2  577 77 0 -6.375 -2.625
0

0101000
+459 0 -455 0 *
Ed
 1.5e-07 1 1 0
1  305 0 30.505 32.005
2  578 1 0 30.505 32.005
2  579 78 0 30.505 32.005
0

0101000
+457 0 -455 0 *
Wi

0101100
-458 0 +456 0 -454 0 +453 0 *
Ve
1.5e-07
-72.96 108.29 200.174
0 0

0101101
*
Ve
1.5e-07
-71.46 108.29 200.174
0 0

0101101
*
Ed
 1.5e-07 1 1 0
1  306 0 10.52 12.02
2  580 1 0 10.52 12.02
2  581 83 0 10.52 12.02
0

0101000
+451 0 -450 0 *
Ve
1.5e-07
-72.96 108.29 196.424
0 0

0101101
*
Ed
 1.5e-07 1 1 0
1  307 0 -18.375 -14.625
2  582 1 0 -18.375 -14.625
2  583 84 0 -18.375 -14.625
0

0101000
+451 0 -448 0 *
Ve
1.5e-07
-71.46 108.29 196.424
0 0

0101101
*
Ed
 1.5e-07 1 1 0
1  308 0 -18.375 -14.625
2  584 1 0 -18.375 -14.625
2  585 85 0 -18.375 -14.625
0

0101000
+450 0 -446 0 *
Ed
 1.5e-07 1 1 0
1  309 0 10.52 12.02
2  586 1 0 10.52 12.02
2  587 86 0 10.52 12.02
0

0101000
+448 0 -446 0 *
Wi

0101100
-449 0 +447 0 -445 0 +444 0 *
Ve
1.5e-07
-32.99 108.29 200.174
0 0

0101101
*
Ve
1.5e-07
-31.49 108.29 200.174
0 0

0101101
*
Ed
 1.5e-07 1 1 0
1  310 0 30.505 32.005
2  588 1 0 30.505 32.005
2  589 87 0 30.505 32.005
0

0101000
+442 0 -441 0 *
Ve
1.5e-07
-32.99 108.29 196.424
0 0

0101101
*
Ed
 1.5e-07 1 1 0
1  311 0 -18.375 -14.625
2  590 1 0 -18.375 -14.625
2  591 88 0 -18.375 -14.625
0

0101000
+442 0 -439 0 *
Ve
1.5e-07
-31.49 108.29 196.424
0 0

0101101
*
Ed
 1.5e-07 1 1 0
1  312 0 -18.375 -14.625
2  592 1 0 -18.375 -14.625
2  593 89 0 -18.375 -14.625
0

0101000
+441 0 -437 0 *
Ed
 1.5e-07 1 1 0
1  313 0 30.505 32.005
2  594 1 0 30.505 32.005
2  595 90 0 30.505 32.005
0

0101000
+439 0 -437 0 *
Wi

0101100
-440 0 +438 0 -436 0 +435 0 *
Fa
0  1e-07 1 0

0101000
+470 0 +461 0 +452 0 +443 0 +434 0 *
Ed
 1.5e-07 1 1 0
1  314 0 -10.9740826365825 2.22408263658245
2  596 42 0 -10.9740826365825 2.22408263658245
2  597 43 0 -10.9740826365825 2.22408263658245
0

0101000
+1038 0 -1037 0 *
Wi

0101100
+1036 0 -432 0 *
Fa
0  1e-07 42 0

0101000
+431 0 *
Ve
1e-07
-73.35 108.785834 207.124
0 0

0101101
*
Ed
 1e-07 1 1 0
1  59 0 15.3490826365828 17.5
2  129 43 0 15.3490826365828 17.5
2  130 11 0 15.3490826365828 17.5
0

0101000
+1030 0 -429 0 *
Ed
 1e-07 1 1 0
1  315 0 0 15.301
2  598 57 0 0 15.301
2  599 43 0 0 15.301
0

0101000
+429 0 -976 0 *
Wi

0101100
-1023 0 -1034 0 +432 0 +1028 0 -428 0 -427 0 -974 0 +1018 0 *
Fa
0  1e-07 43 0

0101000
+426 0 *
Ed
 1e-07 1 1 0
1  316 0 1 1.495834
2  600 57 0 1 1.495834
2  601 11 0 1 1.495834
0

0101000
+476 0 -429 0 *
Wi

0101100
+474 0 -1029 0 -428 0 +424 0 *
Fa
0  1e-07 11 0

0101000
+423 0 *
Ve
1e-07
-56.82 128.29 209.075
0 0

0101101
*
Ed
 1e-07 1 1 0
1  317 0 0 13.35
2  602 44 0 0 13.35
2  603 46 0 0 13.35
0

0101000
-1012 0 +421 0 *
Ed
 1e-07 1 1 0
1  318 0 0 14
2  604 44 0 0 14
2  605 70 0 0 14
0

0101000
-421 0 +823 0 *
Wi

0101100
-820 0 -1011 0 +420 0 +419 0 *
Fa
0  1e-07 44 0

0111000
+418 0 *
Ve
1e-07
56.82 128.29 209.075
0 0

0101101
*
Ed
 1e-07 1 1 0
1  319 0 0 113.64
2  606 46 0 0 113.64
2  607 70 0 0 113.64
0

0101000
-416 0 +421 0 *
Ed
 1e-07 1 1 0
1  320 0 0 13.35
2  608 47 0 0 13.35
2  609 46 0 0 13.35
0

0101000
-1010 0 +416 0 *
Wi

0101100
-415 0 -414 0 +1009 0 +420 0 *
Fa
0  1e-07 46 0

0111000
+413 0 *
Ed
 1e-07 1 1 0
1  321 0 0 14
2  610 47 0 0 14
2  611 70 0 0 14
0

0101000
-416 0 +825 0 *
Wi

0101100
-824 0 -1007 0 +414 0 +411 0 *
Fa
0  1e-07 47 0

0111000
+410 0 *
Ve
1e-07
90.85 108.785834 207.124
0 0

0101101
*
Ed
 1e-07 1 1 0
1  322 0 0 15.301
2  612 48 0 0 15.301
2  613 49 0 0 15.301
0

0101000
+408 0 -1000 0 *
Ed
 1e-07 1 1 0
1  323 0 1 1.495834
2  614 48 0 1 1.495834
2  615 141 0 1 1.495834
0

0101000
+643 0 -408 0 *
Wi

0101100
+642 0 -999 0 +407 0 +406 0 *
Fa
0  1e-07 48 0

0101000
+405 0 *
Ve
1e-07
73.35 108.785834 207.124
0 0

0101101
*
Ed
 1e-07 1 1 0
1  324 0 0 2.15091736341724
2  616 49 0 0 2.15091736341724
2  617 141 0 0 2.15091736341724
0

0101000
+403 0 -604 0 *
Ed
 1.5e-07 1 1 0
1  325 0 -10.9740826365825 2.22408263658245
2  618 146 0 -10.9740826365825 2.22408263658245
2  619 49 0 -10.9740826365825 2.22408263658245
0

0101000
+607 0 -606 0 *
Ed
 1e-07 1 1 0
1  324 0 15.3490826365828 17.5
2  616 49 0 15.3490826365828 17.5
2  617 141 0 15.3490826365828 17.5
0

0101000
+599 0 -408 0 *
Ed
 1e-07 1 1 0
1  326 0 0 15.301
2  620 50 0 0 15.301
2  621 49 0 0 15.301
0

0101000
+403 0 -998 0 *
Wi

0101100
-402 0 -603 0 +401 0 +597 0 -400 0 -407 0 -997 0 +399 0 *
Fa
0  1e-07 49 0

0101000
+398 0 *
Ed
 1e-07 1 1 0
1  327 0 1 1.495834
2  622 50 0 1 1.495834
2  623 141 0 1 1.495834
0

0101000
+589 0 -403 0 *
Wi

0101100
+587 0 -995 0 +399 0 +396 0 *
Fa
0  1e-07 50 0

0101000
+395 0 *
Ve
1e-07
31.1 108.785834 207.124
0 0

0101101
*
Ed
 1e-07 1 1 0
1  328 0 0 15.301
2  624 51 0 0 15.301
2  625 52 0 0 15.301
0

0101000
+393 0 -992 0 *
Ed
 1e-07 1 1 0
1  329 0 1 1.495834
2  626 51 0 1 1.495834
2  627 147 0 1 1.495834
0

0101000
+594 0 -393 0 *
Wi

0101100
+593 0 -991 0 +392 0 +391 0 *
Fa
0  1e-07 51 0

0101000
+390 0 *
Ve
1e-07
13.6 108.785834 207.124
0 0

0101101
*
Ed
 1e-07 1 1 0
1  330 0 0 2.15091736341751
2  628 52 0 0 2.15091736341751
2  629 147 0 0 2.15091736341751
0

0101000
+388 0 -545 0 *
Ed
 1.5e-07 1 1 0
1  331 0 -10.9740826365825 2.22408263658245
2  630 148 0 -10.9740826365825 2.22408263658245
2  631 52 0 -10.9740826365825 2.22408263658245
0

0101000
+548 0 -547 0 *
Ed
 1e-07 1 1 0
1  330 0 15.3490826365825 17.5
2  628 52 0 15.3490826365825 17.5
2  629 147 0 15.3490826365825 17.5
0

0101000
+540 0 -393 0 *
Ed
 1e-07 1 1 0
1  332 0 0 15.301
2  632 53 0 0 15.301
2  633 52 0 0 15.301
0

0101000
+388 0 -990 0 *
Wi

0101100
-387 0 -544 0 +386 0 +538 0 -385 0 -392 0 -989 0 +384 0 *
Fa
0  1e-07 52 0

0101000
+383 0 *
Ed
 1e-07 1 1 0
1  333 0 1 1.495834
2  634 53 0 1 1.495834
2  635 147 0 1 1.495834
0

0101000
+530 0 -388 0 *
Wi

0101100
+528 0 -987 0 +384 0 +381 0 *
Fa
0  1e-07 53 0

0101000
+380 0 *
Ve
1e-07
-13.6 108.785834 207.124
0 0

0101101
*
Ed
 1e-07 1 1 0
1  334 0 0 15.301
2  636 54 0 0 15.301
2  637 55 0 0 15.301
0

0101000
+378 0 -984 0 *
Ed
 1e-07 1 1 0
1  335 0 1 1.495834
2  638 54 0 1 1.495834
2  639 149 0 1 1.495834
0

0101000
+535 0 -378 0 *
Wi

0101100
+534 0 -983 0 +377 0 +376 0 *
Fa
0  1e-07 54 0

0101000
+375 0 *
Ve
1e-07
-31.1 108.785834 207.124
0 0

0101101
*
Ed
 1e-07 1 1 0
1  336 0 0 2.15091736341751
2  640 55 0 0 2.15091736341751
2  641 149 0 0 2.15091736341751
0

0101000
+373 0 -486 0 *
Ed
 1.5e-07 1 1 0
1  337 0 -10.9740826365824 2.22408263658245
2  642 150 0 -10.9740826365824 2.22408263658245
2  643 55 0 -10.9740826365824 2.22408263658245
0

0101000
+489 0 -488 0 *
Ed
 1e-07 1 1 0
1  336 0 15.3490826365825 17.5
2  640 55 0 15.3490826365825 17.5
2  641 149 0 15.3490826365825 17.5
0

0101000
+481 0 -378 0 *
Ed
 1e-07 1 1 0
1  338 0 0 15.301
2  644 56 0 0 15.301
2  645 55 0 0 15.301
0

0101000
+373 0 -982 0 *
Wi

0101100
-372 0 -485 0 +371 0 +479 0 -370 0 -377 0 -981 0 +369 0 *
Fa
0  1e-07 55 0

0101000
+368 0 *
Ed
 1e-07 1 1 0
1  339 0 1 1.495834
2  646 56 0 1 1.495834
2  647 149 0 1 1.495834
0

0101000
+473 0 -373 0 *
Wi

0101100
+471 0 -979 0 +369 0 +366 0 *
Fa
0  1e-07 56 0

0101000
+365 0 *
Wi

0101100
+475 0 -975 0 +427 0 +424 0 *
Fa
0  1e-07 57 0

0101000
+363 0 *
Ed
 1e-07 1 1 0
1  340 0 0 3.28500000000001
0

0101000
+942 0 -949 0 *
Wi

0101100
+948 0 -941 0 +361 0 *
Fa
0  1e-07 151 0

0101000
+360 0 *
Wi

0101100
+884 0 -946 0 +361 0 +938 0 *
Fa
0  1e-07 152 0

0101000
+358 0 *
Ed
 1.5e-07 1 1 0
1  341 0 3 19
0

0101000
+893 0 -869 0 *
Wi

0101100
-866 0 +872 0 +879 0 -858 0 +892 0 -356 0 *
Fa
0  1e-07 153 0

0101000
+355 0 *
Ve
1e-07
-104.25 92.29 229.119
0 0

0101101
*
Ed
 1e-07 1 1 0
1  342 0 0 22
0

0101000
-868 0 +353 0 *
Ve
1e-07
-104.25 92.29 181.3
0 0

0101101
*
Ed
 1e-07 1 1 0
1  343 0 0 6
0

0101000
+351 0 -891 0 *
Ed
 1e-07 1 1 0
1  344 0 0 47.819
0

0101000
-353 0 +351 0 *
Wi

0101100
-352 0 +867 0 +356 0 -890 0 +350 0 -349 0 *
Fa
0  1e-07 154 0

0101000
+348 0 *
Ve
1e-07
-101.25 92.29 181.3
0 0

0101101
*
Ed
 1e-07 1 1 0
1  345 0 0 6
0

0101000
+346 0 -889 0 *
Ed
 1e-07 1 1 0
1  346 0 0 3
0

0101000
-351 0 +346 0 *
Wi

0101100
-345 0 -888 0 +350 0 +344 0 *
Fa
0  1e-07 155 0

0101000
+343 0 *
Ve
1e-07
-101.25 92.29 229.119
0 0

0101101
*
Ed
 1e-07 1 1 0
1  347 0 0 22
0

0101000
-863 0 +341 0 *
Ed
 1e-07 1 1 0
1  348 0 0 47.819
0

0101000
-341 0 +346 0 *
Wi

0101100
-340 0 +862 0 +828 0 -886 0 +345 0 -339 0 *
Fa
0  1e-07 156 0

0101000
+338 0 *
Ed
 1e-07 1 1 0
1  349 0 0 3
0

0101000
-353 0 +341 0 *
Wi

0101100
-340 0 -861 0 +352 0 +336 0 *
Fa
0  1e-07 157 0

0111000
+335 0 *
Wi

0101100
-841 0 -837 0 +852 0 +846 0 *
Fa
0  1e-07 158 0

0111000
+333 0 *
Wi

0101100
-419 0 -415 0 +411 0 +822 0 *
Fa
0  1e-07 70 0

0111000
+331 0 *
Ed
 1e-07 1 1 0
1  350 0 0.0999999999999943 6.09999999999999
2  648 72 0 0.0999999999999943 6.09999999999999
2  649 71 0 0.0999999999999943 6.09999999999999
0

0101000
+469 0 -817 0 *
Ed
 1e-07 1 1 0
1  351 0 0.0999999999999943 6.09999999999999
2  650 73 0 0.0999999999999943 6.09999999999999
2  651 71 0 0.0999999999999943 6.09999999999999
0

0101000
+468 0 -816 0 *
Wi

0101100
-329 0 -815 0 +328 0 +467 0 *
Fa
0  1e-07 71 0

0101000
+327 0 *
Ed
 1e-07 1 1 0
1  352 0 0.0999999999999943 6.09999999999999
2  652 72 0 0.0999999999999943 6.09999999999999
2  653 74 0 0.0999999999999943 6.09999999999999
0

0101000
+466 0 -814 0 *
Wi

0101100
-329 0 -813 0 +325 0 +465 0 *
Fa
0  1e-07 72 0

0101000
+324 0 *
Ed
 1e-07 1 1 0
1  353 0 0.0999999999999943 6.09999999999999
2  654 73 0 0.0999999999999943 6.09999999999999
2  655 74 0 0.0999999999999943 6.09999999999999
0

0101000
+464 0 -812 0 *
Wi

0101100
-328 0 -811 0 +322 0 +463 0 *
Fa
0  1e-07 73 0

0101000
+321 0 *
Wi

0101100
-325 0 -810 0 +322 0 +462 0 *
Fa
0  1e-07 74 0

0101000
+319 0 *
Ed
 1e-07 1 1 0
1  354 0 0.0999999999999943 6.09999999999999
2  656 76 0 0.0999999999999943 6.09999999999999
2  657 75 0 0.0999999999999943 6.09999999999999
0

0101000
+460 0 -808 0 *
Ed
 1e-07 1 1 0
1  355 0 0.0999999999999943 6.09999999999999
2  658 77 0 0.0999999999999943 6.09999999999999
2  659 75 0 0.0999999999999943 6.09999999999999
0

0101000
+459 0 -807 0 *
Wi

0101100
-317 0 -806 0 +316 0 +458 0 *
Fa
0  1e-07 75 0

0101000
+315 0 *
Ed
 1e-07 1 1 0
1  356 0 0.0999999999999943 6.09999999999999
2  660 76 0 0.0999999999999943 6.09999999999999
2  661 78 0 0.0999999999999943 6.09999999999999
0

0101000
+457 0 -805 0 *
Wi

0101100
-317 0 -804 0 +313 0 +456 0 *
Fa
0  1e-07 76 0

0101000
+312 0 *
Ed
 1e-07 1 1 0
1  357 0 0.0999999999999943 6.09999999999999
2  662 77 0 0.0999999999999943 6.09999999999999
2  663 78 0 0.0999999999999943 6.09999999999999
0

0101000
+455 0 -803 0 *
Wi

0101100
-316 0 -802 0 +310 0 +454 0 *
Fa
0  1e-07 77 0

0101000
+309 0 *
Wi

0101100
-313 0 -801 0 +310 0 +453 0 *
Fa
0  1e-07 78 0

0101000
+307 0 *
Ed
 1e-07 1 1 0
1  358 0 0.0999999999999943 6.09999999999999
2  664 80 0 0.0999999999999943 6.09999999999999
2  665 79 0 0.0999999999999943 6.09999999999999
0

0101000
+526 0 -799 0 *
Ed
 1e-07 1 1 0
1  359 0 0.0999999999999943 6.09999999999999
2  666 81 0 0.0999999999999943 6.09999999999999
2  667 79 0 0.0999999999999943 6.09999999999999
0

0101000
+525 0 -798 0 *
Wi

0101100
-305 0 -797 0 +304 0 +524 0 *
Fa
0  1e-07 79 0

0101000
+303 0 *
Ed
 1e-07 1 1 0
1  360 0 0.0999999999999943 6.09999999999999
2  668 80 0 0.0999999999999943 6.09999999999999
2  669 82 0 0.0999999999999943 6.09999999999999
0

0101000
+523 0 -796 0 *
Wi

0101100
-305 0 -795 0 +301 0 +522 0 *
Fa
0  1e-07 80 0

0101000
+300 0 *
Ed
 1e-07 1 1 0
1  361 0 0.0999999999999943 6.09999999999999
2  670 81 0 0.0999999999999943 6.09999999999999
2  671 82 0 0.0999999999999943 6.09999999999999
0

0101000
+521 0 -794 0 *
Wi

0101100
-304 0 -793 0 +298 0 +520 0 *
Fa
0  1e-07 81 0

0101000
+297 0 *
Wi

0101100
-301 0 -792 0 +298 0 +519 0 *
Fa
0  1e-07 82 0

0101000
+295 0 *
Ed
 1e-07 1 1 0
1  362 0 0.0999999999999943 6.09999999999999
2  672 84 0 0.0999999999999943 6.09999999999999
2  673 83 0 0.0999999999999943 6.09999999999999
0

0101000
+451 0 -789 0 *
Ed
 1e-07 1 1 0
1  363 0 0.0999999999999943 6.09999999999999
2  674 85 0 0.0999999999999943 6.09999999999999
2  675 83 0 0.0999999999999943 6.09999999999999
0

0101000
+450 0 -788 0 *
Wi

0101100
-293 0 -787 0 +292 0 +449 0 *
Fa
0  1e-07 83 0

0101000
+291 0 *
Ed
 1e-07 1 1 0
1  364 0 0.0999999999999943 6.09999999999999
2  676 84 0 0.0999999999999943 6.09999999999999
2  677 86 0 0.0999999999999943 6.09999999999999
0

0101000
+448 0 -786 0 *
Wi

0101100
-293 0 -785 0 +289 0 +447 0 *
Fa
0  1e-07 84 0

0101000
+288 0 *
Ed
 1e-07 1 1 0
1  365 0 0.0999999999999943 6.09999999999999
2  678 85 0 0.0999999999999943 6.09999999999999
2  679 86 0 0.0999999999999943 6.09999999999999
0

0101000
+446 0 -784 0 *
Wi

0101100
-292 0 -783 0 +286 0 +445 0 *
Fa
0  1e-07 85 0

0101000
+285 0 *
Wi

0101100
-289 0 -782 0 +286 0 +444 0 *
Fa
0  1e-07 86 0

0101000
+283 0 *
Ed
 1e-07 1 1 0
1  366 0 0.0999999999999943 6.09999999999999
2  680 88 0 0.0999999999999943 6.09999999999999
2  681 87 0 0.0999999999999943 6.09999999999999
0

0101000
+442 0 -780 0 *
Ed
 1e-07 1 1 0
1  367 0 0.0999999999999943 6.09999999999999
2  682 89 0 0.0999999999999943 6.09999999999999
2  683 87 0 0.0999999999999943 6.09999999999999
0

0101000
+441 0 -779 0 *
Wi

0101100
-281 0 -778 0 +280 0 +440 0 *
Fa
0  1e-07 87 0

0101000
+279 0 *
Ed
 1e-07 1 1 0
1  368 0 0.0999999999999943 6.09999999999999
2  684 88 0 0.0999999999999943 6.09999999999999
2  685 90 0 0.0999999999999943 6.09999999999999
0

0101000
+439 0 -777 0 *
Wi

0101100
-281 0 -776 0 +277 0 +438 0 *
Fa
0  1e-07 88 0

0101000
+276 0 *
Ed
 1e-07 1 1 0
1  369 0 0.0999999999999943 6.09999999999999
2  686 89 0 0.0999999999999943 6.09999999999999
2  687 90 0 0.0999999999999943 6.09999999999999
0

0101000
+437 0 -775 0 *
Wi

0101100
-280 0 -774 0 +274 0 +436 0 *
Fa
0  1e-07 89 0

0101000
+273 0 *
Wi

0101100
-277 0 -773 0 +274 0 +435 0 *
Fa
0  1e-07 90 0

0101000
+271 0 *
Ed
 1e-07 1 1 0
1  370 0 0.0999999999999943 6.09999999999999
2  688 92 0 0.0999999999999943 6.09999999999999
2  689 91 0 0.0999999999999943 6.09999999999999
0

0101000
+508 0 -771 0 *
Ed
 1e-07 1 1 0
1  371 0 0.0999999999999943 6.09999999999999
2  690 93 0 0.0999999999999943 6.09999999999999
2  691 91 0 0.0999999999999943 6.09999999999999
0

0101000
+507 0 -770 0 *
Wi

0101100
-269 0 -769 0 +268 0 +506 0 *
Fa
0  1e-07 91 0

0101000
+267 0 *
Ed
 1e-07 1 1 0
1  372 0 0.0999999999999943 6.09999999999999
2  692 92 0 0.0999999999999943 6.09999999999999
2  693 94 0 0.0999999999999943 6.09999999999999
0

0101000
+505 0 -768 0 *
Wi

0101100
-269 0 -767 0 +265 0 +504 0 *
Fa
0  1e-07 92 0

0101000
+264 0 *
Ed
 1e-07 1 1 0
1  373 0 0.0999999999999943 6.09999999999999
2  694 93 0 0.0999999999999943 6.09999999999999
2  695 94 0 0.0999999999999943 6.09999999999999
0

0101000
+503 0 -766 0 *
Wi

0101100
-268 0 -765 0 +262 0 +502 0 *
Fa
0  1e-07 93 0

0101000
+261 0 *
Wi

0101100
-265 0 -764 0 +262 0 +501 0 *
Fa
0  1e-07 94 0

0101000
+259 0 *
Ed
 1e-07 1 1 0
1  374 0 0.0999999999999943 6.09999999999999
2  696 96 0 0.0999999999999943 6.09999999999999
2  697 95 0 0.0999999999999943 6.09999999999999
0

0101000
+517 0 -762 0 *
Ed
 1e-07 1 1 0
1  375 0 0.0999999999999943 6.09999999999999
2  698 97 0 0.0999999999999943 6.09999999999999
2  699 95 0 0.0999999999999943 6.09999999999999
0

0101000
+516 0 -761 0 *
Wi

0101100
-257 0 -760 0 +256 0 +515 0 *
Fa
0  1e-07 95 0

0101000
+255 0 *
Ed
 1e-07 1 1 0
1  376 0 0.0999999999999943 6.09999999999999
2  700 96 0 0.0999999999999943 6.09999999999999
2  701 98 0 0.0999999999999943 6.09999999999999
0

0101000
+514 0 -759 0 *
Wi

0101100
-257 0 -758 0 +253 0 +513 0 *
Fa
0  1e-07 96 0

0101000
+252 0 *
Ed
 1e-07 1 1 0
1  377 0 0.0999999999999943 6.09999999999999
2  702 97 0 0.0999999999999943 6.09999999999999
2  703 98 0 0.0999999999999943 6.09999999999999
0

0101000
+512 0 -757 0 *
Wi

0101100
-256 0 -756 0 +250 0 +511 0 *
Fa
0  1e-07 97 0

0101000
+249 0 *
Wi

0101100
-253 0 -755 0 +250 0 +510 0 *
Fa
0  1e-07 98 0

0101000
+247 0 *
Ed
 1e-07 1 1 0
1  378 0 0.0999999999999943 6.09999999999999
2  704 100 0 0.0999999999999943 6.09999999999999
2  705 99 0 0.0999999999999943 6.09999999999999
0

0101000
+585 0 -753 0 *
Ed
 1e-07 1 1 0
1  379 0 0.0999999999999943 6.09999999999999
2  706 101 0 0.0999999999999943 6.09999999999999
2  707 99 0 0.0999999999999943 6.09999999999999
0

0101000
+584 0 -752 0 *
Wi

0101100
-245 0 -751 0 +244 0 +583 0 *
Fa
0  1e-07 99 0

0101000
+243 0 *
Ed
 1e-07 1 1 0
1  380 0 0.0999999999999943 6.09999999999999
2  708 100 0 0.0999999999999943 6.09999999999999
2  709 102 0 0.0999999999999943 6.09999999999999
0

0101000
+582 0 -750 0 *
Wi

0101100
-245 0 -749 0 +241 0 +581 0 *
Fa
0  1e-07 100 0

0101000
+240 0 *
Ed
 1e-07 1 1 0
1  381 0 0.0999999999999943 6.09999999999999
2  710 101 0 0.0999999999999943 6.09999999999999
2  711 102 0 0.0999999999999943 6.09999999999999
0

0101000
+580 0 -748 0 *
Wi

0101100
-244 0 -747 0 +238 0 +579 0 *
Fa
0  1e-07 101 0

0101000
+237 0 *
Wi

0101100
-241 0 -746 0 +238 0 +578 0 *
Fa
0  1e-07 102 0

0101000
+235 0 *
Ed
 1e-07 1 1 0
1  382 0 0.0999999999999943 6.09999999999999
2  712 104 0 0.0999999999999943 6.09999999999999
2  713 103 0 0.0999999999999943 6.09999999999999
0

0101000
+567 0 -744 0 *
Ed
 1e-07 1 1 0
1  383 0 0.0999999999999943 6.09999999999999
2  714 105 0 0.0999999999999943 6.09999999999999
2  715 103 0 0.0999999999999943 6.09999999999999
0

0101000
+566 0 -743 0 *
Wi

0101100
-233 0 -742 0 +232 0 +565 0 *
Fa
0  1e-07 103 0

0101000
+231 0 *
Ed
 1e-07 1 1 0
1  384 0 0.0999999999999943 6.09999999999999
2  716 104 0 0.0999999999999943 6.09999999999999
2  717 106 0 0.0999999999999943 6.09999999999999
0

0101000
+564 0 -741 0 *
Wi

0101100
-233 0 -740 0 +229 0 +563 0 *
Fa
0  1e-07 104 0

0101000
+228 0 *
Ed
 1e-07 1 1 0
1  385 0 0.0999999999999943 6.09999999999999
2  718 105 0 0.0999999999999943 6.09999999999999
2  719 106 0 0.0999999999999943 6.09999999999999
0

0101000
+562 0 -739 0 *
Wi

0101100
-232 0 -738 0 +226 0 +561 0 *
Fa
0  1e-07 105 0

0101000
+225 0 *
Wi

0101100
-229 0 -737 0 +226 0 +560 0 *
Fa
0  1e-07 106 0

0101000
+223 0 *
Ed
 1e-07 1 1 0
1  386 0 0.0999999999999943 6.09999999999999
2  720 108 0 0.0999999999999943 6.09999999999999
2  721 107 0 0.0999999999999943 6.09999999999999
0

0101000
+626 0 -735 0 *
Ed
 1e-07 1 1 0
1  387 0 0.0999999999999943 6.09999999999999
2  722 109 0 0.0999999999999943 6.09999999999999
2  723 107 0 0.0999999999999943 6.09999999999999
0

0101000
+625 0 -734 0 *
Wi

0101100
-221 0 -733 0 +220 0 +624 0 *
Fa
0  1e-07 107 0

0101000
+219 0 *
Ed
 1e-07 1 1 0
1  388 0 0.0999999999999943 6.09999999999999
2  724 108 0 0.0999999999999943 6.09999999999999
2  725 110 0 0.0999999999999943 6.09999999999999
0

0101000
+623 0 -732 0 *
Wi

0101100
-221 0 -731 0 +217 0 +622 0 *
Fa
0  1e-07 108 0

0101000
+216 0 *
Ed
 1e-07 1 1 0
1  389 0 0.0999999999999943 6.09999999999999
2  726 109 0 0.0999999999999943 6.09999999999999
2  727 110 0 0.0999999999999943 6.09999999999999
0

0101000
+621 0 -730 0 *
Wi

0101100
-220 0 -729 0 +214 0 +620 0 *
Fa
0  1e-07 109 0

0101000
+213 0 *
Wi

0101100
-217 0 -728 0 +214 0 +619 0 *
Fa
0  1e-07 110 0

0101000
+211 0 *
Ed
 1e-07 1 1 0
1  390 0 0.0999999999999943 6.09999999999999
2  728 112 0 0.0999999999999943 6.09999999999999
2  729 111 0 0.0999999999999943 6.09999999999999
0

0101000
+499 0 -726 0 *
Ed
 1e-07 1 1 0
1  391 0 0.0999999999999943 6.09999999999999
2  730 113 0 0.0999999999999943 6.09999999999999
2  731 111 0 0.0999999999999943 6.09999999999999
0

0101000
+498 0 -725 0 *
Wi

0101100
-209 0 -724 0 +208 0 +497 0 *
Fa
0  1e-07 111 0

0101000
+207 0 *
Ed
 1e-07 1 1 0
1  392 0 0.0999999999999943 6.09999999999999
2  732 112 0 0.0999999999999943 6.09999999999999
2  733 114 0 0.0999999999999943 6.09999999999999
0

0101000
+496 0 -723 0 *
Wi

0101100
-209 0 -722 0 +205 0 +495 0 *
Fa
0  1e-07 112 0

0101000
+204 0 *
Ed
 1e-07 1 1 0
1  393 0 0.0999999999999943 6.09999999999999
2  734 113 0 0.0999999999999943 6.09999999999999
2  735 114 0 0.0999999999999943 6.09999999999999
0

0101000
+494 0 -721 0 *
Wi

0101100
-208 0 -720 0 +202 0 +493 0 *
Fa
0  1e-07 113 0

0101000
+201 0 *
Wi

0101100
-205 0 -719 0 +202 0 +492 0 *
Fa
0  1e-07 114 0

0101000
+199 0 *
Ed
 1e-07 1 1 0
1  394 0 0.0999999999999943 6.09999999999999
2  736 116 0 0.0999999999999943 6.09999999999999
2  737 115 0 0.0999999999999943 6.09999999999999
0

0101000
+576 0 -717 0 *
Ed
 1e-07 1 1 0
1  395 0 0.0999999999999943 6.09999999999999
2  738 117 0 0.0999999999999943 6.09999999999999
2  739 115 0 0.0999999999999943 6.09999999999999
0

0101000
+575 0 -716 0 *
Wi

0101100
-197 0 -715 0 +196 0 +574 0 *
Fa
0  1e-07 115 0

0101000
+195 0 *
Ed
 1e-07 1 1 0
1  396 0 0.0999999999999943 6.09999999999999
2  740 116 0 0.0999999999999943 6.09999999999999
2  741 118 0 0.0999999999999943 6.09999999999999
0

0101000
+573 0 -714 0 *
Wi

0101100
-197 0 -713 0 +193 0 +572 0 *
Fa
0  1e-07 116 0

0101000
+192 0 *
Ed
 1e-07 1 1 0
1  397 0 0.0999999999999943 6.09999999999999
2  742 117 0 0.0999999999999943 6.09999999999999
2  743 118 0 0.0999999999999943 6.09999999999999
0

0101000
+571 0 -712 0 *
Wi

0101100
-196 0 -711 0 +190 0 +570 0 *
Fa
0  1e-07 117 0

0101000
+189 0 *
Wi

0101100
-193 0 -710 0 +190 0 +569 0 *
Fa
0  1e-07 118 0

0101000
+187 0 *
Ed
 1e-07 1 1 0
1  398 0 0.0999999999999943 6.09999999999999
2  744 120 0 0.0999999999999943 6.09999999999999
2  745 119 0 0.0999999999999943 6.09999999999999
0

0101000
+558 0 -708 0 *
Ed
 1e-07 1 1 0
1  399 0 0.0999999999999943 6.09999999999999
2  746 121 0 0.0999999999999943 6.09999999999999
2  747 119 0 0.0999999999999943 6.09999999999999
0

0101000
+557 0 -707 0 *
Wi

0101100
-185 0 -706 0 +184 0 +556 0 *
Fa
0  1e-07 119 0

0101000
+183 0 *
Ed
 1e-07 1 1 0
1  400 0 0.0999999999999943 6.09999999999999
2  748 120 0 0.0999999999999943 6.09999999999999
2  749 122 0 0.0999999999999943 6.09999999999999
0

0101000
+555 0 -705 0 *
Wi

0101100
-185 0 -704 0 +181 0 +554 0 *
Fa
0  1e-07 120 0

0101000
+180 0 *
Ed
 1e-07 1 1 0
1  401 0 0.0999999999999943 6.09999999999999
2  750 121 0 0.0999999999999943 6.09999999999999
2  751 122 0 0.0999999999999943 6.09999999999999
0

0101000
+553 0 -703 0 *
Wi

0101100
-184 0 -702 0 +178 0 +552 0 *
Fa
0  1e-07 121 0

0101000
+177 0 *
Wi

0101100
-181 0 -701 0 +178 0 +551 0 *
Fa
0  1e-07 122 0

0101000
+175 0 *
Ed
 1e-07 1 1 0
1  402 0 0.0999999999999943 6.09999999999999
2  752 126 0 0.0999999999999943 6.09999999999999
2  753 123 0 0.0999999999999943 6.09999999999999
0

0101000
+617 0 -699 0 *
Ed
 1e-07 1 1 0
1  403 0 0.0999999999999943 6.09999999999999
2  754 124 0 0.0999999999999943 6.09999999999999
2  755 123 0 0.0999999999999943 6.09999999999999
0

0101000
+616 0 -698 0 *
Wi

0101100
-173 0 -697 0 +172 0 +615 0 *
Fa
0  1e-07 123 0

0101000
+171 0 *
Ed
 1e-07 1 1 0
1  404 0 0.0999999999999943 6.09999999999999
2  756 124 0 0.0999999999999943 6.09999999999999
2  757 125 0 0.0999999999999943 6.09999999999999
0

0101000
+612 0 -696 0 *
Wi

0101100
-172 0 -695 0 +169 0 +611 0 *
Fa
0  1e-07 124 0

0101000
+168 0 *
Ed
 1e-07 1 1 0
1  405 0 0.0999999999999943 6.09999999999999
2  758 126 0 0.0999999999999943 6.09999999999999
2  759 125 0 0.0999999999999943 6.09999999999999
0

0101000
+614 0 -694 0 *
Wi

0101100
-166 0 -693 0 +169 0 +610 0 *
Fa
0  1e-07 125 0

0101000
+165 0 *
Wi

0101100
-173 0 -692 0 +166 0 +613 0 *
Fa
0  1e-07 126 0

0101000
+163 0 *
Ve
1.5e-07
101.25 114.29 225.619
0 0

0101101
*
Ed
 1e-07 1 1 0
1  406 0 3 10.25
2  760 159 0 3 10.25
2  761 128 0 3 10.25
2  762 160 0 3 10.25
0

0101000
+650 0 -161 0 *
Ve
1.5e-07
101.25 98.29 225.619
0 0

0101101
*
Ed
 1.5e-07 1 1 0
1  407 0 3 19
2  763 128 0 3 19
2  764 161 0 3 19
0

0101000
+159 0 -161 0 *
Ed
 1e-07 1 1 0
1  408 0 0 10.25
2  765 132 0 0 10.25
2  766 128 0 0 10.25
0

0101000
+689 0 -159 0 *
Ed
 1.5e-07 1 1 0
1  409 0 -3 0
2  767 128 0 -3 0
2  768 129 0 -3 0
0

0101000
+652 0 -688 0 *
Wi

0101100
-160 0 +158 0 +157 0 -687 0 +156 0 -649 0 *
Fa
0  1e-07 128 0

0101000
+155 0 *
Ed
 1e-07 1 1 0
1  410 0 0 3
2  769 129 0 0 3
2  770 130 0 0 3
0

0101000
-654 0 +686 0 *
Wi

0101100
-651 0 +153 0 +685 0 +156 0 *
Fa
0  1e-07 129 0

0101000
+152 0 *
Wi

0101100
-683 0 -664 0 +653 0 +153 0 *
Fa
0  1e-07 130 0

0101000
+150 0 *
Ve
1.5e-07
96.8546542238022 98.29 215.174345776198
0 0

0101101
*
Ed
 1.5e-07 1 1 0
1  411 0 0.25 10.25
2  771 145 0 0.25 10.25
2  772 131 0 0.25 10.25
0

0101000
+148 0 -630 0 *
Ed
 1.5e-07 1 1 0
1  412 0 -20.7885858134939 -12.5088544071879
2  773 132 0 -20.7885858134939 -12.5088544071879
2  774 131 0 -20.7885858134939 -12.5088544071879
0

0101000
+679 0 -148 0 *
Wi

0101100
+147 0 +628 0 +678 0 +146 0 *
Fa
0  1e-07 131 0

0111000
+145 0 *
Ve
1e-07
105.5 98.29 175.3
0 0

0101101
*
Ve
1e-07
105.5 98.29 225.619
0 0

0101101
*
Ed
 1e-07 1 1 0
1  413 0 0 50.319
2  221 162 0 0 50.319
2  775 132 0 0 50.319
4 G1 162 0 132 0
0

0101000
+143 0 -142 0 *
Ve
1.5e-07
104.25 98.29 225.619
0 0

0101101
*
Ed
 1e-07 1 1 0
1  408 0 13.25 14.5
2  765 132 0 13.25 14.5
2  766 128 0 13.25 14.5
0

0101000
+140 0 -142 0 *
Ve
1.5e-07
104.25 98.29 181.3
0 0

0101101
*
Ed
 1.5e-07 1 1 0
1  414 0 -47.319 -3
2  776 132 0 -47.319 -3
2  777 163 0 -47.319 -3
0

0101000
+140 0 -138 0 *
Ve
1.5e-07
101.25 98.29 181.3
0 0

0101101
*
Ed
 1.5e-07 1 1 0
1  415 0 5.125 8.125
2  778 132 0 5.125 8.125
2  779 164 0 5.125 8.125
0

0101000
+136 0 -138 0 *
Ed
 1.5e-07 1 1 0
1  416 0 -47.319 -3
2  780 132 0 -47.319 -3
2  781 161 0 -47.319 -3
0

0101000
+159 0 -136 0 *
Ve
1.50000014210855e-07
97.535 98.29 215.854691552396
0 0

0101101
*
Ed
 1.5e-07 1 1 0
1  417 0 15.6865658865388 16.6487201103409
2  782 132 0 15.6865658865388 16.6487201103409
2  783 145 0 15.6865658865388 16.6487201103409
0

0101000
+148 0 -133 0 *
Ve
1.50000014210855e-07
99.8578457761978 98.29 213.531845776198
0 0

0101101
*
Ed
 1.5e-07 1 1 0
1  418 0 -13.6702772952869 -10.3852772952869
2  784 132 0 -13.6702772952869 -10.3852772952869
2  785 165 0 -13.6702772952869 -10.3852772952869
0

0101000
+133 0 -131 0 *
Ve
1.50000085265128e-07
97.5350000000001 98.29 207.924
0 0

0101101
*
Ed
 1e-07 1 1 0
1  419 0 0.785398163397451 3.14159265358979
2  786 132 0 0.785398163397451 3.14159265358979
2  187 143 0 0.785398163397451 3.14159265358979
0

0101000
+131 0 -129 0 *
Ve
1.5e-07
91 98.29 207.924
0 0

0101101
*
Ed
 1.5e-07 1 1 0
1  420 0 -7.035 -0.5
2  787 132 0 -7.035 -0.5
2  788 166 0 -7.035 -0.5
0

0101000
+129 0 -127 0 *
Ve
1e-07
91 98.29 175.3
0 0

0101101
*
Ed
 1e-07 1 1 0
1  207 0 17.695 50.319
2  375 127 0 17.695 50.319
2  376 35 0 17.695 50.319
2  377 132 0 17.695 50.319
2  378 36 0 17.695 50.319
0

0101000
+127 0 -125 0 *
Ed
 1e-07 1 1 0
1  421 0 0 14.5
2  789 142 0 0 14.5
2  790 132 0 0 14.5
0

0101000
+125 0 -143 0 *
Wi

0101100
-141 0 +139 0 -137 0 +135 0 +134 0 +157 0 -677 0 -146 0 -132 0 -130 0 
-128 0 -126 0 -124 0 -123 0 *
Fa
0  1e-07 132 0

0101000
+122 0 *
Ve
1e-07
104.25 130.29 225.619
0 0

0101101
*
Ed
 1e-07 1 1 0
1  422 0 0 3
2  791 136 0 0 3
2  792 135 0 0 3
0

0101000
-671 0 +120 0 *
Ed
 1e-07 1 1 0
1  423 0 3 13.25
2  793 140 0 3 13.25
2  794 135 0 3 13.25
0

0101000
+657 0 -120 0 *
Wi

0101100
-670 0 +119 0 +118 0 +655 0 *
Fa
0  1e-07 135 0

0101000
+117 0 *
Ve
1e-07
104.25 130.29 175.3
0 0

0101101
*
Ed
 1e-07 1 1 0
1  424 0 0 50.319
2  795 136 0 0 50.319
2  796 140 0 0 50.319
0

0101000
-120 0 +115 0 *
Ed
 1e-07 1 1 0
1  425 0 0 3
2  797 136 0 0 3
2  798 137 0 0 3
0

0101000
-669 0 +115 0 *
Wi

0101100
-114 0 -119 0 +668 0 +113 0 *
Fa
0  1e-07 136 0

0111000
+112 0 *
Ed
 1e-07 1 1 0
1  426 0 3 13.25
2  799 140 0 3 13.25
2  800 137 0 3 13.25
0

0101000
+659 0 -115 0 *
Wi

0101100
-666 0 +113 0 +110 0 +658 0 *
Fa
0  1e-07 137 0

0101000
+109 0 *
Wi

0101100
-110 0 -114 0 +118 0 +656 0 *
Fa
0  1e-07 140 0

0101000
+107 0 *
Ve
1.5e-07
104.25 114.29 225.619
0 0

0101101
*
Ve
1e-07
104.25 114.29 229.119
0 0

0101101
*
Ed
 1e-07 1 1 0
1  427 0 44.319 47.819
2  801 163 0 44.319 47.819
2  802 167 0 44.319 47.819
2  803 160 0 44.319 47.819
0

0101000
+105 0 -104 0 *
Ve
1e-07
105.5 114.29 225.619
0 0

0101101
*
Ed
 1e-07 1 1 0
1  406 0 13.25 14.5
2  760 159 0 13.25 14.5
2  761 128 0 13.25 14.5
2  804 160 0 13.25 14.5
0

0101000
+105 0 -102 0 *
Ve
1e-07
105.5 114.29 175.3
0 0

0101101
*
Ed
 1e-07 1 1 0
1  428 0 0 50.319
2  224 168 0 0 50.319
2  805 159 0 0 50.319
4 G1 168 0 159 0
2  806 160 0 0 50.319
0

0101000
+100 0 -102 0 *
Ed
 1e-07 1 1 0
1  429 0 0 11.5
2  807 160 0 0 11.5
2  808 142 0 0 11.5
0

0101000
+100 0 -648 0 *
Ve
1e-07
101.25 114.29 229.119
0 0

0101101
*
Ed
 1e-07 1 1 0
1  430 0 44.319 47.819
2  809 161 0 44.319 47.819
2  810 167 0 44.319 47.819
2  811 160 0 44.319 47.819
0

0101000
+161 0 -97 0 *
Ed
 1e-07 1 1 0
1  431 0 0 3
2  812 167 0 0 3
2  813 169 0 0 3
2  814 160 0 0 3
0

0101000
-104 0 +97 0 *
Wi

0101100
-103 0 +101 0 -99 0 +98 0 -647 0 +160 0 +96 0 +95 0 *
Fa
0  1e-07 160 0

0111000
+94 0 *
Ve
1e-07
107.5 100.29 175.3
0 0

0101101
*
Ve
1e-07
107.5 112.29 175.3
0 0

0101101
*
Ed
 1e-07 1 1 0
1  432 0 2 14
2  815 170 0 2 14
2  816 142 0 2 14
0

0101000
+92 0 -91 0 *
Ed
 1e-07 1 1 0
1  433 0 1.5707963267949 3.14159265358979
2  68 168 0 1.5707963267949 3.14159265358979
2  817 142 0 1.5707963267949 3.14159265358979
0

0101000
+91 0 -100 0 *
Ed
 1e-07 1 1 0
1  434 0 0 10
2  818 127 0 0 10
2  819 142 0 0 10
2  820 35 0 0 10
2  821 36 0 0 10
0

0101000
+125 0 -638 0 *
Ed
 1e-07 1 1 0
1  435 0 4.71238898038469 6.28318530717959
2  73 162 0 4.71238898038469 6.28318530717959
2  822 142 0 4.71238898038469 6.28318530717959
0

0101000
+92 0 -143 0 *
Wi

0101100
+90 0 +89 0 +98 0 +646 0 -637 0 -88 0 +123 0 -87 0 *
Fa
0  1e-07 142 0

0111000
+86 0 *
Wi

0101100
+640 0 -598 0 -400 0 +406 0 *
Fa
0  1e-07 141 0

0101000
+84 0 *
Ed
 1.5e-07 1 1 0
1  436 0 0.125 10.125
2  823 36 0 0.125 10.125
2  824 166 0 0.125 10.125
0

0101000
+127 0 -636 0 *
Wi

0101100
-635 0 +88 0 +124 0 -82 0 *
Fa
0  1e-07 36 0

0101000
+81 0 *
Ed
 1e-07 1 1 0
1  437 0 0.25 10.25
2  825 166 0 0.25 10.25
2  826 171 0 0.25 10.25
2  61 143 0 0.25 10.25
0

0101000
+129 0 -634 0 *
Wi

0101100
+82 0 +633 0 -79 0 +126 0 *
Fa
0  1e-07 166 0

0111000
+78 0 *
Ve
1.00000028421709e-07
99.8578457761978 109.39 213.531845776198
0 0

0101101
*
Ve
1.63846659385975e-07
95.2121542238022 109.39 213.531845776198
0 0

0101101
*
Ed
 1e-07 1 1 0
1  438 0 0.785398163397451 5.49778714378214
2  186 143 0 0.785398163397451 5.49778714378214
2  827 172 0 0.785398163397451 5.49778714378214
0

0101000
+76 0 -75 0 *
Ed
 1e-07 1 1 0
1  439 0 10.25 11.35
2  828 145 0 10.25 11.35
2  829 173 0 10.25 11.35
2  185 143 0 10.25 11.35
0

0101000
+632 0 -75 0 *
Ed
 1e-07 1 1 0
1  440 0 0.25 11.35
2  830 165 0 0.25 11.35
2  831 173 0 0.25 11.35
2  188 143 0 0.25 11.35
0

0101000
+131 0 -76 0 *
Wi

0101100
-74 0 +73 0 +631 0 +79 0 +128 0 -72 0 *
Fa
0  1e-07 143 0

0101000
+71 0 *
Ve
1e-07
97.535 109.39 215.854691552396
0 0

0101101
*
Ed
 1e-07 1 1 0
1  441 0 0 3.28500000000001
2  832 174 0 0 3.28500000000001
2  833 145 0 0 3.28500000000001
0

0101000
+69 0 -75 0 *
Ed
 1e-07 1 1 0
1  442 0 0.25 11.35
2  834 165 0 0.25 11.35
2  835 145 0 0.25 11.35
0

0101000
+133 0 -69 0 *
Wi

0101100
-147 0 +629 0 -73 0 +68 0 +67 0 +132 0 *
Fa
0  1e-07 145 0

0101000
+66 0 *
Wi

0101100
+605 0 -401 0 *
Fa
0  1e-07 146 0

0101000
+64 0 *
Wi

0101100
-396 0 -402 0 -601 0 +588 0 *
Fa
0  1e-07 141 0

0101000
+62 0 *
Wi

0101100
+591 0 -539 0 -385 0 +391 0 *
Fa
0  1e-07 147 0

0101000
+60 0 *
Wi

0101100
+546 0 -386 0 *
Fa
0  1e-07 148 0

0101000
+58 0 *
Wi

0101100
-381 0 -387 0 -542 0 +529 0 *
Fa
0  1e-07 147 0

0101000
+56 0 *
Wi

0101100
+532 0 -480 0 -370 0 +376 0 *
Fa
0  1e-07 149 0

0101000
+54 0 *
Wi

0101100
+487 0 -371 0 *
Fa
0  1e-07 150 0

0101000
+52 0 *
Wi

0101100
-366 0 -372 0 -483 0 +472 0 *
Fa
0  1e-07 149 0

0101000
+50 0 *
Wi

0101100
-344 0 -349 0 +336 0 +339 0 *
Fa
0  1e-07 175 0

0111000
+48 0 *
Ve
1e-07
101.25 92.29 229.119
0 0

0101101
*
Ed
 1e-07 1 1 0
1  443 0 0 22
2  836 161 0 0 22
2  837 169 0 0 22
0

0101000
-97 0 +46 0 *
Ve
1e-07
101.25 92.29 181.3
0 0

0101101
*
Ed
 1e-07 1 1 0
1  444 0 0 6
2  838 161 0 0 6
2  839 164 0 0 6
0

0101000
+44 0 -136 0 *
Ed
 1e-07 1 1 0
1  445 0 0 47.819
2  840 161 0 0 47.819
2  841 176 0 0 47.819
0

0101000
-46 0 +44 0 *
Wi

0101100
-45 0 +96 0 +158 0 -134 0 +43 0 -42 0 *
Fa
0  1e-07 161 0

0101000
+41 0 *
Ve
1e-07
107.5 100.29 225.619
0 0

0101101
*
Ed
 1e-07 1 1 0
1  446 0 0 50.319
2  222 162 0 0 50.319
2  842 170 0 0 50.319
4 G1 162 0 170 0
0

0101000
+92 0 -39 0 *
Ed
 1e-07 1 1 0
1  447 0 4.71238898038469 6.28318530717959
2  232 162 0 4.71238898038469 6.28318530717959
2  843 128 0 4.71238898038469 6.28318530717959
0

0101000
+39 0 -142 0 *
Wi

0101100
+87 0 -38 0 +141 0 -37 0 *
Fa
0  0 162 0

0101000
+36 0 *
Ve
1e-07
107.5 112.29 225.619
0 0

0101101
*
Ed
 1e-07 1 1 0
1  448 0 1.5707963267949 3.14159265358979
2  226 168 0 1.5707963267949 3.14159265358979
2  844 128 0 1.5707963267949 3.14159265358979
0

0101000
+34 0 -102 0 *
Ed
 1e-07 1 1 0
1  449 0 2 14
2  845 170 0 2 14
2  846 128 0 2 14
0

0101000
+39 0 -34 0 *
Ed
 1.5e-07 1 1 0
1  450 0 3 19
2  847 128 0 3 19
2  848 163 0 3 19
0

0101000
+140 0 -105 0 *
Wi

0101100
-101 0 +33 0 +32 0 -37 0 +139 0 -31 0 *
Fa
0  1e-07 128 0

0101000
+30 0 *
Ve
1e-07
104.25 92.29 229.119
0 0

0101101
*
Ed
 1e-07 1 1 0
1  451 0 0 22
2  849 163 0 0 22
2  850 169 0 0 22
0

0101000
-104 0 +28 0 *
Ve
1e-07
104.25 92.29 181.3
0 0

0101101
*
Ed
 1e-07 1 1 0
1  452 0 0 6
2  851 163 0 0 6
2  852 164 0 0 6
0

0101000
+26 0 -138 0 *
Ed
 1e-07 1 1 0
1  453 0 0 47.819
2  853 163 0 0 47.819
2  854 176 0 0 47.819
0

0101000
-28 0 +26 0 *
Wi

0101100
-27 0 +103 0 +31 0 -137 0 +25 0 -24 0 *
Fa
0  1e-07 163 0

0101000
+23 0 *
Ed
 1e-07 1 1 0
1  454 0 0 3
2  855 176 0 0 3
2  856 164 0 0 3
0

0101000
-26 0 +44 0 *
Wi

0101100
-43 0 -135 0 +25 0 +21 0 *
Fa
0  1e-07 164 0

0101000
+20 0 *
Ed
 1e-07 1 1 0
1  455 0 0 3.28500000000001
2  857 174 0 0 3.28500000000001
2  858 165 0 0 3.28500000000001
0

0101000
+76 0 -69 0 *
Wi

0101100
+130 0 -67 0 +18 0 +72 0 *
Fa
0  1e-07 165 0

0101000
+17 0 *
Ed
 1e-07 1 1 0
1  456 0 0 50.319
2  223 168 0 0 50.319
2  859 170 0 0 50.319
4 G1 168 0 170 0
0

0101000
+91 0 -34 0 *
Wi

0101100
+89 0 -15 0 +99 0 -33 0 *
Fa
0  0 168 0

0101000
+14 0 *
Ed
 1e-07 1 1 0
1  457 0 0 3
2  860 176 0 0 3
2  861 169 0 0 3
0

0101000
-28 0 +46 0 *
Wi

0101100
-45 0 -95 0 +27 0 +12 0 *
Fa
0  1e-07 169 0

0111000
+11 0 *
Wi

0101100
-32 0 -38 0 +15 0 +90 0 *
Fa
0  1e-07 170 0

0101000
+9 0 *
Wi

0101100
+68 0 -74 0 +18 0 *
Fa
0  0 177 0

0101000
+7 0 *
Wi

0101100
-21 0 -24 0 +12 0 +42 0 *
Fa
0  1e-07 176 0

0111000
+5 0 *
Sh

0101100
-1114 0 +1107 0 +1102 0 +1089 0 -1068 0 -1039 0 -1026 0 +1021 0 +1016 0 +971 0 
+957 0 +952 0 +943 0 +936 0 -929 0 +924 0 -919 0 +916 0 -909 0 +904 0 
-899 0 +896 0 +882 0 -875 0 -870 0 -859 0 +856 0 -848 0 +843 0 +838 0 
-835 0 -832 0 +829 0 -826 0 +690 0 -675 0 +662 0 +644 0 -608 0 -595 0 
-549 0 -536 0 -490 0 -477 0 -433 0 -430 0 -425 0 +422 0 -417 0 +412 0 
+409 0 -404 0 -397 0 +394 0 -389 0 -382 0 +379 0 -374 0 -367 0 +364 0 
-362 0 -359 0 +357 0 -354 0 -347 0 +342 0 +337 0 -334 0 -332 0 -330 0 
-326 0 +323 0 -320 0 +318 0 -314 0 +311 0 -308 0 +306 0 -302 0 +299 0 
-296 0 +294 0 -290 0 +287 0 -284 0 +282 0 -278 0 +275 0 -272 0 +270 0 
-266 0 +263 0 -260 0 +258 0 -254 0 +251 0 -248 0 +246 0 -242 0 +239 0 
-236 0 +234 0 -230 0 +227 0 -224 0 +222 0 -218 0 +215 0 -212 0 +210 0 
-206 0 +203 0 -200 0 +198 0 -194 0 +191 0 -188 0 +186 0 -182 0 +179 0 
-176 0 +174 0 -170 0 -167 0 +164 0 +162 0 +154 0 -151 0 +149 0 -144 0 
-121 0 +116 0 +111 0 -108 0 -106 0 +93 0 -85 0 +83 0 -80 0 -77 0 
-70 0 -65 0 -63 0 +61 0 +59 0 -57 0 +55 0 +53 0 -51 0 +49 0 
+47 0 -40 0 -35 0 +29 0 +22 0 -19 0 -16 0 +13 0 +10 0 +8 0 
+6 0 -4 0 *
So

0100000
+3 0 *
Co

1100000
+2 0 *

+1 0 