ISO-10303-21;
HEADER;
FILE_DESCRIPTION(('Open CASCADE Model'),'2;1');
FILE_NAME('Open CASCADE Shape Model','1970-01-01T00:00:00',('Author'),(
    'Open CASCADE'),'Open CASCADE STEP processor 7.8','Open CASCADE 7.8'
  ,'Unknown');
FILE_SCHEMA(('AUTOMOTIVE_DESIGN { 1 0 10303 214 1 1 1 1 }'));
ENDSEC;
DATA;
#1 = ORIENTED_EDGE('',*,*,#189,.T.);
#2 = VECTOR('',#1220,1.);
#3 = CARTESIAN_POINT('',(7.806381745284,3.082784969547E-16));
#4 = DIRECTION('',(0.,1.,-3.491481338843E-15));
#5 = EDGE_CURVE('',#4089,#4524,#4861,.T.);
#6 = VERTEX_POINT('',#557);
#7 = CARTESIAN_POINT('',(4.998668855395,5.099484307517));
#8 = DEFINITIONAL_REPRESENTATION('',(#1617),#2723);
#9 = CARTESIAN_POINT('',(6.866,0.,7.231));
#10 = CARTESIAN_POINT('',(1.318367466211,4.902190240852));
#11 = DIRECTION('',(0.,1.));
#12 = PRODUCT_CONTEXT('',#504,'mechanical');
#13 = FACE_BOUND('',#2606,.F.);
#14 = VECTOR('',#2512,1.);
#15 = CARTESIAN_POINT('',(5.215,3.317644961472));
#16 = PLANE('',#212);
#17 = CARTESIAN_POINT('',(-3.81,19.558,-6.875298245557E-14));
#18 = DIRECTION('',(0.,0.,-1.));
#19 = SURFACE_CURVE('',#172,(#2066,#4067),.PCURVE_S1.);
#20 = VECTOR('',#4308,1.);
#21 = DIRECTION('',(1.,0.));
#22 = DIRECTION('',(1.,0.,0.));
#23 = ( GEOMETRIC_REPRESENTATION_CONTEXT(2) 
PARAMETRIC_REPRESENTATION_CONTEXT() REPRESENTATION_CONTEXT('2D SPACE',''
  ) );
#24 = CIRCLE('',#509,6.866);
#25 = ( GEOMETRIC_REPRESENTATION_CONTEXT(2) 
PARAMETRIC_REPRESENTATION_CONTEXT() REPRESENTATION_CONTEXT('2D SPACE',''
  ) );
#26 = CARTESIAN_POINT('',(3.81,0.,17.058));
#27 = PCURVE('',#4471,#3234);
#28 = DIRECTION('',(0.,1.,-3.491481338843E-15));
#29 = DIRECTION('',(-1.,1.224646799147E-16,0.));
#30 = DEFINITIONAL_REPRESENTATION('',(#1450),#1759);
#31 = DEFINITIONAL_REPRESENTATION('',(#1184),#1624);
#32 = EDGE_CURVE('',#2764,#240,#1471,.T.);
#33 = PCURVE('',#4415,#1536);
#34 = CARTESIAN_POINT('',(0.,0.,16.558));
#35 = DIRECTION('',(0.,1.));
#36 = ORIENTED_EDGE('',*,*,#4085,.T.);
#37 = LINE('',#3621,#2701);
#38 = CARTESIAN_POINT('',(2.057059584558,-3.728080588362));
#39 = B_SPLINE_CURVE_WITH_KNOTS('',3,(#4005,#1067,#1304,#3605,#2818,
    #2183,#1738,#4506,#4158,#356,#3372,#4432,#1375,#2845,#3418,#3627,
    #38,#3702,#3642,#4990,#4447,#2804,#4324,#2320,#63),
  .UNSPECIFIED.,.F.,.F.,(4,1,1,1,1,1,1,1,1,1,1,1,1,1,1,1,1,1,1,1,1,1,4),
  (3.14159265359,3.212992486626,3.284392319662,3.355792152698,
    3.427191985734,3.49859181877,3.569991651807,3.641391484843,
    3.712791317879,3.784191150915,3.855590983951,3.926990816987,
    3.998390650023,4.06979048306,4.141190316096,4.212590149132,
    4.283989982168,4.355389815204,4.42678964824,4.498189481276,
    4.569589314312,4.640989147349,4.712388980385),
  .QUASI_UNIFORM_KNOTS.);
#40 = CARTESIAN_POINT('',(1.327732823471,6.103972821274));
#41 = DIRECTION('',(0.,-1.,3.504150098834E-15));
#42 = DIRECTION('',(0.,1.,-3.491481338843E-15));
#43 = DEFINITIONAL_REPRESENTATION('',(#560),#4742);
#44 = ORIENTED_EDGE('',*,*,#4263,.T.);
#45 = DIRECTION('',(0.,-3.504150098834E-15,-1.));
#46 = ORIENTED_EDGE('',*,*,#189,.F.);
#47 = CARTESIAN_POINT('',(1.431138044572,-12.26335005679));
#48 = CARTESIAN_POINT('',(4.712388980385,1.142397328578));
#49 = CARTESIAN_POINT('',(6.28318530718,0.));
#50 = ( GEOMETRIC_REPRESENTATION_CONTEXT(2) 
PARAMETRIC_REPRESENTATION_CONTEXT() REPRESENTATION_CONTEXT('2D SPACE',''
  ) );
#51 = PCURVE('',#1568,#4472);
#52 = FACE_BOUND('',#135,.T.);
#53 = PCURVE('',#1282,#3768);
#54 = VECTOR('',#4664,1.);
#55 = CARTESIAN_POINT('',(1.905,-9.213056788419));
#56 = ORIENTED_EDGE('',*,*,#415,.T.);
#57 = PCURVE('',#3912,#3793);
#58 = CARTESIAN_POINT('',(7.62,-5.9135));
#59 = EDGE_LOOP('',(#3696,#4442,#2609,#1599));
#60 = EDGE_CURVE('',#3545,#4827,#4360,.T.);
#61 = ( GEOMETRIC_REPRESENTATION_CONTEXT(2) 
PARAMETRIC_REPRESENTATION_CONTEXT() REPRESENTATION_CONTEXT('2D SPACE',''
  ) );
#62 = VECTOR('',#1834,1.);
#63 = CARTESIAN_POINT('',(1.570796326795,-2.54));
#64 = SURFACE_CURVE('',#2256,(#3421,#1237),.PCURVE_S1.);
#65 = CARTESIAN_POINT('',(5.198652238148,-3.728080588362));
#66 = EDGE_CURVE('',#4462,#2638,#1942,.T.);
#67 = EDGE_CURVE('',#777,#639,#517,.T.);
#68 = CARTESIAN_POINT('',(4.983202023869,5.961952221807));
#69 = DIRECTION('',(-0.,-1.266875999118E-17,-1.));
#70 = CARTESIAN_POINT('',(6.151553269682,-5.059944208954));
#71 = DIRECTION('',(1.,0.,0.));
#72 = PCURVE('',#4415,#2492);
#73 = VECTOR('',#4953,1.);
#74 = DEFINITIONAL_REPRESENTATION('',(#3244),#3891);
#75 = DIRECTION('',(1.,0.,0.));
#76 = VECTOR('',#3263,1.);
#77 = CARTESIAN_POINT('',(0.,0.,19.558));
#78 = DIRECTION('',(0.,-1.,3.491481338843E-15));
#79 = PCURVE('',#16,#1803);
#80 = VERTEX_POINT('',#2391);
#81 = EDGE_CURVE('',#420,#3374,#3330,.T.);
#82 = CARTESIAN_POINT('',(5.215,6.69269475734E-16,19.558));
#83 = ( GEOMETRIC_REPRESENTATION_CONTEXT(2) 
PARAMETRIC_REPRESENTATION_CONTEXT() REPRESENTATION_CONTEXT('2D SPACE',''
  ) );
#84 = DIRECTION('',(0.,-0.,1.));
#85 = CARTESIAN_POINT('',(-3.81,0.685613576837));
#86 = VECTOR('',#756,1.);
#87 = AXIS2_PLACEMENT_3D('',#2259,#3010,#1609);
#88 = DIRECTION('',(1.,0.,0.));
#89 = CARTESIAN_POINT('',(1.26546758712,5.63566460156));
#90 = SURFACE_CURVE('',#4197,(#2238,#2570),.PCURVE_S1.);
#91 = PCURVE('',#577,#3734);
#92 = ( GEOMETRIC_REPRESENTATION_CONTEXT(2) 
PARAMETRIC_REPRESENTATION_CONTEXT() REPRESENTATION_CONTEXT('2D SPACE',''
  ) );
#93 = CIRCLE('',#2274,5.715);
#94 = DEFINITIONAL_REPRESENTATION('',(#4923),#3753);
#95 = ( GEOMETRIC_REPRESENTATION_CONTEXT(2) 
PARAMETRIC_REPRESENTATION_CONTEXT() REPRESENTATION_CONTEXT('2D SPACE',''
  ) );
#96 = CARTESIAN_POINT('',(5.020686681239,5.388159213304));
#97 = EDGE_CURVE('',#4524,#2431,#4728,.T.);
#98 = DEFINITIONAL_REPRESENTATION('',(#2400),#3354);
#99 = ( GEOMETRIC_REPRESENTATION_CONTEXT(2) 
PARAMETRIC_REPRESENTATION_CONTEXT() REPRESENTATION_CONTEXT('2D SPACE',''
  ) );
#100 = SURFACE_CURVE('',#3490,(#3922,#1682),.PCURVE_S1.);
#101 = CYLINDRICAL_SURFACE('',#4952,5.9135);
#102 = VERTEX_POINT('',#1068);
#103 = CARTESIAN_POINT('',(2.94387504934,-18.44112212223));
#104 = CARTESIAN_POINT('',(3.554624035333,-4.868460941473));
#105 = EDGE_CURVE('',#799,#1351,#3591,.T.);
#106 = AXIS2_PLACEMENT_3D('',#1177,#5040,#1549);
#107 = CARTESIAN_POINT('',(4.74735685149,-12.19612802657));
#108 = TOROIDAL_SURFACE('',#2304,6.866,0.5);
#109 = CARTESIAN_POINT('',(4.002302353495,-4.197387538606));
#110 = PCURVE('',#3498,#1034);
#111 = LINE('',#3818,#3166);
#112 = DEFINITIONAL_REPRESENTATION('',(#1274),#1289);
#113 = DIRECTION('',(0.,1.));
#114 = ORIENTED_EDGE('',*,*,#81,.T.);
#115 = CARTESIAN_POINT('',(0.,0.,15.08175));
#116 = CARTESIAN_POINT('',(-3.175,0.));
#117 = CARTESIAN_POINT('',(4.416224414679,5.762309265492));
#118 = CARTESIAN_POINT('',(7.853981633974,0.142799666072));
#119 = ( GEOMETRIC_REPRESENTATION_CONTEXT(2) 
PARAMETRIC_REPRESENTATION_CONTEXT() REPRESENTATION_CONTEXT('2D SPACE',''
  ) );
#120 = FACE_BOUND('',#1060,.T.);
#121 = CARTESIAN_POINT('',(6.4135,7.854272246332E-16,16.558));
#122 = CARTESIAN_POINT('',(0.,-3.5));
#123 = DIRECTION('',(1.,0.,0.));
#124 = SURFACE_CURVE('',#3775,(#4410,#3698),.PCURVE_S1.);
#125 = DIRECTION('',(1.,0.));
#126 = DIRECTION('',(1.,0.));
#127 = CARTESIAN_POINT('',(4.712388980385,-0.785398163397));
#128 = EDGE_CURVE('',#853,#3481,#1664,.T.);
#129 = CARTESIAN_POINT('',(4.712388980385,-0.499798831253));
#130 = EDGE_LOOP('',(#5070,#2022,#56,#1727,#3340,#2744,#3547));
#131 = DIRECTION('',(0.,1.,-3.491481338843E-15));
#132 = EDGE_CURVE('',#639,#777,#1387,.T.);
#133 = LINE('',#975,#4724);
#134 = DIRECTION('',(-1.,0.));
#135 = EDGE_LOOP('',(#1467,#2831,#1548,#2163));
#136 = CARTESIAN_POINT('',(6.4135,16.558,-5.85973752332E-14));
#137 = ( GEOMETRIC_REPRESENTATION_CONTEXT(2) 
PARAMETRIC_REPRESENTATION_CONTEXT() REPRESENTATION_CONTEXT('2D SPACE',''
  ) );
#138 = CARTESIAN_POINT('',(0.,6.731,-5.925));
#139 = AXIS2_PLACEMENT_2D('',#1750,#1940);
#140 = ( GEOMETRIC_REPRESENTATION_CONTEXT(2) 
PARAMETRIC_REPRESENTATION_CONTEXT() REPRESENTATION_CONTEXT('2D SPACE',''
  ) );
#141 = AXIS2_PLACEMENT_3D('',#1444,#3804,#1629);
#142 = SURFACE_CURVE('',#3835,(#2039,#4205),.PCURVE_S1.);
#143 = CARTESIAN_POINT('',(3.14159265359,0.));
#144 = DIRECTION('',(-1.,-1.224646799147E-16,0.));
#145 = CARTESIAN_POINT('',(-5.966698525724,-9.358375));
#146 = PCURVE('',#4674,#2443);
#147 = LINE('',#3463,#3082);
#148 = DEFINITIONAL_REPRESENTATION('',(#2070),#1200);
#149 = CARTESIAN_POINT('',(1.901389978614,6.752959832676,6.752959832675
    ));
#150 = VECTOR('',#647,1.);
#151 = VECTOR('',#4694,1.);
#152 = DIRECTION('',(1.,0.,0.));
#153 = ORIENTED_EDGE('',*,*,#2463,.F.);
#154 = ADVANCED_FACE('',(#1985),#2394,.T.);
#155 = CARTESIAN_POINT('',(6.28318530718,0.));
#156 = CARTESIAN_POINT('',(5.215,6.386533057553E-16,19.058));
#157 = LINE('',#2994,#2919);
#158 = VERTEX_POINT('',#2851);
#159 = CARTESIAN_POINT('',(6.25288733601,-19.38634851517));
#160 = PCURVE('',#3918,#1483);
#161 = ( GEOMETRIC_REPRESENTATION_CONTEXT(2) 
PARAMETRIC_REPRESENTATION_CONTEXT() REPRESENTATION_CONTEXT('2D SPACE',''
  ) );
#162 = DIRECTION('',(0.,-3.491481338843E-15,-1.));
#163 = LINE('',#3164,#4773);
#164 = VECTOR('',#2283,1.);
#165 = VERTEX_POINT('',#590);
#166 = FACE_BOUND('',#4946,.T.);
#167 = PCURVE('',#1885,#4059);
#168 = ORIENTED_EDGE('',*,*,#3536,.F.);
#169 = DIRECTION('',(-1.,0.,0.));
#170 = AXIS2_PLACEMENT_3D('',#630,#4963,#3799);
#171 = ( GEOMETRIC_REPRESENTATION_CONTEXT(2) 
PARAMETRIC_REPRESENTATION_CONTEXT() REPRESENTATION_CONTEXT('2D SPACE',''
  ) );
#172 = CIRCLE('',#4842,5.9135);
#173 = ( GEOMETRIC_REPRESENTATION_CONTEXT(2) 
PARAMETRIC_REPRESENTATION_CONTEXT() REPRESENTATION_CONTEXT('2D SPACE',''
  ) );
#174 = EDGE_CURVE('',#1351,#799,#4163,.T.);
#175 = ( GEOMETRIC_REPRESENTATION_CONTEXT(2) 
PARAMETRIC_REPRESENTATION_CONTEXT() REPRESENTATION_CONTEXT('2D SPACE',''
  ) );
#176 = VECTOR('',#3510,1.);
#177 = PCURVE('',#4225,#3856);
#178 = CARTESIAN_POINT('',(0.,0.,19.558));
#179 = CARTESIAN_POINT('',(4.501521772239,4.747644198445));
#180 = CARTESIAN_POINT('',(0.570311672973,-16.48411767728));
#181 = VECTOR('',#4217,1.);
#182 = ( GEOMETRIC_REPRESENTATION_CONTEXT(2) 
PARAMETRIC_REPRESENTATION_CONTEXT() REPRESENTATION_CONTEXT('2D SPACE',''
  ) );
#183 = DIRECTION('',(0.,-1.,0.));
#184 = DIRECTION('',(1.,0.));
#185 = DEFINITIONAL_REPRESENTATION('',(#1280),#195);
#186 = ( GEOMETRIC_REPRESENTATION_CONTEXT(2) 
PARAMETRIC_REPRESENTATION_CONTEXT() REPRESENTATION_CONTEXT('2D SPACE',''
  ) );
#187 = EDGE_LOOP('',(#395,#4673,#3717,#1376));
#188 = DEFINITIONAL_REPRESENTATION('',(#294),#3529);
#189 = EDGE_CURVE('',#639,#4351,#3604,.T.);
#190 = CARTESIAN_POINT('',(4.817207203587,-12.23205630842));
#191 = CARTESIAN_POINT('',(2.95675,-11.03474122527));
#192 = CARTESIAN_POINT('',(4.712388980385,7.139983303613E-02));
#193 = DEFINITIONAL_REPRESENTATION('',(#2608),#3103);
#194 = DIRECTION('',(1.,0.));
#195 = ( GEOMETRIC_REPRESENTATION_CONTEXT(2) 
PARAMETRIC_REPRESENTATION_CONTEXT() REPRESENTATION_CONTEXT('2D SPACE',''
  ) );
#196 = SURFACE_CURVE('',#2049,(#1964,#2679),.PCURVE_S1.);
#197 = DIRECTION('',(0.,1.));
#198 = DIRECTION('',(0.,1.));
#199 = ORIENTED_EDGE('',*,*,#1996,.F.);
#200 = ORIENTED_EDGE('',*,*,#3394,.T.);
#201 = EDGE_LOOP('',(#3686,#2506,#5072,#2663));
#202 = DIRECTION('',(-1.,0.,0.));
#203 = DIRECTION('',(0.,-0.,1.));
#204 = AXIS2_PLACEMENT_2D('',#1111,#1797);
#205 = VECTOR('',#2616,1.);
#206 = PCURVE('',#1885,#235);
#207 = B_SPLINE_CURVE_WITH_KNOTS('',3,(#797,#3,#1386,#2135,#4722,
    #837,#3378,#656,#4252,#4874,#1261,#675,#4340,#3004,#4555,#2597,
    #2079,#2993,#543,#2119,#541,#1532,#3915,#2509,#4435),
  .UNSPECIFIED.,.F.,.F.,(4,1,1,1,1,1,1,1,1,1,1,1,1,1,1,1,1,1,1,1,1,1,4),
  (0.,0.142799666072,0.285599332145,0.428398998217,0.571198664289,
    0.713998330361,0.856797996434,0.999597662506,1.142397328578,
    1.28519699465,1.427996660723,1.570796326795,1.713595992867,
    1.856395658939,1.999195325012,2.141994991084,2.284794657156,
    2.427594323228,2.570393989301,2.713193655373,2.855993321445,
    2.998792987518,3.14159265359),.QUASI_UNIFORM_KNOTS.);
#208 = DIRECTION('',(0.,0.,-1.));
#209 = CARTESIAN_POINT('',(0.,0.,15.558));
#210 = CARTESIAN_POINT('',(-1.354841319122,6.731,6.731));
#211 = DIRECTION('',(0.,0.,1.));
#212 = AXIS2_PLACEMENT_3D('',#1962,#1021,#2834);
#213 = LINE('',#2007,#3064);
#214 = PCURVE('',#3163,#1195);
#215 = DIRECTION('',(0.,1.));
#216 = CARTESIAN_POINT('',(0.,3.81,-3.175));
#217 = PCURVE('',#1639,#736);
#218 = ( GEOMETRIC_REPRESENTATION_CONTEXT(2) 
PARAMETRIC_REPRESENTATION_CONTEXT() REPRESENTATION_CONTEXT('2D SPACE',''
  ) );
#219 = AXIS2_PLACEMENT_3D('',#1851,#3026,#1218);
#220 = CARTESIAN_POINT('',(6.28318530718,3.14159265359));
#221 = VECTOR('',#632,1.);
#222 = DEFINITIONAL_REPRESENTATION('',(#2599),#271);
#223 = CARTESIAN_POINT('',(3.14159265359,0.));
#224 = DIRECTION('',(0.,1.,-1.266875999118E-17));
#225 = PCURVE('',#4674,#1611);
#226 = ORIENTED_EDGE('',*,*,#3873,.F.);
#227 = VECTOR('',#327,1.);
#228 = CARTESIAN_POINT('',(4.712388980385,-0.285599332145));
#229 = ( NAMED_UNIT(*) SI_UNIT($,.STERADIAN.) SOLID_ANGLE_UNIT() );
#230 = VERTEX_POINT('',#1641);
#231 = LINE('',#349,#2735);
#232 = VECTOR('',#215,1.);
#233 = CARTESIAN_POINT('',(0.,0.));
#234 = UNCERTAINTY_MEASURE_WITH_UNIT(LENGTH_MEASURE(1.E-05),#2767,
  'distance_accuracy_value','confusion accuracy');
#235 = DEFINITIONAL_REPRESENTATION('',(#3853),#4987);
#236 = ORIENTED_EDGE('',*,*,#1157,.T.);
#237 = ORIENTED_EDGE('',*,*,#2991,.T.);
#238 = PCURVE('',#1169,#1971);
#239 = LINE('',#4390,#877);
#240 = VERTEX_POINT('',#1337);
#241 = CARTESIAN_POINT('',(1.979619440442,6.762324641718,6.762324641718
    ));
#242 = ORIENTED_EDGE('',*,*,#1434,.F.);
#243 = LINE('',#4831,#86);
#244 = CARTESIAN_POINT('',(5.675,-1.370540946055E-16,0.));
#245 = CARTESIAN_POINT('',(5.9135,0.,16.058));
#246 = DEFINITIONAL_REPRESENTATION('',(#519),#2117);
#247 = DIRECTION('',(-1.,0.,0.));
#248 = SURFACE_CURVE('',#909,(#3342,#2973),.PCURVE_S1.);
#249 = CARTESIAN_POINT('',(0.,-3.81));
#250 = CARTESIAN_POINT('',(4.712388980385,0.285599332145));
#251 = CARTESIAN_POINT('',(-5.9135,7.241948846758E-16,15.558));
#252 = CARTESIAN_POINT('',(0.,-5.925));
#253 = LINE('',#2230,#1232);
#254 = PCURVE('',#2567,#4083);
#255 = EDGE_CURVE('',#3207,#4031,#5055,.T.);
#256 = ORIENTED_EDGE('',*,*,#2346,.T.);
#257 = CARTESIAN_POINT('',(4.712388980385,-7.139983303613E-02));
#258 = CARTESIAN_POINT('',(0.,-2.799542582851E-16,-2.54));
#259 = DIRECTION('',(0.,1.));
#260 = VECTOR('',#640,1.);
#261 = CARTESIAN_POINT('',(6.28318530718,3.14159265359));
#262 = ORIENTED_EDGE('',*,*,#4789,.T.);
#263 = PCURVE('',#1639,#3555);
#264 = DIRECTION('',(0.,1.));
#265 = CARTESIAN_POINT('',(-1.354841319122,6.731,6.731));
#266 = PCURVE('',#1515,#3567);
#267 = AXIS2_PLACEMENT_2D('',#116,#3047);
#268 = AXIS2_PLACEMENT_3D('',#2666,#2212,#1120);
#269 = CARTESIAN_POINT('',(11.827,-5.9135));
#270 = CARTESIAN_POINT('',(7.853981633974,0.785398163397));
#271 = ( GEOMETRIC_REPRESENTATION_CONTEXT(2) 
PARAMETRIC_REPRESENTATION_CONTEXT() REPRESENTATION_CONTEXT('2D SPACE',''
  ) );
#272 = CARTESIAN_POINT('',(0.,0.,15.08175));
#273 = DIRECTION('',(1.,0.));
#274 = DEFINITIONAL_REPRESENTATION('',(#1087),#1755);
#275 = CARTESIAN_POINT('',(0.,-2.54));
#276 = DEFINITIONAL_REPRESENTATION('',(#2858),#5023);
#277 = ADVANCED_FACE('',(#2251),#3504,.T.);
#278 = FACE_BOUND('',#2430,.F.);
#279 = VERTEX_POINT('',#580);
#280 = AXIS2_PLACEMENT_3D('',#4748,#3511,#4180);
#281 = PCURVE('',#4581,#4202);
#282 = CARTESIAN_POINT('',(0.,-3.5));
#283 = LINE('',#2486,#1696);
#284 = ( BOUNDED_CURVE() B_SPLINE_CURVE(2,(#2542,#2347,#2048,#516,
#55,#4090,#1398),.UNSPECIFIED.,.T.,.F.) B_SPLINE_CURVE_WITH_KNOTS((1,2
    ,2,2,2,1),(-2.094395102393,0.,2.094395102393,4.188790204786,
6.28318530718,8.377580409573),.UNSPECIFIED.) CURVE() 
GEOMETRIC_REPRESENTATION_ITEM() RATIONAL_B_SPLINE_CURVE((1.,0.5,1.,0.5,
1.,0.5,1.)) REPRESENTATION_ITEM('') );
#285 = FACE_BOUND('',#659,.T.);
#286 = DEFINITIONAL_REPRESENTATION('',(#2448),#1235);
#287 = LINE('',#3132,#3218);
#288 = EDGE_LOOP('',(#990,#3065,#4805,#1299));
#289 = SURFACE_CURVE('',#1899,(#4457,#4934),.PCURVE_S1.);
#290 = DIRECTION('',(1.,0.));
#291 = DEFINITIONAL_REPRESENTATION('',(#602),#994);
#292 = LINE('',#1833,#2897);
#293 = CARTESIAN_POINT('',(0.,7.231,-2.524690156117E-14));
#294 = B_SPLINE_CURVE_WITH_KNOTS('',3,(#4400,#2257,#2910,#2185,#1213,
    #3198,#3940,#4918,#4889,#2615,#1140,#4641,#4318,#936,#4899,#3127,
    #2510,#5034,#1900,#4186,#47,#2762,#4021,#3898,#4547),
  .UNSPECIFIED.,.F.,.F.,(4,1,1,1,1,1,1,1,1,1,1,1,1,1,1,1,1,1,1,1,1,1,4),
  (6.09143699168,6.108868656726,6.126300321771,6.143731986817,
    6.161163651862,6.178595316908,6.196026981953,6.213458646999,
    6.230890312045,6.24832197709,6.265753642136,6.283185307181,
    6.300616972227,6.318048637272,6.335480302318,6.352911967364,
    6.370343632409,6.387775297455,6.4052069625,6.422638627546,
    6.440070292591,6.457501957637,6.474933622683),
  .QUASI_UNIFORM_KNOTS.);
#295 = CARTESIAN_POINT('',(1.871588557054,5.707313703385));
#296 = FILL_AREA_STYLE('',(#1567));
#297 = CARTESIAN_POINT('',(0.,0.,0.));
#298 = CARTESIAN_POINT('',(0.,-1.5));
#299 = VECTOR('',#3802,1.);
#300 = AXIS2_PLACEMENT_3D('',#2670,#1804,#3966);
#301 = CARTESIAN_POINT('',(4.9385007927,6.172529311061));
#302 = CARTESIAN_POINT('',(1.556636230448,7.20132526838,7.201325268379)
  );
#303 = PCURVE('',#2480,#3451);
#304 = DIRECTION('',(0.,1.));
#305 = CARTESIAN_POINT('',(0.715813422681,-15.81981414094));
#306 = CARTESIAN_POINT('',(4.647534796778,-2.704736502722));
#307 = CARTESIAN_POINT('',(4.987742502805,5.023581694498));
#308 = DIRECTION('',(1.,0.));
#309 = ADVANCED_FACE('',(#2499),#4674,.T.);
#310 = VERTEX_POINT('',#2556);
#311 = PCURVE('',#1747,#1136);
#312 = DIRECTION('',(0.,1.,-3.491481338843E-15));
#313 = CARTESIAN_POINT('',(4.351736237451,-14.22050320802));
#314 = CARTESIAN_POINT('',(0.,-6.35));
#315 = AXIS2_PLACEMENT_3D('',#1228,#4304,#1313);
#316 = DIRECTION('',(0.,1.));
#317 = DIRECTION('',(0.,1.));
#318 = CARTESIAN_POINT('',(0.,0.97625));
#319 = TOROIDAL_SURFACE('',#4584,5.215,0.5);
#320 = CARTESIAN_POINT('',(0.,-5.925));
#321 = CIRCLE('',#2383,5.925);
#322 = CARTESIAN_POINT('',(1.905,-2.613943211581));
#323 = DIRECTION('',(1.,0.));
#324 = PCURVE('',#4630,#2247);
#325 = DIRECTION('',(1.,0.));
#326 = CARTESIAN_POINT('',(6.4135,16.558,-5.85973752332E-14));
#327 = DIRECTION('',(0.,1.));
#328 = CARTESIAN_POINT('',(0.,-6.33437999559E-18,19.058));
#329 = ORIENTED_EDGE('',*,*,#4543,.T.);
#330 = ADVANCED_FACE('',(#1508),#1224,.T.);
#331 = DEFINITIONAL_REPRESENTATION('',(#523),#2032);
#332 = VECTOR('',#4049,1.);
#333 = CARTESIAN_POINT('',(0.,3.81,-2.54));
#334 = CARTESIAN_POINT('',(1.880362542134,5.483126743062));
#335 = CARTESIAN_POINT('',(2.95675,-11.03474122527));
#336 = CARTESIAN_POINT('',(0.,15.558,-5.432046666972E-14));
#337 = CIRCLE('',#5051,3.675);
#338 = DIRECTION('',(0.,-0.,1.));
#339 = ( GEOMETRIC_REPRESENTATION_CONTEXT(2) 
PARAMETRIC_REPRESENTATION_CONTEXT() REPRESENTATION_CONTEXT('2D SPACE',''
  ) );
#340 = ORIENTED_EDGE('',*,*,#2456,.T.);
#341 = DEFINITIONAL_REPRESENTATION('',(#1896),#1573);
#342 = CIRCLE('',#674,0.5);
#343 = DIRECTION('',(0.,-3.491481338843E-15,-1.));
#344 = CARTESIAN_POINT('',(6.866,0.,6.731));
#345 = AXIS2_PLACEMENT_3D('',#786,#1108,#2089);
#346 = CARTESIAN_POINT('',(-3.81,4.665904304751E-16,18.058));
#347 = ORIENTED_EDGE('',*,*,#2178,.T.);
#348 = CARTESIAN_POINT('',(3.11129468242,-19.38634851517));
#349 = CARTESIAN_POINT('',(3.14159265359,0.));
#350 = DEFINITIONAL_REPRESENTATION('',(#4734),#1678);
#351 = CIRCLE('',#5026,6.88975);
#352 = CARTESIAN_POINT('',(0.,15.08175,-5.26576486821E-14));
#353 = VECTOR('',#1644,1.);
#354 = DIRECTION('',(1.,0.,0.));
#355 = ORIENTED_EDGE('',*,*,#4346,.F.);
#356 = CARTESIAN_POINT('',(2.581279612533,-4.693591417415));
#357 = VECTOR('',#3679,1.);
#358 = SURFACE_CURVE('',#24,(#4040,#2123),.PCURVE_S1.);
#359 = FACE_BOUND('',#2585,.T.);
#360 = SURFACE_CURVE('',#551,(#3136,#795),.PCURVE_S1.);
#361 = NEXT_ASSEMBLY_USAGE_OCCURRENCE('1','elbow-connector','',#4106,#2309,$
  );
#362 = DIRECTION('',(-1.207525062604E-17,-1.,-3.491481338843E-15));
#363 = ( GEOMETRIC_REPRESENTATION_CONTEXT(2) 
PARAMETRIC_REPRESENTATION_CONTEXT() REPRESENTATION_CONTEXT('2D SPACE',''
  ) );
#364 = LINE('',#1777,#3882);
#365 = ORIENTED_EDGE('',*,*,#4233,.T.);
#366 = CIRCLE('',#4381,3.175);
#367 = DEFINITIONAL_REPRESENTATION('',(#3282),#4984);
#368 = VECTOR('',#4816,1.);
#369 = CARTESIAN_POINT('',(-3.175,0.));
#370 = CARTESIAN_POINT('',(0.,-2.5));
#371 = CARTESIAN_POINT('',(1.294582285813,5.927583950873));
#372 = EDGE_CURVE('',#279,#4920,#934,.T.);
#373 = PLANE('',#3667);
#374 = FACE_BOUND('',#2181,.T.);
#375 = CIRCLE('',#3721,6.866);
#376 = EDGE_LOOP('',(#1009,#2979));
#377 = VERTEX_POINT('',#4137);
#378 = PCURVE('',#3918,#4620);
#379 = CARTESIAN_POINT('',(1.752612802664,-13.94605528951));
#380 = CARTESIAN_POINT('',(9.366647951974E-02,-19.026238498));
#381 = CARTESIAN_POINT('',(-5.925,7.256032284948E-16,6.481));
#382 = ORIENTED_EDGE('',*,*,#2199,.T.);
#383 = SURFACE_CURVE('',#442,(#5013,#177),.PCURVE_S1.);
#384 = DIRECTION('',(0.,-1.,3.491481338843E-15));
#385 = SURFACE_CURVE('',#1268,(#407,#1020),.PCURVE_S1.);
#386 = CARTESIAN_POINT('',(0.,16.558,-5.781194800856E-14));
#387 = LINE('',#3725,#1651);
#388 = DIRECTION('',(0.,-3.504150098834E-15,-1.));
#389 = ORIENTED_EDGE('',*,*,#3120,.F.);
#390 = DIRECTION('',(0.,1.,-3.491481338843E-15));
#391 = DEFINITIONAL_REPRESENTATION('',(#2419),#3867);
#392 = DIRECTION('',(1.,0.));
#393 = CARTESIAN_POINT('',(-3.81,-5.9135));
#394 = ( GEOMETRIC_REPRESENTATION_CONTEXT(2) 
PARAMETRIC_REPRESENTATION_CONTEXT() REPRESENTATION_CONTEXT('2D SPACE',''
  ) );
#395 = ORIENTED_EDGE('',*,*,#1818,.F.);
#396 = VECTOR('',#558,1.);
#397 = DEFINITIONAL_REPRESENTATION('',(#4618),#4565);
#398 = SURFACE_CURVE('',#486,(#488,#4102),.PCURVE_S1.);
#399 = CARTESIAN_POINT('',(4.453812788037,4.931469135039));
#400 = ORIENTED_EDGE('',*,*,#4263,.F.);
#401 = FACE_BOUND('',#4439,.T.);
#402 = CIRCLE('',#2727,0.25);
#403 = CARTESIAN_POINT('',(5.925,6.731,-2.350116089175E-14));
#404 = EDGE_LOOP('',(#611,#36,#2211,#657));
#405 = DIRECTION('',(1.,0.,0.));
#406 = CARTESIAN_POINT('',(3.14159265359,0.));
#407 = PCURVE('',#3288,#2691);
#408 = ( GEOMETRIC_REPRESENTATION_CONTEXT(2) 
PARAMETRIC_REPRESENTATION_CONTEXT() REPRESENTATION_CONTEXT('2D SPACE',''
  ) );
#409 = CARTESIAN_POINT('',(0.,0.,18.058));
#410 = DIRECTION('',(1.,0.));
#411 = CARTESIAN_POINT('',(6.88975,8.729129303472E-16,15.558));
#412 = CARTESIAN_POINT('',(4.371592177918,-3.389691468916));
#413 = LINE('',#1706,#3178);
#414 = EDGE_LOOP('',(#3494,#236,#801,#2157));
#415 = EDGE_CURVE('',#952,#3762,#4051,.T.);
#416 = LINE('',#1403,#151);
#417 = ( GEOMETRIC_REPRESENTATION_CONTEXT(2) 
PARAMETRIC_REPRESENTATION_CONTEXT() REPRESENTATION_CONTEXT('2D SPACE',''
  ) );
#418 = AXIS2_PLACEMENT_2D('',#1857,#485);
#419 = SURFACE_CURVE('',#887,(#5064,#1625),.PCURVE_S1.);
#420 = VERTEX_POINT('',#2586);
#421 = VECTOR('',#259,1.);
#422 = ( GEOMETRIC_REPRESENTATION_CONTEXT(2) 
PARAMETRIC_REPRESENTATION_CONTEXT() REPRESENTATION_CONTEXT('2D SPACE',''
  ) );
#423 = DEFINITIONAL_REPRESENTATION('',(#3367),#1449);
#424 = DIRECTION('',(1.,0.,0.));
#425 = DEFINITIONAL_REPRESENTATION('',(#502),#2836);
#426 = EDGE_CURVE('',#279,#3763,#3365,.T.);
#427 = DIRECTION('',(1.,0.));
#428 = AXIS2_PLACEMENT_3D('',#2449,#2634,#3999);
#429 = PCURVE('',#4973,#3741);
#430 = FACE_BOUND('',#130,.T.);
#431 = AXIS2_PLACEMENT_3D('',#2678,#1751,#1720);
#432 = PCURVE('',#4379,#4028);
#433 = DIRECTION('',(0.,1.,-3.491481338843E-15));
#434 = LINE('',#4629,#449);
#435 = ( GEOMETRIC_REPRESENTATION_CONTEXT(2) 
PARAMETRIC_REPRESENTATION_CONTEXT() REPRESENTATION_CONTEXT('2D SPACE',''
  ) );
#436 = CARTESIAN_POINT('',(3.14159265359,0.));
#437 = CIRCLE('',#599,5.925);
#438 = VECTOR('',#4566,1.);
#439 = ( GEOMETRIC_REPRESENTATION_CONTEXT(2) 
PARAMETRIC_REPRESENTATION_CONTEXT() REPRESENTATION_CONTEXT('2D SPACE',''
  ) );
#440 = ORIENTED_EDGE('',*,*,#2199,.F.);
#441 = CARTESIAN_POINT('',(5.715,0.,18.058));
#442 = CIRCLE('',#1032,5.9135);
#443 = DIRECTION('',(0.707106781187,-0.707106781187,2.382254525459E-15)
  );
#444 = B_SPLINE_CURVE_WITH_KNOTS('',3,(#1101,#2001,#2380,#1463,#3315,
    #4409,#3658,#4170,#3017,#3978,#2389,#3848,#270,#4910,#1787,#2965,
    #2904,#4996,#732,#1991,#2177,#118,#4301,#1194,#1888),
  .UNSPECIFIED.,.F.,.F.,(4,1,1,1,1,1,1,1,1,1,1,1,1,1,1,1,1,1,1,1,1,1,4),
  (4.712388980385,4.783788813421,4.855188646457,4.926588479493,
    4.997988312529,5.069388145565,5.140787978601,5.212187811638,
    5.283587644674,5.35498747771,5.426387310746,5.497787143782,
    5.569186976818,5.640586809854,5.711986642891,5.783386475927,
    5.854786308963,5.926186141999,5.997585975035,6.068985808071,
    6.140385641107,6.211785474143,6.28318530718),.QUASI_UNIFORM_KNOTS.);
#445 = PCURVE('',#4079,#3041);
#446 = VERTEX_POINT('',#136);
#447 = CARTESIAN_POINT('',(3.711904326563,-16.48411767728));
#448 = ORIENTED_EDGE('',*,*,#2115,.F.);
#449 = VECTOR('',#619,1.);
#450 = CARTESIAN_POINT('',(4.79976193691,-12.21972575154));
#451 = EDGE_LOOP('',(#5074,#3465));
#452 = LINE('',#669,#4587);
#453 = CARTESIAN_POINT('',(0.,6.4135,16.058));
#454 = CARTESIAN_POINT('',(4.712388980385,1.54699638245));
#455 = PCURVE('',#4124,#4392);
#456 = CARTESIAN_POINT('',(0.,0.97625));
#457 = CARTESIAN_POINT('',(2.95675,-0.792258774721));
#458 = CARTESIAN_POINT('',(2.95675,-0.792258774721));
#459 = DEFINITIONAL_REPRESENTATION('',(#4589),#2081);
#460 = CIRCLE('',#2047,5.675);
#461 = VERTEX_POINT('',#2152);
#462 = ( GEOMETRIC_REPRESENTATION_CONTEXT(2) 
PARAMETRIC_REPRESENTATION_CONTEXT() REPRESENTATION_CONTEXT('2D SPACE',''
  ) );
#463 = CARTESIAN_POINT('',(4.530572504516,-13.94605528951));
#464 = ( GEOMETRIC_REPRESENTATION_CONTEXT(2) 
PARAMETRIC_REPRESENTATION_CONTEXT() REPRESENTATION_CONTEXT('2D SPACE',''
  ) );
#465 = CARTESIAN_POINT('',(0.,4.712388980385));
#466 = CARTESIAN_POINT('',(-5.9135,-5.9135));
#467 = LINE('',#3957,#609);
#468 = VERTEX_POINT('',#411);
#469 = DIRECTION('',(-0.,-0.,1.));
#470 = CARTESIAN_POINT('',(4.152075939328,-3.891131897376));
#471 = CARTESIAN_POINT('',(0.,-5.715));
#472 = B_SPLINE_CURVE_WITH_KNOTS('',3,(#821,#4455,#1456,#2813,#2484,
    #3831,#1762,#3081,#4560,#524,#3043,#4622,#4701,#2547,#3812,#4073,
    #603,#1863,#872,#2432,#899,#1558,#334,#4532,#2423,#295,#1543,
    #4204,#925,#2602,#2521,#3170,#3474,#1348,#3925,#1634,#2682,#3617,
    #3977,#1933,#3048,#2083,#3338,#2774,#926,#3852,#1805),
  .UNSPECIFIED.,.F.,.F.,(4,1,1,1,1,1,1,1,1,1,1,1,1,1,1,1,1,1,1,1,1,1,1,1
    ,1,1,1,1,1,1,1,1,1,1,1,1,1,1,1,1,1,1,1,1,4),(4.635206998287E-03,
    4.678603071655E-03,4.721999145024E-03,4.765395218392E-03,
    4.80879129176E-03,4.852187365128E-03,4.895583438497E-03,
    4.938979511865E-03,4.982375585233E-03,5.025771658601E-03,
    5.06916773197E-03,5.112563805338E-03,5.155959878706E-03,
    5.199355952074E-03,5.242752025443E-03,5.286148098811E-03,
    5.329544172179E-03,5.372940245547E-03,5.416336318916E-03,
    5.459732392284E-03,5.503128465652E-03,5.54652453902E-03,
    5.589920612388E-03,5.633316685757E-03,5.676712759125E-03,
    5.720108832493E-03,5.763504905861E-03,5.80690097923E-03,
    5.850297052598E-03,5.893693125966E-03,5.937089199334E-03,
    5.980485272703E-03,6.023881346071E-03,6.067277419439E-03,
    6.110673492807E-03,6.154069566176E-03,6.197465639544E-03,
    6.240861712912E-03,6.28425778628E-03,6.327653859649E-03,
    6.371049933017E-03,6.414446006385E-03,6.457842079753E-03,
    6.501238153121E-03,6.54463422649E-03),.QUASI_UNIFORM_KNOTS.);
#473 = ( GEOMETRIC_REPRESENTATION_CONTEXT(2) 
PARAMETRIC_REPRESENTATION_CONTEXT() REPRESENTATION_CONTEXT('2D SPACE',''
  ) );
#474 = ( GEOMETRIC_REPRESENTATION_CONTEXT(2) 
PARAMETRIC_REPRESENTATION_CONTEXT() REPRESENTATION_CONTEXT('2D SPACE',''
  ) );
#475 = DEFINITIONAL_REPRESENTATION('',(#2100),#1411);
#476 = VECTOR('',#3457,1.);
#477 = VECTOR('',#4767,1.);
#478 = ORIENTED_EDGE('',*,*,#2349,.T.);
#479 = ORIENTED_EDGE('',*,*,#481,.F.);
#480 = ORIENTED_EDGE('',*,*,#3152,.F.);
#481 = EDGE_CURVE('',#1121,#1822,#1092,.T.);
#482 = SURFACE_CURVE('',#919,(#4906,#254),.PCURVE_S1.);
#483 = CARTESIAN_POINT('',(7.62,-5.9135));
#484 = PRODUCT_DEFINITION_SHAPE('Placement','Placement of an item',
  #361);
#485 = DIRECTION('',(1.,0.));
#486 = LINE('',#1487,#4704);
#487 = LINE('',#2118,#2777);
#488 = PCURVE('',#101,#2997);
#489 = AXIS2_PLACEMENT_3D('',#2091,#3777,#3462);
#490 = PCURVE('',#530,#1410);
#491 = PCURVE('',#5050,#4280);
#492 = CARTESIAN_POINT('',(-5.715,18.058,-6.549479633196E-14));
#493 = FACE_BOUND('',#3613,.T.);
#494 = ORIENTED_EDGE('',*,*,#1565,.T.);
#495 = ORIENTED_EDGE('',*,*,#4389,.F.);
#496 = TOROIDAL_SURFACE('',#1043,5.925,0.25);
#497 = CARTESIAN_POINT('',(0.,0.,16.058));
#498 = CARTESIAN_POINT('',(0.,0.,15.558));
#499 = DEFINITIONAL_REPRESENTATION('',(#2956),#3924);
#500 = DEFINITIONAL_REPRESENTATION('',(#4107),#218);
#501 = ADVANCED_FACE('',(#643),#1639,.T.);
#502 = LINE('',#2127,#1953);
#503 = CARTESIAN_POINT('',(6.28318530718,3.14159265359));
#504 = APPLICATION_CONTEXT(
  'core data for automotive mechanical design processes');
#505 = ORIENTED_EDGE('',*,*,#2949,.F.);
#506 = DIRECTION('',(0.,1.,-1.266875999118E-17));
#507 = DEFINITIONAL_REPRESENTATION('',(#3553),#4667);
#508 = CARTESIAN_POINT('',(-5.9135,-5.9135));
#509 = AXIS2_PLACEMENT_3D('',#5083,#4114,#2812);
#510 = DEFINITIONAL_REPRESENTATION('',(#2686),#1457);
#511 = LINE('',#4509,#3201);
#512 = CARTESIAN_POINT('',(0.,-6.33437999559E-18,19.558));
#513 = CARTESIAN_POINT('',(-5.675,6.481,-1.200913233704E-14));
#514 = CARTESIAN_POINT('',(0.,15.08175,-5.26576486821E-14));
#515 = AXIS2_PLACEMENT_3D('',#4978,#2398,#855);
#516 = CARTESIAN_POINT('',(7.62,-5.9135));
#517 = SURFACE_CURVE('',#4924,(#2113,#2282),.PCURVE_S1.);
#518 = DIRECTION('',(0.,-3.504150098834E-15,-1.));
#519 = CIRCLE('',#204,5.715);
#520 = DIRECTION('',(-0.,-0.,1.));
#521 = CARTESIAN_POINT('',(0.,0.));
#522 = ADVANCED_FACE('',(#3795),#3912,.T.);
#523 = LINE('',#1295,#1951);
#524 = CARTESIAN_POINT('',(1.817685080851,4.877496460768));
#525 = ORIENTED_EDGE('',*,*,#3811,.T.);
#526 = ORIENTED_EDGE('',*,*,#4240,.F.);
#527 = ORIENTED_EDGE('',*,*,#1031,.F.);
#528 = CARTESIAN_POINT('',(0.,-6.33437999559E-18,19.058));
#529 = CARTESIAN_POINT('',(-0.473714259312,7.411556624521,
    7.411556624521));
#530 = PLANE('',#3449);
#531 = SURFACE_CURVE('',#3206,(#4637,#91),.PCURVE_S1.);
#532 = CIRCLE('',#3574,0.5);
#533 = ORIENTED_EDGE('',*,*,#4896,.F.);
#534 = DIRECTION('',(1.,0.));
#535 = DEFINITIONAL_REPRESENTATION('',(#4339),#3682);
#536 = LINE('',#4908,#917);
#537 = DIRECTION('',(1.,0.,0.));
#538 = AXIS2_PLACEMENT_3D('',#209,#3472,#2487);
#539 = ORIENTED_EDGE('',*,*,#2707,.F.);
#540 = CARTESIAN_POINT('',(-6.4135,0.,16.558));
#541 = CARTESIAN_POINT('',(5.140787978601,2.909647885315E-15));
#542 = CARTESIAN_POINT('',(0.,0.,16.558));
#543 = CARTESIAN_POINT('',(5.426387310746,4.585517533278E-15));
#544 = CARTESIAN_POINT('',(3.411316280744,-4.990190912766));
#545 = CARTESIAN_POINT('',(0.,4.712388980385));
#546 = ORIENTED_EDGE('',*,*,#4085,.F.);
#547 = CYLINDRICAL_SURFACE('',#141,6.4135);
#548 = VECTOR('',#4283,1.);
#549 = DIRECTION('',(1.,0.,0.));
#550 = ORIENTED_EDGE('',*,*,#4657,.F.);
#551 = CIRCLE('',#4056,5.715);
#552 = CARTESIAN_POINT('',(0.,19.558,-6.828639202509E-14));
#553 = ORIENTED_EDGE('',*,*,#940,.F.);
#554 = CARTESIAN_POINT('',(0.,7.231,-2.524690156117E-14));
#555 = VECTOR('',#2820,1.);
#556 = CARTESIAN_POINT('',(0.,-6.4135));
#557 = CARTESIAN_POINT('',(-6.4135,7.854272246332E-16,16.058));
#558 = DIRECTION('',(0.,1.));
#559 = CIRCLE('',#4391,3.175);
#560 = LINE('',#2947,#4822);
#561 = VECTOR('',#4836,1.);
#562 = CARTESIAN_POINT('',(4.436683360935,5.930904325615));
#563 = DIRECTION('',(-0.,1.,-3.491481338843E-15));
#564 = PCURVE('',#4379,#4000);
#565 = CIRCLE('',#2319,2.54);
#566 = AXIS2_PLACEMENT_3D('',#2530,#2699,#681);
#567 = ADVANCED_FACE('',(#3046,#1760),#4079,.F.);
#568 = DEFINITIONAL_REPRESENTATION('',(#4696),#4851);
#569 = DEFINITIONAL_REPRESENTATION('',(#3825),#1667);
#570 = DEFINITIONAL_REPRESENTATION('',(#1030),#2087);
#571 = VECTOR('',#2720,1.);
#572 = ADVANCED_FACE('',(#672,#932),#4581,.F.);
#573 = VECTOR('',#1666,1.);
#574 = CIRCLE('',#2950,6.88975);
#575 = EDGE_LOOP('',(#2150,#1242,#2359,#1075));
#576 = AXIS2_PLACEMENT_3D('',#898,#662,#4206);
#577 = TOROIDAL_SURFACE('',#3012,3.675,0.5);
#578 = DIRECTION('',(-1.,0.,0.));
#579 = VECTOR('',#2102,1.);
#580 = CARTESIAN_POINT('',(0.,15.558,-6.88975));
#581 = DEFINITIONAL_REPRESENTATION('',(#1399),#4175);
#582 = DIRECTION('',(0.,-1.,3.491481338843E-15));
#583 = DIRECTION('',(1.,0.));
#584 = CARTESIAN_POINT('',(0.,19.558,-6.828639202509E-14));
#585 = DIRECTION('',(1.,0.,0.));
#586 = DIRECTION('',(-1.,0.,0.));
#587 = PCURVE('',#1264,#2224);
#588 = CARTESIAN_POINT('',(4.712388980385,1.499396493759));
#589 = ORIENTED_EDGE('',*,*,#4710,.F.);
#590 = CARTESIAN_POINT('',(7.366,0.,7.231));
#591 = ( GEOMETRIC_REPRESENTATION_CONTEXT(2) 
PARAMETRIC_REPRESENTATION_CONTEXT() REPRESENTATION_CONTEXT('2D SPACE',''
  ) );
#592 = VECTOR('',#2307,1.);
#593 = AXIS2_PLACEMENT_3D('',#2105,#2108,#2926);
#594 = FACE_BOUND('',#2373,.F.);
#595 = AXIS2_PLACEMENT_3D('',#1327,#3373,#2642);
#596 = ( GEOMETRIC_REPRESENTATION_CONTEXT(2) 
PARAMETRIC_REPRESENTATION_CONTEXT() REPRESENTATION_CONTEXT('2D SPACE',''
  ) );
#597 = EDGE_LOOP('',(#2646,#347));
#598 = DIRECTION('',(0.,0.,-1.));
#599 = AXIS2_PLACEMENT_2D('',#2809,#427);
#600 = VECTOR('',#927,1.);
#601 = DIRECTION('',(-1.,0.,-0.));
#602 = LINE('',#233,#4654);
#603 = CARTESIAN_POINT('',(1.857518850982,5.102922132259));
#604 = FACE_BOUND('',#3902,.T.);
#605 = CARTESIAN_POINT('',(-2.6075,-1.198677519264));
#606 = CARTESIAN_POINT('',(4.949822011134,6.128009097909));
#607 = ORIENTED_EDGE('',*,*,#4454,.F.);
#608 = SURFACE_CURVE('',#366,(#4714,#1798),.PCURVE_S1.);
#609 = VECTOR('',#1389,1.);
#610 = CARTESIAN_POINT('',(6.28318530718,4.712388980385));
#611 = ORIENTED_EDGE('',*,*,#2202,.F.);
#612 = EDGE_LOOP('',(#2227,#1861,#4627,#1406));
#613 = CARTESIAN_POINT('',(3.14159265359,1.570796326795));
#614 = DIRECTION('',(1.,0.));
#615 = CARTESIAN_POINT('',(-4.516322480736,-8.3225));
#616 = AXIS2_PLACEMENT_2D('',#4825,#3724);
#617 = PCURVE('',#1356,#331);
#618 = CARTESIAN_POINT('',(4.909899317883,6.266788138033));
#619 = DIRECTION('',(-0.,-1.266875999118E-17,-1.));
#620 = DEFINITIONAL_REPRESENTATION('',(#717),#3594);
#621 = VERTEX_POINT('',#4678);
#622 = DEFINITIONAL_REPRESENTATION('',(#1100),#3118);
#623 = CIRCLE('',#1035,3.175);
#624 = LINE('',#2613,#2306);
#625 = CARTESIAN_POINT('',(5.215,-14.74764496147));
#626 = AXIS2_PLACEMENT_3D('',#982,#984,#5033);
#627 = CIRCLE('',#969,5.675);
#628 = DIRECTION('',(0.,1.));
#629 = ORIENTED_EDGE('',*,*,#4240,.T.);
#630 = CARTESIAN_POINT('',(0.,19.558,-6.828639202509E-14));
#631 = CARTESIAN_POINT('',(0.,-2.477756079075E-16,0.));
#632 = DIRECTION('',(-1.,0.));
#633 = CARTESIAN_POINT('',(3.675,4.437233186911E-16,19.558));
#634 = VECTOR('',#1874,1.);
#635 = PRODUCT_DEFINITION_FORMATION('','',#1620);
#636 = PCURVE('',#2379,#8);
#637 = PCURVE('',#4079,#568);
#638 = SURFACE_CURVE('',#3610,(#2849,#1132),.PCURVE_S1.);
#639 = VERTEX_POINT('',#2697);
#640 = DIRECTION('',(0.,1.));
#641 = LINE('',#4857,#2625);
#642 = CARTESIAN_POINT('',(4.448051076364,4.960963122758));
#643 = FACE_BOUND('',#404,.T.);
#644 = DIRECTION('',(0.,1.));
#645 = ( GEOMETRIC_REPRESENTATION_CONTEXT(2) 
PARAMETRIC_REPRESENTATION_CONTEXT() REPRESENTATION_CONTEXT('2D SPACE',''
  ) );
#646 = CARTESIAN_POINT('',(3.14159265359,0.));
#647 = DIRECTION('',(-1.,0.,0.));
#648 = ( GEOMETRIC_REPRESENTATION_CONTEXT(2) 
PARAMETRIC_REPRESENTATION_CONTEXT() REPRESENTATION_CONTEXT('2D SPACE',''
  ) );
#649 = AXIS2_PLACEMENT_3D('',#4649,#891,#2734);
#650 = DIRECTION('',(-0.,1.,-3.491481338843E-15));
#651 = DIRECTION('',(1.,0.,0.));
#652 = ADVANCED_FACE('',(#4101),#2379,.T.);
#653 = LINE('',#1144,#1197);
#654 = ( GEOMETRIC_REPRESENTATION_CONTEXT(2) 
PARAMETRIC_REPRESENTATION_CONTEXT() REPRESENTATION_CONTEXT('2D SPACE',''
  ) );
#655 = AXIS2_PLACEMENT_3D('',#685,#4120,#3955);
#656 = CARTESIAN_POINT('',(6.997183637541,5.275327618941E-15));
#657 = ORIENTED_EDGE('',*,*,#2439,.F.);
#658 = DEFINITIONAL_REPRESENTATION('',(#2999),#50);
#659 = EDGE_LOOP('',(#823,#1992));
#660 = CARTESIAN_POINT('',(5.215,-5.715));
#661 = DIRECTION('',(0.,-0.,1.));
#662 = DIRECTION('',(0.,1.,-3.491481338843E-15));
#663 = ORIENTED_EDGE('',*,*,#3394,.F.);
#664 = AXIS2_PLACEMENT_3D('',#3406,#3668,#152);
#665 = ORIENTED_EDGE('',*,*,#4561,.F.);
#666 = AXIS2_PLACEMENT_2D('',#1211,#3880);
#667 = CARTESIAN_POINT('',(-5.9135,4.328982450559));
#668 = FACE_BOUND('',#2063,.T.);
#669 = CARTESIAN_POINT('',(6.4135,19.558,-6.828639202509E-14));
#670 = DIRECTION('',(-0.,-0.,1.));
#671 = DEFINITIONAL_REPRESENTATION('',(#749),#417);
#672 = FACE_BOUND('',#4348,.T.);
#673 = DIRECTION('',(1.,0.));
#674 = AXIS2_PLACEMENT_3D('',#2382,#3323,#923);
#675 = CARTESIAN_POINT('',(6.425984973252,6.921617446441E-15));
#676 = VERTEX_POINT('',#2563);
#677 = DIRECTION('',(0.,0.,-1.));
#678 = FACE_BOUND('',#288,.T.);
#679 = DEFINITIONAL_REPRESENTATION('',(#2166),#4116);
#680 = DEFINITIONAL_REPRESENTATION('',(#2074),#2020);
#681 = DIRECTION('',(0.,-3.504150098834E-15,-1.));
#682 = DIRECTION('',(0.,1.,-3.491481338843E-15));
#683 = VECTOR('',#4994,1.);
#684 = AXIS2_PLACEMENT_3D('',#4437,#4746,#1135);
#685 = CARTESIAN_POINT('',(0.,7.231,-2.524690156117E-14));
#686 = SURFACE_CURVE('',#4253,(#3159,#2334),.PCURVE_S1.);
#687 = ( GEOMETRIC_REPRESENTATION_CONTEXT(2) 
PARAMETRIC_REPRESENTATION_CONTEXT() REPRESENTATION_CONTEXT('2D SPACE',''
  ) );
#688 = PCURVE('',#530,#1027);
#689 = CARTESIAN_POINT('',(0.,17.058,-5.955768867799E-14));
#690 = DIRECTION('',(1.,0.,0.));
#691 = ( GEOMETRIC_REPRESENTATION_CONTEXT(2) 
PARAMETRIC_REPRESENTATION_CONTEXT() REPRESENTATION_CONTEXT('2D SPACE',''
  ) );
#692 = LINE('',#699,#1152);
#693 = DEFINITIONAL_REPRESENTATION('',(#2927),#3346);
#694 = VECTOR('',#304,1.);
#695 = DEFINITIONAL_REPRESENTATION('',(#4768),#3237);
#696 = ( GEOMETRIC_REPRESENTATION_CONTEXT(2) 
PARAMETRIC_REPRESENTATION_CONTEXT() REPRESENTATION_CONTEXT('2D SPACE',''
  ) );
#697 = VECTOR('',#1768,1.);
#698 = ORIENTED_EDGE('',*,*,#4389,.T.);
#699 = CARTESIAN_POINT('',(3.14159265359,3.925231146709E-16));
#700 = ADVANCED_FACE('',(#4092),#496,.F.);
#701 = CARTESIAN_POINT('',(5.021812518014,5.474351252801));
#702 = AXIS2_PLACEMENT_3D('',#584,#2416,#3037);
#703 = ( GEOMETRIC_REPRESENTATION_CONTEXT(2) 
PARAMETRIC_REPRESENTATION_CONTEXT() REPRESENTATION_CONTEXT('2D SPACE',''
  ) );
#704 = AXIS2_PLACEMENT_3D('',#272,#1236,#3581);
#705 = CARTESIAN_POINT('',(4.572730698166,-12.26335005679));
#706 = CARTESIAN_POINT('',(4.492151781822,6.193842514303));
#707 = SURFACE_CURVE('',#4168,(#1378,#4091),.PCURVE_S1.);
#708 = DEFINITIONAL_REPRESENTATION('',(#292),#654);
#709 = VECTOR('',#4997,1.);
#710 = LINE('',#282,#3905);
#711 = AXIS2_PLACEMENT_3D('',#3171,#4019,#1836);
#712 = CIRCLE('',#593,5.215);
#713 = TOROIDAL_SURFACE('',#3820,5.925,0.25);
#714 = CARTESIAN_POINT('',(3.14159265359,0.));
#715 = EDGE_CURVE('',#3583,#952,#1704,.T.);
#716 = PCURVE('',#2235,#3932);
#717 = LINE('',#968,#1580);
#718 = LINE('',#465,#561);
#719 = PCURVE('',#1291,#763);
#720 = LINE('',#4666,#1431);
#721 = PCURVE('',#4706,#3552);
#722 = CARTESIAN_POINT('',(3.14159265359,-0.5));
#723 = PLANE('',#842);
#724 = DEFINITIONAL_REPRESENTATION('',(#416),#822);
#725 = PCURVE('',#4124,#4638);
#726 = PCURVE('',#577,#4141);
#727 = AXIS2_PLACEMENT_3D('',#4882,#1871,#4652);
#728 = ( GEOMETRIC_REPRESENTATION_CONTEXT(2) 
PARAMETRIC_REPRESENTATION_CONTEXT() REPRESENTATION_CONTEXT('2D SPACE',''
  ) );
#729 = ADVANCED_FACE('',(#4676),#3498,.T.);
#730 = CARTESIAN_POINT('',(0.,19.058,-6.654065135567E-14));
#731 = ORIENTED_EDGE('',*,*,#3645,.T.);
#732 = CARTESIAN_POINT('',(7.853981633974,0.356999165181));
#733 = PCURVE('',#2572,#222);
#734 = CARTESIAN_POINT('',(0.,0.,18.058));
#735 = CARTESIAN_POINT('',(0.,15.08175,-7.366));
#736 = DEFINITIONAL_REPRESENTATION('',(#2884),#4200);
#737 = ( BOUNDED_CURVE() B_SPLINE_CURVE(2,(#4932,#810,#1230,#3391,#3083,#1429
,#1106),.UNSPECIFIED.,.T.,.F.) B_SPLINE_CURVE_WITH_KNOTS((1,2,2,2,2,1),(
    -2.094395102393,0.,2.094395102393,4.188790204786,6.28318530718,
8.377580409573),.UNSPECIFIED.) CURVE() GEOMETRIC_REPRESENTATION_ITEM() 
RATIONAL_B_SPLINE_CURVE((1.,0.5,1.,0.5,1.,0.5,1.)) REPRESENTATION_ITEM(
  '') );
#738 = CARTESIAN_POINT('',(1.931449069728,-14.22050320802));
#739 = CARTESIAN_POINT('',(0.,-12.327));
#740 = CARTESIAN_POINT('',(3.888253587293E-16,-3.175,-2.54));
#741 = DEFINITIONAL_REPRESENTATION('',(#1192),#1552);
#742 = ( GEOMETRIC_REPRESENTATION_CONTEXT(2) 
PARAMETRIC_REPRESENTATION_CONTEXT() REPRESENTATION_CONTEXT('2D SPACE',''
  ) );
#743 = ORIENTED_EDGE('',*,*,#967,.T.);
#744 = PCURVE('',#4583,#4278);
#745 = ( GEOMETRIC_REPRESENTATION_CONTEXT(3) 
GLOBAL_UNCERTAINTY_ASSIGNED_CONTEXT((#2302)) GLOBAL_UNIT_ASSIGNED_CONTEXT(
(#1153,#1013,#229)) REPRESENTATION_CONTEXT('Context #4557',
  '3D Context with UNIT and UNCERTAINTY') );
#746 = ( GEOMETRIC_REPRESENTATION_CONTEXT(2) 
PARAMETRIC_REPRESENTATION_CONTEXT() REPRESENTATION_CONTEXT('2D SPACE',''
  ) );
#747 = VECTOR('',#1921,1.);
#748 = ORIENTED_EDGE('',*,*,#2473,.F.);
#749 = LINE('',#878,#221);
#750 = DIRECTION('',(-1.224646799147E-16,7.851179475534E-62,-1.));
#751 = AXIS2_PLACEMENT_3D('',#1026,#5002,#754);
#752 = AXIS2_PLACEMENT_3D('',#3735,#4134,#4642);
#753 = CIRCLE('',#3780,3.175);
#754 = DIRECTION('',(1.,0.,0.));
#755 = ( GEOMETRIC_REPRESENTATION_CONTEXT(2) 
PARAMETRIC_REPRESENTATION_CONTEXT() REPRESENTATION_CONTEXT('2D SPACE',''
  ) );
#756 = DIRECTION('',(1.,0.));
#757 = CARTESIAN_POINT('',(0.,0.,18.058));
#758 = CIRCLE('',#3278,0.47625);
#759 = AXIS2_PLACEMENT_3D('',#552,#4275,#3815);
#760 = VECTOR('',#1381,1.);
#761 = AXIS2_PLACEMENT_3D('',#3771,#4424,#1605);
#762 = DIRECTION('',(0.,1.));
#763 = DEFINITIONAL_REPRESENTATION('',(#4867),#778);
#764 = DEFINITIONAL_REPRESENTATION('',(#3943),#2421);
#765 = AXIS2_PLACEMENT_3D('',#4069,#1649,#549);
#766 = ORIENTED_EDGE('',*,*,#3189,.T.);
#767 = ( GEOMETRIC_REPRESENTATION_CONTEXT(2) 
PARAMETRIC_REPRESENTATION_CONTEXT() REPRESENTATION_CONTEXT('2D SPACE',''
  ) );
#768 = DIRECTION('',(-1.,0.,0.));
#769 = DEFINITIONAL_REPRESENTATION('',(#1024),#4004);
#770 = ( GEOMETRIC_REPRESENTATION_CONTEXT(2) 
PARAMETRIC_REPRESENTATION_CONTEXT() REPRESENTATION_CONTEXT('2D SPACE',''
  ) );
#771 = CARTESIAN_POINT('',(3.857406076271,-15.81981414094));
#772 = DIRECTION('',(1.,0.));
#773 = CARTESIAN_POINT('',(0.,6.28318530718));
#774 = ( GEOMETRIC_REPRESENTATION_CONTEXT(2) 
PARAMETRIC_REPRESENTATION_CONTEXT() REPRESENTATION_CONTEXT('2D SPACE',''
  ) );
#775 = SURFACE_CURVE('',#351,(#3390,#3124),.PCURVE_S1.);
#776 = CARTESIAN_POINT('',(1.439164289298,-2.8736324006));
#777 = VERTEX_POINT('',#2378);
#778 = ( GEOMETRIC_REPRESENTATION_CONTEXT(2) 
PARAMETRIC_REPRESENTATION_CONTEXT() REPRESENTATION_CONTEXT('2D SPACE',''
  ) );
#779 = ORIENTED_EDGE('',*,*,#3981,.F.);
#780 = SURFACE_CURVE('',#1046,(#2969,#3395),.PCURVE_S1.);
#781 = CARTESIAN_POINT('',(-3.175,0.));
#782 = CIRCLE('',#4212,0.25);
#783 = PCURVE('',#2195,#4585);
#784 = ( GEOMETRIC_REPRESENTATION_CONTEXT(2) 
PARAMETRIC_REPRESENTATION_CONTEXT() REPRESENTATION_CONTEXT('2D SPACE',''
  ) );
#785 = DIRECTION('',(0.,1.,-3.491481338843E-15));
#786 = CARTESIAN_POINT('',(0.,0.,7.231));
#787 = PCURVE('',#5050,#953);
#788 = DIRECTION('',(0.,-1.,3.491481338843E-15));
#789 = DIRECTION('',(1.,0.));
#790 = LINE('',#874,#2981);
#791 = LINE('',#3916,#4007);
#792 = CARTESIAN_POINT('',(1.354841319122,6.731,6.731));
#793 = PCURVE('',#1264,#2828);
#794 = ORIENTED_EDGE('',*,*,#67,.F.);
#795 = PCURVE('',#373,#367);
#796 = DEFINITIONAL_REPRESENTATION('',(#3899),#2581);
#797 = CARTESIAN_POINT('',(7.853981633974,-2.415050125207E-17));
#798 = CIRCLE('',#2477,5.9135);
#799 = VERTEX_POINT('',#540);
#800 = ( GEOMETRIC_REPRESENTATION_CONTEXT(2) 
PARAMETRIC_REPRESENTATION_CONTEXT() REPRESENTATION_CONTEXT('2D SPACE',''
  ) );
#801 = ORIENTED_EDGE('',*,*,#4883,.T.);
#802 = DIRECTION('',(0.,1.,-1.266875999118E-17));
#803 = DIRECTION('',(0.,0.,-1.));
#804 = PCURVE('',#2998,#1432);
#805 = CIRCLE('',#4234,5.715);
#806 = PCURVE('',#1747,#274);
#807 = DEFINITIONAL_REPRESENTATION('',(#4739),#2122);
#808 = PCURVE('',#2998,#4483);
#809 = CARTESIAN_POINT('',(0.,19.558,-6.828639202509E-14));
#810 = CARTESIAN_POINT('',(6.88975,-17.84689705144));
#811 = DIRECTION('',(0.,0.,-1.));
#812 = VECTOR('',#2014,1.);
#813 = DIRECTION('',(-1.,0.));
#814 = DIRECTION('',(1.,0.));
#815 = DIRECTION('',(-1.,1.130863886743E-15));
#816 = VECTOR('',#2810,1.);
#817 = CIRCLE('',#5001,5.715);
#818 = CARTESIAN_POINT('',(0.,3.81,-1.310303626865E-14));
#819 = DEFINITIONAL_REPRESENTATION('',(#3786),#728);
#820 = PCURVE('',#5050,#3117);
#821 = CARTESIAN_POINT('',(1.769426013166,4.712388980385));
#822 = ( GEOMETRIC_REPRESENTATION_CONTEXT(2) 
PARAMETRIC_REPRESENTATION_CONTEXT() REPRESENTATION_CONTEXT('2D SPACE',''
  ) );
#823 = ORIENTED_EDGE('',*,*,#1779,.F.);
#824 = DIRECTION('',(1.,0.,0.));
#825 = DEFINITIONAL_REPRESENTATION('',(#1967),#5052);
#826 = CARTESIAN_POINT('',(1.157764945052,-3.560423885651));
#827 = LINE('',#4806,#4405);
#828 = DEFINITIONAL_REPRESENTATION('',(#3808),#4279);
#829 = ( GEOMETRIC_REPRESENTATION_CONTEXT(2) 
PARAMETRIC_REPRESENTATION_CONTEXT() REPRESENTATION_CONTEXT('2D SPACE',''
  ) );
#830 = DEFINITIONAL_REPRESENTATION('',(#3328),#2465);
#831 = CARTESIAN_POINT('',(4.712388980385,-0.571198664289));
#832 = CIRCLE('',#2184,3.81);
#833 = CARTESIAN_POINT('',(-3.444875,-11.88019852572));
#834 = AXIS2_PLACEMENT_3D('',#4665,#1799,#2514);
#835 = DIRECTION('',(-0.,3.491481338843E-15,1.));
#836 = VERTEX_POINT('',#1947);
#837 = CARTESIAN_POINT('',(7.282782969685,3.765859397709E-15));
#838 = ORIENTED_EDGE('',*,*,#1565,.F.);
#839 = PRODUCT_DEFINITION_SHAPE('','',#4106);
#840 = VECTOR('',#3826,1.);
#841 = CARTESIAN_POINT('',(0.,-6.852704730276E-17,6.852704730276E-17));
#842 = AXIS2_PLACEMENT_3D('',#2390,#788,#1677);
#843 = LINE('',#3430,#176);
#844 = DIRECTION('',(-1.,0.));
#845 = CARTESIAN_POINT('',(-6.866,8.408424922946E-16,7.231));
#846 = ORIENTED_EDGE('',*,*,#3811,.F.);
#847 = AXIS2_PLACEMENT_3D('',#115,#4131,#1161);
#848 = CARTESIAN_POINT('',(4.941203640181,4.806591183129));
#849 = SURFACE_CURVE('',#434,(#27,#3256),.PCURVE_S1.);
#850 = ( GEOMETRIC_REPRESENTATION_CONTEXT(2) 
PARAMETRIC_REPRESENTATION_CONTEXT() REPRESENTATION_CONTEXT('2D SPACE',''
  ) );
#851 = VECTOR('',#4766,1.);
#852 = CARTESIAN_POINT('',(6.28318530718,0.));
#853 = VERTEX_POINT('',#1531);
#854 = CIRCLE('',#997,6.4135);
#855 = DIRECTION('',(0.,-3.491481338843E-15,-1.));
#856 = CARTESIAN_POINT('',(3.14159265359,-19.558));
#857 = DEFINITIONAL_REPRESENTATION('',(#213),#4826);
#858 = ORIENTED_EDGE('',*,*,#2473,.T.);
#859 = AXIS2_PLACEMENT_3D('',#2495,#2454,#586);
#860 = VECTOR('',#2201,1.);
#861 = EDGE_LOOP('',(#1503,#3326,#1758,#168));
#862 = DIRECTION('',(0.,1.));
#863 = CARTESIAN_POINT('',(-11.93339705144,0.97625));
#864 = LINE('',#3549,#2175);
#865 = LINE('',#3889,#205);
#866 = LINE('',#1681,#3563);
#867 = ADVANCED_FACE('',(#678),#4303,.T.);
#868 = CARTESIAN_POINT('',(-5.9135,4.328982450559));
#869 = ADVANCED_FACE('',(#430),#2195,.T.);
#870 = ADVANCED_FACE('',(#4940),#2572,.T.);
#871 = LINE('',#3719,#4518);
#872 = CARTESIAN_POINT('',(1.867735250419,5.196792427329));
#873 = CARTESIAN_POINT('',(0.,3.81,18.058));
#874 = CARTESIAN_POINT('',(3.14159265359,0.));
#875 = ( GEOMETRIC_REPRESENTATION_CONTEXT(2) 
PARAMETRIC_REPRESENTATION_CONTEXT() REPRESENTATION_CONTEXT('2D SPACE',''
  ) );
#876 = CARTESIAN_POINT('',(5.347377344715,-4.048056991672));
#877 = VECTOR('',#4008,1.);
#878 = CARTESIAN_POINT('',(4.712388980385,-21.598));
#879 = ORIENTED_EDGE('',*,*,#255,.T.);
#880 = SURFACE_CURVE('',#1529,(#1714,#1924),.PCURVE_S1.);
#881 = DIRECTION('',(0.,1.,-3.491481338843E-15));
#882 = PCURVE('',#1885,#2133);
#883 = CARTESIAN_POINT('',(4.514910290199,6.266880297487));
#884 = EDGE_LOOP('',(#4167,#1561,#3292,#589));
#885 = LINE('',#2628,#476);
#886 = DEFINITIONAL_REPRESENTATION('',(#3363),#4650);
#887 = CIRCLE('',#2724,7.366);
#888 = CARTESIAN_POINT('',(-2.172851102202,6.835958860321,
    6.835958860321));
#889 = CARTESIAN_POINT('',(1.34468451448,6.172529311061));
#890 = CARTESIAN_POINT('',(4.497816932609,6.213350659784));
#891 = DIRECTION('',(0.,-1.,3.491481338843E-15));
#892 = SURFACE_CURVE('',#3173,(#4860,#2967),.PCURVE_S1.);
#893 = CARTESIAN_POINT('',(4.518729004302,6.277817963567));
#894 = AXIS2_PLACEMENT_3D('',#3287,#1118,#2426);
#895 = ORIENTED_EDGE('',*,*,#1544,.F.);
#896 = CARTESIAN_POINT('',(11.827,-5.9135));
#897 = PCURVE('',#2363,#4356);
#898 = CARTESIAN_POINT('',(0.,6.481,-2.262829055704E-14));
#899 = CARTESIAN_POINT('',(1.876434330005,5.31890507641));
#900 = AXIS2_PLACEMENT_3D('',#1474,#2662,#2018);
#901 = ORIENTED_EDGE('',*,*,#4464,.F.);
#902 = ADVANCED_FACE('',(#2582),#2452,.T.);
#903 = LINE('',#1205,#2125);
#904 = DEFINITIONAL_REPRESENTATION('',(#996),#4122);
#905 = CIRCLE('',#3910,3.675);
#906 = CARTESIAN_POINT('',(0.,0.,17.058));
#907 = CARTESIAN_POINT('',(0.,6.28318530718));
#908 = CARTESIAN_POINT('',(3.926990816987,-4.337751451413));
#909 = CIRCLE('',#595,3.175);
#910 = PCURVE('',#4216,#3368);
#911 = LINE('',#2073,#1285);
#912 = DIRECTION('',(1.,0.));
#913 = DEFINITIONAL_REPRESENTATION('',(#3273),#2975);
#914 = LINE('',#3941,#4025);
#915 = CARTESIAN_POINT('',(5.966698525724,-9.358375));
#916 = ORIENTED_EDGE('',*,*,#415,.F.);
#917 = VECTOR('',#1911,1.);
#918 = SURFACE_CURVE('',#2805,(#217,#4784),.PCURVE_S1.);
#919 = CIRCLE('',#1240,6.4135);
#920 = PCURVE('',#1283,#2823);
#921 = DIRECTION('',(1.,0.,0.));
#922 = DIRECTION('',(0.,-0.,1.));
#923 = DIRECTION('',(0.,0.,1.));
#924 = PCURVE('',#319,#1012);
#925 = CARTESIAN_POINT('',(1.856975519505,5.854764081609));
#926 = CARTESIAN_POINT('',(1.76827501698,6.266880297488));
#927 = DIRECTION('',(1.,0.));
#928 = ORIENTED_EDGE('',*,*,#2571,.F.);
#929 = CARTESIAN_POINT('',(4.410743088744,5.253369947476));
#930 = SURFACE_CURVE('',#1465,(#1472,#1935),.PCURVE_S1.);
#931 = ORIENTED_EDGE('',*,*,#1122,.T.);
#932 = FACE_BOUND('',#1597,.T.);
#933 = EDGE_LOOP('',(#4645,#3385));
#934 = SURFACE_CURVE('',#3199,(#910,#4030),.PCURVE_S1.);
#935 = DIRECTION('',(0.,-3.491481338843E-15,-1.));
#936 = CARTESIAN_POINT('',(1.55331105488,-12.19275073806));
#937 = CARTESIAN_POINT('',(0.,4.712388980385));
#938 = ORIENTED_EDGE('',*,*,#1362,.F.);
#939 = SURFACE_CURVE('',#653,(#1129,#3976),.PCURVE_S1.);
#940 = EDGE_CURVE('',#1822,#80,#1652,.T.);
#941 = CARTESIAN_POINT('',(4.764834107684,-12.20175340047));
#942 = CARTESIAN_POINT('',(0.,-3.));
#943 = LINE('',#5075,#4452);
#944 = DEFINITIONAL_REPRESENTATION('',(#2500),#1824);
#945 = CARTESIAN_POINT('',(5.215,-5.715));
#946 = CIRCLE('',#2569,5.9135);
#947 = ORIENTED_EDGE('',*,*,#2680,.F.);
#948 = ORIENTED_EDGE('',*,*,#2914,.F.);
#949 = PCURVE('',#1952,#1726);
#950 = LINE('',#1632,#4149);
#951 = LINE('',#1454,#1226);
#952 = VERTEX_POINT('',#1332);
#953 = DEFINITIONAL_REPRESENTATION('',(#3616),#4224);
#954 = CARTESIAN_POINT('',(4.712388980385,-1.427996660723));
#955 = DIRECTION('',(-0.,-0.,1.));
#956 = SURFACE_CURVE('',#1729,(#3570,#4590),.PCURVE_S1.);
#957 = VECTOR('',#673,1.);
#958 = SURFACE_CURVE('',#1003,(#1350,#3919),.PCURVE_S1.);
#959 = DIRECTION('',(1.,0.));
#960 = TOROIDAL_SURFACE('',#1688,5.925,0.25);
#961 = VECTOR('',#4188,1.);
#962 = ADVANCED_FACE('',(#3534),#2131,.T.);
#963 = CARTESIAN_POINT('',(2.95675,-0.792258774721));
#964 = DIRECTION('',(-1.,0.,0.));
#965 = ( GEOMETRIC_REPRESENTATION_CONTEXT(2) 
PARAMETRIC_REPRESENTATION_CONTEXT() REPRESENTATION_CONTEXT('2D SPACE',''
  ) );
#966 = ORIENTED_EDGE('',*,*,#2346,.F.);
#967 = EDGE_CURVE('',#5066,#4962,#4681,.T.);
#968 = CARTESIAN_POINT('',(6.28318530718,1.570796326795));
#969 = AXIS2_PLACEMENT_3D('',#297,#1485,#3982);
#970 = DEFINITIONAL_REPRESENTATION('',(#559),#645);
#971 = CARTESIAN_POINT('',(0.,8.651039112295E-31,2.477756079075E-16));
#972 = DIRECTION('',(1.,0.));
#973 = VERTEX_POINT('',#1271);
#974 = ( GEOMETRIC_REPRESENTATION_CONTEXT(2) 
PARAMETRIC_REPRESENTATION_CONTEXT() REPRESENTATION_CONTEXT('2D SPACE',''
  ) );
#975 = CARTESIAN_POINT('',(0.,6.28318530718));
#976 = AXIS2_PLACEMENT_3D('',#2523,#4941,#4045);
#977 = ( GEOMETRIC_REPRESENTATION_CONTEXT(2) 
PARAMETRIC_REPRESENTATION_CONTEXT() REPRESENTATION_CONTEXT('2D SPACE',''
  ) );
#978 = CIRCLE('',#2413,5.675);
#979 = ( GEOMETRIC_REPRESENTATION_CONTEXT(2) 
PARAMETRIC_REPRESENTATION_CONTEXT() REPRESENTATION_CONTEXT('2D SPACE',''
  ) );
#980 = PCURVE('',#4706,#4082);
#981 = ( BOUNDED_CURVE() B_SPLINE_CURVE(2,(#1175,#625,#1592,#3179,#1390,#15
,#660),.UNSPECIFIED.,.T.,.F.) B_SPLINE_CURVE_WITH_KNOTS((1,2,2,2,2,1),(
    -2.094395102393,0.,2.094395102393,4.188790204786,6.28318530718,
8.377580409573),.UNSPECIFIED.) CURVE() GEOMETRIC_REPRESENTATION_ITEM() 
RATIONAL_B_SPLINE_CURVE((1.,0.5,1.,0.5,1.,0.5,1.)) REPRESENTATION_ITEM(
  '') );
#982 = CARTESIAN_POINT('',(0.,3.81,-3.175));
#983 = LINE('',#1290,#2898);
#984 = DIRECTION('',(0.,-1.,3.504150098834E-15));
#985 = AXIS2_PLACEMENT_3D('',#336,#2000,#4321);
#986 = ORIENTED_EDGE('',*,*,#3389,.F.);
#987 = CARTESIAN_POINT('',(1.229999524329,-3.389691468916));
#988 = VERTEX_POINT('',#513);
#989 = DIRECTION('',(0.,1.,-3.491481338843E-15));
#990 = ORIENTED_EDGE('',*,*,#5029,.T.);
#991 = CIRCLE('',#3878,7.366);
#992 = PCURVE('',#3288,#4330);
#993 = CARTESIAN_POINT('',(4.712388980385,-1.356596827687));
#994 = ( GEOMETRIC_REPRESENTATION_CONTEXT(2) 
PARAMETRIC_REPRESENTATION_CONTEXT() REPRESENTATION_CONTEXT('2D SPACE',''
  ) );
#995 = DIRECTION('',(1.,0.,0.));
#996 = B_SPLINE_CURVE_WITH_KNOTS('',3,(#1233,#3960,#1703,#4549,#1756,
    #3224,#4520,#2496,#1405,#2976,#4297,#2161,#4759,#1988,#2418,#4793,
    #2322,#826,#987,#4894,#2407,#776,#3903,#2308,#4370),
  .UNSPECIFIED.,.F.,.F.,(4,1,1,1,1,1,1,1,1,1,1,1,1,1,1,1,1,1,1,1,1,1,4),
  (3.14159265359,3.212992486626,3.284392319662,3.355792152698,
    3.427191985734,3.49859181877,3.569991651807,3.641391484843,
    3.712791317879,3.784191150915,3.855590983951,3.926990816987,
    3.998390650023,4.06979048306,4.141190316096,4.212590149132,
    4.283989982168,4.355389815204,4.42678964824,4.498189481276,
    4.569589314312,4.640989147349,4.712388980385),
  .QUASI_UNIFORM_KNOTS.);
#997 = AXIS2_PLACEMENT_3D('',#1223,#4526,#2589);
#998 = TOROIDAL_SURFACE('',#345,6.866,0.5);
#999 = ( GEOMETRIC_REPRESENTATION_CONTEXT(2) 
PARAMETRIC_REPRESENTATION_CONTEXT() REPRESENTATION_CONTEXT('2D SPACE',''
  ) );
#1000 = PCURVE('',#3912,#2698);
#1001 = FACE_BOUND('',#376,.T.);
#1002 = EDGE_CURVE('',#4031,#1306,#2429,.T.);
#1003 = CIRCLE('',#3442,0.5);
#1004 = DIRECTION('',(-1.,0.,0.));
#1005 = PCURVE('',#2235,#3090);
#1006 = VECTOR('',#1784,1.);
#1007 = ORIENTED_EDGE('',*,*,#4254,.F.);
#1008 = SURFACE_CURVE('',#1452,(#3888,#3055),.PCURVE_S1.);
#1009 = ORIENTED_EDGE('',*,*,#5029,.F.);
#1010 = CIRCLE('',#1130,6.866);
#1011 = CIRCLE('',#2042,3.175);
#1012 = DEFINITIONAL_REPRESENTATION('',(#4345),#2612);
#1013 = ( NAMED_UNIT(*) PLANE_ANGLE_UNIT() SI_UNIT($,.RADIAN.) );
#1014 = DEFINITIONAL_REPRESENTATION('',(#1669),#1041);
#1015 = ORIENTED_EDGE('',*,*,#4695,.T.);
#1016 = CARTESIAN_POINT('',(0.,15.558,-5.432046666972E-14));
#1017 = CARTESIAN_POINT('',(6.28318530718,0.));
#1018 = DIRECTION('',(0.,1.));
#1019 = DEFINITIONAL_REPRESENTATION('',(#1602),#648);
#1020 = PCURVE('',#998,#1766);
#1021 = DIRECTION('',(0.,1.,-3.491481338843E-15));
#1022 = DIRECTION('',(0.,1.));
#1023 = CARTESIAN_POINT('',(3.14159265359,0.));
#1024 = LINE('',#3535,#396);
#1025 = DIRECTION('',(0.,0.,-1.));
#1026 = CARTESIAN_POINT('',(0.,0.,6.731));
#1027 = DEFINITIONAL_REPRESENTATION('',(#3059),#1500);
#1028 = DIRECTION('',(1.,0.));
#1029 = DEFINITIONAL_REPRESENTATION('',(#2291),#3297);
#1030 = LINE('',#5019,#3283);
#1031 = EDGE_CURVE('',#3522,#4061,#2543,.T.);
#1032 = AXIS2_PLACEMENT_3D('',#498,#203,#4523);
#1033 = CARTESIAN_POINT('',(-3.81,0.685613576837));
#1034 = DEFINITIONAL_REPRESENTATION('',(#413),#1598);
#1035 = AXIS2_PLACEMENT_3D('',#2532,#3662,#4012);
#1036 = ORIENTED_EDGE('',*,*,#5071,.T.);
#1037 = ORIENTED_EDGE('',*,*,#1853,.F.);
#1038 = CARTESIAN_POINT('',(0.,19.058,-3.175));
#1039 = CARTESIAN_POINT('',(5.008869645433,5.191875329318));
#1040 = FACE_BOUND('',#4494,.T.);
#1041 = ( GEOMETRIC_REPRESENTATION_CONTEXT(2) 
PARAMETRIC_REPRESENTATION_CONTEXT() REPRESENTATION_CONTEXT('2D SPACE',''
  ) );
#1042 = DIRECTION('',(0.,-3.504150098834E-15,-1.));
#1043 = AXIS2_PLACEMENT_3D('',#2053,#4488,#651);
#1044 = PRODUCT_DEFINITION_FORMATION('','',#1073);
#1045 = CARTESIAN_POINT('',(4.964817840969,4.902190240852));
#1046 = LINE('',#4451,#2367);
#1047 = VECTOR('',#4927,1.);
#1048 = LINE('',#2445,#1462);
#1049 = CARTESIAN_POINT('',(5.215,-14.74764496147));
#1050 = ( GEOMETRIC_REPRESENTATION_CONTEXT(2) 
PARAMETRIC_REPRESENTATION_CONTEXT() REPRESENTATION_CONTEXT('2D SPACE',''
  ) );
#1051 = CARTESIAN_POINT('',(-3.81,-5.9135));
#1052 = AXIS2_PLACEMENT_3D('',#631,#3939,#4680);
#1053 = CARTESIAN_POINT('',(2.269909974041,-15.19558466305));
#1054 = CARTESIAN_POINT('',(2.54,1.487897551572,1.487897551572));
#1055 = DIRECTION('',(1.,0.,0.));
#1056 = CARTESIAN_POINT('',(-2.54,1.487897551572,1.487897551572));
#1057 = VECTOR('',#3377,1.);
#1058 = CARTESIAN_POINT('',(0.,-19.558));
#1059 = DIRECTION('',(1.,-0.,0.));
#1060 = EDGE_LOOP('',(#505,#663));
#1061 = PCURVE('',#4706,#658);
#1062 = ( GEOMETRIC_REPRESENTATION_CONTEXT(2) 
PARAMETRIC_REPRESENTATION_CONTEXT() REPRESENTATION_CONTEXT('2D SPACE',''
  ) );
#1063 = AXIS2_PLACEMENT_3D('',#3843,#2792,#3958);
#1064 = CARTESIAN_POINT('',(8.729129303472E-16,15.558,6.88975));
#1065 = CARTESIAN_POINT('',(7.853981633974,-4.47625));
#1066 = CARTESIAN_POINT('',(-2.111150755226,6.997129957098,
    6.997129957098));
#1067 = CARTESIAN_POINT('',(3.12016671002,-5.080008248754));
#1068 = CARTESIAN_POINT('',(-7.366,9.020748322519E-16,7.231));
#1069 = CARTESIAN_POINT('',(4.993278165373,5.059793888148));
#1070 = DEFINITIONAL_REPRESENTATION('',(#3533),#2841);
#1071 = CARTESIAN_POINT('',(0.,4.712388980385));
#1072 = CARTESIAN_POINT('',(0.,-6.33437999559E-18,19.058));
#1073 = PRODUCT('Open CASCADE STEP translator 7.8 1',
  'Open CASCADE STEP translator 7.8 1','',(#12));
#1074 = LINE('',#1365,#421);
#1075 = ORIENTED_EDGE('',*,*,#2511,.F.);
#1076 = ADVANCED_FACE('',(#2249),#1291,.T.);
#1077 = DEFINITIONAL_REPRESENTATION('',(#4295),#4769);
#1078 = DIRECTION('',(0.,-0.,1.));
#1079 = ( GEOMETRIC_REPRESENTATION_CONTEXT(2) 
PARAMETRIC_REPRESENTATION_CONTEXT() REPRESENTATION_CONTEXT('2D SPACE',''
  ) );
#1080 = SURFACE_CURVE('',#3906,(#2267,#4754),.PCURVE_S1.);
#1081 = DEFINITIONAL_REPRESENTATION('',(#3272),#4576);
#1082 = DIRECTION('',(0.,1.));
#1083 = VERTEX_POINT('',#2395);
#1084 = PCURVE('',#3504,#4416);
#1085 = VECTOR('',#4607,1.);
#1086 = PCURVE('',#2572,#3907);
#1087 = LINE('',#2250,#2425);
#1088 = ( GEOMETRIC_REPRESENTATION_CONTEXT(2) 
PARAMETRIC_REPRESENTATION_CONTEXT() REPRESENTATION_CONTEXT('2D SPACE',''
  ) );
#1089 = PCURVE('',#4570,#4735);
#1090 = EDGE_CURVE('',#4962,#799,#2189,.T.);
#1091 = LINE('',#4292,#1234);
#1092 = SURFACE_CURVE('',#1364,(#949,#1005),.PCURVE_S1.);
#1093 = CARTESIAN_POINT('',(-5.9135,-5.9135));
#1094 = ORIENTED_EDGE('',*,*,#3079,.F.);
#1095 = CARTESIAN_POINT('',(-5.925,7.256032284948E-16,6.731));
#1096 = DIRECTION('',(0.,-0.,1.));
#1097 = ADVANCED_FACE('',(#359,#1344),#4609,.F.);
#1098 = DEFINITIONAL_REPRESENTATION('',(#3598),#965);
#1099 = ( GEOMETRIC_REPRESENTATION_CONTEXT(2) 
PARAMETRIC_REPRESENTATION_CONTEXT() REPRESENTATION_CONTEXT('2D SPACE',''
  ) );
#1100 = LINE('',#3993,#3659);
#1101 = CARTESIAN_POINT('',(7.853981633975,1.570796326795));
#1102 = PCURVE('',#3498,#1557);
#1103 = SURFACE_CURVE('',#3294,(#2401,#5000),.PCURVE_S1.);
#1104 = DIRECTION('',(1.,0.,0.));
#1105 = VERTEX_POINT('',#333);
#1106 = CARTESIAN_POINT('',(6.88975,-5.9135));
#1107 = CARTESIAN_POINT('',(0.,-6.4135));
#1108 = DIRECTION('',(-0.,-0.,1.));
#1109 = ORIENTED_EDGE('',*,*,#3602,.F.);
#1110 = CARTESIAN_POINT('',(1.284516451785,5.099484307517));
#1111 = CARTESIAN_POINT('',(0.,-3.81));
#1112 = CARTESIAN_POINT('',(1.377126259039,6.277789630737));
#1113 = CARTESIAN_POINT('',(0.,-3.5));
#1114 = DIRECTION('',(1.,0.));
#1115 = VERTEX_POINT('',#3921);
#1116 = ORIENTED_EDGE('',*,*,#372,.F.);
#1117 = CARTESIAN_POINT('',(3.701905694647,-4.693591417415));
#1118 = DIRECTION('',(0.,-1.,3.491481338843E-15));
#1119 = DEFINITIONAL_REPRESENTATION('',(#1707),#1222);
#1120 = DIRECTION('',(6.999672361801E-46,1.,-3.491481338843E-15));
#1121 = VERTEX_POINT('',#441);
#1122 = EDGE_CURVE('',#377,#158,#4790,.T.);
#1123 = SURFACE_CURVE('',#4612,(#2229,#1505),.PCURVE_S1.);
#1124 = CARTESIAN_POINT('',(4.712388980385,0.92819782947));
#1125 = ORIENTED_EDGE('',*,*,#3475,.F.);
#1126 = DEFINITIONAL_REPRESENTATION('',(#3358),#977);
#1127 = CARTESIAN_POINT('',(-1.487897551572,2.54,2.54));
#1128 = SURFACE_CURVE('',#2159,(#263,#3396),.PCURVE_S1.);
#1129 = PCURVE('',#2394,#4968);
#1130 = AXIS2_PLACEMENT_2D('',#4022,#4187);
#1131 = CARTESIAN_POINT('',(6.28318530718,0.));
#1132 = PCURVE('',#4111,#944);
#1133 = VECTOR('',#4717,1.);
#1134 = DEFINITIONAL_REPRESENTATION('',(#4162),#4063);
#1135 = DIRECTION('',(1.,0.,0.));
#1136 = DEFINITIONAL_REPRESENTATION('',(#1279),#2669);
#1137 = SURFACE_CURVE('',#2369,(#3069,#1102),.PCURVE_S1.);
#1138 = DIRECTION('',(1.,0.,0.));
#1139 = PCURVE('',#496,#3479);
#1140 = CARTESIAN_POINT('',(1.605764197897,-12.19612802657));
#1141 = VECTOR('',#4182,1.);
#1142 = CARTESIAN_POINT('',(4.712388980385,1.213797161614));
#1143 = DIRECTION('',(1.,0.));
#1144 = CARTESIAN_POINT('',(5.675,0.,19.558));
#1145 = VECTOR('',#3737,1.);
#1146 = PCURVE('',#2788,#3655);
#1147 = DEFINITIONAL_REPRESENTATION('',(#147),#2748);
#1148 = EDGE_LOOP('',(#2453,#3113,#1734,#3654));
#1149 = CARTESIAN_POINT('',(0.,0.,0.));
#1150 = SURFACE_CURVE('',#2862,(#4760,#4702),.PCURVE_S1.);
#1151 = SURFACE_CURVE('',#3531,(#716,#5057),.PCURVE_S1.);
#1152 = VECTOR('',#628,1.);
#1153 = ( LENGTH_UNIT() NAMED_UNIT(*) SI_UNIT(.MILLI.,.METRE.) );
#1154 = CARTESIAN_POINT('',(5.712873634207,-16.48411767728));
#1155 = VECTOR('',#3223,1.);
#1156 = DIRECTION('',(1.,0.));
#1157 = EDGE_CURVE('',#2801,#836,#124,.T.);
#1158 = CARTESIAN_POINT('',(0.,-13.077));
#1159 = VECTOR('',#2451,1.);
#1160 = LINE('',#2364,#3228);
#1161 = DIRECTION('',(-1.,0.,0.));
#1162 = ( GEOMETRIC_REPRESENTATION_CONTEXT(2) 
PARAMETRIC_REPRESENTATION_CONTEXT() REPRESENTATION_CONTEXT('2D SPACE',''
  ) );
#1163 = DIRECTION('',(0.,-3.504150098834E-15,-1.));
#1164 = DEFINITIONAL_REPRESENTATION('',(#387),#1162);
#1165 = ( GEOMETRIC_REPRESENTATION_CONTEXT(2) 
PARAMETRIC_REPRESENTATION_CONTEXT() REPRESENTATION_CONTEXT('2D SPACE',''
  ) );
#1166 = VERTEX_POINT('',#2488);
#1167 = CARTESIAN_POINT('',(0.,19.558,-6.828639202509E-14));
#1168 = SURFACE_CURVE('',#565,(#1477,#266),.PCURVE_S1.);
#1169 = CYLINDRICAL_SURFACE('',#2335,5.9135);
#1170 = CARTESIAN_POINT('',(0.,-2.5));
#1171 = CARTESIAN_POINT('',(8.437510284425E-16,15.08175,6.88975));
#1172 = ( GEOMETRIC_REPRESENTATION_CONTEXT(2) 
PARAMETRIC_REPRESENTATION_CONTEXT() REPRESENTATION_CONTEXT('2D SPACE',''
  ) );
#1173 = PCURVE('',#2195,#3125);
#1174 = CARTESIAN_POINT('',(0.,-5.715));
#1175 = CARTESIAN_POINT('',(5.215,-5.715));
#1176 = CARTESIAN_POINT('',(1.210143583862,-14.22050320802));
#1177 = CARTESIAN_POINT('',(0.,0.,19.058));
#1178 = PCURVE('',#3498,#4904);
#1179 = CARTESIAN_POINT('',(0.,-2.54));
#1180 = CARTESIAN_POINT('',(7.853981633974,-0.5));
#1181 = DIRECTION('',(1.,0.));
#1182 = CARTESIAN_POINT('',(3.888253587293E-16,3.81,3.175));
#1183 = DIRECTION('',(0.,1.));
#1184 = LINE('',#937,#1345);
#1185 = PCURVE('',#4274,#2519);
#1186 = LINE('',#3009,#694);
#1187 = DIRECTION('',(1.,0.));
#1188 = ADVANCED_FACE('',(#2593),#1402,.T.);
#1189 = CARTESIAN_POINT('',(4.935217020378,4.78583820815));
#1190 = AXIS2_PLACEMENT_2D('',#369,#2056);
#1191 = ( GEOMETRIC_REPRESENTATION_CONTEXT(2) 
PARAMETRIC_REPRESENTATION_CONTEXT() REPRESENTATION_CONTEXT('2D SPACE',''
  ) );
#1192 = LINE('',#3431,#816);
#1193 = CARTESIAN_POINT('',(3.110602869834E-16,-2.54,3.21786503776E-17)
  );
#1194 = CARTESIAN_POINT('',(7.853981633974,2.379994434538E-02));
#1195 = DEFINITIONAL_REPRESENTATION('',(#472),#4829);
#1196 = PCURVE('',#1639,#695);
#1197 = VECTOR('',#2220,1.);
#1198 = PCURVE('',#4609,#4670);
#1199 = PCURVE('',#16,#1244);
#1200 = ( GEOMETRIC_REPRESENTATION_CONTEXT(2) 
PARAMETRIC_REPRESENTATION_CONTEXT() REPRESENTATION_CONTEXT('2D SPACE',''
  ) );
#1201 = CARTESIAN_POINT('',(-5.215,0.,19.058));
#1202 = PCURVE('',#1459,#2591);
#1203 = ( GEOMETRIC_REPRESENTATION_CONTEXT(2) 
PARAMETRIC_REPRESENTATION_CONTEXT() REPRESENTATION_CONTEXT('2D SPACE',''
  ) );
#1204 = DEFINITIONAL_REPRESENTATION('',(#4944),#2854);
#1205 = CARTESIAN_POINT('',(0.,4.712388980385));
#1206 = CARTESIAN_POINT('',(4.41545005676,5.196792427329));
#1207 = CARTESIAN_POINT('',(5.246203530293,-14.64913187838));
#1208 = SURFACE_CURVE('',#3710,(#2784,#3506),.PCURVE_S1.);
#1209 = AXIS2_PLACEMENT_3D('',#4132,#2948,#1987);
#1210 = VECTOR('',#972,1.);
#1211 = CARTESIAN_POINT('',(0.,-5.925));
#1212 = VECTOR('',#1512,1.);
#1213 = CARTESIAN_POINT('',(1.710454609014,-12.26335005679));
#1214 = DIRECTION('',(-1.,0.));
#1215 = AXIS2_PLACEMENT_3D('',#757,#2191,#995);
#1216 = PCURVE('',#998,#2853);
#1217 = DIRECTION('',(1.,0.,-0.));
#1218 = DIRECTION('',(1.,0.,0.));
#1219 = CARTESIAN_POINT('',(2.201411615786,6.871699785552,6.871699785552
    ));
#1220 = DIRECTION('',(1.,0.));
#1221 = PCURVE('',#4415,#4595);
#1222 = ( GEOMETRIC_REPRESENTATION_CONTEXT(2) 
PARAMETRIC_REPRESENTATION_CONTEXT() REPRESENTATION_CONTEXT('2D SPACE',''
  ) );
#1223 = CARTESIAN_POINT('',(0.,16.558,-5.781194800856E-14));
#1224 = CYLINDRICAL_SURFACE('',#1545,7.366);
#1225 = ( GEOMETRIC_REPRESENTATION_CONTEXT(2) 
PARAMETRIC_REPRESENTATION_CONTEXT() REPRESENTATION_CONTEXT('2D SPACE',''
  ) );
#1226 = VECTOR('',#2838,1.);
#1227 = CARTESIAN_POINT('',(-5.9135,0.,17.058));
#1228 = CARTESIAN_POINT('',(0.,17.058,-5.955768867799E-14));
#1229 = DIRECTION('',(1.,0.));
#1230 = CARTESIAN_POINT('',(-3.444875,-11.88019852572));
#1231 = VECTOR('',#2197,1.);
#1232 = VECTOR('',#3057,1.);
#1233 = CARTESIAN_POINT('',(0.,-5.08));
#1234 = VECTOR('',#316,1.);
#1235 = ( GEOMETRIC_REPRESENTATION_CONTEXT(2) 
PARAMETRIC_REPRESENTATION_CONTEXT() REPRESENTATION_CONTEXT('2D SPACE',''
  ) );
#1236 = DIRECTION('',(0.,0.,-1.));
#1237 = PCURVE('',#2756,#825);
#1238 = CYLINDRICAL_SURFACE('',#3952,3.175);
#1239 = DIRECTION('',(0.,-1.,3.491481338843E-15));
#1240 = AXIS2_PLACEMENT_3D('',#3290,#2095,#824);
#1241 = PCURVE('',#1747,#1590);
#1242 = ORIENTED_EDGE('',*,*,#3638,.T.);
#1243 = EDGE_CURVE('',#1959,#2630,#4199,.T.);
#1244 = DEFINITIONAL_REPRESENTATION('',(#4465),#1245);
#1245 = ( GEOMETRIC_REPRESENTATION_CONTEXT(2) 
PARAMETRIC_REPRESENTATION_CONTEXT() REPRESENTATION_CONTEXT('2D SPACE',''
  ) );
#1246 = ORIENTED_EDGE('',*,*,#128,.T.);
#1247 = PCURVE('',#3918,#830);
#1248 = DIRECTION('',(1.,0.));
#1249 = CARTESIAN_POINT('',(0.,-12.327));
#1250 = DIRECTION('',(1.,0.));
#1251 = PCURVE('',#4583,#1394);
#1252 = CARTESIAN_POINT('',(4.777243163992,-2.704736502722));
#1253 = EDGE_LOOP('',(#2940,#2114,#2821,#4366));
#1254 = ( GEOMETRIC_REPRESENTATION_CONTEXT(2) 
PARAMETRIC_REPRESENTATION_CONTEXT() REPRESENTATION_CONTEXT('2D SPACE',''
  ) );
#1255 = DIRECTION('',(0.,1.));
#1256 = CARTESIAN_POINT('',(4.834636519413,-12.24660214425));
#1257 = ( GEOMETRIC_REPRESENTATION_CONTEXT(2) 
PARAMETRIC_REPRESENTATION_CONTEXT() REPRESENTATION_CONTEXT('2D SPACE',''
  ) );
#1258 = CARTESIAN_POINT('',(-5.9135,7.241948846758E-16,16.058));
#1259 = CARTESIAN_POINT('',(6.28318530718,0.));
#1260 = CARTESIAN_POINT('',(0.,6.28318530718));
#1261 = CARTESIAN_POINT('',(6.568784639324,6.707424655321E-15));
#1262 = CARTESIAN_POINT('',(4.712388980385,-2.449293598295E-16));
#1263 = PCURVE('',#2788,#4277);
#1264 = CYLINDRICAL_SURFACE('',#1301,2.54);
#1265 = DEFINITIONAL_REPRESENTATION('',(#2639),#829);
#1266 = LINE('',#942,#3520);
#1267 = EDGE_CURVE('',#5066,#1351,#1123,.T.);
#1268 = B_SPLINE_CURVE_WITH_KNOTS('',3,(#1913,#302,#1838,#4244,#1363,
    #3061,#4093,#4914,#3169,#1219,#1835,#3309,#3030,#241,#149,#4121,
    #2887,#792),.UNSPECIFIED.,.F.,.F.,(4,2,2,2,2,2,2,2,4),(
    1.066041533707E-06,4.753307049558E-04,7.124630366668E-04,
    8.310292025223E-04,9.495953683778E-04,1.068161534233E-03,
    1.186727700089E-03,1.4238600318E-03,1.898124695222E-03),
  .UNSPECIFIED.);
#1269 = DIRECTION('',(1.,0.));
#1270 = PCURVE('',#1356,#3467);
#1271 = CARTESIAN_POINT('',(3.888253587293E-16,-3.175,3.81));
#1272 = ( GEOMETRIC_REPRESENTATION_CONTEXT(2) 
PARAMETRIC_REPRESENTATION_CONTEXT() REPRESENTATION_CONTEXT('2D SPACE',''
  ) );
#1273 = ORIENTED_EDGE('',*,*,#3239,.T.);
#1274 = LINE('',#4428,#3632);
#1275 = ORIENTED_EDGE('',*,*,#3239,.F.);
#1276 = DIRECTION('',(0.,1.,-3.491481338843E-15));
#1277 = VERTEX_POINT('',#3073);
#1278 = ORIENTED_EDGE('',*,*,#3981,.T.);
#1279 = LINE('',#1179,#3745);
#1280 = CIRCLE('',#3307,5.925);
#1281 = CARTESIAN_POINT('',(0.,0.));
#1282 = TOROIDAL_SURFACE('',#3914,6.88975,0.47625);
#1283 = CYLINDRICAL_SURFACE('',#4542,5.9135);
#1284 = CARTESIAN_POINT('',(-5.675,6.949870585161E-16,6.481));
#1285 = VECTOR('',#2622,1.);
#1286 = ( GEOMETRIC_REPRESENTATION_CONTEXT(2) 
PARAMETRIC_REPRESENTATION_CONTEXT() REPRESENTATION_CONTEXT('2D SPACE',''
  ) );
#1287 = DIRECTION('',(-1.,0.));
#1288 = CARTESIAN_POINT('',(0.,1.570796326795));
#1289 = ( GEOMETRIC_REPRESENTATION_CONTEXT(2) 
PARAMETRIC_REPRESENTATION_CONTEXT() REPRESENTATION_CONTEXT('2D SPACE',''
  ) );
#1290 = CARTESIAN_POINT('',(0.,-1.5));
#1291 = TOROIDAL_SURFACE('',#3089,5.215,0.5);
#1292 = PCURVE('',#16,#4981);
#1293 = PCURVE('',#2195,#2852);
#1294 = DIRECTION('',(-1.,0.));
#1295 = CARTESIAN_POINT('',(3.14159265359,3.14159265359));
#1296 = PCURVE('',#4111,#2069);
#1297 = AXIS2_PLACEMENT_3D('',#409,#1873,#4376);
#1298 = ( GEOMETRIC_REPRESENTATION_CONTEXT(2) 
PARAMETRIC_REPRESENTATION_CONTEXT() REPRESENTATION_CONTEXT('2D SPACE',''
  ) );
#1299 = ORIENTED_EDGE('',*,*,#3954,.F.);
#1300 = CARTESIAN_POINT('',(0.,-6.35));
#1301 = AXIS2_PLACEMENT_3D('',#258,#4427,#802);
#1302 = CARTESIAN_POINT('',(-3.81,-12.51261357683));
#1303 = VECTOR('',#2031,1.);
#1304 = CARTESIAN_POINT('',(3.076738469983,-5.076495612391));
#1305 = FACE_BOUND('',#187,.F.);
#1306 = VERTEX_POINT('',#1691);
#1307 = DEFINITIONAL_REPRESENTATION('',(#2072),#4497);
#1308 = CARTESIAN_POINT('',(6.28318530718,0.));
#1309 = LINE('',#326,#2695);
#1310 = EDGE_LOOP('',(#3715,#931,#3186,#2872,#4098));
#1311 = CIRCLE('',#3291,6.4135);
#1312 = CARTESIAN_POINT('',(4.516322480736,-8.3225));
#1313 = DIRECTION('',(1.,0.,0.));
#1314 = DIRECTION('',(1.,0.));
#1315 = LINE('',#2515,#3471);
#1316 = LINE('',#4884,#3154);
#1317 = CARTESIAN_POINT('',(5.715,0.,19.558));
#1318 = DIRECTION('',(1.,0.,0.));
#1319 = PCURVE('',#373,#1479);
#1320 = CARTESIAN_POINT('',(-1.512432476853,6.731,6.731));
#1321 = PCURVE('',#1264,#1307);
#1322 = DIRECTION('',(0.,-0.,1.));
#1323 = ( GEOMETRIC_REPRESENTATION_CONTEXT(2) 
PARAMETRIC_REPRESENTATION_CONTEXT() REPRESENTATION_CONTEXT('2D SPACE',''
  ) );
#1324 = CIRCLE('',#727,5.675);
#1325 = EDGE_CURVE('',#3341,#3380,#1461,.T.);
#1326 = CARTESIAN_POINT('',(1.570796326795,-4.47625));
#1327 = CARTESIAN_POINT('',(0.,-1.995076323411E-16,3.81));
#1328 = ORIENTED_EDGE('',*,*,#4540,.T.);
#1329 = ORIENTED_EDGE('',*,*,#4352,.T.);
#1330 = DIRECTION('',(0.,1.,-3.491481338843E-15));
#1331 = CARTESIAN_POINT('',(4.495438890108,4.76656805343));
#1332 = CARTESIAN_POINT('',(-1.403778828734,7.231,7.231));
#1333 = DIRECTION('',(0.,1.,-1.266875999118E-17));
#1334 = DIRECTION('',(0.,1.));
#1335 = CARTESIAN_POINT('',(4.013275333138,-15.19558466305));
#1336 = CARTESIAN_POINT('',(4.712388980385,0.));
#1337 = CARTESIAN_POINT('',(-5.925,6.731,-2.422676412025E-14));
#1338 = CARTESIAN_POINT('',(4.712388980385,0.499798831253));
#1339 = VECTOR('',#5078,1.);
#1340 = SURFACE_CURVE('',#3641,(#1551,#4232),.PCURVE_S1.);
#1341 = VECTOR('',#4644,1.);
#1342 = DEFINITIONAL_REPRESENTATION('',(#511),#2761);
#1343 = DIRECTION('',(1.,0.,0.));
#1344 = FACE_BOUND('',#5037,.T.);
#1345 = VECTOR('',#3111,1.);
#1346 = DEFINITIONAL_REPRESENTATION('',(#3870),#1257);
#1347 = DIRECTION('',(-1.224646799147E-16,1.,0.));
#1348 = CARTESIAN_POINT('',(1.830190419389,6.025994288926));
#1349 = CARTESIAN_POINT('',(0.,6.28318530718));
#1350 = PCURVE('',#3163,#3470);
#1351 = VERTEX_POINT('',#121);
#1352 = ORIENTED_EDGE('',*,*,#2097,.T.);
#1353 = CARTESIAN_POINT('',(0.,-3.81));
#1354 = ( GEOMETRIC_REPRESENTATION_CONTEXT(2) 
PARAMETRIC_REPRESENTATION_CONTEXT() REPRESENTATION_CONTEXT('2D SPACE',''
  ) );
#1355 = VECTOR('',#2370,1.);
#1356 = TOROIDAL_SURFACE('',#3913,3.675,0.5);
#1357 = DIRECTION('',(0.,1.));
#1358 = CARTESIAN_POINT('',(-2.130465186052,6.806082349207,
    6.806082349207));
#1359 = CARTESIAN_POINT('',(0.,6.481,-2.262829055704E-14));
#1360 = CARTESIAN_POINT('',(11.827,-5.9135));
#1361 = DIRECTION('',(-0.,-0.,1.));
#1362 = EDGE_CURVE('',#2876,#973,#248,.T.);
#1363 = CARTESIAN_POINT('',(1.989978943184,7.06421899412,7.06421899412)
  );
#1364 = LINE('',#1317,#2003);
#1365 = CARTESIAN_POINT('',(6.28318530718,-1.570796326795));
#1366 = ORIENTED_EDGE('',*,*,#940,.T.);
#1367 = CARTESIAN_POINT('',(0.,1.570796326795));
#1368 = ( GEOMETRIC_REPRESENTATION_CONTEXT(2) 
PARAMETRIC_REPRESENTATION_CONTEXT() REPRESENTATION_CONTEXT('2D SPACE',''
  ) );
#1369 = CARTESIAN_POINT('',(0.,4.712388980385));
#1370 = PCURVE('',#108,#1864);
#1371 = FACE_BOUND('',#4463,.T.);
#1372 = DEFINITIONAL_REPRESENTATION('',(#2725),#3526);
#1373 = LINE('',#2141,#1862);
#1374 = CARTESIAN_POINT('',(4.712388980385,0.214199499108));
#1375 = CARTESIAN_POINT('',(2.356194490192,-4.337751451413));
#1376 = ORIENTED_EDGE('',*,*,#3120,.T.);
#1377 = DIRECTION('',(0.,1.));
#1378 = PCURVE('',#4674,#423);
#1379 = FACE_BOUND('',#3415,.T.);
#1380 = VECTOR('',#1255,1.);
#1381 = DIRECTION('',(1.,0.));
#1382 = LINE('',#4575,#1303);
#1383 = AXIS2_PLACEMENT_3D('',#1819,#131,#71);
#1384 = CARTESIAN_POINT('',(4.886802630656,-12.30338956621));
#1385 = ORIENTED_EDGE('',*,*,#66,.F.);
#1386 = CARTESIAN_POINT('',(7.711181967902,9.730748758776E-16));
#1387 = SURFACE_CURVE('',#3257,(#2797,#4791),.PCURVE_S1.);
#1388 = ORIENTED_EDGE('',*,*,#105,.F.);
#1389 = DIRECTION('',(0.,1.));
#1390 = CARTESIAN_POINT('',(-2.6075,-1.198677519264));
#1391 = ORIENTED_EDGE('',*,*,#3874,.F.);
#1392 = PCURVE('',#1568,#796);
#1393 = EDGE_CURVE('',#4193,#420,#3752,.T.);
#1394 = DEFINITIONAL_REPRESENTATION('',(#3350),#2010);
#1395 = CARTESIAN_POINT('',(4.712388980385,1.28519699465));
#1396 = VECTOR('',#4951,1.);
#1397 = CARTESIAN_POINT('',(5.675,11.35,11.35));
#1398 = CARTESIAN_POINT('',(-3.81,-5.9135));
#1399 = CIRCLE('',#3455,6.866);
#1400 = DIRECTION('',(0.,-3.491481338843E-15,-1.));
#1401 = LINE('',#4740,#3087);
#1402 = TOROIDAL_SURFACE('',#3151,5.215,0.5);
#1403 = CARTESIAN_POINT('',(3.14159265359,0.));
#1404 = PCURVE('',#2513,#3112);
#1405 = CARTESIAN_POINT('',(0.486263257763,-4.787609164375));
#1406 = ORIENTED_EDGE('',*,*,#4458,.F.);
#1407 = CARTESIAN_POINT('',(6.28318530718,3.925231146709E-16));
#1408 = CARTESIAN_POINT('',(3.110602869834E-16,-2.54,2.54));
#1409 = DIRECTION('',(0.,-1.266875999118E-17,-1.));
#1410 = DEFINITIONAL_REPRESENTATION('',(#321),#3886);
#1411 = ( GEOMETRIC_REPRESENTATION_CONTEXT(2) 
PARAMETRIC_REPRESENTATION_CONTEXT() REPRESENTATION_CONTEXT('2D SPACE',''
  ) );
#1412 = DIRECTION('',(0.,0.,1.));
#1413 = DEFINITIONAL_REPRESENTATION('',(#3202),#3988);
#1414 = CARTESIAN_POINT('',(4.483357949478,4.807370063191));
#1415 = SURFACE_CURVE('',#4192,(#4328,#637),.PCURVE_S1.);
#1416 = DIRECTION('',(1.,0.));
#1417 = CARTESIAN_POINT('',(1.299983283311,5.961952221807));
#1418 = ORIENTED_EDGE('',*,*,#1569,.F.);
#1419 = CARTESIAN_POINT('',(0.,3.175,3.81));
#1420 = PCURVE('',#1238,#1507);
#1421 = AXIS2_PLACEMENT_3D('',#1167,#28,#2578);
#1422 = AXIS2_PLACEMENT_3D('',#138,#1276,#1780);
#1423 = PCURVE('',#4630,#1576);
#1424 = SURFACE_CURVE('',#1309,(#3241,#1514),.PCURVE_S1.);
#1425 = AXIS2_PLACEMENT_3D('',#2170,#3399,#4592);
#1426 = LINE('',#740,#3680);
#1427 = DIRECTION('',(1.,0.,0.));
#1428 = SURFACE_CURVE('',#574,(#3464,#1572),.PCURVE_S1.);
#1429 = CARTESIAN_POINT('',(6.88975,6.019897051448));
#1430 = CARTESIAN_POINT('',(3.206446837197,-5.076495612391));
#1431 = VECTOR('',#2866,1.);
#1432 = DEFINITIONAL_REPRESENTATION('',(#1382),#2753);
#1433 = ( GEOMETRIC_REPRESENTATION_CONTEXT(2) 
PARAMETRIC_REPRESENTATION_CONTEXT() REPRESENTATION_CONTEXT('2D SPACE',''
  ) );
#1434 = EDGE_CURVE('',#420,#3522,#1823,.T.);
#1435 = VECTOR('',#862,1.);
#1436 = DEFINITIONAL_REPRESENTATION('',(#3277),#1934);
#1437 = SURFACE_CURVE('',#4481,(#1711,#3319),.PCURVE_S1.);
#1438 = LINE('',#4775,#3216);
#1439 = ( GEOMETRIC_REPRESENTATION_CONTEXT(2) 
PARAMETRIC_REPRESENTATION_CONTEXT() REPRESENTATION_CONTEXT('2D SPACE',''
  ) );
#1440 = ORIENTED_EDGE('',*,*,#1362,.F.);
#1441 = DIRECTION('',(0.,1.,-3.491481338843E-15));
#1442 = CARTESIAN_POINT('',(0.,-2.54,9.148316858947E-15));
#1443 = DIRECTION('',(0.,1.));
#1444 = CARTESIAN_POINT('',(0.,0.,19.558));
#1445 = DIRECTION('',(1.,0.,0.));
#1446 = VECTOR('',#113,1.);
#1447 = CIRCLE('',#5016,7.366);
#1448 = SURFACE_CURVE('',#991,(#882,#4337),.PCURVE_S1.);
#1449 = ( GEOMETRIC_REPRESENTATION_CONTEXT(2) 
PARAMETRIC_REPRESENTATION_CONTEXT() REPRESENTATION_CONTEXT('2D SPACE',''
  ) );
#1450 = LINE('',#2446,#2673);
#1451 = CARTESIAN_POINT('',(0.,-3.));
#1452 = CIRCLE('',#3332,5.675);
#1453 = CARTESIAN_POINT('',(0.,3.925231146709E-16));
#1454 = CARTESIAN_POINT('',(0.,-2.54,-2.54));
#1455 = CARTESIAN_POINT('',(4.712388980385,0.785398163397));
#1456 = CARTESIAN_POINT('',(1.77555670881,4.72957696141));
#1457 = ( GEOMETRIC_REPRESENTATION_CONTEXT(2) 
PARAMETRIC_REPRESENTATION_CONTEXT() REPRESENTATION_CONTEXT('2D SPACE',''
  ) );
#1458 = CIRCLE('',#3262,5.9135);
#1459 = CYLINDRICAL_SURFACE('',#566,3.175);
#1460 = ORIENTED_EDGE('',*,*,#3873,.T.);
#1461 = SURFACE_CURVE('',#2576,(#1908,#617),.PCURVE_S1.);
#1462 = VECTOR('',#264,1.);
#1463 = CARTESIAN_POINT('',(7.853981633975,1.427996660723));
#1464 = SURFACE_CURVE('',#2028,(#1146,#3429),.PCURVE_S1.);
#1465 = CIRCLE('',#3695,5.215);
#1466 = VECTOR('',#5005,1.);
#1467 = ORIENTED_EDGE('',*,*,#2482,.T.);
#1468 = AXIS2_PLACEMENT_3D('',#453,#3801,#2651);
#1469 = CARTESIAN_POINT('',(5.004256431527,5.805684741056));
#1470 = CARTESIAN_POINT('',(4.526415676855,-12.31889300397));
#1471 = SURFACE_CURVE('',#4660,(#4453,#4905),.PCURVE_S1.);
#1472 = PCURVE('',#4079,#1070);
#1473 = ( GEOMETRIC_REPRESENTATION_CONTEXT(2) 
PARAMETRIC_REPRESENTATION_CONTEXT() REPRESENTATION_CONTEXT('2D SPACE',''
  ) );
#1474 = CARTESIAN_POINT('',(0.,15.08175,-5.26576486821E-14));
#1475 = CARTESIAN_POINT('',(6.28318530718,0.));
#1476 = DIRECTION('',(0.,1.));
#1477 = PCURVE('',#1747,#2384);
#1478 = PCURVE('',#1515,#1029);
#1479 = DEFINITIONAL_REPRESENTATION('',(#3320),#974);
#1480 = DEFINITIONAL_REPRESENTATION('',(#3249),#4651);
#1481 = DIRECTION('',(0.,-0.,1.));
#1482 = CARTESIAN_POINT('',(0.,0.,7.231));
#1483 = DEFINITIONAL_REPRESENTATION('',(#3045),#4095);
#1484 = CARTESIAN_POINT('',(4.912348120387,-3.044918945428));
#1485 = DIRECTION('',(0.,-0.,1.));
#1486 = CARTESIAN_POINT('',(4.421107617595,5.811099330723));
#1487 = CARTESIAN_POINT('',(-5.9135,19.558,-6.901058690977E-14));
#1488 = EDGE_CURVE('',#165,#1575,#3697,.T.);
#1489 = DEFINITIONAL_REPRESENTATION('',(#2266),#4133);
#1490 = VERTEX_POINT('',#3716);
#1491 = VECTOR('',#125,1.);
#1492 = PCURVE('',#108,#31);
#1493 = DEFINITIONAL_REPRESENTATION('',(#283),#4639);
#1494 = CARTESIAN_POINT('',(0.,6.28318530718));
#1495 = AXIS2_PLACEMENT_3D('',#2435,#4992,#2559);
#1496 = PCURVE('',#4303,#1204);
#1497 = VECTOR('',#4316,1.);
#1498 = CARTESIAN_POINT('',(3.14159265359,0.));
#1499 = AXIS2_PLACEMENT_3D('',#4002,#3106,#2310);
#1500 = ( GEOMETRIC_REPRESENTATION_CONTEXT(2) 
PARAMETRIC_REPRESENTATION_CONTEXT() REPRESENTATION_CONTEXT('2D SPACE',''
  ) );
#1501 = ORIENTED_EDGE('',*,*,#3345,.F.);
#1502 = CIRCLE('',#4709,3.81);
#1503 = ORIENTED_EDGE('',*,*,#2574,.F.);
#1504 = ADVANCED_BREP_SHAPE_REPRESENTATION('',(#834,#4425),#4950);
#1505 = PCURVE('',#4124,#112);
#1506 = CARTESIAN_POINT('',(-5.715,19.058,-6.549479633196E-14));
#1507 = DEFINITIONAL_REPRESENTATION('',(#3500),#4969);
#1508 = FACE_BOUND('',#2944,.T.);
#1509 = VECTOR('',#644,1.);
#1510 = PCURVE('',#3504,#3058);
#1511 = CARTESIAN_POINT('',(4.92138456404,6.23163580245));
#1512 = DIRECTION('',(-1.,0.));
#1513 = ORIENTED_EDGE('',*,*,#128,.F.);
#1514 = PCURVE('',#3498,#1608);
#1515 = PLANE('',#626);
#1516 = AXIS2_PLACEMENT_2D('',#2354,#583);
#1517 = DEFINITIONAL_REPRESENTATION('',(#3093),#422);
#1518 = DIRECTION('',(-0.,-0.,1.));
#1519 = VERTEX_POINT('',#4155);
#1520 = CARTESIAN_POINT('',(0.,-1.995076323411E-16,3.81));
#1521 = CARTESIAN_POINT('',(4.694903708473,-12.19275073806));
#1522 = DIRECTION('',(0.,1.));
#1523 = CARTESIAN_POINT('',(11.827,-5.9135));
#1524 = CARTESIAN_POINT('',(0.,19.558,-5.715));
#1525 = VERTEX_POINT('',#3757);
#1526 = DEFINITIONAL_REPRESENTATION('',(#3649),#3052);
#1527 = ADVANCED_FACE('',(#3259,#3750),#530,.F.);
#1528 = ( GEOMETRIC_REPRESENTATION_CONTEXT(2) 
PARAMETRIC_REPRESENTATION_CONTEXT() REPRESENTATION_CONTEXT('2D SPACE',''
  ) );
#1529 = LINE('',#3435,#2145);
#1530 = DEFINITIONAL_REPRESENTATION('',(#983),#1433);
#1531 = CARTESIAN_POINT('',(-5.9135,17.058,-5.868481834328E-14));
#1532 = CARTESIAN_POINT('',(4.997988312529,1.973581084393E-15));
#1533 = ( GEOMETRIC_REPRESENTATION_CONTEXT(2) 
PARAMETRIC_REPRESENTATION_CONTEXT() REPRESENTATION_CONTEXT('2D SPACE',''
  ) );
#1534 = CARTESIAN_POINT('',(4.712388980385,2.379994434538E-02));
#1535 = VECTOR('',#844,1.);
#1536 = DEFINITIONAL_REPRESENTATION('',(#1699),#3687);
#1537 = LINE('',#1249,#760);
#1538 = LINE('',#4228,#232);
#1539 = PCURVE('',#319,#3787);
#1540 = DIRECTION('',(1.,0.));
#1541 = CARTESIAN_POINT('',(6.28318530718,0.));
#1542 = VECTOR('',#4398,1.);
#1543 = CARTESIAN_POINT('',(1.866960892501,5.762309265492));
#1544 = EDGE_CURVE('',#6,#3849,#482,.T.);
#1545 = AXIS2_PLACEMENT_3D('',#3562,#1980,#1055);
#1546 = CARTESIAN_POINT('',(3.04792617407,-19.026238498));
#1547 = VERTEX_POINT('',#4378);
#1548 = ORIENTED_EDGE('',*,*,#4064,.F.);
#1549 = DIRECTION('',(-1.,0.,0.));
#1550 = CARTESIAN_POINT('',(6.386533057553E-16,19.058,5.215));
#1551 = PCURVE('',#2379,#708);
#1552 = ( GEOMETRIC_REPRESENTATION_CONTEXT(2) 
PARAMETRIC_REPRESENTATION_CONTEXT() REPRESENTATION_CONTEXT('2D SPACE',''
  ) );
#1553 = CARTESIAN_POINT('',(-5.9135,4.328982450559));
#1554 = CARTESIAN_POINT('',(1.306803970283,4.959140425923));
#1555 = ( GEOMETRIC_REPRESENTATION_CONTEXT(2) 
PARAMETRIC_REPRESENTATION_CONTEXT() REPRESENTATION_CONTEXT('2D SPACE',''
  ) );
#1556 = EDGE_CURVE('',#1490,#102,#958,.T.);
#1557 = DEFINITIONAL_REPRESENTATION('',(#3539),#2153);
#1558 = CARTESIAN_POINT('',(1.879387985596,5.396213332581));
#1559 = EDGE_LOOP('',(#1273,#382));
#1560 = CARTESIAN_POINT('',(0.,4.712388980385));
#1561 = ORIENTED_EDGE('',*,*,#4254,.T.);
#1562 = DIRECTION('',(0.,1.));
#1563 = CIRCLE('',#3466,0.5);
#1564 = DIRECTION('',(0.,0.,-1.));
#1565 = EDGE_CURVE('',#1575,#1166,#2200,.T.);
#1566 = PCURVE('',#1282,#1765);
#1567 = FILL_AREA_STYLE_COLOUR('',#3428);
#1568 = CYLINDRICAL_SURFACE('',#3760,3.175);
#1569 = EDGE_CURVE('',#3962,#4351,#2607,.T.);
#1570 = DIRECTION('',(-1.,0.,0.));
#1571 = CARTESIAN_POINT('',(4.852047262607,-12.2633500568));
#1572 = PCURVE('',#5014,#2104);
#1573 = ( GEOMETRIC_REPRESENTATION_CONTEXT(2) 
PARAMETRIC_REPRESENTATION_CONTEXT() REPRESENTATION_CONTEXT('2D SPACE',''
  ) );
#1574 = DIRECTION('',(0.,1.));
#1575 = VERTEX_POINT('',#1654);
#1576 = DEFINITIONAL_REPRESENTATION('',(#2704),#3949);
#1577 = EDGE_LOOP('',(#448,#2485,#1,#1418));
#1578 = CARTESIAN_POINT('',(7.853981633974,-0.5));
#1579 = CARTESIAN_POINT('',(4.712388980385,-21.598));
#1580 = VECTOR('',#3149,1.);
#1581 = CARTESIAN_POINT('',(-3.81,18.058,-6.177001977788E-14));
#1582 = CARTESIAN_POINT('',(0.,0.,15.08175));
#1583 = PCURVE('',#4846,#2952);
#1584 = CARTESIAN_POINT('',(2.95675,-11.03474122527));
#1585 = VERTEX_POINT('',#26);
#1586 = DEFINITIONAL_REPRESENTATION('',(#3879),#4110);
#1587 = ( GEOMETRIC_REPRESENTATION_CONTEXT(2) 
PARAMETRIC_REPRESENTATION_CONTEXT() REPRESENTATION_CONTEXT('2D SPACE',''
  ) );
#1588 = DIRECTION('',(0.,-1.,3.504150098834E-15));
#1589 = ADVANCED_FACE('',(#3875,#668),#4225,.F.);
#1590 = DEFINITIONAL_REPRESENTATION('',(#914),#4819);
#1591 = DEFINITIONAL_REPRESENTATION('',(#3681),#2705);
#1592 = CARTESIAN_POINT('',(-2.6075,-10.23132248073));
#1593 = VECTOR('',#1722,1.);
#1594 = PRESENTATION_STYLE_ASSIGNMENT((#5073));
#1595 = AXIS2_PLACEMENT_2D('',#1107,#1229);
#1596 = CARTESIAN_POINT('',(0.,-5.925));
#1597 = EDGE_LOOP('',(#329,#3585));
#1598 = ( GEOMETRIC_REPRESENTATION_CONTEXT(2) 
PARAMETRIC_REPRESENTATION_CONTEXT() REPRESENTATION_CONTEXT('2D SPACE',''
  ) );
#1599 = ORIENTED_EDGE('',*,*,#4227,.F.);
#1600 = DIRECTION('',(0.,1.));
#1601 = CARTESIAN_POINT('',(1.403778828759,7.230999999995,7.231));
#1602 = CIRCLE('',#4125,6.866);
#1603 = PCURVE('',#4846,#886);
#1604 = ORIENTED_EDGE('',*,*,#2422,.F.);
#1605 = DIRECTION('',(-1.,0.,-0.));
#1606 = CARTESIAN_POINT('',(1.373285989296,6.266788138042));
#1607 = LINE('',#4686,#5020);
#1608 = DEFINITIONAL_REPRESENTATION('',(#692),#2404);
#1609 = DIRECTION('',(1.,0.,0.));
#1610 = ( GEOMETRIC_REPRESENTATION_CONTEXT(2) 
PARAMETRIC_REPRESENTATION_CONTEXT() REPRESENTATION_CONTEXT('2D SPACE',''
  ) );
#1611 = DEFINITIONAL_REPRESENTATION('',(#843),#1533);
#1612 = AXIS2_PLACEMENT_3D('',#2103,#2596,#2693);
#1613 = VECTOR('',#2058,1.);
#1614 = ORIENTED_EDGE('',*,*,#3079,.T.);
#1615 = SURFACE_CURVE('',#627,(#1061,#3438),.PCURVE_S1.);
#1616 = ORIENTED_EDGE('',*,*,#60,.F.);
#1617 = LINE('',#5080,#353);
#1618 = VECTOR('',#1600,1.);
#1619 = CIRCLE('',#1209,0.47625);
#1620 = PRODUCT('elbow-connector','elbow-connector','',(#4459));
#1621 = DIRECTION('',(1.,0.,0.));
#1622 = DIRECTION('',(-1.,0.,0.));
#1623 = CARTESIAN_POINT('',(4.712388980385,-0.214199499108));
#1624 = ( GEOMETRIC_REPRESENTATION_CONTEXT(2) 
PARAMETRIC_REPRESENTATION_CONTEXT() REPRESENTATION_CONTEXT('2D SPACE',''
  ) );
#1625 = PCURVE('',#998,#507);
#1626 = ( GEOMETRIC_REPRESENTATION_CONTEXT(2) 
PARAMETRIC_REPRESENTATION_CONTEXT() REPRESENTATION_CONTEXT('2D SPACE',''
  ) );
#1627 = CARTESIAN_POINT('',(3.175,4.131071487124E-16,19.058));
#1628 = DIRECTION('',(0.,-3.491481338843E-15,-1.));
#1629 = DIRECTION('',(1.,0.,0.));
#1630 = ORIENTED_EDGE('',*,*,#426,.T.);
#1631 = DIRECTION('',(1.,0.));
#1632 = CARTESIAN_POINT('',(0.,0.));
#1633 = LINE('',#4634,#76);
#1634 = CARTESIAN_POINT('',(1.819094366697,6.080368275515));
#1635 = LINE('',#3678,#2971);
#1636 = SURFACE_CURVE('',#4756,(#4804,#1321),.PCURVE_S1.);
#1637 = ( GEOMETRIC_REPRESENTATION_CONTEXT(2) 
PARAMETRIC_REPRESENTATION_CONTEXT() REPRESENTATION_CONTEXT('2D SPACE',''
  ) );
#1638 = CARTESIAN_POINT('',(-3.81,-12.51261357683));
#1639 = TOROIDAL_SURFACE('',#106,5.215,0.5);
#1640 = DIRECTION('',(0.,1.));
#1641 = CARTESIAN_POINT('',(-6.866,6.731,-2.524548988874E-14));
#1642 = PCURVE('',#4415,#188);
#1643 = ORIENTED_EDGE('',*,*,#4220,.F.);
#1644 = DIRECTION('',(0.,1.));
#1645 = DIRECTION('',(0.,-3.491481338843E-15,-1.));
#1646 = ( BOUNDED_CURVE() B_SPLINE_CURVE(2,(#3020,#3049,#915,#3637,#4078,#863
,#4813),.UNSPECIFIED.,.T.,.F.) B_SPLINE_CURVE_WITH_KNOTS((1,2,2,2,2,1),(
    -2.094395102393,0.,2.094395102393,4.188790204786,6.28318530718,
8.377580409573),.UNSPECIFIED.) CURVE() GEOMETRIC_REPRESENTATION_ITEM() 
RATIONAL_B_SPLINE_CURVE((1.,0.5,1.,0.5,1.,0.5,1.)) REPRESENTATION_ITEM(
  '') );
#1647 = DIRECTION('',(1.,0.));
#1648 = DIRECTION('',(0.,-1.,3.504150098834E-15));
#1649 = DIRECTION('',(0.,-0.,1.));
#1650 = ADVANCED_FACE('',(#2878),#4630,.T.);
#1651 = VECTOR('',#4145,1.);
#1652 = SURFACE_CURVE('',#3968,(#2987,#4616),.PCURVE_S1.);
#1653 = ( GEOMETRIC_REPRESENTATION_CONTEXT(2) 
PARAMETRIC_REPRESENTATION_CONTEXT() REPRESENTATION_CONTEXT('2D SPACE',''
  ) );
#1654 = CARTESIAN_POINT('',(7.366,0.,15.08175));
#1655 = ( GEOMETRIC_REPRESENTATION_CONTEXT(2) 
PARAMETRIC_REPRESENTATION_CONTEXT() REPRESENTATION_CONTEXT('2D SPACE',''
  ) );
#1656 = ( GEOMETRIC_REPRESENTATION_CONTEXT(2) 
PARAMETRIC_REPRESENTATION_CONTEXT() REPRESENTATION_CONTEXT('2D SPACE',''
  ) );
#1657 = CARTESIAN_POINT('',(0.,19.558,-3.675));
#1658 = DIRECTION('',(-0.707106781187,0.,-0.707106781187));
#1659 = CARTESIAN_POINT('',(4.955452483708,6.103972821274));
#1660 = DIRECTION('',(0.,-1.,3.491481338843E-15));
#1661 = DIRECTION('',(-1.,0.));
#1662 = ITEM_DEFINED_TRANSFORMATION('','',#834,#1748);
#1663 = CARTESIAN_POINT('',(6.88975,8.437510284425E-16,15.08175));
#1664 = SURFACE_CURVE('',#3809,(#3784,#110),.PCURVE_S1.);
#1665 = CARTESIAN_POINT('',(4.407485069569,5.643975487983));
#1666 = DIRECTION('',(0.,1.,-3.491481338843E-15));
#1667 = ( GEOMETRIC_REPRESENTATION_CONTEXT(2) 
PARAMETRIC_REPRESENTATION_CONTEXT() REPRESENTATION_CONTEXT('2D SPACE',''
  ) );
#1668 = ( GEOMETRIC_REPRESENTATION_CONTEXT(2) 
PARAMETRIC_REPRESENTATION_CONTEXT() REPRESENTATION_CONTEXT('2D SPACE',''
  ) );
#1669 = LINE('',#1687,#3402);
#1670 = DIRECTION('',(1.,0.,0.));
#1671 = PCURVE('',#1402,#3866);
#1672 = VECTOR('',#2536,1.);
#1673 = ORIENTED_EDGE('',*,*,#2422,.F.);
#1674 = DIRECTION('',(-0.,-0.,1.));
#1675 = PCURVE('',#2567,#2065);
#1676 = ORIENTED_EDGE('',*,*,#255,.F.);
#1677 = DIRECTION('',(-1.,0.,0.));
#1678 = ( GEOMETRIC_REPRESENTATION_CONTEXT(2) 
PARAMETRIC_REPRESENTATION_CONTEXT() REPRESENTATION_CONTEXT('2D SPACE',''
  ) );
#1679 = ORIENTED_EDGE('',*,*,#3189,.F.);
#1680 = ORIENTED_EDGE('',*,*,#2202,.T.);
#1681 = CARTESIAN_POINT('',(3.14159265359,3.14159265359));
#1682 = PCURVE('',#1885,#4485);
#1683 = CARTESIAN_POINT('',(1.274315661747,5.191875329318));
#1684 = ORIENTED_EDGE('',*,*,#2097,.F.);
#1685 = EDGE_CURVE('',#2134,#377,#100,.T.);
#1686 = DIRECTION('',(1.,0.));
#1687 = CARTESIAN_POINT('',(0.,3.14159265359));
#1688 = AXIS2_PLACEMENT_3D('',#3577,#670,#1941);
#1689 = CARTESIAN_POINT('',(1.310973588677,6.023761642308));
#1690 = CARTESIAN_POINT('',(1.354841319122,6.731,6.731));
#1691 = CARTESIAN_POINT('',(0.,19.058,-5.715));
#1692 = EDGE_CURVE('',#230,#3583,#1891,.T.);
#1693 = DIRECTION('',(-1.224646799147E-16,1.,0.));
#1694 = CARTESIAN_POINT('',(-3.175,0.));
#1695 = DIRECTION('',(-0.,-0.,1.));
#1696 = VECTOR('',#4362,1.);
#1697 = AXIS2_PLACEMENT_3D('',#2768,#2795,#3386);
#1698 = CARTESIAN_POINT('',(3.627855911353,-4.787609164375));
#1699 = LINE('',#4349,#3443);
#1700 = AXIS2_PLACEMENT_2D('',#4780,#1269);
#1701 = DIRECTION('',(0.,-1.,3.491481338843E-15));
#1702 = CARTESIAN_POINT('',(7.366,7.231,-3.895227512164E-14));
#1703 = CARTESIAN_POINT('',(6.485418360696E-02,-5.076495612391));
#1704 = SURFACE_CURVE('',#2025,(#214,#4725),.PCURVE_S1.);
#1705 = DEFINITIONAL_REPRESENTATION('',(#1717),#1368);
#1706 = CARTESIAN_POINT('',(9.424777960769,-0.5));
#1707 = LINE('',#3038,#1785);
#1708 = DIRECTION('',(0.,1.));
#1709 = DIRECTION('',(1.,0.));
#1710 = ADVANCED_FACE('',(#3824),#1885,.T.);
#1711 = PCURVE('',#1459,#819);
#1712 = PCURVE('',#1224,#148);
#1713 = CARTESIAN_POINT('',(0.,0.,17.058));
#1714 = PCURVE('',#1459,#3653);
#1715 = CARTESIAN_POINT('',(0.,0.,19.558));
#1716 = CARTESIAN_POINT('',(4.712388980385,-13.85147235524));
#1717 = LINE('',#2270,#5065);
#1718 = CARTESIAN_POINT('',(4.420445930152,5.147503541852));
#1719 = ORIENTED_EDGE('',*,*,#715,.T.);
#1720 = DIRECTION('',(0.,-3.491481338843E-15,-1.));
#1721 = ORIENTED_EDGE('',*,*,#4352,.T.);
#1722 = DIRECTION('',(-1.,0.));
#1723 = CARTESIAN_POINT('',(4.932812105499,6.193177364815));
#1724 = CARTESIAN_POINT('',(5.017717720059,5.63566460156));
#1725 = CARTESIAN_POINT('',(4.982112607539,-3.217380246454));
#1726 = DEFINITIONAL_REPRESENTATION('',(#4185),#439);
#1727 = ORIENTED_EDGE('',*,*,#3152,.T.);
#1728 = ORIENTED_EDGE('',*,*,#1090,.F.);
#1729 = CIRCLE('',#1963,7.366);
#1730 = EDGE_LOOP('',(#3933,#44,#3334,#479));
#1731 = DEFINITIONAL_REPRESENTATION('',(#4930),#99);
#1732 = ORIENTED_EDGE('',*,*,#426,.F.);
#1733 = VECTOR('',#1661,1.);
#1734 = ORIENTED_EDGE('',*,*,#2511,.T.);
#1735 = DEFINITIONAL_REPRESENTATION('',(#4189),#774);
#1736 = DIRECTION('',(4.216051222266E-32,3.491481338843E-15,-1.));
#1737 = EDGE_CURVE('',#988,#676,#4840,.T.);
#1738 = CARTESIAN_POINT('',(2.800795851124,-4.935972200968));
#1739 = PCURVE('',#2452,#3863);
#1740 = ORIENTED_EDGE('',*,*,#1818,.F.);
#1741 = DIRECTION('',(0.,1.));
#1742 = CARTESIAN_POINT('',(5.003871284756,5.143372916179));
#1743 = B_SPLINE_CURVE_WITH_KNOTS('',3,(#1336,#4384,#5008,#4753,#1374,
    #4527,#2694,#2773,#1338,#3566,#3619,#3105,#2352,#5045,#1124,#4890,
    #4764,#48,#1142,#1752,#2732,#3776,#588,#454,#3088),
  .UNSPECIFIED.,.F.,.F.,(4,1,1,1,1,1,1,1,1,1,1,1,1,1,1,1,1,1,1,1,1,1,4),
  (0.,7.139983303613E-02,0.142799666072,0.214199499108,0.285599332145,
    0.356999165181,0.428398998217,0.499798831253,0.571198664289,
    0.642598497325,0.713998330361,0.785398163397,0.856797996434,
    0.92819782947,0.999597662506,1.070997495542,1.142397328578,
    1.213797161614,1.28519699465,1.356596827687,1.427996660723,
    1.499396493759,1.570796326795),.QUASI_UNIFORM_KNOTS.);
#1744 = EDGE_LOOP('',(#526,#4317,#5059,#1388));
#1745 = VECTOR('',#2918,1.);
#1746 = ORIENTED_EDGE('',*,*,#4561,.T.);
#1747 = CYLINDRICAL_SURFACE('',#280,2.54);
#1748 = AXIS2_PLACEMENT_3D('',#4776,#2799,#1217);
#1749 = SURFACE_CURVE('',#4358,(#5022,#1241),.PCURVE_S1.);
#1750 = CARTESIAN_POINT('',(-3.175,0.));
#1751 = DIRECTION('',(0.,-1.,3.491481338843E-15));
#1752 = CARTESIAN_POINT('',(4.712388980385,1.28519699465));
#1753 = CARTESIAN_POINT('',(6.28318530718,4.712388980385));
#1754 = ( GEOMETRIC_REPRESENTATION_CONTEXT(2) 
PARAMETRIC_REPRESENTATION_CONTEXT() REPRESENTATION_CONTEXT('2D SPACE',''
  ) );
#1755 = ( GEOMETRIC_REPRESENTATION_CONTEXT(2) 
PARAMETRIC_REPRESENTATION_CONTEXT() REPRESENTATION_CONTEXT('2D SPACE',''
  ) );
#1756 = CARTESIAN_POINT('',(0.199959140002,-5.031369402298));
#1757 = DIRECTION('',(1.,0.,0.));
#1758 = ORIENTED_EDGE('',*,*,#3450,.F.);
#1759 = ( GEOMETRIC_REPRESENTATION_CONTEXT(2) 
PARAMETRIC_REPRESENTATION_CONTEXT() REPRESENTATION_CONTEXT('2D SPACE',''
  ) );
#1760 = FACE_BOUND('',#2859,.T.);
#1761 = ADVANCED_FACE('',(#1305),#5018,.F.);
#1762 = CARTESIAN_POINT('',(1.799827357702,4.807370063191));
#1763 = LINE('',#2303,#4119);
#1764 = VECTOR('',#814,1.);
#1765 = DEFINITIONAL_REPRESENTATION('',(#1186),#1050);
#1766 = DEFINITIONAL_REPRESENTATION('',(#1790),#4259);
#1767 = CARTESIAN_POINT('',(0.,19.558,-6.828639202509E-14));
#1768 = DIRECTION('',(0.,1.));
#1769 = ( BOUNDED_CURVE() B_SPLINE_CURVE(2,(#466,#1832,#3805,#3588,
#191,#2107,#3865),.UNSPECIFIED.,.T.,.F.) B_SPLINE_CURVE_WITH_KNOTS((1,2
    ,2,2,2,1),(-2.094395102393,0.,2.094395102393,4.188790204786,
6.28318530718,8.377580409573),.UNSPECIFIED.) CURVE() 
GEOMETRIC_REPRESENTATION_ITEM() RATIONAL_B_SPLINE_CURVE((1.,0.5,1.,0.5,
1.,0.5,1.)) REPRESENTATION_ITEM('') );
#1770 = DIRECTION('',(-1.,-1.224646799147E-16,0.));
#1771 = DEFINITIONAL_REPRESENTATION('',(#3286),#1656);
#1772 = AXIS2_PLACEMENT_2D('',#4042,#4948);
#1773 = DEFINITIONAL_REPRESENTATION('',(#111),#3701);
#1774 = DIRECTION('',(-0.,3.491481338843E-15,1.));
#1775 = CARTESIAN_POINT('',(0.,-6.33437999559E-18,19.058));
#1776 = PCURVE('',#1982,#4491);
#1777 = CARTESIAN_POINT('',(0.,4.712388980385));
#1778 = PCURVE('',#5018,#1077);
#1779 = EDGE_CURVE('',#1115,#4434,#360,.T.);
#1780 = DIRECTION('',(1.,0.,0.));
#1781 = DIRECTION('',(0.,-1.,3.491481338843E-15));
#1782 = CARTESIAN_POINT('',(4.712388980385,1.356596827687));
#1783 = STYLED_ITEM('color',(#1594),#4425);
#1784 = DIRECTION('',(-1.,0.));
#1785 = VECTOR('',#2652,1.);
#1786 = CARTESIAN_POINT('',(11.827,-5.9135));
#1787 = CARTESIAN_POINT('',(7.853981633974,0.642598497325));
#1788 = CIRCLE('',#4881,0.5);
#1789 = ( GEOMETRIC_REPRESENTATION_CONTEXT(2) 
PARAMETRIC_REPRESENTATION_CONTEXT() REPRESENTATION_CONTEXT('2D SPACE',''
  ) );
#1790 = B_SPLINE_CURVE_WITH_KNOTS('',3,(#3335,#1112,#1606,#3972,#3503,
    #2659,#2687,#889,#3359,#1915,#40,#1796,#4267,#1689,#2264,#1417,
    #371,#2030,#4554,#4285,#4039,#3987,#89,#2957,#5054,#2051,#2489,
    #3967,#1683,#3942,#1110,#4126,#4017,#3749,#1554,#4939,#10,#2405,
    #4801,#3672,#3830,#2149,#3229,#4949,#4495,#3788,#2075),
  .UNSPECIFIED.,.F.,.F.,(4,1,1,1,1,1,1,1,1,1,1,1,1,1,1,1,1,1,1,1,1,1,1,1
    ,1,1,1,1,1,1,1,1,1,1,1,1,1,1,1,1,1,1,1,1,4),(1.066041533707E-06,
    4.418101093571E-05,8.729598033772E-05,1.304109497397E-04,
    1.735259191417E-04,2.166408885437E-04,2.597558579457E-04,
    3.028708273477E-04,3.459857967497E-04,3.891007661517E-04,
    4.322157355538E-04,4.753307049558E-04,5.184456743578E-04,
    5.615606437598E-04,6.046756131618E-04,6.477905825638E-04,
    6.909055519658E-04,7.340205213678E-04,7.771354907698E-04,
    8.202504601718E-04,8.633654295738E-04,9.064803989758E-04,
    9.495953683778E-04,9.927103377798E-04,1.035825307182E-03,
    1.078940276584E-03,1.122055245986E-03,1.165170215388E-03,
    1.20828518479E-03,1.251400154192E-03,1.294515123594E-03,
    1.337630092996E-03,1.380745062398E-03,1.4238600318E-03,
    1.466975001202E-03,1.510089970604E-03,1.553204940006E-03,
    1.596319909408E-03,1.63943487881E-03,1.682549848212E-03,
    1.725664817614E-03,1.768779787016E-03,1.811894756418E-03,
    1.85500972582E-03,1.898124695222E-03),.QUASI_UNIFORM_KNOTS.);
#1791 = ( GEOMETRIC_REPRESENTATION_CONTEXT(2) 
PARAMETRIC_REPRESENTATION_CONTEXT() REPRESENTATION_CONTEXT('2D SPACE',''
  ) );
#1792 = DIRECTION('',(0.,1.,-1.266875999118E-17));
#1793 = VECTOR('',#912,1.);
#1794 = ( GEOMETRIC_REPRESENTATION_CONTEXT(2) 
PARAMETRIC_REPRESENTATION_CONTEXT() REPRESENTATION_CONTEXT('2D SPACE',''
  ) );
#1795 = EDGE_CURVE('',#1306,#2021,#1968,.T.);
#1796 = CARTESIAN_POINT('',(1.322123801469,6.078642505261));
#1797 = DIRECTION('',(1.,0.));
#1798 = PCURVE('',#2480,#3596);
#1799 = DIRECTION('',(0.,0.,1.));
#1800 = CARTESIAN_POINT('',(4.442665353231,-3.217380246454));
#1801 = DIRECTION('',(-0.,-0.,1.));
#1802 = CARTESIAN_POINT('',(0.,-6.33437999559E-18,19.058));
#1803 = DEFINITIONAL_REPRESENTATION('',(#2752),#591);
#1804 = DIRECTION('',(0.,-0.,1.));
#1805 = CARTESIAN_POINT('',(1.762544642294,6.28318530718));
#1806 = LINE('',#773,#600);
#1807 = DIRECTION('',(0.,-1.,3.491481338843E-15));
#1808 = DIRECTION('',(0.,1.));
#1809 = CARTESIAN_POINT('',(0.,19.558,-6.828639202509E-14));
#1810 = PCURVE('',#496,#4854);
#1811 = CARTESIAN_POINT('',(3.81,18.058,-6.304917001683E-14));
#1812 = EDGE_CURVE('',#3849,#1351,#1464,.T.);
#1813 = FACE_BOUND('',#3599,.T.);
#1814 = DEFINITIONAL_REPRESENTATION('',(#3643),#691);
#1815 = FACE_BOUND('',#2318,.T.);
#1816 = FACE_BOUND('',#3546,.T.);
#1817 = PCURVE('',#108,#3101);
#1818 = EDGE_CURVE('',#676,#988,#3742,.T.);
#1819 = CARTESIAN_POINT('',(0.,19.558,-6.828639202509E-14));
#1820 = DIRECTION('',(1.,0.));
#1821 = VERTEX_POINT('',#2129);
#1822 = VERTEX_POINT('',#2977);
#1823 = SURFACE_CURVE('',#623,(#2829,#2176),.PCURVE_S1.);
#1824 = ( GEOMETRIC_REPRESENTATION_CONTEXT(2) 
PARAMETRIC_REPRESENTATION_CONTEXT() REPRESENTATION_CONTEXT('2D SPACE',''
  ) );
#1825 = ( GEOMETRIC_REPRESENTATION_CONTEXT(2) 
PARAMETRIC_REPRESENTATION_CONTEXT() REPRESENTATION_CONTEXT('2D SPACE',''
  ) );
#1826 = CARTESIAN_POINT('',(6.18951882766,-19.026238498));
#1827 = SURFACE_CURVE('',#1458,(#4559,#1869),.PCURVE_S1.);
#1828 = PCURVE('',#4570,#2172);
#1829 = ( GEOMETRIC_REPRESENTATION_CONTEXT(2) 
PARAMETRIC_REPRESENTATION_CONTEXT() REPRESENTATION_CONTEXT('2D SPACE',''
  ) );
#1830 = CARTESIAN_POINT('',(0.,0.));
#1831 = DIRECTION('',(0.,1.));
#1832 = CARTESIAN_POINT('',(-5.9135,4.328982450559));
#1833 = CARTESIAN_POINT('',(0.,-4.));
#1834 = DIRECTION('',(0.,1.));
#1835 = CARTESIAN_POINT('',(2.184507024789,6.843178373239,6.843178373239
    ));
#1836 = DIRECTION('',(1.,0.,0.));
#1837 = ORIENTED_EDGE('',*,*,#1943,.T.);
#1838 = CARTESIAN_POINT('',(1.70680013978,7.165262776828,7.165262776828)
  );
#1839 = VECTOR('',#1741,1.);
#1840 = VERTEX_POINT('',#1657);
#1841 = ORIENTED_EDGE('',*,*,#4468,.T.);
#1842 = DIRECTION('',(0.,1.));
#1843 = DIRECTION('',(1.,0.));
#1844 = ( GEOMETRIC_REPRESENTATION_CONTEXT(2) 
PARAMETRIC_REPRESENTATION_CONTEXT() REPRESENTATION_CONTEXT('2D SPACE',''
  ) );
#1845 = DEFINITIONAL_REPRESENTATION('',(#2787),#3133);
#1846 = CIRCLE('',#428,6.866);
#1847 = CARTESIAN_POINT('',(6.013461680026,-4.990190912766));
#1848 = CARTESIAN_POINT('',(7.853981633974,-4.47625));
#1849 = VECTOR('',#3524,1.);
#1850 = VERTEX_POINT('',#346);
#1851 = CARTESIAN_POINT('',(0.,0.,19.558));
#1852 = DEFINITIONAL_REPRESENTATION('',(#337),#1825);
#1853 = EDGE_CURVE('',#1525,#2431,#3333,.T.);
#1854 = CARTESIAN_POINT('',(0.,19.558,-6.828639202509E-14));
#1855 = EDGE_LOOP('',(#4519,#3075,#3066,#1728));
#1856 = VECTOR('',#3188,1.);
#1857 = CARTESIAN_POINT('',(-3.175,0.));
#1858 = CARTESIAN_POINT('',(0.,18.058,-3.81));
#1859 = DEFINITIONAL_REPRESENTATION('',(#37),#4628);
#1860 = CARTESIAN_POINT('',(6.4135,0.,16.058));
#1861 = ORIENTED_EDGE('',*,*,#2086,.T.);
#1862 = VECTOR('',#1018,1.);
#1863 = CARTESIAN_POINT('',(1.862739377027,5.147503541852));
#1864 = DEFINITIONAL_REPRESENTATION('',(#4741),#4902);
#1865 = DIRECTION('',(0.,1.));
#1866 = DIRECTION('',(1.,0.));
#1867 = CIRCLE('',#267,3.175);
#1868 = ( GEOMETRIC_REPRESENTATION_CONTEXT(2) 
PARAMETRIC_REPRESENTATION_CONTEXT() REPRESENTATION_CONTEXT('2D SPACE',''
  ) );
#1869 = PCURVE('',#723,#2218);
#1870 = CARTESIAN_POINT('',(4.712388980385,-1.070997495542));
#1871 = DIRECTION('',(0.,1.,-3.491481338843E-15));
#1872 = DIRECTION('',(0.,1.));
#1873 = DIRECTION('',(0.,-0.,1.));
#1874 = DIRECTION('',(0.,1.));
#1875 = PCURVE('',#1238,#2034);
#1876 = CARTESIAN_POINT('',(0.,2.54,-2.54));
#1877 = DEFINITIONAL_REPRESENTATION('',(#1966),#4782);
#1878 = CARTESIAN_POINT('',(4.7298742523,-12.19275073806));
#1879 = LINE('',#2757,#2219);
#1880 = CARTESIAN_POINT('',(3.14159265359,0.));
#1881 = CARTESIAN_POINT('',(0.,-1.570796326795));
#1882 = ( GEOMETRIC_REPRESENTATION_CONTEXT(2) 
PARAMETRIC_REPRESENTATION_CONTEXT() REPRESENTATION_CONTEXT('2D SPACE',''
  ) );
#1883 = CIRCLE('',#704,7.366);
#1884 = PCURVE('',#1515,#4721);
#1885 = CYLINDRICAL_SURFACE('',#170,7.366);
#1886 = SURFACE_CURVE('',#4803,(#2217,#783),.PCURVE_S1.);
#1887 = DIRECTION('',(1.,0.,0.));
#1888 = CARTESIAN_POINT('',(7.853981633974,2.207788585774E-16));
#1889 = DIRECTION('',(0.,1.,-3.491481338843E-15));
#1890 = CARTESIAN_POINT('',(3.14159265359,3.14159265359));
#1891 = SURFACE_CURVE('',#1846,(#1086,#1198),.PCURVE_S1.);
#1892 = VECTOR('',#4974,1.);
#1893 = SURFACE_CURVE('',#1502,(#3361,#3176),.PCURVE_S1.);
#1894 = DEFINITIONAL_REPRESENTATION('',(#641),#979);
#1895 = DEFINITIONAL_REPRESENTATION('',(#1607),#2946);
#1896 = ( BOUNDED_CURVE() B_SPLINE_CURVE(2,(#2412,#3314,#322,#483,
#4796,#1638,#2590),.UNSPECIFIED.,.T.,.F.) B_SPLINE_CURVE_WITH_KNOTS((1,2
    ,2,2,2,1),(-2.094395102393,0.,2.094395102393,4.188790204786,
6.28318530718,8.377580409573),.UNSPECIFIED.) CURVE() 
GEOMETRIC_REPRESENTATION_ITEM() RATIONAL_B_SPLINE_CURVE((1.,0.5,1.,0.5,
1.,0.5,1.)) REPRESENTATION_ITEM('') );
#1897 = ORIENTED_EDGE('',*,*,#2482,.F.);
#1898 = DIRECTION('',(0.,-3.491481338843E-15,-1.));
#1899 = CIRCLE('',#1495,3.81);
#1900 = CARTESIAN_POINT('',(1.465978103592,-12.23205630842));
#1901 = DEFINITIONAL_REPRESENTATION('',(#4417),#1637);
#1902 = PCURVE('',#319,#3439);
#1903 = CARTESIAN_POINT('',(-3.444875,5.319852572384E-02));
#1904 = VECTOR('',#1540,1.);
#1905 = DIRECTION('',(0.,-3.491481338843E-15,-1.));
#1906 = PCURVE('',#4379,#2142);
#1907 = ORIENTED_EDGE('',*,*,#2816,.F.);
#1908 = PCURVE('',#1982,#475);
#1909 = PCURVE('',#1169,#4314);
#1910 = ( GEOMETRIC_REPRESENTATION_CONTEXT(2) 
PARAMETRIC_REPRESENTATION_CONTEXT() REPRESENTATION_CONTEXT('2D SPACE',''
  ) );
#1911 = DIRECTION('',(1.,0.));
#1912 = CARTESIAN_POINT('',(0.,15.08175,-5.26576486821E-14));
#1913 = CARTESIAN_POINT('',(1.403778828759,7.230999999995,7.231));
#1914 = ( GEOMETRIC_REPRESENTATION_CONTEXT(2) 
PARAMETRIC_REPRESENTATION_CONTEXT() REPRESENTATION_CONTEXT('2D SPACE',''
  ) );
#1915 = CARTESIAN_POINT('',(1.333363296046,6.128009097909));
#1916 = DEFINITIONAL_REPRESENTATION('',(#4243),#2643);
#1917 = ADVANCED_FACE('',(#4336),#998,.T.);
#1918 = CARTESIAN_POINT('',(-2.6075,-10.23132248073));
#1919 = ORIENTED_EDGE('',*,*,#2109,.T.);
#1920 = CARTESIAN_POINT('',(0.,6.28318530718));
#1921 = DIRECTION('',(1.,0.));
#1922 = VECTOR('',#2386,1.);
#1923 = B_SPLINE_CURVE_WITH_KNOTS('',3,(#2262,#2798,#306,#3797,#2631,
    #1800,#412,#3782,#4325,#470,#2165,#109,#908,#3424,#4460,#1117,
    #1698,#104,#4877,#544,#2644,#4571,#1430,#3651,#1998),
  .UNSPECIFIED.,.F.,.F.,(4,1,1,1,1,1,1,1,1,1,1,1,1,1,1,1,1,1,1,1,1,1,4),
  (1.570796326795,1.642196159831,1.713595992867,1.784995825903,
    1.856395658939,1.927795491976,1.999195325012,2.070595158048,
    2.141994991084,2.21339482412,2.284794657156,2.356194490192,
    2.427594323228,2.498994156265,2.570393989301,2.641793822337,
    2.713193655373,2.784593488409,2.855993321445,2.927393154481,
    2.998792987518,3.070192820554,3.14159265359),.QUASI_UNIFORM_KNOTS.);
#1924 = PCURVE('',#1568,#4635);
#1925 = LINE('',#3036,#332);
#1926 = PCURVE('',#1402,#1436);
#1927 = DIRECTION('',(0.,1.));
#1928 = CARTESIAN_POINT('',(0.,-3.5));
#1929 = CARTESIAN_POINT('',(4.712388980385,0.92819782947));
#1930 = CARTESIAN_POINT('',(0.,18.058,-6.304917001683E-14));
#1931 = CARTESIAN_POINT('',(4.712388980385,0.999597662506));
#1932 = CARTESIAN_POINT('',(0.,0.,16.558));
#1933 = CARTESIAN_POINT('',(1.796681448619,6.173379262022));
#1934 = ( GEOMETRIC_REPRESENTATION_CONTEXT(2) 
PARAMETRIC_REPRESENTATION_CONTEXT() REPRESENTATION_CONTEXT('2D SPACE',''
  ) );
#1935 = PCURVE('',#1402,#2739);
#1936 = ( GEOMETRIC_REPRESENTATION_CONTEXT(2) 
PARAMETRIC_REPRESENTATION_CONTEXT() REPRESENTATION_CONTEXT('2D SPACE',''
  ) );
#1937 = DIRECTION('',(0.,-3.491481338843E-15,-1.));
#1938 = ( GEOMETRIC_REPRESENTATION_CONTEXT(2) 
PARAMETRIC_REPRESENTATION_CONTEXT() REPRESENTATION_CONTEXT('2D SPACE',''
  ) );
#1939 = SHAPE_DEFINITION_REPRESENTATION(#839,#3080);
#1940 = DIRECTION('',(1.,0.));
#1941 = DIRECTION('',(1.,0.,0.));
#1942 = SURFACE_CURVE('',#2147,(#587,#2861),.PCURVE_S1.);
#1943 = EDGE_CURVE('',#4044,#2709,#3850,.T.);
#1944 = DIRECTION('',(0.707106781187,8.659560562355E-17,-0.707106781187)
  );
#1945 = CARTESIAN_POINT('',(0.,-6.35));
#1946 = AXIS2_PLACEMENT_3D('',#3736,#3733,#1570);
#1947 = CARTESIAN_POINT('',(3.81,17.058,-5.955768867799E-14));
#1948 = LINE('',#3959,#2174);
#1949 = CARTESIAN_POINT('',(2.571280980617,-16.48411767728));
#1950 = DIRECTION('',(1.,0.,0.));
#1951 = VECTOR('',#4731,1.);
#1952 = CYLINDRICAL_SURFACE('',#2428,5.715);
#1953 = VECTOR('',#4449,1.);
#1954 = DIRECTION('',(1.,0.,0.));
#1955 = EDGE_LOOP('',(#1604,#2221,#4551,#3482));
#1956 = PCURVE('',#4583,#1480);
#1957 = CARTESIAN_POINT('',(4.712388980385,-0.713998330361));
#1958 = CARTESIAN_POINT('',(0.19771760425,-18.44112212223));
#1959 = VERTEX_POINT('',#2937);
#1960 = DIRECTION('',(0.,1.));
#1961 = ADVANCED_FACE('',(#166),#2235,.T.);
#1962 = CARTESIAN_POINT('',(0.,16.058,-6.4135));
#1963 = AXIS2_PLACEMENT_3D('',#352,#1807,#1628);
#1964 = PCURVE('',#530,#276);
#1965 = VECTOR('',#11,1.);
#1966 = B_SPLINE_CURVE_WITH_KNOTS('',3,(#3636,#1470,#2635,#3840,#705,
    #4143,#4218,#4478,#4406,#4730,#4516,#1521,#1973,#1878,#107,#941,
    #4512,#450,#190,#1256,#1571,#3996,#1384,#2348,#3586),
  .UNSPECIFIED.,.F.,.F.,(4,1,1,1,1,1,1,1,1,1,1,1,1,1,1,1,1,1,1,1,1,1,4),
  (6.09143699168,6.108868656726,6.126300321771,6.143731986817,
    6.161163651862,6.178595316908,6.196026981953,6.213458646999,
    6.230890312045,6.24832197709,6.265753642136,6.283185307181,
    6.300616972227,6.318048637272,6.335480302318,6.352911967364,
    6.370343632409,6.387775297455,6.4052069625,6.422638627546,
    6.440070292591,6.457501957637,6.474933622683),
  .QUASI_UNIFORM_KNOTS.);
#1967 = CIRCLE('',#1772,3.81);
#1968 = SURFACE_CURVE('',#4487,(#4474,#378),.PCURVE_S1.);
#1969 = EDGE_LOOP('',(#4441,#1513,#2893,#2894));
#1970 = ( GEOMETRIC_REPRESENTATION_CONTEXT(2) 
PARAMETRIC_REPRESENTATION_CONTEXT() REPRESENTATION_CONTEXT('2D SPACE',''
  ) );
#1971 = DEFINITIONAL_REPRESENTATION('',(#2478),#182);
#1972 = PCURVE('',#1224,#4108);
#1973 = CARTESIAN_POINT('',(4.712388980386,-12.19162463096));
#1974 = CARTESIAN_POINT('',(4.712388980385,-0.142799666072));
#1975 = CARTESIAN_POINT('',(4.712388980385,0.356999165181));
#1976 = PCURVE('',#2195,#1877);
#1977 = PCURVE('',#4124,#622);
#1978 = ( GEOMETRIC_REPRESENTATION_CONTEXT(2) 
PARAMETRIC_REPRESENTATION_CONTEXT() REPRESENTATION_CONTEXT('2D SPACE',''
  ) );
#1979 = LINE('',#155,#3626);
#1980 = DIRECTION('',(-0.,-0.,1.));
#1981 = LINE('',#1920,#2803);
#1982 = TOROIDAL_SURFACE('',#515,3.675,0.5);
#1983 = CARTESIAN_POINT('',(3.14159265359,0.));
#1984 = LINE('',#2594,#4619);
#1985 = FACE_BOUND('',#2558,.T.);
#1986 = LINE('',#2672,#3537);
#1987 = DIRECTION('',(0.,0.,-1.));
#1988 = CARTESIAN_POINT('',(0.860709699905,-4.197387538606));
#1989 = DIRECTION('',(0.,1.));
#1990 = CARTESIAN_POINT('',(0.,6.28318530718));
#1991 = CARTESIAN_POINT('',(7.853981633974,0.285599332145));
#1992 = ORIENTED_EDGE('',*,*,#3773,.F.);
#1993 = VECTOR('',#2779,1.);
#1994 = AXIS2_PLACEMENT_3D('',#3709,#4100,#1138);
#1995 = FACE_BOUND('',#2690,.T.);
#1996 = EDGE_CURVE('',#853,#461,#1137,.T.);
#1997 = LINE('',#406,#1618);
#1998 = CARTESIAN_POINT('',(3.14159265359,-5.08));
#1999 = AXIS2_PLACEMENT_3D('',#4500,#3232,#3460);
#2000 = DIRECTION('',(0.,1.,-3.491481338843E-15));
#2001 = CARTESIAN_POINT('',(7.853981633975,1.54699638245));
#2002 = CARTESIAN_POINT('',(3.14159265359,3.14159265359));
#2003 = VECTOR('',#2059,1.);
#2004 = VECTOR('',#1181,1.);
#2005 = CIRCLE('',#752,6.866);
#2006 = EDGE_CURVE('',#4089,#676,#3766,.T.);
#2007 = CARTESIAN_POINT('',(0.,0.));
#2008 = CARTESIAN_POINT('',(0.,0.,16.058));
#2009 = DEFINITIONAL_REPRESENTATION('',(#4208),#173);
#2010 = ( GEOMETRIC_REPRESENTATION_CONTEXT(2) 
PARAMETRIC_REPRESENTATION_CONTEXT() REPRESENTATION_CONTEXT('2D SPACE',''
  ) );
#2011 = CARTESIAN_POINT('',(3.453079586965,-17.81469875564));
#2012 = EDGE_CURVE('',#4193,#2876,#849,.T.);
#2013 = AXIS2_PLACEMENT_3D('',#386,#2729,#3904);
#2014 = DIRECTION('',(-0.,-1.266875999118E-17,-1.));
#2015 = CIRCLE('',#1297,3.81);
#2016 = VECTOR('',#1865,1.);
#2017 = DIRECTION('',(0.,1.,-1.266875999118E-17));
#2018 = DIRECTION('',(0.,-3.491481338843E-15,-1.));
#2019 = DIRECTION('',(0.,1.));
#2020 = ( GEOMETRIC_REPRESENTATION_CONTEXT(2) 
PARAMETRIC_REPRESENTATION_CONTEXT() REPRESENTATION_CONTEXT('2D SPACE',''
  ) );
#2021 = VERTEX_POINT('',#2332);
#2022 = ORIENTED_EDGE('',*,*,#3345,.T.);
#2023 = DIRECTION('',(0.,1.));
#2024 = DIRECTION('',(1.,0.));
#2025 = B_SPLINE_CURVE_WITH_KNOTS('',3,(#210,#1320,#4552,#4256,#5039,
    #3404,#1358,#888,#4412,#2794,#4331,#2198,#2618,#1066,#4394,#4779,
    #2883,#2826,#2939,#2313),.UNSPECIFIED.,.F.,.F.,(4,2,2,2,2,2,2,2,2,4)
  ,(4.635206998287E-03,5.112563805338E-03,5.351242208863E-03,
    5.470581410626E-03,5.530251011507E-03,5.589920612388E-03,
    5.709259814151E-03,5.828599015914E-03,6.067277419439E-03,
    6.54463422649E-03),.UNSPECIFIED.);
#2026 = AXIS2_PLACEMENT_3D('',#554,#1330,#1343);
#2027 = ORIENTED_EDGE('',*,*,#132,.F.);
#2028 = LINE('',#3183,#3580);
#2029 = SURFACE_CURVE('',#1011,(#1202,#1884),.PCURVE_S1.);
#2030 = CARTESIAN_POINT('',(1.289262982852,5.890382865998));
#2031 = DIRECTION('',(0.,1.));
#2032 = ( GEOMETRIC_REPRESENTATION_CONTEXT(2) 
PARAMETRIC_REPRESENTATION_CONTEXT() REPRESENTATION_CONTEXT('2D SPACE',''
  ) );
#2033 = EDGE_LOOP('',(#4388,#1614,#2587,#3514));
#2034 = DEFINITIONAL_REPRESENTATION('',(#885),#4214);
#2035 = ORIENTED_EDGE('',*,*,#2680,.F.);
#2036 = CARTESIAN_POINT('',(4.958970227969,4.876178271086));
#2037 = DIRECTION('',(0.,-0.,1.));
#2038 = ORIENTED_EDGE('',*,*,#3748,.F.);
#2039 = PCURVE('',#2195,#679);
#2040 = ORIENTED_EDGE('',*,*,#3536,.T.);
#2041 = ( GEOMETRIC_REPRESENTATION_CONTEXT(2) 
PARAMETRIC_REPRESENTATION_CONTEXT() REPRESENTATION_CONTEXT('2D SPACE',''
  ) );
#2042 = AXIS2_PLACEMENT_3D('',#818,#41,#3397);
#2043 = CARTESIAN_POINT('',(0.,3.81,-1.310303626865E-14));
#2044 = ( GEOMETRIC_REPRESENTATION_CONTEXT(2) 
PARAMETRIC_REPRESENTATION_CONTEXT() REPRESENTATION_CONTEXT('2D SPACE',''
  ) );
#2045 = CARTESIAN_POINT('',(0.,0.,6.731));
#2046 = DIRECTION('',(-1.,-0.));
#2047 = AXIS2_PLACEMENT_3D('',#3497,#3181,#4719);
#2048 = CARTESIAN_POINT('',(1.905,-2.613943211581));
#2049 = LINE('',#2776,#150);
#2050 = CARTESIAN_POINT('',(0.,19.558,-6.828639202509E-14));
#2051 = CARTESIAN_POINT('',(1.262498625941,5.388159213304));
#2052 = AXIS2_PLACEMENT_3D('',#4076,#2860,#3515);
#2053 = CARTESIAN_POINT('',(0.,0.,6.481));
#2054 = LINE('',#1326,#4150);
#2055 = EDGE_CURVE('',#1105,#1959,#4919,.T.);
#2056 = DIRECTION('',(1.,0.));
#2057 = DIRECTION('',(0.,1.));
#2058 = DIRECTION('',(0.,1.));
#2059 = DIRECTION('',(-0.,-0.,1.));
#2060 = PCURVE('',#1568,#3487);
#2061 = CARTESIAN_POINT('',(3.17189062476,-19.38634851517));
#2062 = DIRECTION('',(-0.,-0.,1.));
#2063 = EDGE_LOOP('',(#3505,#4863));
#2064 = DEFINITIONAL_REPRESENTATION('',(#4640),#3664);
#2065 = DEFINITIONAL_REPRESENTATION('',(#3444),#2317);
#2066 = PCURVE('',#2567,#3021);
#2067 = DIRECTION('',(1.,0.));
#2068 = ( GEOMETRIC_REPRESENTATION_CONTEXT(2) 
PARAMETRIC_REPRESENTATION_CONTEXT() REPRESENTATION_CONTEXT('2D SPACE',''
  ) );
#2069 = DEFINITIONAL_REPRESENTATION('',(#536),#3714);
#2070 = LINE('',#714,#2941);
#2071 = EDGE_CURVE('',#1585,#4489,#1893,.T.);
#2072 = B_SPLINE_CURVE_WITH_KNOTS('',3,(#2424,#4140,#1252,#3829,#1484,
    #1725,#3268,#4868,#65,#3410,#876,#3019,#2420,#3258,#2811,#3383,
    #3005,#3674,#2656,#1847,#3306,#70,#4342,#3289,#3001),
  .UNSPECIFIED.,.F.,.F.,(4,1,1,1,1,1,1,1,1,1,1,1,1,1,1,1,1,1,1,1,1,1,4),
  (1.570796326795,1.642196159831,1.713595992867,1.784995825903,
    1.856395658939,1.927795491976,1.999195325012,2.070595158048,
    2.141994991084,2.21339482412,2.284794657156,2.356194490192,
    2.427594323228,2.498994156265,2.570393989301,2.641793822337,
    2.713193655373,2.784593488409,2.855993321445,2.927393154481,
    2.998792987518,3.070192820554,3.14159265359),.QUASI_UNIFORM_KNOTS.);
#2073 = CARTESIAN_POINT('',(0.,6.28318530718));
#2074 = LINE('',#1881,#2408);
#2075 = CARTESIAN_POINT('',(1.372166640424,4.712388980385));
#2076 = ( BOUNDED_CURVE() B_SPLINE_CURVE(2,(#1051,#85,#2204,#58,
#2633,#1302,#4135),.UNSPECIFIED.,.T.,.F.) B_SPLINE_CURVE_WITH_KNOTS((1,2
    ,2,2,2,1),(-2.094395102393,0.,2.094395102393,4.188790204786,
6.28318530718,8.377580409573),.UNSPECIFIED.) CURVE() 
GEOMETRIC_REPRESENTATION_ITEM() RATIONAL_B_SPLINE_CURVE((1.,0.5,1.,0.5,
1.,0.5,1.)) REPRESENTATION_ITEM('') );
#2077 = ADVANCED_FACE('',(#2935,#4016),#2480,.F.);
#2078 = DIRECTION('',(0.,1.));
#2079 = CARTESIAN_POINT('',(5.711986642891,5.888916332991E-15));
#2080 = SURFACE_CURVE('',#2139,(#1478,#1392),.PCURVE_S1.);
#2081 = ( GEOMETRIC_REPRESENTATION_CONTEXT(2) 
PARAMETRIC_REPRESENTATION_CONTEXT() REPRESENTATION_CONTEXT('2D SPACE',''
  ) );
#2082 = SURFACE_CURVE('',#3937,(#1293,#733),.PCURVE_S1.);
#2083 = CARTESIAN_POINT('',(1.785368374571,6.213350659784));
#2084 = CARTESIAN_POINT('',(1.570796326795,-13.85147235524));
#2085 = ( GEOMETRIC_REPRESENTATION_CONTEXT(2) 
PARAMETRIC_REPRESENTATION_CONTEXT() REPRESENTATION_CONTEXT('2D SPACE',''
  ) );
#2086 = EDGE_CURVE('',#1490,#3456,#4747,.T.);
#2087 = ( GEOMETRIC_REPRESENTATION_CONTEXT(2) 
PARAMETRIC_REPRESENTATION_CONTEXT() REPRESENTATION_CONTEXT('2D SPACE',''
  ) );
#2088 = ( GEOMETRIC_REPRESENTATION_CONTEXT(2) 
PARAMETRIC_REPRESENTATION_CONTEXT() REPRESENTATION_CONTEXT('2D SPACE',''
  ) );
#2089 = DIRECTION('',(1.,0.,0.));
#2090 = PCURVE('',#4111,#570);
#2091 = CARTESIAN_POINT('',(0.,0.,19.558));
#2092 = SURFACE_CURVE('',#2368,(#2498,#1712),.PCURVE_S1.);
#2093 = CARTESIAN_POINT('',(5.675,-1.370540946055E-16,0.));
#2094 = FACE_BOUND('',#3970,.T.);
#2095 = DIRECTION('',(0.,-0.,1.));
#2096 = DIRECTION('',(0.,-1.,3.504150098834E-15));
#2097 = EDGE_CURVE('',#3337,#4089,#1615,.T.);
#2098 = SURFACE_CURVE('',#3054,(#432,#2090),.PCURVE_S1.);
#2099 = DIRECTION('',(0.,-0.,1.));
#2100 = LINE('',#3417,#3486);
#2101 = AXIS2_PLACEMENT_2D('',#252,#4258);
#2102 = DIRECTION('',(0.,1.));
#2103 = CARTESIAN_POINT('',(0.,7.231,-2.524690156117E-14));
#2104 = DEFINITIONAL_REPRESENTATION('',(#4841),#1555);
#2105 = CARTESIAN_POINT('',(0.,0.,19.558));
#2106 = SURFACE_CURVE('',#758,(#808,#4573),.PCURVE_S1.);
#2107 = CARTESIAN_POINT('',(-5.9135,-16.15598245055));
#2108 = DIRECTION('',(0.,-0.,1.));
#2109 = EDGE_CURVE('',#4524,#988,#2098,.T.);
#2110 = ORIENTED_EDGE('',*,*,#1737,.F.);
#2111 = PCURVE('',#2379,#3129);
#2112 = LINE('',#5004,#4099);
#2113 = PCURVE('',#1283,#4154);
#2114 = ORIENTED_EDGE('',*,*,#3382,.F.);
#2115 = EDGE_CURVE('',#777,#3962,#398,.T.);
#2116 = FACE_BOUND('',#4426,.T.);
#2117 = ( GEOMETRIC_REPRESENTATION_CONTEXT(2) 
PARAMETRIC_REPRESENTATION_CONTEXT() REPRESENTATION_CONTEXT('2D SPACE',''
  ) );
#2118 = CARTESIAN_POINT('',(0.,-1.5));
#2119 = CARTESIAN_POINT('',(5.283587644674,3.786245265775E-15));
#2120 = AXIS2_PLACEMENT_3D('',#3551,#1660,#935);
#2121 = CARTESIAN_POINT('',(4.712388980385,-2.379994434538E-02));
#2122 = ( GEOMETRIC_REPRESENTATION_CONTEXT(2) 
PARAMETRIC_REPRESENTATION_CONTEXT() REPRESENTATION_CONTEXT('2D SPACE',''
  ) );
#2123 = PCURVE('',#4609,#2156);
#2124 = LINE('',#2216,#2481);
#2125 = VECTOR('',#3931,1.);
#2126 = EDGE_LOOP('',(#2504,#2529,#5009,#4249,#1676));
#2127 = CARTESIAN_POINT('',(0.,3.14159265359));
#2128 = CARTESIAN_POINT('',(0.,-12.327));
#2129 = CARTESIAN_POINT('',(-5.215,0.,19.558));
#2130 = ( BOUNDED_CURVE() B_SPLINE_CURVE(2,(#4403,#1553,#3023,#269,
#3160,#2988,#3778),.UNSPECIFIED.,.T.,.F.) B_SPLINE_CURVE_WITH_KNOTS((1,2
    ,2,2,2,1),(-2.094395102393,0.,2.094395102393,4.188790204786,
6.28318530718,8.377580409573),.UNSPECIFIED.) CURVE() 
GEOMETRIC_REPRESENTATION_ITEM() RATIONAL_B_SPLINE_CURVE((1.,0.5,1.,0.5,
1.,0.5,1.)) REPRESENTATION_ITEM('') );
#2131 = SPHERICAL_SURFACE('',#3068,5.675);
#2132 = CARTESIAN_POINT('',(4.977733892857,5.993892600238));
#2133 = DEFINITIONAL_REPRESENTATION('',(#4043),#1062);
#2134 = VERTEX_POINT('',#1702);
#2135 = CARTESIAN_POINT('',(7.56838230183,1.950329858186E-15));
#2136 = CARTESIAN_POINT('',(4.475261176007,6.129271234235));
#2137 = EDGE_CURVE('',#102,#1166,#2092,.T.);
#2138 = CIRCLE('',#1063,2.54);
#2139 = CIRCLE('',#3738,3.175);
#2140 = DIRECTION('',(1.,0.,0.));
#2141 = CARTESIAN_POINT('',(6.28318530718,4.712388980385));
#2142 = DEFINITIONAL_REPRESENTATION('',(#2892),#1286);
#2143 = DIRECTION('',(0.,-1.266875999118E-17,-1.));
#2144 = CARTESIAN_POINT('',(4.712388980385,-1.28519699465));
#2145 = VECTOR('',#4490,1.);
#2146 = DIRECTION('',(0.,-3.491481338843E-15,-1.));
#2147 = LINE('',#1876,#812);
#2148 = CARTESIAN_POINT('',(7.853981633974,-0.5));
#2149 = CARTESIAN_POINT('',(1.347968286802,4.78583820815));
#2150 = ORIENTED_EDGE('',*,*,#2071,.T.);
#2151 = PCURVE('',#2788,#4900);
#2152 = CARTESIAN_POINT('',(-6.4135,16.558,-5.781194800856E-14));
#2153 = ( GEOMETRIC_REPRESENTATION_CONTEXT(2) 
PARAMETRIC_REPRESENTATION_CONTEXT() REPRESENTATION_CONTEXT('2D SPACE',''
  ) );
#2154 = DEFINITIONAL_REPRESENTATION('',(#4794),#339);
#2155 = DEFINITIONAL_REPRESENTATION('',(#2130),#1225);
#2156 = DEFINITIONAL_REPRESENTATION('',(#3589),#3031);
#2157 = ORIENTED_EDGE('',*,*,#1943,.F.);
#2158 = ORIENTED_EDGE('',*,*,#1393,.F.);
#2159 = CIRCLE('',#1946,5.715);
#2160 = DIRECTION('',(0.,-3.491481338843E-15,-1.));
#2161 = CARTESIAN_POINT('',(0.71008662689,-4.467914001026));
#2162 = ORIENTED_EDGE('',*,*,#2402,.F.);
#2163 = ORIENTED_EDGE('',*,*,#4883,.F.);
#2164 = VECTOR('',#3934,1.);
#2165 = CARTESIAN_POINT('',(4.077400616054,-4.048056991672));
#2166 = LINE('',#3900,#54);
#2167 = ( GEOMETRIC_REPRESENTATION_CONTEXT(2) 
PARAMETRIC_REPRESENTATION_CONTEXT() REPRESENTATION_CONTEXT('2D SPACE',''
  ) );
#2168 = ORIENTED_EDGE('',*,*,#715,.F.);
#2169 = ADVANCED_FACE('',(#1813,#1379),#723,.F.);
#2170 = CARTESIAN_POINT('',(0.,-2.799542582851E-16,-2.54));
#2171 = SURFACE_CURVE('',#4832,(#924,#445),.PCURVE_S1.);
#2172 = DEFINITIONAL_REPRESENTATION('',(#3823),#1655);
#2173 = DIRECTION('',(1.,0.));
#2174 = VECTOR('',#4377,1.);
#2175 = VECTOR('',#1518,1.);
#2176 = PCURVE('',#577,#1489);
#2177 = CARTESIAN_POINT('',(7.853981633974,0.214199499108));
#2178 = EDGE_CURVE('',#4920,#279,#775,.T.);
#2179 = EDGE_LOOP('',(#478,#2568));
#2180 = CARTESIAN_POINT('',(0.,-6.33437999559E-18,19.558));
#2181 = EDGE_LOOP('',(#2162,#895));
#2182 = DIRECTION('',(0.,-3.491481338843E-15,-1.));
#2183 = CARTESIAN_POINT('',(2.871869026436,-4.990190912766));
#2184 = AXIS2_PLACEMENT_3D('',#3665,#2985,#1318);
#2185 = CARTESIAN_POINT('',(1.727844175258,-12.28228484281));
#2186 = VERTEX_POINT('',#1690);
#2187 = SURFACE_CURVE('',#342,(#4502,#1270),.PCURVE_S1.);
#2188 = CARTESIAN_POINT('',(-9.032644961472,-0.5));
#2189 = SURFACE_CURVE('',#3322,(#4562,#455),.PCURVE_S1.);
#2190 = ( GEOMETRIC_REPRESENTATION_CONTEXT(2) 
PARAMETRIC_REPRESENTATION_CONTEXT() REPRESENTATION_CONTEXT('2D SPACE',''
  ) );
#2191 = DIRECTION('',(0.,-0.,1.));
#2192 = CARTESIAN_POINT('',(3.14159265359,0.));
#2193 = ORIENTED_EDGE('',*,*,#2055,.T.);
#2194 = CARTESIAN_POINT('',(0.,5.9135,17.058));
#2195 = CYLINDRICAL_SURFACE('',#5032,7.366);
#2196 = LINE('',#2960,#1922);
#2197 = DIRECTION('',(1.,0.));
#2198 = CARTESIAN_POINT('',(-2.186611566338,6.930909717482,
    6.930909717482));
#2199 = EDGE_CURVE('',#468,#1277,#1103,.T.);
#2200 = SURFACE_CURVE('',#1883,(#4621,#3828),.PCURVE_S1.);
#2201 = DIRECTION('',(1.,0.));
#2202 = EDGE_CURVE('',#4528,#1821,#3927,.T.);
#2203 = DIRECTION('',(1.,0.));
#2204 = CARTESIAN_POINT('',(1.905,-2.613943211581));
#2205 = ( GEOMETRIC_REPRESENTATION_CONTEXT(2) 
PARAMETRIC_REPRESENTATION_CONTEXT() REPRESENTATION_CONTEXT('2D SPACE',''
  ) );
#2206 = ORIENTED_EDGE('',*,*,#1853,.F.);
#2207 = ADVANCED_FACE('',(#2755),#4379,.T.);
#2208 = DIRECTION('',(0.,1.));
#2209 = CARTESIAN_POINT('',(7.62,-5.9135));
#2210 = CARTESIAN_POINT('',(6.88975,6.019897051448));
#2211 = ORIENTED_EDGE('',*,*,#2769,.F.);
#2212 = DIRECTION('',(1.224646799147E-16,-3.491481338843E-15,-1.));
#2213 = ( GEOMETRIC_REPRESENTATION_CONTEXT(2) 
PARAMETRIC_REPRESENTATION_CONTEXT() REPRESENTATION_CONTEXT('2D SPACE',''
  ) );
#2214 = SURFACE_CURVE('',#720,(#160,#744),.PCURVE_S1.);
#2215 = DIRECTION('',(1.,0.,0.));
#2216 = CARTESIAN_POINT('',(3.14159265359,1.570796326795));
#2217 = PCURVE('',#3288,#3447);
#2218 = DEFINITIONAL_REPRESENTATION('',(#3963),#3550);
#2219 = VECTOR('',#3689,1.);
#2220 = DIRECTION('',(-0.,-0.,1.));
#2221 = ORIENTED_EDGE('',*,*,#4036,.F.);
#2222 = SURFACE_CURVE('',#3157,(#1739,#3731),.PCURVE_S1.);
#2223 = EDGE_LOOP('',(#4062,#4935,#389,#3827));
#2224 = DEFINITIONAL_REPRESENTATION('',(#1979),#2665);
#2225 = DIRECTION('',(1.,0.,0.));
#2226 = ( GEOMETRIC_REPRESENTATION_CONTEXT(2) 
PARAMETRIC_REPRESENTATION_CONTEXT() REPRESENTATION_CONTEXT('2D SPACE',''
  ) );
#2227 = ORIENTED_EDGE('',*,*,#1556,.F.);
#2228 = DIRECTION('',(1.,0.));
#2229 = PCURVE('',#3912,#1372);
#2230 = CARTESIAN_POINT('',(0.,0.));
#2231 = ORIENTED_EDGE('',*,*,#1488,.T.);
#2232 = FACE_BOUND('',#2296,.T.);
#2233 = AXIS2_PLACEMENT_3D('',#809,#42,#2641);
#2234 = DEFINITIONAL_REPRESENTATION('',(#1266),#4015);
#2235 = CYLINDRICAL_SURFACE('',#3143,5.715);
#2236 = CARTESIAN_POINT('',(3.888253587293E-16,19.058,3.175));
#2237 = ORIENTED_EDGE('',*,*,#97,.T.);
#2238 = PCURVE('',#3163,#3238);
#2239 = ADVANCED_FACE('',(#3252),#3163,.T.);
#2240 = DEFINITIONAL_REPRESENTATION('',(#2076),#742);
#2241 = PCURVE('',#101,#4663);
#2242 = AXIS2_PLACEMENT_3D('',#2180,#5012,#169);
#2243 = CARTESIAN_POINT('',(0.,4.712388980385));
#2244 = DIRECTION('',(0.,1.,-1.266875999118E-17));
#2245 = SURFACE_CURVE('',#4736,(#4744,#2770),.PCURVE_S1.);
#2246 = DEFINITIONAL_REPRESENTATION('',(#4003),#4373);
#2247 = DEFINITIONAL_REPRESENTATION('',(#2522),#4633);
#2248 = LINE('',#3901,#4191);
#2249 = FACE_BOUND('',#2840,.T.);
#2250 = CARTESIAN_POINT('',(0.,0.));
#2251 = FACE_BOUND('',#414,.T.);
#2252 = ADVANCED_FACE('',(#1815),#2998,.T.);
#2253 = DIRECTION('',(1.,0.,0.));
#2254 = AXIS2_PLACEMENT_2D('',#249,#4262);
#2255 = VECTOR('',#3062,1.);
#2256 = CIRCLE('',#4976,3.81);
#2257 = CARTESIAN_POINT('',(1.756769630324,-12.31889300397));
#2258 = CARTESIAN_POINT('',(4.961061505711,6.078642505261));
#2259 = CARTESIAN_POINT('',(0.,15.558,-5.432046666972E-14));
#2260 = ( GEOMETRIC_REPRESENTATION_CONTEXT(2) 
PARAMETRIC_REPRESENTATION_CONTEXT() REPRESENTATION_CONTEXT('2D SPACE',''
  ) );
#2261 = ADVANCED_FACE('',(#285,#2116),#373,.F.);
#2262 = CARTESIAN_POINT('',(4.712388980385,-2.54));
#2263 = DIRECTION('',(0.,1.));
#2264 = CARTESIAN_POINT('',(1.305451414322,5.993892600238));
#2265 = LINE('',#3281,#3614);
#2266 = LINE('',#503,#1341);
#2267 = PCURVE('',#4274,#4594);
#2268 = ORIENTED_EDGE('',*,*,#4233,.T.);
#2269 = PCURVE('',#4303,#4698);
#2270 = CARTESIAN_POINT('',(3.14159265359,0.));
#2271 = EDGE_LOOP('',(#2491,#947,#4038,#2038));
#2272 = CARTESIAN_POINT('',(-1.042480587774E-15,-5.675,0.));
#2273 = LINE('',#3743,#2951);
#2274 = AXIS2_PLACEMENT_3D('',#730,#78,#162);
#2275 = DIRECTION('',(0.,-1.,3.504150098834E-15));
#2276 = FACE_BOUND('',#451,.T.);
#2277 = LINE('',#1367,#4386);
#2278 = PCURVE('',#2131,#569);
#2279 = CARTESIAN_POINT('',(0.,19.558,-6.828639202509E-14));
#2280 = CARTESIAN_POINT('',(4.712388980385,0.142799666072));
#2281 = ADVANCED_FACE('',(#3543),#4706,.T.);
#2282 = PCURVE('',#4216,#2494);
#2283 = DIRECTION('',(0.,1.));
#2284 = DIRECTION('',(1.,0.));
#2285 = DIRECTION('',(1.,0.));
#2286 = VECTOR('',#4375,1.);
#2287 = DIRECTION('',(0.,1.));
#2288 = CIRCLE('',#2964,5.9135);
#2289 = FACE_BOUND('',#2271,.F.);
#2290 = CARTESIAN_POINT('',(-5.9135,-16.15598245055));
#2291 = CIRCLE('',#3269,3.175);
#2292 = LINE('',#4430,#2255);
#2293 = DIRECTION('',(1.,0.));
#2294 = VERTEX_POINT('',#4917);
#2295 = AXIS2_PLACEMENT_2D('',#2627,#1647);
#2296 = EDGE_LOOP('',(#3303,#1460,#2520,#4626,#1391));
#2297 = ORIENTED_EDGE('',*,*,#4543,.F.);
#2298 = VECTOR('',#2955,1.);
#2299 = EDGE_LOOP('',(#1684,#495,#3414));
#2300 = CARTESIAN_POINT('',(-9.032644961472,-0.5));
#2301 = CARTESIAN_POINT('',(10.995574287564,-21.598));
#2302 = UNCERTAINTY_MEASURE_WITH_UNIT(LENGTH_MEASURE(1.E-05),#1153,
  'distance_accuracy_value','confusion accuracy');
#2303 = CARTESIAN_POINT('',(9.424777960769,0.));
#2304 = AXIS2_PLACEMENT_3D('',#1482,#3772,#3024);
#2305 = SURFACE_CURVE('',#782,(#3432,#1778),.PCURVE_S1.);
#2306 = VECTOR('',#2676,1.);
#2307 = DIRECTION('',(-1.,0.));
#2308 = CARTESIAN_POINT('',(1.549370383225,-2.59441350969));
#2309 = PRODUCT_DEFINITION('design','',#635,#4591);
#2310 = DIRECTION('',(1.,0.,0.));
#2311 = CARTESIAN_POINT('',(-5.9135,4.328982450559));
#2312 = CARTESIAN_POINT('',(0.,3.14159265359));
#2313 = CARTESIAN_POINT('',(-1.403778828734,7.231,7.231));
#2314 = CIRCLE('',#2710,6.4135);
#2315 = DEFINITIONAL_REPRESENTATION('',(#3983),#4632);
#2316 = CARTESIAN_POINT('',(0.,-13.077));
#2317 = ( GEOMETRIC_REPRESENTATION_CONTEXT(2) 
PARAMETRIC_REPRESENTATION_CONTEXT() REPRESENTATION_CONTEXT('2D SPACE',''
  ) );
#2318 = EDGE_LOOP('',(#440,#3392,#1643,#3584));
#2319 = AXIS2_PLACEMENT_3D('',#3694,#1588,#388);
#2320 = CARTESIAN_POINT('',(1.592222270364,-2.59441350969));
#2321 = CARTESIAN_POINT('',(4.712388980385,-0.356999165181));
#2322 = CARTESIAN_POINT('',(1.084533069032,-3.728080588362));
#2323 = DIRECTION('',(0.,-0.,1.));
#2324 = CARTESIAN_POINT('',(-5.9135,-16.15598245055));
#2325 = CARTESIAN_POINT('',(4.712388980385,1.427996660723));
#2326 = ( GEOMETRIC_REPRESENTATION_CONTEXT(2) 
PARAMETRIC_REPRESENTATION_CONTEXT() REPRESENTATION_CONTEXT('2D SPACE',''
  ) );
#2327 = ORIENTED_EDGE('',*,*,#2707,.T.);
#2328 = CARTESIAN_POINT('',(3.14159265359,1.570796326795));
#2329 = SURFACE_CURVE('',#3946,(#1178,#1423),.PCURVE_S1.);
#2330 = LINE('',#545,#2575);
#2331 = VECTOR('',#1866,1.);
#2332 = CARTESIAN_POINT('',(5.715,19.058,-6.479491068625E-14));
#2333 = ( GEOMETRIC_REPRESENTATION_CONTEXT(2) 
PARAMETRIC_REPRESENTATION_CONTEXT() REPRESENTATION_CONTEXT('2D SPACE',''
  ) );
#2334 = PCURVE('',#2756,#3798);
#2335 = AXIS2_PLACEMENT_3D('',#3984,#4144,#1621);
#2336 = LINE('',#1560,#4326);
#2337 = ORIENTED_EDGE('',*,*,#3928,.F.);
#2338 = ( GEOMETRIC_REPRESENTATION_CONTEXT(2) 
PARAMETRIC_REPRESENTATION_CONTEXT() REPRESENTATION_CONTEXT('2D SPACE',''
  ) );
#2339 = VECTOR('',#3156,1.);
#2340 = CARTESIAN_POINT('',(3.14159265359,-0.5));
#2341 = ADVANCED_FACE('',(#401),#3448,.T.);
#2342 = ( GEOMETRIC_REPRESENTATION_CONTEXT(2) 
PARAMETRIC_REPRESENTATION_CONTEXT() REPRESENTATION_CONTEXT('2D SPACE',''
  ) );
#2343 = ( GEOMETRIC_REPRESENTATION_CONTEXT(2) 
PARAMETRIC_REPRESENTATION_CONTEXT() REPRESENTATION_CONTEXT('2D SPACE',''
  ) );
#2344 = CARTESIAN_POINT('',(6.28318530718,0.));
#2345 = ORIENTED_EDGE('',*,*,#3620,.F.);
#2346 = EDGE_CURVE('',#3481,#853,#1827,.T.);
#2347 = CARTESIAN_POINT('',(-3.81,0.685613576837));
#2348 = CARTESIAN_POINT('',(4.898362283917,-12.31889300397));
#2349 = EDGE_CURVE('',#3519,#1850,#64,.T.);
#2350 = DIRECTION('',(1.,0.,0.));
#2351 = CARTESIAN_POINT('',(5.411502627631,-15.19558466305));
#2352 = CARTESIAN_POINT('',(4.712388980385,0.785398163397));
#2353 = DEFINITIONAL_REPRESENTATION('',(#1538),#3542);
#2354 = CARTESIAN_POINT('',(0.,-5.715));
#2355 = PCURVE('',#2572,#4053);
#2356 = LINE('',#4115,#1856);
#2357 = DEFINITIONAL_REPRESENTATION('',(#3245),#1970);
#2358 = DEFINITIONAL_REPRESENTATION('',(#3146),#3819);
#2359 = ORIENTED_EDGE('',*,*,#2349,.F.);
#2360 = PCURVE('',#2363,#4778);
#2361 = VECTOR('',#813,1.);
#2362 = CARTESIAN_POINT('',(5.925,0.,6.481));
#2363 = CYLINDRICAL_SURFACE('',#3352,2.54);
#2364 = CARTESIAN_POINT('',(0.,1.570796326795));
#2365 = CARTESIAN_POINT('',(2.54,-6.814564769017E-16,2.747099421027E-33)
  );
#2366 = DIRECTION('',(-1.,0.,0.));
#2367 = VECTOR('',#2560,1.);
#2368 = LINE('',#3712,#3405);
#2369 = LINE('',#3318,#4347);
#2370 = DIRECTION('',(1.,0.));
#2371 = CARTESIAN_POINT('',(3.14159265359,0.));
#2372 = PCURVE('',#319,#3509);
#2373 = EDGE_LOOP('',(#2193,#1094,#731,#4869,#3364));
#2374 = PCURVE('',#577,#30);
#2375 = DIRECTION('',(0.,0.,-1.));
#2376 = DIRECTION('',(1.,0.));
#2377 = CARTESIAN_POINT('',(-6.4135,19.558,-6.907181924973E-14));
#2378 = CARTESIAN_POINT('',(-5.9135,15.558,-5.591753188911E-14));
#2379 = CYLINDRICAL_SURFACE('',#489,5.9135);
#2380 = CARTESIAN_POINT('',(7.853981633975,1.499396493759));
#2381 = VECTOR('',#1187,1.);
#2382 = CARTESIAN_POINT('',(0.,19.058,-3.675));
#2383 = AXIS2_PLACEMENT_2D('',#3275,#2293);
#2384 = DEFINITIONAL_REPRESENTATION('',(#243),#2671);
#2385 = ( GEOMETRIC_REPRESENTATION_CONTEXT(2) 
PARAMETRIC_REPRESENTATION_CONTEXT() REPRESENTATION_CONTEXT('2D SPACE',''
  ) );
#2386 = DIRECTION('',(1.,0.));
#2387 = FACE_BOUND('',#612,.T.);
#2388 = VECTOR('',#1294,1.);
#2389 = CARTESIAN_POINT('',(7.853981633974,0.92819782947));
#2390 = CARTESIAN_POINT('',(0.,17.058,-5.9135));
#2391 = CARTESIAN_POINT('',(-5.715,6.998856457127E-16,19.058));
#2392 = PCURVE('',#496,#2771);
#2393 = ORIENTED_EDGE('',*,*,#174,.F.);
#2394 = CYLINDRICAL_SURFACE('',#4475,5.675);
#2395 = CARTESIAN_POINT('',(7.366,15.08175,-3.895227512163E-14));
#2396 = ( GEOMETRIC_REPRESENTATION_CONTEXT(2) 
PARAMETRIC_REPRESENTATION_CONTEXT() REPRESENTATION_CONTEXT('2D SPACE',''
  ) );
#2397 = DEFINITIONAL_REPRESENTATION('',(#4364),#3864);
#2398 = DIRECTION('',(0.,-1.,3.491481338843E-15));
#2399 = ( BOUNDED_CURVE() B_SPLINE_CURVE(2,(#393,#1033,#3343,#2209,
#4563,#4235,#2789),.UNSPECIFIED.,.T.,.F.) B_SPLINE_CURVE_WITH_KNOTS((1,2
    ,2,2,2,1),(-2.094395102393,0.,2.094395102393,4.188790204786,
6.28318530718,8.377580409573),.UNSPECIFIED.) CURVE() 
GEOMETRIC_REPRESENTATION_ITEM() RATIONAL_B_SPLINE_CURVE((1.,0.5,1.,0.5,
1.,0.5,1.)) REPRESENTATION_ITEM('') );
#2400 = LINE('',#2668,#3416);
#2401 = PCURVE('',#2998,#500);
#2402 = EDGE_CURVE('',#3849,#6,#4699,.T.);
#2403 = CARTESIAN_POINT('',(7.366,0.,19.558));
#2404 = ( GEOMETRIC_REPRESENTATION_CONTEXT(2) 
PARAMETRIC_REPRESENTATION_CONTEXT() REPRESENTATION_CONTEXT('2D SPACE',''
  ) );
#2405 = CARTESIAN_POINT('',(1.324215079211,4.876178271086));
#2406 = PCURVE('',#4581,#3837);
#2407 = CARTESIAN_POINT('',(1.370837186793,-3.044918945428));
#2408 = VECTOR('',#35,1.);
#2409 = ( GEOMETRIC_REPRESENTATION_CONTEXT(2) 
PARAMETRIC_REPRESENTATION_CONTEXT() REPRESENTATION_CONTEXT('2D SPACE',''
  ) );
#2410 = CARTESIAN_POINT('',(0.,6.28318530718));
#2411 = VECTOR('',#1927,1.);
#2412 = CARTESIAN_POINT('',(-3.81,-5.9135));
#2413 = AXIS2_PLACEMENT_3D('',#1149,#4750,#1670);
#2414 = PCURVE('',#1515,#4001);
#2415 = LINE('',#220,#2388);
#2416 = DIRECTION('',(0.,1.,-3.491481338843E-15));
#2417 = VECTOR('',#4757,1.);
#2418 = CARTESIAN_POINT('',(0.935807962464,-4.048056991672));
#2419 = ( BOUNDED_CURVE() B_SPLINE_CURVE(2,(#3920,#868,#3857,#1523,
#1584,#4181,#2911),.UNSPECIFIED.,.T.,.F.) B_SPLINE_CURVE_WITH_KNOTS((1,2
    ,2,2,2,1),(-2.094395102393,0.,2.094395102393,4.188790204786,
6.28318530718,8.377580409573),.UNSPECIFIED.) CURVE() 
GEOMETRIC_REPRESENTATION_ITEM() RATIONAL_B_SPLINE_CURVE((1.,0.5,1.,0.5,
1.,0.5,1.)) REPRESENTATION_ITEM('') );
#2420 = CARTESIAN_POINT('',(5.497787143782,-4.337751451413));
#2421 = ( GEOMETRIC_REPRESENTATION_CONTEXT(2) 
PARAMETRIC_REPRESENTATION_CONTEXT() REPRESENTATION_CONTEXT('2D SPACE',''
  ) );
#2422 = EDGE_CURVE('',#3212,#4080,#2080,.T.);
#2423 = CARTESIAN_POINT('',(1.87570023761,5.643975487983));
#2424 = CARTESIAN_POINT('',(4.712388980385,-2.54));
#2425 = VECTOR('',#2019,1.);
#2426 = DIRECTION('',(-1.,0.,0.));
#2427 = PCURVE('',#960,#4895);
#2428 = AXIS2_PLACEMENT_3D('',#2664,#1695,#22);
#2429 = SURFACE_CURVE('',#805,(#1247,#1671),.PCURVE_S1.);
#2430 = EDGE_LOOP('',(#1037,#4737,#4327,#4161));
#2431 = VERTEX_POINT('',#1284);
#2432 = CARTESIAN_POINT('',(1.872442218436,5.253369947476));
#2433 = DIRECTION('',(0.,-0.,1.));
#2434 = SURFACE_CURVE('',#3496,(#2392,#4820),.PCURVE_S1.);
#2435 = CARTESIAN_POINT('',(0.,17.058,-5.955768867799E-14));
#2436 = DIRECTION('',(0.,1.));
#2437 = CARTESIAN_POINT('',(4.947159998699,4.828492666002));
#2438 = CIRCLE('',#2737,5.9135);
#2439 = EDGE_CURVE('',#1821,#80,#3869,.T.);
#2440 = DIRECTION('',(0.,-1.,3.491481338843E-15));
#2441 = FACE_BOUND('',#3141,.T.);
#2442 = EDGE_LOOP('',(#3527,#3544));
#2443 = DEFINITIONAL_REPRESENTATION('',(#2415),#1610);
#2444 = DIRECTION('',(1.,0.));
#2445 = CARTESIAN_POINT('',(0.,0.));
#2446 = CARTESIAN_POINT('',(6.28318530718,1.570796326795));
#2447 = DIRECTION('',(-1.,0.,0.));
#2448 = LINE('',#2344,#1141);
#2449 = CARTESIAN_POINT('',(0.,6.731,-2.350116089175E-14));
#2450 = DIRECTION('',(0.,1.));
#2451 = DIRECTION('',(0.,1.));
#2452 = TOROIDAL_SURFACE('',#4393,6.866,0.5);
#2453 = ORIENTED_EDGE('',*,*,#3638,.F.);
#2454 = DIRECTION('',(0.,0.,-1.));
#2455 = CARTESIAN_POINT('',(0.,3.925231146709E-16));
#2456 = EDGE_CURVE('',#4545,#1519,#4752,.T.);
#2457 = DIRECTION('',(0.,-3.491481338843E-15,-1.));
#2458 = CARTESIAN_POINT('',(5.073041723318,-14.22050320802));
#2459 = EDGE_LOOP('',(#1036,#2782,#480,#3194));
#2460 = CARTESIAN_POINT('',(0.,-3.81));
#2461 = EDGE_CURVE('',#4489,#1585,#3859,.T.);
#2462 = ( GEOMETRIC_REPRESENTATION_CONTEXT(2) 
PARAMETRIC_REPRESENTATION_CONTEXT() REPRESENTATION_CONTEXT('2D SPACE',''
  ) );
#2463 = EDGE_CURVE('',#310,#5067,#2171,.T.);
#2464 = DIRECTION('',(1.,0.));
#2465 = ( GEOMETRIC_REPRESENTATION_CONTEXT(2) 
PARAMETRIC_REPRESENTATION_CONTEXT() REPRESENTATION_CONTEXT('2D SPACE',''
  ) );
#2466 = DIRECTION('',(7.875483902004E-46,1.,-3.491481338843E-15));
#2467 = CARTESIAN_POINT('',(3.14159265359,-19.558));
#2468 = PCURVE('',#4079,#1845);
#2469 = CIRCLE('',#4675,5.715);
#2470 = VECTOR('',#3381,1.);
#2471 = DIRECTION('',(0.,1.,-3.491481338843E-15));
#2472 = AXIS2_PLACEMENT_3D('',#178,#4315,#4313);
#2473 = EDGE_CURVE('',#1840,#3380,#1415,.T.);
#2474 = EDGE_LOOP('',(#2920,#4367,#1907,#46));
#2475 = ( GEOMETRIC_REPRESENTATION_CONTEXT(2) 
PARAMETRIC_REPRESENTATION_CONTEXT() REPRESENTATION_CONTEXT('2D SPACE',''
  ) );
#2476 = ORIENTED_EDGE('',*,*,#1795,.F.);
#2477 = AXIS2_PLACEMENT_3D('',#3316,#3612,#2945);
#2478 = LINE('',#1259,#579);
#2479 = DIRECTION('',(1.,0.));
#2480 = PLANE('',#3110);
#2481 = VECTOR('',#2023,1.);
#2482 = EDGE_CURVE('',#836,#2801,#289,.T.);
#2483 = DIRECTION('',(0.,0.,-1.));
#2484 = CARTESIAN_POINT('',(1.787746417072,4.76656805343));
#2485 = ORIENTED_EDGE('',*,*,#67,.T.);
#2486 = CARTESIAN_POINT('',(0.,-4.));
#2487 = DIRECTION('',(-1.,0.,0.));
#2488 = CARTESIAN_POINT('',(-7.366,9.020748322519E-16,15.08175));
#2489 = CARTESIAN_POINT('',(1.265535626111,5.311190552673));
#2490 = VERTEX_POINT('',#251);
#2491 = ORIENTED_EDGE('',*,*,#4036,.T.);
#2492 = DEFINITIONAL_REPRESENTATION('',(#4572),#2190);
#2493 = EDGE_CURVE('',#2561,#2490,#1340,.T.);
#2494 = DEFINITIONAL_REPRESENTATION('',(#1769),#1298);
#2495 = CARTESIAN_POINT('',(0.,0.,16.558));
#2496 = CARTESIAN_POINT('',(0.413031381743,-4.868460941473));
#2497 = PCURVE('',#4111,#2357);
#2498 = PCURVE('',#4415,#3723);
#2499 = FACE_BOUND('',#5044,.T.);
#2500 = B_SPLINE_CURVE_WITH_KNOTS('',3,(#856,#2061,#3128,#4160,#2011,
    #4839,#447,#771,#1335,#4418,#313,#463,#1716,#4988,#2458,#1207,
    #2351,#3274,#1154,#4422,#3929,#4298,#1826,#159,#4522),
  .UNSPECIFIED.,.F.,.F.,(4,1,1,1,1,1,1,1,1,1,1,1,1,1,1,1,1,1,1,1,1,1,4),
  (4.712388980385,4.855188646457,4.997988312529,5.140787978601,
    5.283587644674,5.426387310746,5.569186976818,5.711986642891,
    5.854786308963,5.997585975035,6.140385641107,6.28318530718,
    6.425984973252,6.568784639324,6.711584305396,6.854383971469,
    6.997183637541,7.139983303613,7.282782969685,7.425582635758,
    7.56838230183,7.711181967902,7.853981633974),.QUASI_UNIFORM_KNOTS.);
#2501 = ( GEOMETRIC_REPRESENTATION_CONTEXT(2) 
PARAMETRIC_REPRESENTATION_CONTEXT() REPRESENTATION_CONTEXT('2D SPACE',''
  ) );
#2502 = ( GEOMETRIC_REPRESENTATION_CONTEXT(2) 
PARAMETRIC_REPRESENTATION_CONTEXT() REPRESENTATION_CONTEXT('2D SPACE',''
  ) );
#2503 = CARTESIAN_POINT('',(0.,-19.558));
#2504 = ORIENTED_EDGE('',*,*,#3250,.F.);
#2505 = LINE('',#4982,#4501);
#2506 = ORIENTED_EDGE('',*,*,#4811,.F.);
#2507 = VECTOR('',#4467,1.);
#2508 = ( GEOMETRIC_REPRESENTATION_CONTEXT(2) 
PARAMETRIC_REPRESENTATION_CONTEXT() REPRESENTATION_CONTEXT('2D SPACE',''
  ) );
#2509 = CARTESIAN_POINT('',(4.759988869075,3.324298209098E-16));
#2510 = CARTESIAN_POINT('',(1.500881951673,-12.20962170768));
#2511 = EDGE_CURVE('',#1585,#3519,#4152,.T.);
#2512 = DIRECTION('',(0.,1.));
#2513 = SPHERICAL_SURFACE('',#4537,2.54);
#2514 = DIRECTION('',(1.,0.,-0.));
#2515 = CARTESIAN_POINT('',(6.28318530718,0.));
#2516 = AXIS2_PLACEMENT_3D('',#3190,#2471,#1887);
#2517 = DEFINITIONAL_REPRESENTATION('',(#4226),#95);
#2518 = CARTESIAN_POINT('',(4.972211718502,6.023761642308));
#2519 = DEFINITIONAL_REPRESENTATION('',(#4777),#3770);
#2520 = ORIENTED_EDGE('',*,*,#1002,.T.);
#2521 = CARTESIAN_POINT('',(1.846501946244,5.930904325615));
#2522 = LINE('',#2864,#1057);
#2523 = CARTESIAN_POINT('',(0.,0.,7.231));
#2524 = CARTESIAN_POINT('',(4.442055255927,5.96481480791));
#2525 = VECTOR('',#3445,1.);
#2526 = DEFINITIONAL_REPRESENTATION('',(#791),#3102);
#2527 = DIRECTION('',(-1.,0.,0.));
#2528 = ADVANCED_FACE('',(#604),#577,.T.);
#2529 = ORIENTED_EDGE('',*,*,#4010,.F.);
#2530 = CARTESIAN_POINT('',(0.,-2.54,9.148316858947E-15));
#2531 = ADVANCED_FACE('',(#3897),#4846,.T.);
#2532 = CARTESIAN_POINT('',(0.,-6.33437999559E-18,19.058));
#2533 = CARTESIAN_POINT('',(6.28318530718,4.712388980385));
#2534 = PCURVE('',#4379,#4897);
#2535 = CIRCLE('',#4026,2.54);
#2536 = DIRECTION('',(0.,1.));
#2537 = VECTOR('',#198,1.);
#2538 = LINE('',#275,#1231);
#2539 = DIRECTION('',(1.,0.,0.));
#2540 = CONTEXT_DEPENDENT_SHAPE_REPRESENTATION(#4980,#484);
#2541 = AXIS2_PLACEMENT_3D('',#5053,#1781,#3876);
#2542 = CARTESIAN_POINT('',(-3.81,-5.9135));
#2543 = SURFACE_CURVE('',#3488,(#1875,#726),.PCURVE_S1.);
#2544 = CARTESIAN_POINT('',(-7.366,19.558,-6.918846685735E-14));
#2545 = FACE_BOUND('',#4250,.T.);
#2546 = DEFINITIONAL_REPRESENTATION('',(#3007),#4255);
#2547 = CARTESIAN_POINT('',(1.840860375019,4.992274468922));
#2548 = DIRECTION('',(0.,-1.,3.491481338843E-15));
#2549 = ORIENTED_EDGE('',*,*,#2178,.F.);
#2550 = CARTESIAN_POINT('',(0.,16.058,-5.606620733914E-14));
#2551 = CARTESIAN_POINT('',(3.14159265359,3.14159265359));
#2552 = DEFINITIONAL_REPRESENTATION('',(#2640),#687);
#2553 = LINE('',#122,#4077);
#2554 = AXIS2_PLACEMENT_3D('',#3911,#4047,#506);
#2555 = FACE_BOUND('',#1577,.T.);
#2556 = CARTESIAN_POINT('',(6.69269475734E-16,19.558,5.215));
#2557 = LINE('',#2128,#1542);
#2558 = EDGE_LOOP('',(#948,#2237,#2206,#550));
#2559 = DIRECTION('',(1.,0.,0.));
#2560 = DIRECTION('',(-0.,-0.,1.));
#2561 = VERTEX_POINT('',#3502);
#2562 = ORIENTED_EDGE('',*,*,#2006,.F.);
#2563 = CARTESIAN_POINT('',(5.675,6.481,-2.262829055704E-14));
#2564 = DIRECTION('',(-0.707106781187,-0.707106781187,2.468850131082E-15
    ));
#2565 = DIRECTION('',(1.,0.,0.));
#2566 = ORIENTED_EDGE('',*,*,#2137,.F.);
#2567 = PLANE('',#1468);
#2568 = ORIENTED_EDGE('',*,*,#4723,.T.);
#2569 = AXIS2_PLACEMENT_2D('',#2749,#1314);
#2570 = PCURVE('',#530,#1019);
#2571 = EDGE_CURVE('',#3763,#1083,#2986,.T.);
#2572 = TOROIDAL_SURFACE('',#1612,6.866,0.5);
#2573 = PCURVE('',#960,#2758);
#2574 = EDGE_CURVE('',#3456,#165,#2654,.T.);
#2575 = VECTOR('',#1808,1.);
#2576 = CIRCLE('',#1697,0.5);
#2577 = EDGE_CURVE('',#2490,#2561,#383,.T.);
#2578 = DIRECTION('',(1.,0.,0.));
#2579 = DIRECTION('',(1.,0.));
#2580 = VECTOR('',#4436,1.);
#2581 = ( GEOMETRIC_REPRESENTATION_CONTEXT(2) 
PARAMETRIC_REPRESENTATION_CONTEXT() REPRESENTATION_CONTEXT('2D SPACE',''
  ) );
#2582 = FACE_BOUND('',#884,.T.);
#2583 = DIRECTION('',(0.,1.));
#2584 = AXIS2_PLACEMENT_3D('',#2550,#881,#3838);
#2585 = EDGE_LOOP('',(#4711,#5061));
#2586 = CARTESIAN_POINT('',(-3.175,-6.33437999559E-18,19.058));
#2587 = ORIENTED_EDGE('',*,*,#1243,.T.);
#2588 = CARTESIAN_POINT('',(0.,0.,15.08175));
#2589 = DIRECTION('',(1.,0.,0.));
#2590 = CARTESIAN_POINT('',(-3.81,-5.9135));
#2591 = DEFINITIONAL_REPRESENTATION('',(#2906),#1882);
#2592 = EDGE_CURVE('',#2630,#4210,#1208,.T.);
#2593 = FACE_BOUND('',#2126,.T.);
#2594 = CARTESIAN_POINT('',(0.,6.28318530718));
#2595 = LINE('',#1369,#4329);
#2596 = DIRECTION('',(0.,1.,-3.491481338843E-15));
#2597 = CARTESIAN_POINT('',(5.854786308963,6.366508862072E-15));
#2598 = ADVANCED_FACE('',(#13),#1264,.F.);
#2599 = LINE('',#1990,#4578);
#2600 = CARTESIAN_POINT('',(4.999153298269,5.850030985065));
#2601 = CARTESIAN_POINT('',(0.,16.058,-5.606620733914E-14));
#2602 = CARTESIAN_POINT('',(1.85178830233,5.894302388834));
#2603 = DIRECTION('',(0.,1.));
#2604 = AXIS2_PLACEMENT_3D('',#2617,#1361,#585);
#2605 = ORIENTED_EDGE('',*,*,#4433,.T.);
#2606 = EDGE_LOOP('',(#3366,#4203,#2345,#3765,#1721));
#2607 = SURFACE_CURVE('',#2288,(#79,#920),.PCURVE_S1.);
#2608 = LINE('',#4034,#299);
#2609 = ORIENTED_EDGE('',*,*,#3954,.T.);
#2610 = ( GEOMETRIC_REPRESENTATION_CONTEXT(2) 
PARAMETRIC_REPRESENTATION_CONTEXT() REPRESENTATION_CONTEXT('2D SPACE',''
  ) );
#2611 = DIRECTION('',(0.,1.));
#2612 = ( GEOMETRIC_REPRESENTATION_CONTEXT(2) 
PARAMETRIC_REPRESENTATION_CONTEXT() REPRESENTATION_CONTEXT('2D SPACE',''
  ) );
#2613 = CARTESIAN_POINT('',(3.14159265359,0.));
#2614 = CARTESIAN_POINT('',(6.4135,16.058,-5.606620733914E-14));
#2615 = CARTESIAN_POINT('',(1.623241454091,-12.20175340047));
#2616 = DIRECTION('',(-0.,-0.,1.));
#2617 = CARTESIAN_POINT('',(0.,0.,19.558));
#2618 = CARTESIAN_POINT('',(-2.163459753197,6.954960091124,
    6.954960091124));
#2619 = VECTOR('',#2970,1.);
#2620 = CIRCLE('',#3532,5.215);
#2621 = EDGE_CURVE('',#4061,#4193,#707,.T.);
#2622 = DIRECTION('',(1.,0.));
#2623 = LINE('',#4291,#573);
#2624 = DIRECTION('',(1.,0.));
#2625 = VECTOR('',#3123,1.);
#2626 = VECTOR('',#4838,1.);
#2627 = CARTESIAN_POINT('',(0.,-3.81));
#2628 = CARTESIAN_POINT('',(4.712388980385,-21.598));
#2629 = DEFINITIONAL_REPRESENTATION('',(#1646),#3660);
#2630 = VERTEX_POINT('',#2365);
#2631 = CARTESIAN_POINT('',(4.512429840382,-3.044918945428));
#2632 = CARTESIAN_POINT('',(2.95675,-11.03474122527));
#2633 = CARTESIAN_POINT('',(1.905,-9.213056788419));
#2634 = DIRECTION('',(0.,1.,-3.491481338843E-15));
#2635 = CARTESIAN_POINT('',(4.537975330117,-12.3033895662));
#2636 = ADVANCED_FACE('',(#1371),#1169,.T.);
#2637 = DIRECTION('',(0.,-0.,1.));
#2638 = VERTEX_POINT('',#4683);
#2639 = CIRCLE('',#666,6.866);
#2640 = LINE('',#1017,#20);
#2641 = DIRECTION('',(1.,0.,0.));
#2642 = DIRECTION('',(0.,1.,-1.266875999118E-17));
#2643 = ( GEOMETRIC_REPRESENTATION_CONTEXT(2) 
PARAMETRIC_REPRESENTATION_CONTEXT() REPRESENTATION_CONTEXT('2D SPACE',''
  ) );
#2644 = CARTESIAN_POINT('',(3.341551793592,-5.031369402298));
#2645 = LINE('',#370,#2);
#2646 = ORIENTED_EDGE('',*,*,#372,.T.);
#2647 = CARTESIAN_POINT('',(-5.675,19.558,-6.898137908361E-14));
#2648 = ( GEOMETRIC_REPRESENTATION_CONTEXT(2) 
PARAMETRIC_REPRESENTATION_CONTEXT() REPRESENTATION_CONTEXT('2D SPACE',''
  ) );
#2649 = CARTESIAN_POINT('',(4.712388980385,0.214199499108));
#2650 = LINE('',#2661,#3115);
#2651 = DIRECTION('',(1.,0.,0.));
#2652 = DIRECTION('',(0.,1.));
#2653 = PCURVE('',#2998,#4529);
#2654 = SURFACE_CURVE('',#1563,(#1817,#3704),.PCURVE_S1.);
#2655 = AXIS2_PLACEMENT_3D('',#1201,#3200,#3648);
#2656 = CARTESIAN_POINT('',(5.942388504713,-4.935972200968));
#2657 = DIRECTION('',(1.,0.));
#2658 = DIRECTION('',(1.,0.));
#2659 = CARTESIAN_POINT('',(1.356079044674,6.212854826952));
#2660 = AXIS2_PLACEMENT_3D('',#4938,#2922,#601);
#2661 = CARTESIAN_POINT('',(3.14159265359,-0.5));
#2662 = DIRECTION('',(0.,-1.,3.491481338843E-15));
#2663 = ORIENTED_EDGE('',*,*,#4695,.F.);
#2664 = CARTESIAN_POINT('',(0.,0.,19.558));
#2665 = ( GEOMETRIC_REPRESENTATION_CONTEXT(2) 
PARAMETRIC_REPRESENTATION_CONTEXT() REPRESENTATION_CONTEXT('2D SPACE',''
  ) );
#2666 = CARTESIAN_POINT('',(-6.866,7.231,-2.608774405347E-14));
#2667 = AXIS2_PLACEMENT_3D('',#1359,#682,#4886);
#2668 = CARTESIAN_POINT('',(3.14159265359,3.925231146709E-16));
#2669 = ( GEOMETRIC_REPRESENTATION_CONTEXT(2) 
PARAMETRIC_REPRESENTATION_CONTEXT() REPRESENTATION_CONTEXT('2D SPACE',''
  ) );
#2670 = CARTESIAN_POINT('',(0.,0.,6.731));
#2671 = ( GEOMETRIC_REPRESENTATION_CONTEXT(2) 
PARAMETRIC_REPRESENTATION_CONTEXT() REPRESENTATION_CONTEXT('2D SPACE',''
  ) );
#2672 = CARTESIAN_POINT('',(0.,0.));
#2673 = VECTOR('',#2750,1.);
#2674 = CARTESIAN_POINT('',(0.,3.175,3.81));
#2675 = ( BOUNDED_CURVE() B_SPLINE_CURVE(3,(#2978,#529,#4692,#1601),
.UNSPECIFIED.,.F.,.F.) B_SPLINE_CURVE_WITH_KNOTS((4,4),(6.09143699168,
6.474933622683),.PIECEWISE_BEZIER_KNOTS.) CURVE() 
GEOMETRIC_REPRESENTATION_ITEM() RATIONAL_B_SPLINE_CURVE((1.,
0.987781699701,0.987781699701,1.)) REPRESENTATION_ITEM('') );
#2676 = DIRECTION('',(0.,1.));
#2677 = DEFINITIONAL_REPRESENTATION('',(#4720),#3877);
#2678 = CARTESIAN_POINT('',(0.,15.08175,-5.26576486821E-14));
#2679 = PCURVE('',#4609,#1147);
#2680 = EDGE_CURVE('',#4080,#3212,#2029,.T.);
#2681 = LINE('',#4605,#1133);
#2682 = CARTESIAN_POINT('',(1.813518450167,6.105460937145));
#2683 = AXIS2_PLACEMENT_3D('',#328,#4173,#3458);
#2684 = AXIS2_PLACEMENT_3D('',#77,#520,#2992);
#2685 = CARTESIAN_POINT('',(-5.9135,-5.9135));
#2686 = LINE('',#4662,#2972);
#2687 = CARTESIAN_POINT('',(1.350373201681,6.193177364816));
#2688 = DIRECTION('',(1.,0.));
#2689 = VECTOR('',#197,1.);
#2690 = EDGE_LOOP('',(#226,#3308,#4679,#525,#879));
#2691 = DEFINITIONAL_REPRESENTATION('',(#3437),#2475);
#2692 = ADVANCED_FACE('',(#1001,#3625),#16,.F.);
#2693 = DIRECTION('',(1.,0.,0.));
#2694 = CARTESIAN_POINT('',(4.712388980385,0.356999165181));
#2695 = VECTOR('',#443,1.);
#2696 = ( GEOMETRIC_REPRESENTATION_CONTEXT(2) 
PARAMETRIC_REPRESENTATION_CONTEXT() REPRESENTATION_CONTEXT('2D SPACE',''
  ) );
#2697 = CARTESIAN_POINT('',(5.9135,15.558,-5.432046666972E-14));
#2698 = DEFINITIONAL_REPRESENTATION('',(#3098),#92);
#2699 = DIRECTION('',(-0.,-1.,3.504150098834E-15));
#2700 = DEFINITIONAL_REPRESENTATION('',(#2336),#2508);
#2701 = VECTOR('',#5038,1.);
#2702 = LINE('',#3601,#3711);
#2703 = ORIENTED_EDGE('',*,*,#2006,.T.);
#2704 = LINE('',#3376,#2855);
#2705 = ( GEOMETRIC_REPRESENTATION_CONTEXT(2) 
PARAMETRIC_REPRESENTATION_CONTEXT() REPRESENTATION_CONTEXT('2D SPACE',''
  ) );
#2706 = AXIS2_PLACEMENT_3D('',#3708,#3339,#1905);
#2707 = EDGE_CURVE('',#2638,#2630,#2915,.T.);
#2708 = FACE_BOUND('',#1730,.T.);
#2709 = VERTEX_POINT('',#1811);
#2710 = AXIS2_PLACEMENT_3D('',#2601,#3582,#3349);
#2711 = SURFACE_CURVE('',#3210,(#4929,#2355),.PCURVE_S1.);
#2712 = ORIENTED_EDGE('',*,*,#4598,.T.);
#2713 = CARTESIAN_POINT('',(0.,19.058,-6.653431697568E-14));
#2714 = DIRECTION('',(-0.,-1.266875999118E-17,-1.));
#2715 = VERTEX_POINT('',#4601);
#2716 = CARTESIAN_POINT('',(0.,0.,17.058));
#2717 = AXIS2_PLACEMENT_3D('',#1524,#3557,#4691);
#2718 = PCURVE('',#2131,#4319);
#2719 = AXIS2_PLACEMENT_2D('',#556,#1156);
#2720 = DIRECTION('',(1.,0.));
#2721 = EDGE_LOOP('',(#1015,#3789,#665,#2168));
#2722 = CARTESIAN_POINT('',(-3.175,0.));
#2723 = ( GEOMETRIC_REPRESENTATION_CONTEXT(2) 
PARAMETRIC_REPRESENTATION_CONTEXT() REPRESENTATION_CONTEXT('2D SPACE',''
  ) );
#2724 = AXIS2_PLACEMENT_3D('',#3182,#4294,#3936);
#2725 = LINE('',#3347,#4656);
#2726 = DEFINITIONAL_REPRESENTATION('',(#737),#2648);
#2727 = AXIS2_PLACEMENT_3D('',#2362,#183,#1564);
#2728 = FACE_BOUND('',#1253,.T.);
#2729 = DIRECTION('',(0.,1.,-3.491481338843E-15));
#2730 = DIRECTION('',(-1.,0.,0.));
#2731 = LINE('',#143,#164);
#2732 = CARTESIAN_POINT('',(4.712388980385,1.356596827687));
#2733 = CIRCLE('',#4320,3.175);
#2734 = DIRECTION('',(-1.,0.,0.));
#2735 = VECTOR('',#2450,1.);
#2736 = ( GEOMETRIC_REPRESENTATION_CONTEXT(2) 
PARAMETRIC_REPRESENTATION_CONTEXT() REPRESENTATION_CONTEXT('2D SPACE',''
  ) );
#2737 = AXIS2_PLACEMENT_3D('',#2916,#4050,#88);
#2738 = CARTESIAN_POINT('',(3.14159265359,0.));
#2739 = DEFINITIONAL_REPRESENTATION('',(#1316),#2213);
#2740 = LINE('',#49,#2537);
#2741 = DEFINITIONAL_REPRESENTATION('',(#3104),#23);
#2742 = CARTESIAN_POINT('',(0.,-3.81));
#2743 = ORIENTED_EDGE('',*,*,#1434,.F.);
#2744 = ORIENTED_EDGE('',*,*,#5084,.T.);
#2745 = CARTESIAN_POINT('',(0.,19.058,-6.653431697568E-14));
#2746 = CARTESIAN_POINT('',(4.712388980385,-1.499396493759));
#2747 = CARTESIAN_POINT('',(4.458532495185,6.05389712297));
#2748 = ( GEOMETRIC_REPRESENTATION_CONTEXT(2) 
PARAMETRIC_REPRESENTATION_CONTEXT() REPRESENTATION_CONTEXT('2D SPACE',''
  ) );
#2749 = CARTESIAN_POINT('',(0.,-6.4135));
#2750 = DIRECTION('',(0.,1.));
#2751 = PCURVE('',#2567,#4027);
#2752 = CIRCLE('',#2719,5.9135);
#2753 = ( GEOMETRIC_REPRESENTATION_CONTEXT(2) 
PARAMETRIC_REPRESENTATION_CONTEXT() REPRESENTATION_CONTEXT('2D SPACE',''
  ) );
#2754 = LINE('',#739,#3646);
#2755 = FACE_BOUND('',#2881,.T.);
#2756 = PLANE('',#4146);
#2757 = CARTESIAN_POINT('',(6.28318530718,3.14159265359));
#2758 = DEFINITIONAL_REPRESENTATION('',(#2791),#2044);
#2759 = ( GEOMETRIC_REPRESENTATION_CONTEXT(2) 
PARAMETRIC_REPRESENTATION_CONTEXT() REPRESENTATION_CONTEXT('2D SPACE',''
  ) );
#2760 = SURFACE_CURVE('',#864,(#636,#238),.PCURVE_S1.);
#2761 = ( GEOMETRIC_REPRESENTATION_CONTEXT(2) 
PARAMETRIC_REPRESENTATION_CONTEXT() REPRESENTATION_CONTEXT('2D SPACE',''
  ) );
#2762 = CARTESIAN_POINT('',(1.413748478328,-12.28228484281));
#2763 = CARTESIAN_POINT('',(0.,0.,19.058));
#2764 = VERTEX_POINT('',#403);
#2765 = VECTOR('',#3165,1.);
#2766 = LINE('',#1071,#2835);
#2767 = ( LENGTH_UNIT() NAMED_UNIT(*) SI_UNIT(.MILLI.,.METRE.) );
#2768 = CARTESIAN_POINT('',(4.500576986867E-16,19.058,3.675));
#2769 = EDGE_CURVE('',#80,#1822,#1128,.T.);
#2770 = PCURVE('',#4630,#3822);
#2771 = DEFINITIONAL_REPRESENTATION('',(#157),#4972);
#2772 = SURFACE_CURVE('',#3685,(#688,#2427),.PCURVE_S1.);
#2773 = CARTESIAN_POINT('',(4.712388980385,0.428398998217));
#2774 = CARTESIAN_POINT('',(1.773988476082,6.249799145596));
#2775 = DIRECTION('',(1.,0.));
#2776 = CARTESIAN_POINT('',(0.,6.731,6.731));
#2777 = VECTOR('',#2657,1.);
#2778 = CARTESIAN_POINT('',(1.036981776887,-14.64913187838));
#2779 = DIRECTION('',(-1.,0.));
#2780 = VECTOR('',#1843,1.);
#2781 = AXIS2_PLACEMENT_3D('',#1802,#811,#1004);
#2782 = ORIENTED_EDGE('',*,*,#4710,.T.);
#2783 = DIRECTION('',(1.,0.,0.));
#2784 = PCURVE('',#2513,#4215);
#2785 = VERTEX_POINT('',#4569);
#2786 = CARTESIAN_POINT('',(4.489383171583,4.786443764368));
#2787 = CIRCLE('',#3707,3.675);
#2788 = CYLINDRICAL_SURFACE('',#2604,6.4135);
#2789 = CARTESIAN_POINT('',(-3.81,-5.9135));
#2790 = CARTESIAN_POINT('',(3.14159265359,3.14159265359));
#2791 = LINE('',#3180,#1892);
#2792 = DIRECTION('',(0.,-1.266875999118E-17,-1.));
#2793 = LINE('',#2806,#3691);
#2794 = CARTESIAN_POINT('',(-2.197347913122,6.874469864976,
    6.874469864976));
#2795 = DIRECTION('',(1.,-4.275831445897E-31,-1.224646799147E-16));
#2796 = EDGE_CURVE('',#158,#3763,#1448,.T.);
#2797 = PCURVE('',#101,#1493);
#2798 = CARTESIAN_POINT('',(4.690963036815,-2.59441350969));
#2799 = DIRECTION('',(0.,0.,1.));
#2800 = CIRCLE('',#1595,6.4135);
#2801 = VERTEX_POINT('',#2815);
#2802 = CIRCLE('',#765,5.675);
#2803 = VECTOR('',#1028,1.);
#2804 = CARTESIAN_POINT('',(1.702428364292,-2.8736324006));
#2805 = CIRCLE('',#3355,0.5);
#2806 = CARTESIAN_POINT('',(0.,6.28318530718));
#2807 = AXIS2_PLACEMENT_3D('',#2763,#598,#2447);
#2808 = CARTESIAN_POINT('',(5.017649681069,5.311190552673));
#2809 = CARTESIAN_POINT('',(0.,-5.925));
#2810 = DIRECTION('',(0.,1.));
#2811 = CARTESIAN_POINT('',(5.648196942849,-4.586813792751));
#2812 = DIRECTION('',(1.,0.,0.));
#2813 = CARTESIAN_POINT('',(1.781663534941,4.747644198445));
#2814 = PCURVE('',#2394,#1901);
#2815 = CARTESIAN_POINT('',(-3.81,17.058,-6.177001977788E-14));
#2816 = EDGE_CURVE('',#4351,#3962,#5007,.T.);
#2817 = CARTESIAN_POINT('',(0.,15.558,-5.432046666972E-14));
#2818 = CARTESIAN_POINT('',(2.941633513587,-5.031369402298));
#2819 = CARTESIAN_POINT('',(-5.9135,-5.9135));
#2820 = DIRECTION('',(-1.,0.));
#2821 = ORIENTED_EDGE('',*,*,#1090,.T.);
#2822 = ( NAMED_UNIT(*) SI_UNIT($,.STERADIAN.) SOLID_ANGLE_UNIT() );
#2823 = DEFINITIONAL_REPRESENTATION('',(#1438),#2326);
#2824 = DIRECTION('',(0.,1.));
#2825 = DIRECTION('',(0.,1.,-3.491481338843E-15));
#2826 = CARTESIAN_POINT('',(-1.704613578721,7.165791068507,
    7.165791068507));
#2827 = DIRECTION('',(0.,1.));
#2828 = DEFINITIONAL_REPRESENTATION('',(#2196),#770);
#2829 = PCURVE('',#4471,#671);
#2830 = DIRECTION('',(1.,0.,0.));
#2831 = ORIENTED_EDGE('',*,*,#3092,.T.);
#2832 = PCURVE('',#1639,#4977);
#2833 = ADVANCED_FACE('',(#4685),#1568,.F.);
#2834 = DIRECTION('',(1.,0.,0.));
#2835 = VECTOR('',#2479,1.);
#2836 = ( GEOMETRIC_REPRESENTATION_CONTEXT(2) 
PARAMETRIC_REPRESENTATION_CONTEXT() REPRESENTATION_CONTEXT('2D SPACE',''
  ) );
#2837 = PCURVE('',#3448,#4763);
#2838 = DIRECTION('',(-0.,-1.,3.504150098834E-15));
#2839 = CARTESIAN_POINT('',(4.712388980385,-1.213797161614));
#2840 = EDGE_LOOP('',(#546,#2982,#3300,#553));
#2841 = ( GEOMETRIC_REPRESENTATION_CONTEXT(2) 
PARAMETRIC_REPRESENTATION_CONTEXT() REPRESENTATION_CONTEXT('2D SPACE',''
  ) );
#2842 = PCURVE('',#5018,#2517);
#2843 = CARTESIAN_POINT('',(0.,6.481,-2.262829055704E-14));
#2844 = AXIS2_PLACEMENT_3D('',#381,#4810,#29);
#2845 = CARTESIAN_POINT('',(2.280882953685,-4.197387538606));
#2846 = ( BOUNDED_CURVE() B_SPLINE_CURVE(2,(#3964,#667,#458,#1360,
#335,#3965,#2685),.UNSPECIFIED.,.T.,.F.) B_SPLINE_CURVE_WITH_KNOTS((1,2
    ,2,2,2,1),(-2.094395102393,0.,2.094395102393,4.188790204786,
6.28318530718,8.377580409573),.UNSPECIFIED.) CURVE() 
GEOMETRIC_REPRESENTATION_ITEM() RATIONAL_B_SPLINE_CURVE((1.,0.5,1.,0.5,
1.,0.5,1.)) REPRESENTATION_ITEM('') );
#2847 = ( BOUNDED_CURVE() B_SPLINE_CURVE(2,(#456,#3851,#3587,#3568,
#145,#3412,#318),.UNSPECIFIED.,.T.,.F.) B_SPLINE_CURVE_WITH_KNOTS((1,2
    ,2,2,2,1),(-2.094395102393,0.,2.094395102393,4.188790204786,
6.28318530718,8.377580409573),.UNSPECIFIED.) CURVE() 
GEOMETRIC_REPRESENTATION_ITEM() RATIONAL_B_SPLINE_CURVE((1.,0.5,1.,0.5,
1.,0.5,1.)) REPRESENTATION_ITEM('') );
#2848 = LINE('',#3056,#1993);
#2849 = PCURVE('',#2394,#1134);
#2850 = ORIENTED_EDGE('',*,*,#4064,.T.);
#2851 = CARTESIAN_POINT('',(-7.366,15.08175,-3.985434995388E-14));
#2852 = DEFINITIONAL_REPRESENTATION('',(#1537),#3305);
#2853 = DEFINITIONAL_REPRESENTATION('',(#2766),#464);
#2854 = ( GEOMETRIC_REPRESENTATION_CONTEXT(2) 
PARAMETRIC_REPRESENTATION_CONTEXT() REPRESENTATION_CONTEXT('2D SPACE',''
  ) );
#2855 = VECTOR('',#1631,1.);
#2856 = AXIS2_PLACEMENT_2D('',#3739,#2228);
#2857 = VECTOR('',#1658,1.);
#2858 = LINE('',#4604,#4802);
#2859 = EDGE_LOOP('',(#858,#1278));
#2860 = DIRECTION('',(0.,1.,-3.491481338843E-15));
#2861 = PCURVE('',#2363,#291);
#2862 = CIRCLE('',#3844,0.5);
#2863 = CIRCLE('',#4355,2.54);
#2864 = CARTESIAN_POINT('',(0.,-3.5));
#2865 = DEFINITIONAL_REPRESENTATION('',(#2846),#4845);
#2866 = DIRECTION('',(0.,1.,-3.491481338843E-15));
#2867 = CARTESIAN_POINT('',(2.425779230908,-15.81981414094));
#2868 = CARTESIAN_POINT('',(2.54,-6.814564769017E-16,2.747099421027E-33)
  );
#2869 = PCURVE('',#1283,#74);
#2870 = PCURVE('',#373,#3839);
#2871 = CARTESIAN_POINT('',(9.424777960769,-0.5));
#2872 = ORIENTED_EDGE('',*,*,#2571,.T.);
#2873 = EDGE_CURVE('',#2490,#4827,#4431,.T.);
#2874 = AXIS2_PLACEMENT_3D('',#3116,#1701,#2160);
#2875 = VECTOR('',#1989,1.);
#2876 = VERTEX_POINT('',#2674);
#2877 = DIRECTION('',(0.,1.,-3.491481338843E-15));
#2878 = FACE_BOUND('',#59,.T.);
#2879 = VECTOR('',#1562,1.);
#2880 = PCURVE('',#5014,#620);
#2881 = EDGE_LOOP('',(#4659,#1919,#1740,#2562));
#2882 = DIRECTION('',(0.,-1.,3.491481338843E-15));
#2883 = CARTESIAN_POINT('',(-1.917547961755,7.092966898041,
    7.092966898041));
#2884 = LINE('',#2002,#697);
#2885 = LINE('',#4817,#2286);
#2886 = ( BOUNDED_CURVE() B_SPLINE_CURVE(2,(#508,#3003,#457,#896,
#2632,#3344,#3575),.UNSPECIFIED.,.T.,.F.) B_SPLINE_CURVE_WITH_KNOTS((1,2
    ,2,2,2,1),(-2.094395102393,0.,2.094395102393,4.188790204786,
6.28318530718,8.377580409573),.UNSPECIFIED.) CURVE() 
GEOMETRIC_REPRESENTATION_ITEM() RATIONAL_B_SPLINE_CURVE((1.,0.5,1.,0.5,
1.,0.5,1.)) REPRESENTATION_ITEM('') );
#2887 = CARTESIAN_POINT('',(1.511233428025,6.731,6.731));
#2888 = DIRECTION('',(-0.,-1.,3.504150098834E-15));
#2889 = ( GEOMETRIC_REPRESENTATION_CONTEXT(2) 
PARAMETRIC_REPRESENTATION_CONTEXT() REPRESENTATION_CONTEXT('2D SPACE',''
  ) );
#2890 = SURFACE_CURVE('',#854,(#1496,#2837),.PCURVE_S1.);
#2891 = ( GEOMETRIC_REPRESENTATION_CONTEXT(2) 
PARAMETRIC_REPRESENTATION_CONTEXT() REPRESENTATION_CONTEXT('2D SPACE',''
  ) );
#2892 = LINE('',#2316,#1793);
#2893 = ORIENTED_EDGE('',*,*,#1996,.T.);
#2894 = ORIENTED_EDGE('',*,*,#4227,.T.);
#2895 = LINE('',#1113,#4942);
#2896 = CARTESIAN_POINT('',(5.9135,17.058,-5.943962939793E-14));
#2897 = VECTOR('',#3002,1.);
#2898 = VECTOR('',#2775,1.);
#2899 = AXIS2_PLACEMENT_3D('',#4853,#2433,#4911);
#2900 = DIRECTION('',(-1.,0.));
#2901 = ( GEOMETRIC_REPRESENTATION_CONTEXT(2) 
PARAMETRIC_REPRESENTATION_CONTEXT() REPRESENTATION_CONTEXT('2D SPACE',''
  ) );
#2902 = AXIS2_PLACEMENT_3D('',#2279,#989,#2225);
#2903 = AXIS2_PLACEMENT_3D('',#4716,#5025,#4088);
#2904 = CARTESIAN_POINT('',(7.853981633974,0.499798831253));
#2905 = CARTESIAN_POINT('',(-3.175,0.));
#2906 = LINE('',#1300,#4013);
#2907 = CARTESIAN_POINT('',(6.28318530718,3.14159265359));
#2908 = CARTESIAN_POINT('',(4.43139700485,5.894302388834));
#2909 = DEFINITIONAL_REPRESENTATION('',(#3590),#2924);
#2910 = CARTESIAN_POINT('',(1.745209977063,-12.3033895662));
#2911 = CARTESIAN_POINT('',(-5.9135,-5.9135));
#2912 = VECTOR('',#3091,1.);
#2913 = CARTESIAN_POINT('',(-2.54,2.396099600831E-30,6.814564769017E-16)
  );
#2914 = EDGE_CURVE('',#4524,#4089,#638,.T.);
#2915 = SURFACE_CURVE('',#4296,(#3243,#4688),.PCURVE_S1.);
#2916 = CARTESIAN_POINT('',(0.,0.,16.058));
#2917 = AXIS2_PLACEMENT_2D('',#3718,#3094);
#2918 = DIRECTION('',(-1.,0.));
#2919 = VECTOR('',#2287,1.);
#2920 = ORIENTED_EDGE('',*,*,#132,.T.);
#2921 = CARTESIAN_POINT('',(1.277306611511E-15,-16.145));
#2922 = DIRECTION('',(0.,0.,-1.));
#2923 = CIRCLE('',#616,6.4135);
#2924 = ( GEOMETRIC_REPRESENTATION_CONTEXT(2) 
PARAMETRIC_REPRESENTATION_CONTEXT() REPRESENTATION_CONTEXT('2D SPACE',''
  ) );
#2925 = SURFACE_CURVE('',#2314,(#3039,#1199),.PCURVE_S1.);
#2926 = DIRECTION('',(-1.,0.,0.));
#2927 = LINE('',#3755,#2765);
#2928 = VECTOR('',#3325,1.);
#2929 = ( GEOMETRIC_REPRESENTATION_CONTEXT(2) 
PARAMETRIC_REPRESENTATION_CONTEXT() REPRESENTATION_CONTEXT('2D SPACE',''
  ) );
#2930 = CARTESIAN_POINT('',(3.14159265359,3.14159265359));
#2931 = DIRECTION('',(0.,1.,-3.491481338843E-15));
#2932 = CARTESIAN_POINT('',(1.388979850926,-13.94605528951));
#2933 = PCURVE('',#4973,#1098);
#2934 = CIRCLE('',#3980,3.81);
#2935 = FACE_BOUND('',#4888,.T.);
#2936 = CARTESIAN_POINT('',(4.516322480736,-8.3225));
#2937 = CARTESIAN_POINT('',(0.,-8.900541251039E-15,-2.54));
#2938 = AXIS2_PLACEMENT_3D('',#293,#4,#4732);
#2939 = CARTESIAN_POINT('',(-1.555833541311,7.201481097175,
    7.201481097175));
#2940 = ORIENTED_EDGE('',*,*,#1267,.F.);
#2941 = VECTOR('',#1831,1.);
#2942 = FACE_BOUND('',#3162,.T.);
#2943 = LINE('',#2403,#4151);
#2944 = EDGE_LOOP('',(#2566,#4323,#2231,#494));
#2945 = DIRECTION('',(1.,0.,0.));
#2946 = ( GEOMETRIC_REPRESENTATION_CONTEXT(2) 
PARAMETRIC_REPRESENTATION_CONTEXT() REPRESENTATION_CONTEXT('2D SPACE',''
  ) );
#2947 = CARTESIAN_POINT('',(0.,6.28318530718));
#2948 = DIRECTION('',(0.,-1.,-0.));
#2949 = EDGE_CURVE('',#1121,#621,#686,.T.);
#2950 = AXIS2_PLACEMENT_3D('',#5063,#3516,#202);
#2951 = VECTOR('',#2603,1.);
#2952 = DEFINITIONAL_REPRESENTATION('',(#2645),#3512);
#2953 = DIRECTION('',(1.224646799147E-16,1.,0.));
#2954 = AXIS2_PLACEMENT_3D('',#734,#5060,#2140);
#2955 = DIRECTION('',(0.,1.));
#2956 = LINE('',#1945,#3622);
#2957 = CARTESIAN_POINT('',(1.262425846403,5.560249296124));
#2958 = DEFINITIONAL_REPRESENTATION('',(#2124),#4574);
#2959 = DEFINITIONAL_REPRESENTATION('',(#2754),#3556);
#2960 = CARTESIAN_POINT('',(0.,-6.35));
#2961 = PCURVE('',#713,#3078);
#2962 = AXIS2_PLACEMENT_3D('',#3362,#1801,#123);
#2963 = ORIENTED_EDGE('',*,*,#2055,.F.);
#2964 = AXIS2_PLACEMENT_3D('',#4282,#785,#4715);
#2965 = CARTESIAN_POINT('',(7.853981633974,0.571198664289));
#2966 = VECTOR('',#1248,1.);
#2967 = PCURVE('',#4609,#3271);
#2968 = ORIENTED_EDGE('',*,*,#1243,.F.);
#2969 = PCURVE('',#1952,#724);
#2970 = DIRECTION('',(0.,1.));
#2971 = VECTOR('',#4544,1.);
#2972 = VECTOR('',#2263,1.);
#2973 = PCURVE('',#1238,#535);
#2974 = ( GEOMETRIC_REPRESENTATION_CONTEXT(2) 
PARAMETRIC_REPRESENTATION_CONTEXT() REPRESENTATION_CONTEXT('2D SPACE',''
  ) );
#2975 = ( GEOMETRIC_REPRESENTATION_CONTEXT(2) 
PARAMETRIC_REPRESENTATION_CONTEXT() REPRESENTATION_CONTEXT('2D SPACE',''
  ) );
#2976 = CARTESIAN_POINT('',(0.560313041057,-4.693591417415));
#2977 = CARTESIAN_POINT('',(5.715,0.,19.058));
#2978 = CARTESIAN_POINT('',(-1.403778828734,7.231,7.231));
#2979 = ORIENTED_EDGE('',*,*,#3375,.F.);
#2980 = AXIS2_PLACEMENT_3D('',#3261,#4310,#1412);
#2981 = VECTOR('',#4553,1.);
#2982 = ORIENTED_EDGE('',*,*,#3096,.F.);
#2983 = CARTESIAN_POINT('',(3.14159265359,3.14159265359));
#2984 = CARTESIAN_POINT('',(0.,19.558,-6.82800576451E-14));
#2985 = DIRECTION('',(0.,1.,-3.491481338843E-15));
#2986 = SURFACE_CURVE('',#3140,(#429,#167),.PCURVE_S1.);
#2987 = PCURVE('',#2235,#4983);
#2988 = CARTESIAN_POINT('',(-5.9135,-16.15598245055));
#2989 = ADVANCED_FACE('',(#2094),#1282,.T.);
#2990 = DEFINITIONAL_REPRESENTATION('',(#444),#2041);
#2991 = EDGE_CURVE('',#2294,#4210,#3671,.T.);
#2992 = DIRECTION('',(1.,0.,0.));
#2993 = CARTESIAN_POINT('',(5.569186976818,5.291196675815E-15));
#2994 = CARTESIAN_POINT('',(3.14159265359,0.));
#2995 = LINE('',#1260,#357);
#2996 = DIRECTION('',(-0.,-1.266875999118E-17,-1.));
#2997 = DEFINITIONAL_REPRESENTATION('',(#4265),#4166);
#2998 = TOROIDAL_SURFACE('',#847,6.88975,0.47625);
#2999 = LINE('',#2503,#1210);
#3000 = DEFINITIONAL_REPRESENTATION('',(#2399),#3558);
#3001 = CARTESIAN_POINT('',(6.28318530718,-5.08));
#3002 = DIRECTION('',(1.,0.));
#3003 = CARTESIAN_POINT('',(-5.9135,4.328982450559));
#3004 = CARTESIAN_POINT('',(6.140385641107,6.925066121972E-15));
#3005 = CARTESIAN_POINT('',(5.796922049417,-4.787609164375));
#3006 = CARTESIAN_POINT('',(4.712388980385,0.713998330361));
#3007 = LINE('',#4758,#2525);
#3008 = PCURVE('',#713,#193);
#3009 = CARTESIAN_POINT('',(6.28318530718,3.14159265359));
#3010 = DIRECTION('',(0.,1.,-3.491481338843E-15));
#3011 = AXIS2_PLACEMENT_3D('',#2194,#803,#5035);
#3012 = AXIS2_PLACEMENT_3D('',#528,#2375,#578);
#3013 = DIRECTION('',(-0.,-1.266875999118E-17,-1.));
#3014 = DIRECTION('',(-0.,1.));
#3015 = LINE('',#1928,#4697);
#3016 = CARTESIAN_POINT('',(-5.925,6.481,-2.335389378554E-14));
#3017 = CARTESIAN_POINT('',(7.853981633974,1.070997495542));
#3018 = DIRECTION('',(1.,0.));
#3019 = CARTESIAN_POINT('',(5.422475607275,-4.197387538606));
#3020 = CARTESIAN_POINT('',(0.,0.97625));
#3021 = DEFINITIONAL_REPRESENTATION('',(#946),#1473);
#3022 = CARTESIAN_POINT('',(5.9135,7.548110546545E-16,17.058));
#3023 = CARTESIAN_POINT('',(2.95675,-0.792258774721));
#3024 = DIRECTION('',(1.,0.,0.));
#3025 = ( GEOMETRIC_REPRESENTATION_CONTEXT(2) 
PARAMETRIC_REPRESENTATION_CONTEXT() REPRESENTATION_CONTEXT('2D SPACE',''
  ) );
#3026 = DIRECTION('',(-0.,-0.,1.));
#3027 = VECTOR('',#5056,1.);
#3028 = CARTESIAN_POINT('',(4.913048646382,4.718000273132));
#3029 = ORIENTED_EDGE('',*,*,#2621,.F.);
#3030 = CARTESIAN_POINT('',(2.089943074722,6.791804603159,6.791804603159
    ));
#3031 = ( GEOMETRIC_REPRESENTATION_CONTEXT(2) 
PARAMETRIC_REPRESENTATION_CONTEXT() REPRESENTATION_CONTEXT('2D SPACE',''
  ) );
#3032 = PCURVE('',#3918,#857);
#3033 = PCURVE('',#547,#4530);
#3034 = VECTOR('',#1640,1.);
#3035 = ( GEOMETRIC_REPRESENTATION_CONTEXT(2) 
PARAMETRIC_REPRESENTATION_CONTEXT() REPRESENTATION_CONTEXT('2D SPACE',''
  ) );
#3036 = CARTESIAN_POINT('',(0.,-19.558));
#3037 = DIRECTION('',(1.,0.,0.));
#3038 = CARTESIAN_POINT('',(6.28318530718,0.));
#3039 = PCURVE('',#4303,#3387);
#3040 = DIRECTION('',(1.,0.,0.));
#3041 = DEFINITIONAL_REPRESENTATION('',(#4871),#1910);
#3042 = CARTESIAN_POINT('',(-5.9135,-5.9135));
#3043 = CARTESIAN_POINT('',(1.823552431334,4.903685503501));
#3044 = DIRECTION('',(0.,1.));
#3045 = LINE('',#436,#2619);
#3046 = FACE_BOUND('',#933,.T.);
#3047 = DIRECTION('',(1.,0.));
#3048 = CARTESIAN_POINT('',(1.791033525357,6.193842514303));
#3049 = CARTESIAN_POINT('',(11.933397051448,0.97625));
#3050 = CARTESIAN_POINT('',(0.,6.28318530718));
#3051 = DEFINITIONAL_REPRESENTATION('',(#4937),#363);
#3052 = ( GEOMETRIC_REPRESENTATION_CONTEXT(2) 
PARAMETRIC_REPRESENTATION_CONTEXT() REPRESENTATION_CONTEXT('2D SPACE',''
  ) );
#3053 = CARTESIAN_POINT('',(4.993922324328,5.890382865998));
#3054 = LINE('',#2647,#4029);
#3055 = PCURVE('',#4706,#2315);
#3056 = CARTESIAN_POINT('',(6.28318530718,3.14159265359));
#3057 = DIRECTION('',(0.,1.));
#3058 = DEFINITIONAL_REPRESENTATION('',(#3459),#3573);
#3059 = CIRCLE('',#2917,5.925);
#3060 = VERTEX_POINT('',#3299);
#3061 = CARTESIAN_POINT('',(2.08474845487,7.013278878131,7.013278878131)
  );
#3062 = DIRECTION('',(0.,1.));
#3063 = CIRCLE('',#2706,3.175);
#3064 = VECTOR('',#1872,1.);
#3065 = ORIENTED_EDGE('',*,*,#4438,.T.);
#3066 = ORIENTED_EDGE('',*,*,#174,.T.);
#3067 = ORIENTED_EDGE('',*,*,#2012,.F.);
#3068 = AXIS2_PLACEMENT_3D('',#841,#362,#1736);
#3069 = PCURVE('',#3448,#4966);
#3070 = CIRCLE('',#4311,7.366);
#3071 = PCURVE('',#2195,#2909);
#3072 = CARTESIAN_POINT('',(3.675,4.437233186911E-16,19.058));
#3073 = CARTESIAN_POINT('',(-6.88975,0.,15.558));
#3074 = ADVANCED_FACE('',(#3209),#4111,.T.);
#3075 = ORIENTED_EDGE('',*,*,#1267,.T.);
#3076 = DEFINITIONAL_REPRESENTATION('',(#364),#1439);
#3077 = CARTESIAN_POINT('',(9.424777960769,-4.47625));
#3078 = DEFINITIONAL_REPRESENTATION('',(#1074),#2333);
#3079 = EDGE_CURVE('',#4844,#1959,#1080,.T.);
#3080 = SHAPE_REPRESENTATION('',(#834,#1748),#745);
#3081 = CARTESIAN_POINT('',(1.80581864248,4.829449586897));
#3082 = VECTOR('',#2046,1.);
#3083 = CARTESIAN_POINT('',(-3.444875,5.319852572384E-02));
#3084 = CARTESIAN_POINT('',(0.,0.,19.558));
#3085 = VECTOR('',#2208,1.);
#3086 = PRODUCT_DEFINITION_CONTEXT('part definition',#504,'design');
#3087 = VECTOR('',#2284,1.);
#3088 = CARTESIAN_POINT('',(4.712388980385,1.570796326795));
#3089 = AXIS2_PLACEMENT_3D('',#4270,#18,#964);
#3090 = DEFINITIONAL_REPRESENTATION('',(#4795),#1626);
#3091 = DIRECTION('',(0.,1.));
#3092 = EDGE_CURVE('',#2801,#4044,#4859,.T.);
#3093 = LINE('',#4103,#1839);
#3094 = DIRECTION('',(1.,0.));
#3095 = EDGE_LOOP('',(#4074,#3225));
#3096 = EDGE_CURVE('',#1821,#4528,#4505,.T.);
#3097 = PCURVE('',#4846,#3973);
#3098 = LINE('',#5006,#1006);
#3099 = CARTESIAN_POINT('',(4.459632875845,4.903685503501));
#3100 = ORIENTED_EDGE('',*,*,#2402,.T.);
#3101 = DEFINITIONAL_REPRESENTATION('',(#1373),#1528);
#3102 = ( GEOMETRIC_REPRESENTATION_CONTEXT(2) 
PARAMETRIC_REPRESENTATION_CONTEXT() REPRESENTATION_CONTEXT('2D SPACE',''
  ) );
#3103 = ( GEOMETRIC_REPRESENTATION_CONTEXT(2) 
PARAMETRIC_REPRESENTATION_CONTEXT() REPRESENTATION_CONTEXT('2D SPACE',''
  ) );
#3104 = LINE('',#4219,#3813);
#3105 = CARTESIAN_POINT('',(4.712388980385,0.713998330361));
#3106 = DIRECTION('',(0.,-0.,1.));
#3107 = CARTESIAN_POINT('',(4.927106262505,6.212854826949));
#3108 = PCURVE('',#4274,#499);
#3109 = CARTESIAN_POINT('',(0.,0.,6.481));
#3110 = AXIS2_PLACEMENT_3D('',#1419,#2143,#2017);
#3111 = DIRECTION('',(1.,0.));
#3112 = DEFINITIONAL_REPRESENTATION('',(#866),#1936);
#3113 = ORIENTED_EDGE('',*,*,#2461,.T.);
#3114 = DIRECTION('',(-1.,-0.,0.));
#3115 = VECTOR('',#3499,1.);
#3116 = CARTESIAN_POINT('',(0.,15.08175,-5.26576486821E-14));
#3117 = DEFINITIONAL_REPRESENTATION('',(#4550),#1789);
#3118 = ( GEOMETRIC_REPRESENTATION_CONTEXT(2) 
PARAMETRIC_REPRESENTATION_CONTEXT() REPRESENTATION_CONTEXT('2D SPACE',''
  ) );
#3119 = EDGE_CURVE('',#2431,#1525,#1008,.T.);
#3120 = EDGE_CURVE('',#240,#988,#2305,.T.);
#3121 = SURFACE_CURVE('',#3517,(#2933,#53),.PCURVE_S1.);
#3122 = CIRCLE('',#2554,2.54);
#3123 = DIRECTION('',(1.,0.));
#3124 = PCURVE('',#4216,#2629);
#3125 = DEFINITIONAL_REPRESENTATION('',(#4096),#696);
#3126 = LINE('',#3992,#2016);
#3127 = CARTESIAN_POINT('',(1.518351199495,-12.20175340047));
#3128 = CARTESIAN_POINT('',(3.23525913311,-19.026238498));
#3129 = DEFINITIONAL_REPRESENTATION('',(#2553),#2736);
#3130 = CARTESIAN_POINT('',(3.14159265359,0.));
#3131 = DIRECTION('',(0.,-1.));
#3132 = CARTESIAN_POINT('',(0.,4.712388980385));
#3133 = ( GEOMETRIC_REPRESENTATION_CONTEXT(2) 
PARAMETRIC_REPRESENTATION_CONTEXT() REPRESENTATION_CONTEXT('2D SPACE',''
  ) );
#3134 = CARTESIAN_POINT('',(4.923163984896,4.747363155605));
#3135 = CARTESIAN_POINT('',(0.,0.,18.058));
#3136 = PCURVE('',#3918,#828);
#3137 = CARTESIAN_POINT('',(1.403778828759,7.230999999995,7.231));
#3138 = EDGE_LOOP('',(#3145,#3236,#1616,#533));
#3139 = ORIENTED_EDGE('',*,*,#5084,.F.);
#3140 = CIRCLE('',#900,7.366);
#3141 = EDGE_LOOP('',(#3606,#3468));
#3142 = DIRECTION('',(-0.,-1.,3.504150098834E-15));
#3143 = AXIS2_PLACEMENT_3D('',#1715,#469,#3040);
#3144 = LINE('',#4682,#2331);
#3145 = ORIENTED_EDGE('',*,*,#2493,.T.);
#3146 = LINE('',#2301,#4903);
#3147 = ORIENTED_EDGE('',*,*,#4745,.T.);
#3148 = CIRCLE('',#1516,3.675);
#3149 = DIRECTION('',(0.,1.));
#3150 = CARTESIAN_POINT('',(0.,-13.077));
#3151 = AXIS2_PLACEMENT_3D('',#4880,#2548,#2457);
#3152 = EDGE_CURVE('',#3762,#2134,#1886,.T.);
#3153 = ORIENTED_EDGE('',*,*,#4454,.T.);
#3154 = VECTOR('',#4921,1.);
#3155 = DEFINITIONAL_REPRESENTATION('',(#1160),#3781);
#3156 = DIRECTION('',(-1.,0.));
#3157 = CIRCLE('',#4273,0.5);
#3158 = CARTESIAN_POINT('',(4.404336775209,5.569815724941));
#3159 = PCURVE('',#1952,#4264);
#3160 = CARTESIAN_POINT('',(2.95675,-11.03474122527));
#3161 = FACE_BOUND('',#3986,.F.);
#3162 = EDGE_LOOP('',(#2549,#3147,#3139,#928,#1732));
#3163 = TOROIDAL_SURFACE('',#976,6.866,0.5);
#3164 = CARTESIAN_POINT('',(6.28318530718,3.14159265359));
#3165 = DIRECTION('',(1.,0.));
#3166 = VECTOR('',#4700,1.);
#3167 = LINE('',#17,#1849);
#3168 = ADVANCED_FACE('',(#1995),#4583,.T.);
#3169 = CARTESIAN_POINT('',(2.18900275948,6.927401979061,6.927401979061)
  );
#3170 = CARTESIAN_POINT('',(1.841130051252,5.96481480791));
#3171 = CARTESIAN_POINT('',(0.,0.,15.558));
#3172 = VERTEX_POINT('',#1038);
#3173 = CIRCLE('',#2052,5.925);
#3174 = DEFINITIONAL_REPRESENTATION('',(#790),#5079);
#3175 = CARTESIAN_POINT('',(4.44232493216,4.992274468922));
#3176 = PCURVE('',#4440,#341);
#3177 = VECTOR('',#3720,1.);
#3178 = VECTOR('',#3560,1.);
#3179 = CARTESIAN_POINT('',(-10.43,-5.715));
#3180 = CARTESIAN_POINT('',(0.,3.14159265359));
#3181 = DIRECTION('',(0.,1.,-3.491481338843E-15));
#3182 = CARTESIAN_POINT('',(0.,0.,7.231));
#3183 = CARTESIAN_POINT('',(6.4135,0.,19.558));
#3184 = CARTESIAN_POINT('',(-5.9135,-16.15598245055));
#3185 = VECTOR('',#3727,1.);
#3186 = ORIENTED_EDGE('',*,*,#2796,.T.);
#3187 = CARTESIAN_POINT('',(-5.675,11.35,11.35));
#3188 = DIRECTION('',(0.,1.,-3.491481338843E-15));
#3189 = EDGE_CURVE('',#3522,#973,#4533,.T.);
#3190 = CARTESIAN_POINT('',(0.,18.058,-6.304917001683E-14));
#3191 = ( GEOMETRIC_REPRESENTATION_CONTEXT(2) 
PARAMETRIC_REPRESENTATION_CONTEXT() REPRESENTATION_CONTEXT('2D SPACE',''
  ) );
#3192 = DIRECTION('',(0.,-0.,1.));
#3193 = FACE_BOUND('',#3336,.T.);
#3194 = ORIENTED_EDGE('',*,*,#3450,.T.);
#3195 = CARTESIAN_POINT('',(2.95675,-0.792258774721));
#3196 = CARTESIAN_POINT('',(6.998856457127E-16,19.058,5.715));
#3197 = PCURVE('',#1402,#1916);
#3198 = CARTESIAN_POINT('',(1.69304386582,-12.24660214425));
#3199 = CIRCLE('',#3923,6.88975);
#3200 = DIRECTION('',(0.,-1.,-0.));
#3201 = VECTOR('',#3779,1.);
#3202 = CIRCLE('',#2101,6.866);
#3203 = EDGE_LOOP('',(#2327,#2968,#2963,#4127,#2605));
#3204 = DIRECTION('',(0.,-3.504150098834E-15,-1.));
#3205 = CIRCLE('',#3327,3.81);
#3206 = CIRCLE('',#3764,3.675);
#3207 = VERTEX_POINT('',#3196);
#3208 = CARTESIAN_POINT('',(5.215,-5.715));
#3209 = FACE_BOUND('',#4535,.T.);
#3210 = CIRCLE('',#268,0.5);
#3211 = CARTESIAN_POINT('',(0.,19.058,-5.215));
#3212 = VERTEX_POINT('',#216);
#3213 = CARTESIAN_POINT('',(0.,-0.5));
#3214 = PRODUCT_DEFINITION_SHAPE('','',#2309);
#3215 = SURFACE_CURVE('',#832,(#787,#2870),.PCURVE_S1.);
#3216 = VECTOR('',#2688,1.);
#3217 = CARTESIAN_POINT('',(0.,-5.715));
#3218 = VECTOR('',#2285,1.);
#3219 = ORIENTED_EDGE('',*,*,#4745,.F.);
#3220 = CARTESIAN_POINT('',(0.,4.712388980385));
#3221 = SURFACE_CURVE('',#375,(#1216,#3841),.PCURVE_S1.);
#3222 = DIRECTION('',(0.,1.,-3.491481338843E-15));
#3223 = DIRECTION('',(0.,1.));
#3224 = CARTESIAN_POINT('',(0.269723627154,-4.990190912766));
#3225 = ORIENTED_EDGE('',*,*,#1569,.T.);
#3226 = FACE_BOUND('',#597,.T.);
#3227 = CARTESIAN_POINT('',(0.,19.058,-6.654065135567E-14));
#3228 = VECTOR('',#1334,1.);
#3229 = CARTESIAN_POINT('',(1.353982389765,4.766129075));
#3230 = DIRECTION('',(0.,1.));
#3231 = DIRECTION('',(0.,1.,-3.491481338843E-15));
#3232 = DIRECTION('',(0.,-1.,3.491481338843E-15));
#3233 = LINE('',#2551,#2912);
#3234 = DEFINITIONAL_REPRESENTATION('',(#4009),#1254);
#3235 = DEFINITIONAL_REPRESENTATION('',(#1997),#3508);
#3236 = ORIENTED_EDGE('',*,*,#2873,.T.);
#3237 = ( GEOMETRIC_REPRESENTATION_CONTEXT(2) 
PARAMETRIC_REPRESENTATION_CONTEXT() REPRESENTATION_CONTEXT('2D SPACE',''
  ) );
#3238 = DEFINITIONAL_REPRESENTATION('',(#3974),#2167);
#3239 = EDGE_CURVE('',#1277,#468,#1428,.T.);
#3240 = CARTESIAN_POINT('',(3.14159265359,0.));
#3241 = PCURVE('',#3448,#98);
#3242 = AXIS2_PLACEMENT_3D('',#34,#208,#768);
#3243 = PCURVE('',#2363,#904);
#3244 = LINE('',#4809,#3034);
#3245 = LINE('',#1541,#4041);
#3246 = FACE_BOUND('',#2474,.T.);
#3247 = CARTESIAN_POINT('',(0.,7.231,-2.524690156117E-14));
#3248 = LINE('',#1830,#181);
#3249 = LINE('',#1180,#4335);
#3250 = EDGE_CURVE('',#310,#3207,#4271,.T.);
#3251 = FACE_BOUND('',#3663,.T.);
#3252 = FACE_BOUND('',#2721,.T.);
#3253 = EDGE_LOOP('',(#1440,#3067,#3029,#3842,#766));
#3254 = SURFACE_CURVE('',#2863,(#793,#303),.PCURVE_S1.);
#3255 = SURFACE_CURVE('',#2138,(#897,#4765),.PCURVE_S1.);
#3256 = PCURVE('',#1238,#3329);
#3257 = CIRCLE('',#87,5.9135);
#3258 = CARTESIAN_POINT('',(5.57309868029,-4.467914001026));
#3259 = FACE_BOUND('',#2442,.T.);
#3260 = DIRECTION('',(1.,0.,0.));
#3261 = CARTESIAN_POINT('',(0.,15.08175,-6.88975));
#3262 = AXIS2_PLACEMENT_3D('',#4171,#3231,#75);
#3263 = DIRECTION('',(-1.,0.));
#3264 = DIRECTION('',(1.,0.));
#3265 = PCURVE('',#1264,#3174);
#3266 = PCURVE('',#16,#3657);
#3267 = SURFACE_CURVE('',#2015,(#3569,#4136),.PCURVE_S1.);
#3268 = CARTESIAN_POINT('',(5.053185782851,-3.389691468916));
#3269 = AXIS2_PLACEMENT_2D('',#2905,#2376);
#3270 = ORIENTED_EDGE('',*,*,#3119,.F.);
#3271 = DEFINITIONAL_REPRESENTATION('',(#437),#2759);
#3272 = LINE('',#4057,#851);
#3273 = CIRCLE('',#2295,5.715);
#3274 = CARTESIAN_POINT('',(5.567371884498,-15.81981414094));
#3275 = CARTESIAN_POINT('',(0.,-5.925));
#3276 = DEFINITIONAL_REPRESENTATION('',(#4653),#1088);
#3277 = LINE('',#2790,#634);
#3278 = AXIS2_PLACEMENT_3D('',#1663,#1693,#1770);
#3279 = ORIENTED_EDGE('',*,*,#1393,.F.);
#3280 = CARTESIAN_POINT('',(4.712388980385,0.571198664289));
#3281 = CARTESIAN_POINT('',(6.28318530718,-1.570796326795));
#3282 = CIRCLE('',#2254,5.715);
#3283 = VECTOR('',#1377,1.);
#3284 = CARTESIAN_POINT('',(4.426209787674,5.854764081609));
#3285 = ADVANCED_FACE('',(#2708),#1952,.T.);
#3286 = LINE('',#2340,#2361);
#3287 = CARTESIAN_POINT('',(0.,15.558,-5.9135));
#3288 = TOROIDAL_SURFACE('',#2938,6.866,0.5);
#3289 = CARTESIAN_POINT('',(6.26175936361,-5.080008248754));
#3290 = CARTESIAN_POINT('',(0.,0.,16.058));
#3291 = AXIS2_PLACEMENT_3D('',#2008,#4556,#5058);
#3292 = ORIENTED_EDGE('',*,*,#1685,.F.);
#3293 = CARTESIAN_POINT('',(-5.675,6.949870585161E-16,19.558));
#3294 = CIRCLE('',#538,6.88975);
#3295 = CARTESIAN_POINT('',(6.28318530718,0.));
#3296 = EDGE_CURVE('',#2785,#158,#142,.T.);
#3297 = ( GEOMETRIC_REPRESENTATION_CONTEXT(2) 
PARAMETRIC_REPRESENTATION_CONTEXT() REPRESENTATION_CONTEXT('2D SPACE',''
  ) );
#3298 = CARTESIAN_POINT('',(6.28318530718,4.712388980385));
#3299 = CARTESIAN_POINT('',(6.866,6.731,-2.437403122646E-14));
#3300 = ORIENTED_EDGE('',*,*,#2439,.T.);
#3301 = CARTESIAN_POINT('',(0.,0.,6.731));
#3302 = ORIENTED_EDGE('',*,*,#3382,.T.);
#3303 = ORIENTED_EDGE('',*,*,#1779,.T.);
#3304 = CARTESIAN_POINT('',(6.28318530718,3.14159265359));
#3305 = ( GEOMETRIC_REPRESENTATION_CONTEXT(2) 
PARAMETRIC_REPRESENTATION_CONTEXT() REPRESENTATION_CONTEXT('2D SPACE',''
  ) );
#3306 = CARTESIAN_POINT('',(6.083226167177,-5.031369402298));
#3307 = AXIS2_PLACEMENT_2D('',#320,#3264);
#3308 = ORIENTED_EDGE('',*,*,#3773,.T.);
#3309 = CARTESIAN_POINT('',(2.126323403757,6.804282044085,6.804282044085
    ));
#3310 = LINE('',#4190,#2966);
#3311 = SURFACE_CURVE('',#978,(#721,#2278),.PCURVE_S1.);
#3312 = CARTESIAN_POINT('',(0.,-3.));
#3313 = DIRECTION('',(0.,-1.,3.491481338843E-15));
#3314 = CARTESIAN_POINT('',(-3.81,0.685613576837));
#3315 = CARTESIAN_POINT('',(7.853981633974,1.356596827687));
#3316 = CARTESIAN_POINT('',(0.,16.058,-5.606620733914E-14));
#3317 = VERTEX_POINT('',#633);
#3318 = CARTESIAN_POINT('',(-6.4135,16.558,-5.781194800856E-14));
#3319 = PCURVE('',#1356,#3276);
#3320 = CIRCLE('',#4762,3.81);
#3321 = ORIENTED_EDGE('',*,*,#4657,.T.);
#3322 = LINE('',#3441,#2857);
#3323 = DIRECTION('',(-1.,-0.,0.));
#3324 = ( GEOMETRIC_REPRESENTATION_CONTEXT(2) 
PARAMETRIC_REPRESENTATION_CONTEXT() REPRESENTATION_CONTEXT('2D SPACE',''
  ) );
#3325 = DIRECTION('',(1.,0.));
#3326 = ORIENTED_EDGE('',*,*,#4811,.T.);
#3327 = AXIS2_PLACEMENT_3D('',#1713,#3192,#4290);
#3328 = LINE('',#2148,#1212);
#3329 = DEFINITIONAL_REPRESENTATION('',(#950),#4128);
#3330 = SURFACE_CURVE('',#532,(#3420,#2374),.PCURVE_S1.);
#3331 = ( GEOMETRIC_REPRESENTATION_CONTEXT(2) 
PARAMETRIC_REPRESENTATION_CONTEXT() REPRESENTATION_CONTEXT('2D SPACE',''
  ) );
#3332 = AXIS2_PLACEMENT_3D('',#3109,#2037,#537);
#3333 = SURFACE_CURVE('',#2802,(#2814,#2573),.PCURVE_S1.);
#3334 = ORIENTED_EDGE('',*,*,#2769,.T.);
#3335 = CARTESIAN_POINT('',(1.379048011292,6.28318530718));
#3336 = EDGE_LOOP('',(#3998,#2712));
#3337 = VERTEX_POINT('',#2272);
#3338 = CARTESIAN_POINT('',(1.779686492059,6.231978906951));
#3339 = DIRECTION('',(-0.,1.,-3.491481338843E-15));
#3340 = ORIENTED_EDGE('',*,*,#5069,.T.);
#3341 = VERTEX_POINT('',#2236);
#3342 = PCURVE('',#2480,#970);
#3343 = CARTESIAN_POINT('',(1.905,-2.613943211581));
#3344 = CARTESIAN_POINT('',(-5.9135,-16.15598245055));
#3345 = EDGE_CURVE('',#377,#952,#2082,.T.);
#3346 = ( GEOMETRIC_REPRESENTATION_CONTEXT(2) 
PARAMETRIC_REPRESENTATION_CONTEXT() REPRESENTATION_CONTEXT('2D SPACE',''
  ) );
#3347 = CARTESIAN_POINT('',(3.14159265359,3.925231146709E-16));
#3348 = PCURVE('',#2788,#2234);
#3349 = DIRECTION('',(1.,0.,0.));
#3350 = LINE('',#1578,#1593);
#3351 = ADVANCED_FACE('',(#4843),#4570,.T.);
#3352 = AXIS2_PLACEMENT_3D('',#4380,#3013,#4879);
#3353 = ADVANCED_FACE('',(#4933),#319,.T.);
#3354 = ( GEOMETRIC_REPRESENTATION_CONTEXT(2) 
PARAMETRIC_REPRESENTATION_CONTEXT() REPRESENTATION_CONTEXT('2D SPACE',''
  ) );
#3355 = AXIS2_PLACEMENT_3D('',#156,#4341,#144);
#3356 = ( BOUNDED_CURVE() B_SPLINE_CURVE(2,(#945,#1049,#1918,#4613,
#605,#5041,#3208),.UNSPECIFIED.,.T.,.F.) B_SPLINE_CURVE_WITH_KNOTS((1,2
    ,2,2,2,1),(-2.094395102393,0.,2.094395102393,4.188790204786,
6.28318530718,8.377580409573),.UNSPECIFIED.) CURVE() 
GEOMETRIC_REPRESENTATION_ITEM() RATIONAL_B_SPLINE_CURVE((1.,0.5,1.,0.5,
1.,0.5,1.)) REPRESENTATION_ITEM('') );
#3357 = ( GEOMETRIC_REPRESENTATION_CONTEXT(2) 
PARAMETRIC_REPRESENTATION_CONTEXT() REPRESENTATION_CONTEXT('2D SPACE',''
  ) );
#3358 = B_SPLINE_CURVE_WITH_KNOTS('',3,(#4469,#4293,#4610,#179,#1331,
    #2786,#1414,#4496,#3935,#4807,#3099,#399,#642,#3175,#4824,#4054,
    #4411,#1718,#1206,#929,#4332,#4713,#4058,#3158,#1665,#4371,#117,
    #1486,#3284,#2908,#562,#2524,#3950,#3400,#2747,#3803,#3480,#2136,
    #4420,#4179,#706,#890,#4302,#4865,#883,#893,#4870),
  .UNSPECIFIED.,.F.,.F.,(4,1,1,1,1,1,1,1,1,1,1,1,1,1,1,1,1,1,1,1,1,1,1,1
    ,1,1,1,1,1,1,1,1,1,1,1,1,1,1,1,1,1,1,1,1,4),(4.635206998287E-03,
    4.678603071655E-03,4.721999145024E-03,4.765395218392E-03,
    4.80879129176E-03,4.852187365128E-03,4.895583438497E-03,
    4.938979511865E-03,4.982375585233E-03,5.025771658601E-03,
    5.06916773197E-03,5.112563805338E-03,5.155959878706E-03,
    5.199355952074E-03,5.242752025443E-03,5.286148098811E-03,
    5.329544172179E-03,5.372940245547E-03,5.416336318916E-03,
    5.459732392284E-03,5.503128465652E-03,5.54652453902E-03,
    5.589920612388E-03,5.633316685757E-03,5.676712759125E-03,
    5.720108832493E-03,5.763504905861E-03,5.80690097923E-03,
    5.850297052598E-03,5.893693125966E-03,5.937089199334E-03,
    5.980485272703E-03,6.023881346071E-03,6.067277419439E-03,
    6.110673492807E-03,6.154069566176E-03,6.197465639544E-03,
    6.240861712912E-03,6.28425778628E-03,6.327653859649E-03,
    6.371049933017E-03,6.414446006385E-03,6.457842079753E-03,
    6.501238153121E-03,6.54463422649E-03),.QUASI_UNIFORM_KNOTS.);
#3359 = CARTESIAN_POINT('',(1.339014177457,6.150833268573));
#3360 = CARTESIAN_POINT('',(5.009107468278,5.75626016505));
#3361 = PCURVE('',#4570,#459);
#3362 = CARTESIAN_POINT('',(0.,0.,19.558));
#3363 = LINE('',#1498,#4172);
#3364 = ORIENTED_EDGE('',*,*,#4598,.T.);
#3365 = SURFACE_CURVE('',#4147,(#3688,#1566),.PCURVE_S1.);
#3366 = ORIENTED_EDGE('',*,*,#66,.T.);
#3367 = LINE('',#2907,#4687);
#3368 = DEFINITIONAL_REPRESENTATION('',(#2847),#175);
#3369 = DIRECTION('',(0.,-1.));
#3370 = VECTOR('',#290,1.);
#3371 = CIRCLE('',#4693,5.9135);
#3372 = CARTESIAN_POINT('',(2.506604289259,-4.586813792751));
#3373 = DIRECTION('',(0.,-1.266875999118E-17,-1.));
#3374 = VERTEX_POINT('',#4568);
#3375 = EDGE_CURVE('',#1547,#4901,#4486,.T.);
#3376 = CARTESIAN_POINT('',(0.,-3.));
#3377 = DIRECTION('',(1.,0.));
#3378 = CARTESIAN_POINT('',(7.139983303613,4.56720366795E-15));
#3379 = FACE_BOUND('',#1744,.T.);
#3380 = VERTEX_POINT('',#4513);
#3381 = DIRECTION('',(-1.,0.));
#3382 = EDGE_CURVE('',#4962,#5066,#3518,.T.);
#3383 = CARTESIAN_POINT('',(5.722872266123,-4.693591417415));
#3384 = DIRECTION('',(0.,-3.491481338843E-15,-1.));
#3385 = ORIENTED_EDGE('',*,*,#2463,.T.);
#3386 = DIRECTION('',(-1.224646799147E-16,-8.999357589578E-63,-1.));
#3387 = DEFINITIONAL_REPRESENTATION('',(#3015),#2501);
#3388 = ( GEOMETRIC_REPRESENTATION_CONTEXT(2) 
PARAMETRIC_REPRESENTATION_CONTEXT() REPRESENTATION_CONTEXT('2D SPACE',''
  ) );
#3389 = EDGE_CURVE('',#5067,#1306,#4286,.T.);
#3390 = PCURVE('',#4973,#764);
#3391 = CARTESIAN_POINT('',(-13.7795,-5.9135));
#3392 = ORIENTED_EDGE('',*,*,#4346,.T.);
#3393 = SURFACE_CURVE('',#1635,(#3961,#2060),.PCURVE_S1.);
#3394 = EDGE_CURVE('',#621,#1121,#1151,.T.);
#3395 = PCURVE('',#2235,#1705);
#3396 = PCURVE('',#1952,#4690);
#3397 = DIRECTION('',(0.,-3.504150098834E-15,-1.));
#3398 = ORIENTED_EDGE('',*,*,#1488,.F.);
#3399 = DIRECTION('',(-0.,-1.266875999118E-17,-1.));
#3400 = CARTESIAN_POINT('',(4.45299488779,6.025994288926));
#3401 = CARTESIAN_POINT('',(4.712388980385,-1.142397328578));
#3402 = VECTOR('',#2827,1.);
#3403 = CARTESIAN_POINT('',(3.14159265359,0.));
#3404 = CARTESIAN_POINT('',(-2.093730737613,6.793057429494,
    6.793057429494));
#3405 = VECTOR('',#4872,1.);
#3406 = CARTESIAN_POINT('',(0.,6.731,-2.350116089175E-14));
#3407 = DIRECTION('',(-1.,0.));
#3408 = CARTESIAN_POINT('',(2.706035467555,-17.15700177412));
#3409 = EDGE_LOOP('',(#2268,#1329));
#3410 = CARTESIAN_POINT('',(5.272702021442,-3.891131897376));
#3411 = SURFACE_CURVE('',#239,(#1263,#5085),.PCURVE_S1.);
#3412 = CARTESIAN_POINT('',(-11.93339705144,0.97625));
#3413 = AXIS2_PLACEMENT_2D('',#4037,#614);
#3414 = ORIENTED_EDGE('',*,*,#5,.F.);
#3415 = EDGE_LOOP('',(#1246,#256));
#3416 = VECTOR('',#1082,1.);
#3417 = CARTESIAN_POINT('',(3.14159265359,3.14159265359));
#3418 = CARTESIAN_POINT('',(2.205784691125,-4.048056991672));
#3419 = LINE('',#4875,#1085);
#3420 = PCURVE('',#4674,#3155);
#3421 = PCURVE('',#4570,#693);
#3422 = ADVANCED_FACE('',(#2232),#3918,.T.);
#3423 = ( GEOMETRIC_REPRESENTATION_CONTEXT(2) 
PARAMETRIC_REPRESENTATION_CONTEXT() REPRESENTATION_CONTEXT('2D SPACE',''
  ) );
#3424 = CARTESIAN_POINT('',(3.85167928048,-4.467914001026));
#3425 = ORIENTED_EDGE('',*,*,#4468,.F.);
#3426 = CARTESIAN_POINT('',(4.712388980385,1.54699638245));
#3427 = FACE_BOUND('',#2033,.F.);
#3428 = COLOUR_RGB('',0.120000001395,0.120000001395,0.139999997847);
#3429 = PCURVE('',#547,#5046);
#3430 = CARTESIAN_POINT('',(0.,4.712388980385));
#3431 = CARTESIAN_POINT('',(3.14159265359,0.));
#3432 = PCURVE('',#713,#1895);
#3433 = CARTESIAN_POINT('',(0.,-3.81));
#3434 = LINE('',#3220,#1904);
#3435 = CARTESIAN_POINT('',(0.,-2.54,-3.175));
#3436 = ORIENTED_EDGE('',*,*,#97,.F.);
#3437 = B_SPLINE_CURVE_WITH_KNOTS('',3,(#3744,#4363,#618,#5003,#1511,
    #3107,#1723,#301,#3938,#606,#1659,#2258,#3990,#2518,#2132,#68,
    #4504,#3053,#2600,#1469,#3360,#3603,#1724,#4928,#701,#96,#2808,
    #4830,#1039,#1742,#7,#1069,#307,#4118,#4749,#4567,#1045,#2036,
    #3484,#2437,#848,#1189,#4201,#3134,#4815,#3028,#4761),
  .UNSPECIFIED.,.F.,.F.,(4,1,1,1,1,1,1,1,1,1,1,1,1,1,1,1,1,1,1,1,1,1,1,1
    ,1,1,1,1,1,1,1,1,1,1,1,1,1,1,1,1,1,1,1,1,4),(1.066041533707E-06,
    4.418101093571E-05,8.729598033772E-05,1.304109497397E-04,
    1.735259191417E-04,2.166408885437E-04,2.597558579457E-04,
    3.028708273477E-04,3.459857967497E-04,3.891007661517E-04,
    4.322157355538E-04,4.753307049558E-04,5.184456743578E-04,
    5.615606437598E-04,6.046756131618E-04,6.477905825638E-04,
    6.909055519658E-04,7.340205213678E-04,7.771354907698E-04,
    8.202504601718E-04,8.633654295738E-04,9.064803989758E-04,
    9.495953683778E-04,9.927103377798E-04,1.035825307182E-03,
    1.078940276584E-03,1.122055245986E-03,1.165170215388E-03,
    1.20828518479E-03,1.251400154192E-03,1.294515123594E-03,
    1.337630092996E-03,1.380745062398E-03,1.4238600318E-03,
    1.466975001202E-03,1.510089970604E-03,1.553204940006E-03,
    1.596319909408E-03,1.63943487881E-03,1.682549848212E-03,
    1.725664817614E-03,1.768779787016E-03,1.811894756418E-03,
    1.85500972582E-03,1.898124695222E-03),.QUASI_UNIFORM_KNOTS.);
#3438 = PCURVE('',#2131,#2990);
#3439 = DEFINITIONAL_REPRESENTATION('',(#911),#1668);
#3440 = DEFINITIONAL_REPRESENTATION('',(#4448),#3324);
#3441 = CARTESIAN_POINT('',(-6.4135,0.,16.558));
#3442 = AXIS2_PLACEMENT_3D('',#845,#2953,#4855);
#3443 = VECTOR('',#2436,1.);
#3444 = CIRCLE('',#1700,5.9135);
#3445 = DIRECTION('',(1.,0.));
#3446 = ADVANCED_FACE('',(#374,#2441),#2567,.F.);
#3447 = DEFINITIONAL_REPRESENTATION('',(#133),#596);
#3448 = CONICAL_SURFACE('',#2541,6.4135,0.785398163397);
#3449 = AXIS2_PLACEMENT_3D('',#4625,#4885,#2350);
#3450 = EDGE_CURVE('',#3762,#2186,#385,.T.);
#3451 = DEFINITIONAL_REPRESENTATION('',(#4284),#2088);
#3452 = DIRECTION('',(0.,1.));
#3453 = LINE('',#4615,#4195);
#3454 = CARTESIAN_POINT('',(0.,-1.5));
#3455 = AXIS2_PLACEMENT_2D('',#3893,#1416);
#3456 = VERTEX_POINT('',#344);
#3457 = DIRECTION('',(-1.,0.));
#3458 = DIRECTION('',(-1.,0.,0.));
#3459 = LINE('',#3454,#4112);
#3460 = DIRECTION('',(0.,-3.491481338843E-15,-1.));
#3461 = CIRCLE('',#4718,6.4135);
#3462 = DIRECTION('',(1.,0.,0.));
#3463 = CARTESIAN_POINT('',(0.,-12.656));
#3464 = PCURVE('',#4225,#94);
#3465 = ORIENTED_EDGE('',*,*,#2461,.F.);
#3466 = AXIS2_PLACEMENT_3D('',#9,#3732,#4404);
#3467 = DEFINITIONAL_REPRESENTATION('',(#163),#4577);
#3468 = ORIENTED_EDGE('',*,*,#4464,.T.);
#3469 = VECTOR('',#3692,1.);
#3470 = DEFINITIONAL_REPRESENTATION('',(#4643),#1354);
#3471 = VECTOR('',#3230,1.);
#3472 = DIRECTION('',(0.,-0.,1.));
#3473 = ADVANCED_FACE('',(#3800),#713,.F.);
#3474 = CARTESIAN_POINT('',(1.835687733868,5.996406348109));
#3475 = EDGE_CURVE('',#4545,#2431,#2434,.T.);
#3476 = LINE('',#2455,#4727);
#3477 = CARTESIAN_POINT('',(0.,-0.5));
#3478 = CARTESIAN_POINT('',(6.28318530718,3.925231146709E-16));
#3479 = DEFINITIONAL_REPRESENTATION('',(#4338),#767);
#3480 = CARTESIAN_POINT('',(4.469666857013,6.105460937145));
#3481 = VERTEX_POINT('',#2896);
#3482 = ORIENTED_EDGE('',*,*,#4677,.T.);
#3483 = DEFINITIONAL_REPRESENTATION('',(#1981),#1653);
#3484 = CARTESIAN_POINT('',(4.953083183985,4.851651236485));
#3485 = DIRECTION('',(1.,0.));
#3486 = VECTOR('',#1708,1.);
#3487 = DEFINITIONAL_REPRESENTATION('',(#2731),#3331);
#3488 = CIRCLE('',#3564,3.175);
#3489 = LINE('',#2544,#4048);
#3490 = CIRCLE('',#655,7.366);
#3491 = CARTESIAN_POINT('',(2.95675,-11.03474122527));
#3492 = DEFINITIONAL_REPRESENTATION('',(#4858),#4786);
#3493 = ( GEOMETRIC_REPRESENTATION_CONTEXT(2) 
PARAMETRIC_REPRESENTATION_CONTEXT() REPRESENTATION_CONTEXT('2D SPACE',''
  ) );
#3494 = ORIENTED_EDGE('',*,*,#3092,.F.);
#3495 = ORIENTED_EDGE('',*,*,#3096,.T.);
#3496 = CIRCLE('',#2844,0.25);
#3497 = CARTESIAN_POINT('',(0.,6.481,-2.262829055704E-14));
#3498 = CONICAL_SURFACE('',#649,6.4135,0.785398163397);
#3499 = DIRECTION('',(-1.,0.));
#3500 = LINE('',#3530,#3703);
#3501 = CARTESIAN_POINT('',(0.,-1.5));
#3502 = CARTESIAN_POINT('',(5.9135,0.,15.558));
#3503 = CARTESIAN_POINT('',(1.361800743139,6.231635802454));
#3504 = CYLINDRICAL_SURFACE('',#702,3.81);
#3505 = ORIENTED_EDGE('',*,*,#2493,.F.);
#3506 = PCURVE('',#2363,#1164);
#3507 = EDGE_CURVE('',#240,#2764,#892,.T.);
#3508 = ( GEOMETRIC_REPRESENTATION_CONTEXT(2) 
PARAMETRIC_REPRESENTATION_CONTEXT() REPRESENTATION_CONTEXT('2D SPACE',''
  ) );
#3509 = DEFINITIONAL_REPRESENTATION('',(#3618),#1272);
#3510 = DIRECTION('',(1.,0.));
#3511 = DIRECTION('',(-0.,-1.,3.504150098834E-15));
#3512 = ( GEOMETRIC_REPRESENTATION_CONTEXT(2) 
PARAMETRIC_REPRESENTATION_CONTEXT() REPRESENTATION_CONTEXT('2D SPACE',''
  ) );
#3513 = ( GEOMETRIC_REPRESENTATION_CONTEXT(2) 
PARAMETRIC_REPRESENTATION_CONTEXT() REPRESENTATION_CONTEXT('2D SPACE',''
  ) );
#3514 = ORIENTED_EDGE('',*,*,#2592,.T.);
#3515 = DIRECTION('',(1.,0.,0.));
#3516 = DIRECTION('',(0.,-0.,1.));
#3517 = CIRCLE('',#4850,0.47625);
#3518 = SURFACE_CURVE('',#3791,(#3917,#1977),.PCURVE_S1.);
#3519 = VERTEX_POINT('',#3991);
#3520 = VECTOR('',#4060,1.);
#3521 = AXIS2_PLACEMENT_2D('',#781,#126);
#3522 = VERTEX_POINT('',#4705);
#3523 = CARTESIAN_POINT('',(1.277306611511E-15,-16.145));
#3524 = DIRECTION('',(0.,1.,-3.491481338843E-15));
#3525 = SHAPE_DEFINITION_REPRESENTATION(#3214,#1504);
#3526 = ( GEOMETRIC_REPRESENTATION_CONTEXT(2) 
PARAMETRIC_REPRESENTATION_CONTEXT() REPRESENTATION_CONTEXT('2D SPACE',''
  ) );
#3527 = ORIENTED_EDGE('',*,*,#4322,.T.);
#3528 = ORIENTED_EDGE('',*,*,#1325,.F.);
#3529 = ( GEOMETRIC_REPRESENTATION_CONTEXT(2) 
PARAMETRIC_REPRESENTATION_CONTEXT() REPRESENTATION_CONTEXT('2D SPACE',''
  ) );
#3530 = CARTESIAN_POINT('',(3.14159265359,0.));
#3531 = CIRCLE('',#1215,5.715);
#3532 = AXIS2_PLACEMENT_3D('',#3084,#2637,#2730);
#3533 = ( BOUNDED_CURVE() B_SPLINE_CURVE(2,(#3477,#3774,#1312,#2921,
#3639,#2300,#3213),.UNSPECIFIED.,.T.,.F.) B_SPLINE_CURVE_WITH_KNOTS((1,2
    ,2,2,2,1),(-2.094395102393,0.,2.094395102393,4.188790204786,
6.28318530718,8.377580409573),.UNSPECIFIED.) CURVE() 
GEOMETRIC_REPRESENTATION_ITEM() RATIONAL_B_SPLINE_CURVE((1.,0.5,1.,0.5,
1.,0.5,1.)) REPRESENTATION_ITEM('') );
#3534 = FACE_BOUND('',#2299,.T.);
#3535 = CARTESIAN_POINT('',(0.,3.14159265359));
#3536 = EDGE_CURVE('',#165,#3762,#419,.T.);
#3537 = VECTOR('',#3044,1.);
#3538 = DIRECTION('',(-1.,0.,0.));
#3539 = LINE('',#1407,#14);
#3540 = CARTESIAN_POINT('',(0.,-1.5));
#3541 = FACE_BOUND('',#4261,.F.);
#3542 = ( GEOMETRIC_REPRESENTATION_CONTEXT(2) 
PARAMETRIC_REPRESENTATION_CONTEXT() REPRESENTATION_CONTEXT('2D SPACE',''
  ) );
#3543 = FACE_BOUND('',#4408,.T.);
#3544 = ORIENTED_EDGE('',*,*,#2456,.T.);
#3545 = VERTEX_POINT('',#245);
#3546 = EDGE_LOOP('',(#3528,#4334,#1841,#779));
#3547 = ORIENTED_EDGE('',*,*,#3296,.T.);
#3548 = AXIS2_PLACEMENT_3D('',#1582,#677,#2366);
#3549 = CARTESIAN_POINT('',(5.9135,0.,19.558));
#3550 = ( GEOMETRIC_REPRESENTATION_CONTEXT(2) 
PARAMETRIC_REPRESENTATION_CONTEXT() REPRESENTATION_CONTEXT('2D SPACE',''
  ) );
#3551 = CARTESIAN_POINT('',(0.,19.558,-6.82800576451E-14));
#3552 = DEFINITIONAL_REPRESENTATION('',(#1925),#755);
#3553 = LINE('',#4647,#73);
#3554 = DIRECTION('',(0.,1.,-3.491481338843E-15));
#3555 = DEFINITIONAL_REPRESENTATION('',(#4211),#4407);
#3556 = ( GEOMETRIC_REPRESENTATION_CONTEXT(2) 
PARAMETRIC_REPRESENTATION_CONTEXT() REPRESENTATION_CONTEXT('2D SPACE',''
  ) );
#3557 = DIRECTION('',(0.,-1.,3.491481338843E-15));
#3558 = ( GEOMETRIC_REPRESENTATION_CONTEXT(2) 
PARAMETRIC_REPRESENTATION_CONTEXT() REPRESENTATION_CONTEXT('2D SPACE',''
  ) );
#3559 = DIRECTION('',(-0.,-1.,3.504150098834E-15));
#3560 = DIRECTION('',(-1.,0.));
#3561 = ADVANCED_FACE('',(#3427),#2513,.F.);
#3562 = CARTESIAN_POINT('',(0.,0.,19.558));
#3563 = VECTOR('',#3131,1.);
#3564 = AXIS2_PLACEMENT_3D('',#1775,#4289,#2527);
#3565 = LINE('',#4479,#1047);
#3566 = CARTESIAN_POINT('',(4.712388980385,0.571198664289));
#3567 = DEFINITIONAL_REPRESENTATION('',(#4964),#462);
#3568 = CARTESIAN_POINT('',(1.687502056885E-15,-19.693));
#3569 = PCURVE('',#2756,#3747);
#3570 = PCURVE('',#4973,#1081);
#3571 = VECTOR('',#4183,1.);
#3572 = VECTOR('',#69,1.);
#3573 = ( GEOMETRIC_REPRESENTATION_CONTEXT(2) 
PARAMETRIC_REPRESENTATION_CONTEXT() REPRESENTATION_CONTEXT('2D SPACE',''
  ) );
#3574 = AXIS2_PLACEMENT_3D('',#3944,#4961,#2483);
#3575 = CARTESIAN_POINT('',(-5.9135,-5.9135));
#3576 = CIRCLE('',#2242,3.675);
#3577 = CARTESIAN_POINT('',(0.,0.,6.481));
#3578 = CARTESIAN_POINT('',(0.,-2.54,9.148316858947E-15));
#3579 = CARTESIAN_POINT('',(-3.81,4.665904304751E-16,17.058));
#3580 = VECTOR('',#4603,1.);
#3581 = DIRECTION('',(-1.,0.,0.));
#3582 = DIRECTION('',(0.,1.,-3.491481338843E-15));
#3583 = VERTEX_POINT('',#265);
#3584 = ORIENTED_EDGE('',*,*,#4248,.F.);
#3585 = ORIENTED_EDGE('',*,*,#3928,.T.);
#3586 = CARTESIAN_POINT('',(4.904137295888,-12.327));
#3587 = CARTESIAN_POINT('',(5.966698525724,-9.358375));
#3588 = CARTESIAN_POINT('',(11.827,-5.9135));
#3589 = CIRCLE('',#4517,6.866);
#3590 = LINE('',#3130,#1509);
#3591 = SURFACE_CURVE('',#3845,(#725,#3033),.PCURVE_S1.);
#3592 = VECTOR('',#4429,1.);
#3593 = LINE('',#314,#1355);
#3594 = ( GEOMETRIC_REPRESENTATION_CONTEXT(2) 
PARAMETRIC_REPRESENTATION_CONTEXT() REPRESENTATION_CONTEXT('2D SPACE',''
  ) );
#3595 = VECTOR('',#955,1.);
#3596 = DEFINITIONAL_REPRESENTATION('',(#1867),#1165);
#3597 = DIRECTION('',(1.,0.,0.));
#3598 = LINE('',#4823,#1672);
#3599 = EDGE_LOOP('',(#1897,#5042));
#3600 = LINE('',#3293,#4402);
#3601 = CARTESIAN_POINT('',(5.715,19.558,-6.828639202509E-14));
#3602 = EDGE_CURVE('',#973,#2876,#608,.T.);
#3603 = CARTESIAN_POINT('',(5.013690841647,5.70035908266));
#3604 = SURFACE_CURVE('',#4399,(#2241,#2869),.PCURVE_S1.);
#3605 = CARTESIAN_POINT('',(3.009960616093,-5.059944208954));
#3606 = ORIENTED_EDGE('',*,*,#60,.T.);
#3607 = CARTESIAN_POINT('',(0.,19.558,-6.828639202509E-14));
#3608 = ADVANCED_FACE('',(#3609,#3193),#1515,.F.);
#3609 = FACE_BOUND('',#4396,.T.);
#3610 = ( BOUNDED_CURVE() B_SPLINE_CURVE(3,(#5068,#3187,#1397,#2093),
.UNSPECIFIED.,.F.,.F.) B_SPLINE_CURVE_WITH_KNOTS((4,4),(4.712388980385,
7.853981633974),.PIECEWISE_BEZIER_KNOTS.) CURVE() 
GEOMETRIC_REPRESENTATION_ITEM() RATIONAL_B_SPLINE_CURVE((1.,
0.333333333333,0.333333333333,1.)) REPRESENTATION_ITEM('') );
#3611 = SURFACE_CURVE('',#3953,(#3108,#2414),.PCURVE_S1.);
#3612 = DIRECTION('',(0.,1.,-3.491481338843E-15));
#3613 = EDGE_LOOP('',(#355,#1275,#4343,#838));
#3614 = VECTOR('',#1357,1.);
#3615 = LINE('',#646,#1380);
#3616 = LINE('',#298,#2417);
#3617 = CARTESIAN_POINT('',(1.807924131172,6.129271234235));
#3618 = LINE('',#2312,#368);
#3619 = CARTESIAN_POINT('',(4.712388980385,0.642598497325));
#3620 = EDGE_CURVE('',#4210,#4844,#4986,.T.);
#3621 = CARTESIAN_POINT('',(0.,-3.5));
#3622 = VECTOR('',#789,1.);
#3623 = ADVANCED_FACE('',(#4251),#1238,.F.);
#3624 = CARTESIAN_POINT('',(6.28318530718,-21.598));
#3625 = FACE_BOUND('',#3095,.T.);
#3626 = VECTOR('',#1183,1.);
#3627 = CARTESIAN_POINT('',(2.131109367852,-3.891131897376));
#3628 = EDGE_CURVE('',#1105,#2715,#1168,.T.);
#3629 = ADVANCED_FACE('',(#3995),#3288,.T.);
#3630 = CARTESIAN_POINT('',(3.14159265359,-4.47625));
#3631 = LINE('',#5036,#3572);
#3632 = VECTOR('',#3670,1.);
#3633 = CARTESIAN_POINT('',(6.4135,7.854272246332E-16,16.558));
#3634 = ORIENTED_EDGE('',*,*,#2914,.T.);
#3635 = DIRECTION('',(0.,1.));
#3636 = CARTESIAN_POINT('',(4.520640664885,-12.327));
#3637 = CARTESIAN_POINT('',(1.687502056885E-15,-19.693));
#3638 = EDGE_CURVE('',#4489,#1850,#3896,.T.);
#3639 = CARTESIAN_POINT('',(-4.516322480736,-8.3225));
#3640 = LINE('',#3501,#2004);
#3641 = CIRCLE('',#711,5.9135);
#3642 = CARTESIAN_POINT('',(1.911593129261,-3.389691468916));
#3643 = LINE('',#1288,#1491);
#3644 = DIRECTION('',(0.,1.));
#3645 = EDGE_CURVE('',#4844,#2638,#1636,.T.);
#3646 = VECTOR('',#2658,1.);
#3647 = DIRECTION('',(0.,-1.,3.491481338843E-15));
#3648 = DIRECTION('',(0.,0.,-1.));
#3649 = LINE('',#1453,#4130);
#3650 = DEFINITIONAL_REPRESENTATION('',(#2681),#850);
#3651 = CARTESIAN_POINT('',(3.163018597159,-5.080008248754));
#3652 = ADVANCED_FACE('',(#2555),#1283,.T.);
#3653 = DEFINITIONAL_REPRESENTATION('',(#2740),#3908);
#3654 = ORIENTED_EDGE('',*,*,#4723,.F.);
#3655 = DEFINITIONAL_REPRESENTATION('',(#3248),#2343);
#3656 = CARTESIAN_POINT('',(0.,2.54,2.54));
#3657 = DEFINITIONAL_REPRESENTATION('',(#3461),#4484);
#3658 = CARTESIAN_POINT('',(7.853981633974,1.213797161614));
#3659 = VECTOR('',#1287,1.);
#3660 = ( GEOMETRIC_REPRESENTATION_CONTEXT(2) 
PARAMETRIC_REPRESENTATION_CONTEXT() REPRESENTATION_CONTEXT('2D SPACE',''
  ) );
#3661 = VECTOR('',#959,1.);
#3662 = DIRECTION('',(0.,-0.,1.));
#3663 = EDGE_LOOP('',(#1746,#4247,#4907,#3398,#2040,#916));
#3664 = ( GEOMETRIC_REPRESENTATION_CONTEXT(2) 
PARAMETRIC_REPRESENTATION_CONTEXT() REPRESENTATION_CONTEXT('2D SPACE',''
  ) );
#3665 = CARTESIAN_POINT('',(0.,18.058,-6.304917001683E-14));
#3666 = VECTOR('',#273,1.);
#3667 = AXIS2_PLACEMENT_3D('',#1858,#4521,#405);
#3668 = DIRECTION('',(0.,1.,-3.491481338843E-15));
#3669 = VECTOR('',#4636,1.);
#3670 = DIRECTION('',(0.,1.));
#3671 = SURFACE_CURVE('',#3631,(#3265,#2360),.PCURVE_S1.);
#3672 = CARTESIAN_POINT('',(1.336025308481,4.828492666002));
#3673 = DIRECTION('',(1.,0.,0.));
#3674 = CARTESIAN_POINT('',(5.870153925436,-4.868460941473));
#3675 = ADVANCED_FACE('',(#3541),#2363,.F.);
#3676 = VECTOR('',#3861,1.);
#3677 = ADVANCED_FACE('',(#2276,#4925),#4440,.F.);
#3678 = CARTESIAN_POINT('',(3.888253587293E-16,-2.54,3.175));
#3679 = DIRECTION('',(1.,0.));
#3680 = VECTOR('',#2996,1.);
#3681 = LINE('',#1983,#683);
#3682 = ( GEOMETRIC_REPRESENTATION_CONTEXT(2) 
PARAMETRIC_REPRESENTATION_CONTEXT() REPRESENTATION_CONTEXT('2D SPACE',''
  ) );
#3683 = DIRECTION('',(0.,-1.266875999118E-17,-1.));
#3684 = CARTESIAN_POINT('',(3.14159265359,0.));
#3685 = CIRCLE('',#300,5.925);
#3686 = ORIENTED_EDGE('',*,*,#4771,.F.);
#3687 = ( GEOMETRIC_REPRESENTATION_CONTEXT(2) 
PARAMETRIC_REPRESENTATION_CONTEXT() REPRESENTATION_CONTEXT('2D SPACE',''
  ) );
#3688 = PCURVE('',#4973,#1014);
#3689 = DIRECTION('',(-1.,0.));
#3690 = CARTESIAN_POINT('',(2.95675,-0.792258774721));
#3691 = VECTOR('',#3485,1.);
#3692 = DIRECTION('',(0.,1.));
#3693 = ( GEOMETRIC_REPRESENTATION_CONTEXT(2) 
PARAMETRIC_REPRESENTATION_CONTEXT() REPRESENTATION_CONTEXT('2D SPACE',''
  ) );
#3694 = CARTESIAN_POINT('',(0.,3.81,-1.310303626865E-14));
#3695 = AXIS2_PLACEMENT_3D('',#1767,#3706,#2182);
#3696 = ORIENTED_EDGE('',*,*,#4438,.F.);
#3697 = SURFACE_CURVE('',#2943,(#33,#1972),.PCURVE_S1.);
#3698 = PCURVE('',#723,#2240);
#3699 = DEFINITIONAL_REPRESENTATION('',(#1633),#3035);
#3700 = ORIENTED_EDGE('',*,*,#2592,.F.);
#3701 = ( GEOMETRIC_REPRESENTATION_CONTEXT(2) 
PARAMETRIC_REPRESENTATION_CONTEXT() REPRESENTATION_CONTEXT('2D SPACE',''
  ) );
#3702 = CARTESIAN_POINT('',(1.983827708538,-3.560423885651));
#3703 = VECTOR('',#2057,1.);
#3704 = PCURVE('',#998,#4646);
#3705 = CARTESIAN_POINT('',(6.88975,-5.9135));
#3706 = DIRECTION('',(-0.,1.,-3.491481338843E-15));
#3707 = AXIS2_PLACEMENT_2D('',#471,#3014);
#3708 = CARTESIAN_POINT('',(0.,19.058,-6.653431697568E-14));
#3709 = CARTESIAN_POINT('',(0.,7.231,-2.524690156117E-14));
#3710 = CIRCLE('',#1052,2.54);
#3711 = VECTOR('',#3222,1.);
#3712 = CARTESIAN_POINT('',(-7.366,9.020748322519E-16,19.558));
#3713 = ADVANCED_FACE('',(#3251),#4415,.T.);
#3714 = ( GEOMETRIC_REPRESENTATION_CONTEXT(2) 
PARAMETRIC_REPRESENTATION_CONTEXT() REPRESENTATION_CONTEXT('2D SPACE',''
  ) );
#3715 = ORIENTED_EDGE('',*,*,#1685,.T.);
#3716 = CARTESIAN_POINT('',(-6.866,8.714586622733E-16,6.731));
#3717 = ORIENTED_EDGE('',*,*,#32,.T.);
#3718 = CARTESIAN_POINT('',(0.,-5.925));
#3719 = CARTESIAN_POINT('',(1.570796326795,-0.5));
#3720 = DIRECTION('',(0.,1.));
#3721 = AXIS2_PLACEMENT_3D('',#2045,#1078,#3597);
#3722 = VECTOR('',#323,1.);
#3723 = DEFINITIONAL_REPRESENTATION('',(#2505),#171);
#3724 = DIRECTION('',(1.,0.));
#3725 = CARTESIAN_POINT('',(0.,-2.54));
#3726 = DEFINITIONAL_REPRESENTATION('',(#718),#2974);
#3727 = DIRECTION('',(0.,1.));
#3728 = CARTESIAN_POINT('',(2.104610876703,-14.64913187838));
#3729 = CARTESIAN_POINT('',(6.28318530718,0.));
#3730 = ( GEOMETRIC_REPRESENTATION_CONTEXT(2) 
PARAMETRIC_REPRESENTATION_CONTEXT() REPRESENTATION_CONTEXT('2D SPACE',''
  ) );
#3731 = PCURVE('',#3288,#2397);
#3732 = DIRECTION('',(0.,-1.,0.));
#3733 = DIRECTION('',(0.,0.,-1.));
#3734 = DEFINITIONAL_REPRESENTATION('',(#2595),#3833);
#3735 = CARTESIAN_POINT('',(0.,6.731,-2.350116089175E-14));
#3736 = CARTESIAN_POINT('',(0.,0.,19.058));
#3737 = DIRECTION('',(1.,0.));
#3738 = AXIS2_PLACEMENT_3D('',#4655,#1648,#1163);
#3739 = CARTESIAN_POINT('',(0.,-6.4135));
#3740 = VECTOR('',#4385,1.);
#3741 = DEFINITIONAL_REPRESENTATION('',(#1806),#4712);
#3742 = SURFACE_CURVE('',#4222,(#1906,#3794),.PCURVE_S1.);
#3743 = CARTESIAN_POINT('',(3.14159265359,0.));
#3744 = CARTESIAN_POINT('',(4.904137295888,6.28318530718));
#3745 = VECTOR('',#4546,1.);
#3746 = DEFINITIONAL_REPRESENTATION('',(#2557),#4606);
#3747 = DEFINITIONAL_REPRESENTATION('',(#2934),#2396);
#3748 = EDGE_CURVE('',#3172,#3341,#1437,.T.);
#3749 = CARTESIAN_POINT('',(1.301088354452,4.990241965672));
#3750 = FACE_BOUND('',#201,.T.);
#3751 = DIRECTION('',(-1.,0.));
#3752 = SURFACE_CURVE('',#753,(#146,#4586),.PCURVE_S1.);
#3753 = ( GEOMETRIC_REPRESENTATION_CONTEXT(2) 
PARAMETRIC_REPRESENTATION_CONTEXT() REPRESENTATION_CONTEXT('2D SPACE',''
  ) );
#3754 = PCURVE('',#3504,#2552);
#3755 = CARTESIAN_POINT('',(0.,-1.5));
#3756 = DEFINITIONAL_REPRESENTATION('',(#1743),#186);
#3757 = CARTESIAN_POINT('',(5.675,0.,6.481));
#3758 = DIRECTION('',(0.,1.));
#3759 = LINE('',#1890,#2879);
#3760 = AXIS2_PLACEMENT_3D('',#3578,#3559,#3204);
#3761 = CARTESIAN_POINT('',(4.712388980385,1.142397328578));
#3762 = VERTEX_POINT('',#3137);
#3763 = VERTEX_POINT('',#735);
#3764 = AXIS2_PLACEMENT_3D('',#512,#4510,#247);
#3765 = ORIENTED_EDGE('',*,*,#2991,.F.);
#3766 = SURFACE_CURVE('',#2356,(#564,#2497),.PCURVE_S1.);
#3767 = PCURVE('',#4583,#1119);
#3768 = DEFINITIONAL_REPRESENTATION('',(#467),#4359);
#3769 = EDGE_LOOP('',(#1007,#3885,#1719,#1501));
#3770 = ( GEOMETRIC_REPRESENTATION_CONTEXT(2) 
PARAMETRIC_REPRESENTATION_CONTEXT() REPRESENTATION_CONTEXT('2D SPACE',''
  ) );
#3771 = CARTESIAN_POINT('',(0.,5.9135,15.558));
#3772 = DIRECTION('',(-0.,-0.,1.));
#3773 = EDGE_CURVE('',#4434,#1115,#4207,.T.);
#3774 = CARTESIAN_POINT('',(9.032644961472,-0.5));
#3775 = CIRCLE('',#315,3.81);
#3776 = CARTESIAN_POINT('',(4.712388980385,1.427996660723));
#3777 = DIRECTION('',(-0.,-0.,1.));
#3778 = CARTESIAN_POINT('',(-5.9135,-5.9135));
#3779 = DIRECTION('',(1.,0.));
#3780 = AXIS2_PLACEMENT_3D('',#1072,#338,#1622);
#3781 = ( GEOMETRIC_REPRESENTATION_CONTEXT(2) 
PARAMETRIC_REPRESENTATION_CONTEXT() REPRESENTATION_CONTEXT('2D SPACE',''
  ) );
#3782 = CARTESIAN_POINT('',(4.299357598641,-3.560423885651));
#3783 = ADVANCED_FACE('',(#594),#4274,.F.);
#3784 = PCURVE('',#723,#2865);
#3785 = ADVANCED_FACE('',(#1816),#1356,.T.);
#3786 = LINE('',#3624,#592);
#3787 = DEFINITIONAL_REPRESENTATION('',(#3233),#1938);
#3788 = CARTESIAN_POINT('',(1.370136660797,4.718000273132));
#3789 = ORIENTED_EDGE('',*,*,#1556,.T.);
#3790 = ORIENTED_EDGE('',*,*,#2012,.T.);
#3791 = CIRCLE('',#3858,5.9135);
#3792 = LINE('',#2930,#4788);
#3793 = DEFINITIONAL_REPRESENTATION('',(#2650),#4020);
#3794 = PCURVE('',#5018,#425);
#3795 = FACE_BOUND('',#1855,.T.);
#3796 = CIRCLE('',#5048,0.25);
#3797 = CARTESIAN_POINT('',(4.580756942888,-2.8736324006));
#3798 = DEFINITIONAL_REPRESENTATION('',(#817),#1079);
#3799 = DIRECTION('',(1.,0.,0.));
#3800 = FACE_BOUND('',#2223,.F.);
#3801 = DIRECTION('',(0.,-0.,1.));
#3802 = DIRECTION('',(1.,0.));
#3803 = CARTESIAN_POINT('',(4.464090940482,6.080368275515));
#3804 = DIRECTION('',(-0.,-0.,1.));
#3805 = CARTESIAN_POINT('',(2.95675,-0.792258774721));
#3806 = PCURVE('',#101,#4281);
#3807 = DEFINITIONAL_REPRESENTATION('',(#5062),#4024);
#3808 = LINE('',#3540,#2928);
#3809 = CIRCLE('',#4814,5.9135);
#3810 = ORIENTED_EDGE('',*,*,#2621,.F.);
#3811 = EDGE_CURVE('',#2021,#3207,#4689,.T.);
#3812 = CARTESIAN_POINT('',(1.846533113429,5.025967776317));
#3813 = VECTOR('',#317,1.);
#3814 = VECTOR('',#2583,1.);
#3815 = DIRECTION('',(0.,-3.491481338843E-15,-1.));
#3816 = PCURVE('',#373,#913);
#3817 = CARTESIAN_POINT('',(9.032644961472,-0.5));
#3818 = CARTESIAN_POINT('',(3.14159265359,3.14159265359));
#3819 = ( GEOMETRIC_REPRESENTATION_CONTEXT(2) 
PARAMETRIC_REPRESENTATION_CONTEXT() REPRESENTATION_CONTEXT('2D SPACE',''
  ) );
#3820 = AXIS2_PLACEMENT_3D('',#2843,#2877,#1954);
#3821 = DEFINITIONAL_REPRESENTATION('',(#1401),#3423);
#3822 = DEFINITIONAL_REPRESENTATION('',(#2273),#1587);
#3823 = LINE('',#223,#438);
#3824 = FACE_BOUND('',#1310,.T.);
#3825 = B_SPLINE_CURVE_WITH_KNOTS('',3,(#4065,#1534,#192,#2280,#2649,
    #250,#1975,#3836,#4072,#3280,#4231,#3006,#1455,#4223,#1929,#1931,
    #4413,#3761,#3997,#1395,#1782,#2325,#4783,#3426,#4350),
  .UNSPECIFIED.,.F.,.F.,(4,1,1,1,1,1,1,1,1,1,1,1,1,1,1,1,1,1,1,1,1,1,4),
  (3.14159265359,3.212992486626,3.284392319662,3.355792152698,
    3.427191985734,3.49859181877,3.569991651807,3.641391484843,
    3.712791317879,3.784191150915,3.855590983951,3.926990816987,
    3.998390650023,4.06979048306,4.141190316096,4.212590149132,
    4.283989982168,4.355389815204,4.42678964824,4.498189481276,
    4.569589314312,4.640989147349,4.712388980385),
  .QUASI_UNIFORM_KNOTS.);
#3826 = DIRECTION('',(-1.,0.));
#3827 = ORIENTED_EDGE('',*,*,#3507,.T.);
#3828 = PCURVE('',#5014,#4661);
#3829 = CARTESIAN_POINT('',(4.844021017882,-2.8736324006));
#3830 = CARTESIAN_POINT('',(1.341981666999,4.806591183129));
#3831 = CARTESIAN_POINT('',(1.793802135597,4.786443764368));
#3832 = ( GEOMETRIC_REPRESENTATION_CONTEXT(2) 
PARAMETRIC_REPRESENTATION_CONTEXT() REPRESENTATION_CONTEXT('2D SPACE',''
  ) );
#3833 = ( GEOMETRIC_REPRESENTATION_CONTEXT(2) 
PARAMETRIC_REPRESENTATION_CONTEXT() REPRESENTATION_CONTEXT('2D SPACE',''
  ) );
#3834 = SURFACE_CURVE('',#4032,(#4800,#1221),.PCURVE_S1.);
#3835 = CIRCLE('',#431,7.366);
#3836 = CARTESIAN_POINT('',(4.712388980385,0.428398998217));
#3837 = DEFINITIONAL_REPRESENTATION('',(#981),#3832);
#3838 = DIRECTION('',(1.,0.,0.));
#3839 = DEFINITIONAL_REPRESENTATION('',(#4787),#4035);
#3840 = CARTESIAN_POINT('',(4.555341131922,-12.28228484281));
#3841 = PCURVE('',#530,#581);
#3842 = ORIENTED_EDGE('',*,*,#1031,.F.);
#3843 = CARTESIAN_POINT('',(0.,-1.995076323411E-16,3.81));
#3844 = AXIS2_PLACEMENT_3D('',#3072,#1347,#4596);
#3845 = CIRCLE('',#4733,6.4135);
#3846 = DIRECTION('',(1.,0.));
#3847 = ADVANCED_FACE('',(#1040),#2788,.T.);
#3848 = CARTESIAN_POINT('',(7.853981633974,0.856797996434));
#3849 = VERTEX_POINT('',#1860);
#3850 = SURFACE_CURVE('',#4751,(#1319,#1510),.PCURVE_S1.);
#3851 = CARTESIAN_POINT('',(11.933397051448,0.97625));
#3852 = CARTESIAN_POINT('',(1.764456302877,6.277817963567));
#3853 = LINE('',#4333,#3669);
#3854 = ( GEOMETRIC_REPRESENTATION_CONTEXT(2) 
PARAMETRIC_REPRESENTATION_CONTEXT() REPRESENTATION_CONTEXT('2D SPACE',''
  ) );
#3855 = CARTESIAN_POINT('',(0.,0.));
#3856 = DEFINITIONAL_REPRESENTATION('',(#2886),#137);
#3857 = CARTESIAN_POINT('',(2.95675,-0.792258774721));
#3858 = AXIS2_PLACEMENT_3D('',#4985,#2099,#424);
#3859 = SURFACE_CURVE('',#3205,(#1583,#4891),.PCURVE_S1.);
#3860 = SURFACE_CURVE('',#905,(#2468,#4828),.PCURVE_S1.);
#3861 = DIRECTION('',(-1.,0.));
#3862 = ORIENTED_EDGE('',*,*,#1692,.F.);
#3863 = DEFINITIONAL_REPRESENTATION('',(#903),#473);
#3864 = ( GEOMETRIC_REPRESENTATION_CONTEXT(2) 
PARAMETRIC_REPRESENTATION_CONTEXT() REPRESENTATION_CONTEXT('2D SPACE',''
  ) );
#3865 = CARTESIAN_POINT('',(-5.9135,-5.9135));
#3866 = DEFINITIONAL_REPRESENTATION('',(#3989),#2226);
#3867 = ( GEOMETRIC_REPRESENTATION_CONTEXT(2) 
PARAMETRIC_REPRESENTATION_CONTEXT() REPRESENTATION_CONTEXT('2D SPACE',''
  ) );
#3868 = DEFINITIONAL_REPRESENTATION('',(#284),#408);
#3869 = SURFACE_CURVE('',#3951,(#1196,#4174),.PCURVE_S1.);
#3870 = LINE('',#1170,#3661);
#3871 = CARTESIAN_POINT('',(3.029797116992E-02,-19.38634851517));
#3872 = LINE('',#1281,#1155);
#3873 = EDGE_CURVE('',#4434,#4031,#2214,.T.);
#3874 = EDGE_CURVE('',#1115,#2021,#4272,.T.);
#3875 = FACE_BOUND('',#1559,.T.);
#3876 = DIRECTION('',(-1.,0.,0.));
#3877 = ( GEOMETRIC_REPRESENTATION_CONTEXT(2) 
PARAMETRIC_REPRESENTATION_CONTEXT() REPRESENTATION_CONTEXT('2D SPACE',''
  ) );
#3878 = AXIS2_PLACEMENT_3D('',#514,#1239,#2146);
#3879 = LINE('',#4812,#1497);
#3880 = DIRECTION('',(1.,0.));
#3881 = ( GEOMETRIC_REPRESENTATION_CONTEXT(2) 
PARAMETRIC_REPRESENTATION_CONTEXT() REPRESENTATION_CONTEXT('2D SPACE',''
  ) );
#3882 = VECTOR('',#308,1.);
#3883 = ORIENTED_EDGE('',*,*,#4975,.F.);
#3884 = CARTESIAN_POINT('',(2.95675,-11.03474122527));
#3885 = ORIENTED_EDGE('',*,*,#1692,.T.);
#3886 = ( GEOMETRIC_REPRESENTATION_CONTEXT(2) 
PARAMETRIC_REPRESENTATION_CONTEXT() REPRESENTATION_CONTEXT('2D SPACE',''
  ) );
#3887 = VECTOR('',#772,1.);
#3888 = PCURVE('',#496,#3650);
#3889 = CARTESIAN_POINT('',(-3.81,4.665904304751E-16,19.558));
#3890 = CARTESIAN_POINT('',(6.28318530718,4.712388980385));
#3891 = ( GEOMETRIC_REPRESENTATION_CONTEXT(2) 
PARAMETRIC_REPRESENTATION_CONTEXT() REPRESENTATION_CONTEXT('2D SPACE',''
  ) );
#3892 = DIRECTION('',(0.,-3.504150098834E-15,-1.));
#3893 = CARTESIAN_POINT('',(0.,-5.925));
#3894 = CARTESIAN_POINT('',(-5.675,-4.785218137272E-31,
    -1.370540946055E-16));
#3895 = PCURVE('',#1402,#3483);
#3896 = SURFACE_CURVE('',#865,(#1828,#1603),.PCURVE_S1.);
#3897 = FACE_BOUND('',#1148,.T.);
#3898 = CARTESIAN_POINT('',(1.384823023262,-12.31889300397));
#3899 = LINE('',#4893,#957);
#3900 = CARTESIAN_POINT('',(7.853981633974,-4.47625));
#3901 = CARTESIAN_POINT('',(0.,-12.327));
#3902 = EDGE_LOOP('',(#607,#527,#242,#114,#2337));
#3903 = CARTESIAN_POINT('',(1.505942143188,-2.704736502722));
#3904 = DIRECTION('',(1.,0.,0.));
#3905 = VECTOR('',#2203,1.);
#3906 = CIRCLE('',#4368,2.54);
#3907 = DEFINITIONAL_REPRESENTATION('',(#3434),#4726);
#3908 = ( GEOMETRIC_REPRESENTATION_CONTEXT(2) 
PARAMETRIC_REPRESENTATION_CONTEXT() REPRESENTATION_CONTEXT('2D SPACE',''
  ) );
#3909 = CARTESIAN_POINT('',(4.712388980385,-1.570796326795));
#3910 = AXIS2_PLACEMENT_3D('',#2984,#3313,#3384);
#3911 = CARTESIAN_POINT('',(0.,-2.477756079075E-16,0.));
#3912 = CONICAL_SURFACE('',#859,6.4135,0.785398163397);
#3913 = AXIS2_PLACEMENT_3D('',#2745,#582,#4194);
#3914 = AXIS2_PLACEMENT_3D('',#1912,#384,#1400);
#3915 = CARTESIAN_POINT('',(4.855188646457,9.970605592174E-16));
#3916 = CARTESIAN_POINT('',(6.28318530718,1.570796326795));
#3917 = PCURVE('',#4440,#2155);
#3918 = CYLINDRICAL_SURFACE('',#2233,5.715);
#3919 = PCURVE('',#108,#3807);
#3920 = CARTESIAN_POINT('',(-5.9135,-5.9135));
#3921 = CARTESIAN_POINT('',(5.715,18.058,-6.304917001683E-14));
#3922 = PCURVE('',#2452,#350);
#3923 = AXIS2_PLACEMENT_3D('',#1016,#3985,#4959);
#3924 = ( GEOMETRIC_REPRESENTATION_CONTEXT(2) 
PARAMETRIC_REPRESENTATION_CONTEXT() REPRESENTATION_CONTEXT('2D SPACE',''
  ) );
#3925 = CARTESIAN_POINT('',(1.824652811995,6.05389712297));
#3926 = CARTESIAN_POINT('',(5.9135,19.558,-6.828639202509E-14));
#3927 = SURFACE_CURVE('',#2620,(#2832,#2406),.PCURVE_S1.);
#3928 = EDGE_CURVE('',#3317,#3374,#531,.T.);
#3929 = CARTESIAN_POINT('',(5.971698373805,-17.81469875564));
#3930 = ( GEOMETRIC_REPRESENTATION_CONTEXT(2) 
PARAMETRIC_REPRESENTATION_CONTEXT() REPRESENTATION_CONTEXT('2D SPACE',''
  ) );
#3931 = DIRECTION('',(0.,1.));
#3932 = DEFINITIONAL_REPRESENTATION('',(#3640),#25);
#3933 = ORIENTED_EDGE('',*,*,#2949,.T.);
#3934 = DIRECTION('',(0.,1.));
#3935 = CARTESIAN_POINT('',(4.471412914847,4.852788568246));
#3936 = DIRECTION('',(1.,0.,0.));
#3937 = CIRCLE('',#1994,7.366);
#3938 = CARTESIAN_POINT('',(4.944171129723,6.150833268573));
#3939 = DIRECTION('',(0.,-1.266875999118E-17,-1.));
#3940 = CARTESIAN_POINT('',(1.675614549994,-12.23205630842));
#3941 = CARTESIAN_POINT('',(3.14159265359,0.));
#3942 = CARTESIAN_POINT('',(1.279314022424,5.143372916179));
#3943 = LINE('',#4708,#555);
#3944 = CARTESIAN_POINT('',(-3.675,-6.33437999559E-18,19.058));
#3945 = LINE('',#4579,#1145);
#3946 = CIRCLE('',#2013,6.4135);
#3947 = CARTESIAN_POINT('',(0.,-4.));
#3948 = CARTESIAN_POINT('',(5.925,6.481,-2.262829055704E-14));
#3949 = ( GEOMETRIC_REPRESENTATION_CONTEXT(2) 
PARAMETRIC_REPRESENTATION_CONTEXT() REPRESENTATION_CONTEXT('2D SPACE',''
  ) );
#3950 = CARTESIAN_POINT('',(4.447497573312,5.996406348109));
#3951 = CIRCLE('',#2655,0.5);
#3952 = AXIS2_PLACEMENT_3D('',#4669,#2714,#1792);
#3953 = CIRCLE('',#4926,2.54);
#3954 = EDGE_CURVE('',#4901,#446,#4499,.T.);
#3955 = DIRECTION('',(1.,0.,0.));
#3956 = AXIS2_PLACEMENT_3D('',#1854,#4117,#1757);
#3957 = CARTESIAN_POINT('',(3.14159265359,3.14159265359));
#3958 = DIRECTION('',(0.,1.,-1.266875999118E-17));
#3959 = CARTESIAN_POINT('',(3.81,0.,19.558));
#3960 = CARTESIAN_POINT('',(2.142594356946E-02,-5.080008248754));
#3961 = PCURVE('',#1459,#1591);
#3962 = VERTEX_POINT('',#4084);
#3963 = ( BOUNDED_CURVE() B_SPLINE_CURVE(2,(#1093,#4834,#3690,#4241,
#3491,#2324,#2819),.UNSPECIFIED.,.T.,.F.) B_SPLINE_CURVE_WITH_KNOTS((1,2
    ,2,2,2,1),(-2.094395102393,0.,2.094395102393,4.188790204786,
6.28318530718,8.377580409573),.UNSPECIFIED.) CURVE() 
GEOMETRIC_REPRESENTATION_ITEM() RATIONAL_B_SPLINE_CURVE((1.,0.5,1.,0.5,
1.,0.5,1.)) REPRESENTATION_ITEM('') );
#3964 = CARTESIAN_POINT('',(-5.9135,-5.9135));
#3965 = CARTESIAN_POINT('',(-5.9135,-16.15598245055));
#3966 = DIRECTION('',(1.,0.,0.));
#3967 = CARTESIAN_POINT('',(1.269613860028,5.247127738938));
#3968 = CIRCLE('',#2807,5.715);
#3969 = ADVANCED_FACE('',(#2728),#4124,.T.);
#3970 = EDGE_LOOP('',(#3219,#1116,#1630,#4309,#4018));
#3971 = PCURVE('',#2394,#2246);
#3972 = CARTESIAN_POINT('',(1.367536891268,6.24959100735));
#3973 = DEFINITIONAL_REPRESENTATION('',(#3126),#4113);
#3974 = LINE('',#2243,#1466);
#3975 = CARTESIAN_POINT('',(2.830105720215,-17.81469875564));
#3976 = PCURVE('',#4706,#286);
#3977 = CARTESIAN_POINT('',(1.802311754602,6.151882526139));
#3978 = CARTESIAN_POINT('',(7.853981633974,0.999597662506));
#3979 = CARTESIAN_POINT('',(0.,19.558,-5.215));
#3980 = AXIS2_PLACEMENT_2D('',#1353,#3846);
#3981 = EDGE_CURVE('',#3380,#1840,#3860,.T.);
#3982 = DIRECTION('',(1.,0.,0.));
#3983 = LINE('',#1158,#1764);
#3984 = CARTESIAN_POINT('',(0.,0.,19.558));
#3985 = DIRECTION('',(-0.,1.,-3.491481338843E-15));
#3986 = EDGE_LOOP('',(#3790,#1109,#1679,#2743,#2158));
#3987 = CARTESIAN_POINT('',(1.269494465532,5.70035908266));
#3988 = ( GEOMETRIC_REPRESENTATION_CONTEXT(2) 
PARAMETRIC_REPRESENTATION_CONTEXT() REPRESENTATION_CONTEXT('2D SPACE',''
  ) );
#3989 = LINE('',#1349,#4792);
#3990 = CARTESIAN_POINT('',(4.966648841475,6.051918980681));
#3991 = CARTESIAN_POINT('',(3.81,0.,18.058));
#3992 = CARTESIAN_POINT('',(6.28318530718,0.));
#3993 = CARTESIAN_POINT('',(9.424777960769,-0.5));
#3994 = ( GEOMETRIC_REPRESENTATION_CONTEXT(2) 
PARAMETRIC_REPRESENTATION_CONTEXT() REPRESENTATION_CONTEXT('2D SPACE',''
  ) );
#3995 = FACE_BOUND('',#2459,.T.);
#3996 = CARTESIAN_POINT('',(4.869436828851,-12.28228484281));
#3997 = CARTESIAN_POINT('',(4.712388980385,1.213797161614));
#3998 = ORIENTED_EDGE('',*,*,#3628,.T.);
#3999 = DIRECTION('',(1.,0.,0.));
#4000 = DEFINITIONAL_REPRESENTATION('',(#4470),#161);
#4001 = DEFINITIONAL_REPRESENTATION('',(#4423),#4970);
#4002 = CARTESIAN_POINT('',(0.,0.,6.731));
#4003 = LINE('',#4837,#4648);
#4004 = ( GEOMETRIC_REPRESENTATION_CONTEXT(2) 
PARAMETRIC_REPRESENTATION_CONTEXT() REPRESENTATION_CONTEXT('2D SPACE',''
  ) );
#4005 = CARTESIAN_POINT('',(3.14159265359,-5.08));
#4006 = ( GEOMETRIC_REPRESENTATION_CONTEXT(2) 
PARAMETRIC_REPRESENTATION_CONTEXT() REPRESENTATION_CONTEXT('2D SPACE',''
  ) );
#4007 = VECTOR('',#762,1.);
#4008 = DIRECTION('',(-0.,-0.,1.));
#4009 = LINE('',#1308,#227);
#4010 = EDGE_CURVE('',#5067,#310,#930,.T.);
#4011 = VECTOR('',#4266,1.);
#4012 = DIRECTION('',(-1.,0.,0.));
#4013 = VECTOR('',#392,1.);
#4014 = EDGE_LOOP('',(#1328,#3270,#1125,#340));
#4015 = ( GEOMETRIC_REPRESENTATION_CONTEXT(2) 
PARAMETRIC_REPRESENTATION_CONTEXT() REPRESENTATION_CONTEXT('2D SPACE',''
  ) );
#4016 = FACE_BOUND('',#3409,.T.);
#4017 = CARTESIAN_POINT('',(1.295442804375,5.023581694498));
#4018 = ORIENTED_EDGE('',*,*,#3296,.F.);
#4019 = DIRECTION('',(0.,-0.,1.));
#4020 = ( GEOMETRIC_REPRESENTATION_CONTEXT(2) 
PARAMETRIC_REPRESENTATION_CONTEXT() REPRESENTATION_CONTEXT('2D SPACE',''
  ) );
#4021 = CARTESIAN_POINT('',(1.396382676523,-12.3033895662));
#4022 = CARTESIAN_POINT('',(0.,-5.925));
#4023 = ( NAMED_UNIT(*) PLANE_ANGLE_UNIT() SI_UNIT($,.RADIAN.) );
#4024 = ( GEOMETRIC_REPRESENTATION_CONTEXT(2) 
PARAMETRIC_REPRESENTATION_CONTEXT() REPRESENTATION_CONTEXT('2D SPACE',''
  ) );
#4025 = VECTOR('',#1574,1.);
#4026 = AXIS2_PLACEMENT_3D('',#4511,#4353,#518);
#4027 = DEFINITIONAL_REPRESENTATION('',(#2800),#3930);
#4028 = DEFINITIONAL_REPRESENTATION('',(#3453),#2462);
#4029 = VECTOR('',#5049,1.);
#4030 = PCURVE('',#1282,#3699);
#4031 = VERTEX_POINT('',#1506);
#4032 = CIRCLE('',#2899,7.366);
#4033 = EDGE_CURVE('',#3481,#446,#1424,.T.);
#4034 = CARTESIAN_POINT('',(0.,3.14159265359));
#4035 = ( GEOMETRIC_REPRESENTATION_CONTEXT(2) 
PARAMETRIC_REPRESENTATION_CONTEXT() REPRESENTATION_CONTEXT('2D SPACE',''
  ) );
#4036 = EDGE_CURVE('',#3172,#3212,#880,.T.);
#4037 = CARTESIAN_POINT('',(0.,-6.4135));
#4038 = ORIENTED_EDGE('',*,*,#4677,.F.);
#4039 = CARTESIAN_POINT('',(1.274077838902,5.75626016505));
#4040 = PCURVE('',#2452,#2700);
#4041 = VECTOR('',#3644,1.);
#4042 = CARTESIAN_POINT('',(0.,-3.81));
#4043 = LINE('',#1848,#1339);
#4044 = VERTEX_POINT('',#1581);
#4045 = DIRECTION('',(1.,0.,0.));
#4046 = EDGE_LOOP('',(#153,#4257,#846,#2476,#986));
#4047 = DIRECTION('',(0.,-1.266875999118E-17,-1.));
#4048 = VECTOR('',#2825,1.);
#4049 = DIRECTION('',(1.,0.));
#4050 = DIRECTION('',(0.,-0.,1.));
#4051 = SURFACE_CURVE('',#2675,(#1642,#1976),.PCURVE_S1.);
#4052 = DIRECTION('',(-1.224646799147E-16,-1.872281896124E-62,-1.));
#4053 = DEFINITIONAL_REPRESENTATION('',(#4770),#4498);
#4054 = CARTESIAN_POINT('',(4.431085413697,5.062648470094));
#4055 = CARTESIAN_POINT('',(2.95675,-11.03474122527));
#4056 = AXIS2_PLACEMENT_3D('',#1930,#4230,#354);
#4057 = CARTESIAN_POINT('',(0.,6.28318530718));
#4058 = CARTESIAN_POINT('',(4.402822765045,5.483126743063));
#4059 = DEFINITIONAL_REPRESENTATION('',(#2054),#3881);
#4060 = DIRECTION('',(1.,0.));
#4061 = VERTEX_POINT('',#1627);
#4062 = ORIENTED_EDGE('',*,*,#4898,.T.);
#4063 = ( GEOMETRIC_REPRESENTATION_CONTEXT(2) 
PARAMETRIC_REPRESENTATION_CONTEXT() REPRESENTATION_CONTEXT('2D SPACE',''
  ) );
#4064 = EDGE_CURVE('',#2709,#4044,#3215,.T.);
#4065 = CARTESIAN_POINT('',(4.712388980385,-1.224646799147E-16));
#4066 = DIRECTION('',(-0.,-0.,1.));
#4067 = PCURVE('',#1169,#4608);
#4068 = CARTESIAN_POINT('',(-13.7795,-5.9135));
#4069 = CARTESIAN_POINT('',(0.,0.,6.481));
#4070 = ADVANCED_FACE('',(#3246),#101,.T.);
#4071 = ORIENTED_EDGE('',*,*,#1325,.T.);
#4072 = CARTESIAN_POINT('',(4.712388980385,0.499798831253));
#4073 = CARTESIAN_POINT('',(1.852099893483,5.062648470094));
#4074 = ORIENTED_EDGE('',*,*,#2816,.T.);
#4075 = ADVANCED_FACE('',(#3161),#4471,.F.);
#4076 = CARTESIAN_POINT('',(0.,6.731,-2.350116089175E-14));
#4077 = VECTOR('',#4213,1.);
#4078 = CARTESIAN_POINT('',(-5.966698525724,-9.358375));
#4079 = PLANE('',#2717);
#4080 = VERTEX_POINT('',#1182);
#4081 = VECTOR('',#4878,1.);
#4082 = DEFINITIONAL_REPRESENTATION('',(#1091),#1914);
#4083 = DEFINITIONAL_REPRESENTATION('',(#2923),#1978);
#4084 = CARTESIAN_POINT('',(-5.9135,16.058,-5.591753188911E-14));
#4085 = EDGE_CURVE('',#4528,#1822,#918,.T.);
#4086 = CARTESIAN_POINT('',(0.,0.,19.558));
#4087 = ORIENTED_EDGE('',*,*,#1812,.F.);
#4088 = DIRECTION('',(0.,-3.491481338843E-15,-1.));
#4089 = VERTEX_POINT('',#244);
#4090 = CARTESIAN_POINT('',(-3.81,-12.51261357683));
#4091 = PCURVE('',#1238,#807);
#4092 = FACE_BOUND('',#4014,.F.);
#4093 = CARTESIAN_POINT('',(2.114862514681,6.994648124979,6.994648124979
    ));
#4094 = CARTESIAN_POINT('',(4.712388980385,-1.54699638245));
#4095 = ( GEOMETRIC_REPRESENTATION_CONTEXT(2) 
PARAMETRIC_REPRESENTATION_CONTEXT() REPRESENTATION_CONTEXT('2D SPACE',''
  ) );
#4096 = LINE('',#3729,#3185);
#4097 = CARTESIAN_POINT('',(0.,-0.5));
#4098 = ORIENTED_EDGE('',*,*,#5069,.F.);
#4099 = VECTOR('',#4945,1.);
#4100 = DIRECTION('',(0.,1.,-3.491481338843E-15));
#4101 = FACE_BOUND('',#3138,.T.);
#4102 = PCURVE('',#1283,#1517);
#4103 = CARTESIAN_POINT('',(3.14159265359,0.));
#4104 = ORIENTED_EDGE('',*,*,#2577,.T.);
#4105 = CARTESIAN_POINT('',(11.827,-5.9135));
#4106 = PRODUCT_DEFINITION('design','',#1044,#3086);
#4107 = LINE('',#2533,#548);
#4108 = DEFINITIONAL_REPRESENTATION('',(#1315),#1791);
#4109 = PCURVE('',#4581,#1852);
#4110 = ( GEOMETRIC_REPRESENTATION_CONTEXT(2) 
PARAMETRIC_REPRESENTATION_CONTEXT() REPRESENTATION_CONTEXT('2D SPACE',''
  ) );
#4111 = CYLINDRICAL_SURFACE('',#4798,5.675);
#4112 = VECTOR('',#1709,1.);
#4113 = ( GEOMETRIC_REPRESENTATION_CONTEXT(2) 
PARAMETRIC_REPRESENTATION_CONTEXT() REPRESENTATION_CONTEXT('2D SPACE',''
  ) );
#4114 = DIRECTION('',(0.,1.,-3.491481338843E-15));
#4115 = CARTESIAN_POINT('',(5.675,19.558,-6.828639202509E-14));
#4116 = ( GEOMETRIC_REPRESENTATION_CONTEXT(2) 
PARAMETRIC_REPRESENTATION_CONTEXT() REPRESENTATION_CONTEXT('2D SPACE',''
  ) );
#4117 = DIRECTION('',(0.,1.,-3.491481338843E-15));
#4118 = CARTESIAN_POINT('',(4.982096952728,4.990241965672));
#4119 = VECTOR('',#3751,1.);
#4120 = DIRECTION('',(0.,1.,-3.491481338843E-15));
#4121 = CARTESIAN_POINT('',(1.667564724122,6.732621226061,6.732621226061
    ));
#4122 = ( GEOMETRIC_REPRESENTATION_CONTEXT(2) 
PARAMETRIC_REPRESENTATION_CONTEXT() REPRESENTATION_CONTEXT('2D SPACE',''
  ) );
#4123 = LINE('',#3478,#1613);
#4124 = CONICAL_SURFACE('',#3242,6.4135,0.785398163397);
#4125 = AXIS2_PLACEMENT_2D('',#5031,#534);
#4126 = CARTESIAN_POINT('',(1.289907141806,5.059793888148));
#4127 = ORIENTED_EDGE('',*,*,#3628,.T.);
#4128 = ( GEOMETRIC_REPRESENTATION_CONTEXT(2) 
PARAMETRIC_REPRESENTATION_CONTEXT() REPRESENTATION_CONTEXT('2D SPACE',''
  ) );
#4129 = DIRECTION('',(1.,0.));
#4130 = VECTOR('',#2611,1.);
#4131 = DIRECTION('',(0.,0.,-1.));
#4132 = CARTESIAN_POINT('',(-6.88975,0.,15.08175));
#4133 = ( GEOMETRIC_REPRESENTATION_CONTEXT(2) 
PARAMETRIC_REPRESENTATION_CONTEXT() REPRESENTATION_CONTEXT('2D SPACE',''
  ) );
#4134 = DIRECTION('',(0.,1.,-3.491481338843E-15));
#4135 = CARTESIAN_POINT('',(-3.81,-5.9135));
#4136 = PCURVE('',#4846,#1530);
#4137 = CARTESIAN_POINT('',(-7.366,7.231,-3.985434995388E-14));
#4138 = CIRCLE('',#1499,6.866);
#4139 = ORIENTED_EDGE('',*,*,#5071,.F.);
#4140 = CARTESIAN_POINT('',(4.733814923954,-2.59441350969));
#4141 = DEFINITIONAL_REPRESENTATION('',(#2848),#2901);
#4142 = DEFINITIONAL_REPRESENTATION('',(#4743),#1844);
#4143 = CARTESIAN_POINT('',(4.59014144136,-12.24660214425));
#4144 = DIRECTION('',(-0.,-0.,1.));
#4145 = DIRECTION('',(1.,0.));
#4146 = AXIS2_PLACEMENT_3D('',#873,#84,#690);
#4147 = CIRCLE('',#2980,0.47625);
#4148 = LINE('',#4993,#3722);
#4149 = VECTOR('',#1022,1.);
#4150 = VECTOR('',#4374,1.);
#4151 = VECTOR('',#1674,1.);
#4152 = SURFACE_CURVE('',#1948,(#1089,#3097),.PCURVE_S1.);
#4153 = DEFINITIONAL_REPRESENTATION('',(#4588),#3191);
#4154 = DEFINITIONAL_REPRESENTATION('',(#3310),#119);
#4155 = CARTESIAN_POINT('',(5.925,0.,6.731));
#4156 = LINE('',#4785,#3595);
#4157 = SURFACE_CURVE('',#1447,(#1370,#4936),.PCURVE_S1.);
#4158 = CARTESIAN_POINT('',(2.655329395827,-4.787609164375));
#4159 = ORIENTED_EDGE('',*,*,#2873,.F.);
#4160 = CARTESIAN_POINT('',(3.33931025784,-18.44112212223));
#4161 = ORIENTED_EDGE('',*,*,#3475,.T.);
#4162 = B_SPLINE_CURVE_WITH_KNOTS('',3,(#2467,#348,#1546,#103,#3975,
    #3408,#1949,#2867,#1053,#3728,#738,#379,#2084,#2932,#1176,#2778,
    #4178,#305,#180,#4239,#4995,#1958,#380,#3871,#1058),
  .UNSPECIFIED.,.F.,.F.,(4,1,1,1,1,1,1,1,1,1,1,1,1,1,1,1,1,1,1,1,1,1,4),
  (4.712388980385,4.855188646457,4.997988312529,5.140787978601,
    5.283587644674,5.426387310746,5.569186976818,5.711986642891,
    5.854786308963,5.997585975035,6.140385641107,6.28318530718,
    6.425984973252,6.568784639324,6.711584305396,6.854383971469,
    6.997183637541,7.139983303613,7.282782969685,7.425582635758,
    7.56838230183,7.711181967902,7.853981633974),.QUASI_UNIFORM_KNOTS.);
#4163 = SURFACE_CURVE('',#4954,(#3348,#1000),.PCURVE_S1.);
#4164 = PCURVE('',#2513,#3756);
#4165 = CARTESIAN_POINT('',(0.,1.570796326795));
#4166 = ( GEOMETRIC_REPRESENTATION_CONTEXT(2) 
PARAMETRIC_REPRESENTATION_CONTEXT() REPRESENTATION_CONTEXT('2D SPACE',''
  ) );
#4167 = ORIENTED_EDGE('',*,*,#4456,.T.);
#4168 = CIRCLE('',#2683,3.175);
#4169 = CARTESIAN_POINT('',(0.,18.058,-6.304917001683E-14));
#4170 = CARTESIAN_POINT('',(7.853981633974,1.142397328578));
#4171 = CARTESIAN_POINT('',(0.,17.058,-5.955768867799E-14));
#4172 = VECTOR('',#3452,1.);
#4173 = DIRECTION('',(0.,-0.,1.));
#4174 = PCURVE('',#1291,#2526);
#4175 = ( GEOMETRIC_REPRESENTATION_CONTEXT(2) 
PARAMETRIC_REPRESENTATION_CONTEXT() REPRESENTATION_CONTEXT('2D SPACE',''
  ) );
#4176 = ADVANCED_FACE('',(#278),#960,.F.);
#4177 = PCURVE('',#4609,#1265);
#4178 = CARTESIAN_POINT('',(0.871682679549,-15.19558466305));
#4179 = CARTESIAN_POINT('',(4.486503858561,6.173379262022));
#4180 = DIRECTION('',(0.,-3.504150098834E-15,-1.));
#4181 = CARTESIAN_POINT('',(-5.9135,-16.15598245055));
#4182 = DIRECTION('',(0.,1.));
#4183 = DIRECTION('',(0.,1.,-3.491481338843E-15));
#4184 = CARTESIAN_POINT('',(0.,0.,0.));
#4185 = LINE('',#521,#3085);
#4186 = CARTESIAN_POINT('',(1.448548787767,-12.24660214425));
#4187 = DIRECTION('',(1.,0.));
#4188 = DIRECTION('',(0.,1.));
#4189 = LINE('',#3947,#2381);
#4190 = CARTESIAN_POINT('',(0.,-4.));
#4191 = VECTOR('',#325,1.);
#4192 = CIRCLE('',#2120,3.675);
#4193 = VERTEX_POINT('',#4849);
#4194 = DIRECTION('',(0.,-3.491481338843E-15,-1.));
#4195 = VECTOR('',#1842,1.);
#4196 = CARTESIAN_POINT('',(0.,-6.4135));
#4197 = CIRCLE('',#4684,6.866);
#4198 = LINE('',#722,#3740);
#4199 = SURFACE_CURVE('',#2535,(#4164,#311),.PCURVE_S1.);
#4200 = ( GEOMETRIC_REPRESENTATION_CONTEXT(2) 
PARAMETRIC_REPRESENTATION_CONTEXT() REPRESENTATION_CONTEXT('2D SPACE',''
  ) );
#4201 = CARTESIAN_POINT('',(4.929202917415,4.766129075));
#4202 = DEFINITIONAL_REPRESENTATION('',(#3356),#1191);
#4203 = ORIENTED_EDGE('',*,*,#3645,.F.);
#4204 = CARTESIAN_POINT('',(1.862077689585,5.811099330723));
#4205 = PCURVE('',#1282,#5015);
#4206 = DIRECTION('',(1.,0.,0.));
#4207 = SURFACE_CURVE('',#2469,(#4956,#3816),.PCURVE_S1.);
#4208 = LINE('',#3077,#2339);
#4209 = DIRECTION('',(0.,1.,-3.491481338843E-15));
#4210 = VERTEX_POINT('',#1193);
#4211 = LINE('',#907,#3887);
#4212 = AXIS2_PLACEMENT_3D('',#3016,#4344,#2466);
#4213 = DIRECTION('',(1.,0.));
#4214 = ( GEOMETRIC_REPRESENTATION_CONTEXT(2) 
PARAMETRIC_REPRESENTATION_CONTEXT() REPRESENTATION_CONTEXT('2D SPACE',''
  ) );
#4215 = DEFINITIONAL_REPRESENTATION('',(#3792),#4600);
#4216 = PLANE('',#894);
#4217 = DIRECTION('',(0.,1.));
#4218 = CARTESIAN_POINT('',(4.607570757186,-12.23205630842));
#4219 = CARTESIAN_POINT('',(0.,0.));
#4220 = EDGE_CURVE('',#1166,#1575,#5027,.T.);
#4221 = ( GEOMETRIC_REPRESENTATION_CONTEXT(2) 
PARAMETRIC_REPRESENTATION_CONTEXT() REPRESENTATION_CONTEXT('2D SPACE',''
  ) );
#4222 = CIRCLE('',#2667,5.675);
#4223 = CARTESIAN_POINT('',(4.712388980385,0.856797996434));
#4224 = ( GEOMETRIC_REPRESENTATION_CONTEXT(2) 
PARAMETRIC_REPRESENTATION_CONTEXT() REPRESENTATION_CONTEXT('2D SPACE',''
  ) );
#4225 = PLANE('',#761);
#4226 = LINE('',#4246,#4081);
#4227 = EDGE_CURVE('',#461,#446,#2329,.T.);
#4228 = CARTESIAN_POINT('',(3.14159265359,3.14159265359));
#4229 = DIRECTION('',(0.,-0.,1.));
#4230 = DIRECTION('',(0.,1.,-3.491481338843E-15));
#4231 = CARTESIAN_POINT('',(4.712388980385,0.642598497325));
#4232 = PCURVE('',#4225,#391);
#4233 = EDGE_CURVE('',#4462,#2294,#3255,.T.);
#4234 = AXIS2_PLACEMENT_3D('',#4943,#3647,#343);
#4235 = CARTESIAN_POINT('',(-3.81,-12.51261357683));
#4236 = DEFINITIONAL_REPRESENTATION('',(#3593),#4672);
#4237 = SURFACE_CURVE('',#3565,(#491,#3754),.PCURVE_S1.);
#4238 = CIRCLE('',#1999,5.715);
#4239 = CARTESIAN_POINT('',(0.435557186035,-17.15700177412));
#4240 = EDGE_CURVE('',#6,#799,#3411,.T.);
#4241 = CARTESIAN_POINT('',(11.827,-5.9135));
#4242 = ADVANCED_FACE('',(#2545),#1982,.T.);
#4243 = LINE('',#3304,#961);
#4244 = CARTESIAN_POINT('',(1.920669123466,7.091786421361,7.091786421361
    ));
#4245 = CARTESIAN_POINT('',(0.,-12.327));
#4246 = CARTESIAN_POINT('',(0.,-1.570796326795));
#4247 = ORIENTED_EDGE('',*,*,#2137,.T.);
#4248 = EDGE_CURVE('',#1277,#1166,#4916,.T.);
#4249 = ORIENTED_EDGE('',*,*,#1002,.F.);
#4250 = EDGE_LOOP('',(#3883,#4071,#748,#3425));
#4251 = FACE_BOUND('',#3253,.F.);
#4252 = CARTESIAN_POINT('',(6.854383971469,5.875815135961E-15));
#4253 = CIRCLE('',#2954,5.715);
#4254 = EDGE_CURVE('',#230,#377,#2711,.T.);
#4255 = ( GEOMETRIC_REPRESENTATION_CONTEXT(2) 
PARAMETRIC_REPRESENTATION_CONTEXT() REPRESENTATION_CONTEXT('2D SPACE',''
  ) );
#4256 = CARTESIAN_POINT('',(-1.904043803072,6.753270074263,
    6.753270074263));
#4257 = ORIENTED_EDGE('',*,*,#3250,.T.);
#4258 = DIRECTION('',(1.,0.));
#4259 = ( GEOMETRIC_REPRESENTATION_CONTEXT(2) 
PARAMETRIC_REPRESENTATION_CONTEXT() REPRESENTATION_CONTEXT('2D SPACE',''
  ) );
#4260 = DIRECTION('',(-1.,0.));
#4261 = EDGE_LOOP('',(#3700,#539,#1385,#365,#237));
#4262 = DIRECTION('',(1.,0.));
#4263 = EDGE_CURVE('',#621,#80,#780,.T.);
#4264 = DEFINITIONAL_REPRESENTATION('',(#487),#1203);
#4265 = LINE('',#2738,#1446);
#4266 = DIRECTION('',(-1.,0.));
#4267 = CARTESIAN_POINT('',(1.316536465704,6.051918980681));
#4268 = VECTOR('',#3758,1.);
#4269 = CARTESIAN_POINT('',(6.88975,-5.9135));
#4270 = CARTESIAN_POINT('',(0.,0.,19.058));
#4271 = SURFACE_CURVE('',#1788,(#1539,#1926),.PCURVE_S1.);
#4272 = SURFACE_CURVE('',#2702,(#3032,#3767),.PCURVE_S1.);
#4273 = AXIS2_PLACEMENT_3D('',#4947,#835,#4958);
#4274 = CYLINDRICAL_SURFACE('',#5011,2.54);
#4275 = DIRECTION('',(-0.,1.,-3.491481338843E-15));
#4276 = ORIENTED_EDGE('',*,*,#4896,.T.);
#4277 = DEFINITIONAL_REPRESENTATION('',(#231),#703);
#4278 = DEFINITIONAL_REPRESENTATION('',(#624),#2385);
#4279 = ( GEOMETRIC_REPRESENTATION_CONTEXT(2) 
PARAMETRIC_REPRESENTATION_CONTEXT() REPRESENTATION_CONTEXT('2D SPACE',''
  ) );
#4280 = DEFINITIONAL_REPRESENTATION('',(#3872),#4476);
#4281 = DEFINITIONAL_REPRESENTATION('',(#2895),#800);
#4282 = CARTESIAN_POINT('',(0.,16.058,-5.606620733914E-14));
#4283 = DIRECTION('',(-1.,0.));
#4284 = CIRCLE('',#418,2.54);
#4285 = CARTESIAN_POINT('',(1.278928875653,5.805684741056));
#4286 = SURFACE_CURVE('',#4414,(#2372,#3197),.PCURVE_S1.);
#4287 = VECTOR('',#4493,1.);
#4288 = ORIENTED_EDGE('',*,*,#4456,.F.);
#4289 = DIRECTION('',(0.,-0.,1.));
#4290 = DIRECTION('',(1.,0.,0.));
#4291 = CARTESIAN_POINT('',(7.366,19.558,-6.828639202509E-14));
#4292 = CARTESIAN_POINT('',(3.14159265359,0.));
#4293 = CARTESIAN_POINT('',(4.511713750096,4.71804327645));
#4294 = DIRECTION('',(0.,-0.,1.));
#4295 = LINE('',#2328,#2626);
#4296 = ( BOUNDED_CURVE() B_SPLINE_CURVE(3,(#3656,#5030,#1054,#2868),
.UNSPECIFIED.,.F.,.F.) B_SPLINE_CURVE_WITH_KNOTS((4,4),(3.14159265359,
4.712388980385),.PIECEWISE_BEZIER_KNOTS.) CURVE() 
GEOMETRIC_REPRESENTATION_ITEM() RATIONAL_B_SPLINE_CURVE((1.,
0.804737854124,0.804737854124,1.)) REPRESENTATION_ITEM('') );
#4297 = CARTESIAN_POINT('',(0.63498836433,-4.586813792751));
#4298 = CARTESIAN_POINT('',(6.08546770293,-18.44112212223));
#4299 = CARTESIAN_POINT('',(0.,-0.5));
#4300 = DEFINITIONAL_REPRESENTATION('',(#2793),#394);
#4301 = CARTESIAN_POINT('',(7.853981633974,7.139983303613E-02));
#4302 = CARTESIAN_POINT('',(4.503498815121,6.231978906951));
#4303 = CYLINDRICAL_SURFACE('',#3956,6.4135);
#4304 = DIRECTION('',(0.,1.,-3.491481338843E-15));
#4305 = ADVANCED_FACE('',(#2289),#1459,.F.);
#4306 = CARTESIAN_POINT('',(4.712388980385,-0.92819782947));
#4307 = EDGE_LOOP('',(#2027,#794));
#4308 = DIRECTION('',(0.,1.));
#4309 = ORIENTED_EDGE('',*,*,#2796,.F.);
#4310 = DIRECTION('',(-1.,-0.,0.));
#4311 = AXIS2_PLACEMENT_3D('',#2588,#1025,#3538);
#4312 = ADVANCED_FACE('',(#3226,#4538),#4216,.F.);
#4313 = DIRECTION('',(1.,0.,0.));
#4314 = DEFINITIONAL_REPRESENTATION('',(#4999),#875);
#4315 = DIRECTION('',(-0.,-0.,1.));
#4316 = DIRECTION('',(1.,0.));
#4317 = ORIENTED_EDGE('',*,*,#1544,.T.);
#4318 = CARTESIAN_POINT('',(1.570796326793,-12.19162463096));
#4319 = DEFINITIONAL_REPRESENTATION('',(#207),#3994);
#4320 = AXIS2_PLACEMENT_2D('',#2722,#2173);
#4321 = DIRECTION('',(1.,0.,0.));
#4322 = EDGE_CURVE('',#1519,#4545,#2772,.T.);
#4323 = ORIENTED_EDGE('',*,*,#4458,.T.);
#4324 = CARTESIAN_POINT('',(1.635650510402,-2.704736502722));
#4325 = CARTESIAN_POINT('',(4.226125722622,-3.728080588362));
#4326 = VECTOR('',#4397,1.);
#4327 = ORIENTED_EDGE('',*,*,#4322,.T.);
#4328 = PCURVE('',#1982,#3076);
#4329 = VECTOR('',#2067,1.);
#4330 = DEFINITIONAL_REPRESENTATION('',(#287),#2502);
#4331 = CARTESIAN_POINT('',(-2.198204475029,6.889072877285,
    6.889072877285));
#4332 = CARTESIAN_POINT('',(4.406750977175,5.31890507641));
#4333 = CARTESIAN_POINT('',(3.14159265359,0.));
#4334 = ORIENTED_EDGE('',*,*,#3748,.F.);
#4335 = VECTOR('',#1214,1.);
#4336 = FACE_BOUND('',#861,.T.);
#4337 = PCURVE('',#1282,#1894);
#4338 = LINE('',#4611,#2780);
#4339 = LINE('',#4382,#709);
#4340 = CARTESIAN_POINT('',(6.28318530718,6.994660248487E-15));
#4341 = DIRECTION('',(-1.224646799147E-16,1.,0.));
#4342 = CARTESIAN_POINT('',(6.218331123573,-5.076495612391));
#4343 = ORIENTED_EDGE('',*,*,#4248,.T.);
#4344 = DIRECTION('',(1.224646799147E-16,-3.491481338843E-15,-1.));
#4345 = LINE('',#610,#2470);
#4346 = EDGE_CURVE('',#468,#1575,#2106,.T.);
#4347 = VECTOR('',#2564,1.);
#4348 = EDGE_LOOP('',(#3495,#1680));
#4349 = CARTESIAN_POINT('',(0.,0.));
#4350 = CARTESIAN_POINT('',(4.712388980385,1.570796326795));
#4351 = VERTEX_POINT('',#4833);
#4352 = EDGE_CURVE('',#2294,#4462,#3254,.T.);
#4353 = DIRECTION('',(0.,-1.,3.504150098834E-15));
#4354 = CIRCLE('',#2584,6.4135);
#4355 = AXIS2_PLACEMENT_3D('',#1520,#3683,#1333);
#4356 = DEFINITIONAL_REPRESENTATION('',(#4148),#435);
#4357 = DIRECTION('',(1.,-4.275831445897E-31,-1.224646799147E-16));
#4358 = LINE('',#1408,#4967);
#4359 = ( GEOMETRIC_REPRESENTATION_CONTEXT(2) 
PARAMETRIC_REPRESENTATION_CONTEXT() REPRESENTATION_CONTEXT('2D SPACE',''
  ) );
#4360 = SURFACE_CURVE('',#2438,(#2111,#1675),.PCURVE_S1.);
#4361 = CARTESIAN_POINT('',(4.712388980385,-0.642598497325));
#4362 = DIRECTION('',(1.,0.));
#4363 = CARTESIAN_POINT('',(4.90605904814,6.277789630731));
#4364 = LINE('',#4477,#5010);
#4365 = DIRECTION('',(0.,1.,-3.491481338843E-15));
#4366 = ORIENTED_EDGE('',*,*,#105,.T.);
#4367 = ORIENTED_EDGE('',*,*,#2115,.T.);
#4368 = AXIS2_PLACEMENT_3D('',#971,#2096,#1042);
#4369 = CARTESIAN_POINT('',(4.712388980385,-0.856797996434));
#4370 = CARTESIAN_POINT('',(1.570796326795,-2.54));
#4371 = CARTESIAN_POINT('',(4.411596750126,5.707313703385));
#4372 = AXIS2_PLACEMENT_3D('',#1932,#1096,#3260);
#4373 = ( GEOMETRIC_REPRESENTATION_CONTEXT(2) 
PARAMETRIC_REPRESENTATION_CONTEXT() REPRESENTATION_CONTEXT('2D SPACE',''
  ) );
#4374 = DIRECTION('',(-1.,0.));
#4375 = DIRECTION('',(-1.,0.));
#4376 = DIRECTION('',(1.,0.,0.));
#4377 = DIRECTION('',(-0.,-0.,1.));
#4378 = CARTESIAN_POINT('',(-6.4135,16.058,-5.772450489849E-14));
#4379 = CYLINDRICAL_SURFACE('',#1383,5.675);
#4380 = CARTESIAN_POINT('',(0.,-2.799542582851E-16,-2.54));
#4381 = AXIS2_PLACEMENT_3D('',#4531,#1409,#224);
#4382 = CARTESIAN_POINT('',(0.,-6.35));
#4383 = ( GEOMETRIC_REPRESENTATION_CONTEXT(2) 
PARAMETRIC_REPRESENTATION_CONTEXT() REPRESENTATION_CONTEXT('2D SPACE',''
  ) );
#4384 = CARTESIAN_POINT('',(4.712388980385,2.379994434538E-02));
#4385 = DIRECTION('',(-1.,0.));
#4386 = VECTOR('',#194,1.);
#4387 = DIRECTION('',(1.,0.,0.));
#4388 = ORIENTED_EDGE('',*,*,#3620,.T.);
#4389 = EDGE_CURVE('',#4524,#3337,#3311,.T.);
#4390 = CARTESIAN_POINT('',(-6.4135,7.854272246332E-16,19.558));
#4391 = AXIS2_PLACEMENT_2D('',#1694,#1820);
#4392 = DEFINITIONAL_REPRESENTATION('',(#4123),#4221);
#4393 = AXIS2_PLACEMENT_3D('',#3247,#433,#3673);
#4394 = CARTESIAN_POINT('',(-2.0808454682,7.015567040537,7.015567040537)
  );
#4395 = LINE('',#3855,#2164);
#4396 = EDGE_LOOP('',(#1673,#2035));
#4397 = DIRECTION('',(1.,0.));
#4398 = DIRECTION('',(1.,0.));
#4399 = LINE('',#3926,#3571);
#4400 = CARTESIAN_POINT('',(1.762544642294,-12.327));
#4401 = PCURVE('',#1885,#2741);
#4402 = VECTOR('',#2062,1.);
#4403 = CARTESIAN_POINT('',(-5.9135,-5.9135));
#4404 = DIRECTION('',(0.,0.,-1.));
#4405 = VECTOR('',#4909,1.);
#4406 = CARTESIAN_POINT('',(4.642474605267,-12.20962170768));
#4407 = ( GEOMETRIC_REPRESENTATION_CONTEXT(2) 
PARAMETRIC_REPRESENTATION_CONTEXT() REPRESENTATION_CONTEXT('2D SPACE',''
  ) );
#4408 = EDGE_LOOP('',(#3436,#698,#1352,#3321,#4525));
#4409 = CARTESIAN_POINT('',(7.853981633974,1.28519699465));
#4410 = PCURVE('',#3504,#1342);
#4411 = CARTESIAN_POINT('',(4.425666456198,5.102922132259));
#4412 = CARTESIAN_POINT('',(-2.184513540031,6.847835686664,
    6.847835686664));
#4413 = CARTESIAN_POINT('',(4.712388980385,1.070997495542));
#4414 = CIRCLE('',#4444,0.5);
#4415 = CYLINDRICAL_SURFACE('',#2962,7.366);
#4416 = DEFINITIONAL_REPRESENTATION('',(#5077),#1868);
#4417 = LINE('',#3150,#571);
#4418 = CARTESIAN_POINT('',(4.178574430477,-14.64913187838));
#4419 = ADVANCED_FACE('',(#4998),#1747,.F.);
#4420 = CARTESIAN_POINT('',(4.480873552578,6.151882526139));
#4421 = PCURVE('',#4630,#397);
#4422 = CARTESIAN_POINT('',(5.847628121145,-17.15700177412));
#4423 = CIRCLE('',#3521,2.54);
#4424 = DIRECTION('',(0.,0.,-1.));
#4425 = MANIFOLD_SOLID_BREP('',#4892);
#4426 = EDGE_LOOP('',(#2850,#1837));
#4427 = DIRECTION('',(-0.,-1.266875999118E-17,-1.));
#4428 = CARTESIAN_POINT('',(3.14159265359,3.925231146709E-16));
#4429 = DIRECTION('',(0.,1.));
#4430 = CARTESIAN_POINT('',(0.,0.));
#4431 = SURFACE_CURVE('',#4156,(#5076,#1909),.PCURVE_S1.);
#4432 = CARTESIAN_POINT('',(2.4315060267,-4.467914001026));
#4433 = EDGE_CURVE('',#2715,#2638,#1749,.T.);
#4434 = VERTEX_POINT('',#492);
#4435 = CARTESIAN_POINT('',(4.712388980385,7.688787457275E-31));
#4436 = DIRECTION('',(-1.,0.));
#4437 = CARTESIAN_POINT('',(0.,19.558,-6.828639202509E-14));
#4438 = EDGE_CURVE('',#1547,#461,#2245,.T.);
#4439 = EDGE_LOOP('',(#966,#4631,#262,#199));
#4440 = PLANE('',#3011);
#4441 = ORIENTED_EDGE('',*,*,#4033,.F.);
#4442 = ORIENTED_EDGE('',*,*,#3375,.T.);
#4443 = ORIENTED_EDGE('',*,*,#481,.T.);
#4444 = AXIS2_PLACEMENT_3D('',#3211,#3114,#211);
#4445 = DEFINITIONAL_REPRESENTATION('',(#1923),#2929);
#4446 = CARTESIAN_POINT('',(0.,0.,7.231));
#4447 = CARTESIAN_POINT('',(1.770755466797,-3.044918945428));
#4448 = LINE('',#3403,#2689);
#4449 = DIRECTION('',(1.,0.));
#4450 = SURFACE_CURVE('',#2623,(#4401,#1173),.PCURVE_S1.);
#4451 = CARTESIAN_POINT('',(-5.715,6.998856457127E-16,19.558));
#4452 = VECTOR('',#2900,1.);
#4453 = PCURVE('',#4609,#185);
#4454 = EDGE_CURVE('',#4061,#3317,#1150,.T.);
#4455 = CARTESIAN_POINT('',(1.771471557083,4.71804327645));
#4456 = EDGE_CURVE('',#3060,#230,#358,.T.);
#4457 = PCURVE('',#5050,#1346);
#4458 = EDGE_CURVE('',#102,#165,#4157,.T.);
#4459 = PRODUCT_CONTEXT('',#504,'mechanical');
#4460 = CARTESIAN_POINT('',(3.77658101792,-4.586813792751));
#4461 = LINE('',#1451,#4558);
#4462 = VERTEX_POINT('',#4668);
#4463 = EDGE_LOOP('',(#4159,#4104,#4276,#901));
#4464 = EDGE_CURVE('',#4827,#3545,#19,.T.);
#4465 = CIRCLE('',#2856,6.4135);
#4466 = CARTESIAN_POINT('',(-5.9135,-5.9135));
#4467 = DIRECTION('',(-1.,0.));
#4468 = EDGE_CURVE('',#3172,#1840,#2187,.T.);
#4469 = CARTESIAN_POINT('',(4.513759294014,4.712388980385));
#4470 = LINE('',#4797,#4268);
#4471 = CYLINDRICAL_SURFACE('',#1425,3.175);
#4472 = DEFINITIONAL_REPRESENTATION('',(#2112),#4006);
#4473 = PCURVE('',#1264,#2546);
#4474 = PCURVE('',#319,#43);
#4475 = AXIS2_PLACEMENT_3D('',#4086,#4066,#1950);
#4476 = ( GEOMETRIC_REPRESENTATION_CONTEXT(2) 
PARAMETRIC_REPRESENTATION_CONTEXT() REPRESENTATION_CONTEXT('2D SPACE',''
  ) );
#4477 = CARTESIAN_POINT('',(6.28318530718,4.712388980385));
#4478 = CARTESIAN_POINT('',(4.625016023862,-12.21972575154));
#4479 = CARTESIAN_POINT('',(3.81,19.558,-6.828639202509E-14));
#4480 = SURFACE_SIDE_STYLE('',(#4623));
#4481 = CIRCLE('',#4835,3.175);
#4482 = CARTESIAN_POINT('',(-5.9135,4.328982450559));
#4483 = DEFINITIONAL_REPRESENTATION('',(#4541),#2338);
#4484 = ( GEOMETRIC_REPRESENTATION_CONTEXT(2) 
PARAMETRIC_REPRESENTATION_CONTEXT() REPRESENTATION_CONTEXT('2D SPACE',''
  ) );
#4485 = DEFINITIONAL_REPRESENTATION('',(#5082),#2409);
#4486 = SURFACE_CURVE('',#4354,(#324,#3266),.PCURVE_S1.);
#4487 = CIRCLE('',#2903,5.715);
#4488 = DIRECTION('',(-0.,-0.,1.));
#4489 = VERTEX_POINT('',#3579);
#4490 = DIRECTION('',(-0.,-1.,3.504150098834E-15));
#4491 = DEFINITIONAL_REPRESENTATION('',(#1879),#3493);
#4492 = VECTOR('',#1443,1.);
#4493 = DIRECTION('',(0.,1.));
#4494 = EDGE_LOOP('',(#3100,#629,#2393,#4087));
#4495 = CARTESIAN_POINT('',(1.366082548139,4.729443483258));
#4496 = CARTESIAN_POINT('',(4.477366664699,4.829449586897));
#4497 = ( GEOMETRIC_REPRESENTATION_CONTEXT(2) 
PARAMETRIC_REPRESENTATION_CONTEXT() REPRESENTATION_CONTEXT('2D SPACE',''
  ) );
#4498 = ( GEOMETRIC_REPRESENTATION_CONTEXT(2) 
PARAMETRIC_REPRESENTATION_CONTEXT() REPRESENTATION_CONTEXT('2D SPACE',''
  ) );
#4499 = SURFACE_CURVE('',#452,(#2269,#4421),.PCURVE_S1.);
#4500 = CARTESIAN_POINT('',(0.,19.058,-6.654065135567E-14));
#4501 = VECTOR('',#4503,1.);
#4502 = PCURVE('',#1982,#769);
#4503 = DIRECTION('',(0.,1.));
#4504 = CARTESIAN_POINT('',(4.988603021366,5.927583950873));
#4505 = SURFACE_CURVE('',#712,(#281,#719),.PCURVE_S1.);
#4506 = CARTESIAN_POINT('',(2.728561271847,-4.868460941473));
#4507 = CIRCLE('',#751,5.925);
#4508 = ( GEOMETRIC_REPRESENTATION_CONTEXT(2) 
PARAMETRIC_REPRESENTATION_CONTEXT() REPRESENTATION_CONTEXT('2D SPACE',''
  ) );
#4509 = CARTESIAN_POINT('',(0.,-2.5));
#4510 = DIRECTION('',(0.,0.,-1.));
#4511 = CARTESIAN_POINT('',(0.,8.651039112295E-31,2.477756079075E-16));
#4512 = CARTESIAN_POINT('',(4.782303355506,-12.20962170768));
#4513 = CARTESIAN_POINT('',(4.500576986867E-16,19.558,3.675));
#4514 = PRODUCT_RELATED_PRODUCT_CATEGORY('part',$,(#1620));
#4515 = ( GEOMETRIC_REPRESENTATION_CONTEXT(2) 
PARAMETRIC_REPRESENTATION_CONTEXT() REPRESENTATION_CONTEXT('2D SPACE',''
  ) );
#4516 = CARTESIAN_POINT('',(4.677421109283,-12.19612802657));
#4517 = AXIS2_PLACEMENT_2D('',#1596,#184);
#4518 = VECTOR('',#4260,1.);
#4519 = ORIENTED_EDGE('',*,*,#967,.F.);
#4520 = CARTESIAN_POINT('',(0.340796802466,-4.935972200968));
#4521 = DIRECTION('',(0.,1.,-3.491481338843E-15));
#4522 = CARTESIAN_POINT('',(6.28318530718,-19.558));
#4523 = DIRECTION('',(1.,0.,0.));
#4524 = VERTEX_POINT('',#3894);
#4525 = ORIENTED_EDGE('',*,*,#3119,.F.);
#4526 = DIRECTION('',(0.,1.,-3.491481338843E-15));
#4527 = CARTESIAN_POINT('',(4.712388980385,0.285599332145));
#4528 = VERTEX_POINT('',#82);
#4529 = DEFINITIONAL_REPRESENTATION('',(#827),#3388);
#4530 = DEFINITIONAL_REPRESENTATION('',(#4461),#2085);
#4531 = CARTESIAN_POINT('',(0.,-1.995076323411E-16,3.81));
#4532 = CARTESIAN_POINT('',(1.87884853197,5.569815724941));
#4533 = SURFACE_CURVE('',#1426,(#5021,#1420),.PCURVE_S1.);
#4534 = LINE('',#3298,#1733);
#4535 = EDGE_LOOP('',(#4738,#3634,#2703,#2110));
#4536 = AXIS2_PLACEMENT_2D('',#1174,#4876);
#4537 = AXIS2_PLACEMENT_3D('',#4184,#1059,#2244);
#4538 = FACE_BOUND('',#4307,.T.);
#4539 = ORIENTED_EDGE('',*,*,#3602,.F.);
#4540 = EDGE_CURVE('',#1519,#1525,#4755,.T.);
#4541 = LINE('',#4852,#3469);
#4542 = AXIS2_PLACEMENT_3D('',#4597,#2931,#2565);
#4543 = EDGE_CURVE('',#3374,#3317,#4979,.T.);
#4544 = DIRECTION('',(-0.,-1.,3.504150098834E-15));
#4545 = VERTEX_POINT('',#1095);
#4546 = DIRECTION('',(1.,0.));
#4547 = CARTESIAN_POINT('',(1.379048011292,-12.327));
#4548 = DIRECTION('',(0.,1.));
#4549 = CARTESIAN_POINT('',(0.131632037497,-5.059944208954));
#4550 = LINE('',#3684,#1396);
#4551 = ORIENTED_EDGE('',*,*,#4975,.F.);
#4552 = CARTESIAN_POINT('',(-1.6699690094,6.732675396566,6.732675396566)
  );
#4553 = DIRECTION('',(0.,1.));
#4554 = CARTESIAN_POINT('',(1.284032008911,5.850030985065));
#4555 = CARTESIAN_POINT('',(5.997585975035,6.714251801278E-15));
#4556 = DIRECTION('',(0.,-0.,1.));
#4557 = APPLICATION_PROTOCOL_DEFINITION('international standard',
  'automotive_design',2000,#504);
#4558 = VECTOR('',#21,1.);
#4559 = PCURVE('',#3448,#1771);
#4560 = CARTESIAN_POINT('',(1.811772392332,4.852788568246));
#4561 = EDGE_CURVE('',#952,#102,#3834,.T.);
#4562 = PCURVE('',#3912,#1526);
#4563 = CARTESIAN_POINT('',(1.905,-9.213056788419));
#4564 = DIRECTION('',(0.,-0.,1.));
#4565 = ( GEOMETRIC_REPRESENTATION_CONTEXT(2) 
PARAMETRIC_REPRESENTATION_CONTEXT() REPRESENTATION_CONTEXT('2D SPACE',''
  ) );
#4566 = DIRECTION('',(0.,1.));
#4567 = CARTESIAN_POINT('',(4.970623434589,4.929796859919));
#4568 = CARTESIAN_POINT('',(-3.675,-6.33437999559E-18,19.558));
#4569 = CARTESIAN_POINT('',(9.020748322519E-16,15.08175,7.366));
#4570 = CYLINDRICAL_SURFACE('',#219,3.81);
#4571 = CARTESIAN_POINT('',(3.273224691087,-5.059944208954));
#4572 = LINE('',#3630,#1745);
#4573 = PCURVE('',#5014,#4781);
#4574 = ( GEOMETRIC_REPRESENTATION_CONTEXT(2) 
PARAMETRIC_REPRESENTATION_CONTEXT() REPRESENTATION_CONTEXT('2D SPACE',''
  ) );
#4575 = CARTESIAN_POINT('',(0.,1.570796326795));
#4576 = ( GEOMETRIC_REPRESENTATION_CONTEXT(2) 
PARAMETRIC_REPRESENTATION_CONTEXT() REPRESENTATION_CONTEXT('2D SPACE',''
  ) );
#4577 = ( GEOMETRIC_REPRESENTATION_CONTEXT(2) 
PARAMETRIC_REPRESENTATION_CONTEXT() REPRESENTATION_CONTEXT('2D SPACE',''
  ) );
#4578 = VECTOR('',#2464,1.);
#4579 = CARTESIAN_POINT('',(0.,-19.558));
#4580 = PRODUCT_RELATED_PRODUCT_CATEGORY('part',$,(#1073));
#4581 = PLANE('',#2660);
#4582 = ADVANCED_FACE('',(#3379),#547,.T.);
#4583 = CYLINDRICAL_SURFACE('',#1421,5.715);
#4584 = AXIS2_PLACEMENT_3D('',#3227,#2440,#1898);
#4585 = DEFINITIONAL_REPRESENTATION('',(#3419),#2068);
#4586 = PCURVE('',#4471,#2358);
#4587 = VECTOR('',#3554,1.);
#4588 = LINE('',#3240,#3177);
#4589 = LINE('',#4593,#3666);
#4590 = PCURVE('',#2195,#2677);
#4591 = PRODUCT_DEFINITION_CONTEXT('part definition',#504,'design');
#4592 = DIRECTION('',(0.,1.,-1.266875999118E-17));
#4593 = CARTESIAN_POINT('',(0.,-2.5));
#4594 = DEFINITIONAL_REPRESENTATION('',(#2538),#3025);
#4595 = DEFINITIONAL_REPRESENTATION('',(#2248),#2696);
#4596 = DIRECTION('',(-1.,-1.224646799147E-16,0.));
#4597 = CARTESIAN_POINT('',(0.,19.558,-6.828639202509E-14));
#4598 = EDGE_CURVE('',#2715,#1105,#3611,.T.);
#4599 = FACE_BOUND('',#2179,.T.);
#4600 = ( GEOMETRIC_REPRESENTATION_CONTEXT(2) 
PARAMETRIC_REPRESENTATION_CONTEXT() REPRESENTATION_CONTEXT('2D SPACE',''
  ) );
#4601 = CARTESIAN_POINT('',(3.110602869834E-16,3.81,2.54));
#4602 = DIRECTION('',(0.,1.));
#4603 = DIRECTION('',(-0.,-0.,1.));
#4604 = CARTESIAN_POINT('',(0.,0.806));
#4605 = CARTESIAN_POINT('',(0.,3.14159265359));
#4606 = ( GEOMETRIC_REPRESENTATION_CONTEXT(2) 
PARAMETRIC_REPRESENTATION_CONTEXT() REPRESENTATION_CONTEXT('2D SPACE',''
  ) );
#4607 = DIRECTION('',(1.,0.));
#4608 = DEFINITIONAL_REPRESENTATION('',(#3144),#4847);
#4609 = PLANE('',#1422);
#4610 = CARTESIAN_POINT('',(4.50762859837,4.72957696141));
#4611 = CARTESIAN_POINT('',(0.,1.570796326795));
#4612 = LINE('',#3633,#4617);
#4613 = CARTESIAN_POINT('',(-10.43,-5.715));
#4614 = MECHANICAL_DESIGN_GEOMETRIC_PRESENTATION_REPRESENTATION('',(
    #1783),#4950);
#4615 = CARTESIAN_POINT('',(3.14159265359,0.));
#4616 = PCURVE('',#1291,#4300);
#4617 = VECTOR('',#1944,1.);
#4618 = LINE('',#1475,#260);
#4619 = VECTOR('',#2579,1.);
#4620 = DEFINITIONAL_REPRESENTATION('',(#871),#61);
#4621 = PCURVE('',#1224,#2009);
#4622 = CARTESIAN_POINT('',(1.829372519142,4.931469135039));
#4623 = SURFACE_STYLE_FILL_AREA(#296);
#4624 = PCURVE('',#960,#680);
#4625 = CARTESIAN_POINT('',(0.,5.925,6.731));
#4626 = ORIENTED_EDGE('',*,*,#1795,.T.);
#4627 = ORIENTED_EDGE('',*,*,#2574,.T.);
#4628 = ( GEOMETRIC_REPRESENTATION_CONTEXT(2) 
PARAMETRIC_REPRESENTATION_CONTEXT() REPRESENTATION_CONTEXT('2D SPACE',''
  ) );
#4629 = CARTESIAN_POINT('',(0.,3.175,-2.54));
#4630 = CYLINDRICAL_SURFACE('',#2902,6.4135);
#4631 = ORIENTED_EDGE('',*,*,#4033,.T.);
#4632 = ( GEOMETRIC_REPRESENTATION_CONTEXT(2) 
PARAMETRIC_REPRESENTATION_CONTEXT() REPRESENTATION_CONTEXT('2D SPACE',''
  ) );
#4633 = ( GEOMETRIC_REPRESENTATION_CONTEXT(2) 
PARAMETRIC_REPRESENTATION_CONTEXT() REPRESENTATION_CONTEXT('2D SPACE',''
  ) );
#4634 = CARTESIAN_POINT('',(6.28318530718,4.712388980385));
#4635 = DEFINITIONAL_REPRESENTATION('',(#2292),#1794);
#4636 = DIRECTION('',(0.,1.));
#4637 = PCURVE('',#4581,#4671);
#4638 = DEFINITIONAL_REPRESENTATION('',(#1763),#3357);
#4639 = ( GEOMETRIC_REPRESENTATION_CONTEXT(2) 
PARAMETRIC_REPRESENTATION_CONTEXT() REPRESENTATION_CONTEXT('2D SPACE',''
  ) );
#4640 = LINE('',#2192,#2298);
#4641 = CARTESIAN_POINT('',(1.588281598706,-12.19275073806));
#4642 = DIRECTION('',(1.,0.,0.));
#4643 = LINE('',#1023,#3814);
#4644 = DIRECTION('',(-1.,-1.130863886743E-15));
#4645 = ORIENTED_EDGE('',*,*,#4010,.T.);
#4646 = DEFINITIONAL_REPRESENTATION('',(#2330),#3730);
#4647 = CARTESIAN_POINT('',(0.,6.28318530718));
#4648 = VECTOR('',#2078,1.);
#4649 = CARTESIAN_POINT('',(0.,16.558,-5.781194800856E-14));
#4650 = ( GEOMETRIC_REPRESENTATION_CONTEXT(2) 
PARAMETRIC_REPRESENTATION_CONTEXT() REPRESENTATION_CONTEXT('2D SPACE',''
  ) );
#4651 = ( GEOMETRIC_REPRESENTATION_CONTEXT(2) 
PARAMETRIC_REPRESENTATION_CONTEXT() REPRESENTATION_CONTEXT('2D SPACE',''
  ) );
#4652 = DIRECTION('',(1.,0.,0.));
#4653 = LINE('',#261,#2580);
#4654 = VECTOR('',#1522,1.);
#4655 = CARTESIAN_POINT('',(0.,3.81,-1.310303626865E-14));
#4656 = VECTOR('',#4602,1.);
#4657 = EDGE_CURVE('',#4089,#1525,#939,.T.);
#4658 = CARTESIAN_POINT('',(3.14159265359,0.));
#4659 = ORIENTED_EDGE('',*,*,#5,.T.);
#4660 = CIRCLE('',#664,5.925);
#4661 = DEFINITIONAL_REPRESENTATION('',(#1984),#999);
#4662 = CARTESIAN_POINT('',(3.14159265359,0.));
#4663 = DEFINITIONAL_REPRESENTATION('',(#1048),#474);
#4664 = DIRECTION('',(-1.,0.));
#4665 = CARTESIAN_POINT('',(0.,0.,0.));
#4666 = CARTESIAN_POINT('',(-5.715,19.558,-6.898627767081E-14));
#4667 = ( GEOMETRIC_REPRESENTATION_CONTEXT(2) 
PARAMETRIC_REPRESENTATION_CONTEXT() REPRESENTATION_CONTEXT('2D SPACE',''
  ) );
#4668 = CARTESIAN_POINT('',(0.,2.54,3.81));
#4669 = CARTESIAN_POINT('',(0.,-2.799542582851E-16,-2.54));
#4670 = DEFINITIONAL_REPRESENTATION('',(#1010),#3854);
#4671 = DEFINITIONAL_REPRESENTATION('',(#3148),#2260);
#4672 = ( GEOMETRIC_REPRESENTATION_CONTEXT(2) 
PARAMETRIC_REPRESENTATION_CONTEXT() REPRESENTATION_CONTEXT('2D SPACE',''
  ) );
#4673 = ORIENTED_EDGE('',*,*,#4898,.F.);
#4674 = TOROIDAL_SURFACE('',#2781,3.675,0.5);
#4675 = AXIS2_PLACEMENT_3D('',#4169,#312,#1427);
#4676 = FACE_BOUND('',#1969,.T.);
#4677 = EDGE_CURVE('',#3341,#4080,#3393,.T.);
#4678 = CARTESIAN_POINT('',(-5.715,6.998856457127E-16,18.058));
#4679 = ORIENTED_EDGE('',*,*,#3874,.T.);
#4680 = DIRECTION('',(0.,1.,-1.266875999118E-17));
#4681 = SURFACE_CURVE('',#3371,(#57,#4848),.PCURVE_S1.);
#4682 = CARTESIAN_POINT('',(0.,-3.5));
#4683 = CARTESIAN_POINT('',(0.,2.54,2.54));
#4684 = AXIS2_PLACEMENT_3D('',#3301,#661,#1445);
#4685 = FACE_BOUND('',#1955,.F.);
#4686 = CARTESIAN_POINT('',(3.14159265359,1.570796326795));
#4687 = VECTOR('',#815,1.);
#4688 = PCURVE('',#1747,#4707);
#4689 = SURFACE_CURVE('',#93,(#1902,#1251),.PCURVE_S1.);
#4690 = DEFINITIONAL_REPRESENTATION('',(#4198),#3513);
#4691 = DIRECTION('',(-1.,0.,0.));
#4692 = CARTESIAN_POINT('',(0.473714259338,7.411556624519,7.411556624519
    ));
#4693 = AXIS2_PLACEMENT_3D('',#906,#2323,#2539);
#4694 = DIRECTION('',(0.,1.));
#4695 = EDGE_CURVE('',#3583,#1490,#90,.T.);
#4696 = CIRCLE('',#4536,3.675);
#4697 = VECTOR('',#2024,1.);
#4698 = DEFINITIONAL_REPRESENTATION('',(#4395),#1323);
#4699 = SURFACE_CURVE('',#1311,(#2151,#2751),.PCURVE_S1.);
#4700 = DIRECTION('',(0.,1.));
#4701 = CARTESIAN_POINT('',(1.835134230816,4.960963122758));
#4702 = PCURVE('',#577,#2353);
#4703 = PCURVE('',#530,#1413);
#4704 = VECTOR('',#4365,1.);
#4705 = CARTESIAN_POINT('',(3.888253587293E-16,-3.175,19.058));
#4706 = CYLINDRICAL_SURFACE('',#2472,5.675);
#4707 = DEFINITIONAL_REPRESENTATION('',(#39),#4383);
#4708 = CARTESIAN_POINT('',(6.28318530718,4.712388980385));
#4709 = AXIS2_PLACEMENT_3D('',#2716,#1481,#4387);
#4710 = EDGE_CURVE('',#3060,#2134,#2222,.T.);
#4711 = ORIENTED_EDGE('',*,*,#32,.T.);
#4712 = ( GEOMETRIC_REPRESENTATION_CONTEXT(2) 
PARAMETRIC_REPRESENTATION_CONTEXT() REPRESENTATION_CONTEXT('2D SPACE',''
  ) );
#4713 = CARTESIAN_POINT('',(4.403797321584,5.396213332581));
#4714 = PCURVE('',#4471,#4236);
#4715 = DIRECTION('',(1.,0.,0.));
#4716 = CARTESIAN_POINT('',(0.,19.058,-6.654065135567E-14));
#4717 = DIRECTION('',(1.,0.));
#4718 = AXIS2_PLACEMENT_2D('',#4196,#1250);
#4719 = DIRECTION('',(1.,0.,0.));
#4720 = LINE('',#1065,#840);
#4721 = DEFINITIONAL_REPRESENTATION('',(#2733),#2610);
#4722 = CARTESIAN_POINT('',(7.425582635758,2.887605055919E-15));
#4723 = EDGE_CURVE('',#1850,#3519,#3267,.T.);
#4724 = VECTOR('',#1114,1.);
#4725 = PCURVE('',#2572,#1126);
#4726 = ( GEOMETRIC_REPRESENTATION_CONTEXT(2) 
PARAMETRIC_REPRESENTATION_CONTEXT() REPRESENTATION_CONTEXT('2D SPACE',''
  ) );
#4727 = VECTOR('',#1476,1.);
#4728 = SURFACE_CURVE('',#3600,(#3971,#980),.PCURVE_S1.);
#4729 = SURFACE_CURVE('',#2005,(#992,#4177),.PCURVE_S1.);
#4730 = CARTESIAN_POINT('',(4.659943853088,-12.20175340047));
#4731 = DIRECTION('',(0.,1.));
#4732 = DIRECTION('',(1.,0.,0.));
#4733 = AXIS2_PLACEMENT_3D('',#542,#4229,#4915);
#4734 = LINE('',#3050,#860);
#4735 = DEFINITIONAL_REPRESENTATION('',(#253),#4508);
#4736 = LINE('',#2377,#5043);
#4737 = ORIENTED_EDGE('',*,*,#4540,.F.);
#4738 = ORIENTED_EDGE('',*,*,#2109,.F.);
#4739 = LINE('',#1579,#3676);
#4740 = CARTESIAN_POINT('',(0.,1.570796326795));
#4741 = LINE('',#1494,#3370);
#4742 = ( GEOMETRIC_REPRESENTATION_CONTEXT(2) 
PARAMETRIC_REPRESENTATION_CONTEXT() REPRESENTATION_CONTEXT('2D SPACE',''
  ) );
#4743 = B_SPLINE_CURVE_WITH_KNOTS('',3,(#3909,#4094,#2746,#954,#993,
    #2144,#2839,#3401,#1870,#4772,#4306,#4369,#127,#1957,#4361,#831,
    #129,#4774,#2321,#228,#1623,#1974,#257,#2121,#1262),
  .UNSPECIFIED.,.F.,.F.,(4,1,1,1,1,1,1,1,1,1,1,1,1,1,1,1,1,1,1,1,1,1,4),
  (4.712388980385,4.783788813421,4.855188646457,4.926588479493,
    4.997988312529,5.069388145565,5.140787978601,5.212187811638,
    5.283587644674,5.35498747771,5.426387310746,5.497787143782,
    5.569186976818,5.640586809854,5.711986642891,5.783386475927,
    5.854786308963,5.926186141999,5.997585975035,6.068985808071,
    6.140385641107,6.211785474143,6.28318530718),.QUASI_UNIFORM_KNOTS.);
#4744 = PCURVE('',#4303,#510);
#4745 = EDGE_CURVE('',#4920,#2785,#3121,.T.);
#4746 = DIRECTION('',(0.,1.,-3.491481338843E-15));
#4747 = SURFACE_CURVE('',#4138,(#1492,#4703),.PCURVE_S1.);
#4748 = CARTESIAN_POINT('',(0.,-2.54,9.148316858947E-15));
#4749 = CARTESIAN_POINT('',(4.976381336896,4.959140425923));
#4750 = DIRECTION('',(0.,-0.,1.));
#4751 = CIRCLE('',#2516,3.81);
#4752 = SURFACE_CURVE('',#4507,(#1139,#490),.PCURVE_S1.);
#4753 = CARTESIAN_POINT('',(4.712388980385,0.142799666072));
#4754 = PCURVE('',#2513,#4142);
#4755 = SURFACE_CURVE('',#402,(#1810,#4624),.PCURVE_S1.);
#4756 = ( BOUNDED_CURVE() B_SPLINE_CURVE(3,(#2913,#1056,#1127,#4866),
.UNSPECIFIED.,.F.,.F.) B_SPLINE_CURVE_WITH_KNOTS((4,4),(1.570796326795,
3.14159265359),.PIECEWISE_BEZIER_KNOTS.) CURVE() 
GEOMETRIC_REPRESENTATION_ITEM() RATIONAL_B_SPLINE_CURVE((1.,
0.804737854124,0.804737854124,1.)) REPRESENTATION_ITEM('') );
#4757 = DIRECTION('',(1.,0.));
#4758 = CARTESIAN_POINT('',(0.,-2.54));
#4759 = CARTESIAN_POINT('',(0.785398163397,-4.337751451413));
#4760 = PCURVE('',#4674,#2154);
#4761 = CARTESIAN_POINT('',(4.911018666756,4.712388980385));
#4762 = AXIS2_PLACEMENT_2D('',#3433,#1143);
#4763 = DEFINITIONAL_REPRESENTATION('',(#943),#4957);
#4764 = CARTESIAN_POINT('',(4.712388980385,1.070997495542));
#4765 = PCURVE('',#2480,#3051);
#4766 = DIRECTION('',(1.,0.));
#4767 = DIRECTION('',(1.,0.));
#4768 = LINE('',#4165,#1159);
#4769 = ( GEOMETRIC_REPRESENTATION_CONTEXT(2) 
PARAMETRIC_REPRESENTATION_CONTEXT() REPRESENTATION_CONTEXT('2D SPACE',''
  ) );
#4770 = LINE('',#613,#1435);
#4771 = EDGE_CURVE('',#2186,#3583,#196,.T.);
#4772 = CARTESIAN_POINT('',(4.712388980385,-0.999597662506));
#4773 = VECTOR('',#1960,1.);
#4774 = CARTESIAN_POINT('',(4.712388980385,-0.428398998217));
#4775 = CARTESIAN_POINT('',(0.,-3.5));
#4776 = CARTESIAN_POINT('',(0.,0.,0.));
#4777 = LINE('',#852,#62);
#4778 = DEFINITIONAL_REPRESENTATION('',(#3615),#1172);
#4779 = CARTESIAN_POINT('',(-1.986642482511,7.065595806154,
    7.065595806154));
#4780 = CARTESIAN_POINT('',(0.,-6.4135));
#4781 = DEFINITIONAL_REPRESENTATION('',(#3759),#2889);
#4782 = ( GEOMETRIC_REPRESENTATION_CONTEXT(2) 
PARAMETRIC_REPRESENTATION_CONTEXT() REPRESENTATION_CONTEXT('2D SPACE',''
  ) );
#4783 = CARTESIAN_POINT('',(4.712388980385,1.499396493759));
#4784 = PCURVE('',#1291,#1773);
#4785 = CARTESIAN_POINT('',(-5.9135,7.241948846758E-16,19.558));
#4786 = ( GEOMETRIC_REPRESENTATION_CONTEXT(2) 
PARAMETRIC_REPRESENTATION_CONTEXT() REPRESENTATION_CONTEXT('2D SPACE',''
  ) );
#4787 = CIRCLE('',#4818,3.81);
#4788 = VECTOR('',#3369,1.);
#4789 = EDGE_CURVE('',#446,#461,#2890,.T.);
#4790 = SURFACE_CURVE('',#3489,(#206,#3071),.PCURVE_S1.);
#4791 = PCURVE('',#4216,#1731);
#4792 = VECTOR('',#4129,1.);
#4793 = CARTESIAN_POINT('',(1.010483285738,-3.891131897376));
#4794 = LINE('',#2983,#4492);
#4795 = LINE('',#1131,#1965);
#4796 = CARTESIAN_POINT('',(1.905,-9.213056788419));
#4797 = CARTESIAN_POINT('',(0.,0.));
#4798 = AXIS2_PLACEMENT_3D('',#1809,#390,#2215);
#4799 = CARTESIAN_POINT('',(-5.9135,-5.9135));
#4800 = PCURVE('',#3163,#3492);
#4801 = CARTESIAN_POINT('',(1.330102123195,4.851651236485));
#4802 = VECTOR('',#3407,1.);
#4803 = CIRCLE('',#2026,7.366);
#4804 = PCURVE('',#4274,#4445);
#4805 = ORIENTED_EDGE('',*,*,#4789,.F.);
#4806 = CARTESIAN_POINT('',(0.,6.28318530718));
#4807 = CARTESIAN_POINT('',(4.465500226328,4.877496460768));
#4808 = ADVANCED_FACE('',(#2387),#108,.T.);
#4809 = CARTESIAN_POINT('',(6.28318530718,0.));
#4810 = DIRECTION('',(1.224646799147E-16,1.,0.));
#4811 = EDGE_CURVE('',#3456,#2186,#3221,.T.);
#4812 = CARTESIAN_POINT('',(0.,-1.5));
#4813 = CARTESIAN_POINT('',(0.,0.97625));
#4814 = AXIS2_PLACEMENT_3D('',#689,#4209,#2253);
#4815 = CARTESIAN_POINT('',(4.917102759041,4.729443483258));
#4816 = DIRECTION('',(0.,1.));
#4817 = CARTESIAN_POINT('',(9.424777960769,0.));
#4818 = AXIS2_PLACEMENT_2D('',#2460,#2624);
#4819 = ( GEOMETRIC_REPRESENTATION_CONTEXT(2) 
PARAMETRIC_REPRESENTATION_CONTEXT() REPRESENTATION_CONTEXT('2D SPACE',''
  ) );
#4820 = PCURVE('',#960,#3440);
#4821 = ( BOUNDED_CURVE() B_SPLINE_CURVE(2,(#4922,#2311,#963,#1786,
#3884,#2290,#4466),.UNSPECIFIED.,.T.,.F.) B_SPLINE_CURVE_WITH_KNOTS((1,2
    ,2,2,2,1),(-2.094395102393,0.,2.094395102393,4.188790204786,
6.28318530718,8.377580409573),.UNSPECIFIED.) CURVE() 
GEOMETRIC_REPRESENTATION_ITEM() RATIONAL_B_SPLINE_CURVE((1.,0.5,1.,0.5,
1.,0.5,1.)) REPRESENTATION_ITEM('') );
#4822 = VECTOR('',#410,1.);
#4823 = CARTESIAN_POINT('',(3.14159265359,3.14159265359));
#4824 = CARTESIAN_POINT('',(4.43665219375,5.025967776317));
#4825 = CARTESIAN_POINT('',(0.,-6.4135));
#4826 = ( GEOMETRIC_REPRESENTATION_CONTEXT(2) 
PARAMETRIC_REPRESENTATION_CONTEXT() REPRESENTATION_CONTEXT('2D SPACE',''
  ) );
#4827 = VERTEX_POINT('',#1258);
#4828 = PCURVE('',#1356,#3726);
#4829 = ( GEOMETRIC_REPRESENTATION_CONTEXT(2) 
PARAMETRIC_REPRESENTATION_CONTEXT() REPRESENTATION_CONTEXT('2D SPACE',''
  ) );
#4830 = CARTESIAN_POINT('',(5.013571447151,5.247127738938));
#4831 = CARTESIAN_POINT('',(0.,-6.35));
#4832 = CIRCLE('',#759,5.215);
#4833 = CARTESIAN_POINT('',(5.9135,16.058,-5.606620733914E-14));
#4834 = CARTESIAN_POINT('',(-5.9135,4.328982450559));
#4835 = AXIS2_PLACEMENT_3D('',#2713,#650,#1645);
#4836 = DIRECTION('',(1.,0.));
#4837 = CARTESIAN_POINT('',(3.14159265359,0.));
#4838 = DIRECTION('',(0.,1.));
#4839 = CARTESIAN_POINT('',(3.577149839625,-17.15700177412));
#4840 = SURFACE_CURVE('',#460,(#3008,#1296),.PCURVE_S1.);
#4841 = LINE('',#1753,#4011);
#4842 = AXIS2_PLACEMENT_3D('',#497,#922,#1104);
#4843 = FACE_BOUND('',#575,.T.);
#4844 = VERTEX_POINT('',#4864);
#4845 = ( GEOMETRIC_REPRESENTATION_CONTEXT(2) 
PARAMETRIC_REPRESENTATION_CONTEXT() REPRESENTATION_CONTEXT('2D SPACE',''
  ) );
#4846 = CYLINDRICAL_SURFACE('',#2684,3.81);
#4847 = ( GEOMETRIC_REPRESENTATION_CONTEXT(2) 
PARAMETRIC_REPRESENTATION_CONTEXT() REPRESENTATION_CONTEXT('2D SPACE',''
  ) );
#4848 = PCURVE('',#4440,#4991);
#4849 = CARTESIAN_POINT('',(0.,3.175,19.058));
#4850 = AXIS2_PLACEMENT_3D('',#1171,#4357,#750);
#4851 = ( GEOMETRIC_REPRESENTATION_CONTEXT(2) 
PARAMETRIC_REPRESENTATION_CONTEXT() REPRESENTATION_CONTEXT('2D SPACE',''
  ) );
#4852 = CARTESIAN_POINT('',(3.14159265359,3.14159265359));
#4853 = CARTESIAN_POINT('',(0.,0.,7.231));
#4854 = DEFINITIONAL_REPRESENTATION('',(#2265),#784);
#4855 = DIRECTION('',(-1.,1.224646799147E-16,0.));
#4856 = DIRECTION('',(1.,0.,0.));
#4857 = CARTESIAN_POINT('',(0.,6.28318530718));
#4858 = LINE('',#2410,#477);
#4859 = SURFACE_CURVE('',#3167,(#820,#1084),.PCURVE_S1.);
#4860 = PCURVE('',#713,#3821);
#4861 = SURFACE_CURVE('',#1324,(#2534,#2718),.PCURVE_S1.);
#4862 = SURFACE_CURVE('',#3796,(#2961,#2842),.PCURVE_S1.);
#4863 = ORIENTED_EDGE('',*,*,#2577,.F.);
#4864 = CARTESIAN_POINT('',(-2.54,2.396099600831E-30,6.814564769017E-16)
  );
#4865 = CARTESIAN_POINT('',(4.509196831098,6.249799145596));
#4866 = CARTESIAN_POINT('',(0.,2.54,2.54));
#4867 = LINE('',#3890,#1535);
#4868 = CARTESIAN_POINT('',(5.125420362128,-3.560423885651));
#4869 = ORIENTED_EDGE('',*,*,#4433,.F.);
#4870 = CARTESIAN_POINT('',(4.520640664885,6.28318530718));
#4871 = ( BOUNDED_CURVE() B_SPLINE_CURVE(2,(#4097,#3817,#2936,#3523,#615,#2188
,#4299),.UNSPECIFIED.,.T.,.F.) B_SPLINE_CURVE_WITH_KNOTS((1,2,2,2,2,1),(
    -2.094395102393,0.,2.094395102393,4.188790204786,6.28318530718,
8.377580409573),.UNSPECIFIED.) CURVE() GEOMETRIC_REPRESENTATION_ITEM() 
RATIONAL_B_SPLINE_CURVE((1.,0.5,1.,0.5,1.,0.5,1.)) REPRESENTATION_ITEM(
  '') );
#4872 = DIRECTION('',(-0.,-0.,1.));
#4873 = LINE('',#3295,#3592);
#4874 = CARTESIAN_POINT('',(6.711584305396,6.356442226631E-15));
#4875 = CARTESIAN_POINT('',(0.,-12.327));
#4876 = DIRECTION('',(-0.,1.));
#4877 = CARTESIAN_POINT('',(3.482389456056,-4.935972200968));
#4878 = DIRECTION('',(0.,1.));
#4879 = DIRECTION('',(0.,1.,-1.266875999118E-17));
#4880 = CARTESIAN_POINT('',(0.,19.058,-6.654065135567E-14));
#4881 = AXIS2_PLACEMENT_3D('',#1550,#4887,#4052);
#4882 = CARTESIAN_POINT('',(0.,0.,0.));
#4883 = EDGE_CURVE('',#836,#2709,#4237,.T.);
#4884 = CARTESIAN_POINT('',(6.28318530718,4.712388980385));
#4885 = DIRECTION('',(0.,-0.,1.));
#4886 = DIRECTION('',(1.,0.,0.));
#4887 = DIRECTION('',(1.,-4.275831445897E-31,-1.224646799147E-16));
#4888 = EDGE_LOOP('',(#938,#4539));
#4889 = CARTESIAN_POINT('',(1.640710701913,-12.20962170768));
#4890 = CARTESIAN_POINT('',(4.712388980385,0.999597662506));
#4891 = PCURVE('',#4440,#3000);
#4892 = CLOSED_SHELL('',(#309,#501,#4242,#3353,#4960,#2252,#4305,#3783,#4075,
    #2598,#3473,#4070,#867,#2341,#4955,#3422,#2207,#902,#3629,#1710,
    #700,#652,#3847,#522,#3351,#3285,#154,#2239,#4808,#3713,#330,
    #1917,#1527,#2281,#572,#1961,#5017,#2531,#3677,#3969,#4582,#3446,
    #2636,#1589,#4176,#869,#870,#1097,#3074,#567,#3168,#2261,#277,
    #2169,#729,#1650,#2692,#3652,#4312,#1761,#962,#3561,#3675,#2077,
    #3623,#4419,#3608,#2833,#4971,#2989,#1188,#3785,#1076,#2528));
#4893 = CARTESIAN_POINT('',(0.,-6.35));
#4894 = CARTESIAN_POINT('',(1.301072699641,-3.217380246454));
#4895 = DEFINITIONAL_REPRESENTATION('',(#2277),#5081);
#4896 = EDGE_CURVE('',#2561,#3545,#2760,.T.);
#4897 = DEFINITIONAL_REPRESENTATION('',(#3945),#2205);
#4898 = EDGE_CURVE('',#2764,#676,#4862,.T.);
#4899 = CARTESIAN_POINT('',(1.53582845569,-12.19612802657));
#4900 = DEFINITIONAL_REPRESENTATION('',(#710),#2342);
#4901 = VERTEX_POINT('',#2614);
#4902 = ( GEOMETRIC_REPRESENTATION_CONTEXT(2) 
PARAMETRIC_REPRESENTATION_CONTEXT() REPRESENTATION_CONTEXT('2D SPACE',''
  ) );
#4903 = VECTOR('',#134,1.);
#4904 = DEFINITIONAL_REPRESENTATION('',(#2885),#4515);
#4905 = PCURVE('',#5018,#1814);
#4906 = PCURVE('',#547,#1859);
#4907 = ORIENTED_EDGE('',*,*,#4220,.T.);
#4908 = CARTESIAN_POINT('',(0.,-13.077));
#4909 = DIRECTION('',(1.,0.));
#4910 = CARTESIAN_POINT('',(7.853981633974,0.713998330361));
#4911 = DIRECTION('',(1.,0.,0.));
#4912 = SURFACE_CURVE('',#3063,(#1776,#51),.PCURVE_S1.);
#4913 = LINE('',#2871,#2507);
#4914 = CARTESIAN_POINT('',(2.166347438134,6.952052774893,6.952052774893
    ));
#4915 = DIRECTION('',(1.,0.,0.));
#4916 = SURFACE_CURVE('',#1619,(#804,#2880),.PCURVE_S1.);
#4917 = CARTESIAN_POINT('',(3.110602869834E-16,-2.54,3.81));
#4918 = CARTESIAN_POINT('',(1.658169283317,-12.21972575154));
#4919 = SURFACE_CURVE('',#951,(#1185,#806),.PCURVE_S1.);
#4920 = VERTEX_POINT('',#1064);
#4921 = DIRECTION('',(-1.,0.));
#4922 = CARTESIAN_POINT('',(-5.9135,-5.9135));
#4923 = ( BOUNDED_CURVE() B_SPLINE_CURVE(2,(#3705,#4931,#833,#4068,
#1903,#2210,#4269),.UNSPECIFIED.,.T.,.F.) B_SPLINE_CURVE_WITH_KNOTS((1,2
    ,2,2,2,1),(-2.094395102393,0.,2.094395102393,4.188790204786,
6.28318530718,8.377580409573),.UNSPECIFIED.) CURVE() 
GEOMETRIC_REPRESENTATION_ITEM() RATIONAL_B_SPLINE_CURVE((1.,0.5,1.,0.5,
1.,0.5,1.)) REPRESENTATION_ITEM('') );
#4924 = CIRCLE('',#985,5.9135);
#4925 = FACE_BOUND('',#4965,.T.);
#4926 = AXIS2_PLACEMENT_3D('',#2043,#2275,#45);
#4927 = DIRECTION('',(0.,1.,-3.491481338843E-15));
#4928 = CARTESIAN_POINT('',(5.020759460776,5.560249296124));
#4929 = PCURVE('',#2452,#2958);
#4930 = ( BOUNDED_CURVE() B_SPLINE_CURVE(2,(#4799,#4482,#3195,#4105,
#4055,#3184,#3042),.UNSPECIFIED.,.T.,.F.) B_SPLINE_CURVE_WITH_KNOTS((1,2
    ,2,2,2,1),(-2.094395102393,0.,2.094395102393,4.188790204786,
6.28318530718,8.377580409573),.UNSPECIFIED.) CURVE() 
GEOMETRIC_REPRESENTATION_ITEM() RATIONAL_B_SPLINE_CURVE((1.,0.5,1.,0.5,
1.,0.5,1.)) REPRESENTATION_ITEM('') );
#4931 = CARTESIAN_POINT('',(6.88975,-17.84689705144));
#4932 = CARTESIAN_POINT('',(6.88975,-5.9135));
#4933 = FACE_BOUND('',#4046,.T.);
#4934 = PCURVE('',#723,#3868);
#4935 = ORIENTED_EDGE('',*,*,#1737,.F.);
#4936 = PCURVE('',#1224,#3746);
#4937 = CIRCLE('',#139,2.54);
#4938 = CARTESIAN_POINT('',(0.,5.715,19.558));
#4939 = CARTESIAN_POINT('',(1.31256187259,4.929796859919));
#4940 = FACE_BOUND('',#3769,.T.);
#4941 = DIRECTION('',(-0.,-0.,1.));
#4942 = VECTOR('',#3018,1.);
#4943 = CARTESIAN_POINT('',(0.,19.058,-6.654065135567E-14));
#4944 = LINE('',#3312,#747);
#4945 = DIRECTION('',(-1.,0.));
#4946 = EDGE_LOOP('',(#400,#200,#4443,#1366));
#4947 = CARTESIAN_POINT('',(6.866,7.231,-2.524690156117E-14));
#4948 = DIRECTION('',(1.,0.));
#4949 = CARTESIAN_POINT('',(1.360021322284,4.747363155605));
#4950 = ( GEOMETRIC_REPRESENTATION_CONTEXT(3) 
GLOBAL_UNCERTAINTY_ASSIGNED_CONTEXT((#234)) 
GLOBAL_UNIT_ASSIGNED_CONTEXT((#2767,#4023,#2822)) REPRESENTATION_CONTEXT
('Context #4557','3D Context with UNIT and UNCERTAINTY') );
#4951 = DIRECTION('',(0.,1.));
#4952 = AXIS2_PLACEMENT_3D('',#3607,#5024,#2830);
#4953 = DIRECTION('',(1.,0.));
#4954 = CIRCLE('',#4372,6.4135);
#4955 = ADVANCED_FACE('',(#52),#5050,.T.);
#4956 = PCURVE('',#4583,#1586);
#4957 = ( GEOMETRIC_REPRESENTATION_CONTEXT(2) 
PARAMETRIC_REPRESENTATION_CONTEXT() REPRESENTATION_CONTEXT('2D SPACE',''
  ) );
#4958 = DIRECTION('',(0.,-1.,3.491481338843E-15));
#4959 = DIRECTION('',(0.,-3.491481338843E-15,-1.));
#4960 = ADVANCED_FACE('',(#2942),#4973,.T.);
#4961 = DIRECTION('',(0.,-1.,-0.));
#4962 = VERTEX_POINT('',#1227);
#4963 = DIRECTION('',(0.,1.,-3.491481338843E-15));
#4964 = CIRCLE('',#1190,2.54);
#4965 = EDGE_LOOP('',(#3302,#743));
#4966 = DEFINITIONAL_REPRESENTATION('',(#3476),#140);
#4967 = VECTOR('',#3142,1.);
#4968 = DEFINITIONAL_REPRESENTATION('',(#1986),#83);
#4969 = ( GEOMETRIC_REPRESENTATION_CONTEXT(2) 
PARAMETRIC_REPRESENTATION_CONTEXT() REPRESENTATION_CONTEXT('2D SPACE',''
  ) );
#4970 = ( GEOMETRIC_REPRESENTATION_CONTEXT(2) 
PARAMETRIC_REPRESENTATION_CONTEXT() REPRESENTATION_CONTEXT('2D SPACE',''
  ) );
#4971 = ADVANCED_FACE('',(#493),#5014,.T.);
#4972 = ( GEOMETRIC_REPRESENTATION_CONTEXT(2) 
PARAMETRIC_REPRESENTATION_CONTEXT() REPRESENTATION_CONTEXT('2D SPACE',''
  ) );
#4973 = TOROIDAL_SURFACE('',#2874,6.88975,0.47625);
#4974 = DIRECTION('',(1.,0.));
#4975 = EDGE_CURVE('',#3341,#3172,#4912,.T.);
#4976 = AXIS2_PLACEMENT_3D('',#3135,#4564,#921);
#4977 = DEFINITIONAL_REPRESENTATION('',(#4534),#1829);
#4978 = CARTESIAN_POINT('',(0.,19.058,-6.653431697568E-14));
#4979 = SURFACE_CURVE('',#3576,(#225,#4109),.PCURVE_S1.);
#4980 = ( REPRESENTATION_RELATIONSHIP('','',#1504,#3080) 
REPRESENTATION_RELATIONSHIP_WITH_TRANSFORMATION(#1662) 
SHAPE_REPRESENTATION_RELATIONSHIP() );
#4981 = DEFINITIONAL_REPRESENTATION('',(#5028),#1099);
#4982 = CARTESIAN_POINT('',(3.14159265359,0.));
#4983 = DEFINITIONAL_REPRESENTATION('',(#4913),#3693);
#4984 = ( GEOMETRIC_REPRESENTATION_CONTEXT(2) 
PARAMETRIC_REPRESENTATION_CONTEXT() REPRESENTATION_CONTEXT('2D SPACE',''
  ) );
#4985 = CARTESIAN_POINT('',(0.,0.,17.058));
#4986 = SURFACE_CURVE('',#3122,(#4473,#1404),.PCURVE_S1.);
#4987 = ( GEOMETRIC_REPRESENTATION_CONTEXT(2) 
PARAMETRIC_REPRESENTATION_CONTEXT() REPRESENTATION_CONTEXT('2D SPACE',''
  ) );
#4988 = CARTESIAN_POINT('',(4.894205456254,-13.94605528951));
#4989 = ORIENTED_EDGE('',*,*,#4771,.T.);
#4990 = CARTESIAN_POINT('',(1.840519953949,-3.217380246454));
#4991 = DEFINITIONAL_REPRESENTATION('',(#4821),#1754);
#4992 = DIRECTION('',(0.,1.,-3.491481338843E-15));
#4993 = CARTESIAN_POINT('',(0.,-6.35));
#4994 = DIRECTION('',(0.,1.));
#4995 = CARTESIAN_POINT('',(0.311486933375,-17.81469875564));
#4996 = CARTESIAN_POINT('',(7.853981633974,0.428398998217));
#4997 = DIRECTION('',(1.,0.));
#4998 = FACE_BOUND('',#3203,.F.);
#4999 = LINE('',#2371,#4287);
#5000 = PCURVE('',#4225,#2726);
#5001 = AXIS2_PLACEMENT_2D('',#2742,#1686);
#5002 = DIRECTION('',(0.,-0.,1.));
#5003 = CARTESIAN_POINT('',(4.915648415912,6.249591007345));
#5004 = CARTESIAN_POINT('',(6.28318530718,-21.598));
#5005 = DIRECTION('',(1.,0.));
#5006 = CARTESIAN_POINT('',(3.14159265359,0.));
#5007 = SURFACE_CURVE('',#798,(#3806,#1292),.PCURVE_S1.);
#5008 = CARTESIAN_POINT('',(4.712388980385,7.139983303613E-02));
#5009 = ORIENTED_EDGE('',*,*,#3389,.T.);
#5010 = VECTOR('',#3635,1.);
#5011 = AXIS2_PLACEMENT_3D('',#1442,#2888,#3892);
#5012 = DIRECTION('',(0.,0.,-1.));
#5013 = PCURVE('',#1169,#1735);
#5014 = TOROIDAL_SURFACE('',#3548,6.88975,0.47625);
#5015 = DEFINITIONAL_REPRESENTATION('',(#2995),#746);
#5016 = AXIS2_PLACEMENT_3D('',#4446,#1322,#4856);
#5017 = ADVANCED_FACE('',(#120,#4599),#2756,.F.);
#5018 = TOROIDAL_SURFACE('',#576,5.925,0.25);
#5019 = CARTESIAN_POINT('',(3.14159265359,0.));
#5020 = VECTOR('',#2824,1.);
#5021 = PCURVE('',#4471,#3235);
#5022 = PCURVE('',#4274,#741);
#5023 = ( GEOMETRIC_REPRESENTATION_CONTEXT(2) 
PARAMETRIC_REPRESENTATION_CONTEXT() REPRESENTATION_CONTEXT('2D SPACE',''
  ) );
#5024 = DIRECTION('',(0.,1.,-3.491481338843E-15));
#5025 = DIRECTION('',(0.,-1.,3.491481338843E-15));
#5026 = AXIS2_PLACEMENT_3D('',#2817,#563,#1937);
#5027 = SURFACE_CURVE('',#3070,(#2653,#72),.PCURVE_S1.);
#5028 = CIRCLE('',#3413,5.9135);
#5029 = EDGE_CURVE('',#4901,#1547,#2925,.T.);
#5030 = CARTESIAN_POINT('',(1.487897551572,2.54,2.54));
#5031 = CARTESIAN_POINT('',(0.,-5.925));
#5032 = AXIS2_PLACEMENT_3D('',#2050,#1889,#2783);
#5033 = DIRECTION('',(0.,-3.504150098834E-15,-1.));
#5034 = CARTESIAN_POINT('',(1.483423370269,-12.21972575154));
#5035 = DIRECTION('',(-1.,0.,-0.));
#5036 = CARTESIAN_POINT('',(3.110602869834E-16,-2.54,-2.54));
#5037 = EDGE_LOOP('',(#4139,#4989,#3862,#4288));
#5038 = DIRECTION('',(1.,0.));
#5039 = CARTESIAN_POINT('',(-1.983153104534,6.762821788753,
    6.762821788753));
#5040 = DIRECTION('',(0.,0.,-1.));
#5041 = CARTESIAN_POINT('',(5.215,3.317644961472));
#5042 = ORIENTED_EDGE('',*,*,#1157,.F.);
#5043 = VECTOR('',#1441,1.);
#5044 = EDGE_LOOP('',(#3810,#3153,#2297,#5047,#3279));
#5045 = CARTESIAN_POINT('',(4.712388980385,0.856797996434));
#5046 = DEFINITIONAL_REPRESENTATION('',(#4873),#2891);
#5047 = ORIENTED_EDGE('',*,*,#81,.F.);
#5048 = AXIS2_PLACEMENT_3D('',#3948,#1774,#2882);
#5049 = DIRECTION('',(0.,1.,-3.491481338843E-15));
#5050 = CYLINDRICAL_SURFACE('',#684,3.81);
#5051 = AXIS2_PLACEMENT_2D('',#3217,#2444);
#5052 = ( GEOMETRIC_REPRESENTATION_CONTEXT(2) 
PARAMETRIC_REPRESENTATION_CONTEXT() REPRESENTATION_CONTEXT('2D SPACE',''
  ) );
#5053 = CARTESIAN_POINT('',(0.,16.558,-5.781194800856E-14));
#5054 = CARTESIAN_POINT('',(1.261372789165,5.474351252801));
#5055 = SURFACE_CURVE('',#4238,(#1956,#3895),.PCURVE_S1.);
#5056 = DIRECTION('',(1.,0.));
#5057 = PCURVE('',#2756,#246);
#5058 = DIRECTION('',(1.,0.,0.));
#5059 = ORIENTED_EDGE('',*,*,#1812,.T.);
#5060 = DIRECTION('',(0.,-0.,1.));
#5061 = ORIENTED_EDGE('',*,*,#3507,.T.);
#5062 = LINE('',#1880,#2875);
#5063 = CARTESIAN_POINT('',(0.,0.,15.558));
#5064 = PCURVE('',#4415,#2959);
#5065 = VECTOR('',#4548,1.);
#5066 = VERTEX_POINT('',#3022);
#5067 = VERTEX_POINT('',#3979);
#5068 = CARTESIAN_POINT('',(-5.675,-4.785218137272E-31,
    -1.370540946055E-16));
#5069 = EDGE_CURVE('',#2134,#1083,#4450,.T.);
#5070 = ORIENTED_EDGE('',*,*,#1122,.F.);
#5071 = EDGE_CURVE('',#2186,#3060,#4729,.T.);
#5072 = ORIENTED_EDGE('',*,*,#2086,.F.);
#5073 = SURFACE_STYLE_USAGE(.BOTH.,#4480);
#5074 = ORIENTED_EDGE('',*,*,#2071,.F.);
#5075 = CARTESIAN_POINT('',(3.14159265359,0.));
#5076 = PCURVE('',#2379,#4153);
#5077 = LINE('',#4658,#2411);
#5078 = DIRECTION('',(-1.,0.));
#5079 = ( GEOMETRIC_REPRESENTATION_CONTEXT(2) 
PARAMETRIC_REPRESENTATION_CONTEXT() REPRESENTATION_CONTEXT('2D SPACE',''
  ) );
#5080 = CARTESIAN_POINT('',(0.,0.));
#5081 = ( GEOMETRIC_REPRESENTATION_CONTEXT(2) 
PARAMETRIC_REPRESENTATION_CONTEXT() REPRESENTATION_CONTEXT('2D SPACE',''
  ) );
#5082 = LINE('',#4245,#3027);
#5083 = CARTESIAN_POINT('',(0.,6.731,-2.350116089175E-14));
#5084 = EDGE_CURVE('',#1083,#2785,#956,.T.);
#5085 = PCURVE('',#547,#2064);
ENDSEC;
END-ISO-10303-21;
