// flavor_2 - 172x172 RGB565 bitmap
// Auto-generated from flavor_2.png by tools/png_to_rgb565.py
#pragma once

#include <Arduino.h>

const uint16_t flavor1_172[172 * 172] PROGMEM = {
    0x18C5, 0x18C5, 0x18C5, 0x18C5, 0x18C5, 0x18C5, 0x18C5, 0x18C5, 0x18C5, 0x18C5, 0x18C5, 0x18C5, 0x18C5, 0x18C5, 0x18C5, 0x18C5,
    0x18C5, 0x18C5, 0x18C5, 0x18C5, 0x18C5, 0x18C5, 0x18C5, 0x18C5, 0x18C5, 0x18C5, 0x18C5, 0x18C5, 0x18C5, 0x18C5, 0x18C5, 0x18C5,
    0x18C5, 0x18C5, 0x18C5, 0x18C5, 0x18C5, 0x18C5, 0x18C5, 0x18C5, 0x18C5, 0x18C5, 0x18C5, 0x18C5, 0x18C5, 0x18C5, 0x18C5, 0x18C5,
    0x18C5, 0x18C5, 0x18C5, 0x18C5, 0x18C5, 0x18C5, 0x18C5, 0x18C5, 0x18C5, 0x18C5, 0x18C5, 0x18C5, 0x18C5, 0x18C5, 0x18C5, 0x18C5,
    0x18E5, 0x18E5, 0x18C5, 0x18C5, 0x18C5, 0x18C5, 0x18C5, 0x18C5, 0x1905, 0x2166, 0x3206, 0x3A47, 0x4B28, 0x5348, 0x6448, 0x6468,
    0x6468, 0x7509, 0x7D49, 0x7549, 0x7549, 0x7549, 0x7549, 0x7549, 0x7529, 0x7549, 0x6D08, 0x5C48, 0x5C48, 0x5C28, 0x4327, 0x4327,
    0x3246, 0x3206, 0x2146, 0x18E5, 0x18C5, 0x18C5, 0x18C5, 0x18C5, 0x18C5, 0x18C5, 0x18E5, 0x18E5, 0x18C5, 0x18C5, 0x18C5, 0x18C5,
    0x18C5, 0x18C5, 0x18C5, 0x18C5, 0x18C5, 0x18C5, 0x18C5, 0x18C5, 0x18C5, 0x18C5, 0x18C5, 0x18C5, 0x18C5, 0x18C5, 0x18C5, 0x18C5,
    0x18C5, 0x18C5, 0x18C5, 0x18C5, 0x18C5, 0x18C5, 0x18C5, 0x18C5, 0x18C5, 0x18C5, 0x18C5, 0x18C5, 0x18C5, 0x18C5, 0x18C5, 0x18C5,
    0x18C5, 0x18C5, 0x18C5, 0x18C5, 0x18C5, 0x18C5, 0x18C5, 0x18C5, 0x18C5, 0x18C5, 0x18C5, 0x18C5, 0x18C5, 0x18C5, 0x18C5, 0x18C5,
    0x18C5, 0x18C5, 0x18C5, 0x18C5, 0x18C5, 0x18C5, 0x18C5, 0x18C5, 0x18C5, 0x18C5, 0x18C5, 0x18C5, 0x18C5, 0x18C5, 0x18C5, 0x18C5,
    0x18C5, 0x18C5, 0x18C5, 0x18C5, 0x18C5, 0x18C5, 0x18C5, 0x18C5, 0x18C5, 0x18C5, 0x18C5, 0x18C5, 0x18C5, 0x18C5, 0x18C5, 0x18C5,
    0x18C5, 0x18C5, 0x18C5, 0x18C5, 0x18C5, 0x18C5, 0x18C5, 0x18C5, 0x18C5, 0x18C5, 0x18C5, 0x18C5, 0x18C5, 0x18C5, 0x18C5, 0x18C5,
    0x18C5, 0x18C5, 0x18C5, 0x18C5, 0x18C5, 0x18C5, 0x18C5, 0x18C5, 0x18C5, 0x18C5, 0x18C5, 0x18C5, 0x18C5, 0x18C5, 0x18C5, 0x18C5,
    0x18C5, 0x18C5, 0x18C5, 0x18C5, 0x18C5, 0x18C5, 0x18C5, 0x18C5, 0x18C5, 0x18E5, 0x18C5, 0x18C5, 0x18C5, 0x18C5, 0x18C5, 0x2106,
    0x31C6, 0x42C7, 0x5348, 0x6428, 0x74C9, 0x7D29, 0x7D69, 0x7D69, 0x7D69, 0x7D69, 0x7D69, 0x7D69, 0x7D69, 0x7D69, 0x7D69, 0x7569,
    0x7569, 0x7549, 0x7549, 0x7549, 0x7549, 0x7549, 0x7549, 0x7549, 0x6D49, 0x6D48, 0x6D48, 0x6D28, 0x6D28, 0x6D28, 0x64E8, 0x5C88,
    0x53E7, 0x4327, 0x3AA6, 0x29A6, 0x1905, 0x18C5, 0x18C5, 0x18C5, 0x18C5, 0x18C5, 0x18E5, 0x18C5, 0x18C5, 0x18C5, 0x18C5, 0x18C5,
    0x18C5, 0x18C5, 0x18C5, 0x18C5, 0x18C5, 0x18C5, 0x18C5, 0x18C5, 0x18C5, 0x18C5, 0x18C5, 0x18C5, 0x18C5, 0x18C5, 0x18C5, 0x18C5,
    0x18C5, 0x18C5, 0x18C5, 0x18C5, 0x18C5, 0x18C5, 0x18C5, 0x18C5, 0x18C5, 0x18C5, 0x18C5, 0x18C5, 0x18C5, 0x18C5, 0x18C5, 0x18C5,
    0x18C5, 0x18C5, 0x18C5, 0x18C5, 0x18C5, 0x18C5, 0x18C5, 0x18C5, 0x18C5, 0x18C5, 0x18C5, 0x18C5, 0x18C5, 0x18C5, 0x18C5, 0x18C5,
    0x18C5, 0x18C5, 0x18C5, 0x18C5, 0x18C5, 0x18C5, 0x18C5, 0x18C5, 0x18C5, 0x18C5, 0x18C5, 0x18C5, 0x18C5, 0x18C5, 0x18C5, 0x18C5,
    0x18C5, 0x18C5, 0x18C5, 0x18C5, 0x18C5, 0x18C5, 0x18C5, 0x18C5, 0x18C5, 0x18C5, 0x18C5, 0x18C5, 0x18C5, 0x18C5, 0x18C5, 0x18C5,
    0x18C5, 0x18C5, 0x18C5, 0x18C5, 0x18C5, 0x18C5, 0x18C5, 0x18C5, 0x18C5, 0x18C5, 0x18C5, 0x18C5, 0x18C5, 0x18C5, 0x18C5, 0x18C5,
    0x18C5, 0x18C5, 0x18C5, 0x18C5, 0x18C5, 0x18C5, 0x18C5, 0x18C5, 0x18C5, 0x18C5, 0x18C5, 0x18C5, 0x18C5, 0x18C5, 0x18C5, 0x18C5,
    0x18C5, 0x18C5, 0x18E5, 0x18C5, 0x18C5, 0x18C5, 0x18C5, 0x2126, 0x3207, 0x5328, 0x6C49, 0x7D09, 0x856A, 0x856A, 0x856A, 0x856A,
    0x856A, 0x856A, 0x856A, 0x7D6A, 0x7D69, 0x7D69, 0x7D69, 0x7D69, 0x7D69, 0x7D69, 0x7D69, 0x7D69, 0x7569, 0x7569, 0x7569, 0x7569,
    0x7569, 0x7569, 0x7569, 0x6D49, 0x6D49, 0x6D48, 0x6D48, 0x6D28, 0x6D48, 0x6D28, 0x6D28, 0x6D28, 0x6528, 0x6528, 0x6528, 0x6528,
    0x5CC7, 0x4BE7, 0x3AE6, 0x29E6, 0x1925, 0x18C5, 0x18C5, 0x18C5, 0x18C5, 0x18E5, 0x18C5, 0x18C5, 0x18C5, 0x18C5, 0x18C5, 0x18C5,
    0x18C5, 0x18C5, 0x18C5, 0x18C5, 0x18C5, 0x18C5, 0x18C5, 0x18C5, 0x18C5, 0x18C5, 0x18C5, 0x18C5, 0x18C5, 0x18C5, 0x18C5, 0x18C5,
    0x18C5, 0x18C5, 0x18C5, 0x18C5, 0x18C5, 0x18C5, 0x18C5, 0x18C5, 0x18C5, 0x18C5, 0x18C5, 0x18C5, 0x18C5, 0x18C5, 0x18C5, 0x18C5,
    0x18C5, 0x18C5, 0x18C5, 0x18C5, 0x18C5, 0x18C5, 0x18C5, 0x18C5, 0x18C5, 0x18C5, 0x18C5, 0x18C5, 0x18C5, 0x18C5, 0x18C5, 0x18C5,
    0x18C5, 0x18C5, 0x18C5, 0x18C5, 0x18C5, 0x18C5, 0x18C5, 0x18C5, 0x18C5, 0x18C5, 0x18C5, 0x18C5, 0x18C5, 0x18C5, 0x18C5, 0x18C5,
    0x18C5, 0x18C5, 0x18C5, 0x18C5, 0x18C5, 0x18C5, 0x18C5, 0x18C5, 0x18C5, 0x18C5, 0x18C5, 0x18C5, 0x18C5, 0x18C5, 0x18C5, 0x18C5,
    0x18C5, 0x18C5, 0x18C5, 0x18C5, 0x18C5, 0x18C5, 0x18C5, 0x18C5, 0x18C5, 0x18C5, 0x18C5, 0x18C5, 0x18C5, 0x18C5, 0x18C5, 0x18C5,
    0x18C5, 0x18C5, 0x18C5, 0x18C5, 0x18C5, 0x18C5, 0x18C5, 0x18C5, 0x18C5, 0x18C5, 0x18C5, 0x18E5, 0x18C5, 0x18C5, 0x18C5, 0x18C5,
    0x2986, 0x4AC7, 0x6409, 0x7D2A, 0x856A, 0x858A, 0x858A, 0x858A, 0x858A, 0x856A, 0x856A, 0x856A, 0x858A, 0x858A, 0x858A, 0x7D8A,
    0x7D8A, 0x7D8A, 0x7D89, 0x7D89, 0x7D89, 0x7D89, 0x7D89, 0x7D69, 0x7D69, 0x7569, 0x7569, 0x7569, 0x7569, 0x7569, 0x7569, 0x7569,
    0x7569, 0x6D69, 0x6D68, 0x6D68, 0x6D48, 0x6D48, 0x6D48, 0x6548, 0x6528, 0x6528, 0x6528, 0x6528, 0x6528, 0x6528, 0x5D07, 0x5D07,
    0x5CC7, 0x4BA7, 0x32A6, 0x2186, 0x18C5, 0x18C5, 0x18C5, 0x18C5, 0x18E5, 0x18C5, 0x18C5, 0x18C5, 0x18C5, 0x18C5, 0x18C5, 0x18C5,
    0x18C5, 0x18C5, 0x18C5, 0x18C5, 0x18C5, 0x18C5, 0x18C5, 0x18C5, 0x18C5, 0x18C5, 0x18C5, 0x18C5, 0x18C5, 0x18C5, 0x18C5, 0x18C5,
    0x18C5, 0x18C5, 0x18C5, 0x18C5, 0x18C5, 0x18C5, 0x18C5, 0x18C5, 0x18C5, 0x18C5, 0x18C5, 0x18C5, 0x18C5, 0x18C5, 0x18C5, 0x18C5,
    0x18C5, 0x18C5, 0x18C5, 0x18C5, 0x18C5, 0x18C5, 0x18C5, 0x18C5, 0x18C5, 0x18C5, 0x18C5, 0x18C5, 0x18C5, 0x18C5, 0x18C5, 0x18C5,
    0x18C5, 0x18C5, 0x18C5, 0x18C5, 0x18C5, 0x18C5, 0x18C5, 0x18C5, 0x18C5, 0x18C5, 0x18C5, 0x18C5, 0x18C5, 0x18C5, 0x18C5, 0x18C5,
    0x18C5, 0x18C5, 0x18C5, 0x18C5, 0x18C5, 0x18C5, 0x18C5, 0x18C5, 0x18C5, 0x18C5, 0x18C5, 0x18C5, 0x18C5, 0x18C5, 0x18C5, 0x18C5,
    0x18C5, 0x18C5, 0x18C5, 0x18C5, 0x18C5, 0x18C5, 0x18C5, 0x18C5, 0x18C5, 0x18C5, 0x18C5, 0x18C5, 0x18C5, 0x18C5, 0x18C5, 0x18C5,
    0x18C5, 0x18C5, 0x18C5, 0x18C5, 0x18C5, 0x18E5, 0x18C5, 0x18C5, 0x18C5, 0x2986, 0x4AE8, 0x7469, 0x856A, 0x8D8A, 0x8D8A, 0x858A,
    0x858A, 0x858A, 0x858A, 0x858A, 0x858A, 0x858A, 0x858A, 0x858A, 0x858A, 0x858A, 0x858A, 0x858A, 0x7DAA, 0x7D8A, 0x7D8A, 0x7D89,
    0x7D89, 0x7D89, 0x7D89, 0x7D89, 0x7D89, 0x7D89, 0x7589, 0x7589, 0x7589, 0x7589, 0x7589, 0x7589, 0x7569, 0x6D69, 0x6D69, 0x6D68,
    0x6D68, 0x6D68, 0x6D68, 0x6D48, 0x6548, 0x6548, 0x6548, 0x6548, 0x6528, 0x6528, 0x5D28, 0x5D07, 0x5D07, 0x5D07, 0x5D07, 0x5CE7,
    0x4C07, 0x32A6, 0x2186, 0x18C5, 0x18C5, 0x18C5, 0x18E5, 0x18C5, 0x18C5, 0x18C5, 0x18C5, 0x18C5, 0x18C5, 0x18C5, 0x18C5, 0x18C5,
    0x18C5, 0x18C5, 0x18C5, 0x18C5, 0x18C5, 0x18C5, 0x18C5, 0x18C5, 0x18C5, 0x18C5, 0x18C5, 0x18C5, 0x18C5, 0x18C5, 0x18C5, 0x18C5,
    0x18C5, 0x18C5, 0x18C5, 0x18C5, 0x18C5, 0x18C5, 0x18C5, 0x18C5, 0x18C5, 0x18C5, 0x18C5, 0x18C5, 0x18C5, 0x18C5, 0x18C5, 0x18C5,
    0x18C5, 0x18C5, 0x18C5, 0x18C5, 0x18C5, 0x18C5, 0x18C5, 0x18C5, 0x18C5, 0x18C5, 0x18C5, 0x18C5, 0x18C5, 0x18C5, 0x18C5, 0x18C5,
    0x18C5, 0x18C5, 0x18C5, 0x18C5, 0x18C5, 0x18C5, 0x18C5, 0x18C5, 0x18C5, 0x18C5, 0x18C5, 0x18C5, 0x18C5, 0x18C5, 0x18C5, 0x18C5,
    0x18C5, 0x18C5, 0x18C5, 0x18C5, 0x18C5, 0x18C5, 0x18C5, 0x18C5, 0x18C5, 0x18C5, 0x18C5, 0x18C5, 0x18C5, 0x18C5, 0x18C5, 0x18C5,
    0x18C5, 0x18C5, 0x18C5, 0x18C5, 0x18C5, 0x18C5, 0x18C5, 0x18C5, 0x18C5, 0x18C5, 0x18C5, 0x18C5, 0x18C5, 0x18C5, 0x18E5, 0x18C5,
    0x18C5, 0x18C5, 0x2146, 0x42A7, 0x7469, 0x8D6A, 0x8D8A, 0x8D8A, 0x8D8A, 0x858A, 0x8D8A, 0x8D8A, 0x8D8A, 0x85AA, 0x85AA, 0x85AA,
    0x85AA, 0x85AA, 0x85AA, 0x85AA, 0x85AA, 0x85AA, 0x85AA, 0x85AA, 0x85AA, 0x7DAA, 0x7DAA, 0x7DAA, 0x7DA9, 0x7DA9, 0x7DA9, 0x7DA9,
    0x7DA9, 0x7DA9, 0x7589, 0x7589, 0x7589, 0x7589, 0x7589, 0x7589, 0x7589, 0x7589, 0x6D69, 0x6D68, 0x6D68, 0x6D68, 0x6D68, 0x6D68,
    0x6568, 0x6548, 0x6548, 0x6548, 0x6548, 0x6548, 0x6528, 0x5D27, 0x5D27, 0x5D07, 0x5D07, 0x5D07, 0x5D07, 0x5507, 0x54E7, 0x4407,
    0x3266, 0x1925, 0x18C5, 0x18C5, 0x18C5, 0x18E5, 0x18C5, 0x18C5, 0x18C5, 0x18C5, 0x18C5, 0x18C5, 0x18C5, 0x18C5, 0x18C5, 0x18C5,
    0x18C5, 0x18C5, 0x18C5, 0x18C5, 0x18C5, 0x18C5, 0x18C5, 0x18C5, 0x18C5, 0x18C5, 0x18C5, 0x18C5, 0x18C5, 0x18C5, 0x18C5, 0x18C5,
    0x18C5, 0x18C5, 0x18C5, 0x18C5, 0x18C5, 0x18C5, 0x18C5, 0x18C5, 0x18C5, 0x18C5, 0x18C5, 0x18C5, 0x18C5, 0x18C5, 0x18C5, 0x18C5,
    0x18C5, 0x18C5, 0x18C5, 0x18C5, 0x18C5, 0x18C5, 0x18C5, 0x18C5, 0x18C5, 0x18C5, 0x18C5, 0x18C5, 0x18C5, 0x18C5, 0x18C5, 0x18C5,
    0x18C5, 0x18C5, 0x18C5, 0x18C5, 0x18C5, 0x18C5, 0x18C5, 0x18C5, 0x18C5, 0x18C5, 0x18C5, 0x18C5, 0x18C5, 0x18C5, 0x18C5, 0x18C5,
    0x18C5, 0x18C5, 0x18C5, 0x18C5, 0x18C5, 0x18C5, 0x18C5, 0x18C5, 0x18C5, 0x18C5, 0x18C5, 0x18C5, 0x18C5, 0x18C5, 0x18C5, 0x18C5,
    0x18C5, 0x18C5, 0x18C5, 0x18C5, 0x18C5, 0x18C5, 0x18C5, 0x18C5, 0x18E5, 0x18C5, 0x18C5, 0x18C5, 0x31E6, 0x5BA8, 0x850A, 0x8D8A,
    0x8D8A, 0x8D8A, 0x8D8A, 0x8D8A, 0x8D8A, 0x8DAA, 0x8DAA, 0x8DAA, 0x8DAA, 0x8DAA, 0x8DAA, 0x85AA, 0x85AA, 0x85AA, 0x85AA, 0x85AA,
    0x85AA, 0x85AA, 0x85AA, 0x85AA, 0x85AA, 0x85AA, 0x7DAA, 0x7DAA, 0x7DAA, 0x7DAA, 0x7DA9, 0x7DA9, 0x7DA9, 0x7DA9, 0x75A9, 0x75A9,
    0x75A9, 0x75A9, 0x7589, 0x7589, 0x7589, 0x7589, 0x6D89, 0x6D89, 0x6D88, 0x6D68, 0x6D68, 0x6D68, 0x6D68, 0x6568, 0x6568, 0x6548,
    0x6548, 0x6548, 0x6548, 0x5D48, 0x5D27, 0x5D27, 0x5D27, 0x5D07, 0x5507, 0x5507, 0x5507, 0x5507, 0x54E7, 0x4C87, 0x3B46, 0x21A6,
    0x18C5, 0x18C5, 0x18C5, 0x18C5, 0x18C5, 0x18C5, 0x18C5, 0x18C5, 0x18C5, 0x18C5, 0x18C5, 0x18C5, 0x18C5, 0x18C5, 0x18C5, 0x18C5,
    0x18C5, 0x18C5, 0x18C5, 0x18C5, 0x18C5, 0x18C5, 0x18C5, 0x18C5, 0x18C5, 0x18C5, 0x18C5, 0x18C5, 0x18C5, 0x18C5, 0x18C5, 0x18C5,
    0x18C5, 0x18C5, 0x18C5, 0x18C5, 0x18C5, 0x18C5, 0x18C5, 0x18C5, 0x18C5, 0x18C5, 0x18C5, 0x18C5, 0x18C5, 0x18C5, 0x18C5, 0x18C5,
    0x18C5, 0x18C5, 0x18C5, 0x18C5, 0x18C5, 0x18C5, 0x18C5, 0x18C5, 0x18C5, 0x18C5, 0x18C5, 0x18C5, 0x18C5, 0x18C5, 0x18C5, 0x18C5,
    0x18C5, 0x18C5, 0x18C5, 0x18C5, 0x18C5, 0x18C5, 0x18C5, 0x18C5, 0x18C5, 0x18C5, 0x18C5, 0x18C5, 0x18C5, 0x18C5, 0x18C5, 0x18C5,
    0x18C5, 0x18C5, 0x18C5, 0x18C5, 0x18C5, 0x18C5, 0x18C5, 0x18C5, 0x18C5, 0x18C5, 0x18C5, 0x18C5, 0x18C5, 0x18C5, 0x18C5, 0x18C5,
    0x18C5, 0x18C5, 0x18E5, 0x18C5, 0x18C5, 0x18E5, 0x4287, 0x6C49, 0x8D8A, 0x8D8A, 0x8D8A, 0x8D8A, 0x8D8A, 0x8DAA, 0x8DAA, 0x8DAA,
    0x8DAA, 0x8DAA, 0x8DAA, 0x8DCA, 0x8DCA, 0x8DCA, 0x8DCA, 0x85CA, 0x85CA, 0x85CA, 0x85CA, 0x85CA, 0x85CA, 0x85CA, 0x85CA, 0x85CA,
    0x85CA, 0x85CA, 0x7DCA, 0x7DCA, 0x7DCA, 0x7DCA, 0x7DC9, 0x7DC9, 0x7DC9, 0x7DC9, 0x7DA9, 0x75A9, 0x75A9, 0x75A9, 0x75A9, 0x75A9,
    0x75A9, 0x75A9, 0x6D89, 0x6D89, 0x6D88, 0x6D88, 0x6D88, 0x6D88, 0x6D68, 0x6568, 0x6568, 0x6568, 0x6568, 0x6568, 0x6548, 0x5D48,
    0x5D47, 0x5D47, 0x5D27, 0x5D27, 0x5D27, 0x5527, 0x5507, 0x5507, 0x54E7, 0x54E7, 0x54E7, 0x54E7, 0x43A7, 0x2A46, 0x18E5, 0x18C5,
    0x18C5, 0x18C5, 0x18C5, 0x18C5, 0x18C5, 0x18C5, 0x18C5, 0x18C5, 0x18C5, 0x18C5, 0x18C5, 0x18C5, 0x18C5, 0x18C5, 0x18C5, 0x18C5,
    0x18C5, 0x18C5, 0x18C5, 0x18C5, 0x18C5, 0x18C5, 0x18C5, 0x18C5, 0x18C5, 0x18C5, 0x18C5, 0x18C5, 0x18C5, 0x18C5, 0x18C5, 0x18C5,
    0x18C5, 0x18C5, 0x18C5, 0x18C5, 0x18C5, 0x18C5, 0x18C5, 0x18C5, 0x18C5, 0x18C5, 0x18C5, 0x18C5, 0x18C5, 0x18C5, 0x18C5, 0x18C5,
    0x18C5, 0x18C5, 0x18C5, 0x18C5, 0x18C5, 0x18C5, 0x18C5, 0x18C5, 0x18C5, 0x18C5, 0x18C5, 0x18C5, 0x18C5, 0x18C5, 0x18C5, 0x18C5,
    0x18C5, 0x18C5, 0x18C5, 0x18C5, 0x18C5, 0x18C5, 0x18C5, 0x18C5, 0x18C5, 0x18C5, 0x18C5, 0x18C5, 0x18C5, 0x18C5, 0x18C5, 0x18C5,
    0x18C5, 0x18C5, 0x18C5, 0x18C5, 0x18C5, 0x18C5, 0x18C5, 0x18C5, 0x18C5, 0x18C5, 0x18C5, 0x18C5, 0x18E5, 0x18C5, 0x18C5, 0x18E5,
    0x42A7, 0x7CAA, 0x8D8B, 0x8D8B, 0x8D8B, 0x8D8B, 0x8D8B, 0x8DAB, 0x8DAA, 0x8DAA, 0x8DAA, 0x8DAA, 0x8DCA, 0x8DCA, 0x8DCA, 0x8DCA,
    0x8DCA, 0x8DCA, 0x8DCA, 0x8DCA, 0x8DCA, 0x85CA, 0x85CA, 0x85CA, 0x85CA, 0x85CA, 0x85CA, 0x85CA, 0x85CA, 0x85CA, 0x85CA, 0x7DCA,
    0x7DCA, 0x7DCA, 0x7DCA, 0x7DC9, 0x7DC9, 0x7DC9, 0x7DC9, 0x75C9, 0x75C9, 0x75C9, 0x75A9, 0x75A9, 0x75A9, 0x75A9, 0x6DA9, 0x6DA9,
    0x6D89, 0x6D88, 0x6D88, 0x6D88, 0x6D88, 0x6588, 0x6588, 0x6568, 0x6568, 0x6568, 0x6568, 0x5D68, 0x5D48, 0x5D47, 0x5D47, 0x5D27,
    0x5D27, 0x5D27, 0x5527, 0x5507, 0x5507, 0x54E7, 0x54E7, 0x54E7, 0x4CE7, 0x4CC7, 0x4407, 0x2A46, 0x18E5, 0x18C5, 0x18C5, 0x18C5,
    0x18C5, 0x18C5, 0x18C5, 0x18C5, 0x18C5, 0x18C5, 0x18C5, 0x18C5, 0x18C5, 0x18C5, 0x18C5, 0x18C5, 0x18C5, 0x18C5, 0x18C5, 0x18C5,
    0x18C5, 0x18C5, 0x18C5, 0x18C5, 0x18C5, 0x18C5, 0x18C5, 0x18C5, 0x18C5, 0x18C5, 0x18C5, 0x18C5, 0x18C5, 0x18C5, 0x18C5, 0x18C5,
    0x18C5, 0x18C5, 0x18C5, 0x18C5, 0x18C5, 0x18C5, 0x18C5, 0x18C5, 0x18C5, 0x18C5, 0x18C5, 0x18C5, 0x18C5, 0x18C5, 0x18C5, 0x18C5,
    0x18C5, 0x18C5, 0x18C5, 0x18C5, 0x18C5, 0x18C5, 0x18C5, 0x18C5, 0x18C5, 0x18C5, 0x18C5, 0x18C5, 0x18C5, 0x18C5, 0x18C5, 0x18C5,
    0x18C5, 0x18C5, 0x18C5, 0x18C5, 0x18C5, 0x18C5, 0x18C5, 0x18C5, 0x18C5, 0x18C5, 0x18C5, 0x18C5, 0x18C5, 0x18C5, 0x18C5, 0x18C5,
    0x18C5, 0x18C5, 0x18C5, 0x18C5, 0x18C5, 0x18C5, 0x18C5, 0x18C5, 0x18C5, 0x18E5, 0x42A7, 0x7CCA, 0x8D8B, 0x8D8B, 0x8D8B, 0x8D8B,
    0x8DAB, 0x8DAB, 0x8DAB, 0x8DAB, 0x8DAB, 0x8DCB, 0x8DCB, 0x8DCB, 0x8DCB, 0x8DCB, 0x8DCA, 0x8DCA, 0x8DCA, 0x8DEA, 0x8DEA, 0x8DEA,
    0x8DEA, 0x85EA, 0x85EA, 0x85EA, 0x85EA, 0x85EA, 0x85EA, 0x85EA, 0x85EA, 0x85EA, 0x85EA, 0x7DEA, 0x7DEA, 0x7DEA, 0x7DCA, 0x7DC9,
    0x7DC9, 0x7DC9, 0x7DC9, 0x75C9, 0x75C9, 0x75C9, 0x75C9, 0x75C9, 0x75C9, 0x75A9, 0x6DA9, 0x6DA9, 0x6DA9, 0x6DA8, 0x6DA8, 0x6DA8,
    0x6D88, 0x6588, 0x6588, 0x6588, 0x6568, 0x6568, 0x6568, 0x5D68, 0x5D68, 0x5D48, 0x5D47, 0x5D47, 0x5D47, 0x5527, 0x5527, 0x5527,
    0x5507, 0x5507, 0x5507, 0x54E7, 0x4CE7, 0x4CC7, 0x4CC7, 0x4CC7, 0x4407, 0x2A46, 0x18E5, 0x18C5, 0x18C5, 0x18C5, 0x18C5, 0x18C5,
    0x18C5, 0x18C5, 0x18C5, 0x18C5, 0x18C5, 0x18C5, 0x18C5, 0x18C5, 0x18C5, 0x18C5, 0x18C5, 0x18C5, 0x18C5, 0x18C5, 0x18C5, 0x18C5,
    0x18C5, 0x18C5, 0x18C5, 0x18C5, 0x18C5, 0x18C5, 0x18C5, 0x18C5, 0x18C5, 0x18C5, 0x18C5, 0x18C5, 0x18C5, 0x18C5, 0x18C5, 0x18C5,
    0x18C5, 0x18C5, 0x18C5, 0x18C5, 0x18C5, 0x18C5, 0x18C5, 0x18C5, 0x18C5, 0x18C5, 0x18C5, 0x18C5, 0x18C5, 0x18C5, 0x18C5, 0x18C5,
    0x18C5, 0x18C5, 0x18C5, 0x18C5, 0x18C5, 0x18C5, 0x18C5, 0x18C5, 0x18C5, 0x18C5, 0x18C5, 0x18C5, 0x18C5, 0x18C5, 0x18C5, 0x18C5,
    0x18C5, 0x18C5, 0x18C5, 0x18C5, 0x18C5, 0x18C5, 0x18C5, 0x18C5, 0x18C5, 0x18C5, 0x18C5, 0x18C5, 0x18C5, 0x18C5, 0x18C5, 0x18C5,
    0x18C5, 0x18E5, 0x18C5, 0x18C5, 0x4267, 0x7CCA, 0x958B, 0x958B, 0x958B, 0x8DAB, 0x95AB, 0x95AB, 0x95AB, 0x95CB, 0x8DCB, 0x8DCB,
    0x8DCB, 0x8DCB, 0x8DCB, 0x8DCB, 0x8DCB, 0x8DEB, 0x8DEB, 0x8DEB, 0x8DEA, 0x8DEA, 0x8DEA, 0x8DEA, 0x8DEA, 0x8DEA, 0x85EA, 0x85EA,
    0x85EA, 0x85EA, 0x85EA, 0x85EA, 0x85EA, 0x85EA, 0x85EA, 0x85EA, 0x7DEA, 0x7DEA, 0x7DEA, 0x7DEA, 0x7DE9, 0x7DE9, 0x7DE9, 0x75C9,
    0x75C9, 0x75C9, 0x75C9, 0x75C9, 0x75C9, 0x75C9, 0x75C9, 0x6DC9, 0x6DA9, 0x6DA8, 0x6DA8, 0x6DA8, 0x6DA8, 0x65A8, 0x65A8, 0x6588,
    0x6588, 0x6588, 0x6568, 0x5D68, 0x5D68, 0x5D68, 0x5D68, 0x5D48, 0x5D48, 0x5D47, 0x5528, 0x5527, 0x5527, 0x5507, 0x5507, 0x5507,
    0x4CE7, 0x4CE7, 0x4CC7, 0x4CC7, 0x4CC7, 0x4CC7, 0x3C07, 0x2A26, 0x18C5, 0x18C5, 0x18C5, 0x18C5, 0x18C5, 0x18C5, 0x18C5, 0x18C5,
    0x18C5, 0x18C5, 0x18C5, 0x18C5, 0x18C5, 0x18C5, 0x18C5, 0x18C5, 0x18C5, 0x18C5, 0x18C5, 0x18C5, 0x18C5, 0x18C5, 0x18C5, 0x18C5,
    0x18C5, 0x18C5, 0x18C5, 0x18C5, 0x18C5, 0x18C5, 0x18C5, 0x18C5, 0x18C5, 0x18C5, 0x18C5, 0x18C5, 0x18C5, 0x18C5, 0x18C5, 0x18C5,
    0x18C5, 0x18C5, 0x18C5, 0x18C5, 0x18C5, 0x18C5, 0x18C5, 0x18C5, 0x18C5, 0x18C5, 0x18C5, 0x18C5, 0x18C5, 0x18C5, 0x18C5, 0x18C5,
    0x18C5, 0x18C5, 0x18C5, 0x18C5, 0x18C5, 0x18C5, 0x18C5, 0x18C5, 0x18C5, 0x18C5, 0x18C5, 0x18C5, 0x18C5, 0x18C5, 0x18C5, 0x18C5,
    0x18C5, 0x18C5, 0x18C5, 0x18C5, 0x18C5, 0x18C5, 0x18C5, 0x18C5, 0x18C5, 0x18C5, 0x18C5, 0x18E5, 0x18C5, 0x18C5, 0x31C6, 0x7449,
    0x958B, 0x95AB, 0x958B, 0x95AB, 0x95AB, 0x95AB, 0x95CB, 0x95CB, 0x95CB, 0x95CB, 0x8DCB, 0x8DCB, 0x8DCB, 0x8DEB, 0x8DEB, 0x8DEB,
    0x8DEB, 0x8DEB, 0x8DEB, 0x8DEB, 0x8DEB, 0x8DEA, 0x8DEA, 0x8DEA, 0x8DEA, 0x8DEA, 0x85EA, 0x85EA, 0x860A, 0x85EA, 0x860A, 0x85EA,
    0x85EA, 0x860A, 0x85EA, 0x85EA, 0x7DEA, 0x7DEA, 0x7DEA, 0x7DEA, 0x7DEA, 0x7DE9, 0x7DE9, 0x75E9, 0x75E9, 0x75E9, 0x75E9, 0x75C9,
    0x75C9, 0x75C9, 0x75C9, 0x6DC9, 0x6DC9, 0x6DC9, 0x6DA8, 0x6DA8, 0x6DA8, 0x65A8, 0x65A8, 0x65A8, 0x6588, 0x6588, 0x6588, 0x6588,
    0x5D68, 0x5D68, 0x5D68, 0x5D68, 0x5D48, 0x5D48, 0x5548, 0x5528, 0x5528, 0x5528, 0x5507, 0x5508, 0x4D08, 0x4CE7, 0x4CE7, 0x4CE7,
    0x4CC7, 0x44C7, 0x44C7, 0x44A7, 0x3B87, 0x21A6, 0x18C5, 0x18C5, 0x18C5, 0x18C5, 0x18C5, 0x18C5, 0x18C5, 0x18C5, 0x18C5, 0x18C5,
    0x18C5, 0x18C5, 0x18C5, 0x18C5, 0x18C5, 0x18C5, 0x18C5, 0x18C5, 0x18C5, 0x18C5, 0x18C5, 0x18C5, 0x18C5, 0x18C5, 0x18C5, 0x18C5,
    0x18C5, 0x18C5, 0x18C5, 0x18C5, 0x18C5, 0x18C5, 0x18C5, 0x18C5, 0x18C5, 0x18C5, 0x18C5, 0x18C5, 0x18C5, 0x18C5, 0x18C5, 0x18C5,
    0x18C5, 0x18C5, 0x18C5, 0x18C5, 0x18C5, 0x18C5, 0x18C5, 0x18C5, 0x18C5, 0x18C5, 0x18C5, 0x18C5, 0x18C5, 0x18C5, 0x18C5, 0x18C5,
    0x18C5, 0x18C5, 0x18C5, 0x18C5, 0x18C5, 0x18C5, 0x18C5, 0x18C5, 0x18C5, 0x18C5, 0x18C5, 0x18C5, 0x18C5, 0x18C5, 0x18C5, 0x18C5,
    0x18C5, 0x18C5, 0x18C5, 0x18C5, 0x18C5, 0x18C5, 0x18C5, 0x18C5, 0x2126, 0x5B88, 0x8D8B, 0x95AB, 0x95AB, 0x95AB, 0x95AB, 0x95AB,
    0x95CB, 0x95CB, 0x95CB, 0x95CB, 0x95CB, 0x95EB, 0x95EB, 0x95EB, 0x95EB, 0x8DEB, 0x8DEB, 0x8DEB, 0x8DEB, 0x8E0B, 0x8E0B, 0x8E0B,
    0x8E0B, 0x8E0B, 0x8E0A, 0x8E0A, 0x8E0A, 0x8E0A, 0x8E0A, 0x860A, 0x860A, 0x860A, 0x860A, 0x860A, 0x860A, 0x860A, 0x860A, 0x860A,
    0x7E0A, 0x7E0A, 0x7E0A, 0x7E0A, 0x7E0A, 0x7E09, 0x7DE9, 0x7DE9, 0x75E9, 0x75E9, 0x75E9, 0x75E9, 0x75E9, 0x75E9, 0x75C9, 0x6DC9,
    0x6DC9, 0x6DC9, 0x6DC8, 0x6DC8, 0x6DC8, 0x65A8, 0x65A8, 0x65A8, 0x65A8, 0x65A8, 0x6588, 0x6588, 0x5D88, 0x5D68, 0x5D68, 0x5D68,
    0x5D68, 0x5D48, 0x5548, 0x5548, 0x5528, 0x5528, 0x5528, 0x5508, 0x4D08, 0x4D08, 0x4CE8, 0x4CE7, 0x4CE8, 0x4CC7, 0x44C7, 0x44A7,
    0x44A7, 0x4487, 0x32E6, 0x1925, 0x18C5, 0x18C5, 0x18C5, 0x18C5, 0x18C5, 0x18C5, 0x18C5, 0x18C5, 0x18C5, 0x18C5, 0x18C5, 0x18C5,
    0x18C5, 0x18C5, 0x18C5, 0x18C5, 0x18C5, 0x18C5, 0x18C5, 0x18C5, 0x18C5, 0x18C5, 0x18C5, 0x18C5, 0x18C5, 0x18C5, 0x18C5, 0x18C5,
    0x18C5, 0x18C5, 0x18C5, 0x18C5, 0x18C5, 0x18C5, 0x18C5, 0x18C5, 0x18C5, 0x18C5, 0x18C5, 0x18C5, 0x18C5, 0x18C5, 0x18C5, 0x18C5,
    0x18C5, 0x18C5, 0x18C5, 0x18C5, 0x18C5, 0x18C5, 0x18C5, 0x18C5, 0x18C5, 0x18C5, 0x18C5, 0x18C5, 0x18C5, 0x18C5, 0x18C5, 0x18C5,
    0x18C5, 0x18C5, 0x18C5, 0x18C5, 0x18C5, 0x18C5, 0x18C5, 0x18C5, 0x18C5, 0x18C5, 0x18C5, 0x18C5, 0x18C5, 0x18C5, 0x18C5, 0x18C5,
    0x18E5, 0x18C5, 0x18C5, 0x4267, 0x850A, 0x95AB, 0x95AB, 0x95AB, 0x95AB, 0x95CB, 0x95CB, 0x95CB, 0x95CB, 0x95CB, 0x95EB, 0x95EB,
    0x95EB, 0x95EB, 0x95EB, 0x95EB, 0x95EB, 0x960B, 0x8E0B, 0x8E0B, 0x8E0B, 0x8E0B, 0x8E0B, 0x8E0B, 0x8E0B, 0x8E0B, 0x8E0B, 0x8E0A,
    0x8E0A, 0x8E0A, 0x8E0A, 0x860A, 0x860A, 0x860A, 0x860A, 0x860A, 0x860A, 0x860A, 0x860A, 0x860A, 0x7E0A, 0x7E0A, 0x7E0A, 0x7E0A,
    0x7E0A, 0x7E09, 0x7E09, 0x7E09, 0x7609, 0x7609, 0x75E9, 0x75E9, 0x75E9, 0x75E9, 0x6DE9, 0x6DE9, 0x6DC9, 0x6DC9, 0x6DC8, 0x6DC8,
    0x6DC8, 0x65C8, 0x65C8, 0x65A8, 0x65A8, 0x65A8, 0x65A8, 0x5D88, 0x5D88, 0x5D88, 0x5D68, 0x5D68, 0x5D68, 0x5D68, 0x5548, 0x5548,
    0x5548, 0x5528, 0x5528, 0x5528, 0x4D08, 0x4D08, 0x4D08, 0x4CE8, 0x4CE8, 0x4CE8, 0x44C7, 0x44C7, 0x44A7, 0x44A7, 0x44A7, 0x3C27,
    0x2206, 0x18C5, 0x18C5, 0x18C5, 0x18C5, 0x18C5, 0x18C5, 0x18C5, 0x18C5, 0x18C5, 0x18C5, 0x18C5, 0x18C5, 0x18C5, 0x18C5, 0x18C5,
    0x18C5, 0x18C5, 0x18C5, 0x18C5, 0x18C5, 0x18C5, 0x18C5, 0x18C5, 0x18C5, 0x18C5, 0x18C5, 0x18C5, 0x18C5, 0x18C5, 0x18C5, 0x18C5,
    0x18C5, 0x18C5, 0x18C5, 0x18C5, 0x18C5, 0x18C5, 0x18C5, 0x18C5, 0x18C5, 0x18C5, 0x18C5, 0x18C5, 0x18C5, 0x18C5, 0x18C5, 0x18C5,
    0x18C5, 0x18C5, 0x18C5, 0x18C5, 0x18C5, 0x18C5, 0x18C5, 0x18C5, 0x18C5, 0x18C5, 0x18C5, 0x18C5, 0x18C5, 0x18C5, 0x18C5, 0x18C5,
    0x18C5, 0x18C5, 0x18C5, 0x18C5, 0x18C5, 0x18C5, 0x18C5, 0x18C5, 0x18C5, 0x18C5, 0x18C5, 0x18E5, 0x18C5, 0x2146, 0x6BE9, 0x95AB,
    0x95AB, 0x95AB, 0x95AB, 0x95CB, 0x95CB, 0x95CB, 0x95CB, 0x95CB, 0x95EB, 0x95EB, 0x95EB, 0x95EB, 0x95EB, 0x95EB, 0x960B, 0x960B,
    0x960B, 0x960B, 0x960B, 0x960B, 0x8E0B, 0x8E0B, 0x8E0B, 0x8E2B, 0x8E2B, 0x8E2B, 0x8E2B, 0x8E2B, 0x8E2B, 0x8E2A, 0x8E2A, 0x862A,
    0x862A, 0x862A, 0x862A, 0x862A, 0x862A, 0x862A, 0x862A, 0x862A, 0x7E2A, 0x7E2A, 0x7E0A, 0x7E0A, 0x7E0A, 0x7E0A, 0x7E09, 0x7E09,
    0x7609, 0x7609, 0x7609, 0x7609, 0x75E9, 0x75E9, 0x75E9, 0x6DE9, 0x6DE9, 0x6DE9, 0x6DE9, 0x6DC8, 0x6DC8, 0x65C8, 0x65C8, 0x65C8,
    0x65C8, 0x65A8, 0x65A8, 0x5DA8, 0x5DA8, 0x5D88, 0x5D88, 0x5D88, 0x5D68, 0x5D68, 0x5568, 0x5548, 0x5548, 0x5548, 0x5528, 0x5528,
    0x4D28, 0x4D08, 0x4D08, 0x4D08, 0x4CE8, 0x4CE8, 0x44E8, 0x44C8, 0x44C8, 0x44A8, 0x4487, 0x44A7, 0x3C87, 0x3347, 0x1926, 0x18C5,
    0x18E5, 0x18C5, 0x18C5, 0x18C5, 0x18C5, 0x18C5, 0x18C5, 0x18C5, 0x18C5, 0x18C5, 0x18C5, 0x18C5, 0x18C5, 0x18C5, 0x18C5, 0x18C5,
    0x18C5, 0x18C5, 0x18C5, 0x18C5, 0x18C5, 0x18C5, 0x18C5, 0x18C5, 0x18C5, 0x18C5, 0x18C5, 0x18C5, 0x18C5, 0x18C5, 0x18C5, 0x18C5,
    0x18C5, 0x18C5, 0x18C5, 0x18C5, 0x18C5, 0x18C5, 0x18C5, 0x18C5, 0x18C5, 0x18C5, 0x18C5, 0x18C5, 0x18C5, 0x18C5, 0x18C5, 0x18C5,
    0x18C5, 0x18C5, 0x18C5, 0x18C5, 0x18C5, 0x18C5, 0x18C5, 0x18C5, 0x18C5, 0x18C5, 0x18C5, 0x18C5, 0x18C5, 0x18C5, 0x18C5, 0x18C5,
    0x18C5, 0x18C5, 0x18C5, 0x18C5, 0x18C5, 0x18C5, 0x18C5, 0x18C5, 0x4267, 0x850A, 0x95AB, 0x958B, 0x95AB, 0x95AB, 0x95CB, 0x95CB,
    0x95CB, 0x95CB, 0x95EB, 0x95EB, 0x95EB, 0x95EB, 0x95EB, 0x960B, 0x960B, 0x960B, 0x960B, 0x960B, 0x960B, 0x960B, 0x962B, 0x962B,
    0x8E2B, 0x8E2B, 0x8E2B, 0x8E2B, 0x8E2B, 0x8E2B, 0x8E2B, 0x8E2B, 0x8E2B, 0x8E2A, 0x8E2A, 0x8E2A, 0x862A, 0x862A, 0x862A, 0x862A,
    0x862A, 0x862A, 0x862A, 0x862A, 0x7E2A, 0x7E2A, 0x7E2A, 0x7E2A, 0x7E2A, 0x7E2A, 0x7E09, 0x7E09, 0x7609, 0x7609, 0x7609, 0x7609,
    0x7609, 0x7609, 0x75E9, 0x6DE9, 0x6DE9, 0x6DE9, 0x6DE8, 0x6DE8, 0x6DE8, 0x65C8, 0x65C8, 0x65C8, 0x65C8, 0x65C8, 0x65A8, 0x5DA8,
    0x5DA8, 0x5D88, 0x5D88, 0x5D88, 0x5D68, 0x5D68, 0x5568, 0x5568, 0x5548, 0x5548, 0x5548, 0x5528, 0x4D28, 0x4D28, 0x4D08, 0x4D08,
    0x4D08, 0x4CE8, 0x44E8, 0x44E8, 0x44C8, 0x44C8, 0x44A8, 0x44A7, 0x3C88, 0x3C87, 0x3C27, 0x2206, 0x18C5, 0x18C5, 0x18C5, 0x18C5,
    0x18C5, 0x18C5, 0x18C5, 0x18C5, 0x18C5, 0x18C5, 0x18C5, 0x18C5, 0x18C5, 0x18C5, 0x18C5, 0x18C5, 0x18C5, 0x18C5, 0x18C5, 0x18C5,
    0x18C5, 0x18C5, 0x18C5, 0x18C5, 0x18C5, 0x18C5, 0x18C5, 0x18C5, 0x18C5, 0x18C5, 0x18C5, 0x18C5, 0x18C5, 0x18C5, 0x18C5, 0x18C5,
    0x18C5, 0x18C5, 0x18C5, 0x18C5, 0x18C5, 0x18C5, 0x18C5, 0x18C5, 0x18C5, 0x18C5, 0x18C5, 0x18C5, 0x18C5, 0x18C5, 0x18C5, 0x18C5,
    0x18C5, 0x18C5, 0x18C5, 0x18C5, 0x18C5, 0x18C5, 0x18C5, 0x18C5, 0x18C5, 0x18C5, 0x18C5, 0x18C5, 0x18C5, 0x18C5, 0x18C5, 0x18C5,
    0x18E5, 0x18C5, 0x18E5, 0x5B88, 0x95AB, 0x95AB, 0x95AB, 0x95AB, 0x95CB, 0x95CB, 0x95CB, 0x95CB, 0x95EB, 0x95EB, 0x95EB, 0x95EB,
    0x95EB, 0x960B, 0x960B, 0x960B, 0x960B, 0x960B, 0x960B, 0x962B, 0x962B, 0x962B, 0x962B, 0x962B, 0x8E2B, 0x8E2B, 0x8E2B, 0x8E2B,
    0x8E2B, 0x8E2B, 0x8E2B, 0x8E2B, 0x8E2B, 0x8E2B, 0x8E2A, 0x8E2A, 0x862A, 0x862A, 0x862A, 0x862A, 0x862A, 0x862A, 0x862A, 0x862A,
    0x7E2A, 0x7E2A, 0x7E2A, 0x7E2A, 0x7E2A, 0x7E2A, 0x7E2A, 0x7E29, 0x7629, 0x7629, 0x7609, 0x7609, 0x7609, 0x7609, 0x6E09, 0x6E09,
    0x6E09, 0x6DE9, 0x6DE8, 0x6DE8, 0x6DE8, 0x65E8, 0x65E8, 0x65C8, 0x65C8, 0x65C8, 0x65C8, 0x5DA8, 0x5DA8, 0x5DA8, 0x5D88, 0x5D88,
    0x5D88, 0x5D68, 0x5568, 0x5568, 0x5568, 0x5548, 0x5548, 0x5548, 0x4D28, 0x4D28, 0x4D28, 0x4D08, 0x4D08, 0x4CE8, 0x44E8, 0x44E8,
    0x44C8, 0x44C8, 0x44C8, 0x44A8, 0x3CA8, 0x3C88, 0x3C88, 0x3C67, 0x2AC7, 0x18E5, 0x18C5, 0x18E5, 0x18C5, 0x18C5, 0x18C5, 0x18C5,
    0x18C5, 0x18C5, 0x18C5, 0x18C5, 0x18C5, 0x18C5, 0x18C5, 0x18C5, 0x18C5, 0x18C5, 0x18C5, 0x18C5, 0x18C5, 0x18C5, 0x18C5, 0x18C5,
    0x18C5, 0x18C5, 0x18C5, 0x18C5, 0x18C5, 0x18C5, 0x18C5, 0x18C5, 0x18C5, 0x18C5, 0x18C5, 0x18C5, 0x18C5, 0x18C5, 0x18C5, 0x18C5,
    0x18C5, 0x18C5, 0x18C5, 0x18C5, 0x18C5, 0x18C5, 0x18C5, 0x18C5, 0x18C5, 0x18C5, 0x18C5, 0x18C5, 0x18C5, 0x18C5, 0x18C5, 0x18C5,
    0x18C5, 0x18C5, 0x18C5, 0x18C5, 0x18C5, 0x18C5, 0x18C5, 0x18C5, 0x18C5, 0x18C5, 0x18C5, 0x18E5, 0x18C5, 0x2986, 0x748A, 0x95AB,
    0x95AB, 0x95AB, 0x95CB, 0x95CB, 0x95CB, 0x95CB, 0x95EB, 0x95EB, 0x95EB, 0x95EB, 0x960B, 0x960B, 0x960B, 0x960B, 0x960B, 0x960B,
    0x962B, 0x962B, 0x962B, 0x962B, 0x962B, 0x962B, 0x962B, 0x962B, 0x962B, 0x8E2B, 0x8E2B, 0x8E4B, 0x8E4B, 0x8E4B, 0x8E4B, 0x8E4B,
    0x8E4B, 0x8E4B, 0x8E4A, 0x8E4A, 0x864A, 0x864A, 0x864A, 0x864A, 0x864A, 0x864A, 0x864A, 0x862A, 0x7E4A, 0x7E2A, 0x7E2A, 0x7E2A,
    0x7E2A, 0x7E2A, 0x7E29, 0x7E29, 0x7629, 0x7629, 0x7629, 0x7629, 0x7609, 0x7609, 0x6E09, 0x6E09, 0x6E09, 0x6E09, 0x6E09, 0x6DE8,
    0x6DE8, 0x65E8, 0x65E8, 0x65E8, 0x65C8, 0x65C8, 0x65C8, 0x5DC8, 0x5DA8, 0x5DA8, 0x5DA8, 0x5D88, 0x5D88, 0x5D88, 0x5568, 0x5568,
    0x5568, 0x5568, 0x5548, 0x5548, 0x4D48, 0x4D28, 0x4D28, 0x4D08, 0x4D08, 0x4D08, 0x44E8, 0x44E8, 0x44E8, 0x44C8, 0x44C8, 0x44A8,
    0x3CA8, 0x3CA8, 0x3C88, 0x3C88, 0x3C68, 0x3387, 0x1946, 0x18C5, 0x18E5, 0x18C5, 0x18C5, 0x18C5, 0x18C5, 0x18C5, 0x18C5, 0x18C5,
    0x18C5, 0x18C5, 0x18C5, 0x18C5, 0x18C5, 0x18C5, 0x18C5, 0x18C5, 0x18C5, 0x18C5, 0x18C5, 0x18C5, 0x18C5, 0x18C5, 0x18C5, 0x18C5,
    0x18C5, 0x18C5, 0x18C5, 0x18C5, 0x18C5, 0x18C5, 0x18C5, 0x18C5, 0x18C5, 0x18C5, 0x18C5, 0x18C5, 0x18C5, 0x18C5, 0x18C5, 0x18C5,
    0x18C5, 0x18C5, 0x18C5, 0x18C5, 0x18C5, 0x18C5, 0x18C5, 0x18C5, 0x18C5, 0x18C5, 0x18C5, 0x18C5, 0x18C5, 0x18C5, 0x18C5, 0x18C5,
    0x18C5, 0x18C5, 0x18C5, 0x18C5, 0x18C5, 0x18C5, 0x18C5, 0x18C5, 0x4267, 0x8D4B, 0x95AB, 0x95AB, 0x95AB, 0x95CB, 0x95CB, 0x95CB,
    0x95EB, 0x95EB, 0x95EB, 0x95EB, 0x960B, 0x960B, 0x960B, 0x960B, 0x960B, 0x960B, 0x962B, 0x962B, 0x962B, 0x962B, 0x962B, 0x962B,
    0x962B, 0x962B, 0x962B, 0x964B, 0x964B, 0x8E4B, 0x8E4B, 0x8E4B, 0x8E4B, 0x8E4B, 0x8E4B, 0x8E4B, 0x8E4B, 0x8E4B, 0x8E4B, 0x8E4A,
    0x864A, 0x864A, 0x864A, 0x864A, 0x864A, 0x864A, 0x864A, 0x864A, 0x7E4A, 0x7E4A, 0x7E4A, 0x7E4A, 0x7E4A, 0x7E2A, 0x7E29, 0x7E29,
    0x7629, 0x7629, 0x7629, 0x7629, 0x7629, 0x7629, 0x6E29, 0x6E09, 0x6E09, 0x6E09, 0x6E09, 0x6E08, 0x65E8, 0x65E8, 0x65E8, 0x65E8,
    0x65E8, 0x65C8, 0x65C8, 0x5DC8, 0x5DC8, 0x5DA8, 0x5DA8, 0x5DA8, 0x5D88, 0x5588, 0x5588, 0x5568, 0x5568, 0x5568, 0x5548, 0x4D48,
    0x4D48, 0x4D28, 0x4D28, 0x4D28, 0x4D08, 0x4508, 0x4508, 0x44E8, 0x44E8, 0x44C8, 0x44C8, 0x3CC8, 0x3CA8, 0x3CA8, 0x3CA8, 0x3C88,
    0x3C68, 0x3468, 0x3427, 0x2206, 0x18C5, 0x18C5, 0x18C5, 0x18C5, 0x18C5, 0x18C5, 0x18C5, 0x18C5, 0x18C5, 0x18C5, 0x18C5, 0x18C5,
    0x18C5, 0x18C5, 0x18C5, 0x18C5, 0x18C5, 0x18C5, 0x18C5, 0x18C5, 0x18C5, 0x18C5, 0x18C5, 0x18C5, 0x18C5, 0x18C5, 0x18C5, 0x18C5,
    0x18C5, 0x18C5, 0x18C5, 0x18C5, 0x18C5, 0x18C5, 0x18C5, 0x18C5, 0x18C5, 0x18C5, 0x18C5, 0x18C5, 0x18C5, 0x18C5, 0x18C5, 0x18C5,
    0x18C5, 0x18C5, 0x18C5, 0x18C5, 0x18C5, 0x18C5, 0x18C5, 0x18C5, 0x18C5, 0x18C5, 0x18C5, 0x18C5, 0x18C5, 0x18C5, 0x18C5, 0x18C5,
    0x18C5, 0x18C5, 0x18C5, 0x5328, 0x95AB, 0x95AB, 0x95AB, 0x95CB, 0x95CB, 0x95CB, 0x95CB, 0x95EB, 0x95EB, 0x95EB, 0x95EB, 0x960B,
    0x960B, 0x960B, 0x960B, 0x960B, 0x962B, 0x962B, 0x962B, 0x962B, 0x962B, 0x962B, 0x962B, 0x964B, 0x964B, 0x964B, 0x964B, 0x964B,
    0x964B, 0x8E4B, 0x8E4B, 0x8E4B, 0x8E4B, 0x8E4B, 0x8E6B, 0x8E4B, 0x8E6B, 0x8E4B, 0x8E6A, 0x8E6A, 0x866A, 0x864A, 0x864A, 0x864A,
    0x866A, 0x864A, 0x864A, 0x864A, 0x7E4A, 0x7E4A, 0x7E4A, 0x7E4A, 0x7E4A, 0x7E4A, 0x7E49, 0x7649, 0x7649, 0x7629, 0x7629, 0x7629,
    0x7629, 0x7629, 0x6E29, 0x6E29, 0x6E29, 0x6E09, 0x6E09, 0x6E09, 0x6609, 0x65E9, 0x65E8, 0x65E8, 0x65E8, 0x65E9, 0x65C9, 0x5DC9,
    0x5DC8, 0x5DC8, 0x5DA8, 0x5DA8, 0x5D88, 0x5588, 0x5588, 0x5588, 0x5568, 0x5568, 0x5568, 0x4D48, 0x4D48, 0x4D48, 0x4D28, 0x4D28,
    0x4D28, 0x4508, 0x4508, 0x4508, 0x44E8, 0x44E8, 0x44C8, 0x3CC8, 0x3CC8, 0x3CA8, 0x3CA8, 0x3C88, 0x3C88, 0x3468, 0x3468, 0x3468,
    0x2286, 0x18C5, 0x18C5, 0x18C5, 0x18C5, 0x18C5, 0x18C5, 0x18C5, 0x18C5, 0x18C5, 0x18C5, 0x18C5, 0x18C5, 0x18C5, 0x18C5, 0x18C5,
    0x18C5, 0x18C5, 0x18C5, 0x18C5, 0x18C5, 0x18C5, 0x18C5, 0x18C5, 0x18C5, 0x18C5, 0x18C5, 0x18C5, 0x18C5, 0x18C5, 0x18C5, 0x18C5,
    0x18C5, 0x18C5, 0x18C5, 0x18C5, 0x18C5, 0x18C5, 0x18C5, 0x18C5, 0x18C5, 0x18C5, 0x18C5, 0x18C5, 0x18C5, 0x18C5, 0x18C5, 0x18C5,
    0x18C5, 0x18C5, 0x18C5, 0x18C5, 0x18C5, 0x18C5, 0x18C5, 0x18C5, 0x18C5, 0x18C5, 0x18C5, 0x18C5, 0x18C5, 0x18E5, 0x63A9, 0x95AB,
    0x95AB, 0x95AB, 0x95CB, 0x95CB, 0x95CB, 0x95EB, 0x95EB, 0x95EB, 0x95EB, 0x960B, 0x960B, 0x960B, 0x960B, 0x960B, 0x960B, 0x962B,
    0x962B, 0x962B, 0x962B, 0x962B, 0x964B, 0x964B, 0x964B, 0x964B, 0x964B, 0x964B, 0x964B, 0x964B, 0x966B, 0x964B, 0x8E6B, 0x8E6B,
    0x8E6B, 0x8E6B, 0x8E6B, 0x8E6B, 0x8E6B, 0x8E6B, 0x8E6B, 0x8E6A, 0x866A, 0x866A, 0x866A, 0x866A, 0x866A, 0x866A, 0x866A, 0x866A,
    0x7E6A, 0x7E4A, 0x7E4A, 0x7E4A, 0x7E4A, 0x7E4A, 0x7E4A, 0x7649, 0x7649, 0x7649, 0x7649, 0x7629, 0x7629, 0x7629, 0x6E29, 0x6E29,
    0x6E29, 0x6E29, 0x6E09, 0x6E09, 0x6609, 0x6609, 0x65E9, 0x65E9, 0x65E9, 0x65E9, 0x65E9, 0x5DC9, 0x5DC9, 0x5DC9, 0x5DA9, 0x5DA9,
    0x5DA9, 0x55A9, 0x5588, 0x5589, 0x5589, 0x5568, 0x5568, 0x4D68, 0x4D48, 0x4D48, 0x4D48, 0x4D28, 0x4D28, 0x4528, 0x4508, 0x4508,
    0x44E8, 0x44E8, 0x44E8, 0x3CC8, 0x3CC8, 0x3CC8, 0x3CA8, 0x3CA8, 0x3C88, 0x3488, 0x3468, 0x3468, 0x3448, 0x2AE7, 0x18E5, 0x18C5,
    0x18C5, 0x18C5, 0x18C5, 0x18C5, 0x18C5, 0x18C5, 0x18C5, 0x18C5, 0x18C5, 0x18C5, 0x18C5, 0x18C5, 0x18C5, 0x18C5, 0x18C5, 0x18C5,
    0x18C5, 0x18C5, 0x18C5, 0x18C5, 0x18C5, 0x18C5, 0x18C5, 0x18C5, 0x18C5, 0x18C5, 0x18C5, 0x18C5, 0x18C5, 0x18C5, 0x18C5, 0x18C5,
    0x18C5, 0x18C5, 0x18C5, 0x18C5, 0x18C5, 0x18C5, 0x18C5, 0x18C5, 0x18C5, 0x18C5, 0x18C5, 0x18C5, 0x18C5, 0x18C5, 0x18C5, 0x18C5,
    0x18C5, 0x18C5, 0x18C5, 0x18C5, 0x18C5, 0x18C5, 0x18E5, 0x18C5, 0x2126, 0x7C8A, 0x95AB, 0x958B, 0x95AB, 0x95CB, 0x95CB, 0x95CB,
    0x95EB, 0x95EB, 0x95EB, 0x95EB, 0x960B, 0x960B, 0x960B, 0x960B, 0x960B, 0x962B, 0x962B, 0x962B, 0x962B, 0x962B, 0x964B, 0x964B,
    0x964B, 0x964B, 0x964B, 0x964B, 0x964B, 0x964B, 0x966B, 0x966B, 0x966B, 0x8E6B, 0x8E6B, 0x8E6B, 0x8E6B, 0x8E6B, 0x8E6B, 0x8E6B,
    0x8E6B, 0x8E6B, 0x8E6B, 0x866B, 0x866A, 0x866A, 0x866A, 0x866A, 0x866A, 0x866A, 0x866A, 0x866A, 0x7E6A, 0x7E6A, 0x7E6A, 0x7E6A,
    0x7E6A, 0x7E4A, 0x7649, 0x7649, 0x7649, 0x7649, 0x7649, 0x7649, 0x7649, 0x7649, 0x6E29, 0x6E29, 0x6E29, 0x6E29, 0x6E29, 0x6E09,
    0x6609, 0x6609, 0x6609, 0x6609, 0x65E9, 0x65E9, 0x5DE9, 0x5DE9, 0x5DC9, 0x5DC9, 0x5DC9, 0x5DA9, 0x5DA9, 0x55A9, 0x5589, 0x5589,
    0x5589, 0x5589, 0x5568, 0x4D68, 0x4D69, 0x4D48, 0x4D48, 0x4D48, 0x4D28, 0x4528, 0x4508, 0x4508, 0x4508, 0x44E8, 0x44E8, 0x3CE8,
    0x3CC8, 0x3CC8, 0x3CA8, 0x3CA8, 0x3C88, 0x3488, 0x3488, 0x3468, 0x3448, 0x3448, 0x2B67, 0x1905, 0x18C5, 0x18C5, 0x18C5, 0x18C5,
    0x18C5, 0x18C5, 0x18C5, 0x18C5, 0x18C5, 0x18C5, 0x18C5, 0x18C5, 0x18C5, 0x18C5, 0x18C5, 0x18C5, 0x18C5, 0x18C5, 0x18C5, 0x18C5,
    0x18C5, 0x18C5, 0x18C5, 0x18C5, 0x18C5, 0x18C5, 0x18C5, 0x18C5, 0x18C5, 0x18C5, 0x18C5, 0x18C5, 0x18C5, 0x18C5, 0x18C5, 0x18C5,
    0x18C5, 0x18C5, 0x18C5, 0x18C5, 0x18C5, 0x18C5, 0x18C5, 0x18C5, 0x18C5, 0x18C5, 0x18C5, 0x18C5, 0x18C5, 0x18C5, 0x18C5, 0x18C5,
    0x18C5, 0x18E5, 0x18C5, 0x2146, 0x7CAA, 0x95AB, 0x95AB, 0x95CB, 0x95CB, 0x95CB, 0x95EB, 0x95EB, 0x95EB, 0x95EB, 0x9E0B, 0x960B,
    0x9E0B, 0x960B, 0x960B, 0x962B, 0x962B, 0x962B, 0x962B, 0x962B, 0x964B, 0x964B, 0x964B, 0x964B, 0x964B, 0x964B, 0x964B, 0x966B,
    0x966B, 0x966B, 0x966B, 0x966B, 0x966B, 0x8E6B, 0x8E6B, 0x8E6B, 0x8E6B, 0x8E6B, 0x8E6B, 0x8E6B, 0x8E6B, 0x8E6B, 0x8E6B, 0x866A,
    0x866A, 0x866A, 0x866A, 0x866A, 0x866A, 0x866A, 0x866A, 0x7E6A, 0x7E6A, 0x7E6A, 0x7E6A, 0x7E6A, 0x7E6A, 0x7E6A, 0x764A, 0x7649,
    0x7649, 0x7649, 0x7649, 0x7649, 0x7649, 0x6E49, 0x6E49, 0x6E49, 0x6E29, 0x6E29, 0x6E29, 0x6E29, 0x6609, 0x6609, 0x6609, 0x6609,
    0x6609, 0x65E9, 0x5DE9, 0x5DE9, 0x5DC9, 0x5DC9, 0x5DC9, 0x5DC9, 0x55A9, 0x55A9, 0x55A9, 0x5589, 0x5589, 0x5589, 0x5589, 0x4D69,
    0x4D69, 0x4D69, 0x4D49, 0x4D48, 0x4D28, 0x4528, 0x4528, 0x4508, 0x4508, 0x4508, 0x3CE8, 0x3CE8, 0x3CC8, 0x3CC8, 0x3CA8, 0x3CA8,
    0x3CA8, 0x3488, 0x3488, 0x3468, 0x3468, 0x3448, 0x3448, 0x2B87, 0x1926, 0x18C5, 0x18C5, 0x18C5, 0x18C5, 0x18C5, 0x18C5, 0x18C5,
    0x18C5, 0x18C5, 0x18C5, 0x18C5, 0x18C5, 0x18C5, 0x18C5, 0x18C5, 0x18C5, 0x18C5, 0x18C5, 0x18C5, 0x18C5, 0x18C5, 0x18C5, 0x18C5,
    0x18C5, 0x18C5, 0x18C5, 0x18C5, 0x18C5, 0x18C5, 0x18C5, 0x18C5, 0x18C5, 0x18C5, 0x18C5, 0x18C5, 0x18C5, 0x18C5, 0x18C5, 0x18C5,
    0x18C5, 0x18C5, 0x18C5, 0x18C5, 0x18C5, 0x18C5, 0x18C5, 0x18C5, 0x18C5, 0x18C5, 0x18C5, 0x18C5, 0x18E5, 0x18C5, 0x31C6, 0x8D2A,
    0x95AB, 0x95AB, 0x95CB, 0x95CB, 0x95CB, 0x95EB, 0x95EB, 0x95EB, 0x95EB, 0x9E0B, 0x9E0B, 0x9E0B, 0x9E0B, 0x962B, 0x9E2B, 0x9E2B,
    0x962B, 0x962B, 0x964B, 0x964B, 0x964B, 0x964B, 0x964B, 0x964B, 0x966B, 0x966B, 0x966B, 0x966B, 0x966B, 0x966B, 0x966B, 0x966B,
    0x966B, 0x8E6B, 0x8E6B, 0x8E6B, 0x8E6B, 0x8E6B, 0x8E8B, 0x8E8B, 0x8E6B, 0x8E8B, 0x8E8A, 0x868A, 0x868A, 0x866A, 0x868A, 0x866A,
    0x866A, 0x866A, 0x866A, 0x7E6A, 0x7E6A, 0x7E6A, 0x7E6A, 0x7E6A, 0x7E6A, 0x7E6A, 0x7669, 0x7669, 0x7649, 0x7649, 0x7649, 0x7649,
    0x7649, 0x6E49, 0x6E49, 0x6E49, 0x6E49, 0x6E29, 0x6E29, 0x6629, 0x6629, 0x6609, 0x6609, 0x6609, 0x6609, 0x65E9, 0x5DE9, 0x5DE9,
    0x5DE9, 0x5DC9, 0x5DC9, 0x5DC9, 0x55C9, 0x55A9, 0x55A9, 0x55A9, 0x5589, 0x5589, 0x4D89, 0x4D69, 0x4D69, 0x4D69, 0x4D49, 0x4D49,
    0x4529, 0x4529, 0x4529, 0x4508, 0x4508, 0x4508, 0x3CE8, 0x3CE8, 0x3CE8, 0x3CC8, 0x3CC8, 0x3CA8, 0x34A8, 0x3488, 0x3488, 0x3488,
    0x3468, 0x3468, 0x2C48, 0x2C48, 0x2BE7, 0x1986, 0x18C5, 0x18E5, 0x18C5, 0x18C5, 0x18C5, 0x18C5, 0x18C5, 0x18C5, 0x18C5, 0x18C5,
    0x18C5, 0x18C5, 0x18C5, 0x18C5, 0x18C5, 0x18C5, 0x18C5, 0x18C5, 0x18C5, 0x18C5, 0x18C5, 0x18C5, 0x18C5, 0x18C5, 0x18C5, 0x18C5,
    0x18C5, 0x18C5, 0x18C5, 0x18C5, 0x18C5, 0x18C5, 0x18C5, 0x18C5, 0x18C5, 0x18C5, 0x18C5, 0x18C5, 0x18C5, 0x18C5, 0x18C5, 0x18C5,
    0x18C5, 0x18C5, 0x18C5, 0x18C5, 0x18C5, 0x18C5, 0x18C5, 0x18E5, 0x18C5, 0x31C6, 0x8D4B, 0x95AB, 0x95AB, 0x95CB, 0x95CB, 0x95CB,
    0x95EB, 0x95EB, 0x95EB, 0x9DEB, 0x9E0B, 0x9E0B, 0x9E0B, 0x9E0B, 0x9E2B, 0x9E2B, 0x9E2B, 0x962B, 0x964B, 0x964B, 0x964B, 0x964B,
    0x964B, 0x964B, 0x966B, 0x966B, 0x966B, 0x966B, 0x966B, 0x966B, 0x966B, 0x966B, 0x968B, 0x966B, 0x968B, 0x8E8B, 0x8E8B, 0x8E8B,
    0x8E8B, 0x8E8B, 0x8E8B, 0x8E8B, 0x8E8B, 0x8E8B, 0x8E8B, 0x868B, 0x868A, 0x868A, 0x868A, 0x868A, 0x868A, 0x868A, 0x868A, 0x7E8A,
    0x7E6A, 0x7E6A, 0x7E6A, 0x7E6A, 0x7E6A, 0x7E6A, 0x7669, 0x7669, 0x7669, 0x7669, 0x7669, 0x7649, 0x6E49, 0x6E49, 0x6E49, 0x6E49,
    0x6E49, 0x6E29, 0x6E29, 0x6629, 0x6629, 0x6629, 0x6609, 0x6609, 0x6609, 0x5DE9, 0x5DE9, 0x5DE9, 0x5DE9, 0x5DC9, 0x5DC9, 0x5DC9,
    0x55C9, 0x55A9, 0x55A9, 0x55A9, 0x5589, 0x5589, 0x4D89, 0x4D69, 0x4D69, 0x4D69, 0x4D49, 0x4D49, 0x4549, 0x4529, 0x4529, 0x4529,
    0x4509, 0x4509, 0x3CE8, 0x3CE8, 0x3CE8, 0x3CC8, 0x3CC8, 0x3CC8, 0x34A8, 0x34A8, 0x3488, 0x3488, 0x3468, 0x3468, 0x2C68, 0x2C48,
    0x2C48, 0x2BE8, 0x1986, 0x18C5, 0x18E5, 0x18C5, 0x18C5, 0x18C5, 0x18C5, 0x18C5, 0x18C5, 0x18C5, 0x18C5, 0x18C5, 0x18C5, 0x18C5,
    0x18C5, 0x18C5, 0x18C5, 0x18C5, 0x18C5, 0x18C5, 0x18C5, 0x18C5, 0x18C5, 0x18C5, 0x18C5, 0x18C5, 0x18C5, 0x18C5, 0x18C5, 0x18C5,
    0x18C5, 0x18C5, 0x18C5, 0x18C5, 0x18C5, 0x18C5, 0x18C5, 0x18C5, 0x18C5, 0x18C5, 0x18C5, 0x18C5, 0x18C5, 0x18C5, 0x18C5, 0x18C5,
    0x18C5, 0x18C5, 0x18E5, 0x18C5, 0x31C6, 0x8D4B, 0x95AB, 0x95AB, 0x95CB, 0x95CB, 0x95CB, 0x95EB, 0x95EB, 0x9DEB, 0x9DEB, 0x9E0B,
    0x9E0B, 0x9E0B, 0x9E2B, 0x9E2B, 0x9E2B, 0x9E2B, 0x9E4B, 0x9E4B, 0x9E4B, 0x964B, 0x964B, 0x964B, 0x966B, 0x966B, 0x966B, 0x966B,
    0x966B, 0x966B, 0x966B, 0x966B, 0x966B, 0x968B, 0x968B, 0x968B, 0x8E8B, 0x8E8B, 0x8E8B, 0x8E8B, 0x8E8B, 0x8E8B, 0x8E8B, 0x8E8B,
    0x8E8B, 0x8E8B, 0x8E8B, 0x868A, 0x868A, 0x868A, 0x868A, 0x868A, 0x868A, 0x868A, 0x7E8A, 0x7E8A, 0x7E8A, 0x7E8A, 0x7E8A, 0x7E8A,
    0x7E6A, 0x7669, 0x7669, 0x7669, 0x7669, 0x7669, 0x7669, 0x7669, 0x6E69, 0x6E49, 0x6E49, 0x6E49, 0x6E49, 0x6E29, 0x6629, 0x6629,
    0x6629, 0x6629, 0x6629, 0x6609, 0x6609, 0x5E09, 0x5DE9, 0x5DE9, 0x5DE9, 0x5DE9, 0x5DC9, 0x5DC9, 0x55C9, 0x55C9, 0x55A9, 0x55A9,
    0x55A9, 0x5589, 0x4D89, 0x4D89, 0x4D69, 0x4D69, 0x4D69, 0x4D49, 0x4549, 0x4549, 0x4529, 0x4529, 0x4509, 0x4509, 0x3D09, 0x3CE9,
    0x3CE8, 0x3CC8, 0x3CC8, 0x3CC8, 0x34A8, 0x34A8, 0x3488, 0x3488, 0x3488, 0x3468, 0x2C68, 0x2C48, 0x2C48, 0x2C28, 0x2BE8, 0x1986,
    0x18C5, 0x18C5, 0x18C5, 0x18C5, 0x18C5, 0x18C5, 0x18C5, 0x18C5, 0x18C5, 0x18C5, 0x18C5, 0x18C5, 0x18C5, 0x18C5, 0x18C5, 0x18C5,
    0x18C5, 0x18C5, 0x18C5, 0x18C5, 0x18C5, 0x18C5, 0x18C5, 0x18C5, 0x18C5, 0x18C5, 0x18C5, 0x18C5, 0x18C5, 0x18C5, 0x18C5, 0x18C5,
    0x18C5, 0x18C5, 0x18C5, 0x18C5, 0x18C5, 0x18C5, 0x18C5, 0x18C5, 0x18C5, 0x18C5, 0x18C5, 0x18C5, 0x18C5, 0x18E5, 0x18C5, 0x31C6,
    0x8D4B, 0x95AB, 0x95AB, 0x95CB, 0x95CB, 0x95CB, 0x95EB, 0x95EB, 0x9DEB, 0x9E0B, 0x9E0B, 0x9E0B, 0x9E0B, 0x9E2B, 0x9E2B, 0x9E2B,
    0x9E2B, 0x9E4B, 0x9E4B, 0x9E4B, 0x9E4B, 0x964B, 0x966B, 0x966B, 0x966B, 0x966B, 0x966B, 0x966B, 0x966B, 0x966B, 0x968B, 0x968B,
    0x968B, 0x968B, 0x968B, 0x968B, 0x968B, 0x8E8B, 0x8E8B, 0x8E8B, 0x8E8B, 0x8E8B, 0x8E8B, 0x8E8B, 0x8E8B, 0x8EAB, 0x868A, 0x86AA,
    0x868A, 0x868A, 0x868A, 0x868A, 0x868A, 0x868A, 0x7E8A, 0x7E8A, 0x7E8A, 0x7E8A, 0x7E8A, 0x7E8A, 0x7E8A, 0x768A, 0x7689, 0x7669,
    0x7669, 0x7669, 0x7669, 0x6E69, 0x6E69, 0x6E69, 0x6E49, 0x6E49, 0x6E49, 0x6E49, 0x6649, 0x6629, 0x6629, 0x6629, 0x6629, 0x6609,
    0x6609, 0x5E09, 0x5E09, 0x5DE9, 0x5DE9, 0x5DE9, 0x5DE9, 0x55C9, 0x55C9, 0x55C9, 0x55A9, 0x55A9, 0x55A9, 0x4D89, 0x4D89, 0x4D89,
    0x4D69, 0x4D69, 0x4D69, 0x4569, 0x4549, 0x4549, 0x4549, 0x4529, 0x4529, 0x3D09, 0x3D09, 0x3D09, 0x3CE9, 0x3CE9, 0x3CC8, 0x34C8,
    0x34A8, 0x34A8, 0x34A8, 0x3488, 0x3488, 0x2C68, 0x2C68, 0x2C48, 0x2C48, 0x2C28, 0x2C28, 0x23E8, 0x1986, 0x18C5, 0x18C5, 0x18C5,
    0x18C5, 0x18C5, 0x18C5, 0x18C5, 0x18C5, 0x18C5, 0x18C5, 0x18C5, 0x18C5, 0x18C5, 0x18C5, 0x18C5, 0x18C5, 0x18C5, 0x18C5, 0x18C5,
    0x18C5, 0x18C5, 0x18C5, 0x18C5, 0x18C5, 0x18C5, 0x18C5, 0x18C5, 0x18C5, 0x18C5, 0x18C5, 0x18C5, 0x18C5, 0x18C5, 0x18C5, 0x18C5,
    0x18C5, 0x18C5, 0x18C5, 0x18C5, 0x18C5, 0x18C5, 0x18C5, 0x18C5, 0x18C5, 0x18C5, 0x2126, 0x8D2A, 0x95AB, 0x95AB, 0x95CB, 0x95CB,
    0x95CB, 0x95EB, 0x9DEB, 0x9DEB, 0x9DEB, 0x9E0B, 0x9E0B, 0x9E0B, 0x9E2B, 0x9E2B, 0x9E2B, 0x9E2B, 0x9E4B, 0x9E4B, 0x9E4B, 0x9E4B,
    0x9E6B, 0x9E6B, 0x966B, 0x966B, 0x966B, 0x966B, 0x968B, 0x966B, 0x968B, 0x968B, 0x968B, 0x968B, 0x968B, 0x968B, 0x968B, 0x968B,
    0x8E8B, 0x8E8B, 0x8EAB, 0x8EAB, 0x8EAB, 0x8EAB, 0x8EAB, 0x8EAB, 0x8EAB, 0x86AB, 0x86AB, 0x868A, 0x868A, 0x868A, 0x868A, 0x868A,
    0x868A, 0x7E8A, 0x7E8A, 0x7E8A, 0x7E8A, 0x7E8A, 0x7E8A, 0x7E8A, 0x7E8A, 0x7689, 0x7669, 0x7669, 0x7669, 0x7669, 0x7669, 0x6E69,
    0x6E69, 0x6E69, 0x6E69, 0x6E49, 0x6E49, 0x6E49, 0x6649, 0x6629, 0x6629, 0x6629, 0x6629, 0x6609, 0x5E09, 0x5E09, 0x5E09, 0x5DE9,
    0x5DE9, 0x5DE9, 0x5DE9, 0x55C9, 0x55C9, 0x55C9, 0x55A9, 0x55A9, 0x55A9, 0x4DA9, 0x4D89, 0x4D89, 0x4D89, 0x4D69, 0x4D69, 0x4569,
    0x4549, 0x4549, 0x4549, 0x4529, 0x4529, 0x3D09, 0x3D09, 0x3D09, 0x3CE9, 0x3CE9, 0x3CE9, 0x34C9, 0x34C8, 0x34A9, 0x34A8, 0x3488,
    0x3488, 0x2C88, 0x2C68, 0x2C68, 0x2C48, 0x2C48, 0x2C28, 0x2428, 0x23C8, 0x1906, 0x18C5, 0x18C5, 0x18C5, 0x18C5, 0x18C5, 0x18C5,
    0x18C5, 0x18C5, 0x18C5, 0x18C5, 0x18C5, 0x18C5, 0x18C5, 0x18C5, 0x18C5, 0x18C5, 0x18C5, 0x18C5, 0x18C5, 0x18C5, 0x18C5, 0x18C5,
    0x18C5, 0x18C5, 0x18C5, 0x18C5, 0x18C5, 0x18C5, 0x18C5, 0x18C5, 0x18C5, 0x18C5, 0x18C5, 0x18C5, 0x18C5, 0x18C5, 0x18C5, 0x18C5,
    0x18C5, 0x18C5, 0x18C5, 0x18C5, 0x18C5, 0x2126, 0x7C8A, 0x95AB, 0x95AB, 0x95CB, 0x95CB, 0x95CB, 0x95EB, 0x9DEB, 0x9DEB, 0x9DEB,
    0x9E0B, 0x9E0B, 0x9E0B, 0x9E2B, 0x9E2B, 0x9E2B, 0x9E2B, 0x9E4B, 0x9E4B, 0x9E4B, 0x9E6B, 0x9E6B, 0x9E6B, 0x9E6B, 0x966B, 0x966B,
    0x966B, 0x968B, 0x968B, 0x968B, 0x968B, 0x968B, 0x968B, 0x968B, 0x968B, 0x968B, 0x968B, 0x8EAB, 0x8EAB, 0x8EAB, 0x8EAB, 0x8EAB,
    0x8EAB, 0x8EAB, 0x8EAB, 0x8EAB, 0x8EAB, 0x86AB, 0x86AA, 0x86AA, 0x86AA, 0x86AA, 0x86AA, 0x86AA, 0x86AA, 0x7E8A, 0x7E8A, 0x7E8A,
    0x7E8A, 0x7E8A, 0x7E8A, 0x7E8A, 0x7689, 0x7689, 0x7689, 0x7689, 0x7669, 0x7669, 0x6E69, 0x6E69, 0x6E69, 0x6E69, 0x6E69, 0x6E49,
    0x6E49, 0x6649, 0x6649, 0x6649, 0x6629, 0x6629, 0x6629, 0x6629, 0x5E09, 0x5E09, 0x5E09, 0x5E09, 0x5DE9, 0x5DE9, 0x5DE9, 0x55C9,
    0x55C9, 0x55C9, 0x55C9, 0x55A9, 0x55A9, 0x4DA9, 0x4DA9, 0x4D89, 0x4D89, 0x4D89, 0x4569, 0x4569, 0x4569, 0x4549, 0x4549, 0x4549,
    0x3D29, 0x3D29, 0x3D09, 0x3D09, 0x3D09, 0x3CE9, 0x3CE9, 0x34C9, 0x34C9, 0x34A9, 0x34A9, 0x34A8, 0x3488, 0x2C88, 0x2C68, 0x2C68,
    0x2C48, 0x2C48, 0x2C48, 0x2428, 0x2428, 0x2367, 0x1905, 0x18C5, 0x18C5, 0x18C5, 0x18C5, 0x18C5, 0x18C5, 0x18C5, 0x18C5, 0x18C5,
    0x18C5, 0x18C5, 0x18C5, 0x18C5, 0x18C5, 0x18C5, 0x18C5, 0x18C5, 0x18C5, 0x18C5, 0x18C5, 0x18C5, 0x18C5, 0x18C5, 0x18C5, 0x18C5,
    0x18C5, 0x18C5, 0x18C5, 0x18C5, 0x18C5, 0x18C5, 0x18C5, 0x18C5, 0x18C5, 0x18C5, 0x18C5, 0x18C5, 0x18C5, 0x18C5, 0x18C5, 0x18C5,
    0x18C5, 0x7C8A, 0x95AB, 0x95AB, 0x95CB, 0x95CB, 0x95CB, 0x95EB, 0x9DEB, 0x9DEB, 0x9E0B, 0x9E0B, 0x9E0B, 0x9E0B, 0x9E2B, 0x9E2B,
    0x9E2B, 0x9E4B, 0x9E4B, 0x9E4B, 0x9E4B, 0x9E6B, 0x9E6B, 0x9E6C, 0x9E6B, 0x9E6B, 0x966B, 0x966B, 0x968B, 0x968B, 0x968B, 0x968B,
    0x968B, 0x968B, 0x968B, 0x96AB, 0x96AB, 0x96AB, 0x96AB, 0x96AB, 0x8EAB, 0x8EAB, 0x8EAB, 0x8EAB, 0x8EAB, 0x8EAB, 0x8EAB, 0x8EAB,
    0x86AB, 0x86AB, 0x86AA, 0x86AA, 0x86AA, 0x86AA, 0x86AA, 0x86AA, 0x7EAA, 0x7EAA, 0x7EAA, 0x7EAA, 0x7E8A, 0x7E8A, 0x7E8A, 0x768A,
    0x7689, 0x7689, 0x7689, 0x7689, 0x7689, 0x7689, 0x6E69, 0x6E69, 0x6E69, 0x6E69, 0x6E69, 0x6E49, 0x6E49, 0x6649, 0x6649, 0x6649,
    0x6629, 0x6629, 0x6629, 0x6629, 0x5E29, 0x5E09, 0x5E09, 0x5E09, 0x5E09, 0x5DE9, 0x55E9, 0x55E9, 0x55C9, 0x55C9, 0x55C9, 0x55C9,
    0x4DA9, 0x4DA9, 0x4DA9, 0x4D89, 0x4D89, 0x4D89, 0x4569, 0x4569, 0x4569, 0x4549, 0x4549, 0x4529, 0x3D29, 0x3D29, 0x3D09, 0x3D09,
    0x3D09, 0x3CE9, 0x34E9, 0x34E9, 0x34C9, 0x34C9, 0x34A9, 0x34A9, 0x2C88, 0x2C88, 0x2C88, 0x2C68, 0x2C68, 0x2C48, 0x2C48, 0x2428,
    0x2428, 0x2408, 0x2347, 0x18C5, 0x18C5, 0x18C5, 0x18C5, 0x18C5, 0x18C5, 0x18C5, 0x18C5, 0x18C5, 0x18C5, 0x18C5, 0x18C5, 0x18C5,
    0x18C5, 0x18C5, 0x18C5, 0x18C5, 0x18C5, 0x18C5, 0x18C5, 0x18C5, 0x18C5, 0x18C5, 0x18C5, 0x18C5, 0x18C5, 0x18C5, 0x18C5, 0x18C5,
    0x18C5, 0x18C5, 0x18C5, 0x18C5, 0x18C5, 0x18C5, 0x18C5, 0x18C5, 0x18C5, 0x18C5, 0x18E5, 0x18C5, 0x63A9, 0x95AB, 0x95AB, 0x95CB,
    0x95CB, 0x95CB, 0x95EB, 0x95EB, 0x9DEB, 0x9E0B, 0x9E0B, 0x9E0B, 0x9E0B, 0x9E2B, 0x9E2B, 0x9E2B, 0x9E4B, 0x9E4B, 0x9E4C, 0x9E4B,
    0x9E6B, 0x9E6C, 0x9E6B, 0x9E6C, 0x9E6B, 0x9E6C, 0x968B, 0x968B, 0x968B, 0x968B, 0x968B, 0x968B, 0x96AB, 0x96AB, 0x96AB, 0x96AB,
    0x96AB, 0x96AB, 0x96AB, 0x8EAB, 0x8EAB, 0x8EAB, 0x8EAB, 0x8EAB, 0x8EAB, 0x8EAB, 0x8EAB, 0x8EAB, 0x86AB, 0x86AA, 0x86AA, 0x86AA,
    0x86AA, 0x86AA, 0x86AA, 0x86AA, 0x7EAA, 0x7EAA, 0x7EAA, 0x7EAA, 0x7EAA, 0x7EAA, 0x7EAA, 0x7689, 0x7689, 0x7689, 0x7689, 0x7689,
    0x7689, 0x6E89, 0x6E89, 0x6E69, 0x6E69, 0x6E69, 0x6E69, 0x6E69, 0x6E49, 0x6649, 0x6649, 0x6649, 0x6629, 0x6629, 0x6629, 0x5E29,
    0x5E29, 0x5E09, 0x5E09, 0x5E09, 0x5DE9, 0x55E9, 0x55E9, 0x55E9, 0x55E9, 0x55C9, 0x55C9, 0x55C9, 0x4DA9, 0x4DA9, 0x4DA9, 0x4D89,
    0x4D89, 0x4D89, 0x4569, 0x4569, 0x4569, 0x4549, 0x4549, 0x4549, 0x3D29, 0x3D29, 0x3D29, 0x3D09, 0x3D09, 0x34E9, 0x34E9, 0x34E9,
    0x34C9, 0x34C9, 0x34A9, 0x34A9, 0x2C89, 0x2C89, 0x2C88, 0x2C68, 0x2C68, 0x2C48, 0x2448, 0x2428, 0x2428, 0x2408, 0x2408, 0x1AC7,
    0x18C5, 0x18E5, 0x18C5, 0x18C5, 0x18C5, 0x18C5, 0x18C5, 0x18C5, 0x18C5, 0x18C5, 0x18C5, 0x18C5, 0x18C5, 0x18C5, 0x18C5, 0x18C5,
    0x18C5, 0x18C5, 0x18C5, 0x18C5, 0x18C5, 0x18C5, 0x18C5, 0x18C5, 0x18C5, 0x18C5, 0x18C5, 0x18C5, 0x18C5, 0x18C5, 0x18C5, 0x18C5,
    0x18C5, 0x18C5, 0x18C5, 0x18C5, 0x18C5, 0x18E5, 0x18C5, 0x5328, 0x95AB, 0x958B, 0x95AB, 0x95CB, 0x95CB, 0x95EB, 0x95EB, 0x9DEB,
    0x9E0B, 0x9E0B, 0x9E0B, 0x9E2B, 0x9E2B, 0x9E2B, 0x9E2B, 0x9E4B, 0x9E4B, 0x9E4C, 0x9E4B, 0x9E6C, 0x9E6B, 0x9E6C, 0x9E6C, 0x9E6B,
    0x9E8C, 0x968C, 0x968B, 0x968B, 0x968B, 0x968B, 0x968B, 0x96AB, 0x96AB, 0x96AB, 0x96AB, 0x96AB, 0x96AB, 0x96AB, 0x8EAB, 0x8EAB,
    0x8EAB, 0x8EAB, 0x8EAB, 0x8EAB, 0x8EAB, 0x8EAB, 0x8EAB, 0x8EAB, 0x86AB, 0x86AB, 0x86AA, 0x86AA, 0x86AA, 0x86AA, 0x86AA, 0x7EAA,
    0x7EAA, 0x7EAA, 0x7EAA, 0x7EAA, 0x7EAA, 0x7EAA, 0x76AA, 0x76AA, 0x7689, 0x7689, 0x7689, 0x7689, 0x7689, 0x6E89, 0x6E89, 0x6E69,
    0x6E69, 0x6E69, 0x6E69, 0x6E69, 0x6649, 0x6649, 0x6649, 0x6649, 0x6629, 0x6629, 0x5E29, 0x5E29, 0x5E29, 0x5E09, 0x5E09, 0x5E09,
    0x5E09, 0x55E9, 0x55EA, 0x55E9, 0x55E9, 0x55C9, 0x55C9, 0x4DC9, 0x4DA9, 0x4DA9, 0x4DA9, 0x4D89, 0x4D89, 0x4589, 0x4589, 0x4569,
    0x4569, 0x4569, 0x4549, 0x3D49, 0x3D29, 0x3D29, 0x3D29, 0x3D09, 0x3D09, 0x3509, 0x34E9, 0x34E9, 0x34C9, 0x34C9, 0x34C9, 0x2CA9,
    0x2CA9, 0x2C89, 0x2C89, 0x2C68, 0x2C68, 0x2C48, 0x2448, 0x2448, 0x2428, 0x2428, 0x2408, 0x2408, 0x1A67, 0x18C5, 0x18E5, 0x18C5,
    0x18C5, 0x18C5, 0x18C5, 0x18C5, 0x18C5, 0x18C5, 0x18C5, 0x18C5, 0x18C5, 0x18C5, 0x18C5, 0x18C5, 0x18C5, 0x18C5, 0x18C5, 0x18C5,
    0x18C5, 0x18C5, 0x18C5, 0x18C5, 0x18C5, 0x18C5, 0x18C5, 0x18C5, 0x18C5, 0x18C5, 0x18C5, 0x18C5, 0x18C5, 0x18C5, 0x18C5, 0x18C5,
    0x18E5, 0x18C5, 0x4267, 0x95AB, 0x958B, 0x95AB, 0x95CB, 0x95CB, 0x95EB, 0x95EB, 0x9DEB, 0x9E0B, 0x9E0B, 0x9E0B, 0x9E2B, 0x9E2B,
    0x9E2B, 0x9E2B, 0x9E4B, 0x9E4B, 0x9E4C, 0x9E4B, 0x9E6C, 0x9E6C, 0x9E6C, 0x9E6C, 0x9E6C, 0x9E8C, 0x968C, 0x968B, 0x968B, 0x968B,
    0x968B, 0x96AB, 0x96AB, 0x96AB, 0x96AB, 0x96AB, 0x96AB, 0x96AB, 0x96AB, 0x96AB, 0x8EAB, 0x8EAB, 0x8EAB, 0x8EAB, 0x8EAB, 0x8EAB,
    0x8EAB, 0x8ECB, 0x8EAB, 0x86AB, 0x86AB, 0x86AA, 0x86CA, 0x86AA, 0x86AA, 0x86AA, 0x7EAA, 0x7EAA, 0x7EAA, 0x7EAA, 0x7EAA, 0x7EAA,
    0x7EAA, 0x7EAA, 0x76AA, 0x7689, 0x7689, 0x7689, 0x7689, 0x7689, 0x6E89, 0x6E89, 0x6E89, 0x6E89, 0x6E69, 0x6E69, 0x6E69, 0x6669,
    0x6669, 0x6649, 0x6649, 0x6649, 0x6649, 0x6629, 0x5E29, 0x5E2A, 0x5E2A, 0x5E0A, 0x5E0A, 0x5E09, 0x5609, 0x55EA, 0x55EA, 0x55EA,
    0x55EA, 0x55C9, 0x55C9, 0x4DCA, 0x4DAA, 0x4DA9, 0x4DA9, 0x4DA9, 0x4D89, 0x4589, 0x4589, 0x4569, 0x4569, 0x4569, 0x4549, 0x3D49,
    0x3D49, 0x3D29, 0x3D29, 0x3D29, 0x3D09, 0x3509, 0x34E9, 0x34E9, 0x34E9, 0x34C9, 0x34C9, 0x2CA9, 0x2CA9, 0x2C89, 0x2C89, 0x2C89,
    0x2C69, 0x2468, 0x2448, 0x2448, 0x2428, 0x2428, 0x2408, 0x23E8, 0x1BE8, 0x19C6, 0x18C5, 0x18C5, 0x18C5, 0x18C5, 0x18C5, 0x18C5,
    0x18C5, 0x18C5, 0x18C5, 0x18C5, 0x18C5, 0x18C5, 0x18C5, 0x18C5, 0x18C5, 0x18C5, 0x18C5, 0x18C5, 0x18C5, 0x18C5, 0x18C5, 0x18C5,
    0x18C5, 0x18C5, 0x18C5, 0x18C5, 0x18C5, 0x18C5, 0x18C5, 0x18C5, 0x18C5, 0x18C5, 0x18C5, 0x18C5, 0x18C5, 0x2966, 0x8D4B, 0x95AB,
    0x95AB, 0x95CB, 0x95CB, 0x95EB, 0x95EB, 0x95EB, 0x9E0B, 0x9E0B, 0x9E0B, 0x9E0B, 0x9E2B, 0x9E2B, 0x9E2B, 0x9E4B, 0x9E4B, 0x9E4C,
    0x9E4B, 0x9E6C, 0x9E6C, 0x9E6C, 0x9E6C, 0x9E6C, 0x9E8C, 0x9E8C, 0x968B, 0x968B, 0x968B, 0x96AB, 0x96AB, 0x96AB, 0x96AB, 0x96AB,
    0x96AB, 0x96AB, 0x96AB, 0x96AB, 0x96AB, 0x96AB, 0x8EAB, 0x8ECB, 0x8EAB, 0x8ECB, 0x8ECB, 0x8ECB, 0x8ECB, 0x8ECB, 0x86CB, 0x86CB,
    0x86CA, 0x86CA, 0x86CA, 0x86CA, 0x86CA, 0x86AA, 0x7EAA, 0x7EAA, 0x7EAA, 0x7EAA, 0x7EAA, 0x7EAA, 0x7EAA, 0x76A9, 0x76A9, 0x76A9,
    0x76A9, 0x7689, 0x7689, 0x7689, 0x6E89, 0x6E89, 0x6E89, 0x6E69, 0x6E69, 0x6E69, 0x6E69, 0x6669, 0x666A, 0x664A, 0x664A, 0x664A,
    0x664A, 0x5E4A, 0x5E2A, 0x5E2A, 0x5E2A, 0x5E0A, 0x5E0A, 0x5E0A, 0x560A, 0x560A, 0x55EA, 0x55EA, 0x55EA, 0x55CA, 0x4DCA, 0x4DCA,
    0x4DCA, 0x4DAA, 0x4DAA, 0x4DAA, 0x45AA, 0x458A, 0x4589, 0x4569, 0x4569, 0x4569, 0x3D49, 0x3D49, 0x3D49, 0x3D29, 0x3D29, 0x3D29,
    0x3509, 0x3509, 0x3509, 0x34E9, 0x34E9, 0x34C9, 0x2CC9, 0x2CA9, 0x2CA9, 0x2CA9, 0x2C89, 0x2C89, 0x2C69, 0x2469, 0x2448, 0x2448,
    0x2428, 0x2428, 0x2428, 0x1C08, 0x1C08, 0x1BA8, 0x1926, 0x18C5, 0x18C5, 0x18C5, 0x18C5, 0x18C5, 0x18C5, 0x18C5, 0x18C5, 0x18C5,
    0x18C5, 0x18C5, 0x18C5, 0x18C5, 0x18C5, 0x18C5, 0x18C5, 0x18C5, 0x18C5, 0x18C5, 0x18C5, 0x18C5, 0x18C5, 0x18C5, 0x18C5, 0x18C5,
    0x18C5, 0x18C5, 0x18C5, 0x18C5, 0x18C5, 0x18C5, 0x18C5, 0x18E5, 0x18E5, 0x7C8A, 0x95AB, 0x95AB, 0x95CB, 0x95CB, 0x95CB, 0x95EB,
    0x95EB, 0x9DEB, 0x9E0B, 0x9E0B, 0x9E0B, 0x9E2B, 0x9E2B, 0x9E2B, 0x9E4B, 0x9E4C, 0x9E4C, 0x9E6C, 0x9E6C, 0x9E6C, 0x9E6C, 0x9E6C,
    0x9E6C, 0x9E8C, 0x9E8C, 0x9E8B, 0x968B, 0x968B, 0x96AB, 0x96AB, 0x96AB, 0x96AB, 0x96AB, 0x96AB, 0x96AB, 0x96AB, 0x96AB, 0x96AB,
    0x96CB, 0x8ECB, 0x8ECB, 0x8ECB, 0x8ECB, 0x8ECB, 0x8ECB, 0x8ECB, 0x8ECB, 0x86CB, 0x86CB, 0x86CB, 0x86CA, 0x86CA, 0x86CA, 0x86CA,
    0x86AA, 0x7EAA, 0x7EAA, 0x7EAA, 0x7EAA, 0x7EAA, 0x7EAA, 0x7EAA, 0x76AA, 0x76A9, 0x76A9, 0x76A9, 0x7689, 0x7689, 0x7689, 0x6E89,
    0x6E89, 0x6E89, 0x6E69, 0x6E69, 0x6E69, 0x6E69, 0x6669, 0x666A, 0x664A, 0x664A, 0x664A, 0x664A, 0x664A, 0x5E4A, 0x5E2A, 0x5E2A,
    0x5E2A, 0x5E2A, 0x5E0A, 0x560A, 0x560A, 0x560A, 0x55EA, 0x55EA, 0x55EA, 0x4DEA, 0x4DCA, 0x4DCA, 0x4DCA, 0x4DAA, 0x4DAA, 0x4DAA,
    0x45AA, 0x458A, 0x458A, 0x456A, 0x456A, 0x456A, 0x3D4A, 0x3D49, 0x3D49, 0x3D29, 0x3D29, 0x3D29, 0x3509, 0x3509, 0x3509, 0x34E9,
    0x34E9, 0x34C9, 0x2CC9, 0x2CC9, 0x2CA9, 0x2CA9, 0x2C89, 0x2C89, 0x2469, 0x2469, 0x2469, 0x2449, 0x2449, 0x2428, 0x2428, 0x1C08,
    0x1C08, 0x1BE8, 0x1B27, 0x18C5, 0x18C5, 0x18C5, 0x18C5, 0x18C5, 0x18C5, 0x18C5, 0x18C5, 0x18C5, 0x18C5, 0x18C5, 0x18C5, 0x18C5,
    0x18C5, 0x18C5, 0x18C5, 0x18C5, 0x18C5, 0x18C5, 0x18C5, 0x18C5, 0x18C5, 0x18C5, 0x18C5, 0x18C5, 0x18C5, 0x18C5, 0x18C5, 0x18C5,
    0x18C5, 0x18C5, 0x18E5, 0x18C5, 0x5B68, 0x95AB, 0x95AB, 0x95CB, 0x95CB, 0x95CB, 0x95EB, 0x95EB, 0x9DEB, 0x9E0B, 0x9E0B, 0x9E0B,
    0x9E2B, 0x9E2B, 0x9E2B, 0x9E4B, 0x9E4B, 0x9E4C, 0x9E6C, 0x9E6C, 0x9E6C, 0x9E6C, 0x9E6C, 0x9E8C, 0x9E8C, 0x9E8C, 0x9E8C, 0x968C,
    0x96AB, 0x96AB, 0x96AB, 0x96AB, 0x96AB, 0x96AB, 0x96AB, 0x96AB, 0x96AB, 0x96AB, 0x96CB, 0x96CB, 0x8ECB, 0x8ECB, 0x8ECB, 0x8ECB,
    0x8ECB, 0x8ECB, 0x8ECB, 0x8ECB, 0x8ECB, 0x86CB, 0x86CB, 0x86CA, 0x86CA, 0x86CA, 0x86CA, 0x86CA, 0x7ECA, 0x7EAA, 0x7ECA, 0x7EAA,
    0x7EAA, 0x7EAA, 0x7EAA, 0x7EAA, 0x76AA, 0x76A9, 0x76A9, 0x76A9, 0x7689, 0x7689, 0x6E89, 0x6E89, 0x6E89, 0x6E8A, 0x6E6A, 0x6E6A,
    0x6E6A, 0x666A, 0x666A, 0x666A, 0x664A, 0x664A, 0x664A, 0x664A, 0x5E4A, 0x5E2A, 0x5E2A, 0x5E2A, 0x5E2A, 0x5E2A, 0x5E0A, 0x560A,
    0x560A, 0x560A, 0x55EA, 0x55EA, 0x55EA, 0x4DEA, 0x4DCA, 0x4DCA, 0x4DCA, 0x4DCA, 0x4DAA, 0x45AA, 0x45AA, 0x458A, 0x458A, 0x458A,
    0x456A, 0x3D6A, 0x3D6A, 0x3D4A, 0x3D49, 0x3D4A, 0x3D29, 0x3529, 0x3509, 0x3509, 0x3509, 0x34E9, 0x34E9, 0x2CE9, 0x2CC9, 0x2CC9,
    0x2CA9, 0x2CA9, 0x2C89, 0x2489, 0x2489, 0x2469, 0x2469, 0x2449, 0x2449, 0x2428, 0x1C28, 0x1C08, 0x1C08, 0x1BE8, 0x1BE8, 0x1A87,
    0x18C5, 0x18E5, 0x18C5, 0x18C5, 0x18C5, 0x18C5, 0x18C5, 0x18C5, 0x18C5, 0x18C5, 0x18C5, 0x18C5, 0x18C5, 0x18C5, 0x18C5, 0x18C5,
    0x18C5, 0x18C5, 0x18C5, 0x18C5, 0x18C5, 0x18C5, 0x18C5, 0x18C5, 0x18C5, 0x18C5, 0x18C5, 0x18C5, 0x18C5, 0x18E5, 0x18C5, 0x4267,
    0x95AB, 0x958B, 0x95AB, 0x95CB, 0x95CB, 0x95EB, 0x95EB, 0x95EB, 0x9E0B, 0x9E0B, 0x9E0B, 0x9E2B, 0x9E2B, 0x9E2B, 0x9E4B, 0x9E4B,
    0x9E4B, 0x9E4C, 0x9E6C, 0x9E6C, 0x9E6C, 0x9E6C, 0x9E8C, 0x9E8C, 0x9E8C, 0x968B, 0x968B, 0x96AC, 0x96AB, 0x96AB, 0x96AB, 0x96AB,
    0x96AB, 0x96AB, 0x96AB, 0x96CB, 0x96CB, 0x96CB, 0x96CB, 0x8ECB, 0x8ECB, 0x8ECB, 0x8ECB, 0x8ECB, 0x8ECB, 0x8ECB, 0x8ECB, 0x8ECB,
    0x86CB, 0x86CB, 0x86CA, 0x86CA, 0x86CA, 0x86CA, 0x86CA, 0x7ECA, 0x7ECA, 0x7ECA, 0x7EAA, 0x7EAA, 0x7EAA, 0x7EAA, 0x7EAA, 0x76AA,
    0x76A9, 0x76A9, 0x76A9, 0x76A9, 0x76A9, 0x6E89, 0x6E89, 0x6E89, 0x6E8A, 0x6E8A, 0x6E8A, 0x6E6A, 0x666A, 0x666A, 0x666A, 0x666A,
    0x664A, 0x664A, 0x664A, 0x5E4A, 0x5E4A, 0x5E2A, 0x5E2A, 0x5E2A, 0x5E2A, 0x5E2A, 0x560A, 0x560A, 0x560A, 0x560A, 0x55EA, 0x55EA,
    0x4DEA, 0x4DEA, 0x4DCA, 0x4DCA, 0x4DCA, 0x4DAA, 0x45AA, 0x45AA, 0x45AA, 0x458A, 0x458A, 0x458A, 0x456A, 0x3D6A, 0x3D6A, 0x3D4A,
    0x3D4A, 0x3D4A, 0x3D2A, 0x3529, 0x3529, 0x3509, 0x3509, 0x34E9, 0x34E9, 0x2CE9, 0x2CC9, 0x2CC9, 0x2CA9, 0x2CA9, 0x2C89, 0x2489,
    0x2489, 0x2469, 0x2469, 0x2449, 0x2449, 0x2429, 0x1C28, 0x1C08, 0x1C08, 0x1C08, 0x1BE8, 0x1BE8, 0x19C6, 0x18C5, 0x18C5, 0x18C5,
    0x18C5, 0x18C5, 0x18C5, 0x18C5, 0x18C5, 0x18C5, 0x18C5, 0x18C5, 0x18C5, 0x18C5, 0x18C5, 0x18C5, 0x18C5, 0x18C5, 0x18C5, 0x18C5,
    0x18C5, 0x18C5, 0x18C5, 0x18C5, 0x18C5, 0x18C5, 0x18C5, 0x18C5, 0x18C5, 0x18C5, 0x2126, 0x8D2A, 0x958B, 0x95AB, 0x95CB, 0x95CB,
    0x95EB, 0x95EB, 0x95EB, 0x960B, 0x9E0B, 0x9E0B, 0x9E2B, 0x9E2B, 0x9E2B, 0x9E4B, 0x9E4B, 0x9E4B, 0x9E4C, 0x9E6B, 0x9E6C, 0x9E6C,
    0x9E6C, 0x9E8C, 0x9E8C, 0x9E8C, 0x968A, 0xAED0, 0xB6F1, 0x968A, 0x96AC, 0x96AB, 0x96AB, 0x96AB, 0x96AB, 0x96AB, 0x96CB, 0x96CB,
    0x96CB, 0x96CB, 0x8ECB, 0x8ECB, 0x8ECB, 0x8ECB, 0x8ECB, 0x8ECB, 0x8ECB, 0x8ECB, 0x8ECB, 0x86CB, 0x86CB, 0x86CA, 0x86CA, 0x86CA,
    0x86CA, 0x86CA, 0x7ECA, 0x7ECA, 0x7ECA, 0x7ECA, 0x7ECA, 0x7ECA, 0x7EAA, 0x7EAA, 0x76AA, 0x76A9, 0x76A9, 0x76A9, 0x76A9, 0x76A9,
    0x6E89, 0x6E89, 0x6E89, 0x6E8A, 0x6E8A, 0x6E8A, 0x6E6A, 0x666A, 0x666A, 0x666A, 0x666A, 0x666A, 0x664A, 0x664A, 0x664A, 0x5E4A,
    0x5E4A, 0x5E2A, 0x5E2A, 0x5E2A, 0x5E2A, 0x560A, 0x560A, 0x560A, 0x560A, 0x560A, 0x55EA, 0x55EA, 0x4DEA, 0x4DEA, 0x4DCA, 0x4DCA,
    0x4DCA, 0x4DCA, 0x45AA, 0x45AA, 0x45AA, 0x458A, 0x458A, 0x458A, 0x3D6A, 0x3D6A, 0x3D6A, 0x3D6A, 0x3D4A, 0x3D4A, 0x352A, 0x352A,
    0x352A, 0x350A, 0x350A, 0x34E9, 0x2CE9, 0x2CE9, 0x2CC9, 0x2CC9, 0x2CA9, 0x2CA9, 0x24A9, 0x2489, 0x2489, 0x2469, 0x2469, 0x2449,
    0x2449, 0x1C49, 0x1C29, 0x1C29, 0x1C08, 0x1C08, 0x1BE8, 0x1BE8, 0x1388, 0x1906, 0x18C5, 0x18C5, 0x18C5, 0x18C5, 0x18C5, 0x18C5,
    0x18C5, 0x18C5, 0x18C5, 0x18C5, 0x18C5, 0x18C5, 0x18C5, 0x18C5, 0x18C5, 0x18C5, 0x18C5, 0x18C5, 0x18C5, 0x18C5, 0x18C5, 0x18C5,
    0x18C5, 0x18C5, 0x18C5, 0x18C5, 0x18E5, 0x18C5, 0x6BE9, 0x95AB, 0x95AB, 0x95CB, 0x95CB, 0x95CB, 0x95EB, 0x95EB, 0x960B, 0x9E0B,
    0x9E0B, 0x9E0B, 0x9E2B, 0x9E2B, 0x9E2B, 0x9E4B, 0x9E4B, 0x9E4C, 0x9E6B, 0x9E6C, 0x9E6C, 0x9E6C, 0x9E8C, 0x9E8C, 0x9E8C, 0x9E8C,
    0x968A, 0xD738, 0xDF39, 0x96AA, 0x9EAC, 0x96AB, 0x96AB, 0x96AB, 0x96AB, 0x96CB, 0x96CB, 0x96CB, 0x96CB, 0x96CB, 0x8ECB, 0x8ECB,
    0x8ECB, 0x8ECB, 0x8ECB, 0x8ECB, 0x8ECB, 0x8ECB, 0x86CB, 0x86CB, 0x86CA, 0x86CA, 0x86CA, 0x86CA, 0x86CA, 0x7ECA, 0x7ECA, 0x7ECA,
    0x7ECA, 0x7ECA, 0x7ECA, 0x7EAA, 0x7EAA, 0x76AA, 0x76A9, 0x76A9, 0x76A9, 0x76A9, 0x76A9, 0x6E89, 0x6E89, 0x6E8A, 0x6E8A, 0x6E8A,
    0x6E8A, 0x6E6A, 0x666A, 0x666A, 0x666A, 0x666A, 0x666A, 0x664A, 0x664A, 0x5E4A, 0x5E4A, 0x5E4A, 0x5E4A, 0x5E2A, 0x5E2A, 0x5E2A,
    0x5E2A, 0x562A, 0x560A, 0x560A, 0x560A, 0x560A, 0x560A, 0x4DEA, 0x4DEA, 0x4DEA, 0x4DCA, 0x4DCA, 0x4DCA, 0x45CA, 0x45AA, 0x45AA,
    0x45AA, 0x458A, 0x458A, 0x3D8A, 0x3D6A, 0x3D6A, 0x3D6A, 0x3D4A, 0x3D4A, 0x3D4A, 0x352A, 0x352A, 0x352A, 0x350A, 0x2CE9, 0x3509,
    0x2CE9, 0x2CE9, 0x2CC9, 0x2CC9, 0x2CA9, 0x2CA9, 0x24A9, 0x2489, 0x2489, 0x2469, 0x2469, 0x2469, 0x1C49, 0x1C49, 0x1C29, 0x1C29,
    0x1C09, 0x1C08, 0x1BE8, 0x1BE8, 0x13C8, 0x12C7, 0x18C5, 0x18C5, 0x18C5, 0x18C5, 0x18C5, 0x18C5, 0x18C5, 0x18C5, 0x18C5, 0x18C5,
    0x18C5, 0x18C5, 0x18C5, 0x18C5, 0x18C5, 0x18C5, 0x18C5, 0x18C5, 0x18C5, 0x18C5, 0x18C5, 0x18C5, 0x18C5, 0x18C5, 0x18C5, 0x18E5,
    0x18C5, 0x4267, 0x958B, 0x958B, 0x95AB, 0x95CB, 0x95CB, 0x95EB, 0x95EB, 0x95EB, 0x960B, 0x9E0B, 0x960B, 0x9E2B, 0x9E2B, 0x9E2B,
    0x9E4B, 0x9E4B, 0x9E4B, 0x9E6B, 0x9E6C, 0x9E6C, 0x9E6C, 0x9E8C, 0x9E8C, 0x9E8C, 0x9E8C, 0x968A, 0xA6AE, 0xEF7D, 0xEF7E, 0xA6CE,
    0x8EAA, 0x96CC, 0x96AC, 0x96CB, 0x96CB, 0x96CB, 0x96CB, 0x96CB, 0x96CB, 0x8ECB, 0x8ECB, 0x8ECB, 0x8ECB, 0x8ECB, 0x8ECB, 0x8ECB,
    0x8ECB, 0x8ECB, 0x86CB, 0x86CA, 0x86CB, 0x86CA, 0x86CA, 0x86CA, 0x86CA, 0x7ECA, 0x7ECA, 0x7ECA, 0x7ECA, 0x7ECA, 0x7EAA, 0x7EAA,
    0x76AA, 0x76A9, 0x76A9, 0x76A9, 0x76A9, 0x76A9, 0x6E89, 0x6E89, 0x6E8A, 0x6E8A, 0x6E8A, 0x6E8A, 0x6E6A, 0x666A, 0x666A, 0x666A,
    0x666A, 0x666A, 0x664A, 0x664A, 0x5E4A, 0x5E4A, 0x5E4A, 0x5E4A, 0x5E2A, 0x5E2A, 0x5E2A, 0x5E2A, 0x562A, 0x560A, 0x560A, 0x560A,
    0x560A, 0x55EA, 0x4DEA, 0x4DEA, 0x4DEA, 0x4DEA, 0x4DCA, 0x4DCA, 0x4DCA, 0x45CA, 0x45AA, 0x45AA, 0x45AA, 0x458A, 0x458A, 0x3D8A,
    0x3D6A, 0x3D6A, 0x3D6A, 0x3D6A, 0x3D4A, 0x354A, 0x352A, 0x352A, 0x352A, 0x3D2A, 0x8612, 0x2CE9, 0x350A, 0x2CEA, 0x2CC9, 0x2CC9,
    0x2CC9, 0x24A9, 0x24A9, 0x2489, 0x2489, 0x2469, 0x2469, 0x2469, 0x1C49, 0x1C49, 0x1C29, 0x1C29, 0x1C09, 0x1C09, 0x1BE8, 0x13E8,
    0x13C8, 0x13C8, 0x19C6, 0x18C5, 0x18C5, 0x18C5, 0x18C5, 0x18C5, 0x18C5, 0x18C5, 0x18C5, 0x18C5, 0x18C5, 0x18C5, 0x18C5, 0x18C5,
    0x18C5, 0x18C5, 0x18C5, 0x18C5, 0x18C5, 0x18C5, 0x18C5, 0x18C5, 0x18C5, 0x18C5, 0x18C5, 0x18C5, 0x2126, 0x852A, 0x958B, 0x95AB,
    0x95CB, 0x95CB, 0x95CB, 0x95EB, 0x95EB, 0x960B, 0x960B, 0x960B, 0x962B, 0x9E2B, 0x9E2B, 0x9E4B, 0x9E4B, 0x9E4B, 0x9E6B, 0x9E6B,
    0x9E6C, 0x9E6C, 0x9E6C, 0x9E8C, 0x9E8C, 0x968B, 0x968A, 0xA6AD, 0xD738, 0xF77E, 0xF79E, 0xD758, 0x9ECD, 0x8EAA, 0x8EAA, 0x96CB,
    0x96CB, 0x96CB, 0x96CB, 0x96CB, 0x96CB, 0x8ECB, 0x8ECB, 0x8ECB, 0x8ECB, 0x8ECB, 0x8ECB, 0x8ECB, 0x8ECB, 0x86CB, 0x86CB, 0x86CB,
    0x86CA, 0x86CA, 0x86CA, 0x86CA, 0x7ECA, 0x7ECA, 0x7ECA, 0x7ECA, 0x7ECA, 0x7EAA, 0x7EAA, 0x76AA, 0x76A9, 0x76A9, 0x76A9, 0x76A9,
    0x76A9, 0x6E89, 0x6E89, 0x6E8A, 0x6E8A, 0x6E8A, 0x6E8A, 0x6E6A, 0x666A, 0x666A, 0x666A, 0x666A, 0x666A, 0x664A, 0x664A, 0x5E4A,
    0x5E4A, 0x5E4A, 0x5E4A, 0x5E2A, 0x5E2A, 0x5E2A, 0x5E2A, 0x562A, 0x562A, 0x560A, 0x560A, 0x560A, 0x560A, 0x560A, 0x4DEA, 0x4DEA,
    0x4DEA, 0x4DEA, 0x4DCA, 0x4DCA, 0x45CA, 0x45CA, 0x45AA, 0x45AA, 0x45AA, 0x458A, 0x3D8A, 0x3D8A, 0x3D8A, 0x3D6A, 0x3D6A, 0x3D6A,
    0x3D4A, 0x354A, 0x354A, 0x352A, 0x1CC7, 0x75D0, 0xF77E, 0x4D4C, 0x14A7, 0x2CE9, 0x2CEA, 0x2CC9, 0x2CC9, 0x24A9, 0x24A9, 0x2489,
    0x2489, 0x2489, 0x2469, 0x1C69, 0x1C49, 0x1C49, 0x1C29, 0x1C29, 0x1C09, 0x1C09, 0x1409, 0x13E8, 0x13C8, 0x13C8, 0x1388, 0x1906,
    0x18C5, 0x18C5, 0x18C5, 0x18C5, 0x18C5, 0x18C5, 0x18C5, 0x18C5, 0x18C5, 0x18C5, 0x18C5, 0x18C5, 0x18C5, 0x18C5, 0x18C5, 0x18C5,
    0x18C5, 0x18C5, 0x18C5, 0x18C5, 0x18C5, 0x18C5, 0x18E5, 0x18C5, 0x5B88, 0x95AB, 0x958B, 0x95AB, 0x95CB, 0x95CB, 0x95EB, 0x95EB,
    0x960B, 0x960B, 0x960B, 0x962B, 0x9E2B, 0x9E2B, 0x9E4B, 0x9E4B, 0x9E4B, 0x9E6B, 0x9E6B, 0x9E6C, 0x9E6B, 0x9E6C, 0x9E8C, 0x9E8C,
    0x968B, 0xAED0, 0xD738, 0xEF7D, 0xF77E, 0xEF7D, 0xEF9D, 0xF79E, 0xF79E, 0xDF79, 0xAF11, 0x96CB, 0x96CB, 0x96CB, 0x96CB, 0x96CB,
    0x8ECB, 0x8ECB, 0x8ECB, 0x8ECB, 0x8ECB, 0x8ECB, 0x8ECB, 0x8ECB, 0x86CB, 0x86CB, 0x86CA, 0x86CA, 0x86CA, 0x86CA, 0x86CA, 0x7ECA,
    0x7ECA, 0x7ECA, 0x7ECA, 0x7ECA, 0x7EAA, 0x7EAA, 0x76AA, 0x76A9, 0x76A9, 0x76A9, 0x76A9, 0x76A9, 0x6E89, 0x6E89, 0x6E8A, 0x6E8A,
    0x6E8A, 0x6E8A, 0x6E6A, 0x666A, 0x666A, 0x666A, 0x666A, 0x666A, 0x664A, 0x664A, 0x5E4A, 0x5E4A, 0x5E4A, 0x5E4A, 0x5E2A, 0x5E2A,
    0x5E2A, 0x562A, 0x562A, 0x562A, 0x560A, 0x560A, 0x560A, 0x560A, 0x560A, 0x4DEA, 0x4DEA, 0x4DEA, 0x4DEA, 0x4DEA, 0x4DCA, 0x45CA,
    0x45CA, 0x45CA, 0x45AA, 0x45AA, 0x45AA, 0x3D8A, 0x3D8A, 0x3D8A, 0x3D8A, 0x3D6A, 0x3D6A, 0x356A, 0x354A, 0x354A, 0x352A, 0x456C,
    0xA695, 0xE75C, 0xEF5D, 0xDF1B, 0x8E13, 0x350B, 0x24C9, 0x2CCA, 0x24CA, 0x24A9, 0x24A9, 0x24A9, 0x2489, 0x2489, 0x1C69, 0x1C69,
    0x1C49, 0x1C49, 0x1C29, 0x1C29, 0x1C29, 0x1409, 0x1409, 0x13E8, 0x13E8, 0x13C8, 0x13C8, 0x1267, 0x18C5, 0x18C5, 0x18C5, 0x18C5,
    0x18C5, 0x18C5, 0x18C5, 0x18C5, 0x18C5, 0x18C5, 0x18C5, 0x18C5, 0x18C5, 0x18C5, 0x18C5, 0x18C5, 0x18C5, 0x18C5, 0x18C5, 0x18C5,
    0x18C5, 0x18C5, 0x18C5, 0x31C6, 0x8D8B, 0x958B, 0x95AB, 0x95CB, 0x95CB, 0x95EB, 0x95EB, 0x95EB, 0x960B, 0x960B, 0x960B, 0x962B,
    0x9E2B, 0x962B, 0x9E4B, 0x9E4B, 0x9E4B, 0x9E6B, 0x9E6B, 0x9E6B, 0x9E6B, 0x9E8C, 0x9E8C, 0x9E8C, 0x968B, 0xAED1, 0xDF39, 0xEF7D,
    0xF77E, 0xF79D, 0xF79E, 0xF79E, 0xF79E, 0xDF7A, 0xB712, 0x96CB, 0x96CB, 0x96CB, 0x96CB, 0x8ECB, 0x8EEB, 0x8ECB, 0x8ECB, 0x8ECB,
    0x8ECB, 0x8ECB, 0x8ECB, 0x86CB, 0x86CB, 0x86CA, 0x86CA, 0x86CA, 0x86CA, 0x86CA, 0x7ECA, 0x7ECA, 0x7ECA, 0x7ECA, 0x7ECA, 0x7EAA,
    0x76AA, 0x76AA, 0x76A9, 0x76A9, 0x76A9, 0x76A9, 0x76A9, 0x6E89, 0x6E89, 0x6E8A, 0x6E8A, 0x6E8A, 0x6E8A, 0x6E6A, 0x666A, 0x666A,
    0x666A, 0x666A, 0x666A, 0x664A, 0x664A, 0x5E4A, 0x5E4A, 0x5E4A, 0x5E4A, 0x5E2A, 0x5E2A, 0x5E2A, 0x562A, 0x562A, 0x562A, 0x560A,
    0x560A, 0x560A, 0x560A, 0x560A, 0x4E0A, 0x4DEA, 0x4DEA, 0x4DEA, 0x4DEA, 0x4DEA, 0x45CA, 0x45CA, 0x45CA, 0x45CA, 0x45AA, 0x45AA,
    0x45AA, 0x3DAA, 0x3D8A, 0x3D8A, 0x3D8A, 0x3D6A, 0x3D6A, 0x356A, 0x354A, 0x354A, 0x352A, 0x4D6C, 0xA696, 0xE75D, 0xEF7D, 0xDF1B,
    0x8E34, 0x3D0B, 0x24C9, 0x2CCA, 0x24CA, 0x24AA, 0x24A9, 0x24A9, 0x2489, 0x2489, 0x1C69, 0x1C69, 0x1C49, 0x1C49, 0x1C49, 0x1C29,
    0x1C29, 0x1409, 0x1409, 0x13E9, 0x13E9, 0x13C8, 0x13C8, 0x13A8, 0x1966, 0x18C5, 0x18C5, 0x18C5, 0x18C5, 0x18C5, 0x18C5, 0x18C5,
    0x18C5, 0x18C5, 0x18C5, 0x18C5, 0x18C5, 0x18C5, 0x18C5, 0x18C5, 0x18C5, 0x18C5, 0x18C5, 0x18C5, 0x18C5, 0x18E5, 0x18C5, 0x7469,
    0x958B, 0x958B, 0x95AB, 0x95CB, 0x95CB, 0x95EB, 0x95EB, 0x960B, 0x960B, 0x960B, 0x962B, 0x962B, 0x962B, 0x964B, 0x9E4B, 0x9E4B,
    0x9E6B, 0x9E6B, 0x9E6B, 0x9E6B, 0x9E8B, 0x968C, 0x968B, 0x968B, 0x96AB, 0x968A, 0x96AA, 0xA6CE, 0xD758, 0xF79E, 0xF79E, 0xD778,
    0x9EEE, 0x8ECA, 0x8ECA, 0x96CB, 0x96CB, 0x96CB, 0x8ECB, 0x8EEB, 0x8ECB, 0x8ECB, 0x8ECB, 0x8ECB, 0x8ECB, 0x8ECB, 0x86CB, 0x86CB,
    0x86CA, 0x86CA, 0x86CA, 0x86CA, 0x86CA, 0x7ECA, 0x7ECA, 0x7ECA, 0x7ECA, 0x7ECA, 0x7EAA, 0x76AA, 0x76AA, 0x76A9, 0x76A9, 0x76A9,
    0x76A9, 0x76A9, 0x6E89, 0x6E89, 0x6E8A, 0x6E8A, 0x6E8A, 0x6E8A, 0x6E6A, 0x666A, 0x666A, 0x666A, 0x666A, 0x666A, 0x664A, 0x664A,
    0x5E4A, 0x5E4A, 0x5E4A, 0x5E4A, 0x5E2A, 0x5E2A, 0x5E2A, 0x562A, 0x562A, 0x562A, 0x560A, 0x560A, 0x560A, 0x560A, 0x560A, 0x4E0A,
    0x4DEA, 0x4DEA, 0x4DEA, 0x4DEA, 0x4DEA, 0x4DCA, 0x45CA, 0x45CA, 0x45CA, 0x45CA, 0x45AA, 0x45AA, 0x3DAA, 0x3D8A, 0x3D8A, 0x3D8A,
    0x3D8A, 0x3D6A, 0x356A, 0x356A, 0x354A, 0x354A, 0x354A, 0x2D2A, 0x14C7, 0x7E11, 0xFF9F, 0x4D6D, 0x14A7, 0x24EA, 0x2CEA, 0x24CA,
    0x24CA, 0x24AA, 0x24AA, 0x24AA, 0x248A, 0x1C89, 0x1C69, 0x1C69, 0x1C69, 0x1C49, 0x1C49, 0x1C29, 0x1429, 0x1409, 0x1409, 0x13E9,
    0x13E9, 0x13C9, 0x13C8, 0x0BA8, 0x12E8, 0x18C5, 0x18C5, 0x18C5, 0x18C5, 0x18C5, 0x18C5, 0x18C5, 0x18C5, 0x18C5, 0x18C5, 0x18C5,
    0x18C5, 0x18C5, 0x18C5, 0x18C5, 0x18C5, 0x18C5, 0x18C5, 0x18C5, 0x18E5, 0x18C5, 0x4267, 0x958B, 0x958B, 0x95AB, 0x95CB, 0x95CB,
    0x95EB, 0x95EB, 0x95EB, 0x960B, 0x960B, 0x960B, 0x962B, 0x962B, 0x962B, 0x964B, 0x964B, 0x966B, 0x9E6B, 0x966B, 0x966B, 0x966B,
    0x968B, 0x968B, 0x968B, 0x96AB, 0x96AB, 0x96AC, 0x9EAC, 0x8EAA, 0xA6CE, 0xF79E, 0xF7BE, 0xA6EE, 0x8EAA, 0x96CC, 0x96CB, 0x96CB,
    0x96CB, 0x8ECB, 0x8EEB, 0x8ECB, 0x8ECB, 0x8ECB, 0x8ECB, 0x8EEB, 0x8ECB, 0x86CB, 0x86EB, 0x86CA, 0x86CA, 0x86CA, 0x86CA, 0x86CA,
    0x7ECA, 0x7ECA, 0x7ECA, 0x7ECA, 0x7ECA, 0x7EAA, 0x76AA, 0x76AA, 0x76A9, 0x76A9, 0x76A9, 0x76A9, 0x76A9, 0x6E89, 0x6E89, 0x6E8A,
    0x6E8A, 0x6E8A, 0x6E8A, 0x6E6A, 0x666A, 0x666A, 0x666A, 0x666A, 0x666A, 0x664A, 0x664A, 0x5E4A, 0x5E4A, 0x5E4A, 0x5E4A, 0x5E2A,
    0x5E2A, 0x5E2A, 0x562A, 0x562A, 0x562A, 0x560A, 0x560A, 0x560A, 0x560A, 0x560A, 0x4E0A, 0x4DEA, 0x4DEA, 0x4DEA, 0x4DEA, 0x4DEA,
    0x4DEA, 0x45CA, 0x45CA, 0x45CA, 0x45CA, 0x45CA, 0x45AA, 0x3DAA, 0x3DAA, 0x3D8A, 0x3D8A, 0x3D8A, 0x3D8A, 0x356A, 0x356A, 0x356A,
    0x354A, 0x354A, 0x354A, 0x352A, 0x2D2A, 0x3D4B, 0x9655, 0x2D0A, 0x2D0A, 0x2CEA, 0x24EA, 0x24CA, 0x24CA, 0x24CA, 0x24AA, 0x24AA,
    0x248A, 0x1C89, 0x1C69, 0x1C69, 0x1C69, 0x1C49, 0x1C49, 0x1429, 0x1429, 0x1409, 0x1409, 0x13E9, 0x13E9, 0x13C9, 0x0BC8, 0x0BA8,
    0x0BA8, 0x11C6, 0x18C5, 0x18C5, 0x18C5, 0x18C5, 0x18C5, 0x18C5, 0x18C5, 0x18C5, 0x18C5, 0x18C5, 0x18C5, 0x18C5, 0x18C5, 0x18C5,
    0x18C5, 0x18C5, 0x18C5, 0x18C5, 0x18C5, 0x18E5, 0x7CCA, 0x958B, 0x95AB, 0x95AB, 0x95CB, 0x95CB, 0x95EB, 0x95EB, 0x960B, 0x960B,
    0x960B, 0x962B, 0x962B, 0x962B, 0x964B, 0x964B, 0x964B, 0x966B, 0x966B, 0x966B, 0x966B, 0x968B, 0x968B, 0x968B, 0x968B, 0x96AB,
    0x96AB, 0x96AB, 0x96AB, 0x96AC, 0x8EAA, 0xDF79, 0xE77A, 0x8EAA, 0x96CC, 0x96CB, 0x96CB, 0x96CB, 0x8ECB, 0x8EEB, 0x8ECB, 0x8ECB,
    0x8EEB, 0x8ECB, 0x8EEB, 0x8ECB, 0x86EB, 0x86EB, 0x86CA, 0x86CA, 0x86CA, 0x86CA, 0x86CA, 0x7ECA, 0x7ECA, 0x7ECA, 0x7ECA, 0x7ECA,
    0x7EAA, 0x76AA, 0x76AA, 0x76A9, 0x76A9, 0x76A9, 0x76A9, 0x76A9, 0x6E89, 0x6E89, 0x6E8A, 0x6E8A, 0x6E8A, 0x6E8A, 0x6E6A, 0x666A,
    0x666A, 0x666A, 0x666A, 0x666A, 0x664A, 0x664A, 0x5E4A, 0x5E4A, 0x5E4A, 0x5E4A, 0x5E2A, 0x5E2A, 0x5E2A, 0x562A, 0x562A, 0x562A,
    0x560A, 0x560A, 0x560A, 0x560A, 0x560A, 0x4E0A, 0x4DEA, 0x4DEA, 0x4DEA, 0x4DEA, 0x4DEA, 0x4DEA, 0x45CA, 0x45CA, 0x45CA, 0x45CA,
    0x45CA, 0x45AA, 0x3DAA, 0x3DAA, 0x3DAA, 0x3D8A, 0x3D8A, 0x3D8A, 0x3D8A, 0x356A, 0x356A, 0x356A, 0x354A, 0x354A, 0x354A, 0x2D2A,
    0x2D2A, 0x2D2A, 0x2D0A, 0x2D0A, 0x2D0A, 0x2CEA, 0x24EA, 0x24CA, 0x24CA, 0x24CA, 0x24AA, 0x24AA, 0x1C8A, 0x1C8A, 0x1C89, 0x1C69,
    0x1C69, 0x1C49, 0x1449, 0x1429, 0x1429, 0x1409, 0x1409, 0x1409, 0x13E9, 0x13E9, 0x0BC9, 0x0BA9, 0x0BA8, 0x0B28, 0x18E5, 0x18C5,
    0x18C5, 0x18C5, 0x18C5, 0x18C5, 0x18C5, 0x18C5, 0x18C5, 0x18C5, 0x18C5, 0x18C5, 0x18C5, 0x18C5, 0x18C5, 0x18C5, 0x18C5, 0x18E5,
    0x18C5, 0x4287, 0x8D8B, 0x958B, 0x95AB, 0x95CB, 0x95CB, 0x95EB, 0x95EB, 0x95EB, 0x960B, 0x960B, 0x960B, 0x962B, 0x962B, 0x964B,
    0x964B, 0x964B, 0x966B, 0x966B, 0x966B, 0x966B, 0x968B, 0x968B, 0x968B, 0x968B, 0x96AB, 0x96AB, 0x96AB, 0x96AB, 0x96AB, 0x96AC,
    0x8EAA, 0xB711, 0xB712, 0x8ECA, 0x96CB, 0x96CB, 0x8ECB, 0x8ECB, 0x8EEB, 0x8ECB, 0x8ECB, 0x8EEB, 0x8ECB, 0x8EEB, 0x86CB, 0x86EB,
    0x86CB, 0x86CA, 0x86CA, 0x86CA, 0x86CA, 0x86CA, 0x7ECA, 0x7ECA, 0x7ECA, 0x7ECA, 0x7ECA, 0x7EAA, 0x76AA, 0x76AA, 0x76A9, 0x76A9,
    0x76A9, 0x76A9, 0x76A9, 0x6E89, 0x6E89, 0x6E8A, 0x6E8A, 0x6E8A, 0x6E8A, 0x6E6A, 0x666A, 0x666A, 0x666A, 0x666A, 0x666A, 0x664A,
    0x664A, 0x5E4A, 0x5E4A, 0x5E4A, 0x5E4A, 0x5E2A, 0x5E2A, 0x5E2A, 0x562A, 0x562A, 0x562A, 0x560A, 0x560A, 0x560A, 0x560A, 0x560A,
    0x4E0A, 0x4DEA, 0x4DEA, 0x4DEA, 0x4DEA, 0x4DEA, 0x4DEA, 0x45CA, 0x45CA, 0x45CA, 0x45CA, 0x45CA, 0x45CA, 0x45AA, 0x3DAA, 0x3DAA,
    0x3DAA, 0x3D8A, 0x3D8A, 0x3D8A, 0x356A, 0x356A, 0x356A, 0x356A, 0x354A, 0x354A, 0x2D4A, 0x2D2A, 0x2D2A, 0x2D2A, 0x2D0A, 0x2D0A,
    0x2D0A, 0x24EA, 0x24EA, 0x24CA, 0x24CA, 0x24CA, 0x24AA, 0x1CAA, 0x1C8A, 0x1C8A, 0x1C8A, 0x1C6A, 0x1C69, 0x1C49, 0x1449, 0x1429,
    0x1429, 0x1409, 0x1409, 0x13E9, 0x13E9, 0x0BE9, 0x0BC9, 0x0BC9, 0x0BA9, 0x0BA8, 0x11C6, 0x18C5, 0x18C5, 0x18C5, 0x18C5, 0x18C5,
    0x18C5, 0x18C5, 0x18C5, 0x18C5, 0x18C5, 0x18C5, 0x18C5, 0x18C5, 0x18C5, 0x18C5, 0x18C5, 0x18C5, 0x18E5, 0x7CCA, 0x8D8B, 0x95AB,
    0x95AB, 0x95CB, 0x95CB, 0x95EB, 0x95EB, 0x960B, 0x960B, 0x960B, 0x962B, 0x962B, 0x962B, 0x964B, 0x964B, 0x964B, 0x966B, 0x966B,
    0x966B, 0x966B, 0x968B, 0x968B, 0x968B, 0x968B, 0x96AB, 0x96AB, 0x96AB, 0x96AB, 0x96AB, 0x96CB, 0x96CB, 0x96CB, 0x96CB, 0x96CB,
    0x96CB, 0x8ECB, 0x8ECB, 0x8EEB, 0x8ECB, 0x8ECB, 0x8EEB, 0x8ECB, 0x8EEB, 0x86CB, 0x86EB, 0x86CB, 0x86CA, 0x86CA, 0x86CA, 0x86CA,
    0x86CA, 0x7ECA, 0x7ECA, 0x7ECA, 0x7ECA, 0x7ECA, 0x7EAA, 0x76AA, 0x76AA, 0x76A9, 0x76A9, 0x76A9, 0x76A9, 0x76A9, 0x6E89, 0x6E89,
    0x6E8A, 0x6E8A, 0x6E8A, 0x6E8A, 0x6E6A, 0x666A, 0x666A, 0x666A, 0x666A, 0x666A, 0x664A, 0x664A, 0x5E4A, 0x5E4A, 0x5E4A, 0x5E4A,
    0x5E2A, 0x5E2A, 0x5E2A, 0x562A, 0x562A, 0x562A, 0x560A, 0x560A, 0x560A, 0x560A, 0x4E0A, 0x4E0A, 0x4DEA, 0x4DEA, 0x4DEA, 0x4DEA,
    0x4DEA, 0x4DEA, 0x45CA, 0x45CA, 0x45CA, 0x45CA, 0x45CA, 0x45CA, 0x45AA, 0x3DAA, 0x3DAA, 0x3DAA, 0x3DAA, 0x3D8A, 0x3D8A, 0x358A,
    0x356A, 0x356A, 0x356A, 0x356A, 0x354A, 0x2D4A, 0x2D4A, 0x2D2A, 0x2D2A, 0x2D2A, 0x2D0A, 0x2D0A, 0x250A, 0x24EA, 0x24EA, 0x24CA,
    0x24CA, 0x24CA, 0x24AA, 0x1CAA, 0x1C8A, 0x1C8A, 0x1C8A, 0x1C6A, 0x1C6A, 0x1449, 0x1449, 0x1429, 0x1429, 0x1409, 0x1409, 0x1409,
    0x0BE9, 0x0BE9, 0x0BC9, 0x0BC9, 0x0BA9, 0x0BA8, 0x0B28, 0x18E5, 0x18C5, 0x18C5, 0x18C5, 0x18C5, 0x18C5, 0x18C5, 0x18C5, 0x18C5,
    0x18C5, 0x18C5, 0x18C5, 0x18C5, 0x18C5, 0x18C5, 0x18E5, 0x18C5, 0x4287, 0x8D8B, 0x8D8B, 0x95AB, 0x95CB, 0x95CB, 0x95EB, 0x95EB,
    0x95EB, 0x960B, 0x960B, 0x962B, 0x962B, 0x962B, 0x964B, 0x964B, 0x964B, 0x966B, 0x966B, 0x966B, 0x966B, 0x968B, 0x968B, 0x968B,
    0x968B, 0x96AB, 0x96AB, 0x96AB, 0x96AB, 0x96AB, 0x96AB, 0x96CB, 0x96CB, 0x96CB, 0x96CB, 0x96CB, 0x8ECB, 0x8ECB, 0x8EEB, 0x8ECB,
    0x8ECB, 0x8EEB, 0x8ECB, 0x8EEB, 0x8ECB, 0x86EB, 0x86CB, 0x86CA, 0x86CA, 0x86CA, 0x86CA, 0x86CA, 0x7ECA, 0x7ECA, 0x7ECA, 0x7ECA,
    0x7EAA, 0x7EAA, 0x76AA, 0x76AA, 0x76A9, 0x76A9, 0x76A9, 0x76A9, 0x76A9, 0x6E89, 0x6E89, 0x6E8A, 0x6E8A, 0x6E8A, 0x6E8A, 0x6E6A,
    0x666A, 0x666A, 0x666A, 0x666A, 0x666A, 0x664A, 0x664A, 0x5E4A, 0x5E4A, 0x5E4A, 0x5E4A, 0x5E2A, 0x5E2A, 0x5E2A, 0x562A, 0x562A,
    0x562A, 0x560A, 0x560A, 0x560A, 0x560A, 0x4E0A, 0x4E0A, 0x4DEA, 0x4DEA, 0x4DEA, 0x4DEA, 0x4DEA, 0x4DEA, 0x45CA, 0x45CA, 0x45CA,
    0x45CA, 0x45CA, 0x45CA, 0x45AA, 0x3DAA, 0x3DAA, 0x3DAA, 0x3DAA, 0x3D8A, 0x3D8B, 0x3D8A, 0x358A, 0x356A, 0x356A, 0x356A, 0x356A,
    0x354A, 0x2D4A, 0x2D4A, 0x2D2A, 0x2D2A, 0x2D2A, 0x2D0A, 0x250A, 0x250A, 0x24EA, 0x24EA, 0x24CA, 0x24CA, 0x24CA, 0x1CAA, 0x1CAA,
    0x1CAA, 0x1C8A, 0x1C8A, 0x1C6A, 0x146A, 0x1449, 0x144A, 0x1429, 0x1429, 0x1429, 0x1409, 0x0C09, 0x0BE9, 0x0BE9, 0x0BC9, 0x0BC9,
    0x0BA9, 0x0BA9, 0x0BA9, 0x11C6, 0x18C5, 0x18C5, 0x18C5, 0x18C5, 0x18C5, 0x18C5, 0x18C5, 0x18C5, 0x18C5, 0x18C5, 0x18C5, 0x18C5,
    0x18C5, 0x18C5, 0x18C5, 0x18E5, 0x7CCA, 0x8D8B, 0x8DAB, 0x95AB, 0x95CB, 0x95CB, 0x95EB, 0x95EB, 0x960B, 0x960B, 0x960B, 0x962B,
    0x962B, 0x962B, 0x964B, 0x964B, 0x964B, 0x966B, 0x966B, 0x966B, 0x966B, 0x968B, 0x968B, 0x968B, 0x96AB, 0x96AB, 0x96AB, 0x96AB,
    0x96AB, 0x96AB, 0x96CB, 0x96CB, 0x96CB, 0x96CB, 0x96CB, 0x8ECB, 0x8ECB, 0x8EEB, 0x8ECB, 0x8ECB, 0x8ECB, 0x8EEB, 0x8EEB, 0x8ECB,
    0x86EB, 0x86CB, 0x86CA, 0x86CA, 0x86CA, 0x86CA, 0x86CA, 0x7ECA, 0x7ECA, 0x7ECA, 0x7ECA, 0x7EAA, 0x7EAA, 0x76AA, 0x76AA, 0x76A9,
    0x76A9, 0x76A9, 0x76A9, 0x76A9, 0x6E89, 0x6E89, 0x6E8A, 0x6E8A, 0x6E8A, 0x6E8A, 0x6E6A, 0x666A, 0x666A, 0x666A, 0x666A, 0x666A,
    0x664A, 0x664A, 0x5E4A, 0x5E4A, 0x5E4A, 0x5E4A, 0x5E2A, 0x5E2A, 0x5E2A, 0x562A, 0x562A, 0x562A, 0x560A, 0x560A, 0x560A, 0x560A,
    0x4E0A, 0x4E0A, 0x4DEA, 0x4DEA, 0x4DEA, 0x4DEA, 0x4DEA, 0x4DEA, 0x45CA, 0x45CA, 0x45CA, 0x45CA, 0x45CA, 0x45CA, 0x45AA, 0x3DAA,
    0x3DAA, 0x3DAA, 0x3DAA, 0x3DAA, 0x3D8B, 0x3D8B, 0x358B, 0x358A, 0x356A, 0x356A, 0x356B, 0x356A, 0x2D4A, 0x2D4A, 0x2D4A, 0x2D2A,
    0x2D2A, 0x2D2A, 0x250A, 0x250A, 0x250A, 0x24EA, 0x24EA, 0x24CA, 0x24CA, 0x1CCA, 0x1CAA, 0x1CAA, 0x1C8A, 0x1C8A, 0x1C8A, 0x1C6A,
    0x146A, 0x144A, 0x144A, 0x1429, 0x1429, 0x1429, 0x1409, 0x0C09, 0x0BE9, 0x0BE9, 0x0BC9, 0x0BC9, 0x0BA9, 0x0BA9, 0x0BA9, 0x0B28,
    0x18E5, 0x18C5, 0x18C5, 0x18C5, 0x18C5, 0x18C5, 0x18C5, 0x18C5, 0x18C5, 0x18C5, 0x18C5, 0x18C5, 0x18C5, 0x18E5, 0x18C5, 0x4267,
    0x8D8A, 0x8D8B, 0x8DAB, 0x95AB, 0x95CB, 0x95CB, 0x95EB, 0x95EB, 0x960B, 0x960B, 0x962B, 0x962B, 0x962B, 0x964B, 0x964B, 0x964B,
    0x966B, 0x966B, 0x966B, 0x966B, 0x968B, 0x968B, 0x968B, 0x968B, 0x96AB, 0x96AB, 0x96AB, 0x96AB, 0x96AB, 0x96CB, 0x96CB, 0x96CB,
    0x96CB, 0x96CB, 0x8ECB, 0x8ECB, 0x8EEB, 0x8ECB, 0x8ECB, 0x8ECB, 0x8ECB, 0x8EEB, 0x8ECB, 0x86EB, 0x86CB, 0x86CA, 0x86CA, 0x86CA,
    0x86CA, 0x86CA, 0x7ECA, 0x7ECA, 0x7ECA, 0x7ECA, 0x7EAA, 0x7EAA, 0x76AA, 0x76AA, 0x76A9, 0x76A9, 0x76A9, 0x76A9, 0x76A9, 0x6E89,
    0x6E89, 0x6E8A, 0x6E8A, 0x6E8A, 0x6E8A, 0x6E6A, 0x666A, 0x666A, 0x666A, 0x666A, 0x666A, 0x664A, 0x664A, 0x5E4A, 0x5E4A, 0x5E4A,
    0x5E4A, 0x5E2A, 0x5E2A, 0x5E2A, 0x562A, 0x562A, 0x562A, 0x560A, 0x560A, 0x560A, 0x560A, 0x4E0A, 0x4E0A, 0x4DEA, 0x4DEA, 0x4DEA,
    0x4DEA, 0x4DEA, 0x4DEA, 0x45CA, 0x45CA, 0x45CA, 0x45CA, 0x45CA, 0x45CA, 0x45AA, 0x3DAA, 0x3DAA, 0x3DAA, 0x3DAA, 0x3DAA, 0x3D8B,
    0x3D8B, 0x358B, 0x358B, 0x358B, 0x356A, 0x356B, 0x356B, 0x2D4B, 0x2D4A, 0x2D4A, 0x2D2B, 0x2D2A, 0x2D2A, 0x2D0A, 0x250A, 0x250A,
    0x250A, 0x24EA, 0x24EA, 0x24CA, 0x1CCA, 0x1CCA, 0x1CAA, 0x1CAA, 0x1C8A, 0x1C8A, 0x1C8A, 0x146A, 0x146A, 0x144A, 0x144A, 0x142A,
    0x1429, 0x1429, 0x0C09, 0x0C09, 0x0BE9, 0x0BE9, 0x0BC9, 0x0BC9, 0x0BC9, 0x0BA9, 0x0BA9, 0x0BA9, 0x11C6, 0x18C5, 0x18C5, 0x18C5,
    0x18C5, 0x18C5, 0x18C5, 0x18C5, 0x18C5, 0x18C5, 0x18C5, 0x18C5, 0x18C5, 0x18C5, 0x18C5, 0x6C49, 0x8D8A, 0x8D8B, 0x8DAB, 0x95CB,
    0x95CB, 0x95EB, 0x95EB, 0x95EB, 0x960B, 0x960B, 0x962B, 0x962B, 0x962B, 0x964B, 0x964B, 0x964B, 0x966B, 0x966B, 0x966B, 0x966B,
    0x968B, 0x968B, 0x968B, 0x96AB, 0x96AB, 0x96AB, 0x96AB, 0x96AB, 0x96AB, 0x96CB, 0x96CB, 0x96CB, 0x96CB, 0x8ECB, 0x8ECB, 0x8EEB,
    0x8ECB, 0x8ECB, 0x8ECB, 0x8ECB, 0x8EEB, 0x8ECB, 0x86EB, 0x86CB, 0x86CA, 0x86CA, 0x86CA, 0x86CA, 0x86CA, 0x7ECA, 0x7ECA, 0x7ECA,
    0x7ECA, 0x7EAA, 0x7EAA, 0x76AA, 0x76AA, 0x76A9, 0x76A9, 0x76A9, 0x76A9, 0x76A9, 0x6E89, 0x6E89, 0x6E8A, 0x6E8A, 0x6E8A, 0x6E8A,
    0x6E6A, 0x666A, 0x666A, 0x666A, 0x666A, 0x666A, 0x664A, 0x664A, 0x5E4A, 0x5E4A, 0x5E4A, 0x5E4A, 0x5E2A, 0x5E2A, 0x5E2A, 0x562A,
    0x562A, 0x562A, 0x560A, 0x560A, 0x560A, 0x560A, 0x4E0A, 0x4E0A, 0x4DEA, 0x4DEA, 0x4DEA, 0x4DEA, 0x4DEA, 0x4DEA, 0x45CA, 0x45CA,
    0x45CA, 0x45CA, 0x45CA, 0x45CA, 0x45AA, 0x3DAA, 0x3DAA, 0x3DAA, 0x3DAA, 0x3DAA, 0x3D8B, 0x3D8B, 0x358B, 0x358B, 0x358B, 0x356B,
    0x356B, 0x356B, 0x2D6B, 0x2D4B, 0x2D4B, 0x2D4B, 0x2D4B, 0x2D2B, 0x2D2A, 0x252A, 0x250A, 0x250A, 0x24EA, 0x24EA, 0x24EA, 0x1CCA,
    0x1CCA, 0x1CCA, 0x1CAA, 0x1CAA, 0x1C8A, 0x1C8A, 0x148A, 0x146A, 0x146A, 0x144A, 0x144A, 0x144A, 0x142A, 0x0C29, 0x0C09, 0x0C09,
    0x0BE9, 0x0BE9, 0x0BE9, 0x0BC9, 0x0BC9, 0x0BA9, 0x0BA9, 0x0BA9, 0x0AE8, 0x18C5, 0x18C5, 0x18C5, 0x18C5, 0x18C5, 0x18C5, 0x18C5,
    0x18C5, 0x18C5, 0x18C5, 0x18C5, 0x18E5, 0x18C5, 0x31C6, 0x8D8A, 0x8D8A, 0x8DAB, 0x8DAB, 0x8DCB, 0x95CB, 0x95EB, 0x95EB, 0x960B,
    0x960B, 0x962B, 0x962B, 0x962B, 0x962B, 0x964B, 0x964B, 0x966B, 0x966B, 0x966B, 0x966B, 0x968B, 0x968B, 0x968B, 0x968B, 0x96AB,
    0x96AB, 0x96AB, 0x96AB, 0x96AB, 0x96CB, 0x96CB, 0x96CB, 0x8ECB, 0x8ECB, 0x8ECB, 0x8ECB, 0x8ECB, 0x8ECB, 0x8ECB, 0x8ECB, 0x8EEB,
    0x8ECB, 0x86EB, 0x86CB, 0x86CA, 0x86CA, 0x86CA, 0x86CA, 0x86CA, 0x7ECA, 0x7ECA, 0x7ECA, 0x7ECA, 0x7EAA, 0x7EAA, 0x76AA, 0x76AA,
    0x76A9, 0x76A9, 0x76A9, 0x76A9, 0x7689, 0x6E89, 0x6E89, 0x6E8A, 0x6E8A, 0x6E8A, 0x6E8A, 0x6E6A, 0x666A, 0x666A, 0x666A, 0x666A,
    0x666A, 0x664A, 0x664A, 0x5E4A, 0x5E4A, 0x5E4A, 0x5E4A, 0x5E2A, 0x5E2A, 0x5E2A, 0x562A, 0x562A, 0x562A, 0x560A, 0x560A, 0x560A,
    0x560A, 0x4E0A, 0x4E0A, 0x4DEA, 0x4DEA, 0x4DEA, 0x4DEA, 0x4DEA, 0x45EA, 0x45CA, 0x45CA, 0x45CA, 0x45CA, 0x45CA, 0x45CA, 0x45AA,
    0x3DAA, 0x3DAA, 0x3DAA, 0x3DAA, 0x3DAA, 0x3D8B, 0x3D8B, 0x358B, 0x358B, 0x358B, 0x358B, 0x356B, 0x356B, 0x356B, 0x2D6B, 0x2D4B,
    0x2D4B, 0x2D4B, 0x2D4B, 0x2D2B, 0x252B, 0x252A, 0x250B, 0x250A, 0x250A, 0x24EA, 0x1CEA, 0x1CCA, 0x1CCA, 0x1CCA, 0x1CAA, 0x1CAA,
    0x1C8A, 0x148A, 0x148A, 0x146A, 0x146A, 0x144A, 0x144A, 0x144A, 0x0C2A, 0x0C2A, 0x0C09, 0x0C09, 0x0BE9, 0x0BE9, 0x0BE9, 0x0BC9,
    0x0BC9, 0x0BC9, 0x0BA9, 0x0BA9, 0x0B88, 0x1166, 0x18C5, 0x18C5, 0x18C5, 0x18C5, 0x18C5, 0x18C5, 0x18C5, 0x18C5, 0x18C5, 0x18C5,
    0x18E5, 0x18C5, 0x5BA8, 0x8D8A, 0x8D8A, 0x8DAB, 0x8DAB, 0x8DCB, 0x95CB, 0x95EB, 0x95EB, 0x960B, 0x960B, 0x962B, 0x962B, 0x962B,
    0x964B, 0x964B, 0x964B, 0x966B, 0x966B, 0x966B, 0x966B, 0x968B, 0x968B, 0x968B, 0x968B, 0x96AB, 0x96AB, 0x96AB, 0x96AB, 0x96AB,
    0x96CB, 0x96CB, 0x8ECB, 0x8ECB, 0x8ECB, 0x8ECB, 0x8ECB, 0x8ECB, 0x8ECB, 0x8ECB, 0x8EEB, 0x86CB, 0x86EB, 0x86CB, 0x86CA, 0x86CA,
    0x86CA, 0x86CA, 0x7ECA, 0x7ECA, 0x7ECA, 0x7ECA, 0x7ECA, 0x7EAA, 0x7EAA, 0x76AA, 0x76AA, 0x76A9, 0x76A9, 0x76A9, 0x76A9, 0x7689,
    0x6E89, 0x6E89, 0x6E8A, 0x6E8A, 0x6E8A, 0x6E8A, 0x6E6A, 0x666A, 0x666A, 0x666A, 0x666A, 0x666A, 0x664A, 0x664A, 0x5E4A, 0x5E4A,
    0x5E4A, 0x5E4A, 0x5E2A, 0x5E2A, 0x5E2A, 0x562A, 0x562A, 0x562A, 0x560A, 0x560A, 0x560A, 0x560A, 0x4E0A, 0x4E0A, 0x4DEA, 0x4DEA,
    0x4DEA, 0x4DEA, 0x4DEA, 0x4DEA, 0x45CA, 0x45CA, 0x45CA, 0x45CA, 0x45CA, 0x45CA, 0x45AA, 0x3DAA, 0x3DAA, 0x3DAA, 0x3DAA, 0x3DAA,
    0x3D8B, 0x3D8B, 0x358B, 0x358B, 0x358B, 0x358B, 0x356B, 0x356B, 0x356B, 0x2D6B, 0x2D6B, 0x2D4B, 0x2D4B, 0x2D4B, 0x2D2B, 0x252B,
    0x252B, 0x250B, 0x250B, 0x250A, 0x24EA, 0x24EA, 0x1CEA, 0x1CCA, 0x1CCA, 0x1CCA, 0x1CAA, 0x1CAA, 0x148A, 0x148A, 0x148A, 0x146A,
    0x146A, 0x144A, 0x144A, 0x144A, 0x0C2A, 0x0C2A, 0x0C09, 0x0C09, 0x0BE9, 0x0BE9, 0x0BE9, 0x0BC9, 0x0BC9, 0x0BC9, 0x0BA9, 0x0BA9,
    0x0BA9, 0x1287, 0x18C5, 0x18C5, 0x18C5, 0x18C5, 0x18C5, 0x18C5, 0x18C5, 0x18C5, 0x18C5, 0x18C5, 0x18C5, 0x2126, 0x852A, 0x8D8A,
    0x8DAA, 0x8DAB, 0x8DCB, 0x8DCB, 0x8DEB, 0x95EB, 0x95EB, 0x960B, 0x960B, 0x962B, 0x962B, 0x962B, 0x964B, 0x964B, 0x966B, 0x966B,
    0x966B, 0x966B, 0x966B, 0x968B, 0x968B, 0x968B, 0x96AB, 0x96AB, 0x96AB, 0x96AB, 0x96AB, 0x96CB, 0x96CB, 0x8ECB, 0x8ECB, 0x8ECB,
    0x8ECB, 0x8ECB, 0x8ECB, 0x8ECB, 0x8ECB, 0x8EEB, 0x86CB, 0x86EB, 0x86CB, 0x86CA, 0x86CA, 0x86CA, 0x86CA, 0x7ECA, 0x7ECA, 0x7ECA,
    0x7ECA, 0x7ECA, 0x7EAA, 0x7EAA, 0x76AA, 0x76AA, 0x76A9, 0x76A9, 0x76A9, 0x76A9, 0x7689, 0x6E89, 0x6E89, 0x6E8A, 0x6E8A, 0x6E8A,
    0x6E8A, 0x6E6A, 0x666A, 0x666A, 0x666A, 0x666A, 0x666A, 0x664A, 0x664A, 0x5E4A, 0x5E4A, 0x5E4A, 0x5E4A, 0x5E2A, 0x5E2A, 0x5E2A,
    0x562A, 0x562A, 0x562A, 0x562A, 0x560A, 0x560A, 0x560A, 0x4E0A, 0x4E0A, 0x4DEA, 0x4DEA, 0x4DEA, 0x45C9, 0x3DA9, 0x3DA9, 0x45CA,
    0x45CB, 0x45CA, 0x45CA, 0x45CA, 0x45CA, 0x45CA, 0x3DAA, 0x3DAA, 0x3DAA, 0x3DAA, 0x3DAA, 0x3D8B, 0x3D8B, 0x358B, 0x358B, 0x358B,
    0x358B, 0x356B, 0x356B, 0x356B, 0x2D6B, 0x2D6B, 0x2D4B, 0x2D4B, 0x2D4B, 0x2D4B, 0x252B, 0x252B, 0x252B, 0x250B, 0x250B, 0x250B,
    0x24EA, 0x1CEA, 0x1CEB, 0x1CCA, 0x1CCA, 0x1CCA, 0x1CAA, 0x14AA, 0x148A, 0x148A, 0x148A, 0x146A, 0x146A, 0x144A, 0x144A, 0x0C4A,
    0x0C2A, 0x0C2A, 0x0C0A, 0x0C09, 0x0C09, 0x0BE9, 0x0BE9, 0x0BE9, 0x0BC9, 0x0BC9, 0x0BC9, 0x0BA9, 0x0BA9, 0x0B68, 0x1906, 0x18C5,
    0x18C5, 0x18C5, 0x18C5, 0x18C5, 0x18C5, 0x18C5, 0x18C5, 0x18E5, 0x18C5, 0x42A7, 0x8D8A, 0x8D8A, 0x8DAA, 0x8DAB, 0x8DCB, 0x8DCB,
    0x8DEB, 0x95EB, 0x960B, 0x960B, 0x962B, 0x962B, 0x962B, 0x964B, 0x964B, 0x964B, 0x966B, 0x966B, 0x966B, 0x966B, 0x968B, 0x968B,
    0x968B, 0x96AB, 0x96AB, 0x96AB, 0x96AB, 0x96AB, 0x96AB, 0x96CB, 0x8ECB, 0x8ECB, 0x8ECB, 0x8ECB, 0x8ECB, 0x8ECB, 0x8ECB, 0x8ECB,
    0x8ECB, 0x86CB, 0x86EB, 0x86CB, 0x86CA, 0x86CA, 0x86CA, 0x86CA, 0x7ECA, 0x7ECA, 0x7ECA, 0x7ECA, 0x7ECA, 0x7EAA, 0x7EAA, 0x76AA,
    0x76A9, 0x76A9, 0x76A9, 0x76A9, 0x76A9, 0x7689, 0x6E89, 0x6E89, 0x6E8A, 0x6E8A, 0x6E8A, 0x6E6A, 0x6E6A, 0x666A, 0x666A, 0x666A,
    0x666A, 0x666A, 0x664A, 0x664A, 0x5E4A, 0x5E4A, 0x5E4A, 0x5E4A, 0x5E2A, 0x5E2A, 0x5E2A, 0x562A, 0x562A, 0x562A, 0x4E09, 0x4DE9,
    0x4DE9, 0x560A, 0x560A, 0x4E0A, 0x4DEA, 0x4DEA, 0x4DCA, 0x55CB, 0x5DCC, 0x6E0E, 0x7630, 0x4DAB, 0x3D89, 0x45CA, 0x45CA, 0x45CA,
    0x45CA, 0x3DAA, 0x3DAA, 0x3DAA, 0x3DAA, 0x3DAA, 0x3D8B, 0x3D8B, 0x358B, 0x358B, 0x358B, 0x358B, 0x356B, 0x356B, 0x356B, 0x2D6B,
    0x2D6B, 0x2D6B, 0x2D4B, 0x2D4B, 0x2D4B, 0x2D4B, 0x252B, 0x252B, 0x252B, 0x250B, 0x250B, 0x250B, 0x1CEB, 0x1CEB, 0x1CEB, 0x1CCA,
    0x1CCA, 0x1CCA, 0x14AA, 0x14AA, 0x148A, 0x148A, 0x148A, 0x146A, 0x146A, 0x144A, 0x0C4A, 0x0C4A, 0x0C2A, 0x0C2A, 0x0C0A, 0x0C0A,
    0x0C09, 0x0BE9, 0x0BE9, 0x0BE9, 0x0BC9, 0x0BC9, 0x0BC9, 0x0BA9, 0x0BA9, 0x0B89, 0x11E7, 0x18C5, 0x18C5, 0x18C5, 0x18C5, 0x18C5,
    0x18C5, 0x18C5, 0x18C5, 0x18C5, 0x18C5, 0x7489, 0x8D8A, 0x8D8A, 0x8DAA, 0x8DAA, 0x8DCB, 0x8DCB, 0x8DEB, 0x8DEB, 0x960B, 0x960B,
    0x962B, 0x962B, 0x962B, 0x964B, 0x964B, 0x964B, 0x966B, 0x966B, 0x966B, 0x966B, 0x968B, 0x968B, 0x968B, 0x96AB, 0x96AB, 0x96AB,
    0x96AB, 0x96AB, 0x8EAB, 0x8ECB, 0x8ECB, 0x8ECB, 0x8ECB, 0x8ECB, 0x8ECB, 0x8ECB, 0x8ECB, 0x8ECB, 0x86CB, 0x86EB, 0x86CB, 0x86CA,
    0x86CA, 0x86CA, 0x86CA, 0x7ECA, 0x7ECA, 0x7ECA, 0x7ECA, 0x7ECA, 0x7EAA, 0x7EAA, 0x76AA, 0x76A9, 0x76A9, 0x76A9, 0x76A9, 0x76A9,
    0x7689, 0x6E89, 0x6E89, 0x6E8A, 0x6E8A, 0x6E8A, 0x6E6A, 0x6E6A, 0x666A, 0x666A, 0x666A, 0x666A, 0x666A, 0x666A, 0x664A, 0x5E4A,
    0x5E4A, 0x5E4A, 0x5E4A, 0x5E29, 0x562A, 0x5E2A, 0x562A, 0x562A, 0x55E9, 0x4DA8, 0x5DEB, 0x762E, 0x6E0D, 0x4DAA, 0x45A9, 0x4DEA,
    0x4DEA, 0x45A9, 0x6E0E, 0xEFBE, 0xFFFF, 0xFFFF, 0xFFFF, 0xE7BD, 0x5DAD, 0x3D89, 0x45CA, 0x45CA, 0x3DAA, 0x3DAA, 0x3DAA, 0x3DAA,
    0x3DAA, 0x3D8B, 0x3D8B, 0x358B, 0x358B, 0x358B, 0x358B, 0x356B, 0x356B, 0x356B, 0x2D6B, 0x2D6B, 0x2D6B, 0x2D4B, 0x2D4B, 0x2D4B,
    0x2D4B, 0x254B, 0x252B, 0x252B, 0x252B, 0x250B, 0x250B, 0x1D0B, 0x1CEB, 0x1CEB, 0x1CEB, 0x1CCB, 0x1CCA, 0x1CCB, 0x14AA, 0x14AA,
    0x148A, 0x148A, 0x148A, 0x146A, 0x146A, 0x0C4A, 0x0C4A, 0x0C4A, 0x0C2A, 0x0C2A, 0x0C2A, 0x0C0A, 0x0C0A, 0x0C09, 0x0BE9, 0x0BE9,
    0x0BE9, 0x0BC9, 0x0BC9, 0x0BA9, 0x0BA9, 0x0BA9, 0x0B08, 0x18C5, 0x18C5, 0x18C5, 0x18C5, 0x18C5, 0x18C5, 0x18C5, 0x18C5, 0x18C5,
    0x2986, 0x856A, 0x8D8A, 0x8DAA, 0x8DAA, 0x8DCA, 0x8DCB, 0x8DCB, 0x8DEB, 0x8DEB, 0x8E0B, 0x960B, 0x962B, 0x962B, 0x962B, 0x964B,
    0x964B, 0x964B, 0x966B, 0x966B, 0x966B, 0x966B, 0x968B, 0x968B, 0x968B, 0x96AB, 0x96AB, 0x8EAB, 0x8EAB, 0x8EAB, 0x8ECB, 0x8ECB,
    0x8ECB, 0x8ECB, 0x8ECB, 0x8ECB, 0x8ECB, 0x8ECB, 0x8ECB, 0x86CB, 0x86CB, 0x86EB, 0x86CA, 0x86CA, 0x86CA, 0x86CA, 0x7ECA, 0x7ECA,
    0x7ECA, 0x7ECA, 0x7ECA, 0x7EAA, 0x7EAA, 0x76AA, 0x76A9, 0x76A9, 0x76A9, 0x76A9, 0x76A9, 0x7689, 0x6E89, 0x6E89, 0x6E8A, 0x6E8A,
    0x6E8A, 0x6E8A, 0x6E8A, 0x6E6A, 0x666A, 0x666A, 0x666A, 0x666A, 0x5E49, 0x5628, 0x5E29, 0x5E4A, 0x5E2A, 0x5E2A, 0x55E9, 0x5E0B,
    0x5E2B, 0x560A, 0x5E2A, 0x4DE9, 0x5DCA, 0xBF17, 0xF7DE, 0xFFFF, 0xFFFF, 0xDF7B, 0x7E2F, 0x3D89, 0x4DEB, 0x3D89, 0x5D8C, 0xFFFF,
    0xEFBD, 0x756F, 0xBED8, 0xFFFF, 0xAEB6, 0x2D28, 0x45CB, 0x3DAA, 0x3DAA, 0x3DAA, 0x3DAA, 0x3DAA, 0x3DAB, 0x3D8B, 0x358B, 0x358B,
    0x358B, 0x358B, 0x356B, 0x356B, 0x356B, 0x2D6B, 0x2D6B, 0x2D6B, 0x2D4B, 0x2D4B, 0x2D4B, 0x2D4B, 0x254B, 0x252B, 0x252B, 0x252B,
    0x250B, 0x250B, 0x1D0B, 0x1CEB, 0x1CEB, 0x1CEB, 0x1CEB, 0x1CCB, 0x1CCB, 0x14AB, 0x14AA, 0x14AA, 0x148A, 0x148A, 0x148A, 0x0C6A,
    0x0C6A, 0x0C4A, 0x0C4A, 0x0C2A, 0x0C2A, 0x0C2A, 0x0C2A, 0x0C0A, 0x0C0A, 0x0C09, 0x0BE9, 0x0BE9, 0x0BE9, 0x0BC9, 0x0BC9, 0x0BC9,
    0x0BA9, 0x0BA9, 0x0B88, 0x1926, 0x18C5, 0x18C5, 0x18C5, 0x18C5, 0x18C5, 0x18C5, 0x18E5, 0x18C5, 0x4AE7, 0x8D8A, 0x8D8A, 0x8DAA,
    0x8DAA, 0x8DCA, 0x8DCB, 0x8DEB, 0x8DEB, 0x8E0B, 0x8E0B, 0x8E0B, 0x8E2B, 0x962B, 0x962B, 0x964B, 0x964B, 0x966B, 0x966B, 0x966B,
    0x966B, 0x968B, 0x968B, 0x968B, 0x968B, 0x8EAB, 0x8EAB, 0x8EAB, 0x8EAB, 0x8EAB, 0x8ECB, 0x8ECB, 0x8ECB, 0x8ECB, 0x8ECB, 0x8ECB,
    0x8ECB, 0x8ECB, 0x86CB, 0x86CB, 0x86CB, 0x86CA, 0x86CA, 0x86CA, 0x86CA, 0x7ECA, 0x7ECA, 0x7ECA, 0x7ECA, 0x7ECA, 0x7EAA, 0x7EAA,
    0x76AA, 0x76A9, 0x76A9, 0x76AA, 0x76AA, 0x76AA, 0x7689, 0x6E89, 0x6E89, 0x6E8A, 0x6E8A, 0x6E8A, 0x6E6A, 0x6649, 0x5E28, 0x6649,
    0x666A, 0x666A, 0x664A, 0x5E29, 0x6E4C, 0x866F, 0x7E6E, 0x5609, 0x5E2A, 0x55C9, 0xC737, 0xF7DE, 0x7E4F, 0x4DC8, 0x560A, 0x4D89,
    0xD75A, 0xFFFF, 0xFFFF, 0xD71A, 0xEF9D, 0xFFFF, 0xFFFF, 0x6DEE, 0x3D89, 0x4589, 0x450A, 0xF7DE, 0xEFBD, 0x1384, 0x756F, 0xFFFF,
    0xB6D7, 0x2CE8, 0x45AB, 0x3DAA, 0x3DAA, 0x3DAA, 0x3DAA, 0x3DAB, 0x3D8B, 0x358B, 0x358B, 0x358B, 0x358B, 0x356B, 0x356B, 0x356B,
    0x2D6B, 0x2D6B, 0x2D6B, 0x2D4B, 0x2D4B, 0x2D4B, 0x2D4B, 0x254B, 0x252B, 0x252B, 0x252B, 0x252B, 0x250B, 0x1D0B, 0x1D0B, 0x1D0B,
    0x1CEB, 0x1CEB, 0x1CEB, 0x1CCB, 0x14CB, 0x14AB, 0x14AB, 0x14AA, 0x148A, 0x148A, 0x148A, 0x0C6A, 0x0C6A, 0x0C4A, 0x0C4A, 0x0C4A,
    0x0C2A, 0x0C2A, 0x0C2A, 0x0C0A, 0x0C0A, 0x0C09, 0x0BE9, 0x0BE9, 0x0BE9, 0x0BC9, 0x0BC9, 0x0BC9, 0x0BA9, 0x0BA9, 0x0BA9, 0x1207,
    0x18C5, 0x18C5, 0x18C5, 0x18C5, 0x18C5, 0x18C5, 0x18C5, 0x18C5, 0x7469, 0x8D8A, 0x8D8A, 0x8DAA, 0x8DAA, 0x8DCA, 0x8DCB, 0x8DEB,
    0x8DEB, 0x8E0B, 0x8E0B, 0x8E2B, 0x8E2B, 0x8E2B, 0x8E2B, 0x8E4B, 0x964B, 0x966B, 0x966B, 0x966B, 0x8E6B, 0x8E8B, 0x8E8B, 0x8E8B,
    0x8EAB, 0x8EAB, 0x8EAB, 0x8EAB, 0x8EAB, 0x8EAB, 0x8ECB, 0x8ECB, 0x8ECB, 0x8ECB, 0x8ECB, 0x8ECB, 0x8ECB, 0x86CB, 0x86CB, 0x86CB,
    0x86CA, 0x86CA, 0x86CA, 0x86CA, 0x7ECA, 0x7ECA, 0x7ECA, 0x7ECA, 0x7ECA, 0x7ECA, 0x7ECA, 0x7ECA, 0x76AA, 0x76A9, 0x76A9, 0x7689,
    0x6E88, 0x6E89, 0x6E89, 0x6E89, 0x6E8A, 0x6E8A, 0x6E8A, 0x6E6A, 0x6649, 0x866E, 0x9ED2, 0x7E6D, 0x5E29, 0x664A, 0x664A, 0x5608,
    0x8E70, 0xFFFF, 0xF7DE, 0x5DCB, 0x4DC8, 0x65AB, 0xFFFF, 0xF7DE, 0x556A, 0x55C9, 0x45A8, 0x8E51, 0xFFFF, 0xEF9D, 0x5D0C, 0x2C26,
    0x3C68, 0xBEB7, 0xFFFF, 0xC719, 0x3D48, 0x458A, 0x3CE9, 0xE77C, 0xFFFF, 0xCF19, 0xF7DE, 0xEF9D, 0x654E, 0x3508, 0x3DAB, 0x3DAA,
    0x3DAA, 0x3DAA, 0x3DAB, 0x3D8B, 0x358B, 0x358B, 0x358B, 0x358B, 0x356B, 0x356B, 0x356B, 0x2D6B, 0x2D6B, 0x2D6B, 0x2D4B, 0x2D4B,
    0x2D4B, 0x2D4B, 0x254B, 0x254B, 0x252B, 0x252B, 0x252B, 0x252B, 0x250B, 0x1D0B, 0x1D0B, 0x1CEB, 0x1CEB, 0x1CEB, 0x1CCB, 0x14CB,
    0x14CB, 0x14AB, 0x14AB, 0x14AB, 0x148B, 0x148A, 0x146A, 0x0C6A, 0x0C6A, 0x0C4A, 0x0C4A, 0x0C4A, 0x0C2A, 0x0C2A, 0x0C2A, 0x0C2A,
    0x0C0A, 0x0C0A, 0x0C09, 0x0BE9, 0x0BE9, 0x0BE9, 0x0BC9, 0x0BC9, 0x0BC9, 0x0BA9, 0x0BA9, 0x0B08, 0x18C5, 0x18C5, 0x18C5, 0x18C5,
    0x18C5, 0x18C5, 0x18C5, 0x2986, 0x856A, 0x8D8A, 0x8DAA, 0x8DAA, 0x8DCA, 0x8DCA, 0x8DCB, 0x8DEB, 0x8DEB, 0x8E0B, 0x8E0B, 0x8E2B,
    0x8E2B, 0x8E2B, 0x8E4B, 0x8E4B, 0x8E4B, 0x8E6B, 0x8E6B, 0x8E6B, 0x8E6B, 0x8E8B, 0x8E8B, 0x8E8B, 0x8EAB, 0x8EAB, 0x8EAB, 0x8EAB,
    0x8EAB, 0x8EAB, 0x8ECB, 0x8ECB, 0x8ECB, 0x8ECB, 0x8ECB, 0x8ECB, 0x86CB, 0x86CB, 0x86CB, 0x86CA, 0x86CA, 0x86CA, 0x86CA, 0x7ECA,
    0x7ECA, 0x7ECA, 0x7ECA, 0x7EAA, 0x76A9, 0x6E88, 0x6E68, 0x6E68, 0x7689, 0x76AA, 0x6E89, 0x766A, 0x86AD, 0x7E8B, 0x6E69, 0x6E8A,
    0x6E8A, 0x6E8A, 0x6E8A, 0x6649, 0x6E0B, 0xF7DE, 0xFFFF, 0xDF9B, 0x55C8, 0x664A, 0x664A, 0x5E0A, 0x4547, 0xC718, 0xFFFF, 0xAEB5,
    0x3506, 0x8610, 0xFFFF, 0xC6F8, 0x3D07, 0x55EA, 0x3D68, 0xB6D6, 0xFFFF, 0x9E33, 0x2C45, 0x4D29, 0x34A7, 0x550C, 0xFFFF, 0xEF9D,
    0x454A, 0x458A, 0x34C8, 0xCF19, 0xFFFF, 0xFFDF, 0xFFFF, 0xB697, 0x1C46, 0x3D4A, 0x3DAA, 0x3DAA, 0x3DAA, 0x3DAB, 0x3D8B, 0x358B,
    0x358B, 0x358B, 0x358B, 0x358B, 0x356B, 0x356B, 0x2D6B, 0x2D6B, 0x2D6B, 0x2D4B, 0x2D4B, 0x2D4B, 0x2D4B, 0x254B, 0x254B, 0x252B,
    0x252B, 0x252B, 0x252B, 0x252B, 0x1D0B, 0x1D0B, 0x1D0B, 0x1CEB, 0x1CEB, 0x1CEB, 0x14CB, 0x14CB, 0x14CB, 0x14AB, 0x14AB, 0x14AB,
    0x148B, 0x0C8A, 0x0C6A, 0x0C6A, 0x0C6A, 0x0C4A, 0x0C4A, 0x0C4A, 0x0C4A, 0x0C2A, 0x0C2A, 0x0C2A, 0x0C0A, 0x0C0A, 0x0C09, 0x0BE9,
    0x0BE9, 0x0BE9, 0x0BC9, 0x0BC9, 0x0BC9, 0x0BA9, 0x0BA9, 0x0B88, 0x1146, 0x18C5, 0x18C5, 0x18C5, 0x18C5, 0x18E5, 0x18C5, 0x4AC7,
    0x856A, 0x858A, 0x8DAA, 0x8DAA, 0x8DCA, 0x8DCA, 0x8DEA, 0x8DEB, 0x8DEB, 0x8E0B, 0x8E0B, 0x8E2B, 0x8E2B, 0x8E2B, 0x8E4B, 0x8E4B,
    0x8E4B, 0x8E6B, 0x8E6B, 0x8E6B, 0x8E6B, 0x8E8B, 0x8E8B, 0x8E8B, 0x8EAB, 0x8EAB, 0x8EAB, 0x8EAB, 0x8EAB, 0x8ECB, 0x8ECB, 0x8ECB,
    0x8ECB, 0x8ECB, 0x8ECB, 0x86CB, 0x86CB, 0x86CB, 0x86CA, 0x86CA, 0x86CA, 0x86CA, 0x7ECA, 0x7ECA, 0x7ECA, 0x7ECA, 0x7EAA, 0x7E8A,
    0x868C, 0x96AE, 0x9EB0, 0xB714, 0x868C, 0x6E69, 0x6628, 0xA6D2, 0xFFFF, 0xB6F4, 0x5E07, 0x6E8A, 0x6E8A, 0x6E6A, 0x6E6A, 0x5DE8,
    0x862F, 0xFFFF, 0xFFFF, 0xFFFF, 0x9651, 0x4DC8, 0x664A, 0x5E2A, 0x4D68, 0x654C, 0xFFDF, 0xF7DE, 0x4D09, 0xA694, 0xFFFF, 0x8E11,
    0x3D27, 0x55EA, 0x3D27, 0xAEB6, 0xFFFF, 0xA674, 0x2CC6, 0x4DAA, 0x3507, 0x656D, 0xFFFF, 0xE79C, 0x4509, 0x458A, 0x2CC7, 0xB6B7,
    0xFFFF, 0x7D91, 0xDF5B, 0xFFFF, 0xA675, 0x2D08, 0x3D8A, 0x3DAA, 0x3D8B, 0x3D8B, 0x358B, 0x358B, 0x358B, 0x358B, 0x358B, 0x356B,
    0x356B, 0x2D6B, 0x2D6B, 0x2D6B, 0x2D4B, 0x2D4B, 0x2D4B, 0x2D4B, 0x254B, 0x254B, 0x252B, 0x252B, 0x252B, 0x252B, 0x252B, 0x1D0B,
    0x1D0B, 0x1D0B, 0x1CEB, 0x1CEB, 0x1CEB, 0x14EB, 0x14CB, 0x14CB, 0x14CB, 0x14AB, 0x14AB, 0x148B, 0x0C8B, 0x0C8B, 0x0C6A, 0x0C6A,
    0x0C6A, 0x0C6A, 0x0C4A, 0x0C4A, 0x0C4A, 0x0C2A, 0x0C2A, 0x0C2A, 0x0C2A, 0x0C0A, 0x0C0A, 0x0BE9, 0x0BE9, 0x0BE9, 0x0BC9, 0x0BC9,
    0x0BC9, 0x0BA9, 0x0BA9, 0x0BA9, 0x1207, 0x18C5, 0x18C5, 0x18C5, 0x18C5, 0x18C5, 0x18C5, 0x6409, 0x858A, 0x858A, 0x8DAA, 0x8DAA,
    0x8DCA, 0x8DCA, 0x8DEA, 0x8DEA, 0x8DEB, 0x8E0B, 0x8E0B, 0x8E2B, 0x8E2B, 0x8E2B, 0x8E4B, 0x8E4B, 0x8E4B, 0x8E6B, 0x8E6B, 0x8E6B,
    0x8E8B, 0x8E8B, 0x8E8B, 0x8E8B, 0x8EAB, 0x8EAB, 0x8EAB, 0x8EAB, 0x8EAB, 0x8ECB, 0x8ECB, 0x8ECB, 0x8ECB, 0x86CB, 0x86CB, 0x86CA,
    0x86CB, 0x86CA, 0x86CA, 0x86CA, 0x86CA, 0x7ECA, 0x7ECA, 0x7ECA, 0x7ECA, 0x7ECA, 0x7689, 0x866C, 0xF7DE, 0xFFFF, 0xFFFF, 0xFFFF,
    0xA6D2, 0x6628, 0x6608, 0x9650, 0xFFFF, 0xBEF6, 0x55C7, 0x6E6A, 0x6E6A, 0x6E6A, 0x6E6A, 0x55A7, 0xAEB4, 0xFFFF, 0xB696, 0xFFFF,
    0xE79C, 0x55A9, 0x5E29, 0x5E2A, 0x5DEA, 0x3CC6, 0xAE75, 0xFFFF, 0xB6B6, 0xD73A, 0xFFFF, 0x5D4C, 0x4568, 0x560A, 0x3D48, 0x7DCF,
    0xFFFF, 0xF7BE, 0x7DF0, 0x4549, 0x5D8C, 0xD73A, 0xFFFF, 0xB6B7, 0x2CC7, 0x45AB, 0x2CE7, 0x9E54, 0xFFFF, 0x85B2, 0x3C69, 0xF7BE,
    0xFFFF, 0x9E74, 0x3549, 0x3DAB, 0x3D8B, 0x358B, 0x358B, 0x358B, 0x358B, 0x358B, 0x356B, 0x356B, 0x2D6B, 0x2D6B, 0x2D6B, 0x2D4B,
    0x2D4B, 0x2D4B, 0x2D4B, 0x254B, 0x254B, 0x252B, 0x252B, 0x252B, 0x252B, 0x252B, 0x1D0B, 0x1D0B, 0x1D0B, 0x1D0B, 0x1CEB, 0x1CEB,
    0x1CEB, 0x14EB, 0x14CB, 0x14CB, 0x14CB, 0x14AB, 0x14AB, 0x0C8B, 0x0C8B, 0x0C8B, 0x0C6A, 0x0C6B, 0x0C6A, 0x0C6A, 0x0C4A, 0x0C4A,
    0x0C4A, 0x0C4A, 0x0C2A, 0x0C2A, 0x0C2A, 0x0C0A, 0x0C0A, 0x0C09, 0x0BE9, 0x0BE9, 0x0BE9, 0x0BC9, 0x0BC9, 0x0BC9, 0x0BA9, 0x0BA9,
    0x0AC8, 0x18C5, 0x18C5, 0x18C5, 0x18C5, 0x18C5, 0x2126, 0x7D2A, 0x858A, 0x858A, 0x8DAA, 0x8DAA, 0x8DCA, 0x8DCA, 0x8DEA, 0x8DEA,
    0x8DEA, 0x8E0B, 0x8E0B, 0x8E2B, 0x8E2B, 0x8E2B, 0x8E4B, 0x8E4B, 0x8E4B, 0x8E6B, 0x8E6B, 0x8E6B, 0x8E8B, 0x8E8B, 0x8E8B, 0x8E8B,
    0x8EAB, 0x8EAB, 0x8EAB, 0x8EAB, 0x8EAB, 0x8ECB, 0x8ECB, 0x86CB, 0x8ECB, 0x86CB, 0x86CA, 0x86CA, 0x86CA, 0x86CA, 0x86CA, 0x86CA,
    0x7ECA, 0x7ECA, 0x7ECA, 0x7ECA, 0x7ECA, 0x7ECA, 0x7689, 0x6DEA, 0xF7DE, 0xFFDE, 0x85AE, 0x6D6A, 0x65C9, 0x6E49, 0x5DE8, 0x7DED,
    0xFFFF, 0xD739, 0x5587, 0x6E6A, 0x6E6A, 0x666A, 0x664A, 0x5588, 0xD739, 0xFFFF, 0x4468, 0xAE75, 0xFFFF, 0x9672, 0x4DA8, 0x5E2A,
    0x5E0A, 0x4D88, 0x4D09, 0xEFBD, 0xFFFF, 0xFFFF, 0xDF5B, 0x44E8, 0x4DAA, 0x4E0A, 0x4DA9, 0x3CC8, 0xC6F8, 0xFFFF, 0xFFFF, 0xEFBD,
    0xFFFF, 0xFFFF, 0xEF9D, 0x4CEB, 0x3D29, 0x45AA, 0x3508, 0x75AF, 0xC719, 0x75B0, 0x1C26, 0x550C, 0x654E, 0x554D, 0x354A, 0x358B,
    0x358B, 0x358B, 0x358B, 0x358B, 0x358B, 0x356B, 0x356B, 0x2D6B, 0x2D6B, 0x2D6B, 0x2D6B, 0x2D4B, 0x2D4B, 0x2D4B, 0x254B, 0x254B,
    0x252B, 0x252B, 0x252B, 0x252B, 0x252B, 0x1D2B, 0x1D0B, 0x1D0B, 0x1D0B, 0x1D0B, 0x1CEB, 0x1CEB, 0x14EB, 0x14CB, 0x14CB, 0x14CB,
    0x14AB, 0x14AB, 0x0CAB, 0x0C8B, 0x0C8B, 0x0C8B, 0x0C6B, 0x0C6B, 0x0C6A, 0x0C6A, 0x0C4A, 0x0C4A, 0x0C4A, 0x0C4A, 0x0C2A, 0x0C2A,
    0x0C2A, 0x0C0A, 0x0C0A, 0x0C09, 0x0BE9, 0x0BE9, 0x0BE9, 0x0BC9, 0x0BC9, 0x0BC9, 0x0BA9, 0x0BA9, 0x0B68, 0x1906, 0x18C5, 0x18C5,
    0x18E5, 0x18C5, 0x3206, 0x856A, 0x858A, 0x858A, 0x85AA, 0x8DAA, 0x8DCA, 0x8DCA, 0x8DEA, 0x8DEA, 0x8E0A, 0x8E0B, 0x8E0B, 0x8E2B,
    0x8E2B, 0x8E2B, 0x8E4B, 0x8E4B, 0x8E6B, 0x8E6B, 0x8E6B, 0x8E6B, 0x8E8B, 0x8E8B, 0x8E8B, 0x8EAB, 0x8EAB, 0x8EAB, 0x8EAB, 0x8EAB,
    0x8EAB, 0x8ECB, 0x8ECB, 0x86CB, 0x86CB, 0x86CA, 0x86CA, 0x86CA, 0x86CA, 0x86CA, 0x86CA, 0x7ECA, 0x7ECA, 0x7ECA, 0x7ECA, 0x7ECA,
    0x7EAA, 0x7ECA, 0x7689, 0x6588, 0xE79C, 0xFFFF, 0x85AE, 0x9630, 0x862D, 0x6628, 0x6608, 0x6DAB, 0xFFFF, 0xE79C, 0x5D88, 0x664A,
    0x6E6A, 0x666A, 0x5E29, 0x65AA, 0xF7DE, 0xF7DF, 0x9612, 0xC6F8, 0xFFFF, 0xEF9D, 0x5589, 0x5609, 0x5E2A, 0x5DEA, 0x3CE7, 0x9612,
    0xFFFF, 0xFFFF, 0xAE95, 0x34E7, 0x55EA, 0x4E0A, 0x4DCA, 0x4529, 0x3CA8, 0x9E54, 0xE77C, 0xFFDF, 0xEF9D, 0xB697, 0x4CCA, 0x34C8,
    0x458A, 0x45AA, 0x3D6A, 0x34E9, 0x2C88, 0x2CC8, 0x3D0A, 0x2CC8, 0x24A8, 0x2D09, 0x356A, 0x358B, 0x358B, 0x358B, 0x358B, 0x358B,
    0x356B, 0x356B, 0x2D6B, 0x2D6B, 0x2D6B, 0x2D6B, 0x2D4B, 0x2D4B, 0x2D4B, 0x254B, 0x254B, 0x252B, 0x252B, 0x252B, 0x252B, 0x252B,
    0x1D2B, 0x1D0B, 0x1D0B, 0x1D0B, 0x1D0B, 0x1D0B, 0x1CEB, 0x14EB, 0x14EB, 0x14CB, 0x14CB, 0x14CB, 0x14AB, 0x0CAB, 0x0CAB, 0x0C8B,
    0x0C8B, 0x0C8B, 0x0C8B, 0x0C6B, 0x0C6B, 0x0C6A, 0x0C6A, 0x0C4A, 0x0C4A, 0x0C4A, 0x0C2A, 0x0C2A, 0x0C2A, 0x0C0A, 0x0C0A, 0x0C09,
    0x0BE9, 0x0BE9, 0x0BE9, 0x0BC9, 0x0BC9, 0x0BC9, 0x0BA9, 0x0BA9, 0x0BA8, 0x1186, 0x18C5, 0x18C5, 0x18E5, 0x18C5, 0x4B28, 0x856A,
    0x856A, 0x858A, 0x85AA, 0x85AA, 0x8DCA, 0x8DCA, 0x8DEA, 0x8DEA, 0x8E0A, 0x8E0B, 0x8E2B, 0x8E2B, 0x8E2B, 0x8E2B, 0x8E4B, 0x8E4B,
    0x8E6B, 0x8E6B, 0x8E6B, 0x8E6B, 0x8E8B, 0x8E8B, 0x8E8B, 0x8EAB, 0x8EAB, 0x8EAB, 0x8EAB, 0x8EAB, 0x8EAB, 0x86CB, 0x86CB, 0x86CB,
    0x86CA, 0x86CA, 0x86CA, 0x86CA, 0x86CA, 0x86CA, 0x86CA, 0x7ECA, 0x7ECA, 0x7ECA, 0x7ECA, 0x7EAA, 0x7EAA, 0x76CA, 0x768A, 0x5D87,
    0xD739, 0xFFFF, 0xFFFF, 0xFFFF, 0xBEF5, 0x5E07, 0x6629, 0x5D89, 0xF7BE, 0xF7DE, 0x5D69, 0x55E7, 0x5E49, 0x666A, 0x55E8, 0x7E0E,
    0xFFFF, 0xFFFF, 0xFFFF, 0xF7BE, 0xF7BE, 0xFFFF, 0xA694, 0x45A8, 0x5E2A, 0x560A, 0x4D89, 0x44C8, 0xDF5B, 0xFFFF, 0x758E, 0x3D48,
    0x55EA, 0x4E0A, 0x4DEA, 0x4DAA, 0x4529, 0x2C87, 0x3C88, 0x4CCA, 0x3C89, 0x2C67, 0x34E8, 0x456A, 0x45AA, 0x45AA, 0x3DAA, 0x3D6A,
    0x3D4A, 0x3D6A, 0x3D6A, 0x3D6A, 0x3D6A, 0x3D6A, 0x358A, 0x358B, 0x358B, 0x358B, 0x358B, 0x356B, 0x356B, 0x2D6B, 0x2D6B, 0x2D6B,
    0x2D6B, 0x2D4B, 0x2D4B, 0x2D4B, 0x254B, 0x254B, 0x254B, 0x252B, 0x252B, 0x252B, 0x252B, 0x1D2B, 0x1D0B, 0x1D0B, 0x1D0B, 0x1D0B,
    0x1D0B, 0x1D0B, 0x14EB, 0x14EB, 0x14EB, 0x14CB, 0x14CB, 0x14CB, 0x0CAB, 0x0CAB, 0x0CAB, 0x0C8B, 0x0C8B, 0x0C8B, 0x0C8B, 0x0C6B,
    0x0C6B, 0x0C6A, 0x0C6A, 0x0C4A, 0x0C4A, 0x0C4A, 0x0C2A, 0x0C2A, 0x0C2A, 0x0C2A, 0x0C0A, 0x0C0A, 0x0C09, 0x0BE9, 0x0BE9, 0x0BE9,
    0x0BC9, 0x0BC9, 0x0BA9, 0x0BA9, 0x0BA9, 0x1227, 0x18C5, 0x18E5, 0x18E5, 0x18C5, 0x6449, 0x858A, 0x856A, 0x85AA, 0x85AA, 0x85AA,
    0x85CA, 0x8DCA, 0x8DEA, 0x8DEA, 0x8E0A, 0x8E0A, 0x8E0A, 0x8E2B, 0x8E2B, 0x8E4B, 0x8E4B, 0x8E4B, 0x8E6B, 0x8E6B, 0x8E6B, 0x8E6B,
    0x8E8B, 0x8E8B, 0x8E8B, 0x8EAB, 0x8EAB, 0x8EAB, 0x8EAB, 0x8EAB, 0x86AB, 0x86CA, 0x86CA, 0x86CB, 0x86CA, 0x86CA, 0x86CA, 0x86CA,
    0x86CA, 0x86CA, 0x7ECA, 0x7ECA, 0x7ECA, 0x7ECA, 0x7EAA, 0x7EAA, 0x76AA, 0x76AA, 0x76AA, 0x5587, 0xBEF6, 0xFFFF, 0xAE75, 0x758C,
    0x6DCB, 0x6629, 0x6649, 0x5568, 0xDF7B, 0xFFFF, 0x8E0F, 0x9670, 0x8E8F, 0x5E29, 0x4DA7, 0xAEB4, 0xFFFF, 0xB696, 0x4CC9, 0x4487,
    0x6D4D, 0xF7DE, 0xDF7B, 0x5DAA, 0x5609, 0x562A, 0x55EA, 0x4548, 0x550A, 0x5D2C, 0x4508, 0x4DA9, 0x4DEA, 0x4DEA, 0x4DEA, 0x4DEA,
    0x45AA, 0x458A, 0x3D29, 0x3508, 0x3D09, 0x456A, 0x458A, 0x45AA, 0x45AA, 0x3DAA, 0x3DAA, 0x3DAA, 0x3DAA, 0x3DAA, 0x3D8A, 0x3D8B,
    0x358B, 0x358B, 0x358B, 0x358B, 0x358B, 0x356B, 0x356B, 0x356B, 0x2D6B, 0x2D6B, 0x2D6B, 0x2D6B, 0x2D4B, 0x2D4B, 0x2D4B, 0x254B,
    0x254B, 0x254B, 0x252B, 0x252B, 0x252B, 0x252B, 0x1D2B, 0x1D0B, 0x1D0B, 0x1D0B, 0x1D0B, 0x1D0B, 0x1D0B, 0x14EB, 0x14EB, 0x14EB,
    0x14CB, 0x14CB, 0x14CB, 0x14CB, 0x0CAB, 0x0CAB, 0x0CAB, 0x0C8B, 0x0C8B, 0x0C8B, 0x0C8B, 0x0C6B, 0x0C6B, 0x0C6A, 0x0C6A, 0x0C4A,
    0x0C4A, 0x0C4A, 0x0C4A, 0x0C2A, 0x0C2A, 0x0C2A, 0x0C0A, 0x0C0A, 0x0C09, 0x0BE9, 0x0BE9, 0x0BE9, 0x0BC9, 0x0BC9, 0x0BC9, 0x0BA9,
    0x0BA9, 0x0AE8, 0x18C5, 0x18C5, 0x18C5, 0x1906, 0x7D29, 0x858A, 0x858A, 0x858A, 0x85AA, 0x85CA, 0x85CA, 0x85EA, 0x8DEA, 0x8DEA,
    0x8E0A, 0x8E0A, 0x8E2A, 0x8E2B, 0x8E2A, 0x8E4B, 0x8E4B, 0x8E4B, 0x8E6B, 0x8E6B, 0x8E6B, 0x8E6B, 0x8E8B, 0x8E8B, 0x8E8B, 0x8EAB,
    0x8EAB, 0x86AB, 0x86AB, 0x86AB, 0x86AB, 0x86CA, 0x86CA, 0x86CA, 0x86CA, 0x86CA, 0x86CA, 0x86CA, 0x7ECA, 0x7ECA, 0x7ECA, 0x7ECA,
    0x7ECA, 0x7EAA, 0x7EAA, 0x76AA, 0x76AA, 0x76A9, 0x76AA, 0x5DA7, 0xA693, 0xFFFF, 0x9611, 0x3CC4, 0x65E8, 0x6E49, 0x6E49, 0x5567,
    0xCF39, 0xFFFF, 0xFFFF, 0xFFFF, 0xDF7A, 0x55C8, 0x55A8, 0xB6D5, 0xC6F8, 0x654C, 0x3CC6, 0x4D28, 0x44E8, 0x5D2A, 0x554A, 0x55A9,
    0x560A, 0x560A, 0x560A, 0x55CA, 0x4569, 0x3D48, 0x4DA9, 0x4DEA, 0x4DEA, 0x4DEA, 0x4DEA, 0x4DEA, 0x4DEA, 0x45CA, 0x45CA, 0x45AA,
    0x45AA, 0x45AA, 0x45AA, 0x45CA, 0x3DAA, 0x3DAA, 0x3DAA, 0x3DAA, 0x3DAA, 0x3DAB, 0x3D8B, 0x358B, 0x358B, 0x358B, 0x358B, 0x358B,
    0x356B, 0x356B, 0x356B, 0x2D6B, 0x2D6B, 0x2D6B, 0x2D6B, 0x2D4B, 0x2D4B, 0x2D4B, 0x254B, 0x254B, 0x254B, 0x252B, 0x252B, 0x252B,
    0x252B, 0x1D2B, 0x1D0B, 0x1D0B, 0x1D0B, 0x1D0B, 0x1D0B, 0x1D0B, 0x14EB, 0x14EB, 0x14EB, 0x14EB, 0x14CB, 0x14CB, 0x14CB, 0x0CAB,
    0x0CAB, 0x0CAB, 0x0CAB, 0x0C8B, 0x0C8B, 0x0C8B, 0x0C8B, 0x0C8B, 0x0C6B, 0x0C6B, 0x0C6A, 0x0C6A, 0x0C4A, 0x0C4A, 0x0C4A, 0x0C2A,
    0x0C2A, 0x0C2A, 0x0C0A, 0x0C0A, 0x0C09, 0x0BE9, 0x0BE9, 0x0BE9, 0x0BC9, 0x0BC9, 0x0BC9, 0x0BA9, 0x0BA9, 0x0B68, 0x18E5, 0x18C5,
    0x18C5, 0x29A6, 0x856A, 0x858A, 0x858A, 0x85AA, 0x85AA, 0x85CA, 0x85CA, 0x85EA, 0x85EA, 0x85EA, 0x8E0A, 0x8E0A, 0x8E2A, 0x8E2A,
    0x8E2A, 0x8E4A, 0x8E4B, 0x8E4B, 0x8E6B, 0x8E6B, 0x8E6B, 0x8E6B, 0x8E8B, 0x8E8B, 0x8E8B, 0x86AB, 0x86AB, 0x86AB, 0x86AB, 0x86AB,
    0x86AA, 0x86CA, 0x86CA, 0x86CA, 0x86CA, 0x86CA, 0x86CA, 0x7ECA, 0x7ECA, 0x7ECA, 0x7ECA, 0x7ECA, 0x7EAA, 0x7EAA, 0x76AA, 0x76AA,
    0x76A9, 0x76A9, 0x76AA, 0x5DC7, 0x9630, 0xFFFF, 0xBEF6, 0x5587, 0x6E6A, 0x6E69, 0x6E6A, 0x55A7, 0x9651, 0xB695, 0x9611, 0x7DCF,
    0x6DCC, 0x55C9, 0x5DE9, 0x4D68, 0x44E7, 0x4D48, 0x55C9, 0x55E9, 0x55C9, 0x4D68, 0x4D89, 0x55C9, 0x560A, 0x560A, 0x560A, 0x55EA,
    0x55EA, 0x4DEA, 0x4DEA, 0x4DEA, 0x4DEA, 0x4DEA, 0x4DEA, 0x4DEA, 0x45EA, 0x45CA, 0x45CA, 0x45CA, 0x45CA, 0x45CA, 0x45CA, 0x3DAA,
    0x3DAA, 0x3DAA, 0x3DAA, 0x3DAA, 0x3DAA, 0x3D8B, 0x358B, 0x358B, 0x358B, 0x358B, 0x358B, 0x356B, 0x356B, 0x356B, 0x2D6B, 0x2D6B,
    0x2D6B, 0x2D6B, 0x2D4B, 0x2D4B, 0x2D4B, 0x254B, 0x254B, 0x254B, 0x252B, 0x252B, 0x252B, 0x252B, 0x1D2B, 0x1D2B, 0x1D0B, 0x1D0B,
    0x1D0B, 0x1D0B, 0x1D0B, 0x14EB, 0x14EB, 0x14EB, 0x14EB, 0x14EB, 0x14CB, 0x14CB, 0x0CCB, 0x0CAB, 0x0CAB, 0x0CAB, 0x0CAB, 0x0C8B,
    0x0C8B, 0x0C8B, 0x0C8B, 0x0C8B, 0x0C6B, 0x0C6B, 0x0C6A, 0x0C6A, 0x0C4A, 0x0C4A, 0x0C4A, 0x0C2A, 0x0C2A, 0x0C2A, 0x0C0A, 0x0C0A,
    0x0C09, 0x0BE9, 0x0BE9, 0x0BE9, 0x0BC9, 0x0BC9, 0x0BC9, 0x0BA9, 0x0BA9, 0x0B88, 0x1146, 0x18C5, 0x18C5, 0x42C7, 0x856A, 0x7D6A,
    0x858A, 0x85AA, 0x85AA, 0x85CA, 0x85CA, 0x85EA, 0x85EA, 0x85EA, 0x860A, 0x860A, 0x862A, 0x8E2A, 0x8E2A, 0x8E4A, 0x8E4A, 0x8E4A,
    0x8E6A, 0x8E6A, 0x8E6B, 0x8E6A, 0x868B, 0x868B, 0x868A, 0x86AB, 0x86AA, 0x86AA, 0x86AA, 0x86AA, 0x86AA, 0x86AA, 0x86CA, 0x86CA,
    0x86CA, 0x86CA, 0x7ECA, 0x7ECA, 0x7ECA, 0x7ECA, 0x7ECA, 0x7EAA, 0x7EAA, 0x76AA, 0x76A9, 0x76A9, 0x76A9, 0x76A9, 0x76AA, 0x6608,
    0x7DEC, 0xBED6, 0x8E30, 0x5DE8, 0x6E6A, 0x6E6A, 0x6669, 0x6609, 0x4D67, 0x44E6, 0x44E6, 0x4527, 0x4D88, 0x5E09, 0x5E09, 0x5DE9,
    0x5DE9, 0x5E09, 0x5E2A, 0x5E2A, 0x560A, 0x560A, 0x560A, 0x560A, 0x560A, 0x560A, 0x560A, 0x560A, 0x4E0A, 0x4DEA, 0x4DEA, 0x4DEA,
    0x4DEA, 0x4DEA, 0x4DEA, 0x45EA, 0x45CA, 0x45CA, 0x45CA, 0x45CA, 0x45CA, 0x45CA, 0x3DAA, 0x3DAA, 0x3DAA, 0x3DAA, 0x3DAA, 0x3DAA,
    0x3D8B, 0x358B, 0x358B, 0x358B, 0x358B, 0x358B, 0x356B, 0x356B, 0x356B, 0x2D6B, 0x2D6B, 0x2D6B, 0x2D4B, 0x2D4B, 0x2D4B, 0x2D4B,
    0x254B, 0x254B, 0x254B, 0x252B, 0x252B, 0x252B, 0x252B, 0x1D2B, 0x1D2B, 0x1D0B, 0x1D0B, 0x1D0B, 0x1D0B, 0x1D0B, 0x14EB, 0x14EB,
    0x14EB, 0x14EB, 0x14EB, 0x14EB, 0x14CB, 0x0CCB, 0x0CCB, 0x0CAB, 0x0CAB, 0x0CAB, 0x0CAB, 0x0C8B, 0x0C8B, 0x0C8B, 0x0C8B, 0x0C8B,
    0x0C6B, 0x0C6B, 0x0C6A, 0x0C6A, 0x0C4A, 0x0C4A, 0x0C4A, 0x0C4A, 0x0C2A, 0x0C2A, 0x0C2A, 0x0C0A, 0x0C0A, 0x0C09, 0x0BE9, 0x0BE9,
    0x0BE9, 0x0BC9, 0x0BC9, 0x0BA9, 0x0BA9, 0x0BA9, 0x1207, 0x18C5, 0x18C5, 0x5368, 0x856A, 0x7D6A, 0x858A, 0x85AA, 0x85AA, 0x85CA,
    0x85CA, 0x85EA, 0x85EA, 0x85EA, 0x860A, 0x860A, 0x862A, 0x862A, 0x862A, 0x864A, 0x864A, 0x864A, 0x866A, 0x866A, 0x866A, 0x866A,
    0x868A, 0x868A, 0x868A, 0x868A, 0x86AA, 0x86AA, 0x86AA, 0x86AA, 0x86AA, 0x86CA, 0x86CA, 0x86CA, 0x7ECA, 0x7ECA, 0x7ECA, 0x7ECA,
    0x7ECA, 0x7ECA, 0x7EAA, 0x7EAA, 0x76AA, 0x76A9, 0x76A9, 0x76A9, 0x76A9, 0x76A9, 0x6E89, 0x6E49, 0x5DC8, 0x4D46, 0x5587, 0x6629,
    0x6E69, 0x6E6A, 0x666A, 0x6649, 0x6629, 0x5E09, 0x5E09, 0x5E0A, 0x5E2A, 0x5E2A, 0x5E2A, 0x5E2A, 0x5E2A, 0x5E2A, 0x5E2A, 0x5E2A,
    0x562A, 0x562A, 0x562A, 0x560A, 0x560A, 0x560A, 0x560A, 0x4E0A, 0x4E0A, 0x4DEA, 0x4DEA, 0x4DEA, 0x4DEA, 0x4DEA, 0x45CA, 0x45CA,
    0x45CA, 0x45CA, 0x45CA, 0x45CA, 0x45CA, 0x3DAA, 0x3DAA, 0x3DAA, 0x3DAA, 0x3DAA, 0x3DAA, 0x3D8B, 0x358B, 0x358B, 0x358B, 0x358B,
    0x358B, 0x356B, 0x356B, 0x356B, 0x2D6B, 0x2D6B, 0x2D6B, 0x2D4B, 0x2D4B, 0x2D4B, 0x2D4B, 0x254B, 0x254B, 0x254B, 0x252B, 0x252B,
    0x252B, 0x252B, 0x1D2B, 0x1D2B, 0x1D0B, 0x1D0B, 0x1D0B, 0x1D0B, 0x1D0B, 0x14EB, 0x14EB, 0x14EB, 0x14EB, 0x14EB, 0x14CB, 0x14CB,
    0x0CCB, 0x0CCB, 0x0CCB, 0x0CAB, 0x0CAB, 0x0CAB, 0x0CAB, 0x0CAB, 0x0C8B, 0x0C8B, 0x0C8B, 0x0C8B, 0x0C6B, 0x0C6B, 0x0C6B, 0x0C6A,
    0x0C4A, 0x0C4A, 0x0C4A, 0x0C2A, 0x0C2A, 0x0C2A, 0x0C2A, 0x0C0A, 0x0C0A, 0x0C09, 0x0BE9, 0x0BE9, 0x0BE9, 0x0BC9, 0x0BC9, 0x0BA9,
    0x0BA9, 0x0BA9, 0x1267, 0x18C5, 0x18C5, 0x6428, 0x856A, 0x856A, 0x858A, 0x85AA, 0x85AA, 0x85CA, 0x85CA, 0x85EA, 0x85EA, 0x85EA,
    0x860A, 0x860A, 0x862A, 0x862A, 0x862A, 0x864A, 0x864A, 0x864A, 0x866A, 0x866A, 0x866A, 0x866A, 0x868A, 0x868A, 0x868A, 0x868A,
    0x86AA, 0x86AA, 0x86AA, 0x86AA, 0x86AA, 0x86CA, 0x86AA, 0x7ECA, 0x7ECA, 0x7ECA, 0x7ECA, 0x7ECA, 0x7ECA, 0x7EAA, 0x7EAA, 0x76AA,
    0x76A9, 0x76A9, 0x76A9, 0x76A9, 0x76A9, 0x7689, 0x6E89, 0x6E69, 0x6E49, 0x6E49, 0x6649, 0x6669, 0x6E6A, 0x666A, 0x666A, 0x666A,
    0x664A, 0x664A, 0x664A, 0x5E4A, 0x5E4A, 0x5E4A, 0x5E4A, 0x5E2A, 0x5E2A, 0x5E2A, 0x5E2A, 0x562A, 0x562A, 0x562A, 0x560A, 0x560A,
    0x560A, 0x560A, 0x4E0A, 0x4DEA, 0x4DEA, 0x4DEA, 0x4DEA, 0x4DEA, 0x4DEA, 0x45CA, 0x45CA, 0x45CA, 0x45CA, 0x45CA, 0x45CA, 0x45CA,
    0x3DAA, 0x3DAA, 0x3DAA, 0x3DAA, 0x3DAA, 0x3DAA, 0x3D8B, 0x358B, 0x358B, 0x358B, 0x358B, 0x358B, 0x356B, 0x356B, 0x356B, 0x2D6B,
    0x2D6B, 0x2D6B, 0x2D4B, 0x2D4B, 0x2D4B, 0x2D4B, 0x254B, 0x254B, 0x254B, 0x252B, 0x252B, 0x252B, 0x252B, 0x1D2B, 0x1D2B, 0x1D0B,
    0x1D0B, 0x1D0B, 0x1D0B, 0x1D0B, 0x150B, 0x14EB, 0x14EB, 0x14EB, 0x14EB, 0x14EB, 0x14CB, 0x0CCB, 0x0CCB, 0x0CCB, 0x0CCB, 0x0CAB,
    0x0CAB, 0x0CAB, 0x0CAB, 0x0CAB, 0x0C8B, 0x0C8B, 0x0C8B, 0x0C8B, 0x0C8B, 0x0C6B, 0x0C6B, 0x0C6A, 0x0C6A, 0x0C4A, 0x0C4A, 0x0C4A,
    0x0C2A, 0x0C2A, 0x0C2A, 0x0C0A, 0x0C0A, 0x0C09, 0x0BE9, 0x0BE9, 0x0BE9, 0x0BC9, 0x0BC9, 0x0BC9, 0x0BA9, 0x0BA9, 0x0AC8, 0x18C5,
    0x1905, 0x74C9, 0x7D6A, 0x7D8A, 0x858A, 0x85AA, 0x85AA, 0x85CA, 0x85CA, 0x85EA, 0x85EA, 0x85EA, 0x860A, 0x860A, 0x862A, 0x862A,
    0x862A, 0x864A, 0x864A, 0x864A, 0x866A, 0x866A, 0x866A, 0x866A, 0x868A, 0x868A, 0x868A, 0x868A, 0x868A, 0x86AA, 0x86AA, 0x86AA,
    0x86AA, 0x86AA, 0x7EAA, 0x7EAA, 0x7ECA, 0x7ECA, 0x7ECA, 0x7ECA, 0x7EAA, 0x7EAA, 0x76AA, 0x76A9, 0x76A9, 0x76A9, 0x76A9, 0x76A9,
    0x6E89, 0x6E89, 0x6E89, 0x6E8A, 0x6E8A, 0x6E8A, 0x6E8A, 0x6E6A, 0x666A, 0x666A, 0x666A, 0x666A, 0x664A, 0x664A, 0x664A, 0x5E4A,
    0x5E4A, 0x5E4A, 0x5E4A, 0x5E2A, 0x5E2A, 0x5E2A, 0x562A, 0x562A, 0x562A, 0x560A, 0x560A, 0x560A, 0x560A, 0x4E0A, 0x4E0A, 0x4DEA,
    0x4DEA, 0x4DEA, 0x4DEA, 0x4DEA, 0x45CA, 0x45CA, 0x45CA, 0x45CA, 0x45CA, 0x45CA, 0x45CA, 0x3DAA, 0x3DAA, 0x3DAA, 0x3DAA, 0x3DAA,
    0x3DAA, 0x3D8B, 0x358B, 0x358B, 0x358B, 0x358B, 0x358B, 0x356B, 0x356B, 0x356B, 0x2D6B, 0x2D6B, 0x2D6B, 0x2D4B, 0x2D4B, 0x2D4B,
    0x2D4B, 0x254B, 0x254B, 0x252B, 0x252B, 0x252B, 0x252B, 0x252B, 0x1D2B, 0x1D2B, 0x1D0B, 0x1D0B, 0x1D0B, 0x1D0B, 0x1D0B, 0x150B,
    0x14EB, 0x14EB, 0x14EB, 0x14EB, 0x14EB, 0x14EB, 0x0CCB, 0x0CCB, 0x0CCB, 0x0CCB, 0x0CCB, 0x0CAB, 0x0CAB, 0x0CAB, 0x0CAB, 0x0CAB,
    0x0C8B, 0x0C8B, 0x0C8B, 0x0C8B, 0x0C8B, 0x0C6B, 0x0C6B, 0x0C6A, 0x0C6A, 0x0C4A, 0x0C4A, 0x0C4A, 0x0C2A, 0x0C2A, 0x0C2A, 0x0C0A,
    0x0C0A, 0x0C09, 0x0BE9, 0x0BE9, 0x0BE9, 0x0BC9, 0x0BC9, 0x0BC9, 0x0BA9, 0x0BA9, 0x0B28, 0x18E5, 0x2166, 0x7D29, 0x7D69, 0x7D8A,
    0x858A, 0x85AA, 0x85AA, 0x85CA, 0x85CA, 0x85EA, 0x85EA, 0x85EA, 0x860A, 0x860A, 0x862A, 0x862A, 0x862A, 0x864A, 0x864A, 0x864A,
    0x866A, 0x866A, 0x866A, 0x868A, 0x868A, 0x868A, 0x868A, 0x868A, 0x86AA, 0x86AA, 0x86AA, 0x86AA, 0x7EAA, 0x7EAA, 0x7EAA, 0x7EAA,
    0x7EAA, 0x7EAA, 0x7ECA, 0x7EAA, 0x7EAA, 0x76AA, 0x76A9, 0x76A9, 0x76A9, 0x76A9, 0x76A9, 0x6E89, 0x6E89, 0x6E89, 0x6E8A, 0x6E8A,
    0x6E8A, 0x6E6A, 0x666A, 0x666A, 0x666A, 0x666A, 0x666A, 0x664A, 0x664A, 0x664A, 0x5E4A, 0x5E4A, 0x5E4A, 0x5E4A, 0x5E2A, 0x5E2A,
    0x5E2A, 0x562A, 0x562A, 0x562A, 0x560A, 0x560A, 0x560A, 0x560A, 0x4E0A, 0x4E0A, 0x4DEA, 0x4DEA, 0x4DEA, 0x4DEA, 0x4DEA, 0x45EA,
    0x45CA, 0x45CB, 0x45CB, 0x45CB, 0x45CB, 0x45CB, 0x45CB, 0x3DAB, 0x3DAA, 0x3DAA, 0x3DAA, 0x3DAA, 0x3D8B, 0x358B, 0x358B, 0x358B,
    0x358B, 0x358B, 0x356B, 0x356B, 0x356B, 0x2D6B, 0x2D6B, 0x2D6B, 0x2D4B, 0x2D4B, 0x2D4B, 0x2D4B, 0x254B, 0x254B, 0x252B, 0x252B,
    0x252B, 0x252B, 0x252B, 0x1D2B, 0x1D2B, 0x1D0B, 0x1D0B, 0x1D0B, 0x1D0B, 0x1D0B, 0x150B, 0x14EB, 0x14EB, 0x14EB, 0x14EB, 0x14EB,
    0x14EB, 0x0CCB, 0x0CCB, 0x0CCB, 0x0CCB, 0x0CCB, 0x0CCB, 0x0CCB, 0x0CAB, 0x0CAB, 0x0CAB, 0x0CAB, 0x0C8B, 0x0C8B, 0x0C8B, 0x0C8B,
    0x0C8B, 0x0C6B, 0x0C6B, 0x0C6A, 0x0C6A, 0x0C4A, 0x0C4A, 0x0C4A, 0x0C2A, 0x0C2A, 0x0C2A, 0x0C0A, 0x0C0A, 0x0C09, 0x0BE9, 0x0BE9,
    0x0BE9, 0x0BC9, 0x0BC9, 0x0BC9, 0x0BA9, 0x0BA9, 0x0B68, 0x1926, 0x3206, 0x7D69, 0x7D69, 0x7D8A, 0x7D8A, 0x85AA, 0x85AA, 0x85CA,
    0x85CA, 0x85EA, 0x85EA, 0x85EA, 0x860A, 0x860A, 0x862A, 0x862A, 0x862A, 0x864A, 0x864A, 0x864A, 0x866A, 0x866A, 0x866A, 0x866A,
    0x868A, 0x868A, 0x868A, 0x868A, 0x868A, 0x86AA, 0x7EAA, 0x7EAA, 0x7EAA, 0x7EAA, 0x7EAA, 0x7EAA, 0x7EAA, 0x7ECA, 0x7EAA, 0x7EAA,
    0x76AA, 0x76A9, 0x76A9, 0x76A9, 0x76A9, 0x76A9, 0x6E89, 0x6E89, 0x6E89, 0x6E8A, 0x6E8A, 0x6E8A, 0x6E6A, 0x6E6A, 0x666A, 0x666A,
    0x666A, 0x666A, 0x664A, 0x664A, 0x664A, 0x5E4A, 0x5E4A, 0x5E4A, 0x5E4A, 0x5E2A, 0x5E2A, 0x5E2A, 0x562A, 0x562A, 0x562A, 0x560A,
    0x560A, 0x560A, 0x560A, 0x4E0A, 0x4E0A, 0x4DEA, 0x4DEA, 0x4DEA, 0x4DEA, 0x4DEA, 0x4DEB, 0x45CA, 0x45CA, 0x3DA9, 0x3589, 0x3589,
    0x3569, 0x3589, 0x358A, 0x3DAA, 0x3DAB, 0x3DAB, 0x3DAB, 0x3D8B, 0x358B, 0x358B, 0x358B, 0x358B, 0x358B, 0x356B, 0x356B, 0x356B,
    0x2D6B, 0x2D6B, 0x2D6B, 0x2D4B, 0x2D4B, 0x2D4B, 0x2D4B, 0x254B, 0x254B, 0x252B, 0x252B, 0x252B, 0x252B, 0x252B, 0x252B, 0x1D2B,
    0x1D0B, 0x1D0B, 0x1D0B, 0x1D0B, 0x1D0B, 0x150B, 0x14EB, 0x14EB, 0x14EB, 0x14EB, 0x14EB, 0x14EB, 0x0CCB, 0x0CCB, 0x0CCB, 0x0CCB,
    0x0CCB, 0x0CCB, 0x0CCB, 0x0CCB, 0x0CAB, 0x0CAB, 0x0CAB, 0x0CAB, 0x0CAB, 0x0C8B, 0x0C8B, 0x0C8B, 0x0C8B, 0x0C8B, 0x0C6B, 0x0C6A,
    0x0C6A, 0x0C4A, 0x0C4A, 0x0C4A, 0x0C4A, 0x0C2A, 0x0C2A, 0x0C2A, 0x0C0A, 0x0C0A, 0x0BE9, 0x0BE9, 0x0BE9, 0x0BC9, 0x0BC9, 0x0BC9,
    0x0BA9, 0x0BA9, 0x0B88, 0x1186, 0x3A47, 0x7D69, 0x7D69, 0x7D8A, 0x7D8A, 0x7DAA, 0x7DAA, 0x85CA, 0x85CA, 0x85EA, 0x85EA, 0x85EA,
    0x860A, 0x860A, 0x862A, 0x862A, 0x862A, 0x864A, 0x864A, 0x864A, 0x866A, 0x866A, 0x866A, 0x866A, 0x868A, 0x868A, 0x868A, 0x868A,
    0x868A, 0x7EAA, 0x7EAA, 0x7EAA, 0x7EAA, 0x7EAA, 0x7EAA, 0x7EAA, 0x7EAA, 0x7EAA, 0x7EAA, 0x76AA, 0x76A9, 0x76A9, 0x76A9, 0x76A9,
    0x76A9, 0x6E89, 0x6E89, 0x6E89, 0x6E8A, 0x6E8A, 0x6E8A, 0x6E6A, 0x666A, 0x666A, 0x666A, 0x666A, 0x666A, 0x664A, 0x664A, 0x664A,
    0x5E4A, 0x5E4A, 0x5E4A, 0x5E2A, 0x5E2A, 0x5E2A, 0x5E2A, 0x562A, 0x562A, 0x562A, 0x560A, 0x560A, 0x560A, 0x560A, 0x4E0A, 0x4E0A,
    0x4DEA, 0x4DEA, 0x4DEA, 0x4DEA, 0x4DEA, 0x3DA9, 0x3568, 0x3D69, 0x4DAB, 0x5DCD, 0x6E0F, 0x7E30, 0x7E31, 0x6E0F, 0x5DCD, 0x456B,
    0x2D49, 0x2D49, 0x358A, 0x3DAB, 0x358B, 0x358B, 0x358B, 0x358B, 0x356B, 0x356B, 0x2D6B, 0x2D6B, 0x2D6B, 0x2D6B, 0x2D4B, 0x2D4B,
    0x2D4B, 0x2D4B, 0x254B, 0x254B, 0x252B, 0x252B, 0x252B, 0x252B, 0x0CEA, 0x150A, 0x0CEA, 0x150B, 0x1D0B, 0x1D0B, 0x1D0B, 0x1D0B,
    0x150B, 0x14EB, 0x14EB, 0x14EB, 0x14EB, 0x14EB, 0x14EB, 0x0CCB, 0x0CCB, 0x0CCB, 0x0CCB, 0x0CCB, 0x0CCB, 0x0CCB, 0x0CCB, 0x0CCB,
    0x0CAB, 0x0CAB, 0x0CAB, 0x0CAB, 0x0CAB, 0x0C8B, 0x0C8B, 0x0C8B, 0x0C8B, 0x0C6B, 0x0C6B, 0x0C6B, 0x0C6A, 0x0C4A, 0x0C4A, 0x0C4A,
    0x0C2A, 0x0C2A, 0x0C2A, 0x0C2A, 0x0C0A, 0x0C0A, 0x0C09, 0x0BE9, 0x0BE9, 0x0BE9, 0x0BC9, 0x0BC9, 0x0BA9, 0x0BA9, 0x0BA9, 0x11C6,
    0x4B47, 0x7D69, 0x7D69, 0x7D89, 0x7D8A, 0x7DAA, 0x7DAA, 0x7DCA, 0x85CA, 0x85EA, 0x85EA, 0x85EA, 0x860A, 0x860A, 0x862A, 0x862A,
    0x862A, 0x864A, 0x864A, 0x864A, 0x866A, 0x866A, 0x866A, 0x866A, 0x868A, 0x868A, 0x7E8A, 0x7E8A, 0x7E8A, 0x7EAA, 0x7EAA, 0x7EAA,
    0x7EAA, 0x7EAA, 0x7EAA, 0x7EAA, 0x7EAA, 0x7EAA, 0x76AA, 0x76A9, 0x76A9, 0x76A9, 0x76A9, 0x76A9, 0x6E89, 0x6E89, 0x6E89, 0x6E8A,
    0x6E8A, 0x6E8A, 0x6E6A, 0x666A, 0x666A, 0x666A, 0x666A, 0x666A, 0x664A, 0x664A, 0x664A, 0x5E4A, 0x5E4A, 0x5E4A, 0x5E2A, 0x5E2A,
    0x5E2A, 0x5E2A, 0x562A, 0x562A, 0x562A, 0x560A, 0x560A, 0x560A, 0x560A, 0x4E0A, 0x4E0A, 0x4DEA, 0x4DEA, 0x4DEA, 0x4DEA, 0x3DA9,
    0x3D69, 0x65EE, 0x9E94, 0xD75A, 0xEFBD, 0xFFFF, 0xFFFF, 0xFFFF, 0xFFFF, 0xFFFF, 0xFFFF, 0xEFBD, 0xBF18, 0x7E31, 0x3D4B, 0x2529,
    0x358B, 0x358B, 0x358B, 0x356B, 0x356B, 0x2D6B, 0x2D6B, 0x2D6B, 0x2D6B, 0x2D4B, 0x2D4B, 0x2D4B, 0x2D4B, 0x254B, 0x254B, 0x252B,
    0x252B, 0x252B, 0x1D2B, 0x252B, 0x8E95, 0xB719, 0xA6D7, 0x354D, 0x14EA, 0x1D0B, 0x1D0B, 0x150B, 0x14EB, 0x14EB, 0x14EB, 0x14EB,
    0x14EB, 0x14EB, 0x0CCB, 0x0CCB, 0x0CCB, 0x0CCB, 0x0CCB, 0x0CCB, 0x0CCB, 0x0CCB, 0x0CCB, 0x0CCB, 0x0CAB, 0x0CAB, 0x0CAB, 0x0CAB,
    0x0CAB, 0x0C8B, 0x0C8B, 0x0C8B, 0x0C8B, 0x0C8B, 0x0C6B, 0x0C6B, 0x0C6A, 0x0C6A, 0x0C4A, 0x0C4A, 0x0C4A, 0x0C2A, 0x0C2A, 0x0C2A,
    0x0C0A, 0x0C0A, 0x0C09, 0x0BE9, 0x0BE9, 0x0BE9, 0x0BC9, 0x0BC9, 0x0BA9, 0x0BA9, 0x0BA9, 0x1247, 0x4B47, 0x7D69, 0x7D69, 0x7D89,
    0x7D89, 0x7DAA, 0x7DAA, 0x7DCA, 0x7DCA, 0x7DEA, 0x85EA, 0x85EA, 0x860A, 0x860A, 0x862A, 0x862A, 0x862A, 0x864A, 0x864A, 0x864A,
    0x866A, 0x866A, 0x866A, 0x7E6A, 0x7E8A, 0x7E8A, 0x7E8A, 0x7E8A, 0x7E8A, 0x7EAA, 0x7EAA, 0x7EAA, 0x7EAA, 0x7EAA, 0x7EAA, 0x7EAA,
    0x7EAA, 0x76AA, 0x76A9, 0x76A9, 0x76A9, 0x76A9, 0x76A9, 0x6E89, 0x6E89, 0x6E89, 0x6E8A, 0x6E8A, 0x6E8A, 0x6E6A, 0x666A, 0x666A,
    0x666A, 0x666A, 0x666A, 0x664A, 0x664A, 0x664A, 0x5E4A, 0x5E4A, 0x5E4A, 0x5E2A, 0x5E2A, 0x5E2A, 0x5E2A, 0x562A, 0x562A, 0x562A,
    0x560A, 0x560A, 0x560A, 0x560A, 0x4E0A, 0x4E0A, 0x4DEA, 0x4DEA, 0x4DEA, 0x45CA, 0x3D68, 0x760F, 0xCF39, 0xFFFF, 0xFFFF, 0xFFFF,
    0xFFFF, 0xFFFF, 0xFFFF, 0xFFFF, 0xFFFF, 0xFFFF, 0xFFFF, 0xFFFF, 0xFFFF, 0xFFFF, 0xE79D, 0x8633, 0x2D09, 0x2D4A, 0x358B, 0x356B,
    0x2D6B, 0x2D6B, 0x2D6B, 0x2D6B, 0x2D4B, 0x2D4B, 0x2D4B, 0x2D4B, 0x254B, 0x254B, 0x252B, 0x252B, 0x252B, 0x252B, 0x150A, 0xA6D7,
    0x9EB6, 0x354D, 0x6E32, 0xC75A, 0x252C, 0x14EB, 0x150B, 0x14EB, 0x14EB, 0x14EB, 0x14EB, 0x14EB, 0x14EB, 0x0CCB, 0x0CCB, 0x0CCB,
    0x0CCB, 0x0CCB, 0x0CCB, 0x0CCB, 0x0CCB, 0x0CCB, 0x0CCB, 0x0CCB, 0x0CCB, 0x0CAB, 0x0CAB, 0x0CAB, 0x0CAB, 0x0C8B, 0x0C8B, 0x0C8B,
    0x0C8B, 0x0C8B, 0x0C6B, 0x0C6B, 0x0C6A, 0x0C6A, 0x0C4A, 0x0C4A, 0x0C4A, 0x0C2A, 0x0C2A, 0x0C2A, 0x0C0A, 0x0C0A, 0x0C09, 0x0BE9,
    0x0BE9, 0x0BE9, 0x0BC9, 0x0BC9, 0x0BC9, 0x0BA9, 0x0BA9, 0x1247, 0x6448, 0x7D69, 0x7D69, 0x7D89, 0x7D89, 0x7DAA, 0x7DAA, 0x7DCA,
    0x7DCA, 0x7DCA, 0x7DEA, 0x7DEA, 0x7E0A, 0x7E0A, 0x7E0A, 0x862A, 0x862A, 0x862A, 0x7E4A, 0x7E4A, 0x7E6A, 0x7E6A, 0x7E6A, 0x7E6A,
    0x7E6A, 0x7E8A, 0x7E8A, 0x7E8A, 0x7E8A, 0x7E8A, 0x7EAA, 0x7EAA, 0x7EAA, 0x7EAA, 0x7EAA, 0x7EAA, 0x76AA, 0x76A9, 0x76A9, 0x76A9,
    0x76A9, 0x76A9, 0x6E89, 0x6E89, 0x6E89, 0x6E8A, 0x6E8A, 0x6E8A, 0x6E6A, 0x666A, 0x666A, 0x666A, 0x666A, 0x666A, 0x664A, 0x664A,
    0x664A, 0x5E4A, 0x5E4A, 0x5E4A, 0x5E2A, 0x5E2A, 0x5E2A, 0x5E2A, 0x562A, 0x562A, 0x560A, 0x560A, 0x560A, 0x560A, 0x560A, 0x4E0A,
    0x4E0A, 0x4DEA, 0x4DEA, 0x4DEB, 0x3DA9, 0x4D8A, 0xBEF7, 0xFFFF, 0xFFFF, 0xFFFF, 0xFFFF, 0xFFFF, 0xFFFF, 0xFFFF, 0xFFFF, 0xFFFF,
    0xFFFF, 0xFFFF, 0xFFFF, 0xFFFF, 0xFFFF, 0xFFFF, 0xFFFF, 0xFFFF, 0xCF3A, 0x454C, 0x2509, 0x356B, 0x2D6B, 0x2D6B, 0x2D6B, 0x2D4B,
    0x2D4B, 0x2D4B, 0x2D4B, 0x254B, 0x254B, 0x252B, 0x252B, 0x252B, 0x252B, 0x150A, 0x458E, 0xB719, 0x0CC9, 0x1D0B, 0x04A8, 0x8E96,
    0x7633, 0x04CA, 0x1D0B, 0x14EB, 0x14EB, 0x14EB, 0x14EB, 0x14EB, 0x0CCB, 0x0CCB, 0x0CCB, 0x0CCB, 0x0CCB, 0x0CCB, 0x0CCB, 0x0CCB,
    0x0CCB, 0x0CCB, 0x0CCB, 0x0CCB, 0x0CCB, 0x0CAB, 0x0CAB, 0x0CAB, 0x0CAB, 0x0C8B, 0x0C8B, 0x0C8B, 0x0C8B, 0x0C8B, 0x0C6B, 0x0C6B,
    0x0C6A, 0x0C6A, 0x0C4A, 0x0C4A, 0x0C4A, 0x0C2A, 0x0C2A, 0x0C2A, 0x0C0A, 0x0C0A, 0x0C09, 0x0BE9, 0x0BE9, 0x0BE9, 0x0BC9, 0x0BC9,
    0x0BC9, 0x0BA9, 0x0BA9, 0x0AE8, 0x6468, 0x7D69, 0x7D69, 0x7D89, 0x7D89, 0x7DA9, 0x7DAA, 0x7DCA, 0x7DCA, 0x7DCA, 0x7DEA, 0x7DEA,
    0x7E0A, 0x7E0A, 0x7E0A, 0x7E2A, 0x7E2A, 0x7E2A, 0x7E4A, 0x7E4A, 0x7E4A, 0x7E6A, 0x7E6A, 0x7E6A, 0x7E6A, 0x7E8A, 0x7E8A, 0x7E8A,
    0x7E8A, 0x7E8A, 0x7EAA, 0x7EAA, 0x7EAA, 0x7EAA, 0x76AA, 0x76AA, 0x76A9, 0x76A9, 0x76A9, 0x76A9, 0x76A9, 0x6E89, 0x6E89, 0x6E8A,
    0x6E8A, 0x6E8A, 0x6E8A, 0x6E6A, 0x666A, 0x666A, 0x666A, 0x666A, 0x666A, 0x664A, 0x664A, 0x5E4A, 0x5E4A, 0x5E4A, 0x5E4A, 0x5E2A,
    0x5E2A, 0x5E2A, 0x5E2A, 0x562A, 0x562A, 0x560A, 0x560A, 0x560A, 0x560A, 0x560A, 0x4E0A, 0x4E0A, 0x4DEA, 0x4DEA, 0x4DEB, 0x3D89,
    0x5DAD, 0xE79C, 0xFFFF, 0xFFFF, 0xFFFF, 0xFFFF, 0xFFFF, 0xFFFF, 0xFFFF, 0xFFFF, 0xFFFF, 0xFFFF, 0xFFFF, 0xFFFF, 0xFFFF, 0xFFFF,
    0xFFFF, 0xFFFF, 0xFFFF, 0xFFFF, 0xFFFF, 0xEFBE, 0x5D8F, 0x1D09, 0x356B, 0x2D4B, 0x2D4B, 0x2D4B, 0x2D4B, 0x254B, 0x254B, 0x254B,
    0x252B, 0x252B, 0x252B, 0x252B, 0x252B, 0x150A, 0x458E, 0xB719, 0x0CC9, 0x1D0B, 0x04A9, 0x8E96, 0x7633, 0x04AA, 0x1CEB, 0x14EB,
    0x14EB, 0x14EB, 0x14EB, 0x0CCB, 0x0CCB, 0x0CCB, 0x0CCB, 0x0CCB, 0x0CCB, 0x0CCB, 0x0CCB, 0x0CCB, 0x0CCB, 0x0CCB, 0x0CCB, 0x0CCB,
    0x0CCB, 0x0CAB, 0x0CAB, 0x0CAB, 0x0CAB, 0x0C8B, 0x0C8B, 0x0C8B, 0x0C8B, 0x0C8B, 0x0C6B, 0x0C6B, 0x0C6A, 0x0C6A, 0x0C4A, 0x0C4A,
    0x0C4A, 0x0C2A, 0x0C2A, 0x0C2A, 0x0C0A, 0x0C0A, 0x0C09, 0x0BE9, 0x0BE9, 0x0BE9, 0x0BC9, 0x0BC9, 0x0BC9, 0x0BA9, 0x0BA9, 0x0B08,
    0x6448, 0x7D69, 0x7D69, 0x7D89, 0x7D89, 0x7DA9, 0x7DA9, 0x7DC9, 0x7DCA, 0x7DCA, 0x7DEA, 0x7DEA, 0x7E0A, 0x7E0A, 0x7E0A, 0x7E2A,
    0x7E2A, 0x7E2A, 0x7E4A, 0x7E4A, 0x7E4A, 0x7E6A, 0x7E6A, 0x7E6A, 0x7E6A, 0x7E8A, 0x7E8A, 0x7E8A, 0x7E8A, 0x7E8A, 0x7E8A, 0x7EAA,
    0x76AA, 0x76A9, 0x76A9, 0x76A9, 0x76A9, 0x76A9, 0x76A9, 0x76A9, 0x6E89, 0x6E89, 0x6E8A, 0x6E8A, 0x6E8A, 0x6E8A, 0x6E6A, 0x666A,
    0x666A, 0x666A, 0x666A, 0x666A, 0x664A, 0x664A, 0x5E4A, 0x5E4A, 0x5E4A, 0x5E4A, 0x5E2A, 0x5E2A, 0x5E2A, 0x5E2A, 0x562A, 0x562A,
    0x560A, 0x560A, 0x560A, 0x560A, 0x560A, 0x4E0A, 0x4E0A, 0x4DEA, 0x4DEA, 0x4DEA, 0x3D89, 0x65AD, 0xEFBE, 0xFFFF, 0xFFFF, 0xFFFF,
    0xFFFF, 0xFFFF, 0xFFFF, 0xFFFF, 0xFFFF, 0xFFFF, 0xFFFF, 0xFFFF, 0xFFFF, 0xFFFF, 0xFFFF, 0xFFFF, 0xFFFF, 0xFFFF, 0xFFFF, 0xFFFF,
    0xFFFF, 0xFFFF, 0xFFDF, 0x5D8F, 0x1CE9, 0x2D6B, 0x2D4B, 0x2D4B, 0x254B, 0x254B, 0x254B, 0x252B, 0x252B, 0x252B, 0x252B, 0x252B,
    0x1D2B, 0x252B, 0x14EA, 0xA6D7, 0x9EB6, 0x2D4D, 0x6E12, 0xC73A, 0x1D0C, 0x14EB, 0x14EB, 0x14EB, 0x14EB, 0x14EB, 0x0CCB, 0x0CCB,
    0x0CCB, 0x0CCB, 0x0CCB, 0x0CCB, 0x0CCB, 0x0CCB, 0x0CCB, 0x0CCB, 0x0CCB, 0x0CCB, 0x0CCB, 0x0CCB, 0x0CCB, 0x0CAB, 0x0CAB, 0x0CAB,
    0x0CAB, 0x0CAB, 0x0C8B, 0x0C8B, 0x0C8B, 0x0C8B, 0x0C6B, 0x0C6B, 0x0C6A, 0x0C6A, 0x0C4A, 0x0C4A, 0x0C4A, 0x0C2A, 0x0C2A, 0x0C2A,
    0x0C0A, 0x0C0A, 0x0C09, 0x0BE9, 0x0BE9, 0x0BE9, 0x0BC9, 0x0BC9, 0x0BC9, 0x0BA9, 0x0BA9, 0x0B08, 0x7509, 0x7569, 0x7D69, 0x7D69,
    0x7D89, 0x7DA9, 0x7DA9, 0x7DC9, 0x7DC9, 0x7DC9, 0x7DEA, 0x7DEA, 0x7E0A, 0x7E0A, 0x7E0A, 0x7E2A, 0x7E2A, 0x7E2A, 0x7E4A, 0x7E4A,
    0x7E4A, 0x7E6A, 0x7E6A, 0x7E6A, 0x7E6A, 0x7E8A, 0x7E8A, 0x7E8A, 0x7E8A, 0x7E8A, 0x7E8A, 0x76AA, 0x76AA, 0x76A9, 0x76A9, 0x76A9,
    0x76A9, 0x76A9, 0x76A9, 0x6E89, 0x6E89, 0x6E8A, 0x6E8A, 0x6E8A, 0x6E8A, 0x6E6A, 0x666A, 0x666A, 0x666A, 0x666A, 0x666A, 0x664A,
    0x664A, 0x5E4A, 0x5E4A, 0x5E4A, 0x5E4A, 0x5E2A, 0x5E2A, 0x5E2A, 0x5E2A, 0x562A, 0x562A, 0x560A, 0x560A, 0x560A, 0x560A, 0x560A,
    0x4E0A, 0x4DEA, 0x4DEA, 0x4DEA, 0x4DEA, 0x45A9, 0x4D6B, 0xEF9D, 0xFFFF, 0xFFFF, 0xFFFF, 0xFFFF, 0xFFFF, 0xFFFF, 0xFFFF, 0xFFFF,
    0xFFFF, 0xFFFF, 0xFFFF, 0xFFFF, 0xFFFF, 0xFFFF, 0xFFFF, 0xFFFF, 0xFFFF, 0xFFFF, 0xFFFF, 0xFFFF, 0xFFFF, 0xFFFF, 0xFFFF, 0xEFBE,
    0x3D2C, 0x250A, 0x2D4B, 0x254B, 0x254B, 0x254B, 0x252B, 0x252B, 0x252B, 0x252B, 0x252B, 0x1D2B, 0x1D0B, 0x1D0B, 0x1D0B, 0x1D0B,
    0x8E75, 0xAEF9, 0x9ED7, 0x2D4D, 0x0CCB, 0x14EB, 0x14EB, 0x14EB, 0x14CB, 0x0CCB, 0x0CCB, 0x0CCB, 0x0CCB, 0x0CCB, 0x0CCB, 0x0CCB,
    0x0CCB, 0x0CCB, 0x0CCB, 0x0CCB, 0x0CCB, 0x0CCB, 0x0CCB, 0x0CCB, 0x0CCB, 0x0CAB, 0x0CAB, 0x0CAB, 0x0CAB, 0x0CAB, 0x0C8B, 0x0C8B,
    0x0C8B, 0x0C8B, 0x0C6B, 0x0C6B, 0x0C6A, 0x0C6A, 0x0C4A, 0x0C4A, 0x0C4A, 0x0C2A, 0x0C2A, 0x0C2A, 0x0C0A, 0x0C0A, 0x0C09, 0x0BE9,
    0x0BE9, 0x0BE9, 0x0BC9, 0x0BC9, 0x0BC9, 0x0BA9, 0x0BA9, 0x0B68, 0x7549, 0x7569, 0x7569, 0x7D69, 0x7D89, 0x7D89, 0x7DA9, 0x7DA9,
    0x7DC9, 0x7DC9, 0x7DE9, 0x7DEA, 0x7E0A, 0x7E0A, 0x7E0A, 0x7E2A, 0x7E2A, 0x7E2A, 0x7E4A, 0x7E4A, 0x7E4A, 0x7E6A, 0x7E6A, 0x7E6A,
    0x7E6A, 0x7E6A, 0x7E8A, 0x7E8A, 0x7E8A, 0x768A, 0x7689, 0x76A9, 0x7689, 0x76A9, 0x76A9, 0x76A9, 0x76A9, 0x76A9, 0x6E89, 0x6E89,
    0x6E8A, 0x6E8A, 0x6E8A, 0x6E8A, 0x6E6A, 0x666A, 0x666A, 0x666A, 0x666A, 0x666A, 0x664A, 0x664A, 0x5E4A, 0x5E4A, 0x5E4A, 0x5E4A,
    0x5E2A, 0x5E2A, 0x5E2A, 0x562A, 0x562A, 0x562A, 0x560A, 0x560A, 0x560A, 0x560A, 0x560A, 0x4E0A, 0x4DEA, 0x4DEA, 0x4DEA, 0x4DEA,
    0x4DCA, 0x3D48, 0xCF39, 0xFFFF, 0xFFFF, 0xFFFF, 0xFFFF, 0xFFFF, 0xFFFF, 0xFFFF, 0xFFFF, 0xFFFF, 0xFFFF, 0xFFFF, 0xFFFF, 0xFFFF,
    0xFFFF, 0xFFFF, 0xFFFF, 0xFFFF, 0xFFFF, 0xFFFF, 0xFFFF, 0xFFFF, 0xFFFF, 0xFFFF, 0xFFFF, 0xFFFF, 0xC719, 0x1CA9, 0x2D4B, 0x254B,
    0x254B, 0x252B, 0x252B, 0x252B, 0x252B, 0x252B, 0x1D2B, 0x1D0B, 0x1D0B, 0x1D0B, 0x1D0B, 0x1D0B, 0x04CA, 0x0CEA, 0x04CA, 0x0CEB,
    0x14EB, 0x14EB, 0x14EB, 0x14CB, 0x0CCB, 0x0CCB, 0x0CCB, 0x0CCB, 0x0CCB, 0x0CCB, 0x0CCB, 0x0CCB, 0x0CCB, 0x0CCB, 0x0CCB, 0x0CCB,
    0x0CCB, 0x0CCB, 0x0CCB, 0x0CCB, 0x0CCB, 0x0CAB, 0x0CAB, 0x0CAB, 0x0CAB, 0x0CAB, 0x0C8B, 0x0C8B, 0x0C8B, 0x0C8B, 0x0C8B, 0x0C6B,
    0x0C6A, 0x0C6A, 0x0C4A, 0x0C4A, 0x0C4A, 0x0C2A, 0x0C2A, 0x0C2A, 0x0C0A, 0x0C0A, 0x0C09, 0x0BE9, 0x0BE9, 0x0BE9, 0x0BC9, 0x0BC9,
    0x0BC9, 0x0BA9, 0x0BA9, 0x0B88, 0x7549, 0x7549, 0x7569, 0x7569, 0x7D89, 0x7D89, 0x7DA9, 0x7DA9, 0x7DC9, 0x7DC9, 0x7DE9, 0x7DE9,
    0x7E09, 0x7E0A, 0x7E0A, 0x7E2A, 0x7E2A, 0x7E2A, 0x7E4A, 0x7E4A, 0x7E4A, 0x7E4A, 0x7E6A, 0x7E6A, 0x7E6A, 0x7E6A, 0x768A, 0x768A,
    0x7689, 0x7689, 0x7689, 0x7689, 0x7689, 0x7689, 0x7689, 0x76A9, 0x76A9, 0x6E89, 0x6E89, 0x6E8A, 0x6E8A, 0x6E8A, 0x6E8A, 0x6E6A,
    0x666A, 0x666A, 0x666A, 0x666A, 0x666A, 0x664A, 0x664A, 0x5E4A, 0x5E4A, 0x5E4A, 0x5E4A, 0x5E2A, 0x5E2A, 0x5E2A, 0x562A, 0x562A,
    0x562A, 0x560A, 0x560A, 0x560A, 0x560A, 0x560A, 0x4E0A, 0x4DEA, 0x4DEA, 0x4DEA, 0x4DEA, 0x4DEA, 0x3568, 0x8631, 0xFFFF, 0xFFFF,
    0xFFFF, 0xFFFF, 0xFFFF, 0xFFFF, 0xFFFF, 0xFFFF, 0xFFFF, 0xFFFF, 0xFFFF, 0xFFFF, 0xFFFF, 0xFFFF, 0xFFFF, 0xFFFF, 0xFFFF, 0xFFFF,
    0xFFFF, 0xFFFF, 0xFFFF, 0xFFFF, 0xFFFF, 0xFFFF, 0xFFFF, 0xFFFF, 0xFFFF, 0x6DB1, 0x14C9, 0x2D4B, 0x252B, 0x252B, 0x252B, 0x252B,
    0x252B, 0x1D2B, 0x1D0B, 0x1D0B, 0x1D0B, 0x1D0B, 0x1D0B, 0x1D0B, 0x1D0B, 0x150B, 0x14EB, 0x14EB, 0x14EB, 0x14EB, 0x14CB, 0x0CCB,
    0x0CCB, 0x0CCB, 0x0CCB, 0x0CCB, 0x0CCB, 0x0CCB, 0x0CCB, 0x0CCB, 0x0CCB, 0x0CCB, 0x0CCB, 0x0CCB, 0x0CCB, 0x0CCB, 0x0CCB, 0x0CCB,
    0x0CCB, 0x0CAB, 0x0CAB, 0x0CAB, 0x0CAB, 0x0CAB, 0x0C8B, 0x0C8B, 0x0C8B, 0x0C8B, 0x0C8B, 0x0C6B, 0x0C6A, 0x0C6A, 0x0C4A, 0x0C4A,
    0x0C4A, 0x0C2A, 0x0C2A, 0x0C2A, 0x0C2A, 0x0C0A, 0x0C09, 0x0BE9, 0x0BE9, 0x0BE9, 0x0BC9, 0x0BC9, 0x0BC9, 0x0BA9, 0x0BA9, 0x0B88,
    0x7549, 0x7549, 0x7569, 0x7569, 0x7589, 0x7589, 0x75A9, 0x7DA9, 0x7DC9, 0x7DC9, 0x7DE9, 0x7DE9, 0x7E09, 0x7E09, 0x7E09, 0x7E09,
    0x7E2A, 0x7E29, 0x7E29, 0x7E49, 0x7E4A, 0x7E4A, 0x7E4A, 0x7E69, 0x766A, 0x7669, 0x7689, 0x7689, 0x7689, 0x7689, 0x7689, 0x7689,
    0x7689, 0x7689, 0x7689, 0x7689, 0x6E89, 0x6E89, 0x6E8A, 0x6E8A, 0x6E8A, 0x6E8A, 0x6E6A, 0x666A, 0x666A, 0x666A, 0x666A, 0x666A,
    0x664A, 0x664A, 0x5E4A, 0x5E4A, 0x5E4A, 0x5E4A, 0x5E2A, 0x5E2A, 0x5E2A, 0x562A, 0x562A, 0x562A, 0x560A, 0x560A, 0x560A, 0x560A,
    0x560A, 0x4E0A, 0x4DEA, 0x4DEA, 0x4DEA, 0x4DEA, 0x4DEA, 0x45AA, 0x454A, 0xE79D, 0xFFFF, 0xFFFF, 0xFFFF, 0xFFFF, 0xFFFF, 0xFFFF,
    0xFFFF, 0xFFFF, 0xFFFF, 0xFFFF, 0xFFFF, 0xFFFF, 0xFFFF, 0xFFFF, 0xFFFF, 0xFFFF, 0xFFFF, 0xFFFF, 0xFFFF, 0xFFFF, 0xFFFF, 0xFFFF,
    0xFFFF, 0xFFFF, 0xFFFF, 0xFFFF, 0xFFFF, 0xD75B, 0x1CA9, 0x252B, 0x252B, 0x252B, 0x252B, 0x252B, 0x1D2B, 0x1D0B, 0x1D0B, 0x1D0B,
    0x1D0B, 0x1D0B, 0x1D0B, 0x14EB, 0x14EB, 0x14EB, 0x14EB, 0x14EB, 0x14EB, 0x14CB, 0x0CCB, 0x0CCB, 0x0CCB, 0x0CCB, 0x0CCB, 0x0CCB,
    0x0CCB, 0x0CCB, 0x0CCB, 0x0CCB, 0x0CCB, 0x0CCB, 0x0CCB, 0x0CCB, 0x0CCB, 0x0CCB, 0x0CCB, 0x0CCB, 0x0CCB, 0x0CAB, 0x0CAB, 0x0CAB,
    0x0CAB, 0x0CAB, 0x0C8B, 0x0C8B, 0x0C8B, 0x0C8B, 0x0C8B, 0x0C6B, 0x0C6A, 0x0C6A, 0x0C4A, 0x0C4A, 0x0C4A, 0x0C4A, 0x0C2A, 0x0C2A,
    0x0C2A, 0x0C0A, 0x0C0A, 0x0BE9, 0x0BE9, 0x0BE9, 0x0BC9, 0x0BC9, 0x0BC9, 0x0BA9, 0x0BA9, 0x0B88, 0x7549, 0x7549, 0x7569, 0x7569,
    0x7589, 0x7589, 0x75A9, 0x75A9, 0x75C9, 0x75C9, 0x7DC9, 0x7DE9, 0x7DE9, 0x7E09, 0x7E09, 0x7E09, 0x7E29, 0x7E29, 0x7E29, 0x7E49,
    0x7649, 0x7649, 0x7649, 0x7669, 0x7669, 0x7669, 0x7669, 0x7669, 0x7689, 0x7689, 0x7689, 0x7689, 0x7689, 0x7689, 0x7689, 0x6E89,
    0x6E89, 0x6E8A, 0x6E8A, 0x6E8A, 0x6E8A, 0x6E6A, 0x666A, 0x666A, 0x666A, 0x666A, 0x666A, 0x664A, 0x664A, 0x5E4A, 0x5E4A, 0x5E4A,
    0x5E4A, 0x5E2A, 0x5E2A, 0x5E2A, 0x562A, 0x562A, 0x562A, 0x560A, 0x560A, 0x560A, 0x560A, 0x560A, 0x4E0A, 0x4DEA, 0x4DEA, 0x4DEA,
    0x4DEA, 0x4DEA, 0x4DEA, 0x3548, 0x8611, 0xFFFF, 0xFFFF, 0xFFFF, 0xFFFF, 0xFFFF, 0xFFFF, 0xFFFF, 0xFFFF, 0xFFFF, 0xFFFF, 0xFFFF,
    0xFFFF, 0xFFFF, 0xFFFF, 0xFFFF, 0xFFFF, 0xFFFF, 0xFFFF, 0xFFFF, 0xFFFF, 0xFFFF, 0xFFFF, 0xFFFF, 0xFFFF, 0xFFFF, 0xFFFF, 0xFFFF,
    0xFFFF, 0xFFFF, 0x554F, 0x14C9, 0x252B, 0x252B, 0x1D2B, 0x1D2B, 0x1D0B, 0x1D0B, 0x1D0B, 0x1D0B, 0x1D0B, 0x1D0B, 0x14EB, 0x14EB,
    0x14EB, 0x14EB, 0x14EB, 0x14EB, 0x14CB, 0x0CCB, 0x0CCB, 0x0CCB, 0x0CCB, 0x0CCB, 0x0CCB, 0x0CCB, 0x0CCB, 0x0CCB, 0x0CCB, 0x0CCB,
    0x0CCB, 0x0CCB, 0x0CCB, 0x0CCB, 0x0CCB, 0x0CCB, 0x0CCB, 0x0CCB, 0x0CCB, 0x0CAB, 0x0CAB, 0x0CAB, 0x0CAB, 0x0CAB, 0x0C8B, 0x0C8B,
    0x0C8B, 0x0C8B, 0x0C8B, 0x0C6B, 0x0C6A, 0x0C6A, 0x0C4A, 0x0C4A, 0x0C4A, 0x0C4A, 0x0C2A, 0x0C2A, 0x0C2A, 0x0C0A, 0x0C0A, 0x0BE9,
    0x0BE9, 0x0BE9, 0x0BC9, 0x0BC9, 0x0BC9, 0x0BA9, 0x0BA9, 0x0B88, 0x7549, 0x7549, 0x7569, 0x7569, 0x7589, 0x7589, 0x75A9, 0x75A9,
    0x75C9, 0x75C9, 0x75C9, 0x75E9, 0x75E9, 0x7609, 0x7609, 0x7609, 0x7629, 0x7629, 0x7629, 0x7649, 0x7649, 0x7649, 0x7649, 0x7669,
    0x7669, 0x7669, 0x7669, 0x7669, 0x7669, 0x7689, 0x7689, 0x7689, 0x7689, 0x6E89, 0x6E89, 0x6E89, 0x6E8A, 0x6E8A, 0x6E8A, 0x6E8A,
    0x6E6A, 0x666A, 0x666A, 0x666A, 0x666A, 0x666A, 0x664A, 0x664A, 0x5E4A, 0x5E4A, 0x5E4A, 0x5E4A, 0x5E2A, 0x5E2A, 0x5E2A, 0x562A,
    0x562A, 0x562A, 0x560A, 0x560A, 0x560A, 0x560A, 0x560A, 0x4E0A, 0x4DEA, 0x4DEA, 0x4DEA, 0x4DEA, 0x4DEA, 0x4DEA, 0x45CA, 0x3528,
    0xCF19, 0xFFFF, 0xFFFF, 0xFFFF, 0xFFFF, 0xFFFF, 0xFFFF, 0xFFFF, 0xFFFF, 0xFFFF, 0xFFFF, 0xFFFF, 0xFFFF, 0xF7DE, 0xB697, 0xAE76,
    0xF7BE, 0xFFFF, 0xFFFF, 0xFFFF, 0xFFFF, 0xFFFF, 0xFFFF, 0xFFFF, 0xFFFF, 0xFFFF, 0xFFFF, 0xFFFF, 0xFFFF, 0xFFFF, 0x9E76, 0x1489,
    0x252B, 0x1D2B, 0x1D2B, 0x1D0B, 0x1D0B, 0x1D0B, 0x1D0B, 0x1D0B, 0x1D0B, 0x14EB, 0x14EB, 0x14EB, 0x14EB, 0x14EB, 0x14EB, 0x14CB,
    0x0CCB, 0x0CCB, 0x0CCB, 0x0CCB, 0x0CCB, 0x0CCB, 0x0CCB, 0x0CCB, 0x0CCB, 0x0CCB, 0x0CCB, 0x0CCB, 0x0CCB, 0x0CCB, 0x0CCB, 0x0CCB,
    0x0CCB, 0x0CCB, 0x0CCB, 0x0CCB, 0x0CCB, 0x0CAB, 0x0CAB, 0x0CAB, 0x0CAB, 0x0CAB, 0x0C8B, 0x0C8B, 0x0C8B, 0x0C8B, 0x0C8B, 0x0C6B,
    0x0C6A, 0x0C6A, 0x0C4A, 0x0C4A, 0x0C4A, 0x0C4A, 0x0C2A, 0x0C2A, 0x0C2A, 0x0C0A, 0x0C0A, 0x0BE9, 0x0BE9, 0x0BE9, 0x0BC9, 0x0BC9,
    0x0BC9, 0x0BA9, 0x0BA9, 0x0B88, 0x7549, 0x7549, 0x7569, 0x7569, 0x7589, 0x7589, 0x75A9, 0x75A9, 0x75C9, 0x75C9, 0x75C9, 0x75E9,
    0x75E9, 0x7609, 0x7609, 0x7609, 0x7629, 0x7629, 0x7629, 0x7629, 0x7649, 0x7649, 0x7649, 0x7649, 0x7669, 0x7669, 0x7669, 0x7669,
    0x7689, 0x7689, 0x7689, 0x6E89, 0x6E89, 0x6E89, 0x6E89, 0x6E8A, 0x6E8A, 0x6E8A, 0x6E8A, 0x6E6A, 0x666A, 0x666A, 0x666A, 0x666A,
    0x666A, 0x664A, 0x664A, 0x5E4A, 0x5E4A, 0x5E4A, 0x5E4A, 0x5E2A, 0x5E2A, 0x5E2A, 0x562A, 0x562A, 0x562A, 0x560A, 0x560A, 0x560A,
    0x560A, 0x560A, 0x4E0A, 0x4DEA, 0x4DEA, 0x4DEA, 0x4DEA, 0x4DEA, 0x4DEA, 0x4DEA, 0x3D89, 0x4D4B, 0xF7DE, 0xFFFF, 0xFFFF, 0xFFFF,
    0xFFFF, 0xFFFF, 0xFFFF, 0xFFFF, 0xFFFF, 0xFFFF, 0xFFFF, 0xFFFF, 0xF7BE, 0x4CAC, 0x13C6, 0x13C6, 0x3C6A, 0xE77C, 0xFFFF, 0xFFFF,
    0xFFFF, 0xFFFF, 0xFFFF, 0xFFFF, 0xFFFF, 0xFFFF, 0xFFFF, 0xFFFF, 0xFFFF, 0xFFFF, 0xD73B, 0x1C89, 0x1D0B, 0x1D2B, 0x1D0B, 0x1D0B,
    0x1D0B, 0x1D0B, 0x1D0B, 0x1D0B, 0x14EB, 0x14EB, 0x14EB, 0x14EB, 0x14EB, 0x14EB, 0x14CB, 0x0CCB, 0x0CCB, 0x0CCB, 0x0CCB, 0x0CCB,
    0x0CCB, 0x0CCB, 0x0CCB, 0x0CCB, 0x0CCB, 0x0CCB, 0x0CCB, 0x0CCB, 0x0CCB, 0x0CCB, 0x0CCB, 0x0CCB, 0x0CCB, 0x0CCB, 0x0CCB, 0x0CCB,
    0x0CCB, 0x0CAB, 0x0CAB, 0x0CAB, 0x0CAB, 0x0CAB, 0x0C8B, 0x0C8B, 0x0C8B, 0x0C8B, 0x0C8B, 0x0C6B, 0x0C6A, 0x0C6A, 0x0C4A, 0x0C4A,
    0x0C4A, 0x0C4A, 0x0C2A, 0x0C2A, 0x0C2A, 0x0C0A, 0x0C0A, 0x0BE9, 0x0BE9, 0x0BE9, 0x0BC9, 0x0BC9, 0x0BC9, 0x0BA9, 0x0BA9, 0x0B88,
    0x7529, 0x7549, 0x7569, 0x7569, 0x7589, 0x7589, 0x7589, 0x75A9, 0x75A9, 0x75C9, 0x75C9, 0x75E9, 0x75E9, 0x75E9, 0x7609, 0x7609,
    0x7609, 0x7629, 0x7629, 0x7629, 0x7649, 0x7649, 0x7649, 0x7649, 0x7669, 0x7669, 0x7669, 0x7669, 0x7669, 0x6E89, 0x6E89, 0x6E89,
    0x6E89, 0x6E89, 0x6E89, 0x6E8A, 0x6E8A, 0x6E8A, 0x6E6A, 0x666A, 0x666A, 0x666A, 0x666A, 0x666A, 0x664A, 0x664A, 0x5E4A, 0x5E4A,
    0x5E4A, 0x5E4A, 0x5E2A, 0x5E2A, 0x5E2A, 0x562A, 0x562A, 0x562A, 0x560A, 0x560A, 0x560A, 0x560A, 0x560A, 0x4E0A, 0x4DEA, 0x4DEA,
    0x4DEA, 0x4DEA, 0x4DEA, 0x4DEA, 0x45CA, 0x4DCB, 0x3548, 0x6DAF, 0xFFFF, 0xFFFF, 0xFFFF, 0xFFFF, 0xFFFF, 0xFFFF, 0xFFFF, 0xFFFF,
    0xFFFF, 0xFFFF, 0xFFFF, 0xFFFF, 0x9E34, 0x13E6, 0x34EA, 0x34EA, 0x1406, 0x652F, 0xFFFF, 0xFFFF, 0xFFFF, 0xFFFF, 0xFFFF, 0xFFFF,
    0xFFFF, 0xFFFF, 0xFFFF, 0xFFFF, 0xFFFF, 0xFFFF, 0xF7BE, 0x34CC, 0x1CCA, 0x1D2B, 0x1D0B, 0x1D0B, 0x1D0B, 0x1D0B, 0x1D0B, 0x14EB,
    0x14EB, 0x14EB, 0x14EB, 0x14EB, 0x14EB, 0x14CB, 0x0CCB, 0x0CCB, 0x0CCB, 0x0CCB, 0x0CCB, 0x0CCB, 0x0CCB, 0x0CCB, 0x0CCB, 0x0CCB,
    0x0CCB, 0x0CCB, 0x0CCB, 0x0CCB, 0x0CCB, 0x0CCB, 0x0CCB, 0x0CCB, 0x0CCB, 0x0CCB, 0x0CCB, 0x0CCB, 0x0CCB, 0x0CAB, 0x0CAB, 0x0CAB,
    0x0CAB, 0x0CAB, 0x0C8B, 0x0C8B, 0x0C8B, 0x0C8B, 0x0C8B, 0x0C6B, 0x0C6A, 0x0C6A, 0x0C4A, 0x0C4A, 0x0C4A, 0x0C2A, 0x0C2A, 0x0C2A,
    0x0C2A, 0x0C0A, 0x0C09, 0x0BE9, 0x0BE9, 0x0BE9, 0x0BC9, 0x0BC9, 0x0BC9, 0x0BA9, 0x0BA9, 0x0B88, 0x6D29, 0x7549, 0x7549, 0x7569,
    0x7589, 0x7589, 0x7589, 0x75A9, 0x75A9, 0x75C9, 0x75C9, 0x75C9, 0x75E9, 0x75E9, 0x7609, 0x7609, 0x7609, 0x7629, 0x7629, 0x7629,
    0x7649, 0x7649, 0x7649, 0x7649, 0x7669, 0x7669, 0x7669, 0x6E69, 0x6E69, 0x6E69, 0x6E69, 0x6E89, 0x6E89, 0x6E89, 0x6E69, 0x6E6A,
    0x6E8A, 0x6E6A, 0x666A, 0x666A, 0x666A, 0x666A, 0x666A, 0x664A, 0x664A, 0x5E4A, 0x5E4A, 0x5E4A, 0x5E4A, 0x5E2A, 0x5E2A, 0x5E2A,
    0x562A, 0x562A, 0x562A, 0x560A, 0x560A, 0x560A, 0x560A, 0x560A, 0x4E0A, 0x4DEA, 0x4DEA, 0x4DEA, 0x4DEA, 0x4DEA, 0x4DEA, 0x45CA,
    0x45CA, 0x45CB, 0x3528, 0x8E32, 0xFFFF, 0xFFFF, 0xFFFF, 0xFFFF, 0xFFFF, 0xFFFF, 0xFFFF, 0xFFFF, 0xFFFF, 0xFFFF, 0xFFFF, 0xFFFF,
    0x6D4F, 0x24A8, 0x354B, 0x354A, 0x2CEA, 0x2C69, 0xE77D, 0xFFFF, 0xFFFF, 0xFFFF, 0xFFFF, 0xFFFF, 0xFFFF, 0xFFFF, 0xFFFF, 0xFFFF,
    0xFFFF, 0xFFFF, 0xFFFF, 0x4D0E, 0x14A9, 0x1D2B, 0x1D0B, 0x1D0B, 0x1D0B, 0x150B, 0x14EB, 0x14EB, 0x14EB, 0x14EB, 0x14EB, 0x14EB,
    0x14CB, 0x0CCB, 0x0CCB, 0x0CCB, 0x0CCB, 0x0CCB, 0x0CCB, 0x0CCB, 0x0CCB, 0x0CCB, 0x0CCB, 0x0CCB, 0x0CCB, 0x0CCB, 0x0CCB, 0x0CCB,
    0x0CCB, 0x0CCB, 0x0CCB, 0x0CCB, 0x0CCB, 0x0CCB, 0x0CCB, 0x0CCB, 0x0CCB, 0x0CAB, 0x0CAB, 0x0CAB, 0x0CAB, 0x0CAB, 0x0C8B, 0x0C8B,
    0x0C8B, 0x0C8B, 0x0C8B, 0x0C6B, 0x0C6A, 0x0C6A, 0x0C4A, 0x0C4A, 0x0C4A, 0x0C2A, 0x0C2A, 0x0C2A, 0x0C0A, 0x0C0A, 0x0C09, 0x0BE9,
    0x0BE9, 0x0BE9, 0x0BC9, 0x0BC9, 0x0BC9, 0x0BA9, 0x0BA9, 0x0B88, 0x6D08, 0x6D49, 0x6D49, 0x7569, 0x7569, 0x7589, 0x7589, 0x75A9,
    0x75A9, 0x75C9, 0x75C9, 0x75C9, 0x75E9, 0x75E9, 0x75E9, 0x7609, 0x7609, 0x7629, 0x7629, 0x7629, 0x7629, 0x7649, 0x7649, 0x7649,
    0x7649, 0x6E69, 0x6E69, 0x6E69, 0x6E69, 0x6E69, 0x6E69, 0x6E69, 0x6E69, 0x6E69, 0x6E69, 0x6E6A, 0x6E6A, 0x666A, 0x666A, 0x666A,
    0x666A, 0x666A, 0x664A, 0x664A, 0x5E4A, 0x5E4A, 0x5E4A, 0x5E4A, 0x5E2A, 0x5E2A, 0x5E2A, 0x562A, 0x562A, 0x562A, 0x560A, 0x560A,
    0x560A, 0x560A, 0x4E0A, 0x4E0A, 0x4DEA, 0x4DEA, 0x4DEA, 0x4DEA, 0x4DEA, 0x4DEA, 0x45CA, 0x45CA, 0x45CA, 0x45CB, 0x2D08, 0x9E75,
    0xFFFF, 0xFFFF, 0xFFFF, 0xFFFF, 0xFFFF, 0xFFFF, 0xFFFF, 0xFFFF, 0xFFFF, 0xFFFF, 0xFFFF, 0xFFFF, 0x5D2E, 0x24C9, 0x356B, 0x2D6B,
    0x2D2A, 0x1C48, 0xC6D9, 0xFFFF, 0xFFFF, 0xFFFF, 0xFFFF, 0xFFFF, 0xFFFF, 0xFFFF, 0xFFFF, 0xFFFF, 0xFFFF, 0xFFFF, 0xFFFF, 0x6570,
    0x0C89, 0x1D0B, 0x1D0B, 0x1D0B, 0x150B, 0x14EB, 0x14EB, 0x14EB, 0x14EB, 0x14EB, 0x14EB, 0x14CB, 0x0CCB, 0x0CCB, 0x0CCB, 0x0CCB,
    0x0CCB, 0x0CCB, 0x0CCB, 0x0CCB, 0x0CCB, 0x0CCB, 0x0CCB, 0x0CCB, 0x0CCB, 0x0CCB, 0x0CCB, 0x0CCB, 0x0CCB, 0x0CCB, 0x0CCB, 0x0CCB,
    0x0CCB, 0x0CCB, 0x0CCB, 0x0CCB, 0x0CCB, 0x0CAB, 0x0CAB, 0x0CAB, 0x0CAB, 0x0CAB, 0x0C8B, 0x0C8B, 0x0C8B, 0x0C8B, 0x0C8B, 0x0C6B,
    0x0C6A, 0x0C6A, 0x0C4A, 0x0C4A, 0x0C4A, 0x0C2A, 0x0C2A, 0x0C2A, 0x0C0A, 0x0C0A, 0x0C09, 0x0BE9, 0x0BE9, 0x0BE9, 0x0BC9, 0x0BC9,
    0x0BC9, 0x0BA9, 0x0BA9, 0x0B68, 0x5C48, 0x6D48, 0x6D48, 0x6D69, 0x6D69, 0x6D89, 0x7589, 0x75A9, 0x75A9, 0x75C9, 0x75C9, 0x75C9,
    0x75E9, 0x75E9, 0x75E9, 0x7609, 0x7609, 0x7629, 0x7629, 0x7629, 0x7629, 0x7649, 0x6E49, 0x6E49, 0x6E49, 0x6E49, 0x6E69, 0x6E69,
    0x6E69, 0x6E69, 0x6E69, 0x6E69, 0x6E69, 0x6E69, 0x6E69, 0x6E6A, 0x666A, 0x666A, 0x666A, 0x666A, 0x666A, 0x664A, 0x664A, 0x5E4A,
    0x5E4A, 0x5E4A, 0x5E4A, 0x5E2A, 0x5E2A, 0x5E2A, 0x562A, 0x562A, 0x562A, 0x560A, 0x560A, 0x560A, 0x560A, 0x4E0A, 0x4E0A, 0x4DEA,
    0x4DEA, 0x4DEA, 0x4DEA, 0x4DEA, 0x4DEA, 0x45CA, 0x45CA, 0x45CA, 0x45CA, 0x45CB, 0x2CE8, 0xA695, 0xFFFF, 0xFFFF, 0xFFFF, 0xFFFF,
    0xFFFF, 0xFFFF, 0xFFFF, 0xFFFF, 0xFFFF, 0xFFFF, 0xFFFF, 0xFFFF, 0x5D4E, 0x24E9, 0x356B, 0x2D6B, 0x2D4B, 0x1C68, 0xB697, 0xFFFF,
    0xFFFF, 0xFFFF, 0xFFFF, 0xFFFF, 0xFFFF, 0xFFFF, 0xFFFF, 0xFFFF, 0xFFFF, 0xFFFF, 0xFFFF, 0x75B2, 0x0C69, 0x1D0B, 0x1D0B, 0x150B,
    0x14EB, 0x14EB, 0x14EB, 0x14EB, 0x14EB, 0x14EB, 0x14CB, 0x0CCB, 0x0CCB, 0x0CCB, 0x0CCB, 0x0CCB, 0x0CCB, 0x0CCB, 0x0CCB, 0x0CCB,
    0x0CCB, 0x0CCB, 0x0CCB, 0x0CCB, 0x0CCB, 0x0CCB, 0x0CCB, 0x0CCB, 0x0CCB, 0x0CCB, 0x0CCB, 0x0CCB, 0x0CCB, 0x0CCB, 0x0CCB, 0x0CCB,
    0x0CCB, 0x0CAB, 0x0CAB, 0x0CAB, 0x0CAB, 0x0CAB, 0x0C8B, 0x0C8B, 0x0C8B, 0x0C8B, 0x0C6B, 0x0C6B, 0x0C6A, 0x0C6A, 0x0C4A, 0x0C4A,
    0x0C4A, 0x0C2A, 0x0C2A, 0x0C2A, 0x0C0A, 0x0C0A, 0x0C09, 0x0BE9, 0x0BE9, 0x0BE9, 0x0BC9, 0x0BC9, 0x0BC9, 0x0BA9, 0x0BA9, 0x0B08,
    0x5C48, 0x6D48, 0x6D48, 0x6D68, 0x6D68, 0x6D89, 0x6D89, 0x6D89, 0x6DA9, 0x75A9, 0x75C9, 0x75C9, 0x75C9, 0x75E9, 0x75E9, 0x7609,
    0x7609, 0x7609, 0x6E29, 0x6E29, 0x6E29, 0x6E29, 0x6E49, 0x6E49, 0x6E49, 0x6E49, 0x6E69, 0x6E69, 0x6E69, 0x6E69, 0x6E69, 0x6E69,
    0x6E69, 0x6E69, 0x6669, 0x666A, 0x666A, 0x666A, 0x666A, 0x666A, 0x664A, 0x664A, 0x5E4A, 0x5E4A, 0x5E4A, 0x5E4A, 0x5E2A, 0x5E2A,
    0x5E2A, 0x562A, 0x562A, 0x562A, 0x560A, 0x560A, 0x560A, 0x560A, 0x4E0A, 0x4E0A, 0x4DEA, 0x4DEA, 0x4DEA, 0x4DEA, 0x4DEA, 0x4DEA,
    0x45CA, 0x45CA, 0x45CA, 0x45CA, 0x45CA, 0x45AB, 0x2CE8, 0xA675, 0xFFFF, 0xFFFF, 0xFFFF, 0xFFFF, 0xFFFF, 0xFFFF, 0xFFFF, 0xFFFF,
    0xFFFF, 0xFFFF, 0xFFFF, 0xFFFF, 0x656F, 0x1CC9, 0x356B, 0x2D6B, 0x2D4B, 0x1468, 0xAE97, 0xFFFF, 0xFFFF, 0xFFFF, 0xFFFF, 0xFFFF,
    0xFFFF, 0xFFFF, 0xFFFF, 0xFFFF, 0xFFFF, 0xFFFF, 0xFFFF, 0x75B2, 0x0C49, 0x1D0B, 0x150B, 0x14EB, 0x14EB, 0x14EB, 0x14EB, 0x14EB,
    0x14EB, 0x14CB, 0x0CCB, 0x0CCB, 0x0CCB, 0x0CCB, 0x0CCB, 0x0CCB, 0x0CCB, 0x0CCB, 0x0CCB, 0x0CCB, 0x0CCB, 0x0CCB, 0x0CCB, 0x0CCB,
    0x0CCB, 0x0CCB, 0x0CCB, 0x0CCB, 0x0CCB, 0x0CCB, 0x0CCB, 0x0CCB, 0x0CCB, 0x0CCB, 0x0CCB, 0x0CCB, 0x0CCB, 0x0CAB, 0x0CAB, 0x0CAB,
    0x0CAB, 0x0C8B, 0x0C8B, 0x0C8B, 0x0C8B, 0x0C8B, 0x0C6B, 0x0C6B, 0x0C6A, 0x0C6A, 0x0C4A, 0x0C4A, 0x0C4A, 0x0C2A, 0x0C2A, 0x0C2A,
    0x0C0A, 0x0C0A, 0x0C09, 0x0BE9, 0x0BE9, 0x0BE9, 0x0BC9, 0x0BC9, 0x0BC9, 0x0BA9, 0x0BA9, 0x0B08, 0x5C28, 0x6D28, 0x6D48, 0x6D68,
    0x6D68, 0x6D89, 0x6D89, 0x6D89, 0x6DA9, 0x6DA9, 0x6DC9, 0x6DC9, 0x6DC9, 0x6DE9, 0x6DE9, 0x6DE9, 0x6E09, 0x6E09, 0x6E29, 0x6E29,
    0x6E29, 0x6E29, 0x6E49, 0x6E49, 0x6E49, 0x6E49, 0x6E49, 0x6E69, 0x6E49, 0x6E69, 0x6E69, 0x6E69, 0x6E69, 0x6669, 0x6669, 0x666A,
    0x666A, 0x666A, 0x666A, 0x664A, 0x664A, 0x5E4A, 0x5E4A, 0x5E4A, 0x5E4A, 0x5E2A, 0x5E2A, 0x5E2A, 0x562A, 0x562A, 0x562A, 0x560A,
    0x560A, 0x560A, 0x560A, 0x4E0A, 0x4E0A, 0x4DEA, 0x4DEA, 0x4DEA, 0x4DEA, 0x4DEA, 0x45EA, 0x45CA, 0x45CA, 0x45CA, 0x45CA, 0x45CA,
    0x45CA, 0x45AB, 0x2CC8, 0x9E54, 0xFFFF, 0xFFFF, 0xFFFF, 0xFFFF, 0xFFFF, 0xFFFF, 0xFFFF, 0xFFFF, 0xFFFF, 0xFFFF, 0xFFFF, 0xFFFF,
    0x85F3, 0x1CA8, 0x356B, 0x2D6B, 0x2D4B, 0x1468, 0xB6B7, 0xFFFF, 0xFFFF, 0xFFFF, 0xFFFF, 0xFFFF, 0xFFFF, 0xFFFF, 0xFFFF, 0xFFFF,
    0xFFFF, 0xFFFF, 0xFFFF, 0x6D91, 0x0449, 0x1D0B, 0x14EB, 0x14EB, 0x14EB, 0x14EB, 0x14EB, 0x14EB, 0x14CB, 0x0CCB, 0x0CCB, 0x0CCB,
    0x0CCB, 0x0CCB, 0x0CCB, 0x0CCB, 0x0CCB, 0x0CCB, 0x0CCB, 0x0CCB, 0x0CCB, 0x0CCB, 0x0CCB, 0x0CCB, 0x0CCB, 0x0CCB, 0x0CCB, 0x0CCB,
    0x0CCB, 0x0CCB, 0x0CCB, 0x0CCB, 0x0CCB, 0x0CCB, 0x0CCB, 0x0CCB, 0x0CCB, 0x0CAB, 0x0CAB, 0x0CAB, 0x0CAB, 0x0C8B, 0x0C8B, 0x0C8B,
    0x0C8B, 0x0C8B, 0x0C6B, 0x0C6B, 0x0C6A, 0x0C6A, 0x0C4A, 0x0C4A, 0x0C4A, 0x0C2A, 0x0C2A, 0x0C2A, 0x0C0A, 0x0C0A, 0x0C09, 0x0BE9,
    0x0BE9, 0x0BE9, 0x0BC9, 0x0BC9, 0x0BC9, 0x0BA9, 0x0BA9, 0x0AE8, 0x4327, 0x6D28, 0x6D28, 0x6D48, 0x6D68, 0x6D68, 0x6D88, 0x6D88,
    0x6DA9, 0x6DA9, 0x6DA9, 0x6DC9, 0x6DC9, 0x6DE9, 0x6DE9, 0x6DE9, 0x6E09, 0x6E09, 0x6E09, 0x6E29, 0x6E29, 0x6E29, 0x6E29, 0x6E49,
    0x6E49, 0x6E49, 0x6E49, 0x6E49, 0x6E49, 0x6E49, 0x6E49, 0x6669, 0x6669, 0x6669, 0x666A, 0x664A, 0x666A, 0x666A, 0x664A, 0x664A,
    0x5E4A, 0x5E4A, 0x5E4A, 0x5E4A, 0x5E2A, 0x5E2A, 0x5E2A, 0x562A, 0x562A, 0x562A, 0x560A, 0x560A, 0x560A, 0x560A, 0x4E0A, 0x4E0A,
    0x4DEA, 0x4DEA, 0x4DEA, 0x4DEA, 0x4DEA, 0x45EA, 0x45CA, 0x45CA, 0x45CA, 0x45CA, 0x45CA, 0x45CA, 0x45AA, 0x45AB, 0x2CE8, 0x8DF2,
    0xFFFF, 0xFFFF, 0xFFFF, 0xFFFF, 0xFFFF, 0xFFFF, 0xFFFF, 0xFFFF, 0xFFFF, 0xFFFF, 0xEF9D, 0xDF5B, 0x7DD2, 0x1CC9, 0x2D4B, 0x2D4B,
    0x2D4B, 0x1C89, 0xC6F9, 0xFFFF, 0xFFFF, 0xFFFF, 0xFFFF, 0xFFFF, 0xFFFF, 0xFFFF, 0xFFFF, 0xFFFF, 0xFFFF, 0xFFFF, 0xFFFF, 0x5D50,
    0x0C69, 0x1D0B, 0x14EB, 0x14EB, 0x14EB, 0x14EB, 0x14EB, 0x14CB, 0x0CCB, 0x0CCB, 0x0CCB, 0x0CCB, 0x0CCB, 0x0CCB, 0x0CCB, 0x0CCB,
    0x0CCB, 0x0CCB, 0x0CCB, 0x0CCB, 0x0CCB, 0x0CCB, 0x0CCB, 0x0CCB, 0x0CCB, 0x0CCB, 0x0CCB, 0x0CCB, 0x0CCB, 0x0CCB, 0x0CCB, 0x0CCB,
    0x0CCB, 0x0CCB, 0x0CCB, 0x0CCB, 0x0CCB, 0x0CAB, 0x0CAB, 0x0CAB, 0x0CAB, 0x0C8B, 0x0C8B, 0x0C8B, 0x0C8B, 0x0C8B, 0x0C6B, 0x0C6B,
    0x0C6A, 0x0C6A, 0x0C4A, 0x0C4A, 0x0C4A, 0x0C2A, 0x0C2A, 0x0C2A, 0x0C0A, 0x0C0A, 0x0C09, 0x0BE9, 0x0BE9, 0x0BE9, 0x0BC9, 0x0BC9,
    0x0BC9, 0x0BA9, 0x0BA9, 0x1247, 0x4327, 0x6D28, 0x6D28, 0x6D48, 0x6D68, 0x6D68, 0x6D88, 0x6D88, 0x6DA8, 0x6DA8, 0x6DA9, 0x6DC9,
    0x6DC9, 0x6DC9, 0x6DE9, 0x6DE9, 0x6DE9, 0x6E09, 0x6E09, 0x6E29, 0x6E29, 0x6E29, 0x6E29, 0x6E49, 0x6E29, 0x6E49, 0x6E49, 0x6E49,
    0x6E49, 0x6649, 0x6649, 0x6649, 0x6649, 0x666A, 0x664A, 0x664A, 0x664A, 0x664A, 0x664A, 0x5E4A, 0x5E4A, 0x5E4A, 0x5E4A, 0x5E2A,
    0x5E2A, 0x5E2A, 0x562A, 0x562A, 0x562A, 0x560A, 0x560A, 0x560A, 0x560A, 0x4E0A, 0x4E0A, 0x4DEA, 0x4DEA, 0x4DEA, 0x4DEA, 0x4DEA,
    0x45EA, 0x45CA, 0x45CA, 0x45CA, 0x45CA, 0x45CA, 0x45CA, 0x45AA, 0x3DAA, 0x45AB, 0x2D08, 0x6D8F, 0xFFFF, 0xFFDF, 0xE79D, 0xD73B,
    0xBED8, 0xA655, 0x8DD3, 0x7550, 0x54CD, 0x448B, 0x2C49, 0x2428, 0x2489, 0x2D0A, 0x2D4B, 0x2D4B, 0x252A, 0x2CAA, 0xE79D, 0xFFFF,
    0xFFFF, 0xFFFF, 0xFFFF, 0xFFFF, 0xFFFF, 0xFFFF, 0xFFFF, 0xFFFF, 0xFFFF, 0xFFFF, 0xFFFF, 0x44CD, 0x0C69, 0x14EB, 0x14EB, 0x14EB,
    0x14EB, 0x14EB, 0x0CCB, 0x0CCB, 0x0CCB, 0x0CCB, 0x0CCB, 0x0CCB, 0x0CCB, 0x0CCB, 0x0CCB, 0x0CCB, 0x0CCB, 0x0CCB, 0x0CCB, 0x0CCB,
    0x0CCB, 0x0CCB, 0x0CCB, 0x0CCB, 0x0CCB, 0x0CCB, 0x0CCB, 0x0CCB, 0x0CCB, 0x0CCB, 0x0CCB, 0x0CCB, 0x0CCB, 0x0CCB, 0x0CCB, 0x0CCB,
    0x0CAB, 0x0CAB, 0x0CAB, 0x0CAB, 0x0CAB, 0x0C8B, 0x0C8B, 0x0C8B, 0x0C8B, 0x0C8B, 0x0C6B, 0x0C6B, 0x0C6A, 0x0C6A, 0x0C4A, 0x0C4A,
    0x0C4A, 0x0C2A, 0x0C2A, 0x0C2A, 0x0C0A, 0x0C0A, 0x0C09, 0x0BE9, 0x0BE9, 0x0BE9, 0x0BC9, 0x0BC9, 0x0BA9, 0x0BA9, 0x0BA9, 0x1247,
    0x3246, 0x6D28, 0x6D28, 0x6D48, 0x6D68, 0x6D68, 0x6D68, 0x6D88, 0x6D88, 0x6DA8, 0x6DA8, 0x6DC8, 0x6DC8, 0x6DC9, 0x6DE9, 0x6DE8,
    0x6DE9, 0x6E09, 0x6E09, 0x6E09, 0x6E09, 0x6E29, 0x6E29, 0x6E29, 0x6E29, 0x6E29, 0x6E49, 0x6649, 0x6649, 0x6649, 0x6649, 0x6649,
    0x664A, 0x664A, 0x664A, 0x664A, 0x664A, 0x664A, 0x5E4A, 0x5E4A, 0x5E4A, 0x5E4A, 0x5E2A, 0x5E2A, 0x5E2A, 0x562A, 0x562A, 0x562A,
    0x560A, 0x560A, 0x560A, 0x560A, 0x4E0A, 0x4E0A, 0x4DEA, 0x4DEA, 0x4DEA, 0x4DEA, 0x4DEA, 0x45EA, 0x45CA, 0x45CA, 0x45CA, 0x45CA,
    0x45CA, 0x45CA, 0x45CA, 0x3DAA, 0x3DAA, 0x3DAB, 0x354A, 0x3CEA, 0x5D2D, 0x448B, 0x3449, 0x2407, 0x1C07, 0x1C06, 0x1407, 0x1C27,
    0x1C48, 0x2468, 0x24A9, 0x2CCA, 0x2D0A, 0x2D2B, 0x2D4B, 0x2D4B, 0x1CE9, 0x4D2D, 0xFFFF, 0xFFFF, 0xFFFF, 0xFFFF, 0xFFFF, 0xFFFF,
    0xFFFF, 0xFFFF, 0xFFFF, 0xFFFF, 0xFFFF, 0xFFFF, 0xEFBE, 0x246B, 0x0C8A, 0x14EB, 0x14EB, 0x14EB, 0x14EB, 0x0CCB, 0x0CCB, 0x0CCB,
    0x0CCB, 0x0CCB, 0x0CCB, 0x0CCB, 0x0CCB, 0x0CCB, 0x0CCB, 0x0CCB, 0x0CCB, 0x0CCB, 0x0CCB, 0x0CCB, 0x0CCB, 0x0CCB, 0x0CCB, 0x0CCB,
    0x0CCB, 0x0CCB, 0x0CCB, 0x0CCB, 0x0CCB, 0x0CCB, 0x0CCB, 0x0CCB, 0x0CCB, 0x0CCB, 0x0CCB, 0x0CCB, 0x0CAB, 0x0CAB, 0x0CAB, 0x0CAB,
    0x0CAB, 0x0C8B, 0x0C8B, 0x0C8B, 0x0C8B, 0x0C6B, 0x0C6B, 0x0C6B, 0x0C6A, 0x0C4A, 0x0C4A, 0x0C4A, 0x0C4A, 0x0C2A, 0x0C2A, 0x0C2A,
    0x0C0A, 0x0C0A, 0x0C09, 0x0BE9, 0x0BE9, 0x0BE9, 0x0BC9, 0x0BC9, 0x0BA9, 0x0BA9, 0x0BA9, 0x11C6, 0x29E6, 0x6528, 0x6D28, 0x6D48,
    0x6D48, 0x6D68, 0x6D68, 0x6D88, 0x6D88, 0x6DA8, 0x6DA8, 0x6DC8, 0x6DC8, 0x6DC8, 0x6DC8, 0x6DE8, 0x6DE8, 0x6DE9, 0x6E08, 0x6E09,
    0x6E09, 0x6E09, 0x6E29, 0x6E29, 0x6629, 0x6629, 0x6629, 0x6649, 0x6649, 0x6649, 0x6649, 0x6649, 0x664A, 0x664A, 0x664A, 0x664A,
    0x664A, 0x5E4A, 0x5E4A, 0x5E4A, 0x5E4A, 0x5E2A, 0x5E2A, 0x5E2A, 0x562A, 0x562A, 0x562A, 0x560A, 0x560A, 0x560A, 0x560A, 0x4E0A,
    0x4E0A, 0x4DEA, 0x4DEA, 0x4DEA, 0x4DEA, 0x4DEA, 0x45EA, 0x45CA, 0x45CA, 0x45CA, 0x45CA, 0x45CA, 0x45CA, 0x45CA, 0x3DAA, 0x3DAA,
    0x3DAA, 0x3DAA, 0x3D8A, 0x3529, 0x24A8, 0x2CA8, 0x2CC9, 0x2CE9, 0x350A, 0x350A, 0x352A, 0x352A, 0x2D2A, 0x2D4A, 0x2D4B, 0x2D4B,
    0x2D4B, 0x2D4B, 0x2D4B, 0x2D4B, 0x1488, 0x8613, 0xFFFF, 0xFFFF, 0xFFFF, 0xFFFF, 0xFFFF, 0xFFFF, 0xFFFF, 0xFFFF, 0xFFFF, 0xFFFF,
    0xFFFF, 0xFFFF, 0xCF1A, 0x0C09, 0x14CB, 0x14EB, 0x14EB, 0x14EB, 0x0CCB, 0x0CCB, 0x0CCB, 0x0CCB, 0x0CCB, 0x0CCB, 0x0CCB, 0x0CCB,
    0x0CCB, 0x0CCB, 0x0CCB, 0x0CCB, 0x0CCB, 0x0CCB, 0x0CCB, 0x0CCB, 0x0CCB, 0x0CCB, 0x0CCB, 0x0CCB, 0x0CCB, 0x0CCB, 0x0CCB, 0x0CCB,
    0x0CCB, 0x0CCB, 0x0CCB, 0x0CCB, 0x0CCB, 0x0CCB, 0x0CCB, 0x0CCB, 0x0CAB, 0x0CAB, 0x0CAB, 0x0CAB, 0x0CAB, 0x0C8B, 0x0C8B, 0x0C8B,
    0x0C8B, 0x0C8B, 0x0C6B, 0x0C6A, 0x0C6A, 0x0C4A, 0x0C4A, 0x0C4A, 0x0C4A, 0x0C2A, 0x0C2A, 0x0C2A, 0x0C0A, 0x0C0A, 0x0C09, 0x0BE9,
    0x0BE9, 0x0BC9, 0x0BC9, 0x0BC9, 0x0BA9, 0x0BA9, 0x0B88, 0x1186, 0x2166, 0x64E8, 0x6528, 0x6528, 0x6548, 0x6568, 0x6D68, 0x6D88,
    0x6D88, 0x6D88, 0x6DA8, 0x6DA8, 0x6DC8, 0x6DC8, 0x6DC8, 0x6DE8, 0x6DE8, 0x6DE8, 0x6E08, 0x6E09, 0x6609, 0x6609, 0x6629, 0x6629,
    0x6629, 0x6629, 0x6629, 0x6629, 0x6649, 0x6649, 0x6649, 0x6649, 0x6649, 0x664A, 0x664A, 0x5E4A, 0x5E4A, 0x5E4A, 0x5E4A, 0x5E4A,
    0x5E2A, 0x5E2A, 0x5E2A, 0x562A, 0x562A, 0x562A, 0x560A, 0x560A, 0x560A, 0x560A, 0x4E0A, 0x4E0A, 0x4DEA, 0x4DEA, 0x4DEA, 0x4DEA,
    0x4DEA, 0x45EA, 0x45CA, 0x45CA, 0x45CA, 0x45CA, 0x45CA, 0x45CA, 0x45CA, 0x3DAA, 0x3DAA, 0x3DAA, 0x3DAA, 0x3DAA, 0x3D8A, 0x358A,
    0x356B, 0x356A, 0x356A, 0x356A, 0x356B, 0x356B, 0x356B, 0x2D6B, 0x2D6B, 0x2D6B, 0x2D4B, 0x2D4B, 0x2D4B, 0x2D4B, 0x254B, 0x252B,
    0x1C89, 0xD73B, 0xFFFF, 0xFFFF, 0xFFFF, 0xFFFF, 0xFFFF, 0xFFFF, 0xFFFF, 0xFFFF, 0xFFFF, 0xFFFF, 0xFFFF, 0xFFFF, 0x9615, 0x0408,
    0x14CB, 0x14EB, 0x14EB, 0x0CCB, 0x0CCB, 0x0CCB, 0x0CCB, 0x0CCB, 0x0CCB, 0x0CCB, 0x0CCB, 0x0CCB, 0x0CCB, 0x0CCB, 0x0CCB, 0x0CCB,
    0x0CCB, 0x0CCB, 0x0CCB, 0x0CCB, 0x0CCB, 0x0CCB, 0x0CCB, 0x0CCB, 0x0CCB, 0x0CCB, 0x0CCB, 0x0CCB, 0x0CCB, 0x0CCB, 0x0CCB, 0x0CCB,
    0x0CCB, 0x0CCB, 0x0CCB, 0x0CCB, 0x0CAB, 0x0CAB, 0x0CAB, 0x0CAB, 0x0CAB, 0x0C8B, 0x0C8B, 0x0C8B, 0x0C8B, 0x0C6B, 0x0C6B, 0x0C6A,
    0x0C6A, 0x0C4A, 0x0C4A, 0x0C4A, 0x0C2A, 0x0C2A, 0x0C2A, 0x0C2A, 0x0C0A, 0x0C09, 0x0BE9, 0x0BE9, 0x0BE9, 0x0BC9, 0x0BC9, 0x0BC9,
    0x0BA9, 0x0BA9, 0x0B68, 0x1926, 0x1905, 0x5C87, 0x6528, 0x6528, 0x6548, 0x6568, 0x6568, 0x6568, 0x6588, 0x6588, 0x65A8, 0x65A8,
    0x65A8, 0x65C8, 0x65C8, 0x65C8, 0x65E8, 0x65E8, 0x65E8, 0x6609, 0x6609, 0x6609, 0x6609, 0x6629, 0x6629, 0x6629, 0x6629, 0x6629,
    0x6629, 0x6629, 0x6629, 0x6629, 0x6629, 0x5E4A, 0x5E4A, 0x5E4A, 0x5E4A, 0x5E2A, 0x5E4A, 0x5E2A, 0x5E2A, 0x5E2A, 0x562A, 0x562A,
    0x562A, 0x560A, 0x560A, 0x560A, 0x560A, 0x4E0A, 0x4E0A, 0x4DEA, 0x4DEA, 0x4DEA, 0x4DEA, 0x4DEA, 0x45EA, 0x45CA, 0x45CA, 0x45CA,
    0x45CA, 0x45CA, 0x45CA, 0x3DCA, 0x3DAA, 0x3DAA, 0x3DAA, 0x3DAA, 0x3DAA, 0x3DAB, 0x3D8B, 0x358B, 0x358B, 0x358B, 0x358B, 0x356B,
    0x356B, 0x356B, 0x2D6B, 0x2D6B, 0x2D6B, 0x2D4B, 0x2D4B, 0x2D4B, 0x2D4B, 0x254B, 0x2D4B, 0x1CC9, 0x554E, 0xFFFF, 0xFFFF, 0xFFFF,
    0xFFFF, 0xFFFF, 0xFFFF, 0xFFFF, 0xFFFF, 0xFFFF, 0xFFFF, 0xFFFF, 0xFFFF, 0xFFFF, 0x4CCE, 0x0449, 0x14EB, 0x14EB, 0x0CCB, 0x0CCB,
    0x0CCB, 0x0CCB, 0x0CCB, 0x0CCB, 0x0CCB, 0x0CCB, 0x0CCB, 0x0CCB, 0x0CCB, 0x0CCB, 0x0CCB, 0x0CCB, 0x0CCB, 0x0CCB, 0x0CCB, 0x0CCB,
    0x0CCB, 0x0CCB, 0x0CCB, 0x0CCB, 0x0CCB, 0x0CCB, 0x0CCB, 0x0CCB, 0x0CCB, 0x0CCB, 0x0CCB, 0x0CCB, 0x0CCB, 0x0CCB, 0x0CCB, 0x0CAB,
    0x0CAB, 0x0CAB, 0x0CAB, 0x0CAB, 0x0C8B, 0x0C8B, 0x0C8B, 0x0C8B, 0x0C8B, 0x0C6B, 0x0C6B, 0x0C6A, 0x0C6A, 0x0C4A, 0x0C4A, 0x0C4A,
    0x0C2A, 0x0C2A, 0x0C2A, 0x0C0A, 0x0C0A, 0x0C09, 0x0BE9, 0x0BE9, 0x0BE9, 0x0BC9, 0x0BC9, 0x0BC9, 0x0BA9, 0x0BA9, 0x0B28, 0x18E5,
    0x18C5, 0x4BE7, 0x6528, 0x6528, 0x6548, 0x6548, 0x6568, 0x6568, 0x6588, 0x6588, 0x65A8, 0x65A8, 0x65A8, 0x65C8, 0x65C8, 0x65C8,
    0x65E8, 0x65E8, 0x65E8, 0x65E9, 0x6609, 0x6609, 0x6609, 0x6609, 0x6629, 0x6629, 0x6629, 0x6629, 0x6629, 0x6629, 0x6629, 0x6629,
    0x5E29, 0x5E2A, 0x5E2A, 0x5E2A, 0x5E2A, 0x5E2A, 0x5E2A, 0x5E2A, 0x5E2A, 0x562A, 0x562A, 0x562A, 0x560A, 0x560A, 0x560A, 0x560A,
    0x4E0A, 0x4E0A, 0x4DEA, 0x4DEA, 0x4DEA, 0x4DEA, 0x4DEA, 0x45EA, 0x45CA, 0x45CA, 0x45CA, 0x45CA, 0x45CA, 0x45CA, 0x3DCA, 0x3DAA,
    0x3DAA, 0x3DAA, 0x3DAA, 0x3DAA, 0x3DAB, 0x3D8B, 0x358B, 0x358B, 0x358B, 0x358B, 0x356B, 0x356B, 0x356B, 0x2D6B, 0x2D6B, 0x2D6B,
    0x2D4B, 0x2D4B, 0x2D4B, 0x2D4B, 0x254B, 0x254B, 0x2D4B, 0x1488, 0xAEB7, 0xFFFF, 0xFFFF, 0xFFFF, 0xFFFF, 0xFFFF, 0xFFFF, 0xFFFF,
    0xFFFF, 0xFFFF, 0xFFFF, 0xFFFF, 0xFFFF, 0xDF5C, 0x1409, 0x148B, 0x14CB, 0x0CCB, 0x0CCB, 0x0CCB, 0x0CCB, 0x0CCB, 0x0CCB, 0x0CCB,
    0x0CCB, 0x0CCB, 0x0CCB, 0x0CCB, 0x0CCB, 0x0CCB, 0x0CCB, 0x0CCB, 0x0CCB, 0x0CCB, 0x0CCB, 0x0CCB, 0x0CCB, 0x0CCB, 0x0CCB, 0x0CCB,
    0x0CCB, 0x0CCB, 0x0CCB, 0x0CCB, 0x0CCB, 0x0CCB, 0x0CCB, 0x0CCB, 0x0CCB, 0x0CCB, 0x0CCB, 0x0CAB, 0x0CAB, 0x0CAB, 0x0CAB, 0x0CAB,
    0x0C8B, 0x0C8B, 0x0C8B, 0x0C8B, 0x0C8B, 0x0C6B, 0x0C6B, 0x0C6A, 0x0C6A, 0x0C4A, 0x0C4A, 0x0C4A, 0x0C2A, 0x0C2A, 0x0C2A, 0x0C0A,
    0x0C0A, 0x0C09, 0x0BE9, 0x0BE9, 0x0BE9, 0x0BC9, 0x0BC9, 0x0BC9, 0x0BA9, 0x0BA9, 0x0AC8, 0x18C5, 0x18C5, 0x4327, 0x6528, 0x6528,
    0x6548, 0x6548, 0x6568, 0x6568, 0x6568, 0x6588, 0x6588, 0x65A8, 0x65A8, 0x65A8, 0x65C8, 0x65C8, 0x65C8, 0x65E8, 0x65E8, 0x65E8,
    0x65E9, 0x6609, 0x6609, 0x6609, 0x6609, 0x6629, 0x6609, 0x6629, 0x6629, 0x6629, 0x5E29, 0x5E29, 0x5E2A, 0x5E2A, 0x5E2A, 0x5E2A,
    0x5E2A, 0x5E2A, 0x5E2A, 0x5E2A, 0x562A, 0x562A, 0x562A, 0x560A, 0x560A, 0x560A, 0x560A, 0x4E0A, 0x4E0A, 0x4DEA, 0x4DEA, 0x4DEA,
    0x4DEA, 0x4DEA, 0x45EA, 0x45CA, 0x45CA, 0x45CA, 0x45CA, 0x45CA, 0x45CA, 0x3DAA, 0x3DAA, 0x3DAA, 0x3DAA, 0x3DAA, 0x3DAA, 0x3DAB,
    0x3D8B, 0x358B, 0x358B, 0x358B, 0x358B, 0x356B, 0x356B, 0x356B, 0x2D6B, 0x2D6B, 0x2D6B, 0x2D4B, 0x2D4B, 0x2D4B, 0x2D4B, 0x254B,
    0x254B, 0x254B, 0x1CEA, 0x3CEC, 0xF7DE, 0xFFFF, 0xFFFF, 0xFFFF, 0xFFFF, 0xFFFF, 0xFFFF, 0xFFFF, 0xFFFF, 0xFFFF, 0xFFFF, 0xFFFF,
    0xFFFF, 0x7DB3, 0x03E8, 0x14CB, 0x0CCB, 0x0CCB, 0x0CCB, 0x0CCB, 0x0CCB, 0x0CCB, 0x0CCB, 0x0CCB, 0x0CCB, 0x0CCB, 0x0CCB, 0x0CCB,
    0x0CCB, 0x0CCB, 0x0CCB, 0x0CCB, 0x0CCB, 0x0CCB, 0x0CCB, 0x0CCB, 0x0CCB, 0x0CCB, 0x0CCB, 0x0CCB, 0x0CCB, 0x0CCB, 0x0CCB, 0x0CCB,
    0x0CCB, 0x0CCB, 0x0CCB, 0x0CCB, 0x0CCB, 0x0CCB, 0x0CCB, 0x0CAB, 0x0CAB, 0x0CAB, 0x0CAB, 0x0CAB, 0x0C8B, 0x0C8B, 0x0C8B, 0x0C8B,
    0x0C8B, 0x0C6B, 0x0C6B, 0x0C6A, 0x0C4A, 0x0C4A, 0x0C4A, 0x0C2A, 0x0C2A, 0x0C2A, 0x0C2A, 0x0C0A, 0x0C0A, 0x0C09, 0x0BE9, 0x0BE9,
    0x0BE9, 0x0BC9, 0x0BC9, 0x0BC9, 0x0BA9, 0x0BA9, 0x1267, 0x18C5, 0x18C5, 0x3AA6, 0x6508, 0x6528, 0x6548, 0x6548, 0x6548, 0x6568,
    0x6568, 0x6588, 0x6588, 0x65A8, 0x65A8, 0x65A8, 0x65C8, 0x65C8, 0x65C8, 0x65C8, 0x65E8, 0x65E8, 0x65E9, 0x65E9, 0x6609, 0x6609,
    0x6609, 0x6609, 0x6609, 0x6609, 0x5E09, 0x5E29, 0x5E29, 0x5E2A, 0x5E2A, 0x5E2A, 0x5E2A, 0x5E2A, 0x5E2A, 0x5E2A, 0x5E2A, 0x562A,
    0x562A, 0x562A, 0x560A, 0x560A, 0x560A, 0x560A, 0x4E0A, 0x4E0A, 0x4DEA, 0x4DEA, 0x4DEA, 0x4DEA, 0x4DEA, 0x45EA, 0x45CA, 0x45CA,
    0x45CA, 0x45CA, 0x45CA, 0x45CA, 0x3DAA, 0x3DAA, 0x3DAA, 0x3DAA, 0x3DAA, 0x3DAA, 0x3DAB, 0x3D8B, 0x358B, 0x358B, 0x358B, 0x358B,
    0x358B, 0x356B, 0x356B, 0x2D6B, 0x2D6B, 0x2D6B, 0x2D4B, 0x2D4B, 0x2D4B, 0x2D4B, 0x254B, 0x254B, 0x252B, 0x254B, 0x0C89, 0x9E76,
    0xFFFF, 0xFFFF, 0xFFFF, 0xFFFF, 0xFFFF, 0xFFFF, 0xFFFF, 0xFFFF, 0xFFFF, 0xFFFF, 0xFFFF, 0xFFFF, 0xEFBE, 0x242B, 0x0C6A, 0x14CB,
    0x0CCB, 0x0CCB, 0x0CCB, 0x0CCB, 0x0CCB, 0x0CCB, 0x0CCB, 0x0CCB, 0x0CCB, 0x0CCB, 0x0CCB, 0x0CCB, 0x0CCB, 0x0CCB, 0x0CCB, 0x0CCB,
    0x0CCB, 0x0CCB, 0x0CCB, 0x0CCB, 0x0CCB, 0x0CCB, 0x0CCB, 0x0CCB, 0x0CCB, 0x0CCB, 0x0CCB, 0x0CCB, 0x0CCB, 0x0CCB, 0x0CCB, 0x0CCB,
    0x0CCB, 0x0CCB, 0x0CAB, 0x0CAB, 0x0CAB, 0x0CAB, 0x0CAB, 0x0C8B, 0x0C8B, 0x0C8B, 0x0C8B, 0x0C8B, 0x0C8B, 0x0C6B, 0x0C6A, 0x0C6A,
    0x0C4A, 0x0C4A, 0x0C4A, 0x0C4A, 0x0C2A, 0x0C2A, 0x0C2A, 0x0C0A, 0x0C0A, 0x0C09, 0x0BE9, 0x0BE9, 0x0BE9, 0x0BC9, 0x0BC9, 0x0BA9,
    0x0BA9, 0x0BA9, 0x1207, 0x18C5, 0x18C5, 0x29A6, 0x5D08, 0x6528, 0x6528, 0x6548, 0x6548, 0x6568, 0x6568, 0x6588, 0x6588, 0x6588,
    0x65A8, 0x65A8, 0x65A8, 0x65C8, 0x65C8, 0x65C8, 0x65E8, 0x65E9, 0x65E9, 0x65E9, 0x65E9, 0x65E9, 0x6609, 0x6609, 0x5E09, 0x5E09,
    0x5E09, 0x5E09, 0x5E29, 0x5E0A, 0x5E2A, 0x5E2A, 0x5E2A, 0x5E2A, 0x5E2A, 0x562A, 0x562A, 0x562A, 0x562A, 0x560A, 0x560A, 0x560A,
    0x560A, 0x4E0A, 0x4E0A, 0x4DEA, 0x4DEA, 0x4DEA, 0x4DEA, 0x4DEA, 0x45EA, 0x45CA, 0x45CA, 0x45CA, 0x45CA, 0x45CA, 0x45CA, 0x45CB,
    0x45CB, 0x45AB, 0x3DAB, 0x3DAA, 0x3DAB, 0x3DAB, 0x3D8B, 0x358B, 0x358B, 0x358B, 0x358B, 0x358B, 0x356B, 0x356B, 0x2D6B, 0x2D6B,
    0x2D6B, 0x2D4B, 0x2D4B, 0x2D4B, 0x2D4B, 0x254B, 0x254B, 0x252B, 0x252B, 0x1CEA, 0x34EC, 0xF7DE, 0xFFFF, 0xFFFF, 0xFFFF, 0xFFFF,
    0xFFFF, 0xFFFF, 0xFFFF, 0xFFFF, 0xFFFF, 0xFFFF, 0xFFFF, 0xFFFF, 0x8DF4, 0x03C8, 0x14AB, 0x0CCB, 0x0CCB, 0x0CCB, 0x0CCB, 0x0CCB,
    0x0CCB, 0x0CCB, 0x0CCB, 0x0CCB, 0x0CCB, 0x0CCB, 0x0CCB, 0x0CCB, 0x0CCB, 0x0CCB, 0x0CCB, 0x0CCB, 0x0CCB, 0x0CCB, 0x0CCB, 0x0CCB,
    0x0CCB, 0x0CCB, 0x0CCB, 0x0CCB, 0x0CCB, 0x0CCB, 0x0CCB, 0x0CCB, 0x0CCB, 0x0CCB, 0x0CCB, 0x0CCB, 0x0CCB, 0x0CCB, 0x0CAB, 0x0CAB,
    0x0CAB, 0x0CAB, 0x0CAB, 0x0C8B, 0x0C8B, 0x0C8B, 0x0C8B, 0x0C8B, 0x0C6B, 0x0C6B, 0x0C6A, 0x0C6A, 0x0C4A, 0x0C4A, 0x0C4A, 0x0C2A,
    0x0C2A, 0x0C2A, 0x0C0A, 0x0C0A, 0x0C09, 0x0BE9, 0x0BE9, 0x0BE9, 0x0BC9, 0x0BC9, 0x0BC9, 0x0BA9, 0x0BA9, 0x0B88, 0x1146, 0x18C5,
    0x18C5, 0x1905, 0x5CC7, 0x6528, 0x6528, 0x6548, 0x6548, 0x6548, 0x6568, 0x6568, 0x6588, 0x6588, 0x65A8, 0x65A8, 0x65A8, 0x65C8,
    0x65C8, 0x65C8, 0x65C8, 0x65E9, 0x65E9, 0x65E9, 0x5DE9, 0x5DE9, 0x5DE9, 0x5E09, 0x5E09, 0x5E09, 0x5E09, 0x5E09, 0x5E09, 0x5E09,
    0x5E0A, 0x5E0A, 0x5E2A, 0x5E2A, 0x560A, 0x560A, 0x560A, 0x560A, 0x560A, 0x560A, 0x560A, 0x560A, 0x4E0A, 0x4E0A, 0x4DEA, 0x4DEA,
    0x4DEA, 0x4DEA, 0x4DEA, 0x45EA, 0x45CA, 0x45CA, 0x45CA, 0x45CA, 0x45CA, 0x45CB, 0x3DAA, 0x3589, 0x2D89, 0x2D69, 0x3D8A, 0x3DAB,
    0x3D8B, 0x3D8B, 0x358B, 0x358B, 0x358B, 0x358B, 0x358B, 0x356B, 0x356B, 0x2D6B, 0x2D6B, 0x2D6B, 0x2D6B, 0x2D4B, 0x2D4B, 0x2D4B,
    0x254B, 0x254B, 0x252B, 0x252B, 0x252B, 0x0C89, 0x9E76, 0xFFFF, 0xFFFF, 0xFFFF, 0xFFFF, 0xFFFF, 0xFFFF, 0xFFFF, 0xFFFF, 0xFFFF,
    0xFFFF, 0xFFFF, 0xFFFF, 0xEF9E, 0x242A, 0x0C4A, 0x14CB, 0x0CCB, 0x0CCB, 0x0CCB, 0x0CCB, 0x0CCB, 0x0CCB, 0x0CCB, 0x0CCB, 0x0CCB,
    0x0CCB, 0x0CCB, 0x0CCB, 0x0CCB, 0x0CCB, 0x0CCB, 0x0CCB, 0x0CCB, 0x0CCB, 0x0CCB, 0x0CCB, 0x0CCB, 0x0CCB, 0x0CCB, 0x0CCB, 0x0CCB,
    0x0CCB, 0x0CCB, 0x0CCB, 0x0CCB, 0x0CCB, 0x0CCB, 0x0CCB, 0x0CCB, 0x0CCB, 0x0CCB, 0x0CAB, 0x0CAB, 0x0CAB, 0x0CAB, 0x0CAB, 0x0C8B,
    0x0C8B, 0x0C8B, 0x0C8B, 0x0C8B, 0x0C6B, 0x0C6B, 0x0C6A, 0x0C6A, 0x0C4A, 0x0C4A, 0x0C4A, 0x0C2A, 0x0C2A, 0x0C2A, 0x0C0A, 0x0C0A,
    0x0C09, 0x0BE9, 0x0BE9, 0x0BE9, 0x0BC9, 0x0BC9, 0x0BC9, 0x0BA9, 0x0BA9, 0x0B68, 0x18E5, 0x18C5, 0x18E5, 0x18C5, 0x4BE7, 0x5D07,
    0x5D07, 0x5D48, 0x5D48, 0x5D48, 0x5D68, 0x6568, 0x5D88, 0x6588, 0x6588, 0x5DA8, 0x65A8, 0x5DA8, 0x5DC8, 0x5DC8, 0x5DC8, 0x5DC9,
    0x5DE9, 0x5DE9, 0x5DE9, 0x5DE9, 0x5DE9, 0x5DE9, 0x5E09, 0x5E09, 0x5E09, 0x5E09, 0x5E09, 0x5E09, 0x5E0A, 0x5E0A, 0x560A, 0x560A,
    0x560A, 0x560A, 0x560A, 0x560A, 0x560A, 0x560A, 0x560A, 0x4E0A, 0x4E0A, 0x4DEA, 0x4DEA, 0x4DEA, 0x4DEA, 0x4DEA, 0x45EA, 0x45CA,
    0x45CA, 0x45CA, 0x45CA, 0x45CA, 0x45CB, 0x3DAA, 0x45CB, 0x8EB3, 0xAEF6, 0x8EB3, 0x45CB, 0x358A, 0x3DAB, 0x358B, 0x358B, 0x358B,
    0x358B, 0x358B, 0x356B, 0x356B, 0x2D6B, 0x2D6B, 0x2D6B, 0x2D6B, 0x2D4B, 0x2D4B, 0x2D4B, 0x254B, 0x254B, 0x252B, 0x252B, 0x252B,
    0x1CEA, 0x3D0D, 0xF7DF, 0xFFFF, 0xFFFF, 0xFFFF, 0xFFFF, 0xFFFF, 0xFFFF, 0xFFFF, 0xFFFF, 0xFFFF, 0xFFFF, 0xFFFF, 0xFFFF, 0x7D92,
    0x03C8, 0x14AB, 0x0CCB, 0x0CCB, 0x0CCB, 0x0CCB, 0x0CCB, 0x0CCB, 0x0CCB, 0x0CCB, 0x0CCB, 0x0CCB, 0x0CCB, 0x0CCB, 0x0CCB, 0x0CCB,
    0x0CCB, 0x0CCB, 0x0CCB, 0x0CCB, 0x0CCB, 0x0CCB, 0x0CCB, 0x0CCB, 0x0CCB, 0x0CCB, 0x0CCB, 0x0CCB, 0x0CCB, 0x0CCB, 0x0CCB, 0x0CCB,
    0x0CCB, 0x0CCB, 0x0CCB, 0x0CCB, 0x0CCB, 0x0CAB, 0x0CAB, 0x0CAB, 0x0CAB, 0x0CAB, 0x0CAB, 0x0C8B, 0x0C8B, 0x0C8B, 0x0C8B, 0x0C6B,
    0x0C6B, 0x0C6A, 0x0C6A, 0x0C4A, 0x0C4A, 0x0C4A, 0x0C4A, 0x0C2A, 0x0C2A, 0x0C2A, 0x0C0A, 0x0C0A, 0x0C09, 0x0BE9, 0x0BE9, 0x0BE9,
    0x0BC9, 0x0BC9, 0x0BC9, 0x0BA9, 0x0BA9, 0x0AE8, 0x18C5, 0x18C5, 0x18E5, 0x18C5, 0x3AE6, 0x5D07, 0x5D07, 0x5D27, 0x5D47, 0x5D47,
    0x5D48, 0x5D68, 0x5D68, 0x5D88, 0x5D88, 0x5D88, 0x5DA8, 0x5DA8, 0x5DA8, 0x5DC8, 0x5DC8, 0x5DC9, 0x5DC9, 0x5DC9, 0x5DC9, 0x5DE9,
    0x5DE9, 0x5DE9, 0x5DE9, 0x5E09, 0x5E09, 0x5E09, 0x5E09, 0x5E09, 0x5E0A, 0x560A, 0x560A, 0x560A, 0x560A, 0x560A, 0x560A, 0x560A,
    0x560A, 0x560A, 0x4E0A, 0x4E0A, 0x4DEA, 0x4DEA, 0x4DEA, 0x4DEA, 0x4DEA, 0x45EA, 0x45CA, 0x45CA, 0x45CA, 0x45CA, 0x45CA, 0x45CA,
    0x3DAA, 0x5E0D, 0xD77A, 0x9ED5, 0x7651, 0x9ED5, 0xD77B, 0x5E0E, 0x2D6A, 0x3D8B, 0x358B, 0x358B, 0x358B, 0x356B, 0x356B, 0x2D6B,
    0x2D6B, 0x2D6B, 0x2D6B, 0x2D4B, 0x2D4B, 0x2D4B, 0x254B, 0x254B, 0x252B, 0x252B, 0x252B, 0x252B, 0x0C89, 0xB6B8, 0xFFFF, 0xFFFF,
    0xFFFF, 0xFFFF, 0xFFFF, 0xFFFF, 0xFFFF, 0xFFFF, 0xFFFF, 0xFFFF, 0xFFFF, 0xFFFF, 0xD73B, 0x0BC9, 0x0C6A, 0x0CCB, 0x0CCB, 0x0CCB,
    0x0CCB, 0x0CCB, 0x0CCB, 0x0CCB, 0x0CCB, 0x0CCB, 0x0CCB, 0x0CCB, 0x0CCB, 0x0CCB, 0x0CCB, 0x0CCB, 0x0CCB, 0x0CCB, 0x0CCB, 0x0CCB,
    0x0CCB, 0x0CCB, 0x0CCB, 0x0CCB, 0x0CCB, 0x0CCB, 0x0CCB, 0x0CCB, 0x0CCB, 0x0CCB, 0x0CCB, 0x0CCB, 0x0CCB, 0x0CCB, 0x0CCB, 0x0CCB,
    0x0CCB, 0x0CAB, 0x0CAB, 0x0CAB, 0x0CAB, 0x0CAB, 0x0C8B, 0x0C8B, 0x0C8B, 0x0C8B, 0x0C8B, 0x0C6B, 0x0C6B, 0x0C6A, 0x0C6A, 0x0C4A,
    0x0C4A, 0x0C4A, 0x0C4A, 0x0C2A, 0x0C2A, 0x0C2A, 0x0C0A, 0x0C0A, 0x0C09, 0x0BE9, 0x0BE9, 0x0BE9, 0x0BC9, 0x0BC9, 0x0BA9, 0x0BA9,
    0x0BA9, 0x1227, 0x18C5, 0x18E5, 0x18E5, 0x18C5, 0x29E6, 0x5D07, 0x5D07, 0x5D27, 0x5D27, 0x5D47, 0x5D47, 0x5D68, 0x5D68, 0x5D68,
    0x5D88, 0x5D88, 0x5D88, 0x5DA8, 0x5DA8, 0x5DA8, 0x5DC8, 0x5DC8, 0x5DC9, 0x5DC9, 0x5DC9, 0x5DC9, 0x5DE9, 0x5DE9, 0x5DE9, 0x5DE9,
    0x5DE9, 0x5DE9, 0x5DE9, 0x5609, 0x560A, 0x560A, 0x560A, 0x560A, 0x560A, 0x560A, 0x560A, 0x560A, 0x560A, 0x4E0A, 0x4DEA, 0x4DEA,
    0x4DEA, 0x4DEA, 0x4DEA, 0x4DEA, 0x45EA, 0x45CA, 0x45CA, 0x45CA, 0x45CA, 0x45CA, 0x45CA, 0x45CB, 0x3DAA, 0xCF59, 0x6E50, 0x2548,
    0x2D89, 0x2548, 0x660F, 0xCF5A, 0x358A, 0x358B, 0x358B, 0x356B, 0x356B, 0x356B, 0x2D6B, 0x2D6B, 0x2D6B, 0x2D6B, 0x2D4B, 0x2D4B,
    0x2D4B, 0x254B, 0x254B, 0x254B, 0x252B, 0x252B, 0x252B, 0x14C9, 0x4D4F, 0xFFFF, 0xFFFF, 0xFFFF, 0xFFFF, 0xFFFF, 0xFFFF, 0xFFFF,
    0xFFFF, 0xFFFF, 0xFFFF, 0xFFFF, 0xFFFF, 0xFFFF, 0x44AE, 0x03E8, 0x14AB, 0x0CCB, 0x0CCB, 0x0CCB, 0x0CCB, 0x0CCB, 0x0CCB, 0x0CCB,
    0x0CCB, 0x0CCB, 0x0CCB, 0x0CCB, 0x0CCB, 0x0CCB, 0x0CCB, 0x0CCB, 0x0CCB, 0x0CCB, 0x0CCB, 0x0CCB, 0x0CCB, 0x0CCB, 0x0CCB, 0x0CCB,
    0x0CCB, 0x0CCB, 0x0CCB, 0x0CCB, 0x0CCB, 0x0CCB, 0x0CCB, 0x0CCB, 0x0CCB, 0x0CCB, 0x0CCB, 0x0CCB, 0x0CCB, 0x0CAB, 0x0CAB, 0x0CAB,
    0x0CAB, 0x0CAB, 0x0C8B, 0x0C8B, 0x0C8B, 0x0C8B, 0x0C8B, 0x0C6B, 0x0C6B, 0x0C6A, 0x0C6A, 0x0C4A, 0x0C4A, 0x0C4A, 0x0C2A, 0x0C2A,
    0x0C2A, 0x0C0A, 0x0C0A, 0x0C0A, 0x0BE9, 0x0BE9, 0x0BE9, 0x0BC9, 0x0BC9, 0x0BC9, 0x0BA9, 0x0BA9, 0x0BA8, 0x1186, 0x18C5, 0x18C5,
    0x18C5, 0x18C5, 0x1905, 0x54C7, 0x5D07, 0x5D07, 0x5D27, 0x5D47, 0x5D47, 0x5D48, 0x5D68, 0x5D68, 0x5D68, 0x5D88, 0x5D88, 0x5D88,
    0x5D88, 0x5DA8, 0x5DA8, 0x5DA9, 0x5DC9, 0x5DC9, 0x5DC9, 0x5DC9, 0x5DC9, 0x5DE9, 0x5DE9, 0x5DE9, 0x5DE9, 0x5DE9, 0x55E9, 0x55EA,
    0x55EA, 0x560A, 0x560A, 0x55EA, 0x560A, 0x560A, 0x55EA, 0x4E0A, 0x4DEA, 0x4DEA, 0x4DEA, 0x4DEA, 0x4DEA, 0x4DEA, 0x4DEA, 0x45EA,
    0x45CA, 0x45CA, 0x45CA, 0x45CA, 0x45CA, 0x45CA, 0x45CB, 0x3589, 0x6E2F, 0xB738, 0x2D69, 0x3DAB, 0x3DAB, 0x3DAB, 0x2549, 0xAF17,
    0x6E30, 0x2569, 0x358B, 0x356B, 0x356B, 0x2D6B, 0x2D6B, 0x2D6B, 0x2D6B, 0x2D4B, 0x2D4B, 0x2D4B, 0x254B, 0x254B, 0x254B, 0x252B,
    0x252B, 0x252B, 0x250B, 0x1489, 0xCF1A, 0xFFFF, 0xFFFF, 0xFFFF, 0xFFFF, 0xFFFF, 0xFFFF, 0xFFFF, 0xFFFF, 0xFFFF, 0xFFFF, 0xFFFF,
    0xFFFF, 0x9615, 0x03A7, 0x148B, 0x0CCB, 0x0CCB, 0x0CCB, 0x0CCB, 0x0CCB, 0x0CCB, 0x0CCB, 0x0CCB, 0x0CCB, 0x0CCB, 0x0CCB, 0x0CCB,
    0x0CCB, 0x0CCB, 0x0CCB, 0x0CCB, 0x0CCB, 0x0CCB, 0x0CCB, 0x0CCB, 0x0CCB, 0x0CCB, 0x0CCB, 0x0CCB, 0x0CCB, 0x0CCB, 0x0CCB, 0x0CCB,
    0x0CCB, 0x0CCB, 0x0CCB, 0x0CCB, 0x0CCB, 0x0CCB, 0x0CCB, 0x0CCB, 0x0CAB, 0x0CAB, 0x0CAB, 0x0CAB, 0x0CAB, 0x0CAB, 0x0C8B, 0x0C8B,
    0x0C8B, 0x0C8B, 0x0C6B, 0x0C6B, 0x0C6A, 0x0C6A, 0x0C4A, 0x0C4A, 0x0C4A, 0x0C4A, 0x0C2A, 0x0C2A, 0x0C2A, 0x0C0A, 0x0C0A, 0x0C09,
    0x0BE9, 0x0BE9, 0x0BE9, 0x0BC9, 0x0BC9, 0x0BC9, 0x0BA9, 0x0BA9, 0x0B68, 0x1906, 0x18C5, 0x18C5, 0x18C5, 0x18C5, 0x18C5, 0x43C7,
    0x5D07, 0x5D07, 0x5D27, 0x5D27, 0x5D47, 0x5D48, 0x5D48, 0x5D68, 0x5D68, 0x5D68, 0x5D88, 0x5D88, 0x5D88, 0x5DA8, 0x5DA8, 0x5DA9,
    0x5DA9, 0x5DA9, 0x5DC9, 0x5DC9, 0x5DC9, 0x5DC9, 0x5DC9, 0x55C9, 0x55E9, 0x55E9, 0x55E9, 0x55EA, 0x55EA, 0x55EA, 0x55EA, 0x55EA,
    0x55EA, 0x55EA, 0x4DEA, 0x4DEA, 0x4DEA, 0x4DEA, 0x4DEA, 0x4DEA, 0x4DEA, 0x4DEA, 0x45EA, 0x45CA, 0x45CA, 0x45CA, 0x45CA, 0x45CA,
    0x45CA, 0x3DAA, 0x45AB, 0x3589, 0x7E71, 0xA6F6, 0x2D69, 0x3DAB, 0x358B, 0x3DAB, 0x2549, 0x9ED6, 0x7E52, 0x2549, 0x358B, 0x356B,
    0x2D6B, 0x2D6B, 0x2D6B, 0x2D6B, 0x2D4B, 0x2D4B, 0x2D4B, 0x254B, 0x254B, 0x254B, 0x252B, 0x252B, 0x252B, 0x252B, 0x0C89, 0x6DB1,
    0xFFFF, 0xFFFF, 0xFFFF, 0xFFFF, 0xFFFF, 0xFFFF, 0xFFFF, 0xFFFF, 0xFFFF, 0xFFFF, 0xFFFF, 0xFFFF, 0xD73B, 0x13C9, 0x0C4A, 0x0CAB,
    0x0CCB, 0x0CCB, 0x0CCB, 0x0CCB, 0x0CCB, 0x0CCB, 0x0CCB, 0x0CCB, 0x0CCB, 0x0CCB, 0x0CCB, 0x0CCB, 0x0CCB, 0x0CCB, 0x0CCB, 0x0CCB,
    0x0CCB, 0x0CCB, 0x0CCB, 0x0CCB, 0x0CCB, 0x0CCB, 0x0CCB, 0x0CCB, 0x0CCB, 0x0CCB, 0x0CCB, 0x0CCB, 0x0CCB, 0x0CCB, 0x0CCB, 0x0CCB,
    0x0CCB, 0x0CCB, 0x0CCB, 0x0CCB, 0x0CAB, 0x0CAB, 0x0CAB, 0x0CAB, 0x0CAB, 0x0C8B, 0x0C8B, 0x0C8B, 0x0C8B, 0x0C8B, 0x0C6B, 0x0C6B,
    0x0C6A, 0x0C6A, 0x0C4A, 0x0C4A, 0x0C4A, 0x0C4A, 0x0C2A, 0x0C2A, 0x0C2A, 0x0C0A, 0x0C0A, 0x0C09, 0x0BE9, 0x0BE9, 0x0BE9, 0x0BC9,
    0x0BC9, 0x0BC9, 0x0BA9, 0x0BA9, 0x0AC8, 0x18C5, 0x18C5, 0x18C5, 0x18C5, 0x18E5, 0x18C5, 0x32A6, 0x5D07, 0x5D07, 0x5D27, 0x5D27,
    0x5D27, 0x5D47, 0x5D48, 0x5D48, 0x5D68, 0x5D68, 0x5D88, 0x5D88, 0x5D88, 0x5D88, 0x5DA8, 0x5DA8, 0x5DA9, 0x5DA9, 0x5DA9, 0x5DC9,
    0x55C9, 0x55C9, 0x55C9, 0x55C9, 0x55C9, 0x55E9, 0x55E9, 0x55EA, 0x55EA, 0x55EA, 0x55EA, 0x55EA, 0x55EA, 0x4DEA, 0x4DEA, 0x4DEA,
    0x4DEA, 0x4DEA, 0x4DEA, 0x4DEA, 0x4DEA, 0x45CA, 0x45CA, 0x45CA, 0x45CA, 0x45CA, 0x45CA, 0x45CA, 0x3DAA, 0x3DAA, 0x3DAA, 0x3DAA,
    0x4DCC, 0xCF5A, 0x358A, 0x2D8A, 0x3D8B, 0x2D6A, 0x2D6A, 0xCF5A, 0x4DCD, 0x2D6A, 0x356B, 0x2D6B, 0x2D6B, 0x2D6B, 0x2D4B, 0x2D4B,
    0x2D4B, 0x2D4B, 0x254B, 0x254B, 0x254B, 0x252B, 0x252B, 0x252B, 0x252B, 0x1CEB, 0x24AA, 0xE77D, 0xFFFF, 0xFFFF, 0xFFFF, 0xFFFF,
    0xFFFF, 0xFFFF, 0xFFFF, 0xFFFF, 0xFFFF, 0xFFFF, 0xFFFF, 0xFFDF, 0x3C6D, 0x03E9, 0x14AB, 0x0CCB, 0x0CCC, 0x0CCC, 0x14EC, 0x14EC,
    0x14EC, 0x0CCC, 0x0CCB, 0x0CCB, 0x0CCB, 0x0CCB, 0x0CCB, 0x0CCB, 0x0CCB, 0x0CCB, 0x0CCB, 0x0CCB, 0x0CCB, 0x0CCB, 0x0CCB, 0x0CCB,
    0x0CCB, 0x0CCB, 0x0CCB, 0x0CCB, 0x0CCB, 0x0CCB, 0x0CCB, 0x0CCB, 0x0CCB, 0x0CCB, 0x0CCB, 0x0CCB, 0x0CCB, 0x0CCB, 0x0CCB, 0x0CAB,
    0x0CAB, 0x0CAB, 0x0CAB, 0x0CAB, 0x0CAB, 0x0C8B, 0x0C8B, 0x0C8B, 0x0C8B, 0x0C8B, 0x0C6B, 0x0C6B, 0x0C6A, 0x0C6A, 0x0C4A, 0x0C4A,
    0x0C4A, 0x0C2A, 0x0C2A, 0x0C2A, 0x0C2A, 0x0C0A, 0x0C0A, 0x0BE9, 0x0BE9, 0x0BE9, 0x0BE9, 0x0BC9, 0x0BC9, 0x0BA9, 0x0BA9, 0x0BA9,
    0x1207, 0x18C5, 0x18C5, 0x18C5, 0x18C5, 0x18C5, 0x18C5, 0x2166, 0x54E7, 0x5507, 0x5527, 0x5D27, 0x5D27, 0x5D47, 0x5D48, 0x5D48,
    0x5D68, 0x5D68, 0x5D68, 0x5D68, 0x5D88, 0x5D88, 0x5D88, 0x55A8, 0x55A9, 0x55A9, 0x55A9, 0x55C9, 0x55C9, 0x55C9, 0x55C9, 0x55C9,
    0x55C9, 0x55C9, 0x55E9, 0x55E9, 0x55EA, 0x55EA, 0x55EA, 0x4DEA, 0x4DEA, 0x4DEA, 0x4DEA, 0x4DEA, 0x4DEA, 0x4DEA, 0x4DEA, 0x4DEA,
    0x45CA, 0x45CA, 0x45CA, 0x45CA, 0x45CA, 0x45CA, 0x45CA, 0x3DAA, 0x3DAA, 0x3DAA, 0x3DAA, 0x3DAB, 0x2D69, 0x96B4, 0xBF39, 0x45AC,
    0x358A, 0x45AC, 0xBF18, 0x9EB5, 0x2549, 0x356B, 0x2D6B, 0x2D6B, 0x2D6B, 0x2D4B, 0x2D4B, 0x2D4B, 0x2D4B, 0x254B, 0x254B, 0x254B,
    0x252B, 0x252B, 0x252B, 0x252B, 0x252B, 0x0C89, 0x8E34, 0xFFFF, 0xFFFF, 0xFFFF, 0xFFFF, 0xFFFF, 0xFFFF, 0xFFFF, 0xFFFF, 0xFFFF,
    0xFFFF, 0xFFFF, 0xFFFF, 0x7572, 0x03A8, 0x14AB, 0x0CCC, 0x0CCB, 0x04AB, 0x048A, 0x048A, 0x046A, 0x046A, 0x04AB, 0x0CCB, 0x0CCB,
    0x0CCB, 0x0CCB, 0x0CCB, 0x0CCB, 0x0CCB, 0x0CCB, 0x0CCB, 0x0CCB, 0x0CCB, 0x0CCB, 0x0CCB, 0x0CCB, 0x0CCB, 0x0CCB, 0x0CCB, 0x0CCB,
    0x0CCB, 0x0CCB, 0x0CCB, 0x0CCB, 0x0CCB, 0x0CCB, 0x0CCB, 0x0CCB, 0x0CCB, 0x0CCB, 0x0CCB, 0x0CAB, 0x0CAB, 0x0CAB, 0x0CAB, 0x0CAB,
    0x0C8B, 0x0C8B, 0x0C8B, 0x0C8B, 0x0C8B, 0x0C6B, 0x0C6B, 0x0C6A, 0x0C6A, 0x0C4A, 0x0C4A, 0x0C4A, 0x0C4A, 0x0C2A, 0x0C2A, 0x0C2A,
    0x0C0A, 0x0C0A, 0x0C09, 0x0BE9, 0x0BE9, 0x0BE9, 0x0BC9, 0x0BC9, 0x0BC9, 0x0BA9, 0x0BA9, 0x0B88, 0x1146, 0x18C5, 0x18C5, 0x18C5,
    0x18C5, 0x18C5, 0x18C5, 0x18C5, 0x4C07, 0x5507, 0x5507, 0x5527, 0x5527, 0x5527, 0x5548, 0x5548, 0x5548, 0x5568, 0x5568, 0x5568,
    0x5568, 0x5588, 0x5588, 0x5588, 0x5589, 0x55A9, 0x55A9, 0x55A9, 0x55A9, 0x55C9, 0x55C9, 0x55C9, 0x55C9, 0x55C9, 0x55C9, 0x55C9,
    0x55CA, 0x4DCA, 0x4DEA, 0x4DEA, 0x4DCA, 0x4DCA, 0x4DEA, 0x4DEA, 0x4DEA, 0x4DEA, 0x4DCA, 0x45CA, 0x45CA, 0x45CA, 0x45CA, 0x45CA,
    0x45CA, 0x45CA, 0x3DAA, 0x3DAA, 0x3DAA, 0x3DAA, 0x3DAA, 0x3DAB, 0x3D8B, 0x2D6A, 0x8693, 0xC739, 0xBF38, 0xC739, 0x8E93, 0x2D6A,
    0x356B, 0x2D6B, 0x2D6B, 0x2D6B, 0x2D4B, 0x2D4B, 0x2D4B, 0x2D4B, 0x254B, 0x254B, 0x254B, 0x252B, 0x252B, 0x252B, 0x252B, 0x252B,
    0x14CA, 0x34EC, 0xF7DE, 0xFFFF, 0xFFFF, 0xFFFF, 0xFFFF, 0xFFFF, 0xFFFF, 0xFFFF, 0xFFFF, 0xFFFF, 0xFFFF, 0xFFFF, 0x9E36, 0x0346,
    0x0409, 0x0449, 0x046A, 0x0C8B, 0x24CD, 0x3D2F, 0x5D91, 0x75F4, 0x9E97, 0x4D70, 0x048A, 0x0CCC, 0x0CCB, 0x0CCB, 0x0CCB, 0x0CCB,
    0x0CCB, 0x0CCB, 0x0CCB, 0x0CCB, 0x0CCB, 0x0CCB, 0x0CCB, 0x0CCB, 0x0CCB, 0x0CCB, 0x0CCB, 0x0CCB, 0x0CCB, 0x0CCB, 0x0CCB, 0x0CCB,
    0x0CCB, 0x0CCB, 0x0CCB, 0x0CCC, 0x14CC, 0x14CC, 0x14CB, 0x0CAB, 0x0CAB, 0x0CAB, 0x14AB, 0x0CAB, 0x0CAB, 0x0C8B, 0x0C8B, 0x0C8B,
    0x0C8B, 0x0C6B, 0x0C6B, 0x0C6A, 0x0C6A, 0x0C4A, 0x0C4A, 0x0C4A, 0x0C2A, 0x0C2A, 0x0C2A, 0x0C2A, 0x0C0A, 0x0C0A, 0x0C09, 0x0BE9,
    0x0BE9, 0x0BE9, 0x0BC9, 0x0BC9, 0x0BC9, 0x0BA9, 0x0BA9, 0x0B08, 0x18C5, 0x18C5, 0x18C5, 0x18C5, 0x18C5, 0x18C5, 0x18E5, 0x18C5,
    0x32A6, 0x54E7, 0x54E7, 0x5507, 0x5527, 0x5527, 0x5528, 0x5548, 0x5548, 0x5548, 0x5568, 0x5568, 0x5568, 0x5568, 0x5588, 0x5588,
    0x5589, 0x5589, 0x55A9, 0x55A9, 0x55A9, 0x55A9, 0x55A9, 0x55C9, 0x55C9, 0x55C9, 0x55C9, 0x55C9, 0x4DCA, 0x4DCA, 0x4DCA, 0x4DCA,
    0x4DCA, 0x4DCA, 0x4DCA, 0x4DCA, 0x4DCA, 0x45CA, 0x45CA, 0x45CA, 0x45CA, 0x45CA, 0x45CA, 0x45CA, 0x45CA, 0x3DAA, 0x3DAA, 0x3DAA,
    0x3DAA, 0x3DAA, 0x3DAA, 0x3D8B, 0x358B, 0x358B, 0x2569, 0x358B, 0x4DCD, 0x358B, 0x2549, 0x356B, 0x2D6B, 0x2D6B, 0x2D6B, 0x2D4B,
    0x2D4B, 0x2D4B, 0x2D4B, 0x254B, 0x254B, 0x252B, 0x252B, 0x252B, 0x252B, 0x252B, 0x1D2B, 0x250B, 0x0C69, 0xAEB8, 0xFFFF, 0xFFFF,
    0xFFFF, 0xFFFF, 0xFFFF, 0xFFFF, 0xFFFF, 0xFFFF, 0xFFFF, 0xFFFF, 0xFFFF, 0xC6FA, 0x23EA, 0x44CE, 0x6DB2, 0x9656, 0xBEF9, 0xDF7C,
    0xF7BE, 0xFFFF, 0xFFFF, 0xFFFF, 0xFFFF, 0x8E35, 0x0429, 0x14CC, 0x0CCB, 0x0CCB, 0x0CCB, 0x0CCB, 0x0CCB, 0x0CCB, 0x0CCB, 0x0CCB,
    0x0CCB, 0x0CCB, 0x0CCB, 0x0CCB, 0x0CCB, 0x0CCB, 0x0CCB, 0x0CCB, 0x0CCB, 0x0CCB, 0x0CCB, 0x0CCB, 0x14CC, 0x14CC, 0x0CCB, 0x048A,
    0x048A, 0x048A, 0x048A, 0x048A, 0x048A, 0x048A, 0x048A, 0x046A, 0x046A, 0x046A, 0x0C8B, 0x0C8B, 0x0C8B, 0x0C6B, 0x0C6B, 0x0C6A,
    0x0C6A, 0x0C4A, 0x0C4A, 0x0C4A, 0x0C2A, 0x0C2A, 0x0C2A, 0x0C0A, 0x0C0A, 0x0C0A, 0x0BE9, 0x0BE9, 0x0BE9, 0x0BC9, 0x0BC9, 0x0BC9,
    0x0BA9, 0x0BA9, 0x0BA9, 0x1207, 0x18C5, 0x18C5, 0x18C5, 0x18C5, 0x18C5, 0x18C5, 0x18C5, 0x18C5, 0x2166, 0x54C7, 0x54E7, 0x5507,
    0x5507, 0x5527, 0x5528, 0x5528, 0x5548, 0x5548, 0x5548, 0x5568, 0x5568, 0x5568, 0x5568, 0x5588, 0x5589, 0x5589, 0x5589, 0x55A9,
    0x55A9, 0x55A9, 0x55A9, 0x55A9, 0x55A9, 0x55C9, 0x4DC9, 0x4DCA, 0x4DCA, 0x4DCA, 0x4DCA, 0x4DCA, 0x4DCA, 0x4DCA, 0x4DCA, 0x4DCA,
    0x45CA, 0x45CA, 0x45CA, 0x45CA, 0x45CA, 0x45CA, 0x45CA, 0x45AA, 0x3DAA, 0x3DAA, 0x3DAA, 0x3DAA, 0x3DAA, 0x3DAA, 0x3D8B, 0x358B,
    0x358B, 0x358B, 0x358B, 0x358B, 0x2D6A, 0x356B, 0x356B, 0x2D6B, 0x2D6B, 0x2D6B, 0x2D4B, 0x2D4B, 0x2D4B, 0x2D4B, 0x254B, 0x254B,
    0x252B, 0x252B, 0x252B, 0x252B, 0x252B, 0x1D2B, 0x252B, 0x14A9, 0x4D2F, 0xFFFF, 0xFFFF, 0xFFFF, 0xFFFF, 0xFFFF, 0xFFFF, 0xFFFF,
    0xFFFF, 0xFFFF, 0xFFFF, 0xFFFF, 0xFFFF, 0xDF5C, 0xEF9D, 0xFFFF, 0xFFFF, 0xFFFF, 0xFFFF, 0xFFFF, 0xFFFF, 0xFFFF, 0xFFFF, 0xFFDF,
    0xFFFF, 0xA677, 0x0409, 0x14CC, 0x0CCB, 0x0CCB, 0x0CCB, 0x0CCB, 0x0CCB, 0x0CCB, 0x0CCB, 0x0CCB, 0x0CCB, 0x0CCB, 0x0CCB, 0x0CCB,
    0x0CCB, 0x0CCB, 0x0CCB, 0x0CCB, 0x0CCB, 0x0CCB, 0x14EC, 0x0CCB, 0x048A, 0x048A, 0x1CEC, 0x4D90, 0x7E14, 0x9E77, 0xB698, 0xBE98,
    0xB678, 0xB678, 0xA636, 0x8DD4, 0x6D72, 0x3CEE, 0x148B, 0x046A, 0x046A, 0x0C6B, 0x0C6B, 0x0C6A, 0x0C4A, 0x0C4A, 0x0C4A, 0x0C4A,
    0x0C2A, 0x0C2A, 0x0C2A, 0x0C0A, 0x0C0A, 0x0C09, 0x0BE9, 0x0BE9, 0x0BE9, 0x0BC9, 0x0BC9, 0x0BC9, 0x0BA9, 0x0BA9, 0x0B88, 0x1926,
    0x18C5, 0x18C5, 0x18C5, 0x18C5, 0x18C5, 0x18C5, 0x18C5, 0x18C5, 0x18C5, 0x4407, 0x54E7, 0x54E7, 0x5507, 0x5507, 0x5527, 0x5528,
    0x5528, 0x5548, 0x5548, 0x5548, 0x5568, 0x5568, 0x5568, 0x5568, 0x5589, 0x5589, 0x5589, 0x5589, 0x5589, 0x55A9, 0x55A9, 0x4DA9,
    0x4DA9, 0x4DA9, 0x4DA9, 0x4DA9, 0x4DCA, 0x4DCA, 0x4DCA, 0x4DCA, 0x4DCA, 0x4DCA, 0x4DCA, 0x45CA, 0x45CA, 0x45CA, 0x45CA, 0x45CA,
    0x45CA, 0x45CA, 0x45CA, 0x3DAA, 0x3DAA, 0x3DAA, 0x3DAA, 0x3DAA, 0x3DAB, 0x3D8B, 0x358B, 0x358B, 0x358B, 0x358B, 0x358B, 0x356B,
    0x356B, 0x356B, 0x2D6B, 0x2D6B, 0x2D6B, 0x2D4B, 0x2D4B, 0x2D4B, 0x2D4B, 0x254B, 0x254B, 0x252B, 0x252B, 0x252B, 0x252B, 0x252B,
    0x1D2B, 0x1D0B, 0x1D0B, 0x1489, 0xCF3A, 0xFFFF, 0xFFFF, 0xFFFF, 0xFFFF, 0xFFFF, 0xFFFF, 0xFFFF, 0xFFFF, 0xFFFF, 0xFFFF, 0xFFFF,
    0xFFFF, 0xFFFF, 0xFFFF, 0xFFFF, 0xFFFF, 0xFFFF, 0xFFFF, 0xFFFF, 0xFFFF, 0xFFFF, 0xFFFF, 0xFFFF, 0xFFFF, 0xC6FA, 0x0409, 0x0CCB,
    0x0CCB, 0x0CCB, 0x0CCB, 0x0CCB, 0x0CCB, 0x0CCB, 0x0CCB, 0x0CCB, 0x0CCB, 0x0CCB, 0x0CCB, 0x0CCB, 0x0CCB, 0x0CCB, 0x0CCB, 0x0CCB,
    0x14CC, 0x0CCB, 0x048A, 0x14CC, 0x65D2, 0xB6F9, 0xD75C, 0xC6FA, 0xA677, 0x7E14, 0x5DB2, 0x5570, 0x8DF4, 0x452F, 0x5D71, 0x7593,
    0x8DD4, 0xADF6, 0xADF6, 0x8D93, 0x44EE, 0x0C6A, 0x044A, 0x0C6A, 0x0C4A, 0x0C4A, 0x0C4A, 0x0C2A, 0x0C2A, 0x0C2A, 0x0C2A, 0x0C0A,
    0x0C0A, 0x0C09, 0x0BE9, 0x0BE9, 0x0BE9, 0x0BC9, 0x0BC9, 0x0BA9, 0x0BA9, 0x0BA9, 0x0B08, 0x18C5, 0x18C5, 0x18C5, 0x18C5, 0x18C5,
    0x18C5, 0x18C5, 0x18C5, 0x18E5, 0x18C5, 0x3266, 0x54E7, 0x54E7, 0x5507, 0x5507, 0x5507, 0x5528, 0x5528, 0x5528, 0x5548, 0x5548,
    0x5548, 0x5568, 0x5568, 0x5568, 0x5569, 0x5589, 0x5589, 0x5589, 0x4D89, 0x4D89, 0x4DA9, 0x4DA9, 0x4DA9, 0x4DA9, 0x4DA9, 0x4DA9,
    0x4DAA, 0x4DAA, 0x4DAA, 0x4DAA, 0x4DAA, 0x45CA, 0x45CA, 0x45CA, 0x45CA, 0x45CA, 0x45CA, 0x45CA, 0x45AA, 0x45AA, 0x3DAA, 0x3DAA,
    0x3DAA, 0x3DAA, 0x3DAA, 0x3DAB, 0x3D8B, 0x358B, 0x358B, 0x358B, 0x358B, 0x358B, 0x356B, 0x356B, 0x2D6B, 0x2D6B, 0x2D6B, 0x2D6B,
    0x2D4B, 0x2D4B, 0x2D4B, 0x2D4B, 0x254B, 0x254B, 0x252B, 0x252B, 0x252B, 0x252B, 0x252B, 0x1D2B, 0x1D0B, 0x252B, 0x0C89, 0x6DB1,
    0xFFFF, 0xFFFF, 0xFFFF, 0xFFFF, 0xFFFF, 0xFFFF, 0xFFFF, 0xFFFF, 0xFFFF, 0xFFFF, 0xFFFF, 0xFFFF, 0xFFFF, 0xFFFF, 0xFFFF, 0xFFFF,
    0xFFFF, 0xFFFF, 0xFFFF, 0xFFFF, 0xFFFF, 0xFFFF, 0xFFFF, 0xFFFF, 0xFFFF, 0xDF5C, 0x0C2A, 0x0CAB, 0x0CCB, 0x0CCB, 0x0CCB, 0x0CCB,
    0x0CCB, 0x0CCB, 0x0CCB, 0x0CCB, 0x0CCB, 0x0CCB, 0x0CCB, 0x0CCB, 0x0CCB, 0x0CCB, 0x0CCC, 0x14CC, 0x048A, 0x0CCC, 0x7E34, 0xD77C,
    0xC73B, 0x7614, 0x2D2E, 0x04AB, 0x048A, 0x046A, 0x046A, 0x0CAB, 0x5D71, 0x046A, 0x046A, 0x046A, 0x046A, 0x0C6A, 0x2CCD, 0x6531,
    0x9D95, 0x9D74, 0x4CCF, 0x0C4A, 0x044A, 0x0C4A, 0x0C4A, 0x0C2A, 0x0C2A, 0x0C2A, 0x0C0A, 0x0C0A, 0x0C09, 0x0BE9, 0x0BE9, 0x0BE9,
    0x0BC9, 0x0BC9, 0x0BC9, 0x0BA9, 0x0BA9, 0x0BA9, 0x11E7, 0x18C5, 0x18C5, 0x18C5, 0x18C5, 0x18C5, 0x18C5, 0x18C5, 0x18C5, 0x18C5,
    0x18C5, 0x1925, 0x4C87, 0x54E7, 0x54E7, 0x5507, 0x5507, 0x5508, 0x5528, 0x5528, 0x5528, 0x5548, 0x5548, 0x5548, 0x5548, 0x5568,
    0x4D68, 0x4D69, 0x4D69, 0x4D69, 0x4D89, 0x4D89, 0x4D89, 0x4D89, 0x4DA9, 0x4DA9, 0x4DA9, 0x4DA9, 0x4DA9, 0x4DAA, 0x4DAA, 0x45AA,
    0x45AA, 0x45AA, 0x45AA, 0x45AA, 0x45AA, 0x45AA, 0x45AA, 0x45AA, 0x3DAA, 0x3DAA, 0x3DAA, 0x3DAA, 0x3DAA, 0x3DAA, 0x3DAB, 0x3D8B,
    0x358B, 0x358B, 0x358B, 0x358B, 0x358B, 0x356B, 0x356B, 0x2D6B, 0x2D6B, 0x2D6B, 0x2D6B, 0x2D4B, 0x2D4B, 0x2D4B, 0x2D4B, 0x254B,
    0x254B, 0x252B, 0x252B, 0x252B, 0x252B, 0x252B, 0x1D2B, 0x1D0B, 0x1D0B, 0x1CEB, 0x1CAA, 0xE79D, 0xFFFF, 0xFFFF, 0xFFFF, 0xFFFF,
    0xFFFF, 0xFFFF, 0xFFFF, 0xFFFF, 0xFFFF, 0xFFFF, 0xFFFF, 0xFFFF, 0xFFFF, 0xFFFF, 0xFFFF, 0xFFFF, 0xFFFF, 0xFFFF, 0xFFFF, 0xFFFF,
    0xFFFF, 0xFFFF, 0xFFFF, 0xFFFF, 0xFFFF, 0xEF9E, 0x1C6B, 0x0C8B, 0x0CCC, 0x0CCB, 0x0CCB, 0x0CCB, 0x0CCB, 0x0CCB, 0x0CCB, 0x0CCB,
    0x0CCB, 0x0CCB, 0x0CCB, 0x0CCB, 0x0CCB, 0x14CC, 0x0CCB, 0x048A, 0x5DD2, 0xD77C, 0xBF1A, 0x4590, 0x048A, 0x048A, 0x04AB, 0x0CCB,
    0x14CB, 0x14AB, 0x0CAB, 0x1CCC, 0x6571, 0x0C8B, 0x14AB, 0x0C8B, 0x0C8B, 0x0C8B, 0x046A, 0x0449, 0x044A, 0x3CCE, 0x9533, 0x9513,
    0x348D, 0x0429, 0x0C2A, 0x0C2A, 0x0C2A, 0x0C2A, 0x0C0A, 0x0C0A, 0x0C09, 0x0BE9, 0x0BE9, 0x0BE9, 0x0BC9, 0x0BC9, 0x0BC9, 0x0BA9,
    0x0BA9, 0x0B68, 0x1906, 0x18C5, 0x18C5, 0x18C5, 0x18C5, 0x18C5, 0x18C5, 0x18C5, 0x18C5, 0x18C5, 0x18E5, 0x18C5, 0x3B26, 0x4CE7,
    0x4CE7, 0x4CE7, 0x4D08, 0x4D08, 0x4D08, 0x4D28, 0x4D28, 0x4D28, 0x4D48, 0x4D48, 0x4D48, 0x4D48, 0x4D68, 0x4D69, 0x4D69, 0x4D69,
    0x4D69, 0x4D89, 0x4D89, 0x4D89, 0x4D89, 0x4D89, 0x4D89, 0x4DA9, 0x4DAA, 0x4DAA, 0x45AA, 0x45AA, 0x45AA, 0x45AA, 0x45AA, 0x45AA,
    0x45AA, 0x45AA, 0x45AA, 0x3DAA, 0x3DAA, 0x3DAA, 0x3DAA, 0x3DAA, 0x3DAA, 0x3DAB, 0x3D8B, 0x358B, 0x358B, 0x358B, 0x358B, 0x358B,
    0x356B, 0x356B, 0x2D6B, 0x2D6B, 0x2D6B, 0x2D6B, 0x2D4B, 0x2D4B, 0x2D4B, 0x2D4B, 0x254B, 0x254B, 0x252B, 0x252B, 0x252B, 0x252B,
    0x252B, 0x1D2B, 0x1D0B, 0x1D0B, 0x1D0B, 0x0469, 0x8E35, 0xFFFF, 0xFFFF, 0xFFFF, 0xFFFF, 0xFFFF, 0xFFFF, 0xFFFF, 0xFFFF, 0xFFFF,
    0xFFFF, 0xFFFF, 0xFFFF, 0xFFFF, 0xFFFF, 0xFFFF, 0xFFFF, 0xFFFF, 0xFFFF, 0xFFFF, 0xFFFF, 0xFFFF, 0xFFFF, 0xFFFF, 0xFFFF, 0xFFFF,
    0xFFFF, 0xFFFF, 0x34AD, 0x046A, 0x0CCC, 0x0CCB, 0x0CCB, 0x0CCB, 0x0CCB, 0x0CCB, 0x0CCB, 0x0CCB, 0x0CCB, 0x0CCB, 0x0CCB, 0x0CCB,
    0x14EC, 0x04AB, 0x0CCB, 0xA6D8, 0xDF9D, 0x55B1, 0x048A, 0x04AA, 0x0CCB, 0x14CC, 0x0CCB, 0x0CAB, 0x0CAB, 0x0CAB, 0x0CAB, 0x1CCC,
    0x6571, 0x048B, 0x0C8B, 0x0C8B, 0x0C8B, 0x0C8B, 0x0C6B, 0x0C6B, 0x0C6B, 0x044A, 0x044A, 0x44AE, 0x9D13, 0x64AF, 0x042A, 0x0C2A,
    0x0C2A, 0x0C0A, 0x0C0A, 0x0C09, 0x0BE9, 0x0BE9, 0x0BE9, 0x0BC9, 0x0BC9, 0x0BC9, 0x0BA9, 0x0BA9, 0x0BA9, 0x1287, 0x18C5, 0x18C5,
    0x18C5, 0x18C5, 0x18C5, 0x18C5, 0x18C5, 0x18C5, 0x18C5, 0x18C5, 0x18E5, 0x18C5, 0x21A6, 0x4CC7, 0x4CC7, 0x4CE7, 0x4CE7, 0x4D08,
    0x4D08, 0x4D08, 0x4D28, 0x4D28, 0x4D28, 0x4D48, 0x4D48, 0x4D48, 0x4D49, 0x4D69, 0x4D69, 0x4D69, 0x4D69, 0x4D69, 0x4D89, 0x4D89,
    0x4D89, 0x4D89, 0x4D89, 0x4D89, 0x458A, 0x458A, 0x458A, 0x45AA, 0x45AA, 0x45AA, 0x45AA, 0x45AA, 0x45AA, 0x45AA, 0x3DAA, 0x3DAA,
    0x3DAA, 0x3DAA, 0x3DAA, 0x3D8A, 0x3D8B, 0x3D8B, 0x358B, 0x358B, 0x358B, 0x358B, 0x358B, 0x356B, 0x356B, 0x2D6B, 0x2D6B, 0x2D6B,
    0x2D6B, 0x2D4B, 0x2D4B, 0x2D4B, 0x2D4B, 0x254B, 0x254B, 0x252B, 0x252B, 0x252B, 0x252B, 0x252B, 0x1D2B, 0x1D0B, 0x1D0B, 0x1D0B,
    0x14CA, 0x34CC, 0xF7DE, 0xFFFF, 0xFFFF, 0xFFFF, 0xFFFF, 0xFFFF, 0xFFFF, 0xFFFF, 0xFFFF, 0xFFFF, 0xFFFF, 0xFFFF, 0xFFFF, 0xFFFF,
    0xFFFF, 0xFFFF, 0xFFFF, 0xFFFF, 0xFFFF, 0xFFFF, 0xFFFF, 0xFFFF, 0xFFFF, 0xFFFF, 0xFFFF, 0xFFFF, 0xFFFF, 0xFFFF, 0x4D0F, 0x044A,
    0x14CC, 0x0CCB, 0x0CCB, 0x0CCB, 0x0CCB, 0x0CCB, 0x0CCB, 0x0CCB, 0x0CCB, 0x0CCB, 0x0CCB, 0x14EC, 0x04AA, 0x250D, 0xDF7C, 0xB6F9,
    0x0CCB, 0x048A, 0x14CC, 0x0CCC, 0x0CCB, 0x0CCB, 0x0CAB, 0x0CAB, 0x0CAB, 0x0CAB, 0x0CAB, 0x14AC, 0x5D51, 0x048B, 0x0C8B, 0x0C8B,
    0x0C8B, 0x0C6B, 0x0C6B, 0x0C6A, 0x0C6A, 0x0C6A, 0x0C4A, 0x0429, 0x144A, 0x7CB1, 0x7CB1, 0x0C2A, 0x0409, 0x0C0A, 0x0C0A, 0x0C09,
    0x0BE9, 0x0BE9, 0x0BE9, 0x0BC9, 0x0BC9, 0x0BC9, 0x0BA9, 0x0BA9, 0x0B88, 0x1166, 0x18C5, 0x18C5, 0x18C5, 0x18C5, 0x18C5, 0x18C5,
    0x18C5, 0x18C5, 0x18C5, 0x18C5, 0x18C5, 0x18C5, 0x18C5, 0x3BC7, 0x4CC7, 0x4CC7, 0x4CE7, 0x4CE8, 0x4D08, 0x4D08, 0x4D08, 0x4D28,
    0x4D28, 0x4D28, 0x4D48, 0x4D48, 0x4D48, 0x4D49, 0x4D49, 0x4D69, 0x4D69, 0x4D69, 0x4D69, 0x4D69, 0x4D69, 0x4D89, 0x4589, 0x4589,
    0x458A, 0x458A, 0x458A, 0x458A, 0x458A, 0x458A, 0x458A, 0x458A, 0x3D8A, 0x3DAA, 0x3D8A, 0x3D8A, 0x3D8A, 0x3D8A, 0x3D8A, 0x3D8A,
    0x3D8B, 0x358B, 0x358B, 0x358B, 0x358B, 0x358B, 0x356B, 0x356B, 0x2D6B, 0x2D6B, 0x2D6B, 0x2D6B, 0x2D4B, 0x2D4B, 0x2D4B, 0x254B,
    0x254B, 0x254B, 0x252B, 0x252B, 0x252B, 0x252B, 0x252B, 0x1D2B, 0x1D0B, 0x1D0B, 0x1D0B, 0x1D0B, 0x0C69, 0xAEB8, 0xFFFF, 0xFFFF,
    0xFFFF, 0xFFFF, 0xFFFF, 0xFFFF, 0xFFFF, 0xFFFF, 0xFFFF, 0xFFFF, 0xFFFF, 0xFFFF, 0xFFFF, 0xFFFF, 0xFFFF, 0xFFFF, 0xFFFF, 0xFFFF,
    0xFFFF, 0xFFFF, 0xFFFF, 0xFFFF, 0xFFFF, 0xFFFF, 0xFFFF, 0xFFFF, 0xFFFF, 0xFFFF, 0x6571, 0x0429, 0x14CC, 0x0CCB, 0x0CCB, 0x0CCB,
    0x0CCB, 0x0CCB, 0x0CCB, 0x0CCB, 0x0CCB, 0x0CCB, 0x14EC, 0x04AA, 0x3D4F, 0xE79D, 0x8655, 0x048A, 0x0CCB, 0x14CC, 0x0CCB, 0x0CCB,
    0x0CCB, 0x0CAB, 0x0CAB, 0x0CAB, 0x0CAB, 0x0CAB, 0x0CAB, 0x14AC, 0x5D51, 0x048A, 0x0C8B, 0x0C8B, 0x0C6B, 0x0C6B, 0x0C6B, 0x0C6A,
    0x0C6A, 0x0C4A, 0x0C4A, 0x0C4A, 0x042A, 0x0429, 0x5C6F, 0x8471, 0x140A, 0x0409, 0x0C0A, 0x0BE9, 0x0BE9, 0x0BE9, 0x0BE9, 0x0BC9,
    0x0BC9, 0x0BA9, 0x0BA9, 0x0BA9, 0x0AE8, 0x18C5, 0x18C5, 0x18C5, 0x18C5, 0x18C5, 0x18C5, 0x18C5, 0x18C5, 0x18C5, 0x18C5, 0x18C5,
    0x18C5, 0x18E5, 0x18C5, 0x2A26, 0x4CC7, 0x4CC7, 0x4CE7, 0x4CE7, 0x4CE8, 0x4D08, 0x4D08, 0x4D08, 0x4D28, 0x4D28, 0x4D28, 0x4D28,
    0x4D48, 0x4D49, 0x4D49, 0x4D49, 0x4D49, 0x4D69, 0x4D69, 0x4569, 0x4569, 0x4569, 0x4569, 0x4589, 0x4589, 0x458A, 0x458A, 0x458A,
    0x458A, 0x458A, 0x458A, 0x3D8A, 0x3D8A, 0x3D8A, 0x3D8A, 0x3D8A, 0x3D8A, 0x3D8A, 0x3D8A, 0x3D8A, 0x358B, 0x358B, 0x358B, 0x358B,
    0x358B, 0x356B, 0x356B, 0x2D6B, 0x2D6B, 0x2D6B, 0x2D6B, 0x2D4B, 0x2D4B, 0x2D4B, 0x254B, 0x254B, 0x254B, 0x252B, 0x252B, 0x252B,
    0x252B, 0x252B, 0x1D2B, 0x1D0B, 0x1D0B, 0x1D0B, 0x1D0B, 0x0CAA, 0x4D2F, 0xFFFF, 0xFFFF, 0xFFFF, 0xFFFF, 0xFFFF, 0xFFFF, 0xFFFF,
    0xFFFF, 0xFFFF, 0xFFFF, 0xFFFF, 0xFFFF, 0xFFFF, 0xFFFF, 0xFFFF, 0xFFFF, 0xFFFF, 0xFFFF, 0xFFFF, 0xFFFF, 0xFFFF, 0xFFFF, 0xFFFF,
    0xFFFF, 0xFFFF, 0xFFFF, 0xFFFF, 0xFFDF, 0xFFFF, 0x85F4, 0x0409, 0x14CC, 0x0CCB, 0x0CCB, 0x0CCB, 0x0CCB, 0x0CCB, 0x0CCB, 0x0CCB,
    0x0CCB, 0x0CCC, 0x04AB, 0x250D, 0xE7BD, 0xB6F9, 0x0CCB, 0x04AB, 0x14CC, 0x0CCB, 0x0CCB, 0x0CCB, 0x0CAB, 0x0CAB, 0x0CAB, 0x0CAB,
    0x0CAB, 0x0CAB, 0x0C8B, 0x14AC, 0x5D30, 0x0C8A, 0x0C8B, 0x0C8B, 0x0C6B, 0x0C6B, 0x0C6A, 0x0C6A, 0x0C4A, 0x0C4A, 0x0C4A, 0x0C4A,
    0x0C2A, 0x042A, 0x140A, 0x6C2F, 0x7C50, 0x0C0A, 0x0C09, 0x0BE9, 0x0BE9, 0x0BE9, 0x0BC9, 0x0BC9, 0x0BC9, 0x0BA9, 0x0BA9, 0x0BA9,
    0x11C6, 0x18C5, 0x18C5, 0x18C5, 0x18C5, 0x18C5, 0x18C5, 0x18C5, 0x18C5, 0x18C5, 0x18C5, 0x18C5, 0x18C5, 0x18C5, 0x18C5, 0x18E5,
    0x4427, 0x4CC7, 0x4CC7, 0x4CE7, 0x4CE8, 0x4CE8, 0x4D08, 0x4D08, 0x4D08, 0x4D28, 0x4D28, 0x4D28, 0x4D28, 0x4D28, 0x4D49, 0x4D49,
    0x4549, 0x4549, 0x4569, 0x4569, 0x4569, 0x4569, 0x4569, 0x4569, 0x4569, 0x456A, 0x456A, 0x458A, 0x458A, 0x3D8A, 0x3D8A, 0x3D8A,
    0x3D8A, 0x3D8A, 0x3D8A, 0x3D8A, 0x3D8A, 0x3D8A, 0x358A, 0x358A, 0x358A, 0x358B, 0x356B, 0x356B, 0x356B, 0x356B, 0x2D6B, 0x2D6B,
    0x2D6B, 0x2D6B, 0x2D4B, 0x2D4B, 0x2D4B, 0x254B, 0x254B, 0x254B, 0x252B, 0x252B, 0x252B, 0x252B, 0x252B, 0x1D2B, 0x1D0B, 0x1D0B,
    0x1D0B, 0x1D0B, 0x1CEB, 0x1469, 0xCF3B, 0xFFFF, 0xFFFF, 0xFFFF, 0xFFFF, 0xFFFF, 0xFFFF, 0xFFFF, 0xFFFF, 0xFFFF, 0xFFFF, 0xFFFF,
    0xFFFF, 0xFFFF, 0xFFFF, 0xFFFF, 0xFFFF, 0xFFFF, 0xFFFF, 0xFFFF, 0xFFFF, 0xFFFF, 0xFFFF, 0xFFFF, 0xFFFF, 0xFFFF, 0xFFFF, 0xFFFF,
    0xFFFF, 0xFFFF, 0xAE98, 0x0409, 0x14CC, 0x0CCB, 0x0CCB, 0x0CCB, 0x0CCB, 0x0CCB, 0x0CCB, 0x0CCB, 0x0CCC, 0x0CCB, 0x0CCB, 0xDF9C,
    0x8655, 0x14CB, 0x8655, 0x1CED, 0x04AB, 0x14CC, 0x0CCB, 0x0CAB, 0x0CAB, 0x0CAB, 0x0CAB, 0x0CAB, 0x0CAB, 0x0CAB, 0x0C8B, 0x14AC,
    0x5D30, 0x0C8A, 0x0C8B, 0x0C6B, 0x0C6B, 0x0C6A, 0x0C6A, 0x0C6A, 0x0C4A, 0x0C4A, 0x0C4A, 0x0C2A, 0x042A, 0x242B, 0x442D, 0x0409,
    0x5C2E, 0x6C2F, 0x03E9, 0x0BE9, 0x0BE9, 0x0BC9, 0x0BC9, 0x0BC9, 0x0BA9, 0x0BA9, 0x0BA9, 0x0B28, 0x18E5, 0x18C5, 0x18C5, 0x18C5,
    0x18C5, 0x18C5, 0x18C5, 0x18C5, 0x18C5, 0x18C5, 0x18C5, 0x18C5, 0x18C5, 0x18C5, 0x18C5, 0x18C5, 0x2A46, 0x4CC7, 0x4CC7, 0x4CC7,
    0x4CE8, 0x4CE8, 0x4CE8, 0x4D08, 0x4D08, 0x4D08, 0x4D08, 0x4D28, 0x4528, 0x4528, 0x4529, 0x4529, 0x4549, 0x4549, 0x4549, 0x4549,
    0x4549, 0x4569, 0x4569, 0x4569, 0x4569, 0x456A, 0x456A, 0x3D6A, 0x3D6A, 0x3D6A, 0x3D6A, 0x3D8A, 0x3D8A, 0x3D8A, 0x3D6A, 0x3D8A,
    0x3D8A, 0x356A, 0x358A, 0x356A, 0x356A, 0x358A, 0x356B, 0x356B, 0x356B, 0x2D6B, 0x2D6B, 0x2D6B, 0x2D6B, 0x2D4B, 0x2D4B, 0x2D4B,
    0x254B, 0x254B, 0x254B, 0x252B, 0x252B, 0x252B, 0x252B, 0x252B, 0x1D2B, 0x1D0B, 0x1D0B, 0x1D0B, 0x1D0B, 0x1D0B, 0x0469, 0x6DB2,
    0xFFFF, 0xFFFF, 0xFFFF, 0xFFFF, 0xFFFF, 0xFFFF, 0xFFFF, 0xFFFF, 0xFFFF, 0xFFFF, 0xFFFF, 0xFFFF, 0xFFFF, 0xFFFF, 0xFFFF, 0xFFFF,
    0xFFFF, 0xFFFF, 0xFFFF, 0xFFFF, 0xFFFF, 0xFFFF, 0xFFFF, 0xFFFF, 0xFFFF, 0xFFFF, 0xEFBE, 0xDF5C, 0xBED9, 0xAE77, 0x6571, 0x044A,
    0x0CCB, 0x0CCB, 0x0CCB, 0x0CCB, 0x0CCB, 0x0CCB, 0x0CCB, 0x0CCB, 0x14CC, 0x048A, 0xAED8, 0xB6F9, 0x048A, 0x0CAB, 0x1CED, 0x7E14,
    0x1CEC, 0x04AB, 0x14CB, 0x0CAB, 0x0CAB, 0x0CAB, 0x0CAB, 0x0CAB, 0x0CAB, 0x0C8B, 0x0C8B, 0x14AB, 0x5D30, 0x0C6A, 0x0C8B, 0x0C6B,
    0x0C6B, 0x0C6A, 0x0C6A, 0x0C4A, 0x0C4A, 0x0C4A, 0x0C4A, 0x042A, 0x242B, 0x442D, 0x0C0A, 0x0C0A, 0x0409, 0x6C0F, 0x4BED, 0x03E9,
    0x0BE9, 0x0BC9, 0x0BC9, 0x0BC9, 0x0BA9, 0x0BA9, 0x0BA9, 0x11C6, 0x18C5, 0x18C5, 0x18C5, 0x18C5, 0x18C5, 0x18C5, 0x18C5, 0x18C5,
    0x18C5, 0x18C5, 0x18C5, 0x18C5, 0x18C5, 0x18C5, 0x18C5, 0x18C5, 0x18E5, 0x4427, 0x4CC7, 0x44C7, 0x44C8, 0x44E8, 0x44E8, 0x44E8,
    0x44E8, 0x4508, 0x4508, 0x4508, 0x4528, 0x4528, 0x4529, 0x4529, 0x4529, 0x4549, 0x4549, 0x4549, 0x4549, 0x4549, 0x4549, 0x4569,
    0x4569, 0x456A, 0x3D6A, 0x3D6A, 0x3D6A, 0x3D6A, 0x3D6A, 0x3D6A, 0x3D6A, 0x3D6A, 0x3D6A, 0x356A, 0x356A, 0x356A, 0x356A, 0x356A,
    0x356A, 0x356B, 0x356B, 0x356B, 0x2D6B, 0x2D6B, 0x2D6B, 0x2D6B, 0x2D4B, 0x2D4B, 0x2D4B, 0x254B, 0x254B, 0x254B, 0x252B, 0x252B,
    0x252B, 0x252B, 0x252B, 0x1D2B, 0x1D0B, 0x1D0B, 0x1D0B, 0x1D0B, 0x1D0B, 0x14CB, 0x1C8B, 0xE79D, 0xFFFF, 0xFFFF, 0xFFFF, 0xFFFF,
    0xFFFF, 0xFFFF, 0xFFFF, 0xFFFF, 0xFFFF, 0xFFFF, 0xFFFF, 0xFFFF, 0xFFFF, 0xFFFF, 0xFFFF, 0xFFFF, 0xFFFF, 0xFFDF, 0xEF9E, 0xD73B,
    0xBEB9, 0xA656, 0x85B3, 0x6531, 0x4CAE, 0x342C, 0x1BEA, 0x0BA8, 0x0388, 0x0387, 0x03E9, 0x0C8B, 0x0CCB, 0x0CCB, 0x0CCB, 0x0CCB,
    0x0CCB, 0x0CCB, 0x0CCB, 0x14EC, 0x048A, 0x5DD2, 0xE79D, 0x0CCB, 0x0CCB, 0x14CC, 0x04AB, 0x1CEC, 0x7E14, 0x1CEC, 0x04AB, 0x0CAB,
    0x0CAB, 0x0CAB, 0x0CAB, 0x0CAB, 0x0C8B, 0x0C8B, 0x0C8B, 0x14AB, 0x5510, 0x0C6A, 0x0C6B, 0x0C6B, 0x0C6A, 0x0C6A, 0x0C4A, 0x0C4A,
    0x0C4A, 0x0C4A, 0x042A, 0x242B, 0x442D, 0x0C2A, 0x0C0A, 0x0C0A, 0x0C09, 0x13EA, 0x7BEF, 0x23EA, 0x03E9, 0x0BC9, 0x0BC9, 0x0BA9,
    0x0BA9, 0x0BA9, 0x0B28, 0x18E5, 0x18C5, 0x18C5, 0x18C5, 0x18C5, 0x18C5, 0x18C5, 0x18C5, 0x18C5, 0x18C5, 0x18C5, 0x18C5, 0x18C5,
    0x18C5, 0x18C5, 0x18C5, 0x18C5, 0x18C5, 0x2A46, 0x44A7, 0x44A7, 0x44C7, 0x44C8, 0x44C8, 0x44E8, 0x44E8, 0x44E8, 0x4508, 0x4508,
    0x4508, 0x4508, 0x4528, 0x4529, 0x4529, 0x4529, 0x4549, 0x4549, 0x4549, 0x4549, 0x4549, 0x4549, 0x3D49, 0x3D49, 0x3D6A, 0x3D6A,
    0x3D6A, 0x3D6A, 0x3D6A, 0x3D6A, 0x3D6A, 0x3D6A, 0x356A, 0x356A, 0x356A, 0x356A, 0x356A, 0x356A, 0x356B, 0x356B, 0x356B, 0x2D6B,
    0x2D6B, 0x2D4B, 0x2D4B, 0x2D4B, 0x2D4B, 0x2D4B, 0x254B, 0x254B, 0x254B, 0x252B, 0x252B, 0x252B, 0x252B, 0x252B, 0x1D2B, 0x1D0B,
    0x1D0B, 0x1D0B, 0x1D0B, 0x1D0B, 0x1D0B, 0x0448, 0x8E15, 0xFFFF, 0xFFFF, 0xFFFF, 0xFFFF, 0xFFFF, 0xFFFF, 0xFFFF, 0xFFFF, 0xFFFF,
    0xFFFF, 0xFFDF, 0xEF9D, 0xD71B, 0xBEB9, 0x9E36, 0x7D93, 0x6510, 0x448E, 0x2C2B, 0x1BEA, 0x0BA8, 0x0387, 0x0367, 0x0387, 0x03A8,
    0x03C8, 0x03E9, 0x0409, 0x0C4A, 0x0C6A, 0x0C8B, 0x0CAB, 0x0CAB, 0x0CCB, 0x0CCB, 0x0CCB, 0x0CCB, 0x0CCB, 0x0CCB, 0x0CCB, 0x0CCB,
    0x0CCB, 0xDF9D, 0x55B1, 0x048A, 0x14CC, 0x0CCB, 0x14CC, 0x04AB, 0x1CEC, 0x75F3, 0x1CCC, 0x048A, 0x14AB, 0x0CAB, 0x0CAB, 0x0C8B,
    0x0C8B, 0x0C8B, 0x0C8B, 0x148B, 0x5510, 0x0C6A, 0x0C6B, 0x0C6A, 0x0C6A, 0x0C6A, 0x0C4A, 0x0C4A, 0x0C4A, 0x042A, 0x242B, 0x442D,
    0x0C2A, 0x0C0A, 0x0C0A, 0x0C09, 0x0C0A, 0x03E9, 0x3BEC, 0x63CE, 0x03C9, 0x0BC9, 0x0BC9, 0x0BA9, 0x0BA9, 0x0BA9, 0x11C6, 0x18C5,
    0x18C5, 0x18C5, 0x18C5, 0x18C5, 0x18C5, 0x18C5, 0x18C5, 0x18C5, 0x18C5, 0x18C5, 0x18C5, 0x18C5, 0x18C5, 0x18C5, 0x18C5, 0x18C5,
    0x18C5, 0x18E5, 0x3C07, 0x44A7, 0x44A7, 0x44C8, 0x44C8, 0x44C8, 0x44E8, 0x44E8, 0x44E8, 0x4508, 0x4508, 0x4508, 0x4508, 0x4509,
    0x4529, 0x4529, 0x4529, 0x4529, 0x4529, 0x3D49, 0x3D49, 0x3D49, 0x3D49, 0x3D49, 0x3D4A, 0x3D4A, 0x3D4A, 0x3D4A, 0x3D4A, 0x3D6A,
    0x356A, 0x356A, 0x356A, 0x356A, 0x356A, 0x356A, 0x356A, 0x356A, 0x356A, 0x2D4B, 0x2D4B, 0x2D4B, 0x2D4B, 0x2D4B, 0x2D4B, 0x2D4B,
    0x2D4B, 0x254B, 0x254B, 0x254B, 0x252B, 0x252B, 0x252B, 0x252B, 0x1D2B, 0x1D2B, 0x1D0B, 0x1D0B, 0x1D0B, 0x1D0B, 0x1D0B, 0x1D0B,
    0x0CAA, 0x3D0E, 0xFFFF, 0xFFFF, 0xFFFF, 0xF7DF, 0xE77D, 0xCF1A, 0xB698, 0x9E15, 0x7D92, 0x5D10, 0x448D, 0x2C0B, 0x1BC9, 0x0B88,
    0x0387, 0x0367, 0x0387, 0x03A8, 0x03C8, 0x03E9, 0x0429, 0x0C4A, 0x0C6A, 0x0C6B, 0x148B, 0x148B, 0x0CAB, 0x0CAB, 0x0CAB, 0x0CAB,
    0x0CCB, 0x0CCB, 0x0CCB, 0x0CCB, 0x0CCB, 0x0CCB, 0x0CCB, 0x0CCB, 0x0CCB, 0x0CCB, 0x14EC, 0x048A, 0x7E35, 0xC73A, 0x048A, 0x14CC,
    0x0CCB, 0x0CCB, 0x0CCB, 0x14CB, 0x04AB, 0x1CCC, 0x75D3, 0x1CCC, 0x048B, 0x0CAB, 0x0C8B, 0x0C8B, 0x0C8B, 0x0C8B, 0x0C8B, 0x148B,
    0x54EF, 0x0C6A, 0x0C6B, 0x0C6A, 0x0C6A, 0x0C4A, 0x0C4A, 0x0C4A, 0x044A, 0x244B, 0x444D, 0x0C2A, 0x0C2A, 0x0C0A, 0x0C0A, 0x0C09,
    0x0BE9, 0x0BE9, 0x03E9, 0x63AE, 0x33CB, 0x03C9, 0x0BA9, 0x0BA9, 0x0BA9, 0x0B28, 0x18E5, 0x18C5, 0x18C5, 0x18C5, 0x18C5, 0x18C5,
    0x18C5, 0x18C5, 0x18C5, 0x18C5, 0x18C5, 0x18C5, 0x18C5, 0x18C5, 0x18C5, 0x18C5, 0x18C5, 0x18C5, 0x18C5, 0x18C5, 0x2A06, 0x44A7,
    0x44A7, 0x44A8, 0x44C8, 0x44C8, 0x44C8, 0x44E8, 0x44E8, 0x44E8, 0x44E8, 0x4508, 0x4508, 0x4509, 0x4509, 0x4529, 0x4529, 0x3D29,
    0x3D29, 0x3D29, 0x3D29, 0x3D49, 0x3D49, 0x3D49, 0x3D4A, 0x3D4A, 0x3D4A, 0x3D4A, 0x3D4A, 0x354A, 0x354A, 0x354A, 0x354A, 0x354A,
    0x354A, 0x354A, 0x354A, 0x354A, 0x2D4A, 0x2D4A, 0x2D4B, 0x2D4B, 0x2D4B, 0x2D4B, 0x2D4B, 0x2D4B, 0x254B, 0x254B, 0x254B, 0x252B,
    0x252B, 0x252B, 0x252B, 0x1D2B, 0x1D2B, 0x1D0B, 0x1D0B, 0x1D0B, 0x1D0B, 0x1D0B, 0x1D0B, 0x1D0B, 0x0CAA, 0x5D70, 0x7DB3, 0x5D0F,
    0x448D, 0x2C0B, 0x13C9, 0x0B88, 0x0387, 0x0367, 0x0387, 0x03A8, 0x03C8, 0x03E9, 0x0C29, 0x0C4A, 0x0C6A, 0x0C8B, 0x148B, 0x14AB,
    0x0CAB, 0x0CAB, 0x0CAB, 0x0CCB, 0x0CCB, 0x0CCB, 0x0CCB, 0x0CCB, 0x0CCB, 0x0CCB, 0x0CCB, 0x0CCB, 0x0CCB, 0x0CCB, 0x0CCB, 0x0CCB,
    0x0CCB, 0x0CCB, 0x0CCB, 0x0CCB, 0x0CCB, 0x0CCB, 0x0CCB, 0x14CC, 0xDF7D, 0x4D90, 0x04AA, 0x14CC, 0x0CCB, 0x0CCB, 0x0CAB, 0x0CAB,
    0x14AB, 0x04AA, 0x1CCC, 0x6D92, 0x1CCC, 0x048A, 0x0CAB, 0x0C8B, 0x0C8B, 0x0C8B, 0x0C8B, 0x148B, 0x54EF, 0x0C6A, 0x0C6A, 0x0C6A,
    0x0C4A, 0x0C4A, 0x0C4A, 0x044A, 0x244B, 0x444D, 0x0C2A, 0x0C2A, 0x0C0A, 0x0C0A, 0x0C09, 0x0BE9, 0x0BE9, 0x0BE9, 0x03E9, 0x33CB,
    0x638D, 0x03C9, 0x0BA9, 0x0BA9, 0x0BA9, 0x11A6, 0x18C5, 0x18C5, 0x18C5, 0x18C5, 0x18C5, 0x18C5, 0x18C5, 0x18C5, 0x18C5, 0x18C5,
    0x18C5, 0x18C5, 0x18C5, 0x18C5, 0x18C5, 0x18C5, 0x18C5, 0x18C5, 0x18C5, 0x18C5, 0x18C5, 0x3BA7, 0x44A7, 0x44A7, 0x44A8, 0x44C8,
    0x44C8, 0x44C8, 0x44E8, 0x44E8, 0x44E8, 0x44E8, 0x4508, 0x4509, 0x3D09, 0x3D09, 0x3D09, 0x3D29, 0x3D29, 0x3D29, 0x3D29, 0x3D29,
    0x3D29, 0x3D29, 0x3D29, 0x3D4A, 0x3D4A, 0x354A, 0x354A, 0x354A, 0x354A, 0x354A, 0x354A, 0x354A, 0x354A, 0x354A, 0x2D4A, 0x2D4A,
    0x2D4A, 0x2D4A, 0x2D4A, 0x2D4B, 0x2D4B, 0x2D4B, 0x2D4B, 0x254B, 0x252B, 0x252B, 0x252B, 0x252B, 0x252B, 0x252B, 0x1D2B, 0x1D2B,
    0x1D0B, 0x1D0B, 0x1D0B, 0x1D0B, 0x1D0B, 0x1D0B, 0x14EB, 0x14EB, 0x14CB, 0x0C49, 0x03C8, 0x03C8, 0x03C8, 0x0409, 0x0C2A, 0x0C4A,
    0x0C6B, 0x0C8B, 0x148B, 0x14AB, 0x0CAB, 0x0CAB, 0x0CAB, 0x0CCB, 0x0CCB, 0x0CCB, 0x0CCB, 0x0CCB, 0x0CCB, 0x0CCB, 0x0CCB, 0x0CCB,
    0x0CCB, 0x0CCB, 0x0CCB, 0x0CCB, 0x0CCB, 0x0CCB, 0x0CCB, 0x0CCB, 0x0CCB, 0x0CCB, 0x0CCB, 0x0CCB, 0x0CCB, 0x0CCB, 0x0CCB, 0x0CCB,
    0x0CCB, 0x14CC, 0x048A, 0x65D2, 0xCF3B, 0x048A, 0x0CCB, 0x0CCB, 0x0CCB, 0x0CAB, 0x0CAB, 0x0CAB, 0x0CAB, 0x14AB, 0x048B, 0x1CCC,
    0x6D72, 0x1CAC, 0x048A, 0x0C8B, 0x0C8B, 0x0C8B, 0x0C6A, 0x148B, 0x54CF, 0x0C6A, 0x0C6A, 0x0C6A, 0x0C4A, 0x0C4A, 0x044A, 0x1C4B,
    0x4C4D, 0x0C2A, 0x0C2A, 0x0C0A, 0x0C0A, 0x0C0A, 0x0C09, 0x0BE9, 0x0BE9, 0x0BE9, 0x0BC9, 0x0BC9, 0x638D, 0x23AA, 0x03A8, 0x0BA9,
    0x0AE8, 0x18C5, 0x18C5, 0x18C5, 0x18C5, 0x18C5, 0x18C5, 0x18C5, 0x18C5, 0x18C5, 0x18C5, 0x18C5, 0x18C5, 0x18C5, 0x18C5, 0x18C5,
    0x18C5, 0x18C5, 0x18C5, 0x18C5, 0x18C5, 0x18C5, 0x18C5, 0x2186, 0x3C87, 0x4487, 0x44A8, 0x44A8, 0x44C8, 0x44C8, 0x44C8, 0x3CC8,
    0x3CE8, 0x3CE8, 0x3CE8, 0x3CE8, 0x3D09, 0x3D09, 0x3D09, 0x3D09, 0x3D09, 0x3D09, 0x3D29, 0x3D29, 0x3D29, 0x3D29, 0x3D29, 0x3D2A,
    0x352A, 0x352A, 0x352A, 0x354A, 0x354A, 0x354A, 0x354A, 0x354A, 0x354A, 0x2D4A, 0x2D4A, 0x2D4A, 0x2D4A, 0x2D4A, 0x2D4B, 0x2D4B,
    0x2D2B, 0x252B, 0x252B, 0x252B, 0x252B, 0x252B, 0x252B, 0x252B, 0x252B, 0x1D2B, 0x1D2B, 0x1D0B, 0x1D0B, 0x1D0B, 0x1D0B, 0x1D0B,
    0x150B, 0x14EB, 0x14EB, 0x14EB, 0x14EB, 0x14CB, 0x14AB, 0x14AB, 0x14AB, 0x0CAB, 0x0CAB, 0x0CCB, 0x0CCB, 0x0CCB, 0x0CCB, 0x0CCB,
    0x0CCB, 0x0CCB, 0x0CCB, 0x0CCB, 0x0CCB, 0x0CCB, 0x0CCB, 0x0CCB, 0x0CCB, 0x0CCB, 0x0CCB, 0x0CCB, 0x0CCB, 0x0CCB, 0x0CCB, 0x0CCB,
    0x0CCB, 0x0CCB, 0x0CCB, 0x0CCB, 0x0CCB, 0x0CCB, 0x0CCB, 0x0CCB, 0x0CCB, 0x0CCB, 0x0CCB, 0x0CCB, 0x0CCB, 0x14CC, 0x048A, 0xB6F9,
    0x7614, 0x048A, 0x14CC, 0x0CCB, 0x0CAB, 0x0CAB, 0x0CAB, 0x0CAB, 0x0CAB, 0x0CAB, 0x0CAB, 0x048A, 0x1CAC, 0x6551, 0x1CAC, 0x046A,
    0x0C8B, 0x0C8B, 0x0C6A, 0x146B, 0x4CCF, 0x0C6A, 0x0C6A, 0x0C4A, 0x0C4A, 0x044A, 0x1C4B, 0x4C4D, 0x0C2A, 0x0C2A, 0x0C2A, 0x0C0A,
    0x0C0A, 0x0C09, 0x0BE9, 0x0BE9, 0x0BE9, 0x0BE9, 0x0BC9, 0x03C9, 0x438B, 0x4B6B, 0x03A8, 0x0B89, 0x1166, 0x18C5, 0x18C5, 0x18C5,
    0x18C5, 0x18C5, 0x18C5, 0x18C5, 0x18C5, 0x18C5, 0x18C5, 0x18C5, 0x18C5, 0x18C5, 0x18C5, 0x18C5, 0x18C5, 0x18C5, 0x18C5, 0x18C5,
    0x18C5, 0x18C5, 0x18C5, 0x18C5, 0x2AE6, 0x3C87, 0x3C88, 0x3CA8, 0x3CA8, 0x3CA8, 0x3CC8, 0x3CC8, 0x3CC8, 0x3CC8, 0x3CE8, 0x3CE8,
    0x3CE8, 0x3CE9, 0x3D09, 0x3D09, 0x3D09, 0x3D09, 0x3D09, 0x3D09, 0x3D29, 0x3D09, 0x3529, 0x3529, 0x352A, 0x352A, 0x352A, 0x352A,
    0x352A, 0x352A, 0x352A, 0x2D2A, 0x2D2A, 0x2D2A, 0x2D2A, 0x2D2A, 0x2D2A, 0x2D2B, 0x2D2B, 0x2D2B, 0x252B, 0x252B, 0x252B, 0x252B,
    0x252B, 0x252B, 0x252B, 0x252B, 0x1D2B, 0x1D0B, 0x1D0B, 0x1D0B, 0x1D0B, 0x1D0B, 0x1D0B, 0x150B, 0x14EB, 0x14EB, 0x14EB, 0x14EB,
    0x14EB, 0x14EB, 0x14EB, 0x0CCB, 0x0CCB, 0x0CCB, 0x0CCB, 0x0CCB, 0x0CCB, 0x0CCB, 0x0CCB, 0x0CCB, 0x0CCB, 0x0CCB, 0x0CCB, 0x0CCB,
    0x0CCB, 0x0CCB, 0x0CCB, 0x0CCB, 0x0CCB, 0x0CCB, 0x0CCB, 0x0CCB, 0x0CCB, 0x0CCB, 0x0CCB, 0x0CCB, 0x0CCB, 0x0CCB, 0x0CCB, 0x0CCB,
    0x0CCB, 0x0CCB, 0x0CCB, 0x0CCB, 0x0CCB, 0x0CCB, 0x0CCB, 0x0CCB, 0x0CCB, 0x0CCB, 0x1CEC, 0xDF5C, 0x2D2E, 0x04AB, 0x0CCB, 0x0CAB,
    0x0CAB, 0x0CAB, 0x0CAB, 0x0CAB, 0x0CAB, 0x0CAB, 0x0C8B, 0x0CAB, 0x048A, 0x1CAC, 0x6531, 0x1C8B, 0x046A, 0x0C6B, 0x0C6A, 0x146B,
    0x4CAF, 0x0C4A, 0x0C4A, 0x0C4A, 0x044A, 0x1C4B, 0x4C4D, 0x0C2A, 0x0C2A, 0x0C2A, 0x0C0A, 0x0C0A, 0x0C09, 0x0BE9, 0x0BE9, 0x0BE9,
    0x0BE9, 0x0BC9, 0x0BC9, 0x03C9, 0x23AA, 0x5B4C, 0x0BA8, 0x1267, 0x18C5, 0x18C5, 0x18C5, 0x18C5, 0x18C5, 0x18C5, 0x18C5, 0x18C5,
    0x18C5, 0x18C5, 0x18C5, 0x18C5, 0x18C5, 0x18C5, 0x18C5, 0x18C5, 0x18C5, 0x18C5, 0x18C5, 0x18C5, 0x18C5, 0x18C5, 0x18C5, 0x18C5,
    0x1905, 0x3C27, 0x3C88, 0x3C88, 0x3CA8, 0x3CA8, 0x3CA8, 0x3CC8, 0x3CC8, 0x3CC8, 0x3CC8, 0x3CE8, 0x3CE8, 0x3CE9, 0x3CE9, 0x3CE9,
    0x3D09, 0x3D09, 0x3D09, 0x3D09, 0x3509, 0x3509, 0x3509, 0x3509, 0x352A, 0x352A, 0x352A, 0x352A, 0x352A, 0x352A, 0x2D2A, 0x2D2A,
    0x2D2A, 0x2D2A, 0x2D2A, 0x2D2A, 0x2D2A, 0x2D2A, 0x2D2A, 0x252B, 0x252B, 0x252B, 0x252B, 0x252B, 0x252B, 0x250B, 0x250B, 0x1D0B,
    0x1D0B, 0x1D0B, 0x1D0B, 0x1D0B, 0x1D0B, 0x1D0B, 0x150B, 0x14EB, 0x14EB, 0x14EB, 0x14EB, 0x14EB, 0x14EB, 0x14CB, 0x0CCB, 0x0CCB,
    0x0CCB, 0x0CCB, 0x0CCB, 0x0CCB, 0x0CCB, 0x0CCB, 0x0CCB, 0x0CCB, 0x0CCB, 0x0CCB, 0x0CCB, 0x0CCB, 0x0CCB, 0x0CCB, 0x0CCB, 0x0CCB,
    0x0CCB, 0x0CCB, 0x0CCB, 0x0CCB, 0x0CCB, 0x0CCB, 0x0CCB, 0x0CCB, 0x0CCB, 0x0CCB, 0x0CCB, 0x0CCB, 0x0CCB, 0x0CCB, 0x0CCB, 0x0CCB,
    0x0CCB, 0x0CCB, 0x0CCB, 0x0CCB, 0x0CCC, 0x048A, 0x4D90, 0xC71A, 0x04AB, 0x0CCB, 0x0CAB, 0x0CAB, 0x0CAB, 0x0CAB, 0x0CAB, 0x0CAB,
    0x0CAB, 0x0C8B, 0x0C8B, 0x0C8B, 0x0C8B, 0x048A, 0x148B, 0x5D10, 0x148B, 0x046A, 0x0C6A, 0x146B, 0x4CAE, 0x0C4A, 0x0C4A, 0x044A,
    0x1C4B, 0x4C4E, 0x0C2A, 0x0C2A, 0x0C2A, 0x0C0A, 0x0C0A, 0x0C09, 0x0C09, 0x0BE9, 0x0BE9, 0x0BE9, 0x0BC9, 0x0BC9, 0x0BC9, 0x0BA9,
    0x0BA9, 0x5B4C, 0x1B49, 0x1906, 0x18C5, 0x18C5, 0x18C5, 0x18C5, 0x18C5, 0x18C5, 0x18C5, 0x18C5, 0x18C5, 0x18C5, 0x18C5, 0x18C5,
    0x18C5, 0x18C5, 0x18C5, 0x18C5, 0x18C5, 0x18C5, 0x18C5, 0x18C5, 0x18C5, 0x18C5, 0x18C5, 0x18C5, 0x18C5, 0x2206, 0x3C87, 0x3C88,
    0x3C88, 0x3CA8, 0x3CA8, 0x3CA8, 0x3CA8, 0x3CC8, 0x3CC8, 0x3CC8, 0x3CC8, 0x3CE9, 0x3CE9, 0x3CE9, 0x3CE9, 0x34E9, 0x34E9, 0x3509,
    0x3509, 0x3509, 0x3509, 0x3509, 0x350A, 0x350A, 0x350A, 0x352A, 0x352A, 0x2D2A, 0x2D0A, 0x2D2A, 0x2D2A, 0x2D2A, 0x2D2A, 0x2D2A,
    0x2D2A, 0x2D2A, 0x252A, 0x252A, 0x250B, 0x250B, 0x250B, 0x250B, 0x250B, 0x1D0B, 0x1D0B, 0x1D0B, 0x1D0B, 0x1D0B, 0x1D0B, 0x1D0B,
    0x1D0B, 0x14EB, 0x14EB, 0x14EB, 0x14EB, 0x14EB, 0x14EB, 0x14EB, 0x14CB, 0x0CCB, 0x0CCB, 0x0CCB, 0x0CCB, 0x0CCB, 0x0CCB, 0x0CCB,
    0x0CCB, 0x0CCB, 0x0CCB, 0x0CCB, 0x0CCB, 0x0CCB, 0x0CCB, 0x0CCB, 0x0CCB, 0x0CCB, 0x0CCB, 0x0CCB, 0x0CCB, 0x0CCB, 0x0CCB, 0x0CCB,
    0x0CCB, 0x0CCB, 0x0CCB, 0x0CCB, 0x0CCB, 0x0CCB, 0x0CCB, 0x0CCB, 0x0CCB, 0x0CCB, 0x0CCB, 0x0CCB, 0x0CCB, 0x0CCB, 0x0CCB, 0x0CCB,
    0x14CC, 0x048A, 0x7E14, 0xA677, 0x048A, 0x14CB, 0x0CAB, 0x0CAB, 0x0CAB, 0x0CAB, 0x0CAB, 0x0CAB, 0x0C8B, 0x0C8B, 0x0C8B, 0x0C8B,
    0x0C8B, 0x0C8B, 0x046A, 0x148B, 0x5CF0, 0x146B, 0x044A, 0x146B, 0x4C8E, 0x0C4A, 0x044A, 0x1C4B, 0x4C4E, 0x0C2A, 0x0C2A, 0x0C2A,
    0x0C0A, 0x0C0A, 0x0C0A, 0x0C09, 0x0BE9, 0x0BE9, 0x0BE9, 0x0BC9, 0x0BC9, 0x0BC9, 0x0BC9, 0x0BA9, 0x03A8, 0x4B4B, 0x21A7, 0x18C5,
    0x18C5, 0x18C5, 0x18C5, 0x18C5, 0x18C5, 0x18C5, 0x18C5, 0x18C5, 0x18C5, 0x18C5, 0x18C5, 0x18C5, 0x18C5, 0x18C5, 0x18C5, 0x18C5,
    0x18C5, 0x18C5, 0x18C5, 0x18C5, 0x18C5, 0x18C5, 0x18C5, 0x18C5, 0x18C5, 0x18C5, 0x3347, 0x3C87, 0x3C88, 0x3C88, 0x3CA8, 0x3CA8,
    0x3CA8, 0x3CA8, 0x3CC8, 0x3CC8, 0x3CC8, 0x3CC8, 0x34C9, 0x34E9, 0x34E9, 0x34E9, 0x34E9, 0x34E9, 0x34E9, 0x34E9, 0x34E9, 0x3509,
    0x3509, 0x350A, 0x350A, 0x2D09, 0x2D0A, 0x2D0A, 0x2D0A, 0x2D0A, 0x2D0A, 0x2D0A, 0x2D0A, 0x2D0A, 0x250A, 0x250A, 0x250A, 0x250B,
    0x250B, 0x250B, 0x250B, 0x250B, 0x1D0B, 0x1D0B, 0x1D0B, 0x1D0B, 0x1D0B, 0x1D0B, 0x1D0B, 0x1D0B, 0x14EB, 0x14EB, 0x14EB, 0x14EB,
    0x14EB, 0x14EB, 0x14EB, 0x14CB, 0x0CCB, 0x0CCB, 0x0CCB, 0x0CCB, 0x0CCB, 0x0CCB, 0x0CCB, 0x0CCB, 0x0CCB, 0x0CCB, 0x0CCB, 0x0CCB,
    0x0CCB, 0x0CCB, 0x0CCB, 0x0CCB, 0x0CCB, 0x0CCB, 0x0CCB, 0x0CCB, 0x0CCB, 0x0CCB, 0x0CCB, 0x0CCB, 0x0CCB, 0x0CCB, 0x0CCB, 0x0CCB,
    0x0CCB, 0x0CCB, 0x0CCB, 0x0CCB, 0x0CCB, 0x0CCB, 0x0CCB, 0x0CCB, 0x0CCB, 0x0CCB, 0x0CCB, 0x0CCB, 0x14CC, 0x048A, 0x9E77, 0x7E14,
    0x046A, 0x14AB, 0x0CAB, 0x0CAB, 0x0CAB, 0x0CAB, 0x0CAB, 0x0C8B, 0x0C8B, 0x0C8B, 0x0C8B, 0x0C8B, 0x0C8B, 0x0C8B, 0x0C8B, 0x046A,
    0x146B, 0x54CF, 0x146B, 0x0C4A, 0x4C8E, 0x044A, 0x1C4B, 0x4C4E, 0x0C2A, 0x0C2A, 0x0C2A, 0x0C2A, 0x0C0A, 0x0C0A, 0x0C09, 0x0BE9,
    0x0BE9, 0x0BE9, 0x0BE9, 0x0BC9, 0x0BC9, 0x0BC9, 0x0BA9, 0x0BA9, 0x03A8, 0x3269, 0x18C5, 0x18C5, 0x18C5, 0x18C5, 0x18C5, 0x18C5,
    0x18C5, 0x18C5, 0x18C5, 0x18C5, 0x18C5, 0x18C5, 0x18C5, 0x18C5, 0x18C5, 0x18C5, 0x18C5, 0x18C5, 0x18C5, 0x18C5, 0x18C5, 0x18C5,
    0x18C5, 0x18C5, 0x18C5, 0x18C5, 0x18C5, 0x18C5, 0x1925, 0x3427, 0x3C88, 0x3C88, 0x3C88, 0x3C88, 0x3CA8, 0x3CA8, 0x34A8, 0x34A8,
    0x34C8, 0x34C8, 0x34C8, 0x34C9, 0x34C9, 0x34E9, 0x34E9, 0x34E9, 0x34E9, 0x34E9, 0x34E9, 0x34E9, 0x34E9, 0x350A, 0x2D0A, 0x4D6D,
    0x2D0A, 0x2D0A, 0x2D0A, 0x2D0A, 0x2D0A, 0x2D0A, 0x2D0A, 0x250A, 0x250A, 0x250A, 0x250A, 0x250A, 0x250B, 0x250B, 0x250B, 0x1D0B,
    0x1D0B, 0x1D0B, 0x1D0B, 0x1D0B, 0x1CEB, 0x1CEB, 0x1CEB, 0x14EB, 0x14EB, 0x14EB, 0x14EB, 0x14EB, 0x14EB, 0x14CB, 0x14CB, 0x0CCB,
    0x0CCB, 0x0CCB, 0x0CCB, 0x0CCB, 0x0CCB, 0x0CCB, 0x0CCB, 0x0CCB, 0x0CCB, 0x0CCB, 0x0CCB, 0x0CCB, 0x0CCB, 0x0CCB, 0x0CCB, 0x0CCB,
    0x0CCB, 0x0CCB, 0x0CCB, 0x0CCB, 0x0CCB, 0x0CCB, 0x0CCB, 0x0CCB, 0x0CCB, 0x0CCB, 0x0CCB, 0x0CCB, 0x0CCB, 0x0CCB, 0x0CCB, 0x0CCB,
    0x0CCB, 0x0CCB, 0x0CCB, 0x0CCB, 0x0CCB, 0x0CCB, 0x0CCB, 0x0CCB, 0x14CB, 0x048A, 0xB698, 0x5DB2, 0x046A, 0x0CAB, 0x0CAB, 0x0CAB,
    0x0CAB, 0x0C8B, 0x0C8B, 0x0C8B, 0x0C8B, 0x0C8B, 0x0C8B, 0x0C8B, 0x0C6A, 0x0C6A, 0x0C6A, 0x0C6A, 0x046A, 0x146B, 0x4CAE, 0x1C6B,
    0x3C6D, 0x1C4B, 0x4C4E, 0x0C2A, 0x042A, 0x0C2A, 0x0C2A, 0x0C0A, 0x0C0A, 0x0C09, 0x0BE9, 0x0BE9, 0x0BE9, 0x0BE9, 0x0BC9, 0x0BC9,
    0x0BC9, 0x0BA9, 0x0BA9, 0x0BA9, 0x0368, 0x1906, 0x18C5, 0x18C5, 0x18C5, 0x18C5, 0x18C5, 0x18C5, 0x18C5, 0x18C5, 0x18C5, 0x18C5,
    0x18C5, 0x18C5, 0x18C5, 0x18C5, 0x18C5, 0x18C5, 0x18C5, 0x18C5, 0x18C5, 0x18C5, 0x18C5, 0x18C5, 0x18C5, 0x18C5, 0x18C5, 0x18C5,
    0x18C5, 0x18C5, 0x18C5, 0x2206, 0x3C67, 0x3C68, 0x3C88, 0x3488, 0x3488, 0x3488, 0x34A8, 0x34A8, 0x34A8, 0x34A8, 0x34C9, 0x34C9,
    0x34C9, 0x34C9, 0x34C9, 0x34C9, 0x34E9, 0x34E9, 0x34E9, 0x34E9, 0x34EA, 0x1CA8, 0x452C, 0xDF1B, 0x3D2B, 0x1CC8, 0x2CEA, 0x2D0A,
    0x2D0A, 0x250A, 0x24EA, 0x250A, 0x250A, 0x24EA, 0x250A, 0x250A, 0x24EA, 0x24EA, 0x1CEB, 0x1CEB, 0x1CEB, 0x1CEB, 0x1CEB, 0x1CEB,
    0x1CEB, 0x1CEB, 0x14EB, 0x14EB, 0x14EB, 0x14EB, 0x14CB, 0x14CB, 0x14CB, 0x14CB, 0x0CCB, 0x0CCB, 0x0CCB, 0x0CCB, 0x0CCB, 0x0CCB,
    0x0CCB, 0x0CCB, 0x0CCB, 0x0CCB, 0x0CCB, 0x0CCB, 0x0CCB, 0x0CCB, 0x0CCB, 0x0CCB, 0x0CCB, 0x0CCB, 0x0CCB, 0x0CCB, 0x0CCB, 0x0CCB,
    0x0CCB, 0x0CCB, 0x0CCB, 0x0CCB, 0x0CCB, 0x0CCB, 0x0CCB, 0x0CCB, 0x0CCB, 0x0CCB, 0x0CCB, 0x0CCB, 0x0CCB, 0x0CCB, 0x0CCB, 0x0CCB,
    0x0CCB, 0x0CCB, 0x0CAB, 0x0CAB, 0x0CAB, 0x048B, 0xBE98, 0x5570, 0x0CAB, 0x1CCC, 0x1CCC, 0x14AC, 0x14AC, 0x14AC, 0x14AC, 0x14AB,
    0x14AB, 0x148B, 0x148B, 0x148B, 0x148B, 0x146B, 0x146B, 0x146B, 0x146B, 0x0C4A, 0x1C6B, 0x5C8F, 0x5C6F, 0x444D, 0x142A, 0x0C2A,
    0x0C2A, 0x0C2A, 0x0C0A, 0x0C0A, 0x0C09, 0x0BE9, 0x0BE9, 0x0BE9, 0x0BE9, 0x0BC9, 0x0BC9, 0x0BC9, 0x0BA9, 0x0BA9, 0x0BA9, 0x0B89,
    0x11C6, 0x18C5, 0x18C5, 0x18C5, 0x18C5, 0x18C5, 0x18C5, 0x18C5, 0x18C5, 0x18C5, 0x18C5, 0x18C5, 0x18C5, 0x18C5, 0x18C5, 0x18C5,
    0x18C5, 0x18C5, 0x18C5, 0x18C5, 0x18C5, 0x18C5, 0x18C5, 0x18C5, 0x18C5, 0x18C5, 0x18C5, 0x18C5, 0x18C5, 0x18C5, 0x18E5, 0x18C5,
    0x2AC7, 0x3468, 0x3468, 0x3488, 0x3488, 0x3488, 0x3488, 0x3488, 0x34A8, 0x34A8, 0x34A9, 0x34A9, 0x34C9, 0x34C9, 0x34C9, 0x34C9,
    0x34C9, 0x34C9, 0x2CC9, 0x2CE9, 0x2CC9, 0x6DB0, 0xCEDA, 0xEF3D, 0xD6FA, 0x6DD0, 0x24EA, 0x2CEA, 0x2CEA, 0x24EA, 0x24EA, 0x24EA,
    0x24EA, 0x24EA, 0x24EA, 0x24EA, 0x24EA, 0x1CEA, 0x1CEB, 0x1CEB, 0x1CEB, 0x1CEB, 0x1CEB, 0x1CEB, 0x14EB, 0x14EB, 0x14EB, 0x14EB,
    0x14CB, 0x14CB, 0x14CB, 0x14CB, 0x14CB, 0x0CCB, 0x0CCB, 0x0CCB, 0x0CCB, 0x0CCB, 0x0CCB, 0x0CCB, 0x0CCB, 0x0CCB, 0x0CCB, 0x0CCB,
    0x0CCB, 0x0CCB, 0x0CCB, 0x0CCB, 0x0CCB, 0x0CCB, 0x0CCB, 0x0CCB, 0x0CCB, 0x0CCB, 0x0CCB, 0x0CCB, 0x0CCB, 0x0CCB, 0x0CCB, 0x0CCB,
    0x0CCB, 0x0CCB, 0x0CCB, 0x0CCB, 0x0CCB, 0x0CCB, 0x0CCB, 0x0CCB, 0x0CCB, 0x0CCB, 0x0CCB, 0x0CCB, 0x0CAB, 0x0CAB, 0x0CAB, 0x0CAB,
    0x0CAB, 0x048B, 0xB678, 0x8DF4, 0x6571, 0x6571, 0x6571, 0x5D51, 0x5D51, 0x5D51, 0x5D30, 0x5D30, 0x5510, 0x5510, 0x54EF, 0x54EF,
    0x54CF, 0x4CCF, 0x4CAF, 0x4CAE, 0x4C8E, 0x4C8E, 0x446D, 0x5C6F, 0x9C92, 0x4C4E, 0x3C2C, 0x442D, 0x3C0C, 0x3C0C, 0x3BEC, 0x3BEC,
    0x3BEC, 0x3BCB, 0x33AB, 0x33AB, 0x33AB, 0x338A, 0x338A, 0x336A, 0x2B6A, 0x2B4A, 0x2B49, 0x2228, 0x18C5, 0x18C5, 0x18C5, 0x18C5,
    0x18C5, 0x18C5, 0x18C5, 0x18C5, 0x18C5, 0x18C5, 0x18C5, 0x18C5, 0x18C5, 0x18C5, 0x18C5, 0x18C5, 0x18C5, 0x18C5, 0x18C5, 0x18C5,
    0x18C5, 0x18C5, 0x18C5, 0x18C5, 0x18C5, 0x18C5, 0x18C5, 0x18C5, 0x18C5, 0x18C5, 0x18C5, 0x18C5, 0x18C5, 0x2B87, 0x3468, 0x3468,
    0x3468, 0x3488, 0x3488, 0x3488, 0x3488, 0x34A8, 0x34A8, 0x34A9, 0x34A9, 0x34A9, 0x34A9, 0x2CC9, 0x2CC9, 0x2CC9, 0x2CC9, 0x2CC9,
    0x2CC9, 0x554D, 0xAE77, 0xEF3D, 0xAE77, 0x556E, 0x24EA, 0x24EA, 0x24EA, 0x24EA, 0x24EA, 0x24EA, 0x24EA, 0x24EA, 0x24EA, 0x1CEA,
    0x1CEA, 0x1CEB, 0x1CEB, 0x1CEB, 0x1CEB, 0x1CEB, 0x1CEB, 0x14EB, 0x14EB, 0x14CB, 0x14CB, 0x14CB, 0x14CB, 0x14CB, 0x14CB, 0x0CCB,
    0x0CCB, 0x0CCB, 0x0CCB, 0x0CCB, 0x0CCB, 0x0CCB, 0x0CCB, 0x0CCB, 0x0CCB, 0x0CCB, 0x0CCB, 0x0CCB, 0x0CCB, 0x0CCB, 0x0CCB, 0x0CCB,
    0x0CCB, 0x0CCB, 0x0CCB, 0x0CCB, 0x0CCB, 0x0CCB, 0x0CCB, 0x0CCB, 0x0CCB, 0x0CCB, 0x0CCB, 0x0CCB, 0x0CCB, 0x0CCB, 0x0CCB, 0x0CCB,
    0x0CCB, 0x0CCB, 0x0CCB, 0x0CCB, 0x0CCB, 0x0CAB, 0x0CAB, 0x0CAB, 0x0CAB, 0x0CAB, 0x0CAB, 0x0CAB, 0x0CAB, 0x048A, 0xB678, 0x452F,
    0x046A, 0x0C8B, 0x048B, 0x048B, 0x048A, 0x048A, 0x0C8A, 0x0C6A, 0x0C6A, 0x046A, 0x0C6A, 0x0C6A, 0x0C6A, 0x0C6A, 0x0C4A, 0x0C4A,
    0x0C4A, 0x044A, 0x1C4B, 0x444D, 0x4C4E, 0x442D, 0x142A, 0x0C2A, 0x0C0A, 0x0C0A, 0x0C0A, 0x0C09, 0x0BE9, 0x0BE9, 0x0BE9, 0x0BC9,
    0x0BC9, 0x0BC9, 0x0BC9, 0x0BA9, 0x0BA9, 0x0BA9, 0x0AE8, 0x18C5, 0x18C5, 0x18C5, 0x18C5, 0x18C5, 0x18C5, 0x18C5, 0x18C5, 0x18C5,
    0x18C5, 0x18C5, 0x18C5, 0x18C5, 0x18C5, 0x18C5, 0x18C5, 0x18C5, 0x18C5, 0x18C5, 0x18C5, 0x18C5, 0x18C5, 0x18C5, 0x18C5, 0x18C5,
    0x18C5, 0x18C5, 0x18C5, 0x18C5, 0x18C5, 0x18C5, 0x18C5, 0x18C5, 0x18C5, 0x1946, 0x3427, 0x3468, 0x3468, 0x3468, 0x3468, 0x3488,
    0x3488, 0x3488, 0x3488, 0x34A8, 0x34A9, 0x2CA9, 0x2CA9, 0x2CA9, 0x2CA9, 0x2CA9, 0x2CC9, 0x2CC9, 0x2CC9, 0x1CA8, 0x34EA, 0xC6B9,
    0x2CCA, 0x1CA8, 0x2CCA, 0x24CA, 0x24CA, 0x24CA, 0x24CA, 0x24CA, 0x24EA, 0x24EA, 0x1CEA, 0x1CCA, 0x1CCA, 0x1CEA, 0x1CCB, 0x1CCB,
    0x1CCB, 0x1CCB, 0x14CB, 0x14CB, 0x14CB, 0x14CB, 0x14CB, 0x14CB, 0x14CB, 0x14CB, 0x0CAB, 0x0CAB, 0x0CAB, 0x0CCB, 0x0CCB, 0x0CCB,
    0x0CCB, 0x0CCB, 0x0CCB, 0x0CCB, 0x0CCB, 0x0CCB, 0x0CCB, 0x0CCB, 0x0CCB, 0x0CCB, 0x0CCB, 0x0CCB, 0x0CCB, 0x0CCB, 0x0CCB, 0x0CCB,
    0x0CCB, 0x0CCB, 0x0CCB, 0x0CCB, 0x0CCB, 0x0CCB, 0x0CCB, 0x0CCB, 0x0CCB, 0x0CCB, 0x0CCB, 0x0CCB, 0x0CCB, 0x0CCB, 0x0CAB, 0x0CAB,
    0x0CAB, 0x0CAB, 0x0CAB, 0x0CAB, 0x0CAB, 0x0CAB, 0x0CAB, 0x0CAB, 0x14AB, 0x048A, 0xA636, 0x5D71, 0x046A, 0x14AB, 0x0C8B, 0x0C8B,
    0x0C8B, 0x0C8B, 0x0C8B, 0x0C8B, 0x0C6B, 0x0C6B, 0x0C6B, 0x0C6A, 0x0C6A, 0x0C6A, 0x0C4A, 0x0C4A, 0x044A, 0x1C4B, 0x4C6E, 0x142A,
    0x3C2C, 0x142A, 0x442D, 0x140A, 0x0409, 0x0C0A, 0x0C09, 0x0BE9, 0x0BE9, 0x0BE9, 0x0BE9, 0x0BC9, 0x0BC9, 0x0BC9, 0x0BA9, 0x0BA9,
    0x0BA9, 0x0B68, 0x1926, 0x18C5, 0x18C5, 0x18C5, 0x18C5, 0x18C5, 0x18C5, 0x18C5, 0x18C5, 0x18C5, 0x18C5, 0x18C5, 0x18C5, 0x18C5,
    0x18C5, 0x18C5, 0x18C5, 0x18C5, 0x18C5, 0x18C5, 0x18C5, 0x18C5, 0x18C5, 0x18C5, 0x18C5, 0x18C5, 0x18C5, 0x18C5, 0x18C5, 0x18C5,
    0x18C5, 0x18C5, 0x18C5, 0x18C5, 0x18C5, 0x18C5, 0x21E6, 0x3448, 0x3448, 0x3468, 0x3468, 0x3468, 0x3468, 0x3488, 0x2C88, 0x2C88,
    0x2C89, 0x2C89, 0x2CA9, 0x2CA9, 0x2CA9, 0x2CA9, 0x2CA9, 0x2CA9, 0x2CA9, 0x2CC9, 0x2CC9, 0x3D0C, 0x24CA, 0x2CCA, 0x24CA, 0x24CA,
    0x24CA, 0x24CA, 0x24CA, 0x24CA, 0x1CCA, 0x1CCA, 0x1CCA, 0x1CCA, 0x1CCA, 0x1CCA, 0x1CCA, 0x1CCA, 0x1CCB, 0x14CB, 0x14CB, 0x14CB,
    0x14CB, 0x14CB, 0x14AB, 0x14CB, 0x14AB, 0x0CAB, 0x0CAB, 0x0CAB, 0x0CAB, 0x0CAB, 0x0CAB, 0x0CAB, 0x0CAB, 0x0CCB, 0x0CCB, 0x0CCB,
    0x0CCB, 0x0CCB, 0x0CCB, 0x0CCB, 0x0CCB, 0x0CCB, 0x0CCB, 0x0CCB, 0x0CCB, 0x0CCB, 0x0CCB, 0x0CCB, 0x0CCB, 0x0CCB, 0x0CCB, 0x0CCB,
    0x0CCB, 0x0CCB, 0x0CCB, 0x0CCB, 0x0CCB, 0x0CCB, 0x0CCB, 0x0CAB, 0x0CAB, 0x0CAB, 0x0CAB, 0x0CAB, 0x0CAB, 0x0CAB, 0x0CAB, 0x0CAB,
    0x0CAB, 0x0CAB, 0x0CAB, 0x0CAB, 0x0CAB, 0x046A, 0x8DD4, 0x7593, 0x046A, 0x0C8B, 0x0C8B, 0x0C8B, 0x0C8B, 0x0C8B, 0x0C6B, 0x0C6B,
    0x0C6B, 0x0C6A, 0x0C6A, 0x0C6A, 0x0C6A, 0x0C4A, 0x0C4A, 0x044A, 0x1C4B, 0x4C4E, 0x0C2A, 0x0C2A, 0x442D, 0x0C2A, 0x140A, 0x43EC,
    0x140A, 0x0409, 0x0BE9, 0x0BE9, 0x0BE9, 0x0BE9, 0x0BC9, 0x0BC9, 0x0BC9, 0x0BA9, 0x0BA9, 0x0B88, 0x0B88, 0x11A6, 0x18C5, 0x18C5,
    0x18C5, 0x18C5, 0x18C5, 0x18C5, 0x18C5, 0x18C5, 0x18C5, 0x18C5, 0x18C5, 0x18C5, 0x18C5, 0x18C5, 0x18C5, 0x18C5, 0x18C5, 0x18C5,
    0x18C5, 0x18C5, 0x18C5, 0x18C5, 0x18C5, 0x18C5, 0x18C5, 0x18C5, 0x18C5, 0x18C5, 0x18C5, 0x18C5, 0x18C5, 0x18C5, 0x18C5, 0x18C5,
    0x18C5, 0x18E5, 0x18C5, 0x2286, 0x3448, 0x3448, 0x3468, 0x2C68, 0x2C68, 0x2C68, 0x2C88, 0x2C88, 0x2C88, 0x2C89, 0x2C89, 0x2C89,
    0x2C89, 0x2CA9, 0x2CA9, 0x2CA9, 0x2CA9, 0x2CA9, 0x24A9, 0x24A9, 0x24AA, 0x24AA, 0x24AA, 0x24CA, 0x24CA, 0x24CA, 0x24CA, 0x1CCA,
    0x1CCA, 0x1CCA, 0x1CCA, 0x1CCA, 0x1CCA, 0x1CCA, 0x1CCA, 0x1CCB, 0x14CB, 0x14CB, 0x14CB, 0x14AB, 0x14AB, 0x14AB, 0x14AB, 0x0CAB,
    0x0CAB, 0x0CAB, 0x0CAB, 0x0CAB, 0x0CAB, 0x0CAB, 0x0CAB, 0x0CAB, 0x0CAB, 0x0CAB, 0x0CAB, 0x0CAB, 0x0CAB, 0x0CCB, 0x0CCB, 0x0CCB,
    0x0CCB, 0x0CCB, 0x0CCB, 0x0CCB, 0x0CCB, 0x0CCB, 0x0CCB, 0x0CCB, 0x0CCB, 0x0CCB, 0x0CCB, 0x0CCB, 0x0CCB, 0x0CCB, 0x0CCB, 0x0CAB,
    0x0CAB, 0x0CAB, 0x0CAB, 0x0CAB, 0x0CAB, 0x0CAB, 0x0CAB, 0x0CAB, 0x0CAB, 0x0CAB, 0x0CAB, 0x0CAB, 0x0CAB, 0x0CAB, 0x0CAB, 0x0C8B,
    0x0CAB, 0x046A, 0x6D72, 0x8DD4, 0x046A, 0x0C8B, 0x0C8B, 0x0C8B, 0x0C6B, 0x0C6B, 0x0C6B, 0x0C6B, 0x0C6A, 0x0C6A, 0x0C6A, 0x0C4A,
    0x0C4A, 0x0C4A, 0x044A, 0x1C4B, 0x4C4E, 0x0C2A, 0x042A, 0x0C2A, 0x3C0C, 0x0C0A, 0x0409, 0x140A, 0x3BEC, 0x13EA, 0x03E9, 0x0BE9,
    0x0BE9, 0x0BC9, 0x0BC9, 0x0BC9, 0x0BC9, 0x0BA9, 0x0B88, 0x0BA9, 0x1227, 0x18C5, 0x18C5, 0x18C5, 0x18C5, 0x18C5, 0x18C5, 0x18C5,
    0x18C5, 0x18C5, 0x18C5, 0x18C5, 0x18C5, 0x18C5, 0x18C5, 0x18C5, 0x18C5, 0x18C5, 0x18C5, 0x18C5, 0x18C5, 0x18C5, 0x18C5, 0x18C5,
    0x18C5, 0x18C5, 0x18C5, 0x18C5, 0x18C5, 0x18C5, 0x18C5, 0x18C5, 0x18C5, 0x18C5, 0x18C5, 0x18C5, 0x18C5, 0x18C5, 0x18E5, 0x18C5,
    0x22E7, 0x2C48, 0x2C48, 0x2C48, 0x2C68, 0x2C68, 0x2C68, 0x2C68, 0x2C68, 0x2C88, 0x2C89, 0x2C89, 0x2C89, 0x2C89, 0x2C89, 0x2C89,
    0x24A9, 0x24A9, 0x24A9, 0x24A9, 0x24A9, 0x24A9, 0x24AA, 0x24AA, 0x24AA, 0x24AA, 0x1CAA, 0x1CAA, 0x1CAA, 0x1CAA, 0x1CAA, 0x1CAA,
    0x1CAA, 0x1CAA, 0x14AA, 0x14AB, 0x14AB, 0x14AB, 0x14AB, 0x14AB, 0x14AB, 0x14AB, 0x0CAB, 0x0CAB, 0x0CAB, 0x0CAB, 0x0CAB, 0x0CAB,
    0x0CAB, 0x0CAB, 0x0CAB, 0x0CAB, 0x0CAB, 0x0CAB, 0x0CAB, 0x0CAB, 0x0CAB, 0x0CAB, 0x0CAB, 0x0CAB, 0x0CAB, 0x0CAB, 0x0CAB, 0x0CAB,
    0x0CAB, 0x0CAB, 0x0CAB, 0x0CAB, 0x0CAB, 0x0CAB, 0x0CAB, 0x0CAB, 0x0CAB, 0x0CAB, 0x0CAB, 0x0CAB, 0x0CAB, 0x0CAB, 0x0CAB, 0x0CAB,
    0x0CAB, 0x0CAB, 0x0CAB, 0x0CAB, 0x0CAB, 0x0CAB, 0x0CAB, 0x0CAB, 0x0CAB, 0x0C8B, 0x0C8B, 0x0C8B, 0x0C8B, 0x046A, 0x3D0E, 0xADF6,
    0x0C6A, 0x0C8B, 0x0C8B, 0x0C6B, 0x0C6B, 0x0C6B, 0x0C6A, 0x0C6A, 0x0C6A, 0x0C6A, 0x0C4A, 0x0C4A, 0x0C4A, 0x044A, 0x1C4B, 0x4C4E,
    0x0C2A, 0x0C2A, 0x0C2A, 0x0C2A, 0x3C0C, 0x0C0A, 0x0C0A, 0x0409, 0x13EA, 0x3BCB, 0x13E9, 0x03E9, 0x0BC9, 0x0BC9, 0x0BC9, 0x0BA9,
    0x0BA9, 0x0BA9, 0x0BA9, 0x1267, 0x18C5, 0x18C5, 0x18C5, 0x18C5, 0x18C5, 0x18C5, 0x18C5, 0x18C5, 0x18C5, 0x18C5, 0x18C5, 0x18C5,
    0x18C5, 0x18C5, 0x18C5, 0x18C5, 0x18C5, 0x18C5, 0x18C5, 0x18C5, 0x18C5, 0x18C5, 0x18C5, 0x18C5, 0x18C5, 0x18C5, 0x18C5, 0x18C5,
    0x18C5, 0x18C5, 0x18C5, 0x18C5, 0x18C5, 0x18C5, 0x18C5, 0x18C5, 0x18C5, 0x18C5, 0x18C5, 0x18C5, 0x18C5, 0x2B67, 0x2C48, 0x2C48,
    0x2C48, 0x2C48, 0x2C68, 0x2C68, 0x2C68, 0x2C68, 0x2C69, 0x2C69, 0x2C89, 0x2C89, 0x2489, 0x2489, 0x2489, 0x2489, 0x2489, 0x2489,
    0x2489, 0x24A9, 0x24AA, 0x24AA, 0x1CAA, 0x1CAA, 0x1CAA, 0x1CAA, 0x1CAA, 0x1CAA, 0x1CAA, 0x1CAA, 0x1CAA, 0x14AA, 0x14AA, 0x14AA,
    0x14AA, 0x14AB, 0x14AB, 0x14AB, 0x14AB, 0x0CAB, 0x0CAB, 0x0CAB, 0x0C8B, 0x0C8B, 0x0CAB, 0x0CAB, 0x0CAB, 0x0CAB, 0x0CAB, 0x0CAB,
    0x0CAB, 0x0CAB, 0x0CAB, 0x0CAB, 0x0CAB, 0x0CAB, 0x0CAB, 0x0CAB, 0x0CAB, 0x0CAB, 0x0CAB, 0x0CAB, 0x0CAB, 0x0CAB, 0x0CAB, 0x0CAB,
    0x0CAB, 0x0CAB, 0x0CAB, 0x0CAB, 0x0CAB, 0x0CAB, 0x0CAB, 0x0CAB, 0x0CAB, 0x0CAB, 0x0CAB, 0x0CAB, 0x0CAB, 0x0CAB, 0x0CAB, 0x0CAB,
    0x0CAB, 0x0CAB, 0x0C8B, 0x0C8B, 0x0C8B, 0x0C8B, 0x0C8B, 0x0C8B, 0x0C8B, 0x0C8B, 0x148B, 0xADF6, 0x2CCD, 0x046A, 0x0C6B, 0x0C6B,
    0x0C6B, 0x0C6A, 0x0C6A, 0x0C6A, 0x0C4A, 0x0C4A, 0x0C4A, 0x0C4A, 0x044A, 0x1C4B, 0x4C4D, 0x0C2A, 0x0C2A, 0x0C2A, 0x0C2A, 0x0C0A,
    0x3BEC, 0x0C0A, 0x0C09, 0x0BE9, 0x03E9, 0x13E9, 0x3BAB, 0x13C9, 0x03C9, 0x0BC9, 0x0BC9, 0x0BA9, 0x0BA9, 0x0BA9, 0x0AE8, 0x18C5,
    0x18C5, 0x18C5, 0x18C5, 0x18C5, 0x18C5, 0x18C5, 0x18C5, 0x18C5, 0x18C5, 0x18C5, 0x18C5, 0x18C5, 0x18C5, 0x18C5, 0x18C5, 0x18C5,
    0x18C5, 0x18C5, 0x18C5, 0x18C5, 0x18C5, 0x18C5, 0x18C5, 0x18C5, 0x18C5, 0x18C5, 0x18C5, 0x18C5, 0x18C5, 0x18C5, 0x18C5, 0x18C5,
    0x18C5, 0x18C5, 0x18C5, 0x18C5, 0x18C5, 0x18C5, 0x18C5, 0x18C5, 0x18C5, 0x1905, 0x2B87, 0x2C48, 0x2C28, 0x2C48, 0x2C48, 0x2C48,
    0x2C68, 0x2C68, 0x2C69, 0x2C69, 0x2469, 0x2469, 0x2469, 0x2489, 0x2489, 0x2489, 0x2489, 0x2489, 0x2489, 0x2489, 0x248A, 0x1C8A,
    0x1C8A, 0x1C8A, 0x1CAA, 0x1CAA, 0x1C8A, 0x1CAA, 0x1CAA, 0x1CAA, 0x14AA, 0x148A, 0x14AA, 0x14AA, 0x148A, 0x148A, 0x148B, 0x148B,
    0x0C8B, 0x0C8B, 0x0C8B, 0x0C8B, 0x0C8B, 0x0C8B, 0x0C8B, 0x0C8B, 0x0C8B, 0x0C8B, 0x0CAB, 0x0CAB, 0x0CAB, 0x0CAB, 0x0CAB, 0x0CAB,
    0x0CAB, 0x0CAB, 0x0CAB, 0x0CAB, 0x0CAB, 0x0CAB, 0x0CAB, 0x0CAB, 0x0CAB, 0x0CAB, 0x0CAB, 0x0CAB, 0x0CAB, 0x0CAB, 0x0CAB, 0x0CAB,
    0x0CAB, 0x0CAB, 0x0CAB, 0x0CAB, 0x0CAB, 0x0CAB, 0x0CAB, 0x0CAB, 0x0CAB, 0x0CAB, 0x0C8B, 0x0C8B, 0x0C8B, 0x0C8B, 0x0C8B, 0x0C8B,
    0x0C8B, 0x0C8B, 0x0C8B, 0x0C8B, 0x0C8B, 0x0C8B, 0x046A, 0x8D73, 0x6531, 0x0449, 0x0C6B, 0x0C6A, 0x0C6A, 0x0C6A, 0x0C6A, 0x0C4A,
    0x0C4A, 0x0C4A, 0x0C4A, 0x044A, 0x1C4B, 0x4C4D, 0x0C2A, 0x0C2A, 0x0C2A, 0x0C2A, 0x0C0A, 0x0C0A, 0x3BEC, 0x0C09, 0x0BE9, 0x0BE9,
    0x0BE9, 0x03E9, 0x13C9, 0x338B, 0x13A9, 0x03C9, 0x0BA9, 0x0BA9, 0x0BA9, 0x0B08, 0x1906, 0x18C5, 0x18C5, 0x18C5, 0x18C5, 0x18C5,
    0x18C5, 0x18C5, 0x18C5, 0x18C5, 0x18C5, 0x18C5, 0x18C5, 0x18C5, 0x18C5, 0x18C5, 0x18C5, 0x18C5, 0x18C5, 0x18C5, 0x18C5, 0x18C5,
    0x18C5, 0x18C5, 0x18C5, 0x18C5, 0x18C5, 0x18C5, 0x18C5, 0x18C5, 0x18C5, 0x18C5, 0x18C5, 0x18C5, 0x18C5, 0x18C5, 0x18C5, 0x18C5,
    0x18C5, 0x18C5, 0x18C5, 0x18C5, 0x18C5, 0x18C5, 0x1906, 0x2BE8, 0x2C28, 0x2C28, 0x2C48, 0x2C48, 0x2C48, 0x2448, 0x2468, 0x2469,
    0x2469, 0x2469, 0x2469, 0x2469, 0x2469, 0x2469, 0x2469, 0x2489, 0x2489, 0x1C89, 0x1C89, 0x1C89, 0x1C8A, 0x1C8A, 0x1C8A, 0x1C8A,
    0x1C8A, 0x1C8A, 0x1C8A, 0x148A, 0x148A, 0x148A, 0x148A, 0x148A, 0x148A, 0x148A, 0x148A, 0x0C8B, 0x0C8B, 0x0C8B, 0x0C8B, 0x0C8B,
    0x0C8B, 0x0C8B, 0x0C8B, 0x0C8B, 0x0C8B, 0x0C8B, 0x0C8B, 0x0C8B, 0x0C8B, 0x0C8B, 0x0CAB, 0x0CAB, 0x0CAB, 0x0CAB, 0x0CAB, 0x0CAB,
    0x0CAB, 0x0CAB, 0x0CAB, 0x0CAB, 0x0CAB, 0x0CAB, 0x0CAB, 0x0CAB, 0x0CAB, 0x0CAB, 0x0CAB, 0x0CAB, 0x0CAB, 0x0CAB, 0x0CAB, 0x0CAB,
    0x0CAB, 0x0CAB, 0x0CAB, 0x0C8B, 0x0C8B, 0x0C8B, 0x0C8B, 0x0C8B, 0x0C8B, 0x0C8B, 0x0C8B, 0x0C8B, 0x0C8B, 0x0C8B, 0x0C8B, 0x0C8B,
    0x0C8B, 0x0C8B, 0x046A, 0x44EE, 0x9D95, 0x046A, 0x0C6B, 0x0C6A, 0x0C6A, 0x0C4A, 0x0C4A, 0x0C4A, 0x0C4A, 0x0C4A, 0x044A, 0x244B,
    0x444D, 0x0C2A, 0x0C2A, 0x0C2A, 0x0C0A, 0x0C0A, 0x0C0A, 0x0C09, 0x3BEC, 0x0BE9, 0x0BE9, 0x0BE9, 0x0BE9, 0x0BC9, 0x03C9, 0x13A9,
    0x336A, 0x0BA9, 0x03A9, 0x0BA9, 0x0B68, 0x1906, 0x18C5, 0x18C5, 0x18C5, 0x18C5, 0x18C5, 0x18C5, 0x18C5, 0x18C5, 0x18C5, 0x18C5,
    0x18C5, 0x18C5, 0x18C5, 0x18C5, 0x18C5, 0x18C5, 0x18C5, 0x18C5, 0x18C5, 0x18C5, 0x18C5, 0x18C5, 0x18C5, 0x18C5, 0x18C5, 0x18C5,
    0x18C5, 0x18C5, 0x18C5, 0x18C5, 0x18C5, 0x18C5, 0x18C5, 0x18C5, 0x18C5, 0x18C5, 0x18C5, 0x18C5, 0x18C5, 0x18C5, 0x18C5, 0x18C5,
    0x18C5, 0x18C5, 0x18C5, 0x1986, 0x23E8, 0x2C28, 0x2C28, 0x2428, 0x2448, 0x2448, 0x2448, 0x2448, 0x2448, 0x2449, 0x2469, 0x2469,
    0x2469, 0x2469, 0x2469, 0x2469, 0x1C69, 0x1C69, 0x1C69, 0x1C69, 0x1C89, 0x1C8A, 0x1C8A, 0x1C8A, 0x1C8A, 0x148A, 0x148A, 0x148A,
    0x148A, 0x148A, 0x148A, 0x148A, 0x148A, 0x148A, 0x0C8A, 0x0C8A, 0x0C8A, 0x0C8B, 0x0C8B, 0x0C8B, 0x0C8B, 0x0C8B, 0x0C8B, 0x0C8B,
    0x0C8B, 0x0C8B, 0x0C8B, 0x0C8B, 0x0C8B, 0x0C8B, 0x0C8B, 0x0C8B, 0x0C8B, 0x0C8B, 0x0C8B, 0x0C8B, 0x0CAB, 0x0CAB, 0x0CAB, 0x0CAB,
    0x0CAB, 0x0CAB, 0x0CAB, 0x0CAB, 0x0CAB, 0x0CAB, 0x0CAB, 0x0CAB, 0x0C8B, 0x0C8B, 0x0C8B, 0x0C8B, 0x0C8B, 0x0C8B, 0x0C8B, 0x0C8B,
    0x0C8B, 0x0C8B, 0x0C8B, 0x0C8B, 0x0C8B, 0x0C8B, 0x0C8B, 0x0C8B, 0x0C8B, 0x0C8B, 0x0C8B, 0x0C8B, 0x0C6B, 0x0C6B, 0x0C6B, 0x0C6A,
    0x9D74, 0x3CCE, 0x044A, 0x0C6A, 0x0C4A, 0x0C4A, 0x0C4A, 0x0C4A, 0x0C4A, 0x042A, 0x244B, 0x444D, 0x0C2A, 0x0C2A, 0x0C2A, 0x0C0A,
    0x0C0A, 0x0C0A, 0x0C09, 0x0BE9, 0x3BCB, 0x0BE9, 0x0BE9, 0x0BE9, 0x0BC9, 0x0BC9, 0x0BC9, 0x03C9, 0x0BA9, 0x334A, 0x0B89, 0x0B68,
    0x1166, 0x18C5, 0x18C5, 0x18C5, 0x18C5, 0x18C5, 0x18C5, 0x18C5, 0x18C5, 0x18C5, 0x18C5, 0x18C5, 0x18C5, 0x18C5, 0x18C5, 0x18C5,
    0x18C5, 0x18C5, 0x18C5, 0x18C5, 0x18C5, 0x18C5, 0x18C5, 0x18C5, 0x18C5, 0x18C5, 0x18C5, 0x18C5, 0x18C5, 0x18C5, 0x18C5, 0x18C5,
    0x18C5, 0x18C5, 0x18C5, 0x18C5, 0x18C5, 0x18C5, 0x18C5, 0x18C5, 0x18C5, 0x18C5, 0x18C5, 0x18C5, 0x18C5, 0x18C5, 0x18C5, 0x18C5,
    0x1986, 0x23E8, 0x2428, 0x2428, 0x2428, 0x2428, 0x2448, 0x2448, 0x2449, 0x2449, 0x2449, 0x2449, 0x2449, 0x2449, 0x1C69, 0x1C69,
    0x1C69, 0x1C69, 0x1C69, 0x1C69, 0x1C69, 0x1C6A, 0x1C6A, 0x1C6A, 0x146A, 0x146A, 0x146A, 0x146A, 0x146A, 0x146A, 0x146A, 0x146A,
    0x0C6A, 0x0C6A, 0x0C6A, 0x0C6A, 0x0C6A, 0x0C6B, 0x0C6B, 0x0C6B, 0x0C8B, 0x0C8B, 0x0C8B, 0x0C8B, 0x0C8B, 0x0C8B, 0x0C8B, 0x0C8B,
    0x0C8B, 0x0C8B, 0x0C8B, 0x0C8B, 0x0C8B, 0x0C8B, 0x0C8B, 0x0C8B, 0x0C8B, 0x0C8B, 0x0C8B, 0x0C8B, 0x0C8B, 0x0C8B, 0x0C8B, 0x0C8B,
    0x0C8B, 0x0C8B, 0x0C8B, 0x0C8B, 0x0C8B, 0x0C8B, 0x0C8B, 0x0C8B, 0x0C8B, 0x0C8B, 0x0C8B, 0x0C8B, 0x0C8B, 0x0C8B, 0x0C8B, 0x0C8B,
    0x0C8B, 0x0C8B, 0x0C8B, 0x0C8B, 0x0C6B, 0x0C6B, 0x0C6B, 0x0C6B, 0x0C6B, 0x0C6B, 0x0C6B, 0x0449, 0x4CCF, 0x9533, 0x044A, 0x0C4A,
    0x0C4A, 0x0C4A, 0x0C4A, 0x0C4A, 0x042A, 0x244B, 0x444D, 0x0C2A, 0x0C2A, 0x0C2A, 0x0C0A, 0x0C0A, 0x0C0A, 0x0C09, 0x0BE9, 0x0BE9,
    0x33AB, 0x0BE9, 0x0BC9, 0x0BC9, 0x0BC9, 0x0BC9, 0x0BC9, 0x0BA9, 0x03A9, 0x0B89, 0x2B09, 0x1966, 0x18C5, 0x18C5, 0x18C5, 0x18C5,
    0x18C5, 0x18C5, 0x18C5, 0x18C5, 0x18C5, 0x18C5, 0x18C5, 0x18C5, 0x18C5, 0x18C5, 0x18C5, 0x18C5, 0x18C5, 0x18C5, 0x18C5, 0x18C5,
    0x18C5, 0x18C5, 0x18C5, 0x18C5, 0x18C5, 0x18C5, 0x18C5, 0x18C5, 0x18C5, 0x18C5, 0x18C5, 0x18C5, 0x18C5, 0x18C5, 0x18C5, 0x18C5,
    0x18C5, 0x18C5, 0x18C5, 0x18C5, 0x18C5, 0x18C5, 0x18C5, 0x18C5, 0x18C5, 0x18C5, 0x18C5, 0x18E5, 0x18C5, 0x1986, 0x23E8, 0x2408,
    0x2408, 0x2428, 0x2428, 0x2428, 0x2428, 0x2448, 0x2449, 0x2449, 0x2449, 0x1C49, 0x1C49, 0x1C49, 0x1C49, 0x1C69, 0x1C69, 0x1C69,
    0x1C69, 0x1C69, 0x146A, 0x146A, 0x146A, 0x146A, 0x146A, 0x146A, 0x146A, 0x146A, 0x146A, 0x0C6A, 0x0C6A, 0x0C6A, 0x0C6A, 0x0C6A,
    0x0C6A, 0x0C6B, 0x0C6B, 0x0C6B, 0x0C6B, 0x0C6B, 0x0C8B, 0x0C8B, 0x0C8B, 0x0C8B, 0x0C8B, 0x0C8B, 0x0C8B, 0x0C8B, 0x0C8B, 0x0C8B,
    0x0C8B, 0x0C8B, 0x0C8B, 0x0C8B, 0x0C8B, 0x0C8B, 0x0C8B, 0x0C8B, 0x0C8B, 0x0C8B, 0x0C8B, 0x0C8B, 0x0C8B, 0x0C8B, 0x0C8B, 0x0C8B,
    0x0C8B, 0x0C8B, 0x0C8B, 0x0C8B, 0x0C8B, 0x0C8B, 0x0C8B, 0x0C8B, 0x0C8B, 0x0C8B, 0x0C8B, 0x0C8B, 0x0C8B, 0x0C6B, 0x0C6B, 0x0C6B,
    0x0C6B, 0x0C6B, 0x0C6B, 0x0C6A, 0x0C6A, 0x0C6A, 0x0C6A, 0x0C6A, 0x0C4A, 0x9513, 0x44AE, 0x0429, 0x0C4A, 0x0C4A, 0x0C4A, 0x042A,
    0x242B, 0x442D, 0x0C2A, 0x0C2A, 0x0C0A, 0x0C0A, 0x0C0A, 0x0C09, 0x0C09, 0x0BE9, 0x0BE9, 0x0BE9, 0x33AB, 0x0BC9, 0x0BC9, 0x0BC9,
    0x0BC9, 0x0BA9, 0x0BA9, 0x0BA9, 0x0BA9, 0x0B68, 0x1966, 0x18C5, 0x18C5, 0x18C5, 0x18C5, 0x18C5, 0x18C5, 0x18C5, 0x18C5, 0x18C5,
    0x18C5, 0x18C5, 0x18C5, 0x18C5, 0x18C5, 0x18C5, 0x18C5, 0x18C5, 0x18C5, 0x18C5, 0x18C5, 0x18C5, 0x18C5, 0x18C5, 0x18C5, 0x18C5,
    0x18C5, 0x18C5, 0x18C5, 0x18C5, 0x18C5, 0x18C5, 0x18C5, 0x18C5, 0x18C5, 0x18C5, 0x18C5, 0x18C5, 0x18C5, 0x18C5, 0x18C5, 0x18C5,
    0x18C5, 0x18C5, 0x18C5, 0x18C5, 0x18C5, 0x18C5, 0x18C5, 0x18C5, 0x18E5, 0x18C5, 0x1986, 0x23C8, 0x2408, 0x2408, 0x2428, 0x2428,
    0x2428, 0x2428, 0x2428, 0x1C29, 0x1C29, 0x1C49, 0x1C49, 0x1C49, 0x1C49, 0x1C49, 0x1C49, 0x1C49, 0x1C49, 0x1449, 0x1449, 0x144A,
    0x144A, 0x144A, 0x144A, 0x144A, 0x146A, 0x144A, 0x0C4A, 0x0C4A, 0x0C4A, 0x0C4A, 0x0C4A, 0x0C6A, 0x0C6A, 0x0C6A, 0x0C6A, 0x0C6A,
    0x0C6B, 0x0C6B, 0x0C6B, 0x0C6B, 0x0C6B, 0x0C6B, 0x0C6B, 0x0C8B, 0x0C8B, 0x0C8B, 0x0C8B, 0x0C8B, 0x0C8B, 0x0C8B, 0x0C8B, 0x0C8B,
    0x0C8B, 0x0C8B, 0x0C8B, 0x0C8B, 0x0C8B, 0x0C8B, 0x0C8B, 0x0C8B, 0x0C8B, 0x0C8B, 0x0C8B, 0x0C8B, 0x0C8B, 0x0C8B, 0x0C8B, 0x0C8B,
    0x0C8B, 0x0C8B, 0x0C8B, 0x0C8B, 0x0C8B, 0x0C6B, 0x0C8B, 0x0C6B, 0x0C6B, 0x0C6B, 0x0C6B, 0x0C6B, 0x0C6B, 0x0C6A, 0x0C6A, 0x0C6A,
    0x0C6A, 0x0C6A, 0x0C4A, 0x0C4A, 0x044A, 0x348D, 0x9D13, 0x144B, 0x0C2A, 0x0C2A, 0x042A, 0x242B, 0x442D, 0x0C2A, 0x0C2A, 0x0C0A,
    0x0C0A, 0x0C0A, 0x0C09, 0x0C09, 0x0BE9, 0x0BE9, 0x0BE9, 0x0BE9, 0x33AB, 0x0BC9, 0x0BC9, 0x0BC9, 0x0BA9, 0x0BA9, 0x0BA9, 0x0BA9,
    0x0B48, 0x1166, 0x18C5, 0x18C5, 0x18C5, 0x18C5, 0x18C5, 0x18C5, 0x18C5, 0x18C5, 0x18C5, 0x18C5, 0x18C5, 0x18C5, 0x18C5, 0x18C5,
    0x18C5, 0x18C5, 0x18C5, 0x18C5, 0x18C5, 0x18C5, 0x18C5, 0x18C5, 0x18C5, 0x18C5, 0x18C5, 0x18C5, 0x18C5, 0x18C5, 0x18C5, 0x18C5,
    0x18C5, 0x18C5, 0x18C5, 0x18C5, 0x18C5, 0x18C5, 0x18C5, 0x18C5, 0x18C5, 0x18C5, 0x18C5, 0x18C5, 0x18C5, 0x18C5, 0x18C5, 0x18C5,
    0x18C5, 0x18C5, 0x18C5, 0x18C5, 0x18C5, 0x18C5, 0x18C5, 0x1926, 0x2367, 0x2408, 0x2408, 0x2408, 0x2408, 0x1C28, 0x1C28, 0x1C29,
    0x1C29, 0x1C29, 0x1C29, 0x1C29, 0x1C29, 0x1C49, 0x1C49, 0x1C49, 0x1449, 0x1449, 0x1449, 0x144A, 0x144A, 0x144A, 0x144A, 0x144A,
    0x144A, 0x0C4A, 0x0C4A, 0x0C4A, 0x0C4A, 0x0C4A, 0x0C4A, 0x0C4A, 0x0C4A, 0x0C6A, 0x0C6A, 0x0C6A, 0x0C6A, 0x0C6A, 0x0C6A, 0x0C6B,
    0x0C6B, 0x0C6B, 0x0C6B, 0x0C6B, 0x0C6B, 0x0C6B, 0x0C8B, 0x0C6B, 0x0C8B, 0x0C8B, 0x0C8B, 0x0C8B, 0x0C8B, 0x0C8B, 0x0C8B, 0x0C8B,
    0x0C8B, 0x0C8B, 0x0C8B, 0x0C8B, 0x0C8B, 0x0C8B, 0x0C8B, 0x0C8B, 0x0C8B, 0x0C8B, 0x0C8B, 0x0C8B, 0x0C6B, 0x0C8B, 0x0C6B, 0x0C6B,
    0x0C6B, 0x0C6B, 0x0C6B, 0x0C6B, 0x0C6B, 0x0C6A, 0x0C6A, 0x0C6A, 0x0C6A, 0x0C6A, 0x0C6A, 0x0C4A, 0x0C4A, 0x0C4A, 0x0C4A, 0x0C4A,
    0x0C4A, 0x0429, 0x64AF, 0x7CB1, 0x0429, 0x042A, 0x242B, 0x442D, 0x0C2A, 0x0C0A, 0x0C0A, 0x0C0A, 0x0C09, 0x0C09, 0x0BE9, 0x0BE9,
    0x0BE9, 0x0BE9, 0x0BE9, 0x0BC9, 0x338A, 0x0BC9, 0x0BC9, 0x0BA9, 0x0BA9, 0x0BA9, 0x0BA9, 0x0B08, 0x1906, 0x18C5, 0x18C5, 0x18C5,
    0x18C5, 0x18C5, 0x18C5, 0x18C5, 0x18C5, 0x18C5, 0x18C5, 0x18C5, 0x18C5, 0x18C5, 0x18C5, 0x18C5, 0x18C5, 0x18C5, 0x18C5, 0x18C5,
    0x18C5, 0x18C5, 0x18C5, 0x18C5, 0x18C5, 0x18C5, 0x18C5, 0x18C5, 0x18C5, 0x18C5, 0x18C5, 0x18C5, 0x18C5, 0x18C5, 0x18C5, 0x18C5,
    0x18C5, 0x18C5, 0x18C5, 0x18C5, 0x18C5, 0x18C5, 0x18C5, 0x18C5, 0x18C5, 0x18C5, 0x18C5, 0x18C5, 0x18C5, 0x18C5, 0x18C5, 0x18C5,
    0x18C5, 0x18C5, 0x18C5, 0x18C5, 0x1905, 0x1B47, 0x2408, 0x1BE8, 0x1C08, 0x1C08, 0x1C08, 0x1C08, 0x1C29, 0x1C29, 0x1C29, 0x1C29,
    0x1C29, 0x1C29, 0x1C29, 0x1429, 0x1429, 0x1429, 0x1429, 0x1449, 0x144A, 0x144A, 0x144A, 0x144A, 0x0C4A, 0x0C4A, 0x0C4A, 0x0C4A,
    0x0C4A, 0x0C4A, 0x0C4A, 0x0C4A, 0x0C4A, 0x0C4A, 0x0C4A, 0x0C4A, 0x0C6A, 0x0C6A, 0x0C6A, 0x0C6A, 0x0C6A, 0x0C6A, 0x0C6B, 0x0C6B,
    0x0C6B, 0x0C6B, 0x0C6B, 0x0C6B, 0x0C6B, 0x0C6B, 0x0C6B, 0x0C6B, 0x0C6B, 0x0C6B, 0x0C8B, 0x0C8B, 0x0C8B, 0x0C8B, 0x0C8B, 0x0C8B,
    0x0C8B, 0x0C8B, 0x0C8B, 0x0C6B, 0x0C6B, 0x0C6B, 0x0C6B, 0x0C6B, 0x0C6B, 0x0C6B, 0x0C6B, 0x0C6B, 0x0C6B, 0x0C6B, 0x0C6A, 0x0C6A,
    0x0C6A, 0x0C6A, 0x0C6A, 0x0C6A, 0x0C4A, 0x0C4A, 0x0C4A, 0x0C4A, 0x0C4A, 0x0C4A, 0x0C4A, 0x0C4A, 0x0C2A, 0x0C2A, 0x0429, 0x7C91,
    0x5C6F, 0x140A, 0x442D, 0x0C2A, 0x0C0A, 0x0C0A, 0x0C0A, 0x0C09, 0x0C09, 0x0BE9, 0x0BE9, 0x0BE9, 0x0BE9, 0x0BC9, 0x0BC9, 0x0BC9,
    0x338A, 0x0BC9, 0x0BA9, 0x0BA9, 0x0B88, 0x0BA9, 0x0AE8, 0x1906, 0x18C5, 0x18C5, 0x18C5, 0x18C5, 0x18C5, 0x18C5, 0x18C5, 0x18C5,
    0x18C5, 0x18C5, 0x18C5, 0x18C5, 0x18C5, 0x18C5, 0x18C5, 0x18C5, 0x18C5, 0x18C5, 0x18C5, 0x18C5, 0x18C5, 0x18C5, 0x18C5, 0x18C5,
    0x18C5, 0x18C5, 0x18C5, 0x18C5, 0x18C5, 0x18C5, 0x18C5, 0x18C5, 0x18C5, 0x18C5, 0x18C5, 0x18C5, 0x18C5, 0x18C5, 0x18C5, 0x18C5,
    0x18C5, 0x18C5, 0x18C5, 0x18C5, 0x18C5, 0x18C5, 0x18C5, 0x18C5, 0x18C5, 0x18C5, 0x18C5, 0x18C5, 0x18C5, 0x18C5, 0x18C5, 0x18C5,
    0x18C5, 0x18E5, 0x1AA7, 0x1BE8, 0x1BE8, 0x1C08, 0x1C08, 0x1C08, 0x1C08, 0x1C09, 0x1C09, 0x1C09, 0x1C09, 0x1C29, 0x1429, 0x1429,
    0x1429, 0x1429, 0x1429, 0x1429, 0x1429, 0x1429, 0x0C2A, 0x0C2A, 0x0C2A, 0x0C2A, 0x0C2A, 0x0C2A, 0x0C2A, 0x0C4A, 0x0C4A, 0x0C4A,
    0x0C4A, 0x0C4A, 0x0C4A, 0x0C4A, 0x0C4A, 0x0C4A, 0x0C4A, 0x0C6A, 0x0C6A, 0x0C6A, 0x0C6A, 0x0C6A, 0x0C6A, 0x0C6A, 0x0C6A, 0x0C6B,
    0x0C6B, 0x0C6B, 0x0C6B, 0x0C6B, 0x0C6B, 0x0C6B, 0x0C6B, 0x0C6B, 0x0C6B, 0x0C6B, 0x0C6B, 0x0C6B, 0x0C6B, 0x0C6B, 0x0C6B, 0x0C6B,
    0x0C6B, 0x0C6B, 0x0C6B, 0x0C6B, 0x0C6B, 0x0C6A, 0x0C6A, 0x0C6A, 0x0C6A, 0x0C6A, 0x0C6A, 0x0C6A, 0x0C6A, 0x0C4A, 0x0C4A, 0x0C4A,
    0x0C4A, 0x0C4A, 0x0C4A, 0x0C4A, 0x0C4A, 0x0C4A, 0x0C4A, 0x0C2A, 0x0C2A, 0x0C2A, 0x0C2A, 0x0C2A, 0x8471, 0x6C2F, 0x0409, 0x0C0A,
    0x0C0A, 0x0C09, 0x0C09, 0x0BE9, 0x0BE9, 0x0BE9, 0x0BE9, 0x0BE9, 0x0BC9, 0x0BC9, 0x0BC9, 0x0BC9, 0x336A, 0x0BA9, 0x0BA9, 0x0BA9,
    0x0BA9, 0x1267, 0x18C5, 0x18C5, 0x18C5, 0x18C5, 0x18C5, 0x18C5, 0x18C5, 0x18C5, 0x18C5, 0x18C5, 0x18C5, 0x18C5, 0x18C5, 0x18C5,
    0x18C5, 0x18C5, 0x18C5, 0x18C5, 0x18C5, 0x18C5, 0x18C5, 0x18C5, 0x18C5, 0x18C5, 0x18C5, 0x18C5, 0x18C5, 0x18C5, 0x18C5, 0x18C5,
    0x18C5, 0x18C5, 0x18C5, 0x18C5, 0x18C5, 0x18C5, 0x18C5, 0x18C5, 0x18C5, 0x18C5, 0x18C5, 0x18C5, 0x18C5, 0x18C5, 0x18C5, 0x18C5,
    0x18C5, 0x18C5, 0x18C5, 0x18C5, 0x18C5, 0x18C5, 0x18C5, 0x18C5, 0x18C5, 0x18C5, 0x18C5, 0x18C5, 0x18C5, 0x18C5, 0x18C5, 0x1A47,
    0x1BE8, 0x1BE8, 0x1BE8, 0x1BE8, 0x1C08, 0x1C08, 0x1C09, 0x1C09, 0x1409, 0x1409, 0x1409, 0x1409, 0x1409, 0x1409, 0x1429, 0x1429,
    0x1429, 0x0C29, 0x0C2A, 0x0C2A, 0x0C2A, 0x0C2A, 0x0C2A, 0x0C2A, 0x0C2A, 0x0C2A, 0x0C2A, 0x0C2A, 0x0C4A, 0x0C4A, 0x0C4A, 0x0C4A,
    0x0C4A, 0x0C4A, 0x0C4A, 0x0C4A, 0x0C4A, 0x0C4A, 0x0C4A, 0x0C6A, 0x0C6A, 0x0C6A, 0x0C6A, 0x0C6A, 0x0C6A, 0x0C6A, 0x0C6A, 0x0C6A,
    0x0C6A, 0x0C6A, 0x0C6A, 0x0C6A, 0x0C6A, 0x0C6A, 0x0C6A, 0x0C6A, 0x0C6A, 0x0C6A, 0x0C6A, 0x0C6A, 0x0C6A, 0x0C6A, 0x0C6A, 0x0C6A,
    0x0C6A, 0x0C6A, 0x0C6A, 0x0C6A, 0x0C6A, 0x0C4A, 0x0C4A, 0x0C4A, 0x0C4A, 0x0C4A, 0x0C4A, 0x0C4A, 0x0C4A, 0x0C4A, 0x0C4A, 0x0C4A,
    0x0C4A, 0x0C2A, 0x0C2A, 0x0C2A, 0x0C2A, 0x0C2A, 0x0C2A, 0x0429, 0x140A, 0x7C50, 0x5C2E, 0x0409, 0x0C09, 0x0C0A, 0x0BE9, 0x0BE9,
    0x0BE9, 0x0BE9, 0x0BE9, 0x0BC9, 0x0BC9, 0x0BC9, 0x0BC9, 0x0BC9, 0x2B6A, 0x0BA9, 0x0BA9, 0x0BA8, 0x1227, 0x18C5, 0x18C5, 0x18C5,
    0x18C5, 0x18C5, 0x18C5, 0x18C5, 0x18C5, 0x18C5, 0x18C5, 0x18C5, 0x18C5, 0x18C5, 0x18C5, 0x18C5, 0x18C5, 0x18C5, 0x18C5, 0x18C5,
    0x18C5, 0x18C5, 0x18C5, 0x18C5, 0x18C5, 0x18C5, 0x18C5, 0x18C5, 0x18C5, 0x18C5, 0x18C5, 0x18C5, 0x18C5, 0x18C5, 0x18C5, 0x18C5,
    0x18C5, 0x18C5, 0x18C5, 0x18C5, 0x18C5, 0x18C5, 0x18C5, 0x18C5, 0x18C5, 0x18C5, 0x18C5, 0x18C5, 0x18C5, 0x18C5, 0x18C5, 0x18C5,
    0x18C5, 0x18C5, 0x18C5, 0x18C5, 0x18C5, 0x18C5, 0x18C5, 0x18C5, 0x18C5, 0x18C5, 0x18C5, 0x18C5, 0x19C6, 0x1BA8, 0x1BE8, 0x1BE8,
    0x1BE8, 0x1BE8, 0x13E8, 0x13E9, 0x1409, 0x1409, 0x1409, 0x1409, 0x1409, 0x1409, 0x1409, 0x1409, 0x0C09, 0x0C09, 0x0C09, 0x0C09,
    0x0C0A, 0x0C0A, 0x0C2A, 0x0C2A, 0x0C2A, 0x0C2A, 0x0C2A, 0x0C2A, 0x0C2A, 0x0C2A, 0x0C4A, 0x0C4A, 0x0C4A, 0x0C4A, 0x0C4A, 0x0C4A,
    0x0C4A, 0x0C4A, 0x0C4A, 0x0C4A, 0x0C4A, 0x0C4A, 0x0C4A, 0x0C4A, 0x0C6A, 0x0C6A, 0x0C6A, 0x0C6A, 0x0C6A, 0x0C6A, 0x0C6A, 0x0C6A,
    0x0C6A, 0x0C6A, 0x0C6A, 0x0C6A, 0x0C6A, 0x0C6A, 0x0C6A, 0x0C6A, 0x0C6A, 0x0C6A, 0x0C6A, 0x0C6A, 0x0C4A, 0x0C4A, 0x0C4A, 0x0C4A,
    0x0C4A, 0x0C4A, 0x0C4A, 0x0C4A, 0x0C4A, 0x0C4A, 0x0C4A, 0x0C4A, 0x0C4A, 0x0C4A, 0x0C2A, 0x0C2A, 0x0C2A, 0x0C2A, 0x0C2A, 0x0C2A,
    0x0C2A, 0x0C2A, 0x0C0A, 0x0C0A, 0x0409, 0x0C0A, 0x6C2F, 0x6C0F, 0x13EA, 0x03E9, 0x0BE9, 0x0BE9, 0x0BE9, 0x0BE9, 0x0BC9, 0x0BC9,
    0x0BC9, 0x0BC9, 0x0BA9, 0x0BA9, 0x2B4A, 0x0BA9, 0x0B68, 0x11C6, 0x18C5, 0x18C5, 0x18C5, 0x18C5, 0x18C5, 0x18C5, 0x18C5, 0x18C5,
    0x18C5, 0x18C5, 0x18C5, 0x18C5, 0x18C5, 0x18C5, 0x18C5, 0x18C5, 0x18C5, 0x18C5, 0x18C5, 0x18C5, 0x18C5, 0x18C5, 0x18C5, 0x18C5,
    0x18C5, 0x18C5, 0x18C5, 0x18C5, 0x18C5, 0x18C5, 0x18C5, 0x18C5, 0x18C5, 0x18C5, 0x18C5, 0x18C5, 0x18C5, 0x18C5, 0x18C5, 0x18C5,
    0x18C5, 0x18C5, 0x18C5, 0x18C5, 0x18C5, 0x18C5, 0x18C5, 0x18C5, 0x18C5, 0x18C5, 0x18C5, 0x18C5, 0x18C5, 0x18C5, 0x18C5, 0x18C5,
    0x18C5, 0x18C5, 0x18C5, 0x18C5, 0x18C5, 0x18C5, 0x18C5, 0x18E5, 0x18C5, 0x1946, 0x1B27, 0x1BE8, 0x13C8, 0x13E8, 0x13E8, 0x13E8,
    0x13E9, 0x13E9, 0x13E9, 0x13E9, 0x13E9, 0x1409, 0x1409, 0x0C09, 0x0C09, 0x0C09, 0x0C09, 0x0C09, 0x0C09, 0x0C0A, 0x0C0A, 0x0C0A,
    0x0C0A, 0x0C2A, 0x0C2A, 0x0C2A, 0x0C2A, 0x0C2A, 0x0C2A, 0x0C2A, 0x0C2A, 0x0C2A, 0x0C4A, 0x0C4A, 0x0C4A, 0x0C4A, 0x0C4A, 0x0C4A,
    0x0C4A, 0x0C4A, 0x0C4A, 0x0C4A, 0x0C4A, 0x0C4A, 0x0C4A, 0x0C4A, 0x0C4A, 0x0C4A, 0x0C4A, 0x0C4A, 0x0C4A, 0x0C4A, 0x0C4A, 0x0C4A,
    0x0C4A, 0x0C4A, 0x0C4A, 0x0C4A, 0x0C4A, 0x0C4A, 0x0C4A, 0x0C4A, 0x0C4A, 0x0C4A, 0x0C4A, 0x0C4A, 0x0C4A, 0x0C4A, 0x0C4A, 0x0C4A,
    0x0C4A, 0x0C4A, 0x0C4A, 0x0C2A, 0x0C2A, 0x0C2A, 0x0C2A, 0x0C2A, 0x0C2A, 0x0C2A, 0x0C2A, 0x0C0A, 0x0C0A, 0x0C0A, 0x0C0A, 0x0C0A,
    0x0C0A, 0x0C09, 0x03E9, 0x4C0D, 0x7BEF, 0x3BEC, 0x03E9, 0x03E9, 0x0BC9, 0x0BC9, 0x0BC9, 0x0BC9, 0x0BC9, 0x0BA9, 0x0BA9, 0x0BA9,
    0x2B49, 0x0AE8, 0x1926, 0x18C5, 0x18C5, 0x18C5, 0x18C5, 0x18C5, 0x18C5, 0x18C5, 0x18C5, 0x18C5, 0x18C5, 0x18C5, 0x18C5, 0x18C5,
    0x18C5, 0x18C5, 0x18C5, 0x18C5, 0x18C5, 0x18C5, 0x18C5, 0x18C5, 0x18C5, 0x18C5, 0x18C5, 0x18C5, 0x18C5, 0x18C5, 0x18C5, 0x18C5,
    0x18C5, 0x18C5, 0x18C5, 0x18C5, 0x18C5, 0x18C5, 0x18C5, 0x18C5, 0x18C5, 0x18C5, 0x18C5, 0x18C5, 0x18C5, 0x18C5, 0x18C5, 0x18C5,
    0x18C5, 0x18C5, 0x18C5, 0x18C5, 0x18C5, 0x18C5, 0x18C5, 0x18C5, 0x18C5, 0x18C5, 0x18C5, 0x18C5, 0x18C5, 0x18C5, 0x18C5, 0x18C5,
    0x18C5, 0x18C5, 0x18C5, 0x18C5, 0x18E5, 0x18C5, 0x18E5, 0x1A87, 0x13C8, 0x13C8, 0x13C8, 0x13E8, 0x13E9, 0x13E9, 0x13E9, 0x13E9,
    0x13E9, 0x13E9, 0x0BE9, 0x0BE9, 0x0BE9, 0x0BE9, 0x0BE9, 0x0BE9, 0x0C09, 0x0C09, 0x0C09, 0x0C0A, 0x0C0A, 0x0C0A, 0x0C0A, 0x0C2A,
    0x0C2A, 0x0C2A, 0x0C2A, 0x0C2A, 0x0C2A, 0x0C2A, 0x0C2A, 0x0C2A, 0x0C2A, 0x0C4A, 0x0C2A, 0x0C4A, 0x0C4A, 0x0C4A, 0x0C4A, 0x0C4A,
    0x0C4A, 0x0C4A, 0x0C4A, 0x0C4A, 0x0C4A, 0x0C4A, 0x0C4A, 0x0C4A, 0x0C4A, 0x0C4A, 0x0C4A, 0x0C4A, 0x0C4A, 0x0C4A, 0x0C4A, 0x0C4A,
    0x0C4A, 0x0C4A, 0x0C4A, 0x0C4A, 0x0C4A, 0x0C4A, 0x0C4A, 0x0C4A, 0x0C4A, 0x0C2A, 0x0C4A, 0x0C2A, 0x0C2A, 0x0C2A, 0x0C2A, 0x0C2A,
    0x0C2A, 0x0C2A, 0x0C2A, 0x0C2A, 0x0C2A, 0x0C0A, 0x0C0A, 0x0C0A, 0x0C0A, 0x0C0A, 0x0C09, 0x0C09, 0x0BE9, 0x0BE9, 0x0BE9, 0x03E9,
    0x23EA, 0x63CE, 0x63AE, 0x33CB, 0x0BC9, 0x03C9, 0x03C9, 0x0BA9, 0x0BA9, 0x0BA9, 0x0BA9, 0x0B89, 0x2228, 0x18C5, 0x18C5, 0x18C5,
    0x18C5, 0x18C5, 0x18C5, 0x18C5, 0x18C5, 0x18C5, 0x18C5, 0x18C5, 0x18C5, 0x18C5, 0x18C5, 0x18C5, 0x18C5, 0x18C5, 0x18C5, 0x18C5,
    0x18C5, 0x18C5, 0x18C5, 0x18C5, 0x18C5, 0x18C5, 0x18C5, 0x18C5, 0x18C5, 0x18C5, 0x18C5, 0x18C5, 0x18C5, 0x18C5, 0x18C5, 0x18C5,
    0x18C5, 0x18C5, 0x18C5, 0x18C5, 0x18C5, 0x18C5, 0x18C5, 0x18C5, 0x18C5, 0x18C5, 0x18C5, 0x18C5, 0x18C5, 0x18C5, 0x18C5, 0x18C5,
    0x18C5, 0x18C5, 0x18C5, 0x18C5, 0x18C5, 0x18C5, 0x18C5, 0x18C5, 0x18C5, 0x18C5, 0x18C5, 0x18C5, 0x18C5, 0x18C5, 0x18C5, 0x18C5,
    0x18C5, 0x18C5, 0x18C5, 0x18C5, 0x19C6, 0x1368, 0x13C8, 0x13C8, 0x13C8, 0x13C8, 0x13C9, 0x13C9, 0x0BE9, 0x0BE9, 0x0BE9, 0x0BE9,
    0x0BE9, 0x0BE9, 0x0BE9, 0x0BE9, 0x0BE9, 0x0BE9, 0x0C09, 0x0C09, 0x0C0A, 0x0C0A, 0x0C0A, 0x0C0A, 0x0C0A, 0x0C2A, 0x0C2A, 0x0C2A,
    0x0C2A, 0x0C2A, 0x0C2A, 0x0C2A, 0x0C2A, 0x0C2A, 0x0C2A, 0x0C2A, 0x0C2A, 0x0C2A, 0x0C4A, 0x0C2A, 0x0C4A, 0x0C4A, 0x0C4A, 0x0C4A,
    0x0C4A, 0x0C4A, 0x0C4A, 0x0C4A, 0x0C4A, 0x0C4A, 0x0C4A, 0x0C4A, 0x0C4A, 0x0C4A, 0x0C4A, 0x0C4A, 0x0C4A, 0x0C4A, 0x0C4A, 0x0C4A,
    0x0C2A, 0x0C4A, 0x0C2A, 0x0C2A, 0x0C2A, 0x0C2A, 0x0C2A, 0x0C2A, 0x0C2A, 0x0C2A, 0x0C2A, 0x0C2A, 0x0C2A, 0x0C2A, 0x0C0A, 0x0C0A,
    0x0C0A, 0x0C0A, 0x0C0A, 0x0C0A, 0x0C09, 0x0C09, 0x0BE9, 0x0BE9, 0x0BE9, 0x0BE9, 0x0BE9, 0x0BE9, 0x03E9, 0x03C9, 0x33CB, 0x638D,
    0x638D, 0x438B, 0x238A, 0x0BA9, 0x03A8, 0x03A8, 0x0368, 0x11C6, 0x18C5, 0x18C5, 0x18C5, 0x18C5, 0x18C5, 0x18C5, 0x18C5, 0x18C5,
    0x18C5, 0x18C5, 0x18C5, 0x18C5, 0x18C5, 0x18C5, 0x18C5, 0x18C5, 0x18C5, 0x18C5, 0x18C5, 0x18C5, 0x18C5, 0x18C5, 0x18C5, 0x18C5,
    0x18C5, 0x18C5, 0x18C5, 0x18C5, 0x18C5, 0x18C5, 0x18C5, 0x18C5, 0x18C5, 0x18C5, 0x18C5, 0x18C5, 0x18C5, 0x18C5, 0x18C5, 0x18C5,
    0x18C5, 0x18C5, 0x18C5, 0x18C5, 0x18C5, 0x18C5, 0x18C5, 0x18C5, 0x18C5, 0x18C5, 0x18C5, 0x18C5, 0x18C5, 0x18C5, 0x18C5, 0x18C5,
    0x18C5, 0x18C5, 0x18C5, 0x18C5, 0x18C5, 0x18C5, 0x18C5, 0x18C5, 0x18C5, 0x18C5, 0x18C5, 0x18C5, 0x18C5, 0x18C5, 0x18C5, 0x18C5,
    0x18C5, 0x1926, 0x12C7, 0x13C8, 0x13C8, 0x13C8, 0x13C8, 0x0BC9, 0x0BC9, 0x0BC9, 0x0BC9, 0x0BC9, 0x0BC9, 0x0BE9, 0x0BE9, 0x0BE9,
    0x0BE9, 0x0BE9, 0x0BE9, 0x0BE9, 0x0BE9, 0x0C09, 0x0C09, 0x0C0A, 0x0C0A, 0x0C0A, 0x0C0A, 0x0C0A, 0x0C0A, 0x0C2A, 0x0C2A, 0x0C2A,
    0x0C2A, 0x0C2A, 0x0C2A, 0x0C2A, 0x0C2A, 0x0C2A, 0x0C2A, 0x0C2A, 0x0C2A, 0x0C2A, 0x0C2A, 0x0C2A, 0x0C2A, 0x0C2A, 0x0C2A, 0x0C2A,
    0x0C4A, 0x0C4A, 0x0C4A, 0x0C4A, 0x0C2A, 0x0C2A, 0x0C2A, 0x0C2A, 0x0C2A, 0x0C2A, 0x0C2A, 0x0C2A, 0x0C2A, 0x0C2A, 0x0C2A, 0x0C2A,
    0x0C2A, 0x0C2A, 0x0C2A, 0x0C2A, 0x0C2A, 0x0C2A, 0x0C2A, 0x0C0A, 0x0C0A, 0x0C0A, 0x0C0A, 0x0C0A, 0x0C0A, 0x0C0A, 0x0C09, 0x0BE9,
    0x0BE9, 0x0BE9, 0x0BE9, 0x0BE9, 0x0BE9, 0x0BE9, 0x0BC9, 0x0BC9, 0x0BC9, 0x0BC9, 0x03C9, 0x03C9, 0x23AA, 0x436B, 0x5B4C, 0x5B4C,
    0x4B4B, 0x3269, 0x1906, 0x18C5, 0x18C5, 0x18C5, 0x18C5, 0x18C5, 0x18C5, 0x18C5, 0x18C5, 0x18C5, 0x18C5, 0x18C5, 0x18C5, 0x18C5,
    0x18C5, 0x18C5, 0x18C5, 0x18C5, 0x18C5, 0x18C5, 0x18C5, 0x18C5, 0x18C5, 0x18C5, 0x18C5, 0x18C5, 0x18C5, 0x18C5, 0x18C5, 0x18C5,
    0x18C5, 0x18C5, 0x18C5, 0x18C5, 0x18C5, 0x18C5, 0x18C5, 0x18C5, 0x18C5, 0x18C5, 0x18C5, 0x18C5, 0x18C5, 0x18C5, 0x18C5, 0x18C5,
    0x18C5, 0x18C5, 0x18C5, 0x18C5, 0x18C5, 0x18C5, 0x18C5, 0x18C5, 0x18C5, 0x18C5, 0x18C5, 0x18C5, 0x18C5, 0x18C5, 0x18C5, 0x18C5,
    0x18C5, 0x18C5, 0x18C5, 0x18C5, 0x18C5, 0x18C5, 0x18C5, 0x18C5, 0x18C5, 0x18C5, 0x18C5, 0x18C5, 0x18C5, 0x18C5, 0x18C5, 0x11C6,
    0x1368, 0x13A8, 0x0BC8, 0x0BA9, 0x0BC9, 0x0BC9, 0x0BC9, 0x0BC9, 0x0BC9, 0x0BC9, 0x0BC9, 0x0BE9, 0x0BE9, 0x0BE9, 0x0BE9, 0x0BE9,
    0x0BE9, 0x0BE9, 0x0BE9, 0x0C09, 0x0C09, 0x0C0A, 0x0C0A, 0x0C0A, 0x0C0A, 0x0C0A, 0x0C0A, 0x0C0A, 0x0C0A, 0x0C2A, 0x0C2A, 0x0C2A,
    0x0C2A, 0x0C2A, 0x0C2A, 0x0C2A, 0x0C2A, 0x0C2A, 0x0C2A, 0x0C2A, 0x0C2A, 0x0C2A, 0x0C2A, 0x0C2A, 0x0C2A, 0x0C2A, 0x0C2A, 0x0C2A,
    0x0C2A, 0x0C2A, 0x0C2A, 0x0C2A, 0x0C2A, 0x0C2A, 0x0C2A, 0x0C2A, 0x0C2A, 0x0C2A, 0x0C2A, 0x0C2A, 0x0C2A, 0x0C2A, 0x0C2A, 0x0C0A,
    0x0C0A, 0x0C0A, 0x0C0A, 0x0C0A, 0x0C0A, 0x0C0A, 0x0C0A, 0x0C09, 0x0C09, 0x0BE9, 0x0BE9, 0x0BE9, 0x0BE9, 0x0BE9, 0x0BE9, 0x0BE9,
    0x0BE9, 0x0BC9, 0x0BC9, 0x0BC9, 0x0BC9, 0x0BC9, 0x0BA9, 0x0BA9, 0x03A8, 0x03A8, 0x0BA8, 0x1B29, 0x21A7, 0x18C5, 0x18C5, 0x18C5,
    0x18C5, 0x18C5, 0x18C5, 0x18C5, 0x18C5, 0x18C5, 0x18C5, 0x18C5, 0x18C5, 0x18C5, 0x18C5, 0x18C5, 0x18C5, 0x18C5, 0x18C5, 0x18C5,
    0x18C5, 0x18C5, 0x18C5, 0x18C5, 0x18C5, 0x18C5, 0x18C5, 0x18C5, 0x18C5, 0x18C5, 0x18C5, 0x18C5, 0x18C5, 0x18C5, 0x18C5, 0x18C5,
    0x18C5, 0x18C5, 0x18C5, 0x18C5, 0x18C5, 0x18C5, 0x18C5, 0x18C5, 0x18C5, 0x18C5, 0x18C5, 0x18C5, 0x18C5, 0x18C5, 0x18C5, 0x18C5,
    0x18C5, 0x18C5, 0x18C5, 0x18C5, 0x18C5, 0x18C5, 0x18C5, 0x18C5, 0x18C5, 0x18C5, 0x18C5, 0x18C5, 0x18C5, 0x18C5, 0x18C5, 0x18C5,
    0x18C5, 0x18C5, 0x18C5, 0x18C5, 0x18C5, 0x18C5, 0x18C5, 0x18C5, 0x18C5, 0x18C5, 0x18C5, 0x18C5, 0x1906, 0x1267, 0x0B88, 0x0BA8,
    0x0BA9, 0x0BA9, 0x0BA9, 0x0BA9, 0x0BC9, 0x0BC9, 0x0BC9, 0x0BC9, 0x0BC9, 0x0BC9, 0x0BE9, 0x0BE9, 0x0BE9, 0x0BE9, 0x0BE9, 0x0BE9,
    0x0BE9, 0x0BE9, 0x0C09, 0x0C09, 0x0C09, 0x0C0A, 0x0C0A, 0x0C0A, 0x0C0A, 0x0C0A, 0x0C0A, 0x0C0A, 0x0C0A, 0x0C0A, 0x0C2A, 0x0C2A,
    0x0C2A, 0x0C2A, 0x0C2A, 0x0C2A, 0x0C2A, 0x0C2A, 0x0C2A, 0x0C2A, 0x0C2A, 0x0C2A, 0x0C2A, 0x0C2A, 0x0C2A, 0x0C2A, 0x0C2A, 0x0C2A,
    0x0C2A, 0x0C2A, 0x0C2A, 0x0C2A, 0x0C2A, 0x0C2A, 0x0C2A, 0x0C0A, 0x0C0A, 0x0C0A, 0x0C0A, 0x0C0A, 0x0C0A, 0x0C0A, 0x0C0A, 0x0C0A,
    0x0C09, 0x0C09, 0x0BE9, 0x0BE9, 0x0BE9, 0x0BE9, 0x0BE9, 0x0BE9, 0x0BE9, 0x0BE9, 0x0BC9, 0x0BC9, 0x0BC9, 0x0BC9, 0x0BC9, 0x0BC9,
    0x0BA9, 0x0BA9, 0x0BA9, 0x0BA9, 0x0BA9, 0x0B88, 0x1267, 0x1906, 0x18C5, 0x18C5, 0x18C5, 0x18C5, 0x18C5, 0x18C5, 0x18C5, 0x18C5,
    0x18C5, 0x18C5, 0x18C5, 0x18C5, 0x18C5, 0x18C5, 0x18C5, 0x18C5, 0x18C5, 0x18C5, 0x18C5, 0x18C5, 0x18C5, 0x18C5, 0x18C5, 0x18C5,
    0x18C5, 0x18C5, 0x18C5, 0x18C5, 0x18C5, 0x18C5, 0x18C5, 0x18C5, 0x18C5, 0x18C5, 0x18C5, 0x18C5, 0x18C5, 0x18C5, 0x18C5, 0x18C5,
    0x18C5, 0x18C5, 0x18C5, 0x18C5, 0x18C5, 0x18C5, 0x18C5, 0x18C5, 0x18C5, 0x18C5, 0x18C5, 0x18C5, 0x18C5, 0x18C5, 0x18C5, 0x18C5,
    0x18C5, 0x18C5, 0x18C5, 0x18C5, 0x18C5, 0x18C5, 0x18C5, 0x18C5, 0x18C5, 0x18C5, 0x18C5, 0x18C5, 0x18C5, 0x18C5, 0x18C5, 0x18C5,
    0x18C5, 0x18C5, 0x18C5, 0x18C5, 0x18C5, 0x18C5, 0x18C5, 0x18C5, 0x18C5, 0x18C5, 0x1166, 0x12E8, 0x0BA8, 0x0BA8, 0x0BA9, 0x0BA9,
    0x0BA9, 0x0BA9, 0x0BC9, 0x0BC9, 0x0BC9, 0x0BC9, 0x0BC9, 0x0BC9, 0x0BE9, 0x0BE9, 0x0BE9, 0x0BE9, 0x0BE9, 0x0BE9, 0x0BE9, 0x0BE9,
    0x0BE9, 0x0C09, 0x0C09, 0x0C09, 0x0C09, 0x0C0A, 0x0C0A, 0x0C0A, 0x0C0A, 0x0C0A, 0x0C0A, 0x0C0A, 0x0C0A, 0x0C0A, 0x0C0A, 0x0C0A,
    0x0C0A, 0x0C0A, 0x0C0A, 0x0C2A, 0x0C2A, 0x0C2A, 0x0C2A, 0x0C2A, 0x0C2A, 0x0C0A, 0x0C0A, 0x0C0A, 0x0C0A, 0x0C0A, 0x0C0A, 0x0C0A,
    0x0C0A, 0x0C0A, 0x0C0A, 0x0C0A, 0x0C0A, 0x0C0A, 0x0C0A, 0x0C09, 0x0C09, 0x0C09, 0x0C09, 0x0BE9, 0x0BE9, 0x0BE9, 0x0BE9, 0x0BE9,
    0x0BE9, 0x0BE9, 0x0BE9, 0x0BE9, 0x0BC9, 0x0BC9, 0x0BC9, 0x0BC9, 0x0BC9, 0x0BC9, 0x0BA9, 0x0BA9, 0x0BA9, 0x0BA9, 0x0BA9, 0x0BA9,
    0x0AC8, 0x1166, 0x18C5, 0x18C5, 0x18C5, 0x18C5, 0x18C5, 0x18C5, 0x18C5, 0x18C5, 0x18C5, 0x18C5, 0x18C5, 0x18C5, 0x18C5, 0x18C5,
    0x18C5, 0x18C5, 0x18C5, 0x18C5, 0x18C5, 0x18C5, 0x18C5, 0x18C5, 0x18C5, 0x18C5, 0x18C5, 0x18C5, 0x18C5, 0x18C5, 0x18C5, 0x18C5,
    0x18C5, 0x18C5, 0x18C5, 0x18C5, 0x18C5, 0x18C5, 0x18C5, 0x18C5, 0x18C5, 0x18C5, 0x18C5, 0x18C5, 0x18C5, 0x18C5, 0x18C5, 0x18C5,
    0x18C5, 0x18C5, 0x18C5, 0x18C5, 0x18C5, 0x18C5, 0x18C5, 0x18C5, 0x18C5, 0x18C5, 0x18C5, 0x18C5, 0x18C5, 0x18C5, 0x18C5, 0x18C5,
    0x18C5, 0x18C5, 0x18C5, 0x18C5, 0x18C5, 0x18C5, 0x18C5, 0x18C5, 0x18C5, 0x18C5, 0x18C5, 0x18C5, 0x18C5, 0x18C5, 0x18C5, 0x18C5,
    0x18C5, 0x18C5, 0x18C5, 0x18C5, 0x18C5, 0x18C5, 0x18C5, 0x18C5, 0x11C6, 0x0B28, 0x0BA9, 0x0BA9, 0x0BA9, 0x0BA9, 0x0BA9, 0x0BA9,
    0x0BC9, 0x0BC9, 0x0BC9, 0x0BC9, 0x0BC9, 0x0BC9, 0x0BC9, 0x0BE9, 0x0BE9, 0x0BE9, 0x0BE9, 0x0BE9, 0x0BE9, 0x0BE9, 0x0BE9, 0x0BE9,
    0x0BE9, 0x0C09, 0x0C09, 0x0C09, 0x0C09, 0x0C09, 0x0C0A, 0x0C0A, 0x0C0A, 0x0C0A, 0x0C0A, 0x0C0A, 0x0C0A, 0x0C0A, 0x0C0A, 0x0C0A,
    0x0C0A, 0x0C0A, 0x0C0A, 0x0C0A, 0x0C0A, 0x0C0A, 0x0C0A, 0x0C0A, 0x0C0A, 0x0C0A, 0x0C0A, 0x0C0A, 0x0C0A, 0x0C0A, 0x0C09, 0x0C09,
    0x0C09, 0x0C09, 0x0C09, 0x0BE9, 0x0BE9, 0x0BE9, 0x0BE9, 0x0BE9, 0x0BE9, 0x0BE9, 0x0BE9, 0x0BE9, 0x0BE9, 0x0BC9, 0x0BC9, 0x0BC9,
    0x0BC9, 0x0BC9, 0x0BC9, 0x0BC9, 0x0BA9, 0x0BA9, 0x0BA9, 0x0BA9, 0x0BA9, 0x0BA9, 0x0B28, 0x11C6, 0x18C5, 0x18C5, 0x18C5, 0x18C5,
    0x18C5, 0x18C5, 0x18C5, 0x18C5, 0x18C5, 0x18C5, 0x18C5, 0x18C5, 0x18C5, 0x18C5, 0x18C5, 0x18C5, 0x18C5, 0x18C5, 0x18C5, 0x18C5,
    0x18C5, 0x18C5, 0x18C5, 0x18C5, 0x18C5, 0x18C5, 0x18C5, 0x18C5, 0x18C5, 0x18C5, 0x18C5, 0x18C5, 0x18C5, 0x18C5, 0x18C5, 0x18C5,
    0x18C5, 0x18C5, 0x18C5, 0x18C5, 0x18C5, 0x18C5, 0x18C5, 0x18C5, 0x18C5, 0x18C5, 0x18C5, 0x18C5, 0x18C5, 0x18C5, 0x18C5, 0x18C5,
    0x18C5, 0x18C5, 0x18C5, 0x18C5, 0x18C5, 0x18C5, 0x18C5, 0x18C5, 0x18C5, 0x18C5, 0x18C5, 0x18C5, 0x18C5, 0x18C5, 0x18C5, 0x18C5,
    0x18C5, 0x18C5, 0x18C5, 0x18C5, 0x18C5, 0x18C5, 0x18C5, 0x18C5, 0x18C5, 0x18C5, 0x18C5, 0x18C5, 0x18C5, 0x18C5, 0x18C5, 0x18C5,
    0x18C5, 0x18C5, 0x18C5, 0x18C5, 0x18C5, 0x18E5, 0x11E6, 0x0B28, 0x0BA9, 0x0BA9, 0x0BA9, 0x0BA9, 0x0BA9, 0x0BA9, 0x0BC9, 0x0BC9,
    0x0BC9, 0x0BC9, 0x0BC9, 0x0BC9, 0x0BC9, 0x0BC9, 0x0BE9, 0x0BE9, 0x0BE9, 0x0BE9, 0x0BE9, 0x0BE9, 0x0BE9, 0x0BE9, 0x0BE9, 0x0BE9,
    0x0BE9, 0x0BE9, 0x0BE9, 0x0C09, 0x0C09, 0x0C09, 0x0C09, 0x0C09, 0x0C09, 0x0C09, 0x0C09, 0x0C09, 0x0C0A, 0x0C0A, 0x0C0A, 0x0C0A,
    0x0C09, 0x0C09, 0x0C09, 0x0C09, 0x0C09, 0x0C09, 0x0C09, 0x0C09, 0x0C09, 0x0C09, 0x0BE9, 0x0BE9, 0x0BE9, 0x0BE9, 0x0BE9, 0x0BE9,
    0x0BE9, 0x0BE9, 0x0BE9, 0x0BE9, 0x0BE9, 0x0BE9, 0x0BE9, 0x0BC9, 0x0BC9, 0x0BC9, 0x0BC9, 0x0BC9, 0x0BC9, 0x0BC9, 0x0BA9, 0x0BA9,
    0x0BA9, 0x0BA9, 0x0BA9, 0x0BA9, 0x0B28, 0x11E6, 0x18E5, 0x18C5, 0x18C5, 0x18C5, 0x18C5, 0x18C5, 0x18C5, 0x18C5, 0x18C5, 0x18C5,
    0x18C5, 0x18C5, 0x18C5, 0x18C5, 0x18C5, 0x18C5, 0x18C5, 0x18C5, 0x18C5, 0x18C5, 0x18C5, 0x18C5, 0x18C5, 0x18C5, 0x18C5, 0x18C5,
    0x18C5, 0x18C5, 0x18C5, 0x18C5, 0x18C5, 0x18C5, 0x18C5, 0x18C5, 0x18C5, 0x18C5, 0x18C5, 0x18C5, 0x18C5, 0x18C5, 0x18C5, 0x18C5,
    0x18C5, 0x18C5, 0x18C5, 0x18C5, 0x18C5, 0x18C5, 0x18C5, 0x18C5, 0x18C5, 0x18C5, 0x18C5, 0x18C5, 0x18C5, 0x18C5, 0x18C5, 0x18C5,
    0x18C5, 0x18C5, 0x18C5, 0x18C5, 0x18C5, 0x18C5, 0x18C5, 0x18C5, 0x18C5, 0x18C5, 0x18C5, 0x18C5, 0x18C5, 0x18C5, 0x18C5, 0x18C5,
    0x18C5, 0x18C5, 0x18C5, 0x18C5, 0x18C5, 0x18C5, 0x18C5, 0x18C5, 0x18C5, 0x18C5, 0x18C5, 0x18C5, 0x18C5, 0x18C5, 0x18C5, 0x18C5,
    0x18C5, 0x18C5, 0x18C5, 0x18E5, 0x11E6, 0x0B28, 0x0BA9, 0x0BA9, 0x0BA9, 0x0BA9, 0x0BA9, 0x0BA9, 0x0BC9, 0x0BC9, 0x0BC9, 0x0BC9,
    0x0BC9, 0x0BC9, 0x0BC9, 0x0BC9, 0x0BC9, 0x0BE9, 0x0BE9, 0x0BE9, 0x0BE9, 0x0BE9, 0x0BE9, 0x0BE9, 0x0BE9, 0x0BE9, 0x0BE9, 0x0BE9,
    0x0BE9, 0x0BE9, 0x0BE9, 0x0BE9, 0x0BE9, 0x0BE9, 0x0BE9, 0x0BE9, 0x0BE9, 0x0BE9, 0x0BE9, 0x0BE9, 0x0BE9, 0x0BE9, 0x0BE9, 0x0BE9,
    0x0BE9, 0x0BE9, 0x0BE9, 0x0BE9, 0x0BE9, 0x0BE9, 0x0BE9, 0x0BE9, 0x0BE9, 0x0BE9, 0x0BE9, 0x0BE9, 0x0BE9, 0x0BE9, 0x0BE9, 0x0BC9,
    0x0BC9, 0x0BC9, 0x0BC9, 0x0BC9, 0x0BC9, 0x0BC9, 0x0BC9, 0x0BA9, 0x0BA9, 0x0BA9, 0x0BA9, 0x0BA9, 0x0BA9, 0x0BA9, 0x0B28, 0x11E6,
    0x18E5, 0x18C5, 0x18C5, 0x18C5, 0x18C5, 0x18C5, 0x18C5, 0x18C5, 0x18C5, 0x18C5, 0x18C5, 0x18C5, 0x18C5, 0x18C5, 0x18C5, 0x18C5,
    0x18C5, 0x18C5, 0x18C5, 0x18C5, 0x18C5, 0x18C5, 0x18C5, 0x18C5, 0x18C5, 0x18C5, 0x18C5, 0x18C5, 0x18C5, 0x18C5, 0x18C5, 0x18C5,
    0x18C5, 0x18C5, 0x18C5, 0x18C5, 0x18C5, 0x18C5, 0x18C5, 0x18C5, 0x18C5, 0x18C5, 0x18C5, 0x18C5, 0x18C5, 0x18C5, 0x18C5, 0x18C5,
    0x18C5, 0x18C5, 0x18C5, 0x18C5, 0x18C5, 0x18C5, 0x18C5, 0x18C5, 0x18C5, 0x18C5, 0x18C5, 0x18C5, 0x18C5, 0x18C5, 0x18C5, 0x18C5,
    0x18C5, 0x18C5, 0x18C5, 0x18C5, 0x18C5, 0x18C5, 0x18C5, 0x18C5, 0x18C5, 0x18C5, 0x18C5, 0x18C5, 0x18C5, 0x18C5, 0x18C5, 0x18C5,
    0x18C5, 0x18C5, 0x18C5, 0x18C5, 0x18C5, 0x18C5, 0x18C5, 0x18C5, 0x18C5, 0x18C5, 0x18C5, 0x18C5, 0x18C5, 0x18C5, 0x18C5, 0x18C5,
    0x18C5, 0x18E5, 0x11C6, 0x0AC8, 0x0B88, 0x0BA9, 0x0BA9, 0x0BA9, 0x0BA9, 0x0BA9, 0x0BA9, 0x0BC9, 0x0BC9, 0x0BC9, 0x0BC9, 0x0BC9,
    0x0BC9, 0x0BC9, 0x0BC9, 0x0BC9, 0x0BC9, 0x0BE9, 0x0BE9, 0x0BE9, 0x0BE9, 0x0BE9, 0x0BE9, 0x0BE9, 0x0BE9, 0x0BE9, 0x0BE9, 0x0BE9,
    0x0BE9, 0x0BE9, 0x0BE9, 0x0BE9, 0x0BE9, 0x0BE9, 0x0BE9, 0x0BE9, 0x0BE9, 0x0BE9, 0x0BE9, 0x0BE9, 0x0BE9, 0x0BE9, 0x0BE9, 0x0BE9,
    0x0BE9, 0x0BE9, 0x0BE9, 0x0BE9, 0x0BE9, 0x0BE9, 0x0BE9, 0x0BC9, 0x0BC9, 0x0BC9, 0x0BC9, 0x0BC9, 0x0BC9, 0x0BC9, 0x0BC9, 0x0BC9,
    0x0BC9, 0x0BA9, 0x0BA9, 0x0BA9, 0x0BA9, 0x0BA9, 0x0BA9, 0x0B88, 0x0AC8, 0x11C6, 0x18E5, 0x18C5, 0x18C5, 0x18C5, 0x18C5, 0x18C5,
    0x18C5, 0x18C5, 0x18C5, 0x18C5, 0x18C5, 0x18C5, 0x18C5, 0x18C5, 0x18C5, 0x18C5, 0x18C5, 0x18C5, 0x18C5, 0x18C5, 0x18C5, 0x18C5,
    0x18C5, 0x18C5, 0x18C5, 0x18C5, 0x18C5, 0x18C5, 0x18C5, 0x18C5, 0x18C5, 0x18C5, 0x18C5, 0x18C5, 0x18C5, 0x18C5, 0x18C5, 0x18C5,
    0x18C5, 0x18C5, 0x18C5, 0x18C5, 0x18C5, 0x18C5, 0x18C5, 0x18C5, 0x18C5, 0x18C5, 0x18C5, 0x18C5, 0x18C5, 0x18C5, 0x18C5, 0x18C5,
    0x18C5, 0x18C5, 0x18C5, 0x18C5, 0x18C5, 0x18C5, 0x18C5, 0x18C5, 0x18C5, 0x18C5, 0x18C5, 0x18C5, 0x18C5, 0x18C5, 0x18C5, 0x18C5,
    0x18C5, 0x18C5, 0x18C5, 0x18C5, 0x18C5, 0x18C5, 0x18C5, 0x18C5, 0x18C5, 0x18C5, 0x18C5, 0x18C5, 0x18C5, 0x18C5, 0x18C5, 0x18C5,
    0x18C5, 0x18C5, 0x18C5, 0x18C5, 0x18C5, 0x18C5, 0x18C5, 0x18C5, 0x18C5, 0x18C5, 0x18C5, 0x18C5, 0x18C5, 0x18C5, 0x18C5, 0x18C5,
    0x1166, 0x1287, 0x0B48, 0x0BA9, 0x0BA9, 0x0BA9, 0x0BA9, 0x0BA9, 0x0BA9, 0x0BA9, 0x0BC9, 0x0BC9, 0x0BC9, 0x0BC9, 0x0BC9, 0x0BC9,
    0x0BC9, 0x0BC9, 0x0BC9, 0x0BC9, 0x0BC9, 0x0BC9, 0x0BC9, 0x0BE9, 0x0BE9, 0x0BE9, 0x0BE9, 0x0BE9, 0x0BE9, 0x0BE9, 0x0BE9, 0x0BE9,
    0x0BE9, 0x0BE9, 0x0BE9, 0x0BE9, 0x0BE9, 0x0BE9, 0x0BE9, 0x0BE9, 0x0BE9, 0x0BE9, 0x0BE9, 0x0BE9, 0x0BE9, 0x0BC9, 0x0BC9, 0x0BC9,
    0x0BC9, 0x0BC9, 0x0BC9, 0x0BC9, 0x0BC9, 0x0BC9, 0x0BC9, 0x0BC9, 0x0BC9, 0x0BC9, 0x0BA9, 0x0BA9, 0x0BA9, 0x0BA9, 0x0BA9, 0x0BA9,
    0x0BA9, 0x0B48, 0x1287, 0x1166, 0x18C5, 0x18C5, 0x18C5, 0x18C5, 0x18C5, 0x18C5, 0x18C5, 0x18C5, 0x18C5, 0x18C5, 0x18C5, 0x18C5,
    0x18C5, 0x18C5, 0x18C5, 0x18C5, 0x18C5, 0x18C5, 0x18C5, 0x18C5, 0x18C5, 0x18C5, 0x18C5, 0x18C5, 0x18C5, 0x18C5, 0x18C5, 0x18C5,
    0x18C5, 0x18C5, 0x18C5, 0x18C5, 0x18C5, 0x18C5, 0x18C5, 0x18C5, 0x18C5, 0x18C5, 0x18C5, 0x18C5, 0x18C5, 0x18C5, 0x18C5, 0x18C5,
    0x18C5, 0x18C5, 0x18C5, 0x18C5, 0x18C5, 0x18C5, 0x18C5, 0x18C5, 0x18C5, 0x18C5, 0x18C5, 0x18C5, 0x18C5, 0x18C5, 0x18C5, 0x18C5,
    0x18C5, 0x18C5, 0x18C5, 0x18C5, 0x18C5, 0x18C5, 0x18C5, 0x18C5, 0x18C5, 0x18C5, 0x18C5, 0x18C5, 0x18C5, 0x18C5, 0x18C5, 0x18C5,
    0x18C5, 0x18C5, 0x18C5, 0x18C5, 0x18C5, 0x18C5, 0x18C5, 0x18C5, 0x18C5, 0x18C5, 0x18C5, 0x18C5, 0x18C5, 0x18C5, 0x18C5, 0x18C5,
    0x18C5, 0x18C5, 0x18C5, 0x18C5, 0x18C5, 0x18C5, 0x18C5, 0x18C5, 0x18C5, 0x18C5, 0x18C5, 0x18C5, 0x18C5, 0x18C5, 0x1906, 0x11E7,
    0x0AE8, 0x0B88, 0x0BA9, 0x0BA9, 0x0BA9, 0x0BA9, 0x0BA9, 0x0BA9, 0x0BA9, 0x0BA9, 0x0BC9, 0x0BC9, 0x0BC9, 0x0BC9, 0x0BC9, 0x0BC9,
    0x0BC9, 0x0BC9, 0x0BC9, 0x0BC9, 0x0BC9, 0x0BC9, 0x0BC9, 0x0BC9, 0x0BC9, 0x0BC9, 0x0BC9, 0x0BC9, 0x0BC9, 0x0BC9, 0x0BC9, 0x0BC9,
    0x0BC9, 0x0BC9, 0x0BC9, 0x0BC9, 0x0BC9, 0x0BC9, 0x0BC9, 0x0BC9, 0x0BC9, 0x0BC9, 0x0BC9, 0x0BC9, 0x0BC9, 0x0BC9, 0x0BC9, 0x0BC9,
    0x0BC9, 0x0BC9, 0x0BA9, 0x0BA9, 0x0BA9, 0x0BA9, 0x0BA9, 0x0BA9, 0x0BA9, 0x0BA9, 0x0B88, 0x0AE8, 0x11E7, 0x1906, 0x18C5, 0x18C5,
    0x18C5, 0x18C5, 0x18C5, 0x18C5, 0x18C5, 0x18C5, 0x18C5, 0x18C5, 0x18C5, 0x18C5, 0x18C5, 0x18C5, 0x18C5, 0x18C5, 0x18C5, 0x18C5,
    0x18C5, 0x18C5, 0x18C5, 0x18C5, 0x18C5, 0x18C5, 0x18C5, 0x18C5, 0x18C5, 0x18C5, 0x18C5, 0x18C5, 0x18C5, 0x18C5, 0x18C5, 0x18C5,
    0x18C5, 0x18C5, 0x18C5, 0x18C5, 0x18C5, 0x18C5, 0x18C5, 0x18C5, 0x18C5, 0x18C5, 0x18C5, 0x18C5, 0x18C5, 0x18C5, 0x18C5, 0x18C5,
    0x18C5, 0x18C5, 0x18C5, 0x18C5, 0x18C5, 0x18C5, 0x18C5, 0x18C5, 0x18C5, 0x18C5, 0x18C5, 0x18C5, 0x18C5, 0x18C5, 0x18C5, 0x18C5,
    0x18C5, 0x18C5, 0x18C5, 0x18C5, 0x18C5, 0x18C5, 0x18C5, 0x18C5, 0x18C5, 0x18C5, 0x18C5, 0x18C5, 0x18C5, 0x18C5, 0x18C5, 0x18C5,
    0x18C5, 0x18C5, 0x18C5, 0x18C5, 0x18C5, 0x18C5, 0x18C5, 0x18C5, 0x18C5, 0x18C5, 0x18C5, 0x18C5, 0x18C5, 0x18C5, 0x18C5, 0x18C5,
    0x18C5, 0x18C5, 0x18C5, 0x18C5, 0x18C5, 0x18C5, 0x18C5, 0x18C5, 0x18C5, 0x18C5, 0x18C5, 0x18C5, 0x18C5, 0x1146, 0x1207, 0x0AE8,
    0x0B88, 0x0BA9, 0x0BA9, 0x0BA9, 0x0BA9, 0x0BA9, 0x0BA9, 0x0BA9, 0x0BA9, 0x0BA9, 0x0BA9, 0x0BC9, 0x0BC9, 0x0BC9, 0x0BC9, 0x0BC9,
    0x0BC9, 0x0BC9, 0x0BC9, 0x0BC9, 0x0BC9, 0x0BC9, 0x0BC9, 0x0BC9, 0x0BC9, 0x0BC9, 0x0BC9, 0x0BC9, 0x0BC9, 0x0BC9, 0x0BC9, 0x0BC9,
    0x0BC9, 0x0BC9, 0x0BC9, 0x0BC9, 0x0BC9, 0x0BC9, 0x0BC9, 0x0BC9, 0x0BC9, 0x0BC9, 0x0BA9, 0x0BA9, 0x0BA9, 0x0BA9, 0x0BA9, 0x0BA9,
    0x0BA9, 0x0BA9, 0x0BA9, 0x0B88, 0x0AE8, 0x1207, 0x1146, 0x18C5, 0x18C5, 0x18C5, 0x18C5, 0x18C5, 0x18C5, 0x18C5, 0x18C5, 0x18C5,
    0x18C5, 0x18C5, 0x18C5, 0x18C5, 0x18C5, 0x18C5, 0x18C5, 0x18C5, 0x18C5, 0x18C5, 0x18C5, 0x18C5, 0x18C5, 0x18C5, 0x18C5, 0x18C5,
    0x18C5, 0x18C5, 0x18C5, 0x18C5, 0x18C5, 0x18C5, 0x18C5, 0x18C5, 0x18C5, 0x18C5, 0x18C5, 0x18C5, 0x18C5, 0x18C5, 0x18C5, 0x18C5,
    0x18C5, 0x18C5, 0x18C5, 0x18C5, 0x18C5, 0x18C5, 0x18C5, 0x18C5, 0x18C5, 0x18C5, 0x18C5, 0x18C5, 0x18C5, 0x18C5, 0x18C5, 0x18C5,
    0x18C5, 0x18C5, 0x18C5, 0x18C5, 0x18C5, 0x18C5, 0x18C5, 0x18C5, 0x18C5, 0x18C5, 0x18C5, 0x18C5, 0x18C5, 0x18C5, 0x18C5, 0x18C5,
    0x18C5, 0x18C5, 0x18C5, 0x18C5, 0x18C5, 0x18C5, 0x18C5, 0x18C5, 0x18C5, 0x18C5, 0x18C5, 0x18C5, 0x18C5, 0x18C5, 0x18C5, 0x18C5,
    0x18C5, 0x18C5, 0x18C5, 0x18C5, 0x18C5, 0x18C5, 0x18C5, 0x18C5, 0x18C5, 0x18C5, 0x18C5, 0x18C5, 0x18C5, 0x18C5, 0x18C5, 0x18C5,
    0x18C5, 0x18C5, 0x18C5, 0x18C5, 0x18C5, 0x18C5, 0x18C5, 0x18C5, 0x18C5, 0x18C5, 0x18C5, 0x18C5, 0x1146, 0x1207, 0x0AA7, 0x0B68,
    0x0BA8, 0x0BA9, 0x0BA9, 0x0BA9, 0x0BA9, 0x0BA9, 0x0BA9, 0x0BA9, 0x0BA9, 0x0BA9, 0x0BA9, 0x0BA9, 0x0BA9, 0x0BC9, 0x0BC9, 0x0BC9,
    0x0BC9, 0x0BC9, 0x0BC9, 0x0BC9, 0x0BC9, 0x0BC9, 0x0BC9, 0x0BC9, 0x0BC9, 0x0BC9, 0x0BC9, 0x0BC9, 0x0BC9, 0x0BC9, 0x0BC9, 0x0BA9,
    0x0BA9, 0x0BA9, 0x0BA9, 0x0BA9, 0x0BA9, 0x0BA9, 0x0BA9, 0x0BA9, 0x0BA9, 0x0BA9, 0x0BA9, 0x0BA8, 0x0B68, 0x0AA7, 0x1207, 0x1146,
    0x18C5, 0x18C5, 0x18C5, 0x18C5, 0x18C5, 0x18C5, 0x18C5, 0x18C5, 0x18C5, 0x18C5, 0x18C5, 0x18C5, 0x18C5, 0x18C5, 0x18C5, 0x18C5,
    0x18C5, 0x18C5, 0x18C5, 0x18C5, 0x18C5, 0x18C5, 0x18C5, 0x18C5, 0x18C5, 0x18C5, 0x18C5, 0x18C5, 0x18C5, 0x18C5, 0x18C5, 0x18C5,
    0x18C5, 0x18C5, 0x18C5, 0x18C5, 0x18C5, 0x18C5, 0x18C5, 0x18C5, 0x18C5, 0x18C5, 0x18C5, 0x18C5, 0x18C5, 0x18C5, 0x18C5, 0x18C5,
    0x18C5, 0x18C5, 0x18C5, 0x18C5, 0x18C5, 0x18C5, 0x18C5, 0x18C5, 0x18C5, 0x18C5, 0x18C5, 0x18C5, 0x18C5, 0x18C5, 0x18C5, 0x18C5,
    0x18C5, 0x18C5, 0x18C5, 0x18C5, 0x18C5, 0x18C5, 0x18C5, 0x18C5, 0x18C5, 0x18C5, 0x18C5, 0x18C5, 0x18C5, 0x18C5, 0x18C5, 0x18C5,
    0x18C5, 0x18C5, 0x18C5, 0x18C5, 0x18C5, 0x18C5, 0x18C5, 0x18C5, 0x18C5, 0x18C5, 0x18C5, 0x18C5, 0x18C5, 0x18C5, 0x18C5, 0x18C5,
    0x18C5, 0x18C5, 0x18C5, 0x18C5, 0x18C5, 0x18C5, 0x18C5, 0x18C5, 0x18C5, 0x18C5, 0x18C5, 0x18C5, 0x18C5, 0x18C5, 0x18C5, 0x18C5,
    0x18C5, 0x18C5, 0x18C5, 0x18C5, 0x18C5, 0x18C5, 0x18C5, 0x18C5, 0x18C5, 0x18C5, 0x18C5, 0x1906, 0x1186, 0x1227, 0x0AE8, 0x0B68,
    0x0B88, 0x0BA9, 0x0BA9, 0x0BA9, 0x0BA9, 0x0BA9, 0x0BA9, 0x0BA9, 0x0BA9, 0x0BA9, 0x0BA9, 0x0BA9, 0x0BA9, 0x0BA9, 0x0BA9, 0x0BA9,
    0x0BA9, 0x0BA9, 0x0BA9, 0x0BA9, 0x0BA9, 0x0BA9, 0x0BA9, 0x0BA9, 0x0BA9, 0x0BA9, 0x0BA9, 0x0BA9, 0x0BA9, 0x0BA9, 0x0BA9, 0x0BA9,
    0x0BA9, 0x0BA9, 0x0BA9, 0x0B88, 0x0B68, 0x0AE8, 0x1227, 0x1186, 0x1906, 0x18C5, 0x18C5, 0x18C5, 0x18C5, 0x18C5, 0x18C5, 0x18C5,
    0x18C5, 0x18C5, 0x18C5, 0x18C5, 0x18C5, 0x18C5, 0x18C5, 0x18C5, 0x18C5, 0x18C5, 0x18C5, 0x18C5, 0x18C5, 0x18C5, 0x18C5, 0x18C5,
    0x18C5, 0x18C5, 0x18C5, 0x18C5, 0x18C5, 0x18C5, 0x18C5, 0x18C5, 0x18C5, 0x18C5, 0x18C5, 0x18C5, 0x18C5, 0x18C5, 0x18C5, 0x18C5,
    0x18C5, 0x18C5, 0x18C5, 0x18C5, 0x18C5, 0x18C5, 0x18C5, 0x18C5, 0x18C5, 0x18C5, 0x18C5, 0x18C5, 0x18C5, 0x18C5, 0x18C5, 0x18C5,
    0x18C5, 0x18C5, 0x18C5, 0x18C5, 0x18C5, 0x18C5, 0x18C5, 0x18C5, 0x18C5, 0x18C5, 0x18C5, 0x18C5, 0x18C5, 0x18C5, 0x18C5, 0x18C5,
    0x18C5, 0x18C5, 0x18C5, 0x18C5, 0x18C5, 0x18C5, 0x18C5, 0x18C5, 0x18C5, 0x18C5, 0x18C5, 0x18C5, 0x18C5, 0x18C5, 0x18C5, 0x18C5,
    0x18C5, 0x18C5, 0x18C5, 0x18C5, 0x18C5, 0x18C5, 0x18C5, 0x18C5, 0x18C5, 0x18C5, 0x18C5, 0x18C5, 0x18C5, 0x18C5, 0x18C5, 0x18C5,
    0x18C5, 0x18C5, 0x18C5, 0x18C5, 0x18C5, 0x18C5, 0x18C5, 0x18C5, 0x18C5, 0x18C5, 0x18C5, 0x18C5, 0x18C5, 0x18C5, 0x18C5, 0x18C5,
    0x18C5, 0x18C5, 0x18C5, 0x18C5, 0x18C5, 0x18C5, 0x18C5, 0x18C5, 0x18C5, 0x18C5, 0x18C5, 0x18E5, 0x1166, 0x1207, 0x1247, 0x0AC8,
    0x0B28, 0x0B68, 0x0B88, 0x0BA9, 0x0BA9, 0x0BA9, 0x0BA9, 0x0BA9, 0x0BA9, 0x0BA9, 0x0BA9, 0x0BA9, 0x0BA9, 0x0BA9, 0x0BA9, 0x0BA9,
    0x0BA9, 0x0BA9, 0x0BA9, 0x0BA9, 0x0BA9, 0x0BA9, 0x0BA9, 0x0BA9, 0x0BA9, 0x0B88, 0x0B68, 0x0B28, 0x0AC8, 0x1247, 0x1207, 0x1166,
    0x18E5, 0x18C5, 0x18C5, 0x18C5, 0x18C5, 0x18C5, 0x18C5, 0x18C5, 0x18C5, 0x18C5, 0x18C5, 0x18C5, 0x18C5, 0x18C5, 0x18C5, 0x18C5,
    0x18C5, 0x18C5, 0x18C5, 0x18C5, 0x18C5, 0x18C5, 0x18C5, 0x18C5, 0x18C5, 0x18C5, 0x18C5, 0x18C5, 0x18C5, 0x18C5, 0x18C5, 0x18C5,
    0x18C5, 0x18C5, 0x18C5, 0x18C5, 0x18C5, 0x18C5, 0x18C5, 0x18C5, 0x18C5, 0x18C5, 0x18C5, 0x18C5, 0x18C5, 0x18C5, 0x18C5, 0x18C5,
    0x18C5, 0x18C5, 0x18C5, 0x18C5, 0x18C5, 0x18C5, 0x18C5, 0x18C5, 0x18C5, 0x18C5, 0x18C5, 0x18C5, 0x18C5, 0x18C5, 0x18C5, 0x18C5,
    0x18C5, 0x18C5, 0x18C5, 0x18C5, 0x18C5, 0x18C5, 0x18C5, 0x18C5, 0x18C5, 0x18C5, 0x18C5, 0x18C5, 0x18C5, 0x18C5, 0x18C5, 0x18C5,
    0x18C5, 0x18C5, 0x18C5, 0x18C5, 0x18C5, 0x18C5, 0x18C5, 0x18C5, 0x18C5, 0x18C5, 0x18C5, 0x18C5, 0x18C5, 0x18C5, 0x18C5, 0x18C5,
    0x18C5, 0x18C5, 0x18C5, 0x18C5, 0x18C5, 0x18C5, 0x18C5, 0x18C5, 0x18C5, 0x18C5, 0x18C5, 0x18C5, 0x18C5, 0x18C5, 0x18C5, 0x18C5,
    0x18C5, 0x18C5, 0x18C5, 0x18C5, 0x18C5, 0x18C5, 0x18C5, 0x18C5, 0x18C5, 0x18C5, 0x18C5, 0x18C5, 0x18C5, 0x18C5, 0x18C5, 0x18C5,
    0x18C5, 0x18C5, 0x18C5, 0x18C5, 0x18C5, 0x18C5, 0x18C5, 0x18C5, 0x18C5, 0x18C5, 0x18C5, 0x18C5, 0x18E5, 0x1926, 0x1186, 0x11C6,
    0x1247, 0x1247, 0x0AE8, 0x0B08, 0x0B08, 0x0B68, 0x0B88, 0x0B88, 0x0B88, 0x0B88, 0x0B88, 0x0B88, 0x0B88, 0x0B88, 0x0B68, 0x0B08,
    0x0B08, 0x0AE8, 0x1247, 0x1247, 0x11C6, 0x1186, 0x1926, 0x18E5, 0x18C5, 0x18C5, 0x18C5, 0x18C5, 0x18C5, 0x18C5, 0x18C5, 0x18C5,
    0x18C5, 0x18C5, 0x18C5, 0x18C5, 0x18C5, 0x18C5, 0x18C5, 0x18C5, 0x18C5, 0x18C5, 0x18C5, 0x18C5, 0x18C5, 0x18C5, 0x18C5, 0x18C5,
    0x18C5, 0x18C5, 0x18C5, 0x18C5, 0x18C5, 0x18C5, 0x18C5, 0x18C5, 0x18C5, 0x18C5, 0x18C5, 0x18C5, 0x18C5, 0x18C5, 0x18C5, 0x18C5,
    0x18C5, 0x18C5, 0x18C5, 0x18C5, 0x18C5, 0x18C5, 0x18C5, 0x18C5, 0x18C5, 0x18C5, 0x18C5, 0x18C5, 0x18C5, 0x18C5, 0x18C5, 0x18C5,
    0x18C5, 0x18C5, 0x18C5, 0x18C5, 0x18C5, 0x18C5, 0x18C5, 0x18C5, 0x18C5, 0x18C5, 0x18C5, 0x18C5, 0x18C5, 0x18C5, 0x18C5, 0x18C5,
};
