// flavor_3 - 172x320 RGB565 bitmap
// Auto-generated from flavor_3.png by tools/png_to_rgb565.py
#pragma once

#include <Arduino.h>

const uint16_t flavor2_faucet[172 * 320] PROGMEM = {
    0xAB26, 0xAB26, 0xAB26, 0xAB26, 0xAB46, 0xAB46, 0xAB46, 0xAB46, 0xAB46, 0xAB46, 0xAB46, 0xAB46, 0xAB46, 0xAB46, 0xAB46, 0xAB46,
    0xAB46, 0xAB46, 0xAB46, 0xAB46, 0xAB46, 0xAB46, 0xAB46, 0xAB46, 0xAB46, 0xAB46, 0xAB46, 0xAB46, 0xAB46, 0xAB46, 0xAB46, 0xAB46,
    0xAB46, 0xAB46, 0xAB46, 0xAB46, 0xAB46, 0xAB46, 0xAB46, 0xAB46, 0xAB24, 0xAAE3, 0xAAE3, 0xAAE3, 0xAAE3, 0xAAE3, 0xAAE3, 0xAAE3,
    0xAAE3, 0xAAE3, 0xAAE3, 0xAAE3, 0xAAE3, 0xAAE3, 0xAAE3, 0xAAE3, 0xAAE3, 0xAAE3, 0xAAE3, 0xAAE3, 0xAAE3, 0xAAE3, 0xAAC3, 0xAAC3,
    0xAAC3, 0xAAC3, 0xAAC3, 0xAAC3, 0xAAC3, 0xAAC3, 0xAAC3, 0xAAC3, 0xAAC3, 0xAAC3, 0xAAC3, 0xAAC3, 0xAAC3, 0xAAC3, 0xAAA3, 0xAAA3,
    0xAAA3, 0xAAA3, 0xAAA3, 0xAAA3, 0xAAA3, 0xAAC3, 0xAB05, 0xAB05, 0xAB05, 0xAB05, 0xAB05, 0xAB05, 0xAAE5, 0xAAE5, 0xAAE5, 0xAAE5,
    0xAAE5, 0xAAE5, 0xAAE5, 0xAAE5, 0xAAE5, 0xAAE5, 0xAAE5, 0xAAE5, 0xAAC5, 0xAAC5, 0xAAC5, 0xAAC5, 0xAAC5, 0xAAC5, 0xAAC5, 0xAAC5,
    0xAAC5, 0xAAC5, 0xAAC5, 0xAAA5, 0xAAA5, 0xAAA5, 0xAAA5, 0xAAA5, 0xAAA5, 0xAAA5, 0xAAA5, 0xAAA5, 0xAAA5, 0xAAA5, 0xAA85, 0xAA85,
    0xA285, 0xA285, 0xA285, 0xA244, 0xA202, 0xA202, 0xA202, 0xA202, 0xA1E2, 0xA1E2, 0xA1E2, 0xA1E2, 0xA1E2, 0xA1E2, 0xA1E2, 0xA1E2,
    0xA1C2, 0xA1C2, 0xA1C2, 0xA1C2, 0xA1C2, 0xA1C2, 0xA1C2, 0xA1C2, 0xA1C2, 0xA1C2, 0xA1C2, 0xA1C2, 0xA1C2, 0xA1C2, 0xA1C2, 0xA1C2,
    0xA1C2, 0xA1C2, 0xA1C2, 0xA1C2, 0xA1C2, 0xA1C2, 0xA1C2, 0xA1C2, 0xA1C2, 0xA1C2, 0xA1C2, 0xA1C2, 0xAB46, 0xAB46, 0xAB46, 0xAB46,
    0xAB46, 0xAB46, 0xAB46, 0xAB46, 0xAB46, 0xAB46, 0xAB46, 0xAB46, 0xAB46, 0xAB46, 0xAB46, 0xAB46, 0xAB46, 0xAB46, 0xAB46, 0xAB46,
    0xAB46, 0xAB46, 0xAB46, 0xAB46, 0xAB46, 0xAB46, 0xAB46, 0xAB46, 0xAB46, 0xAB46, 0xAB46, 0xAB46, 0xAB46, 0xAB46, 0xAB46, 0xAB46,
    0xAB46, 0xAB46, 0xAB46, 0xAB66, 0xAB45, 0xAAE3, 0xAAE3, 0xAAE3, 0xAAE3, 0xAAE3, 0xAAE3, 0xAAE3, 0xAAE3, 0xAAE3, 0xAAE3, 0xAAE3,
    0xAAE3, 0xAAE3, 0xAAE3, 0xAAE3, 0xAAE3, 0xAAE3, 0xAAE3, 0xAAE3, 0xAAE3, 0xAAE3, 0xAAE3, 0xAAE3, 0xAAE3, 0xAAE3, 0xAAC3, 0xAAE3,
    0xAAE3, 0xAAC3, 0xAAC3, 0xAAC3, 0xAAC3, 0xAAC3, 0xAAC3, 0xAAC3, 0xAAC3, 0xAAC3, 0xAAC3, 0xAAC3, 0xAAC3, 0xAAC3, 0xAAC3, 0xAAC3,
    0xAAA3, 0xAAC3, 0xAB26, 0xAB05, 0xAB05, 0xAB05, 0xAB05, 0xAB05, 0xAB05, 0xAB05, 0xAB05, 0xAB05, 0xAB05, 0xAB05, 0xAB05, 0xAAE5,
    0xAAE5, 0xAAE5, 0xAAE5, 0xAAE5, 0xAAE5, 0xAAE5, 0xAAC5, 0xAAC5, 0xAAC5, 0xAAC5, 0xAAC5, 0xAAC5, 0xAAC5, 0xAAC5, 0xAAC5, 0xAAC5,
    0xAAC5, 0xAAA5, 0xAAA5, 0xAAA5, 0xAAA5, 0xAAA5, 0xAAA5, 0xAAA5, 0xAAA5, 0xAAA5, 0xAAA5, 0xAA85, 0xAA85, 0xAA85, 0xA285, 0xA223,
    0xA202, 0xA202, 0xA202, 0xA202, 0xA202, 0xA1E2, 0xA1E2, 0xA1E2, 0xA1E2, 0xA1E2, 0xA1E2, 0xA1E2, 0xA1E2, 0xA1C2, 0xA1C2, 0xA1C2,
    0xA1C2, 0xA1C2, 0xA1C2, 0xA1C2, 0xA1C2, 0xA1C2, 0xA1C2, 0xA1C2, 0xA1C2, 0xA1C2, 0xA1C2, 0xA1C2, 0xA1C2, 0xA1C2, 0xA1C2, 0xA1C2,
    0xA1C2, 0xA1C2, 0xA1C2, 0xA1C2, 0xA1C2, 0xA1C2, 0xA1C2, 0xA1C2, 0xAB46, 0xAB46, 0xAB46, 0xAB46, 0xAB46, 0xAB46, 0xAB46, 0xAB46,
    0xAB46, 0xAB46, 0xAB46, 0xAB46, 0xAB46, 0xAB46, 0xAB46, 0xAB46, 0xAB46, 0xAB46, 0xAB46, 0xAB46, 0xAB46, 0xAB46, 0xAB46, 0xAB46,
    0xAB46, 0xAB46, 0xAB46, 0xAB46, 0xAB46, 0xAB46, 0xAB46, 0xAB46, 0xAB46, 0xAB46, 0xAB46, 0xAB46, 0xAB46, 0xAB46, 0xAB46, 0xAB66,
    0xAB45, 0xAB03, 0xAAE3, 0xAAE3, 0xAAE3, 0xAAE3, 0xAAE3, 0xAAE3, 0xAAE3, 0xAAE3, 0xAAE3, 0xAAE3, 0xAAE3, 0xAAE3, 0xAAE3, 0xAAE3,
    0xAAE3, 0xAAE3, 0xAAE3, 0xAAE3, 0xAAE3, 0xAAE3, 0xAAE3, 0xAAE3, 0xAAE3, 0xAAE3, 0xAAE3, 0xB2E3, 0xB2E3, 0xB2E3, 0xB2E3, 0xB2E3,
    0xB2E3, 0xB2E3, 0xB2C3, 0xB2E3, 0xB2C3, 0xB2C3, 0xAAC3, 0xAAC3, 0xB2C3, 0xB2C3, 0xAAC3, 0xAAC3, 0xAAC3, 0xB2E4, 0xB326, 0xB325,
    0xB325, 0xAB25, 0xAB25, 0xB305, 0xAB05, 0xB305, 0xB305, 0xAB05, 0xAB05, 0xAB05, 0xAB05, 0xAB05, 0xAB05, 0xAB05, 0xAAE5, 0xAAE5,
    0xAAE5, 0xAAE5, 0xAAE5, 0xAAE5, 0xAAE5, 0xAAE5, 0xAAC5, 0xAAC5, 0xAAC5, 0xAAC5, 0xAAC5, 0xAAC5, 0xAAC5, 0xAAC5, 0xAAC5, 0xAAA5,
    0xAAA5, 0xAAA5, 0xAAA5, 0xAAA5, 0xAAA5, 0xAAA5, 0xAAA5, 0xAAA5, 0xAA85, 0xAA85, 0xA285, 0xA202, 0xA202, 0xA202, 0xA202, 0xA202,
    0xA202, 0xA1E2, 0xA1E2, 0xA1E2, 0xA1E2, 0xA1E2, 0xA1E2, 0xA1E2, 0xA1E2, 0xA1C2, 0xA1C2, 0xA1C2, 0xA1C2, 0xA1C2, 0xA1C2, 0xA1C2,
    0xA1C2, 0xA1C2, 0xA1C2, 0xA1C2, 0xA1C2, 0xA1C2, 0xA1C2, 0xA1C2, 0xA1C2, 0xA1C2, 0xA1C2, 0xA1C2, 0xA1C2, 0xA1C2, 0xA1C2, 0xA1C2,
    0xA1C2, 0xA1C2, 0xA1C2, 0xA1C2, 0xAB46, 0xAB46, 0xAB46, 0xAB46, 0xAB46, 0xAB46, 0xAB46, 0xAB46, 0xAB46, 0xAB46, 0xAB46, 0xAB46,
    0xAB46, 0xAB46, 0xAB46, 0xAB46, 0xAB46, 0xAB46, 0xAB46, 0xAB46, 0xAB46, 0xAB46, 0xAB46, 0xAB46, 0xAB66, 0xAB66, 0xAB66, 0xAB66,
    0xAB66, 0xAB66, 0xAB66, 0xAB66, 0xAB66, 0xAB66, 0xAB66, 0xAB66, 0xAB66, 0xAB66, 0xAB66, 0xAB66, 0xAB66, 0xAB04, 0xAAE3, 0xAB03,
    0xAB03, 0xAB03, 0xAB03, 0xAB03, 0xAB03, 0xAAE3, 0xAAE3, 0xAAE3, 0xAAE3, 0xAAE3, 0xAAE3, 0xAB03, 0xAAE3, 0xAAE3, 0xAAE3, 0xAAE3,
    0xAAE3, 0xAAE3, 0xB2E3, 0xB2E3, 0xB2E3, 0xB2E3, 0xB2E3, 0xB2E3, 0xB2E3, 0xB2E3, 0xB2E3, 0xB2E3, 0xB2E3, 0xB2E3, 0xB2E3, 0xB2E3,
    0xB2E3, 0xB2E3, 0xB2E3, 0xB2E3, 0xB2C3, 0xB2C3, 0xB2C3, 0xB2C3, 0xB2C3, 0xB2E4, 0xB326, 0xB326, 0xB326, 0xB326, 0xB326, 0xB326,
    0xB326, 0xB326, 0xB326, 0xB306, 0xB306, 0xB306, 0xB306, 0xB305, 0xAB05, 0xAB05, 0xAB05, 0xAB05, 0xAAE5, 0xAAE5, 0xAAE5, 0xAAE5,
    0xAAE5, 0xAAE5, 0xAAE5, 0xAAE5, 0xAAC5, 0xAAC5, 0xAAC5, 0xAAC5, 0xAAC5, 0xAAC5, 0xAAC5, 0xAAA5, 0xAAA5, 0xAAA5, 0xAAA5, 0xAAA5,
    0xAAA5, 0xAAA5, 0xAAA5, 0xAAA5, 0xAAA5, 0xAAA5, 0xA264, 0xA202, 0xA202, 0xA202, 0xA202, 0xA202, 0xA202, 0xA202, 0xA1E2, 0xA1E2,
    0xA1E2, 0xA1E2, 0xA1E2, 0xA1E2, 0xA1E2, 0xA1E2, 0xA1E2, 0xA1C2, 0xA1C2, 0xA1C2, 0xA1C2, 0xA1C2, 0xA1C2, 0xA1C2, 0xA1C2, 0xA1C2,
    0xA1C2, 0xA1C2, 0xA1C2, 0xA1C2, 0xA1C2, 0xA1C2, 0xA1C2, 0xA1C2, 0xA1C2, 0xA1C2, 0xA1C2, 0xA1C2, 0xA1C2, 0xA1C2, 0xA1C2, 0xA1C2,
    0xAB46, 0xAB46, 0xAB46, 0xAB46, 0xAB46, 0xAB46, 0xAB46, 0xAB46, 0xAB46, 0xAB46, 0xAB46, 0xAB46, 0xAB46, 0xAB46, 0xAB46, 0xAB66,
    0xAB66, 0xAB66, 0xAB66, 0xAB66, 0xAB66, 0xAB66, 0xAB66, 0xAB66, 0xAB66, 0xAB66, 0xAB66, 0xAB66, 0xAB66, 0xAB66, 0xAB66, 0xAB66,
    0xAB66, 0xAB66, 0xAB66, 0xAB66, 0xAB66, 0xAB66, 0xAB66, 0xAB66, 0xAB66, 0xAB24, 0xAB03, 0xAB03, 0xAB03, 0xAB03, 0xAB03, 0xAB03,
    0xAB03, 0xAB03, 0xAB03, 0xAB03, 0xB303, 0xB303, 0xB303, 0xB303, 0xB303, 0xB303, 0xB303, 0xB303, 0xB303, 0xB303, 0xB303, 0xB303,
    0xB303, 0xB303, 0xB303, 0xB303, 0xB303, 0xB303, 0xB303, 0xB303, 0xB2E3, 0xB2E3, 0xB2E3, 0xB2E3, 0xB2E3, 0xB2E3, 0xB2E3, 0xB2E3,
    0xB2E3, 0xB2E3, 0xB2E3, 0xB2E3, 0xB2C3, 0xB2E4, 0xB346, 0xB326, 0xB326, 0xB326, 0xB326, 0xB326, 0xB326, 0xB326, 0xB326, 0xB326,
    0xB326, 0xB326, 0xB306, 0xB306, 0xB305, 0xB305, 0xB305, 0xB305, 0xB305, 0xB305, 0xAB05, 0xAAE5, 0xAAE5, 0xAAE5, 0xAAE5, 0xAAE5,
    0xAAE5, 0xAAE5, 0xAAC5, 0xAAC5, 0xAAC5, 0xAAC5, 0xAAC5, 0xAAC5, 0xAAC5, 0xAAA5, 0xAAA5, 0xAAA5, 0xAAA5, 0xAAA5, 0xAAA5, 0xAAA5,
    0xAAA5, 0xAAA5, 0xA243, 0xA202, 0xA202, 0xA202, 0xA202, 0xA202, 0xA202, 0xA202, 0xA202, 0xA202, 0xA1E2, 0xA1E2, 0xA1E2, 0xA1E2,
    0xA1E2, 0xA1E2, 0xA1E2, 0xA1E2, 0xA1C2, 0xA1C2, 0xA1C2, 0xA1C2, 0xA1C2, 0xA1C2, 0xA1C2, 0xA1C2, 0xA1C2, 0xA1C2, 0xA1C2, 0xA1C2,
    0xA1C2, 0xA1C2, 0xA1C2, 0xA1C2, 0xA1C2, 0xA1C2, 0xA1C2, 0xA1C2, 0xA1C2, 0xA1C2, 0xA1C2, 0xA1C2, 0xAB46, 0xAB46, 0xAB46, 0xAB46,
    0xAB46, 0xAB46, 0xAB46, 0xAB46, 0xAB46, 0xAB46, 0xAB46, 0xAB46, 0xAB66, 0xAB66, 0xAB66, 0xAB66, 0xAB66, 0xAB66, 0xAB66, 0xAB66,
    0xAB66, 0xAB66, 0xAB66, 0xAB66, 0xAB66, 0xAB66, 0xAB66, 0xAB66, 0xAB66, 0xAB66, 0xAB66, 0xAB66, 0xAB66, 0xAB66, 0xAB66, 0xAB66,
    0xAB66, 0xAB66, 0xAB66, 0xAB66, 0xAB66, 0xAB45, 0xAB03, 0xAB03, 0xAB03, 0xAB03, 0xAB03, 0xB303, 0xB303, 0xB303, 0xB303, 0xB303,
    0xB303, 0xB303, 0xB303, 0xB303, 0xB303, 0xB303, 0xB303, 0xB303, 0xB303, 0xB303, 0xB303, 0xB303, 0xB303, 0xB303, 0xB303, 0xB303,
    0xB303, 0xB303, 0xB303, 0xB303, 0xB303, 0xB303, 0xB303, 0xB303, 0xB303, 0xB2E3, 0xB2E3, 0xB2E3, 0xB2E3, 0xB2E3, 0xB2E3, 0xB2E3,
    0xB2E3, 0xB304, 0xB346, 0xB346, 0xB346, 0xB346, 0xB346, 0xB346, 0xB326, 0xB326, 0xB326, 0xB326, 0xB326, 0xB326, 0xB326, 0xB326,
    0xB306, 0xB306, 0xB305, 0xB305, 0xB305, 0xB305, 0xB305, 0xB305, 0xB305, 0xB2E5, 0xAAE5, 0xAAE5, 0xAAE5, 0xAAE5, 0xAAE5, 0xAAE5,
    0xAAE5, 0xAAC5, 0xAAC5, 0xAAC5, 0xAAC5, 0xAAC5, 0xAAC5, 0xAAA5, 0xAAA5, 0xAAA5, 0xAAA5, 0xAAA5, 0xAAA5, 0xAAA5, 0xA223, 0xA202,
    0xA202, 0xA202, 0xA202, 0xA202, 0xA202, 0xA202, 0xA202, 0xA202, 0xA1E2, 0xA1E2, 0xA1E2, 0xA1E2, 0xA1E2, 0xA1E2, 0xA1E2, 0xA1E2,
    0xA1C2, 0xA1C2, 0xA1C2, 0xA1C2, 0xA1C2, 0xA1C2, 0xA1C2, 0xA1C2, 0xA1C2, 0xA1C2, 0xA1C2, 0xA1C2, 0xA1C2, 0xA1C2, 0xA1C2, 0xA1C2,
    0xA1C2, 0xA1C2, 0xA1C2, 0xA1C2, 0xA1C2, 0xA1C2, 0xA1C2, 0xA1C2, 0xAB46, 0xAB46, 0xAB46, 0xAB46, 0xAB46, 0xAB46, 0xAB46, 0xAB66,
    0xAB66, 0xAB66, 0xAB66, 0xAB66, 0xAB66, 0xAB66, 0xAB66, 0xAB66, 0xAB66, 0xAB66, 0xAB66, 0xAB66, 0xAB66, 0xAB66, 0xAB66, 0xAB66,
    0xAB66, 0xAB66, 0xAB66, 0xAB66, 0xAB66, 0xAB66, 0xAB66, 0xAB66, 0xAB66, 0xAB66, 0xAB66, 0xAB66, 0xAB66, 0xAB66, 0xAB66, 0xAB66,
    0xAB66, 0xAB66, 0xB323, 0xB303, 0xB303, 0xB303, 0xB303, 0xB323, 0xB323, 0xB323, 0xB323, 0xB323, 0xB323, 0xB323, 0xB323, 0xB323,
    0xB323, 0xB323, 0xB323, 0xB323, 0xB323, 0xB323, 0xB323, 0xB323, 0xB323, 0xB303, 0xB323, 0xB323, 0xB303, 0xB303, 0xB303, 0xB303,
    0xB303, 0xB303, 0xB303, 0xB303, 0xB303, 0xB303, 0xB303, 0xB303, 0xB303, 0xB303, 0xB2E3, 0xB2E3, 0xB2E3, 0xB304, 0xB366, 0xB346,
    0xB346, 0xB346, 0xB346, 0xB346, 0xB346, 0xB346, 0xB346, 0xB326, 0xB326, 0xB326, 0xB326, 0xB326, 0xB326, 0xB326, 0xB326, 0xB326,
    0xB326, 0xB306, 0xB306, 0xB306, 0xB306, 0xB306, 0xB306, 0xB305, 0xB2E5, 0xB2E5, 0xB2E5, 0xB2E5, 0xB2E5, 0xAAE5, 0xAAC5, 0xAAC5,
    0xAAC5, 0xAAC5, 0xAAC5, 0xAAC5, 0xAAC5, 0xAAA5, 0xAAA5, 0xAAA5, 0xAAA5, 0xAA85, 0xA222, 0xA222, 0xA222, 0xA202, 0xA202, 0xA202,
    0xA202, 0xA202, 0xA202, 0xA202, 0xA202, 0xA202, 0xA1E2, 0xA1E2, 0xA1E2, 0xA1E2, 0xA1E2, 0xA1E2, 0xA1E2, 0xA1C2, 0xA1C2, 0xA1C2,
    0xA1C2, 0xA1C2, 0xA1C2, 0xA1C2, 0xA1C2, 0xA1C2, 0xA1C2, 0xA1C2, 0xA1C2, 0xA1C2, 0xA1C2, 0xA1C2, 0xA1C2, 0xA1C2, 0xA1C2, 0xA1C2,
    0xA1C2, 0xA1C2, 0xA1C2, 0xA1C2, 0xAB46, 0xAB46, 0xAB46, 0xAB46, 0xAB66, 0xAB66, 0xAB66, 0xAB66, 0xAB66, 0xAB66, 0xAB66, 0xAB66,
    0xAB66, 0xAB66, 0xAB66, 0xAB66, 0xAB66, 0xAB66, 0xB366, 0xB366, 0xB366, 0xB366, 0xB366, 0xB366, 0xB366, 0xB366, 0xB366, 0xB366,
    0xB366, 0xB366, 0xB366, 0xB366, 0xB366, 0xB366, 0xB366, 0xB366, 0xB366, 0xB366, 0xB366, 0xB366, 0xB366, 0xB366, 0xB344, 0xB323,
    0xB323, 0xB323, 0xB323, 0xB323, 0xB323, 0xB323, 0xB323, 0xB323, 0xB323, 0xB323, 0xB323, 0xB323, 0xB323, 0xB323, 0xBB23, 0xB323,
    0xB323, 0xB323, 0xB323, 0xB323, 0xB323, 0xBB23, 0xBB23, 0xBB23, 0xBB23, 0xBB23, 0xBB23, 0xBB23, 0xBB23, 0xBB23, 0xBB23, 0xBB03,
    0xBB03, 0xBB03, 0xBB03, 0xB303, 0xBB03, 0xBB03, 0xBB03, 0xBB03, 0xBAE3, 0xBB04, 0xBB66, 0xBB66, 0xBB46, 0xBB46, 0xBB46, 0xBB46,
    0xBB46, 0xB346, 0xBB46, 0xBB46, 0xBB46, 0xBB46, 0xBB46, 0xBB26, 0xBB26, 0xB326, 0xB326, 0xB326, 0xB326, 0xB326, 0xB326, 0xB306,
    0xB306, 0xB306, 0xB306, 0xB306, 0xB306, 0xB305, 0xB2E5, 0xB2E5, 0xB2E5, 0xB2E5, 0xB2E5, 0xAAE5, 0xAAE5, 0xAAC5, 0xAAC5, 0xAAC5,
    0xAAC5, 0xAAC5, 0xAAC5, 0xAAC5, 0xAAC5, 0xAA64, 0xA222, 0xA222, 0xA222, 0xA222, 0xA202, 0xA202, 0xA202, 0xA202, 0xA202, 0xA202,
    0xA202, 0xA202, 0xA1E2, 0xA1E2, 0xA1E2, 0xA1E2, 0xA1E2, 0xA1E2, 0xA1E2, 0xA1E2, 0xA1C2, 0xA1C2, 0xA1C2, 0xA1C2, 0xA1C2, 0xA1C2,
    0xA1C2, 0xA1C2, 0xA1C2, 0xA1C2, 0xA1C2, 0xA1C2, 0xA1C2, 0xA1C2, 0xA1C2, 0xA1C2, 0xA1C2, 0xA1C2, 0xA1C2, 0xA1C2, 0xA1C2, 0xA1C2,
    0xAB46, 0xAB66, 0xAB66, 0xAB66, 0xAB66, 0xAB66, 0xAB66, 0xAB66, 0xAB66, 0xAB66, 0xAB66, 0xAB66, 0xAB66, 0xAB66, 0xAB66, 0xB366,
    0xB366, 0xB366, 0xB366, 0xB366, 0xB366, 0xB366, 0xB366, 0xB366, 0xB366, 0xB366, 0xB366, 0xB366, 0xB366, 0xB366, 0xB366, 0xB366,
    0xB366, 0xB366, 0xB366, 0xB366, 0xB386, 0xB386, 0xB386, 0xB386, 0xB386, 0xB386, 0xB365, 0xB323, 0xB323, 0xB323, 0xB323, 0xB323,
    0xB323, 0xB323, 0xB323, 0xB323, 0xB323, 0xB323, 0xB323, 0xBB23, 0xBB23, 0xBB23, 0xBB23, 0xBB23, 0xBB23, 0xBB23, 0xBB23, 0xBB23,
    0xBB23, 0xBB23, 0xBB23, 0xBB23, 0xBB23, 0xBB23, 0xBB23, 0xBB23, 0xBB23, 0xBB23, 0xBB23, 0xBB23, 0xBB23, 0xBB23, 0xBB03, 0xBB03,
    0xBB03, 0xBB03, 0xBB03, 0xBB03, 0xBB03, 0xBB24, 0xBB66, 0xBB66, 0xBB66, 0xBB66, 0xBB66, 0xBB66, 0xBB46, 0xBB46, 0xBB46, 0xBB46,
    0xBB46, 0xBB46, 0xBB46, 0xBB46, 0xBB46, 0xBB26, 0xBB26, 0xB326, 0xB326, 0xB326, 0xB326, 0xB326, 0xB326, 0xB326, 0xB306, 0xB306,
    0xB306, 0xB306, 0xB305, 0xB2E5, 0xB2E5, 0xB2E5, 0xB2E5, 0xB2E5, 0xB2E5, 0xB2E5, 0xB2E5, 0xAAC5, 0xAAC5, 0xAAC5, 0xAAC5, 0xAAC5,
    0xAAC5, 0xAA63, 0xAA22, 0xAA23, 0xAA22, 0xAA22, 0xA222, 0xA222, 0xA202, 0xA202, 0xA202, 0xA202, 0xA202, 0xA202, 0xA202, 0xA1E2,
    0xA1E2, 0xA1E2, 0xA1E2, 0xA1E2, 0xA1E2, 0xA1E2, 0xA1C2, 0xA1C2, 0xA1C2, 0xA1C2, 0xA1C2, 0xA1C2, 0xA1C2, 0xA1C2, 0xA1C2, 0xA1C2,
    0xA1C2, 0xA1C2, 0xA1C2, 0xA1C2, 0xA1C2, 0xA1C2, 0xA1C2, 0xA1C2, 0xA1C2, 0xA1C2, 0xA1C2, 0xA1C2, 0xAB66, 0xAB66, 0xAB66, 0xAB66,
    0xAB66, 0xAB66, 0xAB66, 0xAB66, 0xAB66, 0xAB66, 0xB366, 0xB366, 0xB366, 0xB366, 0xB366, 0xB366, 0xB366, 0xB366, 0xB366, 0xB366,
    0xB366, 0xB366, 0xB386, 0xB386, 0xB386, 0xB386, 0xB386, 0xB386, 0xB386, 0xB386, 0xB386, 0xB386, 0xB386, 0xB386, 0xB386, 0xB386,
    0xB386, 0xB386, 0xB386, 0xB386, 0xB386, 0xB386, 0xB385, 0xB343, 0xB343, 0xB343, 0xB343, 0xB343, 0xB343, 0xBB43, 0xBB43, 0xBB43,
    0xBB43, 0xBB43, 0xBB43, 0xBB43, 0xBB43, 0xBB43, 0xBB43, 0xBB43, 0xBB43, 0xBB43, 0xBB43, 0xBB43, 0xBB43, 0xBB43, 0xBB43, 0xBB43,
    0xBB43, 0xBB23, 0xBB23, 0xBB23, 0xBB23, 0xBB23, 0xBB23, 0xBB23, 0xBB23, 0xBB23, 0xBB23, 0xBB23, 0xBB23, 0xBB23, 0xBB23, 0xBB23,
    0xBB03, 0xBB24, 0xBB86, 0xBB66, 0xBB66, 0xBB66, 0xBB66, 0xBB66, 0xBB66, 0xBB66, 0xBB66, 0xBB46, 0xBB46, 0xBB46, 0xBB46, 0xBB46,
    0xBB46, 0xBB46, 0xBB46, 0xBB46, 0xBB26, 0xBB26, 0xBB26, 0xBB26, 0xBB26, 0xB326, 0xB326, 0xB326, 0xB306, 0xB306, 0xB306, 0xB306,
    0xB306, 0xB305, 0xB2E5, 0xB2E5, 0xB2E5, 0xB2E5, 0xB2E5, 0xB2E5, 0xB2E5, 0xAAC5, 0xAAC5, 0xAAC5, 0xAAC5, 0xAA43, 0xAA43, 0xAA43,
    0xAA23, 0xAA23, 0xAA23, 0xAA23, 0xAA22, 0xA202, 0xA202, 0xA202, 0xA202, 0xA202, 0xA202, 0xA202, 0xA1E2, 0xA1E2, 0xA1E2, 0xA1E2,
    0xA1E2, 0xA1E2, 0xA1E2, 0xA1E2, 0xA1C2, 0xA1C2, 0xA1C2, 0xA1C2, 0xA1C2, 0xA1C2, 0xA1C2, 0xA1C2, 0xA1C2, 0xA1C2, 0xA1C2, 0xA1C2,
    0xA1C2, 0xA1C2, 0xA1C2, 0xA1C2, 0xA1C2, 0xA1C2, 0xA1C2, 0xA1C2, 0xAB66, 0xAB66, 0xAB66, 0xAB66, 0xAB66, 0xAB66, 0xAB66, 0xB366,
    0xB366, 0xB366, 0xB366, 0xB366, 0xB366, 0xB366, 0xB366, 0xB366, 0xB366, 0xB366, 0xB386, 0xB386, 0xB386, 0xB386, 0xB386, 0xB386,
    0xB386, 0xB386, 0xB386, 0xB386, 0xB386, 0xB386, 0xB386, 0xB386, 0xB386, 0xB386, 0xB386, 0xB386, 0xB386, 0xB386, 0xB386, 0xB386,
    0xB3A6, 0xB3A6, 0xBBA6, 0xB344, 0xB343, 0xBB43, 0xBB43, 0xBB43, 0xBB43, 0xBB43, 0xBB43, 0xBB43, 0xBB43, 0xBB43, 0xBB43, 0xBB43,
    0xBB43, 0xBB43, 0xBB43, 0xBB43, 0xBB43, 0xBB43, 0xBB43, 0xBB43, 0xBB43, 0xBB43, 0xBB43, 0xBB43, 0xBB43, 0xBB43, 0xBB43, 0xBB43,
    0xBB43, 0xBB43, 0xBB43, 0xBB23, 0xBB23, 0xBB23, 0xBB23, 0xBB23, 0xBB23, 0xBB23, 0xBB23, 0xBB23, 0xBB23, 0xBB24, 0xBB86, 0xBB86,
    0xBB86, 0xBB66, 0xBB66, 0xBB66, 0xBB66, 0xBB66, 0xBB66, 0xBB66, 0xBB66, 0xBB66, 0xBB66, 0xBB46, 0xBB46, 0xBB46, 0xBB46, 0xBB46,
    0xBB46, 0xBB46, 0xBB26, 0xBB26, 0xBB26, 0xBB26, 0xBB26, 0xBB26, 0xB326, 0xB326, 0xB306, 0xB306, 0xB306, 0xB306, 0xB306, 0xB306,
    0xB2E5, 0xB2E5, 0xB2E5, 0xB2E5, 0xB2E5, 0xB2E5, 0xB2C5, 0xB2C5, 0xAAA5, 0xAA43, 0xAA43, 0xAA43, 0xAA43, 0xAA23, 0xAA23, 0xAA23,
    0xAA23, 0xAA23, 0xA222, 0xA202, 0xA202, 0xA202, 0xA202, 0xA202, 0xA202, 0xA1E2, 0xA1E2, 0xA1E2, 0xA1E2, 0xA1E2, 0xA1E2, 0xA1E2,
    0xA1C2, 0xA1C2, 0xA1C2, 0xA1C2, 0xA1C2, 0xA1C2, 0xA1C2, 0xA1C2, 0xA1C2, 0xA1C2, 0xA1C2, 0xA1C2, 0xA1C2, 0xA1C2, 0xA1C2, 0xA1C2,
    0xA1C2, 0xA1C2, 0xA1C2, 0xA1C2, 0xAB66, 0xAB66, 0xAB66, 0xAB66, 0xB366, 0xB366, 0xB366, 0xB366, 0xB366, 0xB366, 0xB366, 0xB366,
    0xB386, 0xB386, 0xB386, 0xB386, 0xB386, 0xB386, 0xB386, 0xB386, 0xB386, 0xB386, 0xB386, 0xB386, 0xB386, 0xB386, 0xB386, 0xB386,
    0xB386, 0xB386, 0xB386, 0xB386, 0xB3A6, 0xB386, 0xB3A6, 0xB3A6, 0xB3A6, 0xB3A6, 0xBBA6, 0xBBA6, 0xBBA6, 0xBBA6, 0xBBA6, 0xBB64,
    0xBB43, 0xBB43, 0xBB43, 0xBB63, 0xBB63, 0xBB63, 0xBB63, 0xBB63, 0xBB63, 0xBB63, 0xBB63, 0xBB63, 0xBB63, 0xBB63, 0xBB63, 0xBB63,
    0xBB63, 0xBB63, 0xBB63, 0xBB63, 0xBB43, 0xBB43, 0xBB63, 0xBB43, 0xBB43, 0xBB43, 0xBB43, 0xBB43, 0xC343, 0xC343, 0xC343, 0xC343,
    0xC343, 0xC343, 0xC343, 0xBB43, 0xBB23, 0xBB23, 0xBB23, 0xC323, 0xC323, 0xBB44, 0xC386, 0xC386, 0xBB86, 0xBB86, 0xBB86, 0xBB86,
    0xBB86, 0xBB66, 0xBB66, 0xBB66, 0xBB66, 0xBB66, 0xBB66, 0xBB66, 0xBB66, 0xBB66, 0xBB46, 0xBB46, 0xBB46, 0xBB46, 0xBB46, 0xBB46,
    0xBB26, 0xBB26, 0xBB26, 0xBB26, 0xBB26, 0xBB26, 0xBB26, 0xBB26, 0xBB06, 0xB306, 0xB306, 0xB306, 0xB306, 0xB306, 0xB306, 0xB2E6,
    0xB2E6, 0xB2E5, 0xB2E5, 0xB2E6, 0xB284, 0xAA42, 0xAA43, 0xAA43, 0xAA43, 0xAA43, 0xAA43, 0xAA23, 0xAA23, 0xAA23, 0xAA23, 0xAA23,
    0xAA03, 0xAA02, 0xA202, 0xA202, 0xA202, 0xA1E2, 0xA1E2, 0xA1E2, 0xA1E2, 0xA1E2, 0xA1E2, 0xA1E2, 0xA1E2, 0xA1C2, 0xA1C2, 0xA1C2,
    0xA1C2, 0xA1C2, 0xA1C2, 0xA1C2, 0xA1C2, 0xA1C2, 0xA1C2, 0xA1C2, 0xA1C2, 0xA1C2, 0xA1C2, 0xA1C2, 0xA1C2, 0xA1C2, 0xA1C2, 0xA1C2,
    0xB366, 0xB366, 0xB366, 0xB366, 0xB366, 0xB366, 0xB366, 0xB386, 0xB386, 0xB386, 0xB386, 0xB386, 0xB386, 0xB386, 0xB386, 0xB386,
    0xB386, 0xB386, 0xB386, 0xB386, 0xB386, 0xB386, 0xB386, 0xB386, 0xB386, 0xB386, 0xB386, 0xB386, 0xB386, 0xB3A6, 0xB3A6, 0xB3A6,
    0xB3A6, 0xB3A6, 0xBBA6, 0xB3A6, 0xBBA6, 0xBBA6, 0xBBA6, 0xBBA6, 0xBBA6, 0xBBA6, 0xBBC6, 0xBBA5, 0xBB63, 0xBB63, 0xBB63, 0xBB64,
    0xBB63, 0xBB63, 0xBB63, 0xBB63, 0xBB63, 0xBB63, 0xBB63, 0xBB63, 0xBB63, 0xBB63, 0xBB63, 0xC364, 0xC363, 0xC363, 0xC364, 0xC364,
    0xC364, 0xC364, 0xBB64, 0xC363, 0xC363, 0xC363, 0xC343, 0xC363, 0xC343, 0xC343, 0xC343, 0xC343, 0xC343, 0xC343, 0xC343, 0xC343,
    0xC343, 0xC343, 0xC343, 0xC323, 0xC323, 0xC344, 0xC3A6, 0xC386, 0xC386, 0xC386, 0xC386, 0xC386, 0xC386, 0xBB86, 0xBB86, 0xBB86,
    0xC366, 0xC366, 0xBB66, 0xBB66, 0xBB66, 0xBB66, 0xBB66, 0xBB66, 0xBB46, 0xBB46, 0xBB46, 0xBB46, 0xBB46, 0xBB46, 0xBB26, 0xBB46,
    0xBB26, 0xBB26, 0xBB26, 0xBB26, 0xBB26, 0xBB26, 0xBB06, 0xBB06, 0xB306, 0xB306, 0xB306, 0xB306, 0xB306, 0xB2E6, 0xB2E6, 0xB2E5,
    0xB283, 0xB263, 0xB263, 0xB263, 0xAA43, 0xAA43, 0xAA43, 0xAA43, 0xAA43, 0xAA23, 0xAA23, 0xAA23, 0xAA23, 0xAA23, 0xAA02, 0xAA02,
    0xA202, 0xA202, 0xA202, 0xA1E2, 0xA1E2, 0xA1E2, 0xA1E2, 0xA1E2, 0xA1E2, 0xA1E2, 0xA1C2, 0xA1C2, 0xA1C2, 0xA1C2, 0xA1C2, 0xA1C2,
    0xA1C2, 0xA1C2, 0xA1C2, 0xA1C2, 0xA1C2, 0xA1C2, 0xA1C2, 0xA1C2, 0xA1C2, 0xA1C2, 0xA1C2, 0xA1C2, 0xB366, 0xB366, 0xB366, 0xB366,
    0xB366, 0xB386, 0xB386, 0xB386, 0xB386, 0xB386, 0xB386, 0xB386, 0xB386, 0xB386, 0xB386, 0xB386, 0xB386, 0xB386, 0xB386, 0xB386,
    0xB386, 0xB386, 0xB386, 0xB386, 0xB386, 0xB386, 0xB386, 0xB3A6, 0xB3A6, 0xB3A6, 0xB3A6, 0xB3A6, 0xB3A6, 0xBBA6, 0xBBA6, 0xBBA6,
    0xBBA6, 0xBBA6, 0xBBC6, 0xBBC6, 0xBBC6, 0xBBC6, 0xBBC6, 0xBBC6, 0xBB64, 0xBB64, 0xBB64, 0xBB64, 0xBB64, 0xBB64, 0xBB64, 0xBB63,
    0xC363, 0xC363, 0xC363, 0xC364, 0xC364, 0xC364, 0xC364, 0xC364, 0xC364, 0xC364, 0xC364, 0xC364, 0xC364, 0xC364, 0xC364, 0xC364,
    0xC364, 0xC364, 0xC363, 0xC363, 0xC363, 0xC363, 0xC363, 0xC363, 0xC363, 0xC343, 0xC343, 0xC343, 0xC343, 0xC343, 0xC343, 0xC343,
    0xC343, 0xC344, 0xC3A6, 0xC3A6, 0xC3A6, 0xC3A6, 0xC386, 0xC386, 0xC386, 0xC386, 0xC386, 0xC386, 0xC386, 0xC386, 0xC386, 0xC366,
    0xBB66, 0xBB66, 0xBB66, 0xBB66, 0xBB66, 0xBB66, 0xBB46, 0xBB46, 0xBB46, 0xBB46, 0xBB46, 0xBB46, 0xBB46, 0xBB46, 0xBB26, 0xBB26,
    0xBB26, 0xBB26, 0xBB26, 0xBB26, 0xBB06, 0xBB06, 0xBB06, 0xB306, 0xB306, 0xB306, 0xB306, 0xB2E5, 0xB263, 0xB263, 0xB263, 0xB263,
    0xB263, 0xB243, 0xAA43, 0xAA43, 0xAA43, 0xAA43, 0xAA23, 0xAA23, 0xAA23, 0xAA23, 0xAA22, 0xAA02, 0xAA02, 0xA202, 0xA202, 0xA202,
    0xA1E2, 0xA1E2, 0xA1E2, 0xA1E2, 0xA1E2, 0xA1E2, 0xA1C2, 0xA1C2, 0xA1C2, 0xA1C2, 0xA1C2, 0xA1C2, 0xA1C2, 0xA1C2, 0xA1C2, 0xA1C2,
    0xA1C2, 0xA1C2, 0xA1C2, 0xA1C2, 0xA1C2, 0xA1C2, 0xA1C2, 0xA1C2, 0xB366, 0xB366, 0xB386, 0xB386, 0xB386, 0xB386, 0xB386, 0xB386,
    0xB386, 0xB386, 0xB386, 0xB386, 0xB386, 0xB386, 0xB386, 0xB386, 0xB386, 0xB386, 0xB386, 0xB386, 0xB386, 0xB386, 0xB386, 0xB3A6,
    0xB3A6, 0xB3A6, 0xB3A6, 0xB3A6, 0xB3A6, 0xBBA6, 0xBBA6, 0xBBC6, 0xBBC6, 0xBBC6, 0xBBC6, 0xBBC6, 0xBBC6, 0xBBC6, 0xBBC6, 0xBBC6,
    0xBBC6, 0xBBC6, 0xBBC6, 0xBBC6, 0xBB84, 0xBB83, 0xBB84, 0xC384, 0xC384, 0xC384, 0xC384, 0xC384, 0xC384, 0xC384, 0xC384, 0xC384,
    0xC384, 0xC384, 0xC384, 0xC384, 0xC384, 0xC384, 0xC384, 0xC384, 0xC384, 0xC384, 0xC384, 0xC364, 0xC384, 0xC364, 0xC364, 0xC364,
    0xC364, 0xC364, 0xC364, 0xC364, 0xC364, 0xC364, 0xC364, 0xC364, 0xC364, 0xC364, 0xC344, 0xC344, 0xC343, 0xC364, 0xC3A6, 0xC3A6,
    0xC3A6, 0xC3A6, 0xC3A6, 0xC3A6, 0xC3A6, 0xC3A6, 0xC386, 0xC386, 0xC386, 0xC386, 0xC386, 0xC386, 0xC386, 0xC386, 0xC366, 0xC366,
    0xC366, 0xC366, 0xC366, 0xC366, 0xC366, 0xBB46, 0xBB46, 0xBB46, 0xBB46, 0xBB46, 0xBB46, 0xBB46, 0xBB46, 0xBB26, 0xBB26, 0xBB26,
    0xBB26, 0xBB26, 0xBB06, 0xBB06, 0xBB06, 0xB306, 0xB306, 0xB2C5, 0xB263, 0xB263, 0xB263, 0xB263, 0xB263, 0xB263, 0xB243, 0xB243,
    0xB243, 0xAA43, 0xAA43, 0xAA43, 0xAA23, 0xAA23, 0xAA23, 0xAA22, 0xAA02, 0xAA02, 0xAA02, 0xAA02, 0xA202, 0xA1E2, 0xA1E2, 0xA1E2,
    0xA1E2, 0xA1E2, 0xA1E2, 0xA1C2, 0xA1C2, 0xA1C2, 0xA1C2, 0xA1C2, 0xA1C2, 0xA1C2, 0xA1C2, 0xA1C2, 0xA1C2, 0xA1C2, 0xA1C2, 0xA1C2,
    0xA1C2, 0xA1C2, 0xA1C2, 0xA1C2, 0xB386, 0xB386, 0xB386, 0xB386, 0xB386, 0xB386, 0xB386, 0xB386, 0xB386, 0xB386, 0xB386, 0xB386,
    0xB386, 0xB386, 0xB386, 0xB386, 0xB386, 0xB386, 0xB386, 0xB386, 0xB3A6, 0xB3A6, 0xB3A6, 0xB3A6, 0xB3A6, 0xB3A6, 0xB3A6, 0xB3A6,
    0xBBC6, 0xBBC6, 0xBBC6, 0xBBC6, 0xBBC6, 0xBBC6, 0xBBC6, 0xBBC6, 0xBBC6, 0xBBC6, 0xBBC6, 0xBBC6, 0xBBC6, 0xBBE6, 0xBBE6, 0xC3E6,
    0xC3A5, 0xC383, 0xC384, 0xC384, 0xC384, 0xC384, 0xC384, 0xC384, 0xC384, 0xC384, 0xC384, 0xC384, 0xC384, 0xC384, 0xC384, 0xC384,
    0xC384, 0xC384, 0xC384, 0xC384, 0xC384, 0xC384, 0xC384, 0xC384, 0xC384, 0xC384, 0xC384, 0xC384, 0xC384, 0xC364, 0xC364, 0xC364,
    0xC364, 0xC364, 0xC364, 0xC364, 0xC364, 0xC364, 0xC364, 0xC364, 0xC343, 0xC364, 0xC3C6, 0xC3A6, 0xC3A6, 0xC3A6, 0xC3A6, 0xC3A6,
    0xC3A6, 0xC3A6, 0xC3A6, 0xC3A6, 0xC386, 0xC386, 0xC386, 0xC386, 0xC386, 0xC386, 0xC386, 0xC386, 0xC366, 0xC366, 0xC366, 0xC366,
    0xC366, 0xC366, 0xC346, 0xC346, 0xBB46, 0xBB46, 0xBB46, 0xBB46, 0xBB46, 0xBB26, 0xBB26, 0xBB26, 0xBB26, 0xBB26, 0xBB06, 0xBB06,
    0xBB06, 0xBB06, 0xBB06, 0xB2C4, 0xB283, 0xB283, 0xB263, 0xB263, 0xB263, 0xB263, 0xB263, 0xB243, 0xB243, 0xB243, 0xAA43, 0xAA43,
    0xAA43, 0xAA23, 0xAA23, 0xAA23, 0xAA22, 0xAA02, 0xAA02, 0xAA02, 0xAA02, 0xA202, 0xA1E2, 0xA1E2, 0xA1E2, 0xA1E2, 0xA1E2, 0xA1C2,
    0xA1C2, 0xA1C2, 0xA1C2, 0xA1C2, 0xA1C2, 0xA1C2, 0xA1C2, 0xA1C2, 0xA1C2, 0xA1C2, 0xA1C2, 0xA1C2, 0xA1C2, 0xA1C2, 0xA1C2, 0xA1C2,
    0xB386, 0xB386, 0xB386, 0xB386, 0xB386, 0xB386, 0xB386, 0xB386, 0xB386, 0xB386, 0xB386, 0xB386, 0xB386, 0xB386, 0xB386, 0xB386,
    0xB386, 0xB3A6, 0xB3A6, 0xB3A6, 0xB3A6, 0xB3A6, 0xB3A6, 0xB3C6, 0xB3A6, 0xBBC6, 0xBBC6, 0xBBC6, 0xBBC6, 0xBBC6, 0xBBC6, 0xBBC6,
    0xBBC6, 0xBBE6, 0xBBE6, 0xBBE6, 0xBBE6, 0xBBE6, 0xBBE6, 0xC3E6, 0xC3E6, 0xC3E6, 0xC3E6, 0xC3E6, 0xC3C6, 0xC383, 0xC3A4, 0xC3A4,
    0xC3A4, 0xC3A4, 0xC3A4, 0xC3A4, 0xC3A4, 0xC3A4, 0xC3A4, 0xC3A4, 0xC3A4, 0xC3A4, 0xC3A4, 0xC3A4, 0xC3A4, 0xC3A4, 0xC384, 0xC384,
    0xCB84, 0xCB84, 0xC384, 0xC384, 0xC384, 0xCB84, 0xCB84, 0xCB84, 0xCB84, 0xCB84, 0xC384, 0xC384, 0xCB84, 0xCB84, 0xCB84, 0xCB64,
    0xCB64, 0xC364, 0xC364, 0xC364, 0xC363, 0xC384, 0xCBC7, 0xC3C6, 0xC3C6, 0xC3C6, 0xC3A6, 0xC3A6, 0xC3A6, 0xC3A6, 0xC3A6, 0xC3A6,
    0xC3A6, 0xC3A6, 0xC3A6, 0xC386, 0xC386, 0xC386, 0xC386, 0xC386, 0xC386, 0xC386, 0xC386, 0xC366, 0xC366, 0xC366, 0xC366, 0xC366,
    0xC366, 0xC346, 0xC346, 0xC346, 0xBB46, 0xBB46, 0xBB46, 0xBB26, 0xBB26, 0xBB26, 0xBB26, 0xBB26, 0xBB26, 0xBB06, 0xBB06, 0xBAA3,
    0xBA83, 0xB283, 0xB283, 0xB283, 0xB263, 0xB263, 0xB263, 0xB263, 0xB263, 0xB243, 0xB243, 0xB243, 0xB243, 0xAA43, 0xAA23, 0xAA23,
    0xAA23, 0xAA22, 0xAA22, 0xAA02, 0xAA02, 0xAA02, 0xAA02, 0xA202, 0xA1E2, 0xA1E2, 0xA1E2, 0xA1E2, 0xA1E2, 0xA1C2, 0xA1C2, 0xA1C2,
    0xA1C2, 0xA1C2, 0xA1C2, 0xA1C2, 0xA1C2, 0xA1C2, 0xA1C2, 0xA1C2, 0xA1C2, 0xA1C2, 0xA1C2, 0xA1C2, 0xB386, 0xB386, 0xB386, 0xB386,
    0xB386, 0xB386, 0xB386, 0xB386, 0xB386, 0xB386, 0xB386, 0xB386, 0xB386, 0xB386, 0xB386, 0xB3A6, 0xB3A6, 0xB3A6, 0xB3A6, 0xB3A6,
    0xB3A6, 0xB3C6, 0xBBC6, 0xBBC6, 0xBBC6, 0xBBC6, 0xBBC6, 0xBBC6, 0xBBE6, 0xBBC6, 0xBBE6, 0xBBE6, 0xBBE6, 0xBBE6, 0xBBE6, 0xC3E6,
    0xC3E6, 0xC3E6, 0xC3E6, 0xC3E6, 0xC3E6, 0xC3E6, 0xC3E6, 0xC406, 0xC3E6, 0xC3A4, 0xC3A4, 0xC3A4, 0xC3A4, 0xC3A4, 0xC3A4, 0xC3A4,
    0xC3A4, 0xC3A4, 0xCBA4, 0xCBA4, 0xCBA4, 0xCBA4, 0xCBA4, 0xCBA4, 0xCBA4, 0xCBA4, 0xCBA4, 0xCBA4, 0xCBA4, 0xCBA4, 0xCBA4, 0xCBA4,
    0xCBA4, 0xCBA4, 0xCBA4, 0xCB84, 0xCB84, 0xCB84, 0xCB84, 0xCB84, 0xCB84, 0xCB84, 0xCB84, 0xCB84, 0xCB84, 0xCB84, 0xCB64, 0xCB64,
    0xCB63, 0xCB84, 0xCBC7, 0xCBC7, 0xCBC7, 0xCBC6, 0xCBC6, 0xCBC6, 0xCBC6, 0xCBC6, 0xCBC6, 0xC3A6, 0xCBA6, 0xCBA6, 0xC3A6, 0xC3A6,
    0xC3A6, 0xC386, 0xC386, 0xC386, 0xC386, 0xC386, 0xC386, 0xC386, 0xC366, 0xC386, 0xC366, 0xC366, 0xC366, 0xC366, 0xC366, 0xC346,
    0xC346, 0xC346, 0xC346, 0xBB46, 0xBB46, 0xBB26, 0xBB26, 0xBB26, 0xBB26, 0xBB26, 0xBB05, 0xBAA3, 0xBA83, 0xBA83, 0xBA83, 0xB283,
    0xB283, 0xB263, 0xB263, 0xB263, 0xB263, 0xB263, 0xB263, 0xB243, 0xB243, 0xB243, 0xB243, 0xAA23, 0xAA23, 0xAA23, 0xAA22, 0xAA22,
    0xAA02, 0xAA02, 0xAA02, 0xAA02, 0xA1E2, 0xA9E2, 0xA1E2, 0xA1E2, 0xA1E2, 0xA1C2, 0xA1C2, 0xA1C2, 0xA1C2, 0xA1C2, 0xA1C2, 0xA1C2,
    0xA1C2, 0xA1C2, 0xA1C2, 0xA1C2, 0xA1C2, 0xA1C2, 0xA1C2, 0xA1C2, 0xB386, 0xB386, 0xB386, 0xB386, 0xB386, 0xB386, 0xB386, 0xB386,
    0xB386, 0xB386, 0xB386, 0xB386, 0xB3A6, 0xB3A6, 0xB3A6, 0xB3A6, 0xB3A6, 0xB3A6, 0xB3C6, 0xBBC6, 0xBBC6, 0xBBC6, 0xBBC6, 0xBBC6,
    0xBBC6, 0xBBE6, 0xBBE6, 0xBBE6, 0xBBE6, 0xBBE6, 0xBBE6, 0xBBE6, 0xBBE6, 0xBBE6, 0xC3E6, 0xC406, 0xC406, 0xC406, 0xC406, 0xC406,
    0xC406, 0xC406, 0xC406, 0xC406, 0xC407, 0xC3C5, 0xC3A4, 0xC3A4, 0xC3A4, 0xC3A4, 0xC3A4, 0xCBC4, 0xCBA4, 0xCBA4, 0xCBA4, 0xCBA4,
    0xCBA4, 0xCBA4, 0xCBA4, 0xCBA4, 0xCBA4, 0xCBA4, 0xCBA4, 0xCBA4, 0xCBA4, 0xCBA4, 0xCBA4, 0xCBA4, 0xCBA4, 0xCBA4, 0xCBA4, 0xCBA4,
    0xCBA4, 0xCBA4, 0xCBA4, 0xCBA4, 0xCB84, 0xCB84, 0xCB84, 0xCB84, 0xCB84, 0xCB84, 0xCB84, 0xCB84, 0xCB83, 0xCB84, 0xCBE7, 0xCBE7,
    0xCBE7, 0xCBC7, 0xCBC6, 0xCBC6, 0xCBC6, 0xCBC6, 0xCBC6, 0xCBC6, 0xCBC6, 0xCBA6, 0xCBA6, 0xCBA6, 0xCBA6, 0xCBA6, 0xC3A6, 0xC3A6,
    0xC386, 0xC386, 0xC386, 0xC386, 0xC386, 0xC386, 0xC386, 0xC366, 0xC366, 0xC366, 0xC366, 0xC366, 0xC366, 0xC346, 0xC346, 0xC346,
    0xC346, 0xC346, 0xC346, 0xBB26, 0xBB26, 0xBB26, 0xBAE5, 0xBAA3, 0xBAA3, 0xBA83, 0xBA83, 0xBA83, 0xBA83, 0xB283, 0xB263, 0xB263,
    0xB263, 0xB263, 0xB263, 0xB243, 0xB243, 0xB243, 0xB243, 0xB243, 0xAA23, 0xAA23, 0xAA23, 0xAA23, 0xAA02, 0xAA02, 0xAA02, 0xAA02,
    0xAA02, 0xA9E2, 0xA9E2, 0xA1E2, 0xA1E2, 0xA1E2, 0xA1E2, 0xA1C2, 0xA1C2, 0xA1C2, 0xA1C2, 0xA1C2, 0xA1C2, 0xA1C2, 0xA1C2, 0xA1C2,
    0xA1C2, 0xA1C2, 0xA1C2, 0xA1C2, 0xB386, 0xB386, 0xB386, 0xB386, 0xB386, 0xB386, 0xB386, 0xB386, 0xB3A6, 0xB3A6, 0xB3A6, 0xB3A6,
    0xB3A6, 0xB3A6, 0xB3A6, 0xB3C6, 0xB3C6, 0xBBC6, 0xBBC6, 0xBBC6, 0xBBC6, 0xBBC6, 0xBBE6, 0xBBE6, 0xBBE6, 0xBBE6, 0xBBE6, 0xBBE6,
    0xBBE6, 0xBBE6, 0xC3E6, 0xC3E6, 0xC406, 0xC406, 0xC406, 0xC406, 0xC406, 0xC406, 0xC406, 0xC406, 0xC406, 0xC406, 0xC407, 0xC407,
    0xC427, 0xC3E5, 0xC3C4, 0xCBC4, 0xCBC4, 0xCBC4, 0xCBC4, 0xCBC4, 0xCBC4, 0xCBC4, 0xCBC4, 0xCBC4, 0xCBC4, 0xCBC4, 0xCBC4, 0xCBC4,
    0xCBC4, 0xCBC4, 0xCBC4, 0xCBC4, 0xCBC4, 0xCBC4, 0xCBC4, 0xCBC4, 0xCBA4, 0xCBA4, 0xCBA4, 0xCBA4, 0xCBA4, 0xCBA4, 0xCBA4, 0xCBA4,
    0xCBA4, 0xCBA4, 0xCBA4, 0xCBA4, 0xCB84, 0xCB84, 0xCB84, 0xCB84, 0xCB83, 0xCBA4, 0xCBE7, 0xCBE7, 0xCBE7, 0xCBE7, 0xCBE7, 0xCBC7,
    0xCBC7, 0xCBC7, 0xCBC7, 0xCBC7, 0xCBC7, 0xCBC7, 0xCBC7, 0xCBC7, 0xCBA6, 0xCBA6, 0xCBA6, 0xCBA6, 0xCBA6, 0xCBA6, 0xCB86, 0xC386,
    0xC386, 0xC386, 0xC386, 0xC386, 0xC386, 0xC366, 0xC366, 0xC366, 0xC366, 0xC366, 0xC366, 0xC366, 0xC346, 0xC346, 0xC346, 0xC346,
    0xC326, 0xC346, 0xBAE4, 0xBAA3, 0xBAA3, 0xBAA3, 0xBAA3, 0xBA83, 0xBA83, 0xBA83, 0xBA83, 0xBA83, 0xB263, 0xB263, 0xB263, 0xB263,
    0xB243, 0xB243, 0xB243, 0xB243, 0xB243, 0xB223, 0xB223, 0xAA23, 0xAA23, 0xAA23, 0xAA03, 0xAA03, 0xAA02, 0xAA02, 0xAA02, 0xA9E2,
    0xA9E2, 0xA1E2, 0xA1E2, 0xA1E2, 0xA1C2, 0xA1C2, 0xA1C2, 0xA1C2, 0xA1C2, 0xA1C2, 0xA1C2, 0xA1C2, 0xA1C2, 0xA1C2, 0xA1C2, 0xA1C2,
    0xB386, 0xB386, 0xB386, 0xB386, 0xB386, 0xB386, 0xB386, 0xB3A6, 0xB3A6, 0xB3A6, 0xB3A6, 0xB3A6, 0xB3A6, 0xB3C6, 0xB3C6, 0xBBC6,
    0xBBC6, 0xBBC6, 0xBBC6, 0xBBC6, 0xBBC6, 0xBBE6, 0xBBE6, 0xBBE6, 0xBBE6, 0xBBE6, 0xBBE6, 0xC3E6, 0xC3E6, 0xC406, 0xC406, 0xC406,
    0xC406, 0xC406, 0xC406, 0xC406, 0xC406, 0xC406, 0xC406, 0xC406, 0xC407, 0xC407, 0xCC27, 0xCC27, 0xCC27, 0xCC06, 0xCBC4, 0xCBC4,
    0xCBC4, 0xCBC4, 0xCBC4, 0xCBC4, 0xCBC4, 0xCBC4, 0xCBC4, 0xCBC4, 0xCBC4, 0xCBC4, 0xCBC4, 0xCBC4, 0xCBC4, 0xCBC4, 0xCBC4, 0xCBC4,
    0xCBC4, 0xCBC4, 0xCBC4, 0xCBC4, 0xCBC4, 0xCBC4, 0xCBC4, 0xCBC4, 0xCBA4, 0xCBA4, 0xCBA4, 0xCBA4, 0xCBA4, 0xCBA4, 0xCBA4, 0xCBA4,
    0xCBA4, 0xCBA4, 0xCBA4, 0xCB84, 0xCB83, 0xCBA4, 0xCC07, 0xCBE7, 0xCBE7, 0xCBE7, 0xCBE7, 0xCBE7, 0xCBE7, 0xCBE7, 0xCBC7, 0xCBC7,
    0xCBC7, 0xCBC7, 0xCBC7, 0xCBC7, 0xCBC7, 0xCBC7, 0xCBA6, 0xCBA6, 0xCBA6, 0xCBA6, 0xCBA6, 0xCBA6, 0xCB86, 0xCB86, 0xC386, 0xC386,
    0xC386, 0xC386, 0xC366, 0xC366, 0xC366, 0xC366, 0xC366, 0xC366, 0xC366, 0xC346, 0xC346, 0xC346, 0xC346, 0xC346, 0xBAC3, 0xBAA3,
    0xBAA3, 0xBAA3, 0xBAA3, 0xBAA3, 0xBA83, 0xBA83, 0xBA83, 0xBA83, 0xBA83, 0xBA63, 0xB263, 0xB263, 0xB263, 0xB263, 0xB243, 0xB243,
    0xB243, 0xB243, 0xB243, 0xB223, 0xB223, 0xAA23, 0xAA23, 0xAA03, 0xAA03, 0xAA02, 0xAA02, 0xA9E2, 0xA9E2, 0xA9E2, 0xA1E2, 0xA1E2,
    0xA1C2, 0xA1C2, 0xA1C2, 0xA1C2, 0xA1C2, 0xA1C2, 0xA1C2, 0xA1C2, 0xA1C2, 0xA1C2, 0xA1C2, 0xA1C2, 0xB386, 0xB386, 0xB386, 0xB3A6,
    0xB3A6, 0xB3A6, 0xB3A6, 0xB3A6, 0xB3A6, 0xB3A6, 0xB3C6, 0xB3C6, 0xB3C6, 0xBBC6, 0xBBC6, 0xBBC6, 0xBBC6, 0xBBE6, 0xBBE6, 0xBBE6,
    0xBBE6, 0xBBE6, 0xBBE6, 0xBBE6, 0xC3E6, 0xC406, 0xC406, 0xC406, 0xC406, 0xC406, 0xC406, 0xC406, 0xC406, 0xC406, 0xC426, 0xC426,
    0xC427, 0xC427, 0xCC27, 0xCC27, 0xCC27, 0xCC27, 0xCC27, 0xCC27, 0xCC27, 0xCC27, 0xCBE4, 0xCBE4, 0xCBE4, 0xCBE4, 0xCBE4, 0xCBE4,
    0xCBE4, 0xCBE4, 0xCBE4, 0xCBE4, 0xCBE4, 0xCBE4, 0xCBE4, 0xCBE4, 0xCBE4, 0xCBC4, 0xCBC4, 0xCBC4, 0xD3C4, 0xD3C4, 0xD3C4, 0xD3C4,
    0xD3C4, 0xD3C4, 0xD3C4, 0xD3C4, 0xD3C4, 0xD3C4, 0xD3C4, 0xD3C4, 0xD3C4, 0xD3A4, 0xD3A4, 0xD3A4, 0xD3A4, 0xD3A4, 0xD3A4, 0xCBA4,
    0xCB84, 0xCBA4, 0xD407, 0xD407, 0xCC07, 0xCBE7, 0xCBE7, 0xCBE7, 0xCBE7, 0xCBE7, 0xCBE7, 0xCBE7, 0xCBE7, 0xCBC7, 0xCBC7, 0xCBC7,
    0xCBC7, 0xCBC7, 0xCBC7, 0xCBC6, 0xCBA6, 0xCBA6, 0xCBA6, 0xCBA6, 0xCBA6, 0xCBA6, 0xCBA6, 0xCB86, 0xCB86, 0xCB86, 0xCB86, 0xCB86,
    0xCB86, 0xC366, 0xC366, 0xC366, 0xC366, 0xC366, 0xC366, 0xC346, 0xC346, 0xC325, 0xC2C3, 0xBAC3, 0xBAC3, 0xBAA3, 0xBAA3, 0xBAA3,
    0xBAA3, 0xBA83, 0xBA83, 0xBA83, 0xBA83, 0xBA83, 0xBA63, 0xBA63, 0xB263, 0xB263, 0xB263, 0xB243, 0xB243, 0xB243, 0xB243, 0xB243,
    0xB223, 0xB223, 0xAA23, 0xAA23, 0xAA03, 0xAA03, 0xAA03, 0xAA02, 0xAA02, 0xA9E2, 0xA9E2, 0xA1E2, 0xA1E2, 0xA1E2, 0xA1C2, 0xA1C2,
    0xA1C2, 0xA1C2, 0xA1C2, 0xA1C2, 0xA1C2, 0xA1C2, 0xA1C2, 0xA1C3, 0xB385, 0xB3A6, 0xB3A6, 0xB3A6, 0xB3A6, 0xB3A6, 0xB3A6, 0xB3A6,
    0xB3C6, 0xB3C6, 0xBBC6, 0xBBC6, 0xBBC6, 0xBBC6, 0xBBC6, 0xBBE6, 0xBBE6, 0xBBE6, 0xBBE6, 0xBBE6, 0xBBE6, 0xBC06, 0xBC06, 0xC406,
    0xC406, 0xC406, 0xC406, 0xC406, 0xC406, 0xC426, 0xC426, 0xC426, 0xC426, 0xC426, 0xC426, 0xC427, 0xC427, 0xCC27, 0xCC27, 0xCC27,
    0xCC27, 0xCC47, 0xCC47, 0xCC47, 0xCC27, 0xCC47, 0xCC05, 0xCBE4, 0xCBE4, 0xCBE4, 0xCBE4, 0xCBE4, 0xCBE4, 0xCBE4, 0xCBE4, 0xCBE4,
    0xCBE4, 0xD3E4, 0xD3E4, 0xCBE4, 0xD3E4, 0xD3E4, 0xD3E4, 0xD3E4, 0xD3E4, 0xD3E4, 0xD3E4, 0xD3E4, 0xD3E4, 0xD3C4, 0xD3E4, 0xD3C4,
    0xD3C4, 0xD3C4, 0xD3C4, 0xD3C4, 0xD3C4, 0xD3C4, 0xD3C4, 0xD3C4, 0xD3C4, 0xD3C4, 0xD3A4, 0xD3A4, 0xD3A4, 0xD3C4, 0xD407, 0xD407,
    0xD407, 0xD407, 0xD407, 0xD407, 0xD407, 0xD407, 0xD3E7, 0xCBE7, 0xCBE7, 0xCBE7, 0xCBC7, 0xCBC7, 0xCBE7, 0xCBC7, 0xCBC7, 0xCBC7,
    0xCBC6, 0xCBC7, 0xCBC7, 0xCBA6, 0xCBA6, 0xCBA6, 0xCBA6, 0xCBA6, 0xCBA6, 0xCB86, 0xCB86, 0xCB86, 0xCB86, 0xCB86, 0xCB66, 0xC366,
    0xC366, 0xC366, 0xC366, 0xC346, 0xC366, 0xC305, 0xC2C3, 0xC2C3, 0xC2C3, 0xC2C3, 0xC2A3, 0xBAA3, 0xBAA3, 0xBAA3, 0xBAA3, 0xBA83,
    0xBA83, 0xBA83, 0xBA83, 0xBA63, 0xBA63, 0xBA63, 0xBA63, 0xB263, 0xB243, 0xB243, 0xB243, 0xB243, 0xB243, 0xB223, 0xB223, 0xAA23,
    0xAA23, 0xAA03, 0xAA03, 0xAA02, 0xAA02, 0xAA02, 0xA9E2, 0xA9E2, 0xA1E2, 0xA1E2, 0xA1E2, 0xA1C2, 0xA1C2, 0xA1C2, 0xA1C2, 0xA1C2,
    0xA1C2, 0xA1C2, 0xA1C2, 0xA204, 0xB343, 0xB3A6, 0xB3A6, 0xB3A6, 0xB3A6, 0xB3A6, 0xB3A6, 0xB3C6, 0xB3C6, 0xBBC6, 0xBBC6, 0xBBC6,
    0xBBE6, 0xBBE6, 0xBBE6, 0xBBE6, 0xBBE6, 0xBBE6, 0xBC06, 0xBC06, 0xC406, 0xC406, 0xC406, 0xC406, 0xC406, 0xC406, 0xC427, 0xC427,
    0xC427, 0xC427, 0xC427, 0xCC27, 0xCC27, 0xCC27, 0xCC27, 0xCC27, 0xCC27, 0xCC47, 0xCC47, 0xCC47, 0xCC47, 0xCC47, 0xCC47, 0xCC47,
    0xCC47, 0xCC47, 0xCC26, 0xCBE4, 0xCC04, 0xCBE4, 0xCBE4, 0xD3E4, 0xD3E4, 0xD3E4, 0xD404, 0xD3E4, 0xD3E4, 0xD3E4, 0xD3E4, 0xD3E4,
    0xD3E4, 0xD3E4, 0xD3E4, 0xD3E4, 0xD3E4, 0xD3E4, 0xD3E4, 0xD3E4, 0xD3E4, 0xD3E4, 0xD3E4, 0xD3E4, 0xD3E4, 0xD3E4, 0xD3E4, 0xD3C4,
    0xD3C4, 0xD3C4, 0xD3C4, 0xD3C4, 0xD3C4, 0xD3C4, 0xD3C4, 0xD3C4, 0xD3A4, 0xD3C5, 0xD427, 0xD407, 0xD407, 0xD407, 0xD407, 0xD407,
    0xD407, 0xD407, 0xD407, 0xD3E7, 0xD3E7, 0xD3E7, 0xD3E7, 0xD3E7, 0xD3E7, 0xCBE7, 0xCBC7, 0xCBC7, 0xCBC7, 0xCBC7, 0xCBC7, 0xCBC7,
    0xCBA7, 0xCBA7, 0xCBA7, 0xCBA6, 0xCBA6, 0xCBA6, 0xCBA6, 0xCB86, 0xCB86, 0xCB86, 0xCB86, 0xCB86, 0xCB66, 0xC366, 0xC366, 0xC366,
    0xC366, 0xC304, 0xC2C3, 0xC2C3, 0xC2C3, 0xC2C3, 0xC2C3, 0xC2A3, 0xBAA3, 0xBAA3, 0xBAA3, 0xBA83, 0xBA83, 0xBA83, 0xBA83, 0xBA83,
    0xBA63, 0xBA63, 0xBA63, 0xBA63, 0xB263, 0xB243, 0xB243, 0xB243, 0xB243, 0xB243, 0xB223, 0xB223, 0xB223, 0xB223, 0xAA03, 0xAA03,
    0xAA02, 0xAA02, 0xAA02, 0xA9E2, 0xA9E2, 0xA9E2, 0xA9E2, 0xA1E2, 0xA1E2, 0xA1C2, 0xA1C2, 0xA1C2, 0xA1C2, 0xA1C2, 0xA1E3, 0xA245,
    0xB343, 0xB364, 0xB3A6, 0xB3A6, 0xB3A6, 0xB3C6, 0xB3C6, 0xBBC6, 0xBBC6, 0xBBC6, 0xBBE6, 0xBBE6, 0xBBE6, 0xBBE6, 0xBBE6, 0xBBE6,
    0xBC06, 0xC406, 0xC406, 0xC406, 0xC406, 0xC406, 0xC406, 0xC427, 0xC427, 0xC427, 0xC427, 0xC427, 0xC427, 0xCC27, 0xCC27, 0xCC47,
    0xCC47, 0xCC47, 0xCC47, 0xCC47, 0xCC47, 0xCC47, 0xCC47, 0xCC47, 0xCC47, 0xCC47, 0xCC47, 0xCC47, 0xD447, 0xD447, 0xD446, 0xD404,
    0xD404, 0xD404, 0xD404, 0xD404, 0xD404, 0xD404, 0xD404, 0xD404, 0xD404, 0xD404, 0xD404, 0xD404, 0xD404, 0xD404, 0xD404, 0xD404,
    0xD404, 0xD404, 0xD404, 0xD3E4, 0xD3E4, 0xD3E4, 0xD3E4, 0xD3E4, 0xD3E4, 0xD3E4, 0xD3E4, 0xD3E4, 0xD3E4, 0xD3E4, 0xD3E4, 0xD3C4,
    0xD3C4, 0xD3C4, 0xD3C4, 0xD3C4, 0xD3C4, 0xD3C5, 0xD427, 0xD427, 0xD427, 0xD407, 0xD407, 0xD407, 0xD407, 0xD407, 0xD407, 0xD407,
    0xD407, 0xD3E7, 0xD3E7, 0xD3E7, 0xD3E7, 0xD3E7, 0xD3E7, 0xD3E7, 0xD3E7, 0xCBC7, 0xCBC7, 0xCBC7, 0xCBC7, 0xCBC7, 0xCBA7, 0xCBA7,
    0xCBA7, 0xCBA7, 0xCBA6, 0xCBA6, 0xCBA6, 0xCB86, 0xCB86, 0xCB86, 0xCB86, 0xCB86, 0xCB66, 0xCB66, 0xC366, 0xC2E4, 0xC2E3, 0xC2E3,
    0xC2C3, 0xC2C3, 0xC2C3, 0xC2C3, 0xC2C3, 0xC2A3, 0xC2A3, 0xBAA3, 0xBAA3, 0xBA83, 0xBA83, 0xBA83, 0xBA83, 0xBA83, 0xBA63, 0xBA63,
    0xBA63, 0xB263, 0xB243, 0xB243, 0xB243, 0xB243, 0xB243, 0xB223, 0xB223, 0xB223, 0xB223, 0xB203, 0xAA03, 0xAA02, 0xAA02, 0xAA02,
    0xA9E2, 0xA9E2, 0xA9E2, 0xA9E2, 0xA9E2, 0xA1E2, 0xA1E2, 0xA1C2, 0xA1C2, 0xA1C2, 0xA224, 0xA245, 0xB363, 0xB363, 0xB3A5, 0xB3C6,
    0xB3C6, 0xB3C6, 0xBBC6, 0xBBC6, 0xBBE6, 0xBBE6, 0xBBE6, 0xBBE6, 0xBBE6, 0xBBE6, 0xBC06, 0xC406, 0xC406, 0xC406, 0xC407, 0xC407,
    0xC427, 0xC427, 0xC427, 0xC427, 0xC427, 0xC427, 0xC427, 0xCC27, 0xCC47, 0xCC47, 0xCC47, 0xCC47, 0xCC47, 0xCC47, 0xCC47, 0xCC47,
    0xCC47, 0xCC47, 0xCC47, 0xCC47, 0xCC67, 0xCC67, 0xD467, 0xD467, 0xD467, 0xD467, 0xD467, 0xD425, 0xD404, 0xD404, 0xD404, 0xD404,
    0xD404, 0xD404, 0xD404, 0xD404, 0xD404, 0xD404, 0xD404, 0xD404, 0xD404, 0xD404, 0xD404, 0xD404, 0xD404, 0xD404, 0xD404, 0xD404,
    0xD404, 0xD404, 0xD3E4, 0xD3E4, 0xD3E4, 0xD3E4, 0xD3E4, 0xD3E4, 0xD3E4, 0xD3E4, 0xD3E4, 0xD3E4, 0xD3E4, 0xD3E4, 0xD3C4, 0xD3C4,
    0xD3C4, 0xD3E5, 0xD427, 0xD427, 0xD427, 0xD427, 0xD427, 0xD427, 0xD407, 0xD407, 0xD407, 0xD407, 0xD407, 0xD407, 0xD3E7, 0xD3E7,
    0xD3E7, 0xD3E7, 0xD3E7, 0xD3E7, 0xD3E7, 0xD3E7, 0xD3E7, 0xD3C7, 0xCBC7, 0xCBC7, 0xCBC7, 0xCBC7, 0xCBA7, 0xCBA7, 0xCBA7, 0xCBA6,
    0xCBA6, 0xCBA6, 0xCB86, 0xCB86, 0xCB86, 0xCB86, 0xCB86, 0xCB86, 0xCB45, 0xC2E3, 0xC2E3, 0xC2E3, 0xC2C3, 0xC2C3, 0xC2C3, 0xC2C3,
    0xC2C3, 0xC2A3, 0xC2A3, 0xC2A3, 0xC2A3, 0xBAA3, 0xBA83, 0xBA83, 0xBA83, 0xBA83, 0xBA83, 0xBA63, 0xBA63, 0xBA63, 0xBA63, 0xB243,
    0xB243, 0xB243, 0xB243, 0xB223, 0xB223, 0xB223, 0xB223, 0xB223, 0xB203, 0xAA02, 0xAA02, 0xAA02, 0xA9E2, 0xA9E2, 0xA9E2, 0xA9E2,
    0xA9E2, 0xA9E2, 0xA1E2, 0xA1E2, 0xA1C2, 0xA203, 0xA265, 0xA245, 0xB363, 0xB363, 0xB384, 0xB3C6, 0xBBC6, 0xBBC6, 0xBBE6, 0xBBE6,
    0xBBE6, 0xBBE6, 0xBBE6, 0xBBE6, 0xBC06, 0xC406, 0xC406, 0xC407, 0xC407, 0xC427, 0xC427, 0xC427, 0xC427, 0xC427, 0xC427, 0xC427,
    0xCC47, 0xCC47, 0xCC47, 0xCC47, 0xCC47, 0xCC47, 0xCC47, 0xCC47, 0xCC47, 0xCC67, 0xCC67, 0xCC67, 0xCC67, 0xCC67, 0xD467, 0xD467,
    0xD467, 0xD467, 0xD467, 0xD467, 0xD467, 0xD467, 0xD467, 0xD445, 0xD404, 0xD424, 0xD424, 0xD424, 0xD424, 0xD424, 0xD424, 0xD424,
    0xD424, 0xD424, 0xD424, 0xD424, 0xD424, 0xD424, 0xD404, 0xD404, 0xD404, 0xD404, 0xD404, 0xD404, 0xD404, 0xD404, 0xDC04, 0xDC04,
    0xD404, 0xD404, 0xD404, 0xD3E4, 0xD3E4, 0xD3E4, 0xD3E4, 0xDBE4, 0xDBE4, 0xDBE4, 0xDBE4, 0xDBE4, 0xD3C4, 0xD3E5, 0xDC47, 0xDC27,
    0xDC27, 0xD427, 0xD427, 0xD427, 0xD427, 0xD427, 0xD427, 0xD407, 0xD407, 0xD407, 0xD407, 0xD407, 0xD407, 0xD3E7, 0xD3E7, 0xD3E7,
    0xD3E7, 0xD3E7, 0xD3E7, 0xD3E7, 0xD3C7, 0xD3C7, 0xD3C7, 0xD3C7, 0xCBC7, 0xCBA7, 0xCBA7, 0xCBA7, 0xCBA6, 0xCBA6, 0xCBA6, 0xCB86,
    0xCB86, 0xCB86, 0xCB86, 0xCB87, 0xCB45, 0xCAE3, 0xC2E3, 0xC2E3, 0xC2E3, 0xC2E3, 0xC2C3, 0xC2C3, 0xC2C3, 0xC2C3, 0xC2C3, 0xC2A3,
    0xC2A3, 0xC2A3, 0xBAA3, 0xBAA3, 0xBA83, 0xBA83, 0xBA83, 0xBA83, 0xBA63, 0xBA63, 0xBA63, 0xBA63, 0xBA43, 0xBA43, 0xB243, 0xB243,
    0xB243, 0xB223, 0xB223, 0xB223, 0xB223, 0xB203, 0xAA02, 0xAA02, 0xAA02, 0xA9E2, 0xA9E2, 0xA9E2, 0xA9E2, 0xA9E2, 0xA9E2, 0xA9E2,
    0xA1E2, 0xAA45, 0xAA65, 0xAA65, 0xB363, 0xB383, 0xBB83, 0xBBC5, 0xBBE6, 0xBBE6, 0xBBE6, 0xBBE6, 0xBBE6, 0xBC06, 0xC406, 0xC406,
    0xC406, 0xC406, 0xC407, 0xC427, 0xC427, 0xC427, 0xC427, 0xC427, 0xC427, 0xC447, 0xC447, 0xCC47, 0xCC47, 0xCC47, 0xCC47, 0xCC47,
    0xCC47, 0xCC47, 0xCC47, 0xCC67, 0xCC67, 0xCC67, 0xCC67, 0xD467, 0xCC67, 0xD467, 0xD467, 0xD467, 0xD467, 0xD487, 0xD487, 0xD487,
    0xD487, 0xD487, 0xD488, 0xD466, 0xD424, 0xD424, 0xD424, 0xD424, 0xD424, 0xD424, 0xD424, 0xDC24, 0xD424, 0xDC24, 0xDC24, 0xDC24,
    0xD424, 0xDC24, 0xDC24, 0xDC24, 0xDC24, 0xDC24, 0xDC24, 0xDC24, 0xDC24, 0xDC04, 0xDC04, 0xDC04, 0xDC04, 0xDC04, 0xDC04, 0xDC04,
    0xDC04, 0xDC04, 0xDC04, 0xDC04, 0xDBE4, 0xDBE4, 0xDBE4, 0xDBE4, 0xDBE4, 0xDC05, 0xDC47, 0xDC47, 0xDC47, 0xDC27, 0xDC27, 0xD427,
    0xD427, 0xD427, 0xD427, 0xD427, 0xD427, 0xD427, 0xD427, 0xD407, 0xD407, 0xD407, 0xD407, 0xD407, 0xD3E7, 0xD3E7, 0xD3E7, 0xD3E7,
    0xD3E7, 0xD3E7, 0xD3C7, 0xD3C7, 0xD3C7, 0xD3C7, 0xD3A7, 0xCBA7, 0xD3A7, 0xD3A7, 0xCBA7, 0xCBA7, 0xCBA6, 0xCB86, 0xCB86, 0xCB87,
    0xCB24, 0xCAE3, 0xCB03, 0xC2E3, 0xC2E3, 0xC2E3, 0xC2E3, 0xC2E3, 0xC2C3, 0xC2C3, 0xC2C3, 0xC2C3, 0xC2A3, 0xC2A3, 0xC2A3, 0xBAA3,
    0xC283, 0xBA83, 0xBA83, 0xBA83, 0xBA83, 0xBA63, 0xBA63, 0xBA63, 0xBA63, 0xBA43, 0xB243, 0xB243, 0xB243, 0xB243, 0xB223, 0xB223,
    0xB223, 0xB223, 0xB223, 0xAA02, 0xAA02, 0xAA02, 0xA9E2, 0xA9E2, 0xA9E2, 0xA9E2, 0xA9E2, 0xA9E2, 0xAA03, 0xAA65, 0xAA65, 0xAA65,
    0xB383, 0xBB83, 0xBB83, 0xBBA4, 0xBBE6, 0xBBE6, 0xBBE6, 0xBC06, 0xBC06, 0xC406, 0xC407, 0xC407, 0xC427, 0xC427, 0xC427, 0xC427,
    0xC427, 0xC427, 0xC447, 0xC447, 0xCC47, 0xCC47, 0xCC47, 0xCC47, 0xCC47, 0xCC47, 0xCC47, 0xCC47, 0xCC67, 0xCC67, 0xCC67, 0xCC67,
    0xCC67, 0xCC67, 0xD467, 0xD467, 0xD467, 0xD467, 0xD467, 0xD467, 0xD487, 0xD487, 0xD487, 0xD487, 0xD487, 0xD487, 0xD488, 0xD487,
    0xD445, 0xD425, 0xD425, 0xD425, 0xDC44, 0xDC44, 0xDC24, 0xDC24, 0xDC24, 0xDC24, 0xDC24, 0xDC24, 0xDC24, 0xDC24, 0xDC24, 0xDC24,
    0xDC24, 0xDC24, 0xDC24, 0xDC24, 0xDC24, 0xDC24, 0xDC24, 0xDC24, 0xDC24, 0xDC04, 0xDC04, 0xDC04, 0xDC04, 0xDC04, 0xDC04, 0xDC04,
    0xDC04, 0xDC04, 0xDBE4, 0xDBE4, 0xDBE4, 0xDC05, 0xDC47, 0xDC47, 0xDC47, 0xDC47, 0xDC47, 0xDC47, 0xDC27, 0xDC27, 0xDC27, 0xDC27,
    0xDC27, 0xDC27, 0xD427, 0xD427, 0xD407, 0xD407, 0xD407, 0xD407, 0xD407, 0xD3E7, 0xD3E7, 0xD3E7, 0xD3E7, 0xD3E7, 0xD3E7, 0xD3E7,
    0xD3C7, 0xD3C7, 0xD3C7, 0xD3C7, 0xD3C7, 0xD3A7, 0xD3A7, 0xD3A7, 0xCBA7, 0xCBA7, 0xCBA7, 0xCB86, 0xCB03, 0xCB03, 0xCB03, 0xCB03,
    0xCAE3, 0xCAE3, 0xC2E3, 0xC2E3, 0xC2E3, 0xC2C3, 0xC2C3, 0xC2C3, 0xC2C3, 0xC2A3, 0xC2A3, 0xC2A3, 0xC2A3, 0xC2A3, 0xBA83, 0xBA83,
    0xBA83, 0xBA83, 0xBA63, 0xBA63, 0xBA63, 0xBA63, 0xBA43, 0xBA43, 0xB243, 0xB243, 0xB223, 0xB223, 0xB223, 0xB223, 0xB223, 0xB203,
    0xB202, 0xB202, 0xAA02, 0xAA02, 0xA9E2, 0xA9E2, 0xA9E2, 0xA9E3, 0xAA65, 0xAA65, 0xAA65, 0xAA65, 0xBB83, 0xBB83, 0xBBA4, 0xBB83,
    0xBBC5, 0xBC06, 0xBC06, 0xC407, 0xC407, 0xC407, 0xC427, 0xC427, 0xC427, 0xC427, 0xC427, 0xC427, 0xC427, 0xC447, 0xCC47, 0xCC47,
    0xCC47, 0xCC47, 0xCC47, 0xCC47, 0xCC67, 0xCC67, 0xCC67, 0xCC67, 0xCC67, 0xCC67, 0xD467, 0xD467, 0xD467, 0xD487, 0xD487, 0xD488,
    0xD488, 0xD488, 0xD488, 0xD488, 0xD488, 0xD488, 0xD488, 0xD488, 0xD488, 0xD488, 0xD488, 0xDCA8, 0xDC45, 0xDC45, 0xDC45, 0xDC45,
    0xDC45, 0xDC45, 0xDC45, 0xDC45, 0xDC44, 0xDC44, 0xDC44, 0xDC44, 0xDC44, 0xDC44, 0xDC44, 0xDC44, 0xDC24, 0xDC44, 0xDC24, 0xDC24,
    0xDC24, 0xDC24, 0xDC24, 0xDC24, 0xDC24, 0xDC24, 0xDC24, 0xDC24, 0xDC04, 0xDC04, 0xDC04, 0xDC04, 0xDC04, 0xDC04, 0xDC04, 0xDC04,
    0xDBE4, 0xDC05, 0xDC67, 0xDC47, 0xDC47, 0xDC47, 0xDC47, 0xDC47, 0xDC47, 0xDC47, 0xDC27, 0xDC27, 0xDC27, 0xDC27, 0xDC27, 0xDC27,
    0xDC27, 0xDC27, 0xDC07, 0xD407, 0xD407, 0xD407, 0xD407, 0xD407, 0xD407, 0xD3E7, 0xD3E7, 0xD3E7, 0xD3E7, 0xD3C7, 0xD3C7, 0xD3C7,
    0xD3C7, 0xD3C7, 0xD3C7, 0xD3A7, 0xD3A7, 0xD3A7, 0xD3A7, 0xCB66, 0xCB03, 0xCB03, 0xCB03, 0xCB03, 0xCB03, 0xCB03, 0xCAE3, 0xCAE3,
    0xCAE3, 0xCAE3, 0xC2C3, 0xC2C3, 0xC2C3, 0xC2C3, 0xC2A3, 0xC2A3, 0xC2A3, 0xC2A3, 0xC2A3, 0xC283, 0xBA83, 0xBA83, 0xBA83, 0xBA63,
    0xBA63, 0xBA63, 0xBA63, 0xBA63, 0xBA43, 0xBA43, 0xBA43, 0xB243, 0xB223, 0xB223, 0xB223, 0xB223, 0xB203, 0xB203, 0xB202, 0xAA02,
    0xA9E2, 0xA9E2, 0xA9E2, 0xAA44, 0xAA65, 0xAA65, 0xAA65, 0xAA65, 0xBBA4, 0xBBA4, 0xBBA4, 0xBBA4, 0xBBA4, 0xBC06, 0xC407, 0xC407,
    0xC427, 0xC427, 0xC427, 0xC427, 0xC427, 0xC427, 0xC427, 0xC447, 0xC447, 0xCC47, 0xCC47, 0xCC47, 0xCC47, 0xCC47, 0xCC67, 0xCC67,
    0xCC67, 0xCC67, 0xCC67, 0xCC67, 0xCC67, 0xD488, 0xD488, 0xD488, 0xD488, 0xD488, 0xD488, 0xD488, 0xD488, 0xD488, 0xD488, 0xD488,
    0xD488, 0xD488, 0xD488, 0xD4A8, 0xD4A8, 0xDCA8, 0xDCA8, 0xDCA8, 0xDC66, 0xDC45, 0xDC45, 0xDC45, 0xDC45, 0xDC45, 0xDC45, 0xDC45,
    0xDC45, 0xDC45, 0xDC45, 0xDC45, 0xDC44, 0xDC44, 0xDC44, 0xDC44, 0xDC44, 0xDC44, 0xDC44, 0xDC44, 0xDC44, 0xDC44, 0xDC24, 0xDC24,
    0xDC24, 0xDC24, 0xDC24, 0xDC24, 0xDC24, 0xDC24, 0xDC24, 0xDC24, 0xDC04, 0xDC04, 0xDC04, 0xDC04, 0xDC04, 0xDC25, 0xDC67, 0xDC67,
    0xDC67, 0xDC67, 0xDC47, 0xDC47, 0xDC47, 0xDC47, 0xDC47, 0xDC47, 0xDC47, 0xDC27, 0xDC27, 0xDC27, 0xDC27, 0xDC27, 0xDC27, 0xDC07,
    0xDC07, 0xDC07, 0xDC07, 0xD407, 0xD407, 0xD3E7, 0xD3E7, 0xD3E7, 0xD3E7, 0xD3E7, 0xD3C7, 0xD3C7, 0xD3C7, 0xD3C7, 0xD3C7, 0xD3C7,
    0xD3C7, 0xD3A7, 0xD3A7, 0xD345, 0xCB03, 0xCB23, 0xCB03, 0xCB03, 0xCB03, 0xCB03, 0xCAE3, 0xCAE3, 0xCAE3, 0xCAE3, 0xCAE3, 0xCAC3,
    0xC2C3, 0xC2C3, 0xC2C3, 0xC2A3, 0xC2A3, 0xC2A3, 0xC2A3, 0xC2A3, 0xC283, 0xBA83, 0xBA83, 0xBA83, 0xBA63, 0xBA63, 0xBA63, 0xBA63,
    0xBA43, 0xBA43, 0xBA43, 0xB243, 0xB243, 0xB223, 0xB223, 0xB223, 0xB223, 0xB203, 0xB203, 0xB202, 0xB202, 0xA9E2, 0xAA03, 0xAA65,
    0xAA65, 0xAA65, 0xAA65, 0xAA65, 0xBBA4, 0xBBA4, 0xBBA4, 0xBBA4, 0xC3A4, 0xC3E5, 0xC427, 0xC427, 0xC427, 0xC427, 0xC427, 0xC427,
    0xC427, 0xC447, 0xCC47, 0xCC47, 0xCC47, 0xCC47, 0xCC67, 0xCC67, 0xCC67, 0xCC67, 0xCC67, 0xCC68, 0xCC68, 0xCC68, 0xD488, 0xD488,
    0xD488, 0xD488, 0xD488, 0xD488, 0xD488, 0xD488, 0xD488, 0xD4A8, 0xD4A8, 0xD4A8, 0xD4A8, 0xD4A8, 0xD4A8, 0xD4A8, 0xDCA8, 0xDCA8,
    0xDCA8, 0xDCA8, 0xDCA8, 0xDCA8, 0xDCA7, 0xDC65, 0xDC65, 0xDC65, 0xDC65, 0xDC65, 0xDC65, 0xDC65, 0xDC65, 0xDC65, 0xDC65, 0xDC45,
    0xDC45, 0xDC45, 0xDC45, 0xDC44, 0xDC44, 0xDC44, 0xDC44, 0xDC44, 0xDC44, 0xDC44, 0xDC44, 0xDC44, 0xDC44, 0xDC44, 0xDC24, 0xDC24,
    0xDC24, 0xDC24, 0xDC24, 0xDC24, 0xDC24, 0xDC24, 0xDC04, 0xDC04, 0xDC04, 0xDC25, 0xDC67, 0xDC67, 0xDC67, 0xDC67, 0xDC67, 0xDC67,
    0xDC47, 0xDC47, 0xDC47, 0xDC47, 0xDC47, 0xDC47, 0xDC27, 0xDC27, 0xDC27, 0xDC27, 0xDC27, 0xDC27, 0xDC27, 0xDC07, 0xDC07, 0xDC07,
    0xDC07, 0xD407, 0xD407, 0xD407, 0xD3E7, 0xD3E7, 0xD3E7, 0xD3E7, 0xD3E7, 0xD3C7, 0xD3C7, 0xD3C7, 0xD3C7, 0xD3C7, 0xD3A7, 0xD344,
    0xD323, 0xCB24, 0xCB23, 0xCB23, 0xCB03, 0xCB03, 0xCB03, 0xCB03, 0xCAE3, 0xCAE3, 0xCAE3, 0xCAE3, 0xCAC3, 0xC2C3, 0xC2C3, 0xC2C3,
    0xC2C3, 0xC2A3, 0xC2A3, 0xC2A3, 0xC2A3, 0xC283, 0xC283, 0xC283, 0xBA83, 0xBA63, 0xBA63, 0xBA63, 0xBA63, 0xBA43, 0xBA43, 0xBA43,
    0xBA43, 0xBA23, 0xB223, 0xB223, 0xB223, 0xB223, 0xB203, 0xB203, 0xB203, 0xB1E2, 0xB265, 0xB285, 0xB265, 0xAA65, 0xAA65, 0xAA65,
    0xBBA4, 0xBBA4, 0xC3C4, 0xC3C4, 0xC3C4, 0xC3C4, 0xC406, 0xC427, 0xC427, 0xC427, 0xC427, 0xC447, 0xCC47, 0xCC47, 0xCC47, 0xCC47,
    0xCC67, 0xCC67, 0xCC67, 0xCC68, 0xCC68, 0xCC68, 0xCC68, 0xCC88, 0xCC88, 0xD488, 0xD488, 0xD488, 0xD488, 0xD488, 0xD4A8, 0xD4A8,
    0xD4A8, 0xD4A8, 0xD4A8, 0xD4A8, 0xD4A8, 0xD4A8, 0xDCA8, 0xD4A8, 0xDCA8, 0xDCA8, 0xDCA8, 0xDCA8, 0xDCA8, 0xDCA8, 0xDCA8, 0xDCA8,
    0xDCA8, 0xDC65, 0xDC65, 0xDC65, 0xDC65, 0xDC65, 0xDC65, 0xDC65, 0xDC65, 0xDC65, 0xDC65, 0xDC65, 0xDC65, 0xE465, 0xE465, 0xDC65,
    0xE465, 0xE465, 0xE465, 0xE444, 0xE444, 0xE444, 0xE444, 0xE444, 0xE444, 0xE444, 0xE444, 0xE444, 0xE444, 0xDC24, 0xDC24, 0xE424,
    0xE424, 0xE424, 0xDC24, 0xDC24, 0xDC24, 0xDC25, 0xDC87, 0xDC67, 0xDC67, 0xDC67, 0xDC67, 0xDC67, 0xDC67, 0xDC67, 0xDC67, 0xDC47,
    0xDC47, 0xDC47, 0xDC47, 0xDC47, 0xDC47, 0xDC27, 0xDC27, 0xDC27, 0xDC27, 0xDC27, 0xDC27, 0xDC07, 0xDC07, 0xDC07, 0xDC07, 0xDC07,
    0xD3E7, 0xD3E7, 0xD3E7, 0xD3E7, 0xD3E7, 0xD3E7, 0xD3C7, 0xD3C7, 0xD3C7, 0xD3C7, 0xD3A6, 0xD344, 0xD344, 0xD324, 0xD324, 0xCB24,
    0xCB23, 0xCB03, 0xCB03, 0xCB03, 0xCB03, 0xCAE3, 0xCAE3, 0xCAE3, 0xCAE3, 0xCAC3, 0xC2C3, 0xCAC3, 0xC2C3, 0xC2C3, 0xC2A3, 0xC2A3,
    0xC2A3, 0xC283, 0xC283, 0xC283, 0xC283, 0xBA83, 0xBA63, 0xBA63, 0xBA63, 0xBA63, 0xBA43, 0xBA43, 0xBA43, 0xBA43, 0xBA43, 0xBA23,
    0xB223, 0xB223, 0xB223, 0xB203, 0xB202, 0xB223, 0xB285, 0xB285, 0xB285, 0xB265, 0xB265, 0xAA65, 0xBBC4, 0xBBC4, 0xC3C4, 0xC3C4,
    0xC3C4, 0xC3E4, 0xC3E5, 0xC427, 0xC427, 0xC447, 0xC447, 0xCC47, 0xCC47, 0xCC47, 0xCC67, 0xCC67, 0xCC67, 0xCC67, 0xCC68, 0xCC68,
    0xCC88, 0xCC88, 0xD488, 0xD488, 0xD488, 0xD488, 0xD488, 0xD488, 0xD4A8, 0xD4A8, 0xD4A8, 0xD4A8, 0xD4A8, 0xD4A8, 0xD4A8, 0xD4A8,
    0xD4A8, 0xDCC8, 0xDCA8, 0xDCC8, 0xDCA8, 0xDCC8, 0xDCC8, 0xDCC8, 0xDCC8, 0xDCC8, 0xDCC8, 0xDCC8, 0xDCC8, 0xDC86, 0xDC65, 0xDC65,
    0xDC65, 0xDC65, 0xDC65, 0xDC65, 0xDC65, 0xDC65, 0xE465, 0xE465, 0xE465, 0xE465, 0xE465, 0xE465, 0xE465, 0xE465, 0xE465, 0xE465,
    0xE465, 0xE464, 0xE464, 0xE464, 0xE444, 0xE444, 0xE444, 0xE444, 0xE444, 0xE444, 0xE444, 0xE444, 0xE444, 0xE424, 0xE424, 0xE424,
    0xE424, 0xE445, 0xE487, 0xE487, 0xE467, 0xE467, 0xE467, 0xE467, 0xE467, 0xDC67, 0xDC67, 0xDC67, 0xDC67, 0xDC47, 0xDC47, 0xDC47,
    0xDC47, 0xDC47, 0xDC47, 0xDC47, 0xDC27, 0xDC27, 0xDC27, 0xDC27, 0xDC07, 0xDC07, 0xDC07, 0xDC07, 0xDC07, 0xDC07, 0xDBE7, 0xD3E7,
    0xD3E7, 0xD3E7, 0xD3E7, 0xD3C7, 0xD3C7, 0xD3C7, 0xD385, 0xD343, 0xD344, 0xD324, 0xD324, 0xD324, 0xD323, 0xCB03, 0xCB03, 0xCB03,
    0xCB03, 0xCB03, 0xCAE3, 0xCAE3, 0xCAE3, 0xCAE3, 0xCAC3, 0xCAC3, 0xCAC3, 0xCAC3, 0xC2A3, 0xC2A3, 0xC2A3, 0xC2A3, 0xC2A3, 0xC283,
    0xC283, 0xC283, 0xC283, 0xC263, 0xBA63, 0xBA63, 0xBA63, 0xBA43, 0xBA43, 0xBA43, 0xBA43, 0xBA23, 0xBA23, 0xB223, 0xB223, 0xB203,
    0xB203, 0xB285, 0xB286, 0xB285, 0xB285, 0xB285, 0xB285, 0xB265, 0xC3C4, 0xC3C4, 0xC3C4, 0xC3C4, 0xC3E4, 0xC3E4, 0xC3E4, 0xC426,
    0xC447, 0xCC47, 0xCC47, 0xCC67, 0xCC67, 0xCC68, 0xCC68, 0xCC68, 0xCC68, 0xCC88, 0xCC88, 0xCC88, 0xD488, 0xD488, 0xD488, 0xD488,
    0xD488, 0xD4A8, 0xD4A8, 0xD4A8, 0xD4A8, 0xD4A8, 0xD4A8, 0xD4A8, 0xD4A8, 0xD4C8, 0xDCC8, 0xDCC8, 0xDCC8, 0xDCC8, 0xDCC8, 0xDCC8,
    0xDCC8, 0xDCC8, 0xDCC8, 0xDCC8, 0xDCC8, 0xDCC8, 0xDCC8, 0xDCC8, 0xDCE9, 0xDCA7, 0xDC85, 0xDC85, 0xDC85, 0xE485, 0xE485, 0xE485,
    0xE485, 0xE485, 0xE485, 0xE485, 0xE485, 0xE485, 0xE485, 0xE465, 0xE465, 0xE465, 0xE465, 0xE465, 0xE465, 0xE465, 0xE465, 0xE464,
    0xE464, 0xE464, 0xE464, 0xE444, 0xE444, 0xE444, 0xE444, 0xE444, 0xE444, 0xE444, 0xE444, 0xE444, 0xE424, 0xE445, 0xE488, 0xE487,
    0xE487, 0xE487, 0xE487, 0xE487, 0xE487, 0xE467, 0xE467, 0xE467, 0xE467, 0xE467, 0xE447, 0xE447, 0xE447, 0xE447, 0xDC47, 0xDC47,
    0xDC47, 0xDC27, 0xDC27, 0xDC27, 0xDC27, 0xDC27, 0xDC07, 0xDC07, 0xDC07, 0xDC07, 0xDC07, 0xDC07, 0xDBE7, 0xDBE7, 0xDBE7, 0xD3E7,
    0xD3C7, 0xD3E7, 0xD385, 0xD343, 0xD344, 0xD344, 0xD344, 0xD324, 0xD324, 0xD323, 0xD323, 0xCB03, 0xCB03, 0xCB03, 0xCB03, 0xCAE3,
    0xCAE3, 0xCAE3, 0xCAE3, 0xCAC3, 0xCAC3, 0xCAC3, 0xCAC3, 0xC2A3, 0xC2A3, 0xC2A3, 0xC2A3, 0xC2A3, 0xC283, 0xC283, 0xC283, 0xC283,
    0xC263, 0xBA63, 0xBA63, 0xBA63, 0xBA43, 0xBA43, 0xBA43, 0xBA43, 0xBA23, 0xBA23, 0xB223, 0xB202, 0xB264, 0xB2A6, 0xB285, 0xB285,
    0xB285, 0xB285, 0xB285, 0xB285, 0xC3C4, 0xC3C4, 0xC3E4, 0xC3E4, 0xC3E4, 0xC3E4, 0xC3E4, 0xC405, 0xCC47, 0xCC67, 0xCC67, 0xCC67,
    0xCC68, 0xCC68, 0xCC68, 0xCC88, 0xCC88, 0xCC88, 0xD488, 0xD488, 0xD488, 0xD488, 0xD4A8, 0xD4A8, 0xD4A8, 0xD4A8, 0xD4A8, 0xD4A8,
    0xD4A8, 0xD4A8, 0xD4C8, 0xD4C8, 0xDCC8, 0xDCC8, 0xDCC8, 0xDCC8, 0xDCC8, 0xDCC8, 0xDCC8, 0xDCC8, 0xDCC9, 0xDCC9, 0xDCC8, 0xDCE8,
    0xDCE8, 0xDCE8, 0xDCE8, 0xDCE8, 0xDCE9, 0xDCC8, 0xE485, 0xE485, 0xE485, 0xE485, 0xE485, 0xE485, 0xE485, 0xE485, 0xE485, 0xE485,
    0xE485, 0xE485, 0xE485, 0xE485, 0xE485, 0xE485, 0xE485, 0xE485, 0xE465, 0xE465, 0xE465, 0xE465, 0xE465, 0xE464, 0xE464, 0xE464,
    0xE464, 0xE464, 0xE464, 0xE444, 0xE444, 0xE444, 0xE444, 0xE444, 0xE424, 0xE445, 0xE4A8, 0xE487, 0xE487, 0xE487, 0xE487, 0xE487,
    0xE487, 0xE487, 0xE487, 0xE467, 0xE467, 0xE467, 0xE467, 0xE467, 0xE447, 0xE447, 0xE447, 0xE447, 0xDC47, 0xDC47, 0xDC27, 0xDC27,
    0xDC27, 0xDC27, 0xDC27, 0xDC07, 0xDC07, 0xDC07, 0xDC07, 0xDC07, 0xDC07, 0xDBE7, 0xDBE7, 0xDBE7, 0xD3E7, 0xD3C7, 0xD364, 0xD343,
    0xD344, 0xD344, 0xD344, 0xD324, 0xD324, 0xD324, 0xD323, 0xD323, 0xCB03, 0xCB03, 0xCB03, 0xCB03, 0xCAE3, 0xCAE3, 0xCAE3, 0xCAE3,
    0xCAC3, 0xCAC3, 0xCAC3, 0xCAC3, 0xC2A3, 0xC2A3, 0xC2A3, 0xC2A3, 0xC283, 0xC283, 0xC283, 0xC283, 0xC263, 0xC263, 0xC263, 0xBA63,
    0xBA63, 0xBA43, 0xBA43, 0xBA43, 0xBA23, 0xBA23, 0xBA23, 0xB223, 0xBAA6, 0xB2A6, 0xB2A5, 0xB285, 0xB285, 0xB285, 0xB285, 0xB285,
    0xC3E4, 0xC3E4, 0xC3E4, 0xC3E4, 0xC3E5, 0xC405, 0xCC05, 0xCC04, 0xCC26, 0xCC68, 0xCC68, 0xCC68, 0xCC68, 0xCC88, 0xCC88, 0xCC88,
    0xCC88, 0xD488, 0xD4A8, 0xD4A8, 0xD4A8, 0xD4A8, 0xD4A8, 0xD4A8, 0xD4A8, 0xD4A8, 0xD4A8, 0xD4C8, 0xD4C8, 0xDCC8, 0xDCC8, 0xDCC8,
    0xDCC8, 0xDCC9, 0xDCC9, 0xDCC9, 0xDCC8, 0xDCC9, 0xDCC9, 0xDCE9, 0xDCE9, 0xDCE9, 0xDCE9, 0xDCE9, 0xDCE9, 0xDCE9, 0xDCE9, 0xE4E9,
    0xE4E9, 0xE4E9, 0xE4A6, 0xE486, 0xE486, 0xE4A6, 0xE486, 0xE485, 0xE485, 0xE485, 0xE485, 0xE485, 0xE485, 0xE485, 0xE485, 0xE485,
    0xE485, 0xE485, 0xE485, 0xE485, 0xE485, 0xE485, 0xE485, 0xE485, 0xE465, 0xE465, 0xE465, 0xE465, 0xE464, 0xE464, 0xE464, 0xE464,
    0xE464, 0xE464, 0xE444, 0xE444, 0xE444, 0xE465, 0xE4A8, 0xE4A7, 0xE4A7, 0xE4A7, 0xE487, 0xE487, 0xE487, 0xE487, 0xE487, 0xE487,
    0xE467, 0xE467, 0xE467, 0xE467, 0xE467, 0xE467, 0xE447, 0xE447, 0xE447, 0xE447, 0xE447, 0xE447, 0xE427, 0xDC27, 0xDC27, 0xDC27,
    0xDC27, 0xDC27, 0xDC07, 0xDC07, 0xDC07, 0xDC07, 0xDC07, 0xDBE7, 0xDBE7, 0xDBC6, 0xD364, 0xD364, 0xD344, 0xD344, 0xD344, 0xD344,
    0xD344, 0xD324, 0xD323, 0xD323, 0xD323, 0xD303, 0xD303, 0xCB03, 0xCB03, 0xCAE3, 0xCAE3, 0xCAE3, 0xCAE3, 0xCAC3, 0xCAC3, 0xCAC3,
    0xCAC3, 0xCAA3, 0xCAA3, 0xC2A3, 0xC2A3, 0xC2A3, 0xC283, 0xC283, 0xC283, 0xC283, 0xC263, 0xC263, 0xBA63, 0xBA43, 0xBA43, 0xBA43,
    0xBA43, 0xBA43, 0xBA23, 0xBA84, 0xBAA6, 0xBAA6, 0xB2A6, 0xB285, 0xB285, 0xB285, 0xB285, 0xB285, 0xC3E4, 0xC3E4, 0xC3E4, 0xC405,
    0xCC05, 0xCC05, 0xCC05, 0xCC05, 0xCC25, 0xCC67, 0xCC88, 0xCC68, 0xCC88, 0xCC88, 0xD488, 0xD488, 0xD4A8, 0xD4A8, 0xD4A8, 0xD4A8,
    0xD4A8, 0xD4A8, 0xD4A8, 0xD4A8, 0xD4A8, 0xD4C8, 0xD4C9, 0xD4C8, 0xDCC8, 0xDCC8, 0xDCC9, 0xDCC9, 0xDCE9, 0xDCE9, 0xDCC9, 0xDCE9,
    0xDCE9, 0xDCE9, 0xDCE9, 0xDCE9, 0xDCE9, 0xDCE9, 0xDCE9, 0xE4E9, 0xDCE9, 0xE4E9, 0xE4E9, 0xE4E9, 0xE509, 0xE509, 0xE4C7, 0xE4A5,
    0xE4A6, 0xE4A6, 0xE4A6, 0xE4A6, 0xE4A6, 0xE4A5, 0xE4A5, 0xE4A5, 0xE4A5, 0xE4A5, 0xE4A5, 0xE4A5, 0xE485, 0xE485, 0xE485, 0xE485,
    0xE485, 0xE485, 0xE485, 0xE485, 0xE485, 0xE485, 0xEC85, 0xEC85, 0xE485, 0xE464, 0xE464, 0xE464, 0xE464, 0xE464, 0xE464, 0xE444,
    0xE444, 0xE465, 0xE4A8, 0xE4A7, 0xE4A8, 0xE4A8, 0xE4A8, 0xE4A8, 0xE488, 0xE488, 0xE488, 0xE488, 0xE488, 0xE488, 0xE487, 0xE467,
    0xE467, 0xE467, 0xE467, 0xE447, 0xE447, 0xE447, 0xE447, 0xE447, 0xE447, 0xE447, 0xDC27, 0xDC27, 0xDC27, 0xDC27, 0xDC27, 0xDC07,
    0xDC07, 0xDC07, 0xDC07, 0xDBE7, 0xDC07, 0xDBA5, 0xD364, 0xDB64, 0xD364, 0xD344, 0xD344, 0xD344, 0xD344, 0xD344, 0xD324, 0xD323,
    0xD323, 0xD323, 0xD303, 0xD303, 0xD303, 0xCB03, 0xCAE3, 0xCAE3, 0xCAE3, 0xCAE3, 0xCAC3, 0xCAC3, 0xCAC3, 0xCAC3, 0xCAA3, 0xCAA3,
    0xC2A3, 0xC2A3, 0xC283, 0xC283, 0xC283, 0xC283, 0xC283, 0xC263, 0xC263, 0xC263, 0xBA43, 0xBA43, 0xBA43, 0xBA23, 0xBA64, 0xBAC6,
    0xBAA6, 0xBAA6, 0xBAA6, 0xB2A6, 0xB286, 0xB285, 0xB285, 0xB285, 0xC3E4, 0xC405, 0xC405, 0xCC05, 0xCC05, 0xCC05, 0xCC05, 0xCC25,
    0xCC25, 0xCC46, 0xCC88, 0xCC88, 0xCC88, 0xCC88, 0xD488, 0xD4A8, 0xD4A8, 0xD4A8, 0xD4A8, 0xD4A8, 0xD4A8, 0xD4A8, 0xD4C8, 0xD4C8,
    0xD4C9, 0xDCC9, 0xDCC9, 0xDCC9, 0xDCE9, 0xDCE9, 0xDCE9, 0xDCE9, 0xDCE9, 0xDCE9, 0xDCE9, 0xDCE9, 0xDCE9, 0xDCE9, 0xDCE9, 0xDCE9,
    0xDCE9, 0xE4E9, 0xE4E9, 0xE509, 0xE509, 0xE509, 0xE509, 0xE509, 0xE509, 0xE509, 0xE4E8, 0xE4A6, 0xE4A6, 0xE4A6, 0xE4A6, 0xE4A6,
    0xE4A6, 0xE4A6, 0xE4A6, 0xE4A6, 0xE4A6, 0xE4A6, 0xE4A5, 0xE4A5, 0xE4A5, 0xE4A5, 0xE4A5, 0xE4A5, 0xE485, 0xEC85, 0xEC85, 0xEC85,
    0xEC85, 0xEC85, 0xEC85, 0xEC85, 0xEC85, 0xEC85, 0xEC85, 0xEC64, 0xEC64, 0xEC64, 0xEC64, 0xEC64, 0xE464, 0xE465, 0xE4C8, 0xE4C8,
    0xE4A8, 0xE4A8, 0xE4A8, 0xE4A8, 0xE4A8, 0xE488, 0xE488, 0xE488, 0xE488, 0xE488, 0xE488, 0xE488, 0xE468, 0xE468, 0xE468, 0xE467,
    0xE467, 0xE467, 0xE467, 0xE447, 0xE447, 0xE447, 0xE427, 0xE427, 0xE427, 0xE427, 0xDC27, 0xDC27, 0xDC27, 0xDC07, 0xDC07, 0xDC07,
    0xDC07, 0xDBA5, 0xDB64, 0xDB64, 0xDB64, 0xDB64, 0xD364, 0xD344, 0xD344, 0xD344, 0xD344, 0xD324, 0xD323, 0xD323, 0xD323, 0xD303,
    0xD303, 0xD303, 0xCB03, 0xCAE3, 0xCAE3, 0xCAE3, 0xCAE3, 0xCAC3, 0xCAC3, 0xCAC3, 0xCAC3, 0xCAA3, 0xCAA3, 0xC2A3, 0xC2A3, 0xC283,
    0xC283, 0xC283, 0xC283, 0xC263, 0xC263, 0xC263, 0xC263, 0xBA43, 0xBA43, 0xBA43, 0xBAA5, 0xBAC6, 0xBAC6, 0xBAA6, 0xBAA6, 0xBAA6,
    0xBAA6, 0xB286, 0xB285, 0xB285, 0xC405, 0xC405, 0xCC05, 0xCC05, 0xCC05, 0xCC25, 0xCC25, 0xCC25, 0xCC25, 0xCC25, 0xCC67, 0xD488,
    0xD4A8, 0xD4A8, 0xD4A8, 0xD4A8, 0xD4A8, 0xD4A8, 0xD4A8, 0xD4C8, 0xD4C9, 0xD4C9, 0xD4C9, 0xDCC9, 0xDCC9, 0xDCC9, 0xDCE9, 0xDCE9,
    0xDCE9, 0xDCE9, 0xDCE9, 0xDCE9, 0xDCE9, 0xDCE9, 0xDCE9, 0xDD09, 0xDD09, 0xDD09, 0xE509, 0xE509, 0xE509, 0xE509, 0xE509, 0xE509,
    0xE509, 0xE509, 0xE509, 0xE509, 0xE509, 0xE509, 0xE508, 0xE4C6, 0xE4C6, 0xE4C6, 0xE4C6, 0xE4C6, 0xE4C6, 0xE4C6, 0xE4A6, 0xE4A6,
    0xE4A6, 0xE4A6, 0xECA6, 0xECA6, 0xECA5, 0xECA5, 0xECA5, 0xECA5, 0xECA5, 0xECA5, 0xECA5, 0xECA5, 0xECA5, 0xEC85, 0xEC85, 0xEC85,
    0xEC85, 0xEC85, 0xEC85, 0xEC85, 0xEC84, 0xEC84, 0xEC64, 0xEC64, 0xEC64, 0xEC65, 0xECC8, 0xECC8, 0xECC8, 0xE4A8, 0xE4A8, 0xE4A8,
    0xE4A8, 0xE4A8, 0xE4A8, 0xE4A8, 0xE4A8, 0xE488, 0xE488, 0xE488, 0xE488, 0xE468, 0xE468, 0xE468, 0xE467, 0xE467, 0xE467, 0xE467,
    0xE447, 0xE447, 0xE447, 0xE447, 0xE447, 0xE427, 0xE427, 0xDC27, 0xDC27, 0xDC27, 0xDC07, 0xDC07, 0xDC07, 0xDB84, 0xDB84, 0xDB84,
    0xDB64, 0xDB64, 0xDB64, 0xD364, 0xD344, 0xD344, 0xD344, 0xD344, 0xD324, 0xD324, 0xD324, 0xD323, 0xD303, 0xD303, 0xD303, 0xD303,
    0xCAE3, 0xCAE3, 0xCAE3, 0xCAE3, 0xCAC3, 0xCAC3, 0xCAC3, 0xCAC3, 0xCAA3, 0xCAA3, 0xCAA3, 0xC2A3, 0xC283, 0xC283, 0xC283, 0xC283,
    0xC263, 0xC263, 0xC263, 0xC263, 0xBA43, 0xBA84, 0xBAE6, 0xBAC6, 0xBAC6, 0xBAA6, 0xBAA6, 0xBAA6, 0xBAA6, 0xBAA6, 0xBA86, 0xB286,
    0xCC05, 0xCC05, 0xCC05, 0xCC25, 0xCC25, 0xCC25, 0xCC25, 0xCC45, 0xCC45, 0xCC45, 0xD446, 0xD4A8, 0xD4A8, 0xD4A8, 0xD4A8, 0xD4A8,
    0xD4A8, 0xD4C8, 0xD4C9, 0xD4C9, 0xD4C9, 0xD4C9, 0xDCC9, 0xDCE9, 0xDCE9, 0xDCE9, 0xDCE9, 0xDCE9, 0xDCE9, 0xDCE9, 0xDCE9, 0xDCE9,
    0xDD09, 0xDD09, 0xDD09, 0xDD09, 0xE509, 0xE509, 0xE509, 0xE509, 0xE509, 0xE509, 0xE509, 0xE509, 0xE509, 0xE509, 0xE509, 0xE509,
    0xE509, 0xE509, 0xE529, 0xE4C7, 0xE4C6, 0xE4C6, 0xE4C6, 0xE4C6, 0xE4C6, 0xE4C6, 0xE4C6, 0xECC6, 0xECC6, 0xECC6, 0xECC6, 0xECC6,
    0xECC6, 0xECA6, 0xECA6, 0xECA5, 0xECA5, 0xECA5, 0xECA5, 0xECA5, 0xECA5, 0xECA5, 0xECA5, 0xEC85, 0xEC85, 0xEC85, 0xEC85, 0xEC85,
    0xEC85, 0xEC85, 0xEC85, 0xEC85, 0xEC64, 0xEC85, 0xECC8, 0xECC8, 0xECC8, 0xECC8, 0xECC8, 0xECA8, 0xECA8, 0xECA8, 0xECA8, 0xE4A8,
    0xE4A8, 0xE4A8, 0xE488, 0xE488, 0xE488, 0xE488, 0xE488, 0xE468, 0xE468, 0xE467, 0xE467, 0xE467, 0xE467, 0xE447, 0xE447, 0xE447,
    0xE447, 0xE447, 0xE427, 0xE427, 0xE427, 0xDC27, 0xDC27, 0xDC27, 0xDBE6, 0xDB84, 0xDB84, 0xDB84, 0xDB64, 0xDB64, 0xDB64, 0xDB64,
    0xDB64, 0xD344, 0xD344, 0xD344, 0xD344, 0xD324, 0xD324, 0xD324, 0xD323, 0xD303, 0xD303, 0xD303, 0xD2E3, 0xD2E3, 0xCAE3, 0xCAE3,
    0xCAE3, 0xCAC3, 0xCAC3, 0xCAC3, 0xCAC3, 0xCAA3, 0xCAA3, 0xCAA3, 0xC2A3, 0xC283, 0xC283, 0xC283, 0xC283, 0xC263, 0xC263, 0xC263,
    0xC263, 0xC2C6, 0xC2E6, 0xBAC6, 0xBAC6, 0xBAC6, 0xBAA6, 0xBAA6, 0xBAA6, 0xBAA6, 0xBA86, 0xBA86, 0xCC05, 0xCC25, 0xCC25, 0xCC25,
    0xCC25, 0xCC45, 0xCC45, 0xCC45, 0xD445, 0xD446, 0xD445, 0xD487, 0xD4A9, 0xD4A8, 0xD4A8, 0xD4C9, 0xD4C9, 0xD4C9, 0xD4C9, 0xDCC9,
    0xDCE9, 0xDCE9, 0xDCE9, 0xDCE9, 0xDCE9, 0xDCE9, 0xDCE9, 0xDD09, 0xDD09, 0xDD09, 0xDD09, 0xDD09, 0xDD09, 0xDD09, 0xE509, 0xE509,
    0xE509, 0xE509, 0xE509, 0xE529, 0xE529, 0xE529, 0xE529, 0xE529, 0xE529, 0xE529, 0xE529, 0xE529, 0xE529, 0xE529, 0xE52A, 0xE4E8,
    0xE4C6, 0xECC6, 0xECC6, 0xECC6, 0xECC6, 0xECC6, 0xECC6, 0xECC6, 0xECC6, 0xECC6, 0xECC6, 0xECC6, 0xECC6, 0xECC6, 0xECC6, 0xECC6,
    0xECA6, 0xECA5, 0xECA5, 0xECA5, 0xECA5, 0xECA5, 0xECA5, 0xECA5, 0xECA5, 0xECA5, 0xEC85, 0xEC85, 0xEC85, 0xEC85, 0xEC85, 0xEC85,
    0xEC64, 0xEC85, 0xECE8, 0xECC8, 0xECC8, 0xECC8, 0xECC8, 0xECC8, 0xECC8, 0xECA8, 0xECA8, 0xECA8, 0xECA8, 0xECA8, 0xECA8, 0xEC88,
    0xE488, 0xE488, 0xE488, 0xE488, 0xE488, 0xE468, 0xE467, 0xE467, 0xE467, 0xE467, 0xE447, 0xE447, 0xE447, 0xE447, 0xE447, 0xE427,
    0xE427, 0xE427, 0xE427, 0xE428, 0xDBC5, 0xDB84, 0xDB84, 0xDB84, 0xDB84, 0xDB64, 0xDB64, 0xDB64, 0xDB64, 0xDB64, 0xDB44, 0xDB44,
    0xD344, 0xD344, 0xD324, 0xD324, 0xD324, 0xD304, 0xD304, 0xD303, 0xD303, 0xD303, 0xD2E3, 0xCAE3, 0xCAE3, 0xCAC3, 0xCAC3, 0xCAC3,
    0xCAC3, 0xCAC3, 0xCAA3, 0xCAA3, 0xCAA3, 0xCA83, 0xC283, 0xC283, 0xC283, 0xC283, 0xC263, 0xC263, 0xC2A4, 0xC2E6, 0xC2E6, 0xC2C6,
    0xC2C6, 0xBAC6, 0xBAC6, 0xBAC6, 0xBAA6, 0xBAA6, 0xBAA6, 0xBAA6, 0xCC25, 0xCC25, 0xCC25, 0xCC25, 0xCC45, 0xCC45, 0xCC45, 0xD445,
    0xD445, 0xD466, 0xD466, 0xD466, 0xD4A8, 0xD4C9, 0xD4C9, 0xD4C9, 0xD4C9, 0xD4E9, 0xDCE9, 0xDCE9, 0xDCE9, 0xDCE9, 0xDCE9, 0xDCE9,
    0xDD09, 0xDD09, 0xDD09, 0xDD09, 0xDD09, 0xDD09, 0xE509, 0xE509, 0xE529, 0xE509, 0xE529, 0xE529, 0xE529, 0xE529, 0xE529, 0xE529,
    0xE52A, 0xE52A, 0xE52A, 0xE52A, 0xE529, 0xE529, 0xE52A, 0xE529, 0xE529, 0xE529, 0xED2A, 0xED08, 0xECC6, 0xECE6, 0xECE6, 0xECC6,
    0xECE6, 0xECC6, 0xECE6, 0xECC6, 0xECE6, 0xECC6, 0xECC6, 0xECC6, 0xECC6, 0xECC6, 0xECC6, 0xECC6, 0xECC6, 0xECC6, 0xECC6, 0xECC5,
    0xECA5, 0xECA5, 0xECA5, 0xECA5, 0xECA5, 0xECA5, 0xECA5, 0xECA5, 0xECA5, 0xEC85, 0xEC85, 0xEC85, 0xEC84, 0xEC85, 0xECE8, 0xECC8,
    0xECC8, 0xECC8, 0xECC8, 0xECC8, 0xECC8, 0xECC8, 0xECC8, 0xECA8, 0xECA8, 0xECA8, 0xECA8, 0xECA8, 0xECA8, 0xECA8, 0xEC88, 0xEC88,
    0xEC88, 0xE488, 0xE488, 0xE468, 0xE468, 0xE468, 0xE468, 0xE448, 0xE447, 0xE447, 0xE447, 0xE447, 0xE427, 0xE427, 0xE427, 0xE427,
    0xE3C5, 0xDB84, 0xDB84, 0xDB84, 0xDB84, 0xDB84, 0xDB64, 0xDB64, 0xDB64, 0xDB64, 0xDB44, 0xDB44, 0xDB44, 0xD344, 0xD344, 0xD324,
    0xD324, 0xD324, 0xD324, 0xD304, 0xD303, 0xD303, 0xD303, 0xD2E3, 0xD2E3, 0xCAE3, 0xCAE3, 0xCAC3, 0xCAC3, 0xCAC3, 0xCAA3, 0xCAA3,
    0xCAA3, 0xCAA3, 0xC2A3, 0xC283, 0xC283, 0xC283, 0xC263, 0xC283, 0xC2E6, 0xC2E6, 0xC2E6, 0xC2E6, 0xC2E6, 0xC2C6, 0xC2C6, 0xBAC6,
    0xBAA6, 0xBAA6, 0xBAA6, 0xBAA6, 0xCC25, 0xCC25, 0xCC45, 0xCC45, 0xCC45, 0xD445, 0xD445, 0xD466, 0xD466, 0xD466, 0xD466, 0xD466,
    0xD4A7, 0xD4C9, 0xD4C9, 0xD4C9, 0xDCE9, 0xDCE9, 0xDCE9, 0xDCE9, 0xDCE9, 0xDCE9, 0xDD09, 0xDD09, 0xDD09, 0xDD09, 0xDD09, 0xDD09,
    0xDD09, 0xE509, 0xE509, 0xE529, 0xE529, 0xE52A, 0xE52A, 0xE52A, 0xE52A, 0xE52A, 0xE52A, 0xE52A, 0xE52A, 0xE52A, 0xE54A, 0xE54A,
    0xE52A, 0xE54A, 0xE54A, 0xED4A, 0xED4A, 0xED2A, 0xED4A, 0xED29, 0xECE7, 0xECE6, 0xECE6, 0xECE6, 0xECE6, 0xECE6, 0xECE6, 0xECE6,
    0xECE6, 0xECE6, 0xECE6, 0xECE6, 0xECC6, 0xECC6, 0xECC6, 0xECC6, 0xECC6, 0xECC6, 0xECC6, 0xECC6, 0xECC6, 0xECC5, 0xECA5, 0xECA5,
    0xECA5, 0xECA5, 0xECA5, 0xECA5, 0xECA5, 0xECA5, 0xEC85, 0xEC85, 0xEC84, 0xECA5, 0xECE8, 0xECE8, 0xECE8, 0xECE8, 0xECE8, 0xECC8,
    0xECC8, 0xECC8, 0xECC8, 0xECC8, 0xECC8, 0xECA8, 0xECA8, 0xECA8, 0xECA8, 0xECA8, 0xECA8, 0xEC88, 0xEC88, 0xEC88, 0xEC88, 0xE468,
    0xE468, 0xE468, 0xE468, 0xE468, 0xE468, 0xE448, 0xE447, 0xE447, 0xE447, 0xE447, 0xE447, 0xE427, 0xE3A4, 0xE3A4, 0xDBA4, 0xDBA4,
    0xDB84, 0xDB84, 0xDB84, 0xDB64, 0xDB64, 0xDB64, 0xDB64, 0xDB64, 0xDB44, 0xDB44, 0xDB44, 0xD324, 0xD324, 0xD324, 0xD324, 0xD324,
    0xD304, 0xD303, 0xD303, 0xD2E3, 0xD2E3, 0xD2E3, 0xD2E3, 0xCAC3, 0xCAC3, 0xCAC3, 0xCAC3, 0xCAA3, 0xCAA3, 0xCAA3, 0xCAA3, 0xCA83,
    0xC283, 0xC283, 0xC263, 0xC2E5, 0xC306, 0xC2E6, 0xC2E6, 0xC2E6, 0xC2E6, 0xC2C6, 0xC2C6, 0xC2C6, 0xBAC6, 0xBAA6, 0xBAA6, 0xBAA6,
    0xCC25, 0xCC45, 0xCC45, 0xCC45, 0xD446, 0xD466, 0xD466, 0xD466, 0xD466, 0xD466, 0xD486, 0xD486, 0xD486, 0xD4C8, 0xDCE9, 0xDCE9,
    0xDCE9, 0xDCE9, 0xDCE9, 0xDD09, 0xDD09, 0xDD09, 0xDD09, 0xDD09, 0xDD09, 0xDD29, 0xDD2A, 0xE52A, 0xE52A, 0xE52A, 0xE52A, 0xE52A,
    0xE52A, 0xE52A, 0xE52A, 0xE52A, 0xE52A, 0xE54A, 0xE54A, 0xE54A, 0xE54A, 0xE54A, 0xE54A, 0xE54A, 0xED4A, 0xED4A, 0xED4A, 0xED4A,
    0xED4A, 0xED4A, 0xED4A, 0xED4A, 0xED07, 0xECE7, 0xECE7, 0xECE7, 0xECE7, 0xECE7, 0xECE6, 0xECE6, 0xECE6, 0xECE6, 0xECE6, 0xECE6,
    0xECE6, 0xECE6, 0xECE6, 0xECE6, 0xECC6, 0xECC6, 0xECC6, 0xECC6, 0xECC6, 0xECC6, 0xECC6, 0xECC5, 0xECC5, 0xECC5, 0xECA5, 0xECA5,
    0xECA5, 0xECA5, 0xECA5, 0xECA5, 0xEC85, 0xECA5, 0xECE8, 0xECE8, 0xECE8, 0xECE8, 0xECE8, 0xECE8, 0xECE8, 0xECC8, 0xECC8, 0xECC8,
    0xECC8, 0xECC8, 0xECA8, 0xECA8, 0xECA8, 0xECA8, 0xECA8, 0xECA8, 0xEC88, 0xEC88, 0xEC88, 0xEC88, 0xEC88, 0xEC68, 0xE468, 0xE468,
    0xE468, 0xE468, 0xE468, 0xE447, 0xE447, 0xE447, 0xE448, 0xE406, 0xE3A4, 0xE3A4, 0xE3A4, 0xE3A4, 0xE384, 0xDB84, 0xDB84, 0xDB84,
    0xDB64, 0xDB64, 0xDB64, 0xDB64, 0xDB44, 0xDB44, 0xDB44, 0xDB44, 0xDB44, 0xD324, 0xD324, 0xD324, 0xD304, 0xD304, 0xD303, 0xD303,
    0xD2E3, 0xD2E3, 0xD2E3, 0xD2E3, 0xCAC3, 0xCAC3, 0xCAC3, 0xCAC3, 0xCAA3, 0xCAA3, 0xCAA3, 0xCAA3, 0xCA83, 0xCA83, 0xC2A4, 0xCB06,
    0xCB06, 0xC306, 0xC2E6, 0xC2E6, 0xC2E6, 0xC2C6, 0xC2C6, 0xC2C6, 0xC2C6, 0xBAC6, 0xBAA6, 0xBAA6, 0xCC45, 0xCC45, 0xCC45, 0xD446,
    0xD466, 0xD466, 0xD466, 0xD466, 0xD486, 0xD486, 0xD486, 0xD486, 0xD486, 0xDCA7, 0xDCE9, 0xDCE9, 0xDCE9, 0xDD09, 0xDD09, 0xDD09,
    0xDD09, 0xDD09, 0xDD09, 0xDD09, 0xDD2A, 0xE52A, 0xE52A, 0xE52A, 0xE52A, 0xE52A, 0xE52A, 0xE52A, 0xE52A, 0xE52A, 0xE54A, 0xE54A,
    0xE54A, 0xE54A, 0xE54A, 0xE54A, 0xE54A, 0xE54A, 0xED4A, 0xED4A, 0xED4A, 0xED4A, 0xED4A, 0xED4A, 0xED4A, 0xED4A, 0xED4A, 0xED4A,
    0xED28, 0xECE7, 0xED07, 0xED07, 0xED07, 0xED07, 0xED07, 0xED07, 0xECE6, 0xECE6, 0xECE6, 0xECE6, 0xECE6, 0xECE6, 0xECE6, 0xECE6,
    0xECE6, 0xECE6, 0xECE6, 0xECE6, 0xECC6, 0xECC6, 0xECC6, 0xECC6, 0xECC5, 0xECC5, 0xF4C5, 0xF4C5, 0xF4C5, 0xF4A5, 0xF4A5, 0xF4A5,
    0xF4A5, 0xF4A5, 0xED08, 0xECE8, 0xECE8, 0xECE8, 0xECE8, 0xECE8, 0xECE8, 0xECE8, 0xECC8, 0xECC8, 0xECC8, 0xECC8, 0xECC8, 0xECC8,
    0xECA8, 0xECA8, 0xECA8, 0xECA8, 0xECA8, 0xEC88, 0xEC88, 0xEC88, 0xEC88, 0xEC88, 0xEC68, 0xEC68, 0xE468, 0xE468, 0xE468, 0xE447,
    0xE447, 0xE447, 0xE448, 0xE3E5, 0xE3A4, 0xE3A4, 0xE3A4, 0xE3A4, 0xE3A4, 0xE384, 0xE384, 0xDB84, 0xDB84, 0xDB64, 0xDB64, 0xDB64,
    0xDB64, 0xDB44, 0xDB44, 0xDB44, 0xDB44, 0xDB24, 0xD324, 0xD324, 0xD324, 0xD304, 0xD303, 0xD303, 0xD303, 0xD2E3, 0xD2E3, 0xD2E3,
    0xD2E3, 0xCAC3, 0xCAC3, 0xCAC3, 0xCAC3, 0xCAA3, 0xCAA3, 0xCAA3, 0xCA83, 0xCA83, 0xCB06, 0xCB06, 0xCB06, 0xCB06, 0xC2E6, 0xC2E6,
    0xC2E6, 0xC2E6, 0xC2C6, 0xC2C6, 0xC2C6, 0xC2C6, 0xBAA6, 0xBAA6, 0xCC45, 0xD446, 0xD466, 0xD466, 0xD466, 0xD466, 0xD466, 0xD486,
    0xD486, 0xD486, 0xD486, 0xDC86, 0xDCA6, 0xDCA6, 0xDCE8, 0xDD09, 0xDD09, 0xDD09, 0xDD09, 0xDD09, 0xDD0A, 0xDD0A, 0xDD2A, 0xDD2A,
    0xE52A, 0xE52A, 0xE52A, 0xE52A, 0xE52A, 0xE52A, 0xE54A, 0xE54A, 0xE54A, 0xE54A, 0xE54A, 0xE54A, 0xE54A, 0xE54A, 0xE54A, 0xED4A,
    0xED4A, 0xED4A, 0xED4A, 0xED4A, 0xED6A, 0xED6A, 0xED6A, 0xED6A, 0xED6A, 0xED6A, 0xED6A, 0xED6A, 0xED49, 0xED07, 0xED07, 0xED07,
    0xED07, 0xED07, 0xED07, 0xED07, 0xED07, 0xED07, 0xED07, 0xED06, 0xECE6, 0xECE6, 0xECE6, 0xF4E6, 0xF4E6, 0xF4E6, 0xF4E6, 0xF4E6,
    0xF4E6, 0xF4E6, 0xF4C6, 0xF4C6, 0xF4C6, 0xF4C6, 0xF4C5, 0xF4C5, 0xF4C5, 0xF4C5, 0xF4A5, 0xF4A5, 0xF4A5, 0xF4C6, 0xF508, 0xF508,
    0xF508, 0xF508, 0xF4E8, 0xECE8, 0xECE8, 0xECE8, 0xECE8, 0xECE8, 0xECC8, 0xECC8, 0xECC8, 0xECC8, 0xECC8, 0xECC8, 0xECC8, 0xECA8,
    0xECA8, 0xECA8, 0xECA8, 0xEC88, 0xEC88, 0xEC88, 0xEC88, 0xEC88, 0xEC88, 0xEC68, 0xEC68, 0xE468, 0xE447, 0xE447, 0xE447, 0xE3E5,
    0xE3C4, 0xE3C4, 0xE3A4, 0xE3A4, 0xE3A4, 0xE3A4, 0xE3A4, 0xE384, 0xDB84, 0xDB84, 0xDB64, 0xDB64, 0xDB64, 0xDB64, 0xDB64, 0xDB44,
    0xDB44, 0xDB44, 0xDB24, 0xDB24, 0xD324, 0xD324, 0xD303, 0xD303, 0xD303, 0xD303, 0xD2E3, 0xD2E3, 0xD2E3, 0xD2E3, 0xCAC3, 0xCAC3,
    0xCAC3, 0xCAA3, 0xCAA3, 0xCAA3, 0xCA83, 0xCAC4, 0xCB27, 0xCB06, 0xCB06, 0xCB06, 0xCB06, 0xC2E6, 0xC2E6, 0xC2E6, 0xC2E6, 0xC2C6,
    0xC2C6, 0xC2C6, 0xC2C6, 0xBAC6, 0xD466, 0xD466, 0xD466, 0xD466, 0xD466, 0xD486, 0xD486, 0xD486, 0xD486, 0xDC86, 0xDCA6, 0xDCA6,
    0xDCA7, 0xDCA6, 0xDCC7, 0xDD09, 0xDD09, 0xDD0A, 0xDD0A, 0xDD0A, 0xDD2A, 0xDD2A, 0xE52A, 0xE52A, 0xE52A, 0xE54A, 0xE52A, 0xE54A,
    0xE54A, 0xE54A, 0xE54A, 0xE54A, 0xE54A, 0xE54A, 0xE54A, 0xE54A, 0xE54A, 0xED6A, 0xED6A, 0xED6A, 0xED6A, 0xED6A, 0xED6A, 0xED6A,
    0xED6A, 0xED6A, 0xED6A, 0xED6A, 0xED6A, 0xED6A, 0xED6A, 0xED6A, 0xED6A, 0xED27, 0xED07, 0xED07, 0xED07, 0xED07, 0xED07, 0xED07,
    0xED07, 0xED07, 0xF507, 0xF507, 0xF507, 0xF507, 0xF507, 0xF506, 0xF506, 0xF4E6, 0xF4E6, 0xF4E6, 0xF4E6, 0xF4E6, 0xF4E6, 0xF4E6,
    0xF4E6, 0xF4E6, 0xF4C6, 0xF4C5, 0xF4C5, 0xF4C5, 0xF4C5, 0xF4C5, 0xF4A5, 0xF4C6, 0xF508, 0xF508, 0xF508, 0xF508, 0xF4E8, 0xF4E8,
    0xF4E8, 0xECE8, 0xF4E8, 0xF4E8, 0xF4E8, 0xECE8, 0xECC8, 0xECC8, 0xECC8, 0xECC8, 0xECC8, 0xECC8, 0xECA8, 0xECA8, 0xECA8, 0xECA8,
    0xEC88, 0xEC88, 0xEC88, 0xEC88, 0xEC88, 0xEC88, 0xEC68, 0xEC68, 0xEC67, 0xE468, 0xE447, 0xE3C4, 0xE3C4, 0xE3C4, 0xE3C4, 0xE3A4,
    0xE3A4, 0xE3A4, 0xE3A4, 0xE384, 0xE384, 0xE384, 0xE364, 0xDB64, 0xDB64, 0xDB64, 0xDB64, 0xDB44, 0xDB44, 0xDB44, 0xDB44, 0xDB24,
    0xDB24, 0xD324, 0xD324, 0xD303, 0xD303, 0xD303, 0xD303, 0xD2E3, 0xD2E3, 0xD2E3, 0xD2C3, 0xD2C3, 0xD2C3, 0xCAC3, 0xCAC3, 0xCAA3,
    0xCAA3, 0xCB26, 0xCB26, 0xCB26, 0xCB06, 0xCB06, 0xCB06, 0xCB06, 0xC306, 0xC2E6, 0xC2E6, 0xC2C6, 0xC2C6, 0xC2C6, 0xC2C6, 0xC2C6,
    0xD466, 0xD466, 0xD466, 0xD466, 0xD486, 0xD486, 0xD486, 0xD4A6, 0xDCA6, 0xDCA6, 0xDCA6, 0xDCA7, 0xDCA7, 0xDCC7, 0xDCC7, 0xDCE8,
    0xDD2A, 0xDD2A, 0xDD2A, 0xDD2A, 0xE52A, 0xE52A, 0xE52A, 0xE52A, 0xE54A, 0xE54A, 0xE54A, 0xE54A, 0xE54A, 0xE54A, 0xE54A, 0xE54A,
    0xE54A, 0xE56A, 0xE56A, 0xED6A, 0xED6A, 0xED6A, 0xED6A, 0xED6A, 0xED6A, 0xED6A, 0xED6A, 0xED6A, 0xED6A, 0xED6A, 0xED6A, 0xED6A,
    0xED6A, 0xED6A, 0xED6A, 0xED6A, 0xED8A, 0xED28, 0xED07, 0xED27, 0xED27, 0xED27, 0xED27, 0xF527, 0xF507, 0xF507, 0xF507, 0xF507,
    0xF507, 0xF507, 0xF507, 0xF507, 0xF506, 0xF506, 0xF506, 0xF4E6, 0xF4E6, 0xF4E6, 0xF4E6, 0xF4E6, 0xF4E6, 0xF4E6, 0xF4E6, 0xF4E6,
    0xF4C5, 0xF4C5, 0xF4C5, 0xF4C5, 0xF4C5, 0xF4C6, 0xF528, 0xF508, 0xF508, 0xF508, 0xF508, 0xF508, 0xF4E8, 0xF4E8, 0xF4E8, 0xF4E8,
    0xF4E8, 0xF4E8, 0xECE8, 0xECC8, 0xECC8, 0xECC8, 0xECC8, 0xECC8, 0xECA8, 0xECA8, 0xECA8, 0xECA8, 0xECA8, 0xEC88, 0xEC88, 0xEC88,
    0xEC88, 0xEC88, 0xEC68, 0xEC68, 0xEC68, 0xEC68, 0xE426, 0xE3C4, 0xE3C4, 0xE3C4, 0xE3C4, 0xE3C4, 0xE3A4, 0xE3A4, 0xE3A4, 0xE3A4,
    0xE384, 0xE384, 0xE384, 0xE384, 0xDB64, 0xDB64, 0xDB64, 0xDB64, 0xDB44, 0xDB44, 0xDB44, 0xDB44, 0xDB24, 0xDB24, 0xDB24, 0xD323,
    0xD303, 0xD303, 0xD303, 0xD2E3, 0xD2E3, 0xD2E3, 0xD2E3, 0xD2C3, 0xD2C3, 0xCAC3, 0xCAC3, 0xCAA3, 0xCB05, 0xCB47, 0xCB26, 0xCB26,
    0xCB06, 0xCB06, 0xCB06, 0xCB06, 0xCB06, 0xC2E6, 0xC2E6, 0xC2E6, 0xC2C6, 0xC2C6, 0xC2C6, 0xC2C6, 0xD466, 0xD466, 0xD486, 0xD486,
    0xD486, 0xD486, 0xD4A6, 0xDCA6, 0xDCA6, 0xDCA7, 0xDCA7, 0xDCC7, 0xDCC7, 0xDCC7, 0xDCC7, 0xDCC7, 0xDD29, 0xDD2A, 0xE52A, 0xE52A,
    0xE54A, 0xE54A, 0xE54A, 0xE54A, 0xE54A, 0xE54A, 0xE54A, 0xE56A, 0xE56A, 0xE56A, 0xE56A, 0xE56A, 0xED6A, 0xED6A, 0xED6B, 0xED6B,
    0xED6B, 0xED6B, 0xED6B, 0xED6B, 0xED6B, 0xED6B, 0xED8B, 0xED8B, 0xED8A, 0xED8A, 0xED8A, 0xED8A, 0xED8B, 0xED8A, 0xED8A, 0xED8A,
    0xED8B, 0xF569, 0xF527, 0xF527, 0xF527, 0xF527, 0xF527, 0xF527, 0xF527, 0xF527, 0xF527, 0xF527, 0xF527, 0xF507, 0xF507, 0xF507,
    0xF507, 0xF506, 0xF506, 0xF506, 0xF506, 0xF506, 0xF4E6, 0xF4E6, 0xF4E6, 0xF4E6, 0xF4E6, 0xF4E6, 0xF4E6, 0xF4E6, 0xF4C5, 0xF4C5,
    0xF4C5, 0xF4C5, 0xF528, 0xF528, 0xF528, 0xF528, 0xF508, 0xF508, 0xF508, 0xF508, 0xF4E8, 0xF4E8, 0xF4E8, 0xF4E8, 0xF4E8, 0xF4E8,
    0xF4C8, 0xF4C8, 0xF4C8, 0xECC8, 0xECC8, 0xECC8, 0xECA8, 0xECA8, 0xECA8, 0xECA8, 0xEC88, 0xEC88, 0xEC88, 0xEC88, 0xEC88, 0xEC88,
    0xEC68, 0xEC68, 0xEC05, 0xEBE4, 0xEBE4, 0xE3C4, 0xE3C4, 0xE3C4, 0xE3C4, 0xE3A4, 0xE3A4, 0xE3A4, 0xE3A4, 0xE384, 0xE384, 0xE384,
    0xE384, 0xDB64, 0xDB64, 0xDB64, 0xDB64, 0xDB44, 0xDB44, 0xDB44, 0xDB24, 0xDB24, 0xDB24, 0xDB24, 0xDB23, 0xDB03, 0xD303, 0xD303,
    0xD2E3, 0xD2E3, 0xD2E3, 0xD2E3, 0xD2C3, 0xD2C3, 0xCAC3, 0xCAC4, 0xD346, 0xCB46, 0xCB26, 0xCB26, 0xCB26, 0xCB26, 0xCB06, 0xCB06,
    0xCB06, 0xCB06, 0xCAE6, 0xC2E6, 0xC2E6, 0xC2C6, 0xC2C6, 0xC2C6, 0xD466, 0xD486, 0xD486, 0xD486, 0xD486, 0xD4A6, 0xDCA6, 0xDCA6,
    0xDCA7, 0xDCA7, 0xDCC7, 0xDCC7, 0xDCC7, 0xDCC7, 0xDCE7, 0xDCE7, 0xDD08, 0xE52A, 0xE52A, 0xE54A, 0xE54A, 0xE54A, 0xE54A, 0xE54A,
    0xE54A, 0xE56A, 0xE56A, 0xE56A, 0xE56A, 0xE56A, 0xE56A, 0xED6A, 0xED6B, 0xED6B, 0xED6B, 0xED6B, 0xED8B, 0xED8B, 0xED8B, 0xED8B,
    0xED8B, 0xED8B, 0xED8B, 0xED8B, 0xED8B, 0xED8B, 0xED8B, 0xED8B, 0xED8B, 0xED8B, 0xED8A, 0xED8A, 0xF58B, 0xF58A, 0xF527, 0xF527,
    0xF527, 0xF527, 0xF527, 0xF527, 0xF527, 0xF527, 0xF527, 0xF527, 0xF527, 0xF527, 0xF527, 0xF527, 0xF507, 0xF507, 0xF506, 0xF506,
    0xF506, 0xF506, 0xF506, 0xF506, 0xF506, 0xF4E6, 0xF4E6, 0xF4E6, 0xF4E6, 0xF4E6, 0xF4E6, 0xF4E5, 0xF4C5, 0xF4C5, 0xF528, 0xF529,
    0xF528, 0xF528, 0xF508, 0xF508, 0xF508, 0xF508, 0xF508, 0xF508, 0xF508, 0xF4E8, 0xF4E8, 0xF4E8, 0xF4E8, 0xF4C8, 0xF4C8, 0xF4C8,
    0xF4C8, 0xF4C8, 0xF4C8, 0xECA8, 0xECA8, 0xECA8, 0xECA8, 0xECA8, 0xEC88, 0xEC88, 0xEC88, 0xEC88, 0xEC88, 0xEC68, 0xEC05, 0xEBE4,
    0xEBE4, 0xEBE4, 0xE3C4, 0xE3C4, 0xE3C4, 0xE3A4, 0xE3A4, 0xE3A4, 0xE3A4, 0xE3A4, 0xE384, 0xE384, 0xE384, 0xE384, 0xE364, 0xDB64,
    0xDB64, 0xDB44, 0xDB44, 0xDB44, 0xDB44, 0xDB24, 0xDB24, 0xDB24, 0xDB24, 0xDB03, 0xDB03, 0xD303, 0xD303, 0xD2E3, 0xD2E3, 0xD2E3,
    0xD2E3, 0xD2C3, 0xD2C3, 0xD326, 0xD347, 0xD346, 0xD326, 0xCB26, 0xCB26, 0xCB26, 0xCB06, 0xCB06, 0xCB06, 0xCB06, 0xCAE6, 0xCAE6,
    0xC2E6, 0xC2E6, 0xC2C6, 0xC2C6, 0xD486, 0xD486, 0xD486, 0xD4A6, 0xDCA6, 0xDCA7, 0xDCA7, 0xDCA7, 0xDCC7, 0xDCC7, 0xDCC7, 0xDCC7,
    0xDCC7, 0xDCE7, 0xDCE7, 0xE4E7, 0xE4E7, 0xE529, 0xE54A, 0xE54A, 0xE54A, 0xE54A, 0xE56A, 0xE56A, 0xE56A, 0xE56A, 0xE56A, 0xE56B,
    0xED6B, 0xED8B, 0xED8B, 0xED8B, 0xED8B, 0xED8B, 0xED8B, 0xED8B, 0xED8B, 0xED8B, 0xED8B, 0xED8B, 0xED8B, 0xED8B, 0xED8B, 0xED8B,
    0xED8B, 0xED8B, 0xED8B, 0xED8B, 0xF58B, 0xF58B, 0xF58B, 0xF58B, 0xF58B, 0xF58B, 0xF548, 0xF548, 0xF548, 0xF548, 0xF547, 0xF547,
    0xF527, 0xF547, 0xF527, 0xF527, 0xF527, 0xF527, 0xF527, 0xF527, 0xF527, 0xF527, 0xF527, 0xF507, 0xF507, 0xF506, 0xF506, 0xF506,
    0xF506, 0xF506, 0xF4E6, 0xF4E6, 0xF4E6, 0xF4E6, 0xF4E6, 0xF4E6, 0xF4E5, 0xF4E6, 0xF528, 0xF529, 0xF528, 0xF528, 0xF528, 0xF528,
    0xF508, 0xF508, 0xF508, 0xF508, 0xF508, 0xF508, 0xF4E8, 0xF4E8, 0xF4E8, 0xF4E8, 0xF4E8, 0xF4C8, 0xF4C8, 0xF4C8, 0xF4C8, 0xF4C8,
    0xECC8, 0xECA8, 0xECA8, 0xECA8, 0xECA8, 0xEC88, 0xEC88, 0xEC88, 0xEC88, 0xEC67, 0xEBE4, 0xEBE4, 0xEBE4, 0xEBE4, 0xEBC4, 0xEBC4,
    0xE3C4, 0xE3C4, 0xE3C4, 0xE3A4, 0xE3A4, 0xE3A4, 0xE384, 0xE384, 0xE384, 0xE384, 0xE384, 0xE364, 0xE364, 0xDB64, 0xDB44, 0xDB44,
    0xDB44, 0xDB44, 0xDB24, 0xDB24, 0xDB24, 0xDB24, 0xDB04, 0xDB03, 0xD303, 0xD303, 0xD2E3, 0xD2E3, 0xD2E3, 0xD2C3, 0xD304, 0xD367,
    0xD346, 0xD346, 0xD346, 0xD326, 0xD326, 0xCB26, 0xCB26, 0xCB06, 0xCB06, 0xCB06, 0xCB06, 0xCAE6, 0xC2E6, 0xC2E6, 0xC2C6, 0xC2C6,
    0xD486, 0xD486, 0xD4A6, 0xDCA7, 0xDCA7, 0xDCA7, 0xDCA7, 0xDCC7, 0xDCC7, 0xDCC7, 0xDCC7, 0xDCE7, 0xDCE7, 0xDCE7, 0xE4E7, 0xE507,
    0xE507, 0xE508, 0xE54A, 0xE54A, 0xE56A, 0xE56A, 0xE56A, 0xE56A, 0xE56A, 0xE56B, 0xE58B, 0xED8B, 0xED8B, 0xED8B, 0xED8B, 0xED8B,
    0xED8B, 0xED8B, 0xED8B, 0xED8B, 0xED8B, 0xED8B, 0xED8B, 0xED8B, 0xEDAB, 0xEDAB, 0xEDAB, 0xEDAB, 0xEDAB, 0xF5AB, 0xF5AB, 0xF5AB,
    0xF5AB, 0xF5AB, 0xF5AB, 0xF5AB, 0xF5AB, 0xF5AB, 0xF569, 0xF547, 0xF548, 0xF548, 0xF548, 0xF548, 0xF547, 0xF547, 0xF527, 0xF547,
    0xF527, 0xF527, 0xF527, 0xF527, 0xF527, 0xF527, 0xF527, 0xF527, 0xF527, 0xF507, 0xF506, 0xF506, 0xF506, 0xF506, 0xF506, 0xF506,
    0xF506, 0xF4E6, 0xF4E6, 0xF4E6, 0xF4E5, 0xF4E6, 0xF528, 0xF549, 0xF529, 0xF528, 0xF528, 0xF528, 0xF528, 0xF528, 0xF508, 0xF508,
    0xF508, 0xF508, 0xF508, 0xF4E8, 0xF4E8, 0xF4E8, 0xF4E8, 0xF4E8, 0xF4E8, 0xF4C8, 0xF4C8, 0xF4C8, 0xF4C8, 0xF4A8, 0xECA8, 0xF4A8,
    0xECA8, 0xECA8, 0xEC88, 0xEC88, 0xEC88, 0xEC46, 0xEBE4, 0xEC04, 0xEBE4, 0xEBE4, 0xEBE4, 0xEBE4, 0xEBC4, 0xEBC4, 0xEBC4, 0xE3A4,
    0xE3A4, 0xE3A4, 0xE3A4, 0xE3A4, 0xE384, 0xE384, 0xE384, 0xE364, 0xE364, 0xE364, 0xDB64, 0xDB44, 0xDB44, 0xDB44, 0xDB44, 0xDB24,
    0xDB24, 0xDB24, 0xDB24, 0xDB04, 0xD304, 0xD304, 0xD2E3, 0xD2E3, 0xD2E3, 0xD2E3, 0xD346, 0xD367, 0xD346, 0xD347, 0xD346, 0xD346,
    0xD326, 0xCB26, 0xCB26, 0xCB06, 0xCB06, 0xCB06, 0xCB06, 0xCB06, 0xCAE6, 0xC2E6, 0xC2E6, 0xC2C6, 0xD4A6, 0xD4A6, 0xDCA6, 0xDCA7,
    0xDCA7, 0xDCC7, 0xDCC7, 0xDCC7, 0xDCC7, 0xDCE7, 0xDCE7, 0xDCE7, 0xE4E7, 0xE507, 0xE507, 0xE508, 0xE508, 0xE507, 0xE549, 0xE56B,
    0xE56A, 0xE56B, 0xE56B, 0xE56B, 0xE56B, 0xED8B, 0xED8B, 0xED8B, 0xED8B, 0xED8B, 0xED8B, 0xED8B, 0xED8B, 0xED8B, 0xED8B, 0xED8B,
    0xED8B, 0xED8B, 0xEDAB, 0xEDAB, 0xEDAB, 0xEDAB, 0xEDAB, 0xF5AB, 0xF5AB, 0xF5AB, 0xF5AB, 0xF5AB, 0xF5AB, 0xF5AB, 0xF5AB, 0xF5AB,
    0xF5AB, 0xF5AB, 0xF58A, 0xF548, 0xF548, 0xF548, 0xF548, 0xF548, 0xF548, 0xF547, 0xF547, 0xF547, 0xF547, 0xF547, 0xF547, 0xF527,
    0xF527, 0xF527, 0xF527, 0xF527, 0xF527, 0xF527, 0xF527, 0xF506, 0xF506, 0xF506, 0xF506, 0xF506, 0xF506, 0xF506, 0xF506, 0xF4E6,
    0xF4E6, 0xF4E6, 0xF549, 0xF549, 0xF549, 0xF549, 0xF528, 0xF528, 0xF528, 0xF528, 0xF528, 0xF508, 0xF508, 0xF508, 0xF508, 0xF508,
    0xF4E8, 0xF4E8, 0xF4E8, 0xF4E8, 0xF4E8, 0xF4C8, 0xF4C8, 0xF4C8, 0xF4C8, 0xF4C8, 0xF4A8, 0xF4A8, 0xF4A8, 0xECA8, 0xEC88, 0xEC88,
    0xEC88, 0xEC25, 0xEC04, 0xEC04, 0xEBE4, 0xEBE4, 0xEBE4, 0xEBE4, 0xEBE4, 0xEBC4, 0xEBC4, 0xE3C4, 0xE3C4, 0xE3A4, 0xE3A4, 0xE3A4,
    0xE384, 0xE384, 0xE384, 0xE384, 0xE364, 0xE364, 0xE364, 0xDB64, 0xDB44, 0xDB44, 0xDB44, 0xDB44, 0xDB24, 0xDB24, 0xDB24, 0xDB04,
    0xDB04, 0xDB04, 0xD303, 0xD2E3, 0xD2E3, 0xD325, 0xD367, 0xD367, 0xD367, 0xD347, 0xD347, 0xD346, 0xD326, 0xD326, 0xCB26, 0xCB26,
    0xCB06, 0xCB06, 0xCB06, 0xCB06, 0xCAE6, 0xCAE6, 0xC2E6, 0xC2E6, 0xDCA6, 0xDCA7, 0xDCA7, 0xDCA7, 0xDCC7, 0xDCC7, 0xDCC7, 0xDCC7,
    0xDCE7, 0xDCE7, 0xE4E7, 0xE4E7, 0xE507, 0xE508, 0xE508, 0xE508, 0xE508, 0xE508, 0xE528, 0xE56A, 0xE56B, 0xE56B, 0xE56B, 0xED8B,
    0xED8B, 0xED8B, 0xED8B, 0xED8B, 0xED8B, 0xED8B, 0xEDAB, 0xEDAB, 0xEDAB, 0xEDAB, 0xEDAB, 0xEDAB, 0xEDAB, 0xEDAB, 0xEDAB, 0xEDAB,
    0xF5AB, 0xF5AB, 0xF5AB, 0xF5AB, 0xF5AB, 0xF5AB, 0xF5AB, 0xF5AB, 0xF5AB, 0xF5AB, 0xF5AB, 0xF5AB, 0xF5AB, 0xF5AB, 0xF5AB, 0xF568,
    0xF568, 0xF568, 0xF568, 0xF568, 0xF548, 0xF548, 0xF548, 0xF548, 0xF547, 0xF547, 0xF547, 0xF547, 0xF547, 0xF547, 0xF527, 0xF527,
    0xF527, 0xF527, 0xF527, 0xF527, 0xF527, 0xF526, 0xF506, 0xF506, 0xFD06, 0xFD06, 0xFD06, 0xFD06, 0xFCE6, 0xFD06, 0xFD49, 0xFD49,
    0xFD49, 0xFD49, 0xFD49, 0xFD29, 0xF528, 0xF528, 0xF528, 0xF528, 0xF528, 0xF508, 0xF508, 0xF508, 0xF508, 0xF508, 0xF4E8, 0xF4E8,
    0xF4E8, 0xF4E8, 0xF4C8, 0xF4C8, 0xF4C8, 0xF4C8, 0xF4C8, 0xF4C8, 0xF4A8, 0xF4A8, 0xF4A8, 0xECA8, 0xEC87, 0xEC24, 0xEC04, 0xEC04,
    0xEC04, 0xEC04, 0xEBE4, 0xEBE4, 0xEBE4, 0xEBC4, 0xEBC4, 0xEBC4, 0xEBC4, 0xEBC4, 0xE3A4, 0xE3A4, 0xE3A4, 0xE384, 0xE384, 0xE384,
    0xE384, 0xE364, 0xE364, 0xE364, 0xE344, 0xDB44, 0xDB44, 0xDB44, 0xDB44, 0xDB24, 0xDB24, 0xDB24, 0xDB04, 0xDB04, 0xDB04, 0xDB03,
    0xD304, 0xDB67, 0xD367, 0xD367, 0xD367, 0xD367, 0xD347, 0xD347, 0xD346, 0xD326, 0xD326, 0xCB26, 0xCB26, 0xCB06, 0xCB06, 0xCB06,
    0xCB06, 0xCAE6, 0xCAE6, 0xCAE6, 0xDCA7, 0xDCA7, 0xDCC7, 0xDCC7, 0xDCC7, 0xDCC7, 0xDCE7, 0xDCE7, 0xDCE7, 0xDCE7, 0xE507, 0xE508,
    0xE508, 0xE508, 0xE508, 0xE528, 0xE528, 0xE528, 0xE528, 0xE549, 0xE56B, 0xE58B, 0xED8B, 0xED8B, 0xED8B, 0xED8B, 0xED8B, 0xED8B,
    0xEDAB, 0xEDAB, 0xEDAB, 0xEDAB, 0xEDAB, 0xEDAB, 0xEDAB, 0xEDAB, 0xEDAB, 0xEDAB, 0xF5AB, 0xF5AB, 0xF5AB, 0xF5AB, 0xF5AB, 0xF5AB,
    0xF5AB, 0xF5CB, 0xF5CB, 0xF5CB, 0xF5CB, 0xF5CB, 0xF5CB, 0xF5CB, 0xF5CB, 0xF5CB, 0xF5CB, 0xF569, 0xF568, 0xF568, 0xF568, 0xF568,
    0xF568, 0xF568, 0xF568, 0xF548, 0xF548, 0xF547, 0xF547, 0xF547, 0xF547, 0xF547, 0xF547, 0xF547, 0xF527, 0xFD27, 0xFD27, 0xFD27,
    0xFD27, 0xFD26, 0xFD26, 0xFD06, 0xFD06, 0xFD06, 0xFD06, 0xFD06, 0xFCE6, 0xFD06, 0xFD49, 0xFD49, 0xFD49, 0xFD49, 0xFD49, 0xFD49,
    0xFD28, 0xFD28, 0xF528, 0xF528, 0xF528, 0xF508, 0xF508, 0xF508, 0xF508, 0xF508, 0xF508, 0xF4E8, 0xF4E8, 0xF4E8, 0xF4E8, 0xF4C8,
    0xF4C8, 0xF4C8, 0xF4C8, 0xF4C8, 0xF4A8, 0xF4A8, 0xF4A8, 0xF4A8, 0xF467, 0xEC04, 0xEC04, 0xEC04, 0xEC04, 0xEC04, 0xEBE4, 0xEBE4,
    0xEBE4, 0xEBC4, 0xEBC4, 0xEBC4, 0xEBC4, 0xEBC4, 0xEBA4, 0xE3A4, 0xE3A4, 0xE3A4, 0xE384, 0xE384, 0xE384, 0xE364, 0xE364, 0xE364,
    0xE364, 0xE344, 0xDB44, 0xDB44, 0xDB44, 0xDB24, 0xDB24, 0xDB24, 0xDB24, 0xDB04, 0xDB04, 0xDAE3, 0xDB45, 0xDB87, 0xDB67, 0xD367,
    0xD367, 0xD367, 0xD347, 0xD347, 0xD347, 0xD346, 0xD326, 0xD326, 0xCB26, 0xCB26, 0xCB06, 0xCB06, 0xCB06, 0xCAE6, 0xCAE6, 0xCAE6,
    0xDCA7, 0xDCC7, 0xDCC7, 0xDCC7, 0xDCC7, 0xDCE7, 0xDCE7, 0xDCE7, 0xE4E7, 0xE507, 0xE508, 0xE508, 0xE508, 0xE528, 0xE528, 0xE528,
    0xE528, 0xE528, 0xE528, 0xE548, 0xED8B, 0xED8B, 0xED8B, 0xED8B, 0xED8B, 0xEDAB, 0xEDAB, 0xEDAB, 0xEDAB, 0xEDAB, 0xEDAB, 0xEDAB,
    0xEDAB, 0xEDAB, 0xEDCC, 0xEDCC, 0xF5CC, 0xF5CC, 0xF5CC, 0xF5CC, 0xF5CC, 0xF5CC, 0xF5CC, 0xF5CC, 0xF5CC, 0xF5CB, 0xF5CB, 0xF5CB,
    0xF5CB, 0xF5CB, 0xF5CB, 0xF5CB, 0xF5CB, 0xF5CB, 0xF5CB, 0xF5A9, 0xF568, 0xF568, 0xF568, 0xF568, 0xF568, 0xF568, 0xF568, 0xF568,
    0xF568, 0xFD48, 0xFD48, 0xFD47, 0xFD47, 0xFD47, 0xFD47, 0xFD47, 0xFD47, 0xFD47, 0xFD27, 0xFD27, 0xFD27, 0xFD27, 0xFD27, 0xFD27,
    0xFD26, 0xFD06, 0xFD06, 0xFD06, 0xFD06, 0xFD06, 0xFD49, 0xFD69, 0xFD49, 0xFD49, 0xFD49, 0xFD49, 0xFD49, 0xFD28, 0xFD28, 0xFD28,
    0xFD28, 0xF528, 0xF508, 0xF508, 0xF508, 0xF508, 0xF508, 0xF4E8, 0xF4E8, 0xF4E8, 0xF4E8, 0xF4E8, 0xF4E8, 0xF4C8, 0xF4C8, 0xF4C8,
    0xF4C8, 0xF4A8, 0xF4A8, 0xF4A8, 0xF466, 0xEC24, 0xEC24, 0xEC04, 0xEC04, 0xEC04, 0xEC04, 0xEBE4, 0xEBE4, 0xEBE4, 0xEBE4, 0xEBC4,
    0xEBC4, 0xEBC4, 0xEBC4, 0xEBA4, 0xE3A4, 0xE3A4, 0xE3A4, 0xE384, 0xE384, 0xE384, 0xE384, 0xE364, 0xE364, 0xE364, 0xE344, 0xDB44,
    0xDB44, 0xDB24, 0xDB24, 0xDB24, 0xDB24, 0xDB24, 0xDB03, 0xDB24, 0xDB87, 0xDB87, 0xDB87, 0xDB67, 0xDB67, 0xD367, 0xD367, 0xD347,
    0xD347, 0xD347, 0xD327, 0xD326, 0xD326, 0xCB26, 0xCB26, 0xCB06, 0xCB06, 0xCB06, 0xCAE6, 0xCAE6, 0xDCC7, 0xDCC7, 0xDCC7, 0xDCE7,
    0xDCE7, 0xDCE7, 0xDCE7, 0xE4E7, 0xE508, 0xE508, 0xE508, 0xE528, 0xE528, 0xE528, 0xE528, 0xE528, 0xE528, 0xE548, 0xED48, 0xED48,
    0xED69, 0xED8B, 0xED8B, 0xEDAB, 0xEDAB, 0xEDAB, 0xEDAB, 0xEDAB, 0xEDAB, 0xEDAB, 0xEDCC, 0xEDCB, 0xEDCC, 0xEDCC, 0xF5CC, 0xF5CC,
    0xF5CC, 0xF5CC, 0xF5CC, 0xF5CC, 0xF5CC, 0xF5CC, 0xF5CC, 0xF5CC, 0xF5CC, 0xF5CC, 0xF5CC, 0xF5CC, 0xF5CC, 0xF5CC, 0xF5CC, 0xF5CB,
    0xF5CC, 0xF5CB, 0xF5CC, 0xF5CB, 0xF568, 0xF588, 0xF568, 0xF568, 0xFD68, 0xF568, 0xF568, 0xFD68, 0xFD68, 0xFD68, 0xFD68, 0xFD68,
    0xFD47, 0xFD47, 0xFD47, 0xFD47, 0xFD47, 0xFD47, 0xFD47, 0xFD47, 0xFD27, 0xFD27, 0xFD27, 0xFD27, 0xFD26, 0xFD26, 0xFD26, 0xFD06,
    0xFD06, 0xFD06, 0xFD69, 0xFD69, 0xFD49, 0xFD49, 0xFD49, 0xFD49, 0xFD49, 0xFD48, 0xFD48, 0xFD28, 0xFD28, 0xFD28, 0xFD28, 0xFD28,
    0xF508, 0xF508, 0xF508, 0xF508, 0xF508, 0xF4E8, 0xF4E8, 0xF4E8, 0xF4E8, 0xF4E8, 0xF4E8, 0xF4C8, 0xF4C8, 0xF4C8, 0xF4A8, 0xF4A8,
    0xF445, 0xF424, 0xEC25, 0xEC24, 0xEC04, 0xEC04, 0xEC04, 0xEC04, 0xEBE4, 0xEBE4, 0xEBE4, 0xEBC4, 0xEBC4, 0xEBC4, 0xEBC4, 0xEBC4,
    0xEBA4, 0xE3A4, 0xE3A4, 0xE384, 0xE384, 0xE384, 0xE384, 0xE384, 0xE364, 0xE364, 0xE344, 0xE344, 0xE344, 0xDB44, 0xDB44, 0xDB24,
    0xDB24, 0xDB24, 0xDB03, 0xDB86, 0xDBA7, 0xDB87, 0xDB87, 0xDB67, 0xDB67, 0xD367, 0xD367, 0xD367, 0xD347, 0xD347, 0xD347, 0xD327,
    0xD326, 0xD326, 0xD326, 0xCB06, 0xCB06, 0xCB06, 0xCAE6, 0xCAE6, 0xDCC7, 0xDCC7, 0xDCE7, 0xDCE7, 0xDCE7, 0xE4E7, 0xE507, 0xE508,
    0xE508, 0xE508, 0xE528, 0xE528, 0xE528, 0xE528, 0xE528, 0xE548, 0xE548, 0xED48, 0xED48, 0xED48, 0xED49, 0xED8B, 0xEDAB, 0xEDAB,
    0xEDAB, 0xEDAB, 0xEDAC, 0xEDCC, 0xEDCC, 0xEDCC, 0xEDCC, 0xEDCC, 0xF5CC, 0xF5CC, 0xF5CC, 0xF5CC, 0xF5CC, 0xF5CC, 0xF5CC, 0xF5EC,
    0xF5EC, 0xF5EC, 0xF5EC, 0xF5EC, 0xF5EC, 0xF5EC, 0xF5EC, 0xF5EC, 0xF5EC, 0xF5EC, 0xF5CC, 0xF5CC, 0xF5CC, 0xF5CC, 0xF5CC, 0xF5CB,
    0xF589, 0xF588, 0xFD88, 0xFD88, 0xFD88, 0xFD88, 0xFD68, 0xFD68, 0xFD68, 0xFD68, 0xFD68, 0xFD68, 0xFD68, 0xFD68, 0xFD67, 0xFD47,
    0xFD47, 0xFD47, 0xFD47, 0xFD47, 0xFD47, 0xFD47, 0xFD27, 0xFD27, 0xFD27, 0xFD26, 0xFD26, 0xFD26, 0xFD06, 0xFD06, 0xFD69, 0xFD69,
    0xFD69, 0xFD69, 0xFD49, 0xFD49, 0xFD49, 0xFD49, 0xFD49, 0xFD48, 0xFD48, 0xFD28, 0xFD28, 0xFD28, 0xFD08, 0xF508, 0xF508, 0xF508,
    0xF508, 0xF508, 0xF4E8, 0xF4E8, 0xF4E8, 0xF4E8, 0xF4E8, 0xF4E8, 0xF4C8, 0xF4C8, 0xF4C8, 0xF4A8, 0xF444, 0xF424, 0xF424, 0xEC24,
    0xEC04, 0xEC04, 0xEC04, 0xEC04, 0xEC04, 0xEBE4, 0xEBE4, 0xEBE4, 0xEBC4, 0xEBC4, 0xEBC4, 0xEBC4, 0xEBA4, 0xEBA4, 0xEBA4, 0xE3A4,
    0xE384, 0xE384, 0xE384, 0xE384, 0xE364, 0xE364, 0xE364, 0xE344, 0xE344, 0xE344, 0xDB44, 0xDB24, 0xDB24, 0xDB03, 0xDB45, 0xDBA7,
    0xDB87, 0xDB87, 0xDB87, 0xDB87, 0xDB67, 0xDB67, 0xDB67, 0xD367, 0xD347, 0xD347, 0xD347, 0xD347, 0xD327, 0xD326, 0xD326, 0xCB26,
    0xCB06, 0xCB06, 0xCB06, 0xCAE6, 0xDCC7, 0xDCE7, 0xDCE7, 0xDCE7, 0xE4E7, 0xE508, 0xE508, 0xE508, 0xE508, 0xE528, 0xE528, 0xE528,
    0xE528, 0xE548, 0xE548, 0xED48, 0xED48, 0xED49, 0xED49, 0xED69, 0xED69, 0xED69, 0xEDAB, 0xEDAC, 0xEDAC, 0xEDCC, 0xEDCC, 0xEDCC,
    0xEDCC, 0xEDCC, 0xF5CC, 0xF5CC, 0xF5CC, 0xF5EC, 0xF5EC, 0xF5EC, 0xF5EC, 0xF5EC, 0xF5EC, 0xF5EC, 0xF5EC, 0xF5EC, 0xF5EC, 0xF5EC,
    0xF5EC, 0xF5EC, 0xF5EC, 0xF5EC, 0xF5EC, 0xF5EC, 0xF5EC, 0xF5EC, 0xF5EC, 0xFDEC, 0xFDEC, 0xFDEC, 0xFDA9, 0xFD88, 0xFD89, 0xFD88,
    0xFD88, 0xFD88, 0xFD88, 0xFD88, 0xFD88, 0xFD68, 0xFD68, 0xFD68, 0xFD68, 0xFD68, 0xFD68, 0xFD68, 0xFD67, 0xFD47, 0xFD47, 0xFD47,
    0xFD47, 0xFD47, 0xFD47, 0xFD27, 0xFD27, 0xFD27, 0xFD26, 0xFD26, 0xFD06, 0xFD26, 0xFD69, 0xFD69, 0xFD69, 0xFD69, 0xFD49, 0xFD49,
    0xFD49, 0xFD49, 0xFD49, 0xFD49, 0xFD48, 0xFD28, 0xFD28, 0xFD28, 0xFD28, 0xFD28, 0xFD28, 0xFD08, 0xFD08, 0xF508, 0xF508, 0xF4E8,
    0xF4E8, 0xF4E8, 0xF4E8, 0xF4E8, 0xF4C8, 0xF4C8, 0xF4C8, 0xF487, 0xF444, 0xF425, 0xF424, 0xF424, 0xF424, 0xF424, 0xEC04, 0xEC04,
    0xEC04, 0xEBE4, 0xEBE4, 0xEBE4, 0xEBE4, 0xEBC4, 0xEBC4, 0xEBC4, 0xEBC4, 0xEBA4, 0xEBA4, 0xEBA4, 0xEBA4, 0xE384, 0xE384, 0xE384,
    0xE364, 0xE364, 0xE364, 0xE364, 0xE344, 0xE344, 0xE344, 0xDB24, 0xDB24, 0xDB24, 0xDBA7, 0xDBA7, 0xDBA7, 0xDB87, 0xDB87, 0xDB87,
    0xDB87, 0xDB67, 0xDB67, 0xDB67, 0xD367, 0xD347, 0xD347, 0xD347, 0xD327, 0xD327, 0xD326, 0xD326, 0xCB06, 0xCB06, 0xCB06, 0xCB06,
    0xDCE7, 0xDCE7, 0xDCE7, 0xE507, 0xE507, 0xE508, 0xE508, 0xE508, 0xE528, 0xE528, 0xE528, 0xE528, 0xE548, 0xE548, 0xED48, 0xED48,
    0xED49, 0xED69, 0xED69, 0xED69, 0xED69, 0xED69, 0xEDAB, 0xEDCC, 0xEDCC, 0xEDCC, 0xEDCC, 0xEDCC, 0xEDCC, 0xF5CC, 0xF5EC, 0xF5EC,
    0xF5EC, 0xF5EC, 0xF5EC, 0xF5EC, 0xF5EC, 0xF5EC, 0xF5EC, 0xF5EC, 0xF5EC, 0xF5EC, 0xF5EC, 0xF5EC, 0xF5EC, 0xF5EC, 0xF5EC, 0xF5EC,
    0xF5EC, 0xF5EC, 0xF5EC, 0xF5EC, 0xFDEC, 0xFDEC, 0xFDEC, 0xFDEC, 0xFDCA, 0xFD88, 0xFD89, 0xFD88, 0xFD88, 0xFD88, 0xFD88, 0xFD88,
    0xFD88, 0xFD68, 0xFD68, 0xFD68, 0xFD68, 0xFD68, 0xFD68, 0xFD68, 0xFD67, 0xFD47, 0xFD47, 0xFD47, 0xFD47, 0xFD47, 0xFD47, 0xFD47,
    0xFD27, 0xFD27, 0xFD27, 0xFD26, 0xFD26, 0xFD26, 0xFD69, 0xFD69, 0xFD69, 0xFD69, 0xFD69, 0xFD49, 0xFD49, 0xFD49, 0xFD49, 0xFD49,
    0xFD49, 0xFD48, 0xFD28, 0xFD28, 0xFD28, 0xFD28, 0xFD28, 0xFD28, 0xFD08, 0xF508, 0xF508, 0xF508, 0xF4E8, 0xF4E8, 0xF4E8, 0xF4E8,
    0xF4C8, 0xF4C8, 0xF4C8, 0xF486, 0xF444, 0xF445, 0xF424, 0xF424, 0xF424, 0xF424, 0xF404, 0xEC04, 0xEC04, 0xEBE4, 0xEBE4, 0xEBE4,
    0xEBE4, 0xEBE4, 0xEBC4, 0xEBC4, 0xEBC4, 0xEBC4, 0xEBA4, 0xEBA4, 0xEBA4, 0xE384, 0xE384, 0xE384, 0xE384, 0xE364, 0xE364, 0xE364,
    0xE364, 0xE344, 0xE344, 0xE344, 0xDB23, 0xE365, 0xE3A7, 0xDBA7, 0xDBA7, 0xDBA7, 0xDB87, 0xDB87, 0xDB87, 0xDB67, 0xDB67, 0xDB67,
    0xDB67, 0xD367, 0xD347, 0xD347, 0xD347, 0xD327, 0xD326, 0xD326, 0xD326, 0xCB06, 0xCB06, 0xCB06, 0xDCE7, 0xDCE7, 0xE507, 0xE508,
    0xE508, 0xE508, 0xE528, 0xE528, 0xE528, 0xE528, 0xE548, 0xE548, 0xE548, 0xED48, 0xED69, 0xED69, 0xED69, 0xED69, 0xED69, 0xED69,
    0xED89, 0xED89, 0xED89, 0xEDCC, 0xEDCC, 0xEDCC, 0xEDCC, 0xF5EC, 0xF5EC, 0xF5EC, 0xF5EC, 0xF5EC, 0xF5EC, 0xF5EC, 0xF5EC, 0xF5EC,
    0xF5EC, 0xF5EC, 0xF5EC, 0xF5EC, 0xF60C, 0xF60C, 0xF60C, 0xF60C, 0xF60C, 0xF60C, 0xF60C, 0xF60C, 0xFE0C, 0xFE0C, 0xFE0C, 0xFE0C,
    0xFDEC, 0xFDEC, 0xFDEC, 0xFDEC, 0xFDEB, 0xFDA9, 0xFDA9, 0xFDA9, 0xFD89, 0xFD89, 0xFD89, 0xFD88, 0xFD88, 0xFD88, 0xFD88, 0xFD88,
    0xFD68, 0xFD68, 0xFD68, 0xFD68, 0xFD68, 0xFD67, 0xFD67, 0xFD67, 0xFD67, 0xFD47, 0xFD47, 0xFD47, 0xFD47, 0xFD47, 0xFD27, 0xFD27,
    0xFD26, 0xFD26, 0xFD89, 0xFD8A, 0xFD69, 0xFD69, 0xFD69, 0xFD69, 0xFD69, 0xFD69, 0xFD49, 0xFD49, 0xFD49, 0xFD48, 0xFD48, 0xFD28,
    0xFD28, 0xFD28, 0xFD28, 0xFD28, 0xFD08, 0xFD08, 0xFD08, 0xFD08, 0xF508, 0xF4E8, 0xF4E8, 0xF4E8, 0xF4E8, 0xF4C8, 0xF4C8, 0xF465,
    0xF444, 0xF445, 0xF444, 0xF424, 0xF424, 0xF424, 0xF424, 0xF404, 0xEC04, 0xEC04, 0xEC04, 0xEBE4, 0xEBE4, 0xEBE4, 0xEBC4, 0xEBC4,
    0xEBC4, 0xEBC4, 0xEBA4, 0xEBA4, 0xEBA4, 0xEBA4, 0xEB84, 0xE384, 0xE384, 0xE384, 0xE364, 0xE364, 0xE364, 0xE344, 0xE344, 0xE344,
    0xE344, 0xE3C7, 0xE3A7, 0xE3A7, 0xDBA7, 0xDBA7, 0xDB87, 0xDB87, 0xDB87, 0xDB67, 0xDB67, 0xDB67, 0xDB67, 0xDB67, 0xD347, 0xD347,
    0xD347, 0xD327, 0xD327, 0xD326, 0xD326, 0xD306, 0xCB06, 0xCB06, 0xE4E7, 0xE507, 0xE508, 0xE508, 0xE528, 0xE528, 0xE528, 0xE528,
    0xE548, 0xE548, 0xE548, 0xE549, 0xED49, 0xED69, 0xED69, 0xED69, 0xED69, 0xED69, 0xED69, 0xED89, 0xED89, 0xED89, 0xED89, 0xEDAA,
    0xEDEC, 0xF5CC, 0xF5EC, 0xF5EC, 0xF5EC, 0xF5EC, 0xF5EC, 0xF5EC, 0xF5EC, 0xF5EC, 0xF5EC, 0xF5EC, 0xF5EC, 0xF60C, 0xF60C, 0xF60C,
    0xF60C, 0xF60C, 0xF60C, 0xF60C, 0xF60C, 0xFE0C, 0xF60C, 0xFE0C, 0xFE0C, 0xFE0C, 0xFE0C, 0xFE0C, 0xFDEC, 0xFE0C, 0xFE0C, 0xFDEC,
    0xFDEC, 0xFDA9, 0xFDA9, 0xFDA9, 0xFDA9, 0xFDA9, 0xFD89, 0xFDA9, 0xFD88, 0xFD88, 0xFD88, 0xFD88, 0xFD88, 0xFD88, 0xFD88, 0xFD88,
    0xFD68, 0xFD68, 0xFD68, 0xFD67, 0xFD67, 0xFD47, 0xFD47, 0xFD47, 0xFD47, 0xFD47, 0xFD47, 0xFD47, 0xFD26, 0xFD27, 0xFD89, 0xFD8A,
    0xFD89, 0xFD69, 0xFD69, 0xFD69, 0xFD69, 0xFD69, 0xFD69, 0xFD49, 0xFD49, 0xFD49, 0xFD48, 0xFD48, 0xFD28, 0xFD28, 0xFD28, 0xFD28,
    0xFD28, 0xFD08, 0xFD08, 0xFD08, 0xFD08, 0xFCE8, 0xFCE8, 0xF4E8, 0xFCE8, 0xF4E8, 0xF4C8, 0xF445, 0xF445, 0xF445, 0xF444, 0xF444,
    0xF424, 0xF424, 0xF424, 0xF404, 0xF404, 0xEC04, 0xEC04, 0xEBE4, 0xEBE4, 0xEBE4, 0xEBC4, 0xEBC4, 0xEBC4, 0xEBC4, 0xEBC4, 0xEBA4,
    0xEBA4, 0xEBA4, 0xEB84, 0xEB84, 0xE384, 0xE384, 0xE364, 0xE364, 0xE364, 0xE344, 0xE344, 0xE344, 0xE3A6, 0xE3C7, 0xE3A7, 0xE3A7,
    0xE3A7, 0xDBA7, 0xDBA7, 0xDB87, 0xDB87, 0xDB87, 0xDB67, 0xDB67, 0xDB67, 0xDB67, 0xDB47, 0xDB47, 0xD347, 0xD347, 0xD327, 0xD326,
    0xD326, 0xD326, 0xD306, 0xD306, 0xE507, 0xE508, 0xE508, 0xE528, 0xE528, 0xE528, 0xE528, 0xE548, 0xE548, 0xE548, 0xED49, 0xED49,
    0xED69, 0xED69, 0xED69, 0xED69, 0xED69, 0xED89, 0xED89, 0xED89, 0xED89, 0xED89, 0xEDA9, 0xEDA9, 0xF5CC, 0xF5EC, 0xF5EC, 0xF5EC,
    0xF5EC, 0xF5EC, 0xF60C, 0xF60D, 0xF60D, 0xF60D, 0xF60D, 0xF60D, 0xF60D, 0xF60D, 0xF60D, 0xF60D, 0xF60D, 0xF60D, 0xF60D, 0xFE0D,
    0xFE0D, 0xFE0C, 0xFE0C, 0xFE0C, 0xFE0C, 0xFE0C, 0xFE0C, 0xFE0C, 0xFE0C, 0xFE0C, 0xFE0C, 0xFE0C, 0xFE0C, 0xFDCA, 0xFDA9, 0xFDA9,
    0xFDA9, 0xFDA9, 0xFDA9, 0xFDA9, 0xFDA9, 0xFD88, 0xFD88, 0xFD88, 0xFD88, 0xFD88, 0xFD88, 0xFD88, 0xFD68, 0xFD68, 0xFD68, 0xFD67,
    0xFD67, 0xFD67, 0xFD67, 0xFD47, 0xFD47, 0xFD47, 0xFD47, 0xFD47, 0xFD27, 0xFD47, 0xFD8A, 0xFD8A, 0xFD89, 0xFD89, 0xFD69, 0xFD69,
    0xFD69, 0xFD69, 0xFD69, 0xFD69, 0xFD69, 0xFD49, 0xFD48, 0xFD48, 0xFD28, 0xFD28, 0xFD28, 0xFD28, 0xFD28, 0xFD28, 0xFD08, 0xFD08,
    0xFD08, 0xFCE8, 0xFCE8, 0xFCE8, 0xFCE8, 0xFCE8, 0xF4A7, 0xF444, 0xF445, 0xF445, 0xF445, 0xF444, 0xF424, 0xF424, 0xF424, 0xF424,
    0xF424, 0xF404, 0xF404, 0xF404, 0xEBE4, 0xEBE4, 0xEBE4, 0xEBE4, 0xEBC4, 0xEBC4, 0xEBC4, 0xEBA4, 0xEBA4, 0xEBA4, 0xEBA4, 0xEB84,
    0xEB84, 0xEB84, 0xE364, 0xE364, 0xE364, 0xE364, 0xE344, 0xE365, 0xE3C7, 0xE3C7, 0xE3C7, 0xE3A7, 0xE3A7, 0xE3A7, 0xDBA7, 0xDBA7,
    0xDB87, 0xDB87, 0xDB87, 0xDB67, 0xDB67, 0xDB67, 0xDB67, 0xDB47, 0xDB47, 0xD347, 0xD347, 0xD326, 0xD326, 0xD326, 0xD306, 0xD306,
    0xE508, 0xE508, 0xE528, 0xE528, 0xE528, 0xE528, 0xE548, 0xE548, 0xED48, 0xED49, 0xED69, 0xED69, 0xED69, 0xED69, 0xED69, 0xED89,
    0xED89, 0xED89, 0xED89, 0xED89, 0xEDA9, 0xEDAA, 0xF5AA, 0xF5A9, 0xF5CA, 0xF5ED, 0xF5EC, 0xF60C, 0xF60D, 0xF60D, 0xF60D, 0xF60D,
    0xF60D, 0xF60D, 0xF60D, 0xF60D, 0xF60D, 0xF60D, 0xF60D, 0xF62D, 0xF60D, 0xFE0D, 0xFE0D, 0xFE0D, 0xFE0D, 0xFE0D, 0xFE0D, 0xFE0D,
    0xFE0D, 0xFE0D, 0xFE0C, 0xFE0C, 0xFE0C, 0xFE0C, 0xFE0C, 0xFE0C, 0xFE0C, 0xFDEB, 0xFDA9, 0xFDC9, 0xFDA9, 0xFDA9, 0xFDA9, 0xFDA9,
    0xFDA9, 0xFDA9, 0xFDA8, 0xFDA8, 0xFD88, 0xFD88, 0xFD88, 0xFD88, 0xFD88, 0xFD88, 0xFD88, 0xFD68, 0xFD67, 0xFD67, 0xFD67, 0xFD67,
    0xFD47, 0xFD47, 0xFD47, 0xFD47, 0xFD47, 0xFD47, 0xFD8A, 0xFD8A, 0xFD8A, 0xFD89, 0xFD89, 0xFD69, 0xFD69, 0xFD69, 0xFD69, 0xFD69,
    0xFD69, 0xFD49, 0xFD49, 0xFD48, 0xFD48, 0xFD48, 0xFD28, 0xFD28, 0xFD28, 0xFD28, 0xFD28, 0xFD08, 0xFD08, 0xFD08, 0xFD08, 0xFCE8,
    0xFCE8, 0xFCE8, 0xF486, 0xF464, 0xF465, 0xF445, 0xF445, 0xF444, 0xF424, 0xF424, 0xF424, 0xF424, 0xF424, 0xF404, 0xF404, 0xF404,
    0xEBE4, 0xEBE4, 0xEBE4, 0xEBE4, 0xEBC4, 0xEBC4, 0xEBC4, 0xEBC4, 0xEBC4, 0xEBA4, 0xEBA4, 0xEBA4, 0xEB84, 0xEB84, 0xE384, 0xE364,
    0xE364, 0xE364, 0xE344, 0xE3C6, 0xE3E7, 0xE3C7, 0xE3C7, 0xE3C7, 0xE3A7, 0xE3A7, 0xE3A7, 0xDBA7, 0xDBA7, 0xDB87, 0xDB87, 0xDB87,
    0xDB67, 0xDB67, 0xDB67, 0xDB47, 0xDB47, 0xD347, 0xD347, 0xD327, 0xD326, 0xD326, 0xD326, 0xD306, 0xE508, 0xE508, 0xE528, 0xE528,
    0xE528, 0xE548, 0xE548, 0xE549, 0xED49, 0xED69, 0xED69, 0xED69, 0xED69, 0xED69, 0xED89, 0xED89, 0xED89, 0xED89, 0xED89, 0xEDAA,
    0xEDAA, 0xF5AA, 0xF5AA, 0xF5AA, 0xF5AA, 0xF5EC, 0xF60D, 0xF60D, 0xF60D, 0xF60D, 0xF60D, 0xF60D, 0xF60D, 0xF60D, 0xF62D, 0xF62D,
    0xF62D, 0xF62D, 0xF62D, 0xF62D, 0xFE2D, 0xFE2D, 0xFE2D, 0xFE2D, 0xFE2D, 0xFE2D, 0xFE2D, 0xFE2D, 0xFE2D, 0xFE2D, 0xFE2D, 0xFE2C,
    0xFE2C, 0xFE0C, 0xFE0C, 0xFE0C, 0xFE0C, 0xFE0C, 0xFDC9, 0xFDC9, 0xFDC9, 0xFDC9, 0xFDA9, 0xFDA9, 0xFDA9, 0xFDA9, 0xFDA9, 0xFDA8,
    0xFDA8, 0xFD88, 0xFD88, 0xFD88, 0xFD88, 0xFD88, 0xFD88, 0xFD68, 0xFD68, 0xFD68, 0xFD67, 0xFD67, 0xFD47, 0xFD47, 0xFD47, 0xFD47,
    0xFD47, 0xFD47, 0xFD8A, 0xFD8A, 0xFD8A, 0xFD8A, 0xFD89, 0xFD69, 0xFD69, 0xFD69, 0xFD69, 0xFD69, 0xFD69, 0xFD69, 0xFD49, 0xFD49,
    0xFD48, 0xFD48, 0xFD28, 0xFD28, 0xFD28, 0xFD28, 0xFD28, 0xFD28, 0xFD08, 0xFD08, 0xFD08, 0xFCE8, 0xFCE8, 0xFCE8, 0xFC85, 0xF465,
    0xF465, 0xF465, 0xF445, 0xF444, 0xF444, 0xF424, 0xF424, 0xF424, 0xF424, 0xF404, 0xF404, 0xF404, 0xF404, 0xEBE4, 0xEBE4, 0xEBE4,
    0xEBC4, 0xEBC4, 0xEBC4, 0xEBC4, 0xEBC4, 0xEBA4, 0xEBA4, 0xEBA4, 0xEB84, 0xEB84, 0xEB84, 0xE364, 0xE364, 0xE364, 0xE385, 0xE3E8,
    0xE3E7, 0xE3C7, 0xE3C7, 0xE3C7, 0xE3C7, 0xE3A7, 0xE3A7, 0xDBA7, 0xDBA7, 0xDB87, 0xDB87, 0xDB87, 0xDB67, 0xDB67, 0xDB67, 0xDB67,
    0xDB47, 0xDB47, 0xD347, 0xD327, 0xD326, 0xD326, 0xD326, 0xD306, 0xE528, 0xE528, 0xE528, 0xE528, 0xE548, 0xE548, 0xE549, 0xED49,
    0xED69, 0xED69, 0xED69, 0xED69, 0xED89, 0xED89, 0xED89, 0xED89, 0xED89, 0xEDAA, 0xEDAA, 0xF5AA, 0xF5AA, 0xF5AA, 0xF5CA, 0xF5CA,
    0xF5CA, 0xF5CA, 0xF60D, 0xF60D, 0xF60D, 0xF60D, 0xF62D, 0xF62D, 0xF62D, 0xF62D, 0xF62D, 0xF62D, 0xF62D, 0xFE2D, 0xFE2D, 0xFE2D,
    0xFE2D, 0xFE2D, 0xFE2D, 0xFE2D, 0xFE2D, 0xFE2D, 0xFE2D, 0xFE2D, 0xFE2D, 0xFE2D, 0xFE2D, 0xFE2D, 0xFE2D, 0xFE2D, 0xFE2D, 0xFE2C,
    0xFE2C, 0xFE2C, 0xFDCA, 0xFDC9, 0xFDC9, 0xFDC9, 0xFDC9, 0xFDC9, 0xFDA9, 0xFDA9, 0xFDA9, 0xFDA9, 0xFDA9, 0xFDA8, 0xFD88, 0xFD88,
    0xFD88, 0xFD88, 0xFD88, 0xFD88, 0xFD68, 0xFD68, 0xFD68, 0xFD67, 0xFD67, 0xFD67, 0xFD47, 0xFD47, 0xFD47, 0xFD47, 0xFD8A, 0xFD8A,
    0xFD8A, 0xFD8A, 0xFD8A, 0xFD89, 0xFD69, 0xFD69, 0xFD69, 0xFD69, 0xFD69, 0xFD69, 0xFD49, 0xFD49, 0xFD49, 0xFD48, 0xFD48, 0xFD28,
    0xFD28, 0xFD28, 0xFD28, 0xFD28, 0xFD08, 0xFD08, 0xFD08, 0xFD08, 0xFD08, 0xFCC7, 0xFC64, 0xF465, 0xF465, 0xF465, 0xF445, 0xF445,
    0xF444, 0xF444, 0xF424, 0xF424, 0xF424, 0xF404, 0xF404, 0xF404, 0xF404, 0xF404, 0xF3E4, 0xF3E4, 0xEBE4, 0xEBE4, 0xEBC4, 0xEBC4,
    0xEBC4, 0xEBA4, 0xEBA4, 0xEBA4, 0xEBA4, 0xEB84, 0xEB84, 0xEB84, 0xEB64, 0xE364, 0xE3E7, 0xE3E7, 0xE3E7, 0xE3E7, 0xE3C7, 0xE3C7,
    0xE3C7, 0xE3C7, 0xE3A7, 0xE3A7, 0xE3A7, 0xDB87, 0xDB87, 0xDB87, 0xDB87, 0xDB87, 0xDB67, 0xDB67, 0xDB47, 0xDB47, 0xDB47, 0xD347,
    0xD327, 0xD327, 0xD326, 0xD326, 0xE528, 0xE528, 0xE548, 0xE548, 0xE548, 0xED49, 0xED69, 0xED69, 0xED69, 0xED69, 0xED89, 0xED89,
    0xED89, 0xED89, 0xED89, 0xEDA9, 0xEDAA, 0xEDAA, 0xEDAA, 0xF5AA, 0xF5AA, 0xF5CA, 0xF5CA, 0xF5CA, 0xF5CA, 0xF5CA, 0xF5EC, 0xF62D,
    0xF62D, 0xF62D, 0xF62D, 0xF62D, 0xF62D, 0xF62D, 0xF62D, 0xF62D, 0xFE2D, 0xFE2D, 0xFE2D, 0xFE2D, 0xFE2D, 0xFE2D, 0xFE4D, 0xFE2D,
    0xFE2D, 0xFE2D, 0xFE2D, 0xFE2D, 0xFE2D, 0xFE2D, 0xFE2D, 0xFE2D, 0xFE2D, 0xFE2D, 0xFE2D, 0xFE2D, 0xFE2C, 0xFE2D, 0xFDEA, 0xFDC9,
    0xFDC9, 0xFDC9, 0xFDC9, 0xFDC9, 0xFDC9, 0xFDA9, 0xFDA9, 0xFDA9, 0xFDA9, 0xFDA9, 0xFD88, 0xFD88, 0xFD88, 0xFD88, 0xFD88, 0xFD88,
    0xFD88, 0xFD68, 0xFD68, 0xFD68, 0xFD67, 0xFD67, 0xFD67, 0xFD67, 0xFD47, 0xFD47, 0xFD8A, 0xFDAA, 0xFD8A, 0xFD8A, 0xFD8A, 0xFD8A,
    0xFD89, 0xFD89, 0xFD69, 0xFD69, 0xFD69, 0xFD69, 0xFD49, 0xFD49, 0xFD49, 0xFD49, 0xFD48, 0xFD28, 0xFD28, 0xFD28, 0xFD28, 0xFD28,
    0xFD28, 0xFD08, 0xFD08, 0xFD08, 0xFD08, 0xFCC6, 0xFC84, 0xFC85, 0xFC65, 0xF465, 0xF445, 0xF445, 0xF445, 0xF445, 0xF445, 0xF424,
    0xF424, 0xF424, 0xF404, 0xF404, 0xF404, 0xF404, 0xF3E4, 0xF3E4, 0xEBE4, 0xEBE4, 0xEBC4, 0xEBC4, 0xEBC4, 0xEBA4, 0xEBA4, 0xEBA4,
    0xEBA4, 0xEBA4, 0xEB84, 0xEB84, 0xEB64, 0xEBC6, 0xEC08, 0xEBE7, 0xEBE7, 0xE3E7, 0xE3C7, 0xE3C7, 0xE3C7, 0xE3C7, 0xE3C7, 0xE3A7,
    0xE3A7, 0xE3A7, 0xDB87, 0xDB87, 0xDB87, 0xDB87, 0xDB67, 0xDB67, 0xDB67, 0xDB47, 0xDB47, 0xDB47, 0xD347, 0xD347, 0xD327, 0xD326,
    0xE528, 0xE528, 0xE548, 0xE548, 0xED49, 0xED69, 0xED69, 0xED69, 0xED69, 0xED89, 0xED89, 0xED89, 0xED89, 0xED89, 0xEDAA, 0xEDAA,
    0xEDAA, 0xF5AA, 0xF5CA, 0xF5CA, 0xF5CA, 0xF5CA, 0xF5CA, 0xF5EA, 0xF5EA, 0xF5EA, 0xF5EA, 0xF62D, 0xF62D, 0xF62D, 0xF62D, 0xF62D,
    0xF62D, 0xF62D, 0xFE2D, 0xFE4D, 0xFE4D, 0xFE4D, 0xFE4D, 0xFE4D, 0xFE4D, 0xFE4D, 0xFE4D, 0xFE4D, 0xFE4D, 0xFE4D, 0xFE4D, 0xFE4D,
    0xFE4D, 0xFE4D, 0xFE2D, 0xFE2D, 0xFE2D, 0xFE2D, 0xFE2D, 0xFE2D, 0xFE2D, 0xFE2D, 0xFE0B, 0xFDC9, 0xFDC9, 0xFDC9, 0xFDC9, 0xFDC9,
    0xFDC9, 0xFDC9, 0xFDA9, 0xFDA9, 0xFDA9, 0xFDA9, 0xFDA8, 0xFDA8, 0xFDA8, 0xFD88, 0xFD88, 0xFD88, 0xFD88, 0xFD88, 0xFD68, 0xFD68,
    0xFD67, 0xFD67, 0xFD67, 0xFD67, 0xFD47, 0xFD47, 0xFDAA, 0xFDAA, 0xFDAA, 0xFD8A, 0xFD8A, 0xFD8A, 0xFD89, 0xFD89, 0xFD69, 0xFD69,
    0xFD69, 0xFD69, 0xFD69, 0xFD69, 0xFD49, 0xFD49, 0xFD48, 0xFD48, 0xFD28, 0xFD28, 0xFD28, 0xFD28, 0xFD28, 0xFD08, 0xFD08, 0xFD08,
    0xFD08, 0xFCA6, 0xFC84, 0xFC85, 0xFC65, 0xFC65, 0xFC65, 0xF445, 0xF445, 0xF445, 0xF445, 0xF425, 0xF425, 0xF424, 0xF424, 0xF404,
    0xF404, 0xF404, 0xF3E4, 0xF3E4, 0xF3E4, 0xEBE4, 0xEBE4, 0xEBC4, 0xEBC4, 0xEBC4, 0xEBA4, 0xEBA4, 0xEBA4, 0xEBA4, 0xEB84, 0xEB84,
    0xEB85, 0xEC07, 0xEC07, 0xEBE7, 0xEBE7, 0xEBE7, 0xE3C7, 0xE3C7, 0xE3C7, 0xE3C7, 0xE3C7, 0xE3A7, 0xE3A7, 0xE3A7, 0xE387, 0xDB87,
    0xDB87, 0xDB87, 0xDB67, 0xDB67, 0xDB67, 0xDB47, 0xDB47, 0xDB47, 0xDB47, 0xD347, 0xD327, 0xD327, 0xE528, 0xE548, 0xE548, 0xED49,
    0xED69, 0xED69, 0xED69, 0xED69, 0xED89, 0xED89, 0xED89, 0xED89, 0xEDA9, 0xEDAA, 0xEDAA, 0xF5AA, 0xF5CA, 0xF5CA, 0xF5CA, 0xF5CA,
    0xF5CA, 0xF5EA, 0xF5EA, 0xF5EA, 0xF5EA, 0xF5EA, 0xF5EA, 0xF60C, 0xF64D, 0xF64D, 0xF64D, 0xF64D, 0xFE4D, 0xFE4D, 0xFE4D, 0xFE4D,
    0xFE4D, 0xFE4D, 0xFE4D, 0xFE4D, 0xFE4D, 0xFE4D, 0xFE4D, 0xFE4D, 0xFE4D, 0xFE4D, 0xFE4D, 0xFE4D, 0xFE4D, 0xFE4D, 0xFE4D, 0xFE4D,
    0xFE2D, 0xFE2D, 0xFE2D, 0xFE2D, 0xFE2D, 0xFE2D, 0xFE2C, 0xFDEA, 0xFDCA, 0xFDCA, 0xFDC9, 0xFDC9, 0xFDC9, 0xFDC9, 0xFDC9, 0xFDC9,
    0xFDC9, 0xFDA9, 0xFDA9, 0xFDA9, 0xFDA8, 0xFDA8, 0xFD88, 0xFD88, 0xFD88, 0xFD88, 0xFD88, 0xFD68, 0xFD68, 0xFD67, 0xFD67, 0xFD67,
    0xFD67, 0xFD67, 0xFDAA, 0xFDAA, 0xFDAA, 0xFDAA, 0xFD8A, 0xFD8A, 0xFD8A, 0xFD89, 0xFD89, 0xFD69, 0xFD69, 0xFD69, 0xFD69, 0xFD69,
    0xFD69, 0xFD49, 0xFD48, 0xFD48, 0xFD48, 0xFD28, 0xFD28, 0xFD28, 0xFD28, 0xFD28, 0xFD08, 0xFD08, 0xFD08, 0xFC85, 0xFC85, 0xFC85,
    0xFC65, 0xFC65, 0xFC65, 0xFC65, 0xF445, 0xF445, 0xF445, 0xF425, 0xF425, 0xF425, 0xF425, 0xF424, 0xF404, 0xF404, 0xF404, 0xF3E4,
    0xF3E4, 0xF3E4, 0xF3E4, 0xEBC4, 0xEBC4, 0xEBC4, 0xEBC4, 0xEBA4, 0xEBA4, 0xEBA4, 0xEB84, 0xEB84, 0xEBE7, 0xEC08, 0xEC07, 0xEC07,
    0xEBE7, 0xEBE7, 0xE3E7, 0xE3C7, 0xE3C7, 0xE3C7, 0xE3C7, 0xE3A7, 0xE3A7, 0xE3A7, 0xE387, 0xE387, 0xDB87, 0xDB87, 0xDB87, 0xDB67,
    0xDB67, 0xDB67, 0xDB47, 0xDB47, 0xDB47, 0xDB47, 0xD327, 0xD327, 0xE548, 0xE548, 0xED49, 0xED69, 0xED69, 0xED69, 0xED69, 0xED89,
    0xED89, 0xED89, 0xED89, 0xEDA9, 0xEDAA, 0xEDAA, 0xF5AA, 0xF5CA, 0xF5CA, 0xF5CA, 0xF5CA, 0xF5CA, 0xF5EA, 0xF5EA, 0xF5EA, 0xF5EA,
    0xF5EA, 0xF5EB, 0xF5EB, 0xF60B, 0xF62D, 0xF64E, 0xFE4D, 0xFE4E, 0xFE4E, 0xFE4E, 0xFE4E, 0xFE4E, 0xFE4E, 0xFE4E, 0xFE4E, 0xFE4E,
    0xFE4E, 0xFE4D, 0xFE4D, 0xFE4D, 0xFE4D, 0xFE4D, 0xFE4D, 0xFE4D, 0xFE4D, 0xFE4D, 0xFE4D, 0xFE4D, 0xFE4D, 0xFE4D, 0xFE4D, 0xFE2D,
    0xFE2D, 0xFE2D, 0xFE2D, 0xFDEA, 0xFDEA, 0xFDEA, 0xFDC9, 0xFDC9, 0xFDC9, 0xFDC9, 0xFDC9, 0xFDC9, 0xFDA9, 0xFDA9, 0xFDA9, 0xFDA9,
    0xFDA8, 0xFDA8, 0xFD88, 0xFD88, 0xFD88, 0xFD88, 0xFD88, 0xFD88, 0xFD68, 0xFD67, 0xFD67, 0xFD67, 0xFD47, 0xFD67, 0xFDAA, 0xFDAA,
    0xFDAA, 0xFDAA, 0xFD8A, 0xFD8A, 0xFD8A, 0xFD89, 0xFD89, 0xFD69, 0xFD69, 0xFD69, 0xFD69, 0xFD69, 0xFD69, 0xFD49, 0xFD48, 0xFD48,
    0xFD48, 0xFD28, 0xFD28, 0xFD28, 0xFD28, 0xFD28, 0xFD08, 0xFD09, 0xFCE7, 0xFC85, 0xFC85, 0xFC85, 0xFC65, 0xFC65, 0xFC65, 0xFC65,
    0xF445, 0xF445, 0xF445, 0xF445, 0xF425, 0xF425, 0xF425, 0xF424, 0xF404, 0xF404, 0xF404, 0xF404, 0xF3E4, 0xF3E4, 0xF3E4, 0xF3E4,
    0xEBC4, 0xEBC4, 0xEBC4, 0xEBA4, 0xEBA4, 0xEBA4, 0xEB84, 0xEBC5, 0xEC28, 0xEC07, 0xEC07, 0xEC07, 0xEBE7, 0xEBE7, 0xEBE7, 0xE3E7,
    0xE3C7, 0xE3C7, 0xE3C7, 0xE3A7, 0xE3A7, 0xE3A7, 0xE3A7, 0xE387, 0xDB87, 0xDB87, 0xDB87, 0xDB67, 0xDB67, 0xDB67, 0xDB47, 0xDB47,
    0xDB47, 0xDB47, 0xD327, 0xD327, 0xE548, 0xED49, 0xED69, 0xED69, 0xED69, 0xED69, 0xED89, 0xED89, 0xED89, 0xED89, 0xEDAA, 0xEDAA,
    0xEDAA, 0xF5CA, 0xF5CA, 0xF5CA, 0xF5CA, 0xF5CA, 0xF5EA, 0xF5EA, 0xF5EA, 0xF5EB, 0xF5EB, 0xF5EB, 0xF60B, 0xF60B, 0xF60B, 0xF60B,
    0xFE2C, 0xFE4E, 0xFE4E, 0xFE4E, 0xFE4E, 0xFE4E, 0xFE4E, 0xFE4E, 0xFE4E, 0xFE4E, 0xFE6E, 0xFE4E, 0xFE4E, 0xFE6E, 0xFE6E, 0xFE6E,
    0xFE6E, 0xFE6E, 0xFE4E, 0xFE4D, 0xFE4D, 0xFE4D, 0xFE4D, 0xFE4D, 0xFE4D, 0xFE4D, 0xFE4D, 0xFE4D, 0xFE2D, 0xFE2D, 0xFE4D, 0xFE0B,
    0xFDEA, 0xFDEA, 0xFDEA, 0xFDE9, 0xFDC9, 0xFDC9, 0xFDC9, 0xFDC9, 0xFDC9, 0xFDC9, 0xFDA9, 0xFDA9, 0xFDA9, 0xFDA8, 0xFDA8, 0xFD88,
    0xFD88, 0xFD88, 0xFD88, 0xFD88, 0xFD68, 0xFD68, 0xFD67, 0xFD67, 0xFD67, 0xFD67, 0xFDAA, 0xFDAA, 0xFDAA, 0xFDAA, 0xFD8A, 0xFD8A,
    0xFD8A, 0xFD8A, 0xFD89, 0xFD69, 0xFD69, 0xFD69, 0xFD69, 0xFD69, 0xFD69, 0xFD69, 0xFD49, 0xFD48, 0xFD48, 0xFD48, 0xFD28, 0xFD28,
    0xFD28, 0xFD28, 0xFD28, 0xFD29, 0xFCC6, 0xFC84, 0xFC85, 0xFC85, 0xFC85, 0xFC65, 0xFC65, 0xFC65, 0xFC65, 0xFC45, 0xF445, 0xF445,
    0xF445, 0xF425, 0xF425, 0xF424, 0xF404, 0xF404, 0xF404, 0xF404, 0xF3E4, 0xF3E4, 0xF3E4, 0xF3E4, 0xF3E4, 0xEBC4, 0xEBC4, 0xEBC4,
    0xEBA4, 0xEBA4, 0xEBA4, 0xEC07, 0xEC28, 0xEC07, 0xEC07, 0xEC07, 0xEC07, 0xEBE7, 0xEBE7, 0xEBE7, 0xE3C7, 0xE3C7, 0xE3C7, 0xE3C7,
    0xE3A7, 0xE3A7, 0xE3A7, 0xE3A7, 0xE387, 0xDB87, 0xDB87, 0xDB87, 0xDB67, 0xDB67, 0xDB67, 0xDB47, 0xDB47, 0xDB47, 0xDB47, 0xDB27,
    0xED49, 0xED69, 0xED69, 0xED69, 0xED69, 0xED89, 0xED89, 0xED89, 0xED89, 0xEDA9, 0xEDAA, 0xEDAA, 0xF5CA, 0xF5CA, 0xF5CA, 0xF5CA,
    0xF5EA, 0xF5EA, 0xF5EA, 0xF5EB, 0xF5EB, 0xF5EB, 0xF60B, 0xF60B, 0xF60B, 0xF60B, 0xF60B, 0xF60B, 0xFE0B, 0xFE4D, 0xFE4E, 0xFE4E,
    0xFE6E, 0xFE6E, 0xFE6E, 0xFE6E, 0xFE6E, 0xFE6E, 0xFE6E, 0xFE6E, 0xFE6E, 0xFE6E, 0xFE6E, 0xFE6E, 0xFE6E, 0xFE6E, 0xFE6E, 0xFE6E,
    0xFE6E, 0xFE4E, 0xFE4D, 0xFE4D, 0xFE4D, 0xFE4D, 0xFE4D, 0xFE4D, 0xFE4D, 0xFE4D, 0xFE4D, 0xFE2C, 0xFDEA, 0xFDEA, 0xFDEA, 0xFDE9,
    0xFDE9, 0xFDC9, 0xFDC9, 0xFDC9, 0xFDC9, 0xFDC9, 0xFDA9, 0xFDA9, 0xFDA9, 0xFDA9, 0xFDA8, 0xFDA8, 0xFD88, 0xFD88, 0xFD88, 0xFD88,
    0xFD88, 0xFD68, 0xFD67, 0xFD67, 0xFD67, 0xFD67, 0xFDAA, 0xFDAA, 0xFDAA, 0xFDAA, 0xFDAA, 0xFD8A, 0xFD8A, 0xFD8A, 0xFD89, 0xFD89,
    0xFD69, 0xFD69, 0xFD69, 0xFD69, 0xFD69, 0xFD69, 0xFD49, 0xFD48, 0xFD48, 0xFD48, 0xFD48, 0xFD28, 0xFD28, 0xFD28, 0xFD28, 0xFD28,
    0xFCA5, 0xFCA5, 0xFC85, 0xFC85, 0xFC85, 0xFC65, 0xFC65, 0xFC65, 0xFC65, 0xFC45, 0xFC45, 0xF445, 0xF445, 0xF425, 0xF425, 0xF424,
    0xF424, 0xF404, 0xF404, 0xF404, 0xF404, 0xF3E4, 0xF3E4, 0xF3E4, 0xF3E4, 0xEBC4, 0xEBC4, 0xEBC4, 0xEBC4, 0xEBA4, 0xEBE6, 0xEC28,
    0xEC08, 0xEC07, 0xEC07, 0xEC07, 0xEC07, 0xEBE7, 0xEBE7, 0xEBE7, 0xEBC7, 0xEBC7, 0xE3C7, 0xE3C7, 0xE3C7, 0xE3A7, 0xE3A7, 0xE3A7,
    0xE387, 0xE387, 0xE387, 0xDB87, 0xDB67, 0xDB67, 0xDB67, 0xDB47, 0xDB47, 0xDB47, 0xDB47, 0xDB47, 0xED49, 0xED69, 0xED69, 0xED69,
    0xED89, 0xED89, 0xED89, 0xEDA9, 0xEDA9, 0xEDAA, 0xF5AA, 0xF5CA, 0xF5CA, 0xF5CA, 0xF5CA, 0xF5EA, 0xF5EA, 0xF5EA, 0xF5EB, 0xF5EB,
    0xF60B, 0xF60B, 0xF60B, 0xF60B, 0xF60B, 0xF60B, 0xFE0B, 0xFE2B, 0xFE2B, 0xFE2C, 0xFE6E, 0xFE6E, 0xFE6E, 0xFE6E, 0xFE6E, 0xFE6E,
    0xFE6E, 0xFE6E, 0xFE6E, 0xFE6E, 0xFE6E, 0xFE6E, 0xFE6E, 0xFE6E, 0xFE6E, 0xFE6E, 0xFE6E, 0xFE6E, 0xFE6E, 0xFE6E, 0xFE6E, 0xFE4D,
    0xFE4D, 0xFE4D, 0xFE4D, 0xFE4D, 0xFE4D, 0xFE4D, 0xFE4D, 0xFE2D, 0xFDEA, 0xFDEA, 0xFDEA, 0xFDEA, 0xFDEA, 0xFDC9, 0xFDC9, 0xFDC9,
    0xFDC9, 0xFDC9, 0xFDC9, 0xFDA9, 0xFDA9, 0xFDA9, 0xFDA8, 0xFDA8, 0xFD88, 0xFD88, 0xFD88, 0xFD88, 0xFD88, 0xFD88, 0xFD68, 0xFD67,
    0xFD67, 0xFD67, 0xFDAA, 0xFDAA, 0xFDAA, 0xFDAA, 0xFDAA, 0xFDAA, 0xFD8A, 0xFD8A, 0xFD89, 0xFD89, 0xFD89, 0xFD69, 0xFD69, 0xFD69,
    0xFD69, 0xFD69, 0xFD49, 0xFD48, 0xFD48, 0xFD48, 0xFD48, 0xFD28, 0xFD28, 0xFD28, 0xFD28, 0xFD08, 0xFCA5, 0xFCA5, 0xFC85, 0xFC85,
    0xFC85, 0xFC85, 0xFC65, 0xFC65, 0xFC65, 0xFC65, 0xFC45, 0xFC45, 0xF445, 0xF425, 0xF425, 0xF425, 0xF424, 0xF424, 0xF404, 0xF404,
    0xF404, 0xF3E4, 0xF3E4, 0xF3E4, 0xF3E4, 0xF3C4, 0xEBC4, 0xEBC4, 0xEBA4, 0xEBC4, 0xEC27, 0xEC28, 0xEC28, 0xEC07, 0xEC07, 0xEC07,
    0xEC07, 0xEBE7, 0xEBE7, 0xEBE7, 0xEBE7, 0xEBC7, 0xE3C7, 0xE3C7, 0xE3C7, 0xE3A7, 0xE3A7, 0xE3A7, 0xE387, 0xE387, 0xE387, 0xE387,
    0xDB87, 0xDB67, 0xDB67, 0xDB47, 0xDB47, 0xDB47, 0xDB47, 0xDB47, 0xED69, 0xED69, 0xED69, 0xED89, 0xED89, 0xED89, 0xED89, 0xEDAA,
    0xEDAA, 0xF5AA, 0xF5CA, 0xF5CA, 0xF5CA, 0xF5CA, 0xF5EA, 0xF5EA, 0xF5EB, 0xF5EB, 0xF5EB, 0xF60B, 0xF60B, 0xF60B, 0xF60B, 0xF60B,
    0xFE2B, 0xFE2B, 0xFE2B, 0xFE2B, 0xFE2B, 0xFE2B, 0xFE4D, 0xFE6E, 0xFE6E, 0xFE6E, 0xFE6E, 0xFE6E, 0xFE6E, 0xFE8E, 0xFE6E, 0xFE6E,
    0xFE6E, 0xFE6E, 0xFE6E, 0xFE6E, 0xFE6E, 0xFE6E, 0xFE6E, 0xFE6E, 0xFE6E, 0xFE6E, 0xFE6E, 0xFE6E, 0xFE6E, 0xFE6D, 0xFE4D, 0xFE4D,
    0xFE4D, 0xFE4D, 0xFE4D, 0xFE4D, 0xFE0B, 0xFDEA, 0xFDEA, 0xFDEA, 0xFDEA, 0xFDEA, 0xFDE9, 0xFDC9, 0xFDC9, 0xFDC9, 0xFDC9, 0xFDC9,
    0xFDA9, 0xFDA9, 0xFDA9, 0xFDA8, 0xFDA8, 0xFD88, 0xFD88, 0xFD88, 0xFD88, 0xFD88, 0xFD68, 0xFD68, 0xFD67, 0xFD67, 0xFDAA, 0xFDAA,
    0xFDAA, 0xFDAA, 0xFDAA, 0xFDAA, 0xFD8A, 0xFD8A, 0xFD8A, 0xFD89, 0xFD89, 0xFD69, 0xFD69, 0xFD69, 0xFD69, 0xFD69, 0xFD69, 0xFD49,
    0xFD48, 0xFD48, 0xFD48, 0xFD28, 0xFD28, 0xFD28, 0xFD29, 0xFCE7, 0xFCA5, 0xFCA5, 0xFCA5, 0xFC85, 0xFC85, 0xFC85, 0xFC85, 0xFC65,
    0xFC65, 0xFC65, 0xFC45, 0xFC45, 0xF445, 0xF445, 0xF425, 0xF425, 0xF424, 0xF424, 0xF404, 0xF404, 0xF404, 0xF3E4, 0xF3E4, 0xF3E4,
    0xF3E4, 0xF3C4, 0xF3C4, 0xF3C4, 0xEBA4, 0xF406, 0xF448, 0xEC28, 0xEC28, 0xEC28, 0xEC07, 0xEC07, 0xEC07, 0xEC07, 0xEBE7, 0xEBE7,
    0xEBE7, 0xEBE7, 0xEBC7, 0xE3C7, 0xE3C7, 0xE3C7, 0xE3A7, 0xE3A7, 0xE387, 0xE387, 0xE387, 0xE387, 0xE387, 0xDB67, 0xDB67, 0xDB67,
    0xDB47, 0xDB47, 0xDB47, 0xDB47, 0xED69, 0xED69, 0xED89, 0xED89, 0xED89, 0xED89, 0xEDAA, 0xEDAA, 0xEDAA, 0xF5CA, 0xF5CA, 0xF5CA,
    0xF5CA, 0xF5EA, 0xF5EA, 0xF5EB, 0xF5EB, 0xF5EB, 0xF60B, 0xF60B, 0xF60B, 0xF60B, 0xF62B, 0xFE2B, 0xFE2B, 0xFE2B, 0xFE2B, 0xFE2B,
    0xFE2C, 0xFE2B, 0xFE4C, 0xFE6E, 0xFE8E, 0xFE6E, 0xFE8E, 0xFE8E, 0xFE8E, 0xFE8E, 0xFE8E, 0xFE8E, 0xFE6E, 0xFE6E, 0xFE8E, 0xFE8E,
    0xFE6E, 0xFE6E, 0xFE6E, 0xFE6E, 0xFE6E, 0xFE6E, 0xFE6E, 0xFE6E, 0xFE6E, 0xFE6D, 0xFE6D, 0xFE4D, 0xFE4D, 0xFE4D, 0xFE4D, 0xFE4D,
    0xFE2C, 0xFDEA, 0xFDEA, 0xFDEA, 0xFDEA, 0xFDEA, 0xFDE9, 0xFDC9, 0xFDC9, 0xFDC9, 0xFDC9, 0xFDC9, 0xFDA9, 0xFDA9, 0xFDA9, 0xFDA8,
    0xFDA8, 0xFD88, 0xFD88, 0xFD88, 0xFD88, 0xFD88, 0xFD68, 0xFD68, 0xFD67, 0xFD67, 0xFDAA, 0xFDAA, 0xFDAA, 0xFDAA, 0xFDAA, 0xFDAA,
    0xFD8A, 0xFD8A, 0xFD8A, 0xFD89, 0xFD89, 0xFD69, 0xFD69, 0xFD69, 0xFD69, 0xFD69, 0xFD69, 0xFD49, 0xFD48, 0xFD48, 0xFD48, 0xFD28,
    0xFD28, 0xFD28, 0xFD29, 0xFCC6, 0xFCA5, 0xFCA5, 0xFCA5, 0xFC85, 0xFC85, 0xFC85, 0xFC85, 0xFC65, 0xFC65, 0xFC65, 0xFC65, 0xFC45,
    0xFC45, 0xF445, 0xF425, 0xF425, 0xF424, 0xF424, 0xF404, 0xF404, 0xF404, 0xF404, 0xF3E4, 0xF3E4, 0xF3E4, 0xF3E4, 0xF3C4, 0xF3C4,
    0xF3E5, 0xF448, 0xF428, 0xF428, 0xEC28, 0xEC28, 0xEC27, 0xEC07, 0xEC07, 0xEC07, 0xEBE7, 0xEBE7, 0xEBE7, 0xEBC7, 0xEBC7, 0xE3C7,
    0xE3C7, 0xE3C7, 0xE3A7, 0xE3A7, 0xE3A7, 0xE387, 0xE387, 0xE387, 0xE387, 0xDB67, 0xDB67, 0xDB67, 0xDB47, 0xDB47, 0xDB47, 0xDB47,
    0xED69, 0xED89, 0xED89, 0xED89, 0xED89, 0xEDAA, 0xEDAA, 0xF5AA, 0xF5CA, 0xF5CA, 0xF5CA, 0xF5CA, 0xF5EA, 0xF5EA, 0xF5EB, 0xF5EB,
    0xF60B, 0xF60B, 0xF60B, 0xF60B, 0xF62B, 0xF62B, 0xFE2B, 0xFE2B, 0xFE2C, 0xFE2C, 0xFE2C, 0xFE4C, 0xFE4C, 0xFE4C, 0xFE4C, 0xFE6D,
    0xFE8F, 0xFE8E, 0xFE8E, 0xFE8E, 0xFE8E, 0xFE8E, 0xFE8E, 0xFE8E, 0xFE8E, 0xFE8E, 0xFE8E, 0xFE8E, 0xFE8E, 0xFE8E, 0xFE8E, 0xFE8E,
    0xFE6E, 0xFE6E, 0xFE6E, 0xFE6E, 0xFE6E, 0xFE6E, 0xFE6E, 0xFE6D, 0xFE4D, 0xFE4D, 0xFE4D, 0xFE4D, 0xFE2C, 0xFDEA, 0xFDEA, 0xFDEA,
    0xFDEA, 0xFDEA, 0xFDEA, 0xFDE9, 0xFDC9, 0xFDC9, 0xFDC9, 0xFDC9, 0xFDC9, 0xFDA9, 0xFDA9, 0xFDA9, 0xFDA8, 0xFDA8, 0xFD88, 0xFD88,
    0xFD88, 0xFD88, 0xFD88, 0xFD68, 0xFD67, 0xFD68, 0xFDAA, 0xFDAA, 0xFDAA, 0xFDAA, 0xFDAA, 0xFDAA, 0xFDAA, 0xFD8A, 0xFD8A, 0xFD89,
    0xFD89, 0xFD69, 0xFD69, 0xFD69, 0xFD69, 0xFD69, 0xFD69, 0xFD49, 0xFD49, 0xFD48, 0xFD48, 0xFD48, 0xFD28, 0xFD29, 0xFD28, 0xFCC5,
    0xFCA5, 0xFCA5, 0xFCA5, 0xFC85, 0xFC85, 0xFC85, 0xFC85, 0xFC65, 0xFC65, 0xFC65, 0xFC65, 0xFC45, 0xFC45, 0xFC45, 0xFC45, 0xF425,
    0xF424, 0xF424, 0xF404, 0xF404, 0xF404, 0xF404, 0xF404, 0xF3E4, 0xF3E4, 0xF3E4, 0xF3E4, 0xF3C4, 0xF427, 0xF448, 0xF448, 0xF428,
    0xF428, 0xEC28, 0xEC27, 0xEC27, 0xEC07, 0xEC07, 0xEC07, 0xEBE7, 0xEBE7, 0xEBE7, 0xEBC7, 0xEBC7, 0xEBC7, 0xE3C7, 0xE3C7, 0xE3A7,
    0xE3A7, 0xE3A7, 0xE387, 0xE387, 0xE387, 0xE387, 0xE367, 0xDB67, 0xDB67, 0xDB47, 0xDB47, 0xDB47, 0xED89, 0xED89, 0xED89, 0xED89,
    0xEDAA, 0xF5AA, 0xF5CA, 0xF5CA, 0xF5CA, 0xF5CA, 0xF5EA, 0xF5EA, 0xF5EA, 0xF5EB, 0xF5EB, 0xF60B, 0xF60B, 0xF60B, 0xF60B, 0xF62B,
    0xF62B, 0xFE2B, 0xFE2B, 0xFE2C, 0xFE2C, 0xFE4C, 0xFE4C, 0xFE4C, 0xFE4C, 0xFE4C, 0xFE4C, 0xFE4C, 0xFE8E, 0xFE8F, 0xFE8F, 0xFE8F,
    0xFE8F, 0xFE8E, 0xFE8F, 0xFE8F, 0xFE8F, 0xFE8E, 0xFE8E, 0xFE8E, 0xFE8E, 0xFE8E, 0xFE8E, 0xFE8E, 0xFE8E, 0xFE6E, 0xFE6E, 0xFE6E,
    0xFE6E, 0xFE6E, 0xFE6E, 0xFE6D, 0xFE6D, 0xFE4D, 0xFE4D, 0xFE4D, 0xFE4D, 0xFE0A, 0xFE0A, 0xFDEA, 0xFDEA, 0xFDEA, 0xFDEA, 0xFDEA,
    0xFDC9, 0xFDC9, 0xFDC9, 0xFDC9, 0xFDC9, 0xFDA9, 0xFDA9, 0xFDA9, 0xFDA8, 0xFDA8, 0xFD88, 0xFD88, 0xFD88, 0xFD88, 0xFD88, 0xFD88,
    0xFD67, 0xFD68, 0xFDAA, 0xFDCB, 0xFDAA, 0xFDAA, 0xFDAA, 0xFDAA, 0xFDAA, 0xFD8A, 0xFD8A, 0xFD8A, 0xFD89, 0xFD89, 0xFD69, 0xFD69,
    0xFD69, 0xFD69, 0xFD69, 0xFD69, 0xFD49, 0xFD48, 0xFD48, 0xFD48, 0xFD28, 0xFD29, 0xFD28, 0xFCA5, 0xFCA5, 0xFCA5, 0xFCA5, 0xFC85,
    0xFC85, 0xFC85, 0xFC85, 0xFC85, 0xFC65, 0xFC65, 0xFC65, 0xFC45, 0xFC45, 0xFC45, 0xFC45, 0xFC45, 0xF424, 0xF424, 0xF404, 0xF404,
    0xF404, 0xF404, 0xF404, 0xF3E4, 0xF3E4, 0xF3E4, 0xF3C4, 0xF406, 0xF468, 0xF448, 0xF448, 0xF448, 0xF428, 0xEC28, 0xEC28, 0xEC27,
    0xEC07, 0xEC07, 0xEC07, 0xEBE7, 0xEBE7, 0xEBE7, 0xEBC7, 0xEBC7, 0xEBC7, 0xE3C7, 0xE3C7, 0xE3A7, 0xE3A7, 0xE3A7, 0xE3A7, 0xE387,
    0xE387, 0xE387, 0xE367, 0xDB67, 0xDB67, 0xDB47, 0xDB47, 0xDB47, 0xED89, 0xED89, 0xED89, 0xEDA9, 0xEDAA, 0xF5AA, 0xF5CA, 0xF5CA,
    0xF5CA, 0xF5CA, 0xF5EA, 0xF5EA, 0xF5EB, 0xF5EB, 0xF60B, 0xF60B, 0xF60B, 0xF60B, 0xF62B, 0xFE2B, 0xFE2B, 0xFE2B, 0xFE2C, 0xFE2C,
    0xFE4C, 0xFE4C, 0xFE4C, 0xFE4C, 0xFE4C, 0xFE4C, 0xFE6C, 0xFE6C, 0xFE6D, 0xFE8F, 0xFE8F, 0xFE8F, 0xFE8F, 0xFEAF, 0xFE8F, 0xFE8F,
    0xFE8F, 0xFE8F, 0xFE8F, 0xFE8E, 0xFE8E, 0xFE8E, 0xFE8E, 0xFE8E, 0xFE8E, 0xFE8E, 0xFE6E, 0xFE6E, 0xFE6E, 0xFE6E, 0xFE6E, 0xFE6E,
    0xFE6E, 0xFE6D, 0xFE4D, 0xFE4D, 0xFE4D, 0xFE0B, 0xFE0A, 0xFE0A, 0xFDEA, 0xFDEA, 0xFDEA, 0xFDEA, 0xFDC9, 0xFDC9, 0xFDC9, 0xFDC9,
    0xFDC9, 0xFDA9, 0xFDA9, 0xFDA9, 0xFDA9, 0xFDA8, 0xFD88, 0xFD88, 0xFD88, 0xFD88, 0xFD88, 0xFD88, 0xFD68, 0xFD68, 0xFDCA, 0xFDAA,
    0xFDAA, 0xFDAA, 0xFDAA, 0xFDAA, 0xFDAA, 0xFDAA, 0xFD8A, 0xFD8A, 0xFD89, 0xFD89, 0xFD69, 0xFD69, 0xFD69, 0xFD69, 0xFD69, 0xFD69,
    0xFD49, 0xFD48, 0xFD48, 0xFD48, 0xFD28, 0xFD49, 0xFD07, 0xFCA5, 0xFCA5, 0xFCA5, 0xFCA5, 0xFC85, 0xFC85, 0xFC85, 0xFC85, 0xFC85,
    0xFC65, 0xFC65, 0xFC65, 0xFC65, 0xFC45, 0xFC45, 0xFC45, 0xFC45, 0xF425, 0xF424, 0xF424, 0xF404, 0xF404, 0xF404, 0xF404, 0xF3E4,
    0xF3E4, 0xF3E4, 0xF3E4, 0xF447, 0xF448, 0xF448, 0xF448, 0xF448, 0xF428, 0xF428, 0xEC28, 0xEC28, 0xEC08, 0xEC07, 0xEC07, 0xEBE7,
    0xEBE7, 0xEBE7, 0xEBE7, 0xEBC7, 0xEBC7, 0xEBC7, 0xEBC7, 0xE3A7, 0xE3A7, 0xE3A7, 0xE3A7, 0xE3A7, 0xE387, 0xE387, 0xE387, 0xE367,
    0xDB67, 0xDB47, 0xDB47, 0xDB47, 0xED89, 0xED89, 0xEDA9, 0xF5AA, 0xF5AA, 0xF5CA, 0xF5CA, 0xF5CA, 0xF5EA, 0xF5EA, 0xF5EB, 0xF5EB,
    0xF5EB, 0xF60B, 0xF60B, 0xF60B, 0xF62B, 0xF62B, 0xFE2B, 0xFE2B, 0xFE2C, 0xFE2C, 0xFE4C, 0xFE4C, 0xFE4C, 0xFE4C, 0xFE4C, 0xFE6C,
    0xFE6C, 0xFE6C, 0xFE6C, 0xFE6C, 0xFE6C, 0xFE8E, 0xFEAF, 0xFEAF, 0xFEAF, 0xFEAF, 0xFEAF, 0xFEAF, 0xFEAF, 0xFEAF, 0xFEAF, 0xFEAF,
    0xFE8F, 0xFE8E, 0xFE8E, 0xFE8E, 0xFE8E, 0xFE8E, 0xFE8E, 0xFE8E, 0xFE6E, 0xFE6E, 0xFE6E, 0xFE6E, 0xFE6E, 0xFE6D, 0xFE4D, 0xFE4D,
    0xFE4D, 0xFE2C, 0xFE0A, 0xFE0A, 0xFDEA, 0xFDEA, 0xFDEA, 0xFDEA, 0xFDEA, 0xFDC9, 0xFDC9, 0xFDC9, 0xFDC9, 0xFDC9, 0xFDA9, 0xFDA9,
    0xFDA9, 0xFDA8, 0xFDA8, 0xFD88, 0xFD88, 0xFD88, 0xFD88, 0xFD88, 0xFD67, 0xFD68, 0xFDCA, 0xFDCB, 0xFDAA, 0xFDAA, 0xFDAA, 0xFDAA,
    0xFDAA, 0xFDAA, 0xFD8A, 0xFD8A, 0xFD8A, 0xFD89, 0xFD89, 0xFD69, 0xFD69, 0xFD69, 0xFD69, 0xFD69, 0xFD49, 0xFD48, 0xFD48, 0xFD48,
    0xFD28, 0xFD49, 0xFCE6, 0xFCA5, 0xFCA5, 0xFCA5, 0xFCA5, 0xFCA5, 0xFC85, 0xFC85, 0xFC85, 0xFC85, 0xFC65, 0xFC65, 0xFC65, 0xFC65,
    0xFC45, 0xFC45, 0xFC45, 0xFC45, 0xFC25, 0xF424, 0xF424, 0xF424, 0xF404, 0xF404, 0xF404, 0xF3E4, 0xF3E4, 0xF3E4, 0xF426, 0xF468,
    0xF468, 0xF448, 0xF448, 0xF448, 0xF428, 0xF428, 0xF428, 0xEC28, 0xEC08, 0xEC08, 0xEC07, 0xEC07, 0xEBE7, 0xEBE7, 0xEBE7, 0xEBE7,
    0xEBE7, 0xEBC7, 0xEBC7, 0xE3C7, 0xE3A7, 0xE3A7, 0xE3A7, 0xE387, 0xE387, 0xE387, 0xE387, 0xE367, 0xE367, 0xDB67, 0xDB47, 0xDB47,
    0xED89, 0xED89, 0xEDAA, 0xF5AA, 0xF5AA, 0xF5CA, 0xF5CA, 0xF5CA, 0xF5EA, 0xF5EA, 0xF5EB, 0xF5EB, 0xF60B, 0xF60B, 0xF60B, 0xF62B,
    0xF62B, 0xFE2B, 0xFE2B, 0xFE2C, 0xFE4C, 0xFE4C, 0xFE4C, 0xFE4C, 0xFE4C, 0xFE6C, 0xFE6C, 0xFE6C, 0xFE6C, 0xFE6C, 0xFE6C, 0xFE6C,
    0xFE6C, 0xFE6D, 0xFEAF, 0xFEAF, 0xFEAF, 0xFEAF, 0xFEAF, 0xFEAF, 0xFEAF, 0xFEAF, 0xFEAF, 0xFEAF, 0xFEAF, 0xFE8F, 0xFE8E, 0xFE8E,
    0xFE8E, 0xFE8E, 0xFE8E, 0xFE8E, 0xFE6E, 0xFE6E, 0xFE6E, 0xFE6E, 0xFE6E, 0xFE6E, 0xFE6D, 0xFE4D, 0xFE4D, 0xFE4D, 0xFE0A, 0xFE0A,
    0xFE0A, 0xFDEA, 0xFDEA, 0xFDEA, 0xFDEA, 0xFDE9, 0xFDC9, 0xFDC9, 0xFDC9, 0xFDC9, 0xFDC9, 0xFDA9, 0xFDA9, 0xFDA8, 0xFDA8, 0xFDA8,
    0xFD88, 0xFD88, 0xFD88, 0xFD88, 0xFD68, 0xFD68, 0xFDCA, 0xFDCB, 0xFDAA, 0xFDAA, 0xFDAA, 0xFDAA, 0xFDAA, 0xFDAA, 0xFD8A, 0xFD8A,
    0xFD8A, 0xFD89, 0xFD89, 0xFD69, 0xFD69, 0xFD69, 0xFD69, 0xFD69, 0xFD69, 0xFD48, 0xFD48, 0xFD48, 0xFD48, 0xFD28, 0xFCC5, 0xFCA5,
    0xFCA5, 0xFCA5, 0xFCA5, 0xFCA5, 0xFC85, 0xFC85, 0xFC85, 0xFC85, 0xFC65, 0xFC65, 0xFC65, 0xFC65, 0xFC45, 0xFC45, 0xFC45, 0xFC45,
    0xFC25, 0xF424, 0xF424, 0xF424, 0xF404, 0xF404, 0xF404, 0xF3E4, 0xF3E4, 0xF405, 0xF468, 0xF468, 0xF468, 0xF468, 0xF448, 0xF448,
    0xF428, 0xF428, 0xF428, 0xF428, 0xEC28, 0xEC08, 0xEC08, 0xEC07, 0xEBE7, 0xEBE7, 0xEBE7, 0xEBE7, 0xEBE7, 0xEBC7, 0xEBC7, 0xE3C7,
    0xE3A7, 0xE3A7, 0xE3A7, 0xE3A7, 0xE387, 0xE387, 0xE387, 0xE367, 0xE367, 0xDB67, 0xDB47, 0xDB47, 0xED89, 0xEDAA, 0xF5AA, 0xF5AA,
    0xF5CA, 0xF5CA, 0xF5CA, 0xF5EA, 0xF5EA, 0xF5EB, 0xF5EB, 0xF60B, 0xF60B, 0xF60B, 0xF62B, 0xFE2B, 0xFE2B, 0xFE2B, 0xFE4C, 0xFE4C,
    0xFE4C, 0xFE4C, 0xFE4C, 0xFE6C, 0xFE6C, 0xFE6C, 0xFE6C, 0xFE6C, 0xFE6C, 0xFE6C, 0xFE6C, 0xFE6C, 0xFE8D, 0xFE8C, 0xFE8E, 0xFEAF,
    0xFEAF, 0xFEAF, 0xFEAF, 0xFEAF, 0xFEAF, 0xFEAF, 0xFEAF, 0xFEAF, 0xFEAF, 0xFEAF, 0xFEAF, 0xFE8E, 0xFE8E, 0xFE8E, 0xFE8E, 0xFE8E,
    0xFE8E, 0xFE6E, 0xFE6E, 0xFE6E, 0xFE6E, 0xFE6E, 0xFE6E, 0xFE6D, 0xFE4D, 0xFE4D, 0xFE0B, 0xFE0A, 0xFE0A, 0xFDEA, 0xFDEA, 0xFDEA,
    0xFDEA, 0xFDEA, 0xFDC9, 0xFDC9, 0xFDC9, 0xFDC9, 0xFDC9, 0xFDA9, 0xFDA9, 0xFDA9, 0xFDA8, 0xFDA8, 0xFD88, 0xFD88, 0xFD88, 0xFD88,
    0xFD88, 0xFD88, 0xFDCB, 0xFDCB, 0xFDAA, 0xFDAA, 0xFDAA, 0xFDAA, 0xFDAA, 0xFDAA, 0xFD8A, 0xFD8A, 0xFD8A, 0xFD89, 0xFD89, 0xFD69,
    0xFD69, 0xFD69, 0xFD69, 0xFD69, 0xFD69, 0xFD49, 0xFD48, 0xFD48, 0xFD49, 0xFD07, 0xFCC5, 0xFCC5, 0xFCA5, 0xFCA5, 0xFCA5, 0xFCA5,
    0xFC85, 0xFC85, 0xFC85, 0xFC85, 0xFC65, 0xFC65, 0xFC65, 0xFC65, 0xFC45, 0xFC45, 0xFC45, 0xFC45, 0xFC25, 0xF425, 0xF424, 0xF424,
    0xF404, 0xF404, 0xF404, 0xF404, 0xF3E4, 0xF447, 0xF468, 0xF468, 0xF468, 0xF468, 0xF448, 0xF448, 0xF448, 0xF428, 0xF428, 0xF428,
    0xF428, 0xEC08, 0xEC08, 0xEC08, 0xEC07, 0xEBE7, 0xEBE7, 0xEBE7, 0xEBE7, 0xEBC7, 0xEBC7, 0xEBC7, 0xE3A7, 0xE3A7, 0xE3A7, 0xE3A7,
    0xE387, 0xE387, 0xE387, 0xE387, 0xE367, 0xE367, 0xDB67, 0xDB47, 0xEDAA, 0xEDAA, 0xF5AA, 0xF5AA, 0xF5CA, 0xF5CA, 0xF5CA, 0xF5EA,
    0xF5EB, 0xF5EB, 0xF60B, 0xF60B, 0xF60B, 0xF62B, 0xFE2B, 0xFE2B, 0xFE2B, 0xFE4C, 0xFE4C, 0xFE4C, 0xFE4C, 0xFE6C, 0xFE6C, 0xFE6C,
    0xFE6C, 0xFE6C, 0xFE6C, 0xFE6D, 0xFE6D, 0xFE6D, 0xFE8D, 0xFE8D, 0xFE8D, 0xFE8D, 0xFE8D, 0xFEAF, 0xFECF, 0xFEAF, 0xFEAF, 0xFEAF,
    0xFEAF, 0xFEAF, 0xFEAF, 0xFEAF, 0xFEAF, 0xFEAF, 0xFEAF, 0xFE8F, 0xFE8F, 0xFE8E, 0xFE8E, 0xFE8E, 0xFE8E, 0xFE8E, 0xFE6E, 0xFE6E,
    0xFE6E, 0xFE6E, 0xFE6E, 0xFE6D, 0xFE6D, 0xFE6E, 0xFE2C, 0xFE0A, 0xFE0A, 0xFE0A, 0xFDEA, 0xFDEA, 0xFDEA, 0xFDEA, 0xFDC9, 0xFDC9,
    0xFDC9, 0xFDC9, 0xFDC9, 0xFDA9, 0xFDA9, 0xFDA9, 0xFDA8, 0xFDA8, 0xFD88, 0xFD88, 0xFD88, 0xFD88, 0xFD68, 0xFD88, 0xFDCA, 0xFDCB,
    0xFDAA, 0xFDAA, 0xFDAA, 0xFDAA, 0xFDAA, 0xFDAA, 0xFDAA, 0xFD8A, 0xFD8A, 0xFD89, 0xFD89, 0xFD69, 0xFD69, 0xFD69, 0xFD69, 0xFD69,
    0xFD69, 0xFD49, 0xFD48, 0xFD48, 0xFD49, 0xFD07, 0xFCC5, 0xFCC5, 0xFCA5, 0xFCA5, 0xFCA5, 0xFCA5, 0xFCA5, 0xFC85, 0xFC85, 0xFC85,
    0xFC65, 0xFC65, 0xFC65, 0xFC65, 0xFC65, 0xFC45, 0xFC45, 0xFC45, 0xFC25, 0xF425, 0xF424, 0xF424, 0xF404, 0xF404, 0xF405, 0xF3E4,
    0xF425, 0xF468, 0xF468, 0xF468, 0xF468, 0xF468, 0xF448, 0xF448, 0xF448, 0xF428, 0xF428, 0xF428, 0xF428, 0xEC28, 0xEC08, 0xEC08,
    0xEC08, 0xEBE7, 0xEBE7, 0xEBE7, 0xEBE7, 0xEBC7, 0xEBC7, 0xEBC7, 0xEBC7, 0xE3A7, 0xE3A7, 0xE3A7, 0xE3A7, 0xE387, 0xE387, 0xE387,
    0xE367, 0xE367, 0xE367, 0xE347, 0xF5A9, 0xF5AA, 0xF5AA, 0xF5CA, 0xF5CA, 0xF5CA, 0xF5EA, 0xF5EA, 0xF5EB, 0xF60B, 0xF60B, 0xF60B,
    0xF62B, 0xFE2B, 0xFE2B, 0xFE2C, 0xFE2C, 0xFE4C, 0xFE4C, 0xFE4C, 0xFE6C, 0xFE6C, 0xFE6C, 0xFE6C, 0xFE6C, 0xFE6D, 0xFE6D, 0xFE8D,
    0xFE8D, 0xFE8D, 0xFE8D, 0xFE8D, 0xFE8D, 0xFE8D, 0xFE8D, 0xFEAE, 0xFECF, 0xFECF, 0xFECF, 0xFEAF, 0xFEAF, 0xFEAF, 0xFEAF, 0xFEAF,
    0xFEAF, 0xFEAF, 0xFEAF, 0xFEAF, 0xFE8F, 0xFE8E, 0xFE8E, 0xFE8E, 0xFE8E, 0xFE8E, 0xFE8E, 0xFE6E, 0xFE6E, 0xFE6E, 0xFE6E, 0xFE6E,
    0xFE6D, 0xFE4E, 0xFE4C, 0xFE0A, 0xFE0A, 0xFE0A, 0xFDEA, 0xFDEA, 0xFDEA, 0xFDEA, 0xFDE9, 0xFDC9, 0xFDC9, 0xFDC9, 0xFDC9, 0xFDC9,
    0xFDA9, 0xFDA9, 0xFDA9, 0xFDA8, 0xFD88, 0xFD88, 0xFD88, 0xFD88, 0xFD88, 0xFD88, 0xFDCA, 0xFDCB, 0xFDCA, 0xFDAA, 0xFDAA, 0xFDAA,
    0xFDAA, 0xFDAA, 0xFDAA, 0xFD8A, 0xFD8A, 0xFD89, 0xFD89, 0xFD69, 0xFD69, 0xFD69, 0xFD69, 0xFD69, 0xFD69, 0xFD49, 0xFD49, 0xFD48,
    0xFD49, 0xFCE6, 0xFCC5, 0xFCC5, 0xFCA5, 0xFCA5, 0xFCA5, 0xFCA5, 0xFCA5, 0xFC85, 0xFC85, 0xFC85, 0xFC65, 0xFC65, 0xFC65, 0xFC65,
    0xFC65, 0xFC45, 0xFC45, 0xFC45, 0xFC45, 0xFC25, 0xF424, 0xF424, 0xF424, 0xF404, 0xF404, 0xF404, 0xF467, 0xF488, 0xF468, 0xF468,
    0xF468, 0xF468, 0xF448, 0xF448, 0xF448, 0xF448, 0xF428, 0xF428, 0xF428, 0xF428, 0xEC08, 0xEC08, 0xEC08, 0xEBE7, 0xEBE7, 0xEBE7,
    0xEBE7, 0xEBE7, 0xEBC7, 0xEBC7, 0xEBC7, 0xEBA7, 0xE3A7, 0xE3A7, 0xE3A7, 0xE387, 0xE387, 0xE387, 0xE367, 0xE367, 0xE367, 0xE367,
    0xF5CA, 0xF5A9, 0xF5CA, 0xF5CA, 0xF5CA, 0xF5EA, 0xF5EA, 0xF5EB, 0xF60B, 0xF60B, 0xF60B, 0xF60B, 0xFE2B, 0xFE2B, 0xFE2C, 0xFE2C,
    0xFE4C, 0xFE4C, 0xFE4C, 0xFE6C, 0xFE6C, 0xFE6C, 0xFE6C, 0xFE6C, 0xFE8D, 0xFE8D, 0xFE8D, 0xFE8D, 0xFE8D, 0xFE8D, 0xFE8D, 0xFE8D,
    0xFE8D, 0xFEAD, 0xFEAD, 0xFE8D, 0xFEAF, 0xFED0, 0xFECF, 0xFECF, 0xFECF, 0xFECF, 0xFEAF, 0xFEAF, 0xFEAF, 0xFEAF, 0xFEAF, 0xFEAF,
    0xFEAF, 0xFEAF, 0xFE8E, 0xFE8E, 0xFE8E, 0xFE8E, 0xFE8E, 0xFE6E, 0xFE6E, 0xFE6E, 0xFE6E, 0xFE6E, 0xFE6D, 0xFE6D, 0xFE4D, 0xFE0A,
    0xFE0A, 0xFE0A, 0xFE0A, 0xFDEA, 0xFDEA, 0xFDEA, 0xFDEA, 0xFDE9, 0xFDC9, 0xFDC9, 0xFDC9, 0xFDC9, 0xFDA9, 0xFDA9, 0xFDA9, 0xFDA8,
    0xFDA8, 0xFD88, 0xFD88, 0xFD88, 0xFD88, 0xFD88, 0xFDCB, 0xFDCB, 0xFDCB, 0xFDAA, 0xFDAA, 0xFDAA, 0xFDAA, 0xFDAA, 0xFDAA, 0xFD8A,
    0xFD8A, 0xFD8A, 0xFD89, 0xFD89, 0xFD69, 0xFD69, 0xFD69, 0xFD69, 0xFD69, 0xFD49, 0xFD48, 0xFD49, 0xFD28, 0xFCC5, 0xFCC5, 0xFCC5,
    0xFCC5, 0xFCA5, 0xFCA5, 0xFCA5, 0xFCA5, 0xFC85, 0xFC85, 0xFC85, 0xFC85, 0xFC65, 0xFC65, 0xFC65, 0xFC65, 0xFC45, 0xFC45, 0xFC45,
    0xFC45, 0xFC25, 0xF424, 0xF424, 0xF424, 0xF405, 0xF404, 0xF446, 0xF488, 0xF488, 0xF468, 0xF468, 0xF468, 0xF468, 0xF448, 0xF448,
    0xF448, 0xF448, 0xF428, 0xF428, 0xF428, 0xF428, 0xF408, 0xEC08, 0xEC08, 0xEC07, 0xEBE7, 0xEBE7, 0xEBE7, 0xEBE7, 0xEBC7, 0xEBC7,
    0xEBC7, 0xEBA7, 0xE3A7, 0xE3A7, 0xE3A7, 0xE387, 0xE387, 0xE387, 0xE367, 0xE367, 0xE367, 0xE346, 0xF5EC, 0xF5CA, 0xF5CA, 0xF5CA,
    0xF5EA, 0xF5EA, 0xF5EA, 0xF5EB, 0xF60B, 0xF60B, 0xF60B, 0xF62B, 0xFE2B, 0xFE2B, 0xFE2C, 0xFE4C, 0xFE4C, 0xFE4C, 0xFE4C, 0xFE6C,
    0xFE6C, 0xFE6C, 0xFE6D, 0xFE6D, 0xFE8D, 0xFE8D, 0xFE8D, 0xFE8D, 0xFE8D, 0xFE8D, 0xFEAD, 0xFEAD, 0xFEAD, 0xFEAD, 0xFEAD, 0xFEAD,
    0xFEAD, 0xFED0, 0xFECF, 0xFECF, 0xFECF, 0xFECF, 0xFEAF, 0xFEAF, 0xFEAF, 0xFEAF, 0xFEAF, 0xFEAF, 0xFEAF, 0xFEAF, 0xFE8F, 0xFE8E,
    0xFE8E, 0xFE8E, 0xFE8E, 0xFE6E, 0xFE6E, 0xFE6E, 0xFE6E, 0xFE6E, 0xFE6E, 0xFE6D, 0xFE6D, 0xFE2B, 0xFE0A, 0xFE0A, 0xFE0A, 0xFDEA,
    0xFDEA, 0xFDEA, 0xFDEA, 0xFDE9, 0xFDC9, 0xFDC9, 0xFDC9, 0xFDC9, 0xFDC9, 0xFDA9, 0xFDA9, 0xFDA8, 0xFDA8, 0xFD88, 0xFD88, 0xFD88,
    0xFD88, 0xFD88, 0xFDCB, 0xFDCB, 0xFDCB, 0xFDAA, 0xFDAA, 0xFDAA, 0xFDAA, 0xFDAA, 0xFDAA, 0xFD8A, 0xFD8A, 0xFD8A, 0xFD89, 0xFD89,
    0xFD69, 0xFD69, 0xFD69, 0xFD69, 0xFD69, 0xFD49, 0xFD48, 0xFD49, 0xFD27, 0xFCC5, 0xFCC5, 0xFCC5, 0xFCC5, 0xFCA5, 0xFCA5, 0xFCA5,
    0xFCA5, 0xFC85, 0xFC85, 0xFC85, 0xFC85, 0xFC65, 0xFC65, 0xFC65, 0xFC65, 0xFC45, 0xFC45, 0xFC45, 0xFC45, 0xFC25, 0xF424, 0xF424,
    0xF424, 0xF404, 0xF405, 0xF488, 0xF488, 0xF488, 0xF468, 0xF468, 0xF468, 0xF468, 0xF448, 0xF448, 0xF448, 0xF448, 0xF428, 0xF428,
    0xF428, 0xF428, 0xF408, 0xF408, 0xEC08, 0xEC08, 0xEBE7, 0xEBE7, 0xEBE7, 0xEBE7, 0xEBC7, 0xEBC7, 0xEBC7, 0xEBA7, 0xEBA7, 0xE3A7,
    0xE3A7, 0xE387, 0xE387, 0xE387, 0xE367, 0xE387, 0xE346, 0xDAC3, 0xF5EC, 0xF60C, 0xF5EB, 0xF5CA, 0xF5EA, 0xF5EA, 0xF5EB, 0xF60B,
    0xF60B, 0xF60B, 0xFE2B, 0xFE2B, 0xFE2B, 0xFE2C, 0xFE4C, 0xFE4C, 0xFE4C, 0xFE6C, 0xFE6C, 0xFE6C, 0xFE6C, 0xFE6D, 0xFE8D, 0xFE8D,
    0xFE8D, 0xFE8D, 0xFE8D, 0xFE8D, 0xFEAD, 0xFEAD, 0xFEAD, 0xFEAD, 0xFEAD, 0xFEAD, 0xFEAD, 0xFEAD, 0xFEAD, 0xFECE, 0xFED0, 0xFECF,
    0xFECF, 0xFECF, 0xFECF, 0xFEAF, 0xFEAF, 0xFEAF, 0xFEAF, 0xFEAF, 0xFEAF, 0xFEAF, 0xFEAF, 0xFE8F, 0xFE8E, 0xFE8E, 0xFE8E, 0xFE8E,
    0xFE6E, 0xFE6E, 0xFE6E, 0xFE6E, 0xFE6E, 0xFE6D, 0xFE6E, 0xFE2C, 0xFE0A, 0xFE0A, 0xFE0A, 0xFDEA, 0xFDEA, 0xFDEA, 0xFDEA, 0xFDEA,
    0xFDC9, 0xFDC9, 0xFDC9, 0xFDC9, 0xFDC9, 0xFDA9, 0xFDA9, 0xFDA9, 0xFDA8, 0xFDA8, 0xFD88, 0xFD88, 0xFD88, 0xFD88, 0xFDCB, 0xFDCB,
    0xFDCB, 0xFDCA, 0xFDAA, 0xFDAA, 0xFDAA, 0xFDAA, 0xFDAA, 0xFD8A, 0xFD8A, 0xFD8A, 0xFD89, 0xFD89, 0xFD69, 0xFD69, 0xFD69, 0xFD69,
    0xFD69, 0xFD69, 0xFD48, 0xFD49, 0xFD06, 0xFCC5, 0xFCC5, 0xFCC5, 0xFCC5, 0xFCA5, 0xFCA5, 0xFCA5, 0xFCA5, 0xFC85, 0xFC85, 0xFC85,
    0xFC85, 0xFC65, 0xFC65, 0xFC65, 0xFC65, 0xFC45, 0xFC45, 0xFC45, 0xFC45, 0xFC25, 0xF424, 0xF424, 0xF424, 0xF404, 0xF446, 0xF4A8,
    0xF488, 0xF488, 0xF468, 0xF468, 0xF468, 0xF468, 0xF468, 0xF448, 0xF448, 0xF448, 0xF428, 0xF428, 0xF428, 0xF428, 0xF408, 0xF408,
    0xF408, 0xEC08, 0xEBE7, 0xEBE7, 0xEBE7, 0xEBE7, 0xEBC7, 0xEBC7, 0xEBC7, 0xEBC7, 0xEBA7, 0xE3A7, 0xE3A7, 0xE3A7, 0xE387, 0xE387,
    0xE387, 0xE346, 0xDAC3, 0xDAC3, 0xF60C, 0xF60D, 0xF60D, 0xF5EB, 0xF5EA, 0xF5EB, 0xF5EB, 0xF60B, 0xF60B, 0xFE0B, 0xFE2B, 0xFE2B,
    0xFE2C, 0xFE2C, 0xFE4C, 0xFE4C, 0xFE4C, 0xFE6C, 0xFE6C, 0xFE6C, 0xFE8D, 0xFE8D, 0xFE8D, 0xFE8D, 0xFE8D, 0xFEAD, 0xFEAD, 0xFEAD,
    0xFEAD, 0xFEAD, 0xFEAD, 0xFEAD, 0xFEAD, 0xFEAD, 0xFEAD, 0xFEAD, 0xFEAD, 0xFEAD, 0xFECF, 0xFED0, 0xFED0, 0xFED0, 0xFECF, 0xFECF,
    0xFEAF, 0xFEAF, 0xFEAF, 0xFEAF, 0xFEAF, 0xFEAF, 0xFEAF, 0xFEAF, 0xFE8E, 0xFE8E, 0xFE8E, 0xFE8E, 0xFE8E, 0xFE6E, 0xFE6E, 0xFE6E,
    0xFE6E, 0xFE6D, 0xFE6E, 0xFE4D, 0xFE0A, 0xFE0A, 0xFE0A, 0xFE0A, 0xFDEA, 0xFDEA, 0xFDEA, 0xFDEA, 0xFDC9, 0xFDC9, 0xFDC9, 0xFDC9,
    0xFDC9, 0xFDA9, 0xFDA9, 0xFDA9, 0xFDA8, 0xFDA8, 0xFD88, 0xFD88, 0xFD88, 0xFD88, 0xFDCB, 0xFDCB, 0xFDCB, 0xFDCB, 0xFDAA, 0xFDAA,
    0xFDAA, 0xFDAA, 0xFDAA, 0xFD8A, 0xFD8A, 0xFD8A, 0xFD89, 0xFD89, 0xFD69, 0xFD69, 0xFD69, 0xFD69, 0xFD69, 0xFD69, 0xFD49, 0xFD48,
    0xFCE5, 0xFCC5, 0xFCC5, 0xFCC5, 0xFCC5, 0xFCA5, 0xFCA5, 0xFCA5, 0xFCA5, 0xFC85, 0xFC85, 0xFC85, 0xFC85, 0xFC65, 0xFC65, 0xFC65,
    0xFC65, 0xFC45, 0xFC45, 0xFC45, 0xFC45, 0xFC25, 0xF424, 0xF424, 0xF404, 0xF425, 0xF4A8, 0xF488, 0xF488, 0xF488, 0xF468, 0xF468,
    0xF468, 0xF468, 0xF468, 0xF468, 0xF448, 0xF448, 0xF448, 0xF428, 0xF428, 0xF428, 0xF428, 0xF408, 0xF408, 0xEC08, 0xEBE7, 0xEBE7,
    0xEBE7, 0xEBE7, 0xEBE7, 0xEBC7, 0xEBC7, 0xEBC7, 0xEBA7, 0xEBA7, 0xE3A7, 0xE3A7, 0xE387, 0xE387, 0xE366, 0xE2C3, 0xE2C3, 0xE2C3,
    0xF60D, 0xF60D, 0xF60D, 0xF62D, 0xF60B, 0xF5EA, 0xF60B, 0xF60B, 0xFE0B, 0xFE0B, 0xFE2B, 0xFE2B, 0xFE2C, 0xFE4C, 0xFE4C, 0xFE4C,
    0xFE6C, 0xFE6C, 0xFE6C, 0xFE6C, 0xFE8D, 0xFE8D, 0xFE8D, 0xFE8D, 0xFE8D, 0xFEAD, 0xFEAD, 0xFEAD, 0xFEAD, 0xFEAD, 0xFEAD, 0xFEAD,
    0xFEAE, 0xFEAE, 0xFEAD, 0xFEAD, 0xFEAD, 0xFEAD, 0xFEAE, 0xFED0, 0xFED0, 0xFED0, 0xFECF, 0xFECF, 0xFECF, 0xFEAF, 0xFEAF, 0xFEAF,
    0xFEAF, 0xFEAF, 0xFEAF, 0xFEAF, 0xFE8F, 0xFE8E, 0xFE8E, 0xFE8E, 0xFE8E, 0xFE6E, 0xFE6E, 0xFE6E, 0xFE6E, 0xFE6E, 0xFE6E, 0xFE4D,
    0xFE2B, 0xFE0A, 0xFE0A, 0xFE0A, 0xFDEA, 0xFDEA, 0xFDEA, 0xFDEA, 0xFDC9, 0xFDC9, 0xFDC9, 0xFDC9, 0xFDC9, 0xFDA9, 0xFDA9, 0xFDA9,
    0xFDA8, 0xFDA8, 0xFD88, 0xFD88, 0xFD88, 0xFD88, 0xFDCB, 0xFDCB, 0xFDCB, 0xFDCB, 0xFDAA, 0xFDAA, 0xFDAA, 0xFDAA, 0xFDAA, 0xFD8A,
    0xFD8A, 0xFD8A, 0xFD89, 0xFD89, 0xFD69, 0xFD69, 0xFD69, 0xFD69, 0xFD69, 0xFD69, 0xFD69, 0xFD48, 0xFCE5, 0xFCC5, 0xFCC5, 0xFCC5,
    0xFCC5, 0xFCA5, 0xFCA5, 0xFCA5, 0xFCA5, 0xFC85, 0xFC85, 0xFC85, 0xFC85, 0xFC65, 0xFC65, 0xFC65, 0xFC65, 0xFC45, 0xFC45, 0xFC45,
    0xFC45, 0xFC25, 0xF424, 0xF424, 0xF404, 0xF467, 0xF4A8, 0xF488, 0xF488, 0xF488, 0xF468, 0xF468, 0xF468, 0xF468, 0xF468, 0xF468,
    0xF448, 0xF448, 0xF448, 0xF428, 0xF428, 0xF428, 0xF428, 0xF428, 0xF408, 0xEC08, 0xEBE7, 0xEBE7, 0xEBE7, 0xEBE7, 0xEBE7, 0xEBC7,
    0xEBC7, 0xEBC7, 0xEBA7, 0xEBA7, 0xEBA7, 0xE3A7, 0xE3A7, 0xE366, 0xE2E4, 0xE2C3, 0xE2C4, 0xE2C3, 0xF60D, 0xF60D, 0xF60D, 0xF62D,
    0xF62D, 0xF60B, 0xF60B, 0xFE0B, 0xFE0B, 0xFE2B, 0xFE2B, 0xFE2C, 0xFE4C, 0xFE4C, 0xFE4C, 0xFE6C, 0xFE6C, 0xFE6C, 0xFE6C, 0xFE8D,
    0xFE8D, 0xFE8D, 0xFE8D, 0xFE8D, 0xFEAD, 0xFEAD, 0xFEAD, 0xFEAD, 0xFEAE, 0xFECE, 0xFECE, 0xFECE, 0xFECE, 0xFECE, 0xFECE, 0xFECE,
    0xFECE, 0xFEAD, 0xFEAD, 0xFECF, 0xFED0, 0xFED0, 0xFED0, 0xFED0, 0xFECF, 0xFECF, 0xFECF, 0xFEAF, 0xFEAF, 0xFEAF, 0xFEAF, 0xFEAF,
    0xFEAF, 0xFE8E, 0xFE8E, 0xFE8E, 0xFE8E, 0xFE6E, 0xFE6E, 0xFE6E, 0xFE6E, 0xFE6E, 0xFE6D, 0xFE6D, 0xFE2B, 0xFE0A, 0xFE0A, 0xFE0A,
    0xFDEA, 0xFDEA, 0xFDEA, 0xFDEA, 0xFDE9, 0xFDC9, 0xFDC9, 0xFDC9, 0xFDC9, 0xFDA9, 0xFDA9, 0xFDA9, 0xFDA8, 0xFDA8, 0xFD88, 0xFD88,
    0xFD88, 0xFD88, 0xFDCB, 0xFDCB, 0xFDCB, 0xFDCB, 0xFDAA, 0xFDAA, 0xFDAA, 0xFDAA, 0xFDAA, 0xFDAA, 0xFD8A, 0xFD8A, 0xFD8A, 0xFD89,
    0xFD69, 0xFD69, 0xFD69, 0xFD69, 0xFD69, 0xFD69, 0xFD69, 0xFD27, 0xFCC5, 0xFCC5, 0xFCC5, 0xFCC5, 0xFCC5, 0xFCA5, 0xFCA5, 0xFCA5,
    0xFCA5, 0xFC85, 0xFC85, 0xFC85, 0xFC85, 0xFC85, 0xFC65, 0xFC65, 0xFC65, 0xFC45, 0xFC45, 0xFC45, 0xFC45, 0xFC25, 0xF425, 0xF424,
    0xF445, 0xFCA8, 0xF488, 0xF488, 0xF488, 0xF488, 0xF468, 0xF468, 0xF468, 0xF468, 0xF468, 0xF448, 0xF448, 0xF448, 0xF448, 0xF428,
    0xF428, 0xF428, 0xF428, 0xF428, 0xF408, 0xEC08, 0xEC07, 0xEBE7, 0xEBE7, 0xEBE7, 0xEBE7, 0xEBE7, 0xEBC7, 0xEBC7, 0xEBA7, 0xEBA7,
    0xEBA7, 0xEBA7, 0xE366, 0xE2E4, 0xE2E3, 0xE2E4, 0xE2C4, 0xE2C3, 0xF60D, 0xF60D, 0xF62D, 0xF62D, 0xF62D, 0xF62D, 0xF62B, 0xFE0B,
    0xFE2B, 0xFE2B, 0xFE2B, 0xFE2C, 0xFE4C, 0xFE4C, 0xFE4C, 0xFE6C, 0xFE6C, 0xFE6C, 0xFE8D, 0xFE8D, 0xFE8D, 0xFE8D, 0xFE8D, 0xFEAD,
    0xFEAD, 0xFEAD, 0xFEAD, 0xFEAE, 0xFECE, 0xFECE, 0xFECE, 0xFECE, 0xFECE, 0xFECE, 0xFECE, 0xFECE, 0xFECE, 0xFECE, 0xFEAD, 0xFECE,
    0xFED0, 0xFED0, 0xFED0, 0xFED0, 0xFECF, 0xFECF, 0xFECF, 0xFEAF, 0xFEAF, 0xFEAF, 0xFEAF, 0xFEAF, 0xFEAF, 0xFE8F, 0xFE8E, 0xFE8E,
    0xFE8E, 0xFE8E, 0xFE6E, 0xFE6E, 0xFE6E, 0xFE6E, 0xFE6D, 0xFE6E, 0xFE4C, 0xFE0A, 0xFE0A, 0xFE0A, 0xFDEA, 0xFDEA, 0xFDEA, 0xFDEA,
    0xFDE9, 0xFDC9, 0xFDC9, 0xFDC9, 0xFDC9, 0xFDC9, 0xFDA9, 0xFDA9, 0xFDA8, 0xFDA8, 0xFD88, 0xFD88, 0xFD88, 0xFD88, 0xFDCB, 0xFDCB,
    0xFDCB, 0xFDCB, 0xFDAA, 0xFDAA, 0xFDAA, 0xFDAA, 0xFDAA, 0xFDAA, 0xFD8A, 0xFD8A, 0xFD8A, 0xFD89, 0xFD69, 0xFD69, 0xFD69, 0xFD69,
    0xFD69, 0xFD69, 0xFD69, 0xFD06, 0xFCC5, 0xFCC5, 0xFCC5, 0xFCC5, 0xFCC5, 0xFCA5, 0xFCA5, 0xFCA5, 0xFCA5, 0xFC85, 0xFC85, 0xFC85,
    0xFC85, 0xFC85, 0xFC65, 0xFC65, 0xFC65, 0xFC45, 0xFC45, 0xFC45, 0xFC45, 0xFC45, 0xF424, 0xF424, 0xFC87, 0xFCA8, 0xF4A8, 0xF488,
    0xF488, 0xF488, 0xF468, 0xF468, 0xF468, 0xF468, 0xF468, 0xF448, 0xF448, 0xF448, 0xF448, 0xF428, 0xF428, 0xF428, 0xF428, 0xF428,
    0xF408, 0xF408, 0xEC07, 0xEBE7, 0xEBE7, 0xEBE7, 0xEBE7, 0xEBE7, 0xEBC7, 0xEBC7, 0xEBA7, 0xEBA7, 0xEBC7, 0xEB86, 0xE304, 0xE2E3,
    0xE2E4, 0xE2E4, 0xE2C4, 0xE2C3, 0xF60D, 0xF60D, 0xF62D, 0xF62D, 0xF64D, 0xF64D, 0xFE4E, 0xFE2C, 0xFE2B, 0xFE2B, 0xFE2C, 0xFE4C,
    0xFE4C, 0xFE4C, 0xFE6C, 0xFE6C, 0xFE6C, 0xFE6C, 0xFE6D, 0xFE8D, 0xFE8D, 0xFE8D, 0xFEAD, 0xFEAD, 0xFEAD, 0xFEAE, 0xFEAE, 0xFECE,
    0xFECE, 0xFECE, 0xFECE, 0xFECE, 0xFECE, 0xFECE, 0xFECE, 0xFECE, 0xFECE, 0xFECE, 0xFECE, 0xFEAD, 0xFECF, 0xFED0, 0xFED0, 0xFED0,
    0xFED0, 0xFECF, 0xFECF, 0xFEAF, 0xFEAF, 0xFEAF, 0xFEAF, 0xFEAF, 0xFEAF, 0xFE8F, 0xFE8E, 0xFE8E, 0xFE8E, 0xFE8E, 0xFE6E, 0xFE6E,
    0xFE6E, 0xFE6E, 0xFE6E, 0xFE6D, 0xFE4D, 0xFE0A, 0xFE0A, 0xFE0A, 0xFDEA, 0xFDEA, 0xFDEA, 0xFDEA, 0xFDEA, 0xFDC9, 0xFDC9, 0xFDC9,
    0xFDC9, 0xFDC9, 0xFDA9, 0xFDA9, 0xFDA8, 0xFDA8, 0xFD88, 0xFD88, 0xFD88, 0xFD88, 0xFDCB, 0xFDCB, 0xFDCB, 0xFDCB, 0xFDAA, 0xFDAA,
    0xFDAA, 0xFDAA, 0xFDAA, 0xFDAA, 0xFD8A, 0xFD8A, 0xFD8A, 0xFD89, 0xFD69, 0xFD69, 0xFD69, 0xFD69, 0xFD69, 0xFD69, 0xFD49, 0xFCE5,
    0xFCE5, 0xFCE5, 0xFCC5, 0xFCC5, 0xFCC5, 0xFCA5, 0xFCA5, 0xFCA5, 0xFCA5, 0xFC85, 0xFC85, 0xFC85, 0xFC85, 0xFC85, 0xFC65, 0xFC65,
    0xFC65, 0xFC45, 0xFC45, 0xFC45, 0xFC45, 0xFC45, 0xF424, 0xF466, 0xFCA8, 0xF4A8, 0xF4A8, 0xF488, 0xF488, 0xF488, 0xF488, 0xF468,
    0xF468, 0xF468, 0xF468, 0xF468, 0xF448, 0xF448, 0xF448, 0xF448, 0xF428, 0xF428, 0xF428, 0xF428, 0xF408, 0xF407, 0xF407, 0xEBE7,
    0xEBE7, 0xEBE7, 0xEBE7, 0xEBE7, 0xEBC7, 0xEBC7, 0xEBC7, 0xEBC8, 0xEB86, 0xE304, 0xE2E3, 0xE2E4, 0xE2E4, 0xE2E4, 0xE2C4, 0xE2C3,
    0xF60D, 0xF62D, 0xF62D, 0xF62D, 0xF64D, 0xFE4D, 0xFE4E, 0xFE4E, 0xFE2C, 0xFE2B, 0xFE4C, 0xFE4C, 0xFE4C, 0xFE6C, 0xFE6C, 0xFE6C,
    0xFE6C, 0xFE6D, 0xFE8D, 0xFE8D, 0xFE8D, 0xFE8D, 0xFEAD, 0xFEAD, 0xFEAD, 0xFECE, 0xFECE, 0xFECE, 0xFECE, 0xFECE, 0xFECE, 0xFECE,
    0xFECE, 0xFECE, 0xFECE, 0xFECE, 0xFECE, 0xFECE, 0xFECE, 0xFECE, 0xFECE, 0xFEF0, 0xFED0, 0xFED0, 0xFED0, 0xFECF, 0xFECF, 0xFECF,
    0xFEAF, 0xFEAF, 0xFEAF, 0xFEAF, 0xFEAF, 0xFE8F, 0xFE8E, 0xFE8E, 0xFE8E, 0xFE8E, 0xFE6E, 0xFE6E, 0xFE6E, 0xFE6E, 0xFE6E, 0xFE6D,
    0xFE6D, 0xFE0B, 0xFE0A, 0xFE0A, 0xFE0A, 0xFDEA, 0xFDEA, 0xFDEA, 0xFDEA, 0xFDC9, 0xFDC9, 0xFDC9, 0xFDC9, 0xFDC9, 0xFDA9, 0xFDA9,
    0xFDA8, 0xFDA8, 0xFD88, 0xFD88, 0xFD88, 0xFD88, 0xFDCB, 0xFDCB, 0xFDCB, 0xFDCB, 0xFDAA, 0xFDAA, 0xFDAA, 0xFDAA, 0xFDAA, 0xFDAA,
    0xFD8A, 0xFD8A, 0xFD8A, 0xFD89, 0xFD89, 0xFD69, 0xFD69, 0xFD69, 0xFD69, 0xFD69, 0xFD48, 0xFCE5, 0xFCE5, 0xFCE5, 0xFCC5, 0xFCC5,
    0xFCC5, 0xFCC5, 0xFCA5, 0xFCA5, 0xFCA5, 0xFCA5, 0xFC85, 0xFC85, 0xFC85, 0xFC85, 0xFC65, 0xFC65, 0xFC65, 0xFC45, 0xFC45, 0xFC45,
    0xFC45, 0xFC44, 0xF445, 0xFCA8, 0xFCA8, 0xF4A8, 0xF4A8, 0xF488, 0xF488, 0xF488, 0xF488, 0xF468, 0xF468, 0xF468, 0xF468, 0xF468,
    0xF448, 0xF448, 0xF448, 0xF448, 0xF428, 0xF428, 0xF428, 0xF428, 0xF408, 0xF408, 0xF407, 0xF3E7, 0xEBE7, 0xEBE7, 0xEBE7, 0xEBE7,
    0xEBC7, 0xEBC7, 0xEBC8, 0xEB86, 0xE304, 0xE304, 0xE304, 0xE2E4, 0xE2E4, 0xE2E4, 0xE2C4, 0xE2C3, 0xF60D, 0xF62D, 0xF62D, 0xF64D,
    0xFE4D, 0xFE4E, 0xFE4E, 0xFE4E, 0xFE6E, 0xFE4C, 0xFE4B, 0xFE4C, 0xFE4C, 0xFE6C, 0xFE6C, 0xFE6C, 0xFE6C, 0xFE8D, 0xFE8D, 0xFE8D,
    0xFE8D, 0xFEAD, 0xFEAD, 0xFEAD, 0xFEAE, 0xFECE, 0xFECE, 0xFECE, 0xFECE, 0xFECE, 0xFECE, 0xFECE, 0xFECE, 0xFECE, 0xFECE, 0xFECE,
    0xFECE, 0xFECE, 0xFECE, 0xFECE, 0xFEAD, 0xFECF, 0xFEF0, 0xFED0, 0xFED0, 0xFECF, 0xFECF, 0xFECF, 0xFEAF, 0xFEAF, 0xFEAF, 0xFEAF,
    0xFEAF, 0xFEAF, 0xFE8E, 0xFE8E, 0xFE8E, 0xFE8E, 0xFE8E, 0xFE6E, 0xFE6E, 0xFE6E, 0xFE6E, 0xFE6D, 0xFE4E, 0xFE2B, 0xFE0A, 0xFE0A,
    0xFE0A, 0xFDEA, 0xFDEA, 0xFDEA, 0xFDEA, 0xFDC9, 0xFDC9, 0xFDC9, 0xFDC9, 0xFDC9, 0xFDA9, 0xFDA9, 0xFDA8, 0xFDA8, 0xFD88, 0xFD88,
    0xFD88, 0xFD88, 0xFDCB, 0xFDCB, 0xFDCB, 0xFDCB, 0xFDAA, 0xFDAA, 0xFDAA, 0xFDAA, 0xFDAA, 0xFDAA, 0xFD8A, 0xFD8A, 0xFD8A, 0xFD89,
    0xFD89, 0xFD69, 0xFD69, 0xFD69, 0xFD69, 0xFD69, 0xFD27, 0xFCE5, 0xFCE5, 0xFCE5, 0xFCC5, 0xFCC5, 0xFCC5, 0xFCC5, 0xFCA5, 0xFCA5,
    0xFCA5, 0xFCA5, 0xFC85, 0xFC85, 0xFC85, 0xFC85, 0xFC65, 0xFC65, 0xFC65, 0xFC45, 0xFC45, 0xFC45, 0xFC45, 0xFC24, 0xFC87, 0xFCA8,
    0xFCA8, 0xF4A8, 0xF4A8, 0xF488, 0xF488, 0xF488, 0xF488, 0xF468, 0xF468, 0xF468, 0xF468, 0xF468, 0xF448, 0xF448, 0xF448, 0xF448,
    0xF428, 0xF428, 0xF428, 0xF428, 0xF408, 0xF408, 0xF407, 0xF3E7, 0xF3E7, 0xEBE7, 0xEBE7, 0xEBE7, 0xEBC7, 0xEBC8, 0xEBA6, 0xEB24,
    0xE304, 0xE304, 0xE304, 0xE2E4, 0xE2E4, 0xE2E4, 0xE2E4, 0xE2C3, 0xF62D, 0xF62D, 0xF62D, 0xF62D, 0xFE4D, 0xFE4E, 0xFE4E, 0xFE6E,
    0xFE6E, 0xFE6E, 0xFE4C, 0xFE4C, 0xFE4C, 0xFE6C, 0xFE6C, 0xFE6C, 0xFE6D, 0xFE8D, 0xFE8D, 0xFE8D, 0xFEAD, 0xFEAD, 0xFEAD, 0xFEAD,
    0xFECE, 0xFECE, 0xFECE, 0xFECE, 0xFECE, 0xFECE, 0xFEEE, 0xFEEE, 0xFEEE, 0xFEEE, 0xFEEE, 0xFEEE, 0xFECE, 0xFECE, 0xFECE, 0xFECE,
    0xFECE, 0xFEAE, 0xFECF, 0xFED0, 0xFED0, 0xFED0, 0xFECF, 0xFECF, 0xFEAF, 0xFEAF, 0xFEAF, 0xFEAF, 0xFEAF, 0xFEAF, 0xFE8F, 0xFE8E,
    0xFE8E, 0xFE8E, 0xFE8E, 0xFE6E, 0xFE6E, 0xFE6E, 0xFE6E, 0xFE6D, 0xFE6E, 0xFE4C, 0xFE0A, 0xFE0A, 0xFE0A, 0xFDEA, 0xFDEA, 0xFDEA,
    0xFDEA, 0xFDC9, 0xFDC9, 0xFDC9, 0xFDC9, 0xFDC9, 0xFDA9, 0xFDA9, 0xFDA9, 0xFDA8, 0xFDA8, 0xFD88, 0xFD88, 0xFD88, 0xFDCB, 0xFDCB,
    0xFDCB, 0xFDCB, 0xFDAA, 0xFDAA, 0xFDAA, 0xFDAA, 0xFDAA, 0xFDAA, 0xFDAA, 0xFD8A, 0xFD8A, 0xFD89, 0xFD89, 0xFD69, 0xFD69, 0xFD69,
    0xFD69, 0xFD69, 0xFD06, 0xFCE5, 0xFCE5, 0xFCE5, 0xFCC5, 0xFCC5, 0xFCC5, 0xFCC5, 0xFCA5, 0xFCA5, 0xFCA5, 0xFCA5, 0xFC85, 0xFC85,
    0xFC85, 0xFC85, 0xFC65, 0xFC65, 0xFC65, 0xFC65, 0xFC45, 0xFC45, 0xFC44, 0xFC45, 0xFCA8, 0xFCA8, 0xFCA8, 0xF4A8, 0xF4A8, 0xF488,
    0xF488, 0xF488, 0xF488, 0xF468, 0xF468, 0xF468, 0xF468, 0xF468, 0xF448, 0xF448, 0xF448, 0xF448, 0xF428, 0xF428, 0xF428, 0xF428,
    0xF408, 0xF408, 0xF408, 0xF407, 0xF3E7, 0xEBE7, 0xEBE7, 0xEBE7, 0xEBE8, 0xEBA6, 0xEB24, 0xEB24, 0xEB04, 0xE304, 0xE304, 0xE2E4,
    0xE2E4, 0xE2E4, 0xE2E4, 0xE2C3, 0xF62D, 0xF62D, 0xF62D, 0xFE4D, 0xFE4D, 0xFE4E, 0xFE4E, 0xFE6E, 0xFE6E, 0xFE6E, 0xFE8E, 0xFE6C,
    0xFE4C, 0xFE6C, 0xFE6C, 0xFE6C, 0xFE8D, 0xFE8D, 0xFE8D, 0xFE8D, 0xFEAD, 0xFEAD, 0xFEAD, 0xFEAD, 0xFECE, 0xFECE, 0xFECE, 0xFECE,
    0xFECE, 0xFEEE, 0xFEEE, 0xFEEE, 0xFEEE, 0xFEEE, 0xFEEE, 0xFEEE, 0xFEEE, 0xFECE, 0xFECE, 0xFECE, 0xFECE, 0xFEAD, 0xFECE, 0xFED0,
    0xFED0, 0xFED0, 0xFECF, 0xFECF, 0xFECF, 0xFEAF, 0xFEAF, 0xFEAF, 0xFEAF, 0xFEAF, 0xFE8F, 0xFE8E, 0xFE8E, 0xFE8E, 0xFE8E, 0xFE6E,
    0xFE6E, 0xFE6E, 0xFE6E, 0xFE6D, 0xFE6D, 0xFE4D, 0xFE0A, 0xFE0A, 0xFE0A, 0xFDEA, 0xFDEA, 0xFDEA, 0xFDEA, 0xFDC9, 0xFDC9, 0xFDC9,
    0xFDC9, 0xFDC9, 0xFDA9, 0xFDA9, 0xFDA9, 0xFDA8, 0xFDA8, 0xFD88, 0xFD88, 0xFD88, 0xFDCB, 0xFDCB, 0xFDCB, 0xFDCB, 0xFDAA, 0xFDAA,
    0xFDAA, 0xFDAA, 0xFDAA, 0xFDAA, 0xFDAA, 0xFD8A, 0xFD8A, 0xFD89, 0xFD89, 0xFD69, 0xFD69, 0xFD69, 0xFD69, 0xFD49, 0xFCE5, 0xFCE5,
    0xFCE5, 0xFCE5, 0xFCC5, 0xFCC5, 0xFCC5, 0xFCC5, 0xFCA5, 0xFCA5, 0xFCA5, 0xFCA5, 0xFC85, 0xFC85, 0xFC85, 0xFC85, 0xFC65, 0xFC65,
    0xFC65, 0xFC65, 0xFC45, 0xFC45, 0xFC44, 0xFC87, 0xFCC8, 0xFCA8, 0xFCA8, 0xFCA8, 0xF4A8, 0xF488, 0xF488, 0xF488, 0xF488, 0xF468,
    0xF468, 0xF468, 0xF468, 0xF468, 0xF448, 0xF448, 0xF448, 0xF448, 0xF428, 0xF428, 0xF428, 0xF428, 0xF408, 0xF408, 0xF408, 0xF408,
    0xF3E7, 0xEBE7, 0xEBE7, 0xEBE8, 0xEBC7, 0xEB24, 0xEB24, 0xEB24, 0xEB04, 0xEB04, 0xE304, 0xE2E4, 0xE2E4, 0xE2E4, 0xE2E4, 0xE2C3,
    0xF62D, 0xF62D, 0xFE2D, 0xFE4D, 0xFE4D, 0xFE4E, 0xFE4E, 0xFE6E, 0xFE6E, 0xFE6E, 0xFE8E, 0xFE8F, 0xFE6D, 0xFE6C, 0xFE6C, 0xFE6D,
    0xFE8D, 0xFE8D, 0xFE8D, 0xFEAD, 0xFEAD, 0xFEAD, 0xFEAD, 0xFEAE, 0xFECE, 0xFECE, 0xFECE, 0xFECE, 0xFEEE, 0xFEEE, 0xFEEE, 0xFEEE,
    0xFEEF, 0xFEEF, 0xFEEE, 0xFEEE, 0xFEEE, 0xFECE, 0xFECE, 0xFECE, 0xFECE, 0xFECE, 0xFEAD, 0xFECF, 0xFED0, 0xFED0, 0xFECF, 0xFECF,
    0xFECF, 0xFEAF, 0xFEAF, 0xFEAF, 0xFEAF, 0xFEAF, 0xFE8F, 0xFE8E, 0xFE8E, 0xFE8E, 0xFE8E, 0xFE6E, 0xFE6E, 0xFE6E, 0xFE6E, 0xFE6D,
    0xFE6D, 0xFE4D, 0xFE2B, 0xFE0A, 0xFE0A, 0xFDEA, 0xFDEA, 0xFDEA, 0xFDEA, 0xFDE9, 0xFDC9, 0xFDC9, 0xFDC9, 0xFDC9, 0xFDA9, 0xFDA9,
    0xFDA9, 0xFDA8, 0xFDA8, 0xFD88, 0xFD88, 0xFD88, 0xFDCB, 0xFDCB, 0xFDCB, 0xFDCB, 0xFDCA, 0xFDAA, 0xFDAA, 0xFDAA, 0xFDAA, 0xFDAA,
    0xFDAA, 0xFD8A, 0xFD8A, 0xFD89, 0xFD89, 0xFD69, 0xFD69, 0xFD69, 0xFD69, 0xFD48, 0xFCE5, 0xFCE5, 0xFCE5, 0xFCE5, 0xFCC5, 0xFCC5,
    0xFCC5, 0xFCC5, 0xFCA5, 0xFCA5, 0xFCA5, 0xFCA5, 0xFC85, 0xFC85, 0xFC85, 0xFC85, 0xFC65, 0xFC65, 0xFC65, 0xFC65, 0xFC45, 0xFC44,
    0xFC66, 0xFCC8, 0xFCA8, 0xFCA8, 0xFCA8, 0xFCA8, 0xF4A8, 0xF488, 0xF488, 0xF488, 0xF488, 0xF468, 0xF468, 0xF468, 0xF468, 0xF468,
    0xF448, 0xF448, 0xF448, 0xF448, 0xF428, 0xF428, 0xF428, 0xF428, 0xF428, 0xF408, 0xF408, 0xF408, 0xF3E8, 0xEBE7, 0xEBE8, 0xEBC7,
    0xEB24, 0xEB24, 0xEB24, 0xEB04, 0xEB04, 0xEB04, 0xE304, 0xE304, 0xE2E4, 0xE2E4, 0xE2E4, 0xE2C3, 0xF62D, 0xFE2D, 0xFE2D, 0xFE4D,
    0xFE4D, 0xFE4E, 0xFE6E, 0xFE6E, 0xFE6E, 0xFE8E, 0xFE8E, 0xFE8F, 0xFE8F, 0xFE6D, 0xFE6C, 0xFE6D, 0xFE8D, 0xFE8D, 0xFE8D, 0xFEAD,
    0xFEAD, 0xFEAD, 0xFEAD, 0xFEAE, 0xFECE, 0xFECE, 0xFECE, 0xFECE, 0xFEEE, 0xFEEE, 0xFEEE, 0xFEEF, 0xFEEF, 0xFEEF, 0xFEEF, 0xFEEE,
    0xFEEE, 0xFECE, 0xFECE, 0xFECE, 0xFECE, 0xFECE, 0xFEAD, 0xFEAE, 0xFED0, 0xFED0, 0xFECF, 0xFECF, 0xFECF, 0xFEAF, 0xFEAF, 0xFEAF,
    0xFEAF, 0xFEAF, 0xFE8F, 0xFE8E, 0xFE8E, 0xFE8E, 0xFE8E, 0xFE6E, 0xFE6E, 0xFE6E, 0xFE6E, 0xFE6E, 0xFE6D, 0xFE4D, 0xFE2C, 0xFE0A,
    0xFE0A, 0xFDEA, 0xFDEA, 0xFDEA, 0xFDEA, 0xFDE9, 0xFDC9, 0xFDC9, 0xFDC9, 0xFDC9, 0xFDA9, 0xFDA9, 0xFDA9, 0xFDA8, 0xFDA8, 0xFD88,
    0xFD88, 0xFD88, 0xFDCB, 0xFDCB, 0xFDCB, 0xFDCB, 0xFDCA, 0xFDAA, 0xFDAA, 0xFDAA, 0xFDAA, 0xFDAA, 0xFDAA, 0xFD8A, 0xFD8A, 0xFD89,
    0xFD89, 0xFD69, 0xFD69, 0xFD69, 0xFD69, 0xFD27, 0xFCE5, 0xFCE5, 0xFCE5, 0xFCE5, 0xFCC5, 0xFCC5, 0xFCC5, 0xFCC5, 0xFCA5, 0xFCA5,
    0xFCA5, 0xFCA5, 0xFC85, 0xFC85, 0xFC85, 0xFC85, 0xFC65, 0xFC65, 0xFC65, 0xFC65, 0xFC45, 0xFC45, 0xFCA8, 0xFCC8, 0xFCA8, 0xFCA8,
    0xFCA8, 0xFCA8, 0xF4A8, 0xF488, 0xF488, 0xF488, 0xF488, 0xF468, 0xF468, 0xF468, 0xF468, 0xF468, 0xF448, 0xF448, 0xF448, 0xF448,
    0xF428, 0xF428, 0xF428, 0xF428, 0xF428, 0xF408, 0xF408, 0xF408, 0xF3E8, 0xF408, 0xEBC7, 0xEB44, 0xEB24, 0xEB24, 0xEB24, 0xEB24,
    0xEB04, 0xEB04, 0xEB04, 0xE304, 0xE2E4, 0xE2E4, 0xE2E4, 0xE2C3, 0xFE2D, 0xFE2D, 0xFE2D, 0xFE4D, 0xFE4E, 0xFE4E, 0xFE6E, 0xFE6E,
    0xFE6E, 0xFE8E, 0xFE8E, 0xFE8E, 0xFE8F, 0xFE8F, 0xFE8D, 0xFE6C, 0xFE8D, 0xFE8D, 0xFE8D, 0xFEAD, 0xFEAD, 0xFEAD, 0xFEAD, 0xFEAE,
    0xFECE, 0xFECE, 0xFECE, 0xFECE, 0xFEEE, 0xFEEE, 0xFEEE, 0xFEEF, 0xFEEF, 0xFEEF, 0xFEEF, 0xFEEE, 0xFEEE, 0xFECE, 0xFECE, 0xFECE,
    0xFECE, 0xFECE, 0xFEAD, 0xFEAD, 0xFECF, 0xFED0, 0xFECF, 0xFECF, 0xFECF, 0xFEAF, 0xFEAF, 0xFEAF, 0xFEAF, 0xFEAF, 0xFE8F, 0xFE8F,
    0xFE8E, 0xFE8E, 0xFE8E, 0xFE6E, 0xFE6E, 0xFE6E, 0xFE6E, 0xFE6E, 0xFE6D, 0xFE6E, 0xFE4C, 0xFE0A, 0xFE0A, 0xFDEA, 0xFDEA, 0xFDEA,
    0xFDEA, 0xFDEA, 0xFDC9, 0xFDC9, 0xFDC9, 0xFDC9, 0xFDC9, 0xFDA9, 0xFDA9, 0xFDA9, 0xFDA8, 0xFDA8, 0xFD88, 0xFD88, 0xFDCB, 0xFDCB,
    0xFDCB, 0xFDCB, 0xFDCB, 0xFDCB, 0xFDAA, 0xFDAA, 0xFDAA, 0xFDAA, 0xFDAA, 0xFD8A, 0xFD8A, 0xFD8A, 0xFD89, 0xFD89, 0xFD69, 0xFD69,
    0xFD69, 0xFD06, 0xFCE5, 0xFCE5, 0xFCE5, 0xFCE5, 0xFCE5, 0xFCC5, 0xFCC5, 0xFCC5, 0xFCC5, 0xFCA5, 0xFCA5, 0xFCA5, 0xFC85, 0xFC85,
    0xFC85, 0xFC85, 0xFC65, 0xFC65, 0xFC65, 0xFC65, 0xFC44, 0xFC86, 0xFCC8, 0xFCA8, 0xFCA8, 0xFCA8, 0xFCA8, 0xFCA8, 0xF4A8, 0xF488,
    0xF488, 0xF488, 0xF488, 0xF468, 0xF468, 0xF468, 0xF468, 0xF468, 0xF448, 0xF448, 0xF448, 0xF448, 0xF428, 0xF428, 0xF428, 0xF428,
    0xF428, 0xF408, 0xF408, 0xF408, 0xF408, 0xF3C7, 0xEB44, 0xEB44, 0xEB44, 0xEB24, 0xEB24, 0xEB24, 0xEB04, 0xEB04, 0xEB04, 0xE304,
    0xE2E4, 0xE2E4, 0xE2E4, 0xE2C3, 0xFE2D, 0xFE2D, 0xFE4D, 0xFE4D, 0xFE4E, 0xFE6E, 0xFE6E, 0xFE6E, 0xFE6E, 0xFE8E, 0xFE8E, 0xFE8E,
    0xFEAF, 0xFEAF, 0xFEAF, 0xFE8D, 0xFE8C, 0xFE8D, 0xFE8D, 0xFEAD, 0xFEAD, 0xFEAD, 0xFEAD, 0xFEAE, 0xFECE, 0xFECE, 0xFECE, 0xFECE,
    0xFEEE, 0xFEEE, 0xFEEE, 0xFEEE, 0xFEEF, 0xFEEE, 0xFEEE, 0xFEEE, 0xFEEE, 0xFECE, 0xFECE, 0xFECE, 0xFECE, 0xFECE, 0xFEAD, 0xFEAD,
    0xFEAD, 0xFECF, 0xFED0, 0xFECF, 0xFECF, 0xFEAF, 0xFEAF, 0xFEAF, 0xFEAF, 0xFEAF, 0xFE8F, 0xFE8E, 0xFE8E, 0xFE8E, 0xFE6E, 0xFE6E,
    0xFE6E, 0xFE6E, 0xFE6D, 0xFE4D, 0xFE4D, 0xFE4D, 0xFE4D, 0xFE0A, 0xFDEA, 0xFDEA, 0xFDEA, 0xFDE9, 0xFDC9, 0xFDC9, 0xFDC9, 0xFDC9,
    0xFDC9, 0xFDA9, 0xFDA8, 0xFDA8, 0xFDA8, 0xFDA8, 0xFD88, 0xFD88, 0xFD88, 0xFD88, 0xFDCA, 0xFDCB, 0xFDCA, 0xFDCA, 0xFDAA, 0xFDAA,
    0xFDAA, 0xFDAA, 0xFD8A, 0xFD8A, 0xFD8A, 0xFD89, 0xFD89, 0xFD89, 0xFD69, 0xFD69, 0xFD69, 0xFD69, 0xFD48, 0xFCE5, 0xFCE5, 0xFCE5,
    0xFCC5, 0xFCC5, 0xFCC5, 0xFCC5, 0xFCA5, 0xFCA4, 0xFCA4, 0xFCA4, 0xFC84, 0xFCA5, 0xFCA5, 0xFCA5, 0xFC85, 0xFC85, 0xFC65, 0xFC65,
    0xFC65, 0xFC44, 0xFC65, 0xFCC8, 0xFCC8, 0xFCC8, 0xFCA8, 0xFCA8, 0xFCA8, 0xFCA8, 0xF4A8, 0xF488, 0xF488, 0xF488, 0xF488, 0xF468,
    0xF468, 0xF468, 0xF468, 0xF468, 0xF448, 0xF448, 0xF448, 0xF448, 0xF428, 0xF428, 0xF428, 0xF428, 0xF428, 0xF408, 0xF408, 0xF408,
    0xF3C7, 0xEB44, 0xEB44, 0xEB44, 0xEB44, 0xEB24, 0xEB24, 0xEB24, 0xEB04, 0xEB04, 0xEB04, 0xE304, 0xE2E4, 0xE2E4, 0xE2E4, 0xE2C3,
    0xFE2D, 0xFE2D, 0xFE4D, 0xFE4D, 0xFE4E, 0xFE6E, 0xFE6E, 0xFE6E, 0xFE6E, 0xFE8E, 0xFE8E, 0xFE8E, 0xFEAF, 0xFEAF, 0xFEAF, 0xFEAF,
    0xFE8D, 0xFE8D, 0xFE8D, 0xFEAD, 0xFEAD, 0xFEAD, 0xFEAD, 0xFEAE, 0xFECE, 0xFECE, 0xFECE, 0xFECE, 0xFECE, 0xFEEE, 0xFEEE, 0xFEEE,
    0xFEEE, 0xFEEE, 0xFEEE, 0xFEEE, 0xFEEE, 0xFECE, 0xFECE, 0xFECE, 0xFECE, 0xFECE, 0xFEAD, 0xFEAD, 0xFEAD, 0xFEAE, 0xFED0, 0xFECF,
    0xFEAF, 0xFEAF, 0xFEAF, 0xFEAF, 0xFE8E, 0xFE8E, 0xFE8F, 0xFEAF, 0xFEAF, 0xFE8F, 0xFE8F, 0xFE8F, 0xFE8F, 0xFE8F, 0xFE8E, 0xFE6E,
    0xFE6E, 0xFE6E, 0xFE6E, 0xFE2C, 0xFE0B, 0xFE0B, 0xFE0B, 0xFE0B, 0xFDEB, 0xFDEA, 0xFDEA, 0xFDEA, 0xFDEA, 0xFDCA, 0xFDCA, 0xFDCA,
    0xFDCA, 0xFDC9, 0xFDA9, 0xFDA9, 0xFDA9, 0xFDA9, 0xFDEC, 0xFDEC, 0xFDEC, 0xFDEC, 0xFDCB, 0xFDCB, 0xFDCB, 0xFDCB, 0xFDAB, 0xFDAB,
    0xFDAB, 0xFDAB, 0xFDAB, 0xFDAA, 0xFD8A, 0xFD8A, 0xFD8A, 0xFD8A, 0xFD69, 0xFD06, 0xFD06, 0xFD06, 0xFD06, 0xFD06, 0xFCE6, 0xFCE6,
    0xFCE6, 0xFCE6, 0xFCE6, 0xFCC6, 0xFCC6, 0xFCA5, 0xFC43, 0xFC63, 0xFC85, 0xFC85, 0xFC65, 0xFC65, 0xFC65, 0xFC44, 0xFCA7, 0xFCC8,
    0xFCC8, 0xFCC8, 0xFCA8, 0xFCA8, 0xFCA8, 0xFCA8, 0xF4A8, 0xF488, 0xF488, 0xF488, 0xF488, 0xF468, 0xF468, 0xF468, 0xF468, 0xF468,
    0xF448, 0xF448, 0xF448, 0xF448, 0xF428, 0xF428, 0xF428, 0xF428, 0xF428, 0xF408, 0xF408, 0xF3E7, 0xF364, 0xEB64, 0xEB44, 0xEB44,
    0xEB44, 0xEB24, 0xEB24, 0xEB24, 0xEB24, 0xEB04, 0xEB04, 0xEB04, 0xE2E4, 0xE2E4, 0xE2E4, 0xE2C3, 0xFE2D, 0xFE2D, 0xFE4D, 0xFE4D,
    0xFE4E, 0xFE6E, 0xFE6E, 0xFE6E, 0xFE6E, 0xFE8E, 0xFE8E, 0xFE8F, 0xFE8F, 0xFEAF, 0xFEAF, 0xFEAF, 0xFEAF, 0xFE8D, 0xFE8D, 0xFE8D,
    0xFEAD, 0xFEAD, 0xFEAD, 0xFEAD, 0xFECE, 0xFECE, 0xFECE, 0xFECE, 0xFECE, 0xFECE, 0xFEEE, 0xFEEE, 0xFEEE, 0xFEEE, 0xFEEE, 0xFECE,
    0xFECE, 0xFECE, 0xFECE, 0xFECE, 0xFECE, 0xFEAE, 0xFEAD, 0xFEAD, 0xFEAD, 0xFEAD, 0xFECF, 0xFECF, 0xFEAF, 0xFEAF, 0xFEAF, 0xFE8E,
    0xFEF3, 0xFF79, 0xFFBC, 0xFFBD, 0xFFBD, 0xFFBD, 0xFFBD, 0xFFBD, 0xFFDD, 0xFFDD, 0xFFDD, 0xFFDD, 0xFFBD, 0xFFBD, 0xFFDD, 0xFFBD,
    0xFFBD, 0xFFBD, 0xFFBD, 0xFFBD, 0xFFBC, 0xFFBC, 0xFFBC, 0xFFBC, 0xFFBC, 0xFF9C, 0xFF9C, 0xFFBC, 0xFFBC, 0xFFBC, 0xFFBC, 0xFFBC,
    0xFFBC, 0xFFBC, 0xFF9C, 0xFFBD, 0xFFBD, 0xFFBD, 0xFFBD, 0xFFBD, 0xFF9C, 0xFF9C, 0xFFBD, 0xFFBD, 0xFFBD, 0xFFBD, 0xFFBC, 0xFFBC,
    0xFF9C, 0xFF9C, 0xFF9C, 0xFF9C, 0xFF9C, 0xFF9C, 0xFF9C, 0xFF9C, 0xFF9C, 0xFF9C, 0xFF9C, 0xFF9C, 0xFF7C, 0xFF7C, 0xFF7C, 0xFF7C,
    0xFF9C, 0xFF5A, 0xFEB6, 0xFD6B, 0xFC64, 0xFC64, 0xFC85, 0xFC65, 0xFC64, 0xFC65, 0xFCC8, 0xFCC8, 0xFCC8, 0xFCC8, 0xFCA8, 0xFCA8,
    0xFCA8, 0xF4A8, 0xF4A8, 0xF488, 0xF488, 0xF488, 0xF488, 0xF468, 0xF468, 0xF468, 0xF468, 0xF468, 0xF448, 0xF448, 0xF448, 0xF448,
    0xF428, 0xF428, 0xF428, 0xF428, 0xF408, 0xF428, 0xF3E7, 0xF364, 0xF364, 0xEB64, 0xEB44, 0xEB44, 0xEB44, 0xEB24, 0xEB24, 0xEB24,
    0xEB24, 0xEB04, 0xEB04, 0xEB04, 0xEAE4, 0xE2E4, 0xE2E4, 0xE2E3, 0xFE2D, 0xFE2D, 0xFE4D, 0xFE4D, 0xFE4E, 0xFE6E, 0xFE6E, 0xFE6E,
    0xFE6E, 0xFE8E, 0xFE8E, 0xFE8F, 0xFE8F, 0xFEAF, 0xFEAF, 0xFEAF, 0xFEAF, 0xFEAF, 0xFEAD, 0xFE8D, 0xFEAD, 0xFEAD, 0xFEAD, 0xFEAD,
    0xFEAE, 0xFECE, 0xFECE, 0xFECE, 0xFECE, 0xFECE, 0xFECE, 0xFECE, 0xFEEE, 0xFEEE, 0xFECE, 0xFECE, 0xFECE, 0xFECE, 0xFECE, 0xFECE,
    0xFEAE, 0xFEAD, 0xFEAD, 0xFEAD, 0xFEAD, 0xFE8D, 0xFEAE, 0xFECF, 0xFECF, 0xFEAF, 0xFEAF, 0xFF99, 0xFFFF, 0xFFFF, 0xFFFF, 0xFFFF,
    0xFFFF, 0xFFFF, 0xFFFF, 0xFFFF, 0xFFFF, 0xFFFF, 0xFFFF, 0xFFFF, 0xFFFF, 0xFFFF, 0xFFFF, 0xFFFF, 0xFFFF, 0xFFFF, 0xFFFF, 0xFFFF,
    0xFFFF, 0xFFFF, 0xFFFF, 0xFFFF, 0xFFFF, 0xFFFF, 0xFFFF, 0xFFFF, 0xFFFF, 0xFFFF, 0xFFFF, 0xFFFF, 0xFFFF, 0xFFFF, 0xFFFF, 0xFFFF,
    0xFFFF, 0xFFFF, 0xFFFF, 0xFFFF, 0xFFFF, 0xFFFF, 0xFFFF, 0xFFFF, 0xFFFF, 0xFFFF, 0xFFFF, 0xFFFF, 0xFFFF, 0xFFFF, 0xFFFF, 0xFFFF,
    0xFFFF, 0xFFFF, 0xFFFF, 0xFFFF, 0xFFFF, 0xFFFF, 0xFFFF, 0xFFFF, 0xFFFF, 0xFFFF, 0xFFFF, 0xFFFF, 0xFFFF, 0xFFFF, 0xFFFF, 0xFFFF,
    0xFEB5, 0xFCA5, 0xFC64, 0xFC65, 0xFC65, 0xFCA7, 0xFCC8, 0xFCC8, 0xFCC8, 0xFCC8, 0xFCA8, 0xFCA8, 0xFCA8, 0xF4A8, 0xF4A8, 0xF488,
    0xF488, 0xF488, 0xF488, 0xF468, 0xF468, 0xF468, 0xF468, 0xF468, 0xF448, 0xF448, 0xF448, 0xF448, 0xF428, 0xF428, 0xF428, 0xF428,
    0xF428, 0xF3E7, 0xF364, 0xF364, 0xF364, 0xEB64, 0xEB44, 0xEB44, 0xEB44, 0xEB44, 0xEB24, 0xEB24, 0xEB24, 0xEB04, 0xEB04, 0xEB04,
    0xEAE4, 0xE2E4, 0xE2E4, 0xE2E3, 0xFE2D, 0xFE2D, 0xFE4D, 0xFE4D, 0xFE4E, 0xFE6E, 0xFE6E, 0xFE6E, 0xFE6E, 0xFE8E, 0xFE8E, 0xFE8E,
    0xFE8F, 0xFEAF, 0xFEAF, 0xFEAF, 0xFEAF, 0xFEAF, 0xFECF, 0xFEAD, 0xFE8D, 0xFEAD, 0xFEAD, 0xFEAD, 0xFEAD, 0xFECE, 0xFECE, 0xFECE,
    0xFECE, 0xFECE, 0xFECE, 0xFECE, 0xFECE, 0xFECE, 0xFECE, 0xFECE, 0xFECE, 0xFECE, 0xFECE, 0xFECE, 0xFEAE, 0xFEAD, 0xFEAD, 0xFEAD,
    0xFEAD, 0xFE8D, 0xFE8D, 0xFEAF, 0xFEAF, 0xFEAF, 0xFFBC, 0xFFFF, 0xFFFF, 0xFF9D, 0xFE98, 0xFEB8, 0xFEB8, 0xFEB8, 0xFE98, 0xFEFA,
    0xFFFF, 0xFFFF, 0xFFFF, 0xFFDE, 0xF5D3, 0xFF1A, 0xFFFF, 0xFFFF, 0xFFFF, 0xFFFF, 0xFFFF, 0xFFFF, 0xFFFF, 0xFFFF, 0xFFFF, 0xFFFF,
    0xFFFF, 0xF615, 0xF615, 0xFFFF, 0xFFFF, 0xFFFF, 0xFFFF, 0xFFFF, 0xFFFF, 0xFF1B, 0xF5D3, 0xFFDE, 0xFFFF, 0xFFFF, 0xFFFF, 0xFFFF,
    0xFE77, 0xF656, 0xFFFF, 0xFFFF, 0xFFFF, 0xFFFF, 0xFFFF, 0xFF9D, 0xF656, 0xF592, 0xF5B3, 0xFEB9, 0xFFFF, 0xFFFF, 0xFFFF, 0xFFFF,
    0xFFFF, 0xFFFF, 0xFFBE, 0xFEB8, 0xFE98, 0xFE98, 0xFE98, 0xFEB8, 0xFF3B, 0xFFFF, 0xFFFF, 0xFFFF, 0xFFFF, 0xFF3A, 0xFC86, 0xFC44,
    0xFC86, 0xFCE8, 0xFCC8, 0xFCC8, 0xFCC8, 0xFCC8, 0xFCA8, 0xFCA8, 0xFCA8, 0xF4A8, 0xF4A8, 0xF488, 0xF488, 0xF488, 0xF488, 0xF468,
    0xF468, 0xF468, 0xF468, 0xF468, 0xF448, 0xF448, 0xF448, 0xF448, 0xF428, 0xF428, 0xF428, 0xF428, 0xF3E7, 0xF384, 0xF364, 0xF364,
    0xF364, 0xEB64, 0xEB44, 0xEB44, 0xEB44, 0xEB44, 0xEB24, 0xEB24, 0xEB24, 0xEB04, 0xEB04, 0xEB04, 0xEAE4, 0xE2E4, 0xE2E4, 0xE2E3,
    0xFE2D, 0xFE4D, 0xFE4D, 0xFE4D, 0xFE6E, 0xFE6E, 0xFE6E, 0xFE6E, 0xFE6E, 0xFE8E, 0xFE8E, 0xFE8E, 0xFEAF, 0xFEAF, 0xFEAF, 0xFEAF,
    0xFEAF, 0xFEAF, 0xFEAF, 0xFECF, 0xFEAE, 0xFEAD, 0xFEAD, 0xFEAD, 0xFEAD, 0xFEAD, 0xFEAE, 0xFECE, 0xFECE, 0xFECE, 0xFECE, 0xFECE,
    0xFECE, 0xFECE, 0xFECE, 0xFECE, 0xFECE, 0xFECE, 0xFECE, 0xFEAE, 0xFEAD, 0xFEAD, 0xFEAD, 0xFEAD, 0xFEAD, 0xFE8D, 0xFE8D, 0xFE8D,
    0xFEAE, 0xFF99, 0xFFFF, 0xFFFF, 0xFFFF, 0xECAE, 0xE200, 0xE221, 0xE200, 0xE200, 0xE1E0, 0xE262, 0xFF3B, 0xFFFF, 0xFFFF, 0xF677,
    0xE1C0, 0xEC6C, 0xFFFF, 0xFFFF, 0xFFFF, 0xFFFF, 0xFFFF, 0xFFFF, 0xFFFF, 0xFFFF, 0xFFFF, 0xFFFF, 0xF615, 0xE220, 0xE220, 0xF636,
    0xFFFF, 0xFFFF, 0xFFFF, 0xFFFF, 0xFFFF, 0xECAE, 0xD980, 0xF615, 0xFFFF, 0xFFFF, 0xFFFF, 0xFF9E, 0xE2E4, 0xE2C3, 0xFFBE, 0xFFFF,
    0xFFFF, 0xFFFF, 0xF677, 0xE305, 0xE200, 0xE200, 0xE200, 0xE220, 0xEBEA, 0xFF5C, 0xFFFF, 0xFFFF, 0xFFFF, 0xFFFF, 0xF551, 0xE200,
    0xE261, 0xE221, 0xE241, 0xE220, 0xE282, 0xF531, 0xFFFF, 0xFFFF, 0xFFFF, 0xFFFF, 0xFEB6, 0xFC43, 0xFCE8, 0xFCC8, 0xFCC8, 0xFCC8,
    0xFCC8, 0xFCC8, 0xFCA8, 0xFCA8, 0xFCA8, 0xF4A8, 0xF4A8, 0xF488, 0xF488, 0xF488, 0xF468, 0xF468, 0xF468, 0xF468, 0xF468, 0xF468,
    0xF448, 0xF448, 0xF448, 0xF448, 0xF428, 0xF428, 0xF428, 0xF407, 0xF384, 0xF384, 0xF364, 0xF364, 0xF364, 0xEB64, 0xEB44, 0xEB44,
    0xEB44, 0xEB44, 0xEB24, 0xEB24, 0xEB24, 0xEB04, 0xEB04, 0xEB04, 0xEAE4, 0xEAE4, 0xE2E4, 0xE2E3, 0xFE2D, 0xFE4D, 0xFE4D, 0xFE4D,
    0xFE6E, 0xFE6E, 0xFE6E, 0xFE6E, 0xFE6E, 0xFE8E, 0xFE8E, 0xFE8E, 0xFEAF, 0xFEAF, 0xFEAF, 0xFEAF, 0xFEAF, 0xFEAF, 0xFEAF, 0xFECF,
    0xFECF, 0xFEAE, 0xFEAD, 0xFEAD, 0xFEAD, 0xFEAD, 0xFEAD, 0xFECE, 0xFECE, 0xFECE, 0xFECE, 0xFECE, 0xFECE, 0xFECE, 0xFECE, 0xFECE,
    0xFECE, 0xFECE, 0xFECE, 0xFEAD, 0xFEAD, 0xFEAD, 0xFEAD, 0xFEAD, 0xFE8D, 0xFE8D, 0xFE8D, 0xFE6C, 0xFEF2, 0xFFFF, 0xFFFF, 0xFFFF,
    0xFFFF, 0xEC0B, 0xE221, 0xECCF, 0xF5B3, 0xF592, 0xF592, 0xF615, 0xFFDF, 0xFFFF, 0xFFFF, 0xF656, 0xE220, 0xEC4C, 0xFFFF, 0xFFFF,
    0xFFFF, 0xFFFF, 0xFFFF, 0xFFFF, 0xFFFF, 0xFFFF, 0xFFFF, 0xFFFF, 0xEBC9, 0xE283, 0xE282, 0xEBEA, 0xFFFF, 0xFFFF, 0xFFFF, 0xFFFF,
    0xFFFF, 0xF615, 0xE200, 0xEC2B, 0xFFFF, 0xFFDF, 0xFFFF, 0xF677, 0xE200, 0xEC4C, 0xFFFF, 0xFFFF, 0xFFFF, 0xFEFA, 0xE2A3, 0xE241,
    0xF4EF, 0xFEB8, 0xF656, 0xEBEA, 0xE1E0, 0xEBA9, 0xFFDE, 0xFFFF, 0xFFFF, 0xFFFF, 0xECAE, 0xE200, 0xF531, 0xFEB9, 0xFEB8, 0xF5D4,
    0xE2E4, 0xE221, 0xFE98, 0xFFFF, 0xFFFF, 0xFFFF, 0xFFFF, 0xFD8D, 0xFCA7, 0xFCC9, 0xFCC8, 0xFCC8, 0xFCC8, 0xFCC8, 0xFCA8, 0xFCA8,
    0xFCA8, 0xF4A8, 0xF4A8, 0xF488, 0xF488, 0xF488, 0xF468, 0xF468, 0xF468, 0xF468, 0xF468, 0xF448, 0xF448, 0xF448, 0xF448, 0xF428,
    0xF428, 0xF448, 0xF407, 0xF384, 0xF384, 0xF384, 0xF364, 0xF364, 0xF364, 0xEB44, 0xEB44, 0xEB44, 0xEB44, 0xEB44, 0xEB24, 0xEB24,
    0xEB24, 0xEB04, 0xEB04, 0xEB04, 0xEAE4, 0xEAE4, 0xE2E4, 0xE2E3, 0xFE2D, 0xFE4D, 0xFE4D, 0xFE4D, 0xFE4E, 0xFE6E, 0xFE6E, 0xFE6E,
    0xFE6E, 0xFE8E, 0xFE8E, 0xFE8E, 0xFE8F, 0xFEAF, 0xFEAF, 0xFEAF, 0xFEAF, 0xFEAF, 0xFEAF, 0xFECF, 0xFECF, 0xFECF, 0xFEAE, 0xFEAD,
    0xFEAD, 0xFEAD, 0xFEAD, 0xFEAD, 0xFEAD, 0xFEAE, 0xFECE, 0xFECE, 0xFECE, 0xFECE, 0xFECE, 0xFECE, 0xFEAE, 0xFEAD, 0xFEAD, 0xFEAD,
    0xFEAD, 0xFEAD, 0xFEAD, 0xFEAD, 0xFE8D, 0xFE8D, 0xFE8D, 0xFE6B, 0xFF78, 0xFFFF, 0xFFFF, 0xFFFF, 0xFFFF, 0xEC2B, 0xE200, 0xFEFA,
    0xFFFF, 0xFFFF, 0xFFFF, 0xFFFF, 0xFFFF, 0xFFFF, 0xFFFF, 0xF656, 0xE200, 0xEC4C, 0xFFFF, 0xFFFF, 0xFFFF, 0xFFFF, 0xFFFF, 0xFFFF,
    0xFFFF, 0xFFFF, 0xFFFF, 0xFEFA, 0xE221, 0xECAE, 0xEC6C, 0xE241, 0xFF1A, 0xFFFF, 0xFFFF, 0xFFFF, 0xFFFF, 0xFFBE, 0xE2E5, 0xE2C4,
    0xFF5C, 0xFFFF, 0xFFFF, 0xECAE, 0xE1E0, 0xF636, 0xFFFF, 0xFFDF, 0xFFFF, 0xECAE, 0xE1E0, 0xF4EF, 0xFFFF, 0xFFFF, 0xFFFF, 0xFFDF,
    0xEBA8, 0xE200, 0xF635, 0xFFFF, 0xFFDF, 0xFFFF, 0xECCF, 0xE1E0, 0xF636, 0xFFFF, 0xFFFF, 0xFFFF, 0xECCE, 0xE1E0, 0xF5D4, 0xFFFF,
    0xFFFF, 0xFFFF, 0xFFFF, 0xFEB6, 0xFCA7, 0xFCE9, 0xFCC8, 0xFCC8, 0xFCC8, 0xFCA8, 0xFCA8, 0xFCA8, 0xFCA8, 0xF4A8, 0xF488, 0xF488,
    0xF488, 0xF488, 0xF468, 0xF468, 0xF468, 0xF468, 0xF468, 0xF448, 0xF448, 0xF448, 0xF448, 0xF428, 0xF448, 0xF407, 0xF384, 0xF384,
    0xF384, 0xF364, 0xF364, 0xF364, 0xF364, 0xEB44, 0xEB44, 0xEB44, 0xEB44, 0xEB44, 0xEB24, 0xEB24, 0xEB24, 0xEB04, 0xEB04, 0xEB04,
    0xEAE4, 0xEAE4, 0xE2E4, 0xE2E3, 0xFE2D, 0xFE4D, 0xFE4D, 0xFE4D, 0xFE4D, 0xFE6E, 0xFE6E, 0xFE6E, 0xFE6E, 0xFE8E, 0xFE8E, 0xFE8E,
    0xFE8E, 0xFE8F, 0xFEAF, 0xFEAF, 0xFEAF, 0xFEAF, 0xFEAF, 0xFEAF, 0xFECF, 0xFECF, 0xFECF, 0xFEAE, 0xFEAD, 0xFEAD, 0xFEAD, 0xFEAD,
    0xFEAD, 0xFEAD, 0xFEAD, 0xFEAE, 0xFEAE, 0xFEAE, 0xFEAE, 0xFEAD, 0xFEAD, 0xFEAD, 0xFEAD, 0xFEAD, 0xFEAD, 0xFEAD, 0xFEAD, 0xFE8D,
    0xFE8D, 0xFE8D, 0xFE8D, 0xFE8C, 0xFFBB, 0xFFFF, 0xFFFF, 0xFFFF, 0xFFFF, 0xEC2B, 0xE220, 0xF531, 0xF636, 0xF615, 0xF616, 0xFF7D,
    0xFFFF, 0xFFFF, 0xFFFF, 0xF656, 0xE200, 0xEC4C, 0xFFFF, 0xFFFF, 0xFFFF, 0xFFFF, 0xFFFF, 0xFFFF, 0xFFFF, 0xFFFF, 0xFFFF, 0xF50F,
    0xE1C0, 0xFEB9, 0xF656, 0xE1C0, 0xF510, 0xFFFF, 0xFFFF, 0xFFFF, 0xFFFF, 0xFFFF, 0xECAE, 0xE1E0, 0xF5F4, 0xFFFF, 0xFFBE, 0xE305,
    0xE305, 0xFFBE, 0xFFFF, 0xFFFF, 0xFFDF, 0xEB88, 0xE241, 0xFEFA, 0xFFFF, 0xFFFF, 0xFFDF, 0xFFFF, 0xF592, 0xE1C0, 0xF4EF, 0xFFFF,
    0xFFDE, 0xFFFF, 0xECCE, 0xE1E0, 0xF592, 0xFF5C, 0xFF1B, 0xF656, 0xE2E5, 0xE221, 0xFEB9, 0xFFFF, 0xFFFF, 0xFFFF, 0xFFFF, 0xFF5A,
    0xFCC8, 0xFCC8, 0xFCC8, 0xFCC8, 0xFCC8, 0xFCA8, 0xFCA8, 0xFCA8, 0xFCA8, 0xF4A8, 0xF488, 0xF488, 0xF488, 0xF488, 0xF468, 0xF468,
    0xF468, 0xF468, 0xF468, 0xF448, 0xF448, 0xF448, 0xF448, 0xF448, 0xF407, 0xF384, 0xF384, 0xF384, 0xF384, 0xF364, 0xF364, 0xF364,
    0xF364, 0xEB44, 0xEB44, 0xEB44, 0xEB44, 0xEB44, 0xEB24, 0xEB24, 0xEB24, 0xEB04, 0xEB04, 0xEB04, 0xEAE4, 0xEAE4, 0xE2E4, 0xE2E3,
    0xFE2D, 0xFE4D, 0xFE4D, 0xFE4D, 0xFE4D, 0xFE6E, 0xFE6E, 0xFE6E, 0xFE6E, 0xFE8E, 0xFE8E, 0xFE8E, 0xFE8E, 0xFE8F, 0xFEAF, 0xFEAF,
    0xFEAF, 0xFEAF, 0xFEAF, 0xFEAF, 0xFEAF, 0xFECF, 0xFECF, 0xFECF, 0xFEAE, 0xFEAD, 0xFEAD, 0xFEAD, 0xFEAD, 0xFEAD, 0xFEAD, 0xFEAD,
    0xFEAD, 0xFEAD, 0xFEAD, 0xFEAD, 0xFEAD, 0xFEAD, 0xFEAD, 0xFEAD, 0xFEAD, 0xFEAD, 0xFE8D, 0xFE8D, 0xFE8D, 0xFE8D, 0xFE8C, 0xFE8D,
    0xFFDD, 0xFFFF, 0xFFFF, 0xFFFF, 0xFFFF, 0xEC2B, 0xE241, 0xE262, 0xE242, 0xE261, 0xE201, 0xF5D4, 0xFFFF, 0xFFDF, 0xFFFF, 0xF656,
    0xE200, 0xEC4C, 0xFFFF, 0xFFFF, 0xFFFF, 0xFFFF, 0xFFFF, 0xFFFF, 0xFFFF, 0xFFFF, 0xFF9E, 0xE305, 0xE325, 0xFFDF, 0xFFBE, 0xE2E4,
    0xE305, 0xFFBE, 0xFFFF, 0xFFFF, 0xFFFF, 0xFFFF, 0xFE98, 0xE200, 0xEC2B, 0xFFFF, 0xF657, 0xE200, 0xECCE, 0xFFFF, 0xFFFF, 0xFFFF,
    0xFF9D, 0xE305, 0xE2A3, 0xFF7C, 0xFFFF, 0xFFFF, 0xFFFF, 0xFFFF, 0xF636, 0xE1E0, 0xEC8D, 0xFFFF, 0xFFDF, 0xFFFF, 0xECAE, 0xE241,
    0xE282, 0xE261, 0xE283, 0xE282, 0xE325, 0xF5B3, 0xFFFF, 0xFFFF, 0xFFFF, 0xFFFF, 0xFFFF, 0xFF9C, 0xFCE9, 0xFCC8, 0xFCC8, 0xFCC8,
    0xFCC8, 0xFCA8, 0xFCA8, 0xFCA8, 0xFCA8, 0xF4A8, 0xF488, 0xF488, 0xF488, 0xF488, 0xF468, 0xF468, 0xF468, 0xF468, 0xF468, 0xF448,
    0xF448, 0xF448, 0xF448, 0xF407, 0xF3A4, 0xF384, 0xF384, 0xF384, 0xF384, 0xF364, 0xF364, 0xF364, 0xEB64, 0xEB44, 0xEB44, 0xEB44,
    0xEB44, 0xEB44, 0xEB24, 0xEB24, 0xEB24, 0xEB04, 0xEB04, 0xEB04, 0xEAE4, 0xEAE4, 0xEAE4, 0xE2E3, 0xFE2D, 0xFE4D, 0xFE4D, 0xFE4D,
    0xFE4D, 0xFE6E, 0xFE6E, 0xFE6E, 0xFE6E, 0xFE8E, 0xFE8E, 0xFE8E, 0xFE8E, 0xFE8E, 0xFE8F, 0xFEAF, 0xFEAF, 0xFEAF, 0xFEAF, 0xFEAF,
    0xFEAF, 0xFEAF, 0xFECF, 0xFECF, 0xFECF, 0xFEAE, 0xFEAD, 0xFEAD, 0xFEAD, 0xFEAD, 0xFEAD, 0xFEAD, 0xFEAD, 0xFEAD, 0xFEAD, 0xFEAD,
    0xFEAD, 0xFEAD, 0xFEAD, 0xFEAD, 0xFE8D, 0xFE8D, 0xFE8D, 0xFE8D, 0xFE8D, 0xFE8D, 0xFE8C, 0xFE8D, 0xFFBC, 0xFFFF, 0xFFFF, 0xFFFF,
    0xFFFF, 0xEC2B, 0xE220, 0xF5B3, 0xFEFA, 0xFED9, 0xFED9, 0xFFBE, 0xFFFF, 0xFFFF, 0xFFFF, 0xF656, 0xE200, 0xEC4C, 0xFFFF, 0xFFFF,
    0xFFFF, 0xFFFF, 0xFFFF, 0xFFFF, 0xFFFF, 0xFFFF, 0xF636, 0xE200, 0xEC4C, 0xFED9, 0xFED9, 0xEC0A, 0xE200, 0xF615, 0xFFFF, 0xFFFF,
    0xFFFF, 0xFFFF, 0xFFDE, 0xEB67, 0xE282, 0xFFDE, 0xF4CF, 0xE200, 0xFEB9, 0xFFFF, 0xFFFF, 0xFFFF, 0xFFBE, 0xEB47, 0xE262, 0xFF3B,
    0xFFFF, 0xFFFF, 0xFFFF, 0xFFFF, 0xF5D4, 0xE1E0, 0xECAE, 0xFFFF, 0xFFDE, 0xFFFF, 0xECCE, 0xE200, 0xECAE, 0xF5D4, 0xEB67, 0xE241,
    0xF592, 0xFFFF, 0xFFFF, 0xFFFF, 0xFFFF, 0xFFFF, 0xFFFF, 0xFF7B, 0xFCE8, 0xFCC8, 0xFCC8, 0xFCC8, 0xFCC8, 0xFCA8, 0xFCA8, 0xFCA8,
    0xFCA8, 0xF4A8, 0xF488, 0xF488, 0xF488, 0xF488, 0xF468, 0xF468, 0xF468, 0xF468, 0xF468, 0xF448, 0xF448, 0xF448, 0xF427, 0xF3A4,
    0xF3A4, 0xF384, 0xF384, 0xF384, 0xF384, 0xF364, 0xF364, 0xF364, 0xEB64, 0xEB44, 0xEB44, 0xEB44, 0xEB44, 0xEB24, 0xEB24, 0xEB24,
    0xEB24, 0xEB04, 0xEB04, 0xEB04, 0xEAE4, 0xEAE4, 0xEAE4, 0xEAE4, 0xFE2D, 0xFE4D, 0xFE4D, 0xFE4D, 0xFE4D, 0xFE6E, 0xFE6E, 0xFE6E,
    0xFE6E, 0xFE6E, 0xFE8E, 0xFE8E, 0xFE8E, 0xFE8E, 0xFE8F, 0xFEAF, 0xFEAF, 0xFEAF, 0xFEAF, 0xFEAF, 0xFEAF, 0xFEAF, 0xFEAF, 0xFECF,
    0xFECF, 0xFECF, 0xFEAE, 0xFE8D, 0xFEAD, 0xFEAD, 0xFEAD, 0xFEAD, 0xFEAD, 0xFEAD, 0xFEAD, 0xFEAD, 0xFEAD, 0xFEAD, 0xFE8D, 0xFE8D,
    0xFE8D, 0xFE8D, 0xFE8D, 0xFE8D, 0xFE8D, 0xFE8C, 0xFE8D, 0xFE6B, 0xFF79, 0xFFFF, 0xFFFF, 0xFFFF, 0xFFFF, 0xEC2B, 0xE200, 0xFEB8,
    0xFFFF, 0xFFFF, 0xFFFF, 0xFFFF, 0xFFFF, 0xFFFF, 0xFFFF, 0xF656, 0xE200, 0xEC4C, 0xFFFF, 0xFFFF, 0xFFFF, 0xFFFF, 0xFFFF, 0xFFFF,
    0xFFFF, 0xFFFF, 0xEC0A, 0xE241, 0xE262, 0xE221, 0xE221, 0xE262, 0xE241, 0xEBEA, 0xFFFF, 0xFFFF, 0xFFFF, 0xFFFF, 0xFFFF, 0xF530,
    0xE1E0, 0xF5B3, 0xE346, 0xEB46, 0xFFDE, 0xFFFF, 0xFFFF, 0xFFFF, 0xFFFF, 0xEC4C, 0xE1E0, 0xF5B3, 0xFFFF, 0xFFFF, 0xFFFF, 0xFFFF,
    0xEC2B, 0xE1E0, 0xF5B3, 0xFFFF, 0xFFDF, 0xFFFF, 0xECCF, 0xE1E0, 0xF636, 0xFFFF, 0xFF5C, 0xE305, 0xE221, 0xF615, 0xFFFF, 0xFFFF,
    0xFFFF, 0xFFFF, 0xFFFF, 0xFEF7, 0xFCA7, 0xFCC8, 0xFCC8, 0xFCC8, 0xFCC8, 0xFCA8, 0xFCA8, 0xFCA8, 0xFCA8, 0xF4A8, 0xF488, 0xF488,
    0xF488, 0xF488, 0xF468, 0xF468, 0xF468, 0xF468, 0xF468, 0xF448, 0xF468, 0xF427, 0xF3A4, 0xF3A4, 0xF3A4, 0xF384, 0xF384, 0xF384,
    0xF384, 0xF364, 0xF364, 0xF364, 0xEB64, 0xEB44, 0xEB44, 0xEB44, 0xEB44, 0xEB24, 0xEB24, 0xEB24, 0xEB24, 0xEB04, 0xEB04, 0xEB04,
    0xEAE4, 0xEAE4, 0xEAE4, 0xEAE4, 0xFE2D, 0xFE2D, 0xFE4D, 0xFE4D, 0xFE4D, 0xFE6E, 0xFE6E, 0xFE6E, 0xFE6E, 0xFE6E, 0xFE8E, 0xFE8E,
    0xFE8E, 0xFE8E, 0xFE8E, 0xFE8F, 0xFEAF, 0xFEAF, 0xFEAF, 0xFEAF, 0xFEAF, 0xFEAF, 0xFEAF, 0xFEAF, 0xFECF, 0xFECF, 0xFECF, 0xFEAD,
    0xFE8D, 0xFE8D, 0xFE8D, 0xFEAD, 0xFEAD, 0xFEAD, 0xFE8D, 0xFE8D, 0xFE8D, 0xFE8D, 0xFE8D, 0xFE8D, 0xFE8D, 0xFE8D, 0xFE8D, 0xFE8D,
    0xFE8C, 0xFE6C, 0xFE8D, 0xFE4B, 0xFEF3, 0xFFFF, 0xFFFF, 0xFFFF, 0xFFFF, 0xEC2B, 0xE220, 0xFE98, 0xFFFF, 0xFFDF, 0xFFFF, 0xFFFF,
    0xFFFF, 0xFFFF, 0xFFFF, 0xF656, 0xE220, 0xEC2B, 0xFF5C, 0xFF3B, 0xFF3B, 0xFF3B, 0xFFDE, 0xFFFF, 0xFFFF, 0xFF1B, 0xE283, 0xE346,
    0xFE98, 0xFE98, 0xFEB8, 0xF677, 0xE346, 0xE262, 0xFEFA, 0xFFFF, 0xFFFF, 0xFFFF, 0xFFFF, 0xFEFA, 0xE282, 0xE305, 0xE241, 0xF531,
    0xFFFF, 0xFFFF, 0xFFFF, 0xFFFF, 0xFFFF, 0xF657, 0xE221, 0xE2E4, 0xF656, 0xFFBE, 0xFF9D, 0xF551, 0xE241, 0xE2E4, 0xFF7C, 0xFFFF,
    0xFFFF, 0xFFFF, 0xECCF, 0xE200, 0xF5F4, 0xFFFF, 0xFFFF, 0xF615, 0xE220, 0xE326, 0xFF7D, 0xFFFF, 0xFFFF, 0xFFFF, 0xFFFF, 0xFE11,
    0xFC87, 0xFCE9, 0xFCC8, 0xFCC8, 0xFCC8, 0xFCA8, 0xFCA8, 0xFCA8, 0xFCA8, 0xF4A8, 0xF488, 0xF488, 0xF488, 0xF488, 0xF468, 0xF468,
    0xF468, 0xF468, 0xF468, 0xF468, 0xF427, 0xF3A4, 0xF3A4, 0xF3A4, 0xF3A4, 0xF384, 0xF384, 0xF384, 0xF384, 0xF364, 0xF364, 0xF364,
    0xEB64, 0xEB44, 0xEB44, 0xEB44, 0xEB44, 0xEB24, 0xEB24, 0xEB24, 0xEB24, 0xEB04, 0xEB04, 0xEB04, 0xEAE4, 0xEAE4, 0xEAE4, 0xEAE4,
    0xFE2D, 0xFE2D, 0xFE4D, 0xFE4D, 0xFE4D, 0xFE6E, 0xFE6E, 0xFE6E, 0xFE6E, 0xFE6E, 0xFE6E, 0xFE8E, 0xFE8E, 0xFE8E, 0xFE8E, 0xFE8E,
    0xFE8E, 0xFEAF, 0xFEAF, 0xFEAF, 0xFEAF, 0xFEAF, 0xFEAF, 0xFEAF, 0xFEAF, 0xFEAF, 0xFECF, 0xFECF, 0xFEAD, 0xFE8D, 0xFE8D, 0xFE8D,
    0xFE8D, 0xFE8D, 0xFE8D, 0xFE8D, 0xFE8D, 0xFE8D, 0xFE8D, 0xFE8D, 0xFE8D, 0xFE8D, 0xFE8C, 0xFE6C, 0xFE6C, 0xFE6C, 0xFE6C, 0xFE6C,
    0xFE6C, 0xFFBC, 0xFFFF, 0xFFFF, 0xFFFF, 0xEC0A, 0xD9A0, 0xFE98, 0xFFFF, 0xFFFF, 0xFFFF, 0xFFFF, 0xFFFF, 0xFFFF, 0xFFFF, 0xF656,
    0xE200, 0xE241, 0xE241, 0xE241, 0xE241, 0xE1E0, 0xEC6D, 0xFFFF, 0xFFFF, 0xF551, 0xD980, 0xF551, 0xFFFF, 0xFFFF, 0xFFFF, 0xFFFF,
    0xF530, 0xD980, 0xF510, 0xFFFF, 0xFFFF, 0xFFFF, 0xFFFF, 0xFFFF, 0xEBC9, 0xE1E0, 0xE282, 0xFF1B, 0xFFFF, 0xFFFF, 0xFFFF, 0xFFFF,
    0xFFFF, 0xFFFF, 0xF531, 0xE221, 0xE200, 0xE2E4, 0xE2A3, 0xE1E0, 0xE2A3, 0xF657, 0xFFFF, 0xFFFF, 0xFFFF, 0xFFFF, 0xECAE, 0xD980,
    0xF5F4, 0xFFFF, 0xFFDF, 0xFFFF, 0xEC0A, 0xD980, 0xF571, 0xFFFF, 0xFFDF, 0xFFFF, 0xFF5B, 0xFCC8, 0xFCC8, 0xFCC8, 0xFCC8, 0xFCC8,
    0xFCC8, 0xFCA8, 0xFCA8, 0xFCA8, 0xFCA8, 0xF4A8, 0xF488, 0xF488, 0xF488, 0xF488, 0xF468, 0xF468, 0xF468, 0xF468, 0xF468, 0xF427,
    0xF3C4, 0xF3A4, 0xF3A4, 0xF3A4, 0xF3A4, 0xF384, 0xF384, 0xF384, 0xF384, 0xF364, 0xF364, 0xF364, 0xEB64, 0xEB44, 0xEB44, 0xEB44,
    0xEB44, 0xEB24, 0xEB24, 0xEB24, 0xEB24, 0xEB04, 0xEB04, 0xEB04, 0xEAE4, 0xEAE4, 0xEAE4, 0xEAE4, 0xFE2D, 0xFE2D, 0xFE4D, 0xFE4D,
    0xFE4D, 0xFE4D, 0xFE6E, 0xFE6E, 0xFE6E, 0xFE6E, 0xFE6E, 0xFE6E, 0xFE8E, 0xFE8E, 0xFE8E, 0xFE8E, 0xFE8E, 0xFE8F, 0xFEAF, 0xFEAF,
    0xFEAF, 0xFEAF, 0xFEAF, 0xFEAF, 0xFEAF, 0xFEAF, 0xFEAF, 0xFEAF, 0xFEAF, 0xFE8D, 0xFE8D, 0xFE8D, 0xFE8D, 0xFE8D, 0xFE8D, 0xFE8D,
    0xFE8D, 0xFE8D, 0xFE8D, 0xFE8D, 0xFE8C, 0xFE8C, 0xFE6C, 0xFE6C, 0xFE6C, 0xFE6C, 0xFE6C, 0xFE6C, 0xFE4B, 0xFEAF, 0xFFFF, 0xFFFF,
    0xFFFF, 0xF615, 0xEC2B, 0xFF9D, 0xFFFF, 0xFFFF, 0xFFFF, 0xFFFF, 0xFFFF, 0xFFFF, 0xFFFF, 0xFFBE, 0xF572, 0xECEF, 0xF4EF, 0xF4EF,
    0xF4EF, 0xECCF, 0xF677, 0xFFFF, 0xFFFF, 0xFE98, 0xEC0B, 0xFF5C, 0xFFFF, 0xFFFF, 0xFFFF, 0xFFFF, 0xFF5C, 0xEC2B, 0xF677, 0xFFFF,
    0xFFFF, 0xFFFF, 0xFFFF, 0xFFFF, 0xFED9, 0xEBEA, 0xF5B3, 0xFFFF, 0xFFFF, 0xFFFF, 0xFFFF, 0xFFFF, 0xFFFF, 0xFFFF, 0xFFFF, 0xFE98,
    0xECCE, 0xEBEA, 0xEC0A, 0xF510, 0xFF3B, 0xFFFF, 0xFFFF, 0xFFFF, 0xFFFF, 0xFFFF, 0xF677, 0xEC0B, 0xFF3B, 0xFFFF, 0xFFFF, 0xFFFF,
    0xFF3B, 0xEBEA, 0xF656, 0xFFFF, 0xFFFF, 0xFFDE, 0xFD4C, 0xFCA7, 0xFCE8, 0xFCC8, 0xFCC8, 0xFCC8, 0xFCA8, 0xFCA8, 0xFCA8, 0xFCA8,
    0xFCA8, 0xF4A8, 0xF488, 0xF488, 0xF488, 0xF488, 0xF468, 0xF468, 0xF468, 0xF468, 0xF427, 0xF3C4, 0xF3A4, 0xF3A4, 0xF3A4, 0xF3A4,
    0xF3A4, 0xF384, 0xF384, 0xF384, 0xF384, 0xF364, 0xF364, 0xF364, 0xEB64, 0xEB44, 0xEB44, 0xEB44, 0xEB44, 0xEB24, 0xEB24, 0xEB24,
    0xEB24, 0xEB04, 0xEB04, 0xEB04, 0xEB04, 0xEAE4, 0xEAE4, 0xEAE4, 0xFE2D, 0xFE2D, 0xFE4D, 0xFE4D, 0xFE4D, 0xFE4D, 0xFE6D, 0xFE6E,
    0xFE6E, 0xFE6E, 0xFE6E, 0xFE6E, 0xFE6E, 0xFE8E, 0xFE8E, 0xFE8E, 0xFE8E, 0xFE8E, 0xFE8E, 0xFEAF, 0xFEAF, 0xFEAF, 0xFEAF, 0xFEAF,
    0xFEAF, 0xFEAF, 0xFEAF, 0xFEAF, 0xFEAF, 0xFEAF, 0xFE8D, 0xFE8C, 0xFE8D, 0xFE8D, 0xFE8D, 0xFE8D, 0xFE8D, 0xFE8C, 0xFE8C, 0xFE8C,
    0xFE6C, 0xFE6C, 0xFE6C, 0xFE6C, 0xFE6C, 0xFE6C, 0xFE6C, 0xFE6C, 0xFE6C, 0xFE4B, 0xFEB0, 0xFFBC, 0xFFFF, 0xFFFF, 0xFFFF, 0xFFFF,
    0xFFFF, 0xFFFF, 0xFFFF, 0xFFFF, 0xFFFF, 0xFFFF, 0xFFFF, 0xFFFF, 0xFFFF, 0xFFFF, 0xFFFF, 0xFFFF, 0xFFFF, 0xFFFF, 0xFFFF, 0xFFFF,
    0xFFFF, 0xFFFF, 0xFFFF, 0xFFFF, 0xFFFF, 0xFFFF, 0xFFFF, 0xFFFF, 0xFFFF, 0xFFFF, 0xFFFF, 0xFFFF, 0xFFFF, 0xFFFF, 0xFFFF, 0xFFFF,
    0xFFFF, 0xFFFF, 0xFFFF, 0xFFFF, 0xFFFF, 0xFFFF, 0xFFFF, 0xFFFF, 0xFFFF, 0xFFFF, 0xFFFF, 0xFFFF, 0xFFFF, 0xFFFF, 0xFFFF, 0xFFFF,
    0xFFFF, 0xFFFF, 0xFFFF, 0xFFFF, 0xFFFF, 0xFFFF, 0xFFFF, 0xFFFF, 0xFFFF, 0xFFFF, 0xFFFF, 0xFFFF, 0xFFFF, 0xFFFF, 0xFFFF, 0xFFFF,
    0xFF7C, 0xFD8D, 0xFCA7, 0xFCE9, 0xFCC8, 0xFCC8, 0xFCC8, 0xFCC8, 0xFCA8, 0xFCA8, 0xFCA8, 0xFCA8, 0xF4A8, 0xF4A8, 0xF488, 0xF488,
    0xF488, 0xF468, 0xF468, 0xF468, 0xF468, 0xF447, 0xF3C4, 0xF3C4, 0xF3C4, 0xF3A4, 0xF3A4, 0xF3A4, 0xF3A4, 0xF384, 0xF384, 0xF384,
    0xF384, 0xF364, 0xF364, 0xEB64, 0xEB64, 0xEB44, 0xEB44, 0xEB44, 0xEB44, 0xEB24, 0xEB24, 0xEB24, 0xEB24, 0xEB04, 0xEB04, 0xEB04,
    0xEB04, 0xEAE4, 0xEAE4, 0xEAE4, 0xFE2D, 0xFE2D, 0xFE4D, 0xFE4D, 0xFE4D, 0xFE4D, 0xFE6D, 0xFE6E, 0xFE6E, 0xFE6E, 0xFE6E, 0xFE6E,
    0xFE6E, 0xFE8E, 0xFE8E, 0xFE8E, 0xFE8E, 0xFE8E, 0xFE8E, 0xFE8F, 0xFEAF, 0xFEAF, 0xFEAF, 0xFEAF, 0xFEAF, 0xFEAF, 0xFEAF, 0xFEAF,
    0xFEAF, 0xFEAF, 0xFEAF, 0xFE8D, 0xFE8C, 0xFE8D, 0xFE8C, 0xFE8C, 0xFE8C, 0xFE8C, 0xFE6C, 0xFE6C, 0xFE6C, 0xFE6C, 0xFE6C, 0xFE6C,
    0xFE6C, 0xFE6C, 0xFE6C, 0xFE4C, 0xFE4C, 0xFE4C, 0xFE2A, 0xFE4D, 0xFF36, 0xFFBC, 0xFFFF, 0xFFFF, 0xFFFF, 0xFFFF, 0xFFFF, 0xFFFF,
    0xFFFF, 0xFFFF, 0xFFFF, 0xFFFF, 0xFFFF, 0xFFFF, 0xFFFF, 0xFFFF, 0xFFFF, 0xFFFF, 0xFFFF, 0xFFFF, 0xFFFF, 0xFFFF, 0xFFFF, 0xFFFF,
    0xFFFF, 0xFFFF, 0xFFFF, 0xFFFF, 0xFFFF, 0xFFFF, 0xFFFF, 0xFFFF, 0xFFFF, 0xFFFF, 0xFFFF, 0xFFFF, 0xFFFF, 0xFFFF, 0xFFFF, 0xFFFF,
    0xFFFF, 0xFFFF, 0xFFFF, 0xFFFF, 0xFFFF, 0xFFFF, 0xFFFF, 0xFFFF, 0xFFFF, 0xFFFF, 0xFFFF, 0xFFFF, 0xFFFF, 0xFFFF, 0xFFFF, 0xFFFF,
    0xFFFF, 0xFFFF, 0xFFFF, 0xFFFF, 0xFFFF, 0xFFFF, 0xFFFF, 0xFFFF, 0xFFFF, 0xFFDF, 0xFF7C, 0xFE95, 0xFD2A, 0xFCC7, 0xFCE9, 0xFCC8,
    0xFCC8, 0xFCC8, 0xFCC8, 0xFCC8, 0xFCA8, 0xFCA8, 0xFCA8, 0xFCA8, 0xF4A8, 0xF4A8, 0xF488, 0xF488, 0xF488, 0xF468, 0xF468, 0xF468,
    0xF447, 0xF3C4, 0xF3C4, 0xF3C4, 0xF3C4, 0xF3A4, 0xF3A4, 0xF3A4, 0xF384, 0xF384, 0xF384, 0xF384, 0xF364, 0xF364, 0xF364, 0xEB64,
    0xEB64, 0xEB44, 0xEB44, 0xEB44, 0xEB24, 0xEB24, 0xEB24, 0xEB24, 0xEB24, 0xEB04, 0xEB04, 0xEB04, 0xEB04, 0xEAE4, 0xEAE4, 0xEAE4,
    0xFE2D, 0xFE2D, 0xFE2D, 0xFE4D, 0xFE4D, 0xFE4D, 0xFE4D, 0xFE6D, 0xFE6E, 0xFE6E, 0xFE6E, 0xFE6E, 0xFE6E, 0xFE6E, 0xFE8E, 0xFE8E,
    0xFE8E, 0xFE8E, 0xFE8E, 0xFE8E, 0xFE8E, 0xFE8F, 0xFEAF, 0xFEAF, 0xFEAF, 0xFEAF, 0xFEAF, 0xFEAF, 0xFEAF, 0xFEAF, 0xFEAF, 0xFEAF,
    0xFE8D, 0xFE6C, 0xFE6C, 0xFE6C, 0xFE6C, 0xFE6C, 0xFE6C, 0xFE6C, 0xFE6C, 0xFE6C, 0xFE6C, 0xFE6C, 0xFE6C, 0xFE6C, 0xFE4C, 0xFE4C,
    0xFE4C, 0xFE4B, 0xFE4C, 0xFE2B, 0xFE2A, 0xFE4C, 0xFE8F, 0xFED2, 0xFED2, 0xFED2, 0xFED2, 0xFED2, 0xFED2, 0xFEB2, 0xFEB2, 0xFEB2,
    0xFEB2, 0xFEB2, 0xFEB2, 0xFEB1, 0xFEB1, 0xFE91, 0xFE91, 0xFE90, 0xFE4F, 0xFE4F, 0xFE4F, 0xFE4F, 0xFE4E, 0xFE4E, 0xFE4E, 0xFE2E,
    0xFE2E, 0xFE2E, 0xFE2E, 0xFE2E, 0xFE2E, 0xFE2E, 0xFE50, 0xFE50, 0xFE50, 0xFE50, 0xFE50, 0xFE50, 0xFE4F, 0xFE50, 0xFE2F, 0xFE2F,
    0xFE2F, 0xFE2F, 0xFE2F, 0xFE2F, 0xFDED, 0xFDCC, 0xFDCC, 0xFDCC, 0xFDAC, 0xFDAC, 0xFDAC, 0xFDAC, 0xFDAC, 0xFDAC, 0xFD8C, 0xFD8C,
    0xFD8C, 0xFD8C, 0xFD8C, 0xFD8C, 0xFD8C, 0xFD8C, 0xFD09, 0xFCC7, 0xFCE8, 0xFCE9, 0xFCE8, 0xFCC8, 0xFCC8, 0xFCC8, 0xFCC8, 0xFCC8,
    0xFCA8, 0xFCA8, 0xFCA8, 0xFCA8, 0xF4A8, 0xF488, 0xF488, 0xF488, 0xF488, 0xF468, 0xF468, 0xF447, 0xF3C4, 0xF3C4, 0xF3C4, 0xF3C4,
    0xF3A4, 0xF3A4, 0xF3A4, 0xF3A4, 0xF384, 0xF384, 0xF384, 0xF384, 0xF364, 0xF364, 0xF364, 0xEB64, 0xEB64, 0xEB44, 0xEB44, 0xEB44,
    0xEB24, 0xEB24, 0xEB24, 0xEB24, 0xEB24, 0xEB04, 0xEB04, 0xEB04, 0xEAE4, 0xEAE4, 0xEAE4, 0xEAE4, 0xFE2D, 0xFE2D, 0xFE2D, 0xFE2D,
    0xFE4D, 0xFE4D, 0xFE4D, 0xFE6D, 0xFE6E, 0xFE6E, 0xFE6E, 0xFE6E, 0xFE6E, 0xFE6E, 0xFE6E, 0xFE6E, 0xFE8E, 0xFE8E, 0xFE8E, 0xFE8E,
    0xFE8E, 0xFE8E, 0xFE8F, 0xFE8F, 0xFEAF, 0xFEAF, 0xFEAF, 0xFEAF, 0xFEAF, 0xFEAF, 0xFEAF, 0xFEAF, 0xFEAF, 0xFE6D, 0xFE6C, 0xFE6C,
    0xFE6C, 0xFE6C, 0xFE6C, 0xFE6C, 0xFE6C, 0xFE6C, 0xFE6C, 0xFE6C, 0xFE6C, 0xFE4C, 0xFE4C, 0xFE4C, 0xFE4B, 0xFE4B, 0xFE4B, 0xFE4B,
    0xFE4B, 0xFE2B, 0xFE0A, 0xFE2B, 0xFE4D, 0xFE4C, 0xFE4C, 0xFE2C, 0xFE2C, 0xFE2C, 0xFE2C, 0xFE2C, 0xFE2C, 0xFE2C, 0xFE0C, 0xFE0B,
    0xFE0B, 0xFE0B, 0xFE0B, 0xFDEA, 0xFDA8, 0xFD88, 0xFD87, 0xFD87, 0xFD87, 0xFD87, 0xFD67, 0xFD67, 0xFD67, 0xFD67, 0xFD67, 0xFD66,
    0xFD46, 0xFD46, 0xFDA9, 0xFD89, 0xFD89, 0xFD89, 0xFD89, 0xFD89, 0xFD89, 0xFD89, 0xFD68, 0xFD68, 0xFD68, 0xFD48, 0xFD48, 0xFD48,
    0xFCE5, 0xFCC4, 0xFCC4, 0xFCC4, 0xFCC4, 0xFCA3, 0xFCA3, 0xFCA3, 0xFCA3, 0xFC83, 0xFC83, 0xFC83, 0xFC83, 0xFC83, 0xFC63, 0xFC63,
    0xFC85, 0xFCE8, 0xFCE8, 0xFD09, 0xFCE8, 0xFCE8, 0xFCE8, 0xFCC8, 0xFCC8, 0xFCC8, 0xFCC8, 0xFCC8, 0xFCA8, 0xFCA8, 0xFCA8, 0xFCA8,
    0xF4A8, 0xF488, 0xF488, 0xF488, 0xF468, 0xF488, 0xF447, 0xF3E4, 0xF3C4, 0xF3C4, 0xF3C4, 0xF3C4, 0xF3A4, 0xF3A4, 0xF3A4, 0xF3A4,
    0xF384, 0xF384, 0xF384, 0xF384, 0xF364, 0xF364, 0xF364, 0xEB64, 0xEB44, 0xEB44, 0xEB44, 0xEB44, 0xEB24, 0xEB24, 0xEB24, 0xEB24,
    0xEB04, 0xEB04, 0xEB04, 0xEB04, 0xEAE4, 0xEAE4, 0xEAE4, 0xEAE4, 0xFE2D, 0xFE2D, 0xFE2D, 0xFE2D, 0xFE4D, 0xFE4D, 0xFE4D, 0xFE4D,
    0xFE4D, 0xFE6D, 0xFE6E, 0xFE6E, 0xFE6E, 0xFE6E, 0xFE6E, 0xFE6E, 0xFE6E, 0xFE8E, 0xFE8E, 0xFE8E, 0xFE8E, 0xFE8E, 0xFE8E, 0xFE8E,
    0xFE8F, 0xFE8F, 0xFEAF, 0xFEAF, 0xFEAF, 0xFEAF, 0xFEAF, 0xFEAF, 0xFEAF, 0xFEAF, 0xFE6D, 0xFE6C, 0xFE6C, 0xFE6C, 0xFE6C, 0xFE6C,
    0xFE6C, 0xFE6C, 0xFE6C, 0xFE4C, 0xFE4C, 0xFE4C, 0xFE4C, 0xFE4B, 0xFE4B, 0xFE4B, 0xFE4B, 0xFE2B, 0xFE2B, 0xFE2B, 0xFE2B, 0xFE2B,
    0xFE6D, 0xFE6E, 0xFE4D, 0xFE4D, 0xFE4D, 0xFE4D, 0xFE4D, 0xFE4D, 0xFE4D, 0xFE2D, 0xFE2D, 0xFE2D, 0xFE2D, 0xFE2D, 0xFE0C, 0xFE0C,
    0xFDCA, 0xFDC9, 0xFDC9, 0xFDA9, 0xFDA9, 0xFDA9, 0xFDA8, 0xFDA8, 0xFD88, 0xFD88, 0xFD88, 0xFD88, 0xFD88, 0xFD68, 0xFDCB, 0xFDCB,
    0xFDAB, 0xFDAA, 0xFDAA, 0xFDAA, 0xFDAA, 0xFDAA, 0xFD8A, 0xFD8A, 0xFD8A, 0xFD8A, 0xFD8A, 0xFD69, 0xFD06, 0xFD06, 0xFD06, 0xFD06,
    0xFCE5, 0xFCE5, 0xFCE5, 0xFCE5, 0xFCC5, 0xFCC5, 0xFCC5, 0xFCC5, 0xFCA5, 0xFCA5, 0xFCA5, 0xFCA5, 0xFD08, 0xFD09, 0xFCE8, 0xFCE8,
    0xFCE8, 0xFCE8, 0xFCC8, 0xFCC8, 0xFCC8, 0xFCC8, 0xFCC8, 0xFCC8, 0xFCA8, 0xFCA8, 0xFCA8, 0xFCA8, 0xF4A8, 0xF488, 0xF488, 0xF488,
    0xF488, 0xF447, 0xF3E4, 0xF3E4, 0xF3C4, 0xF3C4, 0xF3C4, 0xF3C4, 0xF3A4, 0xF3A4, 0xF3A4, 0xF3A4, 0xF384, 0xF384, 0xF384, 0xF384,
    0xF364, 0xF364, 0xF364, 0xEB64, 0xEB44, 0xEB44, 0xEB44, 0xEB44, 0xEB24, 0xEB24, 0xEB24, 0xEB24, 0xEB04, 0xEB04, 0xEB04, 0xEB04,
    0xEAE4, 0xEAE4, 0xEAE4, 0xEAE4, 0xFE2D, 0xFE2D, 0xFE2D, 0xFE4D, 0xFE4D, 0xFE4D, 0xFE4D, 0xFE4D, 0xFE4D, 0xFE4D, 0xFE6D, 0xFE6E,
    0xFE6E, 0xFE6E, 0xFE6E, 0xFE6E, 0xFE6E, 0xFE6E, 0xFE8E, 0xFE8E, 0xFE8E, 0xFE8E, 0xFE8E, 0xFE8E, 0xFE8E, 0xFE8E, 0xFE8E, 0xFE8E,
    0xFE8F, 0xFE8F, 0xFE8F, 0xFE8F, 0xFE8F, 0xFE8F, 0xFEAF, 0xFE6D, 0xFE6C, 0xFE6C, 0xFE6C, 0xFE6C, 0xFE4C, 0xFE4C, 0xFE4C, 0xFE4C,
    0xFE4C, 0xFE4B, 0xFE4B, 0xFE4B, 0xFE4B, 0xFE2B, 0xFE2B, 0xFE2B, 0xFE2B, 0xFE2B, 0xFE2B, 0xFE0A, 0xFE2C, 0xFE6E, 0xFE4D, 0xFE4D,
    0xFE4D, 0xFE4D, 0xFE4D, 0xFE2D, 0xFE2D, 0xFE2D, 0xFE2C, 0xFE2C, 0xFE0C, 0xFE0C, 0xFE0C, 0xFE0C, 0xFDCA, 0xFDA9, 0xFDA9, 0xFDA9,
    0xFDA8, 0xFDA8, 0xFD88, 0xFD88, 0xFD88, 0xFD88, 0xFD88, 0xFD68, 0xFD67, 0xFD68, 0xFDAA, 0xFDAA, 0xFDAA, 0xFDAA, 0xFDAA, 0xFDAA,
    0xFDAA, 0xFD8A, 0xFD8A, 0xFD89, 0xFD89, 0xFD69, 0xFD89, 0xFD48, 0xFD05, 0xFD05, 0xFCE5, 0xFCE5, 0xFCE5, 0xFCE5, 0xFCE5, 0xFCC5,
    0xFCC5, 0xFCC5, 0xFCC5, 0xFCA5, 0xFCA5, 0xFCA5, 0xFC85, 0xFCE7, 0xFD09, 0xFD08, 0xFCE8, 0xFCE8, 0xFCE8, 0xFCE8, 0xFCC8, 0xFCC8,
    0xFCC8, 0xFCC8, 0xFCC8, 0xFCA8, 0xFCA8, 0xFCA8, 0xFCA8, 0xFCA8, 0xF488, 0xF488, 0xF488, 0xF488, 0xF447, 0xF3E4, 0xF3E4, 0xF3E4,
    0xF3C4, 0xF3C4, 0xF3C4, 0xF3C4, 0xF3A4, 0xF3A4, 0xF3A4, 0xF3A4, 0xF384, 0xF384, 0xF384, 0xF384, 0xF364, 0xF364, 0xF364, 0xEB64,
    0xEB44, 0xEB44, 0xEB44, 0xEB44, 0xEB24, 0xEB24, 0xEB24, 0xEB24, 0xEB04, 0xEB04, 0xEB04, 0xEB04, 0xEAE4, 0xEAE4, 0xEAE4, 0xEAC3,
    0xFE2C, 0xFE2D, 0xFE2D, 0xFE4D, 0xFE4D, 0xFE4D, 0xFE4D, 0xFE4D, 0xFE4D, 0xFE4D, 0xFE6D, 0xFE6D, 0xFE6E, 0xFE6E, 0xFE6E, 0xFE6E,
    0xFE6E, 0xFE6E, 0xFE6E, 0xFE8E, 0xFE8E, 0xFE8E, 0xFE8E, 0xFE8E, 0xFE8E, 0xFE8E, 0xFE8E, 0xFE8E, 0xFE8E, 0xFE8E, 0xFE8E, 0xFE8E,
    0xFE8E, 0xFE8E, 0xFE8F, 0xFE8E, 0xFE6C, 0xFE4C, 0xFE4C, 0xFE4C, 0xFE4C, 0xFE4C, 0xFE4C, 0xFE4C, 0xFE4B, 0xFE4B, 0xFE4B, 0xFE4B,
    0xFE4B, 0xFE2B, 0xFE2B, 0xFE2B, 0xFE2B, 0xFE2B, 0xFE2B, 0xFE0B, 0xFE0A, 0xFE4D, 0xFE4D, 0xFE4D, 0xFE4D, 0xFE4D, 0xFE4D, 0xFE2D,
    0xFE2D, 0xFE2C, 0xFE2C, 0xFE2C, 0xFE0C, 0xFE0C, 0xFE0C, 0xFE0C, 0xFDEB, 0xFDA8, 0xFDA9, 0xFDA8, 0xFDA8, 0xFD88, 0xFD88, 0xFD88,
    0xFD88, 0xFD88, 0xFD68, 0xFD68, 0xFD67, 0xFD67, 0xFDAA, 0xFDAA, 0xFDAA, 0xFDAA, 0xFDAA, 0xFDAA, 0xFD8A, 0xFD8A, 0xFD8A, 0xFD89,
    0xFD89, 0xFD69, 0xFD89, 0xFD27, 0xFD05, 0xFD05, 0xFCE5, 0xFCE5, 0xFCE5, 0xFCE5, 0xFCE5, 0xFCC5, 0xFCC5, 0xFCC5, 0xFCA5, 0xFCA5,
    0xFCA5, 0xFCA5, 0xFCA6, 0xFD08, 0xFD08, 0xFD08, 0xFCE8, 0xFCE8, 0xFCE8, 0xFCE8, 0xFCC8, 0xFCC8, 0xFCC8, 0xFCC8, 0xFCC8, 0xFCA8,
    0xFCA8, 0xFCA8, 0xFCA8, 0xFCA8, 0xF488, 0xF488, 0xF488, 0xF467, 0xF3E4, 0xF3E4, 0xF3E4, 0xF3E4, 0xF3C4, 0xF3C4, 0xF3C4, 0xF3A4,
    0xF3A4, 0xF3A4, 0xF3A4, 0xF3A4, 0xF384, 0xF384, 0xF384, 0xF384, 0xF364, 0xF364, 0xF364, 0xEB64, 0xEB44, 0xEB44, 0xEB44, 0xEB44,
    0xEB24, 0xEB24, 0xEB24, 0xEB24, 0xEB04, 0xEB04, 0xEB04, 0xEB04, 0xEAE4, 0xEAE4, 0xEAC3, 0xEAE4, 0xFDEA, 0xFE0B, 0xFE2D, 0xFE4D,
    0xFE4D, 0xFE4D, 0xFE4D, 0xFE4D, 0xFE4D, 0xFE4D, 0xFE4D, 0xFE4D, 0xFE6D, 0xFE6E, 0xFE6E, 0xFE6E, 0xFE6E, 0xFE6E, 0xFE6E, 0xFE6E,
    0xFE6E, 0xFE6E, 0xFE8E, 0xFE8E, 0xFE8E, 0xFE8E, 0xFE8E, 0xFE8E, 0xFE8E, 0xFE8E, 0xFE8E, 0xFE8E, 0xFE8E, 0xFE8E, 0xFE8E, 0xFE8E,
    0xFE8E, 0xFE6C, 0xFE4B, 0xFE4C, 0xFE4C, 0xFE4B, 0xFE4B, 0xFE4B, 0xFE4B, 0xFE4B, 0xFE4B, 0xFE2B, 0xFE2B, 0xFE2B, 0xFE2B, 0xFE2B,
    0xFE2B, 0xFE2B, 0xFE0B, 0xFE0B, 0xFE0A, 0xFE0B, 0xFE4D, 0xFE4D, 0xFE4D, 0xFE4D, 0xFE2D, 0xFE2D, 0xFE2C, 0xFE2C, 0xFE2C, 0xFE2C,
    0xFE0C, 0xFE0C, 0xFE0C, 0xFE0C, 0xFDEB, 0xFDA9, 0xFDA9, 0xFDA8, 0xFDA8, 0xFD88, 0xFD88, 0xFD88, 0xFD88, 0xFD88, 0xFD68, 0xFD68,
    0xFD67, 0xFD67, 0xFDAA, 0xFDAA, 0xFDAA, 0xFDAA, 0xFDAA, 0xFDAA, 0xFD8A, 0xFD8A, 0xFD8A, 0xFD89, 0xFD89, 0xFD69, 0xFD69, 0xFD06,
    0xFD05, 0xFD05, 0xFCE5, 0xFCE5, 0xFCE5, 0xFCE5, 0xFCC5, 0xFCC5, 0xFCC5, 0xFCC5, 0xFCA5, 0xFCA5, 0xFCA5, 0xFCA5, 0xFCE8, 0xFD08,
    0xFD08, 0xFD08, 0xFCE8, 0xFCE8, 0xFCE8, 0xFCE8, 0xFCC8, 0xFCC8, 0xFCC8, 0xFCC8, 0xFCC8, 0xFCA8, 0xFCA8, 0xFCA8, 0xFCA8, 0xF4A8,
    0xF488, 0xF488, 0xF467, 0xF3E4, 0xF3E4, 0xF3E4, 0xF3E4, 0xF3C4, 0xF3C4, 0xF3C4, 0xF3C4, 0xF3A4, 0xF3A4, 0xF3A4, 0xF3A4, 0xF384,
    0xF384, 0xF384, 0xF384, 0xF384, 0xF364, 0xF364, 0xEB64, 0xEB44, 0xEB44, 0xEB44, 0xEB44, 0xEB44, 0xEB24, 0xEB24, 0xEB24, 0xEB24,
    0xEB04, 0xEB04, 0xEB04, 0xEB04, 0xEAE3, 0xEAE4, 0xEB45, 0xEB87, 0xFDC9, 0xFDE9, 0xFDEA, 0xFE2C, 0xFE4D, 0xFE4D, 0xFE4D, 0xFE4D,
    0xFE4D, 0xFE4D, 0xFE4D, 0xFE4D, 0xFE6D, 0xFE6D, 0xFE6E, 0xFE6E, 0xFE6E, 0xFE6E, 0xFE6E, 0xFE6E, 0xFE6E, 0xFE6E, 0xFE6E, 0xFE8E,
    0xFE8E, 0xFE8E, 0xFE8E, 0xFE8E, 0xFE8E, 0xFE8E, 0xFE8E, 0xFE8E, 0xFE8E, 0xFE8E, 0xFE8E, 0xFE8E, 0xFE8E, 0xFE8E, 0xFE4C, 0xFE4B,
    0xFE4B, 0xFE4B, 0xFE4B, 0xFE4B, 0xFE4B, 0xFE2B, 0xFE2B, 0xFE2B, 0xFE2B, 0xFE2B, 0xFE2B, 0xFE2B, 0xFE2B, 0xFE2B, 0xFE0B, 0xFE0A,
    0xFE0A, 0xFE0A, 0xFE2C, 0xFE4D, 0xFE4D, 0xFE4D, 0xFE2D, 0xFE2D, 0xFE2C, 0xFE2C, 0xFE2C, 0xFE0C, 0xFE0C, 0xFE0C, 0xFE0C, 0xFE0C,
    0xFE0C, 0xFDA9, 0xFDA8, 0xFDA8, 0xFDA8, 0xFD88, 0xFD88, 0xFD88, 0xFD88, 0xFD88, 0xFD68, 0xFD67, 0xFD67, 0xFD67, 0xFDAA, 0xFDAA,
    0xFDAA, 0xFDAA, 0xFDAA, 0xFDAA, 0xFD8A, 0xFD8A, 0xFD8A, 0xFD89, 0xFD69, 0xFD69, 0xFD68, 0xFD05, 0xFD05, 0xFD05, 0xFCE5, 0xFCE5,
    0xFCE5, 0xFCE5, 0xFCC5, 0xFCC5, 0xFCC5, 0xFCC5, 0xFCA5, 0xFCA5, 0xFCA5, 0xFCC6, 0xFD09, 0xFD08, 0xFD08, 0xFCE8, 0xFCE8, 0xFCE8,
    0xFCE8, 0xFCE8, 0xFCC8, 0xFCC8, 0xFCC8, 0xFCC8, 0xFCC8, 0xFCA8, 0xFCA8, 0xFCA8, 0xFCA8, 0xF488, 0xF4A8, 0xF467, 0xF404, 0xF3E4,
    0xF3E4, 0xF3E4, 0xF3E4, 0xF3C4, 0xF3C4, 0xF3C4, 0xF3C4, 0xF3A4, 0xF3A4, 0xF3A4, 0xF3A4, 0xF384, 0xF384, 0xF384, 0xF384, 0xF384,
    0xF364, 0xF364, 0xEB64, 0xEB44, 0xEB44, 0xEB44, 0xEB44, 0xEB44, 0xEB24, 0xEB24, 0xEB24, 0xEB04, 0xEB04, 0xEB04, 0xEB03, 0xEAE3,
    0xEB25, 0xEB87, 0xEBA8, 0xEB87, 0xFDC9, 0xFDEA, 0xFDEA, 0xFDE9, 0xFE0A, 0xFE2C, 0xFE4D, 0xFE4D, 0xFE4D, 0xFE4D, 0xFE4D, 0xFE4D,
    0xFE4D, 0xFE6D, 0xFE6D, 0xFE6E, 0xFE6E, 0xFE6E, 0xFE6E, 0xFE6E, 0xFE6E, 0xFE6E, 0xFE6E, 0xFE6E, 0xFE6E, 0xFE6E, 0xFE6E, 0xFE8E,
    0xFE8E, 0xFE8E, 0xFE8E, 0xFE8E, 0xFE8E, 0xFE8E, 0xFE8E, 0xFE8E, 0xFE8E, 0xFE8E, 0xFE8E, 0xFE4C, 0xFE4B, 0xFE4B, 0xFE4B, 0xFE2B,
    0xFE2B, 0xFE2B, 0xFE2B, 0xFE2B, 0xFE2B, 0xFE2B, 0xFE2B, 0xFE2B, 0xFE0B, 0xFE0B, 0xFE0A, 0xFE0A, 0xFE0A, 0xFE0A, 0xFE0A, 0xFE4D,
    0xFE4D, 0xFE2D, 0xFE2D, 0xFE2C, 0xFE2C, 0xFE2C, 0xFE0C, 0xFE0C, 0xFE0C, 0xFE0C, 0xFE0C, 0xFE0C, 0xFE0C, 0xFDCA, 0xFDA8, 0xFDA8,
    0xFD88, 0xFD88, 0xFD88, 0xFD88, 0xFD88, 0xFD68, 0xFD67, 0xFD67, 0xFD67, 0xFD67, 0xFDAA, 0xFDAA, 0xFDAA, 0xFDAA, 0xFDAA, 0xFD8A,
    0xFD8A, 0xFD8A, 0xFD89, 0xFD89, 0xFD69, 0xFD69, 0xFD27, 0xFD05, 0xFD05, 0xFCE5, 0xFCE5, 0xFCE5, 0xFCE5, 0xFCC5, 0xFCC5, 0xFCC5,
    0xFCC5, 0xFCC5, 0xFCA5, 0xFCA5, 0xFCA5, 0xFD08, 0xFD08, 0xFD08, 0xFD08, 0xFCE8, 0xFCE8, 0xFCE8, 0xFCE8, 0xFCC8, 0xFCC8, 0xFCC8,
    0xFCC8, 0xFCC8, 0xFCC8, 0xFCA8, 0xFCA8, 0xFCA8, 0xF4A8, 0xF4A8, 0xF467, 0xF404, 0xF3E4, 0xF3E4, 0xF3E4, 0xF3E4, 0xF3E4, 0xF3C4,
    0xF3C4, 0xF3C4, 0xF3C4, 0xF3A4, 0xF3A4, 0xF3A4, 0xF3A4, 0xF384, 0xF384, 0xF384, 0xF384, 0xF364, 0xF364, 0xF364, 0xEB64, 0xEB44,
    0xEB44, 0xEB44, 0xEB44, 0xEB24, 0xEB24, 0xEB24, 0xEB24, 0xEB24, 0xEB04, 0xEAE3, 0xEB24, 0xEB67, 0xEBA8, 0xEBA7, 0xEB87, 0xEB87,
    0xFDC9, 0xFDE9, 0xFDEA, 0xFDEA, 0xFDEA, 0xFDEA, 0xFE0B, 0xFE2D, 0xFE4D, 0xFE4D, 0xFE4D, 0xFE4D, 0xFE4D, 0xFE4D, 0xFE4D, 0xFE6D,
    0xFE6D, 0xFE6E, 0xFE6E, 0xFE6E, 0xFE6E, 0xFE6E, 0xFE6E, 0xFE6E, 0xFE6E, 0xFE6E, 0xFE6E, 0xFE6E, 0xFE6E, 0xFE6E, 0xFE6E, 0xFE6E,
    0xFE6E, 0xFE6E, 0xFE6E, 0xFE6E, 0xFE6E, 0xFE6E, 0xFE6E, 0xFE6E, 0xFE4C, 0xFE2B, 0xFE2B, 0xFE2B, 0xFE2B, 0xFE2B, 0xFE2B, 0xFE2B,
    0xFE2B, 0xFE2B, 0xFE0B, 0xFE0B, 0xFE0A, 0xFE0A, 0xFE0A, 0xFE0A, 0xFE0A, 0xFDEA, 0xFDEA, 0xFE0B, 0xFE4D, 0xFE2C, 0xFE2C, 0xFE2C,
    0xFE2C, 0xFE0C, 0xFE0C, 0xFE0C, 0xFE0C, 0xFE0C, 0xFE0C, 0xFE0C, 0xFE0C, 0xFDEB, 0xFD88, 0xFD88, 0xFD88, 0xFD88, 0xFD88, 0xFD88,
    0xFD68, 0xFD68, 0xFD67, 0xFD67, 0xFD67, 0xFD67, 0xFDAA, 0xFDAA, 0xFDAA, 0xFDAA, 0xFD8A, 0xFD8A, 0xFD8A, 0xFD89, 0xFD89, 0xFD69,
    0xFD69, 0xFD69, 0xFD26, 0xFCE5, 0xFD05, 0xFCE5, 0xFCE5, 0xFCE5, 0xFCE5, 0xFCC5, 0xFCC5, 0xFCC5, 0xFCC5, 0xFCA5, 0xFCA5, 0xFCA5,
    0xFCE7, 0xFD09, 0xFD08, 0xFD08, 0xFD08, 0xFCE8, 0xFCE8, 0xFCE8, 0xFCE8, 0xFCC8, 0xFCC8, 0xFCC8, 0xFCC8, 0xFCC8, 0xFCA8, 0xFCA8,
    0xFCA8, 0xFCA8, 0xF4A8, 0xF467, 0xF404, 0xF404, 0xF404, 0xF3E4, 0xF3E4, 0xF3E4, 0xF3C4, 0xF3C4, 0xF3C4, 0xF3C4, 0xF3C4, 0xF3A4,
    0xF3A4, 0xF3A4, 0xF3A4, 0xF384, 0xF384, 0xF384, 0xF384, 0xF364, 0xF364, 0xF364, 0xEB64, 0xEB44, 0xEB44, 0xEB44, 0xEB44, 0xEB24,
    0xEB24, 0xEB24, 0xEB24, 0xEB03, 0xEB24, 0xEB66, 0xEBA8, 0xEBA8, 0xEB87, 0xEB87, 0xEB87, 0xEB87, 0xFDC9, 0xFDC9, 0xFDE9, 0xFDEA,
    0xFDEA, 0xFDEA, 0xFDEA, 0xFDEA, 0xFE2C, 0xFE4D, 0xFE4D, 0xFE4D, 0xFE4D, 0xFE4D, 0xFE4D, 0xFE4D, 0xFE4D, 0xFE6D, 0xFE6D, 0xFE6E,
    0xFE6E, 0xFE6E, 0xFE6E, 0xFE6E, 0xFE6E, 0xFE6E, 0xFE6E, 0xFE6E, 0xFE6E, 0xFE6E, 0xFE6E, 0xFE6E, 0xFE6E, 0xFE6E, 0xFE6E, 0xFE6E,
    0xFE6E, 0xFE6E, 0xFE6E, 0xFE6E, 0xFE6E, 0xFE4C, 0xFE2B, 0xFE2B, 0xFE2B, 0xFE2B, 0xFE2B, 0xFE2B, 0xFE2B, 0xFE0B, 0xFE0B, 0xFE0A,
    0xFE0A, 0xFE0A, 0xFE0A, 0xFE0A, 0xFE0A, 0xFDEA, 0xFDEA, 0xFDEA, 0xFE2C, 0xFE2D, 0xFE2C, 0xFE2C, 0xFE2C, 0xFE0C, 0xFE0C, 0xFE0C,
    0xFE0C, 0xFE0C, 0xFE0C, 0xFDEC, 0xFDEC, 0xFDEB, 0xFDA8, 0xFD88, 0xFD88, 0xFD88, 0xFD88, 0xFD88, 0xFD68, 0xFD68, 0xFD67, 0xFD67,
    0xFD67, 0xFD67, 0xFDAA, 0xFDAA, 0xFDAA, 0xFDAA, 0xFD8A, 0xFD8A, 0xFD8A, 0xFD89, 0xFD89, 0xFD69, 0xFD69, 0xFD69, 0xFD06, 0xFD05,
    0xFD05, 0xFCE5, 0xFCE5, 0xFCE5, 0xFCE5, 0xFCC5, 0xFCC5, 0xFCC5, 0xFCC5, 0xFCA5, 0xFCA5, 0xFCA5, 0xFD08, 0xFD08, 0xFD08, 0xFD08,
    0xFD08, 0xFCE8, 0xFCE8, 0xFCE8, 0xFCC8, 0xFCC8, 0xFCC8, 0xFCC8, 0xFCC8, 0xFCC8, 0xFCA8, 0xFCA8, 0xFCA8, 0xFCA8, 0xF487, 0xF404,
    0xF404, 0xF404, 0xF3E4, 0xF3E4, 0xF3E4, 0xF3E4, 0xF3C4, 0xF3C4, 0xF3C4, 0xF3C4, 0xF3A4, 0xF3A4, 0xF3A4, 0xF3A4, 0xF3A4, 0xF384,
    0xF384, 0xF384, 0xF364, 0xF364, 0xF364, 0xF364, 0xEB64, 0xEB44, 0xEB44, 0xEB44, 0xEB44, 0xEB24, 0xEB24, 0xEB04, 0xEB24, 0xEB65,
    0xEBA7, 0xEBC8, 0xEBA7, 0xEBA7, 0xEB87, 0xEB87, 0xEB87, 0xEB87, 0xFDC9, 0xFDC9, 0xFDC9, 0xFDC9, 0xFDEA, 0xFDEA, 0xFDEA, 0xFDEA,
    0xFDEA, 0xFE0A, 0xFE2C, 0xFE4D, 0xFE4D, 0xFE4D, 0xFE4D, 0xFE4D, 0xFE4D, 0xFE4D, 0xFE4D, 0xFE6D, 0xFE6D, 0xFE6E, 0xFE6E, 0xFE6E,
    0xFE6E, 0xFE6E, 0xFE6E, 0xFE6E, 0xFE6E, 0xFE6E, 0xFE6E, 0xFE6E, 0xFE6E, 0xFE6E, 0xFE6E, 0xFE6E, 0xFE6E, 0xFE6E, 0xFE6E, 0xFE6E,
    0xFE6E, 0xFE6E, 0xFE2B, 0xFE2B, 0xFE2B, 0xFE2B, 0xFE2B, 0xFE0B, 0xFE0B, 0xFE0A, 0xFE0A, 0xFE0A, 0xFE0A, 0xFE0A, 0xFE0A, 0xFDEA,
    0xFDEA, 0xFDEA, 0xFDEA, 0xFDE9, 0xFDEB, 0xFE2D, 0xFE2C, 0xFE0C, 0xFE0C, 0xFE0C, 0xFE0C, 0xFE0C, 0xFE0C, 0xFE0C, 0xFE0C, 0xFDEC,
    0xFDEC, 0xFDEC, 0xFDA9, 0xFD88, 0xFD88, 0xFD88, 0xFD88, 0xFD68, 0xFD67, 0xFD67, 0xFD67, 0xFD67, 0xFD67, 0xFD47, 0xFDAA, 0xFDAA,
    0xFDAA, 0xFDAA, 0xFD8A, 0xFD8A, 0xFD8A, 0xFD89, 0xFD89, 0xFD69, 0xFD69, 0xFD48, 0xFD05, 0xFD05, 0xFCE5, 0xFCE5, 0xFCE5, 0xFCE5,
    0xFCC5, 0xFCC5, 0xFCC5, 0xFCC5, 0xFCC5, 0xFCA5, 0xFCA5, 0xFCE7, 0xFD09, 0xFD08, 0xFD08, 0xFD08, 0xFCE8, 0xFCE8, 0xFCE8, 0xFCE8,
    0xFCC8, 0xFCC8, 0xFCC8, 0xFCC8, 0xFCC8, 0xFCA8, 0xFCA8, 0xFCA8, 0xFCA8, 0xFC87, 0xF404, 0xF404, 0xF404, 0xF404, 0xF3E4, 0xF3E4,
    0xF3E4, 0xF3E4, 0xF3C4, 0xF3C4, 0xF3C4, 0xF3C4, 0xF3A4, 0xF3A4, 0xF3A4, 0xF3A4, 0xF384, 0xF384, 0xF384, 0xF384, 0xF364, 0xF364,
    0xF364, 0xF364, 0xEB64, 0xEB44, 0xEB44, 0xEB44, 0xEB44, 0xEB24, 0xEB24, 0xEB45, 0xEBA7, 0xEBC8, 0xEBA7, 0xEBA7, 0xEBA7, 0xEBA7,
    0xEB87, 0xEB87, 0xEB87, 0xEB87, 0xFDC9, 0xFDC9, 0xFDC9, 0xFDC9, 0xFDE9, 0xFDEA, 0xFDEA, 0xFDEA, 0xFDEA, 0xFDEA, 0xFDEA, 0xFE0B,
    0xFE2D, 0xFE4D, 0xFE4D, 0xFE4D, 0xFE4D, 0xFE4D, 0xFE4D, 0xFE4D, 0xFE6D, 0xFE6D, 0xFE6D, 0xFE6D, 0xFE6E, 0xFE6E, 0xFE6E, 0xFE6E,
    0xFE6E, 0xFE6E, 0xFE6E, 0xFE6E, 0xFE6E, 0xFE6E, 0xFE6E, 0xFE6E, 0xFE6E, 0xFE6E, 0xFE6E, 0xFE6E, 0xFE6D, 0xFE6E, 0xFE6D, 0xFE2B,
    0xFE0A, 0xFE0B, 0xFE0B, 0xFE0A, 0xFE0A, 0xFE0A, 0xFE0A, 0xFE0A, 0xFE0A, 0xFE0A, 0xFE0A, 0xFDEA, 0xFDEA, 0xFDEA, 0xFDEA, 0xFDEA,
    0xFDC9, 0xFE0C, 0xFE2D, 0xFE0C, 0xFE0C, 0xFE0C, 0xFE0C, 0xFE0C, 0xFE0C, 0xFE0C, 0xFDEC, 0xFDEC, 0xFDEB, 0xFDEC, 0xFDAA, 0xFD88,
    0xFD88, 0xFD88, 0xFD68, 0xFD68, 0xFD67, 0xFD67, 0xFD67, 0xFD67, 0xFD47, 0xFD47, 0xFDAA, 0xFDAA, 0xFDAA, 0xFD8A, 0xFD8A, 0xFD8A,
    0xFD89, 0xFD89, 0xFD69, 0xFD69, 0xFD69, 0xFD27, 0xFCE5, 0xFCE5, 0xFCE5, 0xFCE5, 0xFCE5, 0xFCE5, 0xFCC5, 0xFCC5, 0xFCC5, 0xFCC5,
    0xFCC5, 0xFCA5, 0xFCC6, 0xFD08, 0xFD08, 0xFD08, 0xFD08, 0xFD08, 0xFCE8, 0xFCE8, 0xFCE8, 0xFCE8, 0xFCC8, 0xFCC8, 0xFCC8, 0xFCC8,
    0xFCC8, 0xFCA8, 0xFCA8, 0xFCA8, 0xFC87, 0xF405, 0xF404, 0xF404, 0xF404, 0xF404, 0xF3E4, 0xF3E4, 0xF3E4, 0xF3E4, 0xF3C4, 0xF3C4,
    0xF3C4, 0xF3C4, 0xF3A4, 0xF3A4, 0xF3A4, 0xF3A4, 0xF384, 0xF384, 0xF384, 0xF384, 0xF364, 0xF364, 0xF364, 0xF364, 0xEB44, 0xEB44,
    0xEB44, 0xEB44, 0xEB23, 0xEB44, 0xEBA6, 0xEBC8, 0xEBC8, 0xEBA7, 0xEBA7, 0xEBA7, 0xEBA7, 0xEBA7, 0xEB87, 0xEB87, 0xEB87, 0xEB87,
    0xFDC9, 0xFDC9, 0xFDC9, 0xFDC9, 0xFDC9, 0xFDE9, 0xFDEA, 0xFDEA, 0xFDEA, 0xFDEA, 0xFDEA, 0xFDEA, 0xFE0A, 0xFE0B, 0xFE4D, 0xFE4D,
    0xFE4D, 0xFE4D, 0xFE4D, 0xFE4D, 0xFE4D, 0xFE4D, 0xFE4D, 0xFE4D, 0xFE6D, 0xFE6D, 0xFE6D, 0xFE6D, 0xFE6E, 0xFE6E, 0xFE6E, 0xFE6E,
    0xFE6E, 0xFE6E, 0xFE6E, 0xFE6E, 0xFE6E, 0xFE6D, 0xFE6D, 0xFE6D, 0xFE6D, 0xFE6D, 0xFE4D, 0xFE4D, 0xFE2B, 0xFE0A, 0xFE0A, 0xFE0A,
    0xFE0A, 0xFE0A, 0xFE0A, 0xFE0A, 0xFE0A, 0xFDEA, 0xFDEA, 0xFDEA, 0xFDEA, 0xFDEA, 0xFDEA, 0xFDE9, 0xFDC9, 0xFDEA, 0xFE2C, 0xFE0C,
    0xFE0C, 0xFE0C, 0xFE0C, 0xFE0C, 0xFE0C, 0xFE0C, 0xFDEC, 0xFDEB, 0xFDEB, 0xFDEB, 0xFDCA, 0xFD88, 0xFD88, 0xFD88, 0xFD68, 0xFD68,
    0xFD67, 0xFD67, 0xFD67, 0xFD67, 0xFD47, 0xFD47, 0xFD8A, 0xFDAA, 0xFDAA, 0xFD8A, 0xFD8A, 0xFD8A, 0xFD89, 0xFD89, 0xFD69, 0xFD69,
    0xFD69, 0xFD06, 0xFCE5, 0xFCE5, 0xFCE5, 0xFCE5, 0xFCE5, 0xFCC5, 0xFCC5, 0xFCC5, 0xFCC5, 0xFCC5, 0xFCA5, 0xFCA5, 0xFD08, 0xFD09,
    0xFD08, 0xFD08, 0xFD08, 0xFCE8, 0xFCE8, 0xFCE8, 0xFCE8, 0xFCE8, 0xFCC8, 0xFCC8, 0xFCC8, 0xFCC8, 0xFCC8, 0xFCA8, 0xFCA8, 0xFC87,
    0xF424, 0xF404, 0xF404, 0xF404, 0xF404, 0xF3E4, 0xF3E4, 0xF3E4, 0xF3E4, 0xF3C4, 0xF3C4, 0xF3C4, 0xF3C4, 0xF3C4, 0xF3A4, 0xF3A4,
    0xF3A4, 0xF3A4, 0xF384, 0xF384, 0xF384, 0xF384, 0xF364, 0xF364, 0xF364, 0xEB64, 0xEB44, 0xEB44, 0xEB24, 0xEB44, 0xEB86, 0xF3C7,
    0xEBC8, 0xEBC7, 0xEBC7, 0xEBA7, 0xEBA7, 0xEBA7, 0xEBA7, 0xEB87, 0xEB87, 0xEB87, 0xEB87, 0xEB87, 0xFDC9, 0xFDC9, 0xFDC9, 0xFDC9,
    0xFDC9, 0xFDC9, 0xFDC9, 0xFDE9, 0xFDEA, 0xFDEA, 0xFDEA, 0xFDEA, 0xFDEA, 0xFDEA, 0xFE0A, 0xFE2C, 0xFE4D, 0xFE4D, 0xFE4D, 0xFE4D,
    0xFE4D, 0xFE4D, 0xFE4D, 0xFE4D, 0xFE4D, 0xFE4D, 0xFE4D, 0xFE4D, 0xFE4D, 0xFE4D, 0xFE6D, 0xFE6D, 0xFE6D, 0xFE6D, 0xFE6D, 0xFE6D,
    0xFE4D, 0xFE4D, 0xFE4D, 0xFE4D, 0xFE4D, 0xFE4D, 0xFE4D, 0xFE4D, 0xFE4D, 0xFE0B, 0xFE0A, 0xFE0A, 0xFE0A, 0xFE0A, 0xFDEA, 0xFDEA,
    0xFDEA, 0xFDEA, 0xFDEA, 0xFDEA, 0xFDEA, 0xFDEA, 0xFDC9, 0xFDC9, 0xFDC9, 0xFDC9, 0xFDEB, 0xFE0C, 0xFE0C, 0xFE0C, 0xFE0C, 0xFE0C,
    0xFDEC, 0xFDEC, 0xFDEB, 0xFDEB, 0xFDEB, 0xFDEB, 0xFDCB, 0xFD88, 0xFD88, 0xFD68, 0xFD68, 0xFD67, 0xFD67, 0xFD67, 0xFD67, 0xFD47,
    0xFD47, 0xFD47, 0xFD8A, 0xFDAA, 0xFD8A, 0xFD8A, 0xFD8A, 0xFD89, 0xFD89, 0xFD69, 0xFD69, 0xFD69, 0xFD68, 0xFD05, 0xFCE5, 0xFCE5,
    0xFCE5, 0xFCE5, 0xFCE5, 0xFCC5, 0xFCC5, 0xFCC5, 0xFCC5, 0xFCC5, 0xFCA5, 0xFCC6, 0xFD29, 0xFD08, 0xFD08, 0xFD08, 0xFD08, 0xFCE8,
    0xFCE8, 0xFCE8, 0xFCE8, 0xFCC8, 0xFCC8, 0xFCC8, 0xFCC8, 0xFCC8, 0xFCA8, 0xFCC8, 0xFC87, 0xF424, 0xF404, 0xF404, 0xF404, 0xF404,
    0xF404, 0xF3E4, 0xF3E4, 0xF3E4, 0xF3E4, 0xF3C4, 0xF3C4, 0xF3C4, 0xF3C4, 0xF3A4, 0xF3A4, 0xF3A4, 0xF3A4, 0xF384, 0xF384, 0xF384,
    0xF384, 0xF384, 0xF364, 0xF364, 0xF364, 0xEB64, 0xEB44, 0xEB44, 0xEB85, 0xF3C7, 0xF3E8, 0xEBC7, 0xEBC7, 0xEBC7, 0xEBC7, 0xEBA7,
    0xEBA7, 0xEBA7, 0xEBA7, 0xEB87, 0xEB87, 0xEB87, 0xEB87, 0xEB87, 0xFDA9, 0xFDC9, 0xFDC9, 0xFDC9, 0xFDC9, 0xFDC9, 0xFDC9, 0xFDC9,
    0xFDEA, 0xFDEA, 0xFDEA, 0xFDEA, 0xFDEA, 0xFDEA, 0xFDEA, 0xFDEA, 0xFE0A, 0xFE2C, 0xFE4D, 0xFE4D, 0xFE4D, 0xFE4D, 0xFE4D, 0xFE4D,
    0xFE4D, 0xFE4D, 0xFE4D, 0xFE4D, 0xFE4D, 0xFE4D, 0xFE4D, 0xFE4D, 0xFE4D, 0xFE4D, 0xFE4D, 0xFE4D, 0xFE4D, 0xFE4D, 0xFE4D, 0xFE4D,
    0xFE4D, 0xFE4D, 0xFE4D, 0xFE4D, 0xFE4D, 0xFE4D, 0xFE0B, 0xFDEA, 0xFE0A, 0xFE0A, 0xFDEA, 0xFDEA, 0xFDEA, 0xFDEA, 0xFDEA, 0xFDEA,
    0xFDEA, 0xFDE9, 0xFDC9, 0xFDC9, 0xFDC9, 0xFDC9, 0xFDC9, 0xFE0C, 0xFE0C, 0xFE0C, 0xFE0C, 0xFE0C, 0xFDEC, 0xFDEC, 0xFDEB, 0xFDEB,
    0xFDEB, 0xFDEB, 0xFDEB, 0xFDA9, 0xFD68, 0xFD68, 0xFD67, 0xFD67, 0xFD67, 0xFD67, 0xFD47, 0xFD47, 0xFD47, 0xFD47, 0xFD8A, 0xFDAA,
    0xFD8A, 0xFD8A, 0xFD8A, 0xFD89, 0xFD89, 0xFD69, 0xFD69, 0xFD69, 0xFD48, 0xFCE5, 0xFCE5, 0xFCE5, 0xFCE5, 0xFCE5, 0xFCE5, 0xFCC5,
    0xFCC5, 0xFCC5, 0xFCC5, 0xFCA5, 0xFCA5, 0xFD08, 0xFD08, 0xFD08, 0xFD08, 0xFD08, 0xFD08, 0xFCE8, 0xFCE8, 0xFCE8, 0xFCE8, 0xFCC8,
    0xFCC8, 0xFCC8, 0xFCC8, 0xFCA8, 0xFCC9, 0xFC87, 0xF424, 0xF424, 0xF424, 0xF404, 0xF404, 0xF404, 0xF404, 0xF3E4, 0xF3E4, 0xF3E4,
    0xF3E4, 0xF3C4, 0xF3C4, 0xF3C4, 0xF3C4, 0xF3A4, 0xF3A4, 0xF3A4, 0xF3A4, 0xF384, 0xF384, 0xF384, 0xF384, 0xF364, 0xF364, 0xF364,
    0xEB44, 0xEB44, 0xF365, 0xF3C7, 0xF3E8, 0xF3E8, 0xF3C7, 0xEBC7, 0xEBC7, 0xEBC7, 0xEBC7, 0xEBA7, 0xEBA7, 0xEBA7, 0xEBA7, 0xEB87,
    0xEB87, 0xEB87, 0xEB87, 0xEB87, 0xFDA9, 0xFDA9, 0xFDC9, 0xFDC9, 0xFDC9, 0xFDC9, 0xFDC9, 0xFDC9, 0xFDC9, 0xFDE9, 0xFDEA, 0xFDEA,
    0xFDEA, 0xFDEA, 0xFDEA, 0xFDEA, 0xFDEA, 0xFDEA, 0xFE0B, 0xFE2D, 0xFE4D, 0xFE4D, 0xFE4D, 0xFE4D, 0xFE4D, 0xFE4D, 0xFE4D, 0xFE4D,
    0xFE4D, 0xFE4D, 0xFE4D, 0xFE4D, 0xFE4D, 0xFE4D, 0xFE4D, 0xFE4D, 0xFE4D, 0xFE4D, 0xFE4D, 0xFE4D, 0xFE4D, 0xFE4D, 0xFE4D, 0xFE4D,
    0xFE4D, 0xFE4D, 0xFE4D, 0xFE0B, 0xFDEA, 0xFDEA, 0xFDEA, 0xFDEA, 0xFDEA, 0xFDEA, 0xFDEA, 0xFDE9, 0xFDC9, 0xFDC9, 0xFDC9, 0xFDC9,
    0xFDC9, 0xFDC9, 0xFDA9, 0xFDEA, 0xFE0C, 0xFE0C, 0xFE0C, 0xFDEC, 0xFDEC, 0xFDEB, 0xFDEB, 0xFDEB, 0xFDEB, 0xFDCB, 0xFDEB, 0xFDAA,
    0xFD67, 0xFD68, 0xFD67, 0xFD67, 0xFD67, 0xFD67, 0xFD47, 0xFD47, 0xFD47, 0xFD47, 0xFD8A, 0xFD8A, 0xFD8A, 0xFD8A, 0xFD89, 0xFD89,
    0xFD69, 0xFD69, 0xFD69, 0xFD69, 0xFD27, 0xFCE5, 0xFCE5, 0xFCE5, 0xFCE5, 0xFCE5, 0xFCC5, 0xFCC5, 0xFCC5, 0xFCC5, 0xFCC5, 0xFCA5,
    0xFCE7, 0xFD29, 0xFD08, 0xFD08, 0xFD08, 0xFD08, 0xFCE8, 0xFCE8, 0xFCE8, 0xFCE8, 0xFCE8, 0xFCC8, 0xFCC8, 0xFCC8, 0xFCC8, 0xFCC8,
    0xFC87, 0xF424, 0xF424, 0xF424, 0xF404, 0xF404, 0xF404, 0xF404, 0xF3E4, 0xF3E4, 0xF3E4, 0xF3E4, 0xF3E4, 0xF3C4, 0xF3C4, 0xF3C4,
    0xF3A4, 0xF3A4, 0xF3A4, 0xF3A4, 0xF3A4, 0xF384, 0xF384, 0xF384, 0xF384, 0xF364, 0xF364, 0xF344, 0xEB64, 0xF3C6, 0xF3E8, 0xF3E8,
    0xF3E7, 0xF3C7, 0xF3C7, 0xEBC7, 0xEBC7, 0xEBC7, 0xEBA7, 0xEBA7, 0xEBA7, 0xEBA7, 0xEBA7, 0xEB87, 0xEB87, 0xEB87, 0xEB87, 0xEB87,
    0xFDA9, 0xFDA9, 0xFDA9, 0xFDC9, 0xFDC9, 0xFDC9, 0xFDC9, 0xFDC9, 0xFDC9, 0xFDC9, 0xFDE9, 0xFDE9, 0xFDEA, 0xFDEA, 0xFDEA, 0xFDEA,
    0xFDEA, 0xFDEA, 0xFDEA, 0xFE0A, 0xFE0B, 0xFE4D, 0xFE4D, 0xFE4D, 0xFE4D, 0xFE4D, 0xFE4D, 0xFE4D, 0xFE4D, 0xFE4D, 0xFE4D, 0xFE4D,
    0xFE4D, 0xFE4D, 0xFE4D, 0xFE4D, 0xFE4D, 0xFE4D, 0xFE4D, 0xFE4D, 0xFE4D, 0xFE4D, 0xFE4D, 0xFE4D, 0xFE4D, 0xFE4D, 0xFE4D, 0xFE4D,
    0xFE0A, 0xFDEA, 0xFDEA, 0xFDEA, 0xFDEA, 0xFDEA, 0xFDE9, 0xFDC9, 0xFDC9, 0xFDC9, 0xFDC9, 0xFDC9, 0xFDC9, 0xFDC9, 0xFDC9, 0xFDA9,
    0xFDEB, 0xFE0C, 0xFDEC, 0xFDEC, 0xFDEB, 0xFDEB, 0xFDEB, 0xFDEB, 0xFDCB, 0xFDCB, 0xFDEB, 0xFDCA, 0xFD67, 0xFD67, 0xFD67, 0xFD67,
    0xFD67, 0xFD47, 0xFD47, 0xFD47, 0xFD47, 0xFD47, 0xFD8A, 0xFD8A, 0xFD8A, 0xFD8A, 0xFD89, 0xFD89, 0xFD69, 0xFD69, 0xFD69, 0xFD69,
    0xFD06, 0xFCE5, 0xFCE5, 0xFCE5, 0xFCE5, 0xFCE5, 0xFCC5, 0xFCC5, 0xFCC5, 0xFCC5, 0xFCA5, 0xFCC5, 0xFD08, 0xFD08, 0xFD08, 0xFD08,
    0xFD08, 0xFCE8, 0xFCE8, 0xFCE8, 0xFCE8, 0xFCE8, 0xFCC8, 0xFCC8, 0xFCC8, 0xFCC8, 0xFCC8, 0xFC87, 0xF424, 0xF424, 0xF424, 0xF424,
    0xF404, 0xF404, 0xF404, 0xF404, 0xF3E4, 0xF3E4, 0xF3E4, 0xF3E4, 0xF3C4, 0xF3C4, 0xF3C4, 0xF3C4, 0xF3A4, 0xF3A4, 0xF3A4, 0xF3A4,
    0xF3A4, 0xF384, 0xF384, 0xF384, 0xF384, 0xF364, 0xF364, 0xF3A6, 0xF407, 0xF408, 0xF3E8, 0xF3E7, 0xF3E7, 0xF3C7, 0xF3C7, 0xEBC7,
    0xEBC7, 0xEBC7, 0xEBA7, 0xEBA7, 0xEBA7, 0xEBA7, 0xEBA7, 0xEB87, 0xEB87, 0xEB87, 0xEB87, 0xEB87, 0xFDA9, 0xFDA9, 0xFDA9, 0xFDA9,
    0xFDC9, 0xFDC9, 0xFDC9, 0xFDC9, 0xFDC9, 0xFDC9, 0xFDC9, 0xFDC9, 0xFDE9, 0xFDEA, 0xFDEA, 0xFDEA, 0xFDEA, 0xFDEA, 0xFDEA, 0xFDEA,
    0xFDEA, 0xFE0A, 0xFE2C, 0xFE4D, 0xFE4D, 0xFE4D, 0xFE4D, 0xFE4D, 0xFE4D, 0xFE4D, 0xFE4D, 0xFE4D, 0xFE4D, 0xFE4D, 0xFE4D, 0xFE4D,
    0xFE4D, 0xFE4D, 0xFE4D, 0xFE4D, 0xFE4D, 0xFE4D, 0xFE4D, 0xFE4D, 0xFE4D, 0xFE2D, 0xFE2D, 0xFE2D, 0xFE2D, 0xFDEA, 0xFDC9, 0xFDEA,
    0xFDE9, 0xFDC9, 0xFDC9, 0xFDC9, 0xFDC9, 0xFDC9, 0xFDC9, 0xFDC9, 0xFDC9, 0xFDA9, 0xFDA9, 0xFDA8, 0xFDC9, 0xFE0C, 0xFDEB, 0xFDEB,
    0xFDEB, 0xFDEB, 0xFDEB, 0xFDCB, 0xFDCB, 0xFDCB, 0xFDCB, 0xFDCB, 0xFD88, 0xFD67, 0xFD67, 0xFD67, 0xFD47, 0xFD47, 0xFD47, 0xFD47,
    0xFD46, 0xFD47, 0xFD8A, 0xFD8A, 0xFD8A, 0xFD89, 0xFD89, 0xFD69, 0xFD69, 0xFD69, 0xFD69, 0xFD48, 0xFCE5, 0xFCE5, 0xFCE5, 0xFCE5,
    0xFCE5, 0xFCC5, 0xFCC5, 0xFCC5, 0xFCC5, 0xFCC5, 0xFCA5, 0xFCE7, 0xFD29, 0xFD08, 0xFD08, 0xFD08, 0xFD08, 0xFCE8, 0xFCE8, 0xFCE8,
    0xFCE8, 0xFCE8, 0xFCC8, 0xFCC8, 0xFCC8, 0xFCC8, 0xFCA7, 0xFC25, 0xF424, 0xF424, 0xF424, 0xF404, 0xF404, 0xF404, 0xF404, 0xF404,
    0xF3E4, 0xF3E4, 0xF3E4, 0xF3E4, 0xF3C4, 0xF3C4, 0xF3C4, 0xF3C4, 0xF3A4, 0xF3A4, 0xF3A4, 0xF3A4, 0xF384, 0xF384, 0xF384, 0xF364,
    0xF364, 0xF3A5, 0xF3E7, 0xF408, 0xF408, 0xF3E7, 0xF3E8, 0xF3E7, 0xF3E7, 0xF3C7, 0xF3C7, 0xEBC7, 0xEBC7, 0xEBC7, 0xEBA7, 0xEBA7,
    0xEBA7, 0xEBA7, 0xEB87, 0xEB87, 0xEB87, 0xEB87, 0xEB87, 0xEB87, 0xFDA8, 0xFDA8, 0xFDA9, 0xFDA9, 0xFDA9, 0xFDA9, 0xFDC9, 0xFDC9,
    0xFDC9, 0xFDC9, 0xFDC9, 0xFDC9, 0xFDC9, 0xFDC9, 0xFDC9, 0xFDE9, 0xFDEA, 0xFDEA, 0xFDEA, 0xFDEA, 0xFDEA, 0xFDEA, 0xFDEA, 0xFE0B,
    0xFE2C, 0xFE4D, 0xFE4D, 0xFE4D, 0xFE4D, 0xFE4D, 0xFE4D, 0xFE4D, 0xFE4D, 0xFE4D, 0xFE4D, 0xFE4D, 0xFE4D, 0xFE4D, 0xFE4D, 0xFE4D,
    0xFE2D, 0xFE2D, 0xFE2D, 0xFE2D, 0xFE2D, 0xFE2D, 0xFE2D, 0xFE2C, 0xFE2D, 0xFE2C, 0xFDEA, 0xFDC9, 0xFDC9, 0xFDC9, 0xFDC9, 0xFDC9,
    0xFDC9, 0xFDC9, 0xFDC9, 0xFDC9, 0xFDA9, 0xFDA9, 0xFDA9, 0xFDA9, 0xFDA8, 0xFDCB, 0xFDEC, 0xFDEB, 0xFDEB, 0xFDEB, 0xFDCB, 0xFDCB,
    0xFDCB, 0xFDCB, 0xFDCB, 0xFDCB, 0xFD89, 0xFD67, 0xFD67, 0xFD47, 0xFD47, 0xFD47, 0xFD47, 0xFD47, 0xFD26, 0xFD47, 0xFD89, 0xFD8A,
    0xFD89, 0xFD89, 0xFD69, 0xFD69, 0xFD69, 0xFD69, 0xFD69, 0xFD27, 0xFCE5, 0xFCE5, 0xFCE5, 0xFCE5, 0xFCC5, 0xFCC5, 0xFCC5, 0xFCC5,
    0xFCC5, 0xFCA5, 0xFCC6, 0xFD28, 0xFD08, 0xFD08, 0xFD08, 0xFD08, 0xFD08, 0xFCE8, 0xFCE8, 0xFCE8, 0xFCE8, 0xFCC8, 0xFCC8, 0xFCC8,
    0xFCC8, 0xFCA7, 0xFC45, 0xFC24, 0xF425, 0xF424, 0xF424, 0xF404, 0xF404, 0xF404, 0xF404, 0xF3E4, 0xF3E4, 0xF3E4, 0xF3E4, 0xF3C4,
    0xF3C4, 0xF3C4, 0xF3C4, 0xF3C4, 0xF3A4, 0xF3A4, 0xF3A4, 0xF3A4, 0xF384, 0xF384, 0xF364, 0xF3A5, 0xF3E7, 0xF408, 0xF408, 0xF408,
    0xF3E8, 0xF3E8, 0xF3E7, 0xF3E7, 0xF3E7, 0xF3C7, 0xEBC7, 0xEBC7, 0xEBC7, 0xEBC7, 0xEBA7, 0xEBA7, 0xEBA7, 0xEBA7, 0xEB87, 0xEB87,
    0xEB87, 0xEB87, 0xEB87, 0xEB67, 0xFDA8, 0xFDA8, 0xFDA9, 0xFDA9, 0xFDA9, 0xFDA9, 0xFDA9, 0xFDC9, 0xFDC9, 0xFDC9, 0xFDC9, 0xFDC9,
    0xFDC9, 0xFDC9, 0xFDC9, 0xFDC9, 0xFDE9, 0xFDEA, 0xFDEA, 0xFDEA, 0xFDEA, 0xFDEA, 0xFDEA, 0xFDEA, 0xFDEA, 0xFE0B, 0xFE2C, 0xFE4D,
    0xFE2D, 0xFE4D, 0xFE4D, 0xFE4D, 0xFE4D, 0xFE4D, 0xFE4D, 0xFE4D, 0xFE4D, 0xFE2D, 0xFE2D, 0xFE2D, 0xFE2D, 0xFE2D, 0xFE2D, 0xFE2D,
    0xFE2D, 0xFE2C, 0xFE2C, 0xFE2C, 0xFE2C, 0xFE2C, 0xFE2C, 0xFDEA, 0xFDC9, 0xFDC9, 0xFDC9, 0xFDC9, 0xFDC9, 0xFDC9, 0xFDC9, 0xFDA9,
    0xFDA9, 0xFDA9, 0xFDA9, 0xFDA8, 0xFD88, 0xFDA9, 0xFDEB, 0xFDEB, 0xFDEB, 0xFDCB, 0xFDCB, 0xFDCB, 0xFDCB, 0xFDCB, 0xFDCB, 0xFDCB,
    0xFDA9, 0xFD47, 0xFD67, 0xFD47, 0xFD47, 0xFD47, 0xFD47, 0xFD47, 0xFD26, 0xFD27, 0xFD89, 0xFD8A, 0xFD89, 0xFD89, 0xFD69, 0xFD69,
    0xFD69, 0xFD69, 0xFD69, 0xFD06, 0xFCE5, 0xFCE5, 0xFCE5, 0xFCE5, 0xFCC5, 0xFCC5, 0xFCC5, 0xFCC5, 0xFCC5, 0xFCA5, 0xFD08, 0xFD28,
    0xFD08, 0xFD08, 0xFD08, 0xFD08, 0xFCE8, 0xFCE8, 0xFCE8, 0xFCE8, 0xFCE8, 0xFCC8, 0xFCC8, 0xFCC8, 0xFCA7, 0xFC45, 0xFC24, 0xFC25,
    0xF424, 0xF424, 0xF424, 0xF404, 0xF404, 0xF404, 0xF404, 0xF3E4, 0xF3E4, 0xF3E4, 0xF3E4, 0xF3C4, 0xF3C4, 0xF3C4, 0xF3C4, 0xF3C4,
    0xF3A4, 0xF3A4, 0xF3A4, 0xF3A4, 0xF384, 0xF384, 0xF3E6, 0xF428, 0xF408, 0xF408, 0xF408, 0xF408, 0xF3E8, 0xF3E8, 0xF3E7, 0xF3E7,
    0xF3C7, 0xF3C7, 0xEBC7, 0xEBC7, 0xEBC7, 0xEBC7, 0xEBA7, 0xEBA7, 0xEBA7, 0xEB87, 0xEB87, 0xEB87, 0xEB87, 0xEB87, 0xEB87, 0xEB67,
    0xFD88, 0xFDA8, 0xFDA8, 0xFDA8, 0xFDA9, 0xFDA9, 0xFDA9, 0xFDA9, 0xFDA9, 0xFDC9, 0xFDC9, 0xFDC9, 0xFDC9, 0xFDC9, 0xFDC9, 0xFDC9,
    0xFDC9, 0xFDC9, 0xFDC9, 0xFDE9, 0xFDE9, 0xFDEA, 0xFDEA, 0xFDEA, 0xFDEA, 0xFDE9, 0xFDEA, 0xFE0B, 0xFE2D, 0xFE2D, 0xFE2D, 0xFE2D,
    0xFE2D, 0xFE2D, 0xFE2D, 0xFE2D, 0xFE2D, 0xFE2D, 0xFE2D, 0xFE2D, 0xFE2D, 0xFE2C, 0xFE2C, 0xFE2C, 0xFE2C, 0xFE2C, 0xFE2C, 0xFE2C,
    0xFE2C, 0xFE2C, 0xFE2C, 0xFE0C, 0xFDCA, 0xFDC9, 0xFDC9, 0xFDC9, 0xFDC9, 0xFDA9, 0xFDA9, 0xFDA9, 0xFDA9, 0xFDA9, 0xFDA8, 0xFDA8,
    0xFDA8, 0xFD88, 0xFDCA, 0xFDEB, 0xFDCB, 0xFDCB, 0xFDCB, 0xFDCB, 0xFDCB, 0xFDCB, 0xFDCB, 0xFDCB, 0xFDAA, 0xFD67, 0xFD47, 0xFD47,
    0xFD47, 0xFD47, 0xFD47, 0xFD47, 0xFD26, 0xFD26, 0xFD89, 0xFD8A, 0xFD89, 0xFD69, 0xFD69, 0xFD69, 0xFD69, 0xFD69, 0xFD69, 0xFD06,
    0xFCE5, 0xFCE5, 0xFCE5, 0xFCC5, 0xFCC5, 0xFCC5, 0xFCC5, 0xFCC5, 0xFCA5, 0xFCE6, 0xFD29, 0xFD08, 0xFD08, 0xFD08, 0xFD08, 0xFD08,
    0xFCE8, 0xFCE8, 0xFCE8, 0xFCE8, 0xFCC8, 0xFCC8, 0xFCC8, 0xFCA7, 0xFC45, 0xFC44, 0xFC25, 0xF424, 0xF424, 0xF424, 0xF404, 0xF404,
    0xF404, 0xF404, 0xF3E4, 0xF3E4, 0xF3E4, 0xF3E4, 0xF3E4, 0xF3C4, 0xF3C4, 0xF3C4, 0xF3C4, 0xF3A4, 0xF3A4, 0xF3A4, 0xF384, 0xF3A4,
    0xF3C6, 0xF428, 0xF428, 0xF408, 0xF408, 0xF408, 0xF408, 0xF408, 0xF3E8, 0xF3E8, 0xF3E7, 0xF3E7, 0xF3C7, 0xEBC7, 0xEBC7, 0xEBC7,
    0xEBC7, 0xEBA7, 0xEBA7, 0xEBA7, 0xEBA7, 0xEB87, 0xEB87, 0xEB87, 0xEB87, 0xEB87, 0xEB67, 0xEB67, 0xFD88, 0xFD88, 0xFDA8, 0xFDA8,
    0xFDA8, 0xFDA9, 0xFDA9, 0xFDA9, 0xFDA9, 0xFDA9, 0xFDC9, 0xFDC9, 0xFDC9, 0xFDC9, 0xFDC9, 0xFDC9, 0xFDC9, 0xFDC9, 0xFDC9, 0xFDC9,
    0xFDC9, 0xFDC9, 0xFDE9, 0xFDE9, 0xFDEA, 0xFDEA, 0xFDEA, 0xFDE9, 0xFDEA, 0xFE0C, 0xFE2D, 0xFE2D, 0xFE2C, 0xFE2C, 0xFE2C, 0xFE2C,
    0xFE2C, 0xFE2C, 0xFE2C, 0xFE2C, 0xFE2C, 0xFE2C, 0xFE2C, 0xFE2C, 0xFE2C, 0xFE2C, 0xFE2C, 0xFE2C, 0xFE0C, 0xFE0C, 0xFE0C, 0xFE0C,
    0xFE0C, 0xFDCA, 0xFDA9, 0xFDC9, 0xFDA9, 0xFDA9, 0xFDA9, 0xFDA9, 0xFDA8, 0xFDA8, 0xFDA8, 0xFDA8, 0xFD88, 0xFD88, 0xFD88, 0xFDCB,
    0xFDCB, 0xFDCB, 0xFDCB, 0xFDCB, 0xFDCB, 0xFDCB, 0xFDCB, 0xFDCB, 0xFDAA, 0xFD68, 0xFD47, 0xFD47, 0xFD47, 0xFD47, 0xFD47, 0xFD26,
    0xFD26, 0xFD26, 0xFD89, 0xFD89, 0xFD69, 0xFD69, 0xFD69, 0xFD69, 0xFD69, 0xFD69, 0xFD48, 0xFCE5, 0xFCE5, 0xFCE5, 0xFCE5, 0xFCC5,
    0xFCC5, 0xFCC5, 0xFCC5, 0xFCA5, 0xFCC5, 0xFD08, 0xFD08, 0xFD08, 0xFD08, 0xFD08, 0xFD08, 0xFD08, 0xFCE8, 0xFCE8, 0xFCE8, 0xFCE8,
    0xFCC8, 0xFCC8, 0xFCA7, 0xFC45, 0xFC44, 0xFC45, 0xF424, 0xF424, 0xF424, 0xF424, 0xF404, 0xF404, 0xF404, 0xF404, 0xF3E4, 0xF3E4,
    0xF3E4, 0xF3E4, 0xF3C4, 0xF3C4, 0xF3C4, 0xF3C4, 0xF3C4, 0xF3A4, 0xF3A4, 0xF3A4, 0xF3C5, 0xF407, 0xF428, 0xF428, 0xF408, 0xF408,
    0xF408, 0xF408, 0xF408, 0xF408, 0xF3E8, 0xF3E8, 0xF3E7, 0xF3C7, 0xF3C7, 0xEBC7, 0xEBC7, 0xEBC7, 0xEBC7, 0xEBA7, 0xEBA7, 0xEBA7,
    0xEBA7, 0xEB87, 0xEB87, 0xEB87, 0xEB87, 0xEB87, 0xEB67, 0xEB67, 0xFD88, 0xFD88, 0xFD88, 0xFD88, 0xFDA8, 0xFDA8, 0xFDA8, 0xFDA9,
    0xFDA9, 0xFDA9, 0xFDA9, 0xFDA9, 0xFDC9, 0xFDC9, 0xFDC9, 0xFDC9, 0xFDC9, 0xFDC9, 0xFDC9, 0xFDC9, 0xFDC9, 0xFDC9, 0xFDC9, 0xFDC9,
    0xFDC9, 0xFDC9, 0xFDC9, 0xFDE9, 0xFDC9, 0xFDC9, 0xFDEA, 0xFE0C, 0xFE2D, 0xFE2C, 0xFE2C, 0xFE2C, 0xFE2C, 0xFE2C, 0xFE2C, 0xFE2C,
    0xFE2C, 0xFE2C, 0xFE2C, 0xFE2C, 0xFE0C, 0xFE0C, 0xFE0C, 0xFE0C, 0xFE0C, 0xFE0C, 0xFE0C, 0xFE0C, 0xFE0C, 0xFE0C, 0xFDC9, 0xFDA8,
    0xFDA9, 0xFDA9, 0xFDA8, 0xFDA8, 0xFDA8, 0xFDA8, 0xFD88, 0xFD88, 0xFD88, 0xFD88, 0xFD88, 0xFDA9, 0xFDEB, 0xFDCB, 0xFDCB, 0xFDCB,
    0xFDCB, 0xFDCB, 0xFDAA, 0xFDAA, 0xFDAB, 0xFD88, 0xFD47, 0xFD47, 0xFD47, 0xFD47, 0xFD26, 0xFD26, 0xFD26, 0xFD26, 0xFD89, 0xFD89,
    0xFD69, 0xFD69, 0xFD69, 0xFD69, 0xFD69, 0xFD69, 0xFD27, 0xFCE5, 0xFCE5, 0xFCE5, 0xFCC5, 0xFCC5, 0xFCC5, 0xFCC5, 0xFCC5, 0xFCA5,
    0xFCE7, 0xFD29, 0xFD08, 0xFD08, 0xFD08, 0xFD08, 0xFD08, 0xFCE8, 0xFCE8, 0xFCE8, 0xFCE8, 0xFCC8, 0xFCC8, 0xFCA7, 0xFC45, 0xFC44,
    0xFC45, 0xFC25, 0xF424, 0xF424, 0xF424, 0xF404, 0xF404, 0xF404, 0xF404, 0xF404, 0xF3E4, 0xF3E4, 0xF3E4, 0xF3E4, 0xF3C4, 0xF3C4,
    0xF3C4, 0xF3C4, 0xF3A4, 0xF3A4, 0xF3C5, 0xF407, 0xF448, 0xF428, 0xF428, 0xF428, 0xF408, 0xF408, 0xF408, 0xF408, 0xF408, 0xF3E8,
    0xF3E8, 0xF3E7, 0xF3E7, 0xF3C7, 0xF3C7, 0xEBC7, 0xEBC7, 0xEBC7, 0xEBA7, 0xEBA7, 0xEBA7, 0xEBA7, 0xEBA7, 0xEB87, 0xEB87, 0xEB87,
    0xEB87, 0xEB87, 0xEB67, 0xEB67, 0xFD88, 0xFD88, 0xFD88, 0xFD88, 0xFD88, 0xFDA8, 0xFDA8, 0xFDA8, 0xFDA8, 0xFDA9, 0xFDA9, 0xFDA9,
    0xFDA9, 0xFDA9, 0xFDA9, 0xFDC9, 0xFDC9, 0xFDC9, 0xFDC9, 0xFDC9, 0xFDC9, 0xFDC9, 0xFDC9, 0xFDC9, 0xFDC9, 0xFDC9, 0xFDC9, 0xFDC9,
    0xFDC9, 0xFDC9, 0xFDC9, 0xFDC9, 0xFDEB, 0xFE2C, 0xFE2D, 0xFE2C, 0xFE2C, 0xFE2C, 0xFE0C, 0xFE0C, 0xFE0C, 0xFE0C, 0xFE0C, 0xFE0C,
    0xFE0C, 0xFE0C, 0xFE0C, 0xFE0C, 0xFE0C, 0xFE0C, 0xFE0C, 0xFE0C, 0xFE0C, 0xFE0C, 0xFE0C, 0xFDC9, 0xFDA8, 0xFDA9, 0xFDA8, 0xFDA8,
    0xFD88, 0xFD88, 0xFD88, 0xFD88, 0xFD88, 0xFD88, 0xFD88, 0xFD68, 0xFDCA, 0xFDCB, 0xFDCB, 0xFDCB, 0xFDCB, 0xFDAA, 0xFDAA, 0xFDAA,
    0xFDAA, 0xFD89, 0xFD47, 0xFD47, 0xFD46, 0xFD26, 0xFD26, 0xFD26, 0xFD26, 0xFD26, 0xFD69, 0xFD69, 0xFD69, 0xFD69, 0xFD69, 0xFD69,
    0xFD69, 0xFD69, 0xFD06, 0xFCE5, 0xFCE5, 0xFCC5, 0xFCC5, 0xFCC5, 0xFCC5, 0xFCC5, 0xFCA5, 0xFCC5, 0xFD28, 0xFD08, 0xFD08, 0xFD08,
    0xFD08, 0xFD08, 0xFCE8, 0xFCE8, 0xFCE8, 0xFCE8, 0xFCC8, 0xFCE8, 0xFCA7, 0xFC45, 0xFC44, 0xFC45, 0xFC25, 0xF425, 0xF424, 0xF424,
    0xF424, 0xF404, 0xF404, 0xF404, 0xF404, 0xF3E4, 0xF3E4, 0xF3E4, 0xF3E4, 0xF3C4, 0xF3C4, 0xF3C4, 0xF3C4, 0xF3A4, 0xF3C4, 0xF406,
    0xF428, 0xF448, 0xF428, 0xF428, 0xF428, 0xF408, 0xF408, 0xF408, 0xF408, 0xF408, 0xF3E8, 0xF3E8, 0xF3E8, 0xF3E7, 0xF3E7, 0xF3C7,
    0xF3C7, 0xEBC7, 0xEBC7, 0xEBC7, 0xEBA7, 0xEBA7, 0xEBA7, 0xEBA7, 0xEB87, 0xEB87, 0xEB87, 0xEB87, 0xEB87, 0xEB87, 0xEB67, 0xEB67,
    0xFD88, 0xFD88, 0xFD88, 0xFD88, 0xFD88, 0xFD88, 0xFDA8, 0xFDA8, 0xFDA8, 0xFDA8, 0xFDA9, 0xFDA9, 0xFDA9, 0xFDA9, 0xFDA9, 0xFDA9,
    0xFDC9, 0xFDC9, 0xFDC9, 0xFDC9, 0xFDC9, 0xFDC9, 0xFDC9, 0xFDC9, 0xFDC9, 0xFDC9, 0xFDC9, 0xFDC9, 0xFDC9, 0xFDC9, 0xFDC9, 0xFDC9,
    0xFDC9, 0xFDC9, 0xFDEB, 0xFE0C, 0xFE2C, 0xFE0C, 0xFE0C, 0xFE0C, 0xFE0C, 0xFE0C, 0xFE0C, 0xFE0C, 0xFE0C, 0xFE0C, 0xFE0C, 0xFE0C,
    0xFE0C, 0xFE0C, 0xFE0C, 0xFE0C, 0xFE0C, 0xFE0C, 0xFE0C, 0xFE0C, 0xFDA9, 0xFD88, 0xFDA8, 0xFDA8, 0xFD88, 0xFD88, 0xFD88, 0xFD88,
    0xFD88, 0xFD88, 0xFD88, 0xFD67, 0xFD88, 0xFDCB, 0xFDCB, 0xFDCB, 0xFDAA, 0xFDAA, 0xFDAA, 0xFDAA, 0xFDAA, 0xFD8A, 0xFD47, 0xFD47,
    0xFD47, 0xFD26, 0xFD26, 0xFD26, 0xFD26, 0xFD26, 0xFD69, 0xFD69, 0xFD69, 0xFD69, 0xFD69, 0xFD69, 0xFD69, 0xFD48, 0xFCE5, 0xFCE5,
    0xFCE5, 0xFCC5, 0xFCC5, 0xFCC5, 0xFCC5, 0xFCC5, 0xFCA5, 0xFD07, 0xFD29, 0xFD08, 0xFD08, 0xFD08, 0xFD08, 0xFD08, 0xFCE8, 0xFCE8,
    0xFCE8, 0xFCE8, 0xFCE9, 0xFCA7, 0xFC45, 0xFC44, 0xFC45, 0xFC45, 0xFC25, 0xF424, 0xF424, 0xF424, 0xF424, 0xF404, 0xF404, 0xF404,
    0xF404, 0xF3E4, 0xF3E4, 0xF3E4, 0xF3E4, 0xF3C4, 0xF3C4, 0xF3C4, 0xF3C4, 0xF3E6, 0xF428, 0xF448, 0xF428, 0xF428, 0xF428, 0xF428,
    0xF428, 0xF408, 0xF408, 0xF408, 0xF408, 0xF408, 0xF3E8, 0xF3E8, 0xF3E7, 0xF3E7, 0xF3E7, 0xF3C7, 0xEBC7, 0xEBC7, 0xEBC7, 0xEBC7,
    0xEBA7, 0xEBA7, 0xEBA7, 0xEBA7, 0xEB87, 0xEB87, 0xEB87, 0xEB87, 0xEB87, 0xEB67, 0xEB67, 0xEB67, 0xFD88, 0xFD88, 0xFD88, 0xFD88,
    0xFD88, 0xFD88, 0xFD88, 0xFD88, 0xFDA8, 0xFDA8, 0xFDA8, 0xFDA8, 0xFDA9, 0xFDA9, 0xFDA9, 0xFDA9, 0xFDA9, 0xFDA9, 0xFDA9, 0xFDA9,
    0xFDC9, 0xFDC9, 0xFDC9, 0xFDC9, 0xFDC9, 0xFDC9, 0xFDC9, 0xFDC9, 0xFDC9, 0xFDC9, 0xFDC9, 0xFDC9, 0xFDC9, 0xFDC9, 0xFDC9, 0xFDCA,
    0xFE0B, 0xFE0C, 0xFE0C, 0xFE0C, 0xFE0C, 0xFE0C, 0xFE0C, 0xFE0C, 0xFE0C, 0xFE0C, 0xFE0C, 0xFE0C, 0xFE0C, 0xFE0C, 0xFE0C, 0xFE0C,
    0xFDEC, 0xFDEC, 0xFDEC, 0xFDEC, 0xFDEB, 0xFDA9, 0xFD88, 0xFD88, 0xFD88, 0xFD88, 0xFD88, 0xFD88, 0xFD88, 0xFD68, 0xFD68, 0xFD68,
    0xFD67, 0xFDAA, 0xFDCB, 0xFDAA, 0xFDAA, 0xFDAA, 0xFDAA, 0xFDAA, 0xFDAA, 0xFDAA, 0xFD48, 0xFD26, 0xFD26, 0xFD26, 0xFD26, 0xFD26,
    0xFD06, 0xFD26, 0xFD69, 0xFD69, 0xFD69, 0xFD69, 0xFD69, 0xFD69, 0xFD69, 0xFD27, 0xFCE5, 0xFCE5, 0xFCC5, 0xFCC5, 0xFCC5, 0xFCC5,
    0xFCC5, 0xFCA5, 0xFCC6, 0xFD28, 0xFD08, 0xFD08, 0xFD08, 0xFD08, 0xFD08, 0xFCE8, 0xFCE8, 0xFCE8, 0xFCE8, 0xFCE9, 0xFCA7, 0xFC45,
    0xFC44, 0xFC45, 0xFC45, 0xFC45, 0xF424, 0xF424, 0xF424, 0xF424, 0xF404, 0xF404, 0xF404, 0xF404, 0xF3E4, 0xF3E4, 0xF3E4, 0xF3E4,
    0xF3E4, 0xF3C4, 0xF3C4, 0xF3E5, 0xF427, 0xF448, 0xF448, 0xF428, 0xF428, 0xF428, 0xF428, 0xF428, 0xF428, 0xF408, 0xF408, 0xF408,
    0xF408, 0xF408, 0xF3E8, 0xF3E8, 0xF3E7, 0xF3E7, 0xF3C7, 0xF3C7, 0xEBC7, 0xEBC7, 0xEBC7, 0xEBC7, 0xEBA7, 0xEBA7, 0xEBA7, 0xEB87,
    0xEB87, 0xEB87, 0xEB87, 0xEB87, 0xEB87, 0xEB67, 0xEB67, 0xEB67, 0xFD68, 0xFD88, 0xFD88, 0xFD88, 0xFD88, 0xFD88, 0xFD88, 0xFD88,
    0xFD88, 0xFD88, 0xFDA8, 0xFDA8, 0xFDA8, 0xFDA8, 0xFDA9, 0xFDA9, 0xFDA9, 0xFDA9, 0xFDA9, 0xFDA9, 0xFDA9, 0xFDA9, 0xFDA9, 0xFDC9,
    0xFDC9, 0xFDC9, 0xFDC9, 0xFDC9, 0xFDC9, 0xFDC9, 0xFDC9, 0xFDC9, 0xFDC9, 0xFDC9, 0xFDC9, 0xFDC9, 0xFDC9, 0xFDCA, 0xFE0C, 0xFE0C,
    0xFE0C, 0xFE0C, 0xFE0C, 0xFE0C, 0xFE0C, 0xFE0C, 0xFE0C, 0xFE0C, 0xFE0C, 0xFDEC, 0xFDEC, 0xFDEC, 0xFDEC, 0xFDEC, 0xFDEB, 0xFDEB,
    0xFDEB, 0xFDEB, 0xFDA9, 0xFD88, 0xFD88, 0xFD88, 0xFD88, 0xFD88, 0xFD68, 0xFD68, 0xFD68, 0xFD67, 0xFD67, 0xFD68, 0xFDAA, 0xFDAA,
    0xFDAA, 0xFDAA, 0xFDAA, 0xFDAA, 0xFDAA, 0xFDAA, 0xFD68, 0xFD26, 0xFD26, 0xFD26, 0xFD26, 0xFD26, 0xFD06, 0xFD26, 0xFD69, 0xFD69,
    0xFD69, 0xFD69, 0xFD69, 0xFD69, 0xFD69, 0xFD07, 0xFCC5, 0xFCE5, 0xFCC5, 0xFCC5, 0xFCC5, 0xFCC5, 0xFCC5, 0xFCC5, 0xFD08, 0xFD28,
    0xFD08, 0xFD08, 0xFD08, 0xFD08, 0xFCE8, 0xFCE8, 0xFCE8, 0xFCE8, 0xFCE9, 0xFCC7, 0xFC45, 0xFC44, 0xFC45, 0xFC45, 0xFC45, 0xFC25,
    0xF424, 0xF424, 0xF424, 0xF424, 0xF404, 0xF404, 0xF404, 0xF404, 0xF3E4, 0xF3E4, 0xF3E4, 0xF3E4, 0xF3C4, 0xF3E5, 0xF427, 0xF468,
    0xF448, 0xF448, 0xF428, 0xF428, 0xF428, 0xF428, 0xF428, 0xF428, 0xF408, 0xF408, 0xF408, 0xF408, 0xF408, 0xF408, 0xF3E8, 0xF3E8,
    0xF3E7, 0xF3E7, 0xF3C7, 0xEBC7, 0xEBC7, 0xEBC7, 0xEBC7, 0xEBA7, 0xEBA7, 0xEBA7, 0xEBA7, 0xEB87, 0xEB87, 0xEB87, 0xEB87, 0xEB87,
    0xEB87, 0xEB67, 0xEB67, 0xEB67, 0xFD68, 0xFD68, 0xFD68, 0xFD88, 0xFD88, 0xFD88, 0xFD88, 0xFD88, 0xFD88, 0xFD88, 0xFD88, 0xFD88,
    0xFDA8, 0xFDA8, 0xFDA8, 0xFDA8, 0xFDA8, 0xFDA9, 0xFDA9, 0xFDA9, 0xFDA9, 0xFDA9, 0xFDA9, 0xFDA9, 0xFDA9, 0xFDA9, 0xFDA9, 0xFDA9,
    0xFDA9, 0xFDA9, 0xFDA9, 0xFDC9, 0xFDC9, 0xFDC9, 0xFDC9, 0xFDA9, 0xFDA9, 0xFDA9, 0xFDA9, 0xFDCA, 0xFE0C, 0xFE0C, 0xFE0C, 0xFE0C,
    0xFE0C, 0xFE0C, 0xFE0C, 0xFDEC, 0xFDEC, 0xFDEC, 0xFDEC, 0xFDEB, 0xFDEB, 0xFDEB, 0xFDEB, 0xFDEB, 0xFDEB, 0xFDEB, 0xFDEB, 0xFD89,
    0xFD68, 0xFD88, 0xFD88, 0xFD68, 0xFD68, 0xFD67, 0xFD67, 0xFD67, 0xFD67, 0xFD47, 0xFD89, 0xFDAA, 0xFDAA, 0xFDAA, 0xFDAA, 0xFDAA,
    0xFDAA, 0xFDAA, 0xFD89, 0xFD26, 0xFD26, 0xFD26, 0xFD26, 0xFD26, 0xFD06, 0xFD06, 0xFD69, 0xFD69, 0xFD69, 0xFD69, 0xFD69, 0xFD49,
    0xFD49, 0xFCE6, 0xFCC5, 0xFCC5, 0xFCC5, 0xFCC5, 0xFCC5, 0xFCC5, 0xFCA5, 0xFCE7, 0xFD29, 0xFD08, 0xFD08, 0xFD08, 0xFD08, 0xFD08,
    0xFCE8, 0xFCE8, 0xFCE8, 0xFCE9, 0xFCC7, 0xFC65, 0xFC44, 0xFC45, 0xFC45, 0xFC45, 0xFC45, 0xF425, 0xF424, 0xF424, 0xF424, 0xF404,
    0xF404, 0xF404, 0xF404, 0xF3E4, 0xF3E4, 0xF3E4, 0xF3E4, 0xF3E4, 0xF426, 0xF468, 0xF468, 0xF448, 0xF448, 0xF448, 0xF428, 0xF428,
    0xF428, 0xF428, 0xF428, 0xF428, 0xF408, 0xF408, 0xF408, 0xF408, 0xF408, 0xF3E8, 0xF3E8, 0xF3E7, 0xF3E7, 0xF3E7, 0xF3C7, 0xEBC7,
    0xEBC7, 0xEBC7, 0xEBC7, 0xEBA7, 0xEBA7, 0xEBA7, 0xEBA7, 0xEB87, 0xEB87, 0xEB87, 0xEB87, 0xEB87, 0xEB67, 0xEB67, 0xEB67, 0xEB67,
    0xFD67, 0xFD67, 0xFD68, 0xFD68, 0xFD68, 0xFD88, 0xFD88, 0xFD88, 0xFD88, 0xFD88, 0xFD88, 0xFD88, 0xFD88, 0xFD88, 0xFD88, 0xFDA8,
    0xFDA8, 0xFDA8, 0xFDA8, 0xFDA8, 0xFDA8, 0xFDA9, 0xFDA9, 0xFDA9, 0xFDA9, 0xFDA9, 0xFDA9, 0xFDA9, 0xFDA9, 0xFDA9, 0xFDA9, 0xFDA9,
    0xFDA9, 0xFDA9, 0xFDA9, 0xFDA9, 0xFDA9, 0xFDA9, 0xFDA9, 0xFDA8, 0xFDA9, 0xFDEA, 0xFE0C, 0xFE0C, 0xFDEC, 0xFDEC, 0xFDEC, 0xFDEC,
    0xFDEB, 0xFDEB, 0xFDEB, 0xFDEB, 0xFDEB, 0xFDEB, 0xFDEB, 0xFDEB, 0xFDEB, 0xFDCB, 0xFDCB, 0xFDCB, 0xFD88, 0xFD67, 0xFD68, 0xFD68,
    0xFD67, 0xFD67, 0xFD67, 0xFD67, 0xFD67, 0xFD47, 0xFD47, 0xFDAA, 0xFDAA, 0xFDAA, 0xFDAA, 0xFDAA, 0xFD8A, 0xFD8A, 0xFD8A, 0xFD27,
    0xFD26, 0xFD26, 0xFD06, 0xFD06, 0xFD06, 0xFD06, 0xFD69, 0xFD69, 0xFD69, 0xFD69, 0xFD49, 0xFD49, 0xFD48, 0xFCE5, 0xFCC5, 0xFCC5,
    0xFCC5, 0xFCC5, 0xFCC5, 0xFCA5, 0xFCC5, 0xFD08, 0xFD08, 0xFD08, 0xFD08, 0xFD08, 0xFD08, 0xFCE8, 0xFCE8, 0xFCE8, 0xFCE9, 0xFCC7,
    0xFC65, 0xFC44, 0xFC45, 0xFC45, 0xFC45, 0xFC45, 0xFC25, 0xF424, 0xF424, 0xF424, 0xF404, 0xF404, 0xF404, 0xF404, 0xF404, 0xF3E4,
    0xF3E4, 0xF3E4, 0xF406, 0xF468, 0xF468, 0xF468, 0xF448, 0xF448, 0xF448, 0xF448, 0xF428, 0xF428, 0xF428, 0xF428, 0xF428, 0xF408,
    0xF408, 0xF408, 0xF408, 0xF408, 0xF408, 0xF3E8, 0xF3E8, 0xF3E7, 0xF3E7, 0xF3C7, 0xF3C7, 0xEBC7, 0xEBC7, 0xEBC7, 0xEBA7, 0xEBA7,
    0xEBA7, 0xEBA7, 0xEBA7, 0xEB87, 0xEB87, 0xEB87, 0xEB87, 0xEB87, 0xEB67, 0xEB67, 0xEB67, 0xEB67, 0xFD67, 0xFD67, 0xFD67, 0xFD67,
    0xFD68, 0xFD88, 0xFD88, 0xFD88, 0xFD88, 0xFD88, 0xFD88, 0xFD88, 0xFD88, 0xFD88, 0xFD88, 0xFD88, 0xFD88, 0xFDA8, 0xFDA8, 0xFDA8,
    0xFDA8, 0xFDA8, 0xFDA8, 0xFDA8, 0xFDA9, 0xFDA9, 0xFDA9, 0xFDA9, 0xFDA9, 0xFDA9, 0xFDA9, 0xFDA9, 0xFDA9, 0xFDA9, 0xFDA9, 0xFDA9,
    0xFDA9, 0xFDA9, 0xFDA9, 0xFDA9, 0xFDA8, 0xFDA8, 0xFDC9, 0xFDEB, 0xFDEC, 0xFDEC, 0xFDEB, 0xFDEB, 0xFDEB, 0xFDEB, 0xFDEB, 0xFDEB,
    0xFDEB, 0xFDEB, 0xFDEB, 0xFDCB, 0xFDCB, 0xFDCB, 0xFDCB, 0xFDCB, 0xFDCB, 0xFD88, 0xFD67, 0xFD67, 0xFD67, 0xFD67, 0xFD67, 0xFD67,
    0xFD47, 0xFD47, 0xFD47, 0xFD68, 0xFDAA, 0xFDAA, 0xFDAA, 0xFD8A, 0xFD8A, 0xFD8A, 0xFD8A, 0xFD47, 0xFD06, 0xFD06, 0xFD06, 0xFD06,
    0xFD06, 0xFD06, 0xFD69, 0xFD69, 0xFD69, 0xFD69, 0xFD48, 0xFD49, 0xFD27, 0xFCC5, 0xFCC5, 0xFCC5, 0xFCC5, 0xFCC5, 0xFCC5, 0xFCA5,
    0xFCE7, 0xFD29, 0xFD08, 0xFD08, 0xFD08, 0xFD08, 0xFD08, 0xFCE8, 0xFCE8, 0xFCE9, 0xFCC7, 0xFC65, 0xFC44, 0xFC45, 0xFC45, 0xFC45,
    0xFC45, 0xFC25, 0xFC25, 0xF424, 0xF424, 0xF424, 0xF404, 0xF404, 0xF404, 0xF404, 0xF3E4, 0xF3E4, 0xF405, 0xF447, 0xF468, 0xF468,
    0xF468, 0xF448, 0xF448, 0xF448, 0xF448, 0xF448, 0xF428, 0xF428, 0xF428, 0xF428, 0xF428, 0xF408, 0xF408, 0xF408, 0xF408, 0xF408,
    0xF408, 0xF3E8, 0xF3E7, 0xF3E7, 0xF3E7, 0xF3C7, 0xEBC7, 0xEBC7, 0xEBC7, 0xEBC7, 0xEBA7, 0xEBA7, 0xEBA7, 0xEBA7, 0xEB87, 0xEB87,
    0xEB87, 0xEB87, 0xEB87, 0xEB87, 0xEB67, 0xEB67, 0xEB67, 0xEB67, 0xFD67, 0xFD67, 0xFD67, 0xFD67, 0xFD68, 0xFD68, 0xFD68, 0xFD68,
    0xFD88, 0xFD88, 0xFD88, 0xFD88, 0xFD88, 0xFD88, 0xFD88, 0xFD88, 0xFD88, 0xFD88, 0xFD88, 0xFD88, 0xFD88, 0xFDA8, 0xFDA8, 0xFDA8,
    0xFDA8, 0xFDA8, 0xFDA8, 0xFDA8, 0xFDA8, 0xFDA8, 0xFDA8, 0xFDA8, 0xFDA8, 0xFDA8, 0xFDA8, 0xFDA8, 0xFDA8, 0xFDA8, 0xFDA8, 0xFDA8,
    0xFDA8, 0xFDA8, 0xFD88, 0xFD88, 0xFDA9, 0xFDEB, 0xFDEC, 0xFDEB, 0xFDEB, 0xFDEB, 0xFDEB, 0xFDEB, 0xFDCB, 0xFDCB, 0xFDCB, 0xFDCB,
    0xFDCB, 0xFDCB, 0xFDCB, 0xFDCB, 0xFDCB, 0xFDCB, 0xFD88, 0xFD67, 0xFD67, 0xFD67, 0xFD67, 0xFD47, 0xFD47, 0xFD47, 0xFD47, 0xFD47,
    0xFD89, 0xFDAA, 0xFDAA, 0xFD8A, 0xFD8A, 0xFD8A, 0xFDAA, 0xFD68, 0xFD26, 0xFD26, 0xFD06, 0xFD05, 0xFD05, 0xFCE5, 0xFD48, 0xFD48,
    0xFD48, 0xFD48, 0xFD69, 0xFD69, 0xFD07, 0xFCE5, 0xFCE5, 0xFCC5, 0xFCC5, 0xFCC5, 0xFCA5, 0xFCC6, 0xFD08, 0xFD08, 0xFD08, 0xFD08,
    0xFD08, 0xFD08, 0xFCE8, 0xFCE8, 0xFCE9, 0xFCC7, 0xFC65, 0xFC45, 0xFC65, 0xFC45, 0xFC45, 0xFC45, 0xFC45, 0xFC25, 0xF424, 0xF424,
    0xF424, 0xF424, 0xF404, 0xF405, 0xF404, 0xF3E4, 0xF405, 0xF447, 0xF468, 0xF468, 0xF468, 0xF468, 0xF468, 0xF448, 0xF448, 0xF448,
    0xF448, 0xF428, 0xF428, 0xF428, 0xF428, 0xF428, 0xF408, 0xF408, 0xF408, 0xF408, 0xF408, 0xF408, 0xF3E8, 0xF3E8, 0xF3E7, 0xF3E7,
    0xF3C7, 0xF3C7, 0xEBC7, 0xEBC7, 0xEBC7, 0xEBC7, 0xEBA7, 0xEBA7, 0xEBA7, 0xEBA7, 0xEB87, 0xEB87, 0xEB87, 0xEB87, 0xEB87, 0xEB67,
    0xEB67, 0xEB67, 0xEB67, 0xEB67, 0xFD89, 0xFD68, 0xFD68, 0xFD67, 0xFD67, 0xFD67, 0xFD67, 0xFD68, 0xFD68, 0xFD88, 0xFD88, 0xFD88,
    0xFD88, 0xFD88, 0xFD88, 0xFD88, 0xFD88, 0xFD88, 0xFD88, 0xFD88, 0xFD88, 0xFD88, 0xFD88, 0xFD88, 0xFD88, 0xFDA8, 0xFDA8, 0xFDA8,
    0xFDA8, 0xFDA8, 0xFDA8, 0xFDA8, 0xFDA8, 0xFDA8, 0xFDA8, 0xFDA8, 0xFDA8, 0xFDA8, 0xFDA8, 0xFDA8, 0xFD88, 0xFD88, 0xFD88, 0xFD88,
    0xFD88, 0xFD88, 0xFDAA, 0xFDEB, 0xFDEB, 0xFDCB, 0xFDCB, 0xFDCB, 0xFDCB, 0xFDCB, 0xFDCB, 0xFDCB, 0xFDCB, 0xFDCB, 0xFDCB, 0xFDCB,
    0xFDCB, 0xFDCB, 0xFDCA, 0xFD68, 0xFD47, 0xFD47, 0xFD47, 0xFD47, 0xFD47, 0xFD47, 0xFD47, 0xFD46, 0xFD47, 0xFD8A, 0xFD8A, 0xFD8A,
    0xFD69, 0xF548, 0xF528, 0xF4E7, 0xF4A4, 0xF4C5, 0xF4C6, 0xF4E7, 0xF508, 0xF528, 0xF56B, 0xF56B, 0xF54A, 0xF509, 0xF4E8, 0xF4C7,
    0xF463, 0xF463, 0xF484, 0xFCA5, 0xFCC5, 0xFCA5, 0xFCA5, 0xFCE8, 0xFD08, 0xFD08, 0xFD08, 0xFD08, 0xFD08, 0xFD08, 0xFCE8, 0xFCE9,
    0xFCC7, 0xFC65, 0xFC65, 0xFC65, 0xFC45, 0xFC45, 0xFC45, 0xFC45, 0xFC45, 0xF425, 0xF424, 0xF424, 0xF404, 0xF404, 0xF404, 0xF404,
    0xF404, 0xF446, 0xF468, 0xF488, 0xF468, 0xF468, 0xF468, 0xF468, 0xF448, 0xF448, 0xF448, 0xF448, 0xF448, 0xF428, 0xF428, 0xF428,
    0xF428, 0xF428, 0xF408, 0xF408, 0xF408, 0xF408, 0xF408, 0xF3E8, 0xF3E8, 0xF3E8, 0xF3E7, 0xF3E7, 0xF3C7, 0xF3C7, 0xEBC7, 0xEBC7,
    0xEBC7, 0xEBA7, 0xEBA7, 0xEBA7, 0xEBA7, 0xEBA7, 0xEB87, 0xEB87, 0xEB87, 0xEB87, 0xEB87, 0xEB88, 0xEB67, 0xEB47, 0xEB26, 0xEAE5,
    0xFDAA, 0xFDAA, 0xFDAA, 0xFDAA, 0xFD89, 0xFD88, 0xFD68, 0xFD67, 0xFD67, 0xFD67, 0xFD68, 0xFD68, 0xFD88, 0xFD88, 0xFD88, 0xFD88,
    0xFD88, 0xFD88, 0xFD88, 0xFD88, 0xFD88, 0xFD88, 0xFD88, 0xFD88, 0xFD88, 0xFD88, 0xFD88, 0xFD88, 0xFD88, 0xFD88, 0xFD88, 0xFD88,
    0xFD88, 0xFD88, 0xFD88, 0xFD88, 0xFD88, 0xFD88, 0xFD88, 0xFD88, 0xFD88, 0xFD88, 0xFD88, 0xFD88, 0xFD88, 0xFD88, 0xFD88, 0xFD88,
    0xFDCA, 0xFDEB, 0xFDEB, 0xFDCB, 0xFDCB, 0xFDCB, 0xFDCB, 0xFDCB, 0xFDCB, 0xFDCB, 0xFDCB, 0xFDCB, 0xFDCB, 0xFDCA, 0xFDAA, 0xFDAA,
    0xFD68, 0xFD47, 0xFD47, 0xFD47, 0xFD47, 0xFD47, 0xFD26, 0xFD26, 0xFD26, 0xF548, 0xF529, 0xECE7, 0xECE8, 0xED4B, 0xEDCF, 0xF653,
    0xF6B6, 0xF739, 0xFF7C, 0xFFBD, 0xFFBD, 0xFFBE, 0xFFBE, 0xFFBE, 0xFFBD, 0xFF9D, 0xF75A, 0xF6D7, 0xEE12, 0xED6D, 0xECA7, 0xEC43,
    0xEC23, 0xF444, 0xF4C6, 0xF509, 0xFD08, 0xFCE8, 0xFD08, 0xFD08, 0xFD08, 0xFCE8, 0xFCE9, 0xFCC7, 0xFC65, 0xFC65, 0xFC65, 0xFC45,
    0xFC45, 0xFC45, 0xFC45, 0xFC25, 0xFC25, 0xF424, 0xF424, 0xF424, 0xF404, 0xF404, 0xF404, 0xF426, 0xF467, 0xF488, 0xF468, 0xF468,
    0xF468, 0xF468, 0xF468, 0xF468, 0xF448, 0xF448, 0xF448, 0xF448, 0xF428, 0xF428, 0xF428, 0xF428, 0xF428, 0xF428, 0xF408, 0xF408,
    0xF408, 0xF408, 0xF408, 0xF3E8, 0xF3E8, 0xF3E7, 0xF3E7, 0xF3E7, 0xF3C7, 0xEBC7, 0xEBC7, 0xEBC7, 0xEBC7, 0xEBA7, 0xEBA7, 0xEBA7,
    0xEBA7, 0xEB87, 0xEBA8, 0xEBA8, 0xEB88, 0xEB67, 0xEB46, 0xEB05, 0xEAE4, 0xEAA3, 0xEAA3, 0xEA83, 0xFDAA, 0xFDAA, 0xFDAA, 0xFDAA,
    0xFDAB, 0xFDCB, 0xFDAA, 0xFDAA, 0xFD89, 0xFD88, 0xFD68, 0xFD67, 0xFD67, 0xFD68, 0xFD68, 0xFD88, 0xFD88, 0xFD88, 0xFD88, 0xFD88,
    0xFD88, 0xFD88, 0xFD88, 0xFD88, 0xFD88, 0xFD88, 0xFD88, 0xFD88, 0xFD88, 0xFD88, 0xFD88, 0xFD88, 0xFD88, 0xFD88, 0xFD88, 0xFD88,
    0xFD88, 0xFD88, 0xFD88, 0xFD88, 0xFD88, 0xFD88, 0xFD88, 0xFD88, 0xFD88, 0xFD88, 0xFD88, 0xFD88, 0xFD88, 0xFD88, 0xFDCA, 0xFDCB,
    0xFDCB, 0xFDCB, 0xFDCB, 0xFDCB, 0xFDCB, 0xFDCB, 0xFDCA, 0xFDAA, 0xFDAA, 0xFDAA, 0xFDAA, 0xFDAA, 0xFDAA, 0xFD68, 0xFD46, 0xFD47,
    0xFD27, 0xFD26, 0xFD27, 0xF506, 0xECA4, 0xECA5, 0xED6C, 0xF673, 0xFF3A, 0xFFDE, 0xFFFF, 0xFFFF, 0xFFFF, 0xFFFF, 0xFFFF, 0xFFFF,
    0xFFFF, 0xFFFF, 0xFFFF, 0xFFFF, 0xFFFF, 0xFFFF, 0xFFFF, 0xFFFF, 0xFFFF, 0xFFFF, 0xFFBD, 0xF6F8, 0xEDD0, 0xECA7, 0xE466, 0xECA7,
    0xF4E8, 0xF4E8, 0xFCE8, 0xFCE8, 0xFCE8, 0xFD09, 0xFCC7, 0xFC65, 0xFC65, 0xFC65, 0xFC45, 0xFC45, 0xFC45, 0xFC45, 0xFC45, 0xFC25,
    0xF424, 0xF424, 0xF425, 0xF404, 0xF404, 0xF425, 0xF467, 0xF488, 0xF488, 0xF468, 0xF468, 0xF468, 0xF468, 0xF468, 0xF468, 0xF448,
    0xF448, 0xF448, 0xF448, 0xF428, 0xF428, 0xF428, 0xF428, 0xF428, 0xF428, 0xF408, 0xF408, 0xF408, 0xF408, 0xF408, 0xF408, 0xF3E8,
    0xF3E7, 0xF3E7, 0xF3E7, 0xF3C7, 0xEBC7, 0xEBC7, 0xEBC7, 0xEBC7, 0xEBC7, 0xEBA7, 0xEBA8, 0xEBA8, 0xEBA8, 0xEB87, 0xEB66, 0xEB26,
    0xEB05, 0xEAE4, 0xEAC3, 0xEAA3, 0xEAA3, 0xEAA3, 0xEAA3, 0xEAA4, 0xFDAA, 0xFDAA, 0xFDAA, 0xFDAA, 0xFDAA, 0xFDAA, 0xFDAA, 0xFDCB,
    0xFDCB, 0xFDCB, 0xFDAA, 0xFDAA, 0xFD89, 0xFD88, 0xFD68, 0xFD67, 0xFD67, 0xFD68, 0xFD88, 0xFD88, 0xFD88, 0xFD88, 0xFD88, 0xFD88,
    0xFD88, 0xFD88, 0xFD88, 0xFD88, 0xFD88, 0xFD88, 0xFD88, 0xFD88, 0xFD88, 0xFD88, 0xFD88, 0xFD88, 0xFD88, 0xFD88, 0xFD88, 0xFD88,
    0xFD88, 0xFD88, 0xFD88, 0xFD88, 0xFD88, 0xFD88, 0xFD88, 0xFD88, 0xFD88, 0xFD67, 0xFD67, 0xFD89, 0xFDCA, 0xFDCB, 0xFDCB, 0xFDCB,
    0xFDCB, 0xFDCA, 0xFDAA, 0xFDAA, 0xFDAA, 0xFDAA, 0xFDAA, 0xFDAA, 0xFDAA, 0xFD8A, 0xFD47, 0xFD26, 0xFD27, 0xF506, 0xECA4, 0xECA5,
    0xEDAD, 0xF6F7, 0xFFFF, 0xFFFF, 0xFFFF, 0xFFFF, 0xFFFF, 0xFFFF, 0xFFFF, 0xFFFF, 0xFFFF, 0xFFFF, 0xFFFF, 0xFFFF, 0xFFFF, 0xFFFF,
    0xFFFF, 0xFFFF, 0xFFFF, 0xFFFF, 0xFFFF, 0xFFFF, 0xFFFF, 0xFFFF, 0xFFFF, 0xFFDE, 0xF696, 0xED2B, 0xE466, 0xECA7, 0xF4E8, 0xF4E8,
    0xFCE8, 0xFCC7, 0xFC65, 0xFC65, 0xFC65, 0xFC65, 0xFC45, 0xFC45, 0xFC45, 0xFC45, 0xFC45, 0xF425, 0xF424, 0xF424, 0xF404, 0xF425,
    0xF467, 0xF488, 0xF488, 0xF488, 0xF488, 0xF468, 0xF468, 0xF468, 0xF468, 0xF468, 0xF448, 0xF448, 0xF448, 0xF448, 0xF448, 0xF428,
    0xF428, 0xF428, 0xF428, 0xF428, 0xF428, 0xF408, 0xF408, 0xF408, 0xF408, 0xF408, 0xF3E8, 0xF3E8, 0xF3E7, 0xF3E7, 0xF3E7, 0xF3C7,
    0xEBC7, 0xEBC7, 0xEBC8, 0xEBC8, 0xEBC8, 0xEBA7, 0xEB87, 0xEB66, 0xEB25, 0xEB04, 0xEAC3, 0xEAC3, 0xEAC3, 0xEAC3, 0xEAC4, 0xEAC4,
    0xEAA3, 0xEAA3, 0xEAA3, 0xEAA3, 0xFDAA, 0xFDAA, 0xFDAA, 0xFDAA, 0xFDAA, 0xFDAA, 0xFDAA, 0xFDAA, 0xFDAA, 0xFDAA, 0xFDCB, 0xFDCB,
    0xFDCB, 0xFDCB, 0xFDAA, 0xFDA9, 0xFD89, 0xFD88, 0xFD67, 0xFD67, 0xFD67, 0xFD68, 0xFD88, 0xFD88, 0xFD88, 0xFD88, 0xFD88, 0xFD88,
    0xFD88, 0xFD88, 0xFD88, 0xFD88, 0xFD88, 0xFD88, 0xFD88, 0xFD88, 0xFD88, 0xFD88, 0xFD88, 0xFD88, 0xFD88, 0xFD88, 0xFD88, 0xFD68,
    0xFD68, 0xFD68, 0xFD68, 0xFD68, 0xFD68, 0xFD68, 0xFD67, 0xFD67, 0xFD67, 0xFD89, 0xFDCB, 0xFDCB, 0xFDAA, 0xFDAA, 0xFDAA, 0xFDAA,
    0xFDAA, 0xFDAA, 0xFDAA, 0xFD8A, 0xFD8A, 0xFD8A, 0xFD8A, 0xF527, 0xECC5, 0xEC85, 0xED8D, 0xFF3A, 0xFFFF, 0xFFFF, 0xFFFF, 0xFFFF,
    0xFFFF, 0xFFFF, 0xFFFF, 0xFFFF, 0xFFFF, 0xFFFF, 0xFFFF, 0xFFFF, 0xFFFF, 0xFFFF, 0xFFFF, 0xFFFF, 0xFFFF, 0xFFFF, 0xFFFF, 0xFFFF,
    0xFFFF, 0xFFFF, 0xFFFF, 0xFFFF, 0xFFFF, 0xFFFF, 0xFFFF, 0xFFDE, 0xF675, 0xE4A9, 0xEC66, 0xF4C9, 0xF4A7, 0xF465, 0xFC65, 0xFC65,
    0xFC65, 0xFC45, 0xFC45, 0xFC45, 0xFC45, 0xFC25, 0xFC25, 0xF424, 0xF424, 0xF424, 0xF446, 0xF488, 0xF488, 0xF488, 0xF488, 0xF488,
    0xF468, 0xF468, 0xF468, 0xF468, 0xF468, 0xF468, 0xF448, 0xF448, 0xF448, 0xF448, 0xF448, 0xF428, 0xF428, 0xF428, 0xF428, 0xF428,
    0xF408, 0xF408, 0xF408, 0xF408, 0xF408, 0xF408, 0xF3E8, 0xF3E8, 0xF3E7, 0xF3E7, 0xF3C7, 0xF3C8, 0xEBC8, 0xEBC7, 0xEBA7, 0xEB86,
    0xEB45, 0xEB24, 0xEB04, 0xEAE3, 0xEAE3, 0xEAE3, 0xEAE4, 0xEAC4, 0xEAC4, 0xEAC4, 0xEAC4, 0xEAA3, 0xEAA3, 0xEAA3, 0xEAA3, 0xEAA3,
    0xFDAA, 0xFDAA, 0xFDAA, 0xFDAA, 0xFDAA, 0xFDAA, 0xFDAA, 0xFDAA, 0xFDAA, 0xFDAA, 0xFDAA, 0xFDAA, 0xFDAA, 0xFDCA, 0xFDCB, 0xFDCB,
    0xFDCB, 0xFDCB, 0xFDAA, 0xFDA9, 0xFD88, 0xFD68, 0xFD67, 0xFD67, 0xFD67, 0xFD68, 0xFD68, 0xFD88, 0xFD88, 0xFD88, 0xFD68, 0xFD88,
    0xFD68, 0xFD88, 0xFD88, 0xFD88, 0xFD88, 0xFD68, 0xFD68, 0xFD68, 0xFD68, 0xFD68, 0xFD68, 0xFD68, 0xFD68, 0xFD67, 0xFD67, 0xFD67,
    0xFD67, 0xFD67, 0xFD67, 0xFD67, 0xFD67, 0xFD47, 0xFD68, 0xFDA9, 0xFDAA, 0xFDAA, 0xFDAA, 0xFDAA, 0xFDAA, 0xFDAA, 0xFDAA, 0xFD8A,
    0xFD8A, 0xFD6A, 0xF56A, 0xECE7, 0xED09, 0xF6F7, 0xFFFF, 0xFFFF, 0xFFFF, 0xFFFF, 0xFFFF, 0xFFFF, 0xFFFF, 0xFFFF, 0xFFFF, 0xFFFF,
    0xFFFF, 0xFFFF, 0xFFFF, 0xFFFF, 0xFFFF, 0xFFFF, 0xFFFF, 0xFFFF, 0xFFFF, 0xFFFF, 0xFFFF, 0xFFFF, 0xFFFF, 0xFFFF, 0xFFFF, 0xFFFF,
    0xFFFF, 0xFFFF, 0xFFFF, 0xFFFF, 0xFFFF, 0xFF7C, 0xED6E, 0xE425, 0xEC45, 0xF445, 0xF445, 0xFC45, 0xFC45, 0xFC45, 0xFC45, 0xFC45,
    0xFC45, 0xFC25, 0xF424, 0xF424, 0xF446, 0xFC88, 0xF4A8, 0xF488, 0xF488, 0xF488, 0xF488, 0xF488, 0xF468, 0xF468, 0xF468, 0xF468,
    0xF468, 0xF468, 0xF448, 0xF448, 0xF448, 0xF448, 0xF428, 0xF428, 0xF428, 0xF428, 0xF428, 0xF428, 0xF408, 0xF408, 0xF408, 0xF408,
    0xF407, 0xF3E8, 0xF3E8, 0xF3E8, 0xF3E8, 0xF3E8, 0xF3C7, 0xEBA6, 0xEB66, 0xEB44, 0xEB24, 0xEB03, 0xEAE3, 0xEAE4, 0xEAE4, 0xEAE4,
    0xEAE4, 0xEAE4, 0xEAE4, 0xEAC4, 0xEAC4, 0xEAC4, 0xEAC3, 0xEAA3, 0xEAA3, 0xEAA3, 0xEAA3, 0xEAA3, 0xFD8A, 0xFD8A, 0xFDAA, 0xFDAA,
    0xFDAA, 0xFDAA, 0xFDAA, 0xFDAA, 0xFDAA, 0xFDAA, 0xFDAA, 0xFDAA, 0xFDAA, 0xFDAA, 0xFDAA, 0xFDAA, 0xFDCA, 0xFDCB, 0xFDCB, 0xFDCB,
    0xFDCB, 0xFDCA, 0xFDAA, 0xFD89, 0xFD88, 0xFD68, 0xFD67, 0xFD67, 0xFD67, 0xFD68, 0xFD68, 0xFD68, 0xFD68, 0xFD68, 0xFD68, 0xFD68,
    0xFD68, 0xFD68, 0xFD68, 0xFD67, 0xFD67, 0xFD67, 0xFD67, 0xFD67, 0xFD67, 0xFD67, 0xFD67, 0xFD67, 0xFD67, 0xFD67, 0xFD67, 0xFD67,
    0xFD67, 0xFD47, 0xFD47, 0xFD47, 0xFD68, 0xFD8A, 0xFDAA, 0xFDAA, 0xFDAA, 0xFDAA, 0xFD8A, 0xFD8A, 0xF56A, 0xF549, 0xE4C7, 0xEDF0,
    0xFFBE, 0xFFFF, 0xFFFF, 0xFFFF, 0xFFFF, 0xFFFF, 0xFFFF, 0xFFFF, 0xFFFF, 0xFFFF, 0xFFFF, 0xFFFF, 0xFFFF, 0xFFFF, 0xFFFF, 0xFFFF,
    0xFFFF, 0xFFFF, 0xFFFF, 0xFFFF, 0xFFFF, 0xFFFF, 0xFFFF, 0xFFFF, 0xFFFF, 0xFFFF, 0xFFFF, 0xFFFF, 0xFFFF, 0xFFFF, 0xFFFF, 0xFFFF,
    0xFFFF, 0xFFFF, 0xFFFF, 0xEDD1, 0xE3C3, 0xEC25, 0xF445, 0xF444, 0xFC45, 0xFC45, 0xFC45, 0xFC45, 0xFC25, 0xFC24, 0xF445, 0xFC87,
    0xFCA8, 0xF4A8, 0xF488, 0xF488, 0xF488, 0xF488, 0xF488, 0xF468, 0xF468, 0xF468, 0xF468, 0xF468, 0xF468, 0xF448, 0xF448, 0xF448,
    0xF448, 0xF428, 0xF428, 0xF428, 0xF428, 0xF428, 0xF428, 0xF408, 0xF408, 0xF407, 0xF408, 0xF408, 0xF408, 0xF408, 0xF3E8, 0xEBC7,
    0xEB86, 0xEB65, 0xEB44, 0xEB24, 0xEB04, 0xEB04, 0xEB04, 0xEB04, 0xEB04, 0xEB04, 0xEAE4, 0xEAE4, 0xEAE4, 0xEAE4, 0xEAC4, 0xEAC4,
    0xEAC4, 0xEAC4, 0xEAC3, 0xEAA3, 0xEAA3, 0xEAA3, 0xEAA3, 0xEA83, 0xFD8A, 0xFD8A, 0xFD8A, 0xFD8A, 0xFDAA, 0xFDAA, 0xFDAA, 0xFDAA,
    0xFDAA, 0xFDAA, 0xFDAA, 0xFDAA, 0xFDAA, 0xFDAA, 0xFDAA, 0xFDAA, 0xFDAA, 0xFDAA, 0xFDAA, 0xFDAA, 0xFDCA, 0xFDCB, 0xFDCB, 0xFDCB,
    0xFDCB, 0xFDAA, 0xFDAA, 0xFD89, 0xFD68, 0xFD67, 0xFD67, 0xFD67, 0xFD67, 0xFD67, 0xFD67, 0xFD67, 0xFD67, 0xFD67, 0xFD67, 0xFD67,
    0xFD67, 0xFD67, 0xFD67, 0xFD67, 0xFD67, 0xFD67, 0xFD67, 0xFD67, 0xFD67, 0xFD67, 0xFD47, 0xFD47, 0xFD47, 0xFD47, 0xFD47, 0xFD47,
    0xFD47, 0xFD47, 0xFD68, 0xFD8A, 0xFDAA, 0xFD8A, 0xFD8A, 0xF56A, 0xF549, 0xE4C7, 0xEE53, 0xFFFF, 0xFFFF, 0xFFFF, 0xFFFF, 0xFFFF,
    0xFFFF, 0xFFFF, 0xFFFF, 0xFFFF, 0xFFFF, 0xFFFF, 0xFFFF, 0xFFFF, 0xFFFF, 0xFFFF, 0xFFFF, 0xFFFF, 0xFFFF, 0xFFFF, 0xFFFF, 0xFFFF,
    0xFFFF, 0xFFFF, 0xFFFF, 0xFFFF, 0xFFFF, 0xFFFF, 0xFFFF, 0xFFFF, 0xFFFF, 0xFFFF, 0xFFFF, 0xFFFF, 0xFFFF, 0xFFFF, 0xFFFF, 0xFFFF,
    0xEE33, 0xDBA3, 0xEC24, 0xF424, 0xF444, 0xF445, 0xFC45, 0xFC24, 0xFC45, 0xFC66, 0xFCA8, 0xFCA8, 0xFCA8, 0xF4A8, 0xF488, 0xF488,
    0xF488, 0xF488, 0xF468, 0xF468, 0xF468, 0xF468, 0xF468, 0xF468, 0xF448, 0xF448, 0xF448, 0xF448, 0xF448, 0xF428, 0xF428, 0xF428,
    0xF428, 0xF428, 0xF428, 0xF428, 0xF408, 0xF408, 0xF408, 0xF3E7, 0xF3C6, 0xF385, 0xEB64, 0xEB44, 0xEB23, 0xEB24, 0xEB24, 0xEB24,
    0xEB24, 0xEB04, 0xEB04, 0xEB04, 0xEB04, 0xEAE4, 0xEAE4, 0xEAE4, 0xEAE4, 0xEAE4, 0xEAC4, 0xEAC4, 0xEAC4, 0xEAC3, 0xEAA3, 0xEAA3,
    0xEAA3, 0xEAA3, 0xEA83, 0xEA83, 0xFD8A, 0xFD8A, 0xFD8A, 0xFD8A, 0xFD8A, 0xFDAA, 0xFDAA, 0xFDAA, 0xFDAA, 0xFDAA, 0xFDAA, 0xFDAA,
    0xFDAA, 0xFDAA, 0xFDAA, 0xFDAA, 0xFDAA, 0xFDAA, 0xFDAA, 0xFDAA, 0xFDAA, 0xFDAA, 0xFDAA, 0xFDAA, 0xFDCA, 0xFDCB, 0xFDCB, 0xFDCB,
    0xFDCA, 0xFDAA, 0xFD89, 0xFD88, 0xFD68, 0xFD67, 0xFD67, 0xFD67, 0xFD67, 0xFD67, 0xFD67, 0xFD67, 0xFD67, 0xFD67, 0xFD67, 0xFD67,
    0xFD67, 0xFD67, 0xFD67, 0xFD47, 0xFD47, 0xFD47, 0xFD47, 0xFD47, 0xFD47, 0xFD47, 0xFD47, 0xFD47, 0xFD47, 0xFD47, 0xFD26, 0xFD47,
    0xFD68, 0xFD8A, 0xF56A, 0xED49, 0xE4C7, 0xEE74, 0xFFFF, 0xFFFF, 0xFFFF, 0xFFFF, 0xFFFF, 0xFFFF, 0xFFFF, 0xFFFF, 0xFFFF, 0xFFFF,
    0xFFFF, 0xFFFF, 0xFFFF, 0xFFFF, 0xFFFF, 0xFFFF, 0xFFFF, 0xFFFF, 0xFFFF, 0xFFFF, 0xFFFF, 0xFFFF, 0xFFFF, 0xFFFF, 0xFFFF, 0xFFFF,
    0xFFFF, 0xFFFF, 0xFFFF, 0xFFFF, 0xFFFF, 0xFFFF, 0xFFFF, 0xFFFF, 0xFFFF, 0xFFFF, 0xFFFF, 0xFFFF, 0xFFFF, 0xEE13, 0xDBA2, 0xEC25,
    0xF424, 0xF424, 0xF425, 0xFC66, 0xFCA8, 0xFCA8, 0xFCA8, 0xFCA8, 0xF4A8, 0xF488, 0xF488, 0xF488, 0xF488, 0xF488, 0xF468, 0xF468,
    0xF468, 0xF468, 0xF468, 0xF468, 0xF448, 0xF448, 0xF448, 0xF448, 0xF428, 0xF428, 0xF428, 0xF428, 0xF428, 0xF428, 0xF428, 0xF407,
    0xF3C6, 0xF3A6, 0xF385, 0xEB64, 0xEB44, 0xEB44, 0xEB44, 0xEB44, 0xEB24, 0xEB24, 0xEB24, 0xEB24, 0xEB24, 0xEB04, 0xEB04, 0xEB04,
    0xEB04, 0xEAE4, 0xEAE4, 0xEAE4, 0xEAE4, 0xEAE4, 0xEAC4, 0xEAC4, 0xEAC4, 0xEAC3, 0xEAA3, 0xEAA3, 0xEAA3, 0xEAA3, 0xEA83, 0xEA83,
    0xFD89, 0xFD89, 0xFD8A, 0xFD8A, 0xFD8A, 0xFD8A, 0xFD8A, 0xFD8A, 0xFDAA, 0xFDAA, 0xFDAA, 0xFDAA, 0xFDAA, 0xFDAA, 0xFDAA, 0xFDAA,
    0xFDAA, 0xFDAA, 0xFDAA, 0xFDAA, 0xFDAA, 0xFDAA, 0xFDAA, 0xFDAA, 0xFDAA, 0xFDAA, 0xFDAA, 0xFDAA, 0xFDAA, 0xFDAA, 0xFDCB, 0xFDCB,
    0xFDAA, 0xFDAA, 0xFD89, 0xFD68, 0xFD67, 0xFD47, 0xFD47, 0xFD47, 0xFD67, 0xFD47, 0xFD47, 0xFD47, 0xFD47, 0xFD47, 0xFD47, 0xFD47,
    0xFD47, 0xFD47, 0xFD47, 0xFD47, 0xFD47, 0xFD47, 0xFD47, 0xFD47, 0xFD47, 0xFD46, 0xFD27, 0xFD26, 0xFD06, 0xF507, 0xF529, 0xE4C7,
    0xEE54, 0xFFFF, 0xFFFF, 0xFFFF, 0xFFFF, 0xFFFF, 0xFFFF, 0xFFFF, 0xFFFF, 0xFFFF, 0xFFFF, 0xFFFF, 0xFFFF, 0xFFFF, 0xFFFF, 0xFFFF,
    0xFFFF, 0xFFFF, 0xFFFF, 0xFFFF, 0xFFFF, 0xFFFF, 0xFFFF, 0xFFFF, 0xFFFF, 0xFFFF, 0xFFFF, 0xFFFF, 0xFFFF, 0xFFFF, 0xFFFF, 0xFFFF,
    0xFFFF, 0xFFFF, 0xFFFF, 0xFFFF, 0xFFFF, 0xFFFF, 0xFFFF, 0xFFFF, 0xFFFF, 0xFFFF, 0xE54E, 0xDB82, 0xEC05, 0xF445, 0xF488, 0xFCA8,
    0xFCA8, 0xFCA8, 0xFCA8, 0xF4A8, 0xF488, 0xF488, 0xF488, 0xF488, 0xF488, 0xF468, 0xF468, 0xF468, 0xF468, 0xF468, 0xF468, 0xF448,
    0xF448, 0xF448, 0xF448, 0xF448, 0xF448, 0xF448, 0xF428, 0xF428, 0xF407, 0xF3C6, 0xF3A5, 0xF384, 0xF364, 0xF364, 0xEB44, 0xEB44,
    0xEB44, 0xEB44, 0xEB44, 0xEB44, 0xEB24, 0xEB24, 0xEB24, 0xEB24, 0xEB04, 0xEB04, 0xEB04, 0xEB04, 0xEB04, 0xEAE4, 0xEAE4, 0xEAE4,
    0xEAE4, 0xEAC4, 0xEAC4, 0xEAC4, 0xEAC4, 0xEAA3, 0xEAA3, 0xEAA3, 0xEAA3, 0xEAA3, 0xEA83, 0xEA83, 0xFD89, 0xFD89, 0xFD89, 0xFD8A,
    0xFD8A, 0xFD8A, 0xFD8A, 0xFD8A, 0xFD8A, 0xFDAA, 0xFDAA, 0xFDAA, 0xFDAA, 0xFDAA, 0xFDAA, 0xFDAA, 0xFDAA, 0xFDAA, 0xFDAA, 0xFDAA,
    0xFDAA, 0xFDAA, 0xFDAA, 0xFDAA, 0xFDAA, 0xFDAA, 0xFDAA, 0xFDAA, 0xFDAA, 0xFDAA, 0xFDAA, 0xFDAA, 0xFDAA, 0xFDAA, 0xFDAB, 0xFDAA,
    0xFDAA, 0xFD89, 0xFD68, 0xFD68, 0xFD47, 0xFD47, 0xFD47, 0xFD47, 0xFD47, 0xFD47, 0xFD47, 0xFD47, 0xFD47, 0xFD47, 0xFD47, 0xFD47,
    0xFD47, 0xFD47, 0xFD47, 0xFD46, 0xFD26, 0xFD26, 0xFD26, 0xFD26, 0xFD06, 0xF4E6, 0xE463, 0xEDD0, 0xFFFF, 0xFFFF, 0xFFFF, 0xFFFF,
    0xFFFF, 0xFFFF, 0xFFFF, 0xFFFF, 0xFFFF, 0xFFFF, 0xFFFF, 0xFFFF, 0xFFFF, 0xFFFF, 0xFFFF, 0xFFFF, 0xFFFF, 0xFFFF, 0xFFFF, 0xFFFF,
    0xFFFF, 0xFFFF, 0xFFFF, 0xFFFF, 0xFFFF, 0xFFFF, 0xFFFF, 0xFFFF, 0xFFFF, 0xFFFF, 0xFFFF, 0xFFFF, 0xFFFF, 0xFFFF, 0xFFFF, 0xFFFF,
    0xFFFF, 0xFFFF, 0xFFFF, 0xFFFF, 0xFFFF, 0xFFFF, 0xFFBE, 0xDC68, 0xE405, 0xEC88, 0xF4A8, 0xF4A8, 0xF4A8, 0xFCA8, 0xFCA8, 0xF488,
    0xF488, 0xF488, 0xF488, 0xF488, 0xF488, 0xF468, 0xF468, 0xF468, 0xF468, 0xF468, 0xF448, 0xF448, 0xF448, 0xF448, 0xF448, 0xF428,
    0xF427, 0xF3E6, 0xF3C5, 0xF3A5, 0xF384, 0xF364, 0xF364, 0xF364, 0xF364, 0xF364, 0xEB64, 0xEB44, 0xEB44, 0xEB44, 0xEB44, 0xEB24,
    0xEB24, 0xEB24, 0xEB24, 0xEB24, 0xEB04, 0xEB04, 0xEB04, 0xEB04, 0xEAE4, 0xEAE4, 0xEAE4, 0xEAE4, 0xEAC4, 0xEAC4, 0xEAC4, 0xEAC4,
    0xEAC3, 0xEAA3, 0xEAA3, 0xEAA3, 0xEAA3, 0xEAA3, 0xEA83, 0xEA83, 0xFD69, 0xFD89, 0xFD89, 0xFD89, 0xFD89, 0xFD8A, 0xFD8A, 0xFD8A,
    0xFD8A, 0xFD8A, 0xFD8A, 0xFD8A, 0xFD8A, 0xFDAA, 0xFDAA, 0xFDAA, 0xFDAA, 0xFDAA, 0xFDAA, 0xFDAA, 0xFDAA, 0xFDAA, 0xFDAA, 0xFDAA,
    0xFDAA, 0xFDAA, 0xFDAA, 0xFDAA, 0xFDAA, 0xFDAA, 0xFDAA, 0xFDAA, 0xFDAA, 0xFDAA, 0xFDAA, 0xFDAA, 0xFDAA, 0xFDAA, 0xFDAA, 0xFDAA,
    0xFD8A, 0xFD89, 0xFD68, 0xFD47, 0xFD47, 0xFD46, 0xFD47, 0xFD47, 0xFD47, 0xFD47, 0xFD47, 0xFD47, 0xFD46, 0xFD26, 0xFD26, 0xFD26,
    0xFD26, 0xFD26, 0xFD26, 0xFD06, 0xF4E6, 0xEC84, 0xE509, 0xFFDE, 0xFFFF, 0xFFFF, 0xFFFF, 0xFFFF, 0xFFFF, 0xFFFF, 0xFFFF, 0xFFFF,
    0xFFFF, 0xFFFF, 0xFFFF, 0xFFFF, 0xFFFF, 0xFFFF, 0xFFFF, 0xFFFF, 0xFF7C, 0xEEF9, 0xE655, 0xE5D3, 0xDDB2, 0xE5D3, 0xEE56, 0xF71A,
    0xFFBE, 0xFFFF, 0xFFFF, 0xFFFF, 0xFFFF, 0xFFFF, 0xFFFF, 0xFFFF, 0xFFFF, 0xFFFF, 0xFFFF, 0xFFFF, 0xFFFF, 0xFFFF, 0xFFFF, 0xFFFF,
    0xFFFF, 0xFFFF, 0xFFFF, 0xF6D8, 0xDC06, 0xEC68, 0xEC88, 0xF488, 0xF488, 0xFCA8, 0xF4A8, 0xF488, 0xF488, 0xF488, 0xF488, 0xF488,
    0xF468, 0xF468, 0xF468, 0xF468, 0xF468, 0xF468, 0xF468, 0xF448, 0xF427, 0xF407, 0xF3E6, 0xF3A5, 0xF3A4, 0xF384, 0xF384, 0xF384,
    0xF384, 0xF384, 0xF364, 0xF364, 0xF364, 0xEB64, 0xEB44, 0xEB44, 0xEB44, 0xEB44, 0xEB44, 0xEB24, 0xEB24, 0xEB24, 0xEB24, 0xEB04,
    0xEB04, 0xEB04, 0xEB04, 0xEB04, 0xEAE4, 0xEAE4, 0xEAE4, 0xEAE4, 0xEAC4, 0xEAC4, 0xEAC4, 0xEAC3, 0xEAC3, 0xEAA3, 0xEAA3, 0xEAA3,
    0xEAA3, 0xEA83, 0xEA83, 0xEA83, 0xFD69, 0xFD69, 0xFD69, 0xFD69, 0xFD89, 0xFD89, 0xFD89, 0xFD89, 0xFD8A, 0xFD8A, 0xFD8A, 0xFD8A,
    0xFD8A, 0xFD8A, 0xFD8A, 0xFD8A, 0xFD8A, 0xFDAA, 0xFDAA, 0xFDAA, 0xFDAA, 0xFDAA, 0xFDAA, 0xFDAA, 0xFDAA, 0xFDAA, 0xFDAA, 0xFDAA,
    0xFDAA, 0xFDAA, 0xFDAA, 0xFDAA, 0xFDAA, 0xFDAA, 0xFDAA, 0xFDAA, 0xFDAA, 0xFDAA, 0xFDAA, 0xFDAA, 0xFDAA, 0xFDAA, 0xFDAA, 0xFD8A,
    0xFD89, 0xFD68, 0xFD48, 0xFD47, 0xFD26, 0xFD26, 0xFD26, 0xFD26, 0xFD26, 0xFD26, 0xFD26, 0xFD26, 0xFD26, 0xFD26, 0xFD06, 0xF4E6,
    0xECC6, 0xDC44, 0xF719, 0xFFFF, 0xFFFF, 0xFFFF, 0xFFFF, 0xFFFF, 0xFFFF, 0xFFFF, 0xFFFF, 0xFFFF, 0xFFFF, 0xFFFF, 0xFFFF, 0xFFFF,
    0xFFFF, 0xFFFF, 0xEE97, 0xD4AC, 0xC3A6, 0xBB44, 0xBB23, 0xBAE1, 0xB2C0, 0xBAE1, 0xBB23, 0xBB44, 0xC3E8, 0xDD50, 0xF77C, 0xFFFF,
    0xFFFF, 0xFFFF, 0xFFFF, 0xFFFF, 0xFFFF, 0xFFFF, 0xFFFF, 0xFFFF, 0xFFFF, 0xFFFF, 0xFFFF, 0xFFFF, 0xFFFF, 0xFFFF, 0xFFFF, 0xFFFF,
    0xE50D, 0xDBE6, 0xEC68, 0xF488, 0xF488, 0xF4A8, 0xF488, 0xF488, 0xF488, 0xF488, 0xF488, 0xF468, 0xF468, 0xF468, 0xF468, 0xF468,
    0xF448, 0xF427, 0xF406, 0xF3E5, 0xF3A4, 0xF3A4, 0xF3A4, 0xF384, 0xF384, 0xF384, 0xF384, 0xF384, 0xF384, 0xF364, 0xF364, 0xF364,
    0xEB64, 0xEB64, 0xEB44, 0xEB44, 0xEB44, 0xEB44, 0xEB24, 0xEB24, 0xEB24, 0xEB24, 0xEB04, 0xEB04, 0xEB04, 0xEB04, 0xEB04, 0xEAE4,
    0xEAE4, 0xEAE4, 0xEAE4, 0xEAE4, 0xEAC4, 0xEAC4, 0xEAC4, 0xEAC3, 0xEAA3, 0xEAA3, 0xEAA3, 0xEAA3, 0xEA83, 0xEA83, 0xEA83, 0xEA83,
    0xFD69, 0xFD69, 0xFD69, 0xFD69, 0xFD69, 0xFD89, 0xFD89, 0xFD89, 0xFD89, 0xFD89, 0xFD8A, 0xFD8A, 0xFD8A, 0xFD8A, 0xFD8A, 0xFD8A,
    0xFD8A, 0xFD8A, 0xFD8A, 0xFD8A, 0xFDAA, 0xFDAA, 0xFDAA, 0xFDAA, 0xFDAA, 0xFDAA, 0xFDAA, 0xFDAA, 0xFDAA, 0xFDAA, 0xFDAA, 0xFDAA,
    0xFDAA, 0xFDAA, 0xFDAA, 0xFDAA, 0xFDAA, 0xFDAA, 0xFDAA, 0xFDAA, 0xFDAA, 0xFDAA, 0xFDAA, 0xFDAA, 0xFDAA, 0xFDAA, 0xFDAA, 0xFD8A,
    0xFD89, 0xFD68, 0xFD47, 0xFD26, 0xFD26, 0xFD26, 0xFD26, 0xFD26, 0xFD26, 0xFD06, 0xFD06, 0xF4E6, 0xE443, 0xE58E, 0xFFFF, 0xFFFF,
    0xFFFF, 0xFFFF, 0xFFFF, 0xFFFF, 0xFFFF, 0xFFFF, 0xFFFF, 0xFFFF, 0xFFFF, 0xFFFF, 0xFFFF, 0xFFFF, 0xFF9D, 0xD4AC, 0xBB01, 0xBB01,
    0xBB64, 0xC3C6, 0xC3E6, 0xC3A5, 0xC383, 0xC384, 0xC3C6, 0xC3A5, 0xBB43, 0xB2C0, 0xBB44, 0xE635, 0xFFFF, 0xFFFF, 0xFFFF, 0xFFFF,
    0xFFFF, 0xFFFF, 0xFFFF, 0xFFFF, 0xFFFF, 0xFFFF, 0xFFFF, 0xFFFF, 0xFFFF, 0xFFFF, 0xFFFF, 0xFFFF, 0xF6B7, 0xD3C6, 0xE448, 0xEC68,
    0xF488, 0xF488, 0xF488, 0xF488, 0xF488, 0xF488, 0xF488, 0xF488, 0xF468, 0xF447, 0xF426, 0xF3E5, 0xF3C4, 0xF3C4, 0xF3A4, 0xF3A4,
    0xF3A4, 0xF3A4, 0xF3A4, 0xF3A4, 0xF384, 0xF384, 0xF384, 0xF384, 0xF384, 0xF364, 0xF364, 0xF364, 0xEB64, 0xEB44, 0xEB44, 0xEB44,
    0xEB44, 0xEB44, 0xEB24, 0xEB24, 0xEB24, 0xEB24, 0xEB04, 0xEB04, 0xEB04, 0xEB04, 0xEB04, 0xEAE4, 0xEAE4, 0xEAE4, 0xEAE4, 0xEAC4,
    0xEAC4, 0xEAC4, 0xEAC4, 0xEAC3, 0xEAA3, 0xEAA3, 0xEAA3, 0xEAA3, 0xEA83, 0xEA83, 0xEA83, 0xEA83, 0xFD69, 0xFD69, 0xFD69, 0xFD69,
    0xFD69, 0xFD69, 0xFD69, 0xFD69, 0xFD89, 0xFD89, 0xFD89, 0xFD89, 0xFD89, 0xFD8A, 0xFD8A, 0xFD8A, 0xFD8A, 0xFD8A, 0xFD8A, 0xFD8A,
    0xFD8A, 0xFD8A, 0xFD8A, 0xFD8A, 0xFD8A, 0xFD8A, 0xFD8A, 0xFD8A, 0xFD8A, 0xFDAA, 0xFDAA, 0xFDAA, 0xFDAA, 0xFDAA, 0xFDAA, 0xFDAA,
    0xFD8A, 0xFD8A, 0xFD8A, 0xFD8A, 0xFD8A, 0xFD8A, 0xFD8A, 0xFD8A, 0xFD8A, 0xFD8A, 0xFD8A, 0xFD8A, 0xFD8A, 0xFD8A, 0xFD8A, 0xFD89,
    0xFD68, 0xFD47, 0xFD27, 0xFD26, 0xFD06, 0xFD06, 0xF4E5, 0xECA5, 0xDC45, 0xF73A, 0xFFFF, 0xFFFF, 0xFFFF, 0xFFFF, 0xFFFF, 0xFFFF,
    0xFFFF, 0xFFFF, 0xFFFF, 0xFFFF, 0xFFFF, 0xFFFF, 0xFFFF, 0xFF9D, 0xC428, 0xBB01, 0xC383, 0xC3A4, 0xCBC4, 0xCC06, 0xD427, 0xD405,
    0xD3C3, 0xD3C4, 0xCC06, 0xCC06, 0xCBA5, 0xC364, 0xBB22, 0xBB02, 0xDDD3, 0xFFFF, 0xFFFF, 0xFFFF, 0xFFFF, 0xFFFF, 0xFFFF, 0xFFFF,
    0xFFFF, 0xFFFF, 0xFFFF, 0xFFFF, 0xFFFF, 0xFFFF, 0xFFFF, 0xFFFF, 0xFFDE, 0xDC6A, 0xDC06, 0xEC68, 0xF488, 0xF488, 0xF488, 0xF488,
    0xF488, 0xF467, 0xF447, 0xF405, 0xF3E5, 0xF3C4, 0xF3C4, 0xF3C4, 0xF3C4, 0xF3C4, 0xF3C4, 0xF3A4, 0xF3A4, 0xF3A4, 0xF3A4, 0xF384,
    0xF384, 0xF384, 0xF384, 0xF384, 0xF364, 0xF364, 0xF364, 0xEB64, 0xEB44, 0xEB44, 0xEB44, 0xEB44, 0xEB44, 0xEB24, 0xEB24, 0xEB24,
    0xEB24, 0xEB24, 0xEB04, 0xEB04, 0xEB04, 0xEB04, 0xEAE4, 0xEAE4, 0xEAE4, 0xEAE4, 0xEAE4, 0xEAC4, 0xEAC4, 0xEAC4, 0xEAC3, 0xEAA3,
    0xEAA3, 0xEAA3, 0xEAA3, 0xEA83, 0xEA83, 0xEA83, 0xEA83, 0xEA83, 0xFD69, 0xFD69, 0xFD69, 0xFD69, 0xFD69, 0xFD69, 0xFD69, 0xFD69,
    0xFD69, 0xFD69, 0xFD89, 0xFD89, 0xFD89, 0xFD89, 0xFD89, 0xFD89, 0xFD89, 0xFD8A, 0xFD8A, 0xFD8A, 0xFD8A, 0xFD8A, 0xFD8A, 0xFD8A,
    0xFD8A, 0xFD8A, 0xFD8A, 0xFD8A, 0xFD8A, 0xFD8A, 0xFD8A, 0xFD8A, 0xFD8A, 0xFD8A, 0xFD8A, 0xFD8A, 0xFD8A, 0xFD8A, 0xFD8A, 0xFD8A,
    0xFD8A, 0xFD8A, 0xFD8A, 0xFD8A, 0xFD8A, 0xFD8A, 0xFD8A, 0xFD89, 0xFD89, 0xFD89, 0xFD89, 0xFD89, 0xFD8A, 0xFD8A, 0xFD89, 0xFD69,
    0xFD48, 0xFD07, 0xF4E6, 0xE443, 0xE50B, 0xFFFF, 0xFFFF, 0xFFFF, 0xFFFF, 0xFFFF, 0xFFFF, 0xFFFF, 0xFFFF, 0xFFFF, 0xFFFF, 0xFFFF,
    0xFFFF, 0xFFFF, 0xFFDF, 0xCC8B, 0xBB43, 0xC406, 0xCBC4, 0xD3E4, 0xDC04, 0xDC46, 0xDC87, 0xE487, 0xE424, 0xDC24, 0xDC67, 0xDC47,
    0xD3E4, 0xCBA3, 0xCBA5, 0xC3A6, 0xBB03, 0xE656, 0xFFFF, 0xFFFF, 0xFFFF, 0xFFFF, 0xFFFF, 0xFFFF, 0xFFFF, 0xFFFF, 0xFFFF, 0xFFFF,
    0xFFFF, 0xFFFF, 0xFFFF, 0xFFFF, 0xFFFF, 0xE570, 0xD3C5, 0xEC68, 0xF468, 0xF468, 0xF467, 0xF426, 0xF405, 0xF3E4, 0xF3E4, 0xF3C4,
    0xF3C4, 0xF3C4, 0xF3C4, 0xF3C4, 0xF3C4, 0xF3C4, 0xF3A4, 0xF3A4, 0xF3A4, 0xF3A4, 0xF384, 0xF384, 0xF384, 0xF384, 0xF384, 0xF364,
    0xF364, 0xF364, 0xEB64, 0xEB64, 0xEB44, 0xEB44, 0xEB44, 0xEB44, 0xEB44, 0xEB24, 0xEB24, 0xEB24, 0xEB24, 0xEB04, 0xEB04, 0xEB04,
    0xEB04, 0xEB04, 0xEAE4, 0xEAE4, 0xEAE4, 0xEAE4, 0xEAC4, 0xEAC4, 0xEAC4, 0xEAC4, 0xEAC3, 0xEAA3, 0xEAA3, 0xEAA3, 0xEAA3, 0xEA83,
    0xEA83, 0xEA83, 0xEA83, 0xEA83, 0xFD69, 0xFD69, 0xFD69, 0xFD69, 0xFD69, 0xFD69, 0xFD69, 0xFD69, 0xFD69, 0xFD69, 0xFD69, 0xFD69,
    0xFD69, 0xFD89, 0xFD89, 0xFD89, 0xFD89, 0xFD89, 0xFD89, 0xFD89, 0xFD89, 0xFD89, 0xFD8A, 0xFD8A, 0xFD8A, 0xFD8A, 0xFD8A, 0xFD8A,
    0xFD8A, 0xFD8A, 0xFD8A, 0xFD8A, 0xFD8A, 0xFD8A, 0xFD8A, 0xFD8A, 0xFD8A, 0xFD8A, 0xFD8A, 0xFD8A, 0xFD8A, 0xFD8A, 0xFD8A, 0xFD8A,
    0xFD89, 0xFD89, 0xFD89, 0xFD89, 0xFD89, 0xFD89, 0xFD89, 0xFD89, 0xFD69, 0xFD69, 0xFD69, 0xFD69, 0xFD69, 0xF549, 0xED09, 0xDC45,
    0xEE54, 0xFFFF, 0xFFFF, 0xFFFF, 0xFFFF, 0xFFFF, 0xFFFF, 0xFFFF, 0xFFFF, 0xFFFF, 0xFFFF, 0xFFFF, 0xFFFF, 0xFFFF, 0xE5D3, 0xBB43,
    0xCC07, 0xD426, 0xDC67, 0xE445, 0xE444, 0xEC65, 0xECC7, 0xECC8, 0xEC65, 0xEC44, 0xECA8, 0xEC87, 0xE404, 0xDC04, 0xD406, 0xCBE7,
    0xC364, 0xC364, 0xF77C, 0xFFFF, 0xFFFF, 0xFFFF, 0xFFFF, 0xFFFF, 0xFFFF, 0xFFFF, 0xFFFF, 0xFFFF, 0xFFFF, 0xFFFF, 0xFFFF, 0xFFFF,
    0xFFFF, 0xEE76, 0xD384, 0xE406, 0xEC05, 0xF3E4, 0xF3E4, 0xF3E4, 0xF3E4, 0xF3E4, 0xF3E4, 0xF3E4, 0xF3C4, 0xF3C4, 0xF3C4, 0xF3C4,
    0xF3C4, 0xF3A4, 0xF3A4, 0xF3A4, 0xF3A4, 0xF3A4, 0xF384, 0xF384, 0xF384, 0xF384, 0xF384, 0xF364, 0xF364, 0xF364, 0xEB64, 0xEB44,
    0xEB44, 0xEB44, 0xEB44, 0xEB44, 0xEB24, 0xEB24, 0xEB24, 0xEB24, 0xEB04, 0xEB04, 0xEB04, 0xEB04, 0xEB04, 0xEAE4, 0xEAE4, 0xEAE4,
    0xEAE4, 0xEAE4, 0xEAC4, 0xEAC4, 0xEAC4, 0xEAC4, 0xEAA3, 0xEAA3, 0xEAA3, 0xEAA3, 0xEAA3, 0xEA83, 0xEA83, 0xEA83, 0xEA83, 0xEA83,
    0xFD49, 0xFD69, 0xFD69, 0xFD69, 0xFD69, 0xFD69, 0xFD69, 0xFD69, 0xFD69, 0xFD69, 0xFD69, 0xFD69, 0xFD69, 0xFD69, 0xFD69, 0xFD69,
    0xFD69, 0xFD69, 0xFD89, 0xFD89, 0xFD89, 0xFD89, 0xFD89, 0xFD89, 0xFD89, 0xFD89, 0xFD89, 0xFD89, 0xFD89, 0xFD89, 0xFD89, 0xFD89,
    0xFD89, 0xFD89, 0xFD89, 0xFD89, 0xFD89, 0xFD89, 0xFD89, 0xFD89, 0xFD89, 0xFD89, 0xFD89, 0xFD89, 0xFD89, 0xFD89, 0xFD89, 0xFD69,
    0xFD69, 0xFD69, 0xFD69, 0xFD69, 0xFD69, 0xFD69, 0xFD69, 0xFD69, 0xFD49, 0xF529, 0xECE8, 0xDC67, 0xF719, 0xFFFF, 0xFFFF, 0xFFFF,
    0xFFFF, 0xFFFF, 0xFFFF, 0xFFFF, 0xFFFF, 0xFFFF, 0xFFFF, 0xFFFF, 0xFFFF, 0xF77C, 0xC384, 0xC383, 0xD426, 0xDC67, 0xE4A8, 0xECC8,
    0xF485, 0xF464, 0xF4A6, 0xF509, 0xF4A6, 0xF485, 0xF4E8, 0xF4A7, 0xEC44, 0xEC66, 0xE468, 0xD406, 0xCBA4, 0xBAC1, 0xDD4F, 0xFFFF,
    0xFFFF, 0xFFFF, 0xFFFF, 0xFFFF, 0xFFFF, 0xFFFF, 0xFFFF, 0xFFFF, 0xFFFF, 0xFFFF, 0xFFFF, 0xFFFF, 0xFFFF, 0xF71A, 0xCB43, 0xDB84,
    0xEBC4, 0xF3E4, 0xF3E4, 0xF3E4, 0xF3E4, 0xF3E4, 0xF3E4, 0xF3C4, 0xF3C4, 0xF3C4, 0xF3C4, 0xF3C4, 0xF3A4, 0xF3A4, 0xF3A4, 0xF3A4,
    0xF3A4, 0xF384, 0xF384, 0xF384, 0xF384, 0xF384, 0xF364, 0xF364, 0xF364, 0xEB64, 0xEB44, 0xEB44, 0xEB44, 0xEB44, 0xEB44, 0xEB24,
    0xEB24, 0xEB24, 0xEB24, 0xEB24, 0xEB04, 0xEB04, 0xEB04, 0xEB04, 0xEAE4, 0xEAE4, 0xEAE4, 0xEAE4, 0xEAE4, 0xEAC4, 0xEAC4, 0xEAC4,
    0xEAC3, 0xEAC3, 0xEAA3, 0xEAA3, 0xEAA3, 0xEAA3, 0xEA83, 0xEA83, 0xEA83, 0xEA83, 0xEA83, 0xEA83, 0xFD49, 0xFD49, 0xFD69, 0xFD69,
    0xFD69, 0xFD69, 0xFD69, 0xFD69, 0xFD69, 0xFD69, 0xFD69, 0xFD69, 0xFD69, 0xFD69, 0xFD69, 0xFD69, 0xFD69, 0xFD69, 0xFD69, 0xFD69,
    0xFD69, 0xFD69, 0xFD89, 0xFD89, 0xFD89, 0xFD89, 0xFD89, 0xFD89, 0xFD89, 0xFD89, 0xFD89, 0xFD89, 0xFD89, 0xFD89, 0xFD89, 0xFD89,
    0xFD89, 0xFD89, 0xFD89, 0xFD89, 0xFD89, 0xFD89, 0xFD89, 0xFD89, 0xFD69, 0xFD69, 0xFD69, 0xFD69, 0xFD69, 0xFD69, 0xFD69, 0xFD69,
    0xFD69, 0xFD69, 0xFD69, 0xFD69, 0xFD49, 0xF529, 0xE4C8, 0xD467, 0xF73A, 0xFFFF, 0xFFFF, 0xFFFF, 0xFFFF, 0xFFFF, 0xFFFF, 0xFFFF,
    0xFFFF, 0xFFFF, 0xFFFF, 0xFFFF, 0xFFFF, 0xDD4F, 0xBB21, 0xD3E4, 0xDC04, 0xE466, 0xECC8, 0xF508, 0xF508, 0xFCA6, 0xFC84, 0xFCE8,
    0xFCE7, 0xFC85, 0xFD08, 0xFC86, 0xF485, 0xF4C8, 0xEC87, 0xDBE4, 0xD3A4, 0xC343, 0xC3C7, 0xFFBE, 0xFFFF, 0xFFFF, 0xFFFF, 0xFFFF,
    0xFFFF, 0xFFFF, 0xFFFF, 0xFFFF, 0xFFFF, 0xFFFF, 0xFFFF, 0xFFFF, 0xFFFF, 0xF77C, 0xCB85, 0xDB83, 0xEBC4, 0xEBE4, 0xF3E4, 0xF3E4,
    0xF3E4, 0xF3E4, 0xF3E4, 0xF3C4, 0xF3C4, 0xF3C4, 0xF3C4, 0xF3C4, 0xF3A4, 0xF3A4, 0xF3A4, 0xF3A4, 0xF384, 0xF384, 0xF384, 0xF384,
    0xF384, 0xF364, 0xF364, 0xF364, 0xF364, 0xEB64, 0xEB44, 0xEB44, 0xEB44, 0xEB44, 0xEB44, 0xEB24, 0xEB24, 0xEB24, 0xEB24, 0xEB04,
    0xEB04, 0xEB04, 0xEB04, 0xEB04, 0xEAE4, 0xEAE4, 0xEAE4, 0xEAE4, 0xEAE4, 0xEAC4, 0xEAC4, 0xEAC4, 0xEAC3, 0xEAA3, 0xEAA3, 0xEAA3,
    0xEAA3, 0xEAA3, 0xEA83, 0xEA83, 0xEA83, 0xEA83, 0xEA83, 0xEA83, 0xFD48, 0xFD48, 0xFD49, 0xFD49, 0xFD49, 0xFD69, 0xFD69, 0xFD69,
    0xFD69, 0xFD69, 0xFD69, 0xFD69, 0xFD69, 0xFD69, 0xFD69, 0xFD69, 0xFD69, 0xFD69, 0xFD69, 0xFD69, 0xFD69, 0xFD69, 0xFD69, 0xFD69,
    0xFD69, 0xFD69, 0xFD69, 0xFD69, 0xFD69, 0xFD69, 0xFD69, 0xFD69, 0xFD69, 0xFD69, 0xFD69, 0xFD69, 0xFD69, 0xFD69, 0xFD69, 0xFD69,
    0xFD69, 0xFD69, 0xFD69, 0xFD69, 0xFD69, 0xFD69, 0xFD69, 0xFD69, 0xFD69, 0xFD69, 0xFD69, 0xFD69, 0xFD69, 0xFD69, 0xFD69, 0xFD69,
    0xFD49, 0xF508, 0xE4A7, 0xD467, 0xF73B, 0xFFFF, 0xFFFF, 0xFFFF, 0xFFFF, 0xFFFF, 0xFFFF, 0xFFFF, 0xFFFF, 0xFFFF, 0xFFFF, 0xFFFF,
    0xF77C, 0xC3A5, 0xCB83, 0xDBE4, 0xE424, 0xEC64, 0xF485, 0xFCC7, 0xFD08, 0xFD09, 0xFCA5, 0xFCA5, 0xFD08, 0xFCA5, 0xFCE8, 0xFC85,
    0xFCC8, 0xF4C8, 0xF444, 0xE404, 0xDC05, 0xCBE6, 0xC385, 0xEEF9, 0xFFFF, 0xFFFF, 0xFFFF, 0xFFFF, 0xFFFF, 0xFFFF, 0xFFFF, 0xFFFF,
    0xFFFF, 0xFFFF, 0xFFFF, 0xFFFF, 0xFFFF, 0xFF9D, 0xD3C6, 0xD363, 0xE3C4, 0xEBC4, 0xF3E4, 0xF3E4, 0xF3E4, 0xF3C4, 0xF3C4, 0xF3C4,
    0xF3C4, 0xF3C4, 0xF3C4, 0xF3A4, 0xF3A4, 0xF3A4, 0xF3A4, 0xF3A4, 0xF384, 0xF384, 0xF384, 0xF384, 0xF364, 0xF364, 0xF364, 0xF364,
    0xEB64, 0xEB44, 0xEB44, 0xEB44, 0xEB44, 0xEB44, 0xEB24, 0xEB24, 0xEB24, 0xEB24, 0xEB24, 0xEB04, 0xEB04, 0xEB04, 0xEB04, 0xEB04,
    0xEAE4, 0xEAE4, 0xEAE4, 0xEAE4, 0xEAC4, 0xEAC4, 0xEAC4, 0xEAC4, 0xEAA3, 0xEAA3, 0xEAA3, 0xEAA3, 0xEAA3, 0xEA83, 0xEA83, 0xEA83,
    0xEA83, 0xEA83, 0xEA83, 0xEA83, 0xFD48, 0xFD48, 0xFD48, 0xFD48, 0xFD48, 0xFD49, 0xFD49, 0xFD49, 0xFD69, 0xFD69, 0xFD69, 0xFD69,
    0xFD69, 0xFD69, 0xFD69, 0xFD69, 0xFD69, 0xFD69, 0xFD69, 0xFD69, 0xFD69, 0xFD69, 0xFD69, 0xFD69, 0xFD69, 0xFD69, 0xFD69, 0xFD69,
    0xFD69, 0xFD69, 0xFD69, 0xFD69, 0xFD69, 0xFD69, 0xFD69, 0xFD69, 0xFD69, 0xFD69, 0xFD69, 0xFD69, 0xFD69, 0xFD69, 0xFD69, 0xFD69,
    0xFD69, 0xFD69, 0xFD69, 0xFD69, 0xFD69, 0xFD69, 0xFD69, 0xFD69, 0xFD69, 0xFD69, 0xFD69, 0xFD49, 0xFD48, 0xF508, 0xE4A8, 0xD426,
    0xF6F9, 0xFFFF, 0xFFFF, 0xFFFF, 0xFFFF, 0xFFFF, 0xFFFF, 0xFFFF, 0xFFFF, 0xFFFF, 0xFFFF, 0xFFFF, 0xDDB2, 0xC384, 0xD426, 0xDC46,
    0xEC65, 0xF485, 0xFC84, 0xFC84, 0xFCA5, 0xFCE7, 0xFD09, 0xFCA6, 0xFCC7, 0xFCC6, 0xFCC6, 0xFCA6, 0xFCC7, 0xFC64, 0xF465, 0xEC87,
    0xE468, 0xD407, 0xC344, 0xEE56, 0xFFFF, 0xFFFF, 0xFFFF, 0xFFFF, 0xFFFF, 0xFFFF, 0xFFFF, 0xFFFF, 0xFFFF, 0xFFFF, 0xFFFF, 0xFFFF,
    0xFFFF, 0xFFBE, 0xD3C7, 0xD343, 0xE3A4, 0xEBC4, 0xF3E4, 0xF3E4, 0xF3E4, 0xF3C4, 0xF3C4, 0xF3C4, 0xF3C4, 0xF3C4, 0xF3A4, 0xF3A4,
    0xF3A4, 0xF3A4, 0xF3A4, 0xF384, 0xF384, 0xF384, 0xF384, 0xF384, 0xF364, 0xF364, 0xF364, 0xEB64, 0xEB64, 0xEB44, 0xEB44, 0xEB44,
    0xEB44, 0xEB44, 0xEB24, 0xEB24, 0xEB24, 0xEB24, 0xEB24, 0xEB04, 0xEB04, 0xEB04, 0xEB04, 0xEAE4, 0xEAE4, 0xEAE4, 0xEAE4, 0xEAC4,
    0xEAC4, 0xEAC4, 0xEAC4, 0xEAC3, 0xEAA3, 0xEAA3, 0xEAA3, 0xEAA3, 0xEAA3, 0xEA83, 0xEA83, 0xEA83, 0xEA83, 0xEA83, 0xEA83, 0xEA83,
    0xFD48, 0xFD48, 0xFD48, 0xFD48, 0xFD48, 0xFD48, 0xFD48, 0xFD48, 0xFD49, 0xFD48, 0xFD69, 0xFD69, 0xFD69, 0xFD69, 0xFD69, 0xFD69,
    0xFD69, 0xFD69, 0xFD69, 0xFD69, 0xFD69, 0xFD69, 0xFD69, 0xFD69, 0xFD69, 0xFD69, 0xFD69, 0xFD69, 0xFD69, 0xFD69, 0xFD69, 0xFD69,
    0xFD69, 0xFD69, 0xFD69, 0xFD69, 0xFD69, 0xFD69, 0xFD69, 0xFD69, 0xFD69, 0xFD69, 0xFD69, 0xFD69, 0xFD69, 0xFD69, 0xFD69, 0xFD69,
    0xFD69, 0xFD69, 0xFD69, 0xFD69, 0xFD69, 0xFD69, 0xFD69, 0xFD48, 0xFD28, 0xF508, 0xE4C8, 0xCBE5, 0xE613, 0xFFFF, 0xFFFF, 0xFFFF,
    0xFFFF, 0xFFFF, 0xFFFF, 0xFFFF, 0xFFFF, 0xFFFF, 0xFFFF, 0xFF9D, 0xC408, 0xCBE5, 0xDC67, 0xE4A8, 0xF4E8, 0xF4E8, 0xFCE7, 0xFCC6,
    0xFCA5, 0xFC85, 0xFCA6, 0xFCE7, 0xFCA6, 0xFCC7, 0xFCA6, 0xFCC7, 0xFC86, 0xFCC7, 0xF4E8, 0xF4A8, 0xE446, 0xD3E5, 0xC301, 0xE5F3,
    0xFFFF, 0xFFFF, 0xFFFF, 0xFFFF, 0xFFFF, 0xFFFF, 0xFFFF, 0xFFFF, 0xFFFF, 0xFFFF, 0xFFFF, 0xFFFF, 0xFFFF, 0xFF9D, 0xCBC7, 0xD343,
    0xE3A4, 0xEBC4, 0xF3E4, 0xF3E4, 0xF3C4, 0xF3C4, 0xF3C4, 0xF3C4, 0xF3C4, 0xF3A4, 0xF3A4, 0xF3A4, 0xF3A4, 0xF3A4, 0xF384, 0xF384,
    0xF384, 0xF384, 0xF384, 0xF364, 0xF364, 0xF364, 0xF364, 0xEB64, 0xEB44, 0xEB44, 0xEB44, 0xEB44, 0xEB44, 0xEB24, 0xEB24, 0xEB24,
    0xEB24, 0xEB04, 0xEB04, 0xEB04, 0xEB04, 0xEB04, 0xEAE4, 0xEAE4, 0xEAE4, 0xEAE4, 0xEAE4, 0xEAC4, 0xEAC4, 0xEAC4, 0xEAC4, 0xEAC3,
    0xEAA3, 0xEAA3, 0xEAA3, 0xEAA3, 0xEA83, 0xEA83, 0xEA83, 0xEA83, 0xEA83, 0xEA83, 0xEA83, 0xEA83, 0xFD49, 0xFD49, 0xFD49, 0xFD49,
    0xFD49, 0xFD49, 0xFD49, 0xFD49, 0xFD49, 0xFD49, 0xFD69, 0xFD49, 0xFD69, 0xFD69, 0xFD69, 0xFD69, 0xFD69, 0xFD69, 0xFD69, 0xFD69,
    0xFD69, 0xFD69, 0xFD69, 0xFD69, 0xFD69, 0xFD69, 0xFD69, 0xFD69, 0xFD69, 0xFD69, 0xFD69, 0xFD69, 0xFD69, 0xFD69, 0xFD69, 0xFD69,
    0xFD69, 0xFD69, 0xFD69, 0xFD69, 0xFD69, 0xFD69, 0xFD69, 0xFD69, 0xFD69, 0xFD69, 0xFD69, 0xFD69, 0xFD69, 0xFD69, 0xFD69, 0xFD69,
    0xFD69, 0xFD69, 0xFD69, 0xFD49, 0xFD28, 0xF508, 0xE4C8, 0xD446, 0xCC69, 0xFFDE, 0xFFFF, 0xFFFF, 0xFFFF, 0xFFFF, 0xFFFF, 0xFFFF,
    0xFFFF, 0xFFFF, 0xFFFF, 0xE634, 0xC384, 0xD447, 0xE487, 0xECC8, 0xF4E8, 0xFD09, 0xFD09, 0xFD09, 0xFD09, 0xFD08, 0xFCC7, 0xFCC6,
    0xFCC7, 0xFCA6, 0xFCA7, 0xFCA6, 0xFCA7, 0xFC86, 0xF465, 0xF424, 0xE3E4, 0xDBC4, 0xC301, 0xE614, 0xFFFF, 0xFFFF, 0xFFFF, 0xFFFF,
    0xFFFF, 0xFFFF, 0xFFFF, 0xFFFF, 0xFFFF, 0xFFFF, 0xFFFF, 0xFFFF, 0xFFFF, 0xFF7C, 0xCB85, 0xD343, 0xE3A4, 0xEBA4, 0xF3C4, 0xF3C4,
    0xF3C4, 0xF3C4, 0xF3C4, 0xF3A4, 0xF3A4, 0xF3A4, 0xF3A4, 0xF3A4, 0xF384, 0xF384, 0xF384, 0xF384, 0xF384, 0xF364, 0xF364, 0xF364,
    0xF364, 0xF364, 0xEB44, 0xEB44, 0xEB44, 0xEB44, 0xEB24, 0xEB24, 0xEB24, 0xEB24, 0xEB24, 0xEB04, 0xEB04, 0xEB03, 0xEB03, 0xEB03,
    0xEAE3, 0xEAE3, 0xEAE3, 0xEAE3, 0xEAC3, 0xEAC3, 0xEAC3, 0xEAC3, 0xEAC3, 0xEAA3, 0xEAA3, 0xEAA3, 0xEAA3, 0xEAA3, 0xEA83, 0xEA83,
    0xEA83, 0xEA83, 0xEA83, 0xEA83, 0xEA83, 0xEA83, 0xEA83, 0xEA83, 0xFCE6, 0xFCE6, 0xFD06, 0xFD06, 0xFD06, 0xFD06, 0xFD06, 0xFD06,
    0xFD06, 0xFD06, 0xFD06, 0xFD06, 0xFD06, 0xFD06, 0xFD27, 0xFD27, 0xFD27, 0xFD27, 0xFD27, 0xFD27, 0xFD27, 0xFD27, 0xFD27, 0xFD27,
    0xFD27, 0xFD27, 0xFD27, 0xFD27, 0xFD27, 0xFD27, 0xFD27, 0xFD27, 0xFD27, 0xFD27, 0xFD27, 0xFD27, 0xFD27, 0xFD27, 0xFD27, 0xFD27,
    0xFD27, 0xFD27, 0xFD27, 0xFD27, 0xFD27, 0xFD27, 0xFD27, 0xFD27, 0xFD27, 0xFD27, 0xFD27, 0xFD06, 0xFD06, 0xFD06, 0xFD06, 0xFD06,
    0xFCE6, 0xF4C6, 0xEC86, 0xDC46, 0xC383, 0xD50D, 0xFFFF, 0xFFFF, 0xFFFF, 0xFFFF, 0xFFFF, 0xFFFF, 0xFFFF, 0xFFFF, 0xFF9D, 0xCC07,
    0xCBA4, 0xDC25, 0xE466, 0xF486, 0xF4A6, 0xFCC6, 0xFCC6, 0xFCC6, 0xFCC6, 0xFCA6, 0xFCA6, 0xFCC7, 0xFCC7, 0xFCA7, 0xFCA6, 0xFC86,
    0xFC86, 0xFCA7, 0xF4A7, 0xF487, 0xEC46, 0xDC06, 0xC364, 0xEE97, 0xFFFF, 0xFFFF, 0xFFFF, 0xFFFF, 0xFFFF, 0xFFFF, 0xFFFF, 0xFFFF,
    0xFFFF, 0xFFFF, 0xFFFF, 0xFFFF, 0xFFFF, 0xF75B, 0xCB65, 0xD385, 0xE3E6, 0xEC06, 0xF426, 0xF426, 0xF426, 0xF406, 0xF406, 0xF406,
    0xF406, 0xF406, 0xF406, 0xF3E6, 0xF3E6, 0xF3E6, 0xF3E6, 0xF3E6, 0xF3C6, 0xF3C6, 0xF3C6, 0xF3C6, 0xF3C6, 0xF3C6, 0xF3C6, 0xF3A6,
    0xF3A6, 0xEBA6, 0xEBA6, 0xEB86, 0xEB86, 0xEB86, 0xEB86, 0xEB86, 0xEB66, 0xEB66, 0xEB66, 0xEB66, 0xEB66, 0xEB46, 0xEB46, 0xEB46,
    0xEB46, 0xEB46, 0xEB46, 0xEB26, 0xEB26, 0xEB26, 0xEB26, 0xEB26, 0xEB06, 0xEB06, 0xEB06, 0xEB06, 0xEB06, 0xEB06, 0xEB06, 0xEB06,
    0xEB06, 0xEB06, 0xEB06, 0xEB06, 0xFCA5, 0xFCC5, 0xFCC5, 0xFCC5, 0xFCC5, 0xFCC5, 0xFCC5, 0xFCC5, 0xFCC5, 0xFCC5, 0xFCC5, 0xFCC5,
    0xFCC5, 0xFCE5, 0xFCE5, 0xFCE5, 0xFCE5, 0xFCE5, 0xFCE5, 0xFCE5, 0xFCE5, 0xFCE5, 0xFCE5, 0xFCE5, 0xFCE5, 0xFCE5, 0xFCE5, 0xFCE5,
    0xFCE5, 0xFCE5, 0xFCE5, 0xFCE5, 0xFCE5, 0xFCE5, 0xFCE5, 0xFCE5, 0xFCE5, 0xFCE5, 0xFCE5, 0xFCE5, 0xFCE5, 0xFCE5, 0xFCE5, 0xFCE5,
    0xFCE5, 0xFCE5, 0xFCE5, 0xFCE5, 0xFCE5, 0xFCE5, 0xFCE5, 0xFCE5, 0xFCE5, 0xFCC5, 0xFCC5, 0xFCC5, 0xFCC5, 0xF4A4, 0xEC64, 0xDC24,
    0xD3E4, 0xC341, 0xD4AB, 0xF75B, 0xFFFF, 0xFFFF, 0xFFFF, 0xFFFF, 0xFFFF, 0xF6F9, 0xCC49, 0xC342, 0xD3C4, 0xE404, 0xEC44, 0xF464,
    0xFC64, 0xFC84, 0xFC84, 0xFC84, 0xFC85, 0xFCA6, 0xFCC7, 0xFCC7, 0xFCA6, 0xFCA7, 0xFCA6, 0xFCA7, 0xFCA7, 0xFC65, 0xF486, 0xF487,
    0xEC88, 0xDC27, 0xCBC6, 0xF71A, 0xFFFF, 0xFFFF, 0xFFFF, 0xFFFF, 0xFFFF, 0xFFFF, 0xFFFF, 0xFFFF, 0xFFFF, 0xFFFF, 0xFFFF, 0xFFFF,
    0xFFFF, 0xEED9, 0xC345, 0xD3E7, 0xE428, 0xEC48, 0xF468, 0xF468, 0xF468, 0xF468, 0xF448, 0xF448, 0xF448, 0xF448, 0xF448, 0xF448,
    0xF448, 0xF428, 0xF428, 0xF428, 0xF428, 0xF428, 0xF408, 0xF408, 0xF408, 0xF408, 0xF408, 0xF408, 0xF3E8, 0xF3E8, 0xF3E8, 0xF3E8,
    0xEBE8, 0xEBE8, 0xEBC8, 0xEBC8, 0xEBC8, 0xEBC8, 0xEBC8, 0xEBA8, 0xEBA8, 0xEBA8, 0xEBA8, 0xEBA8, 0xEBA8, 0xEB88, 0xEB88, 0xEB88,
    0xEB88, 0xEB87, 0xEB68, 0xEB68, 0xEB68, 0xEB68, 0xEB68, 0xEB68, 0xEB68, 0xEB68, 0xEB68, 0xEB68, 0xEB68, 0xEB68, 0xEB68, 0xEB68,
    0xFCC5, 0xFCC5, 0xFCC5, 0xFCC5, 0xFCC5, 0xFCC5, 0xFCC5, 0xFCC5, 0xFCC5, 0xFCC5, 0xFCC5, 0xFCC5, 0xFCE5, 0xFCE5, 0xFCE5, 0xFCE5,
    0xFCE5, 0xFCE5, 0xFCE5, 0xFCE5, 0xFCE5, 0xFCE5, 0xFCE5, 0xFCE5, 0xFCE5, 0xFCE5, 0xFCE5, 0xFCE5, 0xFCE5, 0xFCE5, 0xFCE5, 0xFCE5,
    0xFCE5, 0xFCE5, 0xFCE5, 0xFCE5, 0xFCE5, 0xFCE5, 0xFCE5, 0xFCE5, 0xFCE5, 0xFCE5, 0xFCE5, 0xFCE5, 0xFCE5, 0xFCE5, 0xFCE5, 0xFCE5,
    0xFCE5, 0xFCE5, 0xFCE5, 0xFCE5, 0xFCE5, 0xFCC5, 0xFCC5, 0xFCC5, 0xFCC5, 0xF4A5, 0xF485, 0xE444, 0xDC04, 0xCBC4, 0xC342, 0xC384,
    0xD4ED, 0xE5D3, 0xE5D3, 0xDD70, 0xCC6A, 0xBB43, 0xC342, 0xD3C4, 0xDC04, 0xE424, 0xF464, 0xF465, 0xFC85, 0xFCA6, 0xFCC7, 0xFCE8,
    0xFD09, 0xFCE9, 0xFCA6, 0xFC85, 0xFCC7, 0xFC86, 0xFCA7, 0xFC86, 0xFCA7, 0xFCA8, 0xF445, 0xEC04, 0xE404, 0xD3A4, 0xD429, 0xFFDE,
    0xFFFF, 0xFFFF, 0xFFFF, 0xFFFF, 0xFFFF, 0xFFFF, 0xFFFF, 0xFFFF, 0xFFFF, 0xFFFF, 0xFFFF, 0xFFFF, 0xFFFF, 0xE5D3, 0xC324, 0xDBE7,
    0xE407, 0xEC48, 0xF448, 0xF448, 0xF448, 0xF448, 0xF448, 0xF448, 0xF428, 0xF428, 0xF428, 0xF428, 0xF428, 0xF428, 0xF428, 0xF408,
    0xF407, 0xF407, 0xF407, 0xF407, 0xF407, 0xF3E7, 0xF3E8, 0xF3E7, 0xF3E7, 0xF3E7, 0xF3C7, 0xF3C7, 0xEBC7, 0xEBC7, 0xEBC7, 0xEBC7,
    0xEBA7, 0xEBA7, 0xEBA7, 0xEBA7, 0xEB87, 0xEB87, 0xEB87, 0xEB87, 0xEB87, 0xEB87, 0xEB87, 0xEB67, 0xEB67, 0xEB67, 0xEB67, 0xEB67,
    0xEB47, 0xEB47, 0xEB47, 0xEB47, 0xEB47, 0xEB47, 0xEB47, 0xEB47, 0xEB47, 0xEB47, 0xEB47, 0xEB47, 0xFCA5, 0xFCA5, 0xFCA5, 0xFCC5,
    0xFCC5, 0xFCC5, 0xFCC5, 0xFCC5, 0xFCC5, 0xFCC5, 0xFCC5, 0xFCC5, 0xFCC5, 0xFCC5, 0xFCC5, 0xFCC5, 0xFCC5, 0xFCE5, 0xFCE5, 0xFCE5,
    0xFCE5, 0xFCE5, 0xFCE5, 0xFCE5, 0xFCE5, 0xFCE5, 0xFCE5, 0xFCE5, 0xFCE5, 0xFCE5, 0xFCE5, 0xFCE5, 0xFCE5, 0xFCE5, 0xFCE5, 0xFCE5,
    0xFCE5, 0xFCE5, 0xFCE5, 0xFCE5, 0xFCE5, 0xFCE5, 0xFCE5, 0xFCE5, 0xFCE5, 0xFCE5, 0xFCE5, 0xFCE5, 0xFCE5, 0xFCC5, 0xFCC5, 0xFCC5,
    0xFCC5, 0xFCC5, 0xFCC5, 0xFCC5, 0xFCC5, 0xFCA5, 0xF4A5, 0xEC65, 0xE424, 0xDBE4, 0xCBC4, 0xC383, 0xBB01, 0xBB01, 0xBAE1, 0xBB01,
    0xBB22, 0xC383, 0xD3C4, 0xDBE4, 0xE425, 0xEC65, 0xF4A7, 0xFCE7, 0xFCE8, 0xFD08, 0xFD09, 0xFD09, 0xFCC7, 0xFC65, 0xFC65, 0xFCE8,
    0xFC86, 0xFCA7, 0xFC86, 0xFCA7, 0xFC45, 0xFC87, 0xF4C9, 0xEC66, 0xE405, 0xCB21, 0xE570, 0xFFFF, 0xFFFF, 0xFFFF, 0xFFFF, 0xFFFF,
    0xFFFF, 0xFFFF, 0xFFFF, 0xFFFF, 0xFFFF, 0xFFFF, 0xFFFF, 0xFFFF, 0xFFFF, 0xD48C, 0xC345, 0xDBE7, 0xE427, 0xEC48, 0xF448, 0xF448,
    0xF448, 0xF448, 0xF448, 0xF448, 0xF428, 0xF428, 0xF428, 0xF428, 0xF428, 0xF428, 0xF408, 0xF408, 0xF408, 0xF408, 0xF408, 0xF408,
    0xF3E8, 0xF3E8, 0xF3E8, 0xF3E7, 0xF3E7, 0xF3C7, 0xF3C7, 0xEBC7, 0xEBC7, 0xEBC7, 0xEBC7, 0xEBA7, 0xEBA7, 0xEBA7, 0xEBA7, 0xEBA7,
    0xEB87, 0xEB87, 0xEB87, 0xEB87, 0xEB87, 0xEB87, 0xEB67, 0xEB67, 0xEB67, 0xEB67, 0xEB67, 0xEB67, 0xEB47, 0xEB47, 0xEB47, 0xEB47,
    0xEB47, 0xEB47, 0xEB47, 0xEB47, 0xEB47, 0xEB47, 0xEB47, 0xEB47, 0xFCA5, 0xFCA5, 0xFCA5, 0xFCA5, 0xFCA5, 0xFCA5, 0xFCA5, 0xFCC5,
    0xFCC5, 0xFCC5, 0xFCC5, 0xFCC5, 0xFCC5, 0xFCC5, 0xFCC5, 0xFCC5, 0xFCC5, 0xFCC5, 0xFCC5, 0xFCC5, 0xFCC5, 0xFCC5, 0xFCC5, 0xFCC5,
    0xFCC5, 0xFCE5, 0xFCE5, 0xFCE5, 0xFCE5, 0xFCE5, 0xFCE5, 0xFCE5, 0xFCE5, 0xFCE5, 0xFCE5, 0xFCE5, 0xFCE5, 0xFCE5, 0xFCE5, 0xFCE5,
    0xFCC5, 0xFCC5, 0xFCC5, 0xFCC5, 0xFCC5, 0xFCC5, 0xFCC5, 0xFCC5, 0xFCC5, 0xFCC5, 0xFCC5, 0xFCC5, 0xFCC5, 0xFCC5, 0xFCC5, 0xFCC5,
    0xFCC5, 0xFCA5, 0xFCA5, 0xF485, 0xEC64, 0xE424, 0xDC04, 0xD3E4, 0xCBC4, 0xCBA4, 0xCBA4, 0xCBA4, 0xCBC4, 0xD3E4, 0xDC26, 0xE467,
    0xECA8, 0xF4E8, 0xF4E8, 0xFCE8, 0xFD08, 0xFD08, 0xFCC7, 0xFC85, 0xFC64, 0xFC65, 0xFCC8, 0xFCC8, 0xFC65, 0xFCC8, 0xFC65, 0xFCA7,
    0xFCA7, 0xF424, 0xF467, 0xEC89, 0xDC06, 0xD3E6, 0xFF7C, 0xFFFF, 0xFFFF, 0xFFFF, 0xFFFF, 0xFFFF, 0xFFFF, 0xFFFF, 0xFFFF, 0xFFFF,
    0xFFFF, 0xFFFF, 0xFFFF, 0xFFFF, 0xF75C, 0xC366, 0xCB86, 0xDBE7, 0xEC27, 0xF448, 0xF448, 0xF448, 0xF448, 0xF448, 0xF428, 0xF428,
    0xF428, 0xF428, 0xF428, 0xF428, 0xF428, 0xF408, 0xF408, 0xF408, 0xF408, 0xF408, 0xF408, 0xF408, 0xF3E8, 0xF3E8, 0xF3E7, 0xF3E7,
    0xF3E7, 0xF3C7, 0xEBC7, 0xEBC7, 0xEBC7, 0xEBC7, 0xEBC7, 0xEBA7, 0xEBA7, 0xEBA7, 0xEBA7, 0xEB87, 0xEB87, 0xEB87, 0xEB87, 0xEB87,
    0xEB87, 0xEB87, 0xEB67, 0xEB67, 0xEB67, 0xEB67, 0xEB67, 0xEB47, 0xEB47, 0xEB47, 0xEB47, 0xEB47, 0xEB47, 0xEB47, 0xEB47, 0xEB47,
    0xEB47, 0xEB47, 0xEB47, 0xEB47, 0xFCA5, 0xFCA5, 0xFCA5, 0xFCA5, 0xFCA5, 0xFCA5, 0xFCA5, 0xFCA5, 0xFCC5, 0xFCC5, 0xFCC5, 0xFCC5,
    0xFCC5, 0xFCC5, 0xFCC5, 0xFCC5, 0xFCC5, 0xFCC5, 0xFCC5, 0xFCC5, 0xFCC5, 0xFCC5, 0xFCC5, 0xFCC5, 0xFCC5, 0xFCC5, 0xFCC5, 0xFCC5,
    0xFCC5, 0xFCC5, 0xFCC5, 0xFCC5, 0xFCC5, 0xFCC5, 0xFCC5, 0xFCC5, 0xFCC5, 0xFCC5, 0xFCC5, 0xFCC5, 0xFCC5, 0xFCC5, 0xFCC5, 0xFCC5,
    0xFCC5, 0xFCC5, 0xFCC5, 0xFCC5, 0xFCC5, 0xFCC5, 0xFCC5, 0xFCC5, 0xFCC5, 0xFCC5, 0xFCC5, 0xFCC5, 0xFCC5, 0xFCA5, 0xFCA5, 0xF4A5,
    0xF485, 0xEC64, 0xE424, 0xE404, 0xDC04, 0xDC04, 0xDC05, 0xDC26, 0xDC47, 0xE467, 0xECA8, 0xECC8, 0xF4C8, 0xFCE8, 0xFCE8, 0xFD09,
    0xFCE8, 0xFCA6, 0xFC65, 0xFC64, 0xFC65, 0xFCC8, 0xFCE9, 0xFC65, 0xFC65, 0xFCC9, 0xFC65, 0xFC66, 0xF4C9, 0xF445, 0xEC04, 0xE426,
    0xD3C5, 0xEE97, 0xFFFF, 0xFFFF, 0xFFFF, 0xFFFF, 0xFFFF, 0xFFFF, 0xFFFF, 0xFFFF, 0xFFFF, 0xFFFF, 0xFFFF, 0xFFFF, 0xFFFF, 0xFFFF,
    0xDD92, 0xBB04, 0xD3C7, 0xE3E7, 0xEC27, 0xF448, 0xF448, 0xF448, 0xF448, 0xF448, 0xF428, 0xF428, 0xF428, 0xF428, 0xF428, 0xF428,
    0xF428, 0xF408, 0xF408, 0xF408, 0xF408, 0xF408, 0xF408, 0xF3E8, 0xF3E8, 0xF3E7, 0xF3E7, 0xF3E7, 0xF3C7, 0xF3C7, 0xEBC7, 0xEBC7,
    0xEBC7, 0xEBC7, 0xEBA7, 0xEBA7, 0xEBA7, 0xEBA7, 0xEBA7, 0xEB87, 0xEB87, 0xEB87, 0xEB87, 0xEB87, 0xEB87, 0xEB67, 0xEB67, 0xEB67,
    0xEB67, 0xEB67, 0xEB67, 0xEB47, 0xEB47, 0xEB47, 0xEB47, 0xEB47, 0xEB47, 0xEB47, 0xEB47, 0xEB47, 0xEB47, 0xEB47, 0xEB47, 0xEB47,
    0xFCA5, 0xFCA5, 0xFCA5, 0xFCA5, 0xFCA5, 0xFCA5, 0xFCA5, 0xFCA5, 0xFCA5, 0xFCA5, 0xFCA5, 0xFCA5, 0xFCA5, 0xFCC5, 0xFCC5, 0xFCC5,
    0xFCC5, 0xFCC5, 0xFCC5, 0xFCC5, 0xFCC5, 0xFCC5, 0xFCC5, 0xFCC5, 0xFCC5, 0xFCC5, 0xFCC5, 0xFCC5, 0xFCC5, 0xFCC5, 0xFCC5, 0xFCC5,
    0xFCC5, 0xFCC5, 0xFCC5, 0xFCC5, 0xFCC5, 0xFCC5, 0xFCC5, 0xFCC5, 0xFCC5, 0xFCC5, 0xFCC5, 0xFCC5, 0xFCC5, 0xFCC5, 0xFCC5, 0xFCC5,
    0xFCC5, 0xFCC5, 0xFCC5, 0xFCC5, 0xFCC5, 0xFCA5, 0xFCA5, 0xFCA5, 0xFCA5, 0xFCA5, 0xFCA5, 0xFC84, 0xFC85, 0xF485, 0xF486, 0xEC86,
    0xEC87, 0xE4A8, 0xE4A8, 0xECA8, 0xECA8, 0xECA8, 0xF4C8, 0xF4C8, 0xFCE8, 0xFCE9, 0xFCE8, 0xFCA7, 0xFC65, 0xFC64, 0xFC65, 0xFC65,
    0xFCC8, 0xFCE9, 0xFCA7, 0xFC44, 0xFC86, 0xFCC9, 0xF445, 0xF445, 0xF4A8, 0xEC88, 0xE3A3, 0xD362, 0xEE14, 0xFFFF, 0xFFFF, 0xFFFF,
    0xFFFF, 0xFFFF, 0xFFFF, 0xFFFF, 0xFFFF, 0xFFFF, 0xFFFF, 0xFFFF, 0xFFFF, 0xFFFF, 0xFFFF, 0xFF7D, 0xC345, 0xC324, 0xD3A6, 0xE407,
    0xEC28, 0xF448, 0xF448, 0xF448, 0xF448, 0xF428, 0xF428, 0xF428, 0xF428, 0xF428, 0xF428, 0xF428, 0xF408, 0xF408, 0xF408, 0xF408,
    0xF408, 0xF408, 0xF3E8, 0xF3E8, 0xF3E7, 0xF3E7, 0xF3E7, 0xF3C7, 0xF3C7, 0xEBC7, 0xEBC7, 0xEBC7, 0xEBC7, 0xEBC7, 0xEBA7, 0xEBA7,
    0xEBA7, 0xEBA7, 0xEB87, 0xEB87, 0xEB87, 0xEB87, 0xEB87, 0xEB87, 0xEB67, 0xEB67, 0xEB67, 0xEB67, 0xEB67, 0xEB67, 0xEB47, 0xEB47,
    0xEB47, 0xEB47, 0xEB47, 0xEB47, 0xEB47, 0xEB47, 0xEB47, 0xEB47, 0xEB47, 0xEB47, 0xEB47, 0xEB47, 0xFC85, 0xFC85, 0xFCA5, 0xFCA5,
    0xFCA5, 0xFCA5, 0xFCA5, 0xFCA5, 0xFCA5, 0xFCA5, 0xFCA5, 0xFCA5, 0xFCA5, 0xFCA5, 0xFCA5, 0xFCA5, 0xFCA5, 0xFCC5, 0xFCC5, 0xFCC5,
    0xFCC5, 0xFCC5, 0xFCC5, 0xFCC5, 0xFCC5, 0xFCC5, 0xFCC5, 0xFCC5, 0xFCC5, 0xFCC5, 0xFCC5, 0xFCC5, 0xFCC5, 0xFCC5, 0xFCC5, 0xFCC5,
    0xFCC5, 0xFCC5, 0xFCC5, 0xFCC5, 0xFCC5, 0xFCC5, 0xFCC5, 0xFCC5, 0xFCC5, 0xFCC5, 0xFCC5, 0xFCC5, 0xFCA5, 0xFCA5, 0xFCA5, 0xFCA5,
    0xFCA5, 0xFCA5, 0xFCA5, 0xFCA5, 0xFCA5, 0xFCA5, 0xFCC6, 0xFCE7, 0xFCE7, 0xFCE8, 0xF4E8, 0xF4E8, 0xF4E8, 0xF4C8, 0xF4C8, 0xF4C8,
    0xF4C8, 0xF4E8, 0xF4E8, 0xFCE8, 0xFCE8, 0xFCC7, 0xFC65, 0xFC64, 0xFC65, 0xFC44, 0xF465, 0xF4C8, 0xF4C8, 0xF4C8, 0xF465, 0xF444,
    0xF4A7, 0xF4C9, 0xF446, 0xEC05, 0xEC47, 0xE406, 0xDC27, 0xF697, 0xFFFF, 0xFFFF, 0xFFFF, 0xFFFF, 0xFFFF, 0xFFFF, 0xFFFF, 0xFFFF,
    0xFFFF, 0xFFFF, 0xFFFF, 0xFFFF, 0xFFFF, 0xFFFF, 0xFFFF, 0xD4CE, 0xBA81, 0xCB24, 0xDB64, 0xE3A4, 0xEBC5, 0xF406, 0xF427, 0xF448,
    0xF448, 0xF448, 0xF428, 0xF428, 0xF428, 0xF428, 0xF408, 0xF408, 0xF408, 0xF408, 0xF408, 0xF408, 0xF408, 0xF408, 0xF3E8, 0xF3E8,
    0xF3E7, 0xF3E7, 0xF3E7, 0xF3C7, 0xF3C7, 0xEBC7, 0xEBC7, 0xEBC7, 0xEBC7, 0xEBA7, 0xEBA7, 0xEBA7, 0xEBA7, 0xEBA7, 0xEB87, 0xEB87,
    0xEB87, 0xEB87, 0xEB87, 0xEB87, 0xEB67, 0xEB67, 0xEB67, 0xEB67, 0xEB67, 0xEB67, 0xEB47, 0xEB47, 0xEB47, 0xEB47, 0xEB47, 0xEB47,
    0xEB47, 0xEB47, 0xEB47, 0xEB47, 0xEB47, 0xEB47, 0xEB47, 0xEB47, 0xFC85, 0xFC85, 0xFC85, 0xFC85, 0xFC85, 0xFCA5, 0xFCA5, 0xFCA5,
    0xFCA5, 0xFCA5, 0xFCA5, 0xFCA5, 0xFCA5, 0xFCA5, 0xFCA5, 0xFCA5, 0xFCA5, 0xFCA5, 0xFCA5, 0xFCA5, 0xFCA5, 0xFCA5, 0xFCA5, 0xFCC5,
    0xFCC5, 0xFCC5, 0xFCC5, 0xFCC5, 0xFCC5, 0xFCC5, 0xFCC5, 0xFCC5, 0xFCC5, 0xFCC5, 0xFCC5, 0xFCC5, 0xFCC5, 0xFCC5, 0xFCC5, 0xFCC5,
    0xFCC5, 0xFCC5, 0xFCA5, 0xFCA5, 0xFCA5, 0xFCA5, 0xFCA5, 0xFCA5, 0xFCA5, 0xFCA5, 0xFCA5, 0xFCA5, 0xFCA5, 0xFCA5, 0xFCC5, 0xFCC6,
    0xFCE7, 0xFD08, 0xFD08, 0xFD09, 0xFD09, 0xFD08, 0xFD08, 0xFCE8, 0xFCE8, 0xFCE8, 0xFCE8, 0xFCE8, 0xFCE8, 0xFCE8, 0xFCE9, 0xFCC8,
    0xFC86, 0xFC64, 0xFC65, 0xF465, 0xF445, 0xF465, 0xF4A8, 0xF4A8, 0xF488, 0xF446, 0xEC04, 0xEC04, 0xEC67, 0xEC47, 0xE3C3, 0xE382,
    0xE448, 0xEDD2, 0xFFBD, 0xFFFF, 0xFFFF, 0xFFFF, 0xFFFF, 0xFFFF, 0xFFFF, 0xFFFF, 0xFFFF, 0xFFFF, 0xFFFF, 0xFFFF, 0xFFFF, 0xFFFF,
    0xFFFF, 0xFFFF, 0xEE56, 0xBAA1, 0xCB03, 0xD344, 0xE364, 0xEB84, 0xEBA4, 0xF3A4, 0xF3A4, 0xF3C5, 0xF3E6, 0xF407, 0xF427, 0xF428,
    0xF428, 0xF428, 0xF408, 0xF408, 0xF407, 0xF408, 0xF408, 0xF408, 0xF408, 0xF3E8, 0xF3E8, 0xF3E7, 0xF3E7, 0xF3E7, 0xF3C7, 0xEBC7,
    0xEBC7, 0xEBC7, 0xEBC7, 0xEBC7, 0xEBA7, 0xEBA7, 0xEBA7, 0xEBA7, 0xEBA7, 0xEB87, 0xEB87, 0xEB87, 0xEB87, 0xEB87, 0xEB87, 0xEB67,
    0xEB67, 0xEB67, 0xEB67, 0xEB67, 0xEB67, 0xEB47, 0xEB47, 0xEB47, 0xEB47, 0xEB47, 0xEB47, 0xEB47, 0xEB47, 0xEB47, 0xEB47, 0xEB47,
    0xEB47, 0xEB47, 0xEB47, 0xEB47, 0xFC85, 0xFC85, 0xFC85, 0xFC85, 0xFC85, 0xFC85, 0xFC85, 0xFC85, 0xFC85, 0xFCA5, 0xFCA5, 0xFCA5,
    0xFCA5, 0xFCA5, 0xFCA5, 0xFCA5, 0xFCA5, 0xFCA5, 0xFCA5, 0xFCA5, 0xFCA5, 0xFCA5, 0xFCA5, 0xFCA5, 0xFCA5, 0xFCA5, 0xFCA5, 0xFCA5,
    0xFCA5, 0xFCA5, 0xFCA5, 0xFCA5, 0xFCA5, 0xFCA5, 0xFCA5, 0xFCA5, 0xFCA5, 0xFCA5, 0xFCA5, 0xFCA5, 0xFCA5, 0xFCA5, 0xFCA5, 0xFCA5,
    0xFCA5, 0xFCA5, 0xFCA5, 0xFCA5, 0xFCA5, 0xFCA5, 0xFCA5, 0xFCC6, 0xFCE7, 0xFD08, 0xFD08, 0xFD09, 0xFD09, 0xFD08, 0xFD08, 0xFD08,
    0xFD08, 0xFD08, 0xFD08, 0xFD08, 0xFD08, 0xFCE8, 0xFCE8, 0xFCE8, 0xFCE9, 0xFCE8, 0xFCA6, 0xFC65, 0xFC64, 0xF465, 0xF445, 0xF444,
    0xEBE3, 0xEC46, 0xEC67, 0xEC89, 0xEC88, 0xE426, 0xE426, 0xE447, 0xE4CA, 0xE50C, 0xED6F, 0xF675, 0xFF9D, 0xFFFF, 0xFFFF, 0xFFFF,
    0xFFFF, 0xFFFF, 0xFFFF, 0xFFFF, 0xFFFF, 0xFFFF, 0xFFFF, 0xFFFF, 0xFFFF, 0xFFFF, 0xFFFF, 0xFFFF, 0xFFFF, 0xF73B, 0xBB04, 0xC2C2,
    0xCB24, 0xDB44, 0xE384, 0xEBA4, 0xF3A4, 0xF3A4, 0xF3A4, 0xF384, 0xF384, 0xF384, 0xF384, 0xF3A5, 0xF3C6, 0xF3E7, 0xF407, 0xF408,
    0xF408, 0xF408, 0xF408, 0xF3E8, 0xF3E7, 0xF3E8, 0xF3E7, 0xF3E7, 0xF3E7, 0xF3C7, 0xF3C7, 0xEBC7, 0xEBC7, 0xEBC7, 0xEBC7, 0xEBA7,
    0xEBA7, 0xEBA7, 0xEBA7, 0xEBA7, 0xEB87, 0xEB87, 0xEB87, 0xEB87, 0xEB87, 0xEB87, 0xEB67, 0xEB67, 0xEB67, 0xEB67, 0xEB67, 0xEB67,
    0xEB47, 0xEB47, 0xEB47, 0xEB47, 0xEB47, 0xEB47, 0xEB47, 0xEB47, 0xEB47, 0xEB47, 0xEB47, 0xEB47, 0xEB47, 0xEB47, 0xEB47, 0xEB47,
    0xFC85, 0xFC85, 0xFC85, 0xFC85, 0xFC85, 0xFC85, 0xFC85, 0xFC85, 0xFC85, 0xFC85, 0xFC85, 0xFC85, 0xFCA5, 0xFCA5, 0xFCA5, 0xFCA5,
    0xFCA5, 0xFCA5, 0xFCA5, 0xFCA5, 0xFCA5, 0xFCA5, 0xFCA5, 0xFCA5, 0xFCA5, 0xFCA5, 0xFCA5, 0xFCA5, 0xFCA5, 0xFCA5, 0xFCA5, 0xFCA5,
    0xFCA5, 0xFCA5, 0xFCA5, 0xFCA5, 0xFCA5, 0xFCA5, 0xFCA5, 0xFCA5, 0xFCA5, 0xFCA5, 0xFCA5, 0xFCA5, 0xFCA5, 0xFCA5, 0xFCA5, 0xFCC6,
    0xFCE7, 0xFD08, 0xFD08, 0xFD09, 0xFD09, 0xFD08, 0xFD08, 0xFD08, 0xFD08, 0xFD08, 0xFD08, 0xFD08, 0xFD08, 0xFD08, 0xFD08, 0xFD08,
    0xFCE8, 0xFCE8, 0xFCE9, 0xFCE8, 0xFCA7, 0xFC65, 0xFC44, 0xFC65, 0xF445, 0xF445, 0xEC04, 0xE3E4, 0xED4E, 0xF676, 0xFF3A, 0xFF9D,
    0xFFBD, 0xFFBD, 0xFFBD, 0xFFBE, 0xFFDF, 0xFFFF, 0xFFFF, 0xFFFF, 0xFFFF, 0xFFFF, 0xFFFF, 0xFFFF, 0xFFFF, 0xFFFF, 0xFFFF, 0xFFFF,
    0xFFFF, 0xFFFF, 0xFFFF, 0xFFFF, 0xFFFF, 0xFFFF, 0xFFFF, 0xFFFF, 0xFFBE, 0xC3A7, 0xBA81, 0xCB24, 0xD343, 0xE364, 0xEB84, 0xEBA4,
    0xF3A4, 0xF3A4, 0xF3A4, 0xF3A4, 0xF384, 0xF384, 0xF384, 0xF384, 0xF364, 0xF364, 0xF384, 0xF3A5, 0xF3C6, 0xF3E7, 0xF408, 0xF408,
    0xF3E8, 0xF3E8, 0xF3E7, 0xF3E7, 0xF3C7, 0xF3C7, 0xEBC7, 0xEBC7, 0xEBC7, 0xEBC7, 0xEBA7, 0xEBA7, 0xEBA7, 0xEBA7, 0xEBA7, 0xEB87,
    0xEB87, 0xEB87, 0xEB87, 0xEB87, 0xEB87, 0xEB87, 0xEB67, 0xEB67, 0xEB67, 0xEB67, 0xEB67, 0xEB67, 0xEB47, 0xEB47, 0xEB47, 0xEB47,
    0xEB47, 0xEB47, 0xEB47, 0xEB47, 0xEB47, 0xEB47, 0xEB47, 0xEB47, 0xEB47, 0xEB47, 0xEB47, 0xEB47, 0xFC65, 0xFC65, 0xFC85, 0xFC85,
    0xFC85, 0xFC85, 0xFC85, 0xFC85, 0xFC85, 0xFC85, 0xFC85, 0xFC85, 0xFC85, 0xFC85, 0xFC85, 0xFC85, 0xFC85, 0xFCA5, 0xFCA5, 0xFCA5,
    0xFCA5, 0xFCA5, 0xFCA5, 0xFCA5, 0xFCA5, 0xFCA5, 0xFCA5, 0xFCA5, 0xFCA5, 0xFCA5, 0xFCA5, 0xFCA5, 0xFCA5, 0xFCA5, 0xFCA5, 0xFCA5,
    0xFCA5, 0xFCA5, 0xFCA5, 0xFCA5, 0xFC85, 0xFC85, 0xFCA5, 0xFCC6, 0xFCC6, 0xFCE8, 0xFD08, 0xFD08, 0xFD09, 0xFD08, 0xFD08, 0xFD08,
    0xFD08, 0xFD08, 0xFD08, 0xFD08, 0xFD08, 0xFD08, 0xFD08, 0xFD08, 0xFCE8, 0xFCE8, 0xFCE8, 0xFCE8, 0xFCE9, 0xFCE8, 0xFCC7, 0xFC85,
    0xFC64, 0xFC65, 0xF465, 0xF445, 0xF445, 0xEBE3, 0xE446, 0xF6D8, 0xFFFF, 0xFFFF, 0xFFFF, 0xFFFF, 0xFFFF, 0xFFFF, 0xFFFF, 0xFFFF,
    0xFFFF, 0xFFFF, 0xFFFF, 0xFFFF, 0xFFFF, 0xFFFF, 0xFFFF, 0xFFFF, 0xFFFF, 0xFFFF, 0xFFFF, 0xFFFF, 0xFFFF, 0xFFFF, 0xFFFF, 0xFFFF,
    0xFFFF, 0xFFFF, 0xFFFF, 0xFFDF, 0xCC4B, 0xBAA2, 0xC324, 0xD323, 0xDB64, 0xE384, 0xEBA4, 0xF3A4, 0xF3A4, 0xF3A4, 0xF3A4, 0xF384,
    0xF384, 0xF384, 0xF384, 0xF384, 0xF384, 0xF364, 0xF364, 0xF364, 0xEB44, 0xEB44, 0xEB64, 0xF385, 0xF3A6, 0xF3C7, 0xF3E7, 0xF3E8,
    0xF3E8, 0xEBC8, 0xEBC7, 0xEBC7, 0xEBC7, 0xEBA7, 0xEBA7, 0xEBA7, 0xEBA7, 0xEBA7, 0xEBA7, 0xEB87, 0xEB87, 0xEB87, 0xEB87, 0xEB87,
    0xEB87, 0xEB67, 0xEB67, 0xEB67, 0xEB67, 0xEB67, 0xEB67, 0xEB47, 0xEB47, 0xEB47, 0xEB47, 0xEB47, 0xEB47, 0xEB47, 0xEB47, 0xEB47,
    0xEB47, 0xEB47, 0xEB47, 0xEB47, 0xEB47, 0xEB47, 0xEB47, 0xEB47, 0xFC65, 0xFC65, 0xFC65, 0xFC65, 0xFC65, 0xFC85, 0xFC85, 0xFC85,
    0xFC85, 0xFC85, 0xFC85, 0xFC85, 0xFC85, 0xFC85, 0xFC85, 0xFC85, 0xFC85, 0xFC85, 0xFC85, 0xFC85, 0xFC85, 0xFC85, 0xFC85, 0xFCA5,
    0xFCA5, 0xFCA5, 0xFCA5, 0xFCA5, 0xFCA5, 0xFCA5, 0xFCA5, 0xFCA5, 0xFCA5, 0xFCA5, 0xFCA5, 0xFC85, 0xFC85, 0xFC85, 0xFCA5, 0xFCA5,
    0xFCC6, 0xFCE7, 0xFD08, 0xFD08, 0xFD09, 0xFD08, 0xFD08, 0xFD08, 0xFD08, 0xFD08, 0xFD08, 0xFD08, 0xFD08, 0xFD08, 0xFD08, 0xFD08,
    0xFD08, 0xFCE8, 0xFCE8, 0xFCE8, 0xFCE8, 0xFCE8, 0xFCE8, 0xFCE9, 0xFCC8, 0xFC86, 0xFC64, 0xFC64, 0xFC65, 0xFC65, 0xF444, 0xF445,
    0xEC04, 0xE405, 0xF73A, 0xFFFF, 0xFFFF, 0xFFFF, 0xFFFF, 0xFFFF, 0xFFFF, 0xFFFF, 0xFFFF, 0xFFFF, 0xFFFF, 0xFFFF, 0xFFFF, 0xFFFF,
    0xFFFF, 0xFFFF, 0xFFFF, 0xFFFF, 0xFFFF, 0xFFFF, 0xFFFF, 0xFFFF, 0xFFFF, 0xFFFF, 0xFFFF, 0xFFFF, 0xFFFF, 0xFFFF, 0xFFDE, 0xCC6C,
    0xB2C3, 0xC386, 0xD386, 0xDB85, 0xE364, 0xEB84, 0xEBA4, 0xF3A4, 0xF3A4, 0xF3A4, 0xF384, 0xF384, 0xF384, 0xF384, 0xF384, 0xF364,
    0xF364, 0xF364, 0xF364, 0xF364, 0xEB64, 0xEB44, 0xEB44, 0xEB44, 0xEB44, 0xEB44, 0xEB44, 0xEB85, 0xEBA6, 0xEBC7, 0xEBC8, 0xEBC8,
    0xEBC8, 0xEBA8, 0xEBA7, 0xEBA7, 0xEBA7, 0xEBA7, 0xEB87, 0xEB87, 0xEB87, 0xEB87, 0xEB87, 0xEB87, 0xEB67, 0xEB67, 0xEB67, 0xEB67,
    0xEB67, 0xEB67, 0xEB67, 0xEB47, 0xEB47, 0xEB47, 0xEB47, 0xEB47, 0xEB47, 0xEB47, 0xEB47, 0xEB47, 0xEB47, 0xEB47, 0xEB47, 0xEB47,
    0xEB47, 0xEB47, 0xEB47, 0xEB47, 0xFC65, 0xFC65, 0xFC65, 0xFC65, 0xFC65, 0xFC65, 0xFC65, 0xFC65, 0xFC85, 0xFC85, 0xFC85, 0xFC85,
    0xFC85, 0xFC85, 0xFC85, 0xFC85, 0xFC85, 0xFC85, 0xFC85, 0xFC85, 0xFC85, 0xFC85, 0xFC85, 0xFC85, 0xFC85, 0xFC85, 0xFC85, 0xFC85,
    0xFC85, 0xFC85, 0xFC85, 0xFC85, 0xFC85, 0xFC85, 0xFC85, 0xFCA5, 0xFCC6, 0xFCE7, 0xFCE8, 0xFD08, 0xFD09, 0xFD09, 0xFD08, 0xFD08,
    0xFD08, 0xFD08, 0xFD08, 0xFD08, 0xFD08, 0xFD08, 0xFD08, 0xFD08, 0xFD08, 0xFD08, 0xFCE8, 0xFCE8, 0xFCE8, 0xFCE8, 0xFCE8, 0xFCE8,
    0xFCE8, 0xFCE9, 0xFCE8, 0xFCA6, 0xFC65, 0xFC64, 0xFC65, 0xFC65, 0xFC45, 0xF445, 0xF444, 0xEC25, 0xDBA3, 0xEE13, 0xFFFF, 0xFFFF,
    0xFFFF, 0xFFFF, 0xFFFF, 0xFFFF, 0xFFFF, 0xFFFF, 0xFFFF, 0xFFFF, 0xFFFF, 0xFFFF, 0xFFFF, 0xFFFF, 0xFFFF, 0xFFFF, 0xFFFF, 0xFFFF,
    0xFFFF, 0xFFFF, 0xFFFF, 0xFFFF, 0xFFFF, 0xFFFF, 0xFFFF, 0xFFFF, 0xFFFF, 0xFF9D, 0xCC4B, 0xB2C3, 0xC366, 0xCB86, 0xDBC7, 0xE407,
    0xEC07, 0xEBC5, 0xF384, 0xF3A4, 0xF3A4, 0xF384, 0xF384, 0xF384, 0xF384, 0xF384, 0xF364, 0xF364, 0xF364, 0xF364, 0xEB64, 0xEB64,
    0xEB44, 0xEB44, 0xEB44, 0xEB44, 0xEB44, 0xEB24, 0xEB24, 0xEB24, 0xEB24, 0xEB24, 0xEB45, 0xEB66, 0xEB87, 0xEBA7, 0xEBA8, 0xEBA8,
    0xEBA8, 0xEB87, 0xEB87, 0xEB87, 0xEB87, 0xEB87, 0xEB87, 0xEB67, 0xEB67, 0xEB67, 0xEB67, 0xEB67, 0xEB67, 0xEB67, 0xEB47, 0xEB47,
    0xEB47, 0xEB47, 0xEB47, 0xEB47, 0xEB47, 0xEB47, 0xEB47, 0xEB47, 0xEB47, 0xEB47, 0xEB47, 0xEB47, 0xEB47, 0xEB47, 0xEB47, 0xEB47,
    0xFC65, 0xFC65, 0xFC65, 0xFC65, 0xFC65, 0xFC65, 0xFC65, 0xFC65, 0xFC65, 0xFC65, 0xFC65, 0xFC65, 0xFC85, 0xFC85, 0xFC85, 0xFC85,
    0xFC85, 0xFC85, 0xFC85, 0xFC85, 0xFC85, 0xFC85, 0xFC85, 0xFC85, 0xFC85, 0xFC85, 0xFC85, 0xFC85, 0xFC85, 0xFC84, 0xFC85, 0xFC85,
    0xFCA6, 0xFCC7, 0xFCE8, 0xFD08, 0xFD09, 0xFD09, 0xFD08, 0xFD08, 0xFD08, 0xFD08, 0xFD08, 0xFD08, 0xFD08, 0xFD08, 0xFD08, 0xFD08,
    0xFCE8, 0xFCE8, 0xFCE8, 0xFCE8, 0xFCE8, 0xFCE8, 0xFCE8, 0xFCE8, 0xFCE8, 0xFCE8, 0xFCE8, 0xFCE9, 0xFCE8, 0xFCA7, 0xFC65, 0xFC44,
    0xFC65, 0xFC65, 0xFC65, 0xFC45, 0xFC45, 0xF445, 0xF424, 0xE404, 0xDC27, 0xF75B, 0xFFFF, 0xFFFF, 0xFFFF, 0xFFFF, 0xFFFF, 0xFFFF,
    0xFFFF, 0xFFFF, 0xFFFF, 0xFFFF, 0xFFFF, 0xFFFF, 0xFFFF, 0xFFFF, 0xFFFF, 0xFFFF, 0xFFFF, 0xFFFF, 0xFFFF, 0xFFFF, 0xFFFF, 0xFFFF,
    0xFFFF, 0xFFFF, 0xFFFF, 0xFFFF, 0xFFFF, 0xCC4B, 0xAA41, 0xC366, 0xCB86, 0xD3A6, 0xE3E7, 0xEC07, 0xEC28, 0xF428, 0xF406, 0xF3A4,
    0xF384, 0xF384, 0xF384, 0xF384, 0xF384, 0xF364, 0xF364, 0xF364, 0xF364, 0xF364, 0xEB64, 0xEB44, 0xEB44, 0xEB44, 0xEB44, 0xEB44,
    0xEB24, 0xEB24, 0xEB24, 0xEB24, 0xEB24, 0xEB04, 0xEB03, 0xEB03, 0xEB04, 0xEB04, 0xEB25, 0xEB66, 0xEB87, 0xEB87, 0xEBA8, 0xEBA8,
    0xEB87, 0xEB87, 0xEB87, 0xEB67, 0xEB67, 0xEB67, 0xEB67, 0xEB67, 0xEB67, 0xEB47, 0xEB47, 0xEB47, 0xEB47, 0xEB47, 0xEB47, 0xEB47,
    0xEB47, 0xEB47, 0xEB47, 0xEB47, 0xEB47, 0xEB47, 0xEB47, 0xEB47, 0xEB47, 0xEB47, 0xEB47, 0xEB47, 0xFC45, 0xFC65, 0xFC65, 0xFC65,
    0xFC65, 0xFC65, 0xFC65, 0xFC65, 0xFC65, 0xFC65, 0xFC65, 0xFC65, 0xFC65, 0xFC65, 0xFC65, 0xFC85, 0xFC85, 0xFC85, 0xFC85, 0xFC85,
    0xFC85, 0xFC85, 0xFC85, 0xFC85, 0xFC84, 0xFC64, 0xFC84, 0xFC85, 0xFCA6, 0xFCC6, 0xFCE7, 0xFCE8, 0xFD09, 0xFD09, 0xFD09, 0xFD08,
    0xFD08, 0xFCE8, 0xFD08, 0xFD08, 0xFD08, 0xFD08, 0xFD08, 0xFD08, 0xFCE8, 0xFCE8, 0xFCE8, 0xFCE8, 0xFCE8, 0xFCE8, 0xFCE8, 0xFCE8,
    0xFCE8, 0xFCE8, 0xFCE8, 0xFCE8, 0xFCE8, 0xFCE9, 0xFCE9, 0xFCC7, 0xFC85, 0xFC44, 0xFC65, 0xFC65, 0xFC65, 0xFC45, 0xFC45, 0xFC45,
    0xFC45, 0xF424, 0xEC25, 0xE426, 0xDC69, 0xFFBD, 0xFFFF, 0xFFFF, 0xFFFF, 0xFFFF, 0xFFFF, 0xFFFF, 0xFFFF, 0xFFFF, 0xFFFF, 0xFFFF,
    0xFFFF, 0xFFFF, 0xFFFF, 0xFFFF, 0xFFFF, 0xFFFF, 0xFFFF, 0xFFFF, 0xFFFF, 0xFFFF, 0xFFFF, 0xFFFF, 0xFFFF, 0xFFFF, 0xFFFF, 0xFFFF,
    0xFFFF, 0xF75C, 0xD50F, 0xC325, 0xCB65, 0xDBE7, 0xE3E7, 0xEC08, 0xF428, 0xF428, 0xF448, 0xF428, 0xF3C6, 0xF384, 0xF364, 0xF384,
    0xF384, 0xF364, 0xF364, 0xF364, 0xF364, 0xEB64, 0xEB44, 0xEB44, 0xEB44, 0xEB44, 0xEB44, 0xEB44, 0xEB24, 0xEB24, 0xEB24, 0xEB24,
    0xEB24, 0xEB04, 0xEB04, 0xEB04, 0xEB04, 0xEAE4, 0xEAE3, 0xEAE3, 0xEAE4, 0xEB04, 0xEB25, 0xEB46, 0xEB67, 0xEB87, 0xEB88, 0xEB67,
    0xEB67, 0xEB67, 0xEB67, 0xEB67, 0xEB47, 0xEB47, 0xEB47, 0xEB47, 0xEB47, 0xEB47, 0xEB47, 0xEB47, 0xEB47, 0xEB47, 0xEB47, 0xEB47,
    0xEB47, 0xEB47, 0xEB47, 0xEB47, 0xEB47, 0xEB47, 0xEB47, 0xEB47, 0xFC45, 0xFC45, 0xFC45, 0xFC45, 0xFC65, 0xFC65, 0xFC65, 0xFC65,
    0xFC65, 0xFC65, 0xFC65, 0xFC65, 0xFC65, 0xFC65, 0xFC65, 0xFC65, 0xFC65, 0xFC65, 0xFC65, 0xFC65, 0xFC65, 0xFC64, 0xFC64, 0xFC65,
    0xFC85, 0xFCA6, 0xFCC7, 0xFCE8, 0xFD08, 0xFD09, 0xFD09, 0xFCE8, 0xFCE8, 0xFCE8, 0xFCE8, 0xFCE8, 0xFCE8, 0xFCE8, 0xFCE8, 0xFCE8,
    0xFCE8, 0xFCE8, 0xFCE8, 0xFCE8, 0xFCE8, 0xFCE8, 0xFCE8, 0xFCE8, 0xFCE8, 0xFCE8, 0xFCE8, 0xFCE8, 0xFCE8, 0xFCE8, 0xFCE8, 0xFCE8,
    0xFCE9, 0xFCC8, 0xFC86, 0xFC44, 0xFC44, 0xFC45, 0xFC45, 0xFC45, 0xFC45, 0xFC45, 0xFC45, 0xFC45, 0xF424, 0xF425, 0xEC67, 0xDC27,
    0xD429, 0xFF9D, 0xFFFF, 0xFFFF, 0xFFFF, 0xFFFF, 0xFFFF, 0xFFFF, 0xFFFF, 0xFFFF, 0xFFFF, 0xFFFF, 0xFFFF, 0xFFFF, 0xFFFF, 0xFFFF,
    0xFFFF, 0xFFFF, 0xFFFF, 0xFFFF, 0xFFFF, 0xFFFF, 0xFFFF, 0xFFFF, 0xFFFF, 0xFFFF, 0xFFFF, 0xFFFF, 0xFFFF, 0xFFFF, 0xFFFF, 0xEEB8,
    0xD429, 0xD365, 0xE408, 0xEC07, 0xEC27, 0xF428, 0xF428, 0xF428, 0xF428, 0xF407, 0xF3A5, 0xF364, 0xF364, 0xF364, 0xF364, 0xF364,
    0xEB64, 0xEB44, 0xEB44, 0xEB44, 0xEB44, 0xEB44, 0xEB44, 0xEB24, 0xEB24, 0xEB24, 0xEB24, 0xEB24, 0xEB04, 0xEB04, 0xEB04, 0xEB04,
    0xEB04, 0xEAE4, 0xEAE4, 0xEAE4, 0xEAE4, 0xEAC3, 0xEAC3, 0xEAC3, 0xEAC4, 0xEAE5, 0xEB05, 0xEB46, 0xEB67, 0xEB67, 0xEB67, 0xEB67,
    0xEB47, 0xEB47, 0xEB47, 0xEB47, 0xEB47, 0xEB47, 0xEB47, 0xEB47, 0xEB47, 0xEB47, 0xEB47, 0xEB47, 0xEB47, 0xEB47, 0xEB47, 0xEB47,
    0xEB47, 0xEB47, 0xEB47, 0xEB47, 0xFC45, 0xFC45, 0xFC45, 0xFC45, 0xFC45, 0xFC45, 0xFC45, 0xFC65, 0xFC65, 0xFC65, 0xFC65, 0xFC65,
    0xFC65, 0xFC65, 0xFC65, 0xFC65, 0xFC65, 0xFC64, 0xFC64, 0xFC65, 0xFC85, 0xFC86, 0xFCC7, 0xFCC8, 0xFCE8, 0xFCE9, 0xFCE9, 0xFCE8,
    0xFCE8, 0xFCE8, 0xFCE8, 0xFCE8, 0xFCE8, 0xFCE8, 0xFCE8, 0xFCE8, 0xFCE8, 0xFCE8, 0xFCE8, 0xFCE8, 0xFCE8, 0xFCE8, 0xFCE8, 0xFCE8,
    0xFCE8, 0xFCE8, 0xFCE8, 0xFCE8, 0xFCE8, 0xFCE8, 0xFCE8, 0xFCE8, 0xFCE8, 0xFCE8, 0xFCE9, 0xFCC8, 0xFC86, 0xFC45, 0xFC44, 0xFC45,
    0xFC45, 0xFC45, 0xFC45, 0xFC45, 0xFC45, 0xFC45, 0xFC45, 0xFC44, 0xF445, 0xF488, 0xEC68, 0xDC27, 0xCBC6, 0xF73B, 0xFFFF, 0xFFFF,
    0xFFFF, 0xFFFF, 0xFFFF, 0xFFFF, 0xFFFF, 0xFFFF, 0xFFFF, 0xFFFF, 0xFFFF, 0xFFFF, 0xFFFF, 0xFFFF, 0xFFFF, 0xFFFF, 0xFFFF, 0xFFFF,
    0xFFFF, 0xFFFF, 0xFFFF, 0xFFFF, 0xFFFF, 0xFFFF, 0xFFFF, 0xFFFF, 0xFFFF, 0xFFFF, 0xFFFF, 0xFFFF, 0xFFBE, 0xE50F, 0xDB85, 0xE407,
    0xEC08, 0xEC07, 0xF428, 0xF408, 0xF408, 0xF428, 0xF428, 0xF3E7, 0xF385, 0xF364, 0xEB64, 0xEB64, 0xEB44, 0xEB44, 0xEB44, 0xEB44,
    0xEB44, 0xEB44, 0xEB24, 0xEB24, 0xEB24, 0xEB24, 0xEB24, 0xEB24, 0xEB04, 0xEB04, 0xEB04, 0xEB04, 0xEAE4, 0xEAE4, 0xEAE4, 0xEAE4,
    0xEAE4, 0xEAE4, 0xEAC4, 0xEAC4, 0xEAC4, 0xEAA3, 0xEAA3, 0xEAA3, 0xEAC4, 0xEAE4, 0xEB05, 0xEB26, 0xEB47, 0xEB67, 0xEB67, 0xEB47,
    0xEB47, 0xEB47, 0xEB47, 0xEB47, 0xEB47, 0xEB47, 0xEB47, 0xEB47, 0xEB47, 0xEB47, 0xEB47, 0xEB47, 0xEB47, 0xEB47, 0xEB47, 0xEB47,
    0xFC45, 0xFC45, 0xFC45, 0xFC45, 0xFC45, 0xFC45, 0xFC45, 0xFC45, 0xFC45, 0xFC45, 0xFC45, 0xFC65, 0xFC65, 0xFC44, 0xFC44, 0xFC64,
    0xFC65, 0xFC86, 0xFCA7, 0xFCC8, 0xFCC8, 0xFCE9, 0xFCE9, 0xFCE8, 0xFCE8, 0xFCE8, 0xFCE8, 0xFCE8, 0xFCE8, 0xFCE8, 0xFCE8, 0xFCE8,
    0xFCE8, 0xFCE8, 0xFCE8, 0xFCE8, 0xFCE8, 0xFCE8, 0xFCE8, 0xFCE8, 0xFCE8, 0xFCE8, 0xFCE8, 0xFCE8, 0xFCE8, 0xFCE8, 0xFCE8, 0xFCE8,
    0xFCE8, 0xFCE8, 0xFCC8, 0xFCC8, 0xFCE8, 0xFCC8, 0xFCA7, 0xFC65, 0xFC44, 0xFC45, 0xFC45, 0xFC45, 0xFC45, 0xFC45, 0xFC45, 0xFC45,
    0xFC45, 0xFC45, 0xFC24, 0xFC45, 0xF4A8, 0xF4A8, 0xEC68, 0xDC27, 0xCB64, 0xE5F4, 0xFFFF, 0xFFDF, 0xFFFF, 0xFFFF, 0xFFFF, 0xFFFF,
    0xFFFF, 0xFFFF, 0xFFFF, 0xFFFF, 0xFFFF, 0xFFFF, 0xFFFF, 0xFFFF, 0xFFFF, 0xFFFF, 0xFFFF, 0xFFFF, 0xFFFF, 0xFFFF, 0xFFFF, 0xFFFF,
    0xFFFF, 0xFFFF, 0xFFFF, 0xFFFF, 0xFFFF, 0xFFFF, 0xFFFF, 0xFFFF, 0xFFFF, 0xFFFF, 0xEDD3, 0xDB86, 0xE3E7, 0xEC08, 0xEC07, 0xF408,
    0xF408, 0xF408, 0xF407, 0xF408, 0xF408, 0xF3C6, 0xEB64, 0xEB44, 0xEB44, 0xEB44, 0xEB44, 0xEB44, 0xEB44, 0xEB24, 0xEB24, 0xEB24,
    0xEB24, 0xEB24, 0xEB04, 0xEB04, 0xEB04, 0xEB04, 0xEB04, 0xEB04, 0xEAE4, 0xEAE4, 0xEAE4, 0xEAE4, 0xEAE4, 0xEAC4, 0xEAC4, 0xEAC4,
    0xEAC4, 0xEAC3, 0xEAA3, 0xEAA3, 0xEAA3, 0xEAA3, 0xEA83, 0xEA83, 0xEAA4, 0xEAC5, 0xEB06, 0xEB27, 0xEB47, 0xEB67, 0xEB67, 0xEB47,
    0xEB47, 0xEB47, 0xEB47, 0xEB47, 0xEB47, 0xEB47, 0xEB47, 0xEB47, 0xEB47, 0xEB47, 0xEB47, 0xEB47, 0xFC25, 0xFC45, 0xFC45, 0xFC45,
    0xFC45, 0xFC45, 0xFC45, 0xFC45, 0xFC45, 0xFC44, 0xFC44, 0xFC44, 0xFC45, 0xFC65, 0xFC86, 0xFCA7, 0xFCC8, 0xFCE8, 0xFCE8, 0xFCE8,
    0xFCC8, 0xFCC8, 0xFCC8, 0xFCC8, 0xFCC8, 0xFCE8, 0xFCE8, 0xFCE8, 0xFCE8, 0xFCE8, 0xFCE8, 0xFCE8, 0xFCE8, 0xFCE8, 0xFCE8, 0xFCE8,
    0xFCE8, 0xFCE8, 0xFCE8, 0xFCE8, 0xFCC8, 0xFCC8, 0xFCC8, 0xFCC8, 0xFCC8, 0xFCC8, 0xFCC8, 0xFCC8, 0xFCC8, 0xFCC8, 0xFCC8, 0xFCC8,
    0xFCA7, 0xFC65, 0xFC44, 0xFC44, 0xFC45, 0xFC45, 0xFC45, 0xFC45, 0xFC45, 0xFC45, 0xFC45, 0xFC45, 0xFC45, 0xFC24, 0xFC45, 0xFCA8,
    0xF4A8, 0xF488, 0xEC68, 0xDC27, 0xCBA6, 0xC3C7, 0xF75C, 0xFFFF, 0xFFFF, 0xFFFF, 0xFFFF, 0xFFFF, 0xFFFF, 0xFFFF, 0xFFFF, 0xFFFF,
    0xFFFF, 0xFFFF, 0xFFFF, 0xFFFF, 0xFFFF, 0xFFFF, 0xFFFF, 0xFFFF, 0xFFFF, 0xFFFF, 0xFFFF, 0xFFFF, 0xFFFF, 0xFFFF, 0xFFFF, 0xFFFF,
    0xFFFF, 0xFFFF, 0xFFFF, 0xFFFF, 0xFFFF, 0xFFFF, 0xFFFF, 0xEE35, 0xDB86, 0xE3C7, 0xEBE7, 0xEC07, 0xF408, 0xF408, 0xF408, 0xF408,
    0xF408, 0xF408, 0xF3E7, 0xF3A6, 0xEB44, 0xEB44, 0xEB44, 0xEB44, 0xEB24, 0xEB24, 0xEB24, 0xEB24, 0xEB24, 0xEB04, 0xEB04, 0xEB04,
    0xEB04, 0xEB04, 0xEB04, 0xEAE4, 0xEAE4, 0xEAE4, 0xEAE4, 0xEAE4, 0xEAC4, 0xEAC4, 0xEAC4, 0xEAC4, 0xEAC3, 0xEAA3, 0xEAA3, 0xEAA3,
    0xEAA3, 0xEAA3, 0xEAA3, 0xEA83, 0xEA83, 0xEA83, 0xEA83, 0xEA83, 0xEAA4, 0xEAE5, 0xEB06, 0xEB47, 0xEB47, 0xEB68, 0xEB47, 0xEB47,
    0xEB47, 0xEB47, 0xEB47, 0xEB47, 0xEB47, 0xEB47, 0xEB47, 0xEB47, 0xFC25, 0xFC25, 0xFC25, 0xFC45, 0xFC45, 0xFC44, 0xFC24, 0xFC44,
    0xFC44, 0xFC45, 0xFC86, 0xFCA7, 0xFCC8, 0xFCC8, 0xFCC9, 0xFCC8, 0xFCC8, 0xFCC8, 0xFCC8, 0xFCC8, 0xFCC8, 0xFCC8, 0xFCC8, 0xFCC8,
    0xFCC8, 0xFCC8, 0xFCC8, 0xFCC8, 0xFCC8, 0xFCC8, 0xFCC8, 0xFCC8, 0xFCC8, 0xFCC8, 0xFCC8, 0xFCC8, 0xFCC8, 0xFCC8, 0xFCC8, 0xFCC8,
    0xFCC8, 0xFCC8, 0xFCC8, 0xFCC8, 0xFCC8, 0xFCC8, 0xFCC8, 0xFCC8, 0xFCC8, 0xFCC8, 0xFCC8, 0xFC86, 0xFC44, 0xFC44, 0xFC45, 0xFC45,
    0xFC45, 0xFC45, 0xFC45, 0xFC45, 0xFC45, 0xFC45, 0xFC45, 0xFC25, 0xFC24, 0xF425, 0xFCA8, 0xFCA8, 0xF4A8, 0xF488, 0xEC68, 0xE427,
    0xD3E7, 0xC365, 0xC3C8, 0xEEB8, 0xFFFF, 0xFFFF, 0xFFFF, 0xFFFF, 0xFFFF, 0xFFFF, 0xFFFF, 0xFFFF, 0xFFFF, 0xFFFF, 0xFFFF, 0xFFFF,
    0xFFFF, 0xFFFF, 0xFFFF, 0xFFFF, 0xFFFF, 0xFFFF, 0xFFFF, 0xFFFF, 0xFFFF, 0xFFFF, 0xFFFF, 0xFFFF, 0xFFFF, 0xFFFF, 0xFFFF, 0xFFFF,
    0xFFFF, 0xFFFF, 0xFFFF, 0xFFFF, 0xEE15, 0xDB65, 0xE3E7, 0xEBE7, 0xEBE7, 0xF408, 0xF408, 0xF408, 0xF408, 0xF3E7, 0xF3E8, 0xF408,
    0xF3C7, 0xEB65, 0xEB24, 0xEB24, 0xEB24, 0xEB24, 0xEB24, 0xEB24, 0xEB04, 0xEB04, 0xEB04, 0xEB04, 0xEB04, 0xEB04, 0xEAE4, 0xEAE4,
    0xEAE4, 0xEAE4, 0xEAE4, 0xEAC4, 0xEAC4, 0xEAC4, 0xEAC4, 0xEAC3, 0xEAC3, 0xEAA3, 0xEAA3, 0xEAA3, 0xEAA3, 0xEAA3, 0xEA83, 0xEA83,
    0xEA83, 0xEA84, 0xEA83, 0xEA83, 0xEA83, 0xEA83, 0xEA83, 0xEAA4, 0xEAC4, 0xEAE5, 0xEB26, 0xEB47, 0xEB47, 0xEB67, 0xEB47, 0xEB47,
    0xEB47, 0xEB47, 0xEB47, 0xEB47, 0xF424, 0xF424, 0xF424, 0xF424, 0xFC24, 0xFC45, 0xFC66, 0xFC87, 0xFCA8, 0xFCC8, 0xFCC8, 0xFCC8,
    0xFCC8, 0xFCC8, 0xFCC8, 0xFCC8, 0xFCC8, 0xFCC8, 0xFCC8, 0xFCC8, 0xFCC8, 0xFCC8, 0xFCC8, 0xFCC8, 0xFCC8, 0xFCC8, 0xFCC8, 0xFCC8,
    0xFCC8, 0xFCC8, 0xFCC8, 0xFCC8, 0xFCC8, 0xFCC8, 0xFCC8, 0xFCC8, 0xFCC8, 0xFCC8, 0xFCC8, 0xFCC8, 0xFCC8, 0xFCC8, 0xFCC8, 0xFCC8,
    0xFCC8, 0xFCC8, 0xFCC8, 0xFCC8, 0xFCC8, 0xFC86, 0xFC45, 0xFC44, 0xFC45, 0xFC45, 0xFC45, 0xFC45, 0xFC45, 0xFC45, 0xFC25, 0xFC25,
    0xFC25, 0xFC25, 0xF425, 0xF424, 0xF425, 0xFCA8, 0xFCA8, 0xFCA8, 0xFC88, 0xF488, 0xEC68, 0xE447, 0xDC07, 0xCBC6, 0xC2E2, 0xBAE2,
    0xCC2A, 0xDD71, 0xE615, 0xE635, 0xE5F4, 0xDD92, 0xD530, 0xD4CE, 0xCC6C, 0xCC4B, 0xCC2B, 0xCC6C, 0xD50F, 0xE615, 0xF75B, 0xFFFF,
    0xFFFF, 0xFFFF, 0xFFFF, 0xFFFF, 0xFFFF, 0xFFFF, 0xFFFF, 0xFFFF, 0xFFFF, 0xFFFF, 0xFFFF, 0xFFFF, 0xFFFF, 0xFFFF, 0xFFFF, 0xFFFF,
    0xFFFF, 0xE592, 0xD345, 0xE3E7, 0xEBE7, 0xEBE7, 0xF3E8, 0xF3E8, 0xF3E8, 0xF3E8, 0xF3E8, 0xF3E7, 0xF3E8, 0xF3E8, 0xF3A6, 0xEB44,
    0xEB24, 0xEB24, 0xEB24, 0xEB04, 0xEB04, 0xEB04, 0xEB04, 0xEB04, 0xEB04, 0xEAE4, 0xEAE4, 0xEAE4, 0xEAE4, 0xEAE4, 0xEAE4, 0xEAC4,
    0xEAC4, 0xEAC4, 0xEAC3, 0xEAA3, 0xEAA3, 0xEAA3, 0xEAA3, 0xEAA3, 0xEA83, 0xEA83, 0xEA83, 0xEA83, 0xEA83, 0xEA83, 0xEA83, 0xEA83,
    0xEA83, 0xEA83, 0xEA84, 0xEA83, 0xEA83, 0xEA83, 0xEA83, 0xEAA4, 0xEAC5, 0xEB06, 0xEB27, 0xEB47, 0xEB68, 0xEB67, 0xEB47, 0xEB47,
    0xF424, 0xF425, 0xF445, 0xF466, 0xF487, 0xFCA8, 0xFCA8, 0xFCC8, 0xFCC8, 0xFCA8, 0xFCA8, 0xFCA8, 0xFCC8, 0xFCC8, 0xFCC8, 0xFCC8,
    0xFCC8, 0xFCC8, 0xFCC8, 0xFCC8, 0xFCC8, 0xFCC8, 0xFCC8, 0xFCC8, 0xFCC8, 0xFCC8, 0xFCC8, 0xFCC8, 0xFCC8, 0xFCC8, 0xFCC8, 0xFCC8,
    0xFCC8, 0xFCC8, 0xFCC8, 0xFCC8, 0xFCC8, 0xFCC8, 0xFCC8, 0xFCC8, 0xFCC8, 0xFCC8, 0xFCC8, 0xFCC8, 0xFCC8, 0xFCC8, 0xFCC8, 0xFCA7,
    0xFC45, 0xFC24, 0xFC44, 0xFC45, 0xFC45, 0xFC45, 0xFC45, 0xFC25, 0xFC25, 0xFC25, 0xFC25, 0xF425, 0xF424, 0xF424, 0xF424, 0xF425,
    0xFC88, 0xFCA8, 0xFCA8, 0xFCA8, 0xFCA8, 0xF488, 0xF488, 0xEC48, 0xE428, 0xD3A5, 0xCB43, 0xC323, 0xBAA1, 0xB281, 0xB281, 0xB281,
    0xB2A2, 0xB2C3, 0xB2C3, 0xB2C3, 0xB2C3, 0xB2C3, 0xB281, 0xB260, 0xB240, 0xB240, 0xBAC3, 0xCC0A, 0xEE77, 0xFFFF, 0xFFFF, 0xFFFF,
    0xFFFF, 0xFFFF, 0xFFFF, 0xFFFF, 0xFFFF, 0xFFFF, 0xFFFF, 0xFFFF, 0xFFFF, 0xFFFF, 0xFFFF, 0xFFFF, 0xFFFF, 0xFFFF, 0xDCAD, 0xDB65,
    0xE3E8, 0xEBE7, 0xEBE7, 0xF3E8, 0xF3E8, 0xF3E8, 0xF3E7, 0xF3E7, 0xF3C7, 0xF3C7, 0xF3C8, 0xEBC7, 0xEB86, 0xEB24, 0xEB03, 0xEB04,
    0xEB04, 0xEB04, 0xEB04, 0xEB04, 0xEAE4, 0xEAE4, 0xEAE4, 0xEAE4, 0xEAE4, 0xEAE4, 0xEAC4, 0xEAC4, 0xEAC4, 0xEAC4, 0xEAA3, 0xEAA3,
    0xEAA3, 0xEAA3, 0xEAA3, 0xEAA3, 0xEA83, 0xEA83, 0xEA83, 0xEA83, 0xEA83, 0xEA83, 0xEA83, 0xEA83, 0xEA83, 0xEA83, 0xEA83, 0xEA83,
    0xEA83, 0xEA84, 0xEA83, 0xEA83, 0xEA83, 0xEA83, 0xEA83, 0xEAA4, 0xEAE5, 0xEB06, 0xEB27, 0xEB47, 0xFC67, 0xFC88, 0xFCA8, 0xFCA8,
    0xFCA8, 0xFCA8, 0xFCA8, 0xFCA8, 0xFCA8, 0xFCA8, 0xFCA8, 0xFCA8, 0xFCA8, 0xFCA8, 0xFCA8, 0xFCC8, 0xFCC8, 0xFCC8, 0xFCC8, 0xFCC8,
    0xFCC8, 0xFCC8, 0xFCC8, 0xFCC8, 0xFCC8, 0xFCC8, 0xFCC8, 0xFCC8, 0xFCC8, 0xFCC8, 0xFCC8, 0xFCC8, 0xFCC8, 0xFCC8, 0xFCC8, 0xFCC8,
    0xFCC8, 0xFCC8, 0xFCC8, 0xFCC8, 0xFCC8, 0xFCC8, 0xFCC8, 0xFCC8, 0xFCC9, 0xFCA7, 0xFC65, 0xFC24, 0xFC24, 0xFC45, 0xFC25, 0xFC25,
    0xFC25, 0xFC25, 0xF425, 0xF424, 0xF424, 0xF424, 0xF424, 0xF424, 0xF424, 0xF424, 0xF425, 0xFC88, 0xFCA8, 0xFCA8, 0xF4A8, 0xF4A8,
    0xF488, 0xF488, 0xF488, 0xEC68, 0xEC27, 0xE3A4, 0xD384, 0xCB43, 0xCB44, 0xC324, 0xC323, 0xC323, 0xC366, 0xC366, 0xC366, 0xC366,
    0xC366, 0xC366, 0xC324, 0xC303, 0xC303, 0xBAE3, 0xBAA2, 0xB240, 0xB282, 0xCC8D, 0xFF9D, 0xFFFF, 0xFFFF, 0xFFFF, 0xFFFF, 0xFFFF,
    0xFFFF, 0xFFFF, 0xFFFF, 0xFFFF, 0xFFFF, 0xFFFF, 0xFFFF, 0xFFFF, 0xFFFF, 0xFFFF, 0xFF5C, 0xD3A7, 0xDBA7, 0xEBC7, 0xEBE7, 0xEBE8,
    0xF3E8, 0xF3E7, 0xF3E7, 0xF3E7, 0xF3C7, 0xF3C7, 0xEBC7, 0xEBC7, 0xEBC8, 0xEBA7, 0xEB45, 0xEB04, 0xEB03, 0xEB04, 0xEB04, 0xEAE4,
    0xEAE4, 0xEAE4, 0xEAE4, 0xEAE4, 0xEAE4, 0xEAC4, 0xEAC4, 0xEAC4, 0xEAC4, 0xEAC3, 0xEAA3, 0xEAA3, 0xEAA3, 0xEAA3, 0xEAA3, 0xEA83,
    0xEA83, 0xEA83, 0xEA83, 0xEA83, 0xEA83, 0xEA83, 0xEA83, 0xEA83, 0xEA83, 0xEA83, 0xEA83, 0xEA83, 0xEA83, 0xEA83, 0xEA83, 0xEA83,
    0xEA83, 0xEA84, 0xEA83, 0xEA83, 0xEA83, 0xEA83, 0xEA83, 0xEAC4, 0xF4A8, 0xF4A8, 0xF4A8, 0xF4A8, 0xFCA8, 0xFCA8, 0xFCA8, 0xFCA8,
    0xFCA8, 0xFCA8, 0xFCA8, 0xFCA8, 0xFCA8, 0xFCA8, 0xFCA8, 0xFCA8, 0xFCA8, 0xFCA8, 0xFCA8, 0xFCA8, 0xFCA8, 0xFCA8, 0xFCA8, 0xFCA8,
    0xFCA8, 0xFCC8, 0xFCC8, 0xFCC8, 0xFCC8, 0xFCC8, 0xFCC8, 0xFCC8, 0xFCC8, 0xFCC8, 0xFCC8, 0xFCC8, 0xFCC8, 0xFCC8, 0xFCC8, 0xFCC8,
    0xFCC8, 0xFCC8, 0xFCC9, 0xFCA8, 0xFC66, 0xFC25, 0xFC24, 0xFC25, 0xF425, 0xF424, 0xF424, 0xF424, 0xF424, 0xF424, 0xF424, 0xF424,
    0xF424, 0xF424, 0xF424, 0xF424, 0xF404, 0xF425, 0xF488, 0xF4A8, 0xF4A8, 0xF488, 0xF488, 0xF488, 0xF488, 0xF488, 0xF488, 0xF488,
    0xEC05, 0xEBC4, 0xE3A4, 0xDB84, 0xD364, 0xD343, 0xCB43, 0xCB64, 0xCBA6, 0xCBA6, 0xCBA6, 0xCBA6, 0xD3A6, 0xD3A6, 0xCB44, 0xCB23,
    0xCB23, 0xC303, 0xC2E3, 0xC2E3, 0xBAE4, 0xB2A3, 0xC388, 0xF73B, 0xFFFF, 0xFFFF, 0xFFFF, 0xFFFF, 0xFFFF, 0xFFFF, 0xFFFF, 0xFFFF,
    0xFFFF, 0xFFFF, 0xFFFF, 0xFFFF, 0xFFFF, 0xFFFF, 0xFFFF, 0xE5B3, 0xD325, 0xE3C7, 0xEBC7, 0xEBE7, 0xEBE7, 0xF3E7, 0xF3E7, 0xF3C7,
    0xEBC7, 0xEBC7, 0xEBC7, 0xEBC7, 0xEBC7, 0xEBC8, 0xEBC8, 0xEB87, 0xEB25, 0xEAE3, 0xEAE4, 0xEAE4, 0xEAE4, 0xEAE4, 0xEAE4, 0xEAC4,
    0xEAC4, 0xEAC4, 0xEAC4, 0xEAC4, 0xEAC3, 0xEAA3, 0xEAA3, 0xEAA3, 0xEAA3, 0xEAA3, 0xEA83, 0xEA83, 0xEA83, 0xEA83, 0xEA83, 0xEA83,
    0xEA83, 0xEA83, 0xEA83, 0xEA83, 0xEA83, 0xEA83, 0xEA83, 0xEA83, 0xEA83, 0xEA83, 0xEA83, 0xEA83, 0xEA83, 0xEA83, 0xEA83, 0xEA83,
    0xEA84, 0xEA83, 0xEA83, 0xEA83, 0xF488, 0xF488, 0xF4A8, 0xF4A8, 0xF4A8, 0xFCA8, 0xFCA8, 0xFCA8, 0xFCA8, 0xFCA8, 0xFCA8, 0xFCA8,
    0xFCA8, 0xFCA8, 0xFCA8, 0xFCA8, 0xFCA8, 0xFCA8, 0xFCA8, 0xFCA8, 0xFCA8, 0xFCA8, 0xFCA8, 0xFCA8, 0xFCA8, 0xFCA8, 0xFCA8, 0xFCA8,
    0xFCA8, 0xFCA8, 0xFCA8, 0xFCA8, 0xFCA8, 0xFCA8, 0xFCA8, 0xFCA8, 0xFCA8, 0xFCA8, 0xFCA8, 0xFCA8, 0xFCC8, 0xFCA8, 0xFC86, 0xF425,
    0xF424, 0xF424, 0xF425, 0xF424, 0xF424, 0xF424, 0xF424, 0xF424, 0xF424, 0xF424, 0xF424, 0xF424, 0xF424, 0xF424, 0xF424, 0xF404,
    0xF425, 0xF488, 0xF4A8, 0xF488, 0xF488, 0xF488, 0xF488, 0xF488, 0xF488, 0xF488, 0xF488, 0xF447, 0xF3E4, 0xEBC4, 0xEBC4, 0xE3A4,
    0xE3A4, 0xE384, 0xDB64, 0xDBC6, 0xDC07, 0xDBE7, 0xDBE7, 0xDBE7, 0xDBE7, 0xDC07, 0xDB84, 0xDB63, 0xDB44, 0xD344, 0xD323, 0xCB03,
    0xC2E3, 0xC346, 0xB2A3, 0xC388, 0xFF9D, 0xFFFF, 0xFFFF, 0xFFFF, 0xFFFF, 0xFFFF, 0xFFFF, 0xFFFF, 0xFFFF, 0xFFFF, 0xFFFF, 0xFFFF,
    0xFFFF, 0xFFFF, 0xFFFF, 0xFF9D, 0xD3C9, 0xDB66, 0xE3C7, 0xEBC7, 0xEBC7, 0xF3C7, 0xF3C7, 0xF3C7, 0xEBC7, 0xEBC7, 0xEBC7, 0xEBC7,
    0xEBC7, 0xEBA7, 0xEBA7, 0xEBA8, 0xEBA8, 0xEB66, 0xEB04, 0xEAE3, 0xEAE4, 0xEAE4, 0xEAE4, 0xEAC4, 0xEAC4, 0xEAC4, 0xEAC4, 0xEAC3,
    0xEAA3, 0xEAA3, 0xEAA3, 0xEAA3, 0xEAA3, 0xEA83, 0xEA83, 0xEA83, 0xEA83, 0xEA83, 0xEA83, 0xEA83, 0xEA83, 0xEA83, 0xEA83, 0xEA83,
    0xEA83, 0xEA83, 0xEA83, 0xEA83, 0xEA83, 0xEA83, 0xEA83, 0xEA83, 0xEA83, 0xEA83, 0xEA83, 0xEA83, 0xEA83, 0xEA83, 0xEA83, 0xEA83,
    0xF488, 0xF488, 0xF488, 0xF488, 0xF488, 0xF488, 0xF488, 0xF4A8, 0xF4A8, 0xF4A8, 0xFCA8, 0xFCA8, 0xFCA8, 0xFCA8, 0xFCA8, 0xFCA8,
    0xFCA8, 0xFCA8, 0xFCA8, 0xFCA8, 0xFCA8, 0xFCA8, 0xFCA8, 0xFCA8, 0xFCA8, 0xFCA8, 0xFCA8, 0xFCA8, 0xFCA8, 0xFCA8, 0xFCA8, 0xFCA8,
    0xFCA8, 0xFCA8, 0xFCA8, 0xFCA8, 0xFCA8, 0xFCA8, 0xFCA8, 0xFCA8, 0xFC87, 0xF445, 0xF424, 0xF424, 0xF424, 0xF424, 0xF424, 0xF424,
    0xF424, 0xF424, 0xF424, 0xF424, 0xF424, 0xF424, 0xF424, 0xF404, 0xF404, 0xF404, 0xF404, 0xF425, 0xF488, 0xF4A8, 0xF488, 0xF488,
    0xF488, 0xF488, 0xF488, 0xF488, 0xF488, 0xF488, 0xF488, 0xF405, 0xF3E4, 0xF3E4, 0xF3E4, 0xEBC4, 0xEBC4, 0xEBA4, 0xEBA4, 0xEC07,
    0xEC28, 0xEC27, 0xEC27, 0xEC27, 0xEC27, 0xEC28, 0xEBA5, 0xE384, 0xE384, 0xE364, 0xDB64, 0xD344, 0xD323, 0xCB45, 0xC366, 0xB2A3,
    0xCC8D, 0xFFFF, 0xFFFF, 0xFFFF, 0xFFFF, 0xFFFF, 0xFFFF, 0xFFFF, 0xFFFF, 0xFFFF, 0xFFFF, 0xFFFF, 0xFFFF, 0xFFFF, 0xFFFF, 0xFFFF,
    0xE572, 0xD325, 0xE3A7, 0xEBC7, 0xEBC7, 0xF3C7, 0xEBC7, 0xEBC7, 0xEBC7, 0xEBC7, 0xEBC7, 0xEBC7, 0xEBA7, 0xEBA7, 0xEBA7, 0xEBA7,
    0xEBA7, 0xEBA8, 0xEB87, 0xEB46, 0xEAE4, 0xEAC3, 0xEAC4, 0xEAC4, 0xEAC4, 0xEAC4, 0xEAC3, 0xEAA3, 0xEAA3, 0xEAA3, 0xEAA3, 0xEAA3,
    0xEAA3, 0xEA83, 0xEA83, 0xEA83, 0xEA83, 0xEA83, 0xEA83, 0xEA83, 0xEA83, 0xEA83, 0xEA83, 0xEA83, 0xEA83, 0xEA83, 0xEA83, 0xEA83,
    0xEA83, 0xEA83, 0xEA83, 0xEA83, 0xEA83, 0xEA83, 0xEA83, 0xEA83, 0xEA83, 0xEA83, 0xEA83, 0xEA83, 0xF488, 0xF488, 0xF488, 0xF488,
    0xF488, 0xF488, 0xF488, 0xF488, 0xF488, 0xF4A8, 0xF4A8, 0xF4A8, 0xF4A8, 0xFCA8, 0xFCA8, 0xFCA8, 0xFCA8, 0xFCA8, 0xFCA8, 0xFCA8,
    0xFCA8, 0xFCA8, 0xFCA8, 0xFCA8, 0xFCA8, 0xFCA8, 0xFCA8, 0xFCA8, 0xFCA8, 0xFCA8, 0xFCA8, 0xFCA8, 0xFCA8, 0xFCA8, 0xFCA8, 0xFCA8,
    0xFCA8, 0xFCA8, 0xFC87, 0xFC45, 0xF424, 0xF424, 0xF425, 0xF424, 0xF424, 0xF424, 0xF424, 0xF424, 0xF424, 0xF424, 0xF404, 0xF404,
    0xF404, 0xF404, 0xF404, 0xF404, 0xF404, 0xF404, 0xF405, 0xF488, 0xF488, 0xF488, 0xF488, 0xF488, 0xF488, 0xF488, 0xF488, 0xF488,
    0xF488, 0xF488, 0xF426, 0xF3E4, 0xF3E4, 0xF3E4, 0xF3E4, 0xF3C4, 0xF3C4, 0xF3C4, 0xF3E5, 0xF448, 0xF448, 0xF448, 0xF448, 0xF448,
    0xF448, 0xF448, 0xF3C5, 0xEBA4, 0xEBA4, 0xEB84, 0xEB84, 0xE364, 0xDB43, 0xD365, 0xCB66, 0xC346, 0xB2A3, 0xEE77, 0xFFFF, 0xFFFF,
    0xFFFF, 0xFFFF, 0xFFFF, 0xFFFF, 0xFFFF, 0xFFFF, 0xFFFF, 0xFFFF, 0xFFFF, 0xFFFF, 0xFFFF, 0xFFFF, 0xF71A, 0xCB25, 0xDB87, 0xE3A7,
    0xEBC7, 0xF3C7, 0xEBC7, 0xEBC7, 0xEBC7, 0xEBC7, 0xEBC7, 0xEBA7, 0xEBA7, 0xEBA7, 0xEBA7, 0xEBA7, 0xEB87, 0xEB87, 0xEB87, 0xEBA8,
    0xEB67, 0xEB25, 0xEAC3, 0xEAC3, 0xEAC4, 0xEAC3, 0xEAA3, 0xEAA3, 0xEAA3, 0xEAA3, 0xEAA3, 0xEAA3, 0xEA83, 0xEA83, 0xEA83, 0xEA83,
    0xEA83, 0xEA83, 0xEA83, 0xEA83, 0xEA83, 0xEA83, 0xEA83, 0xEA83, 0xEA83, 0xEA83, 0xEA83, 0xEA83, 0xEA83, 0xEA83, 0xEA83, 0xEA83,
    0xEA83, 0xEA83, 0xEA83, 0xEA83, 0xEA83, 0xEA83, 0xEA83, 0xE283, 0xF468, 0xF468, 0xF488, 0xF488, 0xF488, 0xF488, 0xF488, 0xF488,
    0xF488, 0xF488, 0xF488, 0xF488, 0xF488, 0xF488, 0xF488, 0xF4A8, 0xF4A8, 0xF4A8, 0xF4A8, 0xF4A8, 0xF4A8, 0xFCA8, 0xFCA8, 0xFCA8,
    0xFCA8, 0xFCA8, 0xFCA8, 0xFCA8, 0xFCA8, 0xFCA8, 0xFCA8, 0xFCA8, 0xFCA8, 0xFCA8, 0xFCA8, 0xFCA8, 0xFC88, 0xF446, 0xF424, 0xF404,
    0xF424, 0xF424, 0xF424, 0xF424, 0xF404, 0xF404, 0xF404, 0xF404, 0xF404, 0xF404, 0xF404, 0xF404, 0xF404, 0xF404, 0xF404, 0xF404,
    0xF404, 0xF405, 0xF488, 0xF488, 0xF488, 0xF488, 0xF488, 0xF468, 0xF488, 0xF468, 0xF468, 0xF468, 0xF468, 0xF467, 0xF3E4, 0xF3E4,
    0xF3E4, 0xF3E4, 0xF3E4, 0xF3C4, 0xF3C4, 0xF3C4, 0xF405, 0xF468, 0xF448, 0xF448, 0xF448, 0xF448, 0xF448, 0xF448, 0xF3C5, 0xF3A4,
    0xF3A4, 0xEBA4, 0xEB84, 0xEB84, 0xE364, 0xDB64, 0xD3A7, 0xCB66, 0xBAC4, 0xCC2B, 0xFFFF, 0xFFFF, 0xFFFF, 0xFFFF, 0xFFFF, 0xFFFF,
    0xFFFF, 0xFFFF, 0xFFFF, 0xFFFF, 0xFFFF, 0xFFFF, 0xFFFF, 0xFFFF, 0xFFDF, 0xD3C9, 0xD2E4, 0xE3A8, 0xEBC7, 0xF3C7, 0xEBC7, 0xEBC7,
    0xEBC7, 0xEBC7, 0xEBA7, 0xEBA7, 0xEBA7, 0xEBA7, 0xEBA7, 0xEB87, 0xEB87, 0xEB87, 0xEB87, 0xEB87, 0xEB87, 0xEB88, 0xEB47, 0xEAE5,
    0xEAA3, 0xEAA3, 0xEAA4, 0xEAA3, 0xEAA3, 0xEAA3, 0xEAA3, 0xEA83, 0xEA83, 0xEA83, 0xEA83, 0xEA83, 0xEA83, 0xEA83, 0xEA83, 0xEA83,
    0xEA83, 0xEA83, 0xEA83, 0xEA83, 0xEA83, 0xEA83, 0xEA83, 0xEA83, 0xEA83, 0xEA83, 0xEA83, 0xEA83, 0xEA83, 0xEA83, 0xEA83, 0xEA83,
    0xEA83, 0xEA83, 0xE283, 0xE283, 0xF468, 0xF468, 0xF468, 0xF488, 0xF488, 0xF488, 0xF488, 0xF488, 0xF488, 0xF488, 0xF488, 0xF488,
    0xF488, 0xF488, 0xF488, 0xF488, 0xF488, 0xF488, 0xF488, 0xF488, 0xF488, 0xF488, 0xF488, 0xF488, 0xF488, 0xF4A8, 0xF4A8, 0xF4A8,
    0xF4A8, 0xF4A8, 0xF4A8, 0xF4A8, 0xF4A8, 0xF4A8, 0xF4A8, 0xF467, 0xF425, 0xF404, 0xF404, 0xF404, 0xF404, 0xF404, 0xF404, 0xF404,
    0xF404, 0xF404, 0xF404, 0xF404, 0xF404, 0xF404, 0xF404, 0xF404, 0xF404, 0xF404, 0xF404, 0xF3E4, 0xF405, 0xF468, 0xF488, 0xF468,
    0xF468, 0xF468, 0xF468, 0xF468, 0xF468, 0xF448, 0xF468, 0xF468, 0xF468, 0xF406, 0xF3C4, 0xF3E4, 0xF3C4, 0xF3C4, 0xF3C4, 0xF3C4,
    0xF3C4, 0xF3C4, 0xF427, 0xF468, 0xF448, 0xF448, 0xF448, 0xF448, 0xF448, 0xF448, 0xF3C5, 0xF3A4, 0xF3A4, 0xF3A4, 0xF384, 0xEB84,
    0xEB84, 0xE364, 0xDBA7, 0xD386, 0xC326, 0xBB05, 0xF71A, 0xFFFF, 0xFFFF, 0xFFFF, 0xFFFF, 0xFFFF, 0xFFFF, 0xFFFF, 0xFFFF, 0xFFFF,
    0xFFFF, 0xFFFF, 0xFFFF, 0xFFFF, 0xFFFF, 0xDD10, 0xCA41, 0xDB66, 0xEBC8, 0xF3C7, 0xEBC7, 0xEBC7, 0xEBA7, 0xEBA7, 0xEBA7, 0xEBA7,
    0xEBA7, 0xEBA7, 0xEB87, 0xEB87, 0xEB87, 0xEB87, 0xEB87, 0xEB87, 0xEB87, 0xEB67, 0xEB88, 0xEB67, 0xEB26, 0xEAC4, 0xEAA3, 0xEAA3,
    0xEAA3, 0xEAA3, 0xEA83, 0xEA83, 0xEA83, 0xEA83, 0xEA83, 0xEA83, 0xEA83, 0xEA83, 0xEA83, 0xEA83, 0xEA83, 0xEA83, 0xEA83, 0xEA83,
    0xEA83, 0xEA83, 0xEA83, 0xEA83, 0xEA83, 0xEA83, 0xEA83, 0xEA83, 0xEA83, 0xEA83, 0xEA83, 0xEA83, 0xEA83, 0xEA83, 0xE283, 0xE283,
    0xF468, 0xF468, 0xF468, 0xF468, 0xF468, 0xF488, 0xF488, 0xF488, 0xF488, 0xF488, 0xF488, 0xF488, 0xF488, 0xF488, 0xF488, 0xF488,
    0xF488, 0xF488, 0xF488, 0xF488, 0xF488, 0xF488, 0xF488, 0xF488, 0xF488, 0xF488, 0xF488, 0xF488, 0xF488, 0xF488, 0xF488, 0xF4A8,
    0xF4A8, 0xF467, 0xF425, 0xF404, 0xF404, 0xF405, 0xF404, 0xF404, 0xF404, 0xF404, 0xF404, 0xF404, 0xF404, 0xF404, 0xF404, 0xF404,
    0xF404, 0xF404, 0xF404, 0xF404, 0xF404, 0xF404, 0xF3E4, 0xF405, 0xF468, 0xF488, 0xF468, 0xF468, 0xF468, 0xEC27, 0xE3E6, 0xE406,
    0xE427, 0xE407, 0xE3E6, 0xEC07, 0xEC27, 0xEBC4, 0xF3C4, 0xF3C4, 0xF3C4, 0xF3C4, 0xF3C4, 0xF3C4, 0xF3C4, 0xF3C4, 0xF447, 0xF448,
    0xF448, 0xF448, 0xF448, 0xF448, 0xF448, 0xF448, 0xF3C5, 0xF3A4, 0xF3A4, 0xF3A4, 0xF384, 0xF384, 0xEB84, 0xEB64, 0xE3A6, 0xDBA7,
    0xCB66, 0xBAA3, 0xE5D4, 0xFFFF, 0xFFFF, 0xFFFF, 0xFFFF, 0xFFFF, 0xFFFF, 0xFFFF, 0xFFFF, 0xFFFF, 0xFFFF, 0xFFFF, 0xFFFF, 0xFFFF,
    0xFFFF, 0xEE15, 0xC261, 0xD2E3, 0xEB66, 0xF3C8, 0xEBA7, 0xEBA7, 0xEBA7, 0xEBA7, 0xEBA7, 0xEBA7, 0xEBA7, 0xEB87, 0xEB87, 0xEB87,
    0xEB87, 0xEB87, 0xEB87, 0xEB87, 0xEB87, 0xEB67, 0xEB67, 0xEB67, 0xEB67, 0xEB67, 0xEB05, 0xEAA4, 0xEA83, 0xEA83, 0xEA83, 0xEA83,
    0xEA83, 0xEA83, 0xEA83, 0xEA83, 0xEA83, 0xEA83, 0xEA83, 0xEA83, 0xEA83, 0xEA83, 0xEA83, 0xEA83, 0xEA83, 0xEA83, 0xEA83, 0xEA83,
    0xEA83, 0xEA83, 0xEA83, 0xEA83, 0xEA83, 0xEA83, 0xEA83, 0xEA83, 0xEA83, 0xEA83, 0xE283, 0xE283, 0xF468, 0xF468, 0xF468, 0xF468,
    0xF468, 0xF468, 0xF468, 0xF468, 0xF468, 0xF468, 0xF488, 0xF488, 0xF488, 0xF488, 0xF488, 0xF488, 0xF488, 0xF488, 0xF488, 0xF488,
    0xF488, 0xF488, 0xF488, 0xF488, 0xF488, 0xF488, 0xF488, 0xF488, 0xF488, 0xF488, 0xF488, 0xF488, 0xF426, 0xF404, 0xF404, 0xF404,
    0xF404, 0xF404, 0xF404, 0xF404, 0xF404, 0xF404, 0xF404, 0xF404, 0xF404, 0xF404, 0xF404, 0xF404, 0xF404, 0xF404, 0xF3E4, 0xF3E4,
    0xF3E4, 0xF3E4, 0xF405, 0xF468, 0xF468, 0xF468, 0xEC68, 0xEC48, 0xE3E6, 0xE48A, 0xEDF3, 0xF6D9, 0xFF5B, 0xFF3B, 0xF655, 0xE4CC,
    0xE363, 0xEBA4, 0xEBC4, 0xF3C4, 0xF3C4, 0xF3C4, 0xF3C4, 0xF3C4, 0xF3A4, 0xF3C5, 0xF448, 0xF448, 0xF448, 0xF448, 0xF448, 0xF428,
    0xF428, 0xF448, 0xF3C5, 0xF384, 0xF384, 0xF384, 0xF384, 0xF384, 0xF384, 0xEB64, 0xEB85, 0xDBC7, 0xD387, 0xBAC4, 0xD4CE, 0xFFFF,
    0xFFFF, 0xFFFF, 0xFFFF, 0xFFFF, 0xFFFF, 0xFFFF, 0xFFFF, 0xFFFF, 0xFFFF, 0xFFFF, 0xFFFF, 0xFFFF, 0xFFFF, 0xEEB8, 0xC283, 0xD2C3,
    0xE2E3, 0xEB86, 0xEBC8, 0xEBA7, 0xEBA7, 0xEBA7, 0xEBA7, 0xEBA7, 0xEB87, 0xEB87, 0xEB87, 0xEB87, 0xEB87, 0xEB87, 0xEB87, 0xEB87,
    0xEB67, 0xEB67, 0xEB67, 0xEB67, 0xEB67, 0xEB67, 0xEB68, 0xEB47, 0xEAC5, 0xEA83, 0xEA83, 0xEA83, 0xEA83, 0xEA83, 0xEA83, 0xEA83,
    0xEA83, 0xEA83, 0xEA83, 0xEA83, 0xEA83, 0xEA83, 0xEA83, 0xEA83, 0xEA83, 0xEA83, 0xEA83, 0xEA83, 0xEA83, 0xEA83, 0xEA83, 0xEA83,
    0xEA83, 0xEA83, 0xEA83, 0xEA83, 0xEA83, 0xE283, 0xE283, 0xE283, 0xF468, 0xF468, 0xF468, 0xF468, 0xF468, 0xF468, 0xF468, 0xF468,
    0xF468, 0xF468, 0xF468, 0xF468, 0xF468, 0xF468, 0xF488, 0xF488, 0xF488, 0xF488, 0xF488, 0xF488, 0xF488, 0xF488, 0xF488, 0xF488,
    0xF488, 0xF488, 0xF488, 0xF488, 0xF488, 0xF488, 0xF446, 0xF404, 0xF3E4, 0xF404, 0xF404, 0xF404, 0xF404, 0xF404, 0xF404, 0xF404,
    0xF404, 0xF404, 0xF404, 0xF404, 0xF3E4, 0xF3E4, 0xF3E4, 0xF3E4, 0xF3E4, 0xF3E4, 0xF3E4, 0xF3E4, 0xF3E4, 0xF3E5, 0xF468, 0xF468,
    0xF448, 0xEC48, 0xEC28, 0xE3E6, 0xEDD2, 0xFFBE, 0xFFFF, 0xFFFF, 0xFFFF, 0xFFFF, 0xFFFF, 0xFFFF, 0xED70, 0xDB43, 0xEBA4, 0xEBA4,
    0xF3C4, 0xF3C4, 0xF3C4, 0xF3A4, 0xF3A4, 0xF3E6, 0xF448, 0xF448, 0xF428, 0xF428, 0xF428, 0xF428, 0xF428, 0xF448, 0xF3A5, 0xF384,
    0xF384, 0xF384, 0xF384, 0xF384, 0xF384, 0xEB64, 0xEB85, 0xE3C7, 0xD387, 0xC2E4, 0xCC0B, 0xFFFF, 0xFFFF, 0xFFFF, 0xFFFF, 0xFFFF,
    0xFFFF, 0xFFFF, 0xFFFF, 0xFFFF, 0xFFFF, 0xFFFF, 0xFFFF, 0xFFFF, 0xFFFF, 0xF71B, 0xC2C4, 0xD2A3, 0xE2E4, 0xEB03, 0xEB66, 0xEBC8,
    0xEBA7, 0xEBA7, 0xEBA7, 0xEB87, 0xEB87, 0xEB87, 0xEB87, 0xEB87, 0xEB87, 0xEB87, 0xEB87, 0xEB67, 0xEB67, 0xEB67, 0xEB67, 0xEB67,
    0xEB67, 0xEB47, 0xEB47, 0xEB47, 0xEB47, 0xEB26, 0xEAA4, 0xEA83, 0xEA83, 0xEA84, 0xEA83, 0xEA83, 0xEA83, 0xEA83, 0xEA83, 0xEA83,
    0xEA83, 0xEA83, 0xEA83, 0xEA83, 0xEA83, 0xEA83, 0xEA83, 0xEA83, 0xEA83, 0xEA83, 0xEA83, 0xEA83, 0xEA83, 0xEA83, 0xEA83, 0xEA83,
    0xE283, 0xE283, 0xE283, 0xE283, 0xF448, 0xF448, 0xF468, 0xF468, 0xF468, 0xF468, 0xF468, 0xF468, 0xF468, 0xF468, 0xF468, 0xF468,
    0xF468, 0xF468, 0xF468, 0xF468, 0xF468, 0xF468, 0xF468, 0xF468, 0xF468, 0xF468, 0xF488, 0xF488, 0xF488, 0xF468, 0xF488, 0xF488,
    0xF447, 0xF405, 0xF3E4, 0xF3E4, 0xF3E4, 0xF3E4, 0xF3E4, 0xF3E4, 0xF3E4, 0xF3E4, 0xF3E4, 0xF3E4, 0xF3E4, 0xF3E4, 0xF3E4, 0xF3E4,
    0xF3E4, 0xF3E4, 0xF3E4, 0xF3E4, 0xF3E4, 0xF3E4, 0xF3E4, 0xF3E4, 0xF3E5, 0xF467, 0xF468, 0xF468, 0xEC48, 0xEC28, 0xDBC6, 0xEE14,
    0xFFFF, 0xFFFF, 0xFFFF, 0xFFFF, 0xFFFF, 0xFFFF, 0xFFFF, 0xFFFF, 0xFFFF, 0xE50E, 0xDB22, 0xEBA4, 0xEBA4, 0xF3A4, 0xF3A4, 0xF3A4,
    0xF3A4, 0xF407, 0xF448, 0xF428, 0xF428, 0xF428, 0xF428, 0xF428, 0xF428, 0xF428, 0xF3A5, 0xF384, 0xF384, 0xF384, 0xF384, 0xF384,
    0xF364, 0xEB64, 0xEB64, 0xE3C7, 0xDBA7, 0xC305, 0xC3C9, 0xFFBE, 0xFFFF, 0xFFFF, 0xFFFF, 0xFFFF, 0xFFFF, 0xFFFF, 0xFFFF, 0xFFFF,
    0xFFFF, 0xFFFF, 0xFFFF, 0xFFFF, 0xFFFF, 0xF75C, 0xC2C4, 0xCA83, 0xE2E4, 0xEB04, 0xEB03, 0xEB66, 0xEBA8, 0xEB87, 0xEB87, 0xEB87,
    0xEB87, 0xEB87, 0xEB87, 0xEB87, 0xEB87, 0xEB67, 0xEB67, 0xEB67, 0xEB67, 0xEB67, 0xEB67, 0xEB67, 0xEB67, 0xEB47, 0xEB47, 0xEB47,
    0xEB47, 0xEB47, 0xEB47, 0xEB06, 0xEAA4, 0xEA83, 0xEA83, 0xEA83, 0xEA83, 0xEA83, 0xEA83, 0xEA83, 0xEA83, 0xEA83, 0xEA83, 0xEA83,
    0xEA83, 0xEA83, 0xEA83, 0xEA83, 0xEA83, 0xEA83, 0xEA83, 0xEA83, 0xEA83, 0xEA83, 0xEA83, 0xEA83, 0xE283, 0xE283, 0xE283, 0xE283,
    0xF448, 0xF448, 0xF448, 0xF448, 0xF468, 0xF468, 0xF468, 0xF468, 0xF468, 0xF468, 0xF468, 0xF468, 0xF468, 0xF468, 0xF468, 0xF468,
    0xF468, 0xF468, 0xF468, 0xF468, 0xF468, 0xF468, 0xF468, 0xF468, 0xF468, 0xF488, 0xF447, 0xF405, 0xF3E4, 0xF3E4, 0xF3E4, 0xF3E4,
    0xF3E4, 0xF3E4, 0xF3E4, 0xF3E4, 0xF3E4, 0xF3E4, 0xF3E4, 0xF3E4, 0xF3E4, 0xF3E4, 0xF3E4, 0xF3E4, 0xF3E4, 0xF3E4, 0xF3E4, 0xF3E4,
    0xF3E4, 0xF3E4, 0xF3C4, 0xF3E5, 0xF448, 0xF468, 0xF468, 0xF448, 0xEC48, 0xDBC6, 0xE50E, 0xFFFF, 0xFFFF, 0xFFFF, 0xFFFF, 0xFFFF,
    0xFFFF, 0xFFFF, 0xFFFF, 0xFFFF, 0xFFFF, 0xF73B, 0xD343, 0xE364, 0xEB84, 0xEBA4, 0xF3A4, 0xF3A4, 0xF3A4, 0xF427, 0xF428, 0xF428,
    0xF428, 0xF428, 0xF428, 0xF428, 0xF428, 0xF428, 0xF3A5, 0xF384, 0xF384, 0xF384, 0xF364, 0xF364, 0xF364, 0xEB64, 0xEB44, 0xE386,
    0xDBA7, 0xCB25, 0xC388, 0xFFBE, 0xFFFF, 0xFFFF, 0xFFFF, 0xFFFF, 0xFFFF, 0xFFFF, 0xFFFF, 0xFFFF, 0xFFFF, 0xFFFF, 0xFFFF, 0xFFFF,
    0xFFFF, 0xFF7C, 0xC2E5, 0xCA82, 0xE2E4, 0xEB04, 0xEB04, 0xEAE3, 0xEB46, 0xEBA8, 0xEB87, 0xEB87, 0xEB87, 0xEB87, 0xEB87, 0xEB87,
    0xEB67, 0xEB67, 0xEB67, 0xEB67, 0xEB67, 0xEB67, 0xEB67, 0xEB47, 0xEB47, 0xEB47, 0xEB47, 0xEB47, 0xEB47, 0xEB47, 0xEB47, 0xEB67,
    0xEB47, 0xEAE5, 0xEA83, 0xEA83, 0xEA83, 0xEA83, 0xEA83, 0xEA83, 0xEA83, 0xEA83, 0xEA83, 0xEA83, 0xEA83, 0xEA83, 0xEA83, 0xEA83,
    0xEA83, 0xEA83, 0xEA83, 0xEA83, 0xEA83, 0xEA83, 0xEA83, 0xE283, 0xE283, 0xE283, 0xE283, 0xE283, 0xF448, 0xF448, 0xF448, 0xF448,
    0xF448, 0xF468, 0xF468, 0xF468, 0xF468, 0xF468, 0xF468, 0xF468, 0xF468, 0xF468, 0xF468, 0xF468, 0xF468, 0xF468, 0xF468, 0xF468,
    0xF468, 0xF468, 0xF468, 0xF468, 0xF468, 0xF406, 0xF3E4, 0xF3E4, 0xF3E4, 0xF3E4, 0xF3E4, 0xF3E4, 0xF3E4, 0xF3E4, 0xF3E4, 0xF3E4,
    0xF3E4, 0xF3E4, 0xF3E4, 0xF3E4, 0xF3E4, 0xF3E4, 0xF3E4, 0xF3E4, 0xF3E4, 0xF3E4, 0xF3E4, 0xF3E4, 0xF3E4, 0xF3C4, 0xF3E5, 0xF448,
    0xF468, 0xF468, 0xF468, 0xEC48, 0xE407, 0xD3C6, 0xF6F9, 0xFFFF, 0xFFFF, 0xFFFF, 0xFFFF, 0xFFFF, 0xFFFF, 0xFFFF, 0xFFFF, 0xFFFF,
    0xFFFF, 0xFFFF, 0xDC6B, 0xD302, 0xE384, 0xEB84, 0xF3A4, 0xF3A4, 0xF3C5, 0xF448, 0xF428, 0xF428, 0xF428, 0xF428, 0xF428, 0xF428,
    0xF428, 0xF428, 0xF3A5, 0xF364, 0xF384, 0xF364, 0xF364, 0xF364, 0xF364, 0xF364, 0xEB44, 0xE365, 0xDBA7, 0xCB25, 0xC388, 0xFFBE,
    0xFFFF, 0xFFFF, 0xFFFF, 0xFFFF, 0xFFFF, 0xFFFF, 0xFFFF, 0xFFFF, 0xFFFF, 0xFFFF, 0xFFFF, 0xFFFF, 0xFFFF, 0xF75C, 0xC2C4, 0xCA83,
    0xE2E4, 0xEB04, 0xEAE4, 0xEAE4, 0xEAE3, 0xEB46, 0xEBA8, 0xEB87, 0xEB87, 0xEB87, 0xEB87, 0xEB67, 0xEB67, 0xEB67, 0xEB67, 0xEB67,
    0xEB67, 0xEB67, 0xEB67, 0xEB47, 0xEB47, 0xEB47, 0xEB47, 0xEB47, 0xEB47, 0xEB47, 0xEB47, 0xEB47, 0xEB47, 0xEB67, 0xEB27, 0xEAC5,
    0xEA83, 0xEA83, 0xEA83, 0xEA83, 0xEA83, 0xEA83, 0xEA83, 0xEA83, 0xEA83, 0xEA83, 0xEA83, 0xEA83, 0xEA83, 0xEA83, 0xEA83, 0xEA83,
    0xEA83, 0xEA83, 0xEA83, 0xE283, 0xE283, 0xE283, 0xE283, 0xE283, 0xF448, 0xF448, 0xF448, 0xF448, 0xF448, 0xF448, 0xF448, 0xF448,
    0xF448, 0xF448, 0xF468, 0xF468, 0xF468, 0xF468, 0xF468, 0xF468, 0xF468, 0xF468, 0xF468, 0xF468, 0xF468, 0xF468, 0xF468, 0xF426,
    0xF3E4, 0xF3C4, 0xF3E4, 0xF3E4, 0xF3E4, 0xF3E4, 0xF3E4, 0xF3E4, 0xF3E4, 0xF3E4, 0xF3E4, 0xF3E4, 0xF3E4, 0xF3E4, 0xF3E4, 0xF3E4,
    0xF3E4, 0xF3E4, 0xF3E4, 0xF3C4, 0xF3C4, 0xF3C4, 0xF3C4, 0xF3C4, 0xF3C4, 0xF3E5, 0xF447, 0xF468, 0xF468, 0xF468, 0xF468, 0xEC28,
    0xDBC6, 0xDC29, 0xFFDE, 0xFFFF, 0xFFFF, 0xFFFF, 0xFFFF, 0xFFFF, 0xFFFF, 0xFFFF, 0xFFFF, 0xFFFF, 0xFFFF, 0xFFFF, 0xEE35, 0xCAE2,
    0xE364, 0xEB84, 0xEB84, 0xF384, 0xF3E6, 0xF428, 0xF428, 0xF428, 0xF428, 0xF428, 0xF428, 0xF428, 0xF408, 0xF408, 0xF3A5, 0xF364,
    0xF364, 0xF364, 0xF364, 0xF364, 0xEB64, 0xEB64, 0xEB44, 0xE344, 0xDBA7, 0xCB25, 0xCBC9, 0xFFDE, 0xFFFF, 0xFFFF, 0xFFFF, 0xFFFF,
    0xFFFF, 0xFFFF, 0xFFFF, 0xFFFF, 0xFFFF, 0xFFFF, 0xFFFF, 0xFFFF, 0xFFFF, 0xF6FA, 0xC283, 0xCA83, 0xE2E4, 0xEB04, 0xEAE4, 0xEAE4,
    0xEAE3, 0xEAC3, 0xEB46, 0xEB88, 0xEB87, 0xEB87, 0xEB67, 0xEB67, 0xEB67, 0xEB67, 0xEB67, 0xEB67, 0xEB67, 0xEB67, 0xEB47, 0xEB47,
    0xEB47, 0xEB47, 0xEB47, 0xEB47, 0xEB47, 0xEB47, 0xEB47, 0xEB47, 0xEB47, 0xEB47, 0xEB47, 0xEB67, 0xEB26, 0xEAA4, 0xEA83, 0xEA83,
    0xEA84, 0xEA83, 0xEA83, 0xEA83, 0xEA83, 0xEA83, 0xEA83, 0xEA83, 0xEA83, 0xEA83, 0xEA83, 0xEA83, 0xEA83, 0xEA83, 0xEA83, 0xE283,
    0xE283, 0xE283, 0xE283, 0xE283, 0xF428, 0xF448, 0xF448, 0xF448, 0xF448, 0xF448, 0xF448, 0xF448, 0xF448, 0xF448, 0xF448, 0xF448,
    0xF448, 0xF448, 0xF448, 0xF468, 0xF468, 0xF468, 0xF468, 0xF468, 0xF468, 0xF427, 0xF3E5, 0xF3C4, 0xF3C4, 0xF3C4, 0xF3C4, 0xF3C4,
    0xF3C4, 0xF3C4, 0xF3C4, 0xF3C4, 0xF3C4, 0xF3C4, 0xF3C4, 0xF3C4, 0xF3C4, 0xF3C4, 0xF3C4, 0xF3C4, 0xF3C4, 0xF3C4, 0xF3C4, 0xF3C4,
    0xF3C4, 0xF3C4, 0xF3C4, 0xF3C4, 0xF3E5, 0xF447, 0xF468, 0xF448, 0xF448, 0xF448, 0xF468, 0xEC28, 0xD385, 0xDC8C, 0xFFFF, 0xFFFF,
    0xFFFF, 0xFFFF, 0xFFFF, 0xFFFF, 0xFFFF, 0xFFFF, 0xFFFF, 0xFFFF, 0xFFFF, 0xFFFF, 0xFFBE, 0xD387, 0xDB03, 0xE364, 0xEB84, 0xEB84,
    0xF407, 0xF428, 0xF428, 0xF428, 0xF428, 0xF428, 0xF408, 0xF408, 0xF408, 0xF408, 0xF385, 0xF364, 0xF364, 0xF364, 0xF364, 0xF364,
    0xEB64, 0xEB44, 0xEB44, 0xE324, 0xDB87, 0xCB05, 0xD44C, 0xFFFF, 0xFFFF, 0xFFFF, 0xFFFF, 0xFFFF, 0xFFFF, 0xFFFF, 0xFFFF, 0xFFFF,
    0xFFFF, 0xFFFF, 0xFFFF, 0xFFFF, 0xFFFF, 0xEE78, 0xBA42, 0xCA83, 0xE2C4, 0xEAE4, 0xEAE4, 0xEAE4, 0xEAE4, 0xEAC4, 0xEAC3, 0xEB26,
    0xEB88, 0xEB67, 0xEB67, 0xEB67, 0xEB67, 0xEB67, 0xEB67, 0xEB67, 0xEB67, 0xEB47, 0xEB47, 0xEB47, 0xEB47, 0xEB47, 0xEB47, 0xEB47,
    0xEB47, 0xEB47, 0xEB47, 0xEB47, 0xEB47, 0xEB47, 0xEB47, 0xEB47, 0xEB67, 0xEB47, 0xEB05, 0xEAA4, 0xEA83, 0xEA83, 0xEA83, 0xEA83,
    0xEA83, 0xEA83, 0xEA83, 0xEA83, 0xEA83, 0xEA83, 0xEA83, 0xEA83, 0xEA83, 0xEA83, 0xE283, 0xE283, 0xE283, 0xE283, 0xE283, 0xE283,
    0xF428, 0xF428, 0xF428, 0xF428, 0xF448, 0xF448, 0xF448, 0xF448, 0xF448, 0xF448, 0xF448, 0xF448, 0xF448, 0xF448, 0xF448, 0xF448,
    0xF448, 0xF468, 0xF468, 0xF447, 0xF3E5, 0xF3C4, 0xF3C4, 0xF3C4, 0xF3C4, 0xF3C4, 0xF3C4, 0xF3C4, 0xF3C4, 0xF3C4, 0xF3C4, 0xF3C4,
    0xF3C4, 0xF3C4, 0xF3C4, 0xF3C4, 0xF3C4, 0xF3C4, 0xF3C4, 0xF3C4, 0xF3C4, 0xF3C4, 0xF3C4, 0xF3C4, 0xF3C4, 0xF3C4, 0xF3C4, 0xF3C5,
    0xF447, 0xF468, 0xF448, 0xF448, 0xF448, 0xF448, 0xF448, 0xEC28, 0xD365, 0xD4AD, 0xFFFF, 0xFFFF, 0xFFFF, 0xFFFF, 0xFFFF, 0xFFFF,
    0xFFFF, 0xFFFF, 0xFFFF, 0xFFFF, 0xFFFF, 0xFFFF, 0xFFFF, 0xE592, 0xCAC1, 0xE364, 0xEB64, 0xEB84, 0xF408, 0xF428, 0xF428, 0xF428,
    0xF408, 0xF408, 0xF408, 0xF408, 0xF408, 0xF408, 0xF385, 0xF364, 0xF364, 0xEB64, 0xEB64, 0xEB64, 0xEB44, 0xEB44, 0xEB44, 0xE303,
    0xDB66, 0xC2E4, 0xDD30, 0xFFFF, 0xFFFF, 0xFFFF, 0xFFFF, 0xFFFF, 0xFFFF, 0xFFFF, 0xFFFF, 0xFFFF, 0xFFFF, 0xFFFF, 0xFFFF, 0xFFFF,
    0xFFFF, 0xE5D4, 0xBA01, 0xCAA3, 0xE2C3, 0xEAE4, 0xEAE4, 0xEAE4, 0xEAC4, 0xEAC4, 0xEAC4, 0xEAC3, 0xEB26, 0xEB88, 0xEB67, 0xEB67,
    0xEB67, 0xEB67, 0xEB67, 0xEB67, 0xEB47, 0xEB47, 0xEB47, 0xEB47, 0xEB47, 0xEB47, 0xEB47, 0xEB47, 0xEB47, 0xEB47, 0xEB47, 0xEB47,
    0xEB47, 0xEB47, 0xEB47, 0xEB47, 0xEB47, 0xEB47, 0xEB68, 0xEB47, 0xEAE5, 0xEA83, 0xEA83, 0xEA83, 0xEA83, 0xEA83, 0xEA83, 0xEA83,
    0xEA83, 0xEA83, 0xEA83, 0xEA83, 0xEA83, 0xE283, 0xE283, 0xE283, 0xE283, 0xE283, 0xE283, 0xE283, 0xF428, 0xF428, 0xF428, 0xF428,
    0xF428, 0xF428, 0xF428, 0xF448, 0xF448, 0xF448, 0xF448, 0xF448, 0xF448, 0xF448, 0xF448, 0xF448, 0xF468, 0xF448, 0xF3E6, 0xF3C4,
    0xF3A4, 0xF3C4, 0xF3C4, 0xF3C4, 0xF3C4, 0xF3C4, 0xF3C4, 0xF3C4, 0xF3C4, 0xF3C4, 0xF3C4, 0xF3C4, 0xF3C4, 0xF3C4, 0xF3C4, 0xF3C4,
    0xF3C4, 0xF3C4, 0xF3C4, 0xF3C4, 0xF3C4, 0xF3C4, 0xF3C4, 0xF3C4, 0xF3C4, 0xF3A4, 0xF3C5, 0xF447, 0xF448, 0xF448, 0xF448, 0xF448,
    0xF448, 0xF448, 0xF448, 0xE408, 0xCB65, 0xD42A, 0xFFFF, 0xFFFF, 0xFFFF, 0xFFFF, 0xFFFF, 0xFFFF, 0xFFFF, 0xFFFF, 0xFFFF, 0xFFFF,
    0xFFFF, 0xFFFF, 0xFFFF, 0xFF7D, 0xD345, 0xDB23, 0xE364, 0xEBA5, 0xF428, 0xF408, 0xF408, 0xF408, 0xF408, 0xF408, 0xF408, 0xF408,
    0xF408, 0xF408, 0xF385, 0xEB44, 0xEB64, 0xEB44, 0xEB44, 0xEB44, 0xEB44, 0xEB44, 0xEB24, 0xE303, 0xD325, 0xC2E5, 0xEE56, 0xFFFF,
    0xFFFF, 0xFFFF, 0xFFFF, 0xFFFF, 0xFFFF, 0xFFFF, 0xFFFF, 0xFFFF, 0xFFFF, 0xFFFF, 0xFFFF, 0xFFFF, 0xFFFF, 0xDCCF, 0xBA01, 0xCAA4,
    0xE2C3, 0xEAE4, 0xEAE4, 0xEAC4, 0xEAC4, 0xEAC4, 0xEAC4, 0xEAC4, 0xEAA3, 0xEB26, 0xEB68, 0xEB67, 0xEB67, 0xEB67, 0xEB47, 0xEB47,
    0xEB47, 0xEB47, 0xEB47, 0xEB47, 0xEB47, 0xEB47, 0xEB47, 0xEB47, 0xEB47, 0xEB47, 0xEB47, 0xEB47, 0xEB47, 0xEB47, 0xEB47, 0xEB47,
    0xEB47, 0xEB47, 0xEB47, 0xEB47, 0xEB47, 0xEB27, 0xEAC4, 0xEA83, 0xEA83, 0xEA84, 0xEA83, 0xEA83, 0xEA83, 0xEA83, 0xEA83, 0xEA83,
    0xEA83, 0xE283, 0xE283, 0xE283, 0xE283, 0xE283, 0xE283, 0xE283, 0xF428, 0xF428, 0xF428, 0xF428, 0xF428, 0xF428, 0xF428, 0xF428,
    0xF448, 0xF448, 0xF448, 0xF448, 0xF448, 0xF448, 0xF448, 0xF448, 0xF406, 0xF3C4, 0xF3A4, 0xF3A4, 0xF3C4, 0xF3C4, 0xF3C4, 0xF3C4,
    0xF3C4, 0xF3C4, 0xF3C4, 0xF3C4, 0xF3C4, 0xF3C4, 0xF3C4, 0xF3C4, 0xF3C4, 0xF3C4, 0xF3C4, 0xF3C4, 0xF3C4, 0xF3C4, 0xF3C4, 0xF3C4,
    0xF3C4, 0xF3C4, 0xF3C4, 0xF3C4, 0xF3A4, 0xF3C5, 0xF427, 0xF448, 0xF448, 0xF448, 0xF448, 0xF448, 0xF448, 0xF448, 0xF448, 0xE407,
    0xCB86, 0xCB87, 0xF77C, 0xFFFF, 0xFFFF, 0xFFFF, 0xFFFF, 0xFFFF, 0xFFFF, 0xFFFF, 0xFFFF, 0xFFFF, 0xFFFF, 0xFFFF, 0xFFFF, 0xFFFF,
    0xE571, 0xCAA1, 0xE344, 0xEBA6, 0xEC08, 0xF408, 0xF408, 0xF408, 0xF408, 0xF408, 0xF408, 0xF408, 0xF408, 0xF408, 0xF385, 0xEB44,
    0xEB44, 0xEB44, 0xEB44, 0xEB44, 0xEB44, 0xEB44, 0xEB24, 0xDB04, 0xD2C3, 0xCB88, 0xFF9D, 0xFFFF, 0xFFFF, 0xFFFF, 0xFFFF, 0xFFFF,
    0xFFFF, 0xFFFF, 0xFFFF, 0xFFFF, 0xFFFF, 0xFFFF, 0xFFFF, 0xFFFF, 0xFFFF, 0xCB89, 0xC221, 0xD2A3, 0xE2C3, 0xEAE4, 0xEAC4, 0xEAC4,
    0xEAC4, 0xEAC4, 0xEAC4, 0xEAC4, 0xEAC3, 0xEAA3, 0xEB26, 0xEB68, 0xEB47, 0xEB47, 0xEB47, 0xEB47, 0xEB47, 0xEB47, 0xEB47, 0xEB47,
    0xEB47, 0xEB47, 0xEB47, 0xEB47, 0xEB47, 0xEB47, 0xEB47, 0xEB47, 0xEB47, 0xEB47, 0xEB47, 0xEB47, 0xEB47, 0xEB47, 0xEB47, 0xEB47,
    0xEB47, 0xEB47, 0xEB47, 0xEB06, 0xEAA4, 0xEA83, 0xEA83, 0xEA83, 0xEA83, 0xEA83, 0xEA83, 0xEA83, 0xE283, 0xE283, 0xE283, 0xE283,
    0xE283, 0xE283, 0xE283, 0xE283, 0xEC28, 0xF428, 0xF428, 0xF428, 0xF428, 0xF428, 0xF428, 0xF428, 0xF428, 0xF428, 0xF428, 0xF428,
    0xF448, 0xF448, 0xF407, 0xF3C5, 0xF3A4, 0xF3A4, 0xF3A4, 0xF3A4, 0xF3A4, 0xF3A4, 0xF3A4, 0xF3A4, 0xF3A4, 0xF3A4, 0xF3A4, 0xF3A4,
    0xF3A4, 0xF3A4, 0xF3A4, 0xF3A4, 0xF3A4, 0xF3A4, 0xF3A4, 0xF3A4, 0xF3A4, 0xF3A4, 0xF3A4, 0xF3A4, 0xF3A4, 0xF3A4, 0xF3A4, 0xF3A4,
    0xF3C5, 0xF427, 0xF448, 0xF448, 0xF448, 0xF448, 0xF448, 0xF428, 0xF428, 0xF428, 0xF448, 0xE3E7, 0xD3A7, 0xC304, 0xEE77, 0xFFFF,
    0xFFFF, 0xFFFF, 0xFFFF, 0xFFFF, 0xFFFF, 0xFFFF, 0xFFFF, 0xFFFF, 0xFFFF, 0xFFFF, 0xFFFF, 0xFFFF, 0xFF9D, 0xD366, 0xD303, 0xE3C7,
    0xEC08, 0xF407, 0xF408, 0xF408, 0xF408, 0xF408, 0xF408, 0xF408, 0xF408, 0xF408, 0xF385, 0xEB44, 0xEB44, 0xEB44, 0xEB44, 0xEB44,
    0xEB44, 0xEB24, 0xE304, 0xDB04, 0xCA41, 0xDD31, 0xFFFF, 0xFFFF, 0xFFFF, 0xFFFF, 0xFFFF, 0xFFFF, 0xFFFF, 0xFFFF, 0xFFFF, 0xFFFF,
    0xFFFF, 0xFFFF, 0xFFFF, 0xFFFF, 0xF73B, 0xBA63, 0xC263, 0xD283, 0xE2C3, 0xEAC4, 0xEAC4, 0xEAC4, 0xEAC4, 0xEAC4, 0xEAC3, 0xEAA3,
    0xEAA3, 0xEAA3, 0xEAA3, 0xEB06, 0xEB67, 0xEB47, 0xEB47, 0xEB47, 0xEB47, 0xEB47, 0xEB47, 0xEB47, 0xEB47, 0xEB47, 0xEB47, 0xEB47,
    0xEB47, 0xEB47, 0xEB47, 0xEB47, 0xEB47, 0xEB47, 0xEB47, 0xEB47, 0xEB47, 0xEB47, 0xEB47, 0xEB47, 0xEB47, 0xEB47, 0xEB47, 0xEB67,
    0xEB47, 0xEAE5, 0xEAA4, 0xEA83, 0xEA83, 0xEA83, 0xEA83, 0xE283, 0xE283, 0xE283, 0xE283, 0xE283, 0xE283, 0xE283, 0xE283, 0xE283,
    0xEC08, 0xEC08, 0xF408, 0xF428, 0xF428, 0xF428, 0xF428, 0xF428, 0xF428, 0xF428, 0xF448, 0xF448, 0xF427, 0xF3C5, 0xF384, 0xF3A4,
    0xF3A4, 0xF3A4, 0xF3A4, 0xF3A4, 0xF3A4, 0xF3A4, 0xF3A4, 0xF3A4, 0xF3A4, 0xF3A4, 0xF3A4, 0xF3A4, 0xF3A4, 0xF3A4, 0xF3A4, 0xF3A4,
    0xF3A4, 0xF3A4, 0xF3A4, 0xF3A4, 0xF3A4, 0xF3A4, 0xF3A4, 0xF3A4, 0xF3A4, 0xF3A4, 0xF3A4, 0xF3A4, 0xF427, 0xF448, 0xF428, 0xF428,
    0xF428, 0xF428, 0xF428, 0xF428, 0xF428, 0xF428, 0xF448, 0xE3E7, 0xD3A7, 0xC304, 0xD4EF, 0xFFFF, 0xFFFF, 0xFFFF, 0xFFFF, 0xFFFF,
    0xFFFF, 0xFFFF, 0xFFFF, 0xFFFF, 0xFFFF, 0xFFFF, 0xFFFF, 0xFFFF, 0xFFFF, 0xEDF4, 0xCAA2, 0xE3C7, 0xEBE7, 0xEBE7, 0xF3E8, 0xF408,
    0xF408, 0xF408, 0xF408, 0xF3E8, 0xF3E8, 0xF3E8, 0xF365, 0xEB44, 0xEB44, 0xEB44, 0xEB44, 0xEB44, 0xEB24, 0xEB24, 0xE304, 0xD2C3,
    0xCB05, 0xFF7D, 0xFFFF, 0xFFFF, 0xFFFF, 0xFFFF, 0xFFFF, 0xFFFF, 0xFFFF, 0xFFFF, 0xFFFF, 0xFFFF, 0xFFFF, 0xFFFF, 0xFFFF, 0xFFFF,
    0xE593, 0xB9E0, 0xCA83, 0xD283, 0xE2C3, 0xEAC4, 0xEAC4, 0xEAC4, 0xEAC4, 0xEAC3, 0xEAA3, 0xEAA3, 0xEAA3, 0xEAA3, 0xEAA3, 0xEA83,
    0xEB06, 0xEB67, 0xEB47, 0xEB47, 0xEB47, 0xEB47, 0xEB47, 0xEB47, 0xEB47, 0xEB47, 0xEB47, 0xEB47, 0xEB47, 0xEB47, 0xEB47, 0xEB47,
    0xEB47, 0xEB47, 0xEB47, 0xEB47, 0xEB47, 0xEB47, 0xEB47, 0xEB47, 0xEB47, 0xEB47, 0xEB47, 0xEB47, 0xEB47, 0xEB68, 0xEB47, 0xEAE5,
    0xEA83, 0xEA83, 0xEA83, 0xE283, 0xE283, 0xE283, 0xE283, 0xE283, 0xE283, 0xE283, 0xE283, 0xE283, 0xEC08, 0xEC08, 0xF408, 0xF408,
    0xF408, 0xF428, 0xF428, 0xF428, 0xF428, 0xF428, 0xF428, 0xF3E6, 0xF384, 0xF384, 0xF3A4, 0xF3A4, 0xF3A4, 0xF3A4, 0xF3A4, 0xF3A4,
    0xF3A4, 0xF3A4, 0xF3A4, 0xF3A4, 0xF3A4, 0xF3A4, 0xF3A4, 0xF3A4, 0xF3A4, 0xF3A4, 0xF3A4, 0xF3A4, 0xF3A4, 0xF3A4, 0xF3A4, 0xF3A4,
    0xF3A4, 0xF3A4, 0xF3A4, 0xF3A4, 0xF3A4, 0xF384, 0xF3A4, 0xF427, 0xF448, 0xF428, 0xF428, 0xF428, 0xF428, 0xF428, 0xF428, 0xF428,
    0xF428, 0xF428, 0xF428, 0xEC07, 0xD3A7, 0xCB46, 0xC367, 0xFF7D, 0xFFFF, 0xFFFF, 0xFFFF, 0xFFFF, 0xFFFF, 0xFFFF, 0xFFFF, 0xFFFF,
    0xFFFF, 0xFFFF, 0xFFFF, 0xFFFF, 0xFFFF, 0xFFFF, 0xDC6C, 0xD345, 0xE3C8, 0xEBE7, 0xEBE7, 0xF3E8, 0xF408, 0xF3E8, 0xF3E8, 0xF3E8,
    0xF3E8, 0xF3E8, 0xEB65, 0xEB44, 0xEB44, 0xEB44, 0xEB24, 0xEB24, 0xEB24, 0xE304, 0xDB04, 0xCA61, 0xEE15, 0xFFFF, 0xFFFF, 0xFFFF,
    0xFFFF, 0xFFFF, 0xFFFF, 0xFFFF, 0xFFFF, 0xFFFF, 0xFFFF, 0xFFFF, 0xFFFF, 0xFFFF, 0xFFFF, 0xFFFF, 0xC389, 0xBA01, 0xCA83, 0xDA83,
    0xE2C3, 0xEAC4, 0xEAC4, 0xEAC3, 0xEAA3, 0xEAA3, 0xEAA3, 0xEAA3, 0xEAA3, 0xEAA3, 0xEAA3, 0xEA83, 0xEA83, 0xEB06, 0xEB67, 0xEB47,
    0xEB47, 0xEB47, 0xEB47, 0xEB47, 0xEB47, 0xEB47, 0xEB47, 0xEB47, 0xEB47, 0xEB47, 0xEB47, 0xEB47, 0xEB47, 0xEB47, 0xEB47, 0xEB47,
    0xEB47, 0xEB47, 0xEB47, 0xEB47, 0xEB47, 0xEB47, 0xEB47, 0xEB47, 0xEB47, 0xEB47, 0xEB47, 0xEB67, 0xEB26, 0xEAA4, 0xE283, 0xE283,
    0xE283, 0xE283, 0xE283, 0xE283, 0xE283, 0xE283, 0xE283, 0xE283, 0xEC08, 0xEC08, 0xEC08, 0xF408, 0xF408, 0xF408, 0xF408, 0xF428,
    0xF428, 0xF3E6, 0xF3A4, 0xF384, 0xF384, 0xF384, 0xF384, 0xF384, 0xF384, 0xF384, 0xF384, 0xF384, 0xF384, 0xF384, 0xF384, 0xF384,
    0xF3A4, 0xF3A4, 0xF3A4, 0xF3A4, 0xF3A4, 0xF3A4, 0xF3A4, 0xF3A4, 0xF3A4, 0xF3A4, 0xF3A4, 0xF3A4, 0xF3A4, 0xF3A4, 0xF3A4, 0xF3A4,
    0xF384, 0xF3A4, 0xF427, 0xF428, 0xF428, 0xF428, 0xF428, 0xF428, 0xF428, 0xF428, 0xF428, 0xF428, 0xF428, 0xF428, 0xF428, 0xEC07,
    0xDBA7, 0xD387, 0xBAC4, 0xDDB3, 0xFFFF, 0xFFFF, 0xFFFF, 0xFFFF, 0xFFFF, 0xFFFF, 0xFFFF, 0xFFFF, 0xFFFF, 0xFFFF, 0xFFFF, 0xFFFF,
    0xFFFF, 0xFFFF, 0xFF5C, 0xD3A8, 0xDB86, 0xE3E8, 0xEBE7, 0xEBE7, 0xF3E8, 0xF3E8, 0xF3E8, 0xF3E7, 0xF3E7, 0xF3E8, 0xEB65, 0xEB24,
    0xEB24, 0xEB24, 0xEB24, 0xEB24, 0xE304, 0xDB04, 0xCA41, 0xE4EF, 0xFFFF, 0xFFFF, 0xFFFF, 0xFFFF, 0xFFFF, 0xFFFF, 0xFFFF, 0xFFFF,
    0xFFFF, 0xFFFF, 0xFFFF, 0xFFFF, 0xFFFF, 0xFFFF, 0xFFFF, 0xEE98, 0xB202, 0xC263, 0xD283, 0xDAA3, 0xE2C3, 0xEAC4, 0xEAC3, 0xEAA3,
    0xEAA3, 0xEAA3, 0xEAA3, 0xEAA3, 0xEAA3, 0xEA83, 0xEA83, 0xEA83, 0xEA83, 0xEA83, 0xEB06, 0xEB67, 0xEB47, 0xEB47, 0xEB47, 0xEB47,
    0xEB47, 0xEB47, 0xEB47, 0xEB47, 0xEB47, 0xEB47, 0xEB47, 0xEB47, 0xEB47, 0xEB47, 0xEB47, 0xEB47, 0xEB47, 0xEB47, 0xEB47, 0xEB47,
    0xEB47, 0xEB47, 0xEB47, 0xEB47, 0xEB47, 0xEB47, 0xEB47, 0xEB47, 0xEB47, 0xEB47, 0xEB06, 0xE2A4, 0xE283, 0xE283, 0xE283, 0xE283,
    0xE283, 0xE283, 0xE283, 0xE283, 0xEBE7, 0xEBE7, 0xEC08, 0xEC07, 0xEC07, 0xF408, 0xF408, 0xF3E7, 0xF3A5, 0xF364, 0xF384, 0xF384,
    0xF384, 0xF384, 0xF384, 0xF384, 0xF384, 0xF384, 0xF384, 0xF384, 0xF384, 0xF384, 0xF384, 0xF384, 0xF384, 0xF384, 0xF384, 0xF384,
    0xF384, 0xF384, 0xF384, 0xF384, 0xF384, 0xF384, 0xF384, 0xF384, 0xF384, 0xF384, 0xF384, 0xF384, 0xF3A4, 0xF407, 0xF428, 0xF428,
    0xF428, 0xF428, 0xF428, 0xF428, 0xF428, 0xF428, 0xF428, 0xF428, 0xF428, 0xF428, 0xF428, 0xEC07, 0xE3C7, 0xD387, 0xC325, 0xC388,
    0xFFBE, 0xFFFF, 0xFFFF, 0xFFFF, 0xFFFF, 0xFFFF, 0xFFFF, 0xFFFF, 0xFFFF, 0xFFFF, 0xFFFF, 0xFFFF, 0xFFFF, 0xFFFF, 0xFFFF, 0xF6B9,
    0xD346, 0xDB86, 0xE3E8, 0xEBC7, 0xEBE7, 0xEBE7, 0xEBE7, 0xF3E7, 0xF3E7, 0xF3E8, 0xEB65, 0xEB24, 0xEB24, 0xEB24, 0xEB04, 0xE324,
    0xDAE4, 0xCA41, 0xDCAE, 0xFFFF, 0xFFFF, 0xFFFF, 0xFFFF, 0xFFFF, 0xFFFF, 0xFFFF, 0xFFFF, 0xFFFF, 0xFFFF, 0xFFFF, 0xFFFF, 0xFFFF,
    0xFFFF, 0xFFFF, 0xFFFF, 0xCC4D, 0xBA02, 0xCA63, 0xD283, 0xDAA3, 0xE2A3, 0xEAC3, 0xEAA3, 0xEAA3, 0xEAA3, 0xEAA3, 0xEAA3, 0xEAA3,
    0xEAA3, 0xEA83, 0xEA83, 0xEA83, 0xEA83, 0xEA83, 0xEA83, 0xEB06, 0xEB68, 0xEB47, 0xEB47, 0xEB47, 0xEB47, 0xEB47, 0xEB47, 0xEB47,
    0xEB47, 0xEB47, 0xEB47, 0xEB47, 0xEB47, 0xEB47, 0xEB47, 0xEB47, 0xEB47, 0xEB47, 0xEB47, 0xEB47, 0xEB47, 0xEB47, 0xEB47, 0xEB47,
    0xEB47, 0xEB47, 0xEB47, 0xEB47, 0xEB47, 0xEB47, 0xEB67, 0xEB47, 0xEAE5, 0xE283, 0xE283, 0xE283, 0xE283, 0xE283, 0xE283, 0xE283,
    0xEBE7, 0xEBE7, 0xEBE7, 0xEC08, 0xEC08, 0xEBE7, 0xEBA5, 0xEB64, 0xEB64, 0xEB84, 0xF384, 0xF384, 0xF384, 0xF384, 0xF384, 0xF384,
    0xF384, 0xF384, 0xF384, 0xF384, 0xF384, 0xF384, 0xF384, 0xF384, 0xF384, 0xF384, 0xF384, 0xF384, 0xF384, 0xF384, 0xF384, 0xF384,
    0xF384, 0xF384, 0xF384, 0xF384, 0xF384, 0xF384, 0xF384, 0xF3A4, 0xF407, 0xF428, 0xF428, 0xF428, 0xF428, 0xF428, 0xF428, 0xF428,
    0xF428, 0xF428, 0xF428, 0xF428, 0xF408, 0xF408, 0xF408, 0xEC08, 0xE3C7, 0xDB87, 0xCB87, 0xBA82, 0xDD51, 0xFFFF, 0xFFFF, 0xFFFF,
    0xFFFF, 0xFFFF, 0xFFFF, 0xFFFF, 0xFFFF, 0xFFFF, 0xFFFF, 0xFFFF, 0xFFFF, 0xFFFF, 0xFFFF, 0xFFFF, 0xEE77, 0xD367, 0xDB45, 0xE3C7,
    0xEBC8, 0xEBC7, 0xEBC7, 0xEBC7, 0xEBC7, 0xEBC7, 0xEB45, 0xEB24, 0xEB24, 0xE324, 0xE304, 0xDAA2, 0xD2A2, 0xE551, 0xFFFF, 0xFFFF,
    0xFFFF, 0xFFFF, 0xFFFF, 0xFFFF, 0xFFFF, 0xFFFF, 0xFFFF, 0xFFFF, 0xFFFF, 0xFFFF, 0xFFFF, 0xFFFF, 0xFFFF, 0xFFFF, 0xEE98, 0xB284,
    0xC2C5, 0xCA63, 0xDA83, 0xE2A3, 0xE2A3, 0xEAA3, 0xEAA3, 0xEAA3, 0xEAA3, 0xEAA3, 0xEAA3, 0xEA83, 0xEA83, 0xEA83, 0xEA83, 0xEA83,
    0xEA83, 0xEA83, 0xEA83, 0xEA83, 0xEB06, 0xEB67, 0xEB47, 0xEB47, 0xEB47, 0xEB47, 0xEB47, 0xEB47, 0xEB47, 0xEB47, 0xEB47, 0xEB47,
    0xEB47, 0xEB47, 0xEB47, 0xEB47, 0xEB47, 0xEB47, 0xEB47, 0xEB47, 0xEB47, 0xEB47, 0xEB47, 0xEB47, 0xEB47, 0xEB47, 0xEB47, 0xEB47,
    0xEB47, 0xEB47, 0xEB47, 0xEB47, 0xEB47, 0xEB27, 0xE2C5, 0xE283, 0xE283, 0xE284, 0xE283, 0xE283, 0xEBE7, 0xEBE7, 0xEBE8, 0xEBE7,
    0xEBA6, 0xEB64, 0xEB64, 0xEB64, 0xEB64, 0xEB64, 0xEB64, 0xEB64, 0xEB64, 0xF384, 0xF384, 0xF384, 0xF384, 0xF384, 0xF384, 0xF384,
    0xF384, 0xF384, 0xF384, 0xF384, 0xF384, 0xF384, 0xF384, 0xF384, 0xF384, 0xF384, 0xF384, 0xF384, 0xF384, 0xF384, 0xF384, 0xF384,
    0xF384, 0xF384, 0xF384, 0xF407, 0xF428, 0xF408, 0xF428, 0xF428, 0xF428, 0xF408, 0xF408, 0xF408, 0xF408, 0xF408, 0xF408, 0xF408,
    0xF408, 0xF408, 0xF408, 0xEC07, 0xE3E7, 0xDBA7, 0xD366, 0xC2A3, 0xBAA3, 0xF71B, 0xFFFF, 0xFFFF, 0xFFFF, 0xFFFF, 0xFFFF, 0xFFFF,
    0xFFFF, 0xFFFF, 0xFFFF, 0xFFFF, 0xFFFF, 0xFFFF, 0xFFFF, 0xFFFF, 0xFFFF, 0xF71A, 0xDC6C, 0xD325, 0xDB45, 0xE386, 0xE3A7, 0xEBC7,
    0xEBC8, 0xEBC8, 0xE345, 0xE303, 0xDAC3, 0xDA82, 0xD282, 0xDBEA, 0xF6B8, 0xFFFF, 0xFFFF, 0xFFFF, 0xFFFF, 0xFFFF, 0xFFFF, 0xFFFF,
    0xFFFF, 0xFFFF, 0xFFFF, 0xFFFF, 0xFFFF, 0xFFFF, 0xFFFF, 0xFFFF, 0xFFFF, 0xFFDE, 0xC389, 0xBA64, 0xCB07, 0xD2C5, 0xDA83, 0xE2A3,
    0xEAA3, 0xEAA3, 0xEAA3, 0xEAA3, 0xEAA3, 0xEAA3, 0xEA83, 0xEA83, 0xEA83, 0xEA83, 0xEA83, 0xEA83, 0xEA83, 0xEA83, 0xEA83, 0xEA83,
    0xEA83, 0xEB06, 0xEB67, 0xEB47, 0xEB47, 0xEB47, 0xEB47, 0xEB47, 0xEB47, 0xEB47, 0xEB47, 0xEB47, 0xEB47, 0xEB47, 0xEB47, 0xEB47,
    0xEB47, 0xEB47, 0xEB47, 0xEB47, 0xEB47, 0xEB47, 0xEB47, 0xEB47, 0xEB47, 0xEB47, 0xEB47, 0xEB47, 0xEB47, 0xEB47, 0xEB47, 0xEB47,
    0xEB47, 0xEB47, 0xEB47, 0xE306, 0xE2A4, 0xE263, 0xE283, 0xE283, 0xEBE8, 0xEBE8, 0xEBA6, 0xEB64, 0xEB43, 0xEB44, 0xEB64, 0xEB64,
    0xEB64, 0xEB64, 0xEB64, 0xEB64, 0xEB64, 0xEB64, 0xF364, 0xF364, 0xF364, 0xF364, 0xF364, 0xF364, 0xF364, 0xF384, 0xF384, 0xF384,
    0xF384, 0xF384, 0xF384, 0xF384, 0xF384, 0xF384, 0xF384, 0xF384, 0xF384, 0xF384, 0xF384, 0xF384, 0xF364, 0xF384, 0xF407, 0xF428,
    0xF408, 0xF408, 0xF408, 0xF408, 0xF408, 0xF408, 0xF408, 0xF408, 0xF408, 0xF408, 0xF408, 0xF408, 0xF408, 0xF408, 0xF408, 0xF407,
    0xEBE7, 0xE3C7, 0xD325, 0xCAE3, 0xBA41, 0xCBC9, 0xFFFF, 0xFFFF, 0xFFFF, 0xFFFF, 0xFFFF, 0xFFFF, 0xFFFF, 0xFFFF, 0xFFFF, 0xFFFF,
    0xFFFF, 0xFFFF, 0xFFFF, 0xFFFF, 0xFFFF, 0xFFFF, 0xFFFF, 0xF677, 0xE4CE, 0xDBC9, 0xDB66, 0xDB46, 0xDB25, 0xDB25, 0xDAC3, 0xD2C3,
    0xDB67, 0xE48D, 0xF677, 0xFFFF, 0xFFFF, 0xFFFF, 0xFFFF, 0xFFFF, 0xFFFF, 0xFFFF, 0xFFFF, 0xFFFF, 0xFFFF, 0xFFFF, 0xFFFF, 0xFFFF,
    0xFFFF, 0xFFFF, 0xFFFF, 0xFFFF, 0xFFFF, 0xDD31, 0xB243, 0xC2E6, 0xCB06, 0xDB26, 0xE2A4, 0xE2A3, 0xEAA3, 0xEAA3, 0xEAA3, 0xEAA3,
    0xEA83, 0xEA83, 0xEA83, 0xEA83, 0xEA83, 0xEA83, 0xEA83, 0xEA83, 0xEA83, 0xEA83, 0xEA83, 0xEA83, 0xEA83, 0xEA83, 0xEB06, 0xEB67,
    0xEB47, 0xEB47, 0xEB47, 0xEB47, 0xEB47, 0xEB47, 0xEB47, 0xEB47, 0xEB47, 0xEB47, 0xEB47, 0xEB47, 0xEB47, 0xEB47, 0xEB47, 0xEB47,
    0xEB47, 0xEB47, 0xEB47, 0xEB47, 0xEB47, 0xEB47, 0xEB47, 0xEB47, 0xEB47, 0xEB47, 0xEB47, 0xEB47, 0xEB47, 0xEB47, 0xEB47, 0xE347,
    0xE347, 0xE2E6, 0xE284, 0xE263, 0xEBC7, 0xEB65, 0xEB44, 0xEB44, 0xEB44, 0xEB44, 0xEB44, 0xEB44, 0xEB44, 0xEB64, 0xEB64, 0xEB64,
    0xEB64, 0xEB64, 0xEB64, 0xF364, 0xF364, 0xF364, 0xF364, 0xF364, 0xF364, 0xF364, 0xF364, 0xF364, 0xF364, 0xF364, 0xF364, 0xF364,
    0xF364, 0xF364, 0xF364, 0xF364, 0xF364, 0xF364, 0xF364, 0xF364, 0xF384, 0xF407, 0xF408, 0xF407, 0xF408, 0xF408, 0xF408, 0xF408,
    0xF408, 0xF408, 0xF408, 0xF408, 0xF408, 0xF408, 0xF408, 0xF408, 0xF408, 0xF408, 0xF408, 0xF3E7, 0xEBE8, 0xE3A6, 0xDB03, 0xCAE3,
    0xC2C3, 0xB220, 0xDD10, 0xFFFF, 0xFFDF, 0xFFFF, 0xFFFF, 0xFFFF, 0xFFFF, 0xFFFF, 0xFFFF, 0xFFFF, 0xFFFF, 0xFFFF, 0xFFFF, 0xFFFF,
    0xFFFF, 0xFFFF, 0xFFFF, 0xFFFF, 0xFFFF, 0xFF9D, 0xF6FA, 0xF698, 0xEE56, 0xEE56, 0xF677, 0xF6D9, 0xFF9D, 0xFFFF, 0xFFFF, 0xFFFF,
    0xFFFF, 0xFFFF, 0xFFFF, 0xFFFF, 0xFFFF, 0xFFFF, 0xFFFF, 0xFFFF, 0xFFFF, 0xFFFF, 0xFFFF, 0xFFFF, 0xFFFF, 0xFFFF, 0xFFFF, 0xFFFF,
    0xEE77, 0xB264, 0xBAC5, 0xCAE6, 0xD306, 0xE347, 0xE306, 0xE283, 0xEAA3, 0xEAA3, 0xEA83, 0xEA83, 0xEA83, 0xEA83, 0xEA83, 0xEA83,
    0xEA83, 0xEA83, 0xEA83, 0xEA83, 0xEA83, 0xEA83, 0xEA83, 0xEA83, 0xEA83, 0xEA83, 0xEA83, 0xEB06, 0xEB67, 0xEB47, 0xEB47, 0xEB47,
    0xEB47, 0xEB47, 0xEB47, 0xEB47, 0xEB47, 0xEB47, 0xEB47, 0xEB47, 0xEB47, 0xEB47, 0xEB47, 0xEB47, 0xEB47, 0xEB47, 0xEB47, 0xEB47,
    0xEB47, 0xEB47, 0xEB47, 0xEB47, 0xEB47, 0xEB47, 0xEB47, 0xEB47, 0xEB47, 0xE347, 0xE347, 0xE347, 0xE347, 0xE347, 0xE327, 0xE2C5,
    0xEB24, 0xEB24, 0xEB44, 0xEB44, 0xEB44, 0xEB44, 0xEB44, 0xEB44, 0xEB44, 0xEB44, 0xEB44, 0xEB44, 0xEB64, 0xEB64, 0xEB64, 0xEB64,
    0xF364, 0xF364, 0xF364, 0xF364, 0xF364, 0xF364, 0xF364, 0xF364, 0xF364, 0xF364, 0xF364, 0xF364, 0xF364, 0xF364, 0xF364, 0xF364,
    0xF364, 0xF364, 0xF364, 0xF384, 0xF3E7, 0xF408, 0xF408, 0xF408, 0xF408, 0xF408, 0xF408, 0xF408, 0xF408, 0xF408, 0xF408, 0xF408,
    0xF408, 0xF408, 0xF408, 0xF408, 0xF408, 0xF408, 0xF408, 0xF3E8, 0xEBE8, 0xEB65, 0xE324, 0xD303, 0xCAC3, 0xC2A3, 0xB221, 0xE5F5,
    0xFFFF, 0xFFDF, 0xFFFF, 0xFFFF, 0xFFFF, 0xFFFF, 0xFFFF, 0xFFFF, 0xFFFF, 0xFFFF, 0xFFFF, 0xFFFF, 0xFFFF, 0xFFFF, 0xFFFF, 0xFFFF,
    0xFFFF, 0xFFFF, 0xFFFF, 0xFFFF, 0xFFFF, 0xFFFF, 0xFFFF, 0xFFFF, 0xFFFF, 0xFFFF, 0xFFFF, 0xFFFF, 0xFFFF, 0xFFFF, 0xFFFF, 0xFFFF,
    0xFFFF, 0xFFFF, 0xFFFF, 0xFFFF, 0xFFFF, 0xFFFF, 0xFFFF, 0xFFFF, 0xFFFF, 0xFFFF, 0xFFFF, 0xF6FA, 0xB2C5, 0xBA84, 0xC2E6, 0xD306,
    0xDB27, 0xE347, 0xE347, 0xE2C4, 0xEA83, 0xEAA4, 0xEA83, 0xEA83, 0xEA83, 0xEA83, 0xEA83, 0xEA83, 0xEA83, 0xEA83, 0xEA83, 0xEA83,
    0xEA83, 0xEA83, 0xEA83, 0xEA83, 0xEA83, 0xEA83, 0xEA83, 0xEA83, 0xEB06, 0xEB68, 0xEB47, 0xEB47, 0xEB47, 0xEB47, 0xEB47, 0xEB47,
    0xEB47, 0xEB47, 0xEB47, 0xEB47, 0xEB47, 0xEB47, 0xEB47, 0xEB47, 0xEB47, 0xEB47, 0xEB47, 0xEB47, 0xEB47, 0xEB47, 0xEB47, 0xEB47,
    0xEB47, 0xEB47, 0xEB47, 0xEB47, 0xEB47, 0xE347, 0xE347, 0xE347, 0xE347, 0xE347, 0xE347, 0xE347, 0xE324, 0xE324, 0xEB24, 0xEB44,
    0xEB44, 0xEB44, 0xEB44, 0xEB44, 0xEB44, 0xEB44, 0xEB44, 0xEB44, 0xEB44, 0xEB64, 0xEB64, 0xEB64, 0xEB64, 0xEB64, 0xEB64, 0xEB64,
    0xEB64, 0xEB64, 0xEB64, 0xF364, 0xF364, 0xF364, 0xF364, 0xF364, 0xF364, 0xF364, 0xF364, 0xF364, 0xF364, 0xF364, 0xF364, 0xF3E7,
    0xF408, 0xF408, 0xF408, 0xF408, 0xF408, 0xF408, 0xF408, 0xF408, 0xF408, 0xF408, 0xF408, 0xF408, 0xF408, 0xF408, 0xF408, 0xF408,
    0xF3E8, 0xF3E8, 0xF3E8, 0xF408, 0xEBC6, 0xEB24, 0xE324, 0xDB04, 0xD2E3, 0xCAC3, 0xBA82, 0xB262, 0xEE77, 0xFFFF, 0xFFFF, 0xFFFF,
    0xFFFF, 0xFFFF, 0xFFFF, 0xFFFF, 0xFFFF, 0xFFFF, 0xFFFF, 0xFFFF, 0xFFFF, 0xFFFF, 0xFFFF, 0xFFFF, 0xFFFF, 0xFFFF, 0xFFFF, 0xFFFF,
    0xFFFF, 0xFFFF, 0xFFFF, 0xFFFF, 0xFFFF, 0xFFFF, 0xFFFF, 0xFFFF, 0xFFFF, 0xFFFF, 0xFFFF, 0xFFFF, 0xFFFF, 0xFFFF, 0xFFFF, 0xFFFF,
    0xFFFF, 0xFFFF, 0xFFFF, 0xFFFF, 0xFFFF, 0xFFFF, 0xF71B, 0xBB07, 0xB264, 0xC2C6, 0xCAE6, 0xDB27, 0xE347, 0xE347, 0xEB67, 0xEB26,
    0xEA83, 0xEA83, 0xEA83, 0xEA83, 0xEA83, 0xEA83, 0xEA83, 0xEA83, 0xEA83, 0xEA83, 0xEA83, 0xEA83, 0xEA83, 0xEA83, 0xEA83, 0xEA83,
    0xEA83, 0xEA83, 0xEA83, 0xEA83, 0xEA83, 0xEB06, 0xEB67, 0xEB47, 0xEB47, 0xEB47, 0xEB47, 0xEB47, 0xEB47, 0xEB47, 0xEB47, 0xEB47,
    0xEB47, 0xEB47, 0xEB47, 0xEB47, 0xEB47, 0xEB47, 0xEB47, 0xEB47, 0xEB47, 0xEB47, 0xEB47, 0xEB47, 0xEB47, 0xEB47, 0xEB47, 0xEB47,
    0xE347, 0xE347, 0xE347, 0xE347, 0xE347, 0xE347, 0xE327, 0xE327, 0xE324, 0xE324, 0xE324, 0xEB24, 0xEB24, 0xEB24, 0xEB24, 0xEB24,
    0xEB44, 0xEB44, 0xEB44, 0xEB44, 0xEB44, 0xEB44, 0xEB44, 0xEB44, 0xEB44, 0xEB44, 0xEB44, 0xEB44, 0xEB64, 0xEB64, 0xEB64, 0xEB64,
    0xEB64, 0xEB64, 0xEB64, 0xEB64, 0xEB64, 0xEB64, 0xEB64, 0xEB64, 0xEB44, 0xEB64, 0xF3E7, 0xF408, 0xF408, 0xF408, 0xF408, 0xF408,
    0xF408, 0xF408, 0xF408, 0xF408, 0xF408, 0xF408, 0xF408, 0xF3E8, 0xF3E8, 0xF3E8, 0xF3E8, 0xF3E8, 0xF3E8, 0xF3E8, 0xF3E8, 0xF3E7,
    0xEB64, 0xEB44, 0xEB24, 0xE324, 0xDB03, 0xD2C3, 0xC2A3, 0xBA62, 0xB283, 0xEE98, 0xFFFF, 0xFFDF, 0xFFFF, 0xFFFF, 0xFFFF, 0xFFFF,
    0xFFFF, 0xFFFF, 0xFFFF, 0xFFFF, 0xFFFF, 0xFFFF, 0xFFFF, 0xFFFF, 0xFFFF, 0xFFFF, 0xFFFF, 0xFFFF, 0xFFFF, 0xFFFF, 0xFFFF, 0xFFFF,
    0xFFFF, 0xFFFF, 0xFFFF, 0xFFFF, 0xFFFF, 0xFFFF, 0xFFFF, 0xFFFF, 0xFFFF, 0xFFFF, 0xFFFF, 0xFFFF, 0xFFFF, 0xFFFF, 0xFFFF, 0xFFFF,
    0xFFFF, 0xF71B, 0xBB07, 0xB244, 0xC2C6, 0xCAE6, 0xD306, 0xDB27, 0xE347, 0xEB47, 0xEB47, 0xEB47, 0xEAC5, 0xEA83, 0xEA83, 0xEA83,
    0xEA83, 0xEA83, 0xEA83, 0xEA83, 0xEA83, 0xEA83, 0xEA83, 0xEA83, 0xEA83, 0xEA83, 0xEA83, 0xEA83, 0xEA83, 0xEA83, 0xEA83, 0xEA83,
    0xEA83, 0xEA83, 0xEB06, 0xEB67, 0xEB47, 0xEB47, 0xEB47, 0xEB47, 0xEB47, 0xEB47, 0xEB47, 0xEB47, 0xEB47, 0xEB47, 0xEB47, 0xEB47,
    0xEB47, 0xEB47, 0xEB47, 0xEB47, 0xEB47, 0xEB47, 0xEB47, 0xEB47, 0xEB47, 0xEB47, 0xEB47, 0xE347, 0xE347, 0xE347, 0xE347, 0xE347,
    0xE347, 0xE347, 0xE327, 0xE327, 0xE324, 0xE324, 0xE324, 0xEB24, 0xEB24, 0xEB24, 0xEB24, 0xEB24, 0xEB24, 0xEB24, 0xEB44, 0xEB44,
    0xEB44, 0xEB44, 0xEB44, 0xEB44, 0xEB44, 0xEB44, 0xEB44, 0xEB44, 0xEB44, 0xEB44, 0xEB44, 0xEB44, 0xEB44, 0xEB44, 0xEB44, 0xEB44,
    0xEB44, 0xEB44, 0xEB44, 0xEB44, 0xEB64, 0xF3E7, 0xF408, 0xF3E8, 0xF3E8, 0xF3E8, 0xF3E8, 0xF3E8, 0xF3E8, 0xF3E8, 0xF3E8, 0xF3E8,
    0xF3E8, 0xF3E8, 0xF3E8, 0xF3E8, 0xF3E8, 0xF3E8, 0xF3E8, 0xF3E8, 0xF3E7, 0xF3E7, 0xF3E8, 0xEB86, 0xEB23, 0xEB44, 0xEB44, 0xEB24,
    0xE304, 0xDAE3, 0xCAC3, 0xC2A3, 0xBA62, 0xB262, 0xE5F5, 0xFFFF, 0xFFFF, 0xFFFF, 0xFFFF, 0xFFFF, 0xFFFF, 0xFFFF, 0xFFFF, 0xFFFF,
    0xFFFF, 0xFFFF, 0xFFFF, 0xFFFF, 0xFFFF, 0xFFFF, 0xFFFF, 0xFFFF, 0xFFFF, 0xFFFF, 0xFFFF, 0xFFFF, 0xFFFF, 0xFFFF, 0xFFFF, 0xFFFF,
    0xFFFF, 0xFFFF, 0xFFFF, 0xFFFF, 0xFFFF, 0xFFFF, 0xFFFF, 0xFFFF, 0xFFFF, 0xFFFF, 0xFFFF, 0xFFFF, 0xEE78, 0xB2C6, 0xB244, 0xC2C6,
    0xCAE6, 0xD306, 0xDB27, 0xE347, 0xE347, 0xEB47, 0xEB47, 0xEB47, 0xEB47, 0xEA84, 0xEA83, 0xEA83, 0xEA83, 0xEA83, 0xEA83, 0xEA83,
    0xEA83, 0xEA83, 0xEA83, 0xEA83, 0xEA83, 0xEA83, 0xEA83, 0xEA83, 0xEA83, 0xEA83, 0xEA83, 0xEA83, 0xEA83, 0xEA83, 0xEA83, 0xEB06,
    0xEB67, 0xEB47, 0xEB47, 0xEB47, 0xEB47, 0xEB47, 0xEB47, 0xEB47, 0xEB47, 0xEB47, 0xEB47, 0xEB47, 0xEB47, 0xEB47, 0xEB47, 0xEB47,
    0xEB47, 0xEB47, 0xEB47, 0xEB47, 0xEB47, 0xEB47, 0xEB47, 0xE347, 0xE347, 0xE347, 0xE347, 0xE347, 0xE327, 0xE327, 0xE327, 0xE327,
    0xE304, 0xE304, 0xE304, 0xE304, 0xEB24, 0xEB24, 0xEB24, 0xEB24, 0xEB24, 0xEB24, 0xEB24, 0xEB24, 0xEB24, 0xEB24, 0xEB44, 0xEB44,
    0xEB44, 0xEB44, 0xEB44, 0xEB44, 0xEB44, 0xEB44, 0xEB44, 0xEB44, 0xEB44, 0xEB44, 0xEB44, 0xEB44, 0xEB44, 0xEB44, 0xEB44, 0xEB64,
    0xF3E7, 0xF3E8, 0xF3E8, 0xF3E8, 0xF3E8, 0xF3E8, 0xF3E8, 0xF3E8, 0xF3E8, 0xF3E7, 0xF3E7, 0xF3E7, 0xF3E7, 0xF3E7, 0xF3E7, 0xF3E7,
    0xF3E7, 0xF3E7, 0xF3E7, 0xF3E7, 0xF3E7, 0xF3E8, 0xF3C7, 0xEB44, 0xEB44, 0xEB24, 0xEB24, 0xEB24, 0xE324, 0xE304, 0xD2E3, 0xCAA3,
    0xC2A3, 0xBA62, 0xB221, 0xD510, 0xFFFF, 0xFFFF, 0xFFFF, 0xFFFF, 0xFFFF, 0xFFFF, 0xFFFF, 0xFFFF, 0xFFFF, 0xFFFF, 0xFFFF, 0xFFFF,
    0xFFFF, 0xFFFF, 0xFFFF, 0xFFFF, 0xFFFF, 0xFFFF, 0xFFFF, 0xFFFF, 0xFFFF, 0xFFFF, 0xFFFF, 0xFFFF, 0xFFFF, 0xFFFF, 0xFFFF, 0xFFFF,
    0xFFFF, 0xFFFF, 0xFFFF, 0xFFFF, 0xFFFF, 0xFFFF, 0xFFFF, 0xDD52, 0xB264, 0xB264, 0xC2C6, 0xCAC6, 0xD306, 0xDB27, 0xE327, 0xEB47,
    0xEB47, 0xEB47, 0xEB47, 0xEB47, 0xEB67, 0xEAE5, 0xEA83, 0xEA83, 0xEA83, 0xEA83, 0xEA83, 0xEA83, 0xEA83, 0xEA83, 0xEA83, 0xEA83,
    0xEA83, 0xEA83, 0xEA83, 0xEA83, 0xEA83, 0xEA83, 0xEA83, 0xEA83, 0xEA83, 0xEA83, 0xEA83, 0xEA83, 0xEB06, 0xEB67, 0xEB47, 0xEB47,
    0xEB47, 0xEB47, 0xEB47, 0xEB47, 0xEB47, 0xEB47, 0xEB47, 0xEB47, 0xEB47, 0xEB47, 0xEB47, 0xEB47, 0xEB47, 0xEB47, 0xEB47, 0xEB47,
    0xEB47, 0xEB47, 0xE347, 0xE347, 0xE347, 0xE347, 0xE347, 0xE347, 0xE327, 0xE327, 0xE327, 0xE327, 0xE304, 0xE304, 0xE304, 0xE304,
    0xE304, 0xEB24, 0xEB24, 0xEB24, 0xEB24, 0xEB24, 0xEB24, 0xEB24, 0xEB24, 0xEB24, 0xEB24, 0xEB24, 0xEB24, 0xEB44, 0xEB44, 0xEB44,
    0xEB44, 0xEB44, 0xEB44, 0xEB44, 0xEB44, 0xEB44, 0xEB44, 0xEB44, 0xEB44, 0xEB44, 0xEB44, 0xF3C7, 0xF3E8, 0xF3E7, 0xF3E7, 0xF3E7,
    0xF3E7, 0xF3E7, 0xF3E7, 0xF3E7, 0xF3E7, 0xF3E7, 0xF3E7, 0xF3E7, 0xF3E7, 0xF3E7, 0xF3E7, 0xF3E7, 0xF3E7, 0xF3E7, 0xF3E7, 0xF3E7,
    0xF3C7, 0xF3E8, 0xEB65, 0xEB24, 0xEB24, 0xEB24, 0xEB24, 0xEB24, 0xEB24, 0xE304, 0xDAE3, 0xD2E3, 0xCAA3, 0xC2A3, 0xBA63, 0xB1E0,
    0xC389, 0xF6FA, 0xFFFF, 0xFFFF, 0xFFFF, 0xFFFF, 0xFFFF, 0xFFFF, 0xFFFF, 0xFFFF, 0xFFFF, 0xFFFF, 0xFFFF, 0xFFFF, 0xFFFF, 0xFFFF,
    0xFFFF, 0xFFFF, 0xFFFF, 0xFFFF, 0xFFFF, 0xFFFF, 0xFFFF, 0xFFFF, 0xFFFF, 0xFFFF, 0xFFFF, 0xFFFF, 0xFFFF, 0xFFFF, 0xFFFF, 0xFFFF,
    0xFFFF, 0xF6FA, 0xC3CA, 0xAA22, 0xBAA5, 0xC2C6, 0xCAE6, 0xD306, 0xDB27, 0xE327, 0xE347, 0xEB47, 0xEB47, 0xEB47, 0xEB47, 0xEB47,
    0xEB47, 0xEB47, 0xEAA4, 0xEA83, 0xEA83, 0xEA83, 0xEA83, 0xEA83, 0xEA83, 0xEA83, 0xEA83, 0xEA83, 0xEA83, 0xEA83, 0xEA83, 0xEA83,
    0xEA83, 0xEA83, 0xEA83, 0xEA83, 0xEA83, 0xEA83, 0xEA83, 0xEA83, 0xEA83, 0xEB06, 0xEB68, 0xEB47, 0xEB47, 0xEB47, 0xEB47, 0xEB47,
    0xEB47, 0xEB47, 0xEB47, 0xEB47, 0xEB47, 0xEB47, 0xEB47, 0xEB47, 0xEB47, 0xEB47, 0xEB47, 0xEB47, 0xEB47, 0xE347, 0xE347, 0xE347,
    0xE347, 0xE347, 0xE347, 0xE327, 0xE327, 0xE327, 0xE327, 0xE327, 0xE304, 0xE304, 0xE304, 0xE304, 0xE304, 0xE304, 0xE304, 0xE324,
    0xEB24, 0xEB24, 0xEB24, 0xEB24, 0xEB24, 0xEB24, 0xEB24, 0xEB24, 0xEB24, 0xEB24, 0xEB24, 0xEB24, 0xEB24, 0xEB24, 0xEB44, 0xEB44,
    0xEB44, 0xEB44, 0xEB44, 0xEB44, 0xEB24, 0xEB44, 0xF3C7, 0xF3E8, 0xF3E7, 0xF3E7, 0xF3E7, 0xF3E7, 0xF3E7, 0xF3E7, 0xF3E7, 0xF3E7,
    0xF3E7, 0xF3E7, 0xF3E7, 0xF3E7, 0xF3C7, 0xF3C7, 0xF3C7, 0xF3C7, 0xF3C7, 0xF3C7, 0xF3C7, 0xF3C7, 0xF3E8, 0xEBA6, 0xEB24, 0xEB24,
    0xEB24, 0xEB24, 0xEB24, 0xEB24, 0xEB24, 0xEB04, 0xE304, 0xDAE4, 0xD2C3, 0xCAA3, 0xC283, 0xBA83, 0xB201, 0xB242, 0xD4CF, 0xFF7D,
    0xFFFF, 0xFFFF, 0xFFFF, 0xFFFF, 0xFFFF, 0xFFFF, 0xFFFF, 0xFFFF, 0xFFFF, 0xFFFF, 0xFFFF, 0xFFFF, 0xFFFF, 0xFFFF, 0xFFFF, 0xFFFF,
    0xFFFF, 0xFFFF, 0xFFFF, 0xFFFF, 0xFFFF, 0xFFFF, 0xFFFF, 0xFFFF, 0xFFFF, 0xFFFF, 0xFFFF, 0xF75C, 0xD48E, 0xB264, 0xB243, 0xBAC5,
    0xC2C6, 0xCAC6, 0xD306, 0xDB27, 0xE327, 0xE347, 0xEB47, 0xEB47, 0xEB47, 0xEB47, 0xEB47, 0xEB47, 0xEB47, 0xEB67, 0xEB06, 0xEA83,
    0xEA83, 0xEA83, 0xEA83, 0xEA83, 0xEA83, 0xEA83, 0xEA83, 0xEA83, 0xEA83, 0xEA83, 0xEA83, 0xEA83, 0xEA83, 0xEA83, 0xEA83, 0xEA83,
    0xEA83, 0xEA83, 0xEA83, 0xEA83, 0xEA83, 0xEA83, 0xEB06, 0xEB67, 0xEB47, 0xEB47, 0xEB47, 0xEB47, 0xEB47, 0xEB47, 0xEB47, 0xEB47,
    0xEB47, 0xEB47, 0xEB47, 0xEB47, 0xEB47, 0xEB47, 0xEB47, 0xEB47, 0xE347, 0xE347, 0xE347, 0xE347, 0xE347, 0xE347, 0xE327, 0xE327,
    0xE327, 0xE327, 0xE327, 0xE327, 0xE2E4, 0xE2E4, 0xE304, 0xE304, 0xE304, 0xE304, 0xE304, 0xE304, 0xE304, 0xEB04, 0xEB04, 0xEB04,
    0xEB04, 0xEB24, 0xEB24, 0xEB24, 0xEB24, 0xEB24, 0xEB24, 0xEB24, 0xEB24, 0xEB24, 0xEB24, 0xEB24, 0xEB24, 0xEB24, 0xEB24, 0xEB24,
    0xEB44, 0xF3C7, 0xF3E8, 0xF3C7, 0xF3C7, 0xF3C7, 0xF3C7, 0xF3C7, 0xF3C7, 0xF3C7, 0xF3C7, 0xF3C7, 0xF3C7, 0xF3C7, 0xF3C7, 0xF3C7,
    0xF3C7, 0xF3C7, 0xF3C7, 0xF3C7, 0xF3C7, 0xF3C7, 0xF3C7, 0xEBC7, 0xEBC8, 0xEB44, 0xEB24, 0xEB24, 0xEB24, 0xEB24, 0xEB24, 0xEB24,
    0xEB24, 0xEB04, 0xEB04, 0xE304, 0xDAE3, 0xDAC3, 0xCAA3, 0xC283, 0xBA83, 0xB242, 0xA9E0, 0xBB06, 0xDD52, 0xF75C, 0xFFFF, 0xFFFF,
    0xFFFF, 0xFFFF, 0xFFFF, 0xFFFF, 0xFFFF, 0xFFFF, 0xFFFF, 0xFFFF, 0xFFFF, 0xFFFF, 0xFFFF, 0xFFFF, 0xFFFF, 0xFFFF, 0xFFFF, 0xFFFF,
    0xFFFF, 0xFFFF, 0xFFFF, 0xFFFF, 0xFFFF, 0xEED9, 0xD48E, 0xB243, 0xA9A0, 0xB243, 0xBAC6, 0xC2C6, 0xCAE6, 0xD306, 0xDB27, 0xE327,
    0xE347, 0xEB47, 0xEB47, 0xEB47, 0xEB47, 0xEB47, 0xEB47, 0xEB47, 0xEB47, 0xEB47, 0xEB67, 0xEAC4, 0xEA83, 0xEA84, 0xEA83, 0xEA83,
    0xEA83, 0xEA83, 0xEA83, 0xEA83, 0xEA83, 0xEA83, 0xEA83, 0xEA83, 0xEA83, 0xEA83, 0xEA83, 0xEA83, 0xEA83, 0xEA83, 0xEA83, 0xEA83,
    0xEA83, 0xEA83, 0xEA83, 0xEB06, 0xEB67, 0xEB47, 0xEB47, 0xEB47, 0xEB47, 0xEB47, 0xEB47, 0xEB47, 0xEB47, 0xEB47, 0xEB47, 0xEB47,
    0xEB47, 0xEB47, 0xEB47, 0xE347, 0xE347, 0xE347, 0xE347, 0xE347, 0xE347, 0xE347, 0xE327, 0xE327, 0xE327, 0xE327, 0xE327, 0xE327,
    0xE2E4, 0xE2E4, 0xE304, 0xE304, 0xE304, 0xE304, 0xE304, 0xE304, 0xE304, 0xE304, 0xEB04, 0xEB04, 0xEB04, 0xEB04, 0xEB04, 0xEB24,
    0xEB24, 0xEB24, 0xEB24, 0xEB24, 0xEB24, 0xEB24, 0xEB24, 0xEB24, 0xEB24, 0xEB24, 0xEB24, 0xEB44, 0xEBA7, 0xEBE8, 0xF3C7, 0xF3C7,
    0xF3C7, 0xF3C7, 0xF3C7, 0xEBC7, 0xEBC7, 0xEBC7, 0xEBC7, 0xEBC7, 0xEBC7, 0xEBC7, 0xEBC7, 0xEBC7, 0xEBC7, 0xEBC7, 0xEBC7, 0xEBC7,
    0xEBC7, 0xEBC7, 0xEBC7, 0xEBE8, 0xEB86, 0xEB04, 0xEB24, 0xEB24, 0xEB24, 0xEB24, 0xEB24, 0xEB04, 0xEB04, 0xEB04, 0xEB04, 0xEB04,
    0xE2E4, 0xDAE3, 0xDAC3, 0xD2A3, 0xCA83, 0xC263, 0xBAA4, 0xBAA4, 0xB242, 0xBAE6, 0xCC8E, 0xEE98, 0xFF9D, 0xFFFF, 0xFFFF, 0xFFFF,
    0xFFFF, 0xFFFF, 0xFFFF, 0xFFFF, 0xFFFF, 0xFFFF, 0xFFFF, 0xFFFF, 0xFFFF, 0xFFFF, 0xFFFF, 0xFFFF, 0xFFFF, 0xFFFF, 0xF71B, 0xDD93,
    0xC389, 0xB202, 0xA9A0, 0xB202, 0xBA23, 0xC243, 0xCAE6, 0xD2E6, 0xDB06, 0xDB27, 0xE327, 0xE347, 0xEB47, 0xEB47, 0xEB47, 0xEB47,
    0xEB47, 0xEB47, 0xEB47, 0xEB47, 0xEB47, 0xEB47, 0xEB47, 0xEB26, 0xEA83, 0xEA83, 0xEA83, 0xEA83, 0xEA83, 0xEA83, 0xEA83, 0xEA83,
    0xEA83, 0xEA83, 0xEA83, 0xEA83, 0xEA83, 0xEA83, 0xEA83, 0xEA83, 0xEA83, 0xEA83, 0xEA83, 0xEA83, 0xEA83, 0xEA83, 0xEA83, 0xEA83,
    0xEB06, 0xEB67, 0xEB47, 0xEB47, 0xEB47, 0xEB47, 0xEB47, 0xEB47, 0xEB47, 0xEB47, 0xEB47, 0xEB47, 0xEB47, 0xEB47, 0xE347, 0xE347,
    0xE347, 0xE347, 0xE347, 0xE347, 0xE347, 0xE327, 0xE327, 0xE327, 0xE327, 0xE327, 0xE327, 0xE327, 0xE2E4, 0xE2E4, 0xE2E4, 0xE2E4,
    0xE2E4, 0xE2E4, 0xE2E4, 0xE2E4, 0xE304, 0xE304, 0xEB04, 0xEB04, 0xEB04, 0xEB04, 0xEB04, 0xEB04, 0xEB04, 0xEB04, 0xEB04, 0xEB04,
    0xEB24, 0xEB24, 0xEB24, 0xEB24, 0xEB24, 0xEB24, 0xEB24, 0xEBC7, 0xEBC8, 0xEBC7, 0xEBC7, 0xEBC7, 0xEBC7, 0xEBC7, 0xEBC7, 0xEBC7,
    0xEBC7, 0xEBC7, 0xEBC7, 0xEBC7, 0xEBC7, 0xEBC7, 0xEBC7, 0xEBC7, 0xEBC7, 0xEBC7, 0xEBC7, 0xEBC7, 0xEBC7, 0xEBC7, 0xEBC8, 0xEBC7,
    0xEB24, 0xEB04, 0xEB04, 0xEB04, 0xEB04, 0xEB04, 0xEB04, 0xEB04, 0xEB04, 0xEB04, 0xEB04, 0xEB04, 0xEB04, 0xE2E4, 0xE2E4, 0xDAC3,
    0xD2A3, 0xCA83, 0xCAC5, 0xC306, 0xBAE6, 0xBAA4, 0xB243, 0xB243, 0xBB27, 0xCC6D, 0xDD73, 0xEE77, 0xF73B, 0xFFBE, 0xFFFF, 0xFFFF,
    0xFFFF, 0xFFFF, 0xFFFF, 0xFFFF, 0xFFBE, 0xF73C, 0xEE98, 0xE593, 0xD48E, 0xC348, 0xB223, 0xA9A0, 0xA9C0, 0xB202, 0xBA23, 0xBA23,
    0xC223, 0xCA43, 0xD2E6, 0xDB07, 0xE327, 0xE327, 0xE347, 0xEB47, 0xEB47, 0xEB47, 0xEB47, 0xEB47, 0xEB47, 0xEB47, 0xEB47, 0xEB47,
    0xEB47, 0xEB47, 0xEB47, 0xEB67, 0xEAE5, 0xEA83, 0xEA83, 0xEA83, 0xEA83, 0xEA83, 0xEA83, 0xEA83, 0xEA83, 0xEA83, 0xEA83, 0xEA83,
    0xEA83, 0xEA83, 0xEA83, 0xEA83, 0xEA83, 0xEA83, 0xEA83, 0xEA83, 0xEA83, 0xEA83, 0xEA83, 0xEA83, 0xEA83, 0xEB06, 0xEB67, 0xEB47,
    0xEB47, 0xEB47, 0xEB47, 0xEB47, 0xEB47, 0xEB47, 0xEB47, 0xEB47, 0xEB47, 0xE347, 0xE347, 0xE347, 0xE347, 0xE347, 0xE347, 0xE327,
    0xE327, 0xE327, 0xE327, 0xE327, 0xE327, 0xE327, 0xE327, 0xE327, 0xE2E4, 0xE2E4, 0xE2E4, 0xE2E4, 0xE2E4, 0xE2E4, 0xE2E4, 0xE2E4,
    0xE2E4, 0xE304, 0xE304, 0xE304, 0xE304, 0xEB04, 0xEB04, 0xEB04, 0xEB04, 0xEB04, 0xEB04, 0xEB04, 0xEB04, 0xEB04, 0xEB24, 0xEB24,
    0xEB04, 0xEB24, 0xEBA7, 0xEBC8, 0xEBC7, 0xEBC7, 0xEBC7, 0xEBC7, 0xEBC7, 0xEBC7, 0xEBC7, 0xEBC7, 0xEBC7, 0xEBC7, 0xEBC7, 0xEBC7,
    0xEBC7, 0xEBC7, 0xEBC7, 0xEBC7, 0xEBC7, 0xEBC7, 0xEBC7, 0xEBC7, 0xEBC7, 0xEBC7, 0xEBC8, 0xEB65, 0xEB03, 0xEB04, 0xEB04, 0xEB04,
    0xEB04, 0xEB04, 0xEB04, 0xEB04, 0xEB04, 0xEB04, 0xEB04, 0xEB04, 0xEB04, 0xEAE4, 0xE2E4, 0xE2E4, 0xDAC3, 0xDAC3, 0xD326, 0xCB26,
    0xCAE6, 0xC2E6, 0xC2E6, 0xBAC5, 0xB284, 0xB243, 0xAA22, 0xB243, 0xB2A5, 0xBB06, 0xBB48, 0xC389, 0xC38A, 0xC3AA, 0xC348, 0xBB06,
    0xBAA5, 0xB243, 0xB1E1, 0xA9A0, 0xA9A0, 0xB1C1, 0xB202, 0xBA23, 0xBA23, 0xC223, 0xC243, 0xCA43, 0xD263, 0xD243, 0xDAE6, 0xE347,
    0xE327, 0xEB47, 0xEB47, 0xEB47, 0xEB47, 0xEB47, 0xEB47, 0xEB47, 0xEB47, 0xEB47, 0xEB47, 0xEB47, 0xEB47, 0xEB47, 0xEB47, 0xEB47,
    0xEB47, 0xEA83, 0xEA83, 0xEA83, 0xEA83, 0xEA83, 0xEA83, 0xEA83, 0xEA83, 0xEA83, 0xEA83, 0xEA83, 0xEA83, 0xEA83, 0xEA83, 0xEA83,
    0xEA83, 0xEA83, 0xEA83, 0xEA83, 0xEA83, 0xEA83, 0xEA83, 0xEA83, 0xEA83, 0xEA83, 0xEB06, 0xEB68, 0xEB47, 0xEB47, 0xEB47, 0xEB47,
    0xEB47, 0xEB47, 0xEB47, 0xEB47, 0xEB47, 0xE347, 0xE347, 0xE347, 0xE347, 0xE347, 0xE347, 0xE327, 0xE327, 0xE327, 0xE327, 0xE327,
    0xE327, 0xE327, 0xE327, 0xE327, 0xE2C3, 0xE2C3, 0xE2E4, 0xE2E4, 0xE2E4, 0xE2E4, 0xE2E4, 0xE2E4, 0xE2E4, 0xE2E4, 0xE2E4, 0xE2E4,
    0xE2E4, 0xE304, 0xE304, 0xEB04, 0xEB04, 0xEB04, 0xEB04, 0xEB04, 0xEB04, 0xEB04, 0xEB04, 0xEB04, 0xEB24, 0xEBA7, 0xEBC8, 0xEBC7,
    0xEBC7, 0xEBC7, 0xEBC7, 0xEBC7, 0xEBC7, 0xEBC7, 0xEBC7, 0xEBC7, 0xEBC7, 0xEBC7, 0xEBC7, 0xEBC7, 0xEBC7, 0xEBC7, 0xEBC7, 0xEBC7,
    0xEBA7, 0xEBA7, 0xEBA7, 0xEBA7, 0xEBA7, 0xEBC8, 0xEB87, 0xEB04, 0xEB04, 0xEB04, 0xEB04, 0xEB04, 0xEB04, 0xEB04, 0xEB04, 0xEB04,
    0xEB04, 0xEB04, 0xEB04, 0xEAE4, 0xEAE4, 0xEAE4, 0xEAE4, 0xE2E4, 0xE2C3, 0xE2E4, 0xE367, 0xDB47, 0xD326, 0xD326, 0xCB06, 0xC2E6,
    0xC2E6, 0xC2E6, 0xBAC5, 0xBAA5, 0xBA85, 0xB284, 0xB263, 0xB243, 0xB243, 0xB243, 0xB1E1, 0xB1E1, 0xB1E1, 0xB202, 0xB222, 0xBA43,
    0xBA43, 0xBA43, 0xC223, 0xC243, 0xC243, 0xCA43, 0xD263, 0xD263, 0xDA63, 0xDA63, 0xE2C5, 0xEB47, 0xEB47, 0xEB47, 0xEB47, 0xEB47,
    0xEB47, 0xEB47, 0xEB47, 0xEB47, 0xEB47, 0xEB47, 0xEB47, 0xEB47, 0xEB47, 0xEB47, 0xEB47, 0xEB47, 0xEB68, 0xEAE5, 0xEA83, 0xEA84,
    0xEA83, 0xEA83, 0xEA83, 0xEA83, 0xEA83, 0xEA83, 0xEA83, 0xEA83, 0xEA83, 0xEA83, 0xEA83, 0xEA83, 0xEA83, 0xEA83, 0xEA83, 0xEA83,
    0xEA83, 0xEA83, 0xEA83, 0xEA83, 0xEA83, 0xE283, 0xE283, 0xEB06, 0xEB67, 0xEB47, 0xEB47, 0xEB47, 0xEB47, 0xEB47, 0xEB47, 0xE347,
    0xE347, 0xE347, 0xE347, 0xE347, 0xE347, 0xE347, 0xE327, 0xE327, 0xE327, 0xE327, 0xE327, 0xE327, 0xE327, 0xE327, 0xE327, 0xE327,
    0xE2C3, 0xE2C3, 0xE2C4, 0xE2C4, 0xE2C4, 0xE2E4, 0xE2E4, 0xE2E4, 0xE2E4, 0xE2E4, 0xE2E4, 0xE2E4, 0xE2E4, 0xE2E4, 0xE2E4, 0xEAE4,
    0xEAE4, 0xEAE4, 0xEB04, 0xEB04, 0xEB04, 0xEB04, 0xEAE3, 0xEB04, 0xEBA7, 0xEBC8, 0xEBA7, 0xEBA7, 0xEBA7, 0xEBA7, 0xEBA7, 0xEBA7,
    0xEBA7, 0xEBA7, 0xEBA7, 0xEBA7, 0xEBA7, 0xEBA7, 0xEBA7, 0xEBA7, 0xEBA7, 0xEBA7, 0xEBA7, 0xEBA7, 0xEBA7, 0xEBA7, 0xEBA7, 0xEBA7,
    0xEBA7, 0xEBA8, 0xEB25, 0xEAE3, 0xEB04, 0xEB04, 0xEB04, 0xEB04, 0xEB04, 0xEB04, 0xEB04, 0xEAE4, 0xEAE4, 0xEAE4, 0xEAE4, 0xEAE4,
    0xEAE4, 0xEAE4, 0xEAE4, 0xEAE4, 0xEAC3, 0xEB25, 0xEB87, 0xE367, 0xE367, 0xDB47, 0xD327, 0xD326, 0xCB06, 0xCB06, 0xCAE6, 0xC2E6,
    0xC2C6, 0xC2C6, 0xC2C6, 0xC2C6, 0xC2C6, 0xC2C6, 0xBA63, 0xBA43, 0xBA43, 0xC243, 0xC243, 0xC243, 0xC243, 0xCA43, 0xCA43, 0xD263,
    0xD263, 0xDA63, 0xDA63, 0xDA83, 0xE283, 0xE283, 0xE2A4, 0xEB47, 0xEB47, 0xEB47, 0xEB47, 0xEB47, 0xEB47, 0xEB47, 0xEB47, 0xEB47,
    0xEB47, 0xEB47, 0xEB47, 0xEB47, 0xEB47, 0xEB47, 0xEB47, 0xEB47, 0xEB47, 0xEB47, 0xEAA4, 0xEA83, 0xEA83, 0xEA83, 0xEA83, 0xEA83,
    0xEA83, 0xEA83, 0xEA83, 0xEA83, 0xEA83, 0xEA83, 0xEA83, 0xEA83, 0xEA83, 0xEA83, 0xEA83, 0xEA83, 0xEA83, 0xEA83, 0xEA83, 0xEA83,
    0xEA83, 0xE283, 0xE283, 0xE283, 0xEB06, 0xEB48, 0xEB47, 0xEB47, 0xEB47, 0xEB47, 0xE347, 0xE347, 0xE347, 0xE347, 0xE347, 0xE347,
    0xE347, 0xE327, 0xE327, 0xE327, 0xE327, 0xE327, 0xE327, 0xE327, 0xE327, 0xE327, 0xE327, 0xE327, 0xDAC3, 0xDAC3, 0xE2C3, 0xE2C3,
    0xE2C4, 0xE2C4, 0xE2C4, 0xE2E4, 0xE2E4, 0xE2E4, 0xE2E4, 0xE2E4, 0xE2E4, 0xE2E4, 0xE2E4, 0xE2E4, 0xE2E4, 0xEAE4, 0xEAE4, 0xEAE4,
    0xEB04, 0xEAE4, 0xEB04, 0xEB87, 0xEBA8, 0xEBA7, 0xEBA7, 0xEBA7, 0xEBA7, 0xEBA7, 0xEBA7, 0xEBA7, 0xEBA7, 0xEBA7, 0xEBA7, 0xEBA7,
    0xEBA7, 0xEBA7, 0xEBA7, 0xEBA7, 0xEBA7, 0xEBA7, 0xEBA7, 0xEBA7, 0xEBA7, 0xEBA7, 0xEBA7, 0xEBA7, 0xEBA8, 0xEB66, 0xEAE4, 0xEB04,
    0xEB04, 0xEB04, 0xEAE4, 0xEAE4, 0xEAE4, 0xEAE4, 0xEAE4, 0xEAE4, 0xEAE4, 0xEAE4, 0xEAE4, 0xEAE4, 0xEAE4, 0xEAE4, 0xEAE4, 0xEAE4,
    0xEAE3, 0xEB66, 0xEB87, 0xEB67, 0xE367, 0xE367, 0xE347, 0xDB47, 0xDB27, 0xD326, 0xD306, 0xD306, 0xCB06, 0xCAE6, 0xCAE6, 0xCAE6,
    0xCAE6, 0xCAE6, 0xCA63, 0xCA43, 0xCA43, 0xCA43, 0xCA43, 0xCA43, 0xD263, 0xD263, 0xD263, 0xDA63, 0xDA63, 0xE283, 0xE283, 0xE283,
    0xE283, 0xE283, 0xE283, 0xEB27, 0xEB47, 0xEB47, 0xEB47, 0xEB47, 0xEB47, 0xEB47, 0xEB47, 0xEB47, 0xEB47, 0xEB47, 0xEB47, 0xEB47,
    0xEB47, 0xEB47, 0xEB47, 0xEB47, 0xEB47, 0xEB67, 0xEB06, 0xEA83, 0xEA83, 0xEA83, 0xEA83, 0xEA83, 0xEA83, 0xEA83, 0xEA83, 0xEA83,
    0xEA83, 0xEA83, 0xEA83, 0xEA83, 0xEA83, 0xEA83, 0xEA83, 0xEA83, 0xEA83, 0xEA83, 0xEA83, 0xE283, 0xE283, 0xE283, 0xE283, 0xE283,
    0xE283, 0xEB06, 0xEB47, 0xEB47, 0xEB47, 0xE347, 0xE347, 0xE347, 0xE347, 0xE347, 0xE347, 0xE347, 0xE327, 0xE327, 0xE327, 0xE327,
    0xE327, 0xE327, 0xE327, 0xE327, 0xE327, 0xE327, 0xDB27, 0xDB27, 0xDAA3, 0xDAA3, 0xDAC3, 0xE2C3, 0xE2C3, 0xE2C3, 0xE2C3, 0xE2C3,
    0xE2C3, 0xE2C3, 0xE2C4, 0xE2C4, 0xE2C4, 0xE2E4, 0xE2E4, 0xE2E4, 0xE2E4, 0xE2E4, 0xE2E4, 0xE2E4, 0xEAE3, 0xEB04, 0xEB87, 0xEBA8,
    0xEBA7, 0xEBA7, 0xEBA7, 0xEBA7, 0xEBA7, 0xEBA7, 0xEBA7, 0xEBA7, 0xEBA7, 0xEBA7, 0xEBA7, 0xEBA7, 0xEBA7, 0xEBA7, 0xEBA7, 0xEBA7,
    0xEBA7, 0xEBA7, 0xEBA7, 0xEBA7, 0xEBA7, 0xEBA7, 0xEBA7, 0xEBA8, 0xEBA7, 0xEB04, 0xEAE4, 0xEAE4, 0xEAE4, 0xEAE4, 0xEAE4, 0xEAE4,
    0xEAE4, 0xEAE4, 0xEAE4, 0xEAE4, 0xEAE4, 0xEAE4, 0xEAE4, 0xEAE4, 0xEAE4, 0xEAE4, 0xEAE4, 0xEAC3, 0xEAE4, 0xEB87, 0xEB87, 0xEB87,
    0xEB87, 0xEB87, 0xEB67, 0xEB67, 0xEB67, 0xE367, 0xE367, 0xE347, 0xE347, 0xE347, 0xE347, 0xE347, 0xE347, 0xE347, 0xE2C4, 0xDA83,
    0xE283, 0xE283, 0xE283, 0xE283, 0xE283, 0xE283, 0xE283, 0xE283, 0xE283, 0xE283, 0xE283, 0xE283, 0xEA83, 0xEA83, 0xEA83, 0xEB06,
    0xEB67, 0xEB47, 0xEB47, 0xEB47, 0xEB47, 0xEB47, 0xEB47, 0xEB47, 0xEB47, 0xEB47, 0xEB47, 0xEB47, 0xEB47, 0xEB47, 0xEB47, 0xEB47,
    0xEB47, 0xEB47, 0xEB67, 0xEAC5, 0xEA83, 0xEA84, 0xEA83, 0xEA83, 0xEA83, 0xEA83, 0xEA83, 0xEA83, 0xEA83, 0xEA83, 0xEA83, 0xEA83,
    0xEA83, 0xEA83, 0xEA83, 0xEA83, 0xEA83, 0xE283, 0xE283, 0xE283, 0xE283, 0xE283, 0xE283, 0xE283, 0xE283, 0xE283, 0xE306, 0xEB47,
    0xE347, 0xE347, 0xE347, 0xE347, 0xE347, 0xE347, 0xE347, 0xE327, 0xE327, 0xE327, 0xE327, 0xE327, 0xE327, 0xE327, 0xE327, 0xE327,
    0xE327, 0xDB27, 0xDB27, 0xDB27, 0xDAA3, 0xDAA3, 0xDAA3, 0xDAA3, 0xE2C3, 0xE2C3, 0xE2C3, 0xE2C3, 0xE2C3, 0xE2C3, 0xE2C3, 0xE2C3,
    0xE2C3, 0xE2C3, 0xE2C3, 0xE2E4, 0xE2E4, 0xE2E4, 0xE2E4, 0xE2E3, 0xE2E4, 0xEB87, 0xEBA8, 0xEB87, 0xEB87, 0xEB87, 0xEB87, 0xEB87,
    0xEBA7, 0xEBA7, 0xEBA7, 0xEBA7, 0xEBA7, 0xEBA7, 0xEBA7, 0xEBA7, 0xEBA7, 0xEBA7, 0xEBA7, 0xEBA7, 0xEBA7, 0xEBA7, 0xEBA7, 0xEBA7,
    0xEBA7, 0xEBA7, 0xEB87, 0xEBA8, 0xEB46, 0xEAE3, 0xEAE4, 0xEAE4, 0xEAE4, 0xEAE4, 0xEAE4, 0xEAE4, 0xEAE4, 0xEAE4, 0xEAE4, 0xEAE4,
    0xEAE4, 0xEAE4, 0xEAE4, 0xEAE4, 0xEAE4, 0xEAC4, 0xEAC4, 0xEAC3, 0xEB05, 0xEB87, 0xEB87, 0xEB87, 0xEB87, 0xEB67, 0xEB67, 0xEB67,
    0xEB67, 0xEB67, 0xEB67, 0xEB67, 0xEB67, 0xEB67, 0xEB67, 0xEB67, 0xEB67, 0xEB67, 0xEAC4, 0xEAA3, 0xEAA3, 0xEAA3, 0xEAA3, 0xEA83,
    0xEA83, 0xEA83, 0xEA83, 0xEA83, 0xEA83, 0xEA83, 0xEA83, 0xEA83, 0xEA83, 0xEA83, 0xEA83, 0xEAE5, 0xEB67, 0xEB47, 0xEB47, 0xEB47,
    0xEB47, 0xEB47, 0xEB47, 0xEB47, 0xEB47, 0xEB47, 0xEB47, 0xEB47, 0xEB47, 0xEB47, 0xEB47, 0xEB47, 0xEB47, 0xEB47, 0xEB47, 0xEB27,
    0xEA83, 0xEA83, 0xEA83, 0xEA83, 0xEA83, 0xEA83, 0xEA83, 0xEA83, 0xEA83, 0xEA83, 0xEA83, 0xEA83, 0xEA83, 0xEA83, 0xEA83, 0xEA83,
    0xE283, 0xE283, 0xE283, 0xE283, 0xE283, 0xE283, 0xE283, 0xE283, 0xE283, 0xE283, 0xE283, 0xE2E6, 0xE347, 0xE347, 0xE347, 0xE347,
    0xE347, 0xE347, 0xE327, 0xE327, 0xE327, 0xE327, 0xE327, 0xE327, 0xE327, 0xE327, 0xE327, 0xE327, 0xDB27, 0xDB27, 0xDB27, 0xDB27,
    0xDAA3, 0xDAA3, 0xDAA3, 0xDAA3, 0xDAA3, 0xDAA3, 0xE2A3, 0xE2C3, 0xE2C3, 0xE2C3, 0xE2C3, 0xE2C3, 0xE2C3, 0xE2C3, 0xE2C3, 0xE2C3,
    0xE2C3, 0xE2E3, 0xE2C3, 0xE2E4, 0xEB67, 0xEB87, 0xEB87, 0xEB87, 0xEB87, 0xEB87, 0xEB87, 0xEB87, 0xEB87, 0xEB87, 0xEB87, 0xEB87,
    0xEB87, 0xEB87, 0xEB87, 0xEB87, 0xEB87, 0xEB87, 0xEB87, 0xEB87, 0xEB87, 0xEB87, 0xEB87, 0xEB87, 0xEB87, 0xEB87, 0xEBA7, 0xEB87,
    0xEAE4, 0xEAE3, 0xEAE4, 0xEAE4, 0xEAE4, 0xEAE4, 0xEAE4, 0xEAE4, 0xEAE4, 0xEAE4, 0xEAE4, 0xEAC4, 0xEAC4, 0xEAC4, 0xEAC4, 0xEAC4,
    0xEAC4, 0xEAC4, 0xEAC4, 0xEAC3, 0xEB26, 0xEB88, 0xEB67, 0xEB67, 0xEB67, 0xEB67, 0xEB67, 0xEB67, 0xEB67, 0xEB67, 0xEB67, 0xEB67,
    0xEB67, 0xEB67, 0xEB67, 0xEB67, 0xEB67, 0xEB67, 0xEAC4, 0xEA83, 0xEA83, 0xEA83, 0xEA83, 0xEA83, 0xEA83, 0xEA83, 0xEA83, 0xEA83,
    0xEA83, 0xEA83, 0xEA83, 0xEA83, 0xEA83, 0xEA83, 0xEA83, 0xEAA4, 0xEB47, 0xEB47, 0xEB47, 0xEB47, 0xEB47, 0xEB47, 0xEB47, 0xEB47,
    0xEB47, 0xEB47, 0xEB47, 0xEB47, 0xEB47, 0xEB47, 0xEB47, 0xEB47, 0xEB47, 0xEB47, 0xEB47, 0xEB67, 0xEAE5, 0xEA83, 0xEA84, 0xEA83,
    0xEA83, 0xEA83, 0xEA83, 0xEA83, 0xEA83, 0xEA83, 0xEA83, 0xEA83, 0xEA83, 0xEA83, 0xE283, 0xE283, 0xE283, 0xE283, 0xE283, 0xE283,
    0xE283, 0xE283, 0xE283, 0xE283, 0xE283, 0xE283, 0xE283, 0xE283, 0xE2E6, 0xE347, 0xE347, 0xE347, 0xE347, 0xE327, 0xE327, 0xE327,
    0xE327, 0xE327, 0xE327, 0xE327, 0xE327, 0xE327, 0xE327, 0xE327, 0xDB27, 0xDB27, 0xDB27, 0xDB27, 0xDAA3, 0xDAA3, 0xDAA3, 0xDAA3,
    0xDAA3, 0xDAA3, 0xDAA3, 0xE2A3, 0xE2A3, 0xE2A3, 0xE2C3, 0xE2C3, 0xE2C3, 0xE2C3, 0xE2C3, 0xE2C3, 0xE2C3, 0xE2C3, 0xE2E4, 0xEB67,
    0xEB87, 0xEB87, 0xEB87, 0xEB87, 0xEB87, 0xEB87, 0xEB87, 0xEB87, 0xEB87, 0xEB87, 0xEB87, 0xEB87, 0xEB87, 0xEB87, 0xEB87, 0xEB87,
    0xEB87, 0xEB87, 0xEB87, 0xEB87, 0xEB87, 0xEB87, 0xEB87, 0xEB87, 0xEB87, 0xEB87, 0xEBA8, 0xEB25, 0xEAC3, 0xEAE4, 0xEAE4, 0xEAE4,
    0xEAE4, 0xEAE4, 0xEAC4, 0xEAC4, 0xEAC4, 0xEAC4, 0xEAC4, 0xEAC4, 0xEAC4, 0xEAC4, 0xEAC4, 0xEAC4, 0xEAC4, 0xEAC4, 0xEAC4, 0xEAC3,
    0xEB47, 0xEB67, 0xEB67, 0xEB67, 0xEB67, 0xEB67, 0xEB67, 0xEB67, 0xEB67, 0xEB67, 0xEB67, 0xEB67, 0xEB67, 0xEB67, 0xEB47, 0xEB47,
    0xEB47, 0xEB47, 0xEAC4, 0xEA83, 0xEA83, 0xEA83, 0xEA83, 0xEA83, 0xEA83, 0xEA83, 0xEA83, 0xEA83, 0xEA83, 0xEA83, 0xEA83, 0xEA83,
    0xEA83, 0xEA83, 0xEA83, 0xEA83, 0xEB26, 0xEB47, 0xEB47, 0xEB47, 0xEB47, 0xEB47, 0xEB47, 0xEB47, 0xEB47, 0xEB47, 0xEB47, 0xEB47,
    0xEB47, 0xEB47, 0xEB47, 0xEB47, 0xEB47, 0xEB47, 0xEB47, 0xEB47, 0xEB47, 0xEAA4, 0xEA83, 0xEA83, 0xEA83, 0xEA83, 0xEA83, 0xEA83,
    0xEA83, 0xEA83, 0xEA83, 0xEA83, 0xEA83, 0xEA83, 0xE283, 0xE283, 0xE283, 0xE283, 0xE283, 0xE283, 0xE283, 0xE283, 0xE283, 0xE283,
    0xE283, 0xE283, 0xE283, 0xE283, 0xE263, 0xE2E6, 0xE347, 0xE327, 0xE327, 0xE327, 0xE327, 0xE327, 0xE327, 0xE327, 0xE327, 0xE327,
    0xE327, 0xE327, 0xE327, 0xDB27, 0xDB27, 0xDB27, 0xDB27, 0xDB27, 0xDA83, 0xDA83, 0xDAA3, 0xDAA3, 0xDAA3, 0xDAA3, 0xDAA3, 0xDAA3,
    0xE2A3, 0xE2A3, 0xE2A3, 0xE2A3, 0xE2C3, 0xE2C3, 0xE2C3, 0xE2C3, 0xE2C3, 0xE2C4, 0xE367, 0xE387, 0xEB87, 0xEB87, 0xEB87, 0xEB87,
    0xEB87, 0xEB87, 0xEB87, 0xEB87, 0xEB87, 0xEB87, 0xEB87, 0xEB87, 0xEB87, 0xEB87, 0xEB87, 0xEB87, 0xEB87, 0xEB87, 0xEB87, 0xEB87,
    0xEB87, 0xEB87, 0xEB87, 0xEB87, 0xEB87, 0xEB87, 0xEB67, 0xEAC3, 0xEAC4, 0xEAC4, 0xEAC4, 0xEAC4, 0xEAC4, 0xEAC4, 0xEAC4, 0xEAC4,
    0xEAC4, 0xEAC4, 0xEAC4, 0xEAC4, 0xEAC4, 0xEAC4, 0xEAC4, 0xEAC4, 0xEAC4, 0xEAC4, 0xEAA3, 0xEAC4, 0xEB67, 0xEB67, 0xEB67, 0xEB67,
    0xEB67, 0xEB67, 0xEB67, 0xEB67, 0xEB67, 0xEB67, 0xEB67, 0xEB67, 0xEB47, 0xEB47, 0xEB47, 0xEB47, 0xEB47, 0xEB47, 0xEAC4, 0xEA83,
    0xEA83, 0xEA83, 0xEA83, 0xEA83, 0xEA83, 0xEA83, 0xEA83, 0xEA83, 0xEA83, 0xEA83, 0xEA83, 0xEA83, 0xEA83, 0xEA83, 0xEA83, 0xEA83,
    0xEB06, 0xEB67, 0xEB47, 0xEB47, 0xEB47, 0xEB47, 0xEB47, 0xEB47, 0xEB47, 0xEB47, 0xEB47, 0xEB47, 0xEB47, 0xEB47, 0xEB47, 0xEB47,
    0xEB47, 0xEB47, 0xEB47, 0xEB47, 0xEB67, 0xEB06, 0xEA83, 0xEA83, 0xEA83, 0xEA83, 0xEA83, 0xEA83, 0xEA83, 0xEA83, 0xEA83, 0xEA83,
    0xE283, 0xE283, 0xE283, 0xE283, 0xE283, 0xE283, 0xE283, 0xE283, 0xE283, 0xE283, 0xE283, 0xE283, 0xE283, 0xE283, 0xE283, 0xE283,
    0xE283, 0xE283, 0xE2E5, 0xE347, 0xE327, 0xE327, 0xE327, 0xE327, 0xE327, 0xE327, 0xE327, 0xE327, 0xE327, 0xE327, 0xDB27, 0xDB27,
    0xDB27, 0xDB27, 0xDB07, 0xDB07, 0xDA83, 0xDA83, 0xDA83, 0xDA83, 0xDA83, 0xDA83, 0xDAA3, 0xDAA3, 0xDAA3, 0xDAA3, 0xE2A3, 0xE2A3,
    0xE2A3, 0xE2A3, 0xE2A3, 0xE2A3, 0xE2C4, 0xE347, 0xE367, 0xE367, 0xE367, 0xEB67, 0xEB67, 0xEB67, 0xEB67, 0xEB67, 0xEB67, 0xEB87,
    0xEB87, 0xEB87, 0xEB87, 0xEB87, 0xEB87, 0xEB87, 0xEB87, 0xEB87, 0xEB87, 0xEB87, 0xEB87, 0xEB87, 0xEB87, 0xEB87, 0xEB87, 0xEB87,
    0xEB87, 0xEB88, 0xEB05, 0xEAC3, 0xEAC4, 0xEAC4, 0xEAC4, 0xEAC4, 0xEAC4, 0xEAC4, 0xEAC4, 0xEAC4, 0xEAC4, 0xEAC4, 0xEAC4, 0xEAC4,
    0xEAC3, 0xEAC3, 0xEAC3, 0xEAA3, 0xEAA3, 0xEAA4, 0xEAA3, 0xEAE5, 0xEB67, 0xEB67, 0xEB67, 0xEB67, 0xEB67, 0xEB67, 0xEB67, 0xEB47,
    0xEB47, 0xEB47, 0xEB47, 0xEB47, 0xEB47, 0xEB47, 0xEB47, 0xEB47, 0xEB47, 0xEB47, 0xEAC4, 0xEA83, 0xEA83, 0xEA83, 0xEA83, 0xEA83,
    0xEA83, 0xEA83, 0xEA83, 0xEA83, 0xEA83, 0xEA83, 0xEA83, 0xEA83, 0xEA83, 0xEA83, 0xEA83, 0xEA83, 0xEAC5, 0xEB47, 0xEB47, 0xEB47,
    0xEB47, 0xEB47, 0xEB47, 0xEB47, 0xEB47, 0xEB47, 0xEB47, 0xEB47, 0xEB47, 0xEB47, 0xEB47, 0xEB47, 0xEB47, 0xEB47, 0xEB47, 0xEB47,
    0xEB47, 0xEB47, 0xEAA4, 0xEA83, 0xEA83, 0xEA83, 0xEA83, 0xEA83, 0xEA83, 0xE283, 0xE283, 0xE283, 0xE283, 0xE283, 0xE283, 0xE283,
    0xE283, 0xE283, 0xE283, 0xE283, 0xE283, 0xE283, 0xE283, 0xE283, 0xE283, 0xE283, 0xE283, 0xE283, 0xE283, 0xE283, 0xE263, 0xE2E5,
    0xE347, 0xE327, 0xE327, 0xE327, 0xE327, 0xE327, 0xE327, 0xE327, 0xE327, 0xDB27, 0xDB27, 0xDB27, 0xDB27, 0xDB07, 0xDB07, 0xDB07,
    0xDA83, 0xDA83, 0xDA83, 0xDA83, 0xDA83, 0xDA83, 0xDA83, 0xDAA3, 0xDAA3, 0xDAA3, 0xDAA3, 0xDAA3, 0xE2A3, 0xE2A3, 0xE2A3, 0xE2C4,
    0xE347, 0xE367, 0xE367, 0xE367, 0xE367, 0xE367, 0xEB67, 0xEB67, 0xEB67, 0xEB67, 0xEB67, 0xEB67, 0xEB67, 0xEB67, 0xEB67, 0xEB67,
    0xEB67, 0xEB67, 0xEB67, 0xEB87, 0xEB87, 0xEB87, 0xEB87, 0xEB87, 0xEB87, 0xEB87, 0xEB87, 0xEB87, 0xEB88, 0xEB46, 0xEAC3, 0xEAC4,
    0xEAC4, 0xEAC4, 0xEAC4, 0xEAC4, 0xEAC4, 0xEAC4, 0xEAC4, 0xEAC4, 0xEAC4, 0xEAC3, 0xEAC3, 0xEAC3, 0xEAA3, 0xEAA3, 0xEAA3, 0xEAA3,
    0xEAA3, 0xEAA4, 0xEAA3, 0xEB26, 0xEB68, 0xEB67, 0xEB67, 0xEB67, 0xEB67, 0xEB47, 0xEB47, 0xEB47, 0xEB47, 0xEB47, 0xEB47, 0xEB47,
    0xEB47, 0xEB47, 0xEB47, 0xEB47, 0xEB47, 0xEB47, 0xEAC4, 0xEA83, 0xEA83, 0xEA83, 0xEA83, 0xEA83, 0xEA83, 0xEA83, 0xEA83, 0xEA83,
    0xEA83, 0xEA83, 0xEA83, 0xEA83, 0xEA83, 0xEA83, 0xEA83, 0xEA83, 0xEAA4, 0xEB47, 0xEB47, 0xEB47, 0xEB47, 0xEB47, 0xEB47, 0xEB47,
    0xEB47, 0xEB47, 0xEB47, 0xEB47, 0xEB47, 0xEB47, 0xEB47, 0xEB47, 0xEB47, 0xEB47, 0xEB47, 0xEB47, 0xEB47, 0xEB67, 0xEB26, 0xEA83,
    0xEA83, 0xEA83, 0xEA83, 0xEA83, 0xEA83, 0xE283, 0xE283, 0xE283, 0xE283, 0xE283, 0xE283, 0xE283, 0xE283, 0xE283, 0xE283, 0xE283,
    0xE283, 0xE283, 0xE283, 0xE283, 0xE283, 0xE283, 0xE283, 0xE283, 0xE283, 0xE283, 0xE283, 0xE263, 0xE2E6, 0xE347, 0xE327, 0xE327,
    0xE327, 0xE327, 0xE327, 0xE327, 0xDB27, 0xDB27, 0xDB27, 0xDB27, 0xDB07, 0xDB07, 0xDB07, 0xDB07, 0xDA63, 0xDA83, 0xDA83, 0xDA83,
    0xDA83, 0xDA83, 0xDA83, 0xDA83, 0xDA83, 0xDA83, 0xDA83, 0xDA83, 0xDAA3, 0xE283, 0xE2A4, 0xE327, 0xE367, 0xE347, 0xE347, 0xE347,
    0xE347, 0xE367, 0xE367, 0xE367, 0xE367, 0xE367, 0xEB67, 0xEB67, 0xEB67, 0xEB67, 0xEB67, 0xEB67, 0xEB67, 0xEB67, 0xEB67, 0xEB67,
    0xEB67, 0xEB67, 0xEB67, 0xEB67, 0xEB67, 0xEB67, 0xEB67, 0xEB87, 0xEB67, 0xEAC4, 0xEAC3, 0xEAC4, 0xEAC3, 0xEAC3, 0xEAC3, 0xEAC3,
    0xEAC3, 0xEAC3, 0xEAA3, 0xEAA3, 0xEAA3, 0xEAA3, 0xEAA3, 0xEAA3, 0xEAA3, 0xEAA3, 0xEAA3, 0xEAA3, 0xEAA3, 0xEAA3, 0xEAA3, 0xEB47,
    0xEB67, 0xEB47, 0xEB47, 0xEB47, 0xEB47, 0xEB47, 0xEB47, 0xEB47, 0xEB47, 0xEB47, 0xEB47, 0xEB47, 0xEB47, 0xEB47, 0xEB47, 0xEB47,
    0xEB47, 0xEB47, 0xEAC4, 0xEA83, 0xEA83, 0xEA83, 0xEA83, 0xEA83, 0xEA83, 0xEA83, 0xEA83, 0xEA83, 0xEA83, 0xEA83, 0xEA83, 0xEA83,
    0xEA83, 0xEA83, 0xEA83, 0xEA83, 0xEA83, 0xEB26, 0xEB47, 0xEB47, 0xEB47, 0xEB47, 0xEB47, 0xEB47, 0xEB47, 0xEB47, 0xEB47, 0xEB47,
    0xEB47, 0xEB47, 0xEB47, 0xEB47, 0xEB47, 0xEB47, 0xEB47, 0xEB47, 0xEB47, 0xEB47, 0xEB67, 0xEAC5, 0xEA83, 0xEA83, 0xE283, 0xE283,
    0xE283, 0xE283, 0xE283, 0xE283, 0xE283, 0xE283, 0xE283, 0xE283, 0xE283, 0xE283, 0xE283, 0xE283, 0xE283, 0xE283, 0xE283, 0xE283,
    0xE283, 0xE283, 0xE283, 0xE283, 0xE283, 0xE283, 0xE283, 0xE283, 0xE263, 0xE2E5, 0xE347, 0xE327, 0xE327, 0xE327, 0xE327, 0xDB27,
    0xDB27, 0xDB27, 0xDB27, 0xDB07, 0xDB07, 0xDB07, 0xDB07, 0xDB07, 0xD263, 0xD263, 0xDA63, 0xDA63, 0xDA83, 0xDA83, 0xDA83, 0xDA83,
    0xDA83, 0xDA83, 0xDA83, 0xDA83, 0xDA83, 0xE2A4, 0xE326, 0xE347, 0xE347, 0xE347, 0xE347, 0xE347, 0xE347, 0xE347, 0xE347, 0xE347,
    0xE347, 0xE367, 0xE367, 0xE367, 0xEB67, 0xEB67, 0xEB67, 0xEB67, 0xEB67, 0xEB67, 0xEB67, 0xEB67, 0xEB67, 0xEB67, 0xEB67, 0xEB67,
    0xEB67, 0xEB67, 0xEB67, 0xEB67, 0xEB05, 0xEAA3, 0xEAC3, 0xEAA3, 0xEAA3, 0xEAA3, 0xEAA3, 0xEAA3, 0xEAA3, 0xEAA3, 0xEAA3, 0xEAA3,
    0xEAA3, 0xEAA3, 0xEAA3, 0xEAA3, 0xEAA3, 0xEAA3, 0xEAA3, 0xEAA3, 0xEAA3, 0xEAA3, 0xEAC4, 0xEB47, 0xEB47, 0xEB47, 0xEB47, 0xEB47,
    0xEB47, 0xEB47, 0xEB47, 0xEB47, 0xEB47, 0xEB47, 0xEB47, 0xEB47, 0xEB47, 0xEB47, 0xEB47, 0xEB47, 0xEB47, 0xEB47, 0xEAC4, 0xEA83,
    0xEA83, 0xEA83, 0xEA83, 0xEA83, 0xEA83, 0xEA83, 0xEA83, 0xEA83, 0xEA83, 0xEA83, 0xEA83, 0xEA83, 0xEA83, 0xEA83, 0xEA83, 0xEA84,
    0xEA83, 0xEAE5, 0xEB67, 0xEB47, 0xEB47, 0xEB47, 0xEB47, 0xEB47, 0xEB47, 0xEB47, 0xEB47, 0xEB47, 0xEB47, 0xEB47, 0xEB47, 0xEB47,
    0xEB47, 0xEB47, 0xEB47, 0xEB47, 0xEB47, 0xEB47, 0xEB47, 0xEB27, 0xE283, 0xE283, 0xE283, 0xE283, 0xE283, 0xE283, 0xE283, 0xE283,
    0xE283, 0xE283, 0xE283, 0xE283, 0xE283, 0xE283, 0xE283, 0xE283, 0xE283, 0xE283, 0xE283, 0xE283, 0xE283, 0xE283, 0xE283, 0xE283,
    0xE283, 0xE283, 0xE283, 0xE283, 0xE283, 0xDA63, 0xE2E5, 0xE327, 0xE327, 0xDB27, 0xDB27, 0xDB27, 0xDB27, 0xDB27, 0xDB27, 0xDB07,
    0xDB07, 0xDB07, 0xDB07, 0xDB07, 0xD263, 0xD263, 0xDA63, 0xDA63, 0xDA63, 0xDA83, 0xDA83, 0xDA83, 0xDA83, 0xDA83, 0xDA83, 0xDA83,
    0xDAA4, 0xE326, 0xE347, 0xE347, 0xE347, 0xE347, 0xE347, 0xE347, 0xE347, 0xE347, 0xE347, 0xE347, 0xE347, 0xE347, 0xE347, 0xE347,
    0xE347, 0xEB47, 0xEB47, 0xEB47, 0xEB67, 0xEB67, 0xEB67, 0xEB67, 0xEB67, 0xEB67, 0xEB67, 0xEB67, 0xEB67, 0xEB67, 0xEB67, 0xEB47,
    0xEAC4, 0xEAA3, 0xEAA3, 0xEAA3, 0xEAA3, 0xEAA3, 0xEAA3, 0xEAA3, 0xEAA3, 0xEAA3, 0xEAA3, 0xEAA3, 0xEAA3, 0xEAA3, 0xEAA3, 0xEAA3,
    0xEAA3, 0xEAA3, 0xEAA3, 0xEAA3, 0xEAA3, 0xEA83, 0xEAE5, 0xEB47, 0xEB47, 0xEB47, 0xEB47, 0xEB47, 0xEB47, 0xEB47, 0xEB47, 0xEB47,
    0xEB47, 0xEB47, 0xEB47, 0xEB47, 0xEB47, 0xEB47, 0xEB47, 0xEB47, 0xEB47, 0xEB47, 0xEAC4, 0xEA83, 0xEA83, 0xEA83, 0xEA83, 0xEA83,
    0xEA83, 0xEA83, 0xEA83, 0xEA83, 0xEA83, 0xEA83, 0xEA83, 0xEA83, 0xEA83, 0xEA83, 0xEA83, 0xEA83, 0xEA83, 0xEAC4, 0xEB47, 0xEB47,
    0xEB47, 0xEB47, 0xEB47, 0xEB47, 0xEB47, 0xEB47, 0xEB47, 0xEB47, 0xEB47, 0xEB47, 0xEB47, 0xEB47, 0xEB47, 0xEB47, 0xEB47, 0xEB47,
    0xEB47, 0xEB47, 0xEB47, 0xEB68, 0xEAE5, 0xE283, 0xE284, 0xE283, 0xE283, 0xE283, 0xE283, 0xE283, 0xE283, 0xE283, 0xE283, 0xE283,
    0xE283, 0xE283, 0xE283, 0xE283, 0xE283, 0xE283, 0xE283, 0xE283, 0xE283, 0xE283, 0xE283, 0xE283, 0xE283, 0xE283, 0xE283, 0xDA83,
    0xDA83, 0xDA63, 0xDA63, 0xDAE5, 0xE327, 0xDB27, 0xDB27, 0xDB27, 0xDB27, 0xDB07, 0xDB07, 0xDB07, 0xDB07, 0xDB07, 0xDB07, 0xDB07,
    0xD263, 0xD263, 0xD263, 0xD263, 0xDA63, 0xDA63, 0xDA63, 0xDA63, 0xDA63, 0xDA83, 0xDA63, 0xDA84, 0xDB26, 0xE347, 0xE327, 0xE327,
    0xE347, 0xE347, 0xE347, 0xE347, 0xE347, 0xE347, 0xE347, 0xE347, 0xE347, 0xE347, 0xE347, 0xE347, 0xE347, 0xE347, 0xE347, 0xEB47,
    0xEB47, 0xEB47, 0xEB67, 0xEB67, 0xEB67, 0xEB67, 0xEB67, 0xEB67, 0xEB67, 0xEB67, 0xEB67, 0xEAE5, 0xE2A3, 0xE2A3, 0xE2A3, 0xE2A3,
    0xEAA3, 0xEAA3, 0xEAA3, 0xEAA3, 0xEAA3, 0xEAA3, 0xEAA3, 0xEAA3, 0xEAA3, 0xEAA3, 0xEAA3, 0xEA83, 0xEA83, 0xEA83, 0xEA83, 0xEA83,
    0xEA83, 0xEA83, 0xEB06, 0xEB67, 0xEB47, 0xEB47, 0xEB47, 0xEB47, 0xEB47, 0xEB47, 0xEB47, 0xEB47, 0xEB47, 0xEB47, 0xEB47, 0xEB47,
    0xEB47, 0xEB47, 0xEB47, 0xEB47, 0xEB47, 0xEB47, 0xEAC4, 0xEA83, 0xEA83, 0xEA83, 0xEA83, 0xEA83, 0xEA83, 0xEA83, 0xEA83, 0xEA83,
    0xEA83, 0xEA83, 0xEA83, 0xEA83, 0xEA83, 0xEA83, 0xEA83, 0xEA83, 0xEA83, 0xEAA4, 0xEB47, 0xEB47, 0xEB47, 0xEB47, 0xEB47, 0xEB47,
    0xEB47, 0xEB47, 0xEB47, 0xEB47, 0xEB47, 0xEB47, 0xEB47, 0xEB47, 0xEB47, 0xEB47, 0xEB47, 0xEB47, 0xEB47, 0xEB47, 0xEB47, 0xEB47,
    0xEB47, 0xE2A4, 0xE283, 0xE283, 0xE283, 0xE283, 0xE283, 0xE283, 0xE283, 0xE283, 0xE283, 0xE283, 0xE283, 0xE283, 0xE283, 0xE283,
    0xE283, 0xE283, 0xE283, 0xE283, 0xE283, 0xE283, 0xE283, 0xE283, 0xE283, 0xE283, 0xDA83, 0xDA63, 0xDA63, 0xDA63, 0xDA63, 0xDA63,
    0xDAE5, 0xDB27, 0xDB27, 0xDB27, 0xDB07, 0xDB07, 0xDB07, 0xDB07, 0xDB07, 0xDB07, 0xDB07, 0xDB07, 0xD263, 0xD263, 0xD263, 0xD263,
    0xDA63, 0xDA63, 0xDA63, 0xDA63, 0xDA63, 0xDA63, 0xDA84, 0xDB06, 0xDB27, 0xDB27, 0xE327, 0xE327, 0xE327, 0xE327, 0xE347, 0xE347,
    0xE347, 0xE347, 0xE347, 0xE347, 0xE347, 0xE347, 0xE347, 0xE347, 0xE347, 0xE347, 0xE347, 0xE347, 0xE347, 0xE347, 0xE347, 0xEB47,
    0xEB47, 0xEB47, 0xEB47, 0xEB47, 0xEB47, 0xEB67, 0xEB26, 0xE283, 0xE2A3, 0xE2A3, 0xE2A3, 0xE2A3, 0xE2A3, 0xEAA3, 0xEAA3, 0xEAA3,
    0xEAA3, 0xEAA3, 0xEAA3, 0xEA83, 0xEA83, 0xEA83, 0xEA83, 0xEA83, 0xEA83, 0xEA83, 0xEA83, 0xEA83, 0xEA83, 0xEAA4, 0xEB47, 0xEB47,
    0xEB47, 0xEB47, 0xEB47, 0xEB47, 0xEB47, 0xEB47, 0xEB47, 0xEB47, 0xEB47, 0xEB47, 0xEB47, 0xEB47, 0xEB47, 0xEB47, 0xEB47, 0xEB47,
    0xEB47, 0xEB47, 0xEAC4, 0xEA83, 0xEA83, 0xEA83, 0xEA83, 0xEA83, 0xEA83, 0xEA83, 0xEA83, 0xEA83, 0xEA83, 0xEA83, 0xEA83, 0xEA83,
    0xEA83, 0xEA83, 0xEA83, 0xEA83, 0xEA83, 0xEA83, 0xEB06, 0xEB67, 0xEB47, 0xEB47, 0xEB47, 0xEB47, 0xEB47, 0xEB47, 0xEB47, 0xEB47,
    0xEB47, 0xEB47, 0xEB47, 0xEB47, 0xEB47, 0xEB47, 0xEB47, 0xEB47, 0xEB47, 0xEB47, 0xEB47, 0xEB47, 0xEB67, 0xEB06, 0xE283, 0xE284,
    0xE283, 0xE283, 0xE283, 0xE283, 0xE283, 0xE283, 0xE283, 0xE283, 0xE283, 0xE283, 0xE283, 0xE283, 0xE283, 0xE283, 0xE283, 0xE283,
    0xE283, 0xE283, 0xE283, 0xE283, 0xE283, 0xDA83, 0xDA83, 0xDA63, 0xDA63, 0xDA63, 0xDA63, 0xDA63, 0xDA63, 0xDAC5, 0xDB27, 0xDB07,
    0xDB07, 0xDB07, 0xDB07, 0xDB07, 0xDB07, 0xDB07, 0xDB07, 0xDB07, 0xD263, 0xD263, 0xD263, 0xD263, 0xD263, 0xDA63, 0xDA63, 0xDA63,
    0xDA63, 0xDA84, 0xDB06, 0xDB27, 0xDB27, 0xDB27, 0xDB27, 0xE327, 0xE327, 0xE327, 0xE327, 0xE327, 0xE327, 0xE327, 0xE327, 0xE327,
    0xE347, 0xE347, 0xE347, 0xE347, 0xE347, 0xE347, 0xE347, 0xE347, 0xE347, 0xE347, 0xE347, 0xE347, 0xE347, 0xEB47, 0xEB47, 0xEB47,
    0xEB47, 0xEB47, 0xE2C4, 0xE283, 0xE283, 0xE283, 0xE283, 0xE283, 0xE283, 0xE283, 0xE283, 0xE283, 0xEA83, 0xEA83, 0xEA83, 0xEA83,
    0xEA83, 0xEA83, 0xEA83, 0xEA83, 0xEA83, 0xEA83, 0xEA83, 0xEA83, 0xEA83, 0xEAC4, 0xEB47, 0xEB47, 0xEB47, 0xEB47, 0xEB47, 0xEB47,
    0xEB47, 0xEB47, 0xEB47, 0xEB47, 0xEB47, 0xEB47, 0xEB47, 0xEB47, 0xEB47, 0xEB47, 0xEB47, 0xEB47, 0xEB47, 0xEB47, 0xEAC4, 0xEA83,
    0xEA83, 0xEA83, 0xEA83, 0xEA83, 0xEA83, 0xEA83, 0xEA83, 0xEA83, 0xEA83, 0xEA83, 0xEA83, 0xEA83, 0xEA83, 0xEA83, 0xEA83, 0xEA83,
    0xEA83, 0xEA83, 0xEAE5, 0xEB67, 0xEB47, 0xEB47, 0xEB47, 0xEB47, 0xEB47, 0xEB47, 0xEB47, 0xEB47, 0xEB47, 0xEB47, 0xEB47, 0xEB47,
    0xEB47, 0xEB47, 0xEB47, 0xEB47, 0xEB47, 0xEB47, 0xEB47, 0xEB47, 0xEB47, 0xEB47, 0xE2A4, 0xE283, 0xE283, 0xE283, 0xE283, 0xE283,
    0xE283, 0xE283, 0xE283, 0xE283, 0xE283, 0xE283, 0xE283, 0xE283, 0xE283, 0xE283, 0xE283, 0xE283, 0xE283, 0xE283, 0xE283, 0xDA83,
    0xDA83, 0xDA63, 0xDA63, 0xDA63, 0xDA63, 0xDA63, 0xDA63, 0xDA63, 0xDA63, 0xDA63, 0xDAC5, 0xDB27, 0xDB07, 0xDB07, 0xDB07, 0xDB07,
    0xDB07, 0xDB07, 0xDB07, 0xD307, 0xD263, 0xD263, 0xD263, 0xD263, 0xD263, 0xD263, 0xDA63, 0xDA63, 0xDA63, 0xDB06, 0xDB27, 0xDB07,
    0xDB27, 0xDB27, 0xDB27, 0xDB27, 0xE327, 0xE327, 0xE327, 0xE327, 0xE327, 0xE327, 0xE327, 0xE327, 0xE327, 0xE327, 0xE327, 0xE327,
    0xE327, 0xE327, 0xE347, 0xE347, 0xE347, 0xE347, 0xE347, 0xE347, 0xE347, 0xE347, 0xEB47, 0xEB47, 0xEB47, 0xE306, 0xE283, 0xE284,
    0xE283, 0xE283, 0xE283, 0xE283, 0xE283, 0xE283, 0xE283, 0xE283, 0xE283, 0xE283, 0xE283, 0xEA83, 0xEA83, 0xEA83, 0xEA83, 0xEA83,
    0xEA83, 0xEA83, 0xEA83, 0xEA84, 0xEA83, 0xEAE5, 0xEB67, 0xEB47, 0xEB47, 0xEB47, 0xEB47, 0xEB47, 0xEB47, 0xEB47, 0xEB47, 0xEB47,
    0xEB47, 0xEB47, 0xEB47, 0xEB47, 0xEB47, 0xEB47, 0xEB47, 0xEB47, 0xEB47, 0xEB47, 0xEAC4, 0xEA83, 0xEA83, 0xEA83, 0xEA83, 0xEA83,
    0xEA83, 0xEA83, 0xEA83, 0xEA83, 0xEA83, 0xEA83, 0xEA83, 0xEA83, 0xEA83, 0xEA83, 0xEA83, 0xEA83, 0xEA83, 0xEA83, 0xEAA4, 0xEB47,
    0xEB47, 0xEB47, 0xEB47, 0xEB47, 0xEB47, 0xEB47, 0xEB47, 0xEB47, 0xEB47, 0xEB47, 0xEB47, 0xEB47, 0xEB47, 0xEB47, 0xEB47, 0xEB47,
    0xEB47, 0xEB47, 0xEB47, 0xEB47, 0xEB47, 0xEB47, 0xEB26, 0xE283, 0xE283, 0xE283, 0xE283, 0xE283, 0xE283, 0xE283, 0xE283, 0xE283,
    0xE283, 0xE283, 0xE283, 0xE283, 0xE283, 0xE283, 0xE283, 0xE283, 0xE283, 0xE283, 0xDA83, 0xDA83, 0xDA63, 0xDA63, 0xDA63, 0xDA63,
    0xDA63, 0xDA63, 0xDA63, 0xDA63, 0xDA63, 0xDA63, 0xDA63, 0xDAC5, 0xDB27, 0xDB07, 0xDB07, 0xDB07, 0xDB07, 0xDB07, 0xD307, 0xD307,
    0xD263, 0xD263, 0xD263, 0xD263, 0xD263, 0xD263, 0xD263, 0xD264, 0xDB06, 0xDB27, 0xDB07, 0xDB07, 0xDB27, 0xDB27, 0xDB27, 0xDB27,
    0xDB27, 0xDB27, 0xE327, 0xE327, 0xE327, 0xE327, 0xE327, 0xE327, 0xE327, 0xE327, 0xE327, 0xE327, 0xE327, 0xE327, 0xE327, 0xE347,
    0xE347, 0xE347, 0xE347, 0xE347, 0xE347, 0xE347, 0xE347, 0xE347, 0xE347, 0xE2A4, 0xE283, 0xE283, 0xE283, 0xE283, 0xE283, 0xE283,
    0xE283, 0xE283, 0xE283, 0xE283, 0xE283, 0xE283, 0xE283, 0xE283, 0xE283, 0xE283, 0xEA83, 0xEA83, 0xEA83, 0xEA83, 0xEA83, 0xEA83,
    0xEA83, 0xEB26, 0xEB47, 0xEB47, 0xEB47, 0xEB47, 0xEB47, 0xEB47, 0xEB47, 0xEB47, 0xEB47, 0xEB47, 0xEB47, 0xEB47, 0xEB47, 0xEB47,
    0xEB47, 0xEB47, 0xEB47, 0xEB47, 0xEB47, 0xEB47, 0xEAC4, 0xEA83, 0xEA83, 0xEA83, 0xEA83, 0xEA83, 0xEA83, 0xEA83, 0xEA83, 0xEA83,
    0xEA83, 0xEA83, 0xEA83, 0xEA83, 0xEA83, 0xEA83, 0xEA83, 0xEA83, 0xEA83, 0xEA83, 0xEA84, 0xEB47, 0xEB47, 0xEB47, 0xEB47, 0xEB47,
    0xEB47, 0xEB47, 0xEB47, 0xEB47, 0xEB47, 0xEB47, 0xEB47, 0xEB47, 0xEB47, 0xEB47, 0xEB47, 0xEB47, 0xEB47, 0xEB47, 0xEB47, 0xEB47,
    0xEB47, 0xEB47, 0xEB47, 0xE2C5, 0xE283, 0xE283, 0xE283, 0xE283, 0xE283, 0xE283, 0xE283, 0xE283, 0xE283, 0xE283, 0xE283, 0xE283,
    0xE283, 0xE283, 0xE283, 0xE283, 0xDA83, 0xDA83, 0xDA63, 0xDA63, 0xDA63, 0xDA63, 0xDA63, 0xDA63, 0xDA63, 0xDA63, 0xDA63, 0xDA63,
    0xDA63, 0xDA63, 0xDA63, 0xDA63, 0xDAC5, 0xDB27, 0xDB07, 0xDB07, 0xDB07, 0xD307, 0xD306, 0xD306, 0xD243, 0xD243, 0xD263, 0xD263,
    0xD263, 0xD243, 0xD263, 0xDB06, 0xDB27, 0xDB07, 0xDB07, 0xDB07, 0xDB07, 0xDB07, 0xDB27, 0xDB27, 0xDB27, 0xDB27, 0xDB27, 0xE327,
    0xE327, 0xE327, 0xE327, 0xE327, 0xE327, 0xE327, 0xE327, 0xE327, 0xE327, 0xE327, 0xE327, 0xE327, 0xE327, 0xE347, 0xE347, 0xE347,
    0xE347, 0xE347, 0xE347, 0xE347, 0xE2E5, 0xE283, 0xE283, 0xE283, 0xE283, 0xE283, 0xE283, 0xE283, 0xE283, 0xE283, 0xE283, 0xE283,
    0xE283, 0xE283, 0xE283, 0xE283, 0xE283, 0xE283, 0xE283, 0xE283, 0xE283, 0xE283, 0xEA83, 0xEA83, 0xEAA4, 0xEB47, 0xEB47, 0xEB47,
    0xEB47, 0xEB47, 0xEB47, 0xEB47, 0xEB47, 0xEB47, 0xEB47, 0xEB47, 0xEB47, 0xEB47, 0xEB47, 0xEB47, 0xEB47, 0xEB47, 0xEB47, 0xEB47,
    0xEB47, 0xEB47, 0xEAC4, 0xEA83, 0xEA83, 0xEA83, 0xEA83, 0xEA83, 0xEA83, 0xEA83, 0xEA83, 0xEA83, 0xEA83, 0xEA83, 0xEA83, 0xEA83,
    0xEA83, 0xEA83, 0xEA83, 0xEA83, 0xEA83, 0xEA84, 0xEA83, 0xEB06, 0xEB67, 0xEB47, 0xEB47, 0xEB47, 0xEB47, 0xEB47, 0xEB47, 0xEB47,
    0xEB47, 0xEB47, 0xEB47, 0xEB47, 0xEB47, 0xEB47, 0xEB47, 0xEB47, 0xEB47, 0xEB47, 0xEB47, 0xEB47, 0xEB47, 0xE347, 0xE347, 0xE327,
    0xE283, 0xE283, 0xE283, 0xE283, 0xE283, 0xE283, 0xE283, 0xE283, 0xE283, 0xE283, 0xE283, 0xE283, 0xE283, 0xE283, 0xE283, 0xDA83,
    0xDA83, 0xDA63, 0xDA63, 0xDA63, 0xDA63, 0xDA63, 0xDA63, 0xDA63, 0xDA63, 0xDA63, 0xDA63, 0xDA63, 0xDA63, 0xDA63, 0xDA63, 0xD263,
    0xD243, 0xDAC5, 0xDB07, 0xD307, 0xD307, 0xD306, 0xD306, 0xD306, 0xD243, 0xD243, 0xD243, 0xD263, 0xD243, 0xD263, 0xDAE6, 0xDB07,
    0xDB07, 0xDB07, 0xDB07, 0xDB07, 0xDB07, 0xDB07, 0xDB07, 0xDB27, 0xDB27, 0xDB27, 0xDB27, 0xDB27, 0xE327, 0xE327, 0xE327, 0xE327,
    0xE327, 0xE327, 0xE327, 0xE327, 0xE327, 0xE327, 0xE327, 0xE327, 0xE327, 0xE327, 0xE347, 0xE347, 0xE347, 0xE347, 0xE347, 0xE327,
    0xE283, 0xE283, 0xE283, 0xE283, 0xE283, 0xE283, 0xE283, 0xE283, 0xE283, 0xE283, 0xE283, 0xE283, 0xE283, 0xE283, 0xE283, 0xE283,
    0xE283, 0xE283, 0xE283, 0xE283, 0xE283, 0xE283, 0xE283, 0xE283, 0xEAC5, 0xEB47, 0xEB47, 0xEB47, 0xEB47, 0xEB47, 0xEB47, 0xEB47,
    0xEB47, 0xEB47, 0xEB47, 0xEB47, 0xEB47, 0xEB47, 0xEB47, 0xEB47, 0xEB47, 0xEB47, 0xEB47, 0xEB47, 0xEB47, 0xEB47, 0xEAC4, 0xEA83,
    0xEA83, 0xEA83, 0xEA83, 0xEA83, 0xEA83, 0xEA83, 0xEA83, 0xEA83, 0xEA83, 0xEA83, 0xEA83, 0xEA83, 0xEA83, 0xEA83, 0xEA83, 0xEA83,
    0xEA83, 0xEA84, 0xEA83, 0xEAE5, 0xEB67, 0xEB47, 0xEB47, 0xEB47, 0xEB47, 0xEB47, 0xEB47, 0xEB47, 0xEB47, 0xEB47, 0xEB47, 0xEB47,
    0xEB47, 0xEB47, 0xEB47, 0xEB47, 0xEB47, 0xEB47, 0xEB47, 0xEB47, 0xE347, 0xE347, 0xE347, 0xE347, 0xE2E5, 0xE263, 0xE283, 0xE283,
    0xE283, 0xE283, 0xE283, 0xE283, 0xE283, 0xE283, 0xE283, 0xE283, 0xE283, 0xE283, 0xDA83, 0xDA83, 0xDA63, 0xDA63, 0xDA63, 0xDA63,
    0xDA63, 0xDA63, 0xDA63, 0xDA63, 0xDA63, 0xDA63, 0xDA63, 0xDA63, 0xDA63, 0xDA63, 0xD263, 0xD263, 0xD263, 0xD243, 0xD2C5, 0xD307,
    0xD306, 0xD306, 0xD306, 0xD306, 0xD243, 0xD243, 0xD243, 0xD243, 0xD263, 0xD2E6, 0xDB07, 0xDB07, 0xDB07, 0xDB07, 0xDB07, 0xDB07,
    0xDB07, 0xDB07, 0xDB07, 0xDB07, 0xDB27, 0xDB27, 0xDB27, 0xDB27, 0xDB27, 0xDB27, 0xE327, 0xE327, 0xE327, 0xE327, 0xE327, 0xE327,
    0xE327, 0xE327, 0xE327, 0xE327, 0xE327, 0xE327, 0xE327, 0xE327, 0xE347, 0xE347, 0xE347, 0xE2C5, 0xE263, 0xE283, 0xE283, 0xE283,
    0xE283, 0xE283, 0xE283, 0xE283, 0xE283, 0xE283, 0xE283, 0xE283, 0xE283, 0xE283, 0xE283, 0xE283, 0xE283, 0xE283, 0xE283, 0xE283,
    0xE283, 0xE283, 0xE283, 0xE283, 0xEB06, 0xEB67, 0xEB47, 0xEB47, 0xEB47, 0xEB47, 0xEB47, 0xEB47, 0xEB47, 0xEB47, 0xEB47, 0xEB47,
    0xEB47, 0xEB47, 0xEB47, 0xEB47, 0xEB47, 0xEB47, 0xEB47, 0xEB47, 0xEB47, 0xEB47, 0xEAC4, 0xEA83, 0xEA83, 0xEA83, 0xEA83, 0xEA83,
    0xEA83, 0xEA83, 0xEA83, 0xEA83, 0xEA83, 0xEA83, 0xEA83, 0xEA83, 0xEA83, 0xEA83, 0xE283, 0xE283, 0xE283, 0xE283, 0xE283, 0xE2A4,
    0xEB47, 0xEB47, 0xEB47, 0xEB47, 0xEB47, 0xEB47, 0xEB47, 0xEB47, 0xEB47, 0xEB47, 0xEB47, 0xEB47, 0xEB47, 0xEB47, 0xEB47, 0xEB47,
    0xEB47, 0xE347, 0xE347, 0xE347, 0xE347, 0xE347, 0xE347, 0xE347, 0xE327, 0xE284, 0xE283, 0xE283, 0xE283, 0xE283, 0xE283, 0xE283,
    0xE283, 0xE283, 0xE283, 0xE283, 0xDA83, 0xDA83, 0xDA63, 0xDA63, 0xDA63, 0xDA63, 0xDA63, 0xDA63, 0xDA63, 0xDA63, 0xDA63, 0xDA63,
    0xDA63, 0xDA63, 0xDA63, 0xDA63, 0xDA63, 0xD263, 0xD263, 0xD263, 0xD263, 0xD263, 0xD243, 0xD2C5, 0xD307, 0xD306, 0xD306, 0xD2E6,
    0xCA43, 0xCA43, 0xD243, 0xD263, 0xD2E6, 0xD307, 0xD306, 0xD307, 0xDB07, 0xDB07, 0xDB07, 0xDB07, 0xDB07, 0xDB07, 0xDB07, 0xDB07,
    0xDB07, 0xDB27, 0xDB27, 0xDB27, 0xDB27, 0xDB27, 0xDB27, 0xE327, 0xE327, 0xE327, 0xE327, 0xE327, 0xE327, 0xE327, 0xE327, 0xE327,
    0xE327, 0xE327, 0xE327, 0xE327, 0xE327, 0xE347, 0xE306, 0xE263, 0xE283, 0xE283, 0xE283, 0xE283, 0xE283, 0xE283, 0xE283, 0xE283,
    0xE283, 0xE283, 0xE283, 0xE283, 0xE283, 0xE283, 0xE283, 0xE283, 0xE283, 0xE283, 0xE283, 0xE283, 0xE283, 0xE283, 0xE283, 0xE283,
    0xEB26, 0xEB47, 0xEB47, 0xEB47, 0xEB47, 0xEB47, 0xEB47, 0xEB47, 0xEB47, 0xEB47, 0xEB47, 0xEB47, 0xEB47, 0xEB47, 0xEB47, 0xEB47,
    0xEB47, 0xEB47, 0xEB47, 0xEB47, 0xEB47, 0xEB47, 0xEAC4, 0xEA83, 0xEA83, 0xEA83, 0xEA83, 0xEA83, 0xE283, 0xE283, 0xE283, 0xE283,
    0xE283, 0xE283, 0xE283, 0xE283, 0xE283, 0xE283, 0xE283, 0xE283, 0xE283, 0xE283, 0xE283, 0xE283, 0xEB26, 0xEB47, 0xEB47, 0xEB47,
    0xEB47, 0xEB47, 0xEB47, 0xEB47, 0xEB47, 0xEB47, 0xEB47, 0xEB47, 0xEB47, 0xEB47, 0xEB47, 0xE347, 0xE347, 0xE347, 0xE347, 0xE347,
    0xE347, 0xE347, 0xE347, 0xE347, 0xE347, 0xE306, 0xE283, 0xE283, 0xE283, 0xE283, 0xE283, 0xE283, 0xE283, 0xE283, 0xE283, 0xDA83,
    0xDA83, 0xDA63, 0xDA63, 0xDA63, 0xDA63, 0xDA63, 0xDA63, 0xDA63, 0xDA63, 0xDA63, 0xDA63, 0xDA63, 0xDA63, 0xDA63, 0xDA63, 0xD263,
    0xD263, 0xD263, 0xD263, 0xD263, 0xD263, 0xD263, 0xD263, 0xD243, 0xD2A5, 0xD307, 0xD2E6, 0xD2E6, 0xCA43, 0xCA43, 0xD263, 0xD2E6,
    0xD307, 0xD306, 0xD306, 0xD306, 0xD307, 0xDB07, 0xDB07, 0xDB07, 0xDB07, 0xDB07, 0xDB07, 0xDB07, 0xDB07, 0xDB07, 0xDB27, 0xDB27,
    0xDB27, 0xDB27, 0xDB27, 0xDB27, 0xDB27, 0xE327, 0xE327, 0xE327, 0xE327, 0xE327, 0xE327, 0xE327, 0xE327, 0xE327, 0xE327, 0xE327,
    0xE327, 0xE327, 0xE2A4, 0xE283, 0xE283, 0xE283, 0xE283, 0xE283, 0xE283, 0xE283, 0xE283, 0xE283, 0xE283, 0xE283, 0xE283, 0xE283,
    0xE283, 0xE283, 0xE283, 0xE283, 0xE283, 0xE283, 0xE283, 0xE283, 0xE283, 0xE283, 0xE283, 0xE2A4, 0xEB47, 0xEB47, 0xEB47, 0xEB47,
    0xEB47, 0xEB47, 0xEB47, 0xEB47, 0xEB47, 0xEB47, 0xEB47, 0xEB47, 0xEB47, 0xEB47, 0xEB47, 0xEB47, 0xEB47, 0xEB47, 0xEB47, 0xEB47,
    0xEB47, 0xEB47, 0xEAC4, 0xE283, 0xE283, 0xE283, 0xE283, 0xE283, 0xE283, 0xE283, 0xE283, 0xE283, 0xE283, 0xE283, 0xE283, 0xE283,
    0xE283, 0xE283, 0xE283, 0xE283, 0xE283, 0xE283, 0xE283, 0xE283, 0xEAE6, 0xEB47, 0xEB47, 0xEB47, 0xEB47, 0xEB47, 0xEB47, 0xEB47,
    0xEB47, 0xEB47, 0xEB47, 0xEB47, 0xE347, 0xE347, 0xE347, 0xE347, 0xE347, 0xE347, 0xE347, 0xE347, 0xE347, 0xE347, 0xE347, 0xE347,
    0xE327, 0xE347, 0xE2A4, 0xE263, 0xE283, 0xE283, 0xE283, 0xE283, 0xE283, 0xDA83, 0xDA83, 0xDA63, 0xDA63, 0xDA63, 0xDA63, 0xDA63,
    0xDA63, 0xDA63, 0xDA63, 0xDA63, 0xDA63, 0xDA63, 0xDA63, 0xDA63, 0xDA63, 0xDA63, 0xDA63, 0xD263, 0xD263, 0xD263, 0xD263, 0xD263,
    0xD263, 0xD263, 0xD243, 0xD243, 0xD243, 0xD2A5, 0xD307, 0xD2E6, 0xCA43, 0xCA63, 0xD2E6, 0xD307, 0xD2E6, 0xD306, 0xD306, 0xD306,
    0xD306, 0xD307, 0xDB07, 0xDB07, 0xDB07, 0xDB07, 0xDB07, 0xDB07, 0xDB07, 0xDB07, 0xDB07, 0xDB07, 0xDB27, 0xDB27, 0xDB27, 0xDB27,
    0xDB27, 0xDB27, 0xDB27, 0xE327, 0xE327, 0xE327, 0xE327, 0xE327, 0xE327, 0xE327, 0xE327, 0xE327, 0xE347, 0xE2E5, 0xE263, 0xE283,
    0xE283, 0xE283, 0xE283, 0xE283, 0xE283, 0xE283, 0xE283, 0xE283, 0xE283, 0xE283, 0xE283, 0xE283, 0xE283, 0xE283, 0xE283, 0xE283,
    0xE283, 0xE283, 0xE283, 0xE283, 0xE283, 0xE283, 0xE283, 0xEAC5, 0xEB47, 0xEB47, 0xEB47, 0xEB47, 0xEB47, 0xEB47, 0xEB47, 0xEB47,
    0xEB47, 0xEB47, 0xEB47, 0xEB47, 0xEB47, 0xEB47, 0xEB47, 0xEB47, 0xEB47, 0xEB47, 0xEB47, 0xEB47, 0xEB47, 0xEB47, 0xEAC4, 0xE283,
    0xE283, 0xE283, 0xE283, 0xE283, 0xE283, 0xE283, 0xE283, 0xE283, 0xE283, 0xE283, 0xE283, 0xE283, 0xE283, 0xE283, 0xE283, 0xE283,
    0xE283, 0xE283, 0xE283, 0xE283, 0xE2C5, 0xEB47, 0xEB47, 0xEB47, 0xEB47, 0xEB47, 0xEB47, 0xEB47, 0xEB47, 0xE347, 0xE347, 0xE347,
    0xE347, 0xE347, 0xE347, 0xE347, 0xE347, 0xE347, 0xE347, 0xE347, 0xE347, 0xE347, 0xE327, 0xE327, 0xE327, 0xE347, 0xE306, 0xE263,
    0xE283, 0xE283, 0xDA83, 0xDA83, 0xDA83, 0xDA63, 0xDA63, 0xDA63, 0xDA63, 0xDA63, 0xDA63, 0xDA63, 0xDA63, 0xDA63, 0xDA63, 0xDA63,
    0xDA63, 0xDA63, 0xDA63, 0xDA63, 0xDA63, 0xD263, 0xD263, 0xD263, 0xD263, 0xD263, 0xD263, 0xD263, 0xD263, 0xD243, 0xD243, 0xD243,
    0xCA43, 0xCA43, 0xD2A5, 0xD307, 0xCA43, 0xD2C6, 0xD2E7, 0xD2E6, 0xD2E6, 0xD306, 0xD306, 0xD306, 0xD306, 0xD306, 0xD307, 0xD307,
    0xDB07, 0xDB07, 0xDB07, 0xDB07, 0xDB07, 0xDB07, 0xDB07, 0xDB07, 0xDB07, 0xDB07, 0xDB27, 0xDB27, 0xDB27, 0xDB27, 0xDB27, 0xE327,
    0xE327, 0xE327, 0xE327, 0xE327, 0xE327, 0xE327, 0xE327, 0xE327, 0xE327, 0xE284, 0xE263, 0xE283, 0xE283, 0xE283, 0xE283, 0xE283,
    0xE283, 0xE283, 0xE283, 0xE283, 0xE283, 0xE283, 0xE283, 0xE283, 0xE283, 0xE283, 0xE283, 0xE283, 0xE283, 0xE283, 0xE283, 0xE283,
    0xE283, 0xE283, 0xE283, 0xE306, 0xEB47, 0xEB47, 0xEB47, 0xEB47, 0xEB47, 0xEB47, 0xEB47, 0xEB47, 0xEB47, 0xEB47, 0xEB47, 0xEB47,
    0xEB47, 0xEB47, 0xEB47, 0xEB47, 0xEB47, 0xEB47, 0xEB47, 0xEB47, 0xEB47, 0xEB47, 0xEAC4, 0xE283, 0xE283, 0xE283, 0xE283, 0xE283,
    0xE283, 0xE283, 0xE283, 0xE283, 0xE283, 0xE283, 0xE283, 0xE283, 0xE283, 0xE283, 0xE283, 0xE283, 0xE283, 0xE283, 0xE283, 0xE283,
    0xE2A4, 0xEB47, 0xEB47, 0xEB47, 0xEB47, 0xEB47, 0xEB47, 0xE347, 0xE347, 0xE347, 0xE347, 0xE347, 0xE347, 0xE347, 0xE347, 0xE347,
    0xE347, 0xE347, 0xE347, 0xE347, 0xE327, 0xE327, 0xE327, 0xE327, 0xE327, 0xE327, 0xE347, 0xE2C5, 0xE263, 0xDA83, 0xDA83, 0xDA83,
    0xDA63, 0xDA63, 0xDA63, 0xDA63, 0xDA63, 0xDA63, 0xDA63, 0xDA63, 0xDA63, 0xDA63, 0xDA63, 0xDA63, 0xDA63, 0xDA63, 0xDA63, 0xDA63,
    0xD263, 0xD263, 0xD263, 0xD263, 0xD263, 0xD263, 0xD263, 0xD243, 0xD243, 0xD243, 0xD243, 0xD243, 0xCA43, 0xCA43, 0xCA43, 0xCAA5,
    0xCAC6, 0xCAE7, 0xD2E6, 0xD2E6, 0xD2E6, 0xD2E6, 0xD2E6, 0xD306, 0xD306, 0xD306, 0xD306, 0xD306, 0xD307, 0xDB07, 0xDB07, 0xDB07,
    0xDB07, 0xDB07, 0xDB07, 0xDB07, 0xDB07, 0xDB07, 0xDB07, 0xDB07, 0xDB27, 0xDB27, 0xDB27, 0xDB27, 0xDB27, 0xDB27, 0xE327, 0xE327,
    0xE327, 0xE327, 0xE327, 0xE327, 0xE2C5, 0xE263, 0xE283, 0xE283, 0xE283, 0xE283, 0xE283, 0xE283, 0xE283, 0xE283, 0xE283, 0xE283,
    0xE283, 0xE283, 0xE283, 0xE283, 0xE283, 0xE283, 0xE283, 0xE283, 0xE283, 0xE283, 0xE283, 0xE283, 0xE283, 0xE283, 0xE283, 0xEB27,
    0xEB47, 0xEB47, 0xEB47, 0xEB47, 0xEB47, 0xEB47, 0xEB47, 0xEB47, 0xEB47, 0xEB47, 0xEB47, 0xEB47, 0xEB47, 0xEB47, 0xEB47, 0xEB47,
    0xEB47, 0xEB47, 0xEB47, 0xEB47, 0xEB47, 0xEB47, 0xE2A4, 0xE283, 0xE283, 0xE283, 0xE283, 0xE283, 0xE283, 0xE283, 0xE283, 0xE283,
    0xE283, 0xE283, 0xE283, 0xE283, 0xE283, 0xE283, 0xE283, 0xE283, 0xE283, 0xE283, 0xE283, 0xE283, 0xE283, 0xE306, 0xEB47, 0xE347,
    0xE347, 0xE347, 0xE347, 0xE347, 0xE347, 0xE347, 0xE347, 0xE347, 0xE347, 0xE347, 0xE347, 0xE347, 0xE347, 0xE327, 0xE327, 0xE327,
    0xE327, 0xE327, 0xE327, 0xE327, 0xE327, 0xE327, 0xE327, 0xE327, 0xDA84, 0xDA63, 0xDA63, 0xDA63, 0xDA63, 0xDA63, 0xDA63, 0xDA63,
    0xDA63, 0xDA63, 0xDA63, 0xDA63, 0xDA63, 0xDA63, 0xDA63, 0xDA63, 0xDA63, 0xDA63, 0xD263, 0xD263, 0xD263, 0xD263, 0xD263, 0xD263,
    0xD263, 0xD263, 0xD243, 0xD243, 0xD243, 0xD243, 0xD243, 0xCA43, 0xCA43, 0xCA43, 0xCA43, 0xCA43, 0xCAE6, 0xCAE6, 0xCAE6, 0xD2E6,
    0xD2E6, 0xD2E6, 0xD2E6, 0xD2E6, 0xD2E6, 0xD306, 0xD306, 0xD306, 0xD307, 0xD307, 0xD307, 0xDB07, 0xDB07, 0xDB07, 0xDB07, 0xDB07,
    0xDB07, 0xDB07, 0xDB07, 0xDB07, 0xDB27, 0xDB27, 0xDB27, 0xDB27, 0xDB27, 0xDB27, 0xDB27, 0xE327, 0xE327, 0xE327, 0xE327, 0xE306,
    0xDA63, 0xDA83, 0xE283, 0xDA83, 0xE283, 0xE283, 0xE283, 0xE283, 0xE283, 0xE283, 0xE283, 0xE283, 0xE283, 0xE283, 0xE283, 0xE283,
    0xE283, 0xE283, 0xE283, 0xE283, 0xE283, 0xE283, 0xE283, 0xE283, 0xE283, 0xE283, 0xE2A4, 0xE347, 0xE347, 0xEB47, 0xEB47, 0xEB47,
    0xEB47, 0xEB47, 0xEB47, 0xEB47, 0xEB47, 0xEB47, 0xEB47, 0xEB47, 0xEB47, 0xEB47, 0xEB47, 0xEB47, 0xEB47, 0xEB47, 0xEB47, 0xEB47,
    0xEB47, 0xEB47, 0xE2A4, 0xE283, 0xE283, 0xE283, 0xE283, 0xE283, 0xE283, 0xE283, 0xE283, 0xE283, 0xE283, 0xE283, 0xE283, 0xE283,
    0xE283, 0xE283, 0xE283, 0xE283, 0xE283, 0xE283, 0xE283, 0xE283, 0xE283, 0xE2E5, 0xE347, 0xE347, 0xE347, 0xE347, 0xE347, 0xE347,
    0xE347, 0xE347, 0xE347, 0xE347, 0xE347, 0xE347, 0xE347, 0xE347, 0xE327, 0xE327, 0xE327, 0xE327, 0xE327, 0xE327, 0xE327, 0xE327,
    0xE327, 0xE327, 0xE327, 0xE327, 0xE2E5, 0xDA63, 0xDA63, 0xDA63, 0xDA63, 0xDA63, 0xDA63, 0xDA63, 0xDA63, 0xDA63, 0xDA63, 0xDA63,
    0xDA63, 0xDA63, 0xDA63, 0xDA63, 0xDA63, 0xDA63, 0xD263, 0xD263, 0xD263, 0xD263, 0xD263, 0xD263, 0xD263, 0xD263, 0xD243, 0xD243,
    0xD243, 0xCA43, 0xCA43, 0xCA43, 0xCA43, 0xCA43, 0xCA43, 0xCA43, 0xCAE6, 0xCAE6, 0xCAE6, 0xCAE6, 0xD2E6, 0xD2E6, 0xD2E6, 0xD2E6,
    0xD2E6, 0xD2E6, 0xD306, 0xD306, 0xD306, 0xD306, 0xD307, 0xDB07, 0xDB07, 0xDB07, 0xDB07, 0xDB07, 0xDB07, 0xDB07, 0xDB07, 0xDB07,
    0xDB07, 0xDB07, 0xDB07, 0xDB27, 0xDB27, 0xDB27, 0xDB27, 0xDB27, 0xDB27, 0xE327, 0xE327, 0xDAA4, 0xDA63, 0xDA63, 0xDA83, 0xDA83,
    0xDA83, 0xE283, 0xE283, 0xE283, 0xE283, 0xE283, 0xE283, 0xE283, 0xE283, 0xE283, 0xE283, 0xE283, 0xE283, 0xE283, 0xE283, 0xE283,
    0xE283, 0xE283, 0xE283, 0xE283, 0xE283, 0xE263, 0xE2C5, 0xE347, 0xE347, 0xE347, 0xE347, 0xE347, 0xE347, 0xE347, 0xE347, 0xE347,
    0xEB47, 0xEB47, 0xEB47, 0xEB47, 0xEB47, 0xEB47, 0xEB47, 0xEB47, 0xEB47, 0xEB47, 0xEB47, 0xEB47, 0xEB47, 0xEB47, 0xE2A4, 0xE283,
    0xE283, 0xE283, 0xE283, 0xE283, 0xE283, 0xE283, 0xE283, 0xE283, 0xE283, 0xE283, 0xE283, 0xE283, 0xE283, 0xE283, 0xE283, 0xE283,
    0xE283, 0xE283, 0xE283, 0xE283, 0xE283, 0xE2A4, 0xE347, 0xE347, 0xE347, 0xE347, 0xE347, 0xE347, 0xE347, 0xE347, 0xE347, 0xE347,
    0xE327, 0xE327, 0xE327, 0xE327, 0xE327, 0xE327, 0xE327, 0xE327, 0xE327, 0xE327, 0xE327, 0xE327, 0xE327, 0xE327, 0xE327, 0xE327,
    0xE327, 0xDA84, 0xDA63, 0xDA63, 0xDA63, 0xDA63, 0xDA63, 0xDA63, 0xDA63, 0xDA63, 0xDA63, 0xDA63, 0xDA63, 0xDA63, 0xDA63, 0xDA63,
    0xD263, 0xD263, 0xD263, 0xD263, 0xD263, 0xD263, 0xD263, 0xD263, 0xD243, 0xD243, 0xD243, 0xD243, 0xCA43, 0xCA43, 0xCA43, 0xCA43,
    0xCA43, 0xCA43, 0xCA43, 0xCA43, 0xCAE6, 0xCAE6, 0xCAE6, 0xCAE6, 0xCAE6, 0xD2E6, 0xD2E6, 0xD2E6, 0xD2E6, 0xD2E6, 0xD2E6, 0xD306,
    0xD306, 0xD306, 0xD306, 0xD307, 0xD307, 0xDB07, 0xDB07, 0xDB07, 0xDB07, 0xDB07, 0xDB07, 0xDB07, 0xDB07, 0xDB07, 0xDB07, 0xDB07,
    0xDB27, 0xDB27, 0xDB27, 0xDB27, 0xDB27, 0xDB27, 0xDAE6, 0xDA63, 0xDA63, 0xDA63, 0xDA63, 0xDA63, 0xDA63, 0xDA83, 0xDA83, 0xDA83,
    0xE283, 0xE283, 0xE283, 0xE283, 0xE283, 0xE283, 0xE283, 0xE283, 0xE283, 0xE283, 0xE283, 0xE283, 0xE283, 0xE283, 0xE283, 0xE283,
    0xE283, 0xE283, 0xE306, 0xE347, 0xE347, 0xE347, 0xE347, 0xE347, 0xE347, 0xE347, 0xE347, 0xE347, 0xE347, 0xE347, 0xE347, 0xE347,
    0xE347, 0xE347, 0xE347, 0xE347, 0xE347, 0xE347, 0xE347, 0xE347, 0xE347, 0xE347, 0xE2A4, 0xE283, 0xE283, 0xE283, 0xE283, 0xE283,
    0xE283, 0xE283, 0xE283, 0xE283, 0xE283, 0xE283, 0xE283, 0xE283, 0xE283, 0xE283, 0xE283, 0xE283, 0xE283, 0xE283, 0xE283, 0xE283,
    0xE283, 0xE283, 0xE327, 0xE347, 0xE347, 0xE347, 0xE347, 0xE347, 0xE347, 0xE327, 0xE327, 0xE327, 0xE327, 0xE327, 0xE327, 0xE327,
    0xE327, 0xE327, 0xE327, 0xE327, 0xE327, 0xE327, 0xE327, 0xE327, 0xE327, 0xE327, 0xE327, 0xE327, 0xE327, 0xDAE6, 0xDA63, 0xDA63,
    0xDA63, 0xDA63, 0xDA63, 0xDA63, 0xDA63, 0xDA63, 0xDA63, 0xDA63, 0xDA63, 0xDA63, 0xD263, 0xD263, 0xD263, 0xD263, 0xD263, 0xD263,
    0xD263, 0xD263, 0xD243, 0xD243, 0xD243, 0xD243, 0xD243, 0xCA43, 0xCA43, 0xCA43, 0xCA43, 0xCA43, 0xCA43, 0xCA43, 0xCA43, 0xCA43,
    0xCAE6, 0xCAE6, 0xCAE6, 0xCAE6, 0xCAE6, 0xCAE6, 0xD2E6, 0xD2E6, 0xD2E6, 0xD2E6, 0xD2E6, 0xD2E6, 0xD306, 0xD306, 0xD306, 0xD306,
    0xD306, 0xD307, 0xD307, 0xDB07, 0xDB07, 0xDB07, 0xDB07, 0xDB07, 0xDB07, 0xDB07, 0xDB07, 0xDB07, 0xDB07, 0xDB07, 0xDB27, 0xDB27,
    0xDB27, 0xDB27, 0xDA84, 0xDA63, 0xDA63, 0xDA63, 0xDA63, 0xDA63, 0xDA63, 0xDA63, 0xDA83, 0xDA83, 0xDA83, 0xE283, 0xE283, 0xE283,
    0xE283, 0xE283, 0xE283, 0xE283, 0xE283, 0xE283, 0xE283, 0xE283, 0xE283, 0xE283, 0xE283, 0xE283, 0xE283, 0xE284, 0xE327, 0xE347,
    0xE347, 0xE347, 0xE347, 0xE347, 0xE347, 0xE347, 0xE347, 0xE347, 0xE347, 0xE347, 0xE347, 0xE347, 0xE347, 0xE347, 0xE347, 0xE347,
    0xE347, 0xE347, 0xE347, 0xE347, 0xE347, 0xE347, 0xE2A4, 0xE283, 0xE283, 0xE283, 0xE283, 0xE283, 0xE283, 0xE283, 0xE283, 0xE283,
    0xE283, 0xE283, 0xE283, 0xE283, 0xE283, 0xE283, 0xE283, 0xE283, 0xE283, 0xE283, 0xE283, 0xE283, 0xE283, 0xE283, 0xE306, 0xE347,
    0xE347, 0xE347, 0xE347, 0xE327, 0xE327, 0xE327, 0xE327, 0xE327, 0xE327, 0xE327, 0xE327, 0xE327, 0xE327, 0xE327, 0xE327, 0xE327,
    0xE327, 0xE327, 0xE327, 0xE327, 0xE327, 0xE327, 0xE327, 0xDB27, 0xDB27, 0xDB27, 0xDAA4, 0xDA63, 0xDA63, 0xDA63, 0xDA63, 0xDA63,
    0xDA63, 0xDA63, 0xDA63, 0xDA63, 0xD263, 0xD263, 0xD263, 0xD263, 0xD263, 0xD263, 0xD263, 0xD263, 0xD263, 0xD243, 0xD243, 0xD243,
    0xD243, 0xD243, 0xCA43, 0xCA43, 0xCA43, 0xCA43, 0xCA43, 0xCA43, 0xCA43, 0xCA43, 0xCA43, 0xCA43, 0xCAC6, 0xCAC6, 0xCAE6, 0xCAE6,
    0xCAE6, 0xCAE6, 0xCAE6, 0xCAE6, 0xD2E6, 0xD2E6, 0xD2E6, 0xD2E6, 0xD2E6, 0xD2E6, 0xD306, 0xD306, 0xD306, 0xD306, 0xD307, 0xD307,
    0xDB07, 0xDB07, 0xDB07, 0xDB07, 0xDB07, 0xDB07, 0xDB07, 0xDB07, 0xDB07, 0xDB07, 0xDB07, 0xDB07, 0xDB27, 0xDAC5, 0xDA63, 0xDA63,
    0xDA63, 0xDA63, 0xDA63, 0xDA63, 0xDA63, 0xDA63, 0xDA63, 0xDA63, 0xDA63, 0xDA83, 0xDA83, 0xDA83, 0xE283, 0xE283, 0xE283, 0xE283,
    0xE283, 0xE283, 0xE283, 0xE283, 0xE283, 0xE283, 0xE283, 0xE283, 0xE283, 0xE2A4, 0xE347, 0xE347, 0xE347, 0xE347, 0xE347, 0xE347,
    0xE347, 0xE347, 0xE347, 0xE347, 0xE347, 0xE347, 0xE347, 0xE347, 0xE347, 0xE347, 0xE347, 0xE347, 0xE347, 0xE347, 0xE347, 0xE347,
    0xE347, 0xE347, 0xE2A4, 0xE263, 0xE283, 0xE283, 0xE283, 0xE283, 0xE283, 0xE283, 0xE283, 0xE283, 0xE283, 0xE283, 0xE283, 0xE283,
    0xE283, 0xE283, 0xE283, 0xE283, 0xE283, 0xE283, 0xE283, 0xE283, 0xE283, 0xE263, 0xE2C5, 0xE347, 0xE327, 0xE327, 0xE327, 0xE327,
    0xE327, 0xE327, 0xE327, 0xE327, 0xE327, 0xE327, 0xE327, 0xE327, 0xE327, 0xE327, 0xE327, 0xE327, 0xE327, 0xE327, 0xE327, 0xE327,
    0xE327, 0xDB27, 0xDB27, 0xDB27, 0xDB27, 0xDB27, 0xDB06, 0xDA63, 0xDA63, 0xDA63, 0xDA63, 0xDA63, 0xDA63, 0xDA63, 0xDA63, 0xD263,
    0xD263, 0xD263, 0xD263, 0xD263, 0xD263, 0xD263, 0xD263, 0xD243, 0xD243, 0xD243, 0xD243, 0xD243, 0xCA43, 0xCA43, 0xCA43, 0xCA43,
    0xCA43, 0xCA43, 0xCA43, 0xCA43, 0xCA43, 0xCA43, 0xCA43, 0xCA43, 0xCAC6, 0xCAC6, 0xCAE6, 0xCAE6, 0xCAE6, 0xCAE6, 0xCAE6, 0xCAE6,
    0xCAE6, 0xD2E6, 0xD2E6, 0xD2E6, 0xD2E6, 0xD2E6, 0xD2E6, 0xD306, 0xD306, 0xD306, 0xD306, 0xD307, 0xD307, 0xD307, 0xDB07, 0xDB07,
    0xDB07, 0xDB07, 0xDB07, 0xDB07, 0xDB07, 0xDB07, 0xDB07, 0xDB07, 0xDB06, 0xDA63, 0xDA63, 0xDA63, 0xDA63, 0xDA63, 0xDA63, 0xDA63,
    0xDA63, 0xDA63, 0xDA63, 0xDA63, 0xDA63, 0xDA63, 0xDA63, 0xDA83, 0xDA83, 0xDA83, 0xDA83, 0xE283, 0xE283, 0xE283, 0xE283, 0xE283,
    0xE283, 0xE283, 0xE283, 0xE283, 0xE263, 0xE2E5, 0xE347, 0xE327, 0xE327, 0xE327, 0xE327, 0xE347, 0xE347, 0xE347, 0xE347, 0xE347,
    0xE347, 0xE347, 0xE347, 0xE347, 0xE347, 0xE347, 0xE347, 0xE347, 0xE347, 0xE347, 0xE347, 0xE347, 0xE347, 0xE347, 0xE2A4, 0xE263,
    0xE283, 0xE283, 0xE283, 0xE283, 0xE283, 0xE283, 0xE283, 0xE283, 0xE283, 0xE283, 0xE283, 0xE283, 0xE283, 0xE283, 0xE283, 0xE283,
    0xE283, 0xE283, 0xE283, 0xE283, 0xE283, 0xE283, 0xE2A4, 0xE327, 0xE327, 0xE327, 0xE327, 0xE327, 0xE327, 0xE327, 0xE327, 0xE327,
    0xE327, 0xE327, 0xE327, 0xE327, 0xE327, 0xE327, 0xE327, 0xE327, 0xE327, 0xE327, 0xE327, 0xE327, 0xDB27, 0xDB27, 0xDB27, 0xDB27,
    0xDB27, 0xDB27, 0xDB27, 0xDAA5, 0xDA63, 0xDA63, 0xDA63, 0xDA63, 0xDA63, 0xD263, 0xD263, 0xD263, 0xD263, 0xD263, 0xD263, 0xD263,
    0xD263, 0xD263, 0xD263, 0xD243, 0xD243, 0xD243, 0xD243, 0xCA43, 0xCA43, 0xCA43, 0xCA43, 0xCA43, 0xCA43, 0xCA43, 0xCA43, 0xCA43,
    0xCA43, 0xCA43, 0xCA43, 0xC223, 0xCAC6, 0xCAC6, 0xCAC6, 0xCAE6, 0xCAE6, 0xCAE6, 0xCAE6, 0xCAE6, 0xCAE6, 0xCAE6, 0xD2E6, 0xD2E6,
    0xD2E6, 0xD2E6, 0xD2E6, 0xD2E6, 0xD2E6, 0xD306, 0xD306, 0xD306, 0xD306, 0xD307, 0xD307, 0xDB07, 0xDB07, 0xDB07, 0xDB07, 0xDB07,
    0xDB07, 0xDB07, 0xDB07, 0xDB27, 0xDAA5, 0xDA63, 0xDA63, 0xDA63, 0xDA63, 0xDA63, 0xDA63, 0xDA63, 0xDA63, 0xDA63, 0xDA63, 0xDA63,
    0xDA63, 0xDA63, 0xDA63, 0xDA63, 0xDA63, 0xDA63, 0xDA83, 0xDA83, 0xDA83, 0xDA83, 0xE283, 0xE283, 0xE283, 0xE283, 0xE283, 0xE283,
    0xE263, 0xE306, 0xE347, 0xE327, 0xE327, 0xE327, 0xE327, 0xE327, 0xE327, 0xE327, 0xE327, 0xE327, 0xE327, 0xE347, 0xE347, 0xE347,
    0xE347, 0xE347, 0xE347, 0xE347, 0xE347, 0xE347, 0xE347, 0xE347, 0xE347, 0xE347, 0xE2A4, 0xE263, 0xE283, 0xE283, 0xE283, 0xE283,
    0xE283, 0xE283, 0xE283, 0xE283, 0xE283, 0xE283, 0xE283, 0xE283, 0xE283, 0xE283, 0xE283, 0xE283, 0xE283, 0xE283, 0xE283, 0xE283,
    0xE283, 0xE283, 0xE283, 0xE326, 0xE347, 0xE327, 0xE327, 0xE327, 0xE327, 0xE327, 0xE327, 0xE327, 0xE327, 0xE327, 0xE327, 0xE327,
    0xE327, 0xE327, 0xE327, 0xE327, 0xDB27, 0xDB27, 0xDB27, 0xDB27, 0xDB27, 0xDB27, 0xDB27, 0xDB27, 0xDB27, 0xDB07, 0xDB27, 0xDB06,
    0xDA63, 0xDA63, 0xDA63, 0xD263, 0xD263, 0xD263, 0xD263, 0xD263, 0xD263, 0xD263, 0xD263, 0xD263, 0xD263, 0xD243, 0xD243, 0xD243,
    0xD243, 0xCA43, 0xCA43, 0xCA43, 0xCA43, 0xCA43, 0xCA43, 0xCA43, 0xCA43, 0xCA43, 0xCA43, 0xCA43, 0xCA43, 0xCA43, 0xC223, 0xC223,
    0xCAC6, 0xCAC6, 0xCAC6, 0xCAC6, 0xCAC6, 0xCAE6, 0xCAE6, 0xCAE6, 0xCAE6, 0xCAE6, 0xCAE6, 0xCAE6, 0xD2E6, 0xD2E6, 0xD2E6, 0xD2E6,
    0xD2E6, 0xD2E6, 0xD306, 0xD306, 0xD306, 0xD306, 0xD306, 0xD306, 0xD307, 0xDB07, 0xDB07, 0xDB07, 0xDB07, 0xDB07, 0xDB07, 0xDAE6,
    0xDA63, 0xDA63, 0xDA63, 0xDA63, 0xDA63, 0xDA63, 0xDA63, 0xDA63, 0xDA63, 0xDA63, 0xDA63, 0xDA63, 0xDA63, 0xDA63, 0xDA63, 0xDA63,
    0xDA63, 0xDA63, 0xDA63, 0xDA63, 0xDA63, 0xDA63, 0xDA83, 0xDA83, 0xDA83, 0xDA83, 0xE283, 0xE283, 0xE284, 0xE327, 0xE327, 0xE327,
    0xE327, 0xE327, 0xE327, 0xE327, 0xE327, 0xE327, 0xE327, 0xE327, 0xE327, 0xE327, 0xE327, 0xE327, 0xE327, 0xE327, 0xE327, 0xE327,
    0xE327, 0xE327, 0xE327, 0xE327, 0xE327, 0xE347, 0xE2A4, 0xE283, 0xE283, 0xE283, 0xE283, 0xE283, 0xE283, 0xE283, 0xE283, 0xE283,
    0xE283, 0xE283, 0xE283, 0xE283, 0xE283, 0xE283, 0xE283, 0xE283, 0xE283, 0xE283, 0xE283, 0xE283, 0xE283, 0xE283, 0xE263, 0xE2E6,
    0xE347, 0xE327, 0xE327, 0xE327, 0xE327, 0xE327, 0xE327, 0xE327, 0xE327, 0xE327, 0xE327, 0xE327, 0xE327, 0xDB27, 0xDB27, 0xDB27,
    0xDB27, 0xDB27, 0xDB27, 0xDB27, 0xDB27, 0xDB27, 0xDB07, 0xDB07, 0xDB07, 0xDB07, 0xDB07, 0xDB27, 0xDAC5, 0xD263, 0xD263, 0xD263,
    0xD263, 0xD263, 0xD263, 0xD263, 0xD263, 0xD263, 0xD243, 0xD243, 0xD243, 0xD243, 0xD243, 0xCA43, 0xCA43, 0xCA43, 0xCA43, 0xCA43,
    0xCA43, 0xCA43, 0xCA43, 0xCA43, 0xCA43, 0xCA43, 0xCA43, 0xCA43, 0xCA23, 0xC223, 0xC223, 0xC223, 0xC2C6, 0xCAC6, 0xCAC6, 0xCAC6,
    0xCAC6, 0xCAC6, 0xCAE6, 0xCAE6, 0xCAE6, 0xCAE6, 0xCAE6, 0xCAE6, 0xCAE6, 0xD2E6, 0xD2E6, 0xD2E6, 0xD2E6, 0xD2E6, 0xD2E6, 0xD306,
    0xD306, 0xD306, 0xD306, 0xD306, 0xD307, 0xD307, 0xDB07, 0xDB07, 0xDB07, 0xDB07, 0xDB07, 0xDA84, 0xDA63, 0xDA63, 0xDA63, 0xDA63,
    0xDA63, 0xDA63, 0xDA63, 0xDA63, 0xDA63, 0xDA63, 0xDA63, 0xDA63, 0xDA63, 0xDA63, 0xDA63, 0xDA63, 0xDA63, 0xDA63, 0xDA63, 0xDA63,
    0xDA63, 0xDA63, 0xDA63, 0xDA63, 0xDA83, 0xDA83, 0xDA83, 0xDA63, 0xE2C4, 0xE327, 0xE327, 0xE327, 0xE327, 0xE327, 0xE327, 0xE327,
    0xE327, 0xE327, 0xE327, 0xE327, 0xE327, 0xE327, 0xE327, 0xE327, 0xE327, 0xE327, 0xE327, 0xE327, 0xE327, 0xE327, 0xE327, 0xE327,
    0xE327, 0xE347, 0xE2A4, 0xE263, 0xE283, 0xE283, 0xE283, 0xE283, 0xE283, 0xE283, 0xE283, 0xE283, 0xE283, 0xE283, 0xE283, 0xE283,
    0xE283, 0xE283, 0xE283, 0xE283, 0xE283, 0xE283, 0xE283, 0xE283, 0xE283, 0xE283, 0xE263, 0xE2C5, 0xE327, 0xE327, 0xE327, 0xE327,
    0xE327, 0xE327, 0xE327, 0xE327, 0xE327, 0xE327, 0xE327, 0xE327, 0xDB27, 0xDB27, 0xDB27, 0xDB27, 0xDB27, 0xDB27, 0xDB27, 0xDB27,
    0xDB27, 0xDB07, 0xDB07, 0xDB07, 0xDB07, 0xDB07, 0xDB07, 0xDB07, 0xDB07, 0xD284, 0xD243, 0xD263, 0xD263, 0xD263, 0xD263, 0xD263,
    0xD263, 0xD263, 0xD243, 0xD243, 0xD243, 0xD243, 0xD243, 0xCA43, 0xCA43, 0xCA43, 0xCA43, 0xCA43, 0xCA43, 0xCA43, 0xCA43, 0xCA43,
    0xCA43, 0xCA43, 0xCA43, 0xC223, 0xC223, 0xC223, 0xC223, 0xC223, 0xC2C6, 0xC2C6, 0xC2C6, 0xCAC6, 0xCAC6, 0xCAC6, 0xCAC6, 0xCAC6,
    0xCAE6, 0xCAE6, 0xCAE6, 0xCAE6, 0xCAE6, 0xCAE6, 0xCAE6, 0xD2E6, 0xD2E6, 0xD2E6, 0xD2E6, 0xD2E6, 0xD2E6, 0xD306, 0xD306, 0xD306,
    0xD306, 0xD306, 0xD306, 0xD307, 0xD306, 0xDB07, 0xDAC5, 0xD243, 0xD263, 0xD263, 0xD263, 0xDA63, 0xDA63, 0xDA63, 0xDA63, 0xDA63,
    0xDA63, 0xDA63, 0xDA63, 0xDA63, 0xDA63, 0xDA63, 0xDA63, 0xDA63, 0xDA63, 0xDA63, 0xDA63, 0xDA63, 0xDA63, 0xDA63, 0xDA63, 0xDA63,
    0xDA63, 0xDA63, 0xDA63, 0xDA63, 0xE2E5, 0xE327, 0xE327, 0xE327, 0xE327, 0xE327, 0xE327, 0xE327, 0xE327, 0xE327, 0xE327, 0xE327,
    0xE327, 0xE327, 0xE327, 0xE327, 0xE327, 0xE327, 0xE327, 0xE327, 0xE327, 0xE327, 0xE327, 0xE327, 0xE327, 0xE347, 0xE2A4, 0xE263,
    0xE283, 0xE283, 0xE283, 0xE283, 0xE283, 0xE283, 0xE283, 0xE283, 0xE283, 0xE283, 0xE283, 0xE283, 0xE283, 0xE283, 0xE283, 0xE283,
    0xE283, 0xDA83, 0xDA83, 0xDA83, 0xDA83, 0xDA83, 0xDA63, 0xDA84, 0xE327, 0xE327, 0xE327, 0xE327, 0xE327, 0xE327, 0xE327, 0xE327,
    0xDB27, 0xDB27, 0xDB27, 0xDB27, 0xDB27, 0xDB27, 0xDB27, 0xDB27, 0xDB27, 0xDB27, 0xDB07, 0xDB07, 0xDB07, 0xDB07, 0xDB07, 0xDB07,
    0xDB07, 0xDB07, 0xDB07, 0xDB07, 0xDB07, 0xDAE6, 0xD243, 0xD263, 0xD263, 0xD263, 0xD263, 0xD243, 0xD243, 0xD243, 0xD243, 0xD243,
    0xD243, 0xCA43, 0xCA43, 0xCA43, 0xCA43, 0xCA43, 0xCA43, 0xCA43, 0xCA43, 0xCA43, 0xCA43, 0xCA43, 0xCA43, 0xCA43, 0xC223, 0xC223,
    0xC223, 0xC223, 0xC223, 0xC223, 0xC2C6, 0xC2C6, 0xC2C6, 0xC2C6, 0xCAC6, 0xCAC6, 0xCAC6, 0xCAC6, 0xCAE6, 0xCAE6, 0xCAE6, 0xCAE6,
    0xCAE6, 0xCAE6, 0xCAE6, 0xCAE6, 0xD2E6, 0xD2E6, 0xD2E6, 0xD2E6, 0xD2E6, 0xD2E6, 0xD2E6, 0xD2E6, 0xD306, 0xD306, 0xD306, 0xD306,
    0xD307, 0xD307, 0xD263, 0xD243, 0xD263, 0xD263, 0xD263, 0xD263, 0xD263, 0xDA63, 0xDA63, 0xDA63, 0xDA63, 0xDA63, 0xDA63, 0xDA63,
    0xDA63, 0xDA63, 0xDA63, 0xDA63, 0xDA63, 0xDA63, 0xDA63, 0xDA63, 0xDA63, 0xDA63, 0xDA63, 0xDA63, 0xDA63, 0xDA63, 0xDA63, 0xDA63,
    0xE306, 0xE327, 0xE327, 0xE327, 0xE327, 0xE327, 0xE327, 0xE327, 0xE327, 0xE327, 0xE327, 0xE327, 0xE327, 0xE327, 0xE327, 0xE327,
    0xE327, 0xE327, 0xE327, 0xE327, 0xE327, 0xE327, 0xE327, 0xE327, 0xE327, 0xE327, 0xE2A4, 0xE263, 0xE283, 0xE283, 0xE283, 0xE283,
    0xE283, 0xE283, 0xE283, 0xE283, 0xE283, 0xE283, 0xE283, 0xE283, 0xDA83, 0xE283, 0xDA83, 0xDA83, 0xDA83, 0xDA83, 0xDA83, 0xDA83,
    0xDA63, 0xDA63, 0xDA63, 0xDA63, 0xE306, 0xE327, 0xE327, 0xE327, 0xE327, 0xDB27, 0xDB27, 0xDB27, 0xDB27, 0xDB27, 0xDB27, 0xDB27,
    0xDB27, 0xDB27, 0xDB27, 0xDB27, 0xDB07, 0xDB07, 0xDB07, 0xDB07, 0xDB07, 0xDB07, 0xDB07, 0xDB07, 0xDB07, 0xDB07, 0xDB07, 0xDB07,
    0xDB06, 0xDB07, 0xD284, 0xD243, 0xD263, 0xD263, 0xD243, 0xD243, 0xD243, 0xD243, 0xCA43, 0xCA43, 0xCA43, 0xCA43, 0xCA43, 0xCA43,
    0xCA43, 0xCA43, 0xCA43, 0xCA43, 0xCA43, 0xCA43, 0xCA43, 0xCA43, 0xCA43, 0xC223, 0xC223, 0xC223, 0xC223, 0xC223, 0xC223, 0xC223,
    0xC2C6, 0xC2C6, 0xC2C6, 0xC2C6, 0xC2C6, 0xCAC6, 0xCAC6, 0xCAC6, 0xCAC6, 0xCAC6, 0xCAE6, 0xCAE6, 0xCAE6, 0xCAE6, 0xCAE6, 0xCAE6,
    0xCAE6, 0xCAE6, 0xD2E6, 0xD2E6, 0xD2E6, 0xD2E6, 0xD2E6, 0xD2E6, 0xD306, 0xD306, 0xD306, 0xD306, 0xD307, 0xD2A5, 0xD243, 0xD263,
    0xD263, 0xD263, 0xD263, 0xD263, 0xD263, 0xD263, 0xD263, 0xDA63, 0xDA63, 0xDA63, 0xDA63, 0xDA63, 0xDA63, 0xDA63, 0xDA63, 0xDA63,
    0xDA63, 0xDA63, 0xDA63, 0xDA63, 0xDA63, 0xDA63, 0xDA63, 0xDA63, 0xDA63, 0xDA63, 0xDA63, 0xDA84, 0xE327, 0xE327, 0xE327, 0xE327,
    0xE327, 0xE327, 0xE327, 0xE327, 0xE327, 0xE327, 0xE327, 0xE327, 0xE327, 0xE327, 0xE327, 0xE327, 0xE327, 0xE327, 0xE327, 0xE327,
    0xE327, 0xE327, 0xE327, 0xE327, 0xE327, 0xE327, 0xE2A4, 0xDA63, 0xDA83, 0xDA83, 0xDA83, 0xDA83, 0xDA83, 0xDA83, 0xDA83, 0xDA83,
    0xDA83, 0xDA83, 0xDA83, 0xDA83, 0xDA83, 0xDA83, 0xDA63, 0xDA63, 0xDA63, 0xDA63, 0xDA63, 0xDA63, 0xDA63, 0xDA63, 0xDA63, 0xDA63,
    0xDAE5, 0xE327, 0xDB27, 0xDB27, 0xDB27, 0xDB27, 0xDB27, 0xDB27, 0xDB27, 0xDB27, 0xDB27, 0xDB27, 0xDB27, 0xDB07, 0xDB07, 0xDB07,
    0xDB07, 0xDB07, 0xDB07, 0xDB07, 0xDB07, 0xDB07, 0xDB07, 0xDB07, 0xDB07, 0xDB07, 0xDB07, 0xDB07, 0xD307, 0xD307, 0xD2E6, 0xD263,
    0xD243, 0xD243, 0xD243, 0xD243, 0xD243, 0xD243, 0xCA43, 0xCA43, 0xCA43, 0xCA43, 0xCA43, 0xCA43, 0xCA43, 0xCA43, 0xCA43, 0xCA43,
    0xCA43, 0xCA43, 0xCA43, 0xC223, 0xC223, 0xC223, 0xC223, 0xC223, 0xC223, 0xC223, 0xC223, 0xC223, 0xC2C6, 0xC2C6, 0xC2C6, 0xC2C6,
    0xC2C6, 0xC2C6, 0xC2C6, 0xCAC6, 0xCAC6, 0xCAC6, 0xCAC6, 0xCAC6, 0xCAE6, 0xCAE6, 0xCAE6, 0xCAE6, 0xCAE6, 0xCAE6, 0xCAE6, 0xCAE6,
    0xD2E6, 0xD2E6, 0xD2E6, 0xD2E6, 0xD2E6, 0xD2E6, 0xD2E6, 0xD307, 0xD2E6, 0xD263, 0xD243, 0xD263, 0xD263, 0xD263, 0xD263, 0xD263,
    0xD263, 0xD263, 0xD263, 0xD263, 0xD263, 0xD263, 0xDA63, 0xDA63, 0xDA63, 0xDA63, 0xDA63, 0xDA63, 0xDA63, 0xDA63, 0xDA63, 0xDA63,
    0xDA63, 0xDA63, 0xDA63, 0xDA63, 0xDA63, 0xDA63, 0xDA63, 0xDAA5, 0xDB27, 0xDB27, 0xDB27, 0xDB27, 0xE327, 0xE327, 0xE327, 0xE327,
    0xE327, 0xE327, 0xE327, 0xE327, 0xE327, 0xE327, 0xE327, 0xE327, 0xE327, 0xE327, 0xE327, 0xE327, 0xE327, 0xE327, 0xE327, 0xE327,
    0xE327, 0xE327, 0xDAA4, 0xDA63, 0xDA63, 0xDA63, 0xDA63, 0xDA63, 0xDA63, 0xDA63, 0xDA63, 0xDA63, 0xDA63, 0xDA63, 0xDA63, 0xDA63,
    0xDA63, 0xDA63, 0xDA63, 0xDA63, 0xDA63, 0xDA63, 0xDA63, 0xDA63, 0xDA63, 0xDA63, 0xDA63, 0xDA63, 0xDAA4, 0xDB27, 0xDB27, 0xDB27,
    0xDB27, 0xDB27, 0xDB27, 0xDB27, 0xDB27, 0xDB07, 0xDB07, 0xDB07, 0xDB07, 0xDB07, 0xDB07, 0xDB07, 0xDB07, 0xDB07, 0xDB07, 0xDB07,
    0xDB07, 0xDB07, 0xDB07, 0xDB07, 0xDB07, 0xD307, 0xD307, 0xD307, 0xD306, 0xD306, 0xD307, 0xD2A5, 0xD243, 0xD243, 0xD243, 0xCA43,
    0xCA43, 0xCA43, 0xCA43, 0xCA43, 0xCA43, 0xCA43, 0xCA43, 0xCA43, 0xCA43, 0xCA43, 0xCA43, 0xCA43, 0xCA43, 0xCA43, 0xC223, 0xC223,
    0xC223, 0xC223, 0xC223, 0xC223, 0xC223, 0xC223, 0xC223, 0xC223, 0xC2C6, 0xC2C6, 0xC2C6, 0xC2C6, 0xC2C6, 0xC2C6, 0xC2C6, 0xC2C6,
    0xCAC6, 0xCAC6, 0xCAC6, 0xCAC6, 0xCAC6, 0xCAE6, 0xCAE6, 0xCAE6, 0xCAE6, 0xCAE6, 0xCAE6, 0xCAE6, 0xCAE6, 0xD2E6, 0xD2E6, 0xD2E6,
    0xD2E6, 0xD2E6, 0xD2E6, 0xD307, 0xD284, 0xD243, 0xD243, 0xD243, 0xD263, 0xD263, 0xD263, 0xD263, 0xD263, 0xD263, 0xD263, 0xD263,
    0xD263, 0xD263, 0xD263, 0xD263, 0xDA63, 0xDA63, 0xDA63, 0xDA63, 0xDA63, 0xDA63, 0xDA63, 0xDA63, 0xDA63, 0xDA63, 0xDA63, 0xDA63,
    0xDA63, 0xDA63, 0xDA63, 0xDAE6, 0xDB27, 0xDB27, 0xDB27, 0xDB27, 0xDB27, 0xDB27, 0xDB27, 0xE327, 0xE327, 0xE327, 0xE327, 0xE327,
    0xE327, 0xE327, 0xE327, 0xE327, 0xE327, 0xE327, 0xE327, 0xE327, 0xE327, 0xE327, 0xE327, 0xE327, 0xE327, 0xE327, 0xDAA4, 0xDA63,
    0xDA63, 0xDA63, 0xDA63, 0xDA63, 0xDA63, 0xDA63, 0xDA63, 0xDA63, 0xDA63, 0xDA63, 0xDA63, 0xDA63, 0xDA63, 0xDA63, 0xDA63, 0xDA63,
    0xDA63, 0xDA63, 0xDA63, 0xDA63, 0xDA63, 0xDA63, 0xDA63, 0xDA63, 0xDA63, 0xDB07, 0xDB27, 0xDB27, 0xDB27, 0xDB27, 0xDB27, 0xDB07,
    0xDB07, 0xDB07, 0xDB07, 0xDB07, 0xDB07, 0xDB07, 0xDB07, 0xDB07, 0xDB07, 0xDB07, 0xDB07, 0xDB07, 0xDB07, 0xDB07, 0xDB07, 0xDB07,
    0xD307, 0xD307, 0xD306, 0xD306, 0xD306, 0xD306, 0xD307, 0xD2E6, 0xD263, 0xD243, 0xCA43, 0xCA43, 0xCA43, 0xCA43, 0xCA43, 0xCA43,
    0xCA43, 0xCA43, 0xCA43, 0xCA43, 0xCA43, 0xCA43, 0xCA43, 0xCA43, 0xC223, 0xC223, 0xC223, 0xC223, 0xC223, 0xC223, 0xC223, 0xC223,
    0xC223, 0xC223, 0xC223, 0xC223, 0xC2A6, 0xC2A6, 0xC2C6, 0xC2C6, 0xC2C6, 0xC2C6, 0xC2C6, 0xC2C6, 0xC2C6, 0xC2C6, 0xCAC6, 0xCAC6,
    0xCAC6, 0xCAC6, 0xCAC6, 0xCAE6, 0xCAE6, 0xCAE6, 0xCAE6, 0xCAE6, 0xCAE6, 0xCAE6, 0xCAE6, 0xD2E6, 0xD2E6, 0xD2E6, 0xD307, 0xD2C6,
    0xCA43, 0xD243, 0xD243, 0xD243, 0xD243, 0xD243, 0xD263, 0xD263, 0xD263, 0xD263, 0xD263, 0xD263, 0xD263, 0xD263, 0xD263, 0xD263,
    0xD263, 0xD263, 0xD263, 0xDA63, 0xDA63, 0xDA63, 0xDA63, 0xDA63, 0xDA63, 0xDA63, 0xDA63, 0xDA63, 0xDA63, 0xDA63, 0xDA63, 0xDB06,
    0xDB27, 0xDB27, 0xDB27, 0xDB27, 0xDB27, 0xDB27, 0xDB27, 0xDB27, 0xDB27, 0xDB27, 0xDB27, 0xDB27, 0xDB27, 0xDB27, 0xDB27, 0xDB27,
    0xDB27, 0xDB27, 0xE327, 0xE327, 0xE327, 0xE327, 0xE327, 0xE327, 0xE327, 0xE327, 0xDAA4, 0xDA63, 0xDA63, 0xDA63, 0xDA63, 0xDA63,
    0xDA63, 0xDA63, 0xDA63, 0xDA63, 0xDA63, 0xDA63, 0xDA63, 0xDA63, 0xDA63, 0xDA63, 0xDA63, 0xDA63, 0xDA63, 0xDA63, 0xDA63, 0xDA63,
    0xDA63, 0xDA63, 0xDA63, 0xDA63, 0xDA63, 0xDAE6, 0xDB27, 0xDB07, 0xDB07, 0xDB07, 0xDB07, 0xDB07, 0xDB07, 0xDB07, 0xDB07, 0xDB07,
    0xDB07, 0xDB07, 0xDB07, 0xDB07, 0xDB07, 0xDB07, 0xDB07, 0xDB07, 0xDB07, 0xD307, 0xD307, 0xD306, 0xD306, 0xD306, 0xD306, 0xD306,
    0xD306, 0xD306, 0xD2E6, 0xD307, 0xD2C5, 0xCA43, 0xCA43, 0xCA43, 0xCA43, 0xCA43, 0xCA43, 0xCA43, 0xCA43, 0xCA43, 0xCA43, 0xCA43,
    0xCA43, 0xCA43, 0xCA43, 0xC223, 0xC223, 0xC223, 0xC223, 0xC223, 0xC223, 0xC223, 0xC223, 0xC223, 0xC223, 0xC223, 0xBA23, 0xBA23,
    0xC2A6, 0xC2A6, 0xC2A6, 0xC2C6, 0xC2C6, 0xC2C6, 0xC2C6, 0xC2C6, 0xC2C6, 0xC2C6, 0xC2C6, 0xC2C6, 0xCAC6, 0xCAC6, 0xCAC6, 0xCAC6,
    0xCAE6, 0xCAE6, 0xCAE6, 0xCAE6, 0xCAE6, 0xCAE6, 0xCAE6, 0xCAE6, 0xCAE6, 0xD2E6, 0xD2E6, 0xCA64, 0xCA43, 0xCA43, 0xCA43, 0xD243,
    0xD243, 0xD243, 0xD243, 0xD243, 0xD263, 0xD263, 0xD263, 0xD263, 0xD263, 0xD263, 0xD263, 0xD263, 0xD263, 0xD263, 0xD263, 0xD263,
    0xD263, 0xD263, 0xDA63, 0xDA63, 0xDA63, 0xDA63, 0xDA63, 0xDA63, 0xDA63, 0xDA63, 0xDA84, 0xDB27, 0xDB07, 0xDB27, 0xDB27, 0xDB27,
    0xDB27, 0xDB27, 0xDB27, 0xDB27, 0xDB27, 0xDB27, 0xDB27, 0xDB27, 0xDB27, 0xDB27, 0xDB27, 0xDB27, 0xDB27, 0xDB27, 0xDB27, 0xDB27,
    0xDB27, 0xDB27, 0xDB27, 0xDB27, 0xDB27, 0xDB27, 0xDAA4, 0xDA63, 0xDA63, 0xDA63, 0xDA63, 0xDA63, 0xDA63, 0xDA63, 0xDA63, 0xDA63,
    0xDA63, 0xDA63, 0xDA63, 0xDA63, 0xDA63, 0xDA63, 0xDA63, 0xDA63, 0xDA63, 0xDA63, 0xDA63, 0xDA63, 0xDA63, 0xDA63, 0xDA63, 0xDA63,
    0xDA63, 0xDAC5, 0xDB27, 0xDB07, 0xDB07, 0xDB07, 0xDB07, 0xDB07, 0xDB07, 0xDB07, 0xDB07, 0xDB07, 0xDB07, 0xDB07, 0xDB07, 0xDB07,
    0xDB07, 0xDB07, 0xDB07, 0xD307, 0xD307, 0xD307, 0xD306, 0xD306, 0xD306, 0xD306, 0xD306, 0xD306, 0xD2E6, 0xD2E6, 0xD2E6, 0xD2E6,
    0xD2E6, 0xCA64, 0xCA43, 0xCA43, 0xCA43, 0xCA43, 0xCA43, 0xCA43, 0xCA43, 0xCA43, 0xCA43, 0xCA43, 0xCA43, 0xCA23, 0xC223, 0xC223,
    0xC223, 0xC223, 0xC223, 0xC223, 0xC223, 0xC223, 0xC223, 0xC223, 0xC223, 0xC223, 0xBA23, 0xBA23, 0xBAA6, 0xC2A6, 0xC2A6, 0xC2A6,
    0xC2A6, 0xC2C6, 0xC2C6, 0xC2C6, 0xC2C6, 0xC2C6, 0xC2C6, 0xC2C6, 0xCAC6, 0xCAC6, 0xCAC6, 0xCAC6, 0xCAC6, 0xCAC6, 0xCAE6, 0xCAE6,
    0xCAE6, 0xCAE6, 0xCAE6, 0xCAE6, 0xCAE6, 0xCAE7, 0xCAA5, 0xCA43, 0xCA43, 0xCA43, 0xCA43, 0xCA43, 0xD243, 0xD243, 0xD243, 0xD243,
    0xD243, 0xD243, 0xD263, 0xD263, 0xD263, 0xD263, 0xD263, 0xD263, 0xD263, 0xD263, 0xD263, 0xD263, 0xD263, 0xD263, 0xD263, 0xD263,
    0xD263, 0xDA63, 0xDA63, 0xDA63, 0xDA63, 0xDA43, 0xDAA5, 0xDB27, 0xDB07, 0xDB07, 0xDB07, 0xDB07, 0xDB07, 0xDB07, 0xDB27, 0xDB27,
    0xDB27, 0xDB27, 0xDB27, 0xDB27, 0xDB27, 0xDB27, 0xDB27, 0xDB27, 0xDB27, 0xDB27, 0xDB27, 0xDB27, 0xDB27, 0xDB27, 0xDB27, 0xDB27,
    0xDB27, 0xDB27, 0xDA84, 0xDA63, 0xDA63, 0xDA63, 0xDA63, 0xDA63, 0xDA63, 0xDA63, 0xDA63, 0xDA63, 0xDA63, 0xDA63, 0xDA63, 0xDA63,
    0xDA63, 0xDA63, 0xDA63, 0xDA63, 0xDA63, 0xDA63, 0xDA63, 0xDA63, 0xDA63, 0xDA63, 0xDA63, 0xDA63, 0xDA63, 0xDA84, 0xDB07, 0xDB07,
    0xDB07, 0xDB07, 0xDB07, 0xDB07, 0xDB07, 0xDB07, 0xDB07, 0xDB07, 0xDB07, 0xDB07, 0xDB07, 0xDB07, 0xD307, 0xD307, 0xD307, 0xD306,
    0xD306, 0xD306, 0xD306, 0xD306, 0xD306, 0xD306, 0xD2E6, 0xD2E6, 0xD2E6, 0xD2E6, 0xD2E6, 0xD2E6, 0xD2E7, 0xCAC6, 0xCA43, 0xCA43,
    0xCA43, 0xCA43, 0xCA43, 0xCA43, 0xCA43, 0xCA43, 0xCA43, 0xC223, 0xC223, 0xC223, 0xC223, 0xC223, 0xC223, 0xC223, 0xC223, 0xC223,
    0xC223, 0xC223, 0xC223, 0xC223, 0xBA23, 0xBA23, 0xBA23, 0xBA23, 0xBAA6, 0xBAA6, 0xC2A6, 0xC2A6, 0xC2A6, 0xC2A6, 0xC2C6, 0xC2C6,
    0xC2C6, 0xC2C6, 0xC2C6, 0xC2C6, 0xC2C6, 0xC2C6, 0xCAC6, 0xCAC6, 0xCAC6, 0xCAC6, 0xCAC6, 0xCAC6, 0xCAE6, 0xCAE6, 0xCAE6, 0xCAE6,
    0xCAE6, 0xCAE6, 0xCA43, 0xCA43, 0xCA43, 0xCA43, 0xCA43, 0xCA43, 0xCA43, 0xCA43, 0xCA43, 0xD243, 0xD243, 0xD243, 0xD243, 0xD243,
    0xD243, 0xD243, 0xD263, 0xD263, 0xD263, 0xD263, 0xD263, 0xD263, 0xD263, 0xD263, 0xD263, 0xD263, 0xD263, 0xD263, 0xD263, 0xD263,
    0xD263, 0xDA63, 0xDAE6, 0xDB27, 0xDB07, 0xDB07, 0xDB07, 0xDB07, 0xDB07, 0xDB07, 0xDB07, 0xDB07, 0xDB07, 0xDB07, 0xDB07, 0xDB07,
    0xDB07, 0xDB07, 0xDB07, 0xDB27, 0xDB27, 0xDB27, 0xDB27, 0xDB27, 0xDB27, 0xDB27, 0xDB27, 0xDB27, 0xDB27, 0xDB27, 0xDA84, 0xDA63,
    0xDA63, 0xDA63, 0xDA63, 0xDA63, 0xDA63, 0xDA63, 0xDA63, 0xDA63, 0xDA63, 0xDA63, 0xDA63, 0xDA63, 0xDA63, 0xDA63, 0xDA63, 0xDA63,
    0xDA63, 0xDA63, 0xDA63, 0xDA63, 0xDA63, 0xDA63, 0xDA63, 0xDA63, 0xDA63, 0xDA63, 0xDB06, 0xDB07, 0xDB07, 0xDB07, 0xDB07, 0xDB07,
    0xDB07, 0xDB07, 0xDB07, 0xDB07, 0xDB07, 0xD307, 0xD307, 0xD307, 0xD306, 0xD306, 0xD306, 0xD306, 0xD306, 0xD306, 0xD306, 0xD2E6,
    0xD2E6, 0xD2E6, 0xD2E6, 0xD2E6, 0xD2E6, 0xD2E6, 0xD2E6, 0xCAE6, 0xCAE6, 0xCAE7, 0xCA84, 0xCA23, 0xCA43, 0xCA43, 0xCA43, 0xCA43,
    0xCA43, 0xCA43, 0xC223, 0xC223, 0xC223, 0xC223, 0xC223, 0xC223, 0xC223, 0xC223, 0xC223, 0xC223, 0xC223, 0xC223, 0xBA23, 0xBA23,
    0xBA23, 0xBA23, 0xBA03, 0xBA03, 0xBAA6, 0xBAA6, 0xBAA6, 0xBAA6, 0xC2A6, 0xC2A6, 0xC2A6, 0xC2C6, 0xC2C6, 0xC2C6, 0xC2C6, 0xC2C6,
    0xC2C6, 0xC2C6, 0xC2C6, 0xCAC6, 0xCAC6, 0xCAC6, 0xCAC6, 0xCAC6, 0xCAC6, 0xCAC6, 0xCAE6, 0xCAE6, 0xCAE6, 0xCA84, 0xCA43, 0xCA43,
    0xCA43, 0xCA43, 0xCA43, 0xCA43, 0xCA43, 0xCA43, 0xCA43, 0xCA43, 0xD243, 0xD243, 0xD243, 0xD243, 0xD243, 0xD243, 0xD243, 0xD263,
    0xD263, 0xD263, 0xD263, 0xD263, 0xD263, 0xD263, 0xD263, 0xD263, 0xD263, 0xD263, 0xD263, 0xD263, 0xD263, 0xD263, 0xDB06, 0xDB07,
    0xDB07, 0xDB07, 0xDB07, 0xDB07, 0xDB07, 0xDB07, 0xDB07, 0xDB07, 0xDB07, 0xDB07, 0xDB07, 0xDB07, 0xDB07, 0xDB07, 0xDB07, 0xDB07,
    0xDB07, 0xDB07, 0xDB07, 0xDB07, 0xDB07, 0xDB07, 0xDB07, 0xDB07, 0xDB07, 0xDB27, 0xDA84, 0xDA63, 0xDA63, 0xDA63, 0xDA63, 0xDA63,
    0xDA63, 0xDA63, 0xDA63, 0xDA63, 0xDA63, 0xDA63, 0xDA63, 0xDA63, 0xDA63, 0xDA63, 0xDA63, 0xDA63, 0xDA63, 0xDA63, 0xDA63, 0xDA63,
    0xDA63, 0xDA63, 0xDA63, 0xDA63, 0xD263, 0xD263, 0xDAC6, 0xDB07, 0xDB07, 0xDB07, 0xDB07, 0xDB07, 0xDB07, 0xDB07, 0xDB07, 0xD307,
    0xD307, 0xD307, 0xD306, 0xD306, 0xD306, 0xD306, 0xD306, 0xD306, 0xD306, 0xD2E6, 0xD2E6, 0xD2E6, 0xD2E6, 0xD2E6, 0xD2E6, 0xD2E6,
    0xD2E6, 0xD2E6, 0xCAE6, 0xCAE6, 0xCAE6, 0xCAE6, 0xCAC6, 0xCA43, 0xCA43, 0xCA43, 0xCA43, 0xCA43, 0xC223, 0xC223, 0xC223, 0xC223,
    0xC223, 0xC223, 0xC223, 0xC223, 0xC223, 0xC223, 0xC223, 0xC223, 0xC223, 0xBA23, 0xBA23, 0xBA23, 0xBA03, 0xBA03, 0xBA03, 0xBA03,
    0xBAA6, 0xBAA6, 0xBAA6, 0xBAA6, 0xBAA6, 0xC2A6, 0xC2A6, 0xC2A6, 0xC2A6, 0xC2C6, 0xC2C6, 0xC2C6, 0xC2C6, 0xC2C6, 0xC2C6, 0xC2C6,
    0xC2C6, 0xCAC6, 0xCAC6, 0xCAC6, 0xCAC6, 0xCAC6, 0xCAC6, 0xCAE6, 0xCAC6, 0xCA43, 0xCA43, 0xCA43, 0xCA43, 0xCA43, 0xCA43, 0xCA43,
    0xCA43, 0xCA43, 0xCA43, 0xCA43, 0xCA43, 0xCA43, 0xCA43, 0xD243, 0xD243, 0xD243, 0xD243, 0xD243, 0xD243, 0xD243, 0xD243, 0xD263,
    0xD263, 0xD263, 0xD263, 0xD263, 0xD263, 0xD263, 0xD263, 0xD263, 0xD243, 0xD284, 0xDB07, 0xDB07, 0xDB07, 0xDB07, 0xDB07, 0xDB07,
    0xDB07, 0xDB07, 0xDB07, 0xDB07, 0xDB07, 0xDB07, 0xDB07, 0xDB07, 0xDB07, 0xDB07, 0xDB07, 0xDB07, 0xDB07, 0xDB07, 0xDB07, 0xDB07,
    0xDB07, 0xDB07, 0xDB07, 0xDB07, 0xDB07, 0xDB27, 0xDA84, 0xDA63, 0xDA63, 0xDA63, 0xDA63, 0xDA63, 0xDA63, 0xDA63, 0xDA63, 0xDA63,
    0xDA63, 0xDA63, 0xDA63, 0xDA63, 0xDA63, 0xDA63, 0xDA63, 0xDA63, 0xDA63, 0xDA63, 0xD263, 0xD263, 0xD263, 0xD263, 0xD263, 0xD263,
    0xD263, 0xD243, 0xD2A5, 0xDB07, 0xDB07, 0xDB07, 0xDB07, 0xD307, 0xD307, 0xD307, 0xD306, 0xD306, 0xD306, 0xD306, 0xD306, 0xD306,
    0xD306, 0xD306, 0xD2E6, 0xD2E6, 0xD2E6, 0xD2E6, 0xD2E6, 0xD2E6, 0xD2E6, 0xD2E6, 0xD2E6, 0xD2E6, 0xCAE6, 0xCAE6, 0xCAE6, 0xCAE6,
    0xCAE6, 0xCAE6, 0xCAE6, 0xCA85, 0xCA23, 0xCA43, 0xC223, 0xC223, 0xC223, 0xC223, 0xC223, 0xC223, 0xC223, 0xC223, 0xC223, 0xC223,
    0xC223, 0xC223, 0xC223, 0xC223, 0xBA23, 0xBA23, 0xBA23, 0xBA03, 0xBA03, 0xBA03, 0xBA03, 0xBA03, 0xBAA6, 0xBAA6, 0xBAA6, 0xBAA6,
    0xBAA6, 0xBAA6, 0xC2A6, 0xC2A6, 0xC2A6, 0xC2A6, 0xC2A6, 0xC2C6, 0xC2C6, 0xC2C6, 0xC2C6, 0xC2C6, 0xC2C6, 0xC2C6, 0xC2C6, 0xC2C6,
    0xCAC6, 0xCAC6, 0xCAC6, 0xCAC6, 0xCA64, 0xCA23, 0xCA43, 0xCA43, 0xCA43, 0xCA43, 0xCA43, 0xCA43, 0xCA43, 0xCA43, 0xCA43, 0xCA43,
    0xCA43, 0xCA43, 0xCA43, 0xCA43, 0xCA43, 0xCA43, 0xD243, 0xD243, 0xD243, 0xD243, 0xD243, 0xD243, 0xD243, 0xD243, 0xD263, 0xD263,
    0xD263, 0xD263, 0xD263, 0xD263, 0xD243, 0xD2C5, 0xDB07, 0xDB07, 0xDB07, 0xDB07, 0xDB07, 0xDB07, 0xDB07, 0xDB07, 0xDB07, 0xDB07,
    0xDB07, 0xDB07, 0xDB07, 0xDB07, 0xDB07, 0xDB07, 0xDB07, 0xDB07, 0xDB07, 0xDB07, 0xDB07, 0xDB07, 0xDB07, 0xDB07, 0xDB07, 0xDB07,
    0xDB07, 0xDB27, 0xDA84, 0xDA63, 0xDA63, 0xDA63, 0xDA63, 0xDA63, 0xDA63, 0xDA63, 0xDA63, 0xDA63, 0xDA63, 0xDA63, 0xD263, 0xD263,
    0xD263, 0xD263, 0xD263, 0xD263, 0xD263, 0xD263, 0xD263, 0xD263, 0xD263, 0xD263, 0xD263, 0xD263, 0xD263, 0xD243, 0xD264, 0xDB07,
    0xD307, 0xD307, 0xD307, 0xD307, 0xD306, 0xD306, 0xD306, 0xD306, 0xD306, 0xD306, 0xD306, 0xD2E6, 0xD2E6, 0xD2E6, 0xD2E6, 0xD2E6,
    0xD2E6, 0xD2E6, 0xD2E6, 0xD2E6, 0xD2E6, 0xCAE6, 0xCAE6, 0xCAE6, 0xCAE6, 0xCAE6, 0xCAE6, 0xCAE6, 0xCAE6, 0xCAE6, 0xCAE6, 0xCAC6,
    0xCA43, 0xC223, 0xC223, 0xC223, 0xC223, 0xC223, 0xC223, 0xC223, 0xC223, 0xC223, 0xC223, 0xC223, 0xC223, 0xBA23, 0xBA23, 0xBA23,
    0xBA23, 0xBA23, 0xBA03, 0xBA03, 0xBA03, 0xBA03, 0xBA03, 0xBA03, 0xBAA6, 0xBAA6, 0xBAA6, 0xBAA6, 0xBAA6, 0xBAA6, 0xBAA6, 0xBAA6,
    0xC2A6, 0xC2A6, 0xC2A6, 0xC2A6, 0xC2C6, 0xC2C6, 0xC2C6, 0xC2C6, 0xC2C6, 0xC2C6, 0xC2C6, 0xC2C6, 0xCAC6, 0xCAC6, 0xCAE6, 0xCAA5,
    0xC223, 0xCA43, 0xCA43, 0xCA43, 0xCA43, 0xCA43, 0xCA43, 0xCA43, 0xCA43, 0xCA43, 0xCA43, 0xCA43, 0xCA43, 0xCA43, 0xCA43, 0xCA43,
    0xCA43, 0xCA43, 0xCA43, 0xCA43, 0xD243, 0xD243, 0xD243, 0xD243, 0xD243, 0xD243, 0xD243, 0xD243, 0xD243, 0xD263, 0xD263, 0xD263,
    0xD243, 0xD2E6, 0xD307, 0xD307, 0xDB07, 0xDB07, 0xDB07, 0xDB07, 0xDB07, 0xDB07, 0xDB07, 0xDB07, 0xDB07, 0xDB07, 0xDB07, 0xDB07,
    0xDB07, 0xDB07, 0xDB07, 0xDB07, 0xDB07, 0xDB07, 0xDB07, 0xDB07, 0xDB07, 0xDB07, 0xDB07, 0xDB07, 0xDB07, 0xDB07, 0xDA84, 0xD263,
    0xD263, 0xD263, 0xD263, 0xD263, 0xD263, 0xD263, 0xD263, 0xD263, 0xD263, 0xD263, 0xD263, 0xD263, 0xD263, 0xD263, 0xD263, 0xD263,
    0xD263, 0xD263, 0xD263, 0xD263, 0xD263, 0xD263, 0xD263, 0xD263, 0xD263, 0xD263, 0xD263, 0xD2E6, 0xD307, 0xD306, 0xD306, 0xD306,
    0xD306, 0xD306, 0xD306, 0xD306, 0xD306, 0xD2E6, 0xD2E6, 0xD2E6, 0xD2E6, 0xD2E6, 0xD2E6, 0xD2E6, 0xD2E6, 0xD2E6, 0xD2E6, 0xCAE6,
    0xCAE6, 0xCAE6, 0xCAE6, 0xCAE6, 0xCAE6, 0xCAE6, 0xCAE6, 0xCAE6, 0xCAE6, 0xCAC6, 0xCAC6, 0xCAE6, 0xCAA5, 0xC223, 0xC223, 0xC223,
    0xC223, 0xC223, 0xC223, 0xC223, 0xC223, 0xC223, 0xC223, 0xC223, 0xBA23, 0xBA23, 0xBA23, 0xBA23, 0xBA03, 0xBA03, 0xBA03, 0xBA03,
    0xBA03, 0xBA03, 0xBA03, 0xBA03, 0xBA86, 0xBA86, 0xBAA6, 0xBAA6, 0xBAA6, 0xBAA6, 0xBAA6, 0xBAA6, 0xBAA6, 0xBAA6, 0xC2A6, 0xC2A6,
    0xC2A6, 0xC2A6, 0xC2C6, 0xC2C6, 0xC2C6, 0xC2C6, 0xC2C6, 0xC2C6, 0xC2C6, 0xC2C6, 0xC2C6, 0xC243, 0xC223, 0xC223, 0xC223, 0xC223,
    0xCA43, 0xCA43, 0xCA43, 0xCA43, 0xCA43, 0xCA43, 0xCA43, 0xCA43, 0xCA43, 0xCA43, 0xCA43, 0xCA43, 0xCA43, 0xCA43, 0xCA43, 0xCA43,
    0xCA43, 0xCA43, 0xCA43, 0xCA43, 0xD243, 0xD243, 0xD243, 0xD243, 0xD243, 0xD243, 0xD243, 0xD243, 0xD263, 0xD2E6, 0xD306, 0xD306,
    0xD306, 0xD306, 0xD307, 0xD307, 0xD307, 0xD307, 0xD307, 0xDB07, 0xDB07, 0xDB07, 0xDB07, 0xDB07, 0xDB07, 0xDB07, 0xDB07, 0xDB07,
    0xDB07, 0xDB07, 0xDB07, 0xDB07, 0xDB07, 0xDB07, 0xDB07, 0xDB07, 0xDB07, 0xDB07, 0xD284, 0xD243, 0xD263, 0xD263, 0xD263, 0xD263,
    0xD263, 0xD263, 0xD263, 0xD263, 0xD263, 0xD263, 0xD263, 0xD263, 0xD263, 0xD263, 0xD263, 0xD263, 0xD263, 0xD263, 0xD263, 0xD263,
    0xD263, 0xD263, 0xD263, 0xD263, 0xD263, 0xD263, 0xD243, 0xD2A5, 0xD307, 0xD306, 0xD306, 0xD306, 0xD306, 0xD306, 0xD2E6, 0xD2E6,
    0xD2E6, 0xD2E6, 0xD2E6, 0xD2E6, 0xD2E6, 0xD2E6, 0xD2E6, 0xD2E6, 0xCAE6, 0xCAE6, 0xCAE6, 0xCAE6, 0xCAE6, 0xCAE6, 0xCAE6, 0xCAE6,
    0xCAE6, 0xCAE6, 0xCAC6, 0xCAC6, 0xCAC6, 0xCAC6, 0xCAC6, 0xCAC6, 0xCAC6, 0xC264, 0xC223, 0xC223, 0xC223, 0xC223, 0xC223, 0xC223,
    0xC223, 0xC223, 0xC223, 0xBA23, 0xBA23, 0xBA23, 0xBA03, 0xBA03, 0xBA03, 0xBA03, 0xBA03, 0xBA03, 0xBA03, 0xBA03, 0xB203, 0xB203,
    0xB286, 0xBA86, 0xBAA6, 0xBAA6, 0xBAA6, 0xBAA6, 0xBAA6, 0xBAA6, 0xBAA6, 0xBAA6, 0xBAA6, 0xC2A6, 0xC2A6, 0xC2A6, 0xC2A6, 0xC2C6,
    0xC2C6, 0xC2C6, 0xC2C6, 0xC2C6, 0xC2C6, 0xC2C6, 0xC285, 0xC223, 0xC223, 0xC223, 0xC223, 0xC223, 0xC223, 0xCA43, 0xCA43, 0xCA43,
    0xCA43, 0xCA43, 0xCA43, 0xCA43, 0xCA43, 0xCA43, 0xCA43, 0xCA43, 0xCA43, 0xCA43, 0xCA43, 0xCA43, 0xCA43, 0xCA43, 0xCA43, 0xCA43,
    0xCA43, 0xCA43, 0xD243, 0xD243, 0xD243, 0xD243, 0xD243, 0xD243, 0xD284, 0xD307, 0xD306, 0xD306, 0xD306, 0xD306, 0xD306, 0xD306,
    0xD306, 0xD307, 0xD307, 0xD307, 0xD307, 0xD307, 0xD307, 0xD307, 0xDB07, 0xDB07, 0xDB07, 0xDB07, 0xDB07, 0xDB07, 0xDB07, 0xDB07,
    0xDB07, 0xDB07, 0xDB07, 0xDB07, 0xDB07, 0xDB07, 0xD284, 0xD243, 0xD263, 0xD263, 0xD263, 0xD263, 0xD263, 0xD263, 0xD263, 0xD263,
    0xD263, 0xD263, 0xD263, 0xD263, 0xD263, 0xD263, 0xD263, 0xD263, 0xD263, 0xD263, 0xD263, 0xD263, 0xD263, 0xD263, 0xD263, 0xD263,
    0xD243, 0xD243, 0xD243, 0xD284, 0xD307, 0xD306, 0xD306, 0xD2E6, 0xD2E6, 0xD2E6, 0xD2E6, 0xD2E6, 0xD2E6, 0xD2E6, 0xD2E6, 0xD2E6,
    0xD2E6, 0xD2E6, 0xCAE6, 0xCAE6, 0xCAE6, 0xCAE6, 0xCAE6, 0xCAE6, 0xCAE6, 0xCAE6, 0xCAE6, 0xCAE6, 0xCAE6, 0xCAC6, 0xCAC6, 0xCAC6,
    0xCAC6, 0xCAC6, 0xCAC6, 0xCAC6, 0xC2C6, 0xC2A5, 0xC223, 0xC223, 0xC223, 0xC223, 0xC223, 0xC223, 0xC223, 0xBA23, 0xBA23, 0xBA23,
    0xBA23, 0xBA23, 0xBA03, 0xBA03, 0xBA03, 0xBA03, 0xBA03, 0xBA03, 0xBA03, 0xB203, 0xB203, 0xB203, 0xB285, 0xB285, 0xB286, 0xBA86,
    0xBAA6, 0xBAA6, 0xBAA6, 0xBAA6, 0xBAA6, 0xBAA6, 0xBAA6, 0xBAA6, 0xBAA6, 0xC2A6, 0xC2A6, 0xC2A6, 0xC2A6, 0xC2C6, 0xC2C6, 0xC2C6,
    0xC2C6, 0xC2A6, 0xC223, 0xC223, 0xC223, 0xC223, 0xC223, 0xC223, 0xC223, 0xC223, 0xC223, 0xC223, 0xCA43, 0xCA43, 0xCA43, 0xCA43,
    0xCA43, 0xCA43, 0xCA43, 0xCA43, 0xCA43, 0xCA43, 0xCA43, 0xCA43, 0xCA43, 0xCA43, 0xCA43, 0xCA43, 0xCA43, 0xCA43, 0xCA43, 0xCA43,
    0xCA43, 0xCA43, 0xD243, 0xD243, 0xD2A5, 0xD307, 0xD306, 0xD306, 0xD306, 0xD306, 0xD306, 0xD306, 0xD306, 0xD306, 0xD306, 0xD306,
    0xD306, 0xD306, 0xD306, 0xD306, 0xD306, 0xD306, 0xD306, 0xD307, 0xD307, 0xD307, 0xD307, 0xD307, 0xD307, 0xD307, 0xD307, 0xD307,
    0xD307, 0xD307, 0xD284, 0xD243, 0xD263, 0xD263, 0xD263, 0xD263, 0xD263, 0xD263, 0xD263, 0xD263, 0xD263, 0xD263, 0xD263, 0xD263,
    0xD263, 0xD263, 0xD263, 0xD263, 0xD263, 0xD243, 0xD243, 0xD243, 0xD243, 0xD243, 0xD243, 0xD243, 0xD243, 0xD243, 0xD243, 0xD263,
    0xD2E6, 0xD2E6, 0xD2E6, 0xD2E6, 0xD2E6, 0xD2E6, 0xD2E6, 0xD2E6, 0xD2E6, 0xD2E6, 0xD2E6, 0xCAE6, 0xCAE6, 0xCAE6, 0xCAE6, 0xCAE6,
    0xCAE6, 0xCAE6, 0xCAE6, 0xCAE6, 0xCAE6, 0xCAE6, 0xCAC6, 0xCAC6, 0xCAC6, 0xCAC6, 0xCAC6, 0xCAC6, 0xCAC6, 0xC2C6, 0xC2C6, 0xC2C6,
    0xC2C6, 0xC2C6, 0xC264, 0xC223, 0xC223, 0xC223, 0xC223, 0xBA23, 0xBA23, 0xBA23, 0xBA23, 0xBA03, 0xBA03, 0xBA03, 0xBA03, 0xBA03,
    0xBA03, 0xBA03, 0xBA03, 0xB203, 0xB203, 0xB203, 0xB203, 0xB203, 0xB285, 0xB285, 0xB285, 0xB286, 0xB286, 0xBA86, 0xBAA6, 0xBAA6,
    0xBAA6, 0xBAA6, 0xBAA6, 0xBAA6, 0xBAA6, 0xBAA6, 0xBAA6, 0xC2A6, 0xC2A6, 0xC2A6, 0xC2A6, 0xC2C6, 0xC2C6, 0xC264, 0xC223, 0xC223,
    0xC223, 0xC223, 0xC223, 0xC223, 0xC223, 0xC223, 0xC223, 0xC223, 0xC223, 0xC223, 0xCA43, 0xCA43, 0xCA43, 0xCA43, 0xCA43, 0xCA43,
    0xCA43, 0xCA43, 0xCA43, 0xCA43, 0xCA43, 0xCA43, 0xCA43, 0xCA43, 0xCA43, 0xCA43, 0xCA43, 0xCA43, 0xCA43, 0xCA43, 0xCA43, 0xCA43,
    0xD2E6, 0xD2E7, 0xD2E6, 0xD2E6, 0xD2E6, 0xD2E6, 0xD2E6, 0xD2E6, 0xD306, 0xD306, 0xD306, 0xD306, 0xD306, 0xD306, 0xD306, 0xD306,
    0xD306, 0xD306, 0xD306, 0xD306, 0xD306, 0xD306, 0xD306, 0xD306, 0xD306, 0xD306, 0xD306, 0xD306, 0xD306, 0xD307, 0xD284, 0xD243,
    0xD263, 0xD263, 0xD263, 0xD263, 0xD263, 0xD263, 0xD263, 0xD243, 0xD243, 0xD243, 0xD243, 0xD243, 0xD243, 0xD243, 0xD243, 0xD243,
    0xD243, 0xD243, 0xD243, 0xD243, 0xD243, 0xD243, 0xD243, 0xD243, 0xD243, 0xCA43, 0xCA43, 0xCA43, 0xD2C6, 0xD307, 0xD2E6, 0xD2E6,
    0xD2E6, 0xD2E6, 0xD2E6, 0xD2E6, 0xCAE6, 0xCAE6, 0xCAE6, 0xCAE6, 0xCAE6, 0xCAE6, 0xCAE6, 0xCAE6, 0xCAE6, 0xCAE6, 0xCAE6, 0xCAE6,
    0xCAE6, 0xCAC6, 0xCAC6, 0xCAC6, 0xCAC6, 0xCAC6, 0xCAC6, 0xCAC6, 0xC2C6, 0xC2C6, 0xC2C6, 0xC2C6, 0xC2C6, 0xC2C6, 0xC2A6, 0xC223,
    0xC223, 0xBA23, 0xBA23, 0xBA23, 0xBA23, 0xBA23, 0xBA03, 0xBA03, 0xBA03, 0xBA03, 0xBA03, 0xBA03, 0xBA03, 0xBA03, 0xB203, 0xB203,
    0xB203, 0xB203, 0xB203, 0xB203, 0xB285, 0xB285, 0xB285, 0xB285, 0xB285, 0xBA86, 0xBA86, 0xBAA6, 0xBAA6, 0xBAA6, 0xBAA6, 0xBAA6,
    0xBAA6, 0xBAA6, 0xBAA6, 0xBAA6, 0xC2A6, 0xC2A6, 0xC2A6, 0xC2C6, 0xC2A5, 0xC223, 0xC223, 0xC223, 0xC223, 0xC223, 0xC223, 0xC223,
    0xC223, 0xC223, 0xC223, 0xC223, 0xC223, 0xC223, 0xC223, 0xC223, 0xC223, 0xCA43, 0xCA43, 0xCA43, 0xCA43, 0xCA43, 0xCA43, 0xCA43,
    0xCA43, 0xCA43, 0xCA43, 0xCA43, 0xCA43, 0xCA43, 0xCA43, 0xCA43, 0xCA43, 0xCA43, 0xCA43, 0xCA64, 0xD2E6, 0xD2E6, 0xD2E6, 0xD2E6,
    0xD2E6, 0xD2E6, 0xD2E6, 0xD2E6, 0xD2E6, 0xD2E6, 0xD2E6, 0xD2E6, 0xD306, 0xD306, 0xD306, 0xD306, 0xD306, 0xD306, 0xD306, 0xD306,
    0xD306, 0xD306, 0xD306, 0xD306, 0xD306, 0xD306, 0xD306, 0xD306, 0xD306, 0xD307, 0xD284, 0xD243, 0xD243, 0xD243, 0xD243, 0xD243,
    0xD243, 0xD243, 0xD243, 0xD243, 0xD243, 0xD243, 0xD243, 0xD243, 0xD243, 0xD243, 0xD243, 0xD243, 0xD243, 0xD243, 0xD243, 0xD243,
    0xD243, 0xD243, 0xCA43, 0xCA43, 0xCA43, 0xCA43, 0xCA43, 0xCA43, 0xD2A5, 0xD307, 0xD2E6, 0xD2E6, 0xD2E6, 0xCAE6, 0xCAE6, 0xCAE6,
    0xCAE6, 0xCAE6, 0xCAE6, 0xCAE6, 0xCAE6, 0xCAE6, 0xCAE6, 0xCAE6, 0xCAE6, 0xCAC6, 0xCAC6, 0xCAC6, 0xCAC6, 0xCAC6, 0xCAC6, 0xCAC6,
    0xCAC6, 0xCAC6, 0xC2C6, 0xC2C6, 0xC2C6, 0xC2C6, 0xC2C6, 0xC2C6, 0xC2C6, 0xC2C6, 0xC2C6, 0xC265, 0xBA03, 0xBA23, 0xBA23, 0xBA23,
    0xBA03, 0xBA03, 0xBA03, 0xBA03, 0xBA03, 0xBA03, 0xBA03, 0xBA03, 0xB203, 0xB203, 0xB203, 0xB203, 0xB203, 0xB203, 0xB203, 0xB1E3,
    0xB285, 0xB285, 0xB285, 0xB285, 0xB285, 0xB285, 0xB285, 0xB286, 0xBA86, 0xBAA6, 0xBAA6, 0xBAA6, 0xBAA6, 0xBAA6, 0xBAA6, 0xBAA6,
    0xBAA6, 0xBAA6, 0xBAA6, 0xC2C6, 0xC244, 0xBA03, 0xBA23, 0xC223, 0xC223, 0xC223, 0xC223, 0xC223, 0xC223, 0xC223, 0xC223, 0xC223,
    0xC223, 0xC223, 0xC223, 0xC223, 0xC223, 0xC223, 0xC223, 0xC223, 0xCA43, 0xCA43, 0xCA43, 0xCA43, 0xCA43, 0xCA43, 0xCA43, 0xCA43,
    0xCA43, 0xCA43, 0xCA43, 0xCA43, 0xCA43, 0xCA43, 0xCA43, 0xCA84, 0xD307, 0xD2E6, 0xD2E6, 0xD2E6, 0xD2E6, 0xD2E6, 0xD2E6, 0xD2E6,
    0xD2E6, 0xD2E6, 0xD2E6, 0xD2E6, 0xD2E6, 0xD2E6, 0xD2E6, 0xD2E6, 0xD2E6, 0xD2E6, 0xD2E6, 0xD2E6, 0xD2E6, 0xD2E6, 0xD2E6, 0xD2E6,
    0xD2E6, 0xD306, 0xD306, 0xD306, 0xD306, 0xD307, 0xD284, 0xD243, 0xD243, 0xD243, 0xD243, 0xD243, 0xD243, 0xD243, 0xD243, 0xD243,
    0xD243, 0xD243, 0xD243, 0xD243, 0xD243, 0xD243, 0xCA43, 0xCA43, 0xCA43, 0xCA43, 0xCA43, 0xCA43, 0xCA43, 0xCA43, 0xCA43, 0xCA43,
    0xCA43, 0xCA43, 0xCA43, 0xCA43, 0xCA84, 0xCAE6, 0xCAE6, 0xCAE6, 0xCAE6, 0xCAE6, 0xCAE6, 0xCAE6, 0xCAE6, 0xCAE6, 0xCAE6, 0xCAE6,
    0xCAE6, 0xCAE6, 0xCAC6, 0xCAC6, 0xCAC6, 0xCAC6, 0xCAC6, 0xCAC6, 0xCAC6, 0xCAC6, 0xC2C6, 0xC2C6, 0xC2C6, 0xC2C6, 0xC2C6, 0xC2C6,
    0xC2C6, 0xC2C6, 0xC2C6, 0xC2C6, 0xC2C6, 0xC2A6, 0xC2A6, 0xC2A6, 0xBA23, 0xBA03, 0xBA03, 0xBA03, 0xBA03, 0xBA03, 0xBA03, 0xBA03,
    0xBA03, 0xBA03, 0xB203, 0xB203, 0xB203, 0xB203, 0xB203, 0xB203, 0xB203, 0xB1E3, 0xB1E3, 0xB1E3, 0xB285, 0xB285, 0xB285, 0xB285,
    0xB285, 0xB285, 0xB285, 0xB286, 0xB286, 0xBA86, 0xBAA6, 0xBAA6, 0xBAA6, 0xBAA6, 0xBAA6, 0xBAA6, 0xBAA6, 0xBAA6, 0xBAA6, 0xBA65,
    0xBA02, 0xBA23, 0xBA23, 0xBA23, 0xC223, 0xC223, 0xC223, 0xC223, 0xC223, 0xC223, 0xC223, 0xC223, 0xC223, 0xC223, 0xC223, 0xC223,
    0xC223, 0xC223, 0xC223, 0xC223, 0xC223, 0xC223, 0xCA43, 0xCA43, 0xCA43, 0xCA43, 0xCA43, 0xCA43, 0xCA43, 0xCA43, 0xCA43, 0xCA43,
    0xCA43, 0xCA43, 0xCA43, 0xCAA5, 0xCAE7, 0xCAE6, 0xCAE6, 0xD2E6, 0xD2E6, 0xD2E6, 0xD2E6, 0xD2E6, 0xD2E6, 0xD2E6, 0xD2E6, 0xD2E6,
    0xD2E6, 0xD2E6, 0xD2E6, 0xD2E6, 0xD2E6, 0xD2E6, 0xD2E6, 0xD2E6, 0xD2E6, 0xD2E6, 0xD2E6, 0xD2E6, 0xD2E6, 0xD2E6, 0xD2E6, 0xD2E6,
    0xD2E6, 0xD307, 0xD284, 0xD243, 0xD243, 0xD243, 0xD243, 0xD243, 0xD243, 0xD243, 0xD243, 0xCA43, 0xCA43, 0xCA43, 0xCA43, 0xCA43,
    0xCA43, 0xCA43, 0xCA43, 0xCA43, 0xCA43, 0xCA43, 0xCA43, 0xCA43, 0xCA43, 0xCA43, 0xCA43, 0xCA43, 0xCA43, 0xCA43, 0xCA43, 0xCA43,
    0xCA43, 0xCAE6, 0xCAE6, 0xCAE6, 0xCAE6, 0xCAE6, 0xCAE6, 0xCAE6, 0xCAE6, 0xCAE6, 0xCAE6, 0xCAE6, 0xCAC6, 0xCAC6, 0xCAC6, 0xCAC6,
    0xCAC6, 0xCAC6, 0xCAC6, 0xCAC6, 0xCAC6, 0xC2C6, 0xC2C6, 0xC2C6, 0xC2C6, 0xC2C6, 0xC2C6, 0xC2C6, 0xC2C6, 0xC2C6, 0xC2C6, 0xC2C6,
    0xC2A6, 0xC2A6, 0xC2A6, 0xC2A6, 0xBA85, 0xBA03, 0xBA03, 0xBA03, 0xBA03, 0xBA03, 0xBA03, 0xBA03, 0xBA03, 0xB203, 0xB203, 0xB203,
    0xB203, 0xB203, 0xB203, 0xB203, 0xB1E3, 0xB1E3, 0xB1E3, 0xB1E2, 0xB265, 0xB285, 0xB285, 0xB285, 0xB285, 0xB285, 0xB285, 0xB285,
    0xB285, 0xB286, 0xBA86, 0xBA86, 0xBAA6, 0xBAA6, 0xBAA6, 0xBAA6, 0xBAA6, 0xBAA6, 0xBAA6, 0xBA23, 0xBA03, 0xBA03, 0xBA23, 0xBA23,
    0xBA23, 0xBA23, 0xBA23, 0xC223, 0xC223, 0xC223, 0xC223, 0xC223, 0xC223, 0xC223, 0xC223, 0xC223, 0xC223, 0xC223, 0xC223, 0xC223,
    0xC223, 0xC223, 0xC223, 0xC223, 0xC223, 0xCA43, 0xCA43, 0xCA43, 0xCA43, 0xCA43, 0xCA43, 0xCA43, 0xCA43, 0xCA43, 0xCA43, 0xCAC6,
    0xCAE6, 0xCAE6, 0xCAE6, 0xCAE6, 0xCAE6, 0xCAE6, 0xCAE6, 0xCAE6, 0xCAE6, 0xD2E6, 0xD2E6, 0xD2E6, 0xD2E6, 0xD2E6, 0xD2E6, 0xD2E6,
    0xD2E6, 0xD2E6, 0xD2E6, 0xD2E6, 0xD2E6, 0xD2E6, 0xD2E6, 0xD2E6, 0xD2E6, 0xD2E6, 0xD2E6, 0xD2E6, 0xD2E6, 0xD2E6, 0xD264, 0xCA43,
    0xCA43, 0xCA43, 0xCA43, 0xCA43, 0xCA43, 0xCA43, 0xCA43, 0xCA43, 0xCA43, 0xCA43, 0xCA43, 0xCA43, 0xCA43, 0xCA43, 0xCA43, 0xCA43,
    0xCA43, 0xCA43, 0xCA43, 0xCA43, 0xCA43, 0xCA43, 0xCA43, 0xCA43, 0xCA43, 0xCA43, 0xCA43, 0xCA43, 0xCA43, 0xCAA5, 0xCAE6, 0xCAE6,
    0xCAE6, 0xCAE6, 0xCAE6, 0xCAE6, 0xCAE6, 0xCAC6, 0xCAC6, 0xCAC6, 0xCAC6, 0xCAC6, 0xCAC6, 0xCAC6, 0xCAC6, 0xCAC6, 0xC2C6, 0xC2C6,
    0xC2C6, 0xC2C6, 0xC2C6, 0xC2C6, 0xC2C6, 0xC2C6, 0xC2C6, 0xC2C6, 0xC2C6, 0xC2A6, 0xC2A6, 0xC2A6, 0xC2A6, 0xC2A6, 0xBAA6, 0xBAA6,
    0xBAA6, 0xBA44, 0xBA02, 0xBA03, 0xBA03, 0xBA03, 0xBA03, 0xB203, 0xB203, 0xB203, 0xB203, 0xB203, 0xB203, 0xB203, 0xB203, 0xB1E3,
    0xB1E3, 0xB1E2, 0xA9E2, 0xA9E2, 0xAA65, 0xB265, 0xB265, 0xB285, 0xB285, 0xB285, 0xB285, 0xB285, 0xB285, 0xB285, 0xB286, 0xB286,
    0xB286, 0xBAA6, 0xBAA6, 0xBAA6, 0xBAA6, 0xBAA6, 0xBA64, 0xBA02, 0xBA03, 0xBA03, 0xBA03, 0xBA03, 0xBA23, 0xBA23, 0xBA23, 0xBA23,
    0xC223, 0xBA23, 0xC223, 0xC223, 0xC223, 0xC223, 0xC223, 0xC223, 0xC223, 0xC223, 0xC223, 0xC223, 0xC223, 0xC223, 0xC223, 0xC223,
    0xC223, 0xC223, 0xC223, 0xCA43, 0xC243, 0xCA43, 0xCA43, 0xCA43, 0xCA43, 0xCA23, 0xCA64, 0xCAE6, 0xCAE6, 0xCAE6, 0xCAE6, 0xCAE6,
    0xCAE6, 0xCAE6, 0xCAE6, 0xCAE6, 0xCAE6, 0xCAE6, 0xCAE6, 0xCAE6, 0xCAE6, 0xCAE6, 0xCAE6, 0xCAE6, 0xD2E6, 0xD2E6, 0xCAE6, 0xCAE6,
    0xD2E6, 0xD2E6, 0xD2E6, 0xD2E6, 0xD2E6, 0xD2E6, 0xD2E6, 0xD2E6, 0xD2E6, 0xD2E6, 0xD264, 0xCA43, 0xCA43, 0xCA43, 0xCA43, 0xCA43,
    0xCA43, 0xCA43, 0xCA43, 0xCA43, 0xCA43, 0xCA43, 0xCA43, 0xCA43, 0xCA43, 0xCA43, 0xCA43, 0xCA43, 0xCA43, 0xCA43, 0xCA43, 0xCA43,
    0xCA43, 0xCA43, 0xCA43, 0xCA43, 0xCA43, 0xCA43, 0xCA43, 0xCA43, 0xCA23, 0xCA84, 0xCAE6, 0xCAE6, 0xCAC6, 0xCAE6, 0xCAC6, 0xCAC6,
    0xCAC6, 0xCAC6, 0xCAC6, 0xCAC6, 0xCAC6, 0xCAC6, 0xC2C6, 0xC2C6, 0xC2C6, 0xC2C6, 0xC2C6, 0xC2C6, 0xC2C6, 0xC2C6, 0xC2C6, 0xC2C6,
    0xC2C6, 0xC2C6, 0xC2C6, 0xC2C6, 0xC2A6, 0xC2A6, 0xC2A6, 0xC2A6, 0xBAA6, 0xBAA6, 0xBAA6, 0xBAA6, 0xBAA6, 0xBA85, 0xBA03, 0xBA03,
    0xBA03, 0xBA03, 0xB203, 0xB203, 0xB203, 0xB203, 0xB203, 0xB203, 0xB203, 0xB1E3, 0xB1E3, 0xB1E3, 0xB1E2, 0xA9E2, 0xA9E2, 0xA9E2,
    0xAA65, 0xAA65, 0xAA65, 0xB265, 0xB285, 0xB285, 0xB285, 0xB285, 0xB285, 0xB285, 0xB285, 0xB285, 0xB285, 0xB286, 0xBA86, 0xBAA6,
    0xBAA6, 0xBA85, 0xBA03, 0xBA03, 0xBA03, 0xBA03, 0xBA03, 0xBA03, 0xBA03, 0xBA03, 0xBA23, 0xBA23, 0xBA23, 0xBA23, 0xBA23, 0xC223,
    0xC223, 0xC223, 0xC223, 0xC223, 0xC223, 0xC223, 0xC223, 0xC223, 0xC223, 0xC223, 0xC223, 0xC223, 0xC223, 0xC223, 0xC223, 0xC223,
    0xC223, 0xC223, 0xC223, 0xC223, 0xCA43, 0xCA23, 0xCA85, 0xCAE6, 0xCAE6, 0xCAE6, 0xCAE6, 0xCAE6, 0xCAE6, 0xCAE6, 0xCAE6, 0xCAE6,
    0xCAE6, 0xCAE6, 0xCAE6, 0xCAE6, 0xCAE6, 0xCAE6, 0xCAE6, 0xCAE6, 0xCAE6, 0xCAE6, 0xCAE6, 0xCAE6, 0xCAE6, 0xCAE6, 0xCAE6, 0xCAE6,
    0xCAE6, 0xCAE6, 0xCAE6, 0xCAE6, 0xCAE6, 0xCAE6, 0xCA64, 0xCA43, 0xCA43, 0xCA43, 0xCA43, 0xCA43, 0xCA43, 0xCA43, 0xCA43, 0xCA43,
    0xCA43, 0xCA43, 0xCA43, 0xCA43, 0xCA43, 0xCA43, 0xCA43, 0xCA43, 0xCA43, 0xCA43, 0xCA43, 0xCA43, 0xCA43, 0xCA43, 0xCA43, 0xCA43,
    0xCA43, 0xCA43, 0xCA43, 0xCA43, 0xCA23, 0xCA64, 0xCAE6, 0xCAC6, 0xCAC6, 0xCAC6, 0xCAC6, 0xCAC6, 0xCAC6, 0xCAC6, 0xCAC6, 0xCAC6,
    0xCAC6, 0xC2C6, 0xC2C6, 0xC2C6, 0xC2C6, 0xC2C6, 0xC2C6, 0xC2C6, 0xC2C6, 0xC2C6, 0xC2C6, 0xC2C6, 0xC2C6, 0xC2A6, 0xC2A6, 0xC2A6,
    0xC2A6, 0xC2A6, 0xC2A6, 0xBAA6, 0xBAA6, 0xBAA6, 0xBAA6, 0xBAA6, 0xBAA6, 0xBAA6, 0xBA44, 0xB202, 0xB203, 0xB203, 0xB203, 0xB203,
    0xB203, 0xB203, 0xB203, 0xB1E3, 0xB1E3, 0xB1E3, 0xB1E2, 0xA9E2, 0xA9E2, 0xA9E2, 0xA9E2, 0xA9E2, 0xAA65, 0xAA65, 0xAA65, 0xAA65,
    0xAA65, 0xB265, 0xB285, 0xB285, 0xB285, 0xB285, 0xB285, 0xB285, 0xB285, 0xB285, 0xB285, 0xB286, 0xBAA6, 0xB244, 0xB202, 0xBA03,
    0xBA03, 0xBA03, 0xBA03, 0xBA03, 0xBA03, 0xBA03, 0xBA03, 0xBA03, 0xBA23, 0xBA23, 0xBA23, 0xBA23, 0xBA23, 0xBA23, 0xC223, 0xC223,
    0xC223, 0xC223, 0xC223, 0xC223, 0xC223, 0xC223, 0xC223, 0xC223, 0xC223, 0xC223, 0xC223, 0xC223, 0xC223, 0xC223, 0xC223, 0xC223,
    0xC223, 0xC223, 0xCAA5, 0xCAE6, 0xCAC6, 0xCAC6, 0xCAC6, 0xCAC6, 0xCAE6, 0xCAE6, 0xCAE6, 0xCAE6, 0xCAE6, 0xCAE6, 0xCAE6, 0xCAE6,
    0xCAE6, 0xCAE6, 0xCAE6, 0xCAE6, 0xCAE6, 0xCAE6, 0xCAE6, 0xCAE6, 0xCAE6, 0xCAE6, 0xCAE6, 0xCAE6, 0xCAE6, 0xCAE6, 0xCAE6, 0xCAE6,
    0xCAE6, 0xCAE6, 0xCA64, 0xCA43, 0xCA43, 0xCA43, 0xCA43, 0xCA43, 0xCA43, 0xCA43, 0xCA43, 0xCA43, 0xCA43, 0xCA43, 0xCA43, 0xCA43,
    0xCA43, 0xCA43, 0xCA43, 0xCA43, 0xCA43, 0xCA43, 0xCA43, 0xCA43, 0xCA43, 0xCA43, 0xCA43, 0xCA43, 0xCA43, 0xCA43, 0xCA43, 0xCA43,
    0xC223, 0xC243, 0xCAC6, 0xCAE6, 0xCAC6, 0xCAC6, 0xCAC6, 0xCAC6, 0xCAC6, 0xC2C6, 0xC2C6, 0xC2C6, 0xC2C6, 0xC2C6, 0xC2C6, 0xC2C6,
    0xC2C6, 0xC2C6, 0xC2C6, 0xC2C6, 0xC2C6, 0xC2C6, 0xC2A6, 0xC2A6, 0xC2A6, 0xC2A6, 0xC2A6, 0xBAA6, 0xBAA6, 0xBAA6, 0xBAA6, 0xBAA6,
    0xBAA6, 0xBAA6, 0xBAA6, 0xBAA6, 0xBAA6, 0xBAA6, 0xBA85, 0xB203, 0xB202, 0xB203, 0xB203, 0xB203, 0xB203, 0xB203, 0xB1E3, 0xB1E3,
    0xB1E2, 0xA9E2, 0xA9E2, 0xA9E2, 0xA9E2, 0xA9E2, 0xA9E2, 0xA9E2, 0xAA65, 0xAA65, 0xAA65, 0xAA65, 0xAA65, 0xAA65, 0xB265, 0xB285,
    0xB285, 0xB285, 0xB285, 0xB285, 0xB285, 0xB285, 0xB285, 0xB286, 0xB265, 0xB202, 0xB203, 0xB203, 0xBA03, 0xBA03, 0xBA03, 0xBA03,
    0xBA03, 0xBA03, 0xBA03, 0xBA03, 0xBA03, 0xBA03, 0xBA23, 0xBA23, 0xBA23, 0xBA23, 0xBA23, 0xC223, 0xC223, 0xC223, 0xC223, 0xC223,
    0xC223, 0xC223, 0xC223, 0xC223, 0xC223, 0xC223, 0xC223, 0xC223, 0xC223, 0xC223, 0xC223, 0xC223, 0xC223, 0xC243, 0xCAC6, 0xCAE6,
    0xCAC6, 0xCAC6, 0xCAC6, 0xCAC6, 0xCAC6, 0xCAC6, 0xCAC6, 0xCAC6, 0xCAE6, 0xCAE6, 0xCAE6, 0xCAE6, 0xCAE6, 0xCAE6, 0xCAE6, 0xCAE6,
    0xCAE6, 0xCAE6, 0xCAE6, 0xCAE6, 0xCAE6, 0xCAE6, 0xCAE6, 0xCAE6, 0xCAE6, 0xCAE6, 0xCAE6, 0xCAE6, 0xCAE6, 0xCAE6, 0xCA64, 0xCA43,
    0xCA43, 0xCA43, 0xCA43, 0xCA43, 0xCA43, 0xCA43, 0xCA43, 0xCA43, 0xCA43, 0xCA43, 0xCA43, 0xCA43, 0xCA43, 0xCA43, 0xCA43, 0xCA43,
    0xCA43, 0xCA43, 0xCA43, 0xCA43, 0xCA43, 0xCA43, 0xCA43, 0xCA43, 0xCA43, 0xC223, 0xC223, 0xC223, 0xC223, 0xC223, 0xC2A5, 0xCAE6,
    0xCAC6, 0xCAC6, 0xCAC6, 0xC2C6, 0xC2C6, 0xC2C6, 0xC2C6, 0xC2C6, 0xC2C6, 0xC2C6, 0xC2C6, 0xC2C6, 0xC2C6, 0xC2C6, 0xC2C6, 0xC2C6,
    0xC2C6, 0xC2A6, 0xC2A6, 0xC2A6, 0xC2A6, 0xC2A6, 0xBAA6, 0xBAA6, 0xBAA6, 0xBAA6, 0xBAA6, 0xBAA6, 0xBAA6, 0xBAA6, 0xBAA6, 0xBAA6,
    0xBAA6, 0xBA86, 0xBAA6, 0xB264, 0xB1E2, 0xB203, 0xB203, 0xB203, 0xB1E3, 0xB1E3, 0xB1E3, 0xB1E2, 0xA9E2, 0xA9E2, 0xA9E2, 0xA9E2,
    0xA9E2, 0xA9E2, 0xA9E2, 0xA9E2, 0xAA65, 0xAA65, 0xAA65, 0xAA65, 0xAA65, 0xAA65, 0xAA65, 0xAA65, 0xB265, 0xB285, 0xB285, 0xB285,
    0xB285, 0xB285, 0xB285, 0xB286, 0xB223, 0xB1E2, 0xB203, 0xB203, 0xB203, 0xB203, 0xB203, 0xBA03, 0xBA03, 0xBA03, 0xBA03, 0xBA03,
    0xBA03, 0xBA03, 0xBA03, 0xBA03, 0xBA03, 0xBA23, 0xBA23, 0xBA23, 0xBA23, 0xBA23, 0xBA23, 0xC223, 0xC223, 0xC223, 0xC223, 0xC223,
    0xC223, 0xC223, 0xC223, 0xC223, 0xC223, 0xC223, 0xC223, 0xC223, 0xC223, 0xC264, 0xCAC6, 0xCAC6, 0xCAC6, 0xCAC6, 0xCAC6, 0xCAC6,
    0xCAC6, 0xCAC6, 0xCAC6, 0xCAC6, 0xCAC6, 0xCAC6, 0xCAC6, 0xCAC6, 0xCAC6, 0xCAC6, 0xCAC6, 0xCAC6, 0xCAE6, 0xCAE6, 0xCAE6, 0xCAE6,
    0xCAE6, 0xCAE6, 0xCAE6, 0xCAE6, 0xCAE6, 0xCAE6, 0xCAE6, 0xCAE6, 0xCAE6, 0xCAE6, 0xCA64, 0xCA23, 0xCA43, 0xCA43, 0xCA43, 0xCA43,
    0xCA43, 0xCA43, 0xCA43, 0xCA43, 0xCA43, 0xCA43, 0xCA43, 0xCA43, 0xCA43, 0xCA43, 0xCA43, 0xCA43, 0xCA43, 0xCA43, 0xC223, 0xC223,
    0xC223, 0xC223, 0xC223, 0xC223, 0xC223, 0xC223, 0xC223, 0xC223, 0xC223, 0xC223, 0xC264, 0xC2C6, 0xC2C6, 0xC2C6, 0xC2C6, 0xC2C6,
    0xC2C6, 0xC2C6, 0xC2C6, 0xC2C6, 0xC2C6, 0xC2C6, 0xC2C6, 0xC2C6, 0xC2C6, 0xC2A6, 0xC2A6, 0xC2A6, 0xC2A6, 0xC2A6, 0xC2A6, 0xBAA6,
    0xBAA6, 0xBAA6, 0xBAA6, 0xBAA6, 0xBAA6, 0xBAA6, 0xBAA6, 0xBAA6, 0xBAA6, 0xBAA6, 0xBAA6, 0xBA86, 0xB286, 0xB286, 0xB285, 0xB286,
    0xB223, 0xB1E2, 0xB1E3, 0xB1E3, 0xB1E2, 0xB1E2, 0xA9E2, 0xA9E2, 0xA9E2, 0xA9E2, 0xA9E2, 0xA9E2, 0xA9E2, 0xA9E2, 0xA9E2, 0xA9E2,
    0xAA65, 0xAA65, 0xAA65, 0xAA65, 0xAA65, 0xAA65, 0xAA65, 0xAA65, 0xAA65, 0xB265, 0xB265, 0xB285, 0xB285, 0xB285, 0xB286, 0xB244,
    0xB1E2, 0xB203, 0xB203, 0xB203, 0xB203, 0xB203, 0xB203, 0xB203, 0xBA03, 0xBA03, 0xBA03, 0xBA03, 0xBA03, 0xBA03, 0xBA03, 0xBA03,
    0xBA03, 0xBA03, 0xBA03, 0xBA23, 0xBA23, 0xBA23, 0xBA23, 0xBA23, 0xC223, 0xC223, 0xC223, 0xC223, 0xC223, 0xC223, 0xC223, 0xC223,
    0xC223, 0xC223, 0xC223, 0xC223, 0xC223, 0xC285, 0xC2C6, 0xC2C6, 0xC2C6, 0xCAC6, 0xCAC6, 0xC2C6, 0xCAC6, 0xCAC6, 0xCAC6, 0xCAC6,
    0xCAC6, 0xCAC6, 0xCAC6, 0xCAC6, 0xCAC6, 0xCAC6, 0xCAC6, 0xCAC6, 0xCAC6, 0xCAC6, 0xCAC6, 0xCAC6, 0xCAC6, 0xCAC6, 0xCAC6, 0xCAC6,
    0xCAC6, 0xCAC6, 0xCAE6, 0xCAE6, 0xCAE6, 0xCAE6, 0xCA64, 0xCA23, 0xCA43, 0xCA43, 0xCA43, 0xCA43, 0xCA43, 0xCA43, 0xC243, 0xC243,
    0xC243, 0xC243, 0xCA43, 0xCA43, 0xCA23, 0xC223, 0xC223, 0xC223, 0xC223, 0xC223, 0xC223, 0xC223, 0xC223, 0xC223, 0xC223, 0xC223,
    0xC223, 0xC223, 0xC223, 0xC223, 0xC223, 0xC223, 0xC243, 0xC2C6, 0xC2C6, 0xC2C6, 0xC2C6, 0xC2C6, 0xC2C6, 0xC2C6, 0xC2C6, 0xC2C6,
    0xC2C6, 0xC2C6, 0xC2C6, 0xC2C6, 0xC2A6, 0xC2A6, 0xC2A6, 0xC2A6, 0xBAA6, 0xC2A6, 0xBAA6, 0xBAA6, 0xBAA6, 0xBAA6, 0xBAA6, 0xBAA6,
    0xBAA6, 0xBAA6, 0xBAA6, 0xBAA6, 0xBAA6, 0xBAA6, 0xB286, 0xB286, 0xB285, 0xB285, 0xB285, 0xB286, 0xB265, 0xB1E2, 0xB1E3, 0xB1E2,
    0xB1E2, 0xA9E2, 0xA9E2, 0xA9E2, 0xA9E2, 0xA9E2, 0xA9E2, 0xA9E2, 0xA9E2, 0xA9E2, 0xA1E2, 0xA1E2, 0xAA65, 0xAA65, 0xAA65, 0xAA65,
    0xAA65, 0xAA65, 0xAA65, 0xAA65, 0xAA65, 0xAA65, 0xAA65, 0xB265, 0xB285, 0xB285, 0xB285, 0xB203, 0xB1E2, 0xB1E3, 0xB203, 0xB203,
    0xB203, 0xB203, 0xB203, 0xB203, 0xB203, 0xB203, 0xB203, 0xBA03, 0xBA03, 0xBA03, 0xBA03, 0xBA03, 0xBA03, 0xBA03, 0xBA03, 0xBA03,
    0xBA03, 0xBA03, 0xBA23, 0xBA23, 0xBA23, 0xBA23, 0xBA23, 0xBA23, 0xBA23, 0xC223, 0xC223, 0xC223, 0xC223, 0xC223, 0xC223, 0xC223,
    0xC223, 0xC2A5, 0xC2C6, 0xC2C6, 0xC2C6, 0xC2C6, 0xC2C6, 0xC2C6, 0xC2C6, 0xC2C6, 0xC2C6, 0xC2C6, 0xCAC6, 0xCAC6, 0xCAC6, 0xCAC6,
    0xCAC6, 0xCAC6, 0xCAC6, 0xCAC6, 0xCAC6, 0xCAC6, 0xCAC6, 0xCAC6, 0xCAC6, 0xCAC6, 0xCAC6, 0xCAC6, 0xCAC6, 0xCAC6, 0xCAC6, 0xCAC6,
    0xCAC6, 0xCAE6, 0xCA64, 0xC223, 0xC223, 0xC223, 0xC223, 0xC223, 0xC223, 0xC223, 0xC223, 0xC223, 0xC223, 0xC223, 0xC223, 0xC223,
    0xC223, 0xC223, 0xC223, 0xC223, 0xC223, 0xC223, 0xC223, 0xC223, 0xC223, 0xC223, 0xC223, 0xC223, 0xC223, 0xC223, 0xC223, 0xC223,
    0xC223, 0xC223, 0xC223, 0xC2A6, 0xC2C6, 0xC2C6, 0xC2C6, 0xC2C6, 0xC2C6, 0xC2C6, 0xC2C6, 0xC2C6, 0xC2A6, 0xC2A6, 0xC2A6, 0xC2A6,
    0xC2A6, 0xC2A6, 0xBAA6, 0xBAA6, 0xBAA6, 0xBAA6, 0xBAA6, 0xBAA6, 0xBAA6, 0xBAA6, 0xBAA6, 0xBAA6, 0xBAA6, 0xBAA6, 0xBAA6, 0xBA86,
    0xB286, 0xB286, 0xB285, 0xB285, 0xB285, 0xB285, 0xB285, 0xB285, 0xB286, 0xB223, 0xA9E2, 0xA9E2, 0xA9E2, 0xA9E2, 0xA9E2, 0xA9E2,
    0xA9E2, 0xA9E2, 0xA9E2, 0xA9E2, 0xA1E2, 0xA1E2, 0xA1E2, 0xA1C2, 0xA245, 0xA245, 0xAA65, 0xAA65, 0xAA65, 0xAA65, 0xAA65, 0xAA65,
    0xAA65, 0xAA65, 0xAA65, 0xAA65, 0xAA65, 0xB286, 0xB224, 0xA9E2, 0xB1E2, 0xB1E3, 0xB1E3, 0xB1E3, 0xB203, 0xB203, 0xB203, 0xB203,
    0xB203, 0xB203, 0xB203, 0xB203, 0xB203, 0xB203, 0xBA03, 0xBA03, 0xBA03, 0xBA03, 0xBA03, 0xBA03, 0xBA03, 0xBA03, 0xBA03, 0xBA03,
    0xBA03, 0xBA03, 0xBA23, 0xBA23, 0xBA23, 0xBA23, 0xBA23, 0xBA23, 0xBA23, 0xC223, 0xC223, 0xC223, 0xC243, 0xC2C6, 0xC2C6, 0xC2C6,
    0xC2C6, 0xC2C6, 0xC2C6, 0xC2C6, 0xC2C6, 0xC2C6, 0xC2C6, 0xC2C6, 0xC2C6, 0xC2C6, 0xC2C6, 0xC2C6, 0xC2C6, 0xC2C6, 0xC2C6, 0xC2C6,
    0xC2C6, 0xCAC6, 0xCAC6, 0xCAC6, 0xCAC6, 0xCAC6, 0xCAC6, 0xCAC6, 0xCAC6, 0xCAC6, 0xCAC6, 0xCAC6, 0xCAC6, 0xCAC6, 0xC244, 0xC223,
    0xC223, 0xC223, 0xC223, 0xC223, 0xC223, 0xC223, 0xC223, 0xC223, 0xC223, 0xC223, 0xC223, 0xC223, 0xC223, 0xC223, 0xC223, 0xC223,
    0xC223, 0xC223, 0xC223, 0xC223, 0xC223, 0xC223, 0xC223, 0xC223, 0xC223, 0xC223, 0xC223, 0xC223, 0xC223, 0xC223, 0xC223, 0xC285,
    0xC2C6, 0xC2C6, 0xC2C6, 0xC2C6, 0xC2A6, 0xC2A6, 0xC2A6, 0xC2A6, 0xC2A6, 0xC2A6, 0xC2A6, 0xBAA6, 0xBAA6, 0xBAA6, 0xBAA6, 0xBAA6,
    0xBAA6, 0xBAA6, 0xBAA6, 0xBAA6, 0xBAA6, 0xBAA6, 0xBAA6, 0xBAA6, 0xBA86, 0xBA86, 0xB286, 0xB285, 0xB285, 0xB285, 0xB285, 0xB285,
    0xB285, 0xB285, 0xB285, 0xB285, 0xB285, 0xB265, 0xA9E2, 0xA9E2, 0xA9E2, 0xA9E2, 0xA9E2, 0xA9E2, 0xA9E2, 0xA9E2, 0xA9E2, 0xA1E2,
    0xA1C2, 0xA1C2, 0xA1C2, 0xA1C2, 0xA245, 0xA245, 0xA245, 0xAA45, 0xAA65, 0xAA65, 0xAA65, 0xAA65, 0xAA65, 0xAA65, 0xAA65, 0xAA65,
    0xAA65, 0xAA65, 0xA9E2, 0xA9E2, 0xA9E2, 0xB1E2, 0xB1E3, 0xB1E3, 0xB1E3, 0xB1E3, 0xB203, 0xB203, 0xB203, 0xB203, 0xB203, 0xB203,
    0xB203, 0xB203, 0xB203, 0xBA03, 0xBA03, 0xBA03, 0xBA03, 0xBA03, 0xBA03, 0xBA03, 0xBA03, 0xBA03, 0xBA03, 0xBA03, 0xBA03, 0xBA23,
    0xBA23, 0xBA23, 0xBA23, 0xBA23, 0xBA23, 0xBA23, 0xBA23, 0xC223, 0xC264, 0xC2C6, 0xC2C6, 0xC2C6, 0xC2C6, 0xC2C6, 0xC2C6, 0xC2C6,
    0xC2C6, 0xC2C6, 0xC2C6, 0xC2C6, 0xC2C6, 0xC2C6, 0xC2C6, 0xC2C6, 0xC2C6, 0xC2C6, 0xC2C6, 0xC2C6, 0xC2C6, 0xC2C6, 0xC2C6, 0xC2C6,
    0xC2C6, 0xC2C6, 0xC2C6, 0xC2C6, 0xC2C6, 0xC2C6, 0xCAC6, 0xCAC6, 0xCAC6, 0xCAC6, 0xC244, 0xC223, 0xC223, 0xC223, 0xC223, 0xC223,
    0xC223, 0xC223, 0xC223, 0xC223, 0xC223, 0xC223, 0xC223, 0xC223, 0xC223, 0xC223, 0xC223, 0xC223, 0xC223, 0xC223, 0xC223, 0xC223,
    0xC223, 0xC223, 0xC223, 0xC223, 0xC223, 0xC223, 0xC223, 0xC223, 0xC223, 0xC223, 0xC223, 0xC244, 0xC2C6, 0xC2A6, 0xC2A6, 0xC2A6,
    0xC2A6, 0xC2A6, 0xC2A6, 0xC2A6, 0xC2A6, 0xBAA6, 0xBAA6, 0xBAA6, 0xBAA6, 0xBAA6, 0xBAA6, 0xBAA6, 0xBAA6, 0xBAA6, 0xBAA6, 0xBAA6,
    0xBAA6, 0xBAA6, 0xBAA6, 0xBA86, 0xB286, 0xB286, 0xB285, 0xB285, 0xB285, 0xB285, 0xB285, 0xB285, 0xB285, 0xB285, 0xB285, 0xB285,
    0xB265, 0xB285, 0xAA24, 0xA9E2, 0xA9E2, 0xA9E2, 0xA9E2, 0xA9E2, 0xA9E2, 0xA1E2, 0xA1E2, 0xA1E2, 0xA1C2, 0xA1C2, 0xA1C2, 0xA1C2,
    0xA245, 0xA245, 0xA245, 0xA245, 0xA245, 0xAA65, 0xAA65, 0xAA65, 0xAA65, 0xAA65, 0xAA65, 0xAA65, 0xAA65, 0xAA03, 0xA9E2, 0xA9E2,
    0xA9E2, 0xA9E2, 0xA9E2, 0xA9E2, 0xB1E2, 0xB1E3, 0xB1E3, 0xB1E3, 0xB203, 0xB203, 0xB203, 0xB203, 0xB203, 0xB203, 0xB203, 0xB203,
    0xB203, 0xB203, 0xBA03, 0xBA03, 0xBA03, 0xBA03, 0xBA03, 0xBA03, 0xBA03, 0xBA03, 0xBA03, 0xBA03, 0xBA03, 0xBA03, 0xBA03, 0xBA23,
    0xBA23, 0xBA23, 0xBA23, 0xBA02, 0xC285, 0xC2C6, 0xC2A6, 0xC2A6, 0xC2C6, 0xC2C6, 0xC2C6, 0xC2C6, 0xC2C6, 0xC2C6, 0xC2C6, 0xC2C6,
    0xC2C6, 0xC2C6, 0xC2C6, 0xC2C6, 0xC2C6, 0xC2C6, 0xC2C6, 0xC2C6, 0xC2C6, 0xC2C6, 0xC2C6, 0xC2C6, 0xC2C6, 0xC2C6, 0xC2C6, 0xC2C6,
    0xC2C6, 0xC2C6, 0xC2C6, 0xC2C6, 0xC2C6, 0xC2C6, 0xC243, 0xC223, 0xC223, 0xC223, 0xC223, 0xC223, 0xC223, 0xC223, 0xC223, 0xC223,
    0xC223, 0xC223, 0xC223, 0xC223, 0xC223, 0xC223, 0xC223, 0xC223, 0xC223, 0xC223, 0xC223, 0xC223, 0xC223, 0xC223, 0xC223, 0xC223,
    0xC223, 0xC223, 0xC223, 0xC223, 0xBA23, 0xBA23, 0xBA03, 0xBA23, 0xC2A6, 0xC2A6, 0xC2A6, 0xC2A6, 0xC2A6, 0xBAA6, 0xBAA6, 0xBAA6,
    0xBAA6, 0xBAA6, 0xBAA6, 0xBAA6, 0xBAA6, 0xBAA6, 0xBAA6, 0xBAA6, 0xBAA6, 0xBAA6, 0xBAA6, 0xBAA6, 0xBA86, 0xBA86, 0xB286, 0xB285,
    0xB285, 0xB285, 0xB285, 0xB285, 0xB285, 0xB285, 0xB285, 0xB285, 0xB285, 0xB285, 0xB265, 0xAA65, 0xAA65, 0xAA65, 0xAA65, 0xA9E3,
    0xA9E2, 0xA9E2, 0xA9E2, 0xA1E2, 0xA1E2, 0xA1C2, 0xA1C2, 0xA1C2, 0xA1C2, 0xA1C2, 0xA1C2, 0xA1C2, 0xA245, 0xA245, 0xA245, 0xA245,
    0xA245, 0xA245, 0xA245, 0xA265, 0xAA65, 0xAA65, 0xAA65, 0xAA65, 0xAA44, 0xA9E2, 0xA9E2, 0xA9E2, 0xA9E2, 0xA9E2, 0xA9E2, 0xA9E2,
    0xA9E2, 0xB1E2, 0xB1E3, 0xB1E3, 0xB1E3, 0xB1E3, 0xB203, 0xB203, 0xB203, 0xB203, 0xB203, 0xB203, 0xB203, 0xB203, 0xB203, 0xB203,
    0xBA03, 0xB203, 0xBA03, 0xBA03, 0xBA03, 0xBA03, 0xBA03, 0xBA03, 0xBA03, 0xBA03, 0xBA03, 0xBA03, 0xBA03, 0xBA03, 0xBA23, 0xBA23,
    0xBAA5, 0xC2A6, 0xC2A6, 0xC2A6, 0xC2A6, 0xC2A6, 0xC2A6, 0xC2C6, 0xC2C6, 0xC2C6, 0xC2A6, 0xC2C6, 0xC2C6, 0xC2C6, 0xC2C6, 0xC2C6,
    0xC2C6, 0xC2C6, 0xC2C6, 0xC2C6, 0xC2C6, 0xC2C6, 0xC2C6, 0xC2C6, 0xC2C6, 0xC2C6, 0xC2C6, 0xC2C6, 0xC2C6, 0xC2C6, 0xC2C6, 0xC2C6,
    0xC2C6, 0xC2C6, 0xC243, 0xC223, 0xC223, 0xC223, 0xC223, 0xC223, 0xC223, 0xC223, 0xC223, 0xC223, 0xC223, 0xC223, 0xC223, 0xC223,
    0xC223, 0xC223, 0xC223, 0xC223, 0xC223, 0xC223, 0xC223, 0xC223, 0xC223, 0xC223, 0xC223, 0xBA23, 0xC223, 0xBA23, 0xBA23, 0xBA23,
    0xBA23, 0xBA23, 0xBA23, 0xBA23, 0xBA85, 0xBAA6, 0xBAA6, 0xBAA6, 0xBAA6, 0xBAA6, 0xBAA6, 0xBAA6, 0xBAA6, 0xBAA6, 0xBAA6, 0xBAA6,
    0xBAA6, 0xBAA6, 0xBAA6, 0xBAA6, 0xBAA6, 0xBAA6, 0xB286, 0xBA86, 0xB286, 0xB285, 0xB285, 0xB285, 0xB285, 0xB285, 0xB285, 0xB285,
    0xB285, 0xB285, 0xB285, 0xB285, 0xB285, 0xB265, 0xAA65, 0xAA65, 0xAA65, 0xAA65, 0xAA65, 0xAA44, 0xA9E2, 0xA1E2, 0xA1E2, 0xA1E2,
    0xA1C2, 0xA1C2, 0xA1C2, 0xA1C2, 0xA1C2, 0xA1C2, 0xA1C2, 0xA1C2, 0xA245, 0xA245, 0xA245, 0xA245, 0xA245, 0xA245, 0xA245, 0xA245,
    0xAA45, 0xAA65, 0xAA65, 0xAA65, 0xA9E3, 0xA9E2, 0xA9E2, 0xA9E2, 0xA9E2, 0xA9E2, 0xA9E2, 0xA9E2, 0xA9E2, 0xA9E2, 0xA9E2, 0xB1E2,
    0xB1E2, 0xB1E3, 0xB1E3, 0xB1E3, 0xB203, 0xB203, 0xB203, 0xB203, 0xB203, 0xB203, 0xB203, 0xB203, 0xB203, 0xB203, 0xB203, 0xB203,
    0xBA03, 0xBA03, 0xBA03, 0xBA03, 0xBA03, 0xBA03, 0xBA03, 0xBA03, 0xBA03, 0xBA03, 0xBA03, 0xBA23, 0xBAA6, 0xBAA6, 0xBAA6, 0xC2A6,
    0xC2A6, 0xC2A6, 0xC2A6, 0xC2A6, 0xC2A6, 0xC2A6, 0xC2A6, 0xC2A6, 0xC2A6, 0xC2A6, 0xC2A6, 0xC2C6, 0xC2C6, 0xC2C6, 0xC2C6, 0xC2C6,
    0xC2C6, 0xC2C6, 0xC2C6, 0xC2C6, 0xC2C6, 0xC2C6, 0xC2C6, 0xC2C6, 0xC2C6, 0xC2C6, 0xC2C6, 0xC2C6, 0xC2C6, 0xC2C6, 0xC243, 0xC223,
    0xC223, 0xC223, 0xC223, 0xC223, 0xC223, 0xC223, 0xC223, 0xC223, 0xC223, 0xC223, 0xC223, 0xC223, 0xC223, 0xC223, 0xC223, 0xC223,
    0xC223, 0xBA23, 0xBA23, 0xBA23, 0xBA23, 0xBA23, 0xBA23, 0xBA23, 0xBA23, 0xBA23, 0xBA23, 0xBA23, 0xBA23, 0xBA03, 0xBA03, 0xBA02,
    0xBA64, 0xBAA6, 0xBAA6, 0xBAA6, 0xBAA6, 0xBAA6, 0xBAA6, 0xBAA6, 0xBAA6, 0xBAA6, 0xBAA6, 0xBAA6, 0xBAA6, 0xBAA6, 0xBAA6, 0xBA86,
    0xBA86, 0xB286, 0xB285, 0xB285, 0xB285, 0xB285, 0xB285, 0xB285, 0xB285, 0xB285, 0xB285, 0xB285, 0xB285, 0xB285, 0xB265, 0xB265,
    0xAA65, 0xAA65, 0xAA65, 0xAA65, 0xAA65, 0xAA65, 0xAA65, 0xAA65, 0xAA03, 0xA1C2, 0xA1C2, 0xA1C2, 0xA1C2, 0xA1C2, 0xA1C2, 0xA1C2,
    0xA1C2, 0xA1C2, 0xA1C2, 0xA1C2, 0xA245, 0xA245, 0xA245, 0xA245, 0xA245, 0xA245, 0xA245, 0xA245, 0xA245, 0xA245, 0xA265, 0xA224,
    0xA1C2, 0xA1E2, 0xA1E2, 0xA9E2, 0xA9E2, 0xA9E2, 0xA9E2, 0xA9E2, 0xA9E2, 0xA9E2, 0xA9E2, 0xA9E2, 0xA9E2, 0xA9E2, 0xA9E2, 0xB1E2,
    0xB1E3, 0xB1E3, 0xB1E3, 0xB1E3, 0xB203, 0xB203, 0xB203, 0xB203, 0xB203, 0xB203, 0xB203, 0xB203, 0xB203, 0xB203, 0xB203, 0xB203,
    0xBA03, 0xBA03, 0xBA03, 0xBA03, 0xBA03, 0xBA03, 0xBA02, 0xBA44, 0xBAA6, 0xBAA6, 0xBAA6, 0xBAA6, 0xBAA6, 0xBAA6, 0xBAA6, 0xBAA6,
    0xBAA6, 0xC2A6, 0xC2A6, 0xC2A6, 0xC2A6, 0xC2A6, 0xC2A6, 0xC2A6, 0xC2A6, 0xC2A6, 0xC2A6, 0xC2A6, 0xC2A6, 0xC2A6, 0xC2A6, 0xC2A6,
    0xC2A6, 0xC2A6, 0xC2A6, 0xC2A6, 0xC2A6, 0xC2C6, 0xC2C6, 0xC2C6, 0xC2C6, 0xC2C6, 0xC243, 0xC223, 0xC223, 0xC223, 0xC223, 0xBA23,
    0xBA23, 0xBA23, 0xBA23, 0xBA23, 0xBA23, 0xBA23, 0xBA23, 0xBA23, 0xBA23, 0xBA23, 0xBA23, 0xBA23, 0xBA23, 0xBA23, 0xBA23, 0xBA23,
    0xBA23, 0xBA23, 0xBA23, 0xBA03, 0xBA03, 0xBA03, 0xBA03, 0xBA03, 0xBA03, 0xBA03, 0xBA03, 0xBA02, 0xBA43, 0xBAA6, 0xBAA6, 0xBAA6,
    0xBAA6, 0xBAA6, 0xBAA6, 0xBAA6, 0xBAA6, 0xBAA6, 0xBAA6, 0xBA86, 0xBA86, 0xB286, 0xB286, 0xB285, 0xB285, 0xB285, 0xB285, 0xB285,
    0xB285, 0xB285, 0xB285, 0xB285, 0xB285, 0xB285, 0xB285, 0xB265, 0xB265, 0xAA65, 0xAA65, 0xAA65, 0xAA65, 0xAA65, 0xAA65, 0xAA65,
    0xAA65, 0xAA65, 0xAA65, 0xAA65, 0xAA44, 0xA1C2, 0xA1C2, 0xA1C2, 0xA1C2, 0xA1C2, 0xA1C2, 0xA1C2, 0xA1C2, 0xA1C2, 0xA1C2, 0xA1C2,
    0xA245, 0xA245, 0xA245, 0xA245, 0xA245, 0xA245, 0xA245, 0xA245, 0xA245, 0xA245, 0xA245, 0xA1E2, 0xA1C2, 0xA1E2, 0xA1E2, 0xA1E2,
    0xA9E2, 0xA9E2, 0xA9E2, 0xA9E2, 0xA9E2, 0xA9E2, 0xA9E2, 0xA9E2, 0xA9E2, 0xA9E2, 0xA9E2, 0xA9E2, 0xB1E2, 0xB1E2, 0xB1E3, 0xB1E3,
    0xB1E3, 0xB1E3, 0xB203, 0xB203, 0xB203, 0xB203, 0xB203, 0xB203, 0xB203, 0xB203, 0xB203, 0xB203, 0xB203, 0xB203, 0xBA03, 0xBA03,
    0xBA03, 0xBA03, 0xBA02, 0xBA65, 0xBAA6, 0xBAA6, 0xBAA6, 0xBAA6, 0xBAA6, 0xBAA6, 0xBAA6, 0xBAA6, 0xBAA6, 0xBAA6, 0xBAA6, 0xBAA6,
    0xBAA6, 0xC2A6, 0xC2A6, 0xC2A6, 0xC2A6, 0xC2A6, 0xC2A6, 0xC2A6, 0xC2A6, 0xC2A6, 0xC2A6, 0xC2A6, 0xC2A6, 0xC2A6, 0xC2A6, 0xC2A6,
    0xC2A6, 0xC2A6, 0xC2A6, 0xC2A6, 0xC2A6, 0xC2C6, 0xC243, 0xBA03, 0xBA23, 0xBA23, 0xBA23, 0xBA23, 0xBA23, 0xBA23, 0xBA23, 0xBA23,
    0xBA23, 0xBA23, 0xBA23, 0xBA23, 0xBA23, 0xBA23, 0xBA23, 0xBA23, 0xBA23, 0xBA23, 0xBA23, 0xBA03, 0xBA03, 0xBA03, 0xBA03, 0xBA03,
    0xBA03, 0xBA03, 0xBA03, 0xBA03, 0xBA03, 0xBA03, 0xBA03, 0xBA03, 0xBA03, 0xBA85, 0xBAA6, 0xBAA6, 0xBAA6, 0xBAA6, 0xBAA6, 0xBAA6,
    0xBAA6, 0xBA86, 0xBA86, 0xB286, 0xB286, 0xB285, 0xB285, 0xB285, 0xB285, 0xB285, 0xB285, 0xB285, 0xB285, 0xB285, 0xB285, 0xB285,
    0xB285, 0xB285, 0xB265, 0xAA65, 0xAA65, 0xAA65, 0xAA65, 0xAA65, 0xAA65, 0xAA65, 0xAA65, 0xAA65, 0xAA65, 0xAA65, 0xAA65, 0xAA65,
    0xA265, 0xA203, 0xA1C2, 0xA1C2, 0xA1C2, 0xA1C2, 0xA1C2, 0xA1C2, 0xA1C2, 0xA1C2, 0xA1C2, 0xA1C2, 0xA245, 0xA245, 0xA245, 0xA245,
    0xA245, 0xA245, 0xA245, 0xA245, 0xA245, 0xA245, 0xA203, 0xA1C2, 0xA1C2, 0xA1C2, 0xA1C2, 0xA1C2, 0xA1E2, 0xA1E2, 0xA9E2, 0xA9E2,
    0xA9E2, 0xA9E2, 0xA9E2, 0xA9E2, 0xA9E2, 0xA9E2, 0xA9E2, 0xA9E2, 0xA9E2, 0xA9E2, 0xA9E2, 0xB1E2, 0xB1E2, 0xB1E3, 0xB1E3, 0xB1E3,
    0xB1E3, 0xB203, 0xB203, 0xB203, 0xB203, 0xB203, 0xB203, 0xB203, 0xB203, 0xB203, 0xB203, 0xB203, 0xB203, 0xB203, 0xBA03, 0xBA85,
    0xBAA6, 0xBAA6, 0xBAA6, 0xBAA6, 0xBAA6, 0xBAA6, 0xBAA6, 0xBAA6, 0xBAA6, 0xBAA6, 0xBAA6, 0xBAA6, 0xBAA6, 0xBAA6, 0xBAA6, 0xBAA6,
    0xBAA6, 0xBAA6, 0xBAA6, 0xBAA6, 0xBAA6, 0xBAA6, 0xBAA6, 0xBAA6, 0xC2A6, 0xC2A6, 0xC2A6, 0xC2A6, 0xC2A6, 0xC2A6, 0xC2A6, 0xC2A6,
    0xC2A6, 0xC2A6, 0xBA43, 0xBA02, 0xBA23, 0xBA23, 0xBA23, 0xBA23, 0xBA23, 0xBA23, 0xBA23, 0xBA23, 0xBA03, 0xBA03, 0xBA03, 0xBA03,
    0xBA03, 0xBA03, 0xBA03, 0xBA03, 0xBA03, 0xBA03, 0xBA03, 0xBA03, 0xBA03, 0xBA03, 0xBA03, 0xBA03, 0xBA03, 0xBA03, 0xBA03, 0xBA03,
    0xBA03, 0xBA03, 0xBA03, 0xBA03, 0xBA02, 0xBA65, 0xBAA6, 0xBAA6, 0xBAA6, 0xBA86, 0xBA86, 0xB286, 0xB286, 0xB285, 0xB285, 0xB285,
    0xB285, 0xB285, 0xB285, 0xB285, 0xB285, 0xB285, 0xB285, 0xB285, 0xB285, 0xB285, 0xB285, 0xB265, 0xB265, 0xAA65, 0xAA65, 0xAA65,
    0xAA65, 0xAA65, 0xAA65, 0xAA65, 0xAA65, 0xAA65, 0xAA65, 0xAA65, 0xAA65, 0xAA65, 0xA245, 0xA245, 0xA245, 0xA245, 0xA1C2, 0xA1C2,
    0xA1C2, 0xA1C2, 0xA1C2, 0xA1C2, 0xA1C2, 0xA1C2, 0xA1C2, 0xA1C2, 0xA245, 0xA245, 0xA245, 0xA245, 0xA245, 0xA245, 0xA245, 0xA245,
    0xA245, 0xA225, 0xA1C2, 0xA1C2, 0xA1C2, 0xA1C2, 0xA1C2, 0xA1C2, 0xA1C2, 0xA1E2, 0xA1E2, 0xA1E2, 0xA1E2, 0xA1E2, 0xA9E2, 0xA9E2,
    0xA9E2, 0xA9E2, 0xA9E2, 0xA9E2, 0xA9E2, 0xA9E2, 0xA9E2, 0xA9E2, 0xA9E2, 0xB1E2, 0xB1E2, 0xB1E3, 0xB1E3, 0xB1E3, 0xB1E3, 0xB203,
    0xB203, 0xB203, 0xB203, 0xB203, 0xB203, 0xB203, 0xB203, 0xB203, 0xB203, 0xB202, 0xB223, 0xBAA6, 0xBAA6, 0xBAA6, 0xBAA6, 0xBAA6,
    0xBAA6, 0xBAA6, 0xBAA6, 0xBAA6, 0xBAA6, 0xBAA6, 0xBAA6, 0xBAA6, 0xBAA6, 0xBAA6, 0xBAA6, 0xBAA6, 0xBAA6, 0xBAA6, 0xBAA6, 0xBAA6,
    0xBAA6, 0xBAA6, 0xBAA6, 0xBAA6, 0xBAA6, 0xBAA6, 0xBAA6, 0xBAA6, 0xBAA6, 0xBAA6, 0xBAA6, 0xBAA6, 0xBAA6, 0xBAA6, 0xBA23, 0xBA02,
    0xBA03, 0xBA03, 0xBA03, 0xBA03, 0xBA03, 0xBA03, 0xBA03, 0xBA03, 0xBA03, 0xBA03, 0xBA03, 0xBA03, 0xBA03, 0xBA03, 0xBA03, 0xBA03,
    0xBA03, 0xBA03, 0xBA03, 0xBA03, 0xBA03, 0xBA03, 0xBA03, 0xBA03, 0xBA03, 0xBA03, 0xBA03, 0xBA03, 0xBA03, 0xB203, 0xB203, 0xB203,
    0xB202, 0xBA44, 0xB2A6, 0xB285, 0xBA86, 0xB286, 0xB285, 0xB285, 0xB285, 0xB285, 0xB285, 0xB285, 0xB285, 0xB285, 0xB285, 0xB285,
    0xB285, 0xB285, 0xB285, 0xB285, 0xB265, 0xB265, 0xAA65, 0xAA65, 0xAA65, 0xAA65, 0xAA65, 0xAA65, 0xAA65, 0xAA65, 0xAA65, 0xAA65,
    0xAA65, 0xAA65, 0xAA65, 0xAA65, 0xAA65, 0xA245, 0xA245, 0xA245, 0xA245, 0xA245, 0xA204, 0xA1C2, 0xA1C2, 0xA1C2, 0xA1C2, 0xA1C2,
    0xA1C2, 0xA1C2, 0xA1C2, 0xA1C2, 0xA245, 0xA245, 0xA245, 0xA245, 0xA245, 0xA245, 0xA245, 0xA245, 0xA245, 0xA1E3, 0xA1C2, 0xA1C2,
    0xA1C2, 0xA1C2, 0xA1C2, 0xA1C2, 0xA1C2, 0xA1C2, 0xA1C2, 0xA1C2, 0xA1E2, 0xA1E2, 0xA1E2, 0xA9E2, 0xA9E2, 0xA9E2, 0xA9E2, 0xA9E2,
    0xA9E2, 0xA9E2, 0xA9E2, 0xA9E2, 0xA9E2, 0xA9E2, 0xA9E2, 0xA9E2, 0xB1E2, 0xB1E2, 0xB1E3, 0xB1E3, 0xB1E3, 0xB1E3, 0xB203, 0xB203,
    0xB203, 0xB203, 0xB203, 0xB203, 0xB203, 0xB1E2, 0xB244, 0xB2A6, 0xBA86, 0xBA86, 0xBA86, 0xBAA6, 0xBAA6, 0xBAA6, 0xBAA6, 0xBAA6,
    0xBAA6, 0xBAA6, 0xBAA6, 0xBAA6, 0xBAA6, 0xBAA6, 0xBAA6, 0xBAA6, 0xBAA6, 0xBAA6, 0xBAA6, 0xBAA6, 0xBAA6, 0xBAA6, 0xBAA6, 0xBAA6,
    0xBAA6, 0xBAA6, 0xBAA6, 0xBAA6, 0xBAA6, 0xBAA6, 0xBAA6, 0xBAA6, 0xBAA6, 0xBAA6, 0xBA23, 0xBA02, 0xBA03, 0xBA03, 0xBA03, 0xBA03,
    0xBA03, 0xBA03, 0xBA03, 0xBA03, 0xBA03, 0xBA03, 0xBA03, 0xBA03, 0xBA03, 0xBA03, 0xBA03, 0xBA03, 0xBA03, 0xBA03, 0xBA03, 0xBA03,
    0xBA03, 0xBA03, 0xBA03, 0xBA03, 0xBA03, 0xB203, 0xB203, 0xB203, 0xB203, 0xB203, 0xB203, 0xB203, 0xB202, 0xB223, 0xB286, 0xB285,
    0xB285, 0xB285, 0xB285, 0xB285, 0xB285, 0xB285, 0xB285, 0xB285, 0xB285, 0xB285, 0xB285, 0xB285, 0xB285, 0xB285, 0xB265, 0xB265,
    0xAA65, 0xAA65, 0xAA65, 0xAA65, 0xAA65, 0xAA65, 0xAA65, 0xAA65, 0xAA65, 0xAA65, 0xAA65, 0xAA65, 0xAA65, 0xA265, 0xA245, 0xA245,
    0xA245, 0xA245, 0xA245, 0xA245, 0xA245, 0xA245, 0xA245, 0xA1E3, 0xA1C2, 0xA1C2, 0xA1C2, 0xA1C2, 0xA1C2, 0xA1C2, 0xA1C2, 0xA1C2,
    0xA245, 0xA245, 0xA245, 0xA245, 0xA245, 0xA245, 0xA245, 0xA245, 0xA224, 0xA1C2, 0xA1C2, 0xA1C2, 0xA1C2, 0xA1C2, 0xA1C2, 0xA1C2,
    0xA1C2, 0xA1C2, 0xA1C2, 0xA1C2, 0xA1C2, 0xA1C2, 0xA1C2, 0xA1E2, 0xA1E2, 0xA9E2, 0xA9E2, 0xA9E2, 0xA9E2, 0xA9E2, 0xA9E2, 0xA9E2,
    0xA9E2, 0xA9E2, 0xA9E2, 0xA9E2, 0xA9E2, 0xA9E2, 0xA9E2, 0xA9E2, 0xB1E2, 0xB1E2, 0xB1E3, 0xB1E3, 0xB1E3, 0xB1E3, 0xB1E3, 0xB203,
    0xB203, 0xB1E2, 0xB265, 0xB286, 0xB285, 0xB285, 0xB285, 0xB286, 0xB286, 0xB286, 0xB286, 0xBA86, 0xBA86, 0xBA86, 0xBAA6, 0xBAA6,
    0xBAA6, 0xBAA6, 0xBAA6, 0xBAA6, 0xBAA6, 0xBAA6, 0xBAA6, 0xBAA6, 0xBAA6, 0xBAA6, 0xBAA6, 0xBAA6, 0xBAA6, 0xBAA6, 0xBAA6, 0xBAA6,
    0xBAA6, 0xBAA6, 0xBAA6, 0xBAA6, 0xBAA6, 0xBAA6, 0xBA23, 0xBA02, 0xBA03, 0xBA03, 0xBA03, 0xBA03, 0xBA03, 0xBA03, 0xBA03, 0xBA03,
    0xBA03, 0xBA03, 0xBA03, 0xBA03, 0xBA03, 0xBA03, 0xBA03, 0xBA03, 0xBA03, 0xBA03, 0xB203, 0xB203, 0xB203, 0xB203, 0xB203, 0xB203,
    0xB203, 0xB203, 0xB203, 0xB203, 0xB203, 0xB203, 0xB203, 0xB203, 0xB203, 0xB203, 0xB285, 0xB286, 0xB285, 0xB285, 0xB285, 0xB285,
    0xB285, 0xB285, 0xB285, 0xB285, 0xB285, 0xB285, 0xB265, 0xB265, 0xAA65, 0xAA65, 0xAA65, 0xAA65, 0xAA65, 0xAA65, 0xAA65, 0xAA65,
    0xAA65, 0xAA65, 0xAA65, 0xAA65, 0xAA65, 0xAA65, 0xAA65, 0xA245, 0xA245, 0xA245, 0xA245, 0xA245, 0xA245, 0xA245, 0xA245, 0xA245,
    0xA245, 0xA245, 0xA245, 0xA224, 0xA1C2, 0xA1C2, 0xA1C2, 0xA1C2, 0xA1C2, 0xA1C2, 0xA1C2, 0xA1C2, 0xA245, 0xA245, 0xA245, 0xA245,
    0xA245, 0xA245, 0xA245, 0xA245, 0xA1E3, 0xA1C2, 0xA1C2, 0xA1C2, 0xA1C2, 0xA1C2, 0xA1C2, 0xA1C2, 0xA1C2, 0xA1C2, 0xA1C2, 0xA1C2,
    0xA1C2, 0xA1C2, 0xA1C2, 0xA1C2, 0xA1E2, 0xA1E2, 0xA1E2, 0xA9E2, 0xA9E2, 0xA9E2, 0xA9E2, 0xA9E2, 0xA9E2, 0xA9E2, 0xA9E2, 0xA9E2,
    0xA9E2, 0xA9E2, 0xA9E2, 0xA9E2, 0xA9E2, 0xA9E2, 0xB1E2, 0xB1E2, 0xB1E3, 0xB1E3, 0xB1E3, 0xB1E3, 0xB1E2, 0xB203, 0xB285, 0xB286,
    0xB285, 0xB285, 0xB285, 0xB285, 0xB285, 0xB285, 0xB286, 0xB286, 0xB286, 0xB286, 0xBA86, 0xBA86, 0xBA86, 0xBA86, 0xBAA6, 0xBAA6,
    0xBAA6, 0xBAA6, 0xBAA6, 0xBAA6, 0xBAA6, 0xBAA6, 0xBAA6, 0xBAA6, 0xBAA6, 0xBAA6, 0xBAA6, 0xBAA6, 0xBAA6, 0xBAA6, 0xBAA6, 0xBAA6,
    0xBAA6, 0xBAA6, 0xBA23, 0xBA02, 0xBA03, 0xBA03, 0xBA03, 0xBA03, 0xBA03, 0xBA03, 0xBA03, 0xBA03, 0xBA03, 0xBA03, 0xBA03, 0xBA03,
    0xB203, 0xB203, 0xB203, 0xB203, 0xB203, 0xB203, 0xB203, 0xB203, 0xB203, 0xB203, 0xB203, 0xB203, 0xB203, 0xB203, 0xB203, 0xB203,
    0xB203, 0xB203, 0xB203, 0xB203, 0xB203, 0xB1E2, 0xB265, 0xB286, 0xB285, 0xB285, 0xB285, 0xB285, 0xB285, 0xB285, 0xB285, 0xB285,
    0xB265, 0xB265, 0xAA65, 0xAA65, 0xAA65, 0xAA65, 0xAA65, 0xAA65, 0xAA65, 0xAA65, 0xAA65, 0xAA65, 0xAA65, 0xAA65, 0xAA65, 0xAA65,
    0xAA65, 0xAA65, 0xA245, 0xA245, 0xA245, 0xA245, 0xA245, 0xA245, 0xA245, 0xA245, 0xA245, 0xA245, 0xA245, 0xA245, 0xA245, 0xA245,
    0xA1E3, 0xA1C2, 0xA1C2, 0xA1C2, 0xA1C2, 0xA1C2, 0xA1C2, 0xA1C2, 0xA245, 0xA245, 0xA245, 0xA245, 0xA245, 0xA245, 0xA245, 0xA204,
    0xA1C2, 0xA1C2, 0xA1C2, 0xA1C2, 0xA1C2, 0xA1C2, 0xA1C2, 0xA1C2, 0xA1C2, 0xA1C2, 0xA1C2, 0xA1C2, 0xA1C2, 0xA1C2, 0xA1C2, 0xA1C2,
    0xA1C2, 0xA1C2, 0xA1C2, 0xA1E2, 0xA1E2, 0xA1E2, 0xA9E2, 0xA9E2, 0xA9E2, 0xA9E2, 0xA9E2, 0xA9E2, 0xA9E2, 0xA9E2, 0xA9E2, 0xA9E2,
    0xA9E2, 0xA9E2, 0xA9E2, 0xA9E2, 0xA9E2, 0xA9E2, 0xB1E2, 0xB1E2, 0xB1E2, 0xB223, 0xB286, 0xB285, 0xB285, 0xB285, 0xB285, 0xB285,
    0xB285, 0xB285, 0xB285, 0xB285, 0xB285, 0xB285, 0xB285, 0xB285, 0xB285, 0xB286, 0xB286, 0xB286, 0xB286, 0xB286, 0xB286, 0xBA86,
    0xBA86, 0xBA86, 0xBA86, 0xBA86, 0xBA86, 0xBA86, 0xBA86, 0xBA86, 0xBAA6, 0xBAA6, 0xBAA6, 0xBAA6, 0xBAA6, 0xBAA6, 0xBA23, 0xB202,
    0xB203, 0xB203, 0xB203, 0xB203, 0xB203, 0xB203, 0xB203, 0xB203, 0xB203, 0xB203, 0xB203, 0xB203, 0xB203, 0xB203, 0xB203, 0xB203,
    0xB203, 0xB203, 0xB203, 0xB203, 0xB203, 0xB203, 0xB203, 0xB203, 0xB203, 0xB203, 0xB203, 0xB203, 0xB203, 0xB203, 0xB1E3, 0xB1E3,
    0xB1E3, 0xB1E2, 0xB224, 0xB285, 0xB285, 0xB285, 0xB285, 0xB285, 0xB265, 0xB265, 0xAA65, 0xAA65, 0xAA65, 0xAA65, 0xAA65, 0xAA65,
    0xAA65, 0xAA65, 0xAA65, 0xAA65, 0xAA65, 0xAA65, 0xAA65, 0xAA65, 0xAA65, 0xAA65, 0xAA65, 0xA245, 0xA245, 0xA245, 0xA245, 0xA245,
    0xA245, 0xA245, 0xA245, 0xA245, 0xA245, 0xA245, 0xA245, 0xA245, 0xA245, 0xA245, 0xA245, 0xA245, 0xA224, 0xA1C2, 0xA1C2, 0xA1C2,
    0xA1C2, 0xA1C2, 0xA1C2, 0xA1C2, 0xA245, 0xA245, 0xA245, 0xA245, 0xA245, 0xA245, 0xA245, 0xA1C2, 0xA1C2, 0xA1C2, 0xA1C2, 0xA1C2,
    0xA1C2, 0xA1C2, 0xA1C2, 0xA1C2, 0xA1C2, 0xA1C2, 0xA1C2, 0xA1C2, 0xA1C2, 0xA1C2, 0xA1C2, 0xA1C2, 0xA1C2, 0xA1C2, 0xA1C2, 0xA1C2,
    0xA1E2, 0xA1E2, 0xA1E2, 0xA1E2, 0xA1E2, 0xA9E2, 0xA9E2, 0xA9E2, 0xA9E2, 0xA9E2, 0xA9E2, 0xA9E2, 0xA9E2, 0xA9E2, 0xA9E2, 0xA9E2,
    0xA9E2, 0xA9E2, 0xA9E2, 0xA9E2, 0xA9E2, 0xB244, 0xB286, 0xB285, 0xB285, 0xB285, 0xB285, 0xB285, 0xB285, 0xB285, 0xB285, 0xB285,
    0xB285, 0xB285, 0xB285, 0xB285, 0xB285, 0xB285, 0xB285, 0xB285, 0xB285, 0xB285, 0xB285, 0xB285, 0xB286, 0xB286, 0xB286, 0xB286,
    0xB286, 0xB286, 0xB286, 0xB286, 0xBA86, 0xB286, 0xB286, 0xB286, 0xB286, 0xB2A6, 0xB223, 0xB202, 0xB203, 0xB203, 0xB203, 0xB203,
    0xB203, 0xB203, 0xB203, 0xB203, 0xB203, 0xB203, 0xB203, 0xB203, 0xB203, 0xB203, 0xB203, 0xB203, 0xB203, 0xB203, 0xB203, 0xB203,
    0xB203, 0xB203, 0xB203, 0xB203, 0xB203, 0xB203, 0xB1E3, 0xB1E3, 0xB1E3, 0xB1E3, 0xB1E3, 0xB1E3, 0xB1E3, 0xB1E2, 0xAA03, 0xB285,
    0xB265, 0xB265, 0xB265, 0xB265, 0xAA65, 0xAA65, 0xAA65, 0xAA65, 0xAA65, 0xAA65, 0xAA65, 0xAA65, 0xAA65, 0xAA65, 0xAA65, 0xAA65,
    0xAA65, 0xAA65, 0xAA65, 0xAA65, 0xAA65, 0xA245, 0xA245, 0xA245, 0xA245, 0xA245, 0xA245, 0xA245, 0xA245, 0xA245, 0xA245, 0xA245,
    0xA245, 0xA245, 0xA245, 0xA245, 0xA245, 0xA245, 0xA245, 0xA245, 0xA245, 0xA203, 0xA1C2, 0xA1C2, 0xA1C2, 0xA1C2, 0xA1C2, 0xA1C2,
    0xA245, 0xA245, 0xA245, 0xA245, 0xA245, 0xA245, 0xA203, 0xA1C2, 0xA1C2, 0xA1C2, 0xA1C2, 0xA1C2, 0xA1C2, 0xA1C2, 0xA1C2, 0xA1C2,
    0xA1C2, 0xA1C2, 0xA1C2, 0xA1C2, 0xA1C2, 0xA1C2, 0xA1C2, 0xA1C2, 0xA1C2, 0xA1C2, 0xA1C2, 0xA1C2, 0xA1C2, 0xA1C2, 0xA1C2, 0xA1C2,
    0xA1E2, 0xA1E2, 0xA1E2, 0xA9E2, 0xA9E2, 0xA9E2, 0xA9E2, 0xA9E2, 0xA9E2, 0xA9E2, 0xA9E2, 0xA9E2, 0xA9E2, 0xA9E2, 0xA9E2, 0xA9E2,
    0xA9E2, 0xB265, 0xB285, 0xB285, 0xB285, 0xB285, 0xB285, 0xB285, 0xB285, 0xB285, 0xB285, 0xB285, 0xB285, 0xB285, 0xB285, 0xB285,
    0xB285, 0xB285, 0xB285, 0xB285, 0xB285, 0xB285, 0xB285, 0xB285, 0xB285, 0xB285, 0xB285, 0xB285, 0xB285, 0xB285, 0xB285, 0xB285,
    0xB285, 0xB285, 0xB285, 0xB285, 0xB285, 0xB286, 0xB223, 0xB1E2, 0xB203, 0xB203, 0xB203, 0xB203, 0xB203, 0xB203, 0xB203, 0xB203,
    0xB203, 0xB203, 0xB203, 0xB203, 0xB203, 0xB203, 0xB203, 0xB203, 0xB203, 0xB203, 0xB203, 0xB1E3, 0xB1E3, 0xB1E3, 0xB1E3, 0xB1E3,
    0xB1E3, 0xB1E3, 0xB1E3, 0xB1E2, 0xB1E2, 0xB1E2, 0xA9E2, 0xA9E2, 0xA9E2, 0xA9E2, 0xA9E2, 0xAA65, 0xAA85, 0xAA65, 0xAA65, 0xAA65,
    0xAA65, 0xAA65, 0xAA65, 0xAA65, 0xAA65, 0xAA65, 0xAA65, 0xAA65, 0xAA65, 0xAA65, 0xAA65, 0xAA65, 0xAA65, 0xAA65, 0xA245, 0xA245,
    0xA245, 0xA245, 0xA245, 0xA245, 0xA245, 0xA245, 0xA245, 0xA245, 0xA245, 0xA245, 0xA245, 0xA245, 0xA245, 0xA245, 0xA245, 0xA245,
    0xA245, 0xA245, 0xA245, 0xA245, 0xA245, 0xA245, 0xA1C3, 0xA1C2, 0xA1C2, 0xA1C2, 0xA1C2, 0xA1C2, 0xA245, 0xA245, 0xA245, 0xA245,
    0xA245, 0xA224, 0xA1C2, 0xA1C2, 0xA1C2, 0xA1C2, 0xA1C2, 0xA1C2, 0xA1C2, 0xA1C2, 0xA1C2, 0xA1C2, 0xA1C2, 0xA1C2, 0xA1C2, 0xA1C2,
    0xA1C2, 0xA1C2, 0xA1C2, 0xA1C2, 0xA1C2, 0xA1C2, 0xA1C2, 0xA1C2, 0xA1C2, 0xA1C2, 0xA1C2, 0xA1C2, 0xA1C2, 0xA1C2, 0xA1C2, 0xA1E2,
    0xA1E2, 0xA1E2, 0xA1E2, 0xA9E2, 0xA9E2, 0xA9E2, 0xA9E2, 0xA9E2, 0xA9E2, 0xA9E2, 0xA9E2, 0xA9E2, 0xAA03, 0xAA65, 0xAA65, 0xAA65,
    0xAA65, 0xAA65, 0xB265, 0xB265, 0xB265, 0xB285, 0xB285, 0xB285, 0xB285, 0xB285, 0xB285, 0xB285, 0xB285, 0xB285, 0xB285, 0xB285,
    0xB285, 0xB285, 0xB285, 0xB285, 0xB285, 0xB285, 0xB285, 0xB285, 0xB285, 0xB285, 0xB285, 0xB285, 0xB285, 0xB285, 0xB285, 0xB285,
    0xB285, 0xB286, 0xB223, 0xB1E2, 0xB203, 0xB203, 0xB203, 0xB203, 0xB203, 0xB203, 0xB203, 0xB1E3, 0xB1E3, 0xB1E3, 0xB1E3, 0xB1E3,
    0xB1E3, 0xB1E3, 0xB1E3, 0xB1E3, 0xB1E3, 0xB1E3, 0xB1E3, 0xB1E3, 0xB1E2, 0xB1E2, 0xB1E2, 0xB1E2, 0xA9E2, 0xA9E2, 0xA9E2, 0xA9E2,
    0xA9E2, 0xA9E2, 0xA9E2, 0xA9E2, 0xA9E2, 0xA9E2, 0xA9E2, 0xAA44, 0xAA65, 0xAA65, 0xAA65, 0xAA65, 0xAA65, 0xAA65, 0xAA65, 0xAA65,
    0xAA65, 0xAA65, 0xAA65, 0xAA65, 0xAA65, 0xAA65, 0xA245, 0xA245, 0xA245, 0xA245, 0xA245, 0xA245, 0xA245, 0xA245, 0xA245, 0xA245,
    0xA245, 0xA245, 0xA245, 0xA245, 0xA245, 0xA245, 0xA245, 0xA245, 0xA245, 0xA245, 0xA245, 0xA245, 0xA245, 0xA245, 0xA245, 0xA245,
    0xA245, 0xA245, 0xA224, 0xA1C2, 0xA1C2, 0xA1C2, 0xA1C2, 0xA1C2, 0xA245, 0xA245, 0xA245, 0xA245, 0xA245, 0xA1E3, 0xA1C2, 0xA1C2,
    0xA1C2, 0xA1C2, 0xA1C2, 0xA1C2, 0xA1C2, 0xA1C2, 0xA1C2, 0xA1C2, 0xA1C2, 0xA1C2, 0xA1C2, 0xA1C2, 0xA1C2, 0xA1C2, 0xA1C2, 0xA1C2,
    0xA1C2, 0xA1C2, 0xA1C2, 0xA1C2, 0xA1C2, 0xA1C2, 0xA1C2, 0xA1C2, 0xA1C2, 0xA1C2, 0xA1C2, 0xA1C2, 0xA1C2, 0xA1E2, 0xA1E2, 0xA1E2,
    0xA1E2, 0xA1E2, 0xA9E2, 0xA9E2, 0xA9E2, 0xA9E2, 0xA9E2, 0xA9E2, 0xAA03, 0xAA65, 0xAA65, 0xAA65, 0xAA65, 0xAA65, 0xAA65, 0xAA65,
    0xAA65, 0xB265, 0xB265, 0xB265, 0xB285, 0xB285, 0xB285, 0xB285, 0xB285, 0xB285, 0xB285, 0xB285, 0xB285, 0xB285, 0xB285, 0xB285,
    0xB285, 0xB285, 0xB285, 0xB285, 0xB285, 0xB285, 0xB285, 0xB285, 0xB285, 0xB285, 0xB285, 0xB285, 0xB285, 0xB286, 0xB203, 0xB1E2,
    0xB1E3, 0xB1E3, 0xB1E3, 0xB1E3, 0xB1E3, 0xB1E3, 0xB1E3, 0xB1E3, 0xB1E3, 0xB1E3, 0xB1E3, 0xB1E3, 0xB1E3, 0xB1E3, 0xB1E3, 0xB1E2,
    0xB1E2, 0xB1E2, 0xB1E2, 0xB1E2, 0xA9E2, 0xA9E2, 0xA9E2, 0xA9E2, 0xA9E2, 0xA9E2, 0xA9E2, 0xA9E2, 0xA9E2, 0xA9E2, 0xA9E2, 0xA9E2,
    0xA9E2, 0xA9E2, 0xA9E2, 0xAA03, 0xAA65, 0xAA65, 0xAA65, 0xAA65, 0xAA65, 0xAA65, 0xAA65, 0xAA65, 0xAA65, 0xAA65, 0xAA65, 0xAA65,
    0xAA65, 0xA245, 0xA245, 0xA245, 0xA245, 0xA245, 0xA245, 0xA245, 0xA245, 0xA245, 0xA245, 0xA245, 0xA245, 0xA245, 0xA245, 0xA245,
    0xA245, 0xA245, 0xA245, 0xA245, 0xA245, 0xA245, 0xA245, 0xA245, 0xA245, 0xA245, 0xA245, 0xA245, 0xA245, 0xA245, 0xA245, 0xA1E3,
    0xA1C2, 0xA1C2, 0xA1C2, 0xA1C2, 0xA245, 0xA245, 0xA245, 0xA245, 0xA224, 0xA1C2, 0xA1C2, 0xA1C2, 0xA1C2, 0xA1C2, 0xA1C2, 0xA1C2,
    0xA1C2, 0xA1C2, 0xA1C2, 0xA1C2, 0xA1C2, 0xA1C2, 0xA1C2, 0xA1C2, 0xA1C2, 0xA1C2, 0xA1C2, 0xA1C2, 0xA1C2, 0xA1C2, 0xA1C2, 0xA1C2,
    0xA1C2, 0xA1C2, 0xA1C2, 0xA1C2, 0xA1C2, 0xA1C2, 0xA1C2, 0xA1C2, 0xA1C2, 0xA1C2, 0xA1C2, 0xA1C2, 0xA1C2, 0xA1C2, 0xA1E2, 0xA1E2,
    0xA1E2, 0xA1E2, 0xA9E2, 0xA9C2, 0xAA44, 0xAA65, 0xAA65, 0xAA65, 0xAA65, 0xAA65, 0xAA65, 0xAA65, 0xAA65, 0xAA65, 0xAA65, 0xAA65,
    0xAA65, 0xAA65, 0xAA65, 0xAA65, 0xB265, 0xB265, 0xB265, 0xB265, 0xB265, 0xB285, 0xB285, 0xB285, 0xB285, 0xB285, 0xB285, 0xB285,
    0xB285, 0xB285, 0xB285, 0xB285, 0xB285, 0xB285, 0xB285, 0xB285, 0xB285, 0xB285, 0xB203, 0xB1E2, 0xB1E2, 0xB1E2, 0xB1E2, 0xB1E2,
    0xB1E2, 0xB1E2, 0xB1E2, 0xB1E2, 0xA9E2, 0xA9E2, 0xA9E2, 0xA9E2, 0xA9E2, 0xA9E2, 0xA9E2, 0xA9E2, 0xA9E2, 0xA9E2, 0xA9E2, 0xA9E2,
    0xA9E2, 0xA9E2, 0xA9E2, 0xA9E2, 0xA9E2, 0xA9E2, 0xA9E2, 0xA9E2, 0xA9E2, 0xA9E2, 0xA9E2, 0xA9E2, 0xA9E2, 0xA9E2, 0xA9E2, 0xA9E3,
    0xAA65, 0xAA65, 0xAA65, 0xAA65, 0xAA65, 0xAA65, 0xAA65, 0xAA65, 0xAA65, 0xA245, 0xA245, 0xA245, 0xA245, 0xA245, 0xA245, 0xA245,
    0xA245, 0xA245, 0xA245, 0xA245, 0xA245, 0xA245, 0xA245, 0xA245, 0xA245, 0xA245, 0xA245, 0xA245, 0xA245, 0xA245, 0xA245, 0xA245,
    0xA245, 0xA245, 0xA245, 0xA245, 0xA245, 0xA245, 0xA245, 0xA245, 0xA245, 0xA245, 0xA245, 0xA224, 0xA1C2, 0xA1C2, 0xA1C2, 0xA1C2,
    0xA245, 0xA245, 0xA245, 0xA245, 0xA1E3, 0xA1C2, 0xA1C2, 0xA1C2, 0xA1C2, 0xA1C2, 0xA1C2, 0xA1C2, 0xA1C2, 0xA1C2, 0xA1C2, 0xA1C2,
    0xA1C2, 0xA1C2, 0xA1C2, 0xA1C2, 0xA1C2, 0xA1C2, 0xA1C2, 0xA1C2, 0xA1C2, 0xA1C2, 0xA1C2, 0xA1C2, 0xA1C2, 0xA1C2, 0xA1C2, 0xA1C2,
    0xA1C2, 0xA1C2, 0xA1C2, 0xA1C2, 0xA1C2, 0xA1C2, 0xA1C2, 0xA1C2, 0xA1C2, 0xA1C2, 0xA1C2, 0xA1E2, 0xA1E2, 0xA1E2, 0xA1E2, 0xA1E2,
    0xAA45, 0xAA65, 0xAA65, 0xAA65, 0xAA65, 0xAA65, 0xAA65, 0xAA65, 0xAA65, 0xAA65, 0xAA65, 0xAA65, 0xAA65, 0xAA65, 0xAA65, 0xAA65,
    0xAA65, 0xAA65, 0xAA65, 0xAA65, 0xAA65, 0xAA65, 0xB265, 0xB265, 0xB265, 0xB265, 0xB265, 0xB265, 0xB265, 0xB265, 0xB265, 0xB265,
    0xB265, 0xB265, 0xB265, 0xB265, 0xB265, 0xB285, 0xAA03, 0xA9E2, 0xA9E2, 0xA9E2, 0xA9E2, 0xA9E2, 0xA9E2, 0xA9E2, 0xA9E2, 0xA9E2,
    0xA9E2, 0xA9E2, 0xA9E2, 0xA9E2, 0xA9E2, 0xA9E2, 0xA9E2, 0xA9E2, 0xA9E2, 0xA9E2, 0xA9E2, 0xA9E2, 0xA9E2, 0xA9E2, 0xA9E2, 0xA9E2,
    0xA9E2, 0xA9E2, 0xA9E2, 0xA9E2, 0xA9E2, 0xA9E2, 0xA9E2, 0xA9E2, 0xA9E2, 0xA9E2, 0xA1E2, 0xA1C2, 0xAA44, 0xAA65, 0xAA65, 0xAA65,
    0xAA65, 0xAA65, 0xAA65, 0xA245, 0xA245, 0xA245, 0xA245, 0xA245, 0xA245, 0xA245, 0xA245, 0xA245, 0xA245, 0xA245, 0xA245, 0xA245,
    0xA245, 0xA245, 0xA245, 0xA245, 0xA245, 0xA245, 0xA245, 0xA245, 0xA245, 0xA245, 0xA245, 0xA245, 0xA245, 0xA245, 0xA245, 0xA245,
    0xA245, 0xA245, 0xA245, 0xA245, 0xA245, 0xA245, 0xA245, 0xA245, 0xA1E3, 0xA1C2, 0xA1C2, 0xA1C2, 0xA245, 0xA245, 0xA245, 0xA204,
    0xA1C2, 0xA1C2, 0xA1C2, 0xA1C2, 0xA1C2, 0xA1C2, 0xA1C2, 0xA1C2, 0xA1C2, 0xA1C2, 0xA1C2, 0xA1C2, 0xA1C2, 0xA1C2, 0xA1C2, 0xA1C2,
    0xA1C2, 0xA1C2, 0xA1C2, 0xA1C2, 0xA1C2, 0xA1C2, 0xA1C2, 0xA1C2, 0xA1C2, 0xA1C2, 0xA1C2, 0xA1C2, 0xA1C2, 0xA1C2, 0xA1C2, 0xA1C2,
    0xA1C2, 0xA1C2, 0xA1C2, 0xA1C2, 0xA1C2, 0xA1C2, 0xA1C2, 0xA1C2, 0xA1C2, 0xA1C2, 0xA1C2, 0xA1E3, 0xAA65, 0xAA65, 0xAA65, 0xAA65,
    0xAA65, 0xAA65, 0xAA65, 0xAA65, 0xAA65, 0xAA65, 0xAA65, 0xAA65, 0xAA65, 0xAA65, 0xAA65, 0xAA65, 0xAA65, 0xAA65, 0xAA65, 0xAA65,
    0xAA65, 0xAA65, 0xAA65, 0xAA65, 0xAA65, 0xAA65, 0xAA65, 0xAA65, 0xAA65, 0xAA65, 0xAA65, 0xAA65, 0xAA65, 0xAA65, 0xAA65, 0xAA65,
    0xAA65, 0xAA85, 0xAA03, 0xA9E2, 0xA9E2, 0xA9E2, 0xA9E2, 0xA9E2, 0xA9E2, 0xA9E2, 0xA9E2, 0xA9E2, 0xA9E2, 0xA9E2, 0xA9E2, 0xA9E2,
    0xA9E2, 0xA9E2, 0xA9E2, 0xA9E2, 0xA9E2, 0xA9E2, 0xA9E2, 0xA9E2, 0xA9E2, 0xA9E2, 0xA9E2, 0xA9E2, 0xA9E2, 0xA9E2, 0xA9E2, 0xA9E2,
    0xA9E2, 0xA9E2, 0xA1E2, 0xA1E2, 0xA1E2, 0xA1E2, 0xA1E2, 0xA1C2, 0xA224, 0xAA65, 0xAA45, 0xA245, 0xA245, 0xA245, 0xA245, 0xA245,
    0xA245, 0xA245, 0xA245, 0xA245, 0xA245, 0xA245, 0xA245, 0xA245, 0xA245, 0xA245, 0xA245, 0xA245, 0xA245, 0xA245, 0xA245, 0xA245,
    0xA245, 0xA245, 0xA245, 0xA245, 0xA245, 0xA245, 0xA245, 0xA245, 0xA245, 0xA245, 0xA245, 0xA245, 0xA245, 0xA245, 0xA245, 0xA245,
    0xA245, 0xA245, 0xA245, 0xA245, 0xA245, 0xA1C2, 0xA1C2, 0xA1C2, 0xA245, 0xA245, 0xA245, 0xA1C2, 0xA1C2, 0xA1C2, 0xA1C2, 0xA1C2,
    0xA1C2, 0xA1C2, 0xA1C2, 0xA1C2, 0xA1C2, 0xA1C2, 0xA1C2, 0xA1C2, 0xA1C2, 0xA1C2, 0xA1C2, 0xA1C2, 0xA1C2, 0xA1C2, 0xA1C2, 0xA1C2,
    0xA1C2, 0xA1C2, 0xA1C2, 0xA1C2, 0xA1C2, 0xA1C2, 0xA1C2, 0xA1C2, 0xA1C2, 0xA1C2, 0xA1C2, 0xA1C2, 0xA1C2, 0xA1C2, 0xA1C2, 0xA1C2,
    0xA1C2, 0xA1C2, 0xA1C2, 0xA1C2, 0xA1C2, 0xA1C2, 0xA1C2, 0xA204, 0xA265, 0xA245, 0xA245, 0xAA65, 0xAA65, 0xAA65, 0xAA65, 0xAA65,
    0xAA65, 0xAA65, 0xAA65, 0xAA65, 0xAA65, 0xAA65, 0xAA65, 0xAA65, 0xAA65, 0xAA65, 0xAA65, 0xAA65, 0xAA65, 0xAA65, 0xAA65, 0xAA65,
    0xAA65, 0xAA65, 0xAA65, 0xAA65, 0xAA65, 0xAA65, 0xAA65, 0xAA65, 0xAA65, 0xAA65, 0xAA65, 0xAA65, 0xAA65, 0xAA65, 0xAA03, 0xA9E2,
    0xA9E2, 0xA9E2, 0xA9E2, 0xA9E2, 0xA9E2, 0xA9E2, 0xA9E2, 0xA9E2, 0xA9E2, 0xA9E2, 0xA9E2, 0xA9E2, 0xA9E2, 0xA9E2, 0xA9E2, 0xA9E2,
    0xA9E2, 0xA9E2, 0xA9E2, 0xA9E2, 0xA9E2, 0xA9E2, 0xA9E2, 0xA9E2, 0xA1E2, 0xA1E2, 0xA1E2, 0xA1E2, 0xA1E2, 0xA1E2, 0xA1E2, 0xA1C2,
    0xA1C2, 0xA1C2, 0xA1C2, 0xA1C2, 0xA1E3, 0xA265, 0xA245, 0xA245, 0xA245, 0xA245, 0xA245, 0xA245, 0xA245, 0xA245, 0xA245, 0xA245,
    0xA245, 0xA245, 0xA245, 0xA245, 0xA245, 0xA245, 0xA245, 0xA245, 0xA245, 0xA245, 0xA245, 0xA245, 0xA245, 0xA245, 0xA245, 0xA245,
    0xA245, 0xA245, 0xA245, 0xA245, 0xA245, 0xA245, 0xA245, 0xA245, 0xA245, 0xA245, 0xA245, 0xA245, 0xA245, 0xA245, 0xA245, 0xA245,
    0xA245, 0xA204, 0xA1C2, 0xA1C2, 0xA245, 0xA245, 0xA203, 0xA1C2, 0xA1C2, 0xA1C2, 0xA1C2, 0xA1C2, 0xA1C2, 0xA1C2, 0xA1C2, 0xA1C2,
    0xA1C2, 0xA1C2, 0xA1C2, 0xA1C2, 0xA1C2, 0xA1C2, 0xA1C2, 0xA1C2, 0xA1C2, 0xA1C2, 0xA1C2, 0xA1C2, 0xA1C2, 0xA1C2, 0xA1C2, 0xA1C2,
    0xA1C2, 0xA1C2, 0xA1C2, 0xA1C2, 0xA1C2, 0xA1C2, 0xA1C2, 0xA1C2, 0xA1C2, 0xA1C2, 0xA1C2, 0xA1C2, 0xA1C2, 0xA1C2, 0xA1C2, 0xA1C2,
    0xA1C2, 0xA1C2, 0xA1C2, 0xA224, 0xA265, 0xA245, 0xA245, 0xA245, 0xA245, 0xA245, 0xAA65, 0xAA65, 0xAA65, 0xAA65, 0xAA65, 0xAA65,
    0xAA65, 0xAA65, 0xAA65, 0xAA65, 0xAA65, 0xAA65, 0xAA65, 0xAA65, 0xAA65, 0xAA65, 0xAA65, 0xAA65, 0xAA65, 0xAA65, 0xAA65, 0xAA65,
    0xAA65, 0xAA65, 0xAA65, 0xAA65, 0xAA65, 0xAA65, 0xAA65, 0xAA65, 0xAA65, 0xAA65, 0xAA03, 0xA9E2, 0xA9E2, 0xA9E2, 0xA9E2, 0xA9E2,
    0xA9E2, 0xA9E2, 0xA9E2, 0xA9E2, 0xA9E2, 0xA9E2, 0xA9E2, 0xA9E2, 0xA9E2, 0xA9E2, 0xA9E2, 0xA9E2, 0xA9E2, 0xA9E2, 0xA9E2, 0xA9E2,
    0xA1E2, 0xA1E2, 0xA1E2, 0xA1E2, 0xA1E2, 0xA1E2, 0xA1E2, 0xA1C2, 0xA1C2, 0xA1C2, 0xA1C2, 0xA1C2, 0xA1C2, 0xA1C2, 0xA1C2, 0xA1C2,
    0xA1C2, 0xA245, 0xA245, 0xA245, 0xA245, 0xA245, 0xA245, 0xA245, 0xA245, 0xA245, 0xA245, 0xA245, 0xA245, 0xA245, 0xA245, 0xA245,
    0xA245, 0xA245, 0xA245, 0xA245, 0xA245, 0xA245, 0xA245, 0xA245, 0xA245, 0xA245, 0xA245, 0xA245, 0xA245, 0xA245, 0xA245, 0xA245,
    0xA245, 0xA245, 0xA245, 0xA245, 0xA245, 0xA245, 0xA245, 0xA245, 0xA245, 0xA245, 0xA245, 0xA245, 0xA245, 0xA245, 0xA1E3, 0xA1C2,
    0xA245, 0xA224, 0xA1C2, 0xA1C2, 0xA1C2, 0xA1C2, 0xA1C2, 0xA1C2, 0xA1C2, 0xA1C2, 0xA1C2, 0xA1C2, 0xA1C2, 0xA1C2, 0xA1C2, 0xA1C2,
    0xA1C2, 0xA1C2, 0xA1C2, 0xA1C2, 0xA1C2, 0xA1C2, 0xA1C2, 0xA1C2, 0xA1C2, 0xA1C2, 0xA1C2, 0xA1C2, 0xA1C2, 0xA1C2, 0xA1C2, 0xA1C2,
    0xA1C2, 0xA1C2, 0xA1C2, 0xA1C2, 0xA1C2, 0xA1C2, 0xA1C2, 0xA1C2, 0xA1C2, 0xA1C2, 0xA1C2, 0xA1C2, 0xA1C2, 0xA1C2, 0xA1C3, 0xA245,
    0xA245, 0xA245, 0xA245, 0xA245, 0xA245, 0xA245, 0xA245, 0xA245, 0xA245, 0xA245, 0xA245, 0xA245, 0xAA65, 0xAA65, 0xAA65, 0xAA65,
    0xAA65, 0xAA65, 0xAA65, 0xAA65, 0xAA65, 0xAA65, 0xAA65, 0xAA65, 0xAA65, 0xAA65, 0xAA65, 0xAA65, 0xAA65, 0xAA65, 0xAA65, 0xAA65,
    0xAA65, 0xAA65, 0xAA65, 0xAA65, 0xAA65, 0xAA65, 0xAA03, 0xA9C2, 0xA9E2, 0xA9E2, 0xA9E2, 0xA9E2, 0xA9E2, 0xA9E2, 0xA9E2, 0xA1E2,
    0xA1E2, 0xA1E2, 0xA1E2, 0xA1E2, 0xA1E2, 0xA1E2, 0xA1E2, 0xA1E2, 0xA1E2, 0xA1E2, 0xA1E2, 0xA1E2, 0xA1C2, 0xA1C2, 0xA1C2, 0xA1C2,
    0xA1C2, 0xA1C2, 0xA1C2, 0xA1C2, 0xA1C2, 0xA1C2, 0xA1C2, 0xA1C2, 0xA1C2, 0xA1C2, 0xA1C2, 0xA1C2, 0xA1C2, 0xA224, 0xA245, 0xA245,
    0xA245, 0xA245, 0xA245, 0xA245, 0xA245, 0xA245, 0xA245, 0xA245, 0xA245, 0xA245, 0xA245, 0xA245, 0xA245, 0xA245, 0xA245, 0xA245,
    0xA245, 0xA245, 0xA245, 0xA245, 0xA245, 0xA245, 0xA245, 0xA245, 0xA245, 0xA245, 0xA245, 0xA245, 0xA245, 0xA245, 0xA245, 0xA245,
    0xA245, 0xA245, 0xA245, 0xA245, 0xA245, 0xA245, 0xA245, 0xA245, 0xA245, 0xA245, 0xA224, 0xA1C2, 0xA245, 0xA1E3, 0xA1C2, 0xA1C2,
    0xA1C2, 0xA1C2, 0xA1C2, 0xA1C2, 0xA1C2, 0xA1C2, 0xA1C2, 0xA1C2, 0xA1C2, 0xA1C2, 0xA1C2, 0xA1C2, 0xA1C2, 0xA1C2, 0xA1C2, 0xA1C2,
    0xA1C2, 0xA1C2, 0xA1C2, 0xA1C2, 0xA1C2, 0xA1C2, 0xA1C2, 0xA1C2, 0xA1C2, 0xA1C2, 0xA1C2, 0xA1C2, 0xA1C2, 0xA1C2, 0xA1C2, 0xA1C2,
    0xA1C2, 0xA1C2, 0xA1C2, 0xA1C2, 0xA1C2, 0xA1C2, 0xA1C2, 0xA1C2, 0xA1C2, 0xA1C2, 0xA1E3, 0xA245, 0xA245, 0xA245, 0xA245, 0xA245,
    0xA245, 0xA245, 0xA245, 0xA245, 0xA245, 0xA245, 0xA245, 0xA245, 0xA245, 0xA245, 0xA245, 0xA245, 0xA245, 0xAA65, 0xAA65, 0xAA65,
    0xAA65, 0xAA65, 0xAA65, 0xAA65, 0xAA65, 0xAA65, 0xAA65, 0xAA65, 0xAA65, 0xAA65, 0xAA65, 0xAA65, 0xAA65, 0xAA65, 0xAA65, 0xAA65,
    0xAA65, 0xAA65, 0xA1E3, 0xA1C2, 0xA1E2, 0xA1E2, 0xA1E2, 0xA1E2, 0xA1E2, 0xA1E2, 0xA1C2, 0xA1E2, 0xA1E2, 0xA1E2, 0xA1E2, 0xA1E2,
    0xA1E2, 0xA1E2, 0xA1C2, 0xA1C2, 0xA1C2, 0xA1C2, 0xA1C2, 0xA1C2, 0xA1C2, 0xA1C2, 0xA1C2, 0xA1C2, 0xA1C2, 0xA1C2, 0xA1C2, 0xA1C2,
    0xA1C2, 0xA1C2, 0xA1C2, 0xA1C2, 0xA1C2, 0xA1C2, 0xA1C2, 0xA1C2, 0xA1C2, 0xA204, 0xA245, 0xA245, 0xA245, 0xA245, 0xA245, 0xA245,
    0xA245, 0xA245, 0xA245, 0xA245, 0xA245, 0xA245, 0xA245, 0xA245, 0xA245, 0xA245, 0xA245, 0xA245, 0xA245, 0xA245, 0xA245, 0xA245,
    0xA245, 0xA245, 0xA245, 0xA245, 0xA245, 0xA245, 0xA245, 0xA245, 0xA245, 0xA245, 0xA245, 0xA245, 0xA245, 0xA245, 0xA245, 0xA245,
    0xA245, 0xA245, 0xA245, 0xA245, 0xA245, 0xA245, 0xA245, 0xA1E3, 0xA224, 0xA1C2, 0xA1C2, 0xA1C2, 0xA1C2, 0xA1C2, 0xA1C2, 0xA1C2,
    0xA1C2, 0xA1C2, 0xA1C2, 0xA1C2, 0xA1C2, 0xA1C2, 0xA1C2, 0xA1C2, 0xA1C2, 0xA1C2, 0xA1C2, 0xA1C2, 0xA1C2, 0xA1C2, 0xA1C2, 0xA1C2,
    0xA1C2, 0xA1C2, 0xA1C2, 0xA1C2, 0xA1C2, 0xA1C2, 0xA1C2, 0xA1C2, 0xA1C2, 0xA1C2, 0xA1C2, 0xA1C2, 0xA1C2, 0xA1C2, 0xA1C2, 0xA1C2,
    0xA1C2, 0xA1C2, 0xA1C2, 0xA1C2, 0xA1C2, 0xA1C2, 0xA204, 0xA245, 0xA245, 0xA245, 0xA245, 0xA245, 0xA245, 0xA245, 0xA245, 0xA245,
    0xA245, 0xA245, 0xA245, 0xA245, 0xA245, 0xA245, 0xA245, 0xA245, 0xA245, 0xA245, 0xA245, 0xA245, 0xA245, 0xA245, 0xA245, 0xA245,
    0xA245, 0xA245, 0xA245, 0xA245, 0xA245, 0xA245, 0xAA65, 0xAA65, 0xAA65, 0xAA65, 0xAA65, 0xAA65, 0xAA65, 0xAA65, 0xA1E3, 0xA1C2,
    0xA1C2, 0xA1C2, 0xA1C2, 0xA1C2, 0xA1C2, 0xA1C2, 0xA1C2, 0xA1C2, 0xA1C2, 0xA1C2, 0xA1C2, 0xA1C2, 0xA1C2, 0xA1C2, 0xA1C2, 0xA1C2,
    0xA1C2, 0xA1C2, 0xA1C2, 0xA1C2, 0xA1C2, 0xA1C2, 0xA1C2, 0xA1C2, 0xA1C2, 0xA1C2, 0xA1C2, 0xA1C2, 0xA1C2, 0xA1C2, 0xA1C2, 0xA1C2,
    0xA1C2, 0xA1C2, 0xA1C2, 0xA1C2, 0xA1C2, 0xA1E3, 0xA245, 0xA245, 0xA245, 0xA245, 0xA245, 0xA245, 0xA245, 0xA245, 0xA245, 0xA245,
    0xA245, 0xA245, 0xA245, 0xA245, 0xA245, 0xA245, 0xA245, 0xA245, 0xA245, 0xA245, 0xA245, 0xA245, 0xA245, 0xA245, 0xA245, 0xA245,
    0xA245, 0xA245, 0xA245, 0xA245, 0xA245, 0xA245, 0xA245, 0xA245, 0xA245, 0xA245, 0xA245, 0xA245, 0xA245, 0xA245, 0xA245, 0xA245,
    0xA245, 0xA245, 0xA245, 0xA224, 0xA1E3, 0xA1C2, 0xA1C2, 0xA1C2, 0xA1C2, 0xA1C2, 0xA1C2, 0xA1C2, 0xA1C2, 0xA1C2, 0xA1C2, 0xA1C2,
    0xA1C2, 0xA1C2, 0xA1C2, 0xA1C2, 0xA1C2, 0xA1C2, 0xA1C2, 0xA1C2, 0xA1C2, 0xA1C2, 0xA1C2, 0xA1C2, 0xA1C2, 0xA1C2, 0xA1C2, 0xA1C2,
    0xA1C2, 0xA1C2, 0xA1C2, 0xA1C2, 0xA1C2, 0xA1C2, 0xA1C2, 0xA1C2, 0xA1C2, 0xA1C2, 0xA1C2, 0xA1C2, 0xA1C2, 0xA1C2, 0xA1C2, 0xA1C2,
    0xA1C2, 0xA1C2, 0xA224, 0xA245, 0xA245, 0xA245, 0xA245, 0xA245, 0xA245, 0xA245, 0xA245, 0xA245, 0xA245, 0xA245, 0xA245, 0xA245,
    0xA245, 0xA245, 0xA245, 0xA245, 0xA245, 0xA245, 0xA245, 0xA245, 0xA245, 0xA245, 0xA245, 0xA245, 0xA245, 0xA245, 0xA245, 0xA245,
    0xA245, 0xA245, 0xA245, 0xA245, 0xA245, 0xA245, 0xA245, 0xA245, 0xA245, 0xA265, 0xA1E3, 0xA1C2, 0xA1C2, 0xA1C2, 0xA1C2, 0xA1C2,
    0xA1C2, 0xA1C2, 0xA1C2, 0xA1C2, 0xA1C2, 0xA1C2, 0xA1C2, 0xA1C2, 0xA1C2, 0xA1C2, 0xA1C2, 0xA1C2, 0xA1C2, 0xA1C2, 0xA1C2, 0xA1C2,
    0xA1C2, 0xA1C2, 0xA1C2, 0xA1C2, 0xA1C2, 0xA1C2, 0xA1C2, 0xA1C2, 0xA1C2, 0xA1C2, 0xA1C2, 0xA1C2, 0xA1C2, 0xA1C2, 0xA1C2, 0xA1C2,
    0xA1C2, 0xA1C2, 0xA245, 0xA245, 0xA245, 0xA245, 0xA245, 0xA245, 0xA245, 0xA245, 0xA245, 0xA245, 0xA245, 0xA245, 0xA245, 0xA245,
    0xA245, 0xA245, 0xA245, 0xA245, 0xA245, 0xA245, 0xA245, 0xA245, 0xA245, 0xA245, 0xA245, 0xA245, 0xA245, 0xA245, 0xA245, 0xA245,
    0xA245, 0xA245, 0xA245, 0xA245, 0xA245, 0xA245, 0xA245, 0xA245, 0xA245, 0xA245, 0xA245, 0xA245, 0xA245, 0xA245, 0xA245, 0xA245,
};
