// flavor_1 - 172x320 RGB565 bitmap
// Auto-generated from flavor_1.png by tools/png_to_rgb565.py
#pragma once

#include <Arduino.h>

const uint16_t flavor0_faucet[172 * 320] PROGMEM = {
    0x78C5, 0x78C5, 0x78C5, 0x78C5, 0x78C5, 0x78C5, 0x78C5, 0x78C5, 0x78C5, 0x78C5, 0x78C5, 0x78C5, 0x78C5, 0x78C5, 0x78C5, 0x78C5,
    0x78C5, 0x78C5, 0x78C5, 0x78C5, 0x78C5, 0x78C5, 0x78C5, 0x78C5, 0x78C5, 0x78C5, 0x78C5, 0x78C5, 0x78C5, 0x78C5, 0x78C5, 0x78C5,
    0x78C5, 0x78C5, 0x78C5, 0x78C5, 0x78C5, 0x78C5, 0x78C5, 0x78C5, 0x78C5, 0x78C5, 0x78C5, 0x78C5, 0x78C5, 0x78C5, 0x78C5, 0x70C5,
    0x70C5, 0x70C5, 0x70C5, 0x70C5, 0x70C5, 0x70C5, 0x70C5, 0x70C5, 0x70C5, 0x70C5, 0x70C5, 0x70C5, 0x70C5, 0x70C5, 0x70C5, 0x70C5,
    0x70C5, 0x70C5, 0x70C5, 0x70C5, 0x70A5, 0x70A5, 0x70A5, 0x70A5, 0x68A4, 0x68A4, 0x68A4, 0x68A4, 0x68A4, 0x68A4, 0x68A4, 0x68A4,
    0x68A4, 0x68A4, 0x68A4, 0x68A4, 0x68A4, 0x68A4, 0x68A4, 0x68A4, 0x68A4, 0x68A4, 0x68A4, 0x60A4, 0x60A4, 0x60A4, 0x60A4, 0x60A4,
    0x60A4, 0x6084, 0x6084, 0x6084, 0x6084, 0x6084, 0x6084, 0x6084, 0x6084, 0x6084, 0x5884, 0x5884, 0x5884, 0x5884, 0x5884, 0x5884,
    0x5884, 0x5884, 0x5884, 0x5884, 0x5884, 0x5884, 0x5884, 0x5884, 0x5084, 0x5084, 0x5064, 0x5064, 0x5064, 0x5063, 0x5063, 0x5063,
    0x5063, 0x5063, 0x5063, 0x5063, 0x5063, 0x5063, 0x5063, 0x4863, 0x4863, 0x4863, 0x4863, 0x4863, 0x4863, 0x4863, 0x4863, 0x4863,
    0x4863, 0x4863, 0x4863, 0x4843, 0x4043, 0x4043, 0x4043, 0x4043, 0x4043, 0x4043, 0x4043, 0x4043, 0x4043, 0x4043, 0x4043, 0x4043,
    0x4043, 0x4043, 0x4043, 0x4043, 0x4043, 0x4043, 0x4043, 0x4043, 0x4043, 0x4043, 0x4043, 0x4043, 0x78C5, 0x78C5, 0x78C5, 0x78C5,
    0x78C5, 0x78C5, 0x78C5, 0x78C5, 0x78E5, 0x78E5, 0x78E5, 0x78E5, 0x78E5, 0x78E5, 0x78E5, 0x78E5, 0x78E5, 0x78E5, 0x78E5, 0x78E5,
    0x78E5, 0x78E5, 0x78E5, 0x78C5, 0x78C5, 0x78C5, 0x78C5, 0x78C5, 0x78C5, 0x78C5, 0x78C5, 0x78C5, 0x78C5, 0x78C5, 0x78C5, 0x78C5,
    0x78C5, 0x78C5, 0x78C5, 0x78C5, 0x78C5, 0x78C5, 0x78C5, 0x78C5, 0x78C5, 0x78C5, 0x78C5, 0x78C5, 0x78C5, 0x78C5, 0x70C5, 0x70C5,
    0x70C5, 0x70C5, 0x70C5, 0x70C5, 0x70C5, 0x70C5, 0x70C5, 0x70C5, 0x70C5, 0x70C5, 0x70C5, 0x70C5, 0x70C5, 0x70C5, 0x70C5, 0x70C5,
    0x70C5, 0x70C5, 0x70C5, 0x70C5, 0x70C5, 0x70C5, 0x70C5, 0x70A5, 0x70A5, 0x70A5, 0x68A5, 0x68A5, 0x68A5, 0x68A5, 0x68A4, 0x68A4,
    0x68A4, 0x68A4, 0x68A4, 0x68A4, 0x68A4, 0x68A4, 0x68A4, 0x68A4, 0x68A4, 0x68A4, 0x68A4, 0x60A4, 0x60A4, 0x60A4, 0x60A4, 0x60A4,
    0x60A4, 0x60A4, 0x6084, 0x6084, 0x6084, 0x6084, 0x6084, 0x5884, 0x5884, 0x5884, 0x5884, 0x5884, 0x5884, 0x5884, 0x5884, 0x5884,
    0x5884, 0x5884, 0x5884, 0x5884, 0x5884, 0x5884, 0x5064, 0x5064, 0x5064, 0x5064, 0x5064, 0x5063, 0x5063, 0x5063, 0x5063, 0x5063,
    0x5063, 0x5063, 0x5063, 0x5063, 0x4863, 0x4863, 0x4863, 0x4863, 0x4863, 0x4863, 0x4863, 0x4863, 0x4863, 0x4863, 0x4863, 0x4843,
    0x4843, 0x4043, 0x4043, 0x4043, 0x4043, 0x4043, 0x4043, 0x4043, 0x4043, 0x4043, 0x4043, 0x4043, 0x4043, 0x4043, 0x4043, 0x4043,
    0x4043, 0x4043, 0x4043, 0x4043, 0x4043, 0x4043, 0x4043, 0x4043, 0x78E5, 0x78E5, 0x78E5, 0x78E5, 0x78E5, 0x78E5, 0x78E5, 0x78E5,
    0x78E5, 0x78E5, 0x78E5, 0x78E5, 0x78E5, 0x78E5, 0x78E5, 0x78E5, 0x78E5, 0x78E5, 0x78E5, 0x78E5, 0x78E5, 0x78E5, 0x78E5, 0x78E5,
    0x78E5, 0x78E5, 0x78E5, 0x78E5, 0x78E5, 0x78E5, 0x78E5, 0x78E5, 0x78C5, 0x78C5, 0x78C5, 0x78C5, 0x78C5, 0x78C5, 0x78C5, 0x78C5,
    0x78C5, 0x78C5, 0x78C5, 0x78C5, 0x78C5, 0x78C5, 0x78C5, 0x78C5, 0x78C5, 0x78C5, 0x78C5, 0x78C5, 0x70C5, 0x70C5, 0x70C5, 0x70C5,
    0x70C5, 0x70C5, 0x70C5, 0x70C5, 0x70C5, 0x70C5, 0x70C5, 0x70C5, 0x70C5, 0x70C5, 0x70C5, 0x70C5, 0x70C5, 0x70C5, 0x70C5, 0x70C5,
    0x70C5, 0x70C5, 0x70C5, 0x70A5, 0x70A5, 0x70A5, 0x70C5, 0x70C5, 0x70A5, 0x70A5, 0x70A5, 0x70A5, 0x70A5, 0x68A5, 0x68A5, 0x68A4,
    0x68A4, 0x68A4, 0x68A4, 0x68A4, 0x68A4, 0x68A4, 0x68A4, 0x68A4, 0x68A4, 0x68A4, 0x68A4, 0x60A4, 0x60A4, 0x60A4, 0x60A4, 0x6084,
    0x6084, 0x6084, 0x6084, 0x6084, 0x6084, 0x6084, 0x5884, 0x5884, 0x5884, 0x5884, 0x5884, 0x5884, 0x5884, 0x5884, 0x5884, 0x5884,
    0x5884, 0x5884, 0x5084, 0x5064, 0x5064, 0x5064, 0x5064, 0x5063, 0x5063, 0x5063, 0x5063, 0x5063, 0x5063, 0x5063, 0x5063, 0x5063,
    0x5063, 0x4863, 0x4863, 0x4863, 0x4863, 0x4863, 0x4863, 0x4863, 0x4863, 0x4863, 0x4863, 0x4863, 0x4843, 0x4843, 0x4043, 0x4043,
    0x4043, 0x4043, 0x4043, 0x4043, 0x4043, 0x4043, 0x4043, 0x4043, 0x4043, 0x4043, 0x4043, 0x4043, 0x4043, 0x4043, 0x4043, 0x4043,
    0x4043, 0x4043, 0x4043, 0x4043, 0x78E5, 0x78E5, 0x78E5, 0x78E5, 0x78E5, 0x78E5, 0x78E5, 0x78E5, 0x78E5, 0x78E5, 0x78E5, 0x78E5,
    0x78E5, 0x78E5, 0x78E5, 0x78E5, 0x78E5, 0x78E5, 0x78E5, 0x78E5, 0x78E5, 0x78E5, 0x78E5, 0x78E5, 0x78E5, 0x78E5, 0x78E5, 0x78E5,
    0x78E5, 0x78E5, 0x78E5, 0x78E5, 0x78E5, 0x78E5, 0x78C5, 0x78C5, 0x78C5, 0x78C5, 0x78C5, 0x78C5, 0x78C5, 0x78C5, 0x78C5, 0x78C5,
    0x78C5, 0x78C5, 0x78C5, 0x78C5, 0x78C5, 0x78C5, 0x78C5, 0x78C5, 0x78C5, 0x78C5, 0x70C5, 0x78C5, 0x78C5, 0x78C5, 0x78C5, 0x78C5,
    0x78C5, 0x78C5, 0x78C5, 0x78C5, 0x70C5, 0x78C5, 0x70C5, 0x70C5, 0x70C5, 0x70C5, 0x70C5, 0x70C5, 0x70C5, 0x70C5, 0x70C5, 0x70C5,
    0x70C5, 0x70C5, 0x70C5, 0x70C5, 0x70C5, 0x70A5, 0x70A5, 0x70A5, 0x70A5, 0x70A5, 0x70A5, 0x70A5, 0x70A5, 0x68A5, 0x68A5, 0x68A5,
    0x68A4, 0x68A4, 0x68A4, 0x68A4, 0x68A4, 0x68A4, 0x68A4, 0x68A4, 0x68A4, 0x60A4, 0x60A4, 0x60A4, 0x6084, 0x6084, 0x6084, 0x6084,
    0x6084, 0x6084, 0x6084, 0x6084, 0x5884, 0x5884, 0x5884, 0x5884, 0x5884, 0x5884, 0x5884, 0x5884, 0x5884, 0x5884, 0x5884, 0x5064,
    0x5064, 0x5064, 0x5064, 0x5064, 0x5063, 0x5063, 0x5063, 0x5063, 0x5063, 0x5063, 0x5063, 0x5063, 0x5063, 0x4863, 0x4863, 0x4863,
    0x4863, 0x4863, 0x4863, 0x4863, 0x4863, 0x4863, 0x4863, 0x4863, 0x4843, 0x4843, 0x4043, 0x4043, 0x4043, 0x4043, 0x4043, 0x4043,
    0x4043, 0x4043, 0x4043, 0x4043, 0x4043, 0x4043, 0x4043, 0x4043, 0x4043, 0x4043, 0x4043, 0x4043, 0x4043, 0x4043, 0x4043, 0x4043,
    0x78E5, 0x78E5, 0x78E5, 0x78E5, 0x78E5, 0x78E5, 0x78E5, 0x78E5, 0x78E5, 0x78E5, 0x78E5, 0x78E5, 0x78E5, 0x78E5, 0x78E5, 0x78E5,
    0x78E5, 0x78E5, 0x78E5, 0x78E5, 0x78E5, 0x78E5, 0x78E5, 0x78E5, 0x78E5, 0x78E5, 0x78E5, 0x78E5, 0x78E5, 0x78E5, 0x78E5, 0x78E5,
    0x78E5, 0x78E5, 0x78E5, 0x78E5, 0x78E5, 0x78E5, 0x78C5, 0x78C5, 0x78C5, 0x78C5, 0x78C5, 0x78C5, 0x78C5, 0x78C5, 0x78C5, 0x78C5,
    0x78C5, 0x78C5, 0x78C5, 0x78C5, 0x78C5, 0x78C5, 0x78C5, 0x78C5, 0x78C5, 0x78C5, 0x78C5, 0x78C5, 0x78C5, 0x78C5, 0x78C5, 0x78C5,
    0x78C5, 0x78C5, 0x78C5, 0x78C5, 0x78C5, 0x78C5, 0x78C5, 0x78C5, 0x78C5, 0x78C5, 0x78C5, 0x78C5, 0x70C5, 0x70C5, 0x70C5, 0x70C5,
    0x70C5, 0x70C5, 0x70C5, 0x70C5, 0x70C5, 0x70C5, 0x70C5, 0x70A5, 0x70A5, 0x70A5, 0x70A5, 0x70A5, 0x70A5, 0x68A5, 0x68A5, 0x68A5,
    0x68A4, 0x68A4, 0x68A4, 0x68A4, 0x68A4, 0x68A4, 0x68A4, 0x68A4, 0x68A4, 0x60A4, 0x60A4, 0x60A4, 0x6084, 0x6084, 0x6084, 0x6084,
    0x6084, 0x6084, 0x5884, 0x5884, 0x5884, 0x5884, 0x5884, 0x5884, 0x5884, 0x5884, 0x5884, 0x5084, 0x5084, 0x5064, 0x5064, 0x5064,
    0x5063, 0x5063, 0x5063, 0x5063, 0x5063, 0x5063, 0x5063, 0x5063, 0x5063, 0x5063, 0x4863, 0x4863, 0x4863, 0x4863, 0x4863, 0x4863,
    0x4863, 0x4863, 0x4863, 0x4863, 0x4863, 0x4843, 0x4843, 0x4043, 0x4043, 0x4043, 0x4043, 0x4043, 0x4043, 0x4043, 0x4043, 0x4043,
    0x4043, 0x4043, 0x4043, 0x4043, 0x4043, 0x4043, 0x4043, 0x4043, 0x4043, 0x4043, 0x4043, 0x4043, 0x78E5, 0x78E5, 0x78E5, 0x78E5,
    0x78E5, 0x78E5, 0x78E5, 0x78E5, 0x78E5, 0x78E5, 0x78E5, 0x78E5, 0x78E5, 0x78E5, 0x78E5, 0x78E5, 0x78E5, 0x78E5, 0x78E5, 0x78E5,
    0x78E5, 0x78E5, 0x78E5, 0x78E5, 0x78E5, 0x78E5, 0x78E5, 0x78E5, 0x78E5, 0x78E5, 0x78E5, 0x78E5, 0x78E5, 0x78E5, 0x78E5, 0x78E5,
    0x78E5, 0x78E5, 0x78E5, 0x78E5, 0x78E5, 0x78C5, 0x78C5, 0x78C5, 0x78C5, 0x78C5, 0x78C5, 0x78C5, 0x78C5, 0x78C5, 0x78C5, 0x78C5,
    0x78C5, 0x78C5, 0x78C5, 0x78C5, 0x78C5, 0x78C5, 0x78C5, 0x78C5, 0x78C5, 0x78C5, 0x78C5, 0x78C5, 0x78C5, 0x78C5, 0x78C5, 0x78C5,
    0x78C5, 0x78C5, 0x78C5, 0x78C5, 0x78C5, 0x78C5, 0x78C5, 0x78C5, 0x78C5, 0x78C5, 0x78C5, 0x78C5, 0x78C5, 0x78C5, 0x78C5, 0x70C5,
    0x70C5, 0x70C5, 0x70C5, 0x70C5, 0x70C5, 0x70C5, 0x70C5, 0x70A5, 0x70A5, 0x70A5, 0x70A5, 0x70A5, 0x70A5, 0x68A5, 0x68A4, 0x68A4,
    0x68A4, 0x68A4, 0x68A4, 0x68A4, 0x68A4, 0x68A4, 0x68A4, 0x60A4, 0x6084, 0x6084, 0x6084, 0x6084, 0x6084, 0x6084, 0x6084, 0x6084,
    0x6084, 0x5884, 0x5884, 0x5884, 0x5884, 0x5884, 0x5884, 0x5884, 0x5884, 0x5064, 0x5064, 0x5064, 0x5064, 0x5063, 0x5063, 0x5063,
    0x5063, 0x5063, 0x5063, 0x5063, 0x5063, 0x5063, 0x4863, 0x4863, 0x4863, 0x4863, 0x4863, 0x4863, 0x4863, 0x4863, 0x4863, 0x4863,
    0x4863, 0x4863, 0x4843, 0x4043, 0x4043, 0x4043, 0x4043, 0x4043, 0x4043, 0x4043, 0x4043, 0x4043, 0x4043, 0x4043, 0x4043, 0x4043,
    0x4043, 0x4043, 0x4043, 0x4043, 0x4043, 0x4043, 0x4043, 0x4043, 0x78E5, 0x78E5, 0x78E5, 0x78E5, 0x78E5, 0x78E5, 0x78E5, 0x78E5,
    0x78E5, 0x78E5, 0x78E5, 0x78E5, 0x78E5, 0x78E5, 0x78E5, 0x78E5, 0x78E5, 0x78E5, 0x78E5, 0x78E5, 0x78E5, 0x78E5, 0x78E5, 0x78E5,
    0x78E5, 0x78E5, 0x78E5, 0x78E5, 0x78E5, 0x78E5, 0x78E5, 0x78E5, 0x78E5, 0x78E5, 0x78E5, 0x78E5, 0x78E5, 0x78E5, 0x78E5, 0x78E5,
    0x78E5, 0x78E5, 0x78E5, 0x78E5, 0x78C5, 0x78E5, 0x78E5, 0x78C5, 0x78C5, 0x78C5, 0x80E5, 0x78E5, 0x80E5, 0x80C5, 0x78C5, 0x80C5,
    0x80E5, 0x80E5, 0x80C5, 0x80C5, 0x80C5, 0x80C5, 0x80C5, 0x80E5, 0x80C5, 0x78C5, 0x80C5, 0x78C5, 0x78C5, 0x78C5, 0x78C5, 0x78C5,
    0x78C5, 0x78C5, 0x78C5, 0x78C5, 0x78C5, 0x78C5, 0x78C5, 0x78C5, 0x78C5, 0x78C5, 0x78C5, 0x78C5, 0x78C5, 0x78C5, 0x78C5, 0x78C5,
    0x70C5, 0x70C5, 0x70C5, 0x70C5, 0x70A5, 0x70A5, 0x70A5, 0x70A5, 0x70A5, 0x70A5, 0x70A5, 0x70A5, 0x68A5, 0x68A5, 0x68A5, 0x68A4,
    0x68A4, 0x68A4, 0x68A4, 0x68A4, 0x68A4, 0x68A4, 0x60A4, 0x60A4, 0x60A4, 0x6084, 0x6084, 0x6084, 0x6084, 0x6084, 0x6084, 0x5884,
    0x5884, 0x5884, 0x5884, 0x5884, 0x5884, 0x5884, 0x5884, 0x5084, 0x5084, 0x5064, 0x5063, 0x5063, 0x5063, 0x5063, 0x5063, 0x5063,
    0x5063, 0x5063, 0x5063, 0x4863, 0x4863, 0x4863, 0x4863, 0x4863, 0x4863, 0x4863, 0x4863, 0x4863, 0x4863, 0x4863, 0x4843, 0x4843,
    0x4043, 0x4043, 0x4043, 0x4043, 0x4043, 0x4043, 0x4043, 0x4043, 0x4043, 0x4043, 0x4043, 0x4043, 0x4043, 0x4043, 0x4043, 0x4043,
    0x4043, 0x4043, 0x4043, 0x4043, 0x78E5, 0x78E5, 0x78E5, 0x78E5, 0x78E5, 0x78E5, 0x78E5, 0x78E5, 0x78E5, 0x78E5, 0x78E5, 0x78E5,
    0x78E5, 0x78E5, 0x78E5, 0x78E5, 0x78E5, 0x78E5, 0x78E5, 0x78E5, 0x78E5, 0x78E5, 0x78E5, 0x78E5, 0x78E5, 0x78E5, 0x78E5, 0x78E5,
    0x78E5, 0x78E5, 0x78E5, 0x78E5, 0x78E5, 0x78E5, 0x78E5, 0x78E5, 0x78E5, 0x78E5, 0x78E5, 0x78E5, 0x78E5, 0x78E5, 0x78E5, 0x78E5,
    0x78E5, 0x80E5, 0x80E5, 0x80E5, 0x80E5, 0x80E5, 0x80E5, 0x80E5, 0x80E5, 0x80E5, 0x80E5, 0x80E5, 0x80E5, 0x80E5, 0x80E5, 0x80E5,
    0x80E5, 0x80E5, 0x80E5, 0x80E5, 0x80E5, 0x80C5, 0x80C5, 0x80E5, 0x80E5, 0x80E5, 0x80C5, 0x80C5, 0x80C5, 0x80C5, 0x80C5, 0x78C5,
    0x78C5, 0x78C5, 0x78C5, 0x78C5, 0x78C5, 0x78C5, 0x78C5, 0x78C5, 0x78C5, 0x78C5, 0x78C5, 0x78C5, 0x78C5, 0x78C5, 0x78C5, 0x78C5,
    0x70C5, 0x70C5, 0x70C5, 0x70C5, 0x70C5, 0x70A5, 0x70A5, 0x70A5, 0x70A5, 0x70A5, 0x70A5, 0x68A5, 0x68A5, 0x68A5, 0x68A4, 0x68A4,
    0x68A4, 0x68A4, 0x68A4, 0x68A4, 0x60A4, 0x60A4, 0x6084, 0x6084, 0x6084, 0x6084, 0x6084, 0x6084, 0x5884, 0x6084, 0x5884, 0x5884,
    0x5884, 0x5884, 0x5884, 0x5884, 0x5884, 0x5084, 0x5063, 0x5063, 0x5063, 0x5063, 0x5063, 0x5063, 0x5063, 0x5063, 0x5063, 0x5063,
    0x4863, 0x4863, 0x4863, 0x4863, 0x4863, 0x4863, 0x4863, 0x4863, 0x4863, 0x4863, 0x4863, 0x4843, 0x4043, 0x4043, 0x4043, 0x4043,
    0x4043, 0x4043, 0x4043, 0x4043, 0x4043, 0x4043, 0x4043, 0x4043, 0x4043, 0x4043, 0x4043, 0x4043, 0x4043, 0x4043, 0x4043, 0x4043,
    0x78E5, 0x78E5, 0x78E5, 0x78E5, 0x78E5, 0x78E5, 0x78E5, 0x78E5, 0x78E5, 0x78E5, 0x78E5, 0x78E5, 0x78E5, 0x78E5, 0x78E5, 0x78E5,
    0x78E5, 0x78E5, 0x78E5, 0x78E5, 0x78E5, 0x78E5, 0x78E5, 0x78E5, 0x78E5, 0x78E5, 0x78E5, 0x78E5, 0x78E5, 0x78E5, 0x78E5, 0x78E5,
    0x78E5, 0x78E5, 0x78E5, 0x78E5, 0x78E5, 0x78E5, 0x78E5, 0x78E5, 0x80E5, 0x80E5, 0x80E5, 0x80E5, 0x80E5, 0x80E5, 0x80E5, 0x80E5,
    0x80E5, 0x80E5, 0x80E5, 0x80E5, 0x80E5, 0x80E5, 0x80E5, 0x80E5, 0x80E5, 0x80E5, 0x80E5, 0x80E5, 0x80E5, 0x80E5, 0x80E5, 0x80E5,
    0x80E5, 0x80E5, 0x80E5, 0x80E5, 0x80E5, 0x80E5, 0x80E5, 0x80E5, 0x80E5, 0x80E5, 0x80E5, 0x80C5, 0x80C5, 0x80C5, 0x80C5, 0x80C5,
    0x80C5, 0x80C5, 0x78C5, 0x78C5, 0x78C5, 0x78C5, 0x78C5, 0x78C5, 0x78C5, 0x78C5, 0x78C5, 0x78C5, 0x78C5, 0x78C5, 0x78C5, 0x70C5,
    0x70C5, 0x70A5, 0x70A5, 0x70A5, 0x70A5, 0x70A5, 0x70A5, 0x70A5, 0x70A5, 0x68A5, 0x68A5, 0x68A5, 0x68A4, 0x68A4, 0x68A4, 0x68A4,
    0x68A4, 0x68A4, 0x6884, 0x6084, 0x6084, 0x6084, 0x6084, 0x6084, 0x6084, 0x6084, 0x6084, 0x5884, 0x5884, 0x5884, 0x5884, 0x5884,
    0x5884, 0x5884, 0x5864, 0x5064, 0x5064, 0x5063, 0x5063, 0x5063, 0x5063, 0x5063, 0x5063, 0x5063, 0x4863, 0x4863, 0x4863, 0x4863,
    0x4863, 0x4863, 0x4863, 0x4863, 0x4863, 0x4863, 0x4863, 0x4863, 0x4843, 0x4043, 0x4043, 0x4043, 0x4043, 0x4043, 0x4043, 0x4043,
    0x4043, 0x4043, 0x4043, 0x4043, 0x4043, 0x4043, 0x4043, 0x4043, 0x4043, 0x4043, 0x4043, 0x4043, 0x78E5, 0x78E5, 0x78E5, 0x78E5,
    0x7905, 0x7905, 0x7905, 0x7905, 0x7905, 0x7905, 0x7905, 0x7905, 0x7905, 0x7905, 0x7905, 0x7905, 0x7905, 0x7905, 0x7905, 0x7905,
    0x7905, 0x7905, 0x7905, 0x7905, 0x7905, 0x7905, 0x7905, 0x78E5, 0x78E5, 0x78E5, 0x78E5, 0x78E5, 0x78E5, 0x78E5, 0x78E5, 0x80E5,
    0x80E5, 0x80E5, 0x80E5, 0x80E5, 0x80E5, 0x80E5, 0x80E5, 0x80E5, 0x80E5, 0x80E5, 0x80E5, 0x80E5, 0x80E5, 0x80E6, 0x80E6, 0x80E6,
    0x88E6, 0x88E6, 0x88E6, 0x88E6, 0x88E6, 0x88E6, 0x88E6, 0x88E6, 0x88E6, 0x88E6, 0x80E6, 0x88E6, 0x88E6, 0x80E6, 0x80E6, 0x80E6,
    0x80E6, 0x80E6, 0x80E6, 0x80E6, 0x80E5, 0x80E5, 0x80E5, 0x80E5, 0x80E5, 0x80E5, 0x80E5, 0x80E5, 0x80C5, 0x80C5, 0x80C5, 0x80C5,
    0x80C5, 0x80C5, 0x80C5, 0x78C5, 0x78C5, 0x78C5, 0x78C5, 0x78C5, 0x78C5, 0x78C5, 0x78C5, 0x78C5, 0x78C5, 0x78C5, 0x78C5, 0x70C5,
    0x70C5, 0x70C5, 0x70A5, 0x70A5, 0x70A5, 0x70A5, 0x70A5, 0x70A5, 0x68A5, 0x68A5, 0x68A4, 0x68A4, 0x68A4, 0x68A4, 0x68A4, 0x68A4,
    0x68A4, 0x60A4, 0x6084, 0x6084, 0x6084, 0x6084, 0x6084, 0x6084, 0x6084, 0x5884, 0x5884, 0x5884, 0x5884, 0x5884, 0x5884, 0x5884,
    0x5884, 0x5064, 0x5064, 0x5063, 0x5063, 0x5063, 0x5063, 0x5063, 0x5063, 0x4863, 0x4863, 0x4863, 0x4863, 0x4863, 0x4863, 0x4863,
    0x4863, 0x4863, 0x4863, 0x4863, 0x4843, 0x4843, 0x4043, 0x4043, 0x4043, 0x4043, 0x4043, 0x4043, 0x4043, 0x4043, 0x4043, 0x4043,
    0x4043, 0x4043, 0x4043, 0x4043, 0x4043, 0x4043, 0x4043, 0x4043, 0x78E5, 0x7905, 0x7905, 0x7905, 0x7905, 0x7905, 0x7905, 0x7905,
    0x7905, 0x7905, 0x7905, 0x7905, 0x7905, 0x7905, 0x7905, 0x7905, 0x7905, 0x7905, 0x7905, 0x7905, 0x7905, 0x7905, 0x7905, 0x7905,
    0x7905, 0x7905, 0x7905, 0x7905, 0x7905, 0x7905, 0x78E5, 0x78E5, 0x80E5, 0x8105, 0x8105, 0x80E5, 0x8105, 0x8105, 0x80E6, 0x8105,
    0x8105, 0x8105, 0x80E5, 0x8106, 0x8106, 0x80E6, 0x88E6, 0x88E6, 0x88E6, 0x88E6, 0x88E6, 0x88E6, 0x88E6, 0x88E6, 0x88E6, 0x88E6,
    0x88E6, 0x88E6, 0x88E6, 0x88E6, 0x88E6, 0x88E6, 0x88E6, 0x88E6, 0x88E6, 0x88E6, 0x88E6, 0x88E6, 0x88E6, 0x88E6, 0x88E6, 0x88E6,
    0x88E6, 0x88E6, 0x88E6, 0x80E6, 0x80E6, 0x80E5, 0x80E5, 0x80E5, 0x80E5, 0x80E5, 0x80C5, 0x80E5, 0x80C5, 0x80C5, 0x80C5, 0x80C5,
    0x80C5, 0x80C5, 0x78C5, 0x78C5, 0x78C5, 0x78C5, 0x78C5, 0x78C5, 0x78C5, 0x78C5, 0x78C5, 0x78C5, 0x78C5, 0x70C5, 0x70A5, 0x70A5,
    0x70A5, 0x70A5, 0x70A5, 0x70A5, 0x70A5, 0x70A5, 0x68A5, 0x68A5, 0x68A5, 0x68A5, 0x68A4, 0x68A4, 0x68A4, 0x68A4, 0x6884, 0x6084,
    0x6084, 0x6084, 0x6084, 0x6084, 0x6084, 0x6084, 0x6084, 0x5884, 0x5884, 0x5884, 0x5884, 0x5884, 0x5884, 0x5884, 0x5064, 0x5063,
    0x5063, 0x5063, 0x5063, 0x5063, 0x5063, 0x5063, 0x4863, 0x4863, 0x4863, 0x4863, 0x4863, 0x4863, 0x4863, 0x4863, 0x4863, 0x4863,
    0x4843, 0x4843, 0x4043, 0x4043, 0x4043, 0x4043, 0x4043, 0x4043, 0x4043, 0x4043, 0x4043, 0x4043, 0x4043, 0x4043, 0x4043, 0x4043,
    0x4043, 0x4043, 0x4043, 0x4043, 0x7905, 0x7905, 0x7905, 0x7905, 0x7905, 0x7905, 0x7905, 0x7905, 0x7905, 0x7905, 0x7905, 0x7905,
    0x7905, 0x7905, 0x7905, 0x7905, 0x7905, 0x7905, 0x7905, 0x7905, 0x7905, 0x7905, 0x7905, 0x7905, 0x7905, 0x7905, 0x7905, 0x7905,
    0x7905, 0x8105, 0x8105, 0x8105, 0x8105, 0x8105, 0x8105, 0x8106, 0x8105, 0x8106, 0x8106, 0x8106, 0x8106, 0x8106, 0x8906, 0x8906,
    0x8906, 0x8906, 0x8906, 0x8906, 0x8906, 0x8906, 0x8906, 0x8906, 0x88E6, 0x88E6, 0x8906, 0x88E6, 0x88E6, 0x88E6, 0x88E6, 0x88E6,
    0x88E6, 0x88E6, 0x88E6, 0x88E6, 0x88E6, 0x88E6, 0x88E6, 0x88E6, 0x88E6, 0x88E6, 0x88E6, 0x88E6, 0x88E6, 0x88E6, 0x88E6, 0x88E6,
    0x88E6, 0x88E6, 0x88E6, 0x80E6, 0x80E6, 0x80C5, 0x80C5, 0x80C5, 0x80C5, 0x80C5, 0x80C5, 0x80C5, 0x80C5, 0x80C5, 0x80C5, 0x80C5,
    0x80C5, 0x78C5, 0x78C5, 0x78C5, 0x78C5, 0x78C5, 0x78C5, 0x78C5, 0x78C5, 0x78C5, 0x78C5, 0x70A5, 0x70A5, 0x70A5, 0x70A5, 0x70A5,
    0x70A5, 0x70A5, 0x70A5, 0x70A5, 0x70A5, 0x68A5, 0x68A5, 0x68A4, 0x68A4, 0x68A4, 0x68A4, 0x68A4, 0x6884, 0x6884, 0x6084, 0x6084,
    0x6084, 0x6084, 0x6084, 0x6084, 0x5884, 0x5884, 0x5884, 0x5884, 0x5884, 0x5884, 0x5884, 0x5864, 0x5064, 0x5064, 0x5064, 0x5063,
    0x5063, 0x5063, 0x5063, 0x4863, 0x4863, 0x4863, 0x4863, 0x4863, 0x4863, 0x4863, 0x4863, 0x4863, 0x4863, 0x4843, 0x4043, 0x4043,
    0x4043, 0x4043, 0x4043, 0x4043, 0x4043, 0x4043, 0x4043, 0x4043, 0x4043, 0x4043, 0x4043, 0x4043, 0x4043, 0x4043, 0x4043, 0x4043,
    0x7905, 0x7905, 0x7905, 0x7905, 0x7905, 0x7905, 0x7905, 0x7905, 0x7905, 0x7905, 0x7905, 0x7905, 0x7905, 0x7905, 0x7905, 0x7905,
    0x7905, 0x7905, 0x7905, 0x7905, 0x7905, 0x7905, 0x7905, 0x7905, 0x7905, 0x7905, 0x7905, 0x8105, 0x8105, 0x8105, 0x8105, 0x8105,
    0x8106, 0x8106, 0x8106, 0x8106, 0x8106, 0x8106, 0x8906, 0x8906, 0x8906, 0x8906, 0x8906, 0x8906, 0x8906, 0x8906, 0x8906, 0x8906,
    0x8906, 0x8906, 0x8906, 0x8906, 0x8906, 0x8906, 0x8906, 0x8906, 0x9106, 0x9106, 0x90E6, 0x90E6, 0x90E6, 0x90E6, 0x90E6, 0x9106,
    0x8906, 0x8906, 0x8906, 0x88E6, 0x88E6, 0x88E6, 0x88E6, 0x90C6, 0x90C5, 0x90C5, 0x90C5, 0x88A5, 0x88C5, 0x88C5, 0x88C5, 0x88C5,
    0x88C5, 0x88E6, 0x88E6, 0x88E6, 0x80E6, 0x80E6, 0x80E6, 0x80E6, 0x80E6, 0x80E6, 0x80E6, 0x80C5, 0x80A5, 0x80A5, 0x80A5, 0x80A5,
    0x8085, 0x8085, 0x7885, 0x7885, 0x78A5, 0x78A5, 0x78A5, 0x78C5, 0x78C5, 0x70C5, 0x70C5, 0x70C5, 0x70C5, 0x70A5, 0x70A5, 0x70A5,
    0x70A5, 0x70A5, 0x70A5, 0x68A5, 0x68A5, 0x68A5, 0x68A5, 0x68A4, 0x68A4, 0x68A4, 0x68A4, 0x6084, 0x6084, 0x6084, 0x6084, 0x6084,
    0x6084, 0x6084, 0x5884, 0x5884, 0x5884, 0x5884, 0x5884, 0x5884, 0x5864, 0x5864, 0x5064, 0x5063, 0x5063, 0x5063, 0x5063, 0x5063,
    0x5063, 0x4863, 0x4863, 0x4863, 0x4863, 0x4863, 0x4863, 0x4863, 0x4863, 0x4843, 0x4843, 0x4043, 0x4043, 0x4043, 0x4043, 0x4043,
    0x4043, 0x4043, 0x4043, 0x4043, 0x4043, 0x4043, 0x4043, 0x4043, 0x4043, 0x4043, 0x4043, 0x4043, 0x7905, 0x7905, 0x7905, 0x7905,
    0x7905, 0x7905, 0x7905, 0x7905, 0x7905, 0x7905, 0x7905, 0x7905, 0x7905, 0x7905, 0x7905, 0x7905, 0x7905, 0x7905, 0x7905, 0x7905,
    0x7905, 0x7905, 0x7905, 0x7905, 0x8105, 0x8105, 0x8105, 0x8106, 0x8106, 0x8106, 0x8106, 0x8106, 0x8106, 0x8106, 0x8906, 0x8906,
    0x8906, 0x8906, 0x8906, 0x8906, 0x8906, 0x8906, 0x8906, 0x8906, 0x8906, 0x8906, 0x8906, 0x8906, 0x9106, 0x9106, 0x9106, 0x9106,
    0x9106, 0x9106, 0x9106, 0x9106, 0x9106, 0x9106, 0x9106, 0x9106, 0x9106, 0x9106, 0x90E6, 0x90E6, 0x90C6, 0x90C6, 0x90C6, 0x90C6,
    0x90E6, 0x8926, 0x8947, 0x8187, 0x81A7, 0x81C8, 0x7A08, 0x7A08, 0x7A28, 0x7269, 0x7269, 0x7269, 0x7269, 0x7289, 0x7289, 0x7289,
    0x7289, 0x7289, 0x7289, 0x7289, 0x7289, 0x7289, 0x7289, 0x7289, 0x7269, 0x7269, 0x7269, 0x7228, 0x71E8, 0x7208, 0x71C7, 0x7987,
    0x7967, 0x7926, 0x7906, 0x78C5, 0x78A5, 0x7885, 0x7885, 0x7885, 0x7885, 0x70A5, 0x70A5, 0x70C5, 0x70A5, 0x70A5, 0x70A5, 0x70A5,
    0x70A5, 0x68A5, 0x68A5, 0x68A4, 0x68A4, 0x68A4, 0x68A4, 0x68A4, 0x6884, 0x6084, 0x6084, 0x6084, 0x6084, 0x6084, 0x6084, 0x6084,
    0x5884, 0x5884, 0x5884, 0x5884, 0x5884, 0x5864, 0x5864, 0x5064, 0x5064, 0x5064, 0x5063, 0x5063, 0x5063, 0x5063, 0x4863, 0x4863,
    0x4863, 0x4863, 0x4863, 0x4863, 0x4863, 0x4863, 0x4843, 0x4043, 0x4043, 0x4043, 0x4043, 0x4043, 0x4043, 0x4043, 0x4043, 0x4043,
    0x4043, 0x4043, 0x4043, 0x4043, 0x4043, 0x4043, 0x4043, 0x4043, 0x7905, 0x7905, 0x7905, 0x7905, 0x7905, 0x7905, 0x7905, 0x7905,
    0x7905, 0x7905, 0x7905, 0x7905, 0x7905, 0x7905, 0x7905, 0x7905, 0x7905, 0x7905, 0x7905, 0x7905, 0x8105, 0x8105, 0x8105, 0x8105,
    0x8106, 0x8106, 0x8106, 0x8126, 0x8126, 0x8126, 0x8126, 0x8926, 0x8926, 0x8926, 0x8926, 0x8926, 0x8926, 0x8926, 0x8926, 0x8926,
    0x8926, 0x8926, 0x8926, 0x8926, 0x9126, 0x9126, 0x9126, 0x9106, 0x9126, 0x9106, 0x9106, 0x9106, 0x9106, 0x9106, 0x9106, 0x9106,
    0x9106, 0x90E6, 0x98E6, 0x98C6, 0x98E6, 0x9106, 0x9126, 0x8967, 0x81A8, 0x8208, 0x7A49, 0x7A69, 0x7289, 0x7289, 0x7289, 0x7A69,
    0x7A49, 0x7A29, 0x81E8, 0x81E8, 0x81C8, 0x8987, 0x8987, 0x8187, 0x8947, 0x8906, 0x8926, 0x8906, 0x8906, 0x8906, 0x8906, 0x8906,
    0x8906, 0x8106, 0x8106, 0x8126, 0x8167, 0x8167, 0x8167, 0x79A7, 0x79E8, 0x79C8, 0x7A08, 0x7249, 0x7249, 0x7289, 0x7289, 0x7289,
    0x7269, 0x7248, 0x71E8, 0x71A7, 0x7146, 0x7106, 0x78A5, 0x7885, 0x7084, 0x7084, 0x7085, 0x70A5, 0x70A5, 0x70C5, 0x70A5, 0x68A5,
    0x68A5, 0x68A5, 0x68A4, 0x68A4, 0x68A4, 0x6884, 0x6884, 0x6084, 0x6084, 0x6084, 0x6084, 0x6084, 0x6084, 0x6084, 0x5884, 0x5884,
    0x5884, 0x5884, 0x5884, 0x5884, 0x5864, 0x5064, 0x5064, 0x5063, 0x5063, 0x5063, 0x5063, 0x5063, 0x4863, 0x4863, 0x4863, 0x4863,
    0x4863, 0x4863, 0x4863, 0x4843, 0x4043, 0x4043, 0x4043, 0x4043, 0x4043, 0x4043, 0x4043, 0x4043, 0x4043, 0x4043, 0x4043, 0x4043,
    0x4043, 0x4043, 0x4043, 0x4043, 0x7905, 0x7905, 0x7905, 0x7905, 0x7905, 0x7905, 0x7905, 0x7905, 0x7905, 0x7905, 0x7905, 0x7905,
    0x7905, 0x7905, 0x7905, 0x7905, 0x7905, 0x7905, 0x8105, 0x8105, 0x8105, 0x8105, 0x8106, 0x8126, 0x8126, 0x8126, 0x8126, 0x8926,
    0x8926, 0x8926, 0x8926, 0x8926, 0x8926, 0x8926, 0x8926, 0x8926, 0x8926, 0x8926, 0x8926, 0x9126, 0x9126, 0x9126, 0x9126, 0x9126,
    0x9126, 0x9126, 0x9126, 0x9126, 0x9126, 0x9126, 0x9126, 0x9126, 0x9106, 0x98E6, 0x98E6, 0x98E6, 0x9126, 0x9167, 0x81C8, 0x8208,
    0x7A69, 0x7289, 0x7A89, 0x7A89, 0x7A49, 0x8208, 0x89C8, 0x8987, 0x9147, 0x9106, 0x90E6, 0x90E6, 0x98C6, 0x98C6, 0x90C6, 0x90C6,
    0x90C6, 0x90C6, 0x90C6, 0x90C6, 0x90E6, 0x90E6, 0x90E6, 0x90E6, 0x88E6, 0x88E6, 0x88C6, 0x88C6, 0x88C6, 0x88C6, 0x88C6, 0x88C6,
    0x88C5, 0x88A5, 0x88C5, 0x88A5, 0x88A5, 0x80A5, 0x80A5, 0x80A5, 0x80A5, 0x80C5, 0x80E5, 0x7906, 0x7946, 0x7987, 0x71E8, 0x7228,
    0x7269, 0x7289, 0x7289, 0x7269, 0x7208, 0x71A7, 0x7126, 0x70C5, 0x7084, 0x7064, 0x7084, 0x7084, 0x68A5, 0x68A5, 0x68A5, 0x68A5,
    0x68A4, 0x6884, 0x6884, 0x6884, 0x6084, 0x6084, 0x6084, 0x6084, 0x6084, 0x6084, 0x6084, 0x5884, 0x5884, 0x5884, 0x5884, 0x5884,
    0x5864, 0x5864, 0x5064, 0x5064, 0x5063, 0x5063, 0x5063, 0x5063, 0x5063, 0x4863, 0x4863, 0x4863, 0x4863, 0x4863, 0x4863, 0x4843,
    0x4043, 0x4043, 0x4043, 0x4043, 0x4043, 0x4043, 0x4043, 0x4043, 0x4043, 0x4043, 0x4043, 0x4043, 0x4043, 0x4043, 0x4043, 0x4043,
    0x7905, 0x7905, 0x7905, 0x7905, 0x7905, 0x7905, 0x7905, 0x7905, 0x7905, 0x7905, 0x7905, 0x7905, 0x7905, 0x7905, 0x7905, 0x7905,
    0x8125, 0x8125, 0x8125, 0x8126, 0x8126, 0x8126, 0x8126, 0x8126, 0x8126, 0x8926, 0x8926, 0x8926, 0x8926, 0x8926, 0x8926, 0x8926,
    0x8926, 0x8926, 0x8926, 0x9126, 0x9126, 0x9126, 0x9126, 0x9126, 0x9126, 0x9126, 0x9126, 0x9126, 0x9126, 0x9126, 0x9126, 0x9126,
    0x9126, 0x9906, 0x98E6, 0x9906, 0x9147, 0x89A8, 0x8208, 0x7A89, 0x72A9, 0x7A89, 0x7A69, 0x8208, 0x89A8, 0x9167, 0x9906, 0x98E6,
    0x98E6, 0x98C6, 0x98E6, 0x98E6, 0x98E6, 0x98E6, 0x9906, 0x9906, 0x9106, 0x9106, 0x9106, 0x9106, 0x9106, 0x9106, 0x9106, 0x9106,
    0x9106, 0x9106, 0x9106, 0x9106, 0x9106, 0x9106, 0x9106, 0x8906, 0x8906, 0x8906, 0x8906, 0x88E6, 0x88E6, 0x88E6, 0x88E6, 0x88E6,
    0x88E6, 0x80E6, 0x80E6, 0x80E6, 0x80C6, 0x80C5, 0x80C5, 0x80C5, 0x80A5, 0x80A5, 0x8085, 0x8085, 0x78A5, 0x78C5, 0x7906, 0x7167,
    0x71C7, 0x7228, 0x7269, 0x7289, 0x6A69, 0x7208, 0x7187, 0x7106, 0x70A5, 0x7064, 0x7064, 0x6884, 0x68A5, 0x68A5, 0x68A5, 0x68A4,
    0x6884, 0x6884, 0x6084, 0x6084, 0x6084, 0x6084, 0x6084, 0x6084, 0x6084, 0x5884, 0x5884, 0x5884, 0x5884, 0x5864, 0x5864, 0x5064,
    0x5064, 0x5064, 0x5064, 0x5063, 0x5063, 0x5063, 0x4863, 0x4863, 0x4863, 0x4863, 0x4863, 0x4843, 0x4843, 0x4043, 0x4043, 0x4043,
    0x4043, 0x4043, 0x4043, 0x4043, 0x4043, 0x4043, 0x4043, 0x4043, 0x4043, 0x4043, 0x4043, 0x4043, 0x7905, 0x7905, 0x7905, 0x7905,
    0x7905, 0x7905, 0x7905, 0x7905, 0x7905, 0x7905, 0x7925, 0x7905, 0x7905, 0x7905, 0x8105, 0x8125, 0x8126, 0x8126, 0x8126, 0x8126,
    0x8126, 0x8126, 0x8126, 0x8926, 0x8926, 0x8926, 0x8926, 0x8926, 0x8926, 0x8926, 0x8926, 0x8926, 0x9146, 0x9126, 0x9126, 0x9146,
    0x9146, 0x9126, 0x9126, 0x9146, 0x9126, 0x9126, 0x9146, 0x9146, 0x9126, 0x9906, 0x9906, 0x9906, 0x9147, 0x89C8, 0x8249, 0x7A89,
    0x7AA9, 0x7A89, 0x8228, 0x89A8, 0x9147, 0x9906, 0x98E6, 0x98E6, 0x98E6, 0x9906, 0x9906, 0x9907, 0x9906, 0x9906, 0x9906, 0x9926,
    0x9927, 0x9927, 0x9907, 0x9907, 0x9907, 0x9906, 0x9906, 0x9906, 0x90E6, 0x90E6, 0x90E6, 0x90E6, 0x90C6, 0x90A5, 0x90C5, 0x90A5,
    0x90A5, 0x90C5, 0x90C5, 0x88A5, 0x88A5, 0x88A5, 0x88A5, 0x88A5, 0x88C6, 0x88C6, 0x88C5, 0x88C6, 0x88E6, 0x88E6, 0x88E6, 0x88E6,
    0x88E6, 0x88E6, 0x80E6, 0x80E6, 0x80E6, 0x80C6, 0x80C5, 0x80C5, 0x78C5, 0x78C5, 0x78A5, 0x7885, 0x7885, 0x7885, 0x7885, 0x78E5,
    0x7146, 0x71C7, 0x7249, 0x6A69, 0x6A69, 0x6A08, 0x6987, 0x7105, 0x6884, 0x6864, 0x6864, 0x6884, 0x68A5, 0x68A5, 0x6884, 0x6084,
    0x6084, 0x6084, 0x6084, 0x6084, 0x6084, 0x6084, 0x5884, 0x5884, 0x5884, 0x5864, 0x5864, 0x5864, 0x5864, 0x5064, 0x5064, 0x5064,
    0x5063, 0x5063, 0x5063, 0x5063, 0x4863, 0x4863, 0x4863, 0x4863, 0x4843, 0x4043, 0x4043, 0x4043, 0x4043, 0x4043, 0x4043, 0x4043,
    0x4043, 0x4043, 0x4043, 0x4043, 0x4043, 0x4043, 0x4043, 0x4043, 0x7905, 0x7905, 0x7905, 0x7905, 0x7905, 0x7925, 0x7925, 0x7925,
    0x8125, 0x8125, 0x8125, 0x8125, 0x8125, 0x8126, 0x8126, 0x8126, 0x8126, 0x8126, 0x8126, 0x8126, 0x8926, 0x8926, 0x8926, 0x8926,
    0x8926, 0x8946, 0x8946, 0x8946, 0x8946, 0x8946, 0x9146, 0x9146, 0x9146, 0x9146, 0x9146, 0x9146, 0x9146, 0x9146, 0x9146, 0x9146,
    0x9146, 0x9926, 0x9926, 0x9906, 0x9947, 0x89A7, 0x8228, 0x7A89, 0x7AA9, 0x7A69, 0x8A08, 0x9187, 0x9927, 0x9906, 0xA106, 0xA106,
    0x9906, 0x9927, 0x9927, 0x9927, 0x9927, 0x9927, 0x9927, 0x9927, 0x9927, 0x9927, 0x9907, 0x98E6, 0x98E6, 0x98C6, 0x98C6, 0x98C6,
    0x98C6, 0x98C6, 0x98E6, 0x98E6, 0x9927, 0x9968, 0x9967, 0x9947, 0x99A8, 0xA229, 0xA209, 0x9A29, 0x9A09, 0x9A09, 0x9A09, 0x9A09,
    0x9A09, 0x9A09, 0x9A29, 0x99C8, 0x9147, 0x9147, 0x9167, 0x9126, 0x88C6, 0x88C6, 0x88A5, 0x8085, 0x8085, 0x8085, 0x8085, 0x80A5,
    0x80A5, 0x80C5, 0x80C6, 0x80E6, 0x80E6, 0x80E6, 0x80C5, 0x78C5, 0x78C5, 0x78C5, 0x78C5, 0x78A5, 0x7885, 0x7885, 0x7885, 0x70A5,
    0x7106, 0x7187, 0x7228, 0x6A69, 0x6A89, 0x69E8, 0x6946, 0x68A5, 0x6864, 0x6864, 0x6884, 0x68A4, 0x60A4, 0x6084, 0x6084, 0x6084,
    0x6084, 0x6084, 0x6084, 0x5884, 0x5884, 0x5884, 0x5884, 0x5864, 0x5864, 0x5864, 0x5064, 0x5064, 0x5063, 0x5063, 0x5063, 0x5063,
    0x4863, 0x4863, 0x4863, 0x4863, 0x4843, 0x4843, 0x4843, 0x4043, 0x4043, 0x4043, 0x4043, 0x4043, 0x4043, 0x4043, 0x4043, 0x4043,
    0x4043, 0x4043, 0x4043, 0x4043, 0x7925, 0x7925, 0x8125, 0x8125, 0x8125, 0x8125, 0x8125, 0x8125, 0x8125, 0x8125, 0x8125, 0x8126,
    0x8126, 0x8126, 0x8126, 0x8126, 0x8126, 0x8926, 0x8926, 0x8926, 0x8946, 0x8946, 0x8946, 0x8946, 0x8946, 0x8946, 0x9146, 0x9146,
    0x9146, 0x9146, 0x9146, 0x9146, 0x9146, 0x9146, 0x9146, 0x9146, 0x9146, 0x9147, 0x9946, 0x9926, 0x9926, 0x9167, 0x89E8, 0x7A69,
    0x72A9, 0x7A89, 0x8228, 0x91A8, 0x9947, 0xA106, 0xA106, 0xA126, 0x9927, 0x9947, 0x9947, 0x9947, 0x9947, 0xA147, 0xA147, 0xA127,
    0xA127, 0x9906, 0x98E6, 0x98C6, 0x98C6, 0xA0E6, 0xA127, 0xA168, 0xA1E9, 0xA209, 0xAACB, 0xAB0C, 0xABAE, 0xABCE, 0xB470, 0xB470,
    0xB4B0, 0xBD11, 0xBD11, 0xBD11, 0xBD32, 0xBD72, 0xBD72, 0xBD72, 0xBD72, 0xBD72, 0xBD72, 0xBD72, 0xBD72, 0xBD72, 0xBD72, 0xBD52,
    0xB511, 0xB511, 0xB511, 0xB4D1, 0xB46F, 0xB490, 0xABCE, 0xABAD, 0xA30C, 0x9AAB, 0x9209, 0x91C8, 0x8947, 0x88E6, 0x80A5, 0x8085,
    0x8085, 0x7885, 0x80A5, 0x80C5, 0x80C5, 0x80E5, 0x78E5, 0x78C5, 0x78C5, 0x78C5, 0x78C5, 0x78A5, 0x70A5, 0x7084, 0x7065, 0x70A5,
    0x7126, 0x71A7, 0x6A48, 0x6A89, 0x6A48, 0x69A7, 0x68C5, 0x6864, 0x6864, 0x6884, 0x60A4, 0x6084, 0x6084, 0x6084, 0x6084, 0x6084,
    0x6084, 0x5884, 0x5884, 0x5884, 0x5884, 0x5864, 0x5864, 0x5064, 0x5064, 0x5064, 0x5063, 0x5063, 0x5063, 0x4863, 0x4863, 0x4863,
    0x4863, 0x4863, 0x4843, 0x4843, 0x4043, 0x4043, 0x4043, 0x4043, 0x4043, 0x4043, 0x4043, 0x4043, 0x4043, 0x4043, 0x4043, 0x4043,
    0x8125, 0x8125, 0x8125, 0x8125, 0x8125, 0x8125, 0x8125, 0x8125, 0x8126, 0x8126, 0x8126, 0x8126, 0x8126, 0x8126, 0x8126, 0x8926,
    0x8946, 0x8946, 0x8946, 0x8946, 0x8946, 0x8946, 0x8946, 0x8946, 0x9146, 0x9146, 0x9146, 0x9146, 0x9146, 0x9146, 0x9146, 0x9146,
    0x9146, 0x9147, 0x9147, 0x9947, 0x9926, 0x9926, 0x9167, 0x89E8, 0x7A69, 0x7AA9, 0x7A89, 0x8A08, 0x9987, 0xA146, 0xA126, 0xA127,
    0x9947, 0x9947, 0x9947, 0x9947, 0xA147, 0xA147, 0xA147, 0xA147, 0xA106, 0xA0E6, 0xA0E6, 0xA106, 0xA147, 0xA1A8, 0xAA6A, 0xAB0C,
    0xAB8D, 0xB42F, 0xB490, 0xBD11, 0xBD52, 0xBD72, 0xBD93, 0xBDB3, 0xBDB3, 0xBDB3, 0xBDB3, 0xBDB3, 0xBDB3, 0xBDB3, 0xBDB3, 0xBDD3,
    0xBDB3, 0xBDB3, 0xBDB3, 0xBDB3, 0xBDB3, 0xBDB3, 0xBDB3, 0xBDB3, 0xBDB3, 0xBDB3, 0xBDB3, 0xBDB3, 0xBDD3, 0xBDB3, 0xBDB3, 0xBDB3,
    0xBDB3, 0xBDB3, 0xBDB3, 0xBDB3, 0xBDB3, 0xBD93, 0xBD72, 0xBD52, 0xB511, 0xB4B0, 0xAC2F, 0xA38D, 0x9AEB, 0x924A, 0x8987, 0x80E6,
    0x80A5, 0x7865, 0x7864, 0x7885, 0x78A5, 0x78C5, 0x78C5, 0x78C5, 0x78C5, 0x78C5, 0x70A5, 0x70A5, 0x7085, 0x7064, 0x7084, 0x70C5,
    0x7167, 0x6A28, 0x6A69, 0x6A48, 0x6987, 0x68C5, 0x6864, 0x6064, 0x6084, 0x60A4, 0x6084, 0x6084, 0x6084, 0x6084, 0x5884, 0x5884,
    0x5884, 0x5864, 0x5864, 0x5864, 0x5064, 0x5064, 0x5064, 0x5064, 0x5063, 0x5063, 0x5063, 0x4863, 0x4863, 0x4863, 0x4863, 0x4843,
    0x4843, 0x4043, 0x4043, 0x4043, 0x4043, 0x4043, 0x4043, 0x4043, 0x4043, 0x4043, 0x4043, 0x4043, 0x8125, 0x8125, 0x8126, 0x8126,
    0x8126, 0x8126, 0x8126, 0x8126, 0x8126, 0x8126, 0x8126, 0x8126, 0x8946, 0x8946, 0x8946, 0x8946, 0x8946, 0x8946, 0x8946, 0x8946,
    0x9146, 0x9146, 0x9146, 0x9146, 0x9146, 0x9146, 0x9146, 0x9146, 0x9147, 0x9167, 0x9167, 0x9167, 0x9967, 0x9946, 0x9926, 0x9967,
    0x89E8, 0x7A69, 0x7AA9, 0x8269, 0x89E8, 0x9967, 0xA127, 0xA127, 0xA147, 0x9947, 0x9967, 0xA167, 0xA167, 0xA167, 0xA167, 0xA147,
    0xA106, 0xA106, 0xA106, 0xA147, 0xA1E9, 0xAA8A, 0xAB4C, 0xB40F, 0xB4D0, 0xBD31, 0xBD72, 0xBD93, 0xBDB3, 0xBDB3, 0xBDB3, 0xBDB3,
    0xBDB3, 0xBDB3, 0xBD93, 0xBD92, 0xBD52, 0xBD52, 0xBCD0, 0xBCD0, 0xBC90, 0xB3EE, 0xB3EE, 0xB3EE, 0xB3CE, 0xAB0C, 0xAB0C, 0xAB0C,
    0xAB0C, 0xAB0C, 0xAB0C, 0xAB0C, 0xAB0C, 0xAB0C, 0xAAEC, 0xAB8D, 0xB3EE, 0xB3EE, 0xABCE, 0xB46F, 0xB4B0, 0xB4B0, 0xBD32, 0xBD52,
    0xBD72, 0xBD93, 0xBDB3, 0xBDB3, 0xBDB3, 0xBDB3, 0xBDB3, 0xBDB3, 0xBDB3, 0xBD92, 0xBD32, 0xB4D0, 0xAC2F, 0xA34C, 0x926A, 0x89A8,
    0x80E6, 0x7885, 0x7864, 0x7865, 0x78A5, 0x78C5, 0x78C5, 0x78C5, 0x70C5, 0x70C5, 0x70A5, 0x70A5, 0x7084, 0x7064, 0x68A5, 0x6946,
    0x6A08, 0x6A89, 0x6A49, 0x69A7, 0x68C5, 0x6044, 0x6064, 0x6084, 0x6084, 0x6084, 0x6084, 0x5884, 0x5884, 0x5884, 0x5864, 0x5864,
    0x5864, 0x5864, 0x5064, 0x5064, 0x5063, 0x5063, 0x5063, 0x5063, 0x4863, 0x4863, 0x4863, 0x4863, 0x4843, 0x4843, 0x4043, 0x4043,
    0x4043, 0x4043, 0x4043, 0x4043, 0x4043, 0x4043, 0x4043, 0x4043, 0x8126, 0x8126, 0x8126, 0x8126, 0x8126, 0x8126, 0x8126, 0x8126,
    0x8126, 0x8146, 0x8146, 0x8946, 0x8946, 0x8946, 0x8946, 0x8946, 0x8946, 0x8946, 0x8946, 0x9146, 0x9146, 0x9166, 0x9146, 0x9166,
    0x9146, 0x9166, 0x9166, 0x9967, 0x9167, 0x9967, 0x9967, 0x9946, 0x9947, 0x91C7, 0x8269, 0x7AAA, 0x7A89, 0x8A08, 0x9967, 0xA147,
    0xA147, 0xA167, 0xA167, 0xA167, 0xA167, 0xA167, 0xA167, 0xA147, 0xA127, 0xA106, 0xA126, 0xA167, 0xAA29, 0xAB2C, 0xB40E, 0xB4B0,
    0xBD52, 0xBD72, 0xBDB3, 0xBDB3, 0xBDB3, 0xBDB3, 0xBDB3, 0xBD93, 0xBD52, 0xBD11, 0xBCB0, 0xB42F, 0xB38D, 0xB32C, 0xAA8B, 0xAA4A,
    0xA9A8, 0xA9A8, 0xA127, 0xA127, 0xA107, 0xA0E6, 0xA0E6, 0xA0E6, 0x98C6, 0x98C6, 0x98C6, 0x98C6, 0x98C6, 0x98C6, 0x98C6, 0x98C6,
    0x98C6, 0x98A6, 0x90A6, 0x90C6, 0x90C6, 0x90C6, 0x90C6, 0x90E6, 0x9106, 0x9106, 0x9968, 0x9968, 0x9A09, 0x9A4A, 0xA2EB, 0xAB4D,
    0xAC0E, 0xB490, 0xBCF1, 0xBD52, 0xBD93, 0xC5B3, 0xC5B3, 0xC5B3, 0xBDB3, 0xBDB3, 0xBD93, 0xBD52, 0xB4D0, 0xAC0E, 0x9B0C, 0x89E8,
    0x8106, 0x7885, 0x7064, 0x7084, 0x78A5, 0x78C5, 0x70C5, 0x70A5, 0x70A5, 0x70A5, 0x70A5, 0x7084, 0x6864, 0x68A5, 0x6946, 0x6A28,
    0x6A89, 0x6A28, 0x6946, 0x6084, 0x6044, 0x6064, 0x6084, 0x6084, 0x5884, 0x5884, 0x5884, 0x5864, 0x5864, 0x5864, 0x5064, 0x5064,
    0x5064, 0x5064, 0x5063, 0x5063, 0x5063, 0x4863, 0x4863, 0x4863, 0x4863, 0x4843, 0x4843, 0x4843, 0x4043, 0x4043, 0x4043, 0x4043,
    0x4043, 0x4043, 0x4043, 0x4043, 0x8126, 0x8126, 0x8126, 0x8126, 0x8126, 0x8126, 0x8126, 0x8146, 0x8146, 0x8946, 0x8946, 0x8946,
    0x8946, 0x8946, 0x8946, 0x8946, 0x8946, 0x9146, 0x9166, 0x9166, 0x9166, 0x9166, 0x9167, 0x9167, 0x9167, 0x9967, 0x9967, 0x9967,
    0x9947, 0x9946, 0x9987, 0x8228, 0x7AA9, 0x7AA9, 0x8A29, 0x99A7, 0xA147, 0xA147, 0xA167, 0xA167, 0xA167, 0xA167, 0xA187, 0xA167,
    0xA147, 0xA126, 0xA106, 0xA167, 0xAA09, 0xAB0C, 0xB40F, 0xB4D1, 0xBD52, 0xBD92, 0xBD93, 0xBDB3, 0xBDB3, 0xBDB3, 0xBD72, 0xBD31,
    0xBC90, 0xB40F, 0xB32C, 0xAA8A, 0xA9E9, 0xA988, 0xA947, 0xA107, 0xA0E6, 0xA0E6, 0xA8E6, 0xA8E6, 0xA8E6, 0xA8E6, 0xA8E6, 0xA8E6,
    0xA8E6, 0xA8E6, 0xA8E6, 0xA0C6, 0xA0E6, 0xA0E6, 0xA0E6, 0xA0E6, 0xA0E6, 0xA0E6, 0xA0E6, 0xA0E6, 0x98E6, 0x98C6, 0x98C6, 0x98C6,
    0x98C6, 0x98C6, 0x98C6, 0x98C6, 0x98A6, 0x90C6, 0x90C6, 0x90A6, 0x90A5, 0x90A5, 0x88A5, 0x88A5, 0x88A5, 0x88E6, 0x9127, 0x9188,
    0x9A09, 0xA2CB, 0xABAE, 0xB46F, 0xBD11, 0xBD72, 0xBDB3, 0xC5B3, 0xC5B3, 0xBDB3, 0xBD93, 0xBD72, 0xB4F1, 0xAC2F, 0x9AEB, 0x89A8,
    0x78E6, 0x7064, 0x7064, 0x7085, 0x70C5, 0x70C5, 0x70A5, 0x70A5, 0x70A5, 0x6884, 0x6864, 0x6864, 0x68A5, 0x6987, 0x6A49, 0x6A69,
    0x69E7, 0x60C5, 0x6044, 0x6064, 0x6084, 0x6084, 0x5884, 0x5884, 0x5864, 0x5864, 0x5864, 0x5864, 0x5064, 0x5064, 0x5064, 0x5063,
    0x5063, 0x5063, 0x4863, 0x4863, 0x4863, 0x4843, 0x4843, 0x4843, 0x4843, 0x4043, 0x4043, 0x4043, 0x4043, 0x4043, 0x4043, 0x4043,
    0x8126, 0x8126, 0x8126, 0x8126, 0x8146, 0x8146, 0x8146, 0x8946, 0x8946, 0x8946, 0x8946, 0x8946, 0x8946, 0x8966, 0x9166, 0x9166,
    0x9166, 0x9166, 0x9166, 0x9167, 0x9167, 0x9167, 0x9967, 0x9967, 0x9967, 0x9967, 0x9947, 0x9947, 0x91C7, 0x7A69, 0x72CA, 0x8269,
    0x91C8, 0xA167, 0xA147, 0xA167, 0xA187, 0xA187, 0xA167, 0xA187, 0xA187, 0xA167, 0xA126, 0xA147, 0xA1A8, 0xAA8A, 0xB3AE, 0xB4B0,
    0xBD52, 0xBD92, 0xBDB3, 0xBDB3, 0xBDB3, 0xBD93, 0xBD52, 0xBCD0, 0xB40F, 0xB30C, 0xAA4A, 0xA9A8, 0xA947, 0xA907, 0xA906, 0xA907,
    0xA907, 0xA907, 0xA907, 0xA907, 0xA907, 0xA907, 0xA927, 0xA927, 0xA988, 0xA988, 0xA1E9, 0xA229, 0xA22A, 0xA2CB, 0xA2CB, 0xA2AB,
    0xA2CB, 0x9B4C, 0x9B4C, 0x9B4C, 0x9B4C, 0x9B4C, 0x9B4C, 0x9B4C, 0x9B4C, 0x9B4C, 0x9B4C, 0x9AEB, 0x9AAB, 0x9AAB, 0x9ACB, 0x9A49,
    0x99E9, 0x99E9, 0x9967, 0x9967, 0x9106, 0x90E6, 0x90C6, 0x90A6, 0x90A5, 0x90A5, 0x88A5, 0x88A5, 0x88A5, 0x8885, 0x88A5, 0x88C5,
    0x8927, 0x91C8, 0x9A8B, 0xABAD, 0xB490, 0xBD31, 0xBD93, 0xC5B3, 0xBDB3, 0xBDB3, 0xBDB3, 0xBD72, 0xB4D0, 0xA3AD, 0x924A, 0x7906,
    0x7084, 0x7044, 0x7085, 0x70A5, 0x70C5, 0x70A5, 0x70A5, 0x68A5, 0x6884, 0x6864, 0x6864, 0x68E5, 0x69E8, 0x6A89, 0x6A28, 0x6146,
    0x6064, 0x6044, 0x6084, 0x5884, 0x5884, 0x5884, 0x5864, 0x5864, 0x5864, 0x5064, 0x5064, 0x5064, 0x5063, 0x5063, 0x5063, 0x4863,
    0x4863, 0x4863, 0x4843, 0x4843, 0x4843, 0x4843, 0x4843, 0x4843, 0x4043, 0x4043, 0x4043, 0x4043, 0x8126, 0x8126, 0x8146, 0x8146,
    0x8146, 0x8946, 0x8946, 0x8946, 0x8946, 0x8946, 0x8966, 0x8966, 0x9166, 0x9166, 0x9166, 0x9166, 0x9166, 0x9167, 0x9167, 0x9167,
    0x9967, 0x9967, 0x9987, 0x9967, 0x9946, 0x9967, 0x89E8, 0x7AA9, 0x7AAA, 0x8A29, 0x9987, 0xA147, 0xA167, 0xA187, 0xA187, 0xA187,
    0xA187, 0xA187, 0xA167, 0xA146, 0xA147, 0xA9C8, 0xAACB, 0xB40F, 0xBCF1, 0xBD72, 0xBD93, 0xBD93, 0xBDB3, 0xBD93, 0xBD52, 0xBCD0,
    0xB3EE, 0xB2EB, 0xAA09, 0xA967, 0xA927, 0xA927, 0xA927, 0xA927, 0xA927, 0xA927, 0xA927, 0xA947, 0xA968, 0xA9C9, 0xAA29, 0xA28A,
    0xA30C, 0xA34C, 0xA38D, 0xA3AD, 0xA3AD, 0xA3AD, 0xA36D, 0xA34C, 0xA34C, 0xA2CB, 0xA2CB, 0xA2CB, 0xA2AB, 0xA209, 0xA209, 0xA209,
    0xA209, 0xA209, 0xA209, 0xA209, 0xA209, 0xA209, 0xA209, 0xA26A, 0x9ACB, 0x9ACB, 0x9AAB, 0x9B0C, 0x9B4C, 0x9B4C, 0x9B8D, 0x9B8D,
    0x9B8D, 0x9B8D, 0x9B2C, 0x9AEB, 0x9A8A, 0x9209, 0x9188, 0x9127, 0x90C6, 0x88A5, 0x88A5, 0x88A5, 0x88A5, 0x88A5, 0x8085, 0x8085,
    0x80C6, 0x8947, 0x924A, 0xA36D, 0xB470, 0xBD32, 0xBD93, 0xC5B3, 0xBDB3, 0xBDB3, 0xBD92, 0xB511, 0xAC2F, 0x92AA, 0x7947, 0x7084,
    0x6844, 0x7084, 0x70A5, 0x70A5, 0x68A5, 0x68A5, 0x68A5, 0x6864, 0x6844, 0x68A5, 0x6966, 0x6A69, 0x6A69, 0x6187, 0x6084, 0x5844,
    0x5864, 0x5884, 0x5884, 0x5864, 0x5864, 0x5864, 0x5064, 0x5064, 0x5064, 0x5063, 0x5063, 0x5063, 0x4863, 0x4863, 0x4843, 0x4843,
    0x4843, 0x4843, 0x4843, 0x4843, 0x4843, 0x4043, 0x4043, 0x4043, 0x8146, 0x8146, 0x8146, 0x8146, 0x8946, 0x8946, 0x8946, 0x8946,
    0x8946, 0x8966, 0x9166, 0x9166, 0x9166, 0x9167, 0x9167, 0x9167, 0x9167, 0x9167, 0x9987, 0x9987, 0x9987, 0x9967, 0xA167, 0x9987,
    0x8A28, 0x7ACA, 0x7A89, 0x9208, 0xA187, 0xA167, 0xA187, 0xA187, 0xA187, 0xA187, 0xA1A7, 0xA187, 0xA147, 0xA146, 0xA9C8, 0xAAEB,
    0xB40E, 0xBD11, 0xBD92, 0xBD93, 0xBD93, 0xBDB3, 0xBD72, 0xBCF1, 0xBC0F, 0xB30C, 0xAA09, 0xA987, 0xA927, 0xA927, 0xA947, 0xA947,
    0xA927, 0xA927, 0xA967, 0xA9A8, 0xAA29, 0xA2CB, 0xA32C, 0xA38D, 0xA3AD, 0xA3AD, 0xA36D, 0xA30C, 0xAAAB, 0xAA4A, 0xA9C9, 0xA9A8,
    0xA947, 0xA927, 0xB107, 0xB0E7, 0xA8E7, 0xA8E6, 0xA8C6, 0xA8C6, 0xA8E6, 0xA8E7, 0xA8E6, 0xA8E6, 0xA8E6, 0xA0E6, 0xA0E6, 0xA0E6,
    0xA0C6, 0xA0C6, 0xA0E6, 0xA0C6, 0xA0C6, 0xA0C6, 0xA0A6, 0x98C6, 0x98C6, 0x98C6, 0x9906, 0x9906, 0x9967, 0x9988, 0x9A09, 0x9A4A,
    0x9ACB, 0x9B2C, 0x9B6D, 0x9B8D, 0x9B6D, 0x9B2C, 0x928A, 0x91E9, 0x8947, 0x88E6, 0x88A5, 0x8885, 0x88A5, 0x80A5, 0x8085, 0x8085,
    0x80C5, 0x8947, 0x924A, 0xA38D, 0xB4B0, 0xBD72, 0xC5B3, 0xC5B3, 0xBDB3, 0xBD93, 0xB531, 0xAC2E, 0x92AA, 0x7947, 0x6864, 0x6864,
    0x6885, 0x70A5, 0x68A5, 0x68A5, 0x68A5, 0x6884, 0x6864, 0x6064, 0x6126, 0x6A08, 0x6A89, 0x61C7, 0x60A4, 0x5843, 0x5864, 0x5884,
    0x5884, 0x5864, 0x5864, 0x5064, 0x5064, 0x5064, 0x5063, 0x5063, 0x5063, 0x4863, 0x4863, 0x4843, 0x4843, 0x4843, 0x4843, 0x4843,
    0x4843, 0x4843, 0x4843, 0x4043, 0x8146, 0x8146, 0x8946, 0x8946, 0x8966, 0x8966, 0x8966, 0x8966, 0x8966, 0x9166, 0x9166, 0x9166,
    0x9167, 0x9167, 0x9187, 0x9187, 0x9167, 0x9987, 0x9987, 0x9987, 0xA167, 0x9987, 0x8249, 0x72CA, 0x8289, 0x91E8, 0xA167, 0xA167,
    0xA187, 0xA187, 0xA187, 0xA1A7, 0xA1A7, 0xA167, 0xA147, 0xA187, 0xAA8A, 0xB3EE, 0xBD11, 0xBD92, 0xBD93, 0xBD93, 0xBDB3, 0xBD72,
    0xBCB0, 0xB38D, 0xB28A, 0xA9A8, 0xA947, 0xA947, 0xA947, 0xA947, 0xB147, 0xB147, 0xA988, 0xAA09, 0xA2CB, 0xA34C, 0xA3AD, 0xA3AD,
    0xA38D, 0xA30C, 0xAA8A, 0xAA09, 0xB1A8, 0xB147, 0xB127, 0xB107, 0xB107, 0xB107, 0xB127, 0xB127, 0xB127, 0xB127, 0xB147, 0xB147,
    0xB147, 0xA947, 0xA947, 0xA927, 0xA927, 0xA927, 0xA927, 0xA927, 0xA927, 0xA927, 0xA927, 0xA927, 0xA127, 0xA127, 0xA127, 0xA127,
    0xA127, 0xA127, 0xA127, 0xA107, 0xA107, 0x9907, 0x98E7, 0x9907, 0x98E6, 0x98C6, 0x98A6, 0x98A6, 0x90A5, 0x90A6, 0x90C6, 0x9127,
    0x9188, 0x9229, 0x9AAA, 0x9B4C, 0x9B8D, 0x9B8D, 0x932C, 0x92AA, 0x89C8, 0x8906, 0x88C6, 0x8085, 0x8085, 0x80A5, 0x8085, 0x7885,
    0x80E6, 0x89A8, 0x9AEB, 0xAC2F, 0xBD52, 0xC5B3, 0xC5B3, 0xBDB3, 0xBD93, 0xB531, 0xA3CE, 0x8A29, 0x70C5, 0x6844, 0x6864, 0x68A5,
    0x68A5, 0x6885, 0x68A5, 0x6884, 0x6064, 0x6044, 0x60C5, 0x69E8, 0x6A89, 0x6208, 0x60C5, 0x5823, 0x5864, 0x5884, 0x5864, 0x5864,
    0x5064, 0x5064, 0x5064, 0x5064, 0x5063, 0x5063, 0x5063, 0x4863, 0x4863, 0x4863, 0x4843, 0x4843, 0x4843, 0x4843, 0x4843, 0x4843,
    0x8946, 0x8946, 0x8946, 0x8966, 0x8966, 0x8966, 0x8966, 0x9166, 0x9166, 0x9166, 0x9167, 0x9167, 0x9187, 0x9187, 0x9987, 0x9987,
    0x9987, 0x9987, 0xA167, 0x9987, 0x8249, 0x72CA, 0x8269, 0x99C7, 0xA167, 0xA187, 0xA1A7, 0xA1A7, 0xA1A7, 0xA1A8, 0xA1A7, 0xA167,
    0xA167, 0xAA09, 0xB36C, 0xB4B0, 0xBD72, 0xBD93, 0xBD93, 0xBD93, 0xBD72, 0xBCB0, 0xB36D, 0xB24A, 0xA988, 0xA947, 0xA967, 0xB167,
    0xB167, 0xB167, 0xB1A8, 0xAA29, 0xA2EB, 0xA38D, 0xA3CD, 0xA38D, 0xA32C, 0xAA8A, 0xA9E9, 0xB188, 0xB127, 0xB127, 0xB127, 0xB147,
    0xB147, 0xB168, 0xB168, 0xB168, 0xB168, 0xB168, 0xB148, 0xB148, 0xB148, 0xB147, 0xB147, 0xB127, 0xB127, 0xB127, 0xB127, 0xB127,
    0xA927, 0xA927, 0xA927, 0xA927, 0xA927, 0xA927, 0xA927, 0xA927, 0xA927, 0xA927, 0xA107, 0xA107, 0xA107, 0xA107, 0xA107, 0xA107,
    0xA107, 0xA107, 0xA107, 0x9907, 0x9907, 0x9907, 0x9907, 0x9907, 0x9907, 0x9906, 0x9906, 0x90E6, 0x90C6, 0x90A6, 0x90A5, 0x90A5,
    0x90E6, 0x9147, 0x91E9, 0x92CB, 0x934C, 0x9B8D, 0x9B8D, 0x92CB, 0x89C8, 0x8906, 0x80A5, 0x8085, 0x8085, 0x7885, 0x7865, 0x7885,
    0x8167, 0x9AAB, 0xAC2F, 0xBD52, 0xC5B3, 0xBDB3, 0xBDB3, 0xBD92, 0xB4D0, 0x9B4C, 0x7987, 0x6864, 0x6844, 0x6884, 0x68A5, 0x68A5,
    0x6884, 0x6084, 0x6064, 0x6044, 0x60A4, 0x69C7, 0x6AA9, 0x6208, 0x60C5, 0x5823, 0x5864, 0x5884, 0x5864, 0x5064, 0x5064, 0x5064,
    0x5063, 0x5063, 0x5063, 0x4863, 0x4863, 0x4863, 0x4863, 0x4843, 0x4843, 0x4843, 0x4843, 0x4843, 0x8966, 0x8966, 0x8966, 0x8966,
    0x8966, 0x9166, 0x9166, 0x9167, 0x9167, 0x9187, 0x9187, 0x9187, 0x9987, 0x9987, 0x9987, 0x9987, 0xA167, 0x99A7, 0x8249, 0x72CA,
    0x8289, 0x99C8, 0xA167, 0xA187, 0xA1A7, 0xA1A7, 0xA1A7, 0xA1A8, 0xA187, 0xA167, 0xA987, 0xAA8A, 0xB42F, 0xBD32, 0xBD93, 0xBD93,
    0xBD93, 0xBD72, 0xBCF1, 0xB3AD, 0xB24A, 0xA988, 0xA967, 0xA967, 0xB167, 0xB167, 0xB188, 0xA9E9, 0xAAAA, 0xA36C, 0xA3CD, 0xA3AD,
    0xA32C, 0xAA6A, 0xB1C8, 0xB167, 0xB147, 0xB147, 0xB167, 0xB168, 0xB188, 0xB188, 0xB188, 0xB168, 0xB168, 0xB168, 0xB168, 0xB168,
    0xB148, 0xB148, 0xB148, 0xB148, 0xB148, 0xB148, 0xB148, 0xB148, 0xB148, 0xB127, 0xB127, 0xB127, 0xB127, 0xB127, 0xB127, 0xA927,
    0xA927, 0xA927, 0xA927, 0xA927, 0xA927, 0xA927, 0xA927, 0xA927, 0xA927, 0xA107, 0xA107, 0xA107, 0xA107, 0xA107, 0xA107, 0xA107,
    0xA107, 0x9907, 0x9907, 0x9907, 0x9907, 0x98E6, 0x98E6, 0x98E6, 0x9906, 0x9106, 0x9106, 0x9106, 0x90E6, 0x90C6, 0x90A5, 0x8885,
    0x88A5, 0x8906, 0x91A8, 0x92AA, 0x934C, 0x9B8D, 0x934C, 0x8A6A, 0x8967, 0x80C5, 0x8085, 0x7885, 0x7885, 0x7865, 0x7885, 0x8147,
    0x92CB, 0xB490, 0xBD72, 0xC5B3, 0xBDB3, 0xBDB3, 0xBD52, 0xAC2F, 0x8A49, 0x68A5, 0x6044, 0x6864, 0x68A5, 0x6885, 0x6884, 0x6084,
    0x6084, 0x6044, 0x6084, 0x61C7, 0x6AA9, 0x6208, 0x58C5, 0x5823, 0x5864, 0x5884, 0x5864, 0x5064, 0x5064, 0x5064, 0x5063, 0x5063,
    0x4863, 0x4863, 0x4863, 0x4863, 0x4863, 0x4843, 0x4843, 0x4843, 0x8966, 0x8966, 0x8966, 0x9166, 0x9166, 0x9166, 0x9187, 0x9187,
    0x9187, 0x9187, 0x9987, 0x9987, 0x9987, 0x9987, 0xA187, 0x9987, 0x8A28, 0x7ACA, 0x8289, 0x99C8, 0xA187, 0xA187, 0xA1A7, 0xA1A7,
    0xA1A7, 0xA1C8, 0xA187, 0xA967, 0xA9E8, 0xB30C, 0xB490, 0xBD72, 0xBD93, 0xBD93, 0xBD93, 0xBD32, 0xBC0E, 0xB2AA, 0xA9A8, 0xA967,
    0xA987, 0xB188, 0xB187, 0xB1A8, 0xAA29, 0xAAEB, 0xA3AD, 0xA3CD, 0xA36C, 0xAAAA, 0xB1E9, 0xB168, 0xB147, 0xB167, 0xB168, 0xB188,
    0xB1A8, 0xB188, 0xB188, 0xB188, 0xB188, 0xB188, 0xB168, 0xB168, 0xB168, 0xB168, 0xB168, 0xB168, 0xB168, 0xB168, 0xB168, 0xB148,
    0xB148, 0xB148, 0xB148, 0xB148, 0xB148, 0xB148, 0xB127, 0xB127, 0xB127, 0xB127, 0xB127, 0xB127, 0xB127, 0xB127, 0xA927, 0xA927,
    0xA927, 0xA927, 0xA927, 0xA927, 0xA927, 0xA927, 0xA907, 0xA107, 0xA107, 0xA107, 0xA107, 0xA107, 0xA107, 0xA107, 0xA107, 0x9907,
    0x9907, 0x9906, 0x98E6, 0x98E6, 0x98E6, 0x98E6, 0x90E6, 0x90E6, 0x90E6, 0x90E6, 0x90E6, 0x90E6, 0x90E6, 0x88C6, 0x88A5, 0x8885,
    0x8885, 0x8906, 0x89E9, 0x92EB, 0x938D, 0x938D, 0x92AA, 0x89A8, 0x80C6, 0x7885, 0x7885, 0x7885, 0x7064, 0x78A5, 0x8187, 0x9B4C,
    0xB4F1, 0xC593, 0xC5B3, 0xBD93, 0xBD92, 0xB4B0, 0x92EB, 0x7106, 0x6023, 0x6064, 0x68A5, 0x68A5, 0x6084, 0x6084, 0x6084, 0x6044,
    0x6084, 0x61C7, 0x6AA9, 0x61C7, 0x5884, 0x5843, 0x5864, 0x5864, 0x5064, 0x5064, 0x5064, 0x5063, 0x5063, 0x4863, 0x4863, 0x4863,
    0x4863, 0x4863, 0x4843, 0x4843, 0x8966, 0x9166, 0x9166, 0x9166, 0x9187, 0x9187, 0x9187, 0x9187, 0x9987, 0x9987, 0x9987, 0x99A7,
    0x9987, 0xA187, 0x9208, 0x72CA, 0x7AA9, 0x99C8, 0xA987, 0xA1A7, 0xA1A7, 0xA1A7, 0xA1A8, 0xA9C8, 0xA187, 0xA967, 0xAA29, 0xB38D,
    0xBCF1, 0xBD93, 0xBD92, 0xBD93, 0xBD72, 0xBCB0, 0xB32C, 0xB209, 0xA987, 0xA987, 0xB1A8, 0xB187, 0xB1A8, 0xAA29, 0xA32C, 0xA3CD,
    0xA3CD, 0xAB2C, 0xAA4A, 0xB1A8, 0xB967, 0xB967, 0xB188, 0xB1A8, 0xB1A8, 0xB1A8, 0xB1A8, 0xB188, 0xB188, 0xB988, 0xB188, 0xB988,
    0xB988, 0xB988, 0xB988, 0xB988, 0xB988, 0xB968, 0xB968, 0xB968, 0xB968, 0xB968, 0xB968, 0xB968, 0xB948, 0xB948, 0xB968, 0xB948,
    0xB948, 0xB948, 0xB948, 0xB128, 0xB148, 0xB148, 0xB127, 0xB127, 0xB127, 0xB127, 0xB127, 0xB127, 0xA927, 0xA927, 0xA928, 0xA947,
    0xA927, 0xA927, 0xA927, 0xA907, 0xA927, 0xA927, 0xA107, 0xA107, 0xA107, 0xA107, 0xA107, 0xA107, 0xA107, 0x9907, 0x9907, 0x9907,
    0x9907, 0x9906, 0x98E6, 0x98E6, 0x90E6, 0x90E6, 0x90E6, 0x90E6, 0x90E6, 0x90E6, 0x88E6, 0x88E6, 0x88E6, 0x88C6, 0x8885, 0x8865,
    0x80C6, 0x8967, 0x926A, 0x936C, 0x93AD, 0x92EB, 0x81A8, 0x78A5, 0x7885, 0x7885, 0x7885, 0x7064, 0x78E6, 0x8A29, 0xAC2F, 0xBD72,
    0xC5B3, 0xBD93, 0xBDB3, 0xB511, 0x9B6D, 0x7967, 0x6044, 0x6064, 0x68A5, 0x60A4, 0x6084, 0x6084, 0x6084, 0x6044, 0x6084, 0x61E7,
    0x6AA9, 0x6186, 0x5864, 0x5043, 0x5064, 0x5064, 0x5064, 0x5064, 0x5063, 0x5063, 0x4863, 0x4863, 0x4863, 0x4863, 0x4863, 0x4863,
    0x9166, 0x9186, 0x9167, 0x9186, 0x9187, 0x9987, 0x9987, 0x9987, 0x9987, 0x99A7, 0x9987, 0xA187, 0x91E8, 0x7AA9, 0x7ACA, 0x99E8,
    0xA187, 0xA1A7, 0xA1A8, 0xA1A7, 0xA1C8, 0xA9C8, 0xA987, 0xA187, 0xAA29, 0xB3AD, 0xBD31, 0xBD93, 0xBD93, 0xBD93, 0xBD52, 0xBC2F,
    0xB2AA, 0xB1A8, 0xB187, 0xB1A8, 0xB1A8, 0xB188, 0xB209, 0xAB0B, 0xA3AD, 0xA3CD, 0xAB2C, 0xB249, 0xB1A8, 0xB967, 0xB988, 0xB1A8,
    0xB1C8, 0xB1C8, 0xB9A8, 0xB9A8, 0xB9A8, 0xB9A8, 0xB9A8, 0xB9A8, 0xB9A8, 0xB988, 0xB988, 0xB988, 0xB988, 0xB988, 0xB988, 0xB988,
    0xB988, 0xB988, 0xB988, 0xB968, 0xB968, 0xB968, 0xB968, 0xB968, 0xB968, 0xB968, 0xB948, 0xB907, 0xB907, 0xB0E7, 0xB928, 0xB948,
    0xB948, 0xB948, 0xB148, 0xB128, 0xB128, 0xB127, 0xB127, 0xB127, 0xB127, 0xB127, 0xA8C7, 0xA8C6, 0xA907, 0xA927, 0xA927, 0xA927,
    0xA8E7, 0xA0C6, 0xA0E6, 0xA107, 0xA107, 0xA107, 0xA107, 0xA107, 0xA107, 0xA107, 0x9907, 0x9907, 0x9907, 0x9906, 0x98E6, 0x98E6,
    0x98E6, 0x90E6, 0x90E6, 0x90E6, 0x90E6, 0x90E6, 0x90E6, 0x90E6, 0x88E6, 0x88E6, 0x88E6, 0x88E6, 0x88C6, 0x80A5, 0x8085, 0x8085,
    0x8947, 0x8A8A, 0x936C, 0x936C, 0x8AAA, 0x8167, 0x7885, 0x7865, 0x7885, 0x7064, 0x7085, 0x8167, 0x9B4C, 0xBD11, 0xC5B3, 0xBD93,
    0xBD93, 0xBD52, 0x9BAD, 0x7967, 0x6044, 0x6044, 0x6085, 0x6084, 0x6084, 0x6084, 0x6064, 0x5843, 0x58A5, 0x6A28, 0x6A89, 0x5926,
    0x5023, 0x5043, 0x5064, 0x5064, 0x5063, 0x5063, 0x5063, 0x4863, 0x4863, 0x4863, 0x4863, 0x4863, 0x9186, 0x9187, 0x9187, 0x9187,
    0x9987, 0x9987, 0x9987, 0x99A7, 0x99A7, 0xA187, 0x99A7, 0x8289, 0x7ACA, 0x9228, 0xA187, 0xA1A7, 0xA1C7, 0xA1A7, 0xA1C8, 0xA9C8,
    0xA9A7, 0xA987, 0xAA6A, 0xB40E, 0xBD31, 0xBD92, 0xBD92, 0xBD93, 0xBD11, 0xBBCE, 0xB229, 0xB1A7, 0xB1A7, 0xB1C8, 0xB1A8, 0xB1C8,
    0xAAAA, 0xA38D, 0xA3ED, 0xAB4C, 0xB26A, 0xB9A8, 0xB988, 0xB9A8, 0xB9C8, 0xB9C8, 0xB9C8, 0xB9C8, 0xB9C8, 0xB9A8, 0xB9A8, 0xB9A8,
    0xB9A8, 0xB9A8, 0xB9A8, 0xB9A8, 0xB9A8, 0xB9A8, 0xB988, 0xB988, 0xB988, 0xB988, 0xB988, 0xB988, 0xB988, 0xB988, 0xB988, 0xB988,
    0xB968, 0xB968, 0xB968, 0xB968, 0xB968, 0xB948, 0xB9C9, 0xC24B, 0xC28B, 0xC30D, 0xB9C9, 0xB928, 0xB948, 0xB948, 0xB948, 0xB948,
    0xB128, 0xB128, 0xB127, 0xB148, 0xB0E7, 0xBAEC, 0xCCD1, 0xCC50, 0xB22A, 0xA8E7, 0xA927, 0xA907, 0xB20A, 0xB26B, 0xB20A, 0xA907,
    0xA907, 0xA107, 0xA107, 0xA107, 0xA107, 0xA107, 0xA107, 0xA107, 0x9907, 0x9907, 0x9907, 0x9907, 0x98E6, 0x98E6, 0x98E6, 0x90E6,
    0x90E6, 0x90E6, 0x90E6, 0x90E6, 0x90E6, 0x88E6, 0x88C6, 0x88C6, 0x88C6, 0x88C6, 0x88E6, 0x80C6, 0x80A5, 0x8065, 0x8085, 0x8147,
    0x92AA, 0x938D, 0x934C, 0x8A29, 0x78E6, 0x7064, 0x7885, 0x7085, 0x7064, 0x78E6, 0x92CB, 0xB4B0, 0xC593, 0xBD93, 0xBD93, 0xBD52,
    0xA40E, 0x79E8, 0x6044, 0x6044, 0x60A5, 0x6084, 0x6084, 0x6084, 0x5864, 0x5843, 0x6105, 0x6A69, 0x6248, 0x58C5, 0x5023, 0x5064,
    0x5064, 0x5063, 0x5063, 0x5063, 0x4863, 0x4863, 0x4863, 0x4863, 0x9187, 0x9187, 0x9187, 0x9987, 0x9987, 0x99A7, 0x99A7, 0x9987,
    0xA187, 0x8A48, 0x72CA, 0x8A69, 0xA1A7, 0xA9A7, 0xA1C8, 0xA1C8, 0xA1C8, 0xA9C8, 0xA9A7, 0xA987, 0xAA29, 0xB3CD, 0xBD52, 0xBD92,
    0xBD93, 0xBD92, 0xBD11, 0xB38D, 0xB1E8, 0xB187, 0xB1C8, 0xB1C8, 0xB1A8, 0xB209, 0xAB0B, 0xA3EE, 0xA3AD, 0xAACB, 0xB1E8, 0xB988,
    0xB9A8, 0xB9C8, 0xB9E8, 0xB9C8, 0xB9C8, 0xB9C8, 0xB9C8, 0xB9C8, 0xB9C8, 0xB9C8, 0xB9C8, 0xB9C8, 0xB9A8, 0xB9A8, 0xB9A8, 0xB9C8,
    0xB9C9, 0xB9A8, 0xB9A8, 0xB9A8, 0xB9A8, 0xB9A8, 0xB988, 0xB988, 0xB988, 0xB988, 0xB988, 0xB988, 0xB988, 0xB988, 0xB968, 0xB968,
    0xB988, 0xB907, 0xCB6E, 0xDE96, 0xD655, 0xDEB6, 0xC32D, 0xB8E7, 0xB968, 0xB948, 0xB948, 0xB948, 0xB948, 0xB948, 0xB948, 0xB148,
    0xB107, 0xBA0A, 0xDE55, 0xDED7, 0xC36D, 0xA8C6, 0xB148, 0xA8E7, 0xCD12, 0xDEF7, 0xC3AE, 0xA8C6, 0xA927, 0xA907, 0xA107, 0xA107,
    0xA107, 0xA107, 0xA107, 0xA127, 0xA0E7, 0x98C6, 0x98C6, 0x98C6, 0x98E7, 0x9907, 0x98E6, 0x98E6, 0x90E6, 0x90E6, 0x90E6, 0x90E6,
    0x90E6, 0x90E6, 0x88E6, 0x88C6, 0x88C6, 0x88C6, 0x88C6, 0x88C6, 0x80C6, 0x80C6, 0x80C6, 0x80A5, 0x7865, 0x80A5, 0x81C8, 0x932C,
    0x93AD, 0x8AEB, 0x7947, 0x7085, 0x7064, 0x7085, 0x6864, 0x7085, 0x8A4A, 0xAC90, 0xBD93, 0xC5B3, 0xBD93, 0xBD92, 0xA3CE, 0x7167,
    0x6023, 0x6044, 0x6085, 0x6084, 0x6084, 0x5884, 0x5844, 0x5843, 0x6166, 0x6AA9, 0x61C7, 0x5044, 0x5023, 0x5064, 0x5064, 0x5063,
    0x5063, 0x5063, 0x4863, 0x4863, 0x9187, 0x9187, 0x9987, 0x9987, 0x99A7, 0x99A7, 0xA187, 0x91E8, 0x7AA9, 0x7AA9, 0x99E8, 0xA987,
    0xA1C7, 0xA1C8, 0xA1C8, 0xA9C8, 0xA9C8, 0xA987, 0xAA09, 0xB3CE, 0xBD32, 0xBD92, 0xBD92, 0xBD93, 0xBCD0, 0xB32C, 0xB1E8, 0xB1A7,
    0xB1C8, 0xB1C8, 0xB1C8, 0xAA6A, 0xA38D, 0xA3EE, 0xAB4C, 0xB249, 0xB9A8, 0xB9A8, 0xB9C8, 0xB9E9, 0xB9E8, 0xB9C8, 0xB9C8, 0xB9C8,
    0xB9C8, 0xB9C8, 0xB9C8, 0xB9C8, 0xB9C8, 0xB9C8, 0xB9C8, 0xB9C8, 0xB9C8, 0xB9C8, 0xB9C8, 0xB988, 0xB947, 0xB988, 0xB9C9, 0xB9A8,
    0xB9A8, 0xB9A8, 0xB9A8, 0xB988, 0xB988, 0xB988, 0xB988, 0xB988, 0xB988, 0xB988, 0xB988, 0xB968, 0xB988, 0xB927, 0xCC70, 0xDE75,
    0xD532, 0xDE55, 0xD553, 0xB948, 0xB948, 0xB948, 0xB948, 0xB948, 0xB948, 0xB948, 0xB948, 0xB948, 0xB948, 0xB107, 0xCCD1, 0xDE96,
    0xD532, 0xB128, 0xB0C7, 0xBACC, 0xDE96, 0xD5B3, 0xA948, 0xA907, 0xA927, 0xA907, 0xA907, 0xA907, 0xA107, 0xA107, 0xA107, 0xA0A6,
    0xA127, 0xAA0A, 0xAA0A, 0xA1A8, 0x98C6, 0x98A6, 0x9907, 0x98E6, 0x98E6, 0x90E6, 0x90E6, 0x90E6, 0x90E6, 0x90E6, 0x90E6, 0x90E6,
    0x88C6, 0x88C6, 0x88C6, 0x88C6, 0x88C6, 0x80C6, 0x80C6, 0x80C6, 0x80C6, 0x80C5, 0x7885, 0x7864, 0x8106, 0x8A6A, 0x938D, 0x934C,
    0x81E8, 0x70A5, 0x7064, 0x7085, 0x6864, 0x7085, 0x81C8, 0xAC2F, 0xBD93, 0xBD93, 0xBD93, 0xBD52, 0x9BAD, 0x7147, 0x5823, 0x6064,
    0x6084, 0x6084, 0x5884, 0x5884, 0x5823, 0x5884, 0x6207, 0x6A89, 0x5926, 0x5023, 0x5063, 0x5064, 0x5063, 0x5063, 0x5063, 0x5063,
    0x99A7, 0x99A7, 0x99A7, 0x99A7, 0xA1A7, 0xA1A7, 0x8269, 0x72CA, 0x9228, 0xA9A7, 0xA1A7, 0xA1C8, 0xA1C8, 0xA9E8, 0xA9E8, 0xA987,
    0xA9E8, 0xB36C, 0xBD11, 0xBD93, 0xBD72, 0xBD93, 0xBCD0, 0xB32C, 0xB1E8, 0xB1A8, 0xB1E8, 0xB1C8, 0xB1E8, 0xAAAA, 0xA3CD, 0xA3CD,
    0xAAEB, 0xB9E8, 0xB9A8, 0xB9C8, 0xB9E9, 0xB9E9, 0xB9E8, 0xB9E8, 0xB9E8, 0xB9E8, 0xB9E8, 0xB9E8, 0xB9E8, 0xB9C8, 0xB9C8, 0xB9C9,
    0xB9C9, 0xB9C8, 0xC1C9, 0xC1C9, 0xC1C9, 0xC1C8, 0xC1A8, 0xC2CB, 0xCC50, 0xCCF1, 0xC22A, 0xC188, 0xC1C9, 0xC1A8, 0xC1A8, 0xC1A8,
    0xC1A8, 0xC1A8, 0xC188, 0xC188, 0xC188, 0xC188, 0xC188, 0xC188, 0xC168, 0xC1A9, 0xD5F4, 0xDDF4, 0xC26B, 0xDDF4, 0xDEB6, 0xC2EC,
    0xB907, 0xB968, 0xB948, 0xB948, 0xB948, 0xB948, 0xB948, 0xB948, 0xB948, 0xB0E7, 0xC32D, 0xDE96, 0xDE76, 0xBA8B, 0xB0C6, 0xD532,
    0xDEF7, 0xC38E, 0xA8C6, 0xA948, 0xA927, 0xA927, 0xA927, 0xA927, 0xA907, 0xA927, 0xA0C6, 0xBB0C, 0xD593, 0xDE75, 0xDE96, 0xD635,
    0xCD12, 0xB2AB, 0x98C6, 0x9907, 0x98E6, 0x98E6, 0x90E6, 0x90E6, 0x90E6, 0x90E6, 0x90E6, 0x90E6, 0x90E6, 0x88E6, 0x88E6, 0x88C6,
    0x88C6, 0x88C6, 0x88C6, 0x80C6, 0x80C6, 0x80C6, 0x80C6, 0x80C6, 0x78A5, 0x7864, 0x78A5, 0x81C8, 0x934C, 0x93AD, 0x8229, 0x70C5,
    0x7064, 0x7085, 0x6864, 0x6864, 0x81C8, 0xAC2F, 0xBD93, 0xBD93, 0xBD93, 0xBD52, 0x932C, 0x68E6, 0x5823, 0x6084, 0x6084, 0x5864,
    0x5884, 0x5864, 0x5823, 0x58E5, 0x6A69, 0x6208, 0x5084, 0x5023, 0x5064, 0x5063, 0x5063, 0x5063, 0x99A7, 0x99A7, 0x99A7, 0xA187,
    0x91E8, 0x72CA, 0x8289, 0xA1C7, 0xA9A7, 0xA1C8, 0xA1C8, 0xA9C8, 0xA9E8, 0xA9A7, 0xA9A7, 0xB30B, 0xB4D0, 0xBD93, 0xBD72, 0xBD93,
    0xBD11, 0xB36D, 0xB1E8, 0xB1A8, 0xB1E8, 0xB9C8, 0xB1E8, 0xAAEB, 0xA3EE, 0xA3AD, 0xB2AA, 0xB9C8, 0xB9C8, 0xB9E8, 0xBA09, 0xB9E9,
    0xB9E8, 0xB9E9, 0xB9E9, 0xB9E8, 0xB9E9, 0xB9E9, 0xB9E9, 0xC1E9, 0xC1E9, 0xC1E9, 0xC1E9, 0xC1E9, 0xC1C9, 0xC1E9, 0xC1C9, 0xC1C9,
    0xC1C9, 0xC1E9, 0xC188, 0xCB2C, 0xDEB6, 0xD655, 0xC26B, 0xC188, 0xC1C9, 0xC1A9, 0xC1A8, 0xC1A8, 0xC1A8, 0xC1A9, 0xC1A8, 0xC188,
    0xC188, 0xC188, 0xC188, 0xC1A9, 0xC148, 0xCAAB, 0xDED7, 0xD4F2, 0xB8A6, 0xCBEF, 0xDED7, 0xD532, 0xC148, 0xC148, 0xC148, 0xC148,
    0xC148, 0xB948, 0xB948, 0xB948, 0xB948, 0xB927, 0xB9A9, 0xDDF4, 0xE6D7, 0xCC0F, 0xC2AC, 0xE6D7, 0xD5B4, 0xB168, 0xB107, 0xB127,
    0xA927, 0xA927, 0xA927, 0xA927, 0xA927, 0xA0C6, 0xBB0C, 0xDE96, 0xDE96, 0xD593, 0xC490, 0xCD73, 0xDEB6, 0xDE96, 0xBB8E, 0x98A6,
    0x9907, 0x98E6, 0x98E6, 0x98E6, 0x90E6, 0x90E6, 0x90E6, 0x90E6, 0x90E6, 0x90E6, 0x88E6, 0x88C6, 0x88C6, 0x88C6, 0x88C6, 0x88C6,
    0x80C6, 0x80C6, 0x80C6, 0x80C6, 0x80C6, 0x80C6, 0x78A5, 0x7864, 0x7864, 0x8167, 0x8AEB, 0x93CD, 0x8A8A, 0x70C5, 0x7044, 0x70A5,
    0x6864, 0x6844, 0x8209, 0xB4B0, 0xC5B3, 0xBD92, 0xBDB3, 0xB511, 0x8AAA, 0x6084, 0x5823, 0x6084, 0x5884, 0x5864, 0x5884, 0x5843,
    0x5843, 0x61A7, 0x6AA9, 0x5946, 0x5023, 0x5043, 0x5064, 0x5063, 0x99A7, 0xA1A7, 0xA1A7, 0x8269, 0x72CA, 0x9228, 0xA9A7, 0xA1C7,
    0xA1C8, 0xA1C8, 0xA9E8, 0xA9C8, 0xA987, 0xAA6A, 0xB46F, 0xBD92, 0xBD72, 0xBD93, 0xBD52, 0xB38D, 0xB209, 0xB1C8, 0xB208, 0xB9C8,
    0xB1E8, 0xAAEB, 0xA3EE, 0xA3AD, 0xB28A, 0xB9C8, 0xB9C8, 0xBA09, 0xBA09, 0xBA09, 0xBA09, 0xBA09, 0xB9E9, 0xBA09, 0xB9E9, 0xB9E9,
    0xC1E9, 0xC1E9, 0xC1E9, 0xC1E9, 0xC209, 0xC1E9, 0xC1C8, 0xC1E9, 0xC1E9, 0xC1E9, 0xC1E9, 0xC1E9, 0xC1E9, 0xC1E9, 0xC1A8, 0xC209,
    0xD5D4, 0xDE76, 0xCB6D, 0xC168, 0xC1C9, 0xC1A9, 0xC1A9, 0xC1A9, 0xC1A9, 0xC1A9, 0xC1A8, 0xC1A8, 0xC1A8, 0xC189, 0xC188, 0xC1A9,
    0xC128, 0xD3EF, 0xE6F7, 0xCBAE, 0xC168, 0xCACC, 0xDE15, 0xDEB6, 0xCB0D, 0xC107, 0xC168, 0xC148, 0xC148, 0xC148, 0xB948, 0xB948,
    0xB948, 0xB948, 0xB8E7, 0xD4B1, 0xE6D7, 0xDDD4, 0xDDB4, 0xE6D7, 0xC36E, 0xB0C7, 0xB148, 0xB127, 0xB127, 0xB127, 0xA927, 0xA927,
    0xA927, 0xA907, 0xD573, 0xDEB6, 0xCCB1, 0xA107, 0xA0C6, 0xA0E7, 0xBB6D, 0xDE55, 0xDE55, 0xAA09, 0x98C6, 0x9907, 0x98E6, 0x98E6,
    0x98E6, 0x90E6, 0x90E6, 0x90E6, 0x90C6, 0x8885, 0x88C6, 0x90E6, 0x88E6, 0x88E6, 0x88C6, 0x88C6, 0x88C6, 0x80C6, 0x80C6, 0x80C6,
    0x80C6, 0x80C5, 0x80C5, 0x78C5, 0x78C5, 0x7885, 0x7044, 0x7926, 0x8AEB, 0x93CD, 0x8A8A, 0x70C5, 0x6844, 0x70A5, 0x6864, 0x6884,
    0x8A49, 0xB4F1, 0xC5B3, 0xBD72, 0xBD93, 0xAC90, 0x79C8, 0x5823, 0x5844, 0x6084, 0x5864, 0x5864, 0x5864, 0x5023, 0x58C5, 0x6269,
    0x6228, 0x5084, 0x5023, 0x5064, 0xA187, 0x99E8, 0x7ACA, 0x8289, 0xA1C7, 0xA9A7, 0xA1E8, 0xA1C8, 0xA9E8, 0xA9E8, 0xA9A7, 0xAA08,
    0xB3CD, 0xBD52, 0xBD72, 0xBD92, 0xBD72, 0xBC0E, 0xB249, 0xB1C8, 0xB208, 0xB9E8, 0xB1E8, 0xAAEB, 0xA3EE, 0xA3AD, 0xB28A, 0xB9C8,
    0xB9E8, 0xBA09, 0xBA09, 0xBA09, 0xBA09, 0xBA09, 0xBA09, 0xBA09, 0xBA09, 0xC209, 0xC209, 0xC209, 0xC209, 0xC209, 0xC209, 0xC1E8,
    0xC1A8, 0xC1C8, 0xC2CB, 0xC209, 0xC1E9, 0xC1E9, 0xC1E9, 0xC1E9, 0xC1E9, 0xC1E9, 0xC1E9, 0xC1C8, 0xD532, 0xDED7, 0xD450, 0xC168,
    0xC1E9, 0xC1C9, 0xC1C9, 0xC1C9, 0xC1A8, 0xC1A9, 0xC1A9, 0xC1A9, 0xC1A9, 0xC1A9, 0xC1A9, 0xC188, 0xC188, 0xDD93, 0xE6B6, 0xDE55,
    0xDE56, 0xDE76, 0xDE56, 0xE696, 0xDD53, 0xC128, 0xC168, 0xC148, 0xC148, 0xC148, 0xC148, 0xC148, 0xC148, 0xB968, 0xB8E7, 0xC2EC,
    0xE696, 0xDE55, 0xE696, 0xDDF4, 0xB968, 0xB127, 0xB128, 0xB128, 0xB128, 0xB127, 0xB127, 0xA928, 0xA8E7, 0xB1A9, 0xDE15, 0xDE96,
    0xB24A, 0xA0C6, 0xA947, 0xA107, 0xA0C6, 0xCD32, 0xE6D7, 0xBB8E, 0x9886, 0x9907, 0x98E7, 0x98E7, 0x98E7, 0x98E6, 0x98E7, 0x90C6,
    0x9968, 0xAAAB, 0x9107, 0x8865, 0x8885, 0x88C6, 0x88E6, 0x88C6, 0x88C6, 0x88C6, 0x80C6, 0x80C6, 0x80C6, 0x80C5, 0x80C5, 0x80A5,
    0x78A5, 0x78C5, 0x78C5, 0x7885, 0x7044, 0x7906, 0x8AEB, 0x93CD, 0x828A, 0x70A5, 0x6844, 0x6885, 0x6044, 0x68A5, 0x930B, 0xBD52,
    0xBD93, 0xBD92, 0xBD92, 0x9BAD, 0x6906, 0x5803, 0x5884, 0x5884, 0x5864, 0x5884, 0x5043, 0x5023, 0x61A7, 0x6AA9, 0x5925, 0x5023,
    0x8A49, 0x72EA, 0x9228, 0xA9A7, 0xA1C7, 0xA1E8, 0xA9E8, 0xA9E8, 0xA9C8, 0xA9A7, 0xB30B, 0xBCF1, 0xBD93, 0xBD72, 0xBD93, 0xBCB0,
    0xB2AA, 0xB1C8, 0xB1E8, 0xBA08, 0xB9E8, 0xAACA, 0xA40E, 0xA3CD, 0xB28A, 0xB9C8, 0xB9E8, 0xBA09, 0xBA09, 0xBA09, 0xBA09, 0xBA09,
    0xBA09, 0xC209, 0xC209, 0xC209, 0xC209, 0xC209, 0xC209, 0xC209, 0xC209, 0xC1C8, 0xC1C8, 0xC26A, 0xCB8D, 0xD512, 0xD676, 0xCB0C,
    0xC1A8, 0xC209, 0xC1E9, 0xC1E9, 0xC1E9, 0xC1E9, 0xC1E9, 0xC188, 0xD470, 0xDED7, 0xD552, 0xC1C9, 0xC1A9, 0xC188, 0xC168, 0xC168,
    0xCA0A, 0xC9C9, 0xC1A9, 0xC1A9, 0xC9A9, 0xC9A9, 0xC1A9, 0xC168, 0xCA4B, 0xE696, 0xDDF4, 0xCB2D, 0xCAEC, 0xCA4A, 0xCB0D, 0xE696,
    0xE738, 0xD36E, 0xC108, 0xC168, 0xC148, 0xC148, 0xC148, 0xC148, 0xC148, 0xC148, 0xB928, 0xC168, 0xDE15, 0xE6F7, 0xE6F7, 0xCB8E,
    0xB0C7, 0xB948, 0xB128, 0xB128, 0xB128, 0xB128, 0xB127, 0xB128, 0xA907, 0xB189, 0xDE15, 0xE6B6, 0xBAEC, 0xA086, 0xA927, 0xA107,
    0xA0C6, 0xD532, 0xE6D7, 0xBBAE, 0x98A6, 0xA107, 0x98E7, 0x98E7, 0x98E7, 0x98E6, 0x9907, 0x90A6, 0xA22A, 0xDE96, 0xCD93, 0xB3EF,
    0xA20A, 0x88C6, 0x8865, 0x88C6, 0x88C6, 0x88C6, 0x88C6, 0x80C6, 0x80C6, 0x80C6, 0x80C5, 0x80A5, 0x78A5, 0x78A5, 0x78A5, 0x78A5,
    0x78C5, 0x7085, 0x7044, 0x7906, 0x8AEB, 0x93CD, 0x8249, 0x6864, 0x6864, 0x6885, 0x6044, 0x7106, 0xA3CD, 0xC593, 0xBD93, 0xBD93,
    0xB532, 0x8AAA, 0x5844, 0x5843, 0x5884, 0x5864, 0x5864, 0x5864, 0x5023, 0x58C5, 0x6A89, 0x61E8, 0x7AA9, 0xA1E7, 0xA9C7, 0xA1E8,
    0xA9E8, 0xA9E8, 0xA9E8, 0xA9A7, 0xAA29, 0xB40E, 0xBD72, 0xBD72, 0xBD93, 0xBD31, 0xBB4C, 0xB1E8, 0xB1E8, 0xB208, 0xB9E8, 0xB28A,
    0xA3ED, 0xA3CD, 0xB28A, 0xB9E8, 0xB9E8, 0xBA29, 0xBA29, 0xBA29, 0xBA29, 0xBA29, 0xC229, 0xC229, 0xC209, 0xC229, 0xC229, 0xC209,
    0xC209, 0xC209, 0xC209, 0xC1E9, 0xC229, 0xCB4D, 0xD4B1, 0xD614, 0xDED6, 0xDEB6, 0xD5D4, 0xCBAE, 0xC1C8, 0xCA09, 0xC9E9, 0xC9E9,
    0xC9E9, 0xC9E9, 0xCA09, 0xC9A8, 0xD38D, 0xDEB6, 0xDE15, 0xCA2A, 0xCA0A, 0xCAEC, 0xD3CE, 0xDCF2, 0xDD93, 0xC9E9, 0xC9A9, 0xC9A9,
    0xC9A9, 0xC9A9, 0xC9C9, 0xC148, 0xD3EF, 0xE738, 0xDCD1, 0xC0E7, 0xC148, 0xC148, 0xC168, 0xD450, 0xDCD1, 0xD3AF, 0xC168, 0xC168,
    0xC168, 0xC148, 0xC148, 0xC148, 0xC148, 0xC148, 0xC148, 0xB948, 0xCBCF, 0xD4D2, 0xD512, 0xC1C9, 0xB907, 0xB948, 0xB928, 0xB928,
    0xB128, 0xB128, 0xB128, 0xB127, 0xB128, 0xA8E6, 0xCC91, 0xE717, 0xDDD4, 0xBA6B, 0xA927, 0xA927, 0xC38E, 0xDE75, 0xE6B6, 0xB26B,
    0x98C6, 0xA107, 0x9907, 0x9907, 0x98E7, 0x98E7, 0x9907, 0x9085, 0xBC0F, 0xDE96, 0xDE75, 0xE6F7, 0xDEB6, 0xCD52, 0xB36D, 0x9107,
    0x88A6, 0x88E6, 0x88C6, 0x88C6, 0x80C6, 0x80C6, 0x80C6, 0x80C6, 0x80A5, 0x80A5, 0x78A5, 0x78A5, 0x78A5, 0x78A5, 0x78C5, 0x7085,
    0x7044, 0x7906, 0x8AEB, 0x93CD, 0x79C8, 0x6844, 0x6864, 0x6884, 0x6044, 0x79C8, 0xAC90, 0xC5B3, 0xBD72, 0xC5B3, 0xA42F, 0x6946,
    0x5003, 0x5864, 0x5884, 0x5864, 0x5864, 0x5043, 0x5043, 0x61E7, 0xA9A7, 0xA1C8, 0xA1E8, 0xA9E8, 0xA9E8, 0xA9C8, 0xA9C7, 0xB34C,
    0xBD31, 0xBD72, 0xBD72, 0xBD92, 0xBC0E, 0xB229, 0xB1C8, 0xB209, 0xB9E8, 0xB249, 0xA38D, 0xA3EE, 0xB2CB, 0xBA08, 0xBA08, 0xBA29,
    0xBA29, 0xBA29, 0xBA29, 0xBA29, 0xC229, 0xC229, 0xC229, 0xC229, 0xC229, 0xC229, 0xC229, 0xC229, 0xC229, 0xC229, 0xC209, 0xCBAE,
    0xD5D4, 0xD655, 0xDE96, 0xDE15, 0xD490, 0xCAEC, 0xC9E9, 0xCA09, 0xCA09, 0xCA09, 0xCA09, 0xCA09, 0xCA09, 0xC9E9, 0xCA09, 0xC9C8,
    0xCAAB, 0xDE75, 0xDE55, 0xDDB4, 0xDE55, 0xE6F7, 0xE738, 0xE717, 0xE676, 0xCAAB, 0xC988, 0xC9C9, 0xC9A9, 0xC9A9, 0xC9A9, 0xC9A9,
    0xCA8B, 0xCA8B, 0xCA0A, 0xC9A9, 0xC9A9, 0xC989, 0xC989, 0xC948, 0xC107, 0xC928, 0xC968, 0xC168, 0xC168, 0xC168, 0xC148, 0xC148,
    0xC148, 0xC148, 0xC148, 0xC148, 0xB907, 0xB8E7, 0xB907, 0xB948, 0xB948, 0xB928, 0xB928, 0xB928, 0xB928, 0xB128, 0xB128, 0xB128,
    0xB128, 0xB107, 0xB168, 0xD573, 0xE717, 0xE6D7, 0xDDF4, 0xDDF4, 0xE6D7, 0xE717, 0xCCB1, 0xA0E7, 0xA107, 0xA107, 0xA107, 0xA107,
    0x98E7, 0x98E7, 0x98E6, 0x9927, 0xD5B4, 0xDEB6, 0xBB8E, 0xAA8B, 0xCD32, 0xDE76, 0xDEB6, 0xCD32, 0x9127, 0x88C6, 0x88C6, 0x88C6,
    0x88C6, 0x80C6, 0x80C6, 0x80C6, 0x80C5, 0x80C5, 0x78A5, 0x78A5, 0x78A5, 0x78A5, 0x78A5, 0x78A5, 0x70A5, 0x7065, 0x7044, 0x7967,
    0x934C, 0x936C, 0x7126, 0x6844, 0x6885, 0x6044, 0x6064, 0x92CB, 0xBD52, 0xC593, 0xBD92, 0xBD52, 0x8B0B, 0x5864, 0x5823, 0x5884,
    0x5864, 0x5864, 0x5064, 0x5023, 0xA1E8, 0xA1E8, 0xA9E8, 0xAA08, 0xA9A7, 0xAA28, 0xB42F, 0xBD93, 0xBD72, 0xBD93, 0xBCF1, 0xB2CB,
    0xB1E8, 0xB208, 0xBA08, 0xBA08, 0xAB2C, 0xA40E, 0xAB2B, 0xBA09, 0xB9E8, 0xBA29, 0xBA29, 0xBA29, 0xBA29, 0xC229, 0xC229, 0xC229,
    0xC229, 0xC229, 0xC229, 0xC229, 0xC229, 0xC229, 0xC229, 0xC229, 0xC229, 0xCA29, 0xC1E9, 0xCB0C, 0xDE55, 0xDE55, 0xD490, 0xC9E9,
    0xC9C8, 0xCB0C, 0xD3AE, 0xC9E9, 0xCA09, 0xCA09, 0xCA09, 0xCA09, 0xCA09, 0xCA09, 0xCA09, 0xC9E9, 0xCA09, 0xDE35, 0xE6F7, 0xE696,
    0xDE15, 0xDD12, 0xD40F, 0xD30C, 0xD26B, 0xCA2A, 0xC9C9, 0xC9C9, 0xC9A9, 0xC9A9, 0xC9A9, 0xC9A9, 0xC968, 0xC968, 0xC988, 0xC989,
    0xC989, 0xC989, 0xC989, 0xC989, 0xC989, 0xC989, 0xC969, 0xC968, 0xC968, 0xC968, 0xC948, 0xC148, 0xC148, 0xC148, 0xC148, 0xC148,
    0xC148, 0xC168, 0xC148, 0xB948, 0xB948, 0xB948, 0xB928, 0xB928, 0xB928, 0xB928, 0xB128, 0xB128, 0xB128, 0xB128, 0xB107, 0xB128,
    0xC36E, 0xD553, 0xDE35, 0xE655, 0xDDD4, 0xC3EF, 0xA927, 0xA0E7, 0xA107, 0xA107, 0xA107, 0xA107, 0x98E7, 0xA107, 0x98A6, 0xB2AB,
    0xDE96, 0xDE76, 0xBB8E, 0x90E6, 0x8845, 0xA20A, 0xD5F4, 0xDEB6, 0xAAEC, 0x8865, 0x88E6, 0x88C6, 0x88C6, 0x88C6, 0x80C6, 0x80C6,
    0x80C6, 0x80C6, 0x80C5, 0x78A5, 0x78A5, 0x78A5, 0x78A5, 0x78A5, 0x78A5, 0x70A5, 0x70A5, 0x7064, 0x6864, 0x79C8, 0x93AD, 0x8AEB,
    0x68A5, 0x6844, 0x6885, 0x6023, 0x7126, 0xA40E, 0xC5B3, 0xBD72, 0xC5B3, 0xAC4F, 0x6926, 0x5003, 0x5864, 0x5864, 0x5864, 0x5864,
    0xA9E8, 0xA9E8, 0xA9E8, 0xA9A7, 0xB2EB, 0xBD11, 0xBD72, 0xBD72, 0xBD92, 0xBBEE, 0xB208, 0xB1E8, 0xB229, 0xB9E8, 0xB2AA, 0xA40E,
    0xABAD, 0xBA49, 0xB9E8, 0xBA29, 0xBA49, 0xBA29, 0xC229, 0xC229, 0xC229, 0xC229, 0xC229, 0xC249, 0xC229, 0xC249, 0xC249, 0xC249,
    0xC229, 0xCA49, 0xCA29, 0xCA29, 0xCA29, 0xCA29, 0xCA29, 0xCA09, 0xD532, 0xDEB6, 0xD532, 0xD3CE, 0xDDB3, 0xDEF7, 0xDE35, 0xCA4A,
    0xCA09, 0xCA29, 0xCA09, 0xCA09, 0xCA09, 0xCA09, 0xCA09, 0xC9E9, 0xCA2A, 0xDC2F, 0xD3AE, 0xD28B, 0xC9E9, 0xC9A8, 0xC988, 0xC988,
    0xC9A9, 0xC9C9, 0xC9C9, 0xC9C9, 0xC9C9, 0xC9C9, 0xC9C9, 0xC9A9, 0xC9C9, 0xC9A9, 0xC9A9, 0xC9A9, 0xC989, 0xC989, 0xC989, 0xC989,
    0xC989, 0xC989, 0xC969, 0xC969, 0xC969, 0xC969, 0xC969, 0xC948, 0xC948, 0xC148, 0xC148, 0xC148, 0xC148, 0xC148, 0xC148, 0xC148,
    0xC148, 0xB948, 0xB948, 0xB948, 0xB948, 0xB948, 0xB928, 0xB128, 0xB128, 0xB128, 0xB128, 0xB107, 0xA8C6, 0xA8E7, 0xB168, 0xB1A9,
    0xA948, 0xA0A6, 0xA907, 0xA907, 0xA107, 0xA107, 0xA107, 0xA107, 0xA107, 0xA107, 0x98A6, 0xCC91, 0xE6B6, 0xDE55, 0xE6F7, 0xDE55,
    0xC470, 0xBBCE, 0xDE15, 0xDE96, 0xA28B, 0x8885, 0x88E6, 0x88C6, 0x88C6, 0x88C6, 0x88C6, 0x80C6, 0x80C6, 0x80C6, 0x80C6, 0x80A5,
    0x78A5, 0x78A5, 0x78A5, 0x78A5, 0x78A5, 0x78A5, 0x70A5, 0x70A5, 0x70A5, 0x6844, 0x7085, 0x828A, 0x93CD, 0x7A09, 0x6044, 0x6864,
    0x6064, 0x6044, 0x8A8A, 0xBD52, 0xC593, 0xBD72, 0xBD52, 0x828A, 0x5023, 0x5044, 0x5884, 0x5864, 0xAA08, 0xA9C7, 0xA9E8, 0xB3EE,
    0xBD72, 0xBD72, 0xBD93, 0xBCF1, 0xB2CB, 0xB1E8, 0xB229, 0xBA08, 0xB229, 0xA3AD, 0xA3EE, 0xB2AA, 0xB9E8, 0xBA29, 0xBA49, 0xBA29,
    0xC249, 0xC249, 0xC249, 0xC249, 0xC249, 0xC249, 0xC249, 0xC249, 0xC249, 0xC249, 0xCA49, 0xCA49, 0xCA49, 0xCA49, 0xCA49, 0xCA49,
    0xCA49, 0xCA29, 0xCA4A, 0xC9E9, 0xD3EE, 0xDE96, 0xDE55, 0xDED7, 0xDEB6, 0xDD73, 0xD42F, 0xD2AB, 0xCA09, 0xCA2A, 0xCA29, 0xCA09,
    0xCA09, 0xCA09, 0xCA09, 0xCA09, 0xD209, 0xC9C9, 0xC9A8, 0xC9C9, 0xC9E9, 0xC9E9, 0xD209, 0xD1E9, 0xC9E9, 0xC9E9, 0xC9C9, 0xC9C9,
    0xC9C9, 0xC9C9, 0xC9C9, 0xC9A9, 0xC9A9, 0xC9A9, 0xC9A9, 0xC9A9, 0xC9A9, 0xC989, 0xC989, 0xC989, 0xC989, 0xC989, 0xC969, 0xC969,
    0xC969, 0xC969, 0xC969, 0xC968, 0xC968, 0xC968, 0xC948, 0xC148, 0xC148, 0xC148, 0xC148, 0xC148, 0xC148, 0xC148, 0xB948, 0xB948,
    0xB948, 0xB948, 0xB928, 0xB928, 0xB928, 0xB128, 0xB128, 0xB128, 0xB148, 0xB128, 0xA907, 0xA907, 0xA907, 0xA927, 0xA927, 0xA907,
    0xA907, 0xA107, 0xA107, 0xA107, 0xA107, 0xA0C6, 0xA148, 0xDE15, 0xE6D7, 0xBBAE, 0xB2CC, 0xDE55, 0xE6B6, 0xE6F7, 0xE6D7, 0xCD32,
    0x90E6, 0x90C6, 0x88E6, 0x88C6, 0x88C6, 0x88C6, 0x88C6, 0x80C6, 0x80C6, 0x80C6, 0x80C6, 0x80A6, 0x80A5, 0x78A5, 0x78A5, 0x78A5,
    0x78A5, 0x78A5, 0x70A5, 0x70A5, 0x70A5, 0x70A5, 0x7085, 0x6824, 0x7106, 0x8B4C, 0x8B6C, 0x7106, 0x6024, 0x68A5, 0x5823, 0x6906,
    0xA40F, 0xC5B3, 0xBD72, 0xBD93, 0x9BEE, 0x60C5, 0x5023, 0x5884, 0xA9A7, 0xAA69, 0xB4B0, 0xBD92, 0xBD72, 0xBD93, 0xBBEE, 0xB208,
    0xB1E8, 0xB229, 0xB9E8, 0xB2EB, 0xA40E, 0xAB4C, 0xBA28, 0xBA09, 0xBA49, 0xBA49, 0xC249, 0xC249, 0xC249, 0xC249, 0xC249, 0xC249,
    0xC249, 0xC249, 0xC249, 0xC249, 0xCA49, 0xCA49, 0xCA49, 0xCA49, 0xCA49, 0xCA49, 0xCA49, 0xCA49, 0xCA4A, 0xCA4A, 0xCA4A, 0xCA29,
    0xCAAB, 0xDE35, 0xDE96, 0xDD53, 0xD2EC, 0xCA29, 0xC9E9, 0xD229, 0xD229, 0xD229, 0xD22A, 0xD229, 0xD229, 0xD229, 0xD209, 0xD209,
    0xD209, 0xD20A, 0xD22A, 0xD209, 0xD209, 0xD1E9, 0xD1E9, 0xD1E9, 0xD1E9, 0xD1E9, 0xD1E9, 0xD1C9, 0xD1C9, 0xD1C9, 0xD1C9, 0xD1C9,
    0xD1C9, 0xD1C9, 0xD1A9, 0xD1A9, 0xD1A9, 0xC9A9, 0xC989, 0xC989, 0xC989, 0xC989, 0xC989, 0xC989, 0xC969, 0xC969, 0xC969, 0xC969,
    0xC969, 0xC969, 0xC948, 0xC948, 0xC148, 0xC148, 0xC148, 0xC148, 0xC148, 0xC148, 0xC148, 0xC148, 0xB948, 0xB948, 0xB928, 0xB928,
    0xB928, 0xB928, 0xB128, 0xB128, 0xB128, 0xB128, 0xB128, 0xB128, 0xA927, 0xA907, 0xA907, 0xA907, 0xA907, 0xA907, 0xA107, 0xA107,
    0xA107, 0x98A6, 0xC3AE, 0xEF58, 0xDE55, 0xA188, 0x9025, 0xCCD1, 0xE6D7, 0xC470, 0xAACC, 0x9927, 0x90C6, 0x90E6, 0x90C6, 0x88C6,
    0x88C6, 0x88C6, 0x88C6, 0x88C6, 0x80C6, 0x80C6, 0x80C6, 0x80A6, 0x80A5, 0x80A5, 0x78A5, 0x78A5, 0x78A5, 0x78A5, 0x78A5, 0x70A5,
    0x70A5, 0x70A5, 0x70A5, 0x70A5, 0x6864, 0x6824, 0x79E8, 0x93CD, 0x8269, 0x6044, 0x6064, 0x6064, 0x5844, 0x8A8A, 0xBD72, 0xBD92,
    0xBD93, 0xB4F1, 0x71A7, 0x5003, 0xB32B, 0xBD32, 0xBD72, 0xBD93, 0xBD31, 0xB30B, 0xB1E8, 0xB229, 0xBA08, 0xBA49, 0xA3AD, 0xA3EE,
    0xBA8A, 0xC208, 0xBA49, 0xBA49, 0xC249, 0xC249, 0xC249, 0xC249, 0xC249, 0xC249, 0xC249, 0xC249, 0xC249, 0xC269, 0xC249, 0xCA49,
    0xCA4A, 0xCA69, 0xCA49, 0xCA4A, 0xCA6A, 0xCA49, 0xCA4A, 0xCA4A, 0xCA4A, 0xCA4A, 0xCA4A, 0xD24A, 0xCA09, 0xDD12, 0xE6D7, 0xDD73,
    0xC9E9, 0xD22A, 0xD24A, 0xD22A, 0xD22A, 0xD22A, 0xD22A, 0xD22A, 0xD22A, 0xD22A, 0xD20A, 0xD20A, 0xD209, 0xD209, 0xD209, 0xD209,
    0xD209, 0xD209, 0xD1E9, 0xD1E9, 0xD1E9, 0xD1E9, 0xD1E9, 0xD1C9, 0xD1C9, 0xD1C9, 0xD1C9, 0xD1C9, 0xD1C9, 0xD1C9, 0xD1A9, 0xD1A9,
    0xD1A9, 0xD1A9, 0xD1A9, 0xD1A9, 0xC989, 0xC989, 0xC989, 0xC989, 0xC989, 0xC969, 0xC969, 0xC969, 0xC969, 0xC969, 0xC969, 0xC948,
    0xC948, 0xC948, 0xC148, 0xC148, 0xC148, 0xC148, 0xC148, 0xC148, 0xC148, 0xB948, 0xB928, 0xB928, 0xB928, 0xB928, 0xB928, 0xB928,
    0xB128, 0xB128, 0xB128, 0xB127, 0xB127, 0xB107, 0xA907, 0xA907, 0xA907, 0xA907, 0xA907, 0xA907, 0xA107, 0xA107, 0xB26B, 0xCCB1,
    0xCCF2, 0x9907, 0x98A6, 0xB32D, 0xEF38, 0xBB8E, 0x8824, 0x90E6, 0x90E6, 0x90E6, 0x90E6, 0x88C6, 0x88C6, 0x88C6, 0x88C6, 0x88C6,
    0x88C6, 0x88C6, 0x80C6, 0x80C6, 0x80A6, 0x80A5, 0x78A5, 0x78A5, 0x78A5, 0x78A5, 0x78A5, 0x78A5, 0x70A5, 0x70A5, 0x70A5, 0x7085,
    0x70A5, 0x70A5, 0x6844, 0x68A5, 0x8B2B, 0x938D, 0x6906, 0x6023, 0x60A5, 0x5823, 0x7146, 0xAC90, 0xC5B3, 0xBD72, 0xBD72, 0x8ACB,
    0xBD92, 0xBD72, 0xBD93, 0xBC90, 0xB269, 0xB1E8, 0xB249, 0xB9E8, 0xB2EB, 0xA40E, 0xAB4C, 0xBA28, 0xC229, 0xBA49, 0xC249, 0xC249,
    0xC249, 0xC249, 0xC249, 0xC249, 0xC269, 0xC269, 0xC269, 0xCA69, 0xCA69, 0xCA69, 0xCA69, 0xCA6A, 0xCA6A, 0xCA6A, 0xCA6A, 0xCA6A,
    0xCA6A, 0xCA6A, 0xCA6A, 0xCA6A, 0xD24A, 0xD24A, 0xD24A, 0xD26A, 0xD209, 0xD3AE, 0xE6B7, 0xE6F7, 0xDBAE, 0xD209, 0xD24A, 0xD24A,
    0xD22A, 0xD22A, 0xD22A, 0xD22A, 0xD22A, 0xD22A, 0xD22A, 0xD22A, 0xD20A, 0xD20A, 0xD20A, 0xD20A, 0xD209, 0xD209, 0xD209, 0xD1E9,
    0xD1E9, 0xD1E9, 0xD1E9, 0xD1E9, 0xD1E9, 0xD1C9, 0xD1C9, 0xD1C9, 0xD1C9, 0xD1C9, 0xD1A9, 0xD1A9, 0xD1A9, 0xD1A9, 0xD1A9, 0xD1A9,
    0xD189, 0xD189, 0xD189, 0xD189, 0xD189, 0xD169, 0xC969, 0xC969, 0xC969, 0xC969, 0xC969, 0xC969, 0xC948, 0xC948, 0xC948, 0xC148,
    0xC148, 0xC148, 0xC148, 0xC148, 0xC148, 0xC148, 0xB948, 0xB928, 0xB928, 0xB928, 0xB928, 0xB928, 0xB928, 0xB128, 0xB128, 0xB128,
    0xB128, 0xB127, 0xA907, 0xA907, 0xA907, 0xA907, 0xA907, 0xA907, 0xA107, 0xA107, 0xA0A6, 0x98A6, 0xA148, 0xA127, 0x98A6, 0xB28B,
    0xEF58, 0xDDD4, 0x98E6, 0x98E6, 0x90E6, 0x90E6, 0x90E6, 0x90E6, 0x90C6, 0x88C6, 0x88C6, 0x88C6, 0x88C6, 0x88C6, 0x80C6, 0x80C6,
    0x80A6, 0x80A6, 0x80A6, 0x78A5, 0x78A5, 0x78A5, 0x78A5, 0x78A5, 0x70A5, 0x70A5, 0x70A5, 0x7085, 0x7085, 0x7085, 0x68A5, 0x6885,
    0x6024, 0x79C8, 0x93CD, 0x7A49, 0x6024, 0x6084, 0x5844, 0x6064, 0x936D, 0xC5B3, 0xBD72, 0xC5B3, 0xBD72, 0xBD93, 0xBBCD, 0xB208,
    0xB228, 0xBA29, 0xBA29, 0xAB8C, 0xA3EE, 0xBA8A, 0xC208, 0xBA49, 0xC249, 0xC249, 0xC249, 0xC269, 0xC269, 0xC269, 0xC269, 0xC269,
    0xCA69, 0xCA69, 0xCA6A, 0xCA6A, 0xCA6A, 0xCA6A, 0xCA6A, 0xCA6A, 0xCA6A, 0xCA6A, 0xCA6A, 0xCA6A, 0xD26A, 0xD26A, 0xD26A, 0xD26A,
    0xD26A, 0xD26A, 0xD26A, 0xD26A, 0xD24A, 0xD2AB, 0xE5F4, 0xDD32, 0xD34D, 0xD24A, 0xD24A, 0xD24A, 0xD24A, 0xD24A, 0xD22A, 0xD22A,
    0xD22A, 0xD22A, 0xD22A, 0xD22A, 0xD22A, 0xD22A, 0xD20A, 0xD20A, 0xD20A, 0xD20A, 0xD20A, 0xD20A, 0xD209, 0xD1E9, 0xD1E9, 0xD1E9,
    0xD1E9, 0xD1E9, 0xD1C9, 0xD1C9, 0xD1C9, 0xD1C9, 0xD1C9, 0xD1C9, 0xD1A9, 0xD1A9, 0xD1A9, 0xD1A9, 0xD1A9, 0xD189, 0xD189, 0xD189,
    0xD189, 0xD189, 0xD189, 0xD169, 0xD169, 0xD169, 0xC969, 0xC969, 0xC969, 0xC969, 0xC969, 0xC948, 0xC948, 0xC148, 0xC148, 0xC148,
    0xC148, 0xC148, 0xC148, 0xB948, 0xB948, 0xB948, 0xB928, 0xB928, 0xB928, 0xB928, 0xB128, 0xB128, 0xB128, 0xB127, 0xB127, 0xA927,
    0xA907, 0xA907, 0xA907, 0xA907, 0xA907, 0xA107, 0xA107, 0xA107, 0xA0E7, 0xA0E7, 0x98E7, 0xA168, 0xBB4D, 0xD553, 0xA1E9, 0x90A6,
    0x98E7, 0x90E6, 0x90E6, 0x90E6, 0x90C6, 0x88C6, 0x88C6, 0x88C6, 0x88C6, 0x88C6, 0x88C6, 0x80C6, 0x80C6, 0x80C6, 0x80C6, 0x80A6,
    0x80A5, 0x78A5, 0x78A5, 0x78A5, 0x78A5, 0x70A5, 0x70A5, 0x7085, 0x7085, 0x7085, 0x6885, 0x6885, 0x68A5, 0x6024, 0x68A5, 0x8B2C,
    0x8B6C, 0x68C5, 0x6044, 0x6084, 0x5803, 0x8229, 0xBD52, 0xBD92, 0xBD32, 0xB30B, 0xB1E8, 0xB249, 0xBA08, 0xB28A, 0xA40E, 0xAB6C,
    0xC229, 0xC229, 0xBA69, 0xC249, 0xC269, 0xC269, 0xC269, 0xC269, 0xC269, 0xC269, 0xC269, 0xCA69, 0xCA69, 0xCA6A, 0xCA6A, 0xCA6A,
    0xCA6A, 0xCA6A, 0xCA6A, 0xCA6A, 0xCA6A, 0xCA6A, 0xD26A, 0xD26A, 0xD26A, 0xD26A, 0xD26A, 0xD26A, 0xD26A, 0xD26A, 0xD26A, 0xD26A,
    0xD24A, 0xD28A, 0xD2AB, 0xD209, 0xD229, 0xD24A, 0xD24A, 0xD24A, 0xD24A, 0xD24A, 0xD24A, 0xD24A, 0xD22A, 0xD22A, 0xDA2A, 0xD22A,
    0xD22A, 0xDA2A, 0xD22A, 0xD20A, 0xDA0A, 0xD20A, 0xD20A, 0xDA0A, 0xD20A, 0xD1EA, 0xD1EA, 0xD1E9, 0xD1E9, 0xD1E9, 0xD1C9, 0xD1C9,
    0xD1C9, 0xD1C9, 0xD1C9, 0xD1C9, 0xD1C9, 0xD1A9, 0xD1A9, 0xD1A9, 0xD1A9, 0xD189, 0xD189, 0xD189, 0xD189, 0xD189, 0xD189, 0xD169,
    0xD169, 0xD169, 0xC969, 0xC969, 0xC969, 0xC969, 0xC969, 0xC948, 0xC948, 0xC948, 0xC148, 0xC148, 0xC148, 0xC148, 0xC148, 0xB948,
    0xB948, 0xB948, 0xB928, 0xB928, 0xB928, 0xB928, 0xB128, 0xB128, 0xB128, 0xB128, 0xB127, 0xB127, 0xA927, 0xA907, 0xA907, 0xA907,
    0xA907, 0xA907, 0xA107, 0xA107, 0xA107, 0xA0E7, 0xA107, 0x98C6, 0x9885, 0x98E7, 0x9947, 0x98C6, 0x98E6, 0x90E6, 0x90E6, 0x90E6,
    0x90C6, 0x90C6, 0x88C6, 0x88C6, 0x88C6, 0x88C6, 0x88C6, 0x80C6, 0x80C6, 0x80C6, 0x80C6, 0x80A6, 0x80A5, 0x78A5, 0x78A5, 0x78A5,
    0x78A5, 0x78A5, 0x70A5, 0x7085, 0x7085, 0x7085, 0x7085, 0x6885, 0x6885, 0x6885, 0x6864, 0x6023, 0x7A09, 0x93CD, 0x71A7, 0x5803,
    0x6084, 0x5803, 0x6906, 0xAC90, 0xB269, 0xB1E8, 0xBA49, 0xBA08, 0xAB0B, 0xA42E, 0xB2EB, 0xC208, 0xBA49, 0xC269, 0xC269, 0xC269,
    0xC269, 0xC269, 0xC269, 0xC269, 0xCA6A, 0xCA6A, 0xCA6A, 0xCA8A, 0xCA8A, 0xCA8A, 0xCA8A, 0xCA8A, 0xCA8A, 0xCA8A, 0xD28A, 0xD28A,
    0xD28A, 0xD28A, 0xD28A, 0xD28A, 0xD28A, 0xD28A, 0xD28A, 0xD26A, 0xD26A, 0xD26A, 0xD26A, 0xD26A, 0xD26A, 0xD26A, 0xD24A, 0xD26A,
    0xDA6A, 0xDA6A, 0xDA4A, 0xDA4A, 0xDA4A, 0xDA4A, 0xDA4A, 0xDA4A, 0xDA4A, 0xDA4A, 0xDA2A, 0xDA2A, 0xDA2A, 0xDA2A, 0xDA2A, 0xDA2A,
    0xDA2A, 0xDA0A, 0xDA0A, 0xDA0A, 0xDA0A, 0xDA0A, 0xD9EA, 0xD9EA, 0xD9E9, 0xD9EA, 0xD9EA, 0xD9EA, 0xD9C9, 0xD1C9, 0xD1C9, 0xD1C9,
    0xD1C9, 0xD1C9, 0xD1A9, 0xD1A9, 0xD1A9, 0xD1A9, 0xD1A9, 0xD189, 0xD189, 0xD189, 0xD189, 0xD169, 0xD169, 0xD169, 0xD169, 0xD169,
    0xC969, 0xC969, 0xC969, 0xC949, 0xC948, 0xC948, 0xC948, 0xC148, 0xC148, 0xC148, 0xC148, 0xC148, 0xC148, 0xB948, 0xB948, 0xB928,
    0xB928, 0xB928, 0xB928, 0xB128, 0xB128, 0xB128, 0xB128, 0xB128, 0xB128, 0xA907, 0xA907, 0xA907, 0xA907, 0xA907, 0xA107, 0xA107,
    0xA107, 0xA107, 0xA107, 0xA107, 0xA107, 0x98E7, 0x98C6, 0x98E7, 0x98E6, 0x98E6, 0x90E6, 0x90E6, 0x90E6, 0x90C6, 0x90C6, 0x88C6,
    0x88C6, 0x88C6, 0x88C6, 0x88C6, 0x88C6, 0x80C6, 0x80C6, 0x80A6, 0x80A5, 0x80A5, 0x78A5, 0x78A5, 0x78A5, 0x78A5, 0x78A5, 0x70A5,
    0x70A5, 0x7085, 0x7085, 0x7085, 0x6885, 0x6885, 0x6885, 0x68A5, 0x6023, 0x6906, 0x93AD, 0x82AA, 0x5824, 0x6064, 0x5844, 0x5864,
    0xB208, 0xBA29, 0xBA29, 0xABAD, 0xA3ED, 0xBA69, 0xC229, 0xBA69, 0xC269, 0xC269, 0xC269, 0xC269, 0xC269, 0xC269, 0xCA69, 0xCA8A,
    0xCA8A, 0xCA8A, 0xCA8A, 0xCA8A, 0xCA8A, 0xCA8A, 0xCA8A, 0xD28A, 0xD28A, 0xD28A, 0xD28A, 0xD28A, 0xD28A, 0xD28A, 0xD28A, 0xD28A,
    0xD28A, 0xD28A, 0xD28A, 0xD28A, 0xD28A, 0xD26A, 0xD28A, 0xDA8A, 0xDA6A, 0xDA6A, 0xDA6A, 0xDA6A, 0xDA6A, 0xDA6A, 0xDA6A, 0xDA6A,
    0xDA4A, 0xDA4A, 0xDA4A, 0xDA4A, 0xDA4A, 0xDA4A, 0xDA4A, 0xDA2A, 0xDA2A, 0xDA2A, 0xDA2A, 0xDA2A, 0xDA2A, 0xDA2A, 0xDA0A, 0xDA0A,
    0xDA0A, 0xDA0A, 0xDA0A, 0xDA0A, 0xD9EA, 0xD9EA, 0xD9EA, 0xD9EA, 0xD9C9, 0xD9C9, 0xD9C9, 0xD9C9, 0xD9C9, 0xD1C9, 0xD1C9, 0xD1A9,
    0xD1A9, 0xD1A9, 0xD1A9, 0xD189, 0xD189, 0xD189, 0xD189, 0xD189, 0xD169, 0xD169, 0xD169, 0xD169, 0xD169, 0xC969, 0xC969, 0xC949,
    0xC949, 0xC949, 0xC948, 0xC948, 0xC148, 0xC148, 0xC148, 0xC148, 0xC148, 0xC148, 0xB948, 0xB928, 0xB928, 0xB928, 0xB928, 0xB928,
    0xB128, 0xB128, 0xB128, 0xB128, 0xB128, 0xB127, 0xA907, 0xA907, 0xA907, 0xA907, 0xA907, 0xA107, 0xA107, 0xA107, 0xA107, 0xA107,
    0xA0E7, 0x98E7, 0x9907, 0x98E7, 0x98E7, 0x98E6, 0x90E6, 0x90E6, 0x90E6, 0x90C6, 0x90C6, 0x90C6, 0x88C6, 0x88C6, 0x88C6, 0x88C6,
    0x88C6, 0x80C6, 0x80C6, 0x80C6, 0x80A6, 0x80A6, 0x78A5, 0x78A5, 0x78A5, 0x78A5, 0x78A5, 0x78A5, 0x70A5, 0x70A5, 0x7085, 0x7085,
    0x6885, 0x6885, 0x6885, 0x6885, 0x68A5, 0x6044, 0x6064, 0x8AEB, 0x8B6C, 0x60A5, 0x5844, 0x5864, 0xBA28, 0xB269, 0xA40E, 0xAB6C,
    0xC229, 0xC249, 0xC269, 0xC269, 0xC269, 0xC269, 0xC269, 0xC269, 0xC289, 0xCA8A, 0xCA8A, 0xCA8A, 0xCA8A, 0xCA8A, 0xCA8A, 0xCA8A,
    0xCA8A, 0xCA8A, 0xD28A, 0xD28A, 0xD28A, 0xD28A, 0xD28A, 0xD28A, 0xD28A, 0xD28A, 0xD28A, 0xD28A, 0xD28A, 0xD28A, 0xD28A, 0xD28A,
    0xDA8A, 0xD28A, 0xDA8A, 0xDA8A, 0xDA6A, 0xDA8A, 0xDA6A, 0xDA6A, 0xDA6A, 0xDA6A, 0xDA6A, 0xDA6A, 0xDA6A, 0xDA6A, 0xDA4A, 0xDA4A,
    0xDA4A, 0xDA4A, 0xDA4A, 0xDA4A, 0xDA4A, 0xDA2A, 0xDA2A, 0xDA2A, 0xDA2A, 0xDA2A, 0xDA0A, 0xDA0A, 0xDA0A, 0xDA0A, 0xDA0A, 0xDA0A,
    0xD9EA, 0xD9EA, 0xD9EA, 0xD9EA, 0xD9E9, 0xD9E9, 0xD9CA, 0xD9C9, 0xD9C9, 0xD9C9, 0xD9C9, 0xD9A9, 0xD1A9, 0xD1A9, 0xD1A9, 0xD1A9,
    0xD189, 0xD189, 0xD189, 0xD189, 0xD169, 0xD169, 0xD169, 0xD169, 0xD169, 0xD169, 0xD169, 0xC969, 0xC969, 0xC969, 0xC948, 0xC948,
    0xC148, 0xC148, 0xC148, 0xC148, 0xC148, 0xC148, 0xC148, 0xB948, 0xB948, 0xB928, 0xB928, 0xB928, 0xB928, 0xB128, 0xB128, 0xB128,
    0xB128, 0xB127, 0xB107, 0xA907, 0xA907, 0xA907, 0xA907, 0xA907, 0xA907, 0xA107, 0xA107, 0xA107, 0xA107, 0xA0E7, 0x98E7, 0x98E7,
    0x98E7, 0x98E7, 0x98E7, 0x90E6, 0x90E6, 0x90E6, 0x90C6, 0x90C6, 0x90C6, 0x88C6, 0x88C6, 0x88C6, 0x88C6, 0x88C6, 0x80C6, 0x80C6,
    0x80A6, 0x80A6, 0x80A5, 0x78A5, 0x78A5, 0x78A5, 0x78A5, 0x78A5, 0x70A5, 0x70A5, 0x7085, 0x7085, 0x7085, 0x6885, 0x6885, 0x6885,
    0x6885, 0x6885, 0x6084, 0x6003, 0x79E8, 0x93CD, 0x6967, 0x5803, 0xB2CA, 0xA42E, 0xB30B, 0xC228, 0xBA69, 0xC269, 0xC269, 0xC269,
    0xC269, 0xC269, 0xC28A, 0xCA8A, 0xCA8A, 0xCA8A, 0xCA8A, 0xCA8A, 0xCA8A, 0xCA8A, 0xD28A, 0xD2AA, 0xD2AA, 0xD2AA, 0xD2AA, 0xD2AA,
    0xD2AA, 0xD2AA, 0xD2AA, 0xD2AA, 0xD2AA, 0xD2AA, 0xD2AA, 0xD2AA, 0xDAAA, 0xDAAA, 0xDA8A, 0xDA8A, 0xDA8A, 0xDA8A, 0xDA8A, 0xDA8A,
    0xDA8A, 0xDA8A, 0xDA8A, 0xDA8A, 0xDA8A, 0xDA6A, 0xDA6A, 0xDA6A, 0xDA6A, 0xDA6A, 0xDA6A, 0xDA6A, 0xDA4A, 0xDA4A, 0xDA4A, 0xDA4A,
    0xDA4A, 0xDA4A, 0xDA2A, 0xDA2A, 0xDA2A, 0xDA2A, 0xDA2A, 0xDA2A, 0xDA0A, 0xDA0A, 0xDA0A, 0xDA0A, 0xDA0A, 0xDA0A, 0xD9EA, 0xD9EA,
    0xD9EA, 0xD9EA, 0xD9EA, 0xD9CA, 0xD9C9, 0xD9C9, 0xD9C9, 0xD9A9, 0xD9A9, 0xD9A9, 0xD9A9, 0xD9A9, 0xD9A9, 0xD189, 0xD189, 0xD189,
    0xD189, 0xD189, 0xD169, 0xD169, 0xD169, 0xD169, 0xD169, 0xD169, 0xC969, 0xC969, 0xC969, 0xC948, 0xC948, 0xC948, 0xC148, 0xC148,
    0xC148, 0xC148, 0xC148, 0xC148, 0xC148, 0xB948, 0xB928, 0xB928, 0xB928, 0xB928, 0xB128, 0xB128, 0xB128, 0xB127, 0xB127, 0xB107,
    0xA907, 0xA907, 0xA907, 0xA907, 0xA907, 0xA107, 0xA107, 0xA107, 0xA107, 0xA0E7, 0xA0E7, 0x98E7, 0x98E7, 0x98E7, 0x98E7, 0x98E7,
    0x90E6, 0x90E6, 0x90E6, 0x90E6, 0x90C6, 0x90C6, 0x88C6, 0x88C6, 0x88C6, 0x88C6, 0x88C6, 0x80C6, 0x80A6, 0x80A6, 0x80A6, 0x80A6,
    0x78A5, 0x78A5, 0x78A5, 0x78A5, 0x78A5, 0x70A5, 0x70A5, 0x7085, 0x7085, 0x7085, 0x6885, 0x6885, 0x6885, 0x6885, 0x6885, 0x6885,
    0x5823, 0x6906, 0x93CD, 0x7A29, 0xA40E, 0xBAAA, 0xC229, 0xBA69, 0xC269, 0xC269, 0xC269, 0xC269, 0xC26A, 0xC28A, 0xCA8A, 0xCA8A,
    0xCA8A, 0xCA8A, 0xCA8A, 0xCA8A, 0xCA8A, 0xD2AA, 0xD2AA, 0xD2AA, 0xD2AA, 0xD2AA, 0xD2AA, 0xD2AA, 0xD2AA, 0xD2AA, 0xD2AA, 0xD2AA,
    0xD2AA, 0xD2AA, 0xDAAA, 0xDAAA, 0xDAAA, 0xDAAA, 0xDAAA, 0xDAAA, 0xDA8A, 0xDA8A, 0xDA8A, 0xDA8A, 0xDA8A, 0xDA8A, 0xDA8A, 0xDA8A,
    0xDA8A, 0xDA6A, 0xDA6A, 0xDA6A, 0xDA6A, 0xDA6A, 0xDA6A, 0xDA6A, 0xDA6A, 0xDA4A, 0xDA4A, 0xDA4A, 0xDA4A, 0xDA4A, 0xDA4A, 0xDA4A,
    0xDA2A, 0xDA2A, 0xDA2A, 0xDA2A, 0xDA2A, 0xDA0A, 0xDA0A, 0xDA0A, 0xDA0A, 0xDA0A, 0xD9EA, 0xD9EA, 0xD9EA, 0xD9EA, 0xD9EA, 0xD9CA,
    0xD9C9, 0xD9C9, 0xD9C9, 0xD9C9, 0xD9A9, 0xD9A9, 0xD9A9, 0xD9A9, 0xD9A9, 0xD989, 0xD189, 0xD189, 0xD189, 0xD189, 0xD169, 0xD169,
    0xD169, 0xD169, 0xD169, 0xD169, 0xD169, 0xC969, 0xC969, 0xC948, 0xC948, 0xC948, 0xC948, 0xC148, 0xC148, 0xC148, 0xC148, 0xC148,
    0xC148, 0xB948, 0xB928, 0xB928, 0xB928, 0xB928, 0xB928, 0xB128, 0xB128, 0xB128, 0xB128, 0xB107, 0xA907, 0xA907, 0xA907, 0xA907,
    0xA907, 0xA907, 0xA107, 0xA107, 0xA107, 0xA0E7, 0xA0E7, 0x98E7, 0x98E7, 0x98E7, 0x98E7, 0x98E7, 0x98E6, 0x90E6, 0x90E6, 0x90E6,
    0x90C6, 0x90C6, 0x88C6, 0x88C6, 0x88C6, 0x88C6, 0x88C6, 0x80C6, 0x80A6, 0x80A6, 0x80A6, 0x80A6, 0x78A5, 0x78A5, 0x78A5, 0x78A5,
    0x78A5, 0x70A5, 0x70A5, 0x7085, 0x7085, 0x7085, 0x6885, 0x6885, 0x6885, 0x6885, 0x6885, 0x6084, 0x6085, 0x6044, 0x6084, 0x8B4C,
    0xBA49, 0xC249, 0xBA69, 0xC269, 0xC269, 0xC269, 0xC289, 0xC28A, 0xCA8A, 0xCA8A, 0xCA8A, 0xCA8A, 0xCA8A, 0xCAAA, 0xCAAA, 0xD2AA,
    0xD2AA, 0xD2AA, 0xD2AA, 0xD2AA, 0xD2AA, 0xD2AA, 0xD2AA, 0xD2AA, 0xD2AA, 0xD2AA, 0xDAAA, 0xDAAA, 0xDAAA, 0xDAAA, 0xDAAA, 0xDAAA,
    0xDAAA, 0xDAAA, 0xDAAA, 0xDAAA, 0xDAAA, 0xDAAA, 0xDAAA, 0xDAAA, 0xDA8A, 0xDA8A, 0xDA8A, 0xDA8A, 0xDA8A, 0xDA8A, 0xDA8A, 0xDA6A,
    0xDA6A, 0xDA6A, 0xDA6A, 0xDA6A, 0xE26A, 0xDA6A, 0xDA4A, 0xDA4A, 0xDA4A, 0xDA4A, 0xE24A, 0xDA4A, 0xDA2A, 0xDA2A, 0xDA2A, 0xDA2A,
    0xDA2A, 0xDA2A, 0xDA0A, 0xDA0A, 0xDA0A, 0xDA0A, 0xDA0A, 0xD9EA, 0xD9EA, 0xD9EA, 0xD9EA, 0xD9EA, 0xD9EA, 0xD9CA, 0xD9CA, 0xD9CA,
    0xD9C9, 0xD9A9, 0xD9A9, 0xD9A9, 0xD9A9, 0xD9A9, 0xD989, 0xD989, 0xD989, 0xD989, 0xD969, 0xD169, 0xD169, 0xD169, 0xD169, 0xD169,
    0xD169, 0xD169, 0xC969, 0xC969, 0xC949, 0xC949, 0xC948, 0xC948, 0xC148, 0xC148, 0xC148, 0xC148, 0xC148, 0xC148, 0xB928, 0xB928,
    0xB928, 0xB928, 0xB928, 0xB128, 0xB128, 0xB128, 0xB128, 0xB128, 0xB127, 0xA927, 0xA907, 0xA907, 0xA907, 0xA907, 0xA907, 0xA107,
    0xA107, 0xA107, 0xA0E7, 0xA0E7, 0xA0E7, 0x98E7, 0x98E7, 0x98E7, 0x98E6, 0x90E6, 0x90E6, 0x90E6, 0x90C6, 0x90C6, 0x88C6, 0x88C6,
    0x88C6, 0x88C6, 0x88C6, 0x88C6, 0x80C6, 0x80C6, 0x80A6, 0x80A6, 0x80A5, 0x78A5, 0x78A5, 0x78A5, 0x78A5, 0x78A5, 0x70A5, 0x7085,
    0x7085, 0x7085, 0x7085, 0x6885, 0x6885, 0x6885, 0x6885, 0x6884, 0x6084, 0x6085, 0x6064, 0x5823, 0xC249, 0xC269, 0xC269, 0xC269,
    0xC289, 0xC289, 0xC28A, 0xCA8A, 0xCA8A, 0xCA8A, 0xCAAA, 0xCAAA, 0xCAAA, 0xCAAA, 0xCAAA, 0xD2AA, 0xD2AA, 0xD2AA, 0xD2AA, 0xD2AA,
    0xD2CA, 0xD2CA, 0xD2AA, 0xD2CA, 0xD2CA, 0xDACA, 0xDACA, 0xDAAA, 0xDACB, 0xDACA, 0xDAAA, 0xDAAA, 0xDAAA, 0xDAAB, 0xDAAA, 0xDAAB,
    0xDAAB, 0xDAAB, 0xDAAB, 0xDAAB, 0xDAAB, 0xDA8B, 0xDA8A, 0xDA8A, 0xE28B, 0xE28A, 0xE28A, 0xDA8A, 0xE28B, 0xE28A, 0xE26A, 0xE26A,
    0xE26A, 0xE26A, 0xE26A, 0xE26A, 0xE24A, 0xE24A, 0xE24A, 0xE24A, 0xE24A, 0xE24A, 0xDA2A, 0xE22A, 0xE22A, 0xE22A, 0xE22A, 0xE20A,
    0xDA0A, 0xDA0A, 0xDA0A, 0xDA0A, 0xD9EA, 0xD9EA, 0xD9EA, 0xD9EA, 0xD9EA, 0xD9CA, 0xD9CA, 0xD9CA, 0xD9C9, 0xD9C9, 0xD9A9, 0xD9A9,
    0xD9A9, 0xD9A9, 0xD989, 0xD989, 0xD989, 0xD989, 0xD969, 0xD969, 0xD169, 0xD169, 0xD169, 0xD169, 0xD169, 0xD169, 0xD169, 0xC969,
    0xC949, 0xC949, 0xC948, 0xC948, 0xC948, 0xC148, 0xC148, 0xC148, 0xC148, 0xC148, 0xC148, 0xB928, 0xB928, 0xB928, 0xB928, 0xB928,
    0xB928, 0xB128, 0xB128, 0xB128, 0xB127, 0xB127, 0xA907, 0xA907, 0xA907, 0xA907, 0xA907, 0xA907, 0xA107, 0xA107, 0xA0E7, 0xA0E7,
    0xA0E7, 0x98E7, 0x98E7, 0x98E7, 0x98E7, 0x98E6, 0x90E6, 0x90E6, 0x90C6, 0x90C6, 0x90C6, 0x90C6, 0x88C6, 0x88C6, 0x88C6, 0x88C6,
    0x88C6, 0x80C6, 0x80C6, 0x80A6, 0x80A6, 0x78A5, 0x78A5, 0x78A5, 0x78A5, 0x78A5, 0x78A5, 0x7085, 0x7085, 0x7085, 0x7085, 0x6885,
    0x6885, 0x6885, 0x6885, 0x6884, 0x6884, 0x6084, 0x6084, 0x6084, 0xC269, 0xC269, 0xC269, 0xC289, 0xC289, 0xCA8A, 0xCA8A, 0xCA8A,
    0xCAAA, 0xCAAA, 0xCAAA, 0xCAAA, 0xCAAA, 0xD2AA, 0xD2AA, 0xD2AA, 0xD2CA, 0xD2CA, 0xD2CA, 0xD2CA, 0xD2CA, 0xD2CA, 0xDACA, 0xDACA,
    0xDACB, 0xDACA, 0xDACA, 0xDACB, 0xDACB, 0xDACB, 0xDACA, 0xDACB, 0xDACB, 0xDACB, 0xDACB, 0xDAAB, 0xDAAB, 0xE2AB, 0xE2AB, 0xE2AB,
    0xE2AB, 0xE2AB, 0xE2AB, 0xE2AB, 0xE28B, 0xE28B, 0xE28A, 0xE28B, 0xE28B, 0xE28A, 0xE26A, 0xE26A, 0xE26A, 0xE26A, 0xE26A, 0xE26A,
    0xE24A, 0xE24A, 0xE24A, 0xE24A, 0xE24A, 0xE24A, 0xE22A, 0xE22A, 0xE22A, 0xE22A, 0xE22A, 0xE22A, 0xE20A, 0xE20A, 0xE20A, 0xDA0A,
    0xE20A, 0xD9EA, 0xD9EA, 0xD9EA, 0xD9EA, 0xD9CA, 0xD9CA, 0xD9CA, 0xD9C9, 0xD9C9, 0xD9A9, 0xD9A9, 0xD9A9, 0xD9A9, 0xD9A9, 0xD989,
    0xD989, 0xD989, 0xD989, 0xD969, 0xD969, 0xD169, 0xD169, 0xD169, 0xD169, 0xD169, 0xD169, 0xD169, 0xC969, 0xC949, 0xC949, 0xC948,
    0xC948, 0xC948, 0xC148, 0xC148, 0xC148, 0xC148, 0xC148, 0xB928, 0xB928, 0xB928, 0xB928, 0xB928, 0xB928, 0xB128, 0xB128, 0xB128,
    0xB128, 0xB127, 0xB107, 0xA907, 0xA907, 0xA907, 0xA907, 0xA907, 0xA107, 0xA107, 0xA107, 0xA107, 0xA0E7, 0x98E7, 0x98E7, 0x98E7,
    0x98E7, 0x98E7, 0x98E7, 0x90E6, 0x90C6, 0x90C6, 0x90C6, 0x90C6, 0x88C6, 0x88C6, 0x88C6, 0x88C6, 0x88C6, 0x80C6, 0x80C6, 0x80C6,
    0x80A6, 0x80A6, 0x78A5, 0x78A5, 0x78A5, 0x78A5, 0x78A5, 0x7085, 0x7085, 0x7085, 0x7085, 0x7085, 0x6885, 0x6885, 0x6885, 0x6885,
    0x6884, 0x6084, 0x6064, 0x6064, 0xC269, 0xC269, 0xC289, 0xC28A, 0xCA8A, 0xCA8A, 0xCA8A, 0xCAAA, 0xCAAA, 0xCAAA, 0xCAAA, 0xD2AA,
    0xD2CA, 0xD2CA, 0xD2CA, 0xD2CA, 0xD2CA, 0xD2CA, 0xD2CA, 0xDACA, 0xDACA, 0xDACA, 0xDACB, 0xDACB, 0xDACB, 0xDACB, 0xDACB, 0xDACB,
    0xDACB, 0xDACB, 0xDACB, 0xDACB, 0xDACB, 0xE2CB, 0xE2CB, 0xE2CB, 0xE2CB, 0xE2AB, 0xE2AB, 0xE2AB, 0xE2AB, 0xE2AB, 0xE2AB, 0xE2AB,
    0xE2AB, 0xE28B, 0xE28B, 0xE28B, 0xE28B, 0xE28B, 0xE28A, 0xE28B, 0xE26B, 0xE26A, 0xE26A, 0xE26A, 0xE26A, 0xE26A, 0xE24A, 0xE24A,
    0xE24A, 0xE24A, 0xE24A, 0xE22A, 0xE22A, 0xE22A, 0xE22A, 0xE22A, 0xE22A, 0xE20A, 0xE20A, 0xE20A, 0xE20A, 0xE1EA, 0xE1EA, 0xE1EA,
    0xE1EA, 0xD9EA, 0xD9CA, 0xD9CA, 0xD9CA, 0xD9CA, 0xD9CA, 0xD9AA, 0xD9A9, 0xD9A9, 0xD9A9, 0xD9A9, 0xD989, 0xD989, 0xD989, 0xD989,
    0xD969, 0xD969, 0xD169, 0xD169, 0xD169, 0xD169, 0xD169, 0xD169, 0xC969, 0xC969, 0xC969, 0xC949, 0xC949, 0xC948, 0xC948, 0xC148,
    0xC148, 0xC148, 0xC148, 0xC148, 0xB928, 0xB928, 0xB928, 0xB928, 0xB928, 0xB928, 0xB128, 0xB128, 0xB128, 0xB128, 0xB108, 0xB107,
    0xA907, 0xA907, 0xA907, 0xA907, 0xA907, 0xA107, 0xA107, 0xA107, 0xA107, 0xA0E7, 0x98E7, 0x98E7, 0x98E7, 0x98E7, 0x98E7, 0x98E6,
    0x90E6, 0x90C6, 0x90C6, 0x90C6, 0x90C6, 0x88C6, 0x88C6, 0x88C6, 0x88C6, 0x88C6, 0x80C6, 0x80C6, 0x80A6, 0x80A6, 0x80A6, 0x78A5,
    0x78A5, 0x78A5, 0x78A5, 0x78A5, 0x7085, 0x7085, 0x7085, 0x7085, 0x7085, 0x6885, 0x6885, 0x6885, 0x6885, 0x6885, 0x6064, 0x6064,
    0xC289, 0xC289, 0xCA8A, 0xCA8A, 0xCA8A, 0xCAAA, 0xCAAA, 0xCAAA, 0xCAAA, 0xD2AA, 0xD2CA, 0xD2CA, 0xD2CA, 0xD2CA, 0xD2CA, 0xD2CA,
    0xD2CA, 0xD2CA, 0xDACB, 0xDACB, 0xDACB, 0xDAEB, 0xDAEB, 0xDACB, 0xDACB, 0xDAEB, 0xDACB, 0xDACB, 0xDACB, 0xE2CB, 0xE2CB, 0xE2CB,
    0xE2CB, 0xE2CB, 0xE2CB, 0xE2CB, 0xE2CB, 0xE2CB, 0xE2CB, 0xE2AB, 0xE2AB, 0xE2AB, 0xE2AB, 0xE2AB, 0xE2AB, 0xE2AB, 0xE28B, 0xE28B,
    0xE28B, 0xE28B, 0xE28B, 0xE28B, 0xE26B, 0xE26B, 0xE26A, 0xE26A, 0xE26A, 0xE26A, 0xE24A, 0xE24A, 0xE24A, 0xE24A, 0xE24A, 0xE24A,
    0xE22A, 0xE22A, 0xE22A, 0xE22A, 0xE22A, 0xE20A, 0xE20A, 0xE20A, 0xE20A, 0xE20A, 0xE1EA, 0xE1EA, 0xE1EA, 0xE1EA, 0xE1EA, 0xD9CA,
    0xD9CA, 0xD9CA, 0xD9CA, 0xD9CA, 0xD9A9, 0xD9A9, 0xD9A9, 0xD9A9, 0xD989, 0xD989, 0xD989, 0xD989, 0xD969, 0xD969, 0xD969, 0xD169,
    0xD169, 0xD169, 0xD169, 0xD169, 0xD169, 0xC969, 0xC969, 0xC949, 0xC949, 0xC948, 0xC948, 0xC148, 0xC148, 0xC148, 0xC148, 0xC148,
    0xC148, 0xB948, 0xB928, 0xB928, 0xB928, 0xB928, 0xB128, 0xB128, 0xB128, 0xB128, 0xB108, 0xB108, 0xA907, 0xA907, 0xA907, 0xA907,
    0xA907, 0xA907, 0xA107, 0xA107, 0xA107, 0xA0E7, 0xA0E7, 0x98E7, 0x98E7, 0x98E7, 0x98E7, 0x98E6, 0x90E6, 0x90C6, 0x90C6, 0x90C6,
    0x90C6, 0x88C6, 0x88C6, 0x88C6, 0x88C6, 0x88C6, 0x80C6, 0x80C6, 0x80A6, 0x80A6, 0x80A6, 0x78A5, 0x78A5, 0x78A5, 0x78A5, 0x78A5,
    0x70A5, 0x7085, 0x7085, 0x7085, 0x7085, 0x6885, 0x6885, 0x6885, 0x6885, 0x6885, 0x6064, 0x6064, 0xC289, 0xCA8A, 0xCA8A, 0xCAAA,
    0xCAAA, 0xCAAA, 0xCAAA, 0xCAAA, 0xD2AA, 0xD2CA, 0xD2CA, 0xD2CA, 0xD2CA, 0xD2CA, 0xD2CA, 0xDACA, 0xDAEA, 0xDAEB, 0xDAEB, 0xDAEB,
    0xDAEB, 0xDAEB, 0xDAEB, 0xDAEB, 0xDAEB, 0xE2EB, 0xDAEB, 0xE2EB, 0xE2EB, 0xE2EB, 0xE2EB, 0xE2EB, 0xE2EB, 0xE2EB, 0xE2CB, 0xE2CB,
    0xE2CB, 0xE2CB, 0xE2CB, 0xE2CB, 0xE2CB, 0xE2CB, 0xE2AB, 0xE2AB, 0xE2AB, 0xE2AB, 0xE2AB, 0xE2AB, 0xE28B, 0xE28B, 0xE28B, 0xE28B,
    0xE28B, 0xE28B, 0xE26B, 0xE26B, 0xE26B, 0xE26A, 0xE26A, 0xE26A, 0xE24A, 0xE24A, 0xE24A, 0xE24A, 0xE24A, 0xE22A, 0xE22A, 0xE22A,
    0xE22A, 0xE20A, 0xE20A, 0xE20A, 0xE20A, 0xE20A, 0xE20A, 0xE1EA, 0xE1EA, 0xE1EA, 0xE1EA, 0xE1CA, 0xE1CA, 0xE1CA, 0xD9CA, 0xD9CA,
    0xD9A9, 0xD9A9, 0xD9A9, 0xD9A9, 0xD989, 0xD989, 0xD989, 0xD989, 0xD989, 0xD969, 0xD969, 0xD969, 0xD169, 0xD169, 0xD169, 0xD169,
    0xD169, 0xD169, 0xC969, 0xC969, 0xC949, 0xC949, 0xC948, 0xC148, 0xC148, 0xC148, 0xC148, 0xC148, 0xC148, 0xC148, 0xB928, 0xB928,
    0xB928, 0xB928, 0xB928, 0xB928, 0xB128, 0xB128, 0xB108, 0xB108, 0xB107, 0xA907, 0xA907, 0xA907, 0xA907, 0xA907, 0xA107, 0xA107,
    0xA107, 0xA0E7, 0xA0E7, 0xA0E7, 0x98E7, 0x98E7, 0x98E7, 0x98E7, 0x98E6, 0x90E6, 0x90E6, 0x90C6, 0x90C6, 0x90C6, 0x88C6, 0x88C6,
    0x88C6, 0x88C6, 0x88C6, 0x80C6, 0x80A6, 0x80A6, 0x80A6, 0x80A5, 0x78A5, 0x78A5, 0x78A5, 0x78A5, 0x78A5, 0x70A5, 0x7085, 0x7085,
    0x7085, 0x7085, 0x6885, 0x6885, 0x6885, 0x6885, 0x6064, 0x6064, 0xCA8A, 0xCA8A, 0xCAAA, 0xCAAA, 0xCAAA, 0xCAAA, 0xCAAA, 0xD2CA,
    0xD2CA, 0xD2CA, 0xD2CA, 0xD2CA, 0xD2EA, 0xDAEA, 0xDAEB, 0xDAEB, 0xDAEB, 0xDAEB, 0xDAEB, 0xDAEB, 0xDAEB, 0xDAEB, 0xDAEB, 0xDAEB,
    0xE2EB, 0xE2EB, 0xE2EB, 0xE2EB, 0xE2EB, 0xE2EB, 0xE2EB, 0xE2EB, 0xE2EB, 0xE2EB, 0xE2CB, 0xE2EB, 0xE2CB, 0xE2CB, 0xE2CB, 0xE2CB,
    0xE2CB, 0xE2CB, 0xE2AB, 0xE2AB, 0xE2AB, 0xE2AB, 0xE2AB, 0xE2AB, 0xE2AB, 0xE2AB, 0xE28B, 0xE28B, 0xE28B, 0xE28B, 0xE26B, 0xE26B,
    0xE26B, 0xE26B, 0xE26B, 0xE26B, 0xE24B, 0xE24A, 0xE24A, 0xE24A, 0xE24A, 0xE22A, 0xE22A, 0xE22A, 0xE22A, 0xE22A, 0xE22A, 0xE20A,
    0xE20A, 0xE20A, 0xE20A, 0xE1EA, 0xE1EA, 0xE1EA, 0xE1EA, 0xE1EA, 0xE1CA, 0xE1CA, 0xD9CA, 0xD9CA, 0xD9AA, 0xD9AA, 0xD9AA, 0xD9A9,
    0xD9A9, 0xD989, 0xD989, 0xD989, 0xD989, 0xD969, 0xD969, 0xD969, 0xD969, 0xD169, 0xD169, 0xD169, 0xD169, 0xD169, 0xD169, 0xC969,
    0xC949, 0xC949, 0xC948, 0xC948, 0xC148, 0xC148, 0xC148, 0xC148, 0xC148, 0xC148, 0xB948, 0xB928, 0xB928, 0xB928, 0xB928, 0xB928,
    0xB128, 0xB128, 0xB128, 0xB128, 0xB127, 0xA907, 0xA907, 0xA907, 0xA907, 0xA907, 0xA907, 0xA107, 0xA107, 0xA0E7, 0xA0E7, 0xA0E7,
    0x98E7, 0x98E7, 0x98E7, 0x98E7, 0x98E7, 0x98E7, 0x90E6, 0x90E6, 0x90C6, 0x90C6, 0x88C6, 0x88C6, 0x88C6, 0x88C6, 0x88C6, 0x80C6,
    0x80A6, 0x80A6, 0x80A6, 0x80A6, 0x78A5, 0x78A5, 0x78A5, 0x78A5, 0x78A5, 0x70A5, 0x7085, 0x7085, 0x7085, 0x7085, 0x7085, 0x6885,
    0x6885, 0x6885, 0x6884, 0x6864, 0xCA8A, 0xCAAA, 0xCAAA, 0xCAAA, 0xCAAA, 0xD2CA, 0xD2CA, 0xD2CA, 0xD2CA, 0xD2CA, 0xD2EA, 0xD2EB,
    0xDAEB, 0xDAEB, 0xDAEB, 0xDAEB, 0xDAEB, 0xDAEB, 0xDAEB, 0xDAEB, 0xDB0B, 0xE30B, 0xE30B, 0xE2EB, 0xE30B, 0xE2EB, 0xE2EB, 0xE2EB,
    0xE2EB, 0xE2EB, 0xE2EB, 0xE2EB, 0xE2EB, 0xE2EB, 0xE2EB, 0xE2EB, 0xE2EB, 0xE2CB, 0xE2CB, 0xE2CB, 0xE2CB, 0xE2CB, 0xE2CB, 0xEACB,
    0xEAAB, 0xE2AB, 0xEAAB, 0xEAAB, 0xE2AB, 0xEAAB, 0xE28B, 0xE28B, 0xEA8B, 0xE28B, 0xE28B, 0xE28B, 0xE26B, 0xE26B, 0xE26B, 0xE26B,
    0xE26B, 0xE24A, 0xE24A, 0xE24A, 0xE24A, 0xE24A, 0xE24A, 0xE22A, 0xE22A, 0xE22A, 0xE22A, 0xE20A, 0xE20A, 0xE20A, 0xE20A, 0xE1EA,
    0xE1EA, 0xE1EA, 0xE1EA, 0xE1EA, 0xE1CA, 0xE1CA, 0xE1CA, 0xE1CA, 0xE1AA, 0xD9AA, 0xD9AA, 0xD9A9, 0xD9A9, 0xD989, 0xD989, 0xD989,
    0xD989, 0xD969, 0xD969, 0xD969, 0xD969, 0xD169, 0xD169, 0xD169, 0xD169, 0xD169, 0xD169, 0xC969, 0xC949, 0xC949, 0xC949, 0xC949,
    0xC949, 0xC148, 0xC148, 0xC148, 0xC148, 0xC148, 0xC148, 0xB928, 0xB928, 0xB928, 0xB928, 0xB928, 0xB128, 0xB128, 0xB128, 0xB128,
    0xB127, 0xB107, 0xA907, 0xA907, 0xA907, 0xA907, 0xA907, 0xA907, 0xA107, 0xA0E7, 0xA0E7, 0xA0E7, 0xA0E7, 0x98E7, 0x98E7, 0x98E7,
    0x98E7, 0x98E7, 0x90E6, 0x90E6, 0x90C6, 0x90C6, 0x90C6, 0x88C6, 0x88C6, 0x88C6, 0x88C6, 0x88C6, 0x80A6, 0x80A6, 0x80A6, 0x80A6,
    0x80A6, 0x78A5, 0x78A5, 0x78A5, 0x78A5, 0x78A5, 0x70A5, 0x7085, 0x7085, 0x7085, 0x7085, 0x6885, 0x6885, 0x6885, 0x6885, 0x6884,
    0xCAAA, 0xCAAA, 0xCAAA, 0xCAAA, 0xD2CA, 0xD2CA, 0xD2CA, 0xD2CA, 0xD2CA, 0xD2EA, 0xDAEB, 0xDAEB, 0xDAEB, 0xDAEB, 0xDAEB, 0xDB0B,
    0xDB0B, 0xDB0B, 0xDB0B, 0xE30B, 0xE30B, 0xE30B, 0xE30B, 0xE30B, 0xE30B, 0xE30B, 0xE30B, 0xE30B, 0xE30B, 0xE30B, 0xE2EB, 0xE2EB,
    0xE2EB, 0xE2EB, 0xE2EB, 0xEAEB, 0xEAEB, 0xEAEB, 0xEACB, 0xEACB, 0xEACB, 0xEACB, 0xEACB, 0xEACB, 0xEACB, 0xEAAB, 0xEAAB, 0xEAAB,
    0xEAAB, 0xEAAB, 0xEAAB, 0xEAAB, 0xEA8B, 0xEA8B, 0xEA8B, 0xEA8B, 0xEA8B, 0xE26B, 0xEA6B, 0xE26B, 0xE26B, 0xE24B, 0xE24A, 0xE24B,
    0xE24A, 0xE24A, 0xE24A, 0xE22A, 0xE22A, 0xE22A, 0xE22A, 0xE20A, 0xE20A, 0xE20A, 0xE20A, 0xE20A, 0xE1EA, 0xE1EA, 0xE1EA, 0xE1EA,
    0xE1CA, 0xE1CA, 0xE1CA, 0xE1CA, 0xE1CA, 0xE1AA, 0xD9AA, 0xD9AA, 0xD9A9, 0xD989, 0xD989, 0xD989, 0xD989, 0xD969, 0xD969, 0xD969,
    0xD969, 0xD969, 0xD169, 0xD169, 0xD169, 0xD169, 0xD169, 0xD169, 0xC949, 0xC949, 0xC949, 0xC949, 0xC949, 0xC948, 0xC148, 0xC148,
    0xC148, 0xC148, 0xC148, 0xB928, 0xB928, 0xB928, 0xB928, 0xB928, 0xB928, 0xB128, 0xB128, 0xB128, 0xB128, 0xB108, 0xB108, 0xA907,
    0xA907, 0xA907, 0xA907, 0xA907, 0xA107, 0xA0E7, 0xA0E7, 0xA0E7, 0xA0E7, 0x98E7, 0x98E7, 0x98E7, 0x98E7, 0x98E7, 0x90E6, 0x90E6,
    0x90C6, 0x90C6, 0x90C6, 0x90C6, 0x88C6, 0x88C6, 0x88C6, 0x88C6, 0x80A6, 0x80A6, 0x80A6, 0x80A6, 0x80A6, 0x78A6, 0x78A5, 0x78A5,
    0x78A5, 0x78A5, 0x78A5, 0x7085, 0x7085, 0x7085, 0x7085, 0x6885, 0x6885, 0x6885, 0x6885, 0x6885, 0xCAAA, 0xCAAA, 0xCAAA, 0xD2CA,
    0xD2CA, 0xD2CA, 0xD2CA, 0xD2EA, 0xD2EA, 0xDAEB, 0xDAEB, 0xDAEB, 0xDAEB, 0xDB0B, 0xDB0B, 0xDB0B, 0xDB0B, 0xE30B, 0xE30B, 0xE30B,
    0xE30B, 0xE30B, 0xE30B, 0xE30B, 0xE30B, 0xE30B, 0xE30B, 0xE30B, 0xE30B, 0xE30B, 0xE30B, 0xE30B, 0xEAEB, 0xEAEB, 0xEAEB, 0xEAEB,
    0xEAEB, 0xEAEB, 0xEAEB, 0xEACB, 0xEACB, 0xEACB, 0xEACB, 0xEACB, 0xEACB, 0xEACB, 0xEAAB, 0xEAAB, 0xEAAB, 0xEAAB, 0xEAAB, 0xEAAB,
    0xEA8B, 0xEA8B, 0xEA8B, 0xEA8B, 0xEA8B, 0xEA6B, 0xEA6B, 0xEA6B, 0xEA6B, 0xEA6B, 0xE24B, 0xE24B, 0xE24B, 0xE24A, 0xE24A, 0xE22A,
    0xE22A, 0xE22A, 0xE22A, 0xE22A, 0xE20A, 0xE20A, 0xE20A, 0xE20A, 0xE1EA, 0xE1EA, 0xE1EA, 0xE1EA, 0xE1EA, 0xE1EA, 0xE1CA, 0xE1CA,
    0xE1CA, 0xE1CA, 0xE1AA, 0xE1AA, 0xD9A9, 0xD9A9, 0xD989, 0xD989, 0xD989, 0xD989, 0xD989, 0xD989, 0xD969, 0xD969, 0xD169, 0xD169,
    0xD169, 0xD169, 0xD169, 0xD169, 0xD149, 0xC949, 0xC949, 0xC949, 0xC949, 0xC948, 0xC148, 0xC148, 0xC148, 0xC148, 0xC148, 0xC128,
    0xB928, 0xB928, 0xB928, 0xB928, 0xB928, 0xB928, 0xB128, 0xB128, 0xB128, 0xB108, 0xB108, 0xB107, 0xA907, 0xA907, 0xA907, 0xA907,
    0xA107, 0xA107, 0xA0E7, 0xA0E7, 0xA0E7, 0xA0E7, 0x98E7, 0x98E7, 0x98E7, 0x98E7, 0x98E7, 0x90E6, 0x90C6, 0x90C6, 0x90C6, 0x90C6,
    0x88C6, 0x88C6, 0x88C6, 0x88C6, 0x88C6, 0x80A6, 0x80A6, 0x80A6, 0x80A6, 0x80A6, 0x78A5, 0x78A5, 0x78A5, 0x78A5, 0x78A5, 0x7085,
    0x7085, 0x7085, 0x7085, 0x7085, 0x6885, 0x6885, 0x6885, 0x6885, 0xCAAA, 0xCAAA, 0xD2CA, 0xD2CA, 0xD2CA, 0xD2EA, 0xD2EA, 0xD2EB,
    0xDAEB, 0xDAEB, 0xDAEB, 0xDB0B, 0xDB0B, 0xDB0B, 0xDB0B, 0xE30B, 0xE30B, 0xE30B, 0xE32B, 0xE30B, 0xE30B, 0xE32B, 0xE30B, 0xE32B,
    0xE30B, 0xE30B, 0xE30B, 0xE30B, 0xEB0B, 0xEB0B, 0xEB0B, 0xEB0B, 0xEB0B, 0xEB0B, 0xEB0B, 0xEAEB, 0xEAEB, 0xEAEB, 0xEAEB, 0xEAEB,
    0xEAEB, 0xEACB, 0xEACB, 0xEACB, 0xEACB, 0xEACB, 0xEACB, 0xEACB, 0xEAAB, 0xEAAB, 0xEAAB, 0xEAAB, 0xEAAB, 0xEA8B, 0xEA8B, 0xEA8B,
    0xEA8B, 0xEA8B, 0xEA6B, 0xEA6B, 0xEA6B, 0xEA6B, 0xEA6B, 0xEA4B, 0xEA4B, 0xE24A, 0xE24A, 0xEA2A, 0xE22A, 0xE22A, 0xE22A, 0xE22A,
    0xE20A, 0xE20A, 0xE20A, 0xE20A, 0xE1EA, 0xE1EA, 0xE1EA, 0xE1EA, 0xE1EA, 0xE1EA, 0xE1CA, 0xE1CA, 0xE1CA, 0xE1CA, 0xE1AA, 0xE1AA,
    0xE1AA, 0xE1AA, 0xE18A, 0xD989, 0xD989, 0xD989, 0xD989, 0xD989, 0xD989, 0xD969, 0xD169, 0xD169, 0xD169, 0xD169, 0xD169, 0xD169,
    0xD169, 0xC949, 0xC949, 0xC949, 0xC949, 0xC948, 0xC948, 0xC148, 0xC148, 0xC148, 0xC148, 0xC128, 0xC128, 0xB928, 0xB928, 0xB928,
    0xB928, 0xB928, 0xB928, 0xB128, 0xB128, 0xB128, 0xB108, 0xB107, 0xA907, 0xA907, 0xA907, 0xA907, 0xA907, 0xA107, 0xA107, 0xA0E7,
    0xA0E7, 0xA0E7, 0x98E7, 0x98E7, 0x98E7, 0x98E7, 0x98E7, 0x90E6, 0x90C6, 0x90C6, 0x90C6, 0x90C6, 0x88C6, 0x88C6, 0x88C6, 0x88C6,
    0x88C6, 0x88C6, 0x80A6, 0x80A6, 0x80A6, 0x80A6, 0x80A5, 0x78A5, 0x78A5, 0x78A5, 0x78A5, 0x7085, 0x7085, 0x7085, 0x7085, 0x7085,
    0x6885, 0x6885, 0x6885, 0x6885, 0xD2AA, 0xD2CA, 0xD2CA, 0xD2CA, 0xD2EA, 0xD2EA, 0xDAEA, 0xDAEB, 0xDAEB, 0xDB0B, 0xDB0B, 0xDB0B,
    0xDB0B, 0xE30B, 0xE30B, 0xE32B, 0xE32B, 0xE32B, 0xE32B, 0xE32B, 0xE32B, 0xE32B, 0xE32B, 0xE32B, 0xE32B, 0xE32B, 0xE32B, 0xEB0B,
    0xEB0B, 0xEB0B, 0xEB0B, 0xEB0B, 0xEB0B, 0xEB0B, 0xEB0B, 0xEB0B, 0xEB0B, 0xEAEB, 0xEAEB, 0xEAEB, 0xEAEB, 0xEAEB, 0xEAEB, 0xEACB,
    0xEACB, 0xEACB, 0xEACB, 0xEACB, 0xEAAB, 0xEAAB, 0xEAAB, 0xEAAB, 0xEAAB, 0xEAAB, 0xEA8B, 0xEA8B, 0xEA8B, 0xEA8B, 0xEA6B, 0xEA6B,
    0xEA6B, 0xEA6B, 0xEA6B, 0xEA4B, 0xEA4B, 0xEA4A, 0xEA4A, 0xEA2A, 0xE22A, 0xE22A, 0xE22A, 0xE22A, 0xE20A, 0xE20A, 0xE20A, 0xE20A,
    0xE20A, 0xE1EA, 0xE1EA, 0xE1EA, 0xE1EA, 0xE1EA, 0xE1CA, 0xE1CA, 0xE1CA, 0xE1CA, 0xE1AA, 0xE1AA, 0xE1AA, 0xE1AA, 0xE18A, 0xE189,
    0xD989, 0xD989, 0xD989, 0xD989, 0xD989, 0xD969, 0xD969, 0xD969, 0xD169, 0xD169, 0xD169, 0xD169, 0xD169, 0xC969, 0xC969, 0xC949,
    0xC949, 0xC949, 0xC948, 0xC948, 0xC148, 0xC148, 0xC148, 0xC148, 0xC128, 0xB928, 0xB928, 0xB928, 0xB928, 0xB928, 0xB928, 0xB128,
    0xB128, 0xB128, 0xB108, 0xB107, 0xA907, 0xA907, 0xA907, 0xA907, 0xA907, 0xA907, 0xA107, 0xA107, 0xA0E7, 0xA0E7, 0xA0E7, 0x98E7,
    0x98E7, 0x98E7, 0x98E7, 0x98E7, 0x90E6, 0x90C6, 0x90C6, 0x90C6, 0x88C6, 0x88C6, 0x88C6, 0x88C6, 0x88C6, 0x88C6, 0x80C6, 0x80A6,
    0x80A6, 0x80A6, 0x80A5, 0x78A5, 0x78A5, 0x78A5, 0x78A5, 0x7885, 0x7085, 0x7085, 0x7085, 0x7085, 0x6885, 0x6885, 0x6885, 0x6885,
    0xD2CA, 0xD2CA, 0xD2CA, 0xD2EA, 0xD2EA, 0xDAEB, 0xDAEB, 0xDAEB, 0xDB0B, 0xDB0B, 0xDB0B, 0xDB0B, 0xE30B, 0xE32B, 0xE32B, 0xE32B,
    0xE32B, 0xE32B, 0xE32B, 0xE32B, 0xE32B, 0xE32B, 0xE32B, 0xE32B, 0xEB2B, 0xEB2B, 0xEB2B, 0xEB2B, 0xEB2B, 0xEB0B, 0xEB0B, 0xEB0B,
    0xEB0B, 0xEB0B, 0xEB0B, 0xEB0B, 0xEB0B, 0xEAEB, 0xEAEB, 0xEAEB, 0xEAEB, 0xEAEB, 0xEAEB, 0xEACB, 0xEACB, 0xEACB, 0xEACB, 0xEACB,
    0xEACB, 0xEAAB, 0xEAAB, 0xEAAB, 0xEAAB, 0xEAAB, 0xEA8B, 0xEA8B, 0xEA8B, 0xEA8B, 0xEA8B, 0xEA6B, 0xEA6B, 0xEA6B, 0xEA6B, 0xEA4B,
    0xEA4B, 0xEA4A, 0xEA4A, 0xEA4B, 0xEA4A, 0xEA2A, 0xEA2A, 0xE22A, 0xE22A, 0xE20A, 0xE20A, 0xE20A, 0xE20A, 0xE20A, 0xE1EA, 0xE1EA,
    0xE1EA, 0xE1EA, 0xE1CA, 0xE1CA, 0xE1CA, 0xE1CA, 0xE1CA, 0xE1AA, 0xE1AA, 0xE1AA, 0xE1AA, 0xE189, 0xD989, 0xD989, 0xD989, 0xD989,
    0xD989, 0xD969, 0xD969, 0xD969, 0xD169, 0xD169, 0xD169, 0xD169, 0xD169, 0xD169, 0xC969, 0xC949, 0xC949, 0xC949, 0xC948, 0xC948,
    0xC148, 0xC148, 0xC148, 0xC148, 0xC148, 0xB928, 0xB928, 0xB928, 0xB928, 0xB928, 0xB928, 0xB128, 0xB128, 0xB128, 0xB108, 0xB107,
    0xA907, 0xA907, 0xA907, 0xA907, 0xA907, 0xA907, 0xA107, 0xA107, 0xA107, 0xA0E7, 0xA0E7, 0x98E7, 0x98E7, 0x98E7, 0x98E7, 0x98E7,
    0x98E7, 0x90C6, 0x90C6, 0x90C6, 0x90C6, 0x88C6, 0x88C6, 0x88C6, 0x88C6, 0x88C6, 0x80C6, 0x80A6, 0x80A6, 0x80A6, 0x80A6, 0x78A5,
    0x78A5, 0x78A5, 0x78A5, 0x7885, 0x7085, 0x7085, 0x7085, 0x7085, 0x7085, 0x6885, 0x6885, 0x6885, 0xD2CA, 0xD2CA, 0xD2EA, 0xD2EB,
    0xDAEB, 0xDAEB, 0xDB0B, 0xDB0B, 0xDB0B, 0xDB0B, 0xE32B, 0xE32B, 0xE32B, 0xE32B, 0xE32B, 0xE32B, 0xE32B, 0xE32B, 0xE32B, 0xE32B,
    0xE34B, 0xEB2B, 0xEB2B, 0xEB2C, 0xEB2C, 0xEB2C, 0xEB2B, 0xEB2B, 0xEB2C, 0xEB2C, 0xEB2B, 0xEB2B, 0xEB0C, 0xEB0B, 0xEB0B, 0xEB0C,
    0xEB0B, 0xEB0B, 0xEB0B, 0xEAEB, 0xEAEB, 0xEAEB, 0xEAEB, 0xEAEB, 0xEAEB, 0xEACB, 0xEACB, 0xEACB, 0xEACB, 0xEACB, 0xEAAB, 0xEAAB,
    0xEAAB, 0xEAAB, 0xEAAB, 0xEA8B, 0xEA8B, 0xEA8B, 0xEA8B, 0xEA6B, 0xEA6B, 0xEA6B, 0xEA6B, 0xEA6B, 0xEA6B, 0xEA4B, 0xEA4B, 0xEA4B,
    0xEA4A, 0xEA2A, 0xEA2A, 0xEA2A, 0xEA2A, 0xE20A, 0xE20A, 0xE20A, 0xE20A, 0xE20A, 0xE1EA, 0xE1EA, 0xE1EA, 0xE1EA, 0xE1CA, 0xE1CA,
    0xE1CA, 0xE1CA, 0xE1CA, 0xE1AA, 0xE1AA, 0xE1AA, 0xE1AA, 0xE18A, 0xE189, 0xE189, 0xD989, 0xD989, 0xD989, 0xD969, 0xD969, 0xD969,
    0xD169, 0xD169, 0xD169, 0xD169, 0xD169, 0xD169, 0xD169, 0xC949, 0xC949, 0xC949, 0xC949, 0xC948, 0xC148, 0xC148, 0xC148, 0xC148,
    0xC148, 0xC148, 0xC128, 0xB928, 0xB928, 0xB928, 0xB928, 0xB928, 0xB128, 0xB128, 0xB108, 0xB108, 0xB107, 0xB107, 0xA907, 0xA907,
    0xA907, 0xA907, 0xA907, 0xA107, 0xA107, 0xA0E7, 0xA0E7, 0xA0E7, 0x98E7, 0x98E7, 0x98E7, 0x98E7, 0x98E7, 0x90C6, 0x90C6, 0x90C6,
    0x90C6, 0x90C6, 0x88C6, 0x88C6, 0x88C6, 0x88C6, 0x88C6, 0x80A6, 0x80A6, 0x80A6, 0x80A6, 0x80A6, 0x78A5, 0x78A5, 0x78A5, 0x7885,
    0x7885, 0x7085, 0x7085, 0x7085, 0x7085, 0x7085, 0x6885, 0x6885, 0xD2CA, 0xD2CA, 0xD2EA, 0xDAEB, 0xDAEB, 0xDAEB, 0xDB0B, 0xDB0B,
    0xDB0B, 0xDB0B, 0xE32B, 0xE32B, 0xE32B, 0xE32B, 0xE32B, 0xE34B, 0xE34B, 0xE34B, 0xE34B, 0xEB4B, 0xEB4C, 0xEB4C, 0xEB4C, 0xEB2C,
    0xEB4C, 0xEB2C, 0xEB2C, 0xEB2C, 0xEB2C, 0xEB2C, 0xEB2C, 0xEB2C, 0xEB2C, 0xEB0B, 0xEB0C, 0xEB0C, 0xEB0C, 0xEB0B, 0xEB0B, 0xEAEB,
    0xEAEB, 0xEAEB, 0xEAEB, 0xEAEB, 0xEAEB, 0xEACB, 0xEACB, 0xEACB, 0xEACB, 0xEACB, 0xEAAB, 0xEAAB, 0xEAAB, 0xEAAB, 0xEAAB, 0xEA8B,
    0xEA8B, 0xEA8B, 0xEA8B, 0xEA8B, 0xEA6B, 0xEA6B, 0xEA6B, 0xEA6B, 0xEA6B, 0xEA4B, 0xEA4B, 0xEA4B, 0xEA4B, 0xEA2A, 0xEA2A, 0xEA2A,
    0xEA2A, 0xEA2A, 0xE20A, 0xE20A, 0xE20A, 0xE20A, 0xE1EA, 0xE1EA, 0xE1EA, 0xE1EA, 0xE1CA, 0xE1CA, 0xE1CA, 0xE1CA, 0xE1CA, 0xE1AA,
    0xE1AA, 0xE1AA, 0xE1AA, 0xE18A, 0xE189, 0xE189, 0xD989, 0xD989, 0xD989, 0xD969, 0xD969, 0xD969, 0xD969, 0xD169, 0xD169, 0xD169,
    0xD169, 0xD169, 0xD169, 0xC969, 0xC949, 0xC949, 0xC949, 0xC949, 0xC948, 0xC148, 0xC148, 0xC148, 0xC148, 0xC148, 0xC128, 0xB928,
    0xB928, 0xB928, 0xB928, 0xB928, 0xB128, 0xB128, 0xB108, 0xB108, 0xB107, 0xB107, 0xA907, 0xA907, 0xA907, 0xA907, 0xA907, 0xA107,
    0xA107, 0xA0E7, 0xA0E7, 0xA0E7, 0x98E7, 0x98E7, 0x98E7, 0x98E7, 0x98E7, 0x90C6, 0x90C6, 0x90C6, 0x90C6, 0x90C6, 0x88C6, 0x88C6,
    0x88C6, 0x88C6, 0x88C6, 0x80A6, 0x80A6, 0x80A6, 0x80A6, 0x80A6, 0x78A6, 0x78A5, 0x78A5, 0x7885, 0x7885, 0x7085, 0x7085, 0x7085,
    0x7085, 0x7085, 0x6885, 0x6885, 0xD2CA, 0xD2EA, 0xDAEB, 0xDAEB, 0xDAEB, 0xDB0B, 0xDB0B, 0xDB0B, 0xE32B, 0xE32B, 0xE32B, 0xE32B,
    0xE32B, 0xE34B, 0xE34B, 0xE34B, 0xE34C, 0xEB4C, 0xEB4C, 0xEB4C, 0xEB4C, 0xEB4C, 0xEB4C, 0xEB4C, 0xEB4C, 0xEB4C, 0xEB2C, 0xEB2C,
    0xEB2C, 0xEB2C, 0xEB2C, 0xEB2C, 0xEB2C, 0xEB0C, 0xEB2C, 0xEB0C, 0xEB0C, 0xEB0B, 0xEB0C, 0xEB0C, 0xEAEB, 0xEAEB, 0xEAEB, 0xEAEB,
    0xEAEB, 0xEAEB, 0xEACB, 0xEACB, 0xEACB, 0xEACB, 0xEAAB, 0xEAAB, 0xEAAB, 0xEAAB, 0xEAAB, 0xEAAB, 0xEA8B, 0xEA8B, 0xEA8B, 0xEA8B,
    0xEA6B, 0xEA6B, 0xEA6B, 0xEA6B, 0xEA6B, 0xEA4B, 0xEA4B, 0xEA4B, 0xEA4B, 0xEA2A, 0xEA2A, 0xEA2A, 0xEA2A, 0xEA2A, 0xE20A, 0xE20A,
    0xE20A, 0xE20A, 0xE1EA, 0xE1EA, 0xE1EA, 0xE1EA, 0xE1CA, 0xE1CA, 0xE1CA, 0xE1CA, 0xE1CA, 0xE1AA, 0xE1AA, 0xE1AA, 0xE1AA, 0xE18A,
    0xE189, 0xE189, 0xE189, 0xD989, 0xD989, 0xD969, 0xD969, 0xD969, 0xD969, 0xD169, 0xD169, 0xD169, 0xD169, 0xD169, 0xD169, 0xC969,
    0xC949, 0xC949, 0xC949, 0xC949, 0xC948, 0xC148, 0xC148, 0xC148, 0xC148, 0xC148, 0xB928, 0xB928, 0xB928, 0xB928, 0xB928, 0xB928,
    0xB928, 0xB128, 0xB108, 0xB108, 0xB108, 0xB108, 0xA907, 0xA907, 0xA907, 0xA907, 0xA907, 0xA107, 0xA107, 0xA0E7, 0xA0E7, 0xA0E7,
    0x98E7, 0x98E7, 0x98E7, 0x98E7, 0x98E7, 0x98E7, 0x90E6, 0x90C6, 0x90C6, 0x90C6, 0x88C6, 0x88C6, 0x88C6, 0x88C6, 0x88C6, 0x80A6,
    0x80A6, 0x80A6, 0x80A6, 0x80A6, 0x80A6, 0x78A5, 0x78A5, 0x78A5, 0x78A5, 0x7085, 0x7085, 0x7085, 0x7085, 0x7085, 0x6885, 0x6885,
    0xD2CB, 0xDAEB, 0xDAEB, 0xDAEB, 0xDB0B, 0xDB0B, 0xDB0B, 0xE32B, 0xE32B, 0xE32B, 0xE32B, 0xE32B, 0xE34B, 0xE34B, 0xE34B, 0xEB4C,
    0xEB4C, 0xEB4C, 0xEB4C, 0xEB4C, 0xEB4C, 0xEB4C, 0xEB4C, 0xEB4C, 0xEB4C, 0xEB4C, 0xEB4C, 0xEB4C, 0xEB4C, 0xEB2C, 0xEB2C, 0xEB2C,
    0xEB2C, 0xEB2C, 0xF32C, 0xEB0C, 0xF30C, 0xEB0C, 0xEB0C, 0xEB0C, 0xEB0B, 0xF2EB, 0xF2EB, 0xEAEB, 0xF2EB, 0xEAEB, 0xEAEB, 0xEACB,
    0xEACB, 0xEACB, 0xEACB, 0xEAAB, 0xEAAB, 0xEAAB, 0xEAAB, 0xEAAB, 0xEAAB, 0xEA8B, 0xEA8B, 0xEA8B, 0xEA6B, 0xEA6B, 0xEA6B, 0xEA6B,
    0xEA6B, 0xEA4B, 0xEA4B, 0xEA4B, 0xEA4B, 0xEA4A, 0xEA2A, 0xEA2A, 0xEA2A, 0xEA2A, 0xE20A, 0xE20A, 0xE20A, 0xE20A, 0xE1EA, 0xE1EA,
    0xE1EA, 0xE1EA, 0xE1EA, 0xE1CA, 0xE1CA, 0xE1CA, 0xE1CA, 0xE1AA, 0xE1AA, 0xE1AA, 0xE1AA, 0xE1AA, 0xE189, 0xE189, 0xE189, 0xD989,
    0xD989, 0xD969, 0xD969, 0xD969, 0xD969, 0xD169, 0xD169, 0xD169, 0xD169, 0xD169, 0xD169, 0xC969, 0xC949, 0xC949, 0xC949, 0xC949,
    0xC948, 0xC148, 0xC148, 0xC148, 0xC148, 0xC148, 0xC148, 0xB928, 0xB928, 0xB928, 0xB928, 0xB928, 0xB928, 0xB128, 0xB128, 0xB128,
    0xB108, 0xB108, 0xA907, 0xA907, 0xA907, 0xA907, 0xA907, 0xA107, 0xA107, 0xA0E7, 0xA0E7, 0xA0E7, 0xA0E7, 0x98E7, 0x98E7, 0x98E7,
    0x98E7, 0x98E7, 0x98E6, 0x90C6, 0x90C6, 0x90C6, 0x90C6, 0x88C6, 0x88C6, 0x88C6, 0x88C6, 0x88A6, 0x80A6, 0x80A6, 0x80A6, 0x80A6,
    0x80A6, 0x78A5, 0x78A5, 0x78A5, 0x78A5, 0x78A5, 0x7085, 0x7085, 0x7085, 0x7085, 0x7085, 0x6885, 0xD2EB, 0xDAEB, 0xDAEB, 0xDB0B,
    0xDB0B, 0xDB0B, 0xE30B, 0xE32B, 0xE32B, 0xE32B, 0xE34B, 0xE34B, 0xE34B, 0xE34C, 0xEB4C, 0xEB6C, 0xEB6C, 0xEB6C, 0xEB6C, 0xEB6C,
    0xEB4C, 0xEB4C, 0xEB4C, 0xEB4C, 0xEB4C, 0xEB4C, 0xEB4C, 0xEB4C, 0xEB4C, 0xF34C, 0xEB2C, 0xF32C, 0xF32C, 0xF32C, 0xF32C, 0xF32C,
    0xF32C, 0xF30C, 0xF30C, 0xF30C, 0xF30B, 0xF2EB, 0xF2EB, 0xF2EB, 0xF2EB, 0xF2EB, 0xF2EB, 0xF2CB, 0xF2CB, 0xEACB, 0xF2CB, 0xEACB,
    0xEAAB, 0xEAAB, 0xEAAB, 0xEAAB, 0xEAAB, 0xEA8B, 0xEA8B, 0xEA8B, 0xEA8B, 0xEA6B, 0xEA6B, 0xEA6B, 0xEA6B, 0xEA4B, 0xEA4B, 0xEA4B,
    0xEA4B, 0xEA4A, 0xEA2A, 0xEA2A, 0xEA2A, 0xEA2A, 0xE20A, 0xE20A, 0xE20A, 0xE20A, 0xE1EA, 0xE1EA, 0xE1EA, 0xE1EA, 0xE1EA, 0xE1CA,
    0xE1CA, 0xE1CA, 0xE1CA, 0xE1AA, 0xE1AA, 0xE1AA, 0xE1AA, 0xE1AA, 0xE189, 0xE189, 0xE189, 0xD989, 0xD989, 0xD969, 0xD969, 0xD969,
    0xD969, 0xD169, 0xD169, 0xD169, 0xD169, 0xD169, 0xD169, 0xC969, 0xC949, 0xC949, 0xC949, 0xC949, 0xC948, 0xC948, 0xC148, 0xC148,
    0xC148, 0xC148, 0xC148, 0xC128, 0xB928, 0xB928, 0xB928, 0xB928, 0xB928, 0xB928, 0xB128, 0xB128, 0xB128, 0xB108, 0xB107, 0xA907,
    0xA907, 0xA907, 0xA907, 0xA907, 0xA107, 0xA0E7, 0xA0E7, 0xA0E7, 0xA0E7, 0x98E7, 0x98E7, 0x98E7, 0x98E7, 0x98E7, 0x98E6, 0x90C6,
    0x90C6, 0x90C6, 0x90C6, 0x90C6, 0x88C6, 0x88C6, 0x88C6, 0x88A6, 0x80A6, 0x80A6, 0x80A6, 0x80A6, 0x80A6, 0x78A5, 0x78A5, 0x78A5,
    0x78A5, 0x78A5, 0x7085, 0x7085, 0x7085, 0x7085, 0x7085, 0x6885, 0xDAEB, 0xDAEB, 0xDB0B, 0xDB0B, 0xDB0B, 0xE30B, 0xE32B, 0xE32B,
    0xE32B, 0xE34B, 0xE34B, 0xE34B, 0xEB4C, 0xEB6C, 0xEB6C, 0xEB6C, 0xEB6C, 0xEB6C, 0xEB6C, 0xEB6C, 0xEB6C, 0xEB6C, 0xEB6C, 0xEB6C,
    0xF34C, 0xF34C, 0xF34C, 0xF34C, 0xF34C, 0xF34C, 0xF34C, 0xF32C, 0xF32C, 0xF32C, 0xF32C, 0xF32C, 0xF32C, 0xF30C, 0xF30C, 0xF30C,
    0xF30C, 0xF30C, 0xF2EC, 0xF2EC, 0xF2EB, 0xF2EB, 0xF2EB, 0xF2EB, 0xF2CB, 0xF2CB, 0xF2CB, 0xEACB, 0xEAAB, 0xEAAB, 0xEAAB, 0xEAAB,
    0xEAAB, 0xEA8B, 0xEA8B, 0xEA8B, 0xEA8B, 0xEA6B, 0xEA6B, 0xEA6B, 0xEA6B, 0xEA4B, 0xEA4B, 0xEA4B, 0xEA4B, 0xEA4A, 0xEA2A, 0xEA2A,
    0xEA2A, 0xEA2A, 0xE20A, 0xE20A, 0xE20A, 0xE20A, 0xE1EA, 0xE1EA, 0xE1EA, 0xE1EA, 0xE1EA, 0xE1CA, 0xE1CA, 0xE1CA, 0xE1CA, 0xE1AA,
    0xE1AA, 0xE1AA, 0xE1AA, 0xE1AA, 0xE189, 0xE189, 0xE189, 0xD989, 0xD989, 0xD969, 0xD969, 0xD969, 0xD969, 0xD169, 0xD169, 0xD169,
    0xD169, 0xD169, 0xD169, 0xC969, 0xC949, 0xC949, 0xC949, 0xC949, 0xC949, 0xC948, 0xC148, 0xC148, 0xC148, 0xC148, 0xC148, 0xC128,
    0xB928, 0xB928, 0xB928, 0xB928, 0xB928, 0xB928, 0xB128, 0xB128, 0xB128, 0xB108, 0xB107, 0xA907, 0xA907, 0xA907, 0xA907, 0xA907,
    0xA907, 0xA0E7, 0xA0E7, 0xA0E7, 0xA0E7, 0xA0E7, 0x98E7, 0x98E7, 0x98E7, 0x98E7, 0x98E7, 0x90C6, 0x90C6, 0x90C6, 0x90C6, 0x90C6,
    0x88C6, 0x88C6, 0x88C6, 0x88A6, 0x88A6, 0x80A6, 0x80A6, 0x80A6, 0x80A6, 0x80A6, 0x78A5, 0x78A5, 0x78A5, 0x78A5, 0x7885, 0x7085,
    0x7085, 0x7085, 0x7085, 0x7085, 0xDAEB, 0xDAEB, 0xDB0B, 0xDB0B, 0xE30B, 0xE32B, 0xE32B, 0xE32B, 0xE34B, 0xE34B, 0xE34B, 0xE34C,
    0xEB6C, 0xEB6C, 0xEB6C, 0xEB6C, 0xEB6C, 0xEB6C, 0xEB6C, 0xEB6C, 0xEB6C, 0xF36C, 0xEB6C, 0xEB6C, 0xF36C, 0xF36C, 0xF34C, 0xF34C,
    0xF34C, 0xF34C, 0xF34C, 0xF34C, 0xF34C, 0xF32C, 0xF32C, 0xF32C, 0xF32C, 0xF30C, 0xF30C, 0xF30C, 0xF30C, 0xF30C, 0xF2EC, 0xF2EC,
    0xF2EB, 0xF2EB, 0xF2EC, 0xF2EB, 0xF2CB, 0xF2CB, 0xF2CB, 0xF2CB, 0xF2AB, 0xF2AB, 0xEAAB, 0xEAAB, 0xEAAB, 0xEA8B, 0xEA8B, 0xEA8B,
    0xEA8B, 0xEA6B, 0xEA6B, 0xEA6B, 0xEA6B, 0xEA4B, 0xEA4B, 0xEA4B, 0xEA4B, 0xEA4A, 0xEA2A, 0xEA2A, 0xEA2A, 0xEA2A, 0xE20A, 0xE20A,
    0xE20A, 0xE20A, 0xE1EA, 0xE1EA, 0xE1EA, 0xE1EA, 0xE1EA, 0xE1CA, 0xE1CA, 0xE1CA, 0xE1CA, 0xE1AA, 0xE1AA, 0xE1AA, 0xE1AA, 0xE1AA,
    0xE189, 0xE189, 0xE189, 0xD989, 0xD989, 0xD969, 0xD969, 0xD969, 0xD969, 0xD169, 0xD169, 0xD169, 0xD169, 0xD169, 0xD169, 0xD169,
    0xC949, 0xC949, 0xC949, 0xC949, 0xC949, 0xC948, 0xC148, 0xC148, 0xC148, 0xC148, 0xC148, 0xC128, 0xB928, 0xB928, 0xB928, 0xB928,
    0xB928, 0xB928, 0xB128, 0xB128, 0xB128, 0xB108, 0xB107, 0xB107, 0xA907, 0xA907, 0xA907, 0xA907, 0xA907, 0xA0E7, 0xA0E7, 0xA0E7,
    0xA0E7, 0xA0E7, 0x98E7, 0x98E7, 0x98E7, 0x98E7, 0x98E7, 0x90E6, 0x90C7, 0x90C6, 0x90C6, 0x90C6, 0x88C6, 0x88C6, 0x88C6, 0x88A6,
    0x88A6, 0x80A6, 0x80A6, 0x80A6, 0x80A6, 0x80A6, 0x78A6, 0x78A5, 0x78A5, 0x78A5, 0x7885, 0x7085, 0x7085, 0x7085, 0x7085, 0x7085,
    0xDAEB, 0xDB0B, 0xDB0B, 0xE30B, 0xE32B, 0xE32B, 0xE32B, 0xE32B, 0xE34B, 0xE34B, 0xEB4C, 0xEB6C, 0xEB6C, 0xEB6C, 0xEB6C, 0xEB8C,
    0xEB8C, 0xEB8C, 0xF38C, 0xF36C, 0xF36C, 0xF36C, 0xF36C, 0xF36C, 0xF36C, 0xF36C, 0xF36C, 0xF34C, 0xF34C, 0xF34C, 0xF34C, 0xF34C,
    0xF34C, 0xF32C, 0xF32C, 0xF32C, 0xF32C, 0xF32C, 0xF32C, 0xF30C, 0xF30C, 0xF30C, 0xF30C, 0xF2EC, 0xF2EC, 0xF2EC, 0xF2EC, 0xF2EB,
    0xF2CB, 0xF2CB, 0xF2CB, 0xF2CB, 0xF2AB, 0xF2AB, 0xEAAB, 0xEAAB, 0xEAAB, 0xEA8B, 0xEA8B, 0xEA8B, 0xEA8B, 0xEA6B, 0xEA6B, 0xEA6B,
    0xEA6B, 0xEA4B, 0xEA4B, 0xEA4B, 0xEA4B, 0xEA4A, 0xEA2A, 0xEA2A, 0xEA2A, 0xEA2A, 0xE20A, 0xE20A, 0xE20A, 0xE20A, 0xE20A, 0xE1EA,
    0xE1EA, 0xE1EA, 0xE1EA, 0xE1CA, 0xE1CA, 0xE1CA, 0xE1CA, 0xE1AA, 0xE1AA, 0xE1AA, 0xE1AA, 0xE1AA, 0xE189, 0xE189, 0xE189, 0xD989,
    0xD989, 0xD969, 0xD969, 0xD969, 0xD969, 0xD169, 0xD169, 0xD169, 0xD169, 0xD169, 0xD169, 0xD169, 0xC949, 0xC949, 0xC949, 0xC949,
    0xC949, 0xC948, 0xC148, 0xC148, 0xC148, 0xC148, 0xC148, 0xC128, 0xB928, 0xB928, 0xB928, 0xB928, 0xB928, 0xB928, 0xB128, 0xB128,
    0xB128, 0xB108, 0xB107, 0xB107, 0xA907, 0xA907, 0xA907, 0xA907, 0xA907, 0xA0E7, 0xA0E7, 0xA0E7, 0xA0E7, 0xA0E7, 0x98E7, 0x98E7,
    0x98E7, 0x98E7, 0x98E7, 0x98E7, 0x90C6, 0x90C6, 0x90C6, 0x90C6, 0x88C6, 0x88C6, 0x88C6, 0x88C6, 0x88A6, 0x80A6, 0x80A6, 0x80A6,
    0x80A6, 0x80A6, 0x80A6, 0x78A6, 0x78A5, 0x78A5, 0x7885, 0x7085, 0x7085, 0x7085, 0x7085, 0x7085, 0xDB0B, 0xDB0B, 0xDB0B, 0xE30B,
    0xE32B, 0xE32B, 0xE32B, 0xE34B, 0xE34B, 0xEB4C, 0xEB6C, 0xEB6C, 0xEB6C, 0xEB6C, 0xEB8C, 0xEB8C, 0xF38C, 0xF38C, 0xF38C, 0xF38C,
    0xF38C, 0xF36C, 0xF36C, 0xF36C, 0xF36C, 0xF36C, 0xF36C, 0xF34C, 0xF34C, 0xF34C, 0xF34C, 0xF34C, 0xF34C, 0xF32C, 0xF32C, 0xF32C,
    0xF32C, 0xF32C, 0xF30C, 0xF30C, 0xF30C, 0xF30C, 0xF30C, 0xF30C, 0xF2EC, 0xF2EC, 0xF2EC, 0xF2EB, 0xF2CB, 0xF2CB, 0xF2CB, 0xF2CB,
    0xF2AB, 0xF2AB, 0xEAAB, 0xEAAB, 0xEAAB, 0xEA8B, 0xEA8B, 0xEA8B, 0xEA8B, 0xEA6B, 0xEA6B, 0xEA6B, 0xEA6B, 0xEA4B, 0xEA4B, 0xEA4B,
    0xEA4B, 0xEA4A, 0xEA2A, 0xEA2A, 0xEA2A, 0xEA2A, 0xE20A, 0xE20A, 0xE20A, 0xE20A, 0xE20A, 0xE1EA, 0xE1EA, 0xE1EA, 0xE1EA, 0xE1CA,
    0xE1CA, 0xE1CA, 0xE1CA, 0xE1AA, 0xE1AA, 0xE1AA, 0xE1AA, 0xE1AA, 0xE189, 0xE189, 0xE189, 0xD989, 0xD989, 0xD969, 0xD969, 0xD969,
    0xD969, 0xD169, 0xD169, 0xD169, 0xD169, 0xD169, 0xD169, 0xD169, 0xC949, 0xC949, 0xC949, 0xC949, 0xC949, 0xC948, 0xC148, 0xC148,
    0xC148, 0xC148, 0xC148, 0xC128, 0xB928, 0xB928, 0xB928, 0xB928, 0xB928, 0xB928, 0xB128, 0xB128, 0xB128, 0xB108, 0xB108, 0xB107,
    0xA907, 0xA907, 0xA907, 0xA907, 0xA907, 0xA0E7, 0xA0E7, 0xA0E7, 0xA0E7, 0xA0E7, 0xA0E7, 0x98E7, 0x98E7, 0x98E7, 0x98E7, 0x98E7,
    0x90C6, 0x90C6, 0x90C6, 0x90C6, 0x90C6, 0x88C6, 0x88C6, 0x88C6, 0x88C6, 0x88C6, 0x80A6, 0x80A6, 0x80A6, 0x80A6, 0x80A6, 0x78A5,
    0x78A5, 0x78A5, 0x7885, 0x7885, 0x7085, 0x7085, 0x7085, 0x7085, 0xDB0B, 0xDB0B, 0xE30B, 0xE30B, 0xE32B, 0xE32B, 0xE32B, 0xE34B,
    0xEB4C, 0xEB4C, 0xEB6C, 0xEB6C, 0xEB6C, 0xEB8C, 0xEB8C, 0xF38C, 0xF38C, 0xF38C, 0xF38C, 0xF38C, 0xF38C, 0xF36C, 0xF36C, 0xF36C,
    0xF36C, 0xF36C, 0xF36C, 0xF36C, 0xF34C, 0xF34C, 0xF34C, 0xF34C, 0xF34C, 0xF32C, 0xF32C, 0xF32C, 0xF32C, 0xF32C, 0xF30C, 0xF30C,
    0xF30C, 0xF30C, 0xF30C, 0xF30C, 0xF2EC, 0xF2EC, 0xF2EC, 0xF2EB, 0xF2CB, 0xF2CB, 0xF2CB, 0xF2CB, 0xF2AB, 0xF2AB, 0xEAAB, 0xEAAB,
    0xEAAB, 0xEA8B, 0xEA8B, 0xEA8B, 0xEA8B, 0xEA6B, 0xEA6B, 0xEA6B, 0xEA6B, 0xEA4B, 0xEA4B, 0xEA4B, 0xEA4B, 0xEA4A, 0xEA2A, 0xEA2A,
    0xEA2A, 0xEA2A, 0xE20A, 0xE20A, 0xE20A, 0xE20A, 0xE20A, 0xE1EA, 0xE1EA, 0xE1EA, 0xE1EA, 0xE1CA, 0xE1CA, 0xE1CA, 0xE1CA, 0xE1AA,
    0xE1AA, 0xE1AA, 0xE1AA, 0xE1AA, 0xE189, 0xE189, 0xE189, 0xD989, 0xD989, 0xD969, 0xD969, 0xD969, 0xD969, 0xD169, 0xD169, 0xD169,
    0xD169, 0xD169, 0xD169, 0xD169, 0xC949, 0xC949, 0xC949, 0xC949, 0xC949, 0xC948, 0xC148, 0xC148, 0xC148, 0xC148, 0xC148, 0xC128,
    0xB928, 0xB928, 0xB928, 0xB928, 0xB928, 0xB928, 0xB928, 0xB128, 0xB128, 0xB108, 0xB108, 0xB108, 0xA907, 0xA907, 0xA907, 0xA907,
    0xA907, 0xA907, 0xA0E7, 0xA0E7, 0xA0E7, 0xA0E7, 0xA0E7, 0x98E7, 0x98E7, 0x98E7, 0x98E7, 0x98E7, 0x90C6, 0x90C6, 0x90C6, 0x90C6,
    0x90C6, 0x90C6, 0x88C6, 0x88C6, 0x88C6, 0x88C6, 0x80A6, 0x80A6, 0x80A6, 0x80A6, 0x80A6, 0x78A5, 0x78A5, 0x78A5, 0x7885, 0x7885,
    0x7085, 0x7085, 0x7085, 0x7085, 0xDB0B, 0xE30B, 0xE30B, 0xE32B, 0xE32B, 0xE32B, 0xE34B, 0xE34C, 0xEB4C, 0xEB6C, 0xEB6C, 0xEB6C,
    0xEB8C, 0xF38C, 0xF38C, 0xF38C, 0xF38C, 0xF38C, 0xF38C, 0xF38C, 0xF38C, 0xF38C, 0xF36C, 0xF36C, 0xF36C, 0xF36C, 0xF36C, 0xF36C,
    0xF36C, 0xF34C, 0xF34C, 0xF34C, 0xF34C, 0xF34C, 0xF32C, 0xF32C, 0xF32C, 0xF32C, 0xF32C, 0xF32C, 0xF30C, 0xF30C, 0xF30C, 0xF30C,
    0xF2EC, 0xF2EC, 0xF2EC, 0xF2EB, 0xF2CB, 0xF2CB, 0xF2CB, 0xF2CB, 0xF2AB, 0xF2AB, 0xEAAB, 0xEAAB, 0xEAAB, 0xEA8B, 0xEA8B, 0xEA8B,
    0xEA8B, 0xEA6B, 0xEA6B, 0xEA6B, 0xEA6B, 0xEA4B, 0xEA4B, 0xEA4B, 0xEA4B, 0xEA4A, 0xEA2A, 0xEA2A, 0xEA2A, 0xEA2A, 0xE20A, 0xE20A,
    0xE20A, 0xE20A, 0xE20A, 0xE1EA, 0xE1EA, 0xE1EA, 0xE1EA, 0xE1CA, 0xE1CA, 0xE1CA, 0xE1CA, 0xE1AA, 0xE1AA, 0xE1AA, 0xE1AA, 0xE1AA,
    0xE189, 0xE189, 0xE189, 0xD989, 0xD989, 0xD969, 0xD969, 0xD969, 0xD969, 0xD169, 0xD169, 0xD169, 0xD169, 0xD169, 0xD169, 0xD169,
    0xC949, 0xC949, 0xC949, 0xC949, 0xC949, 0xC948, 0xC148, 0xC148, 0xC148, 0xC148, 0xC148, 0xC128, 0xB928, 0xB928, 0xB928, 0xB928,
    0xB928, 0xB928, 0xB928, 0xB128, 0xB128, 0xB108, 0xB108, 0xB108, 0xA908, 0xA907, 0xA907, 0xA907, 0xA907, 0xA907, 0xA107, 0xA107,
    0xA0E7, 0xA0E7, 0xA0E7, 0x98E7, 0x98E7, 0x98E7, 0x98E7, 0x98E7, 0x98C7, 0x90C6, 0x90C6, 0x90C6, 0x90C6, 0x90C6, 0x88C6, 0x88C6,
    0x88C6, 0x88C6, 0x88A6, 0x80A6, 0x80A6, 0x80A6, 0x80A6, 0x78A5, 0x78A5, 0x78A5, 0x7885, 0x7885, 0x7885, 0x7085, 0x7085, 0x7085,
    0xDB0B, 0xE30B, 0xE30B, 0xE32B, 0xE32B, 0xE32B, 0xE34B, 0xEB4C, 0xEB4C, 0xEB6C, 0xEB6C, 0xEB6C, 0xEB6C, 0xEB8C, 0xF38C, 0xF38C,
    0xF38C, 0xF38C, 0xF38C, 0xF38C, 0xF38C, 0xF38C, 0xF36C, 0xF36C, 0xF36C, 0xF36C, 0xF36C, 0xF36C, 0xF36C, 0xF34C, 0xF34C, 0xF34C,
    0xF34C, 0xF34C, 0xF32C, 0xF32C, 0xF32C, 0xF32C, 0xF32C, 0xF32C, 0xF30C, 0xF30C, 0xF30C, 0xF30C, 0xF2EC, 0xF2EC, 0xF2EC, 0xF2EB,
    0xF2CB, 0xF2CB, 0xF2CB, 0xF2CB, 0xF2AB, 0xF2AB, 0xEAAB, 0xEAAB, 0xEAAB, 0xEA8B, 0xEA8B, 0xEA8B, 0xEA8B, 0xEA6B, 0xEA6B, 0xEA6B,
    0xEA6B, 0xEA4B, 0xEA4B, 0xEA4B, 0xEA4B, 0xEA4A, 0xEA2A, 0xEA2A, 0xEA2A, 0xEA2A, 0xE20A, 0xE20A, 0xE20A, 0xE20A, 0xE20A, 0xE1EA,
    0xE1EA, 0xE1EA, 0xE1EA, 0xE1CA, 0xE1CA, 0xE1CA, 0xE1CA, 0xE1AA, 0xE1AA, 0xE1AA, 0xE1AA, 0xE1AA, 0xE189, 0xE189, 0xE189, 0xD989,
    0xD989, 0xD969, 0xD969, 0xD969, 0xD969, 0xD169, 0xD169, 0xD169, 0xD169, 0xD169, 0xD169, 0xD169, 0xC949, 0xC949, 0xC949, 0xC949,
    0xC949, 0xC948, 0xC148, 0xC148, 0xC148, 0xC148, 0xC148, 0xC128, 0xB928, 0xB928, 0xB928, 0xB928, 0xB928, 0xB928, 0xB928, 0xB128,
    0xB128, 0xB108, 0xB108, 0xB108, 0xA908, 0xA907, 0xA907, 0xA907, 0xA907, 0xA907, 0xA107, 0xA107, 0xA0E7, 0xA0E7, 0xA0E7, 0x98E7,
    0x98E7, 0x98E7, 0x98E7, 0x98E7, 0x98C6, 0x90C6, 0x90C6, 0x90C6, 0x90C6, 0x90C6, 0x88C6, 0x88C6, 0x88C6, 0x88C6, 0x88A6, 0x80A6,
    0x80A6, 0x80A6, 0x80A6, 0x78A5, 0x78A5, 0x78A5, 0x7885, 0x7885, 0x7885, 0x7085, 0x7085, 0x7085, 0xE30B, 0xE30B, 0xE30B, 0xE32B,
    0xE32B, 0xE32B, 0xEB4B, 0xEB4C, 0xEB4C, 0xEB6C, 0xEB6C, 0xEB6C, 0xEB8C, 0xF38C, 0xF38C, 0xF38C, 0xF38C, 0xF38C, 0xF38C, 0xF38C,
    0xF38C, 0xF38C, 0xF38C, 0xF36C, 0xF36C, 0xF36C, 0xF36C, 0xF36C, 0xF34C, 0xF34C, 0xF34C, 0xF34C, 0xF34C, 0xF34C, 0xF32C, 0xF32C,
    0xF32C, 0xF32C, 0xF32C, 0xF30C, 0xF30C, 0xF30C, 0xF30C, 0xF30C, 0xF2EC, 0xF2EC, 0xF2EC, 0xF2EB, 0xF2CB, 0xF2CB, 0xF2CB, 0xF2CB,
    0xF2AB, 0xF2AB, 0xEAAB, 0xEAAB, 0xEAAB, 0xEA8B, 0xEA8B, 0xEA8B, 0xEA8B, 0xEA6B, 0xEA6B, 0xEA6B, 0xEA6B, 0xEA4B, 0xEA4B, 0xEA4B,
    0xEA4B, 0xEA4A, 0xEA2A, 0xEA2A, 0xEA2A, 0xEA2A, 0xE20A, 0xE20A, 0xE20A, 0xE20A, 0xE20A, 0xE1EA, 0xE1EA, 0xE1EA, 0xE1EA, 0xE1CA,
    0xE1CA, 0xE1CA, 0xE1CA, 0xE1AA, 0xE1AA, 0xE1AA, 0xE1AA, 0xE1AA, 0xE189, 0xE189, 0xE189, 0xD989, 0xD989, 0xD969, 0xD969, 0xD969,
    0xD969, 0xD169, 0xD169, 0xD169, 0xD169, 0xD169, 0xD169, 0xD169, 0xC949, 0xC949, 0xC949, 0xC949, 0xC949, 0xC948, 0xC148, 0xC148,
    0xC148, 0xC148, 0xC148, 0xC128, 0xB928, 0xB928, 0xB928, 0xB928, 0xB928, 0xB928, 0xB928, 0xB128, 0xB128, 0xB108, 0xB108, 0xB108,
    0xB108, 0xA907, 0xA907, 0xA907, 0xA907, 0xA907, 0xA907, 0xA107, 0xA0E7, 0xA0E7, 0xA0E7, 0x98E7, 0x98E7, 0x98E7, 0x98E7, 0x98E7,
    0x98C7, 0x90C6, 0x90C6, 0x90C6, 0x90C6, 0x90C6, 0x88C6, 0x88C6, 0x88C6, 0x88C6, 0x88A6, 0x80A6, 0x80A6, 0x80A6, 0x80A6, 0x80A6,
    0x78A5, 0x78A5, 0x7885, 0x7885, 0x7885, 0x7085, 0x7085, 0x7085, 0xE30B, 0xE30B, 0xE32B, 0xE32B, 0xE32B, 0xE34B, 0xEB4C, 0xEB4C,
    0xEB4C, 0xEB6C, 0xEB6C, 0xEB6C, 0xF36C, 0xF38C, 0xF38C, 0xF38C, 0xF38C, 0xF38C, 0xF38C, 0xF38C, 0xF38C, 0xF38C, 0xF36C, 0xF36C,
    0xF36C, 0xF36C, 0xF36C, 0xF36C, 0xF36C, 0xF36C, 0xF34C, 0xF34C, 0xF34C, 0xF34C, 0xF34C, 0xF32C, 0xF32C, 0xF32C, 0xF32C, 0xF30C,
    0xF30C, 0xF30C, 0xF30C, 0xF30C, 0xF2EC, 0xF2EC, 0xF2EC, 0xF2EB, 0xF2CB, 0xF2CB, 0xF2CB, 0xF2CB, 0xF2AB, 0xF2AB, 0xEAAB, 0xEAAB,
    0xEAAB, 0xEA8B, 0xEA8B, 0xEA8B, 0xEA8B, 0xEA6B, 0xEA6B, 0xEA6B, 0xEA6B, 0xEA4B, 0xEA4B, 0xEA4B, 0xEA4B, 0xEA4A, 0xEA2A, 0xEA2A,
    0xEA2A, 0xEA2A, 0xE20A, 0xE20A, 0xE20A, 0xE20A, 0xE20A, 0xE1EA, 0xE1EA, 0xE1EA, 0xE1EA, 0xE1CA, 0xE1CA, 0xE1CA, 0xE1CA, 0xE1AA,
    0xE1AA, 0xE1AA, 0xE1AA, 0xE1AA, 0xE189, 0xE189, 0xE189, 0xD989, 0xD989, 0xD969, 0xD969, 0xD969, 0xD969, 0xD169, 0xD169, 0xD169,
    0xD169, 0xD169, 0xD169, 0xD169, 0xC949, 0xC949, 0xC949, 0xC949, 0xC949, 0xC948, 0xC148, 0xC148, 0xC148, 0xC148, 0xC148, 0xC128,
    0xB928, 0xB928, 0xB928, 0xB928, 0xB928, 0xB928, 0xB928, 0xB128, 0xB128, 0xB108, 0xB108, 0xB108, 0xB108, 0xB107, 0xA907, 0xA907,
    0xA907, 0xA907, 0xA107, 0xA107, 0xA0E7, 0xA0E7, 0xA0E7, 0xA0E7, 0x98E7, 0x98E7, 0x98E7, 0x98E7, 0x98C7, 0x90C7, 0x90C6, 0x90C6,
    0x90C6, 0x90C6, 0x90C6, 0x88C6, 0x88C6, 0x88C6, 0x88A6, 0x88A6, 0x80A6, 0x80A6, 0x80A6, 0x80A6, 0x78A6, 0x78A5, 0x78A5, 0x7885,
    0x7885, 0x7085, 0x7085, 0x7085, 0xE30B, 0xE30B, 0xE32B, 0xE32B, 0xE32B, 0xEB4B, 0xEB4C, 0xEB4C, 0xEB4C, 0xEB6C, 0xEB6C, 0xEB6C,
    0xF36C, 0xF36C, 0xF38C, 0xF38C, 0xF38C, 0xF38C, 0xF38C, 0xF38C, 0xF38C, 0xF38C, 0xF36C, 0xF38C, 0xF36C, 0xF36C, 0xF36C, 0xF36C,
    0xF36C, 0xF34C, 0xF34C, 0xF34C, 0xF34C, 0xF34C, 0xF34C, 0xF32C, 0xF32C, 0xF32C, 0xF32C, 0xF30C, 0xF30C, 0xF30C, 0xF30C, 0xF30C,
    0xF2EC, 0xF2EC, 0xF2EC, 0xF2EB, 0xF2CB, 0xF2CB, 0xF2CB, 0xF2CB, 0xF2AB, 0xF2AB, 0xEAAB, 0xEAAB, 0xEAAB, 0xEA8B, 0xEA8B, 0xEA8B,
    0xEA8B, 0xEA6B, 0xEA6B, 0xEA6B, 0xEA6B, 0xEA4B, 0xEA4B, 0xEA4B, 0xEA4B, 0xEA4A, 0xEA2A, 0xEA2A, 0xEA2A, 0xEA2A, 0xE20A, 0xE20A,
    0xE20A, 0xE20A, 0xE1EA, 0xE1EA, 0xE1EA, 0xE1EA, 0xE1EA, 0xE1CA, 0xE1CA, 0xE1CA, 0xE1CA, 0xE1AA, 0xE1AA, 0xE1AA, 0xE1AA, 0xE1AA,
    0xE189, 0xE189, 0xE189, 0xD989, 0xD989, 0xD969, 0xD969, 0xD969, 0xD969, 0xD169, 0xD169, 0xD169, 0xD169, 0xD169, 0xD169, 0xC969,
    0xC949, 0xC949, 0xC949, 0xC949, 0xC949, 0xC948, 0xC148, 0xC148, 0xC148, 0xC148, 0xC148, 0xC128, 0xB928, 0xB928, 0xB928, 0xB928,
    0xB928, 0xB928, 0xB928, 0xB128, 0xB128, 0xB108, 0xB108, 0xB108, 0xB108, 0xA907, 0xA907, 0xA907, 0xA907, 0xA907, 0xA107, 0xA107,
    0xA0E7, 0xA0E7, 0xA0E7, 0xA0E7, 0x98E7, 0x98E7, 0x98E7, 0x98E7, 0x98C7, 0x90C7, 0x90C7, 0x90C6, 0x90C6, 0x90C6, 0x90C6, 0x88C6,
    0x88C6, 0x88C6, 0x88A6, 0x88A6, 0x80A6, 0x80A6, 0x80A6, 0x80A6, 0x78A6, 0x78A6, 0x78A5, 0x7885, 0x7885, 0x7085, 0x7085, 0x7085,
    0xE30B, 0xE30B, 0xE32B, 0xE32B, 0xEB2B, 0xEB4B, 0xEB4C, 0xEB4C, 0xEB4C, 0xEB6C, 0xEB6C, 0xF36C, 0xF36C, 0xF36C, 0xF36C, 0xF38C,
    0xF38C, 0xF38C, 0xF38C, 0xF38C, 0xF38C, 0xF38C, 0xF36C, 0xF36C, 0xF36C, 0xF36C, 0xF36C, 0xF36C, 0xF36C, 0xF34C, 0xF34C, 0xF34C,
    0xF34C, 0xF34C, 0xF34C, 0xF32C, 0xF32C, 0xF32C, 0xF32C, 0xF30C, 0xF30C, 0xF30C, 0xF30C, 0xF2EC, 0xF2EC, 0xF2EC, 0xF2EC, 0xF2EB,
    0xF2CB, 0xF2CB, 0xF2CB, 0xF2CB, 0xF2AB, 0xF2AB, 0xEAAB, 0xEAAB, 0xEAAB, 0xEA8B, 0xEA8B, 0xEA8B, 0xEA8B, 0xEA6B, 0xEA6B, 0xEA6B,
    0xEA6B, 0xEA4B, 0xEA4B, 0xEA4B, 0xEA4B, 0xEA4A, 0xEA2A, 0xEA2A, 0xEA2A, 0xEA2A, 0xE20A, 0xE20A, 0xE20A, 0xE20A, 0xE1EA, 0xE1EA,
    0xE1EA, 0xE1EA, 0xE1EA, 0xE1CA, 0xE1CA, 0xE1CA, 0xE1CA, 0xE1AA, 0xE1AA, 0xE1AA, 0xE1AA, 0xE1AA, 0xE189, 0xE189, 0xE189, 0xD989,
    0xD989, 0xD969, 0xD969, 0xD969, 0xD969, 0xD169, 0xD169, 0xD169, 0xD169, 0xD169, 0xD169, 0xC969, 0xC949, 0xC949, 0xC949, 0xC949,
    0xC949, 0xC948, 0xC148, 0xC148, 0xC148, 0xC148, 0xC148, 0xC128, 0xB928, 0xB928, 0xB928, 0xB928, 0xB928, 0xB928, 0xB928, 0xB128,
    0xB128, 0xB108, 0xB108, 0xB108, 0xB108, 0xA907, 0xA907, 0xA907, 0xA907, 0xA907, 0xA907, 0xA107, 0xA0E7, 0xA0E7, 0xA0E7, 0xA0E7,
    0xA0E7, 0x98E7, 0x98E7, 0x98E7, 0x98E7, 0x98C7, 0x90C7, 0x90C6, 0x90C6, 0x90C6, 0x90C6, 0x88C6, 0x88C6, 0x88C6, 0x88A6, 0x88A6,
    0x80A6, 0x80A6, 0x80A6, 0x80A6, 0x80A6, 0x78A6, 0x78A5, 0x78A5, 0x7885, 0x7885, 0x7085, 0x7085, 0xE30B, 0xE30B, 0xE32B, 0xE32B,
    0xEB2B, 0xEB4C, 0xEB4C, 0xEB4C, 0xEB4C, 0xEB4C, 0xEB6C, 0xF36C, 0xF36C, 0xF36C, 0xF38C, 0xF38C, 0xF38C, 0xF38C, 0xF38C, 0xF38C,
    0xF38C, 0xF36C, 0xF36C, 0xF36C, 0xF36C, 0xF36C, 0xF36C, 0xF36C, 0xF34C, 0xF34C, 0xF34C, 0xF34C, 0xF34C, 0xF34C, 0xF32C, 0xF32C,
    0xF32C, 0xF32C, 0xF32C, 0xF30C, 0xF30C, 0xF30C, 0xF30C, 0xF2EC, 0xF2EC, 0xF2EC, 0xF2EB, 0xF2EB, 0xF2CB, 0xF2CB, 0xF2CB, 0xF2CB,
    0xF2AB, 0xF2AB, 0xEAAB, 0xEAAB, 0xEAAB, 0xEA8B, 0xEA8B, 0xEA8B, 0xEA8B, 0xEA6B, 0xEA6B, 0xEA6B, 0xEA6B, 0xEA4B, 0xEA4B, 0xEA4B,
    0xEA4B, 0xEA4A, 0xEA2A, 0xEA2A, 0xEA2A, 0xEA2A, 0xE20A, 0xE20A, 0xE20A, 0xE20A, 0xE1EA, 0xE1EA, 0xE1EA, 0xE1EA, 0xE1EA, 0xE1CA,
    0xE1CA, 0xE1CA, 0xE1CA, 0xE1AA, 0xE1AA, 0xE1AA, 0xE1AA, 0xE1AA, 0xE189, 0xE189, 0xE189, 0xD989, 0xD989, 0xD969, 0xD969, 0xD969,
    0xD969, 0xD169, 0xD169, 0xD169, 0xD169, 0xD169, 0xD169, 0xC969, 0xC949, 0xC949, 0xC949, 0xC949, 0xC948, 0xC948, 0xC148, 0xC148,
    0xC148, 0xC148, 0xC148, 0xC128, 0xB928, 0xB928, 0xB928, 0xB928, 0xB928, 0xB928, 0xB928, 0xB128, 0xB128, 0xB108, 0xB108, 0xB108,
    0xB108, 0xA907, 0xA907, 0xA907, 0xA907, 0xA907, 0xA907, 0xA107, 0xA0E7, 0xA0E7, 0xA0E7, 0xA0E7, 0xA0E7, 0x98E7, 0x98E7, 0x98E7,
    0x98E7, 0x98E7, 0x90C7, 0x90C6, 0x90C6, 0x90C6, 0x90C6, 0x88C6, 0x88C6, 0x88C6, 0x88A6, 0x88A6, 0x80A6, 0x80A6, 0x80A6, 0x80A6,
    0x80A6, 0x78A6, 0x78A5, 0x78A5, 0x78A5, 0x7885, 0x7085, 0x7085, 0xE30B, 0xE30B, 0xE32B, 0xEB2B, 0xEB2B, 0xEB4C, 0xEB4C, 0xEB4C,
    0xEB4C, 0xEB6C, 0xF36C, 0xF36C, 0xF36C, 0xF36C, 0xF36C, 0xF36C, 0xF38C, 0xF38C, 0xF36C, 0xF38C, 0xF36C, 0xF36C, 0xF36C, 0xF36C,
    0xF36C, 0xFB6C, 0xF36C, 0xF36C, 0xFB6C, 0xF34C, 0xF34C, 0xFB4C, 0xF34C, 0xF34C, 0xF32C, 0xF32C, 0xF32C, 0xF32C, 0xF30C, 0xF30C,
    0xF30C, 0xF30C, 0xF30C, 0xF2EC, 0xF2EC, 0xF2EC, 0xF2EB, 0xF2CB, 0xF2CB, 0xF2CB, 0xF2CB, 0xF2CB, 0xF2AB, 0xF2AB, 0xEAAB, 0xEAAB,
    0xEA8B, 0xEA8B, 0xEA8B, 0xEA8B, 0xEA6B, 0xEA6B, 0xEA6B, 0xEA6B, 0xEA6B, 0xEA4B, 0xEA4B, 0xEA4B, 0xEA4B, 0xEA2A, 0xEA2A, 0xEA2A,
    0xEA2A, 0xEA2A, 0xE20A, 0xE20A, 0xE20A, 0xE20A, 0xE1EA, 0xE1EA, 0xE1EA, 0xE1EA, 0xE1CA, 0xE1CA, 0xE1CA, 0xE1CA, 0xE1CA, 0xE1AA,
    0xE1AA, 0xE1AA, 0xE1AA, 0xE18A, 0xE189, 0xE189, 0xE189, 0xD989, 0xD989, 0xD969, 0xD969, 0xD969, 0xD969, 0xD169, 0xD169, 0xD169,
    0xD169, 0xD169, 0xD169, 0xC969, 0xC949, 0xC949, 0xC949, 0xC949, 0xC948, 0xC148, 0xC148, 0xC148, 0xC148, 0xC148, 0xC148, 0xC128,
    0xB928, 0xB928, 0xB928, 0xB928, 0xB928, 0xB928, 0xB928, 0xB128, 0xB128, 0xB108, 0xB108, 0xB108, 0xB108, 0xA907, 0xA907, 0xA907,
    0xA907, 0xA907, 0xA907, 0xA107, 0xA0E7, 0xA0E7, 0xA0E7, 0xA0E7, 0xA0E7, 0x98E7, 0x98E7, 0x98E7, 0x98E7, 0x98E7, 0x90C7, 0x90C6,
    0x90C6, 0x90C6, 0x90C6, 0x88C6, 0x88C6, 0x88C6, 0x88A6, 0x88A6, 0x80A6, 0x80A6, 0x80A6, 0x80A6, 0x80A6, 0x78A6, 0x78A5, 0x78A5,
    0x7885, 0x7885, 0x7085, 0x7085, 0xE30B, 0xE30B, 0xE32B, 0xEB2B, 0xEB2C, 0xEB4C, 0xEB4C, 0xEB4C, 0xEB4C, 0xEB4C, 0xF36C, 0xF36C,
    0xF36C, 0xF36C, 0xF36C, 0xF36C, 0xF36C, 0xF36C, 0xF38C, 0xF36C, 0xF36C, 0xF36C, 0xF36C, 0xF36C, 0xFB6C, 0xFB6C, 0xF36C, 0xFB6C,
    0xF36C, 0xF34C, 0xFB4C, 0xFB4C, 0xF34C, 0xF32C, 0xF32C, 0xF32C, 0xF32C, 0xF32C, 0xF30C, 0xF30C, 0xF30C, 0xF30C, 0xF30C, 0xF2EC,
    0xF2EC, 0xF2EC, 0xF2EB, 0xF2CB, 0xF2CB, 0xF2CB, 0xF2CB, 0xF2CB, 0xF2AB, 0xEAAB, 0xEAAB, 0xEAAB, 0xEA8B, 0xEA8B, 0xEA8B, 0xEA8B,
    0xEA6B, 0xEA6B, 0xEA6B, 0xEA6B, 0xEA6B, 0xEA4B, 0xEA4B, 0xEA4B, 0xEA4B, 0xEA2A, 0xEA2A, 0xEA2A, 0xEA2A, 0xEA2A, 0xE20A, 0xE20A,
    0xE20A, 0xE20A, 0xE1EA, 0xE1EA, 0xE1EA, 0xE1EA, 0xE1CA, 0xE1CA, 0xE1CA, 0xE1CA, 0xE1CA, 0xE1AA, 0xE1AA, 0xE1AA, 0xE1AA, 0xE18A,
    0xE189, 0xE189, 0xE189, 0xD989, 0xD989, 0xD969, 0xD969, 0xD969, 0xD969, 0xD169, 0xD169, 0xD169, 0xD169, 0xD169, 0xD169, 0xC969,
    0xC949, 0xC949, 0xC949, 0xC949, 0xC948, 0xC148, 0xC148, 0xC148, 0xC148, 0xC148, 0xC128, 0xC128, 0xB928, 0xB928, 0xB928, 0xB928,
    0xB928, 0xB928, 0xB928, 0xB128, 0xB128, 0xB108, 0xB108, 0xB108, 0xB108, 0xA907, 0xA907, 0xA907, 0xA907, 0xA907, 0xA907, 0xA107,
    0xA0E7, 0xA0E7, 0xA0E7, 0xA0E7, 0xA0E7, 0x98E7, 0x98E7, 0x98E7, 0x98E7, 0x98E7, 0x90C7, 0x90C6, 0x90C6, 0x90C6, 0x90C6, 0x90C6,
    0x88C6, 0x88C6, 0x88A6, 0x88A6, 0x88A6, 0x80A6, 0x80A6, 0x80A6, 0x80A6, 0x80A6, 0x78A5, 0x78A5, 0x7885, 0x7885, 0x7085, 0x7085,
    0xE30B, 0xE30B, 0xE32B, 0xEB2B, 0xEB2B, 0xEB2C, 0xEB2C, 0xEB4C, 0xEB4C, 0xEB4C, 0xF36C, 0xF36C, 0xF36C, 0xF36C, 0xF36C, 0xF36C,
    0xF36C, 0xF36C, 0xF36C, 0xF36C, 0xF36C, 0xF36C, 0xF36C, 0xFB6C, 0xFB6C, 0xF36C, 0xFB6C, 0xFB6C, 0xF34C, 0xFB4C, 0xFB4C, 0xF34C,
    0xF34C, 0xF32C, 0xF32C, 0xF32C, 0xF32C, 0xF32C, 0xF30C, 0xF30C, 0xF30C, 0xF30C, 0xF2EC, 0xF2EC, 0xF2EC, 0xF2EB, 0xF2EB, 0xF2CB,
    0xF2CB, 0xF2CB, 0xF2CB, 0xF2CB, 0xF2AB, 0xEAAB, 0xEAAB, 0xEAAB, 0xEA8B, 0xEA8B, 0xEA8B, 0xEA8B, 0xEA6B, 0xEA6B, 0xEA6B, 0xEA6B,
    0xEA6B, 0xEA4B, 0xEA4B, 0xEA4B, 0xEA4B, 0xEA2A, 0xEA2A, 0xEA2A, 0xEA2A, 0xE22A, 0xE20A, 0xE20A, 0xE20A, 0xE20A, 0xE1EA, 0xE1EA,
    0xE1EA, 0xE1EA, 0xE1CA, 0xE1CA, 0xE1CA, 0xE1CA, 0xE1CA, 0xE1AA, 0xE1AA, 0xE1AA, 0xE1AA, 0xE18A, 0xE189, 0xE189, 0xD989, 0xD989,
    0xD989, 0xD969, 0xD969, 0xD969, 0xD969, 0xD169, 0xD169, 0xD169, 0xD169, 0xD169, 0xD169, 0xC969, 0xC949, 0xC949, 0xC949, 0xC949,
    0xC948, 0xC148, 0xC148, 0xC148, 0xC148, 0xC148, 0xC128, 0xC128, 0xB928, 0xB928, 0xB928, 0xB928, 0xB928, 0xB928, 0xB928, 0xB128,
    0xB128, 0xB108, 0xB108, 0xB108, 0xB108, 0xA907, 0xA907, 0xA907, 0xA907, 0xA907, 0xA907, 0xA0E7, 0xA0E7, 0xA0E7, 0xA0E7, 0xA0E7,
    0xA0E7, 0x98E7, 0x98E7, 0x98E7, 0x98E7, 0x98E7, 0x90C7, 0x90C6, 0x90C6, 0x90C6, 0x90C6, 0x90C6, 0x88C6, 0x88C6, 0x88A6, 0x88A6,
    0x88A6, 0x80A6, 0x80A6, 0x80A6, 0x80A6, 0x80A6, 0x78A5, 0x78A5, 0x7885, 0x7885, 0x7085, 0x7085, 0xE30B, 0xE30B, 0xEB0B, 0xEB2B,
    0xEB2B, 0xEB2C, 0xEB2C, 0xEB4C, 0xEB4C, 0xF34C, 0xF34C, 0xF34C, 0xF36C, 0xF36C, 0xF36C, 0xF36C, 0xF36C, 0xF36C, 0xF36C, 0xF36C,
    0xF36C, 0xF36C, 0xFB6C, 0xF36C, 0xFB6C, 0xFB6C, 0xFB6C, 0xFB4C, 0xFB4C, 0xFB4C, 0xF34C, 0xF34C, 0xF32C, 0xF32C, 0xF32C, 0xF32C,
    0xF32C, 0xF30C, 0xF30C, 0xF30C, 0xF30C, 0xF30C, 0xF2EC, 0xF2EC, 0xF2EC, 0xF2EB, 0xF2EB, 0xF2CB, 0xF2CB, 0xF2CB, 0xF2CB, 0xF2AB,
    0xEAAB, 0xEAAB, 0xEAAB, 0xEA8B, 0xEA8B, 0xEA8B, 0xEA8B, 0xEA8B, 0xEA6B, 0xEA6B, 0xEA6B, 0xEA6B, 0xEA6B, 0xEA4B, 0xEA4B, 0xEA4B,
    0xEA4A, 0xEA2A, 0xEA2A, 0xEA2A, 0xEA2A, 0xE20A, 0xE20A, 0xE20A, 0xE20A, 0xE20A, 0xE1EA, 0xE1EA, 0xE1EA, 0xE1EA, 0xE1CA, 0xE1CA,
    0xE1CA, 0xE1CA, 0xE1CA, 0xE1AA, 0xE1AA, 0xE1AA, 0xE1AA, 0xE18A, 0xE189, 0xE189, 0xD989, 0xD989, 0xD989, 0xD969, 0xD969, 0xD969,
    0xD169, 0xD169, 0xD169, 0xD169, 0xD169, 0xD169, 0xD169, 0xC949, 0xC949, 0xC949, 0xC949, 0xC949, 0xC948, 0xC148, 0xC148, 0xC148,
    0xC148, 0xC148, 0xC128, 0xC128, 0xB928, 0xB928, 0xB928, 0xB928, 0xB928, 0xB928, 0xB928, 0xB128, 0xB128, 0xB108, 0xB108, 0xB108,
    0xB108, 0xA907, 0xA907, 0xA907, 0xA907, 0xA907, 0xA907, 0xA0E7, 0xA0E7, 0xA0E7, 0xA0E7, 0xA0E7, 0xA0E7, 0x98E7, 0x98E7, 0x98E7,
    0x98E7, 0x98E7, 0x98C7, 0x90C6, 0x90C6, 0x90C6, 0x90C6, 0x90C6, 0x88C6, 0x88C6, 0x88A6, 0x88A6, 0x88A6, 0x80A6, 0x80A6, 0x80A6,
    0x80A6, 0x80A6, 0x78A5, 0x78A5, 0x7885, 0x7885, 0x7885, 0x7085, 0xE30B, 0xEB0B, 0xEB0B, 0xEB2B, 0xEB2B, 0xEB2C, 0xEB2C, 0xEB4C,
    0xEB4C, 0xF34C, 0xF34C, 0xF36C, 0xF36C, 0xF36C, 0xF36C, 0xF36C, 0xF36C, 0xF36C, 0xF36C, 0xF36C, 0xF36C, 0xFB6C, 0xF36C, 0xF36C,
    0xFB6C, 0xFB6C, 0xF34C, 0xFB4C, 0xFB4C, 0xFB4C, 0xF34C, 0xF34C, 0xF32C, 0xF32C, 0xF32C, 0xF32C, 0xF32C, 0xF30C, 0xF30C, 0xF30C,
    0xF30C, 0xF30C, 0xF2EC, 0xF2EC, 0xF2EC, 0xF2EB, 0xF2CB, 0xF2CB, 0xF2CB, 0xF2CB, 0xF2CB, 0xF2AB, 0xEAAB, 0xEAAB, 0xEAAB, 0xEA8B,
    0xEA8B, 0xEA8B, 0xEA8B, 0xEA8B, 0xEA6B, 0xEA6B, 0xEA6B, 0xEA6B, 0xEA4B, 0xEA4B, 0xEA4B, 0xEA4B, 0xEA4A, 0xEA2A, 0xEA2A, 0xEA2A,
    0xEA2A, 0xE20A, 0xE20A, 0xE20A, 0xE20A, 0xE20A, 0xE1EA, 0xE1EA, 0xE1EA, 0xE1EA, 0xE1CA, 0xE1CA, 0xE1CA, 0xE1CA, 0xE1CA, 0xE1AA,
    0xE1AA, 0xE1AA, 0xE1AA, 0xE189, 0xE189, 0xE189, 0xD989, 0xD989, 0xD989, 0xD969, 0xD969, 0xD969, 0xD169, 0xD169, 0xD169, 0xD169,
    0xD169, 0xD169, 0xD169, 0xC949, 0xC949, 0xC949, 0xC949, 0xC949, 0xC948, 0xC948, 0xC148, 0xC148, 0xC148, 0xC148, 0xC128, 0xC128,
    0xB928, 0xB928, 0xB928, 0xB928, 0xB928, 0xB928, 0xB128, 0xB128, 0xB108, 0xB108, 0xB108, 0xB108, 0xB108, 0xA907, 0xA907, 0xA907,
    0xA907, 0xA907, 0xA907, 0xA0E7, 0xA0E7, 0xA0E7, 0xA0E7, 0xA0E7, 0xA0E7, 0x98E7, 0x98E7, 0x98E7, 0x98E7, 0x98E7, 0x98C7, 0x90C6,
    0x90C6, 0x90C6, 0x90C6, 0x90C6, 0x88C6, 0x88C6, 0x88A6, 0x88A6, 0x88A6, 0x80A6, 0x80A6, 0x80A6, 0x80A6, 0x80A6, 0x78A6, 0x78A5,
    0x7885, 0x7885, 0x7885, 0x7085, 0xEB0B, 0xEB0B, 0xEB0B, 0xEB2B, 0xEB2C, 0xEB2C, 0xEB2C, 0xEB4C, 0xEB4C, 0xF34C, 0xF34C, 0xF34C,
    0xF34C, 0xF34C, 0xF36C, 0xF36C, 0xF36C, 0xF36C, 0xF36C, 0xF36C, 0xF36C, 0xF36C, 0xFB6C, 0xFB6C, 0xFB6C, 0xFB4C, 0xFB4C, 0xFB4C,
    0xF34C, 0xF34C, 0xF34C, 0xF32C, 0xF32C, 0xF32C, 0xF32C, 0xF32C, 0xF30C, 0xF30C, 0xF30C, 0xF30C, 0xF30C, 0xF2EC, 0xF2EC, 0xF2EC,
    0xF2EB, 0xF2EB, 0xF2CB, 0xF2CB, 0xF2CB, 0xF2CB, 0xF2AB, 0xF2AB, 0xEAAB, 0xEAAB, 0xEAAB, 0xEA8B, 0xEA8B, 0xEA8B, 0xEA8B, 0xEA8B,
    0xEA6B, 0xEA6B, 0xEA6B, 0xEA6B, 0xEA4B, 0xEA4B, 0xEA4B, 0xEA4B, 0xEA2A, 0xEA2A, 0xEA2A, 0xEA2A, 0xEA2A, 0xE20A, 0xE20A, 0xE20A,
    0xE20A, 0xE1EA, 0xE1EA, 0xE1EA, 0xE1EA, 0xE1EA, 0xE1CA, 0xE1CA, 0xE1CA, 0xE1CA, 0xE1AA, 0xE1AA, 0xE1AA, 0xE1AA, 0xE18A, 0xE189,
    0xE189, 0xE189, 0xD989, 0xD989, 0xD989, 0xD969, 0xD969, 0xD969, 0xD169, 0xD169, 0xD169, 0xD169, 0xD169, 0xD169, 0xD169, 0xC949,
    0xC949, 0xC949, 0xC949, 0xC949, 0xC948, 0xC948, 0xC148, 0xC148, 0xC148, 0xC148, 0xC128, 0xC128, 0xB928, 0xB928, 0xB928, 0xB928,
    0xB928, 0xB928, 0xB128, 0xB128, 0xB108, 0xB108, 0xB108, 0xB108, 0xB107, 0xA907, 0xA907, 0xA907, 0xA907, 0xA907, 0xA907, 0xA0E7,
    0xA0E7, 0xA0E7, 0xA0E7, 0xA0E7, 0xA0E7, 0x98E7, 0x98E7, 0x98E7, 0x98E7, 0x98E7, 0x98C7, 0x90C7, 0x90C6, 0x90C6, 0x90C6, 0x90C6,
    0x88C6, 0x88C6, 0x88A6, 0x88A6, 0x88A6, 0x88A6, 0x80A6, 0x80A6, 0x80A6, 0x80A6, 0x80A6, 0x78A6, 0x7885, 0x7885, 0x7885, 0x7085,
    0xEB0B, 0xEB0B, 0xEB0B, 0xEB2B, 0xEB2B, 0xEB2C, 0xEB2C, 0xEB2C, 0xF32C, 0xF34C, 0xF34C, 0xF34C, 0xF34C, 0xF34C, 0xF36C, 0xF34C,
    0xF34C, 0xF36C, 0xF36C, 0xF36C, 0xF34C, 0xFB6C, 0xFB6C, 0xF34C, 0xF34C, 0xFB4C, 0xFB4C, 0xFB4C, 0xF34C, 0xF34C, 0xF32C, 0xF32C,
    0xF32C, 0xF32C, 0xF32C, 0xF30C, 0xF30C, 0xF30C, 0xF30C, 0xF30C, 0xF2EC, 0xF2EC, 0xF2EC, 0xF2EC, 0xF2EB, 0xF2CB, 0xF2CB, 0xF2CB,
    0xF2CB, 0xF2CB, 0xF2AB, 0xF2AB, 0xEAAB, 0xEAAB, 0xEAAB, 0xEA8B, 0xEA8B, 0xEA8B, 0xEA8B, 0xEA6B, 0xEA6B, 0xEA6B, 0xEA6B, 0xEA6B,
    0xEA4B, 0xEA4B, 0xEA4B, 0xEA4B, 0xEA2A, 0xEA2A, 0xEA2A, 0xEA2A, 0xEA2A, 0xE20A, 0xE20A, 0xE20A, 0xE20A, 0xE1EA, 0xE1EA, 0xE1EA,
    0xE1EA, 0xE1EA, 0xE1CA, 0xE1CA, 0xE1CA, 0xE1CA, 0xE1AA, 0xE1AA, 0xE1AA, 0xE1AA, 0xE18A, 0xE189, 0xE189, 0xE189, 0xD989, 0xD989,
    0xD989, 0xD969, 0xD969, 0xD969, 0xD169, 0xD169, 0xD169, 0xD169, 0xD169, 0xD169, 0xD169, 0xC949, 0xC949, 0xC949, 0xC949, 0xC949,
    0xC948, 0xC948, 0xC148, 0xC148, 0xC148, 0xC148, 0xC128, 0xC128, 0xB928, 0xB928, 0xB928, 0xB928, 0xB928, 0xB928, 0xB128, 0xB128,
    0xB108, 0xB108, 0xB108, 0xB108, 0xA907, 0xA907, 0xA907, 0xA907, 0xA907, 0xA907, 0xA907, 0xA0E7, 0xA0E7, 0xA0E7, 0xA0E7, 0xA0E7,
    0xA0E7, 0x98E7, 0x98E7, 0x98E7, 0x98E7, 0x98E7, 0x98C7, 0x90C7, 0x90C7, 0x90C6, 0x90C6, 0x90C6, 0x90C6, 0x88C6, 0x88C6, 0x88A6,
    0x88A6, 0x88A6, 0x80A6, 0x80A6, 0x80A6, 0x80A6, 0x78A6, 0x78A6, 0x7886, 0x7885, 0x7885, 0x7885, 0xEB0B, 0xEB0B, 0xEB0B, 0xEB0B,
    0xEB2C, 0xEB2C, 0xEB2C, 0xEB2C, 0xF34C, 0xF34C, 0xF34C, 0xF34C, 0xF34C, 0xF34C, 0xF34C, 0xF34C, 0xF34C, 0xF34C, 0xF34C, 0xF34C,
    0xFB6C, 0xFB4C, 0xF34C, 0xFB4C, 0xFB4C, 0xFB4C, 0xFB4C, 0xF34C, 0xF34C, 0xF32C, 0xF32C, 0xF32C, 0xF32C, 0xF32C, 0xF32C, 0xF30C,
    0xF30C, 0xF30C, 0xF30C, 0xF30C, 0xF2EC, 0xF2EC, 0xF2EC, 0xF2EC, 0xF2EB, 0xF2CB, 0xF2CB, 0xF2CB, 0xF2CB, 0xF2CB, 0xF2AB, 0xEAAB,
    0xEAAB, 0xEAAB, 0xEA8B, 0xEA8B, 0xEA8B, 0xEA8B, 0xEA8B, 0xEA6B, 0xEA6B, 0xEA6B, 0xEA6B, 0xEA4B, 0xEA4B, 0xEA4B, 0xEA4B, 0xEA4A,
    0xEA2A, 0xEA2A, 0xEA2A, 0xEA2A, 0xEA0A, 0xE20A, 0xE20A, 0xE20A, 0xE20A, 0xE1EA, 0xE1EA, 0xE1EA, 0xE1EA, 0xE1EA, 0xE1CA, 0xE1CA,
    0xE1CA, 0xE1CA, 0xE1AA, 0xE1AA, 0xE1AA, 0xE1AA, 0xE18A, 0xE189, 0xE189, 0xE189, 0xD989, 0xD989, 0xD969, 0xD969, 0xD969, 0xD969,
    0xD169, 0xD169, 0xD169, 0xD169, 0xD169, 0xD169, 0xD169, 0xC949, 0xC949, 0xC949, 0xC949, 0xC949, 0xC948, 0xC148, 0xC148, 0xC148,
    0xC148, 0xC148, 0xC128, 0xC128, 0xB928, 0xB928, 0xB928, 0xB928, 0xB928, 0xB928, 0xB128, 0xB128, 0xB108, 0xB108, 0xB108, 0xB108,
    0xA907, 0xA907, 0xA907, 0xA907, 0xA907, 0xA907, 0xA907, 0xA0E7, 0xA0E7, 0xA0E7, 0xA0E7, 0xA0E7, 0xA0E7, 0x98E7, 0x98E7, 0x98E7,
    0x98E7, 0x98E7, 0x98C7, 0x90C7, 0x90C7, 0x90C6, 0x90C6, 0x90C6, 0x90C6, 0x88C6, 0x88C6, 0x88C6, 0x88A6, 0x88A6, 0x80A6, 0x80A6,
    0x80A6, 0x80A6, 0x80A6, 0x78A6, 0x7885, 0x7885, 0x7885, 0x7885, 0xEB0B, 0xEB0B, 0xEB0B, 0xEB0C, 0xEB2C, 0xEB2C, 0xEB2C, 0xF32C,
    0xF32C, 0xF32C, 0xF34C, 0xF34C, 0xF34C, 0xF34C, 0xF34C, 0xF34C, 0xF34C, 0xF34C, 0xF34C, 0xF34C, 0xF34C, 0xF34C, 0xFB4C, 0xFB4C,
    0xFB4C, 0xF34C, 0xF34C, 0xF34C, 0xF32C, 0xF32C, 0xF32C, 0xF32C, 0xF32C, 0xF32C, 0xF30C, 0xF30C, 0xF30C, 0xF30C, 0xF30C, 0xF2EC,
    0xF2EC, 0xF2EC, 0xF2EC, 0xF2EB, 0xF2CB, 0xF2CB, 0xF2CB, 0xF2CB, 0xF2CB, 0xF2AB, 0xF2AB, 0xEAAB, 0xEAAB, 0xEAAB, 0xEA8B, 0xEA8B,
    0xEA8B, 0xEA8B, 0xEA6B, 0xEA6B, 0xEA6B, 0xEA6B, 0xEA6B, 0xEA4B, 0xEA4B, 0xEA4B, 0xEA4B, 0xEA4A, 0xEA2A, 0xEA2A, 0xEA2A, 0xEA2A,
    0xE20A, 0xE20A, 0xE20A, 0xE20A, 0xE20A, 0xE1EA, 0xE1EA, 0xE1EA, 0xE1EA, 0xE1CA, 0xE1CA, 0xE1CA, 0xE1CA, 0xE1AA, 0xE1AA, 0xE1AA,
    0xE1AA, 0xE1AA, 0xE189, 0xE189, 0xE189, 0xE189, 0xD989, 0xD989, 0xD969, 0xD969, 0xD969, 0xD969, 0xD169, 0xD169, 0xD169, 0xD169,
    0xD169, 0xD169, 0xD169, 0xC949, 0xC949, 0xC949, 0xC949, 0xC949, 0xC948, 0xC148, 0xC148, 0xC148, 0xC148, 0xC128, 0xC128, 0xB928,
    0xB928, 0xB928, 0xB928, 0xB928, 0xB928, 0xB928, 0xB128, 0xB128, 0xB108, 0xB108, 0xB108, 0xB108, 0xA907, 0xA907, 0xA907, 0xA907,
    0xA907, 0xA907, 0xA107, 0xA0E7, 0xA0E7, 0xA0E7, 0xA0E7, 0xA0E7, 0xA0E7, 0x98E7, 0x98E7, 0x98E7, 0x98E7, 0x98C7, 0x98C7, 0x90C7,
    0x90C7, 0x90C6, 0x90C6, 0x90C6, 0x90C6, 0x88C6, 0x88C6, 0x88C6, 0x88A6, 0x88A6, 0x80A6, 0x80A6, 0x80A6, 0x80A6, 0x80A6, 0x78A6,
    0x7885, 0x7885, 0x7885, 0x7885, 0xEB0B, 0xEB0B, 0xEB0B, 0xEB0B, 0xEB0C, 0xEB2C, 0xEB2C, 0xEB2C, 0xF32C, 0xF34C, 0xF34C, 0xF34C,
    0xF34C, 0xF34C, 0xF34C, 0xF34C, 0xF34C, 0xF34C, 0xF34C, 0xF34C, 0xF34C, 0xFB4C, 0xFB4C, 0xF34C, 0xF34C, 0xF34C, 0xF34C, 0xF32C,
    0xF32C, 0xF32C, 0xF32C, 0xF32C, 0xF32C, 0xF32C, 0xF30C, 0xF30C, 0xF30C, 0xF30C, 0xF30C, 0xF2EC, 0xF2EC, 0xF2EC, 0xF2EB, 0xF2EB,
    0xF2CB, 0xF2CB, 0xF2CB, 0xF2CB, 0xF2CB, 0xF2AB, 0xEAAB, 0xEAAB, 0xEAAB, 0xEAAB, 0xEA8B, 0xEA8B, 0xEA8B, 0xEA8B, 0xEA6B, 0xEA6B,
    0xEA6B, 0xEA6B, 0xEA6B, 0xEA4B, 0xEA4B, 0xEA4B, 0xEA4B, 0xEA2A, 0xEA2A, 0xEA2A, 0xEA2A, 0xEA2A, 0xE20A, 0xE20A, 0xE20A, 0xE20A,
    0xE20A, 0xE1EA, 0xE1EA, 0xE1EA, 0xE1EA, 0xE1CA, 0xE1CA, 0xE1CA, 0xE1CA, 0xE1AA, 0xE1AA, 0xE1AA, 0xE1AA, 0xE1AA, 0xE189, 0xE189,
    0xE189, 0xE189, 0xD989, 0xD989, 0xD969, 0xD969, 0xD969, 0xD969, 0xD169, 0xD169, 0xD169, 0xD169, 0xD169, 0xD169, 0xC969, 0xC949,
    0xC949, 0xC949, 0xC949, 0xC949, 0xC948, 0xC148, 0xC148, 0xC148, 0xC148, 0xC128, 0xC128, 0xB928, 0xB928, 0xB928, 0xB928, 0xB928,
    0xB928, 0xB128, 0xB128, 0xB128, 0xB108, 0xB108, 0xB108, 0xB108, 0xA907, 0xA907, 0xA907, 0xA907, 0xA907, 0xA907, 0xA107, 0xA0E7,
    0xA0E7, 0xA0E7, 0xA0E7, 0xA0E7, 0xA0E7, 0x98E7, 0x98E7, 0x98E7, 0x98E7, 0x98C7, 0x98C7, 0x90C7, 0x90C7, 0x90C6, 0x90C6, 0x90C6,
    0x90C6, 0x88C6, 0x88C6, 0x88C6, 0x88A6, 0x88A6, 0x80A6, 0x80A6, 0x80A6, 0x80A6, 0x80A6, 0x78A6, 0x7885, 0x7885, 0x7885, 0x7885,
    0xEAEB, 0xEB0B, 0xEB0B, 0xEB0B, 0xEB0C, 0xEB2C, 0xEB2C, 0xF32C, 0xF32C, 0xF32C, 0xF32C, 0xF32C, 0xF32C, 0xF34C, 0xF34C, 0xF34C,
    0xF34C, 0xF34C, 0xF34C, 0xF34C, 0xF34C, 0xF34C, 0xF34C, 0xF34C, 0xF34C, 0xF32C, 0xF32C, 0xF32C, 0xF32C, 0xF32C, 0xF32C, 0xF32C,
    0xF30C, 0xF30C, 0xF30C, 0xF30C, 0xF30C, 0xF30C, 0xF2EC, 0xF2EC, 0xF2EC, 0xF2EC, 0xF2EB, 0xF2CB, 0xF2CB, 0xF2CB, 0xF2CB, 0xF2CB,
    0xF2CB, 0xF2AB, 0xEAAB, 0xEAAB, 0xEAAB, 0xEA8B, 0xEA8B, 0xEA8B, 0xEA8B, 0xEA8B, 0xEA6B, 0xEA6B, 0xEA6B, 0xEA6B, 0xEA4B, 0xEA4B,
    0xEA4B, 0xEA4B, 0xEA4B, 0xEA2A, 0xEA2A, 0xEA2A, 0xEA2A, 0xEA2A, 0xE20A, 0xE20A, 0xE20A, 0xE20A, 0xE1EA, 0xE1EA, 0xE1EA, 0xE1EA,
    0xE1CA, 0xE1CA, 0xE1CA, 0xE1CA, 0xE1CA, 0xE1AA, 0xE1AA, 0xE1AA, 0xE1AA, 0xE1AA, 0xE189, 0xE189, 0xE189, 0xD989, 0xD989, 0xD969,
    0xD969, 0xD969, 0xD969, 0xD969, 0xD169, 0xD169, 0xD169, 0xD169, 0xD169, 0xD169, 0xC969, 0xC949, 0xC949, 0xC949, 0xC949, 0xC948,
    0xC148, 0xC148, 0xC148, 0xC148, 0xC148, 0xC128, 0xC128, 0xB928, 0xB928, 0xB928, 0xB928, 0xB928, 0xB928, 0xB128, 0xB128, 0xB128,
    0xB108, 0xB108, 0xB108, 0xB108, 0xA907, 0xA907, 0xA907, 0xA907, 0xA907, 0xA907, 0xA8E7, 0xA0E7, 0xA0E7, 0xA0E7, 0xA0E7, 0xA0E7,
    0xA0E7, 0x98E7, 0x98E7, 0x98E7, 0x98E7, 0x98C7, 0x98C7, 0x98C7, 0x90C6, 0x90C6, 0x90C6, 0x90C6, 0x90C6, 0x88C6, 0x88C6, 0x88C6,
    0x88A6, 0x88A6, 0x80A6, 0x80A6, 0x80A6, 0x80A6, 0x80A6, 0x78A6, 0x7885, 0x7885, 0x7885, 0x7885, 0xEAEB, 0xEB0B, 0xEB0B, 0xEB0C,
    0xEB0C, 0xEB2C, 0xEB0C, 0xF32C, 0xF32C, 0xF32C, 0xF32C, 0xF32C, 0xF34C, 0xF34C, 0xF34C, 0xF34C, 0xF34C, 0xF34C, 0xF34C, 0xF34C,
    0xF34C, 0xF34C, 0xF34C, 0xF32C, 0xF32C, 0xF32C, 0xF32C, 0xF32C, 0xF32C, 0xF32C, 0xF32C, 0xF32C, 0xF30C, 0xF30C, 0xF30C, 0xF30C,
    0xF30C, 0xF2EC, 0xF2EC, 0xF2EC, 0xF2EC, 0xF2EB, 0xF2EB, 0xF2CB, 0xF2CB, 0xF2CB, 0xF2CB, 0xF2CB, 0xF2AB, 0xF2AB, 0xEAAB, 0xEAAB,
    0xEAAB, 0xEA8B, 0xEA8B, 0xEA8B, 0xEA8B, 0xEA6B, 0xEA6B, 0xEA6B, 0xEA6B, 0xEA6B, 0xEA4B, 0xEA4B, 0xEA4B, 0xEA4B, 0xEA4B, 0xEA2A,
    0xEA2A, 0xEA2A, 0xEA2A, 0xEA2A, 0xE20A, 0xE20A, 0xE20A, 0xE20A, 0xE1EA, 0xE1EA, 0xE1EA, 0xE1EA, 0xE1CA, 0xE1CA, 0xE1CA, 0xE1CA,
    0xE1CA, 0xE1AA, 0xE1AA, 0xE1AA, 0xE1AA, 0xE1AA, 0xE189, 0xE189, 0xE189, 0xD989, 0xD989, 0xD969, 0xD969, 0xD969, 0xD969, 0xD169,
    0xD169, 0xD169, 0xD169, 0xD169, 0xD169, 0xD169, 0xC949, 0xC949, 0xC949, 0xC949, 0xC949, 0xC948, 0xC148, 0xC148, 0xC148, 0xC148,
    0xC148, 0xC128, 0xB928, 0xB928, 0xB928, 0xB928, 0xB928, 0xB928, 0xB928, 0xB128, 0xB128, 0xB128, 0xB108, 0xB108, 0xB108, 0xB108,
    0xA907, 0xA907, 0xA907, 0xA907, 0xA907, 0xA907, 0xA8E7, 0xA0E7, 0xA0E7, 0xA0E7, 0xA0E7, 0xA0E7, 0xA0E7, 0x98E7, 0x98E7, 0x98E7,
    0x98E7, 0x98C7, 0x98C7, 0x90C7, 0x90C6, 0x90C6, 0x90C6, 0x90C6, 0x90C6, 0x88C6, 0x88C6, 0x88C6, 0x88A6, 0x88A6, 0x80A6, 0x80A6,
    0x80A6, 0x80A6, 0x80A6, 0x78A6, 0x7885, 0x7885, 0x7885, 0x7885, 0xEAEB, 0xEAEB, 0xEB0B, 0xEB0C, 0xEB0C, 0xEB0C, 0xEB0C, 0xF32C,
    0xF32C, 0xF32C, 0xF32C, 0xF32C, 0xF32C, 0xF32C, 0xF32C, 0xF34C, 0xF34C, 0xF34C, 0xF34C, 0xF32C, 0xF32C, 0xF32C, 0xF32C, 0xF32C,
    0xF32C, 0xF32C, 0xF32C, 0xF32C, 0xF32C, 0xF32C, 0xF30C, 0xF30C, 0xF30C, 0xF30C, 0xF30C, 0xF30C, 0xF30C, 0xF2EC, 0xF2EC, 0xF2EC,
    0xF2EB, 0xF2EB, 0xF2CB, 0xF2CB, 0xF2CB, 0xF2CB, 0xF2CB, 0xF2AB, 0xF2AB, 0xEAAB, 0xEAAB, 0xEAAB, 0xEA8B, 0xEA8B, 0xEA8B, 0xEA8B,
    0xEA8B, 0xEA6B, 0xEA6B, 0xEA6B, 0xEA6B, 0xEA6B, 0xEA4B, 0xEA4B, 0xEA4B, 0xEA4B, 0xEA4A, 0xEA2A, 0xEA2A, 0xEA2A, 0xEA2A, 0xE20A,
    0xE20A, 0xE20A, 0xE20A, 0xE1EA, 0xE1EA, 0xE1EA, 0xE1EA, 0xE1EA, 0xE1CA, 0xE1CA, 0xE1CA, 0xE1CA, 0xE1CA, 0xE1AA, 0xE1AA, 0xE1AA,
    0xE1AA, 0xE18A, 0xE189, 0xE189, 0xD989, 0xD989, 0xD989, 0xD969, 0xD969, 0xD969, 0xD969, 0xD169, 0xD169, 0xD169, 0xD169, 0xD169,
    0xD169, 0xC969, 0xC949, 0xC949, 0xC949, 0xC949, 0xC949, 0xC948, 0xC148, 0xC148, 0xC148, 0xC148, 0xC148, 0xC128, 0xB928, 0xB928,
    0xB928, 0xB928, 0xB928, 0xB928, 0xB928, 0xB128, 0xB128, 0xB108, 0xB108, 0xB108, 0xB108, 0xB108, 0xA907, 0xA907, 0xA907, 0xA907,
    0xA907, 0xA907, 0xA0E7, 0xA0E7, 0xA0E7, 0xA0E7, 0xA0E7, 0xA0E7, 0xA0E7, 0x98E7, 0x98E7, 0x98E7, 0x98E7, 0x98C7, 0x98C7, 0x90C7,
    0x90C6, 0x90C6, 0x90C6, 0x90C6, 0x90C6, 0x88C6, 0x88C6, 0x88C6, 0x88A6, 0x88A6, 0x80A6, 0x80A6, 0x80A6, 0x80A6, 0x80A6, 0x7886,
    0x7885, 0x7885, 0x7885, 0x7885, 0xEAEB, 0xEAEB, 0xEB0B, 0xEB0B, 0xEB0B, 0xEB0C, 0xF30C, 0xF30C, 0xF32C, 0xF32C, 0xF32C, 0xF32C,
    0xF32C, 0xF32C, 0xF32C, 0xF32C, 0xF32C, 0xF32C, 0xF32C, 0xF32C, 0xF32C, 0xF32C, 0xF32C, 0xF32C, 0xF32C, 0xF32C, 0xF32C, 0xF32C,
    0xF30C, 0xF30C, 0xF30C, 0xF30C, 0xF30C, 0xF30C, 0xF30C, 0xF2EC, 0xF2EC, 0xF2EC, 0xF2EC, 0xF2EB, 0xF2EB, 0xF2CB, 0xF2CB, 0xF2CB,
    0xF2CB, 0xF2CB, 0xF2CB, 0xF2AB, 0xEAAB, 0xEAAB, 0xEAAB, 0xEAAB, 0xEA8B, 0xEA8B, 0xEA8B, 0xEA8B, 0xEA8B, 0xEA6B, 0xEA6B, 0xEA6B,
    0xEA6B, 0xEA4B, 0xEA4B, 0xEA4B, 0xEA4B, 0xEA4A, 0xEA2A, 0xEA2A, 0xEA2A, 0xEA2A, 0xEA0A, 0xE20A, 0xE20A, 0xE20A, 0xE20A, 0xE1EA,
    0xE1EA, 0xE1EA, 0xE1EA, 0xE1EA, 0xE1CA, 0xE1CA, 0xE1CA, 0xE1CA, 0xE1AA, 0xE1AA, 0xE1AA, 0xE1AA, 0xE1AA, 0xE189, 0xE189, 0xE189,
    0xD989, 0xD989, 0xD989, 0xD969, 0xD969, 0xD969, 0xD169, 0xD169, 0xD169, 0xD169, 0xD169, 0xD169, 0xD169, 0xC969, 0xC949, 0xC949,
    0xC949, 0xC949, 0xC948, 0xC948, 0xC148, 0xC148, 0xC148, 0xC148, 0xC148, 0xC128, 0xC128, 0xB928, 0xB928, 0xB928, 0xB928, 0xB928,
    0xB928, 0xB128, 0xB128, 0xB108, 0xB108, 0xB108, 0xB108, 0xB108, 0xA907, 0xA907, 0xA907, 0xA907, 0xA907, 0xA907, 0xA0E7, 0xA0E7,
    0xA0E7, 0xA0E7, 0xA0E7, 0xA0E7, 0x98E7, 0x98E7, 0x98E7, 0x98E7, 0x98E7, 0x98C7, 0x98C7, 0x90C7, 0x90C6, 0x90C6, 0x90C6, 0x90C6,
    0x90C6, 0x88C6, 0x88C6, 0x88A6, 0x88A6, 0x88A6, 0x80A6, 0x80A6, 0x80A6, 0x80A6, 0x80A6, 0x7886, 0x7885, 0x7885, 0x7885, 0x7885,
    0xEAEB, 0xEAEB, 0xEB0B, 0xEB0B, 0xEB0B, 0xEB0C, 0xF30C, 0xF30C, 0xF30C, 0xF30C, 0xF32C, 0xF32C, 0xF32C, 0xF32C, 0xF32C, 0xF32C,
    0xF32C, 0xF32C, 0xF32C, 0xF32C, 0xF32C, 0xF32C, 0xF32C, 0xF32C, 0xF32C, 0xF32C, 0xF32C, 0xF30C, 0xF30C, 0xF30C, 0xF30C, 0xF30C,
    0xF30C, 0xF30C, 0xF30C, 0xF2EC, 0xF2EC, 0xF2EC, 0xF2EB, 0xF2EB, 0xF2CB, 0xF2CB, 0xF2CB, 0xF2CB, 0xF2CB, 0xF2CB, 0xF2AB, 0xF2AB,
    0xEAAB, 0xEAAB, 0xEAAB, 0xEA8B, 0xEA8B, 0xEA8B, 0xEA8B, 0xEA8B, 0xEA6B, 0xEA6B, 0xEA6B, 0xEA6B, 0xEA6B, 0xEA4B, 0xEA4B, 0xEA4B,
    0xEA4B, 0xEA2A, 0xEA2A, 0xEA2A, 0xEA2A, 0xEA2A, 0xE20A, 0xE20A, 0xE20A, 0xE20A, 0xE20A, 0xE1EA, 0xE1EA, 0xE1EA, 0xE1EA, 0xE1EA,
    0xE1CA, 0xE1CA, 0xE1CA, 0xE1CA, 0xE1AA, 0xE1AA, 0xE1AA, 0xE1AA, 0xE1AA, 0xE189, 0xE189, 0xE189, 0xD989, 0xD989, 0xD989, 0xD969,
    0xD969, 0xD969, 0xD169, 0xD169, 0xD169, 0xD169, 0xD169, 0xD169, 0xD169, 0xC949, 0xC949, 0xC949, 0xC949, 0xC949, 0xC948, 0xC948,
    0xC148, 0xC148, 0xC148, 0xC148, 0xC148, 0xC128, 0xC128, 0xB928, 0xB928, 0xB928, 0xB928, 0xB928, 0xB928, 0xB128, 0xB128, 0xB108,
    0xB108, 0xB108, 0xB108, 0xB107, 0xA907, 0xA907, 0xA907, 0xA907, 0xA907, 0xA907, 0xA0E7, 0xA0E7, 0xA0E7, 0xA0E7, 0xA0E7, 0xA0E7,
    0x98E7, 0x98E7, 0x98E7, 0x98E7, 0x98C7, 0x98C7, 0x98C7, 0x90C7, 0x90C6, 0x90C6, 0x90C6, 0x90C6, 0x90C6, 0x88C6, 0x88C6, 0x88A6,
    0x88A6, 0x88A6, 0x80A6, 0x80A6, 0x80A6, 0x80A6, 0x80A6, 0x7886, 0x7885, 0x7885, 0x7885, 0x7885, 0xEAEB, 0xEAEB, 0xEAEB, 0xEAEB,
    0xEB0C, 0xEB0C, 0xF30C, 0xF30C, 0xF30C, 0xF30C, 0xF30C, 0xF32C, 0xF32C, 0xF32C, 0xF32C, 0xF32C, 0xF32C, 0xF32C, 0xF32C, 0xF32C,
    0xF32C, 0xF32C, 0xF32C, 0xF32C, 0xF30C, 0xF30C, 0xF30C, 0xF30C, 0xF30C, 0xF30C, 0xF30C, 0xF30C, 0xF30C, 0xF2EC, 0xF2EC, 0xF2EC,
    0xF2EC, 0xF2EB, 0xF2EB, 0xF2CB, 0xF2CB, 0xF2CB, 0xF2CB, 0xF2CB, 0xF2CB, 0xF2AB, 0xF2AB, 0xEAAB, 0xEAAB, 0xEAAB, 0xEA8B, 0xEA8B,
    0xEA8B, 0xEA8B, 0xEA8B, 0xEA6B, 0xEA6B, 0xEA6B, 0xEA6B, 0xEA6B, 0xEA4B, 0xEA4B, 0xEA4B, 0xEA4B, 0xEA4B, 0xEA2A, 0xEA2A, 0xEA2A,
    0xEA2A, 0xEA2A, 0xE20A, 0xE20A, 0xE20A, 0xE20A, 0xE20A, 0xE1EA, 0xE1EA, 0xE1EA, 0xE1EA, 0xE1CA, 0xE1CA, 0xE1CA, 0xE1CA, 0xE1CA,
    0xE1AA, 0xE1AA, 0xE1AA, 0xE1AA, 0xE18A, 0xE189, 0xE189, 0xE189, 0xD989, 0xD989, 0xD969, 0xD969, 0xD969, 0xD969, 0xD969, 0xD169,
    0xD169, 0xD169, 0xD169, 0xD169, 0xD169, 0xC949, 0xC949, 0xC949, 0xC949, 0xC949, 0xC948, 0xC948, 0xC148, 0xC148, 0xC148, 0xC148,
    0xC128, 0xC128, 0xB928, 0xB928, 0xB928, 0xB928, 0xB928, 0xB928, 0xB928, 0xB128, 0xB128, 0xB108, 0xB108, 0xB108, 0xB108, 0xA907,
    0xA907, 0xA907, 0xA907, 0xA907, 0xA907, 0xA907, 0xA0E7, 0xA0E7, 0xA0E7, 0xA0E7, 0xA0E7, 0xA0E7, 0x98E7, 0x98E7, 0x98E7, 0x98E7,
    0x98C7, 0x98C7, 0x90C7, 0x90C7, 0x90C6, 0x90C6, 0x90C6, 0x90C6, 0x90C6, 0x88C6, 0x88C6, 0x88A6, 0x88A6, 0x88A6, 0x80A6, 0x80A6,
    0x80A6, 0x80A6, 0x80A6, 0x80A6, 0x7886, 0x7885, 0x7885, 0x7885, 0xEAEB, 0xEAEB, 0xEAEB, 0xEAEB, 0xEB0B, 0xEB0C, 0xF30C, 0xF30C,
    0xF30C, 0xF30C, 0xF30C, 0xF30C, 0xF32C, 0xF32C, 0xF32C, 0xF32C, 0xF32C, 0xF32C, 0xF32C, 0xF32C, 0xF32C, 0xF30C, 0xF30C, 0xF30C,
    0xF30C, 0xF30C, 0xF30C, 0xF30C, 0xF30C, 0xF30C, 0xF30C, 0xF30C, 0xF2EC, 0xF2EC, 0xF2EC, 0xF2EC, 0xF2EC, 0xF2EB, 0xF2CB, 0xF2CB,
    0xF2CB, 0xF2CB, 0xF2CB, 0xF2CB, 0xF2CB, 0xF2AB, 0xF2AB, 0xEAAB, 0xEAAB, 0xEAAB, 0xEA8B, 0xEA8B, 0xEA8B, 0xEA8B, 0xEA8B, 0xEA6B,
    0xEA6B, 0xEA6B, 0xEA6B, 0xEA6B, 0xEA4B, 0xEA4B, 0xEA4B, 0xEA4B, 0xEA4A, 0xEA2A, 0xEA2A, 0xEA2A, 0xEA2A, 0xEA0A, 0xE20A, 0xE20A,
    0xE20A, 0xE20A, 0xE1EA, 0xE1EA, 0xE1EA, 0xE1EA, 0xE1EA, 0xE1CA, 0xE1CA, 0xE1CA, 0xE1CA, 0xE1CA, 0xE1AA, 0xE1AA, 0xE1AA, 0xE1AA,
    0xE189, 0xE189, 0xE189, 0xD989, 0xD989, 0xD989, 0xD969, 0xD969, 0xD969, 0xD969, 0xD169, 0xD169, 0xD169, 0xD169, 0xD169, 0xD169,
    0xD169, 0xC949, 0xC949, 0xC949, 0xC949, 0xC949, 0xC948, 0xC948, 0xC148, 0xC148, 0xC148, 0xC148, 0xC128, 0xC128, 0xB928, 0xB928,
    0xB928, 0xB928, 0xB928, 0xB928, 0xB928, 0xB128, 0xB128, 0xB108, 0xB108, 0xB108, 0xB108, 0xA907, 0xA907, 0xA907, 0xA907, 0xA907,
    0xA907, 0xA107, 0xA0E7, 0xA0E7, 0xA0E7, 0xA0E7, 0xA0E7, 0xA0E7, 0x98E7, 0x98E7, 0x98E7, 0x98E7, 0x98C7, 0x98C7, 0x90C7, 0x90C7,
    0x90C6, 0x90C6, 0x90C6, 0x90C6, 0x90C6, 0x88C6, 0x88C6, 0x88A6, 0x88A6, 0x88A6, 0x80A6, 0x80A6, 0x80A6, 0x80A6, 0x80A6, 0x78A6,
    0x78A6, 0x7886, 0x7885, 0x7885, 0xEAEB, 0xEAEB, 0xEAEB, 0xEAEB, 0xEAEB, 0xEAEB, 0xF30B, 0xF30C, 0xF30C, 0xF30C, 0xF30C, 0xF30C,
    0xF30C, 0xF30C, 0xF30C, 0xF30C, 0xF30C, 0xF30C, 0xF30C, 0xF30C, 0xF30C, 0xF30C, 0xF30C, 0xF30C, 0xF30C, 0xF30C, 0xF30C, 0xF30C,
    0xF30C, 0xF30C, 0xF2EC, 0xF2EC, 0xF2EC, 0xF2EC, 0xF2EC, 0xF2EB, 0xF2EB, 0xF2CB, 0xF2CB, 0xF2CB, 0xF2CB, 0xF2CB, 0xF2CB, 0xF2CB,
    0xF2AB, 0xEAAB, 0xEAAB, 0xEAAB, 0xEAAB, 0xEA8B, 0xEA8B, 0xEA8B, 0xEA8B, 0xEA8B, 0xEA6B, 0xEA6B, 0xEA6B, 0xEA6B, 0xEA6B, 0xEA4B,
    0xEA4B, 0xEA4B, 0xEA4B, 0xEA4A, 0xEA2A, 0xEA2A, 0xEA2A, 0xEA2A, 0xEA2A, 0xE20A, 0xE20A, 0xE20A, 0xE20A, 0xE20A, 0xE1EA, 0xE1EA,
    0xE1EA, 0xE1EA, 0xE1CA, 0xE1CA, 0xE1CA, 0xE1CA, 0xE1CA, 0xE1AA, 0xE1AA, 0xE1AA, 0xE1AA, 0xE1AA, 0xE189, 0xE189, 0xE189, 0xD989,
    0xD989, 0xD989, 0xD969, 0xD969, 0xD969, 0xD969, 0xD169, 0xD169, 0xD169, 0xD169, 0xD169, 0xD169, 0xC969, 0xC949, 0xC949, 0xC949,
    0xC949, 0xC949, 0xC948, 0xC148, 0xC148, 0xC148, 0xC148, 0xC148, 0xC128, 0xC128, 0xB928, 0xB928, 0xB928, 0xB928, 0xB928, 0xB928,
    0xB128, 0xB128, 0xB128, 0xB108, 0xB108, 0xB108, 0xB107, 0xA907, 0xA907, 0xA907, 0xA907, 0xA907, 0xA907, 0xA0E7, 0xA0E7, 0xA0E7,
    0xA0E7, 0xA0E7, 0xA0E7, 0x98E7, 0x98E7, 0x98E7, 0x98E7, 0x98E7, 0x98C7, 0x98C7, 0x90C7, 0x90C7, 0x90C6, 0x90C6, 0x90C6, 0x90C6,
    0x90C6, 0x88C6, 0x88C6, 0x88A6, 0x88A6, 0x88A6, 0x80A6, 0x80A6, 0x80A6, 0x80A6, 0x80A6, 0x78A6, 0x78A6, 0x7886, 0x7885, 0x7885,
    0xEACB, 0xEAEB, 0xEAEB, 0xEAEB, 0xEAEB, 0xF2EB, 0xF2EB, 0xF30C, 0xF30C, 0xF30C, 0xF30C, 0xF30C, 0xF30C, 0xF30C, 0xF30C, 0xF30C,
    0xF30C, 0xF30C, 0xF30C, 0xF30C, 0xF30C, 0xF30C, 0xF30C, 0xF30C, 0xF30C, 0xF30C, 0xF30C, 0xF30C, 0xF2EC, 0xF2EC, 0xF2EC, 0xF2EC,
    0xF2EC, 0xF2EB, 0xF2EB, 0xF2EB, 0xF2CB, 0xF2CB, 0xF2CB, 0xF2CB, 0xF2CB, 0xF2CB, 0xF2AB, 0xF2AB, 0xEAAB, 0xEAAB, 0xEAAB, 0xEAAB,
    0xEA8B, 0xEA8B, 0xEA8B, 0xEA8B, 0xEA8B, 0xEA8B, 0xEA6B, 0xEA6B, 0xEA6B, 0xEA6B, 0xEA4B, 0xEA4B, 0xEA4B, 0xEA4B, 0xEA4B, 0xEA2A,
    0xEA2A, 0xEA2A, 0xEA2A, 0xEA2A, 0xEA0A, 0xE20A, 0xE20A, 0xE20A, 0xE20A, 0xE1EA, 0xE1EA, 0xE1EA, 0xE1EA, 0xE1EA, 0xE1CA, 0xE1CA,
    0xE1CA, 0xE1CA, 0xE1CA, 0xE1AA, 0xE1AA, 0xE1AA, 0xE1AA, 0xE18A, 0xE189, 0xE189, 0xD989, 0xD989, 0xD989, 0xD969, 0xD969, 0xD969,
    0xD969, 0xD169, 0xD169, 0xD169, 0xD169, 0xD169, 0xD169, 0xD169, 0xC969, 0xC949, 0xC949, 0xC949, 0xC949, 0xC948, 0xC948, 0xC148,
    0xC148, 0xC148, 0xC148, 0xC128, 0xC128, 0xB928, 0xB928, 0xB928, 0xB928, 0xB928, 0xB928, 0xB928, 0xB128, 0xB128, 0xB108, 0xB108,
    0xB108, 0xB108, 0xA907, 0xA907, 0xA907, 0xA907, 0xA907, 0xA907, 0xA907, 0xA0E7, 0xA0E7, 0xA0E7, 0xA0E7, 0xA0E7, 0xA0E7, 0x98E7,
    0x98E7, 0x98E7, 0x98E7, 0x98E7, 0x98C7, 0x98C7, 0x90C7, 0x90C6, 0x90C6, 0x90C6, 0x90C6, 0x90C6, 0x90C6, 0x88C6, 0x88A6, 0x88A6,
    0x88A6, 0x88A6, 0x80A6, 0x80A6, 0x80A6, 0x80A6, 0x80A6, 0x78A6, 0x78A6, 0x7885, 0x7885, 0x7885, 0xEACB, 0xEACB, 0xEAEB, 0xEAEB,
    0xEAEB, 0xF2EB, 0xF2EC, 0xF2EC, 0xF30C, 0xF30C, 0xF30C, 0xF30C, 0xF30C, 0xF30C, 0xF30C, 0xF30C, 0xF30C, 0xF30C, 0xF30C, 0xF30C,
    0xF30C, 0xF30C, 0xF30C, 0xF30C, 0xF30C, 0xF30C, 0xF30C, 0xF2EC, 0xF2EC, 0xF2EC, 0xF2EC, 0xF2EC, 0xF2EC, 0xF2EB, 0xF2EB, 0xF2CB,
    0xF2CB, 0xF2CB, 0xF2CB, 0xF2CB, 0xF2CB, 0xF2CB, 0xF2AB, 0xF2AB, 0xEAAB, 0xEAAB, 0xEAAB, 0xEAAB, 0xEA8B, 0xEA8B, 0xEA8B, 0xEA8B,
    0xEA8B, 0xEA6B, 0xEA6B, 0xEA6B, 0xEA6B, 0xEA6B, 0xEA4B, 0xEA4B, 0xEA4B, 0xEA4B, 0xEA4B, 0xEA2A, 0xEA2A, 0xEA2A, 0xEA2A, 0xEA2A,
    0xE20A, 0xE20A, 0xE20A, 0xE20A, 0xE20A, 0xE1EA, 0xE1EA, 0xE1EA, 0xE1EA, 0xE1EA, 0xE1CA, 0xE1CA, 0xE1CA, 0xE1CA, 0xE1AA, 0xE1AA,
    0xE1AA, 0xE1AA, 0xE1AA, 0xE189, 0xE189, 0xE189, 0xD989, 0xD989, 0xD989, 0xD969, 0xD969, 0xD969, 0xD969, 0xD169, 0xD169, 0xD169,
    0xD169, 0xD169, 0xD169, 0xD169, 0xC949, 0xC949, 0xC949, 0xC949, 0xC949, 0xC948, 0xC148, 0xC148, 0xC148, 0xC148, 0xC148, 0xC128,
    0xC128, 0xB928, 0xB928, 0xB928, 0xB928, 0xB928, 0xB928, 0xB128, 0xB128, 0xB128, 0xB108, 0xB108, 0xB108, 0xB108, 0xA907, 0xA907,
    0xA907, 0xA907, 0xA907, 0xA907, 0xA907, 0xA0E7, 0xA0E7, 0xA0E7, 0xA0E7, 0xA0E7, 0xA0E7, 0xA0E7, 0x98E7, 0x98E7, 0x98E7, 0x98E7,
    0x98C7, 0x98C7, 0x90C7, 0x90C6, 0x90C6, 0x90C6, 0x90C6, 0x90C6, 0x90C6, 0x88C6, 0x88A6, 0x88A6, 0x88A6, 0x88A6, 0x80A6, 0x80A6,
    0x80A6, 0x80A6, 0x80A6, 0x78A6, 0x78A6, 0x7885, 0x7885, 0x7885, 0xEACB, 0xEACB, 0xEAEB, 0xEAEB, 0xEAEB, 0xF2EB, 0xF2EB, 0xF2EB,
    0xF2EB, 0xF30C, 0xF30C, 0xF30C, 0xF30C, 0xF30C, 0xF30C, 0xF30C, 0xF30C, 0xF30C, 0xF30C, 0xF30C, 0xF30C, 0xF30C, 0xF30C, 0xF2EC,
    0xF2EC, 0xF2EC, 0xF2EC, 0xF2EC, 0xF2EC, 0xF2EC, 0xF2EB, 0xF2EB, 0xF2EB, 0xF2CB, 0xF2CB, 0xF2CB, 0xF2CB, 0xF2CB, 0xF2CB, 0xF2CB,
    0xF2AB, 0xF2AB, 0xF2AB, 0xEAAB, 0xEAAB, 0xEAAB, 0xEAAB, 0xEA8B, 0xEA8B, 0xEA8B, 0xEA8B, 0xEA8B, 0xEA6B, 0xEA6B, 0xEA6B, 0xEA6B,
    0xEA6B, 0xEA4B, 0xEA4B, 0xEA4B, 0xEA4B, 0xEA4B, 0xEA2A, 0xEA2A, 0xEA2A, 0xEA2A, 0xEA2A, 0xEA0A, 0xE20A, 0xE20A, 0xE20A, 0xE20A,
    0xE1EA, 0xE1EA, 0xE1EA, 0xE1EA, 0xE1EA, 0xE1CA, 0xE1CA, 0xE1CA, 0xE1CA, 0xE1CA, 0xE1AA, 0xE1AA, 0xE1AA, 0xE1AA, 0xE1AA, 0xE189,
    0xE189, 0xE189, 0xD989, 0xD989, 0xD989, 0xD969, 0xD969, 0xD969, 0xD969, 0xD169, 0xD169, 0xD169, 0xD169, 0xD169, 0xD169, 0xC969,
    0xC949, 0xC949, 0xC949, 0xC949, 0xC949, 0xC948, 0xC148, 0xC148, 0xC148, 0xC148, 0xC148, 0xC128, 0xC128, 0xB928, 0xB928, 0xB928,
    0xB928, 0xB928, 0xB928, 0xB928, 0xB128, 0xB128, 0xB108, 0xB108, 0xB108, 0xB108, 0xA907, 0xA907, 0xA907, 0xA907, 0xA907, 0xA907,
    0xA907, 0xA0E7, 0xA0E7, 0xA0E7, 0xA0E7, 0xA0E7, 0xA0E7, 0x98E7, 0x98E7, 0x98E7, 0x98E7, 0x98C7, 0x98C7, 0x98C7, 0x90C7, 0x90C6,
    0x90C6, 0x90C6, 0x90C6, 0x90C6, 0x88C6, 0x88C6, 0x88A6, 0x88A6, 0x88A6, 0x88A6, 0x80A6, 0x80A6, 0x80A6, 0x80A6, 0x80A6, 0x80A6,
    0x78A6, 0x7885, 0x7885, 0x7885, 0xEACB, 0xEACB, 0xEACB, 0xEAEB, 0xEAEB, 0xF2EB, 0xF2EB, 0xF2EB, 0xF2EC, 0xF2EC, 0xF2EC, 0xF2EC,
    0xF2EC, 0xF2EC, 0xF2EC, 0xF2EC, 0xF2EC, 0xF2EC, 0xF2EC, 0xF2EC, 0xF2EC, 0xF2EC, 0xF2EC, 0xF2EC, 0xF2EC, 0xF2EC, 0xF2EC, 0xF2EC,
    0xF2EC, 0xF2EB, 0xF2EB, 0xF2EB, 0xF2CB, 0xF2CB, 0xF2CB, 0xF2CB, 0xF2CB, 0xF2CB, 0xF2CB, 0xF2AB, 0xF2AB, 0xF2AB, 0xEAAB, 0xEAAB,
    0xEAAB, 0xEAAB, 0xEA8B, 0xEA8B, 0xEA8B, 0xEA8B, 0xEA8B, 0xEA8B, 0xEA6B, 0xEA6B, 0xEA6B, 0xEA6B, 0xEA6B, 0xEA4B, 0xEA4B, 0xEA4B,
    0xEA4B, 0xEA4B, 0xEA2A, 0xEA2A, 0xEA2A, 0xEA2A, 0xEA2A, 0xE20A, 0xE20A, 0xE20A, 0xE20A, 0xE20A, 0xE1EA, 0xE1EA, 0xE1EA, 0xE1EA,
    0xE1EA, 0xE1CA, 0xE1CA, 0xE1CA, 0xE1CA, 0xE1CA, 0xE1AA, 0xE1AA, 0xE1AA, 0xE1AA, 0xE18A, 0xE189, 0xE189, 0xE189, 0xD989, 0xD989,
    0xD989, 0xD969, 0xD969, 0xD969, 0xD969, 0xD169, 0xD169, 0xD169, 0xD169, 0xD169, 0xD169, 0xD169, 0xC949, 0xC949, 0xC949, 0xC949,
    0xC948, 0xC948, 0xC148, 0xC148, 0xC148, 0xC148, 0xC148, 0xC128, 0xC128, 0xB928, 0xB928, 0xB928, 0xB928, 0xB928, 0xB928, 0xB928,
    0xB128, 0xB108, 0xB108, 0xB108, 0xB108, 0xB108, 0xA907, 0xA907, 0xA907, 0xA907, 0xA907, 0xA907, 0xA907, 0xA0E7, 0xA0E7, 0xA0E7,
    0xA0E7, 0xA0E7, 0xA0E7, 0x98E7, 0x98E7, 0x98E7, 0x98E7, 0x98C7, 0x98C7, 0x98C7, 0x90C7, 0x90C6, 0x90C6, 0x90C6, 0x90C6, 0x90C6,
    0x88C6, 0x88C6, 0x88A6, 0x88A6, 0x88A6, 0x88A6, 0x80A6, 0x80A6, 0x80A6, 0x80A6, 0x80A6, 0x78A6, 0x78A6, 0x7885, 0x7885, 0x7885,
    0xEACB, 0xEACB, 0xEACB, 0xEACB, 0xEAEB, 0xEAEB, 0xF2EB, 0xF2EB, 0xF2EC, 0xF2EC, 0xF2EC, 0xF2EC, 0xF2EC, 0xF2EC, 0xF2EC, 0xF2EC,
    0xF2EC, 0xF2EC, 0xF2EC, 0xF2EC, 0xF2EC, 0xF2EC, 0xF2EC, 0xF2EC, 0xF2EC, 0xF2EC, 0xF2EC, 0xF2EB, 0xF2EB, 0xF2EB, 0xF2CB, 0xF2CB,
    0xF2CB, 0xF2CB, 0xF2CB, 0xF2CB, 0xF2CB, 0xF2CB, 0xF2CB, 0xF2AB, 0xEAAB, 0xEAAB, 0xEAAB, 0xEAAB, 0xEAAB, 0xEA8B, 0xEA8B, 0xEA8B,
    0xEA8B, 0xEA8B, 0xEA6B, 0xEA6B, 0xEA6B, 0xEA6B, 0xEA6B, 0xEA6B, 0xEA4B, 0xEA4B, 0xEA4B, 0xEA4B, 0xEA4B, 0xEA4A, 0xEA2A, 0xEA2A,
    0xEA2A, 0xEA2A, 0xEA2A, 0xE20A, 0xE20A, 0xE20A, 0xE20A, 0xE20A, 0xE1EA, 0xE1EA, 0xE1EA, 0xE1EA, 0xE1CA, 0xE1CA, 0xE1CA, 0xE1CA,
    0xE1CA, 0xE1AA, 0xE1AA, 0xE1AA, 0xE1AA, 0xE1AA, 0xE189, 0xE189, 0xE189, 0xD989, 0xD989, 0xD989, 0xD969, 0xD969, 0xD969, 0xD969,
    0xD169, 0xD169, 0xD169, 0xD169, 0xD169, 0xD169, 0xD169, 0xC949, 0xC949, 0xC949, 0xC949, 0xC949, 0xC948, 0xC948, 0xC148, 0xC148,
    0xC148, 0xC148, 0xC128, 0xC128, 0xB928, 0xB928, 0xB928, 0xB928, 0xB928, 0xB928, 0xB928, 0xB128, 0xB128, 0xB108, 0xB108, 0xB108,
    0xB108, 0xB108, 0xA907, 0xA907, 0xA907, 0xA907, 0xA907, 0xA907, 0xA0E7, 0xA0E7, 0xA0E7, 0xA0E7, 0xA0E7, 0xA0E7, 0xA0E7, 0x98E7,
    0x98E7, 0x98E7, 0x98E7, 0x98C7, 0x98C7, 0x90C7, 0x90C6, 0x90C6, 0x90C6, 0x90C6, 0x90C6, 0x90C6, 0x88C6, 0x88C6, 0x88A6, 0x88A6,
    0x88A6, 0x88A6, 0x80A6, 0x80A6, 0x80A6, 0x80A6, 0x80A6, 0x78A6, 0x78A6, 0x7885, 0x7885, 0x7885, 0xEACB, 0xEACB, 0xEACB, 0xEACB,
    0xEACB, 0xF2CB, 0xF2CB, 0xF2EB, 0xF2EB, 0xF2EC, 0xF2EC, 0xF2EC, 0xF2EC, 0xF2EC, 0xF2EC, 0xF2EC, 0xF2EC, 0xF2EC, 0xF2EC, 0xF2EC,
    0xF2EC, 0xF2EC, 0xF2EB, 0xF2EB, 0xF2EB, 0xF2EB, 0xF2EB, 0xF2CB, 0xF2CB, 0xF2CB, 0xF2CB, 0xF2CB, 0xF2CB, 0xF2CB, 0xF2CB, 0xF2CB,
    0xF2CB, 0xF2AB, 0xF2AB, 0xEAAB, 0xEAAB, 0xEAAB, 0xEAAB, 0xEAAB, 0xEA8B, 0xEA8B, 0xEA8B, 0xEA8B, 0xEA8B, 0xEA8B, 0xEA6B, 0xEA6B,
    0xEA6B, 0xEA6B, 0xEA6B, 0xEA4B, 0xEA4B, 0xEA4B, 0xEA4B, 0xEA4B, 0xEA2A, 0xEA2A, 0xEA2A, 0xEA2A, 0xEA2A, 0xEA2A, 0xE20A, 0xE20A,
    0xE20A, 0xE20A, 0xE20A, 0xE1EA, 0xE1EA, 0xE1EA, 0xE1EA, 0xE1CA, 0xE1CA, 0xE1CA, 0xE1CA, 0xE1CA, 0xE1AA, 0xE1AA, 0xE1AA, 0xE1AA,
    0xE1AA, 0xE18A, 0xE189, 0xE189, 0xE189, 0xD989, 0xD989, 0xD989, 0xD969, 0xD969, 0xD969, 0xD169, 0xD169, 0xD169, 0xD169, 0xD169,
    0xD169, 0xD169, 0xC969, 0xC949, 0xC949, 0xC949, 0xC949, 0xC949, 0xC948, 0xC148, 0xC148, 0xC148, 0xC148, 0xC148, 0xC128, 0xC128,
    0xB928, 0xB928, 0xB928, 0xB928, 0xB928, 0xB928, 0xB928, 0xB128, 0xB128, 0xB108, 0xB108, 0xB108, 0xB108, 0xA907, 0xA907, 0xA907,
    0xA907, 0xA907, 0xA907, 0xA907, 0xA0E7, 0xA0E7, 0xA0E7, 0xA0E7, 0xA0E7, 0xA0E7, 0x98E7, 0x98E7, 0x98E7, 0x98E7, 0x98E7, 0x98C7,
    0x98C7, 0x90C7, 0x90C6, 0x90C6, 0x90C6, 0x90C6, 0x90C6, 0x88C6, 0x88C6, 0x88C6, 0x88A6, 0x88A6, 0x88A6, 0x88A6, 0x80A6, 0x80A6,
    0x80A6, 0x80A6, 0x80A6, 0x78A6, 0x78A5, 0x7885, 0x7885, 0x7885, 0xEACB, 0xEACB, 0xEACB, 0xEACB, 0xEACB, 0xF2CB, 0xF2CB, 0xF2EB,
    0xF2EB, 0xF2EB, 0xF2EB, 0xF2EB, 0xF2EB, 0xF2EC, 0xF2EC, 0xF2EC, 0xF2EC, 0xF2EC, 0xF2EB, 0xF2EB, 0xF2EB, 0xF2EB, 0xF2EB, 0xF2EB,
    0xF2EB, 0xF2CB, 0xF2CB, 0xF2CB, 0xF2CB, 0xF2CB, 0xF2CB, 0xF2CB, 0xF2CB, 0xF2CB, 0xF2CB, 0xF2AB, 0xF2AB, 0xF2AB, 0xEAAB, 0xEAAB,
    0xEAAB, 0xEAAB, 0xEAAB, 0xEA8B, 0xEA8B, 0xEA8B, 0xEA8B, 0xEA8B, 0xEA8B, 0xEA6B, 0xEA6B, 0xEA6B, 0xEA6B, 0xEA6B, 0xEA6B, 0xEA4B,
    0xEA4B, 0xEA4B, 0xEA4B, 0xEA4B, 0xEA2A, 0xEA2A, 0xEA2A, 0xEA2A, 0xEA2A, 0xE20A, 0xE20A, 0xE20A, 0xE20A, 0xE20A, 0xE1EA, 0xE1EA,
    0xE1EA, 0xE1EA, 0xE1EA, 0xE1CA, 0xE1CA, 0xE1CA, 0xE1CA, 0xE1CA, 0xE1AA, 0xE1AA, 0xE1AA, 0xE1AA, 0xE1AA, 0xE189, 0xE189, 0xE189,
    0xE189, 0xD989, 0xD989, 0xD989, 0xD969, 0xD969, 0xD969, 0xD169, 0xD169, 0xD169, 0xD169, 0xD169, 0xD169, 0xD169, 0xC969, 0xC949,
    0xC949, 0xC949, 0xC949, 0xC949, 0xC948, 0xC148, 0xC148, 0xC148, 0xC148, 0xC148, 0xC128, 0xC128, 0xB928, 0xB928, 0xB928, 0xB928,
    0xB928, 0xB928, 0xB128, 0xB128, 0xB128, 0xB108, 0xB108, 0xB108, 0xB108, 0xA907, 0xA907, 0xA907, 0xA907, 0xA907, 0xA907, 0xA107,
    0xA0E7, 0xA0E7, 0xA0E7, 0xA0E7, 0xA0E7, 0xA0E7, 0x98E7, 0x98E7, 0x98E7, 0x98E7, 0x98E7, 0x98C7, 0x98C7, 0x90C7, 0x90C6, 0x90C6,
    0x90C6, 0x90C6, 0x90C6, 0x88C6, 0x88C6, 0x88A6, 0x88A6, 0x88A6, 0x88A6, 0x88A6, 0x80A6, 0x80A6, 0x80A6, 0x80A6, 0x80A6, 0x78A6,
    0x7885, 0x7885, 0x7885, 0x7885, 0xEAAB, 0xEACB, 0xEACB, 0xEACB, 0xEACB, 0xEACB, 0xF2CB, 0xF2CB, 0xF2CB, 0xF2CB, 0xF2CB, 0xF2CB,
    0xF2EB, 0xF2EB, 0xF2EB, 0xF2EB, 0xF2EB, 0xF2EB, 0xF2EB, 0xF2EB, 0xF2CB, 0xF2CB, 0xF2CB, 0xF2CB, 0xF2CB, 0xF2CB, 0xF2CB, 0xF2CB,
    0xF2CB, 0xF2CB, 0xF2CB, 0xF2CB, 0xF2CB, 0xF2AB, 0xF2AB, 0xF2AB, 0xEAAB, 0xEAAB, 0xEAAB, 0xEAAB, 0xEAAB, 0xEA8B, 0xEA8B, 0xEA8B,
    0xEA8B, 0xEA8B, 0xEA8B, 0xEA8B, 0xEA6B, 0xEA6B, 0xEA6B, 0xEA6B, 0xEA6B, 0xEA4B, 0xEA4B, 0xEA4B, 0xEA4B, 0xEA4B, 0xEA4A, 0xEA2A,
    0xEA2A, 0xEA2A, 0xEA2A, 0xEA2A, 0xEA2A, 0xE20A, 0xE20A, 0xE20A, 0xE20A, 0xE20A, 0xE1EA, 0xE1EA, 0xE1EA, 0xE1EA, 0xE1EA, 0xE1CA,
    0xE1CA, 0xE1CA, 0xE1CA, 0xE1CA, 0xE1AA, 0xE1AA, 0xE1AA, 0xE1AA, 0xE18A, 0xE189, 0xE189, 0xE189, 0xD989, 0xD989, 0xD989, 0xD969,
    0xD969, 0xD969, 0xD969, 0xD169, 0xD169, 0xD169, 0xD169, 0xD169, 0xD169, 0xD169, 0xC949, 0xC949, 0xC949, 0xC949, 0xC949, 0xC948,
    0xC948, 0xC148, 0xC148, 0xC148, 0xC148, 0xC128, 0xC128, 0xB928, 0xB928, 0xB928, 0xB928, 0xB928, 0xB928, 0xB928, 0xB128, 0xB128,
    0xB128, 0xB108, 0xB108, 0xB108, 0xA907, 0xA907, 0xA907, 0xA907, 0xA907, 0xA907, 0xA907, 0xA0E7, 0xA0E7, 0xA0E7, 0xA0E7, 0xA0E7,
    0xA0E7, 0xA0E7, 0x98E7, 0x98E7, 0x98E7, 0x98E7, 0x98E7, 0x98C7, 0x90C7, 0x90C7, 0x90C6, 0x90C6, 0x90C6, 0x90C6, 0x90C6, 0x88C6,
    0x88C6, 0x88A6, 0x88A6, 0x88A6, 0x88A6, 0x88A6, 0x80A6, 0x80A6, 0x80A6, 0x80A6, 0x80A6, 0x78A6, 0x7885, 0x7885, 0x7885, 0x7885,
    0xEAAB, 0xEAAB, 0xEACB, 0xEACB, 0xEACB, 0xF2CB, 0xF2CB, 0xF2CB, 0xF2CB, 0xF2CB, 0xF2CB, 0xF2CB, 0xF2CB, 0xF2CB, 0xF2CB, 0xF2CB,
    0xF2CB, 0xF2CB, 0xF2CB, 0xF2CB, 0xF2CB, 0xF2CB, 0xF2CB, 0xF2CB, 0xF2CB, 0xF2CB, 0xF2CB, 0xF2CB, 0xF2CB, 0xF2CB, 0xF2CB, 0xF2CB,
    0xF2AB, 0xF2AB, 0xF2AB, 0xEAAB, 0xEAAB, 0xEAAB, 0xEAAB, 0xEAAB, 0xEA8B, 0xEA8B, 0xEA8B, 0xEA8B, 0xEA8B, 0xEA8B, 0xEA8B, 0xEA6B,
    0xEA6B, 0xEA6B, 0xEA6B, 0xEA6B, 0xEA6B, 0xEA4B, 0xEA4B, 0xEA4B, 0xEA4B, 0xEA4B, 0xEA4A, 0xEA2A, 0xEA2A, 0xEA2A, 0xEA2A, 0xEA2A,
    0xE20A, 0xE20A, 0xE20A, 0xE20A, 0xE20A, 0xE1EA, 0xE1EA, 0xE1EA, 0xE1EA, 0xE1EA, 0xE1CA, 0xE1CA, 0xE1CA, 0xE1CA, 0xE1CA, 0xE1AA,
    0xE1AA, 0xE1AA, 0xE1AA, 0xE1AA, 0xE18A, 0xE189, 0xE189, 0xD989, 0xD989, 0xD989, 0xD969, 0xD969, 0xD969, 0xD969, 0xD969, 0xD169,
    0xD169, 0xD169, 0xD169, 0xD169, 0xD169, 0xD169, 0xC949, 0xC949, 0xC949, 0xC949, 0xC949, 0xC948, 0xC148, 0xC148, 0xC148, 0xC148,
    0xC148, 0xC128, 0xC128, 0xB928, 0xB928, 0xB928, 0xB928, 0xB928, 0xB928, 0xB928, 0xB128, 0xB128, 0xB108, 0xB108, 0xB108, 0xB108,
    0xB107, 0xA907, 0xA907, 0xA907, 0xA907, 0xA907, 0xA907, 0xA0E7, 0xA0E7, 0xA0E7, 0xA0E7, 0xA0E7, 0xA0E7, 0xA0E7, 0x98E7, 0x98E7,
    0x98E7, 0x98E7, 0x98C7, 0x98C7, 0x98C7, 0x90C7, 0x90C6, 0x90C6, 0x90C6, 0x90C6, 0x90C6, 0x88C6, 0x88C6, 0x88A6, 0x88A6, 0x88A6,
    0x88A6, 0x88A6, 0x80A6, 0x80A6, 0x80A6, 0x80A6, 0x80A6, 0x78A6, 0x7886, 0x7885, 0x7885, 0x7885, 0xEAAB, 0xEAAB, 0xEAAB, 0xEAAB,
    0xEAAB, 0xF2CB, 0xF2CB, 0xF2CB, 0xF2CB, 0xF2CB, 0xF2CB, 0xF2CB, 0xF2CB, 0xF2CB, 0xF2CB, 0xF2CB, 0xF2CB, 0xF2CB, 0xF2CB, 0xF2CB,
    0xF2CB, 0xF2CB, 0xF2CB, 0xF2CB, 0xF2CB, 0xF2CB, 0xF2CB, 0xF2CB, 0xF2CB, 0xF2CB, 0xF2AB, 0xF2AB, 0xF2AB, 0xEAAB, 0xEAAB, 0xEAAB,
    0xEAAB, 0xEAAB, 0xEA8B, 0xEA8B, 0xEA8B, 0xEA8B, 0xEA8B, 0xEA8B, 0xEA8B, 0xEA8B, 0xEA6B, 0xEA6B, 0xEA6B, 0xEA6B, 0xEA6B, 0xEA6B,
    0xEA4B, 0xEA4B, 0xEA4B, 0xEA4B, 0xEA4B, 0xEA4A, 0xEA2A, 0xEA2A, 0xEA2A, 0xEA2A, 0xEA2A, 0xE22A, 0xE20A, 0xE20A, 0xE20A, 0xE20A,
    0xE1EA, 0xE1EA, 0xE1EA, 0xE1EA, 0xE1EA, 0xE1CA, 0xE1CA, 0xE1CA, 0xE1CA, 0xE1CA, 0xE1AA, 0xE1AA, 0xE1AA, 0xE1AA, 0xE1AA, 0xE1AA,
    0xE189, 0xE189, 0xE189, 0xD989, 0xD989, 0xD989, 0xD969, 0xD969, 0xD969, 0xD969, 0xD169, 0xD169, 0xD169, 0xD169, 0xD169, 0xD169,
    0xD169, 0xC969, 0xC949, 0xC949, 0xC949, 0xC949, 0xC949, 0xC948, 0xC148, 0xC148, 0xC148, 0xC148, 0xC148, 0xC128, 0xC128, 0xB928,
    0xB928, 0xB928, 0xB928, 0xB928, 0xB928, 0xB928, 0xB128, 0xB128, 0xB108, 0xB108, 0xB108, 0xB108, 0xA907, 0xA907, 0xA907, 0xA907,
    0xA907, 0xA907, 0xA907, 0xA0E7, 0xA0E7, 0xA0E7, 0xA0E7, 0xA0E7, 0xA0E7, 0xA0E7, 0x98E7, 0x98E7, 0x98E7, 0x98E7, 0x98C7, 0x98C7,
    0x90C7, 0x90C6, 0x90C6, 0x90C6, 0x90C6, 0x90C6, 0x90C6, 0x88C6, 0x88C6, 0x88A6, 0x88A6, 0x88A6, 0x88A6, 0x80A6, 0x80A6, 0x80A6,
    0x80A6, 0x80A6, 0x80A6, 0x78A6, 0x7886, 0x7885, 0x7885, 0x7885, 0xEAAB, 0xEAAB, 0xEAAB, 0xEAAB, 0xEAAB, 0xEACB, 0xEACB, 0xF2CB,
    0xF2CB, 0xF2CB, 0xF2CB, 0xF2CB, 0xF2CB, 0xF2CB, 0xF2CB, 0xF2CB, 0xF2CB, 0xF2CB, 0xF2CB, 0xF2CB, 0xF2CB, 0xF2CB, 0xF2CB, 0xF2CB,
    0xF2CB, 0xF2CB, 0xF2AB, 0xF2AB, 0xF2AB, 0xF2AB, 0xEAAB, 0xEAAB, 0xEAAB, 0xEAAB, 0xEAAB, 0xEAAB, 0xEAAB, 0xEA8B, 0xEA8B, 0xEA8B,
    0xEA8B, 0xEA8B, 0xEA8B, 0xEA8B, 0xEA6B, 0xEA6B, 0xEA6B, 0xEA6B, 0xEA6B, 0xEA6B, 0xEA6B, 0xEA4B, 0xEA4B, 0xEA4B, 0xEA4B, 0xEA4B,
    0xEA4A, 0xEA2A, 0xEA2A, 0xEA2A, 0xEA2A, 0xEA2A, 0xE20A, 0xE20A, 0xE20A, 0xE20A, 0xE20A, 0xE20A, 0xE1EA, 0xE1EA, 0xE1EA, 0xE1EA,
    0xE1EA, 0xE1CA, 0xE1CA, 0xE1CA, 0xE1CA, 0xE1CA, 0xE1AA, 0xE1AA, 0xE1AA, 0xE1AA, 0xE1AA, 0xE18A, 0xE189, 0xE189, 0xE189, 0xD989,
    0xD989, 0xD969, 0xD969, 0xD969, 0xD969, 0xD969, 0xD169, 0xD169, 0xD169, 0xD169, 0xD169, 0xD169, 0xC969, 0xC949, 0xC949, 0xC949,
    0xC949, 0xC949, 0xC948, 0xC148, 0xC148, 0xC148, 0xC148, 0xC148, 0xC128, 0xC128, 0xB928, 0xB928, 0xB928, 0xB928, 0xB928, 0xB928,
    0xB928, 0xB128, 0xB128, 0xB128, 0xB108, 0xB108, 0xB108, 0xB108, 0xA907, 0xA907, 0xA907, 0xA907, 0xA907, 0xA907, 0xA907, 0xA0E7,
    0xA0E7, 0xA0E7, 0xA0E7, 0xA0E7, 0xA0E7, 0x98E7, 0x98E7, 0x98E7, 0x98E7, 0x98C7, 0x98C7, 0x98C7, 0x90C7, 0x90C6, 0x90C6, 0x90C6,
    0x90C6, 0x90C6, 0x88C6, 0x88C6, 0x88C6, 0x88A6, 0x88A6, 0x88A6, 0x88A6, 0x80A6, 0x80A6, 0x80A6, 0x80A6, 0x80A6, 0x80A6, 0x7886,
    0x7886, 0x7886, 0x7885, 0x7885, 0xEAAB, 0xEAAB, 0xEAAB, 0xEAAB, 0xEAAB, 0xEAAB, 0xF2AB, 0xF2AB, 0xF2CB, 0xF2CB, 0xF2CB, 0xF2CB,
    0xF2CB, 0xF2CB, 0xF2CB, 0xF2CB, 0xF2CB, 0xF2CB, 0xF2CB, 0xF2CB, 0xF2CB, 0xF2CB, 0xF2CB, 0xF2AB, 0xF2AB, 0xF2AB, 0xF2AB, 0xF2AB,
    0xEAAB, 0xEAAB, 0xEAAB, 0xEAAB, 0xEAAB, 0xEAAB, 0xEAAB, 0xEA8B, 0xEA8B, 0xEA8B, 0xEA8B, 0xEA8B, 0xEA8B, 0xEA8B, 0xEA8B, 0xEA8B,
    0xEA6B, 0xEA6B, 0xEA6B, 0xEA6B, 0xEA6B, 0xEA6B, 0xEA4B, 0xEA4B, 0xEA4B, 0xEA4B, 0xEA4B, 0xEA4A, 0xEA2A, 0xEA2A, 0xEA2A, 0xEA2A,
    0xEA2A, 0xEA2A, 0xE20A, 0xE20A, 0xE20A, 0xE20A, 0xE20A, 0xE1EA, 0xE1EA, 0xE1EA, 0xE1EA, 0xE1EA, 0xE1CA, 0xE1CA, 0xE1CA, 0xE1CA,
    0xE1CA, 0xE1AA, 0xE1AA, 0xE1AA, 0xE1AA, 0xE1AA, 0xE18A, 0xE189, 0xE189, 0xE189, 0xD989, 0xD989, 0xD989, 0xD969, 0xD969, 0xD969,
    0xD969, 0xD969, 0xD169, 0xD169, 0xD169, 0xD169, 0xD169, 0xD169, 0xC969, 0xC949, 0xC949, 0xC949, 0xC949, 0xC949, 0xC948, 0xC148,
    0xC148, 0xC148, 0xC148, 0xC148, 0xC128, 0xC128, 0xB928, 0xB928, 0xB928, 0xB928, 0xB928, 0xB928, 0xB928, 0xB128, 0xB128, 0xB108,
    0xB108, 0xB108, 0xB108, 0xB107, 0xA907, 0xA907, 0xA907, 0xA907, 0xA907, 0xA907, 0xA0E7, 0xA0E7, 0xA0E7, 0xA0E7, 0xA0E7, 0xA0E7,
    0xA0E7, 0x98E7, 0x98E7, 0x98E7, 0x98E7, 0x98C7, 0x98C7, 0x98C7, 0x90C7, 0x90C6, 0x90C6, 0x90C6, 0x90C6, 0x90C6, 0x88C6, 0x88C6,
    0x88A6, 0x88A6, 0x88A6, 0x88A6, 0x88A6, 0x80A6, 0x80A6, 0x80A6, 0x80A6, 0x80A6, 0x80A6, 0x7886, 0x7886, 0x7886, 0x7885, 0x7885,
    0xEA8B, 0xEAAB, 0xEAAB, 0xEAAB, 0xEAAB, 0xEAAB, 0xEAAB, 0xF2AB, 0xF2AB, 0xF2AB, 0xF2AB, 0xF2AB, 0xF2AB, 0xF2AB, 0xF2AB, 0xF2AB,
    0xF2AB, 0xF2AB, 0xF2AB, 0xF2AB, 0xF2AB, 0xF2AB, 0xF2AB, 0xF2AB, 0xF2AB, 0xEAAB, 0xEAAB, 0xEAAB, 0xEAAB, 0xEAAB, 0xEAAB, 0xEAAB,
    0xEAAB, 0xEA8B, 0xEA8B, 0xEA8B, 0xEA8B, 0xEA8B, 0xEA8B, 0xEA8B, 0xEA8B, 0xEA8B, 0xEA6B, 0xEA6B, 0xEA6B, 0xEA6B, 0xEA6B, 0xEA6B,
    0xEA6B, 0xEA4B, 0xEA4B, 0xEA4B, 0xEA4B, 0xEA4B, 0xEA4A, 0xEA2A, 0xEA2A, 0xEA2A, 0xEA2A, 0xEA2A, 0xEA2A, 0xE20A, 0xE20A, 0xE20A,
    0xE20A, 0xE20A, 0xE20A, 0xE1EA, 0xE1EA, 0xE1EA, 0xE1EA, 0xE1EA, 0xE1CA, 0xE1CA, 0xE1CA, 0xE1CA, 0xE1CA, 0xE1AA, 0xE1AA, 0xE1AA,
    0xE1AA, 0xE1AA, 0xE189, 0xE189, 0xE189, 0xD989, 0xD989, 0xD989, 0xD969, 0xD969, 0xD969, 0xD969, 0xD969, 0xD169, 0xD169, 0xD169,
    0xD169, 0xD169, 0xD169, 0xD169, 0xC949, 0xC949, 0xC949, 0xC949, 0xC949, 0xC948, 0xC948, 0xC148, 0xC148, 0xC148, 0xC148, 0xC148,
    0xC128, 0xB928, 0xB928, 0xB928, 0xB928, 0xB928, 0xB928, 0xB928, 0xB128, 0xB128, 0xB128, 0xB108, 0xB108, 0xB108, 0xB108, 0xA907,
    0xA907, 0xA907, 0xA907, 0xA907, 0xA907, 0xA907, 0xA0E7, 0xA0E7, 0xA0E7, 0xA0E7, 0xA0E7, 0xA0E7, 0x98E7, 0x98E7, 0x98E7, 0x98E7,
    0x98E7, 0x98C7, 0x98C7, 0x90C7, 0x90C6, 0x90C6, 0x90C6, 0x90C6, 0x90C6, 0x90C6, 0x88C6, 0x88C6, 0x88A6, 0x88A6, 0x88A6, 0x88A6,
    0x80A6, 0x80A6, 0x80A6, 0x80A6, 0x80A6, 0x80A6, 0x80A6, 0x7886, 0x7886, 0x7886, 0x7886, 0x7885, 0xEA8B, 0xEA8B, 0xEAAB, 0xEAAB,
    0xEAAB, 0xEAAB, 0xEAAB, 0xEAAB, 0xEAAB, 0xEAAB, 0xEAAB, 0xF2AB, 0xF2AB, 0xF2AB, 0xF2AB, 0xF2AB, 0xF2AB, 0xF2AB, 0xF2AB, 0xF2AB,
    0xEAAB, 0xEAAB, 0xEAAB, 0xEAAB, 0xEAAB, 0xEAAB, 0xEAAB, 0xEAAB, 0xEAAB, 0xEAAB, 0xEAAB, 0xEAAB, 0xEA8B, 0xEA8B, 0xEA8B, 0xEA8B,
    0xEA8B, 0xEA8B, 0xEA8B, 0xEA8B, 0xEA8B, 0xEA6B, 0xEA6B, 0xEA6B, 0xEA6B, 0xEA6B, 0xEA6B, 0xEA6B, 0xEA4B, 0xEA4B, 0xEA4B, 0xEA4B,
    0xEA4B, 0xEA4B, 0xEA4A, 0xEA2A, 0xEA2A, 0xEA2A, 0xEA2A, 0xEA2A, 0xE20A, 0xE20A, 0xE20A, 0xE20A, 0xE20A, 0xE20A, 0xE1EA, 0xE1EA,
    0xE1EA, 0xE1EA, 0xE1EA, 0xE1CA, 0xE1CA, 0xE1CA, 0xE1CA, 0xE1CA, 0xE1AA, 0xE1AA, 0xE1AA, 0xE1AA, 0xE1AA, 0xE18A, 0xE189, 0xE189,
    0xE189, 0xD989, 0xD989, 0xD989, 0xD969, 0xD969, 0xD969, 0xD969, 0xD169, 0xD169, 0xD169, 0xD169, 0xD169, 0xD169, 0xD169, 0xC969,
    0xC949, 0xC949, 0xC949, 0xC949, 0xC949, 0xC948, 0xC948, 0xC148, 0xC148, 0xC148, 0xC148, 0xC148, 0xC128, 0xC128, 0xB928, 0xB928,
    0xB928, 0xB928, 0xB928, 0xB928, 0xB128, 0xB128, 0xB128, 0xB108, 0xB108, 0xB108, 0xB108, 0xA907, 0xA907, 0xA907, 0xA907, 0xA907,
    0xA907, 0xA107, 0xA0E7, 0xA0E7, 0xA0E7, 0xA0E7, 0xA0E7, 0xA0E7, 0x98E7, 0x98E7, 0x98E7, 0x98E7, 0x98E7, 0x98C7, 0x98C7, 0x90C7,
    0x90C6, 0x90C6, 0x90C6, 0x90C6, 0x90C6, 0x88C6, 0x88C6, 0x88C6, 0x88A6, 0x88A6, 0x88A6, 0x88A6, 0x80A6, 0x80A6, 0x80A6, 0x80A6,
    0x80A6, 0x80A6, 0x80A6, 0x7886, 0x7886, 0x7886, 0x7886, 0x7886, 0xEA8B, 0xEA8B, 0xEA8B, 0xEAAB, 0xEAAB, 0xEAAB, 0xEAAB, 0xEAAB,
    0xEAAB, 0xEAAB, 0xEAAB, 0xEAAB, 0xEAAB, 0xEAAB, 0xEAAB, 0xEAAB, 0xEAAB, 0xEAAB, 0xEAAB, 0xEAAB, 0xEAAB, 0xEAAB, 0xEAAB, 0xEAAB,
    0xEAAB, 0xEAAB, 0xEAAB, 0xEAAB, 0xEA8B, 0xEA8B, 0xEA8B, 0xEA8B, 0xEA8B, 0xEA8B, 0xEA8B, 0xEA8B, 0xEA8B, 0xEA8B, 0xEA8B, 0xEA6B,
    0xEA6B, 0xEA6B, 0xEA6B, 0xEA6B, 0xEA6B, 0xEA6B, 0xEA6B, 0xEA4B, 0xEA4B, 0xEA4B, 0xEA4B, 0xEA4B, 0xEA4A, 0xEA2A, 0xEA2A, 0xEA2A,
    0xEA2A, 0xEA2A, 0xEA2A, 0xEA0A, 0xE20A, 0xE20A, 0xE20A, 0xE20A, 0xE20A, 0xE1EA, 0xE1EA, 0xE1EA, 0xE1EA, 0xE1EA, 0xE1CA, 0xE1CA,
    0xE1CA, 0xE1CA, 0xE1CA, 0xE1AA, 0xE1AA, 0xE1AA, 0xE1AA, 0xE1AA, 0xE1AA, 0xE189, 0xE189, 0xE189, 0xE189, 0xD989, 0xD989, 0xD969,
    0xD969, 0xD969, 0xD969, 0xD969, 0xD169, 0xD169, 0xD169, 0xD169, 0xD169, 0xD169, 0xD169, 0xC949, 0xC949, 0xC949, 0xC949, 0xC949,
    0xC949, 0xC948, 0xC148, 0xC148, 0xC148, 0xC148, 0xC148, 0xC128, 0xC128, 0xB928, 0xB928, 0xB928, 0xB928, 0xB928, 0xB928, 0xB928,
    0xB128, 0xB128, 0xB108, 0xB108, 0xB108, 0xB108, 0xB108, 0xA907, 0xA907, 0xA907, 0xA907, 0xA907, 0xA907, 0xA8E7, 0xA0E7, 0xA0E7,
    0xA0E7, 0xA0E7, 0xA0E7, 0xA0E7, 0x98E7, 0x98E7, 0x98E7, 0x98E7, 0x98E7, 0x98C7, 0x98C7, 0x90C7, 0x90C6, 0x90C6, 0x90C6, 0x90C6,
    0x90C6, 0x90C6, 0x88C6, 0x88A6, 0x88A6, 0x88A6, 0x88A6, 0x88A6, 0x80A6, 0x80A6, 0x80A6, 0x80A6, 0x80A6, 0x80A6, 0x80A6, 0x7886,
    0x7886, 0x7886, 0x7886, 0x7886, 0xEA8B, 0xEA8B, 0xEA8B, 0xEA8B, 0xEA8B, 0xEA8B, 0xEA8B, 0xEA8B, 0xEAAB, 0xEAAB, 0xEAAB, 0xEAAB,
    0xEAAB, 0xEAAB, 0xEAAB, 0xEAAB, 0xEAAB, 0xEAAB, 0xEAAB, 0xEAAB, 0xEAAB, 0xEAAB, 0xEAAB, 0xEA8B, 0xEA8B, 0xEA8B, 0xEA8B, 0xEA8B,
    0xEA8B, 0xEA8B, 0xEA8B, 0xEA8B, 0xEA8B, 0xEA8B, 0xEA8B, 0xEA8B, 0xEA8B, 0xEA6B, 0xEA6B, 0xEA6B, 0xEA6B, 0xEA6B, 0xEA6B, 0xEA6B,
    0xEA6B, 0xEA4B, 0xEA4B, 0xEA4B, 0xEA4B, 0xEA4B, 0xEA4B, 0xEA4A, 0xEA2A, 0xEA2A, 0xEA2A, 0xEA2A, 0xEA2A, 0xEA2A, 0xE20A, 0xE20A,
    0xE20A, 0xE20A, 0xE20A, 0xE20A, 0xE1EA, 0xE1EA, 0xE1EA, 0xE1EA, 0xE1EA, 0xE1CA, 0xE1CA, 0xE1CA, 0xE1CA, 0xE1CA, 0xE1CA, 0xE1AA,
    0xE1AA, 0xE1AA, 0xE1AA, 0xE1AA, 0xE189, 0xE189, 0xE189, 0xE189, 0xD989, 0xD989, 0xD989, 0xD969, 0xD969, 0xD969, 0xD969, 0xD169,
    0xD169, 0xD169, 0xD169, 0xD169, 0xD169, 0xD169, 0xC969, 0xC949, 0xC949, 0xC949, 0xC949, 0xC949, 0xC948, 0xC148, 0xC148, 0xC148,
    0xC148, 0xC148, 0xC128, 0xC128, 0xB928, 0xB928, 0xB928, 0xB928, 0xB928, 0xB928, 0xB928, 0xB128, 0xB128, 0xB128, 0xB108, 0xB108,
    0xB108, 0xB108, 0xA907, 0xA907, 0xA907, 0xA907, 0xA907, 0xA907, 0xA907, 0xA0E7, 0xA0E7, 0xA0E7, 0xA0E7, 0xA0E7, 0xA0E7, 0xA0E7,
    0x98E7, 0x98E7, 0x98E7, 0x98E7, 0x98C7, 0x98C7, 0x98C7, 0x90C6, 0x90C6, 0x90C6, 0x90C6, 0x90C6, 0x90C6, 0x88C6, 0x88C6, 0x88A6,
    0x88A6, 0x88A6, 0x88A6, 0x88A6, 0x80A6, 0x80A6, 0x80A6, 0x80A6, 0x80A6, 0x80A6, 0x7886, 0x7886, 0x7886, 0x7886, 0x7886, 0x7886,
    0xEA8B, 0xEA8B, 0xEA8B, 0xEA8B, 0xEA8B, 0xEA8B, 0xEA8B, 0xEA8B, 0xEA8B, 0xEA8B, 0xEA8B, 0xEA8B, 0xEAAB, 0xEAAB, 0xEAAB, 0xEAAB,
    0xEAAB, 0xEAAB, 0xEAAB, 0xEA8B, 0xEA8B, 0xEA8B, 0xEA8B, 0xEA8B, 0xEA8B, 0xEA8B, 0xEA8B, 0xEA8B, 0xEA8B, 0xEA8B, 0xEA8B, 0xEA8B,
    0xEA8B, 0xEA8B, 0xEA8B, 0xEA6B, 0xEA6B, 0xEA6B, 0xEA6B, 0xEA6B, 0xEA6B, 0xEA6B, 0xEA6B, 0xEA6B, 0xEA4B, 0xEA4B, 0xEA4B, 0xEA4B,
    0xEA4B, 0xEA4B, 0xEA4A, 0xEA2A, 0xEA2A, 0xEA2A, 0xEA2A, 0xEA2A, 0xEA2A, 0xEA0A, 0xE20A, 0xE20A, 0xE20A, 0xE20A, 0xE20A, 0xE20A,
    0xE1EA, 0xE1EA, 0xE1EA, 0xE1EA, 0xE1EA, 0xE1CA, 0xE1CA, 0xE1CA, 0xE1CA, 0xE1CA, 0xE1AA, 0xE1AA, 0xE1AA, 0xE1AA, 0xE1AA, 0xE1AA,
    0xE189, 0xE189, 0xE189, 0xE189, 0xD989, 0xD989, 0xD989, 0xD969, 0xD969, 0xD989, 0xD969, 0xD169, 0xD169, 0xD169, 0xD169, 0xD169,
    0xD169, 0xD169, 0xC949, 0xC949, 0xC949, 0xC949, 0xC949, 0xC949, 0xC948, 0xC148, 0xC148, 0xC148, 0xC148, 0xC148, 0xC128, 0xC128,
    0xB928, 0xB928, 0xB928, 0xB928, 0xB928, 0xB928, 0xB128, 0xB128, 0xB128, 0xB128, 0xB108, 0xB108, 0xB108, 0xB108, 0xA907, 0xA907,
    0xA907, 0xA907, 0xA907, 0xA907, 0xA907, 0xA0E7, 0xA0E7, 0xA0E7, 0xA0E7, 0xA0E7, 0xA0E7, 0x98E7, 0x98E7, 0x98E7, 0x98E7, 0x98E7,
    0x98C7, 0x98C7, 0x90C7, 0x90C6, 0x90C6, 0x90C6, 0x90C6, 0x90C6, 0x90C6, 0x88C6, 0x88C6, 0x88A6, 0x88A6, 0x88A6, 0x88A6, 0x88A6,
    0x80A6, 0x80A6, 0x80A6, 0x80A6, 0x80A6, 0x80A6, 0x7886, 0x7886, 0x7886, 0x7886, 0x7886, 0x7886, 0xEA8B, 0xEA8B, 0xEA8B, 0xEA8B,
    0xEA8B, 0xEA8B, 0xEA8B, 0xEA8B, 0xEA8B, 0xEA8B, 0xEA8B, 0xEA8B, 0xEA8B, 0xEA8B, 0xEA8B, 0xEA8B, 0xEA8B, 0xEA8B, 0xEA8B, 0xEA8B,
    0xEA8B, 0xEA8B, 0xEA8B, 0xEA8B, 0xEA8B, 0xEA8B, 0xEA8B, 0xEA8B, 0xEA8B, 0xEA8B, 0xEA8B, 0xEA8B, 0xEA8B, 0xEA6B, 0xEA6B, 0xEA6B,
    0xEA6B, 0xEA6B, 0xEA6B, 0xEA6B, 0xEA6B, 0xEA6B, 0xEA4B, 0xEA4B, 0xEA4B, 0xEA4B, 0xEA4B, 0xEA4B, 0xEA4B, 0xEA4A, 0xEA2A, 0xEA2A,
    0xEA2A, 0xEA2A, 0xEA2A, 0xEA2A, 0xEA0A, 0xE20A, 0xE20A, 0xE20A, 0xE20A, 0xE20A, 0xE1EA, 0xE1EA, 0xE1EA, 0xE1EA, 0xE1EA, 0xE1EA,
    0xE1CA, 0xE1CA, 0xE1CA, 0xE1CA, 0xE1CA, 0xE1AA, 0xE1AA, 0xE1AA, 0xE1AA, 0xE1AA, 0xE1AA, 0xE189, 0xE189, 0xE189, 0xE189, 0xD989,
    0xD989, 0xD969, 0xD969, 0xD169, 0xD189, 0xC928, 0xC928, 0xC969, 0xC169, 0xC969, 0xC969, 0xC948, 0xC949, 0xC949, 0xC949, 0xC949,
    0xC949, 0xC949, 0xC949, 0xC948, 0xC948, 0xC148, 0xC148, 0xC148, 0xC148, 0xC148, 0xC128, 0xC128, 0xB928, 0xB928, 0xB928, 0xB928,
    0xB928, 0xB928, 0xB928, 0xB128, 0xB128, 0xB108, 0xB108, 0xB108, 0xB108, 0xA907, 0xA907, 0xA907, 0xA907, 0xA907, 0xA907, 0xA907,
    0xA0E7, 0xA0E7, 0xA0E7, 0xA0E7, 0xA0E7, 0xA0E7, 0xA0E7, 0x98E7, 0x98E7, 0x98E7, 0x98E7, 0x98C7, 0x98C7, 0x98C7, 0x90C7, 0x90C6,
    0x90C6, 0x90C6, 0x90C6, 0x90C6, 0x88C6, 0x88C6, 0x88C6, 0x88A6, 0x88A6, 0x88A6, 0x88A6, 0x80A6, 0x80A6, 0x80A6, 0x80A6, 0x80A6,
    0x80A6, 0x8086, 0x7886, 0x7886, 0x7886, 0x7886, 0x7886, 0x7886, 0xEA6B, 0xEA6B, 0xEA8B, 0xEA8B, 0xEA8B, 0xEA8B, 0xEA8B, 0xEA8B,
    0xEA8B, 0xEA8B, 0xEA8B, 0xEA8B, 0xEA8B, 0xEA8B, 0xEA8B, 0xEA8B, 0xEA8B, 0xEA8B, 0xEA8B, 0xEA8B, 0xEA8B, 0xEA8B, 0xEA8B, 0xEA8B,
    0xEA8B, 0xEA8B, 0xEA8B, 0xEA8B, 0xEA8B, 0xEA8B, 0xEA6B, 0xEA6B, 0xEA6B, 0xEA6B, 0xEA6B, 0xEA6B, 0xEA6B, 0xEA6B, 0xEA6B, 0xEA6B,
    0xEA6B, 0xEA4B, 0xEA4B, 0xEA4B, 0xEA4B, 0xEA4B, 0xEA4B, 0xEA4B, 0xEA4A, 0xEA2A, 0xEA2A, 0xEA2A, 0xEA2A, 0xEA2A, 0xEA2A, 0xEA0A,
    0xE20A, 0xE20A, 0xE20A, 0xE20A, 0xE20A, 0xE1EA, 0xE1EA, 0xE1EA, 0xE1EA, 0xE1EA, 0xE1EA, 0xE1CA, 0xE1CA, 0xE1CA, 0xE1CA, 0xE1CA,
    0xE1CA, 0xE1AA, 0xE1AA, 0xE1AA, 0xE1AA, 0xE1AA, 0xE18A, 0xE189, 0xE189, 0xE189, 0xD989, 0xD989, 0xD989, 0xD969, 0xD169, 0xC989,
    0xC108, 0xC1A9, 0xEDD4, 0xF6B7, 0xF676, 0xF6D7, 0xE533, 0xB907, 0xC148, 0xC948, 0xC949, 0xC949, 0xC949, 0xC949, 0xC949, 0xC948,
    0xC148, 0xC148, 0xC148, 0xC148, 0xC148, 0xC128, 0xC128, 0xB928, 0xB928, 0xB928, 0xB928, 0xB928, 0xB928, 0xB928, 0xB928, 0xB128,
    0xB128, 0xB108, 0xB108, 0xB108, 0xB108, 0xA907, 0xA907, 0xA907, 0xA907, 0xA907, 0xA907, 0xA907, 0xA0E7, 0xA0E7, 0xA0E7, 0xA0E7,
    0xA0E7, 0xA0E7, 0x98E7, 0x98E7, 0x98E7, 0x98E7, 0x98E7, 0x98C7, 0x98C7, 0x90C7, 0x90C7, 0x90C6, 0x90C6, 0x90C6, 0x90C6, 0x90C6,
    0x88C6, 0x88C6, 0x88A6, 0x88A6, 0x88A6, 0x88A6, 0x80A6, 0x80A6, 0x80A6, 0x80A6, 0x80A6, 0x80A6, 0x80A6, 0x7886, 0x7886, 0x7886,
    0x7886, 0x7886, 0x7886, 0x7886, 0xEA6B, 0xEA6B, 0xEA6B, 0xEA6B, 0xEA6B, 0xEA8B, 0xEA8B, 0xEA8B, 0xEA8B, 0xEA8B, 0xEA8B, 0xEA8B,
    0xEA8B, 0xEA8B, 0xEA8B, 0xEA8B, 0xEA8B, 0xEA8B, 0xEA8B, 0xEA8B, 0xEA8B, 0xEA8B, 0xEA8B, 0xEA8B, 0xEA8B, 0xEA8B, 0xEA8B, 0xEA6B,
    0xEA6B, 0xEA6B, 0xEA6B, 0xEA6B, 0xEA6B, 0xEA6B, 0xEA6B, 0xEA6B, 0xEA6B, 0xEA6B, 0xEA6B, 0xEA4B, 0xEA4B, 0xEA4B, 0xEA4B, 0xEA4B,
    0xEA4B, 0xEA4B, 0xEA4A, 0xEA2A, 0xEA2A, 0xEA2A, 0xEA2A, 0xEA2A, 0xEA2A, 0xEA2A, 0xE20A, 0xE20A, 0xE20A, 0xE20A, 0xE20A, 0xE20A,
    0xE1EA, 0xE1EA, 0xE1EA, 0xE1EA, 0xE1EA, 0xE1EA, 0xE1EA, 0xE1CA, 0xE1CA, 0xE1CA, 0xE1CA, 0xE1CA, 0xE1AA, 0xE1AA, 0xE1AA, 0xE1AA,
    0xE1AA, 0xE18A, 0xE189, 0xE189, 0xE189, 0xE189, 0xD989, 0xD989, 0xD969, 0xD169, 0xC989, 0xC0E7, 0xC1EA, 0xF676, 0xFFBA, 0xFF79,
    0xFF79, 0xFFDA, 0xEDD5, 0xB8E7, 0xC148, 0xC948, 0xC949, 0xC949, 0xC949, 0xC949, 0xC948, 0xC948, 0xC148, 0xC148, 0xC148, 0xC148,
    0xC148, 0xC128, 0xB928, 0xB928, 0xB928, 0xB928, 0xB928, 0xB928, 0xB928, 0xB928, 0xB128, 0xB128, 0xB108, 0xB108, 0xB108, 0xB108,
    0xB108, 0xA907, 0xA907, 0xA907, 0xA907, 0xA907, 0xA907, 0xA907, 0xA0E7, 0xA0E7, 0xA0E7, 0xA0E7, 0xA0E7, 0xA0E7, 0xA0E7, 0x98E7,
    0x98E7, 0x98E7, 0x98E7, 0x98C7, 0x98C7, 0x90C7, 0x90C7, 0x90C6, 0x90C6, 0x90C6, 0x90C6, 0x90C6, 0x88C6, 0x88C6, 0x88A6, 0x88A6,
    0x88A6, 0x88A6, 0x88A6, 0x80A6, 0x80A6, 0x80A6, 0x80A6, 0x80A6, 0x80A6, 0x7886, 0x7886, 0x7886, 0x7886, 0x7886, 0x7886, 0x7886,
    0xEA6B, 0xEA6B, 0xEA6B, 0xEA6B, 0xEA6B, 0xEA6B, 0xEA6B, 0xEA6B, 0xEA6B, 0xEA6B, 0xEA6B, 0xEA6B, 0xEA8B, 0xEA8B, 0xEA8B, 0xEA8B,
    0xEA8B, 0xEA8B, 0xEA8B, 0xEA6B, 0xEA6B, 0xEA6B, 0xEA6B, 0xEA6B, 0xEA6B, 0xEA6B, 0xEA6B, 0xEA6B, 0xEA6B, 0xEA6B, 0xEA6B, 0xEA6B,
    0xEA6B, 0xEA6B, 0xEA6B, 0xEA6B, 0xEA6B, 0xEA4B, 0xEA4B, 0xEA4B, 0xEA4B, 0xEA4B, 0xEA4B, 0xEA4B, 0xEA4A, 0xEA2A, 0xEA2A, 0xEA2A,
    0xEA2A, 0xEA2A, 0xEA2A, 0xEA2A, 0xEA2A, 0xE20A, 0xE20A, 0xE20A, 0xE20A, 0xE20A, 0xE20A, 0xE1EA, 0xE1EA, 0xE1EA, 0xE1EA, 0xE1EA,
    0xE1EA, 0xE1CA, 0xE1CA, 0xE1CA, 0xE1CA, 0xE1CA, 0xE1CA, 0xE1AA, 0xE1AA, 0xE1AA, 0xE1AA, 0xE1AA, 0xE1AA, 0xE189, 0xE189, 0xE189,
    0xD989, 0xD989, 0xD969, 0xD969, 0xD169, 0xC989, 0xB8C7, 0xC26B, 0xF6D7, 0xFF99, 0xFF38, 0xFF39, 0xFF38, 0xFF99, 0xEDB4, 0xB0E7,
    0xB948, 0xC148, 0xC948, 0xC948, 0xC949, 0xC949, 0xC948, 0xC148, 0xC148, 0xC148, 0xC148, 0xC148, 0xC128, 0xC128, 0xB928, 0xB928,
    0xB928, 0xB928, 0xB928, 0xB928, 0xB928, 0xB128, 0xB128, 0xB128, 0xB108, 0xB108, 0xB108, 0xB108, 0xA907, 0xA907, 0xA907, 0xA907,
    0xA907, 0xA907, 0xA907, 0xA0E7, 0xA0E7, 0xA0E7, 0xA0E7, 0xA0E7, 0xA0E7, 0xA0E7, 0x98E7, 0x98E7, 0x98E7, 0x98E7, 0x98C7, 0x98C7,
    0x98C7, 0x90C7, 0x90C6, 0x90C6, 0x90C6, 0x90C6, 0x90C6, 0x90C6, 0x88C6, 0x88C6, 0x88A6, 0x88A6, 0x88A6, 0x88A6, 0x80A6, 0x80A6,
    0x80A6, 0x80A6, 0x80A6, 0x80A6, 0x80A6, 0x7886, 0x7886, 0x7886, 0x7886, 0x7886, 0x7886, 0x7886, 0xEA6B, 0xEA6B, 0xEA6B, 0xEA6B,
    0xEA6B, 0xEA6B, 0xEA6B, 0xEA6B, 0xEA6B, 0xEA6B, 0xEA6B, 0xEA6B, 0xEA6B, 0xEA6B, 0xEA6B, 0xEA6B, 0xEA6B, 0xEA6B, 0xEA6B, 0xEA6B,
    0xEA6B, 0xEA6B, 0xEA6B, 0xEA6B, 0xEA6B, 0xEA6B, 0xEA6B, 0xEA6B, 0xEA6B, 0xEA6B, 0xEA6B, 0xEA6B, 0xEA6B, 0xEA6B, 0xEA6B, 0xEA4B,
    0xEA4B, 0xEA4B, 0xEA4B, 0xEA4B, 0xEA4B, 0xEA4B, 0xEA4B, 0xEA4B, 0xEA2A, 0xEA2A, 0xEA2A, 0xEA2A, 0xEA2A, 0xEA2A, 0xEA2A, 0xEA2A,
    0xE20A, 0xE20A, 0xE20A, 0xE20A, 0xE20A, 0xE20A, 0xE1EA, 0xE1EA, 0xE1EA, 0xE1EA, 0xE1EA, 0xE1EA, 0xE1EA, 0xE1CA, 0xE1CA, 0xE1CA,
    0xE1CA, 0xE1CA, 0xE1AA, 0xE1AA, 0xE1AA, 0xE1AA, 0xE1AA, 0xE1AA, 0xE18A, 0xE189, 0xE189, 0xE189, 0xD989, 0xD989, 0xD969, 0xD169,
    0xC969, 0xB8C7, 0xCB2D, 0xFF39, 0xFF99, 0xFF38, 0xFF59, 0xFF59, 0xFF38, 0xFFBA, 0xEDB4, 0xA8E6, 0xB948, 0xC148, 0xC948, 0xC948,
    0xC949, 0xC948, 0xC948, 0xC148, 0xC148, 0xC148, 0xC148, 0xC148, 0xC128, 0xC128, 0xB928, 0xB928, 0xB928, 0xB928, 0xB928, 0xB928,
    0xB928, 0xB128, 0xB128, 0xB108, 0xB108, 0xB108, 0xB108, 0xB108, 0xA907, 0xA907, 0xA907, 0xA907, 0xA907, 0xA907, 0xA907, 0xA0E7,
    0xA0E7, 0xA0E7, 0xA0E7, 0xA0E7, 0xA0E7, 0xA0E7, 0x98E7, 0x98E7, 0x98E7, 0x98E7, 0x98C7, 0x98C7, 0x98C7, 0x90C6, 0x90C6, 0x90C6,
    0x90C6, 0x90C6, 0x90C6, 0x88C6, 0x88C6, 0x88A6, 0x88A6, 0x88A6, 0x88A6, 0x88A6, 0x80A6, 0x80A6, 0x80A6, 0x80A6, 0x80A6, 0x80A6,
    0x8086, 0x7886, 0x7886, 0x7886, 0x7886, 0x7886, 0x7886, 0x7886, 0xEA6B, 0xEA6B, 0xEA6B, 0xEA6B, 0xEA6B, 0xEA6B, 0xEA6B, 0xEA6B,
    0xEA6B, 0xEA6B, 0xEA6B, 0xEA6B, 0xEA6B, 0xEA6B, 0xEA6B, 0xEA6B, 0xEA6B, 0xEA6B, 0xEA6B, 0xEA6B, 0xEA6B, 0xEA6B, 0xEA6B, 0xEA6B,
    0xEA6B, 0xEA6B, 0xEA6B, 0xEA6B, 0xEA6B, 0xEA6B, 0xEA6B, 0xEA6B, 0xEA4B, 0xEA4B, 0xEA4B, 0xEA4B, 0xEA4B, 0xEA4B, 0xEA4B, 0xEA4B,
    0xEA4B, 0xEA4A, 0xEA2A, 0xEA2A, 0xEA2A, 0xEA2A, 0xEA2A, 0xEA2A, 0xEA2A, 0xEA2A, 0xE20A, 0xE20A, 0xE20A, 0xE20A, 0xE20A, 0xE20A,
    0xE20A, 0xE1EA, 0xE1EA, 0xE1EA, 0xE1EA, 0xE1EA, 0xE1EA, 0xE1CA, 0xE1CA, 0xE1CA, 0xE1CA, 0xE1CA, 0xE1CA, 0xE1AA, 0xE1AA, 0xE1AA,
    0xE1AA, 0xE1AA, 0xE1AA, 0xE189, 0xE189, 0xE189, 0xD989, 0xD989, 0xD969, 0xD169, 0xD189, 0xC948, 0xB8E7, 0xDC30, 0xFF99, 0xFF59,
    0xFF38, 0xFF59, 0xFF59, 0xFF59, 0xFF38, 0xFFBA, 0xE5B4, 0xA0C6, 0xB948, 0xC148, 0xC148, 0xC948, 0xC948, 0xC948, 0xC148, 0xC148,
    0xC148, 0xC148, 0xC148, 0xC128, 0xC128, 0xB928, 0xB928, 0xB928, 0xB928, 0xB928, 0xB928, 0xB928, 0xB128, 0xB128, 0xB128, 0xB108,
    0xB108, 0xB108, 0xB108, 0xB107, 0xA907, 0xA907, 0xA907, 0xA907, 0xA907, 0xA907, 0xA0E7, 0xA0E7, 0xA0E7, 0xA0E7, 0xA0E7, 0xA0E7,
    0xA0E7, 0x98E7, 0x98E7, 0x98E7, 0x98E7, 0x98E7, 0x98C7, 0x98C7, 0x90C7, 0x90C6, 0x90C6, 0x90C6, 0x90C6, 0x90C6, 0x90C6, 0x88C6,
    0x88C6, 0x88A6, 0x88A6, 0x88A6, 0x88A6, 0x80A6, 0x80A6, 0x80A6, 0x80A6, 0x80A6, 0x80A6, 0x80A6, 0x7886, 0x7886, 0x7886, 0x7886,
    0x7886, 0x7886, 0x7886, 0x7886, 0xEA4B, 0xEA4B, 0xEA4B, 0xEA6B, 0xEA6B, 0xEA6B, 0xEA6B, 0xEA6B, 0xEA6B, 0xEA6B, 0xEA6B, 0xEA6B,
    0xEA6B, 0xEA6B, 0xEA6B, 0xEA6B, 0xEA6B, 0xEA6B, 0xEA6B, 0xEA6B, 0xEA6B, 0xEA6B, 0xEA6B, 0xEA6B, 0xEA6B, 0xEA6B, 0xEA6B, 0xEA6B,
    0xEA4B, 0xEA4B, 0xEA4B, 0xEA4B, 0xEA4B, 0xEA4B, 0xEA4B, 0xEA4B, 0xEA4B, 0xEA4B, 0xEA4B, 0xEA4B, 0xEA4A, 0xEA2A, 0xEA2A, 0xEA2A,
    0xEA2A, 0xEA2A, 0xEA2A, 0xEA2A, 0xEA2A, 0xEA0A, 0xE20A, 0xE20A, 0xE20A, 0xE20A, 0xE20A, 0xE20A, 0xE20A, 0xE1EA, 0xE1EA, 0xE1EA,
    0xE1EA, 0xE1EA, 0xE1EA, 0xE1CA, 0xE1CA, 0xE1CA, 0xE1CA, 0xE1CA, 0xE1CA, 0xE1AA, 0xE1AA, 0xE1AA, 0xE1AA, 0xE1AA, 0xE1AA, 0xE189,
    0xE189, 0xD989, 0xD989, 0xD969, 0xD169, 0xD189, 0xC107, 0xC189, 0xE573, 0xFFDA, 0xFF59, 0xFF39, 0xFF59, 0xFF59, 0xFF59, 0xFF59,
    0xFF38, 0xFFBA, 0xE5B4, 0xA0C6, 0xB148, 0xB948, 0xC148, 0xC948, 0xC948, 0xC148, 0xC148, 0xC148, 0xC148, 0xC148, 0xC148, 0xC128,
    0xC128, 0xB928, 0xB928, 0xB928, 0xB928, 0xB928, 0xB928, 0xB128, 0xB128, 0xB128, 0xB128, 0xB108, 0xB108, 0xB108, 0xB108, 0xA907,
    0xA907, 0xA907, 0xA907, 0xA907, 0xA907, 0xA907, 0xA0E7, 0xA0E7, 0xA0E7, 0xA0E7, 0xA0E7, 0xA0E7, 0xA0E7, 0x98E7, 0x98E7, 0x98E7,
    0x98E7, 0x98E7, 0x98C7, 0x90C7, 0x90C7, 0x90C6, 0x90C6, 0x90C6, 0x90C6, 0x90C6, 0x88C6, 0x88C6, 0x88C6, 0x88A6, 0x88A6, 0x88A6,
    0x88A6, 0x80A6, 0x80A6, 0x80A6, 0x80A6, 0x80A6, 0x80A6, 0x80A6, 0x7886, 0x7886, 0x7886, 0x7886, 0x7886, 0x7886, 0x7886, 0x7886,
    0xEA4B, 0xEA4B, 0xEA4B, 0xEA4B, 0xEA4B, 0xEA4B, 0xEA4B, 0xEA6B, 0xEA6B, 0xEA6B, 0xEA6B, 0xEA6B, 0xEA6B, 0xEA6B, 0xEA6B, 0xEA6B,
    0xEA6B, 0xEA6B, 0xEA6B, 0xEA6B, 0xEA6B, 0xEA6B, 0xEA6B, 0xEA6B, 0xEA4B, 0xEA4B, 0xEA4B, 0xEA4B, 0xEA4B, 0xEA4B, 0xEA4B, 0xEA4B,
    0xEA4B, 0xEA4B, 0xEA4B, 0xEA4B, 0xEA4B, 0xEA4A, 0xEA2A, 0xEA2A, 0xEA2A, 0xEA2A, 0xEA2A, 0xEA2A, 0xEA2A, 0xEA2A, 0xEA2A, 0xEA0A,
    0xE20A, 0xE20A, 0xE20A, 0xE20A, 0xE20A, 0xE20A, 0xE20A, 0xE1EA, 0xE1EA, 0xE1EA, 0xE1EA, 0xE1EA, 0xE1EA, 0xE1EA, 0xE1CA, 0xE1CA,
    0xE1CA, 0xE1CA, 0xE1CA, 0xE1CA, 0xE1AA, 0xE1AA, 0xE1AA, 0xE1AA, 0xE1AA, 0xE18A, 0xE189, 0xD989, 0xD989, 0xD989, 0xD969, 0xD189,
    0xC969, 0xC0C7, 0xCA8C, 0xF697, 0xFFBA, 0xFF38, 0xFF59, 0xFF59, 0xFF59, 0xFF59, 0xFF59, 0xFF59, 0xFF38, 0xFFBA, 0xE5B4, 0xA0C6,
    0xB128, 0xB928, 0xC148, 0xC148, 0xC948, 0xC148, 0xC148, 0xC148, 0xC148, 0xC148, 0xC128, 0xC128, 0xB928, 0xB928, 0xB928, 0xB928,
    0xB928, 0xB928, 0xB928, 0xB128, 0xB128, 0xB128, 0xB108, 0xB108, 0xB108, 0xB108, 0xA907, 0xA907, 0xA907, 0xA907, 0xA907, 0xA907,
    0xA907, 0xA907, 0xA0E7, 0xA0E7, 0xA0E7, 0xA0E7, 0xA0E7, 0xA0E7, 0xA0E7, 0x98E7, 0x98E7, 0x98E7, 0x98E7, 0x98C7, 0x98C7, 0x98C7,
    0x90C7, 0x90C6, 0x90C6, 0x90C6, 0x90C6, 0x90C6, 0x88C6, 0x88C6, 0x88A6, 0x88A6, 0x88A6, 0x88A6, 0x88A6, 0x80A6, 0x80A6, 0x80A6,
    0x80A6, 0x80A6, 0x80A6, 0x7886, 0x7886, 0x7886, 0x7886, 0x7886, 0x7886, 0x7886, 0x7886, 0x7886, 0xEA4B, 0xEA4B, 0xEA4B, 0xEA4B,
    0xEA4B, 0xEA4B, 0xEA4B, 0xEA4B, 0xEA4B, 0xEA4B, 0xEA4B, 0xEA4B, 0xEA4B, 0xEA4B, 0xEA4B, 0xEA4B, 0xEA4B, 0xEA4B, 0xEA4B, 0xEA4B,
    0xEA4B, 0xEA4B, 0xEA4B, 0xEA4B, 0xEA4B, 0xEA4B, 0xEA4B, 0xEA4B, 0xEA4B, 0xEA4B, 0xEA4B, 0xEA4B, 0xEA4B, 0xEA4B, 0xEA4A, 0xEA2A,
    0xEA2A, 0xEA2A, 0xEA2A, 0xEA2A, 0xEA2A, 0xEA2A, 0xEA2A, 0xEA2A, 0xEA2A, 0xEA0A, 0xE20A, 0xE20A, 0xE20A, 0xE20A, 0xE20A, 0xE20A,
    0xE20A, 0xE20A, 0xE1EA, 0xE1EA, 0xE1EA, 0xE1EA, 0xE1EA, 0xE1EA, 0xE1CA, 0xE1CA, 0xE1CA, 0xE1CA, 0xE1CA, 0xE1CA, 0xE1CA, 0xE1AA,
    0xE1AA, 0xE1AA, 0xE1AA, 0xE1AA, 0xE18A, 0xE189, 0xD989, 0xD989, 0xD989, 0xD969, 0xD189, 0xC928, 0xC128, 0xDC30, 0xFF79, 0xFF99,
    0xFF38, 0xFF59, 0xFF59, 0xFF59, 0xFF59, 0xFF59, 0xFF59, 0xFF59, 0xFF38, 0xFFBA, 0xE5B4, 0xA0C6, 0xB128, 0xB928, 0xC148, 0xC148,
    0xC148, 0xC148, 0xC148, 0xC148, 0xC148, 0xC128, 0xC128, 0xB928, 0xB928, 0xB928, 0xB928, 0xB928, 0xB928, 0xB928, 0xB928, 0xB128,
    0xB128, 0xB108, 0xB108, 0xB108, 0xB108, 0xB108, 0xA907, 0xA907, 0xA907, 0xA907, 0xA907, 0xA907, 0xA907, 0xA0E7, 0xA0E7, 0xA0E7,
    0xA0E7, 0xA0E7, 0xA0E7, 0xA0E7, 0x98E7, 0x98E7, 0x98E7, 0x98E7, 0x98C7, 0x98C7, 0x98C7, 0x90C7, 0x90C6, 0x90C6, 0x90C6, 0x90C6,
    0x90C6, 0x90C6, 0x88C6, 0x88C6, 0x88A6, 0x88A6, 0x88A6, 0x88A6, 0x88A6, 0x80A6, 0x80A6, 0x80A6, 0x80A6, 0x80A6, 0x80A6, 0x8086,
    0x7886, 0x7886, 0x7886, 0x7886, 0x7886, 0x7886, 0x7886, 0x7886, 0xEA4B, 0xEA4B, 0xEA4B, 0xEA4B, 0xEA4B, 0xEA4B, 0xEA4B, 0xEA4B,
    0xEA4B, 0xEA4B, 0xEA4B, 0xEA4B, 0xEA4B, 0xEA4B, 0xEA4B, 0xEA4B, 0xEA4B, 0xEA4B, 0xEA4B, 0xEA4B, 0xEA4B, 0xEA4B, 0xEA4B, 0xEA4B,
    0xEA4B, 0xEA4B, 0xEA4B, 0xEA4B, 0xEA4B, 0xEA4B, 0xEA4B, 0xEA4B, 0xEA4A, 0xEA4A, 0xEA2A, 0xEA2A, 0xEA2A, 0xEA2A, 0xEA2A, 0xEA2A,
    0xEA2A, 0xEA2A, 0xEA2A, 0xEA2A, 0xEA0A, 0xE20A, 0xE20A, 0xE20A, 0xE20A, 0xE20A, 0xE20A, 0xE20A, 0xE1EA, 0xE1EA, 0xE1EA, 0xE1EA,
    0xE1EA, 0xE1EA, 0xE1EA, 0xE1EA, 0xE1CA, 0xE1CA, 0xE1CA, 0xE1CA, 0xE1CA, 0xE1CA, 0xE1AA, 0xE1AA, 0xE1AA, 0xE1AA, 0xE1AA, 0xE1AA,
    0xD989, 0xD989, 0xD989, 0xD969, 0xD189, 0xD169, 0xC0E7, 0xCA4B, 0xEDF5, 0xFFFB, 0xFF59, 0xFF38, 0xFF59, 0xFF59, 0xFF59, 0xFF59,
    0xFF59, 0xFF59, 0xFF59, 0xFF59, 0xFF38, 0xFFBA, 0xE5B4, 0x98C6, 0xB128, 0xB928, 0xC148, 0xC148, 0xC148, 0xC148, 0xC148, 0xC148,
    0xC148, 0xC128, 0xC128, 0xB928, 0xB928, 0xB928, 0xB928, 0xB928, 0xB928, 0xB928, 0xB128, 0xB128, 0xB128, 0xB108, 0xB108, 0xB108,
    0xB108, 0xB108, 0xA907, 0xA907, 0xA907, 0xA907, 0xA907, 0xA907, 0xA907, 0xA0E7, 0xA0E7, 0xA0E7, 0xA0E7, 0xA0E7, 0xA0E7, 0x98E7,
    0x98E7, 0x98E7, 0x98E7, 0x98E7, 0x98C7, 0x98C7, 0x90C7, 0x90C7, 0x90C6, 0x90C6, 0x90C6, 0x90C6, 0x90C6, 0x88C6, 0x88C6, 0x88C6,
    0x88A6, 0x88A6, 0x88A6, 0x88A6, 0x80A6, 0x80A6, 0x80A6, 0x80A6, 0x80A6, 0x80A6, 0x80A6, 0x7886, 0x7886, 0x7886, 0x7886, 0x7886,
    0x7886, 0x7886, 0x7886, 0x7886, 0xEA2A, 0xEA2A, 0xEA4A, 0xEA4A, 0xEA4B, 0xEA4B, 0xEA4B, 0xEA4B, 0xEA4B, 0xEA4B, 0xEA4B, 0xEA4B,
    0xEA4B, 0xEA4B, 0xEA4B, 0xEA4B, 0xEA4B, 0xEA4B, 0xEA4B, 0xEA4B, 0xEA4B, 0xEA4B, 0xEA4B, 0xEA4B, 0xEA4B, 0xEA4B, 0xEA4B, 0xEA4B,
    0xEA4A, 0xEA4A, 0xEA2A, 0xEA2A, 0xEA2A, 0xEA2A, 0xEA2A, 0xEA2A, 0xEA2A, 0xEA2A, 0xEA2A, 0xEA2A, 0xEA2A, 0xEA2A, 0xE20A, 0xE20A,
    0xE20A, 0xE20A, 0xE20A, 0xE20A, 0xE20A, 0xE20A, 0xE1EA, 0xE1EA, 0xE1EA, 0xE1EA, 0xE1EA, 0xE1EA, 0xE1EA, 0xE1EA, 0xE1CA, 0xE1CA,
    0xE1CA, 0xE1CA, 0xE1CA, 0xE1CA, 0xE1CA, 0xE1AA, 0xE1AA, 0xE1AA, 0xE1AA, 0xE1AA, 0xE1AA, 0xD989, 0xD989, 0xD989, 0xD989, 0xD189,
    0xC908, 0xC948, 0xDC30, 0xFF79, 0xFFFB, 0xEE15, 0xFEF8, 0xFF79, 0xFF59, 0xFF59, 0xFF59, 0xFF59, 0xFF59, 0xFF59, 0xFF59, 0xFF59,
    0xFF38, 0xFFBA, 0xE5B4, 0x98A6, 0xB128, 0xB928, 0xC148, 0xC148, 0xC148, 0xC148, 0xC148, 0xC148, 0xC128, 0xC128, 0xC128, 0xB928,
    0xB928, 0xB928, 0xB928, 0xB928, 0xB928, 0xB928, 0xB128, 0xB128, 0xB128, 0xB108, 0xB108, 0xB108, 0xB108, 0xA907, 0xA907, 0xA907,
    0xA907, 0xA907, 0xA907, 0xA907, 0xA0E7, 0xA0E7, 0xA0E7, 0xA0E7, 0xA0E7, 0xA0E7, 0xA0E7, 0x98E7, 0x98E7, 0x98E7, 0x98E7, 0x98E7,
    0x98C7, 0x98C7, 0x90C7, 0x90C6, 0x90C6, 0x90C6, 0x90C6, 0x90C6, 0x90C6, 0x88C6, 0x88C6, 0x88A6, 0x88A6, 0x88A6, 0x88A6, 0x88A6,
    0x80A6, 0x80A6, 0x80A6, 0x80A6, 0x80A6, 0x80A6, 0x8086, 0x7886, 0x7886, 0x7886, 0x7886, 0x7886, 0x7886, 0x7886, 0x7886, 0x7886,
    0xEA2A, 0xEA2A, 0xEA2A, 0xEA2A, 0xEA2A, 0xEA4A, 0xEA4A, 0xEA4A, 0xEA4B, 0xEA4B, 0xEA4B, 0xEA4B, 0xEA4B, 0xEA4B, 0xEA4B, 0xEA4B,
    0xEA4B, 0xEA4B, 0xEA4B, 0xEA4B, 0xEA4B, 0xEA4B, 0xEA4B, 0xEA4A, 0xEA4A, 0xEA4A, 0xEA2A, 0xEA2A, 0xEA2A, 0xEA2A, 0xEA2A, 0xEA2A,
    0xEA2A, 0xEA2A, 0xEA2A, 0xEA2A, 0xEA2A, 0xEA2A, 0xEA2A, 0xEA2A, 0xE20A, 0xE20A, 0xE20A, 0xE20A, 0xE20A, 0xE20A, 0xE20A, 0xE20A,
    0xE20A, 0xE20A, 0xE1EA, 0xE1EA, 0xE1EA, 0xE1EA, 0xE1EA, 0xE1EA, 0xE1EA, 0xE1CA, 0xE1CA, 0xE1CA, 0xE1CA, 0xE1CA, 0xE1CA, 0xE1CA,
    0xE1AA, 0xE1AA, 0xE1AA, 0xE1AA, 0xE1AA, 0xE1AA, 0xD989, 0xD989, 0xD989, 0xD989, 0xD128, 0xC908, 0xD2ED, 0xF676, 0xFFFB, 0xF6D7,
    0xC36E, 0xA147, 0xEE97, 0xFF79, 0xFF39, 0xFF59, 0xFF59, 0xFF59, 0xFF59, 0xFF59, 0xFF59, 0xFF59, 0xFF38, 0xFFBA, 0xE5B4, 0x98C6,
    0xB128, 0xB928, 0xC148, 0xC148, 0xC148, 0xC148, 0xC148, 0xC148, 0xC128, 0xC128, 0xB928, 0xB928, 0xB928, 0xB928, 0xB928, 0xB928,
    0xB928, 0xB128, 0xB128, 0xB128, 0xB108, 0xB108, 0xB108, 0xB108, 0xA907, 0xA907, 0xA907, 0xA907, 0xA907, 0xA907, 0xA907, 0xA907,
    0xA0E7, 0xA0E7, 0xA0E7, 0xA0E7, 0xA0E7, 0xA0E7, 0xA0E7, 0x98E7, 0x98E7, 0x98E7, 0x98E7, 0x98C7, 0x98C7, 0x98C7, 0x90C7, 0x90C6,
    0x90C6, 0x90C6, 0x90C6, 0x90C6, 0x88C6, 0x88C6, 0x88C6, 0x88A6, 0x88A6, 0x88A6, 0x88A6, 0x80A6, 0x80A6, 0x80A6, 0x80A6, 0x80A6,
    0x80A6, 0x80A6, 0x7886, 0x7886, 0x7886, 0x7886, 0x7886, 0x7886, 0x7886, 0x7886, 0x7886, 0x7886, 0xEA2A, 0xEA2A, 0xEA2A, 0xEA2A,
    0xEA2A, 0xEA2A, 0xEA2A, 0xEA2A, 0xEA2A, 0xEA2A, 0xEA2A, 0xEA2A, 0xEA2A, 0xEA4A, 0xEA4A, 0xEA4A, 0xEA4A, 0xEA4A, 0xEA2A, 0xEA2A,
    0xEA2A, 0xEA2A, 0xEA2A, 0xEA2A, 0xEA2A, 0xEA2A, 0xEA2A, 0xEA2A, 0xEA2A, 0xEA2A, 0xEA2A, 0xEA2A, 0xEA2A, 0xEA2A, 0xEA2A, 0xEA2A,
    0xEA2A, 0xEA2A, 0xE20A, 0xE20A, 0xE20A, 0xE20A, 0xE20A, 0xE20A, 0xE20A, 0xE20A, 0xE20A, 0xE20A, 0xE1EA, 0xE1EA, 0xE1EA, 0xE1EA,
    0xE1EA, 0xE1EA, 0xE1EA, 0xE1CA, 0xE1CA, 0xE1CA, 0xE1CA, 0xE1CA, 0xE1CA, 0xE1CA, 0xE1AA, 0xE1AA, 0xE1AA, 0xE1AA, 0xE1AA, 0xE1AA,
    0xD989, 0xD989, 0xD989, 0xD989, 0xD169, 0xC8E7, 0xD20A, 0xED53, 0xFFFB, 0xFF79, 0xDC50, 0xB168, 0x9885, 0x9927, 0xF6B7, 0xFF79,
    0xFF39, 0xFF59, 0xFF59, 0xFF59, 0xFF59, 0xFF59, 0xFF59, 0xFF59, 0xFF38, 0xFFBA, 0xE5B4, 0x98C6, 0xB128, 0xB928, 0xC148, 0xC148,
    0xC148, 0xC148, 0xC148, 0xC128, 0xC128, 0xB928, 0xB928, 0xB928, 0xB928, 0xB928, 0xB928, 0xB928, 0xB928, 0xB128, 0xB128, 0xB108,
    0xB108, 0xB108, 0xB108, 0xB108, 0xA907, 0xA907, 0xA907, 0xA907, 0xA907, 0xA907, 0xA907, 0xA0E7, 0xA0E7, 0xA0E7, 0xA0E7, 0xA0E7,
    0xA0E7, 0xA0E7, 0x98E7, 0x98E7, 0x98E7, 0x98E7, 0x98E7, 0x98C7, 0x98C7, 0x90C7, 0x90C6, 0x90C6, 0x90C6, 0x90C6, 0x90C6, 0x90C6,
    0x88C6, 0x88C6, 0x88A6, 0x88A6, 0x88A6, 0x88A6, 0x88A6, 0x80A6, 0x80A6, 0x80A6, 0x80A6, 0x80A6, 0x80A6, 0x80A6, 0x7886, 0x7886,
    0x7886, 0x7886, 0x7886, 0x7886, 0x7886, 0x7886, 0x7886, 0x7886, 0xEA2A, 0xEA2A, 0xEA2A, 0xEA2A, 0xEA2A, 0xEA2A, 0xEA2A, 0xEA2A,
    0xEA2A, 0xEA2A, 0xEA2A, 0xEA2A, 0xEA2A, 0xEA2A, 0xEA2A, 0xEA2A, 0xEA2A, 0xEA2A, 0xEA2A, 0xEA2A, 0xEA2A, 0xEA2A, 0xEA2A, 0xEA2A,
    0xEA2A, 0xEA2A, 0xEA2A, 0xEA2A, 0xEA2A, 0xEA2A, 0xEA2A, 0xEA2A, 0xEA2A, 0xEA2A, 0xEA2A, 0xE20A, 0xE20A, 0xE20A, 0xE20A, 0xE20A,
    0xE20A, 0xE20A, 0xE20A, 0xE20A, 0xE20A, 0xE1EA, 0xE1EA, 0xE1EA, 0xE1EA, 0xE1EA, 0xE1EA, 0xE1EA, 0xE1EA, 0xE1EA, 0xE1CA, 0xE1CA,
    0xE1CA, 0xE1CA, 0xE1CA, 0xE1CA, 0xE1CA, 0xE1AA, 0xE1AA, 0xE1AA, 0xE1AA, 0xE1AA, 0xD9A9, 0xD989, 0xD989, 0xD989, 0xD189, 0xC908,
    0xC989, 0xE450, 0xFF99, 0xFFFA, 0xE533, 0xB9EA, 0xA8C6, 0xA907, 0xA107, 0x9947, 0xF6B7, 0xFF79, 0xFF39, 0xFF59, 0xFF59, 0xFF59,
    0xFF59, 0xFF59, 0xFF59, 0xFF59, 0xFF38, 0xFFBA, 0xE5B4, 0x98C6, 0xB127, 0xB928, 0xC148, 0xC148, 0xC148, 0xC148, 0xC128, 0xC128,
    0xC128, 0xB928, 0xB928, 0xB928, 0xB928, 0xB928, 0xB928, 0xB928, 0xB128, 0xB128, 0xB128, 0xB108, 0xB108, 0xB108, 0xB108, 0xA907,
    0xA907, 0xA907, 0xA907, 0xA907, 0xA907, 0xA907, 0xA907, 0xA0E7, 0xA0E7, 0xA0E7, 0xA0E7, 0xA0E7, 0xA0E7, 0xA0E7, 0x98E7, 0x98E7,
    0x98E7, 0x98E7, 0x98C7, 0x98C7, 0x98C7, 0x90C7, 0x90C6, 0x90C6, 0x90C6, 0x90C6, 0x90C6, 0x90C6, 0x88C6, 0x88C6, 0x88A6, 0x88A6,
    0x88A6, 0x88A6, 0x88A6, 0x80A6, 0x80A6, 0x80A6, 0x80A6, 0x80A6, 0x80A6, 0x8086, 0x7886, 0x7886, 0x7886, 0x7886, 0x7886, 0x7886,
    0x7886, 0x7886, 0x7886, 0x7886, 0xEA2A, 0xEA2A, 0xEA2A, 0xEA2A, 0xEA2A, 0xEA2A, 0xEA2A, 0xEA2A, 0xEA2A, 0xEA2A, 0xEA2A, 0xEA2A,
    0xEA2A, 0xEA2A, 0xEA2A, 0xEA2A, 0xEA2A, 0xEA2A, 0xEA2A, 0xEA2A, 0xEA2A, 0xEA2A, 0xEA2A, 0xEA2A, 0xEA2A, 0xEA2A, 0xEA2A, 0xEA2A,
    0xEA2A, 0xEA2A, 0xEA2A, 0xEA2A, 0xEA2A, 0xE20A, 0xE20A, 0xE20A, 0xE20A, 0xE20A, 0xE20A, 0xE20A, 0xE20A, 0xE20A, 0xE20A, 0xE20A,
    0xE1EA, 0xE1EA, 0xE1EA, 0xE1EA, 0xE1EA, 0xE1EA, 0xE1EA, 0xE1EA, 0xE1EA, 0xE1CA, 0xE1CA, 0xE1CA, 0xE1CA, 0xE1CA, 0xE1CA, 0xE1CA,
    0xE1AA, 0xE1AA, 0xE1AA, 0xE1AA, 0xE1AA, 0xE1AA, 0xD989, 0xD989, 0xD989, 0xD128, 0xC928, 0xDB6E, 0xFED7, 0xFFFB, 0xEE15, 0xCA8B,
    0xB0C7, 0xB107, 0xB148, 0xB128, 0xA107, 0xA147, 0xF6B7, 0xFF79, 0xFF39, 0xFF59, 0xFF59, 0xFF59, 0xFF59, 0xFF59, 0xFF59, 0xFF59,
    0xFF38, 0xFFBA, 0xE5B4, 0x98A6, 0xB128, 0xB928, 0xC148, 0xC148, 0xC148, 0xC148, 0xC128, 0xC128, 0xB928, 0xB928, 0xB928, 0xB928,
    0xB928, 0xB928, 0xB928, 0xB928, 0xB128, 0xB128, 0xB108, 0xB108, 0xB108, 0xB108, 0xB108, 0xA907, 0xA907, 0xA907, 0xA907, 0xA907,
    0xA907, 0xA907, 0xA107, 0xA0E7, 0xA0E7, 0xA0E7, 0xA0E7, 0xA0E7, 0xA0E7, 0x98E7, 0x98E7, 0x98E7, 0x98E7, 0x98E7, 0x98C7, 0x98C7,
    0x90C7, 0x90C7, 0x90C6, 0x90C6, 0x90C6, 0x90C6, 0x90C6, 0x88C6, 0x88C6, 0x88C6, 0x88A6, 0x88A6, 0x88A6, 0x88A6, 0x80A6, 0x80A6,
    0x80A6, 0x80A6, 0x80A6, 0x80A6, 0x80A6, 0x7886, 0x7886, 0x7886, 0x7886, 0x7886, 0x7886, 0x7886, 0x7886, 0x7886, 0x7886, 0x7886,
    0xE20A, 0xE20A, 0xE20A, 0xEA0A, 0xEA2A, 0xEA2A, 0xEA2A, 0xEA2A, 0xEA2A, 0xEA2A, 0xEA2A, 0xEA2A, 0xEA2A, 0xEA2A, 0xEA2A, 0xEA2A,
    0xEA2A, 0xEA2A, 0xEA2A, 0xEA2A, 0xEA2A, 0xEA2A, 0xEA2A, 0xEA2A, 0xEA2A, 0xEA2A, 0xEA2A, 0xEA2A, 0xE20A, 0xE20A, 0xE20A, 0xE20A,
    0xE20A, 0xE20A, 0xE20A, 0xE20A, 0xE20A, 0xE20A, 0xE20A, 0xE20A, 0xE20A, 0xE20A, 0xE1EA, 0xE1EA, 0xE1EA, 0xE1EA, 0xE1EA, 0xE1EA,
    0xE1EA, 0xE1EA, 0xE1EA, 0xE1CA, 0xE1CA, 0xE1CA, 0xE1CA, 0xE1CA, 0xE1CA, 0xE1CA, 0xE1AA, 0xE1AA, 0xE1AA, 0xE1AA, 0xE1AA, 0xE1AA,
    0xE1AA, 0xD989, 0xD989, 0xD169, 0xC908, 0xD28C, 0xF615, 0xFFFB, 0xF6D7, 0xD36E, 0xB907, 0xB0E7, 0xB948, 0xB948, 0xB928, 0xB148,
    0xA907, 0xA147, 0xF6B7, 0xFF79, 0xFF39, 0xFF59, 0xFF59, 0xFF59, 0xFF59, 0xFF59, 0xFF59, 0xFF59, 0xFF38, 0xFFBA, 0xE5B4, 0x98A6,
    0xA928, 0xB928, 0xB928, 0xC148, 0xC148, 0xC128, 0xC128, 0xB928, 0xB928, 0xB928, 0xB928, 0xB928, 0xB928, 0xB928, 0xB928, 0xB128,
    0xB128, 0xB108, 0xB108, 0xB108, 0xB108, 0xB108, 0xA907, 0xA907, 0xA907, 0xA907, 0xA907, 0xA907, 0xA907, 0xA107, 0xA0E7, 0xA0E7,
    0xA0E7, 0xA0E7, 0xA0E7, 0xA0E7, 0xA0E7, 0x98E7, 0x98E7, 0x98E7, 0x98E7, 0x98C7, 0x98C7, 0x98C7, 0x90C7, 0x90C6, 0x90C6, 0x90C6,
    0x90C6, 0x90C6, 0x90C6, 0x88C6, 0x88C6, 0x88A6, 0x88A6, 0x88A6, 0x88A6, 0x88A6, 0x80A6, 0x80A6, 0x80A6, 0x80A6, 0x80A6, 0x80A6,
    0x8086, 0x7886, 0x7886, 0x7886, 0x7886, 0x7886, 0x7886, 0x7886, 0x7886, 0x7886, 0x7886, 0x7886, 0xE20A, 0xE20A, 0xE20A, 0xE20A,
    0xE20A, 0xE20A, 0xE20A, 0xEA0A, 0xEA0A, 0xEA2A, 0xEA2A, 0xEA2A, 0xEA2A, 0xEA2A, 0xEA2A, 0xEA2A, 0xEA2A, 0xEA2A, 0xEA2A, 0xEA2A,
    0xEA2A, 0xEA2A, 0xEA0A, 0xEA0A, 0xEA0A, 0xE20A, 0xE20A, 0xE20A, 0xE20A, 0xE20A, 0xE20A, 0xE20A, 0xE20A, 0xE20A, 0xE20A, 0xE20A,
    0xE20A, 0xE20A, 0xE20A, 0xE20A, 0xE1EA, 0xE1EA, 0xE1EA, 0xE1EA, 0xE1EA, 0xE1EA, 0xE1EA, 0xE1EA, 0xE1EA, 0xE1EA, 0xE1CA, 0xE1CA,
    0xE1CA, 0xE1CA, 0xE1CA, 0xE1CA, 0xE1CA, 0xE1AA, 0xE1AA, 0xE1AA, 0xE1AA, 0xE1AA, 0xE1AA, 0xE1AA, 0xE18A, 0xD9A9, 0xD169, 0xD20A,
    0xED33, 0xFFDA, 0xFF79, 0xDC50, 0xB968, 0xB0C7, 0xB948, 0xB968, 0xC148, 0xC148, 0xC148, 0xB948, 0xB107, 0xA948, 0xF6B7, 0xFF79,
    0xFF39, 0xFF59, 0xFF59, 0xFF59, 0xFF59, 0xFF59, 0xFF59, 0xFF59, 0xFF38, 0xFFBA, 0xE5B4, 0x98A6, 0xA928, 0xB928, 0xB928, 0xC148,
    0xC148, 0xC128, 0xB928, 0xB928, 0xB928, 0xB928, 0xB928, 0xB928, 0xB928, 0xB928, 0xB128, 0xB128, 0xB128, 0xB108, 0xB108, 0xB108,
    0xB108, 0xB108, 0xA907, 0xA907, 0xA907, 0xA907, 0xA907, 0xA907, 0xA907, 0xA0E7, 0xA0E7, 0xA0E7, 0xA0E7, 0xA0E7, 0xA0E7, 0xA0E7,
    0x98E7, 0x98E7, 0x98E7, 0x98E7, 0x98E7, 0x98C7, 0x98C7, 0x98C7, 0x90C7, 0x90C6, 0x90C6, 0x90C6, 0x90C6, 0x90C6, 0x90C6, 0x88C6,
    0x88C6, 0x88A6, 0x88A6, 0x88A6, 0x88A6, 0x88A6, 0x80A6, 0x80A6, 0x80A6, 0x80A6, 0x80A6, 0x80A6, 0x7886, 0x7886, 0x7886, 0x7886,
    0x7886, 0x7886, 0x7886, 0x7886, 0x7886, 0x7886, 0x7886, 0x7886, 0xE20A, 0xE20A, 0xE20A, 0xE20A, 0xE20A, 0xE20A, 0xE20A, 0xE20A,
    0xE20A, 0xE20A, 0xE20A, 0xE20A, 0xE20A, 0xE20A, 0xE20A, 0xE20A, 0xE20A, 0xE20A, 0xE20A, 0xE20A, 0xE20A, 0xE20A, 0xE20A, 0xE20A,
    0xE20A, 0xE20A, 0xE20A, 0xE20A, 0xE20A, 0xE20A, 0xE20A, 0xE20A, 0xE20A, 0xE20A, 0xE20A, 0xE20A, 0xE20A, 0xE1EA, 0xE1EA, 0xE1EA,
    0xE1EA, 0xE1EA, 0xE1EA, 0xE1EA, 0xE1EA, 0xE1EA, 0xE1EA, 0xE1EA, 0xE1CA, 0xE1CA, 0xE1CA, 0xE1CA, 0xE1CA, 0xE1CA, 0xE1CA, 0xE1CA,
    0xE1AA, 0xE1AA, 0xE1AA, 0xE1AA, 0xE1AA, 0xE1AA, 0xE1AA, 0xE1AA, 0xE189, 0xD989, 0xD148, 0xDA4B, 0xFF59, 0xED53, 0xC1EA, 0xB8C7,
    0xB928, 0xC168, 0xC148, 0xC148, 0xC948, 0xC948, 0xC148, 0xC148, 0xB107, 0xA948, 0xF6B7, 0xFF79, 0xFF39, 0xFF59, 0xFF59, 0xFF59,
    0xFF59, 0xFF59, 0xFF59, 0xFF59, 0xFF38, 0xFFBA, 0xE5B4, 0x98A6, 0xA928, 0xB928, 0xB928, 0xC148, 0xC128, 0xC128, 0xB928, 0xB928,
    0xB928, 0xB928, 0xB928, 0xB928, 0xB928, 0xB928, 0xB128, 0xB128, 0xB108, 0xB108, 0xB108, 0xB108, 0xB108, 0xA907, 0xA907, 0xA907,
    0xA907, 0xA907, 0xA907, 0xA907, 0xA907, 0xA0E7, 0xA0E7, 0xA0E7, 0xA0E7, 0xA0E7, 0xA0E7, 0xA0E7, 0x98E7, 0x98E7, 0x98E7, 0x98E7,
    0x98E7, 0x98C7, 0x98C7, 0x90C7, 0x90C6, 0x90C6, 0x90C6, 0x90C6, 0x90C6, 0x90C6, 0x88C6, 0x88C6, 0x88A6, 0x88A6, 0x88A6, 0x88A6,
    0x88A6, 0x80A6, 0x80A6, 0x80A6, 0x80A6, 0x80A6, 0x80A6, 0x80A6, 0x7886, 0x7886, 0x7886, 0x7886, 0x7886, 0x7886, 0x7886, 0x7886,
    0x7886, 0x7886, 0x7886, 0x7886, 0xE20A, 0xE20A, 0xE20A, 0xE20A, 0xE20A, 0xE20A, 0xE20A, 0xE20A, 0xE20A, 0xE20A, 0xE20A, 0xE20A,
    0xE20A, 0xE20A, 0xE20A, 0xE20A, 0xE20A, 0xE20A, 0xE20A, 0xE20A, 0xE20A, 0xE20A, 0xE20A, 0xE20A, 0xE20A, 0xE20A, 0xE20A, 0xE20A,
    0xE20A, 0xE20A, 0xE20A, 0xE20A, 0xE20A, 0xE1EA, 0xE1EA, 0xE1EA, 0xE1EA, 0xE1EA, 0xE1EA, 0xE1EA, 0xE1EA, 0xE1EA, 0xE1EA, 0xE1EA,
    0xE1EA, 0xE1CA, 0xE1CA, 0xE1CA, 0xE1CA, 0xE1CA, 0xE1CA, 0xE1CA, 0xE1CA, 0xE1CA, 0xE1AA, 0xE1AA, 0xE1AA, 0xE1AA, 0xE1AA, 0xE1AA,
    0xE1AA, 0xE1AA, 0xE189, 0xE189, 0xE189, 0xD989, 0xD169, 0xC948, 0xC9EA, 0xC108, 0xB907, 0xC168, 0xC148, 0xC148, 0xC948, 0xC949,
    0xC969, 0xC969, 0xC949, 0xC148, 0xB127, 0xA948, 0xF6B7, 0xFF79, 0xFF39, 0xFF59, 0xFF59, 0xFF59, 0xFF59, 0xFF59, 0xFF59, 0xFF59,
    0xFF38, 0xFFBA, 0xE5B4, 0x98A6, 0xA928, 0xB928, 0xB928, 0xC128, 0xC128, 0xB928, 0xB928, 0xB928, 0xB928, 0xB928, 0xB928, 0xB928,
    0xB928, 0xB128, 0xB128, 0xB128, 0xB108, 0xB108, 0xB108, 0xB108, 0xB108, 0xA907, 0xA907, 0xA907, 0xA907, 0xA907, 0xA907, 0xA907,
    0xA0E7, 0xA0E7, 0xA0E7, 0xA0E7, 0xA0E7, 0xA0E7, 0xA0E7, 0x98E7, 0x98E7, 0x98E7, 0x98E7, 0x98E7, 0x98C7, 0x98C7, 0x90C7, 0x90C7,
    0x90C6, 0x90C6, 0x90C6, 0x90C6, 0x90C6, 0x88C6, 0x88C6, 0x88C6, 0x88A6, 0x88A6, 0x88A6, 0x88A6, 0x80A6, 0x80A6, 0x80A6, 0x80A6,
    0x80A6, 0x80A6, 0x80A6, 0x8086, 0x7886, 0x7886, 0x7886, 0x7886, 0x7886, 0x7886, 0x7886, 0x7886, 0x7886, 0x7886, 0x7886, 0x7886,
    0xE20A, 0xE20A, 0xE20A, 0xE20A, 0xE20A, 0xE20A, 0xE20A, 0xE20A, 0xE20A, 0xE20A, 0xE20A, 0xE20A, 0xE20A, 0xE20A, 0xE20A, 0xE20A,
    0xE20A, 0xE20A, 0xE20A, 0xE20A, 0xE20A, 0xE20A, 0xE20A, 0xE20A, 0xE20A, 0xE20A, 0xE20A, 0xE20A, 0xE20A, 0xE20A, 0xE20A, 0xE1EA,
    0xE1EA, 0xE1EA, 0xE1EA, 0xE1EA, 0xE1EA, 0xE1EA, 0xE1EA, 0xE1EA, 0xE1EA, 0xE1EA, 0xE1EA, 0xE1EA, 0xE1CA, 0xE1CA, 0xE1CA, 0xE1CA,
    0xE1CA, 0xE1CA, 0xE1CA, 0xE1CA, 0xE1CA, 0xE1AA, 0xE1AA, 0xE1AA, 0xE1AA, 0xE1AA, 0xE1AA, 0xE1AA, 0xE1AA, 0xE18A, 0xE189, 0xE189,
    0xE189, 0xD989, 0xD169, 0xD169, 0xC928, 0xC969, 0xC168, 0xC148, 0xC948, 0xC969, 0xC949, 0xD169, 0xD169, 0xD169, 0xC949, 0xC148,
    0xB127, 0xA948, 0xF6B7, 0xFF79, 0xFF39, 0xFF59, 0xFF59, 0xFF59, 0xFF59, 0xFF59, 0xFF59, 0xFF59, 0xFF38, 0xFFBA, 0xE5B4, 0x98A6,
    0xA928, 0xB128, 0xB928, 0xB928, 0xC128, 0xB928, 0xB928, 0xB928, 0xB928, 0xB928, 0xB928, 0xB928, 0xB928, 0xB128, 0xB128, 0xB128,
    0xB108, 0xB108, 0xB108, 0xB108, 0xA907, 0xA907, 0xA907, 0xA907, 0xA907, 0xA907, 0xA907, 0xA907, 0xA0E7, 0xA0E7, 0xA0E7, 0xA0E7,
    0xA0E7, 0xA0E7, 0xA0E7, 0x98E7, 0x98E7, 0x98E7, 0x98E7, 0x98C7, 0x98C7, 0x98C7, 0x90C7, 0x90C6, 0x90C6, 0x90C6, 0x90C6, 0x90C6,
    0x90C6, 0x88C6, 0x88C6, 0x88A6, 0x88A6, 0x88A6, 0x88A6, 0x88A6, 0x80A6, 0x80A6, 0x80A6, 0x80A6, 0x80A6, 0x80A6, 0x80A6, 0x7886,
    0x7886, 0x7886, 0x7886, 0x7886, 0x7886, 0x7886, 0x7886, 0x7886, 0x7886, 0x7886, 0x7886, 0x7886, 0xE1EA, 0xE1EA, 0xE1EA, 0xE1EA,
    0xE1EA, 0xE1EA, 0xE1EA, 0xE20A, 0xE20A, 0xE20A, 0xE20A, 0xE20A, 0xE20A, 0xE20A, 0xE20A, 0xE20A, 0xE20A, 0xE20A, 0xE20A, 0xE20A,
    0xE20A, 0xE20A, 0xE20A, 0xE20A, 0xE1EA, 0xE1EA, 0xE1EA, 0xE1EA, 0xE1EA, 0xE1EA, 0xE1EA, 0xE1EA, 0xE1EA, 0xE1EA, 0xE1EA, 0xE1EA,
    0xE1EA, 0xE1EA, 0xE1EA, 0xE1EA, 0xE1EA, 0xE1CA, 0xE1CA, 0xE1CA, 0xE1CA, 0xE1CA, 0xE1CA, 0xE1CA, 0xE1CA, 0xE1CA, 0xE1CA, 0xE1AA,
    0xE1AA, 0xE1AA, 0xE1AA, 0xE1AA, 0xE1AA, 0xE1AA, 0xE1AA, 0xE18A, 0xE189, 0xE189, 0xE189, 0xE189, 0xE189, 0xD969, 0xD169, 0xD169,
    0xC969, 0xC969, 0xC968, 0xC969, 0xC969, 0xD169, 0xD169, 0xD169, 0xD169, 0xD169, 0xC969, 0xC148, 0xB107, 0xA948, 0xF6B7, 0xFF79,
    0xFF39, 0xFF59, 0xFF59, 0xFF59, 0xFF59, 0xFF59, 0xFF59, 0xFF59, 0xFF38, 0xFFBA, 0xE5B4, 0x98A6, 0xA927, 0xB128, 0xB928, 0xB928,
    0xB928, 0xB928, 0xB928, 0xB928, 0xB928, 0xB928, 0xB928, 0xB928, 0xB128, 0xB128, 0xB108, 0xB108, 0xB108, 0xB108, 0xB108, 0xA907,
    0xA907, 0xA907, 0xA907, 0xA907, 0xA907, 0xA907, 0xA907, 0xA0E7, 0xA0E7, 0xA0E7, 0xA0E7, 0xA0E7, 0xA0E7, 0xA0E7, 0x98E7, 0x98E7,
    0x98E7, 0x98E7, 0x98E7, 0x98C7, 0x98C7, 0x90C7, 0x90C7, 0x90C6, 0x90C6, 0x90C6, 0x90C6, 0x90C6, 0x90C6, 0x88C6, 0x88C6, 0x88A6,
    0x88A6, 0x88A6, 0x88A6, 0x88A6, 0x80A6, 0x80A6, 0x80A6, 0x80A6, 0x80A6, 0x80A6, 0x8086, 0x7886, 0x7886, 0x7886, 0x7886, 0x7886,
    0x7886, 0x7886, 0x7886, 0x7886, 0x7886, 0x7886, 0x7886, 0x7886, 0xE1EA, 0xE1EA, 0xE1EA, 0xE1EA, 0xE1EA, 0xE1EA, 0xE1EA, 0xE1EA,
    0xE1EA, 0xE1EA, 0xE1EA, 0xE1EA, 0xE1EA, 0xE1EA, 0xE1EA, 0xE1EA, 0xE1EA, 0xE1EA, 0xE1EA, 0xE1EA, 0xE1EA, 0xE1EA, 0xE1EA, 0xE1EA,
    0xE1EA, 0xE1EA, 0xE1EA, 0xE1EA, 0xE1EA, 0xE1EA, 0xE1EA, 0xE1EA, 0xE1EA, 0xE1EA, 0xE1EA, 0xE1EA, 0xE1EA, 0xE1EA, 0xE1EA, 0xE1CA,
    0xE1CA, 0xE1CA, 0xE1CA, 0xE1CA, 0xE1CA, 0xE1CA, 0xE1CA, 0xE1CA, 0xE1CA, 0xE1CA, 0xE1AA, 0xE1AA, 0xE1AA, 0xE1AA, 0xE1AA, 0xE1AA,
    0xE1AA, 0xE1AA, 0xE18A, 0xE189, 0xE189, 0xE189, 0xE189, 0xE189, 0xD989, 0xD969, 0xD969, 0xD169, 0xD169, 0xD169, 0xD169, 0xD169,
    0xD169, 0xD169, 0xD169, 0xD169, 0xD169, 0xD169, 0xC969, 0xC148, 0xB107, 0xA948, 0xF6B7, 0xFF79, 0xFF39, 0xFF59, 0xFF59, 0xFF59,
    0xFF59, 0xFF59, 0xFF59, 0xFF59, 0xFF38, 0xFFBA, 0xE5B4, 0x98A6, 0xA927, 0xB128, 0xB928, 0xB928, 0xB928, 0xB928, 0xB928, 0xB928,
    0xB928, 0xB928, 0xB928, 0xB128, 0xB128, 0xB128, 0xB108, 0xB108, 0xB108, 0xB108, 0xB108, 0xA907, 0xA907, 0xA907, 0xA907, 0xA907,
    0xA907, 0xA907, 0xA107, 0xA0E7, 0xA0E7, 0xA0E7, 0xA0E7, 0xA0E7, 0xA0E7, 0xA0E7, 0x98E7, 0x98E7, 0x98E7, 0x98E7, 0x98E7, 0x98C7,
    0x98C7, 0x90C7, 0x90C6, 0x90C6, 0x90C6, 0x90C6, 0x90C6, 0x90C6, 0x88C6, 0x88C6, 0x88C6, 0x88A6, 0x88A6, 0x88A6, 0x88A6, 0x88A6,
    0x80A6, 0x80A6, 0x80A6, 0x80A6, 0x80A6, 0x80A6, 0x7886, 0x7886, 0x7886, 0x7886, 0x7886, 0x7886, 0x7886, 0x7886, 0x7886, 0x7886,
    0x7886, 0x7886, 0x7886, 0x7886, 0xE1EA, 0xE1EA, 0xE1EA, 0xE1EA, 0xE1EA, 0xE1EA, 0xE1EA, 0xE1EA, 0xE1EA, 0xE1EA, 0xE1EA, 0xE1EA,
    0xE1EA, 0xE1EA, 0xE1EA, 0xE1EA, 0xE1EA, 0xE1EA, 0xE1EA, 0xE1EA, 0xE1EA, 0xE1EA, 0xE1EA, 0xE1EA, 0xE1EA, 0xE1EA, 0xE1EA, 0xE1EA,
    0xE1EA, 0xE1EA, 0xE1EA, 0xE1EA, 0xE1EA, 0xE1EA, 0xE1EA, 0xE1EA, 0xE1CA, 0xE1CA, 0xE1CA, 0xE1CA, 0xE1CA, 0xE1CA, 0xE1CA, 0xE1CA,
    0xE1CA, 0xE1CA, 0xE1CA, 0xE1AA, 0xE1AA, 0xE1AA, 0xE1AA, 0xE1AA, 0xE1AA, 0xE1AA, 0xE1AA, 0xE1AA, 0xE18A, 0xE189, 0xE189, 0xE189,
    0xE189, 0xE189, 0xD989, 0xD989, 0xD989, 0xD989, 0xD969, 0xD969, 0xD169, 0xD169, 0xD169, 0xD169, 0xD169, 0xD169, 0xD169, 0xD169,
    0xD169, 0xD169, 0xC949, 0xC148, 0xB107, 0xA948, 0xF6B7, 0xFF79, 0xFF39, 0xFF59, 0xFF59, 0xFF59, 0xFF59, 0xFF59, 0xFF59, 0xFF59,
    0xFF38, 0xFFBA, 0xE5B4, 0x90A6, 0xA927, 0xB128, 0xB928, 0xB928, 0xB928, 0xB928, 0xB928, 0xB928, 0xB928, 0xB928, 0xB928, 0xB128,
    0xB128, 0xB108, 0xB108, 0xB108, 0xB108, 0xB108, 0xA907, 0xA907, 0xA907, 0xA907, 0xA907, 0xA907, 0xA907, 0xA907, 0xA0E7, 0xA0E7,
    0xA0E7, 0xA0E7, 0xA0E7, 0xA0E7, 0xA0E7, 0x98E7, 0x98E7, 0x98E7, 0x98E7, 0x98E7, 0x98C7, 0x98C7, 0x98C7, 0x90C7, 0x90C6, 0x90C6,
    0x90C6, 0x90C6, 0x90C6, 0x90C6, 0x88C6, 0x88C6, 0x88A6, 0x88A6, 0x88A6, 0x88A6, 0x88A6, 0x80A6, 0x80A6, 0x80A6, 0x80A6, 0x80A6,
    0x80A6, 0x8086, 0x7886, 0x7886, 0x7886, 0x7886, 0x7886, 0x7886, 0x7886, 0x7886, 0x7886, 0x7886, 0x7886, 0x7886, 0x7886, 0x7886,
    0xE1EA, 0xE1EA, 0xE1EA, 0xE1EA, 0xE1EA, 0xE1EA, 0xE1EA, 0xE1EA, 0xE1EA, 0xE1EA, 0xE1EA, 0xE1EA, 0xE1EA, 0xE1EA, 0xE1EA, 0xE1EA,
    0xE1EA, 0xE1EA, 0xE1EA, 0xE1EA, 0xE1EA, 0xE1EA, 0xE1EA, 0xE1EA, 0xE1EA, 0xE1EA, 0xE1EA, 0xE1EA, 0xE1EA, 0xE1EA, 0xE1EA, 0xE1CA,
    0xE1CA, 0xE1CA, 0xE1CA, 0xE1CA, 0xE1CA, 0xE1CA, 0xE1CA, 0xE1CA, 0xE1CA, 0xE1CA, 0xE1CA, 0xE1CA, 0xE1CA, 0xE1AA, 0xE1AA, 0xE1AA,
    0xE1AA, 0xE1AA, 0xE1AA, 0xE1AA, 0xE1AA, 0xE1AA, 0xE18A, 0xE189, 0xE189, 0xE189, 0xE189, 0xE189, 0xD989, 0xD989, 0xD989, 0xD989,
    0xD989, 0xD969, 0xD969, 0xD969, 0xD969, 0xD169, 0xD169, 0xD169, 0xD169, 0xD169, 0xD169, 0xD169, 0xD169, 0xD169, 0xC949, 0xC148,
    0xB107, 0xA148, 0xF6B7, 0xFF79, 0xFF39, 0xFF59, 0xFF59, 0xFF59, 0xFF59, 0xFF59, 0xFF59, 0xFF59, 0xFF38, 0xFFBA, 0xE5B4, 0x90A6,
    0xA907, 0xB128, 0xB928, 0xB928, 0xB928, 0xB928, 0xB928, 0xB928, 0xB928, 0xB128, 0xB128, 0xB128, 0xB108, 0xB108, 0xB108, 0xB108,
    0xB108, 0xA907, 0xA907, 0xA907, 0xA907, 0xA907, 0xA907, 0xA907, 0xA907, 0xA0E7, 0xA0E7, 0xA0E7, 0xA0E7, 0xA0E7, 0xA0E7, 0xA0E7,
    0x98E7, 0x98E7, 0x98E7, 0x98E7, 0x98E7, 0x98C7, 0x98C7, 0x98C7, 0x90C7, 0x90C6, 0x90C6, 0x90C6, 0x90C6, 0x90C6, 0x90C6, 0x88C6,
    0x88C6, 0x88A6, 0x88A6, 0x88A6, 0x88A6, 0x88A6, 0x80A6, 0x80A6, 0x80A6, 0x80A6, 0x80A6, 0x80A6, 0x80A6, 0x7886, 0x7886, 0x7886,
    0x7886, 0x7886, 0x7886, 0x7886, 0x7886, 0x7886, 0x7886, 0x7886, 0x7886, 0x7886, 0x7886, 0x7886, 0xE1CA, 0xE1CA, 0xE1CA, 0xE1EA,
    0xE1EA, 0xE1EA, 0xE1EA, 0xE1EA, 0xE1EA, 0xE1EA, 0xE1EA, 0xE1EA, 0xE1EA, 0xE1EA, 0xE1EA, 0xE1EA, 0xE1EA, 0xE1EA, 0xE1EA, 0xE1EA,
    0xE1EA, 0xE1EA, 0xE1EA, 0xE1EA, 0xE1EA, 0xE1EA, 0xE1EA, 0xE1EA, 0xE1CA, 0xE1CA, 0xE1CA, 0xE1CA, 0xE1CA, 0xE1CA, 0xE1CA, 0xE1CA,
    0xE1CA, 0xE1CA, 0xE1CA, 0xE1CA, 0xE1CA, 0xE1CA, 0xE1CA, 0xE1AA, 0xE1AA, 0xE1AA, 0xE1AA, 0xE1AA, 0xE1AA, 0xE1AA, 0xE1AA, 0xE1AA,
    0xE1AA, 0xE18A, 0xE189, 0xE189, 0xE189, 0xE189, 0xE189, 0xD989, 0xD989, 0xD989, 0xD989, 0xD989, 0xD969, 0xD969, 0xD969, 0xD969,
    0xD969, 0xD969, 0xD169, 0xD169, 0xD169, 0xD169, 0xD169, 0xD169, 0xD169, 0xC949, 0xC949, 0xC148, 0xB107, 0xA148, 0xF6B7, 0xFF79,
    0xFF39, 0xFF59, 0xFF59, 0xFF59, 0xFF59, 0xFF59, 0xFF59, 0xFF59, 0xFF38, 0xFFBA, 0xE5B4, 0x90A6, 0xA927, 0xB128, 0xB928, 0xB928,
    0xB928, 0xB928, 0xB928, 0xB928, 0xB928, 0xB128, 0xB128, 0xB128, 0xB108, 0xB108, 0xB108, 0xB108, 0xB108, 0xA907, 0xA907, 0xA907,
    0xA907, 0xA907, 0xA907, 0xA907, 0xA0E7, 0xA0E7, 0xA0E7, 0xA0E7, 0xA0E7, 0xA0E7, 0xA0E7, 0xA0E7, 0x98E7, 0x98E7, 0x98E7, 0x98E7,
    0x98E7, 0x98C7, 0x98C7, 0x90C7, 0x90C7, 0x90C6, 0x90C6, 0x90C6, 0x90C6, 0x90C6, 0x90C6, 0x88C6, 0x88C6, 0x88A6, 0x88A6, 0x88A6,
    0x88A6, 0x88A6, 0x80A6, 0x80A6, 0x80A6, 0x80A6, 0x80A6, 0x80A6, 0x80A6, 0x7886, 0x7886, 0x7886, 0x7886, 0x7886, 0x7886, 0x7886,
    0x7886, 0x7886, 0x7886, 0x7886, 0x7886, 0x7886, 0x7886, 0x7886, 0xE1CA, 0xE1CA, 0xE1CA, 0xE1CA, 0xE1CA, 0xE1CA, 0xE1CA, 0xE1CA,
    0xE1CA, 0xE1CA, 0xE1CA, 0xE1CA, 0xE1CA, 0xE1CA, 0xE1CA, 0xE1CA, 0xE1CA, 0xE1CA, 0xE1CA, 0xE1CA, 0xE1CA, 0xE1CA, 0xE1CA, 0xE1CA,
    0xE1CA, 0xE1CA, 0xE1CA, 0xE1CA, 0xE1CA, 0xE1CA, 0xE1CA, 0xE1CA, 0xE1CA, 0xE1CA, 0xE1CA, 0xE1CA, 0xE1CA, 0xE1CA, 0xE1CA, 0xE1CA,
    0xE1AA, 0xE1AA, 0xE1AA, 0xE1AA, 0xE1AA, 0xE1AA, 0xE1AA, 0xE1AA, 0xE1AA, 0xE1AA, 0xE1AA, 0xE18A, 0xE189, 0xE189, 0xE189, 0xE189,
    0xE189, 0xD989, 0xD989, 0xD989, 0xD989, 0xD989, 0xD969, 0xD969, 0xD969, 0xD969, 0xD969, 0xD969, 0xD169, 0xD169, 0xD169, 0xD169,
    0xD169, 0xD169, 0xD169, 0xD169, 0xD169, 0xC949, 0xC948, 0xC148, 0xB107, 0xA148, 0xF6B7, 0xFF79, 0xFF39, 0xFF59, 0xFF59, 0xFF59,
    0xFF59, 0xFF59, 0xFF59, 0xFF59, 0xFF38, 0xFFBA, 0xE5B4, 0x90A6, 0xA927, 0xB128, 0xB928, 0xB928, 0xB928, 0xB928, 0xB928, 0xB928,
    0xB128, 0xB128, 0xB128, 0xB108, 0xB108, 0xB108, 0xB108, 0xB108, 0xA907, 0xA907, 0xA907, 0xA907, 0xA907, 0xA907, 0xA907, 0xA907,
    0xA0E7, 0xA0E7, 0xA0E7, 0xA0E7, 0xA0E7, 0xA0E7, 0xA0E7, 0x98E7, 0x98E7, 0x98E7, 0x98E7, 0x98E7, 0x98C7, 0x98C7, 0x98C7, 0x90C7,
    0x90C6, 0x90C6, 0x90C6, 0x90C6, 0x90C6, 0x90C6, 0x88C6, 0x88C6, 0x88A6, 0x88A6, 0x88A6, 0x88A6, 0x88A6, 0x80A6, 0x80A6, 0x80A6,
    0x80A6, 0x80A6, 0x80A6, 0x80A6, 0x8086, 0x7886, 0x7886, 0x7886, 0x7886, 0x7886, 0x7886, 0x7886, 0x7886, 0x7886, 0x7886, 0x7886,
    0x7886, 0x7886, 0x7886, 0x7886, 0xE1CA, 0xE1CA, 0xE1CA, 0xE1CA, 0xE1CA, 0xE1CA, 0xE1CA, 0xE1CA, 0xE1CA, 0xE1CA, 0xE1CA, 0xE1CA,
    0xE1CA, 0xE1CA, 0xE1CA, 0xE1CA, 0xE1CA, 0xE1CA, 0xE1CA, 0xE1CA, 0xE1CA, 0xE1CA, 0xE1CA, 0xE1CA, 0xE1CA, 0xE1CA, 0xE1CA, 0xE1CA,
    0xE1CA, 0xE1CA, 0xE1CA, 0xE1CA, 0xE1CA, 0xE1CA, 0xE1CA, 0xE1CA, 0xE1CA, 0xE1CA, 0xE1AA, 0xE1AA, 0xE1AA, 0xE1AA, 0xE1AA, 0xE1AA,
    0xE1AA, 0xE1AA, 0xE1AA, 0xE1AA, 0xE1AA, 0xE18A, 0xE189, 0xE189, 0xE189, 0xE189, 0xE189, 0xE189, 0xE189, 0xD989, 0xD989, 0xD989,
    0xD989, 0xD969, 0xD969, 0xD969, 0xD969, 0xD969, 0xD969, 0xD169, 0xD169, 0xD169, 0xD169, 0xD169, 0xD169, 0xD169, 0xD169, 0xD169,
    0xD169, 0xC949, 0xC948, 0xB948, 0xB107, 0xA147, 0xF6B7, 0xFF79, 0xFF39, 0xFF59, 0xFF59, 0xFF59, 0xFF59, 0xFF59, 0xFF59, 0xFF59,
    0xFF38, 0xFFBA, 0xE5B4, 0x90A6, 0xA907, 0xB128, 0xB928, 0xB928, 0xB928, 0xB928, 0xB928, 0xB928, 0xB128, 0xB128, 0xB128, 0xB108,
    0xB108, 0xB108, 0xB108, 0xB108, 0xA907, 0xA907, 0xA907, 0xA907, 0xA907, 0xA907, 0xA907, 0xA107, 0xA0E7, 0xA0E7, 0xA0E7, 0xA0E7,
    0xA0E7, 0xA0E7, 0xA0E7, 0x98E7, 0x98E7, 0x98E7, 0x98E7, 0x98E7, 0x98C7, 0x98C7, 0x90C7, 0x90C7, 0x90C6, 0x90C6, 0x90C6, 0x90C6,
    0x90C6, 0x90C6, 0x88C6, 0x88C6, 0x88A6, 0x88A6, 0x88A6, 0x88A6, 0x88A6, 0x80A6, 0x80A6, 0x80A6, 0x80A6, 0x80A6, 0x80A6, 0x80A6,
    0x7886, 0x7886, 0x7886, 0x7886, 0x7886, 0x7886, 0x7886, 0x7886, 0x7886, 0x7886, 0x7886, 0x7886, 0x7886, 0x7886, 0x7886, 0x7886,
    0xE1CA, 0xE1CA, 0xE1CA, 0xE1CA, 0xE1CA, 0xE1CA, 0xE1CA, 0xE1CA, 0xE1CA, 0xE1CA, 0xE1CA, 0xE1CA, 0xE1CA, 0xE1CA, 0xE1CA, 0xE1CA,
    0xE1CA, 0xE1CA, 0xE1CA, 0xE1CA, 0xE1CA, 0xE1CA, 0xE1CA, 0xE1CA, 0xE1CA, 0xE1CA, 0xE1CA, 0xE1CA, 0xE1CA, 0xE1CA, 0xE1CA, 0xE1CA,
    0xE1CA, 0xE1CA, 0xE1AA, 0xE1AA, 0xE1AA, 0xE1AA, 0xE1AA, 0xE1AA, 0xE1AA, 0xE1AA, 0xE1AA, 0xE1AA, 0xE1AA, 0xE1AA, 0xE1AA, 0xE18A,
    0xE189, 0xE189, 0xE189, 0xE189, 0xE189, 0xE189, 0xD989, 0xD989, 0xD989, 0xD989, 0xD989, 0xD969, 0xD969, 0xD969, 0xD969, 0xD969,
    0xD969, 0xD969, 0xD169, 0xD169, 0xD169, 0xD169, 0xD169, 0xD169, 0xD169, 0xD169, 0xD169, 0xD169, 0xC969, 0xC949, 0xC148, 0xB948,
    0xA907, 0xA147, 0xF6B7, 0xFF79, 0xFF39, 0xFF59, 0xFF59, 0xFF59, 0xFF59, 0xFF59, 0xFF59, 0xFF59, 0xFF38, 0xFFBA, 0xE5B4, 0x90A6,
    0xA907, 0xB128, 0xB128, 0xB928, 0xB928, 0xB928, 0xB928, 0xB128, 0xB128, 0xB108, 0xB108, 0xB108, 0xB108, 0xB108, 0xB107, 0xA907,
    0xA907, 0xA907, 0xA907, 0xA907, 0xA907, 0xA907, 0xA907, 0xA0E7, 0xA0E7, 0xA0E7, 0xA0E7, 0xA0E7, 0xA0E7, 0xA0E7, 0x98E7, 0x98E7,
    0x98E7, 0x98E7, 0x98E7, 0x98C7, 0x98C7, 0x98C7, 0x90C7, 0x90C6, 0x90C6, 0x90C6, 0x90C6, 0x90C6, 0x90C6, 0x88C6, 0x88C6, 0x88A6,
    0x88A6, 0x88A6, 0x88A6, 0x88A6, 0x80A6, 0x80A6, 0x80A6, 0x80A6, 0x80A6, 0x80A6, 0x80A6, 0x7886, 0x7886, 0x7886, 0x7886, 0x7886,
    0x7886, 0x7886, 0x7886, 0x7886, 0x7886, 0x7886, 0x7886, 0x7886, 0x7886, 0x7886, 0x7886, 0x7886, 0xE1AA, 0xE1AA, 0xE1AA, 0xE1CA,
    0xE1CA, 0xE1CA, 0xE1CA, 0xE1CA, 0xE1CA, 0xE1CA, 0xE1CA, 0xE1CA, 0xE1CA, 0xE1CA, 0xE1CA, 0xE1CA, 0xE1CA, 0xE1CA, 0xE1CA, 0xE1CA,
    0xE1CA, 0xE1CA, 0xE1CA, 0xE1CA, 0xE1CA, 0xE1CA, 0xE1CA, 0xE1CA, 0xE1AA, 0xE1AA, 0xE1AA, 0xE1AA, 0xE1AA, 0xE1AA, 0xE1AA, 0xE1AA,
    0xE1AA, 0xE1AA, 0xE1AA, 0xE1AA, 0xE1AA, 0xE1AA, 0xE1AA, 0xE1AA, 0xE18A, 0xE189, 0xE189, 0xE189, 0xE189, 0xE189, 0xE189, 0xE189,
    0xD989, 0xD989, 0xD989, 0xD989, 0xD989, 0xD969, 0xD969, 0xD969, 0xD969, 0xD969, 0xD969, 0xD969, 0xD169, 0xD169, 0xD169, 0xD169,
    0xD169, 0xD169, 0xD169, 0xD169, 0xD169, 0xD169, 0xD169, 0xC949, 0xC949, 0xC949, 0xC148, 0xB948, 0xA907, 0xA147, 0xF6B7, 0xFF79,
    0xFF39, 0xFF59, 0xFF59, 0xFF59, 0xFF59, 0xFF59, 0xFF59, 0xFF59, 0xFF38, 0xFFBA, 0xE5B4, 0x90A6, 0xA107, 0xB127, 0xB128, 0xB928,
    0xB928, 0xB928, 0xB128, 0xB128, 0xB128, 0xB108, 0xB108, 0xB108, 0xB108, 0xB108, 0xA907, 0xA907, 0xA907, 0xA907, 0xA907, 0xA907,
    0xA907, 0xA907, 0xA0E7, 0xA0E7, 0xA0E7, 0xA0E7, 0xA0E7, 0xA0E7, 0xA0E7, 0x98E7, 0x98E7, 0x98E7, 0x98E7, 0x98E7, 0x98C7, 0x98C7,
    0x98C7, 0x90C7, 0x90C6, 0x90C6, 0x90C6, 0x90C6, 0x90C6, 0x90C6, 0x88C6, 0x88C6, 0x88C6, 0x88A6, 0x88A6, 0x88A6, 0x88A6, 0x88A6,
    0x80A6, 0x80A6, 0x80A6, 0x80A6, 0x80A6, 0x80A6, 0x80A6, 0x7886, 0x7886, 0x7886, 0x7886, 0x7886, 0x7886, 0x7886, 0x7886, 0x7886,
    0x7886, 0x7886, 0x7886, 0x7886, 0x7886, 0x7886, 0x7886, 0x7886, 0xE1AA, 0xE1AA, 0xE1AA, 0xE1AA, 0xE1AA, 0xE1AA, 0xE1AA, 0xE1CA,
    0xE1CA, 0xE1CA, 0xE1CA, 0xE1CA, 0xE1CA, 0xE1CA, 0xE1CA, 0xE1CA, 0xE1CA, 0xE1CA, 0xE1CA, 0xE1CA, 0xE1CA, 0xE1CA, 0xE1CA, 0xE1CA,
    0xE1AA, 0xE1AA, 0xE1AA, 0xE1AA, 0xE1AA, 0xE1AA, 0xE1AA, 0xE1AA, 0xE1AA, 0xE1AA, 0xE1AA, 0xE1AA, 0xE1AA, 0xE1AA, 0xE1AA, 0xE1AA,
    0xE1AA, 0xE1AA, 0xE18A, 0xE18A, 0xE189, 0xE189, 0xE189, 0xE189, 0xE189, 0xE189, 0xD989, 0xD989, 0xD989, 0xD989, 0xD989, 0xD989,
    0xD969, 0xD969, 0xD969, 0xD969, 0xD969, 0xD969, 0xD969, 0xD969, 0xD169, 0xD169, 0xD169, 0xD169, 0xD169, 0xD169, 0xD169, 0xD169,
    0xD169, 0xD169, 0xC969, 0xC949, 0xC949, 0xC949, 0xC148, 0xB948, 0xA907, 0xA147, 0xF6B7, 0xFF79, 0xFF39, 0xFF59, 0xFF59, 0xFF59,
    0xFF59, 0xFF59, 0xFF59, 0xFF59, 0xFF38, 0xFFBA, 0xE5B4, 0x90A6, 0xA107, 0xB107, 0xB128, 0xB928, 0xB928, 0xB128, 0xB128, 0xB128,
    0xB108, 0xB108, 0xB108, 0xB108, 0xB108, 0xA907, 0xA907, 0xA907, 0xA907, 0xA907, 0xA907, 0xA907, 0xA907, 0xA0E7, 0xA0E7, 0xA0E7,
    0xA0E7, 0xA0E7, 0xA0E7, 0xA0E7, 0xA0E7, 0x98E7, 0x98E7, 0x98E7, 0x98E7, 0x98E7, 0x98C7, 0x98C7, 0x90C7, 0x90C7, 0x90C6, 0x90C6,
    0x90C6, 0x90C6, 0x90C6, 0x90C6, 0x88C6, 0x88C6, 0x88A6, 0x88A6, 0x88A6, 0x88A6, 0x88A6, 0x80A6, 0x80A6, 0x80A6, 0x80A6, 0x80A6,
    0x80A6, 0x80A6, 0x8086, 0x7886, 0x7886, 0x7886, 0x7886, 0x7886, 0x7886, 0x7886, 0x7886, 0x7886, 0x7886, 0x7886, 0x7886, 0x7886,
    0x7886, 0x7886, 0x7886, 0x7886, 0xE1AA, 0xE1AA, 0xE1AA, 0xE1AA, 0xE1AA, 0xE1AA, 0xE1AA, 0xE1AA, 0xE1AA, 0xE1AA, 0xE1AA, 0xE1AA,
    0xE1AA, 0xE1AA, 0xE1AA, 0xE1AA, 0xE1AA, 0xE1AA, 0xE1AA, 0xE1AA, 0xE1AA, 0xE1AA, 0xE1AA, 0xE1AA, 0xE1AA, 0xE1AA, 0xE1AA, 0xE1AA,
    0xE1AA, 0xE1AA, 0xE1AA, 0xE1AA, 0xE1AA, 0xE1AA, 0xE1AA, 0xE1AA, 0xE1AA, 0xE1AA, 0xE1AA, 0xE18A, 0xE189, 0xE189, 0xE189, 0xE189,
    0xE189, 0xE189, 0xE189, 0xE189, 0xD989, 0xD989, 0xD989, 0xD989, 0xD989, 0xD989, 0xD969, 0xD969, 0xD969, 0xD969, 0xD969, 0xD969,
    0xD969, 0xD969, 0xD169, 0xD169, 0xD169, 0xD169, 0xD169, 0xD169, 0xD169, 0xD169, 0xD169, 0xD169, 0xC969, 0xC949, 0xC949, 0xC949,
    0xC949, 0xC948, 0xC148, 0xB948, 0xA907, 0xA147, 0xF6B7, 0xFF79, 0xFF39, 0xFF59, 0xFF59, 0xFF59, 0xFF59, 0xFF59, 0xFF59, 0xFF59,
    0xFF38, 0xFFBA, 0xE5B4, 0x90A5, 0xA107, 0xA907, 0xB128, 0xB128, 0xB128, 0xB128, 0xB128, 0xB108, 0xB108, 0xB108, 0xB108, 0xB108,
    0xA907, 0xA907, 0xA907, 0xA907, 0xA907, 0xA907, 0xA907, 0xA907, 0xA907, 0xA0E7, 0xA0E7, 0xA0E7, 0xA0E7, 0xA0E7, 0xA0E7, 0xA0E7,
    0x98E7, 0x98E7, 0x98E7, 0x98E7, 0x98E7, 0x98C7, 0x98C7, 0x98C7, 0x90C7, 0x90C6, 0x90C6, 0x90C6, 0x90C6, 0x90C6, 0x90C6, 0x88C6,
    0x88C6, 0x88C6, 0x88A6, 0x88A6, 0x88A6, 0x88A6, 0x88A6, 0x80A6, 0x80A6, 0x80A6, 0x80A6, 0x80A6, 0x80A6, 0x8086, 0x7886, 0x7886,
    0x7886, 0x7886, 0x7886, 0x7886, 0x7886, 0x7886, 0x7886, 0x7886, 0x7886, 0x7886, 0x7886, 0x7886, 0x7886, 0x7886, 0x7886, 0x7886,
    0xE1AA, 0xE1AA, 0xE1AA, 0xE1AA, 0xE1AA, 0xE1AA, 0xE1AA, 0xE1AA, 0xE1AA, 0xE1AA, 0xE1AA, 0xE1AA, 0xE1AA, 0xE1AA, 0xE1AA, 0xE1AA,
    0xE1AA, 0xE1AA, 0xE1AA, 0xE1AA, 0xE1AA, 0xE1AA, 0xE1AA, 0xE1AA, 0xE1AA, 0xE1AA, 0xE1AA, 0xE1AA, 0xE1AA, 0xE1AA, 0xE1AA, 0xE1AA,
    0xE1AA, 0xE1AA, 0xE1AA, 0xE1AA, 0xE18A, 0xE18A, 0xE189, 0xE189, 0xE189, 0xE189, 0xE189, 0xE189, 0xE189, 0xE189, 0xE189, 0xD989,
    0xD989, 0xD989, 0xD989, 0xD989, 0xD969, 0xD969, 0xD969, 0xD969, 0xD969, 0xD969, 0xD969, 0xD969, 0xD169, 0xD169, 0xD169, 0xD169,
    0xD169, 0xD169, 0xD169, 0xD169, 0xD169, 0xD169, 0xD169, 0xD169, 0xC949, 0xC949, 0xC949, 0xC949, 0xC949, 0xC948, 0xC148, 0xB948,
    0xA907, 0xA147, 0xF6B7, 0xFF79, 0xFF39, 0xFF59, 0xFF59, 0xFF59, 0xFF59, 0xFF59, 0xFF59, 0xFF59, 0xFF38, 0xFFBA, 0xE5B4, 0x90A5,
    0xA107, 0xA907, 0xB128, 0xB128, 0xB128, 0xB128, 0xB128, 0xB108, 0xB108, 0xB108, 0xB108, 0xB108, 0xA907, 0xA907, 0xA907, 0xA907,
    0xA907, 0xA907, 0xA907, 0xA907, 0xA0E7, 0xA0E7, 0xA0E7, 0xA0E7, 0xA0E7, 0xA0E7, 0xA0E7, 0xA0E7, 0x98E7, 0x98E7, 0x98E7, 0x98E7,
    0x98C7, 0x98C7, 0x98C7, 0x98C7, 0x90C7, 0x90C6, 0x90C6, 0x90C6, 0x90C6, 0x90C6, 0x88C6, 0x88C6, 0x88C6, 0x88A6, 0x88A6, 0x88A6,
    0x88A6, 0x88A6, 0x80A6, 0x80A6, 0x80A6, 0x80A6, 0x80A6, 0x80A6, 0x80A6, 0x8086, 0x7886, 0x7886, 0x7886, 0x7886, 0x7886, 0x7886,
    0x7886, 0x7886, 0x7886, 0x7886, 0x7886, 0x7886, 0x7886, 0x7886, 0x7886, 0x7886, 0x7886, 0x7886, 0xE1AA, 0xE1AA, 0xE1AA, 0xE1AA,
    0xE1AA, 0xE1AA, 0xE1AA, 0xE1AA, 0xE1AA, 0xE1AA, 0xE1AA, 0xE1AA, 0xE1AA, 0xE1AA, 0xE1AA, 0xE1AA, 0xE1AA, 0xE1AA, 0xE1AA, 0xE1AA,
    0xE1AA, 0xE1AA, 0xE1AA, 0xE1AA, 0xE1AA, 0xE1AA, 0xE1AA, 0xE1AA, 0xE1AA, 0xE1AA, 0xE1AA, 0xE1AA, 0xE18A, 0xE189, 0xE189, 0xE189,
    0xE189, 0xE189, 0xE189, 0xE189, 0xE189, 0xE189, 0xE189, 0xD989, 0xD989, 0xD989, 0xD989, 0xD989, 0xD989, 0xD989, 0xD969, 0xD969,
    0xD969, 0xD969, 0xD969, 0xD969, 0xD969, 0xD969, 0xD969, 0xD169, 0xD169, 0xD169, 0xD169, 0xD169, 0xD169, 0xD169, 0xD169, 0xD169,
    0xD169, 0xD169, 0xC969, 0xC949, 0xC949, 0xC949, 0xC949, 0xC949, 0xC949, 0xC948, 0xC148, 0xB928, 0xA907, 0xA147, 0xF6B7, 0xFF79,
    0xFF39, 0xFF59, 0xFF59, 0xFF59, 0xFF59, 0xFF59, 0xFF59, 0xFF59, 0xFF38, 0xFFBA, 0xE5B4, 0x90A5, 0xA107, 0xA907, 0xB108, 0xB128,
    0xB128, 0xB128, 0xB108, 0xB108, 0xB108, 0xB108, 0xB108, 0xA907, 0xA907, 0xA907, 0xA907, 0xA907, 0xA907, 0xA907, 0xA907, 0xA0E7,
    0xA0E7, 0xA0E7, 0xA0E7, 0xA0E7, 0xA0E7, 0xA0E7, 0xA0E7, 0x98E7, 0x98E7, 0x98E7, 0x98E7, 0x98E7, 0x98C7, 0x98C7, 0x90C7, 0x90C7,
    0x90C6, 0x90C6, 0x90C6, 0x90C6, 0x90C6, 0x90C6, 0x88C6, 0x88C6, 0x88A6, 0x88A6, 0x88A6, 0x88A6, 0x88A6, 0x80A6, 0x80A6, 0x80A6,
    0x80A6, 0x80A6, 0x80A6, 0x80A6, 0x80A6, 0x7886, 0x7886, 0x7886, 0x7886, 0x7886, 0x7886, 0x7886, 0x7886, 0x7886, 0x7886, 0x7886,
    0x7886, 0x7886, 0x7886, 0x7886, 0x7886, 0x7886, 0x7886, 0x7886, 0xE189, 0xE189, 0xE189, 0xE189, 0xE18A, 0xE18A, 0xE18A, 0xE1AA,
    0xE1AA, 0xE1AA, 0xE1AA, 0xE1AA, 0xE1AA, 0xE1AA, 0xE1AA, 0xE1AA, 0xE1AA, 0xE1AA, 0xE1AA, 0xE1AA, 0xE1AA, 0xE1AA, 0xE1AA, 0xE1AA,
    0xE18A, 0xE18A, 0xE18A, 0xE189, 0xE189, 0xE189, 0xE189, 0xE189, 0xE189, 0xE189, 0xE189, 0xE189, 0xE189, 0xE189, 0xE189, 0xE189,
    0xD989, 0xD989, 0xD989, 0xD989, 0xD989, 0xD989, 0xD989, 0xD969, 0xD969, 0xD969, 0xD969, 0xD969, 0xD969, 0xD969, 0xD969, 0xD969,
    0xD169, 0xD169, 0xD169, 0xD169, 0xD169, 0xD169, 0xD169, 0xD169, 0xD169, 0xD169, 0xD169, 0xD169, 0xD169, 0xC949, 0xC949, 0xC949,
    0xC949, 0xC949, 0xC949, 0xC949, 0xC949, 0xC148, 0xC148, 0xB928, 0xA907, 0xA147, 0xF6B7, 0xFF79, 0xFF39, 0xFF59, 0xFF59, 0xFF59,
    0xFF59, 0xFF59, 0xFF59, 0xFF59, 0xFF38, 0xFFBA, 0xE5B4, 0x90A5, 0xA107, 0xA907, 0xB108, 0xB128, 0xB108, 0xB108, 0xB108, 0xB108,
    0xB108, 0xB108, 0xA907, 0xA907, 0xA907, 0xA907, 0xA907, 0xA907, 0xA907, 0xA907, 0xA0E7, 0xA0E7, 0xA0E7, 0xA0E7, 0xA0E7, 0xA0E7,
    0xA0E7, 0xA0E7, 0x98E7, 0x98E7, 0x98E7, 0x98E7, 0x98E7, 0x98C7, 0x98C7, 0x98C7, 0x90C7, 0x90C6, 0x90C6, 0x90C6, 0x90C6, 0x90C6,
    0x90C6, 0x88C6, 0x88C6, 0x88C6, 0x88A6, 0x88A6, 0x88A6, 0x88A6, 0x88A6, 0x80A6, 0x80A6, 0x80A6, 0x80A6, 0x80A6, 0x80A6, 0x80A6,
    0x7886, 0x7886, 0x7886, 0x7886, 0x7886, 0x7886, 0x7886, 0x7886, 0x7886, 0x7886, 0x7886, 0x7886, 0x7886, 0x7886, 0x7886, 0x7886,
    0x7886, 0x7886, 0x7886, 0x7886, 0xE189, 0xE189, 0xE189, 0xE189, 0xE189, 0xE189, 0xE189, 0xE189, 0xE189, 0xE18A, 0xE18A, 0xE18A,
    0xE18A, 0xE18A, 0xE18A, 0xE18A, 0xE18A, 0xE18A, 0xE18A, 0xE18A, 0xE18A, 0xE18A, 0xE189, 0xE189, 0xE189, 0xE189, 0xE189, 0xE189,
    0xE189, 0xE189, 0xE189, 0xE189, 0xE189, 0xE189, 0xE189, 0xE189, 0xE189, 0xE189, 0xD989, 0xD989, 0xD989, 0xD989, 0xD989, 0xD989,
    0xD989, 0xD989, 0xD969, 0xD969, 0xD969, 0xD969, 0xD969, 0xD969, 0xD969, 0xD969, 0xD969, 0xD169, 0xD169, 0xD169, 0xD169, 0xD169,
    0xD169, 0xD169, 0xD169, 0xD169, 0xD169, 0xD169, 0xD169, 0xC969, 0xC949, 0xC949, 0xC949, 0xC949, 0xC949, 0xC949, 0xC949, 0xC949,
    0xC948, 0xC148, 0xC148, 0xB928, 0xA907, 0xA147, 0xF6B7, 0xFF79, 0xFF39, 0xFF59, 0xFF59, 0xFF59, 0xFF59, 0xFF59, 0xFF59, 0xFF59,
    0xFF38, 0xFFBA, 0xE5B4, 0x88A5, 0xA107, 0xA907, 0xB108, 0xB128, 0xB108, 0xB108, 0xB108, 0xB108, 0xB108, 0xA907, 0xA907, 0xA907,
    0xA907, 0xA907, 0xA907, 0xA907, 0xA907, 0xA0E7, 0xA0E7, 0xA0E7, 0xA0E7, 0xA0E7, 0xA0E7, 0xA0E7, 0xA0E7, 0xA0E7, 0x98E7, 0x98E7,
    0x98E7, 0x98E7, 0x98E7, 0x98C7, 0x98C7, 0x90C7, 0x90C7, 0x90C6, 0x90C6, 0x90C6, 0x90C6, 0x90C6, 0x90C6, 0x88C6, 0x88C6, 0x88A6,
    0x88A6, 0x88A6, 0x88A6, 0x88A6, 0x88A6, 0x80A6, 0x80A6, 0x80A6, 0x80A6, 0x80A6, 0x80A6, 0x80A6, 0x7886, 0x7886, 0x7886, 0x7886,
    0x7886, 0x7886, 0x7886, 0x7886, 0x7886, 0x7886, 0x7886, 0x7886, 0x7886, 0x7886, 0x7886, 0x7886, 0x7886, 0x7886, 0x7886, 0x7886,
    0xE189, 0xE189, 0xE189, 0xE189, 0xE189, 0xE189, 0xE189, 0xE189, 0xE189, 0xE189, 0xE189, 0xE189, 0xE189, 0xE189, 0xE189, 0xE189,
    0xE189, 0xE189, 0xE189, 0xE189, 0xE189, 0xE189, 0xE189, 0xE189, 0xE189, 0xE189, 0xE189, 0xE189, 0xE189, 0xE189, 0xE189, 0xE189,
    0xE189, 0xD989, 0xD989, 0xD989, 0xD989, 0xD989, 0xD989, 0xD989, 0xD989, 0xD989, 0xD969, 0xD969, 0xD969, 0xD969, 0xD969, 0xD969,
    0xD969, 0xD969, 0xD969, 0xD969, 0xD169, 0xD169, 0xD169, 0xD169, 0xD169, 0xD169, 0xD169, 0xD169, 0xD169, 0xD169, 0xD169, 0xD169,
    0xD169, 0xC969, 0xC949, 0xC949, 0xC949, 0xC949, 0xC949, 0xC949, 0xC949, 0xC949, 0xC948, 0xC948, 0xC148, 0xC148, 0xC148, 0xB928,
    0xA907, 0x9927, 0xF6B7, 0xFF79, 0xFF39, 0xFF59, 0xFF59, 0xFF59, 0xFF59, 0xFF59, 0xFF59, 0xFF59, 0xFF38, 0xFFBA, 0xE5B4, 0x8885,
    0xA107, 0xA907, 0xB107, 0xB108, 0xB108, 0xB108, 0xB108, 0xB108, 0xA907, 0xA907, 0xA907, 0xA907, 0xA907, 0xA907, 0xA907, 0xA907,
    0xA907, 0xA0E7, 0xA0E7, 0xA0E7, 0xA0E7, 0xA0E7, 0xA0E7, 0xA0E7, 0x98E7, 0x98E7, 0x98E7, 0x98E7, 0x98E7, 0x98E7, 0x98C7, 0x98C7,
    0x90C7, 0x90C7, 0x90C6, 0x90C6, 0x90C6, 0x90C6, 0x90C6, 0x90C6, 0x88C6, 0x88C6, 0x88A6, 0x88A6, 0x88A6, 0x88A6, 0x88A6, 0x88A6,
    0x80A6, 0x80A6, 0x80A6, 0x80A6, 0x80A6, 0x80A6, 0x80A6, 0x7886, 0x7886, 0x7886, 0x7886, 0x7886, 0x7886, 0x7886, 0x7886, 0x7886,
    0x7886, 0x7886, 0x7886, 0x7886, 0x7886, 0x7886, 0x7886, 0x7886, 0x7886, 0x7886, 0x7886, 0x7886, 0xD989, 0xD989, 0xE189, 0xE189,
    0xE189, 0xE189, 0xE189, 0xE189, 0xE189, 0xE189, 0xE189, 0xE189, 0xE189, 0xE189, 0xE189, 0xE189, 0xE189, 0xE189, 0xE189, 0xE189,
    0xE189, 0xE189, 0xE189, 0xE189, 0xE189, 0xE189, 0xE189, 0xE189, 0xE189, 0xE189, 0xD989, 0xD989, 0xD989, 0xD989, 0xD989, 0xD989,
    0xD989, 0xD989, 0xD989, 0xD989, 0xD969, 0xD969, 0xD969, 0xD969, 0xD969, 0xD969, 0xD969, 0xD969, 0xD969, 0xD969, 0xD169, 0xD169,
    0xD169, 0xD169, 0xD169, 0xD169, 0xD169, 0xD169, 0xD169, 0xD169, 0xD169, 0xD169, 0xD169, 0xD169, 0xC969, 0xC949, 0xC949, 0xC949,
    0xC949, 0xC949, 0xC949, 0xC949, 0xC949, 0xC948, 0xC948, 0xC148, 0xC148, 0xC148, 0xB928, 0xB128, 0xA907, 0x9927, 0xF6B7, 0xFF79,
    0xFF39, 0xFF59, 0xFF59, 0xFF59, 0xFF59, 0xFF59, 0xFF59, 0xFF59, 0xFF38, 0xFFBA, 0xE5B4, 0x8885, 0xA107, 0xA907, 0xB108, 0xB108,
    0xB108, 0xB108, 0xB108, 0xB107, 0xA907, 0xA907, 0xA907, 0xA907, 0xA907, 0xA907, 0xA907, 0xA907, 0xA0E7, 0xA0E7, 0xA0E7, 0xA0E7,
    0xA0E7, 0xA0E7, 0xA0E7, 0xA0E7, 0x98E7, 0x98E7, 0x98E7, 0x98E7, 0x98E7, 0x98C7, 0x98C7, 0x98C7, 0x90C7, 0x90C7, 0x90C6, 0x90C6,
    0x90C6, 0x90C6, 0x90C6, 0x90C6, 0x88C6, 0x88C6, 0x88A6, 0x88A6, 0x88A6, 0x88A6, 0x88A6, 0x80A6, 0x80A6, 0x80A6, 0x80A6, 0x80A6,
    0x80A6, 0x80A6, 0x8086, 0x7886, 0x7886, 0x7886, 0x7886, 0x7886, 0x7886, 0x7886, 0x7886, 0x7886, 0x7886, 0x7886, 0x7886, 0x7886,
    0x7886, 0x7886, 0x7886, 0x7886, 0x7886, 0x7886, 0x7886, 0x7886, 0xD989, 0xD989, 0xD989, 0xD989, 0xD989, 0xD989, 0xD989, 0xD989,
    0xD989, 0xD989, 0xD989, 0xD989, 0xD989, 0xD989, 0xD989, 0xD989, 0xD989, 0xD989, 0xD989, 0xD989, 0xD989, 0xD989, 0xD989, 0xD989,
    0xD989, 0xD989, 0xD989, 0xD989, 0xD989, 0xD989, 0xD989, 0xD989, 0xD989, 0xD989, 0xD989, 0xD989, 0xD969, 0xD969, 0xD969, 0xD969,
    0xD969, 0xD969, 0xD969, 0xD969, 0xD969, 0xD969, 0xD969, 0xD969, 0xD169, 0xD169, 0xD169, 0xD169, 0xD169, 0xD169, 0xD169, 0xD169,
    0xD169, 0xD169, 0xD169, 0xD169, 0xD169, 0xD169, 0xC969, 0xC949, 0xC949, 0xC949, 0xC949, 0xC949, 0xC949, 0xC949, 0xC949, 0xC949,
    0xC948, 0xC948, 0xC148, 0xC148, 0xC148, 0xC148, 0xB928, 0xB128, 0xA107, 0x9927, 0xF6B7, 0xFF79, 0xFF39, 0xFF59, 0xFF59, 0xFF59,
    0xFF59, 0xFF59, 0xFF59, 0xFF59, 0xFF38, 0xFFBA, 0xE5B4, 0x8885, 0xA107, 0xA907, 0xA907, 0xB107, 0xB108, 0xB108, 0xB107, 0xA907,
    0xA907, 0xA907, 0xA907, 0xA907, 0xA907, 0xA907, 0xA907, 0xA0E7, 0xA0E7, 0xA0E7, 0xA0E7, 0xA0E7, 0xA0E7, 0xA0E7, 0xA0E7, 0x98E7,
    0x98E7, 0x98E7, 0x98E7, 0x98E7, 0x98E7, 0x98C7, 0x98C7, 0x90C7, 0x90C6, 0x90C6, 0x90C6, 0x90C6, 0x90C6, 0x90C6, 0x90C6, 0x88C6,
    0x88C6, 0x88A6, 0x88A6, 0x88A6, 0x88A6, 0x88A6, 0x80A6, 0x80A6, 0x80A6, 0x80A6, 0x80A6, 0x80A6, 0x80A6, 0x80A6, 0x7886, 0x7886,
    0x7886, 0x7886, 0x7886, 0x7886, 0x7886, 0x7886, 0x7886, 0x7886, 0x7886, 0x7886, 0x7886, 0x7886, 0x7886, 0x7886, 0x7886, 0x7886,
    0x7886, 0x7886, 0x7886, 0x7886, 0xD989, 0xD989, 0xD989, 0xD989, 0xD989, 0xD989, 0xD989, 0xD989, 0xD989, 0xD989, 0xD989, 0xD989,
    0xD989, 0xD989, 0xD989, 0xD989, 0xD989, 0xD989, 0xD989, 0xD989, 0xD989, 0xD989, 0xD989, 0xD989, 0xD989, 0xD989, 0xD989, 0xD989,
    0xD989, 0xD989, 0xD989, 0xD969, 0xD969, 0xD969, 0xD969, 0xD969, 0xD969, 0xD969, 0xD969, 0xD969, 0xD969, 0xD969, 0xD969, 0xD969,
    0xD969, 0xD169, 0xD169, 0xD169, 0xD169, 0xD169, 0xD169, 0xD169, 0xD169, 0xD169, 0xD169, 0xD169, 0xD169, 0xD169, 0xD169, 0xD169,
    0xC969, 0xC949, 0xC949, 0xC949, 0xC949, 0xC949, 0xC949, 0xC949, 0xC949, 0xC949, 0xC948, 0xC948, 0xC148, 0xC148, 0xC148, 0xC148,
    0xC148, 0xC148, 0xB928, 0xB128, 0xA0E7, 0x9927, 0xF6B7, 0xFF79, 0xFF39, 0xFF59, 0xFF59, 0xFF59, 0xFF59, 0xFF59, 0xFF59, 0xFF59,
    0xFF38, 0xFFBA, 0xE5B4, 0x8885, 0x9907, 0xA907, 0xA907, 0xB107, 0xB108, 0xB108, 0xA907, 0xA907, 0xA907, 0xA907, 0xA907, 0xA907,
    0xA907, 0xA907, 0xA0E7, 0xA0E7, 0xA0E7, 0xA0E7, 0xA0E7, 0xA0E7, 0xA0E7, 0xA0E7, 0x98E7, 0x98E7, 0x98E7, 0x98E7, 0x98E7, 0x98C7,
    0x98C7, 0x98C7, 0x90C7, 0x90C7, 0x90C6, 0x90C6, 0x90C6, 0x90C6, 0x90C6, 0x90C6, 0x88C6, 0x88C6, 0x88C6, 0x88A6, 0x88A6, 0x88A6,
    0x88A6, 0x88A6, 0x80A6, 0x80A6, 0x80A6, 0x80A6, 0x80A6, 0x80A6, 0x80A6, 0x7886, 0x7886, 0x7886, 0x7886, 0x7886, 0x7886, 0x7886,
    0x7886, 0x7886, 0x7886, 0x7886, 0x7886, 0x7886, 0x7886, 0x7886, 0x7886, 0x7886, 0x7886, 0x7886, 0x7886, 0x7886, 0x7886, 0x7886,
    0xD969, 0xD969, 0xD969, 0xD969, 0xD969, 0xD989, 0xD989, 0xD989, 0xD989, 0xD989, 0xD989, 0xD989, 0xD989, 0xD989, 0xD989, 0xD989,
    0xD989, 0xD989, 0xD989, 0xD989, 0xD989, 0xD989, 0xD989, 0xD989, 0xD989, 0xD989, 0xD989, 0xD969, 0xD969, 0xD969, 0xD969, 0xD969,
    0xD969, 0xD969, 0xD969, 0xD969, 0xD969, 0xD969, 0xD969, 0xD969, 0xD969, 0xD969, 0xD969, 0xD169, 0xD169, 0xD169, 0xD169, 0xD169,
    0xD169, 0xD169, 0xD169, 0xD169, 0xD169, 0xD169, 0xD169, 0xD169, 0xD169, 0xD169, 0xD169, 0xC969, 0xC949, 0xC949, 0xC949, 0xC949,
    0xC949, 0xC949, 0xC949, 0xC949, 0xC949, 0xC948, 0xC948, 0xC948, 0xC148, 0xC148, 0xC148, 0xC148, 0xC148, 0xC148, 0xB928, 0xB128,
    0xA0E7, 0x9927, 0xF6B7, 0xFF79, 0xFF39, 0xFF59, 0xFF59, 0xFF59, 0xFF59, 0xFF59, 0xFF59, 0xFF59, 0xFF38, 0xFFBA, 0xE5B4, 0x8885,
    0x9907, 0xA907, 0xA907, 0xA907, 0xB108, 0xA907, 0xA907, 0xA907, 0xA907, 0xA907, 0xA907, 0xA907, 0xA907, 0xA907, 0xA0E7, 0xA0E7,
    0xA0E7, 0xA0E7, 0xA0E7, 0xA0E7, 0xA0E7, 0xA0E7, 0x98E7, 0x98E7, 0x98E7, 0x98E7, 0x98E7, 0x98C7, 0x98C7, 0x98C7, 0x90C7, 0x90C6,
    0x90C6, 0x90C6, 0x90C6, 0x90C6, 0x90C6, 0x90C6, 0x88C6, 0x88C6, 0x88A6, 0x88A6, 0x88A6, 0x88A6, 0x88A6, 0x88A6, 0x80A6, 0x80A6,
    0x80A6, 0x80A6, 0x80A6, 0x80A6, 0x8086, 0x7886, 0x7886, 0x7886, 0x7886, 0x7886, 0x7886, 0x7886, 0x7886, 0x7886, 0x7886, 0x7886,
    0x7886, 0x7886, 0x7886, 0x7886, 0x7886, 0x7886, 0x7886, 0x7886, 0x7886, 0x7886, 0x7886, 0x7886, 0xD969, 0xD969, 0xD969, 0xD969,
    0xD969, 0xD969, 0xD969, 0xD969, 0xD969, 0xD969, 0xD969, 0xD969, 0xD969, 0xD969, 0xD969, 0xD969, 0xD969, 0xD969, 0xD969, 0xD969,
    0xD969, 0xD969, 0xD969, 0xD969, 0xD969, 0xD969, 0xD969, 0xD969, 0xD969, 0xD969, 0xD969, 0xD969, 0xD969, 0xD969, 0xD969, 0xD969,
    0xD969, 0xD969, 0xD969, 0xD169, 0xD169, 0xD169, 0xD169, 0xD169, 0xD169, 0xD169, 0xD169, 0xD169, 0xD169, 0xD169, 0xD169, 0xD169,
    0xD169, 0xD169, 0xD169, 0xD169, 0xD169, 0xC969, 0xC949, 0xC949, 0xC949, 0xC949, 0xC949, 0xC949, 0xC949, 0xC949, 0xC949, 0xC948,
    0xC948, 0xC948, 0xC148, 0xC148, 0xC148, 0xC148, 0xC148, 0xC148, 0xC148, 0xC128, 0xB928, 0xB128, 0xA0E7, 0x9927, 0xF6B7, 0xFF79,
    0xFF39, 0xFF59, 0xFF59, 0xFF59, 0xFF59, 0xFF59, 0xFF59, 0xFF59, 0xFF38, 0xFFBA, 0xE594, 0x8885, 0x9907, 0xA107, 0xA907, 0xA907,
    0xA907, 0xA907, 0xA907, 0xA907, 0xA907, 0xA907, 0xA907, 0xA907, 0xA0E7, 0xA0E7, 0xA0E7, 0xA0E7, 0xA0E7, 0xA0E7, 0xA0E7, 0xA0E7,
    0xA0E7, 0x98E7, 0x98E7, 0x98E7, 0x98E7, 0x98E7, 0x98C7, 0x98C7, 0x98C7, 0x90C7, 0x90C7, 0x90C6, 0x90C6, 0x90C6, 0x90C6, 0x90C6,
    0x90C6, 0x88C6, 0x88C6, 0x88A6, 0x88A6, 0x88A6, 0x88A6, 0x88A6, 0x80A6, 0x80A6, 0x80A6, 0x80A6, 0x80A6, 0x80A6, 0x80A6, 0x80A6,
    0x7886, 0x7886, 0x7886, 0x7886, 0x7886, 0x7886, 0x7886, 0x7886, 0x7886, 0x7886, 0x7886, 0x7886, 0x7886, 0x7886, 0x7886, 0x7886,
    0x7886, 0x7886, 0x7886, 0x7886, 0x7886, 0x7886, 0x7886, 0x7886, 0xD969, 0xD969, 0xD969, 0xD969, 0xD969, 0xD969, 0xD969, 0xD969,
    0xD969, 0xD969, 0xD969, 0xD969, 0xD969, 0xD969, 0xD969, 0xD969, 0xD969, 0xD969, 0xD969, 0xD969, 0xD969, 0xD969, 0xD969, 0xD969,
    0xD969, 0xD969, 0xD969, 0xD969, 0xD969, 0xD969, 0xD969, 0xD969, 0xD969, 0xD969, 0xD169, 0xD969, 0xD969, 0xD169, 0xD169, 0xD169,
    0xD169, 0xD169, 0xD169, 0xD169, 0xD169, 0xD169, 0xD169, 0xD169, 0xD169, 0xD169, 0xD169, 0xD169, 0xD169, 0xD169, 0xD169, 0xC969,
    0xC949, 0xC949, 0xC949, 0xC949, 0xC949, 0xC949, 0xC949, 0xC949, 0xC949, 0xC949, 0xC948, 0xC948, 0xC148, 0xC148, 0xC148, 0xC148,
    0xC148, 0xC148, 0xC148, 0xC148, 0xC148, 0xB928, 0xB928, 0xB128, 0xA0E7, 0x9927, 0xF6B7, 0xFF79, 0xFF39, 0xFF59, 0xFF59, 0xFF59,
    0xFF59, 0xFF59, 0xFF59, 0xFF59, 0xFF38, 0xFFBA, 0xE594, 0x8885, 0x9907, 0xA107, 0xA907, 0xA907, 0xA907, 0xA907, 0xA907, 0xA907,
    0xA907, 0xA907, 0xA907, 0xA907, 0xA0E7, 0xA0E7, 0xA0E7, 0xA0E7, 0xA0E7, 0xA0E7, 0xA0E7, 0xA0E7, 0x98E7, 0x98E7, 0x98E7, 0x98E7,
    0x98E7, 0x98E7, 0x98C7, 0x98C7, 0x90C7, 0x90C7, 0x90C6, 0x90C6, 0x90C6, 0x90C6, 0x90C6, 0x90C6, 0x88C6, 0x88C6, 0x88C6, 0x88A6,
    0x88A6, 0x88A6, 0x88A6, 0x88A6, 0x80A6, 0x80A6, 0x80A6, 0x80A6, 0x80A6, 0x80A6, 0x80A6, 0x8086, 0x7886, 0x7886, 0x7886, 0x7886,
    0x7886, 0x7886, 0x7886, 0x7886, 0x7886, 0x7886, 0x7886, 0x7886, 0x7886, 0x7886, 0x7886, 0x7886, 0x7886, 0x7886, 0x7886, 0x7886,
    0x7886, 0x7886, 0x7886, 0x7886, 0xD969, 0xD969, 0xD969, 0xD969, 0xD969, 0xD969, 0xD969, 0xD969, 0xD969, 0xD969, 0xD969, 0xD969,
    0xD969, 0xD969, 0xD969, 0xD969, 0xD969, 0xD969, 0xD969, 0xD969, 0xD969, 0xD969, 0xD969, 0xD969, 0xD969, 0xD969, 0xD969, 0xD969,
    0xD969, 0xD969, 0xD969, 0xD169, 0xD169, 0xD169, 0xD169, 0xD169, 0xD169, 0xD169, 0xD169, 0xD169, 0xD169, 0xD169, 0xD169, 0xD169,
    0xD169, 0xD169, 0xD169, 0xD169, 0xD169, 0xD169, 0xD169, 0xD169, 0xD169, 0xC969, 0xC949, 0xC949, 0xC949, 0xC949, 0xC949, 0xC949,
    0xC949, 0xC949, 0xC949, 0xC949, 0xC948, 0xC948, 0xC948, 0xC148, 0xC148, 0xC148, 0xC148, 0xC148, 0xC148, 0xC148, 0xC148, 0xC128,
    0xC128, 0xB928, 0xB928, 0xB128, 0xA0E7, 0x9927, 0xEEB7, 0xFF79, 0xFF39, 0xFF59, 0xFF59, 0xFF59, 0xFF59, 0xFF59, 0xFF59, 0xFF59,
    0xFF38, 0xFFBA, 0xE5B4, 0x8885, 0x9907, 0xA107, 0xA907, 0xA907, 0xA907, 0xA907, 0xA907, 0xA907, 0xA907, 0xA907, 0xA907, 0xA0E7,
    0xA0E7, 0xA0E7, 0xA0E7, 0xA0E7, 0xA0E7, 0xA0E7, 0xA0E7, 0x98E7, 0x98E7, 0x98E7, 0x98E7, 0x98E7, 0x98E7, 0x98C7, 0x98C7, 0x98C7,
    0x90C7, 0x90C6, 0x90C6, 0x90C6, 0x90C6, 0x90C6, 0x90C6, 0x90C6, 0x88C6, 0x88C6, 0x88A6, 0x88A6, 0x88A6, 0x88A6, 0x88A6, 0x80A6,
    0x80A6, 0x80A6, 0x80A6, 0x80A6, 0x80A6, 0x80A6, 0x80A6, 0x7886, 0x7886, 0x7886, 0x7886, 0x7886, 0x7886, 0x7886, 0x7886, 0x7886,
    0x7886, 0x7886, 0x7886, 0x7886, 0x7886, 0x7886, 0x7886, 0x7886, 0x7886, 0x7886, 0x7886, 0x7886, 0x7886, 0x7886, 0x7886, 0x7886,
    0xD169, 0xD169, 0xD169, 0xD169, 0xD169, 0xD169, 0xD169, 0xD169, 0xD169, 0xD169, 0xD969, 0xD969, 0xD969, 0xD969, 0xD969, 0xD969,
    0xD969, 0xD969, 0xD969, 0xD969, 0xD969, 0xD169, 0xD169, 0xD169, 0xD169, 0xD169, 0xD169, 0xD169, 0xD169, 0xD169, 0xD169, 0xD169,
    0xD169, 0xD169, 0xD169, 0xD169, 0xD169, 0xD169, 0xD169, 0xD169, 0xD169, 0xD169, 0xD169, 0xD169, 0xD169, 0xD169, 0xD169, 0xD169,
    0xD169, 0xD169, 0xC969, 0xC949, 0xC949, 0xC949, 0xC949, 0xC949, 0xC949, 0xC949, 0xC949, 0xC949, 0xC949, 0xC949, 0xC948, 0xC948,
    0xC948, 0xC148, 0xC148, 0xC148, 0xC148, 0xC148, 0xC148, 0xC148, 0xC148, 0xC128, 0xC128, 0xC128, 0xB928, 0xB928, 0xB928, 0xB128,
    0xA0E7, 0x9927, 0xEEB7, 0xFF79, 0xFF39, 0xFF59, 0xFF59, 0xFF59, 0xFF59, 0xFF59, 0xFF59, 0xFF59, 0xFF38, 0xFFBA, 0xDDB4, 0x8885,
    0x9907, 0xA107, 0xA907, 0xA907, 0xA907, 0xA907, 0xA907, 0xA907, 0xA907, 0xA0E7, 0xA0E7, 0xA0E7, 0xA0E7, 0xA0E7, 0xA0E7, 0xA0E7,
    0xA0E7, 0xA0E7, 0x98E7, 0x98E7, 0x98E7, 0x98E7, 0x98E7, 0x98E7, 0x98C7, 0x98C7, 0x90C7, 0x90C7, 0x90C6, 0x90C6, 0x90C6, 0x90C6,
    0x90C6, 0x90C6, 0x88C6, 0x88C6, 0x88C6, 0x88A6, 0x88A6, 0x88A6, 0x88A6, 0x88A6, 0x80A6, 0x80A6, 0x80A6, 0x80A6, 0x80A6, 0x80A6,
    0x80A6, 0x80A6, 0x7886, 0x7886, 0x7886, 0x7886, 0x7886, 0x7886, 0x7886, 0x7886, 0x7886, 0x7886, 0x7886, 0x7886, 0x7886, 0x7886,
    0x7886, 0x7886, 0x7886, 0x7886, 0x7886, 0x7886, 0x7886, 0x7886, 0x7886, 0x7886, 0x7886, 0x7886, 0xD169, 0xD169, 0xD169, 0xD169,
    0xD169, 0xD169, 0xD169, 0xD169, 0xD169, 0xD169, 0xD169, 0xD169, 0xD169, 0xD169, 0xD169, 0xD169, 0xD169, 0xD169, 0xD169, 0xD169,
    0xD169, 0xD169, 0xD169, 0xD169, 0xD169, 0xD169, 0xD169, 0xD169, 0xD169, 0xD169, 0xD169, 0xD169, 0xD169, 0xD169, 0xD169, 0xD169,
    0xD169, 0xD169, 0xD169, 0xD169, 0xD169, 0xD169, 0xD169, 0xD169, 0xD169, 0xD169, 0xD169, 0xD169, 0xC969, 0xC949, 0xC949, 0xC949,
    0xC949, 0xC949, 0xC949, 0xC949, 0xC949, 0xC949, 0xC949, 0xC949, 0xC948, 0xC948, 0xC948, 0xC948, 0xC148, 0xC148, 0xC148, 0xC148,
    0xC148, 0xC148, 0xC148, 0xC148, 0xC128, 0xC128, 0xC128, 0xB928, 0xB928, 0xB928, 0xB128, 0xB128, 0xA0E7, 0x9927, 0xEEB7, 0xFF79,
    0xFF39, 0xFF59, 0xFF59, 0xFF59, 0xFF59, 0xFF59, 0xFF59, 0xFF59, 0xFF38, 0xFFBA, 0xDDB4, 0x8885, 0x9907, 0xA107, 0xA907, 0xA907,
    0xA907, 0xA907, 0xA907, 0xA907, 0xA907, 0xA0E7, 0xA0E7, 0xA0E7, 0xA0E7, 0xA0E7, 0xA0E7, 0xA0E7, 0xA0E7, 0xA0E7, 0x98E7, 0x98E7,
    0x98E7, 0x98E7, 0x98E7, 0x98C7, 0x98C7, 0x98C7, 0x90C7, 0x90C7, 0x90C6, 0x90C6, 0x90C6, 0x90C6, 0x90C6, 0x90C6, 0x88C6, 0x88C6,
    0x88C6, 0x88A6, 0x88A6, 0x88A6, 0x88A6, 0x88A6, 0x80A6, 0x80A6, 0x80A6, 0x80A6, 0x80A6, 0x80A6, 0x80A6, 0x8086, 0x7886, 0x7886,
    0x7886, 0x7886, 0x7886, 0x7886, 0x7886, 0x7886, 0x7886, 0x7886, 0x7886, 0x7886, 0x7886, 0x7886, 0x7886, 0x7886, 0x7886, 0x7886,
    0x7886, 0x7886, 0x7886, 0x7886, 0x7886, 0x7886, 0x7886, 0x7886, 0xD169, 0xD169, 0xD169, 0xD169, 0xD169, 0xD169, 0xD169, 0xD169,
    0xD169, 0xD169, 0xD169, 0xD169, 0xD169, 0xD169, 0xD169, 0xD169, 0xD169, 0xD169, 0xD169, 0xD169, 0xD169, 0xD169, 0xD169, 0xD169,
    0xD169, 0xD169, 0xD169, 0xD169, 0xD169, 0xD169, 0xD169, 0xD169, 0xD169, 0xD169, 0xD169, 0xD169, 0xD169, 0xD169, 0xD169, 0xD169,
    0xD169, 0xD169, 0xD169, 0xD169, 0xD169, 0xC969, 0xC949, 0xC949, 0xC949, 0xC949, 0xC949, 0xC949, 0xC949, 0xC949, 0xC949, 0xC949,
    0xC949, 0xC949, 0xC948, 0xC948, 0xC948, 0xC148, 0xC148, 0xC148, 0xC148, 0xC148, 0xC148, 0xC148, 0xC148, 0xC148, 0xC128, 0xC128,
    0xC128, 0xB928, 0xB928, 0xB928, 0xB928, 0xB928, 0xB128, 0xA927, 0x98E7, 0x9927, 0xEEB7, 0xFF79, 0xFF39, 0xFF59, 0xFF59, 0xFF59,
    0xFF59, 0xFF59, 0xFF59, 0xFF59, 0xFF38, 0xFFBA, 0xDDB4, 0x8885, 0x98E7, 0xA0E7, 0xA907, 0xA907, 0xA907, 0xA907, 0xA907, 0xA8E7,
    0xA0E7, 0xA0E7, 0xA0E7, 0xA0E7, 0xA0E7, 0xA0E7, 0xA0E7, 0xA0E7, 0x98E7, 0x98E7, 0x98E7, 0x98E7, 0x98E7, 0x98E7, 0x98C7, 0x98C7,
    0x98C7, 0x90C7, 0x90C6, 0x90C6, 0x90C6, 0x90C6, 0x90C6, 0x90C6, 0x90C6, 0x88C6, 0x88C6, 0x88C6, 0x88A6, 0x88A6, 0x88A6, 0x88A6,
    0x88A6, 0x80A6, 0x80A6, 0x80A6, 0x80A6, 0x80A6, 0x80A6, 0x80A6, 0x80A6, 0x7886, 0x7886, 0x7886, 0x7886, 0x7886, 0x7886, 0x7886,
    0x7886, 0x7886, 0x7886, 0x7886, 0x7886, 0x7886, 0x7886, 0x7886, 0x7886, 0x7886, 0x7886, 0x7886, 0x7886, 0x7886, 0x7886, 0x7886,
    0x7886, 0x7886, 0x7886, 0x7886, 0xD169, 0xD169, 0xD169, 0xD169, 0xD169, 0xD169, 0xD169, 0xD169, 0xD169, 0xD169, 0xD169, 0xD169,
    0xD169, 0xD169, 0xD169, 0xD169, 0xD169, 0xD169, 0xD169, 0xD169, 0xD169, 0xD169, 0xD169, 0xD169, 0xD169, 0xD169, 0xD169, 0xD169,
    0xD169, 0xD169, 0xD169, 0xD169, 0xD169, 0xD169, 0xD169, 0xD169, 0xD169, 0xD169, 0xD169, 0xD169, 0xC969, 0xD169, 0xD169, 0xC949,
    0xC949, 0xC949, 0xC949, 0xC949, 0xC949, 0xC949, 0xC949, 0xC949, 0xC949, 0xC949, 0xC949, 0xC949, 0xC948, 0xC948, 0xC948, 0xC148,
    0xC148, 0xC148, 0xC148, 0xC148, 0xC148, 0xC148, 0xC148, 0xC148, 0xC148, 0xC128, 0xC128, 0xC128, 0xB928, 0xB928, 0xB928, 0xB928,
    0xB928, 0xB928, 0xB128, 0xA907, 0x98E7, 0x9127, 0xEEB7, 0xFF79, 0xFF39, 0xFF59, 0xFF59, 0xFF59, 0xFF59, 0xFF59, 0xFF59, 0xFF59,
    0xFF38, 0xFFBA, 0xDDB4, 0x8085, 0x98E7, 0xA0E7, 0xA107, 0xA907, 0xA907, 0xA907, 0xA907, 0xA0E7, 0xA0E7, 0xA0E7, 0xA0E7, 0xA0E7,
    0xA0E7, 0xA0E7, 0xA0E7, 0xA0E7, 0x98E7, 0x98E7, 0x98E7, 0x98E7, 0x98E7, 0x98E7, 0x98C7, 0x98C7, 0x90C7, 0x90C7, 0x90C6, 0x90C6,
    0x90C6, 0x90C6, 0x90C6, 0x90C6, 0x88C6, 0x88C6, 0x88C6, 0x88A6, 0x88A6, 0x88A6, 0x88A6, 0x88A6, 0x88A6, 0x80A6, 0x80A6, 0x80A6,
    0x80A6, 0x80A6, 0x80A6, 0x80A6, 0x8086, 0x7886, 0x7886, 0x7886, 0x7886, 0x7886, 0x7886, 0x7886, 0x7886, 0x7886, 0x7886, 0x7886,
    0x7886, 0x7886, 0x7886, 0x7886, 0x7886, 0x7886, 0x7886, 0x7886, 0x7886, 0x7886, 0x7886, 0x7886, 0x7886, 0x7886, 0x7886, 0x7886,
    0xD169, 0xD169, 0xD169, 0xD169, 0xD169, 0xD169, 0xD169, 0xD169, 0xD169, 0xD169, 0xD169, 0xD169, 0xD169, 0xD169, 0xD169, 0xD169,
    0xD169, 0xD169, 0xD169, 0xD169, 0xD169, 0xD169, 0xD169, 0xD169, 0xD169, 0xD169, 0xD169, 0xD169, 0xD169, 0xD169, 0xD169, 0xD169,
    0xD169, 0xD169, 0xD169, 0xD169, 0xD169, 0xD169, 0xC969, 0xC969, 0xC949, 0xC949, 0xC949, 0xC949, 0xC949, 0xC949, 0xC949, 0xC949,
    0xC949, 0xC949, 0xC949, 0xC949, 0xC949, 0xC949, 0xC948, 0xC948, 0xC948, 0xC148, 0xC148, 0xC148, 0xC148, 0xC148, 0xC148, 0xC148,
    0xC148, 0xC148, 0xC148, 0xC128, 0xC128, 0xC128, 0xB928, 0xB928, 0xB928, 0xB928, 0xB928, 0xB928, 0xB928, 0xB928, 0xB108, 0xA907,
    0x98E6, 0x9127, 0xEEB7, 0xFF79, 0xFF39, 0xFF59, 0xFF59, 0xFF59, 0xFF59, 0xFF59, 0xFF59, 0xFF59, 0xFF38, 0xFFBA, 0xDD94, 0x8085,
    0x98E7, 0xA0E7, 0xA0E7, 0xA907, 0xA907, 0xA907, 0xA0E7, 0xA0E7, 0xA0E7, 0xA0E7, 0xA0E7, 0xA0E7, 0xA0E7, 0xA0E7, 0xA0E7, 0x98E7,
    0x98E7, 0x98E7, 0x98E7, 0x98E7, 0x98E7, 0x98C7, 0x98C7, 0x90C7, 0x90C7, 0x90C6, 0x90C6, 0x90C6, 0x90C6, 0x90C6, 0x90C6, 0x90C6,
    0x88C6, 0x88C6, 0x88A6, 0x88A6, 0x88A6, 0x88A6, 0x88A6, 0x88A6, 0x80A6, 0x80A6, 0x80A6, 0x80A6, 0x80A6, 0x80A6, 0x80A6, 0x8086,
    0x7886, 0x7886, 0x7886, 0x7886, 0x7886, 0x7886, 0x7886, 0x7886, 0x7886, 0x7886, 0x7886, 0x7886, 0x7886, 0x7886, 0x7886, 0x7886,
    0x7886, 0x7886, 0x7886, 0x7886, 0x7886, 0x7886, 0x7886, 0x7886, 0x7886, 0x7886, 0x7886, 0x7886, 0xD169, 0xD169, 0xD169, 0xD169,
    0xD169, 0xD169, 0xD169, 0xD169, 0xD169, 0xD169, 0xD169, 0xD169, 0xD169, 0xD169, 0xD169, 0xD169, 0xD169, 0xD169, 0xD169, 0xD169,
    0xD169, 0xD169, 0xD169, 0xD169, 0xD169, 0xD169, 0xD169, 0xD169, 0xD169, 0xD169, 0xD169, 0xD169, 0xC969, 0xC969, 0xC969, 0xC949,
    0xC949, 0xC949, 0xC949, 0xC949, 0xC949, 0xC949, 0xC949, 0xC949, 0xC949, 0xC949, 0xC949, 0xC949, 0xC949, 0xC949, 0xC949, 0xC948,
    0xC948, 0xC948, 0xC148, 0xC148, 0xC148, 0xC148, 0xC148, 0xC148, 0xC148, 0xC148, 0xC148, 0xC148, 0xC148, 0xC128, 0xC128, 0xC128,
    0xB928, 0xB928, 0xB928, 0xB928, 0xB928, 0xB928, 0xB928, 0xB928, 0xB928, 0xB128, 0xB128, 0xA907, 0x98E6, 0x9127, 0xEEB7, 0xFF79,
    0xFF39, 0xFF59, 0xFF59, 0xFF59, 0xFF59, 0xFF59, 0xFF59, 0xFF59, 0xFF38, 0xFFBA, 0xDD94, 0x8085, 0x90E7, 0x98E7, 0xA0E7, 0xA107,
    0xA0E7, 0xA0E7, 0xA0E7, 0xA0E7, 0xA0E7, 0xA0E7, 0xA0E7, 0xA0E7, 0xA0E7, 0xA0E7, 0x98E7, 0x98E7, 0x98E7, 0x98E7, 0x98E7, 0x98C7,
    0x98C7, 0x98C7, 0x90C7, 0x90C7, 0x90C6, 0x90C6, 0x90C6, 0x90C6, 0x90C6, 0x90C6, 0x90C6, 0x88C6, 0x88C6, 0x88A6, 0x88A6, 0x88A6,
    0x88A6, 0x88A6, 0x88A6, 0x80A6, 0x80A6, 0x80A6, 0x80A6, 0x80A6, 0x80A6, 0x80A6, 0x8086, 0x7886, 0x7886, 0x7886, 0x7886, 0x7886,
    0x7886, 0x7886, 0x7886, 0x7886, 0x7886, 0x7886, 0x7886, 0x7886, 0x7886, 0x7886, 0x7886, 0x7886, 0x7886, 0x7886, 0x7886, 0x7886,
    0x7886, 0x7886, 0x7886, 0x7886, 0x7886, 0x7886, 0x7886, 0x7886, 0xC969, 0xC969, 0xC969, 0xD169, 0xD169, 0xD169, 0xD169, 0xD169,
    0xD169, 0xD169, 0xD169, 0xD169, 0xD169, 0xD169, 0xD169, 0xD169, 0xD169, 0xD169, 0xD169, 0xD169, 0xD169, 0xD169, 0xD169, 0xD169,
    0xD169, 0xD169, 0xD169, 0xD169, 0xC969, 0xC969, 0xC969, 0xC949, 0xC949, 0xC949, 0xC949, 0xC949, 0xC949, 0xC949, 0xC949, 0xC949,
    0xC949, 0xC949, 0xC949, 0xC949, 0xC949, 0xC949, 0xC949, 0xC949, 0xC949, 0xC948, 0xC948, 0xC948, 0xC948, 0xC148, 0xC148, 0xC148,
    0xC148, 0xC148, 0xC148, 0xC148, 0xC148, 0xC148, 0xC148, 0xC128, 0xC128, 0xC128, 0xC128, 0xB928, 0xB928, 0xB928, 0xB928, 0xB928,
    0xB928, 0xB928, 0xB928, 0xB928, 0xB928, 0xB128, 0xB127, 0xA907, 0x98E6, 0x9127, 0xEEB7, 0xFF79, 0xFF39, 0xFF59, 0xFF59, 0xFF59,
    0xFF59, 0xFF59, 0xFF59, 0xFF59, 0xFF38, 0xFFBA, 0xDD94, 0x8085, 0x90E7, 0x98E7, 0xA0E7, 0xA107, 0xA0E7, 0xA0E7, 0xA0E7, 0xA0E7,
    0xA0E7, 0xA0E7, 0xA0E7, 0xA0E7, 0xA0E7, 0x98E7, 0x98E7, 0x98E7, 0x98E7, 0x98E7, 0x98E7, 0x98C7, 0x98C7, 0x98C7, 0x90C7, 0x90C6,
    0x90C6, 0x90C6, 0x90C6, 0x90C6, 0x90C6, 0x90C6, 0x88C6, 0x88C6, 0x88A6, 0x88A6, 0x88A6, 0x88A6, 0x88A6, 0x88A6, 0x80A6, 0x80A6,
    0x80A6, 0x80A6, 0x80A6, 0x80A6, 0x80A6, 0x80A6, 0x7886, 0x7886, 0x7886, 0x7886, 0x7886, 0x7886, 0x7886, 0x7886, 0x7886, 0x7886,
    0x7886, 0x7886, 0x7886, 0x7886, 0x7886, 0x7886, 0x7886, 0x7886, 0x7886, 0x7886, 0x7886, 0x7886, 0x7886, 0x7886, 0x7886, 0x7886,
    0x7886, 0x7886, 0x7886, 0x7886, 0xC949, 0xC949, 0xC949, 0xC949, 0xC949, 0xC949, 0xC949, 0xC949, 0xC949, 0xC949, 0xC949, 0xC949,
    0xC969, 0xC969, 0xC969, 0xC969, 0xC969, 0xC969, 0xC969, 0xC949, 0xC949, 0xC949, 0xC949, 0xC949, 0xC949, 0xC949, 0xC949, 0xC949,
    0xC949, 0xC949, 0xC949, 0xC949, 0xC949, 0xC949, 0xC949, 0xC949, 0xC949, 0xC949, 0xC949, 0xC949, 0xC949, 0xC949, 0xC949, 0xC949,
    0xC949, 0xC948, 0xC948, 0xC948, 0xC948, 0xC948, 0xC148, 0xC148, 0xC148, 0xC148, 0xC148, 0xC148, 0xC148, 0xC148, 0xC148, 0xC148,
    0xC148, 0xC128, 0xC128, 0xC128, 0xC128, 0xB928, 0xB928, 0xB928, 0xB928, 0xB928, 0xB928, 0xB928, 0xB928, 0xB928, 0xB928, 0xB928,
    0xB928, 0xB128, 0xB108, 0xA907, 0x98E6, 0x9127, 0xEEB7, 0xFF79, 0xFF39, 0xFF59, 0xFF59, 0xFF59, 0xFF59, 0xFF59, 0xFF59, 0xFF59,
    0xFF38, 0xFFBA, 0xDD94, 0x8085, 0x90E6, 0x98E7, 0xA0E7, 0xA0E7, 0xA0E7, 0xA0E7, 0xA0E7, 0xA0E7, 0xA0E7, 0xA0E7, 0xA0E7, 0xA0E7,
    0x98E7, 0x98E7, 0x98E7, 0x98E7, 0x98E7, 0x98C7, 0x98C7, 0x98C7, 0x98C7, 0x90C7, 0x90C6, 0x90C6, 0x90C6, 0x90C6, 0x90C6, 0x90C6,
    0x90C6, 0x88C6, 0x88C6, 0x88C6, 0x88A6, 0x88A6, 0x88A6, 0x88A6, 0x88A6, 0x80A6, 0x80A6, 0x80A6, 0x80A6, 0x80A6, 0x80A6, 0x80A6,
    0x80A6, 0x8086, 0x7886, 0x7886, 0x7886, 0x7886, 0x7886, 0x7886, 0x7886, 0x7886, 0x7886, 0x7886, 0x7886, 0x7886, 0x7886, 0x7886,
    0x7886, 0x7886, 0x7886, 0x7886, 0x7886, 0x7886, 0x7886, 0x7886, 0x7886, 0x7886, 0x7886, 0x7886, 0x7886, 0x7886, 0x7886, 0x7886,
    0xC949, 0xC949, 0xC949, 0xC949, 0xC949, 0xC949, 0xC949, 0xC949, 0xC949, 0xC949, 0xC949, 0xC949, 0xC949, 0xC949, 0xC949, 0xC949,
    0xC949, 0xC949, 0xC949, 0xC949, 0xC949, 0xC949, 0xC949, 0xC949, 0xC949, 0xC949, 0xC949, 0xC949, 0xC949, 0xC949, 0xC949, 0xC949,
    0xC949, 0xC949, 0xC949, 0xC949, 0xC949, 0xC949, 0xC949, 0xC949, 0xC949, 0xC949, 0xC949, 0xC948, 0xC948, 0xC948, 0xC148, 0xC948,
    0xC148, 0xC148, 0xC148, 0xC148, 0xC148, 0xC148, 0xC148, 0xC148, 0xC148, 0xC148, 0xC148, 0xC148, 0xC128, 0xC128, 0xC128, 0xB928,
    0xB928, 0xB928, 0xB928, 0xB928, 0xB928, 0xB928, 0xB928, 0xB928, 0xB928, 0xB928, 0xB928, 0xB928, 0xB128, 0xB128, 0xB107, 0xA907,
    0x98E6, 0x9127, 0xEEB7, 0xFF79, 0xFF39, 0xFF59, 0xFF59, 0xFF59, 0xFF59, 0xFF59, 0xFF59, 0xFF59, 0xFF38, 0xFFBA, 0xDD94, 0x8085,
    0x90E6, 0x98E7, 0xA0E7, 0xA0E7, 0xA0E7, 0xA0E7, 0xA0E7, 0xA0E7, 0xA0E7, 0xA0E7, 0xA0E7, 0x98E7, 0x98E7, 0x98E7, 0x98E7, 0x98E7,
    0x98E7, 0x98C7, 0x98C7, 0x98C7, 0x90C7, 0x90C7, 0x90C6, 0x90C6, 0x90C6, 0x90C6, 0x90C6, 0x90C6, 0x90C6, 0x88C6, 0x88C6, 0x88A6,
    0x88A6, 0x88A6, 0x88A6, 0x88A6, 0x88A6, 0x80A6, 0x80A6, 0x80A6, 0x80A6, 0x80A6, 0x80A6, 0x80A6, 0x8086, 0x7886, 0x7886, 0x7886,
    0x7886, 0x7886, 0x7886, 0x7886, 0x7886, 0x7886, 0x7886, 0x7886, 0x7886, 0x7886, 0x7886, 0x7886, 0x7886, 0x7886, 0x7886, 0x7886,
    0x7886, 0x7886, 0x7886, 0x7886, 0x7886, 0x7886, 0x7886, 0x7886, 0x7886, 0x7886, 0x7886, 0x7886, 0xC949, 0xC949, 0xC949, 0xC949,
    0xC949, 0xC949, 0xC949, 0xC949, 0xC949, 0xC949, 0xC949, 0xC949, 0xC949, 0xC949, 0xC949, 0xC949, 0xC949, 0xC949, 0xC949, 0xC949,
    0xC949, 0xC949, 0xC949, 0xC949, 0xC949, 0xC949, 0xC949, 0xC949, 0xC949, 0xC949, 0xC949, 0xC949, 0xC949, 0xC949, 0xC949, 0xC949,
    0xC949, 0xC949, 0xC949, 0xC948, 0xC948, 0xC948, 0xC948, 0xC948, 0xC148, 0xC148, 0xC148, 0xC148, 0xC148, 0xC148, 0xC148, 0xC148,
    0xC148, 0xC148, 0xC148, 0xC148, 0xC148, 0xC128, 0xC128, 0xC128, 0xC128, 0xC128, 0xB928, 0xB928, 0xB928, 0xB928, 0xB928, 0xB928,
    0xB928, 0xB928, 0xB928, 0xB928, 0xB928, 0xB928, 0xB928, 0xB128, 0xB128, 0xB128, 0xA907, 0xA907, 0x98C6, 0x9127, 0xEEB7, 0xFF79,
    0xFF39, 0xFF59, 0xFF59, 0xFF59, 0xFF59, 0xFF59, 0xFF59, 0xFF59, 0xFF38, 0xFFBA, 0xDD94, 0x8085, 0x90E6, 0x98E7, 0xA0E7, 0xA0E7,
    0xA0E7, 0xA0E7, 0xA0E7, 0xA0E7, 0xA0E7, 0xA0E7, 0x98E7, 0x98E7, 0x98E7, 0x98E7, 0x98E7, 0x98E7, 0x98C7, 0x98C7, 0x98C7, 0x90C7,
    0x90C7, 0x90C6, 0x90C6, 0x90C6, 0x90C6, 0x90C6, 0x90C6, 0x90C6, 0x88C6, 0x88C6, 0x88A6, 0x88A6, 0x88A6, 0x88A6, 0x88A6, 0x88A6,
    0x80A6, 0x80A6, 0x80A6, 0x80A6, 0x80A6, 0x80A6, 0x80A6, 0x80A6, 0x7886, 0x7886, 0x7886, 0x7886, 0x7886, 0x7886, 0x7886, 0x7886,
    0x7886, 0x7886, 0x7886, 0x7886, 0x7886, 0x7886, 0x7886, 0x7886, 0x7886, 0x7886, 0x7886, 0x7886, 0x7886, 0x7886, 0x7886, 0x7886,
    0x7886, 0x7886, 0x7886, 0x7886, 0x7886, 0x7886, 0x7886, 0x7886, 0xC949, 0xC949, 0xC949, 0xC949, 0xC949, 0xC949, 0xC949, 0xC949,
    0xC949, 0xC949, 0xC949, 0xC949, 0xC949, 0xC949, 0xC949, 0xC949, 0xC949, 0xC949, 0xC949, 0xC949, 0xC949, 0xC949, 0xC949, 0xC949,
    0xC949, 0xC949, 0xC949, 0xC949, 0xC949, 0xC949, 0xC949, 0xC949, 0xC949, 0xC948, 0xC948, 0xC948, 0xC948, 0xC948, 0xC948, 0xC948,
    0xC148, 0xC148, 0xC148, 0xC148, 0xC148, 0xC148, 0xC148, 0xC148, 0xC148, 0xC148, 0xC148, 0xC148, 0xC148, 0xC148, 0xC128, 0xC128,
    0xC128, 0xC128, 0xC128, 0xB928, 0xB928, 0xB928, 0xB928, 0xB928, 0xB928, 0xB928, 0xB928, 0xB928, 0xB928, 0xB928, 0xB928, 0xB928,
    0xB928, 0xB128, 0xB128, 0xB128, 0xB128, 0xB108, 0xA907, 0xA107, 0x98C6, 0x9127, 0xEEB7, 0xFF79, 0xFF39, 0xFF59, 0xFF59, 0xFF59,
    0xFF59, 0xFF59, 0xFF59, 0xFF59, 0xFF38, 0xFFBA, 0xDD94, 0x8065, 0x90E6, 0x98E7, 0xA0E7, 0xA0E7, 0xA0E7, 0xA0E7, 0xA0E7, 0xA0E7,
    0xA0E7, 0x98E7, 0x98E7, 0x98E7, 0x98E7, 0x98E7, 0x98C7, 0x98C7, 0x98C7, 0x98C7, 0x90C7, 0x90C6, 0x90C6, 0x90C6, 0x90C6, 0x90C6,
    0x90C6, 0x90C6, 0x88C6, 0x88C6, 0x88C6, 0x88A6, 0x88A6, 0x88A6, 0x88A6, 0x88A6, 0x88A6, 0x80A6, 0x80A6, 0x80A6, 0x80A6, 0x80A6,
    0x80A6, 0x80A6, 0x8086, 0x7886, 0x7886, 0x7886, 0x7886, 0x7886, 0x7886, 0x7886, 0x7886, 0x7886, 0x7886, 0x7886, 0x7886, 0x7886,
    0x7886, 0x7886, 0x7886, 0x7886, 0x7886, 0x7886, 0x7886, 0x7886, 0x7886, 0x7886, 0x7886, 0x7886, 0x7886, 0x7886, 0x7886, 0x7886,
    0x7886, 0x7886, 0x7886, 0x7886, 0xC948, 0xC948, 0xC949, 0xC949, 0xC949, 0xC949, 0xC949, 0xC949, 0xC949, 0xC949, 0xC949, 0xC949,
    0xC949, 0xC949, 0xC949, 0xC949, 0xC949, 0xC949, 0xC949, 0xC949, 0xC949, 0xC949, 0xC949, 0xC949, 0xC949, 0xC949, 0xC949, 0xC949,
    0xC949, 0xC949, 0xC948, 0xC948, 0xC948, 0xC948, 0xC948, 0xC948, 0xC948, 0xC148, 0xC148, 0xC148, 0xC148, 0xC148, 0xC148, 0xC148,
    0xC148, 0xC148, 0xC148, 0xC148, 0xC148, 0xC148, 0xC148, 0xC148, 0xC148, 0xC128, 0xC128, 0xC128, 0xC128, 0xB928, 0xB928, 0xB928,
    0xB928, 0xB928, 0xB928, 0xB928, 0xB928, 0xB928, 0xB928, 0xB928, 0xB928, 0xB928, 0xB928, 0xB928, 0xB128, 0xB128, 0xB128, 0xB128,
    0xB108, 0xB108, 0xA907, 0xA107, 0x98C6, 0x9107, 0xEEB7, 0xFF79, 0xFF39, 0xFF59, 0xFF59, 0xFF59, 0xFF59, 0xFF59, 0xFF59, 0xFF59,
    0xFF38, 0xFFBA, 0xDD94, 0x8065, 0x90E6, 0x98E7, 0x98E7, 0xA0E7, 0xA0E7, 0xA0E7, 0xA0E7, 0xA0E7, 0x98E7, 0x98E7, 0x98E7, 0x98E7,
    0x98E7, 0x98E7, 0x98C7, 0x98C7, 0x98C7, 0x90C7, 0x90C7, 0x90C6, 0x90C6, 0x90C6, 0x90C6, 0x90C6, 0x90C6, 0x90C6, 0x88C6, 0x88C6,
    0x88C6, 0x88A6, 0x88A6, 0x88A6, 0x88A6, 0x88A6, 0x80A6, 0x80A6, 0x80A6, 0x80A6, 0x80A6, 0x80A6, 0x80A6, 0x80A6, 0x7886, 0x7886,
    0x7886, 0x7886, 0x7886, 0x7886, 0x7886, 0x7886, 0x7886, 0x7886, 0x7886, 0x7886, 0x7886, 0x7886, 0x7886, 0x7886, 0x7886, 0x7886,
    0x7886, 0x7886, 0x7886, 0x7886, 0x7886, 0x7886, 0x7886, 0x7886, 0x7886, 0x7886, 0x7886, 0x7886, 0x7886, 0x7886, 0x7886, 0x7886,
    0xC148, 0xC948, 0xC948, 0xC948, 0xC948, 0xC948, 0xC948, 0xC948, 0xC948, 0xC948, 0xC948, 0xC948, 0xC948, 0xC948, 0xC948, 0xC948,
    0xC948, 0xC948, 0xC948, 0xC948, 0xC948, 0xC948, 0xC948, 0xC948, 0xC948, 0xC948, 0xC948, 0xC948, 0xC948, 0xC948, 0xC148, 0xC148,
    0xC148, 0xC148, 0xC148, 0xC148, 0xC148, 0xC148, 0xC148, 0xC148, 0xC148, 0xC148, 0xC148, 0xC148, 0xC148, 0xC148, 0xC148, 0xC148,
    0xC148, 0xC128, 0xC128, 0xC128, 0xC128, 0xC128, 0xC128, 0xB928, 0xB928, 0xB928, 0xB928, 0xB928, 0xB928, 0xB928, 0xB928, 0xB928,
    0xB928, 0xB928, 0xB928, 0xB928, 0xB928, 0xB928, 0xB128, 0xB128, 0xB128, 0xB128, 0xB108, 0xB108, 0xB108, 0xB107, 0xA907, 0xA107,
    0x90C6, 0x9107, 0xEEB7, 0xFF79, 0xFF39, 0xFF59, 0xFF59, 0xFF59, 0xFF59, 0xFF59, 0xFF59, 0xFF59, 0xFF38, 0xFFBA, 0xDD94, 0x8065,
    0x90E6, 0x98E7, 0x98E7, 0xA0E7, 0xA0E7, 0xA0E7, 0x98E7, 0x98E7, 0x98E7, 0x98E7, 0x98E7, 0x98E7, 0x98C7, 0x98C7, 0x98C7, 0x98C7,
    0x90C7, 0x90C6, 0x90C6, 0x90C6, 0x90C6, 0x90C6, 0x90C6, 0x90C6, 0x88C6, 0x88C6, 0x88C6, 0x88A6, 0x88A6, 0x88A6, 0x88A6, 0x88A6,
    0x88A6, 0x80A6, 0x80A6, 0x80A6, 0x80A6, 0x80A6, 0x80A6, 0x80A6, 0x80A6, 0x7886, 0x7886, 0x7886, 0x7886, 0x7886, 0x7886, 0x7886,
    0x7886, 0x7886, 0x7886, 0x7886, 0x7886, 0x7886, 0x7886, 0x7886, 0x7886, 0x7886, 0x7886, 0x7886, 0x7886, 0x7886, 0x7886, 0x7886,
    0x7886, 0x7886, 0x7886, 0x7886, 0x7886, 0x7886, 0x7886, 0x7886, 0x7886, 0x7886, 0x7886, 0x7886, 0xC148, 0xC148, 0xC148, 0xC148,
    0xC148, 0xC148, 0xC148, 0xC948, 0xC948, 0xC948, 0xC948, 0xC948, 0xC148, 0xC148, 0xC148, 0xC148, 0xC148, 0xC148, 0xC148, 0xC148,
    0xC948, 0xC948, 0xC948, 0xC948, 0xC948, 0xC148, 0xC148, 0xC148, 0xC148, 0xC148, 0xC148, 0xC148, 0xC148, 0xC148, 0xC148, 0xC148,
    0xC148, 0xC148, 0xC148, 0xC148, 0xC148, 0xC148, 0xC148, 0xC148, 0xC148, 0xC148, 0xC148, 0xC128, 0xC128, 0xC128, 0xC128, 0xB928,
    0xC128, 0xB928, 0xB928, 0xB928, 0xB928, 0xB928, 0xB928, 0xB928, 0xB928, 0xB928, 0xB928, 0xB928, 0xB928, 0xB928, 0xB928, 0xB928,
    0xB928, 0xB128, 0xB128, 0xB128, 0xB128, 0xB108, 0xB108, 0xB108, 0xB108, 0xA907, 0xA907, 0xA107, 0x90C6, 0x9107, 0xEEB7, 0xFF79,
    0xFF39, 0xFF59, 0xFF59, 0xFF59, 0xFF59, 0xFF59, 0xFF59, 0xFF59, 0xFF38, 0xFFBA, 0xDD94, 0x7865, 0x90E6, 0x98E7, 0x98E7, 0xA0E7,
    0xA0E7, 0xA0E7, 0x98E7, 0x98E7, 0x98E7, 0x98E7, 0x98E7, 0x98E7, 0x98C7, 0x98C7, 0x98C7, 0x90C7, 0x90C7, 0x90C6, 0x90C6, 0x90C6,
    0x90C6, 0x90C6, 0x90C6, 0x90C6, 0x88C6, 0x88C6, 0x88C6, 0x88A6, 0x88A6, 0x88A6, 0x88A6, 0x88A6, 0x88A6, 0x80A6, 0x80A6, 0x80A6,
    0x80A6, 0x80A6, 0x80A6, 0x80A6, 0x80A6, 0x7886, 0x7886, 0x7886, 0x7886, 0x7886, 0x7886, 0x7886, 0x7886, 0x7886, 0x7886, 0x7886,
    0x7886, 0x7886, 0x7886, 0x7886, 0x7886, 0x7886, 0x7886, 0x7886, 0x7886, 0x7886, 0x7886, 0x7886, 0x7886, 0x7886, 0x7886, 0x7886,
    0x7886, 0x7886, 0x7886, 0x7886, 0x7886, 0x7886, 0x7886, 0x7886, 0xC148, 0xC148, 0xC148, 0xC148, 0xC148, 0xC148, 0xC148, 0xC148,
    0xC148, 0xC148, 0xC148, 0xC148, 0xC148, 0xC148, 0xC148, 0xC148, 0xC148, 0xC148, 0xC148, 0xC148, 0xC148, 0xC148, 0xC148, 0xC148,
    0xC148, 0xC148, 0xC148, 0xC148, 0xC148, 0xC148, 0xC148, 0xC148, 0xC148, 0xC148, 0xC148, 0xC148, 0xC148, 0xC148, 0xC148, 0xC148,
    0xC148, 0xC148, 0xC148, 0xC148, 0xC128, 0xC128, 0xC128, 0xC128, 0xC128, 0xC128, 0xB928, 0xB928, 0xB928, 0xB928, 0xB928, 0xB928,
    0xB928, 0xB928, 0xB928, 0xB928, 0xB928, 0xB928, 0xB928, 0xB928, 0xB928, 0xB928, 0xB128, 0xB128, 0xB128, 0xB128, 0xB128, 0xB108,
    0xB108, 0xB108, 0xB108, 0xB108, 0xB108, 0xA907, 0xA907, 0xA107, 0x90C6, 0x8907, 0xEEB7, 0xFF79, 0xFF39, 0xFF59, 0xFF59, 0xFF59,
    0xFF59, 0xFF59, 0xFF59, 0xFF59, 0xFF38, 0xFFBA, 0xDD94, 0x7865, 0x90E6, 0x98E6, 0x98E7, 0x98E7, 0x98E7, 0x98E7, 0x98E7, 0x98E7,
    0x98E7, 0x98E7, 0x98E7, 0x98C7, 0x98C7, 0x98C7, 0x90C7, 0x90C7, 0x90C6, 0x90C6, 0x90C6, 0x90C6, 0x90C6, 0x90C6, 0x90C6, 0x88C6,
    0x88C6, 0x88C6, 0x88A6, 0x88A6, 0x88A6, 0x88A6, 0x88A6, 0x88A6, 0x80A6, 0x80A6, 0x80A6, 0x80A6, 0x80A6, 0x80A6, 0x80A6, 0x80A6,
    0x7886, 0x7886, 0x7886, 0x7886, 0x7886, 0x7886, 0x7886, 0x7886, 0x7886, 0x7886, 0x7886, 0x7886, 0x7886, 0x7886, 0x7886, 0x7886,
    0x7886, 0x7886, 0x7886, 0x7886, 0x7886, 0x7886, 0x7886, 0x7886, 0x7886, 0x7886, 0x7886, 0x7886, 0x7886, 0x7886, 0x7886, 0x7886,
    0x7886, 0x7886, 0x7886, 0x7886, 0xC148, 0xC148, 0xC148, 0xC148, 0xC148, 0xC148, 0xC148, 0xC148, 0xC148, 0xC148, 0xC148, 0xC148,
    0xC148, 0xC148, 0xC148, 0xC148, 0xC148, 0xC148, 0xC148, 0xC148, 0xC148, 0xC148, 0xC148, 0xC148, 0xC148, 0xC148, 0xC148, 0xC148,
    0xC148, 0xC148, 0xC148, 0xC148, 0xC148, 0xC148, 0xC148, 0xC148, 0xC148, 0xC148, 0xC128, 0xC128, 0xC128, 0xC128, 0xC128, 0xC128,
    0xC128, 0xB928, 0xB928, 0xB928, 0xB928, 0xB928, 0xB928, 0xB928, 0xB928, 0xB928, 0xB928, 0xB928, 0xB928, 0xB928, 0xB928, 0xB928,
    0xB928, 0xB928, 0xB928, 0xB128, 0xB128, 0xB128, 0xB128, 0xB128, 0xB108, 0xB108, 0xB108, 0xB108, 0xB108, 0xB108, 0xB108, 0xB108,
    0xA908, 0xA907, 0xA907, 0xA107, 0x90C6, 0x8907, 0xEEB7, 0xFF79, 0xFF39, 0xFF59, 0xFF59, 0xFF59, 0xFF59, 0xFF59, 0xFF59, 0xFF59,
    0xFF38, 0xFFBA, 0xDD94, 0x7865, 0x88E6, 0x90C6, 0x98E7, 0x98E7, 0x98E7, 0x98E7, 0x98E7, 0x98E7, 0x98E7, 0x98C7, 0x98C7, 0x98C7,
    0x90C7, 0x90C7, 0x90C6, 0x90C6, 0x90C6, 0x90C6, 0x90C6, 0x90C6, 0x90C6, 0x90C6, 0x88C6, 0x88C6, 0x88A6, 0x88A6, 0x88A6, 0x88A6,
    0x88A6, 0x88A6, 0x88A6, 0x80A6, 0x80A6, 0x80A6, 0x80A6, 0x80A6, 0x80A6, 0x80A6, 0x80A6, 0x7886, 0x7886, 0x7886, 0x7886, 0x7886,
    0x7886, 0x7886, 0x7886, 0x7886, 0x7886, 0x7886, 0x7886, 0x7886, 0x7886, 0x7886, 0x7886, 0x7886, 0x7886, 0x7886, 0x7886, 0x7886,
    0x7886, 0x7886, 0x7886, 0x7886, 0x7886, 0x7886, 0x7886, 0x7886, 0x7886, 0x7886, 0x7886, 0x7886, 0x7886, 0x7886, 0x7886, 0x7886,
    0xC148, 0xC148, 0xC148, 0xC148, 0xC148, 0xC148, 0xC148, 0xC148, 0xC148, 0xC148, 0xC148, 0xC148, 0xC148, 0xC148, 0xC148, 0xC148,
    0xC148, 0xC148, 0xC148, 0xC148, 0xC148, 0xC148, 0xC148, 0xC148, 0xC148, 0xC148, 0xC148, 0xC148, 0xC148, 0xC148, 0xC148, 0xC148,
    0xC148, 0xC148, 0xC148, 0xC128, 0xC128, 0xC128, 0xC128, 0xC128, 0xC128, 0xC128, 0xC128, 0xB928, 0xB928, 0xB928, 0xB928, 0xB928,
    0xB928, 0xB928, 0xB928, 0xB928, 0xB928, 0xB928, 0xB928, 0xB928, 0xB928, 0xB928, 0xB928, 0xB928, 0xB928, 0xB928, 0xB128, 0xB128,
    0xB128, 0xB128, 0xB128, 0xB108, 0xB108, 0xB108, 0xB108, 0xB108, 0xB108, 0xB108, 0xB108, 0xB107, 0xA907, 0xA907, 0xA907, 0xA107,
    0x90C6, 0x8907, 0xEEB7, 0xFF79, 0xFF39, 0xFF59, 0xFF59, 0xFF59, 0xFF59, 0xFF59, 0xFF59, 0xFF59, 0xFF38, 0xFFBA, 0xDD94, 0x7865,
    0x88C6, 0x90C6, 0x98E7, 0x98E7, 0x98E7, 0x98E7, 0x98E7, 0x98E7, 0x98E7, 0x98C7, 0x98C7, 0x98C7, 0x90C7, 0x90C7, 0x90C6, 0x90C6,
    0x90C6, 0x90C6, 0x90C6, 0x90C6, 0x90C6, 0x88C6, 0x88C6, 0x88C6, 0x88A6, 0x88A6, 0x88A6, 0x88A6, 0x88A6, 0x88A6, 0x80A6, 0x80A6,
    0x80A6, 0x80A6, 0x80A6, 0x80A6, 0x80A6, 0x80A6, 0x8086, 0x7886, 0x7886, 0x7886, 0x7886, 0x7886, 0x7886, 0x7886, 0x7886, 0x7886,
    0x7886, 0x7886, 0x7886, 0x7886, 0x7886, 0x7886, 0x7886, 0x7886, 0x7886, 0x7886, 0x7886, 0x7886, 0x7886, 0x7886, 0x7886, 0x7886,
    0x7886, 0x7886, 0x7886, 0x7886, 0x7886, 0x7886, 0x7886, 0x7886, 0x7886, 0x7886, 0x7886, 0x7886, 0xC128, 0xC128, 0xC128, 0xC128,
    0xC148, 0xC148, 0xC148, 0xC148, 0xC148, 0xC148, 0xC148, 0xC148, 0xC148, 0xC148, 0xC148, 0xC148, 0xC148, 0xC148, 0xC148, 0xC148,
    0xC148, 0xC148, 0xC148, 0xC148, 0xC148, 0xC148, 0xC148, 0xC128, 0xC128, 0xC128, 0xC128, 0xC128, 0xC128, 0xC128, 0xC128, 0xC128,
    0xC128, 0xC128, 0xB928, 0xB928, 0xB928, 0xB928, 0xB928, 0xB928, 0xB928, 0xB928, 0xB928, 0xB928, 0xB928, 0xB928, 0xB928, 0xB928,
    0xB928, 0xB928, 0xB928, 0xB928, 0xB928, 0xB928, 0xB928, 0xB128, 0xB128, 0xB128, 0xB128, 0xB128, 0xB128, 0xB108, 0xB108, 0xB108,
    0xB108, 0xB108, 0xB108, 0xB108, 0xB108, 0xA907, 0xA907, 0xA907, 0xA907, 0xA907, 0xA107, 0xA107, 0x90C6, 0x8907, 0xEEB7, 0xFF79,
    0xFF39, 0xFF59, 0xFF59, 0xFF59, 0xFF59, 0xFF59, 0xFF59, 0xFF59, 0xFF38, 0xFFBA, 0xDD94, 0x7865, 0x88C6, 0x90C6, 0x98E7, 0x98E7,
    0x98E7, 0x98E7, 0x98E7, 0x98C7, 0x98C7, 0x98C7, 0x98C7, 0x90C7, 0x90C6, 0x90C6, 0x90C6, 0x90C6, 0x90C6, 0x90C6, 0x90C6, 0x90C6,
    0x88C6, 0x88C6, 0x88A6, 0x88A6, 0x88A6, 0x88A6, 0x88A6, 0x88A6, 0x88A6, 0x80A6, 0x80A6, 0x80A6, 0x80A6, 0x80A6, 0x80A6, 0x80A6,
    0x80A6, 0x7886, 0x7886, 0x7886, 0x7886, 0x7886, 0x7886, 0x7886, 0x7886, 0x7886, 0x7886, 0x7886, 0x7886, 0x7886, 0x7886, 0x7886,
    0x7886, 0x7886, 0x7886, 0x7886, 0x7886, 0x7886, 0x7886, 0x7886, 0x7886, 0x7886, 0x7886, 0x7886, 0x7886, 0x7886, 0x7886, 0x7886,
    0x7886, 0x7886, 0x7886, 0x7886, 0x7886, 0x7886, 0x7886, 0x7886, 0xC128, 0xC128, 0xC128, 0xC128, 0xC128, 0xC128, 0xC128, 0xC128,
    0xC128, 0xC128, 0xC128, 0xC128, 0xC128, 0xC128, 0xC128, 0xC128, 0xC128, 0xC128, 0xC128, 0xC128, 0xC128, 0xC128, 0xC128, 0xC128,
    0xC128, 0xC128, 0xC128, 0xC128, 0xC128, 0xC128, 0xC128, 0xC128, 0xB928, 0xC128, 0xC128, 0xB928, 0xB928, 0xB928, 0xB928, 0xB928,
    0xB928, 0xB928, 0xB928, 0xB928, 0xB928, 0xB928, 0xB928, 0xB928, 0xB928, 0xB928, 0xB928, 0xB928, 0xB928, 0xB928, 0xB928, 0xB928,
    0xB128, 0xB928, 0xB128, 0xB128, 0xB128, 0xB128, 0xB128, 0xB108, 0xB108, 0xB108, 0xB108, 0xB108, 0xB108, 0xB108, 0xB108, 0xB108,
    0xA907, 0xA907, 0xA907, 0xA907, 0xA907, 0xA907, 0xA107, 0x9907, 0x90C6, 0x8907, 0xEEB7, 0xFF79, 0xFF39, 0xFF59, 0xFF59, 0xFF59,
    0xFF59, 0xFF59, 0xFF59, 0xFF59, 0xFF38, 0xFFBA, 0xDD94, 0x7865, 0x88C6, 0x90C6, 0x98E7, 0x98E7, 0x98E7, 0x98E7, 0x98C7, 0x98C7,
    0x98C7, 0x90C7, 0x90C7, 0x90C6, 0x90C6, 0x90C6, 0x90C6, 0x90C6, 0x90C6, 0x90C6, 0x90C6, 0x88C6, 0x88C6, 0x88C6, 0x88A6, 0x88A6,
    0x88A6, 0x88A6, 0x88A6, 0x88A6, 0x80A6, 0x80A6, 0x80A6, 0x80A6, 0x80A6, 0x80A6, 0x80A6, 0x80A6, 0x8086, 0x7886, 0x7886, 0x7886,
    0x7886, 0x7886, 0x7886, 0x7886, 0x7886, 0x7886, 0x7886, 0x7886, 0x7886, 0x7886, 0x7886, 0x7886, 0x7886, 0x7886, 0x7886, 0x7886,
    0x7886, 0x7886, 0x7886, 0x7886, 0x7886, 0x7886, 0x7886, 0x7886, 0x7886, 0x7886, 0x7886, 0x7886, 0x7886, 0x7886, 0x7886, 0x7886,
    0x7886, 0x7886, 0x7886, 0x7886, 0xB928, 0xB928, 0xB928, 0xB928, 0xB928, 0xC128, 0xC128, 0xC128, 0xC128, 0xC128, 0xC128, 0xC128,
    0xC128, 0xC128, 0xC128, 0xC128, 0xC128, 0xC128, 0xC128, 0xC128, 0xC128, 0xC128, 0xC128, 0xC128, 0xC128, 0xC128, 0xC128, 0xB928,
    0xB928, 0xB928, 0xB928, 0xB928, 0xB928, 0xB928, 0xB928, 0xB928, 0xB928, 0xB928, 0xB928, 0xB928, 0xB928, 0xB928, 0xB928, 0xB928,
    0xB928, 0xB928, 0xB928, 0xB928, 0xB928, 0xB928, 0xB928, 0xB928, 0xB928, 0xB928, 0xB928, 0xB128, 0xB128, 0xB128, 0xB128, 0xB128,
    0xB128, 0xB108, 0xB108, 0xB108, 0xB108, 0xB108, 0xB108, 0xB108, 0xB108, 0xB108, 0xA907, 0xA907, 0xA907, 0xA907, 0xA907, 0xA907,
    0xA907, 0xA907, 0xA0E7, 0x98E7, 0x90C6, 0x8906, 0xEEB7, 0xFF79, 0xFF39, 0xFF59, 0xFF59, 0xFF59, 0xFF59, 0xFF59, 0xFF59, 0xFF59,
    0xFF38, 0xFFBA, 0xDD94, 0x7865, 0x88C6, 0x90C6, 0x98C7, 0x98E7, 0x98E7, 0x98C7, 0x98C7, 0x98C7, 0x90C7, 0x90C7, 0x90C6, 0x90C6,
    0x90C6, 0x90C6, 0x90C6, 0x90C6, 0x90C6, 0x90C6, 0x88C6, 0x88C6, 0x88C6, 0x88A6, 0x88A6, 0x88A6, 0x88A6, 0x88A6, 0x88A6, 0x80A6,
    0x80A6, 0x80A6, 0x80A6, 0x80A6, 0x80A6, 0x80A6, 0x80A6, 0x80A6, 0x7886, 0x7886, 0x7886, 0x7886, 0x7886, 0x7886, 0x7886, 0x7886,
    0x7886, 0x7886, 0x7886, 0x7886, 0x7886, 0x7886, 0x7886, 0x7886, 0x7886, 0x7886, 0x7886, 0x7886, 0x7886, 0x7886, 0x7886, 0x7886,
    0x7886, 0x7886, 0x7886, 0x7886, 0x7886, 0x7886, 0x7886, 0x7886, 0x7886, 0x7886, 0x7886, 0x7886, 0x7886, 0x7886, 0x7886, 0x7886,
    0xB928, 0xB928, 0xB928, 0xB928, 0xB928, 0xB928, 0xB928, 0xB928, 0xB928, 0xB928, 0xB928, 0xB928, 0xB928, 0xB928, 0xB928, 0xB928,
    0xB928, 0xB928, 0xB928, 0xB928, 0xB928, 0xB928, 0xB928, 0xB928, 0xB928, 0xB928, 0xB928, 0xB928, 0xB928, 0xB928, 0xB928, 0xB928,
    0xB928, 0xB928, 0xB928, 0xB928, 0xB928, 0xB928, 0xB928, 0xB928, 0xB928, 0xB928, 0xB928, 0xB928, 0xB928, 0xB928, 0xB928, 0xB928,
    0xB928, 0xB928, 0xB928, 0xB128, 0xB128, 0xB128, 0xB128, 0xB128, 0xB128, 0xB128, 0xB108, 0xB108, 0xB108, 0xB108, 0xB108, 0xB108,
    0xB108, 0xB108, 0xB108, 0xB107, 0xA907, 0xA907, 0xA907, 0xA907, 0xA907, 0xA907, 0xA907, 0xA907, 0xA907, 0xA907, 0xA0E7, 0x98E7,
    0x88C6, 0x8907, 0xEEB7, 0xFF79, 0xFF39, 0xFF59, 0xFF59, 0xFF59, 0xFF59, 0xFF59, 0xFF59, 0xFF59, 0xFF38, 0xFFBA, 0xDD94, 0x7865,
    0x88C6, 0x90C6, 0x90C7, 0x98C7, 0x98C7, 0x98C7, 0x98C7, 0x90C7, 0x90C7, 0x90C6, 0x90C6, 0x90C6, 0x90C6, 0x90C6, 0x90C6, 0x90C6,
    0x88C6, 0x88C6, 0x88C6, 0x88A6, 0x88A6, 0x88A6, 0x88A6, 0x88A6, 0x88A6, 0x88A6, 0x80A6, 0x80A6, 0x80A6, 0x80A6, 0x80A6, 0x80A6,
    0x80A6, 0x80A6, 0x7886, 0x7886, 0x7886, 0x7886, 0x7886, 0x7886, 0x7886, 0x7886, 0x7886, 0x7886, 0x7886, 0x7886, 0x7886, 0x7886,
    0x7886, 0x7886, 0x7886, 0x7886, 0x7886, 0x7886, 0x7886, 0x7886, 0x7886, 0x7886, 0x7886, 0x7886, 0x7886, 0x7886, 0x7886, 0x7886,
    0x7886, 0x7886, 0x7886, 0x7886, 0x7886, 0x7886, 0x7886, 0x7886, 0x7886, 0x7886, 0x7886, 0x7886, 0xB928, 0xB928, 0xB928, 0xB928,
    0xB928, 0xB928, 0xB928, 0xB928, 0xB928, 0xB928, 0xB928, 0xB928, 0xB928, 0xB928, 0xB928, 0xB928, 0xB928, 0xB928, 0xB928, 0xB928,
    0xB928, 0xB928, 0xB928, 0xB928, 0xB928, 0xB928, 0xB928, 0xB928, 0xB928, 0xB928, 0xB928, 0xB928, 0xB928, 0xB928, 0xB928, 0xB928,
    0xB928, 0xB928, 0xB928, 0xB928, 0xB928, 0xB928, 0xB928, 0xB928, 0xB928, 0xB928, 0xB928, 0xB928, 0xB928, 0xB128, 0xB128, 0xB128,
    0xB128, 0xB128, 0xB128, 0xB128, 0xB108, 0xB108, 0xB108, 0xB108, 0xB108, 0xB108, 0xB108, 0xB108, 0xB108, 0xB108, 0xB107, 0xA907,
    0xA907, 0xA907, 0xA907, 0xA907, 0xA907, 0xA907, 0xA907, 0xA907, 0xA907, 0xA107, 0xA0E7, 0x98E7, 0x88C6, 0x8907, 0xEEB7, 0xFF79,
    0xFF39, 0xFF59, 0xFF59, 0xFF59, 0xFF59, 0xFF59, 0xFF59, 0xFF59, 0xFF38, 0xFFBA, 0xDD94, 0x7865, 0x88C6, 0x90C6, 0x90C7, 0x98C7,
    0x98C7, 0x98C7, 0x90C7, 0x90C7, 0x90C6, 0x90C6, 0x90C6, 0x90C6, 0x90C6, 0x90C6, 0x90C6, 0x90C6, 0x88C6, 0x88C6, 0x88C6, 0x88A6,
    0x88A6, 0x88A6, 0x88A6, 0x88A6, 0x88A6, 0x80A6, 0x80A6, 0x80A6, 0x80A6, 0x80A6, 0x80A6, 0x80A6, 0x80A6, 0x80A6, 0x7886, 0x7886,
    0x7886, 0x7886, 0x7886, 0x7886, 0x7886, 0x7886, 0x7886, 0x7886, 0x7886, 0x7886, 0x7886, 0x7886, 0x7886, 0x7886, 0x7886, 0x7886,
    0x7886, 0x7886, 0x7886, 0x7886, 0x7886, 0x7886, 0x7886, 0x7886, 0x7886, 0x7886, 0x7886, 0x7886, 0x7886, 0x7886, 0x7886, 0x7886,
    0x7886, 0x7886, 0x7886, 0x7886, 0x7886, 0x7886, 0x7886, 0x7886, 0xB928, 0xB928, 0xB928, 0xB928, 0xB928, 0xB928, 0xB928, 0xB928,
    0xB928, 0xB928, 0xB928, 0xB928, 0xB928, 0xB928, 0xB928, 0xB928, 0xB928, 0xB928, 0xB928, 0xB928, 0xB928, 0xB928, 0xB928, 0xB928,
    0xB928, 0xB928, 0xB928, 0xB928, 0xB928, 0xB928, 0xB928, 0xB928, 0xB928, 0xB928, 0xB928, 0xB928, 0xB928, 0xB928, 0xB928, 0xB928,
    0xB928, 0xB928, 0xB928, 0xB928, 0xB928, 0xB128, 0xB128, 0xB128, 0xB128, 0xB128, 0xB128, 0xB128, 0xB128, 0xB108, 0xB108, 0xB108,
    0xB108, 0xB108, 0xB108, 0xB108, 0xB108, 0xB108, 0xB108, 0xA907, 0xA907, 0xA907, 0xA907, 0xA907, 0xA907, 0xA907, 0xA907, 0xA907,
    0xA907, 0xA907, 0xA907, 0xA907, 0xA907, 0xA107, 0xA0E7, 0x98E7, 0x88C6, 0x8906, 0xEEB7, 0xFF79, 0xFF39, 0xFF59, 0xFF59, 0xFF59,
    0xFF59, 0xFF59, 0xFF59, 0xFF59, 0xFF38, 0xFFBA, 0xDD94, 0x7865, 0x88C6, 0x90C6, 0x90C6, 0x90C7, 0x90C7, 0x90C7, 0x90C6, 0x90C6,
    0x90C6, 0x90C6, 0x90C6, 0x90C6, 0x90C6, 0x90C6, 0x88C6, 0x88C6, 0x88C6, 0x88A6, 0x88A6, 0x88A6, 0x88A6, 0x88A6, 0x88A6, 0x88A6,
    0x80A6, 0x80A6, 0x80A6, 0x80A6, 0x80A6, 0x80A6, 0x80A6, 0x80A6, 0x8086, 0x7886, 0x7886, 0x7886, 0x7886, 0x7886, 0x7886, 0x7886,
    0x7886, 0x7886, 0x7886, 0x7886, 0x7886, 0x7886, 0x7886, 0x7886, 0x7886, 0x7886, 0x7886, 0x7886, 0x7886, 0x7886, 0x7886, 0x7886,
    0x7886, 0x7886, 0x7886, 0x7886, 0x7886, 0x7886, 0x7886, 0x7886, 0x7886, 0x7886, 0x7886, 0x7886, 0x7886, 0x7886, 0x7886, 0x7886,
    0x7886, 0x7886, 0x7886, 0x7886, 0xB928, 0xB928, 0xB928, 0xB928, 0xB928, 0xB928, 0xB928, 0xB928, 0xB928, 0xB928, 0xB928, 0xB928,
    0xB928, 0xB928, 0xB928, 0xB928, 0xB928, 0xB928, 0xB928, 0xB928, 0xB928, 0xB928, 0xB928, 0xB928, 0xB928, 0xB928, 0xB928, 0xB928,
    0xB928, 0xB928, 0xB928, 0xB928, 0xB928, 0xB928, 0xB928, 0xB928, 0xB928, 0xB928, 0xB928, 0xB928, 0xB928, 0xB928, 0xB128, 0xB128,
    0xB128, 0xB128, 0xB128, 0xB128, 0xB128, 0xB128, 0xB108, 0xB108, 0xB108, 0xB108, 0xB108, 0xB108, 0xB108, 0xB108, 0xB108, 0xB108,
    0xB108, 0xB108, 0xA907, 0xA907, 0xA907, 0xA907, 0xA907, 0xA907, 0xA907, 0xA907, 0xA907, 0xA907, 0xA907, 0xA907, 0xA907, 0xA907,
    0xA107, 0xA0E7, 0xA0E7, 0x98E7, 0x88C6, 0x8906, 0xEEB7, 0xFF79, 0xFF39, 0xFF59, 0xFF59, 0xFF59, 0xFF59, 0xFF59, 0xFF59, 0xFF59,
    0xFF38, 0xFFBA, 0xDD94, 0x7065, 0x88C6, 0x90C6, 0x90C6, 0x90C7, 0x90C7, 0x90C7, 0x90C6, 0x90C6, 0x90C6, 0x90C6, 0x90C6, 0x90C6,
    0x90C6, 0x88C6, 0x88C6, 0x88C6, 0x88C6, 0x88A6, 0x88A6, 0x88A6, 0x88A6, 0x88A6, 0x88A6, 0x80A6, 0x80A6, 0x80A6, 0x80A6, 0x80A6,
    0x80A6, 0x80A6, 0x80A6, 0x80A6, 0x7886, 0x7886, 0x7886, 0x7886, 0x7886, 0x7886, 0x7886, 0x7886, 0x7886, 0x7886, 0x7886, 0x7886,
    0x7886, 0x7886, 0x7886, 0x7886, 0x7886, 0x7886, 0x7886, 0x7886, 0x7886, 0x7886, 0x7886, 0x7886, 0x7886, 0x7886, 0x7886, 0x7886,
    0x7886, 0x7886, 0x7886, 0x7886, 0x7886, 0x7886, 0x7886, 0x7886, 0x7886, 0x7886, 0x7886, 0x7886, 0x7886, 0x7886, 0x7886, 0x7886,
    0xB928, 0xB928, 0xB928, 0xB928, 0xB928, 0xB928, 0xB928, 0xB928, 0xB928, 0xB928, 0xB928, 0xB928, 0xB928, 0xB928, 0xB928, 0xB928,
    0xB928, 0xB928, 0xB928, 0xB928, 0xB928, 0xB928, 0xB928, 0xB928, 0xB928, 0xB928, 0xB928, 0xB928, 0xB928, 0xB928, 0xB928, 0xB928,
    0xB928, 0xB928, 0xB928, 0xB928, 0xB928, 0xB128, 0xB128, 0xB128, 0xB128, 0xB128, 0xB128, 0xB128, 0xB128, 0xB128, 0xB128, 0xB108,
    0xB108, 0xB108, 0xB108, 0xB108, 0xB108, 0xB108, 0xB108, 0xB108, 0xB108, 0xB108, 0xB108, 0xA907, 0xA907, 0xA907, 0xA907, 0xA907,
    0xA907, 0xA907, 0xA907, 0xA907, 0xA907, 0xA907, 0xA907, 0xA907, 0xA907, 0xA907, 0xA107, 0xA0E7, 0xA0E7, 0xA0E7, 0xA0E7, 0x98E7,
    0x88A6, 0x8106, 0xEEB7, 0xFF79, 0xFF39, 0xFF59, 0xFF59, 0xFF59, 0xFF59, 0xFF59, 0xFF59, 0xFF59, 0xFF38, 0xFFBA, 0xDD94, 0x7064,
    0x88C6, 0x88C6, 0x90C6, 0x90C7, 0x90C6, 0x90C6, 0x90C6, 0x90C6, 0x90C6, 0x90C6, 0x90C6, 0x90C6, 0x88C6, 0x88C6, 0x88C6, 0x88C6,
    0x88A6, 0x88A6, 0x88A6, 0x88A6, 0x88A6, 0x88A6, 0x80A6, 0x80A6, 0x80A6, 0x80A6, 0x80A6, 0x80A6, 0x80A6, 0x80A6, 0x80A6, 0x7886,
    0x7886, 0x7886, 0x7886, 0x7886, 0x7886, 0x7886, 0x7886, 0x7886, 0x7886, 0x7886, 0x7886, 0x7886, 0x7886, 0x7886, 0x7886, 0x7886,
    0x7886, 0x7886, 0x7886, 0x7886, 0x7886, 0x7886, 0x7886, 0x7886, 0x7886, 0x7886, 0x7886, 0x7886, 0x7886, 0x7886, 0x7886, 0x7886,
    0x7886, 0x7886, 0x7886, 0x7886, 0x7886, 0x7886, 0x7886, 0x7886, 0x7886, 0x7886, 0x7886, 0x7886, 0xB128, 0xB128, 0xB128, 0xB928,
    0xB928, 0xB928, 0xB928, 0xB928, 0xB928, 0xB928, 0xB928, 0xB928, 0xB928, 0xB928, 0xB928, 0xB928, 0xB928, 0xB928, 0xB928, 0xB928,
    0xB928, 0xB928, 0xB928, 0xB928, 0xB928, 0xB928, 0xB928, 0xB928, 0xB128, 0xB128, 0xB128, 0xB128, 0xB128, 0xB128, 0xB128, 0xB128,
    0xB128, 0xB128, 0xB128, 0xB128, 0xB128, 0xB128, 0xB108, 0xB108, 0xB108, 0xB108, 0xB108, 0xB108, 0xB108, 0xB108, 0xB108, 0xB108,
    0xB108, 0xB108, 0xB108, 0xB108, 0xA907, 0xA907, 0xA907, 0xA907, 0xA907, 0xA907, 0xA907, 0xA907, 0xA907, 0xA907, 0xA907, 0xA907,
    0xA907, 0xA907, 0xA907, 0xA907, 0xA0E7, 0xA0E7, 0xA0E7, 0xA0E7, 0xA0E7, 0xA0E7, 0x98E7, 0x98E7, 0x88A6, 0x8106, 0xEEB7, 0xFF79,
    0xFF39, 0xFF59, 0xFF59, 0xFF59, 0xFF59, 0xFF59, 0xFF59, 0xFF59, 0xFF38, 0xFFBA, 0xDD94, 0x7064, 0x80C6, 0x88C6, 0x90C6, 0x90C6,
    0x90C6, 0x90C6, 0x90C6, 0x90C6, 0x90C6, 0x90C6, 0x90C6, 0x88C6, 0x88C6, 0x88C6, 0x88A6, 0x88A6, 0x88A6, 0x88A6, 0x88A6, 0x88A6,
    0x88A6, 0x80A6, 0x80A6, 0x80A6, 0x80A6, 0x80A6, 0x80A6, 0x80A6, 0x80A6, 0x8086, 0x7886, 0x7886, 0x7886, 0x7886, 0x7886, 0x7886,
    0x7886, 0x7886, 0x7886, 0x7886, 0x7886, 0x7886, 0x7886, 0x7886, 0x7886, 0x7886, 0x7886, 0x7886, 0x7886, 0x7886, 0x7886, 0x7886,
    0x7886, 0x7886, 0x7886, 0x7886, 0x7886, 0x7886, 0x7886, 0x7886, 0x7886, 0x7886, 0x7886, 0x7886, 0x7886, 0x7886, 0x7886, 0x7886,
    0x7886, 0x7886, 0x7886, 0x7886, 0x7886, 0x7886, 0x7886, 0x7886, 0xB128, 0xB128, 0xB128, 0xB128, 0xB128, 0xB128, 0xB128, 0xB128,
    0xB128, 0xB128, 0xB128, 0xB928, 0xB928, 0xB928, 0xB928, 0xB928, 0xB928, 0xB928, 0xB928, 0xB928, 0xB128, 0xB128, 0xB128, 0xB128,
    0xB128, 0xB128, 0xB128, 0xB128, 0xB128, 0xB128, 0xB128, 0xB128, 0xB128, 0xB128, 0xB128, 0xB128, 0xB128, 0xB128, 0xB128, 0xB108,
    0xB108, 0xB108, 0xB108, 0xB108, 0xB108, 0xB108, 0xB108, 0xB108, 0xB108, 0xB108, 0xB108, 0xB108, 0xB108, 0xB108, 0xA907, 0xA907,
    0xA907, 0xA907, 0xA907, 0xA907, 0xA907, 0xA907, 0xA907, 0xA907, 0xA907, 0xA907, 0xA907, 0xA907, 0xA907, 0xA907, 0xA907, 0xA0E7,
    0xA0E7, 0xA0E7, 0xA0E7, 0xA0E7, 0xA0E7, 0xA0E7, 0x98E7, 0x90E7, 0x88A6, 0x8106, 0xEEB7, 0xFF79, 0xFF39, 0xFF59, 0xFF59, 0xFF59,
    0xFF59, 0xFF59, 0xFF59, 0xFF59, 0xFF38, 0xFFBA, 0xDD94, 0x7064, 0x80C6, 0x88C6, 0x90C6, 0x90C6, 0x90C6, 0x90C6, 0x90C6, 0x90C6,
    0x90C6, 0x90C6, 0x88C6, 0x88C6, 0x88C6, 0x88A6, 0x88A6, 0x88A6, 0x88A6, 0x88A6, 0x88A6, 0x88A6, 0x80A6, 0x80A6, 0x80A6, 0x80A6,
    0x80A6, 0x80A6, 0x80A6, 0x80A6, 0x80A6, 0x7886, 0x7886, 0x7886, 0x7886, 0x7886, 0x7886, 0x7886, 0x7886, 0x7886, 0x7886, 0x7886,
    0x7886, 0x7886, 0x7886, 0x7886, 0x7886, 0x7886, 0x7886, 0x7886, 0x7886, 0x7886, 0x7886, 0x7886, 0x7886, 0x7886, 0x7886, 0x7886,
    0x7886, 0x7886, 0x7886, 0x7886, 0x7886, 0x7886, 0x7886, 0x7886, 0x7886, 0x7886, 0x7886, 0x7886, 0x7886, 0x7886, 0x7886, 0x7886,
    0x7886, 0x7886, 0x7886, 0x7886, 0xB128, 0xB128, 0xB128, 0xB128, 0xB128, 0xB128, 0xB128, 0xB128, 0xB128, 0xB128, 0xB128, 0xB128,
    0xB128, 0xB128, 0xB128, 0xB128, 0xB128, 0xB128, 0xB128, 0xB128, 0xB128, 0xB128, 0xB128, 0xB128, 0xB128, 0xB128, 0xB128, 0xB128,
    0xB128, 0xB128, 0xB128, 0xB128, 0xB108, 0xB108, 0xB108, 0xB108, 0xB108, 0xB108, 0xB108, 0xB108, 0xB108, 0xB108, 0xB108, 0xB108,
    0xB108, 0xB108, 0xB108, 0xB108, 0xB108, 0xB108, 0xA907, 0xA907, 0xA907, 0xA907, 0xA907, 0xA907, 0xA907, 0xA907, 0xA907, 0xA907,
    0xA907, 0xA907, 0xA907, 0xA907, 0xA907, 0xA907, 0xA907, 0xA907, 0xA0E7, 0xA0E7, 0xA0E7, 0xA0E7, 0xA0E7, 0xA0E7, 0xA0E7, 0xA0E7,
    0xA0E7, 0xA0E7, 0x98E7, 0x90E7, 0x88A6, 0x80E6, 0xEEB7, 0xFF79, 0xFF39, 0xFF59, 0xFF59, 0xFF59, 0xFF59, 0xFF59, 0xFF59, 0xFF59,
    0xFF38, 0xFFBA, 0xDD94, 0x7044, 0x80C6, 0x88C6, 0x90C6, 0x90C6, 0x90C6, 0x90C6, 0x90C6, 0x90C6, 0x90C6, 0x88C6, 0x88C6, 0x88C6,
    0x88A6, 0x88A6, 0x88A6, 0x88A6, 0x88A6, 0x88A6, 0x88A6, 0x80A6, 0x80A6, 0x80A6, 0x80A6, 0x80A6, 0x80A6, 0x80A6, 0x80A6, 0x8086,
    0x7886, 0x7886, 0x7886, 0x7886, 0x7886, 0x7886, 0x7886, 0x7886, 0x7886, 0x7886, 0x7886, 0x7886, 0x7886, 0x7886, 0x7886, 0x7886,
    0x7886, 0x7886, 0x7886, 0x7886, 0x7886, 0x7886, 0x7886, 0x7886, 0x7886, 0x7886, 0x7886, 0x7886, 0x7886, 0x7886, 0x7886, 0x7886,
    0x7886, 0x7886, 0x7886, 0x7886, 0x7886, 0x7886, 0x7886, 0x7886, 0x7886, 0x7886, 0x7886, 0x7886, 0x7886, 0x7886, 0x7886, 0x7886,
    0xB108, 0xB108, 0xB108, 0xB108, 0xB108, 0xB108, 0xB128, 0xB128, 0xB128, 0xB128, 0xB128, 0xB128, 0xB128, 0xB128, 0xB128, 0xB128,
    0xB128, 0xB128, 0xB128, 0xB128, 0xB128, 0xB128, 0xB128, 0xB128, 0xB128, 0xB108, 0xB108, 0xB108, 0xB108, 0xB108, 0xB108, 0xB108,
    0xB108, 0xB108, 0xB108, 0xB108, 0xB108, 0xB108, 0xB108, 0xB108, 0xB108, 0xB108, 0xB108, 0xB108, 0xB108, 0xB108, 0xA908, 0xB107,
    0xA907, 0xA907, 0xA907, 0xA907, 0xA907, 0xA907, 0xA907, 0xA907, 0xA907, 0xA907, 0xA907, 0xA907, 0xA907, 0xA907, 0xA907, 0xA907,
    0xA907, 0xA907, 0xA107, 0xA0E7, 0xA0E7, 0xA0E7, 0xA0E7, 0xA0E7, 0xA0E7, 0xA0E7, 0xA0E7, 0xA0E7, 0xA0E7, 0x98E7, 0x98E7, 0x90E7,
    0x88A6, 0x80E6, 0xEEB7, 0xFF79, 0xFF39, 0xFF59, 0xFF59, 0xFF59, 0xFF59, 0xFF59, 0xFF59, 0xFF59, 0xFF38, 0xFFBA, 0xDD94, 0x7044,
    0x80C6, 0x88C6, 0x88C6, 0x90C6, 0x90C6, 0x90C6, 0x90C6, 0x88C6, 0x88C6, 0x88C6, 0x88C6, 0x88A6, 0x88A6, 0x88A6, 0x88A6, 0x88A6,
    0x88A6, 0x80A6, 0x80A6, 0x80A6, 0x80A6, 0x80A6, 0x80A6, 0x80A6, 0x80A6, 0x80A6, 0x80A6, 0x7886, 0x7886, 0x7886, 0x7886, 0x7886,
    0x7886, 0x7886, 0x7886, 0x7886, 0x7886, 0x7886, 0x7886, 0x7886, 0x7886, 0x7886, 0x7886, 0x7886, 0x7886, 0x7886, 0x7886, 0x7886,
    0x7886, 0x7886, 0x7886, 0x7886, 0x7886, 0x7886, 0x7886, 0x7886, 0x7886, 0x7886, 0x7886, 0x7886, 0x7886, 0x7886, 0x7886, 0x7886,
    0x7886, 0x7886, 0x7886, 0x7886, 0x7886, 0x7886, 0x7886, 0x7886, 0x7886, 0x7886, 0x7886, 0x7886, 0xB108, 0xB108, 0xB108, 0xB108,
    0xB108, 0xB108, 0xB108, 0xB108, 0xB108, 0xB108, 0xB108, 0xB108, 0xB108, 0xB108, 0xB108, 0xB108, 0xB108, 0xB108, 0xB108, 0xB108,
    0xB108, 0xB108, 0xB108, 0xB108, 0xB108, 0xB108, 0xB108, 0xB108, 0xB108, 0xB108, 0xB108, 0xB108, 0xB108, 0xB108, 0xB108, 0xB108,
    0xB108, 0xB108, 0xB108, 0xB108, 0xB108, 0xB108, 0xB108, 0xB108, 0xA907, 0xA907, 0xA907, 0xA907, 0xA907, 0xA907, 0xA907, 0xA907,
    0xA907, 0xA907, 0xA907, 0xA907, 0xA907, 0xA907, 0xA907, 0xA907, 0xA907, 0xA907, 0xA907, 0xA907, 0xA0E7, 0xA0E7, 0xA0E7, 0xA0E7,
    0xA0E7, 0xA0E7, 0xA0E7, 0xA0E7, 0xA0E7, 0xA0E7, 0xA0E7, 0xA0E7, 0x98E7, 0x98E7, 0x98E7, 0x90E6, 0x80A5, 0x80E6, 0xEEB7, 0xFF79,
    0xFF39, 0xFF59, 0xFF59, 0xFF59, 0xFF59, 0xFF59, 0xFF59, 0xFF59, 0xFF38, 0xFFBA, 0xDD94, 0x7044, 0x80A6, 0x88A6, 0x88C6, 0x88C6,
    0x88C6, 0x88C6, 0x88C6, 0x88C6, 0x88C6, 0x88A6, 0x88A6, 0x88A6, 0x88A6, 0x88A6, 0x88A6, 0x88A6, 0x80A6, 0x80A6, 0x80A6, 0x80A6,
    0x80A6, 0x80A6, 0x80A6, 0x80A6, 0x80A6, 0x80A6, 0x7886, 0x7886, 0x7886, 0x7886, 0x7886, 0x7886, 0x7886, 0x7886, 0x7886, 0x7886,
    0x7886, 0x7886, 0x7886, 0x7886, 0x7886, 0x7886, 0x7886, 0x7886, 0x7886, 0x7886, 0x7886, 0x7886, 0x7886, 0x7886, 0x7886, 0x7886,
    0x7886, 0x7886, 0x7886, 0x7886, 0x7886, 0x7886, 0x7886, 0x7886, 0x7886, 0x7886, 0x7886, 0x7886, 0x7886, 0x7886, 0x7886, 0x7886,
    0x7886, 0x7886, 0x7886, 0x7886, 0x7886, 0x7886, 0x7886, 0x7886, 0xB108, 0xB108, 0xB108, 0xB108, 0xB108, 0xB108, 0xB108, 0xB108,
    0xB108, 0xB108, 0xB108, 0xB108, 0xB108, 0xB108, 0xB108, 0xB108, 0xB108, 0xB108, 0xB108, 0xB108, 0xB108, 0xB108, 0xB108, 0xB108,
    0xB108, 0xB108, 0xB108, 0xB108, 0xB108, 0xB108, 0xB108, 0xB108, 0xB108, 0xB108, 0xB108, 0xB108, 0xB108, 0xB108, 0xA907, 0xA907,
    0xA907, 0xA907, 0xA907, 0xA907, 0xA907, 0xA907, 0xA907, 0xA907, 0xA907, 0xA907, 0xA907, 0xA907, 0xA907, 0xA907, 0xA907, 0xA907,
    0xA907, 0xA907, 0xA907, 0xA907, 0xA907, 0xA0E7, 0xA0E7, 0xA0E7, 0xA0E7, 0xA0E7, 0xA0E7, 0xA0E7, 0xA0E7, 0xA0E7, 0xA0E7, 0xA0E7,
    0xA107, 0xA107, 0x9907, 0x9907, 0x9907, 0x9907, 0x9907, 0x90E7, 0x80C6, 0x8106, 0xEEB7, 0xFF79, 0xFF39, 0xFF59, 0xFF59, 0xFF59,
    0xFF59, 0xFF59, 0xFF59, 0xFF59, 0xFF38, 0xFFBA, 0xDD94, 0x7065, 0x80C6, 0x88C6, 0x88E6, 0x88E7, 0x88E6, 0x88E6, 0x88E6, 0x88E6,
    0x88C6, 0x88A6, 0x88A6, 0x88A6, 0x88A6, 0x88A6, 0x88A6, 0x80A6, 0x80A6, 0x80A6, 0x80A6, 0x80A6, 0x80A6, 0x80A6, 0x80A6, 0x80A6,
    0x7886, 0x7886, 0x7886, 0x7886, 0x7886, 0x7886, 0x7886, 0x7886, 0x7886, 0x7886, 0x7886, 0x7886, 0x7886, 0x7886, 0x7886, 0x7886,
    0x7886, 0x7886, 0x7886, 0x7886, 0x7886, 0x7886, 0x7886, 0x7886, 0x7886, 0x7886, 0x7886, 0x7886, 0x7886, 0x7886, 0x7886, 0x7886,
    0x7886, 0x7886, 0x7886, 0x7886, 0x7886, 0x7886, 0x7886, 0x7886, 0x7886, 0x7886, 0x7886, 0x7886, 0x7886, 0x7886, 0x7886, 0x7886,
    0x7886, 0x7886, 0x7886, 0x7886, 0xA908, 0xA908, 0xB108, 0xB108, 0xB108, 0xB108, 0xB108, 0xB108, 0xB108, 0xB108, 0xB108, 0xB108,
    0xB108, 0xB108, 0xB108, 0xB108, 0xB108, 0xB108, 0xB108, 0xB108, 0xB108, 0xB108, 0xB108, 0xB108, 0xB108, 0xB108, 0xB108, 0xB108,
    0xB108, 0xB108, 0xB108, 0xB108, 0xB108, 0xB108, 0xB107, 0xA907, 0xA907, 0xA907, 0xA907, 0xA907, 0xA907, 0xA907, 0xA907, 0xA907,
    0xA907, 0xA907, 0xA907, 0xA907, 0xA907, 0xA907, 0xA907, 0xA907, 0xA907, 0xA907, 0xA907, 0xA907, 0xA907, 0xA907, 0xA907, 0xA107,
    0xA0E7, 0xA0E7, 0xA0E7, 0xA0E7, 0xA0E7, 0xA0E7, 0xA0E7, 0xA0E7, 0xA0E7, 0xA0E7, 0xA0E7, 0x98E7, 0x9066, 0x9045, 0x8845, 0x8845,
    0x8845, 0x8845, 0x8045, 0x8044, 0x7004, 0x7064, 0xEE96, 0xFF79, 0xFF38, 0xFF38, 0xFF38, 0xFF38, 0xFF38, 0xFF38, 0xFF38, 0xFF38,
    0xFF38, 0xFFBA, 0xD573, 0x6002, 0x7024, 0x7024, 0x7824, 0x7824, 0x7824, 0x7824, 0x7824, 0x7804, 0x8085, 0x88A6, 0x88A6, 0x88A6,
    0x88A6, 0x88A6, 0x80A6, 0x80A6, 0x80A6, 0x80A6, 0x80A6, 0x80A6, 0x80A6, 0x80A6, 0x80A6, 0x80A6, 0x7886, 0x7886, 0x7886, 0x7886,
    0x7886, 0x7886, 0x7886, 0x7886, 0x7886, 0x7886, 0x7886, 0x7886, 0x7886, 0x7886, 0x7886, 0x7886, 0x7886, 0x7886, 0x7886, 0x7886,
    0x7886, 0x7886, 0x7886, 0x7886, 0x7886, 0x7886, 0x7886, 0x7886, 0x7886, 0x7886, 0x7886, 0x7886, 0x7886, 0x7886, 0x7886, 0x7886,
    0x7886, 0x7886, 0x7886, 0x7886, 0x7886, 0x7886, 0x7886, 0x7886, 0x7886, 0x7886, 0x7886, 0x7886, 0x7886, 0x7886, 0x7886, 0x7886,
    0xA907, 0xA907, 0xA907, 0xA907, 0xA907, 0xA907, 0xA907, 0xA907, 0xB107, 0xB108, 0xB108, 0xB108, 0xB108, 0xB108, 0xB108, 0xB108,
    0xB108, 0xB108, 0xB108, 0xB108, 0xB108, 0xB108, 0xB107, 0xA907, 0xA907, 0xA907, 0xA907, 0xA907, 0xA907, 0xA907, 0xA907, 0xA907,
    0xA907, 0xA907, 0xA907, 0xA907, 0xA907, 0xA907, 0xA907, 0xA907, 0xA907, 0xA907, 0xA907, 0xA907, 0xA907, 0xA907, 0xA907, 0xA907,
    0xA907, 0xA907, 0xA907, 0xA907, 0xA907, 0xA907, 0xA907, 0xA907, 0xA0E7, 0xA0E7, 0xA0E7, 0xA0E7, 0xA0E7, 0xA0E7, 0xA0E7, 0xA0E7,
    0xA0E7, 0xA0E7, 0xA0E7, 0xA0E7, 0xA0E7, 0xA0E7, 0x98E7, 0x98A6, 0xC38E, 0xD4B1, 0xCC71, 0xCC91, 0xCC91, 0xCC91, 0xCC91, 0xCC91,
    0xC470, 0xC4B1, 0xFF39, 0xFF9A, 0xFF79, 0xFF99, 0xFF99, 0xFF99, 0xFF99, 0xFF99, 0xFF99, 0xFF99, 0xFF79, 0xFFBA, 0xF6B7, 0xBC50,
    0xC470, 0xC471, 0xC471, 0xC471, 0xC471, 0xC471, 0xC470, 0xCC91, 0x99E9, 0x8065, 0x88C6, 0x88A6, 0x80A6, 0x80A6, 0x80A6, 0x80A6,
    0x80A6, 0x80A6, 0x80A6, 0x80A6, 0x80A6, 0x80A6, 0x8086, 0x7886, 0x7886, 0x7886, 0x7886, 0x7886, 0x7886, 0x7886, 0x7886, 0x7886,
    0x7886, 0x7886, 0x7886, 0x7886, 0x7886, 0x7886, 0x7886, 0x7886, 0x7886, 0x7886, 0x7886, 0x7886, 0x7886, 0x7886, 0x7886, 0x7886,
    0x7886, 0x7886, 0x7886, 0x7886, 0x7886, 0x7886, 0x7886, 0x7886, 0x7886, 0x7886, 0x7886, 0x7886, 0x7886, 0x7886, 0x7886, 0x7886,
    0x7886, 0x7886, 0x7886, 0x7886, 0x7886, 0x7886, 0x7886, 0x7886, 0x7886, 0x7886, 0x7886, 0x7886, 0xA907, 0xA907, 0xA907, 0xA907,
    0xA907, 0xA907, 0xA907, 0xA907, 0xA907, 0xA907, 0xA907, 0xA907, 0xA907, 0xA907, 0xA907, 0xA907, 0xA907, 0xA907, 0xA907, 0xA907,
    0xA907, 0xA907, 0xA907, 0xA907, 0xA907, 0xA907, 0xA907, 0xA907, 0xA907, 0xA907, 0xA907, 0xA907, 0xA907, 0xA907, 0xA907, 0xA907,
    0xA907, 0xA907, 0xA907, 0xA907, 0xA907, 0xA907, 0xA907, 0xA907, 0xA907, 0xA907, 0xA907, 0xA907, 0xA907, 0xA907, 0xA907, 0xA907,
    0xA907, 0xA907, 0xA0E7, 0xA0E7, 0xA0E7, 0xA0E7, 0xA0E7, 0xA0E7, 0xA0E7, 0xA0E7, 0xA0E7, 0xA0E7, 0xA0E7, 0xA0E7, 0xA0E7, 0xA0E7,
    0xA0E7, 0x98E7, 0x98E7, 0x9086, 0xDD73, 0xF719, 0xF6D8, 0xF6F8, 0xF6F8, 0xF6F8, 0xF6F8, 0xF6F8, 0xF6F8, 0xEEF8, 0xEE96, 0xEE76,
    0xEE76, 0xE676, 0xE676, 0xE676, 0xE676, 0xE676, 0xE676, 0xE676, 0xEE76, 0xEE76, 0xEE97, 0xEEF8, 0xEEF8, 0xEEF8, 0xF6F8, 0xF6F8,
    0xF6F8, 0xF6F8, 0xEED7, 0xF719, 0xA2AC, 0x7844, 0x88C6, 0x80A6, 0x80A6, 0x80A6, 0x80A6, 0x80A6, 0x80A6, 0x80A6, 0x80A6, 0x80A6,
    0x80A6, 0x7886, 0x7886, 0x7886, 0x7886, 0x7886, 0x7886, 0x7886, 0x7886, 0x7886, 0x7886, 0x7886, 0x7886, 0x7886, 0x7886, 0x7886,
    0x7886, 0x7886, 0x7886, 0x7886, 0x7886, 0x7886, 0x7886, 0x7886, 0x7886, 0x7886, 0x7886, 0x7886, 0x7886, 0x7886, 0x7886, 0x7886,
    0x7886, 0x7886, 0x7886, 0x7886, 0x7886, 0x7886, 0x7886, 0x7886, 0x7886, 0x7886, 0x7886, 0x7886, 0x7886, 0x7886, 0x7886, 0x7886,
    0x7886, 0x7886, 0x7886, 0x7886, 0x7886, 0x7886, 0x7886, 0x7886, 0xA907, 0xA907, 0xA907, 0xA907, 0xA907, 0xA907, 0xA907, 0xA907,
    0xA907, 0xA907, 0xA907, 0xA907, 0xA907, 0xA907, 0xA907, 0xA907, 0xA907, 0xA907, 0xA907, 0xA907, 0xA907, 0xA907, 0xA907, 0xA907,
    0xA907, 0xA907, 0xA907, 0xA907, 0xA907, 0xA907, 0xA907, 0xA907, 0xA907, 0xA907, 0xA907, 0xA907, 0xA907, 0xA907, 0xA907, 0xA907,
    0xA907, 0xA907, 0xA907, 0xA907, 0xA907, 0xA907, 0xA907, 0xA907, 0xA907, 0xA907, 0xA0E7, 0xA0E7, 0xA0E7, 0xA0E7, 0xA0E7, 0xA0E7,
    0xA0E7, 0xA0E7, 0xA0E7, 0xA0E7, 0xA0E7, 0xA0E7, 0xA0E7, 0xA0E7, 0xA0E7, 0xA0E7, 0xA0E7, 0x98E7, 0x98E7, 0x98E7, 0x98E7, 0x90C6,
    0x90C6, 0x90C6, 0x88C6, 0x88C6, 0x88C6, 0x80C6, 0x80C6, 0x80A6, 0x78A5, 0x78A5, 0x78C5, 0x70A5, 0x70A5, 0x70A5, 0x68A5, 0x68A5,
    0x68A5, 0x68A5, 0x68A5, 0x68A5, 0x68A5, 0x70A5, 0x70A5, 0x7085, 0x78A5, 0x78A5, 0x78A5, 0x78A5, 0x78A5, 0x78A5, 0x78A5, 0x80A5,
    0x80A6, 0x80A6, 0x80A6, 0x80A6, 0x80A6, 0x80A6, 0x80A6, 0x80A6, 0x80A6, 0x80A6, 0x80A6, 0x80A6, 0x7886, 0x7886, 0x7886, 0x7886,
    0x7886, 0x7886, 0x7886, 0x7886, 0x7886, 0x7886, 0x7886, 0x7886, 0x7886, 0x7886, 0x7886, 0x7886, 0x7886, 0x7886, 0x7886, 0x7886,
    0x7886, 0x7886, 0x7886, 0x7886, 0x7886, 0x7886, 0x7886, 0x7886, 0x7886, 0x7886, 0x7886, 0x7886, 0x7886, 0x7886, 0x7886, 0x7886,
    0x7886, 0x7886, 0x7886, 0x7886, 0x7886, 0x7886, 0x7886, 0x7886, 0x7886, 0x7886, 0x7886, 0x7886, 0x7886, 0x7886, 0x7886, 0x7886,
    0x7886, 0x7886, 0x7886, 0x7886, 0xA907, 0xA907, 0xA907, 0xA907, 0xA907, 0xA907, 0xA907, 0xA907, 0xA907, 0xA907, 0xA907, 0xA907,
    0xA907, 0xA907, 0xA907, 0xA907, 0xA907, 0xA907, 0xA907, 0xA907, 0xA907, 0xA907, 0xA907, 0xA907, 0xA907, 0xA907, 0xA907, 0xA907,
    0xA907, 0xA907, 0xA907, 0xA907, 0xA907, 0xA907, 0xA907, 0xA907, 0xA907, 0xA907, 0xA907, 0xA907, 0xA907, 0xA907, 0xA907, 0xA907,
    0xA907, 0xA0E7, 0xA0E7, 0xA0E7, 0xA0E7, 0xA0E7, 0xA0E7, 0xA0E7, 0xA0E7, 0xA0E7, 0xA0E7, 0xA0E7, 0xA0E7, 0xA0E7, 0xA0E7, 0xA0E7,
    0xA0E7, 0xA0E7, 0xA0E7, 0xA0E7, 0xA0E7, 0x98E7, 0x98E7, 0x98E7, 0x98E7, 0x98E7, 0x98C7, 0x90C6, 0x90C6, 0x88C6, 0x88C6, 0x80C6,
    0x80A6, 0x80A6, 0x80A6, 0x80A6, 0x80A5, 0x78A5, 0x78A5, 0x7085, 0x7085, 0x7085, 0x7085, 0x7085, 0x7085, 0x7085, 0x7085, 0x7085,
    0x7085, 0x7085, 0x7085, 0x7085, 0x7085, 0x7885, 0x7885, 0x7885, 0x7885, 0x7885, 0x7885, 0x7885, 0x78A6, 0x80A6, 0x80A6, 0x80A6,
    0x80A6, 0x80A6, 0x80A6, 0x80A6, 0x80A6, 0x80A6, 0x8086, 0x7886, 0x7886, 0x7886, 0x7886, 0x7886, 0x7886, 0x7886, 0x7886, 0x7886,
    0x7886, 0x7886, 0x7886, 0x7886, 0x7886, 0x7886, 0x7886, 0x7886, 0x7886, 0x7886, 0x7886, 0x7886, 0x7886, 0x7886, 0x7886, 0x7886,
    0x7886, 0x7886, 0x7886, 0x7886, 0x7886, 0x7886, 0x7886, 0x7886, 0x7886, 0x7886, 0x7886, 0x7886, 0x7886, 0x7886, 0x7886, 0x7886,
    0x7886, 0x7886, 0x7886, 0x7886, 0x7886, 0x7886, 0x7886, 0x7886, 0x7886, 0x7886, 0x7886, 0x7886, 0x7886, 0x7886, 0x7886, 0x7886,
    0xA907, 0xA907, 0xA907, 0xA907, 0xA907, 0xA907, 0xA907, 0xA907, 0xA907, 0xA907, 0xA907, 0xA907, 0xA907, 0xA907, 0xA907, 0xA907,
    0xA907, 0xA907, 0xA907, 0xA907, 0xA907, 0xA907, 0xA907, 0xA907, 0xA907, 0xA907, 0xA907, 0xA907, 0xA907, 0xA907, 0xA907, 0xA907,
    0xA907, 0xA907, 0xA907, 0xA907, 0xA907, 0xA907, 0xA907, 0xA907, 0xA907, 0xA907, 0xA107, 0xA0E7, 0xA0E7, 0xA0E7, 0xA0E7, 0xA0E7,
    0xA0E7, 0xA0E7, 0xA0E7, 0xA0E7, 0xA0E7, 0xA0E7, 0xA0E7, 0xA0E7, 0xA0E7, 0xA0E7, 0xA0E7, 0xA0E7, 0xA0E7, 0xA0E7, 0xA0E7, 0xA0E7,
    0x98E7, 0x98E7, 0x98E7, 0x98E7, 0x98E7, 0x98E7, 0x98C7, 0x90C6, 0x90C6, 0x88C6, 0x88C6, 0x88C6, 0x88C6, 0x80C6, 0x80C6, 0x80C6,
    0x80C6, 0x80A6, 0x78A6, 0x78A5, 0x78A5, 0x78A5, 0x78A5, 0x78A5, 0x78A5, 0x78A5, 0x78A5, 0x78A5, 0x78A5, 0x78A5, 0x78A5, 0x78A5,
    0x78A5, 0x78A5, 0x78A5, 0x78A5, 0x78A5, 0x78A5, 0x78A5, 0x78A5, 0x78A6, 0x80A6, 0x80A6, 0x80A6, 0x80A6, 0x80A6, 0x80A6, 0x80A6,
    0x80A6, 0x8086, 0x7886, 0x7886, 0x7886, 0x7886, 0x7886, 0x7886, 0x7886, 0x7886, 0x7886, 0x7886, 0x7886, 0x7886, 0x7886, 0x7886,
    0x7886, 0x7886, 0x7886, 0x7886, 0x7886, 0x7886, 0x7886, 0x7886, 0x7886, 0x7886, 0x7886, 0x7886, 0x7886, 0x7886, 0x7886, 0x7886,
    0x7886, 0x7886, 0x7886, 0x7886, 0x7886, 0x7886, 0x7886, 0x7886, 0x7886, 0x7886, 0x7886, 0x7886, 0x7886, 0x7886, 0x7886, 0x7886,
    0x7886, 0x7886, 0x7886, 0x7886, 0x7886, 0x7886, 0x7886, 0x7886, 0x7886, 0x7886, 0x7886, 0x7886, 0xA107, 0xA907, 0xA907, 0xA907,
    0xA907, 0xA907, 0xA907, 0xA907, 0xA907, 0xA907, 0xA907, 0xA907, 0xA907, 0xA907, 0xA907, 0xA907, 0xA907, 0xA907, 0xA907, 0xA907,
    0xA907, 0xA907, 0xA907, 0xA907, 0xA907, 0xA907, 0xA907, 0xA907, 0xA907, 0xA907, 0xA907, 0xA907, 0xA907, 0xA907, 0xA907, 0xA907,
    0xA107, 0xA0E7, 0xA0E7, 0xA0E7, 0xA0E7, 0xA0E7, 0xA0E7, 0xA0E7, 0xA0E7, 0xA0E7, 0xA0E7, 0xA0E7, 0xA0E7, 0xA0E7, 0xA0E7, 0xA0E7,
    0xA0E7, 0xA0E7, 0xA0E7, 0xA0E7, 0xA0E7, 0xA0E7, 0xA0E7, 0xA0E7, 0xA0E7, 0x98E7, 0x98E7, 0x98E7, 0x98E7, 0x98E7, 0x98E7, 0x98E7,
    0x98E7, 0x98E7, 0x98C7, 0x90C7, 0x90C6, 0x90C6, 0x90C6, 0x90C6, 0x90C6, 0x88C6, 0x88C6, 0x88C6, 0x88C6, 0x88C6, 0x88C6, 0x88C6,
    0x88A6, 0x80A6, 0x80A6, 0x80A6, 0x80A6, 0x80A6, 0x80A6, 0x80A6, 0x80A6, 0x80A6, 0x80A6, 0x80A6, 0x80A6, 0x80A6, 0x80A6, 0x80A6,
    0x80A6, 0x80A6, 0x80A6, 0x80A6, 0x80A6, 0x80A6, 0x80A6, 0x80A6, 0x80A6, 0x80A6, 0x80A6, 0x80A6, 0x7886, 0x7886, 0x7886, 0x7886,
    0x7886, 0x7886, 0x7886, 0x7886, 0x7886, 0x7886, 0x7886, 0x7886, 0x7886, 0x7886, 0x7886, 0x7886, 0x7886, 0x7886, 0x7886, 0x7886,
    0x7886, 0x7886, 0x7886, 0x7886, 0x7886, 0x7886, 0x7886, 0x7886, 0x7886, 0x7886, 0x7886, 0x7886, 0x7886, 0x7886, 0x7886, 0x7886,
    0x7886, 0x7886, 0x7886, 0x7886, 0x7886, 0x7886, 0x7886, 0x7886, 0x7886, 0x7886, 0x7886, 0x7886, 0x7886, 0x7886, 0x7886, 0x7886,
    0x7886, 0x7886, 0x7886, 0x7886, 0x7886, 0x7886, 0x7886, 0x7886, 0xA107, 0xA107, 0xA107, 0xA107, 0xA107, 0xA907, 0xA907, 0xA907,
    0xA907, 0xA907, 0xA907, 0xA907, 0xA907, 0xA907, 0xA907, 0xA907, 0xA907, 0xA907, 0xA907, 0xA907, 0xA907, 0xA907, 0xA907, 0xA907,
    0xA907, 0xA907, 0xA107, 0xA107, 0xA907, 0xA907, 0xA907, 0xA8E7, 0xA0E7, 0xA0E7, 0xA0E7, 0xA0E7, 0xA0E7, 0xA0E7, 0xA0E7, 0xA0E7,
    0xA0E7, 0xA0E7, 0xA0E7, 0xA0E7, 0xA0E7, 0xA0E7, 0xA0E7, 0xA0E7, 0xA0E7, 0xA0E7, 0xA0E7, 0xA0E7, 0xA0E7, 0xA0E7, 0xA0E7, 0xA0E7,
    0xA0E7, 0x98E7, 0xA0E7, 0x98E7, 0x98E7, 0x98E7, 0x98E7, 0x98E7, 0x98E7, 0x98E7, 0x98E7, 0x98E7, 0x98E7, 0x98E7, 0x98C7, 0x98C7,
    0x98C7, 0x98C7, 0x98C7, 0x98C7, 0x98C7, 0x90C7, 0x90C6, 0x90C6, 0x90C6, 0x90C6, 0x90C6, 0x90C6, 0x90C6, 0x90C6, 0x90C6, 0x90C6,
    0x90C6, 0x90C6, 0x88C6, 0x88C6, 0x88C6, 0x88A6, 0x88A6, 0x88A6, 0x88A6, 0x88A6, 0x88A6, 0x88A6, 0x88A6, 0x88A6, 0x80A6, 0x80A6,
    0x80A6, 0x80A6, 0x80A6, 0x80A6, 0x80A6, 0x80A6, 0x80A6, 0x8086, 0x7886, 0x7886, 0x7886, 0x7886, 0x7886, 0x7886, 0x7886, 0x7886,
    0x7886, 0x7886, 0x7886, 0x7886, 0x7886, 0x7886, 0x7886, 0x7886, 0x7886, 0x7886, 0x7886, 0x7886, 0x7886, 0x7886, 0x7886, 0x7886,
    0x7886, 0x7886, 0x7886, 0x7886, 0x7886, 0x7886, 0x7886, 0x7886, 0x7886, 0x7886, 0x7886, 0x7886, 0x7886, 0x7886, 0x7886, 0x7886,
    0x7886, 0x7886, 0x7886, 0x7886, 0x7886, 0x7886, 0x7886, 0x7886, 0x7886, 0x7886, 0x7886, 0x7886, 0x7886, 0x7886, 0x7886, 0x7886,
    0x7886, 0x7886, 0x7886, 0x7886, 0xA0E7, 0xA0E7, 0xA0E7, 0xA0E7, 0xA0E7, 0xA0E7, 0xA0E7, 0xA0E7, 0xA0E7, 0xA0E7, 0xA0E7, 0xA0E7,
    0xA0E7, 0xA0E7, 0xA0E7, 0xA0E7, 0xA0E7, 0xA0E7, 0xA0E7, 0xA0E7, 0xA0E7, 0xA0E7, 0xA0E7, 0xA0E7, 0xA0E7, 0xA0E7, 0xA0E7, 0xA0E7,
    0xA0E7, 0xA0E7, 0xA0E7, 0xA0E7, 0xA0E7, 0xA0E7, 0xA0E7, 0xA0E7, 0xA0E7, 0xA0E7, 0xA0E7, 0xA0E7, 0xA0E7, 0xA0E7, 0xA0E7, 0xA0E7,
    0xA0E7, 0xA0E7, 0xA0E7, 0xA0E7, 0xA0E7, 0xA0E7, 0xA0E7, 0xA0E7, 0xA0E7, 0xA0E7, 0xA0E7, 0x98E7, 0x98E7, 0x98E7, 0x98E7, 0x98E7,
    0x98E7, 0x98E7, 0x98E7, 0x98E7, 0x98E7, 0x98E7, 0x98E7, 0x98E7, 0x98C7, 0x98C7, 0x98C7, 0x98C7, 0x98C7, 0x90C7, 0x90C7, 0x90C6,
    0x90C6, 0x90C6, 0x90C6, 0x90C6, 0x90C6, 0x90C6, 0x90C6, 0x90C6, 0x90C6, 0x90C6, 0x88C6, 0x88C6, 0x88C6, 0x88C6, 0x88C6, 0x88A6,
    0x88A6, 0x88A6, 0x88A6, 0x88A6, 0x88A6, 0x88A6, 0x88A6, 0x80A6, 0x80A6, 0x80A6, 0x80A6, 0x80A6, 0x80A6, 0x80A6, 0x80A6, 0x80A6,
    0x80A6, 0x80A6, 0x7886, 0x7886, 0x7886, 0x7886, 0x7886, 0x7886, 0x7886, 0x7886, 0x7886, 0x7886, 0x7886, 0x7886, 0x7886, 0x7886,
    0x7886, 0x7886, 0x7886, 0x7886, 0x7886, 0x7886, 0x7886, 0x7886, 0x7886, 0x7886, 0x7886, 0x7886, 0x7886, 0x7886, 0x7886, 0x7886,
    0x7886, 0x7886, 0x7886, 0x7886, 0x7886, 0x7886, 0x7886, 0x7886, 0x7886, 0x7886, 0x7886, 0x7886, 0x7886, 0x7886, 0x7886, 0x7886,
    0x7886, 0x7886, 0x7886, 0x7886, 0x7886, 0x7886, 0x7886, 0x7886, 0x7886, 0x7886, 0x7886, 0x7886, 0x7886, 0x7886, 0x7886, 0x7885,
    0xA0E7, 0xA0E7, 0xA0E7, 0xA0E7, 0xA0E7, 0xA0E7, 0xA0E7, 0xA0E7, 0xA0E7, 0xA0E7, 0xA0E7, 0xA0E7, 0xA0E7, 0xA0E7, 0xA0E7, 0xA0E7,
    0xA0E7, 0xA0E7, 0xA0E7, 0xA0E7, 0xA0E7, 0xA0E7, 0xA0E7, 0xA0E7, 0xA0E7, 0xA0E7, 0xA0E7, 0xA0E7, 0xA0E7, 0xA0E7, 0xA0E7, 0xA0E7,
    0xA0E7, 0xA0E7, 0xA0E7, 0xA0E7, 0xA0E7, 0xA0E7, 0xA0E7, 0xA0E7, 0xA0E7, 0xA0E7, 0xA0E7, 0xA0E7, 0xA0E7, 0xA0E7, 0xA0E7, 0xA0E7,
    0xA0E7, 0xA0E7, 0xA0E7, 0x98E7, 0x98E7, 0x98E7, 0x98E7, 0x98E7, 0x98E7, 0x98E7, 0x98E7, 0x98E7, 0x98E7, 0x98E7, 0x98E7, 0x98E7,
    0x98E7, 0x98C7, 0x98C7, 0x98C7, 0x98C7, 0x98C7, 0x90C7, 0x90C7, 0x90C7, 0x90C6, 0x90C6, 0x90C6, 0x90C6, 0x90C6, 0x90C6, 0x90C6,
    0x90C6, 0x90C6, 0x90C6, 0x90C6, 0x90C6, 0x88C6, 0x88C6, 0x88C6, 0x88A6, 0x88A6, 0x88A6, 0x88A6, 0x88A6, 0x88A6, 0x88A6, 0x88A6,
    0x88A6, 0x80A6, 0x80A6, 0x80A6, 0x80A6, 0x80A6, 0x80A6, 0x80A6, 0x80A6, 0x80A6, 0x80A6, 0x80A6, 0x7886, 0x7886, 0x7886, 0x7886,
    0x7886, 0x7886, 0x7886, 0x7886, 0x7886, 0x7886, 0x7886, 0x7886, 0x7886, 0x7886, 0x7886, 0x7886, 0x7886, 0x7886, 0x7886, 0x7886,
    0x7886, 0x7886, 0x7886, 0x7886, 0x7886, 0x7886, 0x7886, 0x7886, 0x7886, 0x7886, 0x7886, 0x7886, 0x7886, 0x7886, 0x7886, 0x7886,
    0x7886, 0x7886, 0x7886, 0x7886, 0x7886, 0x7886, 0x7886, 0x7886, 0x7886, 0x7886, 0x7886, 0x7886, 0x7886, 0x7886, 0x7886, 0x7886,
    0x7886, 0x7886, 0x7886, 0x7886, 0x7886, 0x7886, 0x7886, 0x7886, 0x7886, 0x7886, 0x7885, 0x7885, 0xA0E7, 0xA0E7, 0xA0E7, 0xA0E7,
    0xA0E7, 0xA0E7, 0xA0E7, 0xA0E7, 0xA0E7, 0xA0E7, 0xA0E7, 0xA0E7, 0xA0E7, 0xA0E7, 0xA0E7, 0xA0E7, 0xA0E7, 0xA0E7, 0xA0E7, 0xA0E7,
    0xA0E7, 0xA0E7, 0xA0E7, 0xA0E7, 0xA0E7, 0xA0E7, 0xA0E7, 0xA0E7, 0xA0E7, 0xA0E7, 0xA0E7, 0xA0E7, 0xA0E7, 0xA0E7, 0xA0E7, 0xA0E7,
    0xA0E7, 0xA0E7, 0xA0E7, 0xA0E7, 0xA0E7, 0xA0E7, 0xA0E7, 0xA0E7, 0xA0E7, 0xA0E7, 0xA0E7, 0xA0E7, 0xA0E7, 0x98E7, 0x98E7, 0x98E7,
    0x98E7, 0x98E7, 0x98E7, 0x98E7, 0x98E7, 0x98E7, 0x98E7, 0x98E7, 0x98E7, 0x98E7, 0x98E7, 0x98C7, 0x98C7, 0x98C7, 0x98C7, 0x98C7,
    0x98C7, 0x90C7, 0x90C7, 0x90C7, 0x90C6, 0x90C6, 0x90C6, 0x90C6, 0x90C6, 0x90C6, 0x90C6, 0x90C6, 0x90C6, 0x90C6, 0x90C6, 0x90C6,
    0x88C6, 0x88C6, 0x88C6, 0x88C6, 0x88A6, 0x88A6, 0x88A6, 0x88A6, 0x88A6, 0x88A6, 0x88A6, 0x88A6, 0x80A6, 0x80A6, 0x80A6, 0x80A6,
    0x80A6, 0x80A6, 0x80A6, 0x80A6, 0x80A6, 0x80A6, 0x80A6, 0x7886, 0x7886, 0x7886, 0x7886, 0x7886, 0x7886, 0x7886, 0x7886, 0x7886,
    0x7886, 0x7886, 0x7886, 0x7886, 0x7886, 0x7886, 0x7886, 0x7886, 0x7886, 0x7886, 0x7886, 0x7886, 0x7886, 0x7886, 0x7886, 0x7886,
    0x7886, 0x7886, 0x7886, 0x7886, 0x7886, 0x7886, 0x7886, 0x7886, 0x7886, 0x7886, 0x7886, 0x7886, 0x7886, 0x7886, 0x7886, 0x7886,
    0x7886, 0x7886, 0x7886, 0x7886, 0x7886, 0x7886, 0x7886, 0x7886, 0x7886, 0x7886, 0x7886, 0x7886, 0x7886, 0x7886, 0x7886, 0x7886,
    0x7886, 0x7886, 0x7886, 0x7886, 0x7886, 0x7886, 0x7885, 0x7885, 0x98E7, 0xA0E7, 0xA0E7, 0xA0E7, 0xA0E7, 0xA0E7, 0xA0E7, 0xA0E7,
    0xA0E7, 0xA0E7, 0xA0E7, 0xA0E7, 0xA0E7, 0xA0E7, 0xA0E7, 0xA0E7, 0xA0E7, 0xA0E7, 0xA0E7, 0xA0E7, 0xA0E7, 0xA0E7, 0xA0E7, 0xA0E7,
    0xA0E7, 0xA0E7, 0xA0E7, 0xA0E7, 0xA0E7, 0xA0E7, 0xA0E7, 0xA0E7, 0xA0E7, 0xA0E7, 0xA0E7, 0xA0E7, 0xA0E7, 0xA0E7, 0xA0E7, 0xA0E7,
    0xA0E7, 0xA0E7, 0xA0E7, 0xA0E7, 0x98E7, 0x98E7, 0x98E7, 0x98E7, 0x98E7, 0x98E7, 0x98E7, 0x98E7, 0x98E7, 0x98E7, 0x98E7, 0x98E7,
    0x98E7, 0x98E7, 0x98E7, 0x98C7, 0x98C7, 0x98C7, 0x98C7, 0x98C7, 0x98C7, 0x90C7, 0x90C7, 0x90C7, 0x90C6, 0x90C6, 0x90C6, 0x90C6,
    0x90C6, 0x90C6, 0x90C6, 0x90C6, 0x90C6, 0x90C6, 0x90C6, 0x90C6, 0x90C6, 0x88C6, 0x88C6, 0x88C6, 0x88C6, 0x88A6, 0x88A6, 0x88A6,
    0x88A6, 0x88A6, 0x88A6, 0x88A6, 0x88A6, 0x88A6, 0x80A6, 0x80A6, 0x80A6, 0x80A6, 0x80A6, 0x80A6, 0x80A6, 0x80A6, 0x80A6, 0x80A6,
    0x80A6, 0x8086, 0x7886, 0x7886, 0x7886, 0x7886, 0x7886, 0x7886, 0x7886, 0x7886, 0x7886, 0x7886, 0x7886, 0x7886, 0x7886, 0x7886,
    0x7886, 0x7886, 0x7886, 0x7886, 0x7886, 0x7886, 0x7886, 0x7886, 0x7886, 0x7886, 0x7886, 0x7886, 0x7886, 0x7886, 0x7886, 0x7886,
    0x7886, 0x7886, 0x7886, 0x7886, 0x7886, 0x7886, 0x7886, 0x7886, 0x7886, 0x7886, 0x7886, 0x7886, 0x7886, 0x7886, 0x7886, 0x7886,
    0x7886, 0x7886, 0x7886, 0x7886, 0x7886, 0x7886, 0x7886, 0x7886, 0x7886, 0x7886, 0x7886, 0x7886, 0x7886, 0x7886, 0x7886, 0x7886,
    0x7886, 0x7885, 0x7885, 0x7885, 0x98E7, 0x98E7, 0x98E7, 0xA0E7, 0xA0E7, 0xA0E7, 0xA0E7, 0xA0E7, 0xA0E7, 0xA0E7, 0xA0E7, 0xA0E7,
    0xA0E7, 0xA0E7, 0xA0E7, 0xA0E7, 0xA0E7, 0xA0E7, 0xA0E7, 0xA0E7, 0xA0E7, 0xA0E7, 0xA0E7, 0xA0E7, 0xA0E7, 0xA0E7, 0xA0E7, 0xA0E7,
    0xA0E7, 0xA0E7, 0xA0E7, 0xA0E7, 0xA0E7, 0xA0E7, 0xA0E7, 0xA0E7, 0xA0E7, 0x98E7, 0xA0E7, 0xA0E7, 0xA0E7, 0x98E7, 0x98E7, 0x98E7,
    0x98E7, 0x98E7, 0x98E7, 0x98E7, 0x98E7, 0x98E7, 0x98E7, 0x98E7, 0x98E7, 0x98E7, 0x98E7, 0x98E7, 0x98E7, 0x98C7, 0x98C7, 0x98C7,
    0x98C7, 0x98C7, 0x90C7, 0x98C7, 0x90C7, 0x90C7, 0x90C7, 0x90C6, 0x90C6, 0x90C6, 0x90C6, 0x90C6, 0x90C6, 0x90C6, 0x90C6, 0x90C6,
    0x90C6, 0x90C6, 0x88C6, 0x88C6, 0x88C6, 0x88C6, 0x88C6, 0x88C6, 0x88A6, 0x88A6, 0x88A6, 0x88A6, 0x88A6, 0x88A6, 0x88A6, 0x88A6,
    0x88A6, 0x80A6, 0x80A6, 0x80A6, 0x80A6, 0x80A6, 0x80A6, 0x80A6, 0x80A6, 0x80A6, 0x80A6, 0x80A6, 0x80A6, 0x7886, 0x7886, 0x7886,
    0x7886, 0x7886, 0x7886, 0x7886, 0x7886, 0x7886, 0x7886, 0x7886, 0x7886, 0x7886, 0x7886, 0x7886, 0x7886, 0x7886, 0x7886, 0x7886,
    0x7886, 0x7886, 0x7886, 0x7886, 0x7886, 0x7886, 0x7886, 0x7886, 0x7886, 0x7886, 0x7886, 0x7886, 0x7886, 0x7886, 0x7886, 0x7886,
    0x7886, 0x7886, 0x7886, 0x7886, 0x7886, 0x7886, 0x7886, 0x7886, 0x7886, 0x7886, 0x7886, 0x7886, 0x7886, 0x7886, 0x7886, 0x7886,
    0x7886, 0x7886, 0x7886, 0x7886, 0x7886, 0x7886, 0x7886, 0x7886, 0x7886, 0x7886, 0x7886, 0x7886, 0x7886, 0x7885, 0x7885, 0x7885,
    0x98E7, 0x98E7, 0x98E7, 0x98E7, 0x98E7, 0x98E7, 0xA0E7, 0xA0E7, 0xA0E7, 0xA0E7, 0xA0E7, 0xA0E7, 0xA0E7, 0xA0E7, 0xA0E7, 0xA0E7,
    0xA0E7, 0xA0E7, 0xA0E7, 0xA0E7, 0xA0E7, 0xA0E7, 0xA0E7, 0xA0E7, 0xA0E7, 0xA0E7, 0xA0E7, 0xA0E7, 0xA0E7, 0xA0E7, 0xA0E7, 0xA0E7,
    0xA0E7, 0x98E7, 0x98E7, 0x98E7, 0x98E7, 0x98E7, 0x98E7, 0x98E7, 0x98E7, 0x98E7, 0x98E7, 0x98E7, 0x98E7, 0x98E7, 0x98E7, 0x98E7,
    0x98E7, 0x98E7, 0x98E7, 0x98E7, 0x98E7, 0x98E7, 0x98C7, 0x98C7, 0x98C7, 0x98C7, 0x98C7, 0x98C7, 0x90C7, 0x90C7, 0x90C7, 0x90C7,
    0x90C6, 0x90C6, 0x90C6, 0x90C6, 0x90C6, 0x90C6, 0x90C6, 0x90C6, 0x90C6, 0x90C6, 0x90C6, 0x90C6, 0x90C6, 0x88C6, 0x88C6, 0x88C6,
    0x88C6, 0x88C6, 0x88A6, 0x88A6, 0x88A6, 0x88A6, 0x88A6, 0x88A6, 0x88A6, 0x88A6, 0x88A6, 0x80A6, 0x80A6, 0x80A6, 0x80A6, 0x80A6,
    0x80A6, 0x80A6, 0x80A6, 0x80A6, 0x80A6, 0x80A6, 0x80A6, 0x7886, 0x7886, 0x7886, 0x7886, 0x7886, 0x7886, 0x7886, 0x7886, 0x7886,
    0x7886, 0x7886, 0x7886, 0x7886, 0x7886, 0x7886, 0x7886, 0x7886, 0x7886, 0x7886, 0x7886, 0x7886, 0x7886, 0x7886, 0x7886, 0x7886,
    0x7886, 0x7886, 0x7886, 0x7886, 0x7886, 0x7886, 0x7886, 0x7886, 0x7886, 0x7886, 0x7886, 0x7886, 0x7886, 0x7886, 0x7886, 0x7886,
    0x7886, 0x7886, 0x7886, 0x7886, 0x7886, 0x7886, 0x7886, 0x7886, 0x7886, 0x7886, 0x7886, 0x7886, 0x7886, 0x7886, 0x7886, 0x7886,
    0x7886, 0x7886, 0x7886, 0x7886, 0x7886, 0x7886, 0x7886, 0x7886, 0x7885, 0x7885, 0x7885, 0x7885, 0x98E7, 0x98E7, 0x98E7, 0x98E7,
    0x98E7, 0x98E7, 0x98E7, 0x98E7, 0x98E7, 0x98E7, 0x98E7, 0x98E7, 0x98E7, 0x98E7, 0x98E7, 0x98E7, 0x98E7, 0x98E7, 0x98E7, 0x98E7,
    0x98E7, 0x98E7, 0x98E7, 0x98E7, 0x98E7, 0x98E7, 0x98E7, 0x98E7, 0x98E7, 0x98E7, 0x98E7, 0x98E7, 0x98E7, 0x98E7, 0x98E7, 0x98E7,
    0x98E7, 0x98E7, 0x98E7, 0x98E7, 0x98E7, 0x98E7, 0x98E7, 0x98E7, 0x98E7, 0x98E7, 0x98E7, 0x98E7, 0x98E7, 0x98C7, 0x98C7, 0x98C7,
    0x98C7, 0x98C7, 0x98C7, 0x98C7, 0x98C7, 0x90C7, 0x90C7, 0x90C7, 0x90C6, 0x90C6, 0x90C6, 0x90C6, 0x90C6, 0x90C6, 0x90C6, 0x90C6,
    0x90C6, 0x90C6, 0x90C6, 0x90C6, 0x90C6, 0x90C6, 0x90C6, 0x88C6, 0x88C6, 0x88C6, 0x88C6, 0x88A6, 0x88A6, 0x88A6, 0x88A6, 0x88A6,
    0x88A6, 0x88A6, 0x88A6, 0x88A6, 0x88A6, 0x80A6, 0x80A6, 0x80A6, 0x80A6, 0x80A6, 0x80A6, 0x80A6, 0x80A6, 0x80A6, 0x80A6, 0x80A6,
    0x80A6, 0x7886, 0x7886, 0x7886, 0x7886, 0x7886, 0x7886, 0x7886, 0x7886, 0x7886, 0x7886, 0x7886, 0x7886, 0x7886, 0x7886, 0x7886,
    0x7886, 0x7886, 0x7886, 0x7886, 0x7886, 0x7886, 0x7886, 0x7886, 0x7886, 0x7886, 0x7886, 0x7886, 0x7886, 0x7886, 0x7886, 0x7886,
    0x7886, 0x7886, 0x7886, 0x7886, 0x7886, 0x7886, 0x7886, 0x7886, 0x7886, 0x7886, 0x7886, 0x7886, 0x7886, 0x7886, 0x7886, 0x7886,
    0x7886, 0x7886, 0x7886, 0x7886, 0x7886, 0x7886, 0x7886, 0x7886, 0x7886, 0x7886, 0x7886, 0x7886, 0x7886, 0x7886, 0x7886, 0x7886,
    0x7886, 0x7886, 0x7886, 0x7886, 0x7885, 0x7885, 0x7885, 0x7885, 0x98E7, 0x98E7, 0x98E7, 0x98E7, 0x98E7, 0x98E7, 0x98E7, 0x98E7,
    0x98E7, 0x98E7, 0x98E7, 0x98E7, 0x98E7, 0x98E7, 0x98E7, 0x98E7, 0x98E7, 0x98E7, 0x98E7, 0x98E7, 0x98E7, 0x98E7, 0x98E7, 0x98E7,
    0x98E7, 0x98E7, 0x98E7, 0x98E7, 0x98E7, 0x98E7, 0x98E7, 0x98E7, 0x98E7, 0x98E7, 0x98E7, 0x98E7, 0x98E7, 0x98E7, 0x98E7, 0x98E7,
    0x98E7, 0x98E7, 0x98E7, 0x98E7, 0x98E7, 0x98E7, 0x98E7, 0x98C7, 0x98C7, 0x98C7, 0x98C7, 0x98C7, 0x98C7, 0x98C7, 0x98C7, 0x90C7,
    0x90C7, 0x90C7, 0x90C6, 0x90C6, 0x90C6, 0x90C6, 0x90C6, 0x90C6, 0x90C6, 0x90C6, 0x90C6, 0x90C6, 0x90C6, 0x90C6, 0x90C6, 0x90C6,
    0x90C6, 0x88C6, 0x88C6, 0x88C6, 0x88C6, 0x88C6, 0x88A6, 0x88A6, 0x88A6, 0x88A6, 0x88A6, 0x88A6, 0x88A6, 0x88A6, 0x88A6, 0x88A6,
    0x80A6, 0x80A6, 0x80A6, 0x80A6, 0x80A6, 0x80A6, 0x80A6, 0x80A6, 0x80A6, 0x80A6, 0x80A6, 0x80A6, 0x7886, 0x7886, 0x7886, 0x7886,
    0x7886, 0x7886, 0x7886, 0x7886, 0x7886, 0x7886, 0x7886, 0x7886, 0x7886, 0x7886, 0x7886, 0x7886, 0x7886, 0x7886, 0x7886, 0x7886,
    0x7886, 0x7886, 0x7886, 0x7886, 0x7886, 0x7886, 0x7886, 0x7886, 0x7886, 0x7886, 0x7886, 0x7886, 0x7886, 0x7886, 0x7886, 0x7886,
    0x7886, 0x7886, 0x7886, 0x7886, 0x7886, 0x7886, 0x7886, 0x7886, 0x7886, 0x7886, 0x7886, 0x7886, 0x7886, 0x7886, 0x7886, 0x7886,
    0x7886, 0x7886, 0x7886, 0x7886, 0x7886, 0x7886, 0x7886, 0x7886, 0x7886, 0x7886, 0x7886, 0x7886, 0x7886, 0x7886, 0x7886, 0x7885,
    0x7885, 0x7885, 0x7885, 0x7885, 0x98C7, 0x98C7, 0x98E7, 0x98E7, 0x98E7, 0x98E7, 0x98E7, 0x98E7, 0x98E7, 0x98E7, 0x98E7, 0x98E7,
    0x98E7, 0x98E7, 0x98E7, 0x98E7, 0x98E7, 0x98E7, 0x98E7, 0x98E7, 0x98E7, 0x98E7, 0x98E7, 0x98E7, 0x98E7, 0x98E7, 0x98E7, 0x98E7,
    0x98E7, 0x98E7, 0x98E7, 0x98E7, 0x98E7, 0x98E7, 0x98E7, 0x98E7, 0x98E7, 0x98E7, 0x98E7, 0x98E7, 0x98C7, 0x98C7, 0x98C7, 0x98C7,
    0x98C7, 0x98C7, 0x98C7, 0x98C7, 0x98C7, 0x98C7, 0x90C7, 0x90C7, 0x90C7, 0x90C7, 0x90C7, 0x90C6, 0x90C6, 0x90C6, 0x90C6, 0x90C6,
    0x90C6, 0x90C6, 0x90C6, 0x90C6, 0x90C6, 0x90C6, 0x90C6, 0x90C6, 0x90C6, 0x90C6, 0x88C6, 0x88C6, 0x88C6, 0x88C6, 0x88C6, 0x88A6,
    0x88A6, 0x88A6, 0x88A6, 0x88A6, 0x88A6, 0x88A6, 0x88A6, 0x88A6, 0x88A6, 0x80A6, 0x80A6, 0x80A6, 0x80A6, 0x80A6, 0x80A6, 0x80A6,
    0x80A6, 0x80A6, 0x80A6, 0x80A6, 0x80A6, 0x80A6, 0x8086, 0x7886, 0x7886, 0x7886, 0x7886, 0x7886, 0x7886, 0x7886, 0x7886, 0x7886,
    0x7886, 0x7886, 0x7886, 0x7886, 0x7886, 0x7886, 0x7886, 0x7886, 0x7886, 0x7886, 0x7886, 0x7886, 0x7886, 0x7886, 0x7886, 0x7886,
    0x7886, 0x7886, 0x7886, 0x7886, 0x7886, 0x7886, 0x7886, 0x7886, 0x7886, 0x7886, 0x7886, 0x7886, 0x7886, 0x7886, 0x7886, 0x7886,
    0x7886, 0x7886, 0x7886, 0x7886, 0x7886, 0x7886, 0x7886, 0x7886, 0x7886, 0x7886, 0x7886, 0x7886, 0x7886, 0x7886, 0x7886, 0x7886,
    0x7886, 0x7886, 0x7886, 0x7886, 0x7886, 0x7886, 0x7886, 0x7886, 0x7886, 0x7886, 0x7886, 0x7885, 0x7885, 0x7885, 0x7885, 0x7885,
    0x90C7, 0x90C7, 0x98C7, 0x98E7, 0x98E7, 0x98E7, 0x98E7, 0x98E7, 0x98E7, 0x98E7, 0x98E7, 0x98E7, 0x98E7, 0x98E7, 0x98E7, 0x98E7,
    0x98E7, 0x98E7, 0x98E7, 0x98E7, 0x98E7, 0x98E7, 0x98E7, 0x98E7, 0x98E7, 0x98E7, 0x98E7, 0x98E7, 0x98E7, 0x98E7, 0x98E7, 0x98E7,
    0x98E7, 0x98E7, 0x98E7, 0x98E7, 0x98C7, 0x98C7, 0x98C7, 0x98C7, 0x98C7, 0x98C7, 0x98C7, 0x98C7, 0x98C7, 0x90C7, 0x98C7, 0x98C7,
    0x90C7, 0x90C7, 0x90C7, 0x90C7, 0x90C6, 0x90C6, 0x90C6, 0x90C6, 0x90C6, 0x90C6, 0x90C6, 0x90C6, 0x90C6, 0x90C6, 0x90C6, 0x90C6,
    0x90C6, 0x90C6, 0x90C6, 0x88C6, 0x90C6, 0x88C6, 0x88C6, 0x88C6, 0x88C6, 0x88A6, 0x88A6, 0x88A6, 0x88A6, 0x88A6, 0x88A6, 0x88A6,
    0x88A6, 0x88A6, 0x88A6, 0x88A6, 0x80A6, 0x80A6, 0x80A6, 0x80A6, 0x80A6, 0x80A6, 0x80A6, 0x80A6, 0x80A6, 0x80A6, 0x80A6, 0x80A6,
    0x80A6, 0x7886, 0x7886, 0x7886, 0x7886, 0x7886, 0x7886, 0x7886, 0x7886, 0x7886, 0x7886, 0x7886, 0x7886, 0x7886, 0x7886, 0x7886,
    0x7886, 0x7886, 0x7886, 0x7886, 0x7886, 0x7886, 0x7886, 0x7886, 0x7886, 0x7886, 0x7886, 0x7886, 0x7886, 0x7886, 0x7886, 0x7886,
    0x7886, 0x7886, 0x7886, 0x7886, 0x7886, 0x7886, 0x7886, 0x7886, 0x7886, 0x7886, 0x7886, 0x7886, 0x7886, 0x7886, 0x7886, 0x7886,
    0x7886, 0x7886, 0x7886, 0x7886, 0x7886, 0x7886, 0x7886, 0x7886, 0x7886, 0x7886, 0x7886, 0x7886, 0x7886, 0x7886, 0x7886, 0x7886,
    0x7886, 0x7886, 0x7886, 0x7886, 0x7886, 0x7886, 0x7885, 0x7885, 0x7885, 0x7885, 0x7885, 0x7885, 0x90C6, 0x90C7, 0x90C7, 0x98C7,
    0x98C7, 0x98E7, 0x98E7, 0x98E7, 0x98E7, 0x98E7, 0x98E7, 0x98E7, 0x98E7, 0x98E7, 0x98E7, 0x98E7, 0x98E7, 0x98E7, 0x98E7, 0x98E7,
    0x98E7, 0x98E7, 0x98E7, 0x98E7, 0x98E7, 0x98E7, 0x98C7, 0x98C7, 0x98C7, 0x98C7, 0x98C7, 0x98C7, 0x98C7, 0x98C7, 0x98C7, 0x98C7,
    0x98C7, 0x98C7, 0x98C7, 0x98C7, 0x98C7, 0x98C7, 0x90C7, 0x90C7, 0x90C7, 0x90C7, 0x90C7, 0x90C7, 0x90C6, 0x90C6, 0x90C6, 0x90C6,
    0x90C6, 0x90C6, 0x90C6, 0x90C6, 0x90C6, 0x90C6, 0x90C6, 0x90C6, 0x90C6, 0x90C6, 0x90C6, 0x90C6, 0x90C6, 0x88C6, 0x88C6, 0x88C6,
    0x88C6, 0x88C6, 0x88C6, 0x88A6, 0x88A6, 0x88A6, 0x88A6, 0x88A6, 0x88A6, 0x88A6, 0x88A6, 0x88A6, 0x88A6, 0x88A6, 0x80A6, 0x80A6,
    0x80A6, 0x80A6, 0x80A6, 0x80A6, 0x80A6, 0x80A6, 0x80A6, 0x80A6, 0x80A6, 0x80A6, 0x80A6, 0x7886, 0x7886, 0x7886, 0x7886, 0x7886,
    0x7886, 0x7886, 0x7886, 0x7886, 0x7886, 0x7886, 0x7886, 0x7886, 0x7886, 0x7886, 0x7886, 0x7886, 0x7886, 0x7886, 0x7886, 0x7886,
    0x7886, 0x7886, 0x7886, 0x7886, 0x7886, 0x7886, 0x7886, 0x7886, 0x7886, 0x7886, 0x7886, 0x7886, 0x7886, 0x7886, 0x7886, 0x7886,
    0x7886, 0x7886, 0x7886, 0x7886, 0x7886, 0x7886, 0x7886, 0x7886, 0x7886, 0x7886, 0x7886, 0x7886, 0x7886, 0x7886, 0x7886, 0x7886,
    0x7886, 0x7886, 0x7886, 0x7886, 0x7886, 0x7886, 0x7886, 0x7886, 0x7886, 0x7886, 0x7886, 0x7886, 0x7886, 0x7886, 0x7886, 0x7886,
    0x7886, 0x7885, 0x7885, 0x7885, 0x7885, 0x7885, 0x7885, 0x7885, 0x90C6, 0x90C6, 0x90C6, 0x90C6, 0x90C6, 0x90C6, 0x90C6, 0x90C7,
    0x98C7, 0x98C7, 0x98C7, 0x98C7, 0x98C7, 0x98C7, 0x98C7, 0x98C7, 0x98C7, 0x98C7, 0x98C7, 0x98C7, 0x98C7, 0x98C7, 0x98C7, 0x98C7,
    0x98C7, 0x98C7, 0x98C7, 0x98C7, 0x98C7, 0x98C7, 0x98C7, 0x98C7, 0x98C7, 0x98C7, 0x98C7, 0x90C7, 0x90C7, 0x90C7, 0x90C7, 0x90C7,
    0x90C7, 0x90C7, 0x90C6, 0x90C6, 0x90C6, 0x90C6, 0x90C6, 0x90C6, 0x90C6, 0x90C6, 0x90C6, 0x90C6, 0x90C6, 0x90C6, 0x90C6, 0x90C6,
    0x90C6, 0x90C6, 0x90C6, 0x90C6, 0x90C6, 0x90C6, 0x88C6, 0x88C6, 0x88C6, 0x88C6, 0x88C6, 0x88C6, 0x88A6, 0x88A6, 0x88A6, 0x88A6,
    0x88A6, 0x88A6, 0x88A6, 0x88A6, 0x88A6, 0x88A6, 0x88A6, 0x80A6, 0x80A6, 0x80A6, 0x80A6, 0x80A6, 0x80A6, 0x80A6, 0x80A6, 0x80A6,
    0x80A6, 0x80A6, 0x80A6, 0x80A6, 0x8086, 0x7886, 0x7886, 0x7886, 0x7886, 0x7886, 0x7886, 0x7886, 0x7886, 0x7886, 0x7886, 0x7886,
    0x7886, 0x7886, 0x7886, 0x7886, 0x7886, 0x7886, 0x7886, 0x7886, 0x7886, 0x7886, 0x7886, 0x7886, 0x7886, 0x7886, 0x7886, 0x7886,
    0x7886, 0x7886, 0x7886, 0x7886, 0x7886, 0x7886, 0x7886, 0x7886, 0x7886, 0x7886, 0x7886, 0x7886, 0x7886, 0x7886, 0x7886, 0x7886,
    0x7886, 0x7886, 0x7886, 0x7886, 0x7886, 0x7886, 0x7886, 0x7886, 0x7886, 0x7886, 0x7886, 0x7886, 0x7886, 0x7886, 0x7886, 0x7886,
    0x7886, 0x7886, 0x7886, 0x7886, 0x7886, 0x7886, 0x7886, 0x7886, 0x7886, 0x7886, 0x7886, 0x7886, 0x7885, 0x7885, 0x7885, 0x7885,
    0x7885, 0x7885, 0x7885, 0x7885, 0x90C6, 0x90C6, 0x90C6, 0x90C6, 0x90C6, 0x90C6, 0x90C6, 0x90C6, 0x90C7, 0x90C7, 0x90C7, 0x90C7,
    0x90C7, 0x98C7, 0x98C7, 0x98C7, 0x98C7, 0x98C7, 0x98C7, 0x98C7, 0x98C7, 0x98C7, 0x98C7, 0x98C7, 0x98C7, 0x98C7, 0x98C7, 0x98C7,
    0x98C7, 0x98C7, 0x90C7, 0x90C7, 0x90C7, 0x90C7, 0x90C7, 0x90C7, 0x90C7, 0x90C7, 0x90C6, 0x90C6, 0x90C6, 0x90C6, 0x90C6, 0x90C6,
    0x90C6, 0x90C6, 0x90C6, 0x90C6, 0x90C6, 0x90C6, 0x90C6, 0x90C6, 0x90C6, 0x90C6, 0x90C6, 0x90C6, 0x90C6, 0x90C6, 0x90C6, 0x90C6,
    0x88C6, 0x88C6, 0x88C6, 0x88C6, 0x88C6, 0x88C6, 0x88A6, 0x88A6, 0x88A6, 0x88A6, 0x88A6, 0x88A6, 0x88A6, 0x88A6, 0x88A6, 0x88A6,
    0x88A6, 0x88A6, 0x80A6, 0x80A6, 0x80A6, 0x80A6, 0x80A6, 0x80A6, 0x80A6, 0x80A6, 0x80A6, 0x80A6, 0x80A6, 0x80A6, 0x80A6, 0x80A6,
    0x7886, 0x7886, 0x7886, 0x7886, 0x7886, 0x7886, 0x7886, 0x7886, 0x7886, 0x7886, 0x7886, 0x7886, 0x7886, 0x7886, 0x7886, 0x7886,
    0x7886, 0x7886, 0x7886, 0x7886, 0x7886, 0x7886, 0x7886, 0x7886, 0x7886, 0x7886, 0x7886, 0x7886, 0x7886, 0x7886, 0x7886, 0x7886,
    0x7886, 0x7886, 0x7886, 0x7886, 0x7886, 0x7886, 0x7886, 0x7886, 0x7886, 0x7886, 0x7886, 0x7886, 0x7886, 0x7886, 0x7886, 0x7886,
    0x7886, 0x7886, 0x7886, 0x7886, 0x7886, 0x7886, 0x7886, 0x7886, 0x7886, 0x7886, 0x7886, 0x7886, 0x7886, 0x7886, 0x7886, 0x7886,
    0x7886, 0x7886, 0x7886, 0x7886, 0x7886, 0x7886, 0x7886, 0x7886, 0x7885, 0x7885, 0x7885, 0x7885, 0x7885, 0x7885, 0x7885, 0x7885,
    0x90C6, 0x90C6, 0x90C6, 0x90C6, 0x90C6, 0x90C6, 0x90C6, 0x90C6, 0x90C6, 0x90C7, 0x90C7, 0x90C7, 0x90C7, 0x90C7, 0x90C7, 0x90C7,
    0x90C7, 0x90C7, 0x90C7, 0x90C7, 0x90C7, 0x90C7, 0x90C7, 0x90C7, 0x90C7, 0x90C7, 0x90C7, 0x90C7, 0x90C6, 0x90C6, 0x90C6, 0x90C6,
    0x90C6, 0x90C6, 0x90C6, 0x90C6, 0x90C6, 0x90C6, 0x90C6, 0x90C6, 0x90C6, 0x90C6, 0x90C6, 0x90C6, 0x90C6, 0x90C6, 0x90C6, 0x90C6,
    0x90C6, 0x90C6, 0x90C6, 0x90C6, 0x90C6, 0x90C6, 0x90C6, 0x90C6, 0x88C6, 0x88C6, 0x88C6, 0x88C6, 0x88C6, 0x88C6, 0x88C6, 0x88A6,
    0x88A6, 0x88A6, 0x88A6, 0x88A6, 0x88A6, 0x88A6, 0x88A6, 0x88A6, 0x88A6, 0x88A6, 0x88A6, 0x80A6, 0x80A6, 0x80A6, 0x80A6, 0x80A6,
    0x80A6, 0x80A6, 0x80A6, 0x80A6, 0x80A6, 0x80A6, 0x80A6, 0x80A6, 0x80A6, 0x8086, 0x7886, 0x7886, 0x7886, 0x7886, 0x7886, 0x7886,
    0x7886, 0x7886, 0x7886, 0x7886, 0x7886, 0x7886, 0x7886, 0x7886, 0x7886, 0x7886, 0x7886, 0x7886, 0x7886, 0x7886, 0x7886, 0x7886,
    0x7886, 0x7886, 0x7886, 0x7886, 0x7886, 0x7886, 0x7886, 0x7886, 0x7886, 0x7886, 0x7886, 0x7886, 0x7886, 0x7886, 0x7886, 0x7886,
    0x7886, 0x7886, 0x7886, 0x7886, 0x7886, 0x7886, 0x7886, 0x7886, 0x7886, 0x7886, 0x7886, 0x7886, 0x7886, 0x7886, 0x7886, 0x7886,
    0x7886, 0x7886, 0x7886, 0x7886, 0x7886, 0x7886, 0x7886, 0x7886, 0x7886, 0x7886, 0x7886, 0x7886, 0x7886, 0x7886, 0x7886, 0x7886,
    0x7886, 0x7886, 0x7886, 0x7885, 0x7885, 0x7885, 0x7885, 0x7885, 0x7885, 0x7885, 0x7885, 0x7885, 0x90C6, 0x88C6, 0x90C6, 0x90C6,
    0x90C6, 0x90C6, 0x90C6, 0x90C6, 0x90C6, 0x90C6, 0x90C6, 0x90C6, 0x90C6, 0x90C6, 0x90C6, 0x90C6, 0x90C6, 0x90C6, 0x90C6, 0x90C6,
    0x90C6, 0x90C6, 0x90C6, 0x90C6, 0x90C6, 0x90C6, 0x90C6, 0x90C6, 0x90C6, 0x90C6, 0x90C6, 0x90C6, 0x90C6, 0x90C6, 0x90C6, 0x90C6,
    0x90C6, 0x90C6, 0x90C6, 0x90C6, 0x90C6, 0x90C6, 0x90C6, 0x90C6, 0x90C6, 0x90C6, 0x90C6, 0x90C6, 0x90C6, 0x90C6, 0x90C6, 0x90C6,
    0x90C6, 0x90C6, 0x88C6, 0x88C6, 0x88C6, 0x88C6, 0x88C6, 0x88C6, 0x88A6, 0x88A6, 0x88A6, 0x88A6, 0x88A6, 0x88A6, 0x88A6, 0x88A6,
    0x88A6, 0x88A6, 0x88A6, 0x88A6, 0x88A6, 0x80A6, 0x80A6, 0x80A6, 0x80A6, 0x80A6, 0x80A6, 0x80A6, 0x80A6, 0x80A6, 0x80A6, 0x80A6,
    0x80A6, 0x80A6, 0x80A6, 0x80A6, 0x7886, 0x7886, 0x7886, 0x7886, 0x7886, 0x7886, 0x7886, 0x7886, 0x7886, 0x7886, 0x7886, 0x7886,
    0x7886, 0x7886, 0x7886, 0x7886, 0x7886, 0x7886, 0x7886, 0x7886, 0x7886, 0x7886, 0x7886, 0x7886, 0x7886, 0x7886, 0x7886, 0x7886,
    0x7886, 0x7886, 0x7886, 0x7886, 0x7886, 0x7886, 0x7886, 0x7886, 0x7886, 0x7886, 0x7886, 0x7886, 0x7886, 0x7886, 0x7886, 0x7886,
    0x7886, 0x7886, 0x7886, 0x7886, 0x7886, 0x7886, 0x7886, 0x7886, 0x7886, 0x7886, 0x7886, 0x7886, 0x7886, 0x7886, 0x7886, 0x7886,
    0x7886, 0x7886, 0x7886, 0x7886, 0x7886, 0x7886, 0x7886, 0x7886, 0x7886, 0x7886, 0x7886, 0x7886, 0x7886, 0x7886, 0x7885, 0x7885,
    0x7885, 0x7885, 0x7885, 0x7885, 0x7885, 0x7885, 0x7885, 0x7885, 0x88C6, 0x88C6, 0x88C6, 0x90C6, 0x90C6, 0x90C6, 0x90C6, 0x90C6,
    0x90C6, 0x90C6, 0x90C6, 0x90C6, 0x90C6, 0x90C6, 0x90C6, 0x90C6, 0x90C6, 0x90C6, 0x90C6, 0x90C6, 0x90C6, 0x90C6, 0x90C6, 0x90C6,
    0x90C6, 0x90C6, 0x90C6, 0x90C6, 0x90C6, 0x90C6, 0x90C6, 0x90C6, 0x90C6, 0x90C6, 0x90C6, 0x90C6, 0x90C6, 0x90C6, 0x90C6, 0x90C6,
    0x90C6, 0x90C6, 0x90C6, 0x90C6, 0x90C6, 0x90C6, 0x90C6, 0x90C6, 0x90C6, 0x88C6, 0x88C6, 0x88C6, 0x88C6, 0x88C6, 0x88C6, 0x88C6,
    0x88C6, 0x88A6, 0x88A6, 0x88A6, 0x88A6, 0x88A6, 0x88A6, 0x88A6, 0x88A6, 0x88A6, 0x88A6, 0x88A6, 0x88A6, 0x88A6, 0x80A6, 0x80A6,
    0x80A6, 0x80A6, 0x80A6, 0x80A6, 0x80A6, 0x80A6, 0x80A6, 0x80A6, 0x80A6, 0x80A6, 0x80A6, 0x80A6, 0x80A6, 0x8086, 0x7886, 0x7886,
    0x7886, 0x7886, 0x7886, 0x7886, 0x7886, 0x7886, 0x7886, 0x7886, 0x7886, 0x7886, 0x7886, 0x7886, 0x7886, 0x7886, 0x7886, 0x7886,
    0x7886, 0x7886, 0x7886, 0x7886, 0x7886, 0x7886, 0x7886, 0x7886, 0x7886, 0x7886, 0x7886, 0x7886, 0x7886, 0x7886, 0x7886, 0x7886,
    0x7886, 0x7886, 0x7886, 0x7886, 0x7886, 0x7886, 0x7886, 0x7886, 0x7886, 0x7886, 0x7886, 0x7886, 0x7886, 0x7886, 0x7886, 0x7886,
    0x7886, 0x7886, 0x7886, 0x7886, 0x7886, 0x7886, 0x7886, 0x7886, 0x7886, 0x7886, 0x7886, 0x7886, 0x7886, 0x7886, 0x7886, 0x7886,
    0x7886, 0x7886, 0x7886, 0x7886, 0x7886, 0x7886, 0x7886, 0x7886, 0x7886, 0x7886, 0x7885, 0x7885, 0x7885, 0x7885, 0x7885, 0x7885,
    0x7885, 0x7885, 0x7885, 0x7885, 0x88C6, 0x88C6, 0x88C6, 0x88C6, 0x88C6, 0x88C6, 0x90C6, 0x90C6, 0x90C6, 0x90C6, 0x90C6, 0x90C6,
    0x90C6, 0x90C6, 0x90C6, 0x90C6, 0x90C6, 0x90C6, 0x90C6, 0x90C6, 0x90C6, 0x90C6, 0x90C6, 0x90C6, 0x90C6, 0x90C6, 0x90C6, 0x90C6,
    0x90C6, 0x90C6, 0x90C6, 0x90C6, 0x90C6, 0x90C6, 0x90C6, 0x90C6, 0x90C6, 0x90C6, 0x90C6, 0x90C6, 0x90C6, 0x90C6, 0x90C6, 0x90C6,
    0x88C6, 0x88C6, 0x88C6, 0x88C6, 0x88C6, 0x88C6, 0x88C6, 0x88C6, 0x88A6, 0x88A6, 0x88A6, 0x88A6, 0x88A6, 0x88A6, 0x88A6, 0x88A6,
    0x88A6, 0x88A6, 0x88A6, 0x88A6, 0x88A6, 0x88A6, 0x88A6, 0x80A6, 0x80A6, 0x80A6, 0x80A6, 0x80A6, 0x80A6, 0x80A6, 0x80A6, 0x80A6,
    0x80A6, 0x80A6, 0x80A6, 0x80A6, 0x80A6, 0x80A6, 0x80A6, 0x8086, 0x7886, 0x7886, 0x7886, 0x7886, 0x7886, 0x7886, 0x7886, 0x7886,
    0x7886, 0x7886, 0x7886, 0x7886, 0x7886, 0x7886, 0x7886, 0x7886, 0x7886, 0x7886, 0x7886, 0x7886, 0x7886, 0x7886, 0x7886, 0x7886,
    0x7886, 0x7886, 0x7886, 0x7886, 0x7886, 0x7886, 0x7886, 0x7886, 0x7886, 0x7886, 0x7886, 0x7886, 0x7886, 0x7886, 0x7886, 0x7886,
    0x7886, 0x7886, 0x7886, 0x7886, 0x7886, 0x7886, 0x7886, 0x7886, 0x7886, 0x7886, 0x7886, 0x7886, 0x7886, 0x7886, 0x7886, 0x7886,
    0x7886, 0x7886, 0x7886, 0x7886, 0x7886, 0x7886, 0x7886, 0x7886, 0x7886, 0x7886, 0x7886, 0x7886, 0x7886, 0x7886, 0x7886, 0x7886,
    0x7886, 0x7886, 0x7886, 0x7886, 0x7885, 0x7885, 0x7885, 0x7885, 0x7885, 0x7885, 0x7885, 0x7885, 0x7885, 0x7885, 0x7885, 0x7885,
    0x88C6, 0x88C6, 0x88C6, 0x88C6, 0x88C6, 0x88C6, 0x88C6, 0x88C6, 0x88C6, 0x90C6, 0x90C6, 0x90C6, 0x90C6, 0x90C6, 0x90C6, 0x90C6,
    0x90C6, 0x90C6, 0x90C6, 0x90C6, 0x90C6, 0x90C6, 0x90C6, 0x90C6, 0x90C6, 0x90C6, 0x90C6, 0x90C6, 0x90C6, 0x90C6, 0x90C6, 0x90C6,
    0x90C6, 0x90C6, 0x90C6, 0x90C6, 0x90C6, 0x90C6, 0x90C6, 0x90C6, 0x88C6, 0x88C6, 0x88C6, 0x88C6, 0x88C6, 0x88C6, 0x88C6, 0x88C6,
    0x88C6, 0x88C6, 0x88A6, 0x88A6, 0x88A6, 0x88A6, 0x88A6, 0x88A6, 0x88A6, 0x88A6, 0x88A6, 0x88A6, 0x88A6, 0x88A6, 0x88A6, 0x88A6,
    0x88A6, 0x80A6, 0x80A6, 0x80A6, 0x80A6, 0x80A6, 0x80A6, 0x80A6, 0x80A6, 0x80A6, 0x80A6, 0x80A6, 0x80A6, 0x80A6, 0x80A6, 0x80A6,
    0x80A6, 0x80A6, 0x7886, 0x7886, 0x7886, 0x7886, 0x7886, 0x7886, 0x7886, 0x7886, 0x7886, 0x7886, 0x7886, 0x7886, 0x7886, 0x7886,
    0x7886, 0x7886, 0x7886, 0x7886, 0x7886, 0x7886, 0x7886, 0x7886, 0x7886, 0x7886, 0x7886, 0x7886, 0x7886, 0x7886, 0x7886, 0x7886,
    0x7886, 0x7886, 0x7886, 0x7886, 0x7886, 0x7886, 0x7886, 0x7886, 0x7886, 0x7886, 0x7886, 0x7886, 0x7886, 0x7886, 0x7886, 0x7886,
    0x7886, 0x7886, 0x7886, 0x7886, 0x7886, 0x7886, 0x7886, 0x7886, 0x7886, 0x7886, 0x7886, 0x7886, 0x7886, 0x7886, 0x7886, 0x7886,
    0x7886, 0x7886, 0x7886, 0x7886, 0x7886, 0x7886, 0x7886, 0x7886, 0x7886, 0x7886, 0x7886, 0x7886, 0x7886, 0x7886, 0x7886, 0x7886,
    0x7885, 0x7885, 0x7885, 0x7885, 0x7885, 0x7885, 0x7885, 0x7885, 0x7885, 0x7885, 0x7885, 0x7885, 0x88A6, 0x88A6, 0x88A6, 0x88A6,
    0x88A6, 0x88A6, 0x88A6, 0x88A6, 0x88C6, 0x88C6, 0x88C6, 0x88C6, 0x88C6, 0x90C6, 0x90C6, 0x90C6, 0x90C6, 0x90C6, 0x90C6, 0x90C6,
    0x90C6, 0x90C6, 0x90C6, 0x90C6, 0x90C6, 0x90C6, 0x90C6, 0x90C6, 0x90C6, 0x90C6, 0x90C6, 0x88C6, 0x88C6, 0x88C6, 0x88C6, 0x88C6,
    0x88C6, 0x88C6, 0x88C6, 0x88C6, 0x88C6, 0x88C6, 0x88C6, 0x88C6, 0x88A6, 0x88A6, 0x88A6, 0x88A6, 0x88A6, 0x88A6, 0x88A6, 0x88A6,
    0x88A6, 0x88A6, 0x88A6, 0x88A6, 0x88A6, 0x88A6, 0x88A6, 0x88A6, 0x88A6, 0x88A6, 0x80A6, 0x80A6, 0x80A6, 0x80A6, 0x80A6, 0x80A6,
    0x80A6, 0x80A6, 0x80A6, 0x80A6, 0x80A6, 0x80A6, 0x80A6, 0x80A6, 0x80A6, 0x80A6, 0x80A6, 0x8086, 0x7886, 0x7886, 0x7886, 0x7886,
    0x7886, 0x7886, 0x7886, 0x7886, 0x7886, 0x7886, 0x7886, 0x7886, 0x7886, 0x7886, 0x7886, 0x7886, 0x7886, 0x7886, 0x7886, 0x7886,
    0x7886, 0x7886, 0x7886, 0x7886, 0x7886, 0x7886, 0x7886, 0x7886, 0x7886, 0x7886, 0x7886, 0x7886, 0x7886, 0x7886, 0x7886, 0x7886,
    0x7886, 0x7886, 0x7886, 0x7886, 0x7886, 0x7886, 0x7886, 0x7886, 0x7886, 0x7886, 0x7886, 0x7886, 0x7886, 0x7886, 0x7886, 0x7886,
    0x7886, 0x7886, 0x7886, 0x7886, 0x7886, 0x7886, 0x7886, 0x7886, 0x7886, 0x7886, 0x7886, 0x7886, 0x7886, 0x7886, 0x7886, 0x7886,
    0x7886, 0x7886, 0x7886, 0x7886, 0x7886, 0x7886, 0x7886, 0x7886, 0x7886, 0x7886, 0x7886, 0x7885, 0x7885, 0x7885, 0x7885, 0x7885,
    0x7885, 0x7885, 0x7885, 0x7885, 0x7885, 0x7885, 0x7885, 0x7885, 0x88A6, 0x88A6, 0x88A6, 0x88A6, 0x88A6, 0x88A6, 0x88A6, 0x88A6,
    0x88A6, 0x88C6, 0x88C6, 0x88C6, 0x88C6, 0x88C6, 0x88C6, 0x88C6, 0x88C6, 0x88C6, 0x88C6, 0x90C6, 0x90C6, 0x90C6, 0x90C6, 0x88C6,
    0x88C6, 0x88C6, 0x88C6, 0x88C6, 0x88C6, 0x88C6, 0x88C6, 0x88C6, 0x88C6, 0x88C6, 0x88C6, 0x88C6, 0x88C6, 0x88C6, 0x88C6, 0x88C6,
    0x88A6, 0x88A6, 0x88A6, 0x88A6, 0x88A6, 0x88A6, 0x88A6, 0x88A6, 0x88A6, 0x88A6, 0x88A6, 0x88A6, 0x88A6, 0x88A6, 0x88A6, 0x88A6,
    0x88A6, 0x88A6, 0x88A6, 0x88A6, 0x80A6, 0x80A6, 0x80A6, 0x80A6, 0x80A6, 0x80A6, 0x80A6, 0x80A6, 0x80A6, 0x80A6, 0x80A6, 0x80A6,
    0x80A6, 0x80A6, 0x80A6, 0x80A6, 0x80A6, 0x7886, 0x7886, 0x7886, 0x7886, 0x7886, 0x7886, 0x7886, 0x7886, 0x7886, 0x7886, 0x7886,
    0x7886, 0x7886, 0x7886, 0x7886, 0x7886, 0x7886, 0x7886, 0x7886, 0x7886, 0x7886, 0x7886, 0x7886, 0x7886, 0x7886, 0x7886, 0x7886,
    0x7886, 0x7886, 0x7886, 0x7886, 0x7886, 0x7886, 0x7886, 0x7886, 0x7886, 0x7886, 0x7886, 0x7886, 0x7886, 0x7886, 0x7886, 0x7886,
    0x7886, 0x7886, 0x7886, 0x7886, 0x7886, 0x7886, 0x7886, 0x7886, 0x7886, 0x7886, 0x7886, 0x7886, 0x7886, 0x7886, 0x7886, 0x7886,
    0x7886, 0x7886, 0x7886, 0x7886, 0x7886, 0x7886, 0x7886, 0x7886, 0x7886, 0x7886, 0x7886, 0x7886, 0x7886, 0x7886, 0x7886, 0x7886,
    0x7886, 0x7886, 0x7886, 0x7886, 0x7886, 0x7886, 0x7886, 0x7885, 0x7885, 0x7885, 0x7885, 0x7885, 0x7885, 0x7885, 0x7885, 0x7885,
    0x7885, 0x7885, 0x7885, 0x7885, 0x80A6, 0x80A6, 0x80A6, 0x88A6, 0x88A6, 0x88A6, 0x88A6, 0x88A6, 0x88A6, 0x88A6, 0x88C6, 0x88C6,
    0x88C6, 0x88C6, 0x88C6, 0x88C6, 0x88C6, 0x88C6, 0x88C6, 0x88C6, 0x88C6, 0x88C6, 0x88C6, 0x88C6, 0x88C6, 0x88C6, 0x88C6, 0x88C6,
    0x88C6, 0x88C6, 0x88C6, 0x88C6, 0x88A6, 0x88A6, 0x88A6, 0x88A6, 0x88A6, 0x88A6, 0x88A6, 0x88A6, 0x88A6, 0x88A6, 0x88A6, 0x88A6,
    0x88A6, 0x88A6, 0x88A6, 0x88A6, 0x88A6, 0x88A6, 0x88A6, 0x88A6, 0x88A6, 0x88A6, 0x88A6, 0x80A6, 0x80A6, 0x80A6, 0x80A6, 0x80A6,
    0x80A6, 0x80A6, 0x80A6, 0x80A6, 0x80A6, 0x80A6, 0x80A6, 0x80A6, 0x80A6, 0x80A6, 0x80A6, 0x80A6, 0x80A6, 0x80A6, 0x80A6, 0x7886,
    0x7886, 0x7886, 0x7886, 0x7886, 0x7886, 0x7886, 0x7886, 0x7886, 0x7886, 0x7886, 0x7886, 0x7886, 0x7886, 0x7886, 0x7886, 0x7886,
    0x7886, 0x7886, 0x7886, 0x7886, 0x7886, 0x7886, 0x7886, 0x7886, 0x7886, 0x7886, 0x7886, 0x7886, 0x7886, 0x7886, 0x7886, 0x7886,
    0x7886, 0x7886, 0x7886, 0x7886, 0x7886, 0x7886, 0x7886, 0x7886, 0x7886, 0x7886, 0x7886, 0x7886, 0x7886, 0x7886, 0x7886, 0x7886,
    0x7886, 0x7886, 0x7886, 0x7886, 0x7886, 0x7886, 0x7886, 0x7886, 0x7886, 0x7886, 0x7886, 0x7886, 0x7886, 0x7886, 0x7886, 0x7886,
    0x7886, 0x7886, 0x7886, 0x7886, 0x7886, 0x7886, 0x7886, 0x7886, 0x7886, 0x7886, 0x7886, 0x7886, 0x7886, 0x7886, 0x7886, 0x7886,
    0x7886, 0x7885, 0x7885, 0x7885, 0x7885, 0x7885, 0x7885, 0x7885, 0x7885, 0x7885, 0x7885, 0x7885, 0x7885, 0x7885, 0x7085, 0x7085,
    0x80A6, 0x80A6, 0x80A6, 0x80A6, 0x80A6, 0x80A6, 0x88A6, 0x88A6, 0x88A6, 0x88A6, 0x88A6, 0x88A6, 0x88A6, 0x88A6, 0x88A6, 0x88A6,
    0x88A6, 0x88A6, 0x88A6, 0x88A6, 0x88A6, 0x88A6, 0x88A6, 0x88A6, 0x88A6, 0x88A6, 0x88A6, 0x88A6, 0x88A6, 0x88A6, 0x88A6, 0x88A6,
    0x88A6, 0x88A6, 0x88A6, 0x88A6, 0x88A6, 0x88A6, 0x88A6, 0x88A6, 0x88A6, 0x88A6, 0x88A6, 0x88A6, 0x88A6, 0x88A6, 0x88A6, 0x88A6,
    0x88A6, 0x88A6, 0x80A6, 0x80A6, 0x80A6, 0x80A6, 0x80A6, 0x80A6, 0x80A6, 0x80A6, 0x80A6, 0x80A6, 0x80A6, 0x80A6, 0x80A6, 0x80A6,
    0x80A6, 0x80A6, 0x80A6, 0x80A6, 0x80A6, 0x80A6, 0x80A6, 0x80A6, 0x7886, 0x7886, 0x7886, 0x7886, 0x7886, 0x7886, 0x7886, 0x7886,
    0x7886, 0x7886, 0x7886, 0x7886, 0x7886, 0x7886, 0x7886, 0x7886, 0x7886, 0x7886, 0x7886, 0x7886, 0x7886, 0x7886, 0x7886, 0x7886,
    0x7886, 0x7886, 0x7886, 0x7886, 0x7886, 0x7886, 0x7886, 0x7886, 0x7886, 0x7886, 0x7886, 0x7886, 0x7886, 0x7886, 0x7886, 0x7886,
    0x7886, 0x7886, 0x7886, 0x7886, 0x7886, 0x7886, 0x7886, 0x7886, 0x7886, 0x7886, 0x7886, 0x7886, 0x7886, 0x7886, 0x7886, 0x7886,
    0x7886, 0x7886, 0x7886, 0x7886, 0x7886, 0x7886, 0x7886, 0x7886, 0x7886, 0x7886, 0x7886, 0x7886, 0x7886, 0x7886, 0x7886, 0x7886,
    0x7886, 0x7886, 0x7886, 0x7886, 0x7886, 0x7886, 0x7886, 0x7886, 0x7886, 0x7886, 0x7886, 0x7886, 0x7885, 0x7885, 0x7885, 0x7885,
    0x7885, 0x7885, 0x7885, 0x7885, 0x7885, 0x7885, 0x7885, 0x7885, 0x7885, 0x7885, 0x7085, 0x7085, 0x80A6, 0x80A6, 0x80A6, 0x80A6,
    0x80A6, 0x80A6, 0x80A6, 0x88A6, 0x88A6, 0x88A6, 0x88A6, 0x88A6, 0x88A6, 0x88A6, 0x88A6, 0x88A6, 0x88A6, 0x88A6, 0x88A6, 0x88A6,
    0x88A6, 0x88A6, 0x88A6, 0x88A6, 0x88A6, 0x88A6, 0x88A6, 0x88A6, 0x88A6, 0x88A6, 0x88A6, 0x88A6, 0x88A6, 0x88A6, 0x88A6, 0x88A6,
    0x88A6, 0x88A6, 0x88A6, 0x88A6, 0x88A6, 0x88A6, 0x88A6, 0x88A6, 0x88A6, 0x88A6, 0x88A6, 0x88A6, 0x80A6, 0x80A6, 0x80A6, 0x80A6,
    0x80A6, 0x80A6, 0x80A6, 0x80A6, 0x80A6, 0x80A6, 0x80A6, 0x80A6, 0x80A6, 0x80A6, 0x80A6, 0x80A6, 0x80A6, 0x80A6, 0x80A6, 0x80A6,
    0x80A6, 0x80A6, 0x7886, 0x7886, 0x7886, 0x7886, 0x7886, 0x7886, 0x7886, 0x7886, 0x7886, 0x7886, 0x7886, 0x7886, 0x7886, 0x7886,
    0x7886, 0x7886, 0x7886, 0x7886, 0x7886, 0x7886, 0x7886, 0x7886, 0x7886, 0x7886, 0x7886, 0x7886, 0x7886, 0x7886, 0x7886, 0x7886,
    0x7886, 0x7886, 0x7886, 0x7886, 0x7886, 0x7886, 0x7886, 0x7886, 0x7886, 0x7886, 0x7886, 0x7886, 0x7886, 0x7886, 0x7886, 0x7886,
    0x7886, 0x7886, 0x7886, 0x7886, 0x7886, 0x7886, 0x7886, 0x7886, 0x7886, 0x7886, 0x7886, 0x7886, 0x7886, 0x7886, 0x7886, 0x7886,
    0x7886, 0x7886, 0x7886, 0x7886, 0x7886, 0x7886, 0x7886, 0x7886, 0x7886, 0x7886, 0x7886, 0x7886, 0x7886, 0x7886, 0x7886, 0x7886,
    0x7886, 0x7886, 0x7886, 0x7886, 0x7886, 0x7886, 0x7886, 0x7886, 0x7885, 0x7885, 0x7885, 0x7885, 0x7885, 0x7885, 0x7885, 0x7885,
    0x7885, 0x7885, 0x7885, 0x7885, 0x7885, 0x7085, 0x7085, 0x7085, 0x80A6, 0x80A6, 0x80A6, 0x80A6, 0x80A6, 0x80A6, 0x80A6, 0x80A6,
    0x80A6, 0x80A6, 0x80A6, 0x80A6, 0x80A6, 0x88A6, 0x88A6, 0x88A6, 0x88A6, 0x88A6, 0x88A6, 0x88A6, 0x88A6, 0x88A6, 0x88A6, 0x88A6,
    0x88A6, 0x88A6, 0x88A6, 0x88A6, 0x88A6, 0x88A6, 0x88A6, 0x88A6, 0x88A6, 0x88A6, 0x88A6, 0x88A6, 0x88A6, 0x88A6, 0x88A6, 0x88A6,
    0x88A6, 0x88A6, 0x80A6, 0x80A6, 0x80A6, 0x80A6, 0x80A6, 0x80A6, 0x80A6, 0x80A6, 0x80A6, 0x80A6, 0x80A6, 0x80A6, 0x80A6, 0x80A6,
    0x80A6, 0x80A6, 0x80A6, 0x80A6, 0x80A6, 0x80A6, 0x80A6, 0x80A6, 0x80A6, 0x80A6, 0x8086, 0x7886, 0x7886, 0x7886, 0x7886, 0x7886,
    0x7886, 0x7886, 0x7886, 0x7886, 0x7886, 0x7886, 0x7886, 0x7886, 0x7886, 0x7886, 0x7886, 0x7886, 0x7886, 0x7886, 0x7886, 0x7886,
    0x7886, 0x7886, 0x7886, 0x7886, 0x7886, 0x7886, 0x7886, 0x7886, 0x7886, 0x7886, 0x7886, 0x7886, 0x7886, 0x7886, 0x7886, 0x7886,
    0x7886, 0x7886, 0x7886, 0x7886, 0x7886, 0x7886, 0x7886, 0x7886, 0x7886, 0x7886, 0x7886, 0x7886, 0x7886, 0x7886, 0x7886, 0x7886,
    0x7886, 0x7886, 0x7886, 0x7886, 0x7886, 0x7886, 0x7886, 0x7886, 0x7886, 0x7886, 0x7886, 0x7886, 0x7886, 0x7886, 0x7886, 0x7886,
    0x7886, 0x7886, 0x7886, 0x7886, 0x7886, 0x7886, 0x7886, 0x7886, 0x7886, 0x7886, 0x7886, 0x7886, 0x7886, 0x7886, 0x7886, 0x7886,
    0x7886, 0x7886, 0x7886, 0x7885, 0x7885, 0x7885, 0x7885, 0x7885, 0x7885, 0x7885, 0x7885, 0x7885, 0x7885, 0x7885, 0x7885, 0x7885,
    0x7085, 0x7085, 0x7085, 0x7085, 0x80A6, 0x80A6, 0x80A6, 0x80A6, 0x80A6, 0x80A6, 0x80A6, 0x80A6, 0x80A6, 0x80A6, 0x80A6, 0x80A6,
    0x80A6, 0x80A6, 0x80A6, 0x88A6, 0x88A6, 0x88A6, 0x88A6, 0x88A6, 0x88A6, 0x88A6, 0x88A6, 0x80A6, 0x88A6, 0x88A6, 0x88A6, 0x88A6,
    0x88A6, 0x88A6, 0x88A6, 0x88A6, 0x88A6, 0x80A6, 0x80A6, 0x88A6, 0x88A6, 0x88A6, 0x80A6, 0x80A6, 0x80A6, 0x80A6, 0x80A6, 0x80A6,
    0x80A6, 0x80A6, 0x80A6, 0x80A6, 0x80A6, 0x80A6, 0x80A6, 0x80A6, 0x80A6, 0x80A6, 0x80A6, 0x80A6, 0x80A6, 0x80A6, 0x80A6, 0x80A6,
    0x80A6, 0x80A6, 0x80A6, 0x80A6, 0x7886, 0x7886, 0x7886, 0x7886, 0x7886, 0x7886, 0x7886, 0x7886, 0x7886, 0x7886, 0x7886, 0x7886,
    0x7886, 0x7886, 0x7886, 0x7886, 0x7886, 0x7886, 0x7886, 0x7886, 0x7886, 0x7886, 0x7886, 0x7886, 0x7886, 0x7886, 0x7886, 0x7886,
    0x7886, 0x7886, 0x7886, 0x7886, 0x7886, 0x7886, 0x7886, 0x7886, 0x7886, 0x7886, 0x7886, 0x7886, 0x7886, 0x7886, 0x7886, 0x7886,
    0x7886, 0x7886, 0x7886, 0x7886, 0x7886, 0x7886, 0x7886, 0x7886, 0x7886, 0x7886, 0x7886, 0x7886, 0x7886, 0x7886, 0x7886, 0x7886,
    0x7886, 0x7886, 0x7886, 0x7886, 0x7886, 0x7886, 0x7886, 0x7886, 0x7886, 0x7886, 0x7886, 0x7886, 0x7886, 0x7886, 0x7886, 0x7886,
    0x7886, 0x7886, 0x7886, 0x7886, 0x7886, 0x7886, 0x7886, 0x7886, 0x7886, 0x7886, 0x7886, 0x7886, 0x7886, 0x7886, 0x7885, 0x7885,
    0x7885, 0x7885, 0x7885, 0x7885, 0x7885, 0x7885, 0x7885, 0x7885, 0x7885, 0x7885, 0x7885, 0x7085, 0x7085, 0x7085, 0x7085, 0x7085,
    0x78A6, 0x78A6, 0x80A6, 0x80A6, 0x80A6, 0x80A6, 0x80A6, 0x80A6, 0x80A6, 0x80A6, 0x80A6, 0x80A6, 0x80A6, 0x80A6, 0x80A6, 0x80A6,
    0x80A6, 0x80A6, 0x80A6, 0x80A6, 0x80A6, 0x80A6, 0x80A6, 0x80A6, 0x80A6, 0x88A6, 0x80A6, 0x80A6, 0x80A6, 0x80A6, 0x80A6, 0x80A6,
    0x80A6, 0x80A6, 0x80A6, 0x80A6, 0x80A6, 0x80A6, 0x80A6, 0x80A6, 0x80A6, 0x80A6, 0x80A6, 0x80A6, 0x80A6, 0x80A6, 0x80A6, 0x80A6,
    0x80A6, 0x80A6, 0x80A6, 0x80A6, 0x80A6, 0x80A6, 0x80A6, 0x80A6, 0x80A6, 0x80A6, 0x80A6, 0x80A6, 0x8086, 0x7886, 0x7886, 0x7886,
    0x7886, 0x7886, 0x7886, 0x7886, 0x7886, 0x7886, 0x7886, 0x7886, 0x7886, 0x7886, 0x7886, 0x7886, 0x7886, 0x7886, 0x7886, 0x7886,
    0x7886, 0x7886, 0x7886, 0x7886, 0x7886, 0x7886, 0x7886, 0x7886, 0x7886, 0x7886, 0x7886, 0x7886, 0x7886, 0x7886, 0x7886, 0x7886,
    0x7886, 0x7886, 0x7886, 0x7886, 0x7886, 0x7886, 0x7886, 0x7886, 0x7886, 0x7886, 0x7886, 0x7886, 0x7886, 0x7886, 0x7886, 0x7886,
    0x7886, 0x7886, 0x7886, 0x7886, 0x7886, 0x7886, 0x7886, 0x7886, 0x7886, 0x7886, 0x7886, 0x7886, 0x7886, 0x7886, 0x7886, 0x7886,
    0x7886, 0x7886, 0x7886, 0x7886, 0x7886, 0x7886, 0x7886, 0x7886, 0x7886, 0x7886, 0x7886, 0x7886, 0x7886, 0x7886, 0x7886, 0x7886,
    0x7886, 0x7886, 0x7886, 0x7886, 0x7886, 0x7886, 0x7886, 0x7886, 0x7886, 0x7885, 0x7885, 0x7885, 0x7885, 0x7885, 0x7885, 0x7885,
    0x7885, 0x7885, 0x7885, 0x7885, 0x7885, 0x7885, 0x7885, 0x7085, 0x7085, 0x7085, 0x7085, 0x7085, 0x78A5, 0x78A5, 0x78A5, 0x78A5,
    0x78A5, 0x80A6, 0x80A6, 0x80A6, 0x80A6, 0x80A6, 0x80A6, 0x80A6, 0x80A6, 0x80A6, 0x80A6, 0x80A6, 0x80A6, 0x80A6, 0x80A6, 0x80A6,
    0x80A6, 0x80A6, 0x80A6, 0x80A6, 0x80A6, 0x80A6, 0x80A6, 0x80A6, 0x80A6, 0x80A6, 0x80A6, 0x80A6, 0x80A6, 0x80A6, 0x80A6, 0x80A6,
    0x80A6, 0x80A6, 0x80A6, 0x80A6, 0x80A6, 0x80A6, 0x80A6, 0x80A6, 0x80A6, 0x80A6, 0x80A6, 0x80A6, 0x80A6, 0x80A6, 0x80A6, 0x80A6,
    0x80A6, 0x80A6, 0x80A6, 0x80A6, 0x8086, 0x7886, 0x7886, 0x7886, 0x7886, 0x7886, 0x7886, 0x7886, 0x7886, 0x7886, 0x7886, 0x7886,
    0x7886, 0x7886, 0x7886, 0x7886, 0x7886, 0x7886, 0x7886, 0x7886, 0x7886, 0x7886, 0x7886, 0x7886, 0x7886, 0x7886, 0x7886, 0x7886,
    0x7886, 0x7886, 0x7886, 0x7886, 0x7886, 0x7886, 0x7886, 0x7886, 0x7886, 0x7886, 0x7886, 0x7886, 0x7886, 0x7886, 0x7886, 0x7886,
    0x7886, 0x7886, 0x7886, 0x7886, 0x7886, 0x7886, 0x7886, 0x7886, 0x7886, 0x7886, 0x7886, 0x7886, 0x7886, 0x7886, 0x7886, 0x7886,
    0x7886, 0x7886, 0x7886, 0x7886, 0x7886, 0x7886, 0x7886, 0x7886, 0x7886, 0x7886, 0x7886, 0x7886, 0x7886, 0x7886, 0x7886, 0x7886,
    0x7886, 0x7886, 0x7886, 0x7886, 0x7886, 0x7886, 0x7886, 0x7886, 0x7886, 0x7886, 0x7886, 0x7886, 0x7886, 0x7886, 0x7886, 0x7886,
    0x7886, 0x7886, 0x7886, 0x7886, 0x7885, 0x7885, 0x7885, 0x7885, 0x7885, 0x7885, 0x7885, 0x7885, 0x7885, 0x7885, 0x7885, 0x7885,
    0x7885, 0x7085, 0x7085, 0x7085, 0x7085, 0x7085, 0x7085, 0x7085, 0x78A5, 0x78A5, 0x78A5, 0x78A5, 0x78A5, 0x78A5, 0x78A6, 0x78A6,
    0x80A6, 0x80A6, 0x80A6, 0x80A6, 0x80A6, 0x80A6, 0x80A6, 0x80A6, 0x80A6, 0x80A6, 0x80A6, 0x80A6, 0x80A6, 0x80A6, 0x80A6, 0x80A6,
    0x80A6, 0x80A6, 0x80A6, 0x80A6, 0x80A6, 0x80A6, 0x80A6, 0x80A6, 0x80A6, 0x80A6, 0x80A6, 0x80A6, 0x80A6, 0x80A6, 0x80A6, 0x80A6,
    0x80A6, 0x80A6, 0x80A6, 0x80A6, 0x80A6, 0x80A6, 0x80A6, 0x80A6, 0x80A6, 0x80A6, 0x80A6, 0x80A6, 0x80A6, 0x80A6, 0x8086, 0x7886,
    0x7886, 0x7886, 0x7886, 0x7886, 0x7886, 0x7886, 0x7886, 0x7886, 0x7886, 0x7886, 0x7886, 0x7886, 0x7886, 0x7886, 0x7886, 0x7886,
    0x7886, 0x7886, 0x7886, 0x7886, 0x7886, 0x7886, 0x7886, 0x7886, 0x7886, 0x7886, 0x7886, 0x7886, 0x7886, 0x7886, 0x7886, 0x7886,
    0x7886, 0x7886, 0x7886, 0x7886, 0x7886, 0x7886, 0x7886, 0x7886, 0x7886, 0x7886, 0x7886, 0x7886, 0x7886, 0x7886, 0x7886, 0x7886,
    0x7886, 0x7886, 0x7886, 0x7886, 0x7886, 0x7886, 0x7886, 0x7886, 0x7886, 0x7886, 0x7886, 0x7886, 0x7886, 0x7886, 0x7886, 0x7886,
    0x7886, 0x7886, 0x7886, 0x7886, 0x7886, 0x7886, 0x7886, 0x7886, 0x7886, 0x7886, 0x7886, 0x7886, 0x7886, 0x7886, 0x7886, 0x7886,
    0x7886, 0x7886, 0x7886, 0x7886, 0x7886, 0x7886, 0x7886, 0x7886, 0x7886, 0x7886, 0x7886, 0x7886, 0x7886, 0x7886, 0x7885, 0x7885,
    0x7885, 0x7885, 0x7885, 0x7885, 0x7885, 0x7885, 0x7885, 0x7885, 0x7885, 0x7885, 0x7885, 0x7885, 0x7885, 0x7085, 0x7085, 0x7085,
    0x7085, 0x7085, 0x7085, 0x7085, 0x78A5, 0x78A5, 0x78A5, 0x78A5, 0x78A5, 0x78A5, 0x78A5, 0x78A6, 0x78A6, 0x78A6, 0x78A6, 0x78A6,
    0x80A6, 0x80A6, 0x80A6, 0x80A6, 0x80A6, 0x80A6, 0x80A6, 0x80A6, 0x80A6, 0x80A6, 0x80A6, 0x80A6, 0x80A6, 0x80A6, 0x80A6, 0x80A6,
    0x80A6, 0x80A6, 0x80A6, 0x80A6, 0x80A6, 0x80A6, 0x80A6, 0x80A6, 0x80A6, 0x80A6, 0x80A6, 0x80A6, 0x80A6, 0x80A6, 0x80A6, 0x80A6,
    0x80A6, 0x80A6, 0x80A6, 0x80A6, 0x8086, 0x7886, 0x7886, 0x7886, 0x7886, 0x7886, 0x7886, 0x7886, 0x7886, 0x7886, 0x7886, 0x7886,
    0x7886, 0x7886, 0x7886, 0x7886, 0x7886, 0x7886, 0x7886, 0x7886, 0x7886, 0x7886, 0x7886, 0x7886, 0x7886, 0x7886, 0x7886, 0x7886,
    0x7886, 0x7886, 0x7886, 0x7886, 0x7886, 0x7886, 0x7886, 0x7886, 0x7886, 0x7886, 0x7886, 0x7886, 0x7886, 0x7886, 0x7886, 0x7886,
    0x7886, 0x7886, 0x7886, 0x7886, 0x7886, 0x7886, 0x7886, 0x7886, 0x7886, 0x7886, 0x7886, 0x7886, 0x7886, 0x7886, 0x7886, 0x7886,
    0x7886, 0x7886, 0x7886, 0x7886, 0x7886, 0x7886, 0x7886, 0x7886, 0x7886, 0x7886, 0x7886, 0x7886, 0x7886, 0x7886, 0x7886, 0x7886,
    0x7886, 0x7886, 0x7886, 0x7886, 0x7886, 0x7886, 0x7886, 0x7886, 0x7886, 0x7886, 0x7886, 0x7886, 0x7886, 0x7886, 0x7886, 0x7886,
    0x7886, 0x7886, 0x7886, 0x7886, 0x7886, 0x7886, 0x7886, 0x7886, 0x7886, 0x7885, 0x7885, 0x7885, 0x7885, 0x7885, 0x7885, 0x7885,
    0x7885, 0x7885, 0x7885, 0x7885, 0x7885, 0x7885, 0x7885, 0x7085, 0x7085, 0x7085, 0x7085, 0x7085, 0x7085, 0x7085, 0x7085, 0x7085,
    0x7885, 0x7885, 0x7885, 0x7885, 0x7885, 0x7885, 0x7885, 0x7885, 0x7885, 0x7885, 0x7886, 0x7886, 0x7886, 0x78A5, 0x78A5, 0x7886,
    0x78A6, 0x80A6, 0x78A6, 0x78A6, 0x80A6, 0x80A6, 0x80A6, 0x80A6, 0x80A6, 0x80A6, 0x80A6, 0x80A6, 0x80A6, 0x80A6, 0x80A6, 0x80A6,
    0x80A6, 0x80A6, 0x80A6, 0x80A6, 0x80A6, 0x80A6, 0x80A6, 0x80A6, 0x80A6, 0x80A6, 0x80A6, 0x78A6, 0x80A6, 0x8086, 0x7886, 0x7886,
    0x7886, 0x7886, 0x7886, 0x7886, 0x7886, 0x7886, 0x7886, 0x7886, 0x7886, 0x7886, 0x7886, 0x7886, 0x7886, 0x7886, 0x7886, 0x7886,
    0x7886, 0x7886, 0x7886, 0x7886, 0x7886, 0x7886, 0x7886, 0x7886, 0x7886, 0x7886, 0x7886, 0x7886, 0x7886, 0x7886, 0x7886, 0x7886,
    0x7886, 0x7886, 0x7886, 0x7886, 0x7886, 0x7886, 0x7886, 0x7886, 0x7886, 0x7886, 0x7886, 0x7886, 0x7886, 0x7886, 0x7886, 0x7886,
    0x7886, 0x7886, 0x7886, 0x7886, 0x7886, 0x7886, 0x7886, 0x7886, 0x7886, 0x7886, 0x7886, 0x7886, 0x7886, 0x7886, 0x7886, 0x7886,
    0x7886, 0x7886, 0x7886, 0x7886, 0x7886, 0x7886, 0x7886, 0x7886, 0x7886, 0x7886, 0x7886, 0x7886, 0x7886, 0x7886, 0x7886, 0x7886,
    0x7886, 0x7886, 0x7886, 0x7886, 0x7886, 0x7886, 0x7886, 0x7886, 0x7886, 0x7886, 0x7886, 0x7886, 0x7886, 0x7886, 0x7886, 0x7886,
    0x7886, 0x7886, 0x7886, 0x7886, 0x7885, 0x7885, 0x7885, 0x7885, 0x7885, 0x7885, 0x7885, 0x7885, 0x7885, 0x7885, 0x7885, 0x7885,
    0x7885, 0x7885, 0x7885, 0x7085, 0x7085, 0x7085, 0x7085, 0x7085, 0x7085, 0x7085, 0x7085, 0x7085, 0x7085, 0x7085, 0x7885, 0x7885,
    0x7885, 0x7885, 0x7885, 0x7885, 0x7885, 0x7885, 0x7885, 0x7885, 0x7885, 0x7885, 0x7885, 0x7885, 0x7886, 0x78A6, 0x78A6, 0x78A6,
    0x78A6, 0x78A6, 0x80A6, 0x78A6, 0x78A6, 0x80A6, 0x80A6, 0x80A6, 0x80A6, 0x80A6, 0x80A6, 0x80A6, 0x80A6, 0x80A6, 0x80A6, 0x80A6,
    0x80A6, 0x8086, 0x8086, 0x7886, 0x7886, 0x7886, 0x7886, 0x7886, 0x7886, 0x7886, 0x7886, 0x7886, 0x7886, 0x7886, 0x7886, 0x7886,
    0x7886, 0x7886, 0x7886, 0x7886, 0x7886, 0x7886, 0x7886, 0x7886, 0x7886, 0x7886, 0x7886, 0x7886, 0x7886, 0x7886, 0x7886, 0x7886,
    0x7886, 0x7886, 0x7886, 0x7886, 0x7886, 0x7886, 0x7886, 0x7886, 0x7886, 0x7886, 0x7886, 0x7886, 0x7886, 0x7886, 0x7886, 0x7886,
    0x7886, 0x7886, 0x7886, 0x7886, 0x7886, 0x7886, 0x7886, 0x7886, 0x7886, 0x7886, 0x7886, 0x7886, 0x7886, 0x7886, 0x7886, 0x7886,
    0x7886, 0x7886, 0x7886, 0x7886, 0x7886, 0x7886, 0x7886, 0x7886, 0x7886, 0x7886, 0x7886, 0x7886, 0x7886, 0x7886, 0x7886, 0x7886,
    0x7886, 0x7886, 0x7886, 0x7886, 0x7886, 0x7886, 0x7886, 0x7886, 0x7886, 0x7886, 0x7886, 0x7886, 0x7886, 0x7886, 0x7886, 0x7886,
    0x7886, 0x7886, 0x7886, 0x7886, 0x7886, 0x7886, 0x7886, 0x7886, 0x7886, 0x7886, 0x7886, 0x7886, 0x7886, 0x7886, 0x7886, 0x7885,
    0x7885, 0x7885, 0x7885, 0x7885, 0x7885, 0x7885, 0x7885, 0x7885, 0x7885, 0x7885, 0x7885, 0x7885, 0x7885, 0x7885, 0x7085, 0x7085,
    0x7085, 0x7085, 0x7085, 0x7085, 0x7085, 0x7085, 0x7085, 0x7085, 0x7085, 0x7085, 0x7085, 0x7085, 0x7085, 0x7885, 0x7885, 0x7885,
    0x7885, 0x7885, 0x7885, 0x7885, 0x7885, 0x7885, 0x7885, 0x7885, 0x7885, 0x7886, 0x78A6, 0x78A6, 0x78A6, 0x78A6, 0x78A6, 0x78A6,
    0x78A6, 0x7886, 0x7886, 0x7886, 0x7886, 0x7886, 0x7886, 0x7886, 0x7886, 0x7886, 0x7886, 0x7886, 0x7886, 0x7886, 0x7886, 0x7886,
    0x7886, 0x7886, 0x7886, 0x7886, 0x7886, 0x7886, 0x7886, 0x7886, 0x7886, 0x7886, 0x7886, 0x7886, 0x7886, 0x7886, 0x7886, 0x7886,
    0x7886, 0x7886, 0x7886, 0x7886, 0x7886, 0x7886, 0x7886, 0x7886, 0x7886, 0x7886, 0x7886, 0x7886, 0x7886, 0x7886, 0x7886, 0x7886,
    0x7886, 0x7886, 0x7886, 0x7886, 0x7886, 0x7886, 0x7886, 0x7886, 0x7886, 0x7886, 0x7886, 0x7886, 0x7886, 0x7886, 0x7886, 0x7886,
    0x7886, 0x7886, 0x7886, 0x7886, 0x7886, 0x7886, 0x7886, 0x7886, 0x7886, 0x7886, 0x7886, 0x7886, 0x7886, 0x7886, 0x7886, 0x7886,
    0x7886, 0x7886, 0x7886, 0x7886, 0x7886, 0x7886, 0x7886, 0x7886, 0x7886, 0x7886, 0x7886, 0x7886, 0x7886, 0x7886, 0x7886, 0x7886,
    0x7886, 0x7886, 0x7886, 0x7886, 0x7886, 0x7886, 0x7886, 0x7886, 0x7886, 0x7886, 0x7886, 0x7886, 0x7886, 0x7886, 0x7886, 0x7886,
    0x7886, 0x7886, 0x7886, 0x7886, 0x7886, 0x7886, 0x7886, 0x7886, 0x7886, 0x7885, 0x7885, 0x7885, 0x7885, 0x7885, 0x7885, 0x7885,
    0x7885, 0x7885, 0x7885, 0x7885, 0x7885, 0x7885, 0x7885, 0x7885, 0x7885, 0x7085, 0x7085, 0x7085, 0x7085, 0x7085, 0x7085, 0x7085,
    0x7085, 0x7085, 0x7085, 0x7085, 0x7085, 0x7085, 0x7085, 0x7085, 0x7085, 0x7085, 0x7085, 0x7085, 0x7885, 0x7885, 0x7885, 0x7885,
    0x7885, 0x7885, 0x7885, 0x7885, 0x7885, 0x7885, 0x7885, 0x7885, 0x7885, 0x7885, 0x7885, 0x7885, 0x7885, 0x7885, 0x7885, 0x7886,
    0x7886, 0x7886, 0x7886, 0x7886, 0x7886, 0x7886, 0x7886, 0x7886, 0x7886, 0x7886, 0x7886, 0x7886, 0x7886, 0x7886, 0x7886, 0x7886,
    0x7886, 0x7886, 0x7886, 0x7886, 0x7886, 0x7886, 0x7886, 0x7886, 0x7886, 0x7886, 0x7886, 0x7886, 0x7886, 0x7886, 0x7886, 0x7886,
    0x7886, 0x7886, 0x7886, 0x7886, 0x7886, 0x7886, 0x7886, 0x7886, 0x7886, 0x7886, 0x7886, 0x7886, 0x7886, 0x7886, 0x7886, 0x7886,
    0x7886, 0x7886, 0x7886, 0x7886, 0x7886, 0x7886, 0x7886, 0x7886, 0x7886, 0x7886, 0x7886, 0x7886, 0x7886, 0x7886, 0x7886, 0x7886,
    0x7886, 0x7886, 0x7886, 0x7886, 0x7886, 0x7886, 0x7886, 0x7886, 0x7886, 0x7886, 0x7886, 0x7886, 0x7886, 0x7886, 0x7886, 0x7886,
    0x7886, 0x7886, 0x7886, 0x7886, 0x7886, 0x7886, 0x7886, 0x7886, 0x7886, 0x7886, 0x7886, 0x7886, 0x7886, 0x7886, 0x7886, 0x7886,
    0x7886, 0x7886, 0x7886, 0x7886, 0x7886, 0x7886, 0x7886, 0x7886, 0x7886, 0x7886, 0x7886, 0x7886, 0x7886, 0x7886, 0x7886, 0x7886,
    0x7886, 0x7886, 0x7886, 0x7886, 0x7886, 0x7885, 0x7885, 0x7885, 0x7885, 0x7885, 0x7885, 0x7885, 0x7885, 0x7885, 0x7885, 0x7885,
    0x7885, 0x7885, 0x7885, 0x7885, 0x7085, 0x7085, 0x7085, 0x7085, 0x7085, 0x7085, 0x7085, 0x7085, 0x7085, 0x7085, 0x7085, 0x7085,
    0x7085, 0x7085, 0x7085, 0x7085, 0x7085, 0x7085, 0x7085, 0x7085, 0x7085, 0x7085, 0x7085, 0x7885, 0x7885, 0x7885, 0x7885, 0x7885,
    0x7885, 0x7885, 0x7885, 0x7885, 0x7885, 0x7885, 0x7885, 0x7885, 0x7885, 0x7885, 0x7885, 0x7885, 0x7885, 0x7886, 0x7886, 0x7886,
    0x7886, 0x7886, 0x7886, 0x7886, 0x7886, 0x7886, 0x7886, 0x7886, 0x7886, 0x7886, 0x7886, 0x7886, 0x7886, 0x7886, 0x7886, 0x7886,
    0x7886, 0x7886, 0x7886, 0x7886, 0x7886, 0x7886, 0x7886, 0x7886, 0x7886, 0x7886, 0x7886, 0x7886, 0x7886, 0x7886, 0x7886, 0x7886,
    0x7886, 0x7886, 0x7886, 0x7886, 0x7886, 0x7886, 0x7886, 0x7886, 0x7886, 0x7886, 0x7886, 0x7886, 0x7886, 0x7886, 0x7886, 0x7886,
    0x7886, 0x7886, 0x7886, 0x7886, 0x7886, 0x7886, 0x7886, 0x7886, 0x7886, 0x7886, 0x7886, 0x7886, 0x7886, 0x7886, 0x7886, 0x7886,
    0x7886, 0x7886, 0x7886, 0x7886, 0x7886, 0x7886, 0x7886, 0x7886, 0x7886, 0x7886, 0x7886, 0x7886, 0x7886, 0x7886, 0x7886, 0x7886,
    0x7886, 0x7886, 0x7886, 0x7886, 0x7886, 0x7886, 0x7886, 0x7886, 0x7886, 0x7886, 0x7886, 0x7886, 0x7886, 0x7886, 0x7886, 0x7886,
    0x7886, 0x7886, 0x7886, 0x7886, 0x7886, 0x7886, 0x7886, 0x7886, 0x7886, 0x7886, 0x7886, 0x7886, 0x7886, 0x7886, 0x7886, 0x7885,
    0x7885, 0x7885, 0x7885, 0x7885, 0x7885, 0x7885, 0x7885, 0x7885, 0x7885, 0x7885, 0x7885, 0x7885, 0x7885, 0x7885, 0x7885, 0x7085,
    0x7085, 0x7085, 0x7085, 0x7085, 0x7085, 0x7085, 0x7085, 0x7085, 0x7085, 0x7085, 0x7085, 0x7085, 0x7085, 0x7085, 0x7085, 0x7085,
    0x7085, 0x7085, 0x7085, 0x7085, 0x7085, 0x7085, 0x7085, 0x7085, 0x7085, 0x7085, 0x7085, 0x7885, 0x7885, 0x7885, 0x7885, 0x7885,
    0x7885, 0x7885, 0x7885, 0x7885, 0x7885, 0x7885, 0x7885, 0x7885, 0x7885, 0x7885, 0x7886, 0x7886, 0x7886, 0x7886, 0x7886, 0x7886,
    0x7886, 0x7886, 0x7886, 0x7886, 0x7886, 0x7886, 0x7886, 0x7886, 0x7886, 0x7886, 0x7886, 0x7886, 0x7886, 0x7886, 0x7886, 0x7886,
    0x7886, 0x7886, 0x7886, 0x7886, 0x7886, 0x7886, 0x7886, 0x7886, 0x7886, 0x7886, 0x7886, 0x7886, 0x7886, 0x7886, 0x7886, 0x7886,
    0x7886, 0x7886, 0x7886, 0x7886, 0x7886, 0x7886, 0x7886, 0x7886, 0x7886, 0x7886, 0x7886, 0x7886, 0x7886, 0x7886, 0x7886, 0x7886,
    0x7886, 0x7886, 0x7886, 0x7886, 0x7886, 0x7886, 0x7886, 0x7886, 0x7886, 0x7886, 0x7886, 0x7886, 0x7886, 0x7886, 0x7886, 0x7886,
    0x7886, 0x7886, 0x7886, 0x7886, 0x7886, 0x7886, 0x7886, 0x7886, 0x7886, 0x7886, 0x7886, 0x7886, 0x7886, 0x7886, 0x7886, 0x7886,
    0x7886, 0x7886, 0x7886, 0x7886, 0x7886, 0x7886, 0x7886, 0x7886, 0x7886, 0x7886, 0x7886, 0x7886, 0x7886, 0x7886, 0x7886, 0x7886,
    0x7886, 0x7886, 0x7886, 0x7886, 0x7886, 0x7886, 0x7886, 0x7886, 0x7886, 0x7886, 0x7885, 0x7885, 0x7885, 0x7885, 0x7885, 0x7885,
    0x7885, 0x7885, 0x7885, 0x7885, 0x7885, 0x7885, 0x7885, 0x7885, 0x7885, 0x7885, 0x7085, 0x7085, 0x7085, 0x7085, 0x7085, 0x7085,
    0x7085, 0x7085, 0x7085, 0x7085, 0x7085, 0x7085, 0x7085, 0x7085, 0x7085, 0x7085, 0x7085, 0x7085, 0x7085, 0x7085, 0x7085, 0x7085,
    0x7085, 0x7085, 0x7085, 0x7085, 0x7085, 0x7085, 0x7085, 0x7885, 0x7885, 0x7885, 0x7885, 0x7885, 0x7885, 0x7885, 0x7885, 0x7885,
    0x7885, 0x7885, 0x7885, 0x7885, 0x7885, 0x7885, 0x7885, 0x7885, 0x7886, 0x7886, 0x7886, 0x7886, 0x7886, 0x7886, 0x7886, 0x7886,
    0x7886, 0x7886, 0x7886, 0x7886, 0x7886, 0x7886, 0x7886, 0x7886, 0x7886, 0x7886, 0x7886, 0x7886, 0x7886, 0x7886, 0x7886, 0x7886,
    0x7886, 0x7886, 0x7886, 0x7886, 0x7886, 0x7886, 0x7886, 0x7886, 0x7886, 0x7886, 0x7886, 0x7886, 0x7886, 0x7886, 0x7886, 0x7886,
    0x7886, 0x7886, 0x7886, 0x7886, 0x7886, 0x7886, 0x7886, 0x7886, 0x7886, 0x7886, 0x7886, 0x7886, 0x7886, 0x7886, 0x7886, 0x7886,
    0x7886, 0x7886, 0x7886, 0x7886, 0x7886, 0x7886, 0x7886, 0x7886, 0x7886, 0x7886, 0x7886, 0x7886, 0x7886, 0x7886, 0x7886, 0x7886,
    0x7886, 0x7886, 0x7886, 0x7886, 0x7886, 0x7886, 0x7886, 0x7886, 0x7886, 0x7886, 0x7886, 0x7886, 0x7886, 0x7886, 0x7886, 0x7886,
    0x7886, 0x7886, 0x7886, 0x7886, 0x7886, 0x7886, 0x7886, 0x7886, 0x7886, 0x7886, 0x7886, 0x7886, 0x7886, 0x7886, 0x7886, 0x7886,
    0x7886, 0x7886, 0x7886, 0x7886, 0x7885, 0x7885, 0x7885, 0x7885, 0x7885, 0x7885, 0x7885, 0x7885, 0x7885, 0x7885, 0x7885, 0x7885,
    0x7885, 0x7885, 0x7885, 0x7885, 0x7885, 0x7085, 0x7085, 0x7085, 0x7085, 0x7085, 0x7085, 0x7085, 0x7085, 0x7085, 0x7085, 0x7085,
    0x7085, 0x7085, 0x7085, 0x7085, 0x7085, 0x7085, 0x7085, 0x7085, 0x7085, 0x7085, 0x7085, 0x7085, 0x7085, 0x7085, 0x7085, 0x7085,
    0x7085, 0x7085, 0x7085, 0x7085, 0x7085, 0x7885, 0x7885, 0x7885, 0x7885, 0x7885, 0x7885, 0x7885, 0x7885, 0x7885, 0x7885, 0x7885,
    0x7885, 0x7885, 0x7885, 0x7885, 0x7885, 0x7885, 0x7886, 0x7886, 0x7886, 0x7886, 0x7886, 0x7886, 0x7886, 0x7886, 0x7886, 0x7886,
    0x7886, 0x7886, 0x7886, 0x7886, 0x7886, 0x7886, 0x7886, 0x7886, 0x7886, 0x7886, 0x7886, 0x7886, 0x7886, 0x7886, 0x7886, 0x7886,
    0x7886, 0x7886, 0x7886, 0x7886, 0x7886, 0x7886, 0x7886, 0x7886, 0x7886, 0x7886, 0x7886, 0x7886, 0x7886, 0x7886, 0x7886, 0x7886,
    0x7886, 0x7886, 0x7886, 0x7886, 0x7886, 0x7886, 0x7886, 0x7886, 0x7886, 0x7886, 0x7886, 0x7886, 0x7886, 0x7886, 0x7886, 0x7886,
    0x7886, 0x7886, 0x7886, 0x7886, 0x7886, 0x7886, 0x7886, 0x7886, 0x7886, 0x7886, 0x7886, 0x7886, 0x7886, 0x7886, 0x7886, 0x7886,
    0x7886, 0x7886, 0x7886, 0x7886, 0x7886, 0x7886, 0x7886, 0x7886, 0x7886, 0x7886, 0x7886, 0x7886, 0x7886, 0x7886, 0x7886, 0x7886,
    0x7886, 0x7886, 0x7886, 0x7886, 0x7886, 0x7886, 0x7886, 0x7886, 0x7886, 0x7886, 0x7886, 0x7886, 0x7886, 0x7886, 0x7885, 0x7885,
    0x7885, 0x7885, 0x7885, 0x7885, 0x7885, 0x7885, 0x7885, 0x7885, 0x7885, 0x7885, 0x7885, 0x7885, 0x7885, 0x7885, 0x7885, 0x7085,
    0x7085, 0x7085, 0x7085, 0x7085, 0x7085, 0x7085, 0x7085, 0x7085, 0x7085, 0x7085, 0x7085, 0x7085, 0x7085, 0x7085, 0x7085, 0x7085,
    0x7085, 0x7085, 0x7085, 0x7085, 0x7085, 0x7085, 0x7085, 0x7085, 0x7085, 0x7085, 0x7085, 0x7085, 0x7085, 0x7085, 0x7085, 0x7085,
    0x7085, 0x7885, 0x7885, 0x7885, 0x7885, 0x7885, 0x7885, 0x7885, 0x7885, 0x7885, 0x7885, 0x7885, 0x7885, 0x7885, 0x7885, 0x7885,
    0x7885, 0x7885, 0x7885, 0x7886, 0x7886, 0x7886, 0x7886, 0x7886, 0x7886, 0x7886, 0x7886, 0x7886, 0x7886, 0x7886, 0x7886, 0x7886,
    0x7886, 0x7886, 0x7886, 0x7886, 0x7886, 0x7886, 0x7886, 0x7886, 0x7886, 0x7886, 0x7886, 0x7886, 0x7886, 0x7886, 0x7886, 0x7886,
    0x7886, 0x7886, 0x7886, 0x7886, 0x7886, 0x7886, 0x7886, 0x7886, 0x7886, 0x7886, 0x7886, 0x7886, 0x7886, 0x7886, 0x7886, 0x7886,
    0x7886, 0x7886, 0x7886, 0x7886, 0x7886, 0x7886, 0x7886, 0x7886, 0x7886, 0x7886, 0x7886, 0x7886, 0x7886, 0x7886, 0x7886, 0x7886,
    0x7886, 0x7886, 0x7886, 0x7886, 0x7886, 0x7886, 0x7886, 0x7886, 0x7886, 0x7886, 0x7886, 0x7886, 0x7886, 0x7886, 0x7886, 0x7886,
    0x7886, 0x7886, 0x7886, 0x7886, 0x7886, 0x7886, 0x7886, 0x7886, 0x7886, 0x7886, 0x7886, 0x7886, 0x7886, 0x7886, 0x7886, 0x7886,
    0x7886, 0x7886, 0x7886, 0x7886, 0x7886, 0x7886, 0x7886, 0x7886, 0x7886, 0x7886, 0x7885, 0x7885, 0x7885, 0x7885, 0x7885, 0x7885,
    0x7885, 0x7885, 0x7885, 0x7885, 0x7885, 0x7885, 0x7885, 0x7885, 0x7885, 0x7885, 0x7885, 0x7085, 0x7085, 0x7085, 0x7085, 0x7085,
    0x7085, 0x7085, 0x7085, 0x7085, 0x7085, 0x7085, 0x7085, 0x7085, 0x7085, 0x7085, 0x7085, 0x7085, 0x6885, 0x7085, 0x7085, 0x7085,
    0x7085, 0x7085, 0x7085, 0x7085, 0x7085, 0x7085, 0x7085, 0x7085, 0x7085, 0x7085, 0x7085, 0x7085, 0x7085, 0x7085, 0x7085, 0x7885,
    0x7885, 0x7885, 0x7885, 0x7885, 0x7885, 0x7885, 0x7885, 0x7885, 0x7885, 0x7885, 0x7885, 0x7885, 0x7885, 0x7885, 0x7885, 0x7885,
    0x7885, 0x7886, 0x7886, 0x7886, 0x7886, 0x7886, 0x7886, 0x7886, 0x7886, 0x7886, 0x7886, 0x7886, 0x7886, 0x7886, 0x7886, 0x7886,
    0x7886, 0x7886, 0x7886, 0x7886, 0x7886, 0x7886, 0x7886, 0x7886, 0x7886, 0x7886, 0x7886, 0x7886, 0x7886, 0x7886, 0x7886, 0x7886,
    0x7886, 0x7886, 0x7886, 0x7886, 0x7886, 0x7886, 0x7886, 0x7886, 0x7886, 0x7886, 0x7886, 0x7886, 0x7886, 0x7886, 0x7886, 0x7886,
    0x7886, 0x7886, 0x7886, 0x7886, 0x7886, 0x7886, 0x7886, 0x7886, 0x7886, 0x7886, 0x7886, 0x7886, 0x7886, 0x7886, 0x7886, 0x7886,
    0x7886, 0x7886, 0x7886, 0x7886, 0x7886, 0x7886, 0x7886, 0x7886, 0x7886, 0x7886, 0x7886, 0x7886, 0x7886, 0x7886, 0x7886, 0x7886,
    0x7886, 0x7886, 0x7886, 0x7886, 0x7886, 0x7886, 0x7886, 0x7886, 0x7886, 0x7886, 0x7886, 0x7886, 0x7886, 0x7886, 0x7886, 0x7886,
    0x7886, 0x7886, 0x7886, 0x7886, 0x7885, 0x7885, 0x7885, 0x7885, 0x7885, 0x7885, 0x7885, 0x7885, 0x7885, 0x7885, 0x7885, 0x7885,
    0x7885, 0x7885, 0x7885, 0x7885, 0x7885, 0x7085, 0x7085, 0x7085, 0x7085, 0x7085, 0x7085, 0x7085, 0x7085, 0x7085, 0x7085, 0x7085,
    0x7085, 0x7085, 0x7085, 0x7085, 0x7085, 0x7085, 0x7085, 0x6885, 0x6885, 0x6885, 0x7085, 0x7085, 0x7085, 0x7085, 0x7085, 0x7085,
    0x7085, 0x7085, 0x7085, 0x7085, 0x7085, 0x7085, 0x7085, 0x7085, 0x7085, 0x7085, 0x7085, 0x7085, 0x7885, 0x7885, 0x7885, 0x7885,
    0x7885, 0x7885, 0x7885, 0x7885, 0x7885, 0x7885, 0x7885, 0x7885, 0x7885, 0x7885, 0x7885, 0x7885, 0x7885, 0x7886, 0x7886, 0x7886,
    0x7886, 0x7886, 0x7886, 0x7886, 0x7886, 0x7886, 0x7886, 0x7886, 0x7886, 0x7886, 0x7886, 0x7886, 0x7886, 0x7886, 0x7886, 0x7886,
    0x7886, 0x7886, 0x7886, 0x7886, 0x7886, 0x7886, 0x7886, 0x7886, 0x7886, 0x7886, 0x7886, 0x7886, 0x7886, 0x7886, 0x7886, 0x7886,
    0x7886, 0x7886, 0x7886, 0x7886, 0x7886, 0x7886, 0x7886, 0x7886, 0x7886, 0x7886, 0x7886, 0x7886, 0x7886, 0x7886, 0x7886, 0x7886,
    0x7886, 0x7886, 0x7886, 0x7886, 0x7886, 0x7886, 0x7886, 0x7886, 0x7886, 0x7886, 0x7886, 0x7886, 0x7886, 0x7886, 0x7886, 0x7886,
    0x7886, 0x7886, 0x7886, 0x7886, 0x7886, 0x7886, 0x7886, 0x7886, 0x7886, 0x7886, 0x7886, 0x7886, 0x7886, 0x7886, 0x7886, 0x7886,
    0x7886, 0x7886, 0x7886, 0x7886, 0x7886, 0x7886, 0x7886, 0x7886, 0x7886, 0x7886, 0x7886, 0x7886, 0x7886, 0x7886, 0x7886, 0x7885,
    0x7885, 0x7885, 0x7885, 0x7885, 0x7885, 0x7885, 0x7885, 0x7885, 0x7885, 0x7885, 0x7885, 0x7885, 0x7885, 0x7885, 0x7885, 0x7885,
    0x7085, 0x7085, 0x7085, 0x7085, 0x7085, 0x7085, 0x7085, 0x7085, 0x7085, 0x7085, 0x7085, 0x7085, 0x7085, 0x7085, 0x7085, 0x7085,
    0x7085, 0x7085, 0x6885, 0x6885, 0x6885, 0x6885, 0x6885, 0x7085, 0x7085, 0x7085, 0x7085, 0x7085, 0x7085, 0x7085, 0x7085, 0x7085,
    0x7085, 0x7085, 0x7085, 0x7085, 0x7085, 0x7085, 0x7085, 0x7085, 0x7085, 0x7885, 0x7885, 0x7885, 0x7885, 0x7885, 0x7885, 0x7885,
    0x7885, 0x7885, 0x7885, 0x7885, 0x7885, 0x7885, 0x7885, 0x7885, 0x7885, 0x7885, 0x7885, 0x7885, 0x7886, 0x7886, 0x7886, 0x7886,
    0x7886, 0x7886, 0x7886, 0x7886, 0x7886, 0x7886, 0x7886, 0x7886, 0x7886, 0x7886, 0x7886, 0x7886, 0x7886, 0x7886, 0x7886, 0x7886,
    0x7886, 0x7886, 0x7886, 0x7886, 0x7886, 0x7886, 0x7886, 0x7886, 0x7886, 0x7886, 0x7886, 0x7886, 0x7886, 0x7886, 0x7886, 0x7886,
    0x7886, 0x7886, 0x7886, 0x7886, 0x7886, 0x7886, 0x7886, 0x7886, 0x7886, 0x7886, 0x7886, 0x7886, 0x7886, 0x7886, 0x7886, 0x7886,
    0x7886, 0x7886, 0x7886, 0x7886, 0x7886, 0x7886, 0x7886, 0x7886, 0x7886, 0x7886, 0x7886, 0x7886, 0x7886, 0x7886, 0x7886, 0x7886,
    0x7886, 0x7886, 0x7886, 0x7886, 0x7886, 0x7886, 0x7886, 0x7886, 0x7886, 0x7886, 0x7886, 0x7886, 0x7886, 0x7886, 0x7886, 0x7886,
    0x7886, 0x7886, 0x7886, 0x7886, 0x7886, 0x7886, 0x7886, 0x7886, 0x7885, 0x7885, 0x7885, 0x7885, 0x7885, 0x7885, 0x7885, 0x7885,
    0x7885, 0x7885, 0x7885, 0x7885, 0x7885, 0x7885, 0x7885, 0x7885, 0x7885, 0x7885, 0x7885, 0x7085, 0x7085, 0x7085, 0x7085, 0x7085,
    0x7085, 0x7085, 0x7085, 0x7085, 0x7085, 0x7085, 0x7085, 0x7085, 0x7085, 0x7085, 0x7085, 0x7085, 0x7085, 0x6885, 0x6885, 0x6885,
    0x6885, 0x6885, 0x6885, 0x6885, 0x7085, 0x7085, 0x7085, 0x7085, 0x7085, 0x7085, 0x7085, 0x7085, 0x7085, 0x7085, 0x7085, 0x7085,
    0x7085, 0x7085, 0x7085, 0x7085, 0x7085, 0x7085, 0x7085, 0x7885, 0x7885, 0x7885, 0x7885, 0x7885, 0x7885, 0x7885, 0x7885, 0x7885,
    0x7885, 0x7885, 0x7885, 0x7885, 0x7885, 0x7885, 0x7885, 0x7885, 0x7885, 0x7885, 0x7886, 0x7886, 0x7886, 0x7886, 0x7886, 0x7886,
    0x7886, 0x7886, 0x7886, 0x7886, 0x7886, 0x7886, 0x7886, 0x7886, 0x7886, 0x7886, 0x7886, 0x7886, 0x7886, 0x7886, 0x7886, 0x7886,
    0x7886, 0x7886, 0x7886, 0x7886, 0x7886, 0x7886, 0x7886, 0x7886, 0x7886, 0x7886, 0x7886, 0x7886, 0x7886, 0x7886, 0x7886, 0x7886,
    0x7886, 0x7886, 0x7886, 0x7886, 0x7886, 0x7886, 0x7886, 0x7886, 0x7886, 0x7886, 0x7886, 0x7886, 0x7886, 0x7886, 0x7886, 0x7886,
    0x7886, 0x7886, 0x7886, 0x7886, 0x7886, 0x7886, 0x7886, 0x7886, 0x7886, 0x7886, 0x7886, 0x7886, 0x7886, 0x7886, 0x7886, 0x7886,
    0x7886, 0x7886, 0x7886, 0x7886, 0x7886, 0x7886, 0x7886, 0x7886, 0x7886, 0x7886, 0x7886, 0x7886, 0x7886, 0x7886, 0x7886, 0x7886,
    0x7886, 0x7886, 0x7885, 0x7885, 0x7885, 0x7885, 0x7885, 0x7885, 0x7885, 0x7885, 0x7885, 0x7885, 0x7885, 0x7885, 0x7885, 0x7885,
    0x7885, 0x7885, 0x7885, 0x7885, 0x7885, 0x7085, 0x7085, 0x7085, 0x7085, 0x7085, 0x7085, 0x7085, 0x7085, 0x7085, 0x7085, 0x7085,
    0x7085, 0x7085, 0x7085, 0x7085, 0x7085, 0x7085, 0x7085, 0x7085, 0x6885, 0x6885, 0x6885, 0x6885, 0x6885, 0x6885, 0x6885, 0x6885,
    0x6885, 0x7085, 0x7085, 0x7085, 0x7085, 0x7085, 0x7085, 0x7085, 0x7085, 0x7085, 0x7085, 0x7085, 0x7085, 0x7085, 0x7085, 0x7085,
    0x7085, 0x7085, 0x7085, 0x7085, 0x7885, 0x7885, 0x7885, 0x7885, 0x7885, 0x7885, 0x7885, 0x7885, 0x7885, 0x7885, 0x7885, 0x7885,
    0x7885, 0x7885, 0x7885, 0x7885, 0x7885, 0x7885, 0x7885, 0x7886, 0x7886, 0x7886, 0x7886, 0x7886, 0x7886, 0x7886, 0x7886, 0x7886,
    0x7886, 0x7886, 0x7886, 0x7886, 0x7886, 0x7886, 0x7886, 0x7886, 0x7886, 0x7886, 0x7886, 0x7886, 0x7886, 0x7886, 0x7886, 0x7886,
    0x7886, 0x7886, 0x7886, 0x7886, 0x7886, 0x7886, 0x7886, 0x7886, 0x7886, 0x7886, 0x7886, 0x7886, 0x7886, 0x7886, 0x7886, 0x7886,
    0x7886, 0x7886, 0x7886, 0x7886, 0x7886, 0x7886, 0x7886, 0x7886, 0x7886, 0x7886, 0x7886, 0x7886, 0x7886, 0x7886, 0x7886, 0x7886,
    0x7886, 0x7886, 0x7886, 0x7886, 0x7886, 0x7886, 0x7886, 0x7886, 0x7886, 0x7886, 0x7886, 0x7886, 0x7886, 0x7886, 0x7886, 0x7886,
    0x7886, 0x7886, 0x7886, 0x7886, 0x7886, 0x7886, 0x7886, 0x7886, 0x7886, 0x7886, 0x7886, 0x7886, 0x7886, 0x7885, 0x7885, 0x7885,
    0x7885, 0x7885, 0x7885, 0x7885, 0x7885, 0x7885, 0x7885, 0x7885, 0x7885, 0x7885, 0x7885, 0x7885, 0x7885, 0x7885, 0x7885, 0x7885,
    0x7085, 0x7085, 0x7085, 0x7085, 0x7085, 0x7085, 0x7085, 0x7085, 0x7085, 0x7085, 0x7085, 0x7085, 0x7085, 0x7085, 0x7085, 0x7085,
    0x7085, 0x7085, 0x7085, 0x6885, 0x6885, 0x6885, 0x6885, 0x6885, 0x6885, 0x6885, 0x6885, 0x6885, 0x6885, 0x6885, 0x7085, 0x7085,
    0x7085, 0x7085, 0x7085, 0x7085, 0x7085, 0x7085, 0x7085, 0x7085, 0x7085, 0x7085, 0x7085, 0x7085, 0x7085, 0x7085, 0x7085, 0x7085,
    0x7085, 0x7885, 0x7885, 0x7885, 0x7885, 0x7885, 0x7885, 0x7885, 0x7885, 0x7885, 0x7885, 0x7885, 0x7885, 0x7885, 0x7885, 0x7885,
    0x7885, 0x7885, 0x7885, 0x7885, 0x7885, 0x7885, 0x7886, 0x7886, 0x7886, 0x7886, 0x7886, 0x7886, 0x7886, 0x7886, 0x7886, 0x7886,
    0x7886, 0x7886, 0x7886, 0x7886, 0x7886, 0x7886, 0x7886, 0x7886, 0x7886, 0x7886, 0x7886, 0x7886, 0x7886, 0x7886, 0x7886, 0x7886,
    0x7886, 0x7886, 0x7886, 0x7886, 0x7886, 0x7886, 0x7886, 0x7886, 0x7886, 0x7886, 0x7886, 0x7886, 0x7886, 0x7886, 0x7886, 0x7886,
    0x7886, 0x7886, 0x7886, 0x7886, 0x7886, 0x7886, 0x7886, 0x7886, 0x7886, 0x7886, 0x7886, 0x7886, 0x7886, 0x7886, 0x7886, 0x7886,
    0x7886, 0x7886, 0x7886, 0x7886, 0x7886, 0x7886, 0x7886, 0x7886, 0x7886, 0x7886, 0x7886, 0x7886, 0x7886, 0x7886, 0x7886, 0x7886,
    0x7886, 0x7886, 0x7886, 0x7886, 0x7886, 0x7886, 0x7886, 0x7885, 0x7885, 0x7885, 0x7885, 0x7885, 0x7885, 0x7885, 0x7885, 0x7885,
    0x7885, 0x7885, 0x7885, 0x7885, 0x7885, 0x7885, 0x7885, 0x7885, 0x7885, 0x7885, 0x7885, 0x7085, 0x7085, 0x7085, 0x7085, 0x7085,
    0x7085, 0x7085, 0x7085, 0x7085, 0x7085, 0x7085, 0x7085, 0x7085, 0x7085, 0x7085, 0x7085, 0x7085, 0x7085, 0x7085, 0x6885, 0x6885,
    0x6885, 0x6885, 0x6885, 0x6885, 0x6885, 0x6885, 0x6885, 0x6885, 0x6885, 0x6885, 0x6885, 0x7085, 0x7085, 0x7085, 0x7085, 0x7085,
    0x7085, 0x7085, 0x7085, 0x7085, 0x7085, 0x7085, 0x7085, 0x7085, 0x7085, 0x7085, 0x7085, 0x7085, 0x7085, 0x7085, 0x7085, 0x7885,
    0x7885, 0x7885, 0x7885, 0x7885, 0x7885, 0x7885, 0x7885, 0x7885, 0x7885, 0x7885, 0x7885, 0x7885, 0x7885, 0x7885, 0x7885, 0x7885,
    0x7885, 0x7885, 0x7885, 0x7886, 0x7886, 0x7886, 0x7886, 0x7886, 0x7886, 0x7886, 0x7886, 0x7886, 0x7886, 0x7886, 0x7886, 0x7886,
    0x7886, 0x7886, 0x7886, 0x7886, 0x7886, 0x7886, 0x7886, 0x7886, 0x7886, 0x7886, 0x7886, 0x7886, 0x7886, 0x7886, 0x7886, 0x7886,
    0x7886, 0x7886, 0x7886, 0x7886, 0x7886, 0x7886, 0x7886, 0x7886, 0x7886, 0x7886, 0x7886, 0x7886, 0x7886, 0x7886, 0x7886, 0x7886,
    0x7886, 0x7886, 0x7886, 0x7886, 0x7886, 0x7886, 0x7886, 0x7886, 0x7886, 0x7886, 0x7886, 0x7886, 0x7886, 0x7886, 0x7886, 0x7886,
    0x7886, 0x7886, 0x7886, 0x7886, 0x7886, 0x7886, 0x7886, 0x7886, 0x7886, 0x7886, 0x7886, 0x7886, 0x7886, 0x7886, 0x7886, 0x7886,
    0x7886, 0x7885, 0x7885, 0x7885, 0x7885, 0x7885, 0x7885, 0x7885, 0x7885, 0x7885, 0x7885, 0x7885, 0x7885, 0x7885, 0x7885, 0x7885,
    0x7885, 0x7885, 0x7885, 0x7885, 0x7885, 0x7085, 0x7085, 0x7085, 0x7085, 0x7085, 0x7085, 0x7085, 0x7085, 0x7085, 0x7085, 0x7085,
    0x7085, 0x7085, 0x7085, 0x7085, 0x7085, 0x7085, 0x7085, 0x7085, 0x7085, 0x6885, 0x6885, 0x6885, 0x6885, 0x6885, 0x6885, 0x6885,
    0x6885, 0x6885, 0x6885, 0x6885, 0x6885, 0x6885, 0x6885, 0x6885, 0x7085, 0x7085, 0x7085, 0x7085, 0x7085, 0x7085, 0x7085, 0x7085,
    0x7085, 0x7085, 0x7085, 0x7085, 0x7085, 0x7085, 0x7085, 0x7085, 0x7085, 0x7085, 0x7085, 0x7085, 0x7885, 0x7885, 0x7885, 0x7885,
    0x7885, 0x7885, 0x7885, 0x7885, 0x7885, 0x7885, 0x7885, 0x7885, 0x7885, 0x7885, 0x7885, 0x7885, 0x7885, 0x7885, 0x7885, 0x7885,
    0x7885, 0x7885, 0x7886, 0x7886, 0x7886, 0x7886, 0x7886, 0x7886, 0x7886, 0x7886, 0x7886, 0x7886, 0x7886, 0x7886, 0x7886, 0x7886,
    0x7886, 0x7886, 0x7886, 0x7886, 0x7886, 0x7886, 0x7886, 0x7886, 0x7886, 0x7886, 0x7886, 0x7886, 0x7886, 0x7886, 0x7886, 0x7886,
    0x7886, 0x7886, 0x7886, 0x7886, 0x7886, 0x7886, 0x7886, 0x7886, 0x7886, 0x7886, 0x7886, 0x7886, 0x7886, 0x7886, 0x7886, 0x7886,
    0x7886, 0x7886, 0x7886, 0x7886, 0x7886, 0x7886, 0x7886, 0x7886, 0x7886, 0x7886, 0x7886, 0x7886, 0x7886, 0x7886, 0x7886, 0x7886,
    0x7886, 0x7886, 0x7886, 0x7886, 0x7886, 0x7886, 0x7886, 0x7886, 0x7886, 0x7886, 0x7885, 0x7885, 0x7885, 0x7885, 0x7885, 0x7885,
    0x7885, 0x7885, 0x7885, 0x7885, 0x7885, 0x7885, 0x7885, 0x7885, 0x7885, 0x7885, 0x7885, 0x7885, 0x7885, 0x7885, 0x7885, 0x7885,
    0x7085, 0x7085, 0x7085, 0x7085, 0x7085, 0x7085, 0x7085, 0x7085, 0x7085, 0x7085, 0x7085, 0x7085, 0x7085, 0x7085, 0x7085, 0x7085,
    0x7085, 0x7085, 0x7085, 0x7085, 0x6885, 0x6885, 0x6885, 0x6885, 0x6885, 0x6885, 0x6885, 0x6885, 0x6885, 0x6885, 0x6885, 0x6885,
    0x6885, 0x6885, 0x6885, 0x6885, 0x6885, 0x6885, 0x7085, 0x7085, 0x7085, 0x7085, 0x7085, 0x7085, 0x7085, 0x7085, 0x7085, 0x7085,
    0x7085, 0x7085, 0x7085, 0x7085, 0x7085, 0x7085, 0x7085, 0x7085, 0x7085, 0x7085, 0x7885, 0x7885, 0x7885, 0x7885, 0x7885, 0x7885,
    0x7885, 0x7885, 0x7885, 0x7885, 0x7885, 0x7885, 0x7885, 0x7885, 0x7885, 0x7885, 0x7885, 0x7885, 0x7885, 0x7885, 0x7885, 0x7885,
    0x7885, 0x7886, 0x7886, 0x7886, 0x7886, 0x7886, 0x7886, 0x7886, 0x7886, 0x7886, 0x7886, 0x7886, 0x7886, 0x7886, 0x7886, 0x7886,
    0x7886, 0x7886, 0x7886, 0x7886, 0x7886, 0x7886, 0x7886, 0x7886, 0x7886, 0x7886, 0x7886, 0x7886, 0x7886, 0x7886, 0x7886, 0x7886,
    0x7886, 0x7886, 0x7886, 0x7886, 0x7886, 0x7886, 0x7886, 0x7886, 0x7886, 0x7886, 0x7886, 0x7886, 0x7886, 0x7886, 0x7886, 0x7886,
    0x7886, 0x7886, 0x7886, 0x7886, 0x7886, 0x7886, 0x7886, 0x7886, 0x7886, 0x7886, 0x7886, 0x7886, 0x7886, 0x7886, 0x7886, 0x7886,
    0x7886, 0x7886, 0x7886, 0x7885, 0x7885, 0x7885, 0x7885, 0x7885, 0x7885, 0x7885, 0x7885, 0x7885, 0x7885, 0x7885, 0x7885, 0x7885,
    0x7885, 0x7885, 0x7885, 0x7885, 0x7885, 0x7885, 0x7885, 0x7885, 0x7885, 0x7885, 0x7085, 0x7085, 0x7085, 0x7085, 0x7085, 0x7085,
    0x7085, 0x7085, 0x7085, 0x7085, 0x7085, 0x7085, 0x7085, 0x7085, 0x7085, 0x7085, 0x7085, 0x7085, 0x7085, 0x7085, 0x7085, 0x6885,
    0x6885, 0x6885, 0x6885, 0x6885, 0x6885, 0x6885, 0x6885, 0x6885, 0x6885, 0x6885, 0x6885, 0x6885, 0x6885, 0x6885, 0x6885, 0x6885,
    0x6885, 0x6885, 0x7085, 0x7085, 0x7085, 0x7085, 0x7085, 0x7085, 0x7085, 0x7085, 0x7085, 0x7085, 0x7085, 0x7085, 0x7085, 0x7085,
    0x7085, 0x7085, 0x7085, 0x7085, 0x7085, 0x7085, 0x7085, 0x7885, 0x7885, 0x7885, 0x7885, 0x7885, 0x7885, 0x7885, 0x7885, 0x7885,
    0x7885, 0x7885, 0x7885, 0x7885, 0x7885, 0x7885, 0x7885, 0x7885, 0x7885, 0x7885, 0x7885, 0x7885, 0x7885, 0x7885, 0x7885, 0x7886,
    0x7886, 0x7886, 0x7886, 0x7886, 0x7886, 0x7886, 0x7886, 0x7886, 0x7886, 0x7886, 0x7886, 0x7886, 0x7886, 0x7886, 0x7886, 0x7886,
    0x7886, 0x7886, 0x7886, 0x7886, 0x7886, 0x7886, 0x7886, 0x7886, 0x7886, 0x7886, 0x7886, 0x7886, 0x7886, 0x7886, 0x7886, 0x7886,
    0x7886, 0x7886, 0x7886, 0x7886, 0x7886, 0x7886, 0x7886, 0x7886, 0x7886, 0x7886, 0x7886, 0x7886, 0x7886, 0x7886, 0x7886, 0x7886,
    0x7886, 0x7886, 0x7886, 0x7886, 0x7886, 0x7886, 0x7886, 0x7886, 0x7886, 0x7886, 0x7886, 0x7886, 0x7886, 0x7885, 0x7885, 0x7885,
    0x7885, 0x7885, 0x7885, 0x7885, 0x7885, 0x7885, 0x7885, 0x7885, 0x7885, 0x7885, 0x7885, 0x7885, 0x7885, 0x7885, 0x7885, 0x7885,
    0x7885, 0x7885, 0x7885, 0x7885, 0x7885, 0x7085, 0x7085, 0x7085, 0x7085, 0x7085, 0x7085, 0x7085, 0x7085, 0x7085, 0x7085, 0x7085,
    0x7085, 0x7085, 0x7085, 0x7085, 0x7085, 0x7085, 0x7085, 0x7085, 0x7085, 0x7085, 0x6885, 0x6885, 0x6885, 0x6885, 0x6885, 0x6885,
    0x6885, 0x6885, 0x6885, 0x6885, 0x6885, 0x6885, 0x6885, 0x6885, 0x6885, 0x6885, 0x6885, 0x6885, 0x6885, 0x6885, 0x6885, 0x6885,
    0x7085, 0x7085, 0x7085, 0x7085, 0x7085, 0x7085, 0x7085, 0x7085, 0x7085, 0x7085, 0x7085, 0x7085, 0x7085, 0x7085, 0x7085, 0x7085,
    0x7085, 0x7085, 0x7085, 0x7085, 0x7085, 0x7085, 0x7885, 0x7885, 0x7885, 0x7885, 0x7885, 0x7885, 0x7885, 0x7885, 0x7885, 0x7885,
    0x7885, 0x7885, 0x7885, 0x7885, 0x7885, 0x7885, 0x7885, 0x7885, 0x7885, 0x7885, 0x7885, 0x7885, 0x7885, 0x7885, 0x7885, 0x7886,
    0x7886, 0x7886, 0x7886, 0x7886, 0x7886, 0x7886, 0x7886, 0x7886, 0x7886, 0x7886, 0x7886, 0x7886, 0x7886, 0x7886, 0x7886, 0x7886,
    0x7886, 0x7886, 0x7886, 0x7886, 0x7886, 0x7886, 0x7886, 0x7886, 0x7886, 0x7886, 0x7886, 0x7886, 0x7886, 0x7886, 0x7886, 0x7886,
    0x7886, 0x7886, 0x7886, 0x7886, 0x7886, 0x7886, 0x7886, 0x7886, 0x7886, 0x7886, 0x7886, 0x7886, 0x7886, 0x7886, 0x7886, 0x7886,
    0x7886, 0x7886, 0x7886, 0x7886, 0x7886, 0x7885, 0x7885, 0x7885, 0x7885, 0x7885, 0x7885, 0x7885, 0x7885, 0x7885, 0x7885, 0x7885,
    0x7885, 0x7885, 0x7885, 0x7885, 0x7885, 0x7885, 0x7885, 0x7885, 0x7885, 0x7885, 0x7885, 0x7885, 0x7885, 0x7885, 0x7085, 0x7085,
    0x7085, 0x7085, 0x7085, 0x7085, 0x7085, 0x7085, 0x7085, 0x7085, 0x7085, 0x7085, 0x7085, 0x7085, 0x7085, 0x7085, 0x7085, 0x7085,
    0x7085, 0x7085, 0x7085, 0x7085, 0x6885, 0x6885, 0x6885, 0x6885, 0x6885, 0x6885, 0x6885, 0x6885, 0x6885, 0x6885, 0x6885, 0x6885,
    0x6885, 0x6885, 0x6885, 0x6885, 0x6885, 0x6885, 0x6885, 0x6885, 0x6885, 0x6885, 0x6885, 0x6885, 0x6885, 0x7085, 0x7085, 0x7085,
    0x7085, 0x7085, 0x7085, 0x7085, 0x7085, 0x7085, 0x7085, 0x7085, 0x7085, 0x7085, 0x7085, 0x7085, 0x7085, 0x7085, 0x7085, 0x7085,
    0x7085, 0x7085, 0x7085, 0x7885, 0x7885, 0x7885, 0x7885, 0x7885, 0x7885, 0x7885, 0x7885, 0x7885, 0x7885, 0x7885, 0x7885, 0x7885,
    0x7885, 0x7885, 0x7885, 0x7885, 0x7885, 0x7885, 0x7885, 0x7885, 0x7885, 0x7885, 0x7885, 0x7885, 0x7885, 0x7886, 0x7886, 0x7886,
    0x7886, 0x7886, 0x7886, 0x7886, 0x7886, 0x7886, 0x7886, 0x7886, 0x7886, 0x7886, 0x7886, 0x7886, 0x7886, 0x7886, 0x7886, 0x7886,
    0x7886, 0x7886, 0x7886, 0x7886, 0x7886, 0x7886, 0x7886, 0x7886, 0x7886, 0x7886, 0x7886, 0x7886, 0x7886, 0x7886, 0x7886, 0x7886,
    0x7886, 0x7886, 0x7886, 0x7886, 0x7886, 0x7886, 0x7886, 0x7886, 0x7886, 0x7886, 0x7886, 0x7886, 0x7886, 0x7886, 0x7886, 0x7885,
    0x7885, 0x7885, 0x7885, 0x7885, 0x7885, 0x7885, 0x7885, 0x7885, 0x7885, 0x7885, 0x7885, 0x7885, 0x7885, 0x7885, 0x7885, 0x7885,
    0x7885, 0x7885, 0x7885, 0x7885, 0x7885, 0x7885, 0x7885, 0x7885, 0x7885, 0x7085, 0x7085, 0x7085, 0x7085, 0x7085, 0x7085, 0x7085,
    0x7085, 0x7085, 0x7085, 0x7085, 0x7085, 0x7085, 0x7085, 0x7085, 0x7085, 0x7085, 0x7085, 0x7085, 0x7085, 0x7085, 0x7085, 0x7085,
    0x6885, 0x6885, 0x6885, 0x6885, 0x6885, 0x6885, 0x6885, 0x6885, 0x6885, 0x6885, 0x6885, 0x6885, 0x6885, 0x6885, 0x6885, 0x6885,
    0x6885, 0x6885, 0x6885, 0x6885, 0x6885, 0x6885, 0x6885, 0x6885, 0x6885, 0x6885, 0x7085, 0x7085, 0x7085, 0x7085, 0x7085, 0x7085,
    0x7085, 0x7085, 0x7085, 0x7085, 0x7085, 0x7085, 0x7085, 0x7085, 0x7085, 0x7085, 0x7085, 0x7085, 0x7085, 0x7085, 0x7085, 0x7085,
    0x7085, 0x7885, 0x7885, 0x7885, 0x7885, 0x7885, 0x7885, 0x7885, 0x7885, 0x7885, 0x7885, 0x7885, 0x7885, 0x7885, 0x7885, 0x7885,
    0x7885, 0x7885, 0x7885, 0x7885, 0x7885, 0x7885, 0x7885, 0x7885, 0x7885, 0x7885, 0x7885, 0x7885, 0x7885, 0x7885, 0x7885, 0x7886,
    0x7886, 0x7886, 0x7886, 0x7886, 0x7886, 0x7886, 0x7886, 0x7886, 0x7886, 0x7886, 0x7886, 0x7886, 0x7886, 0x7886, 0x7886, 0x7886,
    0x7886, 0x7886, 0x7886, 0x7886, 0x7886, 0x7886, 0x7886, 0x7886, 0x7886, 0x7886, 0x7886, 0x7886, 0x7886, 0x7886, 0x7886, 0x7886,
    0x7886, 0x7886, 0x7886, 0x7886, 0x7886, 0x7886, 0x7885, 0x7885, 0x7885, 0x7885, 0x7885, 0x7885, 0x7885, 0x7885, 0x7885, 0x7885,
    0x7885, 0x7885, 0x7885, 0x7885, 0x7885, 0x7885, 0x7885, 0x7885, 0x7885, 0x7885, 0x7885, 0x7885, 0x7885, 0x7885, 0x7885, 0x7885,
    0x7885, 0x7885, 0x7885, 0x7085, 0x7085, 0x7085, 0x7085, 0x7085, 0x7085, 0x7085, 0x7085, 0x7085, 0x7085, 0x7085, 0x7085, 0x7085,
    0x7085, 0x7085, 0x7085, 0x7085, 0x7085, 0x7085, 0x7085, 0x7085, 0x7085, 0x7085, 0x6885, 0x6885, 0x6885, 0x6885, 0x6885, 0x6885,
    0x6885, 0x6885, 0x6885, 0x6885, 0x6885, 0x6885, 0x6885, 0x6885, 0x6885, 0x6885, 0x6885, 0x6885, 0x6885, 0x6885, 0x6885, 0x6885,
    0x6885, 0x6885, 0x6885, 0x6885, 0x6885, 0x6885, 0x6885, 0x6885, 0x7085, 0x7085, 0x7085, 0x7085, 0x7085, 0x7085, 0x7085, 0x7085,
    0x7085, 0x7085, 0x7085, 0x7085, 0x7085, 0x7085, 0x7085, 0x7085, 0x7085, 0x7085, 0x7085, 0x7085, 0x7085, 0x7085, 0x7085, 0x7885,
    0x7885, 0x7885, 0x7885, 0x7885, 0x7885, 0x7885, 0x7885, 0x7885, 0x7885, 0x7885, 0x7885, 0x7885, 0x7885, 0x7885, 0x7885, 0x7885,
    0x7885, 0x7885, 0x7885, 0x7885, 0x7885, 0x7885, 0x7885, 0x7885, 0x7885, 0x7885, 0x7885, 0x7885, 0x7885, 0x7885, 0x7885, 0x7885,
    0x7885, 0x7886, 0x7886, 0x7886, 0x7886, 0x7886, 0x7886, 0x7886, 0x7886, 0x7886, 0x7886, 0x7886, 0x7886, 0x7886, 0x7886, 0x7886,
    0x7886, 0x7886, 0x7886, 0x7886, 0x7886, 0x7886, 0x7886, 0x7886, 0x7886, 0x7886, 0x7885, 0x7885, 0x7885, 0x7885, 0x7885, 0x7885,
    0x7885, 0x7885, 0x7885, 0x7885, 0x7885, 0x7885, 0x7885, 0x7885, 0x7885, 0x7885, 0x7885, 0x7885, 0x7885, 0x7885, 0x7885, 0x7885,
    0x7885, 0x7885, 0x7885, 0x7885, 0x7885, 0x7885, 0x7885, 0x7885, 0x7885, 0x7885, 0x7885, 0x7885, 0x7885, 0x7085, 0x7085, 0x7085,
    0x7085, 0x7085, 0x7085, 0x7085, 0x7085, 0x7085, 0x7085, 0x7085, 0x7085, 0x7085, 0x7085, 0x7085, 0x7085, 0x7085, 0x7085, 0x7085,
    0x7085, 0x7085, 0x7085, 0x7085, 0x7085, 0x6885, 0x6885, 0x6885, 0x6885, 0x6885, 0x6885, 0x6885, 0x6885, 0x6885, 0x6885, 0x6885,
    0x6885, 0x6885, 0x6885, 0x6885, 0x6085, 0x6885, 0x6885, 0x6885, 0x6885, 0x6885, 0x6885, 0x6885, 0x6885, 0x6885, 0x6885, 0x6885,
    0x6885, 0x6885, 0x6885, 0x6885, 0x6885, 0x7085, 0x7085, 0x7085, 0x7085, 0x7085, 0x7085, 0x7085, 0x7085, 0x7085, 0x7085, 0x7085,
    0x7085, 0x7085, 0x7085, 0x7085, 0x7085, 0x7085, 0x7085, 0x7085, 0x7085, 0x7085, 0x7085, 0x7085, 0x7885, 0x7885, 0x7885, 0x7885,
    0x7885, 0x7885, 0x7885, 0x7885, 0x7885, 0x7885, 0x7885, 0x7885, 0x7885, 0x7885, 0x7885, 0x7885, 0x7885, 0x7885, 0x7885, 0x7885,
    0x7885, 0x7885, 0x7885, 0x7885, 0x7885, 0x7885, 0x7885, 0x7885, 0x7885, 0x7885, 0x7885, 0x7885, 0x7885, 0x7885, 0x7885, 0x7885,
    0x7885, 0x7885, 0x7885, 0x7885, 0x7886, 0x7886, 0x7886, 0x7886, 0x7886, 0x7886, 0x7886, 0x7886, 0x7886, 0x7886, 0x7886, 0x7886,
    0x7885, 0x7885, 0x7885, 0x7885, 0x7885, 0x7885, 0x7885, 0x7885, 0x7885, 0x7885, 0x7885, 0x7885, 0x7885, 0x7885, 0x7885, 0x7885,
    0x7885, 0x7885, 0x7885, 0x7885, 0x7885, 0x7885, 0x7885, 0x7885, 0x7885, 0x7885, 0x7885, 0x7885, 0x7885, 0x7885, 0x7885, 0x7885,
    0x7885, 0x7885, 0x7885, 0x7885, 0x7885, 0x7885, 0x7885, 0x7885, 0x7085, 0x7085, 0x7085, 0x7085, 0x7085, 0x7085, 0x7085, 0x7085,
    0x7085, 0x7085, 0x7085, 0x7085, 0x7085, 0x7085, 0x7085, 0x7085, 0x7085, 0x7085, 0x7085, 0x7085, 0x7085, 0x7085, 0x7085, 0x6885,
    0x6885, 0x6885, 0x6885, 0x6885, 0x6885, 0x6885, 0x6885, 0x6885, 0x6885, 0x6885, 0x6885, 0x6885, 0x6885, 0x6885, 0x6885, 0x6085,
    0x6084, 0x6085, 0x6085, 0x6885, 0x6885, 0x6885, 0x6885, 0x6885, 0x6885, 0x6885, 0x6885, 0x6885, 0x6885, 0x6885, 0x6885, 0x6885,
    0x6885, 0x6885, 0x7085, 0x7085, 0x7085, 0x7085, 0x7085, 0x7085, 0x7085, 0x7085, 0x7085, 0x7085, 0x7085, 0x7085, 0x7085, 0x7085,
    0x7085, 0x7085, 0x7085, 0x7085, 0x7085, 0x7085, 0x7085, 0x7085, 0x7085, 0x7085, 0x7085, 0x7885, 0x7885, 0x7885, 0x7885, 0x7885,
    0x7885, 0x7885, 0x7885, 0x7885, 0x7885, 0x7885, 0x7885, 0x7885, 0x7885, 0x7885, 0x7885, 0x7885, 0x7885, 0x7885, 0x7885, 0x7885,
    0x7885, 0x7885, 0x7885, 0x7885, 0x7885, 0x7885, 0x7885, 0x7885, 0x7885, 0x7885, 0x7885, 0x7885, 0x7885, 0x7885, 0x7885, 0x7885,
    0x7885, 0x7885, 0x7885, 0x7885, 0x7885, 0x7885, 0x7885, 0x7885, 0x7885, 0x7885, 0x7885, 0x7885, 0x7885, 0x7885, 0x7885, 0x7885,
    0x7885, 0x7885, 0x7885, 0x7885, 0x7885, 0x7885, 0x7885, 0x7885, 0x7885, 0x7885, 0x7885, 0x7885, 0x7885, 0x7885, 0x7885, 0x7885,
    0x7885, 0x7885, 0x7885, 0x7885, 0x7885, 0x7885, 0x7885, 0x7885, 0x7885, 0x7885, 0x7885, 0x7885, 0x7885, 0x7885, 0x7885, 0x7885,
    0x7885, 0x7085, 0x7085, 0x7085, 0x7085, 0x7085, 0x7085, 0x7085, 0x7085, 0x7085, 0x7085, 0x7085, 0x7085, 0x7085, 0x7085, 0x7085,
    0x7085, 0x7085, 0x7085, 0x7085, 0x7085, 0x7085, 0x7085, 0x7085, 0x7085, 0x7085, 0x6885, 0x6885, 0x6885, 0x6885, 0x6885, 0x6885,
    0x6885, 0x6885, 0x6885, 0x6885, 0x6885, 0x6885, 0x6885, 0x6885, 0x6885, 0x6885, 0x6085, 0x6084, 0x6064, 0x6084, 0x6085, 0x6085,
    0x6885, 0x6885, 0x6885, 0x6885, 0x6885, 0x6885, 0x6885, 0x6885, 0x6885, 0x6885, 0x6885, 0x6885, 0x6885, 0x6885, 0x6885, 0x7085,
    0x7085, 0x7085, 0x7085, 0x7085, 0x7085, 0x7085, 0x7085, 0x7085, 0x7085, 0x7085, 0x7085, 0x7085, 0x7085, 0x7085, 0x7085, 0x7085,
    0x7085, 0x7085, 0x7085, 0x7085, 0x7085, 0x7085, 0x7085, 0x7085, 0x7085, 0x7885, 0x7885, 0x7885, 0x7885, 0x7885, 0x7885, 0x7885,
    0x7885, 0x7885, 0x7885, 0x7885, 0x7885, 0x7885, 0x7885, 0x7885, 0x7885, 0x7885, 0x7885, 0x7885, 0x7885, 0x7885, 0x7885, 0x7885,
    0x7885, 0x7885, 0x7885, 0x7885, 0x7885, 0x7885, 0x7885, 0x7885, 0x7885, 0x7885, 0x7885, 0x7885, 0x7885, 0x7885, 0x7885, 0x7885,
    0x7885, 0x7885, 0x7885, 0x7885, 0x7885, 0x7885, 0x7885, 0x7885, 0x7885, 0x7885, 0x7885, 0x7885, 0x7885, 0x7885, 0x7885, 0x7885,
    0x7885, 0x7885, 0x7885, 0x7885, 0x7885, 0x7885, 0x7885, 0x7885, 0x7885, 0x7885, 0x7885, 0x7885, 0x7885, 0x7885, 0x7885, 0x7885,
    0x7885, 0x7885, 0x7885, 0x7885, 0x7885, 0x7885, 0x7885, 0x7885, 0x7885, 0x7885, 0x7885, 0x7085, 0x7085, 0x7085, 0x7085, 0x7085,
    0x7085, 0x7085, 0x7085, 0x7085, 0x7085, 0x7085, 0x7085, 0x7085, 0x7085, 0x7085, 0x7085, 0x7085, 0x7085, 0x7085, 0x7085, 0x7085,
    0x7085, 0x7085, 0x7085, 0x7085, 0x7085, 0x6885, 0x6885, 0x6885, 0x6885, 0x6885, 0x6885, 0x6885, 0x6885, 0x6885, 0x6885, 0x6885,
    0x6885, 0x6885, 0x6885, 0x6885, 0x6885, 0x6085, 0x6084, 0x6084, 0x6064, 0x6064, 0x6084, 0x6085, 0x6085, 0x6885, 0x6885, 0x6885,
    0x6885, 0x6885, 0x6885, 0x6885, 0x6885, 0x6885, 0x6885, 0x6885, 0x6885, 0x6885, 0x6885, 0x6885, 0x6885, 0x7085, 0x7085, 0x7085,
    0x7085, 0x7085, 0x7085, 0x7085, 0x7085, 0x7085, 0x7085, 0x7085, 0x7085, 0x7085, 0x7085, 0x7085, 0x7085, 0x7085, 0x7085, 0x7085,
    0x7085, 0x7085, 0x7085, 0x7085, 0x7085, 0x7085, 0x7085, 0x7085, 0x7885, 0x7885, 0x7885, 0x7885, 0x7885, 0x7885, 0x7885, 0x7885,
    0x7885, 0x7885, 0x7885, 0x7885, 0x7885, 0x7885, 0x7885, 0x7885, 0x7885, 0x7885, 0x7885, 0x7885, 0x7885, 0x7885, 0x7885, 0x7885,
    0x7885, 0x7885, 0x7885, 0x7885, 0x7885, 0x7885, 0x7885, 0x7885, 0x7885, 0x7885, 0x7885, 0x7885, 0x7885, 0x7885, 0x7885, 0x7885,
    0x7885, 0x7885, 0x7885, 0x7885, 0x7885, 0x7885, 0x7885, 0x7885, 0x7885, 0x7885, 0x7885, 0x7885, 0x7885, 0x7885, 0x7885, 0x7885,
    0x7885, 0x7885, 0x7885, 0x7885, 0x7885, 0x7885, 0x7885, 0x7885, 0x7885, 0x7885, 0x7885, 0x7885, 0x7885, 0x7885, 0x7885, 0x7885,
    0x7885, 0x7885, 0x7885, 0x7885, 0x7885, 0x7085, 0x7085, 0x7085, 0x7085, 0x7085, 0x7085, 0x7085, 0x7085, 0x7085, 0x7085, 0x7085,
    0x7085, 0x7085, 0x7085, 0x7085, 0x7085, 0x7085, 0x7085, 0x7085, 0x7085, 0x7085, 0x7085, 0x7085, 0x7085, 0x7085, 0x7085, 0x6885,
    0x6885, 0x6885, 0x6885, 0x6885, 0x6885, 0x6885, 0x6885, 0x6885, 0x6885, 0x6885, 0x6885, 0x6885, 0x6885, 0x6885, 0x6885, 0x6085,
    0x6085, 0x6084, 0x6064, 0x6064, 0x6064, 0x6064, 0x6064, 0x6064, 0x6084, 0x6085, 0x6085, 0x6885, 0x6885, 0x6885, 0x6885, 0x6885,
    0x6885, 0x6885, 0x6885, 0x6885, 0x6885, 0x6885, 0x6885, 0x6885, 0x6885, 0x6885, 0x6885, 0x7085, 0x7085, 0x7085, 0x7085, 0x7085,
    0x7085, 0x7085, 0x7085, 0x7085, 0x7085, 0x7085, 0x7085, 0x7085, 0x7085, 0x7085, 0x7085, 0x7085, 0x7085, 0x7085, 0x7085, 0x7085,
    0x7085, 0x7085, 0x7085, 0x7085, 0x7085, 0x7085, 0x7085, 0x7885, 0x7885, 0x7885, 0x7885, 0x7885, 0x7885, 0x7885, 0x7885, 0x7885,
    0x7885, 0x7885, 0x7885, 0x7885, 0x7885, 0x7885, 0x7885, 0x7885, 0x7885, 0x7885, 0x7885, 0x7885, 0x7885, 0x7885, 0x7885, 0x7885,
    0x7885, 0x7885, 0x7885, 0x7885, 0x7885, 0x7885, 0x7885, 0x7885, 0x7885, 0x7885, 0x7885, 0x7885, 0x7885, 0x7885, 0x7885, 0x7885,
    0x7885, 0x7885, 0x7885, 0x7885, 0x7885, 0x7885, 0x7885, 0x7885, 0x7885, 0x7885, 0x7885, 0x7885, 0x7885, 0x7885, 0x7885, 0x7885,
    0x7885, 0x7885, 0x7885, 0x7885, 0x7885, 0x7885, 0x7885, 0x7885, 0x7885, 0x7885, 0x7885, 0x7885, 0x7885, 0x7085, 0x7085, 0x7085,
    0x7085, 0x7085, 0x7085, 0x7085, 0x7085, 0x7085, 0x7085, 0x7085, 0x7085, 0x7085, 0x7085, 0x7085, 0x7085, 0x7085, 0x7085, 0x7085,
    0x7085, 0x7085, 0x7085, 0x7085, 0x7085, 0x7085, 0x7085, 0x7085, 0x7085, 0x6885, 0x6885, 0x6885, 0x6885, 0x6885, 0x6885, 0x6885,
    0x6885, 0x6885, 0x6885, 0x6885, 0x6885, 0x6885, 0x6885, 0x6885, 0x6885, 0x6885, 0x6085, 0x6085, 0x6064, 0x6064, 0x6064, 0x6064,
    0x6064, 0x6064, 0x6064, 0x6064, 0x6064, 0x6085, 0x6085, 0x6885, 0x6885, 0x6885, 0x6885, 0x6885, 0x6885, 0x6885, 0x6885, 0x6885,
    0x6885, 0x6885, 0x6885, 0x6885, 0x6885, 0x6885, 0x6885, 0x6885, 0x7085, 0x7085, 0x7085, 0x7085, 0x7085, 0x7085, 0x7085, 0x7085,
    0x7085, 0x7085, 0x7085, 0x7085, 0x7085, 0x7085, 0x7085, 0x7085, 0x7085, 0x7085, 0x7085, 0x7085, 0x7085, 0x7085, 0x7085, 0x7085,
    0x7085, 0x7085, 0x7085, 0x7085, 0x7085, 0x7885, 0x7885, 0x7885, 0x7885, 0x7885, 0x7885, 0x7885, 0x7885, 0x7885, 0x7885, 0x7885,
    0x7885, 0x7885, 0x7885, 0x7885, 0x7885, 0x7885, 0x7885, 0x7885, 0x7885, 0x7885, 0x7885, 0x7885, 0x7885, 0x7885, 0x7885, 0x7885,
    0x7885, 0x7885, 0x7885, 0x7885, 0x7885, 0x7885, 0x7885, 0x7885, 0x7885, 0x7885, 0x7885, 0x7885, 0x7885, 0x7885, 0x7885, 0x7885,
    0x7885, 0x7885, 0x7885, 0x7885, 0x7885, 0x7885, 0x7885, 0x7885, 0x7885, 0x7885, 0x7885, 0x7885, 0x7885, 0x7885, 0x7885, 0x7885,
    0x7885, 0x7885, 0x7885, 0x7885, 0x7885, 0x7885, 0x7885, 0x7085, 0x7085, 0x7085, 0x7085, 0x7085, 0x7085, 0x7085, 0x7085, 0x7085,
    0x7085, 0x7085, 0x7085, 0x7085, 0x7085, 0x7085, 0x7085, 0x7085, 0x7085, 0x7085, 0x7085, 0x7085, 0x7085, 0x7085, 0x7085, 0x7085,
    0x7085, 0x7085, 0x7085, 0x7085, 0x6885, 0x6885, 0x6885, 0x6885, 0x6885, 0x6885, 0x6885, 0x6885, 0x6885, 0x6885, 0x6885, 0x6885,
    0x6885, 0x6885, 0x6885, 0x6885, 0x6885, 0x6085, 0x6085, 0x6084, 0x6064, 0x6064, 0x6064, 0x6064, 0x6064, 0x6064, 0x6064, 0x6064,
    0x6064, 0x6064, 0x6084, 0x6085, 0x6885, 0x6885, 0x6885, 0x6885, 0x6885, 0x6885, 0x6885, 0x6885, 0x6885, 0x6885, 0x6885, 0x6885,
    0x6885, 0x6885, 0x6885, 0x6885, 0x6885, 0x6885, 0x7085, 0x7085, 0x7085, 0x7085, 0x7085, 0x7085, 0x7085, 0x7085, 0x7085, 0x7085,
    0x7085, 0x7085, 0x7085, 0x7085, 0x7085, 0x7085, 0x7085, 0x7085, 0x7085, 0x7085, 0x7085, 0x7085, 0x7085, 0x7085, 0x7085, 0x7085,
    0x7085, 0x7085, 0x7085, 0x7085, 0x7085, 0x7885, 0x7885, 0x7885, 0x7885, 0x7885, 0x7885, 0x7885, 0x7885, 0x7885, 0x7885, 0x7885,
    0x7885, 0x7885, 0x7885, 0x7885, 0x7885, 0x7885, 0x7885, 0x7885, 0x7885, 0x7885, 0x7885, 0x7885, 0x7885, 0x7885, 0x7885, 0x7885,
    0x7885, 0x7885, 0x7885, 0x7885, 0x7885, 0x7885, 0x7885, 0x7885, 0x7885, 0x7885, 0x7885, 0x7885, 0x7885, 0x7885, 0x7885, 0x7885,
    0x7885, 0x7885, 0x7885, 0x7885, 0x7885, 0x7885, 0x7885, 0x7885, 0x7885, 0x7885, 0x7885, 0x7885, 0x7885, 0x7885, 0x7885, 0x7085,
    0x7085, 0x7085, 0x7085, 0x7085, 0x7085, 0x7085, 0x7085, 0x7085, 0x7085, 0x7085, 0x7085, 0x7085, 0x7085, 0x7085, 0x7085, 0x7085,
    0x7085, 0x7085, 0x7085, 0x7085, 0x7085, 0x7085, 0x7085, 0x7085, 0x7085, 0x7085, 0x7085, 0x7085, 0x7085, 0x7085, 0x6885, 0x6885,
    0x6885, 0x6885, 0x6885, 0x6885, 0x6885, 0x6885, 0x6885, 0x6885, 0x6885, 0x6885, 0x6885, 0x6885, 0x6885, 0x6885, 0x6885, 0x6085,
    0x6085, 0x6084, 0x6064, 0x6064, 0x6064, 0x6064, 0x6064, 0x6064, 0x6084, 0x6084, 0x6064, 0x6064, 0x6064, 0x6064, 0x6064, 0x6084,
    0x6085, 0x6085, 0x6885, 0x6885, 0x6885, 0x6885, 0x6885, 0x6885, 0x6885, 0x6885, 0x6885, 0x6885, 0x6885, 0x6885, 0x6885, 0x6885,
    0x6885, 0x6885, 0x6885, 0x7085, 0x7085, 0x7085, 0x7085, 0x7085, 0x7085, 0x7085, 0x7085, 0x7085, 0x7085, 0x7085, 0x7085, 0x7085,
    0x7085, 0x7085, 0x7085, 0x7085, 0x7085, 0x7085, 0x7085, 0x7085, 0x7085, 0x7085, 0x7085, 0x7085, 0x7085, 0x7085, 0x7085, 0x7085,
    0x7085, 0x7085, 0x7085, 0x7085, 0x7885, 0x7885, 0x7885, 0x7885, 0x7885, 0x7885, 0x7885, 0x7885, 0x7885, 0x7885, 0x7885, 0x7885,
    0x7885, 0x7885, 0x7885, 0x7885, 0x7885, 0x7885, 0x7885, 0x7885, 0x7885, 0x7885, 0x7885, 0x7885, 0x7885, 0x7885, 0x7885, 0x7885,
    0x7885, 0x7885, 0x7885, 0x7885, 0x7885, 0x7885, 0x7885, 0x7885, 0x7885, 0x7885, 0x7885, 0x7885, 0x7885, 0x7885, 0x7885, 0x7885,
    0x7885, 0x7885, 0x7885, 0x7885, 0x7885, 0x7885, 0x7885, 0x7885, 0x7885, 0x7085, 0x7085, 0x7085, 0x7085, 0x7085, 0x7085, 0x7085,
    0x7085, 0x7085, 0x7085, 0x7085, 0x7085, 0x7085, 0x7085, 0x7085, 0x7085, 0x7085, 0x7085, 0x7085, 0x7085, 0x7085, 0x7085, 0x7085,
    0x7085, 0x7085, 0x7085, 0x7085, 0x7085, 0x7085, 0x7085, 0x7085, 0x7085, 0x6885, 0x6885, 0x6885, 0x6885, 0x6885, 0x6885, 0x6885,
    0x6885, 0x6885, 0x6885, 0x6885, 0x6885, 0x6885, 0x6885, 0x6885, 0x6885, 0x6885, 0x6885, 0x6085, 0x6084, 0x6064, 0x6064, 0x6064,
    0x6064, 0x6064, 0x6064, 0x6085, 0x5823, 0x6064, 0x6085, 0x6064, 0x6064, 0x6064, 0x6064, 0x6064, 0x6084, 0x6084, 0x6085, 0x6085,
    0x6885, 0x6885, 0x6885, 0x6885, 0x6885, 0x6885, 0x6885, 0x6885, 0x6885, 0x6885, 0x6885, 0x6885, 0x6885, 0x6885, 0x6885, 0x6885,
    0x6885, 0x6885, 0x7085, 0x7085, 0x7085, 0x7085, 0x7085, 0x7085, 0x7085, 0x7085, 0x7085, 0x7085, 0x7085, 0x7085, 0x7085, 0x7085,
    0x7085, 0x7085, 0x7085, 0x7085, 0x7085, 0x7085, 0x7085, 0x7085, 0x7085, 0x7085, 0x7085, 0x7085, 0x7085, 0x7085, 0x7085, 0x7085,
    0x7085, 0x7085, 0x7085, 0x7085, 0x7085, 0x7885, 0x7885, 0x7885, 0x7885, 0x7885, 0x7885, 0x7885, 0x7885, 0x7885, 0x7885, 0x7885,
    0x7885, 0x7885, 0x7885, 0x7885, 0x7885, 0x7885, 0x7885, 0x7885, 0x7885, 0x7885, 0x7885, 0x7885, 0x7885, 0x7885, 0x7885, 0x7885,
    0x7885, 0x7885, 0x7885, 0x7885, 0x7885, 0x7885, 0x7885, 0x7885, 0x7885, 0x7885, 0x7885, 0x7885, 0x7885, 0x7885, 0x7885, 0x7885,
    0x7085, 0x7085, 0x7085, 0x7085, 0x7085, 0x7085, 0x7085, 0x7085, 0x7085, 0x7085, 0x7085, 0x7085, 0x7085, 0x7085, 0x7085, 0x7085,
    0x7085, 0x7085, 0x7085, 0x7085, 0x7085, 0x7085, 0x7085, 0x7085, 0x7085, 0x7085, 0x7085, 0x7085, 0x7085, 0x7085, 0x7085, 0x7085,
    0x7085, 0x7085, 0x7085, 0x6885, 0x6885, 0x6885, 0x6885, 0x6885, 0x6885, 0x6885, 0x6885, 0x6885, 0x6885, 0x6885, 0x6885, 0x6885,
    0x6885, 0x6885, 0x6885, 0x6885, 0x6885, 0x6085, 0x6085, 0x6064, 0x6064, 0x6064, 0x6064, 0x6064, 0x6064, 0x6084, 0x6084, 0x5803,
    0x8B2B, 0x6064, 0x5844, 0x6085, 0x6064, 0x6064, 0x6064, 0x6064, 0x6064, 0x6064, 0x6084, 0x6085, 0x6085, 0x6885, 0x6885, 0x6885,
    0x6885, 0x6885, 0x6885, 0x6885, 0x6885, 0x6885, 0x6885, 0x6885, 0x6885, 0x6885, 0x6885, 0x6885, 0x6885, 0x6885, 0x6885, 0x6885,
    0x7085, 0x7085, 0x7085, 0x7085, 0x7085, 0x7085, 0x7085, 0x7085, 0x7085, 0x7085, 0x7085, 0x7085, 0x7085, 0x7085, 0x7085, 0x7085,
    0x7085, 0x7085, 0x7085, 0x7085, 0x7085, 0x7085, 0x7085, 0x7085, 0x7085, 0x7085, 0x7085, 0x7085, 0x7085, 0x7085, 0x7085, 0x7085,
    0x7085, 0x7085, 0x7085, 0x7085, 0x7085, 0x7085, 0x7085, 0x7085, 0x7885, 0x7885, 0x7885, 0x7885, 0x7885, 0x7885, 0x7885, 0x7885,
    0x7885, 0x7885, 0x7885, 0x7885, 0x7885, 0x7885, 0x7885, 0x7885, 0x7885, 0x7885, 0x7885, 0x7885, 0x7885, 0x7885, 0x7885, 0x7885,
    0x7885, 0x7885, 0x7885, 0x7885, 0x7085, 0x7085, 0x7085, 0x7085, 0x7085, 0x7085, 0x7085, 0x7085, 0x7085, 0x7085, 0x7085, 0x7085,
    0x7085, 0x7085, 0x7085, 0x7085, 0x7085, 0x7085, 0x7085, 0x7085, 0x7085, 0x7085, 0x7085, 0x7085, 0x7085, 0x7085, 0x7085, 0x7085,
    0x7085, 0x7085, 0x7085, 0x7085, 0x7085, 0x7085, 0x7085, 0x7085, 0x7085, 0x7085, 0x7085, 0x7085, 0x6885, 0x6885, 0x6885, 0x6885,
    0x6885, 0x6885, 0x6885, 0x6885, 0x6885, 0x6885, 0x6885, 0x6885, 0x6885, 0x6885, 0x6885, 0x6885, 0x6885, 0x6885, 0x6885, 0x6085,
    0x6085, 0x6084, 0x6064, 0x6064, 0x6064, 0x6064, 0x6064, 0x6064, 0x6085, 0x6064, 0x5823, 0x828A, 0x7A69, 0x93AD, 0x68E5, 0x5823,
    0x6085, 0x6064, 0x6064, 0x6064, 0x6064, 0x6064, 0x6064, 0x6084, 0x6085, 0x6085, 0x6885, 0x6885, 0x6885, 0x6885, 0x6885, 0x6885,
    0x6885, 0x6885, 0x6885, 0x6885, 0x6885, 0x6885, 0x6885, 0x6885, 0x6885, 0x6885, 0x6885, 0x6885, 0x7085, 0x70A5, 0x7085, 0x7085,
    0x7085, 0x7085, 0x7085, 0x7085, 0x7085, 0x7085, 0x7085, 0x7085, 0x7085, 0x7085, 0x7085, 0x7085, 0x7085, 0x7085, 0x7085, 0x7085,
    0x7085, 0x7085, 0x7085, 0x7085, 0x7085, 0x7085, 0x7085, 0x7085, 0x7085, 0x7085, 0x7085, 0x7085, 0x7085, 0x7085, 0x7085, 0x7085,
    0x7085, 0x7085, 0x7085, 0x7085, 0x7085, 0x7085, 0x7085, 0x7085, 0x7085, 0x7885, 0x7885, 0x7885, 0x7885, 0x7885, 0x7885, 0x7885,
    0x7885, 0x7885, 0x7885, 0x7885, 0x7885, 0x7885, 0x7885, 0x7885, 0x7885, 0x7885, 0x7885, 0x7085, 0x7085, 0x7085, 0x7085, 0x7085,
    0x7085, 0x7085, 0x7085, 0x7085, 0x7085, 0x7085, 0x7085, 0x7085, 0x7085, 0x7085, 0x7085, 0x7085, 0x7085, 0x7085, 0x7085, 0x7085,
    0x7085, 0x7085, 0x7085, 0x7085, 0x7085, 0x7085, 0x7085, 0x7085, 0x7085, 0x7085, 0x7085, 0x7085, 0x7085, 0x7085, 0x7085, 0x7085,
    0x7085, 0x7085, 0x7085, 0x7085, 0x7085, 0x7085, 0x7085, 0x6885, 0x6885, 0x6885, 0x6885, 0x6885, 0x6885, 0x6885, 0x6885, 0x6885,
    0x6885, 0x6885, 0x6885, 0x6885, 0x6885, 0x6885, 0x6885, 0x6885, 0x6885, 0x6885, 0x6085, 0x6085, 0x6084, 0x6064, 0x6064, 0x6064,
    0x6064, 0x6064, 0x6064, 0x6085, 0x5844, 0x6084, 0x8B4C, 0x830B, 0x5803, 0x7187, 0x93CD, 0x71A8, 0x5803, 0x6084, 0x6084, 0x6064,
    0x6064, 0x6064, 0x6064, 0x6064, 0x6064, 0x6084, 0x6085, 0x6085, 0x6885, 0x6885, 0x6885, 0x6885, 0x6885, 0x6885, 0x6885, 0x6885,
    0x6885, 0x6885, 0x6885, 0x6885, 0x6885, 0x6885, 0x6885, 0x6885, 0x6844, 0x6824, 0x6864, 0x7085, 0x7085, 0x7085, 0x7085, 0x7085,
    0x7085, 0x7085, 0x7085, 0x7085, 0x7085, 0x7085, 0x7085, 0x7085, 0x7085, 0x7085, 0x7085, 0x7085, 0x7085, 0x7085, 0x7085, 0x7085,
    0x7085, 0x7085, 0x7085, 0x7085, 0x7085, 0x7085, 0x7085, 0x7085, 0x7085, 0x7085, 0x7085, 0x7085, 0x7085, 0x7085, 0x7085, 0x7085,
    0x7085, 0x7085, 0x7085, 0x7085, 0x7085, 0x7085, 0x7085, 0x7085, 0x7085, 0x7085, 0x7085, 0x7085, 0x7085, 0x7085, 0x7085, 0x7085,
    0x7085, 0x7085, 0x7085, 0x7085, 0x7085, 0x7085, 0x7085, 0x7085, 0x7085, 0x7085, 0x7085, 0x7085, 0x7085, 0x7085, 0x7085, 0x7085,
    0x7085, 0x7085, 0x7085, 0x7085, 0x7085, 0x7085, 0x7085, 0x7085, 0x7085, 0x7085, 0x7085, 0x7085, 0x7085, 0x7085, 0x7085, 0x7085,
    0x7085, 0x7085, 0x7085, 0x7085, 0x7085, 0x7085, 0x7085, 0x7085, 0x7085, 0x7085, 0x7085, 0x7085, 0x7085, 0x7085, 0x7085, 0x70A5,
    0x7085, 0x6885, 0x6885, 0x6885, 0x6885, 0x6885, 0x6885, 0x6885, 0x6885, 0x6885, 0x6885, 0x6885, 0x6885, 0x6885, 0x6885, 0x6885,
    0x6885, 0x6885, 0x6885, 0x6885, 0x6885, 0x6085, 0x6085, 0x6064, 0x6064, 0x6064, 0x6064, 0x6064, 0x6064, 0x6084, 0x6085, 0x5803,
    0x6926, 0x93AD, 0x7A49, 0x5803, 0x5884, 0x5823, 0x60C5, 0x93AD, 0x82AA, 0x5844, 0x6044, 0x6085, 0x6064, 0x6064, 0x6064, 0x6064,
    0x6064, 0x6084, 0x6084, 0x6085, 0x6085, 0x6885, 0x6885, 0x6885, 0x6885, 0x6885, 0x6885, 0x6885, 0x6885, 0x6885, 0x6885, 0x6885,
    0x6885, 0x6885, 0x6885, 0x6844, 0x7967, 0x89E9, 0x7906, 0x6824, 0x6865, 0x7085, 0x7085, 0x7085, 0x7085, 0x7085, 0x7085, 0x7085,
    0x7085, 0x7085, 0x7085, 0x7085, 0x7085, 0x7085, 0x7085, 0x7085, 0x7085, 0x7085, 0x7085, 0x7085, 0x7085, 0x7085, 0x7085, 0x7085,
    0x7085, 0x7085, 0x7085, 0x7085, 0x7085, 0x7085, 0x7085, 0x7085, 0x7085, 0x7085, 0x7085, 0x7085, 0x7085, 0x7085, 0x7085, 0x7085,
    0x7085, 0x7085, 0x7085, 0x7085, 0x7085, 0x7085, 0x7085, 0x7085, 0x7085, 0x7085, 0x7085, 0x7085, 0x7085, 0x7085, 0x7085, 0x7085,
    0x7085, 0x7085, 0x7085, 0x7085, 0x7085, 0x7085, 0x7085, 0x7085, 0x7085, 0x7085, 0x7085, 0x7085, 0x7085, 0x7085, 0x7085, 0x7085,
    0x7085, 0x7085, 0x7085, 0x7085, 0x7085, 0x7085, 0x7085, 0x7085, 0x7085, 0x7085, 0x7085, 0x7085, 0x7085, 0x7085, 0x7085, 0x7085,
    0x7085, 0x7085, 0x7085, 0x7085, 0x7085, 0x7085, 0x7085, 0x7085, 0x7085, 0x7085, 0x6865, 0x6824, 0x6865, 0x6885, 0x6885, 0x6885,
    0x6885, 0x6885, 0x6885, 0x6885, 0x6885, 0x6885, 0x6885, 0x6885, 0x6885, 0x6885, 0x6885, 0x6885, 0x6885, 0x6885, 0x6085, 0x6085,
    0x6085, 0x6084, 0x6064, 0x6064, 0x6064, 0x6064, 0x6064, 0x6064, 0x6084, 0x6064, 0x5803, 0x7A09, 0x93CD, 0x6967, 0x5803, 0x6084,
    0x5844, 0x5844, 0x5864, 0x5844, 0x82CB, 0x8B8D, 0x60C5, 0x5823, 0x6085, 0x6084, 0x6064, 0x6064, 0x6064, 0x6064, 0x6064, 0x6084,
    0x6084, 0x6085, 0x6085, 0x6885, 0x6885, 0x6885, 0x6885, 0x6885, 0x6885, 0x6885, 0x6885, 0x6885, 0x6885, 0x6885, 0x6864, 0xA36D,
    0xDE15, 0xD5F4, 0xD5D4, 0xABAE, 0x6885, 0x6865, 0x7085, 0x6885, 0x7085, 0x7085, 0x7085, 0x7085, 0x7085, 0x7085, 0x7085, 0x7085,
    0x7085, 0x7085, 0x7085, 0x7085, 0x7085, 0x7085, 0x7085, 0x7085, 0x7085, 0x7085, 0x7085, 0x7085, 0x7085, 0x7085, 0x7085, 0x7085,
    0x7085, 0x7085, 0x7085, 0x7085, 0x7085, 0x7085, 0x7085, 0x7085, 0x7085, 0x7085, 0x7085, 0x7085, 0x7085, 0x7085, 0x7085, 0x7085,
    0x7085, 0x7085, 0x7085, 0x7085, 0x7085, 0x7085, 0x7085, 0x7085, 0x7085, 0x7085, 0x7085, 0x7085, 0x7085, 0x7085, 0x7085, 0x7085,
    0x7085, 0x7085, 0x7085, 0x7085, 0x7085, 0x7085, 0x7085, 0x7085, 0x7085, 0x7085, 0x7085, 0x7085, 0x7085, 0x7085, 0x7085, 0x7085,
    0x7085, 0x7085, 0x7085, 0x7085, 0x7085, 0x7085, 0x7085, 0x7085, 0x7085, 0x7085, 0x7085, 0x7085, 0x7085, 0x7085, 0x7085, 0x7085,
    0x7085, 0x7085, 0x7085, 0x7085, 0x6885, 0x6885, 0x70A5, 0x9AAB, 0x89E9, 0x6844, 0x6885, 0x6885, 0x6885, 0x6885, 0x6885, 0x6885,
    0x6885, 0x6885, 0x6885, 0x6885, 0x6885, 0x6885, 0x6885, 0x6885, 0x6885, 0x6085, 0x6085, 0x6084, 0x6084, 0x6064, 0x6064, 0x6064,
    0x6064, 0x6064, 0x6064, 0x6085, 0x5824, 0x6064, 0x8B0B, 0x8B6C, 0x60A5, 0x5844, 0x5864, 0x5823, 0xAC6F, 0x60E5, 0x5823, 0x6084,
    0x5803, 0x71C8, 0x93ED, 0x71C8, 0x5803, 0x6064, 0x6085, 0x6064, 0x6064, 0x6064, 0x6064, 0x6064, 0x6064, 0x6064, 0x6085, 0x6085,
    0x6085, 0x6885, 0x6885, 0x6885, 0x6885, 0x6885, 0x6885, 0x6885, 0x6885, 0x6024, 0x81E9, 0xDE55, 0xABCE, 0x7126, 0x8A2A, 0xD5F4,
    0xB40F, 0x6844, 0x6885, 0x6885, 0x6885, 0x6885, 0x6885, 0x7085, 0x7085, 0x7085, 0x7085, 0x7085, 0x7085, 0x7085, 0x7085, 0x7085,
    0x7085, 0x7085, 0x7085, 0x7085, 0x7085, 0x7085, 0x7085, 0x7085, 0x7085, 0x7085, 0x7085, 0x7085, 0x7085, 0x7085, 0x7085, 0x7085,
    0x7085, 0x7085, 0x7085, 0x7085, 0x7085, 0x7085, 0x7085, 0x7085, 0x7085, 0x7085, 0x7085, 0x7085, 0x7085, 0x7085, 0x7085, 0x7085,
    0x7085, 0x7085, 0x7085, 0x7085, 0x7085, 0x7085, 0x7085, 0x7085, 0x7085, 0x7085, 0x7085, 0x7085, 0x7085, 0x7085, 0x7085, 0x7085,
    0x7085, 0x7085, 0x7085, 0x7085, 0x7085, 0x7085, 0x7085, 0x7085, 0x7085, 0x7085, 0x7085, 0x7085, 0x7085, 0x7085, 0x7085, 0x7085,
    0x7085, 0x7085, 0x7085, 0x7085, 0x7085, 0x7085, 0x7085, 0x7085, 0x7085, 0x7085, 0x7085, 0x7085, 0x7085, 0x6885, 0x6885, 0x6885,
    0x7085, 0x6864, 0x7947, 0xDE35, 0xBC70, 0x6044, 0x6885, 0x68A5, 0x6865, 0x6044, 0x6885, 0x6885, 0x6885, 0x6885, 0x6885, 0x6885,
    0x6885, 0x6885, 0x6885, 0x6885, 0x6085, 0x6085, 0x6084, 0x6064, 0x6064, 0x6064, 0x6064, 0x6064, 0x6064, 0x6084, 0x6084, 0x5803,
    0x6926, 0x93AD, 0x7A6A, 0x5823, 0x6064, 0x5844, 0x5864, 0x9BAD, 0xBD93, 0xBD32, 0x79E8, 0x5003, 0x6084, 0x5823, 0x60E5, 0x8B8D,
    0x82EB, 0x6064, 0x5823, 0x6085, 0x6064, 0x6064, 0x6064, 0x6064, 0x6064, 0x6064, 0x6084, 0x6084, 0x6085, 0x6085, 0x6885, 0x6885,
    0x6885, 0x6885, 0x6885, 0x6885, 0x6885, 0x6004, 0x9AEC, 0xD614, 0x70E6, 0x6024, 0x6003, 0x928B, 0xDE35, 0x7947, 0x6844, 0x6885,
    0x6885, 0x6885, 0x6885, 0x6885, 0x6885, 0x7085, 0x7085, 0x7085, 0x7085, 0x7085, 0x7085, 0x7085, 0x7085, 0x7085, 0x7085, 0x7085,
    0x7085, 0x7085, 0x7085, 0x7085, 0x7085, 0x7085, 0x7085, 0x7085, 0x7085, 0x7085, 0x7085, 0x7085, 0x7085, 0x7085, 0x7085, 0x7085,
    0x7085, 0x7085, 0x7085, 0x7085, 0x7085, 0x7085, 0x7085, 0x7085, 0x7085, 0x7085, 0x7085, 0x7085, 0x7085, 0x7085, 0x7085, 0x7085,
    0x7085, 0x7085, 0x7085, 0x7085, 0x7085, 0x7085, 0x7085, 0x7085, 0x7085, 0x7085, 0x7085, 0x7085, 0x7085, 0x7085, 0x7085, 0x7085,
    0x7085, 0x7085, 0x7085, 0x7085, 0x7085, 0x7085, 0x7085, 0x7085, 0x7085, 0x7085, 0x7085, 0x7085, 0x7085, 0x7085, 0x7085, 0x7085,
    0x7085, 0x7085, 0x7085, 0x7085, 0x7085, 0x7085, 0x7085, 0x7085, 0x6885, 0x6885, 0x6885, 0x6885, 0x6885, 0x68A5, 0x6024, 0xAB8D,
    0xDE35, 0x8188, 0x6024, 0x6024, 0x6885, 0x8A09, 0x6885, 0x6865, 0x6885, 0x6885, 0x6885, 0x6885, 0x6885, 0x6885, 0x6085, 0x6085,
    0x6084, 0x6064, 0x6064, 0x6064, 0x6064, 0x6064, 0x6064, 0x6064, 0x6085, 0x6044, 0x5823, 0x7A49, 0x93CD, 0x6967, 0x5803, 0x6084,
    0x5003, 0x6947, 0xACB0, 0xC5B3, 0xC5B3, 0xBD72, 0xC5B3, 0x932C, 0x5844, 0x5844, 0x5864, 0x5823, 0x828A, 0x93CD, 0x7187, 0x5803,
    0x6064, 0x6085, 0x6064, 0x6064, 0x6064, 0x6064, 0x6064, 0x6064, 0x6064, 0x6084, 0x6085, 0x6085, 0x6885, 0x6885, 0x6885, 0x6885,
    0x6885, 0x6044, 0x7988, 0xD615, 0x9B0C, 0x6024, 0x6024, 0xA36D, 0xDE15, 0x7967, 0x6844, 0x6885, 0x6885, 0x6885, 0x6885, 0x6885,
    0x6885, 0x6885, 0x6885, 0x7085, 0x70A5, 0x7085, 0x7085, 0x7085, 0x7085, 0x7085, 0x7085, 0x7085, 0x7085, 0x7085, 0x7085, 0x7085,
    0x7085, 0x7085, 0x7085, 0x7085, 0x7085, 0x7085, 0x7085, 0x7085, 0x7085, 0x7085, 0x7085, 0x7085, 0x7085, 0x7085, 0x7085, 0x7085,
    0x7085, 0x7085, 0x7085, 0x7085, 0x7085, 0x7085, 0x7085, 0x7085, 0x7085, 0x7085, 0x7085, 0x7085, 0x7085, 0x7085, 0x7085, 0x7085,
    0x7085, 0x7085, 0x7085, 0x7085, 0x7085, 0x7085, 0x7085, 0x7085, 0x7085, 0x7085, 0x7085, 0x7085, 0x7085, 0x7085, 0x7085, 0x7085,
    0x7085, 0x7085, 0x7085, 0x7085, 0x7085, 0x7085, 0x7085, 0x7085, 0x7085, 0x7085, 0x7085, 0x7085, 0x7085, 0x7085, 0x7085, 0x7085,
    0x6885, 0x6885, 0x6885, 0x6885, 0x6885, 0x6885, 0x6885, 0x6885, 0x6885, 0x6885, 0x6844, 0x7927, 0xD5F4, 0xABEE, 0x6044, 0x92AB,
    0xC532, 0xCD93, 0x7127, 0x6044, 0x6885, 0x6885, 0x6885, 0x6885, 0x6085, 0x6085, 0x6084, 0x6084, 0x6064, 0x6064, 0x6064, 0x6064,
    0x6064, 0x6064, 0x6084, 0x6085, 0x5803, 0x6906, 0x8B8C, 0x8B2B, 0x6084, 0x5844, 0x5864, 0x5003, 0x826A, 0xBD72, 0xBD92, 0xBD93,
    0x8B0C, 0xBD93, 0xBD72, 0xC5B3, 0xA44F, 0x68E6, 0x5823, 0x6084, 0x5803, 0x6946, 0x93AD, 0x82EB, 0x6064, 0x5824, 0x6085, 0x6084,
    0x6064, 0x6064, 0x6064, 0x6064, 0x6064, 0x6064, 0x6084, 0x6085, 0x6085, 0x6885, 0x6885, 0x6885, 0x6885, 0x6885, 0x6044, 0x92CB,
    0xD5F4, 0xBCD1, 0xBC70, 0xDE55, 0xB40F, 0x6844, 0x6885, 0x6885, 0x6885, 0x6885, 0x6885, 0x6885, 0x6885, 0x6885, 0x6885, 0x6844,
    0x6024, 0x6864, 0x7085, 0x70A5, 0x7085, 0x7085, 0x7085, 0x7085, 0x7085, 0x7085, 0x7085, 0x7085, 0x7085, 0x7085, 0x7085, 0x7085,
    0x7085, 0x7085, 0x7085, 0x7085, 0x7085, 0x7085, 0x7085, 0x7085, 0x7085, 0x7085, 0x7085, 0x7085, 0x7085, 0x7085, 0x7085, 0x7085,
    0x7085, 0x7085, 0x7085, 0x7085, 0x7085, 0x7085, 0x7085, 0x7085, 0x7085, 0x7085, 0x7085, 0x7085, 0x7085, 0x7085, 0x7085, 0x7085,
    0x7085, 0x7085, 0x7085, 0x7085, 0x7085, 0x7085, 0x7085, 0x7085, 0x7085, 0x7085, 0x7085, 0x7085, 0x7085, 0x7085, 0x7085, 0x7085,
    0x7085, 0x7085, 0x7085, 0x7085, 0x7085, 0x7085, 0x7085, 0x7085, 0x7085, 0x7085, 0x6844, 0x6844, 0x7085, 0x6885, 0x6885, 0x6885,
    0x6885, 0x6885, 0x6885, 0x6885, 0x6885, 0x6885, 0x6885, 0x6024, 0xABCE, 0xD5F4, 0xCD52, 0xCDB3, 0xA36D, 0x7106, 0x6885, 0x6885,
    0x6885, 0x6885, 0x6885, 0x6085, 0x6085, 0x6084, 0x6064, 0x6064, 0x6064, 0x6064, 0x6064, 0x6064, 0x6064, 0x6085, 0x6044, 0x5823,
    0x7A49, 0x93CD, 0x71C8, 0x5803, 0x6084, 0x5824, 0x5884, 0x9BAD, 0xC5B3, 0xBD72, 0xC5B3, 0x9BCE, 0x5003, 0x71E8, 0xB511, 0xBD93,
    0xBD93, 0xBD52, 0x7A29, 0x5023, 0x5864, 0x5844, 0x5844, 0x82AA, 0x93CD, 0x7187, 0x5803, 0x6064, 0x6085, 0x6064, 0x6064, 0x6064,
    0x6064, 0x6064, 0x6064, 0x6064, 0x6084, 0x6085, 0x6085, 0x6085, 0x6885, 0x6885, 0x6885, 0x6024, 0x7967, 0xA3AE, 0xB450, 0x9B0C,
    0x68A5, 0x6864, 0x6885, 0x6885, 0x6885, 0x6885, 0x6885, 0x6885, 0x6885, 0x6885, 0x6885, 0xA36D, 0x9ACB, 0x7906, 0x6824, 0x6824,
    0x6885, 0x6885, 0x7085, 0x7085, 0x7085, 0x7085, 0x7085, 0x7085, 0x7085, 0x7085, 0x7085, 0x7085, 0x7085, 0x7085, 0x7085, 0x7085,
    0x7085, 0x7085, 0x7085, 0x7085, 0x7085, 0x7085, 0x7085, 0x7085, 0x7085, 0x7085, 0x7085, 0x7085, 0x7085, 0x7085, 0x7085, 0x7085,
    0x7085, 0x7085, 0x7085, 0x7085, 0x7085, 0x7085, 0x7085, 0x7085, 0x7085, 0x7085, 0x7085, 0x7085, 0x7085, 0x7085, 0x7085, 0x7085,
    0x7085, 0x7085, 0x7085, 0x7085, 0x7085, 0x7085, 0x7085, 0x7085, 0x7085, 0x7085, 0x7085, 0x7085, 0x7085, 0x7085, 0x7085, 0x7085,
    0x7085, 0x7085, 0x6885, 0x6885, 0x6885, 0x6865, 0x81A8, 0x89E9, 0x6844, 0x68A5, 0x6885, 0x6885, 0x6885, 0x6885, 0x6885, 0x6885,
    0x6885, 0x6885, 0x6885, 0x6024, 0x81A8, 0xC532, 0x9B0C, 0x68C5, 0x6003, 0x6044, 0x6885, 0x6885, 0x6885, 0x6085, 0x6085, 0x6084,
    0x6064, 0x6064, 0x6064, 0x6064, 0x6064, 0x6064, 0x6064, 0x6085, 0x6064, 0x5803, 0x6906, 0x8B6C, 0x8B2B, 0x60A5, 0x5823, 0x5884,
    0x5003, 0x7187, 0xB4D1, 0xC5B3, 0xBD72, 0xBD72, 0x828A, 0x5023, 0x5884, 0x5003, 0x60E5, 0xA42F, 0xC5B3, 0xBD72, 0xC5B3, 0x9BCE,
    0x60C5, 0x5823, 0x6084, 0x5803, 0x6946, 0x8B8D, 0x82EB, 0x60A5, 0x5803, 0x6084, 0x6084, 0x6064, 0x6064, 0x6064, 0x6064, 0x6064,
    0x6064, 0x6064, 0x6064, 0x6084, 0x6085, 0x6085, 0x6885, 0x6885, 0x6044, 0x6003, 0x6024, 0x6024, 0x6864, 0x6885, 0x6885, 0x6885,
    0x6885, 0x6885, 0x6885, 0x6885, 0x6885, 0x6864, 0x7926, 0xD5D4, 0xDE14, 0xD5D4, 0xC4F1, 0x926A, 0x6865, 0x6885, 0x6885, 0x6885,
    0x6885, 0x6885, 0x6885, 0x7085, 0x7085, 0x7085, 0x7085, 0x7085, 0x7085, 0x7085, 0x7085, 0x7085, 0x7085, 0x7085, 0x7085, 0x7085,
    0x7085, 0x7085, 0x7085, 0x7085, 0x7085, 0x7085, 0x7085, 0x7085, 0x7085, 0x7085, 0x7085, 0x7085, 0x7085, 0x7085, 0x7085, 0x7085,
    0x7085, 0x7085, 0x7085, 0x7085, 0x7085, 0x7085, 0x7085, 0x7085, 0x7085, 0x7085, 0x7085, 0x7085, 0x7085, 0x7085, 0x7085, 0x7085,
    0x7085, 0x7085, 0x7085, 0x7085, 0x7085, 0x7085, 0x7085, 0x7085, 0x7085, 0x6885, 0x6885, 0x6885, 0x6885, 0x6885, 0x6885, 0x6885,
    0x6864, 0xABEE, 0xDE15, 0xD5D4, 0x7967, 0x6844, 0x68A5, 0x6885, 0x6885, 0x6885, 0x6885, 0x6885, 0x6885, 0x6885, 0x6885, 0x6865,
    0x68A5, 0x68C5, 0x6003, 0x6064, 0x6885, 0x6885, 0x6085, 0x6085, 0x6085, 0x6084, 0x6064, 0x6064, 0x6064, 0x6064, 0x6064, 0x6064,
    0x6064, 0x6084, 0x6085, 0x5823, 0x6064, 0x7A6A, 0x93CD, 0x71C8, 0x5803, 0x6064, 0x5844, 0x5864, 0x930C, 0xBD93, 0xBD72, 0xBD93,
    0xB4D0, 0x6987, 0x5003, 0x5864, 0x5864, 0x5884, 0x5043, 0x5043, 0x8ACB, 0xBD72, 0xBD72, 0xC5B3, 0xB511, 0x7A29, 0x5823, 0x5864,
    0x5844, 0x5844, 0x7A49, 0x93ED, 0x7A29, 0x5844, 0x5824, 0x6085, 0x6084, 0x6064, 0x6064, 0x6064, 0x6064, 0x6064, 0x6064, 0x6064,
    0x6084, 0x6085, 0x6085, 0x6085, 0x6885, 0x6885, 0x6885, 0x6885, 0x6885, 0x6885, 0x6885, 0x6885, 0x6885, 0x6885, 0x6885, 0x6885,
    0x6885, 0x6024, 0x926A, 0xDE35, 0x926A, 0x7947, 0xB3EE, 0xDE55, 0x92AB, 0x6824, 0x7085, 0x6885, 0x6885, 0x6885, 0x6885, 0x6885,
    0x6885, 0x6885, 0x7085, 0x70A5, 0x7085, 0x7085, 0x7085, 0x7085, 0x7085, 0x7085, 0x7085, 0x7085, 0x7085, 0x7085, 0x7085, 0x7085,
    0x7085, 0x7085, 0x7085, 0x7085, 0x7085, 0x7085, 0x7085, 0x7085, 0x7085, 0x7085, 0x7085, 0x7085, 0x7085, 0x7085, 0x7085, 0x7085,
    0x7085, 0x7085, 0x7085, 0x7085, 0x7085, 0x7085, 0x7085, 0x7085, 0x7085, 0x7085, 0x7085, 0x7085, 0x7085, 0x7085, 0x7085, 0x7085,
    0x7085, 0x7085, 0x7085, 0x6885, 0x6885, 0x6885, 0x6885, 0x6885, 0x6885, 0x6885, 0x6885, 0x6885, 0x6844, 0xC4F1, 0xABCE, 0xC4D1,
    0xCD73, 0x70C6, 0x6844, 0x6885, 0x6885, 0x6885, 0x6885, 0x6885, 0x6885, 0x6885, 0x6885, 0x6885, 0x6864, 0x6064, 0x6885, 0x6885,
    0x6885, 0x6085, 0x6085, 0x6084, 0x6084, 0x6064, 0x6064, 0x6064, 0x6064, 0x6064, 0x6064, 0x6084, 0x6085, 0x6044, 0x5823, 0x71A7,
    0x93AD, 0x82EB, 0x6084, 0x5824, 0x6084, 0x5003, 0x7187, 0xACB0, 0xC5B3, 0xBD72, 0xBD93, 0x938D, 0x5884, 0x5023, 0x5884, 0x5864,
    0x5864, 0x5864, 0x5864, 0x5864, 0x5003, 0x6967, 0xAC90, 0xC593, 0xBD72, 0xC5B3, 0x9BCE, 0x60C5, 0x5823, 0x6084, 0x5823, 0x60E5,
    0x8B2C, 0x938D, 0x6967, 0x5823, 0x6044, 0x6085, 0x6084, 0x6064, 0x6064, 0x6064, 0x6064, 0x6064, 0x6064, 0x6064, 0x6084, 0x6084,
    0x6085, 0x6085, 0x6885, 0x6885, 0x6885, 0x6885, 0x6885, 0x6885, 0x6885, 0x6885, 0x6885, 0x6885, 0x6885, 0x6024, 0xAC0F, 0xD5F4,
    0xC512, 0xA38D, 0x9B2C, 0xDE75, 0xA34D, 0x6024, 0x68A5, 0x6885, 0x6885, 0x6885, 0x6885, 0x6885, 0x6885, 0x6885, 0x6885, 0x6024,
    0x6844, 0x7085, 0x6885, 0x6885, 0x7085, 0x7085, 0x7085, 0x7085, 0x7085, 0x7085, 0x7085, 0x7085, 0x7085, 0x7085, 0x7085, 0x7085,
    0x7085, 0x7085, 0x7085, 0x7085, 0x7085, 0x7085, 0x7085, 0x7085, 0x7085, 0x7085, 0x7085, 0x7085, 0x7085, 0x7085, 0x7085, 0x7085,
    0x7085, 0x7085, 0x7085, 0x7085, 0x7085, 0x7085, 0x7085, 0x7085, 0x6865, 0x6865, 0x7085, 0x6885, 0x6824, 0x6864, 0x6885, 0x6885,
    0x6885, 0x6885, 0x6885, 0x6885, 0x6885, 0x6885, 0x6885, 0x6885, 0x6864, 0xCD32, 0x928A, 0x68C5, 0xDE14, 0xBC90, 0x6844, 0x6864,
    0x6885, 0x6885, 0x6885, 0x6885, 0x6885, 0x6885, 0x6885, 0x6885, 0x6885, 0x6885, 0x6085, 0x6085, 0x6085, 0x6084, 0x6064, 0x6064,
    0x6064, 0x6064, 0x6064, 0x6064, 0x6064, 0x6064, 0x6085, 0x6064, 0x5803, 0x68E5, 0x8B4C, 0x8B8C, 0x6946, 0x5823, 0x6064, 0x5823,
    0x5864, 0x930C, 0xBD92, 0xBD92, 0xBD93, 0xB511, 0x7A09, 0x5023, 0x5864, 0x5884, 0x5864, 0x5864, 0x5023, 0x5064, 0x5864, 0x5864,
    0x5884, 0x5023, 0x5884, 0x934C, 0xBD92, 0xBD72, 0xC5B3, 0xBD31, 0x826A, 0x5823, 0x5844, 0x5864, 0x5823, 0x7187, 0x938D, 0x8B0B,
    0x60E5, 0x5823, 0x6064, 0x6085, 0x6064, 0x6064, 0x6064, 0x6064, 0x6064, 0x6064, 0x6064, 0x6064, 0x6084, 0x6085, 0x6085, 0x6085,
    0x6885, 0x6885, 0x6885, 0x6885, 0x6885, 0x6885, 0x6885, 0x6885, 0x6864, 0x7106, 0xD5D4, 0xAC0F, 0x7988, 0xD5F4, 0xD5B4, 0xB44F,
    0x7106, 0x6864, 0x6885, 0x6885, 0x6885, 0x6885, 0x6885, 0x6885, 0x6885, 0x6864, 0x7106, 0xA34D, 0x89E9, 0x6865, 0x6885, 0x6885,
    0x6885, 0x6885, 0x6885, 0x6885, 0x6885, 0x7085, 0x6885, 0x7085, 0x7085, 0x7085, 0x7085, 0x70A5, 0x7085, 0x7085, 0x7085, 0x7085,
    0x7085, 0x7085, 0x7085, 0x7085, 0x7085, 0x7085, 0x7085, 0x7085, 0x70A5, 0x6885, 0x6885, 0x7085, 0x7085, 0x6885, 0x7085, 0x6885,
    0x6885, 0x6885, 0x6885, 0x6885, 0x70A5, 0x70C6, 0x6864, 0x6885, 0xA36D, 0xAB8D, 0x6864, 0x6885, 0x6885, 0x6885, 0x6885, 0x6885,
    0x6885, 0x6885, 0x6885, 0x6865, 0x6885, 0xC512, 0xBC90, 0xABEF, 0xBC90, 0xD614, 0xB44F, 0x6885, 0x6885, 0x6885, 0x6885, 0x6885,
    0x6885, 0x6885, 0x6885, 0x6885, 0x6085, 0x6085, 0x6085, 0x6084, 0x6084, 0x6064, 0x6064, 0x6064, 0x6064, 0x6064, 0x6064, 0x6064,
    0x6085, 0x6064, 0x5823, 0x6084, 0x82AA, 0x93CD, 0x7208, 0x5844, 0x5844, 0x5864, 0x5003, 0x79C8, 0xB4B0, 0xC5B3, 0xBD72, 0xC593,
    0x9C0E, 0x60E5, 0x5003, 0x5884, 0x5864, 0x5064, 0x5064, 0x5023, 0x61C7, 0x5023, 0x5043, 0x5864, 0x5864, 0x5884, 0x5864, 0x5023,
    0x7187, 0xAC70, 0xC593, 0xBD72, 0xC5B3, 0xA44F, 0x7167, 0x5003, 0x5864, 0x5844, 0x5844, 0x7A08, 0x93CD, 0x82AA, 0x6084, 0x5803,
    0x6064, 0x6085, 0x6084, 0x6064, 0x6064, 0x6064, 0x6064, 0x6064, 0x6064, 0x6064, 0x6084, 0x6085, 0x6085, 0x6085, 0x6885, 0x6885,
    0x6885, 0x6885, 0x6885, 0x6885, 0x6044, 0x81A8, 0xCD73, 0x928B, 0x5802, 0xBC90, 0xAC0F, 0x6003, 0x6865, 0x6885, 0x6885, 0x6885,
    0x6885, 0x6885, 0x6885, 0x6885, 0x6885, 0x6844, 0x8167, 0xE696, 0xA36D, 0x6024, 0x70A5, 0x6885, 0x6885, 0x6885, 0x6885, 0x6885,
    0x6885, 0x6885, 0x7085, 0x6844, 0x6824, 0x6865, 0x6844, 0x6004, 0x6844, 0x6885, 0x6885, 0x6885, 0x6885, 0x6885, 0x6885, 0x6885,
    0x6885, 0x6885, 0x7085, 0x6844, 0x6824, 0x6885, 0x6885, 0x6885, 0x6885, 0x6885, 0x6885, 0x6885, 0x6885, 0x6885, 0x6844, 0x8A09,
    0xCD53, 0xC512, 0x7947, 0x5803, 0xBC90, 0xCD52, 0x6864, 0x6885, 0x6885, 0x6885, 0x6885, 0x6885, 0x6885, 0x6885, 0x6885, 0x6864,
    0x68A5, 0xCD72, 0xB42F, 0x7988, 0x6864, 0x9B0C, 0xA36D, 0x70E6, 0x6064, 0x6885, 0x6885, 0x6885, 0x6885, 0x6085, 0x6085, 0x6085,
    0x6085, 0x6084, 0x6064, 0x6064, 0x6064, 0x6064, 0x6064, 0x6064, 0x6064, 0x6064, 0x6085, 0x6064, 0x5823, 0x6064, 0x7A29, 0x93CD,
    0x828A, 0x6085, 0x5824, 0x5864, 0x5023, 0x60E5, 0x9BAD, 0xC593, 0xBD92, 0xBD93, 0xB4F1, 0x7A29, 0x5023, 0x5043, 0x5884, 0x5864,
    0x5064, 0x5064, 0x5003, 0x5946, 0x6228, 0x6269, 0x58A4, 0x5023, 0x5064, 0x5864, 0x5864, 0x5884, 0x5023, 0x5864, 0x8B0B, 0xBD72,
    0xBD92, 0xBD93, 0xBD72, 0x934C, 0x60A5, 0x5823, 0x5864, 0x5824, 0x6084, 0x7A8A, 0x93CD, 0x7A6A, 0x60A5, 0x5803, 0x6064, 0x6085,
    0x6064, 0x6064, 0x6064, 0x6064, 0x6064, 0x6064, 0x6064, 0x6064, 0x6064, 0x6084, 0x6085, 0x6085, 0x6085, 0x6085, 0x6885, 0x6885,
    0x6885, 0x6064, 0x68A5, 0x70E6, 0x6024, 0x9B2C, 0xCD93, 0x70E6, 0x6865, 0x6885, 0x6885, 0x6885, 0x6885, 0x6885, 0x6885, 0x6885,
    0x6885, 0x6024, 0x924A, 0xDE35, 0x89E9, 0x6024, 0x6885, 0x6885, 0x6885, 0x6885, 0x6885, 0x6885, 0x6885, 0x6885, 0x6844, 0x8188,
    0xB42F, 0xCD32, 0xC512, 0xABAE, 0x81A8, 0x6865, 0x6885, 0x6885, 0x6885, 0x6885, 0x6885, 0x6885, 0x6885, 0x6885, 0x6844, 0x8A2A,
    0xB42F, 0x8188, 0x6844, 0x6885, 0x6885, 0x6885, 0x6885, 0x6885, 0x6885, 0x68A5, 0x6844, 0x81A8, 0xD5D4, 0xD5F4, 0xD5D4, 0x81C8,
    0x928B, 0xD5D4, 0x70E6, 0x6864, 0x6885, 0x6885, 0x6885, 0x6885, 0x6885, 0x6885, 0x6885, 0x6864, 0x7106, 0xCD93, 0x8A09, 0x5803,
    0x6885, 0x6044, 0x6003, 0x6064, 0x6885, 0x6885, 0x6085, 0x6085, 0x6085, 0x6084, 0x6084, 0x6064, 0x6064, 0x6064, 0x6064, 0x6064,
    0x6064, 0x6064, 0x6064, 0x6064, 0x6085, 0x6064, 0x5823, 0x6064, 0x7A08, 0x93AD, 0x830B, 0x60E5, 0x5823, 0x5864, 0x5823, 0x5864,
    0x8AAA, 0xBD32, 0xC5B3, 0xBD72, 0xBD93, 0x9BAD, 0x60C5, 0x5003, 0x5864, 0x5864, 0x5864, 0x5064, 0x5023, 0x5064, 0x6228, 0x6269,
    0x5023, 0x5946, 0x6AA9, 0x5966, 0x5023, 0x5044, 0x5864, 0x5864, 0x5884, 0x5864, 0x5003, 0x6946, 0xA40E, 0xBD93, 0xBD72, 0xC5B3,
    0xB511, 0x828A, 0x5844, 0x5824, 0x5864, 0x5823, 0x60E5, 0x82CB, 0x93CD, 0x7A6A, 0x60A5, 0x5803, 0x6064, 0x6085, 0x6084, 0x6064,
    0x6064, 0x6064, 0x6064, 0x6064, 0x6064, 0x6064, 0x6084, 0x6084, 0x6085, 0x6085, 0x6085, 0x6885, 0x6885, 0x6885, 0x6064, 0x6064,
    0x6885, 0x6885, 0x7988, 0x7106, 0x6064, 0x6885, 0x6885, 0x6885, 0x6885, 0x6885, 0x6885, 0x6885, 0x6885, 0x6024, 0xA34D, 0xD614,
    0x7927, 0x6844, 0x6885, 0x6885, 0x6885, 0x6885, 0x6885, 0x6885, 0x6885, 0x6844, 0x7967, 0xD5D4, 0xCD73, 0x9AEC, 0x9B0C, 0xC512,
    0xA34D, 0x6024, 0x68A5, 0x6885, 0x6885, 0x6885, 0x6885, 0x6885, 0x6885, 0x70A5, 0x6024, 0x9AEC, 0xE6B6, 0x81A8, 0x6844, 0x6885,
    0x6885, 0x6885, 0x6885, 0x6885, 0x6885, 0x6885, 0x6865, 0x70C6, 0xCD93, 0xAB8D, 0xB44F, 0xDE35, 0xBC70, 0xD5B4, 0x8188, 0x6044,
    0x6885, 0x6885, 0x6885, 0x6885, 0x6885, 0x6885, 0x6885, 0x6864, 0x70C6, 0x7147, 0x6885, 0x6885, 0x6885, 0x6885, 0x6885, 0x6885,
    0x6885, 0x6085, 0x6085, 0x6085, 0x6084, 0x6064, 0x6064, 0x6064, 0x6064, 0x6064, 0x6064, 0x6064, 0x6064, 0x6064, 0x6085, 0x6064,
    0x5823, 0x6064, 0x7A08, 0x93AD, 0x8B2C, 0x6946, 0x5823, 0x5864, 0x5844, 0x5823, 0x79E8, 0xACB0, 0xC5B3, 0xBD72, 0xC5B3, 0xAC90,
    0x71C8, 0x5023, 0x5043, 0x5884, 0x5864, 0x5064, 0x5064, 0x5023, 0x5905, 0x6AA9, 0x61A7, 0x5043, 0x5064, 0x5023, 0x50A4, 0x6248,
    0x6248, 0x5884, 0x5023, 0x5064, 0x5064, 0x5864, 0x5884, 0x5023, 0x5023, 0x7A29, 0xB4D1, 0xC593, 0xBD92, 0xC5B3, 0xAC90, 0x79C8,
    0x5823, 0x5844, 0x5864, 0x5823, 0x60E5, 0x82CB, 0x93CD, 0x7A6A, 0x6085, 0x5803, 0x6064, 0x6085, 0x6084, 0x6064, 0x6064, 0x6064,
    0x6064, 0x6064, 0x6064, 0x6064, 0x6064, 0x6064, 0x6084, 0x6085, 0x6085, 0x6085, 0x6885, 0x6885, 0x6885, 0x6865, 0x6044, 0x6064,
    0x6885, 0x6885, 0x6885, 0x6885, 0x6885, 0x6885, 0x6885, 0x6885, 0x6885, 0x6024, 0xB470, 0xCD52, 0x6885, 0x6865, 0x6885, 0x6885,
    0x6885, 0x6885, 0x6885, 0x6885, 0x6885, 0x6024, 0xA38D, 0xD5F4, 0x7106, 0x6024, 0x7106, 0x70E6, 0x70E6, 0x6885, 0x6885, 0x6885,
    0x6885, 0x6885, 0x6885, 0x6885, 0x6885, 0x68A5, 0x6024, 0x926A, 0xDE35, 0x81C8, 0x6024, 0x6885, 0x6885, 0x6885, 0x6885, 0x6885,
    0x6885, 0x6885, 0x6885, 0x6844, 0xC4F1, 0xABCE, 0x6023, 0xA36D, 0xD5F4, 0xD614, 0x928B, 0x6024, 0x6885, 0x6885, 0x6885, 0x6885,
    0x6885, 0x6885, 0x6885, 0x6885, 0x6064, 0x6044, 0x6865, 0x6885, 0x6885, 0x6085, 0x6085, 0x6085, 0x6084, 0x6084, 0x6064, 0x6064,
    0x6064, 0x6064, 0x6064, 0x6064, 0x6064, 0x6064, 0x6064, 0x6084, 0x6085, 0x6064, 0x5823, 0x6064, 0x7A08, 0x93AD, 0x8B2C, 0x6946,
    0x5823, 0x5844, 0x5844, 0x5823, 0x6946, 0xA40E, 0xC593, 0xBD93, 0xC593, 0xB531, 0x82CB, 0x5864, 0x5023, 0x5864, 0x5864, 0x5064,
    0x5884, 0x5043, 0x5064, 0x61E8, 0x6A89, 0x58E5, 0x5003, 0x5064, 0x5063, 0x5064, 0x5043, 0x5023, 0x5986, 0x6AA9, 0x5966, 0x5023,
    0x5043, 0x5064, 0x5864, 0x5864, 0x5864, 0x5003, 0x58A4, 0x8B0C, 0xB532, 0xC593, 0xBD93, 0xC593, 0xA42F, 0x71A7, 0x5003, 0x5844,
    0x5864, 0x5823, 0x60E5, 0x82EB, 0x93CD, 0x7A6A, 0x60C5, 0x5823, 0x5844, 0x6084, 0x6085, 0x6064, 0x6064, 0x6064, 0x6064, 0x6064,
    0x6064, 0x6064, 0x6064, 0x6084, 0x6084, 0x6084, 0x6084, 0x6085, 0x6085, 0x6885, 0x6885, 0x6885, 0x6885, 0x6885, 0x6885, 0x6885,
    0x6885, 0x6885, 0x6885, 0x6885, 0x6864, 0x68A5, 0xC532, 0xBC90, 0x6044, 0x6885, 0x6885, 0x6885, 0x6885, 0x6885, 0x6885, 0x6885,
    0x6885, 0x6004, 0xABAE, 0xD5D4, 0x6885, 0x7106, 0xC512, 0xC512, 0xC532, 0x7967, 0x6044, 0x6885, 0x6885, 0x6885, 0x6885, 0x6885,
    0x6885, 0x6885, 0x6024, 0x8A09, 0xDE35, 0x8A29, 0x6024, 0x6885, 0x6885, 0x6885, 0x6885, 0x6885, 0x6885, 0x6885, 0x6885, 0x6004,
    0xAC0F, 0xCD73, 0x6865, 0x6003, 0x8A4A, 0xCD72, 0x9ACB, 0x6044, 0x6885, 0x6885, 0x6885, 0x6885, 0x6885, 0x6885, 0x6885, 0x6885,
    0x6885, 0x6885, 0x6885, 0x6085, 0x6085, 0x6085, 0x6085, 0x6084, 0x6064, 0x6064, 0x6064, 0x6064, 0x6064, 0x6064, 0x6064, 0x6064,
    0x6064, 0x6084, 0x6085, 0x6044, 0x5803, 0x6085, 0x7A09, 0x93AD, 0x8B2C, 0x6946, 0x5823, 0x5844, 0x5864, 0x5003, 0x6926, 0x9BAD,
    0xBD72, 0xC593, 0xBD93, 0xBD72, 0x9BAD, 0x6106, 0x5003, 0x5864, 0x5884, 0x5864, 0x5864, 0x5064, 0x5023, 0x5905, 0x6A89, 0x61E7,
    0x5043, 0x5043, 0x5064, 0x5064, 0x5063, 0x5063, 0x5064, 0x5064, 0x5023, 0x50A4, 0x6248, 0x6248, 0x58C5, 0x5023, 0x5064, 0x5064,
    0x5864, 0x5884, 0x5864, 0x5003, 0x6926, 0x9BAD, 0xBD72, 0xBD93, 0xC593, 0xBD92, 0x9BAD, 0x6946, 0x5823, 0x5844, 0x5864, 0x5823,
    0x60E5, 0x7A8A, 0x93AD, 0x82EB, 0x6926, 0x5823, 0x5823, 0x6064, 0x6085, 0x6084, 0x6064, 0x6064, 0x6064, 0x6064, 0x6064, 0x6064,
    0x6064, 0x6064, 0x6064, 0x6064, 0x6084, 0x6084, 0x6085, 0x6085, 0x6085, 0x6885, 0x6885, 0x6885, 0x6885, 0x6885, 0x6885, 0x6885,
    0x6865, 0x6885, 0x7106, 0x7947, 0x6885, 0x6865, 0x6885, 0x6885, 0x6885, 0x6885, 0x6885, 0x6885, 0x6885, 0x6044, 0x81A8, 0xD5F4,
    0xBCF1, 0x8A6A, 0x81E9, 0xB450, 0xDE55, 0x7947, 0x6044, 0x6885, 0x6885, 0x6885, 0x6885, 0x6885, 0x6885, 0x6885, 0x6024, 0x81C8,
    0xDE55, 0x928A, 0x6004, 0x6885, 0x6885, 0x6885, 0x6885, 0x6885, 0x6885, 0x6885, 0x6885, 0x6024, 0x92AB, 0xAC0F, 0x70C6, 0x6865,
    0x6064, 0x68A5, 0x6885, 0x6885, 0x6885, 0x6885, 0x6885, 0x6885, 0x6885, 0x6885, 0x6885, 0x6085, 0x6085, 0x6085, 0x6085, 0x6084,
    0x6084, 0x6064, 0x6064, 0x6064, 0x6064, 0x6064, 0x6064, 0x6064, 0x6064, 0x6064, 0x6084, 0x6085, 0x6084, 0x5824, 0x5803, 0x68E5,
    0x828A, 0x93AD, 0x82CB, 0x6926, 0x5823, 0x5844, 0x5864, 0x5003, 0x60E5, 0x932C, 0xBD52, 0xC5B3, 0xBD92, 0xBD92, 0xA42F, 0x71A7,
    0x5003, 0x5043, 0x5884, 0x5864, 0x5064, 0x5064, 0x5023, 0x5084, 0x6208, 0x6A89, 0x58E5, 0x5023, 0x5064, 0x5064, 0x5063, 0x5063,
    0x5063, 0x5063, 0x5063, 0x5063, 0x5064, 0x5043, 0x5023, 0x5946, 0x6A89, 0x61A7, 0x5044, 0x5023, 0x5064, 0x5064, 0x5864, 0x5884,
    0x5043, 0x5003, 0x71A7, 0xA42F, 0xBD72, 0xBD93, 0xC5B3, 0xBD72, 0x9BAD, 0x6946, 0x5823, 0x5843, 0x5844, 0x5823, 0x60A5, 0x7A49,
    0x8B8D, 0x8B4C, 0x71E8, 0x6084, 0x5803, 0x6044, 0x6085, 0x6085, 0x6064, 0x6064, 0x6064, 0x6064, 0x6064, 0x6064, 0x6064, 0x6064,
    0x6064, 0x6064, 0x6064, 0x6064, 0x6084, 0x6084, 0x6085, 0x6085, 0x6085, 0x6085, 0x6085, 0x6885, 0x6885, 0x6864, 0x6044, 0x6044,
    0x6885, 0x6885, 0x6885, 0x6885, 0x6885, 0x6885, 0x6885, 0x6885, 0x6885, 0x6885, 0x6044, 0x81C8, 0xBC90, 0xCD72, 0xCD52, 0xC512,
    0xABEE, 0x70E6, 0x6864, 0x6885, 0x6885, 0x6885, 0x6885, 0x6885, 0x6885, 0x6885, 0x6024, 0x81C8, 0xD5D4, 0x92AB, 0x6024, 0x6885,
    0x6885, 0x6885, 0x6885, 0x6885, 0x6885, 0x6885, 0x6885, 0x6885, 0x6864, 0x6024, 0x6864, 0x6885, 0x6885, 0x6064, 0x6885, 0x6885,
    0x6885, 0x6085, 0x6085, 0x6085, 0x6085, 0x6085, 0x6085, 0x6084, 0x6064, 0x6064, 0x6064, 0x6064, 0x6064, 0x6064, 0x6064, 0x6064,
    0x6064, 0x6064, 0x6064, 0x6064, 0x6084, 0x6085, 0x6064, 0x5803, 0x5844, 0x7187, 0x8B0B, 0x93AD, 0x828A, 0x60E5, 0x5823, 0x5844,
    0x5844, 0x5823, 0x60E5, 0x932C, 0xBD32, 0xC5B3, 0xBD93, 0xBD93, 0xAC90, 0x7A29, 0x5023, 0x5023, 0x5884, 0x5864, 0x5064, 0x5864,
    0x5043, 0x5043, 0x5966, 0x6AA9, 0x61A7, 0x5043, 0x5043, 0x5064, 0x5063, 0x5063, 0x5063, 0x5063, 0x4863, 0x4863, 0x5063, 0x5063,
    0x5063, 0x5064, 0x5064, 0x5023, 0x5064, 0x6208, 0x6A89, 0x5926, 0x5023, 0x5043, 0x5064, 0x5864, 0x5864, 0x5884, 0x5023, 0x5043,
    0x71C8, 0xA42F, 0xBD93, 0xBD92, 0xC5B3, 0xBD52, 0xA40E, 0x71C8, 0x5823, 0x5823, 0x5864, 0x5823, 0x5864, 0x7187, 0x8B2B, 0x938D,
    0x828A, 0x6926, 0x5823, 0x5823, 0x6064, 0x6085, 0x6085, 0x6064, 0x6064, 0x6064, 0x6064, 0x6064, 0x6064, 0x6064, 0x6064, 0x6064,
    0x6064, 0x6064, 0x6084, 0x6084, 0x6084, 0x6085, 0x6085, 0x6085, 0x6085, 0x6085, 0x6885, 0x6885, 0x6885, 0x6885, 0x6885, 0x6885,
    0x6885, 0x6885, 0x6885, 0x6885, 0x6885, 0x6885, 0x6885, 0x6044, 0x6024, 0x68A5, 0x70E6, 0x68A5, 0x6044, 0x6864, 0x6885, 0x6885,
    0x6885, 0x6885, 0x6885, 0x6885, 0x6885, 0x6885, 0x6864, 0x68C5, 0x70E6, 0x68A5, 0x6885, 0x6885, 0x6885, 0x6885, 0x6885, 0x6885,
    0x6885, 0x6885, 0x6885, 0x6885, 0x6885, 0x6885, 0x6885, 0x6885, 0x6885, 0x6885, 0x6085, 0x6085, 0x6085, 0x6085, 0x6085, 0x6085,
    0x6084, 0x6084, 0x6064, 0x6064, 0x6064, 0x6064, 0x6064, 0x6064, 0x6064, 0x6064, 0x6064, 0x6064, 0x6064, 0x6084, 0x6085, 0x6064,
    0x5823, 0x5803, 0x68C5, 0x7A49, 0x8B6C, 0x8B6C, 0x71E8, 0x6085, 0x5823, 0x5844, 0x5844, 0x5823, 0x6947, 0x9BAD, 0xBD31, 0xC5B3,
    0xBD93, 0xC5B3, 0xACB0, 0x7A49, 0x5864, 0x5003, 0x5864, 0x5864, 0x5864, 0x5064, 0x5044, 0x5023, 0x58E5, 0x6269, 0x6248, 0x50A4,
    0x5023, 0x5064, 0x5064, 0x5063, 0x5063, 0x5063, 0x5063, 0x4863, 0x4863, 0x4863, 0x4863, 0x4863, 0x5063, 0x5063, 0x5063, 0x5064,
    0x5064, 0x5023, 0x58E5, 0x6269, 0x6248, 0x58A4, 0x5023, 0x5044, 0x5864, 0x5864, 0x5864, 0x5864, 0x5023, 0x5043, 0x7A49, 0xAC90,
    0xBD72, 0xC593, 0xC5B3, 0xBD93, 0xA42F, 0x7A29, 0x5864, 0x5823, 0x5844, 0x5844, 0x5823, 0x6906, 0x828A, 0x8B8C, 0x8B4C, 0x7A08,
    0x60A5, 0x5823, 0x5823, 0x6064, 0x6085, 0x6084, 0x6084, 0x6064, 0x6064, 0x6064, 0x6064, 0x6064, 0x6064, 0x6064, 0x6064, 0x6064,
    0x6064, 0x6064, 0x6064, 0x6064, 0x6084, 0x6084, 0x6085, 0x6085, 0x6085, 0x6085, 0x6085, 0x6085, 0x6085, 0x6085, 0x6885, 0x6885,
    0x6885, 0x6885, 0x6885, 0x6885, 0x6885, 0x6064, 0x6064, 0x6064, 0x6885, 0x6885, 0x6885, 0x6885, 0x6885, 0x6885, 0x6885, 0x6885,
    0x6885, 0x6885, 0x6885, 0x6064, 0x6064, 0x6064, 0x6885, 0x6885, 0x6885, 0x6885, 0x6885, 0x6885, 0x6885, 0x6885, 0x6885, 0x6085,
    0x6085, 0x6085, 0x6085, 0x6085, 0x6085, 0x6085, 0x6084, 0x6084, 0x6084, 0x6064, 0x6064, 0x6064, 0x6064, 0x6064, 0x6064, 0x6064,
    0x6064, 0x6064, 0x6064, 0x6064, 0x6064, 0x6084, 0x6084, 0x6085, 0x6064, 0x5824, 0x5823, 0x6084, 0x71A7, 0x8B0B, 0x8B8D, 0x82CB,
    0x6947, 0x5844, 0x5824, 0x5844, 0x5823, 0x5844, 0x71C8, 0x9BCE, 0xBD52, 0xC5B3, 0xBD93, 0xBD92, 0xB4D1, 0x8ACB, 0x5884, 0x5003,
    0x5864, 0x5884, 0x5864, 0x5864, 0x5064, 0x5023, 0x5064, 0x61E8, 0x6A89, 0x5946, 0x5023, 0x5043, 0x5064, 0x5063, 0x5063, 0x5063,
    0x5063, 0x4863, 0x4863, 0x4863, 0x4863, 0x4863, 0x4863, 0x4863, 0x4863, 0x5063, 0x5063, 0x5063, 0x5063, 0x5064, 0x5043, 0x5043,
    0x5966, 0x6A89, 0x61E8, 0x5064, 0x5023, 0x5064, 0x5864, 0x5864, 0x5884, 0x5864, 0x5003, 0x5864, 0x71C8, 0xA40F, 0xBD72, 0xC593,
    0xC5B3, 0xC5B3, 0xACB0, 0x8AAB, 0x60C5, 0x5823, 0x5844, 0x5844, 0x5823, 0x5864, 0x71A7, 0x8B0B, 0x8B8C, 0x82EB, 0x71C8, 0x60A5,
    0x5823, 0x5823, 0x6064, 0x6084, 0x6085, 0x6084, 0x6064, 0x6064, 0x6064, 0x6064, 0x6064, 0x6064, 0x6064, 0x6064, 0x6064, 0x6064,
    0x6064, 0x6064, 0x6064, 0x6084, 0x6084, 0x6084, 0x6084, 0x6084, 0x6085, 0x6085, 0x6085, 0x6085, 0x6085, 0x6085, 0x6085, 0x6085,
    0x6085, 0x6885, 0x6885, 0x6885, 0x6085, 0x6085, 0x6885, 0x6885, 0x6885, 0x6885, 0x6885, 0x6885, 0x6885, 0x6885, 0x6085, 0x6885,
    0x6885, 0x6885, 0x6085, 0x6085, 0x6085, 0x6085, 0x6085, 0x6085, 0x6085, 0x6085, 0x6085, 0x6084, 0x6085, 0x6084, 0x6084, 0x6084,
    0x6084, 0x6084, 0x6064, 0x6064, 0x6064, 0x6064, 0x6064, 0x6064, 0x6064, 0x6064, 0x6064, 0x6064, 0x6064, 0x6064, 0x6084, 0x6085,
    0x6084, 0x6064, 0x5824, 0x5803, 0x6064, 0x7167, 0x82CA, 0x8B6C, 0x8B4C, 0x71E8, 0x6085, 0x5823, 0x5844, 0x5844, 0x5823, 0x6085,
    0x8249, 0xAC4F, 0xBD92, 0xC5B3, 0xBD93, 0xBD93, 0xAC90, 0x7A49, 0x5884, 0x5003, 0x5864, 0x5884, 0x5864, 0x5864, 0x5064, 0x5023,
    0x5043, 0x61A7, 0x6AA9, 0x61C7, 0x5064, 0x5023, 0x5064, 0x5064, 0x5063, 0x5063, 0x5063, 0x4863, 0x4863, 0x4863, 0x4863, 0x4863,
    0x4863, 0x4863, 0x4863, 0x4863, 0x4863, 0x4863, 0x5063, 0x5063, 0x5063, 0x5063, 0x5064, 0x5064, 0x5023, 0x5084, 0x61A7, 0x6AA9,
    0x61A7, 0x5044, 0x5023, 0x5064, 0x5864, 0x5864, 0x5884, 0x5864, 0x5023, 0x5023, 0x71C8, 0x9BEE, 0xBD52, 0xC5B3, 0xC593, 0xC5B3,
    0xB511, 0x9B8D, 0x7167, 0x5844, 0x5823, 0x5844, 0x5844, 0x5823, 0x60A5, 0x71E8, 0x8B4C, 0x93AD, 0x8B0B, 0x71C8, 0x60A5, 0x5823,
    0x5803, 0x6044, 0x6064, 0x6085, 0x6084, 0x6084, 0x6064, 0x6064, 0x6064, 0x6064, 0x6064, 0x6064, 0x6064, 0x6064, 0x6064, 0x6064,
    0x6064, 0x6064, 0x6064, 0x6064, 0x6064, 0x6064, 0x6064, 0x6084, 0x6084, 0x6084, 0x6084, 0x6084, 0x6084, 0x6085, 0x6085, 0x6085,
    0x6085, 0x6085, 0x6085, 0x6085, 0x6085, 0x6085, 0x6085, 0x6085, 0x6085, 0x6085, 0x6085, 0x6085, 0x6085, 0x6085, 0x6085, 0x6084,
    0x6084, 0x6084, 0x6084, 0x6084, 0x6084, 0x6064, 0x6064, 0x6064, 0x6064, 0x6064, 0x6064, 0x6064, 0x6064, 0x6064, 0x6064, 0x6064,
    0x6064, 0x6064, 0x6064, 0x6064, 0x6064, 0x6064, 0x6084, 0x6084, 0x6085, 0x6084, 0x6044, 0x5823, 0x5823, 0x6084, 0x7187, 0x82CA,
    0x93AD, 0x8B6C, 0x7A49, 0x60E5, 0x5844, 0x5824, 0x5844, 0x5823, 0x5844, 0x6926, 0x932C, 0xB4D1, 0xC5B3, 0xC5B3, 0xC5B3, 0xBD72,
    0xA44F, 0x7A49, 0x5864, 0x5003, 0x5864, 0x5884, 0x5864, 0x5864, 0x5064, 0x5023, 0x5023, 0x5946, 0x6A89, 0x6208, 0x50A4, 0x5023,
    0x5064, 0x5064, 0x5063, 0x5063, 0x5063, 0x5063, 0x4863, 0x4863, 0x4863, 0x4863, 0x4863, 0x4863, 0x4843, 0x4843, 0x4863, 0x4863,
    0x4863, 0x4863, 0x4863, 0x4863, 0x4863, 0x5063, 0x5063, 0x5063, 0x5064, 0x5064, 0x5023, 0x50A4, 0x61E7, 0x6A89, 0x5966, 0x5044,
    0x5023, 0x5064, 0x5864, 0x5864, 0x5864, 0x5864, 0x5023, 0x5023, 0x6967, 0x936C, 0xB511, 0xC593, 0xC593, 0xC5B3, 0xBD72, 0xAC6F,
    0x828A, 0x60C5, 0x5823, 0x5823, 0x5844, 0x5823, 0x5844, 0x60E5, 0x7208, 0x82EB, 0x8B8D, 0x8B2C, 0x7A29, 0x6926, 0x6064, 0x5803,
    0x5823, 0x6044, 0x6084, 0x6085, 0x6084, 0x6084, 0x6064, 0x6064, 0x6064, 0x6064, 0x6064, 0x6064, 0x6064, 0x6064, 0x6064, 0x6064,
    0x6064, 0x6064, 0x6064, 0x6064, 0x6064, 0x6064, 0x6064, 0x6064, 0x6064, 0x6064, 0x6064, 0x6064, 0x6064, 0x6064, 0x6064, 0x6064,
    0x6064, 0x6064, 0x6064, 0x6064, 0x6064, 0x6064, 0x6064, 0x6064, 0x6064, 0x6064, 0x6064, 0x6064, 0x6064, 0x6064, 0x6064, 0x6064,
    0x6064, 0x6064, 0x6064, 0x6064, 0x6064, 0x6064, 0x6064, 0x6064, 0x6064, 0x6064, 0x6064, 0x6064, 0x6064, 0x6064, 0x6084, 0x6084,
    0x6085, 0x6084, 0x6064, 0x5824, 0x5803, 0x5844, 0x68E5, 0x7A08, 0x830B, 0x938D, 0x8B2B, 0x7A49, 0x6906, 0x5844, 0x5824, 0x5844,
    0x5823, 0x5823, 0x60A5, 0x7A29, 0xA40E, 0xBD52, 0xC5B3, 0xC593, 0xC593, 0xBD52, 0x9BCE, 0x71C8, 0x5043, 0x5023, 0x5864, 0x5884,
    0x5864, 0x5864, 0x5064, 0x5023, 0x5023, 0x5926, 0x6269, 0x6228, 0x58E5, 0x5023, 0x5043, 0x5064, 0x5064, 0x5063, 0x5063, 0x5063,
    0x4863, 0x4863, 0x4863, 0x4863, 0x4863, 0x4863, 0x4843, 0x4843, 0x4843, 0x4843, 0x4843, 0x4863, 0x4863, 0x4863, 0x4863, 0x4863,
    0x4863, 0x5063, 0x5063, 0x5063, 0x5063, 0x5064, 0x5064, 0x5043, 0x5023, 0x58E5, 0x6248, 0x6A89, 0x5966, 0x5044, 0x5023, 0x5064,
    0x5864, 0x5864, 0x5864, 0x5884, 0x5023, 0x5003, 0x60E5, 0x82AA, 0xAC90, 0xBD92, 0xC5B3, 0xC5B3, 0xC5B3, 0xB511, 0x9BEE, 0x7A08,
    0x6085, 0x5823, 0x5823, 0x5844, 0x5823, 0x5824, 0x60C5, 0x71A7, 0x82CA, 0x8B6C, 0x8B6C, 0x82CA, 0x71C8, 0x68E5, 0x6044, 0x5823,
    0x5823, 0x6044, 0x6064, 0x6084, 0x6085, 0x6084, 0x6084, 0x6064, 0x6064, 0x6064, 0x6064, 0x6064, 0x6064, 0x6064, 0x6064, 0x6064,
    0x6064, 0x6064, 0x6064, 0x6064, 0x6064, 0x6064, 0x6064, 0x6064, 0x6064, 0x6064, 0x6064, 0x6064, 0x6064, 0x6064, 0x6064, 0x6064,
    0x6064, 0x6064, 0x6064, 0x6064, 0x6064, 0x6064, 0x6064, 0x6064, 0x6064, 0x6064, 0x6064, 0x6064, 0x6064, 0x6064, 0x6064, 0x6064,
    0x6064, 0x6064, 0x6064, 0x6064, 0x6064, 0x6084, 0x6084, 0x6085, 0x6084, 0x6064, 0x6044, 0x5823, 0x5803, 0x5844, 0x60C5, 0x71A7,
    0x828A, 0x8B4C, 0x8B8D, 0x82EB, 0x71E8, 0x60E5, 0x5844, 0x5823, 0x5844, 0x5823, 0x5823, 0x5864, 0x71A7, 0x9B8D, 0xB4F1, 0xC5B3,
    0xC5B3, 0xC5B3, 0xBD93, 0xB4F1, 0x8B2C, 0x6926, 0x5023, 0x5023, 0x5864, 0x5884, 0x5864, 0x5864, 0x5064, 0x5023, 0x5023, 0x5926,
    0x6269, 0x6269, 0x5926, 0x5023, 0x5043, 0x5064, 0x5063, 0x5063, 0x5063, 0x5063, 0x5063, 0x4863, 0x4863, 0x4863, 0x4863, 0x4863,
    0x4863, 0x4843, 0x4843, 0x4843, 0x4843, 0x4843, 0x4843, 0x4843, 0x4843, 0x4863, 0x4863, 0x4863, 0x4863, 0x4863, 0x4863, 0x4863,
    0x5063, 0x5063, 0x5063, 0x5064, 0x5064, 0x5043, 0x5023, 0x58E5, 0x6248, 0x6A89, 0x5966, 0x5044, 0x5023, 0x5064, 0x5864, 0x5864,
    0x5864, 0x5884, 0x5043, 0x5003, 0x5884, 0x71E8, 0x9BCD, 0xB531, 0xBD93, 0xC5B3, 0xC5B3, 0xC593, 0xB4F1, 0x9B8D, 0x79E8, 0x60A5,
    0x5823, 0x5823, 0x5844, 0x5824, 0x5823, 0x5864, 0x6926, 0x7A09, 0x8B2B, 0x938D, 0x8B6C, 0x82AA, 0x79E8, 0x6926, 0x6084, 0x5824,
    0x5803, 0x5823, 0x6044, 0x6064, 0x6084, 0x6084, 0x6085, 0x6084, 0x6084, 0x6084, 0x6084, 0x6064, 0x6064, 0x6064, 0x6064, 0x6064,
    0x6064, 0x6064, 0x6064, 0x6064, 0x6064, 0x6064, 0x6064, 0x6064, 0x6064, 0x6064, 0x6064, 0x6064, 0x6064, 0x6064, 0x6064, 0x6064,
    0x6064, 0x6064, 0x6064, 0x6064, 0x6064, 0x6064, 0x6064, 0x6064, 0x6064, 0x6084, 0x6084, 0x6084, 0x6084, 0x6085, 0x6085, 0x6084,
    0x6064, 0x6044, 0x5824, 0x5803, 0x5823, 0x6064, 0x68E5, 0x71C8, 0x828A, 0x8B4C, 0x93AD, 0x8B4C, 0x7A49, 0x6947, 0x6085, 0x5823,
    0x5823, 0x5844, 0x5823, 0x5823, 0x5884, 0x7187, 0x932C, 0xACB0, 0xBD92, 0xC5B3, 0xC5B3, 0xBD93, 0xBD52, 0xA42F, 0x7A49, 0x58A5,
    0x5003, 0x5043, 0x5884, 0x5864, 0x5864, 0x5864, 0x5064, 0x5023, 0x5043, 0x5926, 0x6A69, 0x6269, 0x5926, 0x5023, 0x5023, 0x5064,
    0x5064, 0x5063, 0x5063, 0x5063, 0x4863, 0x4863, 0x4863, 0x4863, 0x4863, 0x4863, 0x4863, 0x4843, 0x4843, 0x4843, 0x4843, 0x4843,
    0x4843, 0x4843, 0x4843, 0x4843, 0x4843, 0x4843, 0x4863, 0x4863, 0x4863, 0x4863, 0x4863, 0x4863, 0x4863, 0x5063, 0x5063, 0x5063,
    0x5063, 0x5064, 0x5064, 0x5043, 0x5023, 0x58E5, 0x6248, 0x6A89, 0x6187, 0x5084, 0x5023, 0x5044, 0x5864, 0x5864, 0x5864, 0x5884,
    0x5864, 0x5023, 0x5023, 0x6106, 0x82AA, 0xA46F, 0xBD52, 0xC5B3, 0xC5B3, 0xC5B3, 0xC593, 0xB4F1, 0x9B8D, 0x7A09, 0x60E5, 0x5843,
    0x5823, 0x5824, 0x5824, 0x5823, 0x5844, 0x6085, 0x6926, 0x7A08, 0x830B, 0x8B6C, 0x8B6C, 0x8B2B, 0x828A, 0x71C8, 0x6926, 0x60A5,
    0x5844, 0x5823, 0x5823, 0x5823, 0x5844, 0x6044, 0x6064, 0x6064, 0x6084, 0x6084, 0x6085, 0x6085, 0x6085, 0x6084, 0x6084, 0x6084,
    0x6084, 0x6084, 0x6084, 0x6084, 0x6084, 0x6084, 0x6084, 0x6084, 0x6084, 0x6084, 0x6084, 0x6084, 0x6084, 0x6084, 0x6084, 0x6085,
    0x6085, 0x6085, 0x6084, 0x6084, 0x6064, 0x6064, 0x6044, 0x6044, 0x5823, 0x5823, 0x5823, 0x5844, 0x6084, 0x6906, 0x71A7, 0x7A69,
    0x8B0B, 0x8B6C, 0x8B6C, 0x8B2B, 0x7A49, 0x6947, 0x60A5, 0x5844, 0x5823, 0x5824, 0x5824, 0x5823, 0x5823, 0x60A5, 0x71C8, 0x932C,
    0xACB0, 0xBD92, 0xC5B3, 0xC5B3, 0xC5B3, 0xBD72, 0xACB0, 0x8B0B, 0x6946, 0x5043, 0x5003, 0x5844, 0x5884, 0x5864, 0x5864, 0x5864,
    0x5064, 0x5023, 0x5064, 0x5946, 0x6248, 0x6269, 0x5926, 0x5043, 0x5023, 0x5064, 0x5064, 0x5063, 0x5063, 0x5063, 0x5063, 0x4863,
    0x4863, 0x4863, 0x4863, 0x4863, 0x4863, 0x4863, 0x4843, 0x4843, 0x4843, 0x4843, 0x4843, 0x4843, 0x4043, 0x4843, 0x4843, 0x4843,
    0x4843, 0x4843, 0x4843, 0x4843, 0x4863, 0x4863, 0x4863, 0x4863, 0x4863, 0x4863, 0x4863, 0x5063, 0x5063, 0x5063, 0x5063, 0x5064,
    0x5064, 0x5043, 0x5023, 0x50C5, 0x61E8, 0x6AA9, 0x61C7, 0x58A4, 0x5023, 0x5043, 0x5064, 0x5064, 0x5864, 0x5864, 0x5864, 0x5043,
    0x5003, 0x5044, 0x6987, 0x932C, 0xAC90, 0xBD72, 0xC5B3, 0xC5B3, 0xC5B3, 0xC5B3, 0xB511, 0xA40E, 0x8AAB, 0x7167, 0x6084, 0x5823,
    0x5823, 0x5823, 0x5824, 0x5823, 0x5823, 0x6064, 0x60E5, 0x7187, 0x7A49, 0x82EB, 0x8B4C, 0x8B6C, 0x8B4C, 0x82EB, 0x828A, 0x71E8,
    0x6967, 0x6906, 0x6085, 0x6064, 0x5823, 0x5823, 0x5823, 0x5803, 0x5823, 0x5824, 0x5824, 0x5824, 0x5824, 0x6044, 0x6044, 0x6044,
    0x6044, 0x6044, 0x6044, 0x6044, 0x6044, 0x6044, 0x6044, 0x5844, 0x5823, 0x5824, 0x5824, 0x5823, 0x5803, 0x5823, 0x5823, 0x5823,
    0x6064, 0x6084, 0x68E6, 0x6946, 0x71C8, 0x7A69, 0x82CB, 0x8B4C, 0x8B6C, 0x8B6C, 0x8B0B, 0x7A6A, 0x71A8, 0x6906, 0x6084, 0x5824,
    0x5823, 0x5824, 0x5823, 0x5823, 0x5823, 0x5864, 0x6926, 0x826A, 0x9BCE, 0xB4F1, 0xBD93, 0xC5B3, 0xC5B3, 0xC5B3, 0xBD92, 0xB4D0,
    0x938D, 0x71E8, 0x5864, 0x5003, 0x5023, 0x5864, 0x5884, 0x5864, 0x5864, 0x5064, 0x5043, 0x5023, 0x5084, 0x6186, 0x6A89, 0x6228,
    0x5905, 0x5043, 0x5023, 0x5064, 0x5064, 0x5063, 0x5063, 0x5063, 0x5063, 0x4863, 0x4863, 0x4863, 0x4863, 0x4863, 0x4863, 0x4863,
    0x4843, 0x4843, 0x4843, 0x4843, 0x4843, 0x4843, 0x4843, 0x4043, 0x4043, 0x4043, 0x4043, 0x4843, 0x4843, 0x4843, 0x4843, 0x4843,
    0x4843, 0x4843, 0x4863, 0x4863, 0x4863, 0x4863, 0x4863, 0x4863, 0x4863, 0x5063, 0x5063, 0x5063, 0x5063, 0x5064, 0x5064, 0x5043,
    0x5023, 0x50A4, 0x61A7, 0x6A89, 0x6228, 0x5905, 0x5043, 0x5023, 0x5044, 0x5864, 0x5064, 0x5864, 0x5884, 0x5864, 0x5023, 0x5003,
    0x5864, 0x71A7, 0x932C, 0xAC90, 0xBD72, 0xC5B3, 0xC5B3, 0xC5B3, 0xC5B3, 0xBD72, 0xACB0, 0x9BAD, 0x826A, 0x6947, 0x6084, 0x5823,
    0x5823, 0x5823, 0x5823, 0x5823, 0x5823, 0x5824, 0x5864, 0x60A5, 0x6926, 0x71C8, 0x7A49, 0x82EB, 0x8B2C, 0x8B6C, 0x8B6C, 0x8B6C,
    0x8B2B, 0x8B2B, 0x82AA, 0x7A6A, 0x7A49, 0x71A7, 0x71A7, 0x71A7, 0x7167, 0x68E5, 0x68E5, 0x68E5, 0x68E5, 0x68E5, 0x68E5, 0x68E5,
    0x68E5, 0x68E5, 0x60E5, 0x6946, 0x71A8, 0x71A7, 0x7187, 0x7A29, 0x826A, 0x828A, 0x8B2B, 0x8B0B, 0x8B6C, 0x8B6C, 0x8B6C, 0x8B4C,
    0x82EB, 0x7A6A, 0x7A08, 0x6947, 0x60C5, 0x6064, 0x5844, 0x5823, 0x5823, 0x5823, 0x5823, 0x5823, 0x5823, 0x5864, 0x6926, 0x8229,
    0x936D, 0xAC90, 0xBD52, 0xC5B3, 0xC5B3, 0xC5B3, 0xC5B3, 0xBD72, 0xB4D0, 0x938D, 0x71E8, 0x58A5, 0x5003, 0x5023, 0x5864, 0x5884,
    0x5864, 0x5864, 0x5864, 0x5064, 0x5023, 0x5023, 0x58C5, 0x61E7, 0x6A89, 0x6208, 0x58C5, 0x5023, 0x5043, 0x5064, 0x5064, 0x5063,
    0x5063, 0x5063, 0x5063, 0x4863, 0x4863, 0x4863, 0x4863, 0x4863, 0x4863, 0x4863, 0x4843, 0x4843, 0x4843, 0x4843, 0x4843, 0x4843,
    0x4843, 0x4043, 0x4043, 0x4043, 0x4043, 0x4043, 0x4043, 0x4043, 0x4843, 0x4843, 0x4843, 0x4843, 0x4843, 0x4843, 0x4843, 0x4843,
    0x4863, 0x4863, 0x4863, 0x4863, 0x4863, 0x4863, 0x5063, 0x5063, 0x5063, 0x5063, 0x5063, 0x5064, 0x5064, 0x5043, 0x5023, 0x5064,
    0x5966, 0x6269, 0x6269, 0x6186, 0x5884, 0x5023, 0x5043, 0x5064, 0x5864, 0x5864, 0x5864, 0x5884, 0x5864, 0x5023, 0x5003, 0x5884,
    0x6967, 0x8ACB, 0xA44F, 0xB531, 0xBD93, 0xC5B3, 0xC5B3, 0xC5B3, 0xC5B3, 0xBD72, 0xB4B0, 0x9BAD, 0x8ACB, 0x7187, 0x60E5, 0x5864,
    0x5823, 0x5823, 0x5823, 0x5823, 0x5823, 0x5823, 0x5823, 0x5823, 0x5844, 0x6064, 0x60C5, 0x6906, 0x7187, 0x7187, 0x7A29, 0x7A6A,
    0x7A8A, 0x8B0B, 0x8B0B, 0x8B0B, 0x8B2C, 0x8B6C, 0x8B6C, 0x8B6C, 0x8B6C, 0x8B6C, 0x8B6C, 0x8B6C, 0x8B6C, 0x8B6C, 0x8B6C, 0x8B4C,
    0x8B0B, 0x8B0B, 0x8B2B, 0x82AA, 0x7A69, 0x7A49, 0x71A7, 0x71A7, 0x6906, 0x60E5, 0x6084, 0x5864, 0x5823, 0x5823, 0x5823, 0x5823,
    0x5823, 0x5823, 0x5823, 0x5823, 0x5844, 0x60C5, 0x7167, 0x828A, 0x9B8D, 0xAC90, 0xBD52, 0xC5B3, 0xC5B3, 0xC5B3, 0xC5B3, 0xC593,
    0xBD52, 0xAC6F, 0x932C, 0x71A7, 0x58A5, 0x5003, 0x5023, 0x5844, 0x5864, 0x5864, 0x5864, 0x5864, 0x5064, 0x5043, 0x5023, 0x5064,
    0x5946, 0x6248, 0x6269, 0x61A7, 0x5084, 0x5023, 0x5043, 0x5064, 0x5064, 0x5063, 0x5063, 0x5063, 0x5063, 0x5063, 0x4863, 0x4863,
    0x4863, 0x4863, 0x4863, 0x4863, 0x4863, 0x4843, 0x4843, 0x4843, 0x4843, 0x4843, 0x4843, 0x4843, 0x4043, 0x4043, 0x4043, 0x4043,
    0x4043, 0x4043, 0x4043, 0x4043, 0x4043, 0x4043, 0x4843, 0x4843, 0x4843, 0x4843, 0x4843, 0x4843, 0x4843, 0x4863, 0x4863, 0x4863,
    0x4863, 0x4863, 0x4863, 0x4863, 0x4863, 0x5063, 0x5063, 0x5063, 0x5063, 0x5064, 0x5064, 0x5063, 0x5023, 0x5043, 0x58E5, 0x6228,
    0x6A89, 0x6208, 0x5905, 0x5044, 0x5023, 0x5043, 0x5064, 0x5064, 0x5864, 0x5864, 0x5884, 0x5864, 0x5023, 0x5003, 0x5043, 0x6106,
    0x7A29, 0x936C, 0xACB0, 0xBD52, 0xBD93, 0xC5B3, 0xC5B3, 0xC5D3, 0xC5B3, 0xBD72, 0xB511, 0xAC6F, 0x9B8D, 0x8ACB, 0x79C8, 0x6926,
    0x60A5, 0x5864, 0x5823, 0x5823, 0x5823, 0x5823, 0x5823, 0x5823, 0x5823, 0x5823, 0x5823, 0x5823, 0x5823, 0x5844, 0x5844, 0x5844,
    0x5844, 0x6084, 0x6084, 0x6084, 0x6084, 0x6084, 0x6084, 0x6084, 0x6084, 0x6084, 0x6084, 0x5864, 0x5844, 0x5844, 0x5844, 0x5823,
    0x5823, 0x5823, 0x5823, 0x5823, 0x5823, 0x5823, 0x5823, 0x5823, 0x5823, 0x5823, 0x5844, 0x6085, 0x6906, 0x71A7, 0x828A, 0x934C,
    0xA42F, 0xB4F1, 0xBD72, 0xC5B3, 0xC5D3, 0xC5B3, 0xC5B3, 0xC5B3, 0xBD52, 0xACD0, 0x9BAD, 0x8269, 0x6946, 0x5864, 0x5003, 0x5023,
    0x5064, 0x5884, 0x5884, 0x5864, 0x5064, 0x5864, 0x5044, 0x5023, 0x5043, 0x58E5, 0x61C7, 0x6269, 0x6248, 0x5926, 0x5043, 0x5023,
    0x5043, 0x5064, 0x5064, 0x5063, 0x5063, 0x5063, 0x5063, 0x4863, 0x4863, 0x4863, 0x4863, 0x4863, 0x4863, 0x4863, 0x4843, 0x4843,
    0x4843, 0x4843, 0x4843, 0x4843, 0x4843, 0x4843, 0x4043, 0x4043, 0x4043, 0x4043, 0x4043, 0x4043, 0x4043, 0x4043, 0x4043, 0x4043,
    0x4043, 0x4043, 0x4043, 0x4043, 0x4843, 0x4843, 0x4843, 0x4843, 0x4843, 0x4843, 0x4843, 0x4863, 0x4863, 0x4863, 0x4863, 0x4863,
    0x4863, 0x4863, 0x4863, 0x5063, 0x5063, 0x5063, 0x5063, 0x5063, 0x5064, 0x5064, 0x5043, 0x5023, 0x5084, 0x5986, 0x6269, 0x6269,
    0x61C7, 0x58C5, 0x5043, 0x5023, 0x5044, 0x5064, 0x5864, 0x5864, 0x5864, 0x5884, 0x5864, 0x5043, 0x5003, 0x5003, 0x5884, 0x6946,
    0x826A, 0x9BAD, 0xAC90, 0xB531, 0xBD93, 0xC5B3, 0xC5B3, 0xC5D3, 0xC5D3, 0xC5B3, 0xBD92, 0xBD32, 0xB4D0, 0xA44F, 0x9BAD, 0x8B0B,
    0x8249, 0x79C8, 0x6926, 0x60E5, 0x5864, 0x5864, 0x5843, 0x5823, 0x5823, 0x5823, 0x5823, 0x5823, 0x5823, 0x5823, 0x5823, 0x5823,
    0x5823, 0x5823, 0x5823, 0x5823, 0x5823, 0x5823, 0x5823, 0x5823, 0x5823, 0x5823, 0x5823, 0x5823, 0x5823, 0x5823, 0x5864, 0x5864,
    0x60C5, 0x6906, 0x71A8, 0x7A29, 0x8ACB, 0x9B8D, 0xA42F, 0xB4B0, 0xBD31, 0xBD92, 0xC5B3, 0xC5D3, 0xC5B3, 0xC5B3, 0xC5B3, 0xC593,
    0xBD52, 0xACB0, 0x9BCE, 0x82AA, 0x6987, 0x58A4, 0x5023, 0x5003, 0x5023, 0x5864, 0x5884, 0x5864, 0x5864, 0x5864, 0x5064, 0x5044,
    0x5023, 0x5023, 0x58A4, 0x61A7, 0x6248, 0x6289, 0x61A7, 0x50A4, 0x5023, 0x5023, 0x5064, 0x5064, 0x5064, 0x5063, 0x5063, 0x5063,
    0x5063, 0x4863, 0x4863, 0x4863, 0x4863, 0x4863, 0x4863, 0x4863, 0x4863, 0x4843, 0x4843, 0x4843, 0x4843, 0x4843, 0x4843, 0x4843,
    0x4043, 0x4043, 0x4043, 0x4043, 0x4043, 0x4043, 0x4043, 0x4043, 0x4043, 0x4043, 0x4043, 0x4043, 0x4043, 0x4043, 0x4043, 0x4043,
    0x4043, 0x4043, 0x4843, 0x4843, 0x4843, 0x4843, 0x4843, 0x4843, 0x4843, 0x4863, 0x4863, 0x4863, 0x4863, 0x4863, 0x4863, 0x4863,
    0x4863, 0x5063, 0x5063, 0x5063, 0x5063, 0x5063, 0x5064, 0x5064, 0x5063, 0x5023, 0x5043, 0x58E5, 0x61C7, 0x6269, 0x6248, 0x6187,
    0x58C5, 0x5043, 0x5023, 0x5043, 0x5064, 0x5064, 0x5864, 0x5864, 0x5884, 0x5884, 0x5864, 0x5023, 0x5003, 0x5023, 0x5864, 0x6926,
    0x7A09, 0x8AEB, 0x9BEE, 0xACB0, 0xB532, 0xBD72, 0xC5B3, 0xC5B3, 0xC5B3, 0xC5D3, 0xC5D3, 0xC5B3, 0xC5B3, 0xBD92, 0xBD52, 0xB511,
    0xAC90, 0xAC90, 0x9BCE, 0x9BAD, 0x9B8D, 0x8AAB, 0x8AAB, 0x8ACB, 0x828A, 0x71A8, 0x71C8, 0x71C8, 0x71C8, 0x71C8, 0x71C8, 0x71C8,
    0x71C8, 0x71C8, 0x71A8, 0x8249, 0x8ACB, 0x8AAB, 0x8AAA, 0x934C, 0x9BCE, 0x9BAD, 0xAC90, 0xAC90, 0xB511, 0xBD52, 0xBD72, 0xC5B3,
    0xC5B3, 0xC5D3, 0xC5D3, 0xC5D3, 0xC5B3, 0xC5B3, 0xBD92, 0xBD52, 0xB4D1, 0xA40E, 0x932C, 0x7A49, 0x6946, 0x5884, 0x5023, 0x5003,
    0x5023, 0x5864, 0x5864, 0x5884, 0x5864, 0x5864, 0x5864, 0x5064, 0x5043, 0x5023, 0x5023, 0x58A4, 0x5966, 0x6228, 0x6269, 0x6208,
    0x5905, 0x5043, 0x5023, 0x5043, 0x5064, 0x5064, 0x5063, 0x5063, 0x5063, 0x5063, 0x5063, 0x4863, 0x4863, 0x4863, 0x4863, 0x4863,
    0x4863, 0x4863, 0x4863, 0x4843, 0x4843, 0x4843, 0x4843, 0x4843, 0x4843, 0x4843, 0x4843, 0x4043, 0x4043, 0x4043, 0x4043, 0x4043,
    0x4043, 0x4043, 0x4043, 0x4043, 0x4043, 0x4043, 0x4043, 0x4043, 0x4043, 0x4043, 0x4043, 0x4043, 0x4043, 0x4043, 0x4043, 0x4043,
    0x4843, 0x4843, 0x4843, 0x4843, 0x4843, 0x4843, 0x4843, 0x4843, 0x4863, 0x4863, 0x4863, 0x4863, 0x4863, 0x4863, 0x4863, 0x4863,
    0x5063, 0x5063, 0x5063, 0x5063, 0x5064, 0x5064, 0x5064, 0x5043, 0x5023, 0x5043, 0x58E5, 0x61C7, 0x6269, 0x6248, 0x61A7, 0x58E5,
    0x5044, 0x5023, 0x5023, 0x5044, 0x5864, 0x5864, 0x5864, 0x5864, 0x5884, 0x5864, 0x5864, 0x5043, 0x5003, 0x5003, 0x5023, 0x5884,
    0x6926, 0x71C8, 0x8ACB, 0x9B8D, 0xA42F, 0xACD0, 0xB531, 0xBD72, 0xBD93, 0xC5B3, 0xC5B3, 0xC5B3, 0xC5D3, 0xC5D3, 0xC5D3, 0xC5D3,
    0xC5D3, 0xC5B3, 0xC5D3, 0xC5D3, 0xC5B3, 0xBD92, 0xBD92, 0xBD92, 0xBD92, 0xBD92, 0xBD92, 0xBD92, 0xBD92, 0xBD93, 0xBD92, 0xC5B3,
    0xC5D3, 0xC5D3, 0xC5B3, 0xC5D3, 0xC5D3, 0xC5D3, 0xC5D3, 0xC5D3, 0xC5B3, 0xC5B3, 0xC5B3, 0xC593, 0xBD72, 0xB532, 0xB4D1, 0xA44F,
    0x9BCD, 0x8AEB, 0x7A08, 0x6946, 0x58A5, 0x5043, 0x5003, 0x5003, 0x5023, 0x5864, 0x5864, 0x5884, 0x5864, 0x5864, 0x5864, 0x5864,
    0x5064, 0x5043, 0x5023, 0x5043, 0x58C5, 0x6186, 0x6228, 0x6269, 0x6208, 0x5926, 0x5064, 0x5023, 0x5043, 0x5064, 0x5064, 0x5064,
    0x5063, 0x5063, 0x5063, 0x5063, 0x4863, 0x4863, 0x4863, 0x4863, 0x4863, 0x4863, 0x4863, 0x4863, 0x4843, 0x4843, 0x4843, 0x4843,
    0x4843, 0x4843, 0x4843, 0x4843, 0x4043, 0x4043, 0x4043, 0x4043, 0x4043, 0x4043, 0x4043, 0x4043, 0x4043, 0x4043, 0x4043, 0x4043,
    0x4043, 0x4043, 0x4043, 0x4043, 0x4043, 0x4043, 0x4043, 0x4043, 0x4043, 0x4043, 0x4043, 0x4043, 0x4043, 0x4843, 0x4843, 0x4843,
    0x4843, 0x4843, 0x4843, 0x4843, 0x4843, 0x4863, 0x4863, 0x4863, 0x4863, 0x4863, 0x4863, 0x4863, 0x4863, 0x4863, 0x5063, 0x5063,
    0x5063, 0x5063, 0x5063, 0x5063, 0x5064, 0x5064, 0x5043, 0x5023, 0x5043, 0x58E5, 0x61C7, 0x6269, 0x6269, 0x61E7, 0x5926, 0x5884,
    0x5023, 0x5023, 0x5043, 0x5064, 0x5064, 0x5864, 0x5864, 0x5864, 0x5884, 0x5884, 0x5864, 0x5864, 0x5043, 0x5023, 0x5003, 0x5023,
    0x5043, 0x58A4, 0x6106, 0x7187, 0x7A49, 0x828A, 0x934C, 0x9BAD, 0xA44F, 0xAC6F, 0xB511, 0xB511, 0xB531, 0xBD72, 0xBD72, 0xBD72,
    0xBD93, 0xC5B3, 0xC5B3, 0xC5B3, 0xC5B3, 0xC5B3, 0xC5B3, 0xC5B3, 0xC5B3, 0xC5B3, 0xC5B3, 0xBD93, 0xBD72, 0xBD72, 0xBD72, 0xBD52,
    0xB4F1, 0xB511, 0xAC90, 0xAC6F, 0x9BCE, 0x936D, 0x82CA, 0x8269, 0x71A8, 0x6926, 0x58A5, 0x5864, 0x5023, 0x5003, 0x5023, 0x5023,
    0x5044, 0x5864, 0x5884, 0x5884, 0x5864, 0x5864, 0x5864, 0x5064, 0x5064, 0x5043, 0x5023, 0x5023, 0x5064, 0x5905, 0x61C7, 0x6269,
    0x6269, 0x6208, 0x5925, 0x5064, 0x5023, 0x5023, 0x5064, 0x5064, 0x5064, 0x5063, 0x5063, 0x5063, 0x5063, 0x5063, 0x4863, 0x4863,
    0x4863, 0x4863, 0x4863, 0x4863, 0x4863, 0x4863, 0x4863, 0x4843, 0x4843, 0x4843, 0x4843, 0x4843, 0x4843, 0x4843, 0x4843, 0x4043,
    0x4043, 0x4043, 0x4043, 0x4043, 0x4043, 0x4043, 0x4043, 0x4043, 0x4043, 0x4043, 0x4043, 0x4043, 0x4043, 0x4043, 0x4043, 0x4043,
    0x4043, 0x4043, 0x4043, 0x4043, 0x4043, 0x4043, 0x4043, 0x4043, 0x4043, 0x4043, 0x4043, 0x4843, 0x4843, 0x4843, 0x4843, 0x4843,
    0x4843, 0x4843, 0x4843, 0x4843, 0x4863, 0x4863, 0x4863, 0x4863, 0x4863, 0x4863, 0x4863, 0x4863, 0x4863, 0x5063, 0x5063, 0x5063,
    0x5063, 0x5063, 0x5064, 0x5064, 0x5064, 0x5043, 0x5023, 0x5043, 0x58C5, 0x5986, 0x6228, 0x6A89, 0x6248, 0x61A7, 0x5905, 0x5084,
    0x5023, 0x5023, 0x5023, 0x5044, 0x5064, 0x5064, 0x5864, 0x5864, 0x5864, 0x5884, 0x5884, 0x5864, 0x5864, 0x5864, 0x5043, 0x5023,
    0x5003, 0x5003, 0x5003, 0x5023, 0x5844, 0x5864, 0x60E5, 0x60C5, 0x6926, 0x71C8, 0x71A7, 0x71A7, 0x7A09, 0x82AA, 0x82AA, 0x82AA,
    0x82AA, 0x82AA, 0x82AA, 0x82AA, 0x82AA, 0x82AA, 0x82AA, 0x7A49, 0x71A7, 0x71A7, 0x71C8, 0x6946, 0x60C5, 0x60E5, 0x5884, 0x5844,
    0x5023, 0x5003, 0x5003, 0x5003, 0x5023, 0x5043, 0x5844, 0x5864, 0x5864, 0x5884, 0x5884, 0x5884, 0x5864, 0x5864, 0x5064, 0x5064,
    0x5044, 0x5043, 0x5023, 0x5023, 0x5064, 0x58E5, 0x5986, 0x6228, 0x6289, 0x6248, 0x61A7, 0x58E5, 0x5063, 0x5023, 0x5023, 0x5063,
    0x5064, 0x5064, 0x5063, 0x5063, 0x5063, 0x5063, 0x5063, 0x4863, 0x4863, 0x4863, 0x4863, 0x4863, 0x4863, 0x4863, 0x4863, 0x4863,
    0x4843, 0x4843, 0x4843, 0x4843, 0x4843, 0x4843, 0x4843, 0x4843, 0x4843, 0x4043, 0x4043, 0x4043, 0x4043, 0x4043, 0x4043, 0x4043,
    0x4043, 0x4043, 0x4043, 0x4043, 0x4043, 0x4043, 0x4043, 0x4043, 0x4043, 0x4043, 0x4043, 0x4043, 0x4043, 0x4043, 0x4043, 0x4043,
    0x4043, 0x4043, 0x4043, 0x4043, 0x4043, 0x4043, 0x4043, 0x4043, 0x4043, 0x4843, 0x4843, 0x4843, 0x4843, 0x4843, 0x4843, 0x4843,
    0x4843, 0x4863, 0x4863, 0x4863, 0x4863, 0x4863, 0x4863, 0x4863, 0x4863, 0x4863, 0x4863, 0x5063, 0x4863, 0x5063, 0x5063, 0x5063,
    0x5063, 0x5064, 0x5064, 0x5064, 0x5043, 0x5023, 0x5023, 0x5084, 0x5925, 0x61C7, 0x6248, 0x6269, 0x6228, 0x61C7, 0x5926, 0x58A4,
    0x5044, 0x5023, 0x5023, 0x5023, 0x5044, 0x5064, 0x5864, 0x5864, 0x5864, 0x5864, 0x5864, 0x5864, 0x5884, 0x5884, 0x5884, 0x5864,
    0x5864, 0x5864, 0x5043, 0x5043, 0x5043, 0x5023, 0x5023, 0x5023, 0x5023, 0x5003, 0x5003, 0x5003, 0x5003, 0x5003, 0x5003, 0x5003,
    0x5003, 0x5003, 0x5003, 0x5003, 0x5023, 0x5023, 0x5023, 0x5023, 0x5044, 0x5043, 0x5864, 0x5864, 0x5864, 0x5884, 0x5884, 0x5884,
    0x5884, 0x5864, 0x5864, 0x5864, 0x5864, 0x5864, 0x5064, 0x5044, 0x5043, 0x5023, 0x5023, 0x5043, 0x58A4, 0x5905, 0x61A7, 0x6228,
    0x6269, 0x6248, 0x61E7, 0x5946, 0x50A4, 0x5023, 0x5023, 0x5043, 0x5064, 0x5064, 0x5064, 0x5063, 0x5063, 0x5063, 0x5063, 0x5063,
    0x5063, 0x5063, 0x4863, 0x4863, 0x4863, 0x4863, 0x4863, 0x4863, 0x4863, 0x4863, 0x4863, 0x4843, 0x4843, 0x4843, 0x4843, 0x4843,
    0x4843, 0x4843, 0x4843, 0x4043, 0x4043, 0x4043, 0x4043, 0x4043, 0x4043, 0x4043, 0x4043, 0x4043, 0x4043, 0x4043, 0x4043, 0x4043,
    0x4043, 0x4043, 0x4043, 0x4043, 0x4043, 0x4043, 0x4043, 0x4043, 0x4043, 0x4043, 0x4043, 0x4043, 0x4043, 0x4043, 0x4043, 0x4043,
    0x4043, 0x4043, 0x4043, 0x4043, 0x4043, 0x4043, 0x4043, 0x4843, 0x4843, 0x4843, 0x4843, 0x4843, 0x4843, 0x4843, 0x4843, 0x4843,
    0x4863, 0x4863, 0x4863, 0x4863, 0x4863, 0x4863, 0x4863, 0x4863, 0x4863, 0x4863, 0x5063, 0x5063, 0x5063, 0x5063, 0x5063, 0x5063,
    0x5064, 0x5064, 0x5064, 0x5063, 0x5023, 0x5023, 0x5043, 0x5084, 0x5925, 0x61C7, 0x6228, 0x6A89, 0x6A69, 0x6208, 0x61A7, 0x5926,
    0x58C5, 0x5064, 0x5023, 0x5023, 0x5023, 0x5023, 0x5043, 0x5044, 0x5064, 0x5064, 0x5864, 0x5864, 0x5864, 0x5864, 0x5864, 0x5864,
    0x5864, 0x5884, 0x5884, 0x5884, 0x5884, 0x5884, 0x5884, 0x5884, 0x5884, 0x5884, 0x5884, 0x5884, 0x5884, 0x5884, 0x5884, 0x5884,
    0x5884, 0x5884, 0x5884, 0x5864, 0x5864, 0x5864, 0x5864, 0x5864, 0x5864, 0x5864, 0x5064, 0x5064, 0x5044, 0x5044, 0x5023, 0x5023,
    0x5023, 0x5023, 0x5064, 0x58A4, 0x5905, 0x6187, 0x61E8, 0x6269, 0x6A89, 0x6248, 0x61E7, 0x5946, 0x50A4, 0x5043, 0x5023, 0x5023,
    0x5043, 0x5064, 0x5064, 0x5064, 0x5063, 0x5063, 0x5063, 0x5063, 0x5063, 0x5063, 0x4863, 0x4863, 0x4863, 0x4863, 0x4863, 0x4863,
    0x4863, 0x4863, 0x4863, 0x4843, 0x4843, 0x4843, 0x4843, 0x4843, 0x4843, 0x4843, 0x4843, 0x4843, 0x4843, 0x4043, 0x4043, 0x4043,
    0x4043, 0x4043, 0x4043, 0x4043, 0x4043, 0x4043, 0x4043, 0x4043, 0x4043, 0x4043, 0x4043, 0x4043, 0x4043, 0x4043, 0x4043, 0x4043,
    0x4043, 0x4043, 0x4043, 0x4043, 0x4043, 0x4043, 0x4043, 0x4043, 0x4043, 0x4043, 0x4043, 0x4043, 0x4043, 0x4043, 0x4043, 0x4043,
    0x4043, 0x4043, 0x4043, 0x4043, 0x4043, 0x4043, 0x4843, 0x4843, 0x4843, 0x4843, 0x4843, 0x4843, 0x4843, 0x4843, 0x4843, 0x4843,
    0x4863, 0x4863, 0x4863, 0x4863, 0x4863, 0x4863, 0x4863, 0x4863, 0x4863, 0x4863, 0x5063, 0x5063, 0x5063, 0x5063, 0x5063, 0x5063,
    0x5064, 0x5064, 0x5064, 0x5043, 0x5043, 0x5023, 0x5023, 0x5064, 0x58C5, 0x5966, 0x61E7, 0x6228, 0x6269, 0x6269, 0x6228, 0x6208,
    0x6187, 0x5926, 0x58C5, 0x58A4, 0x5064, 0x5043, 0x5023, 0x5023, 0x5023, 0x5023, 0x5043, 0x5023, 0x5043, 0x5044, 0x5044, 0x5044,
    0x5064, 0x5064, 0x5064, 0x5064, 0x5064, 0x5064, 0x5064, 0x5064, 0x5064, 0x5064, 0x5064, 0x5064, 0x5044, 0x5044, 0x5044, 0x5043,
    0x5023, 0x5043, 0x5023, 0x5023, 0x5023, 0x5023, 0x5043, 0x5044, 0x5084, 0x58C5, 0x5925, 0x5966, 0x61E7, 0x6228, 0x6269, 0x6A89,
    0x6248, 0x61E8, 0x5966, 0x58E5, 0x5084, 0x5043, 0x5023, 0x5023, 0x5043, 0x5064, 0x5064, 0x5064, 0x5064, 0x5063, 0x5063, 0x5063,
    0x5063, 0x5063, 0x4863, 0x4863, 0x4863, 0x4863, 0x4863, 0x4863, 0x4863, 0x4863, 0x4863, 0x4863, 0x4843, 0x4843, 0x4843, 0x4843,
    0x4843, 0x4843, 0x4843, 0x4843, 0x4843, 0x4843, 0x4043, 0x4043, 0x4043, 0x4043, 0x4043, 0x4043, 0x4043, 0x4043, 0x4043, 0x4043,
    0x4043, 0x4043, 0x4043, 0x4043, 0x4043, 0x4043, 0x4043, 0x4043, 0x4043, 0x4043, 0x4043, 0x4043, 0x4043, 0x4043, 0x4043, 0x4043,
    0x4043, 0x4043, 0x4043, 0x4043, 0x4043, 0x4043, 0x4043, 0x4043, 0x4043, 0x4043, 0x4043, 0x4043, 0x4043, 0x4043, 0x4043, 0x4043,
    0x4043, 0x4043, 0x4043, 0x4043, 0x4843, 0x4843, 0x4843, 0x4843, 0x4843, 0x4843, 0x4843, 0x4843, 0x4843, 0x4863, 0x4863, 0x4863,
    0x4863, 0x4863, 0x4863, 0x4863, 0x4863, 0x4863, 0x4863, 0x4863, 0x5063, 0x5063, 0x5063, 0x5063, 0x5063, 0x5063, 0x5063, 0x5063,
    0x5064, 0x5064, 0x5064, 0x5064, 0x5043, 0x5023, 0x5023, 0x5023, 0x5064, 0x50A4, 0x5905, 0x5986, 0x61E7, 0x6228, 0x6248, 0x6269,
    0x6269, 0x6228, 0x6228, 0x61C7, 0x61A7, 0x5986, 0x5905, 0x5926, 0x58E5, 0x5884, 0x58A4, 0x58A4, 0x5084, 0x5043, 0x5043, 0x5043,
    0x5043, 0x5043, 0x5043, 0x5043, 0x5043, 0x5043, 0x5043, 0x5064, 0x58A4, 0x58A4, 0x5084, 0x58C5, 0x5926, 0x5905, 0x5966, 0x61A7,
    0x61A7, 0x6208, 0x6228, 0x6269, 0x6269, 0x6269, 0x6228, 0x61E7, 0x59A7, 0x5926, 0x58C5, 0x5064, 0x5043, 0x5023, 0x5023, 0x5043,
    0x5063, 0x5064, 0x5064, 0x5064, 0x5063, 0x5063, 0x5063, 0x5063, 0x5063, 0x5063, 0x5063, 0x5063, 0x4863, 0x4863, 0x4863, 0x4863,
    0x4863, 0x4863, 0x4863, 0x4863, 0x4863, 0x4863, 0x4863, 0x4843, 0x4843, 0x4843, 0x4843, 0x4843, 0x4843, 0x4843, 0x4843, 0x4843,
    0x4043, 0x4043, 0x4043, 0x4043, 0x4043, 0x4043, 0x4043, 0x4043, 0x4043, 0x4043, 0x4043, 0x4043, 0x4043, 0x4043, 0x4043, 0x4043,
    0x4043, 0x4043, 0x4043, 0x4043, 0x4043, 0x4043, 0x4043, 0x4043, 0x4043, 0x4043, 0x4043, 0x4043, 0x4043, 0x4043, 0x4043, 0x4043,
    0x4043, 0x4043, 0x4043, 0x4043, 0x4043, 0x4043, 0x4043, 0x4043, 0x4043, 0x4043, 0x4043, 0x4043, 0x4043, 0x4043, 0x4043, 0x4043,
    0x4043, 0x4043, 0x4043, 0x4843, 0x4843, 0x4843, 0x4843, 0x4843, 0x4843, 0x4843, 0x4843, 0x4843, 0x4843, 0x4863, 0x4863, 0x4863,
    0x4863, 0x4863, 0x4863, 0x4863, 0x4863, 0x4863, 0x4863, 0x4863, 0x5063, 0x5063, 0x5063, 0x5063, 0x5063, 0x5063, 0x5063, 0x5063,
    0x5064, 0x5064, 0x5064, 0x5064, 0x5063, 0x5043, 0x5043, 0x5023, 0x5023, 0x5023, 0x5043, 0x5064, 0x50A4, 0x5905, 0x5946, 0x5987,
    0x61C7, 0x61E7, 0x6248, 0x6228, 0x6248, 0x6A69, 0x6269, 0x6269, 0x6269, 0x6248, 0x6248, 0x6248, 0x6248, 0x6248, 0x6248, 0x6248,
    0x6248, 0x6248, 0x6248, 0x6269, 0x6269, 0x6269, 0x6269, 0x6269, 0x6228, 0x6248, 0x6208, 0x61C7, 0x61A7, 0x5946, 0x5925, 0x58C4,
    0x5084, 0x5063, 0x5023, 0x5023, 0x5023, 0x5023, 0x5043, 0x5063, 0x5064, 0x5064, 0x5064, 0x5064, 0x5064, 0x5063, 0x5063, 0x5063,
    0x5063, 0x5063, 0x5063, 0x5063, 0x4863, 0x4863, 0x4863, 0x4863, 0x4863, 0x4863, 0x4863, 0x4863, 0x4863, 0x4863, 0x4863, 0x4843,
    0x4843, 0x4843, 0x4843, 0x4843, 0x4843, 0x4843, 0x4843, 0x4843, 0x4843, 0x4843, 0x4043, 0x4043, 0x4043, 0x4043, 0x4043, 0x4043,
    0x4043, 0x4043, 0x4043, 0x4043, 0x4043, 0x4043, 0x4043, 0x4043, 0x4043, 0x4043, 0x4043, 0x4043, 0x4043, 0x4043, 0x4043, 0x4043,
    0x4043, 0x4043, 0x4043, 0x4043, 0x4043, 0x4043, 0x4043, 0x4043, 0x4043, 0x4043, 0x4043, 0x4043, 0x4043, 0x4043, 0x4043, 0x4043,
    0x4043, 0x4043, 0x4043, 0x4043, 0x4043, 0x4043, 0x4043, 0x4043, 0x4043, 0x4043, 0x4043, 0x4043, 0x4043, 0x4043, 0x4043, 0x4043,
    0x4043, 0x4043, 0x4843, 0x4843, 0x4843, 0x4843, 0x4843, 0x4843, 0x4843, 0x4843, 0x4843, 0x4863, 0x4863, 0x4863, 0x4863, 0x4863,
    0x4863, 0x4863, 0x4863, 0x4863, 0x4863, 0x4863, 0x4863, 0x4863, 0x5063, 0x4863, 0x5063, 0x5063, 0x5063, 0x5063, 0x5063, 0x5063,
    0x5063, 0x5063, 0x5064, 0x5064, 0x5064, 0x5064, 0x5064, 0x5064, 0x5043, 0x5043, 0x5023, 0x5023, 0x5023, 0x5023, 0x5023, 0x5023,
    0x5043, 0x5084, 0x5064, 0x5064, 0x50A4, 0x58E5, 0x58E5, 0x58E5, 0x58E5, 0x58E5, 0x58E5, 0x58E5, 0x58E5, 0x58E5, 0x58E5, 0x50A4,
    0x5064, 0x5064, 0x5084, 0x5063, 0x5023, 0x5023, 0x5023, 0x5023, 0x5023, 0x5023, 0x5023, 0x5043, 0x5043, 0x5064, 0x5064, 0x5064,
    0x5064, 0x5064, 0x5063, 0x5063, 0x5063, 0x5063, 0x5063, 0x5063, 0x5063, 0x5063, 0x4863, 0x5063, 0x5063, 0x4863, 0x4863, 0x4863,
    0x4863, 0x4863, 0x4863, 0x4863, 0x4863, 0x4863, 0x4863, 0x4863, 0x4863, 0x4843, 0x4843, 0x4843, 0x4843, 0x4843, 0x4843, 0x4843,
    0x4843, 0x4843, 0x4043, 0x4043, 0x4043, 0x4043, 0x4043, 0x4043, 0x4043, 0x4043, 0x4043, 0x4043, 0x4043, 0x4043, 0x4043, 0x4043,
    0x4043, 0x4043, 0x4043, 0x4043, 0x4043, 0x4043, 0x4043, 0x4043, 0x4043, 0x4043, 0x4043, 0x4043, 0x4043, 0x4043, 0x4043, 0x4043,
    0x4043, 0x4043, 0x4043, 0x4043, 0x4043, 0x4043, 0x4043, 0x4043, 0x4043, 0x4043, 0x4043, 0x4043, 0x4043, 0x4043, 0x4043, 0x4043,
    0x4043, 0x4043, 0x4043, 0x4043, 0x4043, 0x4043, 0x4043, 0x4043, 0x4043, 0x4043, 0x4043, 0x4043, 0x4043, 0x4043, 0x4043, 0x4043,
    0x4843, 0x4843, 0x4843, 0x4843, 0x4843, 0x4843, 0x4843, 0x4843, 0x4843, 0x4843, 0x4843, 0x4863, 0x4863, 0x4863, 0x4863, 0x4863,
    0x4863, 0x4863, 0x4863, 0x4863, 0x4863, 0x4863, 0x4863, 0x4863, 0x4863, 0x5063, 0x5063, 0x5063, 0x5063, 0x5063, 0x5063, 0x5063,
    0x5063, 0x5063, 0x5063, 0x5063, 0x5064, 0x5064, 0x5064, 0x5064, 0x5064, 0x5064, 0x5064, 0x5064, 0x5064, 0x5063, 0x5063, 0x5063,
    0x5043, 0x5043, 0x5043, 0x5043, 0x5043, 0x5043, 0x5043, 0x5043, 0x5043, 0x5043, 0x5043, 0x5043, 0x5063, 0x5063, 0x5063, 0x5064,
    0x5064, 0x5064, 0x5064, 0x5064, 0x5064, 0x5064, 0x5064, 0x5064, 0x5063, 0x5063, 0x5063, 0x5063, 0x5063, 0x5063, 0x5063, 0x5063,
    0x5063, 0x5063, 0x5063, 0x4863, 0x4863, 0x4863, 0x4863, 0x4863, 0x4863, 0x4863, 0x4863, 0x4863, 0x4863, 0x4863, 0x4863, 0x4863,
    0x4863, 0x4843, 0x4843, 0x4843, 0x4843, 0x4843, 0x4843, 0x4843, 0x4843, 0x4843, 0x4843, 0x4843, 0x4843, 0x4043, 0x4043, 0x4043,
    0x4043, 0x4043, 0x4043, 0x4043, 0x4043, 0x4043, 0x4043, 0x4043, 0x4043, 0x4043, 0x4043, 0x4043, 0x4043, 0x4043, 0x4043, 0x4043,
    0x4043, 0x4043, 0x4043, 0x4043, 0x4043, 0x4043, 0x4043, 0x4043, 0x4043, 0x4043, 0x4043, 0x4043, 0x4043, 0x4043, 0x4043, 0x4043,
    0x4043, 0x4043, 0x4043, 0x4043, 0x4043, 0x4043, 0x4043, 0x4043, 0x4043, 0x4043, 0x4043, 0x4043, 0x4043, 0x4043, 0x4043, 0x4043,
    0x4043, 0x4043, 0x4043, 0x4043, 0x4043, 0x4043, 0x4043, 0x4043, 0x4043, 0x4043, 0x4043, 0x4043, 0x4043, 0x4043, 0x4043, 0x4843,
    0x4843, 0x4843, 0x4843, 0x4843, 0x4843, 0x4843, 0x4843, 0x4843, 0x4843, 0x4843, 0x4843, 0x4863, 0x4863, 0x4863, 0x4863, 0x4863,
    0x4863, 0x4863, 0x4863, 0x4863, 0x4863, 0x4863, 0x4863, 0x4863, 0x4863, 0x4863, 0x4863, 0x4863, 0x4863, 0x5063, 0x5063, 0x5063,
    0x5063, 0x5063, 0x5063, 0x5063, 0x5063, 0x5063, 0x5063, 0x5063, 0x5063, 0x5063, 0x5063, 0x5063, 0x5063, 0x5063, 0x5063, 0x5064,
    0x5064, 0x5064, 0x5064, 0x5064, 0x5064, 0x5063, 0x5064, 0x5063, 0x5063, 0x5063, 0x5063, 0x5063, 0x5063, 0x5063, 0x5063, 0x5063,
    0x5063, 0x5063, 0x5063, 0x5063, 0x5063, 0x5063, 0x5063, 0x5063, 0x4863, 0x4863, 0x4863, 0x4863, 0x4863, 0x4863, 0x4863, 0x4863,
    0x4863, 0x4863, 0x4863, 0x4863, 0x4863, 0x4863, 0x4863, 0x4863, 0x4863, 0x4843, 0x4843, 0x4843, 0x4843, 0x4843, 0x4843, 0x4843,
    0x4843, 0x4843, 0x4843, 0x4843, 0x4843, 0x4043, 0x4043, 0x4043, 0x4043, 0x4043, 0x4043, 0x4043, 0x4043, 0x4043, 0x4043, 0x4043,
    0x4043, 0x4043, 0x4043, 0x4043, 0x4043, 0x4043, 0x4043, 0x4043, 0x4043, 0x4043, 0x4043, 0x4043, 0x4043, 0x4043, 0x4043, 0x4043,
    0x4043, 0x4043, 0x4043, 0x4043, 0x4043, 0x4043, 0x4043, 0x4043, 0x4043, 0x4043, 0x4043, 0x4043, 0x4043, 0x4043, 0x4043, 0x4043,
    0x4043, 0x4043, 0x4043, 0x4043, 0x4043, 0x4043, 0x4043, 0x4043, 0x4043, 0x4043, 0x4043, 0x4043, 0x4043, 0x4043, 0x4043, 0x4043,
    0x4043, 0x4043, 0x4043, 0x4043, 0x4043, 0x4043, 0x4043, 0x4043, 0x4043, 0x4043, 0x4043, 0x4043, 0x4043, 0x4843, 0x4843, 0x4843,
    0x4843, 0x4843, 0x4843, 0x4843, 0x4843, 0x4843, 0x4843, 0x4843, 0x4843, 0x4843, 0x4863, 0x4863, 0x4863, 0x4863, 0x4863, 0x4863,
    0x4863, 0x4863, 0x4863, 0x4863, 0x4863, 0x4863, 0x4863, 0x4863, 0x4863, 0x4863, 0x4863, 0x4863, 0x4863, 0x5063, 0x5063, 0x5063,
    0x5063, 0x5063, 0x5063, 0x5063, 0x5063, 0x5063, 0x5063, 0x5063, 0x5063, 0x5063, 0x5063, 0x5063, 0x5063, 0x5063, 0x5063, 0x5063,
    0x5063, 0x5063, 0x5063, 0x5063, 0x5063, 0x5063, 0x5063, 0x5063, 0x5063, 0x5063, 0x5063, 0x5063, 0x5063, 0x5063, 0x5063, 0x4863,
    0x4863, 0x4863, 0x4863, 0x4863, 0x4863, 0x4863, 0x4863, 0x4863, 0x4863, 0x4863, 0x4863, 0x4863, 0x4863, 0x4863, 0x4863, 0x4863,
    0x4863, 0x4863, 0x4843, 0x4843, 0x4843, 0x4843, 0x4843, 0x4843, 0x4843, 0x4843, 0x4843, 0x4843, 0x4843, 0x4843, 0x4843, 0x4043,
    0x4043, 0x4043, 0x4043, 0x4043, 0x4043, 0x4043, 0x4043, 0x4043, 0x4043, 0x4043, 0x4043, 0x4043, 0x4043, 0x4043, 0x4043, 0x4043,
    0x4043, 0x4043, 0x4043, 0x4043, 0x4043, 0x4043, 0x4043, 0x4043, 0x4043, 0x4043, 0x4043, 0x4043, 0x4043, 0x4043, 0x4043, 0x4043,
    0x4043, 0x4043, 0x4043, 0x4043, 0x4043, 0x4043, 0x4043, 0x4043, 0x4043, 0x4043, 0x4043, 0x4043, 0x4043, 0x4043, 0x4043, 0x4043,
    0x4043, 0x4043, 0x4043, 0x4043, 0x4043, 0x4043, 0x4043, 0x4043, 0x4043, 0x4043, 0x4043, 0x4043, 0x4043, 0x4043, 0x4043, 0x4043,
    0x4043, 0x4043, 0x4043, 0x4043, 0x4043, 0x4043, 0x4043, 0x4043, 0x4043, 0x4043, 0x4043, 0x4043, 0x4843, 0x4843, 0x4843, 0x4843,
    0x4843, 0x4843, 0x4843, 0x4843, 0x4843, 0x4843, 0x4843, 0x4843, 0x4843, 0x4843, 0x4843, 0x4843, 0x4863, 0x4863, 0x4863, 0x4863,
    0x4863, 0x4863, 0x4863, 0x4863, 0x4863, 0x4863, 0x4863, 0x4863, 0x4863, 0x4863, 0x4863, 0x4863, 0x4863, 0x4863, 0x4863, 0x4863,
    0x4863, 0x4863, 0x4863, 0x4863, 0x4863, 0x4863, 0x4863, 0x4863, 0x4863, 0x4863, 0x4863, 0x4863, 0x4863, 0x4863, 0x4863, 0x4863,
    0x4863, 0x4863, 0x4863, 0x4863, 0x4863, 0x4863, 0x4863, 0x4863, 0x4863, 0x4863, 0x4863, 0x4863, 0x4863, 0x4863, 0x4863, 0x4863,
    0x4863, 0x4863, 0x4863, 0x4863, 0x4863, 0x4863, 0x4863, 0x4863, 0x4863, 0x4843, 0x4843, 0x4843, 0x4843, 0x4843, 0x4843, 0x4843,
    0x4843, 0x4843, 0x4843, 0x4843, 0x4843, 0x4843, 0x4843, 0x4843, 0x4043, 0x4043, 0x4043, 0x4043, 0x4043, 0x4043, 0x4043, 0x4043,
    0x4043, 0x4043, 0x4043, 0x4043, 0x4043, 0x4043, 0x4043, 0x4043, 0x4043, 0x4043, 0x4043, 0x4043, 0x4043, 0x4043, 0x4043, 0x4043,
    0x4043, 0x4043, 0x4043, 0x4043, 0x4043, 0x4043, 0x4043, 0x4043, 0x4043, 0x4043, 0x4043, 0x4043, 0x4043, 0x4043, 0x4043, 0x4043,
    0x4043, 0x4043, 0x4043, 0x4043, 0x4043, 0x4043, 0x4043, 0x4043, 0x4043, 0x4043, 0x4043, 0x4043, 0x4043, 0x4043, 0x4043, 0x4043,
    0x4043, 0x4043, 0x4043, 0x4043, 0x4043, 0x4043, 0x4043, 0x4043, 0x4043, 0x4043, 0x4043, 0x4043, 0x4043, 0x4043, 0x4043, 0x4043,
    0x4043, 0x4043, 0x4043, 0x4043, 0x4043, 0x4043, 0x4043, 0x4043, 0x4043, 0x4043, 0x4043, 0x4843, 0x4043, 0x4843, 0x4843, 0x4843,
    0x4843, 0x4843, 0x4843, 0x4843, 0x4843, 0x4843, 0x4843, 0x4843, 0x4843, 0x4843, 0x4843, 0x4863, 0x4863, 0x4863, 0x4863, 0x4863,
    0x4863, 0x4863, 0x4863, 0x4863, 0x4863, 0x4863, 0x4863, 0x4863, 0x4863, 0x4863, 0x4863, 0x4863, 0x4863, 0x4863, 0x4863, 0x4863,
    0x4863, 0x4863, 0x4863, 0x4863, 0x4863, 0x4863, 0x4863, 0x4863, 0x4863, 0x4863, 0x4863, 0x4863, 0x4863, 0x4863, 0x4863, 0x4863,
    0x4863, 0x4863, 0x4863, 0x4863, 0x4863, 0x4863, 0x4863, 0x4863, 0x4863, 0x4863, 0x4863, 0x4863, 0x4863, 0x4863, 0x4863, 0x4863,
    0x4863, 0x4843, 0x4843, 0x4843, 0x4843, 0x4843, 0x4843, 0x4843, 0x4843, 0x4843, 0x4843, 0x4843, 0x4843, 0x4843, 0x4843, 0x4043,
    0x4843, 0x4043, 0x4043, 0x4043, 0x4043, 0x4043, 0x4043, 0x4043, 0x4043, 0x4043, 0x4043, 0x4043, 0x4043, 0x4043, 0x4043, 0x4043,
    0x4043, 0x4043, 0x4043, 0x4043, 0x4043, 0x4043, 0x4043, 0x4043, 0x4043, 0x4043, 0x4043, 0x4043, 0x4043, 0x4043, 0x4043, 0x4043,
    0x4043, 0x4043, 0x4043, 0x4043, 0x4043, 0x4043, 0x4043, 0x4043, 0x4043, 0x4043, 0x4043, 0x4043, 0x4043, 0x4043, 0x4043, 0x4043,
    0x4043, 0x4043, 0x4043, 0x4043, 0x4043, 0x4043, 0x4043, 0x4043, 0x4043, 0x4043, 0x4043, 0x4043, 0x4043, 0x4043, 0x4043, 0x4043,
    0x4043, 0x4043, 0x4043, 0x4043, 0x4043, 0x4043, 0x4043, 0x4043, 0x4043, 0x4043, 0x4043, 0x4043, 0x4043, 0x4043, 0x4043, 0x4043,
    0x4043, 0x4043, 0x4043, 0x4043, 0x4043, 0x4043, 0x4043, 0x4043, 0x4043, 0x4043, 0x4043, 0x4843, 0x4843, 0x4843, 0x4843, 0x4843,
    0x4843, 0x4843, 0x4843, 0x4843, 0x4843, 0x4843, 0x4843, 0x4843, 0x4843, 0x4843, 0x4843, 0x4843, 0x4843, 0x4843, 0x4843, 0x4863,
    0x4863, 0x4863, 0x4863, 0x4863, 0x4863, 0x4863, 0x4863, 0x4863, 0x4863, 0x4863, 0x4863, 0x4863, 0x4863, 0x4863, 0x4863, 0x4863,
    0x4863, 0x4863, 0x4863, 0x4863, 0x4863, 0x4863, 0x4863, 0x4863, 0x4863, 0x4863, 0x4863, 0x4863, 0x4863, 0x4863, 0x4863, 0x4863,
    0x4863, 0x4863, 0x4863, 0x4863, 0x4863, 0x4843, 0x4843, 0x4843, 0x4843, 0x4843, 0x4843, 0x4843, 0x4843, 0x4843, 0x4843, 0x4843,
    0x4843, 0x4843, 0x4843, 0x4843, 0x4843, 0x4843, 0x4843, 0x4843, 0x4843, 0x4043, 0x4043, 0x4043, 0x4043, 0x4043, 0x4043, 0x4043,
    0x4043, 0x4043, 0x4043, 0x4043, 0x4043, 0x4043, 0x4043, 0x4043, 0x4043, 0x4043, 0x4043, 0x4043, 0x4043, 0x4043, 0x4043, 0x4043,
    0x4043, 0x4043, 0x4043, 0x4043, 0x4043, 0x4043, 0x4043, 0x4043, 0x4043, 0x4043, 0x4043, 0x4043, 0x4043, 0x4043, 0x4043, 0x4043,
    0x4043, 0x4043, 0x4043, 0x4043, 0x4043, 0x4043, 0x4043, 0x4043, 0x4043, 0x4043, 0x4043, 0x4043, 0x4043, 0x4043, 0x4043, 0x4043,
    0x4043, 0x4043, 0x4043, 0x4043, 0x4043, 0x4043, 0x4043, 0x4043, 0x4043, 0x4043, 0x4043, 0x4043, 0x4043, 0x4043, 0x4043, 0x4043,
    0x4043, 0x4043, 0x4043, 0x4043, 0x4043, 0x4043, 0x4043, 0x4043, 0x4043, 0x4043, 0x4043, 0x4043, 0x4043, 0x4043, 0x4043, 0x4043,
    0x4043, 0x4043, 0x4043, 0x4043, 0x4043, 0x4043, 0x4043, 0x4043, 0x4043, 0x4043, 0x4043, 0x4043, 0x4043, 0x4843, 0x4843, 0x4843,
    0x4843, 0x4843, 0x4843, 0x4843, 0x4843, 0x4843, 0x4843, 0x4843, 0x4843, 0x4843, 0x4843, 0x4843, 0x4843, 0x4843, 0x4843, 0x4843,
    0x4843, 0x4843, 0x4843, 0x4843, 0x4843, 0x4843, 0x4843, 0x4843, 0x4843, 0x4843, 0x4843, 0x4843, 0x4843, 0x4843, 0x4843, 0x4843,
    0x4843, 0x4843, 0x4843, 0x4843, 0x4843, 0x4843, 0x4843, 0x4843, 0x4843, 0x4843, 0x4843, 0x4843, 0x4843, 0x4843, 0x4843, 0x4843,
    0x4843, 0x4843, 0x4843, 0x4843, 0x4843, 0x4843, 0x4843, 0x4843, 0x4843, 0x4843, 0x4843, 0x4843, 0x4843, 0x4843, 0x4843, 0x4043,
    0x4043, 0x4043, 0x4043, 0x4043, 0x4043, 0x4043, 0x4043, 0x4043, 0x4043, 0x4043, 0x4043, 0x4043, 0x4043, 0x4043, 0x4043, 0x4043,
    0x4043, 0x4043, 0x4043, 0x4043, 0x4043, 0x4043, 0x4043, 0x4043, 0x4043, 0x4043, 0x4043, 0x4043, 0x4043, 0x4043, 0x4043, 0x4043,
    0x4043, 0x4043, 0x4043, 0x4043, 0x4043, 0x4043, 0x4043, 0x4043, 0x4043, 0x4043, 0x4043, 0x4043, 0x4043, 0x4043, 0x4043, 0x4043,
    0x4043, 0x4043, 0x4043, 0x4043, 0x4043, 0x4043, 0x4043, 0x4043, 0x4043, 0x4043, 0x4043, 0x4043, 0x4043, 0x4043, 0x4043, 0x4043,
    0x4043, 0x4043, 0x4043, 0x4043, 0x4043, 0x4043, 0x4043, 0x4043, 0x4043, 0x4043, 0x4043, 0x4043, 0x4043, 0x4043, 0x4043, 0x4043,
    0x4043, 0x4043, 0x4043, 0x4043, 0x4043, 0x4043, 0x4043, 0x4043, 0x4043, 0x4043, 0x4043, 0x4043, 0x4043, 0x4043, 0x4043, 0x4043,
    0x4043, 0x4043, 0x4043, 0x4043, 0x4043, 0x4043, 0x4043, 0x4043, 0x4043, 0x4043, 0x4043, 0x4043, 0x4843, 0x4843, 0x4843, 0x4843,
    0x4843, 0x4843, 0x4843, 0x4843, 0x4843, 0x4843, 0x4843, 0x4843, 0x4843, 0x4843, 0x4843, 0x4843, 0x4843, 0x4843, 0x4843, 0x4843,
    0x4843, 0x4843, 0x4843, 0x4843, 0x4843, 0x4843, 0x4843, 0x4843, 0x4843, 0x4843, 0x4843, 0x4843, 0x4843, 0x4843, 0x4843, 0x4843,
    0x4843, 0x4843, 0x4843, 0x4843, 0x4843, 0x4843, 0x4843, 0x4843, 0x4843, 0x4843, 0x4843, 0x4843, 0x4843, 0x4843, 0x4843, 0x4843,
    0x4843, 0x4843, 0x4843, 0x4843, 0x4843, 0x4843, 0x4843, 0x4843, 0x4843, 0x4043, 0x4043, 0x4043, 0x4043, 0x4043, 0x4043, 0x4043,
    0x4043, 0x4043, 0x4043, 0x4043, 0x4043, 0x4043, 0x4043, 0x4043, 0x4043, 0x4043, 0x4043, 0x4043, 0x4043, 0x4043, 0x4043, 0x4043,
    0x4043, 0x4043, 0x4043, 0x4043, 0x4043, 0x4043, 0x4043, 0x4043, 0x4043, 0x4043, 0x4043, 0x4043, 0x4043, 0x4043, 0x4043, 0x4043,
    0x4043, 0x4043, 0x4043, 0x4043, 0x4043, 0x4043, 0x4043, 0x4043, 0x4043, 0x4043, 0x4043, 0x4043, 0x4043, 0x4043, 0x4043, 0x4043,
    0x4043, 0x4043, 0x4043, 0x4043, 0x4043, 0x4043, 0x4043, 0x4043, 0x4043, 0x4043, 0x4043, 0x4043, 0x4043, 0x4043, 0x4043, 0x4043,
    0x4043, 0x4043, 0x4043, 0x4043, 0x4043, 0x4043, 0x4043, 0x4043, 0x4043, 0x4043, 0x4043, 0x4043, 0x4043, 0x4043, 0x4043, 0x4043,
    0x4043, 0x4043, 0x4043, 0x4043, 0x4043, 0x4043, 0x4043, 0x4043, 0x4043, 0x4043, 0x4043, 0x4043, 0x4043, 0x4043, 0x4043, 0x4043,
    0x4043, 0x4043, 0x4043, 0x4043, 0x4043, 0x4043, 0x4043, 0x4043, 0x4043, 0x4043, 0x4043, 0x4043, 0x4043, 0x4043, 0x4043, 0x4043,
    0x4843, 0x4843, 0x4843, 0x4843, 0x4843, 0x4843, 0x4843, 0x4843, 0x4843, 0x4843, 0x4843, 0x4843, 0x4843, 0x4843, 0x4843, 0x4843,
    0x4843, 0x4843, 0x4843, 0x4843, 0x4843, 0x4843, 0x4843, 0x4843, 0x4843, 0x4843, 0x4843, 0x4843, 0x4843, 0x4843, 0x4843, 0x4843,
    0x4843, 0x4843, 0x4843, 0x4843, 0x4843, 0x4843, 0x4843, 0x4843, 0x4843, 0x4843, 0x4843, 0x4843, 0x4843, 0x4043, 0x4043, 0x4043,
    0x4043, 0x4043, 0x4043, 0x4043, 0x4043, 0x4043, 0x4043, 0x4043, 0x4043, 0x4043, 0x4043, 0x4043, 0x4043, 0x4043, 0x4043, 0x4043,
    0x4043, 0x4043, 0x4043, 0x4043, 0x4043, 0x4043, 0x4043, 0x4043, 0x4043, 0x4043, 0x4043, 0x4043, 0x4043, 0x4043, 0x4043, 0x4043,
    0x4043, 0x4043, 0x4043, 0x4043, 0x4043, 0x4043, 0x4043, 0x4043, 0x4043, 0x4043, 0x4043, 0x4043, 0x4043, 0x4043, 0x4043, 0x4043,
    0x4043, 0x4043, 0x4043, 0x4043, 0x4043, 0x4043, 0x4043, 0x4043, 0x4043, 0x4043, 0x4043, 0x4043, 0x4043, 0x4043, 0x4043, 0x4043,
    0x4043, 0x4043, 0x4043, 0x4043, 0x4043, 0x4043, 0x4043, 0x4043, 0x4043, 0x4043, 0x4043, 0x4043, 0x4043, 0x4043, 0x4043, 0x4043,
    0x4043, 0x4043, 0x4043, 0x4043, 0x4043, 0x4043, 0x4043, 0x4043, 0x4043, 0x4043, 0x4043, 0x4043, 0x4043, 0x4043, 0x4043, 0x4043,
    0x4043, 0x4043, 0x4043, 0x4043, 0x4043, 0x4043, 0x4043, 0x4043, 0x4043, 0x4043, 0x4043, 0x4043, 0x4043, 0x4043, 0x4043, 0x4043,
    0x4043, 0x4043, 0x4043, 0x4043, 0x4043, 0x4043, 0x4043, 0x4043, 0x4043, 0x4043, 0x4043, 0x4043, 0x4043, 0x4043, 0x4043, 0x4043,
    0x4843, 0x4843, 0x4843, 0x4843, 0x4043, 0x4043, 0x4043, 0x4843, 0x4843, 0x4843, 0x4843, 0x4843, 0x4843, 0x4843, 0x4843, 0x4843,
    0x4843, 0x4843, 0x4843, 0x4843, 0x4843, 0x4843, 0x4843, 0x4843, 0x4843, 0x4843, 0x4843, 0x4843, 0x4843, 0x4043, 0x4043, 0x4043,
    0x4043, 0x4843, 0x4843, 0x4843, 0x4043, 0x4043, 0x4043, 0x4043, 0x4043, 0x4043, 0x4043, 0x4043, 0x4043, 0x4043, 0x4043, 0x4043,
    0x4043, 0x4043, 0x4043, 0x4043, 0x4043, 0x4043, 0x4043, 0x4043, 0x4043, 0x4043, 0x4043, 0x4043, 0x4043, 0x4043, 0x4043, 0x4043,
    0x4043, 0x4043, 0x4043, 0x4043, 0x4043, 0x4043, 0x4043, 0x4043, 0x4043, 0x4043, 0x4043, 0x4043, 0x4043, 0x4043, 0x4043, 0x4043,
    0x4043, 0x4043, 0x4043, 0x4043, 0x4043, 0x4043, 0x4043, 0x4043, 0x4043, 0x4043, 0x4043, 0x4043, 0x4043, 0x4043, 0x4043, 0x4043,
    0x4043, 0x4043, 0x4043, 0x4043, 0x4043, 0x4043, 0x4043, 0x4043, 0x4043, 0x4043, 0x4043, 0x4043, 0x4043, 0x4043, 0x4043, 0x4043,
    0x4043, 0x4043, 0x4043, 0x4043, 0x4043, 0x4043, 0x4043, 0x4043, 0x4043, 0x4043, 0x4043, 0x4043, 0x4043, 0x4043, 0x4043, 0x4043,
    0x4043, 0x4043, 0x4043, 0x4043, 0x4043, 0x4043, 0x4043, 0x4043, 0x4043, 0x4043, 0x4043, 0x4043, 0x4043, 0x4043, 0x4043, 0x4043,
    0x4043, 0x4043, 0x4043, 0x4043, 0x4043, 0x4043, 0x4043, 0x4043, 0x4043, 0x4043, 0x4043, 0x4043, 0x4043, 0x4043, 0x4043, 0x4043,
    0x4043, 0x4043, 0x4043, 0x4043, 0x4043, 0x4043, 0x4043, 0x4043, 0x4043, 0x4043, 0x4043, 0x4043, 0x4043, 0x4043, 0x4043, 0x4043,
    0x4043, 0x4043, 0x4043, 0x4043, 0x4043, 0x4043, 0x4043, 0x4043, 0x4043, 0x4043, 0x4043, 0x4043, 0x4043, 0x4043, 0x4043, 0x4043,
    0x4043, 0x4043, 0x4043, 0x4043, 0x4043, 0x4043, 0x4043, 0x4043, 0x4043, 0x4043, 0x4043, 0x4043, 0x4043, 0x4043, 0x4043, 0x4043,
    0x4043, 0x4043, 0x4043, 0x4043, 0x4043, 0x4043, 0x4043, 0x4043, 0x4043, 0x4043, 0x4043, 0x4043, 0x4043, 0x4043, 0x4043, 0x4043,
    0x4043, 0x4043, 0x4043, 0x4043, 0x4043, 0x4043, 0x4043, 0x4043, 0x4043, 0x4043, 0x4043, 0x4043, 0x4043, 0x4043, 0x4043, 0x4043,
    0x4043, 0x4043, 0x4043, 0x4043, 0x4043, 0x4043, 0x4043, 0x4043, 0x4043, 0x4043, 0x4043, 0x4043, 0x4043, 0x4043, 0x4043, 0x4043,
    0x4043, 0x4043, 0x4043, 0x4043, 0x4043, 0x4043, 0x4043, 0x4043, 0x4043, 0x4043, 0x4043, 0x4043, 0x4043, 0x4043, 0x4043, 0x4043,
    0x4043, 0x4043, 0x4043, 0x4043, 0x4043, 0x4043, 0x4043, 0x4043, 0x4043, 0x4043, 0x4043, 0x4043, 0x4043, 0x4043, 0x4043, 0x4043,
    0x4043, 0x4043, 0x4043, 0x4043, 0x4043, 0x4043, 0x4043, 0x4043, 0x4043, 0x4043, 0x4043, 0x4043, 0x4043, 0x4043, 0x4043, 0x4043,
    0x4043, 0x4043, 0x4043, 0x4043, 0x4043, 0x4043, 0x4043, 0x4043, 0x4043, 0x4043, 0x4043, 0x4043, 0x4043, 0x4043, 0x4043, 0x4043,
    0x4043, 0x4043, 0x4043, 0x4043, 0x4043, 0x4043, 0x4043, 0x4043, 0x4043, 0x4043, 0x4043, 0x4043, 0x4043, 0x4043, 0x4043, 0x4043,
    0x4043, 0x4043, 0x4043, 0x4043, 0x4043, 0x4043, 0x4043, 0x4043, 0x4043, 0x4043, 0x4043, 0x4043, 0x4043, 0x4043, 0x4043, 0x4043,
    0x4043, 0x4043, 0x4043, 0x4043, 0x4043, 0x4043, 0x4043, 0x4043, 0x4043, 0x4043, 0x4043, 0x4043, 0x4043, 0x4043, 0x4043, 0x4043,
    0x4043, 0x4043, 0x4043, 0x4043, 0x4043, 0x4043, 0x4043, 0x4043, 0x4043, 0x4043, 0x4043, 0x4043, 0x4043, 0x4043, 0x4043, 0x4043,
    0x4043, 0x4043, 0x4043, 0x4043, 0x4043, 0x4043, 0x4043, 0x4043, 0x4043, 0x4043, 0x4043, 0x4043, 0x4043, 0x4043, 0x4043, 0x4043,
    0x4043, 0x4043, 0x4043, 0x4043, 0x4043, 0x4043, 0x4043, 0x4043, 0x4043, 0x4043, 0x4043, 0x4043, 0x4043, 0x4043, 0x4043, 0x4043,
    0x4043, 0x4043, 0x4043, 0x4043, 0x4043, 0x4043, 0x4043, 0x4043, 0x4043, 0x4043, 0x4043, 0x4043, 0x4043, 0x4043, 0x4043, 0x4043,
    0x4043, 0x4043, 0x4043, 0x4043, 0x4043, 0x4043, 0x4043, 0x4043, 0x4043, 0x4043, 0x4043, 0x4043, 0x4043, 0x4043, 0x4043, 0x4043,
};
