// flavor_1 - 172x172 RGB565 bitmap
// Auto-generated from flavor_1.png by tools/png_to_rgb565.py
#pragma once

#include <Arduino.h>

const uint16_t flavor0_172[172 * 172] PROGMEM = {
    0x18C5, 0x18C5, 0x18C5, 0x18C5, 0x18C5, 0x18C5, 0x18C5, 0x18C5, 0x18C5, 0x18C5, 0x18C5, 0x18C5, 0x18C5, 0x18C5, 0x18C5, 0x18C5,
    0x18C5, 0x18C5, 0x18C5, 0x18C5, 0x18C5, 0x18C5, 0x18C5, 0x18C5, 0x18C5, 0x18C5, 0x18C5, 0x18C5, 0x18C5, 0x18C5, 0x18C5, 0x18C5,
    0x18C5, 0x18C5, 0x18C5, 0x18C5, 0x18C5, 0x18C5, 0x18C5, 0x18C5, 0x18C5, 0x18C5, 0x18C5, 0x18C5, 0x18C5, 0x18C5, 0x18C5, 0x18C5,
    0x18C5, 0x18C5, 0x18C5, 0x18C5, 0x18C5, 0x18C5, 0x18C5, 0x18C5, 0x18C5, 0x18C5, 0x18C5, 0x18C5, 0x18C5, 0x18C5, 0x18C5, 0x18C5,
    0x18C5, 0x18C5, 0x18C5, 0x18C5, 0x18C5, 0x18C5, 0x18C5, 0x18C5, 0x18C5, 0x20C5, 0x30C5, 0x38C5, 0x48C5, 0x48C5, 0x58C5, 0x58C5,
    0x58C5, 0x68A4, 0x68A4, 0x68A4, 0x68A4, 0x68A4, 0x68A4, 0x68A4, 0x68A4, 0x68A4, 0x60A4, 0x50A4, 0x50A4, 0x50A4, 0x40A5, 0x40A5,
    0x30A5, 0x28C5, 0x20C5, 0x18C5, 0x18C5, 0x18C5, 0x18C5, 0x18C5, 0x18C5, 0x18C5, 0x18C5, 0x18C5, 0x18C5, 0x18C5, 0x18C5, 0x18C5,
    0x18C5, 0x18C5, 0x18C5, 0x18C5, 0x18C5, 0x18C5, 0x18C5, 0x18C5, 0x18C5, 0x18C5, 0x18C5, 0x18C5, 0x18C5, 0x18C5, 0x18C5, 0x18C5,
    0x18C5, 0x18C5, 0x18C5, 0x18C5, 0x18C5, 0x18C5, 0x18C5, 0x18C5, 0x18C5, 0x18C5, 0x18C5, 0x18C5, 0x18C5, 0x18C5, 0x18C5, 0x18C5,
    0x18C5, 0x18C5, 0x18C5, 0x18C5, 0x18C5, 0x18C5, 0x18C5, 0x18C5, 0x18C5, 0x18C5, 0x18C5, 0x18C5, 0x18C5, 0x18C5, 0x18C5, 0x18C5,
    0x18C5, 0x18C5, 0x18C5, 0x18C5, 0x18C5, 0x18C5, 0x18C5, 0x18C5, 0x18C5, 0x18C5, 0x18C5, 0x18C5, 0x18C5, 0x18C5, 0x18C5, 0x18C5,
    0x18C5, 0x18C5, 0x18C5, 0x18C5, 0x18C5, 0x18C5, 0x18C5, 0x18C5, 0x18C5, 0x18C5, 0x18C5, 0x18C5, 0x18C5, 0x18C5, 0x18C5, 0x18C5,
    0x18C5, 0x18C5, 0x18C5, 0x18C5, 0x18C5, 0x18C5, 0x18C5, 0x18C5, 0x18C5, 0x18C5, 0x18C5, 0x18C5, 0x18C5, 0x18C5, 0x18C5, 0x18C5,
    0x18C5, 0x18C5, 0x18C5, 0x18C5, 0x18C5, 0x18C5, 0x18C5, 0x18C5, 0x18C5, 0x18C5, 0x18C5, 0x18C5, 0x18C5, 0x18C5, 0x18C5, 0x18C5,
    0x18C5, 0x18C5, 0x18C5, 0x18C5, 0x18C5, 0x18C5, 0x18C5, 0x18C5, 0x18C5, 0x18C5, 0x18C5, 0x18C5, 0x18C5, 0x18C5, 0x18C5, 0x20C5,
    0x28C5, 0x40C5, 0x48C5, 0x58C5, 0x68C5, 0x70C5, 0x70C5, 0x70C5, 0x70C5, 0x70C5, 0x70C5, 0x70C5, 0x70C5, 0x70C5, 0x70C5, 0x70A5,
    0x70A5, 0x70A5, 0x68A5, 0x68A4, 0x68A4, 0x68A4, 0x68A4, 0x68A4, 0x68A4, 0x60A4, 0x60A4, 0x6084, 0x6084, 0x6084, 0x5884, 0x5084,
    0x48A4, 0x38A4, 0x30A5, 0x20C5, 0x18C5, 0x18C5, 0x18C5, 0x18C5, 0x18C5, 0x18C5, 0x18C5, 0x18C5, 0x18C5, 0x18C5, 0x18C5, 0x18C5,
    0x18C5, 0x18C5, 0x18C5, 0x18C5, 0x18C5, 0x18C5, 0x18C5, 0x18C5, 0x18C5, 0x18C5, 0x18C5, 0x18C5, 0x18C5, 0x18C5, 0x18C5, 0x18C5,
    0x18C5, 0x18C5, 0x18C5, 0x18C5, 0x18C5, 0x18C5, 0x18C5, 0x18C5, 0x18C5, 0x18C5, 0x18C5, 0x18C5, 0x18C5, 0x18C5, 0x18C5, 0x18C5,
    0x18C5, 0x18C5, 0x18C5, 0x18C5, 0x18C5, 0x18C5, 0x18C5, 0x18C5, 0x18C5, 0x18C5, 0x18C5, 0x18C5, 0x18C5, 0x18C5, 0x18C5, 0x18C5,
    0x18C5, 0x18C5, 0x18C5, 0x18C5, 0x18C5, 0x18C5, 0x18C5, 0x18C5, 0x18C5, 0x18C5, 0x18C5, 0x18C5, 0x18C5, 0x18C5, 0x18C5, 0x18C5,
    0x18C5, 0x18C5, 0x18C5, 0x18C5, 0x18C5, 0x18C5, 0x18C5, 0x18C5, 0x18C5, 0x18C5, 0x18C5, 0x18C5, 0x18C5, 0x18C5, 0x18C5, 0x18C5,
    0x18C5, 0x18C5, 0x18C5, 0x18C5, 0x18C5, 0x18C5, 0x18C5, 0x18C5, 0x18C5, 0x18C5, 0x18C5, 0x18C5, 0x18C5, 0x18C5, 0x18C5, 0x18C5,
    0x18C5, 0x18C5, 0x18C5, 0x18C5, 0x18C5, 0x18C5, 0x18C5, 0x18C5, 0x18C5, 0x18C5, 0x18C5, 0x18C5, 0x18C5, 0x18C5, 0x18C5, 0x18C5,
    0x18C5, 0x18C5, 0x18C5, 0x18C5, 0x18C5, 0x18C5, 0x18C5, 0x20C5, 0x30C5, 0x48C5, 0x60C5, 0x70C5, 0x78C5, 0x78C5, 0x78C5, 0x78C5,
    0x78C5, 0x78C5, 0x78C5, 0x78C5, 0x78C5, 0x78C5, 0x78C5, 0x78C5, 0x70C5, 0x78C5, 0x70C5, 0x70C5, 0x70C5, 0x70C5, 0x70A5, 0x70A5,
    0x70A5, 0x70A5, 0x68A5, 0x68A4, 0x68A4, 0x68A4, 0x68A4, 0x68A4, 0x60A4, 0x60A4, 0x6084, 0x6084, 0x6084, 0x6084, 0x5884, 0x5884,
    0x5084, 0x4884, 0x38A4, 0x28A5, 0x18C5, 0x18C5, 0x18C5, 0x18C5, 0x18C5, 0x18C5, 0x18C5, 0x18C5, 0x18C5, 0x18C5, 0x18C5, 0x18C5,
    0x18C5, 0x18C5, 0x18C5, 0x18C5, 0x18C5, 0x18C5, 0x18C5, 0x18C5, 0x18C5, 0x18C5, 0x18C5, 0x18C5, 0x18C5, 0x18C5, 0x18C5, 0x18C5,
    0x18C5, 0x18C5, 0x18C5, 0x18C5, 0x18C5, 0x18C5, 0x18C5, 0x18C5, 0x18C5, 0x18C5, 0x18C5, 0x18C5, 0x18C5, 0x18C5, 0x18C5, 0x18C5,
    0x18C5, 0x18C5, 0x18C5, 0x18C5, 0x18C5, 0x18C5, 0x18C5, 0x18C5, 0x18C5, 0x18C5, 0x18C5, 0x18C5, 0x18C5, 0x18C5, 0x18C5, 0x18C5,
    0x18C5, 0x18C5, 0x18C5, 0x18C5, 0x18C5, 0x18C5, 0x18C5, 0x18C5, 0x18C5, 0x18C5, 0x18C5, 0x18C5, 0x18C5, 0x18C5, 0x18C5, 0x18C5,
    0x18C5, 0x18C5, 0x18C5, 0x18C5, 0x18C5, 0x18C5, 0x18C5, 0x18C5, 0x18C5, 0x18C5, 0x18C5, 0x18C5, 0x18C5, 0x18C5, 0x18C5, 0x18C5,
    0x18C5, 0x18C5, 0x18C5, 0x18C5, 0x18C5, 0x18C5, 0x18C5, 0x18C5, 0x18C5, 0x18C5, 0x18C5, 0x18C5, 0x18C5, 0x18C5, 0x18C5, 0x18C5,
    0x18C5, 0x18C5, 0x18C5, 0x18C5, 0x18C5, 0x18C5, 0x18C5, 0x18C5, 0x18C5, 0x18C5, 0x18C5, 0x18C5, 0x18C5, 0x18C5, 0x18C5, 0x18C5,
    0x28C5, 0x40C5, 0x58C5, 0x70C5, 0x78E5, 0x78C5, 0x78C5, 0x80E5, 0x80C5, 0x78C5, 0x78E5, 0x78C5, 0x78C5, 0x80C5, 0x80C5, 0x78C5,
    0x78C5, 0x78C5, 0x78C5, 0x78C5, 0x78C5, 0x78C5, 0x78C5, 0x78C5, 0x78C5, 0x78C5, 0x78C5, 0x70C5, 0x70C5, 0x70A5, 0x70A5, 0x70A5,
    0x70A5, 0x70A5, 0x68A5, 0x68A4, 0x68A4, 0x68A4, 0x68A4, 0x60A4, 0x6084, 0x6084, 0x6084, 0x6084, 0x5884, 0x5884, 0x5884, 0x5884,
    0x5084, 0x4084, 0x30A4, 0x20C5, 0x18C5, 0x18C5, 0x18C5, 0x18C5, 0x18C5, 0x18C5, 0x18C5, 0x18C5, 0x18C5, 0x18C5, 0x18C5, 0x18C5,
    0x18C5, 0x18C5, 0x18C5, 0x18C5, 0x18C5, 0x18C5, 0x18C5, 0x18C5, 0x18C5, 0x18C5, 0x18C5, 0x18C5, 0x18C5, 0x18C5, 0x18C5, 0x18C5,
    0x18C5, 0x18C5, 0x18C5, 0x18C5, 0x18C5, 0x18C5, 0x18C5, 0x18C5, 0x18C5, 0x18C5, 0x18C5, 0x18C5, 0x18C5, 0x18C5, 0x18C5, 0x18C5,
    0x18C5, 0x18C5, 0x18C5, 0x18C5, 0x18C5, 0x18C5, 0x18C5, 0x18C5, 0x18C5, 0x18C5, 0x18C5, 0x18C5, 0x18C5, 0x18C5, 0x18C5, 0x18C5,
    0x18C5, 0x18C5, 0x18C5, 0x18C5, 0x18C5, 0x18C5, 0x18C5, 0x18C5, 0x18C5, 0x18C5, 0x18C5, 0x18C5, 0x18C5, 0x18C5, 0x18C5, 0x18C5,
    0x18C5, 0x18C5, 0x18C5, 0x18C5, 0x18C5, 0x18C5, 0x18C5, 0x18C5, 0x18C5, 0x18C5, 0x18C5, 0x18C5, 0x18C5, 0x18C5, 0x18C5, 0x18C5,
    0x18C5, 0x18C5, 0x18C5, 0x18C5, 0x18C5, 0x18C5, 0x18C5, 0x18C5, 0x18C5, 0x18C5, 0x18C5, 0x18C5, 0x18C5, 0x18C5, 0x18C5, 0x18C5,
    0x18C5, 0x18C5, 0x18C5, 0x18C5, 0x18C5, 0x18C5, 0x18C5, 0x18C5, 0x18C5, 0x28C5, 0x40E5, 0x60E5, 0x78E5, 0x78E5, 0x80E5, 0x80E5,
    0x80E5, 0x80E5, 0x80E5, 0x80E5, 0x80E5, 0x80E5, 0x80E5, 0x80E5, 0x80E5, 0x80E5, 0x80E5, 0x80E5, 0x80E5, 0x80E5, 0x80E5, 0x80C5,
    0x80C5, 0x80C5, 0x80C5, 0x80C5, 0x78C5, 0x78C5, 0x78C5, 0x78C5, 0x78C5, 0x78C5, 0x78C5, 0x70C5, 0x70A5, 0x70A5, 0x70A5, 0x70A5,
    0x70A5, 0x68A5, 0x68A4, 0x68A4, 0x68A4, 0x6084, 0x6084, 0x6084, 0x6084, 0x5884, 0x5884, 0x5884, 0x5884, 0x5884, 0x5064, 0x5064,
    0x4084, 0x30A4, 0x20C5, 0x18C5, 0x18C5, 0x18C5, 0x18C5, 0x18C5, 0x18C5, 0x18C5, 0x18C5, 0x18C5, 0x18C5, 0x18C5, 0x18C5, 0x18C5,
    0x18C5, 0x18C5, 0x18C5, 0x18C5, 0x18C5, 0x18C5, 0x18C5, 0x18C5, 0x18C5, 0x18C5, 0x18C5, 0x18C5, 0x18C5, 0x18C5, 0x18C5, 0x18C5,
    0x18C5, 0x18C5, 0x18C5, 0x18C5, 0x18C5, 0x18C5, 0x18C5, 0x18C5, 0x18C5, 0x18C5, 0x18C5, 0x18C5, 0x18C5, 0x18C5, 0x18C5, 0x18C5,
    0x18C5, 0x18C5, 0x18C5, 0x18C5, 0x18C5, 0x18C5, 0x18C5, 0x18C5, 0x18C5, 0x18C5, 0x18C5, 0x18C5, 0x18C5, 0x18C5, 0x18C5, 0x18C5,
    0x18C5, 0x18C5, 0x18C5, 0x18C5, 0x18C5, 0x18C5, 0x18C5, 0x18C5, 0x18C5, 0x18C5, 0x18C5, 0x18C5, 0x18C5, 0x18C5, 0x18C5, 0x18C5,
    0x18C5, 0x18C5, 0x18C5, 0x18C5, 0x18C5, 0x18C5, 0x18C5, 0x18C5, 0x18C5, 0x18C5, 0x18C5, 0x18C5, 0x18C5, 0x18C5, 0x18C5, 0x18C5,
    0x18C5, 0x18C5, 0x18C5, 0x18C5, 0x18C5, 0x18C5, 0x18C5, 0x18C5, 0x18C5, 0x18C5, 0x18C5, 0x18C5, 0x18C5, 0x18C5, 0x18C5, 0x18C5,
    0x18C5, 0x18C5, 0x20C5, 0x40E5, 0x60E5, 0x7905, 0x80E5, 0x80E5, 0x8105, 0x8105, 0x80E5, 0x8106, 0x80E6, 0x88E6, 0x88E6, 0x88E6,
    0x88E6, 0x88E6, 0x88E6, 0x88E6, 0x88E6, 0x88E6, 0x88E6, 0x88E6, 0x88E6, 0x88E6, 0x88E6, 0x80E6, 0x80E5, 0x80C5, 0x80C5, 0x80C5,
    0x80C5, 0x80C5, 0x80C5, 0x80C5, 0x78C5, 0x78C5, 0x78C5, 0x78C5, 0x78C5, 0x78C5, 0x70C5, 0x70C5, 0x70A5, 0x70A5, 0x68A5, 0x68A5,
    0x68A5, 0x68A4, 0x68A4, 0x6884, 0x6084, 0x6084, 0x6084, 0x6084, 0x5884, 0x5884, 0x5884, 0x5884, 0x5064, 0x5063, 0x5063, 0x4084,
    0x28A4, 0x18C5, 0x18C5, 0x18C5, 0x18C5, 0x18C5, 0x18C5, 0x18C5, 0x18C5, 0x18C5, 0x18C5, 0x18C5, 0x18C5, 0x18C5, 0x18C5, 0x18C5,
    0x18C5, 0x18C5, 0x18C5, 0x18C5, 0x18C5, 0x18C5, 0x18C5, 0x18C5, 0x18C5, 0x18C5, 0x18C5, 0x18C5, 0x18C5, 0x18C5, 0x18C5, 0x18C5,
    0x18C5, 0x18C5, 0x18C5, 0x18C5, 0x18C5, 0x18C5, 0x18C5, 0x18C5, 0x18C5, 0x18C5, 0x18C5, 0x18C5, 0x18C5, 0x18C5, 0x18C5, 0x18C5,
    0x18C5, 0x18C5, 0x18C5, 0x18C5, 0x18C5, 0x18C5, 0x18C5, 0x18C5, 0x18C5, 0x18C5, 0x18C5, 0x18C5, 0x18C5, 0x18C5, 0x18C5, 0x18C5,
    0x18C5, 0x18C5, 0x18C5, 0x18C5, 0x18C5, 0x18C5, 0x18C5, 0x18C5, 0x18C5, 0x18C5, 0x18C5, 0x18C5, 0x18C5, 0x18C5, 0x18C5, 0x18C5,
    0x18C5, 0x18C5, 0x18C5, 0x18C5, 0x18C5, 0x18C5, 0x18C5, 0x18C5, 0x18C5, 0x18C5, 0x18C5, 0x18C5, 0x18C5, 0x18C5, 0x18C5, 0x18C5,
    0x18C5, 0x18C5, 0x18C5, 0x18C5, 0x18C5, 0x18C5, 0x18C5, 0x18C5, 0x18C5, 0x18C5, 0x18C5, 0x18C5, 0x30E5, 0x50E5, 0x7105, 0x8105,
    0x8105, 0x8106, 0x8106, 0x8106, 0x8106, 0x8906, 0x8906, 0x8906, 0x8906, 0x8906, 0x8906, 0x8906, 0x8906, 0x8906, 0x8906, 0x88E6,
    0x88E6, 0x90E6, 0x90E6, 0x90C6, 0x90C6, 0x88C6, 0x88C6, 0x88E6, 0x88E6, 0x8906, 0x8906, 0x8126, 0x8126, 0x8126, 0x8106, 0x8106,
    0x8106, 0x80E6, 0x78E6, 0x78C5, 0x78C5, 0x78A5, 0x78A5, 0x7885, 0x7885, 0x70A5, 0x70A5, 0x70A5, 0x70A5, 0x68A5, 0x68A5, 0x68A4,
    0x68A4, 0x6084, 0x6084, 0x6084, 0x6084, 0x5884, 0x5884, 0x5884, 0x5884, 0x5064, 0x5064, 0x5063, 0x5063, 0x4863, 0x3884, 0x20A5,
    0x18C5, 0x18C5, 0x18C5, 0x18C5, 0x18C5, 0x18C5, 0x18C5, 0x18C5, 0x18C5, 0x18C5, 0x18C5, 0x18C5, 0x18C5, 0x18C5, 0x18C5, 0x18C5,
    0x18C5, 0x18C5, 0x18C5, 0x18C5, 0x18C5, 0x18C5, 0x18C5, 0x18C5, 0x18C5, 0x18C5, 0x18C5, 0x18C5, 0x18C5, 0x18C5, 0x18C5, 0x18C5,
    0x18C5, 0x18C5, 0x18C5, 0x18C5, 0x18C5, 0x18C5, 0x18C5, 0x18C5, 0x18C5, 0x18C5, 0x18C5, 0x18C5, 0x18C5, 0x18C5, 0x18C5, 0x18C5,
    0x18C5, 0x18C5, 0x18C5, 0x18C5, 0x18C5, 0x18C5, 0x18C5, 0x18C5, 0x18C5, 0x18C5, 0x18C5, 0x18C5, 0x18C5, 0x18C5, 0x18C5, 0x18C5,
    0x18C5, 0x18C5, 0x18C5, 0x18C5, 0x18C5, 0x18C5, 0x18C5, 0x18C5, 0x18C5, 0x18C5, 0x18C5, 0x18C5, 0x18C5, 0x18C5, 0x18C5, 0x18C5,
    0x18C5, 0x18C5, 0x18C5, 0x18C5, 0x18C5, 0x18C5, 0x18C5, 0x18C5, 0x18C5, 0x18C5, 0x18C5, 0x18C5, 0x18C5, 0x18C5, 0x18C5, 0x18C5,
    0x18C5, 0x18C5, 0x18C5, 0x18C5, 0x18C5, 0x18C5, 0x38E5, 0x6105, 0x8105, 0x8106, 0x8106, 0x8106, 0x8106, 0x8906, 0x8926, 0x8906,
    0x8906, 0x8926, 0x8906, 0x8906, 0x8906, 0x9106, 0x9106, 0x9106, 0x9106, 0x90E6, 0x90E6, 0x90E6, 0x9106, 0x8927, 0x8967, 0x8987,
    0x81A7, 0x81C8, 0x81E8, 0x81E8, 0x81E8, 0x81E8, 0x81E8, 0x81C8, 0x81C8, 0x81C8, 0x79C8, 0x79C8, 0x79C8, 0x79C8, 0x79C8, 0x79C8,
    0x79C8, 0x79C7, 0x71A7, 0x7187, 0x7167, 0x7126, 0x7106, 0x70C5, 0x70A5, 0x7084, 0x7084, 0x6884, 0x68A4, 0x68A4, 0x68A4, 0x6084,
    0x6084, 0x6084, 0x6084, 0x5884, 0x5884, 0x5884, 0x5884, 0x5064, 0x5063, 0x5063, 0x5063, 0x4863, 0x3884, 0x28A4, 0x18C5, 0x18C5,
    0x18C5, 0x18C5, 0x18C5, 0x18C5, 0x18C5, 0x18C5, 0x18C5, 0x18C5, 0x18C5, 0x18C5, 0x18C5, 0x18C5, 0x18C5, 0x18C5, 0x18C5, 0x18C5,
    0x18C5, 0x18C5, 0x18C5, 0x18C5, 0x18C5, 0x18C5, 0x18C5, 0x18C5, 0x18C5, 0x18C5, 0x18C5, 0x18C5, 0x18C5, 0x18C5, 0x18C5, 0x18C5,
    0x18C5, 0x18C5, 0x18C5, 0x18C5, 0x18C5, 0x18C5, 0x18C5, 0x18C5, 0x18C5, 0x18C5, 0x18C5, 0x18C5, 0x18C5, 0x18C5, 0x18C5, 0x18C5,
    0x18C5, 0x18C5, 0x18C5, 0x18C5, 0x18C5, 0x18C5, 0x18C5, 0x18C5, 0x18C5, 0x18C5, 0x18C5, 0x18C5, 0x18C5, 0x18C5, 0x18C5, 0x18C5,
    0x18C5, 0x18C5, 0x18C5, 0x18C5, 0x18C5, 0x18C5, 0x18C5, 0x18C5, 0x18C5, 0x18C5, 0x18C5, 0x18C5, 0x18C5, 0x18C5, 0x18C5, 0x18C5,
    0x18C5, 0x18C5, 0x18C5, 0x18C5, 0x18C5, 0x18C5, 0x18C5, 0x18C5, 0x18C5, 0x18C5, 0x18C5, 0x18C5, 0x18C5, 0x18C5, 0x18C5, 0x18C5,
    0x40E5, 0x6905, 0x8105, 0x8126, 0x8126, 0x8126, 0x8926, 0x8926, 0x8926, 0x8926, 0x8926, 0x8926, 0x9126, 0x9126, 0x9126, 0x9126,
    0x9106, 0x9106, 0x9106, 0x9126, 0x9147, 0x89A7, 0x81C8, 0x81E8, 0x81E8, 0x81E8, 0x89C8, 0x89A7, 0x9167, 0x9147, 0x9127, 0x9126,
    0x9106, 0x90E6, 0x90E6, 0x90C6, 0x90C6, 0x90C6, 0x88C6, 0x88C5, 0x88C5, 0x88C6, 0x88C6, 0x80E6, 0x80E6, 0x8106, 0x8126, 0x7946,
    0x7967, 0x7987, 0x71A7, 0x71C7, 0x71C7, 0x71A7, 0x7146, 0x7105, 0x70A5, 0x6884, 0x6864, 0x6884, 0x6884, 0x60A4, 0x6084, 0x6084,
    0x6084, 0x5884, 0x5884, 0x5864, 0x5064, 0x5064, 0x5063, 0x5063, 0x4863, 0x4863, 0x4063, 0x28A4, 0x18C5, 0x18C5, 0x18C5, 0x18C5,
    0x18C5, 0x18C5, 0x18C5, 0x18C5, 0x18C5, 0x18C5, 0x18C5, 0x18C5, 0x18C5, 0x18C5, 0x18C5, 0x18C5, 0x18C5, 0x18C5, 0x18C5, 0x18C5,
    0x18C5, 0x18C5, 0x18C5, 0x18C5, 0x18C5, 0x18C5, 0x18C5, 0x18C5, 0x18C5, 0x18C5, 0x18C5, 0x18C5, 0x18C5, 0x18C5, 0x18C5, 0x18C5,
    0x18C5, 0x18C5, 0x18C5, 0x18C5, 0x18C5, 0x18C5, 0x18C5, 0x18C5, 0x18C5, 0x18C5, 0x18C5, 0x18C5, 0x18C5, 0x18C5, 0x18C5, 0x18C5,
    0x18C5, 0x18C5, 0x18C5, 0x18C5, 0x18C5, 0x18C5, 0x18C5, 0x18C5, 0x18C5, 0x18C5, 0x18C5, 0x18C5, 0x18C5, 0x18C5, 0x18C5, 0x18C5,
    0x18C5, 0x18C5, 0x18C5, 0x18C5, 0x18C5, 0x18C5, 0x18C5, 0x18C5, 0x18C5, 0x18C5, 0x18C5, 0x18C5, 0x18C5, 0x18C5, 0x18C5, 0x18C5,
    0x18C5, 0x18C5, 0x18C5, 0x18C5, 0x18C5, 0x18C5, 0x18C5, 0x18C5, 0x18C5, 0x18C5, 0x40E5, 0x6905, 0x8126, 0x8126, 0x8126, 0x8126,
    0x8926, 0x8926, 0x8926, 0x8926, 0x8926, 0x9146, 0x9126, 0x9146, 0x9126, 0x9126, 0x9926, 0x9926, 0x9167, 0x89A7, 0x81E8, 0x8208,
    0x89E8, 0x89C8, 0x9187, 0x9947, 0x9927, 0x98E6, 0x98C6, 0x98C6, 0x98A6, 0x98A5, 0x98A5, 0x98A5, 0x90C6, 0x90C6, 0x90C6, 0x9106,
    0x9106, 0x9106, 0x9106, 0x9106, 0x90E6, 0x88C5, 0x88A5, 0x88A5, 0x8085, 0x8085, 0x8065, 0x8064, 0x8065, 0x8085, 0x80A5, 0x78C5,
    0x78E6, 0x7926, 0x7167, 0x71A7, 0x71C7, 0x71A7, 0x6966, 0x68E5, 0x6884, 0x6864, 0x6084, 0x6084, 0x6084, 0x6084, 0x5884, 0x5884,
    0x5864, 0x5864, 0x5064, 0x5063, 0x5063, 0x4863, 0x4863, 0x4863, 0x4063, 0x28A4, 0x18C5, 0x18C5, 0x18C5, 0x18C5, 0x18C5, 0x18C5,
    0x18C5, 0x18C5, 0x18C5, 0x18C5, 0x18C5, 0x18C5, 0x18C5, 0x18C5, 0x18C5, 0x18C5, 0x18C5, 0x18C5, 0x18C5, 0x18C5, 0x18C5, 0x18C5,
    0x18C5, 0x18C5, 0x18C5, 0x18C5, 0x18C5, 0x18C5, 0x18C5, 0x18C5, 0x18C5, 0x18C5, 0x18C5, 0x18C5, 0x18C5, 0x18C5, 0x18C5, 0x18C5,
    0x18C5, 0x18C5, 0x18C5, 0x18C5, 0x18C5, 0x18C5, 0x18C5, 0x18C5, 0x18C5, 0x18C5, 0x18C5, 0x18C5, 0x18C5, 0x18C5, 0x18C5, 0x18C5,
    0x18C5, 0x18C5, 0x18C5, 0x18C5, 0x18C5, 0x18C5, 0x18C5, 0x18C5, 0x18C5, 0x18C5, 0x18C5, 0x18C5, 0x18C5, 0x18C5, 0x18C5, 0x18C5,
    0x18C5, 0x18C5, 0x18C5, 0x18C5, 0x18C5, 0x18C5, 0x18C5, 0x18C5, 0x18C5, 0x18C5, 0x18C5, 0x18C5, 0x18C5, 0x18C5, 0x18C5, 0x18C5,
    0x18C5, 0x18C5, 0x18C5, 0x18C5, 0x38E5, 0x6906, 0x8126, 0x8126, 0x8126, 0x8126, 0x8946, 0x8946, 0x8946, 0x8946, 0x9146, 0x9146,
    0x9146, 0x9146, 0x9946, 0x9926, 0x9946, 0x9187, 0x89E8, 0x8208, 0x8A08, 0x91C8, 0x9987, 0x9947, 0xA126, 0xA0E6, 0xA0E6, 0x98C6,
    0x98E6, 0xA127, 0xA168, 0xA1E9, 0xAA6A, 0xAAEC, 0xAB8D, 0xB3EE, 0xB44F, 0xB4B0, 0xB4B0, 0xBD11, 0xBD31, 0xBD31, 0xBD31, 0xBD31,
    0xBD11, 0xB4D0, 0xB4B0, 0xB44F, 0xABEE, 0xA36D, 0x9AEB, 0x9A4A, 0x91C8, 0x8947, 0x80C6, 0x7885, 0x7864, 0x7864, 0x7864, 0x7885,
    0x78C5, 0x7106, 0x7146, 0x71A7, 0x69C7, 0x6987, 0x6905, 0x6884, 0x6064, 0x6064, 0x6084, 0x6084, 0x5884, 0x5884, 0x5864, 0x5064,
    0x5064, 0x5063, 0x4863, 0x4863, 0x4863, 0x4843, 0x3863, 0x28A4, 0x18C5, 0x18C5, 0x18C5, 0x18C5, 0x18C5, 0x18C5, 0x18C5, 0x18C5,
    0x18C5, 0x18C5, 0x18C5, 0x18C5, 0x18C5, 0x18C5, 0x18C5, 0x18C5, 0x18C5, 0x18C5, 0x18C5, 0x18C5, 0x18C5, 0x18C5, 0x18C5, 0x18C5,
    0x18C5, 0x18C5, 0x18C5, 0x18C5, 0x18C5, 0x18C5, 0x18C5, 0x18C5, 0x18C5, 0x18C5, 0x18C5, 0x18C5, 0x18C5, 0x18C5, 0x18C5, 0x18C5,
    0x18C5, 0x18C5, 0x18C5, 0x18C5, 0x18C5, 0x18C5, 0x18C5, 0x18C5, 0x18C5, 0x18C5, 0x18C5, 0x18C5, 0x18C5, 0x18C5, 0x18C5, 0x18C5,
    0x18C5, 0x18C5, 0x18C5, 0x18C5, 0x18C5, 0x18C5, 0x18C5, 0x18C5, 0x18C5, 0x18C5, 0x18C5, 0x18C5, 0x18C5, 0x18C5, 0x18C5, 0x18C5,
    0x18C5, 0x18C5, 0x18C5, 0x18C5, 0x18C5, 0x18C5, 0x18C5, 0x18C5, 0x18C5, 0x18C5, 0x18C5, 0x18C5, 0x18C5, 0x18C5, 0x30E5, 0x6105,
    0x8126, 0x8126, 0x8146, 0x8946, 0x8946, 0x8946, 0x8946, 0x9146, 0x9146, 0x9146, 0x9166, 0x9146, 0x9946, 0x9946, 0x9187, 0x89E8,
    0x8208, 0x8A08, 0x91C8, 0x9967, 0xA147, 0xA126, 0xA106, 0xA106, 0xA147, 0xA1C8, 0xAA8A, 0xAB6D, 0xB44F, 0xBD11, 0xBD72, 0xBDB3,
    0xBDB3, 0xBD92, 0xBD32, 0xBCD1, 0xBC90, 0xB40F, 0xB40F, 0xB38D, 0xB36D, 0xAB6D, 0xAB6D, 0xAB6D, 0xAB6D, 0xB3EE, 0xB40E, 0xB470,
    0xB4D1, 0xBD31, 0xBD72, 0xBDB3, 0xBDB3, 0xBD92, 0xB511, 0xAC4F, 0xA34C, 0x924A, 0x8167, 0x78C5, 0x7064, 0x7044, 0x7064, 0x7085,
    0x70C5, 0x7126, 0x6987, 0x69A7, 0x6987, 0x68E5, 0x6084, 0x6064, 0x6084, 0x5884, 0x5864, 0x5864, 0x5064, 0x5064, 0x5063, 0x5063,
    0x4863, 0x4863, 0x4843, 0x4043, 0x3864, 0x20A5, 0x18C5, 0x18C5, 0x18C5, 0x18C5, 0x18C5, 0x18C5, 0x18C5, 0x18C5, 0x18C5, 0x18C5,
    0x18C5, 0x18C5, 0x18C5, 0x18C5, 0x18C5, 0x18C5, 0x18C5, 0x18C5, 0x18C5, 0x18C5, 0x18C5, 0x18C5, 0x18C5, 0x18C5, 0x18C5, 0x18C5,
    0x18C5, 0x18C5, 0x18C5, 0x18C5, 0x18C5, 0x18C5, 0x18C5, 0x18C5, 0x18C5, 0x18C5, 0x18C5, 0x18C5, 0x18C5, 0x18C5, 0x18C5, 0x18C5,
    0x18C5, 0x18C5, 0x18C5, 0x18C5, 0x18C5, 0x18C5, 0x18C5, 0x18C5, 0x18C5, 0x18C5, 0x18C5, 0x18C5, 0x18C5, 0x18C5, 0x18C5, 0x18C5,
    0x18C5, 0x18C5, 0x18C5, 0x18C5, 0x18C5, 0x18C5, 0x18C5, 0x18C5, 0x18C5, 0x18C5, 0x18C5, 0x18C5, 0x18C5, 0x18C5, 0x18C5, 0x18C5,
    0x18C5, 0x18C5, 0x18C5, 0x18C5, 0x18C5, 0x18C5, 0x18C5, 0x18C5, 0x20C5, 0x5105, 0x8126, 0x8126, 0x8146, 0x8946, 0x8946, 0x8946,
    0x8946, 0x9166, 0x9166, 0x9167, 0x9167, 0x9967, 0x9946, 0x9967, 0x89E8, 0x8228, 0x8A28, 0x91C8, 0x9987, 0xA147, 0xA126, 0xA106,
    0xA147, 0xA1C8, 0xAACB, 0xB3EE, 0xBCF1, 0xBD93, 0xBDB3, 0xBD52, 0xBCB0, 0xB3CE, 0xB30C, 0xB24A, 0xA9A8, 0xA947, 0xA907, 0xA0E6,
    0xA0E6, 0xA0E6, 0xA0E6, 0xA106, 0x9906, 0x9906, 0x98E6, 0x98E6, 0x98E6, 0x98C6, 0x90C6, 0x90A6, 0x90A6, 0x90C6, 0x9106, 0x9167,
    0x99E9, 0xA2AB, 0xAB8D, 0xB490, 0xBD52, 0xC5B3, 0xBDB3, 0xB511, 0xA3EE, 0x928A, 0x8147, 0x7085, 0x7044, 0x7044, 0x7084, 0x70A5,
    0x6926, 0x6987, 0x69A7, 0x6146, 0x60A4, 0x6044, 0x5864, 0x5884, 0x5864, 0x5064, 0x5064, 0x5063, 0x5063, 0x4863, 0x4843, 0x4843,
    0x4843, 0x4043, 0x3084, 0x18C5, 0x18C5, 0x18C5, 0x18C5, 0x18C5, 0x18C5, 0x18C5, 0x18C5, 0x18C5, 0x18C5, 0x18C5, 0x18C5, 0x18C5,
    0x18C5, 0x18C5, 0x18C5, 0x18C5, 0x18C5, 0x18C5, 0x18C5, 0x18C5, 0x18C5, 0x18C5, 0x18C5, 0x18C5, 0x18C5, 0x18C5, 0x18C5, 0x18C5,
    0x18C5, 0x18C5, 0x18C5, 0x18C5, 0x18C5, 0x18C5, 0x18C5, 0x18C5, 0x18C5, 0x18C5, 0x18C5, 0x18C5, 0x18C5, 0x18C5, 0x18C5, 0x18C5,
    0x18C5, 0x18C5, 0x18C5, 0x18C5, 0x18C5, 0x18C5, 0x18C5, 0x18C5, 0x18C5, 0x18C5, 0x18C5, 0x18C5, 0x18C5, 0x18C5, 0x18C5, 0x18C5,
    0x18C5, 0x18C5, 0x18C5, 0x18C5, 0x18C5, 0x18C5, 0x18C5, 0x18C5, 0x18C5, 0x18C5, 0x18C5, 0x18C5, 0x18C5, 0x18C5, 0x18C5, 0x18C5,
    0x18C5, 0x18C5, 0x18C5, 0x38E5, 0x7126, 0x8146, 0x8146, 0x8946, 0x8946, 0x8966, 0x8966, 0x9166, 0x9166, 0x9167, 0x9167, 0x9967,
    0x9967, 0x91A7, 0x8A08, 0x8228, 0x9208, 0x99A7, 0xA167, 0xA147, 0xA126, 0xA167, 0xAA29, 0xB36D, 0xB4B0, 0xBD93, 0xBDB3, 0xBD31,
    0xB40F, 0xB2EB, 0xB1E9, 0xA947, 0xA907, 0xA927, 0xA967, 0xA1A8, 0xA209, 0xA24A, 0xA26A, 0xA28B, 0xA2AB, 0xA2AB, 0xA2AB, 0xA28B,
    0xA28A, 0xA28A, 0xA28A, 0xA28A, 0xA28A, 0x9A8A, 0x9A8A, 0x9A8A, 0x9A8A, 0x9A6A, 0x9229, 0x91C8, 0x9167, 0x8906, 0x88A5, 0x8885,
    0x88C6, 0x9167, 0x9A6A, 0xABCE, 0xB4F1, 0xC5B3, 0xBDB3, 0xB4D0, 0x9B4C, 0x81A8, 0x70A5, 0x6844, 0x6844, 0x6884, 0x68C5, 0x6946,
    0x69A7, 0x6187, 0x60C5, 0x5864, 0x5864, 0x5884, 0x5864, 0x5064, 0x5063, 0x5063, 0x4863, 0x4843, 0x4843, 0x4843, 0x4043, 0x4063,
    0x28A4, 0x18C5, 0x18C5, 0x18C5, 0x18C5, 0x18C5, 0x18C5, 0x18C5, 0x18C5, 0x18C5, 0x18C5, 0x18C5, 0x18C5, 0x18C5, 0x18C5, 0x18C5,
    0x18C5, 0x18C5, 0x18C5, 0x18C5, 0x18C5, 0x18C5, 0x18C5, 0x18C5, 0x18C5, 0x18C5, 0x18C5, 0x18C5, 0x18C5, 0x18C5, 0x18C5, 0x18C5,
    0x18C5, 0x18C5, 0x18C5, 0x18C5, 0x18C5, 0x18C5, 0x18C5, 0x18C5, 0x18C5, 0x18C5, 0x18C5, 0x18C5, 0x18C5, 0x18C5, 0x18C5, 0x18C5,
    0x18C5, 0x18C5, 0x18C5, 0x18C5, 0x18C5, 0x18C5, 0x18C5, 0x18C5, 0x18C5, 0x18C5, 0x18C5, 0x18C5, 0x18C5, 0x18C5, 0x18C5, 0x18C5,
    0x18C5, 0x18C5, 0x18C5, 0x18C5, 0x18C5, 0x18C5, 0x18C5, 0x18C5, 0x18C5, 0x18C5, 0x18C5, 0x18C5, 0x18C5, 0x20C5, 0x5905, 0x8146,
    0x8146, 0x8146, 0x8946, 0x8966, 0x8966, 0x9166, 0x9166, 0x9167, 0x9187, 0x9967, 0x9967, 0x91A7, 0x8A28, 0x8A28, 0x91E8, 0xA187,
    0xA167, 0xA146, 0xA167, 0xAA09, 0xB36D, 0xBCF1, 0xBDB3, 0xBD92, 0xBC70, 0xB32C, 0xB1E9, 0xA947, 0xA927, 0xA988, 0xAA09, 0xA26A,
    0xA2CB, 0xAACB, 0xAAAB, 0xAA6A, 0xAA29, 0xA9C9, 0xA988, 0xA968, 0xA947, 0xA927, 0xA927, 0xA907, 0xA907, 0xA8E7, 0xA0E7, 0xA0E7,
    0xA0E7, 0xA107, 0xA107, 0x9907, 0x9927, 0x9967, 0x9988, 0x99C8, 0x9A09, 0x9A6A, 0x928A, 0x926A, 0x9229, 0x89A8, 0x8906, 0x8085,
    0x8085, 0x8927, 0x9A8A, 0xAC2F, 0xBD72, 0xC5D3, 0xB4F1, 0x9B2C, 0x7967, 0x6864, 0x6844, 0x6864, 0x6885, 0x6906, 0x69A7, 0x6187,
    0x60E5, 0x5844, 0x5844, 0x5864, 0x5064, 0x5063, 0x5063, 0x4863, 0x4843, 0x4843, 0x4843, 0x4843, 0x4043, 0x3084, 0x18C5, 0x18C5,
    0x18C5, 0x18C5, 0x18C5, 0x18C5, 0x18C5, 0x18C5, 0x18C5, 0x18C5, 0x18C5, 0x18C5, 0x18C5, 0x18C5, 0x18C5, 0x18C5, 0x18C5, 0x18C5,
    0x18C5, 0x18C5, 0x18C5, 0x18C5, 0x18C5, 0x18C5, 0x18C5, 0x18C5, 0x18C5, 0x18C5, 0x18C5, 0x18C5, 0x18C5, 0x18C5, 0x18C5, 0x18C5,
    0x18C5, 0x18C5, 0x18C5, 0x18C5, 0x18C5, 0x18C5, 0x18C5, 0x18C5, 0x18C5, 0x18C5, 0x18C5, 0x18C5, 0x18C5, 0x18C5, 0x18C5, 0x18C5,
    0x18C5, 0x18C5, 0x18C5, 0x18C5, 0x18C5, 0x18C5, 0x18C5, 0x18C5, 0x18C5, 0x18C5, 0x18C5, 0x18C5, 0x18C5, 0x18C5, 0x18C5, 0x18C5,
    0x18C5, 0x18C5, 0x18C5, 0x18C5, 0x18C5, 0x18C5, 0x18C5, 0x18C5, 0x38E5, 0x7126, 0x8146, 0x8146, 0x8946, 0x8966, 0x8966, 0x9166,
    0x9167, 0x9187, 0x9187, 0x9987, 0x9967, 0x91C7, 0x8A28, 0x8A49, 0x99E8, 0xA187, 0xA167, 0xA167, 0xA1A8, 0xAACB, 0xB490, 0xBD93,
    0xBD93, 0xBC6F, 0xB2EB, 0xB1A8, 0xA947, 0xA988, 0xAA29, 0xAAAB, 0xAAEB, 0xAAAB, 0xAA6A, 0xB1E9, 0xB188, 0xB167, 0xB127, 0xB127,
    0xB127, 0xB127, 0xB127, 0xB127, 0xB127, 0xB127, 0xB127, 0xB127, 0xA927, 0xA927, 0xA927, 0xA927, 0xA927, 0xA127, 0xA107, 0xA107,
    0xA107, 0x98E6, 0x98E6, 0x98C6, 0x98C6, 0x90C6, 0x90C6, 0x9107, 0x9167, 0x91E9, 0x924A, 0x928A, 0x924A, 0x89A8, 0x80E6, 0x7864,
    0x80A5, 0x9209, 0xABEE, 0xBD72, 0xC5D3, 0xAC90, 0x8A6A, 0x70C5, 0x6024, 0x6044, 0x6064, 0x60E5, 0x6187, 0x61A7, 0x58E5, 0x5843,
    0x5064, 0x5064, 0x5063, 0x5063, 0x4863, 0x4863, 0x4843, 0x4843, 0x4843, 0x4043, 0x4063, 0x28A5, 0x18C5, 0x18C5, 0x18C5, 0x18C5,
    0x18C5, 0x18C5, 0x18C5, 0x18C5, 0x18C5, 0x18C5, 0x18C5, 0x18C5, 0x18C5, 0x18C5, 0x18C5, 0x18C5, 0x18C5, 0x18C5, 0x18C5, 0x18C5,
    0x18C5, 0x18C5, 0x18C5, 0x18C5, 0x18C5, 0x18C5, 0x18C5, 0x18C5, 0x18C5, 0x18C5, 0x18C5, 0x18C5, 0x18C5, 0x18C5, 0x18C5, 0x18C5,
    0x18C5, 0x18C5, 0x18C5, 0x18C5, 0x18C5, 0x18C5, 0x18C5, 0x18C5, 0x18C5, 0x18C5, 0x18C5, 0x18C5, 0x18C5, 0x18C5, 0x18C5, 0x18C5,
    0x18C5, 0x18C5, 0x18C5, 0x18C5, 0x18C5, 0x18C5, 0x18C5, 0x18C5, 0x18C5, 0x18C5, 0x18C5, 0x18C5, 0x18C5, 0x18C5, 0x18C5, 0x18C5,
    0x18C5, 0x18C5, 0x18C5, 0x5105, 0x8146, 0x8146, 0x8146, 0x8966, 0x8966, 0x9166, 0x9166, 0x9187, 0x9187, 0x9987, 0x9967, 0x99A7,
    0x8A28, 0x8A49, 0x99E8, 0xA1A7, 0xA187, 0xA167, 0xAA08, 0xB38D, 0xBD31, 0xBDD3, 0xBCF1, 0xB34C, 0xB1C8, 0xB147, 0xA9C8, 0xAA8A,
    0xAAEB, 0xAAEB, 0xAA6A, 0xB1E9, 0xB188, 0xB167, 0xB167, 0xB168, 0xB168, 0xB188, 0xB188, 0xB168, 0xB168, 0xB168, 0xB148, 0xB148,
    0xB148, 0xB128, 0xB128, 0xB127, 0xB127, 0xB127, 0xA927, 0xA927, 0xA8E7, 0xA907, 0xA927, 0xA127, 0xA107, 0xA107, 0xA107, 0x9907,
    0x9907, 0x9907, 0x98E6, 0x90E6, 0x90C6, 0x90A6, 0x88A6, 0x88C6, 0x8927, 0x91C8, 0x926A, 0x926A, 0x8A09, 0x8106, 0x7844, 0x78C5,
    0x926A, 0xB490, 0xC5D3, 0xBD52, 0x9B2C, 0x7126, 0x6044, 0x6044, 0x6064, 0x60C5, 0x6187, 0x6187, 0x58C5, 0x5043, 0x5063, 0x5064,
    0x5063, 0x4863, 0x4863, 0x4863, 0x4843, 0x4843, 0x4843, 0x4043, 0x3084, 0x18C5, 0x18C5, 0x18C5, 0x18C5, 0x18C5, 0x18C5, 0x18C5,
    0x18C5, 0x18C5, 0x18C5, 0x18C5, 0x18C5, 0x18C5, 0x18C5, 0x18C5, 0x18C5, 0x18C5, 0x18C5, 0x18C5, 0x18C5, 0x18C5, 0x18C5, 0x18C5,
    0x18C5, 0x18C5, 0x18C5, 0x18C5, 0x18C5, 0x18C5, 0x18C5, 0x18C5, 0x18C5, 0x18C5, 0x18C5, 0x18C5, 0x18C5, 0x18C5, 0x18C5, 0x18C5,
    0x18C5, 0x18C5, 0x18C5, 0x18C5, 0x18C5, 0x18C5, 0x18C5, 0x18C5, 0x18C5, 0x18C5, 0x18C5, 0x18C5, 0x18C5, 0x18C5, 0x18C5, 0x18C5,
    0x18C5, 0x18C5, 0x18C5, 0x18C5, 0x18C5, 0x18C5, 0x18C5, 0x18C5, 0x18C5, 0x18C5, 0x18C5, 0x18C5, 0x18C5, 0x28E5, 0x6926, 0x8146,
    0x8146, 0x8966, 0x8966, 0x8966, 0x9166, 0x9187, 0x9187, 0x9987, 0x9987, 0x99A7, 0x8A28, 0x8A49, 0x99E8, 0xA9A7, 0xA987, 0xA187,
    0xAA29, 0xB3CE, 0xBD72, 0xBD93, 0xBC2F, 0xB26A, 0xB187, 0xA9A8, 0xAA8A, 0xAB0B, 0xAAEB, 0xB26A, 0xB1C8, 0xB988, 0xB988, 0xB988,
    0xB9A8, 0xB9A8, 0xB9A8, 0xB988, 0xB988, 0xB988, 0xB988, 0xB988, 0xB968, 0xB968, 0xB968, 0xB948, 0xB948, 0xB948, 0xB948, 0xB948,
    0xB128, 0xB128, 0xB127, 0xB148, 0xB1C9, 0xA948, 0xA927, 0xA907, 0xA927, 0xA107, 0xA107, 0xA107, 0xA107, 0x9907, 0x9907, 0x9907,
    0x9907, 0x90E6, 0x90E6, 0x90E6, 0x88C6, 0x88A5, 0x88A5, 0x88E6, 0x8988, 0x8A4A, 0x8A6A, 0x81E8, 0x78C5, 0x7044, 0x8147, 0xA38D,
    0xBD93, 0xC5B3, 0x9BAD, 0x7147, 0x6044, 0x6044, 0x6064, 0x60E5, 0x61A7, 0x6166, 0x5884, 0x5043, 0x5064, 0x5063, 0x4863, 0x4863,
    0x4863, 0x4843, 0x4843, 0x4843, 0x4043, 0x3863, 0x20C5, 0x18C5, 0x18C5, 0x18C5, 0x18C5, 0x18C5, 0x18C5, 0x18C5, 0x18C5, 0x18C5,
    0x18C5, 0x18C5, 0x18C5, 0x18C5, 0x18C5, 0x18C5, 0x18C5, 0x18C5, 0x18C5, 0x18C5, 0x18C5, 0x18C5, 0x18C5, 0x18C5, 0x18C5, 0x18C5,
    0x18C5, 0x18C5, 0x18C5, 0x18C5, 0x18C5, 0x18C5, 0x18C5, 0x18C5, 0x18C5, 0x18C5, 0x18C5, 0x18C5, 0x18C5, 0x18C5, 0x18C5, 0x18C5,
    0x18C5, 0x18C5, 0x18C5, 0x18C5, 0x18C5, 0x18C5, 0x18C5, 0x18C5, 0x18C5, 0x18C5, 0x18C5, 0x18C5, 0x18C5, 0x18C5, 0x18C5, 0x18C5,
    0x18C5, 0x18C5, 0x18C5, 0x18C5, 0x18C5, 0x18C5, 0x18C5, 0x18C5, 0x38E5, 0x7946, 0x8146, 0x8146, 0x8966, 0x8966, 0x9166, 0x9187,
    0x9187, 0x9187, 0x9987, 0x9987, 0x91E8, 0x8269, 0x9208, 0xA1C8, 0xA9A7, 0xA187, 0xAA09, 0xB3EE, 0xBD93, 0xBD72, 0xBBCE, 0xB209,
    0xB187, 0xAA29, 0xAAEB, 0xAB0B, 0xB28A, 0xB1E9, 0xB9A8, 0xB9A8, 0xB9C8, 0xB9C8, 0xB9C8, 0xB9C8, 0xB9A8, 0xB988, 0xB967, 0xB9A8,
    0xB9A8, 0xB988, 0xB988, 0xB988, 0xB988, 0xB988, 0xB948, 0xC20A, 0xD593, 0xD512, 0xB968, 0xB928, 0xB948, 0xB948, 0xB127, 0xB148,
    0xD5D4, 0xC3AE, 0xA865, 0xC3CE, 0xC450, 0xA8C6, 0xA927, 0xA107, 0xA107, 0x98C6, 0x98A6, 0x98A6, 0x9085, 0x98E6, 0x90E6, 0x90E6,
    0x90E6, 0x90E6, 0x88E6, 0x88C6, 0x80A5, 0x8085, 0x80E6, 0x89A8, 0x8A6A, 0x8A6A, 0x7947, 0x7044, 0x70A5, 0x930B, 0xBD52, 0xC5D3,
    0xA3CE, 0x7126, 0x5823, 0x5844, 0x6064, 0x6105, 0x61C7, 0x5905, 0x5043, 0x5043, 0x5064, 0x4863, 0x4863, 0x4863, 0x4843, 0x4843,
    0x4843, 0x4843, 0x4063, 0x28A5, 0x18C5, 0x18C5, 0x18C5, 0x18C5, 0x18C5, 0x18C5, 0x18C5, 0x18C5, 0x18C5, 0x18C5, 0x18C5, 0x18C5,
    0x18C5, 0x18C5, 0x18C5, 0x18C5, 0x18C5, 0x18C5, 0x18C5, 0x18C5, 0x18C5, 0x18C5, 0x18C5, 0x18C5, 0x18C5, 0x18C5, 0x18C5, 0x18C5,
    0x18C5, 0x18C5, 0x18C5, 0x18C5, 0x18C5, 0x18C5, 0x18C5, 0x18C5, 0x18C5, 0x18C5, 0x18C5, 0x18C5, 0x18C5, 0x18C5, 0x18C5, 0x18C5,
    0x18C5, 0x18C5, 0x18C5, 0x18C5, 0x18C5, 0x18C5, 0x18C5, 0x18C5, 0x18C5, 0x18C5, 0x18C5, 0x18C5, 0x18C5, 0x18C5, 0x18C5, 0x18C5,
    0x18C5, 0x18C5, 0x18C5, 0x4905, 0x8146, 0x8146, 0x8966, 0x8966, 0x8966, 0x9186, 0x9187, 0x9187, 0x99A7, 0x9987, 0x99C7, 0x8A49,
    0x8A48, 0xA1C8, 0xA9A7, 0xA187, 0xA9E8, 0xB3AD, 0xBD93, 0xBD72, 0xB3AD, 0xB1E8, 0xB1A7, 0xAA6A, 0xAB2C, 0xAAEB, 0xB249, 0xB9C8,
    0xB9C8, 0xB9C8, 0xB9E9, 0xB9E9, 0xB9E9, 0xB9C9, 0xB9C8, 0xB9C9, 0xB9A8, 0xC26A, 0xCBCE, 0xC1E9, 0xC1A8, 0xC1A8, 0xC1A8, 0xC188,
    0xC188, 0xC188, 0xB907, 0xCB8E, 0xD532, 0xD593, 0xCB4D, 0xB8E7, 0xB968, 0xB948, 0xB948, 0xB0C7, 0xCC50, 0xD593, 0xB168, 0xDE35,
    0xBAAB, 0xA8C6, 0xA927, 0xA927, 0xA0E6, 0xB26B, 0xCD12, 0xCD12, 0xB34D, 0x98E6, 0x98E6, 0x98E6, 0x90E6, 0x90E6, 0x90E6, 0x88E6,
    0x88E6, 0x88E6, 0x80C6, 0x8085, 0x7885, 0x8126, 0x8A09, 0x8A8A, 0x79A8, 0x6864, 0x7064, 0x92AA, 0xBD52, 0xC5D3, 0x9B6D, 0x68E5,
    0x5823, 0x5844, 0x5884, 0x6146, 0x61A7, 0x50A4, 0x5023, 0x5063, 0x5063, 0x4863, 0x4863, 0x4863, 0x4843, 0x4843, 0x4843, 0x4043,
    0x2884, 0x18C5, 0x18C5, 0x18C5, 0x18C5, 0x18C5, 0x18C5, 0x18C5, 0x18C5, 0x18C5, 0x18C5, 0x18C5, 0x18C5, 0x18C5, 0x18C5, 0x18C5,
    0x18C5, 0x18C5, 0x18C5, 0x18C5, 0x18C5, 0x18C5, 0x18C5, 0x18C5, 0x18C5, 0x18C5, 0x18C5, 0x18C5, 0x18C5, 0x18C5, 0x18C5, 0x18C5,
    0x18C5, 0x18C5, 0x18C5, 0x18C5, 0x18C5, 0x18C5, 0x18C5, 0x18C5, 0x18C5, 0x18C5, 0x18C5, 0x18C5, 0x18C5, 0x18C5, 0x18C5, 0x18C5,
    0x18C5, 0x18C5, 0x18C5, 0x18C5, 0x18C5, 0x18C5, 0x18C5, 0x18C5, 0x18C5, 0x18C5, 0x18C5, 0x18C5, 0x18C5, 0x18C5, 0x5906, 0x8146,
    0x8146, 0x8966, 0x8966, 0x9166, 0x9187, 0x9187, 0x91A7, 0x99A7, 0xA187, 0x9208, 0x8A69, 0x9A08, 0xA9C8, 0xA9A7, 0xA9C7, 0xB32C,
    0xBD52, 0xBDB3, 0xBBEE, 0xB209, 0xB1A7, 0xAA8A, 0xAB4C, 0xB2CB, 0xBA29, 0xB9C8, 0xB9E8, 0xBA09, 0xBA09, 0xBA09, 0xC1E9, 0xC1C8,
    0xC188, 0xC1C8, 0xC1E9, 0xC1E9, 0xC1A8, 0xCACC, 0xDE76, 0xC26A, 0xC1A8, 0xC1C9, 0xC1A8, 0xC1A8, 0xC188, 0xC1A9, 0xC127, 0xD512,
    0xCBCE, 0xD42F, 0xDDF4, 0xC128, 0xC148, 0xC148, 0xB948, 0xB907, 0xC26B, 0xDE35, 0xD553, 0xD4F2, 0xB0C7, 0xB128, 0xA927, 0xA8E7,
    0xB1C9, 0xDE55, 0xC40F, 0xB2CC, 0xD5F4, 0xBBEF, 0x98A6, 0x9907, 0x98E6, 0x90E6, 0x90E6, 0x8885, 0x8885, 0x88C6, 0x88E6, 0x80C6,
    0x80C6, 0x80A5, 0x7865, 0x78C6, 0x81C8, 0x8A8A, 0x79C8, 0x6844, 0x6884, 0x92EB, 0xBD93, 0xBD72, 0x8AAA, 0x6064, 0x5823, 0x5844,
    0x58C5, 0x61A7, 0x5926, 0x5043, 0x5043, 0x5063, 0x4863, 0x4863, 0x4863, 0x4843, 0x4843, 0x4043, 0x4043, 0x3084, 0x18C5, 0x18C5,
    0x18C5, 0x18C5, 0x18C5, 0x18C5, 0x18C5, 0x18C5, 0x18C5, 0x18C5, 0x18C5, 0x18C5, 0x18C5, 0x18C5, 0x18C5, 0x18C5, 0x18C5, 0x18C5,
    0x18C5, 0x18C5, 0x18C5, 0x18C5, 0x18C5, 0x18C5, 0x18C5, 0x18C5, 0x18C5, 0x18C5, 0x18C5, 0x18C5, 0x18C5, 0x18C5, 0x18C5, 0x18C5,
    0x18C5, 0x18C5, 0x18C5, 0x18C5, 0x18C5, 0x18C5, 0x18C5, 0x18C5, 0x18C5, 0x18C5, 0x18C5, 0x18C5, 0x18C5, 0x18C5, 0x18C5, 0x18C5,
    0x18C5, 0x18C5, 0x18C5, 0x18C5, 0x18C5, 0x18C5, 0x18C5, 0x18C5, 0x20C5, 0x6926, 0x8146, 0x8166, 0x8966, 0x8966, 0x9186, 0x9187,
    0x9187, 0x99A7, 0x99A7, 0x99A7, 0x8A49, 0x8A49, 0xA1C8, 0xA9C7, 0xA9A7, 0xAA8A, 0xB4B0, 0xBDD3, 0xBC6F, 0xB249, 0xB1A7, 0xB28A,
    0xAB4C, 0xB2EB, 0xBA29, 0xB9E8, 0xBA09, 0xBA09, 0xC209, 0xC209, 0xC209, 0xC1C8, 0xC1C8, 0xC2AB, 0xCC70, 0xC28B, 0xC1C8, 0xC1E9,
    0xC1C9, 0xC1E9, 0xDE15, 0xCB2D, 0xC107, 0xC188, 0xC1C9, 0xC1A9, 0xC1A9, 0xC188, 0xCA0A, 0xDE35, 0xD4D1, 0xD40F, 0xE696, 0xD3AE,
    0xC107, 0xC168, 0xC148, 0xC148, 0xB928, 0xDDB4, 0xE738, 0xC24B, 0xB0E7, 0xB128, 0xB148, 0xA8C6, 0xBACC, 0xDE55, 0xA0C6, 0x9803,
    0xBB0C, 0xD614, 0x98E6, 0x98E7, 0x98E7, 0x90C6, 0x9988, 0xBC0F, 0xA24A, 0x88C6, 0x8885, 0x88C6, 0x80C6, 0x80C6, 0x80C6, 0x78A5,
    0x7865, 0x78A5, 0x81C8, 0x8A8A, 0x79A8, 0x6023, 0x68C5, 0x9BAD, 0xC5F4, 0xB4D0, 0x71A7, 0x5023, 0x5843, 0x5864, 0x5946, 0x61A7,
    0x5084, 0x5043, 0x5064, 0x4863, 0x4863, 0x4863, 0x4843, 0x4843, 0x4843, 0x4043, 0x3863, 0x18C5, 0x18C5, 0x18C5, 0x18C5, 0x18C5,
    0x18C5, 0x18C5, 0x18C5, 0x18C5, 0x18C5, 0x18C5, 0x18C5, 0x18C5, 0x18C5, 0x18C5, 0x18C5, 0x18C5, 0x18C5, 0x18C5, 0x18C5, 0x18C5,
    0x18C5, 0x18C5, 0x18C5, 0x18C5, 0x18C5, 0x18C5, 0x18C5, 0x18C5, 0x18C5, 0x18C5, 0x18C5, 0x18C5, 0x18C5, 0x18C5, 0x18C5, 0x18C5,
    0x18C5, 0x18C5, 0x18C5, 0x18C5, 0x18C5, 0x18C5, 0x18C5, 0x18C5, 0x18C5, 0x18C5, 0x18C5, 0x18C5, 0x18C5, 0x18C5, 0x18C5, 0x18C5,
    0x18C5, 0x18C5, 0x18C5, 0x20C5, 0x6926, 0x8146, 0x8166, 0x8966, 0x8966, 0x9186, 0x9187, 0x91A7, 0x99A7, 0xA187, 0x99E8, 0x8A69,
    0x9A08, 0xA9C8, 0xA9A7, 0xA9E8, 0xB3AD, 0xBDB3, 0xBD31, 0xB2EB, 0xB1A7, 0xB269, 0xAB4C, 0xB2EB, 0xBA29, 0xB9E8, 0xBA09, 0xC229,
    0xC229, 0xC229, 0xC229, 0xC209, 0xC229, 0xCB8D, 0xD512, 0xD593, 0xD4B0, 0xCA8B, 0xC9E9, 0xCA09, 0xCA09, 0xC9A8, 0xDD73, 0xDD53,
    0xD40F, 0xDD93, 0xDCD1, 0xC988, 0xC9C9, 0xC968, 0xCAAC, 0xDC91, 0xC968, 0xC107, 0xD2EC, 0xCAEC, 0xC148, 0xC168, 0xC148, 0xC148,
    0xC128, 0xCA8B, 0xCB4D, 0xB948, 0xB928, 0xB128, 0xB128, 0xB107, 0xB168, 0xDDD4, 0xD532, 0xC34D, 0xDE35, 0xCC70, 0x98A6, 0xA107,
    0x9907, 0x9085, 0xB34D, 0xDE35, 0xC4F2, 0xCD53, 0xA26A, 0x88A5, 0x88C6, 0x80C6, 0x80C6, 0x80C5, 0x78C6, 0x78A5, 0x7065, 0x70A5,
    0x81C8, 0x828A, 0x7147, 0x6003, 0x7967, 0xB4B0, 0xC5F4, 0x936C, 0x60A4, 0x5023, 0x5844, 0x58C5, 0x61C7, 0x58E5, 0x5023, 0x5064,
    0x5063, 0x4863, 0x4863, 0x4843, 0x4843, 0x4843, 0x4043, 0x3863, 0x18C5, 0x18C5, 0x18C5, 0x18C5, 0x18C5, 0x18C5, 0x18C5, 0x18C5,
    0x18C5, 0x18C5, 0x18C5, 0x18C5, 0x18C5, 0x18C5, 0x18C5, 0x18C5, 0x18C5, 0x18C5, 0x18C5, 0x18C5, 0x18C5, 0x18C5, 0x18C5, 0x18C5,
    0x18C5, 0x18C5, 0x18C5, 0x18C5, 0x18C5, 0x18C5, 0x18C5, 0x18C5, 0x18C5, 0x18C5, 0x18C5, 0x18C5, 0x18C5, 0x18C5, 0x18C5, 0x18C5,
    0x18C5, 0x18C5, 0x18C5, 0x18C5, 0x18C5, 0x18C5, 0x18C5, 0x18C5, 0x18C5, 0x18C5, 0x18C5, 0x18C5, 0x18C5, 0x18C5, 0x28E5, 0x7946,
    0x8146, 0x8166, 0x8966, 0x8966, 0x9187, 0x9187, 0x99A7, 0x99A7, 0xA1A7, 0x9228, 0x8A69, 0xA1E8, 0xA9C8, 0xA9A7, 0xAA8A, 0xBCF1,
    0xBDD3, 0xBBCE, 0xB1E8, 0xB208, 0xAB2B, 0xAB2B, 0xBA49, 0xC208, 0xC229, 0xC229, 0xC229, 0xC229, 0xC229, 0xC229, 0xC229, 0xCA29,
    0xCA09, 0xD5B3, 0xD593, 0xCB4D, 0xD40F, 0xCA29, 0xCA09, 0xCA09, 0xCA09, 0xC9A8, 0xD42F, 0xDDD4, 0xDCD1, 0xD3CE, 0xD2AB, 0xC9C9,
    0xC9C9, 0xC9A9, 0xC9A9, 0xC968, 0xC9A9, 0xC9A9, 0xC948, 0xC928, 0xC969, 0xC968, 0xC948, 0xC148, 0xC148, 0xC108, 0xB8E7, 0xB948,
    0xB948, 0xB948, 0xB928, 0xB128, 0xB107, 0xB189, 0xCC0F, 0xD532, 0xCC0F, 0xA927, 0xA0E7, 0xA107, 0xA107, 0x98A6, 0xCD32, 0xD5F4,
    0xA22A, 0xC490, 0xDE35, 0x88E6, 0x88C6, 0x88C6, 0x80C6, 0x80C6, 0x80C5, 0x78A5, 0x78C5, 0x78A5, 0x7064, 0x70C5, 0x8209, 0x826A,
    0x68A5, 0x6023, 0x8AAB, 0xC5D3, 0xB511, 0x71A7, 0x5003, 0x5044, 0x5064, 0x5986, 0x5966, 0x5043, 0x5043, 0x5063, 0x4863, 0x4863,
    0x4843, 0x4843, 0x4843, 0x4043, 0x4063, 0x20A5, 0x18C5, 0x18C5, 0x18C5, 0x18C5, 0x18C5, 0x18C5, 0x18C5, 0x18C5, 0x18C5, 0x18C5,
    0x18C5, 0x18C5, 0x18C5, 0x18C5, 0x18C5, 0x18C5, 0x18C5, 0x18C5, 0x18C5, 0x18C5, 0x18C5, 0x18C5, 0x18C5, 0x18C5, 0x18C5, 0x18C5,
    0x18C5, 0x18C5, 0x18C5, 0x18C5, 0x18C5, 0x18C5, 0x18C5, 0x18C5, 0x18C5, 0x18C5, 0x18C5, 0x18C5, 0x18C5, 0x18C5, 0x18C5, 0x18C5,
    0x18C5, 0x18C5, 0x18C5, 0x18C5, 0x18C5, 0x18C5, 0x18C5, 0x18C5, 0x18C5, 0x28E5, 0x7946, 0x8146, 0x8966, 0x8966, 0x8966, 0x9187,
    0x9187, 0x99A7, 0x99A7, 0x99A7, 0x8A49, 0x9248, 0xA9C8, 0xA9C8, 0xA9C7, 0xB36C, 0xBDB3, 0xBD11, 0xB2AA, 0xB1C7, 0xAACA, 0xAB4C,
    0xBA8A, 0xC208, 0xC229, 0xC249, 0xC249, 0xC249, 0xC249, 0xC249, 0xCA49, 0xCA49, 0xCA49, 0xCA4A, 0xC9E8, 0xD3CE, 0xDE76, 0xDD93,
    0xDCB1, 0xCA6A, 0xCA09, 0xCA29, 0xCA09, 0xCA09, 0xD20A, 0xC9C9, 0xC988, 0xC988, 0xC9A9, 0xD1C9, 0xD1C9, 0xC9C9, 0xD1A9, 0xC9C9,
    0xC9A9, 0xC989, 0xC9A9, 0xC989, 0xC969, 0xC969, 0xC969, 0xC968, 0xC948, 0xC168, 0xC168, 0xC148, 0xC148, 0xB948, 0xB928, 0xB928,
    0xB128, 0xB107, 0xA8A6, 0xA8A6, 0xA8A6, 0xA907, 0xA907, 0xA107, 0xA0C6, 0xAA4A, 0xE6B6, 0xBB8E, 0xDE14, 0xD5F4, 0xBBAE, 0x88A6,
    0x88E6, 0x88C6, 0x88C6, 0x80C6, 0x80C6, 0x80A5, 0x78A5, 0x78A5, 0x78A5, 0x7085, 0x6844, 0x7106, 0x826A, 0x79E8, 0x5803, 0x6906,
    0xAC90, 0xC5F4, 0x8B0B, 0x5043, 0x5043, 0x5044, 0x5926, 0x61A7, 0x5064, 0x5043, 0x5064, 0x4863, 0x4863, 0x4863, 0x4843, 0x4843,
    0x4843, 0x4063, 0x20A5, 0x18C5, 0x18C5, 0x18C5, 0x18C5, 0x18C5, 0x18C5, 0x18C5, 0x18C5, 0x18C5, 0x18C5, 0x18C5, 0x18C5, 0x18C5,
    0x18C5, 0x18C5, 0x18C5, 0x18C5, 0x18C5, 0x18C5, 0x18C5, 0x18C5, 0x18C5, 0x18C5, 0x18C5, 0x18C5, 0x18C5, 0x18C5, 0x18C5, 0x18C5,
    0x18C5, 0x18C5, 0x18C5, 0x18C5, 0x18C5, 0x18C5, 0x18C5, 0x18C5, 0x18C5, 0x18C5, 0x18C5, 0x18C5, 0x18C5, 0x18C5, 0x18C5, 0x18C5,
    0x18C5, 0x18C5, 0x18C5, 0x18C5, 0x28E5, 0x7926, 0x8146, 0x8966, 0x8966, 0x8966, 0x9187, 0x9187, 0x99A7, 0x99A7, 0x99C7, 0x8269,
    0x9A28, 0xA9E8, 0xA9C7, 0xAA28, 0xB46F, 0xBDD3, 0xBC0E, 0xB1E8, 0xB229, 0xAB4C, 0xB30B, 0xBA29, 0xC229, 0xC249, 0xC249, 0xC249,
    0xC249, 0xCA49, 0xCA49, 0xCA49, 0xCA49, 0xCA49, 0xCA4A, 0xCA4A, 0xCA29, 0xD28A, 0xE696, 0xD3EF, 0xC988, 0xD24A, 0xD22A, 0xD22A,
    0xD22A, 0xD20A, 0xD209, 0xD209, 0xD20A, 0xD20A, 0xD1E9, 0xD1E9, 0xD1C9, 0xD1C9, 0xD1C9, 0xD1C9, 0xD1A9, 0xD1A9, 0xD189, 0xD189,
    0xC989, 0xC969, 0xC969, 0xC969, 0xC969, 0xC948, 0xC148, 0xC148, 0xC148, 0xC148, 0xB948, 0xB928, 0xB928, 0xB928, 0xB148, 0xB128,
    0xB128, 0xA907, 0xA907, 0xA907, 0xA0C6, 0xB24B, 0xCC90, 0x9045, 0xCD12, 0xBBEF, 0x8845, 0x90E6, 0x90C6, 0x88C6, 0x88C6, 0x88C6,
    0x80C6, 0x80A6, 0x78A5, 0x78A5, 0x78A5, 0x78A5, 0x70A5, 0x7064, 0x6864, 0x79A8, 0x828A, 0x68C5, 0x5803, 0x8AEB, 0xC5F4, 0xAC6F,
    0x60E5, 0x5023, 0x5044, 0x58C5, 0x61C7, 0x50A4, 0x5043, 0x5064, 0x4863, 0x4863, 0x4863, 0x4843, 0x4843, 0x4843, 0x4063, 0x20A5,
    0x18C5, 0x18C5, 0x18C5, 0x18C5, 0x18C5, 0x18C5, 0x18C5, 0x18C5, 0x18C5, 0x18C5, 0x18C5, 0x18C5, 0x18C5, 0x18C5, 0x18C5, 0x18C5,
    0x18C5, 0x18C5, 0x18C5, 0x18C5, 0x18C5, 0x18C5, 0x18C5, 0x18C5, 0x18C5, 0x18C5, 0x18C5, 0x18C5, 0x18C5, 0x18C5, 0x18C5, 0x18C5,
    0x18C5, 0x18C5, 0x18C5, 0x18C5, 0x18C5, 0x18C5, 0x18C5, 0x18C5, 0x18C5, 0x18C5, 0x18C5, 0x18C5, 0x18C5, 0x18C5, 0x18C5, 0x28E5,
    0x7926, 0x8146, 0x8966, 0x8966, 0x9166, 0x9187, 0x9187, 0x99A7, 0x99A7, 0x99E8, 0x8269, 0xA208, 0xA9E8, 0xA9C7, 0xAA8A, 0xBD31,
    0xBD92, 0xBB2B, 0xB9C7, 0xB2CA, 0xAB6C, 0xBA8A, 0xC229, 0xC249, 0xC269, 0xC269, 0xC269, 0xCA69, 0xCA6A, 0xCA6A, 0xCA6A, 0xCA6A,
    0xCA6A, 0xCA6A, 0xD26A, 0xD26A, 0xD26A, 0xD229, 0xDCF1, 0xDC4F, 0xD229, 0xD24A, 0xD24A, 0xD22A, 0xD22A, 0xD22A, 0xD22A, 0xD20A,
    0xD209, 0xD20A, 0xD1E9, 0xD1E9, 0xD1E9, 0xD1C9, 0xD1C9, 0xD1C9, 0xD1C9, 0xD1A9, 0xD1A9, 0xD189, 0xD189, 0xD189, 0xD169, 0xD169,
    0xC969, 0xC969, 0xC968, 0xC948, 0xC148, 0xC148, 0xC148, 0xB948, 0xB948, 0xB928, 0xB128, 0xB128, 0xB128, 0xB127, 0xA907, 0xA907,
    0xA907, 0xA0C6, 0xA0C6, 0x98C6, 0xB2EC, 0xBBCF, 0x90A6, 0x90E6, 0x90E6, 0x90C6, 0x88C6, 0x88C6, 0x88C6, 0x80C6, 0x80C6, 0x78A5,
    0x78A5, 0x78A5, 0x70A5, 0x70A5, 0x70A5, 0x6844, 0x68C5, 0x826A, 0x71C8, 0x5003, 0x7187, 0xBD52, 0xBD72, 0x71A7, 0x5003, 0x5844,
    0x5884, 0x61C7, 0x50C5, 0x5023, 0x5064, 0x4863, 0x4863, 0x4863, 0x4843, 0x4843, 0x4843, 0x4063, 0x20A5, 0x18C5, 0x18C5, 0x18C5,
    0x18C5, 0x18C5, 0x18C5, 0x18C5, 0x18C5, 0x18C5, 0x18C5, 0x18C5, 0x18C5, 0x18C5, 0x18C5, 0x18C5, 0x18C5, 0x18C5, 0x18C5, 0x18C5,
    0x18C5, 0x18C5, 0x18C5, 0x18C5, 0x18C5, 0x18C5, 0x18C5, 0x18C5, 0x18C5, 0x18C5, 0x18C5, 0x18C5, 0x18C5, 0x18C5, 0x18C5, 0x18C5,
    0x18C5, 0x18C5, 0x18C5, 0x18C5, 0x18C5, 0x18C5, 0x18C5, 0x18C5, 0x18C5, 0x18C5, 0x20C5, 0x7926, 0x8146, 0x8966, 0x8966, 0x8986,
    0x9187, 0x9187, 0x99A7, 0xA1A7, 0x91E8, 0x8A69, 0xA1E8, 0xA9E8, 0xA9C7, 0xB32B, 0xBD93, 0xBCF1, 0xBA69, 0xB9E8, 0xAB2C, 0xB32B,
    0xC249, 0xC249, 0xC269, 0xC269, 0xC269, 0xCA6A, 0xCA6A, 0xCA6A, 0xCA8A, 0xCA8A, 0xD28A, 0xD28A, 0xD28A, 0xD26A, 0xD26A, 0xD26A,
    0xD26A, 0xD26A, 0xD26A, 0xD229, 0xD26A, 0xDA4A, 0xDA4A, 0xDA4A, 0xDA2A, 0xDA2A, 0xDA2A, 0xDA2A, 0xDA0A, 0xDA0A, 0xDA0A, 0xD9EA,
    0xD9EA, 0xD9EA, 0xD1C9, 0xD1C9, 0xD1C9, 0xD1A9, 0xD1A9, 0xD1A9, 0xD189, 0xD189, 0xD189, 0xD169, 0xD169, 0xC969, 0xC969, 0xC948,
    0xC948, 0xC148, 0xC148, 0xC148, 0xB948, 0xB928, 0xB928, 0xB128, 0xB128, 0xB128, 0xB127, 0xA907, 0xA907, 0xA907, 0xA107, 0xA107,
    0x98A6, 0x98E6, 0x9907, 0x90E6, 0x90E6, 0x90C6, 0x88C6, 0x88C6, 0x88C6, 0x80C6, 0x80C6, 0x80A5, 0x78A5, 0x78A5, 0x78A5, 0x70A5,
    0x7085, 0x70A5, 0x6864, 0x6044, 0x79C8, 0x8269, 0x5844, 0x6084, 0xAC4F, 0xC5F4, 0x828A, 0x5023, 0x5044, 0x5864, 0x61A7, 0x5905,
    0x5023, 0x5064, 0x4863, 0x4863, 0x4863, 0x4843, 0x4843, 0x4843, 0x4063, 0x18C5, 0x18C5, 0x18C5, 0x18C5, 0x18C5, 0x18C5, 0x18C5,
    0x18C5, 0x18C5, 0x18C5, 0x18C5, 0x18C5, 0x18C5, 0x18C5, 0x18C5, 0x18C5, 0x18C5, 0x18C5, 0x18C5, 0x18C5, 0x18C5, 0x18C5, 0x18C5,
    0x18C5, 0x18C5, 0x18C5, 0x18C5, 0x18C5, 0x18C5, 0x18C5, 0x18C5, 0x18C5, 0x18C5, 0x18C5, 0x18C5, 0x18C5, 0x18C5, 0x18C5, 0x18C5,
    0x18C5, 0x18C5, 0x18C5, 0x18C5, 0x18C5, 0x20C5, 0x6926, 0x8146, 0x8146, 0x8966, 0x8966, 0x9187, 0x9187, 0x99A7, 0xA187, 0x9208,
    0x8A69, 0xA1E8, 0xA9E8, 0xA9C7, 0xB3AD, 0xBDD3, 0xBC4F, 0xBA08, 0xB249, 0xAB6C, 0xB2CA, 0xC229, 0xC269, 0xC269, 0xC269, 0xCA8A,
    0xCA8A, 0xCA8A, 0xCA8A, 0xCA8A, 0xD28A, 0xD28A, 0xD28A, 0xD28A, 0xD28A, 0xD28A, 0xD28A, 0xD28A, 0xDA8A, 0xDA8A, 0xDA6A, 0xDA6A,
    0xDA6A, 0xDA6A, 0xDA6A, 0xDA4A, 0xDA4A, 0xDA4A, 0xDA2A, 0xDA2A, 0xDA2A, 0xDA0A, 0xDA0A, 0xDA0A, 0xD9EA, 0xD9EA, 0xD9EA, 0xD9C9,
    0xD9C9, 0xD9C9, 0xD9A9, 0xD1A9, 0xD1A9, 0xD189, 0xD189, 0xD169, 0xD169, 0xD169, 0xC969, 0xC949, 0xC949, 0xC948, 0xC148, 0xC148,
    0xC148, 0xB928, 0xB928, 0xB928, 0xB128, 0xB128, 0xB128, 0xA907, 0xA907, 0xA907, 0xA907, 0xA107, 0xA107, 0xA107, 0x98E7, 0x98E6,
    0x90E6, 0x90E6, 0x90C6, 0x88C6, 0x88C6, 0x88C6, 0x80C6, 0x80A6, 0x80A5, 0x78A5, 0x78A5, 0x78A5, 0x70A5, 0x7085, 0x6885, 0x6885,
    0x6044, 0x6926, 0x828A, 0x60E5, 0x5003, 0x934C, 0xCE14, 0x936C, 0x5043, 0x5044, 0x5044, 0x6187, 0x5926, 0x5023, 0x5064, 0x4863,
    0x4863, 0x4863, 0x4843, 0x4843, 0x4843, 0x3863, 0x18C5, 0x18C5, 0x18C5, 0x18C5, 0x18C5, 0x18C5, 0x18C5, 0x18C5, 0x18C5, 0x18C5,
    0x18C5, 0x18C5, 0x18C5, 0x18C5, 0x18C5, 0x18C5, 0x18C5, 0x18C5, 0x18C5, 0x18C5, 0x18C5, 0x18C5, 0x18C5, 0x18C5, 0x18C5, 0x18C5,
    0x18C5, 0x18C5, 0x18C5, 0x18C5, 0x18C5, 0x18C5, 0x18C5, 0x18C5, 0x18C5, 0x18C5, 0x18C5, 0x18C5, 0x18C5, 0x18C5, 0x18C5, 0x18C5,
    0x18C5, 0x6926, 0x8146, 0x8946, 0x8966, 0x8966, 0x9187, 0x9187, 0x99A7, 0xA187, 0x9208, 0x8A69, 0xA1E8, 0xA9E8, 0xA9E8, 0xB40E,
    0xBDD3, 0xBBCD, 0xB9C8, 0xB2AA, 0xAB6C, 0xBA89, 0xC249, 0xC269, 0xC269, 0xCA8A, 0xCA8A, 0xCA8A, 0xCA8A, 0xCA8A, 0xD2AA, 0xD2AA,
    0xD2AA, 0xD2AA, 0xD2AA, 0xD2AA, 0xD2AA, 0xDAAA, 0xDA8A, 0xDA8A, 0xDA8A, 0xDA8A, 0xDA8A, 0xDA8A, 0xDA6A, 0xDA6A, 0xDA6A, 0xDA6A,
    0xDA4A, 0xDA4A, 0xDA4A, 0xDA2A, 0xDA2A, 0xDA2A, 0xDA0A, 0xDA0A, 0xDA0A, 0xD9EA, 0xD9EA, 0xD9EA, 0xD9CA, 0xD9C9, 0xD9C9, 0xD9A9,
    0xD9A9, 0xD9A9, 0xD189, 0xD189, 0xD169, 0xD169, 0xD169, 0xD169, 0xC969, 0xC948, 0xC948, 0xC148, 0xC148, 0xC148, 0xB948, 0xB928,
    0xB928, 0xB128, 0xB128, 0xB127, 0xA907, 0xA907, 0xA907, 0xA107, 0xA107, 0xA0E7, 0x98E7, 0x98E7, 0x98E7, 0x90E6, 0x90E6, 0x90C6,
    0x88C6, 0x88C6, 0x88C6, 0x80A6, 0x80A6, 0x78A5, 0x78A5, 0x78A5, 0x70A5, 0x7085, 0x7085, 0x6885, 0x6885, 0x6044, 0x6085, 0x7A69,
    0x7187, 0x5002, 0x826A, 0xCDF4, 0xA40E, 0x5864, 0x5043, 0x5064, 0x5966, 0x5926, 0x5023, 0x5064, 0x4863, 0x4863, 0x4863, 0x4843,
    0x4843, 0x4843, 0x3863, 0x18C5, 0x18C5, 0x18C5, 0x18C5, 0x18C5, 0x18C5, 0x18C5, 0x18C5, 0x18C5, 0x18C5, 0x18C5, 0x18C5, 0x18C5,
    0x18C5, 0x18C5, 0x18C5, 0x18C5, 0x18C5, 0x18C5, 0x18C5, 0x18C5, 0x18C5, 0x18C5, 0x18C5, 0x18C5, 0x18C5, 0x18C5, 0x18C5, 0x18C5,
    0x18C5, 0x18C5, 0x18C5, 0x18C5, 0x18C5, 0x18C5, 0x18C5, 0x18C5, 0x18C5, 0x18C5, 0x18C5, 0x18C5, 0x5905, 0x8146, 0x8146, 0x8966,
    0x8966, 0x9186, 0x9187, 0x99A7, 0xA187, 0x9208, 0x8A49, 0xA9C8, 0xA9C8, 0xA9E8, 0xB44F, 0xBDD3, 0xBB6C, 0xB9C7, 0xB30B, 0xB34C,
    0xBA49, 0xC269, 0xC289, 0xC289, 0xCA8A, 0xCA8A, 0xCAAA, 0xCAAA, 0xD2AA, 0xD2AA, 0xD2AA, 0xD2AA, 0xD2AA, 0xD2AA, 0xDAAA, 0xDAAA,
    0xDAAA, 0xDAAA, 0xDAAA, 0xDAAA, 0xDAAA, 0xDA8A, 0xDA8A, 0xDA8A, 0xDA8A, 0xDA8A, 0xDA6A, 0xE26A, 0xDA6A, 0xDA4A, 0xE24A, 0xDA4A,
    0xDA2A, 0xDA2A, 0xDA2A, 0xDA0A, 0xDA0A, 0xDA0A, 0xD9EA, 0xD9EA, 0xD9EA, 0xD9CA, 0xD9CA, 0xD9A9, 0xD9A9, 0xD9A9, 0xD989, 0xD989,
    0xD969, 0xD169, 0xD169, 0xD169, 0xC969, 0xC949, 0xC949, 0xC948, 0xC148, 0xC148, 0xC148, 0xB928, 0xB928, 0xB928, 0xB128, 0xB128,
    0xB127, 0xA907, 0xA907, 0xA907, 0xA107, 0xA107, 0xA0E7, 0x98E7, 0x98E7, 0x98E6, 0x90E6, 0x90C6, 0x90C6, 0x88C6, 0x88C6, 0x80C6,
    0x80A6, 0x80A5, 0x78A5, 0x78A5, 0x78A5, 0x7085, 0x7085, 0x7085, 0x6885, 0x6885, 0x6064, 0x6044, 0x7A08, 0x7A09, 0x5002, 0x79C8,
    0xC5D3, 0xA46F, 0x5884, 0x5043, 0x5044, 0x5966, 0x5926, 0x5023, 0x5064, 0x4863, 0x4863, 0x4863, 0x4843, 0x4843, 0x4043, 0x3084,
    0x18C5, 0x18C5, 0x18C5, 0x18C5, 0x18C5, 0x18C5, 0x18C5, 0x18C5, 0x18C5, 0x18C5, 0x18C5, 0x18C5, 0x18C5, 0x18C5, 0x18C5, 0x18C5,
    0x18C5, 0x18C5, 0x18C5, 0x18C5, 0x18C5, 0x18C5, 0x18C5, 0x18C5, 0x18C5, 0x18C5, 0x18C5, 0x18C5, 0x18C5, 0x18C5, 0x18C5, 0x18C5,
    0x18C5, 0x18C5, 0x18C5, 0x18C5, 0x18C5, 0x18C5, 0x18C5, 0x4905, 0x8146, 0x8146, 0x8966, 0x8966, 0x9166, 0x9187, 0x99A7, 0x9987,
    0x9208, 0x8A69, 0xA9C8, 0xA9C8, 0xAA08, 0xB4B0, 0xBDB3, 0xBB2B, 0xB9C8, 0xAB2B, 0xB32B, 0xC249, 0xC269, 0xC289, 0xCA8A, 0xCA8A,
    0xCAAA, 0xCAAA, 0xCAAA, 0xD2AA, 0xD2CA, 0xD2CA, 0xD2CA, 0xDACA, 0xDACA, 0xDACB, 0xDACB, 0xDACB, 0xDACB, 0xDACB, 0xDAAB, 0xDAAB,
    0xE2AB, 0xE2AB, 0xE2AB, 0xE28B, 0xE28B, 0xE28B, 0xE28A, 0xE26A, 0xE26A, 0xE26A, 0xE24A, 0xE24A, 0xE24A, 0xE22A, 0xE22A, 0xE22A,
    0xE20A, 0xE20A, 0xE20A, 0xD9EA, 0xD9EA, 0xD9CA, 0xD9CA, 0xD9C9, 0xD9A9, 0xD9A9, 0xD989, 0xD989, 0xD989, 0xD969, 0xD169, 0xD169,
    0xD169, 0xC969, 0xC949, 0xC948, 0xC948, 0xC148, 0xC148, 0xC128, 0xB928, 0xB928, 0xB928, 0xB128, 0xB128, 0xB107, 0xA907, 0xA907,
    0xA907, 0xA107, 0xA107, 0xA0E7, 0x98E7, 0x98E7, 0x90E6, 0x90C6, 0x90C6, 0x88C6, 0x88C6, 0x88C6, 0x80C6, 0x80A6, 0x80A6, 0x78A5,
    0x78A5, 0x7085, 0x7085, 0x7085, 0x6885, 0x6885, 0x6885, 0x6084, 0x5823, 0x71A7, 0x7A49, 0x5003, 0x7167, 0xC593, 0xACD0, 0x58A5,
    0x5043, 0x5044, 0x5966, 0x5926, 0x5023, 0x5064, 0x4863, 0x4863, 0x4843, 0x4843, 0x4843, 0x4043, 0x3084, 0x18C5, 0x18C5, 0x18C5,
    0x18C5, 0x18C5, 0x18C5, 0x18C5, 0x18C5, 0x18C5, 0x18C5, 0x18C5, 0x18C5, 0x18C5, 0x18C5, 0x18C5, 0x18C5, 0x18C5, 0x18C5, 0x18C5,
    0x18C5, 0x18C5, 0x18C5, 0x18C5, 0x18C5, 0x18C5, 0x18C5, 0x18C5, 0x18C5, 0x18C5, 0x18C5, 0x18C5, 0x18C5, 0x18C5, 0x18C5, 0x18C5,
    0x18C5, 0x18C5, 0x38E5, 0x8126, 0x8146, 0x8946, 0x8966, 0x9166, 0x9187, 0x9987, 0x9987, 0x91E8, 0x8A69, 0xA1E8, 0xA9C8, 0xA9E8,
    0xB4B0, 0xBD93, 0xB2CB, 0xB9E8, 0xAB4C, 0xB30B, 0xC229, 0xC269, 0xC289, 0xCA8A, 0xCA8A, 0xCAAA, 0xCAAA, 0xD2CA, 0xD2CA, 0xD2CA,
    0xD2CA, 0xDACA, 0xDACB, 0xDAEB, 0xDAEB, 0xDAEB, 0xDAEB, 0xDACB, 0xE2CB, 0xE2CB, 0xE2CB, 0xE2CB, 0xE2CB, 0xE2AB, 0xE2AB, 0xE2AB,
    0xE2AB, 0xE28B, 0xE28B, 0xE28B, 0xE26B, 0xE26A, 0xE26A, 0xE24A, 0xE24A, 0xE24A, 0xE22A, 0xE22A, 0xE22A, 0xE20A, 0xE20A, 0xE1EA,
    0xE1EA, 0xE1EA, 0xD9CA, 0xD9CA, 0xD9CA, 0xD9A9, 0xD9A9, 0xD989, 0xD989, 0xD969, 0xD969, 0xD169, 0xD169, 0xD169, 0xC969, 0xC949,
    0xC949, 0xC148, 0xC148, 0xC148, 0xB948, 0xB928, 0xB928, 0xB928, 0xB128, 0xB108, 0xB107, 0xA907, 0xA907, 0xA107, 0xA107, 0xA0E7,
    0x98E7, 0x98E7, 0x98E7, 0x90E6, 0x90C6, 0x90C6, 0x88C6, 0x88C6, 0x88C6, 0x80A6, 0x80A6, 0x78A5, 0x78A5, 0x78A5, 0x7085, 0x7085,
    0x7085, 0x6885, 0x6885, 0x6064, 0x6084, 0x5823, 0x7167, 0x7A6A, 0x5823, 0x6906, 0xBD72, 0xB4D0, 0x58A5, 0x5043, 0x5044, 0x6186,
    0x5905, 0x5023, 0x5064, 0x4863, 0x4863, 0x4843, 0x4843, 0x4043, 0x4043, 0x28A5, 0x18C5, 0x18C5, 0x18C5, 0x18C5, 0x18C5, 0x18C5,
    0x18C5, 0x18C5, 0x18C5, 0x18C5, 0x18C5, 0x18C5, 0x18C5, 0x18C5, 0x18C5, 0x18C5, 0x18C5, 0x18C5, 0x18C5, 0x18C5, 0x18C5, 0x18C5,
    0x18C5, 0x18C5, 0x18C5, 0x18C5, 0x18C5, 0x18C5, 0x18C5, 0x18C5, 0x18C5, 0x18C5, 0x18C5, 0x18C5, 0x18C5, 0x28C5, 0x7926, 0x8146,
    0x8946, 0x8966, 0x9166, 0x9187, 0x9187, 0x9987, 0x99C7, 0x8A69, 0xA1C8, 0xA9C8, 0xA9E8, 0xB490, 0xBD93, 0xB2CA, 0xB9E8, 0xAB6C,
    0xB2CA, 0xC249, 0xC289, 0xC289, 0xCA8A, 0xCAAA, 0xCAAA, 0xCAAA, 0xD2CA, 0xD2CA, 0xD2CA, 0xDAEA, 0xDAEB, 0xDAEB, 0xDAEB, 0xDAEB,
    0xDAEB, 0xE2EB, 0xE2EB, 0xE2EB, 0xE2EB, 0xE2EB, 0xE2CB, 0xE2CB, 0xE2CB, 0xE2CB, 0xE2CB, 0xE2AB, 0xE2AB, 0xE2AB, 0xE28B, 0xE28B,
    0xE28B, 0xE26B, 0xE26B, 0xE26A, 0xE24A, 0xE24A, 0xE24A, 0xE22A, 0xE22A, 0xE22A, 0xE20A, 0xE20A, 0xE1EA, 0xE1EA, 0xE1EA, 0xE1CA,
    0xD9CA, 0xD9AA, 0xD9AA, 0xD989, 0xD989, 0xD989, 0xD969, 0xD969, 0xD169, 0xD169, 0xD169, 0xC949, 0xC949, 0xC948, 0xC148, 0xC148,
    0xC148, 0xB948, 0xB928, 0xB928, 0xB128, 0xB128, 0xB107, 0xA907, 0xA907, 0xA907, 0xA107, 0xA107, 0xA0E7, 0x98E7, 0x98E7, 0x98E7,
    0x90E6, 0x90C6, 0x88C6, 0x88C6, 0x88C6, 0x80A6, 0x80A6, 0x80A5, 0x78A5, 0x78A5, 0x70A5, 0x7085, 0x7085, 0x6885, 0x6885, 0x6864,
    0x6064, 0x6085, 0x5824, 0x6926, 0x828A, 0x5843, 0x6906, 0xBD72, 0xACD0, 0x5884, 0x5043, 0x5044, 0x61A7, 0x58E5, 0x5043, 0x5064,
    0x4863, 0x4863, 0x4843, 0x4843, 0x4843, 0x4063, 0x20C5, 0x18C5, 0x18C5, 0x18C5, 0x18C5, 0x18C5, 0x18C5, 0x18C5, 0x18C5, 0x18C5,
    0x18C5, 0x18C5, 0x18C5, 0x18C5, 0x18C5, 0x18C5, 0x18C5, 0x18C5, 0x18C5, 0x18C5, 0x18C5, 0x18C5, 0x18C5, 0x18C5, 0x18C5, 0x18C5,
    0x18C5, 0x18C5, 0x18C5, 0x18C5, 0x18C5, 0x18C5, 0x18C5, 0x18C5, 0x18C5, 0x6906, 0x8126, 0x8146, 0x8946, 0x9166, 0x9166, 0x9187,
    0x9987, 0x99A7, 0x8269, 0xA1E8, 0xA9C8, 0xA9C8, 0xB44F, 0xBDB3, 0xB2CB, 0xB9E8, 0xAB6C, 0xB2EB, 0xC229, 0xC289, 0xC289, 0xCA8A,
    0xCAAA, 0xCAAA, 0xD2CA, 0xD2CA, 0xD2CA, 0xD2EB, 0xDAEB, 0xDAEB, 0xDAEB, 0xDB0B, 0xE30B, 0xE30B, 0xE30B, 0xE30B, 0xE30B, 0xE2EB,
    0xE2EB, 0xE2EB, 0xE2EB, 0xE2EB, 0xEACB, 0xEACB, 0xEACB, 0xEACB, 0xEAAB, 0xEAAB, 0xEAAB, 0xEA8B, 0xEA8B, 0xE28B, 0xE26B, 0xE26B,
    0xE26B, 0xE24A, 0xE24A, 0xE24A, 0xE22A, 0xE22A, 0xE20A, 0xE20A, 0xE1EA, 0xE1EA, 0xE1EA, 0xE1CA, 0xE1CA, 0xE1AA, 0xD9AA, 0xD9A9,
    0xD989, 0xD989, 0xD969, 0xD969, 0xD169, 0xD169, 0xD169, 0xD169, 0xC949, 0xC949, 0xC948, 0xC148, 0xC148, 0xC128, 0xB928, 0xB928,
    0xB928, 0xB128, 0xB128, 0xB107, 0xA907, 0xA907, 0xA907, 0xA107, 0xA0E7, 0xA0E7, 0x98E7, 0x98E7, 0x90E6, 0x90C6, 0x90C6, 0x88C6,
    0x88C6, 0x88C6, 0x80A6, 0x80A6, 0x78A6, 0x78A5, 0x78A5, 0x7085, 0x7085, 0x7085, 0x6885, 0x6885, 0x6064, 0x6064, 0x6085, 0x5824,
    0x6926, 0x82CA, 0x5844, 0x6906, 0xBD93, 0xAC6F, 0x5864, 0x5044, 0x5064, 0x61C7, 0x50A4, 0x5043, 0x5063, 0x4863, 0x4863, 0x4843,
    0x4843, 0x4843, 0x3863, 0x18C5, 0x18C5, 0x18C5, 0x18C5, 0x18C5, 0x18C5, 0x18C5, 0x18C5, 0x18C5, 0x18C5, 0x18C5, 0x18C5, 0x18C5,
    0x18C5, 0x18C5, 0x18C5, 0x18C5, 0x18C5, 0x18C5, 0x18C5, 0x18C5, 0x18C5, 0x18C5, 0x18C5, 0x18C5, 0x18C5, 0x18C5, 0x18C5, 0x18C5,
    0x18C5, 0x18C5, 0x18C5, 0x18C5, 0x5105, 0x8126, 0x8146, 0x8946, 0x8966, 0x9166, 0x9187, 0x9987, 0x99A7, 0x8269, 0x99E8, 0xA9C8,
    0xA9A7, 0xB40E, 0xBDD3, 0xB32B, 0xB9C8, 0xAB4C, 0xB2EA, 0xC229, 0xC289, 0xC289, 0xCA8A, 0xCAAA, 0xCAAA, 0xD2CA, 0xD2CA, 0xD2EA,
    0xDAEB, 0xDAEB, 0xDB0B, 0xDB0B, 0xE30B, 0xE30B, 0xE30B, 0xE30B, 0xE30B, 0xE30B, 0xE30B, 0xE30B, 0xEB0B, 0xEAEB, 0xEAEB, 0xEAEB,
    0xEAEB, 0xEAEB, 0xEACB, 0xEACB, 0xEACB, 0xEAAB, 0xEAAB, 0xEAAB, 0xEA8B, 0xEA8B, 0xEA8B, 0xEA6B, 0xEA6B, 0xEA4B, 0xEA4B, 0xE24A,
    0xE22A, 0xE22A, 0xE20A, 0xE20A, 0xE20A, 0xE1EA, 0xE1EA, 0xE1EA, 0xE1CA, 0xE1CA, 0xE1AA, 0xD9A9, 0xD989, 0xD989, 0xD989, 0xD989,
    0xD969, 0xD169, 0xD169, 0xD169, 0xC949, 0xC949, 0xC948, 0xC148, 0xC148, 0xC148, 0xB928, 0xB928, 0xB928, 0xB128, 0xB128, 0xB128,
    0xA907, 0xA907, 0xA907, 0xA107, 0xA0E7, 0xA0E7, 0x98E7, 0x98E7, 0x98E7, 0x90C6, 0x90C6, 0x88C6, 0x88C6, 0x88C6, 0x80A6, 0x80A6,
    0x80A6, 0x78A5, 0x78A5, 0x7085, 0x7085, 0x7085, 0x6885, 0x6885, 0x6885, 0x6084, 0x6064, 0x6085, 0x5824, 0x6926, 0x82AA, 0x5823,
    0x7167, 0xC5B3, 0xA40E, 0x5043, 0x5044, 0x5884, 0x61C7, 0x5064, 0x5043, 0x5063, 0x4863, 0x4863, 0x4843, 0x4843, 0x4043, 0x3084,
    0x18C5, 0x18C5, 0x18C5, 0x18C5, 0x18C5, 0x18C5, 0x18C5, 0x18C5, 0x18C5, 0x18C5, 0x18C5, 0x18C5, 0x18C5, 0x18C5, 0x18C5, 0x18C5,
    0x18C5, 0x18C5, 0x18C5, 0x18C5, 0x18C5, 0x18C5, 0x18C5, 0x18C5, 0x18C5, 0x18C5, 0x18C5, 0x18C5, 0x18C5, 0x18C5, 0x18C5, 0x38E5,
    0x8126, 0x8126, 0x8946, 0x8946, 0x9166, 0x9167, 0x9987, 0x9987, 0x8A48, 0x9A08, 0xA9C8, 0xA9A7, 0xB3AD, 0xBDD3, 0xBB4C, 0xB1C7,
    0xAB2C, 0xB2CA, 0xC229, 0xC269, 0xC289, 0xCA8A, 0xCAAA, 0xCAAA, 0xD2CA, 0xD2CA, 0xD2EA, 0xDAEB, 0xDB0B, 0xDB0B, 0xDB0B, 0xE30B,
    0xE32B, 0xE32B, 0xE32B, 0xE32B, 0xE32B, 0xEB2B, 0xEB2B, 0xEB0B, 0xEB0B, 0xEB0B, 0xEB0B, 0xEAEB, 0xEAEB, 0xEAEB, 0xEAEB, 0xEACB,
    0xEACB, 0xEACB, 0xEAAB, 0xEAAB, 0xEAAB, 0xEA8B, 0xEA8B, 0xEA6B, 0xEA6B, 0xEA6B, 0xEA4B, 0xEA4A, 0xEA2A, 0xE22A, 0xE22A, 0xE20A,
    0xE20A, 0xE1EA, 0xE1EA, 0xE1EA, 0xE1CA, 0xE1CA, 0xE1AA, 0xE1AA, 0xE1AA, 0xD989, 0xD989, 0xD989, 0xD969, 0xD169, 0xD169, 0xD169,
    0xC969, 0xC949, 0xC949, 0xC948, 0xC148, 0xC148, 0xC128, 0xB928, 0xB928, 0xB928, 0xB128, 0xB108, 0xB107, 0xA907, 0xA907, 0xA907,
    0xA107, 0xA0E7, 0x98E7, 0x98E7, 0x98E7, 0x90E6, 0x90C6, 0x90C6, 0x88C6, 0x88C6, 0x88C6, 0x80A6, 0x80A6, 0x78A5, 0x78A5, 0x7885,
    0x7085, 0x7085, 0x7085, 0x6885, 0x6885, 0x6085, 0x6084, 0x6064, 0x6085, 0x6024, 0x6926, 0x7A6A, 0x5003, 0x71C8, 0xC5F4, 0x936D,
    0x5023, 0x5844, 0x58C5, 0x61A7, 0x5043, 0x5064, 0x4863, 0x4863, 0x4863, 0x4843, 0x4843, 0x4043, 0x28A5, 0x18C5, 0x18C5, 0x18C5,
    0x18C5, 0x18C5, 0x18C5, 0x18C5, 0x18C5, 0x18C5, 0x18C5, 0x18C5, 0x18C5, 0x18C5, 0x18C5, 0x18C5, 0x18C5, 0x18C5, 0x18C5, 0x18C5,
    0x18C5, 0x18C5, 0x18C5, 0x18C5, 0x18C5, 0x18C5, 0x18C5, 0x18C5, 0x18C5, 0x18C5, 0x20C5, 0x7905, 0x8126, 0x8146, 0x8946, 0x9166,
    0x9166, 0x9187, 0x9967, 0x8A08, 0x9228, 0xA9C7, 0xA9A7, 0xB30B, 0xBDD3, 0xBBCD, 0xB1A7, 0xAB2B, 0xB2EB, 0xC229, 0xC269, 0xC269,
    0xCA8A, 0xCAAA, 0xCAAA, 0xD2CA, 0xD2CA, 0xD2EA, 0xDAEB, 0xDB0B, 0xDB0B, 0xE32B, 0xE32B, 0xE32B, 0xE32B, 0xE32B, 0xE34B, 0xEB2B,
    0xEB2C, 0xEB2C, 0xEB2B, 0xEB2C, 0xEB2B, 0xEB0B, 0xEB0C, 0xEB0B, 0xEAEB, 0xEAEB, 0xEAEB, 0xEAEB, 0xEACB, 0xEACB, 0xEACB, 0xEAAB,
    0xEAAB, 0xEA8B, 0xEA8B, 0xEA8B, 0xEA6B, 0xEA6B, 0xEA6B, 0xEA4B, 0xEA4B, 0xEA2A, 0xEA2A, 0xE20A, 0xE20A, 0xE20A, 0xE1EA, 0xE1EA,
    0xE1CA, 0xE1CA, 0xE1AA, 0xE1AA, 0xE1AA, 0xE189, 0xD989, 0xD989, 0xD969, 0xD969, 0xD169, 0xD169, 0xD169, 0xC949, 0xC949, 0xC948,
    0xC148, 0xC148, 0xC148, 0xB928, 0xB928, 0xB928, 0xB128, 0xB128, 0xB108, 0xA907, 0xA907, 0xA907, 0xA107, 0xA0E7, 0xA0E7, 0x98E7,
    0x98E7, 0x98E7, 0x90C6, 0x90C6, 0x88C6, 0x88C6, 0x88C6, 0x80A6, 0x80A6, 0x80A6, 0x78A5, 0x7885, 0x7085, 0x7085, 0x7085, 0x6885,
    0x6885, 0x6885, 0x6085, 0x6084, 0x6064, 0x6085, 0x5824, 0x6967, 0x7A49, 0x5002, 0x826A, 0xCE14, 0x82AA, 0x5003, 0x5044, 0x5925,
    0x5966, 0x5023, 0x5064, 0x4863, 0x4863, 0x4863, 0x4843, 0x4843, 0x4063, 0x18C5, 0x18C5, 0x18C5, 0x18C5, 0x18C5, 0x18C5, 0x18C5,
    0x18C5, 0x18C5, 0x18C5, 0x18C5, 0x18C5, 0x18C5, 0x18C5, 0x18C5, 0x18C5, 0x18C5, 0x18C5, 0x18C5, 0x18C5, 0x18C5, 0x18C5, 0x18C5,
    0x18C5, 0x18C5, 0x18C5, 0x18C5, 0x18C5, 0x18C5, 0x5905, 0x8126, 0x8126, 0x8946, 0x8946, 0x9166, 0x9187, 0x9967, 0x91C7, 0x8A49,
    0xA9A7, 0xA1A7, 0xAA8A, 0xBDB3, 0xBC4F, 0xB1A7, 0xAAEB, 0xB30B, 0xC229, 0xC269, 0xC269, 0xCA8A, 0xCA8A, 0xCAAA, 0xD2AA, 0xD2CA,
    0xD2EA, 0xDAEB, 0xDB0B, 0xDB0B, 0xE32B, 0xE32B, 0xE32B, 0xE34B, 0xE34C, 0xEB4C, 0xEB4C, 0xEB4C, 0xEB4C, 0xEB4C, 0xEB2C, 0xEB2C,
    0xEB2C, 0xEB2C, 0xEB0C, 0xEB0C, 0xEB0B, 0xEB0B, 0xEAEB, 0xEAEB, 0xEAEB, 0xEACB, 0xEACB, 0xEAAB, 0xEAAB, 0xEAAB, 0xEA8B, 0xEA8B,
    0xEA6B, 0xEA6B, 0xEA6B, 0xEA4B, 0xEA4B, 0xEA2A, 0xEA2A, 0xEA0A, 0xE20A, 0xE20A, 0xE1EA, 0xE1EA, 0xE1CA, 0xE1CA, 0xE1AA, 0xE1AA,
    0xE1AA, 0xE189, 0xE189, 0xD989, 0xD969, 0xD969, 0xD169, 0xD169, 0xD169, 0xC969, 0xC949, 0xC949, 0xC948, 0xC148, 0xC148, 0xB948,
    0xB928, 0xB928, 0xB928, 0xB128, 0xB108, 0xB108, 0xA907, 0xA907, 0xA907, 0xA0E7, 0xA0E7, 0x98E7, 0x98E7, 0x98E7, 0x90C6, 0x90C6,
    0x90C6, 0x88C6, 0x88C6, 0x80A6, 0x80A6, 0x80A6, 0x78A5, 0x78A5, 0x7885, 0x7085, 0x7085, 0x6885, 0x6885, 0x6885, 0x6885, 0x6085,
    0x6084, 0x6064, 0x6085, 0x5823, 0x71A7, 0x7A09, 0x5002, 0x932C, 0xC5F4, 0x71C8, 0x5023, 0x5044, 0x5986, 0x5905, 0x5043, 0x5064,
    0x4863, 0x4863, 0x4843, 0x4843, 0x4043, 0x3084, 0x18C5, 0x18C5, 0x18C5, 0x18C5, 0x18C5, 0x18C5, 0x18C5, 0x18C5, 0x18C5, 0x18C5,
    0x18C5, 0x18C5, 0x18C5, 0x18C5, 0x18C5, 0x18C5, 0x18C5, 0x18C5, 0x18C5, 0x18C5, 0x18C5, 0x18C5, 0x18C5, 0x18C5, 0x18C5, 0x18C5,
    0x18C5, 0x38E5, 0x8105, 0x8126, 0x8946, 0x8946, 0x9166, 0x9167, 0x9987, 0x9987, 0x8269, 0xA1C7, 0xA1A7, 0xAA08, 0xBD31, 0xBCF1,
    0xB1E8, 0xB28A, 0xAB2C, 0xC229, 0xC269, 0xC269, 0xCA8A, 0xCA8A, 0xCAAA, 0xD2AA, 0xD2CA, 0xD2CA, 0xDAEB, 0xDB0B, 0xDB0B, 0xE32B,
    0xE32B, 0xE34B, 0xE34B, 0xEB4C, 0xEB6C, 0xEB6C, 0xEB6C, 0xEB4C, 0xEB4C, 0xEB4C, 0xEB4C, 0xEB4C, 0xF32C, 0xF32C, 0xF32C, 0xF30C,
    0xF30C, 0xF30B, 0xF2EB, 0xF2EB, 0xF2EB, 0xF2CB, 0xEACB, 0xEACB, 0xEAAB, 0xEAAB, 0xEA8B, 0xEA8B, 0xEA8B, 0xEA6B, 0xEA6B, 0xEA4B,
    0xEA4B, 0xEA2A, 0xEA2A, 0xEA2A, 0xE20A, 0xE20A, 0xE1EA, 0xE1EA, 0xE1CA, 0xE1CA, 0xE1CA, 0xE1AA, 0xE1AA, 0xE189, 0xE189, 0xD989,
    0xD969, 0xD969, 0xD169, 0xD169, 0xD169, 0xD169, 0xC949, 0xC949, 0xC948, 0xC148, 0xC148, 0xC128, 0xB928, 0xB928, 0xB928, 0xB128,
    0xB128, 0xB108, 0xA907, 0xA907, 0xA907, 0xA0E7, 0xA0E7, 0xA0E7, 0x98E7, 0x98E7, 0x98E6, 0x90C6, 0x90C6, 0x88C6, 0x88C6, 0x88A6,
    0x80A6, 0x80A6, 0x78A5, 0x78A5, 0x78A5, 0x7085, 0x7085, 0x7085, 0x6885, 0x6885, 0x6885, 0x6885, 0x6085, 0x6084, 0x6064, 0x6085,
    0x5824, 0x79E8, 0x71A7, 0x5003, 0xA42F, 0xBD92, 0x60E5, 0x5043, 0x5864, 0x61A7, 0x5084, 0x5043, 0x5063, 0x4863, 0x4863, 0x4843,
    0x4843, 0x4043, 0x28A5, 0x18C5, 0x18C5, 0x18C5, 0x18C5, 0x18C5, 0x18C5, 0x18C5, 0x18C5, 0x18C5, 0x18C5, 0x18C5, 0x18C5, 0x18C5,
    0x18C5, 0x18C5, 0x18C5, 0x18C5, 0x18C5, 0x18C5, 0x18C5, 0x18C5, 0x18C5, 0x18C5, 0x18C5, 0x18C5, 0x20C5, 0x7105, 0x8126, 0x8126,
    0x8946, 0x9146, 0x9166, 0x9167, 0x9967, 0x8A48, 0x99E8, 0xA9A7, 0xA9A7, 0xB44F, 0xBD92, 0xB249, 0xB229, 0xAB4C, 0xBA29, 0xC249,
    0xC269, 0xC269, 0xCA8A, 0xCA8A, 0xCAAA, 0xD2CA, 0xD2CA, 0xDAEB, 0xDAEB, 0xDB0B, 0xE32B, 0xE32B, 0xE34B, 0xE34B, 0xEB6C, 0xEB6C,
    0xEB6C, 0xEB6C, 0xEB6C, 0xEB6C, 0xF36C, 0xF36C, 0xF34C, 0xF34C, 0xF34C, 0xF32C, 0xF32C, 0xF32C, 0xF30C, 0xF30C, 0xF30C, 0xF2EB,
    0xF2EB, 0xF2EB, 0xF2CB, 0xF2CB, 0xF2AB, 0xEAAB, 0xEA8B, 0xEA8B, 0xEA8B, 0xEA6B, 0xEA6B, 0xEA4B, 0xEA4B, 0xEA2A, 0xEA2A, 0xEA2A,
    0xE20A, 0xE20A, 0xE1EA, 0xE1EA, 0xE1CA, 0xE1CA, 0xE1CA, 0xE1AA, 0xE1AA, 0xE189, 0xE189, 0xD989, 0xD969, 0xD969, 0xD169, 0xD169,
    0xD169, 0xD169, 0xC949, 0xC949, 0xC948, 0xC148, 0xC148, 0xC128, 0xB928, 0xB928, 0xB928, 0xB128, 0xB128, 0xB108, 0xA907, 0xA907,
    0xA907, 0xA107, 0xA0E7, 0xA0E7, 0x98E7, 0x98E7, 0x98E7, 0x90C6, 0x90C6, 0x90C6, 0x88C6, 0x88A6, 0x80A6, 0x80A6, 0x80A6, 0x78A5,
    0x78A5, 0x7885, 0x7085, 0x7085, 0x6885, 0x6885, 0x6885, 0x6885, 0x6885, 0x6085, 0x6064, 0x6064, 0x6084, 0x5844, 0x7A49, 0x6106,
    0x5864, 0xBD32, 0xAC90, 0x5044, 0x5044, 0x58A5, 0x61A7, 0x5043, 0x5064, 0x4863, 0x4863, 0x4863, 0x4843, 0x4843, 0x4063, 0x18C5,
    0x18C5, 0x18C5, 0x18C5, 0x18C5, 0x18C5, 0x18C5, 0x18C5, 0x18C5, 0x18C5, 0x18C5, 0x18C5, 0x18C5, 0x18C5, 0x18C5, 0x18C5, 0x18C5,
    0x18C5, 0x18C5, 0x18C5, 0x18C5, 0x18C5, 0x18C5, 0x18C5, 0x18C5, 0x50E5, 0x8105, 0x8126, 0x8926, 0x8946, 0x9146, 0x9167, 0x9967,
    0x91E8, 0x8A28, 0xA9A7, 0xA187, 0xB36C, 0xBDD3, 0xB30B, 0xB1C8, 0xAB4C, 0xBA49, 0xC229, 0xC249, 0xC269, 0xCA6A, 0xCA8A, 0xCAAA,
    0xD2AA, 0xD2CA, 0xDACA, 0xDAEB, 0xDB0B, 0xE30B, 0xE32B, 0xE32B, 0xE34B, 0xEB6C, 0xEB6C, 0xEB8C, 0xEB8C, 0xF38C, 0xF36C, 0xF36C,
    0xF36C, 0xF36C, 0xF34C, 0xF34C, 0xF34C, 0xF32C, 0xF32C, 0xF32C, 0xF30C, 0xF30C, 0xF30C, 0xF2EC, 0xF2EC, 0xF2EB, 0xF2CB, 0xF2CB,
    0xF2AB, 0xEAAB, 0xEA8B, 0xEA8B, 0xEA8B, 0xEA6B, 0xEA6B, 0xEA4B, 0xEA4B, 0xEA2A, 0xEA2A, 0xEA2A, 0xE20A, 0xE20A, 0xE1EA, 0xE1EA,
    0xE1CA, 0xE1CA, 0xE1CA, 0xE1AA, 0xE1AA, 0xE189, 0xE189, 0xD989, 0xD969, 0xD969, 0xD169, 0xD169, 0xD169, 0xD169, 0xC949, 0xC949,
    0xC948, 0xC148, 0xC148, 0xC128, 0xB928, 0xB928, 0xB928, 0xB928, 0xB128, 0xB108, 0xB107, 0xA907, 0xA907, 0xA907, 0xA0E7, 0xA0E7,
    0xA0E7, 0x98E7, 0x98E7, 0x90C7, 0x90C6, 0x90C6, 0x88C6, 0x88C6, 0x88A6, 0x80A6, 0x80A6, 0x78A6, 0x78A5, 0x7885, 0x7085, 0x7085,
    0x6885, 0x6885, 0x6885, 0x6885, 0x6885, 0x6885, 0x6085, 0x6064, 0x6084, 0x6064, 0x6084, 0x828A, 0x5864, 0x7167, 0xC5F4, 0x932C,
    0x5003, 0x5044, 0x5926, 0x5946, 0x5023, 0x5064, 0x4863, 0x4863, 0x4843, 0x4843, 0x4043, 0x3084, 0x18C5, 0x18C5, 0x18C5, 0x18C5,
    0x18C5, 0x18C5, 0x18C5, 0x18C5, 0x18C5, 0x18C5, 0x18C5, 0x18C5, 0x18C5, 0x18C5, 0x18C5, 0x18C5, 0x18C5, 0x18C5, 0x18C5, 0x18C5,
    0x18C5, 0x18C5, 0x18C5, 0x28C5, 0x7905, 0x8126, 0x8926, 0x8946, 0x9146, 0x9166, 0x9967, 0x9987, 0x8249, 0xA1A7, 0xA187, 0xAA69,
    0xBDB3, 0xBBEE, 0xB187, 0xAB2B, 0xB2AA, 0xC208, 0xC249, 0xC249, 0xCA69, 0xCA8A, 0xCA8A, 0xD2AA, 0xD2AA, 0xD2CA, 0xDAEB, 0xDAEB,
    0xDB0B, 0xE30B, 0xE32B, 0xE34B, 0xEB4C, 0xEB6C, 0xEB6C, 0xF38C, 0xF38C, 0xF38C, 0xF38C, 0xF38C, 0xF36C, 0xF36C, 0xF36C, 0xF34C,
    0xF34C, 0xF34C, 0xF32C, 0xF32C, 0xF32C, 0xF30C, 0xF30C, 0xF2EC, 0xF2EC, 0xF2EB, 0xF2CB, 0xF2CB, 0xF2AB, 0xEAAB, 0xEA8B, 0xEA8B,
    0xEA8B, 0xEA6B, 0xEA6B, 0xEA4B, 0xEA4B, 0xEA2A, 0xEA2A, 0xEA2A, 0xE20A, 0xE20A, 0xE1EA, 0xE1EA, 0xE1CA, 0xE1CA, 0xE1CA, 0xE1AA,
    0xE1AA, 0xE189, 0xE189, 0xD989, 0xD969, 0xD969, 0xD169, 0xD169, 0xD169, 0xD169, 0xC949, 0xC949, 0xC948, 0xC148, 0xC148, 0xC128,
    0xC128, 0xB928, 0xB928, 0xB928, 0xB128, 0xB108, 0xB108, 0xA907, 0xA907, 0xA907, 0xA107, 0xA0E7, 0xA0E7, 0x98E7, 0x98E7, 0x98C7,
    0x90C6, 0x90C6, 0x88C6, 0x88C6, 0x88C6, 0x80A6, 0x80A6, 0x80A6, 0x78A5, 0x7885, 0x7085, 0x7085, 0x7085, 0x6885, 0x6885, 0x6885,
    0x6885, 0x6885, 0x6885, 0x6085, 0x6064, 0x6084, 0x6044, 0x6906, 0x7A6A, 0x5002, 0x8AAB, 0xC5F4, 0x71C8, 0x5023, 0x5044, 0x61A7,
    0x50A4, 0x5043, 0x5063, 0x4863, 0x4863, 0x4843, 0x4043, 0x4043, 0x20A5, 0x18C5, 0x18C5, 0x18C5, 0x18C5, 0x18C5, 0x18C5, 0x18C5,
    0x18C5, 0x18C5, 0x18C5, 0x18C5, 0x18C5, 0x18C5, 0x18C5, 0x18C5, 0x18C5, 0x18C5, 0x18C5, 0x18C5, 0x18C5, 0x18C5, 0x18C5, 0x60E5,
    0x8106, 0x8126, 0x8926, 0x8946, 0x9146, 0x9167, 0x9967, 0x8A28, 0x99C8, 0xA187, 0xA9C8, 0xBCF1, 0xBD11, 0xB1C8, 0xAAAA, 0xB30B,
    0xBA08, 0xC249, 0xC249, 0xC269, 0xCA6A, 0xCA8A, 0xD28A, 0xD2AA, 0xD2CA, 0xDACA, 0xDAEB, 0xDAEB, 0xE30B, 0xE32B, 0xE32B, 0xEB4B,
    0xEB4C, 0xEB6C, 0xEB8C, 0xF38C, 0xF38C, 0xF38C, 0xF38C, 0xF38C, 0xF36C, 0xF36C, 0xF36C, 0xF34C, 0xF34C, 0xF34C, 0xF32C, 0xF32C,
    0xF32C, 0xF30C, 0xF30C, 0xF2EC, 0xF2EC, 0xF2EB, 0xF2CB, 0xF2CB, 0xF2AB, 0xEAAB, 0xEA8B, 0xEA8B, 0xEA8B, 0xEA6B, 0xEA6B, 0xEA4B,
    0xEA4B, 0xEA2A, 0xEA2A, 0xEA2A, 0xE20A, 0xE20A, 0xE1EA, 0xE1EA, 0xE1CA, 0xE1CA, 0xE1CA, 0xE1AA, 0xE1AA, 0xE189, 0xE189, 0xD989,
    0xD969, 0xD969, 0xD169, 0xD169, 0xD169, 0xD169, 0xC949, 0xC949, 0xC948, 0xC148, 0xC148, 0xC128, 0xB928, 0xB928, 0xB928, 0xB928,
    0xB128, 0xB108, 0xB108, 0xA907, 0xA907, 0xA907, 0xA107, 0xA0E7, 0xA0E7, 0x98E7, 0x98E7, 0x98C7, 0x90C6, 0x90C6, 0x90C6, 0x88C6,
    0x88C6, 0x80A6, 0x80A6, 0x80A6, 0x78A5, 0x7885, 0x7085, 0x7085, 0x7085, 0x6885, 0x6885, 0x6885, 0x6885, 0x6885, 0x6885, 0x6885,
    0x6084, 0x6064, 0x6085, 0x5824, 0x71A8, 0x71C8, 0x5003, 0xAC4F, 0xBD32, 0x58A5, 0x5043, 0x58A4, 0x61A7, 0x5043, 0x5063, 0x4863,
    0x4863, 0x4843, 0x4843, 0x4843, 0x3864, 0x18C5, 0x18C5, 0x18C5, 0x18C5, 0x18C5, 0x18C5, 0x18C5, 0x18C5, 0x18C5, 0x18C5, 0x18C5,
    0x18C5, 0x18C5, 0x18C5, 0x18C5, 0x18C5, 0x18C5, 0x18C5, 0x18C5, 0x18C5, 0x18C5, 0x38E5, 0x8105, 0x8106, 0x8926, 0x8926, 0x9146,
    0x9166, 0x9946, 0x91C8, 0x8A28, 0xA187, 0xA167, 0xB3AD, 0xBDD3, 0xB28A, 0xB208, 0xAB4C, 0xBA08, 0xBA29, 0xC249, 0xC249, 0xCA69,
    0xCA6A, 0xCA8A, 0xD2AA, 0xD2AA, 0xDACA, 0xDACB, 0xDAEB, 0xE30B, 0xE30B, 0xE32B, 0xE32B, 0xEB4C, 0xEB4C, 0xEB6C, 0xF36C, 0xF38C,
    0xF38C, 0xF38C, 0xF38C, 0xF38C, 0xF36C, 0xF36C, 0xF36C, 0xF34C, 0xF34C, 0xF34C, 0xF32C, 0xF32C, 0xF32C, 0xF30C, 0xF30C, 0xF2EC,
    0xF2EC, 0xF2CB, 0xF2CB, 0xF2CB, 0xF2AB, 0xEAAB, 0xEA8B, 0xEA8B, 0xEA8B, 0xEA6B, 0xEA6B, 0xEA4B, 0xEA4B, 0xEA2A, 0xEA2A, 0xEA2A,
    0xE20A, 0xE20A, 0xE1EA, 0xE1EA, 0xE1CA, 0xE1CA, 0xE1CA, 0xE1AA, 0xE1AA, 0xE189, 0xE189, 0xD989, 0xD969, 0xD969, 0xD169, 0xD169,
    0xD169, 0xD169, 0xC949, 0xC949, 0xC948, 0xC148, 0xC148, 0xC128, 0xB928, 0xB928, 0xB928, 0xB928, 0xB128, 0xB108, 0xB108, 0xA907,
    0xA907, 0xA907, 0xA107, 0xA0E7, 0xA0E7, 0x98E7, 0x98E7, 0x98C7, 0x90C6, 0x90C6, 0x90C6, 0x88C6, 0x88C6, 0x80A6, 0x80A6, 0x80A6,
    0x78A6, 0x7885, 0x7885, 0x7085, 0x7085, 0x7085, 0x6885, 0x6885, 0x6885, 0x6885, 0x6885, 0x6885, 0x6885, 0x6084, 0x6064, 0x6084,
    0x5844, 0x7A49, 0x60E5, 0x60C5, 0xC5B3, 0x9BAD, 0x5023, 0x5044, 0x5946, 0x5926, 0x5023, 0x5064, 0x4863, 0x4863, 0x4843, 0x4843,
    0x4043, 0x28A5, 0x18C5, 0x18C5, 0x18C5, 0x18C5, 0x18C5, 0x18C5, 0x18C5, 0x18C5, 0x18C5, 0x18C5, 0x18C5, 0x18C5, 0x18C5, 0x18C5,
    0x18C5, 0x18C5, 0x18C5, 0x18C5, 0x18C5, 0x18C5, 0x68E5, 0x8105, 0x8106, 0x8926, 0x8926, 0x9146, 0x9146, 0x9967, 0x8249, 0xA1A7,
    0xA167, 0xAA49, 0xBDB3, 0xB3CD, 0xB187, 0xAB2C, 0xB249, 0xBA09, 0xC229, 0xC249, 0xC249, 0xCA6A, 0xCA8A, 0xD28A, 0xD2AA, 0xD2AA,
    0xDACA, 0xDACB, 0xDAEB, 0xE30B, 0xE30B, 0xE32B, 0xEB2B, 0xEB4C, 0xEB4C, 0xEB6C, 0xF36C, 0xF36C, 0xF38C, 0xF38C, 0xF38C, 0xF36C,
    0xF36C, 0xF36C, 0xF36C, 0xF34C, 0xF34C, 0xF34C, 0xF32C, 0xF32C, 0xF32C, 0xF30C, 0xF30C, 0xF2EC, 0xF2EC, 0xF2EB, 0xF2CB, 0xF2CB,
    0xF2AB, 0xEAAB, 0xEA8B, 0xEA8B, 0xEA8B, 0xEA6B, 0xEA6B, 0xEA4B, 0xEA4B, 0xEA2A, 0xEA2A, 0xEA2A, 0xE20A, 0xE20A, 0xE1EA, 0xE1EA,
    0xE1CA, 0xE1CA, 0xE1CA, 0xE1AA, 0xE1AA, 0xE189, 0xE189, 0xD989, 0xD969, 0xD969, 0xD169, 0xD169, 0xD169, 0xD169, 0xC949, 0xC949,
    0xC949, 0xC148, 0xC148, 0xC128, 0xB928, 0xB928, 0xB928, 0xB928, 0xB128, 0xB108, 0xB108, 0xA907, 0xA907, 0xA907, 0xA107, 0xA0E7,
    0xA0E7, 0xA0E7, 0x98E7, 0x98E7, 0x90C7, 0x90C6, 0x90C6, 0x88C6, 0x88C6, 0x88A6, 0x80A6, 0x80A6, 0x78A6, 0x78A5, 0x7885, 0x7085,
    0x7085, 0x7085, 0x7085, 0x6885, 0x6885, 0x6885, 0x6885, 0x6885, 0x6885, 0x6085, 0x6064, 0x6084, 0x6064, 0x60A5, 0x828A, 0x5003,
    0x826A, 0xC5F4, 0x71C8, 0x5023, 0x5864, 0x61A7, 0x5084, 0x5043, 0x4863, 0x4863, 0x4863, 0x4843, 0x4843, 0x4063, 0x18C5, 0x18C5,
    0x18C5, 0x18C5, 0x18C5, 0x18C5, 0x18C5, 0x18C5, 0x18C5, 0x18C5, 0x18C5, 0x18C5, 0x18C5, 0x18C5, 0x18C5, 0x18C5, 0x18C5, 0x18C5,
    0x18C5, 0x38C5, 0x8105, 0x8106, 0x8926, 0x8926, 0x9146, 0x9146, 0x9946, 0x8A08, 0x91E8, 0xA187, 0xA187, 0xB4B0, 0xBD31, 0xB1A8,
    0xAAAA, 0xB2CB, 0xB9E8, 0xBA29, 0xC229, 0xC249, 0xCA49, 0xCA6A, 0xD28A, 0xD28A, 0xD2AA, 0xDAAA, 0xDACB, 0xDAEB, 0xE2EB, 0xE30B,
    0xE30B, 0xE32B, 0xEB2C, 0xEB4C, 0xEB4C, 0xF36C, 0xF36C, 0xF36C, 0xF36C, 0xF38C, 0xF38C, 0xF36C, 0xF36C, 0xF36C, 0xF36C, 0xF34C,
    0xF34C, 0xF34C, 0xF32C, 0xF32C, 0xF30C, 0xF30C, 0xF30C, 0xF2EC, 0xF2EC, 0xF2CB, 0xF2CB, 0xF2CB, 0xF2AB, 0xEAAB, 0xEA8B, 0xEA8B,
    0xEA6B, 0xEA6B, 0xEA6B, 0xEA4B, 0xEA4B, 0xEA2A, 0xEA2A, 0xEA0A, 0xE20A, 0xE20A, 0xE1EA, 0xE1EA, 0xE1CA, 0xE1CA, 0xE1AA, 0xE1AA,
    0xE1AA, 0xE189, 0xE189, 0xD989, 0xD969, 0xD969, 0xD169, 0xD169, 0xD169, 0xC969, 0xC949, 0xC949, 0xC948, 0xC148, 0xC148, 0xC128,
    0xB928, 0xB928, 0xB928, 0xB928, 0xB128, 0xB108, 0xB108, 0xA907, 0xA907, 0xA907, 0xA907, 0xA0E7, 0xA0E7, 0xA0E7, 0x98E7, 0x98E7,
    0x98C7, 0x90C6, 0x90C6, 0x88C6, 0x88C6, 0x88A6, 0x80A6, 0x80A6, 0x80A6, 0x78A5, 0x7885, 0x7085, 0x7085, 0x7085, 0x7085, 0x6885,
    0x6885, 0x6885, 0x6885, 0x6885, 0x6885, 0x6885, 0x6085, 0x6064, 0x6085, 0x6024, 0x7187, 0x71E8, 0x5003, 0xAC70, 0xB4F1, 0x5864,
    0x5043, 0x58E5, 0x5986, 0x5023, 0x5063, 0x4863, 0x4863, 0x4843, 0x4843, 0x4043, 0x28A4, 0x18C5, 0x18C5, 0x18C5, 0x18C5, 0x18C5,
    0x18C5, 0x18C5, 0x18C5, 0x18C5, 0x18C5, 0x18C5, 0x18C5, 0x18C5, 0x18C5, 0x18C5, 0x18C5, 0x18C5, 0x18C5, 0x68E5, 0x8105, 0x8106,
    0x8926, 0x8926, 0x9146, 0x9146, 0x9187, 0x8229, 0xA187, 0xA147, 0xAB0B, 0xBDD3, 0xB2CB, 0xB1C8, 0xAB2C, 0xB9E8, 0xBA09, 0xC229,
    0xC229, 0xCA49, 0xCA69, 0xCA6A, 0xD28A, 0xD28A, 0xD2AA, 0xDAAA, 0xDACB, 0xDAEB, 0xE2EB, 0xE30B, 0xE30B, 0xEB2B, 0xEB2C, 0xEB4C,
    0xEB4C, 0xF36C, 0xF36C, 0xF36C, 0xF36C, 0xF36C, 0xF36C, 0xF36C, 0xFB6C, 0xF36C, 0xFB6C, 0xFB4C, 0xFB4C, 0xF32C, 0xF32C, 0xF32C,
    0xF30C, 0xF30C, 0xF30C, 0xF2EC, 0xF2EB, 0xF2CB, 0xF2CB, 0xF2AB, 0xEAAB, 0xEAAB, 0xEA8B, 0xEA8B, 0xEA6B, 0xEA6B, 0xEA6B, 0xEA4B,
    0xEA4B, 0xEA2A, 0xEA2A, 0xE20A, 0xE20A, 0xE20A, 0xE1EA, 0xE1EA, 0xE1CA, 0xE1CA, 0xE1AA, 0xE1AA, 0xE1AA, 0xE189, 0xD989, 0xD989,
    0xD969, 0xD969, 0xD169, 0xD169, 0xD169, 0xC969, 0xC949, 0xC949, 0xC948, 0xC148, 0xC148, 0xC148, 0xB928, 0xB928, 0xB928, 0xB928,
    0xB128, 0xB108, 0xB108, 0xA907, 0xA907, 0xA907, 0xA8E7, 0xA0E7, 0xA0E7, 0xA0E7, 0x98E7, 0x98E7, 0x98C7, 0x90C6, 0x90C6, 0x90C6,
    0x88C6, 0x88A6, 0x80A6, 0x80A6, 0x80A6, 0x78A5, 0x7885, 0x7085, 0x7085, 0x7085, 0x7085, 0x7085, 0x6885, 0x6885, 0x6885, 0x6885,
    0x6885, 0x6885, 0x6885, 0x6084, 0x6064, 0x6084, 0x5844, 0x7A49, 0x60C5, 0x6926, 0xC5D3, 0x8AEB, 0x5003, 0x5044, 0x6187, 0x50C5,
    0x5043, 0x5063, 0x4863, 0x4863, 0x4843, 0x4843, 0x3863, 0x18C5, 0x18C5, 0x18C5, 0x18C5, 0x18C5, 0x18C5, 0x18C5, 0x18C5, 0x18C5,
    0x18C5, 0x18C5, 0x18C5, 0x18C5, 0x18C5, 0x18C5, 0x18C5, 0x18C5, 0x38C5, 0x80E5, 0x8105, 0x8906, 0x8926, 0x9126, 0x9146, 0x9926,
    0x8A08, 0x91C8, 0xA167, 0xA1C8, 0xBD52, 0xBC6F, 0xB167, 0xAB0B, 0xB26A, 0xB9E8, 0xBA09, 0xC229, 0xC229, 0xCA49, 0xCA6A, 0xD26A,
    0xD28A, 0xD28A, 0xDAAA, 0xDAAA, 0xDACB, 0xE2EB, 0xE2EB, 0xE30B, 0xEB0B, 0xEB2B, 0xEB2C, 0xEB4C, 0xEB4C, 0xF34C, 0xF36C, 0xF36C,
    0xF36C, 0xF36C, 0xF36C, 0xFB6C, 0xFB6C, 0xFB6C, 0xFB4C, 0xFB4C, 0xF34C, 0xF32C, 0xF32C, 0xF30C, 0xF30C, 0xF30C, 0xF2EC, 0xF2EC,
    0xF2EB, 0xF2CB, 0xF2CB, 0xF2AB, 0xEAAB, 0xEAAB, 0xEA8B, 0xEA8B, 0xEA6B, 0xEA6B, 0xEA4B, 0xEA4B, 0xEA4B, 0xEA2A, 0xEA2A, 0xE20A,
    0xE20A, 0xE20A, 0xE1EA, 0xE1EA, 0xE1CA, 0xE1CA, 0xE1AA, 0xE1AA, 0xE1AA, 0xE189, 0xD989, 0xD989, 0xD969, 0xD969, 0xD169, 0xD169,
    0xD169, 0xC949, 0xC949, 0xC949, 0xC948, 0xC148, 0xC148, 0xC128, 0xB928, 0xB928, 0xB928, 0xB928, 0xB128, 0xB108, 0xB108, 0xA907,
    0xA907, 0xA907, 0xA907, 0xA0E7, 0xA0E7, 0xA0E7, 0x98E7, 0x98E7, 0x98C7, 0x90C6, 0x90C6, 0x90C6, 0x88C6, 0x88A6, 0x80A6, 0x80A6,
    0x80A6, 0x78A5, 0x7885, 0x7885, 0x7085, 0x7085, 0x7085, 0x7085, 0x7085, 0x6885, 0x6885, 0x6885, 0x6885, 0x6885, 0x6885, 0x6085,
    0x6064, 0x6084, 0x6064, 0x68C5, 0x7A6A, 0x5003, 0x934C, 0xC5B3, 0x60E5, 0x5023, 0x58C5, 0x5987, 0x5043, 0x5064, 0x4863, 0x4863,
    0x4843, 0x4843, 0x4043, 0x28A4, 0x18C5, 0x18C5, 0x18C5, 0x18C5, 0x18C5, 0x18C5, 0x18C5, 0x18C5, 0x18C5, 0x18C5, 0x18C5, 0x18C5,
    0x18C5, 0x18C5, 0x18C5, 0x18C5, 0x68E5, 0x80E5, 0x8106, 0x8906, 0x8926, 0x9126, 0x9126, 0x9187, 0x8A28, 0xA167, 0xA147, 0xB38D,
    0xBDB3, 0xB209, 0xAA29, 0xAAEB, 0xB9C8, 0xBA09, 0xC209, 0xC229, 0xCA49, 0xCA49, 0xCA6A, 0xD26A, 0xD28A, 0xD28A, 0xDAAA, 0xDAAA,
    0xDACB, 0xE2EB, 0xE2EB, 0xE30B, 0xEB0B, 0xEB2B, 0xEB2C, 0xEB2C, 0xF34C, 0xF34C, 0xF34C, 0xF36C, 0xF36C, 0xF36C, 0xF36C, 0xF36C,
    0xFB4C, 0xFB4C, 0xFB4C, 0xF34C, 0xF32C, 0xF32C, 0xF32C, 0xF30C, 0xF30C, 0xF30C, 0xF2EC, 0xF2EB, 0xF2CB, 0xF2CB, 0xF2CB, 0xF2AB,
    0xEAAB, 0xEA8B, 0xEA8B, 0xEA8B, 0xEA6B, 0xEA6B, 0xEA4B, 0xEA4B, 0xEA4A, 0xEA2A, 0xEA2A, 0xE20A, 0xE20A, 0xE1EA, 0xE1EA, 0xE1EA,
    0xE1CA, 0xE1CA, 0xE1AA, 0xE1AA, 0xE18A, 0xE189, 0xD989, 0xD989, 0xD969, 0xD969, 0xD169, 0xD169, 0xD169, 0xC949, 0xC949, 0xC949,
    0xC948, 0xC148, 0xC148, 0xC128, 0xB928, 0xB928, 0xB928, 0xB928, 0xB128, 0xB108, 0xB108, 0xA907, 0xA907, 0xA907, 0xA107, 0xA0E7,
    0xA0E7, 0xA0E7, 0x98E7, 0x98E7, 0x98C7, 0x90C7, 0x90C6, 0x90C6, 0x88C6, 0x88A6, 0x88A6, 0x80A6, 0x80A6, 0x78A6, 0x7885, 0x7885,
    0x7085, 0x7085, 0x7085, 0x7085, 0x7085, 0x7085, 0x6885, 0x6885, 0x6885, 0x6885, 0x6885, 0x6885, 0x6085, 0x6064, 0x6085, 0x5824,
    0x71E8, 0x6967, 0x6064, 0xBD72, 0x9BAD, 0x5023, 0x5044, 0x5966, 0x58E5, 0x5043, 0x5063, 0x4863, 0x4863, 0x4843, 0x4843, 0x3863,
    0x18C5, 0x18C5, 0x18C5, 0x18C5, 0x18C5, 0x18C5, 0x18C5, 0x18C5, 0x18C5, 0x18C5, 0x18C5, 0x18C5, 0x18C5, 0x18C5, 0x18C5, 0x38C5,
    0x78E5, 0x8105, 0x8106, 0x8906, 0x9126, 0x9146, 0x9926, 0x8208, 0x99A8, 0xA147, 0xA1E8, 0xBD93, 0xB3CE, 0xB167, 0xAB2C, 0xB209,
    0xB9E8, 0xC209, 0xC209, 0xC229, 0xCA49, 0xCA49, 0xCA6A, 0xD26A, 0xD28A, 0xD28A, 0xDAAA, 0xDAAB, 0xE2CB, 0xE2CB, 0xE2EB, 0xEAEB,
    0xEB0B, 0xEB0B, 0xEB2C, 0xEB2C, 0xF32C, 0xF34C, 0xF34C, 0xF34C, 0xF34C, 0xF34C, 0xF34C, 0xFB4C, 0xFB4C, 0xFB4C, 0xF34C, 0xF32C,
    0xF32C, 0xF32C, 0xF30C, 0xF30C, 0xF30C, 0xF2EC, 0xF2EC, 0xF2EB, 0xF2CB, 0xF2CB, 0xF2AB, 0xEAAB, 0xEAAB, 0xEA8B, 0xEA8B, 0xEA6B,
    0xEA6B, 0xEA6B, 0xEA4B, 0xEA4B, 0xEA2A, 0xEA2A, 0xEA2A, 0xE20A, 0xE20A, 0xE1EA, 0xE1EA, 0xE1CA, 0xE1CA, 0xE1CA, 0xE1AA, 0xE1AA,
    0xE189, 0xE189, 0xD989, 0xD969, 0xD969, 0xD969, 0xD169, 0xD169, 0xD169, 0xC949, 0xC949, 0xC949, 0xC148, 0xC148, 0xC148, 0xC128,
    0xB928, 0xB928, 0xB928, 0xB128, 0xB128, 0xB108, 0xB108, 0xA907, 0xA907, 0xA907, 0xA107, 0xA0E7, 0xA0E7, 0xA0E7, 0x98E7, 0x98E7,
    0x98C7, 0x90C7, 0x90C6, 0x90C6, 0x88C6, 0x88A6, 0x88A6, 0x80A6, 0x80A6, 0x78A6, 0x7885, 0x7885, 0x7085, 0x7085, 0x7085, 0x7085,
    0x7085, 0x7085, 0x6885, 0x6885, 0x6885, 0x6885, 0x6885, 0x6885, 0x6885, 0x6084, 0x6064, 0x6064, 0x6084, 0x7A8A, 0x5823, 0x828A,
    0xC5D3, 0x6946, 0x5023, 0x58A4, 0x61A7, 0x5043, 0x5063, 0x4863, 0x4863, 0x4843, 0x4843, 0x4043, 0x28A4, 0x18C5, 0x18C5, 0x18C5,
    0x18C5, 0x18C5, 0x18C5, 0x18C5, 0x18C5, 0x18C5, 0x18C5, 0x18C5, 0x18C5, 0x18C5, 0x18C5, 0x60C5, 0x80E5, 0x80E5, 0x8906, 0x8906,
    0x9126, 0x9126, 0x9187, 0x8A28, 0xA167, 0xA146, 0xB3CE, 0xBD72, 0xB1C8, 0xAA6A, 0xAACB, 0xB9A8, 0xBA09, 0xC209, 0xC209, 0xCA29,
    0xCA29, 0xCA4A, 0xD26A, 0xD26A, 0xD28A, 0xDA8A, 0xDAAA, 0xDAAB, 0xE2CB, 0xE2CB, 0xE2EB, 0xEAEB, 0xEB0B, 0xEB0B, 0xEB0C, 0xEB2C,
    0xF32C, 0xF32C, 0xF34C, 0xF34C, 0xF34C, 0xF34C, 0xF34C, 0xFB4C, 0xF34C, 0xF34C, 0xF32C, 0xF32C, 0xF32C, 0xF30C, 0xF30C, 0xF30C,
    0xF2EC, 0xF2EC, 0xF2EB, 0xF2CB, 0xF2CB, 0xF2CB, 0xF2AB, 0xEAAB, 0xEAAB, 0xEA8B, 0xEA8B, 0xEA6B, 0xEA6B, 0xEA6B, 0xEA4B, 0xEA4B,
    0xEA2A, 0xEA2A, 0xEA0A, 0xE20A, 0xE20A, 0xE1EA, 0xE1EA, 0xE1CA, 0xE1CA, 0xE1CA, 0xE1AA, 0xE1AA, 0xE189, 0xE189, 0xD989, 0xD969,
    0xD969, 0xD169, 0xD169, 0xD169, 0xD169, 0xC949, 0xC949, 0xC948, 0xC148, 0xC148, 0xC148, 0xC128, 0xB928, 0xB928, 0xB928, 0xB128,
    0xB128, 0xB108, 0xB108, 0xA907, 0xA907, 0xA907, 0xA0E7, 0xA0E7, 0xA0E7, 0xA0E7, 0x98E7, 0x98E7, 0x98C7, 0x90C7, 0x90C6, 0x90C6,
    0x88C6, 0x88C6, 0x88A6, 0x80A6, 0x80A6, 0x78A6, 0x7885, 0x7885, 0x7085, 0x7085, 0x7085, 0x7085, 0x7085, 0x7085, 0x7085, 0x6885,
    0x6885, 0x6885, 0x6885, 0x6885, 0x6885, 0x6085, 0x6064, 0x6085, 0x6024, 0x7187, 0x71C8, 0x5823, 0xB511, 0xA40E, 0x5023, 0x5043,
    0x5966, 0x58E5, 0x5043, 0x5063, 0x4863, 0x4863, 0x4843, 0x4843, 0x3864, 0x18C5, 0x18C5, 0x18C5, 0x18C5, 0x18C5, 0x18C5, 0x18C5,
    0x18C5, 0x18C5, 0x18C5, 0x18C5, 0x18C5, 0x18C5, 0x28C5, 0x78E5, 0x80E5, 0x8106, 0x8906, 0x8906, 0x9126, 0x9926, 0x8A08, 0x99A7,
    0xA127, 0xA9E9, 0xBDB3, 0xB38D, 0xA947, 0xAB2C, 0xB1E8, 0xB9E8, 0xB9E9, 0xC209, 0xC209, 0xCA29, 0xCA29, 0xCA4A, 0xD26A, 0xD26A,
    0xD28A, 0xDA8A, 0xDAAA, 0xDAAB, 0xE2CB, 0xE2CB, 0xE2EB, 0xEAEB, 0xEB0B, 0xEB0B, 0xEB0C, 0xF32C, 0xF32C, 0xF32C, 0xF32C, 0xF32C,
    0xF34C, 0xF34C, 0xF34C, 0xF32C, 0xF32C, 0xF32C, 0xF32C, 0xF32C, 0xF30C, 0xF30C, 0xF30C, 0xF2EC, 0xF2EC, 0xF2EB, 0xF2CB, 0xF2CB,
    0xF2CB, 0xF2AB, 0xEAAB, 0xEAAB, 0xEA8B, 0xEA8B, 0xEA8B, 0xEA6B, 0xEA6B, 0xEA4B, 0xEA4B, 0xEA4A, 0xEA2A, 0xEA2A, 0xE20A, 0xE20A,
    0xE20A, 0xE1EA, 0xE1EA, 0xE1CA, 0xE1CA, 0xE1AA, 0xE1AA, 0xE1AA, 0xE189, 0xE189, 0xD989, 0xD969, 0xD969, 0xD169, 0xD169, 0xD169,
    0xD169, 0xC949, 0xC949, 0xC948, 0xC148, 0xC148, 0xC128, 0xC128, 0xB928, 0xB928, 0xB928, 0xB128, 0xB128, 0xB108, 0xB108, 0xA907,
    0xA907, 0xA907, 0xA0E7, 0xA0E7, 0xA0E7, 0xA0E7, 0x98E7, 0x98E7, 0x98C7, 0x90C7, 0x90C6, 0x90C6, 0x88C6, 0x88C6, 0x88A6, 0x80A6,
    0x80A6, 0x80A6, 0x7885, 0x7885, 0x7085, 0x7085, 0x7085, 0x7085, 0x7085, 0x7085, 0x7085, 0x7085, 0x6885, 0x6885, 0x6885, 0x6885,
    0x6885, 0x6885, 0x6084, 0x6064, 0x6084, 0x6064, 0x828A, 0x5844, 0x8229, 0xC5F4, 0x6967, 0x5003, 0x58A4, 0x6187, 0x5043, 0x5063,
    0x4863, 0x4863, 0x4843, 0x4843, 0x4043, 0x20A5, 0x18C5, 0x18C5, 0x18C5, 0x18C5, 0x18C5, 0x18C5, 0x18C5, 0x18C5, 0x18C5, 0x18C5,
    0x18C5, 0x18C5, 0x50C5, 0x78E5, 0x80E5, 0x88E6, 0x8906, 0x9126, 0x9126, 0x9167, 0x8A08, 0xA147, 0xA126, 0xB3CE, 0xBD72, 0xB1A8,
    0xAA6A, 0xAAAA, 0xB9A8, 0xB9E9, 0xC1E9, 0xC209, 0xC209, 0xCA29, 0xCA29, 0xD24A, 0xD26A, 0xD26A, 0xDA8A, 0xDA8A, 0xDAAA, 0xE2AB,
    0xE2CB, 0xE2CB, 0xEACB, 0xEAEB, 0xEAEB, 0xEB0B, 0xEB0B, 0xF30C, 0xF32C, 0xF32C, 0xF32C, 0xF32C, 0xF32C, 0xF32C, 0xF32C, 0xF32C,
    0xF32C, 0xF32C, 0xF32C, 0xF30C, 0xF30C, 0xF30C, 0xF30C, 0xF2EC, 0xF2EC, 0xF2EB, 0xF2CB, 0xF2CB, 0xF2CB, 0xF2AB, 0xEAAB, 0xEAAB,
    0xEA8B, 0xEA8B, 0xEA6B, 0xEA6B, 0xEA6B, 0xEA4B, 0xEA4B, 0xEA2A, 0xEA2A, 0xEA2A, 0xE20A, 0xE20A, 0xE1EA, 0xE1EA, 0xE1EA, 0xE1CA,
    0xE1CA, 0xE1AA, 0xE1AA, 0xE18A, 0xE189, 0xD989, 0xD989, 0xD969, 0xD969, 0xD169, 0xD169, 0xD169, 0xC969, 0xC949, 0xC949, 0xC948,
    0xC148, 0xC148, 0xC128, 0xB928, 0xB928, 0xB928, 0xB928, 0xB128, 0xB108, 0xB108, 0xA908, 0xA907, 0xA907, 0xA907, 0xA0E7, 0xA0E7,
    0xA0E7, 0x98E7, 0x98E7, 0x98E7, 0x98C7, 0x90C7, 0x90C6, 0x90C6, 0x88C6, 0x88A6, 0x88A6, 0x80A6, 0x80A6, 0x80A6, 0x7885, 0x7885,
    0x7885, 0x7085, 0x7085, 0x7085, 0x7085, 0x7085, 0x7085, 0x7085, 0x6885, 0x6885, 0x6885, 0x6885, 0x6885, 0x6885, 0x6085, 0x6064,
    0x6085, 0x6044, 0x7167, 0x71C8, 0x5823, 0xB511, 0x9BEE, 0x5023, 0x5044, 0x5966, 0x50C5, 0x5043, 0x5063, 0x4863, 0x4863, 0x4843,
    0x4843, 0x3084, 0x18C5, 0x18C5, 0x18C5, 0x18C5, 0x18C5, 0x18C5, 0x18C5, 0x18C5, 0x18C5, 0x18C5, 0x18C5, 0x20C5, 0x70C5, 0x80E5,
    0x80E5, 0x8906, 0x8906, 0x9126, 0x9906, 0x89E8, 0x91A8, 0xA126, 0xA1C8, 0xBD72, 0xB3AD, 0xA947, 0xAB0C, 0xB1C8, 0xB9C8, 0xB9E9,
    0xC1E9, 0xC209, 0xCA09, 0xCA29, 0xCA29, 0xD24A, 0xD24A, 0xD26A, 0xDA6A, 0xDA8A, 0xDA8A, 0xE2AB, 0xE2AB, 0xE2CB, 0xEACB, 0xEAEB,
    0xEAEB, 0xEAEB, 0xEB0C, 0xF30C, 0xF30C, 0xF32C, 0xF32C, 0xF32C, 0xF32C, 0xF32C, 0xF32C, 0xF32C, 0xF32C, 0xF30C, 0xF30C, 0xF30C,
    0xF30C, 0xF2EC, 0xF2EC, 0xF2EC, 0xF2EB, 0xF2CB, 0xF2CB, 0xF2CB, 0xF2AB, 0xEAAB, 0xEAAB, 0xEA8B, 0xEA8B, 0xEA8B, 0xEA6B, 0xEA6B,
    0xEA4B, 0xEA4B, 0xEA4B, 0xEA2A, 0xEA2A, 0xE20A, 0xE20A, 0xE20A, 0xE1EA, 0xE1EA, 0xE1CA, 0xE1CA, 0xE1CA, 0xE1AA, 0xE1AA, 0xE189,
    0xE189, 0xD989, 0xD969, 0xD969, 0xD969, 0xD169, 0xD169, 0xD169, 0xC949, 0xC949, 0xC949, 0xC948, 0xC148, 0xC148, 0xC128, 0xB928,
    0xB928, 0xB928, 0xB928, 0xB128, 0xB108, 0xB108, 0xA907, 0xA907, 0xA907, 0xA907, 0xA0E7, 0xA0E7, 0xA0E7, 0x98E7, 0x98E7, 0x98E7,
    0x98C7, 0x90C6, 0x90C6, 0x90C6, 0x88C6, 0x88A6, 0x88A6, 0x80A6, 0x80A6, 0x80A6, 0x7886, 0x7885, 0x7885, 0x7085, 0x7085, 0x7085,
    0x7085, 0x7085, 0x7085, 0x7085, 0x7085, 0x6885, 0x6885, 0x6885, 0x6885, 0x6885, 0x6885, 0x6084, 0x6064, 0x6084, 0x6064, 0x7A8A,
    0x5844, 0x828A, 0xC5D3, 0x6946, 0x5023, 0x58C5, 0x5986, 0x5043, 0x5063, 0x4863, 0x4863, 0x4843, 0x4843, 0x4063, 0x18C5, 0x18C5,
    0x18C5, 0x18C5, 0x18C5, 0x18C5, 0x18C5, 0x18C5, 0x18C5, 0x18C5, 0x18C5, 0x40C5, 0x78C5, 0x80E5, 0x80E5, 0x8906, 0x8906, 0x9106,
    0x9126, 0x8208, 0x9947, 0xA106, 0xAB4D, 0xBDB3, 0xB1C8, 0xAA29, 0xAAAA, 0xB988, 0xB9E8, 0xC1E9, 0xC1E9, 0xC209, 0xCA09, 0xCA29,
    0xCA29, 0xD24A, 0xD24A, 0xDA6A, 0xDA6A, 0xDA8A, 0xDA8A, 0xE2AB, 0xE2AB, 0xE2CB, 0xEACB, 0xEACB, 0xEAEB, 0xEAEB, 0xEAEB, 0xF30B,
    0xF30C, 0xF30C, 0xF30C, 0xF30C, 0xF30C, 0xF30C, 0xF30C, 0xF30C, 0xF30C, 0xF30C, 0xF30C, 0xF30C, 0xF2EC, 0xF2EC, 0xF2EC, 0xF2EB,
    0xF2CB, 0xF2CB, 0xF2CB, 0xF2AB, 0xEAAB, 0xEAAB, 0xEA8B, 0xEA8B, 0xEA8B, 0xEA6B, 0xEA6B, 0xEA6B, 0xEA4B, 0xEA4B, 0xEA2A, 0xEA2A,
    0xEA2A, 0xE20A, 0xE20A, 0xE1EA, 0xE1EA, 0xE1EA, 0xE1CA, 0xE1CA, 0xE1AA, 0xE1AA, 0xE1AA, 0xE189, 0xE189, 0xD989, 0xD969, 0xD969,
    0xD169, 0xD169, 0xD169, 0xD169, 0xC949, 0xC949, 0xC949, 0xC148, 0xC148, 0xC148, 0xC128, 0xB928, 0xB928, 0xB928, 0xB128, 0xB128,
    0xB108, 0xB108, 0xA907, 0xA907, 0xA907, 0xA907, 0xA0E7, 0xA0E7, 0xA0E7, 0x98E7, 0x98E7, 0x98C7, 0x98C7, 0x90C6, 0x90C6, 0x90C6,
    0x88C6, 0x88A6, 0x88A6, 0x80A6, 0x80A6, 0x80A6, 0x78A6, 0x7885, 0x7885, 0x7885, 0x7085, 0x7085, 0x7085, 0x7085, 0x7085, 0x7085,
    0x7085, 0x6885, 0x6885, 0x6885, 0x6885, 0x6885, 0x6885, 0x6085, 0x6064, 0x6085, 0x6044, 0x7187, 0x71A7, 0x5844, 0xBD52, 0x938D,
    0x5003, 0x5864, 0x6187, 0x50A4, 0x5043, 0x4863, 0x4863, 0x4843, 0x4843, 0x4043, 0x28A4, 0x18C5, 0x18C5, 0x18C5, 0x18C5, 0x18C5,
    0x18C5, 0x18C5, 0x18C5, 0x18C5, 0x18C5, 0x60C5, 0x78C5, 0x80E5, 0x88E6, 0x8906, 0x8906, 0x9106, 0x89A7, 0x89C8, 0xA126, 0xA167,
    0xBD31, 0xB42F, 0xA927, 0xAB0B, 0xB1C8, 0xB9A8, 0xB9C8, 0xC1E9, 0xC1E9, 0xC209, 0xCA09, 0xCA29, 0xCA2A, 0xD24A, 0xD24A, 0xDA6A,
    0xDA6A, 0xDA8A, 0xE28A, 0xE2AB, 0xE2AB, 0xE2AB, 0xEACB, 0xEACB, 0xEACB, 0xEAEB, 0xEAEB, 0xF2EC, 0xF30C, 0xF30C, 0xF30C, 0xF30C,
    0xF30C, 0xF30C, 0xF30C, 0xF30C, 0xF30C, 0xF30C, 0xF2EC, 0xF2EC, 0xF2EC, 0xF2EB, 0xF2EB, 0xF2CB, 0xF2CB, 0xF2CB, 0xF2AB, 0xEAAB,
    0xEAAB, 0xEA8B, 0xEA8B, 0xEA8B, 0xEA6B, 0xEA6B, 0xEA6B, 0xEA4B, 0xEA4B, 0xEA4B, 0xEA2A, 0xEA2A, 0xEA0A, 0xE20A, 0xE20A, 0xE1EA,
    0xE1EA, 0xE1EA, 0xE1CA, 0xE1CA, 0xE1AA, 0xE1AA, 0xE1AA, 0xE189, 0xD989, 0xD989, 0xD969, 0xD969, 0xD169, 0xD169, 0xD169, 0xD169,
    0xC949, 0xC949, 0xC948, 0xC148, 0xC148, 0xC148, 0xC128, 0xB928, 0xB928, 0xB928, 0xB128, 0xB108, 0xB108, 0xB108, 0xA907, 0xA907,
    0xA907, 0xA107, 0xA0E7, 0xA0E7, 0xA0E7, 0x98E7, 0x98E7, 0x98C7, 0x90C7, 0x90C6, 0x90C6, 0x90C6, 0x88C6, 0x88A6, 0x88A6, 0x80A6,
    0x80A6, 0x80A6, 0x78A6, 0x7885, 0x7885, 0x7885, 0x7885, 0x7085, 0x7085, 0x7085, 0x7085, 0x7085, 0x7085, 0x7085, 0x6885, 0x6885,
    0x6885, 0x6885, 0x6885, 0x6885, 0x6084, 0x6064, 0x6064, 0x6064, 0x7A6A, 0x5823, 0x930C, 0xBD92, 0x60C5, 0x5023, 0x5905, 0x5946,
    0x5023, 0x5063, 0x4863, 0x4863, 0x4843, 0x4843, 0x3863, 0x18C5, 0x18C5, 0x18C5, 0x18C5, 0x18C5, 0x18C5, 0x18C5, 0x18C5, 0x18C5,
    0x28C5, 0x78C5, 0x78C5, 0x80E5, 0x88E6, 0x8906, 0x9106, 0x9106, 0x8208, 0x9967, 0xA106, 0xAAAB, 0xBDD3, 0xB229, 0xA9E8, 0xAACB,
    0xB968, 0xB9C8, 0xB9C8, 0xC1C9, 0xC1E9, 0xC209, 0xCA09, 0xCA29, 0xD229, 0xD24A, 0xD24A, 0xDA6A, 0xDA6A, 0xDA8A, 0xE28A, 0xE28B,
    0xE2AB, 0xE2AB, 0xEACB, 0xEACB, 0xEACB, 0xEAEB, 0xF2EB, 0xF2EB, 0xF2EC, 0xF2EC, 0xF30C, 0xF30C, 0xF30C, 0xF30C, 0xF30C, 0xF2EC,
    0xF2EC, 0xF2EC, 0xF2EC, 0xF2EB, 0xF2EB, 0xF2CB, 0xF2CB, 0xF2CB, 0xF2CB, 0xF2AB, 0xEAAB, 0xEAAB, 0xEAAB, 0xEA8B, 0xEA8B, 0xEA8B,
    0xEA6B, 0xEA6B, 0xEA6B, 0xEA4B, 0xEA4B, 0xEA2A, 0xEA2A, 0xEA2A, 0xE20A, 0xE20A, 0xE20A, 0xE1EA, 0xE1EA, 0xE1CA, 0xE1CA, 0xE1CA,
    0xE1AA, 0xE1AA, 0xE189, 0xE189, 0xD989, 0xD989, 0xD969, 0xD969, 0xD169, 0xD169, 0xD169, 0xC949, 0xC949, 0xC949, 0xC948, 0xC148,
    0xC148, 0xC128, 0xB928, 0xB928, 0xB928, 0xB928, 0xB128, 0xB108, 0xB108, 0xB108, 0xA907, 0xA907, 0xA907, 0xA0E7, 0xA0E7, 0xA0E7,
    0xA0E7, 0x98E7, 0x98E7, 0x98C7, 0x90C7, 0x90C6, 0x90C6, 0x90C6, 0x88C6, 0x88A6, 0x88A6, 0x80A6, 0x80A6, 0x80A6, 0x78A6, 0x7885,
    0x7885, 0x7885, 0x7885, 0x7085, 0x7085, 0x7085, 0x7085, 0x7085, 0x7085, 0x7085, 0x7085, 0x6885, 0x6885, 0x6885, 0x6885, 0x6885,
    0x6085, 0x6064, 0x6085, 0x6024, 0x71C8, 0x6946, 0x60C5, 0xC5B3, 0x82AA, 0x5003, 0x5884, 0x61A7, 0x5064, 0x5063, 0x4863, 0x4863,
    0x4843, 0x4843, 0x4043, 0x20C5, 0x18C5, 0x18C5, 0x18C5, 0x18C5, 0x18C5, 0x18C5, 0x18C5, 0x18C5, 0x40C5, 0x78C5, 0x78E5, 0x80E5,
    0x88E6, 0x8906, 0x90E6, 0x9147, 0x89E8, 0xA127, 0xA106, 0xB470, 0xBCD1, 0xA927, 0xAACB, 0xB209, 0xB988, 0xB9A8, 0xB9C8, 0xC1C9,
    0xC1E9, 0xC9E9, 0xCA09, 0xCA09, 0xD22A, 0xD22A, 0xD24A, 0xDA4A, 0xDA6A, 0xDA6A, 0xE28A, 0xE28B, 0xE2AB, 0xEAAB, 0xEAAB, 0xEACB,
    0xEACB, 0xEACB, 0xEACB, 0xF2EB, 0xF2EC, 0xF2EC, 0xF2EC, 0xF2EC, 0xF2EC, 0xF2EC, 0xF2EC, 0xF2EC, 0xF2EC, 0xF2EB, 0xF2EB, 0xF2EB,
    0xF2CB, 0xF2CB, 0xF2CB, 0xF2CB, 0xF2AB, 0xEAAB, 0xEAAB, 0xEAAB, 0xEA8B, 0xEA8B, 0xEA8B, 0xEA6B, 0xEA6B, 0xEA6B, 0xEA4B, 0xEA4B,
    0xEA4A, 0xEA2A, 0xEA2A, 0xE20A, 0xE20A, 0xE20A, 0xE1EA, 0xE1EA, 0xE1EA, 0xE1CA, 0xE1CA, 0xE1AA, 0xE1AA, 0xE1AA, 0xE189, 0xE189,
    0xD989, 0xD969, 0xD969, 0xD169, 0xD169, 0xD169, 0xD169, 0xC949, 0xC949, 0xC949, 0xC948, 0xC148, 0xC148, 0xC128, 0xB928, 0xB928,
    0xB928, 0xB928, 0xB128, 0xB108, 0xB108, 0xA907, 0xA907, 0xA907, 0xA907, 0xA0E7, 0xA0E7, 0xA0E7, 0x98E7, 0x98E7, 0x98E7, 0x98C7,
    0x90C7, 0x90C6, 0x90C6, 0x90C6, 0x88C6, 0x88A6, 0x88A6, 0x80A6, 0x80A6, 0x80A6, 0x7885, 0x7885, 0x7885, 0x7885, 0x7885, 0x7885,
    0x7085, 0x7085, 0x7085, 0x7085, 0x7085, 0x7085, 0x7085, 0x6885, 0x6885, 0x6885, 0x6885, 0x6885, 0x6885, 0x6085, 0x6064, 0x6064,
    0x60C5, 0x7A49, 0x5003, 0xA40E, 0xB4D0, 0x5844, 0x5043, 0x5966, 0x58E5, 0x5043, 0x5063, 0x4863, 0x4843, 0x4843, 0x4843, 0x2884,
    0x18C5, 0x18C5, 0x18C5, 0x18C5, 0x18C5, 0x18C5, 0x18C5, 0x18C5, 0x60C5, 0x78C5, 0x80E5, 0x80E5, 0x88E6, 0x8906, 0x90E6, 0x89C8,
    0x91A7, 0xA106, 0xA1C8, 0xBDB3, 0xB30C, 0xA967, 0xAAEB, 0xB168, 0xB9A8, 0xB9A8, 0xC1C8, 0xC1C9, 0xC1E9, 0xC9E9, 0xCA09, 0xCA09,
    0xD22A, 0xD22A, 0xDA4A, 0xDA4A, 0xDA6A, 0xDA6A, 0xE28A, 0xE28B, 0xE28B, 0xEAAB, 0xEAAB, 0xEAAB, 0xEACB, 0xEACB, 0xEACB, 0xF2CB,
    0xF2EB, 0xF2EB, 0xF2EB, 0xF2EC, 0xF2EC, 0xF2EB, 0xF2EB, 0xF2EB, 0xF2CB, 0xF2CB, 0xF2CB, 0xF2CB, 0xF2CB, 0xF2CB, 0xF2AB, 0xF2AB,
    0xEAAB, 0xEAAB, 0xEA8B, 0xEA8B, 0xEA8B, 0xEA8B, 0xEA6B, 0xEA6B, 0xEA6B, 0xEA4B, 0xEA4B, 0xEA4B, 0xEA2A, 0xEA2A, 0xEA2A, 0xE20A,
    0xE20A, 0xE1EA, 0xE1EA, 0xE1EA, 0xE1CA, 0xE1CA, 0xE1CA, 0xE1AA, 0xE1AA, 0xE18A, 0xE189, 0xD989, 0xD989, 0xD969, 0xD969, 0xD169,
    0xD169, 0xD169, 0xD169, 0xC949, 0xC949, 0xC948, 0xC148, 0xC148, 0xC148, 0xC128, 0xB928, 0xB928, 0xB928, 0xB928, 0xB128, 0xB108,
    0xB108, 0xA907, 0xA907, 0xA907, 0xA907, 0xA0E7, 0xA0E7, 0xA0E7, 0x98E7, 0x98E7, 0x98E7, 0x98C7, 0x90C6, 0x90C6, 0x90C6, 0x88C6,
    0x88A6, 0x88A6, 0x88A6, 0x80A6, 0x80A6, 0x80A6, 0x7885, 0x7885, 0x7885, 0x7885, 0x7885, 0x7885, 0x7085, 0x7085, 0x7085, 0x7085,
    0x7085, 0x7085, 0x7085, 0x6885, 0x6885, 0x6885, 0x6885, 0x6885, 0x6885, 0x6085, 0x6064, 0x6085, 0x5844, 0x7A29, 0x60A5, 0x79C8,
    0xC5D3, 0x7187, 0x5003, 0x58E5, 0x5986, 0x5023, 0x5063, 0x4863, 0x4863, 0x4843, 0x4843, 0x3863, 0x18C5, 0x18C5, 0x18C5, 0x18C5,
    0x18C5, 0x18C5, 0x18C5, 0x28C5, 0x70C5, 0x78C5, 0x80E5, 0x80E5, 0x88E6, 0x90E6, 0x9106, 0x81E8, 0x9947, 0x98E6, 0xAB4C, 0xBD93,
    0xA988, 0xAA4A, 0xAA4A, 0xB168, 0xB9A8, 0xB9A8, 0xC1C8, 0xC1C9, 0xC1E9, 0xC9E9, 0xCA09, 0xD209, 0xD22A, 0xD22A, 0xDA4A, 0xDA4A,
    0xDA4A, 0xE26A, 0xE26A, 0xE28B, 0xE28B, 0xEA8B, 0xEAAB, 0xEAAB, 0xEAAB, 0xEACB, 0xEACB, 0xF2CB, 0xF2CB, 0xF2CB, 0xF2CB, 0xF2CB,
    0xF2CB, 0xF2CB, 0xF2CB, 0xF2CB, 0xF2CB, 0xF2CB, 0xF2CB, 0xF2CB, 0xF2AB, 0xF2AB, 0xF2AB, 0xEAAB, 0xEAAB, 0xEA8B, 0xEA8B, 0xEA8B,
    0xEA8B, 0xEA6B, 0xEA6B, 0xEA6B, 0xEA4B, 0xEA4B, 0xEA4B, 0xEA2A, 0xEA2A, 0xEA2A, 0xE20A, 0xE20A, 0xE20A, 0xE1EA, 0xE1EA, 0xE1EA,
    0xE1CA, 0xE1CA, 0xE1AA, 0xE1AA, 0xE1AA, 0xE189, 0xE189, 0xD989, 0xD969, 0xD969, 0xD169, 0xD169, 0xD169, 0xD169, 0xC949, 0xC949,
    0xC949, 0xC948, 0xC148, 0xC148, 0xC148, 0xC128, 0xB928, 0xB928, 0xB928, 0xB128, 0xB108, 0xB108, 0xB108, 0xA907, 0xA907, 0xA907,
    0xA107, 0xA0E7, 0xA0E7, 0xA0E7, 0x98E7, 0x98E7, 0x98C7, 0x90C7, 0x90C6, 0x90C6, 0x90C6, 0x88C6, 0x88A6, 0x88A6, 0x88A6, 0x80A6,
    0x80A6, 0x80A6, 0x7886, 0x7885, 0x7885, 0x7885, 0x7885, 0x7885, 0x7885, 0x7085, 0x7085, 0x7085, 0x7085, 0x7085, 0x7085, 0x7085,
    0x6885, 0x6885, 0x6885, 0x6885, 0x6885, 0x6885, 0x6085, 0x6085, 0x6044, 0x6946, 0x71E8, 0x5844, 0xBD52, 0x938D, 0x5003, 0x5864,
    0x6187, 0x5084, 0x5063, 0x4863, 0x4863, 0x4843, 0x4843, 0x4043, 0x20C5, 0x18C5, 0x18C5, 0x18C5, 0x18C5, 0x18C5, 0x18C5, 0x40C5,
    0x78C5, 0x78C5, 0x80E5, 0x80E6, 0x88E6, 0x90E6, 0x8947, 0x89C8, 0xA106, 0xA126, 0xB4D1, 0xBC4F, 0xA906, 0xAACB, 0xB1A8, 0xB188,
    0xB9A8, 0xB9A8, 0xC1C8, 0xC1C9, 0xC1C9, 0xC9E9, 0xCA09, 0xD209, 0xD20A, 0xD22A, 0xDA2A, 0xDA4A, 0xDA4A, 0xE26A, 0xE26A, 0xE26B,
    0xE28B, 0xEA8B, 0xEA8B, 0xEAAB, 0xEAAB, 0xEAAB, 0xEAAB, 0xF2CB, 0xF2CB, 0xF2CB, 0xF2CB, 0xF2CB, 0xF2CB, 0xF2CB, 0xF2CB, 0xF2CB,
    0xF2CB, 0xF2CB, 0xF2CB, 0xF2AB, 0xF2AB, 0xEAAB, 0xEAAB, 0xEA8B, 0xEA8B, 0xEA8B, 0xEA8B, 0xEA8B, 0xEA6B, 0xEA6B, 0xEA6B, 0xEA4B,
    0xEA4B, 0xEA4B, 0xEA2A, 0xEA2A, 0xEA2A, 0xE20A, 0xE20A, 0xE20A, 0xE1EA, 0xE1EA, 0xE1EA, 0xE1CA, 0xE1CA, 0xE1CA, 0xE1AA, 0xE1AA,
    0xE18A, 0xE189, 0xD989, 0xD989, 0xD969, 0xD969, 0xD169, 0xD169, 0xD169, 0xD169, 0xC949, 0xC949, 0xC949, 0xC948, 0xC148, 0xC148,
    0xC128, 0xB928, 0xB928, 0xB928, 0xB928, 0xB128, 0xB108, 0xB108, 0xA908, 0xA907, 0xA907, 0xA907, 0xA0E7, 0xA0E7, 0xA0E7, 0xA0E7,
    0x98E7, 0x98E7, 0x98C7, 0x90C7, 0x90C6, 0x90C6, 0x90C6, 0x88C6, 0x88A6, 0x88A6, 0x80A6, 0x80A6, 0x80A6, 0x78A6, 0x7886, 0x7885,
    0x7885, 0x7885, 0x7885, 0x7885, 0x7885, 0x7085, 0x7085, 0x7085, 0x7085, 0x7085, 0x7085, 0x7085, 0x6885, 0x6885, 0x6885, 0x6885,
    0x6885, 0x6885, 0x6085, 0x6064, 0x6064, 0x6064, 0x7A49, 0x5803, 0x936D, 0xBD32, 0x5884, 0x5023, 0x5946, 0x58E5, 0x5043, 0x4863,
    0x4863, 0x4843, 0x4843, 0x4843, 0x2884, 0x18C5, 0x18C5, 0x18C5, 0x18C5, 0x18C5, 0x18C5, 0x58C5, 0x78C5, 0x78C5, 0x80E5, 0x88E6,
    0x88E6, 0x90C6, 0x89A8, 0x9187, 0x98E6, 0xA1E9, 0xBDB3, 0xB2AB, 0xA988, 0xAACB, 0xB147, 0xB188, 0xB988, 0xB9A8, 0xC1A8, 0xC1C9,
    0xC1C9, 0xC9E9, 0xC9E9, 0xD209, 0xD209, 0xD22A, 0xDA2A, 0xDA4A, 0xDA4A, 0xE24A, 0xE26A, 0xE26A, 0xE26B, 0xEA8B, 0xEA8B, 0xEA8B,
    0xEAAB, 0xEAAB, 0xEAAB, 0xF2AB, 0xF2AB, 0xF2AB, 0xF2AB, 0xF2CB, 0xF2CB, 0xF2AB, 0xF2AB, 0xF2AB, 0xF2AB, 0xEAAB, 0xEAAB, 0xEAAB,
    0xEAAB, 0xEAAB, 0xEA8B, 0xEA8B, 0xEA8B, 0xEA8B, 0xEA8B, 0xEA6B, 0xEA6B, 0xEA6B, 0xEA4B, 0xEA4B, 0xEA4B, 0xEA4A, 0xEA2A, 0xEA2A,
    0xEA2A, 0xE20A, 0xE20A, 0xE20A, 0xE1EA, 0xE1EA, 0xE1CA, 0xE1CA, 0xE1CA, 0xE1AA, 0xE1AA, 0xE1AA, 0xE189, 0xE189, 0xD989, 0xD969,
    0xD969, 0xD969, 0xD169, 0xD169, 0xD169, 0xC969, 0xC949, 0xC949, 0xC948, 0xC148, 0xC148, 0xC148, 0xC128, 0xB928, 0xB928, 0xB928,
    0xB128, 0xB128, 0xB108, 0xB108, 0xA907, 0xA907, 0xA907, 0xA907, 0xA0E7, 0xA0E7, 0xA0E7, 0x98E7, 0x98E7, 0x98E7, 0x98C7, 0x90C7,
    0x90C6, 0x90C6, 0x90C6, 0x88C6, 0x88A6, 0x88A6, 0x80A6, 0x80A6, 0x80A6, 0x7886, 0x7886, 0x7886, 0x7885, 0x7885, 0x7885, 0x7885,
    0x7885, 0x7885, 0x7085, 0x7085, 0x7085, 0x7085, 0x7085, 0x7085, 0x7085, 0x6885, 0x6885, 0x6885, 0x6885, 0x6885, 0x6885, 0x6084,
    0x6085, 0x5824, 0x79E8, 0x6106, 0x7167, 0xC5D3, 0x71C8, 0x5003, 0x58C5, 0x5966, 0x5043, 0x5063, 0x4863, 0x4863, 0x4843, 0x4843,
    0x3864, 0x18C5, 0x18C5, 0x18C5, 0x18C5, 0x18C5, 0x20C5, 0x68C5, 0x78C5, 0x78C5, 0x80E5, 0x88E6, 0x88E6, 0x90E6, 0x81E8, 0x9927,
    0x98C6, 0xAB4C, 0xBD92, 0xA947, 0xA24A, 0xAA29, 0xB147, 0xB988, 0xB988, 0xB9A8, 0xC1A8, 0xC1C9, 0xC9C9, 0xC9E9, 0xC9E9, 0xD209,
    0xD209, 0xD20A, 0xDA2A, 0xDA2A, 0xDA4A, 0xE24A, 0xE24A, 0xE26A, 0xE26B, 0xEA6B, 0xEA8B, 0xEA8B, 0xEA8B, 0xEAAB, 0xEAAB, 0xEAAB,
    0xEAAB, 0xEAAB, 0xEAAB, 0xEAAB, 0xEAAB, 0xEAAB, 0xEAAB, 0xEAAB, 0xEAAB, 0xEAAB, 0xEAAB, 0xEAAB, 0xEA8B, 0xEA8B, 0xEA8B, 0xEA8B,
    0xEA8B, 0xEA6B, 0xEA6B, 0xEA6B, 0xEA6B, 0xEA4B, 0xEA4B, 0xEA4B, 0xEA2A, 0xEA2A, 0xEA2A, 0xEA2A, 0xE20A, 0xE20A, 0xE20A, 0xE1EA,
    0xE1EA, 0xE1EA, 0xE1CA, 0xE1CA, 0xE1AA, 0xE1AA, 0xE1AA, 0xE189, 0xE189, 0xD989, 0xD989, 0xD969, 0xD989, 0xD989, 0xD169, 0xD169,
    0xD169, 0xC949, 0xC949, 0xC949, 0xC948, 0xC148, 0xC148, 0xC128, 0xB928, 0xB928, 0xB928, 0xB928, 0xB128, 0xB128, 0xB108, 0xB108,
    0xA907, 0xA907, 0xA907, 0xA0E7, 0xA0E7, 0xA0E7, 0xA0E7, 0x98E7, 0x98E7, 0x98E7, 0x98C7, 0x90C6, 0x90C6, 0x90C6, 0x88C6, 0x88A6,
    0x88A6, 0x88A6, 0x80A6, 0x80A6, 0x80A6, 0x7886, 0x7886, 0x7886, 0x7885, 0x7885, 0x7885, 0x7885, 0x7885, 0x7885, 0x7085, 0x7085,
    0x7085, 0x7085, 0x7085, 0x7085, 0x7085, 0x6885, 0x6885, 0x6885, 0x6885, 0x6885, 0x6885, 0x6085, 0x6084, 0x6044, 0x6926, 0x7208,
    0x5824, 0xBD31, 0x938D, 0x5003, 0x5864, 0x61A7, 0x5064, 0x5063, 0x4863, 0x4863, 0x4843, 0x4843, 0x4063, 0x18C5, 0x18C5, 0x18C5,
    0x18C5, 0x18C5, 0x30C5, 0x70C5, 0x78C5, 0x78C5, 0x80E5, 0x88E6, 0x88E6, 0x8926, 0x81E8, 0x98E6, 0x98E6, 0xB4B0, 0xBC70, 0xA8E6,
    0xA2CB, 0xB188, 0xB168, 0xB988, 0xB988, 0xB9A8, 0xC1A8, 0xC1C9, 0xC9C9, 0xC9C9, 0xC9E9, 0xD1E9, 0xD209, 0xD20A, 0xDA2A, 0xDA2A,
    0xDA2A, 0xE24A, 0xE24A, 0xE26A, 0xE26B, 0xEA6B, 0xEA6B, 0xEA8B, 0xEA8B, 0xEA8B, 0xEA8B, 0xEA8B, 0xEAAB, 0xEAAB, 0xEAAB, 0xEAAB,
    0xEAAB, 0xEAAB, 0xEAAB, 0xEAAB, 0xEA8B, 0xEA8B, 0xEA8B, 0xEA8B, 0xEA8B, 0xEA8B, 0xEA8B, 0xEA6B, 0xEA6B, 0xEA6B, 0xEA6B, 0xEA6B,
    0xEA4B, 0xEA4B, 0xEA4B, 0xEA2A, 0xEA2A, 0xEA2A, 0xEA2A, 0xE20A, 0xE20A, 0xE20A, 0xE1EA, 0xE1EA, 0xE1EA, 0xE1CA, 0xE1CA, 0xE1CA,
    0xE1AA, 0xE1AA, 0xE1AA, 0xE189, 0xE189, 0xD989, 0xD989, 0xD989, 0xD128, 0xD108, 0xD128, 0xD169, 0xD169, 0xC949, 0xC949, 0xC949,
    0xC148, 0xC148, 0xC148, 0xC128, 0xB928, 0xB928, 0xB928, 0xB928, 0xB128, 0xB108, 0xB108, 0xA908, 0xA907, 0xA907, 0xA907, 0xA0E7,
    0xA0E7, 0xA0E7, 0xA0E7, 0x98E7, 0x98E7, 0x98C7, 0x90C7, 0x90C6, 0x90C6, 0x90C6, 0x88C6, 0x88A6, 0x88A6, 0x88A6, 0x80A6, 0x80A6,
    0x80A6, 0x7886, 0x7886, 0x7886, 0x7886, 0x7885, 0x7885, 0x7885, 0x7885, 0x7885, 0x7085, 0x7085, 0x7085, 0x7085, 0x7085, 0x7085,
    0x7085, 0x6885, 0x6885, 0x6885, 0x6885, 0x6885, 0x6885, 0x6085, 0x6064, 0x6064, 0x6064, 0x7A49, 0x5823, 0x9B8D, 0xB511, 0x5864,
    0x5023, 0x5966, 0x50E5, 0x5043, 0x4863, 0x4863, 0x4843, 0x4843, 0x4043, 0x20A5, 0x18C5, 0x18C5, 0x18C5, 0x18C5, 0x40C5, 0x70C5,
    0x78C5, 0x78C5, 0x80E5, 0x88E6, 0x88C6, 0x8187, 0x89A7, 0x98C6, 0xA188, 0xBD93, 0xB2EC, 0xA947, 0xAAAB, 0xB127, 0xB168, 0xB988,
    0xB988, 0xC188, 0xC1A8, 0xC1A9, 0xC9C9, 0xC9C9, 0xC9E9, 0xD1E9, 0xD209, 0xDA0A, 0xDA0A, 0xDA2A, 0xDA2A, 0xE22A, 0xE24A, 0xE24A,
    0xE26A, 0xEA6B, 0xEA6B, 0xEA6B, 0xEA8B, 0xEA8B, 0xEA8B, 0xEA8B, 0xEA8B, 0xEA8B, 0xEA8B, 0xEA8B, 0xEA8B, 0xEA8B, 0xEA8B, 0xEA8B,
    0xEA8B, 0xEA8B, 0xEA8B, 0xEA8B, 0xEA6B, 0xEA6B, 0xEA6B, 0xEA6B, 0xEA6B, 0xEA6B, 0xEA6B, 0xEA4B, 0xEA4B, 0xEA4B, 0xEA2A, 0xEA2A,
    0xEA2A, 0xEA2A, 0xE20A, 0xE20A, 0xE20A, 0xE1EA, 0xE1EA, 0xE1EA, 0xE1CA, 0xE1CA, 0xE1CA, 0xE1AA, 0xE1AA, 0xE1AA, 0xE189, 0xE189,
    0xD989, 0xD989, 0xD169, 0xC908, 0xD30D, 0xDBCF, 0xD2ED, 0xC928, 0xC969, 0xC949, 0xC949, 0xC948, 0xC148, 0xC148, 0xC148, 0xC128,
    0xB928, 0xB928, 0xB928, 0xB128, 0xB128, 0xB108, 0xB108, 0xA907, 0xA907, 0xA907, 0xA907, 0xA0E7, 0xA0E7, 0xA0E7, 0x98E7, 0x98E7,
    0x98E7, 0x98C7, 0x90C7, 0x90C6, 0x90C6, 0x90C6, 0x88C6, 0x88A6, 0x88A6, 0x80A6, 0x80A6, 0x80A6, 0x80A6, 0x7886, 0x7886, 0x7886,
    0x7886, 0x7885, 0x7885, 0x7885, 0x7885, 0x7885, 0x7885, 0x7085, 0x7085, 0x7085, 0x7085, 0x7085, 0x7085, 0x7085, 0x6885, 0x6885,
    0x6885, 0x6885, 0x6885, 0x6885, 0x6064, 0x6085, 0x5824, 0x7A08, 0x60C5, 0x79C8, 0xC5D3, 0x6967, 0x5003, 0x5905, 0x5946, 0x5023,
    0x5063, 0x4863, 0x4863, 0x4843, 0x4843, 0x3084, 0x18C5, 0x18C5, 0x18C5, 0x18C5, 0x58C5, 0x70C5, 0x78C5, 0x78C5, 0x80E5, 0x88E6,
    0x90C6, 0x81C8, 0x9147, 0x98A6, 0xAA8B, 0xBDB3, 0xA9A8, 0xA1E9, 0xAA4A, 0xB127, 0xB168, 0xB968, 0xB988, 0xC188, 0xC1A8, 0xC1A9,
    0xC9C9, 0xC9C9, 0xD1E9, 0xD1E9, 0xD1E9, 0xDA0A, 0xDA0A, 0xDA2A, 0xDA2A, 0xE22A, 0xE24A, 0xE24A, 0xE24A, 0xEA6B, 0xEA6B, 0xEA6B,
    0xEA6B, 0xEA6B, 0xEA6B, 0xEA8B, 0xEA8B, 0xEA8B, 0xEA8B, 0xEA8B, 0xEA8B, 0xEA8B, 0xEA8B, 0xEA8B, 0xEA8B, 0xEA8B, 0xEA6B, 0xEA6B,
    0xEA6B, 0xEA6B, 0xEA6B, 0xEA6B, 0xEA6B, 0xEA4B, 0xEA4B, 0xEA4B, 0xEA4B, 0xEA2A, 0xEA2A, 0xEA2A, 0xEA2A, 0xE20A, 0xE20A, 0xE20A,
    0xE1EA, 0xE1EA, 0xE1EA, 0xE1CA, 0xE1CA, 0xE1CA, 0xE1AA, 0xE1AA, 0xE1AA, 0xE189, 0xE189, 0xD989, 0xD989, 0xD169, 0xC0E7, 0xDC50,
    0xFF9A, 0xFFFB, 0xEDB4, 0xB8E7, 0xC969, 0xC949, 0xC949, 0xC148, 0xC148, 0xC148, 0xC128, 0xB928, 0xB928, 0xB928, 0xB928, 0xB128,
    0xB108, 0xB108, 0xB108, 0xA907, 0xA907, 0xA907, 0xA107, 0xA0E7, 0xA0E7, 0xA0E7, 0x98E7, 0x98E7, 0x98E7, 0x98C7, 0x90C7, 0x90C6,
    0x90C6, 0x88C6, 0x88C6, 0x88A6, 0x88A6, 0x80A6, 0x80A6, 0x80A6, 0x7886, 0x7886, 0x7886, 0x7886, 0x7886, 0x7885, 0x7885, 0x7885,
    0x7885, 0x7885, 0x7885, 0x7085, 0x7085, 0x7085, 0x7085, 0x7085, 0x7085, 0x7085, 0x6885, 0x6885, 0x6885, 0x6885, 0x6885, 0x6885,
    0x6084, 0x6085, 0x6044, 0x6947, 0x71A8, 0x6084, 0xC593, 0x8ACB, 0x5003, 0x58A4, 0x5986, 0x5043, 0x5063, 0x4863, 0x4863, 0x4843,
    0x4843, 0x3864, 0x18C5, 0x18C5, 0x18C5, 0x18C5, 0x68C5, 0x70C5, 0x78C5, 0x78C5, 0x80E5, 0x88E6, 0x88E6, 0x81E8, 0x9106, 0x98A6,
    0xB3CE, 0xBD31, 0xA8E7, 0xA28A, 0xA9A8, 0xB147, 0xB168, 0xB968, 0xB988, 0xC188, 0xC1A8, 0xC1A9, 0xC9A9, 0xC9C9, 0xD1C9, 0xD1E9,
    0xD1E9, 0xDA0A, 0xDA0A, 0xDA0A, 0xDA2A, 0xE22A, 0xE22A, 0xE24A, 0xE24A, 0xE24B, 0xEA4B, 0xEA6B, 0xEA6B, 0xEA6B, 0xEA6B, 0xEA6B,
    0xEA6B, 0xEA6B, 0xEA6B, 0xEA6B, 0xEA6B, 0xEA6B, 0xEA6B, 0xEA6B, 0xEA6B, 0xEA6B, 0xEA6B, 0xEA6B, 0xEA6B, 0xEA6B, 0xEA4B, 0xEA4B,
    0xEA4B, 0xEA4B, 0xEA4B, 0xEA2A, 0xEA2A, 0xEA2A, 0xEA2A, 0xEA2A, 0xE20A, 0xE20A, 0xE20A, 0xE1EA, 0xE1EA, 0xE1EA, 0xE1CA, 0xE1CA,
    0xE1CA, 0xE1CA, 0xE1AA, 0xE1AA, 0xE1AA, 0xE189, 0xD989, 0xD98A, 0xD128, 0xC128, 0xE512, 0xFFBA, 0xFF38, 0xFF99, 0xE573, 0xB0C7,
    0xC169, 0xC949, 0xC948, 0xC148, 0xC148, 0xC148, 0xC128, 0xB928, 0xB928, 0xB928, 0xB928, 0xB128, 0xB108, 0xB108, 0xA907, 0xA907,
    0xA907, 0xA907, 0xA0E7, 0xA0E7, 0xA0E7, 0xA0E7, 0x98E7, 0x98E7, 0x98C7, 0x90C7, 0x90C6, 0x90C6, 0x90C6, 0x88C6, 0x88A6, 0x88A6,
    0x88A6, 0x80A6, 0x80A6, 0x80A6, 0x7886, 0x7886, 0x7886, 0x7886, 0x7886, 0x7886, 0x7885, 0x7885, 0x7885, 0x7885, 0x7885, 0x7885,
    0x7085, 0x7085, 0x7085, 0x7085, 0x7085, 0x7085, 0x6885, 0x6885, 0x6885, 0x6885, 0x6885, 0x6885, 0x6085, 0x6064, 0x6064, 0x60A5,
    0x7A29, 0x5803, 0xAC90, 0xA44F, 0x5023, 0x5864, 0x5987, 0x5084, 0x5043, 0x4863, 0x4863, 0x4843, 0x4843, 0x4063, 0x18C5, 0x18C5,
    0x18C5, 0x28C5, 0x70C5, 0x70C5, 0x78C5, 0x78C5, 0x80E5, 0x88C5, 0x8926, 0x81C8, 0x98E6, 0x9906, 0xBCF1, 0xB40E, 0xA8E6, 0xA2CB,
    0xB147, 0xB148, 0xB968, 0xB968, 0xB988, 0xC188, 0xC188, 0xC1A9, 0xC9A9, 0xC9C9, 0xD1C9, 0xD1C9, 0xD1E9, 0xD9EA, 0xDA0A, 0xDA0A,
    0xDA0A, 0xE22A, 0xE22A, 0xE22A, 0xE24A, 0xE24A, 0xEA4A, 0xEA4B, 0xEA4B, 0xEA6B, 0xEA6B, 0xEA6B, 0xEA6B, 0xEA6B, 0xEA6B, 0xEA6B,
    0xEA6B, 0xEA6B, 0xEA6B, 0xEA6B, 0xEA6B, 0xEA6B, 0xEA6B, 0xEA4B, 0xEA4B, 0xEA4B, 0xEA4B, 0xEA4B, 0xEA4B, 0xEA4A, 0xEA2A, 0xEA2A,
    0xEA2A, 0xEA2A, 0xEA0A, 0xE20A, 0xE20A, 0xE20A, 0xE1EA, 0xE1EA, 0xE1EA, 0xE1EA, 0xE1CA, 0xE1CA, 0xE1CA, 0xE1AA, 0xE1AA, 0xE1AA,
    0xE189, 0xD989, 0xD989, 0xC8E7, 0xC9EA, 0xEE15, 0xFFBA, 0xFF38, 0xFF38, 0xFFBA, 0xE573, 0xA8C6, 0xC148, 0xC948, 0xC148, 0xC148,
    0xC148, 0xC128, 0xB928, 0xB928, 0xB928, 0xB928, 0xB128, 0xB128, 0xB108, 0xB108, 0xA907, 0xA907, 0xA907, 0xA907, 0xA0E7, 0xA0E7,
    0xA0E7, 0x98E7, 0x98E7, 0x98E7, 0x98C7, 0x90C7, 0x90C6, 0x90C6, 0x90C6, 0x88C6, 0x88A6, 0x88A6, 0x80A6, 0x80A6, 0x80A6, 0x80A6,
    0x7886, 0x7886, 0x7886, 0x7886, 0x7886, 0x7886, 0x7885, 0x7885, 0x7885, 0x7885, 0x7885, 0x7885, 0x7085, 0x7085, 0x7085, 0x7085,
    0x7085, 0x7085, 0x7085, 0x6885, 0x6885, 0x6885, 0x6885, 0x6885, 0x6085, 0x6064, 0x6084, 0x6044, 0x7A49, 0x5844, 0x930C, 0xBD52,
    0x58A4, 0x5023, 0x5966, 0x58E5, 0x5043, 0x4863, 0x4863, 0x4843, 0x4843, 0x4043, 0x20A5, 0x18C5, 0x18C5, 0x38C5, 0x70A5, 0x70C5,
    0x78C5, 0x78C5, 0x80E5, 0x88C5, 0x8167, 0x89A7, 0x98C6, 0x9988, 0xBD93, 0xAACB, 0xA147, 0xAA8A, 0xB107, 0xB148, 0xB948, 0xB968,
    0xB968, 0xC188, 0xC188, 0xC1A9, 0xC9A9, 0xC9A9, 0xD1C9, 0xD1C9, 0xD1E9, 0xD9E9, 0xD9EA, 0xDA0A, 0xDA0A, 0xE20A, 0xE22A, 0xE22A,
    0xE22A, 0xE22A, 0xEA4A, 0xEA4B, 0xEA4B, 0xEA4B, 0xEA4B, 0xEA4B, 0xEA4B, 0xEA4B, 0xEA4B, 0xEA4B, 0xEA4B, 0xEA4B, 0xEA4B, 0xEA4B,
    0xEA4B, 0xEA4B, 0xEA4B, 0xEA4B, 0xEA4B, 0xEA4B, 0xEA4B, 0xEA4A, 0xEA2A, 0xEA2A, 0xEA2A, 0xEA2A, 0xEA2A, 0xE20A, 0xE20A, 0xE20A,
    0xE20A, 0xE1EA, 0xE1EA, 0xE1EA, 0xE1EA, 0xE1CA, 0xE1CA, 0xE1CA, 0xE1AA, 0xE1AA, 0xE1AA, 0xE189, 0xD9AA, 0xD149, 0xC8E7, 0xD36E,
    0xFF18, 0xFF9A, 0xFF38, 0xFF59, 0xFF38, 0xFFBA, 0xE573, 0xA8C6, 0xC148, 0xC148, 0xC148, 0xC148, 0xC148, 0xC128, 0xB928, 0xB928,
    0xB928, 0xB928, 0xB128, 0xB108, 0xB108, 0xA907, 0xA907, 0xA907, 0xA907, 0xA0E7, 0xA0E7, 0xA0E7, 0xA0E7, 0x98E7, 0x98E7, 0x98E7,
    0x90C7, 0x90C6, 0x90C6, 0x90C6, 0x88C6, 0x88C6, 0x88A6, 0x88A6, 0x80A6, 0x80A6, 0x80A6, 0x80A6, 0x7886, 0x7886, 0x7886, 0x7886,
    0x7886, 0x7886, 0x7885, 0x7885, 0x7885, 0x7885, 0x7885, 0x7885, 0x7085, 0x7085, 0x7085, 0x7085, 0x7085, 0x7085, 0x7085, 0x6885,
    0x6885, 0x6885, 0x6885, 0x6885, 0x6885, 0x6084, 0x6085, 0x5824, 0x71E8, 0x60E5, 0x71A8, 0xC5D3, 0x6967, 0x5003, 0x5905, 0x5946,
    0x5023, 0x5063, 0x4863, 0x4843, 0x4843, 0x4043, 0x28A4, 0x18C5, 0x18C5, 0x48C5, 0x70A5, 0x70C5, 0x78C5, 0x78C5, 0x80E5, 0x88C5,
    0x81A7, 0x8967, 0x90A5, 0xA26A, 0xBDB3, 0xA9A8, 0xA1C9, 0xAA2A, 0xB107, 0xB148, 0xB948, 0xB968, 0xB968, 0xC168, 0xC188, 0xC989,
    0xC9A9, 0xC9A9, 0xD1C9, 0xD1C9, 0xD1C9, 0xD9E9, 0xD9EA, 0xD9EA, 0xDA0A, 0xE20A, 0xE20A, 0xE22A, 0xE22A, 0xE22A, 0xEA2A, 0xEA2A,
    0xEA4B, 0xEA4A, 0xEA4B, 0xEA4B, 0xEA4B, 0xEA4B, 0xEA4B, 0xEA4B, 0xEA4B, 0xEA4B, 0xEA4B, 0xEA4B, 0xEA4B, 0xEA4B, 0xEA4B, 0xEA4B,
    0xEA4A, 0xEA2A, 0xEA2A, 0xEA2A, 0xEA2A, 0xEA2A, 0xE22A, 0xE20A, 0xE20A, 0xE20A, 0xE20A, 0xE20A, 0xE1EA, 0xE1EA, 0xE1EA, 0xE1CA,
    0xE1CA, 0xE1CA, 0xE1CA, 0xE1AA, 0xE1AA, 0xE1AA, 0xE1AA, 0xD989, 0xD0E7, 0xD1EA, 0xEDB4, 0xF718, 0xFF59, 0xFF39, 0xFF59, 0xFF59,
    0xFF38, 0xFFBA, 0xE573, 0xA8C6, 0xC148, 0xC148, 0xC148, 0xC148, 0xC128, 0xB928, 0xB928, 0xB928, 0xB928, 0xB128, 0xB128, 0xB108,
    0xB108, 0xA907, 0xA907, 0xA907, 0xA907, 0xA0E7, 0xA0E7, 0xA0E7, 0xA0E7, 0x98E7, 0x98E7, 0x98C7, 0x90C7, 0x90C6, 0x90C6, 0x90C6,
    0x88C6, 0x88A6, 0x88A6, 0x88A6, 0x80A6, 0x80A6, 0x80A6, 0x7886, 0x7886, 0x7886, 0x7886, 0x7886, 0x7886, 0x7886, 0x7886, 0x7885,
    0x7885, 0x7885, 0x7885, 0x7885, 0x7085, 0x7085, 0x7085, 0x7085, 0x7085, 0x7085, 0x7085, 0x6885, 0x6885, 0x6885, 0x6885, 0x6885,
    0x6885, 0x6085, 0x6085, 0x6044, 0x6967, 0x71A7, 0x60A5, 0xC5B3, 0x828A, 0x5003, 0x58C5, 0x5986, 0x5043, 0x5063, 0x4863, 0x4863,
    0x4843, 0x4843, 0x3084, 0x18C5, 0x18C5, 0x50A5, 0x70A5, 0x70C5, 0x78C5, 0x78C5, 0x80E5, 0x88C5, 0x79C8, 0x9126, 0x90A5, 0xAB4D,
    0xBD52, 0xA107, 0xA24A, 0xA9A8, 0xB107, 0xB148, 0xB948, 0xB948, 0xB968, 0xC168, 0xC188, 0xC989, 0xC989, 0xC9A9, 0xD1A9, 0xD1C9,
    0xD1C9, 0xD9C9, 0xD9EA, 0xD9EA, 0xD9EA, 0xE20A, 0xE20A, 0xE20A, 0xE20A, 0xE22A, 0xE22A, 0xEA2A, 0xEA2A, 0xEA2A, 0xEA2A, 0xEA2A,
    0xEA4A, 0xEA4A, 0xEA4B, 0xEA4B, 0xEA4B, 0xEA4B, 0xEA4B, 0xEA4A, 0xEA2A, 0xEA2A, 0xEA2A, 0xEA2A, 0xEA2A, 0xEA2A, 0xEA2A, 0xEA2A,
    0xE22A, 0xE20A, 0xE20A, 0xE20A, 0xE20A, 0xE20A, 0xE1EA, 0xE1EA, 0xE1EA, 0xE1EA, 0xE1CA, 0xE1CA, 0xE1CA, 0xE1CA, 0xE1AA, 0xE1AA,
    0xE1AA, 0xD9AA, 0xD108, 0xC948, 0xE450, 0xF6D7, 0xD430, 0xAA2A, 0xFF38, 0xFF59, 0xFF59, 0xFF59, 0xFF38, 0xFFBA, 0xE573, 0xA0C6,
    0xC148, 0xC148, 0xC148, 0xC128, 0xC128, 0xB928, 0xB928, 0xB928, 0xB928, 0xB128, 0xB108, 0xB108, 0xA907, 0xA907, 0xA907, 0xA907,
    0xA0E7, 0xA0E7, 0xA0E7, 0xA0E7, 0x98E7, 0x98E7, 0x98E7, 0x98C7, 0x90C7, 0x90C6, 0x90C6, 0x90C6, 0x88C6, 0x88A6, 0x88A6, 0x80A6,
    0x80A6, 0x80A6, 0x80A6, 0x7886, 0x7886, 0x7886, 0x7886, 0x7886, 0x7886, 0x7886, 0x7886, 0x7885, 0x7885, 0x7885, 0x7885, 0x7885,
    0x7885, 0x7085, 0x7085, 0x7085, 0x7085, 0x7085, 0x7085, 0x7085, 0x6885, 0x6885, 0x6885, 0x6885, 0x6885, 0x6085, 0x6064, 0x6064,
    0x68C5, 0x7A09, 0x5823, 0xB4F1, 0x9BAD, 0x5003, 0x5884, 0x6187, 0x5064, 0x5063, 0x4863, 0x4863, 0x4843, 0x4843, 0x3864, 0x18C5,
    0x18C5, 0x60A4, 0x70A5, 0x70C5, 0x78C5, 0x78C5, 0x80C5, 0x80E6, 0x79E8, 0x9106, 0x90A5, 0xB42F, 0xBCB0, 0xA0C6, 0xA28A, 0xA948,
    0xB127, 0xB128, 0xB948, 0xB948, 0xB968, 0xC168, 0xC168, 0xC988, 0xC989, 0xC9A9, 0xD1A9, 0xD1A9, 0xD1C9, 0xD9C9, 0xD9CA, 0xD9EA,
    0xD9EA, 0xE1EA, 0xE20A, 0xE20A, 0xE20A, 0xE20A, 0xE22A, 0xEA2A, 0xEA2A, 0xEA2A, 0xEA2A, 0xEA2A, 0xEA2A, 0xEA2A, 0xEA2A, 0xEA2A,
    0xEA2A, 0xEA2A, 0xEA2A, 0xEA2A, 0xEA2A, 0xEA2A, 0xEA2A, 0xEA2A, 0xEA2A, 0xEA2A, 0xEA0A, 0xE20A, 0xE20A, 0xE20A, 0xE20A, 0xE20A,
    0xE1EA, 0xE1EA, 0xE1EA, 0xE1EA, 0xE1EA, 0xE1CA, 0xE1CA, 0xE1CA, 0xE1CA, 0xE1AA, 0xE1AA, 0xD9AA, 0xD948, 0xD108, 0xDB4E, 0xF656,
    0xE553, 0xB9E9, 0xA065, 0xA9E9, 0xFF59, 0xFF59, 0xFF59, 0xFF59, 0xFF38, 0xFFBA, 0xE573, 0xA0C6, 0xC148, 0xC148, 0xC148, 0xC128,
    0xB928, 0xB928, 0xB928, 0xB928, 0xB128, 0xB108, 0xB108, 0xB108, 0xA907, 0xA907, 0xA907, 0xA907, 0xA0E7, 0xA0E7, 0xA0E7, 0xA0E7,
    0x98E7, 0x98E7, 0x98C7, 0x90C7, 0x90C6, 0x90C6, 0x90C6, 0x88C6, 0x88A6, 0x88A6, 0x88A6, 0x80A6, 0x80A6, 0x80A6, 0x8086, 0x7886,
    0x7886, 0x7886, 0x7886, 0x7886, 0x7886, 0x7886, 0x7886, 0x7885, 0x7885, 0x7885, 0x7885, 0x7885, 0x7885, 0x7085, 0x7085, 0x7085,
    0x7085, 0x7085, 0x7085, 0x7085, 0x6885, 0x6885, 0x6885, 0x6885, 0x6885, 0x6085, 0x6064, 0x6064, 0x6084, 0x7A49, 0x5823, 0xA3EE,
    0xACB0, 0x5043, 0x5044, 0x5987, 0x50A4, 0x5043, 0x4863, 0x4863, 0x4843, 0x4843, 0x4063, 0x18C5, 0x20C5, 0x68A4, 0x70A5, 0x70C5,
    0x78C5, 0x78C5, 0x80C5, 0x8126, 0x81C8, 0x90C6, 0x90E6, 0xB4F1, 0xB3CE, 0xA0E6, 0xA2AB, 0xA907, 0xB127, 0xB128, 0xB948, 0xB948,
    0xB948, 0xC168, 0xC168, 0xC988, 0xC989, 0xC989, 0xD1A9, 0xD1A9, 0xD1A9, 0xD1C9, 0xD9C9, 0xD9CA, 0xD9EA, 0xE1EA, 0xE1EA, 0xE1EA,
    0xE20A, 0xE20A, 0xE20A, 0xE20A, 0xE20A, 0xEA0A, 0xEA2A, 0xEA2A, 0xEA2A, 0xEA2A, 0xEA2A, 0xEA2A, 0xEA2A, 0xEA2A, 0xEA2A, 0xEA2A,
    0xEA2A, 0xEA2A, 0xEA0A, 0xE20A, 0xE20A, 0xE20A, 0xE20A, 0xE20A, 0xE20A, 0xE20A, 0xE1EA, 0xE1EA, 0xE1EA, 0xE1EA, 0xE1EA, 0xE1CA,
    0xE1CA, 0xE1CA, 0xE1CA, 0xE1AA, 0xE1AA, 0xE1AA, 0xE1AA, 0xD969, 0xDA8C, 0xF5D5, 0xEE15, 0xCAAC, 0xB0A6, 0xB928, 0xB127, 0xB20A,
    0xFF59, 0xFF59, 0xFF59, 0xFF59, 0xFF38, 0xFFBA, 0xE573, 0xA0C6, 0xB948, 0xC148, 0xC128, 0xB928, 0xB928, 0xB928, 0xB928, 0xB128,
    0xB128, 0xB108, 0xB108, 0xA907, 0xA907, 0xA907, 0xA907, 0xA107, 0xA0E7, 0xA0E7, 0xA0E7, 0x98E7, 0x98E7, 0x98E7, 0x98C7, 0x90C7,
    0x90C6, 0x90C6, 0x90C6, 0x88C6, 0x88A6, 0x88A6, 0x88A6, 0x80A6, 0x80A6, 0x80A6, 0x7886, 0x7886, 0x7886, 0x7886, 0x7886, 0x7886,
    0x7886, 0x7886, 0x7886, 0x7886, 0x7885, 0x7885, 0x7885, 0x7885, 0x7885, 0x7085, 0x7085, 0x7085, 0x7085, 0x7085, 0x7085, 0x7085,
    0x6885, 0x6885, 0x6885, 0x6885, 0x6885, 0x6885, 0x6064, 0x6085, 0x6044, 0x7A29, 0x5864, 0x8ACB, 0xBD52, 0x58A5, 0x5023, 0x5966,
    0x50E5, 0x5043, 0x4863, 0x4863, 0x4843, 0x4843, 0x4063, 0x20C5, 0x28C5, 0x68A4, 0x70A5, 0x70C5, 0x78C5, 0x78C5, 0x80C5, 0x8146,
    0x81A7, 0x90A5, 0x9147, 0xBD92, 0xAAEB, 0x9927, 0xA28A, 0xA8E7, 0xA927, 0xB127, 0xB148, 0xB948, 0xB948, 0xC148, 0xC168, 0xC968,
    0xC989, 0xC989, 0xD189, 0xD1A9, 0xD1A9, 0xD1A9, 0xD9C9, 0xD9CA, 0xD9CA, 0xE1EA, 0xE1EA, 0xE1EA, 0xE1EA, 0xE20A, 0xE20A, 0xE20A,
    0xE20A, 0xE20A, 0xE20A, 0xE20A, 0xE20A, 0xE20A, 0xE20A, 0xE20A, 0xE20A, 0xE20A, 0xE20A, 0xE20A, 0xE20A, 0xE20A, 0xE20A, 0xE20A,
    0xE20A, 0xE20A, 0xE20A, 0xE20A, 0xE1EA, 0xE1EA, 0xE1EA, 0xE1EA, 0xE1EA, 0xE1EA, 0xE1CA, 0xE1CA, 0xE1CA, 0xE1CA, 0xE1AA, 0xE1AA,
    0xE1AA, 0xE1AA, 0xE1AA, 0xD148, 0xE4B1, 0xDBEF, 0xB8E7, 0xB8E7, 0xC169, 0xC969, 0xB907, 0xB20A, 0xFF59, 0xFF59, 0xFF59, 0xFF59,
    0xFF38, 0xFFBA, 0xDD73, 0xA0A6, 0xB948, 0xC128, 0xC128, 0xB928, 0xB928, 0xB928, 0xB928, 0xB128, 0xB108, 0xB108, 0xB108, 0xA907,
    0xA907, 0xA907, 0xA907, 0xA0E7, 0xA0E7, 0xA0E7, 0xA0E7, 0x98E7, 0x98E7, 0x98C7, 0x90C7, 0x90C6, 0x90C6, 0x90C6, 0x88C6, 0x88C6,
    0x88A6, 0x88A6, 0x80A6, 0x80A6, 0x80A6, 0x80A6, 0x7886, 0x7886, 0x7886, 0x7886, 0x7886, 0x7886, 0x7886, 0x7886, 0x7886, 0x7886,
    0x7885, 0x7885, 0x7885, 0x7885, 0x7885, 0x7085, 0x7085, 0x7085, 0x7085, 0x7085, 0x7085, 0x7085, 0x6885, 0x6885, 0x6885, 0x6885,
    0x6885, 0x6885, 0x6084, 0x6085, 0x6044, 0x71E8, 0x60E5, 0x79E8, 0xC5B3, 0x6946, 0x5003, 0x5926, 0x5925, 0x5043, 0x5063, 0x4863,
    0x4843, 0x4843, 0x4043, 0x20A5, 0x30C5, 0x68A4, 0x70A5, 0x70C5, 0x78C5, 0x78C5, 0x80A5, 0x7967, 0x8187, 0x90A5, 0x99C8, 0xBDB3,
    0xA22A, 0x9988, 0xA24A, 0xA8E7, 0xA927, 0xB127, 0xB128, 0xB948, 0xB948, 0xC148, 0xC168, 0xC968, 0xC969, 0xC989, 0xD189, 0xD189,
    0xD1A9, 0xD1A9, 0xD9A9, 0xD9C9, 0xD9CA, 0xD9CA, 0xE1CA, 0xE1EA, 0xE1EA, 0xE1EA, 0xE1EA, 0xE1EA, 0xE20A, 0xE20A, 0xE20A, 0xE20A,
    0xE20A, 0xE20A, 0xE20A, 0xE20A, 0xE20A, 0xE20A, 0xE20A, 0xE20A, 0xE20A, 0xE20A, 0xE20A, 0xE20A, 0xE1EA, 0xE1EA, 0xE1EA, 0xE1EA,
    0xE1EA, 0xE1EA, 0xE1EA, 0xE1CA, 0xE1CA, 0xE1CA, 0xE1CA, 0xE1CA, 0xE1AA, 0xE1AA, 0xE1AA, 0xE1AA, 0xE1AA, 0xE189, 0xD989, 0xD169,
    0xC928, 0xC0E7, 0xC168, 0xC969, 0xD169, 0xD169, 0xC108, 0xB20A, 0xFF59, 0xFF59, 0xFF59, 0xFF59, 0xFF38, 0xFFBA, 0xDD73, 0xA0A6,
    0xB948, 0xC128, 0xB928, 0xB928, 0xB928, 0xB928, 0xB128, 0xB128, 0xB108, 0xB108, 0xA907, 0xA907, 0xA907, 0xA907, 0xA0E7, 0xA0E7,
    0xA0E7, 0xA0E7, 0x98E7, 0x98E7, 0x98E7, 0x98C7, 0x90C7, 0x90C6, 0x90C6, 0x90C6, 0x88C6, 0x88A6, 0x88A6, 0x88A6, 0x80A6, 0x80A6,
    0x80A6, 0x7886, 0x7886, 0x7886, 0x7886, 0x7886, 0x7886, 0x7886, 0x7886, 0x7886, 0x7886, 0x7886, 0x7885, 0x7885, 0x7885, 0x7885,
    0x7885, 0x7885, 0x7085, 0x7085, 0x7085, 0x7085, 0x7085, 0x7085, 0x6885, 0x6885, 0x6885, 0x6885, 0x6885, 0x6885, 0x6085, 0x6085,
    0x6044, 0x7187, 0x6947, 0x6926, 0xC5D3, 0x71E8, 0x5003, 0x5905, 0x5946, 0x5023, 0x5063, 0x4863, 0x4843, 0x4843, 0x4043, 0x28A5,
    0x40A5, 0x68A4, 0x68A5, 0x70C5, 0x78C5, 0x78C5, 0x80A5, 0x79A7, 0x8167, 0x8885, 0x9A6A, 0xBDB3, 0xA188, 0x99E9, 0xA1E9, 0xA8E7,
    0xA927, 0xB127, 0xB128, 0xB948, 0xB948, 0xC148, 0xC148, 0xC968, 0xC969, 0xC969, 0xC989, 0xD189, 0xD189, 0xD1A9, 0xD9A9, 0xD9A9,
    0xD9CA, 0xD9CA, 0xE1CA, 0xE1CA, 0xE1EA, 0xE1EA, 0xE1EA, 0xE1EA, 0xE1EA, 0xE1EA, 0xE1EA, 0xE1EA, 0xE1EA, 0xE1EA, 0xE1EA, 0xE1EA,
    0xE1EA, 0xE1EA, 0xE1EA, 0xE1EA, 0xE1EA, 0xE1EA, 0xE1EA, 0xE1EA, 0xE1EA, 0xE1EA, 0xE1EA, 0xE1EA, 0xE1EA, 0xE1CA, 0xE1CA, 0xE1CA,
    0xE1CA, 0xE1CA, 0xE1CA, 0xE1AA, 0xE1AA, 0xE1AA, 0xE1AA, 0xE18A, 0xE189, 0xE189, 0xD989, 0xD969, 0xD169, 0xD189, 0xD169, 0xD169,
    0xD169, 0xD169, 0xC108, 0xB20A, 0xFF59, 0xFF59, 0xFF59, 0xFF59, 0xFF38, 0xFFBA, 0xDD73, 0xA0A6, 0xB948, 0xB928, 0xB928, 0xB928,
    0xB928, 0xB928, 0xB128, 0xB108, 0xB108, 0xB108, 0xA907, 0xA907, 0xA907, 0xA907, 0xA0E7, 0xA0E7, 0xA0E7, 0xA0E7, 0x98E7, 0x98E7,
    0x98C7, 0x90C7, 0x90C6, 0x90C6, 0x90C6, 0x88C6, 0x88C6, 0x88A6, 0x88A6, 0x80A6, 0x80A6, 0x80A6, 0x80A6, 0x7886, 0x7886, 0x7886,
    0x7886, 0x7886, 0x7886, 0x7886, 0x7886, 0x7886, 0x7886, 0x7886, 0x7885, 0x7885, 0x7885, 0x7885, 0x7885, 0x7885, 0x7085, 0x7085,
    0x7085, 0x7085, 0x7085, 0x7085, 0x6885, 0x6885, 0x6885, 0x6885, 0x6885, 0x6885, 0x6085, 0x6084, 0x6044, 0x6926, 0x71C8, 0x6084,
    0xBD93, 0x828A, 0x5003, 0x58C5, 0x5966, 0x5043, 0x5063, 0x4863, 0x4863, 0x4843, 0x4843, 0x3084, 0x40A5, 0x68A4, 0x68A5, 0x70C5,
    0x78C5, 0x78C5, 0x80A5, 0x79A7, 0x8926, 0x8885, 0xA2EB, 0xBD92, 0x9907, 0x9A29, 0xA1A8, 0xA8E7, 0xA927, 0xB127, 0xB127, 0xB948,
    0xB948, 0xC148, 0xC148, 0xC948, 0xC968, 0xC969, 0xC969, 0xD189, 0xD189, 0xD189, 0xD9A9, 0xD9A9, 0xD9A9, 0xD9CA, 0xD9CA, 0xE1CA,
    0xE1CA, 0xE1CA, 0xE1CA, 0xE1EA, 0xE1EA, 0xE1EA, 0xE1EA, 0xE1EA, 0xE1EA, 0xE1EA, 0xE1EA, 0xE1EA, 0xE1EA, 0xE1EA, 0xE1EA, 0xE1EA,
    0xE1EA, 0xE1EA, 0xE1EA, 0xE1EA, 0xE1EA, 0xE1EA, 0xE1CA, 0xE1CA, 0xE1CA, 0xE1CA, 0xE1CA, 0xE1CA, 0xE1AA, 0xE1AA, 0xE1AA, 0xE1AA,
    0xE1AA, 0xE1AA, 0xE189, 0xE189, 0xE189, 0xD989, 0xD989, 0xD969, 0xD969, 0xD169, 0xD169, 0xD169, 0xD169, 0xD169, 0xB907, 0xB20A,
    0xFF59, 0xFF59, 0xFF59, 0xFF59, 0xFF38, 0xFFBA, 0xDD73, 0xA0A6, 0xB948, 0xB928, 0xB928, 0xB928, 0xB928, 0xB128, 0xB108, 0xB108,
    0xB108, 0xA907, 0xA907, 0xA907, 0xA907, 0xA0E7, 0xA0E7, 0xA0E7, 0xA0E7, 0x98E7, 0x98E7, 0x98E7, 0x98C7, 0x90C7, 0x90C6, 0x90C6,
    0x90C6, 0x88C6, 0x88A6, 0x88A6, 0x88A6, 0x80A6, 0x80A6, 0x80A6, 0x7886, 0x7886, 0x7886, 0x7886, 0x7886, 0x7886, 0x7886, 0x7886,
    0x7886, 0x7886, 0x7886, 0x7886, 0x7886, 0x7885, 0x7885, 0x7885, 0x7885, 0x7885, 0x7085, 0x7085, 0x7085, 0x7085, 0x7085, 0x7085,
    0x7085, 0x6885, 0x6885, 0x6885, 0x6885, 0x6885, 0x6085, 0x6064, 0x6064, 0x68E5, 0x7A08, 0x5844, 0xBD31, 0x932C, 0x5003, 0x58A4,
    0x5986, 0x5043, 0x5063, 0x4863, 0x4863, 0x4843, 0x4843, 0x3084, 0x50A4, 0x68A4, 0x68A5, 0x70A5, 0x78C5, 0x78C5, 0x80C5, 0x79C8,
    0x8906, 0x8885, 0xAB6D, 0xBD32, 0x98E6, 0x9A6A, 0xA168, 0xA107, 0xA927, 0xA927, 0xB127, 0xB128, 0xB948, 0xB948, 0xC148, 0xC148,
    0xC948, 0xC969, 0xC969, 0xD169, 0xD189, 0xD189, 0xD989, 0xD9A9, 0xD9A9, 0xD9A9, 0xD9AA, 0xE1CA, 0xE1CA, 0xE1CA, 0xE1CA, 0xE1CA,
    0xE1CA, 0xE1CA, 0xE1CA, 0xE1CA, 0xE1EA, 0xE1EA, 0xE1EA, 0xE1EA, 0xE1EA, 0xE1EA, 0xE1EA, 0xE1EA, 0xE1EA, 0xE1CA, 0xE1CA, 0xE1CA,
    0xE1CA, 0xE1CA, 0xE1CA, 0xE1CA, 0xE1CA, 0xE1CA, 0xE1AA, 0xE1AA, 0xE1AA, 0xE1AA, 0xE1AA, 0xE1AA, 0xE189, 0xE189, 0xE189, 0xD989,
    0xD989, 0xD989, 0xD969, 0xD969, 0xD969, 0xD169, 0xD169, 0xD169, 0xD169, 0xC969, 0xB907, 0xB20A, 0xFF59, 0xFF59, 0xFF59, 0xFF59,
    0xFF38, 0xFFBA, 0xDD53, 0x98A6, 0xB928, 0xB928, 0xB928, 0xB928, 0xB128, 0xB108, 0xB108, 0xB108, 0xA907, 0xA907, 0xA907, 0xA907,
    0xA0E7, 0xA0E7, 0xA0E7, 0xA0E7, 0x98E7, 0x98E7, 0x98E7, 0x98C7, 0x90C7, 0x90C6, 0x90C6, 0x90C6, 0x88C6, 0x88C6, 0x88A6, 0x88A6,
    0x80A6, 0x80A6, 0x80A6, 0x80A6, 0x7886, 0x7886, 0x7886, 0x7886, 0x7886, 0x7886, 0x7886, 0x7886, 0x7886, 0x7886, 0x7886, 0x7886,
    0x7886, 0x7885, 0x7885, 0x7885, 0x7885, 0x7885, 0x7085, 0x7085, 0x7085, 0x7085, 0x7085, 0x7085, 0x7085, 0x6885, 0x6885, 0x6885,
    0x6885, 0x6885, 0x6085, 0x6064, 0x6064, 0x60A5, 0x7A29, 0x5823, 0xACB0, 0x9BCE, 0x5003, 0x5884, 0x5987, 0x5063, 0x5063, 0x4863,
    0x4863, 0x4843, 0x4843, 0x3863, 0x50A4, 0x68A4, 0x68A5, 0x70A5, 0x70C5, 0x78C5, 0x80C5, 0x79C8, 0x8906, 0x8885, 0xABEE, 0xBCD1,
    0x98C6, 0x9A8A, 0xA147, 0xA107, 0xA927, 0xA927, 0xB127, 0xB128, 0xB948, 0xB948, 0xC148, 0xC148, 0xC948, 0xC969, 0xC969, 0xD169,
    0xD169, 0xD189, 0xD989, 0xD989, 0xD9A9, 0xD9A9, 0xD9AA, 0xE1AA, 0xE1AA, 0xE1CA, 0xE1CA, 0xE1CA, 0xE1CA, 0xE1CA, 0xE1CA, 0xE1CA,
    0xE1CA, 0xE1CA, 0xE1CA, 0xE1CA, 0xE1CA, 0xE1CA, 0xE1CA, 0xE1CA, 0xE1CA, 0xE1CA, 0xE1CA, 0xE1CA, 0xE1CA, 0xE1CA, 0xE1CA, 0xE1AA,
    0xE1AA, 0xE1AA, 0xE1AA, 0xE1AA, 0xE1AA, 0xE1AA, 0xE189, 0xE189, 0xE189, 0xE189, 0xD989, 0xD989, 0xD969, 0xD969, 0xD969, 0xD969,
    0xD169, 0xD169, 0xD169, 0xD169, 0xD169, 0xC969, 0xB907, 0xB20A, 0xFF59, 0xFF59, 0xFF59, 0xFF59, 0xFF38, 0xFFBA, 0xDD53, 0x98A6,
    0xB128, 0xB928, 0xB928, 0xB128, 0xB128, 0xB108, 0xB108, 0xB107, 0xA907, 0xA907, 0xA907, 0xA907, 0xA0E7, 0xA0E7, 0xA0E7, 0xA0E7,
    0x98E7, 0x98E7, 0x98E7, 0x98C7, 0x90C7, 0x90C6, 0x90C6, 0x90C6, 0x88C6, 0x88A6, 0x88A6, 0x88A6, 0x80A6, 0x80A6, 0x80A6, 0x8086,
    0x7886, 0x7886, 0x7886, 0x7886, 0x7886, 0x7886, 0x7886, 0x7886, 0x7886, 0x7886, 0x7886, 0x7886, 0x7886, 0x7885, 0x7885, 0x7885,
    0x7885, 0x7885, 0x7085, 0x7085, 0x7085, 0x7085, 0x7085, 0x7085, 0x7085, 0x6885, 0x6885, 0x6885, 0x6885, 0x6885, 0x6085, 0x6064,
    0x6064, 0x6084, 0x7A49, 0x5823, 0xA42F, 0xA46F, 0x5023, 0x5864, 0x6187, 0x5084, 0x5043, 0x4863, 0x4863, 0x4843, 0x4843, 0x3863,
    0x50A4, 0x68A4, 0x68A4, 0x70A5, 0x70C5, 0x78C5, 0x78C5, 0x79C8, 0x88E6, 0x88A5, 0xB44F, 0xB490, 0x90A6, 0x9A8A, 0xA127, 0xA107,
    0xA927, 0xA927, 0xB127, 0xB128, 0xB928, 0xB948, 0xC148, 0xC148, 0xC148, 0xC948, 0xC969, 0xD169, 0xD169, 0xD169, 0xD189, 0xD989,
    0xD989, 0xD989, 0xD9A9, 0xD9A9, 0xE1AA, 0xE1AA, 0xE1AA, 0xE1AA, 0xE1AA, 0xE1CA, 0xE1CA, 0xE1CA, 0xE1CA, 0xE1CA, 0xE1CA, 0xE1CA,
    0xE1CA, 0xE1CA, 0xE1CA, 0xE1CA, 0xE1CA, 0xE1CA, 0xE1CA, 0xE1AA, 0xE1AA, 0xE1AA, 0xE1AA, 0xE1AA, 0xE1AA, 0xE1AA, 0xE1AA, 0xE1AA,
    0xE189, 0xE189, 0xE189, 0xE189, 0xD989, 0xD989, 0xD989, 0xD969, 0xD969, 0xD969, 0xD169, 0xD169, 0xD169, 0xD169, 0xD169, 0xD169,
    0xC949, 0xC969, 0xB907, 0xB20A, 0xFF59, 0xFF59, 0xFF59, 0xFF59, 0xFF38, 0xFFBA, 0xDD53, 0x98A6, 0xB128, 0xB928, 0xB128, 0xB128,
    0xB108, 0xB108, 0xB108, 0xA907, 0xA907, 0xA907, 0xA907, 0xA0E7, 0xA0E7, 0xA0E7, 0xA0E7, 0x98E7, 0x98E7, 0x98E7, 0x98C7, 0x90C7,
    0x90C6, 0x90C6, 0x90C6, 0x88C6, 0x88C6, 0x88A6, 0x88A6, 0x80A6, 0x80A6, 0x80A6, 0x80A6, 0x7886, 0x7886, 0x7886, 0x7886, 0x7886,
    0x7886, 0x7886, 0x7886, 0x7886, 0x7886, 0x7886, 0x7886, 0x7886, 0x7886, 0x7885, 0x7885, 0x7885, 0x7885, 0x7885, 0x7085, 0x7085,
    0x7085, 0x7085, 0x7085, 0x7085, 0x7085, 0x6885, 0x6885, 0x6885, 0x6885, 0x6885, 0x6085, 0x6064, 0x6064, 0x6064, 0x7A49, 0x5823,
    0x9BCE, 0xACB0, 0x5043, 0x5044, 0x6187, 0x5084, 0x5043, 0x4863, 0x4863, 0x4843, 0x4843, 0x3863, 0x6084, 0x68A4, 0x68A4, 0x70A5,
    0x70A5, 0x78C5, 0x78E5, 0x79C8, 0x80C5, 0x88A5, 0xB4B0, 0xB40F, 0x90C6, 0x9A8A, 0x9907, 0xA107, 0xA907, 0xA927, 0xB127, 0xB127,
    0xB148, 0xB928, 0xB948, 0xC148, 0xC148, 0xC948, 0xC969, 0xC969, 0xD169, 0xD169, 0xD169, 0xD969, 0xD989, 0xD989, 0xD989, 0xD989,
    0xE1AA, 0xE1AA, 0xE1AA, 0xE1AA, 0xE1AA, 0xE1AA, 0xE1AA, 0xE1AA, 0xE1AA, 0xE1AA, 0xE1AA, 0xE1AA, 0xE1AA, 0xE1AA, 0xE1AA, 0xE1AA,
    0xE1AA, 0xE1AA, 0xE1AA, 0xE1AA, 0xE1AA, 0xE1AA, 0xE1AA, 0xE1AA, 0xE1AA, 0xE189, 0xE189, 0xE189, 0xE189, 0xE189, 0xD989, 0xD989,
    0xD989, 0xD969, 0xD969, 0xD969, 0xD969, 0xD169, 0xD169, 0xD169, 0xD169, 0xD169, 0xD169, 0xC949, 0xC949, 0xC969, 0xB8E7, 0xB209,
    0xFF59, 0xFF59, 0xFF59, 0xFF59, 0xFF38, 0xFFBA, 0xDD53, 0x98A6, 0xB128, 0xB128, 0xB128, 0xB108, 0xB108, 0xB108, 0xA907, 0xA907,
    0xA907, 0xA907, 0xA0E7, 0xA0E7, 0xA0E7, 0xA0E7, 0x98E7, 0x98E7, 0x98E7, 0x98C7, 0x98C7, 0x90C6, 0x90C6, 0x90C6, 0x90C6, 0x88C6,
    0x88A6, 0x88A6, 0x80A6, 0x80A6, 0x80A6, 0x80A6, 0x8086, 0x7886, 0x7886, 0x7886, 0x7886, 0x7886, 0x7886, 0x7886, 0x7886, 0x7886,
    0x7886, 0x7886, 0x7886, 0x7886, 0x7886, 0x7885, 0x7885, 0x7885, 0x7885, 0x7885, 0x7885, 0x7085, 0x7085, 0x7085, 0x7085, 0x7085,
    0x7085, 0x6885, 0x6885, 0x6885, 0x6885, 0x6885, 0x6885, 0x6064, 0x6084, 0x6044, 0x7A29, 0x5864, 0x932C, 0xB511, 0x5864, 0x5043,
    0x5986, 0x50A4, 0x5043, 0x4863, 0x4863, 0x4843, 0x4843, 0x4063, 0x60A4, 0x68A4, 0x68A4, 0x70A5, 0x70A5, 0x78A5, 0x78E5, 0x79C8,
    0x80C5, 0x88A5, 0xB4B0, 0xB40E, 0x90C6, 0x9A8A, 0x98E7, 0xA107, 0xA107, 0xA927, 0xA927, 0xB127, 0xB127, 0xB928, 0xB948, 0xC148,
    0xC148, 0xC148, 0xC948, 0xC969, 0xC969, 0xD169, 0xD169, 0xD169, 0xD969, 0xD989, 0xD989, 0xD989, 0xD989, 0xE189, 0xE189, 0xE18A,
    0xE1AA, 0xE1AA, 0xE1AA, 0xE1AA, 0xE1AA, 0xE1AA, 0xE1AA, 0xE1AA, 0xE1AA, 0xE1AA, 0xE1AA, 0xE1AA, 0xE1AA, 0xE1AA, 0xE1AA, 0xE1AA,
    0xE1AA, 0xE18A, 0xE189, 0xE189, 0xE189, 0xE189, 0xE189, 0xD989, 0xD989, 0xD989, 0xD989, 0xD969, 0xD969, 0xD969, 0xD969, 0xD169,
    0xD169, 0xD169, 0xD169, 0xD169, 0xD169, 0xC969, 0xC949, 0xC949, 0xC949, 0xC949, 0xB0E7, 0xAA09, 0xFF59, 0xFF59, 0xFF59, 0xFF59,
    0xFF38, 0xFFBA, 0xDD53, 0x98A6, 0xB128, 0xB128, 0xB108, 0xB108, 0xB108, 0xA907, 0xA907, 0xA907, 0xA907, 0xA907, 0xA0E7, 0xA0E7,
    0xA0E7, 0xA0E7, 0x98E7, 0x98E7, 0x98E7, 0x98C7, 0x90C7, 0x90C6, 0x90C6, 0x90C6, 0x88C6, 0x88A6, 0x88A6, 0x88A6, 0x80A6, 0x80A6,
    0x80A6, 0x80A6, 0x7886, 0x7886, 0x7886, 0x7886, 0x7886, 0x7886, 0x7886, 0x7886, 0x7886, 0x7886, 0x7886, 0x7886, 0x7886, 0x7886,
    0x7886, 0x7885, 0x7885, 0x7885, 0x7885, 0x7885, 0x7885, 0x7085, 0x7085, 0x7085, 0x7085, 0x7085, 0x7085, 0x6885, 0x6885, 0x6885,
    0x6865, 0x6885, 0x6885, 0x6084, 0x6084, 0x6044, 0x7A29, 0x5864, 0x932C, 0xB531, 0x5884, 0x5043, 0x5986, 0x50A4, 0x5043, 0x4863,
    0x4863, 0x4843, 0x4843, 0x4043, 0x6084, 0x60A4, 0x68A4, 0x70A5, 0x70A5, 0x78A5, 0x7906, 0x79C7, 0x80A5, 0x88E6, 0xB511, 0xAB8D,
    0x90C6, 0x9A8A, 0x98E6, 0xA107, 0xA107, 0xA927, 0xA927, 0xB128, 0xB168, 0xB128, 0xB948, 0xB948, 0xC148, 0xC148, 0xC948, 0xC949,
    0xC969, 0xD169, 0xD169, 0xD169, 0xD969, 0xD969, 0xD969, 0xD989, 0xD989, 0xE189, 0xE189, 0xE189, 0xE189, 0xE189, 0xE189, 0xE189,
    0xE189, 0xE18A, 0xE18A, 0xE18A, 0xE18A, 0xE18A, 0xE18A, 0xE18A, 0xE189, 0xE189, 0xE189, 0xE189, 0xE189, 0xE189, 0xE189, 0xE189,
    0xD989, 0xD989, 0xD989, 0xD989, 0xD989, 0xD969, 0xD969, 0xD969, 0xD969, 0xD169, 0xD169, 0xD169, 0xD169, 0xD169, 0xD169, 0xD169,
    0xC949, 0xC949, 0xC949, 0xC949, 0xC949, 0xC148, 0xB0E7, 0xA9E9, 0xFF59, 0xFF59, 0xFF59, 0xFF59, 0xFF38, 0xFFBA, 0xDD53, 0x90A6,
    0xB128, 0xB108, 0xB108, 0xB108, 0xA907, 0xA907, 0xA907, 0xA907, 0xA907, 0xA0E7, 0xA0E7, 0xA0E7, 0xA0E7, 0x98E7, 0x98E7, 0x98E7,
    0x98C7, 0x90C7, 0x90C6, 0x90C6, 0x90C6, 0x88C6, 0x88C6, 0x88A6, 0x88A6, 0x80A6, 0x80A6, 0x80A6, 0x80A6, 0x7886, 0x7886, 0x7886,
    0x7886, 0x7886, 0x7886, 0x7886, 0x7886, 0x7886, 0x7886, 0x7886, 0x7886, 0x7886, 0x7886, 0x7886, 0x7886, 0x7885, 0x7885, 0x7885,
    0x7885, 0x7885, 0x7885, 0x7085, 0x7085, 0x7085, 0x7085, 0x7085, 0x7085, 0x7085, 0x6885, 0x70A5, 0x68A5, 0x6885, 0x6885, 0x6084,
    0x6085, 0x6044, 0x7A09, 0x6085, 0x8A8A, 0xBD72, 0x58C5, 0x5023, 0x5966, 0x50C5, 0x5043, 0x4863, 0x4863, 0x4843, 0x4843, 0x4043,
    0x6084, 0x60A4, 0x68A4, 0x68A5, 0x70A5, 0x78A5, 0x7906, 0x79A7, 0x80A5, 0x88E6, 0xBD31, 0xAB4D, 0x90E6, 0x9A8A, 0x98C6, 0xA107,
    0xA107, 0xA927, 0xA065, 0xBA8B, 0xCC70, 0xA866, 0xB928, 0xB948, 0xC148, 0xC148, 0xC148, 0xC948, 0xC969, 0xC969, 0xD169, 0xD169,
    0xD169, 0xD969, 0xD969, 0xD989, 0xD989, 0xD989, 0xD989, 0xD989, 0xD989, 0xE189, 0xE189, 0xE189, 0xE189, 0xE189, 0xE189, 0xE189,
    0xE189, 0xE189, 0xE189, 0xE189, 0xE189, 0xE189, 0xE189, 0xE189, 0xD989, 0xD989, 0xD989, 0xD989, 0xD989, 0xD969, 0xD969, 0xD969,
    0xD969, 0xD969, 0xD969, 0xD169, 0xD169, 0xD169, 0xD169, 0xD169, 0xD169, 0xD169, 0xD169, 0xC949, 0xC949, 0xC949, 0xC949, 0xC948,
    0xC948, 0xC148, 0xB0E7, 0xA9E9, 0xFF59, 0xFF59, 0xFF59, 0xFF59, 0xFF38, 0xFFBA, 0xDD53, 0x90A6, 0xA928, 0xB108, 0xB108, 0xA907,
    0xA907, 0xA907, 0xA907, 0xA907, 0xA0E7, 0xA0E7, 0xA0E7, 0xA0E7, 0x98E7, 0x98E7, 0x98E7, 0x98C7, 0x98C7, 0x90C7, 0x90C6, 0x90C6,
    0x90C6, 0x88C6, 0x88A6, 0x88A6, 0x88A6, 0x80A6, 0x80A6, 0x80A6, 0x80A6, 0x7886, 0x7886, 0x7886, 0x7886, 0x7886, 0x7886, 0x7886,
    0x7886, 0x7886, 0x7886, 0x7886, 0x7886, 0x7886, 0x7886, 0x7886, 0x7886, 0x7885, 0x7885, 0x7885, 0x7885, 0x7885, 0x7885, 0x7085,
    0x7085, 0x7085, 0x7085, 0x7085, 0x7085, 0x6885, 0x5802, 0xABCE, 0x926A, 0x5802, 0x6885, 0x6084, 0x6085, 0x6044, 0x7A09, 0x60A5,
    0x826A, 0xBD92, 0x60C5, 0x5023, 0x5966, 0x50E5, 0x5043, 0x4863, 0x4863, 0x4843, 0x4843, 0x4043, 0x6084, 0x60A4, 0x68A4, 0x68A4,
    0x70A5, 0x70A5, 0x7906, 0x79A7, 0x80A5, 0x80E6, 0xBD31, 0xAB6D, 0x88C6, 0x9A6A, 0x98C6, 0x9907, 0xA107, 0xA107, 0xBACC, 0xD5B4,
    0xDE76, 0xCBEF, 0xB9A9, 0xB928, 0xB948, 0xC148, 0xC148, 0xC148, 0xC948, 0xC949, 0xC969, 0xD169, 0xD169, 0xD169, 0xD169, 0xD969,
    0xD969, 0xD969, 0xD969, 0xD989, 0xD989, 0xD989, 0xD989, 0xD989, 0xD989, 0xD989, 0xD989, 0xD989, 0xD989, 0xD989, 0xD989, 0xD989,
    0xD989, 0xD989, 0xD989, 0xD989, 0xD989, 0xD989, 0xD969, 0xD969, 0xD969, 0xD969, 0xD969, 0xD969, 0xD969, 0xD169, 0xD169, 0xD169,
    0xD169, 0xD169, 0xD169, 0xD169, 0xD169, 0xC949, 0xC949, 0xC949, 0xC949, 0xC949, 0xC948, 0xC148, 0xC148, 0xC148, 0xB0E7, 0xA9E9,
    0xFF59, 0xFF59, 0xFF59, 0xFF59, 0xFF38, 0xFFBA, 0xDD53, 0x9086, 0xA928, 0xB108, 0xB107, 0xA907, 0xA907, 0xA907, 0xA907, 0xA0E7,
    0xA0E7, 0xA0E7, 0xA0E7, 0xA0E7, 0x98E7, 0x98E7, 0x98C7, 0x98C7, 0x90C7, 0x90C6, 0x90C6, 0x90C6, 0x88C6, 0x88A6, 0x88A6, 0x88A6,
    0x80A6, 0x80A6, 0x80A6, 0x80A6, 0x7886, 0x7886, 0x7886, 0x7886, 0x7886, 0x7886, 0x7886, 0x7886, 0x7886, 0x7886, 0x7886, 0x7886,
    0x7886, 0x7886, 0x7886, 0x7886, 0x7886, 0x7885, 0x7885, 0x7885, 0x7885, 0x7885, 0x7885, 0x7085, 0x7085, 0x7085, 0x7085, 0x7085,
    0x7065, 0x70C6, 0xAB8D, 0xDE76, 0xD5B4, 0x928A, 0x6885, 0x6064, 0x6085, 0x6044, 0x7A09, 0x60A5, 0x826A, 0xBD92, 0x60C5, 0x5023,
    0x5966, 0x50E5, 0x5043, 0x4863, 0x4863, 0x4843, 0x4843, 0x4043, 0x6084, 0x6084, 0x68A4, 0x68A4, 0x70A5, 0x70A5, 0x7106, 0x71A7,
    0x80A5, 0x80E6, 0xBD31, 0xAB4D, 0x88C6, 0x9A6A, 0x98C6, 0x9907, 0xA107, 0xA107, 0xBAEC, 0xD5D4, 0xDE55, 0xCC2F, 0xB9A9, 0xB928,
    0xB948, 0xB948, 0xC148, 0xC148, 0xC148, 0xC949, 0xC949, 0xC969, 0xD169, 0xD169, 0xD169, 0xD169, 0xD969, 0xD969, 0xD969, 0xD969,
    0xD969, 0xD969, 0xD969, 0xD969, 0xD969, 0xD969, 0xD989, 0xD989, 0xD989, 0xD989, 0xD989, 0xD969, 0xD969, 0xD969, 0xD969, 0xD969,
    0xD969, 0xD969, 0xD969, 0xD969, 0xD969, 0xD969, 0xD169, 0xD169, 0xD169, 0xD169, 0xD169, 0xD169, 0xD169, 0xD169, 0xD169, 0xC969,
    0xC949, 0xC949, 0xC949, 0xC949, 0xC948, 0xC948, 0xC148, 0xC148, 0xC148, 0xC148, 0xA8E7, 0xA9E9, 0xFF59, 0xFF59, 0xFF59, 0xFF59,
    0xFF38, 0xFFBA, 0xDD53, 0x9085, 0xA927, 0xA908, 0xA907, 0xA907, 0xA907, 0xA907, 0xA0E7, 0xA0E7, 0xA0E7, 0xA0E7, 0xA0E7, 0x98E7,
    0x98E7, 0x98E7, 0x98C7, 0x90C7, 0x90C6, 0x90C6, 0x90C6, 0x88C6, 0x88C6, 0x88A6, 0x88A6, 0x80A6, 0x80A6, 0x80A6, 0x80A6, 0x80A6,
    0x7886, 0x7886, 0x7886, 0x7886, 0x7886, 0x7886, 0x7886, 0x7886, 0x7886, 0x7886, 0x7886, 0x7886, 0x7886, 0x7886, 0x7886, 0x7886,
    0x7886, 0x7885, 0x7885, 0x7885, 0x7885, 0x7885, 0x7885, 0x7085, 0x7085, 0x7085, 0x7085, 0x7085, 0x7065, 0x70E6, 0xABCE, 0xDE76,
    0xD5B4, 0x92CB, 0x6885, 0x6064, 0x6085, 0x6044, 0x7A09, 0x60A5, 0x826A, 0xBD92, 0x60C5, 0x5023, 0x5966, 0x50E5, 0x5043, 0x4863,
    0x4863, 0x4843, 0x4843, 0x4043, 0x5884, 0x6084, 0x60A4, 0x68A4, 0x68A5, 0x70A5, 0x70E6, 0x71A7, 0x80A5, 0x80E6, 0xBD31, 0xA34D,
    0x88C6, 0x9A6A, 0x90C6, 0x9907, 0x9907, 0xA107, 0x9845, 0xBACC, 0xCC91, 0xA865, 0xB107, 0xB128, 0xB928, 0xB928, 0xC148, 0xC148,
    0xC148, 0xC948, 0xC948, 0xC969, 0xC969, 0xD169, 0xD169, 0xD169, 0xD169, 0xD169, 0xD969, 0xD969, 0xD969, 0xD969, 0xD969, 0xD969,
    0xD969, 0xD969, 0xD969, 0xD969, 0xD969, 0xD969, 0xD969, 0xD969, 0xD969, 0xD969, 0xD969, 0xD969, 0xD969, 0xD969, 0xD169, 0xD169,
    0xD169, 0xD169, 0xD169, 0xD169, 0xD169, 0xD169, 0xD169, 0xD169, 0xD169, 0xC969, 0xC949, 0xC949, 0xC949, 0xC949, 0xC949, 0xC948,
    0xC148, 0xC148, 0xC148, 0xC148, 0xC148, 0xB948, 0xA8E7, 0xA9E9, 0xFF59, 0xFF59, 0xFF59, 0xFF59, 0xFF38, 0xFFBA, 0xDD53, 0x9085,
    0xA907, 0xA907, 0xA907, 0xA907, 0xA907, 0xA0E7, 0xA0E7, 0xA0E7, 0xA0E7, 0xA0E7, 0x98E7, 0x98E7, 0x98E7, 0x98C7, 0x90C7, 0x90C6,
    0x90C6, 0x90C6, 0x90C6, 0x88C6, 0x88A6, 0x88A6, 0x88A6, 0x80A6, 0x80A6, 0x80A6, 0x80A6, 0x7886, 0x7886, 0x7886, 0x7886, 0x7886,
    0x7886, 0x7886, 0x7886, 0x7886, 0x7886, 0x7886, 0x7886, 0x7886, 0x7886, 0x7886, 0x7886, 0x7886, 0x7886, 0x7885, 0x7885, 0x7885,
    0x7885, 0x7885, 0x7885, 0x7085, 0x7085, 0x7085, 0x7085, 0x7085, 0x7085, 0x6885, 0x5802, 0xB42F, 0x92AB, 0x5802, 0x6885, 0x6084,
    0x6085, 0x6044, 0x7A09, 0x60A5, 0x826A, 0xBD92, 0x60C5, 0x5023, 0x5966, 0x50E5, 0x5043, 0x4863, 0x4863, 0x4843, 0x4843, 0x4043,
    0x5884, 0x6084, 0x60A4, 0x68A4, 0x68A5, 0x70A5, 0x70E5, 0x71A7, 0x78A5, 0x80C5, 0xBD11, 0xAB6D, 0x88C6, 0x926A, 0x90C6, 0x9906,
    0x9907, 0xA107, 0xA107, 0xA927, 0xA988, 0xA927, 0xB128, 0xB128, 0xB928, 0xB928, 0xB948, 0xC148, 0xC148, 0xC148, 0xC948, 0xC949,
    0xC949, 0xC949, 0xD169, 0xD169, 0xD169, 0xD169, 0xD169, 0xD169, 0xD169, 0xD169, 0xD169, 0xD169, 0xD169, 0xD969, 0xD969, 0xD969,
    0xD969, 0xD969, 0xD969, 0xD169, 0xD169, 0xD169, 0xD169, 0xD169, 0xD169, 0xD169, 0xD169, 0xD169, 0xD169, 0xD169, 0xD169, 0xD169,
    0xD169, 0xD169, 0xD169, 0xC949, 0xC949, 0xC949, 0xC949, 0xC949, 0xC949, 0xC948, 0xC948, 0xC148, 0xC148, 0xC148, 0xC148, 0xC128,
    0xC128, 0xB948, 0xA8E7, 0xA1E9, 0xFF59, 0xFF59, 0xFF59, 0xFF59, 0xFF38, 0xFFBA, 0xDD53, 0x9085, 0xA907, 0xA907, 0xA907, 0xA907,
    0xA0E7, 0xA0E7, 0xA0E7, 0xA0E7, 0xA0E7, 0x98E7, 0x98E7, 0x98E7, 0x98C7, 0x98C7, 0x90C7, 0x90C6, 0x90C6, 0x90C6, 0x88C6, 0x88A6,
    0x88A6, 0x88A6, 0x80A6, 0x80A6, 0x80A6, 0x80A6, 0x7886, 0x7886, 0x7886, 0x7886, 0x7886, 0x7886, 0x7886, 0x7886, 0x7886, 0x7886,
    0x7886, 0x7886, 0x7886, 0x7886, 0x7886, 0x7886, 0x7886, 0x7886, 0x7886, 0x7885, 0x7885, 0x7885, 0x7885, 0x7885, 0x7885, 0x7085,
    0x7085, 0x7085, 0x7085, 0x7085, 0x7085, 0x7085, 0x6885, 0x70E6, 0x70C5, 0x6885, 0x6885, 0x6084, 0x6085, 0x6044, 0x7A09, 0x6085,
    0x828A, 0xBD72, 0x60C5, 0x5023, 0x5966, 0x50E5, 0x5043, 0x4863, 0x4863, 0x4843, 0x4843, 0x4043, 0x5884, 0x6084, 0x6084, 0x68A4,
    0x68A5, 0x70A5, 0x70C5, 0x71C7, 0x78A5, 0x78A5, 0xB4B0, 0xABEE, 0x88A5, 0x928A, 0x90E6, 0x98E6, 0x9906, 0x9907, 0xA107, 0xA107,
    0xA907, 0xA927, 0xB127, 0xB128, 0xB128, 0xB928, 0xB928, 0xB928, 0xC148, 0xC148, 0xC148, 0xC948, 0xC949, 0xC949, 0xC949, 0xD169,
    0xD169, 0xD169, 0xD169, 0xD169, 0xD169, 0xD169, 0xD169, 0xD169, 0xD169, 0xD169, 0xD169, 0xD169, 0xD169, 0xD169, 0xD169, 0xD169,
    0xD169, 0xD169, 0xD169, 0xD169, 0xD169, 0xD169, 0xD169, 0xD169, 0xD169, 0xD169, 0xD169, 0xD169, 0xC969, 0xC949, 0xC949, 0xC949,
    0xC949, 0xC949, 0xC949, 0xC948, 0xC948, 0xC148, 0xC148, 0xC148, 0xC148, 0xC148, 0xC128, 0xB928, 0xB928, 0xB928, 0xA8C7, 0xA1E9,
    0xFF59, 0xFF59, 0xFF59, 0xFF59, 0xFF38, 0xFFBA, 0xDD53, 0x8885, 0xA907, 0xA907, 0xA907, 0xA0E7, 0xA0E7, 0xA0E7, 0xA0E7, 0xA0E7,
    0x98E7, 0x98E7, 0x98E7, 0x98C7, 0x98C7, 0x90C6, 0x90C6, 0x90C6, 0x90C6, 0x88C6, 0x88C6, 0x88A6, 0x88A6, 0x80A6, 0x80A6, 0x80A6,
    0x80A6, 0x80A6, 0x7886, 0x7886, 0x7886, 0x7886, 0x7886, 0x7886, 0x7886, 0x7886, 0x7886, 0x7886, 0x7886, 0x7886, 0x7886, 0x7886,
    0x7886, 0x7886, 0x7886, 0x7886, 0x7886, 0x7885, 0x7885, 0x7885, 0x7885, 0x7885, 0x7885, 0x7085, 0x7085, 0x7085, 0x7085, 0x7085,
    0x7085, 0x6885, 0x6885, 0x6865, 0x6865, 0x6885, 0x6885, 0x6084, 0x6084, 0x6044, 0x7A29, 0x5864, 0x932C, 0xB531, 0x5884, 0x5043,
    0x5986, 0x50A4, 0x5043, 0x4863, 0x4863, 0x4843, 0x4843, 0x4043, 0x5884, 0x6084, 0x6084, 0x68A4, 0x68A4, 0x70A5, 0x70C5, 0x71C7,
    0x78A5, 0x78A5, 0xB4B0, 0xABEE, 0x88A5, 0x928A, 0x90E6, 0x90E6, 0x98E6, 0x98E7, 0xA107, 0xA107, 0xA907, 0xA907, 0xA927, 0xB127,
    0xB128, 0xB128, 0xB928, 0xB928, 0xB948, 0xC148, 0xC148, 0xC148, 0xC948, 0xC949, 0xC949, 0xC969, 0xC969, 0xD169, 0xD169, 0xD169,
    0xD169, 0xD169, 0xD169, 0xD169, 0xD169, 0xD169, 0xD169, 0xD169, 0xD169, 0xD169, 0xD169, 0xD169, 0xD169, 0xD169, 0xD169, 0xD169,
    0xD169, 0xD169, 0xD169, 0xD169, 0xC969, 0xC949, 0xC949, 0xC949, 0xC949, 0xC949, 0xC949, 0xC949, 0xC949, 0xC948, 0xC948, 0xC148,
    0xC148, 0xC148, 0xC148, 0xC148, 0xC128, 0xC128, 0xB928, 0xB928, 0xB928, 0xB928, 0xA8C7, 0xA1E9, 0xFF59, 0xFF59, 0xFF59, 0xFF59,
    0xFF38, 0xFFBA, 0xDD53, 0x8885, 0xA107, 0xA907, 0xA0E7, 0xA0E7, 0xA0E7, 0xA0E7, 0xA0E7, 0x98E7, 0x98E7, 0x98E7, 0x98C7, 0x98C7,
    0x90C7, 0x90C6, 0x90C6, 0x90C6, 0x88C6, 0x88C6, 0x88A6, 0x88A6, 0x88A6, 0x80A6, 0x80A6, 0x80A6, 0x80A6, 0x7886, 0x7886, 0x7886,
    0x7886, 0x7886, 0x7886, 0x7886, 0x7886, 0x7886, 0x7886, 0x7886, 0x7886, 0x7886, 0x7886, 0x7886, 0x7886, 0x7886, 0x7886, 0x7886,
    0x7886, 0x7885, 0x7885, 0x7885, 0x7885, 0x7885, 0x7885, 0x7085, 0x7085, 0x7085, 0x7085, 0x7085, 0x7085, 0x6885, 0x6885, 0x6885,
    0x6885, 0x6885, 0x6885, 0x6064, 0x6084, 0x6044, 0x7A29, 0x5864, 0x932C, 0xB531, 0x5864, 0x5043, 0x5986, 0x50A4, 0x5043, 0x4863,
    0x4863, 0x4843, 0x4843, 0x4063, 0x4884, 0x5884, 0x6084, 0x60A4, 0x68A4, 0x68A5, 0x70A5, 0x71C7, 0x78C5, 0x7885, 0xAC4F, 0xB470,
    0x8085, 0x928A, 0x90E6, 0x90E6, 0x98E6, 0x98E7, 0x9907, 0xA107, 0xA107, 0xA907, 0xA907, 0xA927, 0xB127, 0xB128, 0xB928, 0xB928,
    0xB928, 0xC148, 0xC148, 0xC148, 0xC148, 0xC948, 0xC948, 0xC949, 0xC949, 0xC949, 0xC949, 0xC949, 0xC969, 0xD169, 0xD169, 0xD169,
    0xD169, 0xD169, 0xD169, 0xD169, 0xD169, 0xD169, 0xD169, 0xD169, 0xD169, 0xD169, 0xD169, 0xD169, 0xC949, 0xC949, 0xC949, 0xC949,
    0xC949, 0xC949, 0xC949, 0xC949, 0xC949, 0xC949, 0xC948, 0xC948, 0xC148, 0xC148, 0xC148, 0xC148, 0xC148, 0xC148, 0xC128, 0xC128,
    0xB928, 0xB928, 0xB928, 0xB928, 0xB928, 0xB928, 0xA0C7, 0xA1E9, 0xFF59, 0xFF59, 0xFF59, 0xFF59, 0xFF38, 0xFFBA, 0xDD53, 0x8885,
    0xA107, 0xA0E7, 0xA0E7, 0xA0E7, 0xA0E7, 0xA0E7, 0x98E7, 0x98E7, 0x98E7, 0x98C7, 0x98C7, 0x90C7, 0x90C6, 0x90C6, 0x90C6, 0x90C6,
    0x88C6, 0x88A6, 0x88A6, 0x88A6, 0x80A6, 0x80A6, 0x80A6, 0x80A6, 0x7886, 0x7886, 0x7886, 0x7886, 0x7886, 0x7886, 0x7886, 0x7886,
    0x7886, 0x7886, 0x7886, 0x7886, 0x7886, 0x7886, 0x7886, 0x7886, 0x7886, 0x7886, 0x7886, 0x7886, 0x7886, 0x7885, 0x7885, 0x7885,
    0x7885, 0x7885, 0x7085, 0x7085, 0x7085, 0x7085, 0x7085, 0x7085, 0x7085, 0x6885, 0x6885, 0x6885, 0x6885, 0x6885, 0x6085, 0x6064,
    0x6064, 0x6064, 0x7A49, 0x5844, 0x9BAD, 0xACD0, 0x5043, 0x5044, 0x6187, 0x5084, 0x5043, 0x4863, 0x4863, 0x4843, 0x4843, 0x3863,
    0x4884, 0x5884, 0x6084, 0x6084, 0x68A4, 0x68A5, 0x70A5, 0x71C7, 0x78C5, 0x7864, 0xABEE, 0xB4D0, 0x8085, 0x926A, 0x9107, 0x90E6,
    0x90E6, 0x98E6, 0x9907, 0xA107, 0xA107, 0xA107, 0xA907, 0xA907, 0xB127, 0xB128, 0xB128, 0xB928, 0xB928, 0xB928, 0xB928, 0xC148,
    0xC148, 0xC148, 0xC948, 0xC948, 0xC949, 0xC949, 0xC949, 0xC949, 0xC949, 0xC949, 0xC949, 0xC949, 0xC949, 0xC949, 0xC949, 0xC949,
    0xC949, 0xC949, 0xC949, 0xC949, 0xC949, 0xC949, 0xC949, 0xC949, 0xC949, 0xC949, 0xC949, 0xC949, 0xC949, 0xC949, 0xC949, 0xC948,
    0xC948, 0xC148, 0xC148, 0xC148, 0xC148, 0xC148, 0xC148, 0xC148, 0xC128, 0xC128, 0xB928, 0xB928, 0xB928, 0xB928, 0xB928, 0xB928,
    0xB928, 0xB128, 0xA0C6, 0xA1E9, 0xFF59, 0xFF59, 0xFF59, 0xFF59, 0xFF38, 0xFFBA, 0xDD53, 0x8885, 0xA107, 0xA0E7, 0xA0E7, 0xA0E7,
    0xA0E7, 0x98E7, 0x98E7, 0x98E7, 0x98C7, 0x98C7, 0x90C7, 0x90C6, 0x90C6, 0x90C6, 0x90C6, 0x88C6, 0x88A6, 0x88A6, 0x88A6, 0x80A6,
    0x80A6, 0x80A6, 0x80A6, 0x7886, 0x7886, 0x7886, 0x7886, 0x7886, 0x7886, 0x7886, 0x7886, 0x7886, 0x7886, 0x7886, 0x7886, 0x7886,
    0x7886, 0x7886, 0x7886, 0x7886, 0x7886, 0x7886, 0x7886, 0x7886, 0x7886, 0x7885, 0x7885, 0x7885, 0x7885, 0x7885, 0x7085, 0x7085,
    0x7085, 0x7085, 0x7085, 0x7085, 0x7085, 0x6885, 0x6885, 0x6885, 0x6885, 0x6885, 0x6085, 0x6064, 0x6064, 0x6084, 0x7A49, 0x5823,
    0xA42F, 0xAC6F, 0x5023, 0x5064, 0x6187, 0x5084, 0x5043, 0x4863, 0x4863, 0x4843, 0x4843, 0x3863, 0x4884, 0x5884, 0x6084, 0x6084,
    0x6884, 0x68A5, 0x7084, 0x71A7, 0x78E6, 0x7044, 0xA36D, 0xBD31, 0x80A5, 0x9249, 0x8947, 0x90C6, 0x90E6, 0x98E6, 0x98E7, 0x98E7,
    0xA107, 0xA107, 0xA907, 0xA907, 0xA907, 0xB127, 0xB128, 0xB128, 0xB928, 0xB928, 0xB928, 0xC148, 0xC148, 0xC148, 0xC148, 0xC148,
    0xC948, 0xC949, 0xC949, 0xC949, 0xC949, 0xC949, 0xC949, 0xC949, 0xC949, 0xC949, 0xC949, 0xC949, 0xC949, 0xC949, 0xC949, 0xC949,
    0xC949, 0xC949, 0xC949, 0xC949, 0xC949, 0xC949, 0xC949, 0xC948, 0xC948, 0xC948, 0xC148, 0xC148, 0xC148, 0xC148, 0xC148, 0xC148,
    0xC148, 0xC148, 0xC128, 0xC128, 0xB928, 0xB928, 0xB928, 0xB928, 0xB928, 0xB928, 0xB928, 0xB128, 0xB128, 0xB128, 0xA0C6, 0xA1E9,
    0xFF59, 0xFF59, 0xFF59, 0xFF59, 0xFF38, 0xFFBA, 0xDD53, 0x8865, 0xA107, 0xA0E7, 0xA0E7, 0xA0E7, 0x98E7, 0x98E7, 0x98E7, 0x98C7,
    0x98C7, 0x90C7, 0x90C6, 0x90C6, 0x90C6, 0x90C6, 0x88C6, 0x88A6, 0x88A6, 0x88A6, 0x80A6, 0x80A6, 0x80A6, 0x80A6, 0x80A6, 0x7886,
    0x7886, 0x7886, 0x7886, 0x7886, 0x7886, 0x7886, 0x7886, 0x7886, 0x7886, 0x7886, 0x7886, 0x7886, 0x7886, 0x7886, 0x7886, 0x7886,
    0x7886, 0x7886, 0x7886, 0x7886, 0x7886, 0x7885, 0x7885, 0x7885, 0x7885, 0x7885, 0x7085, 0x7085, 0x7085, 0x7085, 0x7085, 0x7085,
    0x7085, 0x6885, 0x6885, 0x6885, 0x6885, 0x6885, 0x6085, 0x6064, 0x6064, 0x60A5, 0x7A29, 0x5823, 0xACB0, 0x9BEE, 0x5003, 0x5884,
    0x5987, 0x5064, 0x5063, 0x4863, 0x4863, 0x4843, 0x4843, 0x3863, 0x38A4, 0x5884, 0x5884, 0x6084, 0x6084, 0x68A4, 0x6884, 0x71A7,
    0x7106, 0x7044, 0x9ACB, 0xBD72, 0x80E6, 0x8A09, 0x8967, 0x88C6, 0x90E6, 0x90E6, 0x98E6, 0x98E7, 0xA107, 0xA107, 0xA107, 0xA907,
    0xA907, 0xA907, 0xB127, 0xB128, 0xB128, 0xB928, 0xB928, 0xB928, 0xB928, 0xC128, 0xC148, 0xC148, 0xC148, 0xC148, 0xC948, 0xC948,
    0xC948, 0xC948, 0xC948, 0xC948, 0xC949, 0xC949, 0xC949, 0xC949, 0xC949, 0xC949, 0xC949, 0xC949, 0xC949, 0xC948, 0xC948, 0xC948,
    0xC948, 0xC948, 0xC148, 0xC148, 0xC148, 0xC148, 0xC148, 0xC148, 0xC148, 0xC148, 0xC148, 0xC128, 0xC128, 0xC128, 0xB928, 0xB928,
    0xB928, 0xB928, 0xB928, 0xB928, 0xB928, 0xB928, 0xB128, 0xB128, 0xB108, 0xB128, 0xA0C6, 0xA1C9, 0xFF59, 0xFF59, 0xFF59, 0xFF59,
    0xFF38, 0xFFBA, 0xDD53, 0x8065, 0x98E7, 0xA0E7, 0xA0E7, 0x98E7, 0x98E7, 0x98E7, 0x98C7, 0x98C7, 0x90C7, 0x90C6, 0x90C6, 0x90C6,
    0x90C6, 0x88C6, 0x88C6, 0x88A6, 0x88A6, 0x88A6, 0x80A6, 0x80A6, 0x80A6, 0x80A6, 0x7886, 0x7886, 0x7886, 0x7886, 0x7886, 0x7886,
    0x7886, 0x7886, 0x7886, 0x7886, 0x7886, 0x7886, 0x7886, 0x7886, 0x7886, 0x7886, 0x7886, 0x7886, 0x7886, 0x7886, 0x7886, 0x7886,
    0x7886, 0x7885, 0x7885, 0x7885, 0x7885, 0x7885, 0x7085, 0x7085, 0x7085, 0x7085, 0x7085, 0x7085, 0x7085, 0x6885, 0x6885, 0x6885,
    0x6885, 0x6885, 0x6085, 0x6064, 0x6064, 0x68E5, 0x7A09, 0x5844, 0xB511, 0x934C, 0x5003, 0x58A4, 0x5986, 0x5043, 0x5063, 0x4863,
    0x4863, 0x4843, 0x4843, 0x3084, 0x38A4, 0x5884, 0x5884, 0x6084, 0x6084, 0x68A4, 0x6884, 0x6987, 0x7126, 0x7044, 0x9249, 0xC5B3,
    0x8947, 0x89C8, 0x89C8, 0x88A5, 0x90E6, 0x90E6, 0x90E6, 0x98E7, 0x98E7, 0xA107, 0xA107, 0xA107, 0xA907, 0xA907, 0xA907, 0xB107,
    0xB128, 0xB128, 0xB928, 0xB928, 0xB928, 0xB928, 0xC128, 0xC148, 0xC148, 0xC148, 0xC148, 0xC148, 0xC148, 0xC148, 0xC148, 0xC148,
    0xC148, 0xC148, 0xC148, 0xC148, 0xC148, 0xC148, 0xC148, 0xC148, 0xC148, 0xC148, 0xC148, 0xC148, 0xC148, 0xC148, 0xC148, 0xC148,
    0xC148, 0xC148, 0xC148, 0xC148, 0xC128, 0xC128, 0xC128, 0xB928, 0xB928, 0xB928, 0xB928, 0xB928, 0xB928, 0xB928, 0xB928, 0xB928,
    0xB128, 0xB128, 0xB128, 0xB108, 0xB108, 0xB128, 0x98C6, 0x99C9, 0xFF59, 0xFF59, 0xFF59, 0xFF59, 0xFF38, 0xFFBA, 0xDD53, 0x8065,
    0x98E7, 0x98E7, 0x98E7, 0x98E7, 0x98E7, 0x98C7, 0x98C7, 0x90C7, 0x90C6, 0x90C6, 0x90C6, 0x90C6, 0x88C6, 0x88A6, 0x88A6, 0x88A6,
    0x88A6, 0x80A6, 0x80A6, 0x80A6, 0x80A6, 0x7886, 0x7886, 0x7886, 0x7886, 0x7886, 0x7886, 0x7886, 0x7886, 0x7886, 0x7886, 0x7886,
    0x7886, 0x7886, 0x7886, 0x7886, 0x7886, 0x7886, 0x7886, 0x7886, 0x7886, 0x7886, 0x7886, 0x7886, 0x7885, 0x7885, 0x7885, 0x7885,
    0x7885, 0x7885, 0x7085, 0x7085, 0x7085, 0x7085, 0x7085, 0x7085, 0x7085, 0x6885, 0x6885, 0x6885, 0x6885, 0x6885, 0x6085, 0x6084,
    0x6044, 0x6926, 0x71C8, 0x6084, 0xBD92, 0x82AA, 0x5003, 0x58C5, 0x5966, 0x5043, 0x5063, 0x4863, 0x4863, 0x4843, 0x4843, 0x3084,
    0x28A5, 0x5884, 0x5884, 0x6084, 0x6084, 0x60A4, 0x6864, 0x6946, 0x7146, 0x7064, 0x81A8, 0xC5B3, 0x91E8, 0x8147, 0x9209, 0x88A5,
    0x88E6, 0x90E6, 0x90E6, 0x98E6, 0x98E7, 0x98E7, 0xA107, 0xA107, 0xA107, 0xA907, 0xA907, 0xA907, 0xB128, 0xB128, 0xB128, 0xB928,
    0xB928, 0xB928, 0xB928, 0xC128, 0xC148, 0xC148, 0xC148, 0xC148, 0xC148, 0xC148, 0xC148, 0xC148, 0xC148, 0xC148, 0xC148, 0xC148,
    0xC148, 0xC148, 0xC148, 0xC148, 0xC148, 0xC148, 0xC148, 0xC148, 0xC148, 0xC148, 0xC148, 0xC148, 0xC128, 0xC128, 0xC128, 0xC128,
    0xB928, 0xB928, 0xB928, 0xB928, 0xB928, 0xB928, 0xB928, 0xB928, 0xB928, 0xB928, 0xB128, 0xB128, 0xB128, 0xB108, 0xB108, 0xB108,
    0xB108, 0xA908, 0x98C6, 0x99C9, 0xFF59, 0xFF59, 0xFF59, 0xFF59, 0xFF38, 0xFFBA, 0xD553, 0x8065, 0x98E7, 0x98E7, 0x98E7, 0x98E7,
    0x98C7, 0x98C7, 0x90C7, 0x90C6, 0x90C6, 0x90C6, 0x90C6, 0x88C6, 0x88A6, 0x88A6, 0x88A6, 0x88A6, 0x80A6, 0x80A6, 0x80A6, 0x80A6,
    0x7886, 0x7886, 0x7886, 0x7886, 0x7886, 0x7886, 0x7886, 0x7886, 0x7886, 0x7886, 0x7886, 0x7886, 0x7886, 0x7886, 0x7886, 0x7886,
    0x7886, 0x7886, 0x7886, 0x7886, 0x7886, 0x7886, 0x7886, 0x7886, 0x7885, 0x7885, 0x7885, 0x7885, 0x7885, 0x7885, 0x7085, 0x7085,
    0x7085, 0x7085, 0x7085, 0x7085, 0x6885, 0x6885, 0x6885, 0x6885, 0x6885, 0x6885, 0x6085, 0x6085, 0x6044, 0x7187, 0x6967, 0x6906,
    0xC5D3, 0x79E8, 0x5003, 0x58E5, 0x5946, 0x5023, 0x5063, 0x4863, 0x4843, 0x4843, 0x4043, 0x28A5, 0x28A5, 0x5084, 0x5884, 0x5884,
    0x6084, 0x6084, 0x6884, 0x6926, 0x7187, 0x7064, 0x7926, 0xBD92, 0x9AAB, 0x80E6, 0x9249, 0x88A5, 0x88E6, 0x90E6, 0x90E6, 0x90E6,
    0x98E6, 0x98E7, 0x9907, 0xA107, 0xA107, 0xA907, 0xA907, 0xA907, 0xA907, 0xB128, 0xB128, 0xB128, 0xB928, 0xB928, 0xB928, 0xB928,
    0xB928, 0xB928, 0xC128, 0xC128, 0xC128, 0xC128, 0xC148, 0xC148, 0xC148, 0xC148, 0xC148, 0xC148, 0xC148, 0xC148, 0xC148, 0xC148,
    0xC148, 0xC148, 0xC128, 0xC128, 0xC128, 0xC128, 0xC128, 0xC128, 0xC128, 0xB928, 0xB928, 0xB928, 0xB928, 0xB928, 0xB928, 0xB928,
    0xB928, 0xB928, 0xB928, 0xB928, 0xB128, 0xB128, 0xB128, 0xB108, 0xB108, 0xB108, 0xB108, 0xB107, 0xA907, 0xA907, 0x98A6, 0x99C9,
    0xFF59, 0xFF59, 0xFF59, 0xFF59, 0xFF38, 0xFFBA, 0xD553, 0x8065, 0x98E7, 0x98E7, 0x98E7, 0x98C7, 0x98C7, 0x90C7, 0x90C6, 0x90C6,
    0x90C6, 0x90C6, 0x88C6, 0x88A6, 0x88A6, 0x88A6, 0x88A6, 0x80A6, 0x80A6, 0x80A6, 0x80A6, 0x8086, 0x7886, 0x7886, 0x7886, 0x7886,
    0x7886, 0x7886, 0x7886, 0x7886, 0x7886, 0x7886, 0x7886, 0x7886, 0x7886, 0x7886, 0x7886, 0x7886, 0x7886, 0x7886, 0x7886, 0x7886,
    0x7886, 0x7886, 0x7886, 0x7886, 0x7885, 0x7885, 0x7885, 0x7885, 0x7885, 0x7885, 0x7085, 0x7085, 0x7085, 0x7085, 0x7085, 0x7085,
    0x6885, 0x6885, 0x6885, 0x6885, 0x6885, 0x6885, 0x6084, 0x6085, 0x6024, 0x71E8, 0x60E5, 0x79C8, 0xC5D3, 0x6946, 0x5003, 0x5926,
    0x5925, 0x5023, 0x5063, 0x4863, 0x4843, 0x4843, 0x4043, 0x20A5, 0x20C5, 0x5084, 0x5884, 0x5884, 0x6084, 0x6084, 0x6884, 0x68E5,
    0x69A7, 0x7084, 0x70A5, 0xB511, 0xA38D, 0x7885, 0x926A, 0x80A6, 0x88C6, 0x88E6, 0x90E6, 0x90E6, 0x90E6, 0x98E6, 0x98E7, 0xA0E7,
    0xA107, 0xA107, 0xA907, 0xA907, 0xA907, 0xA907, 0xB108, 0xB128, 0xB128, 0xB128, 0xB928, 0xB928, 0xB928, 0xB928, 0xB928, 0xB928,
    0xB928, 0xC128, 0xC128, 0xC128, 0xC128, 0xC128, 0xC128, 0xC128, 0xC128, 0xC128, 0xC128, 0xC128, 0xC128, 0xC128, 0xC128, 0xB928,
    0xB928, 0xB928, 0xB928, 0xB928, 0xB928, 0xB928, 0xB928, 0xB928, 0xB928, 0xB928, 0xB928, 0xB928, 0xB928, 0xB128, 0xB128, 0xB128,
    0xB128, 0xB108, 0xB108, 0xB108, 0xB108, 0xB107, 0xA907, 0xA907, 0xA907, 0xA907, 0x98A6, 0x99C9, 0xFF59, 0xFF59, 0xFF59, 0xFF59,
    0xFF38, 0xFFBA, 0xD553, 0x8065, 0x98E7, 0x98E7, 0x98C7, 0x98C7, 0x90C7, 0x90C6, 0x90C6, 0x90C6, 0x90C6, 0x88C6, 0x88A6, 0x88A6,
    0x88A6, 0x88A6, 0x80A6, 0x80A6, 0x80A6, 0x80A6, 0x80A6, 0x7886, 0x7886, 0x7886, 0x7886, 0x7886, 0x7886, 0x7886, 0x7886, 0x7886,
    0x7886, 0x7886, 0x7886, 0x7886, 0x7886, 0x7886, 0x7886, 0x7886, 0x7886, 0x7886, 0x7886, 0x7886, 0x7886, 0x7886, 0x7886, 0x7886,
    0x7885, 0x7885, 0x7885, 0x7885, 0x7885, 0x7085, 0x7085, 0x7085, 0x7085, 0x7085, 0x7085, 0x7085, 0x6885, 0x6885, 0x6885, 0x6885,
    0x6885, 0x6885, 0x6084, 0x6084, 0x6044, 0x7A29, 0x5884, 0x8AAB, 0xBD72, 0x58C5, 0x5023, 0x5966, 0x58E5, 0x5043, 0x4863, 0x4863,
    0x4843, 0x4843, 0x4063, 0x20C5, 0x18C5, 0x4884, 0x5884, 0x5884, 0x5884, 0x6084, 0x6084, 0x68A5, 0x69A7, 0x70A5, 0x7064, 0xAC2F,
    0xB490, 0x7864, 0x8A6A, 0x80E6, 0x88C6, 0x88C6, 0x88C6, 0x90E6, 0x90E6, 0x90E6, 0x98E7, 0x98E7, 0xA0E7, 0xA107, 0xA107, 0xA907,
    0xA907, 0xA907, 0xA907, 0xB107, 0xB128, 0xB128, 0xB128, 0xB928, 0xB928, 0xB928, 0xB928, 0xB928, 0xB928, 0xB928, 0xB928, 0xB928,
    0xB928, 0xB928, 0xB928, 0xB928, 0xB928, 0xB928, 0xB928, 0xB928, 0xB928, 0xB928, 0xB928, 0xB928, 0xB928, 0xB928, 0xB928, 0xB928,
    0xB928, 0xB928, 0xB928, 0xB928, 0xB928, 0xB928, 0xB928, 0xB128, 0xB128, 0xB128, 0xB108, 0xB108, 0xB108, 0xB108, 0xB108, 0xB107,
    0xA907, 0xA907, 0xA907, 0xA907, 0xA907, 0xA907, 0x98A6, 0x99C9, 0xFF59, 0xFF59, 0xFF59, 0xFF59, 0xFF38, 0xFFBA, 0xD553, 0x7865,
    0x90E7, 0x98C7, 0x98C7, 0x90C7, 0x90C6, 0x90C6, 0x90C6, 0x90C6, 0x88C6, 0x88A6, 0x88A6, 0x88A6, 0x88A6, 0x80A6, 0x80A6, 0x80A6,
    0x80A6, 0x80A6, 0x7886, 0x7886, 0x7886, 0x7886, 0x7886, 0x7886, 0x7886, 0x7886, 0x7886, 0x7886, 0x7886, 0x7886, 0x7886, 0x7886,
    0x7886, 0x7886, 0x7886, 0x7886, 0x7886, 0x7886, 0x7886, 0x7886, 0x7886, 0x7886, 0x7886, 0x7885, 0x7885, 0x7885, 0x7885, 0x7885,
    0x7885, 0x7085, 0x7085, 0x7085, 0x7085, 0x7085, 0x7085, 0x7085, 0x6885, 0x6885, 0x6885, 0x6885, 0x6885, 0x6085, 0x6064, 0x6064,
    0x6064, 0x7A49, 0x5823, 0x9BCE, 0xACD0, 0x5043, 0x5044, 0x6187, 0x50A4, 0x5043, 0x4863, 0x4863, 0x4843, 0x4843, 0x4063, 0x18C5,
    0x18C5, 0x4084, 0x5064, 0x5884, 0x5884, 0x6084, 0x6084, 0x6884, 0x69A7, 0x70C5, 0x6844, 0x9B4C, 0xBD52, 0x7885, 0x8A29, 0x8947,
    0x80A5, 0x88C6, 0x88C6, 0x90E6, 0x90E6, 0x90E6, 0x98E6, 0x98E7, 0x98E7, 0xA107, 0xA107, 0xA107, 0xA907, 0xA907, 0xA907, 0xA907,
    0xB108, 0xB128, 0xB108, 0xB128, 0xB128, 0xB928, 0xB928, 0xB928, 0xB928, 0xB928, 0xB928, 0xB928, 0xB928, 0xB928, 0xB928, 0xB928,
    0xB928, 0xB928, 0xB928, 0xB928, 0xB928, 0xB928, 0xB928, 0xB928, 0xB928, 0xB928, 0xB928, 0xB928, 0xB928, 0xB928, 0xB928, 0xB128,
    0xB128, 0xB128, 0xB128, 0xB108, 0xB108, 0xB108, 0xB108, 0xB108, 0xB108, 0xB107, 0xA907, 0xA907, 0xA907, 0xA907, 0xA907, 0xA907,
    0xA907, 0xA107, 0x90A6, 0x99C9, 0xFF59, 0xFF59, 0xFF59, 0xFF59, 0xFF38, 0xFFBA, 0xD553, 0x7845, 0x90E7, 0x90C7, 0x90C6, 0x90C6,
    0x90C6, 0x90C6, 0x90C6, 0x88C6, 0x88A6, 0x88A6, 0x88A6, 0x88A6, 0x80A6, 0x80A6, 0x80A6, 0x80A6, 0x80A6, 0x7886, 0x7886, 0x7886,
    0x7886, 0x7886, 0x7886, 0x7886, 0x7886, 0x7886, 0x7886, 0x7886, 0x7886, 0x7886, 0x7886, 0x7886, 0x7886, 0x7886, 0x7886, 0x7886,
    0x7886, 0x7886, 0x7886, 0x7886, 0x7886, 0x7886, 0x7886, 0x7885, 0x7885, 0x7885, 0x7885, 0x7885, 0x7885, 0x7085, 0x7085, 0x7085,
    0x7085, 0x7085, 0x7085, 0x7085, 0x6885, 0x6885, 0x6885, 0x6885, 0x6885, 0x6085, 0x6064, 0x6064, 0x60C5, 0x7A29, 0x5823, 0xB4D1,
    0x9BCE, 0x5003, 0x5884, 0x6187, 0x5064, 0x5063, 0x4863, 0x4863, 0x4843, 0x4843, 0x3864, 0x18C5, 0x18C5, 0x3884, 0x5063, 0x5864,
    0x5884, 0x5884, 0x6084, 0x6064, 0x6987, 0x6906, 0x6844, 0x8A29, 0xC5B3, 0x8147, 0x8188, 0x89C8, 0x8085, 0x88C6, 0x88C6, 0x88C6,
    0x90E6, 0x90E6, 0x90E6, 0x98E7, 0x98E7, 0x98E7, 0xA0E7, 0xA107, 0xA107, 0xA907, 0xA907, 0xA907, 0xA907, 0xA907, 0xB107, 0xB108,
    0xB128, 0xB128, 0xB128, 0xB928, 0xB928, 0xB928, 0xB928, 0xB928, 0xB928, 0xB928, 0xB928, 0xB928, 0xB928, 0xB928, 0xB928, 0xB928,
    0xB928, 0xB928, 0xB928, 0xB928, 0xB928, 0xB928, 0xB128, 0xB128, 0xB128, 0xB128, 0xB128, 0xB108, 0xB108, 0xB108, 0xB108, 0xB108,
    0xB108, 0xB108, 0xB108, 0xA908, 0xA907, 0xA907, 0xA907, 0xA907, 0xA907, 0xA907, 0xA907, 0xA0E7, 0xA0E7, 0xA107, 0x90A6, 0x91C9,
    0xFF59, 0xFF59, 0xFF59, 0xFF59, 0xFF38, 0xFFBA, 0xD553, 0x7845, 0x90E7, 0x90C6, 0x90C6, 0x90C6, 0x90C6, 0x90C6, 0x88C6, 0x88A6,
    0x88A6, 0x88A6, 0x88A6, 0x80A6, 0x80A6, 0x80A6, 0x80A6, 0x80A6, 0x7886, 0x7886, 0x7886, 0x7886, 0x7886, 0x7886, 0x7886, 0x7886,
    0x7886, 0x7886, 0x7886, 0x7886, 0x7886, 0x7886, 0x7886, 0x7886, 0x7886, 0x7886, 0x7886, 0x7886, 0x7886, 0x7886, 0x7886, 0x7886,
    0x7886, 0x7886, 0x7886, 0x7885, 0x7885, 0x7885, 0x7885, 0x7885, 0x7885, 0x7085, 0x7085, 0x7085, 0x7085, 0x7085, 0x7085, 0x6885,
    0x6885, 0x6885, 0x6885, 0x6885, 0x6885, 0x6085, 0x6084, 0x6044, 0x6947, 0x71A8, 0x6085, 0xBD93, 0x82AA, 0x5003, 0x58C5, 0x5986,
    0x5043, 0x5063, 0x4863, 0x4863, 0x4843, 0x4843, 0x3084, 0x18C5, 0x18C5, 0x30A4, 0x5063, 0x5064, 0x5884, 0x5884, 0x6084, 0x6064,
    0x6946, 0x6946, 0x6844, 0x7947, 0xBDB3, 0x924A, 0x78E6, 0x8A29, 0x8085, 0x80C6, 0x88C6, 0x88C6, 0x88C6, 0x90C6, 0x90E6, 0x90E6,
    0x98E6, 0x98E7, 0x98E7, 0xA0E7, 0xA0E7, 0xA107, 0xA107, 0xA907, 0xA907, 0xA907, 0xA907, 0xB108, 0xB108, 0xB128, 0xB128, 0xB128,
    0xB128, 0xB128, 0xB128, 0xB128, 0xB128, 0xB128, 0xB128, 0xB128, 0xB128, 0xB128, 0xB128, 0xB128, 0xB128, 0xB128, 0xB128, 0xB128,
    0xB128, 0xB128, 0xB128, 0xB108, 0xB128, 0xB108, 0xB108, 0xB108, 0xB108, 0xB108, 0xB108, 0xB108, 0xA907, 0xA907, 0xA907, 0xA907,
    0xA907, 0xA907, 0xA907, 0xA907, 0xA907, 0xA0E7, 0xA0E7, 0xA0E7, 0xA0E7, 0xA0E7, 0x90A6, 0x91C9, 0xFF59, 0xFF59, 0xFF59, 0xFF59,
    0xFF38, 0xFFBA, 0xD553, 0x7844, 0x90C6, 0x90C6, 0x90C6, 0x90C6, 0x88C6, 0x88C6, 0x88A6, 0x88A6, 0x88A6, 0x88A6, 0x80A6, 0x80A6,
    0x80A6, 0x80A6, 0x80A6, 0x7886, 0x7886, 0x7886, 0x7886, 0x7886, 0x7886, 0x7886, 0x7886, 0x7886, 0x7886, 0x7886, 0x7886, 0x7886,
    0x7886, 0x7886, 0x7886, 0x7886, 0x7886, 0x7886, 0x7886, 0x7886, 0x7886, 0x7886, 0x7886, 0x7886, 0x7886, 0x7886, 0x7886, 0x7885,
    0x7885, 0x7885, 0x7885, 0x7885, 0x7085, 0x7085, 0x7085, 0x7085, 0x7085, 0x7085, 0x7085, 0x6885, 0x6885, 0x6885, 0x6885, 0x6885,
    0x6885, 0x6084, 0x6085, 0x6024, 0x71C8, 0x6106, 0x7187, 0xC5D3, 0x7187, 0x5003, 0x5905, 0x5946, 0x5023, 0x5063, 0x4863, 0x4843,
    0x4843, 0x4043, 0x28A4, 0x18C5, 0x18C5, 0x20A5, 0x5063, 0x5063, 0x5884, 0x5884, 0x6084, 0x6064, 0x60E5, 0x6987, 0x6864, 0x70A5,
    0xB511, 0xA3AD, 0x7064, 0x8A8A, 0x80A5, 0x80C6, 0x80C6, 0x88C6, 0x88C6, 0x88C6, 0x90E6, 0x90E6, 0x90E6, 0x98E7, 0x98E7, 0x98E7,
    0xA0E7, 0xA107, 0xA107, 0xA107, 0xA907, 0xA907, 0xA907, 0xA907, 0xA907, 0xB107, 0xB107, 0xB108, 0xB108, 0xB108, 0xB128, 0xB108,
    0xB108, 0xB108, 0xB108, 0xB108, 0xB108, 0xB108, 0xB108, 0xB108, 0xB108, 0xB128, 0xB108, 0xB108, 0xB108, 0xB108, 0xB108, 0xB108,
    0xB108, 0xB108, 0xB108, 0xB108, 0xB108, 0xA908, 0xA907, 0xA907, 0xA907, 0xA907, 0xA907, 0xA907, 0xA907, 0xA907, 0xA907, 0xA0E7,
    0xA0E7, 0xA0E7, 0xA107, 0xA107, 0xA107, 0xA107, 0x90A6, 0x91C9, 0xFF59, 0xFF59, 0xFF59, 0xFF59, 0xFF38, 0xFFBA, 0xD553, 0x7865,
    0x90E7, 0x90E7, 0x90E7, 0x90C6, 0x88C6, 0x88A6, 0x88A6, 0x88A6, 0x88A6, 0x80A6, 0x80A6, 0x80A6, 0x80A6, 0x80A6, 0x7886, 0x7886,
    0x7886, 0x7886, 0x7886, 0x7886, 0x7886, 0x7886, 0x7886, 0x7886, 0x7886, 0x7886, 0x7886, 0x7886, 0x7886, 0x7886, 0x7886, 0x7886,
    0x7886, 0x7886, 0x7886, 0x7886, 0x7886, 0x7886, 0x7886, 0x7886, 0x7886, 0x7886, 0x7885, 0x7885, 0x7885, 0x7885, 0x7885, 0x7885,
    0x7085, 0x7085, 0x7085, 0x7085, 0x7085, 0x7085, 0x7085, 0x6885, 0x6885, 0x6885, 0x6885, 0x6885, 0x6085, 0x6064, 0x6084, 0x6044,
    0x7A49, 0x5864, 0x8AEB, 0xBD72, 0x58A5, 0x5023, 0x5946, 0x58E5, 0x5043, 0x4863, 0x4863, 0x4843, 0x4843, 0x4043, 0x20A5, 0x18C5,
    0x18C5, 0x18C5, 0x4863, 0x5063, 0x5064, 0x5864, 0x5884, 0x6084, 0x6084, 0x69A7, 0x68A5, 0x6844, 0xA3CE, 0xB4F1, 0x7064, 0x8A49,
    0x8126, 0x80A5, 0x80C6, 0x80C6, 0x88C6, 0x88C6, 0x88C6, 0x90C6, 0x90E6, 0x90E6, 0x98E7, 0x98E7, 0x98E7, 0xA0E7, 0xA0E7, 0xA0E7,
    0xA107, 0xA907, 0xA907, 0xA907, 0xA907, 0xA907, 0xB107, 0xB108, 0xB108, 0xB108, 0xB108, 0xB108, 0xB108, 0xB108, 0xB108, 0xB108,
    0xB108, 0xB108, 0xB108, 0xB108, 0xB108, 0xB108, 0xB108, 0xB108, 0xB108, 0xB108, 0xB108, 0xB108, 0xB107, 0xA907, 0xA907, 0xA907,
    0xA907, 0xA907, 0xA907, 0xA907, 0xA907, 0xA907, 0xA907, 0xA907, 0xA907, 0xA107, 0xA0E7, 0xA0E7, 0xA0E7, 0xA0E7, 0x98A6, 0x9045,
    0x9045, 0x9065, 0x8004, 0x8127, 0xFF38, 0xFF38, 0xFF38, 0xFF38, 0xFF18, 0xFFBA, 0xCD12, 0x6802, 0x8045, 0x8024, 0x8024, 0x8045,
    0x88A6, 0x88A6, 0x88A6, 0x80A6, 0x80A6, 0x80A6, 0x80A6, 0x80A6, 0x8086, 0x7886, 0x7886, 0x7886, 0x7886, 0x7886, 0x7886, 0x7886,
    0x7886, 0x7886, 0x7886, 0x7886, 0x7886, 0x7886, 0x7886, 0x7886, 0x7886, 0x7886, 0x7886, 0x7886, 0x7886, 0x7886, 0x7886, 0x7886,
    0x7886, 0x7886, 0x7886, 0x7886, 0x7886, 0x7886, 0x7885, 0x7885, 0x7885, 0x7885, 0x7885, 0x7885, 0x7085, 0x7085, 0x7085, 0x7085,
    0x7085, 0x7085, 0x6885, 0x6885, 0x6885, 0x6885, 0x6885, 0x6885, 0x6085, 0x6064, 0x6064, 0x60A5, 0x7A49, 0x5803, 0xAC6F, 0xA46F,
    0x5023, 0x5044, 0x5986, 0x5084, 0x5043, 0x4863, 0x4863, 0x4843, 0x4843, 0x4063, 0x18C5, 0x18C5, 0x18C5, 0x18C5, 0x4084, 0x5063,
    0x5064, 0x5864, 0x5884, 0x5884, 0x6064, 0x6987, 0x68E5, 0x6023, 0x8A6A, 0xC5B3, 0x7906, 0x8187, 0x81C8, 0x7885, 0x80C6, 0x80C6,
    0x80C6, 0x88C6, 0x88C6, 0x88C6, 0x90C6, 0x90E6, 0x90E6, 0x98E6, 0x98E7, 0x98E7, 0xA0E7, 0xA0E7, 0xA0E7, 0xA107, 0xA907, 0xA907,
    0xA907, 0xA907, 0xA907, 0xA907, 0xA907, 0xA907, 0xB107, 0xB107, 0xB107, 0xB108, 0xB108, 0xB108, 0xB108, 0xB108, 0xB108, 0xB108,
    0xB107, 0xB107, 0xA907, 0xA907, 0xA907, 0xA907, 0xA907, 0xA907, 0xA907, 0xA907, 0xA907, 0xA907, 0xA907, 0xA907, 0xA907, 0xA907,
    0xA907, 0xA907, 0xA107, 0xA0E7, 0xA0E7, 0xA0E7, 0xA0E7, 0xA0E7, 0xA0E7, 0x98A6, 0xAA0A, 0xC3F0, 0xC3CF, 0xC3EF, 0xBBAE, 0xC470,
    0xFFBA, 0xFFDA, 0xFFDA, 0xFFDA, 0xFFBA, 0xFFFB, 0xEE96, 0xAB8E, 0xBBCF, 0xBBCF, 0xBBCF, 0xB32D, 0x80A6, 0x88A6, 0x80A6, 0x80A6,
    0x80A6, 0x80A6, 0x80A6, 0x7886, 0x7886, 0x7886, 0x7886, 0x7886, 0x7886, 0x7886, 0x7886, 0x7886, 0x7886, 0x7886, 0x7886, 0x7886,
    0x7886, 0x7886, 0x7886, 0x7886, 0x7886, 0x7886, 0x7886, 0x7886, 0x7886, 0x7886, 0x7886, 0x7886, 0x7886, 0x7886, 0x7886, 0x7886,
    0x7886, 0x7885, 0x7885, 0x7885, 0x7885, 0x7885, 0x7885, 0x7085, 0x7085, 0x7085, 0x7085, 0x7085, 0x7085, 0x7085, 0x6885, 0x6885,
    0x6885, 0x6885, 0x6885, 0x6885, 0x6085, 0x6084, 0x6044, 0x6946, 0x71C8, 0x6064, 0xBD72, 0x8AEB, 0x5003, 0x58A4, 0x5986, 0x5043,
    0x5063, 0x4863, 0x4863, 0x4843, 0x4843, 0x3864, 0x18C5, 0x18C5, 0x18C5, 0x18C5, 0x3084, 0x5063, 0x5063, 0x5064, 0x5884, 0x5884,
    0x6044, 0x6146, 0x6946, 0x6044, 0x7126, 0xC5B3, 0x926A, 0x70C5, 0x8A49, 0x7885, 0x80C6, 0x80C5, 0x80C6, 0x88C6, 0x88C6, 0x88C6,
    0x88C6, 0x90C6, 0x90E6, 0x90E6, 0x98E7, 0x98E7, 0x98E7, 0x98E7, 0xA0E7, 0xA0E7, 0xA107, 0xA0E7, 0xA107, 0xA907, 0xA907, 0xA907,
    0xA907, 0xA907, 0xA907, 0xA907, 0xA907, 0xA907, 0xA907, 0xA907, 0xA907, 0xA907, 0xA907, 0xA907, 0xA907, 0xA907, 0xA907, 0xA907,
    0xA907, 0xA907, 0xA907, 0xA907, 0xA907, 0xA907, 0xA907, 0xA907, 0xA907, 0xA907, 0xA907, 0xA0E7, 0xA0E7, 0xA0E7, 0xA0E7, 0xA0E7,
    0xA0E7, 0xA0E7, 0xA0E7, 0xA0E7, 0xA0E7, 0x98A6, 0xA1EA, 0xBBCF, 0xBBAE, 0xBBAE, 0xB3AE, 0xB38E, 0xA32C, 0xA32C, 0xA30C, 0xA30C,
    0xA30C, 0xA30C, 0xA34D, 0xB38E, 0xB38E, 0xB38E, 0xB3AE, 0xAB0D, 0x80A6, 0x80A6, 0x80A6, 0x80A6, 0x80A6, 0x80A6, 0x7886, 0x7886,
    0x7886, 0x7886, 0x7886, 0x7886, 0x7886, 0x7886, 0x7886, 0x7886, 0x7886, 0x7886, 0x7886, 0x7886, 0x7886, 0x7886, 0x7886, 0x7886,
    0x7886, 0x7886, 0x7886, 0x7886, 0x7886, 0x7886, 0x7886, 0x7886, 0x7886, 0x7886, 0x7886, 0x7886, 0x7886, 0x7885, 0x7885, 0x7885,
    0x7885, 0x7885, 0x7885, 0x7085, 0x7085, 0x7085, 0x7085, 0x7085, 0x7085, 0x7085, 0x6885, 0x6885, 0x6885, 0x6885, 0x6885, 0x6885,
    0x6084, 0x6085, 0x5824, 0x7A08, 0x60E5, 0x71A8, 0xC5D3, 0x6987, 0x5003, 0x5905, 0x5946, 0x5023, 0x5063, 0x4863, 0x4863, 0x4843,
    0x4843, 0x3084, 0x18C5, 0x18C5, 0x18C5, 0x18C5, 0x20A5, 0x4863, 0x5063, 0x5064, 0x5864, 0x5884, 0x5864, 0x60C5, 0x6987, 0x6864,
    0x6864, 0xB4D0, 0xAC0E, 0x6844, 0x8A6A, 0x78C5, 0x78A5, 0x80A5, 0x80C6, 0x80C6, 0x88C6, 0x88C6, 0x88C6, 0x88C6, 0x90C6, 0x90E6,
    0x90E6, 0x98E6, 0x98E7, 0x98E7, 0x98E7, 0xA0E7, 0xA0E7, 0xA0E7, 0xA0E7, 0xA0E7, 0xA0E7, 0xA907, 0xA907, 0xA907, 0xA907, 0xA907,
    0xA907, 0xA907, 0xA907, 0xA907, 0xA907, 0xA907, 0xA907, 0xA907, 0xA907, 0xA907, 0xA907, 0xA907, 0xA907, 0xA907, 0xA907, 0xA907,
    0xA907, 0xA907, 0xA907, 0xA907, 0xA0E7, 0xA0E7, 0xA0E7, 0xA0E7, 0xA0E7, 0xA0E7, 0xA0E7, 0xA0E7, 0xA0E7, 0xA0E7, 0xA0E7, 0x98E7,
    0x98E7, 0x98E7, 0x88A6, 0x8024, 0x7824, 0x7824, 0x7824, 0x7024, 0x7024, 0x6824, 0x6824, 0x6824, 0x6824, 0x6824, 0x6824, 0x6804,
    0x7004, 0x7004, 0x7004, 0x7024, 0x80A6, 0x80A6, 0x80A6, 0x80A6, 0x80A6, 0x7886, 0x7886, 0x7886, 0x7886, 0x7886, 0x7886, 0x7886,
    0x7886, 0x7886, 0x7886, 0x7886, 0x7886, 0x7886, 0x7886, 0x7886, 0x7886, 0x7886, 0x7886, 0x7886, 0x7886, 0x7886, 0x7886, 0x7886,
    0x7886, 0x7886, 0x7886, 0x7886, 0x7886, 0x7886, 0x7886, 0x7886, 0x7886, 0x7885, 0x7885, 0x7885, 0x7885, 0x7885, 0x7085, 0x7085,
    0x7085, 0x7085, 0x7085, 0x7085, 0x7085, 0x6885, 0x6885, 0x6885, 0x6885, 0x6885, 0x6885, 0x6085, 0x6064, 0x6064, 0x6064, 0x7A49,
    0x5823, 0x936C, 0xB531, 0x5884, 0x5023, 0x5946, 0x58E5, 0x5043, 0x4863, 0x4863, 0x4843, 0x4843, 0x4043, 0x20A5, 0x18C5, 0x18C5,
    0x18C5, 0x18C5, 0x18C5, 0x4863, 0x5063, 0x5063, 0x5064, 0x5864, 0x5884, 0x6064, 0x69A7, 0x60A5, 0x6023, 0x932C, 0xBD72, 0x7085,
    0x81E8, 0x8167, 0x7885, 0x78C5, 0x80A5, 0x80A6, 0x80C6, 0x88C6, 0x88C6, 0x88C6, 0x90C6, 0x90C6, 0x90C6, 0x90E6, 0x90E7, 0x98E7,
    0x98E7, 0x98E7, 0x98E7, 0xA0E7, 0xA0E7, 0xA0E7, 0xA0E7, 0xA107, 0xA107, 0xA107, 0xA907, 0xA907, 0xA907, 0xA907, 0xA907, 0xA907,
    0xA907, 0xA907, 0xA907, 0xA907, 0xA907, 0xA907, 0xA907, 0xA907, 0xA907, 0xA8E7, 0xA107, 0xA0E7, 0xA0E7, 0xA0E7, 0xA0E7, 0xA0E7,
    0xA0E7, 0xA0E7, 0xA0E7, 0xA0E7, 0xA0E7, 0xA0E7, 0xA0E7, 0xA0E7, 0x98E7, 0x98E7, 0x98E7, 0x98E7, 0x98E7, 0x98E7, 0x98E7, 0x90E7,
    0x90E7, 0x90E7, 0x90E7, 0x90E7, 0x88E6, 0x88C6, 0x88C6, 0x88C6, 0x88C6, 0x88C6, 0x88C6, 0x88C6, 0x80C6, 0x80C6, 0x80C6, 0x80A6,
    0x80A6, 0x80A6, 0x80A6, 0x80A6, 0x7886, 0x7886, 0x7886, 0x7886, 0x7886, 0x7886, 0x7886, 0x7886, 0x7886, 0x7886, 0x7886, 0x7886,
    0x7886, 0x7886, 0x7886, 0x7886, 0x7886, 0x7886, 0x7886, 0x7886, 0x7886, 0x7886, 0x7886, 0x7886, 0x7886, 0x7886, 0x7886, 0x7886,
    0x7886, 0x7886, 0x7886, 0x7886, 0x7885, 0x7885, 0x7885, 0x7885, 0x7885, 0x7885, 0x7085, 0x7085, 0x7085, 0x7085, 0x7085, 0x7085,
    0x7085, 0x6885, 0x6885, 0x6885, 0x6885, 0x6885, 0x6885, 0x6085, 0x6064, 0x6044, 0x6906, 0x7A09, 0x5823, 0xB4F1, 0x9BCD, 0x5003,
    0x5864, 0x61A7, 0x5084, 0x5043, 0x4863, 0x4863, 0x4843, 0x4843, 0x4063, 0x18C5, 0x18C5, 0x18C5, 0x18C5, 0x18C5, 0x18C5, 0x3884,
    0x4863, 0x5063, 0x5064, 0x5864, 0x5884, 0x5844, 0x6166, 0x6105, 0x6023, 0x7987, 0xC5D3, 0x81E9, 0x70E6, 0x8249, 0x7065, 0x78A5,
    0x78A5, 0x80A5, 0x80A6, 0x80C6, 0x88C6, 0x88C6, 0x88C6, 0x88C6, 0x90C6, 0x90C6, 0x90E6, 0x90E6, 0x98E6, 0x98E7, 0x98E7, 0x98E7,
    0xA0E7, 0xA0E7, 0xA0E7, 0xA0E7, 0xA0E7, 0xA0E7, 0xA0E7, 0xA0E7, 0xA0E7, 0xA0E7, 0xA0E7, 0xA0E7, 0xA0E7, 0xA0E7, 0xA0E7, 0xA0E7,
    0xA0E7, 0xA0E7, 0xA0E7, 0xA0E7, 0xA0E7, 0xA0E7, 0xA0E7, 0xA0E7, 0xA0E7, 0xA0E7, 0xA0E7, 0xA0E7, 0xA0E7, 0xA0E7, 0xA0E7, 0xA0E7,
    0xA0E7, 0x98E7, 0x98E7, 0x98E7, 0x98E7, 0x98E7, 0x98E7, 0x98C7, 0x98C7, 0x98C7, 0x98C7, 0x90C7, 0x90C7, 0x90C6, 0x90C6, 0x90C6,
    0x90C6, 0x90C6, 0x90C6, 0x88C6, 0x88C6, 0x88A6, 0x88A6, 0x88A6, 0x88A6, 0x80A6, 0x80A6, 0x80A6, 0x80A6, 0x80A6, 0x80A6, 0x7886,
    0x7886, 0x7886, 0x7886, 0x7886, 0x7886, 0x7886, 0x7886, 0x7886, 0x7886, 0x7886, 0x7886, 0x7886, 0x7886, 0x7886, 0x7886, 0x7886,
    0x7886, 0x7886, 0x7886, 0x7886, 0x7886, 0x7886, 0x7886, 0x7886, 0x7886, 0x7886, 0x7886, 0x7886, 0x7886, 0x7886, 0x7886, 0x7886,
    0x7885, 0x7885, 0x7885, 0x7885, 0x7885, 0x7885, 0x7085, 0x7085, 0x7085, 0x7085, 0x7085, 0x7085, 0x7085, 0x6885, 0x6885, 0x6885,
    0x6885, 0x6885, 0x6885, 0x6084, 0x6085, 0x5824, 0x71E8, 0x6926, 0x6946, 0xC5D3, 0x7A08, 0x5003, 0x58C5, 0x5986, 0x5043, 0x5063,
    0x4863, 0x4863, 0x4843, 0x4843, 0x3864, 0x18C5, 0x18C5, 0x18C5, 0x18C5, 0x18C5, 0x18C5, 0x28A4, 0x4863, 0x4863, 0x5063, 0x5064,
    0x5864, 0x5864, 0x60E5, 0x6166, 0x6064, 0x6084, 0xB4F1, 0xA3EE, 0x6824, 0x826A, 0x70C5, 0x78A5, 0x78A5, 0x78A5, 0x80A6, 0x80A6,
    0x80C6, 0x88C6, 0x88C6, 0x88C6, 0x88C6, 0x90C6, 0x90C6, 0x90C6, 0x90C6, 0x98E7, 0x98E7, 0x98E7, 0x98E7, 0x98E7, 0x98E7, 0xA0E7,
    0xA0E7, 0xA0E7, 0xA0E7, 0xA0E7, 0xA0E7, 0xA0E7, 0xA0E7, 0xA0E7, 0xA0E7, 0xA0E7, 0xA0E7, 0xA0E7, 0xA0E7, 0xA0E7, 0xA0E7, 0xA0E7,
    0xA0E7, 0xA0E7, 0xA0E7, 0xA0E7, 0xA0E7, 0xA0E7, 0xA0E7, 0xA0E7, 0xA0E7, 0xA0E7, 0x98E7, 0x98E7, 0x98E7, 0x98E7, 0x98E7, 0x98E7,
    0x98E7, 0x98E7, 0x98C7, 0x98C7, 0x90C7, 0x90C7, 0x90C6, 0x90C6, 0x90C6, 0x90C6, 0x90C6, 0x90C6, 0x88C6, 0x88C6, 0x88A6, 0x88A6,
    0x88A6, 0x88A6, 0x88A6, 0x80A6, 0x80A6, 0x80A6, 0x80A6, 0x80A6, 0x80A6, 0x7886, 0x7886, 0x7886, 0x7886, 0x7886, 0x7886, 0x7886,
    0x7886, 0x7886, 0x7886, 0x7886, 0x7886, 0x7886, 0x7886, 0x7886, 0x7886, 0x7886, 0x7886, 0x7886, 0x7886, 0x7886, 0x7886, 0x7886,
    0x7886, 0x7886, 0x7886, 0x7886, 0x7886, 0x7886, 0x7886, 0x7886, 0x7886, 0x7886, 0x7886, 0x7885, 0x7885, 0x7885, 0x7885, 0x7885,
    0x7885, 0x7085, 0x7085, 0x7085, 0x7085, 0x7085, 0x7085, 0x7085, 0x6885, 0x6885, 0x6885, 0x6885, 0x6885, 0x6885, 0x6085, 0x6064,
    0x6084, 0x6064, 0x7A49, 0x5823, 0x932C, 0xBD72, 0x58A5, 0x5023, 0x5926, 0x5905, 0x5043, 0x5063, 0x4863, 0x4863, 0x4843, 0x4843,
    0x2884, 0x18C5, 0x18C5, 0x18C5, 0x18C5, 0x18C5, 0x18C5, 0x20C5, 0x4863, 0x4863, 0x5063, 0x5063, 0x5064, 0x5864, 0x5884, 0x61A7,
    0x60A4, 0x5823, 0x932C, 0xBD92, 0x70A5, 0x79C8, 0x7987, 0x7064, 0x78A5, 0x78A5, 0x78A5, 0x80A5, 0x80A6, 0x80A6, 0x88C6, 0x88C6,
    0x88C6, 0x88C6, 0x90C6, 0x90C6, 0x90C6, 0x90C6, 0x90E6, 0x98E6, 0x98E7, 0x98E7, 0x98E7, 0x98E7, 0x98E7, 0xA0E7, 0xA0E7, 0xA0E7,
    0xA0E7, 0xA0E7, 0xA0E7, 0xA0E7, 0xA0E7, 0xA0E7, 0xA0E7, 0xA0E7, 0xA0E7, 0xA0E7, 0xA0E7, 0xA0E7, 0xA0E7, 0xA0E7, 0xA0E7, 0xA0E7,
    0xA0E7, 0x98E7, 0x98E7, 0x98E7, 0x98E7, 0x98E7, 0x98E7, 0x98E7, 0x98E7, 0x98E7, 0x98E7, 0x98C7, 0x98C7, 0x98C7, 0x90C7, 0x90C7,
    0x90C6, 0x90C6, 0x90C6, 0x90C6, 0x90C6, 0x90C6, 0x88C6, 0x88C6, 0x88A6, 0x88A6, 0x88A6, 0x88A6, 0x88A6, 0x88A6, 0x80A6, 0x80A6,
    0x80A6, 0x80A6, 0x80A6, 0x80A6, 0x7886, 0x7886, 0x7886, 0x7886, 0x7886, 0x7886, 0x7886, 0x7886, 0x7886, 0x7886, 0x7886, 0x7886,
    0x7886, 0x7886, 0x7886, 0x7886, 0x7886, 0x7886, 0x7886, 0x7886, 0x7886, 0x7886, 0x7886, 0x7886, 0x7886, 0x7886, 0x7886, 0x7886,
    0x7886, 0x7886, 0x7886, 0x7886, 0x7886, 0x7886, 0x7886, 0x7885, 0x7885, 0x7885, 0x7885, 0x7885, 0x7885, 0x7085, 0x7085, 0x7085,
    0x7085, 0x7085, 0x7085, 0x7085, 0x6885, 0x6885, 0x6885, 0x6885, 0x6885, 0x6885, 0x6085, 0x6084, 0x6044, 0x6926, 0x7208, 0x5823,
    0xB511, 0x9BCD, 0x5003, 0x5064, 0x5987, 0x5084, 0x5043, 0x4863, 0x4863, 0x4843, 0x4843, 0x4043, 0x20C5, 0x18C5, 0x18C5, 0x18C5,
    0x18C5, 0x18C5, 0x18C5, 0x18C5, 0x3864, 0x4863, 0x4863, 0x5063, 0x5064, 0x5864, 0x5843, 0x6166, 0x6105, 0x5823, 0x7147, 0xC5D3,
    0x8A49, 0x68A5, 0x8249, 0x7064, 0x70A5, 0x78A5, 0x78A5, 0x78A5, 0x80A5, 0x80A6, 0x80C6, 0x80C6, 0x88C6, 0x88C6, 0x88C6, 0x88C6,
    0x90C6, 0x90C6, 0x90C6, 0x90C6, 0x90E7, 0x98E7, 0x98E7, 0x98E7, 0x98E7, 0x98E7, 0x98E7, 0x98E7, 0x98E7, 0xA0E7, 0xA0E7, 0xA0E7,
    0xA0E7, 0xA0E7, 0xA0E7, 0xA0E7, 0xA0E7, 0x98E7, 0x98E7, 0x98E7, 0x98E7, 0x98E7, 0x98E7, 0x98E7, 0x98E7, 0x98E7, 0x98E7, 0x98E7,
    0x98E7, 0x98E7, 0x98C7, 0x98C7, 0x98C7, 0x98C7, 0x98C7, 0x90C7, 0x90C6, 0x90C6, 0x90C6, 0x90C6, 0x90C6, 0x90C6, 0x90C6, 0x90C6,
    0x88C6, 0x88C6, 0x88A6, 0x88A6, 0x88A6, 0x88A6, 0x88A6, 0x88A6, 0x80A6, 0x80A6, 0x80A6, 0x80A6, 0x80A6, 0x80A6, 0x7886, 0x7886,
    0x7886, 0x7886, 0x7886, 0x7886, 0x7886, 0x7886, 0x7886, 0x7886, 0x7886, 0x7886, 0x7886, 0x7886, 0x7886, 0x7886, 0x7886, 0x7886,
    0x7886, 0x7886, 0x7886, 0x7886, 0x7886, 0x7886, 0x7886, 0x7886, 0x7886, 0x7886, 0x7886, 0x7886, 0x7886, 0x7886, 0x7886, 0x7886,
    0x7886, 0x7886, 0x7885, 0x7885, 0x7885, 0x7885, 0x7885, 0x7885, 0x7085, 0x7085, 0x7085, 0x7085, 0x7085, 0x7085, 0x7085, 0x7085,
    0x6885, 0x6885, 0x6885, 0x6885, 0x6885, 0x6085, 0x6064, 0x6085, 0x5824, 0x7A09, 0x60C5, 0x7187, 0xC5F3, 0x71C8, 0x5003, 0x58C5,
    0x5986, 0x5043, 0x5063, 0x4863, 0x4863, 0x4843, 0x4843, 0x3863, 0x18C5, 0x18C5, 0x18C5, 0x18C5, 0x18C5, 0x18C5, 0x18C5, 0x18C5,
    0x2884, 0x4843, 0x4863, 0x5063, 0x5063, 0x5064, 0x5843, 0x58E5, 0x6187, 0x6064, 0x6044, 0xAC90, 0xAC90, 0x6023, 0x8249, 0x7106,
    0x7085, 0x70A5, 0x78A5, 0x78A5, 0x78A5, 0x80A5, 0x80A6, 0x80A6, 0x80A6, 0x88C6, 0x88C6, 0x88C6, 0x88C6, 0x90C6, 0x90C6, 0x90C6,
    0x90C6, 0x90C6, 0x90C6, 0x98C7, 0x98C7, 0x98E7, 0x98E7, 0x98E7, 0x98E7, 0x98E7, 0x98E7, 0x98E7, 0x98E7, 0x98E7, 0x98E7, 0x98E7,
    0x98E7, 0x98E7, 0x98E7, 0x98E7, 0x98E7, 0x98E7, 0x98E7, 0x98E7, 0x98E7, 0x98C7, 0x98E7, 0x98C7, 0x98C7, 0x98C7, 0x98C7, 0x98C7,
    0x90C7, 0x90C6, 0x90C6, 0x90C6, 0x90C6, 0x90C6, 0x90C6, 0x90C6, 0x90C6, 0x90C6, 0x88C6, 0x88C6, 0x88A6, 0x88A6, 0x88A6, 0x88A6,
    0x88A6, 0x88A6, 0x80A6, 0x80A6, 0x80A6, 0x80A6, 0x80A6, 0x80A6, 0x80A6, 0x7886, 0x7886, 0x7886, 0x7886, 0x7886, 0x7886, 0x7886,
    0x7886, 0x7886, 0x7886, 0x7886, 0x7886, 0x7886, 0x7886, 0x7886, 0x7886, 0x7886, 0x7886, 0x7886, 0x7886, 0x7886, 0x7886, 0x7886,
    0x7886, 0x7886, 0x7886, 0x7886, 0x7886, 0x7886, 0x7886, 0x7886, 0x7886, 0x7886, 0x7886, 0x7886, 0x7886, 0x7885, 0x7885, 0x7885,
    0x7885, 0x7885, 0x7885, 0x7885, 0x7085, 0x7085, 0x7085, 0x7085, 0x7085, 0x7085, 0x7085, 0x6885, 0x6885, 0x6885, 0x6885, 0x6885,
    0x6885, 0x6085, 0x6064, 0x6064, 0x60A5, 0x7A69, 0x5003, 0x9BCE, 0xB511, 0x5864, 0x5023, 0x5946, 0x5905, 0x5043, 0x5063, 0x4863,
    0x4863, 0x4843, 0x4843, 0x2884, 0x18C5, 0x18C5, 0x18C5, 0x18C5, 0x18C5, 0x18C5, 0x18C5, 0x18C5, 0x20C5, 0x4043, 0x4863, 0x4863,
    0x5063, 0x5064, 0x5064, 0x5864, 0x61A7, 0x60A5, 0x5823, 0x8269, 0xC5D3, 0x7126, 0x7126, 0x8209, 0x6844, 0x70A5, 0x7085, 0x78A5,
    0x78A5, 0x78A5, 0x78A5, 0x80A6, 0x80A6, 0x80A6, 0x88A6, 0x88C6, 0x88C6, 0x88C6, 0x88C6, 0x90C6, 0x90C6, 0x90C6, 0x90C6, 0x90C6,
    0x90C7, 0x98C7, 0x98E7, 0x98E7, 0x98E7, 0x98E7, 0x98E7, 0x98E7, 0x98E7, 0x98E7, 0x98E7, 0x98E7, 0x98E7, 0x98E7, 0x98C7, 0x98E7,
    0x98E7, 0x98C7, 0x98C7, 0x98C7, 0x98C7, 0x98C7, 0x98C7, 0x90C7, 0x90C7, 0x90C7, 0x90C7, 0x90C6, 0x90C6, 0x90C6, 0x90C6, 0x90C6,
    0x90C6, 0x90C6, 0x90C6, 0x90C6, 0x88C6, 0x88C6, 0x88C6, 0x88A6, 0x88A6, 0x88A6, 0x88A6, 0x88A6, 0x80A6, 0x80A6, 0x80A6, 0x80A6,
    0x80A6, 0x80A6, 0x80A6, 0x7886, 0x7886, 0x7886, 0x7886, 0x7886, 0x7886, 0x7886, 0x7886, 0x7886, 0x7886, 0x7886, 0x7886, 0x7886,
    0x7886, 0x7886, 0x7886, 0x7886, 0x7886, 0x7886, 0x7886, 0x7886, 0x7886, 0x7886, 0x7886, 0x7886, 0x7886, 0x7886, 0x7886, 0x7886,
    0x7886, 0x7886, 0x7886, 0x7886, 0x7886, 0x7886, 0x7886, 0x7886, 0x7886, 0x7885, 0x7885, 0x7885, 0x7885, 0x7885, 0x7885, 0x7085,
    0x7085, 0x7085, 0x7085, 0x7085, 0x7085, 0x7085, 0x7085, 0x6885, 0x6885, 0x6885, 0x6885, 0x6885, 0x6085, 0x6064, 0x6085, 0x6024,
    0x71A7, 0x6967, 0x60A5, 0xC5B3, 0x8AEB, 0x5003, 0x5884, 0x61A7, 0x5064, 0x5063, 0x4863, 0x4863, 0x4843, 0x4843, 0x4043, 0x20C5,
    0x18C5, 0x18C5, 0x18C5, 0x18C5, 0x18C5, 0x18C5, 0x18C5, 0x18C5, 0x18C5, 0x3863, 0x4843, 0x4863, 0x4863, 0x5063, 0x5064, 0x5043,
    0x5926, 0x6126, 0x5843, 0x60A5, 0xBD52, 0x9B8D, 0x6023, 0x828A, 0x70A5, 0x7085, 0x7085, 0x70A5, 0x78A5, 0x78A5, 0x78A5, 0x78A5,
    0x80A6, 0x80A6, 0x80A6, 0x80C6, 0x88C6, 0x88C6, 0x88C6, 0x88C6, 0x88C6, 0x90C6, 0x90C6, 0x90C6, 0x90C6, 0x90C6, 0x90C6, 0x90C6,
    0x98C7, 0x98C7, 0x98C7, 0x98C7, 0x98C7, 0x98C7, 0x98C7, 0x98C7, 0x98C7, 0x98C7, 0x98C7, 0x98C7, 0x98C7, 0x98C7, 0x90C7, 0x90C7,
    0x90C7, 0x90C7, 0x90C6, 0x90C6, 0x90C6, 0x90C6, 0x90C6, 0x90C6, 0x90C6, 0x90C6, 0x90C6, 0x90C6, 0x90C6, 0x88C6, 0x88C6, 0x88C6,
    0x88A6, 0x88A6, 0x88A6, 0x88A6, 0x88A6, 0x88A6, 0x80A6, 0x80A6, 0x80A6, 0x80A6, 0x80A6, 0x80A6, 0x80A6, 0x7886, 0x7886, 0x7886,
    0x7886, 0x7886, 0x7886, 0x7886, 0x7886, 0x7886, 0x7886, 0x7886, 0x7886, 0x7886, 0x7886, 0x7886, 0x7886, 0x7886, 0x7886, 0x7886,
    0x7886, 0x7886, 0x7886, 0x7886, 0x7886, 0x7886, 0x7886, 0x7886, 0x7886, 0x7886, 0x7886, 0x7886, 0x7886, 0x7886, 0x7886, 0x7886,
    0x7886, 0x7886, 0x7886, 0x7886, 0x7885, 0x7885, 0x7885, 0x7885, 0x7885, 0x7885, 0x7885, 0x7085, 0x7085, 0x7085, 0x7085, 0x7085,
    0x7085, 0x7085, 0x6885, 0x6885, 0x6885, 0x6885, 0x6885, 0x6885, 0x6085, 0x6064, 0x6084, 0x6064, 0x7A69, 0x5823, 0x8ACB, 0xC5B3,
    0x60E5, 0x5023, 0x5905, 0x5966, 0x5023, 0x5063, 0x4863, 0x4863, 0x4843, 0x4843, 0x3863, 0x18C5, 0x18C5, 0x18C5, 0x18C5, 0x18C5,
    0x18C5, 0x18C5, 0x18C5, 0x18C5, 0x18C5, 0x28A4, 0x4043, 0x4843, 0x4843, 0x4863, 0x5063, 0x5064, 0x5884, 0x61A7, 0x5864, 0x5823,
    0x932C, 0xBD93, 0x6885, 0x7187, 0x79A8, 0x6844, 0x70A5, 0x70A5, 0x70A5, 0x78A5, 0x78A5, 0x78A5, 0x78A5, 0x80A6, 0x80A6, 0x80A6,
    0x80A6, 0x80A6, 0x88C6, 0x88C6, 0x88C6, 0x88C6, 0x88C6, 0x90C6, 0x90C6, 0x90C6, 0x90C6, 0x90C6, 0x90C6, 0x90C7, 0x90C6, 0x90C7,
    0x90C7, 0x90C7, 0x90C7, 0x90C7, 0x90C7, 0x90C7, 0x90C7, 0x90C6, 0x90C6, 0x90C6, 0x90C6, 0x90C6, 0x90C6, 0x90C6, 0x90C6, 0x90C6,
    0x90C6, 0x90C6, 0x90C6, 0x90C6, 0x90C6, 0x90C6, 0x88C6, 0x88C6, 0x88C6, 0x88C6, 0x88A6, 0x88A6, 0x88A6, 0x88A6, 0x88A6, 0x88A6,
    0x80A6, 0x80A6, 0x80A6, 0x80A6, 0x80A6, 0x80A6, 0x80A6, 0x80A6, 0x7886, 0x7886, 0x7886, 0x7886, 0x7886, 0x7886, 0x7886, 0x7886,
    0x7886, 0x7886, 0x7886, 0x7886, 0x7886, 0x7886, 0x7886, 0x7886, 0x7886, 0x7886, 0x7886, 0x7886, 0x7886, 0x7886, 0x7886, 0x7886,
    0x7886, 0x7886, 0x7886, 0x7886, 0x7886, 0x7886, 0x7886, 0x7886, 0x7886, 0x7886, 0x7886, 0x7886, 0x7886, 0x7886, 0x7886, 0x7885,
    0x7885, 0x7885, 0x7885, 0x7885, 0x7885, 0x7885, 0x7085, 0x7085, 0x7085, 0x7085, 0x7085, 0x7085, 0x7085, 0x7085, 0x6885, 0x6885,
    0x6885, 0x6885, 0x6885, 0x6085, 0x6064, 0x6084, 0x6044, 0x6967, 0x71C8, 0x5824, 0xBD32, 0x9BCD, 0x5023, 0x5044, 0x5987, 0x50A4,
    0x5043, 0x4863, 0x4863, 0x4843, 0x4843, 0x4043, 0x28A4, 0x18C5, 0x18C5, 0x18C5, 0x18C5, 0x18C5, 0x18C5, 0x18C5, 0x18C5, 0x18C5,
    0x18C5, 0x18C5, 0x4063, 0x4843, 0x4843, 0x4863, 0x5063, 0x5064, 0x5043, 0x6166, 0x58E5, 0x5823, 0x6906, 0xC5B3, 0x92EB, 0x6024,
    0x828A, 0x6885, 0x6885, 0x7085, 0x7085, 0x7085, 0x70A5, 0x78A5, 0x78A5, 0x78A5, 0x78A5, 0x80A6, 0x80A6, 0x80A6, 0x80A6, 0x88A6,
    0x88A6, 0x88C6, 0x88C6, 0x88C6, 0x88C6, 0x88C6, 0x90C6, 0x90C6, 0x90C6, 0x90C6, 0x90C6, 0x90C6, 0x90C6, 0x90C6, 0x90C6, 0x90C6,
    0x90C6, 0x90C6, 0x90C6, 0x90C6, 0x90C6, 0x90C6, 0x90C6, 0x90C6, 0x90C6, 0x90C6, 0x90C6, 0x90C6, 0x90C6, 0x90C6, 0x88C6, 0x88C6,
    0x88C6, 0x88C6, 0x88A6, 0x88A6, 0x88A6, 0x88A6, 0x88A6, 0x88A6, 0x88A6, 0x80A6, 0x80A6, 0x80A6, 0x80A6, 0x80A6, 0x80A6, 0x80A6,
    0x80A6, 0x80A6, 0x7886, 0x7886, 0x7886, 0x7886, 0x7886, 0x7886, 0x7886, 0x7886, 0x7886, 0x7886, 0x7886, 0x7886, 0x7886, 0x7886,
    0x7886, 0x7886, 0x7886, 0x7886, 0x7886, 0x7886, 0x7886, 0x7886, 0x7886, 0x7886, 0x7886, 0x7886, 0x7886, 0x7886, 0x7886, 0x7886,
    0x7886, 0x7886, 0x7886, 0x7886, 0x7886, 0x7886, 0x7886, 0x7886, 0x7886, 0x7886, 0x7886, 0x7885, 0x7885, 0x7885, 0x7885, 0x7885,
    0x7885, 0x7085, 0x7085, 0x7085, 0x7085, 0x7085, 0x7085, 0x7085, 0x7085, 0x6885, 0x6885, 0x6885, 0x6885, 0x6885, 0x6885, 0x6085,
    0x6064, 0x6084, 0x6044, 0x7A6A, 0x5864, 0x8229, 0xC5F3, 0x6967, 0x5003, 0x58C5, 0x5986, 0x5043, 0x5063, 0x4863, 0x4863, 0x4843,
    0x4843, 0x4063, 0x18C5, 0x18C5, 0x18C5, 0x18C5, 0x18C5, 0x18C5, 0x18C5, 0x18C5, 0x18C5, 0x18C5, 0x18C5, 0x18C5, 0x3084, 0x4043,
    0x4843, 0x4843, 0x4863, 0x5063, 0x5043, 0x58A4, 0x6187, 0x5864, 0x5023, 0x9BAD, 0xBD52, 0x6044, 0x71A8, 0x79A8, 0x6844, 0x68A5,
    0x7085, 0x7085, 0x7085, 0x70A5, 0x78A5, 0x78A5, 0x78A5, 0x78A5, 0x80A6, 0x80A6, 0x80A6, 0x80A6, 0x80A6, 0x88A6, 0x88C6, 0x88C6,
    0x88C6, 0x88C6, 0x88C6, 0x88C6, 0x88C6, 0x90C6, 0x90C6, 0x90C6, 0x90C6, 0x90C6, 0x90C6, 0x90C6, 0x90C6, 0x90C6, 0x90C6, 0x90C6,
    0x90C6, 0x90C6, 0x90C6, 0x90C6, 0x90C6, 0x88C6, 0x88C6, 0x88C6, 0x88C6, 0x88C6, 0x88C6, 0x88A6, 0x88A6, 0x88A6, 0x88A6, 0x88A6,
    0x88A6, 0x88A6, 0x88A6, 0x80A6, 0x80A6, 0x80A6, 0x80A6, 0x80A6, 0x80A6, 0x80A6, 0x80A6, 0x80A6, 0x7886, 0x7886, 0x7886, 0x7886,
    0x7886, 0x7886, 0x7886, 0x7886, 0x7886, 0x7886, 0x7886, 0x7886, 0x7886, 0x7886, 0x7886, 0x7886, 0x7886, 0x7886, 0x7886, 0x7886,
    0x7886, 0x7886, 0x7886, 0x7886, 0x7886, 0x7886, 0x7886, 0x7886, 0x7886, 0x7886, 0x7886, 0x7886, 0x7886, 0x7886, 0x7886, 0x7886,
    0x7886, 0x7886, 0x7886, 0x7886, 0x7886, 0x7886, 0x7885, 0x7885, 0x7885, 0x7885, 0x7885, 0x7885, 0x7885, 0x7085, 0x7085, 0x7085,
    0x7085, 0x7085, 0x7085, 0x7085, 0x6885, 0x6885, 0x6885, 0x6885, 0x6885, 0x6885, 0x6085, 0x6064, 0x6084, 0x6044, 0x6947, 0x7208,
    0x5003, 0xB4D0, 0xA42F, 0x5023, 0x5044, 0x5966, 0x58E5, 0x5043, 0x5063, 0x4863, 0x4863, 0x4843, 0x4843, 0x3084, 0x18C5, 0x18C5,
    0x18C5, 0x18C5, 0x18C5, 0x18C5, 0x18C5, 0x18C5, 0x18C5, 0x18C5, 0x18C5, 0x18C5, 0x20A5, 0x4043, 0x4843, 0x4843, 0x4863, 0x4863,
    0x5063, 0x5043, 0x5986, 0x58C5, 0x5023, 0x6926, 0xC5D3, 0x8A8A, 0x5823, 0x828A, 0x6885, 0x6885, 0x6885, 0x7085, 0x7085, 0x7085,
    0x70A5, 0x78A5, 0x78A5, 0x78A5, 0x78A5, 0x78A6, 0x80A5, 0x80A6, 0x80A6, 0x80A6, 0x80A6, 0x80A6, 0x88A6, 0x88A6, 0x88A6, 0x88A6,
    0x88C6, 0x88C6, 0x88C6, 0x88C6, 0x88C6, 0x88C6, 0x88C6, 0x88C6, 0x88C6, 0x88C6, 0x88C6, 0x88C6, 0x88C6, 0x88C6, 0x88C6, 0x88C6,
    0x88C6, 0x88C6, 0x88A6, 0x88A6, 0x88A6, 0x88A6, 0x88A6, 0x88A6, 0x88A6, 0x88A6, 0x88A6, 0x88A6, 0x80A6, 0x80A6, 0x80A6, 0x80A6,
    0x80A6, 0x80A6, 0x80A6, 0x80A6, 0x80A6, 0x7886, 0x7886, 0x7886, 0x7886, 0x7886, 0x7886, 0x7886, 0x7886, 0x7886, 0x7886, 0x7886,
    0x7886, 0x7886, 0x7886, 0x7886, 0x7886, 0x7886, 0x7886, 0x7886, 0x7886, 0x7886, 0x7886, 0x7886, 0x7886, 0x7886, 0x7886, 0x7886,
    0x7886, 0x7886, 0x7886, 0x7886, 0x7886, 0x7886, 0x7886, 0x7886, 0x7886, 0x7886, 0x7886, 0x7886, 0x7886, 0x7886, 0x7886, 0x7886,
    0x7886, 0x7885, 0x7885, 0x7885, 0x7885, 0x7885, 0x7885, 0x7885, 0x7085, 0x7085, 0x7085, 0x7085, 0x7085, 0x7085, 0x7085, 0x7085,
    0x6885, 0x6885, 0x6885, 0x6885, 0x6885, 0x6885, 0x6084, 0x6064, 0x6084, 0x6044, 0x7A6A, 0x5864, 0x79E8, 0xC5F4, 0x71A8, 0x5003,
    0x58A4, 0x61A7, 0x5043, 0x5063, 0x4863, 0x4863, 0x4843, 0x4843, 0x4043, 0x20A5, 0x18C5, 0x18C5, 0x18C5, 0x18C5, 0x18C5, 0x18C5,
    0x18C5, 0x18C5, 0x18C5, 0x18C5, 0x18C5, 0x18C5, 0x18C5, 0x3864, 0x4843, 0x4843, 0x4863, 0x4863, 0x5063, 0x5043, 0x50E5, 0x6186,
    0x5844, 0x5023, 0x9BCD, 0xBD52, 0x6064, 0x71A7, 0x79A8, 0x6044, 0x6885, 0x6885, 0x6885, 0x7085, 0x7085, 0x7085, 0x7085, 0x7885,
    0x78A5, 0x78A5, 0x78A5, 0x78A6, 0x80A6, 0x80A6, 0x80A6, 0x80A6, 0x80A6, 0x80A6, 0x88A6, 0x88A6, 0x88A6, 0x88A6, 0x88C6, 0x88C6,
    0x88C6, 0x88C6, 0x88C6, 0x88C6, 0x88C6, 0x88C6, 0x88A6, 0x88A6, 0x88A6, 0x88A6, 0x88A6, 0x88A6, 0x88A6, 0x88A6, 0x88A6, 0x88A6,
    0x88A6, 0x88A6, 0x88A6, 0x88A6, 0x80A6, 0x80A6, 0x80A6, 0x80A6, 0x80A6, 0x80A6, 0x80A6, 0x80A6, 0x80A6, 0x80A6, 0x80A6, 0x7886,
    0x7886, 0x7886, 0x7886, 0x7886, 0x7886, 0x7886, 0x7886, 0x7886, 0x7886, 0x7886, 0x7886, 0x7886, 0x7886, 0x7886, 0x7886, 0x7886,
    0x7886, 0x7886, 0x7886, 0x7886, 0x7886, 0x7886, 0x7886, 0x7886, 0x7886, 0x7886, 0x7886, 0x7886, 0x7886, 0x7886, 0x7886, 0x7886,
    0x7886, 0x7886, 0x7886, 0x7886, 0x7886, 0x7886, 0x7886, 0x7886, 0x7886, 0x7886, 0x7886, 0x7886, 0x7885, 0x7885, 0x7885, 0x7885,
    0x7885, 0x7885, 0x7885, 0x7085, 0x7085, 0x7085, 0x7085, 0x7085, 0x7085, 0x7085, 0x7085, 0x6885, 0x6885, 0x6885, 0x6885, 0x6885,
    0x6885, 0x6085, 0x6064, 0x6085, 0x6044, 0x7167, 0x71E8, 0x5803, 0xB4D0, 0xA44F, 0x5043, 0x5043, 0x5966, 0x5905, 0x5043, 0x5063,
    0x4863, 0x4863, 0x4843, 0x4843, 0x3864, 0x18C5, 0x18C5, 0x18C5, 0x18C5, 0x18C5, 0x18C5, 0x18C5, 0x18C5, 0x18C5, 0x18C5, 0x18C5,
    0x18C5, 0x18C5, 0x18C5, 0x28A4, 0x4043, 0x4843, 0x4843, 0x4863, 0x4863, 0x5064, 0x5043, 0x61A7, 0x58C5, 0x5023, 0x6106, 0xC5D3,
    0x8AEB, 0x5803, 0x828A, 0x68A5, 0x6864, 0x6885, 0x6885, 0x6885, 0x7085, 0x7085, 0x7085, 0x7085, 0x7085, 0x78A5, 0x78A5, 0x78A5,
    0x78A5, 0x78A6, 0x80A6, 0x80A6, 0x80A6, 0x80A6, 0x80A6, 0x80A6, 0x80A6, 0x88A6, 0x88A6, 0x88A6, 0x88A6, 0x88A6, 0x88A6, 0x88A6,
    0x88A6, 0x88A6, 0x88A6, 0x88A6, 0x88A6, 0x88A6, 0x88A6, 0x88A6, 0x88A6, 0x88A6, 0x88A6, 0x80A6, 0x80A6, 0x80A6, 0x80A6, 0x80A6,
    0x80A6, 0x80A6, 0x80A6, 0x80A6, 0x80A6, 0x80A6, 0x80A6, 0x80A6, 0x7886, 0x7886, 0x7886, 0x7886, 0x7886, 0x7886, 0x7886, 0x7886,
    0x7886, 0x7886, 0x7886, 0x7886, 0x7886, 0x7886, 0x7886, 0x7886, 0x7886, 0x7886, 0x7886, 0x7886, 0x7886, 0x7886, 0x7886, 0x7886,
    0x7886, 0x7886, 0x7886, 0x7886, 0x7886, 0x7886, 0x7886, 0x7886, 0x7886, 0x7886, 0x7886, 0x7886, 0x7886, 0x7886, 0x7886, 0x7886,
    0x7886, 0x7886, 0x7886, 0x7886, 0x7886, 0x7886, 0x7886, 0x7885, 0x7885, 0x7885, 0x7885, 0x7885, 0x7885, 0x7885, 0x7085, 0x7085,
    0x7085, 0x7085, 0x7085, 0x7085, 0x7085, 0x7085, 0x6885, 0x6885, 0x6885, 0x6885, 0x6885, 0x6885, 0x6885, 0x6084, 0x6064, 0x6064,
    0x6064, 0x7A6A, 0x5844, 0x8249, 0xC5F4, 0x7187, 0x5023, 0x5884, 0x61A7, 0x5043, 0x5063, 0x4863, 0x4863, 0x4843, 0x4843, 0x4043,
    0x28A4, 0x18C5, 0x18C5, 0x18C5, 0x18C5, 0x18C5, 0x18C5, 0x18C5, 0x18C5, 0x18C5, 0x18C5, 0x18C5, 0x18C5, 0x18C5, 0x18C5, 0x18C5,
    0x3863, 0x4843, 0x4843, 0x4863, 0x4863, 0x5063, 0x5043, 0x58C5, 0x5986, 0x5044, 0x5023, 0x936C, 0xC593, 0x60A5, 0x6926, 0x7A08,
    0x6024, 0x6885, 0x6885, 0x6885, 0x6885, 0x6885, 0x7085, 0x7085, 0x7085, 0x7085, 0x7885, 0x7885, 0x78A5, 0x78A5, 0x78A5, 0x78A6,
    0x80A6, 0x80A6, 0x80A6, 0x80A6, 0x80A6, 0x80A6, 0x80A6, 0x80A6, 0x80A6, 0x80A6, 0x80A6, 0x88A6, 0x88A6, 0x88A6, 0x88A6, 0x88A6,
    0x80A6, 0x80A6, 0x80A6, 0x80A6, 0x80A6, 0x80A6, 0x80A6, 0x80A6, 0x80A6, 0x80A6, 0x80A6, 0x80A6, 0x80A6, 0x80A6, 0x80A6, 0x80A6,
    0x80A6, 0x8086, 0x7886, 0x7886, 0x7886, 0x7886, 0x7886, 0x7886, 0x7886, 0x7886, 0x7886, 0x7886, 0x7886, 0x7886, 0x7886, 0x7886,
    0x7886, 0x7886, 0x7886, 0x7886, 0x7886, 0x7886, 0x7886, 0x7886, 0x7886, 0x7886, 0x7886, 0x7886, 0x7886, 0x7886, 0x7886, 0x7886,
    0x7886, 0x7886, 0x7886, 0x7886, 0x7886, 0x7886, 0x7886, 0x7886, 0x7886, 0x7886, 0x7886, 0x7886, 0x7886, 0x7886, 0x7886, 0x7886,
    0x7886, 0x7886, 0x7885, 0x7885, 0x7885, 0x7885, 0x7885, 0x7885, 0x7885, 0x7885, 0x7085, 0x7085, 0x7085, 0x7085, 0x7085, 0x7085,
    0x7085, 0x7085, 0x6885, 0x6885, 0x6885, 0x6885, 0x6885, 0x6885, 0x6085, 0x6064, 0x6085, 0x5824, 0x71A8, 0x7187, 0x5844, 0xBD32,
    0xA40E, 0x5023, 0x5043, 0x5966, 0x5905, 0x5043, 0x5063, 0x4863, 0x4863, 0x4843, 0x4843, 0x3863, 0x18C5, 0x18C5, 0x18C5, 0x18C5,
    0x18C5, 0x18C5, 0x18C5, 0x18C5, 0x18C5, 0x18C5, 0x18C5, 0x18C5, 0x18C5, 0x18C5, 0x18C5, 0x18C5, 0x28A4, 0x4043, 0x4843, 0x4843,
    0x4863, 0x4863, 0x5064, 0x5043, 0x5986, 0x58C5, 0x5023, 0x60C5, 0xBD92, 0x9BAD, 0x5003, 0x7A69, 0x68E6, 0x6044, 0x6085, 0x6885,
    0x6885, 0x6885, 0x6885, 0x7085, 0x7085, 0x7085, 0x7085, 0x7085, 0x7885, 0x7885, 0x7885, 0x78A5, 0x78A5, 0x78A5, 0x78A6, 0x80A6,
    0x80A6, 0x80A6, 0x80A6, 0x80A6, 0x80A6, 0x80A6, 0x80A6, 0x80A6, 0x80A6, 0x80A6, 0x80A6, 0x80A6, 0x80A6, 0x80A6, 0x80A6, 0x80A6,
    0x80A6, 0x80A6, 0x80A6, 0x80A6, 0x80A6, 0x80A6, 0x80A6, 0x80A6, 0x80A6, 0x80A6, 0x7886, 0x7886, 0x7886, 0x7886, 0x7886, 0x7886,
    0x7886, 0x7886, 0x7886, 0x7886, 0x7886, 0x7886, 0x7886, 0x7886, 0x7886, 0x7886, 0x7886, 0x7886, 0x7886, 0x7886, 0x7886, 0x7886,
    0x7886, 0x7886, 0x7886, 0x7886, 0x7886, 0x7886, 0x7886, 0x7886, 0x7886, 0x7886, 0x7886, 0x7886, 0x7886, 0x7886, 0x7886, 0x7886,
    0x7886, 0x7886, 0x7886, 0x7886, 0x7886, 0x7886, 0x7886, 0x7886, 0x7886, 0x7886, 0x7886, 0x7886, 0x7886, 0x7885, 0x7885, 0x7885,
    0x7885, 0x7885, 0x7885, 0x7885, 0x7885, 0x7085, 0x7085, 0x7085, 0x7085, 0x7085, 0x7085, 0x7085, 0x7085, 0x6885, 0x6885, 0x6885,
    0x6885, 0x6885, 0x6885, 0x6085, 0x6064, 0x6064, 0x6064, 0x60A5, 0x828A, 0x5003, 0x8AEB, 0xC5D3, 0x6926, 0x5023, 0x58A4, 0x61A7,
    0x5043, 0x5063, 0x4863, 0x4863, 0x4843, 0x4843, 0x4043, 0x28A4, 0x18C5, 0x18C5, 0x18C5, 0x18C5, 0x18C5, 0x18C5, 0x18C5, 0x18C5,
    0x18C5, 0x18C5, 0x18C5, 0x18C5, 0x18C5, 0x18C5, 0x18C5, 0x18C5, 0x18C5, 0x3863, 0x4843, 0x4843, 0x4863, 0x4863, 0x5063, 0x5043,
    0x50A4, 0x61A7, 0x5044, 0x5003, 0x82AA, 0xC5F4, 0x7147, 0x60A5, 0x7A69, 0x5844, 0x6084, 0x6064, 0x6884, 0x6885, 0x6885, 0x6885,
    0x6885, 0x7085, 0x7085, 0x7085, 0x7085, 0x7085, 0x7885, 0x7885, 0x78A5, 0x78A5, 0x78A5, 0x78A5, 0x78A6, 0x78A6, 0x80A6, 0x80A6,
    0x80A6, 0x80A6, 0x80A6, 0x80A6, 0x80A6, 0x80A6, 0x80A6, 0x80A6, 0x80A6, 0x80A6, 0x80A6, 0x80A6, 0x80A6, 0x80A6, 0x80A6, 0x80A6,
    0x80A6, 0x80A6, 0x7886, 0x7886, 0x7886, 0x7886, 0x7886, 0x7886, 0x7886, 0x7886, 0x7886, 0x7886, 0x7886, 0x7886, 0x7886, 0x7886,
    0x7886, 0x7886, 0x7886, 0x7886, 0x7886, 0x7886, 0x7886, 0x7886, 0x7886, 0x7886, 0x7886, 0x7886, 0x7886, 0x7886, 0x7886, 0x7886,
    0x7886, 0x7886, 0x7886, 0x7886, 0x7886, 0x7886, 0x7886, 0x7886, 0x7886, 0x7886, 0x7886, 0x7886, 0x7886, 0x7886, 0x7886, 0x7886,
    0x7886, 0x7886, 0x7886, 0x7886, 0x7886, 0x7886, 0x7886, 0x7886, 0x7885, 0x7885, 0x7885, 0x7885, 0x7885, 0x7885, 0x7885, 0x7885,
    0x7085, 0x7085, 0x7085, 0x7085, 0x7085, 0x7085, 0x7085, 0x7085, 0x6885, 0x6885, 0x6885, 0x6885, 0x6885, 0x6885, 0x6885, 0x6084,
    0x6064, 0x6085, 0x5824, 0x7A29, 0x6106, 0x60E5, 0xC5B3, 0x934C, 0x5003, 0x5044, 0x5986, 0x58E5, 0x5043, 0x5063, 0x4863, 0x4863,
    0x4843, 0x4843, 0x3863, 0x18C5, 0x18C5, 0x18C5, 0x18C5, 0x18C5, 0x18C5, 0x18C5, 0x18C5, 0x18C5, 0x18C5, 0x18C5, 0x18C5, 0x18C5,
    0x18C5, 0x18C5, 0x18C5, 0x18C5, 0x18C5, 0x28A4, 0x4043, 0x4843, 0x4843, 0x4863, 0x4863, 0x5063, 0x5023, 0x5966, 0x5905, 0x5043,
    0x5864, 0xACD0, 0xACB0, 0x5003, 0x71C8, 0x71A7, 0x6024, 0x6085, 0x6064, 0x6085, 0x6885, 0x6885, 0x6885, 0x6885, 0x6885, 0x7085,
    0x7085, 0x7085, 0x7085, 0x7085, 0x7085, 0x7885, 0x7885, 0x7885, 0x7885, 0x7885, 0x7885, 0x7885, 0x7886, 0x78A6, 0x78A6, 0x78A6,
    0x78A6, 0x80A6, 0x80A6, 0x80A6, 0x80A6, 0x80A6, 0x80A6, 0x80A6, 0x8086, 0x7886, 0x7886, 0x7886, 0x7886, 0x7886, 0x7886, 0x7886,
    0x7886, 0x7886, 0x7886, 0x7886, 0x7886, 0x7886, 0x7886, 0x7886, 0x7886, 0x7886, 0x7886, 0x7886, 0x7886, 0x7886, 0x7886, 0x7886,
    0x7886, 0x7886, 0x7886, 0x7886, 0x7886, 0x7886, 0x7886, 0x7886, 0x7886, 0x7886, 0x7886, 0x7886, 0x7886, 0x7886, 0x7886, 0x7886,
    0x7886, 0x7886, 0x7886, 0x7886, 0x7886, 0x7886, 0x7886, 0x7886, 0x7886, 0x7886, 0x7886, 0x7886, 0x7886, 0x7886, 0x7886, 0x7886,
    0x7886, 0x7886, 0x7886, 0x7885, 0x7885, 0x7885, 0x7885, 0x7885, 0x7885, 0x7885, 0x7885, 0x7085, 0x7085, 0x7085, 0x7085, 0x7085,
    0x7085, 0x7085, 0x7085, 0x7085, 0x6885, 0x6885, 0x6885, 0x6885, 0x6885, 0x6885, 0x6085, 0x6064, 0x6085, 0x6044, 0x6946, 0x7A29,
    0x5003, 0xA42F, 0xBD32, 0x58A4, 0x5023, 0x58C5, 0x5987, 0x5043, 0x5064, 0x4863, 0x4863, 0x4843, 0x4843, 0x4043, 0x28A4, 0x18C5,
    0x18C5, 0x18C5, 0x18C5, 0x18C5, 0x18C5, 0x18C5, 0x18C5, 0x18C5, 0x18C5, 0x18C5, 0x18C5, 0x18C5, 0x18C5, 0x18C5, 0x18C5, 0x18C5,
    0x18C5, 0x18C5, 0x4063, 0x4843, 0x4843, 0x4863, 0x4863, 0x4863, 0x5043, 0x5084, 0x61C7, 0x5864, 0x5023, 0x71A7, 0xC5F4, 0x8AAA,
    0x5003, 0x828A, 0x60C5, 0x6064, 0x6084, 0x6064, 0x6085, 0x6885, 0x6885, 0x6885, 0x6885, 0x6885, 0x6885, 0x7085, 0x7085, 0x7085,
    0x7085, 0x7085, 0x7085, 0x7085, 0x7885, 0x7885, 0x7885, 0x7885, 0x7885, 0x7885, 0x7885, 0x7885, 0x7885, 0x7885, 0x7886, 0x7886,
    0x7886, 0x7886, 0x7886, 0x7886, 0x7886, 0x7886, 0x7886, 0x7886, 0x7886, 0x7886, 0x7886, 0x7886, 0x7886, 0x7886, 0x7886, 0x7886,
    0x7886, 0x7886, 0x7886, 0x7886, 0x7886, 0x7886, 0x7886, 0x7886, 0x7886, 0x7886, 0x7886, 0x7886, 0x7886, 0x7886, 0x7886, 0x7886,
    0x7886, 0x7886, 0x7886, 0x7886, 0x7886, 0x7886, 0x7886, 0x7886, 0x7886, 0x7886, 0x7886, 0x7886, 0x7886, 0x7886, 0x7886, 0x7886,
    0x7886, 0x7886, 0x7886, 0x7886, 0x7886, 0x7886, 0x7886, 0x7886, 0x7886, 0x7886, 0x7886, 0x7886, 0x7886, 0x7886, 0x7885, 0x7885,
    0x7885, 0x7885, 0x7885, 0x7885, 0x7885, 0x7885, 0x7085, 0x7085, 0x7085, 0x7085, 0x7085, 0x7085, 0x7085, 0x7085, 0x7085, 0x6885,
    0x6885, 0x6885, 0x6885, 0x6885, 0x6885, 0x6085, 0x6064, 0x6064, 0x6064, 0x6084, 0x828A, 0x5823, 0x7A09, 0xCE14, 0x7A29, 0x5003,
    0x5064, 0x61A7, 0x50A4, 0x5043, 0x4863, 0x4863, 0x4863, 0x4843, 0x4843, 0x4063, 0x18C5, 0x18C5, 0x18C5, 0x18C5, 0x18C5, 0x18C5,
    0x18C5, 0x18C5, 0x18C5, 0x18C5, 0x18C5, 0x18C5, 0x18C5, 0x18C5, 0x18C5, 0x18C5, 0x18C5, 0x18C5, 0x18C5, 0x18C5, 0x28A5, 0x4043,
    0x4843, 0x4843, 0x4863, 0x4863, 0x5063, 0x5043, 0x5925, 0x5946, 0x5044, 0x5003, 0x936C, 0xC5D3, 0x68E6, 0x60C5, 0x7A69, 0x5844,
    0x6084, 0x6064, 0x6084, 0x6085, 0x6885, 0x6885, 0x6885, 0x6885, 0x6885, 0x6885, 0x7085, 0x7085, 0x7085, 0x7085, 0x7085, 0x7085,
    0x7085, 0x7085, 0x7085, 0x7885, 0x7885, 0x7885, 0x7885, 0x7885, 0x7885, 0x7885, 0x7885, 0x7885, 0x7886, 0x7886, 0x7886, 0x7886,
    0x7886, 0x7886, 0x7886, 0x7886, 0x7886, 0x7886, 0x7886, 0x7886, 0x7886, 0x7886, 0x7886, 0x7886, 0x7886, 0x7886, 0x7886, 0x7886,
    0x7886, 0x7886, 0x7886, 0x7886, 0x7886, 0x7886, 0x7886, 0x7886, 0x7886, 0x7886, 0x7886, 0x7886, 0x7886, 0x7886, 0x7886, 0x7886,
    0x7886, 0x7886, 0x7886, 0x7886, 0x7886, 0x7886, 0x7886, 0x7886, 0x7886, 0x7886, 0x7886, 0x7886, 0x7886, 0x7886, 0x7886, 0x7886,
    0x7886, 0x7886, 0x7886, 0x7886, 0x7886, 0x7886, 0x7886, 0x7886, 0x7885, 0x7885, 0x7885, 0x7885, 0x7885, 0x7885, 0x7885, 0x7885,
    0x7885, 0x7085, 0x7085, 0x7085, 0x7085, 0x7085, 0x7085, 0x7085, 0x7085, 0x7085, 0x6885, 0x6885, 0x6885, 0x6885, 0x6885, 0x6885,
    0x6885, 0x6084, 0x6064, 0x6084, 0x5824, 0x7A29, 0x6926, 0x6084, 0xBD72, 0xA40E, 0x5023, 0x5044, 0x5926, 0x5946, 0x5023, 0x5064,
    0x4863, 0x4863, 0x4843, 0x4843, 0x4043, 0x28A5, 0x18C5, 0x18C5, 0x18C5, 0x18C5, 0x18C5, 0x18C5, 0x18C5, 0x18C5, 0x18C5, 0x18C5,
    0x18C5, 0x18C5, 0x18C5, 0x18C5, 0x18C5, 0x18C5, 0x18C5, 0x18C5, 0x18C5, 0x18C5, 0x18C5, 0x3864, 0x4843, 0x4843, 0x4843, 0x4863,
    0x4863, 0x5064, 0x5043, 0x59A7, 0x58A5, 0x5043, 0x5884, 0xB511, 0xAC70, 0x5003, 0x71C8, 0x71C8, 0x5823, 0x6085, 0x6064, 0x6084,
    0x6885, 0x6885, 0x6885, 0x6885, 0x6885, 0x6885, 0x6885, 0x7085, 0x7085, 0x7085, 0x7085, 0x7085, 0x7085, 0x7085, 0x7085, 0x7085,
    0x7885, 0x7885, 0x7885, 0x7885, 0x7885, 0x7885, 0x7885, 0x7885, 0x7885, 0x7886, 0x7886, 0x7886, 0x7886, 0x7886, 0x7886, 0x7886,
    0x7886, 0x7886, 0x7886, 0x7886, 0x7886, 0x7886, 0x7886, 0x7886, 0x7886, 0x7886, 0x7886, 0x7886, 0x7886, 0x7886, 0x7886, 0x7886,
    0x7886, 0x7886, 0x7886, 0x7886, 0x7886, 0x7886, 0x7886, 0x7886, 0x7886, 0x7886, 0x7886, 0x7886, 0x7886, 0x7886, 0x7886, 0x7886,
    0x7886, 0x7886, 0x7886, 0x7886, 0x7886, 0x7886, 0x7886, 0x7886, 0x7886, 0x7886, 0x7886, 0x7886, 0x7886, 0x7886, 0x7886, 0x7886,
    0x7886, 0x7886, 0x7886, 0x7885, 0x7885, 0x7885, 0x7885, 0x7885, 0x7885, 0x7885, 0x7885, 0x7885, 0x7085, 0x7085, 0x7085, 0x7085,
    0x7085, 0x7085, 0x7085, 0x7085, 0x7085, 0x6885, 0x6885, 0x6885, 0x6885, 0x6885, 0x6885, 0x6885, 0x6085, 0x6064, 0x6085, 0x5824,
    0x7167, 0x7A09, 0x5002, 0xA3EE, 0xBD92, 0x60E5, 0x5023, 0x5884, 0x61A7, 0x5043, 0x5063, 0x4863, 0x4863, 0x4863, 0x4843, 0x4843,
    0x3864, 0x18C5, 0x18C5, 0x18C5, 0x18C5, 0x18C5, 0x18C5, 0x18C5, 0x18C5, 0x18C5, 0x18C5, 0x18C5, 0x18C5, 0x18C5, 0x18C5, 0x18C5,
    0x18C5, 0x18C5, 0x18C5, 0x18C5, 0x18C5, 0x18C5, 0x18C5, 0x20A5, 0x4043, 0x4043, 0x4843, 0x4863, 0x4863, 0x5063, 0x5043, 0x50A4,
    0x61A7, 0x5064, 0x5023, 0x71A7, 0xC5F4, 0x8AEB, 0x5002, 0x7A69, 0x6906, 0x6044, 0x6084, 0x6064, 0x6085, 0x6885, 0x6885, 0x6885,
    0x6885, 0x6885, 0x6885, 0x6885, 0x7085, 0x7085, 0x7085, 0x7085, 0x7085, 0x7085, 0x7085, 0x7085, 0x7085, 0x7085, 0x7885, 0x7885,
    0x7885, 0x7885, 0x7885, 0x7885, 0x7885, 0x7885, 0x7885, 0x7886, 0x7886, 0x7886, 0x7886, 0x7886, 0x7886, 0x7886, 0x7886, 0x7886,
    0x7886, 0x7886, 0x7886, 0x7886, 0x7886, 0x7886, 0x7886, 0x7886, 0x7886, 0x7886, 0x7886, 0x7886, 0x7886, 0x7886, 0x7886, 0x7886,
    0x7886, 0x7886, 0x7886, 0x7886, 0x7886, 0x7886, 0x7886, 0x7886, 0x7886, 0x7886, 0x7886, 0x7886, 0x7886, 0x7886, 0x7886, 0x7886,
    0x7886, 0x7886, 0x7886, 0x7886, 0x7886, 0x7886, 0x7886, 0x7886, 0x7886, 0x7886, 0x7886, 0x7886, 0x7886, 0x7885, 0x7885, 0x7885,
    0x7885, 0x7885, 0x7885, 0x7885, 0x7885, 0x7885, 0x7885, 0x7085, 0x7085, 0x7085, 0x7085, 0x7085, 0x7085, 0x7085, 0x7085, 0x7085,
    0x6885, 0x6885, 0x6885, 0x6885, 0x6885, 0x6885, 0x6885, 0x6085, 0x6064, 0x6084, 0x6044, 0x60C5, 0x828A, 0x5003, 0x8249, 0xCE14,
    0x7A29, 0x5003, 0x5044, 0x6187, 0x50C5, 0x5043, 0x5063, 0x4863, 0x4863, 0x4843, 0x4843, 0x4043, 0x20A5, 0x18C5, 0x18C5, 0x18C5,
    0x18C5, 0x18C5, 0x18C5, 0x18C5, 0x18C5, 0x18C5, 0x18C5, 0x18C5, 0x18C5, 0x18C5, 0x18C5, 0x18C5, 0x18C5, 0x18C5, 0x18C5, 0x18C5,
    0x18C5, 0x18C5, 0x18C5, 0x18C5, 0x3084, 0x4043, 0x4843, 0x4843, 0x4863, 0x4863, 0x5064, 0x5023, 0x5926, 0x5946, 0x5044, 0x5003,
    0x8B0B, 0xC5F4, 0x7187, 0x5844, 0x828A, 0x6085, 0x6064, 0x6084, 0x6064, 0x6085, 0x6885, 0x6885, 0x6885, 0x6885, 0x6885, 0x6885,
    0x6885, 0x7085, 0x7085, 0x7085, 0x7085, 0x7085, 0x7085, 0x7085, 0x7085, 0x7085, 0x7085, 0x7885, 0x7885, 0x7885, 0x7885, 0x7885,
    0x7885, 0x7885, 0x7885, 0x7885, 0x7886, 0x7886, 0x7886, 0x7886, 0x7886, 0x7886, 0x7886, 0x7886, 0x7886, 0x7886, 0x7886, 0x7886,
    0x7886, 0x7886, 0x7886, 0x7886, 0x7886, 0x7886, 0x7886, 0x7886, 0x7886, 0x7886, 0x7886, 0x7886, 0x7886, 0x7886, 0x7886, 0x7886,
    0x7886, 0x7886, 0x7886, 0x7886, 0x7886, 0x7886, 0x7886, 0x7886, 0x7886, 0x7886, 0x7886, 0x7886, 0x7886, 0x7886, 0x7886, 0x7886,
    0x7886, 0x7886, 0x7886, 0x7886, 0x7886, 0x7886, 0x7886, 0x7886, 0x7885, 0x7885, 0x7885, 0x7885, 0x7885, 0x7885, 0x7885, 0x7885,
    0x7885, 0x7085, 0x7085, 0x7085, 0x7085, 0x7085, 0x7085, 0x7085, 0x7085, 0x7085, 0x7085, 0x6885, 0x6885, 0x6885, 0x6885, 0x6885,
    0x6885, 0x6885, 0x6085, 0x6064, 0x6064, 0x6064, 0x6064, 0x828A, 0x6084, 0x6906, 0xC5B3, 0x9BAD, 0x5023, 0x5044, 0x5905, 0x5966,
    0x5023, 0x5064, 0x4863, 0x4863, 0x4843, 0x4843, 0x4043, 0x3084, 0x18C5, 0x18C5, 0x18C5, 0x18C5, 0x18C5, 0x18C5, 0x18C5, 0x18C5,
    0x18C5, 0x18C5, 0x18C5, 0x18C5, 0x18C5, 0x18C5, 0x18C5, 0x18C5, 0x18C5, 0x18C5, 0x18C5, 0x18C5, 0x18C5, 0x18C5, 0x18C5, 0x18C5,
    0x18C5, 0x4063, 0x4843, 0x4843, 0x4863, 0x4863, 0x4863, 0x5064, 0x5043, 0x59A7, 0x58C5, 0x5044, 0x5043, 0xAC6F, 0xBD52, 0x6084,
    0x60E5, 0x7A69, 0x6044, 0x6084, 0x6064, 0x6064, 0x6085, 0x6885, 0x6885, 0x6885, 0x6885, 0x6885, 0x6885, 0x6885, 0x7085, 0x7085,
    0x7085, 0x7085, 0x7085, 0x7085, 0x7085, 0x7085, 0x7085, 0x7085, 0x7885, 0x7885, 0x7885, 0x7885, 0x7885, 0x7885, 0x7885, 0x7885,
    0x7885, 0x7885, 0x7886, 0x7886, 0x7886, 0x7886, 0x7886, 0x7886, 0x7886, 0x7886, 0x7886, 0x7886, 0x7886, 0x7886, 0x7886, 0x7886,
    0x7886, 0x7886, 0x7886, 0x7886, 0x7886, 0x7886, 0x7886, 0x7886, 0x7886, 0x7886, 0x7886, 0x7886, 0x7886, 0x7886, 0x7886, 0x7886,
    0x7886, 0x7886, 0x7886, 0x7886, 0x7886, 0x7886, 0x7886, 0x7886, 0x7886, 0x7886, 0x7886, 0x7886, 0x7886, 0x7886, 0x7886, 0x7886,
    0x7886, 0x7886, 0x7885, 0x7885, 0x7885, 0x7885, 0x7885, 0x7885, 0x7885, 0x7885, 0x7885, 0x7885, 0x7085, 0x7085, 0x7085, 0x7085,
    0x7085, 0x7085, 0x7085, 0x7085, 0x7085, 0x7085, 0x6885, 0x6885, 0x6885, 0x6885, 0x6885, 0x6885, 0x6885, 0x6085, 0x6064, 0x6064,
    0x6084, 0x5824, 0x7A29, 0x6946, 0x5823, 0xB4D1, 0xB4F1, 0x5884, 0x5043, 0x58A4, 0x61C7, 0x5043, 0x5063, 0x4863, 0x4863, 0x4863,
    0x4843, 0x4843, 0x4063, 0x18C5, 0x18C5, 0x18C5, 0x18C5, 0x18C5, 0x18C5, 0x18C5, 0x18C5, 0x18C5, 0x18C5, 0x18C5, 0x18C5, 0x18C5,
    0x18C5, 0x18C5, 0x18C5, 0x18C5, 0x18C5, 0x18C5, 0x18C5, 0x18C5, 0x18C5, 0x18C5, 0x18C5, 0x18C5, 0x18C5, 0x28A5, 0x4043, 0x4843,
    0x4843, 0x4863, 0x4863, 0x5063, 0x5043, 0x5084, 0x61C7, 0x5864, 0x5043, 0x60E5, 0xBD72, 0xAC4F, 0x5003, 0x7187, 0x7A08, 0x5824,
    0x6084, 0x6064, 0x6064, 0x6085, 0x6885, 0x6885, 0x6885, 0x6885, 0x6885, 0x6885, 0x6885, 0x7085, 0x7085, 0x7085, 0x7085, 0x7085,
    0x7085, 0x7085, 0x7085, 0x7085, 0x7085, 0x7885, 0x7885, 0x7885, 0x7885, 0x7885, 0x7885, 0x7885, 0x7885, 0x7885, 0x7885, 0x7885,
    0x7886, 0x7886, 0x7886, 0x7886, 0x7886, 0x7886, 0x7886, 0x7886, 0x7886, 0x7886, 0x7886, 0x7886, 0x7886, 0x7886, 0x7886, 0x7886,
    0x7886, 0x7886, 0x7886, 0x7886, 0x7886, 0x7886, 0x7886, 0x7886, 0x7886, 0x7886, 0x7886, 0x7886, 0x7886, 0x7886, 0x7886, 0x7886,
    0x7886, 0x7886, 0x7886, 0x7886, 0x7886, 0x7886, 0x7886, 0x7886, 0x7886, 0x7886, 0x7886, 0x7886, 0x7885, 0x7885, 0x7885, 0x7885,
    0x7885, 0x7885, 0x7885, 0x7885, 0x7885, 0x7885, 0x7885, 0x7085, 0x7085, 0x7085, 0x7085, 0x7085, 0x7085, 0x7085, 0x7085, 0x7085,
    0x7085, 0x6885, 0x6885, 0x6885, 0x6885, 0x6885, 0x6885, 0x6885, 0x6085, 0x6084, 0x6064, 0x6085, 0x5823, 0x71C8, 0x71E8, 0x5002,
    0x9BCE, 0xC5D3, 0x6946, 0x5023, 0x5044, 0x61A7, 0x50A4, 0x5043, 0x5063, 0x4863, 0x4863, 0x4843, 0x4843, 0x4043, 0x28A5, 0x18C5,
    0x18C5, 0x18C5, 0x18C5, 0x18C5, 0x18C5, 0x18C5, 0x18C5, 0x18C5, 0x18C5, 0x18C5, 0x18C5, 0x18C5, 0x18C5, 0x18C5, 0x18C5, 0x18C5,
    0x18C5, 0x18C5, 0x18C5, 0x18C5, 0x18C5, 0x18C5, 0x18C5, 0x18C5, 0x18C5, 0x18C5, 0x3084, 0x4043, 0x4843, 0x4843, 0x4863, 0x4863,
    0x5064, 0x5043, 0x58E5, 0x5987, 0x5044, 0x5023, 0x71A7, 0xC5F4, 0x934C, 0x5002, 0x7A08, 0x71A7, 0x5823, 0x6085, 0x6064, 0x6084,
    0x6085, 0x6885, 0x6885, 0x6885, 0x6885, 0x6885, 0x6885, 0x6885, 0x7085, 0x7085, 0x7085, 0x7085, 0x7085, 0x7085, 0x7085, 0x7085,
    0x7085, 0x7085, 0x7085, 0x7885, 0x7885, 0x7885, 0x7885, 0x7885, 0x7885, 0x7885, 0x7885, 0x7885, 0x7885, 0x7885, 0x7885, 0x7886,
    0x7886, 0x7886, 0x7886, 0x7886, 0x7886, 0x7886, 0x7886, 0x7886, 0x7886, 0x7886, 0x7886, 0x7886, 0x7886, 0x7886, 0x7886, 0x7886,
    0x7886, 0x7886, 0x7886, 0x7886, 0x7886, 0x7886, 0x7886, 0x7886, 0x7886, 0x7886, 0x7886, 0x7886, 0x7886, 0x7886, 0x7886, 0x7886,
    0x7886, 0x7886, 0x7886, 0x7886, 0x7886, 0x7885, 0x7885, 0x7885, 0x7885, 0x7885, 0x7885, 0x7885, 0x7885, 0x7885, 0x7885, 0x7885,
    0x7885, 0x7085, 0x7085, 0x7085, 0x7085, 0x7085, 0x7085, 0x7085, 0x7085, 0x7085, 0x7085, 0x7085, 0x6885, 0x6885, 0x6885, 0x6885,
    0x6885, 0x6885, 0x6885, 0x6085, 0x6084, 0x6064, 0x6085, 0x5824, 0x7167, 0x7A49, 0x5002, 0x8AAB, 0xCE14, 0x7A29, 0x5023, 0x5044,
    0x5966, 0x5925, 0x5023, 0x5064, 0x4863, 0x4863, 0x4843, 0x4843, 0x4843, 0x3084, 0x18C5, 0x18C5, 0x18C5, 0x18C5, 0x18C5, 0x18C5,
    0x18C5, 0x18C5, 0x18C5, 0x18C5, 0x18C5, 0x18C5, 0x18C5, 0x18C5, 0x18C5, 0x18C5, 0x18C5, 0x18C5, 0x18C5, 0x18C5, 0x18C5, 0x18C5,
    0x18C5, 0x18C5, 0x18C5, 0x18C5, 0x18C5, 0x18C5, 0x18C5, 0x4063, 0x4843, 0x4843, 0x4843, 0x4863, 0x4863, 0x5064, 0x5023, 0x5966,
    0x5926, 0x5044, 0x5003, 0x828A, 0xCE14, 0x826A, 0x5002, 0x7A49, 0x6967, 0x5824, 0x6085, 0x6064, 0x6084, 0x6085, 0x6885, 0x6885,
    0x6885, 0x6885, 0x6885, 0x6885, 0x6885, 0x7085, 0x7085, 0x7085, 0x7085, 0x7085, 0x7085, 0x7085, 0x7085, 0x7085, 0x7085, 0x7085,
    0x7885, 0x7885, 0x7885, 0x7885, 0x7885, 0x7885, 0x7885, 0x7885, 0x7885, 0x7885, 0x7885, 0x7885, 0x7885, 0x7885, 0x7886, 0x7886,
    0x7886, 0x7886, 0x7886, 0x7886, 0x7886, 0x7886, 0x7886, 0x7886, 0x7886, 0x7886, 0x7886, 0x7886, 0x7886, 0x7886, 0x7886, 0x7886,
    0x7886, 0x7886, 0x7886, 0x7886, 0x7886, 0x7886, 0x7886, 0x7886, 0x7886, 0x7886, 0x7886, 0x7886, 0x7886, 0x7886, 0x7886, 0x7885,
    0x7885, 0x7885, 0x7885, 0x7885, 0x7885, 0x7885, 0x7885, 0x7885, 0x7885, 0x7885, 0x7885, 0x7885, 0x7085, 0x7085, 0x7085, 0x7085,
    0x7085, 0x7085, 0x7085, 0x7085, 0x7085, 0x7085, 0x7085, 0x6885, 0x6885, 0x6885, 0x6885, 0x6885, 0x6885, 0x6885, 0x6085, 0x6084,
    0x6064, 0x6085, 0x6044, 0x6926, 0x7A6A, 0x5003, 0x79E8, 0xCE14, 0x932C, 0x5003, 0x5844, 0x58E5, 0x5986, 0x5023, 0x5064, 0x4863,
    0x4863, 0x4863, 0x4843, 0x4843, 0x4063, 0x18C5, 0x18C5, 0x18C5, 0x18C5, 0x18C5, 0x18C5, 0x18C5, 0x18C5, 0x18C5, 0x18C5, 0x18C5,
    0x18C5, 0x18C5, 0x18C5, 0x18C5, 0x18C5, 0x18C5, 0x18C5, 0x18C5, 0x18C5, 0x18C5, 0x18C5, 0x18C5, 0x18C5, 0x18C5, 0x18C5, 0x18C5,
    0x18C5, 0x18C5, 0x18C5, 0x28A5, 0x4043, 0x4843, 0x4843, 0x4863, 0x4863, 0x4863, 0x5064, 0x5043, 0x59A7, 0x58C5, 0x5844, 0x5023,
    0x936C, 0xCDF4, 0x79C8, 0x5003, 0x7A6A, 0x6926, 0x6024, 0x6085, 0x6064, 0x6084, 0x6085, 0x6885, 0x6885, 0x6885, 0x6885, 0x6885,
    0x6885, 0x6885, 0x6885, 0x7085, 0x7085, 0x7085, 0x7085, 0x7085, 0x7085, 0x7085, 0x7085, 0x7085, 0x7085, 0x7085, 0x7885, 0x7885,
    0x7885, 0x7885, 0x7885, 0x7885, 0x7885, 0x7885, 0x7885, 0x7885, 0x7885, 0x7885, 0x7885, 0x7885, 0x7885, 0x7886, 0x7886, 0x7886,
    0x7886, 0x7886, 0x7886, 0x7886, 0x7886, 0x7886, 0x7886, 0x7886, 0x7886, 0x7886, 0x7886, 0x7886, 0x7886, 0x7886, 0x7886, 0x7886,
    0x7886, 0x7886, 0x7886, 0x7886, 0x7886, 0x7886, 0x7886, 0x7885, 0x7885, 0x7885, 0x7885, 0x7885, 0x7885, 0x7885, 0x7885, 0x7885,
    0x7885, 0x7885, 0x7885, 0x7885, 0x7885, 0x7885, 0x7085, 0x7085, 0x7085, 0x7085, 0x7085, 0x7085, 0x7085, 0x7085, 0x7085, 0x7085,
    0x7085, 0x7085, 0x6885, 0x6885, 0x6885, 0x6885, 0x6885, 0x6885, 0x6885, 0x6085, 0x6084, 0x6064, 0x6085, 0x6044, 0x68E5, 0x828A,
    0x5843, 0x6947, 0xC5D3, 0x9BEE, 0x5023, 0x5844, 0x58A4, 0x61A7, 0x5063, 0x5063, 0x5063, 0x4863, 0x4863, 0x4843, 0x4843, 0x4043,
    0x28A5, 0x18C5, 0x18C5, 0x18C5, 0x18C5, 0x18C5, 0x18C5, 0x18C5, 0x18C5, 0x18C5, 0x18C5, 0x18C5, 0x18C5, 0x18C5, 0x18C5, 0x18C5,
    0x18C5, 0x18C5, 0x18C5, 0x18C5, 0x18C5, 0x18C5, 0x18C5, 0x18C5, 0x18C5, 0x18C5, 0x18C5, 0x18C5, 0x18C5, 0x18C5, 0x18C5, 0x18C5,
    0x3084, 0x4043, 0x4843, 0x4843, 0x4863, 0x4863, 0x5063, 0x5043, 0x5064, 0x61C7, 0x5884, 0x5044, 0x5043, 0xA3EE, 0xC5D3, 0x7167,
    0x5823, 0x828A, 0x6926, 0x5824, 0x6085, 0x6064, 0x6084, 0x6085, 0x6885, 0x6885, 0x6885, 0x6885, 0x6885, 0x6885, 0x6885, 0x6885,
    0x7085, 0x7085, 0x7085, 0x7085, 0x7085, 0x7085, 0x7085, 0x7085, 0x7085, 0x7085, 0x7085, 0x7085, 0x7885, 0x7885, 0x7885, 0x7885,
    0x7885, 0x7885, 0x7885, 0x7885, 0x7885, 0x7885, 0x7885, 0x7885, 0x7885, 0x7885, 0x7885, 0x7885, 0x7885, 0x7886, 0x7886, 0x7886,
    0x7886, 0x7886, 0x7886, 0x7886, 0x7886, 0x7886, 0x7886, 0x7886, 0x7886, 0x7886, 0x7886, 0x7886, 0x7886, 0x7886, 0x7886, 0x7885,
    0x7885, 0x7885, 0x7885, 0x7885, 0x7885, 0x7885, 0x7885, 0x7885, 0x7885, 0x7885, 0x7885, 0x7885, 0x7885, 0x7885, 0x7885, 0x7885,
    0x7085, 0x7085, 0x7085, 0x7085, 0x7085, 0x7085, 0x7085, 0x7085, 0x7085, 0x7085, 0x7085, 0x7085, 0x6885, 0x6885, 0x6885, 0x6885,
    0x6885, 0x6885, 0x6885, 0x6885, 0x6085, 0x6084, 0x6064, 0x6085, 0x6044, 0x68E5, 0x82AA, 0x5864, 0x6906, 0xBD72, 0xAC90, 0x5864,
    0x5044, 0x5864, 0x61C7, 0x5084, 0x5043, 0x5063, 0x4863, 0x4863, 0x4843, 0x4843, 0x4043, 0x3084, 0x18C5, 0x18C5, 0x18C5, 0x18C5,
    0x18C5, 0x18C5, 0x18C5, 0x18C5, 0x18C5, 0x18C5, 0x18C5, 0x18C5, 0x18C5, 0x18C5, 0x18C5, 0x18C5, 0x18C5, 0x18C5, 0x18C5, 0x18C5,
    0x18C5, 0x18C5, 0x18C5, 0x18C5, 0x18C5, 0x18C5, 0x18C5, 0x18C5, 0x18C5, 0x18C5, 0x18C5, 0x18C5, 0x18C5, 0x3863, 0x4843, 0x4843,
    0x4843, 0x4863, 0x4863, 0x5063, 0x5043, 0x50A4, 0x61C7, 0x5064, 0x5044, 0x5864, 0xAC6F, 0xC593, 0x6906, 0x5843, 0x82CA, 0x6926,
    0x5824, 0x6085, 0x6064, 0x6084, 0x6085, 0x6885, 0x6885, 0x6885, 0x6885, 0x6885, 0x6885, 0x6885, 0x6885, 0x7085, 0x7085, 0x7085,
    0x7085, 0x7085, 0x7085, 0x7085, 0x7085, 0x7085, 0x7085, 0x7085, 0x7085, 0x7085, 0x7885, 0x7885, 0x7885, 0x7885, 0x7885, 0x7885,
    0x7885, 0x7885, 0x7885, 0x7885, 0x7885, 0x7885, 0x7885, 0x7885, 0x7885, 0x7885, 0x7885, 0x7885, 0x7885, 0x7885, 0x7885, 0x7885,
    0x7885, 0x7885, 0x7885, 0x7885, 0x7885, 0x7885, 0x7885, 0x7885, 0x7885, 0x7885, 0x7885, 0x7885, 0x7885, 0x7885, 0x7885, 0x7885,
    0x7885, 0x7885, 0x7885, 0x7885, 0x7885, 0x7885, 0x7885, 0x7885, 0x7885, 0x7885, 0x7085, 0x7085, 0x7085, 0x7085, 0x7085, 0x7085,
    0x7085, 0x7085, 0x7085, 0x7085, 0x7085, 0x7085, 0x7085, 0x6885, 0x6885, 0x6885, 0x6885, 0x6885, 0x6885, 0x6885, 0x6885, 0x6085,
    0x6084, 0x6064, 0x6085, 0x6044, 0x68E5, 0x82CB, 0x6084, 0x60A5, 0xBD32, 0xB4D1, 0x58A5, 0x5043, 0x5064, 0x61A7, 0x50C5, 0x5043,
    0x5064, 0x4863, 0x4863, 0x4843, 0x4843, 0x4843, 0x3863, 0x18C5, 0x18C5, 0x18C5, 0x18C5, 0x18C5, 0x18C5, 0x18C5, 0x18C5, 0x18C5,
    0x18C5, 0x18C5, 0x18C5, 0x18C5, 0x18C5, 0x18C5, 0x18C5, 0x18C5, 0x18C5, 0x18C5, 0x18C5, 0x18C5, 0x18C5, 0x18C5, 0x18C5, 0x18C5,
    0x18C5, 0x18C5, 0x18C5, 0x18C5, 0x18C5, 0x18C5, 0x18C5, 0x18C5, 0x18C5, 0x20C5, 0x4063, 0x4843, 0x4843, 0x4843, 0x4863, 0x4863,
    0x5064, 0x5043, 0x50C5, 0x61A7, 0x5044, 0x5043, 0x5884, 0xACD0, 0xBD72, 0x6906, 0x5844, 0x82AA, 0x6926, 0x5824, 0x6085, 0x6064,
    0x6064, 0x6085, 0x6885, 0x6885, 0x6885, 0x6885, 0x6885, 0x6885, 0x6885, 0x6885, 0x6885, 0x7085, 0x7085, 0x7085, 0x7085, 0x7085,
    0x7085, 0x7085, 0x7085, 0x7085, 0x7085, 0x7085, 0x7085, 0x7085, 0x7085, 0x7885, 0x7885, 0x7885, 0x7885, 0x7885, 0x7885, 0x7885,
    0x7885, 0x7885, 0x7885, 0x7885, 0x7885, 0x7885, 0x7885, 0x7885, 0x7885, 0x7885, 0x7885, 0x7885, 0x7885, 0x7885, 0x7885, 0x7885,
    0x7885, 0x7885, 0x7885, 0x7885, 0x7885, 0x7885, 0x7885, 0x7885, 0x7885, 0x7885, 0x7885, 0x7885, 0x7885, 0x7885, 0x7885, 0x7885,
    0x7885, 0x7885, 0x7885, 0x7085, 0x7085, 0x7085, 0x7085, 0x7085, 0x7085, 0x7085, 0x7085, 0x7085, 0x7085, 0x7085, 0x7085, 0x7085,
    0x7085, 0x6885, 0x6885, 0x6885, 0x6885, 0x6885, 0x6885, 0x6885, 0x6885, 0x6885, 0x6085, 0x6064, 0x6064, 0x6085, 0x6044, 0x68E5,
    0x82AA, 0x6084, 0x60A4, 0xB511, 0xB532, 0x60C5, 0x5023, 0x5044, 0x6186, 0x5905, 0x5023, 0x5064, 0x4863, 0x4863, 0x4863, 0x4843,
    0x4843, 0x4063, 0x20C5, 0x18C5, 0x18C5, 0x18C5, 0x18C5, 0x18C5, 0x18C5, 0x18C5, 0x18C5, 0x18C5, 0x18C5, 0x18C5, 0x18C5, 0x18C5,
    0x18C5, 0x18C5, 0x18C5, 0x18C5, 0x18C5, 0x18C5, 0x18C5, 0x18C5, 0x18C5, 0x18C5, 0x18C5, 0x18C5, 0x18C5, 0x18C5, 0x18C5, 0x18C5,
    0x18C5, 0x18C5, 0x18C5, 0x18C5, 0x18C5, 0x18C5, 0x28A5, 0x4043, 0x4043, 0x4843, 0x4843, 0x4863, 0x4863, 0x5064, 0x5023, 0x5905,
    0x6186, 0x5064, 0x5043, 0x58A5, 0xB4D0, 0xBD72, 0x6906, 0x5823, 0x7A6A, 0x6967, 0x5823, 0x6085, 0x6064, 0x6064, 0x6085, 0x6885,
    0x6885, 0x6885, 0x6885, 0x6885, 0x6885, 0x6885, 0x6885, 0x6885, 0x7085, 0x7085, 0x7085, 0x7085, 0x7085, 0x7085, 0x7085, 0x7085,
    0x7085, 0x7085, 0x7085, 0x7085, 0x7085, 0x7085, 0x7085, 0x7885, 0x7885, 0x7885, 0x7885, 0x7885, 0x7885, 0x7885, 0x7885, 0x7885,
    0x7885, 0x7885, 0x7885, 0x7885, 0x7885, 0x7885, 0x7885, 0x7885, 0x7885, 0x7885, 0x7885, 0x7885, 0x7885, 0x7885, 0x7885, 0x7885,
    0x7885, 0x7885, 0x7885, 0x7885, 0x7885, 0x7885, 0x7885, 0x7885, 0x7885, 0x7885, 0x7885, 0x7885, 0x7885, 0x7085, 0x7085, 0x7085,
    0x7085, 0x7085, 0x7085, 0x7085, 0x7085, 0x7085, 0x7085, 0x7085, 0x7085, 0x7085, 0x7085, 0x7085, 0x6885, 0x6885, 0x6885, 0x6885,
    0x6885, 0x6885, 0x6885, 0x6885, 0x6885, 0x6085, 0x6064, 0x6064, 0x6085, 0x5824, 0x6926, 0x828A, 0x5844, 0x60A5, 0xB511, 0xBD52,
    0x6106, 0x5023, 0x5044, 0x5966, 0x5926, 0x5023, 0x5064, 0x4863, 0x4863, 0x4843, 0x4843, 0x4843, 0x4043, 0x28A5, 0x18C5, 0x18C5,
    0x18C5, 0x18C5, 0x18C5, 0x18C5, 0x18C5, 0x18C5, 0x18C5, 0x18C5, 0x18C5, 0x18C5, 0x18C5, 0x18C5, 0x18C5, 0x18C5, 0x18C5, 0x18C5,
    0x18C5, 0x18C5, 0x18C5, 0x18C5, 0x18C5, 0x18C5, 0x18C5, 0x18C5, 0x18C5, 0x18C5, 0x18C5, 0x18C5, 0x18C5, 0x18C5, 0x18C5, 0x18C5,
    0x18C5, 0x18C5, 0x18C5, 0x3084, 0x4043, 0x4843, 0x4843, 0x4843, 0x4863, 0x4863, 0x5064, 0x5023, 0x5926, 0x5966, 0x5044, 0x5043,
    0x58A5, 0xACD0, 0xBD93, 0x7167, 0x5003, 0x7A49, 0x71A7, 0x5823, 0x6084, 0x6084, 0x6064, 0x6084, 0x6885, 0x6885, 0x6885, 0x6885,
    0x6885, 0x6885, 0x6885, 0x6885, 0x6885, 0x6885, 0x7085, 0x7085, 0x7085, 0x7085, 0x7085, 0x7085, 0x7085, 0x7085, 0x7085, 0x7085,
    0x7085, 0x7085, 0x7085, 0x7085, 0x7085, 0x7085, 0x7085, 0x7885, 0x7885, 0x7885, 0x7885, 0x7885, 0x7885, 0x7885, 0x7885, 0x7885,
    0x7885, 0x7885, 0x7885, 0x7885, 0x7885, 0x7885, 0x7885, 0x7885, 0x7885, 0x7885, 0x7885, 0x7885, 0x7885, 0x7885, 0x7885, 0x7885,
    0x7885, 0x7885, 0x7885, 0x7885, 0x7885, 0x7885, 0x7085, 0x7085, 0x7085, 0x7085, 0x7085, 0x7085, 0x7085, 0x7085, 0x7085, 0x7085,
    0x7085, 0x7085, 0x7085, 0x7085, 0x7085, 0x7085, 0x6885, 0x6885, 0x6885, 0x6885, 0x6885, 0x6885, 0x6885, 0x6885, 0x6885, 0x6885,
    0x6085, 0x6064, 0x6064, 0x6084, 0x5823, 0x6967, 0x7A6A, 0x5823, 0x6906, 0xBD32, 0xB532, 0x6106, 0x5023, 0x5044, 0x5946, 0x5966,
    0x5023, 0x5064, 0x4863, 0x4863, 0x4863, 0x4843, 0x4843, 0x4043, 0x3084, 0x18C5, 0x18C5, 0x18C5, 0x18C5, 0x18C5, 0x18C5, 0x18C5,
    0x18C5, 0x18C5, 0x18C5, 0x18C5, 0x18C5, 0x18C5, 0x18C5, 0x18C5, 0x18C5, 0x18C5, 0x18C5, 0x18C5, 0x18C5, 0x18C5, 0x18C5, 0x18C5,
    0x18C5, 0x18C5, 0x18C5, 0x18C5, 0x18C5, 0x18C5, 0x18C5, 0x18C5, 0x18C5, 0x18C5, 0x18C5, 0x18C5, 0x18C5, 0x18C5, 0x18C5, 0x18C5,
    0x3084, 0x4043, 0x4843, 0x4843, 0x4863, 0x4863, 0x4863, 0x5064, 0x5023, 0x5926, 0x5966, 0x5044, 0x5043, 0x5884, 0xAC6F, 0xC5B3,
    0x71C8, 0x5002, 0x7A09, 0x79E8, 0x5844, 0x6064, 0x6085, 0x6064, 0x6084, 0x6085, 0x6885, 0x6885, 0x6885, 0x6885, 0x6885, 0x6885,
    0x6885, 0x6885, 0x6885, 0x6885, 0x7085, 0x7085, 0x7085, 0x7085, 0x7085, 0x7085, 0x7085, 0x7085, 0x7085, 0x7085, 0x7085, 0x7085,
    0x7085, 0x7085, 0x7085, 0x7085, 0x7085, 0x7085, 0x7085, 0x7885, 0x7885, 0x7885, 0x7885, 0x7885, 0x7885, 0x7885, 0x7885, 0x7885,
    0x7885, 0x7885, 0x7885, 0x7885, 0x7885, 0x7885, 0x7885, 0x7885, 0x7885, 0x7885, 0x7885, 0x7885, 0x7885, 0x7885, 0x7085, 0x7085,
    0x7085, 0x7085, 0x7085, 0x7085, 0x7085, 0x7085, 0x7085, 0x7085, 0x7085, 0x7085, 0x7085, 0x7085, 0x7085, 0x7085, 0x7085, 0x7085,
    0x7085, 0x6885, 0x6885, 0x6885, 0x6885, 0x6885, 0x6885, 0x6885, 0x6885, 0x6885, 0x6085, 0x6084, 0x6064, 0x6084, 0x6064, 0x5824,
    0x71C8, 0x7A49, 0x5003, 0x6947, 0xBD72, 0xB4D1, 0x60C5, 0x5023, 0x5044, 0x5946, 0x5946, 0x5023, 0x5064, 0x4863, 0x4863, 0x4863,
    0x4843, 0x4843, 0x4043, 0x3084, 0x18C5, 0x18C5, 0x18C5, 0x18C5, 0x18C5, 0x18C5, 0x18C5, 0x18C5, 0x18C5, 0x18C5, 0x18C5, 0x18C5,
    0x18C5, 0x18C5, 0x18C5, 0x18C5, 0x18C5, 0x18C5, 0x18C5, 0x18C5, 0x18C5, 0x18C5, 0x18C5, 0x18C5, 0x18C5, 0x18C5, 0x18C5, 0x18C5,
    0x18C5, 0x18C5, 0x18C5, 0x18C5, 0x18C5, 0x18C5, 0x18C5, 0x18C5, 0x18C5, 0x18C5, 0x18C5, 0x18C5, 0x18C5, 0x3863, 0x4043, 0x4843,
    0x4843, 0x4863, 0x4863, 0x4863, 0x5064, 0x5023, 0x5926, 0x5966, 0x5044, 0x5043, 0x5864, 0xA40E, 0xC5F4, 0x826A, 0x5002, 0x71A7,
    0x7A49, 0x6084, 0x6044, 0x6085, 0x6064, 0x6064, 0x6085, 0x6885, 0x6885, 0x6885, 0x6885, 0x6885, 0x6885, 0x6885, 0x6885, 0x6885,
    0x7085, 0x6844, 0x6865, 0x7085, 0x7085, 0x7085, 0x7085, 0x7085, 0x7085, 0x7085, 0x7085, 0x7085, 0x7085, 0x7085, 0x7085, 0x7085,
    0x7085, 0x7085, 0x7085, 0x7085, 0x7085, 0x7085, 0x7085, 0x7085, 0x7085, 0x7885, 0x7885, 0x7885, 0x7885, 0x7885, 0x7885, 0x7885,
    0x7885, 0x7885, 0x7885, 0x7085, 0x7085, 0x7085, 0x7085, 0x7085, 0x7085, 0x7085, 0x7085, 0x7085, 0x7085, 0x7085, 0x7085, 0x7085,
    0x7085, 0x7085, 0x7085, 0x7085, 0x7085, 0x7085, 0x7085, 0x7085, 0x7085, 0x7085, 0x7085, 0x6885, 0x6885, 0x6885, 0x6885, 0x6885,
    0x6885, 0x6885, 0x6885, 0x6885, 0x6885, 0x6085, 0x6064, 0x6064, 0x6085, 0x6044, 0x6064, 0x7A29, 0x71E8, 0x5002, 0x79E8, 0xC5D3,
    0xAC90, 0x58A5, 0x5023, 0x5044, 0x5946, 0x5946, 0x5023, 0x5064, 0x4863, 0x4863, 0x4863, 0x4843, 0x4843, 0x4843, 0x3863, 0x18C5,
    0x18C5, 0x18C5, 0x18C5, 0x18C5, 0x18C5, 0x18C5, 0x18C5, 0x18C5, 0x18C5, 0x18C5, 0x18C5, 0x18C5, 0x18C5, 0x18C5, 0x18C5, 0x18C5,
    0x18C5, 0x18C5, 0x18C5, 0x18C5, 0x18C5, 0x18C5, 0x18C5, 0x18C5, 0x18C5, 0x18C5, 0x18C5, 0x18C5, 0x18C5, 0x18C5, 0x18C5, 0x18C5,
    0x18C5, 0x18C5, 0x18C5, 0x18C5, 0x18C5, 0x18C5, 0x18C5, 0x18C5, 0x18C5, 0x18C5, 0x3863, 0x4843, 0x4843, 0x4843, 0x4863, 0x4863,
    0x4863, 0x5064, 0x5023, 0x5926, 0x6187, 0x5044, 0x5044, 0x5043, 0x936D, 0xCE14, 0x932C, 0x5003, 0x6106, 0x828A, 0x6906, 0x5824,
    0x6084, 0x6064, 0x6064, 0x6084, 0x6085, 0x6885, 0x6885, 0x6885, 0x6885, 0x6885, 0x6885, 0x6885, 0x6864, 0x7967, 0x70C6, 0x6844,
    0x7085, 0x7085, 0x7085, 0x7085, 0x7085, 0x7085, 0x7085, 0x7085, 0x7085, 0x7085, 0x7085, 0x7085, 0x7085, 0x7085, 0x7085, 0x7085,
    0x7085, 0x7085, 0x7085, 0x7085, 0x7085, 0x7085, 0x7085, 0x7085, 0x7085, 0x7085, 0x7085, 0x7085, 0x7085, 0x7085, 0x7085, 0x7085,
    0x7085, 0x7085, 0x7085, 0x7085, 0x7085, 0x7085, 0x7085, 0x7085, 0x7085, 0x7085, 0x7085, 0x7085, 0x7085, 0x7085, 0x7085, 0x7085,
    0x7085, 0x7085, 0x7085, 0x7085, 0x6844, 0x6865, 0x6885, 0x6885, 0x6885, 0x6885, 0x6885, 0x6885, 0x6885, 0x6885, 0x6885, 0x6085,
    0x6084, 0x6064, 0x6064, 0x6084, 0x5824, 0x60C5, 0x828A, 0x6946, 0x5002, 0x8ACB, 0xCE14, 0x9BEE, 0x5864, 0x5043, 0x5044, 0x5966,
    0x5966, 0x5023, 0x5064, 0x4863, 0x4863, 0x4863, 0x4843, 0x4843, 0x4843, 0x3863, 0x18C5, 0x18C5, 0x18C5, 0x18C5, 0x18C5, 0x18C5,
    0x18C5, 0x18C5, 0x18C5, 0x18C5, 0x18C5, 0x18C5, 0x18C5, 0x18C5, 0x18C5, 0x18C5, 0x18C5, 0x18C5, 0x18C5, 0x18C5, 0x18C5, 0x18C5,
    0x18C5, 0x18C5, 0x18C5, 0x18C5, 0x18C5, 0x18C5, 0x18C5, 0x18C5, 0x18C5, 0x18C5, 0x18C5, 0x18C5, 0x18C5, 0x18C5, 0x18C5, 0x18C5,
    0x18C5, 0x18C5, 0x18C5, 0x18C5, 0x18C5, 0x18C5, 0x18C5, 0x4063, 0x4843, 0x4843, 0x4843, 0x4863, 0x4863, 0x4863, 0x5064, 0x5023,
    0x5905, 0x61A7, 0x5064, 0x5044, 0x5023, 0x82AA, 0xC5F4, 0xA42F, 0x5864, 0x5844, 0x7A6A, 0x71A8, 0x5824, 0x6064, 0x6085, 0x6064,
    0x6064, 0x6085, 0x6885, 0x6885, 0x6885, 0x6885, 0x6885, 0x6044, 0x9AEC, 0xBC70, 0xB42F, 0x81C8, 0x6844, 0x7085, 0x7085, 0x7085,
    0x7085, 0x7085, 0x7085, 0x7085, 0x7085, 0x7085, 0x7085, 0x7085, 0x7085, 0x7085, 0x7085, 0x7085, 0x7085, 0x7085, 0x7085, 0x7085,
    0x7085, 0x7085, 0x7085, 0x7085, 0x7085, 0x7085, 0x7085, 0x7085, 0x7085, 0x7085, 0x7085, 0x7085, 0x7085, 0x7085, 0x7085, 0x7085,
    0x7085, 0x7085, 0x7085, 0x7085, 0x7085, 0x7085, 0x7085, 0x7085, 0x7085, 0x7085, 0x7085, 0x7085, 0x7085, 0x7085, 0x7085, 0x6844,
    0x9B0C, 0x8168, 0x6024, 0x6024, 0x6865, 0x6885, 0x6885, 0x6885, 0x6885, 0x6885, 0x6085, 0x6064, 0x6064, 0x6085, 0x6064, 0x5824,
    0x7167, 0x828A, 0x6084, 0x5823, 0x9BCE, 0xCE14, 0x8B2C, 0x5023, 0x5044, 0x5044, 0x5986, 0x5925, 0x5023, 0x5064, 0x4863, 0x4863,
    0x4863, 0x4843, 0x4843, 0x4843, 0x4063, 0x18C5, 0x18C5, 0x18C5, 0x18C5, 0x18C5, 0x18C5, 0x18C5, 0x18C5, 0x18C5, 0x18C5, 0x18C5,
    0x18C5, 0x18C5, 0x18C5, 0x18C5, 0x18C5, 0x18C5, 0x18C5, 0x18C5, 0x18C5, 0x18C5, 0x18C5, 0x18C5, 0x18C5, 0x18C5, 0x18C5, 0x18C5,
    0x18C5, 0x18C5, 0x18C5, 0x18C5, 0x18C5, 0x18C5, 0x18C5, 0x18C5, 0x18C5, 0x18C5, 0x18C5, 0x18C5, 0x18C5, 0x18C5, 0x18C5, 0x18C5,
    0x18C5, 0x18C5, 0x18C5, 0x20A5, 0x4063, 0x4843, 0x4843, 0x4843, 0x4863, 0x4863, 0x4863, 0x5064, 0x5023, 0x58E5, 0x61C7, 0x5884,
    0x5044, 0x5003, 0x71C8, 0xBD72, 0xBD32, 0x7167, 0x5002, 0x71E8, 0x7A49, 0x60A5, 0x6024, 0x6084, 0x6084, 0x6064, 0x6084, 0x6085,
    0x6885, 0x6885, 0x6885, 0x6044, 0xBCB1, 0x7126, 0x7967, 0xBCB1, 0x6844, 0x6885, 0x6885, 0x6885, 0x6885, 0x6865, 0x7085, 0x7085,
    0x7085, 0x7085, 0x7085, 0x7085, 0x7085, 0x7085, 0x7085, 0x7085, 0x7085, 0x7085, 0x7085, 0x7085, 0x7085, 0x7085, 0x7085, 0x7085,
    0x7085, 0x7085, 0x7085, 0x7085, 0x7085, 0x7085, 0x7085, 0x7085, 0x7085, 0x7085, 0x7085, 0x7085, 0x7085, 0x7085, 0x7085, 0x7085,
    0x7085, 0x7085, 0x7085, 0x7085, 0x7085, 0x7085, 0x7085, 0x7085, 0x6885, 0x6885, 0x68A5, 0x6024, 0xA34D, 0xABCE, 0x6864, 0x92CB,
    0x7106, 0x6064, 0x6885, 0x6885, 0x6085, 0x6084, 0x6064, 0x6064, 0x6085, 0x6044, 0x6084, 0x7A29, 0x7A09, 0x5003, 0x6906, 0xB4D1,
    0xC5D3, 0x7A29, 0x5003, 0x5044, 0x5064, 0x61A7, 0x5905, 0x5023, 0x5064, 0x4863, 0x4863, 0x4863, 0x4843, 0x4843, 0x4843, 0x4063,
    0x20A5, 0x18C5, 0x18C5, 0x18C5, 0x18C5, 0x18C5, 0x18C5, 0x18C5, 0x18C5, 0x18C5, 0x18C5, 0x18C5, 0x18C5, 0x18C5, 0x18C5, 0x18C5,
    0x18C5, 0x18C5, 0x18C5, 0x18C5, 0x18C5, 0x18C5, 0x18C5, 0x18C5, 0x18C5, 0x18C5, 0x18C5, 0x18C5, 0x18C5, 0x18C5, 0x18C5, 0x18C5,
    0x18C5, 0x18C5, 0x18C5, 0x18C5, 0x18C5, 0x18C5, 0x18C5, 0x18C5, 0x18C5, 0x18C5, 0x18C5, 0x18C5, 0x18C5, 0x18C5, 0x18C5, 0x18C5,
    0x20A5, 0x4063, 0x4843, 0x4843, 0x4843, 0x4863, 0x4863, 0x4863, 0x5064, 0x5043, 0x50A4, 0x61C7, 0x58C5, 0x5044, 0x5023, 0x60E5,
    0xAC90, 0xC5F4, 0x8AAB, 0x5003, 0x60E5, 0x828A, 0x7187, 0x6044, 0x6064, 0x6085, 0x6064, 0x6064, 0x6084, 0x6085, 0x6885, 0x6044,
    0x81E9, 0xAC0F, 0xB470, 0x9AEC, 0x6044, 0x6885, 0x6885, 0x6885, 0x6885, 0x70E6, 0x6865, 0x6824, 0x7085, 0x7085, 0x7085, 0x7085,
    0x7085, 0x7085, 0x7085, 0x7085, 0x7085, 0x7085, 0x7085, 0x7085, 0x7085, 0x7085, 0x7085, 0x7085, 0x7085, 0x7085, 0x7085, 0x7085,
    0x7085, 0x7085, 0x7085, 0x7085, 0x7085, 0x7085, 0x7085, 0x7085, 0x7085, 0x7085, 0x7085, 0x7085, 0x7085, 0x7085, 0x7085, 0x7085,
    0x6865, 0x6865, 0x6865, 0x6885, 0x6885, 0x6885, 0x6885, 0x6865, 0x6885, 0xBCD1, 0xB42F, 0x92CB, 0x68A5, 0x6864, 0x6885, 0x6084,
    0x6064, 0x6064, 0x6085, 0x6064, 0x5824, 0x6947, 0x828A, 0x6926, 0x5002, 0x8249, 0xC5B3, 0xB4F1, 0x6946, 0x5023, 0x5844, 0x58A4,
    0x61C7, 0x58C5, 0x5023, 0x5064, 0x4863, 0x4863, 0x4863, 0x4843, 0x4843, 0x4843, 0x4063, 0x20A5, 0x18C5, 0x18C5, 0x18C5, 0x18C5,
    0x18C5, 0x18C5, 0x18C5, 0x18C5, 0x18C5, 0x18C5, 0x18C5, 0x18C5, 0x18C5, 0x18C5, 0x18C5, 0x18C5, 0x18C5, 0x18C5, 0x18C5, 0x18C5,
    0x18C5, 0x18C5, 0x18C5, 0x18C5, 0x18C5, 0x18C5, 0x18C5, 0x18C5, 0x18C5, 0x18C5, 0x18C5, 0x18C5, 0x18C5, 0x18C5, 0x18C5, 0x18C5,
    0x18C5, 0x18C5, 0x18C5, 0x18C5, 0x18C5, 0x18C5, 0x18C5, 0x18C5, 0x18C5, 0x18C5, 0x18C5, 0x18C5, 0x18C5, 0x20A5, 0x4063, 0x4843,
    0x4843, 0x4843, 0x4863, 0x4863, 0x4863, 0x5064, 0x5043, 0x5064, 0x61A7, 0x5925, 0x5044, 0x5023, 0x5044, 0x932C, 0xC614, 0xAC4F,
    0x60C5, 0x5003, 0x71E8, 0x7A49, 0x60C5, 0x5824, 0x6064, 0x6085, 0x6064, 0x6064, 0x6084, 0x6885, 0x6044, 0x70E6, 0x7967, 0x6044,
    0x6885, 0x6885, 0x6885, 0x6864, 0x70E6, 0xBCB1, 0xABAE, 0x8A2A, 0x6865, 0x6885, 0x6885, 0x7085, 0x7085, 0x7085, 0x7085, 0x7085,
    0x7085, 0x7085, 0x7085, 0x7085, 0x7085, 0x7085, 0x7085, 0x7085, 0x7085, 0x7085, 0x7085, 0x7085, 0x7085, 0x7085, 0x7085, 0x7085,
    0x7085, 0x7085, 0x7085, 0x7085, 0x70A5, 0x7085, 0x7065, 0x7085, 0x7085, 0x6885, 0x6885, 0x6865, 0x70C6, 0xBC70, 0x9AEC, 0x6003,
    0x6885, 0x6885, 0x6885, 0x6885, 0x6864, 0x7967, 0x68C5, 0x5803, 0x6064, 0x6085, 0x6064, 0x6064, 0x6085, 0x6064, 0x5824, 0x60A5,
    0x7A29, 0x7A29, 0x5823, 0x6084, 0xA3EE, 0xCE14, 0x9BAD, 0x5884, 0x5023, 0x5044, 0x58E5, 0x61A7, 0x5084, 0x5043, 0x5064, 0x4863,
    0x4863, 0x4863, 0x4843, 0x4843, 0x4843, 0x4063, 0x20A5, 0x18C5, 0x18C5, 0x18C5, 0x18C5, 0x18C5, 0x18C5, 0x18C5, 0x18C5, 0x18C5,
    0x18C5, 0x18C5, 0x18C5, 0x18C5, 0x18C5, 0x18C5, 0x18C5, 0x18C5, 0x18C5, 0x18C5, 0x18C5, 0x18C5, 0x18C5, 0x18C5, 0x18C5, 0x18C5,
    0x18C5, 0x18C5, 0x18C5, 0x18C5, 0x18C5, 0x18C5, 0x18C5, 0x18C5, 0x18C5, 0x18C5, 0x18C5, 0x18C5, 0x18C5, 0x18C5, 0x18C5, 0x18C5,
    0x18C5, 0x18C5, 0x18C5, 0x18C5, 0x18C5, 0x18C5, 0x18C5, 0x18C5, 0x18C5, 0x18C5, 0x20A5, 0x4063, 0x4043, 0x4843, 0x4843, 0x4843,
    0x4863, 0x4863, 0x5063, 0x5043, 0x5043, 0x5966, 0x5986, 0x5064, 0x5044, 0x5003, 0x71C8, 0xBD32, 0xC5B3, 0x826A, 0x5003, 0x60C5,
    0x7A6A, 0x71E8, 0x6084, 0x6024, 0x6084, 0x6085, 0x6064, 0x6064, 0x6885, 0x6064, 0x6044, 0x6885, 0x6885, 0x6885, 0x6885, 0x6024,
    0x8A4A, 0xC532, 0xA38D, 0xCD53, 0x70C6, 0x6865, 0x6885, 0x6885, 0x6885, 0x6885, 0x6885, 0x7085, 0x6885, 0x7085, 0x7085, 0x7085,
    0x7085, 0x6865, 0x7085, 0x7085, 0x7085, 0x7085, 0x7085, 0x7085, 0x7085, 0x7085, 0x7085, 0x7085, 0x7085, 0x7085, 0x7085, 0x6844,
    0x6824, 0x7085, 0x70A6, 0x6885, 0x6885, 0x6885, 0x6885, 0x6844, 0x8188, 0xABEE, 0xBCB1, 0x92AB, 0x6044, 0x6885, 0x6885, 0x6885,
    0x6885, 0x6044, 0x6064, 0x6885, 0x6084, 0x6064, 0x6085, 0x6084, 0x6044, 0x6064, 0x71A8, 0x828A, 0x6106, 0x5002, 0x7A09, 0xBD72,
    0xBD92, 0x7A29, 0x5023, 0x5043, 0x5064, 0x5966, 0x5986, 0x5063, 0x5043, 0x5063, 0x4863, 0x4863, 0x4863, 0x4843, 0x4843, 0x4843,
    0x4063, 0x20A5, 0x18C5, 0x18C5, 0x18C5, 0x18C5, 0x18C5, 0x18C5, 0x18C5, 0x18C5, 0x18C5, 0x18C5, 0x18C5, 0x18C5, 0x18C5, 0x18C5,
    0x18C5, 0x18C5, 0x18C5, 0x18C5, 0x18C5, 0x18C5, 0x18C5, 0x18C5, 0x18C5, 0x18C5, 0x18C5, 0x18C5, 0x18C5, 0x18C5, 0x18C5, 0x18C5,
    0x18C5, 0x18C5, 0x18C5, 0x18C5, 0x18C5, 0x18C5, 0x18C5, 0x18C5, 0x18C5, 0x18C5, 0x18C5, 0x18C5, 0x18C5, 0x18C5, 0x18C5, 0x18C5,
    0x18C5, 0x18C5, 0x18C5, 0x18C5, 0x18C5, 0x18C5, 0x18C5, 0x18C5, 0x3863, 0x4843, 0x4843, 0x4843, 0x4843, 0x4863, 0x4863, 0x5063,
    0x5064, 0x5023, 0x5905, 0x61A7, 0x58A5, 0x5044, 0x5023, 0x58A5, 0x9BAD, 0xC5F4, 0xAC70, 0x6926, 0x5003, 0x6967, 0x7A8A, 0x7187,
    0x6064, 0x6044, 0x6064, 0x6085, 0x6064, 0x6085, 0x6085, 0x6085, 0x6885, 0x6885, 0x6885, 0x6024, 0xA36D, 0x926A, 0xBC90, 0x8A4A,
    0x6844, 0x6885, 0x6885, 0x6885, 0x6024, 0x9ACB, 0x9ACB, 0x6024, 0x7085, 0x6885, 0x6885, 0x6865, 0x6844, 0x7906, 0x70A5, 0x6885,
    0x7085, 0x7085, 0x7085, 0x6885, 0x7085, 0x6885, 0x6885, 0x6885, 0x6885, 0x7085, 0x6844, 0x8A09, 0xA32C, 0x70E6, 0xABCE, 0x6885,
    0x6885, 0x6885, 0x6885, 0x6024, 0x81C8, 0xBC90, 0x8A2A, 0xABCE, 0x68C5, 0x6864, 0x6885, 0x6885, 0x6085, 0x6085, 0x6085, 0x6064,
    0x6085, 0x6084, 0x6044, 0x6044, 0x7167, 0x826A, 0x7187, 0x5003, 0x60C5, 0xA42F, 0xCE14, 0xA40E, 0x60E5, 0x5003, 0x5044, 0x5884,
    0x61A7, 0x5925, 0x5023, 0x5063, 0x5063, 0x4863, 0x4863, 0x4843, 0x4843, 0x4843, 0x4043, 0x3863, 0x18C5, 0x18C5, 0x18C5, 0x18C5,
    0x18C5, 0x18C5, 0x18C5, 0x18C5, 0x18C5, 0x18C5, 0x18C5, 0x18C5, 0x18C5, 0x18C5, 0x18C5, 0x18C5, 0x18C5, 0x18C5, 0x18C5, 0x18C5,
    0x18C5, 0x18C5, 0x18C5, 0x18C5, 0x18C5, 0x18C5, 0x18C5, 0x18C5, 0x18C5, 0x18C5, 0x18C5, 0x18C5, 0x18C5, 0x18C5, 0x18C5, 0x18C5,
    0x18C5, 0x18C5, 0x18C5, 0x18C5, 0x18C5, 0x18C5, 0x18C5, 0x18C5, 0x18C5, 0x18C5, 0x18C5, 0x18C5, 0x18C5, 0x18C5, 0x18C5, 0x18C5,
    0x18C5, 0x18C5, 0x18C5, 0x18C5, 0x18C5, 0x3863, 0x4043, 0x4843, 0x4843, 0x4843, 0x4863, 0x4863, 0x4863, 0x5064, 0x5023, 0x5084,
    0x61A7, 0x5926, 0x5064, 0x5043, 0x5003, 0x71C8, 0xB4F1, 0xC5D3, 0x936C, 0x6064, 0x5803, 0x71C8, 0x828A, 0x7187, 0x6064, 0x6044,
    0x6064, 0x6085, 0x6064, 0x6064, 0x6085, 0x6085, 0x6885, 0x6885, 0x68A5, 0x6044, 0x8A29, 0x7927, 0x6044, 0x6885, 0x6885, 0x6885,
    0x6004, 0xABEF, 0x928A, 0x6024, 0x6885, 0x6885, 0x6885, 0x6885, 0xABAE, 0xB40F, 0xA36D, 0x70C6, 0x6865, 0x6885, 0x6885, 0x6864,
    0x7906, 0xB3EF, 0x70A5, 0x6885, 0x6885, 0x68A5, 0x6024, 0x9ACB, 0xCD93, 0xB40F, 0xBCB1, 0x70E6, 0x6864, 0x6885, 0x6885, 0x6044,
    0x7967, 0x8209, 0x5803, 0x6044, 0x6885, 0x6885, 0x6085, 0x6085, 0x6064, 0x6064, 0x6085, 0x6064, 0x6044, 0x6044, 0x6947, 0x7A6A,
    0x71E8, 0x5824, 0x5844, 0x8AEB, 0xC5B3, 0xBD32, 0x7A29, 0x5023, 0x5023, 0x5044, 0x5905, 0x61C7, 0x50A4, 0x5023, 0x5064, 0x5063,
    0x4863, 0x4863, 0x4863, 0x4843, 0x4843, 0x4043, 0x3863, 0x18C5, 0x18C5, 0x18C5, 0x18C5, 0x18C5, 0x18C5, 0x18C5, 0x18C5, 0x18C5,
    0x18C5, 0x18C5, 0x18C5, 0x18C5, 0x18C5, 0x18C5, 0x18C5, 0x18C5, 0x18C5, 0x18C5, 0x18C5, 0x18C5, 0x18C5, 0x18C5, 0x18C5, 0x18C5,
    0x18C5, 0x18C5, 0x18C5, 0x18C5, 0x18C5, 0x18C5, 0x18C5, 0x18C5, 0x18C5, 0x18C5, 0x18C5, 0x18C5, 0x18C5, 0x18C5, 0x18C5, 0x18C5,
    0x18C5, 0x18C5, 0x18C5, 0x18C5, 0x18C5, 0x18C5, 0x18C5, 0x18C5, 0x18C5, 0x18C5, 0x18C5, 0x18C5, 0x18C5, 0x18C5, 0x18C5, 0x18C5,
    0x18C5, 0x18C5, 0x3084, 0x4043, 0x4043, 0x4843, 0x4843, 0x4863, 0x4863, 0x4863, 0x5063, 0x5043, 0x5043, 0x5946, 0x61A7, 0x58A4,
    0x5044, 0x5023, 0x5864, 0x8AEB, 0xC5B3, 0xBD72, 0x828A, 0x5823, 0x5844, 0x71C8, 0x7A8A, 0x7187, 0x6084, 0x5824, 0x6064, 0x6085,
    0x6084, 0x6064, 0x6064, 0x6085, 0x6064, 0x6885, 0x6044, 0x6865, 0x6885, 0x6885, 0x6885, 0x6885, 0x6864, 0xBC70, 0x7967, 0x6044,
    0x6885, 0x6885, 0x6024, 0x8A29, 0xBC70, 0x68A5, 0xA34D, 0x8188, 0x6844, 0x6885, 0x6885, 0x6864, 0x70E6, 0xBCB1, 0x70A5, 0x6865,
    0x6885, 0x6885, 0x6024, 0x81E9, 0xAB8E, 0x81E9, 0xCD52, 0x7947, 0x6044, 0x6885, 0x6885, 0x6885, 0x6064, 0x6044, 0x6885, 0x6885,
    0x6085, 0x6064, 0x6064, 0x6084, 0x6085, 0x6064, 0x5824, 0x6064, 0x6967, 0x7A6A, 0x7208, 0x5864, 0x5803, 0x8249, 0xBD32, 0xC5D3,
    0x934C, 0x58A4, 0x5003, 0x5044, 0x5884, 0x6187, 0x5966, 0x5043, 0x5043, 0x5063, 0x4863, 0x4863, 0x4863, 0x4843, 0x4843, 0x4843,
    0x4043, 0x3084, 0x18C5, 0x18C5, 0x18C5, 0x18C5, 0x18C5, 0x18C5, 0x18C5, 0x18C5, 0x18C5, 0x18C5, 0x18C5, 0x18C5, 0x18C5, 0x18C5,
    0x18C5, 0x18C5, 0x18C5, 0x18C5, 0x18C5, 0x18C5, 0x18C5, 0x18C5, 0x18C5, 0x18C5, 0x18C5, 0x18C5, 0x18C5, 0x18C5, 0x18C5, 0x18C5,
    0x18C5, 0x18C5, 0x18C5, 0x18C5, 0x18C5, 0x18C5, 0x18C5, 0x18C5, 0x18C5, 0x18C5, 0x18C5, 0x18C5, 0x18C5, 0x18C5, 0x18C5, 0x18C5,
    0x18C5, 0x18C5, 0x18C5, 0x18C5, 0x18C5, 0x18C5, 0x18C5, 0x18C5, 0x18C5, 0x18C5, 0x18C5, 0x18C5, 0x18C5, 0x18C5, 0x18C5, 0x2884,
    0x4043, 0x4843, 0x4843, 0x4843, 0x4863, 0x4863, 0x4863, 0x5063, 0x5063, 0x5023, 0x50A4, 0x61A7, 0x5946, 0x5864, 0x5043, 0x5003,
    0x60E5, 0x9BAD, 0xC5F3, 0xB511, 0x8229, 0x5823, 0x5844, 0x71A8, 0x7A6A, 0x71C8, 0x60C5, 0x5844, 0x6044, 0x6064, 0x6085, 0x6084,
    0x6084, 0x6064, 0x6085, 0x6085, 0x6085, 0x6885, 0x6885, 0x6885, 0x6885, 0x7947, 0x68A5, 0x6865, 0x6885, 0x6885, 0x6864, 0x70E6,
    0xB40F, 0xA3AE, 0xCD52, 0x928B, 0x6024, 0x6885, 0x6885, 0x6865, 0x68A5, 0xBCB0, 0x70E6, 0x6864, 0x6885, 0x6885, 0x6864, 0x70E6,
    0x8A4A, 0x6003, 0x70E6, 0x68A5, 0x6864, 0x6885, 0x6885, 0x6085, 0x6085, 0x6085, 0x6064, 0x6064, 0x6084, 0x6085, 0x6064, 0x6044,
    0x5824, 0x60A5, 0x71A7, 0x7A6A, 0x71C8, 0x5864, 0x5803, 0x79E8, 0xB4D0, 0xC5F4, 0xA40E, 0x6926, 0x5003, 0x5043, 0x5864, 0x5925,
    0x61A7, 0x50C5, 0x5023, 0x5063, 0x5063, 0x4863, 0x4863, 0x4863, 0x4843, 0x4843, 0x4843, 0x4043, 0x2884, 0x18C5, 0x18C5, 0x18C5,
    0x18C5, 0x18C5, 0x18C5, 0x18C5, 0x18C5, 0x18C5, 0x18C5, 0x18C5, 0x18C5, 0x18C5, 0x18C5, 0x18C5, 0x18C5, 0x18C5, 0x18C5, 0x18C5,
    0x18C5, 0x18C5, 0x18C5, 0x18C5, 0x18C5, 0x18C5, 0x18C5, 0x18C5, 0x18C5, 0x18C5, 0x18C5, 0x18C5, 0x18C5, 0x18C5, 0x18C5, 0x18C5,
    0x18C5, 0x18C5, 0x18C5, 0x18C5, 0x18C5, 0x18C5, 0x18C5, 0x18C5, 0x18C5, 0x18C5, 0x18C5, 0x18C5, 0x18C5, 0x18C5, 0x18C5, 0x18C5,
    0x18C5, 0x18C5, 0x18C5, 0x18C5, 0x18C5, 0x18C5, 0x18C5, 0x18C5, 0x18C5, 0x18C5, 0x18C5, 0x18C5, 0x28A5, 0x4063, 0x4843, 0x4843,
    0x4843, 0x4863, 0x4863, 0x4863, 0x4863, 0x5064, 0x5043, 0x5043, 0x5926, 0x61A7, 0x58E5, 0x5044, 0x5023, 0x5023, 0x6946, 0xA40E,
    0xC5F4, 0xB511, 0x828A, 0x5844, 0x5823, 0x6946, 0x7A49, 0x7A29, 0x6946, 0x6064, 0x5824, 0x6044, 0x6064, 0x6085, 0x6084, 0x6064,
    0x6064, 0x6084, 0x6085, 0x6085, 0x6085, 0x6044, 0x6064, 0x6885, 0x6885, 0x6885, 0x6885, 0x6044, 0x68A5, 0x81C8, 0x7967, 0x6885,
    0x6885, 0x6885, 0x6885, 0x6865, 0x6885, 0x7967, 0x68A5, 0x6865, 0x6885, 0x6885, 0x6885, 0x6064, 0x6024, 0x6885, 0x6064, 0x6064,
    0x6085, 0x6085, 0x6084, 0x6064, 0x6064, 0x6084, 0x6085, 0x6064, 0x6044, 0x5824, 0x6064, 0x6926, 0x7A09, 0x7A69, 0x6967, 0x5823,
    0x5823, 0x8229, 0xB4D1, 0xC5F4, 0xA44F, 0x7187, 0x5023, 0x5023, 0x5044, 0x58C5, 0x61A7, 0x5946, 0x5043, 0x5043, 0x5064, 0x4863,
    0x4863, 0x4863, 0x4863, 0x4843, 0x4843, 0x4843, 0x4063, 0x28A5, 0x18C5, 0x18C5, 0x18C5, 0x18C5, 0x18C5, 0x18C5, 0x18C5, 0x18C5,
    0x18C5, 0x18C5, 0x18C5, 0x18C5, 0x18C5, 0x18C5, 0x18C5, 0x18C5, 0x18C5, 0x18C5, 0x18C5, 0x18C5, 0x18C5, 0x18C5, 0x18C5, 0x18C5,
    0x18C5, 0x18C5, 0x18C5, 0x18C5, 0x18C5, 0x18C5, 0x18C5, 0x18C5, 0x18C5, 0x18C5, 0x18C5, 0x18C5, 0x18C5, 0x18C5, 0x18C5, 0x18C5,
    0x18C5, 0x18C5, 0x18C5, 0x18C5, 0x18C5, 0x18C5, 0x18C5, 0x18C5, 0x18C5, 0x18C5, 0x18C5, 0x18C5, 0x18C5, 0x18C5, 0x18C5, 0x18C5,
    0x18C5, 0x18C5, 0x18C5, 0x18C5, 0x18C5, 0x18C5, 0x18C5, 0x18C5, 0x18C5, 0x20C5, 0x3863, 0x4043, 0x4843, 0x4843, 0x4843, 0x4863,
    0x4863, 0x4863, 0x5063, 0x5063, 0x5023, 0x5084, 0x5986, 0x6187, 0x58A5, 0x5044, 0x5023, 0x5023, 0x6967, 0x9BEE, 0xC5D3, 0xBD52,
    0x932C, 0x60C5, 0x5003, 0x60A5, 0x71E8, 0x7A49, 0x79E8, 0x6926, 0x6064, 0x5844, 0x6044, 0x6064, 0x6084, 0x6085, 0x6084, 0x6064,
    0x6064, 0x6085, 0x6084, 0x6065, 0x6085, 0x6085, 0x6085, 0x6885, 0x6064, 0x6024, 0x6044, 0x6064, 0x6885, 0x6085, 0x6885, 0x6885,
    0x6085, 0x6044, 0x6064, 0x6885, 0x6085, 0x6085, 0x6084, 0x6085, 0x6885, 0x6064, 0x6085, 0x6064, 0x6064, 0x6084, 0x6085, 0x6084,
    0x6064, 0x6044, 0x5824, 0x6064, 0x6906, 0x71E8, 0x7A49, 0x7208, 0x60C5, 0x5003, 0x60A5, 0x8ACB, 0xBD31, 0xC5F3, 0xA42F, 0x71A8,
    0x5043, 0x5003, 0x5043, 0x58A4, 0x5986, 0x5986, 0x50A4, 0x5023, 0x5063, 0x5063, 0x4863, 0x4863, 0x4863, 0x4843, 0x4843, 0x4843,
    0x4043, 0x3863, 0x20C5, 0x18C5, 0x18C5, 0x18C5, 0x18C5, 0x18C5, 0x18C5, 0x18C5, 0x18C5, 0x18C5, 0x18C5, 0x18C5, 0x18C5, 0x18C5,
    0x18C5, 0x18C5, 0x18C5, 0x18C5, 0x18C5, 0x18C5, 0x18C5, 0x18C5, 0x18C5, 0x18C5, 0x18C5, 0x18C5, 0x18C5, 0x18C5, 0x18C5, 0x18C5,
    0x18C5, 0x18C5, 0x18C5, 0x18C5, 0x18C5, 0x18C5, 0x18C5, 0x18C5, 0x18C5, 0x18C5, 0x18C5, 0x18C5, 0x18C5, 0x18C5, 0x18C5, 0x18C5,
    0x18C5, 0x18C5, 0x18C5, 0x18C5, 0x18C5, 0x18C5, 0x18C5, 0x18C5, 0x18C5, 0x18C5, 0x18C5, 0x18C5, 0x18C5, 0x18C5, 0x18C5, 0x18C5,
    0x18C5, 0x18C5, 0x18C5, 0x18C5, 0x18C5, 0x18C5, 0x18C5, 0x3084, 0x4043, 0x4843, 0x4843, 0x4843, 0x4863, 0x4863, 0x4863, 0x4863,
    0x5064, 0x5043, 0x5023, 0x50C5, 0x5987, 0x5966, 0x58A4, 0x5043, 0x5003, 0x5023, 0x6946, 0x938D, 0xBD72, 0xC5D3, 0xA42E, 0x79C8,
    0x5844, 0x5823, 0x6106, 0x7A08, 0x7A49, 0x7A09, 0x6967, 0x60A5, 0x6044, 0x5824, 0x6044, 0x6064, 0x6064, 0x6084, 0x6085, 0x6085,
    0x6084, 0x6064, 0x6064, 0x6064, 0x6084, 0x6085, 0x6085, 0x6084, 0x6064, 0x6084, 0x6084, 0x6084, 0x6084, 0x6085, 0x6064, 0x6064,
    0x6064, 0x6064, 0x6064, 0x6084, 0x6085, 0x6085, 0x6084, 0x6064, 0x6064, 0x6044, 0x5824, 0x6044, 0x60A5, 0x6946, 0x7A08, 0x7A49,
    0x7A09, 0x6926, 0x5823, 0x5823, 0x7187, 0x9BCE, 0xC5B3, 0xC5B3, 0x9BCD, 0x6967, 0x5023, 0x5003, 0x5043, 0x5884, 0x5966, 0x59A7,
    0x58E5, 0x5043, 0x5043, 0x5064, 0x4863, 0x4863, 0x4863, 0x4863, 0x4843, 0x4843, 0x4843, 0x4043, 0x3084, 0x18C5, 0x18C5, 0x18C5,
    0x18C5, 0x18C5, 0x18C5, 0x18C5, 0x18C5, 0x18C5, 0x18C5, 0x18C5, 0x18C5, 0x18C5, 0x18C5, 0x18C5, 0x18C5, 0x18C5, 0x18C5, 0x18C5,
    0x18C5, 0x18C5, 0x18C5, 0x18C5, 0x18C5, 0x18C5, 0x18C5, 0x18C5, 0x18C5, 0x18C5, 0x18C5, 0x18C5, 0x18C5, 0x18C5, 0x18C5, 0x18C5,
    0x18C5, 0x18C5, 0x18C5, 0x18C5, 0x18C5, 0x18C5, 0x18C5, 0x18C5, 0x18C5, 0x18C5, 0x18C5, 0x18C5, 0x18C5, 0x18C5, 0x18C5, 0x18C5,
    0x18C5, 0x18C5, 0x18C5, 0x18C5, 0x18C5, 0x18C5, 0x18C5, 0x18C5, 0x18C5, 0x18C5, 0x18C5, 0x18C5, 0x18C5, 0x18C5, 0x18C5, 0x18C5,
    0x18C5, 0x18C5, 0x18C5, 0x18C5, 0x28A5, 0x4063, 0x4043, 0x4843, 0x4843, 0x4843, 0x4863, 0x4863, 0x4863, 0x4863, 0x5064, 0x5043,
    0x5043, 0x58E5, 0x61A7, 0x5966, 0x58A4, 0x5044, 0x5023, 0x5003, 0x60C5, 0x82AA, 0xB4D0, 0xC5D3, 0xBD52, 0x936D, 0x7167, 0x5823,
    0x5823, 0x60C5, 0x71A8, 0x7A49, 0x7A49, 0x71E8, 0x7167, 0x68C5, 0x6064, 0x6044, 0x6024, 0x6044, 0x6044, 0x6064, 0x6064, 0x6064,
    0x6064, 0x6084, 0x6084, 0x6085, 0x6085, 0x6085, 0x6085, 0x6085, 0x6085, 0x6084, 0x6084, 0x6064, 0x6064, 0x6064, 0x6064, 0x6044,
    0x6044, 0x6024, 0x6044, 0x6064, 0x60C5, 0x6946, 0x71C8, 0x7A49, 0x7A49, 0x71C8, 0x60E5, 0x5823, 0x5823, 0x6946, 0x932C, 0xB511,
    0xC5D3, 0xB4F1, 0x8AEB, 0x60E5, 0x5003, 0x5023, 0x5043, 0x58A4, 0x5966, 0x61A7, 0x5905, 0x5043, 0x5043, 0x5064, 0x4863, 0x4863,
    0x4863, 0x4863, 0x4843, 0x4843, 0x4843, 0x4843, 0x4063, 0x28A5, 0x18C5, 0x18C5, 0x18C5, 0x18C5, 0x18C5, 0x18C5, 0x18C5, 0x18C5,
    0x18C5, 0x18C5, 0x18C5, 0x18C5, 0x18C5, 0x18C5, 0x18C5, 0x18C5, 0x18C5, 0x18C5, 0x18C5, 0x18C5, 0x18C5, 0x18C5, 0x18C5, 0x18C5,
    0x18C5, 0x18C5, 0x18C5, 0x18C5, 0x18C5, 0x18C5, 0x18C5, 0x18C5, 0x18C5, 0x18C5, 0x18C5, 0x18C5, 0x18C5, 0x18C5, 0x18C5, 0x18C5,
    0x18C5, 0x18C5, 0x18C5, 0x18C5, 0x18C5, 0x18C5, 0x18C5, 0x18C5, 0x18C5, 0x18C5, 0x18C5, 0x18C5, 0x18C5, 0x18C5, 0x18C5, 0x18C5,
    0x18C5, 0x18C5, 0x18C5, 0x18C5, 0x18C5, 0x18C5, 0x18C5, 0x18C5, 0x18C5, 0x18C5, 0x18C5, 0x18C5, 0x18C5, 0x18C5, 0x18C5, 0x18C5,
    0x18C5, 0x18C5, 0x3084, 0x4043, 0x4843, 0x4843, 0x4843, 0x4843, 0x4863, 0x4863, 0x4863, 0x5063, 0x5064, 0x5043, 0x5043, 0x58E5,
    0x5987, 0x5966, 0x58C5, 0x5864, 0x5023, 0x5003, 0x5844, 0x6987, 0x938D, 0xBD32, 0xC5D3, 0xB531, 0x9B8D, 0x79E8, 0x6084, 0x5803,
    0x5844, 0x60E5, 0x71A7, 0x7A09, 0x7A49, 0x7A29, 0x71E8, 0x7187, 0x6926, 0x68E5, 0x60A5, 0x6084, 0x6064, 0x6044, 0x6044, 0x6044,
    0x6044, 0x6044, 0x6044, 0x6044, 0x6044, 0x6044, 0x6044, 0x6064, 0x6084, 0x60A5, 0x68E5, 0x6926, 0x7187, 0x71E8, 0x7A29, 0x7A49,
    0x7A29, 0x71A8, 0x6106, 0x5864, 0x5803, 0x5864, 0x71A8, 0x936C, 0xB511, 0xC5D3, 0xBD72, 0x9BCD, 0x71C8, 0x5864, 0x5003, 0x5023,
    0x5844, 0x58C5, 0x5966, 0x59A7, 0x5905, 0x5043, 0x5043, 0x5063, 0x5063, 0x4863, 0x4863, 0x4863, 0x4863, 0x4843, 0x4843, 0x4843,
    0x4043, 0x3084, 0x18C5, 0x18C5, 0x18C5, 0x18C5, 0x18C5, 0x18C5, 0x18C5, 0x18C5, 0x18C5, 0x18C5, 0x18C5, 0x18C5, 0x18C5, 0x18C5,
    0x18C5, 0x18C5, 0x18C5, 0x18C5, 0x18C5, 0x18C5, 0x18C5, 0x18C5, 0x18C5, 0x18C5, 0x18C5, 0x18C5, 0x18C5, 0x18C5, 0x18C5, 0x18C5,
    0x18C5, 0x18C5, 0x18C5, 0x18C5, 0x18C5, 0x18C5, 0x18C5, 0x18C5, 0x18C5, 0x18C5, 0x18C5, 0x18C5, 0x18C5, 0x18C5, 0x18C5, 0x18C5,
    0x18C5, 0x18C5, 0x18C5, 0x18C5, 0x18C5, 0x18C5, 0x18C5, 0x18C5, 0x18C5, 0x18C5, 0x18C5, 0x18C5, 0x18C5, 0x18C5, 0x18C5, 0x18C5,
    0x18C5, 0x18C5, 0x18C5, 0x18C5, 0x18C5, 0x18C5, 0x18C5, 0x18C5, 0x18C5, 0x18C5, 0x18C5, 0x18C5, 0x18C5, 0x18C5, 0x18C5, 0x28A4,
    0x4063, 0x4043, 0x4843, 0x4843, 0x4843, 0x4863, 0x4863, 0x4863, 0x4863, 0x5063, 0x5063, 0x5043, 0x5043, 0x50C5, 0x5986, 0x6187,
    0x5905, 0x5884, 0x5043, 0x5003, 0x5003, 0x5884, 0x71C8, 0x9B8D, 0xB511, 0xC5D3, 0xBD93, 0xAC90, 0x930C, 0x71A8, 0x60A5, 0x5823,
    0x5823, 0x5864, 0x60E5, 0x6947, 0x71C8, 0x7A08, 0x7A29, 0x7A49, 0x7A49, 0x7A29, 0x7A29, 0x7A09, 0x7A08, 0x7A09, 0x7A09, 0x7A08,
    0x7A09, 0x7A29, 0x7A29, 0x7A49, 0x7A49, 0x7A29, 0x7A09, 0x71C8, 0x6967, 0x60E5, 0x5864, 0x5823, 0x5823, 0x6085, 0x7187, 0x8AEB,
    0xAC6F, 0xBD72, 0xC5D3, 0xBD32, 0x9BCD, 0x7A08, 0x58A5, 0x5003, 0x5003, 0x5023, 0x5884, 0x5905, 0x6186, 0x5986, 0x58E5, 0x5043,
    0x5043, 0x5063, 0x5063, 0x4863, 0x4863, 0x4863, 0x4863, 0x4843, 0x4843, 0x4843, 0x4043, 0x4063, 0x28A4, 0x18C5, 0x18C5, 0x18C5,
    0x18C5, 0x18C5, 0x18C5, 0x18C5, 0x18C5, 0x18C5, 0x18C5, 0x18C5, 0x18C5, 0x18C5, 0x18C5, 0x18C5, 0x18C5, 0x18C5, 0x18C5, 0x18C5,
    0x18C5, 0x18C5, 0x18C5, 0x18C5, 0x18C5, 0x18C5, 0x18C5, 0x18C5, 0x18C5, 0x18C5, 0x18C5, 0x18C5, 0x18C5, 0x18C5, 0x18C5, 0x18C5,
    0x18C5, 0x18C5, 0x18C5, 0x18C5, 0x18C5, 0x18C5, 0x18C5, 0x18C5, 0x18C5, 0x18C5, 0x18C5, 0x18C5, 0x18C5, 0x18C5, 0x18C5, 0x18C5,
    0x18C5, 0x18C5, 0x18C5, 0x18C5, 0x18C5, 0x18C5, 0x18C5, 0x18C5, 0x18C5, 0x18C5, 0x18C5, 0x18C5, 0x18C5, 0x18C5, 0x18C5, 0x18C5,
    0x18C5, 0x18C5, 0x18C5, 0x18C5, 0x18C5, 0x18C5, 0x18C5, 0x18C5, 0x18C5, 0x18C5, 0x18C5, 0x18C5, 0x18C5, 0x3084, 0x4043, 0x4843,
    0x4843, 0x4843, 0x4843, 0x4863, 0x4863, 0x4863, 0x4863, 0x5063, 0x5063, 0x5043, 0x5043, 0x50A4, 0x5946, 0x61A7, 0x5966, 0x58E5,
    0x5864, 0x5023, 0x5003, 0x5003, 0x5864, 0x6967, 0x8ACB, 0xA44F, 0xBD52, 0xC5D3, 0xC593, 0xB4F1, 0xA3EE, 0x8ACB, 0x79E8, 0x6926,
    0x6084, 0x5844, 0x5823, 0x5823, 0x5823, 0x5864, 0x5864, 0x6085, 0x60A5, 0x60A5, 0x60A5, 0x60A5, 0x60A5, 0x5864, 0x5864, 0x5824,
    0x5823, 0x5823, 0x5844, 0x6084, 0x6906, 0x79C8, 0x8AAA, 0x9BCE, 0xB4D0, 0xBD93, 0xC5D3, 0xBD72, 0xA46F, 0x8AEB, 0x6987, 0x5884,
    0x5003, 0x5003, 0x5023, 0x5864, 0x58C5, 0x5946, 0x59A7, 0x5966, 0x50A4, 0x5043, 0x5043, 0x5063, 0x5063, 0x4863, 0x4863, 0x4863,
    0x4863, 0x4843, 0x4843, 0x4843, 0x4843, 0x4043, 0x3084, 0x18C5, 0x18C5, 0x18C5, 0x18C5, 0x18C5, 0x18C5, 0x18C5, 0x18C5, 0x18C5,
    0x18C5, 0x18C5, 0x18C5, 0x18C5, 0x18C5, 0x18C5, 0x18C5, 0x18C5, 0x18C5, 0x18C5, 0x18C5, 0x18C5, 0x18C5, 0x18C5, 0x18C5, 0x18C5,
    0x18C5, 0x18C5, 0x18C5, 0x18C5, 0x18C5, 0x18C5, 0x18C5, 0x18C5, 0x18C5, 0x18C5, 0x18C5, 0x18C5, 0x18C5, 0x18C5, 0x18C5, 0x18C5,
    0x18C5, 0x18C5, 0x18C5, 0x18C5, 0x18C5, 0x18C5, 0x18C5, 0x18C5, 0x18C5, 0x18C5, 0x18C5, 0x18C5, 0x18C5, 0x18C5, 0x18C5, 0x18C5,
    0x18C5, 0x18C5, 0x18C5, 0x18C5, 0x18C5, 0x18C5, 0x18C5, 0x18C5, 0x18C5, 0x18C5, 0x18C5, 0x18C5, 0x18C5, 0x18C5, 0x18C5, 0x18C5,
    0x18C5, 0x18C5, 0x18C5, 0x18C5, 0x18C5, 0x18C5, 0x18C5, 0x18C5, 0x18C5, 0x18C5, 0x20A5, 0x3864, 0x4043, 0x4843, 0x4843, 0x4843,
    0x4843, 0x4863, 0x4863, 0x4863, 0x4863, 0x5063, 0x5064, 0x5043, 0x5023, 0x5063, 0x58E5, 0x5986, 0x5987, 0x5946, 0x58C5, 0x5864,
    0x5023, 0x5003, 0x5003, 0x5023, 0x58A4, 0x6967, 0x828A, 0x9BAD, 0xACB0, 0xBD52, 0xC5B3, 0xC5D3, 0xBD93, 0xBD31, 0xACB0, 0xA42F,
    0x9BCE, 0x932C, 0x932C, 0x8AAA, 0x826A, 0x826A, 0x826A, 0x826A, 0x828A, 0x932C, 0x932C, 0x9BAD, 0xA42F, 0xACB0, 0xB511, 0xBD92,
    0xC5D3, 0xC5D3, 0xBD72, 0xACD0, 0x9BCE, 0x82AA, 0x7187, 0x58A5, 0x5023, 0x5003, 0x5003, 0x5023, 0x5864, 0x58C5, 0x5946, 0x6186,
    0x5986, 0x5905, 0x5064, 0x5023, 0x5043, 0x5064, 0x5063, 0x4863, 0x4863, 0x4863, 0x4863, 0x4843, 0x4843, 0x4843, 0x4843, 0x4043,
    0x3864, 0x20A5, 0x18C5, 0x18C5, 0x18C5, 0x18C5, 0x18C5, 0x18C5, 0x18C5, 0x18C5, 0x18C5, 0x18C5, 0x18C5, 0x18C5, 0x18C5, 0x18C5,
    0x18C5, 0x18C5, 0x18C5, 0x18C5, 0x18C5, 0x18C5, 0x18C5, 0x18C5, 0x18C5, 0x18C5, 0x18C5, 0x18C5, 0x18C5, 0x18C5, 0x18C5, 0x18C5,
    0x18C5, 0x18C5, 0x18C5, 0x18C5, 0x18C5, 0x18C5, 0x18C5, 0x18C5, 0x18C5, 0x18C5, 0x18C5, 0x18C5, 0x18C5, 0x18C5, 0x18C5, 0x18C5,
    0x18C5, 0x18C5, 0x18C5, 0x18C5, 0x18C5, 0x18C5, 0x18C5, 0x18C5, 0x18C5, 0x18C5, 0x18C5, 0x18C5, 0x18C5, 0x18C5, 0x18C5, 0x18C5,
    0x18C5, 0x18C5, 0x18C5, 0x18C5, 0x18C5, 0x18C5, 0x18C5, 0x18C5, 0x18C5, 0x18C5, 0x18C5, 0x18C5, 0x18C5, 0x18C5, 0x18C5, 0x18C5,
    0x18C5, 0x18C5, 0x18C5, 0x18C5, 0x18C5, 0x18C5, 0x18C5, 0x18C5, 0x28A4, 0x3863, 0x4043, 0x4843, 0x4843, 0x4843, 0x4843, 0x4863,
    0x4863, 0x4863, 0x4863, 0x4863, 0x5063, 0x5063, 0x5043, 0x5023, 0x5084, 0x58E5, 0x5966, 0x61A7, 0x5966, 0x5905, 0x58A4, 0x5064,
    0x5023, 0x5003, 0x5003, 0x5003, 0x5043, 0x58A5, 0x6946, 0x71E8, 0x828A, 0x932C, 0x9BCE, 0xAC6F, 0xACB0, 0xB511, 0xB531, 0xBD72,
    0xBD92, 0xBD92, 0xBD92, 0xBD92, 0xBD72, 0xB531, 0xB531, 0xACD0, 0xAC6F, 0x9BEE, 0x934C, 0x82AA, 0x79E8, 0x6946, 0x58C5, 0x5043,
    0x5003, 0x5003, 0x5003, 0x5023, 0x5044, 0x58A4, 0x58E5, 0x5946, 0x61A7, 0x5986, 0x5905, 0x5084, 0x5043, 0x5043, 0x5063, 0x5064,
    0x4863, 0x4863, 0x4863, 0x4863, 0x4863, 0x4843, 0x4843, 0x4843, 0x4843, 0x4043, 0x3863, 0x28A4, 0x18C5, 0x18C5, 0x18C5, 0x18C5,
    0x18C5, 0x18C5, 0x18C5, 0x18C5, 0x18C5, 0x18C5, 0x18C5, 0x18C5, 0x18C5, 0x18C5, 0x18C5, 0x18C5, 0x18C5, 0x18C5, 0x18C5, 0x18C5,
    0x18C5, 0x18C5, 0x18C5, 0x18C5, 0x18C5, 0x18C5, 0x18C5, 0x18C5, 0x18C5, 0x18C5, 0x18C5, 0x18C5, 0x18C5, 0x18C5, 0x18C5, 0x18C5,
    0x18C5, 0x18C5, 0x18C5, 0x18C5, 0x18C5, 0x18C5, 0x18C5, 0x18C5, 0x18C5, 0x18C5, 0x18C5, 0x18C5, 0x18C5, 0x18C5, 0x18C5, 0x18C5,
    0x18C5, 0x18C5, 0x18C5, 0x18C5, 0x18C5, 0x18C5, 0x18C5, 0x18C5, 0x18C5, 0x18C5, 0x18C5, 0x18C5, 0x18C5, 0x18C5, 0x18C5, 0x18C5,
    0x18C5, 0x18C5, 0x18C5, 0x18C5, 0x18C5, 0x18C5, 0x18C5, 0x18C5, 0x18C5, 0x18C5, 0x18C5, 0x18C5, 0x18C5, 0x18C5, 0x18C5, 0x18C5,
    0x18C5, 0x18C5, 0x18C5, 0x18C5, 0x18C5, 0x18C5, 0x28A4, 0x3863, 0x4043, 0x4843, 0x4843, 0x4843, 0x4843, 0x4863, 0x4863, 0x4863,
    0x4863, 0x4863, 0x5063, 0x5064, 0x5043, 0x5043, 0x5043, 0x5064, 0x50C5, 0x5946, 0x5986, 0x5986, 0x5966, 0x5905, 0x58C5, 0x5884,
    0x5044, 0x5023, 0x5003, 0x5003, 0x5003, 0x5003, 0x5003, 0x5023, 0x5043, 0x5864, 0x5884, 0x58C5, 0x60C5, 0x60C5, 0x60C5, 0x60C5,
    0x60C5, 0x5884, 0x5864, 0x5043, 0x5023, 0x5003, 0x5003, 0x5003, 0x5003, 0x5003, 0x5023, 0x5044, 0x5884, 0x58C5, 0x5905, 0x5946,
    0x5986, 0x5986, 0x5946, 0x58E5, 0x5084, 0x5043, 0x5043, 0x5043, 0x5063, 0x5063, 0x4863, 0x4863, 0x4863, 0x4863, 0x4863, 0x4843,
    0x4843, 0x4843, 0x4843, 0x4043, 0x3863, 0x28A4, 0x18C5, 0x18C5, 0x18C5, 0x18C5, 0x18C5, 0x18C5, 0x18C5, 0x18C5, 0x18C5, 0x18C5,
    0x18C5, 0x18C5, 0x18C5, 0x18C5, 0x18C5, 0x18C5, 0x18C5, 0x18C5, 0x18C5, 0x18C5, 0x18C5, 0x18C5, 0x18C5, 0x18C5, 0x18C5, 0x18C5,
    0x18C5, 0x18C5, 0x18C5, 0x18C5, 0x18C5, 0x18C5, 0x18C5, 0x18C5, 0x18C5, 0x18C5, 0x18C5, 0x18C5, 0x18C5, 0x18C5, 0x18C5, 0x18C5,
    0x18C5, 0x18C5, 0x18C5, 0x18C5, 0x18C5, 0x18C5, 0x18C5, 0x18C5, 0x18C5, 0x18C5, 0x18C5, 0x18C5, 0x18C5, 0x18C5, 0x18C5, 0x18C5,
    0x18C5, 0x18C5, 0x18C5, 0x18C5, 0x18C5, 0x18C5, 0x18C5, 0x18C5, 0x18C5, 0x18C5, 0x18C5, 0x18C5, 0x18C5, 0x18C5, 0x18C5, 0x18C5,
    0x18C5, 0x18C5, 0x18C5, 0x18C5, 0x18C5, 0x18C5, 0x18C5, 0x18C5, 0x18C5, 0x18C5, 0x18C5, 0x18C5, 0x18C5, 0x18C5, 0x18C5, 0x18C5,
    0x18C5, 0x18C5, 0x18C5, 0x18C5, 0x28A4, 0x3863, 0x4043, 0x4843, 0x4843, 0x4843, 0x4843, 0x4843, 0x4863, 0x4863, 0x4863, 0x4863,
    0x4863, 0x4863, 0x5064, 0x5063, 0x5043, 0x5023, 0x5043, 0x5084, 0x58E5, 0x5946, 0x5986, 0x61A7, 0x6186, 0x5966, 0x5926, 0x5905,
    0x58C5, 0x58A4, 0x5884, 0x5064, 0x5044, 0x5043, 0x5043, 0x5023, 0x5023, 0x5023, 0x5023, 0x5023, 0x5023, 0x5023, 0x5043, 0x5044,
    0x5064, 0x5884, 0x58A4, 0x58C5, 0x58E5, 0x5926, 0x5966, 0x5986, 0x6187, 0x5986, 0x5946, 0x58E5, 0x5084, 0x5043, 0x5023, 0x5043,
    0x5043, 0x5063, 0x5063, 0x4863, 0x4863, 0x4863, 0x4863, 0x4863, 0x4843, 0x4843, 0x4843, 0x4843, 0x4843, 0x4043, 0x3863, 0x28A4,
    0x18C5, 0x18C5, 0x18C5, 0x18C5, 0x18C5, 0x18C5, 0x18C5, 0x18C5, 0x18C5, 0x18C5, 0x18C5, 0x18C5, 0x18C5, 0x18C5, 0x18C5, 0x18C5,
    0x18C5, 0x18C5, 0x18C5, 0x18C5, 0x18C5, 0x18C5, 0x18C5, 0x18C5, 0x18C5, 0x18C5, 0x18C5, 0x18C5, 0x18C5, 0x18C5, 0x18C5, 0x18C5,
    0x18C5, 0x18C5, 0x18C5, 0x18C5, 0x18C5, 0x18C5, 0x18C5, 0x18C5, 0x18C5, 0x18C5, 0x18C5, 0x18C5, 0x18C5, 0x18C5, 0x18C5, 0x18C5,
    0x18C5, 0x18C5, 0x18C5, 0x18C5, 0x18C5, 0x18C5, 0x18C5, 0x18C5, 0x18C5, 0x18C5, 0x18C5, 0x18C5, 0x18C5, 0x18C5, 0x18C5, 0x18C5,
    0x18C5, 0x18C5, 0x18C5, 0x18C5, 0x18C5, 0x18C5, 0x18C5, 0x18C5, 0x18C5, 0x18C5, 0x18C5, 0x18C5, 0x18C5, 0x18C5, 0x18C5, 0x18C5,
    0x18C5, 0x18C5, 0x18C5, 0x18C5, 0x18C5, 0x18C5, 0x18C5, 0x18C5, 0x18C5, 0x18C5, 0x18C5, 0x18C5, 0x18C5, 0x18C5, 0x18C5, 0x18C5,
    0x18C5, 0x18C5, 0x28A4, 0x3864, 0x4043, 0x4843, 0x4843, 0x4843, 0x4843, 0x4843, 0x4843, 0x4863, 0x4863, 0x4863, 0x4863, 0x4863,
    0x4863, 0x5063, 0x5063, 0x5043, 0x5043, 0x5023, 0x5043, 0x5064, 0x50A4, 0x50E5, 0x5905, 0x5946, 0x5966, 0x5986, 0x6186, 0x5987,
    0x6187, 0x6186, 0x5966, 0x5966, 0x5966, 0x5966, 0x5966, 0x5966, 0x5966, 0x5966, 0x5986, 0x6187, 0x6187, 0x5987, 0x5986, 0x5966,
    0x5946, 0x5925, 0x58E5, 0x50A4, 0x5064, 0x5043, 0x5023, 0x5043, 0x5043, 0x5063, 0x5063, 0x5063, 0x4863, 0x4863, 0x4863, 0x4863,
    0x4863, 0x4863, 0x4843, 0x4843, 0x4843, 0x4843, 0x4843, 0x4043, 0x3864, 0x28A4, 0x18C5, 0x18C5, 0x18C5, 0x18C5, 0x18C5, 0x18C5,
    0x18C5, 0x18C5, 0x18C5, 0x18C5, 0x18C5, 0x18C5, 0x18C5, 0x18C5, 0x18C5, 0x18C5, 0x18C5, 0x18C5, 0x18C5, 0x18C5, 0x18C5, 0x18C5,
    0x18C5, 0x18C5, 0x18C5, 0x18C5, 0x18C5, 0x18C5, 0x18C5, 0x18C5, 0x18C5, 0x18C5, 0x18C5, 0x18C5, 0x18C5, 0x18C5, 0x18C5, 0x18C5,
    0x18C5, 0x18C5, 0x18C5, 0x18C5, 0x18C5, 0x18C5, 0x18C5, 0x18C5, 0x18C5, 0x18C5, 0x18C5, 0x18C5, 0x18C5, 0x18C5, 0x18C5, 0x18C5,
    0x18C5, 0x18C5, 0x18C5, 0x18C5, 0x18C5, 0x18C5, 0x18C5, 0x18C5, 0x18C5, 0x18C5, 0x18C5, 0x18C5, 0x18C5, 0x18C5, 0x18C5, 0x18C5,
    0x18C5, 0x18C5, 0x18C5, 0x18C5, 0x18C5, 0x18C5, 0x18C5, 0x18C5, 0x18C5, 0x18C5, 0x18C5, 0x18C5, 0x18C5, 0x18C5, 0x18C5, 0x18C5,
    0x18C5, 0x18C5, 0x18C5, 0x18C5, 0x18C5, 0x18C5, 0x18C5, 0x18C5, 0x18C5, 0x18C5, 0x18C5, 0x18C5, 0x18C5, 0x18C5, 0x18C5, 0x18C5,
    0x20A5, 0x3084, 0x4063, 0x4043, 0x4843, 0x4843, 0x4843, 0x4843, 0x4843, 0x4843, 0x4863, 0x4863, 0x4863, 0x4863, 0x4863, 0x4863,
    0x4863, 0x5063, 0x5063, 0x5063, 0x5043, 0x5043, 0x5023, 0x5023, 0x5043, 0x5043, 0x5064, 0x5084, 0x5084, 0x50A4, 0x50A4, 0x50C5,
    0x50E5, 0x50E5, 0x50E5, 0x50E5, 0x50C5, 0x50A4, 0x50A4, 0x5084, 0x5084, 0x5064, 0x5043, 0x5043, 0x5023, 0x5023, 0x5043, 0x5043,
    0x5063, 0x5063, 0x5063, 0x4863, 0x4863, 0x4863, 0x4863, 0x4863, 0x4863, 0x4863, 0x4863, 0x4843, 0x4843, 0x4843, 0x4843, 0x4843,
    0x4043, 0x4063, 0x3084, 0x20A5, 0x18C5, 0x18C5, 0x18C5, 0x18C5, 0x18C5, 0x18C5, 0x18C5, 0x18C5, 0x18C5, 0x18C5, 0x18C5, 0x18C5,
    0x18C5, 0x18C5, 0x18C5, 0x18C5, 0x18C5, 0x18C5, 0x18C5, 0x18C5, 0x18C5, 0x18C5, 0x18C5, 0x18C5, 0x18C5, 0x18C5, 0x18C5, 0x18C5,
    0x18C5, 0x18C5, 0x18C5, 0x18C5, 0x18C5, 0x18C5, 0x18C5, 0x18C5, 0x18C5, 0x18C5, 0x18C5, 0x18C5, 0x18C5, 0x18C5, 0x18C5, 0x18C5,
    0x18C5, 0x18C5, 0x18C5, 0x18C5, 0x18C5, 0x18C5, 0x18C5, 0x18C5, 0x18C5, 0x18C5, 0x18C5, 0x18C5, 0x18C5, 0x18C5, 0x18C5, 0x18C5,
    0x18C5, 0x18C5, 0x18C5, 0x18C5, 0x18C5, 0x18C5, 0x18C5, 0x18C5, 0x18C5, 0x18C5, 0x18C5, 0x18C5, 0x18C5, 0x18C5, 0x18C5, 0x18C5,
    0x18C5, 0x18C5, 0x18C5, 0x18C5, 0x18C5, 0x18C5, 0x18C5, 0x18C5, 0x18C5, 0x18C5, 0x18C5, 0x18C5, 0x18C5, 0x18C5, 0x18C5, 0x18C5,
    0x18C5, 0x18C5, 0x18C5, 0x18C5, 0x18C5, 0x18C5, 0x18C5, 0x18C5, 0x18C5, 0x18C5, 0x18C5, 0x18C5, 0x18C5, 0x18C5, 0x18C5, 0x28A4,
    0x3863, 0x4043, 0x4843, 0x4843, 0x4843, 0x4843, 0x4843, 0x4843, 0x4843, 0x4863, 0x4863, 0x4863, 0x4863, 0x4863, 0x4863, 0x4863,
    0x4863, 0x4863, 0x4863, 0x5063, 0x5063, 0x5063, 0x5063, 0x5043, 0x5043, 0x5043, 0x5043, 0x5043, 0x5043, 0x5043, 0x5043, 0x5043,
    0x5043, 0x5043, 0x5043, 0x5043, 0x5043, 0x5063, 0x5063, 0x5063, 0x5063, 0x5063, 0x4863, 0x4863, 0x4863, 0x4863, 0x4863, 0x4863,
    0x4863, 0x4863, 0x4863, 0x4843, 0x4843, 0x4843, 0x4843, 0x4843, 0x4843, 0x4843, 0x4043, 0x3863, 0x28A4, 0x18C5, 0x18C5, 0x18C5,
    0x18C5, 0x18C5, 0x18C5, 0x18C5, 0x18C5, 0x18C5, 0x18C5, 0x18C5, 0x18C5, 0x18C5, 0x18C5, 0x18C5, 0x18C5, 0x18C5, 0x18C5, 0x18C5,
    0x18C5, 0x18C5, 0x18C5, 0x18C5, 0x18C5, 0x18C5, 0x18C5, 0x18C5, 0x18C5, 0x18C5, 0x18C5, 0x18C5, 0x18C5, 0x18C5, 0x18C5, 0x18C5,
    0x18C5, 0x18C5, 0x18C5, 0x18C5, 0x18C5, 0x18C5, 0x18C5, 0x18C5, 0x18C5, 0x18C5, 0x18C5, 0x18C5, 0x18C5, 0x18C5, 0x18C5, 0x18C5,
    0x18C5, 0x18C5, 0x18C5, 0x18C5, 0x18C5, 0x18C5, 0x18C5, 0x18C5, 0x18C5, 0x18C5, 0x18C5, 0x18C5, 0x18C5, 0x18C5, 0x18C5, 0x18C5,
    0x18C5, 0x18C5, 0x18C5, 0x18C5, 0x18C5, 0x18C5, 0x18C5, 0x18C5, 0x18C5, 0x18C5, 0x18C5, 0x18C5, 0x18C5, 0x18C5, 0x18C5, 0x18C5,
    0x18C5, 0x18C5, 0x18C5, 0x18C5, 0x18C5, 0x18C5, 0x18C5, 0x18C5, 0x18C5, 0x18C5, 0x18C5, 0x18C5, 0x18C5, 0x18C5, 0x18C5, 0x18C5,
    0x18C5, 0x18C5, 0x18C5, 0x18C5, 0x18C5, 0x18C5, 0x18C5, 0x18C5, 0x18C5, 0x18C5, 0x18C5, 0x18C5, 0x18C5, 0x20C5, 0x2884, 0x3863,
    0x4043, 0x4843, 0x4843, 0x4843, 0x4843, 0x4843, 0x4843, 0x4843, 0x4843, 0x4843, 0x4863, 0x4863, 0x4863, 0x4863, 0x4863, 0x4863,
    0x4863, 0x4863, 0x4863, 0x4863, 0x4863, 0x4863, 0x4863, 0x4863, 0x4863, 0x4863, 0x4863, 0x4863, 0x4863, 0x4863, 0x4863, 0x4863,
    0x4863, 0x4863, 0x4863, 0x4863, 0x4863, 0x4863, 0x4863, 0x4863, 0x4863, 0x4863, 0x4843, 0x4843, 0x4843, 0x4843, 0x4843, 0x4843,
    0x4843, 0x4843, 0x4843, 0x4043, 0x3863, 0x2884, 0x20C5, 0x18C5, 0x18C5, 0x18C5, 0x18C5, 0x18C5, 0x18C5, 0x18C5, 0x18C5, 0x18C5,
    0x18C5, 0x18C5, 0x18C5, 0x18C5, 0x18C5, 0x18C5, 0x18C5, 0x18C5, 0x18C5, 0x18C5, 0x18C5, 0x18C5, 0x18C5, 0x18C5, 0x18C5, 0x18C5,
    0x18C5, 0x18C5, 0x18C5, 0x18C5, 0x18C5, 0x18C5, 0x18C5, 0x18C5, 0x18C5, 0x18C5, 0x18C5, 0x18C5, 0x18C5, 0x18C5, 0x18C5, 0x18C5,
    0x18C5, 0x18C5, 0x18C5, 0x18C5, 0x18C5, 0x18C5, 0x18C5, 0x18C5, 0x18C5, 0x18C5, 0x18C5, 0x18C5, 0x18C5, 0x18C5, 0x18C5, 0x18C5,
    0x18C5, 0x18C5, 0x18C5, 0x18C5, 0x18C5, 0x18C5, 0x18C5, 0x18C5, 0x18C5, 0x18C5, 0x18C5, 0x18C5, 0x18C5, 0x18C5, 0x18C5, 0x18C5,
    0x18C5, 0x18C5, 0x18C5, 0x18C5, 0x18C5, 0x18C5, 0x18C5, 0x18C5, 0x18C5, 0x18C5, 0x18C5, 0x18C5, 0x18C5, 0x18C5, 0x18C5, 0x18C5,
    0x18C5, 0x18C5, 0x18C5, 0x18C5, 0x18C5, 0x18C5, 0x18C5, 0x18C5, 0x18C5, 0x18C5, 0x18C5, 0x18C5, 0x18C5, 0x18C5, 0x18C5, 0x18C5,
    0x18C5, 0x18C5, 0x18C5, 0x18C5, 0x18C5, 0x18C5, 0x18C5, 0x18C5, 0x18C5, 0x18C5, 0x18C5, 0x18C5, 0x20C5, 0x2884, 0x3884, 0x4063,
    0x4043, 0x4843, 0x4843, 0x4843, 0x4843, 0x4843, 0x4843, 0x4843, 0x4843, 0x4843, 0x4843, 0x4843, 0x4863, 0x4863, 0x4863, 0x4863,
    0x4863, 0x4863, 0x4863, 0x4863, 0x4863, 0x4863, 0x4863, 0x4863, 0x4863, 0x4863, 0x4863, 0x4863, 0x4863, 0x4863, 0x4863, 0x4863,
    0x4843, 0x4843, 0x4843, 0x4843, 0x4843, 0x4843, 0x4843, 0x4843, 0x4843, 0x4843, 0x4843, 0x4043, 0x4063, 0x3884, 0x2884, 0x20C5,
    0x18C5, 0x18C5, 0x18C5, 0x18C5, 0x18C5, 0x18C5, 0x18C5, 0x18C5, 0x18C5, 0x18C5, 0x18C5, 0x18C5, 0x18C5, 0x18C5, 0x18C5, 0x18C5,
    0x18C5, 0x18C5, 0x18C5, 0x18C5, 0x18C5, 0x18C5, 0x18C5, 0x18C5, 0x18C5, 0x18C5, 0x18C5, 0x18C5, 0x18C5, 0x18C5, 0x18C5, 0x18C5,
    0x18C5, 0x18C5, 0x18C5, 0x18C5, 0x18C5, 0x18C5, 0x18C5, 0x18C5, 0x18C5, 0x18C5, 0x18C5, 0x18C5, 0x18C5, 0x18C5, 0x18C5, 0x18C5,
    0x18C5, 0x18C5, 0x18C5, 0x18C5, 0x18C5, 0x18C5, 0x18C5, 0x18C5, 0x18C5, 0x18C5, 0x18C5, 0x18C5, 0x18C5, 0x18C5, 0x18C5, 0x18C5,
    0x18C5, 0x18C5, 0x18C5, 0x18C5, 0x18C5, 0x18C5, 0x18C5, 0x18C5, 0x18C5, 0x18C5, 0x18C5, 0x18C5, 0x18C5, 0x18C5, 0x18C5, 0x18C5,
    0x18C5, 0x18C5, 0x18C5, 0x18C5, 0x18C5, 0x18C5, 0x18C5, 0x18C5, 0x18C5, 0x18C5, 0x18C5, 0x18C5, 0x18C5, 0x18C5, 0x18C5, 0x18C5,
    0x18C5, 0x18C5, 0x18C5, 0x18C5, 0x18C5, 0x18C5, 0x18C5, 0x18C5, 0x18C5, 0x18C5, 0x18C5, 0x18C5, 0x18C5, 0x18C5, 0x18C5, 0x18C5,
    0x18C5, 0x18C5, 0x18C5, 0x18C5, 0x18C5, 0x18C5, 0x18C5, 0x18C5, 0x18C5, 0x18C5, 0x18C5, 0x18C5, 0x20A5, 0x3084, 0x3864, 0x4063,
    0x4043, 0x4043, 0x4843, 0x4843, 0x4843, 0x4843, 0x4843, 0x4843, 0x4843, 0x4843, 0x4843, 0x4843, 0x4843, 0x4843, 0x4843, 0x4843,
    0x4843, 0x4843, 0x4843, 0x4843, 0x4843, 0x4843, 0x4843, 0x4843, 0x4843, 0x4843, 0x4843, 0x4843, 0x4843, 0x4843, 0x4843, 0x4843,
    0x4843, 0x4843, 0x4043, 0x4043, 0x4063, 0x3864, 0x3084, 0x20A5, 0x18C5, 0x18C5, 0x18C5, 0x18C5, 0x18C5, 0x18C5, 0x18C5, 0x18C5,
    0x18C5, 0x18C5, 0x18C5, 0x18C5, 0x18C5, 0x18C5, 0x18C5, 0x18C5, 0x18C5, 0x18C5, 0x18C5, 0x18C5, 0x18C5, 0x18C5, 0x18C5, 0x18C5,
    0x18C5, 0x18C5, 0x18C5, 0x18C5, 0x18C5, 0x18C5, 0x18C5, 0x18C5, 0x18C5, 0x18C5, 0x18C5, 0x18C5, 0x18C5, 0x18C5, 0x18C5, 0x18C5,
    0x18C5, 0x18C5, 0x18C5, 0x18C5, 0x18C5, 0x18C5, 0x18C5, 0x18C5, 0x18C5, 0x18C5, 0x18C5, 0x18C5, 0x18C5, 0x18C5, 0x18C5, 0x18C5,
    0x18C5, 0x18C5, 0x18C5, 0x18C5, 0x18C5, 0x18C5, 0x18C5, 0x18C5, 0x18C5, 0x18C5, 0x18C5, 0x18C5, 0x18C5, 0x18C5, 0x18C5, 0x18C5,
    0x18C5, 0x18C5, 0x18C5, 0x18C5, 0x18C5, 0x18C5, 0x18C5, 0x18C5, 0x18C5, 0x18C5, 0x18C5, 0x18C5, 0x18C5, 0x18C5, 0x18C5, 0x18C5,
    0x18C5, 0x18C5, 0x18C5, 0x18C5, 0x18C5, 0x18C5, 0x18C5, 0x18C5, 0x18C5, 0x18C5, 0x18C5, 0x18C5, 0x18C5, 0x18C5, 0x18C5, 0x18C5,
    0x18C5, 0x18C5, 0x18C5, 0x18C5, 0x18C5, 0x18C5, 0x18C5, 0x18C5, 0x18C5, 0x18C5, 0x18C5, 0x18C5, 0x18C5, 0x18C5, 0x18C5, 0x18C5,
    0x18C5, 0x18C5, 0x18C5, 0x18C5, 0x18C5, 0x18C5, 0x18C5, 0x18C5, 0x18C5, 0x18C5, 0x18C5, 0x18C5, 0x20A5, 0x28A4, 0x3084, 0x3864,
    0x4063, 0x4063, 0x4043, 0x4043, 0x4843, 0x4843, 0x4843, 0x4843, 0x4843, 0x4843, 0x4843, 0x4843, 0x4843, 0x4843, 0x4843, 0x4843,
    0x4843, 0x4843, 0x4843, 0x4843, 0x4843, 0x4843, 0x4843, 0x4843, 0x4043, 0x4043, 0x4063, 0x4063, 0x3864, 0x3084, 0x28A4, 0x20A5,
    0x18C5, 0x18C5, 0x18C5, 0x18C5, 0x18C5, 0x18C5, 0x18C5, 0x18C5, 0x18C5, 0x18C5, 0x18C5, 0x18C5, 0x18C5, 0x18C5, 0x18C5, 0x18C5,
    0x18C5, 0x18C5, 0x18C5, 0x18C5, 0x18C5, 0x18C5, 0x18C5, 0x18C5, 0x18C5, 0x18C5, 0x18C5, 0x18C5, 0x18C5, 0x18C5, 0x18C5, 0x18C5,
    0x18C5, 0x18C5, 0x18C5, 0x18C5, 0x18C5, 0x18C5, 0x18C5, 0x18C5, 0x18C5, 0x18C5, 0x18C5, 0x18C5, 0x18C5, 0x18C5, 0x18C5, 0x18C5,
    0x18C5, 0x18C5, 0x18C5, 0x18C5, 0x18C5, 0x18C5, 0x18C5, 0x18C5, 0x18C5, 0x18C5, 0x18C5, 0x18C5, 0x18C5, 0x18C5, 0x18C5, 0x18C5,
    0x18C5, 0x18C5, 0x18C5, 0x18C5, 0x18C5, 0x18C5, 0x18C5, 0x18C5, 0x18C5, 0x18C5, 0x18C5, 0x18C5, 0x18C5, 0x18C5, 0x18C5, 0x18C5,
    0x18C5, 0x18C5, 0x18C5, 0x18C5, 0x18C5, 0x18C5, 0x18C5, 0x18C5, 0x18C5, 0x18C5, 0x18C5, 0x18C5, 0x18C5, 0x18C5, 0x18C5, 0x18C5,
    0x18C5, 0x18C5, 0x18C5, 0x18C5, 0x18C5, 0x18C5, 0x18C5, 0x18C5, 0x18C5, 0x18C5, 0x18C5, 0x18C5, 0x18C5, 0x18C5, 0x18C5, 0x18C5,
    0x18C5, 0x18C5, 0x18C5, 0x18C5, 0x18C5, 0x18C5, 0x18C5, 0x18C5, 0x18C5, 0x18C5, 0x18C5, 0x18C5, 0x18C5, 0x18C5, 0x18C5, 0x18C5,
    0x18C5, 0x18C5, 0x18C5, 0x18C5, 0x18C5, 0x18C5, 0x18C5, 0x18C5, 0x18C5, 0x18C5, 0x18C5, 0x18C5, 0x18C5, 0x18C5, 0x20A5, 0x28A5,
    0x3084, 0x3084, 0x3863, 0x3863, 0x3863, 0x4063, 0x4043, 0x4043, 0x4043, 0x4043, 0x4043, 0x4043, 0x4043, 0x4043, 0x4063, 0x3863,
    0x3863, 0x3863, 0x3084, 0x3084, 0x28A5, 0x20A5, 0x18C5, 0x18C5, 0x18C5, 0x18C5, 0x18C5, 0x18C5, 0x18C5, 0x18C5, 0x18C5, 0x18C5,
    0x18C5, 0x18C5, 0x18C5, 0x18C5, 0x18C5, 0x18C5, 0x18C5, 0x18C5, 0x18C5, 0x18C5, 0x18C5, 0x18C5, 0x18C5, 0x18C5, 0x18C5, 0x18C5,
    0x18C5, 0x18C5, 0x18C5, 0x18C5, 0x18C5, 0x18C5, 0x18C5, 0x18C5, 0x18C5, 0x18C5, 0x18C5, 0x18C5, 0x18C5, 0x18C5, 0x18C5, 0x18C5,
    0x18C5, 0x18C5, 0x18C5, 0x18C5, 0x18C5, 0x18C5, 0x18C5, 0x18C5, 0x18C5, 0x18C5, 0x18C5, 0x18C5, 0x18C5, 0x18C5, 0x18C5, 0x18C5,
    0x18C5, 0x18C5, 0x18C5, 0x18C5, 0x18C5, 0x18C5, 0x18C5, 0x18C5, 0x18C5, 0x18C5, 0x18C5, 0x18C5, 0x18C5, 0x18C5, 0x18C5, 0x18C5,
};
