// flavor_2 - 172x320 RGB565 bitmap
// Auto-generated from flavor_2.png by tools/png_to_rgb565.py
#pragma once

#include <Arduino.h>

const uint16_t flavor1_faucet[172 * 320] PROGMEM = {
    0x9DAC, 0x9DAC, 0x9DAC, 0x9DAB, 0x9DAB, 0x9DAB, 0x9DAB, 0x9DAB, 0x9DAB, 0x9DAB, 0x9DAB, 0x9DAB, 0x9DAB, 0x9D8B, 0x958B, 0x958B,
    0x958B, 0x958B, 0x958B, 0x958B, 0x958B, 0x958B, 0x958B, 0x958B, 0x958B, 0x958B, 0x958B, 0x958B, 0x958B, 0x958B, 0x8D8B, 0x8D8B,
    0x8D8A, 0x8D8A, 0x8D8A, 0x8D8A, 0x8D8A, 0x8D8A, 0x8D8A, 0x8D8A, 0x8D8A, 0x8D6A, 0x8D6A, 0x8D6A, 0x8D6A, 0x8D6A, 0x8D6A, 0x856A,
    0x856A, 0x856A, 0x856A, 0x856A, 0x856A, 0x856A, 0x856A, 0x856A, 0x856A, 0x856A, 0x856A, 0x856A, 0x856A, 0x856A, 0x7D6A, 0x7D69,
    0x7D49, 0x7D49, 0x7D49, 0x7D49, 0x7D49, 0x7D49, 0x7D49, 0x7D49, 0x7D49, 0x7D49, 0x7D49, 0x7D49, 0x7D49, 0x7D49, 0x7549, 0x7549,
    0x7549, 0x7549, 0x7549, 0x7549, 0x7549, 0x7549, 0x7549, 0x7549, 0x7549, 0x7549, 0x7549, 0x7549, 0x7529, 0x7529, 0x7529, 0x6D28,
    0x6D28, 0x6D28, 0x6D28, 0x6D28, 0x6D28, 0x6D28, 0x6D28, 0x6D28, 0x6D28, 0x6D28, 0x6D28, 0x6D28, 0x6D28, 0x6D28, 0x6D28, 0x6D28,
    0x6528, 0x6528, 0x6528, 0x6508, 0x6508, 0x6508, 0x6508, 0x6508, 0x6508, 0x6508, 0x6508, 0x6508, 0x6508, 0x6508, 0x6508, 0x6507,
    0x5D07, 0x5D07, 0x5D07, 0x5D07, 0x5D07, 0x5D07, 0x5D07, 0x5D07, 0x5D07, 0x5D07, 0x5CE7, 0x5CE7, 0x5CE7, 0x5CE7, 0x5CE7, 0x54E7,
    0x54E7, 0x54E7, 0x54E7, 0x54E7, 0x54E7, 0x54E7, 0x54E7, 0x54E7, 0x54E7, 0x54E7, 0x54E7, 0x54E7, 0x54E7, 0x54E7, 0x54E7, 0x54C7,
    0x4CC7, 0x4CC7, 0x4CC7, 0x4CC7, 0x4CC7, 0x4CC7, 0x4CC7, 0x4CC7, 0x4CC7, 0x4CC7, 0x4CC7, 0x4CC7, 0x9DAC, 0x9DAB, 0x9DAB, 0x9DAB,
    0x9DAB, 0x9DAB, 0x9DAB, 0x9DAB, 0x9DAB, 0x9DAB, 0x9DAB, 0x9DAB, 0x9D8B, 0x958B, 0x958B, 0x958B, 0x958B, 0x958B, 0x958B, 0x958B,
    0x958B, 0x958B, 0x958B, 0x958B, 0x958B, 0x958B, 0x958B, 0x958B, 0x958B, 0x8D8B, 0x8D8A, 0x8D8A, 0x8D8A, 0x8D8A, 0x8D8A, 0x8D8A,
    0x8D8A, 0x8D8A, 0x8D8A, 0x8D8A, 0x8D6A, 0x8D6A, 0x8D6A, 0x8D6A, 0x8D6A, 0x856A, 0x856A, 0x856A, 0x856A, 0x856A, 0x856A, 0x856A,
    0x856A, 0x856A, 0x856A, 0x856A, 0x856A, 0x856A, 0x856A, 0x856A, 0x7D6A, 0x7D6A, 0x7D69, 0x7D49, 0x7D49, 0x7D49, 0x7D69, 0x7D49,
    0x7D49, 0x7D49, 0x7D49, 0x7D49, 0x7D49, 0x7D69, 0x7D69, 0x7D69, 0x7D69, 0x7D49, 0x7D49, 0x7D49, 0x7549, 0x7549, 0x7549, 0x7549,
    0x7549, 0x7549, 0x7549, 0x7549, 0x7549, 0x7549, 0x7549, 0x7549, 0x7549, 0x7549, 0x7549, 0x7549, 0x7549, 0x6D48, 0x6D48, 0x6D48,
    0x6D28, 0x6D28, 0x6D28, 0x6D28, 0x6D28, 0x6D28, 0x6D28, 0x6D28, 0x6D28, 0x6D28, 0x6528, 0x6528, 0x6528, 0x6508, 0x6508, 0x6508,
    0x6508, 0x6508, 0x6508, 0x6508, 0x6508, 0x6508, 0x6508, 0x6508, 0x6508, 0x6508, 0x6507, 0x5D07, 0x5D07, 0x5D07, 0x5D07, 0x5D07,
    0x5D07, 0x5D07, 0x5D07, 0x5D07, 0x5D07, 0x5CE7, 0x5CE7, 0x5CE7, 0x5CE7, 0x5CE7, 0x54E7, 0x54E7, 0x54E7, 0x54E7, 0x54E7, 0x54E7,
    0x54E7, 0x54E7, 0x54E7, 0x54E7, 0x54E7, 0x54E7, 0x54E7, 0x54E7, 0x54E7, 0x54C7, 0x54C7, 0x4CC7, 0x4CC7, 0x4CC7, 0x4CC7, 0x4CC7,
    0x4CC7, 0x4CC7, 0x4CC7, 0x4CC7, 0x4CC7, 0x4CC7, 0x4CC7, 0x4CC7, 0x9DAB, 0x9DAB, 0x9DAB, 0x9DAB, 0x9DAB, 0x9DAB, 0x9DAB, 0x9DAB,
    0x9DAB, 0x9DAB, 0x9DAB, 0x9D8B, 0x958B, 0x958B, 0x958B, 0x958B, 0x958B, 0x958B, 0x958B, 0x958B, 0x958B, 0x958B, 0x958B, 0x958B,
    0x958B, 0x958B, 0x958B, 0x958B, 0x8D8B, 0x8D8A, 0x8D8A, 0x8D8A, 0x8D8A, 0x8D8A, 0x8D8A, 0x8D8A, 0x8D8A, 0x8D8A, 0x8D6A, 0x8D6A,
    0x8D6A, 0x8D6A, 0x8D6A, 0x8D6A, 0x856A, 0x856A, 0x856A, 0x856A, 0x856A, 0x856A, 0x856A, 0x856A, 0x856A, 0x856A, 0x856A, 0x856A,
    0x856A, 0x856A, 0x856A, 0x856A, 0x7D6A, 0x7D6A, 0x7D6A, 0x7D6A, 0x7D69, 0x7D69, 0x7D69, 0x7D69, 0x7D69, 0x7D69, 0x7D69, 0x7D69,
    0x7D69, 0x7D69, 0x7D69, 0x7D69, 0x7D69, 0x7D69, 0x7D69, 0x7D69, 0x7D69, 0x7D49, 0x7569, 0x7549, 0x7569, 0x7549, 0x7549, 0x7549,
    0x7549, 0x7549, 0x7549, 0x7549, 0x7549, 0x7549, 0x7549, 0x7549, 0x7549, 0x6D49, 0x6D48, 0x6D48, 0x6D28, 0x6D48, 0x6D48, 0x6D48,
    0x6D28, 0x6D28, 0x6D28, 0x6D28, 0x6D28, 0x6D28, 0x6528, 0x6528, 0x6528, 0x6508, 0x6508, 0x6508, 0x6508, 0x6508, 0x6508, 0x6508,
    0x6508, 0x6508, 0x6508, 0x6508, 0x6508, 0x6507, 0x5D07, 0x5D07, 0x5D07, 0x5D07, 0x5D07, 0x5D07, 0x5D07, 0x5D07, 0x5D07, 0x5CE7,
    0x5CE7, 0x5CE7, 0x5CE7, 0x5CE7, 0x54E7, 0x54E7, 0x54E7, 0x54E7, 0x54E7, 0x54E7, 0x54E7, 0x54E7, 0x54E7, 0x54E7, 0x54E7, 0x54E7,
    0x54E7, 0x54E7, 0x54E7, 0x54E7, 0x54C7, 0x54C7, 0x4CC7, 0x4CC7, 0x4CC7, 0x4CC7, 0x4CC7, 0x4CC7, 0x4CC7, 0x4CC7, 0x4CC7, 0x4CC7,
    0x4CC7, 0x4CC7, 0x4CA7, 0x4CA7, 0x9DAB, 0x9DAB, 0x9DAB, 0x9DAB, 0x9DAB, 0x9DAB, 0x9DAB, 0x9DAB, 0x9DAB, 0x9DAB, 0x9D8B, 0x958B,
    0x958B, 0x958B, 0x958B, 0x958B, 0x958B, 0x958B, 0x958B, 0x958B, 0x958B, 0x958B, 0x958B, 0x958B, 0x958B, 0x958B, 0x958B, 0x8D8B,
    0x8D8A, 0x8D8A, 0x8D8A, 0x8D8A, 0x8D8A, 0x8D8A, 0x8D8A, 0x8D8A, 0x8D8A, 0x8D8A, 0x8D6A, 0x8D6A, 0x8D6A, 0x8D6A, 0x8D6A, 0x856A,
    0x856A, 0x856A, 0x856A, 0x856A, 0x856A, 0x856A, 0x856A, 0x856A, 0x856A, 0x856A, 0x856A, 0x856A, 0x856A, 0x856A, 0x856A, 0x856A,
    0x856A, 0x856A, 0x856A, 0x7D6A, 0x7D6A, 0x7D6A, 0x7D69, 0x7D69, 0x7D69, 0x7D69, 0x7D69, 0x7D69, 0x7D69, 0x7D69, 0x7D69, 0x7D69,
    0x7D69, 0x7D69, 0x7D69, 0x7D69, 0x7D69, 0x7569, 0x7569, 0x7569, 0x7569, 0x7569, 0x7569, 0x7569, 0x7549, 0x7549, 0x7549, 0x7549,
    0x7549, 0x7549, 0x7549, 0x7549, 0x7549, 0x6D49, 0x6D48, 0x6D48, 0x6D48, 0x6D48, 0x6D48, 0x6D48, 0x6D48, 0x6D28, 0x6D28, 0x6D28,
    0x6D28, 0x6D28, 0x6528, 0x6528, 0x6528, 0x6528, 0x6528, 0x6528, 0x6528, 0x6508, 0x6508, 0x6508, 0x6508, 0x6508, 0x6508, 0x6508,
    0x6507, 0x5D07, 0x5D07, 0x5D07, 0x5D07, 0x5D07, 0x5D07, 0x5D07, 0x5D07, 0x5D07, 0x5D07, 0x5CE7, 0x5CE7, 0x5CE7, 0x5CE7, 0x5CE7,
    0x54E7, 0x54E7, 0x54E7, 0x54E7, 0x54E7, 0x54E7, 0x54E7, 0x54E7, 0x54E7, 0x54E7, 0x54E7, 0x54E7, 0x54E7, 0x54E7, 0x54E7, 0x54C7,
    0x54C7, 0x4CC7, 0x4CC7, 0x4CC7, 0x4CC7, 0x4CC7, 0x4CC7, 0x4CC7, 0x4CC7, 0x4CC7, 0x4CC7, 0x4CC7, 0x4CC7, 0x4CC7, 0x4CA7, 0x4CA7,
    0x9DAB, 0x9DAB, 0x9DAB, 0x9DAB, 0x9DAB, 0x9DAB, 0x9DAB, 0x9DAB, 0x9DAB, 0x9D8B, 0x958B, 0x958B, 0x958B, 0x958B, 0x958B, 0x958B,
    0x958B, 0x958B, 0x958B, 0x958B, 0x958B, 0x958B, 0x958B, 0x958B, 0x958B, 0x958B, 0x8D8B, 0x8D8A, 0x8D8A, 0x8D8A, 0x8D8A, 0x8D8A,
    0x8D8A, 0x8D8A, 0x8D8A, 0x8D8A, 0x8D8A, 0x8D6A, 0x8D6A, 0x8D6A, 0x8D6A, 0x8D6A, 0x856A, 0x856A, 0x856A, 0x856A, 0x856A, 0x856A,
    0x856A, 0x856A, 0x856A, 0x856A, 0x856A, 0x856A, 0x856A, 0x856A, 0x856A, 0x856A, 0x856A, 0x858A, 0x856A, 0x856A, 0x856A, 0x858A,
    0x856A, 0x7D6A, 0x7D6A, 0x7D6A, 0x7D69, 0x7D6A, 0x7D69, 0x7D69, 0x7D69, 0x7D69, 0x7D69, 0x7D69, 0x7D69, 0x7D69, 0x7D69, 0x7D69,
    0x7D69, 0x7D69, 0x7D69, 0x7569, 0x7569, 0x7569, 0x7569, 0x7569, 0x7569, 0x7569, 0x7569, 0x7569, 0x7569, 0x7569, 0x7569, 0x7549,
    0x7549, 0x7549, 0x6D49, 0x6D49, 0x6D48, 0x6D48, 0x6D48, 0x6D48, 0x6D48, 0x6D48, 0x6D48, 0x6D48, 0x6D48, 0x6D28, 0x6D28, 0x6528,
    0x6528, 0x6528, 0x6528, 0x6528, 0x6528, 0x6528, 0x6528, 0x6528, 0x6508, 0x6508, 0x6508, 0x6507, 0x5D07, 0x5D07, 0x5D07, 0x5D07,
    0x5D07, 0x5D07, 0x5D07, 0x5D07, 0x5D07, 0x5CE7, 0x5CE7, 0x5CE7, 0x5CE7, 0x5CE7, 0x5CE7, 0x54E7, 0x54E7, 0x54E7, 0x54E7, 0x54E7,
    0x54E7, 0x54E7, 0x54E7, 0x54E7, 0x54E7, 0x54E7, 0x54E7, 0x54E7, 0x54E7, 0x54E7, 0x54C7, 0x54C7, 0x4CC7, 0x4CC7, 0x4CC7, 0x4CC7,
    0x4CC7, 0x4CC7, 0x4CC7, 0x4CC7, 0x4CC7, 0x4CC7, 0x4CC7, 0x4CC7, 0x4CC7, 0x4CA7, 0x4CA7, 0x4CA7, 0x9DAB, 0x9DAB, 0x9DAB, 0x9DAB,
    0x9DAB, 0x9DAB, 0x9DAB, 0x9DAB, 0x9DAB, 0x958B, 0x958B, 0x958B, 0x958B, 0x958B, 0x958B, 0x958B, 0x958B, 0x958B, 0x958B, 0x958B,
    0x958B, 0x958B, 0x958B, 0x958B, 0x958B, 0x8D8B, 0x8D8B, 0x8D8A, 0x8D8A, 0x8D8A, 0x8D8A, 0x8D8A, 0x8D8A, 0x8D8A, 0x8D8A, 0x8D8A,
    0x8D6A, 0x8D6A, 0x8D6A, 0x8D6A, 0x8D6A, 0x8D6A, 0x856A, 0x856A, 0x856A, 0x856A, 0x856A, 0x856A, 0x856A, 0x856A, 0x856A, 0x856A,
    0x856A, 0x856A, 0x856A, 0x856A, 0x858A, 0x858A, 0x858A, 0x856A, 0x858A, 0x858A, 0x858A, 0x858A, 0x858A, 0x858A, 0x7D8A, 0x7D8A,
    0x7D6A, 0x7D6A, 0x7D89, 0x7D8A, 0x7D89, 0x7D69, 0x7D69, 0x7D69, 0x7D69, 0x7D69, 0x7D69, 0x7D69, 0x7D69, 0x7D69, 0x7D69, 0x7569,
    0x7569, 0x7569, 0x7569, 0x7569, 0x7569, 0x7569, 0x7569, 0x7569, 0x7569, 0x7569, 0x7569, 0x7569, 0x7549, 0x6D49, 0x6D49, 0x6D48,
    0x6D48, 0x6D48, 0x6D48, 0x6D48, 0x6D48, 0x6D48, 0x6D48, 0x6D48, 0x6D48, 0x6D48, 0x6D28, 0x6528, 0x6528, 0x6528, 0x6528, 0x6528,
    0x6528, 0x6528, 0x6528, 0x6528, 0x6508, 0x6508, 0x6508, 0x5D07, 0x5D07, 0x5D07, 0x5D07, 0x5D07, 0x5D07, 0x5D07, 0x5D07, 0x5D07,
    0x5D07, 0x5CE7, 0x5CE7, 0x5CE7, 0x5CE7, 0x5CE7, 0x54E7, 0x54E7, 0x54E7, 0x54E7, 0x54E7, 0x54E7, 0x54E7, 0x54E7, 0x54E7, 0x54E7,
    0x54E7, 0x54E7, 0x54E7, 0x54E7, 0x54E7, 0x54E7, 0x54C7, 0x4CC7, 0x4CC7, 0x4CC7, 0x4CC7, 0x4CC7, 0x4CC7, 0x4CC7, 0x4CC7, 0x4CC7,
    0x4CC7, 0x4CC7, 0x4CC7, 0x4CC7, 0x4CA7, 0x4CA7, 0x4CA7, 0x4CA7, 0x9DAB, 0x9DAB, 0x9DAB, 0x9DAB, 0x9DAB, 0x9DAB, 0x9DAB, 0x9D8B,
    0x958B, 0x958B, 0x958B, 0x958B, 0x958B, 0x958B, 0x958B, 0x958B, 0x958B, 0x958B, 0x958B, 0x958B, 0x958B, 0x958B, 0x958B, 0x958B,
    0x8D8B, 0x8D8A, 0x8D8A, 0x8D8A, 0x8D8A, 0x8D8A, 0x8D8A, 0x8D8A, 0x8D8A, 0x8D8A, 0x8D8A, 0x8D6A, 0x8D6A, 0x8D6A, 0x8D6A, 0x8D6A,
    0x856A, 0x856A, 0x856A, 0x856A, 0x856A, 0x856A, 0x856A, 0x858A, 0x858A, 0x856A, 0x858A, 0x858A, 0x858A, 0x858A, 0x858A, 0x858A,
    0x858A, 0x858A, 0x858A, 0x858A, 0x858A, 0x858A, 0x858A, 0x858A, 0x858A, 0x858A, 0x7D8A, 0x7D8A, 0x7D8A, 0x7D8A, 0x7D8A, 0x7D8A,
    0x7D89, 0x7D89, 0x7D89, 0x7D89, 0x7D89, 0x7D89, 0x7D89, 0x7D89, 0x7D89, 0x7D69, 0x7D69, 0x7D69, 0x7569, 0x7569, 0x7569, 0x7569,
    0x7569, 0x7569, 0x7569, 0x7569, 0x7569, 0x7569, 0x7569, 0x7569, 0x7569, 0x7569, 0x6D69, 0x6D69, 0x6D68, 0x6D68, 0x6D68, 0x6D68,
    0x6D48, 0x6D48, 0x6D48, 0x6D48, 0x6D48, 0x6D48, 0x6D48, 0x6D48, 0x6548, 0x6548, 0x6528, 0x6528, 0x6528, 0x6528, 0x6528, 0x6528,
    0x6528, 0x6528, 0x6528, 0x6508, 0x5D07, 0x5D07, 0x5D07, 0x5D07, 0x5D07, 0x5D07, 0x5D07, 0x5D07, 0x5CE7, 0x5CE7, 0x5CE7, 0x5CE7,
    0x5CE7, 0x54E7, 0x54E7, 0x54E7, 0x54E7, 0x54E7, 0x54E7, 0x54E7, 0x54E7, 0x54E7, 0x54E7, 0x54E7, 0x54E7, 0x54E7, 0x54E7, 0x54E7,
    0x54C7, 0x54C7, 0x4CC7, 0x4CC7, 0x4CC7, 0x4CC7, 0x4CC7, 0x4CC7, 0x4CC7, 0x4CC7, 0x4CC7, 0x4CC7, 0x4CC7, 0x4CC7, 0x4CC7, 0x4CA7,
    0x4CA7, 0x4CA7, 0x4CA7, 0x4CA7, 0x9DAB, 0x9DAB, 0x9DAB, 0x9DAB, 0x9DAB, 0x9DAB, 0x95AB, 0x958B, 0x958B, 0x958B, 0x958B, 0x958B,
    0x958B, 0x958B, 0x958B, 0x958B, 0x958B, 0x958B, 0x958B, 0x958B, 0x958B, 0x958B, 0x958B, 0x8D8B, 0x8D8B, 0x8D8A, 0x8D8A, 0x8D8A,
    0x8D8A, 0x8D8A, 0x8D8A, 0x8D8A, 0x8D8A, 0x8D8A, 0x8D6A, 0x8D6A, 0x8D6A, 0x8D6A, 0x8D6A, 0x8D6A, 0x8D6A, 0x8D8A, 0x8D8A, 0x8D8A,
    0x856A, 0x858A, 0x858A, 0x858A, 0x858A, 0x858A, 0x858A, 0x858A, 0x858A, 0x858A, 0x858A, 0x858A, 0x858A, 0x858A, 0x858A, 0x858A,
    0x858A, 0x858A, 0x858A, 0x858A, 0x858A, 0x7D8A, 0x858A, 0x7D8A, 0x7D8A, 0x7D8A, 0x7D8A, 0x7D89, 0x7D8A, 0x7D89, 0x7D89, 0x7D89,
    0x7D89, 0x7D89, 0x7D89, 0x7D89, 0x7D89, 0x7D89, 0x7D89, 0x7589, 0x7589, 0x7589, 0x7589, 0x7589, 0x7589, 0x7589, 0x7589, 0x7589,
    0x7589, 0x7569, 0x7569, 0x7569, 0x7569, 0x7569, 0x7569, 0x6D69, 0x6D68, 0x6D69, 0x6D68, 0x6D68, 0x6D68, 0x6D68, 0x6D48, 0x6D48,
    0x6D48, 0x6D48, 0x6D48, 0x6D48, 0x6548, 0x6548, 0x6548, 0x6528, 0x6548, 0x6548, 0x6528, 0x6528, 0x6528, 0x6528, 0x6528, 0x6528,
    0x5D28, 0x5D27, 0x5D07, 0x5D07, 0x5D07, 0x5D07, 0x5D07, 0x5D07, 0x5CE7, 0x5CE7, 0x5D07, 0x54E7, 0x54E7, 0x54E7, 0x54E7, 0x54E7,
    0x54E7, 0x54E7, 0x54E7, 0x54E7, 0x54E7, 0x54E7, 0x54E7, 0x54E7, 0x54E7, 0x54E7, 0x54E7, 0x54E7, 0x54C7, 0x4CC7, 0x4CC7, 0x4CC7,
    0x4CC7, 0x4CC7, 0x4CC7, 0x4CC7, 0x4CC7, 0x4CC7, 0x4CC7, 0x4CC7, 0x4CC7, 0x4CC7, 0x4CA7, 0x4CA7, 0x4CA7, 0x4CA7, 0x4CA7, 0x44A7,
    0x9DAB, 0x9DAB, 0x9DAB, 0x9DAB, 0x9DAB, 0x958B, 0x958B, 0x958B, 0x958B, 0x958B, 0x958B, 0x958B, 0x958B, 0x958B, 0x958B, 0x958B,
    0x958B, 0x958B, 0x958B, 0x958B, 0x958B, 0x958B, 0x8D8B, 0x8D8A, 0x8D8A, 0x8D8A, 0x8D8A, 0x8D8A, 0x8D8A, 0x8D8A, 0x8D8A, 0x8D8A,
    0x8D8A, 0x8D6A, 0x8D6A, 0x8D6A, 0x8D8A, 0x8D8A, 0x8D8A, 0x8D8A, 0x8D8A, 0x8D8A, 0x8D8A, 0x858A, 0x858A, 0x858A, 0x858A, 0x858A,
    0x858A, 0x858A, 0x858A, 0x858A, 0x858A, 0x858A, 0x858A, 0x858A, 0x858A, 0x858A, 0x858A, 0x858A, 0x858A, 0x858A, 0x858A, 0x858A,
    0x858A, 0x858A, 0x858A, 0x7D8A, 0x7DAA, 0x7DAA, 0x7D8A, 0x7D8A, 0x7D8A, 0x7D89, 0x7D89, 0x7D89, 0x7D89, 0x7D89, 0x7D89, 0x7D89,
    0x7D89, 0x7D89, 0x7D89, 0x7D89, 0x7D89, 0x7589, 0x7589, 0x7589, 0x7589, 0x7589, 0x7589, 0x7589, 0x7589, 0x7589, 0x7589, 0x7589,
    0x7589, 0x7569, 0x7569, 0x6D69, 0x6D69, 0x6D69, 0x6D68, 0x6D68, 0x6D68, 0x6D68, 0x6D68, 0x6D68, 0x6D68, 0x6D68, 0x6D48, 0x6D48,
    0x6548, 0x6548, 0x6548, 0x6548, 0x6548, 0x6548, 0x6548, 0x6548, 0x6528, 0x6528, 0x6528, 0x6528, 0x6528, 0x5D27, 0x5D27, 0x5D07,
    0x5D07, 0x5D07, 0x5D07, 0x5D07, 0x5D07, 0x5D07, 0x5D07, 0x5CE7, 0x54E7, 0x54E7, 0x54E7, 0x54E7, 0x54E7, 0x54E7, 0x54E7, 0x54E7,
    0x54E7, 0x54E7, 0x54E7, 0x54E7, 0x54E7, 0x54E7, 0x54C7, 0x54C7, 0x4CC7, 0x4CC7, 0x4CC7, 0x4CC7, 0x4CC7, 0x4CC7, 0x4CC7, 0x4CC7,
    0x4CC7, 0x4CC7, 0x4CC7, 0x4CC7, 0x4CC7, 0x4CA7, 0x4CA7, 0x4CA7, 0x4CA7, 0x4CA7, 0x44A7, 0x44A7, 0x9DAB, 0x9DAB, 0x9DAB, 0x9DAB,
    0x958B, 0x958B, 0x958B, 0x958B, 0x958B, 0x958B, 0x958B, 0x958B, 0x958B, 0x958B, 0x958B, 0x958B, 0x958B, 0x958B, 0x958B, 0x958B,
    0x958B, 0x8D8B, 0x8D8A, 0x8D8A, 0x8D8A, 0x8D8A, 0x8D8A, 0x8D8A, 0x8D8A, 0x8D8A, 0x8D8A, 0x8D8A, 0x8D8A, 0x8D8A, 0x8D8A, 0x8D8A,
    0x8D8A, 0x8D8A, 0x8D8A, 0x8D8A, 0x8D8A, 0x8D8A, 0x8D8A, 0x8D8A, 0x8D8A, 0x858A, 0x858A, 0x858A, 0x858A, 0x85AA, 0x858A, 0x858A,
    0x85AA, 0x85AA, 0x85AA, 0x85AA, 0x85AA, 0x85AA, 0x85AA, 0x85AA, 0x85AA, 0x85AA, 0x85AA, 0x85AA, 0x85AA, 0x85AA, 0x85AA, 0x85AA,
    0x85AA, 0x7DAA, 0x7DAA, 0x7DAA, 0x7DAA, 0x7DAA, 0x7DA9, 0x7DA9, 0x7DA9, 0x7DA9, 0x7D89, 0x7DA9, 0x7DA9, 0x7DA9, 0x7D89, 0x7D89,
    0x7D89, 0x7589, 0x7589, 0x7589, 0x7589, 0x7589, 0x7589, 0x7589, 0x7589, 0x7589, 0x7589, 0x7589, 0x7589, 0x7589, 0x7589, 0x7589,
    0x6D89, 0x6D69, 0x6D69, 0x6D68, 0x6D68, 0x6D68, 0x6D68, 0x6D68, 0x6D68, 0x6D68, 0x6D68, 0x6D68, 0x6D68, 0x6548, 0x6548, 0x6548,
    0x6548, 0x6548, 0x6548, 0x6548, 0x6548, 0x6548, 0x6548, 0x6548, 0x5D28, 0x5D28, 0x5D27, 0x5D27, 0x5D27, 0x5D27, 0x5D27, 0x5D07,
    0x5D07, 0x5D07, 0x5D07, 0x5D07, 0x5507, 0x5507, 0x54E7, 0x54E7, 0x54E7, 0x54E7, 0x54E7, 0x54E7, 0x54E7, 0x54E7, 0x54E7, 0x54E7,
    0x54E7, 0x54C7, 0x54C7, 0x4CC7, 0x4CC7, 0x4CC7, 0x4CC7, 0x4CC7, 0x4CC7, 0x4CC7, 0x4CC7, 0x4CC7, 0x4CC7, 0x4CC7, 0x4CC7, 0x4CA7,
    0x4CA7, 0x4CA7, 0x4CA7, 0x4CA7, 0x4CA7, 0x44A7, 0x44A7, 0x44A7, 0x9DAB, 0x9DAB, 0x9DAB, 0x958B, 0x958B, 0x958B, 0x958B, 0x958B,
    0x958B, 0x958B, 0x958B, 0x958B, 0x958B, 0x958B, 0x958B, 0x958B, 0x958B, 0x958B, 0x958B, 0x958B, 0x8D8B, 0x8D8A, 0x8D8A, 0x8D8A,
    0x8D8A, 0x8D8A, 0x8D8A, 0x8D8A, 0x8D8A, 0x8D8A, 0x8D8A, 0x8D8A, 0x8D8A, 0x8D8A, 0x8D8A, 0x8D8A, 0x8D8A, 0x8D8A, 0x8D8A, 0x8D8A,
    0x8D8A, 0x8D8A, 0x8D8A, 0x8D8A, 0x8DAA, 0x8D8A, 0x858A, 0x85AA, 0x85AA, 0x85AA, 0x85AA, 0x85AA, 0x85AA, 0x85AA, 0x85AA, 0x85AA,
    0x85AA, 0x85AA, 0x85AA, 0x85AA, 0x85AA, 0x85AA, 0x85AA, 0x85AA, 0x85AA, 0x85AA, 0x85AA, 0x85AA, 0x85AA, 0x85AA, 0x7DAA, 0x7DAA,
    0x7DAA, 0x7DAA, 0x7DAA, 0x7DAA, 0x7DAA, 0x7DA9, 0x7DA9, 0x7DA9, 0x7DA9, 0x7DA9, 0x7DA9, 0x7DA9, 0x7DA9, 0x7DA9, 0x7589, 0x7589,
    0x7589, 0x7589, 0x7589, 0x7589, 0x7589, 0x7589, 0x7589, 0x7589, 0x7589, 0x7589, 0x7589, 0x7589, 0x6D89, 0x6D89, 0x6D69, 0x6D68,
    0x6D68, 0x6D68, 0x6D68, 0x6D68, 0x6D68, 0x6D68, 0x6D68, 0x6D68, 0x6D68, 0x6568, 0x6548, 0x6548, 0x6548, 0x6548, 0x6548, 0x6548,
    0x6548, 0x6548, 0x6548, 0x6528, 0x6528, 0x5D27, 0x5D27, 0x5D27, 0x5D27, 0x5D27, 0x5D27, 0x5D27, 0x5D07, 0x5D07, 0x5D07, 0x5D07,
    0x5507, 0x5507, 0x5507, 0x5507, 0x54E7, 0x54E7, 0x54E7, 0x54E7, 0x54E7, 0x54E7, 0x54E7, 0x54E7, 0x54C7, 0x54C7, 0x4CC7, 0x4CC7,
    0x4CC7, 0x4CC7, 0x4CC7, 0x4CC7, 0x4CC7, 0x4CC7, 0x4CC7, 0x4CC7, 0x4CC7, 0x4CC7, 0x4CC7, 0x4CA7, 0x4CA7, 0x4CA7, 0x4CA7, 0x4CA7,
    0x44A7, 0x44A7, 0x44A7, 0x44A7, 0x9DAB, 0x9DAB, 0x958B, 0x958B, 0x958B, 0x958B, 0x958B, 0x958B, 0x958B, 0x958B, 0x958B, 0x958B,
    0x958B, 0x958B, 0x958B, 0x958B, 0x958B, 0x958B, 0x958B, 0x8D8B, 0x8D8A, 0x8D8A, 0x8D8A, 0x8D8A, 0x8D8A, 0x8D8A, 0x8D8A, 0x8D8A,
    0x8D8A, 0x8D8A, 0x8D8A, 0x8D8A, 0x8D8A, 0x8D8A, 0x8D8A, 0x8D8A, 0x8D8A, 0x8DAA, 0x8DAA, 0x8D8A, 0x8DAA, 0x8DAA, 0x8DAA, 0x8DAA,
    0x8DAA, 0x8DAA, 0x8DAA, 0x8DAA, 0x8DAA, 0x85AA, 0x85AA, 0x85AA, 0x85AA, 0x85AA, 0x85AA, 0x85AA, 0x85AA, 0x85AA, 0x85AA, 0x85AA,
    0x85AA, 0x85AA, 0x85AA, 0x85AA, 0x85AA, 0x85AA, 0x85AA, 0x85AA, 0x85AA, 0x85AA, 0x7DAA, 0x7DAA, 0x7DAA, 0x7DAA, 0x7DAA, 0x7DAA,
    0x7DAA, 0x7DAA, 0x7DA9, 0x7DA9, 0x7DA9, 0x7DA9, 0x7DA9, 0x7DA9, 0x7DA9, 0x7DA9, 0x7DA9, 0x75A9, 0x75A9, 0x75A9, 0x7589, 0x7589,
    0x7589, 0x7589, 0x7589, 0x7589, 0x7589, 0x7589, 0x7589, 0x7589, 0x6D89, 0x6D89, 0x6D89, 0x6D89, 0x6D88, 0x6D88, 0x6D68, 0x6D68,
    0x6D68, 0x6D68, 0x6D68, 0x6D68, 0x6D68, 0x6D68, 0x6568, 0x6568, 0x6568, 0x6548, 0x6548, 0x6548, 0x6548, 0x6548, 0x6548, 0x6548,
    0x6548, 0x5D48, 0x5D48, 0x5D27, 0x5D27, 0x5D27, 0x5D27, 0x5D27, 0x5D27, 0x5D27, 0x5D27, 0x5D07, 0x5507, 0x5507, 0x5507, 0x5507,
    0x5507, 0x54E7, 0x54E7, 0x54E7, 0x54E7, 0x54E7, 0x54E7, 0x54C7, 0x54C7, 0x4CC7, 0x4CC7, 0x4CC7, 0x4CC7, 0x4CC7, 0x4CC7, 0x4CC7,
    0x4CC7, 0x4CC7, 0x4CC7, 0x4CC7, 0x4CC7, 0x4CC7, 0x4CA7, 0x4CA7, 0x4CA7, 0x4CA7, 0x4CA7, 0x44A7, 0x44A7, 0x44A7, 0x44A7, 0x44A7,
    0x9DAB, 0x958B, 0x958B, 0x958B, 0x958B, 0x958B, 0x958B, 0x958B, 0x958B, 0x958B, 0x958B, 0x958B, 0x958B, 0x958B, 0x958B, 0x958B,
    0x958B, 0x958B, 0x958B, 0x8D8A, 0x8D8A, 0x8D8A, 0x8D8A, 0x8D8A, 0x8D8A, 0x8D8A, 0x8D8A, 0x8D8A, 0x8D8A, 0x8D8A, 0x8D8A, 0x8D8A,
    0x8DAA, 0x8D8A, 0x8D8A, 0x8DAA, 0x8DAA, 0x8DAA, 0x8DAA, 0x8DAA, 0x8DAA, 0x8DAA, 0x8DAA, 0x8DAA, 0x8DAA, 0x8DAA, 0x8DAA, 0x8DAA,
    0x8DAA, 0x8DAA, 0x85AA, 0x85AA, 0x85AA, 0x85AA, 0x85AA, 0x85CA, 0x85AA, 0x85AA, 0x85AA, 0x85CA, 0x85AA, 0x85AA, 0x85AA, 0x85CA,
    0x85CA, 0x85AA, 0x85AA, 0x85AA, 0x85AA, 0x85CA, 0x85AA, 0x85AA, 0x7DAA, 0x7DAA, 0x7DAA, 0x7DAA, 0x7DAA, 0x7DAA, 0x7DAA, 0x7DA9,
    0x7DA9, 0x7DA9, 0x7DA9, 0x7DA9, 0x7DA9, 0x7DA9, 0x7DA9, 0x75A9, 0x75A9, 0x75A9, 0x75A9, 0x75A9, 0x75A9, 0x75A9, 0x7589, 0x7589,
    0x7589, 0x7589, 0x7589, 0x7589, 0x6D89, 0x6D89, 0x6D89, 0x6D89, 0x6D89, 0x6D88, 0x6D88, 0x6D88, 0x6D68, 0x6D68, 0x6D68, 0x6D68,
    0x6D68, 0x6568, 0x6568, 0x6568, 0x6568, 0x6568, 0x6548, 0x6568, 0x6548, 0x6548, 0x6548, 0x6548, 0x6548, 0x5D48, 0x5D48, 0x5D47,
    0x5D47, 0x5D27, 0x5D27, 0x5D27, 0x5D27, 0x5D27, 0x5D27, 0x5D27, 0x5D27, 0x5507, 0x5507, 0x5507, 0x5507, 0x54E7, 0x54E7, 0x54E7,
    0x54E7, 0x54E7, 0x54E7, 0x54C7, 0x4CC7, 0x4CC7, 0x4CC7, 0x4CC7, 0x4CC7, 0x4CC7, 0x4CC7, 0x4CC7, 0x4CC7, 0x4CC7, 0x4CC7, 0x4CC7,
    0x4CA7, 0x4CA7, 0x4CA7, 0x4CA7, 0x4CA7, 0x4CA7, 0x44A7, 0x44A7, 0x44A7, 0x44A7, 0x44A7, 0x44A7, 0x958B, 0x958B, 0x958B, 0x958B,
    0x958B, 0x958B, 0x958B, 0x958B, 0x958B, 0x958B, 0x958B, 0x958B, 0x958B, 0x958B, 0x958B, 0x958B, 0x958B, 0x8D8B, 0x8D8A, 0x8D8A,
    0x8D8A, 0x8D8A, 0x8D8A, 0x8D8A, 0x8D8A, 0x8D8A, 0x8D8A, 0x8D8A, 0x8D8A, 0x8D8A, 0x8DAA, 0x8DAA, 0x8DAA, 0x8DAA, 0x8DAA, 0x8DAA,
    0x8DAA, 0x8DAA, 0x8DAA, 0x8DAA, 0x8DAA, 0x8DAA, 0x8DAA, 0x8DAA, 0x8DAA, 0x8DAA, 0x8DAA, 0x8DAA, 0x8DAA, 0x8DCA, 0x85CA, 0x85AA,
    0x85CA, 0x85CA, 0x85CA, 0x85CA, 0x85CA, 0x85CA, 0x85CA, 0x85CA, 0x85CA, 0x85CA, 0x85CA, 0x85CA, 0x85CA, 0x85CA, 0x85CA, 0x85CA,
    0x85CA, 0x85CA, 0x85CA, 0x7DCA, 0x7DCA, 0x7DCA, 0x7DAA, 0x7DAA, 0x7DAA, 0x7DAA, 0x7DAA, 0x7DC9, 0x7DC9, 0x7DC9, 0x7DC9, 0x7DA9,
    0x7DA9, 0x7DA9, 0x7DA9, 0x75A9, 0x75A9, 0x75A9, 0x75A9, 0x75A9, 0x75A9, 0x75A9, 0x75A9, 0x75A9, 0x75A9, 0x7589, 0x7589, 0x7589,
    0x7589, 0x6D89, 0x6D89, 0x6D89, 0x6D89, 0x6D88, 0x6D88, 0x6D88, 0x6D88, 0x6D88, 0x6D88, 0x6D68, 0x6D68, 0x6568, 0x6568, 0x6568,
    0x6568, 0x6568, 0x6568, 0x6568, 0x6548, 0x6548, 0x6548, 0x6548, 0x6548, 0x5D48, 0x5D48, 0x5D48, 0x5D47, 0x5D47, 0x5D27, 0x5D27,
    0x5D27, 0x5D27, 0x5D27, 0x5D27, 0x5D27, 0x5507, 0x5507, 0x5507, 0x5507, 0x5507, 0x5507, 0x54E7, 0x54E7, 0x54E7, 0x54E7, 0x54E7,
    0x54E7, 0x4CC7, 0x4CC7, 0x4CC7, 0x4CC7, 0x4CC7, 0x4CC7, 0x4CC7, 0x4CC7, 0x4CC7, 0x4CC7, 0x4CC7, 0x4CA7, 0x4CA7, 0x4CA7, 0x4CA7,
    0x4CA7, 0x44A7, 0x44A7, 0x44A7, 0x44A7, 0x44A7, 0x44A7, 0x44A7, 0x958B, 0x958B, 0x958B, 0x958B, 0x958B, 0x958B, 0x958B, 0x958B,
    0x958B, 0x958B, 0x958B, 0x958B, 0x958B, 0x958B, 0x958B, 0x958B, 0x8D8B, 0x8D8A, 0x8D8A, 0x8D8A, 0x8D8A, 0x8D8A, 0x8D8B, 0x8D8A,
    0x8D8A, 0x8D8A, 0x8D8A, 0x8DAA, 0x8DAA, 0x8DAA, 0x8DAB, 0x8DAA, 0x8DAA, 0x8DAA, 0x8DAA, 0x8DAA, 0x8DAA, 0x8DAA, 0x8DAA, 0x8DCA,
    0x8DAA, 0x8DAA, 0x8DCA, 0x8DCA, 0x8DCA, 0x8DCA, 0x8DCA, 0x8DCA, 0x8DCA, 0x8DCA, 0x8DCA, 0x8DCA, 0x85CA, 0x85CA, 0x85CA, 0x85CA,
    0x85CA, 0x85CA, 0x85CA, 0x85CA, 0x85CA, 0x85CA, 0x85CA, 0x85CA, 0x85CA, 0x85CA, 0x85CA, 0x85CA, 0x85CA, 0x85CA, 0x85CA, 0x85CA,
    0x7DCA, 0x7DCA, 0x7DCA, 0x7DCA, 0x7DCA, 0x7DCA, 0x7DCA, 0x7DCA, 0x7DC9, 0x7DC9, 0x7DC9, 0x7DC9, 0x7DC9, 0x7DC9, 0x7DC9, 0x7DA9,
    0x75A9, 0x75A9, 0x75A9, 0x75A9, 0x75A9, 0x75A9, 0x75A9, 0x75A9, 0x75A9, 0x75A9, 0x75A9, 0x75A9, 0x7589, 0x6D89, 0x6D89, 0x6D89,
    0x6D89, 0x6D89, 0x6D89, 0x6D88, 0x6D88, 0x6D88, 0x6D88, 0x6D88, 0x6D88, 0x6588, 0x6568, 0x6568, 0x6568, 0x6568, 0x6568, 0x6568,
    0x6568, 0x6568, 0x6568, 0x6548, 0x6548, 0x5D48, 0x5D48, 0x5D47, 0x5D47, 0x5D47, 0x5D47, 0x5D47, 0x5D27, 0x5D27, 0x5D27, 0x5D27,
    0x5D27, 0x5527, 0x5507, 0x5507, 0x5507, 0x5507, 0x5507, 0x5507, 0x54E7, 0x54E7, 0x54E7, 0x54E7, 0x54E7, 0x4CE7, 0x4CC7, 0x4CC7,
    0x4CC7, 0x4CC7, 0x4CC7, 0x4CC7, 0x4CC7, 0x4CC7, 0x4CA7, 0x4CA7, 0x4CA7, 0x4CA7, 0x4CA7, 0x4CA7, 0x44A7, 0x44A7, 0x44A7, 0x44A7,
    0x44A7, 0x44A7, 0x44A7, 0x44A7, 0x958B, 0x958B, 0x958B, 0x958B, 0x958B, 0x958B, 0x958B, 0x958B, 0x958B, 0x958B, 0x958B, 0x958B,
    0x958B, 0x958B, 0x958B, 0x8D8B, 0x8D8A, 0x8D8A, 0x8D8B, 0x8D8A, 0x8D8B, 0x8D8B, 0x8D8A, 0x8D8A, 0x8D8B, 0x8DAA, 0x8DAA, 0x8DAA,
    0x8DAA, 0x8DAB, 0x8DAA, 0x8DAA, 0x8DAA, 0x8DAB, 0x8DAA, 0x8DAA, 0x8DAA, 0x8DCA, 0x8DCA, 0x8DCA, 0x8DCA, 0x8DCA, 0x8DCA, 0x8DCA,
    0x8DCA, 0x8DCA, 0x8DCA, 0x8DCA, 0x8DCA, 0x8DCA, 0x8DCA, 0x8DCA, 0x8DCA, 0x85CA, 0x85CA, 0x85CA, 0x85CA, 0x85CA, 0x85CA, 0x85CA,
    0x85CA, 0x85CA, 0x85CA, 0x85CA, 0x85CA, 0x85CA, 0x85CA, 0x85CA, 0x85CA, 0x85CA, 0x85CA, 0x85CA, 0x7DCA, 0x7DCA, 0x7DCA, 0x7DCA,
    0x7DCA, 0x7DCA, 0x7DCA, 0x7DCA, 0x7DC9, 0x7DC9, 0x7DC9, 0x7DC9, 0x7DC9, 0x7DC9, 0x7DC9, 0x75C9, 0x75C9, 0x75C9, 0x75A9, 0x75A9,
    0x75A9, 0x75A9, 0x75A9, 0x75A9, 0x75A9, 0x75A9, 0x75A9, 0x75A9, 0x6DA9, 0x6DA9, 0x6DA9, 0x6DA9, 0x6D89, 0x6D89, 0x6D88, 0x6D88,
    0x6D88, 0x6D88, 0x6D88, 0x6D88, 0x6D88, 0x6D88, 0x6588, 0x6568, 0x6568, 0x6568, 0x6568, 0x6568, 0x6568, 0x6568, 0x6568, 0x6568,
    0x6568, 0x6548, 0x5D48, 0x5D47, 0x5D47, 0x5D47, 0x5D47, 0x5D47, 0x5D47, 0x5D27, 0x5D27, 0x5D27, 0x5D27, 0x5527, 0x5527, 0x5507,
    0x5507, 0x5507, 0x5507, 0x5507, 0x5507, 0x54E7, 0x54E7, 0x54E7, 0x4CE7, 0x4CE7, 0x4CE7, 0x4CC7, 0x4CC7, 0x4CC7, 0x4CC7, 0x4CC7,
    0x4CC7, 0x4CC7, 0x4CA7, 0x4CA7, 0x4CA7, 0x4CA7, 0x4CA7, 0x44A7, 0x44A7, 0x44A7, 0x44A7, 0x44A7, 0x44A7, 0x44A7, 0x44A7, 0x44A7,
    0x958B, 0x958B, 0x958B, 0x958B, 0x958B, 0x958B, 0x958B, 0x958B, 0x958B, 0x958B, 0x958B, 0x958B, 0x958B, 0x958B, 0x8D8B, 0x8D8A,
    0x8D8B, 0x8D8B, 0x8D8B, 0x8D8B, 0x8D8B, 0x8D8B, 0x8DAB, 0x8DAA, 0x8DAB, 0x8DAB, 0x8DAB, 0x8DAB, 0x8DAB, 0x8DAB, 0x8DAB, 0x8DAB,
    0x8DAA, 0x8DAA, 0x8DCB, 0x8DCA, 0x8DCA, 0x8DCA, 0x8DCA, 0x8DCA, 0x8DCB, 0x8DCA, 0x8DCA, 0x8DCA, 0x8DCA, 0x8DCA, 0x8DCA, 0x8DCA,
    0x8DCA, 0x8DCA, 0x8DCA, 0x8DCA, 0x8DCA, 0x8DCA, 0x85CA, 0x85EA, 0x85EA, 0x85CA, 0x85CA, 0x85EA, 0x85EA, 0x85EA, 0x85CA, 0x85EA,
    0x85EA, 0x85EA, 0x85CA, 0x85CA, 0x85CA, 0x85EA, 0x85CA, 0x85CA, 0x7DCA, 0x7DCA, 0x7DCA, 0x7DCA, 0x7DCA, 0x7DCA, 0x7DCA, 0x7DCA,
    0x7DCA, 0x7DC9, 0x7DC9, 0x7DC9, 0x7DC9, 0x7DC9, 0x7DC9, 0x7DC9, 0x75C9, 0x75C9, 0x75C9, 0x75C9, 0x75C9, 0x75C9, 0x75A9, 0x75A9,
    0x75A9, 0x75A9, 0x75A9, 0x75A9, 0x75A9, 0x75A9, 0x6DA9, 0x6DA9, 0x6DA9, 0x6DA9, 0x6DA9, 0x6DA8, 0x6D88, 0x6D88, 0x6D88, 0x6D88,
    0x6D88, 0x6D88, 0x6588, 0x6588, 0x6588, 0x6568, 0x6568, 0x6568, 0x6568, 0x6568, 0x6568, 0x6568, 0x6568, 0x6568, 0x5D68, 0x5D48,
    0x5D47, 0x5D47, 0x5D47, 0x5D47, 0x5D47, 0x5D47, 0x5D27, 0x5D27, 0x5D27, 0x5527, 0x5527, 0x5527, 0x5507, 0x5507, 0x5507, 0x5507,
    0x5507, 0x5507, 0x54E7, 0x54E7, 0x54E7, 0x4CE7, 0x4CE7, 0x4CE7, 0x4CC7, 0x4CC7, 0x4CC7, 0x4CC7, 0x4CC7, 0x4CA7, 0x4CA7, 0x4CA7,
    0x4CA7, 0x4CA7, 0x44A7, 0x44A7, 0x44A7, 0x44A7, 0x44A7, 0x44A7, 0x44A7, 0x44A7, 0x4487, 0x4487, 0x958B, 0x958B, 0x958B, 0x958B,
    0x958B, 0x958B, 0x958B, 0x958B, 0x958B, 0x958B, 0x958B, 0x958B, 0x8D8B, 0x8D8B, 0x8D8B, 0x8D8B, 0x8D8B, 0x958B, 0x8D8B, 0x8D8B,
    0x8D8B, 0x8DAB, 0x8DAB, 0x8DAB, 0x8DAB, 0x8DAB, 0x8DAB, 0x8DAB, 0x8DAB, 0x8DAB, 0x8DAB, 0x8DCB, 0x8DCB, 0x8DCB, 0x8DCB, 0x8DCB,
    0x8DCB, 0x8DCB, 0x8DCB, 0x8DCB, 0x8DCA, 0x8DCA, 0x8DCB, 0x8DCA, 0x8DCA, 0x8DCA, 0x8DCA, 0x8DEA, 0x8DCA, 0x8DEA, 0x8DEA, 0x8DEA,
    0x8DEA, 0x8DEA, 0x8DEA, 0x85EA, 0x85EA, 0x85EA, 0x85EA, 0x85EA, 0x85EA, 0x85EA, 0x85EA, 0x85EA, 0x85EA, 0x85EA, 0x85EA, 0x85EA,
    0x85EA, 0x85EA, 0x85CA, 0x85EA, 0x85EA, 0x7DEA, 0x7DEA, 0x7DEA, 0x7DEA, 0x7DCA, 0x7DCA, 0x7DCA, 0x7DCA, 0x7DC9, 0x7DC9, 0x7DC9,
    0x7DC9, 0x7DC9, 0x7DC9, 0x7DC9, 0x75C9, 0x75C9, 0x75C9, 0x75C9, 0x75C9, 0x75C9, 0x75C9, 0x75C9, 0x75C9, 0x75C9, 0x75A9, 0x75C9,
    0x75A9, 0x6DA9, 0x6DA9, 0x6DA9, 0x6DA9, 0x6DA9, 0x6DA9, 0x6DA8, 0x6DA8, 0x6DA8, 0x6DA8, 0x6DA8, 0x6D88, 0x6D88, 0x6D88, 0x6588,
    0x6588, 0x6588, 0x6588, 0x6588, 0x6568, 0x6568, 0x6568, 0x6568, 0x6568, 0x5D68, 0x5D68, 0x5D68, 0x5D68, 0x5D48, 0x5D47, 0x5D47,
    0x5D47, 0x5D47, 0x5D47, 0x5D27, 0x5D27, 0x5527, 0x5527, 0x5527, 0x5527, 0x5527, 0x5507, 0x5507, 0x5507, 0x5507, 0x5507, 0x54E7,
    0x54E7, 0x4CE7, 0x4CE7, 0x4CE7, 0x4CE7, 0x4CC7, 0x4CC7, 0x4CC7, 0x4CC7, 0x4CC7, 0x4CA7, 0x4CA7, 0x4CA7, 0x4CA7, 0x44A7, 0x44A7,
    0x44A7, 0x44A7, 0x44A7, 0x44A7, 0x44A7, 0x44A7, 0x4487, 0x4487, 0x958B, 0x958B, 0x958B, 0x958B, 0x958B, 0x958B, 0x958B, 0x958B,
    0x958B, 0x958B, 0x958B, 0x958B, 0x958B, 0x958B, 0x958B, 0x958B, 0x958B, 0x95AB, 0x8DAB, 0x8DAB, 0x95AB, 0x8DAB, 0x8DAB, 0x8DAB,
    0x8DAB, 0x8DAB, 0x8DAB, 0x8DAB, 0x8DAB, 0x8DCB, 0x8DCB, 0x8DCB, 0x8DCB, 0x8DCB, 0x8DCB, 0x8DCB, 0x8DCB, 0x8DCB, 0x8DCB, 0x8DCA,
    0x8DCB, 0x8DCB, 0x8DCA, 0x8DCA, 0x8DCA, 0x8DEA, 0x8DEA, 0x8DEA, 0x8DEA, 0x8DEA, 0x8DEA, 0x8DEA, 0x8DEA, 0x8DEA, 0x8DEA, 0x85EA,
    0x85EA, 0x85EA, 0x85EA, 0x85EA, 0x85EA, 0x85EA, 0x85EA, 0x85EA, 0x85EA, 0x85EA, 0x85EA, 0x85EA, 0x85EA, 0x85EA, 0x85EA, 0x85EA,
    0x85EA, 0x85EA, 0x7DEA, 0x7DEA, 0x7DEA, 0x7DEA, 0x7DEA, 0x7DEA, 0x7DEA, 0x7DEA, 0x7DE9, 0x7DC9, 0x7DC9, 0x7DC9, 0x7DC9, 0x7DC9,
    0x7DC9, 0x75C9, 0x75C9, 0x75C9, 0x75C9, 0x75C9, 0x75C9, 0x75C9, 0x75C9, 0x75C9, 0x75C9, 0x75C9, 0x75C9, 0x75A9, 0x6DA9, 0x6DA9,
    0x6DA9, 0x6DA9, 0x6DA8, 0x6DA8, 0x6DA8, 0x6DA8, 0x6DA8, 0x6DA8, 0x6DA8, 0x6DA8, 0x65A8, 0x6588, 0x6588, 0x6588, 0x6588, 0x6588,
    0x6588, 0x6588, 0x6568, 0x6568, 0x6568, 0x6568, 0x5D68, 0x5D68, 0x5D68, 0x5D68, 0x5D48, 0x5D48, 0x5D48, 0x5D47, 0x5D47, 0x5D47,
    0x5D47, 0x5527, 0x5527, 0x5527, 0x5527, 0x5527, 0x5527, 0x5507, 0x5507, 0x5507, 0x5507, 0x5507, 0x54E7, 0x4CE7, 0x4CE7, 0x4CE7,
    0x4CE7, 0x4CE7, 0x4CC7, 0x4CC7, 0x4CC7, 0x4CC7, 0x4CC7, 0x4CA7, 0x44A7, 0x44A7, 0x44A7, 0x44A7, 0x44A7, 0x44A7, 0x44A7, 0x44A7,
    0x44A7, 0x4487, 0x4487, 0x4487, 0x958B, 0x958B, 0x958B, 0x958B, 0x958B, 0x958B, 0x958B, 0x958B, 0x958B, 0x958B, 0x958B, 0x958B,
    0x958B, 0x958B, 0x95AB, 0x95AB, 0x95AB, 0x95AB, 0x95AB, 0x95AB, 0x95AB, 0x95AB, 0x95AB, 0x95AB, 0x95CB, 0x95CB, 0x95CB, 0x8DCB,
    0x8DCB, 0x8DCB, 0x8DCB, 0x8DCB, 0x8DCB, 0x8DCB, 0x8DCB, 0x8DCB, 0x8DCB, 0x8DCB, 0x8DEB, 0x8DEB, 0x8DEB, 0x8DEB, 0x8DEB, 0x8DEB,
    0x8DEA, 0x8DEA, 0x8DEA, 0x8DEA, 0x8DEA, 0x8DEA, 0x8DEA, 0x8DEA, 0x8DEA, 0x8DEA, 0x8DEA, 0x8DEA, 0x8DEA, 0x85EA, 0x85EA, 0x85EA,
    0x85EA, 0x85EA, 0x85EA, 0x85EA, 0x85EA, 0x85EA, 0x85EA, 0x85EA, 0x85EA, 0x85EA, 0x85EA, 0x85EA, 0x85EA, 0x7DEA, 0x7DEA, 0x7DEA,
    0x7DEA, 0x7DEA, 0x7DEA, 0x7DEA, 0x7DEA, 0x7DEA, 0x7DEA, 0x7DEA, 0x7DE9, 0x7DE9, 0x7DE9, 0x7DE9, 0x75E9, 0x75E9, 0x75C9, 0x75C9,
    0x75C9, 0x75C9, 0x75C9, 0x75C9, 0x75C9, 0x75C9, 0x75C9, 0x75C9, 0x75C9, 0x75C9, 0x6DC9, 0x6DC9, 0x6DC9, 0x6DA9, 0x6DA9, 0x6DA8,
    0x6DA8, 0x6DA8, 0x6DA8, 0x6DA8, 0x6DA8, 0x6DA8, 0x65A8, 0x65A8, 0x65A8, 0x6588, 0x6588, 0x6588, 0x6588, 0x6588, 0x6588, 0x6568,
    0x6568, 0x6568, 0x5D68, 0x5D68, 0x5D68, 0x5D68, 0x5D68, 0x5D68, 0x5D48, 0x5D48, 0x5D48, 0x5D48, 0x5D47, 0x5547, 0x5547, 0x5528,
    0x5527, 0x5527, 0x5527, 0x5527, 0x5507, 0x5507, 0x5507, 0x5507, 0x5507, 0x4D07, 0x4CE7, 0x4CE7, 0x4CE7, 0x4CE7, 0x4CE7, 0x4CC7,
    0x4CC7, 0x4CC7, 0x4CC7, 0x4CC7, 0x4CA7, 0x44A7, 0x44A7, 0x44A7, 0x44A7, 0x44A7, 0x44A7, 0x4487, 0x4487, 0x4487, 0x4487, 0x4487,
    0x958B, 0x958B, 0x958B, 0x958B, 0x958B, 0x958B, 0x958B, 0x958B, 0x958B, 0x958B, 0x958B, 0x958B, 0x958B, 0x95AB, 0x95AB, 0x95AB,
    0x95AB, 0x95AB, 0x95AB, 0x95AB, 0x95AB, 0x95AB, 0x95AB, 0x95CB, 0x95CB, 0x95CB, 0x95CB, 0x8DCB, 0x8DCB, 0x8DCB, 0x8DCB, 0x8DCB,
    0x8DCB, 0x8DCB, 0x8DCB, 0x8DCB, 0x8DCB, 0x8DEB, 0x8DEB, 0x8DEB, 0x8DEB, 0x8DEB, 0x8DEB, 0x8DEA, 0x8DEB, 0x8DEB, 0x8DEA, 0x8DEB,
    0x8DEA, 0x8DEA, 0x8DEA, 0x8DEA, 0x8DEA, 0x8DEA, 0x8DEA, 0x8DEA, 0x8DEA, 0x85EA, 0x85EA, 0x85EA, 0x85EA, 0x85EA, 0x85EA, 0x85EA,
    0x85EA, 0x85EA, 0x85EA, 0x85EA, 0x85EA, 0x85EA, 0x85EA, 0x85EA, 0x85EA, 0x85EA, 0x7DEA, 0x7DEA, 0x7DEA, 0x7DEA, 0x7DEA, 0x7DEA,
    0x7DEA, 0x7DEA, 0x7DEA, 0x7DEA, 0x7DE9, 0x7DE9, 0x7DE9, 0x7DE9, 0x75E9, 0x75E9, 0x75C9, 0x75C9, 0x75C9, 0x75C9, 0x75C9, 0x75C9,
    0x75C9, 0x75C9, 0x75C9, 0x75C9, 0x75C9, 0x75C9, 0x6DC9, 0x6DC9, 0x6DC9, 0x6DC9, 0x6DC9, 0x6DA8, 0x6DA8, 0x6DA8, 0x6DA8, 0x6DA8,
    0x6DA8, 0x6DA8, 0x6DA8, 0x65A8, 0x65A8, 0x65A8, 0x6588, 0x6588, 0x6588, 0x6588, 0x6588, 0x6588, 0x6588, 0x6588, 0x5D68, 0x5D68,
    0x5D68, 0x5D68, 0x5D68, 0x5D68, 0x5D68, 0x5D48, 0x5D48, 0x5D48, 0x5D48, 0x5D48, 0x5528, 0x5528, 0x5528, 0x5528, 0x5527, 0x5527,
    0x5507, 0x5507, 0x5507, 0x5507, 0x5507, 0x5507, 0x4CE7, 0x4CE7, 0x4CE7, 0x4CE7, 0x4CE7, 0x4CC7, 0x4CC7, 0x4CC7, 0x4CC7, 0x4CC7,
    0x44A7, 0x44A7, 0x44A7, 0x44A7, 0x44A7, 0x44A7, 0x44A7, 0x4487, 0x4487, 0x4487, 0x4487, 0x4487, 0x958B, 0x958B, 0x958B, 0x958B,
    0x958B, 0x958B, 0x958B, 0x958B, 0x958B, 0x95AB, 0x95AB, 0x95AB, 0x95AB, 0x95AB, 0x95AB, 0x95AB, 0x95AB, 0x95AB, 0x95AB, 0x95AB,
    0x95CB, 0x95CB, 0x95CB, 0x95CB, 0x95CB, 0x95CB, 0x95CB, 0x95CB, 0x8DCB, 0x95CB, 0x8DCB, 0x8DEB, 0x8DEB, 0x8DEB, 0x8DEB, 0x8DEB,
    0x8DEB, 0x8DEB, 0x8DEB, 0x8DEB, 0x8DEB, 0x8DEB, 0x8DEB, 0x8DEB, 0x8DEB, 0x8DEB, 0x8DEB, 0x8DEA, 0x8DEA, 0x8DEA, 0x8DEA, 0x8E0A,
    0x8DEA, 0x8DEA, 0x8E0A, 0x8E0A, 0x8E0A, 0x85EA, 0x860A, 0x860A, 0x860A, 0x85EA, 0x85EA, 0x860A, 0x860A, 0x85EA, 0x85EA, 0x85EA,
    0x85EA, 0x860A, 0x85EA, 0x85EA, 0x85EA, 0x85EA, 0x85EA, 0x7DEA, 0x7DEA, 0x7DEA, 0x7DEA, 0x7DEA, 0x7DEA, 0x7DEA, 0x7DEA, 0x7DEA,
    0x7DEA, 0x7DE9, 0x7DE9, 0x7DE9, 0x7DE9, 0x7DE9, 0x75E9, 0x75E9, 0x75E9, 0x75E9, 0x75E9, 0x75C9, 0x75C9, 0x75C9, 0x75C9, 0x75C9,
    0x75C9, 0x75C9, 0x6DC9, 0x6DC9, 0x6DC9, 0x6DC9, 0x6DC9, 0x6DC9, 0x6DC8, 0x6DC8, 0x6DA8, 0x6DA8, 0x6DA8, 0x6DA8, 0x65A8, 0x65A8,
    0x65A8, 0x65A8, 0x65A8, 0x65A8, 0x65A8, 0x6588, 0x6588, 0x6588, 0x6588, 0x5D88, 0x5D88, 0x5D68, 0x5D68, 0x5D68, 0x5D68, 0x5D68,
    0x5D68, 0x5D68, 0x5D48, 0x5D48, 0x5D48, 0x5548, 0x5548, 0x5548, 0x5528, 0x5528, 0x5528, 0x5528, 0x5528, 0x5527, 0x5507, 0x5508,
    0x5508, 0x5508, 0x4D07, 0x4CE7, 0x4CE7, 0x4CE7, 0x4CE7, 0x4CE7, 0x4CE7, 0x4CC7, 0x4CC7, 0x4CC7, 0x44C7, 0x44C7, 0x44A7, 0x44A7,
    0x44A7, 0x44A7, 0x4487, 0x4487, 0x4487, 0x4487, 0x4487, 0x4487, 0x958B, 0x958B, 0x958B, 0x958B, 0x958B, 0x958B, 0x958B, 0x95AB,
    0x95AB, 0x95AB, 0x95AB, 0x95AB, 0x95AB, 0x95AB, 0x95AB, 0x95AB, 0x95CB, 0x95CB, 0x95CB, 0x95CB, 0x95CB, 0x95CB, 0x95CB, 0x95CB,
    0x95CB, 0x95CB, 0x95EB, 0x95EB, 0x95CB, 0x95EB, 0x95EB, 0x8DEB, 0x95EB, 0x8DEB, 0x8DEB, 0x8DEB, 0x8DEB, 0x8DEB, 0x8DEB, 0x8DEB,
    0x8DEB, 0x8DEB, 0x8DEB, 0x8DEB, 0x8DEB, 0x8E0B, 0x8DEB, 0x8E0A, 0x8E0B, 0x8E0A, 0x8E0A, 0x8DEA, 0x8E0A, 0x8E0A, 0x8E0A, 0x8E0A,
    0x8E0A, 0x8E0A, 0x8E0A, 0x860A, 0x860A, 0x860A, 0x860A, 0x860A, 0x860A, 0x860A, 0x860A, 0x860A, 0x860A, 0x860A, 0x860A, 0x860A,
    0x860A, 0x860A, 0x7DEA, 0x7DEA, 0x7DEA, 0x7E0A, 0x7DEA, 0x7DEA, 0x7DEA, 0x7E0A, 0x7E0A, 0x7DEA, 0x7DE9, 0x7DE9, 0x7DE9, 0x7DE9,
    0x7DE9, 0x75E9, 0x75E9, 0x75E9, 0x75E9, 0x75E9, 0x75E9, 0x75E9, 0x75E9, 0x75C9, 0x75C9, 0x75C9, 0x75C9, 0x75C9, 0x6DC9, 0x6DC9,
    0x6DC9, 0x6DC9, 0x6DC9, 0x6DC8, 0x6DC8, 0x6DC8, 0x6DC8, 0x6DC8, 0x6DA8, 0x6DA8, 0x6DA8, 0x65A8, 0x65A8, 0x65A8, 0x65A8, 0x65A8,
    0x6588, 0x6588, 0x65A8, 0x6588, 0x6588, 0x6588, 0x5D88, 0x5D88, 0x5D68, 0x5D68, 0x5D68, 0x5D68, 0x5D68, 0x5D68, 0x5D48, 0x5D48,
    0x5D48, 0x5D48, 0x5548, 0x5548, 0x5548, 0x5528, 0x5528, 0x5528, 0x5528, 0x5528, 0x5528, 0x5508, 0x5508, 0x4D08, 0x4D08, 0x4D08,
    0x4D07, 0x4CE7, 0x4CE7, 0x4CE7, 0x4CE7, 0x4CE7, 0x4CC7, 0x4CC7, 0x4CC7, 0x44C7, 0x44A7, 0x44A7, 0x44A7, 0x44A7, 0x44A7, 0x44A7,
    0x4487, 0x4487, 0x4487, 0x4487, 0x958B, 0x958B, 0x958B, 0x958B, 0x958B, 0x958B, 0x95AB, 0x95AB, 0x95AB, 0x95AB, 0x95AB, 0x95AB,
    0x95AB, 0x95AB, 0x95AB, 0x95CB, 0x95CB, 0x95CB, 0x95CB, 0x95CB, 0x95CB, 0x95CB, 0x95CB, 0x95CB, 0x95CB, 0x95EB, 0x95EB, 0x95EB,
    0x95EB, 0x95EB, 0x95EB, 0x95EB, 0x95EB, 0x8DEB, 0x8DEB, 0x8DEB, 0x8DEB, 0x8DEB, 0x8DEB, 0x8E0B, 0x8DEB, 0x8DEB, 0x8E0B, 0x8E0B,
    0x8E0B, 0x8E0B, 0x8E0B, 0x8E0B, 0x8E0B, 0x8E0A, 0x8E0B, 0x8E0A, 0x8E0A, 0x8E0A, 0x8E0A, 0x8E0A, 0x8E0A, 0x8E0A, 0x860A, 0x860A,
    0x860A, 0x860A, 0x860A, 0x860A, 0x860A, 0x860A, 0x860A, 0x860A, 0x860A, 0x860A, 0x860A, 0x860A, 0x860A, 0x860A, 0x860A, 0x7E0A,
    0x7E0A, 0x7E0A, 0x7E0A, 0x7E0A, 0x7E0A, 0x7E0A, 0x7E0A, 0x7E09, 0x7E09, 0x7E09, 0x7E09, 0x7DE9, 0x7DE9, 0x75E9, 0x75E9, 0x75E9,
    0x75E9, 0x75E9, 0x75E9, 0x75E9, 0x75E9, 0x75E9, 0x75E9, 0x75E9, 0x75C9, 0x75C9, 0x75C9, 0x6DC9, 0x6DC9, 0x6DC9, 0x6DC9, 0x6DC9,
    0x6DC9, 0x6DC8, 0x6DC8, 0x6DC8, 0x6DC8, 0x6DC8, 0x65A8, 0x65A8, 0x65A8, 0x65A8, 0x65A8, 0x65A8, 0x65A8, 0x65A8, 0x65A8, 0x6588,
    0x6588, 0x6588, 0x5D88, 0x5D88, 0x5D88, 0x5D68, 0x5D68, 0x5D68, 0x5D68, 0x5D68, 0x5D68, 0x5D48, 0x5D48, 0x5D48, 0x5548, 0x5548,
    0x5548, 0x5548, 0x5528, 0x5528, 0x5528, 0x5528, 0x5528, 0x5528, 0x5508, 0x4D08, 0x4D08, 0x4D08, 0x4D08, 0x4CE8, 0x4CE7, 0x4CE7,
    0x4CE8, 0x4CE8, 0x4CC7, 0x4CC7, 0x44C7, 0x44C7, 0x44C7, 0x44A7, 0x44A7, 0x44A7, 0x44A7, 0x44A7, 0x44A7, 0x4487, 0x4487, 0x4487,
    0x958B, 0x958B, 0x958B, 0x958B, 0x95AB, 0x95AB, 0x95AB, 0x95AB, 0x95AB, 0x95AB, 0x95AB, 0x95CB, 0x95CB, 0x95CB, 0x95CB, 0x95CB,
    0x95CB, 0x95CB, 0x95CB, 0x95CB, 0x95CB, 0x95EB, 0x95EB, 0x95EB, 0x95EB, 0x95EB, 0x95EB, 0x95EB, 0x95EB, 0x95EB, 0x95EB, 0x95EB,
    0x8DEB, 0x8E0B, 0x8E0B, 0x8E0B, 0x8E0B, 0x8E0B, 0x8E0B, 0x8E0B, 0x8E0B, 0x8E0B, 0x8E0B, 0x8E0B, 0x8E0B, 0x8E0B, 0x8E0B, 0x8E0B,
    0x8E0B, 0x8E0B, 0x8E0A, 0x8E0A, 0x8E0B, 0x8E0A, 0x8E0A, 0x8E0A, 0x8E0A, 0x8E0A, 0x860A, 0x860A, 0x860A, 0x860A, 0x860A, 0x860A,
    0x860A, 0x860A, 0x860A, 0x860A, 0x860A, 0x860A, 0x860A, 0x860A, 0x860A, 0x860A, 0x860A, 0x7E0A, 0x7E0A, 0x7E0A, 0x7E0A, 0x7E0A,
    0x7E0A, 0x7E0A, 0x7E0A, 0x7E0A, 0x7E0A, 0x7E09, 0x7E09, 0x7E09, 0x7E09, 0x7E09, 0x75E9, 0x75E9, 0x75E9, 0x75E9, 0x75E9, 0x75E9,
    0x75E9, 0x75E9, 0x75E9, 0x75E9, 0x75E9, 0x75E9, 0x6DE9, 0x6DE9, 0x6DC9, 0x6DC9, 0x6DC9, 0x6DC9, 0x6DC8, 0x6DC8, 0x6DC8, 0x6DC8,
    0x6DC8, 0x65C8, 0x65C8, 0x65C8, 0x65C8, 0x65A8, 0x65A8, 0x65A8, 0x65A8, 0x65A8, 0x65A8, 0x65A8, 0x65A8, 0x6588, 0x5D88, 0x5D88,
    0x5D88, 0x5D88, 0x5D88, 0x5D68, 0x5D68, 0x5D68, 0x5D68, 0x5D68, 0x5D68, 0x5548, 0x5548, 0x5548, 0x5548, 0x5548, 0x5548, 0x5528,
    0x5528, 0x5528, 0x5528, 0x5528, 0x5508, 0x5508, 0x4D08, 0x4D08, 0x4D08, 0x4D08, 0x4CE8, 0x4CE8, 0x4CE8, 0x4CE8, 0x4CE8, 0x4CE8,
    0x44C7, 0x44C7, 0x44C7, 0x44C7, 0x44A7, 0x44A7, 0x44A7, 0x44A7, 0x44A7, 0x44A7, 0x4487, 0x4487, 0x958B, 0x958B, 0x958B, 0x95AB,
    0x95AB, 0x95AB, 0x95AB, 0x95AB, 0x95AB, 0x95AB, 0x95CB, 0x95CB, 0x95CB, 0x95CB, 0x95CB, 0x95CB, 0x95CB, 0x95CB, 0x95CB, 0x95EB,
    0x95EB, 0x95EB, 0x95EB, 0x95EB, 0x95EB, 0x95EB, 0x95EB, 0x95EB, 0x95EB, 0x95EB, 0x95EB, 0x95EB, 0x960B, 0x960B, 0x960B, 0x8E0B,
    0x8E0B, 0x8E0B, 0x8E0B, 0x8E0B, 0x8E0B, 0x8E0B, 0x8E0B, 0x8E0B, 0x8E0B, 0x8E0B, 0x8E0B, 0x8E0B, 0x8E0B, 0x8E0B, 0x8E0B, 0x8E0B,
    0x8E0A, 0x8E0A, 0x8E0A, 0x8E0A, 0x8E0A, 0x8E0A, 0x8E0A, 0x860A, 0x860A, 0x862A, 0x860A, 0x860A, 0x860A, 0x860A, 0x860A, 0x860A,
    0x860A, 0x860A, 0x860A, 0x860A, 0x860A, 0x860A, 0x860A, 0x7E0A, 0x7E0A, 0x7E0A, 0x7E0A, 0x7E0A, 0x7E0A, 0x7E0A, 0x7E0A, 0x7E0A,
    0x7E09, 0x7E09, 0x7E09, 0x7E09, 0x7609, 0x7609, 0x7609, 0x7609, 0x7609, 0x7609, 0x75E9, 0x75E9, 0x75E9, 0x75E9, 0x75E9, 0x75E9,
    0x75E9, 0x75E9, 0x6DE9, 0x6DE9, 0x6DE9, 0x6DE9, 0x6DC9, 0x6DC9, 0x6DC9, 0x6DC9, 0x6DC8, 0x6DC8, 0x6DC8, 0x6DC8, 0x65C8, 0x65C8,
    0x65C8, 0x65A8, 0x65A8, 0x65A8, 0x65A8, 0x65A8, 0x65A8, 0x65A8, 0x65A8, 0x65A8, 0x5D88, 0x5D88, 0x5D88, 0x5D88, 0x5D88, 0x5D68,
    0x5D68, 0x5D68, 0x5D68, 0x5D68, 0x5D68, 0x5D68, 0x5568, 0x5548, 0x5548, 0x5548, 0x5548, 0x5548, 0x5528, 0x5528, 0x5528, 0x5528,
    0x5528, 0x4D28, 0x4D08, 0x4D08, 0x4D08, 0x4D08, 0x4D08, 0x4CE8, 0x4CE8, 0x4CE8, 0x4CE8, 0x4CE8, 0x44C8, 0x44C7, 0x44C7, 0x44C7,
    0x44C7, 0x44A7, 0x44A7, 0x44A7, 0x44A7, 0x44A7, 0x4487, 0x4487, 0x958B, 0x95AB, 0x95AB, 0x95AB, 0x95AB, 0x95AB, 0x95AB, 0x95CB,
    0x95CB, 0x95CB, 0x95CB, 0x95CB, 0x95CB, 0x95CB, 0x95CB, 0x95CB, 0x95CB, 0x95EB, 0x95EB, 0x95EB, 0x95EB, 0x95EB, 0x95EB, 0x95EB,
    0x95EB, 0x95EB, 0x95EB, 0x960B, 0x95EB, 0x960B, 0x960B, 0x960B, 0x960B, 0x960B, 0x960B, 0x960B, 0x960B, 0x960B, 0x8E0B, 0x8E0B,
    0x8E0B, 0x8E0B, 0x8E0B, 0x8E0B, 0x8E0B, 0x8E2B, 0x8E2B, 0x8E0B, 0x8E2B, 0x8E2B, 0x8E2B, 0x8E2B, 0x8E2B, 0x8E2B, 0x8E2A, 0x8E2A,
    0x8E2A, 0x862A, 0x862A, 0x862A, 0x862A, 0x862A, 0x862A, 0x862A, 0x862A, 0x862A, 0x862A, 0x862A, 0x862A, 0x862A, 0x862A, 0x862A,
    0x862A, 0x862A, 0x860A, 0x7E0A, 0x7E0A, 0x7E0A, 0x7E0A, 0x7E0A, 0x7E0A, 0x7E0A, 0x7E0A, 0x7E0A, 0x7E0A, 0x7E0A, 0x7E09, 0x7E09,
    0x7E09, 0x7609, 0x7609, 0x7609, 0x7609, 0x7609, 0x7609, 0x7609, 0x7609, 0x75E9, 0x75E9, 0x75E9, 0x75E9, 0x75E9, 0x6DE9, 0x6DE9,
    0x6DE9, 0x6DE9, 0x6DE9, 0x6DE9, 0x6DE9, 0x6DC8, 0x6DC8, 0x6DC8, 0x6DC8, 0x6DC8, 0x6DC8, 0x65C8, 0x65C8, 0x65C8, 0x65C8, 0x65C8,
    0x65A8, 0x65A8, 0x65A8, 0x65A8, 0x65A8, 0x5DA8, 0x5DA8, 0x5D88, 0x5D88, 0x5D88, 0x5D88, 0x5D88, 0x5D68, 0x5D68, 0x5D68, 0x5D68,
    0x5D68, 0x5D68, 0x5568, 0x5548, 0x5548, 0x5548, 0x5548, 0x5548, 0x5548, 0x5528, 0x5528, 0x5528, 0x5528, 0x4D28, 0x4D28, 0x4D08,
    0x4D08, 0x4D08, 0x4D08, 0x4D08, 0x4CE8, 0x4CE8, 0x4CE8, 0x4CE8, 0x44E8, 0x44C8, 0x44C8, 0x44C8, 0x44C8, 0x44C8, 0x44A7, 0x44A7,
    0x44A7, 0x44A7, 0x44A7, 0x4487, 0x95AB, 0x95AB, 0x95AB, 0x95AB, 0x95AB, 0x95AB, 0x95AB, 0x95CB, 0x95CB, 0x95CB, 0x95CB, 0x95CB,
    0x95CB, 0x95CB, 0x95CB, 0x95EB, 0x95EB, 0x95EB, 0x95EB, 0x95EB, 0x95EB, 0x95EB, 0x95EB, 0x95EB, 0x960B, 0x960B, 0x960B, 0x960B,
    0x960B, 0x960B, 0x960B, 0x960B, 0x960B, 0x960B, 0x960B, 0x960B, 0x960B, 0x8E0B, 0x8E0B, 0x8E2B, 0x8E2B, 0x8E2B, 0x8E0B, 0x8E2B,
    0x8E2B, 0x8E2B, 0x8E2B, 0x8E2B, 0x8E2B, 0x8E2B, 0x8E2B, 0x8E2B, 0x8E2B, 0x8E2A, 0x8E2B, 0x8E2A, 0x8E2A, 0x8E2A, 0x8E2A, 0x862A,
    0x862A, 0x862A, 0x862A, 0x862A, 0x862A, 0x862A, 0x862A, 0x862A, 0x862A, 0x862A, 0x862A, 0x862A, 0x862A, 0x862A, 0x862A, 0x7E2A,
    0x7E2A, 0x7E2A, 0x7E0A, 0x7E0A, 0x7E2A, 0x7E2A, 0x7E0A, 0x7E0A, 0x7E0A, 0x7E09, 0x7E09, 0x7E09, 0x7609, 0x7609, 0x7609, 0x7609,
    0x7609, 0x7609, 0x7609, 0x7609, 0x7609, 0x75E9, 0x75E9, 0x75E9, 0x75E9, 0x75E9, 0x75E9, 0x6DE9, 0x6DE9, 0x6DE9, 0x6DE9, 0x6DE9,
    0x6DE8, 0x6DE8, 0x6DC8, 0x6DC8, 0x6DC8, 0x6DC8, 0x65C8, 0x65C8, 0x65C8, 0x65C8, 0x65C8, 0x65C8, 0x65A8, 0x65C8, 0x65A8, 0x65A8,
    0x65A8, 0x65A8, 0x5DA8, 0x5DA8, 0x5DA8, 0x5D88, 0x5D88, 0x5D88, 0x5D88, 0x5D88, 0x5D68, 0x5D68, 0x5D68, 0x5568, 0x5568, 0x5568,
    0x5548, 0x5548, 0x5548, 0x5548, 0x5548, 0x5528, 0x5528, 0x5528, 0x5528, 0x4D28, 0x4D28, 0x4D28, 0x4D08, 0x4D08, 0x4D08, 0x4D08,
    0x4D08, 0x4CE8, 0x4CE8, 0x4CE8, 0x44E8, 0x44E8, 0x44C8, 0x44C8, 0x44C8, 0x44C8, 0x44A8, 0x44A8, 0x44A7, 0x44A7, 0x44A7, 0x44A7,
    0x95AB, 0x95AB, 0x95AB, 0x95AB, 0x95CB, 0x95CB, 0x95CB, 0x95CB, 0x95CB, 0x95CB, 0x95CB, 0x95CB, 0x95CB, 0x95EB, 0x95EB, 0x95EB,
    0x95EB, 0x95EB, 0x95EB, 0x95EB, 0x95EB, 0x960B, 0x95EB, 0x960B, 0x960B, 0x960B, 0x960B, 0x960B, 0x960B, 0x960B, 0x960B, 0x960B,
    0x960B, 0x960B, 0x960B, 0x960B, 0x8E0B, 0x8E2B, 0x8E2B, 0x8E2B, 0x8E2B, 0x8E2B, 0x8E2B, 0x8E2B, 0x8E2B, 0x8E2B, 0x8E2B, 0x8E2B,
    0x8E2B, 0x8E2B, 0x8E2B, 0x8E2B, 0x8E2B, 0x8E2B, 0x8E2B, 0x8E2A, 0x8E2A, 0x8E2A, 0x8E2A, 0x8E2A, 0x862A, 0x862A, 0x862A, 0x862A,
    0x862A, 0x862A, 0x862A, 0x862A, 0x862A, 0x862A, 0x862A, 0x862A, 0x862A, 0x862A, 0x862A, 0x7E2A, 0x7E2A, 0x7E2A, 0x7E2A, 0x7E2A,
    0x7E2A, 0x7E2A, 0x7E2A, 0x7E2A, 0x7E2A, 0x7E2A, 0x7E0A, 0x7E09, 0x7E09, 0x7E09, 0x7609, 0x7609, 0x7609, 0x7609, 0x7609, 0x7609,
    0x7609, 0x7609, 0x7609, 0x7609, 0x75E9, 0x75E9, 0x6DE9, 0x6DE9, 0x6DE9, 0x6DE9, 0x6DE9, 0x6DE9, 0x6DE9, 0x6DE9, 0x6DE8, 0x6DE8,
    0x6DE8, 0x6DE8, 0x65C8, 0x65C8, 0x65C8, 0x65C8, 0x65C8, 0x65C8, 0x65C8, 0x65C8, 0x65A8, 0x65A8, 0x65A8, 0x5DA8, 0x5DA8, 0x5DA8,
    0x5DA8, 0x5DA8, 0x5D88, 0x5D88, 0x5D88, 0x5D88, 0x5D88, 0x5D68, 0x5D68, 0x5568, 0x5568, 0x5568, 0x5568, 0x5548, 0x5548, 0x5548,
    0x5548, 0x5548, 0x5548, 0x5528, 0x5528, 0x4D28, 0x4D28, 0x4D28, 0x4D08, 0x4D08, 0x4D08, 0x4D08, 0x4D08, 0x4D08, 0x4CE8, 0x4CE8,
    0x44E8, 0x44E8, 0x44C8, 0x44C8, 0x44C8, 0x44C8, 0x44C8, 0x44A8, 0x44A8, 0x44A7, 0x44A7, 0x44A7, 0x95AB, 0x95CB, 0x95CB, 0x95CB,
    0x95CB, 0x95CB, 0x95CB, 0x95CB, 0x95CB, 0x95EB, 0x95EB, 0x95EB, 0x95EB, 0x95EB, 0x95EB, 0x95EB, 0x95EB, 0x95EB, 0x960B, 0x960B,
    0x960B, 0x960B, 0x960B, 0x960B, 0x960B, 0x960B, 0x960B, 0x960B, 0x960B, 0x960B, 0x960B, 0x960B, 0x962B, 0x962B, 0x962B, 0x962B,
    0x962B, 0x962B, 0x962B, 0x8E2B, 0x8E2B, 0x8E2B, 0x8E2B, 0x8E2B, 0x8E2B, 0x8E2B, 0x8E2B, 0x8E2B, 0x8E2B, 0x8E2B, 0x8E2B, 0x8E2B,
    0x8E2B, 0x8E2B, 0x8E2A, 0x8E2A, 0x8E2A, 0x8E2A, 0x8E2A, 0x8E2A, 0x862A, 0x862A, 0x862A, 0x862A, 0x862A, 0x862A, 0x862A, 0x862A,
    0x862A, 0x862A, 0x862A, 0x862A, 0x862A, 0x862A, 0x862A, 0x7E2A, 0x7E2A, 0x7E2A, 0x7E2A, 0x7E2A, 0x7E2A, 0x7E2A, 0x7E2A, 0x7E2A,
    0x7E2A, 0x7E29, 0x7E29, 0x7E29, 0x7629, 0x7E29, 0x7609, 0x7609, 0x7609, 0x7609, 0x7609, 0x7609, 0x7609, 0x7609, 0x7609, 0x7609,
    0x7609, 0x7609, 0x6E09, 0x6DE9, 0x6DE9, 0x6DE9, 0x6DE9, 0x6DE9, 0x6DE9, 0x6DE8, 0x6DE8, 0x6DE8, 0x6DE8, 0x65E8, 0x65E8, 0x65C8,
    0x65C8, 0x65C8, 0x65C8, 0x65C8, 0x65C8, 0x65C8, 0x65C8, 0x65A8, 0x65A8, 0x5DA8, 0x5DA8, 0x5DA8, 0x5DA8, 0x5D88, 0x5D88, 0x5D88,
    0x5D88, 0x5D88, 0x5D88, 0x5D88, 0x5D68, 0x5568, 0x5568, 0x5568, 0x5568, 0x5568, 0x5568, 0x5548, 0x5548, 0x5548, 0x5548, 0x5548,
    0x5528, 0x4D28, 0x4D28, 0x4D28, 0x4D28, 0x4D28, 0x4D08, 0x4D08, 0x4D08, 0x4D08, 0x4CE8, 0x4CE8, 0x44E8, 0x44E8, 0x44E8, 0x44C8,
    0x44C8, 0x44C8, 0x44C8, 0x44C8, 0x44A8, 0x44A8, 0x44A8, 0x3CA8, 0x95CB, 0x95CB, 0x95CB, 0x95CB, 0x95CB, 0x95CB, 0x95CB, 0x95CB,
    0x95EB, 0x95EB, 0x95EB, 0x95EB, 0x95EB, 0x95EB, 0x95EB, 0x95EB, 0x95EB, 0x960B, 0x960B, 0x960B, 0x960B, 0x960B, 0x960B, 0x960B,
    0x960B, 0x960B, 0x960B, 0x960B, 0x962B, 0x960B, 0x962B, 0x962B, 0x962B, 0x962B, 0x962B, 0x962B, 0x962B, 0x962B, 0x962B, 0x8E2B,
    0x8E2B, 0x8E2B, 0x8E2B, 0x8E2B, 0x8E2B, 0x8E2B, 0x8E2B, 0x8E2B, 0x8E2B, 0x8E2B, 0x8E2B, 0x8E2B, 0x8E2B, 0x8E2A, 0x8E2B, 0x8E2B,
    0x8E2A, 0x8E2A, 0x8E2A, 0x862A, 0x862A, 0x862A, 0x862A, 0x862A, 0x862A, 0x862A, 0x862A, 0x862A, 0x862A, 0x862A, 0x862A, 0x862A,
    0x862A, 0x862A, 0x862A, 0x7E2A, 0x7E2A, 0x7E2A, 0x7E2A, 0x7E2A, 0x7E2A, 0x7E2A, 0x7E2A, 0x7E2A, 0x7E2A, 0x7E2A, 0x7E2A, 0x7E2A,
    0x7E29, 0x7E29, 0x7629, 0x7629, 0x7629, 0x7609, 0x7609, 0x7609, 0x7609, 0x7609, 0x7609, 0x7609, 0x7609, 0x7609, 0x6E09, 0x6DE9,
    0x6DE9, 0x6DE9, 0x6DE9, 0x6DE9, 0x6DE9, 0x6DE8, 0x6DE8, 0x6DE8, 0x6DE8, 0x65E8, 0x65E8, 0x65E8, 0x65E8, 0x65C8, 0x65C8, 0x65C8,
    0x65C8, 0x65C8, 0x65C8, 0x65C8, 0x65C8, 0x5DA8, 0x5DA8, 0x5DA8, 0x5DA8, 0x5DA8, 0x5D88, 0x5D88, 0x5D88, 0x5D88, 0x5D88, 0x5D88,
    0x5D88, 0x5D68, 0x5568, 0x5568, 0x5568, 0x5568, 0x5548, 0x5548, 0x5548, 0x5548, 0x5548, 0x5548, 0x5548, 0x4D28, 0x4D28, 0x4D28,
    0x4D28, 0x4D28, 0x4D08, 0x4D08, 0x4D08, 0x4D08, 0x4D08, 0x4CE8, 0x44E8, 0x44E8, 0x44E8, 0x44E8, 0x44C8, 0x44C8, 0x44C8, 0x44C8,
    0x44A8, 0x44A8, 0x44A8, 0x44A8, 0x95CB, 0x95CB, 0x95CB, 0x95CB, 0x95CB, 0x95CB, 0x95EB, 0x95EB, 0x95EB, 0x95EB, 0x95EB, 0x95EB,
    0x95EB, 0x95EB, 0x95EB, 0x960B, 0x960B, 0x960B, 0x960B, 0x960B, 0x960B, 0x960B, 0x960B, 0x960B, 0x960B, 0x962B, 0x962B, 0x962B,
    0x962B, 0x962B, 0x962B, 0x962B, 0x962B, 0x962B, 0x962B, 0x962B, 0x962B, 0x8E2B, 0x8E2B, 0x8E2B, 0x8E2B, 0x8E2B, 0x8E2B, 0x8E2B,
    0x8E2B, 0x8E2B, 0x8E2B, 0x8E2B, 0x8E2B, 0x8E2B, 0x8E4B, 0x8E2B, 0x8E2B, 0x8E4B, 0x8E4B, 0x8E2A, 0x8E2A, 0x8E4A, 0x8E4A, 0x8E4A,
    0x862A, 0x864A, 0x864A, 0x864A, 0x864A, 0x862A, 0x862A, 0x864A, 0x864A, 0x862A, 0x862A, 0x862A, 0x862A, 0x862A, 0x862A, 0x862A,
    0x7E2A, 0x7E2A, 0x7E2A, 0x7E2A, 0x7E2A, 0x7E2A, 0x7E2A, 0x7E2A, 0x7E2A, 0x7E2A, 0x7E2A, 0x7E29, 0x7E29, 0x7629, 0x7629, 0x7629,
    0x7629, 0x7629, 0x7629, 0x7629, 0x7629, 0x7609, 0x7609, 0x7609, 0x7609, 0x7609, 0x6E09, 0x6E09, 0x6E09, 0x6E09, 0x6E09, 0x6DE9,
    0x6DE9, 0x6DE9, 0x6DE8, 0x6DE8, 0x6DE8, 0x6DE8, 0x65E8, 0x65E8, 0x65E8, 0x65E8, 0x65E8, 0x65C8, 0x65C8, 0x65C8, 0x65C8, 0x65C8,
    0x65C8, 0x5DC8, 0x5DA8, 0x5DA8, 0x5DA8, 0x5DA8, 0x5DA8, 0x5DA8, 0x5D88, 0x5D88, 0x5D88, 0x5D88, 0x5D88, 0x5588, 0x5568, 0x5568,
    0x5568, 0x5568, 0x5568, 0x5568, 0x5548, 0x5548, 0x5548, 0x5548, 0x4D48, 0x4D48, 0x4D28, 0x4D28, 0x4D28, 0x4D28, 0x4D28, 0x4D08,
    0x4D08, 0x4D08, 0x4D08, 0x4D08, 0x44E8, 0x44E8, 0x44E8, 0x44E8, 0x44E8, 0x44C8, 0x44C8, 0x44C8, 0x44C8, 0x44C8, 0x44A8, 0x44A8,
    0x95CB, 0x95CB, 0x95CB, 0x95CB, 0x95EB, 0x95EB, 0x95EB, 0x95EB, 0x95EB, 0x95EB, 0x95EB, 0x95EB, 0x960B, 0x95EB, 0x960B, 0x960B,
    0x960B, 0x960B, 0x960B, 0x960B, 0x960B, 0x960B, 0x960B, 0x962B, 0x962B, 0x962B, 0x962B, 0x962B, 0x962B, 0x962B, 0x962B, 0x962B,
    0x962B, 0x962B, 0x962B, 0x962B, 0x962B, 0x962B, 0x962B, 0x962B, 0x8E2B, 0x8E2B, 0x8E2B, 0x8E4B, 0x8E4B, 0x8E2B, 0x8E2B, 0x8E4B,
    0x8E4B, 0x8E4B, 0x8E4B, 0x8E4B, 0x8E4B, 0x8E4B, 0x8E4B, 0x8E4B, 0x8E4A, 0x8E4A, 0x8E4A, 0x864A, 0x864A, 0x864A, 0x864A, 0x864A,
    0x864A, 0x864A, 0x864A, 0x864A, 0x864A, 0x864A, 0x864A, 0x864A, 0x864A, 0x862A, 0x862A, 0x864A, 0x7E4A, 0x7E2A, 0x7E2A, 0x7E2A,
    0x7E2A, 0x7E2A, 0x7E2A, 0x7E2A, 0x7E2A, 0x7E29, 0x7E29, 0x7E29, 0x7E29, 0x7629, 0x7629, 0x7629, 0x7629, 0x7629, 0x7629, 0x7629,
    0x7609, 0x7629, 0x7609, 0x7629, 0x7609, 0x6E09, 0x6E09, 0x6E09, 0x6E09, 0x6E09, 0x6E09, 0x6E09, 0x6E09, 0x6E08, 0x6DE9, 0x6DE8,
    0x6DE8, 0x65E8, 0x65E8, 0x65E8, 0x65E8, 0x65E8, 0x65E8, 0x65E8, 0x65C8, 0x65C8, 0x65C8, 0x65C8, 0x65C8, 0x5DC8, 0x5DA8, 0x5DA8,
    0x5DA8, 0x5DA8, 0x5DA8, 0x5DA8, 0x5D88, 0x5D88, 0x5D88, 0x5D88, 0x5D88, 0x5588, 0x5588, 0x5568, 0x5568, 0x5568, 0x5568, 0x5568,
    0x5568, 0x5548, 0x5548, 0x5548, 0x5548, 0x4D48, 0x4D48, 0x4D28, 0x4D28, 0x4D28, 0x4D28, 0x4D28, 0x4D08, 0x4D08, 0x4D08, 0x4D08,
    0x4508, 0x44E8, 0x44E8, 0x44E8, 0x44E8, 0x44E8, 0x44C8, 0x44C8, 0x44C8, 0x44C8, 0x44A8, 0x3CA8, 0x95CB, 0x95CB, 0x95EB, 0x95CB,
    0x95EB, 0x95EB, 0x95EB, 0x95EB, 0x95EB, 0x95EB, 0x960B, 0x960B, 0x960B, 0x960B, 0x960B, 0x960B, 0x960B, 0x960B, 0x960B, 0x960B,
    0x960B, 0x960B, 0x962B, 0x962B, 0x962B, 0x962B, 0x962B, 0x962B, 0x962B, 0x962B, 0x962B, 0x962B, 0x962B, 0x962B, 0x962B, 0x962B,
    0x962B, 0x962B, 0x964B, 0x964B, 0x8E2B, 0x8E4B, 0x8E4B, 0x8E4B, 0x8E4B, 0x8E4B, 0x8E4B, 0x8E4B, 0x8E4B, 0x8E4B, 0x8E4B, 0x8E4B,
    0x8E4B, 0x8E4B, 0x8E4B, 0x8E4A, 0x8E4A, 0x8E4B, 0x8E4A, 0x8E4A, 0x864A, 0x864A, 0x864A, 0x864A, 0x864A, 0x864A, 0x864A, 0x864A,
    0x864A, 0x864A, 0x864A, 0x864A, 0x864A, 0x864A, 0x864A, 0x864A, 0x7E4A, 0x7E4A, 0x7E4A, 0x7E4A, 0x7E4A, 0x7E2A, 0x7E2A, 0x7E2A,
    0x7E2A, 0x7E2A, 0x7E2A, 0x7E29, 0x7E29, 0x7E29, 0x7629, 0x7629, 0x7629, 0x7629, 0x7629, 0x7629, 0x7629, 0x7629, 0x7629, 0x7629,
    0x7609, 0x7609, 0x6E09, 0x6E09, 0x6E09, 0x6E09, 0x6E09, 0x6E09, 0x6E09, 0x6E09, 0x6E08, 0x6DE8, 0x6DE8, 0x65E8, 0x65E8, 0x65E8,
    0x65E8, 0x65E8, 0x65E8, 0x65C8, 0x65C8, 0x65C8, 0x65C8, 0x65C8, 0x65C8, 0x5DC8, 0x5DC8, 0x5DC8, 0x5DA8, 0x5DA8, 0x5DA8, 0x5DA8,
    0x5DA8, 0x5D88, 0x5D88, 0x5D88, 0x5D88, 0x5588, 0x5588, 0x5568, 0x5568, 0x5568, 0x5568, 0x5568, 0x5568, 0x5548, 0x5548, 0x5548,
    0x5548, 0x4D48, 0x4D48, 0x4D28, 0x4D28, 0x4D28, 0x4D28, 0x4D28, 0x4D08, 0x4D08, 0x4D08, 0x4508, 0x4508, 0x4508, 0x44E8, 0x44E8,
    0x44E8, 0x44E8, 0x44C8, 0x44C8, 0x44C8, 0x44C8, 0x44C8, 0x3CA8, 0x95EB, 0x95EB, 0x95EB, 0x95EB, 0x95EB, 0x95EB, 0x95EB, 0x95EB,
    0x95EB, 0x960B, 0x960B, 0x960B, 0x960B, 0x960B, 0x960B, 0x960B, 0x960B, 0x960B, 0x960B, 0x962B, 0x962B, 0x962B, 0x962B, 0x962B,
    0x962B, 0x962B, 0x962B, 0x962B, 0x962B, 0x962B, 0x962B, 0x962B, 0x962B, 0x962B, 0x962B, 0x964B, 0x964B, 0x964B, 0x8E4B, 0x8E4B,
    0x8E4B, 0x8E4B, 0x8E4B, 0x8E4B, 0x8E4B, 0x8E4B, 0x8E4B, 0x8E4B, 0x8E4B, 0x8E4B, 0x8E4B, 0x8E4B, 0x8E4B, 0x8E4B, 0x8E4B, 0x8E4B,
    0x8E4B, 0x8E4A, 0x8E4A, 0x8E4A, 0x864A, 0x864A, 0x864A, 0x864A, 0x864A, 0x864A, 0x864A, 0x864A, 0x864A, 0x864A, 0x864A, 0x864A,
    0x864A, 0x864A, 0x864A, 0x7E4A, 0x7E4A, 0x7E4A, 0x7E4A, 0x7E4A, 0x7E4A, 0x7E4A, 0x7E4A, 0x7E4A, 0x7E4A, 0x7E2A, 0x7E29, 0x7E29,
    0x7629, 0x7629, 0x7629, 0x7629, 0x7629, 0x7629, 0x7629, 0x7629, 0x7629, 0x7629, 0x7629, 0x7629, 0x6E29, 0x6E29, 0x6E29, 0x6E09,
    0x6E09, 0x6E09, 0x6E09, 0x6E09, 0x6E09, 0x6E08, 0x6E08, 0x6E08, 0x6DE8, 0x65E8, 0x65E8, 0x65E8, 0x65E8, 0x65E8, 0x65E8, 0x65E8,
    0x65E8, 0x65C8, 0x65C8, 0x65C8, 0x65C8, 0x5DC8, 0x5DC8, 0x5DC8, 0x5DC8, 0x5DA8, 0x5DA8, 0x5DA8, 0x5DA8, 0x5DA8, 0x5DA8, 0x5D88,
    0x5D88, 0x5588, 0x5588, 0x5588, 0x5568, 0x5568, 0x5568, 0x5568, 0x5568, 0x5568, 0x5568, 0x5548, 0x4D48, 0x4D48, 0x4D48, 0x4D48,
    0x4D28, 0x4D28, 0x4D28, 0x4D28, 0x4D28, 0x4D08, 0x4D08, 0x4D08, 0x4508, 0x4508, 0x44E8, 0x44E8, 0x44E8, 0x44E8, 0x44E8, 0x44C8,
    0x44C8, 0x44C8, 0x3CC8, 0x3CC8, 0x95EB, 0x95EB, 0x95EB, 0x95EB, 0x95EB, 0x95EB, 0x95EB, 0x960B, 0x960B, 0x960B, 0x960B, 0x960B,
    0x960B, 0x960B, 0x960B, 0x960B, 0x960B, 0x960B, 0x962B, 0x962B, 0x962B, 0x962B, 0x962B, 0x962B, 0x962B, 0x962B, 0x962B, 0x962B,
    0x962B, 0x962B, 0x962B, 0x964B, 0x964B, 0x964B, 0x964B, 0x964B, 0x964B, 0x964B, 0x964B, 0x964B, 0x8E4B, 0x8E4B, 0x8E4B, 0x8E4B,
    0x8E4B, 0x8E4B, 0x8E4B, 0x8E4B, 0x8E4B, 0x8E4B, 0x8E4B, 0x8E4B, 0x8E4B, 0x8E4B, 0x8E4B, 0x8E4B, 0x8E4B, 0x8E4A, 0x8E4A, 0x864A,
    0x864A, 0x864A, 0x864A, 0x864A, 0x864A, 0x864A, 0x864A, 0x864A, 0x864A, 0x864A, 0x864A, 0x864A, 0x864A, 0x864A, 0x7E4A, 0x7E4A,
    0x7E4A, 0x7E4A, 0x7E4A, 0x7E4A, 0x7E4A, 0x7E4A, 0x7E4A, 0x7E4A, 0x7E4A, 0x7E49, 0x7E49, 0x7E49, 0x7E29, 0x7629, 0x7629, 0x7629,
    0x7629, 0x7629, 0x7629, 0x7629, 0x7629, 0x7629, 0x7629, 0x7629, 0x7629, 0x6E29, 0x6E29, 0x6E29, 0x6E29, 0x6E09, 0x6E09, 0x6E09,
    0x6E09, 0x6E09, 0x6E08, 0x6E08, 0x6E08, 0x6608, 0x65E8, 0x65E8, 0x65E8, 0x65E8, 0x65E8, 0x65E8, 0x65E8, 0x65E8, 0x65E9, 0x65C8,
    0x65C8, 0x5DC8, 0x5DC8, 0x5DC8, 0x5DA8, 0x5DA8, 0x5DA8, 0x5DA8, 0x5DA8, 0x5DA8, 0x5DA8, 0x5D88, 0x5D88, 0x5588, 0x5588, 0x5588,
    0x5588, 0x5568, 0x5568, 0x5568, 0x5568, 0x5568, 0x5568, 0x5548, 0x4D48, 0x4D48, 0x4D48, 0x4D48, 0x4D28, 0x4D28, 0x4D28, 0x4D28,
    0x4D28, 0x4D08, 0x4D08, 0x4D08, 0x4508, 0x4508, 0x4508, 0x44E8, 0x44E8, 0x44E8, 0x44E8, 0x44E8, 0x44C8, 0x44C8, 0x3CC8, 0x3CC8,
    0x95EB, 0x95EB, 0x95EB, 0x95EB, 0x95EB, 0x960B, 0x960B, 0x960B, 0x960B, 0x960B, 0x960B, 0x960B, 0x960B, 0x960B, 0x960B, 0x960B,
    0x962B, 0x962B, 0x962B, 0x962B, 0x962B, 0x962B, 0x962B, 0x962B, 0x962B, 0x962B, 0x962B, 0x962B, 0x964B, 0x964B, 0x964B, 0x964B,
    0x964B, 0x964B, 0x964B, 0x964B, 0x964B, 0x964B, 0x964B, 0x964B, 0x964B, 0x8E4B, 0x8E4B, 0x8E4B, 0x8E4B, 0x8E4B, 0x8E4B, 0x8E4B,
    0x8E4B, 0x8E6B, 0x8E4B, 0x8E4B, 0x8E6B, 0x8E6B, 0x8E6B, 0x8E4A, 0x8E6B, 0x8E6B, 0x8E6A, 0x866A, 0x866A, 0x866A, 0x866A, 0x866A,
    0x864A, 0x864A, 0x866A, 0x866A, 0x864A, 0x864A, 0x864A, 0x864A, 0x864A, 0x864A, 0x864A, 0x7E4A, 0x7E4A, 0x7E4A, 0x7E4A, 0x7E4A,
    0x7E4A, 0x7E4A, 0x7E4A, 0x7E4A, 0x7E4A, 0x7E4A, 0x7E4A, 0x7E49, 0x7649, 0x7649, 0x7649, 0x7649, 0x7629, 0x7629, 0x7629, 0x7629,
    0x7629, 0x7629, 0x7629, 0x7629, 0x6E29, 0x6E29, 0x6E29, 0x6E29, 0x6E29, 0x6E29, 0x6E09, 0x6E09, 0x6E09, 0x6E09, 0x6E09, 0x6E09,
    0x6609, 0x6609, 0x6609, 0x6609, 0x65E8, 0x65E8, 0x65E8, 0x65E8, 0x65E8, 0x65E9, 0x65E9, 0x65E9, 0x65C9, 0x5DC9, 0x5DC9, 0x5DC8,
    0x5DC8, 0x5DC8, 0x5DA8, 0x5DA8, 0x5DA8, 0x5DA8, 0x5DA8, 0x5DA8, 0x5D88, 0x5588, 0x5588, 0x5588, 0x5588, 0x5588, 0x5568, 0x5568,
    0x5568, 0x5568, 0x5568, 0x5568, 0x5548, 0x4D48, 0x4D48, 0x4D48, 0x4D48, 0x4D28, 0x4D28, 0x4D28, 0x4D28, 0x4D28, 0x4D28, 0x4508,
    0x4508, 0x4508, 0x4508, 0x4508, 0x44E8, 0x44E8, 0x44E8, 0x44E8, 0x44C8, 0x44C8, 0x3CC8, 0x3CC8, 0x95EB, 0x95EB, 0x95EB, 0x95EB,
    0x960B, 0x960B, 0x960B, 0x960B, 0x960B, 0x960B, 0x960B, 0x960B, 0x960B, 0x960B, 0x960B, 0x962B, 0x962B, 0x962B, 0x962B, 0x962B,
    0x962B, 0x962B, 0x962B, 0x962B, 0x962B, 0x964B, 0x964B, 0x964B, 0x964B, 0x964B, 0x964B, 0x964B, 0x964B, 0x964B, 0x964B, 0x964B,
    0x964B, 0x964B, 0x964B, 0x964B, 0x8E4B, 0x8E4B, 0x8E4B, 0x8E6B, 0x8E6B, 0x8E4B, 0x8E6B, 0x8E6B, 0x8E6B, 0x8E6B, 0x8E6B, 0x8E6B,
    0x8E6B, 0x8E6B, 0x8E6B, 0x8E6B, 0x8E6B, 0x8E6A, 0x8E6A, 0x8E6A, 0x866A, 0x866A, 0x866A, 0x866A, 0x866A, 0x866A, 0x866A, 0x866A,
    0x866A, 0x866A, 0x866A, 0x866A, 0x866A, 0x864A, 0x864A, 0x7E6A, 0x7E6A, 0x7E4A, 0x7E4A, 0x7E4A, 0x7E4A, 0x7E4A, 0x7E4A, 0x7E4A,
    0x7E4A, 0x7E4A, 0x7E4A, 0x7E49, 0x7649, 0x7649, 0x7649, 0x7649, 0x7649, 0x7649, 0x7649, 0x7629, 0x7629, 0x7629, 0x7629, 0x7629,
    0x6E29, 0x6E29, 0x6E29, 0x6E29, 0x6E29, 0x6E29, 0x6E29, 0x6E29, 0x6E29, 0x6E09, 0x6E09, 0x6E09, 0x6609, 0x6609, 0x6609, 0x65E9,
    0x65E9, 0x65E9, 0x65E9, 0x65E8, 0x65E9, 0x65E9, 0x65E9, 0x65E9, 0x65C9, 0x5DC9, 0x5DC9, 0x5DC9, 0x5DC9, 0x5DC8, 0x5DA8, 0x5DA9,
    0x5DA9, 0x5DA9, 0x5DA9, 0x5DA8, 0x5588, 0x5588, 0x5588, 0x5588, 0x5588, 0x5589, 0x5588, 0x5568, 0x5568, 0x5568, 0x5568, 0x5568,
    0x4D68, 0x4D48, 0x4D48, 0x4D48, 0x4D48, 0x4D48, 0x4D48, 0x4D28, 0x4D28, 0x4D28, 0x4528, 0x4528, 0x4508, 0x4508, 0x4508, 0x4508,
    0x44E8, 0x44E8, 0x44E8, 0x44E8, 0x44E8, 0x44C8, 0x3CC8, 0x3CC8, 0x95EB, 0x95EB, 0x960B, 0x960B, 0x960B, 0x960B, 0x960B, 0x960B,
    0x960B, 0x960B, 0x960B, 0x960B, 0x960B, 0x962B, 0x962B, 0x962B, 0x962B, 0x962B, 0x962B, 0x962B, 0x962B, 0x962B, 0x962B, 0x964B,
    0x964B, 0x964B, 0x964B, 0x964B, 0x964B, 0x964B, 0x964B, 0x964B, 0x964B, 0x964B, 0x964B, 0x964B, 0x964B, 0x964B, 0x966B, 0x8E4B,
    0x8E6B, 0x8E6B, 0x8E6B, 0x8E6B, 0x8E6B, 0x8E6B, 0x8E6B, 0x8E6B, 0x8E6B, 0x8E6B, 0x8E6B, 0x8E6B, 0x8E6B, 0x8E6B, 0x8E6B, 0x8E6B,
    0x8E6B, 0x8E6B, 0x8E6B, 0x866A, 0x866A, 0x866A, 0x866A, 0x866A, 0x866A, 0x866A, 0x866A, 0x866A, 0x866A, 0x866A, 0x866A, 0x866A,
    0x866A, 0x866A, 0x7E6A, 0x7E6A, 0x7E4A, 0x7E6A, 0x7E6A, 0x7E6A, 0x7E4A, 0x7E4A, 0x7E4A, 0x7E4A, 0x7E4A, 0x7E4A, 0x7E4A, 0x764A,
    0x7649, 0x7649, 0x7649, 0x7649, 0x7649, 0x7649, 0x7649, 0x7629, 0x7629, 0x7629, 0x7629, 0x7629, 0x7629, 0x6E29, 0x6E29, 0x6E29,
    0x6E29, 0x6E29, 0x6E29, 0x6E29, 0x6E09, 0x6E09, 0x6E09, 0x6E09, 0x6609, 0x6609, 0x6609, 0x6609, 0x6609, 0x65E9, 0x65E9, 0x65E9,
    0x65E9, 0x65E9, 0x65E9, 0x65E9, 0x65E9, 0x5DC9, 0x5DC9, 0x5DC9, 0x5DC9, 0x5DC9, 0x5DC9, 0x5DA9, 0x5DA9, 0x5DA9, 0x5DA9, 0x5DA9,
    0x5DA9, 0x5588, 0x5588, 0x5588, 0x5589, 0x5589, 0x5589, 0x5568, 0x5568, 0x5568, 0x5568, 0x4D68, 0x4D68, 0x4D48, 0x4D48, 0x4D48,
    0x4D48, 0x4D48, 0x4D48, 0x4D28, 0x4D28, 0x4D28, 0x4D28, 0x4528, 0x4508, 0x4508, 0x4508, 0x4508, 0x4508, 0x44E8, 0x44E8, 0x44E8,
    0x44E8, 0x44E8, 0x3CC8, 0x3CC8, 0x95EB, 0x960B, 0x960B, 0x960B, 0x960B, 0x960B, 0x960B, 0x960B, 0x960B, 0x962B, 0x962B, 0x962B,
    0x962B, 0x962B, 0x962B, 0x962B, 0x962B, 0x962B, 0x964B, 0x962B, 0x964B, 0x964B, 0x964B, 0x964B, 0x964B, 0x964B, 0x964B, 0x964B,
    0x964B, 0x964B, 0x964B, 0x964B, 0x966B, 0x964B, 0x964B, 0x966B, 0x966B, 0x966B, 0x966B, 0x966B, 0x966B, 0x8E6B, 0x8E6B, 0x8E6B,
    0x8E6B, 0x8E6B, 0x8E6B, 0x8E6B, 0x8E6B, 0x8E6B, 0x8E6B, 0x8E6B, 0x8E6B, 0x8E6B, 0x8E6B, 0x8E6B, 0x8E6B, 0x8E6B, 0x8E6A, 0x866A,
    0x866A, 0x866A, 0x866A, 0x866A, 0x866A, 0x866A, 0x866A, 0x866A, 0x866A, 0x866A, 0x866A, 0x866A, 0x866A, 0x866A, 0x7E6A, 0x7E6A,
    0x7E6A, 0x7E6A, 0x7E6A, 0x7E6A, 0x7E6A, 0x7E6A, 0x7E6A, 0x7E6A, 0x7E4A, 0x7E4A, 0x7E4A, 0x7649, 0x7649, 0x7649, 0x7649, 0x7649,
    0x7649, 0x7649, 0x7649, 0x7649, 0x7649, 0x7649, 0x7629, 0x7629, 0x6E29, 0x6E29, 0x6E29, 0x6E29, 0x6E29, 0x6E29, 0x6E29, 0x6E29,
    0x6E29, 0x6E29, 0x6E09, 0x6E09, 0x6609, 0x6609, 0x6609, 0x6609, 0x6609, 0x6609, 0x65E9, 0x65E9, 0x65E9, 0x65E9, 0x65E9, 0x65E9,
    0x5DE9, 0x5DE9, 0x5DE9, 0x5DC9, 0x5DC9, 0x5DC9, 0x5DC9, 0x5DC9, 0x5DA9, 0x5DA9, 0x5DA9, 0x55A9, 0x55A9, 0x55A9, 0x55A9, 0x5589,
    0x5589, 0x5589, 0x5589, 0x5589, 0x5569, 0x5569, 0x5568, 0x4D68, 0x4D68, 0x4D68, 0x4D49, 0x4D49, 0x4D48, 0x4D48, 0x4D48, 0x4D48,
    0x4D28, 0x4D28, 0x4D28, 0x4528, 0x4528, 0x4508, 0x4508, 0x4508, 0x4508, 0x4508, 0x44E8, 0x44E8, 0x44E8, 0x44E8, 0x3CC8, 0x3CC8,
    0x960B, 0x960B, 0x9E0B, 0x960B, 0x9E0B, 0x960B, 0x960B, 0x960B, 0x962B, 0x962B, 0x962B, 0x962B, 0x962B, 0x962B, 0x962B, 0x962B,
    0x962B, 0x962B, 0x964B, 0x964B, 0x964B, 0x964B, 0x964B, 0x964B, 0x964B, 0x964B, 0x964B, 0x964B, 0x964B, 0x964B, 0x964B, 0x966B,
    0x964B, 0x964B, 0x966B, 0x966B, 0x966B, 0x966B, 0x966B, 0x966B, 0x8E6B, 0x8E6B, 0x8E6B, 0x8E6B, 0x8E6B, 0x8E6B, 0x8E6B, 0x8E6B,
    0x8E6B, 0x8E6B, 0x8E6B, 0x8E6B, 0x8E6B, 0x8E6B, 0x8E6B, 0x8E6B, 0x8E6B, 0x8E6A, 0x8E6B, 0x866B, 0x866A, 0x866A, 0x866A, 0x866A,
    0x866A, 0x866A, 0x866A, 0x866A, 0x866A, 0x866A, 0x866A, 0x866A, 0x866A, 0x866A, 0x7E6A, 0x7E6A, 0x7E6A, 0x7E6A, 0x7E6A, 0x7E6A,
    0x7E6A, 0x7E6A, 0x7E6A, 0x7E6A, 0x7E4A, 0x7E4A, 0x7E49, 0x7649, 0x7649, 0x7649, 0x7649, 0x7649, 0x7649, 0x7649, 0x7649, 0x7649,
    0x7649, 0x7649, 0x7649, 0x7649, 0x6E49, 0x6E49, 0x6E29, 0x6E29, 0x6E29, 0x6E29, 0x6E29, 0x6E29, 0x6E29, 0x6E29, 0x6E09, 0x6E09,
    0x6609, 0x6609, 0x6609, 0x6609, 0x6609, 0x6609, 0x65E9, 0x65E9, 0x65E9, 0x65E9, 0x65E9, 0x65E9, 0x65E9, 0x5DE9, 0x5DE9, 0x5DC9,
    0x5DC9, 0x5DC9, 0x5DC9, 0x5DC9, 0x5DA9, 0x5DA9, 0x5DA9, 0x5DA9, 0x55A9, 0x55A9, 0x55A9, 0x5589, 0x5589, 0x5589, 0x5589, 0x5589,
    0x5589, 0x5569, 0x5569, 0x4D68, 0x4D68, 0x4D69, 0x4D69, 0x4D49, 0x4D49, 0x4D48, 0x4D48, 0x4D48, 0x4D28, 0x4D28, 0x4528, 0x4528,
    0x4528, 0x4508, 0x4508, 0x4508, 0x4508, 0x4508, 0x44E8, 0x44E8, 0x44E8, 0x44E8, 0x3CE8, 0x3CC8, 0x9E0B, 0x960B, 0x9E0B, 0x9E0B,
    0x960B, 0x960B, 0x962B, 0x962B, 0x962B, 0x962B, 0x962B, 0x962B, 0x962B, 0x962B, 0x962B, 0x964B, 0x964B, 0x964B, 0x964B, 0x964B,
    0x964B, 0x964B, 0x964B, 0x964B, 0x964B, 0x964B, 0x966B, 0x964B, 0x966B, 0x966B, 0x966B, 0x966B, 0x966B, 0x966B, 0x966B, 0x966B,
    0x966B, 0x966B, 0x966B, 0x8E6B, 0x8E6B, 0x8E6B, 0x8E6B, 0x8E6B, 0x8E6B, 0x8E6B, 0x8E6B, 0x8E6B, 0x8E6B, 0x8E6B, 0x8E6B, 0x8E6B,
    0x8E6B, 0x8E6B, 0x8E6B, 0x8E6B, 0x8E6B, 0x8E6B, 0x866A, 0x866A, 0x866A, 0x866A, 0x866A, 0x866A, 0x866A, 0x866A, 0x866A, 0x866A,
    0x866A, 0x866A, 0x866A, 0x866A, 0x866A, 0x7E6A, 0x7E6A, 0x7E6A, 0x7E6A, 0x7E6A, 0x7E6A, 0x7E6A, 0x7E6A, 0x7E6A, 0x7E6A, 0x7E6A,
    0x7E6A, 0x7E6A, 0x7E6A, 0x7649, 0x7649, 0x7649, 0x7649, 0x7649, 0x7649, 0x7649, 0x7649, 0x7649, 0x7649, 0x7649, 0x7649, 0x6E49,
    0x6E49, 0x6E49, 0x6E49, 0x6E49, 0x6E29, 0x6E29, 0x6E29, 0x6E29, 0x6E29, 0x6E29, 0x6E29, 0x6E09, 0x6609, 0x6609, 0x6609, 0x6609,
    0x6609, 0x6609, 0x6609, 0x6609, 0x65E9, 0x65E9, 0x65E9, 0x65E9, 0x5DE9, 0x5DE9, 0x5DC9, 0x5DC9, 0x5DC9, 0x5DC9, 0x5DC9, 0x5DC9,
    0x5DC9, 0x5DC9, 0x5DA9, 0x55A9, 0x55A9, 0x55A9, 0x55A9, 0x55A9, 0x5589, 0x5589, 0x5589, 0x5589, 0x5589, 0x5589, 0x5569, 0x4D69,
    0x4D69, 0x4D69, 0x4D69, 0x4D69, 0x4D49, 0x4D49, 0x4D49, 0x4D48, 0x4D48, 0x4D28, 0x4528, 0x4528, 0x4528, 0x4528, 0x4508, 0x4508,
    0x4508, 0x4508, 0x4508, 0x44E8, 0x3CE8, 0x3CE8, 0x3CE8, 0x3CE8, 0x9E0B, 0x9E0B, 0x960B, 0x960B, 0x960B, 0x962B, 0x962B, 0x962B,
    0x9E2B, 0x962B, 0x962B, 0x962B, 0x962B, 0x962B, 0x964B, 0x964B, 0x964B, 0x964B, 0x964B, 0x964B, 0x964B, 0x964B, 0x964B, 0x964B,
    0x966B, 0x964B, 0x964B, 0x966B, 0x966B, 0x966B, 0x966B, 0x966B, 0x966B, 0x966B, 0x966B, 0x966B, 0x966B, 0x966B, 0x966B, 0x966B,
    0x966B, 0x8E6B, 0x8E6B, 0x8E6B, 0x8E6B, 0x8E6B, 0x8E6B, 0x8E6B, 0x8E6B, 0x8E6B, 0x8E6B, 0x8E6B, 0x8E6B, 0x8E6B, 0x8E6B, 0x8E6B,
    0x8E6B, 0x8E8A, 0x8E6A, 0x866A, 0x866A, 0x866A, 0x866A, 0x866A, 0x866A, 0x866A, 0x866A, 0x866A, 0x866A, 0x866A, 0x866A, 0x866A,
    0x7E6A, 0x7E6A, 0x7E6A, 0x7E6A, 0x7E6A, 0x7E6A, 0x7E6A, 0x7E6A, 0x7E6A, 0x7E6A, 0x7E6A, 0x7E6A, 0x7E6A, 0x7E6A, 0x7E4A, 0x7649,
    0x7669, 0x7649, 0x7649, 0x7649, 0x7649, 0x7649, 0x7649, 0x7649, 0x7649, 0x7649, 0x7649, 0x6E49, 0x6E49, 0x6E49, 0x6E49, 0x6E49,
    0x6E49, 0x6E29, 0x6E29, 0x6E29, 0x6E29, 0x6E29, 0x6E29, 0x6629, 0x6629, 0x6609, 0x6609, 0x6609, 0x6609, 0x6609, 0x6609, 0x6609,
    0x6609, 0x65E9, 0x65E9, 0x5DE9, 0x5DE9, 0x5DE9, 0x5DE9, 0x5DC9, 0x5DC9, 0x5DC9, 0x5DC9, 0x5DC9, 0x5DC9, 0x5DC9, 0x5DC9, 0x55A9,
    0x55A9, 0x55A9, 0x55A9, 0x55A9, 0x55A9, 0x5589, 0x5589, 0x5589, 0x5589, 0x5589, 0x5589, 0x4D69, 0x4D69, 0x4D69, 0x4D69, 0x4D69,
    0x4D69, 0x4D49, 0x4D49, 0x4D49, 0x4D28, 0x4D28, 0x4529, 0x4528, 0x4528, 0x4528, 0x4508, 0x4508, 0x4508, 0x4508, 0x4508, 0x44E8,
    0x44E8, 0x3CE8, 0x3CE8, 0x3CE8, 0x9E0B, 0x960B, 0x9E0B, 0x962B, 0x962B, 0x9E2B, 0x962B, 0x9E2B, 0x962B, 0x962B, 0x962B, 0x962B,
    0x964B, 0x964B, 0x964B, 0x964B, 0x964B, 0x964B, 0x964B, 0x964B, 0x964B, 0x964B, 0x964B, 0x966B, 0x966B, 0x966B, 0x966B, 0x966B,
    0x966B, 0x966B, 0x966B, 0x966B, 0x966B, 0x966B, 0x966B, 0x966B, 0x966B, 0x966B, 0x966B, 0x966B, 0x8E6B, 0x8E6B, 0x8E6B, 0x8E6B,
    0x8E6B, 0x8E6B, 0x8E6B, 0x8E8B, 0x8E6B, 0x8E6B, 0x8E8B, 0x8E8B, 0x8E6B, 0x8E6B, 0x8E8B, 0x8E8B, 0x8E8B, 0x8E6A, 0x8E6B, 0x868B,
    0x868A, 0x868A, 0x866A, 0x866A, 0x868A, 0x868A, 0x866A, 0x866A, 0x866A, 0x866A, 0x866A, 0x866A, 0x866A, 0x866A, 0x7E6A, 0x7E6A,
    0x7E6A, 0x7E6A, 0x7E6A, 0x7E6A, 0x7E6A, 0x7E6A, 0x7E6A, 0x7E6A, 0x7E6A, 0x7E6A, 0x7E69, 0x7669, 0x7669, 0x7649, 0x7649, 0x7649,
    0x7649, 0x7649, 0x7649, 0x7649, 0x7649, 0x7649, 0x6E49, 0x6E49, 0x6E49, 0x6E49, 0x6E49, 0x6E49, 0x6E49, 0x6E49, 0x6E29, 0x6E29,
    0x6E29, 0x6E29, 0x6E29, 0x6E29, 0x6629, 0x6629, 0x6609, 0x6609, 0x6609, 0x6609, 0x6609, 0x6609, 0x6609, 0x6609, 0x65E9, 0x5DE9,
    0x5DE9, 0x5DE9, 0x5DE9, 0x5DE9, 0x5DE9, 0x5DC9, 0x5DC9, 0x5DC9, 0x5DC9, 0x5DC9, 0x5DC9, 0x55A9, 0x55A9, 0x55A9, 0x55A9, 0x55A9,
    0x55A9, 0x5589, 0x5589, 0x5589, 0x5589, 0x5589, 0x5569, 0x4D69, 0x4D69, 0x4D69, 0x4D69, 0x4D69, 0x4D49, 0x4D49, 0x4D49, 0x4D49,
    0x4D49, 0x4D29, 0x4529, 0x4529, 0x4529, 0x4529, 0x4528, 0x4508, 0x4508, 0x4508, 0x4508, 0x4508, 0x3D08, 0x3CE8, 0x3CE8, 0x3CE8,
    0x9E0B, 0x9E0B, 0x9E2B, 0x9E2B, 0x9E2B, 0x9E2B, 0x9E2B, 0x962B, 0x962B, 0x964B, 0x964B, 0x964B, 0x964B, 0x964B, 0x964B, 0x964B,
    0x964B, 0x964B, 0x964B, 0x964B, 0x966B, 0x966B, 0x966B, 0x966B, 0x966B, 0x966B, 0x966B, 0x966B, 0x966B, 0x966B, 0x966B, 0x966B,
    0x966B, 0x966B, 0x966B, 0x966B, 0x966B, 0x966B, 0x966B, 0x8E6B, 0x8E8B, 0x8E8B, 0x8E6B, 0x8E8B, 0x8E8B, 0x8E8B, 0x8E8B, 0x8E8B,
    0x8E8B, 0x8E8B, 0x8E8B, 0x8E8B, 0x8E8B, 0x8E8B, 0x8E8B, 0x8E8B, 0x8E8B, 0x868B, 0x8E8A, 0x868A, 0x868A, 0x868A, 0x868A, 0x868A,
    0x868A, 0x868A, 0x868A, 0x868A, 0x868A, 0x868A, 0x866A, 0x868A, 0x868A, 0x868A, 0x7E6A, 0x7E6A, 0x7E6A, 0x7E6A, 0x7E6A, 0x7E6A,
    0x7E6A, 0x7E6A, 0x7E6A, 0x7E6A, 0x7E6A, 0x7669, 0x7669, 0x7669, 0x7669, 0x7669, 0x7669, 0x7669, 0x7669, 0x7649, 0x7649, 0x7649,
    0x7649, 0x7649, 0x7649, 0x6E49, 0x6E49, 0x6E49, 0x6E49, 0x6E49, 0x6E49, 0x6E49, 0x6E49, 0x6E49, 0x6E29, 0x6E29, 0x6629, 0x6629,
    0x6629, 0x6629, 0x6609, 0x6609, 0x6609, 0x6609, 0x6609, 0x6609, 0x6609, 0x6609, 0x5DE9, 0x5DE9, 0x5DE9, 0x5DE9, 0x5DE9, 0x5DE9,
    0x5DE9, 0x5DC9, 0x5DC9, 0x5DC9, 0x5DC9, 0x5DC9, 0x5DC9, 0x55C9, 0x55A9, 0x55A9, 0x55A9, 0x55A9, 0x55A9, 0x55A9, 0x5589, 0x5589,
    0x5589, 0x5589, 0x4D89, 0x4D69, 0x4D69, 0x4D69, 0x4D69, 0x4D69, 0x4D69, 0x4D49, 0x4D49, 0x4D49, 0x4D49, 0x4549, 0x4529, 0x4529,
    0x4529, 0x4529, 0x4529, 0x4529, 0x4508, 0x4508, 0x4509, 0x4509, 0x44E8, 0x3CE8, 0x3CE8, 0x3CE8, 0x9E0B, 0x9E2B, 0x9E2B, 0x9E2B,
    0x9E2B, 0x9E2B, 0x9E2B, 0x962B, 0x964B, 0x962B, 0x964B, 0x964B, 0x964B, 0x964B, 0x964B, 0x964B, 0x964B, 0x964B, 0x964B, 0x966B,
    0x966B, 0x966B, 0x966B, 0x966B, 0x966B, 0x966B, 0x966B, 0x966B, 0x966B, 0x966B, 0x966B, 0x966B, 0x966B, 0x966B, 0x966B, 0x966B,
    0x968B, 0x966B, 0x966B, 0x8E8B, 0x8E8B, 0x8E8B, 0x8E8B, 0x8E8B, 0x8E8B, 0x8E8B, 0x8E8B, 0x8E8B, 0x8E8B, 0x8E8B, 0x8E8B, 0x8E8B,
    0x8E8B, 0x8E8B, 0x8E8B, 0x8E8B, 0x8E8B, 0x868B, 0x868A, 0x868A, 0x868A, 0x868A, 0x868A, 0x868A, 0x868A, 0x868A, 0x868A, 0x868A,
    0x868A, 0x868A, 0x868A, 0x868A, 0x868A, 0x7E8A, 0x7E6A, 0x7E6A, 0x7E8A, 0x7E8A, 0x7E6A, 0x7E6A, 0x7E6A, 0x7E6A, 0x7E6A, 0x7E6A,
    0x7E6A, 0x7E6A, 0x766A, 0x7669, 0x7669, 0x7669, 0x7669, 0x7669, 0x7669, 0x7669, 0x7669, 0x7669, 0x7649, 0x7649, 0x7649, 0x6E49,
    0x6E49, 0x6E49, 0x6E49, 0x6E49, 0x6E49, 0x6E49, 0x6E49, 0x6E29, 0x6E29, 0x6E29, 0x6629, 0x6629, 0x6629, 0x6629, 0x6629, 0x6609,
    0x6609, 0x6609, 0x6609, 0x6609, 0x6609, 0x6609, 0x65E9, 0x5DE9, 0x5DE9, 0x5DE9, 0x5DE9, 0x5DE9, 0x5DE9, 0x5DC9, 0x5DC9, 0x5DC9,
    0x5DC9, 0x5DC9, 0x5DC9, 0x55C9, 0x55A9, 0x55A9, 0x55A9, 0x55A9, 0x55A9, 0x5589, 0x5589, 0x5589, 0x5589, 0x5589, 0x4D89, 0x4D69,
    0x4D89, 0x4D69, 0x4D69, 0x4D69, 0x4D69, 0x4D49, 0x4D49, 0x4D49, 0x4549, 0x4549, 0x4529, 0x4529, 0x4529, 0x4529, 0x4529, 0x4529,
    0x4508, 0x4509, 0x4509, 0x4509, 0x3D08, 0x3CE8, 0x3CE8, 0x3CE8, 0x9E2B, 0x9E2B, 0x9E2B, 0x9E2B, 0x9E2B, 0x962B, 0x9E4B, 0x964B,
    0x9E4B, 0x9E4B, 0x964B, 0x9E4B, 0x964B, 0x964B, 0x964B, 0x966B, 0x966B, 0x966B, 0x966B, 0x966B, 0x966B, 0x966B, 0x966B, 0x966B,
    0x966B, 0x966B, 0x966B, 0x966B, 0x966B, 0x966B, 0x966B, 0x966B, 0x966B, 0x966B, 0x968B, 0x966B, 0x968B, 0x968B, 0x968B, 0x968B,
    0x8E8B, 0x8E8B, 0x8E8B, 0x8E8B, 0x8E8B, 0x8E8B, 0x8E8B, 0x8E8B, 0x8E8B, 0x8E8B, 0x8E8B, 0x8E8B, 0x8E8B, 0x8E8B, 0x8E8B, 0x8E8B,
    0x8E8B, 0x8E8B, 0x868B, 0x868B, 0x868A, 0x868A, 0x868A, 0x868A, 0x868A, 0x868A, 0x868A, 0x868A, 0x868A, 0x868A, 0x868A, 0x868A,
    0x7E8A, 0x7E8A, 0x7E8A, 0x7E8A, 0x7E8A, 0x7E8A, 0x7E8A, 0x7E8A, 0x7E8A, 0x7E8A, 0x7E6A, 0x7E6A, 0x7E6A, 0x7669, 0x7669, 0x7669,
    0x7669, 0x7669, 0x7669, 0x7669, 0x7669, 0x7669, 0x7669, 0x7669, 0x7669, 0x6E49, 0x6E49, 0x6E49, 0x6E49, 0x6E49, 0x6E49, 0x6E49,
    0x6E49, 0x6E49, 0x6E29, 0x6E29, 0x6E29, 0x6E29, 0x6629, 0x6629, 0x6629, 0x6629, 0x6629, 0x6629, 0x6629, 0x6609, 0x6609, 0x6609,
    0x6609, 0x6609, 0x5E09, 0x5DE9, 0x5DE9, 0x5DE9, 0x5DE9, 0x5DE9, 0x5DE9, 0x5DE9, 0x5DE9, 0x5DC9, 0x5DC9, 0x5DC9, 0x55C9, 0x55C9,
    0x55C9, 0x55A9, 0x55A9, 0x55A9, 0x55A9, 0x55A9, 0x55A9, 0x5589, 0x5589, 0x4D89, 0x4D89, 0x4D89, 0x4D69, 0x4D69, 0x4D69, 0x4D69,
    0x4D69, 0x4D69, 0x4D49, 0x4D49, 0x4D49, 0x4549, 0x4549, 0x4529, 0x4529, 0x4529, 0x4529, 0x4529, 0x4529, 0x4509, 0x4509, 0x4509,
    0x3D09, 0x3CE9, 0x3CE8, 0x3CE8, 0x9E2B, 0x9E2B, 0x9E2B, 0x9E2B, 0x9E2B, 0x9E4B, 0x9E4B, 0x9E4B, 0x964B, 0x9E4B, 0x9E4B, 0x964B,
    0x964B, 0x966B, 0x966B, 0x966B, 0x966B, 0x966B, 0x966B, 0x966B, 0x966B, 0x966B, 0x966B, 0x966B, 0x966B, 0x966B, 0x966B, 0x966B,
    0x966B, 0x966B, 0x966B, 0x966B, 0x968B, 0x968B, 0x968B, 0x968B, 0x968B, 0x968B, 0x8E8B, 0x8E8B, 0x8E8B, 0x8E8B, 0x8E8B, 0x8E8B,
    0x8E8B, 0x8E8B, 0x8E8B, 0x8E8B, 0x8E8B, 0x8E8B, 0x8E8B, 0x8E8B, 0x8E8B, 0x8E8B, 0x8E8B, 0x8E8B, 0x8E8B, 0x868B, 0x868A, 0x868A,
    0x868A, 0x868A, 0x868A, 0x868A, 0x868A, 0x868A, 0x868A, 0x868A, 0x868A, 0x868A, 0x868A, 0x868A, 0x7E8A, 0x7E8A, 0x7E8A, 0x7E8A,
    0x7E8A, 0x7E8A, 0x7E8A, 0x7E8A, 0x7E8A, 0x7E8A, 0x7E8A, 0x7E8A, 0x7E89, 0x7669, 0x7669, 0x7669, 0x7669, 0x7669, 0x7669, 0x7669,
    0x7669, 0x7669, 0x7669, 0x7669, 0x7669, 0x6E69, 0x6E69, 0x6E49, 0x6E49, 0x6E49, 0x6E49, 0x6E49, 0x6E49, 0x6E49, 0x6E49, 0x6E49,
    0x6629, 0x6629, 0x6629, 0x6629, 0x6629, 0x6629, 0x6629, 0x6629, 0x6629, 0x6609, 0x6609, 0x6609, 0x6609, 0x6609, 0x5E09, 0x5DE9,
    0x5DE9, 0x5DE9, 0x5DE9, 0x5DE9, 0x5DE9, 0x5DE9, 0x5DC9, 0x5DC9, 0x5DC9, 0x55C9, 0x55C9, 0x55C9, 0x55C9, 0x55C9, 0x55C9, 0x55A9,
    0x55A9, 0x55A9, 0x55A9, 0x55A9, 0x5589, 0x4D89, 0x4D89, 0x4D89, 0x4D69, 0x4D89, 0x4D69, 0x4D69, 0x4D69, 0x4D69, 0x4D69, 0x4D49,
    0x4549, 0x4549, 0x4549, 0x4529, 0x4529, 0x4529, 0x4529, 0x4529, 0x4529, 0x4509, 0x4509, 0x3D09, 0x3D09, 0x3D09, 0x3CE9, 0x3CE9,
    0x9E2B, 0x9E2B, 0x9E2B, 0x9E2B, 0x9E4B, 0x9E4B, 0x9E4B, 0x9E4B, 0x9E4B, 0x9E4B, 0x964B, 0x964B, 0x964B, 0x966B, 0x966B, 0x966B,
    0x966B, 0x966B, 0x966B, 0x966B, 0x966B, 0x966B, 0x966B, 0x966B, 0x966B, 0x966B, 0x966B, 0x968B, 0x966B, 0x966B, 0x968B, 0x968B,
    0x968B, 0x968B, 0x968B, 0x968B, 0x968B, 0x968B, 0x8E8B, 0x8E8B, 0x8E8B, 0x8E8B, 0x8E8B, 0x8E8B, 0x8E8B, 0x8E8B, 0x8E8B, 0x8E8B,
    0x8E8B, 0x8E8B, 0x8E8B, 0x8E8B, 0x8E8B, 0x8E8B, 0x8E8B, 0x8E8B, 0x868B, 0x868A, 0x868A, 0x868A, 0x868A, 0x868A, 0x868A, 0x868A,
    0x868A, 0x868A, 0x868A, 0x868A, 0x868A, 0x868A, 0x868A, 0x7E8A, 0x7E8A, 0x7E8A, 0x7E8A, 0x7E8A, 0x7E8A, 0x7E8A, 0x7E8A, 0x7E8A,
    0x7E8A, 0x7E8A, 0x7E8A, 0x7E8A, 0x7E69, 0x7669, 0x7669, 0x7669, 0x7669, 0x7669, 0x7669, 0x7669, 0x7669, 0x7669, 0x7669, 0x7669,
    0x7669, 0x6E69, 0x6E69, 0x6E69, 0x6E69, 0x6E49, 0x6E49, 0x6E49, 0x6E49, 0x6E49, 0x6E49, 0x6E49, 0x6E49, 0x6629, 0x6629, 0x6629,
    0x6629, 0x6629, 0x6629, 0x6629, 0x6629, 0x6629, 0x6609, 0x6609, 0x6609, 0x5E09, 0x5E09, 0x5DE9, 0x5DE9, 0x5DE9, 0x5DE9, 0x5DE9,
    0x5DE9, 0x5DE9, 0x5DE9, 0x5DE9, 0x5DC9, 0x55C9, 0x55C9, 0x55C9, 0x55C9, 0x55C9, 0x55A9, 0x55A9, 0x55A9, 0x55A9, 0x55A9, 0x55A9,
    0x5589, 0x4D89, 0x4D89, 0x4D89, 0x4D89, 0x4D69, 0x4D69, 0x4D69, 0x4D69, 0x4D69, 0x4D69, 0x4D49, 0x4549, 0x4549, 0x4549, 0x4549,
    0x4549, 0x4529, 0x4529, 0x4529, 0x4529, 0x4529, 0x4509, 0x3D09, 0x3D09, 0x3D09, 0x3CE9, 0x3CE9, 0x9E2B, 0x9E2B, 0x9E4B, 0x9E4B,
    0x9E4B, 0x9E4B, 0x9E4B, 0x9E4B, 0x9E4B, 0x964B, 0x964B, 0x9E6B, 0x9E6B, 0x966B, 0x966B, 0x966B, 0x966B, 0x966B, 0x966B, 0x966B,
    0x966B, 0x966B, 0x966B, 0x966B, 0x966B, 0x968B, 0x968B, 0x968B, 0x968B, 0x968B, 0x968B, 0x968B, 0x968B, 0x968B, 0x968B, 0x968B,
    0x968B, 0x968B, 0x968B, 0x968B, 0x8E8B, 0x8E8B, 0x8E8B, 0x8E8B, 0x8E8B, 0x8EAB, 0x8E8B, 0x8E8B, 0x8E8B, 0x8EAB, 0x8E8B, 0x8E8B,
    0x8E8B, 0x8EAB, 0x8EAB, 0x8E8B, 0x8E8A, 0x868A, 0x86AB, 0x86AA, 0x868A, 0x868A, 0x868A, 0x868A, 0x868A, 0x868A, 0x868A, 0x868A,
    0x868A, 0x868A, 0x7E8A, 0x7E8A, 0x7E8A, 0x7E8A, 0x7E8A, 0x7E8A, 0x7E8A, 0x7E8A, 0x7E8A, 0x7E8A, 0x7E8A, 0x7E8A, 0x7E8A, 0x7E8A,
    0x768A, 0x7689, 0x7689, 0x7669, 0x7669, 0x7669, 0x7669, 0x7669, 0x7669, 0x7669, 0x7669, 0x6E69, 0x6E69, 0x6E69, 0x6E69, 0x6E69,
    0x6E69, 0x6E49, 0x6E49, 0x6E49, 0x6E49, 0x6E49, 0x6E49, 0x6E49, 0x6649, 0x6629, 0x6629, 0x6629, 0x6629, 0x6629, 0x6629, 0x6629,
    0x6629, 0x6609, 0x6609, 0x6609, 0x5E09, 0x5E09, 0x5E09, 0x5E09, 0x5E09, 0x5DE9, 0x5DE9, 0x5DE9, 0x5DE9, 0x5DE9, 0x5DE9, 0x5DE9,
    0x5DE9, 0x55C9, 0x55C9, 0x55C9, 0x55C9, 0x55A9, 0x55A9, 0x55A9, 0x55A9, 0x55A9, 0x55A9, 0x55A9, 0x4DA9, 0x4D89, 0x4D89, 0x4D89,
    0x4D89, 0x4D89, 0x4D89, 0x4D69, 0x4D69, 0x4D69, 0x4D69, 0x4569, 0x4549, 0x4549, 0x4549, 0x4549, 0x4549, 0x4549, 0x4529, 0x4529,
    0x4529, 0x4529, 0x4509, 0x3D09, 0x3D09, 0x3D09, 0x3D09, 0x3CE9, 0x9E2B, 0x9E4B, 0x9E4B, 0x9E4B, 0x9E4B, 0x9E4B, 0x9E4B, 0x9E4B,
    0x964B, 0x9E4B, 0x9E6B, 0x966B, 0x9E6B, 0x966B, 0x966B, 0x966B, 0x966B, 0x966B, 0x966B, 0x966B, 0x966B, 0x966B, 0x966B, 0x966B,
    0x968B, 0x968B, 0x968B, 0x968B, 0x968B, 0x968B, 0x968B, 0x968B, 0x968B, 0x968B, 0x968B, 0x968B, 0x968B, 0x968B, 0x968B, 0x8E8B,
    0x8E8B, 0x8E8B, 0x8E8B, 0x8E8B, 0x8EAB, 0x8E8B, 0x8E8B, 0x8EAB, 0x8EAB, 0x8EAB, 0x8E8B, 0x8EAB, 0x8EAB, 0x8EAB, 0x8EAB, 0x86AB,
    0x86AB, 0x86AB, 0x86AA, 0x868A, 0x868A, 0x868A, 0x868A, 0x868A, 0x868A, 0x868A, 0x868A, 0x868A, 0x868A, 0x868A, 0x7E8A, 0x7E8A,
    0x7E8A, 0x7E8A, 0x7E8A, 0x7E8A, 0x7E8A, 0x7E8A, 0x7E8A, 0x7E8A, 0x7E8A, 0x7E8A, 0x7E8A, 0x7E8A, 0x768A, 0x7689, 0x7689, 0x7669,
    0x7669, 0x7669, 0x7669, 0x7669, 0x7669, 0x7669, 0x7669, 0x6E69, 0x6E69, 0x6E69, 0x6E69, 0x6E69, 0x6E69, 0x6E69, 0x6E49, 0x6E49,
    0x6E49, 0x6E49, 0x6E49, 0x6E49, 0x6649, 0x6649, 0x6629, 0x6629, 0x6629, 0x6629, 0x6629, 0x6629, 0x6629, 0x6609, 0x6609, 0x6609,
    0x6609, 0x5E09, 0x5E09, 0x5E09, 0x5E09, 0x5DE9, 0x5DE9, 0x5DE9, 0x5DE9, 0x5DE9, 0x5DE9, 0x5DE9, 0x5DE9, 0x55C9, 0x55C9, 0x55C9,
    0x55C9, 0x55C9, 0x55C9, 0x55A9, 0x55A9, 0x55A9, 0x55A9, 0x55A9, 0x4DA9, 0x4D89, 0x4D89, 0x4D89, 0x4D89, 0x4D89, 0x4D69, 0x4D69,
    0x4D69, 0x4D69, 0x4D69, 0x4569, 0x4549, 0x4549, 0x4549, 0x4549, 0x4549, 0x4549, 0x4529, 0x4529, 0x4529, 0x4529, 0x3D29, 0x3D09,
    0x3D09, 0x3D09, 0x3D09, 0x3CE9, 0x9E4B, 0x9E4B, 0x9E4B, 0x9E4B, 0x9E4B, 0x9E4B, 0x9E4B, 0x9E4B, 0x9E6B, 0x9E6B, 0x9E6B, 0x9E6B,
    0x966B, 0x966B, 0x966B, 0x966B, 0x966B, 0x966B, 0x966B, 0x966B, 0x968B, 0x966B, 0x968B, 0x968B, 0x968B, 0x968B, 0x968B, 0x968B,
    0x968B, 0x968B, 0x968B, 0x968B, 0x968B, 0x968B, 0x968B, 0x968B, 0x968B, 0x968B, 0x8EAB, 0x8EAB, 0x8E8B, 0x8EAB, 0x8EAB, 0x8EAB,
    0x8EAB, 0x8EAB, 0x8EAB, 0x8EAB, 0x8EAB, 0x8EAB, 0x8EAB, 0x8EAB, 0x8EAB, 0x8EAB, 0x86AB, 0x86AB, 0x86AB, 0x86AA, 0x868A, 0x868A,
    0x868A, 0x86AA, 0x868A, 0x868A, 0x868A, 0x868A, 0x868A, 0x868A, 0x868A, 0x7E8A, 0x7E8A, 0x7E8A, 0x7E8A, 0x7E8A, 0x7E8A, 0x7E8A,
    0x7E8A, 0x7E8A, 0x7E8A, 0x7E8A, 0x7E8A, 0x7E8A, 0x7E8A, 0x7689, 0x7689, 0x7689, 0x7689, 0x7689, 0x7689, 0x7689, 0x7669, 0x7669,
    0x7669, 0x7669, 0x7669, 0x6E69, 0x6E69, 0x6E69, 0x6E69, 0x6E69, 0x6E69, 0x6E69, 0x6E69, 0x6E69, 0x6E49, 0x6E49, 0x6E49, 0x6E49,
    0x6649, 0x6649, 0x6649, 0x6629, 0x6629, 0x6629, 0x6629, 0x6629, 0x6629, 0x6629, 0x6609, 0x6609, 0x5E09, 0x5E09, 0x5E09, 0x5E09,
    0x5E09, 0x5E09, 0x5DE9, 0x5DE9, 0x5DE9, 0x5DE9, 0x5DE9, 0x5DE9, 0x55C9, 0x55C9, 0x55C9, 0x55C9, 0x55C9, 0x55C9, 0x55C9, 0x55C9,
    0x55A9, 0x55A9, 0x55A9, 0x4DA9, 0x4DA9, 0x4DA9, 0x4D89, 0x4D89, 0x4D89, 0x4D89, 0x4D89, 0x4D89, 0x4D69, 0x4D69, 0x4D69, 0x4569,
    0x4569, 0x4549, 0x4549, 0x4549, 0x4549, 0x4549, 0x4549, 0x4529, 0x4529, 0x4529, 0x3D29, 0x3D09, 0x3D09, 0x3D09, 0x3D09, 0x3D09,
    0x9E4C, 0x9E4B, 0x9E4B, 0x9E4B, 0x9E4B, 0x9E6B, 0x9E4B, 0x9E6B, 0x9E6B, 0x9E6B, 0x9E6B, 0x966B, 0x966B, 0x966B, 0x966B, 0x966B,
    0x966B, 0x966B, 0x968B, 0x968B, 0x968B, 0x968B, 0x968B, 0x968B, 0x968B, 0x968B, 0x968B, 0x968B, 0x968B, 0x968B, 0x968B, 0x968B,
    0x968B, 0x96AB, 0x968B, 0x96AB, 0x96AB, 0x8EAB, 0x8E8B, 0x8EAB, 0x8EAB, 0x8EAB, 0x8EAB, 0x8EAB, 0x8EAB, 0x8EAB, 0x8EAB, 0x8EAB,
    0x8EAB, 0x8EAB, 0x8EAB, 0x8EAB, 0x8EAB, 0x8EAB, 0x8EAB, 0x86AB, 0x86AB, 0x868A, 0x868A, 0x86AA, 0x86AA, 0x86AA, 0x868A, 0x868A,
    0x86AA, 0x86AA, 0x86AA, 0x868A, 0x7E8A, 0x7EAA, 0x7E8A, 0x7E8A, 0x7E8A, 0x7E8A, 0x7E8A, 0x7E8A, 0x7E8A, 0x7E8A, 0x7E8A, 0x7E8A,
    0x7E8A, 0x7E8A, 0x7689, 0x7689, 0x7689, 0x7689, 0x7689, 0x7689, 0x7689, 0x7689, 0x7669, 0x7669, 0x7669, 0x6E69, 0x6E69, 0x6E69,
    0x6E69, 0x6E69, 0x6E69, 0x6E69, 0x6E69, 0x6E69, 0x6E69, 0x6E49, 0x6E49, 0x6E49, 0x6E49, 0x6649, 0x6649, 0x6649, 0x6649, 0x6649,
    0x6629, 0x6629, 0x6629, 0x6629, 0x6629, 0x6629, 0x6629, 0x6609, 0x5E09, 0x5E09, 0x5E09, 0x5E09, 0x5E09, 0x5E09, 0x5E09, 0x5E09,
    0x5DE9, 0x5DE9, 0x5DE9, 0x5DE9, 0x55E9, 0x55C9, 0x55C9, 0x55C9, 0x55C9, 0x55C9, 0x55C9, 0x55C9, 0x55A9, 0x55A9, 0x55A9, 0x55A9,
    0x4DA9, 0x4DA9, 0x4D89, 0x4D89, 0x4D89, 0x4D89, 0x4D89, 0x4D89, 0x4D69, 0x4D69, 0x4569, 0x4569, 0x4569, 0x4549, 0x4549, 0x4549,
    0x4549, 0x4549, 0x4549, 0x4529, 0x4529, 0x3D29, 0x3D29, 0x3D29, 0x3D09, 0x3D09, 0x3D09, 0x3D09, 0x9E4B, 0x9E4B, 0x9E4B, 0x9E4B,
    0x9E6B, 0x9E6C, 0x9E6B, 0x9E6B, 0x9E6B, 0x9E6B, 0x966B, 0x966B, 0x966B, 0x966B, 0x966B, 0x966B, 0x966B, 0x968B, 0x968B, 0x968B,
    0x968B, 0x968B, 0x968B, 0x968B, 0x968B, 0x968B, 0x968B, 0x968B, 0x968B, 0x968B, 0x968B, 0x968B, 0x96AB, 0x968B, 0x96AB, 0x96AB,
    0x8EAB, 0x8EAB, 0x8EAB, 0x8EAB, 0x8EAB, 0x8EAB, 0x8EAB, 0x8EAB, 0x8EAB, 0x8EAB, 0x8EAB, 0x8EAB, 0x8EAB, 0x8EAB, 0x8EAB, 0x8EAB,
    0x8EAB, 0x8EAB, 0x86AB, 0x86AA, 0x86AA, 0x86AA, 0x86AA, 0x86AA, 0x86AA, 0x86AA, 0x86AA, 0x86AA, 0x86AA, 0x86AA, 0x86AA, 0x86AA,
    0x86AA, 0x7EAA, 0x7E8A, 0x7E8A, 0x7E8A, 0x7E8A, 0x7E8A, 0x7E8A, 0x7E8A, 0x7E8A, 0x7E8A, 0x7E8A, 0x7E8A, 0x7E8A, 0x768A, 0x768A,
    0x7689, 0x7689, 0x7689, 0x7689, 0x7689, 0x7689, 0x7689, 0x7689, 0x7689, 0x7669, 0x7669, 0x6E69, 0x6E69, 0x6E69, 0x6E69, 0x6E69,
    0x6E69, 0x6E69, 0x6E49, 0x6E49, 0x6E49, 0x6E49, 0x6E49, 0x6649, 0x6649, 0x6649, 0x6649, 0x6649, 0x6649, 0x6629, 0x6629, 0x6629,
    0x6629, 0x6629, 0x6629, 0x6609, 0x5E09, 0x5E09, 0x5E09, 0x5E09, 0x5E09, 0x5E09, 0x5E09, 0x5DE9, 0x5DE9, 0x5DE9, 0x5DE9, 0x55E9,
    0x55E9, 0x55C9, 0x55C9, 0x55C9, 0x55C9, 0x55C9, 0x55C9, 0x55C9, 0x55C9, 0x55A9, 0x55A9, 0x4DA9, 0x4DA9, 0x4DA9, 0x4DA9, 0x4D89,
    0x4D89, 0x4D89, 0x4D89, 0x4D89, 0x4D89, 0x4D69, 0x4569, 0x4569, 0x4569, 0x4569, 0x4549, 0x4549, 0x4549, 0x4549, 0x4549, 0x4549,
    0x4529, 0x3D29, 0x3D29, 0x3D29, 0x3D09, 0x3D09, 0x3D09, 0x3D09, 0x9E4B, 0x9E4C, 0x9E6B, 0x9E6B, 0x9E6C, 0x9E6B, 0x9E6B, 0x9E6C,
    0x9E6B, 0x966B, 0x9E6B, 0x966B, 0x9E6B, 0x966B, 0x966B, 0x968B, 0x968B, 0x968B, 0x968B, 0x968B, 0x968B, 0x968B, 0x968B, 0x968B,
    0x968B, 0x968B, 0x968B, 0x968B, 0x968B, 0x96AB, 0x96AB, 0x96AB, 0x96AB, 0x96AB, 0x96AB, 0x96AB, 0x96AB, 0x96AB, 0x8EAB, 0x8EAB,
    0x8EAB, 0x8EAB, 0x8EAB, 0x8EAB, 0x8EAB, 0x8EAB, 0x8EAB, 0x8EAB, 0x8EAB, 0x8EAB, 0x8EAB, 0x8EAB, 0x8EAB, 0x86AB, 0x86AB, 0x86AB,
    0x86AB, 0x86AA, 0x86AA, 0x86AA, 0x86AA, 0x86AA, 0x86AA, 0x86AA, 0x86AA, 0x86AA, 0x86AA, 0x86AA, 0x7EAA, 0x7E8A, 0x7EAA, 0x7EAA,
    0x7EAA, 0x7E8A, 0x7E8A, 0x7E8A, 0x7E8A, 0x7E8A, 0x7E8A, 0x7E8A, 0x7E8A, 0x768A, 0x768A, 0x7689, 0x7689, 0x7689, 0x7689, 0x7689,
    0x7689, 0x7689, 0x7689, 0x7689, 0x7689, 0x7689, 0x6E69, 0x6E69, 0x6E69, 0x6E69, 0x6E69, 0x6E69, 0x6E69, 0x6E69, 0x6E69, 0x6E49,
    0x6E49, 0x6E49, 0x6E49, 0x6649, 0x6649, 0x6649, 0x6649, 0x6649, 0x6629, 0x6629, 0x6629, 0x6629, 0x6629, 0x6629, 0x6629, 0x5E29,
    0x5E09, 0x5E09, 0x5E09, 0x5E09, 0x5E09, 0x5E09, 0x5E09, 0x5E09, 0x5E09, 0x5DE9, 0x55E9, 0x55E9, 0x55E9, 0x55E9, 0x55C9, 0x55C9,
    0x55C9, 0x55C9, 0x55C9, 0x55C9, 0x55C9, 0x55A9, 0x4DA9, 0x4DA9, 0x4DA9, 0x4DA9, 0x4DA9, 0x4DA9, 0x4D89, 0x4D89, 0x4D89, 0x4D89,
    0x4D69, 0x4569, 0x4569, 0x4569, 0x4569, 0x4549, 0x4549, 0x4549, 0x4549, 0x4549, 0x4549, 0x4529, 0x4529, 0x3D29, 0x3D29, 0x3D29,
    0x3D29, 0x3D09, 0x3D09, 0x3D09, 0x9E4C, 0x9E4B, 0x9E6B, 0x9E6C, 0x9E6B, 0x9E6B, 0x9E6C, 0x9E6B, 0x966B, 0x9E6C, 0x9E6B, 0x966B,
    0x966C, 0x966B, 0x968B, 0x968B, 0x968B, 0x968B, 0x968B, 0x968B, 0x968B, 0x968B, 0x968B, 0x968B, 0x968B, 0x96AB, 0x96AB, 0x968B,
    0x96AB, 0x96AB, 0x96AB, 0x96AB, 0x96AB, 0x96AB, 0x96AB, 0x96AB, 0x96AB, 0x8EAB, 0x8EAB, 0x8EAB, 0x8EAB, 0x8EAB, 0x8EAB, 0x8EAB,
    0x8EAB, 0x8EAB, 0x8EAB, 0x8EAB, 0x8EAB, 0x8EAB, 0x8EAB, 0x8EAB, 0x8EAB, 0x8EAB, 0x86AB, 0x86AB, 0x86AA, 0x86AA, 0x86AA, 0x86AA,
    0x86AA, 0x86AA, 0x86AA, 0x86AA, 0x86AA, 0x86AA, 0x86AA, 0x7EAA, 0x7EAA, 0x7EAA, 0x7EAA, 0x7EAA, 0x7EAA, 0x7EAA, 0x7EAA, 0x7EAA,
    0x7EAA, 0x7E8A, 0x7E8A, 0x7E8A, 0x768A, 0x768A, 0x7689, 0x7689, 0x7689, 0x7689, 0x7689, 0x7689, 0x7689, 0x7689, 0x7689, 0x7689,
    0x7689, 0x6E89, 0x6E69, 0x6E69, 0x6E69, 0x6E69, 0x6E69, 0x6E69, 0x6E69, 0x6E69, 0x6E69, 0x6E49, 0x6E49, 0x6E49, 0x6649, 0x6649,
    0x6649, 0x6649, 0x6649, 0x6649, 0x6649, 0x6649, 0x6629, 0x6629, 0x6629, 0x6629, 0x6629, 0x5E29, 0x5E09, 0x5E09, 0x5E09, 0x5E09,
    0x5E09, 0x5E09, 0x5E09, 0x5E09, 0x5DE9, 0x5DE9, 0x55E9, 0x55E9, 0x55E9, 0x55E9, 0x55C9, 0x55C9, 0x55C9, 0x55C9, 0x55C9, 0x55C9,
    0x55C9, 0x55C9, 0x4DA9, 0x4DA9, 0x4DA9, 0x4DA9, 0x4DA9, 0x4DA9, 0x4D89, 0x4D89, 0x4D89, 0x4D89, 0x4D89, 0x4569, 0x4569, 0x4569,
    0x4569, 0x4569, 0x4549, 0x4549, 0x4549, 0x4549, 0x4549, 0x4529, 0x3D29, 0x3D29, 0x3D29, 0x3D29, 0x3D09, 0x3D09, 0x3D09, 0x3D09,
    0x9E6B, 0x9E6B, 0x9E6C, 0x9E6B, 0x9E6B, 0x9E6C, 0x9E6B, 0x9E6C, 0x9E6C, 0x9E6B, 0x9E8C, 0x9E6C, 0x968B, 0x968B, 0x968C, 0x968B,
    0x968B, 0x968B, 0x968B, 0x968B, 0x968B, 0x968B, 0x968B, 0x968B, 0x96AB, 0x968B, 0x96AB, 0x96AB, 0x96AB, 0x96AB, 0x96AB, 0x96AB,
    0x96AB, 0x96AB, 0x96AB, 0x96AB, 0x8EAB, 0x8EAB, 0x8EAB, 0x8EAB, 0x8EAB, 0x8EAB, 0x8EAB, 0x8EAB, 0x8EAB, 0x8EAB, 0x8EAB, 0x8EAB,
    0x8EAB, 0x8EAB, 0x8EAB, 0x8EAB, 0x86AB, 0x86AB, 0x86AB, 0x86AA, 0x86AA, 0x86AA, 0x86AA, 0x86AA, 0x86AA, 0x86AA, 0x86AA, 0x86AA,
    0x86AA, 0x86AA, 0x86AA, 0x7EAA, 0x7EAA, 0x7EAA, 0x7EAA, 0x7EAA, 0x7EAA, 0x7EAA, 0x7EAA, 0x7EAA, 0x7EAA, 0x7EAA, 0x7EAA, 0x7EAA,
    0x7E8A, 0x7689, 0x7689, 0x7689, 0x7689, 0x7689, 0x7689, 0x7689, 0x7689, 0x7689, 0x7689, 0x7689, 0x7689, 0x6E89, 0x6E89, 0x6E69,
    0x6E69, 0x6E69, 0x6E69, 0x6E69, 0x6E69, 0x6E69, 0x6E69, 0x6E69, 0x6E49, 0x6E49, 0x6649, 0x6649, 0x6649, 0x6649, 0x6649, 0x6649,
    0x6629, 0x6629, 0x6629, 0x6629, 0x6629, 0x6629, 0x5E29, 0x5E29, 0x5E29, 0x5E09, 0x5E09, 0x5E09, 0x5E09, 0x5E09, 0x5E09, 0x5DE9,
    0x5DE9, 0x5DE9, 0x55E9, 0x55E9, 0x55E9, 0x55E9, 0x55E9, 0x55C9, 0x55C9, 0x55C9, 0x55C9, 0x55C9, 0x55C9, 0x4DC9, 0x4DA9, 0x4DA9,
    0x4DA9, 0x4DA9, 0x4DA9, 0x4D89, 0x4D89, 0x4D89, 0x4D89, 0x4D89, 0x4D89, 0x4569, 0x4569, 0x4569, 0x4569, 0x4569, 0x4569, 0x4549,
    0x4549, 0x4549, 0x4549, 0x3D49, 0x3D29, 0x3D29, 0x3D29, 0x3D29, 0x3D29, 0x3D09, 0x3D09, 0x3D09, 0x9E6C, 0x9E6C, 0x9E6B, 0x9E6C,
    0x9E6C, 0x9E6B, 0x9E6C, 0x9E6C, 0x9E6B, 0x9E6C, 0x9E6B, 0x966B, 0x968C, 0x968C, 0x968B, 0x968B, 0x968B, 0x968B, 0x968B, 0x968B,
    0x968B, 0x968B, 0x96AB, 0x96AB, 0x96AB, 0x96AB, 0x96AB, 0x96AB, 0x96AB, 0x96AB, 0x96AB, 0x96AB, 0x96AB, 0x96AB, 0x96AB, 0x8EAB,
    0x8EAB, 0x8EAB, 0x8EAB, 0x8EAB, 0x8EAB, 0x8EAB, 0x8EAB, 0x8EAB, 0x8EAB, 0x8EAB, 0x8EAB, 0x8EAB, 0x8EAB, 0x8EAB, 0x8EAB, 0x8EAB,
    0x86AB, 0x86AB, 0x86AA, 0x86AB, 0x86AB, 0x86AA, 0x86AA, 0x86AA, 0x86AA, 0x86AA, 0x86AA, 0x86AA, 0x86AA, 0x86AA, 0x86AA, 0x7EAA,
    0x7EAA, 0x7EAA, 0x7EAA, 0x7EAA, 0x7EAA, 0x7EAA, 0x7EAA, 0x7EAA, 0x7EAA, 0x7EAA, 0x7EAA, 0x7EAA, 0x7689, 0x7689, 0x7689, 0x7689,
    0x7689, 0x7689, 0x7689, 0x7689, 0x7689, 0x7689, 0x7689, 0x7689, 0x6E89, 0x6E89, 0x6E89, 0x6E69, 0x6E69, 0x6E69, 0x6E69, 0x6E69,
    0x6E69, 0x6E69, 0x6E69, 0x6E69, 0x6E69, 0x6E49, 0x6649, 0x6649, 0x6649, 0x6649, 0x6649, 0x6649, 0x6629, 0x6629, 0x6629, 0x6629,
    0x6629, 0x5E29, 0x5E29, 0x5E29, 0x5E29, 0x5E09, 0x5E09, 0x5E09, 0x5E09, 0x5E09, 0x5E09, 0x5E09, 0x5DE9, 0x55E9, 0x55E9, 0x55E9,
    0x55E9, 0x55E9, 0x55E9, 0x55C9, 0x55C9, 0x55C9, 0x55C9, 0x55C9, 0x4DC9, 0x4DC9, 0x4DC9, 0x4DA9, 0x4DA9, 0x4DA9, 0x4DA9, 0x4DA9,
    0x4D89, 0x4D89, 0x4D89, 0x4D89, 0x4589, 0x4589, 0x4569, 0x4569, 0x4569, 0x4569, 0x4569, 0x4549, 0x4549, 0x4549, 0x4549, 0x3D49,
    0x3D49, 0x3D29, 0x3D29, 0x3D29, 0x3D29, 0x3D09, 0x3D09, 0x3D09, 0x9E6C, 0x9E6B, 0x9E6C, 0x9E6C, 0x9E6B, 0x9E6C, 0x9E6C, 0x9E6B,
    0x9E8C, 0x9E6C, 0x968B, 0x968B, 0x968B, 0x968B, 0x968B, 0x968B, 0x968B, 0x968B, 0x968B, 0x968B, 0x96AB, 0x96AB, 0x96AB, 0x96AB,
    0x96AB, 0x96AB, 0x96AB, 0x96AB, 0x96AB, 0x96AB, 0x96AB, 0x96AB, 0x96AB, 0x96AB, 0x8EAB, 0x8EAB, 0x8EAB, 0x8EAB, 0x8EAB, 0x8EAB,
    0x8EAB, 0x8EAB, 0x8EAB, 0x8EAB, 0x8EAB, 0x8EAB, 0x8EAB, 0x8EAB, 0x8EAB, 0x8EAB, 0x8EAB, 0x8EAB, 0x86AB, 0x86AB, 0x86AB, 0x86AB,
    0x86AA, 0x86AA, 0x86AA, 0x86AA, 0x86AA, 0x86AA, 0x86AA, 0x86AA, 0x86AA, 0x7EAA, 0x7EAA, 0x7EAA, 0x7EAA, 0x7EAA, 0x7EAA, 0x7EAA,
    0x7EAA, 0x7EAA, 0x7EAA, 0x7EAA, 0x7EAA, 0x7EAA, 0x7EAA, 0x76AA, 0x76AA, 0x76AA, 0x76A9, 0x76A9, 0x7689, 0x7689, 0x7689, 0x7689,
    0x7689, 0x7689, 0x7689, 0x6E89, 0x6E89, 0x6E89, 0x6E89, 0x6E89, 0x6E69, 0x6E69, 0x6E69, 0x6E69, 0x6E69, 0x6E69, 0x6E69, 0x6E69,
    0x6669, 0x6649, 0x6649, 0x6649, 0x6649, 0x6649, 0x6649, 0x6649, 0x6649, 0x6649, 0x6629, 0x6629, 0x5E29, 0x5E29, 0x5E29, 0x5E29,
    0x5E29, 0x5E29, 0x5E09, 0x5E09, 0x5E09, 0x5E09, 0x5E09, 0x5E09, 0x5DE9, 0x55E9, 0x55EA, 0x55EA, 0x55E9, 0x55E9, 0x55E9, 0x55E9,
    0x55C9, 0x55C9, 0x55C9, 0x55C9, 0x4DC9, 0x4DC9, 0x4DA9, 0x4DA9, 0x4DA9, 0x4DA9, 0x4DA9, 0x4DA9, 0x4D89, 0x4D89, 0x4D89, 0x4D89,
    0x4589, 0x4589, 0x4569, 0x4569, 0x4569, 0x4569, 0x4569, 0x4549, 0x4549, 0x4549, 0x3D49, 0x3D49, 0x3D49, 0x3D29, 0x3D29, 0x3D29,
    0x3D29, 0x3D29, 0x3D09, 0x3D09, 0x9E6C, 0x9E6C, 0x9E6B, 0x9E6B, 0x9E6C, 0x9E6B, 0x9E6B, 0x9E8C, 0x968B, 0x968B, 0x968C, 0x968B,
    0x968B, 0x968B, 0x968B, 0x968B, 0x968B, 0x968B, 0x968B, 0x96AB, 0x96AB, 0x96AB, 0x96AB, 0x96AB, 0x96AB, 0x96AB, 0x96AB, 0x96AB,
    0x96AB, 0x96AB, 0x96AB, 0x96AB, 0x96AB, 0x96AB, 0x96AB, 0x8EAB, 0x8EAB, 0x8EAB, 0x8EAB, 0x8EAB, 0x8EAB, 0x8EAB, 0x8EAB, 0x8EAB,
    0x8EAB, 0x8EAB, 0x8EAB, 0x8EAB, 0x8ECB, 0x8ECB, 0x86AB, 0x86AB, 0x86AB, 0x86CB, 0x86AB, 0x86AA, 0x86AA, 0x86AA, 0x86AA, 0x86AA,
    0x86AA, 0x86AA, 0x86AA, 0x86AA, 0x7EAA, 0x7EAA, 0x7EAA, 0x7EAA, 0x7EAA, 0x7EAA, 0x7EAA, 0x7EAA, 0x7EAA, 0x7EAA, 0x7EAA, 0x7EAA,
    0x7EAA, 0x76AA, 0x76AA, 0x76AA, 0x76AA, 0x76A9, 0x7689, 0x7689, 0x7689, 0x7689, 0x7689, 0x7689, 0x7689, 0x7689, 0x6E89, 0x6E89,
    0x6E89, 0x6E89, 0x6E89, 0x6E69, 0x6E69, 0x6E69, 0x6E69, 0x6E69, 0x6E69, 0x6E69, 0x6E69, 0x6669, 0x6669, 0x6669, 0x6649, 0x6649,
    0x6649, 0x6649, 0x6649, 0x6649, 0x6649, 0x6629, 0x6629, 0x6629, 0x6629, 0x5E29, 0x5E2A, 0x5E2A, 0x5E2A, 0x5E0A, 0x5E0A, 0x5E0A,
    0x5E09, 0x5E09, 0x5E09, 0x5E09, 0x5609, 0x55EA, 0x55EA, 0x55EA, 0x55EA, 0x55EA, 0x55E9, 0x55E9, 0x55E9, 0x55C9, 0x55C9, 0x55C9,
    0x4DCA, 0x4DCA, 0x4DCA, 0x4DA9, 0x4DA9, 0x4DA9, 0x4DA9, 0x4DA9, 0x4DA9, 0x4D89, 0x4D89, 0x4589, 0x4589, 0x4589, 0x4589, 0x4569,
    0x4569, 0x4569, 0x4569, 0x4569, 0x4549, 0x4549, 0x3D49, 0x3D49, 0x3D49, 0x3D29, 0x3D29, 0x3D29, 0x3D29, 0x3D29, 0x3D09, 0x3D09,
    0x9E6C, 0x9E6C, 0x9E6B, 0x9E6C, 0x9E6C, 0x9E6B, 0x9E8C, 0x9E8C, 0x968B, 0x9E8C, 0x9E8B, 0x968B, 0x968B, 0x968B, 0x968B, 0x968B,
    0x96AB, 0x968B, 0x96AB, 0x96AB, 0x96AB, 0x96AB, 0x96AB, 0x96AB, 0x96AB, 0x96AB, 0x96AB, 0x96AB, 0x96AB, 0x96AB, 0x96AB, 0x96AB,
    0x96AB, 0x96AB, 0x8EAB, 0x8EAB, 0x8EAB, 0x8EAB, 0x8EAB, 0x8EAB, 0x8EAB, 0x8EAB, 0x8EAB, 0x8ECB, 0x8EAB, 0x8EAB, 0x8EAB, 0x8ECB,
    0x8ECB, 0x8EAB, 0x86AB, 0x86AB, 0x86CB, 0x86AB, 0x86AA, 0x86AA, 0x86AA, 0x86CA, 0x86AA, 0x86AA, 0x86AA, 0x86AA, 0x86AA, 0x86AA,
    0x7EAA, 0x7EAA, 0x7EAA, 0x7EAA, 0x7EAA, 0x7EAA, 0x7EAA, 0x7EAA, 0x7EAA, 0x7EAA, 0x7EAA, 0x7EAA, 0x7EAA, 0x7EAA, 0x7EAA, 0x76AA,
    0x76A9, 0x7689, 0x7689, 0x7689, 0x7689, 0x7689, 0x7689, 0x7689, 0x7689, 0x7689, 0x7689, 0x6E89, 0x6E89, 0x6E89, 0x6E89, 0x6E89,
    0x6E89, 0x6E69, 0x6E69, 0x6E69, 0x6E69, 0x6E69, 0x6669, 0x6669, 0x6669, 0x6669, 0x6649, 0x664A, 0x664A, 0x6649, 0x6649, 0x6649,
    0x6649, 0x6649, 0x6629, 0x6629, 0x5E29, 0x5E29, 0x5E2A, 0x5E2A, 0x5E2A, 0x5E0A, 0x5E0A, 0x5E0A, 0x5E0A, 0x5E09, 0x5E09, 0x5609,
    0x5609, 0x55EA, 0x55EA, 0x55EA, 0x55EA, 0x55EA, 0x55EA, 0x55E9, 0x55E9, 0x55C9, 0x55C9, 0x4DCA, 0x4DCA, 0x4DCA, 0x4DCA, 0x4DA9,
    0x4DA9, 0x4DA9, 0x4DA9, 0x4DA9, 0x4DA9, 0x4D89, 0x4589, 0x4589, 0x4589, 0x4589, 0x4589, 0x4569, 0x4569, 0x4569, 0x4569, 0x4569,
    0x4549, 0x4549, 0x3D49, 0x3D49, 0x3D49, 0x3D29, 0x3D29, 0x3D29, 0x3D29, 0x3D29, 0x3D29, 0x3D09, 0x9E6B, 0x9E6C, 0x9E6C, 0x9E6B,
    0x9E8C, 0x9E8C, 0x9E8C, 0x968C, 0x968C, 0x9E8B, 0x968B, 0x968B, 0x968B, 0x968B, 0x96AB, 0x968B, 0x96AB, 0x96AB, 0x96AB, 0x96AB,
    0x96AB, 0x96AB, 0x96AB, 0x96AB, 0x96AB, 0x96AB, 0x96AB, 0x96AB, 0x96AB, 0x96AB, 0x96AB, 0x96AB, 0x96AB, 0x8EAB, 0x8EAB, 0x8EAB,
    0x8EAB, 0x8ECB, 0x8ECB, 0x8EAB, 0x8ECB, 0x8ECB, 0x8ECB, 0x8EAB, 0x8ECB, 0x8ECB, 0x8ECB, 0x8ECB, 0x8ECB, 0x8ECB, 0x86CB, 0x86CB,
    0x86AB, 0x86CA, 0x86CA, 0x86CA, 0x86CA, 0x86AA, 0x86CA, 0x86CA, 0x86CA, 0x86CA, 0x86AA, 0x7EAA, 0x7EAA, 0x7EAA, 0x7EAA, 0x7EAA,
    0x7EAA, 0x7EAA, 0x7EAA, 0x7EAA, 0x7EAA, 0x7EAA, 0x7EAA, 0x7EAA, 0x7EAA, 0x76AA, 0x76AA, 0x76A9, 0x7689, 0x7689, 0x7689, 0x7689,
    0x7689, 0x7689, 0x7689, 0x7689, 0x7689, 0x7689, 0x6E89, 0x6E89, 0x6E89, 0x6E89, 0x6E89, 0x6E89, 0x6E69, 0x6E69, 0x6E69, 0x6E69,
    0x6E69, 0x6E69, 0x6E69, 0x6669, 0x6669, 0x6649, 0x664A, 0x664A, 0x664A, 0x664A, 0x664A, 0x664A, 0x664A, 0x6629, 0x6629, 0x5E29,
    0x5E29, 0x5E2A, 0x5E2A, 0x5E2A, 0x5E2A, 0x5E2A, 0x5E0A, 0x5E0A, 0x5E0A, 0x5E0A, 0x5E0A, 0x5E0A, 0x560A, 0x560A, 0x55EA, 0x55EA,
    0x55EA, 0x55EA, 0x55EA, 0x55EA, 0x55CA, 0x55CA, 0x4DCA, 0x4DCA, 0x4DCA, 0x4DCA, 0x4DCA, 0x4DCA, 0x4DAA, 0x4DAA, 0x4DA9, 0x4DA9,
    0x4DAA, 0x4DAA, 0x458A, 0x458A, 0x4589, 0x4589, 0x4589, 0x4589, 0x4569, 0x4569, 0x4569, 0x4569, 0x4569, 0x3D49, 0x3D49, 0x3D49,
    0x3D49, 0x3D49, 0x3D49, 0x3D29, 0x3D29, 0x3D29, 0x3D29, 0x3D09, 0x9E6C, 0x9E6C, 0x9E6B, 0x9E8B, 0x9E8C, 0x9E8B, 0x968B, 0x9E8C,
    0x9E8B, 0x968B, 0x968B, 0x968B, 0x968B, 0x96AB, 0x96AB, 0x96AB, 0x96AB, 0x96AB, 0x96AB, 0x96AB, 0x96AB, 0x96AB, 0x96AB, 0x96AB,
    0x96AB, 0x96AB, 0x96AB, 0x96AB, 0x96AB, 0x96AB, 0x96AB, 0x96AB, 0x96AB, 0x8EAB, 0x8EAB, 0x8EAB, 0x8ECB, 0x8ECB, 0x8EAB, 0x8ECB,
    0x8ECB, 0x8ECB, 0x8ECB, 0x8ECB, 0x8ECB, 0x8ECB, 0x8ECB, 0x8ECB, 0x8ECB, 0x8ECB, 0x86CB, 0x86CB, 0x86CA, 0x86CA, 0x86CA, 0x86CA,
    0x86CA, 0x86CA, 0x86CA, 0x86CA, 0x86CA, 0x86AA, 0x7EAA, 0x7EAA, 0x7EAA, 0x7EAA, 0x7EAA, 0x7EAA, 0x7EAA, 0x7EAA, 0x7EAA, 0x7EAA,
    0x7EAA, 0x7EAA, 0x7EAA, 0x7EAA, 0x7EAA, 0x76AA, 0x76A9, 0x76A9, 0x76A9, 0x76A9, 0x76A9, 0x7689, 0x7689, 0x7689, 0x7689, 0x7689,
    0x7689, 0x6E89, 0x6E89, 0x6E89, 0x6E89, 0x6E89, 0x6E89, 0x6E69, 0x6E69, 0x6E69, 0x6E69, 0x6E69, 0x6E69, 0x6E69, 0x6669, 0x6669,
    0x6669, 0x666A, 0x666A, 0x664A, 0x664A, 0x664A, 0x664A, 0x664A, 0x664A, 0x664A, 0x5E4A, 0x5E2A, 0x5E2A, 0x5E2A, 0x5E2A, 0x5E2A,
    0x5E2A, 0x5E0A, 0x5E2A, 0x5E0A, 0x5E0A, 0x5E0A, 0x5E0A, 0x560A, 0x560A, 0x560A, 0x560A, 0x55EA, 0x55EA, 0x55EA, 0x55EA, 0x55EA,
    0x55EA, 0x55CA, 0x4DCA, 0x4DCA, 0x4DCA, 0x4DCA, 0x4DCA, 0x4DCA, 0x4DAA, 0x4DAA, 0x4DAA, 0x4DAA, 0x4DAA, 0x4DAA, 0x458A, 0x458A,
    0x458A, 0x458A, 0x4589, 0x4569, 0x4569, 0x4569, 0x456A, 0x456A, 0x4549, 0x3D49, 0x3D49, 0x3D49, 0x3D49, 0x3D49, 0x3D29, 0x3D29,
    0x3D29, 0x3D29, 0x3D29, 0x3529, 0x9E6C, 0x9E6C, 0x9E8C, 0x9E8C, 0x9E8C, 0x9E8C, 0x968C, 0x9E8B, 0x968B, 0x968B, 0x968B, 0x968B,
    0x96AB, 0x96AB, 0x96AB, 0x96AB, 0x96AB, 0x96AB, 0x96AB, 0x96AB, 0x96AB, 0x96AB, 0x96AB, 0x96AB, 0x96AB, 0x96AB, 0x96AB, 0x96AB,
    0x96AB, 0x96AB, 0x96CB, 0x96CB, 0x8EAB, 0x8ECB, 0x8ECB, 0x8ECB, 0x8ECB, 0x8ECB, 0x8ECB, 0x8ECB, 0x8ECB, 0x8ECB, 0x8ECB, 0x8ECB,
    0x8ECB, 0x8ECB, 0x8ECB, 0x8ECB, 0x8ECB, 0x86CB, 0x86CB, 0x86CA, 0x86CA, 0x86CB, 0x86CA, 0x86CA, 0x86CA, 0x86CA, 0x86CA, 0x86CA,
    0x86AA, 0x86AA, 0x7EAA, 0x7EAA, 0x7EAA, 0x7EAA, 0x7EAA, 0x7EAA, 0x7EAA, 0x7EAA, 0x7EAA, 0x7EAA, 0x7EAA, 0x7EAA, 0x7EAA, 0x76AA,
    0x76AA, 0x76A9, 0x76A9, 0x76A9, 0x76A9, 0x76A9, 0x76A9, 0x7689, 0x7689, 0x7689, 0x7689, 0x7689, 0x6E89, 0x6E89, 0x6E89, 0x6E89,
    0x6E89, 0x6E89, 0x6E69, 0x6E69, 0x6E69, 0x6E69, 0x6E69, 0x6E69, 0x6E69, 0x6669, 0x6669, 0x6669, 0x666A, 0x664A, 0x664A, 0x664A,
    0x664A, 0x664A, 0x664A, 0x664A, 0x664A, 0x5E4A, 0x5E2A, 0x5E2A, 0x5E2A, 0x5E2A, 0x5E2A, 0x5E2A, 0x5E2A, 0x5E2A, 0x5E2A, 0x5E0A,
    0x5E0A, 0x5E0A, 0x560A, 0x560A, 0x560A, 0x560A, 0x560A, 0x55EA, 0x55EA, 0x55EA, 0x55EA, 0x55EA, 0x55EA, 0x4DCA, 0x4DCA, 0x4DCA,
    0x4DCA, 0x4DCA, 0x4DCA, 0x4DCA, 0x4DAA, 0x4DAA, 0x4DAA, 0x4DAA, 0x4DAA, 0x45AA, 0x45AA, 0x458A, 0x458A, 0x458A, 0x458A, 0x4569,
    0x4569, 0x456A, 0x456A, 0x456A, 0x3D49, 0x3D49, 0x3D49, 0x3D49, 0x3D49, 0x3D49, 0x3D29, 0x3D29, 0x3D29, 0x3D29, 0x3D29, 0x3D09,
    0x9E8C, 0x9E8C, 0x9E8C, 0x9E8C, 0x9E8C, 0x9E8C, 0x9E8B, 0x968B, 0x968C, 0x968B, 0x96AB, 0x96AB, 0x96AB, 0x96AB, 0x96AB, 0x96AB,
    0x96AB, 0x96AB, 0x96AB, 0x96AB, 0x96AB, 0x96AB, 0x96AB, 0x96AB, 0x96AB, 0x96AB, 0x96AB, 0x96AB, 0x96AB, 0x96CB, 0x8EAB, 0x96CB,
    0x8ECB, 0x8ECB, 0x8ECB, 0x8ECB, 0x8ECB, 0x8ECB, 0x8ECB, 0x8ECB, 0x8ECB, 0x8ECB, 0x8ECB, 0x8ECB, 0x8ECB, 0x8ECB, 0x8ECB, 0x86CB,
    0x86CB, 0x86CB, 0x86CB, 0x86CB, 0x86CA, 0x86CA, 0x86CA, 0x86CA, 0x86CA, 0x86CA, 0x86AA, 0x86AA, 0x7EAA, 0x7EAA, 0x7ECA, 0x7EAA,
    0x7EAA, 0x7EAA, 0x7EAA, 0x7EAA, 0x7EAA, 0x7EAA, 0x7EAA, 0x7EAA, 0x7EAA, 0x7EAA, 0x7EAA, 0x76AA, 0x76AA, 0x76AA, 0x76A9, 0x76A9,
    0x76A9, 0x76A9, 0x76A9, 0x76A9, 0x7689, 0x7689, 0x7689, 0x7689, 0x6E89, 0x6E89, 0x6E89, 0x6E89, 0x6E8A, 0x6E8A, 0x6E8A, 0x6E6A,
    0x6E6A, 0x6E69, 0x6E69, 0x6E69, 0x6669, 0x6669, 0x6669, 0x666A, 0x664A, 0x664A, 0x664A, 0x664A, 0x664A, 0x664A, 0x664A, 0x664A,
    0x664A, 0x5E4A, 0x5E4A, 0x5E2A, 0x5E2A, 0x5E2A, 0x5E2A, 0x5E2A, 0x5E2A, 0x5E2A, 0x5E2A, 0x5E0A, 0x5E0A, 0x560A, 0x560A, 0x560A,
    0x560A, 0x560A, 0x55EA, 0x55EA, 0x55EA, 0x55EA, 0x55EA, 0x55EA, 0x4DEA, 0x4DEA, 0x4DCA, 0x4DCA, 0x4DCA, 0x4DCA, 0x4DCA, 0x4DCA,
    0x4DAA, 0x4DAA, 0x4DAA, 0x4DAA, 0x45AA, 0x45AA, 0x458A, 0x458A, 0x458A, 0x458A, 0x458A, 0x456A, 0x456A, 0x456A, 0x456A, 0x3D6A,
    0x3D6A, 0x3D4A, 0x3D49, 0x3D49, 0x3D49, 0x3D49, 0x3D49, 0x3D29, 0x3D29, 0x3D29, 0x3D29, 0x3529, 0x9E8C, 0x9E8C, 0x9E8C, 0x9E8C,
    0x9E8C, 0x9E8B, 0x968B, 0x968B, 0x968C, 0x96AB, 0x96AB, 0x96AB, 0x96AB, 0x96AB, 0x96AB, 0x96AB, 0x96AB, 0x96AB, 0x96AB, 0x96AB,
    0x96AB, 0x96AB, 0x96AB, 0x96AB, 0x96CB, 0x96AB, 0x96AB, 0x96CB, 0x96CB, 0x96CB, 0x8ECB, 0x8ECB, 0x8ECB, 0x8ECB, 0x8ECB, 0x8ECB,
    0x8ECB, 0x8ECB, 0x8ECB, 0x8ECB, 0x8ECB, 0x8ECB, 0x8ECB, 0x8ECB, 0x8ECB, 0x8ECB, 0x86CB, 0x86CB, 0x86CB, 0x86CB, 0x86CB, 0x86CB,
    0x86CA, 0x86CA, 0x86CA, 0x86CA, 0x86CA, 0x86CA, 0x86AA, 0x86AA, 0x86CA, 0x7ECA, 0x7EAA, 0x7EAA, 0x7EAA, 0x7EAA, 0x7EAA, 0x7EAA,
    0x7EAA, 0x7EAA, 0x7EAA, 0x7EAA, 0x7EAA, 0x7EAA, 0x7EAA, 0x76AA, 0x76AA, 0x76AA, 0x76A9, 0x76A9, 0x76A9, 0x76A9, 0x76A9, 0x76A9,
    0x7689, 0x7689, 0x7689, 0x6E89, 0x6E89, 0x6E89, 0x6E89, 0x6E89, 0x6E8A, 0x6E8A, 0x6E8A, 0x6E6A, 0x6E6A, 0x6E6A, 0x6E6A, 0x6E6A,
    0x666A, 0x666A, 0x666A, 0x666A, 0x664A, 0x664A, 0x664A, 0x664A, 0x664A, 0x664A, 0x664A, 0x664A, 0x5E4A, 0x5E4A, 0x5E4A, 0x5E2A,
    0x5E2A, 0x5E2A, 0x5E2A, 0x5E2A, 0x5E2A, 0x5E2A, 0x5E2A, 0x5E2A, 0x5E0A, 0x560A, 0x560A, 0x560A, 0x560A, 0x55EA, 0x55EA, 0x55EA,
    0x55EA, 0x55EA, 0x55EA, 0x55EA, 0x4DEA, 0x4DEA, 0x4DCA, 0x4DCA, 0x4DCA, 0x4DCA, 0x4DCA, 0x4DCA, 0x4DCA, 0x4DAA, 0x4DAA, 0x45AA,
    0x45AA, 0x45AA, 0x458A, 0x458A, 0x458A, 0x458A, 0x458A, 0x458A, 0x456A, 0x456A, 0x3D6A, 0x3D6A, 0x3D6A, 0x3D4A, 0x3D4A, 0x3D49,
    0x3D49, 0x3D49, 0x3D49, 0x3D29, 0x3D29, 0x3D29, 0x3529, 0x3529, 0x9E8C, 0x9E8C, 0x9E8C, 0x9E8C, 0x9E8C, 0x968B, 0x968C, 0x968B,
    0x96AB, 0x96AC, 0x96AB, 0x96AB, 0x96AB, 0x96AB, 0x96AB, 0x96AB, 0x96AB, 0x96AB, 0x96AB, 0x96AB, 0x96AB, 0x96AB, 0x96AB, 0x96CB,
    0x96AB, 0x96CB, 0x96CB, 0x96CB, 0x96CB, 0x96CB, 0x8ECB, 0x8ECB, 0x8ECB, 0x8ECB, 0x8ECB, 0x8ECB, 0x8ECB, 0x8ECB, 0x8ECB, 0x8ECB,
    0x8ECB, 0x8ECB, 0x8ECB, 0x8ECB, 0x8ECB, 0x8ECB, 0x8ECB, 0x86CB, 0x86CB, 0x86CB, 0x86CA, 0x86CA, 0x86CA, 0x86CA, 0x86CA, 0x86CA,
    0x86CA, 0x86CA, 0x86CA, 0x86CA, 0x7ECA, 0x7EAA, 0x7EAA, 0x7EAA, 0x7ECA, 0x7EAA, 0x7EAA, 0x7EAA, 0x7EAA, 0x7EAA, 0x7EAA, 0x7EAA,
    0x7EAA, 0x76AA, 0x76AA, 0x76AA, 0x76AA, 0x76A9, 0x76A9, 0x76A9, 0x76A9, 0x76A9, 0x7689, 0x7689, 0x7689, 0x7689, 0x6E89, 0x6E89,
    0x6E89, 0x6E89, 0x6E8A, 0x6E8A, 0x6E8A, 0x6E8A, 0x6E6A, 0x6E6A, 0x6E6A, 0x6E6A, 0x6E6A, 0x666A, 0x666A, 0x666A, 0x666A, 0x666A,
    0x666A, 0x664A, 0x664A, 0x664A, 0x664A, 0x664A, 0x664A, 0x5E4A, 0x5E4A, 0x5E4A, 0x5E2A, 0x5E2A, 0x5E2A, 0x5E2A, 0x5E2A, 0x5E2A,
    0x5E2A, 0x5E2A, 0x5E2A, 0x5E0A, 0x560A, 0x560A, 0x560A, 0x560A, 0x560A, 0x560A, 0x560A, 0x55EA, 0x55EA, 0x55EA, 0x55EA, 0x55EA,
    0x4DEA, 0x4DEA, 0x4DEA, 0x4DCA, 0x4DCA, 0x4DCA, 0x4DCA, 0x4DCA, 0x4DCA, 0x4DAA, 0x4DAA, 0x45AA, 0x45AA, 0x45AA, 0x45AA, 0x458A,
    0x458A, 0x458A, 0x458A, 0x458A, 0x458A, 0x456A, 0x456A, 0x3D6A, 0x3D6A, 0x3D6A, 0x3D4A, 0x3D4A, 0x3D4A, 0x3D4A, 0x3D4A, 0x3D4A,
    0x3D29, 0x3529, 0x3529, 0x3529, 0x9E8C, 0x9E8C, 0x9E8C, 0x968B, 0x968B, 0x968C, 0x968B, 0x96AB, 0x96AC, 0x96AB, 0x96AB, 0x96AB,
    0x96AB, 0x96AB, 0x96AB, 0x96AB, 0x96AB, 0x96AB, 0x96AB, 0x96AB, 0x96AB, 0x96AB, 0x96CB, 0x96AB, 0x96AB, 0x96CB, 0x96CB, 0x96CB,
    0x96CB, 0x8ECB, 0x8ECB, 0x8ECB, 0x8ECB, 0x8ECB, 0x8ECB, 0x8ECB, 0x8ECB, 0x8ECB, 0x8ECB, 0x8ECB, 0x8ECB, 0x8ECB, 0x8ECB, 0x8ECB,
    0x8ECB, 0x8ECB, 0x86CB, 0x86CB, 0x86CB, 0x86CB, 0x86CA, 0x86CA, 0x86CA, 0x86CA, 0x86CA, 0x86CA, 0x86CA, 0x86CA, 0x7ECA, 0x7ECA,
    0x7EAA, 0x7EAA, 0x7ECA, 0x7ECA, 0x7ECA, 0x7EAA, 0x7EAA, 0x7EAA, 0x7EAA, 0x7EAA, 0x7EAA, 0x7EAA, 0x76AA, 0x76AA, 0x76AA, 0x76AA,
    0x76A9, 0x76A9, 0x76A9, 0x76A9, 0x76A9, 0x76A9, 0x76A9, 0x76A9, 0x76A9, 0x6E89, 0x6E89, 0x6E89, 0x6E89, 0x6E8A, 0x6E8A, 0x6E8A,
    0x6E8A, 0x6E6A, 0x6E8A, 0x6E6A, 0x6E6A, 0x6E6A, 0x666A, 0x666A, 0x666A, 0x666A, 0x666A, 0x666A, 0x664A, 0x664A, 0x664A, 0x664A,
    0x664A, 0x664A, 0x664A, 0x5E4A, 0x5E4A, 0x5E2A, 0x5E2A, 0x5E2A, 0x5E2A, 0x5E2A, 0x5E2A, 0x5E2A, 0x5E2A, 0x5E2A, 0x5E2A, 0x562A,
    0x560A, 0x560A, 0x560A, 0x560A, 0x560A, 0x560A, 0x55EA, 0x55EA, 0x55EA, 0x55EA, 0x55EA, 0x4DEA, 0x4DEA, 0x4DEA, 0x4DEA, 0x4DCA,
    0x4DCA, 0x4DCA, 0x4DCA, 0x4DCA, 0x4DAA, 0x4DAA, 0x45AA, 0x45AA, 0x45AA, 0x45AA, 0x45AA, 0x458A, 0x458A, 0x458A, 0x458A, 0x458A,
    0x456A, 0x456A, 0x456A, 0x3D6A, 0x3D6A, 0x3D6A, 0x3D4A, 0x3D4A, 0x3D4A, 0x3D4A, 0x3D4A, 0x3D2A, 0x3D2A, 0x3D29, 0x3529, 0x3529,
    0x9E8C, 0x9E8C, 0x9E8B, 0x968C, 0x9E8C, 0x96AB, 0x96AB, 0x96AC, 0x96AB, 0x96AB, 0x96AC, 0x96AB, 0x96AB, 0x96AB, 0x96AB, 0x96AB,
    0x96AB, 0x96AB, 0x96AB, 0x96AB, 0x96CB, 0x96CB, 0x96AB, 0x96CB, 0x96CB, 0x96CB, 0x96CB, 0x96CB, 0x8ECB, 0x8ECB, 0x8ECB, 0x8ECB,
    0x8ECB, 0x8ECB, 0x8ECB, 0x8ECB, 0x8ECB, 0x8ECB, 0x8ECB, 0x8ECB, 0x8ECB, 0x8ECB, 0x8ECB, 0x8ECB, 0x8ECB, 0x86CB, 0x86CB, 0x86CB,
    0x86CB, 0x86CA, 0x86CA, 0x86CA, 0x86CA, 0x86CA, 0x86CA, 0x86CA, 0x86CA, 0x86CA, 0x7ECA, 0x7ECA, 0x7ECA, 0x7ECA, 0x7ECA, 0x7EAA,
    0x7EAA, 0x7EAA, 0x7EAA, 0x7EAA, 0x7EAA, 0x7EAA, 0x7EAA, 0x7EAA, 0x76AA, 0x76AA, 0x76AA, 0x76A9, 0x76A9, 0x76A9, 0x76A9, 0x76A9,
    0x76A9, 0x76A9, 0x76A9, 0x7689, 0x6E89, 0x6E89, 0x6E89, 0x6E89, 0x6E8A, 0x6E8A, 0x6E8A, 0x6E8A, 0x6E8A, 0x6E8A, 0x6E8A, 0x6E6A,
    0x6E6A, 0x666A, 0x666A, 0x666A, 0x666A, 0x666A, 0x666A, 0x664A, 0x664A, 0x664A, 0x664A, 0x664A, 0x664A, 0x664A, 0x664A, 0x5E4A,
    0x5E4A, 0x5E4A, 0x5E2A, 0x5E2A, 0x5E2A, 0x5E2A, 0x5E2A, 0x5E2A, 0x5E2A, 0x5E2A, 0x562A, 0x560A, 0x560A, 0x560A, 0x560A, 0x560A,
    0x560A, 0x560A, 0x560A, 0x55EA, 0x55EA, 0x55EA, 0x4DEA, 0x4DEA, 0x4DEA, 0x4DCA, 0x4DCA, 0x4DCA, 0x4DCA, 0x4DCA, 0x4DCA, 0x4DCA,
    0x4DCA, 0x45AA, 0x45AA, 0x45AA, 0x45AA, 0x45AA, 0x45AA, 0x458A, 0x458A, 0x458A, 0x458A, 0x458A, 0x458A, 0x3D6A, 0x3D6A, 0x3D6A,
    0x3D6A, 0x3D6A, 0x3D6A, 0x3D4A, 0x3D4A, 0x3D4A, 0x3D4A, 0x3D4A, 0x3D2A, 0x352A, 0x3529, 0x3529, 0x9E8C, 0x9E8C, 0x968A, 0xAED0,
    0xCF16, 0x968A, 0x9EAC, 0x96AB, 0x96AB, 0x96AC, 0x96AB, 0x96AB, 0x96AB, 0x96AB, 0x96AB, 0x96AB, 0x96AB, 0x96AB, 0x96AB, 0x96CB,
    0x96CB, 0x96CB, 0x96CB, 0x96CB, 0x96CB, 0x96CB, 0x96CB, 0x8ECB, 0x8ECB, 0x8ECB, 0x8ECB, 0x8ECB, 0x8ECB, 0x8ECB, 0x8ECB, 0x8ECB,
    0x8ECB, 0x8ECB, 0x8ECB, 0x8ECB, 0x8ECB, 0x8ECB, 0x8ECB, 0x8ECB, 0x86CB, 0x86CB, 0x86CB, 0x86CA, 0x86CA, 0x86CA, 0x86CA, 0x86CA,
    0x86CA, 0x86CA, 0x86CA, 0x86CA, 0x86CA, 0x7ECA, 0x7ECA, 0x7ECA, 0x7ECA, 0x7ECA, 0x7ECA, 0x7EAA, 0x7ECA, 0x7ECA, 0x7ECA, 0x7EAA,
    0x7EAA, 0x7EAA, 0x76AA, 0x76AA, 0x76AA, 0x76A9, 0x76A9, 0x76A9, 0x76A9, 0x76A9, 0x76A9, 0x76A9, 0x76A9, 0x76A9, 0x7689, 0x6E89,
    0x6E89, 0x6E89, 0x6E89, 0x6E8A, 0x6E8A, 0x6E8A, 0x6E8A, 0x6E8A, 0x6E8A, 0x6E6A, 0x6E6A, 0x6E6A, 0x666A, 0x666A, 0x666A, 0x666A,
    0x666A, 0x666A, 0x666A, 0x666A, 0x666A, 0x664A, 0x664A, 0x664A, 0x664A, 0x664A, 0x5E4A, 0x5E4A, 0x5E4A, 0x5E2A, 0x5E2A, 0x5E2A,
    0x5E2A, 0x5E2A, 0x5E2A, 0x5E2A, 0x5E2A, 0x562A, 0x560A, 0x560A, 0x560A, 0x560A, 0x560A, 0x560A, 0x560A, 0x560A, 0x55EA, 0x55EA,
    0x55EA, 0x55EA, 0x4DEA, 0x4DEA, 0x4DEA, 0x4DEA, 0x4DCA, 0x4DCA, 0x4DCA, 0x4DCA, 0x4DCA, 0x4DCA, 0x4DCA, 0x4DAA, 0x45AA, 0x45AA,
    0x45AA, 0x45AA, 0x45AA, 0x458A, 0x458A, 0x458A, 0x458A, 0x458A, 0x458A, 0x3D6A, 0x3D6A, 0x3D6A, 0x3D6A, 0x3D6A, 0x3D6A, 0x3D4A,
    0x3D4A, 0x3D4A, 0x3D4A, 0x3D4A, 0x352A, 0x352A, 0x352A, 0x3529, 0x9E8B, 0x9E8C, 0x968A, 0xCF17, 0xEF7E, 0x9EAD, 0x96AB, 0x96AC,
    0x96AC, 0x96AB, 0x96AB, 0x96AB, 0x96AB, 0x96AB, 0x96AB, 0x96AB, 0x96AB, 0x96AB, 0x96CB, 0x96CB, 0x96CB, 0x96CB, 0x96CB, 0x96CB,
    0x96CB, 0x8ECB, 0x8ECB, 0x8ECB, 0x8ECB, 0x8ECB, 0x8ECB, 0x8ECB, 0x8ECB, 0x8ECB, 0x8ECB, 0x8ECB, 0x8ECB, 0x8ECB, 0x8ECB, 0x8ECB,
    0x8ECB, 0x8ECB, 0x8ECB, 0x86CB, 0x86CB, 0x86CB, 0x86CB, 0x86CA, 0x86CA, 0x86CA, 0x86CA, 0x86CA, 0x86CA, 0x86CA, 0x86CA, 0x86CA,
    0x7ECA, 0x7ECA, 0x7ECA, 0x7ECA, 0x7ECA, 0x7ECA, 0x7ECA, 0x7ECA, 0x7ECA, 0x7ECA, 0x7ECA, 0x7EAA, 0x7EAA, 0x7EAA, 0x76AA, 0x76AA,
    0x76AA, 0x76A9, 0x76A9, 0x76A9, 0x76A9, 0x76A9, 0x76A9, 0x76A9, 0x76A9, 0x76A9, 0x6E89, 0x6E89, 0x6E89, 0x6E89, 0x6E89, 0x6E8A,
    0x6E8A, 0x6E8A, 0x6E8A, 0x6E8A, 0x6E8A, 0x6E6A, 0x6E6A, 0x666A, 0x666A, 0x666A, 0x666A, 0x666A, 0x666A, 0x666A, 0x666A, 0x666A,
    0x664A, 0x664A, 0x664A, 0x664A, 0x664A, 0x5E4A, 0x5E4A, 0x5E4A, 0x5E4A, 0x5E2A, 0x5E2A, 0x5E2A, 0x5E2A, 0x5E2A, 0x5E2A, 0x5E2A,
    0x5E2A, 0x560A, 0x560A, 0x560A, 0x560A, 0x560A, 0x560A, 0x560A, 0x560A, 0x560A, 0x560A, 0x55EA, 0x55EA, 0x4DEA, 0x4DEA, 0x4DEA,
    0x4DEA, 0x4DEA, 0x4DCA, 0x4DCA, 0x4DCA, 0x4DCA, 0x4DCA, 0x4DCA, 0x4DCA, 0x45AA, 0x45AA, 0x45AA, 0x45AA, 0x45AA, 0x45AA, 0x45AA,
    0x458A, 0x458A, 0x458A, 0x458A, 0x458A, 0x3D8A, 0x3D6A, 0x3D6A, 0x3D6A, 0x3D6A, 0x3D6A, 0x3D6A, 0x3D4A, 0x3D4A, 0x3D4A, 0x3D4A,
    0x354A, 0x352A, 0x352A, 0x352A, 0x9E8C, 0x968B, 0xA6AD, 0xE75C, 0xF77E, 0xBEF3, 0x8E8A, 0x96AC, 0x96AB, 0x96AB, 0x96AB, 0x96AB,
    0x96AB, 0x96AB, 0x96AB, 0x96AB, 0x96AB, 0x96CB, 0x96CB, 0x96CB, 0x96CB, 0x96CB, 0x96CB, 0x96CB, 0x96CB, 0x96CB, 0x96CB, 0x8ECB,
    0x8ECB, 0x8ECB, 0x8ECB, 0x8ECB, 0x8ECB, 0x8ECB, 0x8ECB, 0x8ECB, 0x8ECB, 0x8ECB, 0x8ECB, 0x8ECB, 0x8ECB, 0x8ECB, 0x86CB, 0x86CB,
    0x86CB, 0x86CA, 0x86CA, 0x86CA, 0x86CA, 0x86CA, 0x86CA, 0x86CA, 0x86CA, 0x86CA, 0x86CA, 0x7ECA, 0x7ECA, 0x7ECA, 0x7ECA, 0x7ECA,
    0x7ECA, 0x7ECA, 0x7ECA, 0x7ECA, 0x7ECA, 0x7EAA, 0x7EAA, 0x7EAA, 0x7EAA, 0x76AA, 0x76AA, 0x76AA, 0x76A9, 0x76A9, 0x76A9, 0x76A9,
    0x76A9, 0x76A9, 0x76A9, 0x76A9, 0x7689, 0x6E89, 0x6E89, 0x6E89, 0x6E89, 0x6E8A, 0x6E8A, 0x6E8A, 0x6E8A, 0x6E8A, 0x6E8A, 0x6E8A,
    0x6E6A, 0x6E6A, 0x666A, 0x666A, 0x666A, 0x666A, 0x666A, 0x666A, 0x666A, 0x666A, 0x666A, 0x664A, 0x664A, 0x664A, 0x664A, 0x5E4A,
    0x5E4A, 0x5E4A, 0x5E4A, 0x5E4A, 0x5E4A, 0x5E4A, 0x5E2A, 0x5E2A, 0x5E2A, 0x5E2A, 0x5E2A, 0x5E2A, 0x5E2A, 0x562A, 0x562A, 0x560A,
    0x560A, 0x560A, 0x560A, 0x560A, 0x560A, 0x560A, 0x560A, 0x560A, 0x4DEA, 0x4DEA, 0x4DEA, 0x4DEA, 0x4DEA, 0x4DCA, 0x4DCA, 0x4DCA,
    0x4DCA, 0x4DCA, 0x4DCA, 0x4DCA, 0x45CA, 0x45AA, 0x45AA, 0x45AA, 0x45AA, 0x45AA, 0x45AA, 0x458A, 0x458A, 0x458A, 0x458A, 0x3D8A,
    0x3D8A, 0x3D6A, 0x3D6A, 0x3D6A, 0x3D6A, 0x3D6A, 0x3D6A, 0x3D4A, 0x3D4A, 0x3D4A, 0x3D4A, 0x354A, 0x352A, 0x352A, 0x352A, 0x352A,
    0x9E8C, 0x968A, 0xC715, 0xF77E, 0xEF7D, 0xE75A, 0x96AC, 0x96AC, 0x96AB, 0x96AB, 0x96AB, 0x96AB, 0x96AB, 0x96AB, 0x96AB, 0x96CB,
    0x96CB, 0x96CB, 0x96CB, 0x96CB, 0x96CB, 0x96CB, 0x96CB, 0x96CB, 0x96CB, 0x96CB, 0x8ECB, 0x8ECB, 0x8ECB, 0x8ECB, 0x8ECB, 0x8ECB,
    0x8ECB, 0x8ECB, 0x8ECB, 0x8ECB, 0x8ECB, 0x8ECB, 0x8ECB, 0x8ECB, 0x8ECB, 0x86CB, 0x86CB, 0x86CB, 0x86CA, 0x86CA, 0x86CB, 0x86CA,
    0x86CA, 0x86CA, 0x86CA, 0x86CA, 0x86CA, 0x86CA, 0x86CA, 0x86CA, 0x7ECA, 0x7ECA, 0x7ECA, 0x7ECA, 0x7ECA, 0x7ECA, 0x7ECA, 0x7ECA,
    0x7ECA, 0x7EAA, 0x7EAA, 0x7EAA, 0x76AA, 0x76AA, 0x76AA, 0x76A9, 0x76A9, 0x76A9, 0x76A9, 0x76A9, 0x76A9, 0x76A9, 0x76A9, 0x7689,
    0x6E89, 0x6E89, 0x6E89, 0x6E8A, 0x6E8A, 0x6E8A, 0x6E8A, 0x6E8A, 0x6E8A, 0x6E8A, 0x6E6A, 0x6E6A, 0x6E6A, 0x666A, 0x666A, 0x666A,
    0x666A, 0x666A, 0x666A, 0x666A, 0x666A, 0x666A, 0x664A, 0x664A, 0x664A, 0x664A, 0x5E4A, 0x5E4A, 0x5E4A, 0x5E4A, 0x5E4A, 0x5E4A,
    0x5E4A, 0x5E4A, 0x5E2A, 0x5E2A, 0x5E2A, 0x5E2A, 0x5E2A, 0x5E2A, 0x562A, 0x562A, 0x560A, 0x560A, 0x560A, 0x560A, 0x560A, 0x560A,
    0x560A, 0x560A, 0x55EA, 0x4DEA, 0x4DEA, 0x4DEA, 0x4DEA, 0x4DEA, 0x4DEA, 0x4DEA, 0x4DEA, 0x4DCA, 0x4DCA, 0x4DCA, 0x4DCA, 0x45CA,
    0x45CA, 0x45AA, 0x45AA, 0x45AA, 0x45AA, 0x45AA, 0x458A, 0x458A, 0x458A, 0x458A, 0x3D8A, 0x3D8A, 0x3D8A, 0x3D6A, 0x3D6A, 0x3D6A,
    0x3D6A, 0x3D6A, 0x3D4A, 0x3D4A, 0x3D4A, 0x3D4A, 0x3D4A, 0x354A, 0x352A, 0x352A, 0x352A, 0x352A, 0x968B, 0x9EAC, 0xE75B, 0xEF7E,
    0xEF7D, 0xF77E, 0xAEF0, 0x96AB, 0x96AC, 0x96AB, 0x96AB, 0x96AB, 0x96AB, 0x96AB, 0x96CB, 0x96CB, 0x96CB, 0x96CB, 0x96CB, 0x96CB,
    0x96CB, 0x96CB, 0x96CB, 0x96CB, 0x96CB, 0x96CB, 0x8ECB, 0x8ECB, 0x8ECB, 0x8ECB, 0x8ECB, 0x8ECB, 0x8ECB, 0x8ECB, 0x8ECB, 0x8ECB,
    0x8ECB, 0x8ECB, 0x8ECB, 0x8ECB, 0x8ECB, 0x86CB, 0x86CB, 0x86CA, 0x86CA, 0x86CB, 0x86CB, 0x86CA, 0x86CA, 0x86CA, 0x86CA, 0x86CA,
    0x86CA, 0x86CA, 0x86CA, 0x7ECA, 0x7ECA, 0x7ECA, 0x7ECA, 0x7ECA, 0x7ECA, 0x7ECA, 0x7ECA, 0x7EAA, 0x7EAA, 0x7EAA, 0x7EAA, 0x76AA,
    0x76AA, 0x76AA, 0x76A9, 0x76A9, 0x76A9, 0x76A9, 0x76A9, 0x76A9, 0x76A9, 0x76A9, 0x7689, 0x6E89, 0x6E89, 0x6E89, 0x6E89, 0x6E8A,
    0x6E8A, 0x6E8A, 0x6E8A, 0x6E8A, 0x6E8A, 0x6E8A, 0x6E6A, 0x6E6A, 0x666A, 0x666A, 0x666A, 0x666A, 0x666A, 0x666A, 0x666A, 0x666A,
    0x666A, 0x664A, 0x664A, 0x664A, 0x664A, 0x5E4A, 0x5E4A, 0x5E4A, 0x5E4A, 0x5E4A, 0x5E4A, 0x5E4A, 0x5E2A, 0x5E2A, 0x5E2A, 0x5E2A,
    0x5E2A, 0x5E2A, 0x5E2A, 0x562A, 0x562A, 0x560A, 0x560A, 0x560A, 0x560A, 0x560A, 0x560A, 0x560A, 0x560A, 0x55EA, 0x4DEA, 0x4DEA,
    0x4DEA, 0x4DEA, 0x4DEA, 0x4DEA, 0x4DEA, 0x4DEA, 0x4DCA, 0x4DCA, 0x4DCA, 0x4DCA, 0x4DCA, 0x45CA, 0x45CA, 0x45CA, 0x45AA, 0x45AA,
    0x45AA, 0x45AA, 0x45AA, 0x45AA, 0x458A, 0x458A, 0x3D8A, 0x3D8A, 0x3D8A, 0x3D8A, 0x3D6A, 0x3D6A, 0x3D6A, 0x3D6A, 0x3D6A, 0x3D4A,
    0x3D4A, 0x354A, 0x354A, 0x354A, 0x354A, 0x352A, 0x352A, 0x352A, 0x8E89, 0xBEF3, 0xF77E, 0xEF7D, 0xEF7D, 0xF79E, 0xD758, 0x8EA9,
    0x96AB, 0x96AC, 0x96CC, 0x96AB, 0x96CB, 0x96CB, 0x96CB, 0x96CB, 0x96CB, 0x96CB, 0x96CB, 0x96CB, 0x96CB, 0x96CB, 0x96CB, 0x96CB,
    0x8ECB, 0x8ECB, 0x8ECB, 0x8ECB, 0x8ECB, 0x8ECB, 0x8ECB, 0x8ECB, 0x8ECB, 0x8ECB, 0x8ECB, 0x8ECB, 0x8ECB, 0x8ECB, 0x8ECB, 0x8ECB,
    0x86CB, 0x86CB, 0x86CB, 0x86CB, 0x86CB, 0x86CA, 0x86CA, 0x86CA, 0x86CA, 0x86CA, 0x86CA, 0x86CA, 0x86CA, 0x7ECA, 0x7ECA, 0x7ECA,
    0x7ECA, 0x7ECA, 0x7ECA, 0x7ECA, 0x7ECA, 0x7ECA, 0x7EAA, 0x7EAA, 0x7EAA, 0x76AA, 0x76AA, 0x76AA, 0x76A9, 0x76A9, 0x76A9, 0x76A9,
    0x76A9, 0x76A9, 0x76A9, 0x76A9, 0x76A9, 0x7689, 0x6E89, 0x6E89, 0x6E89, 0x6E89, 0x6E8A, 0x6E8A, 0x6E8A, 0x6E8A, 0x6E8A, 0x6E8A,
    0x6E6A, 0x6E6A, 0x6E6A, 0x666A, 0x666A, 0x666A, 0x666A, 0x666A, 0x666A, 0x666A, 0x666A, 0x666A, 0x664A, 0x664A, 0x664A, 0x664A,
    0x5E4A, 0x5E4A, 0x5E4A, 0x5E4A, 0x5E4A, 0x5E4A, 0x5E4A, 0x5E2A, 0x5E2A, 0x5E2A, 0x5E2A, 0x5E2A, 0x5E2A, 0x5E2A, 0x562A, 0x562A,
    0x562A, 0x562A, 0x560A, 0x560A, 0x560A, 0x560A, 0x560A, 0x560A, 0x560A, 0x560A, 0x4DEA, 0x4DEA, 0x4DEA, 0x4DEA, 0x4DEA, 0x4DEA,
    0x4DEA, 0x4DEA, 0x4DEA, 0x4DCA, 0x4DCA, 0x4DCA, 0x45CA, 0x45CA, 0x45CA, 0x45AA, 0x45AA, 0x45AA, 0x45AA, 0x45AA, 0x45AA, 0x458A,
    0x458A, 0x458A, 0x3D8A, 0x3D8A, 0x3D8A, 0x3D8A, 0x3D6A, 0x3D6A, 0x3D6A, 0x3D6A, 0x3D6A, 0x3D4A, 0x3D4A, 0x3D4A, 0x354A, 0x354A,
    0x352A, 0x352A, 0x352A, 0x352A, 0xB6F2, 0xE77C, 0xEF7E, 0xEF7D, 0xEF7D, 0xEF7D, 0xF79E, 0xC735, 0x9ECD, 0x8EAA, 0x96AA, 0x96AC,
    0x96CC, 0x96CB, 0x96CB, 0x96CB, 0x96CB, 0x96CB, 0x96CB, 0x96CB, 0x96CB, 0x96CB, 0x8ECB, 0x96CB, 0x8ECB, 0x8ECB, 0x8ECB, 0x8ECB,
    0x8ECB, 0x8ECB, 0x8ECB, 0x8ECB, 0x8ECB, 0x8ECB, 0x8ECB, 0x8ECB, 0x8ECB, 0x8ECB, 0x8ECB, 0x86CB, 0x86CB, 0x86CB, 0x86CB, 0x86CB,
    0x86CB, 0x86CA, 0x86CA, 0x86CA, 0x86CA, 0x86CA, 0x86CA, 0x86CA, 0x7ECA, 0x7ECA, 0x7ECA, 0x7ECA, 0x7ECA, 0x7ECA, 0x7ECA, 0x7ECA,
    0x7ECA, 0x7EAA, 0x7EAA, 0x7EAA, 0x7EAA, 0x76AA, 0x76AA, 0x76AA, 0x76A9, 0x76A9, 0x76A9, 0x76A9, 0x76A9, 0x76A9, 0x76A9, 0x76A9,
    0x7689, 0x6E89, 0x6E89, 0x6E89, 0x6E89, 0x6E8A, 0x6E8A, 0x6E8A, 0x6E8A, 0x6E8A, 0x6E8A, 0x6E8A, 0x6E6A, 0x6E6A, 0x666A, 0x666A,
    0x666A, 0x666A, 0x666A, 0x666A, 0x666A, 0x666A, 0x666A, 0x664A, 0x664A, 0x664A, 0x664A, 0x5E4A, 0x5E4A, 0x5E4A, 0x5E4A, 0x5E4A,
    0x5E4A, 0x5E4A, 0x5E2A, 0x5E2A, 0x5E2A, 0x5E2A, 0x5E2A, 0x5E2A, 0x5E2A, 0x562A, 0x562A, 0x562A, 0x562A, 0x562A, 0x560A, 0x560A,
    0x560A, 0x560A, 0x560A, 0x560A, 0x560A, 0x560A, 0x4DEA, 0x4DEA, 0x4DEA, 0x4DEA, 0x4DEA, 0x4DEA, 0x4DEA, 0x4DEA, 0x4DEA, 0x4DCA,
    0x4DCA, 0x4DCA, 0x45CA, 0x45CA, 0x45CA, 0x45AA, 0x45AA, 0x45AA, 0x45AA, 0x45AA, 0x45AA, 0x45AA, 0x458A, 0x3D8A, 0x3D8A, 0x3D8A,
    0x3D8A, 0x3D8A, 0x3D8A, 0x3D6A, 0x3D6A, 0x3D6A, 0x3D6A, 0x3D6A, 0x3D4A, 0x354A, 0x354A, 0x354A, 0x354A, 0x352A, 0x352A, 0x352A,
    0xF77E, 0xEF7D, 0xEF7D, 0xEF7D, 0xEF7D, 0xF79E, 0xF79E, 0xF79F, 0xEF9D, 0xCF36, 0xA6EF, 0x8EAA, 0x8EAA, 0x96CB, 0x96CB, 0x96CB,
    0x96CB, 0x96CB, 0x96CB, 0x96CB, 0x96CB, 0x96CB, 0x96CB, 0x8ECB, 0x8ECB, 0x8ECB, 0x8ECB, 0x8EEB, 0x8ECB, 0x8ECB, 0x8ECB, 0x8ECB,
    0x8ECB, 0x8ECB, 0x8ECB, 0x8ECB, 0x8ECB, 0x8ECB, 0x86CB, 0x86CB, 0x86CB, 0x86CB, 0x86CB, 0x86CA, 0x86CA, 0x86CA, 0x86CA, 0x86CA,
    0x86CA, 0x86CA, 0x86CA, 0x7ECA, 0x7ECA, 0x7ECA, 0x7ECA, 0x7ECA, 0x7ECA, 0x7ECA, 0x7ECA, 0x7ECA, 0x7EAA, 0x7EAA, 0x7EAA, 0x7EAA,
    0x76AA, 0x76AA, 0x76AA, 0x76A9, 0x76A9, 0x76A9, 0x76A9, 0x76A9, 0x76A9, 0x76A9, 0x76A9, 0x7689, 0x6E89, 0x6E89, 0x6E89, 0x6E89,
    0x6E8A, 0x6E8A, 0x6E8A, 0x6E8A, 0x6E8A, 0x6E8A, 0x6E8A, 0x6E6A, 0x6E6A, 0x666A, 0x666A, 0x666A, 0x666A, 0x666A, 0x666A, 0x666A,
    0x666A, 0x666A, 0x664A, 0x664A, 0x664A, 0x664A, 0x5E4A, 0x5E4A, 0x5E4A, 0x5E4A, 0x5E4A, 0x5E4A, 0x5E4A, 0x5E2A, 0x5E2A, 0x5E2A,
    0x5E2A, 0x5E2A, 0x5E2A, 0x5E2A, 0x562A, 0x562A, 0x562A, 0x562A, 0x560A, 0x560A, 0x560A, 0x560A, 0x560A, 0x560A, 0x560A, 0x560A,
    0x560A, 0x4DEA, 0x4DEA, 0x4DEA, 0x4DEA, 0x4DEA, 0x4DEA, 0x4DEA, 0x4DEA, 0x4DEA, 0x4DCA, 0x4DCA, 0x45CA, 0x45CA, 0x45CA, 0x45CA,
    0x45CA, 0x45AA, 0x45AA, 0x45AA, 0x45AA, 0x45AA, 0x45AA, 0x45AA, 0x3D8A, 0x3D8A, 0x3D8A, 0x3D8A, 0x3D8A, 0x3D8A, 0x3D6A, 0x3D6A,
    0x3D6A, 0x3D6A, 0x3D6A, 0x354A, 0x354A, 0x354A, 0x354A, 0x354A, 0x354A, 0x354A, 0x3529, 0x2508, 0xEF7D, 0xEF7D, 0xEF7D, 0xF79E,
    0xF79E, 0xF79E, 0xF79E, 0xF79D, 0xF79E, 0xFFBF, 0xF79E, 0xDF79, 0xB712, 0x9ECD, 0x96CB, 0x96CB, 0x96CB, 0x96CB, 0x96CB, 0x96CB,
    0x96CB, 0x96CB, 0x8ECB, 0x8ECB, 0x8ECB, 0x8EEB, 0x8EEB, 0x8ECB, 0x8ECB, 0x8ECB, 0x8ECB, 0x8ECB, 0x8ECB, 0x8ECB, 0x8ECB, 0x8ECB,
    0x8ECB, 0x86CB, 0x86CB, 0x86CB, 0x86CB, 0x86CB, 0x86CA, 0x86CA, 0x86CA, 0x86CA, 0x86CA, 0x86CA, 0x86CA, 0x86CA, 0x7ECA, 0x7ECA,
    0x7ECA, 0x7ECA, 0x7ECA, 0x7ECA, 0x7ECA, 0x7ECA, 0x7ECA, 0x7EAA, 0x7EAA, 0x7EAA, 0x7EAA, 0x76AA, 0x76AA, 0x76AA, 0x76A9, 0x76A9,
    0x76A9, 0x76A9, 0x76A9, 0x76A9, 0x76A9, 0x76A9, 0x7689, 0x6E89, 0x6E89, 0x6E89, 0x6E8A, 0x6E8A, 0x6E8A, 0x6E8A, 0x6E8A, 0x6E8A,
    0x6E8A, 0x6E6A, 0x6E6A, 0x6E6A, 0x666A, 0x666A, 0x666A, 0x666A, 0x666A, 0x666A, 0x666A, 0x666A, 0x666A, 0x664A, 0x664A, 0x664A,
    0x664A, 0x5E4A, 0x5E4A, 0x5E4A, 0x5E4A, 0x5E4A, 0x5E4A, 0x5E4A, 0x5E2A, 0x5E2A, 0x5E2A, 0x5E2A, 0x5E2A, 0x5E2A, 0x562A, 0x562A,
    0x562A, 0x562A, 0x562A, 0x562A, 0x560A, 0x560A, 0x560A, 0x560A, 0x560A, 0x560A, 0x560A, 0x560A, 0x560A, 0x4E0A, 0x4DEA, 0x4DEA,
    0x4DEA, 0x4DEA, 0x4DEA, 0x4DEA, 0x4DEA, 0x4DEA, 0x4DEA, 0x45CA, 0x45CA, 0x45CA, 0x45CA, 0x45CA, 0x45CA, 0x45AA, 0x45AA, 0x45AA,
    0x45AA, 0x45AA, 0x45AA, 0x3DAA, 0x3D8A, 0x3D8A, 0x3D8A, 0x3D8A, 0x3D8A, 0x3D8A, 0x3D8A, 0x3D6A, 0x3D6A, 0x3D6A, 0x356A, 0x356A,
    0x356A, 0x354A, 0x354A, 0x354A, 0x354A, 0x352A, 0x3D4B, 0x7E12, 0xEF7D, 0xEF7D, 0xEF7D, 0xF79E, 0xF79E, 0xF79E, 0xF79E, 0xF79E,
    0xF79E, 0xF79E, 0xFFBF, 0xFFBF, 0xDF7A, 0xA6EF, 0x8ECB, 0x96CB, 0x96CB, 0x96CB, 0x96CB, 0x96CB, 0x96CB, 0x8ECB, 0x8ECB, 0x8ECB,
    0x8ECB, 0x8EEB, 0x8ECB, 0x8ECB, 0x8ECB, 0x8ECB, 0x8ECB, 0x8ECB, 0x8ECB, 0x8ECB, 0x8ECB, 0x8ECB, 0x86CB, 0x86CB, 0x86CB, 0x86CB,
    0x86CB, 0x86CA, 0x86CA, 0x86CA, 0x86CA, 0x86CA, 0x86CA, 0x86CA, 0x86CA, 0x7ECA, 0x7ECA, 0x7ECA, 0x7ECA, 0x7ECA, 0x7ECA, 0x7ECA,
    0x7ECA, 0x7ECA, 0x7EAA, 0x7EAA, 0x7EAA, 0x7EAA, 0x76AA, 0x76AA, 0x76A9, 0x76A9, 0x76A9, 0x76A9, 0x76A9, 0x76A9, 0x76A9, 0x76A9,
    0x76A9, 0x7689, 0x6E89, 0x6E89, 0x6E89, 0x6E89, 0x6E8A, 0x6E8A, 0x6E8A, 0x6E8A, 0x6E8A, 0x6E8A, 0x6E6A, 0x6E6A, 0x6E6A, 0x666A,
    0x666A, 0x666A, 0x666A, 0x666A, 0x666A, 0x666A, 0x666A, 0x666A, 0x664A, 0x664A, 0x664A, 0x664A, 0x5E4A, 0x5E4A, 0x5E4A, 0x5E4A,
    0x5E4A, 0x5E4A, 0x5E4A, 0x5E2A, 0x5E2A, 0x5E2A, 0x5E2A, 0x5E2A, 0x5E2A, 0x562A, 0x562A, 0x562A, 0x562A, 0x562A, 0x562A, 0x560A,
    0x560A, 0x560A, 0x560A, 0x560A, 0x560A, 0x560A, 0x560A, 0x4E0A, 0x4E0A, 0x4E0A, 0x4DEA, 0x4DEA, 0x4DEA, 0x4DEA, 0x4DEA, 0x4DEA,
    0x4DEA, 0x4DEA, 0x45CA, 0x45CA, 0x45CA, 0x45CA, 0x45CA, 0x45CA, 0x45CA, 0x45AA, 0x45AA, 0x45AA, 0x45AA, 0x45AA, 0x45AA, 0x3DAA,
    0x3DAA, 0x3D8A, 0x3D8A, 0x3D8A, 0x3D8A, 0x3D8A, 0x3D8A, 0x3D6A, 0x3D6A, 0x3D6A, 0x356A, 0x356A, 0x354A, 0x354A, 0x354A, 0x354A,
    0x354A, 0x2D29, 0x558D, 0xBEF8, 0xF79F, 0xEF7D, 0xF79E, 0xF79E, 0xF79E, 0xF79E, 0xF79E, 0xFFBF, 0xFFBF, 0xEF9C, 0xC735, 0xA6EE,
    0x8ECA, 0x8ECB, 0x96CB, 0x96CB, 0x96CB, 0x96CB, 0x96CB, 0x96CB, 0x8ECB, 0x8ECB, 0x8ECB, 0x8EEB, 0x8EEB, 0x8ECB, 0x8ECB, 0x8ECB,
    0x8ECB, 0x8ECB, 0x8ECB, 0x8ECB, 0x8ECB, 0x8ECB, 0x8ECB, 0x86CB, 0x86CB, 0x86CB, 0x86CB, 0x86CB, 0x86CA, 0x86CA, 0x86CA, 0x86CA,
    0x86CA, 0x86CA, 0x86CA, 0x86CA, 0x7ECA, 0x7ECA, 0x7ECA, 0x7ECA, 0x7ECA, 0x7ECA, 0x7ECA, 0x7ECA, 0x7ECA, 0x7EAA, 0x7EAA, 0x7EAA,
    0x76AA, 0x76AA, 0x76AA, 0x76A9, 0x76A9, 0x76A9, 0x76A9, 0x76A9, 0x76A9, 0x76A9, 0x76A9, 0x76A9, 0x7689, 0x6E89, 0x6E89, 0x6E89,
    0x6E89, 0x6E8A, 0x6E8A, 0x6E8A, 0x6E8A, 0x6E8A, 0x6E8A, 0x6E6A, 0x6E6A, 0x6E6A, 0x666A, 0x666A, 0x666A, 0x666A, 0x666A, 0x666A,
    0x666A, 0x666A, 0x666A, 0x664A, 0x664A, 0x664A, 0x664A, 0x5E4A, 0x5E4A, 0x5E4A, 0x5E4A, 0x5E4A, 0x5E4A, 0x5E4A, 0x5E2A, 0x5E2A,
    0x5E2A, 0x5E2A, 0x5E2A, 0x5E2A, 0x562A, 0x562A, 0x562A, 0x562A, 0x562A, 0x560A, 0x560A, 0x560A, 0x560A, 0x560A, 0x560A, 0x560A,
    0x560A, 0x560A, 0x4E0A, 0x4E0A, 0x4E0A, 0x4DEA, 0x4DEA, 0x4DEA, 0x4DEA, 0x4DEA, 0x4DEA, 0x4DEA, 0x4DEA, 0x4DCA, 0x45CA, 0x45CA,
    0x45CA, 0x45CA, 0x45CA, 0x45CA, 0x45CA, 0x45CA, 0x45AA, 0x45AA, 0x45AA, 0x45AA, 0x3DAA, 0x3DAA, 0x3D8A, 0x3D8A, 0x3D8A, 0x3D8A,
    0x3D8A, 0x3D6A, 0x3D6A, 0x3D6A, 0x3D6A, 0x3D6A, 0x356A, 0x354A, 0x354A, 0x354A, 0x354A, 0x354A, 0x354A, 0x352A, 0x2D29, 0x2509,
    0xCF37, 0xEF9D, 0xF79E, 0xF79E, 0xF79E, 0xF79E, 0xF79E, 0xDF79, 0xB711, 0x96CC, 0x8EAA, 0x8ECB, 0x96CC, 0x96CB, 0x96CB, 0x96CB,
    0x96CB, 0x96CB, 0x96CB, 0x8ECB, 0x8ECB, 0x8ECB, 0x8EEB, 0x8EEB, 0x8ECB, 0x8ECB, 0x8ECB, 0x8ECB, 0x8ECB, 0x8ECB, 0x8ECB, 0x8ECB,
    0x8ECB, 0x8ECB, 0x86CB, 0x86CB, 0x86CB, 0x86CB, 0x86CB, 0x86CA, 0x86CA, 0x86CA, 0x86CA, 0x86CA, 0x86CA, 0x86CA, 0x86CA, 0x7ECA,
    0x7ECA, 0x7ECA, 0x7ECA, 0x7ECA, 0x7ECA, 0x7ECA, 0x7ECA, 0x7ECA, 0x7EAA, 0x7EAA, 0x7EAA, 0x76AA, 0x76AA, 0x76AA, 0x76A9, 0x76A9,
    0x76A9, 0x76A9, 0x76A9, 0x76A9, 0x76A9, 0x76A9, 0x76A9, 0x7689, 0x6E89, 0x6E89, 0x6E89, 0x6E89, 0x6E8A, 0x6E8A, 0x6E8A, 0x6E8A,
    0x6E8A, 0x6E8A, 0x6E6A, 0x6E6A, 0x6E6A, 0x666A, 0x666A, 0x666A, 0x666A, 0x666A, 0x666A, 0x666A, 0x666A, 0x666A, 0x664A, 0x664A,
    0x664A, 0x664A, 0x5E4A, 0x5E4A, 0x5E4A, 0x5E4A, 0x5E4A, 0x5E4A, 0x5E4A, 0x5E2A, 0x5E2A, 0x5E2A, 0x5E2A, 0x5E2A, 0x5E2A, 0x5E2A,
    0x562A, 0x562A, 0x562A, 0x562A, 0x562A, 0x560A, 0x560A, 0x560A, 0x560A, 0x560A, 0x560A, 0x560A, 0x560A, 0x4E0A, 0x4E0A, 0x4E0A,
    0x4DEA, 0x4DEA, 0x4DEA, 0x4DEA, 0x4DEA, 0x4DEA, 0x4DEA, 0x4DEA, 0x4DEA, 0x4DCA, 0x4DCA, 0x45CA, 0x45CA, 0x45CA, 0x45CA, 0x45CA,
    0x45CA, 0x45AA, 0x45AA, 0x45AA, 0x45AA, 0x45AA, 0x3DAA, 0x3D8A, 0x3D8A, 0x3D8A, 0x3D8A, 0x3D8A, 0x3D8A, 0x3D8A, 0x3D6A, 0x3D6A,
    0x3D6A, 0x3D6A, 0x356A, 0x356A, 0x354A, 0x354A, 0x354A, 0x354A, 0x354A, 0x352A, 0x352A, 0x352A, 0x8E89, 0xCF36, 0xF79F, 0xF79D,
    0xF79E, 0xF7BF, 0xE77A, 0x8EAA, 0x8EAA, 0x96CB, 0x96CC, 0x96CC, 0x96CB, 0x96CB, 0x96CB, 0x96CB, 0x96CB, 0x96CB, 0x8ECB, 0x8ECB,
    0x8EEB, 0x8EEB, 0x8ECB, 0x8ECB, 0x8ECB, 0x8ECB, 0x8ECB, 0x8ECB, 0x8ECB, 0x8ECB, 0x8ECB, 0x8EEB, 0x8ECB, 0x86CB, 0x86CB, 0x86CB,
    0x86EB, 0x86CB, 0x86CA, 0x86CA, 0x86CA, 0x86CA, 0x86CA, 0x86CA, 0x86CA, 0x86CA, 0x7ECA, 0x7ECA, 0x7ECA, 0x7ECA, 0x7ECA, 0x7ECA,
    0x7ECA, 0x7ECA, 0x7ECA, 0x7EAA, 0x7EAA, 0x7EAA, 0x76AA, 0x76AA, 0x76AA, 0x76A9, 0x76A9, 0x76A9, 0x76A9, 0x76A9, 0x76A9, 0x76A9,
    0x76A9, 0x76A9, 0x7689, 0x6E89, 0x6E89, 0x6E89, 0x6E89, 0x6E8A, 0x6E8A, 0x6E8A, 0x6E8A, 0x6E8A, 0x6E8A, 0x6E6A, 0x6E6A, 0x6E6A,
    0x666A, 0x666A, 0x666A, 0x666A, 0x666A, 0x666A, 0x666A, 0x666A, 0x666A, 0x664A, 0x664A, 0x664A, 0x664A, 0x5E4A, 0x5E4A, 0x5E4A,
    0x5E4A, 0x5E4A, 0x5E4A, 0x5E4A, 0x5E2A, 0x5E2A, 0x5E2A, 0x5E2A, 0x5E2A, 0x5E2A, 0x562A, 0x562A, 0x562A, 0x562A, 0x562A, 0x560A,
    0x560A, 0x560A, 0x560A, 0x560A, 0x560A, 0x560A, 0x560A, 0x560A, 0x4E0A, 0x4E0A, 0x4E0A, 0x4DEA, 0x4DEA, 0x4DEA, 0x4DEA, 0x4DEA,
    0x4DEA, 0x4DEA, 0x4DEA, 0x4DEA, 0x4DEA, 0x45CA, 0x45CA, 0x45CA, 0x45CA, 0x45CA, 0x45CA, 0x45CA, 0x45CA, 0x45AA, 0x45AA, 0x45AA,
    0x3DAA, 0x3DAA, 0x3DAA, 0x3DAA, 0x3D8A, 0x3D8A, 0x3D8A, 0x3D8A, 0x3D8A, 0x3D8A, 0x3D6A, 0x3D6A, 0x356A, 0x356A, 0x356A, 0x356A,
    0x354A, 0x354A, 0x354A, 0x354A, 0x354A, 0x354A, 0x352A, 0x352A, 0x96AB, 0x9ECD, 0xF79E, 0xF79E, 0xF79D, 0xFFBF, 0xBF33, 0x8EAA,
    0x96CC, 0x96CB, 0x96CB, 0x96CB, 0x96CB, 0x96CB, 0x96CB, 0x96CB, 0x96CB, 0x8ECB, 0x8ECB, 0x8ECB, 0x8EEB, 0x8ECB, 0x8ECB, 0x8ECB,
    0x8ECB, 0x8EEB, 0x8EEB, 0x8ECB, 0x8ECB, 0x8EEB, 0x8EEB, 0x8ECB, 0x86CB, 0x86CB, 0x86EB, 0x86EB, 0x86CB, 0x86CA, 0x86CA, 0x86CA,
    0x86CA, 0x86CA, 0x86CA, 0x86CA, 0x86CA, 0x7ECA, 0x7ECA, 0x7ECA, 0x7ECA, 0x7ECA, 0x7ECA, 0x7ECA, 0x7ECA, 0x7ECA, 0x7EAA, 0x7EAA,
    0x7EAA, 0x76AA, 0x76AA, 0x76AA, 0x76A9, 0x76A9, 0x76A9, 0x76A9, 0x76A9, 0x76A9, 0x76A9, 0x76A9, 0x76A9, 0x7689, 0x6E89, 0x6E89,
    0x6E89, 0x6E8A, 0x6E8A, 0x6E8A, 0x6E8A, 0x6E8A, 0x6E8A, 0x6E8A, 0x6E6A, 0x6E6A, 0x6E6A, 0x6E6A, 0x666A, 0x666A, 0x666A, 0x666A,
    0x666A, 0x666A, 0x666A, 0x666A, 0x664A, 0x664A, 0x664A, 0x664A, 0x664A, 0x5E4A, 0x5E4A, 0x5E4A, 0x5E4A, 0x5E4A, 0x5E4A, 0x5E2A,
    0x5E2A, 0x5E2A, 0x5E2A, 0x5E2A, 0x5E2A, 0x562A, 0x562A, 0x562A, 0x562A, 0x562A, 0x562A, 0x560A, 0x560A, 0x560A, 0x560A, 0x560A,
    0x560A, 0x560A, 0x560A, 0x560A, 0x4E0A, 0x4E0A, 0x4DEA, 0x4DEA, 0x4DEA, 0x4DEA, 0x4DEA, 0x4DEA, 0x4DEA, 0x4DEA, 0x4DEA, 0x4DEA,
    0x4DEA, 0x45CA, 0x45CA, 0x45CA, 0x45CA, 0x45CA, 0x45CA, 0x45CA, 0x45CA, 0x45CA, 0x45AA, 0x3DAA, 0x3DAA, 0x3DAA, 0x3DAA, 0x3DAA,
    0x3D8A, 0x3D8A, 0x3D8A, 0x3D8A, 0x3D8A, 0x3D8A, 0x3D6A, 0x3D6A, 0x356A, 0x356A, 0x356A, 0x356A, 0x356A, 0x354A, 0x354A, 0x354A,
    0x354A, 0x352A, 0x2D2A, 0x352A, 0x96AC, 0x8EAA, 0xD758, 0xFFBF, 0xF79E, 0xEF9D, 0x9ECD, 0x96CB, 0x96CB, 0x96CB, 0x96CB, 0x96CB,
    0x96CB, 0x96CB, 0x96CB, 0x96CB, 0x8ECB, 0x8ECB, 0x8ECB, 0x8EEB, 0x8ECB, 0x8ECB, 0x8ECB, 0x8ECB, 0x8EEB, 0x8ECB, 0x8ECB, 0x8ECB,
    0x8EEB, 0x8EEB, 0x8ECB, 0x86CB, 0x86CB, 0x86EB, 0x86EB, 0x86CB, 0x86CA, 0x86CA, 0x86CA, 0x86CA, 0x86CA, 0x86CA, 0x86CA, 0x86CA,
    0x7ECA, 0x7ECA, 0x7ECA, 0x7ECA, 0x7ECA, 0x7ECA, 0x7ECA, 0x7ECA, 0x7ECA, 0x7EAA, 0x7EAA, 0x7EAA, 0x76AA, 0x76AA, 0x76AA, 0x76A9,
    0x76A9, 0x76A9, 0x76A9, 0x76A9, 0x76A9, 0x76A9, 0x76A9, 0x76A9, 0x7689, 0x6E89, 0x6E89, 0x6E89, 0x6E89, 0x6E8A, 0x6E8A, 0x6E8A,
    0x6E8A, 0x6E8A, 0x6E8A, 0x6E6A, 0x6E6A, 0x6E6A, 0x666A, 0x666A, 0x666A, 0x666A, 0x666A, 0x666A, 0x666A, 0x666A, 0x664A, 0x664A,
    0x664A, 0x664A, 0x664A, 0x5E4A, 0x5E4A, 0x5E4A, 0x5E4A, 0x5E4A, 0x5E4A, 0x5E4A, 0x5E2A, 0x5E2A, 0x5E2A, 0x5E2A, 0x5E2A, 0x5E2A,
    0x562A, 0x562A, 0x562A, 0x562A, 0x562A, 0x560A, 0x560A, 0x560A, 0x560A, 0x560A, 0x560A, 0x560A, 0x560A, 0x560A, 0x4E0A, 0x4E0A,
    0x4E0A, 0x4DEA, 0x4DEA, 0x4DEA, 0x4DEA, 0x4DEA, 0x4DEA, 0x4DEA, 0x4DEA, 0x4DEA, 0x4DEA, 0x45EA, 0x45CA, 0x45CA, 0x45CA, 0x45CA,
    0x45CA, 0x45CA, 0x45CA, 0x45CA, 0x45CA, 0x45AA, 0x45AA, 0x3DAA, 0x3DAA, 0x3DAA, 0x3DAA, 0x3D8A, 0x3D8A, 0x3D8A, 0x3D8A, 0x3D8A,
    0x3D8A, 0x3D8A, 0x3D8A, 0x356A, 0x356A, 0x356A, 0x356A, 0x356A, 0x356A, 0x354A, 0x354A, 0x354A, 0x354A, 0x354A, 0x2D2A, 0x2D2A,
    0x96AC, 0x8EAA, 0xAEF0, 0xF7BE, 0xFFBF, 0xCF56, 0x8EAA, 0x96CC, 0x96CB, 0x96CB, 0x96CB, 0x96CB, 0x96CB, 0x96CB, 0x96EB, 0x8ECB,
    0x8ECB, 0x8EEB, 0x8EEB, 0x8ECB, 0x8ECB, 0x8ECB, 0x8ECB, 0x8EEB, 0x8ECB, 0x8ECB, 0x8ECB, 0x8EEB, 0x8ECB, 0x8ECB, 0x86CB, 0x86EB,
    0x86EB, 0x86CB, 0x86CB, 0x86CA, 0x86CA, 0x86CA, 0x86CA, 0x86CA, 0x86CA, 0x86CA, 0x86CA, 0x7ECA, 0x7ECA, 0x7ECA, 0x7ECA, 0x7ECA,
    0x7ECA, 0x7ECA, 0x7ECA, 0x7ECA, 0x7EAA, 0x7EAA, 0x7EAA, 0x76AA, 0x76AA, 0x76AA, 0x76A9, 0x76A9, 0x76A9, 0x76A9, 0x76A9, 0x76A9,
    0x76A9, 0x76A9, 0x76A9, 0x6E89, 0x6E89, 0x6E89, 0x6E89, 0x6E89, 0x6E8A, 0x6E8A, 0x6E8A, 0x6E8A, 0x6E8A, 0x6E8A, 0x6E6A, 0x6E6A,
    0x6E6A, 0x666A, 0x666A, 0x666A, 0x666A, 0x666A, 0x666A, 0x666A, 0x666A, 0x664A, 0x664A, 0x664A, 0x664A, 0x664A, 0x5E4A, 0x5E4A,
    0x5E4A, 0x5E4A, 0x5E4A, 0x5E4A, 0x5E4A, 0x5E2A, 0x5E2A, 0x5E2A, 0x5E2A, 0x5E2A, 0x5E2A, 0x562A, 0x562A, 0x562A, 0x562A, 0x562A,
    0x560A, 0x560A, 0x560A, 0x560A, 0x560A, 0x560A, 0x560A, 0x560A, 0x4E0A, 0x4E0A, 0x4E0A, 0x4E0A, 0x4DEA, 0x4DEA, 0x4DEA, 0x4DEA,
    0x4DEA, 0x4DEA, 0x4DEA, 0x4DEA, 0x4DEA, 0x4DEA, 0x45EA, 0x45CA, 0x45CA, 0x45CA, 0x45CA, 0x45CA, 0x45CA, 0x45CA, 0x45CA, 0x45CA,
    0x45AA, 0x45AA, 0x3DAA, 0x3DAA, 0x3DAA, 0x3DAA, 0x3DAA, 0x3DAA, 0x3D8A, 0x3D8A, 0x3D8A, 0x3D8A, 0x3D8A, 0x3D8A, 0x356A, 0x356A,
    0x356A, 0x356A, 0x356A, 0x354A, 0x354A, 0x354A, 0x354A, 0x354A, 0x354A, 0x352A, 0x2D2A, 0x2D2A, 0x96AB, 0x96AB, 0x8EAB, 0xDF79,
    0xFFBF, 0xA6EF, 0x8ECB, 0x96CB, 0x96CB, 0x96CB, 0x96CB, 0x96CB, 0x96CB, 0x8EEB, 0x8ECB, 0x8ECB, 0x8EEB, 0x8EEB, 0x8ECB, 0x8ECB,
    0x8ECB, 0x8ECB, 0x8EEB, 0x8EEB, 0x8ECB, 0x8ECB, 0x8EEB, 0x8EEB, 0x86CB, 0x86CB, 0x86EB, 0x86EB, 0x86EB, 0x86CB, 0x86CA, 0x86CA,
    0x86CA, 0x86CA, 0x86CA, 0x86CA, 0x86CA, 0x86CA, 0x7ECA, 0x7ECA, 0x7ECA, 0x7ECA, 0x7ECA, 0x7ECA, 0x7ECA, 0x7ECA, 0x7ECA, 0x7EAA,
    0x7EAA, 0x7EAA, 0x76AA, 0x76AA, 0x76AA, 0x76A9, 0x76A9, 0x76A9, 0x76A9, 0x76A9, 0x76A9, 0x76A9, 0x76A9, 0x76A9, 0x7689, 0x6E89,
    0x6E89, 0x6E89, 0x6E89, 0x6E8A, 0x6E8A, 0x6E8A, 0x6E8A, 0x6E8A, 0x6E8A, 0x6E6A, 0x6E6A, 0x6E6A, 0x666A, 0x666A, 0x666A, 0x666A,
    0x666A, 0x666A, 0x666A, 0x666A, 0x666A, 0x664A, 0x664A, 0x664A, 0x664A, 0x5E4A, 0x5E4A, 0x5E4A, 0x5E4A, 0x5E4A, 0x5E4A, 0x5E4A,
    0x5E2A, 0x5E2A, 0x5E2A, 0x5E2A, 0x5E2A, 0x5E2A, 0x5E2A, 0x562A, 0x562A, 0x562A, 0x562A, 0x562A, 0x560A, 0x560A, 0x560A, 0x560A,
    0x560A, 0x560A, 0x560A, 0x560A, 0x4E0A, 0x4E0A, 0x4E0A, 0x4DEA, 0x4DEA, 0x4DEA, 0x4DEA, 0x4DEA, 0x4DEA, 0x4DEA, 0x4DEA, 0x4DEA,
    0x4DEA, 0x4DEA, 0x45CA, 0x45CA, 0x45CA, 0x45CA, 0x45CA, 0x45CA, 0x45CA, 0x45CA, 0x45CA, 0x45AA, 0x45AA, 0x45AA, 0x45AA, 0x3DAA,
    0x3DAA, 0x3DAA, 0x3DAA, 0x3DAA, 0x3D8A, 0x3D8A, 0x3D8A, 0x3D8A, 0x3D8A, 0x3D6A, 0x356A, 0x356A, 0x356A, 0x356A, 0x356A, 0x354A,
    0x354A, 0x354A, 0x354A, 0x354A, 0x354A, 0x352A, 0x2D2A, 0x2D2A, 0x96CB, 0x96CC, 0x8EAA, 0xBF33, 0xE79B, 0x8ECA, 0x96CB, 0x96CB,
    0x96CB, 0x96CB, 0x96CB, 0x96CB, 0x8EEB, 0x8ECB, 0x8ECB, 0x8EEB, 0x8EEB, 0x8ECB, 0x8ECB, 0x8ECB, 0x8ECB, 0x8EEB, 0x8ECB, 0x8ECB,
    0x8EEB, 0x8EEB, 0x8EEB, 0x86CB, 0x86EB, 0x86EB, 0x86EB, 0x86CB, 0x86CB, 0x86CA, 0x86CA, 0x86CA, 0x86CA, 0x86CA, 0x86CA, 0x86CA,
    0x86CA, 0x7ECA, 0x7ECA, 0x7ECA, 0x7ECA, 0x7ECA, 0x7ECA, 0x7ECA, 0x7ECA, 0x7ECA, 0x7EAA, 0x7EAA, 0x7EAA, 0x76AA, 0x76AA, 0x76AA,
    0x76A9, 0x76A9, 0x76A9, 0x76A9, 0x76A9, 0x76A9, 0x76A9, 0x76A9, 0x76A9, 0x6E89, 0x6E89, 0x6E89, 0x6E89, 0x6E89, 0x6E8A, 0x6E8A,
    0x6E8A, 0x6E8A, 0x6E8A, 0x6E8A, 0x6E6A, 0x6E6A, 0x6E6A, 0x666A, 0x666A, 0x666A, 0x666A, 0x666A, 0x666A, 0x666A, 0x666A, 0x664A,
    0x664A, 0x664A, 0x664A, 0x664A, 0x5E4A, 0x5E4A, 0x5E4A, 0x5E4A, 0x5E4A, 0x5E4A, 0x5E4A, 0x5E2A, 0x5E2A, 0x5E2A, 0x5E2A, 0x5E2A,
    0x5E2A, 0x562A, 0x562A, 0x562A, 0x562A, 0x562A, 0x560A, 0x560A, 0x560A, 0x560A, 0x560A, 0x560A, 0x560A, 0x560A, 0x4E0A, 0x4E0A,
    0x4E0A, 0x4E0A, 0x4DEA, 0x4DEA, 0x4DEA, 0x4DEA, 0x4DEA, 0x4DEA, 0x4DEA, 0x4DEA, 0x4DEA, 0x4DEA, 0x45EA, 0x45CA, 0x45CA, 0x45CA,
    0x45CA, 0x45CA, 0x45CA, 0x45CA, 0x45CA, 0x45CA, 0x45CA, 0x45CA, 0x45AA, 0x3DAA, 0x3DAA, 0x3DAA, 0x3DAA, 0x3DAA, 0x3DAA, 0x3DAA,
    0x3D8A, 0x3D8A, 0x3D8A, 0x3D8A, 0x3D8A, 0x356A, 0x356A, 0x356A, 0x356A, 0x356A, 0x356A, 0x356A, 0x354A, 0x354A, 0x354A, 0x354A,
    0x2D4A, 0x2D4A, 0x2D2A, 0x2D2A, 0x96CB, 0x96CB, 0x96CB, 0x9ECD, 0xAF0F, 0x8ECB, 0x96CB, 0x96CB, 0x96CB, 0x96CB, 0x96CB, 0x8EEB,
    0x8ECB, 0x8ECB, 0x8EEB, 0x8EEB, 0x8ECB, 0x8ECB, 0x8ECB, 0x8ECB, 0x8EEB, 0x8EEB, 0x8ECB, 0x8EEB, 0x8EEB, 0x8EEB, 0x86CB, 0x86EB,
    0x86EB, 0x86EB, 0x86CB, 0x86CB, 0x86CA, 0x86CA, 0x86CA, 0x86CA, 0x86CA, 0x86CA, 0x86CA, 0x86CA, 0x7ECA, 0x7ECA, 0x7ECA, 0x7ECA,
    0x7ECA, 0x7ECA, 0x7ECA, 0x7ECA, 0x7ECA, 0x7EAA, 0x7EAA, 0x7EAA, 0x76AA, 0x76AA, 0x76AA, 0x76A9, 0x76A9, 0x76A9, 0x76A9, 0x76A9,
    0x76A9, 0x76A9, 0x76A9, 0x76A9, 0x6E89, 0x6E89, 0x6E89, 0x6E89, 0x6E8A, 0x6E8A, 0x6E8A, 0x6E8A, 0x6E8A, 0x6E8A, 0x6E8A, 0x6E6A,
    0x6E6A, 0x6E6A, 0x6E6A, 0x666A, 0x666A, 0x666A, 0x666A, 0x666A, 0x666A, 0x666A, 0x666A, 0x664A, 0x664A, 0x664A, 0x664A, 0x664A,
    0x5E4A, 0x5E4A, 0x5E4A, 0x5E4A, 0x5E4A, 0x5E4A, 0x5E2A, 0x5E2A, 0x5E2A, 0x5E2A, 0x5E2A, 0x5E2A, 0x5E2A, 0x562A, 0x562A, 0x562A,
    0x562A, 0x560A, 0x560A, 0x560A, 0x560A, 0x560A, 0x560A, 0x560A, 0x560A, 0x4E0A, 0x4E0A, 0x4E0A, 0x4E0A, 0x4DEA, 0x4DEA, 0x4DEA,
    0x4DEA, 0x4DEA, 0x4DEA, 0x4DEA, 0x4DEA, 0x4DEA, 0x4DEA, 0x4DEA, 0x45CA, 0x45CA, 0x45CA, 0x45CA, 0x45CA, 0x45CA, 0x45CA, 0x45CA,
    0x45CA, 0x45CA, 0x45CA, 0x45CA, 0x45AA, 0x3DAA, 0x3DAA, 0x3DAA, 0x3DAA, 0x3DAA, 0x3DAA, 0x3DAA, 0x3D8A, 0x3D8A, 0x3D8A, 0x358A,
    0x358A, 0x358A, 0x356A, 0x356A, 0x356A, 0x356A, 0x356A, 0x354A, 0x354A, 0x354A, 0x354A, 0x354A, 0x2D4A, 0x2D2A, 0x2D2A, 0x2D2A,
    0x96CB, 0x96CB, 0x96CB, 0x96CB, 0x8ECB, 0x96CB, 0x96CB, 0x96CB, 0x96CB, 0x96CB, 0x8ECB, 0x8ECB, 0x8ECB, 0x8EEB, 0x8EEB, 0x8ECB,
    0x8ECB, 0x8ECB, 0x8ECB, 0x8EEB, 0x8ECB, 0x8ECB, 0x8EEB, 0x8EEB, 0x8EEB, 0x86CB, 0x86CB, 0x86EB, 0x86EB, 0x86CB, 0x86CB, 0x86CA,
    0x86CA, 0x86CA, 0x86CA, 0x86CA, 0x86CA, 0x86CA, 0x86CA, 0x7ECA, 0x7ECA, 0x7ECA, 0x7ECA, 0x7ECA, 0x7ECA, 0x7ECA, 0x7ECA, 0x7ECA,
    0x7EAA, 0x7EAA, 0x7EAA, 0x76AA, 0x76AA, 0x76AA, 0x76A9, 0x76A9, 0x76A9, 0x76A9, 0x76A9, 0x76A9, 0x76A9, 0x76A9, 0x76A9, 0x6E89,
    0x6E89, 0x6E89, 0x6E89, 0x6E89, 0x6E8A, 0x6E8A, 0x6E8A, 0x6E8A, 0x6E8A, 0x6E8A, 0x6E6A, 0x6E6A, 0x6E6A, 0x666A, 0x666A, 0x666A,
    0x666A, 0x666A, 0x666A, 0x666A, 0x666A, 0x664A, 0x664A, 0x664A, 0x664A, 0x664A, 0x5E4A, 0x5E4A, 0x5E4A, 0x5E4A, 0x5E4A, 0x5E4A,
    0x5E4A, 0x5E2A, 0x5E2A, 0x5E2A, 0x5E2A, 0x5E2A, 0x5E2A, 0x562A, 0x562A, 0x562A, 0x562A, 0x562A, 0x560A, 0x560A, 0x560A, 0x560A,
    0x560A, 0x560A, 0x560A, 0x560A, 0x560A, 0x4E0A, 0x4E0A, 0x4E0A, 0x4DEA, 0x4DEA, 0x4DEA, 0x4DEA, 0x4DEA, 0x4DEA, 0x4DEA, 0x4DEA,
    0x4DEA, 0x4DEA, 0x45EA, 0x45CA, 0x45CA, 0x45CA, 0x45CA, 0x45CA, 0x45CA, 0x45CA, 0x45CA, 0x45CA, 0x45CA, 0x45CA, 0x45AA, 0x45AA,
    0x3DAA, 0x3DAA, 0x3DAA, 0x3DAA, 0x3DAA, 0x3DAA, 0x3DAA, 0x3D8A, 0x3D8A, 0x3D8A, 0x3D8A, 0x358A, 0x358A, 0x356A, 0x356A, 0x356A,
    0x356A, 0x356A, 0x356A, 0x354A, 0x354A, 0x354A, 0x354A, 0x2D4A, 0x2D4A, 0x2D4A, 0x2D2A, 0x2D2A, 0x96CB, 0x96CB, 0x96CB, 0x96CB,
    0x96CB, 0x96CB, 0x96CB, 0x96CB, 0x96CB, 0x8ECB, 0x8ECB, 0x8ECB, 0x8EEB, 0x8EEB, 0x8ECB, 0x8ECB, 0x8ECB, 0x8EEB, 0x8EEB, 0x8ECB,
    0x8ECB, 0x8EEB, 0x8EEB, 0x8ECB, 0x86CB, 0x8EEB, 0x8EEB, 0x86EB, 0x86CB, 0x86CB, 0x86CA, 0x86CA, 0x86CA, 0x86CA, 0x86CA, 0x86CA,
    0x86CA, 0x86CA, 0x7ECA, 0x7ECA, 0x7ECA, 0x7ECA, 0x7ECA, 0x7ECA, 0x7ECA, 0x7ECA, 0x7ECA, 0x7EAA, 0x7EAA, 0x7EAA, 0x76AA, 0x76AA,
    0x76AA, 0x76A9, 0x76A9, 0x76A9, 0x76A9, 0x76A9, 0x76A9, 0x76A9, 0x76A9, 0x76A9, 0x6E89, 0x6E89, 0x6E89, 0x6E89, 0x6E89, 0x6E8A,
    0x6E8A, 0x6E8A, 0x6E8A, 0x6E8A, 0x6E8A, 0x6E6A, 0x6E6A, 0x6E6A, 0x666A, 0x666A, 0x666A, 0x666A, 0x666A, 0x666A, 0x666A, 0x666A,
    0x664A, 0x664A, 0x664A, 0x664A, 0x664A, 0x5E4A, 0x5E4A, 0x5E4A, 0x5E4A, 0x5E4A, 0x5E4A, 0x5E2A, 0x5E2A, 0x5E2A, 0x5E2A, 0x5E2A,
    0x5E2A, 0x5E2A, 0x562A, 0x562A, 0x562A, 0x562A, 0x562A, 0x560A, 0x560A, 0x560A, 0x560A, 0x560A, 0x560A, 0x560A, 0x560A, 0x4E0A,
    0x4E0A, 0x4E0A, 0x4DEA, 0x4DEA, 0x4DEA, 0x4DEA, 0x4DEA, 0x4DEA, 0x4DEA, 0x4DEA, 0x4DEA, 0x4DEA, 0x45EA, 0x45EA, 0x45CA, 0x45CA,
    0x45CA, 0x45CA, 0x45CA, 0x45CA, 0x45CA, 0x45CA, 0x45CA, 0x45CA, 0x45CA, 0x45AA, 0x3DAA, 0x3DAA, 0x3DAA, 0x3DAA, 0x3DAA, 0x3DAA,
    0x3DAA, 0x3DAA, 0x3D8A, 0x3D8A, 0x3D8A, 0x3D8A, 0x3D8A, 0x358A, 0x358A, 0x358A, 0x356A, 0x356A, 0x356A, 0x356A, 0x356A, 0x356A,
    0x354A, 0x354A, 0x354A, 0x2D4A, 0x2D4A, 0x2D4A, 0x2D2A, 0x2D2A, 0x96CB, 0x96CB, 0x96CB, 0x96CB, 0x96CB, 0x96CB, 0x96CB, 0x96CB,
    0x8ECB, 0x8ECB, 0x8ECB, 0x8EEB, 0x8EEB, 0x8ECB, 0x8ECB, 0x8ECB, 0x8ECB, 0x8EEB, 0x8EEB, 0x8ECB, 0x8EEB, 0x8EEB, 0x8EEB, 0x86CB,
    0x8EEB, 0x86EB, 0x86EB, 0x86CB, 0x86CB, 0x86CA, 0x86CA, 0x86CA, 0x86CA, 0x86CA, 0x86CA, 0x86CA, 0x86CA, 0x7ECA, 0x7ECA, 0x7ECA,
    0x7ECA, 0x7ECA, 0x7ECA, 0x7ECA, 0x7ECA, 0x7ECA, 0x7EAA, 0x7EAA, 0x7EAA, 0x76AA, 0x76AA, 0x76AA, 0x76A9, 0x76A9, 0x76A9, 0x76A9,
    0x76A9, 0x76A9, 0x76A9, 0x76A9, 0x76A9, 0x7689, 0x6E89, 0x6E89, 0x6E89, 0x6E89, 0x6E8A, 0x6E8A, 0x6E8A, 0x6E8A, 0x6E8A, 0x6E8A,
    0x6E6A, 0x6E6A, 0x6E6A, 0x666A, 0x666A, 0x666A, 0x666A, 0x666A, 0x666A, 0x666A, 0x666A, 0x666A, 0x664A, 0x664A, 0x664A, 0x664A,
    0x664A, 0x5E4A, 0x5E4A, 0x5E4A, 0x5E4A, 0x5E4A, 0x5E4A, 0x5E2A, 0x5E2A, 0x5E2A, 0x5E2A, 0x5E2A, 0x5E2A, 0x5E2A, 0x562A, 0x562A,
    0x562A, 0x562A, 0x562A, 0x560A, 0x560A, 0x560A, 0x560A, 0x560A, 0x560A, 0x560A, 0x560A, 0x4E0A, 0x4E0A, 0x4E0A, 0x4DEA, 0x4DEA,
    0x4DEA, 0x4DEA, 0x4DEA, 0x4DEA, 0x4DEA, 0x4DEA, 0x4DEA, 0x4DEA, 0x45EA, 0x45CA, 0x45CA, 0x45CA, 0x45CA, 0x45CA, 0x45CA, 0x45CA,
    0x45CA, 0x45CA, 0x45CA, 0x45CA, 0x45AA, 0x45AA, 0x3DAA, 0x3DAA, 0x3DAA, 0x3DAA, 0x3DAA, 0x3DAA, 0x3DAA, 0x3D8A, 0x3D8A, 0x3D8B,
    0x3D8A, 0x3D8A, 0x3D8A, 0x358A, 0x358A, 0x358A, 0x356A, 0x356A, 0x356A, 0x356A, 0x356A, 0x354A, 0x354A, 0x354A, 0x2D4A, 0x2D4A,
    0x2D4A, 0x2D2A, 0x2D2A, 0x2D2A, 0x96CB, 0x96CB, 0x96CB, 0x96CB, 0x96CB, 0x96CB, 0x96CB, 0x8ECB, 0x8ECB, 0x8ECB, 0x8EEB, 0x8EEB,
    0x8ECB, 0x8ECB, 0x8ECB, 0x8EEB, 0x8EEB, 0x8ECB, 0x8EEB, 0x8EEB, 0x8EEB, 0x8EEB, 0x86CB, 0x8EEB, 0x86EB, 0x86EB, 0x86CB, 0x86CB,
    0x86CA, 0x86CA, 0x86CA, 0x86CA, 0x86CA, 0x86CA, 0x86CA, 0x86CA, 0x7ECA, 0x7ECA, 0x7ECA, 0x7ECA, 0x7ECA, 0x7ECA, 0x7ECA, 0x7ECA,
    0x7ECA, 0x7EAA, 0x7EAA, 0x7EAA, 0x76AA, 0x76AA, 0x76AA, 0x76A9, 0x76A9, 0x76A9, 0x76A9, 0x76A9, 0x76A9, 0x76A9, 0x76A9, 0x76A9,
    0x6E89, 0x6E89, 0x6E89, 0x6E89, 0x6E89, 0x6E8A, 0x6E8A, 0x6E8A, 0x6E8A, 0x6E8A, 0x6E8A, 0x6E6A, 0x6E6A, 0x666A, 0x666A, 0x666A,
    0x666A, 0x666A, 0x666A, 0x666A, 0x666A, 0x666A, 0x664A, 0x664A, 0x664A, 0x664A, 0x664A, 0x5E4A, 0x5E4A, 0x5E4A, 0x5E4A, 0x5E4A,
    0x5E4A, 0x5E4A, 0x5E2A, 0x5E2A, 0x5E2A, 0x5E2A, 0x5E2A, 0x5E2A, 0x562A, 0x562A, 0x562A, 0x562A, 0x562A, 0x560A, 0x560A, 0x560A,
    0x560A, 0x560A, 0x560A, 0x560A, 0x560A, 0x4E0A, 0x4E0A, 0x4E0A, 0x4E0A, 0x4DEA, 0x4DEA, 0x4DEA, 0x4DEA, 0x4DEA, 0x4DEA, 0x4DEA,
    0x4DEA, 0x4DEA, 0x4DEA, 0x45EA, 0x45CA, 0x45CA, 0x45CA, 0x45CA, 0x45CA, 0x45CA, 0x45CA, 0x45CA, 0x45CA, 0x45CA, 0x45CA, 0x45AA,
    0x3DAA, 0x3DAA, 0x3DAA, 0x3DAA, 0x3DAA, 0x3DAA, 0x3DAA, 0x3DAA, 0x3DAA, 0x3D8A, 0x3D8B, 0x3D8B, 0x3D8B, 0x3D8B, 0x358A, 0x358A,
    0x358A, 0x356A, 0x356A, 0x356A, 0x356B, 0x356B, 0x356A, 0x356A, 0x354A, 0x2D4A, 0x2D4A, 0x2D4A, 0x2D4A, 0x2D4A, 0x2D2A, 0x2D2A,
    0x96CB, 0x96CB, 0x96CB, 0x96CB, 0x96CB, 0x96CB, 0x8ECB, 0x8ECB, 0x8ECB, 0x8ECB, 0x8EEB, 0x8ECB, 0x8ECB, 0x8ECB, 0x8EEB, 0x8EEB,
    0x8ECB, 0x8EEB, 0x8EEB, 0x8EEB, 0x8ECB, 0x86CB, 0x8EEB, 0x86EB, 0x86EB, 0x86CB, 0x86CB, 0x86CA, 0x86CA, 0x86CA, 0x86CA, 0x86CA,
    0x86CA, 0x86CA, 0x86CA, 0x7ECA, 0x7ECA, 0x7ECA, 0x7ECA, 0x7ECA, 0x7ECA, 0x7ECA, 0x7ECA, 0x7ECA, 0x7EAA, 0x7EAA, 0x7EAA, 0x76AA,
    0x76AA, 0x76AA, 0x76A9, 0x76A9, 0x76A9, 0x76A9, 0x76A9, 0x76A9, 0x76A9, 0x76A9, 0x76A9, 0x6E89, 0x6E89, 0x6E89, 0x6E89, 0x6E89,
    0x6E8A, 0x6E8A, 0x6E8A, 0x6E8A, 0x6E8A, 0x6E8A, 0x6E6A, 0x6E6A, 0x666A, 0x666A, 0x666A, 0x666A, 0x666A, 0x666A, 0x666A, 0x666A,
    0x666A, 0x666A, 0x664A, 0x664A, 0x664A, 0x664A, 0x664A, 0x5E4A, 0x5E4A, 0x5E4A, 0x5E4A, 0x5E4A, 0x5E4A, 0x5E2A, 0x5E2A, 0x5E2A,
    0x5E2A, 0x5E2A, 0x5E2A, 0x5E2A, 0x562A, 0x562A, 0x562A, 0x562A, 0x560A, 0x560A, 0x560A, 0x560A, 0x560A, 0x560A, 0x560A, 0x560A,
    0x4E0A, 0x4E0A, 0x4E0A, 0x4DEA, 0x4DEA, 0x4DEA, 0x4DEA, 0x4DEA, 0x4DEA, 0x4DEA, 0x4DEA, 0x4DEA, 0x4DEA, 0x45EA, 0x45EA, 0x45CA,
    0x45CA, 0x45CA, 0x45CA, 0x45CA, 0x45CA, 0x45CA, 0x45CA, 0x45CA, 0x45CA, 0x45CA, 0x45AA, 0x45AA, 0x3DAA, 0x3DAA, 0x3DAA, 0x3DAA,
    0x3DAA, 0x3DAA, 0x3DAA, 0x3DAA, 0x3DAA, 0x3DAB, 0x3D8B, 0x3D8B, 0x3D8B, 0x358B, 0x358B, 0x358A, 0x358A, 0x358A, 0x356A, 0x356B,
    0x356B, 0x356B, 0x356B, 0x2D4A, 0x2D4A, 0x2D4A, 0x2D4A, 0x2D4A, 0x2D4A, 0x2D2A, 0x2D2A, 0x2D2A, 0x96CB, 0x96CB, 0x96CB, 0x96CB,
    0x96CB, 0x8ECB, 0x8ECB, 0x8ECB, 0x8ECB, 0x8EEB, 0x8ECB, 0x8ECB, 0x8ECB, 0x8EEB, 0x8EEB, 0x8ECB, 0x8ECB, 0x8EEB, 0x8EEB, 0x8EEB,
    0x86CB, 0x8EEB, 0x86EB, 0x86EB, 0x86CB, 0x86CB, 0x86CA, 0x86CA, 0x86CA, 0x86CA, 0x86CA, 0x86CA, 0x86CA, 0x86CA, 0x7ECA, 0x7ECA,
    0x7ECA, 0x7ECA, 0x7ECA, 0x7ECA, 0x7ECA, 0x7ECA, 0x7ECA, 0x7EAA, 0x7EAA, 0x7EAA, 0x76AA, 0x76AA, 0x76AA, 0x76A9, 0x76A9, 0x76A9,
    0x76A9, 0x76A9, 0x76A9, 0x76A9, 0x76A9, 0x76A9, 0x6E89, 0x6E89, 0x6E89, 0x6E89, 0x6E89, 0x6E8A, 0x6E8A, 0x6E8A, 0x6E8A, 0x6E8A,
    0x6E8A, 0x6E6A, 0x6E6A, 0x6E6A, 0x666A, 0x666A, 0x666A, 0x666A, 0x666A, 0x666A, 0x666A, 0x666A, 0x664A, 0x664A, 0x664A, 0x664A,
    0x664A, 0x5E4A, 0x5E4A, 0x5E4A, 0x5E4A, 0x5E4A, 0x5E4A, 0x5E4A, 0x5E2A, 0x5E2A, 0x5E2A, 0x5E2A, 0x5E2A, 0x5E2A, 0x5E2A, 0x562A,
    0x562A, 0x562A, 0x562A, 0x560A, 0x560A, 0x560A, 0x560A, 0x560A, 0x560A, 0x560A, 0x560A, 0x560A, 0x4E0A, 0x4E0A, 0x4E0A, 0x4DEA,
    0x4DEA, 0x4DEA, 0x4DEA, 0x4DEA, 0x4DEA, 0x4DEA, 0x4DEA, 0x4DEA, 0x4DEA, 0x45EA, 0x45CA, 0x45CA, 0x45CA, 0x45CA, 0x45CA, 0x45CA,
    0x45CA, 0x45CA, 0x45CA, 0x45CA, 0x45CA, 0x45AA, 0x45AA, 0x3DAA, 0x3DAA, 0x3DAA, 0x3DAA, 0x3DAA, 0x3DAA, 0x3DAA, 0x3DAA, 0x3DAA,
    0x3D8B, 0x3D8B, 0x3D8B, 0x3D8B, 0x358B, 0x358B, 0x358B, 0x358A, 0x358A, 0x356A, 0x356B, 0x356B, 0x356B, 0x356B, 0x356B, 0x2D4A,
    0x2D4A, 0x2D4A, 0x2D4A, 0x2D4A, 0x2D2A, 0x2D2B, 0x2D2A, 0x2D2A, 0x96CB, 0x96CB, 0x96CB, 0x96CB, 0x8ECB, 0x8ECB, 0x8ECB, 0x8EEB,
    0x8EEB, 0x8ECB, 0x8ECB, 0x8ECB, 0x8ECB, 0x8EEB, 0x8ECB, 0x8ECB, 0x8EEB, 0x8EEB, 0x8ECB, 0x86CB, 0x86EB, 0x86EB, 0x86EB, 0x86CB,
    0x86CB, 0x86CA, 0x86CA, 0x86CA, 0x86CA, 0x86CA, 0x86CA, 0x86CA, 0x86CA, 0x7ECA, 0x7ECA, 0x7ECA, 0x7ECA, 0x7ECA, 0x7ECA, 0x7ECA,
    0x7ECA, 0x7ECA, 0x7EAA, 0x7EAA, 0x7EAA, 0x76AA, 0x76AA, 0x76AA, 0x76A9, 0x76A9, 0x76A9, 0x76A9, 0x76A9, 0x76A9, 0x76A9, 0x76A9,
    0x76A9, 0x6E89, 0x6E89, 0x6E89, 0x6E89, 0x6E89, 0x6E8A, 0x6E8A, 0x6E8A, 0x6E8A, 0x6E8A, 0x6E8A, 0x6E6A, 0x6E6A, 0x666A, 0x666A,
    0x666A, 0x666A, 0x666A, 0x666A, 0x666A, 0x666A, 0x666A, 0x664A, 0x664A, 0x664A, 0x664A, 0x664A, 0x5E4A, 0x5E4A, 0x5E4A, 0x5E4A,
    0x5E4A, 0x5E4A, 0x5E2A, 0x5E2A, 0x5E2A, 0x5E2A, 0x5E2A, 0x5E2A, 0x5E2A, 0x562A, 0x562A, 0x562A, 0x562A, 0x562A, 0x560A, 0x560A,
    0x560A, 0x560A, 0x560A, 0x560A, 0x560A, 0x560A, 0x4E0A, 0x4E0A, 0x4E0A, 0x4DEA, 0x4DEA, 0x4DEA, 0x4DEA, 0x4DEA, 0x4DEA, 0x4DEA,
    0x4DEA, 0x4DEA, 0x4DEA, 0x45EA, 0x45EA, 0x45CA, 0x45CA, 0x45CA, 0x45CA, 0x45CA, 0x45CA, 0x45CA, 0x45CA, 0x45CA, 0x45CA, 0x45CA,
    0x45AA, 0x3DAA, 0x3DAA, 0x3DAA, 0x3DAA, 0x3DAA, 0x3DAA, 0x3DAA, 0x3DAA, 0x3DAA, 0x3DAA, 0x3D8B, 0x3D8B, 0x3D8B, 0x358B, 0x358B,
    0x358B, 0x358B, 0x358B, 0x358B, 0x356B, 0x356B, 0x356B, 0x356B, 0x356B, 0x356B, 0x2D4B, 0x2D4B, 0x2D4B, 0x2D4A, 0x2D4A, 0x2D4A,
    0x2D4B, 0x2D2B, 0x2D2B, 0x2D2A, 0x96CB, 0x96CB, 0x8ECB, 0x96CB, 0x8ECB, 0x8ECB, 0x8ECB, 0x8EEB, 0x8ECB, 0x8ECB, 0x8ECB, 0x8ECB,
    0x8EEB, 0x8ECB, 0x8ECB, 0x8EEB, 0x8EEB, 0x8EEB, 0x86CB, 0x86EB, 0x86EB, 0x86EB, 0x86CB, 0x86CB, 0x86CA, 0x86CA, 0x86CA, 0x86CA,
    0x86CA, 0x86CA, 0x86CA, 0x86CA, 0x7ECA, 0x7ECA, 0x7ECA, 0x7ECA, 0x7ECA, 0x7ECA, 0x7ECA, 0x7ECA, 0x7ECA, 0x7EAA, 0x7EAA, 0x7EAA,
    0x76AA, 0x76AA, 0x76AA, 0x76A9, 0x76A9, 0x76A9, 0x76A9, 0x76A9, 0x76A9, 0x76A9, 0x76A9, 0x76A9, 0x7689, 0x6E89, 0x6E89, 0x6E89,
    0x6E89, 0x6E8A, 0x6E8A, 0x6E8A, 0x6E8A, 0x6E8A, 0x6E8A, 0x6E6A, 0x6E6A, 0x6E6A, 0x666A, 0x666A, 0x666A, 0x666A, 0x666A, 0x666A,
    0x666A, 0x666A, 0x664A, 0x664A, 0x664A, 0x664A, 0x664A, 0x664A, 0x5E4A, 0x5E4A, 0x5E4A, 0x5E4A, 0x5E4A, 0x5E4A, 0x5E2A, 0x5E2A,
    0x5E2A, 0x5E2A, 0x5E2A, 0x5E2A, 0x5E2A, 0x562A, 0x562A, 0x562A, 0x562A, 0x560A, 0x560A, 0x560A, 0x560A, 0x560A, 0x560A, 0x560A,
    0x560A, 0x560A, 0x4E0A, 0x4E0A, 0x4E0A, 0x4DEA, 0x4DEA, 0x4DEA, 0x4DEA, 0x4DEA, 0x4DEA, 0x4DEA, 0x4DEA, 0x4DEA, 0x4DEA, 0x45EA,
    0x45CA, 0x45CA, 0x45CA, 0x45CA, 0x45CA, 0x45CA, 0x45CA, 0x45CA, 0x45CA, 0x45CA, 0x45CA, 0x45AA, 0x3DAA, 0x3DAA, 0x3DAA, 0x3DAA,
    0x3DAA, 0x3DAA, 0x3DAA, 0x3DAA, 0x3DAA, 0x3DAA, 0x3DAB, 0x3D8B, 0x3D8B, 0x3D8B, 0x358B, 0x358B, 0x358B, 0x358B, 0x358B, 0x356B,
    0x356B, 0x356B, 0x356B, 0x356B, 0x356B, 0x2D6B, 0x2D6B, 0x2D4B, 0x2D4B, 0x2D4A, 0x2D4A, 0x2D4B, 0x2D4B, 0x2D2B, 0x2D2B, 0x2D2B,
    0x96CB, 0x8ECB, 0x8ECB, 0x8ECB, 0x8ECB, 0x8ECB, 0x8EEB, 0x8ECB, 0x8ECB, 0x8ECB, 0x8ECB, 0x8EEB, 0x8ECB, 0x8ECB, 0x8EEB, 0x8EEB,
    0x8EEB, 0x86CB, 0x86EB, 0x86EB, 0x86EB, 0x86CB, 0x86CB, 0x86CA, 0x86CA, 0x86CA, 0x86CA, 0x86CA, 0x86CA, 0x86CA, 0x86CA, 0x7ECA,
    0x7ECA, 0x7ECA, 0x7ECA, 0x7ECA, 0x7ECA, 0x7ECA, 0x7ECA, 0x7ECA, 0x7EAA, 0x7EAA, 0x7EAA, 0x76AA, 0x76AA, 0x76AA, 0x76A9, 0x76A9,
    0x76A9, 0x76A9, 0x76A9, 0x76A9, 0x76A9, 0x76A9, 0x76A9, 0x6E89, 0x6E89, 0x6E89, 0x6E89, 0x6E8A, 0x6E8A, 0x6E8A, 0x6E8A, 0x6E8A,
    0x6E8A, 0x6E8A, 0x6E6A, 0x6E6A, 0x666A, 0x666A, 0x666A, 0x666A, 0x666A, 0x666A, 0x666A, 0x666A, 0x666A, 0x664A, 0x664A, 0x664A,
    0x664A, 0x664A, 0x5E4A, 0x5E4A, 0x5E4A, 0x5E4A, 0x5E4A, 0x5E4A, 0x5E4A, 0x5E2A, 0x5E2A, 0x5E2A, 0x5E2A, 0x5E2A, 0x5E2A, 0x562A,
    0x562A, 0x562A, 0x562A, 0x562A, 0x560A, 0x560A, 0x560A, 0x560A, 0x560A, 0x560A, 0x560A, 0x560A, 0x4E0A, 0x4E0A, 0x4E0A, 0x4E0A,
    0x4DEA, 0x4DEA, 0x4DEA, 0x4DEA, 0x4DEA, 0x4DEA, 0x4DEA, 0x4DEA, 0x4DEA, 0x4DEA, 0x45EA, 0x45CA, 0x45CA, 0x45CA, 0x45CA, 0x45CA,
    0x45CA, 0x45CA, 0x45CA, 0x45CA, 0x45CA, 0x45CA, 0x45AA, 0x3DAA, 0x3DAA, 0x3DAA, 0x3DAA, 0x3DAA, 0x3DAA, 0x3DAA, 0x3DAA, 0x3DAA,
    0x3DAA, 0x3D8B, 0x3D8B, 0x3D8B, 0x3D8B, 0x358B, 0x358B, 0x358B, 0x358B, 0x358B, 0x356B, 0x356B, 0x356B, 0x356B, 0x356B, 0x356B,
    0x356B, 0x2D6B, 0x2D6B, 0x2D4B, 0x2D4B, 0x2D4B, 0x2D4B, 0x2D4B, 0x2D4B, 0x2D2B, 0x2D2B, 0x2D2B, 0x8ECB, 0x96CB, 0x8ECB, 0x8ECB,
    0x8ECB, 0x8EEB, 0x8EEB, 0x8ECB, 0x8ECB, 0x8ECB, 0x8EEB, 0x8ECB, 0x8ECB, 0x8EEB, 0x8EEB, 0x8ECB, 0x86CB, 0x86EB, 0x86EB, 0x86EB,
    0x86CB, 0x86CB, 0x86CA, 0x86CA, 0x86CA, 0x86CA, 0x86CA, 0x86CA, 0x86CA, 0x86CA, 0x7ECA, 0x7ECA, 0x7ECA, 0x7ECA, 0x7ECA, 0x7ECA,
    0x7ECA, 0x7ECA, 0x7ECA, 0x7EAA, 0x7EAA, 0x7EAA, 0x76AA, 0x76AA, 0x76AA, 0x76A9, 0x76A9, 0x76A9, 0x76A9, 0x76A9, 0x76A9, 0x76A9,
    0x76A9, 0x76A9, 0x7689, 0x6E89, 0x6E89, 0x6E89, 0x6E8A, 0x6E8A, 0x6E8A, 0x6E8A, 0x6E8A, 0x6E8A, 0x6E8A, 0x6E6A, 0x6E6A, 0x666A,
    0x666A, 0x666A, 0x666A, 0x666A, 0x666A, 0x666A, 0x666A, 0x666A, 0x664A, 0x664A, 0x664A, 0x664A, 0x5E4A, 0x5E4A, 0x5E4A, 0x5E4A,
    0x5E4A, 0x5E4A, 0x5E4A, 0x5E4A, 0x5E2A, 0x5E2A, 0x5E2A, 0x5E2A, 0x5E2A, 0x5E2A, 0x5E2A, 0x562A, 0x562A, 0x562A, 0x562A, 0x560A,
    0x560A, 0x560A, 0x560A, 0x560A, 0x560A, 0x560A, 0x560A, 0x560A, 0x4E0A, 0x4E0A, 0x4DEA, 0x4DEA, 0x4DEA, 0x4DEA, 0x4DEA, 0x4DEA,
    0x4DEA, 0x4DEA, 0x4DEA, 0x4DEA, 0x45EA, 0x45EA, 0x45CA, 0x45CA, 0x45CA, 0x45CA, 0x45CA, 0x45CA, 0x45CA, 0x45CA, 0x45CA, 0x45CA,
    0x45CA, 0x3DAA, 0x3DAA, 0x3DAA, 0x3DAA, 0x3DAA, 0x3DAA, 0x3DAA, 0x3DAA, 0x3DAA, 0x3DAA, 0x3DAB, 0x3DAB, 0x3D8B, 0x3D8B, 0x3D8B,
    0x358B, 0x358B, 0x358B, 0x358B, 0x358B, 0x358B, 0x358B, 0x356B, 0x356B, 0x356B, 0x356B, 0x356B, 0x356B, 0x2D6B, 0x2D4B, 0x2D4B,
    0x2D4B, 0x2D4B, 0x2D4B, 0x2D4B, 0x2D4B, 0x2D2B, 0x2D2B, 0x2D2B, 0x8ECB, 0x8ECB, 0x8ECB, 0x8ECB, 0x8ECB, 0x8ECB, 0x8ECB, 0x8ECB,
    0x8ECB, 0x8EEB, 0x8ECB, 0x8ECB, 0x8EEB, 0x8EEB, 0x8EEB, 0x86CB, 0x86EB, 0x86EB, 0x86EB, 0x86CB, 0x86CB, 0x86CA, 0x86CA, 0x86CA,
    0x86CA, 0x86CA, 0x86CA, 0x86CA, 0x86CA, 0x7ECA, 0x7ECA, 0x7ECA, 0x7ECA, 0x7ECA, 0x7ECA, 0x7ECA, 0x7ECA, 0x7ECA, 0x7EAA, 0x7EAA,
    0x7EAA, 0x76AA, 0x76AA, 0x76AA, 0x76A9, 0x76A9, 0x76A9, 0x76A9, 0x76A9, 0x76A9, 0x76A9, 0x76A9, 0x7689, 0x7689, 0x6E89, 0x6E89,
    0x6E89, 0x6E8A, 0x6E8A, 0x6E8A, 0x6E8A, 0x6E8A, 0x6E8A, 0x6E8A, 0x6E6A, 0x6E6A, 0x6E6A, 0x666A, 0x666A, 0x666A, 0x666A, 0x666A,
    0x666A, 0x666A, 0x666A, 0x664A, 0x664A, 0x664A, 0x664A, 0x664A, 0x5E4A, 0x5E4A, 0x5E4A, 0x5E4A, 0x5E4A, 0x5E4A, 0x5E4A, 0x5E2A,
    0x5E2A, 0x5E2A, 0x5E2A, 0x5E2A, 0x5E2A, 0x5E2A, 0x562A, 0x562A, 0x562A, 0x562A, 0x560A, 0x560A, 0x560A, 0x560A, 0x560A, 0x560A,
    0x560A, 0x560A, 0x560A, 0x4E0A, 0x4E0A, 0x4E0A, 0x4DEA, 0x4DEA, 0x4DEA, 0x4DEA, 0x4DEA, 0x4DEA, 0x4DEA, 0x4DEA, 0x4DEA, 0x4DEA,
    0x45EA, 0x45CA, 0x45CA, 0x45CA, 0x45CA, 0x45CA, 0x45CA, 0x45CA, 0x45CA, 0x45CA, 0x45CA, 0x45CA, 0x45AA, 0x3DAA, 0x3DAA, 0x3DAA,
    0x3DAA, 0x3DAA, 0x3DAA, 0x3DAA, 0x3DAA, 0x3DAA, 0x3DAA, 0x3DAB, 0x3D8B, 0x3D8B, 0x3D8B, 0x358B, 0x358B, 0x358B, 0x358B, 0x358B,
    0x358B, 0x358B, 0x358B, 0x356B, 0x356B, 0x356B, 0x356B, 0x356B, 0x2D6B, 0x2D6B, 0x2D6B, 0x2D4B, 0x2D4B, 0x2D4B, 0x2D4B, 0x2D4B,
    0x2D4B, 0x2D2B, 0x2D2B, 0x252B, 0x8ECB, 0x8ECB, 0x8ECB, 0x8EEB, 0x8ECB, 0x8ECB, 0x8ECB, 0x8ECB, 0x8ECB, 0x8ECB, 0x8ECB, 0x8ECB,
    0x8EEB, 0x8ECB, 0x86CB, 0x86EB, 0x86EB, 0x86EB, 0x86CB, 0x86CB, 0x86CA, 0x86CA, 0x86CA, 0x86CA, 0x86CA, 0x86CA, 0x86CA, 0x7ECA,
    0x7ECA, 0x7ECA, 0x7ECA, 0x7ECA, 0x7ECA, 0x7ECA, 0x7ECA, 0x7ECA, 0x7EAA, 0x7EAA, 0x7EAA, 0x7EAA, 0x76AA, 0x76AA, 0x76AA, 0x76A9,
    0x76A9, 0x76A9, 0x76A9, 0x76A9, 0x76A9, 0x76A9, 0x76A9, 0x7689, 0x6E89, 0x6E89, 0x6E89, 0x6E89, 0x6E8A, 0x6E8A, 0x6E8A, 0x6E8A,
    0x6E8A, 0x6E8A, 0x6E8A, 0x6E6A, 0x6E6A, 0x666A, 0x666A, 0x666A, 0x666A, 0x666A, 0x666A, 0x666A, 0x666A, 0x666A, 0x664A, 0x664A,
    0x664A, 0x664A, 0x5E4A, 0x5E4A, 0x5E4A, 0x5E4A, 0x5E4A, 0x5E4A, 0x5E4A, 0x5E2A, 0x5E2A, 0x5E2A, 0x5E2A, 0x5E2A, 0x5E2A, 0x5E2A,
    0x562A, 0x562A, 0x562A, 0x562A, 0x562A, 0x560A, 0x560A, 0x560A, 0x560A, 0x560A, 0x560A, 0x560A, 0x560A, 0x4E0A, 0x4E0A, 0x4E0A,
    0x4DEA, 0x4DEA, 0x4DEA, 0x4DEA, 0x4DEA, 0x4DEA, 0x4DEA, 0x4DEA, 0x4DEA, 0x4DEA, 0x4DEA, 0x45EA, 0x45CA, 0x45CA, 0x45CA, 0x45CA,
    0x45CA, 0x45CA, 0x45CA, 0x45CA, 0x45CA, 0x45CA, 0x45CA, 0x45AA, 0x3DAA, 0x3DAA, 0x3DAA, 0x3DAA, 0x3DAA, 0x3DAA, 0x3DAA, 0x3DAA,
    0x3DAA, 0x3DAA, 0x3D8B, 0x3D8B, 0x3D8B, 0x358B, 0x358B, 0x358B, 0x358B, 0x358B, 0x358B, 0x358B, 0x358B, 0x358B, 0x356B, 0x356B,
    0x356B, 0x356B, 0x356B, 0x2D6B, 0x2D6B, 0x2D6B, 0x2D4B, 0x2D4B, 0x2D4B, 0x2D4B, 0x2D4B, 0x2D4B, 0x2D2B, 0x2D2B, 0x252B, 0x252B,
    0x8ECB, 0x8ECB, 0x8ECB, 0x8ECB, 0x8ECB, 0x8ECB, 0x8ECB, 0x8ECB, 0x8ECB, 0x8ECB, 0x8ECB, 0x8EEB, 0x8EEB, 0x8ECB, 0x86CB, 0x86EB,
    0x86EB, 0x86CB, 0x86CB, 0x86CA, 0x86CA, 0x86CA, 0x86CA, 0x86CA, 0x86CA, 0x86CA, 0x86CA, 0x7ECA, 0x7ECA, 0x7ECA, 0x7ECA, 0x7ECA,
    0x7ECA, 0x7ECA, 0x7ECA, 0x7EAA, 0x7EAA, 0x7EAA, 0x7EAA, 0x76AA, 0x76AA, 0x76AA, 0x76A9, 0x76A9, 0x76A9, 0x76A9, 0x76A9, 0x76A9,
    0x76A9, 0x76A9, 0x7689, 0x7689, 0x6E89, 0x6E89, 0x6E89, 0x6E8A, 0x6E8A, 0x6E8A, 0x6E8A, 0x6E8A, 0x6E8A, 0x6E8A, 0x6E6A, 0x6E6A,
    0x6E6A, 0x666A, 0x666A, 0x666A, 0x666A, 0x666A, 0x666A, 0x666A, 0x666A, 0x664A, 0x664A, 0x664A, 0x664A, 0x664A, 0x5E4A, 0x5E4A,
    0x5E4A, 0x5E4A, 0x5E4A, 0x5E4A, 0x5E4A, 0x5E2A, 0x5E2A, 0x5E2A, 0x5E2A, 0x5E2A, 0x5E2A, 0x5E2A, 0x562A, 0x562A, 0x562A, 0x562A,
    0x560A, 0x560A, 0x560A, 0x560A, 0x560A, 0x560A, 0x560A, 0x560A, 0x560A, 0x4E0A, 0x4E0A, 0x4DEA, 0x4DEA, 0x4DEA, 0x4DEA, 0x4DEA,
    0x4DEA, 0x4DEA, 0x4DEA, 0x4DEA, 0x4DEA, 0x4DEA, 0x45EA, 0x45CA, 0x45CA, 0x45CA, 0x45CA, 0x45CA, 0x45CA, 0x45CA, 0x45CA, 0x45CA,
    0x45CA, 0x45CA, 0x45AA, 0x3DAA, 0x3DAA, 0x3DAA, 0x3DAA, 0x3DAA, 0x3DAA, 0x3DAA, 0x3DAA, 0x3DAA, 0x3DAA, 0x3DAB, 0x3D8B, 0x3D8B,
    0x3D8B, 0x358B, 0x358B, 0x358B, 0x358B, 0x358B, 0x358B, 0x358B, 0x358B, 0x356B, 0x356B, 0x356B, 0x356B, 0x356B, 0x2D6B, 0x2D6B,
    0x2D6B, 0x2D6B, 0x2D4B, 0x2D4B, 0x2D4B, 0x2D4B, 0x2D4B, 0x2D2B, 0x2D2B, 0x252B, 0x252B, 0x252B, 0x8ECB, 0x8ECB, 0x8ECB, 0x8ECB,
    0x8ECB, 0x8ECB, 0x8ECB, 0x8ECB, 0x8ECB, 0x8ECB, 0x8EEB, 0x8ECB, 0x86CB, 0x86EB, 0x86EB, 0x86EB, 0x86CB, 0x86CA, 0x86CA, 0x86CA,
    0x86CA, 0x86CA, 0x86CA, 0x86CA, 0x86CA, 0x7ECA, 0x7ECA, 0x7ECA, 0x7ECA, 0x7ECA, 0x7ECA, 0x7ECA, 0x7ECA, 0x7ECA, 0x7EAA, 0x7EAA,
    0x7EAA, 0x7EAA, 0x76AA, 0x76AA, 0x76AA, 0x76A9, 0x76A9, 0x76A9, 0x76A9, 0x76A9, 0x76A9, 0x76A9, 0x76A9, 0x7689, 0x6E89, 0x6E89,
    0x6E89, 0x6E89, 0x6E8A, 0x6E8A, 0x6E8A, 0x6E8A, 0x6E8A, 0x6E8A, 0x6E8A, 0x6E6A, 0x6E6A, 0x666A, 0x666A, 0x666A, 0x666A, 0x666A,
    0x666A, 0x666A, 0x666A, 0x666A, 0x664A, 0x664A, 0x664A, 0x664A, 0x664A, 0x5E4A, 0x5E4A, 0x5E4A, 0x5E4A, 0x5E4A, 0x5E4A, 0x5E4A,
    0x5E2A, 0x5E2A, 0x5E2A, 0x5E2A, 0x5E2A, 0x5E2A, 0x562A, 0x562A, 0x562A, 0x562A, 0x562A, 0x560A, 0x560A, 0x560A, 0x560A, 0x560A,
    0x560A, 0x560A, 0x560A, 0x560A, 0x4E0A, 0x4E0A, 0x4DEA, 0x4DEA, 0x4DEA, 0x4DEA, 0x4DEA, 0x4DEA, 0x4DEA, 0x4DEA, 0x4DEA, 0x4DEB,
    0x4DEB, 0x4DEA, 0x45CA, 0x45CA, 0x45CA, 0x45CA, 0x45CA, 0x45CA, 0x45CA, 0x45CA, 0x45CA, 0x45CA, 0x45CA, 0x45AA, 0x3DAA, 0x3DAA,
    0x3DAA, 0x3DAA, 0x3DAA, 0x3DAA, 0x3DAA, 0x3DAA, 0x3DAA, 0x3DAA, 0x3D8B, 0x3D8B, 0x3D8B, 0x358B, 0x358B, 0x358B, 0x358B, 0x358B,
    0x358B, 0x358B, 0x358B, 0x358B, 0x356B, 0x356B, 0x356B, 0x356B, 0x356B, 0x2D6B, 0x2D6B, 0x2D6B, 0x2D4B, 0x2D4B, 0x2D4B, 0x2D4B,
    0x2D4B, 0x2D4B, 0x2D4B, 0x2D4B, 0x252B, 0x252B, 0x252B, 0x252B, 0x8ECB, 0x8ECB, 0x8ECB, 0x8ECB, 0x8ECB, 0x8ECB, 0x8ECB, 0x8ECB,
    0x8ECB, 0x8EEB, 0x8ECB, 0x8ECB, 0x86EB, 0x86EB, 0x86EB, 0x86CB, 0x86CB, 0x86CA, 0x86CA, 0x86CA, 0x86CA, 0x86CA, 0x86CA, 0x86CA,
    0x7ECA, 0x7ECA, 0x7ECA, 0x7ECA, 0x7ECA, 0x7ECA, 0x7ECA, 0x7ECA, 0x7ECA, 0x7EAA, 0x7EAA, 0x7EAA, 0x7EAA, 0x76AA, 0x76AA, 0x76AA,
    0x76A9, 0x76A9, 0x76A9, 0x76A9, 0x76A9, 0x76A9, 0x76A9, 0x76A9, 0x7689, 0x7689, 0x6E89, 0x6E89, 0x6E89, 0x6E8A, 0x6E8A, 0x6E8A,
    0x6E8A, 0x6E8A, 0x6E8A, 0x6E8A, 0x6E6A, 0x6E6A, 0x6E6A, 0x666A, 0x666A, 0x666A, 0x666A, 0x666A, 0x666A, 0x666A, 0x666A, 0x664A,
    0x664A, 0x664A, 0x664A, 0x5E4A, 0x5E4A, 0x5E4A, 0x5E4A, 0x5E4A, 0x5E4A, 0x5E4A, 0x5E2A, 0x5E2A, 0x5E2A, 0x5E2A, 0x5E2A, 0x5E2A,
    0x562A, 0x562A, 0x562A, 0x562A, 0x562A, 0x562A, 0x560A, 0x560A, 0x560A, 0x560A, 0x560A, 0x560A, 0x560A, 0x560A, 0x560A, 0x4E0A,
    0x4E0A, 0x4DEA, 0x4DEA, 0x4DEA, 0x4DEA, 0x4DEA, 0x4DCA, 0x4DCA, 0x45A9, 0x4589, 0x3D89, 0x3D68, 0x3568, 0x3D89, 0x45AA, 0x45CA,
    0x45CA, 0x45CA, 0x45CA, 0x45CA, 0x45CA, 0x45CA, 0x45CA, 0x45CA, 0x3DAA, 0x3DAA, 0x3DAA, 0x3DAA, 0x3DAA, 0x3DAA, 0x3DAA, 0x3DAA,
    0x3DAA, 0x3DAA, 0x3DAA, 0x3DAB, 0x3D8B, 0x3D8B, 0x358B, 0x358B, 0x358B, 0x358B, 0x358B, 0x358B, 0x358B, 0x358B, 0x358B, 0x356B,
    0x356B, 0x356B, 0x356B, 0x356B, 0x2D6B, 0x2D6B, 0x2D6B, 0x2D6B, 0x2D4B, 0x2D4B, 0x2D4B, 0x2D4B, 0x2D4B, 0x2D4B, 0x2D4B, 0x2D4B,
    0x252B, 0x252B, 0x252B, 0x252B, 0x8ECB, 0x8ECB, 0x8ECB, 0x8ECB, 0x8ECB, 0x8ECB, 0x8ECB, 0x8ECB, 0x8EEB, 0x8ECB, 0x86CB, 0x86CB,
    0x86EB, 0x86EB, 0x86CB, 0x86CA, 0x86CA, 0x86CA, 0x86CA, 0x86CA, 0x86CA, 0x86CA, 0x86CA, 0x7ECA, 0x7ECA, 0x7ECA, 0x7ECA, 0x7ECA,
    0x7ECA, 0x7ECA, 0x7ECA, 0x7ECA, 0x7EAA, 0x7EAA, 0x7EAA, 0x7EAA, 0x76AA, 0x76AA, 0x76AA, 0x76A9, 0x76A9, 0x76A9, 0x76A9, 0x76A9,
    0x76A9, 0x76A9, 0x76A9, 0x7689, 0x7689, 0x6E89, 0x6E89, 0x6E89, 0x6E8A, 0x6E8A, 0x6E8A, 0x6E8A, 0x6E8A, 0x6E8A, 0x6E8A, 0x6E6A,
    0x6E6A, 0x6E6A, 0x666A, 0x666A, 0x666A, 0x666A, 0x666A, 0x666A, 0x666A, 0x666A, 0x664A, 0x664A, 0x664A, 0x664A, 0x664A, 0x5E4A,
    0x5E4A, 0x5E4A, 0x5E4A, 0x5E4A, 0x5E4A, 0x5E4A, 0x5E2A, 0x5E2A, 0x5E2A, 0x5E2A, 0x5E2A, 0x5E2A, 0x562A, 0x562A, 0x562A, 0x562A,
    0x560A, 0x560A, 0x560A, 0x560A, 0x560A, 0x560A, 0x560A, 0x560A, 0x560A, 0x560A, 0x4E0A, 0x4E0A, 0x4DEA, 0x4DEA, 0x4DEA, 0x4DEA,
    0x4DCA, 0x45A9, 0x3D69, 0x4589, 0x4D8A, 0x5DAC, 0x6DEE, 0x7E31, 0x8E52, 0x760F, 0x456A, 0x3D69, 0x45AA, 0x45AA, 0x45CA, 0x45CA,
    0x45CA, 0x45CA, 0x45CA, 0x45AA, 0x3DAA, 0x3DAA, 0x3DAA, 0x3DAA, 0x3DAA, 0x3DAA, 0x3DAA, 0x3DAA, 0x3DAA, 0x3DAA, 0x3D8B, 0x3D8B,
    0x3D8B, 0x358B, 0x358B, 0x358B, 0x358B, 0x358B, 0x358B, 0x358B, 0x358B, 0x358B, 0x356B, 0x356B, 0x356B, 0x356B, 0x356B, 0x2D6B,
    0x2D6B, 0x2D6B, 0x2D6B, 0x2D6B, 0x2D4B, 0x2D4B, 0x2D4B, 0x2D4B, 0x2D4B, 0x2D4B, 0x2D4B, 0x2D2B, 0x252B, 0x252B, 0x252B, 0x252B,
    0x8ECB, 0x8ECB, 0x8ECB, 0x8ECB, 0x8ECB, 0x8ECB, 0x8ECB, 0x8ECB, 0x8ECB, 0x86CB, 0x86CB, 0x86EB, 0x86EB, 0x86CB, 0x86CA, 0x86CA,
    0x86CA, 0x86CA, 0x86CA, 0x86CA, 0x86CA, 0x86CA, 0x7ECA, 0x7ECA, 0x7ECA, 0x7ECA, 0x7ECA, 0x7ECA, 0x7ECA, 0x7ECA, 0x7ECA, 0x7EAA,
    0x7EAA, 0x7EAA, 0x76AA, 0x76AA, 0x76AA, 0x76A9, 0x76A9, 0x76A9, 0x76A9, 0x76A9, 0x76A9, 0x76A9, 0x76A9, 0x76A9, 0x7689, 0x6E89,
    0x6E89, 0x6E89, 0x6E89, 0x6E8A, 0x6E8A, 0x6E8A, 0x6E8A, 0x6E8A, 0x6E8A, 0x6E6A, 0x6E6A, 0x6E6A, 0x666A, 0x666A, 0x666A, 0x666A,
    0x666A, 0x666A, 0x666A, 0x666A, 0x666A, 0x664A, 0x664A, 0x664A, 0x664A, 0x5E4A, 0x5E4A, 0x5E4A, 0x5E4A, 0x5E4A, 0x5E4A, 0x5E4A,
    0x5E2A, 0x5E2A, 0x5E2A, 0x5E2A, 0x5E2A, 0x5E2A, 0x5E2A, 0x562A, 0x562A, 0x562A, 0x560A, 0x560A, 0x560A, 0x55EA, 0x4DC9, 0x45A8,
    0x45A8, 0x45A8, 0x45A9, 0x4DCA, 0x55EA, 0x4DEA, 0x4DEA, 0x4DEA, 0x4DEA, 0x4DEA, 0x4DEA, 0x4DCA, 0x4589, 0x6E0E, 0xCF39, 0xD77A,
    0xE79C, 0xF7DE, 0xFFFF, 0xFFFF, 0xFFFF, 0xFFFF, 0xD77B, 0x5DCD, 0x3549, 0x45AA, 0x45AA, 0x45AA, 0x45CA, 0x45CA, 0x45AA, 0x3DAA,
    0x3DAA, 0x3DAA, 0x3DAA, 0x3DAA, 0x3DAA, 0x3DAA, 0x3DAA, 0x3DAA, 0x3DAA, 0x3D8B, 0x3D8B, 0x3D8B, 0x358B, 0x358B, 0x358B, 0x358B,
    0x358B, 0x358B, 0x358B, 0x358B, 0x358B, 0x356B, 0x356B, 0x356B, 0x356B, 0x356B, 0x2D6B, 0x2D6B, 0x2D6B, 0x2D6B, 0x2D6B, 0x2D6B,
    0x2D4B, 0x2D4B, 0x2D4B, 0x2D4B, 0x2D4B, 0x2D4B, 0x2D4B, 0x252B, 0x252B, 0x252B, 0x252B, 0x252B, 0x8ECB, 0x8ECB, 0x8ECB, 0x8ECB,
    0x8ECB, 0x8ECB, 0x8ECB, 0x8ECB, 0x8ECB, 0x86CB, 0x86EB, 0x86EB, 0x86CB, 0x86CB, 0x86CA, 0x86CA, 0x86CA, 0x86CA, 0x86CA, 0x86CA,
    0x86CA, 0x86CA, 0x7ECA, 0x7ECA, 0x7ECA, 0x7ECA, 0x7ECA, 0x7ECA, 0x7ECA, 0x7ECA, 0x7EAA, 0x7EAA, 0x7EAA, 0x76AA, 0x76AA, 0x76AA,
    0x76AA, 0x76A9, 0x76A9, 0x76A9, 0x76A9, 0x76A9, 0x76A9, 0x76A9, 0x76A9, 0x7689, 0x7689, 0x6E89, 0x6E89, 0x6E89, 0x6E8A, 0x6E8A,
    0x6E8A, 0x6E8A, 0x6E8A, 0x6E8A, 0x6E8A, 0x6E6A, 0x6E6A, 0x6E6A, 0x666A, 0x666A, 0x666A, 0x666A, 0x666A, 0x666A, 0x666A, 0x666A,
    0x664A, 0x664A, 0x664A, 0x664A, 0x664A, 0x5E4A, 0x5E4A, 0x5E4A, 0x5E4A, 0x5E4A, 0x5E4A, 0x5E2A, 0x5E2A, 0x5E2A, 0x5E2A, 0x5E2A,
    0x5E2A, 0x5E2A, 0x562A, 0x562A, 0x560A, 0x560A, 0x560A, 0x55EA, 0x45A8, 0x4D89, 0x65CC, 0x8650, 0x8E71, 0x8651, 0x760E, 0x4D8A,
    0x3D88, 0x4DCA, 0x4DEA, 0x4DEA, 0x4DEA, 0x4DEA, 0x4DEA, 0x4DCA, 0x3D48, 0x760F, 0xFFFF, 0xFFFF, 0xFFFF, 0xFFFF, 0xFFFF, 0xFFFF,
    0xFFFF, 0xFFFF, 0xFFFF, 0xEFBD, 0x4D6B, 0x3D69, 0x45AA, 0x45AA, 0x45CA, 0x45AA, 0x3DAA, 0x3DAA, 0x3DAA, 0x3DAA, 0x3DAA, 0x3DAA,
    0x3DAA, 0x3DAA, 0x3DAA, 0x3DAA, 0x3DAB, 0x3D8B, 0x3D8B, 0x358B, 0x358B, 0x358B, 0x358B, 0x358B, 0x358B, 0x358B, 0x358B, 0x358B,
    0x356B, 0x356B, 0x356B, 0x356B, 0x356B, 0x2D6B, 0x2D6B, 0x2D6B, 0x2D6B, 0x2D6B, 0x2D6B, 0x2D4B, 0x2D4B, 0x2D4B, 0x2D4B, 0x2D4B,
    0x2D4B, 0x2D4B, 0x254B, 0x254B, 0x252B, 0x252B, 0x252B, 0x252B, 0x8ECB, 0x8ECB, 0x8ECB, 0x8ECB, 0x8ECB, 0x8ECB, 0x8ECB, 0x86CB,
    0x86CB, 0x86CB, 0x86EB, 0x86CB, 0x86CA, 0x86CA, 0x86CA, 0x86CA, 0x86CA, 0x86CA, 0x86CA, 0x86CA, 0x7ECA, 0x7ECA, 0x7ECA, 0x7ECA,
    0x7ECA, 0x7ECA, 0x7ECA, 0x7ECA, 0x7ECA, 0x7EAA, 0x7EAA, 0x7EAA, 0x76AA, 0x76AA, 0x76AA, 0x76A9, 0x76A9, 0x76A9, 0x76A9, 0x76A9,
    0x76A9, 0x76A9, 0x76A9, 0x76A9, 0x7689, 0x6E89, 0x6E89, 0x6E89, 0x6E89, 0x6E8A, 0x6E8A, 0x6E8A, 0x6E8A, 0x6E8A, 0x6E8A, 0x6E6A,
    0x6E6A, 0x6E6A, 0x666A, 0x666A, 0x666A, 0x666A, 0x666A, 0x666A, 0x666A, 0x666A, 0x666A, 0x664A, 0x664A, 0x664A, 0x664A, 0x664A,
    0x5E4A, 0x5E4A, 0x5E4A, 0x5E4A, 0x5E2A, 0x5E2A, 0x5E2A, 0x5E0A, 0x5609, 0x5609, 0x4DE9, 0x560A, 0x562A, 0x562A, 0x562A, 0x560A,
    0x560A, 0x55EA, 0x4DC9, 0x4588, 0x8650, 0xD77A, 0xF7DE, 0xFFFF, 0xFFFF, 0xFFFF, 0xFFFF, 0xE79C, 0x9E94, 0x4D69, 0x4589, 0x4DCA,
    0x4DCA, 0x4DEA, 0x4DCA, 0x4DAA, 0x3D48, 0x5D6C, 0xF7DE, 0xFFFF, 0xFFFF, 0xEFBD, 0xBED8, 0xC6F9, 0xFFFF, 0xFFFF, 0xFFFF, 0xFFFF,
    0x9673, 0x2D08, 0x458A, 0x3DAA, 0x45AA, 0x3DAA, 0x3DAA, 0x3DAA, 0x3DAA, 0x3DAA, 0x3DAA, 0x3DAA, 0x3DAA, 0x3DAA, 0x3DAA, 0x3D8B,
    0x3D8B, 0x3D8B, 0x358B, 0x358B, 0x358B, 0x358B, 0x358B, 0x358B, 0x358B, 0x358B, 0x358B, 0x356B, 0x356B, 0x356B, 0x356B, 0x2D6B,
    0x2D6B, 0x2D6B, 0x2D6B, 0x2D6B, 0x2D6B, 0x2D6B, 0x2D4B, 0x2D4B, 0x2D4B, 0x2D4B, 0x2D4B, 0x2D4B, 0x2D4B, 0x254B, 0x254B, 0x252B,
    0x252B, 0x252B, 0x252B, 0x252B, 0x8ECB, 0x8ECB, 0x8ECB, 0x8ECB, 0x8ECB, 0x8ECB, 0x8ECB, 0x86CB, 0x86CB, 0x86EB, 0x86CB, 0x86CB,
    0x86CA, 0x86CA, 0x86CA, 0x86CA, 0x86CA, 0x86CA, 0x86CA, 0x7ECA, 0x7ECA, 0x7ECA, 0x7ECA, 0x7ECA, 0x7ECA, 0x7ECA, 0x7ECA, 0x7ECA,
    0x7EAA, 0x7EAA, 0x7EAA, 0x76AA, 0x76AA, 0x76AA, 0x76AA, 0x76A9, 0x76A9, 0x76A9, 0x76A9, 0x76A9, 0x76A9, 0x76A9, 0x76A9, 0x7689,
    0x7689, 0x6E89, 0x6E89, 0x6E89, 0x6E8A, 0x6E8A, 0x6E8A, 0x6E8A, 0x6E8A, 0x6E8A, 0x6E8A, 0x6E6A, 0x6E6A, 0x6E6A, 0x666A, 0x666A,
    0x666A, 0x666A, 0x666A, 0x666A, 0x666A, 0x666A, 0x664A, 0x664A, 0x664A, 0x664A, 0x664A, 0x5E2A, 0x5E2A, 0x5E4A, 0x5E4A, 0x5E2A,
    0x5E2A, 0x5E0A, 0x55E9, 0x55E9, 0x5DEA, 0x660C, 0x764E, 0x5E0A, 0x560A, 0x562A, 0x560A, 0x560A, 0x55EA, 0x4DA9, 0x4D89, 0xBF18,
    0xFFFF, 0xFFFF, 0xFFFF, 0xFFFF, 0xFFFF, 0xFFFF, 0xFFFF, 0xFFFF, 0xFFFF, 0xD77A, 0x55AB, 0x4569, 0x4DCA, 0x4DCA, 0x4DCA, 0x45AA,
    0x3D29, 0x4D0A, 0xEF9D, 0xFFFF, 0xFFFF, 0xB6B7, 0x1BC5, 0x1BC6, 0x754F, 0xFFDF, 0xFFFF, 0xFFFF, 0xBEF8, 0x2CE8, 0x3D6A, 0x3D8A,
    0x3DAA, 0x3DAA, 0x3DAA, 0x3DAA, 0x3DAA, 0x3DAA, 0x3DAA, 0x3DAA, 0x3DAA, 0x3DAB, 0x3D8B, 0x3D8B, 0x3D8B, 0x358B, 0x358B, 0x358B,
    0x358B, 0x358B, 0x358B, 0x358B, 0x358B, 0x358B, 0x356B, 0x356B, 0x356B, 0x356B, 0x2D6B, 0x2D6B, 0x2D6B, 0x2D6B, 0x2D6B, 0x2D6B,
    0x2D6B, 0x2D4B, 0x2D4B, 0x2D4B, 0x2D4B, 0x2D4B, 0x2D4B, 0x2D4B, 0x254B, 0x254B, 0x252B, 0x252B, 0x252B, 0x252B, 0x252B, 0x252B,
    0x8ECB, 0x8ECB, 0x8ECB, 0x8ECB, 0x8ECB, 0x86CB, 0x86CB, 0x86CB, 0x86EB, 0x86CB, 0x86CA, 0x86CA, 0x86CA, 0x86CA, 0x86CA, 0x86CA,
    0x86CA, 0x86CA, 0x7ECA, 0x7ECA, 0x7ECA, 0x7ECA, 0x7ECA, 0x7ECA, 0x7ECA, 0x7ECA, 0x7ECA, 0x7EAA, 0x7EAA, 0x7EAA, 0x76AA, 0x76AA,
    0x76AA, 0x76AA, 0x76A9, 0x76A9, 0x76A9, 0x76A9, 0x76A9, 0x76A9, 0x76A9, 0x76A9, 0x7689, 0x7689, 0x6E89, 0x6E89, 0x6E89, 0x6E8A,
    0x6E8A, 0x6E8A, 0x6E8A, 0x6E8A, 0x6E8A, 0x6E6A, 0x6E6A, 0x6E6A, 0x6E6A, 0x6E6A, 0x6E6A, 0x666A, 0x666A, 0x666A, 0x666A, 0x666A,
    0x666A, 0x664A, 0x664A, 0x5E29, 0x55E8, 0x4DE8, 0x55E8, 0x5DE9, 0x5E09, 0x5E2A, 0x5E2A, 0x5E2A, 0x5E2A, 0x55E9, 0x5DEA, 0xCF59,
    0xEFBD, 0xF7DE, 0xE7BC, 0x55CA, 0x55E9, 0x560A, 0x560A, 0x55EA, 0x4DC9, 0x4568, 0xC739, 0xFFFF, 0xFFFF, 0xFFFF, 0xFFFF, 0xFFFF,
    0xFFFF, 0xFFFF, 0xFFFF, 0xFFFF, 0xFFFF, 0xFFFF, 0xDF7B, 0x4D6A, 0x4589, 0x4DAA, 0x45CA, 0x458A, 0x3D29, 0x3CC8, 0xD75B, 0xFFFF,
    0xFFFF, 0xCF1A, 0x3428, 0x2C07, 0x2C07, 0xE79D, 0xFFFF, 0xFFFF, 0xC6F9, 0x34C8, 0x3D4A, 0x3D8A, 0x3DAA, 0x3DAA, 0x3DAA, 0x3DAA,
    0x3DAA, 0x3DAA, 0x3DAA, 0x3DAA, 0x3DAA, 0x3D8B, 0x3D8B, 0x3D8B, 0x358B, 0x358B, 0x358B, 0x358B, 0x358B, 0x358B, 0x358B, 0x358B,
    0x358B, 0x356B, 0x356B, 0x356B, 0x356B, 0x2D6B, 0x2D6B, 0x2D6B, 0x2D6B, 0x2D6B, 0x2D6B, 0x2D6B, 0x2D4B, 0x2D4B, 0x2D4B, 0x2D4B,
    0x2D4B, 0x2D4B, 0x2D4B, 0x254B, 0x254B, 0x252B, 0x252B, 0x252B, 0x252B, 0x252B, 0x252B, 0x252B, 0x8ECB, 0x8ECB, 0x8ECB, 0x8ECB,
    0x86CB, 0x86CB, 0x86CB, 0x86CB, 0x86CB, 0x86CA, 0x86CA, 0x86CA, 0x86CA, 0x86CA, 0x86CA, 0x86CA, 0x86CA, 0x7ECA, 0x7ECA, 0x7ECA,
    0x7ECA, 0x7ECA, 0x7ECA, 0x7ECA, 0x7ECA, 0x7ECA, 0x7EAA, 0x7EAA, 0x7EAA, 0x76AA, 0x76AA, 0x76AA, 0x76A9, 0x76A9, 0x76A9, 0x76A9,
    0x76A9, 0x76A9, 0x76A9, 0x76A9, 0x76A9, 0x7689, 0x6E89, 0x6E89, 0x6E89, 0x6E89, 0x6E8A, 0x6E8A, 0x6E8A, 0x6E8A, 0x6E8A, 0x6E8A,
    0x6E69, 0x6669, 0x666A, 0x6649, 0x6629, 0x5E29, 0x5E29, 0x664A, 0x664A, 0x664A, 0x666A, 0x666A, 0x664A, 0x664A, 0x5E2A, 0x5E09,
    0x9EB2, 0xBF16, 0xCF58, 0xDF9B, 0x8E70, 0x4DC8, 0x5E0A, 0x5E09, 0x5E0A, 0x4DA8, 0x7E2F, 0xFFFF, 0xFFFF, 0xFFFF, 0xB6F6, 0x4567,
    0x55CA, 0x55EA, 0x55EA, 0x55EA, 0x3D48, 0x9672, 0xFFFF, 0xFFFF, 0xFFFF, 0xFFFF, 0xE77C, 0x9E13, 0x85B0, 0x9613, 0xD73B, 0xFFFF,
    0xFFFF, 0xFFFF, 0xFFFF, 0xAEB5, 0x3528, 0x4DAA, 0x45AA, 0x458A, 0x4549, 0x3487, 0xCF19, 0xFFFF, 0xFFFF, 0xE77C, 0x2C27, 0x23E6,
    0x8DD2, 0xFFFF, 0xFFFF, 0xFFFF, 0xA695, 0x2C87, 0x3D4A, 0x3D8A, 0x3DAA, 0x3DAA, 0x3DAA, 0x3DAA, 0x3DAA, 0x3DAA, 0x3DAA, 0x3DAA,
    0x3D8B, 0x3D8B, 0x3D8B, 0x358B, 0x358B, 0x358B, 0x358B, 0x358B, 0x358B, 0x358B, 0x358B, 0x356B, 0x356B, 0x356B, 0x356B, 0x356B,
    0x2D6B, 0x2D6B, 0x2D6B, 0x2D6B, 0x2D6B, 0x2D6B, 0x2D6B, 0x2D4B, 0x2D4B, 0x2D4B, 0x2D4B, 0x2D4B, 0x2D4B, 0x2D4B, 0x254B, 0x254B,
    0x254B, 0x252B, 0x252B, 0x252B, 0x252B, 0x252B, 0x252B, 0x252B, 0x8ECB, 0x8ECB, 0x8ECB, 0x86CB, 0x86CB, 0x86CB, 0x86CB, 0x86CB,
    0x86CB, 0x86CA, 0x86CA, 0x86CA, 0x86CA, 0x86CA, 0x86CA, 0x86CA, 0x86CA, 0x7ECA, 0x7ECA, 0x7ECA, 0x7ECA, 0x7ECA, 0x7ECA, 0x7ECA,
    0x7ECA, 0x7EAA, 0x7EAA, 0x7EAA, 0x76AA, 0x76AA, 0x76AA, 0x76AA, 0x76A9, 0x76A9, 0x76A9, 0x76A9, 0x76A9, 0x7689, 0x7689, 0x7689,
    0x7689, 0x6E89, 0x6E89, 0x6E89, 0x6E89, 0x6E8A, 0x6E8A, 0x6E8A, 0x6E8A, 0x6E8A, 0x6E8A, 0x6E6A, 0x6E69, 0x6649, 0x6629, 0x6609,
    0x6E2A, 0x7E4D, 0x7E4D, 0x5E09, 0x6629, 0x664A, 0x664A, 0x664A, 0x664A, 0x664A, 0x662A, 0x4DC8, 0xAED4, 0xFFFF, 0xFFFF, 0xFFFF,
    0xE79C, 0x55A9, 0x55C9, 0x55E9, 0x55EA, 0x4547, 0xAEB4, 0xFFFF, 0xFFFF, 0xFFFF, 0x8610, 0x3D27, 0x55CA, 0x55EA, 0x55EA, 0x4DA9,
    0x4D49, 0xE79C, 0xFFFF, 0xFFFF, 0xFFFF, 0xC6D8, 0x3C48, 0x2405, 0x2405, 0x2405, 0x2C27, 0xAE76, 0xFFFF, 0xFFFF, 0xFFFF, 0xF7DE,
    0x556B, 0x3D69, 0x45AA, 0x458A, 0x4549, 0x2C87, 0xB6B7, 0xFFFF, 0xFFFF, 0xF7DF, 0xBEB8, 0xD73B, 0xFFFF, 0xFFFF, 0xFFFF, 0xF7DE,
    0x550C, 0x2CC8, 0x3D4A, 0x3D8A, 0x3DAA, 0x3DAA, 0x3DAA, 0x3DAA, 0x3DAA, 0x3DAA, 0x3DAA, 0x3DAB, 0x3D8B, 0x3D8B, 0x358B, 0x358B,
    0x358B, 0x358B, 0x358B, 0x358B, 0x358B, 0x358B, 0x358B, 0x356B, 0x356B, 0x356B, 0x356B, 0x2D6B, 0x2D6B, 0x2D6B, 0x2D6B, 0x2D6B,
    0x2D6B, 0x2D6B, 0x2D4B, 0x2D4B, 0x2D4B, 0x2D4B, 0x2D4B, 0x2D4B, 0x2D4B, 0x254B, 0x254B, 0x254B, 0x254B, 0x252B, 0x252B, 0x252B,
    0x252B, 0x252B, 0x252B, 0x252B, 0x8ECB, 0x8ECB, 0x86CB, 0x86CB, 0x86CB, 0x86CB, 0x86CB, 0x86CA, 0x86CA, 0x86CA, 0x86CA, 0x86CA,
    0x86CA, 0x86CA, 0x86CA, 0x7ECA, 0x7ECA, 0x7ECA, 0x7ECA, 0x7ECA, 0x7ECA, 0x7ECA, 0x7ECA, 0x7ECA, 0x7EAA, 0x7EAA, 0x7EAA, 0x76AA,
    0x76AA, 0x76AA, 0x76A9, 0x76A9, 0x76A9, 0x76A9, 0x76A9, 0x7689, 0x7689, 0x768A, 0x6E89, 0x6E89, 0x6E89, 0x6E89, 0x6E89, 0x6E89,
    0x6E8A, 0x6E8A, 0x6E8A, 0x6E8A, 0x6E8A, 0x6E8A, 0x6E6A, 0x6669, 0x6E4A, 0x5DE8, 0x9690, 0xE79C, 0xEFBC, 0xF7DE, 0xF7DE, 0x762C,
    0x5DE8, 0x662A, 0x664A, 0x664A, 0x664A, 0x5E2A, 0x5E09, 0x55C9, 0x4D68, 0xDF7A, 0xFFFF, 0xFFFF, 0xFFFF, 0x9672, 0x4567, 0x55CA,
    0x55A9, 0x4528, 0xCF39, 0xFFFF, 0xFFFF, 0xF7BE, 0x5D4B, 0x4548, 0x55A9, 0x55EA, 0x55CA, 0x4548, 0x75EE, 0xFFFF, 0xFFFF, 0xFFFF,
    0xEF9D, 0x3C68, 0x2C46, 0x3CA8, 0x3CA8, 0x3CA8, 0x3467, 0x2C27, 0xD73B, 0xFFFF, 0xFFFF, 0xFFFF, 0x8611, 0x3508, 0x458A, 0x458A,
    0x454A, 0x2C87, 0x9E34, 0xFFFF, 0xFFFF, 0xFFFF, 0xFFFF, 0xFFFF, 0xFFFF, 0xFFFF, 0xCF19, 0x54EC, 0x2C67, 0x3D09, 0x3D4A, 0x3D8A,
    0x3DAA, 0x3DAA, 0x3DAA, 0x3DAA, 0x3DAA, 0x3DAA, 0x3D8B, 0x3D8B, 0x3D8B, 0x358B, 0x358B, 0x358B, 0x358B, 0x358B, 0x358B, 0x358B,
    0x358B, 0x358B, 0x356B, 0x356B, 0x356B, 0x356B, 0x2D6B, 0x2D6B, 0x2D6B, 0x2D6B, 0x2D6B, 0x2D6B, 0x2D6B, 0x2D4B, 0x2D4B, 0x2D4B,
    0x2D4B, 0x2D4B, 0x2D4B, 0x2D4B, 0x254B, 0x254B, 0x254B, 0x254B, 0x252B, 0x252B, 0x252B, 0x252B, 0x252B, 0x252B, 0x252B, 0x252B,
    0x86CB, 0x86CB, 0x86CB, 0x86CB, 0x86CB, 0x86CB, 0x86CB, 0x86CA, 0x86CA, 0x86CA, 0x86CA, 0x86CA, 0x86CA, 0x86CA, 0x86CA, 0x7ECA,
    0x7ECA, 0x7ECA, 0x7ECA, 0x7ECA, 0x7ECA, 0x7ECA, 0x7EAA, 0x7EAA, 0x7EAA, 0x7EAA, 0x7EAA, 0x7EAA, 0x76AA, 0x76AA, 0x76A9, 0x76A9,
    0x76A9, 0x76A9, 0x7689, 0x7689, 0x6E69, 0x6628, 0x6628, 0x6E4A, 0x6E49, 0x6E69, 0x6E89, 0x6E8A, 0x6E8A, 0x6E8A, 0x6E8A, 0x6E8A,
    0x6E8A, 0x6E8A, 0x6E69, 0x6649, 0x6629, 0x55A7, 0xC738, 0xFFFF, 0xFFFF, 0xFFFF, 0xFFFF, 0xC717, 0x4D87, 0x5E09, 0x5E29, 0x664A,
    0x664A, 0x5E2A, 0x5E09, 0x5DC9, 0x4527, 0x7DCE, 0xFFFF, 0xFFFF, 0xFFFF, 0xEFBD, 0x556A, 0x4D69, 0x4D48, 0x5D6B, 0xF7DE, 0xFFFF,
    0xFFFF, 0xCF19, 0x3CC7, 0x4D49, 0x4DA9, 0x4DCA, 0x55CA, 0x3D27, 0x9652, 0xFFFF, 0xFFFF, 0xFFFF, 0xA675, 0x2C26, 0x44C8, 0x3CE8,
    0x4509, 0x3CE8, 0x3CC9, 0x2426, 0x8DF2, 0xFFFF, 0xFFFF, 0xFFFF, 0xA674, 0x34E7, 0x458A, 0x458A, 0x456A, 0x2CA7, 0x85D1, 0xFFFF,
    0xFFFF, 0xFFFF, 0xFFDF, 0xFFFF, 0xFFFF, 0xFFFF, 0xAE76, 0x1C06, 0x34A8, 0x3509, 0x3D4A, 0x3D8A, 0x3DAA, 0x3DAA, 0x3DAA, 0x3DAA,
    0x3DAA, 0x3D8B, 0x3D8B, 0x3D8B, 0x358B, 0x358B, 0x358B, 0x358B, 0x358B, 0x358B, 0x358B, 0x358B, 0x356B, 0x356B, 0x356B, 0x356B,
    0x356B, 0x2D6B, 0x2D6B, 0x2D6B, 0x2D6B, 0x2D6B, 0x2D6B, 0x2D6B, 0x2D4B, 0x2D4B, 0x2D4B, 0x2D4B, 0x2D4B, 0x2D4B, 0x254B, 0x254B,
    0x254B, 0x254B, 0x254B, 0x252B, 0x252B, 0x252B, 0x252B, 0x252B, 0x252B, 0x252B, 0x252B, 0x252B, 0x86CB, 0x86CB, 0x86CB, 0x86CB,
    0x86CB, 0x86CA, 0x86CA, 0x86CA, 0x86CA, 0x86CA, 0x86CA, 0x86CA, 0x86CA, 0x7ECA, 0x7ECA, 0x7ECA, 0x7ECA, 0x7ECA, 0x7ECA, 0x7ECA,
    0x7EAA, 0x7EAA, 0x7EAA, 0x7689, 0x7689, 0x6E69, 0x6E48, 0x6648, 0x6627, 0x6647, 0x6E68, 0x7689, 0x7689, 0x7689, 0x7689, 0x6648,
    0x868D, 0xCF57, 0xD779, 0xEFDD, 0x96B0, 0x5E28, 0x6E6A, 0x6E69, 0x6E8A, 0x6E8A, 0x6E8A, 0x6E8A, 0x6E8A, 0x6E6A, 0x6669, 0x6649,
    0x5DE9, 0x5DA9, 0xEF9C, 0xFFFF, 0xFFFF, 0xFFFF, 0xFFFF, 0xFFDF, 0x75EC, 0x55A8, 0x5E0A, 0x5E2A, 0x5E4A, 0x5E2A, 0x5E09, 0x55C9,
    0x5569, 0x3CC6, 0xC6F8, 0xFFFF, 0xFFFF, 0xFFFF, 0xA694, 0x3D07, 0x4507, 0x7DCF, 0xFFFF, 0xFFFF, 0xFFFF, 0x9E33, 0x34A6, 0x4D69,
    0x4DC9, 0x4DCA, 0x55AA, 0x3D07, 0x9E53, 0xFFFF, 0xFFFF, 0xFFFF, 0x9612, 0x2C66, 0x4509, 0x4549, 0x4569, 0x4549, 0x4509, 0x2C66,
    0x85B0, 0xFFFF, 0xFFFF, 0xFFFF, 0xA695, 0x2CC7, 0x456A, 0x458A, 0x456A, 0x2CA7, 0x6D6E, 0xFFFF, 0xFFFF, 0xFFFF, 0x9E34, 0xDF5B,
    0xFFFF, 0xFFFF, 0xFFFF, 0xB6B7, 0x2C67, 0x3509, 0x3D6A, 0x3D8A, 0x3DAA, 0x3DAA, 0x3DAA, 0x3DAA, 0x3D8B, 0x3D8B, 0x3D8B, 0x358B,
    0x358B, 0x358B, 0x358B, 0x358B, 0x358B, 0x358B, 0x358B, 0x358B, 0x356B, 0x356B, 0x356B, 0x356B, 0x2D6B, 0x2D6B, 0x2D6B, 0x2D6B,
    0x2D6B, 0x2D6B, 0x2D6B, 0x2D4B, 0x2D4B, 0x2D4B, 0x2D4B, 0x2D4B, 0x2D4B, 0x254B, 0x254B, 0x254B, 0x254B, 0x254B, 0x252B, 0x252B,
    0x252B, 0x252B, 0x252B, 0x252B, 0x252B, 0x252B, 0x252B, 0x1D0B, 0x86CB, 0x86CB, 0x86CB, 0x86CB, 0x86CA, 0x86CA, 0x86CA, 0x86CA,
    0x86CA, 0x86CA, 0x86CA, 0x86CA, 0x7ECA, 0x7ECA, 0x7ECA, 0x7ECA, 0x7ECA, 0x7ECA, 0x7ECA, 0x7ECA, 0x7EAA, 0x768A, 0x6E69, 0x6E49,
    0x764A, 0x7E4B, 0x8E6D, 0x9EB0, 0xAEF2, 0xC736, 0xAF13, 0x6E48, 0x7689, 0x6E89, 0x7669, 0x6607, 0x8E6F, 0xFFFF, 0xFFFF, 0xFFFF,
    0xAED3, 0x5DE7, 0x6E4A, 0x6E69, 0x6E6A, 0x6E8A, 0x6E8A, 0x6E6A, 0x6E6A, 0x6E6A, 0x6649, 0x6629, 0x55A8, 0x75CC, 0xFFFF, 0xFFFF,
    0xFFFF, 0xFFFF, 0xFFFF, 0xFFFF, 0xC718, 0x4D67, 0x5DE9, 0x5E2A, 0x5E2A, 0x5E2A, 0x5E2A, 0x55E9, 0x5589, 0x44E7, 0x652B, 0xF7DE,
    0xFFFF, 0xFFFF, 0xF7DE, 0x5D4B, 0x3485, 0xAE95, 0xFFFF, 0xFFFF, 0xFFFF, 0x6D6D, 0x3CE7, 0x4D89, 0x4DCA, 0x4DCA, 0x4DAA, 0x34E7,
    0x8E11, 0xFFFF, 0xFFFF, 0xFFFF, 0xB6B7, 0x2C66, 0x4D49, 0x4589, 0x458A, 0x4589, 0x454A, 0x2C66, 0xAE75, 0xFFFF, 0xFFFF, 0xFFFF,
    0x9633, 0x2CA7, 0x456A, 0x456A, 0x456A, 0x34C8, 0x550C, 0xFFFF, 0xFFFF, 0xFFFF, 0x8DD2, 0x446A, 0xF7DF, 0xFFFF, 0xFFFF, 0xFFFF,
    0xAE96, 0x2CC8, 0x3D4A, 0x3D8A, 0x3D8A, 0x3DAA, 0x3DAB, 0x3D8B, 0x3D8B, 0x3D8B, 0x358B, 0x358B, 0x358B, 0x358B, 0x358B, 0x358B,
    0x358B, 0x358B, 0x356B, 0x356B, 0x356B, 0x356B, 0x356B, 0x2D6B, 0x2D6B, 0x2D6B, 0x2D6B, 0x2D6B, 0x2D6B, 0x2D6B, 0x2D4B, 0x2D4B,
    0x2D4B, 0x2D4B, 0x2D4B, 0x2D4B, 0x254B, 0x254B, 0x254B, 0x254B, 0x254B, 0x252B, 0x252B, 0x252B, 0x252B, 0x252B, 0x252B, 0x252B,
    0x252B, 0x252B, 0x1D0B, 0x1D0B, 0x86CA, 0x86CB, 0x86CB, 0x86CA, 0x86CA, 0x86CA, 0x86CA, 0x86CA, 0x86CA, 0x86CA, 0x86CA, 0x86CA,
    0x7ECA, 0x7ECA, 0x7ECA, 0x7ECA, 0x7ECA, 0x7ECA, 0x7ECA, 0x7ECA, 0x7E8A, 0x6E48, 0xA6F2, 0xE79B, 0xEFBD, 0xFFFF, 0xFFFF, 0xFFFF,
    0xFFFF, 0xFFFF, 0xDF9A, 0x6608, 0x6E49, 0x6E69, 0x6E49, 0x5DE8, 0x75EB, 0xF7DE, 0xFFFF, 0xFFFF, 0xB6F5, 0x55A7, 0x6629, 0x6E49,
    0x6E69, 0x6E8A, 0x6E8A, 0x6E6A, 0x6E6A, 0x666A, 0x6649, 0x6629, 0x4D67, 0x9651, 0xFFFF, 0xFFFF, 0xF7BE, 0xDF5B, 0xFFFF, 0xFFFF,
    0xFFFF, 0x7DEE, 0x4D88, 0x5E0A, 0x5E2A, 0x5E2A, 0x5E2A, 0x5DE9, 0x55A9, 0x4D49, 0x3486, 0xA674, 0xFFFF, 0xFFFF, 0xFFFF, 0xB696,
    0x2C45, 0xDF5B, 0xFFFF, 0xFFFF, 0xE79C, 0x44C8, 0x4528, 0x4DA9, 0x4DCA, 0x4DEA, 0x4DAA, 0x3D08, 0x654C, 0xFFFF, 0xFFFF, 0xFFFF,
    0xF7DE, 0x5D4C, 0x2CC7, 0x458A, 0x4D8A, 0x456A, 0x2CC7, 0x552B, 0xEFBD, 0xFFFF, 0xFFFF, 0xFFFF, 0x6D8E, 0x34C7, 0x456A, 0x458A,
    0x456A, 0x34E8, 0x44CA, 0xF7DE, 0xFFFF, 0xFFFF, 0xBEB8, 0x0B64, 0x6D4F, 0xFFFF, 0xFFFF, 0xFFFF, 0xFFFF, 0xA695, 0x24E8, 0x354A,
    0x3D8A, 0x3D8A, 0x3DAB, 0x3D8B, 0x3D8B, 0x358B, 0x358B, 0x358B, 0x358B, 0x358B, 0x358B, 0x358B, 0x358B, 0x358B, 0x356B, 0x356B,
    0x356B, 0x356B, 0x2D6B, 0x2D6B, 0x2D6B, 0x2D6B, 0x2D6B, 0x2D6B, 0x2D6B, 0x2D4B, 0x2D4B, 0x2D4B, 0x2D4B, 0x2D4B, 0x2D4B, 0x254B,
    0x254B, 0x254B, 0x254B, 0x254B, 0x252B, 0x252B, 0x252B, 0x252B, 0x252B, 0x252B, 0x252B, 0x252B, 0x252B, 0x1D0B, 0x1D0B, 0x1D0B,
    0x86CB, 0x86CB, 0x86CA, 0x86CA, 0x86CA, 0x86CA, 0x86CA, 0x86CA, 0x86CA, 0x86CA, 0x7ECA, 0x7ECA, 0x7ECA, 0x7ECA, 0x7ECA, 0x7ECA,
    0x7ECA, 0x7ECA, 0x7ECA, 0x7ECA, 0x768A, 0x6607, 0xB6F4, 0xFFFF, 0xFFFF, 0xFFFF, 0xFFFF, 0xFFFF, 0xFFFF, 0xFFFF, 0xF7DE, 0x6DE9,
    0x6E29, 0x6E69, 0x6E49, 0x5DC8, 0x6589, 0xEFBD, 0xFFFF, 0xFFFF, 0xC718, 0x5567, 0x6609, 0x6649, 0x6E69, 0x6E6A, 0x6E6A, 0x6E6A,
    0x666A, 0x666A, 0x6649, 0x65E9, 0x4D47, 0xBEF7, 0xFFFF, 0xFFFF, 0xD73A, 0x650C, 0xFFFF, 0xFFFF, 0xFFFF, 0xCF39, 0x4D68, 0x5DE9,
    0x5E2A, 0x5E2A, 0x5E2A, 0x5E0A, 0x55C9, 0x5589, 0x44E7, 0x4CC9, 0xEF9D, 0xFFFF, 0xFFFF, 0xF7DE, 0x7D8F, 0xEF9D, 0xFFFF, 0xFFFF,
    0xB6B6, 0x34A6, 0x4D69, 0x4DA9, 0x55EA, 0x4DEA, 0x4DA9, 0x4549, 0x3CA8, 0xD75A, 0xFFFF, 0xFFFF, 0xFFFF, 0xE79C, 0x6DAE, 0x3D08,
    0x3D28, 0x3D08, 0x658D, 0xE77C, 0xFFFF, 0xFFFF, 0xFFFF, 0xDF7C, 0x3CA8, 0x3D09, 0x456A, 0x458A, 0x3D6A, 0x3D09, 0x34A9, 0xDF5B,
    0xFFFF, 0xFFFF, 0xCF1A, 0x2C07, 0x1BC5, 0x85B1, 0xFFFF, 0xFFFF, 0xFFFF, 0xFFFF, 0xAED6, 0x352A, 0x3D6A, 0x3D8A, 0x3D8B, 0x3D8B,
    0x358B, 0x358B, 0x358B, 0x358B, 0x358B, 0x358B, 0x358B, 0x358B, 0x358B, 0x356B, 0x356B, 0x356B, 0x356B, 0x2D6B, 0x2D6B, 0x2D6B,
    0x2D6B, 0x2D6B, 0x2D6B, 0x2D6B, 0x2D4B, 0x2D4B, 0x2D4B, 0x2D4B, 0x2D4B, 0x2D4B, 0x254B, 0x254B, 0x254B, 0x254B, 0x254B, 0x252B,
    0x252B, 0x252B, 0x252B, 0x252B, 0x252B, 0x252B, 0x252B, 0x252B, 0x1D0B, 0x1D0B, 0x1D0B, 0x1D0B, 0x86CB, 0x86CA, 0x86CA, 0x86CA,
    0x86CA, 0x86CA, 0x86CA, 0x86CA, 0x86CA, 0x86CA, 0x7ECA, 0x7ECA, 0x7ECA, 0x7ECA, 0x7ECA, 0x7ECA, 0x7ECA, 0x7ECA, 0x7ECA, 0x7EAA,
    0x766A, 0x5DC7, 0x966F, 0xFFFF, 0xFFFF, 0xFFFF, 0xEFBD, 0xD73A, 0xC6F7, 0xBED6, 0xA692, 0x65E9, 0x6629, 0x6E49, 0x6E29, 0x65C8,
    0x5548, 0xE77B, 0xFFFF, 0xFFFF, 0xDF5A, 0x5568, 0x65E9, 0x6649, 0x6E69, 0x6E6A, 0x6E6A, 0x666A, 0x666A, 0x666A, 0x6629, 0x5DC9,
    0x5569, 0xE77B, 0xFFFF, 0xFFFF, 0xC6D8, 0x23C4, 0xBED7, 0xFFFF, 0xFFFF, 0xFFFF, 0x7E0E, 0x4D87, 0x5E0A, 0x5E2A, 0x5E2A, 0x5E2A,
    0x5DE9, 0x55A9, 0x4D49, 0x3486, 0x8DF1, 0xFFFF, 0xFFFF, 0xFFFF, 0xF7BE, 0xFFFF, 0xFFFF, 0xFFFF, 0x85D0, 0x34A7, 0x4D69, 0x4DCA,
    0x55EA, 0x4DEA, 0x4DA9, 0x4D69, 0x34A7, 0x758E, 0xFFFF, 0xFFFF, 0xFFFF, 0xFFFF, 0xFFFF, 0xD75A, 0xBEF7, 0xCF3A, 0xFFFF, 0xFFFF,
    0xFFFF, 0xFFFF, 0xFFFF, 0x7DB0, 0x2C87, 0x3D29, 0x458A, 0x458A, 0x3D6A, 0x3D29, 0x2C88, 0xCF1A, 0xFFFF, 0xFFFF, 0xEF9D, 0x3469,
    0x2C48, 0x1C06, 0x9613, 0xCF19, 0xAE96, 0x9E54, 0x8E33, 0x454B, 0x354A, 0x3D8B, 0x3D8B, 0x358B, 0x358B, 0x358B, 0x358B, 0x358B,
    0x358B, 0x358B, 0x358B, 0x356B, 0x356B, 0x356B, 0x356B, 0x356B, 0x2D6B, 0x2D6B, 0x2D6B, 0x2D6B, 0x2D6B, 0x2D6B, 0x2D6B, 0x2D4B,
    0x2D4B, 0x2D4B, 0x2D4B, 0x2D4B, 0x2D4B, 0x254B, 0x254B, 0x254B, 0x254B, 0x254B, 0x252B, 0x252B, 0x252B, 0x252B, 0x252B, 0x252B,
    0x252B, 0x252B, 0x252B, 0x1D2B, 0x1D2B, 0x1D0B, 0x1D0B, 0x1D0B, 0x86CA, 0x86CA, 0x86CA, 0x86CA, 0x86CA, 0x86CA, 0x86CA, 0x86CA,
    0x86CA, 0x7ECA, 0x7ECA, 0x7ECA, 0x7ECA, 0x7ECA, 0x7ECA, 0x7ECA, 0x7ECA, 0x7EAA, 0x7EAA, 0x7ECA, 0x7669, 0x5DA7, 0x860E, 0xFFFF,
    0xFFFF, 0xFFFF, 0xA632, 0x3C65, 0x4CC6, 0x44E6, 0x4D46, 0x65C8, 0x6E29, 0x6E49, 0x6E29, 0x65C9, 0x4D27, 0xCF39, 0xFFFF, 0xFFFF,
    0xEF9D, 0x5D69, 0x5DC8, 0x6629, 0x6669, 0x6E6A, 0x666A, 0x666A, 0x666A, 0x664A, 0x6629, 0x5588, 0x6DAC, 0xFFFF, 0xFFFF, 0xFFFF,
    0x9E12, 0x1BC3, 0x5CEB, 0xF7DE, 0xFFFF, 0xFFFF, 0xD75A, 0x4D48, 0x55C9, 0x5E0A, 0x5E2A, 0x5E2A, 0x5E0A, 0x55C9, 0x4D89, 0x4508,
    0x3CA7, 0xD73A, 0xFFFF, 0xFFFF, 0xFFFF, 0xFFFF, 0xFFFF, 0xF7BE, 0x550A, 0x3D08, 0x4D89, 0x4DCA, 0x4DEA, 0x4DEA, 0x4DCA, 0x4569,
    0x4529, 0x3466, 0x9E34, 0xFFFF, 0xFFFF, 0xFFFF, 0xFFFF, 0xFFFF, 0xFFFF, 0xFFFF, 0xFFFF, 0xFFFF, 0xFFFF, 0xFFFF, 0x9E34, 0x2C47,
    0x3CE9, 0x3D49, 0x458A, 0x45AA, 0x3D8A, 0x3D4A, 0x2CA8, 0x9633, 0xB6B7, 0x9613, 0x75B0, 0x3489, 0x2C88, 0x3488, 0x2447, 0x2C47,
    0x2447, 0x2467, 0x24A7, 0x3529, 0x356A, 0x358A, 0x358B, 0x358B, 0x358B, 0x358B, 0x358B, 0x358B, 0x358B, 0x358B, 0x358B, 0x356B,
    0x356B, 0x356B, 0x356B, 0x2D6B, 0x2D6B, 0x2D6B, 0x2D6B, 0x2D6B, 0x2D6B, 0x2D6B, 0x2D4B, 0x2D4B, 0x2D4B, 0x2D4B, 0x2D4B, 0x2D4B,
    0x254B, 0x254B, 0x254B, 0x254B, 0x254B, 0x252B, 0x252B, 0x252B, 0x252B, 0x252B, 0x252B, 0x252B, 0x252B, 0x1D2B, 0x1D2B, 0x1D2B,
    0x1D2B, 0x1D0B, 0x1D0B, 0x1D0B, 0x86CA, 0x86CA, 0x86CA, 0x86CA, 0x86CA, 0x86CA, 0x86CA, 0x7ECA, 0x7ECA, 0x7ECA, 0x7ECA, 0x7ECA,
    0x7ECA, 0x7ECA, 0x7ECA, 0x7ECA, 0x7EAA, 0x7EAA, 0x7EAA, 0x7ECA, 0x7649, 0x5DA7, 0x75AB, 0xFFFF, 0xFFFF, 0xFFFF, 0xAE74, 0x3443,
    0x4CE7, 0x5D48, 0x6DAA, 0x65E9, 0x6629, 0x6E49, 0x6629, 0x65E9, 0x4D26, 0xBED6, 0xFFFF, 0xFFFF, 0xFFDF, 0x6D8B, 0x55A8, 0x6629,
    0x6649, 0x666A, 0x666A, 0x666A, 0x666A, 0x6649, 0x660A, 0x4D67, 0x9631, 0xFFFF, 0xFFFF, 0xFFFF, 0x6D2D, 0x3C47, 0x54A9, 0xD71A,
    0xFFFF, 0xFFFF, 0xFFFF, 0x8630, 0x4567, 0x5DEA, 0x5E0A, 0x5E2A, 0x5E2A, 0x55EA, 0x55A9, 0x4D49, 0x34A6, 0x756E, 0xFFFF, 0xFFFF,
    0xFFFF, 0xFFFF, 0xFFFF, 0xD73A, 0x3CA7, 0x4549, 0x4DA9, 0x4DEA, 0x4DEA, 0x4DEA, 0x4DCA, 0x4DA9, 0x4549, 0x3CE8, 0x2C67, 0x9612,
    0xFFDF, 0xFFFF, 0xFFFF, 0xFFFF, 0xFFFF, 0xFFFF, 0xFFFF, 0xFFFF, 0xF7BE, 0x85D2, 0x2C46, 0x34C8, 0x3D29, 0x3D6A, 0x45AA, 0x45AA,
    0x3D8A, 0x3D4A, 0x3D09, 0x2CA8, 0x2467, 0x2447, 0x2467, 0x34C9, 0x34E9, 0x34C9, 0x34C9, 0x34A9, 0x34C9, 0x34E9, 0x350A, 0x354A,
    0x356A, 0x358A, 0x358B, 0x358B, 0x358B, 0x358B, 0x358B, 0x358B, 0x358B, 0x356B, 0x356B, 0x356B, 0x356B, 0x356B, 0x2D6B, 0x2D6B,
    0x2D6B, 0x2D6B, 0x2D6B, 0x2D6B, 0x2D6B, 0x2D4B, 0x2D4B, 0x2D4B, 0x2D4B, 0x2D4B, 0x2D4B, 0x254B, 0x254B, 0x254B, 0x254B, 0x254B,
    0x252B, 0x252B, 0x252B, 0x252B, 0x252B, 0x252B, 0x252B, 0x252B, 0x1D2B, 0x1D2B, 0x1D2B, 0x1D0B, 0x1D0B, 0x1D0B, 0x1D0B, 0x1D0B,
    0x86CA, 0x86CA, 0x86CA, 0x86CA, 0x86CA, 0x86CA, 0x86CA, 0x7ECA, 0x7ECA, 0x7ECA, 0x7ECA, 0x7ECA, 0x7ECA, 0x7ECA, 0x7ECA, 0x7EAA,
    0x7EAA, 0x7EAA, 0x7EAA, 0x76CA, 0x7649, 0x65A8, 0x6569, 0xEF9D, 0xFFFF, 0xFFFF, 0xE77C, 0xB6B5, 0xD739, 0xE79C, 0xEFBC, 0x6E0A,
    0x6608, 0x6E49, 0x6629, 0x65E9, 0x4D26, 0xA673, 0xFFFF, 0xFFFF, 0xFFFF, 0x75CD, 0x5587, 0x6629, 0x6649, 0x666A, 0x666A, 0x666A,
    0x666A, 0x6629, 0x5DE9, 0x4D47, 0xBEF6, 0xFFFF, 0xFFFF, 0xFFFF, 0xDF5B, 0xEF9D, 0xFFDF, 0xFFFF, 0xFFFF, 0xFFFF, 0xFFFF, 0xDF7B,
    0x4D48, 0x55C9, 0x5E0A, 0x5E2A, 0x5E2A, 0x560A, 0x55C9, 0x4D89, 0x4D28, 0x3466, 0xC6D8, 0xFFFF, 0xFFFF, 0xFFFF, 0xFFFF, 0x9E53,
    0x34A6, 0x4D69, 0x4DA9, 0x4DEA, 0x4DEA, 0x4DEA, 0x4DEA, 0x4DCA, 0x4589, 0x4529, 0x3CC8, 0x2C46, 0x54EB, 0xA655, 0xD73B, 0xEF9D,
    0xEFBD, 0xEF9D, 0xCF19, 0x9E34, 0x4CAA, 0x2426, 0x34A8, 0x3D09, 0x3D49, 0x458A, 0x45AA, 0x45AA, 0x45AA, 0x3D6A, 0x3D4A, 0x3D09,
    0x3CE9, 0x3CE9, 0x3D09, 0x3529, 0x352A, 0x352A, 0x3529, 0x3509, 0x3509, 0x352A, 0x354A, 0x356A, 0x356A, 0x358B, 0x358B, 0x358B,
    0x358B, 0x358B, 0x358B, 0x358B, 0x358B, 0x356B, 0x356B, 0x356B, 0x356B, 0x2D6B, 0x2D6B, 0x2D6B, 0x2D6B, 0x2D6B, 0x2D6B, 0x2D6B,
    0x2D4B, 0x2D4B, 0x2D4B, 0x2D4B, 0x2D4B, 0x2D4B, 0x254B, 0x254B, 0x254B, 0x254B, 0x254B, 0x252B, 0x252B, 0x252B, 0x252B, 0x252B,
    0x252B, 0x252B, 0x252B, 0x1D2B, 0x1D2B, 0x1D2B, 0x1D2B, 0x1D0B, 0x1D0B, 0x1D0B, 0x1D0B, 0x1D0B, 0x86CA, 0x86CA, 0x86CA, 0x86CA,
    0x86CA, 0x7ECA, 0x7ECA, 0x7ECA, 0x7ECA, 0x7ECA, 0x7ECA, 0x7ECA, 0x7ECA, 0x7ECA, 0x7EAA, 0x7EAA, 0x7EAA, 0x76AA, 0x76AA, 0x76AA,
    0x6E49, 0x65C8, 0x5D48, 0xDF7B, 0xFFFF, 0xFFFF, 0xFFFF, 0xFFFF, 0xFFFF, 0xFFFF, 0xFFFF, 0x7E2C, 0x65E8, 0x6E49, 0x6649, 0x6609,
    0x4D46, 0x8E10, 0xFFFF, 0xFFFF, 0xFFFF, 0x8E0F, 0x4D67, 0x6609, 0x6649, 0x666A, 0x666A, 0x666A, 0x664A, 0x6629, 0x5DC9, 0x5548,
    0xDF7B, 0xFFFF, 0xFFFF, 0xFFFF, 0xFFFF, 0xFFFF, 0xFFFF, 0xFFFF, 0xFFFF, 0xFFFF, 0xFFFF, 0xFFFF, 0x8E31, 0x4567, 0x5DEA, 0x560A,
    0x562A, 0x560A, 0x55EA, 0x55A9, 0x4D69, 0x3CC7, 0x5D0B, 0xF7DE, 0xFFFF, 0xFFFF, 0xFFFF, 0x6D6D, 0x34C7, 0x4D89, 0x4DCA, 0x4DEA,
    0x4E0A, 0x4DEA, 0x4DEA, 0x4DCA, 0x4DAA, 0x4569, 0x4529, 0x3CE9, 0x3467, 0x2426, 0x3447, 0x44AA, 0x44AA, 0x3C89, 0x2C27, 0x2426,
    0x2C67, 0x3CC9, 0x3D09, 0x3D49, 0x3D8A, 0x45AA, 0x45AA, 0x45AA, 0x3DAA, 0x3D8A, 0x3D6A, 0x3D4A, 0x3D2A, 0x352A, 0x3D4A, 0x3D6A,
    0x3D6A, 0x3D6A, 0x3D6A, 0x356A, 0x354A, 0x356A, 0x356A, 0x356A, 0x358A, 0x358B, 0x358B, 0x358B, 0x358B, 0x358B, 0x358B, 0x358B,
    0x356B, 0x356B, 0x356B, 0x356B, 0x2D6B, 0x2D6B, 0x2D6B, 0x2D6B, 0x2D6B, 0x2D6B, 0x2D6B, 0x2D4B, 0x2D4B, 0x2D4B, 0x2D4B, 0x2D4B,
    0x2D4B, 0x254B, 0x254B, 0x254B, 0x254B, 0x254B, 0x252B, 0x252B, 0x252B, 0x252B, 0x252B, 0x252B, 0x252B, 0x252B, 0x1D2B, 0x1D2B,
    0x1D2B, 0x1D0B, 0x1D0B, 0x1D0B, 0x1D0B, 0x1D0B, 0x1D0B, 0x1D0B, 0x86CA, 0x86CA, 0x86CA, 0x86CA, 0x86CA, 0x7ECA, 0x7ECA, 0x7ECA,
    0x7ECA, 0x7ECA, 0x7ECA, 0x7ECA, 0x7ECA, 0x7EAA, 0x7EAA, 0x7EAA, 0x7EAA, 0x76AA, 0x76AA, 0x76AA, 0x6E49, 0x6DE9, 0x5526, 0xCF18,
    0xFFFF, 0xFFFF, 0xFFFF, 0xFFFF, 0xFFFF, 0xFFFF, 0xFFFF, 0x862E, 0x5DE8, 0x6E49, 0x6649, 0x6609, 0x4D47, 0x7DCE, 0xFFFF, 0xFFFF,
    0xFFFF, 0x9E52, 0x4D26, 0x5DC9, 0x5E08, 0x5E28, 0x6649, 0x664A, 0x6649, 0x6609, 0x5588, 0x6DAC, 0xF7DE, 0xFFFF, 0xFFFF, 0xFFFF,
    0xF7DE, 0xE79C, 0xD73A, 0xBEB7, 0xBEB7, 0xFFFF, 0xFFFF, 0xFFFF, 0xE79C, 0x4D69, 0x55A9, 0x560A, 0x560A, 0x562A, 0x560A, 0x55EA,
    0x4D89, 0x4D29, 0x3486, 0xA674, 0xFFFF, 0xF7BE, 0xCF19, 0x44E9, 0x4528, 0x4D89, 0x4DCA, 0x4DEA, 0x4E0A, 0x4DEA, 0x4DEA, 0x4DEA,
    0x4DCA, 0x4DAA, 0x4569, 0x4529, 0x3D09, 0x3CC9, 0x34A8, 0x3487, 0x2C67, 0x3487, 0x34A8, 0x3CC9, 0x3CE9, 0x3D29, 0x3D4A, 0x458A,
    0x45AA, 0x45AA, 0x45CA, 0x45AA, 0x3DAA, 0x3DAA, 0x3D8A, 0x3D8A, 0x3D6A, 0x3D6A, 0x3D6A, 0x3D8A, 0x3D8A, 0x3D8A, 0x3D8A, 0x3D8A,
    0x358A, 0x358A, 0x358A, 0x358B, 0x358B, 0x358B, 0x358B, 0x358B, 0x358B, 0x358B, 0x356B, 0x356B, 0x356B, 0x356B, 0x356B, 0x2D6B,
    0x2D6B, 0x2D6B, 0x2D6B, 0x2D6B, 0x2D6B, 0x2D6B, 0x2D4B, 0x2D4B, 0x2D4B, 0x2D4B, 0x2D4B, 0x2D4B, 0x254B, 0x254B, 0x254B, 0x254B,
    0x254B, 0x252B, 0x252B, 0x252B, 0x252B, 0x252B, 0x252B, 0x252B, 0x252B, 0x1D2B, 0x1D2B, 0x1D2B, 0x1D2B, 0x1D0B, 0x1D0B, 0x1D0B,
    0x1D0B, 0x1D0B, 0x1D0B, 0x1D0B, 0x86CA, 0x86CA, 0x86CA, 0x86CA, 0x7ECA, 0x7ECA, 0x7ECA, 0x7ECA, 0x7ECA, 0x7ECA, 0x7ECA, 0x7ECA,
    0x7EAA, 0x7EAA, 0x7EAA, 0x76AA, 0x76AA, 0x76AA, 0x76A9, 0x76A9, 0x6E69, 0x6DE9, 0x5526, 0xBED5, 0xFFFF, 0xFFFF, 0xFFFF, 0xAE74,
    0x85CF, 0x7DCD, 0x75CB, 0x65C9, 0x6609, 0x6E49, 0x6649, 0x6609, 0x5567, 0x6D8B, 0xFFFF, 0xFFFF, 0xFFFF, 0xAE94, 0x44E6, 0x65AA,
    0x6E0B, 0x866E, 0x6E2B, 0x5E29, 0x6629, 0x5E09, 0x4D67, 0x9631, 0xFFFF, 0xFFFF, 0xFFFF, 0x9E33, 0x4CA9, 0x4CA8, 0x3C67, 0x3446,
    0x2C05, 0xCEF9, 0xFFFF, 0xFFFF, 0xFFFF, 0xA6B4, 0x4568, 0x55EA, 0x560A, 0x562A, 0x560A, 0x55EA, 0x4DC9, 0x4D69, 0x4508, 0x44C9,
    0x5D2C, 0x4CEA, 0x3CA8, 0x4508, 0x4569, 0x4DAA, 0x4DEA, 0x4DEA, 0x4DEA, 0x4DEA, 0x4DEA, 0x4DEA, 0x4DEA, 0x4DCA, 0x45AA, 0x4589,
    0x4569, 0x4529, 0x3D29, 0x3D09, 0x3D09, 0x3D09, 0x3D09, 0x3D29, 0x3D49, 0x3D6A, 0x458A, 0x45AA, 0x45AA, 0x45AA, 0x45CA, 0x3DAA,
    0x3DAA, 0x3DAA, 0x3DAA, 0x3DAA, 0x3D8A, 0x3D8A, 0x3D8A, 0x3D8A, 0x3D8A, 0x3D8B, 0x3D8B, 0x3D8B, 0x3D8B, 0x358B, 0x358B, 0x358B,
    0x358B, 0x358B, 0x358B, 0x358B, 0x358B, 0x356B, 0x356B, 0x356B, 0x356B, 0x356B, 0x2D6B, 0x2D6B, 0x2D6B, 0x2D6B, 0x2D6B, 0x2D6B,
    0x2D6B, 0x2D4B, 0x2D4B, 0x2D4B, 0x2D4B, 0x2D4B, 0x2D4B, 0x254B, 0x254B, 0x254B, 0x254B, 0x254B, 0x252B, 0x252B, 0x252B, 0x252B,
    0x252B, 0x252B, 0x252B, 0x252B, 0x1D2B, 0x1D2B, 0x1D2B, 0x1D2B, 0x1D0B, 0x1D0B, 0x1D0B, 0x1D0B, 0x1D0B, 0x1D0B, 0x1D0B, 0x1D0B,
    0x86CA, 0x86CA, 0x7ECA, 0x7ECA, 0x7ECA, 0x7ECA, 0x7ECA, 0x7ECA, 0x7ECA, 0x7ECA, 0x7EAA, 0x7EAA, 0x7EAA, 0x7EAA, 0x76AA, 0x76AA,
    0x76AA, 0x76A9, 0x76A9, 0x76A9, 0x6E69, 0x6E09, 0x4D46, 0xAE93, 0xFFFF, 0xFFFF, 0xFFFF, 0x650B, 0x3464, 0x4CE6, 0x5547, 0x5DC8,
    0x6609, 0x6E49, 0x6649, 0x6609, 0x5588, 0x5D49, 0xEFBD, 0xFFFF, 0xFFFF, 0xEFBD, 0xD739, 0xE79C, 0xF7DE, 0xFFFF, 0x8E6F, 0x55E8,
    0x6609, 0x5DE9, 0x4D47, 0xB6D6, 0xFFFF, 0xFFFF, 0xFFFF, 0x652C, 0x2C45, 0x44A7, 0x44C7, 0x44C8, 0x3466, 0x6D4D, 0xDF5B, 0xC6F8,
    0xB6B6, 0x9652, 0x4D89, 0x55EA, 0x560A, 0x560A, 0x560A, 0x560A, 0x55EA, 0x4DA9, 0x4D69, 0x4508, 0x3CC7, 0x3CC8, 0x4508, 0x4549,
    0x4D89, 0x4DCA, 0x4DEA, 0x4DEA, 0x4DEA, 0x4DEA, 0x4DEA, 0x4DEA, 0x4DEA, 0x4DEA, 0x4DCA, 0x45AA, 0x45AA, 0x458A, 0x4569, 0x456A,
    0x4569, 0x456A, 0x456A, 0x458A, 0x458A, 0x45AA, 0x45AA, 0x45AA, 0x45CA, 0x45AA, 0x3DAA, 0x3DAA, 0x3DAA, 0x3DAA, 0x3DAA, 0x3DAA,
    0x3DAA, 0x3DAA, 0x3DAA, 0x3DAA, 0x3DAB, 0x3D8B, 0x3D8B, 0x3D8B, 0x358B, 0x358B, 0x358B, 0x358B, 0x358B, 0x358B, 0x358B, 0x358B,
    0x356B, 0x356B, 0x356B, 0x356B, 0x356B, 0x2D6B, 0x2D6B, 0x2D6B, 0x2D6B, 0x2D6B, 0x2D6B, 0x2D6B, 0x2D4B, 0x2D4B, 0x2D4B, 0x2D4B,
    0x2D4B, 0x2D4B, 0x254B, 0x254B, 0x254B, 0x254B, 0x254B, 0x252B, 0x252B, 0x252B, 0x252B, 0x252B, 0x252B, 0x252B, 0x252B, 0x1D2B,
    0x1D2B, 0x1D2B, 0x1D0B, 0x1D0B, 0x1D0B, 0x1D0B, 0x1D0B, 0x1D0B, 0x1D0B, 0x1D0B, 0x1D0B, 0x1D0B, 0x86CA, 0x7ECA, 0x7ECA, 0x7ECA,
    0x7ECA, 0x7ECA, 0x7ECA, 0x7ECA, 0x7ECA, 0x7ECA, 0x7EAA, 0x7EAA, 0x7EAA, 0x7EAA, 0x76AA, 0x76AA, 0x76AA, 0x76A9, 0x76A9, 0x76A9,
    0x6E69, 0x6E09, 0x5546, 0x8E10, 0xFFFF, 0xFFFF, 0xFFFF, 0x8DCF, 0x44C6, 0x5D68, 0x65A8, 0x6609, 0x6649, 0x6E49, 0x6649, 0x6609,
    0x5DA8, 0x5528, 0xDF7B, 0xFFFF, 0xFFFF, 0xFFFF, 0xFFFF, 0xFFFF, 0xFFFF, 0xFFFF, 0x9EB2, 0x4DA7, 0x5E09, 0x5DC9, 0x5589, 0xE79C,
    0xF7DE, 0xEF9C, 0xC6F8, 0x4CE9, 0x44E7, 0x4D28, 0x4D28, 0x4D28, 0x4D08, 0x44C7, 0x44C8, 0x3CA7, 0x3CC7, 0x4527, 0x55A9, 0x55EA,
    0x560A, 0x560A, 0x560A, 0x560A, 0x55EA, 0x55CA, 0x4DA9, 0x4D89, 0x4D69, 0x4D49, 0x4D69, 0x4D89, 0x4DCA, 0x4DEA, 0x4DEA, 0x4DEA,
    0x4DEA, 0x4DEA, 0x4DEA, 0x4DEA, 0x4DEA, 0x4DEA, 0x4DCA, 0x45CA, 0x45CA, 0x45CA, 0x45AA, 0x45AA, 0x45AA, 0x45AA, 0x45AA, 0x45AA,
    0x45AA, 0x45AA, 0x45AA, 0x45CA, 0x45CA, 0x3DAA, 0x3DAA, 0x3DAA, 0x3DAA, 0x3DAA, 0x3DAA, 0x3DAA, 0x3DAA, 0x3DAA, 0x3DAA, 0x3DAB,
    0x3D8B, 0x3D8B, 0x3D8B, 0x358B, 0x358B, 0x358B, 0x358B, 0x358B, 0x358B, 0x358B, 0x358B, 0x356B, 0x356B, 0x356B, 0x356B, 0x356B,
    0x2D6B, 0x2D6B, 0x2D6B, 0x2D6B, 0x2D6B, 0x2D6B, 0x2D6B, 0x2D4B, 0x2D4B, 0x2D4B, 0x2D4B, 0x2D4B, 0x2D4B, 0x254B, 0x254B, 0x254B,
    0x254B, 0x254B, 0x252B, 0x252B, 0x252B, 0x252B, 0x252B, 0x252B, 0x252B, 0x252B, 0x1D2B, 0x1D2B, 0x1D2B, 0x1D2B, 0x1D0B, 0x1D0B,
    0x1D0B, 0x1D0B, 0x1D0B, 0x1D0B, 0x1D0B, 0x1D0B, 0x1D0B, 0x1D0B, 0x7ECA, 0x7ECA, 0x7ECA, 0x7ECA, 0x7ECA, 0x7ECA, 0x7ECA, 0x7ECA,
    0x7ECA, 0x7EAA, 0x7EAA, 0x7EAA, 0x76AA, 0x76AA, 0x76AA, 0x76A9, 0x76A9, 0x76A9, 0x76A9, 0x76A9, 0x6E69, 0x6E29, 0x5567, 0x7DCD,
    0xFFFF, 0xFFFF, 0xFFFF, 0x9E52, 0x4D06, 0x5DA9, 0x65E9, 0x6629, 0x6E49, 0x6E69, 0x6E69, 0x6629, 0x5DC9, 0x4D27, 0xCF39, 0xFFFF,
    0xFFFF, 0xFFFF, 0xFFFF, 0xFFFF, 0xF7DE, 0xEFBD, 0x9E92, 0x4D87, 0x5DE9, 0x55C9, 0x5DA9, 0x75CD, 0x654B, 0x5509, 0x44C7, 0x4D08,
    0x4D48, 0x5589, 0x55A9, 0x5589, 0x4D69, 0x4D49, 0x4D28, 0x4D28, 0x4D49, 0x4D89, 0x55C9, 0x55EA, 0x560A, 0x560A, 0x560A, 0x560A,
    0x560A, 0x55EA, 0x4DEA, 0x4DCA, 0x4DA9, 0x4DAA, 0x4DAA, 0x4DCA, 0x4DEA, 0x4DEA, 0x4DEA, 0x4DEA, 0x4DEA, 0x4DEA, 0x4DEA, 0x4DEA,
    0x4DEA, 0x4DEA, 0x4DEA, 0x45EA, 0x45CA, 0x45CA, 0x45CA, 0x45CA, 0x45CA, 0x45CA, 0x45CA, 0x45CA, 0x45CA, 0x45CA, 0x45CA, 0x45AA,
    0x3DAA, 0x3DAA, 0x3DAA, 0x3DAA, 0x3DAA, 0x3DAA, 0x3DAA, 0x3DAA, 0x3DAA, 0x3DAA, 0x3DAB, 0x3D8B, 0x3D8B, 0x358B, 0x358B, 0x358B,
    0x358B, 0x358B, 0x358B, 0x358B, 0x358B, 0x358B, 0x356B, 0x356B, 0x356B, 0x356B, 0x356B, 0x2D6B, 0x2D6B, 0x2D6B, 0x2D6B, 0x2D6B,
    0x2D6B, 0x2D6B, 0x2D4B, 0x2D4B, 0x2D4B, 0x2D4B, 0x2D4B, 0x2D4B, 0x254B, 0x254B, 0x254B, 0x254B, 0x254B, 0x252B, 0x252B, 0x252B,
    0x252B, 0x252B, 0x252B, 0x252B, 0x252B, 0x1D2B, 0x1D2B, 0x1D2B, 0x1D0B, 0x1D0B, 0x1D0B, 0x1D0B, 0x1D0B, 0x1D0B, 0x1D0B, 0x1D0B,
    0x1D0B, 0x1D0B, 0x150B, 0x150B, 0x7ECA, 0x7ECA, 0x7ECA, 0x7ECA, 0x7ECA, 0x7ECA, 0x7ECA, 0x7ECA, 0x7EAA, 0x7EAA, 0x7EAA, 0x7EAA,
    0x76AA, 0x76AA, 0x76AA, 0x76A9, 0x76A9, 0x76A9, 0x76A9, 0x76A9, 0x6E69, 0x6E29, 0x5D87, 0x6D8B, 0xF7DE, 0xFFFF, 0xFFFF, 0xB6B4,
    0x4D26, 0x65E9, 0x6629, 0x6E49, 0x6E69, 0x6E6A, 0x6669, 0x6629, 0x65E9, 0x4D47, 0xA673, 0xC6F8, 0xAE74, 0x9612, 0x85AF, 0x6D6C,
    0x5D4A, 0x5529, 0x5568, 0x55C9, 0x5DE9, 0x5DE9, 0x55A9, 0x4D47, 0x4507, 0x4D08, 0x4D48, 0x5569, 0x55A9, 0x55E9, 0x55E9, 0x55E9,
    0x55C9, 0x55A9, 0x4D89, 0x4D89, 0x4DA9, 0x55A9, 0x55E9, 0x560A, 0x560A, 0x560A, 0x560A, 0x560A, 0x560A, 0x560A, 0x55EA, 0x4DEA,
    0x4DEA, 0x4DEA, 0x4DEA, 0x4DEA, 0x4DEA, 0x4DEA, 0x4DEA, 0x4DEA, 0x4DEA, 0x4DEA, 0x4DEA, 0x4DEA, 0x4DEA, 0x4DEA, 0x45EA, 0x45EA,
    0x45CA, 0x45CA, 0x45CA, 0x45CA, 0x45CA, 0x45CA, 0x45CA, 0x45CA, 0x45CA, 0x45CA, 0x45AA, 0x3DAA, 0x3DAA, 0x3DAA, 0x3DAA, 0x3DAA,
    0x3DAA, 0x3DAA, 0x3DAA, 0x3DAA, 0x3DAA, 0x3DAB, 0x3D8B, 0x3D8B, 0x358B, 0x358B, 0x358B, 0x358B, 0x358B, 0x358B, 0x358B, 0x358B,
    0x358B, 0x356B, 0x356B, 0x356B, 0x356B, 0x356B, 0x2D6B, 0x2D6B, 0x2D6B, 0x2D6B, 0x2D6B, 0x2D6B, 0x2D6B, 0x2D4B, 0x2D4B, 0x2D4B,
    0x2D4B, 0x2D4B, 0x2D4B, 0x254B, 0x254B, 0x254B, 0x254B, 0x254B, 0x252B, 0x252B, 0x252B, 0x252B, 0x252B, 0x252B, 0x252B, 0x252B,
    0x1D2B, 0x1D2B, 0x1D2B, 0x1D2B, 0x1D0B, 0x1D0B, 0x1D0B, 0x1D0B, 0x1D0B, 0x1D0B, 0x1D0B, 0x1D0B, 0x1D0B, 0x150B, 0x150B, 0x14EB,
    0x7ECA, 0x7ECA, 0x7ECA, 0x7ECA, 0x7ECA, 0x7ECA, 0x7ECA, 0x7EAA, 0x7EAA, 0x7EAA, 0x76AA, 0x76AA, 0x76AA, 0x76A9, 0x76A9, 0x76A9,
    0x76A9, 0x76A9, 0x76A9, 0x76A9, 0x6E89, 0x6E29, 0x5DA8, 0x6569, 0xF7DE, 0xFFFF, 0xFFFF, 0xCF38, 0x5567, 0x6609, 0x6649, 0x6E69,
    0x6E6A, 0x6E6A, 0x6669, 0x6649, 0x65E9, 0x5DA8, 0x4D48, 0x44C6, 0x3C86, 0x3C85, 0x3C86, 0x44C6, 0x44E7, 0x4D48, 0x5588, 0x5DC9,
    0x5DE9, 0x5E09, 0x5DE9, 0x55C9, 0x55A9, 0x5589, 0x55A9, 0x55C9, 0x55E9, 0x5E0A, 0x5E0A, 0x5E0A, 0x560A, 0x55EA, 0x55E9, 0x55C9,
    0x55E9, 0x55EA, 0x560A, 0x560A, 0x560A, 0x560A, 0x560A, 0x560A, 0x560A, 0x560A, 0x560A, 0x4DEA, 0x4DEA, 0x4DEA, 0x4DEA, 0x4DEA,
    0x4DEA, 0x4DEA, 0x4DEA, 0x4DEA, 0x4DEA, 0x4DEA, 0x4DEA, 0x4DEA, 0x4DEA, 0x45EA, 0x45CA, 0x45CA, 0x45CA, 0x45CA, 0x45CA, 0x45CA,
    0x45CA, 0x45CA, 0x45CA, 0x45CA, 0x45CA, 0x45CA, 0x3DAA, 0x3DAA, 0x3DAA, 0x3DAA, 0x3DAA, 0x3DAA, 0x3DAA, 0x3DAA, 0x3DAA, 0x3DAA,
    0x3DAB, 0x3D8B, 0x3D8B, 0x358B, 0x358B, 0x358B, 0x358B, 0x358B, 0x358B, 0x358B, 0x358B, 0x358B, 0x356B, 0x356B, 0x356B, 0x356B,
    0x356B, 0x2D6B, 0x2D6B, 0x2D6B, 0x2D6B, 0x2D6B, 0x2D6B, 0x2D6B, 0x2D4B, 0x2D4B, 0x2D4B, 0x2D4B, 0x2D4B, 0x2D4B, 0x254B, 0x254B,
    0x254B, 0x254B, 0x254B, 0x252B, 0x252B, 0x252B, 0x252B, 0x252B, 0x252B, 0x252B, 0x252B, 0x1D2B, 0x1D2B, 0x1D2B, 0x1D2B, 0x1D0B,
    0x1D0B, 0x1D0B, 0x1D0B, 0x1D0B, 0x1D0B, 0x1D0B, 0x1D0B, 0x1D0B, 0x150B, 0x150B, 0x14EB, 0x14EB, 0x7ECA, 0x7ECA, 0x7ECA, 0x7ECA,
    0x7ECA, 0x7EAA, 0x7EAA, 0x7EAA, 0x76AA, 0x76AA, 0x76AA, 0x76AA, 0x76A9, 0x76A9, 0x76A9, 0x76A9, 0x76A9, 0x76A9, 0x76A9, 0x76A9,
    0x6E89, 0x6E49, 0x65E8, 0x5D68, 0xAE94, 0xAE94, 0x9631, 0x7DED, 0x5DA8, 0x6609, 0x6E49, 0x6E69, 0x6E6A, 0x6E6A, 0x6E6A, 0x6649,
    0x6629, 0x5DE9, 0x5D88, 0x5568, 0x5548, 0x5548, 0x5548, 0x5568, 0x5568, 0x55A9, 0x5DC9, 0x5E09, 0x5E2A, 0x5E0A, 0x5E09, 0x5DE9,
    0x55E9, 0x55E9, 0x5DE9, 0x5E0A, 0x5E2A, 0x5E2A, 0x5E2A, 0x5E2A, 0x562A, 0x560A, 0x560A, 0x560A, 0x560A, 0x560A, 0x560A, 0x560A,
    0x560A, 0x560A, 0x560A, 0x560A, 0x560A, 0x560A, 0x560A, 0x4E0A, 0x4E0A, 0x4DEA, 0x4DEA, 0x4DEA, 0x4DEA, 0x4DEA, 0x4DEA, 0x4DEA,
    0x4DEA, 0x4DEA, 0x4DEA, 0x4DEA, 0x45EA, 0x45CA, 0x45CA, 0x45CA, 0x45CA, 0x45CA, 0x45CA, 0x45CA, 0x45CA, 0x45CA, 0x45CA, 0x45CA,
    0x45AA, 0x3DAA, 0x3DAA, 0x3DAA, 0x3DAA, 0x3DAA, 0x3DAA, 0x3DAA, 0x3DAA, 0x3DAA, 0x3DAA, 0x3DAB, 0x3D8B, 0x3D8B, 0x358B, 0x358B,
    0x358B, 0x358B, 0x358B, 0x358B, 0x358B, 0x358B, 0x358B, 0x356B, 0x356B, 0x356B, 0x356B, 0x356B, 0x2D6B, 0x2D6B, 0x2D6B, 0x2D6B,
    0x2D6B, 0x2D6B, 0x2D4B, 0x2D4B, 0x2D4B, 0x2D4B, 0x2D4B, 0x2D4B, 0x2D4B, 0x254B, 0x254B, 0x254B, 0x254B, 0x254B, 0x252B, 0x252B,
    0x252B, 0x252B, 0x252B, 0x252B, 0x252B, 0x252B, 0x1D2B, 0x1D2B, 0x1D2B, 0x1D0B, 0x1D0B, 0x1D0B, 0x1D0B, 0x1D0B, 0x1D0B, 0x1D0B,
    0x1D0B, 0x1D0B, 0x1D0B, 0x150B, 0x150B, 0x14EB, 0x14EB, 0x14EB, 0x7ECA, 0x7ECA, 0x7ECA, 0x7ECA, 0x7ECA, 0x7EAA, 0x7EAA, 0x7EAA,
    0x76AA, 0x76AA, 0x76AA, 0x76A9, 0x76A9, 0x76A9, 0x76A9, 0x76A9, 0x76A9, 0x76A9, 0x76A9, 0x76A9, 0x6E89, 0x6E69, 0x6609, 0x5DA8,
    0x5547, 0x4D06, 0x4D06, 0x5567, 0x65C9, 0x6629, 0x6649, 0x6E69, 0x6E6A, 0x6E6A, 0x666A, 0x6649, 0x6649, 0x6609, 0x5DE9, 0x5DC9,
    0x5DA9, 0x5DA9, 0x55A9, 0x5DC9, 0x5DC9, 0x5DE9, 0x5E09, 0x5E29, 0x5E2A, 0x5E2A, 0x5E2A, 0x5E2A, 0x5E0A, 0x5E2A, 0x5E2A, 0x5E2A,
    0x5E2A, 0x5E2A, 0x5E2A, 0x5E2A, 0x562A, 0x562A, 0x560A, 0x560A, 0x562A, 0x560A, 0x560A, 0x560A, 0x560A, 0x560A, 0x560A, 0x560A,
    0x560A, 0x560A, 0x4E0A, 0x4E0A, 0x4E0A, 0x4DEA, 0x4DEA, 0x4DEA, 0x4DEA, 0x4DEA, 0x4DEA, 0x4DEA, 0x4DEA, 0x4DEA, 0x4DEA, 0x45EA,
    0x45CA, 0x45CA, 0x45CA, 0x45CA, 0x45CA, 0x45CA, 0x45CA, 0x45CA, 0x45CA, 0x45CA, 0x45CA, 0x45CA, 0x3DAA, 0x3DAA, 0x3DAA, 0x3DAA,
    0x3DAA, 0x3DAA, 0x3DAA, 0x3DAA, 0x3DAA, 0x3DAA, 0x3DAB, 0x3D8B, 0x3D8B, 0x358B, 0x358B, 0x358B, 0x358B, 0x358B, 0x358B, 0x358B,
    0x358B, 0x358B, 0x356B, 0x356B, 0x356B, 0x356B, 0x356B, 0x2D6B, 0x2D6B, 0x2D6B, 0x2D6B, 0x2D6B, 0x2D6B, 0x2D6B, 0x2D4B, 0x2D4B,
    0x2D4B, 0x2D4B, 0x2D4B, 0x2D4B, 0x254B, 0x254B, 0x254B, 0x254B, 0x254B, 0x252B, 0x252B, 0x252B, 0x252B, 0x252B, 0x252B, 0x252B,
    0x252B, 0x252B, 0x1D2B, 0x1D2B, 0x1D2B, 0x1D0B, 0x1D0B, 0x1D0B, 0x1D0B, 0x1D0B, 0x1D0B, 0x1D0B, 0x1D0B, 0x1D0B, 0x1D0B, 0x150B,
    0x14EB, 0x14EB, 0x14EB, 0x14EB, 0x7ECA, 0x7ECA, 0x7ECA, 0x7EAA, 0x7EAA, 0x7EAA, 0x7EAA, 0x76AA, 0x76AA, 0x76AA, 0x76A9, 0x76A9,
    0x76A9, 0x76A9, 0x76A9, 0x76A9, 0x76A9, 0x76A9, 0x7689, 0x7689, 0x6E89, 0x6E69, 0x6E29, 0x65E9, 0x65C9, 0x5DA9, 0x5DA9, 0x65E9,
    0x6609, 0x6649, 0x6669, 0x6E6A, 0x6E6A, 0x666A, 0x666A, 0x666A, 0x664A, 0x6649, 0x6629, 0x5E09, 0x5E09, 0x5E09, 0x5E09, 0x5E29,
    0x5E29, 0x5E2A, 0x5E2A, 0x5E2A, 0x5E4A, 0x5E4A, 0x5E2A, 0x5E2A, 0x5E2A, 0x5E2A, 0x5E2A, 0x5E2A, 0x5E2A, 0x5E2A, 0x5E2A, 0x562A,
    0x562A, 0x562A, 0x562A, 0x562A, 0x560A, 0x560A, 0x560A, 0x560A, 0x560A, 0x560A, 0x560A, 0x560A, 0x560A, 0x4E0A, 0x4E0A, 0x4DEA,
    0x4DEA, 0x4DEA, 0x4DEA, 0x4DEA, 0x4DEA, 0x4DEA, 0x4DEA, 0x4DEA, 0x4DEA, 0x4DEA, 0x45EA, 0x45CA, 0x45CA, 0x45CA, 0x45CA, 0x45CA,
    0x45CA, 0x45CA, 0x45CA, 0x45CA, 0x45CA, 0x45CA, 0x45AA, 0x3DAA, 0x3DAA, 0x3DAA, 0x3DAA, 0x3DAA, 0x3DAA, 0x3DAA, 0x3DAA, 0x3DAA,
    0x3DAA, 0x3DAB, 0x3D8B, 0x3D8B, 0x358B, 0x358B, 0x358B, 0x358B, 0x358B, 0x358B, 0x358B, 0x358B, 0x358B, 0x356B, 0x356B, 0x356B,
    0x356B, 0x2D6B, 0x2D6B, 0x2D6B, 0x2D6B, 0x2D6B, 0x2D6B, 0x2D6B, 0x2D4B, 0x2D4B, 0x2D4B, 0x2D4B, 0x2D4B, 0x2D4B, 0x2D4B, 0x254B,
    0x254B, 0x254B, 0x254B, 0x254B, 0x252B, 0x252B, 0x252B, 0x252B, 0x252B, 0x252B, 0x252B, 0x252B, 0x1D2B, 0x1D2B, 0x1D2B, 0x1D0B,
    0x1D0B, 0x1D0B, 0x1D0B, 0x1D0B, 0x1D0B, 0x1D0B, 0x1D0B, 0x1D0B, 0x1D0B, 0x150B, 0x150B, 0x14EB, 0x14EB, 0x14EB, 0x14EB, 0x14EB,
    0x7ECA, 0x7ECA, 0x7ECA, 0x7EAA, 0x7EAA, 0x76AA, 0x76AA, 0x76AA, 0x76AA, 0x76A9, 0x76A9, 0x76A9, 0x76A9, 0x76A9, 0x76A9, 0x76A9,
    0x76A9, 0x76A9, 0x7689, 0x6E89, 0x6E89, 0x6E69, 0x6E69, 0x6629, 0x6609, 0x6609, 0x65E9, 0x6609, 0x6629, 0x6649, 0x6E69, 0x6E6A,
    0x666A, 0x666A, 0x666A, 0x666A, 0x666A, 0x664A, 0x664A, 0x664A, 0x664A, 0x664A, 0x664A, 0x664A, 0x5E4A, 0x5E4A, 0x5E4A, 0x5E4A,
    0x5E4A, 0x5E4A, 0x5E4A, 0x5E4A, 0x5E2A, 0x5E2A, 0x5E2A, 0x5E2A, 0x5E2A, 0x5E2A, 0x562A, 0x562A, 0x562A, 0x562A, 0x562A, 0x560A,
    0x560A, 0x560A, 0x560A, 0x560A, 0x560A, 0x560A, 0x560A, 0x560A, 0x4E0A, 0x4E0A, 0x4E0A, 0x4DEA, 0x4DEA, 0x4DEA, 0x4DEA, 0x4DEA,
    0x4DEA, 0x4DEA, 0x4DEA, 0x4DEA, 0x4DEA, 0x45EA, 0x45CA, 0x45CA, 0x45CA, 0x45CA, 0x45CA, 0x45CA, 0x45CA, 0x45CA, 0x45CA, 0x45CA,
    0x45CA, 0x45AA, 0x3DAA, 0x3DAA, 0x3DAA, 0x3DAA, 0x3DAA, 0x3DAA, 0x3DAA, 0x3DAA, 0x3DAA, 0x3DAA, 0x3DAB, 0x3D8B, 0x3D8B, 0x358B,
    0x358B, 0x358B, 0x358B, 0x358B, 0x358B, 0x358B, 0x358B, 0x358B, 0x356B, 0x356B, 0x356B, 0x356B, 0x2D6B, 0x2D6B, 0x2D6B, 0x2D6B,
    0x2D6B, 0x2D6B, 0x2D6B, 0x2D6B, 0x2D4B, 0x2D4B, 0x2D4B, 0x2D4B, 0x2D4B, 0x2D4B, 0x2D4B, 0x254B, 0x254B, 0x254B, 0x254B, 0x252B,
    0x252B, 0x252B, 0x252B, 0x252B, 0x252B, 0x252B, 0x252B, 0x252B, 0x1D2B, 0x1D2B, 0x1D0B, 0x1D0B, 0x1D0B, 0x1D0B, 0x1D0B, 0x1D0B,
    0x1D0B, 0x1D0B, 0x1D0B, 0x1D0B, 0x150B, 0x150B, 0x14EB, 0x14EB, 0x14EB, 0x14EB, 0x14EB, 0x14EB, 0x7ECA, 0x7ECA, 0x7EAA, 0x7EAA,
    0x7EAA, 0x76AA, 0x76AA, 0x76AA, 0x76A9, 0x76A9, 0x76A9, 0x76A9, 0x76A9, 0x76A9, 0x76A9, 0x76A9, 0x76A9, 0x7689, 0x6E89, 0x6E89,
    0x6E89, 0x6E89, 0x6E69, 0x6E69, 0x6E69, 0x6E49, 0x6E49, 0x6669, 0x6E69, 0x6669, 0x6E6A, 0x666A, 0x666A, 0x666A, 0x666A, 0x666A,
    0x666A, 0x666A, 0x666A, 0x664A, 0x664A, 0x664A, 0x664A, 0x664A, 0x5E4A, 0x5E4A, 0x5E4A, 0x5E4A, 0x5E4A, 0x5E4A, 0x5E4A, 0x5E2A,
    0x5E2A, 0x5E2A, 0x5E2A, 0x5E2A, 0x5E2A, 0x562A, 0x562A, 0x562A, 0x562A, 0x562A, 0x560A, 0x560A, 0x560A, 0x560A, 0x560A, 0x560A,
    0x560A, 0x560A, 0x4E0A, 0x4E0A, 0x4E0A, 0x4E0A, 0x4DEA, 0x4DEA, 0x4DEA, 0x4DEA, 0x4DEA, 0x4DEA, 0x4DEA, 0x4DEA, 0x4DEA, 0x4DEA,
    0x45EA, 0x45CA, 0x45CA, 0x45CA, 0x45CA, 0x45CA, 0x45CA, 0x45CA, 0x45CA, 0x45CA, 0x45CA, 0x45CA, 0x45CA, 0x3DAA, 0x3DAA, 0x3DAA,
    0x3DAA, 0x3DAA, 0x3DAA, 0x3DAA, 0x3DAA, 0x3DAA, 0x3DAA, 0x3DAB, 0x3D8B, 0x3D8B, 0x358B, 0x358B, 0x358B, 0x358B, 0x358B, 0x358B,
    0x358B, 0x358B, 0x358B, 0x356B, 0x356B, 0x356B, 0x356B, 0x2D6B, 0x2D6B, 0x2D6B, 0x2D6B, 0x2D6B, 0x2D6B, 0x2D6B, 0x2D4B, 0x2D4B,
    0x2D4B, 0x2D4B, 0x2D4B, 0x2D4B, 0x2D4B, 0x254B, 0x254B, 0x254B, 0x254B, 0x254B, 0x252B, 0x252B, 0x252B, 0x252B, 0x252B, 0x252B,
    0x252B, 0x252B, 0x1D2B, 0x1D2B, 0x1D2B, 0x1D0B, 0x1D0B, 0x1D0B, 0x1D0B, 0x1D0B, 0x1D0B, 0x1D0B, 0x1D0B, 0x1D0B, 0x1D0B, 0x150B,
    0x150B, 0x14EB, 0x14EB, 0x14EB, 0x14EB, 0x14EB, 0x14EB, 0x14EB, 0x7EAA, 0x7EAA, 0x7EAA, 0x76AA, 0x76AA, 0x76AA, 0x76AA, 0x76A9,
    0x76A9, 0x76A9, 0x76A9, 0x76A9, 0x76A9, 0x76A9, 0x76A9, 0x7689, 0x6E89, 0x6E89, 0x6E89, 0x6E89, 0x6E8A, 0x6E8A, 0x6E8A, 0x6E8A,
    0x6E8A, 0x6E8A, 0x6E8A, 0x6E8A, 0x6E6A, 0x6E6A, 0x666A, 0x666A, 0x666A, 0x666A, 0x666A, 0x666A, 0x666A, 0x666A, 0x664A, 0x664A,
    0x664A, 0x664A, 0x664A, 0x5E4A, 0x5E4A, 0x5E4A, 0x5E4A, 0x5E4A, 0x5E4A, 0x5E4A, 0x5E2A, 0x5E2A, 0x5E2A, 0x5E2A, 0x5E2A, 0x5E2A,
    0x562A, 0x562A, 0x562A, 0x562A, 0x562A, 0x560A, 0x560A, 0x560A, 0x560A, 0x560A, 0x560A, 0x560A, 0x560A, 0x4E0A, 0x4E0A, 0x4E0A,
    0x4DEA, 0x4DEA, 0x4DEA, 0x4DEA, 0x4DEA, 0x4DEA, 0x4DEA, 0x4DEA, 0x4DEA, 0x4DEA, 0x4DEA, 0x45EA, 0x45CA, 0x45CA, 0x45CA, 0x45CA,
    0x45CA, 0x45CA, 0x45CA, 0x45CA, 0x45CA, 0x45CA, 0x45CA, 0x45AA, 0x3DAA, 0x3DAA, 0x3DAA, 0x3DAA, 0x3DAA, 0x3DAA, 0x3DAA, 0x3DAA,
    0x3DAA, 0x3DAA, 0x3DAB, 0x3D8B, 0x3D8B, 0x358B, 0x358B, 0x358B, 0x358B, 0x358B, 0x358B, 0x358B, 0x358B, 0x358B, 0x356B, 0x356B,
    0x356B, 0x356B, 0x2D6B, 0x2D6B, 0x2D6B, 0x2D6B, 0x2D6B, 0x2D6B, 0x2D6B, 0x2D4B, 0x2D4B, 0x2D4B, 0x2D4B, 0x2D4B, 0x2D4B, 0x2D4B,
    0x254B, 0x254B, 0x254B, 0x254B, 0x252B, 0x252B, 0x252B, 0x252B, 0x252B, 0x252B, 0x252B, 0x252B, 0x252B, 0x1D2B, 0x1D2B, 0x1D2B,
    0x1D0B, 0x1D0B, 0x1D0B, 0x1D0B, 0x1D0B, 0x1D0B, 0x1D0B, 0x1D0B, 0x1D0B, 0x1D0B, 0x150B, 0x14EB, 0x14EB, 0x14EB, 0x14EB, 0x14EB,
    0x14EB, 0x14EB, 0x14EB, 0x14EB, 0x7EAA, 0x7EAA, 0x7EAA, 0x76AA, 0x76AA, 0x76AA, 0x76A9, 0x76A9, 0x76A9, 0x76A9, 0x76A9, 0x76A9,
    0x76A9, 0x76A9, 0x76A9, 0x6E89, 0x6E89, 0x6E89, 0x6E89, 0x6E89, 0x6E8A, 0x6E8A, 0x6E8A, 0x6E8A, 0x6E8A, 0x6E6A, 0x6E6A, 0x6E6A,
    0x6E6A, 0x666A, 0x666A, 0x666A, 0x666A, 0x666A, 0x666A, 0x666A, 0x666A, 0x664A, 0x664A, 0x664A, 0x664A, 0x664A, 0x5E4A, 0x5E4A,
    0x5E4A, 0x5E4A, 0x5E4A, 0x5E4A, 0x5E4A, 0x5E2A, 0x5E2A, 0x5E2A, 0x5E2A, 0x5E2A, 0x5E2A, 0x562A, 0x562A, 0x562A, 0x562A, 0x562A,
    0x560A, 0x560A, 0x560A, 0x560A, 0x560A, 0x560A, 0x560A, 0x560A, 0x4E0A, 0x4E0A, 0x4E0A, 0x4E0A, 0x4DEA, 0x4DEA, 0x4DEA, 0x4DEA,
    0x4DEA, 0x4DEA, 0x4DEA, 0x4DEA, 0x4DEA, 0x4DEA, 0x45EA, 0x45CA, 0x45CA, 0x45CA, 0x45CA, 0x45CA, 0x45CA, 0x45CA, 0x45CA, 0x45CA,
    0x45CA, 0x45CA, 0x45CA, 0x3DAA, 0x3DAA, 0x3DAA, 0x3DAA, 0x3DAA, 0x3DAA, 0x3DAA, 0x3DAA, 0x3DAA, 0x3DAA, 0x3DAB, 0x3D8B, 0x3D8B,
    0x358B, 0x358B, 0x358B, 0x358B, 0x358B, 0x358B, 0x358B, 0x358B, 0x358B, 0x356B, 0x356B, 0x356B, 0x356B, 0x356B, 0x2D6B, 0x2D6B,
    0x2D6B, 0x2D6B, 0x2D6B, 0x2D6B, 0x2D6B, 0x2D4B, 0x2D4B, 0x2D4B, 0x2D4B, 0x2D4B, 0x2D4B, 0x254B, 0x254B, 0x254B, 0x254B, 0x254B,
    0x252B, 0x252B, 0x252B, 0x252B, 0x252B, 0x252B, 0x252B, 0x252B, 0x252B, 0x1D2B, 0x1D2B, 0x1D2B, 0x1D0B, 0x1D0B, 0x1D0B, 0x1D0B,
    0x1D0B, 0x1D0B, 0x1D0B, 0x1D0B, 0x1D0B, 0x1D0B, 0x150B, 0x14EB, 0x14EB, 0x14EB, 0x14EB, 0x14EB, 0x14EB, 0x14EB, 0x14EB, 0x14EB,
    0x7EAA, 0x7EAA, 0x76AA, 0x76AA, 0x76AA, 0x76A9, 0x76A9, 0x76A9, 0x76A9, 0x76A9, 0x76A9, 0x76A9, 0x76A9, 0x7689, 0x6E89, 0x6E89,
    0x6E89, 0x6E89, 0x6E8A, 0x6E8A, 0x6E8A, 0x6E8A, 0x6E8A, 0x6E8A, 0x6E8A, 0x6E6A, 0x6E6A, 0x6E6A, 0x666A, 0x666A, 0x666A, 0x666A,
    0x666A, 0x666A, 0x666A, 0x666A, 0x664A, 0x664A, 0x664A, 0x664A, 0x664A, 0x5E4A, 0x5E4A, 0x5E4A, 0x5E4A, 0x5E4A, 0x5E4A, 0x5E4A,
    0x5E2A, 0x5E2A, 0x5E2A, 0x5E2A, 0x5E2A, 0x5E2A, 0x562A, 0x562A, 0x562A, 0x562A, 0x562A, 0x560A, 0x560A, 0x560A, 0x560A, 0x560A,
    0x560A, 0x560A, 0x560A, 0x4E0A, 0x4E0A, 0x4E0A, 0x4DEA, 0x4DEA, 0x4DEA, 0x4DEA, 0x4DEA, 0x4DEA, 0x4DEA, 0x4DEA, 0x4DEA, 0x4DEA,
    0x4DEA, 0x45EA, 0x45CA, 0x45CA, 0x45CA, 0x45CA, 0x45CA, 0x45CA, 0x45CA, 0x45CA, 0x45CA, 0x45CA, 0x45CA, 0x45AA, 0x3DAA, 0x3DAA,
    0x3DAA, 0x3DAA, 0x3DAA, 0x3DAA, 0x3DAA, 0x3DAA, 0x3DAA, 0x3DAA, 0x3DAB, 0x3D8B, 0x3D8B, 0x358B, 0x358B, 0x358B, 0x358B, 0x358B,
    0x358B, 0x358B, 0x358B, 0x358B, 0x356B, 0x356B, 0x356B, 0x356B, 0x2D6B, 0x2D6B, 0x2D6B, 0x2D6B, 0x2D6B, 0x2D6B, 0x2D6B, 0x2D4B,
    0x2D4B, 0x2D4B, 0x2D4B, 0x2D4B, 0x2D4B, 0x2D4B, 0x254B, 0x254B, 0x254B, 0x254B, 0x254B, 0x252B, 0x252B, 0x252B, 0x252B, 0x252B,
    0x252B, 0x252B, 0x252B, 0x1D2B, 0x1D2B, 0x1D2B, 0x1D0B, 0x1D0B, 0x1D0B, 0x1D0B, 0x1D0B, 0x1D0B, 0x1D0B, 0x1D0B, 0x1D0B, 0x1D0B,
    0x150B, 0x150B, 0x14EB, 0x14EB, 0x14EB, 0x14EB, 0x14EB, 0x14EB, 0x14EB, 0x14EB, 0x14EB, 0x14EB, 0x7EAA, 0x76AA, 0x76AA, 0x76AA,
    0x76A9, 0x76A9, 0x76A9, 0x76A9, 0x76A9, 0x76A9, 0x76A9, 0x76A9, 0x7689, 0x6E89, 0x6E89, 0x6E89, 0x6E89, 0x6E8A, 0x6E8A, 0x6E8A,
    0x6E8A, 0x6E8A, 0x6E8A, 0x6E8A, 0x6E6A, 0x6E6A, 0x6E6A, 0x666A, 0x666A, 0x666A, 0x666A, 0x666A, 0x666A, 0x666A, 0x666A, 0x664A,
    0x664A, 0x664A, 0x664A, 0x664A, 0x5E4A, 0x5E4A, 0x5E4A, 0x5E4A, 0x5E4A, 0x5E4A, 0x5E4A, 0x5E2A, 0x5E2A, 0x5E2A, 0x5E2A, 0x5E2A,
    0x5E2A, 0x562A, 0x562A, 0x562A, 0x562A, 0x562A, 0x560A, 0x560A, 0x560A, 0x560A, 0x560A, 0x560A, 0x560A, 0x560A, 0x4E0A, 0x4E0A,
    0x4E0A, 0x4E0A, 0x4DEA, 0x4DEA, 0x4DEA, 0x4DEA, 0x4DEA, 0x4DEA, 0x4DEA, 0x4DEA, 0x4DEA, 0x4DEA, 0x45EA, 0x45CA, 0x45CA, 0x45CA,
    0x45CA, 0x45CA, 0x45CA, 0x45CA, 0x45CA, 0x45CA, 0x45CA, 0x45CA, 0x45AA, 0x45AA, 0x3DAA, 0x3DAA, 0x3DAA, 0x3DAA, 0x3DAA, 0x3DAA,
    0x3DAA, 0x3DAA, 0x3DAA, 0x3DAB, 0x3D8B, 0x3D8B, 0x3D8B, 0x358B, 0x358B, 0x358B, 0x358B, 0x358B, 0x358B, 0x358B, 0x358B, 0x356B,
    0x356B, 0x356B, 0x356B, 0x2D6B, 0x2D6B, 0x2D6B, 0x2D6B, 0x2D6B, 0x2D6B, 0x2D6B, 0x2D6B, 0x2D4B, 0x2D4B, 0x2D4B, 0x2D4B, 0x2D4B,
    0x254B, 0x2D4B, 0x254B, 0x254B, 0x254B, 0x254B, 0x252B, 0x252B, 0x252B, 0x252B, 0x252B, 0x252B, 0x252B, 0x252B, 0x252B, 0x1D2B,
    0x1D2B, 0x1D0B, 0x1D0B, 0x1D0B, 0x1D0B, 0x1D0B, 0x1D0B, 0x1D0B, 0x1D0B, 0x1D0B, 0x1D0B, 0x1D0B, 0x14EB, 0x14EB, 0x14EB, 0x14EB,
    0x14EB, 0x14EB, 0x14EB, 0x14EB, 0x14EB, 0x14EB, 0x14EB, 0x14EB, 0x76AA, 0x76AA, 0x76AA, 0x76A9, 0x76A9, 0x76A9, 0x76A9, 0x76A9,
    0x76A9, 0x76A9, 0x76A9, 0x76A9, 0x6E89, 0x6E89, 0x6E89, 0x6E89, 0x6E89, 0x6E8A, 0x6E8A, 0x6E8A, 0x6E8A, 0x6E8A, 0x6E8A, 0x6E6A,
    0x6E6A, 0x6E6A, 0x666A, 0x666A, 0x666A, 0x666A, 0x666A, 0x666A, 0x666A, 0x666A, 0x664A, 0x664A, 0x664A, 0x664A, 0x664A, 0x5E4A,
    0x5E4A, 0x5E4A, 0x5E4A, 0x5E4A, 0x5E4A, 0x5E4A, 0x5E2A, 0x5E2A, 0x5E2A, 0x5E2A, 0x5E2A, 0x5E2A, 0x562A, 0x562A, 0x562A, 0x562A,
    0x562A, 0x560A, 0x560A, 0x560A, 0x560A, 0x560A, 0x560A, 0x560A, 0x560A, 0x4E0A, 0x4E0A, 0x4E0A, 0x4DEA, 0x4DEA, 0x4DEA, 0x4DEA,
    0x4DEA, 0x4DEA, 0x4DEA, 0x4DEA, 0x4DEA, 0x4DEA, 0x4DEA, 0x45EA, 0x45CA, 0x45CA, 0x45CA, 0x45CA, 0x45CA, 0x45CA, 0x45CA, 0x45CA,
    0x45AA, 0x45AA, 0x45AA, 0x45AB, 0x45AB, 0x45AA, 0x3DAA, 0x3DAA, 0x3DAA, 0x3DAA, 0x3DAA, 0x3DAA, 0x3DAA, 0x3DAA, 0x3DAB, 0x3D8B,
    0x3D8B, 0x358B, 0x358B, 0x358B, 0x358B, 0x358B, 0x358B, 0x358B, 0x358B, 0x358B, 0x356B, 0x356B, 0x356B, 0x356B, 0x2D6B, 0x2D6B,
    0x2D6B, 0x2D6B, 0x2D6B, 0x2D6B, 0x2D6B, 0x2D4B, 0x2D4B, 0x2D4B, 0x2D4B, 0x2D4B, 0x2D4B, 0x2D4B, 0x254B, 0x254B, 0x254B, 0x254B,
    0x254B, 0x252B, 0x252B, 0x252B, 0x252B, 0x252B, 0x252B, 0x252B, 0x252B, 0x1D2B, 0x1D2B, 0x1D2B, 0x1D0B, 0x1D0B, 0x1D0B, 0x1D0B,
    0x1D0B, 0x1D0B, 0x1D0B, 0x1D0B, 0x1D0B, 0x1D0B, 0x150B, 0x150B, 0x14EB, 0x14EB, 0x14EB, 0x14EB, 0x14EB, 0x14EB, 0x14EB, 0x14EB,
    0x14EB, 0x14EB, 0x14EB, 0x14CB, 0x76AA, 0x76AA, 0x76A9, 0x76A9, 0x76A9, 0x76A9, 0x76A9, 0x76A9, 0x76A9, 0x76A9, 0x7689, 0x6E89,
    0x6E89, 0x6E89, 0x6E89, 0x6E8A, 0x6E8A, 0x6E8A, 0x6E8A, 0x6E8A, 0x6E8A, 0x6E8A, 0x6E6A, 0x6E6A, 0x6E6A, 0x666A, 0x666A, 0x666A,
    0x666A, 0x666A, 0x666A, 0x666A, 0x666A, 0x664A, 0x664A, 0x664A, 0x664A, 0x664A, 0x5E4A, 0x5E4A, 0x5E4A, 0x5E4A, 0x5E4A, 0x5E4A,
    0x5E2A, 0x5E2A, 0x5E2A, 0x5E2A, 0x5E2A, 0x5E2A, 0x5E2A, 0x562A, 0x562A, 0x562A, 0x562A, 0x562A, 0x560A, 0x560A, 0x560A, 0x560A,
    0x560A, 0x560A, 0x560A, 0x560A, 0x4E0A, 0x4E0A, 0x4E0A, 0x4DEA, 0x4DEA, 0x4DEA, 0x4DEA, 0x4DEA, 0x4DEA, 0x4DEA, 0x4DEA, 0x4DEA,
    0x4DEA, 0x45CA, 0x45CA, 0x45CA, 0x45CA, 0x45CA, 0x45CB, 0x45CA, 0x45AA, 0x3D8A, 0x3D89, 0x3569, 0x3569, 0x3569, 0x3549, 0x3549,
    0x3569, 0x356A, 0x3D8A, 0x3D8A, 0x3D8B, 0x3DAB, 0x3D8A, 0x3D8A, 0x3DAA, 0x3D8B, 0x3D8B, 0x3D8B, 0x358B, 0x358B, 0x358B, 0x358B,
    0x358B, 0x358B, 0x358B, 0x358B, 0x358B, 0x356B, 0x356B, 0x356B, 0x356B, 0x2D6B, 0x2D6B, 0x2D6B, 0x2D6B, 0x2D6B, 0x2D6B, 0x2D6B,
    0x2D4B, 0x2D4B, 0x2D4B, 0x2D4B, 0x2D4B, 0x2D4B, 0x254B, 0x254B, 0x254B, 0x254B, 0x254B, 0x252B, 0x252B, 0x252B, 0x252B, 0x252B,
    0x252B, 0x252B, 0x252B, 0x252B, 0x252B, 0x252B, 0x1D2B, 0x1D0B, 0x1D0B, 0x1D0B, 0x1D0B, 0x1D0B, 0x1D0B, 0x1D0B, 0x1D0B, 0x1D0B,
    0x1D0B, 0x150B, 0x14EB, 0x14EB, 0x14EB, 0x14EB, 0x14EB, 0x14EB, 0x14EB, 0x14EB, 0x14EB, 0x14EB, 0x14EB, 0x14EB, 0x0CCB, 0x0CCB,
    0x76AA, 0x76A9, 0x76A9, 0x76A9, 0x76A9, 0x76A9, 0x76A9, 0x76A9, 0x76A9, 0x76A9, 0x6E89, 0x6E89, 0x6E89, 0x6E89, 0x6E89, 0x6E8A,
    0x6E8A, 0x6E8A, 0x6E8A, 0x6E8A, 0x6E8A, 0x6E6A, 0x6E6A, 0x666A, 0x666A, 0x666A, 0x666A, 0x666A, 0x666A, 0x666A, 0x666A, 0x666A,
    0x664A, 0x664A, 0x664A, 0x664A, 0x664A, 0x5E4A, 0x5E4A, 0x5E4A, 0x5E4A, 0x5E4A, 0x5E4A, 0x5E4A, 0x5E2A, 0x5E2A, 0x5E2A, 0x5E2A,
    0x5E2A, 0x5E2A, 0x562A, 0x562A, 0x562A, 0x562A, 0x562A, 0x560A, 0x560A, 0x560A, 0x560A, 0x560A, 0x560A, 0x560A, 0x560A, 0x4E0A,
    0x4E0A, 0x4E0A, 0x4E0A, 0x4DEA, 0x4DEA, 0x4DEA, 0x4DEA, 0x4DEA, 0x4DEA, 0x4DEA, 0x4DEA, 0x4DCA, 0x45CA, 0x45CA, 0x4DCA, 0x45AA,
    0x3D8A, 0x3569, 0x3548, 0x3548, 0x3D49, 0x456A, 0x558C, 0x5DAD, 0x65CE, 0x6DEF, 0x65CF, 0x65CE, 0x558D, 0x4D6B, 0x3D4A, 0x2D29,
    0x2D08, 0x2D29, 0x356A, 0x3D8A, 0x3D8B, 0x3D8A, 0x358A, 0x358B, 0x358B, 0x358B, 0x358B, 0x358B, 0x358B, 0x358B, 0x358B, 0x358B,
    0x356B, 0x356B, 0x356B, 0x356B, 0x356B, 0x2D6B, 0x2D6B, 0x2D6B, 0x2D6B, 0x2D6B, 0x2D6B, 0x2D6B, 0x2D4B, 0x2D4B, 0x2D4B, 0x2D4B,
    0x2D4B, 0x2D4B, 0x254B, 0x254B, 0x254B, 0x254B, 0x254B, 0x252B, 0x252B, 0x252B, 0x252B, 0x252B, 0x252B, 0x252B, 0x252B, 0x1D0B,
    0x150A, 0x150A, 0x1D0B, 0x252B, 0x1D0B, 0x1D0B, 0x1D0B, 0x1D0B, 0x1D0B, 0x1D0B, 0x1D0B, 0x1D0B, 0x1D0B, 0x150B, 0x14EB, 0x14EB,
    0x14EB, 0x14EB, 0x14EB, 0x14EB, 0x14EB, 0x14EB, 0x14EB, 0x14EB, 0x14EB, 0x14CB, 0x0CCB, 0x0CCB, 0x76A9, 0x76A9, 0x76A9, 0x76A9,
    0x76A9, 0x76A9, 0x76A9, 0x76A9, 0x7689, 0x6E89, 0x6E89, 0x6E89, 0x6E89, 0x6E8A, 0x6E8A, 0x6E8A, 0x6E8A, 0x6E8A, 0x6E8A, 0x6E8A,
    0x6E6A, 0x6E6A, 0x666A, 0x666A, 0x666A, 0x666A, 0x666A, 0x666A, 0x666A, 0x666A, 0x666A, 0x664A, 0x664A, 0x664A, 0x664A, 0x664A,
    0x5E4A, 0x5E4A, 0x5E4A, 0x5E4A, 0x5E4A, 0x5E4A, 0x5E2A, 0x5E2A, 0x5E2A, 0x5E2A, 0x5E2A, 0x5E2A, 0x5E2A, 0x562A, 0x562A, 0x562A,
    0x562A, 0x562A, 0x560A, 0x560A, 0x560A, 0x560A, 0x560A, 0x560A, 0x560A, 0x560A, 0x4E0A, 0x4E0A, 0x4E0A, 0x4DEA, 0x4DEA, 0x4DEA,
    0x4DEA, 0x4DEA, 0x4DEA, 0x4DEA, 0x4DEA, 0x4DEA, 0x4DCA, 0x4DCA, 0x4DCA, 0x4589, 0x3548, 0x3549, 0x4D8B, 0x6DEF, 0x8E73, 0xBEF7,
    0xD75A, 0xE79C, 0xEFBE, 0xF7DE, 0xFFFF, 0xFFFF, 0xFFFF, 0xFFFF, 0xF7DE, 0xEFBD, 0xDF7C, 0xC719, 0x9674, 0x65CF, 0x3D4B, 0x2D08,
    0x2D29, 0x356A, 0x3D8B, 0x358A, 0x358A, 0x358B, 0x358B, 0x358B, 0x358B, 0x358B, 0x358B, 0x356B, 0x356B, 0x356B, 0x356B, 0x2D6B,
    0x2D6B, 0x2D6B, 0x2D6B, 0x2D6B, 0x2D6B, 0x2D6B, 0x2D4B, 0x2D4B, 0x2D4B, 0x2D4B, 0x2D4B, 0x2D4B, 0x254B, 0x254B, 0x254B, 0x254B,
    0x254B, 0x254B, 0x252B, 0x252B, 0x252B, 0x252B, 0x252B, 0x252B, 0x252B, 0x1D2B, 0x14EA, 0x252B, 0x3D8E, 0x3D6D, 0x1D0B, 0x0CEA,
    0x1D0B, 0x1D0B, 0x1D0B, 0x1D0B, 0x1D0B, 0x1D0B, 0x1D0B, 0x150B, 0x150B, 0x14EB, 0x14EB, 0x14EB, 0x14EB, 0x14EB, 0x14EB, 0x14EB,
    0x14EB, 0x14EB, 0x14EB, 0x14EB, 0x0CCB, 0x0CCB, 0x0CCB, 0x0CCB, 0x76A9, 0x76A9, 0x76A9, 0x76A9, 0x76A9, 0x76A9, 0x76A9, 0x7689,
    0x6E89, 0x6E89, 0x6E89, 0x6E89, 0x6E8A, 0x6E8A, 0x6E8A, 0x6E8A, 0x6E8A, 0x6E8A, 0x6E8A, 0x6E6A, 0x6E6A, 0x666A, 0x666A, 0x666A,
    0x666A, 0x666A, 0x666A, 0x666A, 0x666A, 0x666A, 0x664A, 0x664A, 0x664A, 0x664A, 0x664A, 0x5E4A, 0x5E4A, 0x5E4A, 0x5E4A, 0x5E4A,
    0x5E4A, 0x5E4A, 0x5E2A, 0x5E2A, 0x5E2A, 0x5E2A, 0x5E2A, 0x5E2A, 0x5E2A, 0x562A, 0x562A, 0x562A, 0x562A, 0x560A, 0x560A, 0x560A,
    0x560A, 0x560A, 0x560A, 0x560A, 0x560A, 0x4E0A, 0x4E0A, 0x4E0A, 0x4DEA, 0x4DEA, 0x4DEA, 0x4DEA, 0x4DEA, 0x4DEA, 0x4DEA, 0x4DEA,
    0x4DCA, 0x4DCA, 0x45AA, 0x3D69, 0x3528, 0x558B, 0x8651, 0xBF18, 0xEFBD, 0xFFFF, 0xFFFF, 0xFFFF, 0xFFFF, 0xFFFF, 0xFFFF, 0xFFFF,
    0xFFFF, 0xFFFF, 0xFFFF, 0xFFFF, 0xFFFF, 0xFFFF, 0xFFFF, 0xFFFF, 0xFFFF, 0xFFFF, 0xE79C, 0xAED7, 0x65CF, 0x2D09, 0x2508, 0x356A,
    0x356B, 0x356A, 0x358A, 0x358B, 0x358B, 0x358B, 0x356B, 0x356B, 0x356B, 0x356B, 0x356B, 0x2D6B, 0x2D6B, 0x2D6B, 0x2D6B, 0x2D6B,
    0x2D6B, 0x2D6B, 0x2D4B, 0x2D4B, 0x2D4B, 0x2D4B, 0x2D4B, 0x254B, 0x254B, 0x254B, 0x254B, 0x254B, 0x254B, 0x252B, 0x252B, 0x252B,
    0x252B, 0x252B, 0x252B, 0x252B, 0x1D0B, 0x1D2B, 0x8E95, 0xE7BD, 0xFFFF, 0xFFFF, 0xD77C, 0x65F1, 0x0CEA, 0x1D0B, 0x1D0B, 0x1D0B,
    0x1D0B, 0x1D0B, 0x1D0B, 0x14EB, 0x14EB, 0x14EB, 0x14EB, 0x14EB, 0x14EB, 0x14EB, 0x14EB, 0x14EB, 0x14EB, 0x14EB, 0x14EB, 0x14CB,
    0x0CCB, 0x0CCB, 0x0CCB, 0x0CCB, 0x76A9, 0x76A9, 0x76A9, 0x76A9, 0x76A9, 0x76A9, 0x76A9, 0x6E89, 0x6E89, 0x6E89, 0x6E89, 0x6E89,
    0x6E8A, 0x6E8A, 0x6E8A, 0x6E8A, 0x6E8A, 0x6E8A, 0x6E6A, 0x6E6A, 0x666A, 0x666A, 0x666A, 0x666A, 0x666A, 0x666A, 0x666A, 0x666A,
    0x666A, 0x664A, 0x664A, 0x664A, 0x664A, 0x664A, 0x5E4A, 0x5E4A, 0x5E4A, 0x5E4A, 0x5E4A, 0x5E4A, 0x5E2A, 0x5E2A, 0x5E2A, 0x5E2A,
    0x5E2A, 0x5E2A, 0x5E2A, 0x562A, 0x562A, 0x562A, 0x562A, 0x562A, 0x560A, 0x560A, 0x560A, 0x560A, 0x560A, 0x560A, 0x560A, 0x560A,
    0x4E0A, 0x4E0A, 0x4E0A, 0x4DEA, 0x4DEA, 0x4DEA, 0x4DEA, 0x4DEA, 0x4DEA, 0x4DEA, 0x4DEA, 0x4DCA, 0x4DAA, 0x3D69, 0x3548, 0x65CE,
    0xB6D6, 0xEFBD, 0xFFFF, 0xFFFF, 0xFFFF, 0xFFFF, 0xFFFF, 0xFFFF, 0xFFFF, 0xFFFF, 0xFFFF, 0xFFFF, 0xFFFF, 0xFFFF, 0xFFFF, 0xFFFF,
    0xFFFF, 0xFFFF, 0xFFFF, 0xFFFF, 0xFFFF, 0xFFFF, 0xFFFF, 0xFFFF, 0xFFFF, 0xCF5A, 0x75F0, 0x2D09, 0x2D09, 0x356B, 0x356A, 0x356B,
    0x356B, 0x356B, 0x356B, 0x356B, 0x356B, 0x2D6B, 0x2D6B, 0x2D6B, 0x2D6B, 0x2D6B, 0x2D6B, 0x2D6B, 0x2D4B, 0x2D4B, 0x2D4B, 0x2D4B,
    0x2D4B, 0x2D4B, 0x2D4B, 0x254B, 0x254B, 0x254B, 0x254B, 0x254B, 0x252B, 0x252B, 0x252B, 0x252B, 0x252B, 0x252B, 0x252B, 0x1D2B,
    0x252B, 0xC73A, 0xFFFF, 0x9EB7, 0x65F1, 0x6E12, 0xBF19, 0xFFFF, 0x9695, 0x0CEA, 0x1D0B, 0x1D0B, 0x1D0B, 0x1D0B, 0x150B, 0x14EB,
    0x14EB, 0x14EB, 0x14EB, 0x14EB, 0x14EB, 0x14EB, 0x14EB, 0x14EB, 0x14EB, 0x14EB, 0x14CB, 0x0CCB, 0x0CCB, 0x0CCB, 0x0CCB, 0x0CCB,
    0x76A9, 0x76A9, 0x76A9, 0x76A9, 0x76A9, 0x7689, 0x6E89, 0x6E89, 0x6E89, 0x6E89, 0x6E8A, 0x6E8A, 0x6E8A, 0x6E8A, 0x6E8A, 0x6E8A,
    0x6E8A, 0x6E6A, 0x6E6A, 0x666A, 0x666A, 0x666A, 0x666A, 0x666A, 0x666A, 0x666A, 0x666A, 0x666A, 0x664A, 0x664A, 0x664A, 0x664A,
    0x664A, 0x5E4A, 0x5E4A, 0x5E4A, 0x5E4A, 0x5E4A, 0x5E4A, 0x5E2A, 0x5E2A, 0x5E2A, 0x5E2A, 0x5E2A, 0x5E2A, 0x5E2A, 0x562A, 0x562A,
    0x562A, 0x562A, 0x560A, 0x560A, 0x560A, 0x560A, 0x560A, 0x560A, 0x560A, 0x560A, 0x560A, 0x4E0A, 0x4E0A, 0x4E0A, 0x4DEA, 0x4DEA,
    0x4DEA, 0x4DEA, 0x4DEA, 0x4DEA, 0x4DCA, 0x4DCA, 0x4DCA, 0x4589, 0x3548, 0x65AD, 0xBF18, 0xFFFF, 0xFFFF, 0xFFFF, 0xFFFF, 0xFFFF,
    0xFFFF, 0xFFFF, 0xFFFF, 0xFFFF, 0xFFFF, 0xFFFF, 0xFFFF, 0xFFFF, 0xFFFF, 0xFFFF, 0xFFFF, 0xFFFF, 0xFFFF, 0xFFFF, 0xFFFF, 0xFFFF,
    0xFFFF, 0xFFFF, 0xFFFF, 0xFFFF, 0xFFFF, 0xFFFF, 0xFFFF, 0xCF3A, 0x5D8E, 0x24C8, 0x352A, 0x356B, 0x356B, 0x356B, 0x356B, 0x356B,
    0x2D6B, 0x2D6B, 0x2D6B, 0x2D6B, 0x2D6B, 0x2D6B, 0x2D6B, 0x2D4B, 0x2D4B, 0x2D4B, 0x2D4B, 0x2D4B, 0x2D4B, 0x254B, 0x254B, 0x254B,
    0x254B, 0x254B, 0x252B, 0x252B, 0x252B, 0x252B, 0x252B, 0x252B, 0x252B, 0x252B, 0x252B, 0x14EA, 0x9EB6, 0xFFFF, 0x55D0, 0x04C9,
    0x0CEA, 0x0CCA, 0x04C9, 0x8E95, 0xFFFF, 0x55D0, 0x0CCA, 0x1D0B, 0x150B, 0x150B, 0x14EB, 0x14EB, 0x14EB, 0x14EB, 0x14EB, 0x14EB,
    0x14EB, 0x14EB, 0x14EB, 0x14EB, 0x14EB, 0x0CCB, 0x0CCB, 0x0CCB, 0x0CCB, 0x0CCB, 0x0CCB, 0x0CCB, 0x76A9, 0x76A9, 0x76A9, 0x76A9,
    0x76A9, 0x6E89, 0x6E89, 0x6E89, 0x6E89, 0x6E89, 0x6E8A, 0x6E8A, 0x6E8A, 0x6E8A, 0x6E8A, 0x6E8A, 0x6E6A, 0x6E6A, 0x666A, 0x666A,
    0x666A, 0x666A, 0x666A, 0x666A, 0x666A, 0x666A, 0x666A, 0x664A, 0x664A, 0x664A, 0x664A, 0x664A, 0x5E4A, 0x5E4A, 0x5E4A, 0x5E4A,
    0x5E4A, 0x5E4A, 0x5E4A, 0x5E2A, 0x5E2A, 0x5E2A, 0x5E2A, 0x5E2A, 0x5E2A, 0x562A, 0x562A, 0x562A, 0x562A, 0x562A, 0x560A, 0x560A,
    0x560A, 0x560A, 0x560A, 0x560A, 0x560A, 0x560A, 0x4E0A, 0x4E0A, 0x4E0A, 0x4E0A, 0x4DEA, 0x4DEA, 0x4DEA, 0x4DEA, 0x4DEA, 0x4DEA,
    0x4DCA, 0x4DCA, 0x3D48, 0x4549, 0xA6B5, 0xFFFF, 0xFFFF, 0xFFFF, 0xFFFF, 0xFFFF, 0xFFFF, 0xFFFF, 0xFFFF, 0xFFFF, 0xFFFF, 0xFFFF,
    0xFFFF, 0xFFFF, 0xFFFF, 0xFFFF, 0xFFFF, 0xFFFF, 0xFFFF, 0xFFFF, 0xFFFF, 0xFFFF, 0xFFFF, 0xFFFF, 0xFFFF, 0xFFFF, 0xFFFF, 0xFFFF,
    0xFFFF, 0xFFFF, 0xFFFF, 0xFFFF, 0xFFFF, 0x9E95, 0x2CEA, 0x2509, 0x354B, 0x2D4A, 0x356B, 0x356B, 0x2D6B, 0x2D6B, 0x2D6B, 0x2D6B,
    0x2D6B, 0x2D6B, 0x2D4B, 0x2D4B, 0x2D4B, 0x2D4B, 0x2D4B, 0x2D4B, 0x2D4B, 0x254B, 0x254B, 0x254B, 0x254B, 0x254B, 0x252B, 0x252B,
    0x252B, 0x252B, 0x252B, 0x252B, 0x252B, 0x252B, 0x1D0B, 0x2D4C, 0xF7FF, 0x8E95, 0x04C9, 0x252C, 0x1D2B, 0x252B, 0x1D0B, 0x0CCA,
    0xCF5B, 0xC75B, 0x0CCA, 0x1D0B, 0x150B, 0x14EB, 0x14EB, 0x14EB, 0x14EB, 0x14EB, 0x14EB, 0x14EB, 0x14EB, 0x14EB, 0x14EB, 0x14EB,
    0x14CB, 0x0CCB, 0x0CCB, 0x0CCB, 0x0CCB, 0x0CCB, 0x0CCB, 0x0CCB, 0x76A9, 0x76A9, 0x76A9, 0x7689, 0x6E89, 0x6E89, 0x6E89, 0x6E89,
    0x6E8A, 0x6E8A, 0x6E8A, 0x6E8A, 0x6E8A, 0x6E8A, 0x6E8A, 0x6E6A, 0x6E6A, 0x666A, 0x666A, 0x666A, 0x666A, 0x666A, 0x666A, 0x666A,
    0x666A, 0x666A, 0x664A, 0x664A, 0x664A, 0x664A, 0x5E4A, 0x5E4A, 0x5E4A, 0x5E4A, 0x5E4A, 0x5E4A, 0x5E4A, 0x5E2A, 0x5E2A, 0x5E2A,
    0x5E2A, 0x5E2A, 0x5E2A, 0x5E2A, 0x562A, 0x562A, 0x562A, 0x562A, 0x562A, 0x560A, 0x560A, 0x560A, 0x560A, 0x560A, 0x560A, 0x560A,
    0x560A, 0x4E0A, 0x4E0A, 0x4E0A, 0x4DEA, 0x4DEA, 0x4DEA, 0x4DEA, 0x4DEA, 0x4DEA, 0x4DCA, 0x4DCA, 0x4DAA, 0x3528, 0x65CE, 0xDF7B,
    0xFFFF, 0xFFFF, 0xFFFF, 0xFFFF, 0xFFFF, 0xFFFF, 0xFFFF, 0xFFFF, 0xFFFF, 0xFFFF, 0xFFFF, 0xFFFF, 0xFFFF, 0xFFFF, 0xFFFF, 0xFFFF,
    0xFFFF, 0xFFFF, 0xFFFF, 0xFFFF, 0xFFFF, 0xFFFF, 0xFFFF, 0xFFFF, 0xFFFF, 0xFFFF, 0xFFFF, 0xFFFF, 0xFFFF, 0xFFFF, 0xFFFF, 0xFFFF,
    0xFFFF, 0xFFFF, 0xCF5A, 0x454C, 0x24C8, 0x354B, 0x2D4A, 0x2D6B, 0x2D6B, 0x2D6B, 0x2D6B, 0x2D6B, 0x2D6B, 0x2D4B, 0x2D4B, 0x2D4B,
    0x2D4B, 0x2D4B, 0x2D4B, 0x2D4B, 0x254B, 0x254B, 0x254B, 0x254B, 0x252B, 0x252B, 0x252B, 0x252B, 0x252B, 0x252B, 0x252B, 0x252B,
    0x1D2B, 0x252B, 0x14EA, 0x55D0, 0xFFFF, 0x4DAF, 0x14EA, 0x1D0B, 0x1D0B, 0x1D0B, 0x1D0B, 0x0CCA, 0x9696, 0xEFDE, 0x1D0C, 0x14EB,
    0x1D0B, 0x14EB, 0x14EB, 0x14EB, 0x14EB, 0x14EB, 0x14EB, 0x14EB, 0x14EB, 0x14EB, 0x14EB, 0x14CB, 0x0CCB, 0x0CCB, 0x0CCB, 0x0CCB,
    0x0CCB, 0x0CCB, 0x0CCB, 0x0CCB, 0x76A9, 0x76A9, 0x7689, 0x6E89, 0x6E89, 0x6E89, 0x6E89, 0x6E8A, 0x6E8A, 0x6E8A, 0x6E8A, 0x6E8A,
    0x6E8A, 0x6E8A, 0x6E6A, 0x6E6A, 0x666A, 0x666A, 0x666A, 0x666A, 0x666A, 0x666A, 0x666A, 0x666A, 0x666A, 0x664A, 0x664A, 0x664A,
    0x664A, 0x5E4A, 0x5E4A, 0x5E4A, 0x5E4A, 0x5E4A, 0x5E4A, 0x5E4A, 0x5E4A, 0x5E2A, 0x5E2A, 0x5E2A, 0x5E2A, 0x5E2A, 0x5E2A, 0x5E2A,
    0x562A, 0x562A, 0x562A, 0x562A, 0x560A, 0x560A, 0x560A, 0x560A, 0x560A, 0x560A, 0x560A, 0x560A, 0x560A, 0x4E0A, 0x4E0A, 0x4DEA,
    0x4DEA, 0x4DEA, 0x4DEA, 0x4DEA, 0x4DEA, 0x4DCA, 0x4DCA, 0x45AA, 0x3528, 0x8631, 0xFFFF, 0xFFFF, 0xFFFF, 0xFFFF, 0xFFFF, 0xFFFF,
    0xFFFF, 0xFFFF, 0xFFFF, 0xFFFF, 0xFFFF, 0xFFFF, 0xFFFF, 0xFFFF, 0xFFFF, 0xFFFF, 0xFFFF, 0xFFFF, 0xFFFF, 0xFFFF, 0xFFFF, 0xFFFF,
    0xFFFF, 0xFFFF, 0xFFFF, 0xFFFF, 0xFFFF, 0xFFFF, 0xFFFF, 0xFFFF, 0xFFFF, 0xFFFF, 0xFFFF, 0xFFFF, 0xFFFF, 0xFFFF, 0xFFFF, 0xEFBD,
    0x65AF, 0x1CC8, 0x354B, 0x2D4A, 0x2D6B, 0x2D4B, 0x2D6B, 0x2D6B, 0x2D4B, 0x2D4B, 0x2D4B, 0x2D4B, 0x2D4B, 0x2D4B, 0x254B, 0x254B,
    0x254B, 0x254B, 0x254B, 0x254B, 0x252B, 0x252B, 0x252B, 0x252B, 0x252B, 0x252B, 0x252B, 0x1D2B, 0x1D2B, 0x252B, 0x14EA, 0x55D0,
    0xFFFF, 0x4DAF, 0x14EA, 0x1D0B, 0x1D0B, 0x1D0B, 0x1D0C, 0x04CA, 0x9696, 0xEFDE, 0x1D0C, 0x14EB, 0x150B, 0x14EB, 0x14EB, 0x14EB,
    0x14EB, 0x14EB, 0x14EB, 0x14EB, 0x14EB, 0x14EB, 0x14CB, 0x0CCB, 0x0CCB, 0x0CCB, 0x0CCB, 0x0CCB, 0x0CCB, 0x0CCB, 0x0CCB, 0x0CCB,
    0x76A9, 0x7689, 0x6E89, 0x6E89, 0x6E89, 0x6E89, 0x6E8A, 0x6E8A, 0x6E8A, 0x6E8A, 0x6E8A, 0x6E8A, 0x6E8A, 0x6E6A, 0x6E6A, 0x666A,
    0x666A, 0x666A, 0x666A, 0x666A, 0x666A, 0x666A, 0x666A, 0x666A, 0x664A, 0x664A, 0x664A, 0x664A, 0x5E4A, 0x5E4A, 0x5E4A, 0x5E4A,
    0x5E4A, 0x5E4A, 0x5E4A, 0x5E2A, 0x5E2A, 0x5E2A, 0x5E2A, 0x5E2A, 0x5E2A, 0x5E2A, 0x562A, 0x562A, 0x562A, 0x562A, 0x562A, 0x560A,
    0x560A, 0x560A, 0x560A, 0x560A, 0x560A, 0x560A, 0x560A, 0x4E0A, 0x4E0A, 0x4E0A, 0x4DEA, 0x4DEA, 0x4DEA, 0x4DEA, 0x4DEA, 0x4DEA,
    0x4DEA, 0x4DCA, 0x458A, 0x3528, 0x9E94, 0xFFFF, 0xFFFF, 0xFFFF, 0xFFFF, 0xFFFF, 0xFFFF, 0xFFFF, 0xFFFF, 0xFFFF, 0xFFFF, 0xFFFF,
    0xFFFF, 0xFFFF, 0xFFFF, 0xFFFF, 0xFFFF, 0xFFFF, 0xFFFF, 0xFFFF, 0xFFFF, 0xFFFF, 0xFFFF, 0xFFFF, 0xFFFF, 0xFFFF, 0xFFFF, 0xFFFF,
    0xFFFF, 0xFFFF, 0xFFFF, 0xFFFF, 0xFFFF, 0xFFFF, 0xFFFF, 0xFFFF, 0xFFFF, 0xFFFF, 0xFFFF, 0xFFFF, 0xFFFF, 0x6DD1, 0x1CA8, 0x352B,
    0x2D4A, 0x2D4B, 0x2D4B, 0x2D4B, 0x2D4B, 0x2D4B, 0x2D4B, 0x2D4B, 0x2D4B, 0x2D4B, 0x254B, 0x254B, 0x254B, 0x254B, 0x254B, 0x252B,
    0x252B, 0x252B, 0x252B, 0x252B, 0x252B, 0x252B, 0x252B, 0x1D2B, 0x1D2B, 0x252B, 0x1D0B, 0x2D4C, 0xF7DF, 0x9696, 0x04A9, 0x252C,
    0x1D0B, 0x1D0C, 0x1D0B, 0x0CCA, 0xD77B, 0xC73A, 0x04CA, 0x1D0B, 0x14EB, 0x14EB, 0x14EB, 0x14EB, 0x14EB, 0x14EB, 0x14EB, 0x14EB,
    0x14EB, 0x14CB, 0x0CCB, 0x0CCB, 0x0CCB, 0x0CCB, 0x0CCB, 0x0CCB, 0x0CCB, 0x0CCB, 0x0CCB, 0x0CCB, 0x7689, 0x6E89, 0x6E89, 0x6E89,
    0x6E89, 0x6E8A, 0x6E8A, 0x6E8A, 0x6E8A, 0x6E8A, 0x6E8A, 0x6E8A, 0x6E6A, 0x6E6A, 0x666A, 0x666A, 0x666A, 0x666A, 0x666A, 0x666A,
    0x666A, 0x666A, 0x666A, 0x664A, 0x664A, 0x664A, 0x664A, 0x5E4A, 0x5E4A, 0x5E4A, 0x5E4A, 0x5E4A, 0x5E4A, 0x5E4A, 0x5E2A, 0x5E2A,
    0x5E2A, 0x5E2A, 0x5E2A, 0x5E2A, 0x5E2A, 0x562A, 0x562A, 0x562A, 0x562A, 0x560A, 0x560A, 0x560A, 0x560A, 0x560A, 0x560A, 0x560A,
    0x560A, 0x560A, 0x4E0A, 0x4E0A, 0x4E0A, 0x4DEA, 0x4DEA, 0x4DEA, 0x4DEA, 0x4DEA, 0x4DEA, 0x4DEA, 0x4DCA, 0x458A, 0x3508, 0xA6B5,
    0xFFFF, 0xFFFF, 0xFFFF, 0xFFFF, 0xFFFF, 0xFFFF, 0xFFFF, 0xFFFF, 0xFFFF, 0xFFFF, 0xFFFF, 0xFFFF, 0xFFFF, 0xFFFF, 0xFFFF, 0xFFFF,
    0xFFFF, 0xFFFF, 0xFFFF, 0xFFFF, 0xFFFF, 0xFFFF, 0xFFFF, 0xFFFF, 0xFFFF, 0xFFFF, 0xFFFF, 0xFFFF, 0xFFFF, 0xFFFF, 0xFFFF, 0xFFFF,
    0xFFFF, 0xFFFF, 0xFFFF, 0xFFFF, 0xFFFF, 0xFFFF, 0xFFFF, 0xFFFF, 0xFFFF, 0xFFFF, 0x75D1, 0x1CA8, 0x2D2B, 0x2D4A, 0x2D4B, 0x2D4B,
    0x2D4B, 0x2D4B, 0x2D4B, 0x2D4B, 0x254B, 0x254B, 0x254B, 0x254B, 0x254B, 0x252B, 0x252B, 0x252B, 0x252B, 0x252B, 0x252B, 0x252B,
    0x252B, 0x1D2B, 0x1D2B, 0x1D2B, 0x1D2B, 0x1D0B, 0x252B, 0x0CEA, 0x9696, 0xFFFF, 0x5DF1, 0x04A9, 0x0CCA, 0x04CA, 0x04CA, 0x9696,
    0xFFFF, 0x4DB0, 0x0CCA, 0x1CEB, 0x14EB, 0x14EB, 0x14EB, 0x14EB, 0x14EB, 0x14EB, 0x14EB, 0x14EB, 0x0CCB, 0x0CCB, 0x0CCB, 0x0CCB,
    0x0CCB, 0x0CCB, 0x0CCB, 0x0CCB, 0x0CCB, 0x0CCB, 0x0CCB, 0x0CCB, 0x6E89, 0x6E89, 0x6E89, 0x6E89, 0x6E8A, 0x6E8A, 0x6E8A, 0x6E8A,
    0x6E8A, 0x6E8A, 0x6E8A, 0x6E6A, 0x6E6A, 0x666A, 0x666A, 0x666A, 0x666A, 0x666A, 0x666A, 0x666A, 0x666A, 0x666A, 0x664A, 0x664A,
    0x664A, 0x664A, 0x664A, 0x5E4A, 0x5E4A, 0x5E4A, 0x5E4A, 0x5E4A, 0x5E4A, 0x5E2A, 0x5E2A, 0x5E2A, 0x5E2A, 0x5E2A, 0x5E2A, 0x5E2A,
    0x562A, 0x562A, 0x562A, 0x562A, 0x562A, 0x560A, 0x560A, 0x560A, 0x560A, 0x560A, 0x560A, 0x560A, 0x560A, 0x560A, 0x4E0A, 0x4E0A,
    0x4DEA, 0x4DEA, 0x4DEA, 0x4DEA, 0x4DEA, 0x4DEA, 0x4DEA, 0x45CA, 0x45AA, 0x3508, 0x9E74, 0xFFFF, 0xFFFF, 0xFFFF, 0xFFFF, 0xFFFF,
    0xFFFF, 0xFFFF, 0xFFFF, 0xFFFF, 0xFFFF, 0xFFFF, 0xFFFF, 0xFFFF, 0xFFFF, 0xFFFF, 0xFFFF, 0xFFFF, 0xFFFF, 0xFFFF, 0xFFFF, 0xFFFF,
    0xFFFF, 0xFFFF, 0xFFFF, 0xFFFF, 0xFFFF, 0xFFFF, 0xFFFF, 0xFFFF, 0xFFFF, 0xFFFF, 0xFFFF, 0xFFFF, 0xFFFF, 0xFFFF, 0xFFFF, 0xFFFF,
    0xFFFF, 0xFFFF, 0xFFFF, 0xFFFF, 0xFFFF, 0xFFFF, 0xFFFF, 0x5D6F, 0x1CA9, 0x2D2B, 0x2D2B, 0x2D4B, 0x2D4B, 0x2D4B, 0x2D4B, 0x2D4B,
    0x254B, 0x254B, 0x254B, 0x254B, 0x254B, 0x252B, 0x252B, 0x252B, 0x252B, 0x252B, 0x252B, 0x252B, 0x252B, 0x1D2B, 0x1D2B, 0x1D2B,
    0x1D0B, 0x1D0B, 0x1D0B, 0x1D0B, 0x1D0B, 0xBF3A, 0xFFFF, 0xA6D7, 0x6E33, 0x7634, 0xC73A, 0xFFFF, 0x8675, 0x0CCA, 0x1CEB, 0x14EB,
    0x14EB, 0x14EB, 0x14EB, 0x14EB, 0x14EB, 0x14EB, 0x14EB, 0x14CB, 0x0CCB, 0x0CCB, 0x0CCB, 0x0CCB, 0x0CCB, 0x0CCB, 0x0CCB, 0x0CCB,
    0x0CCB, 0x0CCB, 0x0CCB, 0x0CCB, 0x6E89, 0x6E89, 0x6E89, 0x6E8A, 0x6E8A, 0x6E8A, 0x6E8A, 0x6E8A, 0x6E8A, 0x6E8A, 0x6E6A, 0x6E6A,
    0x666A, 0x666A, 0x666A, 0x666A, 0x666A, 0x666A, 0x666A, 0x666A, 0x666A, 0x664A, 0x664A, 0x664A, 0x664A, 0x5E4A, 0x5E4A, 0x5E4A,
    0x5E4A, 0x5E4A, 0x5E4A, 0x5E4A, 0x5E2A, 0x5E2A, 0x5E2A, 0x5E2A, 0x5E2A, 0x5E2A, 0x5E2A, 0x562A, 0x562A, 0x562A, 0x562A, 0x562A,
    0x560A, 0x560A, 0x560A, 0x560A, 0x560A, 0x560A, 0x560A, 0x560A, 0x4E0A, 0x4E0A, 0x4E0A, 0x4DEA, 0x4DEA, 0x4DEA, 0x4DEA, 0x4DEA,
    0x4DEA, 0x4DEA, 0x45CA, 0x4DAA, 0x3528, 0x8611, 0xFFFF, 0xFFFF, 0xFFFF, 0xFFFF, 0xFFFF, 0xFFFF, 0xFFFF, 0xFFFF, 0xFFFF, 0xFFFF,
    0xFFFF, 0xFFFF, 0xFFFF, 0xFFFF, 0xFFFF, 0xFFFF, 0xFFFF, 0xFFFF, 0xFFFF, 0xFFFF, 0xFFFF, 0xFFFF, 0xFFFF, 0xFFFF, 0xFFFF, 0xFFFF,
    0xFFFF, 0xFFFF, 0xFFFF, 0xFFFF, 0xFFFF, 0xFFFF, 0xFFFF, 0xFFFF, 0xFFFF, 0xFFFF, 0xFFFF, 0xFFFF, 0xFFFF, 0xFFFF, 0xFFFF, 0xFFFF,
    0xFFFF, 0xFFFF, 0xFFFF, 0xEFBD, 0x3D0C, 0x24C9, 0x2D2B, 0x2D2B, 0x2D4B, 0x2D4B, 0x2D4B, 0x254B, 0x254B, 0x254B, 0x254B, 0x252B,
    0x252B, 0x252B, 0x252B, 0x252B, 0x252B, 0x252B, 0x252B, 0x252B, 0x1D2B, 0x1D2B, 0x1D2B, 0x1D0B, 0x1D0B, 0x1D0B, 0x1D0B, 0x1D0B,
    0x150B, 0x150B, 0x7E54, 0xEFBD, 0xFFFF, 0xFFFF, 0xD77B, 0x55D1, 0x0CCA, 0x14EB, 0x14EB, 0x14EB, 0x14EB, 0x14EB, 0x14EB, 0x14EB,
    0x14EB, 0x14CB, 0x14CB, 0x0CCB, 0x0CCB, 0x0CCB, 0x0CCB, 0x0CCB, 0x0CCB, 0x0CCB, 0x0CCB, 0x0CCB, 0x0CCB, 0x0CCB, 0x0CCB, 0x0CCB,
    0x6E89, 0x6E89, 0x6E8A, 0x6E8A, 0x6E8A, 0x6E8A, 0x6E8A, 0x6E8A, 0x6E8A, 0x6E6A, 0x6E6A, 0x6E6A, 0x666A, 0x666A, 0x666A, 0x666A,
    0x666A, 0x666A, 0x666A, 0x666A, 0x664A, 0x664A, 0x664A, 0x664A, 0x5E4A, 0x5E4A, 0x5E4A, 0x5E4A, 0x5E4A, 0x5E4A, 0x5E4A, 0x5E4A,
    0x5E2A, 0x5E2A, 0x5E2A, 0x5E2A, 0x5E2A, 0x562A, 0x562A, 0x562A, 0x562A, 0x562A, 0x562A, 0x560A, 0x560A, 0x560A, 0x560A, 0x560A,
    0x560A, 0x560A, 0x560A, 0x560A, 0x4E0A, 0x4E0A, 0x4DEA, 0x4DEA, 0x4DEA, 0x4DEA, 0x4DEA, 0x4DEA, 0x4DEA, 0x4DCA, 0x4DAA, 0x3D48,
    0x65AD, 0xF7DE, 0xFFFF, 0xFFFF, 0xFFFF, 0xFFFF, 0xFFFF, 0xFFFF, 0xFFFF, 0xFFFF, 0xFFFF, 0xFFFF, 0xFFFF, 0xFFFF, 0xFFFF, 0xFFFF,
    0xFFFF, 0xFFFF, 0xFFFF, 0xFFFF, 0xFFFF, 0xFFFF, 0xFFFF, 0xFFFF, 0xFFFF, 0xFFFF, 0xFFFF, 0xFFFF, 0xFFFF, 0xFFFF, 0xFFFF, 0xFFFF,
    0xFFFF, 0xFFFF, 0xFFFF, 0xFFFF, 0xFFFF, 0xFFFF, 0xFFFF, 0xFFFF, 0xFFFF, 0xFFFF, 0xFFFF, 0xFFFF, 0xFFFF, 0xFFFF, 0xFFFF, 0xFFFF,
    0xCF1A, 0x1CA9, 0x24EA, 0x2D2A, 0x2D4B, 0x2D4B, 0x254B, 0x254B, 0x254B, 0x254B, 0x252B, 0x252B, 0x252B, 0x252B, 0x252B, 0x252B,
    0x252B, 0x252B, 0x1D2B, 0x1D2B, 0x1D2B, 0x1D2B, 0x1D0B, 0x1D0B, 0x1D0B, 0x1D0B, 0x1D0B, 0x1D0B, 0x1D0B, 0x1D0B, 0x0CCA, 0x14EB,
    0x2D4D, 0x2D2D, 0x0CCA, 0x0CCA, 0x14EB, 0x14EB, 0x14EB, 0x14EB, 0x14EB, 0x14EB, 0x14EB, 0x14EB, 0x14EB, 0x14CB, 0x0CCB, 0x0CCB,
    0x0CCB, 0x0CCB, 0x0CCB, 0x0CCB, 0x0CCB, 0x0CCB, 0x0CCB, 0x0CCB, 0x0CCB, 0x0CCB, 0x0CCB, 0x0CCB, 0x6E89, 0x6E8A, 0x6E8A, 0x6E8A,
    0x6E8A, 0x6E8A, 0x6E8A, 0x6E6A, 0x6E6A, 0x6E6A, 0x666A, 0x666A, 0x666A, 0x666A, 0x666A, 0x666A, 0x666A, 0x666A, 0x666A, 0x664A,
    0x664A, 0x664A, 0x664A, 0x5E4A, 0x5E4A, 0x5E4A, 0x5E4A, 0x5E4A, 0x5E4A, 0x5E4A, 0x5E2A, 0x5E2A, 0x5E2A, 0x5E2A, 0x5E2A, 0x5E2A,
    0x5E2A, 0x562A, 0x562A, 0x562A, 0x562A, 0x562A, 0x560A, 0x560A, 0x560A, 0x560A, 0x560A, 0x560A, 0x560A, 0x560A, 0x4E0A, 0x4E0A,
    0x4E0A, 0x4DEA, 0x4DEA, 0x4DEA, 0x4DEA, 0x4DEA, 0x4DEA, 0x4DEA, 0x4DCA, 0x45AA, 0x4569, 0x3D29, 0xDF7B, 0xFFFF, 0xFFFF, 0xFFFF,
    0xFFFF, 0xFFFF, 0xFFFF, 0xFFFF, 0xFFFF, 0xFFFF, 0xFFFF, 0xFFFF, 0xFFFF, 0xFFFF, 0xFFFF, 0xFFFF, 0xFFFF, 0xFFFF, 0xFFFF, 0xFFFF,
    0xFFFF, 0xFFFF, 0xFFFF, 0xFFFF, 0xFFFF, 0xFFFF, 0xFFFF, 0xFFFF, 0xFFFF, 0xFFFF, 0xFFFF, 0xFFFF, 0xFFFF, 0xFFFF, 0xFFFF, 0xFFFF,
    0xFFFF, 0xFFFF, 0xFFFF, 0xFFFF, 0xFFFF, 0xFFFF, 0xFFFF, 0xFFFF, 0xFFFF, 0xFFFF, 0xFFFF, 0xFFFF, 0xFFFF, 0x8613, 0x1488, 0x2D0B,
    0x252B, 0x254B, 0x254B, 0x254B, 0x254B, 0x254B, 0x252B, 0x252B, 0x252B, 0x252B, 0x252B, 0x252B, 0x252B, 0x252B, 0x1D2B, 0x1D2B,
    0x1D2B, 0x1D0B, 0x1D0B, 0x1D0B, 0x1D0B, 0x1D0B, 0x1D0B, 0x1D0B, 0x1D0B, 0x1D0B, 0x1D0C, 0x150B, 0x0CEA, 0x14EB, 0x150B, 0x1CEB,
    0x14EB, 0x14EB, 0x14EB, 0x14EB, 0x14EB, 0x14EB, 0x14EB, 0x14CB, 0x14CB, 0x0CCB, 0x0CCB, 0x0CCB, 0x0CCB, 0x0CCB, 0x0CCB, 0x0CCB,
    0x0CCB, 0x0CCB, 0x0CCB, 0x0CCB, 0x0CCB, 0x0CCB, 0x0CCB, 0x0CCB, 0x6E8A, 0x6E8A, 0x6E8A, 0x6E8A, 0x6E8A, 0x6E8A, 0x6E6A, 0x6E6A,
    0x6E6A, 0x666A, 0x666A, 0x666A, 0x666A, 0x666A, 0x666A, 0x666A, 0x666A, 0x666A, 0x664A, 0x664A, 0x664A, 0x664A, 0x5E4A, 0x5E4A,
    0x5E4A, 0x5E4A, 0x5E4A, 0x5E4A, 0x5E4A, 0x5E2A, 0x5E2A, 0x5E2A, 0x5E2A, 0x5E2A, 0x5E2A, 0x562A, 0x562A, 0x562A, 0x562A, 0x562A,
    0x560A, 0x560A, 0x560A, 0x560A, 0x560A, 0x560A, 0x560A, 0x560A, 0x560A, 0x4E0A, 0x4E0A, 0x4E0A, 0x4DEA, 0x4DEA, 0x4DEA, 0x4DEA,
    0x4DEA, 0x4DEA, 0x4DEA, 0x4DEA, 0x45CA, 0x458A, 0x3507, 0xA695, 0xFFFF, 0xFFFF, 0xFFFF, 0xFFFF, 0xFFFF, 0xFFFF, 0xFFFF, 0xFFFF,
    0xFFFF, 0xFFFF, 0xFFFF, 0xFFFF, 0xFFFF, 0xFFFF, 0xFFFF, 0xFFFF, 0xFFFF, 0xFFFF, 0xFFFF, 0xFFFF, 0xFFFF, 0xFFFF, 0xFFFF, 0xFFFF,
    0xFFFF, 0xFFFF, 0xFFFF, 0xFFFF, 0xFFFF, 0xFFFF, 0xFFFF, 0xFFFF, 0xFFFF, 0xFFFF, 0xFFFF, 0xFFFF, 0xFFFF, 0xFFFF, 0xFFFF, 0xFFFF,
    0xFFFF, 0xFFFF, 0xFFFF, 0xFFFF, 0xFFFF, 0xFFFF, 0xFFFF, 0xFFFF, 0xFFFF, 0xF7DE, 0x3D0C, 0x1CC9, 0x250B, 0x252B, 0x254B, 0x254B,
    0x252B, 0x252B, 0x252B, 0x252B, 0x252B, 0x252B, 0x252B, 0x252B, 0x1D2B, 0x1D2B, 0x1D2B, 0x1D2B, 0x1D0B, 0x1D0B, 0x1D0B, 0x1D0B,
    0x1D0B, 0x1D0B, 0x1D0B, 0x1D0B, 0x1D0B, 0x1D0B, 0x150B, 0x150B, 0x1D0B, 0x150B, 0x14EB, 0x14EB, 0x14EB, 0x14EB, 0x14EB, 0x14EB,
    0x14EB, 0x14EB, 0x14CB, 0x0CCB, 0x0CCB, 0x0CCB, 0x0CCB, 0x0CCB, 0x0CCB, 0x0CCB, 0x0CCB, 0x0CCB, 0x0CCB, 0x0CCB, 0x0CCB, 0x0CCB,
    0x0CCB, 0x0CCB, 0x0CCB, 0x0CCB, 0x6E8A, 0x6E8A, 0x6E8A, 0x6E8A, 0x6E8A, 0x6E6A, 0x6E6A, 0x6E6A, 0x6E6A, 0x666A, 0x666A, 0x666A,
    0x666A, 0x666A, 0x666A, 0x666A, 0x666A, 0x664A, 0x664A, 0x664A, 0x664A, 0x664A, 0x5E4A, 0x5E4A, 0x5E4A, 0x5E4A, 0x5E4A, 0x5E4A,
    0x5E2A, 0x5E2A, 0x5E2A, 0x5E2A, 0x5E2A, 0x5E2A, 0x5E2A, 0x562A, 0x562A, 0x562A, 0x562A, 0x562A, 0x560A, 0x560A, 0x560A, 0x560A,
    0x560A, 0x560A, 0x560A, 0x560A, 0x560A, 0x4E0A, 0x4E0A, 0x4DEA, 0x4DEA, 0x4DEA, 0x4DEA, 0x4DEA, 0x4DEA, 0x4DEA, 0x4DEA, 0x4DCA,
    0x4DAA, 0x3D48, 0x5D8D, 0xFFDF, 0xFFFF, 0xFFFF, 0xFFFF, 0xFFFF, 0xFFFF, 0xFFFF, 0xFFFF, 0xFFFF, 0xFFFF, 0xFFFF, 0xFFFF, 0xFFFF,
    0xFFFF, 0xFFFF, 0xFFFF, 0xFFFF, 0xFFFF, 0xFFFF, 0xFFFF, 0xFFFF, 0xFFFF, 0xFFFF, 0xFFFF, 0xFFFF, 0xFFFF, 0xFFFF, 0xFFFF, 0xFFFF,
    0xFFFF, 0xFFFF, 0xFFFF, 0xFFFF, 0xFFFF, 0xFFFF, 0xFFFF, 0xFFFF, 0xFFFF, 0xFFFF, 0xFFFF, 0xFFFF, 0xFFFF, 0xFFFF, 0xFFFF, 0xFFFF,
    0xFFFF, 0xFFFF, 0xFFFF, 0xFFFF, 0xFFFF, 0xFFFF, 0xAEB7, 0x1468, 0x250B, 0x252B, 0x252B, 0x254B, 0x252B, 0x252B, 0x252B, 0x252B,
    0x252B, 0x252B, 0x252B, 0x252B, 0x1D2B, 0x1D2B, 0x1D2B, 0x1D0B, 0x1D0B, 0x1D0B, 0x1D0B, 0x1D0B, 0x1D0B, 0x1D0B, 0x1D0B, 0x1D0B,
    0x1D0B, 0x150B, 0x14EB, 0x14EB, 0x14EB, 0x14EB, 0x14EB, 0x14EB, 0x14EB, 0x14EB, 0x14EB, 0x14EB, 0x14EB, 0x14EB, 0x0CCB, 0x0CCB,
    0x0CCB, 0x0CCB, 0x0CCB, 0x0CCB, 0x0CCB, 0x0CCB, 0x0CCB, 0x0CCB, 0x0CCB, 0x0CCB, 0x0CCB, 0x0CCB, 0x0CCB, 0x0CCB, 0x0CCB, 0x0CCB,
    0x6E8A, 0x6E8A, 0x6E8A, 0x6E8A, 0x6E6A, 0x6E6A, 0x6E6A, 0x666A, 0x666A, 0x666A, 0x666A, 0x666A, 0x666A, 0x666A, 0x666A, 0x666A,
    0x664A, 0x664A, 0x664A, 0x664A, 0x5E4A, 0x5E4A, 0x5E4A, 0x5E4A, 0x5E4A, 0x5E4A, 0x5E4A, 0x5E2A, 0x5E2A, 0x5E2A, 0x5E2A, 0x5E2A,
    0x5E2A, 0x562A, 0x562A, 0x562A, 0x562A, 0x562A, 0x560A, 0x560A, 0x560A, 0x560A, 0x560A, 0x560A, 0x560A, 0x560A, 0x560A, 0x4E0A,
    0x4E0A, 0x4E0A, 0x4DEA, 0x4DEA, 0x4DEA, 0x4DEA, 0x4DEA, 0x4DEA, 0x4DEA, 0x4DEA, 0x4DCA, 0x45AA, 0x458A, 0x34E8, 0xBEF8, 0xFFFF,
    0xFFFF, 0xFFFF, 0xFFFF, 0xFFFF, 0xFFFF, 0xFFFF, 0xFFFF, 0xFFFF, 0xFFFF, 0xFFFF, 0xFFFF, 0xFFFF, 0xFFFF, 0xFFFF, 0xFFFF, 0xFFFF,
    0xFFFF, 0xFFFF, 0xFFFF, 0xFFFF, 0xFFFF, 0xFFFF, 0xFFFF, 0xFFFF, 0xFFFF, 0xFFFF, 0xFFFF, 0xFFFF, 0xFFFF, 0xFFFF, 0xFFFF, 0xFFFF,
    0xFFFF, 0xFFFF, 0xFFFF, 0xFFFF, 0xFFFF, 0xFFFF, 0xFFFF, 0xFFFF, 0xFFFF, 0xFFFF, 0xFFFF, 0xFFFF, 0xFFFF, 0xFFFF, 0xFFFF, 0xFFFF,
    0xFFFF, 0xFFFF, 0xF7DE, 0x450D, 0x1CA9, 0x250B, 0x252B, 0x252B, 0x252B, 0x252B, 0x252B, 0x252B, 0x252B, 0x252B, 0x252B, 0x1D2B,
    0x1D2B, 0x1D2B, 0x1D0B, 0x1D0B, 0x1D0B, 0x1D0B, 0x1D0B, 0x1D0B, 0x1D0B, 0x1D0B, 0x1D0B, 0x1D0B, 0x150B, 0x14EB, 0x14EB, 0x14EB,
    0x14EB, 0x14EB, 0x14EB, 0x14EB, 0x14EB, 0x14EB, 0x14EB, 0x14EB, 0x14CB, 0x0CCB, 0x0CCB, 0x0CCB, 0x0CCB, 0x0CCB, 0x0CCB, 0x0CCB,
    0x0CCB, 0x0CCB, 0x0CCB, 0x0CCB, 0x0CCB, 0x0CCB, 0x0CCB, 0x0CCB, 0x0CCB, 0x0CCB, 0x0CCB, 0x0CCB, 0x6E8A, 0x6E8A, 0x6E8A, 0x6E6A,
    0x6E6A, 0x6E6A, 0x6E6A, 0x666A, 0x666A, 0x666A, 0x666A, 0x666A, 0x666A, 0x666A, 0x666A, 0x664A, 0x664A, 0x664A, 0x664A, 0x664A,
    0x5E4A, 0x5E4A, 0x5E4A, 0x5E4A, 0x5E4A, 0x5E4A, 0x5E2A, 0x5E2A, 0x5E2A, 0x5E2A, 0x5E2A, 0x5E2A, 0x562A, 0x562A, 0x562A, 0x562A,
    0x562A, 0x562A, 0x560A, 0x560A, 0x560A, 0x560A, 0x560A, 0x560A, 0x560A, 0x560A, 0x560A, 0x4E0A, 0x4E0A, 0x4DEA, 0x4DEA, 0x4DEA,
    0x4DEA, 0x4DEA, 0x4DEA, 0x4DEA, 0x4DEA, 0x4DEA, 0x45CA, 0x45AA, 0x3528, 0x65AE, 0xFFFF, 0xFFFF, 0xFFFF, 0xFFFF, 0xFFFF, 0xFFFF,
    0xFFFF, 0xFFFF, 0xFFFF, 0xFFFF, 0xFFFF, 0xFFFF, 0xFFFF, 0xFFFF, 0xFFFF, 0xFFFF, 0xFFFF, 0xFFFF, 0xFFFF, 0xFFFF, 0xFFFF, 0xFFFF,
    0xFFFF, 0xFFFF, 0xFFFF, 0xFFFF, 0xFFFF, 0xFFFF, 0xFFFF, 0xFFFF, 0xFFFF, 0xFFFF, 0xFFFF, 0xFFFF, 0xFFFF, 0xFFFF, 0xFFFF, 0xFFFF,
    0xFFFF, 0xFFFF, 0xFFFF, 0xFFFF, 0xFFFF, 0xFFFF, 0xFFFF, 0xFFFF, 0xFFFF, 0xFFFF, 0xFFFF, 0xFFFF, 0xFFFF, 0xFFFF, 0xFFFF, 0x9E76,
    0x1468, 0x250B, 0x250B, 0x252B, 0x252B, 0x252B, 0x252B, 0x252B, 0x252B, 0x252B, 0x1D2B, 0x1D2B, 0x1D2B, 0x1D0B, 0x1D0B, 0x1D0B,
    0x1D0B, 0x1D0B, 0x1D0B, 0x1D0B, 0x1D0B, 0x1D0B, 0x150B, 0x150B, 0x14EB, 0x14EB, 0x14EB, 0x14EB, 0x14EB, 0x14EB, 0x14EB, 0x14EB,
    0x14EB, 0x14EB, 0x14EB, 0x14EB, 0x0CCB, 0x0CCB, 0x0CCB, 0x0CCB, 0x0CCB, 0x0CCB, 0x0CCB, 0x0CCB, 0x0CCB, 0x0CCB, 0x0CCB, 0x0CCB,
    0x0CCB, 0x0CCB, 0x0CCB, 0x0CCB, 0x0CCB, 0x0CCB, 0x0CCB, 0x0CCB, 0x6E8A, 0x6E8A, 0x6E6A, 0x6E6A, 0x6E6A, 0x666A, 0x666A, 0x666A,
    0x666A, 0x666A, 0x666A, 0x666A, 0x666A, 0x666A, 0x664A, 0x664A, 0x664A, 0x664A, 0x664A, 0x5E4A, 0x5E4A, 0x5E4A, 0x5E4A, 0x5E4A,
    0x5E4A, 0x5E2A, 0x5E2A, 0x5E2A, 0x5E2A, 0x5E2A, 0x5E2A, 0x5E2A, 0x562A, 0x562A, 0x562A, 0x562A, 0x562A, 0x560A, 0x560A, 0x560A,
    0x560A, 0x560A, 0x560A, 0x560A, 0x560A, 0x4E0A, 0x4E0A, 0x4E0A, 0x4DEA, 0x4DEA, 0x4DEA, 0x4DEA, 0x4DEA, 0x4DEA, 0x4DEA, 0x4DEA,
    0x4DEA, 0x45CA, 0x45CA, 0x458A, 0x34E8, 0xBED7, 0xFFFF, 0xFFFF, 0xFFFF, 0xFFFF, 0xFFFF, 0xFFFF, 0xFFFF, 0xFFFF, 0xFFFF, 0xFFFF,
    0xFFFF, 0xFFFF, 0xFFFF, 0xFFFF, 0xFFFF, 0xFFFF, 0xFFFF, 0xFFFF, 0xFFFF, 0xFFFF, 0xFFFF, 0xFFFF, 0xFFFF, 0xFFFF, 0xFFFF, 0xFFFF,
    0xFFFF, 0xFFFF, 0xFFFF, 0xFFFF, 0xFFFF, 0xFFFF, 0xFFFF, 0xFFFF, 0xFFFF, 0xFFFF, 0xFFFF, 0xFFFF, 0xFFFF, 0xFFFF, 0xFFFF, 0xFFFF,
    0xFFFF, 0xFFFF, 0xFFFF, 0xFFFF, 0xFFFF, 0xFFFF, 0xFFFF, 0xFFFF, 0xFFFF, 0xFFFF, 0xFFFF, 0xEFBE, 0x34AB, 0x1CAA, 0x250B, 0x252B,
    0x252B, 0x252B, 0x252B, 0x252B, 0x252B, 0x1D2B, 0x1D2B, 0x1D2B, 0x1D0B, 0x1D0B, 0x1D0B, 0x1D0B, 0x1D0B, 0x1D0B, 0x1D0B, 0x1D0B,
    0x1D0B, 0x1D0B, 0x150B, 0x14EB, 0x14EB, 0x14EB, 0x14EB, 0x14EB, 0x14EB, 0x14EB, 0x14EB, 0x14EB, 0x14EB, 0x14EB, 0x14CB, 0x0CCB,
    0x0CCB, 0x0CCB, 0x0CCB, 0x0CCB, 0x0CCB, 0x0CCB, 0x0CCB, 0x0CCB, 0x0CCB, 0x0CCB, 0x0CCB, 0x0CCB, 0x0CCB, 0x0CCB, 0x0CCB, 0x0CCB,
    0x0CCB, 0x0CCB, 0x0CCB, 0x0CCB, 0x6E8A, 0x6E6A, 0x6E6A, 0x6E6A, 0x666A, 0x666A, 0x666A, 0x666A, 0x666A, 0x666A, 0x666A, 0x666A,
    0x664A, 0x664A, 0x664A, 0x664A, 0x664A, 0x5E4A, 0x5E4A, 0x5E4A, 0x5E4A, 0x5E4A, 0x5E4A, 0x5E4A, 0x5E2A, 0x5E2A, 0x5E2A, 0x5E2A,
    0x5E2A, 0x5E2A, 0x562A, 0x562A, 0x562A, 0x562A, 0x562A, 0x560A, 0x560A, 0x560A, 0x560A, 0x560A, 0x560A, 0x560A, 0x560A, 0x4E0A,
    0x4E0A, 0x4E0A, 0x4E0A, 0x4DEA, 0x4DEA, 0x4DEA, 0x4DEA, 0x4DEA, 0x4DEA, 0x4DEA, 0x4DEA, 0x4DEA, 0x4DEA, 0x45CA, 0x45AA, 0x3D49,
    0x554B, 0xF7DE, 0xFFFF, 0xFFFF, 0xFFFF, 0xFFFF, 0xFFFF, 0xFFFF, 0xFFFF, 0xFFFF, 0xFFFF, 0xFFFF, 0xFFFF, 0xFFFF, 0xFFFF, 0xFFFF,
    0xFFFF, 0xFFFF, 0xFFFF, 0xFFFF, 0xFFFF, 0xFFFF, 0xFFFF, 0xFFFF, 0xFFFF, 0xFFFF, 0xFFFF, 0xFFFF, 0xFFFF, 0xFFFF, 0xFFFF, 0xFFFF,
    0xFFFF, 0xFFFF, 0xFFFF, 0xFFFF, 0xFFFF, 0xFFFF, 0xFFFF, 0xFFFF, 0xFFFF, 0xFFFF, 0xFFFF, 0xFFFF, 0xFFFF, 0xFFFF, 0xFFFF, 0xFFFF,
    0xFFFF, 0xFFFF, 0xFFFF, 0xFFFF, 0xFFFF, 0xFFFF, 0xFFFF, 0xFFFF, 0x75B1, 0x1468, 0x24EB, 0x250B, 0x252B, 0x252B, 0x252B, 0x252B,
    0x1D2B, 0x1D2B, 0x1D2B, 0x1D0B, 0x1D0B, 0x1D0B, 0x1D0B, 0x1D0B, 0x1D0B, 0x1D0B, 0x1D0B, 0x1D0B, 0x1D0B, 0x150B, 0x14EB, 0x14EB,
    0x14EB, 0x14EB, 0x14EB, 0x14EB, 0x14EB, 0x14EB, 0x14EB, 0x14EB, 0x14EB, 0x14CB, 0x0CCB, 0x0CCB, 0x0CCB, 0x0CCB, 0x0CCB, 0x0CCB,
    0x0CCB, 0x0CCB, 0x0CCB, 0x0CCB, 0x0CCB, 0x0CCB, 0x0CCB, 0x0CCB, 0x0CCB, 0x0CCB, 0x0CCB, 0x0CCB, 0x0CCB, 0x0CCB, 0x0CCB, 0x0CCB,
    0x6E6A, 0x6E6A, 0x6E6A, 0x6E6A, 0x666A, 0x666A, 0x666A, 0x666A, 0x666A, 0x666A, 0x666A, 0x666A, 0x664A, 0x664A, 0x664A, 0x664A,
    0x664A, 0x5E4A, 0x5E4A, 0x5E4A, 0x5E4A, 0x5E4A, 0x5E4A, 0x5E2A, 0x5E2A, 0x5E2A, 0x5E2A, 0x5E2A, 0x5E2A, 0x5E2A, 0x562A, 0x562A,
    0x562A, 0x562A, 0x562A, 0x560A, 0x560A, 0x560A, 0x560A, 0x560A, 0x560A, 0x560A, 0x560A, 0x4E0A, 0x4E0A, 0x4E0A, 0x4DEA, 0x4DEA,
    0x4DEA, 0x4DEA, 0x4DEA, 0x4DEA, 0x4DEA, 0x4DEA, 0x4DEA, 0x4DEA, 0x45CA, 0x45AA, 0x458A, 0x2CE7, 0x8E32, 0xFFFF, 0xFFFF, 0xFFFF,
    0xFFFF, 0xFFFF, 0xFFFF, 0xFFFF, 0xFFFF, 0xFFFF, 0xFFFF, 0xFFFF, 0xFFFF, 0xFFFF, 0xFFFF, 0xFFFF, 0xFFFF, 0xFFFF, 0xFFFF, 0xFFFF,
    0xFFFF, 0xFFFF, 0xFFFF, 0xFFFF, 0xFFFF, 0xFFFF, 0xFFFF, 0xFFFF, 0xFFFF, 0xFFFF, 0xFFFF, 0xFFFF, 0xFFFF, 0xFFFF, 0xFFFF, 0xFFFF,
    0xFFFF, 0xFFFF, 0xFFFF, 0xFFFF, 0xFFFF, 0xFFFF, 0xFFFF, 0xFFFF, 0xFFFF, 0xFFFF, 0xFFFF, 0xFFFF, 0xFFFF, 0xFFFF, 0xFFFF, 0xFFFF,
    0xFFFF, 0xFFFF, 0xFFFF, 0xFFFF, 0xB6D8, 0x1448, 0x24EA, 0x250B, 0x252B, 0x252B, 0x252B, 0x1D2B, 0x1D2B, 0x1D2B, 0x1D0B, 0x1D0B,
    0x1D0B, 0x1D0B, 0x1D0B, 0x1D0B, 0x1D0B, 0x1D0B, 0x1D0B, 0x1D0B, 0x150B, 0x14EB, 0x14EB, 0x14EB, 0x14EB, 0x14EB, 0x14EB, 0x14EB,
    0x14EB, 0x14EB, 0x14EB, 0x14EB, 0x14EB, 0x0CCB, 0x0CCB, 0x0CCB, 0x0CCB, 0x0CCB, 0x0CCB, 0x0CCB, 0x0CCB, 0x0CCB, 0x0CCB, 0x0CCB,
    0x0CCB, 0x0CCB, 0x0CCB, 0x0CCB, 0x0CCB, 0x0CCB, 0x0CCB, 0x0CCB, 0x0CCB, 0x0CCB, 0x0CCB, 0x0CCB, 0x6E6A, 0x6E6A, 0x666A, 0x666A,
    0x666A, 0x666A, 0x666A, 0x666A, 0x666A, 0x666A, 0x664A, 0x664A, 0x664A, 0x664A, 0x664A, 0x5E4A, 0x5E4A, 0x5E4A, 0x5E4A, 0x5E4A,
    0x5E4A, 0x5E4A, 0x5E2A, 0x5E2A, 0x5E2A, 0x5E2A, 0x5E2A, 0x5E2A, 0x562A, 0x562A, 0x562A, 0x562A, 0x562A, 0x560A, 0x560A, 0x560A,
    0x560A, 0x560A, 0x560A, 0x560A, 0x560A, 0x560A, 0x4E0A, 0x4E0A, 0x4E0A, 0x4DEA, 0x4DEA, 0x4DEA, 0x4DEA, 0x4DEA, 0x4DEA, 0x4DEA,
    0x4DEA, 0x4DEA, 0x4DEA, 0x4DEA, 0x45CA, 0x45AA, 0x456A, 0x34E8, 0xCF19, 0xFFFF, 0xFFFF, 0xFFFF, 0xFFFF, 0xFFFF, 0xFFFF, 0xFFFF,
    0xFFFF, 0xFFFF, 0xFFFF, 0xFFFF, 0xFFFF, 0xFFFF, 0xFFFF, 0xFFFF, 0xFFFF, 0xFFFF, 0xFFFF, 0xFFFF, 0xFFFF, 0xFFFF, 0xFFFF, 0xFFFF,
    0xFFFF, 0xCEF9, 0x6D4F, 0x4C8C, 0x4C8C, 0x7550, 0xD71A, 0xFFFF, 0xFFFF, 0xFFFF, 0xFFFF, 0xFFFF, 0xFFFF, 0xFFFF, 0xFFFF, 0xFFFF,
    0xFFFF, 0xFFFF, 0xFFFF, 0xFFFF, 0xFFFF, 0xFFFF, 0xFFFF, 0xFFFF, 0xFFFF, 0xFFFF, 0xFFFF, 0xFFFF, 0xFFFF, 0xFFFF, 0xFFFF, 0xFFFF,
    0xE79D, 0x2CAB, 0x1CA9, 0x250B, 0x250B, 0x252B, 0x1D2B, 0x1D2B, 0x1D2B, 0x1D0B, 0x1D0B, 0x1D0B, 0x1D0B, 0x1D0B, 0x1D0B, 0x1D0B,
    0x1D0B, 0x1D0B, 0x1D0B, 0x150B, 0x14EB, 0x14EB, 0x14EB, 0x14EB, 0x14EB, 0x14EB, 0x14EB, 0x14EB, 0x14EB, 0x14EB, 0x14EB, 0x14CB,
    0x0CCB, 0x0CCB, 0x0CCB, 0x0CCB, 0x0CCB, 0x0CCB, 0x0CCB, 0x0CCB, 0x0CCB, 0x0CCB, 0x0CCB, 0x0CCB, 0x0CCB, 0x0CCB, 0x0CCB, 0x0CCB,
    0x0CCB, 0x0CCB, 0x0CCB, 0x0CCB, 0x0CCB, 0x0CCB, 0x0CCB, 0x0CCB, 0x6E6A, 0x6E6A, 0x666A, 0x666A, 0x666A, 0x666A, 0x666A, 0x666A,
    0x666A, 0x666A, 0x664A, 0x664A, 0x664A, 0x664A, 0x664A, 0x5E4A, 0x5E4A, 0x5E4A, 0x5E4A, 0x5E4A, 0x5E4A, 0x5E2A, 0x5E2A, 0x5E2A,
    0x5E2A, 0x5E2A, 0x5E2A, 0x5E2A, 0x562A, 0x562A, 0x562A, 0x562A, 0x560A, 0x560A, 0x560A, 0x560A, 0x560A, 0x560A, 0x560A, 0x560A,
    0x4E0A, 0x4E0A, 0x4E0A, 0x4E0A, 0x4DEA, 0x4DEA, 0x4DEA, 0x4DEA, 0x4DEA, 0x4DEA, 0x4DEA, 0x4DEA, 0x4DEA, 0x4DEA, 0x4DEA, 0x45CA,
    0x45CA, 0x45AA, 0x3D29, 0x554B, 0xF7DE, 0xFFFF, 0xFFFF, 0xFFFF, 0xFFFF, 0xFFFF, 0xFFFF, 0xFFFF, 0xFFFF, 0xFFFF, 0xFFFF, 0xFFFF,
    0xFFFF, 0xFFFF, 0xFFFF, 0xFFFF, 0xFFFF, 0xFFFF, 0xFFFF, 0xFFFF, 0xFFFF, 0xFFFF, 0xFFFF, 0xFFFF, 0xA655, 0x1BA6, 0x13A6, 0x1BC6,
    0x1BC7, 0x13A6, 0x1BA7, 0xAE76, 0xFFFF, 0xFFFF, 0xFFFF, 0xFFFF, 0xFFFF, 0xFFFF, 0xFFFF, 0xFFFF, 0xFFFF, 0xFFFF, 0xFFFF, 0xFFFF,
    0xFFFF, 0xFFFF, 0xFFFF, 0xFFFF, 0xFFFF, 0xFFFF, 0xFFFF, 0xFFFF, 0xFFFF, 0xFFFF, 0xFFFF, 0xFFFF, 0xFFFF, 0x5D4F, 0x1468, 0x24EB,
    0x1D0B, 0x1D0B, 0x1D2B, 0x1D2B, 0x1D0B, 0x1D0B, 0x1D0B, 0x1D0B, 0x1D0B, 0x1D0B, 0x1D0B, 0x1D0B, 0x1D0B, 0x1D0B, 0x150B, 0x14EB,
    0x14EB, 0x14EB, 0x14EB, 0x14EB, 0x14EB, 0x14EB, 0x14EB, 0x14EB, 0x14EB, 0x14EB, 0x14EB, 0x0CCB, 0x0CCB, 0x0CCB, 0x0CCB, 0x0CCB,
    0x0CCB, 0x0CCB, 0x0CCB, 0x0CCB, 0x0CCB, 0x0CCB, 0x0CCB, 0x0CCB, 0x0CCB, 0x0CCB, 0x0CCB, 0x0CCB, 0x0CCB, 0x0CCB, 0x0CCB, 0x0CCB,
    0x0CCB, 0x0CCB, 0x0CCB, 0x0CCB, 0x666A, 0x666A, 0x666A, 0x666A, 0x666A, 0x666A, 0x666A, 0x666A, 0x666A, 0x664A, 0x664A, 0x664A,
    0x664A, 0x664A, 0x5E4A, 0x5E4A, 0x5E4A, 0x5E4A, 0x5E4A, 0x5E4A, 0x5E2A, 0x5E2A, 0x5E2A, 0x5E2A, 0x5E2A, 0x5E2A, 0x5E2A, 0x562A,
    0x562A, 0x562A, 0x562A, 0x562A, 0x560A, 0x560A, 0x560A, 0x560A, 0x560A, 0x560A, 0x560A, 0x560A, 0x4E0A, 0x4E0A, 0x4E0A, 0x4DEA,
    0x4DEA, 0x4DEA, 0x4DEA, 0x4DEA, 0x4DEA, 0x4DEA, 0x4DEA, 0x4DEA, 0x4DEA, 0x4DEA, 0x45CA, 0x45CA, 0x45CA, 0x458A, 0x2CE8, 0x75D0,
    0xFFFF, 0xFFFF, 0xFFFF, 0xFFFF, 0xFFFF, 0xFFFF, 0xFFFF, 0xFFFF, 0xFFFF, 0xFFFF, 0xFFFF, 0xFFFF, 0xFFFF, 0xFFFF, 0xFFFF, 0xFFFF,
    0xFFFF, 0xFFFF, 0xFFFF, 0xFFFF, 0xFFFF, 0xFFFF, 0xFFFF, 0xCF1A, 0x1BC7, 0x2407, 0x2C69, 0x2C69, 0x2C69, 0x2C69, 0x2408, 0x1BC7,
    0xC6F9, 0xFFFF, 0xFFFF, 0xFFFF, 0xFFFF, 0xFFFF, 0xFFFF, 0xFFFF, 0xFFFF, 0xFFFF, 0xFFFF, 0xFFFF, 0xFFFF, 0xFFFF, 0xFFFF, 0xFFFF,
    0xFFFF, 0xFFFF, 0xFFFF, 0xFFFF, 0xFFFF, 0xFFFF, 0xFFFF, 0xFFFF, 0xFFFF, 0x85F3, 0x0C28, 0x24EB, 0x1D0B, 0x1D0B, 0x1D2B, 0x1D0B,
    0x1D0B, 0x1D0B, 0x1D0B, 0x1D0B, 0x1D0B, 0x1D0B, 0x1D0B, 0x1D0B, 0x1D0B, 0x150B, 0x14EB, 0x14EB, 0x14EB, 0x14EB, 0x14EB, 0x14EB,
    0x14EB, 0x14EB, 0x14EB, 0x14EB, 0x14EB, 0x14CB, 0x0CCB, 0x0CCB, 0x0CCB, 0x0CCB, 0x0CCB, 0x0CCB, 0x0CCB, 0x0CCB, 0x0CCB, 0x0CCB,
    0x0CCB, 0x0CCB, 0x0CCB, 0x0CCB, 0x0CCB, 0x0CCB, 0x0CCB, 0x0CCB, 0x0CCB, 0x0CCB, 0x0CCB, 0x0CCB, 0x0CCB, 0x0CCB, 0x0CCB, 0x0CCB,
    0x666A, 0x666A, 0x666A, 0x666A, 0x666A, 0x666A, 0x666A, 0x664A, 0x664A, 0x664A, 0x664A, 0x664A, 0x5E4A, 0x5E4A, 0x5E4A, 0x5E4A,
    0x5E4A, 0x5E4A, 0x5E4A, 0x5E2A, 0x5E2A, 0x5E2A, 0x5E2A, 0x5E2A, 0x5E2A, 0x562A, 0x562A, 0x562A, 0x562A, 0x562A, 0x560A, 0x560A,
    0x560A, 0x560A, 0x560A, 0x560A, 0x560A, 0x560A, 0x4E0A, 0x4E0A, 0x4E0A, 0x4E0A, 0x4DEA, 0x4DEA, 0x4DEA, 0x4DEA, 0x4DEA, 0x4DEA,
    0x4DEA, 0x4DEA, 0x4DEA, 0x4DEA, 0x45EA, 0x45CA, 0x45CA, 0x45CA, 0x45AA, 0x458A, 0x2CC7, 0x9E54, 0xFFFF, 0xFFFF, 0xFFFF, 0xFFFF,
    0xFFFF, 0xFFFF, 0xFFFF, 0xFFFF, 0xFFFF, 0xFFFF, 0xFFFF, 0xFFFF, 0xFFFF, 0xFFFF, 0xFFFF, 0xFFFF, 0xFFFF, 0xFFFF, 0xFFFF, 0xFFFF,
    0xFFFF, 0xFFFF, 0xFFFF, 0x7570, 0x13E6, 0x2C89, 0x2CA9, 0x2CC9, 0x2CC9, 0x2CA9, 0x2C89, 0x13E7, 0x4CAC, 0xFFFF, 0xFFFF, 0xFFFF,
    0xFFFF, 0xFFFF, 0xFFFF, 0xFFFF, 0xFFFF, 0xFFFF, 0xFFFF, 0xFFFF, 0xFFFF, 0xFFFF, 0xFFFF, 0xFFFF, 0xFFFF, 0xFFFF, 0xFFFF, 0xFFFF,
    0xFFFF, 0xFFFF, 0xFFFF, 0xFFFF, 0xFFFF, 0xB6B8, 0x1428, 0x1CCA, 0x1CEB, 0x1D0B, 0x1D0B, 0x1D0B, 0x1D0B, 0x1D0B, 0x1D0B, 0x1D0B,
    0x1D0B, 0x1D0B, 0x1D0B, 0x1D0B, 0x150B, 0x14EB, 0x14EB, 0x14EB, 0x14EB, 0x14EB, 0x14EB, 0x14EB, 0x14EB, 0x14EB, 0x14EB, 0x14EB,
    0x14CB, 0x0CCB, 0x0CCB, 0x0CCB, 0x0CCB, 0x0CCB, 0x0CCB, 0x0CCB, 0x0CCB, 0x0CCB, 0x0CCB, 0x0CCB, 0x0CCB, 0x0CCB, 0x0CCB, 0x0CCB,
    0x0CCB, 0x0CCB, 0x0CCB, 0x0CCB, 0x0CCB, 0x0CCB, 0x0CCB, 0x0CCB, 0x0CCB, 0x0CCB, 0x0CCB, 0x0CCB, 0x666A, 0x666A, 0x666A, 0x666A,
    0x666A, 0x666A, 0x666A, 0x664A, 0x664A, 0x664A, 0x664A, 0x664A, 0x5E4A, 0x5E4A, 0x5E4A, 0x5E4A, 0x5E4A, 0x5E4A, 0x5E2A, 0x5E2A,
    0x5E2A, 0x5E2A, 0x5E2A, 0x5E2A, 0x5E2A, 0x562A, 0x562A, 0x562A, 0x562A, 0x562A, 0x560A, 0x560A, 0x560A, 0x560A, 0x560A, 0x560A,
    0x560A, 0x560A, 0x4E0A, 0x4E0A, 0x4E0A, 0x4DEA, 0x4DEA, 0x4DEA, 0x4DEA, 0x4DEA, 0x4DEA, 0x4DEA, 0x4DEA, 0x4DEA, 0x4DEA, 0x45EA,
    0x45CA, 0x45CA, 0x45CA, 0x45CA, 0x45AA, 0x456A, 0x2CA7, 0xBEF8, 0xFFFF, 0xFFFF, 0xFFFF, 0xFFFF, 0xFFFF, 0xFFFF, 0xFFFF, 0xFFFF,
    0xFFFF, 0xFFFF, 0xFFFF, 0xFFFF, 0xFFFF, 0xFFFF, 0xFFFF, 0xFFFF, 0xFFFF, 0xFFFF, 0xFFFF, 0xFFFF, 0xFFFF, 0xFFFF, 0xF7BE, 0x3C8A,
    0x2448, 0x2CC9, 0x2D0A, 0x2D2A, 0x2D2A, 0x2D0A, 0x2CA9, 0x2469, 0x1BE7, 0xC6D9, 0xFFFF, 0xFFFF, 0xFFFF, 0xFFFF, 0xFFFF, 0xFFFF,
    0xFFFF, 0xFFFF, 0xFFFF, 0xFFFF, 0xFFFF, 0xFFFF, 0xFFFF, 0xFFFF, 0xFFFF, 0xFFFF, 0xFFFF, 0xFFFF, 0xFFFF, 0xFFFF, 0xFFFF, 0xFFFF,
    0xFFFF, 0xD75B, 0x1C49, 0x1CAA, 0x1CEB, 0x1D0B, 0x1D0B, 0x1D0B, 0x1D0B, 0x1D0B, 0x1D0B, 0x1D0B, 0x1D0B, 0x1D0B, 0x1D0B, 0x150B,
    0x14EB, 0x14EB, 0x14EB, 0x14EB, 0x14EB, 0x14EB, 0x14EB, 0x14EB, 0x14EB, 0x14EB, 0x14EB, 0x14CB, 0x0CCB, 0x0CCB, 0x0CCB, 0x0CCB,
    0x0CCB, 0x0CCB, 0x0CCB, 0x0CCB, 0x0CCB, 0x0CCB, 0x0CCB, 0x0CCB, 0x0CCB, 0x0CCB, 0x0CCB, 0x0CCB, 0x0CCB, 0x0CCB, 0x0CCB, 0x0CCB,
    0x0CCB, 0x0CCB, 0x0CCB, 0x0CCB, 0x0CCB, 0x0CCB, 0x0CCB, 0x0CCB, 0x666A, 0x666A, 0x666A, 0x666A, 0x666A, 0x664A, 0x664A, 0x664A,
    0x664A, 0x664A, 0x5E4A, 0x5E4A, 0x5E4A, 0x5E4A, 0x5E4A, 0x5E4A, 0x5E4A, 0x5E2A, 0x5E2A, 0x5E2A, 0x5E2A, 0x5E2A, 0x5E2A, 0x562A,
    0x562A, 0x562A, 0x562A, 0x562A, 0x560A, 0x560A, 0x560A, 0x560A, 0x560A, 0x560A, 0x560A, 0x560A, 0x560A, 0x4E0A, 0x4E0A, 0x4E0A,
    0x4DEA, 0x4DEA, 0x4DEA, 0x4DEA, 0x4DEA, 0x4DEA, 0x4DEA, 0x4DEA, 0x4DEA, 0x4DEA, 0x45EA, 0x45CA, 0x45CA, 0x45CA, 0x45CA, 0x45CA,
    0x458A, 0x3D49, 0x34C8, 0xDF7B, 0xFFFF, 0xFFFF, 0xFFFF, 0xFFFF, 0xFFFF, 0xFFFF, 0xFFFF, 0xFFFF, 0xFFFF, 0xFFFF, 0xFFFF, 0xFFFF,
    0xFFFF, 0xFFFF, 0xFFFF, 0xFFFF, 0xFFFF, 0xFFFF, 0xFFFF, 0xFFFF, 0xFFFF, 0xFFFF, 0xD75B, 0x2428, 0x2CA9, 0x2CEA, 0x2D2A, 0x354A,
    0x2D4A, 0x2D2A, 0x2CEA, 0x2CA9, 0x1407, 0x85D2, 0xFFFF, 0xFFFF, 0xFFFF, 0xFFFF, 0xFFFF, 0xFFFF, 0xFFFF, 0xFFFF, 0xFFFF, 0xFFFF,
    0xFFFF, 0xFFFF, 0xFFFF, 0xFFFF, 0xFFFF, 0xFFFF, 0xFFFF, 0xFFFF, 0xFFFF, 0xFFFF, 0xFFFF, 0xFFFF, 0xFFFF, 0xEFBE, 0x2C8B, 0x1469,
    0x1CEB, 0x1D0B, 0x1D0B, 0x1D0B, 0x1D0B, 0x1D0B, 0x1D0B, 0x1D0B, 0x1D0B, 0x1D0B, 0x150B, 0x14EB, 0x14EB, 0x14EB, 0x14EB, 0x14EB,
    0x14EB, 0x14EB, 0x14EB, 0x14EB, 0x14EB, 0x14EB, 0x14CB, 0x0CCB, 0x0CCB, 0x0CCB, 0x0CCB, 0x0CCB, 0x0CCB, 0x0CCB, 0x0CCB, 0x0CCB,
    0x0CCB, 0x0CCB, 0x0CCB, 0x0CCB, 0x0CCB, 0x0CCB, 0x0CCB, 0x0CCB, 0x0CCB, 0x0CCB, 0x0CCB, 0x0CCB, 0x0CCB, 0x0CCB, 0x0CCB, 0x0CCB,
    0x0CCB, 0x0CCB, 0x0CCB, 0x0CCB, 0x666A, 0x666A, 0x666A, 0x666A, 0x666A, 0x664A, 0x664A, 0x664A, 0x664A, 0x664A, 0x5E4A, 0x5E4A,
    0x5E4A, 0x5E4A, 0x5E4A, 0x5E4A, 0x5E2A, 0x5E2A, 0x5E2A, 0x5E2A, 0x5E2A, 0x5E2A, 0x5E2A, 0x562A, 0x562A, 0x562A, 0x562A, 0x560A,
    0x560A, 0x560A, 0x560A, 0x560A, 0x560A, 0x560A, 0x560A, 0x4E0A, 0x4E0A, 0x4E0A, 0x4E0A, 0x4DEA, 0x4DEA, 0x4DEA, 0x4DEA, 0x4DEA,
    0x4DEA, 0x4DEA, 0x4DEA, 0x4DEA, 0x45EA, 0x45EA, 0x45CA, 0x45CA, 0x45CA, 0x45CA, 0x45CA, 0x45CA, 0x458A, 0x3D29, 0x44EA, 0xEFBD,
    0xFFFF, 0xFFFF, 0xFFFF, 0xFFFF, 0xFFFF, 0xFFFF, 0xFFFF, 0xFFFF, 0xFFFF, 0xFFFF, 0xFFFF, 0xFFFF, 0xFFFF, 0xFFFF, 0xFFFF, 0xFFFF,
    0xFFFF, 0xFFFF, 0xFFFF, 0xFFFF, 0xFFFF, 0xFFFF, 0xC6D9, 0x1C27, 0x2CC9, 0x2D0A, 0x354A, 0x356B, 0x356B, 0x2D4B, 0x2D2A, 0x2CEA,
    0x1C27, 0x54ED, 0xFFFF, 0xFFFF, 0xFFFF, 0xFFFF, 0xFFFF, 0xFFFF, 0xFFFF, 0xFFFF, 0xFFFF, 0xFFFF, 0xFFFF, 0xFFFF, 0xFFFF, 0xFFFF,
    0xFFFF, 0xFFFF, 0xFFFF, 0xFFFF, 0xFFFF, 0xFFFF, 0xFFFF, 0xFFFF, 0xFFFF, 0xF7DF, 0x3CCD, 0x1449, 0x1CEB, 0x1CEB, 0x1D0B, 0x1D0B,
    0x1D0B, 0x1D0B, 0x1D0B, 0x1D0B, 0x1D0B, 0x150B, 0x14EB, 0x14EB, 0x14EB, 0x14EB, 0x14EB, 0x14EB, 0x14EB, 0x14EB, 0x14EB, 0x14EB,
    0x14EB, 0x14CB, 0x0CCB, 0x0CCB, 0x0CCB, 0x0CCB, 0x0CCB, 0x0CCB, 0x0CCB, 0x0CCB, 0x0CCB, 0x0CCB, 0x0CCB, 0x0CCB, 0x0CCB, 0x0CCB,
    0x0CCB, 0x0CCB, 0x0CCB, 0x0CCB, 0x0CCB, 0x0CCB, 0x0CCB, 0x0CCB, 0x0CCB, 0x0CCB, 0x0CCB, 0x0CCB, 0x0CCB, 0x0CCB, 0x0CCB, 0x0CCB,
    0x666A, 0x666A, 0x666A, 0x666A, 0x664A, 0x664A, 0x664A, 0x664A, 0x664A, 0x5E4A, 0x5E4A, 0x5E4A, 0x5E4A, 0x5E4A, 0x5E4A, 0x5E2A,
    0x5E2A, 0x5E2A, 0x5E2A, 0x5E2A, 0x5E2A, 0x5E2A, 0x562A, 0x562A, 0x562A, 0x562A, 0x562A, 0x560A, 0x560A, 0x560A, 0x560A, 0x560A,
    0x560A, 0x560A, 0x560A, 0x4E0A, 0x4E0A, 0x4E0A, 0x4DEA, 0x4DEA, 0x4DEA, 0x4DEA, 0x4DEA, 0x4DEA, 0x4DEA, 0x4DEA, 0x4DEA, 0x4DEA,
    0x45EA, 0x45CA, 0x45CA, 0x45CA, 0x45CA, 0x45CA, 0x45CA, 0x45AA, 0x458A, 0x3508, 0x4D0B, 0xF7DE, 0xFFFF, 0xFFFF, 0xFFFF, 0xFFFF,
    0xFFFF, 0xFFFF, 0xFFFF, 0xFFFF, 0xFFFF, 0xFFFF, 0xFFFF, 0xFFFF, 0xFFFF, 0xFFFF, 0xFFFF, 0xFFFF, 0xFFFF, 0xFFFF, 0xFFFF, 0xFFFF,
    0xFFFF, 0xFFFF, 0xB6B7, 0x1C27, 0x2CEA, 0x2D2A, 0x356A, 0x356B, 0x2D6B, 0x2D4B, 0x2D2A, 0x2CEA, 0x1C68, 0x3C8B, 0xF7BE, 0xFFFF,
    0xFFFF, 0xFFFF, 0xFFFF, 0xFFFF, 0xFFFF, 0xFFFF, 0xFFFF, 0xFFFF, 0xFFFF, 0xFFFF, 0xFFFF, 0xFFFF, 0xFFFF, 0xFFFF, 0xFFFF, 0xFFFF,
    0xFFFF, 0xFFFF, 0xFFFF, 0xFFFF, 0xFFFF, 0xFFFF, 0x552F, 0x0C28, 0x1CCB, 0x1CEB, 0x1D0B, 0x1D0B, 0x1D0B, 0x1D0B, 0x1D0B, 0x1D0B,
    0x150B, 0x14EB, 0x14EB, 0x14EB, 0x14EB, 0x14EB, 0x14EB, 0x14EB, 0x14EB, 0x14EB, 0x14EB, 0x14EB, 0x14CB, 0x0CCB, 0x0CCB, 0x0CCB,
    0x0CCB, 0x0CCB, 0x0CCB, 0x0CCB, 0x0CCB, 0x0CCB, 0x0CCB, 0x0CCB, 0x0CCB, 0x0CCB, 0x0CCB, 0x0CCB, 0x0CCB, 0x0CCB, 0x0CCB, 0x0CCB,
    0x0CCB, 0x0CCB, 0x0CCB, 0x0CCB, 0x0CCB, 0x0CCB, 0x0CCB, 0x0CCB, 0x0CCB, 0x0CCB, 0x0CCB, 0x0CCB, 0x666A, 0x666A, 0x664A, 0x664A,
    0x664A, 0x664A, 0x664A, 0x5E4A, 0x5E4A, 0x5E4A, 0x5E4A, 0x5E4A, 0x5E4A, 0x5E4A, 0x5E2A, 0x5E2A, 0x5E2A, 0x5E2A, 0x5E2A, 0x5E2A,
    0x562A, 0x562A, 0x562A, 0x562A, 0x562A, 0x560A, 0x560A, 0x560A, 0x560A, 0x560A, 0x560A, 0x560A, 0x560A, 0x4E0A, 0x4E0A, 0x4E0A,
    0x4E0A, 0x4DEA, 0x4DEA, 0x4DEA, 0x4DEA, 0x4DEA, 0x4DEA, 0x4DEA, 0x4DEA, 0x4DEA, 0x4DEA, 0x45EA, 0x45CA, 0x45CA, 0x45CA, 0x45CA,
    0x45CA, 0x45CA, 0x45CA, 0x45AA, 0x458A, 0x34E8, 0x552C, 0xF7DE, 0xFFFF, 0xFFFF, 0xFFFF, 0xFFFF, 0xFFFF, 0xFFFF, 0xFFFF, 0xFFFF,
    0xFFFF, 0xFFFF, 0xFFFF, 0xFFFF, 0xFFFF, 0xFFFF, 0xFFFF, 0xFFFF, 0xFFFF, 0xFFFF, 0xFFFF, 0xFFFF, 0xFFFF, 0xFFFF, 0xB6B8, 0x1C47,
    0x2CEA, 0x2D2A, 0x2D6B, 0x2D6B, 0x2D6B, 0x2D6B, 0x2D4A, 0x2D0A, 0x2489, 0x2C69, 0xEF9D, 0xFFFF, 0xFFFF, 0xFFFF, 0xFFFF, 0xFFFF,
    0xFFFF, 0xFFFF, 0xFFFF, 0xFFFF, 0xFFFF, 0xFFFF, 0xFFFF, 0xFFFF, 0xFFFF, 0xFFFF, 0xFFFF, 0xFFFF, 0xFFFF, 0xFFFF, 0xFFFF, 0xFFFF,
    0xFFFF, 0xFFFF, 0x6550, 0x0C28, 0x1CCB, 0x1CEB, 0x1D0B, 0x1D0B, 0x1D0B, 0x1D0B, 0x1D0B, 0x150B, 0x14EB, 0x14EB, 0x14EB, 0x14EB,
    0x14EB, 0x14EB, 0x14EB, 0x14EB, 0x14EB, 0x14EB, 0x14EB, 0x14CB, 0x0CCB, 0x0CCB, 0x0CCB, 0x0CCB, 0x0CCB, 0x0CCB, 0x0CCB, 0x0CCB,
    0x0CCB, 0x0CCB, 0x0CCB, 0x0CCB, 0x0CCB, 0x0CCB, 0x0CCB, 0x0CCB, 0x0CCB, 0x0CCB, 0x0CCB, 0x0CCB, 0x0CCB, 0x0CCB, 0x0CCB, 0x0CCB,
    0x0CCB, 0x0CCB, 0x0CCB, 0x0CCB, 0x0CCB, 0x0CCB, 0x0CCB, 0x0CCB, 0x666A, 0x666A, 0x664A, 0x664A, 0x664A, 0x664A, 0x664A, 0x5E4A,
    0x5E4A, 0x5E4A, 0x5E4A, 0x5E4A, 0x5E4A, 0x5E2A, 0x5E2A, 0x5E2A, 0x5E2A, 0x5E2A, 0x5E2A, 0x5E2A, 0x562A, 0x562A, 0x562A, 0x562A,
    0x560A, 0x560A, 0x560A, 0x560A, 0x560A, 0x560A, 0x560A, 0x560A, 0x560A, 0x4E0A, 0x4E0A, 0x4E0A, 0x4DEA, 0x4DEA, 0x4DEA, 0x4DEA,
    0x4DEA, 0x4DEA, 0x4DEA, 0x4DEA, 0x4DEA, 0x4DEA, 0x45EA, 0x45CA, 0x45CA, 0x45CA, 0x45CA, 0x45CA, 0x45CA, 0x45CA, 0x45CA, 0x45AA,
    0x456A, 0x34E8, 0x552C, 0xF7DF, 0xFFFF, 0xFFFF, 0xFFFF, 0xFFFF, 0xFFFF, 0xFFFF, 0xFFFF, 0xFFFF, 0xFFFF, 0xFFFF, 0xFFFF, 0xFFFF,
    0xFFFF, 0xFFFF, 0xFFFF, 0xFFFF, 0xFFFF, 0xFFFF, 0xFFFF, 0xFFFF, 0xFFFF, 0xFFFF, 0xBED8, 0x1C48, 0x2CEA, 0x2D2A, 0x2D6B, 0x2D6B,
    0x2D6B, 0x2D6B, 0x2D4A, 0x2D0A, 0x24A9, 0x2449, 0xDF5C, 0xFFFF, 0xFFFF, 0xFFFF, 0xFFFF, 0xFFFF, 0xFFFF, 0xFFFF, 0xFFFF, 0xFFFF,
    0xFFFF, 0xFFFF, 0xFFFF, 0xFFFF, 0xFFFF, 0xFFFF, 0xFFFF, 0xFFFF, 0xFFFF, 0xFFFF, 0xFFFF, 0xFFFF, 0xFFFF, 0xFFFF, 0x6D91, 0x0408,
    0x1CCB, 0x1CEB, 0x1D0B, 0x1D0B, 0x1D0B, 0x1D0B, 0x150B, 0x14EB, 0x14EB, 0x14EB, 0x14EB, 0x14EB, 0x14EB, 0x14EB, 0x14EB, 0x14EB,
    0x14EB, 0x14EB, 0x14CB, 0x0CCB, 0x0CCB, 0x0CCB, 0x0CCB, 0x0CCB, 0x0CCB, 0x0CCB, 0x0CCB, 0x0CCB, 0x0CCB, 0x0CCB, 0x0CCB, 0x0CCB,
    0x0CCB, 0x0CCB, 0x0CCB, 0x0CCB, 0x0CCB, 0x0CCB, 0x0CCB, 0x0CCB, 0x0CCB, 0x0CCB, 0x0CCB, 0x0CCB, 0x0CCB, 0x0CCB, 0x0CCB, 0x0CCB,
    0x0CCB, 0x0CCB, 0x0CCB, 0x0CCB, 0x664A, 0x664A, 0x664A, 0x664A, 0x664A, 0x5E4A, 0x5E4A, 0x5E4A, 0x5E4A, 0x5E4A, 0x5E4A, 0x5E4A,
    0x5E2A, 0x5E2A, 0x5E2A, 0x5E2A, 0x5E2A, 0x5E2A, 0x5E2A, 0x562A, 0x562A, 0x562A, 0x562A, 0x560A, 0x560A, 0x560A, 0x560A, 0x560A,
    0x560A, 0x560A, 0x560A, 0x560A, 0x4E0A, 0x4E0A, 0x4E0A, 0x4DEA, 0x4DEA, 0x4DEA, 0x4DEA, 0x4DEA, 0x4DEA, 0x4DEA, 0x4DEA, 0x4DEA,
    0x4DEA, 0x45EA, 0x45CA, 0x45CA, 0x45CA, 0x45CA, 0x45CA, 0x45CA, 0x45CA, 0x45CA, 0x45CA, 0x3DAA, 0x3D6A, 0x2CE8, 0x552C, 0xF7DF,
    0xFFFF, 0xFFFF, 0xFFFF, 0xFFFF, 0xFFFF, 0xFFFF, 0xFFFF, 0xFFFF, 0xFFFF, 0xFFFF, 0xFFFF, 0xFFFF, 0xFFFF, 0xFFFF, 0xFFFF, 0xFFFF,
    0xFFFF, 0xFFFF, 0xFFFF, 0xFFFF, 0xFFFF, 0xFFFF, 0xCF19, 0x2448, 0x2CEA, 0x2D2A, 0x2D4B, 0x2D6B, 0x2D6B, 0x2D6B, 0x2D4B, 0x2D0A,
    0x24A9, 0x2449, 0xDF5B, 0xFFFF, 0xFFFF, 0xFFFF, 0xFFFF, 0xFFFF, 0xFFFF, 0xFFFF, 0xFFFF, 0xFFFF, 0xFFFF, 0xFFFF, 0xFFFF, 0xFFFF,
    0xFFFF, 0xFFFF, 0xFFFF, 0xFFFF, 0xFFFF, 0xFFFF, 0xFFFF, 0xFFFF, 0xFFFF, 0xFFFF, 0x7592, 0x0408, 0x1CAB, 0x1CEB, 0x1D0B, 0x1D0B,
    0x1D0B, 0x14EB, 0x14EB, 0x14EB, 0x14EB, 0x14EB, 0x14EB, 0x14EB, 0x14EB, 0x14EB, 0x14EB, 0x14EB, 0x14EB, 0x14CB, 0x0CCB, 0x0CCB,
    0x0CCB, 0x0CCB, 0x0CCB, 0x0CCB, 0x0CCB, 0x0CCB, 0x0CCB, 0x0CCB, 0x0CCB, 0x0CCB, 0x0CCB, 0x0CCB, 0x0CCB, 0x0CCB, 0x0CCB, 0x0CCB,
    0x0CCB, 0x0CCB, 0x0CCB, 0x0CCB, 0x0CCB, 0x0CCB, 0x0CCB, 0x0CCB, 0x0CCB, 0x0CCB, 0x0CCB, 0x0CCB, 0x0CCB, 0x0CCB, 0x0CCB, 0x0CCB,
    0x664A, 0x664A, 0x664A, 0x5E4A, 0x5E4A, 0x5E4A, 0x5E4A, 0x5E4A, 0x5E4A, 0x5E4A, 0x5E4A, 0x5E2A, 0x5E2A, 0x5E2A, 0x5E2A, 0x5E2A,
    0x5E2A, 0x5E2A, 0x562A, 0x562A, 0x562A, 0x562A, 0x560A, 0x560A, 0x560A, 0x560A, 0x560A, 0x560A, 0x560A, 0x560A, 0x560A, 0x4E0A,
    0x4E0A, 0x4E0A, 0x4DEA, 0x4DEA, 0x4DEA, 0x4DEA, 0x4DEA, 0x4DEA, 0x4DEA, 0x4DEA, 0x4DEA, 0x4DEA, 0x45EA, 0x45CA, 0x45CA, 0x45CA,
    0x45CA, 0x45CA, 0x45CA, 0x45CA, 0x45CA, 0x45CA, 0x45AA, 0x3DAA, 0x3D6A, 0x2CE8, 0x4D0C, 0xF7DE, 0xFFFF, 0xFFFF, 0xFFFF, 0xFFFF,
    0xFFFF, 0xFFFF, 0xFFFF, 0xFFFF, 0xFFFF, 0xFFFF, 0xFFFF, 0xFFFF, 0xFFFF, 0xFFFF, 0xFFFF, 0xFFFF, 0xFFFF, 0xFFFF, 0xFFFF, 0xFFFF,
    0xFFFF, 0xFFFF, 0xDF7C, 0x2469, 0x2CE9, 0x2D2A, 0x2D4A, 0x2D6B, 0x2D6B, 0x2D6B, 0x2D4B, 0x2D0A, 0x24C9, 0x2449, 0xD75B, 0xFFFF,
    0xFFFF, 0xFFFF, 0xFFFF, 0xFFFF, 0xFFFF, 0xFFFF, 0xFFFF, 0xFFFF, 0xFFFF, 0xFFFF, 0xFFFF, 0xFFFF, 0xFFFF, 0xFFFF, 0xFFFF, 0xFFFF,
    0xFFFF, 0xFFFF, 0xFFFF, 0xFFFF, 0xFFFF, 0xFFFF, 0x7592, 0x0408, 0x1CAB, 0x1CEB, 0x1CEB, 0x1D0B, 0x150B, 0x14EB, 0x14EB, 0x14EB,
    0x14EB, 0x14EB, 0x14EB, 0x14EB, 0x14EB, 0x14EB, 0x14EB, 0x14EB, 0x14CB, 0x0CCB, 0x0CCB, 0x0CCB, 0x0CCB, 0x0CCB, 0x0CCB, 0x0CCB,
    0x0CCB, 0x0CCB, 0x0CCB, 0x0CCB, 0x0CCB, 0x0CCB, 0x0CCB, 0x0CCB, 0x0CCB, 0x0CCB, 0x0CCB, 0x0CCB, 0x0CCB, 0x0CCB, 0x0CCB, 0x0CCB,
    0x0CCB, 0x0CCB, 0x0CCB, 0x0CCB, 0x0CCB, 0x0CCB, 0x0CCB, 0x0CCB, 0x0CCB, 0x0CCB, 0x0CCB, 0x0CCB, 0x664A, 0x664A, 0x664A, 0x5E4A,
    0x5E4A, 0x5E4A, 0x5E4A, 0x5E4A, 0x5E4A, 0x5E4A, 0x5E2A, 0x5E2A, 0x5E2A, 0x5E2A, 0x5E2A, 0x5E2A, 0x5E2A, 0x562A, 0x562A, 0x562A,
    0x562A, 0x560A, 0x560A, 0x560A, 0x560A, 0x560A, 0x560A, 0x560A, 0x560A, 0x560A, 0x4E0A, 0x4E0A, 0x4E0A, 0x4DEA, 0x4DEA, 0x4DEA,
    0x4DEA, 0x4DEA, 0x4DEA, 0x4DEA, 0x4DEA, 0x4DEA, 0x4DEA, 0x45EA, 0x45CA, 0x45CA, 0x45CA, 0x45CA, 0x45CA, 0x45CA, 0x45CA, 0x45CA,
    0x45CA, 0x45CA, 0x45AA, 0x3DAA, 0x3D6A, 0x34E8, 0x4CEB, 0xF7DE, 0xFFFF, 0xFFFF, 0xFFFF, 0xFFFF, 0xFFFF, 0xFFFF, 0xFFFF, 0xFFFF,
    0xFFFF, 0xFFFF, 0xFFFF, 0xFFFF, 0xFFFF, 0xFFFF, 0xFFFF, 0xFFFF, 0xFFFF, 0xFFFF, 0xFFFF, 0xFFFF, 0xFFFF, 0xFFFF, 0xEFBD, 0x34AA,
    0x24C9, 0x2D2A, 0x2D4A, 0x2D6B, 0x2D6B, 0x2D4B, 0x2D4B, 0x2D0A, 0x24A9, 0x2449, 0xDF7C, 0xFFFF, 0xFFFF, 0xFFFF, 0xFFFF, 0xFFFF,
    0xFFFF, 0xFFFF, 0xFFFF, 0xFFFF, 0xFFFF, 0xFFFF, 0xFFFF, 0xFFFF, 0xFFFF, 0xFFFF, 0xFFFF, 0xFFFF, 0xFFFF, 0xFFFF, 0xFFFF, 0xFFFF,
    0xFFFF, 0xFFFF, 0x6D71, 0x0408, 0x1CAB, 0x14EB, 0x1CEB, 0x14EB, 0x14EB, 0x14EB, 0x14EB, 0x14EB, 0x14EB, 0x14EB, 0x14EB, 0x14EB,
    0x14EB, 0x14EB, 0x14EB, 0x14CB, 0x0CCB, 0x0CCB, 0x0CCB, 0x0CCB, 0x0CCB, 0x0CCB, 0x0CCB, 0x0CCB, 0x0CCB, 0x0CCB, 0x0CCB, 0x0CCB,
    0x0CCB, 0x0CCB, 0x0CCB, 0x0CCB, 0x0CCB, 0x0CCB, 0x0CCB, 0x0CCB, 0x0CCB, 0x0CCB, 0x0CCB, 0x0CCB, 0x0CCB, 0x0CCB, 0x0CCB, 0x0CCB,
    0x0CCB, 0x0CCB, 0x0CCB, 0x0CCB, 0x0CCB, 0x0CCB, 0x0CCB, 0x0CCB, 0x664A, 0x664A, 0x5E4A, 0x5E4A, 0x5E4A, 0x5E4A, 0x5E4A, 0x5E4A,
    0x5E4A, 0x5E2A, 0x5E2A, 0x5E2A, 0x5E2A, 0x5E2A, 0x5E2A, 0x562A, 0x562A, 0x562A, 0x562A, 0x562A, 0x560A, 0x560A, 0x560A, 0x560A,
    0x560A, 0x560A, 0x560A, 0x560A, 0x560A, 0x4E0A, 0x4E0A, 0x4E0A, 0x4DEA, 0x4DEA, 0x4DEA, 0x4DEA, 0x4DEA, 0x4DEA, 0x4DEA, 0x4DEA,
    0x4DEA, 0x4DEA, 0x45EA, 0x45CA, 0x45CA, 0x45CA, 0x45CA, 0x45CA, 0x45CA, 0x45CA, 0x45CA, 0x45CA, 0x45CA, 0x45CA, 0x3DAA, 0x3D8A,
    0x3D6A, 0x34E9, 0x3CCA, 0xEFBD, 0xFFFF, 0xFFFF, 0xFFFF, 0xFFFF, 0xFFFF, 0xFFFF, 0xFFFF, 0xFFFF, 0xFFFF, 0xFFFF, 0xFFFF, 0xFFFF,
    0xFFFF, 0xFFFF, 0xFFFF, 0xFFFF, 0xFFFF, 0xFFFF, 0xFFFF, 0xFFFF, 0xFFFF, 0xFFFF, 0xF7BE, 0x44EC, 0x24A9, 0x2D2A, 0x2D4B, 0x2D4B,
    0x2D4B, 0x2D4B, 0x2D4B, 0x2D0A, 0x24A9, 0x2C8A, 0xEF9D, 0xFFFF, 0xFFFF, 0xFFFF, 0xFFFF, 0xFFFF, 0xFFFF, 0xFFFF, 0xFFFF, 0xFFFF,
    0xFFFF, 0xFFFF, 0xFFFF, 0xFFFF, 0xFFFF, 0xFFFF, 0xFFFF, 0xFFFF, 0xFFFF, 0xFFFF, 0xFFFF, 0xFFFF, 0xFFFF, 0xFFFF, 0x5D50, 0x0408,
    0x1CAB, 0x14EB, 0x14EB, 0x14EB, 0x14EB, 0x14EB, 0x14EB, 0x14EB, 0x14EB, 0x14EB, 0x14EB, 0x14EB, 0x14EB, 0x14EB, 0x14CB, 0x0CCB,
    0x0CCB, 0x0CCB, 0x0CCB, 0x0CCB, 0x0CCB, 0x0CCB, 0x0CCB, 0x0CCB, 0x0CCB, 0x0CCB, 0x0CCB, 0x0CCB, 0x0CCB, 0x0CCB, 0x0CCB, 0x0CCB,
    0x0CCB, 0x0CCB, 0x0CCB, 0x0CCB, 0x0CCB, 0x0CCB, 0x0CCB, 0x0CCB, 0x0CCB, 0x0CCB, 0x0CCB, 0x0CCB, 0x0CCB, 0x0CCB, 0x0CCB, 0x0CCB,
    0x0CCB, 0x0CCB, 0x0CCB, 0x0CCB, 0x664A, 0x5E4A, 0x5E4A, 0x5E4A, 0x5E4A, 0x5E4A, 0x5E4A, 0x5E4A, 0x5E2A, 0x5E2A, 0x5E2A, 0x5E2A,
    0x5E2A, 0x5E2A, 0x5E2A, 0x562A, 0x562A, 0x562A, 0x562A, 0x560A, 0x560A, 0x560A, 0x560A, 0x560A, 0x560A, 0x560A, 0x560A, 0x560A,
    0x4E0A, 0x4E0A, 0x4DEA, 0x4DEA, 0x4DEA, 0x4DEA, 0x4DEA, 0x4DEA, 0x4DEA, 0x4DEA, 0x4DEA, 0x4DEA, 0x4DEA, 0x45EA, 0x45CA, 0x45CA,
    0x45CA, 0x45CA, 0x45CA, 0x45CA, 0x45CA, 0x45CA, 0x45CA, 0x45CA, 0x45CA, 0x45AA, 0x3DAA, 0x3DAA, 0x3D6A, 0x3509, 0x3488, 0xDF7C,
    0xFFFF, 0xFFFF, 0xFFFF, 0xFFFF, 0xFFFF, 0xFFFF, 0xFFFF, 0xFFFF, 0xFFFF, 0xFFFF, 0xFFFF, 0xFFFF, 0xFFFF, 0xFFFF, 0xFFFF, 0xFFFF,
    0xFFFF, 0xFFFF, 0xFFFF, 0xFFFF, 0xFFFF, 0xFFFF, 0xFFFF, 0x656F, 0x1C88, 0x2D2B, 0x2D4B, 0x2D4B, 0x2D4B, 0x2D4B, 0x2D2B, 0x2D0A,
    0x1C89, 0x3CAB, 0xF7BE, 0xFFFF, 0xFFFF, 0xFFFF, 0xFFFF, 0xFFFF, 0xFFFF, 0xFFFF, 0xFFFF, 0xFFFF, 0xFFFF, 0xFFFF, 0xFFFF, 0xFFFF,
    0xFFFF, 0xFFFF, 0xFFFF, 0xFFFF, 0xFFFF, 0xFFFF, 0xFFFF, 0xFFFF, 0xFFFF, 0xFFFF, 0x4CEE, 0x0C08, 0x1CAB, 0x14EB, 0x14EB, 0x14EB,
    0x14EB, 0x14EB, 0x14EB, 0x14EB, 0x14EB, 0x14EB, 0x14EB, 0x14EB, 0x14EB, 0x14CB, 0x0CCB, 0x0CCB, 0x0CCB, 0x0CCB, 0x0CCB, 0x0CCB,
    0x0CCB, 0x0CCB, 0x0CCB, 0x0CCB, 0x0CCB, 0x0CCB, 0x0CCB, 0x0CCB, 0x0CCB, 0x0CCB, 0x0CCB, 0x0CCB, 0x0CCB, 0x0CCB, 0x0CCB, 0x0CCB,
    0x0CCB, 0x0CCB, 0x0CCB, 0x0CCB, 0x0CCB, 0x0CCB, 0x0CCB, 0x0CCB, 0x0CCB, 0x0CCB, 0x0CCB, 0x0CCB, 0x0CCB, 0x0CCB, 0x0CCB, 0x0CCB,
    0x5E4A, 0x5E4A, 0x5E4A, 0x5E4A, 0x5E4A, 0x5E4A, 0x5E4A, 0x5E2A, 0x5E2A, 0x5E2A, 0x5E2A, 0x5E2A, 0x5E2A, 0x5E2A, 0x562A, 0x562A,
    0x562A, 0x562A, 0x560A, 0x560A, 0x560A, 0x560A, 0x560A, 0x560A, 0x560A, 0x560A, 0x560A, 0x4E0A, 0x4E0A, 0x4DEA, 0x4DEA, 0x4DEA,
    0x4DEA, 0x4DEA, 0x4DEA, 0x4DEA, 0x4DEA, 0x4DEA, 0x4DEA, 0x4DEA, 0x45EA, 0x45CA, 0x45CA, 0x45CA, 0x45CA, 0x45CA, 0x45CA, 0x45CA,
    0x45CA, 0x45CA, 0x45CA, 0x45CA, 0x45AA, 0x3DAA, 0x3DAA, 0x3D8A, 0x3D6A, 0x3509, 0x2C68, 0xC719, 0xFFFF, 0xFFFF, 0xFFFF, 0xFFFF,
    0xFFFF, 0xFFFF, 0xFFFF, 0xFFFF, 0xFFFF, 0xFFFF, 0xFFFF, 0xFFFF, 0xFFFF, 0xFFFF, 0xFFFF, 0xFFFF, 0xF7DE, 0xEF9D, 0xD73B, 0xBEB8,
    0xA635, 0x85D3, 0x7591, 0x3CEB, 0x24C9, 0x2D2A, 0x2D4B, 0x2D4B, 0x2D4B, 0x2D4B, 0x2D2B, 0x2D0A, 0x1468, 0x552E, 0xFFFF, 0xFFFF,
    0xFFFF, 0xFFFF, 0xFFFF, 0xFFFF, 0xFFFF, 0xFFFF, 0xFFFF, 0xFFFF, 0xFFFF, 0xFFFF, 0xFFFF, 0xFFFF, 0xFFFF, 0xFFFF, 0xFFFF, 0xFFFF,
    0xFFFF, 0xFFFF, 0xFFFF, 0xFFFF, 0xFFFF, 0xF7DE, 0x3CAC, 0x0C29, 0x1CAB, 0x14CB, 0x14EB, 0x14EB, 0x14EB, 0x14EB, 0x14EB, 0x14EB,
    0x14EB, 0x14EB, 0x14EB, 0x14EB, 0x14CB, 0x0CCB, 0x0CCB, 0x0CCB, 0x0CCB, 0x0CCB, 0x0CCB, 0x0CCB, 0x0CCB, 0x0CCB, 0x0CCB, 0x0CCB,
    0x0CCB, 0x0CCB, 0x0CCB, 0x0CCB, 0x0CCB, 0x0CCB, 0x0CCB, 0x0CCB, 0x0CCB, 0x0CCB, 0x0CCB, 0x0CCB, 0x0CCB, 0x0CCB, 0x0CCB, 0x0CCB,
    0x0CCB, 0x0CCB, 0x0CCB, 0x0CCB, 0x0CCB, 0x0CCB, 0x0CCB, 0x0CCB, 0x0CCB, 0x0CCB, 0x0CCB, 0x0CCB, 0x5E4A, 0x5E4A, 0x5E4A, 0x5E4A,
    0x5E4A, 0x5E4A, 0x5E2A, 0x5E2A, 0x5E2A, 0x5E2A, 0x5E2A, 0x5E2A, 0x562A, 0x562A, 0x562A, 0x562A, 0x562A, 0x560A, 0x560A, 0x560A,
    0x560A, 0x560A, 0x560A, 0x560A, 0x560A, 0x560A, 0x4E0A, 0x4E0A, 0x4DEA, 0x4DEA, 0x4DEA, 0x4DEA, 0x4DEA, 0x4DEA, 0x4DEA, 0x4DEA,
    0x4DEA, 0x4DEA, 0x4DEA, 0x45EA, 0x45CA, 0x45CA, 0x45CA, 0x45CA, 0x45CA, 0x45CA, 0x45CA, 0x45CA, 0x45CA, 0x45CA, 0x45CA, 0x45AA,
    0x3DAA, 0x3DAA, 0x3DAA, 0x3D8A, 0x3D6A, 0x3D2A, 0x2467, 0xAE97, 0xFFFF, 0xFFFF, 0xFFFF, 0xFFFF, 0xFFFF, 0xFFFF, 0xFFFF, 0xFFFF,
    0xF7DE, 0xE77C, 0xCF1A, 0xB697, 0xA635, 0x8DB2, 0x6D2F, 0x54CD, 0x3C6A, 0x2C09, 0x1BE7, 0x13C6, 0x13C6, 0x13E6, 0x1427, 0x2489,
    0x2CEA, 0x2D2A, 0x2D4B, 0x2D4B, 0x2D4B, 0x2D4B, 0x252B, 0x2D0A, 0x1448, 0x7DD2, 0xFFFF, 0xFFFF, 0xFFFF, 0xFFFF, 0xFFFF, 0xFFFF,
    0xFFFF, 0xFFFF, 0xFFFF, 0xFFFF, 0xFFFF, 0xFFFF, 0xFFFF, 0xFFFF, 0xFFFF, 0xFFFF, 0xFFFF, 0xFFFF, 0xFFFF, 0xFFFF, 0xFFFF, 0xFFFF,
    0xFFFF, 0xEFBE, 0x244A, 0x0C49, 0x14AB, 0x14EB, 0x14EB, 0x14EB, 0x14EB, 0x14EB, 0x14EB, 0x14EB, 0x14EB, 0x14EB, 0x14EB, 0x14CB,
    0x0CCB, 0x0CCB, 0x0CCB, 0x0CCB, 0x0CCB, 0x0CCB, 0x0CCB, 0x0CCB, 0x0CCB, 0x0CCB, 0x0CCB, 0x0CCB, 0x0CCB, 0x0CCB, 0x0CCB, 0x0CCB,
    0x0CCB, 0x0CCB, 0x0CCB, 0x0CCB, 0x0CCB, 0x0CCB, 0x0CCB, 0x0CCB, 0x0CCB, 0x0CCB, 0x0CCB, 0x0CCB, 0x0CCB, 0x0CCB, 0x0CCB, 0x0CCB,
    0x0CCB, 0x0CCB, 0x0CCB, 0x0CCB, 0x0CCB, 0x0CCB, 0x0CCB, 0x0CCB, 0x5E4A, 0x5E4A, 0x5E4A, 0x5E4A, 0x5E4A, 0x5E2A, 0x5E2A, 0x5E2A,
    0x5E2A, 0x5E2A, 0x5E2A, 0x562A, 0x562A, 0x562A, 0x562A, 0x562A, 0x560A, 0x560A, 0x560A, 0x560A, 0x560A, 0x560A, 0x560A, 0x560A,
    0x560A, 0x4E0A, 0x4E0A, 0x4DEA, 0x4DEA, 0x4DEA, 0x4DEA, 0x4DEA, 0x4DEA, 0x4DEA, 0x4DEA, 0x4DEA, 0x4DEA, 0x4DEA, 0x45EA, 0x45CA,
    0x45CA, 0x45CA, 0x45CA, 0x45CA, 0x45CA, 0x45CA, 0x45CA, 0x45CA, 0x45CA, 0x45CA, 0x45AA, 0x3DAA, 0x3DAA, 0x3DAA, 0x3DAA, 0x3DAA,
    0x3D6A, 0x3D2A, 0x2487, 0x9633, 0xF7BE, 0xDF7C, 0xD71A, 0xBEB8, 0x9E34, 0x8592, 0x6D2F, 0x54CC, 0x3C6A, 0x2C08, 0x23E7, 0x1BC6,
    0x13A6, 0x13A6, 0x13C6, 0x1BE7, 0x1BE7, 0x2408, 0x2428, 0x2449, 0x2469, 0x2C89, 0x2CAA, 0x2CEA, 0x2D0A, 0x2D2B, 0x2D4B, 0x2D4B,
    0x2D4B, 0x2D4B, 0x252A, 0x24EA, 0x1448, 0xAE97, 0xFFFF, 0xFFFF, 0xFFFF, 0xFFFF, 0xFFFF, 0xFFFF, 0xFFFF, 0xFFFF, 0xFFFF, 0xFFFF,
    0xFFFF, 0xFFFF, 0xFFFF, 0xFFFF, 0xFFFF, 0xFFFF, 0xFFFF, 0xFFFF, 0xFFFF, 0xFFFF, 0xFFFF, 0xFFFF, 0xFFFF, 0xD73B, 0x13E9, 0x144A,
    0x14AB, 0x14CB, 0x14EB, 0x14EB, 0x14EB, 0x14EB, 0x14EB, 0x14EB, 0x14EB, 0x14EB, 0x14CB, 0x0CCB, 0x0CCB, 0x0CCB, 0x0CCB, 0x0CCB,
    0x0CCB, 0x0CCB, 0x0CCB, 0x0CCB, 0x0CCB, 0x0CCB, 0x0CCB, 0x0CCB, 0x0CCB, 0x0CCB, 0x0CCB, 0x0CCB, 0x0CCB, 0x0CCB, 0x0CCB, 0x0CCB,
    0x0CCB, 0x0CCB, 0x0CCB, 0x0CCB, 0x0CCB, 0x0CCB, 0x0CCB, 0x0CCB, 0x0CCB, 0x0CCB, 0x0CCB, 0x0CCB, 0x0CCB, 0x0CCB, 0x0CCB, 0x0CCB,
    0x0CCB, 0x0CCB, 0x0CCB, 0x0CCB, 0x5E4A, 0x5E4A, 0x5E4A, 0x5E2A, 0x5E2A, 0x5E2A, 0x5E2A, 0x5E2A, 0x5E2A, 0x5E2A, 0x562A, 0x562A,
    0x562A, 0x562A, 0x562A, 0x560A, 0x560A, 0x560A, 0x560A, 0x560A, 0x560A, 0x560A, 0x560A, 0x560A, 0x4E0A, 0x4E0A, 0x4DEA, 0x4DEA,
    0x4DEA, 0x4DEA, 0x4DEA, 0x4DEA, 0x4DEA, 0x4DEA, 0x4DEA, 0x4DEA, 0x4DEA, 0x45EA, 0x45CA, 0x45CA, 0x45CA, 0x45CA, 0x45CA, 0x45CA,
    0x45CA, 0x45CA, 0x45CA, 0x45CA, 0x45CA, 0x45AA, 0x3DAA, 0x3DAA, 0x3DAA, 0x3DAA, 0x3DAA, 0x3D8A, 0x3D8A, 0x3D4A, 0x34E9, 0x3CCA,
    0x44CB, 0x2C48, 0x23E7, 0x1BC6, 0x13C6, 0x13C6, 0x1BC6, 0x1BE7, 0x1C07, 0x2428, 0x2448, 0x2C68, 0x2C69, 0x2C69, 0x2C89, 0x2C89,
    0x2C89, 0x2CA9, 0x2CA9, 0x24A9, 0x24C9, 0x2CCA, 0x2CEA, 0x2D0A, 0x2D2A, 0x2D4B, 0x2D4B, 0x2D4B, 0x2D4B, 0x252B, 0x250A, 0x24CA,
    0x2469, 0xD75B, 0xFFFF, 0xFFFF, 0xFFFF, 0xFFFF, 0xFFFF, 0xFFFF, 0xFFFF, 0xFFFF, 0xFFFF, 0xFFFF, 0xFFFF, 0xFFFF, 0xFFFF, 0xFFFF,
    0xFFFF, 0xFFFF, 0xFFFF, 0xFFFF, 0xFFFF, 0xFFFF, 0xFFFF, 0xFFFF, 0xFFFF, 0xAE77, 0x03C8, 0x146A, 0x14AB, 0x14EB, 0x14EB, 0x14EB,
    0x14EB, 0x14EB, 0x14EB, 0x14EB, 0x14EB, 0x14CB, 0x0CCB, 0x0CCB, 0x0CCB, 0x0CCB, 0x0CCB, 0x0CCB, 0x0CCB, 0x0CCB, 0x0CCB, 0x0CCB,
    0x0CCB, 0x0CCB, 0x0CCB, 0x0CCB, 0x0CCB, 0x0CCB, 0x0CCB, 0x0CCB, 0x0CCB, 0x0CCB, 0x0CCB, 0x0CCB, 0x0CCB, 0x0CCB, 0x0CCB, 0x0CCB,
    0x0CCB, 0x0CCB, 0x0CCB, 0x0CCB, 0x0CCB, 0x0CCB, 0x0CCB, 0x0CCB, 0x0CCB, 0x0CCB, 0x0CCB, 0x0CCB, 0x0CCB, 0x0CCB, 0x0CCB, 0x0CCB,
    0x5E4A, 0x5E4A, 0x5E4A, 0x5E2A, 0x5E2A, 0x5E2A, 0x5E2A, 0x5E2A, 0x5E2A, 0x562A, 0x562A, 0x562A, 0x562A, 0x562A, 0x560A, 0x560A,
    0x560A, 0x560A, 0x560A, 0x560A, 0x560A, 0x560A, 0x560A, 0x4E0A, 0x4E0A, 0x4DEA, 0x4DEA, 0x4DEA, 0x4DEA, 0x4DEA, 0x4DEA, 0x4DEA,
    0x4DEA, 0x4DEA, 0x4DEA, 0x4DEA, 0x45EA, 0x45CA, 0x45CA, 0x45CA, 0x45CA, 0x45CA, 0x45CA, 0x45CA, 0x45CA, 0x45CA, 0x45CA, 0x45CA,
    0x45AA, 0x3DAA, 0x3DAA, 0x3DAA, 0x3DAA, 0x3DAA, 0x3DAA, 0x3DAA, 0x3D8A, 0x354A, 0x352A, 0x2CC9, 0x2468, 0x2C68, 0x2C68, 0x2C68,
    0x2C89, 0x2C89, 0x2C89, 0x2CA9, 0x2CA9, 0x2CA9, 0x2CA9, 0x2CC9, 0x2CC9, 0x2CC9, 0x2CE9, 0x2CEA, 0x2CEA, 0x2CEA, 0x2D0A, 0x2D0A,
    0x2D0A, 0x2D2A, 0x2D2A, 0x2D2B, 0x2D4B, 0x2D4B, 0x2D4B, 0x2D4B, 0x2D4B, 0x252B, 0x250A, 0x1C89, 0x44ED, 0xFFFF, 0xFFFF, 0xFFFF,
    0xFFFF, 0xFFFF, 0xFFFF, 0xFFFF, 0xFFFF, 0xFFFF, 0xFFFF, 0xFFFF, 0xFFFF, 0xFFFF, 0xFFFF, 0xFFFF, 0xFFFF, 0xFFFF, 0xFFFF, 0xFFFF,
    0xFFFF, 0xFFFF, 0xFFFF, 0xFFFF, 0xFFFF, 0x7DB3, 0x03C7, 0x1C8A, 0x14AB, 0x14EB, 0x14EB, 0x14EB, 0x14EB, 0x14EB, 0x14EB, 0x14EB,
    0x0CCB, 0x0CCB, 0x0CCB, 0x0CCB, 0x0CCB, 0x0CCB, 0x0CCB, 0x0CCB, 0x0CCB, 0x0CCB, 0x0CCB, 0x0CCB, 0x0CCB, 0x0CCB, 0x0CCB, 0x0CCB,
    0x0CCB, 0x0CCB, 0x0CCB, 0x0CCB, 0x0CCB, 0x0CCB, 0x0CCB, 0x0CCB, 0x0CCB, 0x0CCB, 0x0CCB, 0x0CCB, 0x0CCB, 0x0CCB, 0x0CCB, 0x0CCB,
    0x0CCB, 0x0CCB, 0x0CCB, 0x0CCB, 0x0CCB, 0x0CCB, 0x0CCB, 0x0CCB, 0x0CCB, 0x0CCB, 0x0CCB, 0x0CCB, 0x5E4A, 0x5E4A, 0x5E2A, 0x5E2A,
    0x5E2A, 0x5E2A, 0x5E2A, 0x5E2A, 0x562A, 0x562A, 0x562A, 0x562A, 0x562A, 0x560A, 0x560A, 0x560A, 0x560A, 0x560A, 0x560A, 0x560A,
    0x560A, 0x560A, 0x4E0A, 0x4E0A, 0x4DEA, 0x4DEA, 0x4DEA, 0x4DEA, 0x4DEA, 0x4DEA, 0x4DEA, 0x4DEA, 0x4DEA, 0x4DEA, 0x4DEA, 0x45CA,
    0x45CA, 0x45CA, 0x45CA, 0x45CA, 0x45CA, 0x45CA, 0x45CA, 0x45CA, 0x45CA, 0x45CA, 0x45CA, 0x45AA, 0x3DAA, 0x3DAA, 0x3DAA, 0x3DAA,
    0x3DAA, 0x3DAA, 0x3DAA, 0x3DAA, 0x3D8A, 0x3D6A, 0x354A, 0x352A, 0x350A, 0x34E9, 0x34C9, 0x2CC9, 0x2CC9, 0x2CE9, 0x2CE9, 0x2D09,
    0x2D0A, 0x2D0A, 0x2D0A, 0x2D0A, 0x2D2A, 0x2D2A, 0x2D2A, 0x2D2A, 0x2D2A, 0x2D4A, 0x2D4A, 0x2D4B, 0x2D4B, 0x2D4B, 0x2D4B, 0x2D4B,
    0x2D4B, 0x2D4B, 0x2D4B, 0x2D4B, 0x254B, 0x252B, 0x24EB, 0x1448, 0x8E13, 0xFFFF, 0xFFFF, 0xFFFF, 0xFFFF, 0xFFFF, 0xFFFF, 0xFFFF,
    0xFFFF, 0xFFFF, 0xFFFF, 0xFFFF, 0xFFFF, 0xFFFF, 0xFFFF, 0xFFFF, 0xFFFF, 0xFFFF, 0xFFFF, 0xFFFF, 0xFFFF, 0xFFFF, 0xFFFF, 0xFFFF,
    0xFFFF, 0x4CEE, 0x03E8, 0x148A, 0x14CB, 0x14EB, 0x14EB, 0x14EB, 0x14EB, 0x14EB, 0x14EB, 0x0CCB, 0x0CCB, 0x0CCB, 0x0CCB, 0x0CCB,
    0x0CCB, 0x0CCB, 0x0CCB, 0x0CCB, 0x0CCB, 0x0CCB, 0x0CCB, 0x0CCB, 0x0CCB, 0x0CCB, 0x0CCB, 0x0CCB, 0x0CCB, 0x0CCB, 0x0CCB, 0x0CCB,
    0x0CCB, 0x0CCB, 0x0CCB, 0x0CCB, 0x0CCB, 0x0CCB, 0x0CCB, 0x0CCB, 0x0CCB, 0x0CCB, 0x0CCB, 0x0CCB, 0x0CCB, 0x0CCB, 0x0CCB, 0x0CCB,
    0x0CCB, 0x0CCB, 0x0CCB, 0x0CCB, 0x0CCB, 0x0CCB, 0x0CCB, 0x0CCB, 0x5E2A, 0x5E2A, 0x5E2A, 0x5E2A, 0x5E2A, 0x5E2A, 0x5E2A, 0x562A,
    0x562A, 0x562A, 0x562A, 0x562A, 0x560A, 0x560A, 0x560A, 0x560A, 0x560A, 0x560A, 0x560A, 0x560A, 0x560A, 0x4E0A, 0x4E0A, 0x4DEA,
    0x4DEA, 0x4DEA, 0x4DEA, 0x4DEA, 0x4DEA, 0x4DEA, 0x4DEA, 0x4DEA, 0x4DEA, 0x4DEA, 0x45EA, 0x45CA, 0x45CA, 0x45CA, 0x45CA, 0x45CA,
    0x45CA, 0x45CA, 0x45CA, 0x45CA, 0x45CA, 0x45CA, 0x45AA, 0x3DAA, 0x3DAA, 0x3DAA, 0x3DAA, 0x3DAA, 0x3DAA, 0x3DAA, 0x3DAA, 0x3D8A,
    0x3D8A, 0x3D8A, 0x356A, 0x354A, 0x354A, 0x352A, 0x352A, 0x352A, 0x352A, 0x354A, 0x354A, 0x354A, 0x354A, 0x354A, 0x354A, 0x354A,
    0x2D4B, 0x2D4B, 0x2D4B, 0x2D4B, 0x2D4B, 0x2D4B, 0x2D4B, 0x2D4B, 0x2D4B, 0x2D4B, 0x2D4B, 0x2D4B, 0x2D4B, 0x2D4B, 0x2D4B, 0x254B,
    0x254B, 0x250B, 0x24CA, 0x1C69, 0xD73B, 0xFFFF, 0xFFFF, 0xFFFF, 0xFFFF, 0xFFFF, 0xFFFF, 0xFFFF, 0xFFFF, 0xFFFF, 0xFFFF, 0xFFFF,
    0xFFFF, 0xFFFF, 0xFFFF, 0xFFFF, 0xFFFF, 0xFFFF, 0xFFFF, 0xFFFF, 0xFFFF, 0xFFFF, 0xFFFF, 0xFFFF, 0xE77D, 0x242A, 0x0C29, 0x148A,
    0x14CB, 0x14CB, 0x14EB, 0x14EB, 0x14EB, 0x14EB, 0x0CCB, 0x0CCB, 0x0CCB, 0x0CCB, 0x0CCB, 0x0CCB, 0x0CCB, 0x0CCB, 0x0CCB, 0x0CCB,
    0x0CCB, 0x0CCB, 0x0CCB, 0x0CCB, 0x0CCB, 0x0CCB, 0x0CCB, 0x0CCB, 0x0CCB, 0x0CCB, 0x0CCB, 0x0CCB, 0x0CCB, 0x0CCB, 0x0CCB, 0x0CCB,
    0x0CCB, 0x0CCB, 0x0CCB, 0x0CCB, 0x0CCB, 0x0CCB, 0x0CCB, 0x0CCB, 0x0CCB, 0x0CCB, 0x0CCB, 0x0CCB, 0x0CCB, 0x0CCB, 0x0CCB, 0x0CCB,
    0x0CCB, 0x0CCB, 0x0CCB, 0x0CCB, 0x5E2A, 0x5E2A, 0x5E2A, 0x5E2A, 0x5E2A, 0x5E2A, 0x562A, 0x562A, 0x562A, 0x562A, 0x562A, 0x560A,
    0x560A, 0x560A, 0x560A, 0x560A, 0x560A, 0x560A, 0x560A, 0x4E0A, 0x4E0A, 0x4E0A, 0x4DEA, 0x4DEA, 0x4DEA, 0x4DEA, 0x4DEA, 0x4DEA,
    0x4DEA, 0x4DEA, 0x4DEA, 0x4DEA, 0x4DEA, 0x45EA, 0x45CA, 0x45CA, 0x45CA, 0x45CA, 0x45CA, 0x45CA, 0x45CA, 0x45CA, 0x45CA, 0x45CA,
    0x45CA, 0x45AA, 0x3DAA, 0x3DAA, 0x3DAA, 0x3DAA, 0x3DAA, 0x3DAA, 0x3DAA, 0x3DAA, 0x3DAA, 0x3DAA, 0x3D8B, 0x3D8A, 0x358A, 0x356A,
    0x356A, 0x356A, 0x356A, 0x356A, 0x356A, 0x356A, 0x356A, 0x356B, 0x356B, 0x356B, 0x356B, 0x356B, 0x2D6B, 0x2D6B, 0x2D6B, 0x2D6B,
    0x2D6B, 0x2D6B, 0x2D6B, 0x2D4B, 0x2D4B, 0x2D4B, 0x2D4B, 0x2D4B, 0x2D4B, 0x2D4B, 0x254B, 0x254B, 0x252B, 0x250B, 0x1489, 0x4D0E,
    0xFFFF, 0xFFFF, 0xFFFF, 0xFFFF, 0xFFFF, 0xFFFF, 0xFFFF, 0xFFFF, 0xFFFF, 0xFFFF, 0xFFFF, 0xFFFF, 0xFFFF, 0xFFFF, 0xFFFF, 0xFFFF,
    0xFFFF, 0xFFFF, 0xFFFF, 0xFFFF, 0xFFFF, 0xFFFF, 0xFFFF, 0xFFFF, 0xB6B8, 0x03C8, 0x146A, 0x14AB, 0x14CB, 0x14EB, 0x14EB, 0x14EB,
    0x14EB, 0x0CCB, 0x0CCB, 0x0CCB, 0x0CCB, 0x0CCB, 0x0CCB, 0x0CCB, 0x0CCB, 0x0CCB, 0x0CCB, 0x0CCB, 0x0CCB, 0x0CCB, 0x0CCB, 0x0CCB,
    0x0CCB, 0x0CCB, 0x0CCB, 0x0CCB, 0x0CCB, 0x0CCB, 0x0CCB, 0x0CCB, 0x0CCB, 0x0CCB, 0x0CCB, 0x0CCB, 0x0CCB, 0x0CCB, 0x0CCB, 0x0CCB,
    0x0CCB, 0x0CCB, 0x0CCB, 0x0CCB, 0x0CCB, 0x0CCB, 0x0CCB, 0x0CCB, 0x0CCB, 0x0CCB, 0x0CCB, 0x0CCB, 0x0CCB, 0x0CCB, 0x0CCB, 0x0CCB,
    0x5E2A, 0x5E2A, 0x5E2A, 0x5E2A, 0x5E2A, 0x562A, 0x562A, 0x562A, 0x562A, 0x562A, 0x560A, 0x560A, 0x560A, 0x560A, 0x560A, 0x560A,
    0x560A, 0x560A, 0x4E0A, 0x4E0A, 0x4E0A, 0x4DEA, 0x4DEA, 0x4DEA, 0x4DEA, 0x4DEA, 0x4DEA, 0x4DEA, 0x4DEA, 0x4DEA, 0x4DEA, 0x4DEA,
    0x45CA, 0x45CA, 0x45CA, 0x45CA, 0x45CA, 0x45CA, 0x45CA, 0x45CA, 0x45CA, 0x45CA, 0x45CA, 0x45CA, 0x45AA, 0x3DAA, 0x3DAA, 0x3DAA,
    0x3DAA, 0x3DAA, 0x3DAA, 0x3DAA, 0x3DAA, 0x3DAA, 0x3DAA, 0x3D8B, 0x3D8B, 0x3D8B, 0x358B, 0x358B, 0x358B, 0x358B, 0x358B, 0x358B,
    0x358B, 0x358B, 0x358B, 0x356B, 0x356B, 0x356B, 0x356B, 0x2D6B, 0x2D6B, 0x2D6B, 0x2D6B, 0x2D6B, 0x2D6B, 0x2D6B, 0x2D4B, 0x2D4B,
    0x2D4B, 0x2D4B, 0x2D4B, 0x2D4B, 0x2D4B, 0x254B, 0x254B, 0x252B, 0x252B, 0x24EB, 0x1448, 0x9E55, 0xFFFF, 0xFFFF, 0xFFFF, 0xFFFF,
    0xFFFF, 0xFFFF, 0xFFFF, 0xFFFF, 0xFFFF, 0xFFFF, 0xFFFF, 0xFFFF, 0xFFFF, 0xFFFF, 0xFFFF, 0xFFFF, 0xFFFF, 0xFFFF, 0xFFFF, 0xFFFF,
    0xFFFF, 0xFFFF, 0xFFFF, 0xFFFF, 0x7572, 0x03A7, 0x146A, 0x14AB, 0x14CB, 0x14CB, 0x14EB, 0x14CB, 0x0CCB, 0x0CCB, 0x0CCB, 0x0CCB,
    0x0CCB, 0x0CCB, 0x0CCB, 0x0CCB, 0x0CCB, 0x0CCB, 0x0CCB, 0x0CCB, 0x0CCB, 0x0CCB, 0x0CCB, 0x0CCB, 0x0CCB, 0x0CCB, 0x0CCB, 0x0CCB,
    0x0CCB, 0x0CCB, 0x0CCB, 0x0CCB, 0x0CCB, 0x0CCB, 0x0CCB, 0x0CCB, 0x0CCB, 0x0CCB, 0x0CCB, 0x0CCB, 0x0CCB, 0x0CCB, 0x0CCB, 0x0CCB,
    0x0CCB, 0x0CCB, 0x0CCB, 0x0CCB, 0x0CCB, 0x0CCB, 0x0CCB, 0x0CCB, 0x0CCB, 0x0CCB, 0x0CCB, 0x0CCB, 0x5E2A, 0x5E2A, 0x5E2A, 0x5E2A,
    0x562A, 0x562A, 0x562A, 0x562A, 0x562A, 0x560A, 0x560A, 0x560A, 0x560A, 0x560A, 0x560A, 0x560A, 0x560A, 0x4E0A, 0x4E0A, 0x4E0A,
    0x4DEA, 0x4DEA, 0x4DEA, 0x4DEA, 0x4DEA, 0x4DEA, 0x4DEA, 0x4DEA, 0x4DEA, 0x4DEA, 0x4DEA, 0x45EA, 0x45CA, 0x45CA, 0x45CA, 0x45CA,
    0x45CA, 0x45CA, 0x45CA, 0x45CA, 0x45CA, 0x45CA, 0x45CA, 0x45AA, 0x3DAA, 0x3DAA, 0x3DAA, 0x3DAA, 0x3DAA, 0x3DAA, 0x3DAA, 0x3DAA,
    0x3DAA, 0x3DAA, 0x3DAB, 0x3D8B, 0x3D8B, 0x358B, 0x358B, 0x358B, 0x358B, 0x358B, 0x358B, 0x358B, 0x358B, 0x358B, 0x356B, 0x356B,
    0x356B, 0x356B, 0x2D6B, 0x2D6B, 0x2D6B, 0x2D6B, 0x2D6B, 0x2D6B, 0x2D6B, 0x2D4B, 0x2D4B, 0x2D4B, 0x2D4B, 0x2D4B, 0x2D4B, 0x2D4B,
    0x254B, 0x254B, 0x254B, 0x252B, 0x250B, 0x1CAA, 0x2C8A, 0xEF9D, 0xFFFF, 0xFFFF, 0xFFFF, 0xFFFF, 0xFFFF, 0xFFFF, 0xFFFF, 0xFFFF,
    0xFFFF, 0xFFFF, 0xFFFF, 0xFFFF, 0xFFFF, 0xFFFF, 0xFFFF, 0xFFFF, 0xFFFF, 0xFFFF, 0xFFFF, 0xFFFF, 0xFFFF, 0xFFFF, 0xFFFF, 0xF7DE,
    0x2C4B, 0x0C09, 0x148A, 0x14AB, 0x14CB, 0x14EB, 0x14EB, 0x0CCB, 0x0CCB, 0x0CCB, 0x0CCB, 0x0CCB, 0x0CCB, 0x0CCB, 0x0CCB, 0x0CCB,
    0x0CCB, 0x0CCB, 0x0CCB, 0x0CCB, 0x0CCB, 0x0CCB, 0x0CCB, 0x0CCB, 0x0CCB, 0x0CCB, 0x0CCB, 0x0CCB, 0x0CCB, 0x0CCB, 0x0CCB, 0x0CCB,
    0x0CCB, 0x0CCB, 0x0CCB, 0x0CCB, 0x0CCB, 0x0CCB, 0x0CCB, 0x0CCB, 0x0CCB, 0x0CCB, 0x0CCB, 0x0CCB, 0x0CCB, 0x0CCB, 0x0CCB, 0x0CCB,
    0x0CCB, 0x0CCB, 0x0CCB, 0x0CCB, 0x0CCB, 0x0CCB, 0x0CCB, 0x0CCB, 0x5E2A, 0x5E2A, 0x5E2A, 0x562A, 0x562A, 0x562A, 0x562A, 0x562A,
    0x560A, 0x560A, 0x560A, 0x560A, 0x560A, 0x560A, 0x560A, 0x560A, 0x4E0A, 0x4E0A, 0x4E0A, 0x4DEA, 0x4DEA, 0x4DEA, 0x4DEA, 0x4DEA,
    0x4DEA, 0x4DEA, 0x4DEA, 0x4DEA, 0x4DEA, 0x4DEA, 0x45CA, 0x45CA, 0x45CA, 0x45CA, 0x45CA, 0x45CA, 0x45CA, 0x45CA, 0x45CA, 0x45CA,
    0x45CA, 0x45CA, 0x45AA, 0x3DAA, 0x3DAA, 0x3DAA, 0x3DAA, 0x3DAA, 0x3DAA, 0x3DAA, 0x3DAA, 0x3DAA, 0x3DAA, 0x3D8B, 0x3D8B, 0x3D8B,
    0x358B, 0x358B, 0x358B, 0x358B, 0x358B, 0x358B, 0x358B, 0x358B, 0x358B, 0x356B, 0x356B, 0x356B, 0x356B, 0x2D6B, 0x2D6B, 0x2D6B,
    0x2D6B, 0x2D6B, 0x2D6B, 0x2D6B, 0x2D4B, 0x2D4B, 0x2D4B, 0x2D4B, 0x2D4B, 0x2D4B, 0x2D4B, 0x254B, 0x254B, 0x254B, 0x252B, 0x252B,
    0x250B, 0x1468, 0x7DD2, 0xFFFF, 0xFFFF, 0xFFFF, 0xFFFF, 0xFFFF, 0xFFFF, 0xFFFF, 0xFFFF, 0xFFFF, 0xFFFF, 0xFFFF, 0xFFFF, 0xFFFF,
    0xFFFF, 0xFFFF, 0xFFFF, 0xFFFF, 0xFFFF, 0xFFFF, 0xFFFF, 0xFFFF, 0xFFFF, 0xFFFF, 0xFFFF, 0xB6B8, 0x03A8, 0x144A, 0x148A, 0x14CB,
    0x14CB, 0x14EB, 0x0CCB, 0x0CCB, 0x0CCB, 0x0CCB, 0x0CCB, 0x0CCB, 0x0CCB, 0x0CCB, 0x0CCB, 0x0CCB, 0x0CCB, 0x0CCB, 0x0CCB, 0x0CCB,
    0x0CCB, 0x0CCB, 0x0CCB, 0x0CCB, 0x0CCB, 0x0CCB, 0x0CCB, 0x0CCB, 0x0CCB, 0x0CCB, 0x0CCB, 0x0CCB, 0x0CCB, 0x0CCB, 0x0CCB, 0x0CCB,
    0x0CCB, 0x0CCB, 0x0CCB, 0x0CCB, 0x0CCB, 0x0CCB, 0x0CCB, 0x0CCB, 0x0CCB, 0x0CCB, 0x0CCB, 0x0CCB, 0x0CCB, 0x0CCB, 0x0CCB, 0x0CCB,
    0x0CCB, 0x0CCB, 0x0CCB, 0x0CCB, 0x5E2A, 0x5E2A, 0x562A, 0x562A, 0x562A, 0x562A, 0x562A, 0x560A, 0x560A, 0x560A, 0x560A, 0x560A,
    0x560A, 0x560A, 0x560A, 0x4E0A, 0x4E0A, 0x4E0A, 0x4DEA, 0x4DEA, 0x4DEA, 0x4DEA, 0x4DEA, 0x4DEA, 0x4DEA, 0x4DEA, 0x4DEA, 0x4DEA,
    0x4DEA, 0x45EA, 0x45CA, 0x45CA, 0x45CA, 0x45CA, 0x45CA, 0x45CA, 0x45CA, 0x45CA, 0x45CA, 0x45CA, 0x45CA, 0x45AA, 0x3DAA, 0x3DAA,
    0x3DAA, 0x3DAA, 0x3DAA, 0x3DAA, 0x3DAA, 0x3DAA, 0x3DAA, 0x3DAA, 0x3D8B, 0x3D8B, 0x3D8B, 0x358B, 0x358B, 0x358B, 0x358B, 0x358B,
    0x358B, 0x358B, 0x358B, 0x358B, 0x356B, 0x356B, 0x356B, 0x356B, 0x2D6B, 0x2D6B, 0x2D6B, 0x2D6B, 0x2D6B, 0x2D6B, 0x2D6B, 0x2D4B,
    0x2D4B, 0x2D4B, 0x2D4B, 0x2D4B, 0x2D4B, 0x254B, 0x254B, 0x254B, 0x254B, 0x254B, 0x252B, 0x250B, 0x24CA, 0x1C69, 0xD73B, 0xFFFF,
    0xFFFF, 0xFFFF, 0xFFFF, 0xFFFF, 0xFFFF, 0xFFFF, 0xFFFF, 0xFFFF, 0xFFFF, 0xFFFF, 0xFFFF, 0xFFFF, 0xFFFF, 0xFFFF, 0xFFFF, 0xFFFF,
    0xFFFF, 0xFFFF, 0xFFFF, 0xFFFF, 0xFFFF, 0xFFFF, 0xFFFF, 0x6530, 0x03A7, 0x146A, 0x148B, 0x14CB, 0x14CB, 0x0CCB, 0x0CCB, 0x0CCB,
    0x0CCB, 0x0CCB, 0x0CCB, 0x0CCB, 0x0CCB, 0x0CCB, 0x0CCB, 0x0CCB, 0x0CCB, 0x0CCB, 0x0CCB, 0x0CCB, 0x0CCB, 0x0CCB, 0x0CCB, 0x0CCB,
    0x0CCB, 0x0CCB, 0x0CCB, 0x0CCB, 0x0CCB, 0x0CCB, 0x0CCB, 0x0CCB, 0x0CCB, 0x0CCB, 0x0CCB, 0x0CCB, 0x0CCB, 0x0CCB, 0x0CCB, 0x0CCB,
    0x0CCB, 0x0CCB, 0x0CCB, 0x0CCB, 0x0CCB, 0x0CCB, 0x0CCB, 0x0CCB, 0x0CCB, 0x0CCB, 0x0CCB, 0x0CCB, 0x0CCB, 0x0CCB, 0x0CCB, 0x0CCB,
    0x5E2A, 0x562A, 0x562A, 0x562A, 0x562A, 0x562A, 0x560A, 0x560A, 0x560A, 0x560A, 0x560A, 0x560A, 0x560A, 0x560A, 0x4E0A, 0x4E0A,
    0x4E0A, 0x4DEA, 0x4DEA, 0x4DEA, 0x4DEA, 0x4DEA, 0x4DEA, 0x4DEA, 0x4DEA, 0x4DEA, 0x4DEA, 0x4DEA, 0x45EA, 0x45CA, 0x45CA, 0x45CA,
    0x45CA, 0x45CA, 0x45CA, 0x45CA, 0x45CA, 0x45CA, 0x45CA, 0x45CA, 0x45AA, 0x3DAA, 0x3DAA, 0x3DAA, 0x3DAA, 0x3DAA, 0x3DAA, 0x3DAA,
    0x3DAA, 0x3DAA, 0x3DAA, 0x3DAB, 0x3D8B, 0x3D8B, 0x358B, 0x358B, 0x358B, 0x358B, 0x358B, 0x358B, 0x358B, 0x358B, 0x358B, 0x356B,
    0x356B, 0x356B, 0x356B, 0x2D6B, 0x2D6B, 0x2D6B, 0x2D6B, 0x2D6B, 0x2D6B, 0x2D6B, 0x2D4B, 0x2D4B, 0x2D4B, 0x2D4B, 0x2D4B, 0x2D4B,
    0x254B, 0x254B, 0x254B, 0x254B, 0x254B, 0x252B, 0x252B, 0x250B, 0x1468, 0x5D70, 0xFFFF, 0xFFFF, 0xFFFF, 0xFFFF, 0xFFFF, 0xFFFF,
    0xFFFF, 0xFFFF, 0xFFFF, 0xFFFF, 0xFFFF, 0xFFFF, 0xFFFF, 0xFFFF, 0xFFFF, 0xFFFF, 0xFFFF, 0xFFFF, 0xFFFF, 0xFFFF, 0xFFFF, 0xFFFF,
    0xFFFF, 0xFFFF, 0xDF7C, 0x1BE9, 0x0C09, 0x146A, 0x14AB, 0x14CB, 0x0CCB, 0x0CCB, 0x0CCB, 0x0CCB, 0x0CCB, 0x0CCB, 0x0CCB, 0x0CCB,
    0x0CCB, 0x0CCB, 0x0CCB, 0x0CCB, 0x0CCB, 0x0CCB, 0x0CCB, 0x0CCB, 0x0CCB, 0x0CCB, 0x0CCB, 0x0CCB, 0x0CCB, 0x0CCB, 0x0CCB, 0x0CCB,
    0x0CCB, 0x0CCB, 0x0CCB, 0x0CCB, 0x0CCB, 0x0CCB, 0x0CCB, 0x0CCB, 0x0CCB, 0x0CCB, 0x0CCB, 0x0CCB, 0x0CCB, 0x0CCB, 0x0CCB, 0x0CCB,
    0x0CCB, 0x0CCB, 0x0CCB, 0x0CCB, 0x0CCB, 0x0CCB, 0x0CCB, 0x0CCB, 0x0CCB, 0x0CCB, 0x0CCB, 0x0CCB, 0x562A, 0x562A, 0x562A, 0x562A,
    0x562A, 0x560A, 0x560A, 0x560A, 0x560A, 0x560A, 0x560A, 0x560A, 0x560A, 0x4E0A, 0x4E0A, 0x4E0A, 0x4DEA, 0x4DEA, 0x4DEA, 0x4DEA,
    0x4DEA, 0x4DEA, 0x4DEA, 0x4DEA, 0x4DEA, 0x4DEA, 0x45EA, 0x45CA, 0x45CA, 0x45CA, 0x45CA, 0x45CA, 0x45CA, 0x45CA, 0x45CA, 0x45CA,
    0x45CA, 0x45CA, 0x45CA, 0x45AA, 0x3DAA, 0x3DAA, 0x3DAA, 0x3DAA, 0x3DAA, 0x3DAA, 0x3DAA, 0x3DAA, 0x3DAA, 0x3DAB, 0x3D8B, 0x3D8B,
    0x3D8B, 0x358B, 0x358B, 0x358B, 0x358B, 0x358B, 0x358B, 0x358B, 0x358B, 0x358B, 0x356B, 0x356B, 0x356B, 0x356B, 0x2D6B, 0x2D6B,
    0x2D6B, 0x2D6B, 0x2D6B, 0x2D6B, 0x2D6B, 0x2D4B, 0x2D4B, 0x2D4B, 0x2D4B, 0x2D4B, 0x2D4B, 0x254B, 0x254B, 0x254B, 0x254B, 0x254B,
    0x252B, 0x252B, 0x250B, 0x24EA, 0x1449, 0xC71A, 0xFFFF, 0xFFFF, 0xFFFF, 0xFFFF, 0xFFFF, 0xFFFF, 0xFFFF, 0xFFFF, 0xFFFF, 0xFFFF,
    0xFFFF, 0xFFFF, 0xFFFF, 0xFFFF, 0xFFFF, 0xFFFF, 0xFFFF, 0xFFFF, 0xFFFF, 0xFFFF, 0xFFFF, 0xFFFF, 0xFFFF, 0xFFFF, 0x85D4, 0x0387,
    0x144A, 0x0C8B, 0x14CB, 0x0CCB, 0x0CCB, 0x0CCB, 0x0CCB, 0x0CCB, 0x0CCB, 0x0CCB, 0x0CCB, 0x0CCB, 0x0CCB, 0x0CCB, 0x0CCB, 0x0CCB,
    0x0CCB, 0x0CCB, 0x0CCB, 0x0CCB, 0x0CCB, 0x0CCB, 0x0CCB, 0x0CCB, 0x0CCB, 0x0CCB, 0x0CCB, 0x0CCB, 0x0CCB, 0x0CCB, 0x0CCB, 0x0CCB,
    0x0CCB, 0x0CCB, 0x0CCB, 0x0CCB, 0x0CCB, 0x0CCB, 0x0CCB, 0x0CCB, 0x0CCB, 0x0CCB, 0x0CCB, 0x0CCB, 0x0CCB, 0x0CCB, 0x0CCB, 0x0CCB,
    0x0CCB, 0x0CCB, 0x0CCB, 0x0CCB, 0x0CCB, 0x0CCB, 0x0CCB, 0x0CCB, 0x562A, 0x562A, 0x562A, 0x562A, 0x560A, 0x560A, 0x560A, 0x560A,
    0x560A, 0x560A, 0x560A, 0x560A, 0x4E0A, 0x4E0A, 0x4E0A, 0x4DEA, 0x4DEA, 0x4DEA, 0x4DEA, 0x4DEA, 0x4DEA, 0x4DEA, 0x4DEA, 0x4DEA,
    0x4DEA, 0x45EA, 0x45EA, 0x45CA, 0x45CA, 0x45CA, 0x45CA, 0x45CA, 0x45CA, 0x45CA, 0x45CA, 0x45CA, 0x45CA, 0x45CA, 0x45AA, 0x3DAA,
    0x3DAA, 0x3DAA, 0x3DAA, 0x3DAA, 0x3DAA, 0x3DAA, 0x3DAA, 0x3DAA, 0x3DAB, 0x3DAB, 0x3D8B, 0x3D8B, 0x358B, 0x358B, 0x358B, 0x358B,
    0x358B, 0x358B, 0x358B, 0x358B, 0x358B, 0x356B, 0x356B, 0x356B, 0x356B, 0x2D6B, 0x2D6B, 0x2D6B, 0x2D6B, 0x2D6B, 0x2D6B, 0x2D6B,
    0x2D4B, 0x2D4B, 0x2D4B, 0x2D4B, 0x2D4B, 0x2D4B, 0x254B, 0x254B, 0x254B, 0x254B, 0x254B, 0x252B, 0x252B, 0x252B, 0x250B, 0x1468,
    0x554F, 0xFFFF, 0xFFFF, 0xFFFF, 0xFFFF, 0xFFFF, 0xFFFF, 0xFFFF, 0xFFFF, 0xFFFF, 0xFFFF, 0xFFFF, 0xFFFF, 0xFFFF, 0xFFFF, 0xFFFF,
    0xFFFF, 0xFFFF, 0xFFFF, 0xFFFF, 0xFFFF, 0xFFFF, 0xFFFF, 0xFFFF, 0xFFFF, 0xF7BE, 0x2C2B, 0x0BE9, 0x146A, 0x0CAB, 0x0CCB, 0x0CCB,
    0x0CCB, 0x0CCB, 0x0CCB, 0x0CCB, 0x0CCB, 0x0CCB, 0x0CCB, 0x0CCB, 0x0CCB, 0x0CCB, 0x0CCB, 0x0CCB, 0x0CCB, 0x0CCB, 0x0CCB, 0x0CCB,
    0x0CCB, 0x0CCB, 0x0CCB, 0x0CCB, 0x0CCB, 0x0CCB, 0x0CCB, 0x0CCB, 0x0CCB, 0x0CCB, 0x0CCB, 0x0CCB, 0x0CCB, 0x0CCB, 0x0CCB, 0x0CCB,
    0x0CCB, 0x0CCB, 0x0CCB, 0x0CCB, 0x0CCB, 0x0CCB, 0x0CCB, 0x0CCB, 0x0CCB, 0x0CCB, 0x0CCB, 0x0CCB, 0x0CCB, 0x0CCB, 0x0CCB, 0x0CCB,
    0x0CCB, 0x0CCB, 0x0CCB, 0x0CCB, 0x562A, 0x562A, 0x562A, 0x560A, 0x560A, 0x560A, 0x560A, 0x560A, 0x560A, 0x560A, 0x560A, 0x4E0A,
    0x4E0A, 0x4E0A, 0x4DEA, 0x4DEA, 0x4DEA, 0x4DEA, 0x4DEA, 0x4DEA, 0x4DEA, 0x4DEA, 0x4DEA, 0x4DEA, 0x45EA, 0x45CA, 0x45CA, 0x45CA,
    0x45CA, 0x45CA, 0x45CA, 0x45CA, 0x45CA, 0x45CA, 0x45CA, 0x45CA, 0x45CA, 0x45AA, 0x3DAA, 0x3DAA, 0x3DAA, 0x3DAA, 0x3DAA, 0x3DAA,
    0x3DAA, 0x3DAA, 0x3DAA, 0x3DAB, 0x3D8B, 0x3D8B, 0x3D8B, 0x358B, 0x358B, 0x358B, 0x358B, 0x358B, 0x358B, 0x358B, 0x358B, 0x358B,
    0x356B, 0x356B, 0x356B, 0x356B, 0x2D6B, 0x2D6B, 0x2D6B, 0x2D6B, 0x2D6B, 0x2D6B, 0x2D6B, 0x2D4B, 0x2D4B, 0x2D4B, 0x2D4B, 0x2D4B,
    0x2D4B, 0x254B, 0x254B, 0x254B, 0x254B, 0x254B, 0x252B, 0x252B, 0x252B, 0x250B, 0x24EA, 0x1448, 0xBEF9, 0xFFFF, 0xFFFF, 0xFFFF,
    0xFFFF, 0xFFFF, 0xFFFF, 0xFFFF, 0xFFFF, 0xFFFF, 0xFFFF, 0xFFFF, 0xFFFF, 0xFFFF, 0xFFFF, 0xFFFF, 0xFFFF, 0xFFFF, 0xFFFF, 0xFFFF,
    0xFFFF, 0xFFFF, 0xFFFF, 0xFFFF, 0xFFFF, 0x9E35, 0x0387, 0x144A, 0x0C8A, 0x0CAB, 0x0CCB, 0x0CCB, 0x0CCB, 0x0CCB, 0x0CCB, 0x0CCB,
    0x0CCB, 0x0CCB, 0x0CCB, 0x0CCB, 0x0CCB, 0x0CCB, 0x0CCB, 0x0CCB, 0x0CCB, 0x0CCB, 0x0CCB, 0x0CCB, 0x0CCB, 0x0CCB, 0x0CCB, 0x0CCB,
    0x0CCB, 0x0CCB, 0x0CCB, 0x0CCB, 0x0CCB, 0x0CCB, 0x0CCB, 0x0CCB, 0x0CCB, 0x0CCB, 0x0CCB, 0x0CCB, 0x0CCB, 0x0CCB, 0x0CCB, 0x0CCB,
    0x0CCB, 0x0CCB, 0x0CCB, 0x0CCB, 0x0CCB, 0x0CCB, 0x0CCB, 0x0CCB, 0x0CCB, 0x0CCB, 0x0CCB, 0x0CCB, 0x0CCB, 0x0CCB, 0x0CCB, 0x0CCB,
    0x562A, 0x562A, 0x560A, 0x560A, 0x560A, 0x560A, 0x560A, 0x560A, 0x560A, 0x560A, 0x4E0A, 0x4E0A, 0x4E0A, 0x4DEA, 0x4DEA, 0x4DEA,
    0x4DEA, 0x4DEA, 0x4DEA, 0x4DEA, 0x4DEA, 0x4DEA, 0x4DEA, 0x45EA, 0x45EA, 0x45CA, 0x45CA, 0x45CA, 0x45CA, 0x45CA, 0x45CA, 0x45CA,
    0x45CA, 0x45CA, 0x45CA, 0x45CA, 0x45AA, 0x3DAA, 0x3DAA, 0x3DAA, 0x3DAA, 0x3DAA, 0x3DAA, 0x3DAA, 0x3DAA, 0x3DAA, 0x3DAB, 0x3D8B,
    0x3D8B, 0x3D8B, 0x358B, 0x358B, 0x358B, 0x358B, 0x358B, 0x358B, 0x358B, 0x358B, 0x358B, 0x356B, 0x356B, 0x356B, 0x356B, 0x2D6B,
    0x2D6B, 0x2D6B, 0x2D6B, 0x2D6B, 0x2D6B, 0x2D6B, 0x2D4B, 0x2D4B, 0x2D4B, 0x2D4B, 0x2D4B, 0x2D4B, 0x254B, 0x254B, 0x254B, 0x254B,
    0x254B, 0x254B, 0x252B, 0x252B, 0x252B, 0x250B, 0x1469, 0x554F, 0xFFFF, 0xFFFF, 0xFFFF, 0xFFFF, 0xFFFF, 0xFFFF, 0xFFFF, 0xFFFF,
    0xFFFF, 0xFFFF, 0xFFFF, 0xFFFF, 0xFFFF, 0xFFFF, 0xFFFF, 0xFFFF, 0xFFFF, 0xFFFF, 0xFFFF, 0xFFFF, 0xFFFF, 0xFFFF, 0xFFFF, 0xFFFF,
    0xF7BE, 0x2C2B, 0x03E8, 0x146A, 0x0C8B, 0x0CCB, 0x0CCB, 0x0CCB, 0x0CCB, 0x0CCB, 0x0CCB, 0x0CCB, 0x0CCB, 0x0CCB, 0x0CCB, 0x0CCB,
    0x0CCB, 0x0CCB, 0x0CCB, 0x0CCB, 0x0CCB, 0x0CCB, 0x0CCB, 0x0CCB, 0x0CCB, 0x0CCB, 0x0CCB, 0x0CCB, 0x0CCB, 0x0CCB, 0x0CCB, 0x0CCB,
    0x0CCB, 0x0CCB, 0x0CCB, 0x0CCB, 0x0CCB, 0x0CCB, 0x0CCB, 0x0CCB, 0x0CCB, 0x0CCB, 0x0CCB, 0x0CCB, 0x0CCB, 0x0CCB, 0x0CCB, 0x0CCB,
    0x0CCB, 0x0CCB, 0x0CCB, 0x0CCB, 0x0CCB, 0x0CCB, 0x0CCB, 0x0CCB, 0x0CCB, 0x0CCB, 0x0CCB, 0x0CCB, 0x562A, 0x560A, 0x560A, 0x560A,
    0x560A, 0x560A, 0x560A, 0x560A, 0x560A, 0x4E0A, 0x4E0A, 0x4E0A, 0x4DEA, 0x4DEA, 0x4DEA, 0x4DEA, 0x4DEA, 0x4DEA, 0x4DEA, 0x4DEA,
    0x4DEA, 0x4DEA, 0x45EA, 0x45CA, 0x45CA, 0x45CA, 0x45CA, 0x45CA, 0x45CA, 0x45CA, 0x45CA, 0x45CA, 0x45CA, 0x45CA, 0x45CA, 0x45AA,
    0x3DAA, 0x3DAA, 0x3DAA, 0x3DAA, 0x3DAA, 0x3DAA, 0x3DAA, 0x3DAA, 0x3DAA, 0x3DAB, 0x3D8B, 0x3D8B, 0x3D8B, 0x358B, 0x358B, 0x358B,
    0x358B, 0x358B, 0x358B, 0x358B, 0x358B, 0x358B, 0x356B, 0x356B, 0x356B, 0x356B, 0x2D6B, 0x2D6B, 0x2D6B, 0x2D6B, 0x2D6B, 0x2D6B,
    0x2D6B, 0x2D4B, 0x2D4B, 0x2D4B, 0x2D4B, 0x2D4B, 0x2D4B, 0x254B, 0x254B, 0x254B, 0x254B, 0x254B, 0x252B, 0x252B, 0x252B, 0x252B,
    0x250B, 0x24EA, 0x1449, 0xC6F9, 0xFFFF, 0xFFFF, 0xFFFF, 0xFFFF, 0xFFFF, 0xFFFF, 0xFFFF, 0xFFFF, 0xFFFF, 0xFFFF, 0xFFFF, 0xFFFF,
    0xFFFF, 0xFFFF, 0xFFFF, 0xFFFF, 0xFFFF, 0xFFFF, 0xFFFF, 0xFFFF, 0xFFFF, 0xFFFF, 0xFFFF, 0xFFFF, 0x9615, 0x0387, 0x144A, 0x0C6A,
    0x0CAB, 0x0CCB, 0x0CCB, 0x0CCB, 0x0CCB, 0x0CCB, 0x0CCB, 0x0CCB, 0x0CCB, 0x0CCB, 0x0CCB, 0x0CCB, 0x0CCB, 0x0CCB, 0x0CCB, 0x0CCB,
    0x0CCB, 0x0CCB, 0x0CCB, 0x0CCB, 0x0CCB, 0x0CCB, 0x0CCB, 0x0CCB, 0x0CCB, 0x0CCB, 0x0CCB, 0x0CCB, 0x0CCB, 0x0CCB, 0x0CCB, 0x0CCB,
    0x0CCB, 0x0CCB, 0x0CCB, 0x0CCB, 0x0CCB, 0x0CCB, 0x0CCB, 0x0CCB, 0x0CCB, 0x0CCB, 0x0CCB, 0x0CCB, 0x0CCB, 0x0CCB, 0x0CCB, 0x0CCB,
    0x0CCB, 0x0CCB, 0x0CCB, 0x0CCB, 0x0CCB, 0x0CCB, 0x0CCB, 0x0CCB, 0x560A, 0x560A, 0x560A, 0x560A, 0x560A, 0x560A, 0x560A, 0x560A,
    0x4E0A, 0x4E0A, 0x4E0A, 0x4DEA, 0x4DEA, 0x4DEA, 0x4DEA, 0x4DEA, 0x4DEA, 0x4DEA, 0x4DEA, 0x4DEA, 0x4DEA, 0x45EA, 0x45CA, 0x45CA,
    0x45CA, 0x45CA, 0x45CA, 0x45CA, 0x45CA, 0x45CA, 0x45CA, 0x45CA, 0x45CA, 0x45CA, 0x45AA, 0x45AB, 0x45CB, 0x45AB, 0x3DAB, 0x3DAB,
    0x45AB, 0x3DAB, 0x3DAA, 0x3DAA, 0x3DAB, 0x3D8B, 0x3D8B, 0x3D8B, 0x358B, 0x358B, 0x358B, 0x358B, 0x358B, 0x358B, 0x358B, 0x358B,
    0x358B, 0x356B, 0x356B, 0x356B, 0x356B, 0x2D6B, 0x2D6B, 0x2D6B, 0x2D6B, 0x2D6B, 0x2D6B, 0x2D6B, 0x2D4B, 0x2D4B, 0x2D4B, 0x2D4B,
    0x2D4B, 0x2D4B, 0x254B, 0x254B, 0x254B, 0x254B, 0x254B, 0x252B, 0x252B, 0x252B, 0x252B, 0x250B, 0x250B, 0x1468, 0x5D4F, 0xFFFF,
    0xFFFF, 0xFFFF, 0xFFFF, 0xFFFF, 0xFFFF, 0xFFFF, 0xFFFF, 0xFFFF, 0xFFFF, 0xFFFF, 0xFFFF, 0xFFFF, 0xFFFF, 0xFFFF, 0xFFFF, 0xFFFF,
    0xFFFF, 0xFFFF, 0xFFFF, 0xFFFF, 0xFFFF, 0xFFFF, 0xFFFF, 0xEF9D, 0x240A, 0x0BC8, 0x144A, 0x0C8B, 0x0CAB, 0x0CCB, 0x0CCB, 0x0CCB,
    0x0CCB, 0x0CCB, 0x0CCB, 0x0CCB, 0x0CCB, 0x0CCB, 0x0CCB, 0x0CCB, 0x0CCB, 0x0CCB, 0x0CCB, 0x0CCB, 0x0CCB, 0x0CCB, 0x0CCB, 0x0CCB,
    0x0CCB, 0x0CCB, 0x0CCB, 0x0CCB, 0x0CCB, 0x0CCB, 0x0CCB, 0x0CCB, 0x0CCB, 0x0CCB, 0x0CCB, 0x0CCB, 0x0CCB, 0x0CCB, 0x0CCB, 0x0CCB,
    0x0CCB, 0x0CCB, 0x0CCB, 0x0CCB, 0x0CCB, 0x0CCB, 0x0CCB, 0x0CCB, 0x0CCB, 0x0CCB, 0x0CCB, 0x0CCB, 0x0CCB, 0x0CCB, 0x0CCB, 0x0CCB,
    0x0CCB, 0x0CCB, 0x0CCB, 0x0CCB, 0x560A, 0x560A, 0x560A, 0x560A, 0x560A, 0x560A, 0x560A, 0x4E0A, 0x4E0A, 0x4E0A, 0x4DEA, 0x4DEA,
    0x4DEA, 0x4DEA, 0x4DEA, 0x4DEA, 0x4DEA, 0x4DEA, 0x4DEA, 0x4DEA, 0x45EA, 0x45EA, 0x45CA, 0x45CA, 0x45CA, 0x45CA, 0x45CA, 0x45CA,
    0x45CA, 0x45CA, 0x45CA, 0x45CA, 0x45CA, 0x3DAA, 0x45CB, 0x3DAA, 0x3589, 0x3589, 0x3589, 0x2D89, 0x2D89, 0x358A, 0x3DAB, 0x3DAB,
    0x3D8B, 0x3D8B, 0x3D8B, 0x358B, 0x358B, 0x358B, 0x358B, 0x358B, 0x358B, 0x358B, 0x358B, 0x358B, 0x356B, 0x356B, 0x356B, 0x356B,
    0x2D6B, 0x2D6B, 0x2D6B, 0x2D6B, 0x2D6B, 0x2D6B, 0x2D6B, 0x2D4B, 0x2D4B, 0x2D4B, 0x2D4B, 0x2D4B, 0x2D4B, 0x254B, 0x254B, 0x254B,
    0x254B, 0x254B, 0x254B, 0x252B, 0x252B, 0x252B, 0x252B, 0x250B, 0x1CCA, 0x1C69, 0xCF3A, 0xFFFF, 0xFFFF, 0xFFFF, 0xFFFF, 0xFFFF,
    0xFFFF, 0xFFFF, 0xFFFF, 0xFFFF, 0xFFFF, 0xFFFF, 0xFFFF, 0xFFFF, 0xFFFF, 0xFFFF, 0xFFFF, 0xFFFF, 0xFFFF, 0xFFFF, 0xFFFF, 0xFFFF,
    0xFFFF, 0xFFFF, 0xFFFF, 0x7DB3, 0x0367, 0x142A, 0x0C6A, 0x0CAB, 0x0CCB, 0x0CCB, 0x0CCB, 0x0CCB, 0x0CCB, 0x0CCB, 0x0CCB, 0x0CCB,
    0x0CCB, 0x0CCB, 0x0CCB, 0x0CCB, 0x0CCB, 0x0CCB, 0x0CCB, 0x0CCB, 0x0CCB, 0x0CCB, 0x0CCB, 0x0CCB, 0x0CCB, 0x0CCB, 0x0CCB, 0x0CCB,
    0x0CCB, 0x0CCB, 0x0CCB, 0x0CCB, 0x0CCB, 0x0CCB, 0x0CCB, 0x0CCB, 0x0CCB, 0x0CCB, 0x0CCB, 0x0CCB, 0x0CCB, 0x0CCB, 0x0CCB, 0x0CCB,
    0x0CCB, 0x0CCB, 0x0CCB, 0x0CCB, 0x0CCB, 0x0CCB, 0x0CCB, 0x0CCB, 0x0CCB, 0x0CCB, 0x0CCB, 0x0CCB, 0x0CCB, 0x0CCB, 0x0CCB, 0x0CCB,
    0x560A, 0x560A, 0x560A, 0x560A, 0x560A, 0x560A, 0x4E0A, 0x4E0A, 0x4E0A, 0x4DEA, 0x4DEA, 0x4DEA, 0x4DEA, 0x4DEA, 0x4DEA, 0x4DEA,
    0x4DEA, 0x4DEA, 0x4DEA, 0x45EA, 0x45CA, 0x45CA, 0x45CA, 0x45CA, 0x45CA, 0x45CA, 0x45CA, 0x45CA, 0x45CA, 0x45CA, 0x45CA, 0x45CA,
    0x45AB, 0x45CB, 0x3589, 0x45CC, 0x8692, 0xC759, 0xDF9B, 0xCF5A, 0x96B4, 0x55ED, 0x2D69, 0x3D8B, 0x3DAB, 0x3D8B, 0x358B, 0x358B,
    0x358B, 0x358B, 0x358B, 0x358B, 0x358B, 0x358B, 0x358B, 0x356B, 0x356B, 0x356B, 0x356B, 0x2D6B, 0x2D6B, 0x2D6B, 0x2D6B, 0x2D6B,
    0x2D6B, 0x2D6B, 0x2D4B, 0x2D4B, 0x2D4B, 0x2D4B, 0x2D4B, 0x2D4B, 0x254B, 0x254B, 0x254B, 0x254B, 0x254B, 0x252B, 0x252B, 0x252B,
    0x252B, 0x252B, 0x250B, 0x24EB, 0x0C68, 0x6D91, 0xFFFF, 0xFFFF, 0xFFFF, 0xFFFF, 0xFFFF, 0xFFFF, 0xFFFF, 0xFFFF, 0xFFFF, 0xFFFF,
    0xFFFF, 0xFFFF, 0xFFFF, 0xFFFF, 0xFFFF, 0xFFFF, 0xFFFF, 0xFFFF, 0xFFFF, 0xFFFF, 0xFFFF, 0xFFFF, 0xFFFF, 0xFFFF, 0xDF5C, 0x13C9,
    0x0BE9, 0x0C4A, 0x0C8B, 0x0CAB, 0x0CCB, 0x0CCB, 0x0CCB, 0x0CCB, 0x0CCB, 0x0CCB, 0x0CCB, 0x0CCB, 0x0CCB, 0x0CCB, 0x0CCB, 0x0CCB,
    0x0CCB, 0x0CCB, 0x0CCB, 0x0CCB, 0x0CCB, 0x0CCB, 0x0CCB, 0x0CCB, 0x0CCB, 0x0CCB, 0x0CCB, 0x0CCB, 0x0CCB, 0x0CCB, 0x0CCB, 0x0CCB,
    0x0CCB, 0x0CCB, 0x0CCB, 0x0CCB, 0x0CCB, 0x0CCB, 0x0CCB, 0x0CCB, 0x0CCB, 0x0CCB, 0x0CCB, 0x0CCB, 0x0CCB, 0x0CCB, 0x0CCB, 0x0CCB,
    0x0CCB, 0x0CCB, 0x0CCB, 0x0CCB, 0x0CCB, 0x0CCB, 0x0CCB, 0x0CCB, 0x0CCB, 0x0CCB, 0x0CCB, 0x0CCB, 0x560A, 0x560A, 0x560A, 0x560A,
    0x560A, 0x4E0A, 0x4E0A, 0x4E0A, 0x4DEA, 0x4DEA, 0x4DEA, 0x4DEA, 0x4DEA, 0x4DEA, 0x4DEA, 0x4DEA, 0x4DEA, 0x4DEA, 0x45EA, 0x45CA,
    0x45CA, 0x45CA, 0x45CA, 0x45CA, 0x45CA, 0x45CA, 0x45CA, 0x45CA, 0x45CA, 0x45CA, 0x45CA, 0x45AB, 0x45CB, 0x3589, 0x7E72, 0xEFDE,
    0xFFFF, 0xD77B, 0xC759, 0xCF7A, 0xFFFF, 0xFFFF, 0x9ED5, 0x358A, 0x358B, 0x3D8B, 0x358B, 0x358B, 0x358B, 0x358B, 0x358B, 0x358B,
    0x358B, 0x358B, 0x356B, 0x356B, 0x356B, 0x356B, 0x2D6B, 0x2D6B, 0x2D6B, 0x2D6B, 0x2D6B, 0x2D6B, 0x2D6B, 0x2D4B, 0x2D4B, 0x2D4B,
    0x2D4B, 0x2D4B, 0x2D4B, 0x254B, 0x254B, 0x254B, 0x254B, 0x254B, 0x254B, 0x252B, 0x252B, 0x252B, 0x252B, 0x252B, 0x250B, 0x1CCA,
    0x1C6A, 0xD75C, 0xFFFF, 0xFFFF, 0xFFFF, 0xFFFF, 0xFFFF, 0xFFFF, 0xFFFF, 0xFFFF, 0xFFFF, 0xFFFF, 0xFFFF, 0xFFFF, 0xFFFF, 0xFFFF,
    0xFFFF, 0xFFFF, 0xFFFF, 0xFFFF, 0xFFFF, 0xFFFF, 0xFFFF, 0xFFFF, 0xFFFF, 0xFFFF, 0x5CEF, 0x0387, 0x144A, 0x0C6A, 0x0CAB, 0x0CCB,
    0x0CCB, 0x0CCB, 0x0CCB, 0x0CCB, 0x0CCB, 0x0CCB, 0x0CCB, 0x0CCB, 0x0CCB, 0x0CCB, 0x0CCB, 0x0CCB, 0x0CCB, 0x0CCB, 0x0CCB, 0x0CCB,
    0x0CCB, 0x0CCB, 0x0CCB, 0x0CCB, 0x0CCB, 0x0CCB, 0x0CCB, 0x0CCB, 0x0CCB, 0x0CCB, 0x0CCB, 0x0CCB, 0x0CCB, 0x0CCB, 0x0CCB, 0x0CCB,
    0x0CCB, 0x0CCB, 0x0CCB, 0x0CCB, 0x0CCB, 0x0CCB, 0x0CCB, 0x0CCB, 0x0CCB, 0x0CCB, 0x0CCB, 0x0CCB, 0x0CCB, 0x0CCB, 0x0CCB, 0x0CCB,
    0x0CCB, 0x0CCB, 0x0CCB, 0x0CCB, 0x0CCB, 0x0CCB, 0x0CCB, 0x0CCB, 0x560A, 0x560A, 0x560A, 0x560A, 0x4E0A, 0x4E0A, 0x4E0A, 0x4DEA,
    0x4DEA, 0x4DEA, 0x4DEA, 0x4DEA, 0x4DEA, 0x4DEA, 0x4DEA, 0x4DEA, 0x4DEA, 0x45EA, 0x45CA, 0x45CA, 0x45CA, 0x45CA, 0x45CA, 0x45CA,
    0x45CA, 0x45CA, 0x45CA, 0x45CA, 0x45CA, 0x45CA, 0x3DAA, 0x45CB, 0x3589, 0x9ED5, 0xFFFF, 0xBF38, 0x55ED, 0x358A, 0x2D69, 0x358A,
    0x4DCC, 0x9ED5, 0xFFFF, 0xBF38, 0x356A, 0x3D8B, 0x358B, 0x358B, 0x358B, 0x358B, 0x358B, 0x358B, 0x356B, 0x356B, 0x356B, 0x356B,
    0x356B, 0x2D6B, 0x2D6B, 0x2D6B, 0x2D6B, 0x2D6B, 0x2D6B, 0x2D6B, 0x2D4B, 0x2D4B, 0x2D4B, 0x2D4B, 0x2D4B, 0x2D4B, 0x254B, 0x254B,
    0x254B, 0x254B, 0x254B, 0x252B, 0x252B, 0x252B, 0x252B, 0x252B, 0x252B, 0x250B, 0x24EB, 0x0C48, 0x7DF3, 0xFFFF, 0xFFFF, 0xFFFF,
    0xFFFF, 0xFFFF, 0xFFFF, 0xFFFF, 0xFFFF, 0xFFFF, 0xFFFF, 0xFFFF, 0xFFFF, 0xFFFF, 0xFFFF, 0xFFFF, 0xFFFF, 0xFFFF, 0xFFFF, 0xFFFF,
    0xFFFF, 0xFFFF, 0xFFFF, 0xFFFF, 0xFFFF, 0xB698, 0x0387, 0x0C0A, 0x0C4A, 0x0C8B, 0x0CAB, 0x0CCB, 0x0CCB, 0x0CCB, 0x0CCB, 0x0CCB,
    0x0CCB, 0x0CCB, 0x0CCB, 0x0CCB, 0x0CCB, 0x0CCB, 0x0CCB, 0x0CCB, 0x0CCB, 0x0CCB, 0x0CCB, 0x0CCB, 0x0CCB, 0x0CCB, 0x0CCB, 0x0CCB,
    0x0CCB, 0x0CCB, 0x0CCB, 0x0CCB, 0x0CCB, 0x0CCB, 0x0CCB, 0x0CCB, 0x0CCB, 0x0CCB, 0x0CCB, 0x0CCB, 0x0CCB, 0x0CCB, 0x0CCB, 0x0CCB,
    0x0CCB, 0x0CCB, 0x0CCB, 0x0CCB, 0x0CCB, 0x0CCB, 0x0CCB, 0x0CCB, 0x0CCB, 0x0CCB, 0x0CCB, 0x0CCB, 0x0CCB, 0x0CCB, 0x0CCB, 0x0CCB,
    0x0CCB, 0x0CCB, 0x0CCB, 0x0CCB, 0x560A, 0x560A, 0x560A, 0x4E0A, 0x4E0A, 0x4E0A, 0x4DEA, 0x4DEA, 0x4DEA, 0x4DEA, 0x4DEA, 0x4DEA,
    0x4DEA, 0x4DEA, 0x4DEA, 0x4DEA, 0x45EA, 0x45CA, 0x45CA, 0x45CA, 0x45CA, 0x45CA, 0x45CA, 0x45CA, 0x45CA, 0x45CA, 0x45CA, 0x45CA,
    0x45CA, 0x3DAA, 0x45CB, 0x3589, 0x6E50, 0xFFFF, 0xA6F5, 0x2D69, 0x358A, 0x3DAB, 0x3DAB, 0x3DAB, 0x358A, 0x2548, 0x7E51, 0xFFFF,
    0x96B4, 0x2D69, 0x3D8B, 0x358B, 0x358B, 0x358B, 0x358B, 0x356B, 0x356B, 0x356B, 0x356B, 0x356B, 0x2D6B, 0x2D6B, 0x2D6B, 0x2D6B,
    0x2D6B, 0x2D6B, 0x2D6B, 0x2D4B, 0x2D4B, 0x2D4B, 0x2D4B, 0x2D4B, 0x2D4B, 0x254B, 0x254B, 0x254B, 0x254B, 0x254B, 0x252B, 0x252B,
    0x252B, 0x252B, 0x252B, 0x252B, 0x250B, 0x250B, 0x1CAA, 0x2CAB, 0xEF9D, 0xFFFF, 0xFFFF, 0xFFFF, 0xFFFF, 0xFFFF, 0xFFFF, 0xFFFF,
    0xFFFF, 0xFFFF, 0xFFFF, 0xFFFF, 0xFFFF, 0xFFFF, 0xFFFF, 0xFFFF, 0xFFFF, 0xFFFF, 0xFFFF, 0xFFFF, 0xFFFF, 0xFFFF, 0xFFFF, 0xFFFF,
    0xEFBE, 0x2C2B, 0x03C8, 0x0C4A, 0x0C6A, 0x0CAB, 0x0CCB, 0x0CCB, 0x0CCB, 0x0CCB, 0x0CCB, 0x0CCB, 0x0CCB, 0x0CCB, 0x0CCB, 0x0CCB,
    0x0CCB, 0x0CCB, 0x0CCB, 0x0CCB, 0x0CCB, 0x0CCB, 0x0CCB, 0x0CCB, 0x0CCB, 0x0CCB, 0x0CCB, 0x0CCB, 0x0CCB, 0x0CCB, 0x0CCB, 0x0CCB,
    0x0CCB, 0x0CCB, 0x0CCB, 0x0CCB, 0x0CCB, 0x0CCB, 0x0CCB, 0x0CCB, 0x0CCB, 0x0CCB, 0x0CCB, 0x0CCB, 0x0CCB, 0x0CCB, 0x0CCB, 0x0CCB,
    0x0CCB, 0x0CCB, 0x0CCB, 0x0CCB, 0x0CCB, 0x0CCB, 0x0CCB, 0x0CCB, 0x0CCB, 0x0CCB, 0x0CCB, 0x0CCB, 0x0CCB, 0x0CCB, 0x0CCB, 0x0CCB,
    0x560A, 0x560A, 0x4E0A, 0x4E0A, 0x4E0A, 0x4DEA, 0x4DEA, 0x4DEA, 0x4DEA, 0x4DEA, 0x4DEA, 0x4DEA, 0x4DEA, 0x4DEA, 0x4DEA, 0x45EA,
    0x45EA, 0x45CA, 0x45CA, 0x45CA, 0x45CA, 0x45CA, 0x45CA, 0x45CA, 0x45CA, 0x45CA, 0x45CA, 0x45CA, 0x3DAA, 0x3DAA, 0x45AB, 0x358A,
    0xDF9B, 0xD77B, 0x3589, 0x3DAA, 0x3DAB, 0x3DAA, 0x3DAB, 0x3D8B, 0x3DAB, 0x3DAB, 0x2548, 0xAF17, 0xF7DE, 0x45AC, 0x356A, 0x358B,
    0x358B, 0x358B, 0x356B, 0x356B, 0x356B, 0x356B, 0x356B, 0x2D6B, 0x2D6B, 0x2D6B, 0x2D6B, 0x2D6B, 0x2D6B, 0x2D6B, 0x2D4B, 0x2D4B,
    0x2D4B, 0x2D4B, 0x2D4B, 0x2D4B, 0x254B, 0x254B, 0x254B, 0x254B, 0x254B, 0x252B, 0x252B, 0x252B, 0x252B, 0x252B, 0x252B, 0x252B,
    0x1D0B, 0x24EB, 0x0C48, 0x9655, 0xFFFF, 0xFFFF, 0xFFFF, 0xFFFF, 0xFFFF, 0xFFFF, 0xFFFF, 0xFFFF, 0xFFFF, 0xFFFF, 0xFFFF, 0xFFFF,
    0xFFFF, 0xFFFF, 0xFFFF, 0xFFFF, 0xFFFF, 0xFFFF, 0xFFFF, 0xFFFF, 0xFFFF, 0xFFFF, 0xFFFF, 0xFFFF, 0x7572, 0x0367, 0x142A, 0x0C6A,
    0x0C8B, 0x0CAB, 0x0CCB, 0x0CCB, 0x0CCB, 0x0CCB, 0x0CCB, 0x0CCB, 0x0CCB, 0x0CCB, 0x0CCB, 0x0CCB, 0x0CCB, 0x0CCB, 0x0CCB, 0x0CCB,
    0x0CCB, 0x0CCB, 0x0CCB, 0x0CCB, 0x0CCB, 0x0CCB, 0x0CCB, 0x0CCB, 0x0CCB, 0x0CCB, 0x0CCB, 0x0CCB, 0x0CCB, 0x0CCB, 0x0CCB, 0x0CCB,
    0x0CCB, 0x0CCB, 0x0CCB, 0x0CCB, 0x0CCB, 0x0CCB, 0x0CCB, 0x0CCB, 0x0CCB, 0x0CCB, 0x0CCB, 0x0CCB, 0x0CCB, 0x0CCB, 0x0CCB, 0x0CCB,
    0x0CCB, 0x0CCB, 0x0CCB, 0x0CCB, 0x0CCB, 0x0CCB, 0x0CCB, 0x0CCB, 0x0CCB, 0x0CCB, 0x0CCB, 0x0CCB, 0x560A, 0x4DEA, 0x4DEA, 0x4E0A,
    0x4DEA, 0x4DEA, 0x4DEA, 0x4DEA, 0x4DEA, 0x4DEA, 0x4DEA, 0x4DEA, 0x4DEA, 0x4DEA, 0x45EA, 0x45CA, 0x45CA, 0x45CA, 0x45CA, 0x45CA,
    0x45CA, 0x45CA, 0x45CA, 0x45CA, 0x45CA, 0x45CA, 0x45CA, 0x3DAA, 0x3DAA, 0x45AB, 0x358A, 0x5E0E, 0xFFFF, 0x8692, 0x2D89, 0x3DAB,
    0x3DAA, 0x3DAB, 0x3D8B, 0x3D8B, 0x358B, 0x3D8B, 0x2D6A, 0x55EE, 0xFFFF, 0x7E72, 0x2549, 0x358B, 0x358B, 0x356B, 0x356B, 0x356B,
    0x356B, 0x356B, 0x2D6B, 0x2D6B, 0x2D6B, 0x2D6B, 0x2D6B, 0x2D6B, 0x2D6B, 0x2D4B, 0x2D4B, 0x2D4B, 0x2D4B, 0x2D4B, 0x2D4B, 0x254B,
    0x254B, 0x254B, 0x254B, 0x254B, 0x252B, 0x252B, 0x252B, 0x252B, 0x252B, 0x252B, 0x252B, 0x1D0B, 0x24EB, 0x1489, 0x44ED, 0xFFFF,
    0xFFFF, 0xFFFF, 0xFFFF, 0xFFFF, 0xFFFF, 0xFFFF, 0xFFFF, 0xFFFF, 0xFFFF, 0xFFFF, 0xFFFF, 0xFFFF, 0xFFFF, 0xFFFF, 0xFFFF, 0xFFFF,
    0xFFFF, 0xFFFF, 0xFFFF, 0xFFFF, 0xFFFF, 0xFFFF, 0xFFFF, 0xC6F9, 0x0388, 0x0BE9, 0x0C4A, 0x0C8B, 0x0CAB, 0x0CCB, 0x0CCB, 0x0CCB,
    0x0CCB, 0x0CCB, 0x0CCB, 0x0CCB, 0x0CCB, 0x0CCB, 0x0CCB, 0x0CCB, 0x0CCB, 0x0CCB, 0x0CCB, 0x0CCB, 0x0CCB, 0x0CCB, 0x0CCB, 0x0CCB,
    0x0CCB, 0x0CCB, 0x0CCB, 0x0CCB, 0x0CCB, 0x0CCB, 0x0CCB, 0x0CCB, 0x0CCB, 0x0CCB, 0x0CCB, 0x0CCB, 0x0CCB, 0x0CCB, 0x0CCB, 0x0CCB,
    0x0CCB, 0x0CCB, 0x0CCB, 0x0CCB, 0x0CCB, 0x0CCB, 0x0CCB, 0x0CCB, 0x0CCB, 0x0CCB, 0x0CCB, 0x0CCB, 0x0CCB, 0x0CCB, 0x0CCB, 0x0CCB,
    0x0CCB, 0x0CCB, 0x0CCB, 0x0CCB, 0x0CCB, 0x0CCB, 0x0CCB, 0x0CCB, 0x55EA, 0x4DEA, 0x4DEA, 0x4DEA, 0x4DEA, 0x4DEA, 0x4DEA, 0x4DEA,
    0x4DEA, 0x4DEA, 0x4DEA, 0x4DEA, 0x4DEA, 0x45EA, 0x45CA, 0x45CA, 0x45CA, 0x45CA, 0x45CA, 0x45CA, 0x45CA, 0x45CA, 0x45CA, 0x45CA,
    0x45CA, 0x45AA, 0x3DAA, 0x3DAA, 0x3DAA, 0x45AB, 0x2D89, 0x8692, 0xFFFF, 0x55ED, 0x358A, 0x3DAB, 0x3DAB, 0x3D8B, 0x3D8B, 0x358B,
    0x358B, 0x358B, 0x358A, 0x358A, 0xEFDD, 0xA6F6, 0x2549, 0x358B, 0x356B, 0x356B, 0x356B, 0x356B, 0x356B, 0x356B, 0x2D6B, 0x2D6B,
    0x2D6B, 0x2D6B, 0x2D6B, 0x2D6B, 0x2D4B, 0x2D4B, 0x2D4B, 0x2D4B, 0x2D4B, 0x2D4B, 0x2D4B, 0x254B, 0x254B, 0x254B, 0x254B, 0x252B,
    0x252B, 0x252B, 0x252B, 0x252B, 0x252B, 0x252B, 0x252B, 0x1D0B, 0x24CB, 0x0C48, 0xB6D8, 0xFFFF, 0xFFFF, 0xFFFF, 0xFFFF, 0xFFFF,
    0xFFFF, 0xFFFF, 0xFFFF, 0xFFFF, 0xFFFF, 0xFFFF, 0xFFFF, 0xFFFF, 0xFFFF, 0xFFFF, 0xFFFF, 0xFFFF, 0xFFFF, 0xFFFF, 0xFFFF, 0xFFFF,
    0xFFFF, 0xFFFF, 0xEFBE, 0x344C, 0x03A8, 0x0C2A, 0x0C6A, 0x0CAB, 0x0CCB, 0x0CCB, 0x0CCB, 0x0CCB, 0x0CCB, 0x0CCB, 0x0CCB, 0x0CCB,
    0x0CCB, 0x0CCB, 0x0CCB, 0x0CCB, 0x0CCB, 0x0CCB, 0x0CCB, 0x0CCB, 0x0CCB, 0x0CCB, 0x0CCB, 0x0CCB, 0x0CCB, 0x0CCB, 0x0CCB, 0x0CCB,
    0x0CCB, 0x0CCB, 0x0CCB, 0x0CCB, 0x0CCB, 0x0CCB, 0x0CCB, 0x0CCB, 0x0CCB, 0x0CCB, 0x0CCB, 0x0CCB, 0x0CCB, 0x0CCB, 0x0CCB, 0x0CCB,
    0x0CCB, 0x0CCB, 0x0CCB, 0x0CCB, 0x0CCB, 0x0CCB, 0x0CCB, 0x0CCB, 0x0CCB, 0x0CCB, 0x0CCB, 0x0CCB, 0x0CCB, 0x0CCB, 0x0CCB, 0x0CCB,
    0x0CCB, 0x0CCB, 0x0CCB, 0x0CCB, 0x4DEA, 0x4DEA, 0x4DEA, 0x4DEA, 0x4DEA, 0x4DEA, 0x4DEA, 0x4DEA, 0x4DEA, 0x4DEA, 0x4DEA, 0x4DEA,
    0x45EA, 0x45CA, 0x45CA, 0x45CA, 0x45CA, 0x45CA, 0x45CA, 0x45CA, 0x45CA, 0x45CA, 0x45CA, 0x45CA, 0x45CA, 0x3DAA, 0x3DAA, 0x3DAA,
    0x3DAA, 0x45AB, 0x2D89, 0x8E93, 0xFFFF, 0x4DCC, 0x358A, 0x3DAB, 0x3D8B, 0x3D8B, 0x358B, 0x358B, 0x358B, 0x358B, 0x358B, 0x358A,
    0xE7BD, 0xAEF7, 0x2549, 0x358B, 0x356B, 0x356B, 0x356B, 0x356B, 0x2D6B, 0x2D6B, 0x2D6B, 0x2D6B, 0x2D6B, 0x2D6B, 0x2D6B, 0x2D4B,
    0x2D4B, 0x2D4B, 0x2D4B, 0x2D4B, 0x2D4B, 0x254B, 0x254B, 0x254B, 0x254B, 0x254B, 0x252B, 0x252B, 0x252B, 0x252B, 0x252B, 0x252B,
    0x252B, 0x252B, 0x1D0B, 0x24EB, 0x0C69, 0x5D4F, 0xFFFF, 0xFFFF, 0xFFFF, 0xFFFF, 0xFFFF, 0xFFFF, 0xFFFF, 0xFFFF, 0xFFFF, 0xFFFF,
    0xFFFF, 0xFFFF, 0xFFFF, 0xFFFF, 0xFFFF, 0xFFFF, 0xFFFF, 0xFFFF, 0xFFFF, 0xFFFF, 0xFFFF, 0xFFFF, 0xFFFF, 0xFFFF, 0x7572, 0x0367,
    0x142A, 0x0C4A, 0x0C8B, 0x0CAB, 0x0CCB, 0x0CCB, 0x0CCB, 0x0CCB, 0x0CCB, 0x0CCB, 0x0CCB, 0x0CCB, 0x0CCB, 0x0CCB, 0x0CCB, 0x0CCB,
    0x0CCB, 0x0CCB, 0x0CCB, 0x0CCB, 0x0CCB, 0x0CCB, 0x0CCB, 0x0CCB, 0x0CCB, 0x0CCB, 0x0CCB, 0x0CCB, 0x0CCB, 0x0CCB, 0x0CCB, 0x0CCB,
    0x0CCB, 0x0CCB, 0x0CCB, 0x0CCB, 0x0CCB, 0x0CCB, 0x0CCB, 0x0CCB, 0x0CCB, 0x0CCB, 0x0CCB, 0x0CCB, 0x0CCB, 0x0CCB, 0x0CCB, 0x0CCB,
    0x0CCB, 0x0CCB, 0x0CCB, 0x0CCB, 0x0CCB, 0x0CCB, 0x0CCB, 0x0CCB, 0x0CCB, 0x0CCB, 0x0CCB, 0x0CCB, 0x0CCB, 0x0CCB, 0x0CCB, 0x0CCB,
    0x4DEA, 0x4DEA, 0x4DEA, 0x4DEA, 0x4DEA, 0x4DEA, 0x4DEA, 0x4DEA, 0x4DEA, 0x4DEA, 0x4DEA, 0x45EA, 0x45CA, 0x45CA, 0x45CA, 0x45CA,
    0x45CA, 0x45CA, 0x45CA, 0x45CA, 0x45CA, 0x45CA, 0x45CA, 0x45AA, 0x3DAA, 0x3DAA, 0x3DAA, 0x3DAA, 0x3DAA, 0x3DAB, 0x3589, 0x6E50,
    0xFFFF, 0x662F, 0x3589, 0x3DAB, 0x3D8B, 0x358B, 0x358B, 0x358B, 0x358B, 0x358B, 0x358A, 0x45AC, 0xF7FF, 0x96B4, 0x2549, 0x358B,
    0x356B, 0x356B, 0x356B, 0x2D6B, 0x2D6B, 0x2D6B, 0x2D6B, 0x2D6B, 0x2D6B, 0x2D4B, 0x2D4B, 0x2D4B, 0x2D4B, 0x2D4B, 0x2D4B, 0x2D4B,
    0x254B, 0x254B, 0x254B, 0x254B, 0x254B, 0x252B, 0x252B, 0x252B, 0x252B, 0x252B, 0x252B, 0x252B, 0x252B, 0x1D0B, 0x1CEB, 0x1CCA,
    0x1C69, 0xD75B, 0xFFFF, 0xFFFF, 0xFFFF, 0xFFFF, 0xFFFF, 0xFFFF, 0xFFFF, 0xFFFF, 0xFFFF, 0xFFFF, 0xFFFF, 0xFFFF, 0xFFFF, 0xFFFF,
    0xFFFF, 0xFFFF, 0xFFFF, 0xFFFF, 0xFFFF, 0xFFFF, 0xFFFF, 0xFFFF, 0xFFFF, 0xB698, 0x0387, 0x0C09, 0x0C4A, 0x0C8B, 0x0CAB, 0x0CCB,
    0x0CCB, 0x0CCB, 0x0CCB, 0x0CCB, 0x0CCB, 0x0CCB, 0x0CCB, 0x0CCB, 0x0CCB, 0x0CCB, 0x0CCB, 0x0CCB, 0x0CCB, 0x0CCB, 0x0CCB, 0x0CCB,
    0x0CCB, 0x0CCB, 0x0CCB, 0x0CCB, 0x0CCB, 0x0CCB, 0x0CCB, 0x0CCB, 0x0CCB, 0x0CCB, 0x0CCB, 0x0CCB, 0x0CCB, 0x0CCB, 0x0CCB, 0x0CCB,
    0x0CCB, 0x0CCB, 0x0CCB, 0x0CCB, 0x0CCB, 0x0CCB, 0x0CCB, 0x0CCB, 0x0CCB, 0x0CCB, 0x0CCB, 0x0CCB, 0x0CCB, 0x0CCB, 0x0CCB, 0x0CCB,
    0x0CCB, 0x0CCB, 0x0CCB, 0x0CCB, 0x0CCB, 0x0CCB, 0x0CCB, 0x0CCB, 0x0CCB, 0x0CCB, 0x0CCB, 0x0CCB, 0x4DEA, 0x4DEA, 0x4DEA, 0x4DEA,
    0x4DEA, 0x4DEA, 0x4DEA, 0x4DEA, 0x4DEA, 0x4DEA, 0x45EA, 0x45EA, 0x45CA, 0x45CA, 0x45CA, 0x45CA, 0x45CA, 0x45CA, 0x45CA, 0x45CA,
    0x45CA, 0x45CA, 0x45CA, 0x3DAA, 0x3DAA, 0x3DAA, 0x3DAA, 0x3DAA, 0x3DAA, 0x3DAB, 0x3DAA, 0x45AB, 0xF7DE, 0xAEF7, 0x2569, 0x3DAB,
    0x358B, 0x358B, 0x358B, 0x358B, 0x358A, 0x3D8B, 0x2549, 0x7E72, 0xFFFF, 0x5DEE, 0x2D4A, 0x358B, 0x356B, 0x356B, 0x2D6B, 0x2D6B,
    0x2D6B, 0x2D6B, 0x2D6B, 0x2D6B, 0x2D6B, 0x2D4B, 0x2D4B, 0x2D4B, 0x2D4B, 0x2D4B, 0x2D4B, 0x2D4B, 0x254B, 0x254B, 0x254B, 0x254B,
    0x252B, 0x252B, 0x252B, 0x252B, 0x252B, 0x252B, 0x252B, 0x252B, 0x252B, 0x1D0B, 0x24EB, 0x0C48, 0x75D2, 0xFFFF, 0xFFFF, 0xFFFF,
    0xFFFF, 0xFFFF, 0xFFFF, 0xFFFF, 0xFFFF, 0xFFFF, 0xFFFF, 0xFFFF, 0xFFFF, 0xFFFF, 0xFFFF, 0xFFFF, 0xFFFF, 0xFFFF, 0xFFFF, 0xFFFF,
    0xFFFF, 0xFFFF, 0xFFFF, 0xFFFF, 0xE77C, 0x1BE9, 0x03A8, 0x0C2A, 0x0C6A, 0x0CAB, 0x0CCB, 0x0CCB, 0x0CCB, 0x0CCB, 0x0CCB, 0x0CCB,
    0x0CCB, 0x0CCB, 0x0CCB, 0x0CCB, 0x0CCB, 0x0CCB, 0x0CCB, 0x0CCB, 0x0CCB, 0x0CCB, 0x0CCB, 0x0CCB, 0x0CCB, 0x0CCB, 0x0CCB, 0x0CCB,
    0x0CCB, 0x0CCB, 0x0CCB, 0x0CCB, 0x0CCB, 0x0CCB, 0x0CCB, 0x0CCB, 0x0CCB, 0x0CCB, 0x0CCB, 0x0CCB, 0x0CCB, 0x0CCB, 0x0CCB, 0x0CCB,
    0x0CCB, 0x0CCB, 0x0CCB, 0x0CCB, 0x0CCB, 0x0CCB, 0x0CCB, 0x0CCB, 0x0CCB, 0x0CCB, 0x0CCB, 0x0CCB, 0x0CCB, 0x0CCB, 0x0CCB, 0x0CCB,
    0x0CCB, 0x0CCB, 0x0CCB, 0x0CCB, 0x0CCB, 0x0CCB, 0x0CCB, 0x0CCB, 0x4DEA, 0x4DEA, 0x4DEA, 0x4DEA, 0x4DEA, 0x4DEA, 0x4DEA, 0x4DEA,
    0x4DEA, 0x45EA, 0x45CA, 0x45CA, 0x45CA, 0x45CA, 0x45CA, 0x45CA, 0x45CA, 0x45CA, 0x45CA, 0x45CA, 0x45CA, 0x45CA, 0x3DAA, 0x3DAA,
    0x3DAA, 0x3DAA, 0x3DAA, 0x3DAA, 0x3DAA, 0x3DAA, 0x3DAB, 0x2D69, 0x9ED5, 0xFFFF, 0x5E0E, 0x2569, 0x3DAB, 0x3D8B, 0x3D8B, 0x3D8B,
    0x3D8B, 0x2D69, 0x3D8B, 0xEFBD, 0xCF5A, 0x254A, 0x358B, 0x356B, 0x2D6B, 0x2D6B, 0x2D6B, 0x2D6B, 0x2D6B, 0x2D6B, 0x2D6B, 0x2D4B,
    0x2D4B, 0x2D4B, 0x2D4B, 0x2D4B, 0x2D4B, 0x2D4B, 0x254B, 0x254B, 0x254B, 0x254B, 0x254B, 0x252B, 0x252B, 0x252B, 0x252B, 0x252B,
    0x252B, 0x252B, 0x252B, 0x1D2B, 0x1D0B, 0x1CEB, 0x14AA, 0x2CAB, 0xE79D, 0xFFFF, 0xFFFF, 0xFFFF, 0xFFFF, 0xFFFF, 0xFFFF, 0xFFFF,
    0xFFFF, 0xFFFF, 0xFFFF, 0xFFFF, 0xFFFF, 0xFFFF, 0xFFFF, 0xFFFF, 0xFFFF, 0xFFFF, 0xFFFF, 0xFFFF, 0xFFFF, 0xFFFF, 0xFFFF, 0xFFFF,
    0x4CAE, 0x0387, 0x0C2A, 0x0C4A, 0x0C8B, 0x0CAB, 0x0CCB, 0x0CCB, 0x0CCB, 0x0CCB, 0x0CCB, 0x0CCB, 0x0CCB, 0x0CCB, 0x0CCB, 0x0CCB,
    0x0CCC, 0x0CCC, 0x0CCB, 0x0CCB, 0x0CCB, 0x0CCB, 0x0CCB, 0x0CCB, 0x0CCB, 0x0CCB, 0x0CCB, 0x0CCB, 0x0CCB, 0x0CCB, 0x0CCB, 0x0CCB,
    0x0CCB, 0x0CCB, 0x0CCB, 0x0CCB, 0x0CCB, 0x0CCB, 0x0CCB, 0x0CCB, 0x0CCB, 0x0CCB, 0x0CCB, 0x0CCB, 0x0CCB, 0x0CCB, 0x0CCB, 0x0CCB,
    0x0CCB, 0x0CCB, 0x0CCB, 0x0CCB, 0x0CCB, 0x0CCB, 0x0CCB, 0x0CCB, 0x0CCB, 0x0CCB, 0x0CCB, 0x0CCB, 0x0CCB, 0x0CCB, 0x0CCB, 0x0CCB,
    0x0CCB, 0x0CCB, 0x0CCB, 0x0CCB, 0x4DEA, 0x4DEA, 0x4DEA, 0x4DEA, 0x4DEA, 0x4DEA, 0x4DEA, 0x4DEA, 0x4DEA, 0x45CA, 0x45CA, 0x45CA,
    0x45CA, 0x45CA, 0x45CA, 0x45CA, 0x45CA, 0x45CA, 0x45CA, 0x45CA, 0x45AA, 0x45AA, 0x3DAA, 0x3DAA, 0x3DAA, 0x3DAA, 0x3DAA, 0x3DAA,
    0x3DAA, 0x3DAA, 0x3DAB, 0x3D8A, 0x3D8B, 0xDF9C, 0xEFDE, 0x5E0E, 0x2569, 0x2D69, 0x2D6A, 0x2D69, 0x2549, 0x45AC, 0xD79B, 0xF7DE,
    0x4DCD, 0x2D6A, 0x356B, 0x2D6B, 0x2D6B, 0x2D6B, 0x2D6B, 0x2D6B, 0x2D6B, 0x2D6B, 0x2D6B, 0x2D4B, 0x2D4B, 0x2D4B, 0x2D4B, 0x2D4B,
    0x2D4B, 0x2D4B, 0x254B, 0x254B, 0x254B, 0x254B, 0x252B, 0x252B, 0x252B, 0x252B, 0x252B, 0x252B, 0x252B, 0x252B, 0x1D2B, 0x1D0B,
    0x1CEB, 0x24EB, 0x0C28, 0x9E56, 0xFFFF, 0xFFFF, 0xFFFF, 0xFFFF, 0xFFFF, 0xFFFF, 0xFFFF, 0xFFFF, 0xFFFF, 0xFFFF, 0xFFFF, 0xFFFF,
    0xFFFF, 0xFFFF, 0xFFFF, 0xFFFF, 0xFFFF, 0xFFFF, 0xFFFF, 0xFFFF, 0xFFFF, 0xFFFF, 0xFFFF, 0x7DB3, 0x0346, 0x0C0A, 0x0C4A, 0x0C8B,
    0x0CAB, 0x0CCB, 0x0CCB, 0x0CCB, 0x0CCB, 0x0CCB, 0x0CCB, 0x14CC, 0x14CC, 0x14CC, 0x14CC, 0x0CCB, 0x0CAB, 0x0CAB, 0x0CCB, 0x0CCB,
    0x0CCB, 0x0CCB, 0x0CCB, 0x0CCB, 0x0CCB, 0x0CCB, 0x0CCB, 0x0CCB, 0x0CCB, 0x0CCB, 0x0CCB, 0x0CCB, 0x0CCB, 0x0CCB, 0x0CCB, 0x0CCB,
    0x0CCB, 0x0CCB, 0x0CCB, 0x0CCB, 0x0CCB, 0x0CCB, 0x0CCB, 0x0CCB, 0x0CCB, 0x0CCB, 0x0CCB, 0x0CCB, 0x0CCB, 0x0CCB, 0x0CCB, 0x0CCB,
    0x0CCB, 0x0CCB, 0x0CCB, 0x0CCB, 0x0CCB, 0x0CCB, 0x0CCB, 0x0CCB, 0x0CCB, 0x0CCB, 0x0CCB, 0x0CCB, 0x0CCB, 0x0CCB, 0x0CCB, 0x0CCB,
    0x4DEA, 0x4DEA, 0x4DEA, 0x4DEA, 0x4DEA, 0x4DCA, 0x4DCA, 0x45EA, 0x45CA, 0x45CA, 0x45CA, 0x45CA, 0x45CA, 0x45CA, 0x45CA, 0x45CA,
    0x45CA, 0x45CA, 0x45CA, 0x45CA, 0x3DAA, 0x3DAA, 0x3DAA, 0x3DAA, 0x3DAA, 0x3DAA, 0x3DAA, 0x3DAA, 0x3DAA, 0x3DAA, 0x3DAB, 0x3DAB,
    0x358A, 0x4DCD, 0xD77B, 0xFFFF, 0xBF38, 0x7E52, 0x660F, 0x6E51, 0xAEF7, 0xFFFF, 0xEFDE, 0x5E0F, 0x254A, 0x356B, 0x2D6B, 0x2D6B,
    0x2D6B, 0x2D6B, 0x2D6B, 0x2D6B, 0x2D6B, 0x2D6B, 0x2D4B, 0x2D4B, 0x2D4B, 0x2D4B, 0x2D4B, 0x2D4B, 0x254B, 0x254B, 0x254B, 0x254B,
    0x254B, 0x252B, 0x252B, 0x252B, 0x252B, 0x252B, 0x252B, 0x252B, 0x252B, 0x1D2B, 0x1D0B, 0x1D0B, 0x24EB, 0x1489, 0x3CED, 0xF7DE,
    0xFFFF, 0xFFFF, 0xFFFF, 0xFFFF, 0xFFFF, 0xFFFF, 0xFFFF, 0xFFFF, 0xFFFF, 0xFFFF, 0xFFFF, 0xFFFF, 0xFFFF, 0xFFFF, 0xFFFF, 0xFFFF,
    0xFFFF, 0xFFFF, 0xFFFF, 0xFFFF, 0xFFFF, 0xFFFF, 0xB698, 0x0367, 0x0BE9, 0x0C2A, 0x0C6B, 0x0CAB, 0x14CB, 0x14CC, 0x14CC, 0x14CB,
    0x0CAB, 0x0CAB, 0x048A, 0x046A, 0x0449, 0x0449, 0x0449, 0x044A, 0x0C8B, 0x1CCC, 0x0CAB, 0x0CAB, 0x0CCB, 0x0CCB, 0x0CCB, 0x0CCB,
    0x0CCB, 0x0CCB, 0x0CCB, 0x0CCB, 0x0CCB, 0x0CCB, 0x0CCB, 0x0CCB, 0x0CCB, 0x0CCB, 0x0CCB, 0x0CCB, 0x0CCB, 0x0CCB, 0x0CCB, 0x0CCB,
    0x0CCB, 0x0CCB, 0x0CCB, 0x0CCB, 0x0CCB, 0x0CCB, 0x0CCB, 0x0CCB, 0x0CCB, 0x0CCB, 0x0CCB, 0x0CCB, 0x0CCB, 0x0CCB, 0x0CCB, 0x0CCB,
    0x0CCB, 0x0CCB, 0x0CCB, 0x0CCB, 0x0CCB, 0x0CCB, 0x0CCB, 0x0CCB, 0x0CCB, 0x0CCB, 0x0CCB, 0x0CCB, 0x4DEA, 0x4DEA, 0x4DEA, 0x4DEA,
    0x4DCA, 0x4DCA, 0x45CA, 0x45CA, 0x45CA, 0x45CA, 0x45CA, 0x45CA, 0x45CA, 0x45CA, 0x45CA, 0x45CA, 0x45CA, 0x45CA, 0x45AA, 0x3DAA,
    0x3DAA, 0x3DAA, 0x3DAA, 0x3DAA, 0x3DAA, 0x3DAA, 0x3DAA, 0x3DAA, 0x3DAA, 0x3DAB, 0x3D8B, 0x3D8B, 0x3D8B, 0x356A, 0x358A, 0x8E94,
    0xE79C, 0xFFFF, 0xFFFF, 0xFFFF, 0xEFBD, 0x9ED6, 0x3D8C, 0x2549, 0x356B, 0x2D6B, 0x2D6B, 0x2D6B, 0x2D6B, 0x2D6B, 0x2D6B, 0x2D6B,
    0x2D4B, 0x2D4B, 0x2D4B, 0x2D4B, 0x2D4B, 0x2D4B, 0x2D4B, 0x254B, 0x254B, 0x254B, 0x254B, 0x254B, 0x252B, 0x252B, 0x252B, 0x252B,
    0x252B, 0x252B, 0x252B, 0x252B, 0x1D2B, 0x1D2B, 0x1D0B, 0x1CEB, 0x1CCA, 0x0C49, 0xBED9, 0xFFFF, 0xFFFF, 0xFFFF, 0xFFFF, 0xFFFF,
    0xFFFF, 0xFFFF, 0xFFFF, 0xFFFF, 0xFFFF, 0xFFFF, 0xFFFF, 0xFFFF, 0xFFFF, 0xFFFF, 0xFFFF, 0xFFFF, 0xFFFF, 0xFFFF, 0xFFFF, 0xFFFF,
    0xFFFF, 0xDF5C, 0x1BC9, 0x0BC8, 0x142A, 0x0C6A, 0x0C8B, 0x048A, 0x046A, 0x044A, 0x0449, 0x0449, 0x046A, 0x148B, 0x2CCD, 0x452F,
    0x5D91, 0x7E14, 0x9E97, 0xBEF9, 0xCF3B, 0xDF7D, 0x350E, 0x046A, 0x0CCB, 0x0CCB, 0x0CCB, 0x0CCB, 0x0CCB, 0x0CCB, 0x0CCB, 0x0CCB,
    0x0CCB, 0x0CCB, 0x0CCB, 0x0CCB, 0x0CCB, 0x0CCB, 0x0CCB, 0x0CCB, 0x0CCB, 0x0CCB, 0x0CCB, 0x0CCB, 0x0CCB, 0x0CCB, 0x0CCB, 0x0CCB,
    0x0CCB, 0x0CCB, 0x0CCB, 0x0CCB, 0x0CCB, 0x0CCB, 0x0CCB, 0x0CCB, 0x0CCB, 0x0CCB, 0x0CCB, 0x0CCB, 0x0CCB, 0x0CCB, 0x0CCB, 0x0CCB,
    0x0CCB, 0x0CCB, 0x0CCB, 0x0CCB, 0x0CCB, 0x0CCB, 0x0CCB, 0x0CCB, 0x4DCA, 0x4DCA, 0x4DEA, 0x45CA, 0x4DCA, 0x45CA, 0x45CA, 0x45CA,
    0x45CA, 0x45CA, 0x45CA, 0x45CA, 0x45CA, 0x45CA, 0x45CA, 0x45CA, 0x45CA, 0x45CA, 0x45AA, 0x3DAA, 0x3DAA, 0x3DAA, 0x3DAA, 0x3DAA,
    0x3DAA, 0x3DAA, 0x3DAA, 0x3DAA, 0x3DAB, 0x3D8B, 0x3D8B, 0x3D8B, 0x358B, 0x3D8B, 0x358A, 0x2569, 0x358A, 0x55CD, 0x5E0F, 0x55EE,
    0x358B, 0x2549, 0x2D6A, 0x358B, 0x2D6B, 0x2D6B, 0x2D6B, 0x2D6B, 0x2D6B, 0x2D6B, 0x2D6B, 0x2D6B, 0x2D4B, 0x2D4B, 0x2D4B, 0x2D4B,
    0x2D4B, 0x2D4B, 0x2D4B, 0x254B, 0x254B, 0x254B, 0x254B, 0x252B, 0x252B, 0x252B, 0x252B, 0x252B, 0x252B, 0x252B, 0x252B, 0x252B,
    0x1D2B, 0x1D2B, 0x1D0B, 0x24EB, 0x0C49, 0x5D4F, 0xFFFF, 0xFFFF, 0xFFFF, 0xFFFF, 0xFFFF, 0xFFFF, 0xFFFF, 0xFFFF, 0xFFFF, 0xFFFF,
    0xFFFF, 0xFFFF, 0xFFFF, 0xFFFF, 0xFFFF, 0xFFFF, 0xFFFF, 0xFFFF, 0xFFFF, 0xFFFF, 0xFFFF, 0xFFFF, 0xF7DE, 0x342C, 0x0346, 0x03C8,
    0x03C8, 0x0409, 0x044A, 0x1CAC, 0x350E, 0x5571, 0x7DF4, 0x9E77, 0xBEFA, 0xDF7C, 0xF7DF, 0xFFFF, 0xFFFF, 0xFFFF, 0xFFFF, 0xFFFF,
    0xFFFF, 0xFFFF, 0x4D30, 0x0449, 0x14AB, 0x0CCB, 0x0CCB, 0x0CCB, 0x0CCB, 0x0CCB, 0x0CCB, 0x0CCB, 0x0CCB, 0x0CCB, 0x0CCB, 0x0CCB,
    0x0CCB, 0x0CCB, 0x0CCB, 0x0CCB, 0x0CCB, 0x0CCB, 0x0CCB, 0x0CCB, 0x0CCB, 0x0CCB, 0x0CCB, 0x0CCB, 0x0CCB, 0x0CCB, 0x0CCB, 0x0CCB,
    0x0CCB, 0x0CCB, 0x0CCB, 0x0CCB, 0x0CCB, 0x0CCB, 0x0CCB, 0x0CCB, 0x0CCB, 0x0CCB, 0x0CCB, 0x0CCB, 0x0CCB, 0x0CCB, 0x0CCB, 0x0CCB,
    0x0CCB, 0x0CCB, 0x0CCB, 0x0CCB, 0x4DCA, 0x4DCA, 0x45CA, 0x45CA, 0x45CA, 0x45CA, 0x45CA, 0x45CA, 0x45CA, 0x45CA, 0x45CA, 0x45CA,
    0x45CA, 0x45CA, 0x45CA, 0x45CA, 0x45CA, 0x3DAA, 0x3DAA, 0x3DAA, 0x3DAA, 0x3DAA, 0x3DAA, 0x3DAA, 0x3DAA, 0x3DAA, 0x3DAA, 0x3DAB,
    0x3D8B, 0x3D8B, 0x358B, 0x358B, 0x358B, 0x358B, 0x358B, 0x358B, 0x358B, 0x2D6A, 0x2D6A, 0x2D6A, 0x356B, 0x358B, 0x356B, 0x2D6B,
    0x2D6B, 0x2D6B, 0x2D6B, 0x2D6B, 0x2D6B, 0x2D6B, 0x2D4B, 0x2D4B, 0x2D4B, 0x2D4B, 0x2D4B, 0x2D4B, 0x2D4B, 0x254B, 0x254B, 0x254B,
    0x254B, 0x254B, 0x252B, 0x252B, 0x252B, 0x252B, 0x252B, 0x252B, 0x252B, 0x252B, 0x1D2B, 0x1D2B, 0x1D0B, 0x1D0B, 0x1CEB, 0x1CAA,
    0x1C6A, 0xD75B, 0xFFFF, 0xFFFF, 0xFFFF, 0xFFFF, 0xFFFF, 0xFFFF, 0xFFFF, 0xFFFF, 0xFFFF, 0xFFFF, 0xFFFF, 0xFFFF, 0xFFFF, 0xFFFF,
    0xFFFF, 0xFFFF, 0xFFFF, 0xFFFF, 0xFFFF, 0xFFFF, 0xFFFF, 0xF7DE, 0x54AE, 0x0B47, 0x346C, 0x550F, 0x7DD3, 0xA697, 0xCF3B, 0xE79D,
    0xF7DF, 0xFFFF, 0xFFFF, 0xFFFF, 0xFFFF, 0xFFFF, 0xFFFF, 0xFFFF, 0xFFFF, 0xFFFF, 0xFFFF, 0xFFFF, 0xFFFF, 0xFFFF, 0x6591, 0x0409,
    0x14AB, 0x0CAB, 0x0CCB, 0x0CCB, 0x0CCB, 0x0CCB, 0x0CCB, 0x0CCB, 0x0CCB, 0x0CCB, 0x0CCB, 0x0CCB, 0x0CCB, 0x0CCB, 0x0CCB, 0x0CCB,
    0x0CCB, 0x0CCB, 0x0CCB, 0x0CCB, 0x0CCB, 0x0CCB, 0x0CCB, 0x0CCB, 0x0CCB, 0x0CCB, 0x0CCB, 0x0CCB, 0x0CCB, 0x0CCB, 0x0CCB, 0x0CCB,
    0x0CCB, 0x0CCB, 0x0CCB, 0x0CCB, 0x0CCB, 0x0CCB, 0x0CCB, 0x0CCB, 0x0CCB, 0x0CCB, 0x0CCB, 0x0CCB, 0x0CCB, 0x14CC, 0x14CC, 0x14CC,
    0x4DCA, 0x4DCA, 0x45CA, 0x45CA, 0x45CA, 0x45CA, 0x45CA, 0x45CA, 0x45CA, 0x45CA, 0x45CA, 0x45CA, 0x45CA, 0x45CA, 0x45CA, 0x45AA,
    0x45AA, 0x3DAA, 0x3DAA, 0x3DAA, 0x3DAA, 0x3DAA, 0x3DAA, 0x3DAA, 0x3DAA, 0x3DAA, 0x3DAB, 0x3D8B, 0x3D8B, 0x3D8B, 0x358B, 0x358B,
    0x358B, 0x358B, 0x358B, 0x358B, 0x358B, 0x358B, 0x358B, 0x358B, 0x356B, 0x356B, 0x2D6B, 0x2D6B, 0x2D6B, 0x2D6B, 0x2D6B, 0x2D6B,
    0x2D6B, 0x2D6B, 0x2D4B, 0x2D4B, 0x2D4B, 0x2D4B, 0x2D4B, 0x254B, 0x2D4B, 0x254B, 0x254B, 0x254B, 0x254B, 0x252B, 0x252B, 0x252B,
    0x252B, 0x252B, 0x252B, 0x252B, 0x252B, 0x252B, 0x1D2B, 0x1D2B, 0x1D0B, 0x1CEB, 0x24EB, 0x0C48, 0x7DD3, 0xFFFF, 0xFFFF, 0xFFFF,
    0xFFFF, 0xFFFF, 0xFFFF, 0xFFFF, 0xFFFF, 0xFFFF, 0xFFFF, 0xFFFF, 0xFFFF, 0xFFFF, 0xFFFF, 0xFFFF, 0xFFFF, 0xFFFF, 0xFFFF, 0xFFFF,
    0xFFFF, 0xFFFF, 0xFFFF, 0xDF5C, 0xA657, 0xD75C, 0xF7DF, 0xFFFF, 0xFFFF, 0xFFFF, 0xFFFF, 0xFFFF, 0xFFFF, 0xFFFF, 0xFFFF, 0xFFFF,
    0xFFFF, 0xFFFF, 0xFFFF, 0xFFFF, 0xFFFF, 0xFFFF, 0xFFFF, 0xFFFF, 0xFFFF, 0xFFFF, 0x7DD4, 0x03E8, 0x148B, 0x0CAB, 0x0CCB, 0x0CCB,
    0x0CCB, 0x0CCB, 0x0CCB, 0x0CCB, 0x0CCB, 0x0CCB, 0x0CCB, 0x0CCB, 0x0CCB, 0x0CCB, 0x0CCB, 0x0CCB, 0x0CCB, 0x0CCB, 0x0CCB, 0x0CCB,
    0x0CCB, 0x0CCB, 0x0CCB, 0x0CCB, 0x0CCB, 0x0CCB, 0x0CCB, 0x0CCB, 0x0CCB, 0x0CCB, 0x0CCB, 0x0CCB, 0x0CCB, 0x0CCB, 0x0CCB, 0x0CCB,
    0x0CCB, 0x0CCB, 0x0CCB, 0x0CCB, 0x0CCB, 0x0CCB, 0x14CC, 0x14CC, 0x0CCB, 0x04AA, 0x048A, 0x048A, 0x45CA, 0x45CA, 0x45CA, 0x45CA,
    0x45CA, 0x45CA, 0x45CA, 0x45CA, 0x45CA, 0x45CA, 0x45CA, 0x45CA, 0x45CA, 0x45CA, 0x45AA, 0x3DAA, 0x3DAA, 0x3DAA, 0x3DAA, 0x3DAA,
    0x3DAA, 0x3DAA, 0x3DAA, 0x3DAA, 0x3DAA, 0x3DAB, 0x3D8B, 0x3D8B, 0x358B, 0x358B, 0x358B, 0x358B, 0x358B, 0x358B, 0x358B, 0x358B,
    0x358B, 0x356B, 0x356B, 0x356B, 0x356B, 0x356B, 0x2D6B, 0x2D6B, 0x2D6B, 0x2D6B, 0x2D6B, 0x2D6B, 0x2D6B, 0x2D4B, 0x2D4B, 0x2D4B,
    0x2D4B, 0x2D4B, 0x2D4B, 0x254B, 0x254B, 0x254B, 0x254B, 0x254B, 0x252B, 0x252B, 0x252B, 0x252B, 0x252B, 0x252B, 0x252B, 0x252B,
    0x252B, 0x1D2B, 0x1D2B, 0x1D0B, 0x1D0B, 0x1CEB, 0x148A, 0x2C8B, 0xEF9D, 0xFFFF, 0xFFFF, 0xFFFF, 0xFFFF, 0xFFFF, 0xFFFF, 0xFFFF,
    0xFFFF, 0xFFFF, 0xFFFF, 0xFFFF, 0xFFFF, 0xFFFF, 0xFFFF, 0xFFFF, 0xFFFF, 0xFFFF, 0xFFFF, 0xFFFF, 0xFFFF, 0xFFFF, 0xFFFF, 0xFFFF,
    0xFFFF, 0xFFFF, 0xFFFF, 0xFFFF, 0xFFFF, 0xFFFF, 0xFFFF, 0xFFFF, 0xFFFF, 0xFFFF, 0xFFFF, 0xFFFF, 0xFFFF, 0xFFFF, 0xFFFF, 0xFFFF,
    0xFFFF, 0xFFFF, 0xFFFF, 0xFFFF, 0xFFFF, 0xFFFF, 0x9E56, 0x03C8, 0x148B, 0x0CAB, 0x0CCB, 0x0CCB, 0x0CCB, 0x0CCB, 0x0CCB, 0x0CCB,
    0x0CCB, 0x0CCB, 0x0CCB, 0x0CCB, 0x0CCB, 0x0CCB, 0x0CCB, 0x0CCB, 0x0CCB, 0x0CCB, 0x0CCB, 0x0CCB, 0x0CCB, 0x0CCB, 0x0CCB, 0x0CCB,
    0x0CCB, 0x0CCB, 0x0CCB, 0x0CCB, 0x0CCB, 0x0CCB, 0x0CCB, 0x0CCB, 0x0CCB, 0x0CCB, 0x0CCB, 0x0CCB, 0x0CCB, 0x0CCB, 0x0CCB, 0x14CC,
    0x14CC, 0x0CCB, 0x048A, 0x048A, 0x14CB, 0x3D4F, 0x6DF3, 0x9E76, 0x45CA, 0x45CA, 0x45CA, 0x45CA, 0x45CA, 0x45CA, 0x45CA, 0x45CA,
    0x45CA, 0x45CA, 0x45CA, 0x45CA, 0x45CA, 0x45AA, 0x3DAA, 0x3DAA, 0x3DAA, 0x3DAA, 0x3DAA, 0x3DAA, 0x3DAA, 0x3DAA, 0x3DAA, 0x3DAA,
    0x3DAB, 0x3D8B, 0x3D8B, 0x358B, 0x358B, 0x358B, 0x358B, 0x358B, 0x358B, 0x358B, 0x358B, 0x358B, 0x356B, 0x356B, 0x356B, 0x356B,
    0x2D6B, 0x2D6B, 0x2D6B, 0x2D6B, 0x2D6B, 0x2D6B, 0x2D6B, 0x2D4B, 0x2D4B, 0x2D4B, 0x2D4B, 0x2D4B, 0x2D4B, 0x254B, 0x254B, 0x254B,
    0x254B, 0x254B, 0x254B, 0x252B, 0x252B, 0x252B, 0x252B, 0x252B, 0x252B, 0x252B, 0x252B, 0x1D2B, 0x1D2B, 0x1D2B, 0x1D0B, 0x1D0B,
    0x1CEB, 0x1CCB, 0x0C28, 0x9E56, 0xFFFF, 0xFFFF, 0xFFFF, 0xFFFF, 0xFFFF, 0xFFFF, 0xFFFF, 0xFFFF, 0xFFFF, 0xFFFF, 0xFFFF, 0xFFFF,
    0xFFFF, 0xFFFF, 0xFFFF, 0xFFFF, 0xFFFF, 0xFFFF, 0xFFFF, 0xFFFF, 0xFFFF, 0xFFFF, 0xFFFF, 0xFFFF, 0xFFFF, 0xFFFF, 0xFFFF, 0xFFFF,
    0xFFFF, 0xFFFF, 0xFFFF, 0xFFFF, 0xFFFF, 0xFFFF, 0xFFFF, 0xFFFF, 0xFFFF, 0xFFFF, 0xFFFF, 0xFFFF, 0xFFFF, 0xFFFF, 0xFFFF, 0xFFFF,
    0xFFFF, 0xFFFF, 0xB6B9, 0x03E8, 0x0C6B, 0x0CAB, 0x0CCB, 0x0CCB, 0x0CCB, 0x0CCB, 0x0CCB, 0x0CCB, 0x0CCB, 0x0CCB, 0x0CCB, 0x0CCB,
    0x0CCB, 0x0CCB, 0x0CCB, 0x0CCB, 0x0CCB, 0x0CCB, 0x0CCB, 0x0CCB, 0x0CCB, 0x0CCB, 0x0CCB, 0x0CCB, 0x0CCB, 0x0CCB, 0x0CCB, 0x0CCB,
    0x0CCB, 0x0CCB, 0x0CCB, 0x0CCB, 0x0CCB, 0x0CCB, 0x0CCB, 0x0CCB, 0x0CCB, 0x14CC, 0x14CC, 0x04AB, 0x048A, 0x14CC, 0x4D90, 0x9697,
    0xD73C, 0xFFDF, 0xFFFF, 0xFFBF, 0x45CA, 0x45CA, 0x45CA, 0x45CA, 0x45CA, 0x45CA, 0x45CA, 0x45CA, 0x45CA, 0x45CA, 0x45AA, 0x45CA,
    0x45AA, 0x45AA, 0x3DAA, 0x3DAA, 0x3DAA, 0x3DAA, 0x3DAA, 0x3DAA, 0x3DAA, 0x3DAA, 0x3DAA, 0x3DAB, 0x3D8B, 0x3D8B, 0x3D8B, 0x358B,
    0x358B, 0x358B, 0x358B, 0x358B, 0x358B, 0x358B, 0x358B, 0x356B, 0x356B, 0x356B, 0x356B, 0x356B, 0x2D6B, 0x2D6B, 0x2D6B, 0x2D6B,
    0x2D6B, 0x2D6B, 0x2D6B, 0x2D4B, 0x2D4B, 0x2D4B, 0x2D4B, 0x2D4B, 0x2D4B, 0x254B, 0x254B, 0x254B, 0x254B, 0x254B, 0x252B, 0x252B,
    0x252B, 0x252B, 0x252B, 0x252B, 0x252B, 0x252B, 0x252B, 0x1D2B, 0x1D2B, 0x1D0B, 0x1D0B, 0x1D0B, 0x1CEB, 0x0C69, 0x44ED, 0xF7DF,
    0xFFFF, 0xFFFF, 0xFFFF, 0xFFFF, 0xFFFF, 0xFFFF, 0xFFFF, 0xFFFF, 0xFFFF, 0xFFFF, 0xFFFF, 0xFFFF, 0xFFFF, 0xFFFF, 0xFFFF, 0xFFFF,
    0xFFFF, 0xFFFF, 0xFFFF, 0xFFFF, 0xFFFF, 0xFFFF, 0xFFFF, 0xFFFF, 0xFFFF, 0xFFFF, 0xFFFF, 0xFFFF, 0xFFFF, 0xFFFF, 0xFFFF, 0xFFFF,
    0xFFFF, 0xFFFF, 0xFFFF, 0xFFFF, 0xFFFF, 0xFFFF, 0xFFFF, 0xFFFF, 0xFFFF, 0xFFFF, 0xFFFF, 0xFFFF, 0xFFFF, 0xFFFF, 0xD73B, 0x0C09,
    0x0C4A, 0x0CAB, 0x0CCB, 0x0CCB, 0x0CCB, 0x0CCB, 0x0CCB, 0x0CCB, 0x0CCB, 0x0CCB, 0x0CCB, 0x0CCB, 0x0CCB, 0x0CCB, 0x0CCB, 0x0CCB,
    0x0CCB, 0x0CCB, 0x0CCB, 0x0CCB, 0x0CCB, 0x0CCB, 0x0CCB, 0x0CCB, 0x0CCB, 0x0CCB, 0x0CCB, 0x0CCB, 0x0CCB, 0x0CCB, 0x0CCB, 0x0CCB,
    0x0CCB, 0x0CCB, 0x0CCB, 0x14CC, 0x14CC, 0x04AB, 0x048A, 0x352E, 0x8655, 0xDF7C, 0xFFFF, 0xFFFF, 0xF79E, 0xB6D9, 0x75F4, 0x4570,
    0x45AA, 0x45CA, 0x45CA, 0x45CA, 0x45CA, 0x45CA, 0x45CA, 0x45CA, 0x45AA, 0x45AA, 0x45AA, 0x45AA, 0x3DAA, 0x3DAA, 0x3DAA, 0x3DAA,
    0x3DAA, 0x3DAA, 0x3DAA, 0x3DAA, 0x3DAA, 0x3DAA, 0x3DAB, 0x3D8B, 0x3D8B, 0x358B, 0x358B, 0x358B, 0x358B, 0x358B, 0x358B, 0x358B,
    0x358B, 0x358B, 0x356B, 0x356B, 0x356B, 0x356B, 0x2D6B, 0x2D6B, 0x2D6B, 0x2D6B, 0x2D6B, 0x2D6B, 0x2D6B, 0x2D4B, 0x2D4B, 0x2D4B,
    0x2D4B, 0x2D4B, 0x2D4B, 0x2D4B, 0x254B, 0x254B, 0x254B, 0x254B, 0x254B, 0x252B, 0x252B, 0x252B, 0x252B, 0x252B, 0x252B, 0x252B,
    0x252B, 0x1D2B, 0x1D2B, 0x1D2B, 0x1D0B, 0x1D0B, 0x1D0B, 0x1CEB, 0x1CCB, 0x0C49, 0xB6D8, 0xFFFF, 0xFFFF, 0xFFFF, 0xFFFF, 0xFFFF,
    0xFFFF, 0xFFFF, 0xFFFF, 0xFFFF, 0xFFFF, 0xFFFF, 0xFFFF, 0xFFFF, 0xFFFF, 0xFFFF, 0xFFFF, 0xFFFF, 0xFFFF, 0xFFFF, 0xFFFF, 0xFFFF,
    0xFFFF, 0xFFFF, 0xFFFF, 0xFFFF, 0xFFFF, 0xFFFF, 0xFFFF, 0xFFFF, 0xFFFF, 0xFFFF, 0xFFFF, 0xFFFF, 0xFFFF, 0xFFFF, 0xFFFF, 0xFFFF,
    0xFFFF, 0xFFFF, 0xFFFF, 0xFFFF, 0xFFFF, 0xFFFF, 0xFFFF, 0xFFFF, 0xFFFF, 0xFFFF, 0xEF9D, 0x1C2A, 0x0C4A, 0x0CAB, 0x0CCB, 0x0CCB,
    0x0CCB, 0x0CCB, 0x0CCB, 0x0CCB, 0x0CCB, 0x0CCB, 0x0CCB, 0x0CCB, 0x0CCB, 0x0CCB, 0x0CCB, 0x0CCB, 0x0CCB, 0x0CCB, 0x0CCB, 0x0CCB,
    0x0CCB, 0x0CCB, 0x0CCB, 0x0CCB, 0x0CCB, 0x0CCB, 0x0CCB, 0x0CCB, 0x0CCB, 0x0CCB, 0x0CCB, 0x0CCB, 0x0CCB, 0x0CCC, 0x14EC, 0x04AB,
    0x048A, 0x354F, 0xA6D8, 0xFFFF, 0xFFFF, 0xF7BE, 0xA6B8, 0x55B1, 0x24ED, 0x04AB, 0x048A, 0x048A, 0x45AA, 0x45CA, 0x45AA, 0x45AA,
    0x45CA, 0x45AA, 0x45CA, 0x45AA, 0x45AA, 0x45AA, 0x45AA, 0x45AA, 0x3DAA, 0x3DAA, 0x3DAA, 0x3DAA, 0x3DAA, 0x3DAA, 0x3DAA, 0x3DAA,
    0x3DAB, 0x3DAB, 0x3D8B, 0x3D8B, 0x3D8B, 0x358B, 0x358B, 0x358B, 0x358B, 0x358B, 0x358B, 0x358B, 0x358B, 0x356B, 0x356B, 0x356B,
    0x356B, 0x356B, 0x2D6B, 0x2D6B, 0x2D6B, 0x2D6B, 0x2D6B, 0x2D6B, 0x2D6B, 0x2D4B, 0x2D4B, 0x2D4B, 0x2D4B, 0x2D4B, 0x254B, 0x254B,
    0x254B, 0x254B, 0x254B, 0x254B, 0x252B, 0x252B, 0x252B, 0x252B, 0x252B, 0x252B, 0x252B, 0x252B, 0x252B, 0x1D2B, 0x1D2B, 0x1D0B,
    0x1D0B, 0x1D0B, 0x1CEB, 0x1CEB, 0x0C49, 0x5D70, 0xFFFF, 0xFFFF, 0xFFFF, 0xFFFF, 0xFFFF, 0xFFFF, 0xFFFF, 0xFFFF, 0xFFFF, 0xFFFF,
    0xFFFF, 0xFFFF, 0xFFFF, 0xFFFF, 0xFFFF, 0xFFFF, 0xFFFF, 0xFFFF, 0xFFFF, 0xFFFF, 0xFFFF, 0xFFFF, 0xFFFF, 0xFFFF, 0xFFFF, 0xFFFF,
    0xFFFF, 0xFFFF, 0xFFFF, 0xFFFF, 0xFFFF, 0xFFFF, 0xFFFF, 0xFFFF, 0xFFFF, 0xFFFF, 0xFFFF, 0xFFFF, 0xFFFF, 0xFFFF, 0xFFFF, 0xFFFF,
    0xFFFF, 0xFFFF, 0xFFFF, 0xFFFF, 0xFFFF, 0xFFFF, 0xF7DE, 0x2C6C, 0x0429, 0x0C8B, 0x0CCB, 0x0CCB, 0x0CCB, 0x0CCB, 0x0CCB, 0x0CCB,
    0x0CCB, 0x0CCB, 0x0CCB, 0x0CCB, 0x0CCB, 0x0CCB, 0x0CCB, 0x0CCB, 0x0CCB, 0x0CCB, 0x0CCB, 0x0CCB, 0x0CCB, 0x0CCB, 0x0CCB, 0x0CCB,
    0x0CCB, 0x0CCB, 0x0CCB, 0x0CCB, 0x0CCB, 0x0CCB, 0x0CCB, 0x0CCB, 0x14EC, 0x0CCB, 0x048A, 0x354E, 0xA6D8, 0xFFFF, 0xFFFF, 0xDF5C,
    0x7614, 0x250D, 0x048A, 0x048A, 0x0CAB, 0x0CCB, 0x14CC, 0x14CB, 0x45AA, 0x45AA, 0x45AA, 0x45AA, 0x45AA, 0x45AA, 0x45AA, 0x45AA,
    0x3DAA, 0x3DAA, 0x45AA, 0x3DAA, 0x3DAA, 0x3DAA, 0x3DAA, 0x3DAA, 0x3DAA, 0x3DAA, 0x3DAA, 0x3DAA, 0x3D8B, 0x3D8B, 0x3D8B, 0x3D8B,
    0x358B, 0x358B, 0x358B, 0x358B, 0x358B, 0x358B, 0x358B, 0x358B, 0x356B, 0x356B, 0x356B, 0x356B, 0x356B, 0x2D6B, 0x2D6B, 0x2D6B,
    0x2D6B, 0x2D6B, 0x2D6B, 0x2D4B, 0x2D4B, 0x2D4B, 0x2D4B, 0x2D4B, 0x2D4B, 0x2D4B, 0x254B, 0x254B, 0x254B, 0x254B, 0x254B, 0x252B,
    0x252B, 0x252B, 0x252B, 0x252B, 0x252B, 0x252B, 0x252B, 0x1D2B, 0x1D2B, 0x1D2B, 0x1D0B, 0x1D0B, 0x1D0B, 0x1D0B, 0x1CEB, 0x14AA,
    0x144A, 0xD75B, 0xFFFF, 0xFFFF, 0xFFFF, 0xFFFF, 0xFFFF, 0xFFFF, 0xFFFF, 0xFFFF, 0xFFFF, 0xFFFF, 0xFFFF, 0xFFFF, 0xFFFF, 0xFFFF,
    0xFFFF, 0xFFFF, 0xFFFF, 0xFFFF, 0xFFFF, 0xFFFF, 0xFFFF, 0xFFFF, 0xFFFF, 0xFFFF, 0xFFFF, 0xFFFF, 0xFFFF, 0xFFFF, 0xFFFF, 0xFFFF,
    0xFFFF, 0xFFFF, 0xFFFF, 0xFFFF, 0xFFFF, 0xFFFF, 0xFFFF, 0xFFFF, 0xFFFF, 0xFFFF, 0xFFFF, 0xFFFF, 0xFFFF, 0xFFFF, 0xFFFF, 0xFFFF,
    0xFFFF, 0xFFFF, 0xFFFF, 0x44CE, 0x0409, 0x0C8B, 0x0CAB, 0x0CCB, 0x0CCB, 0x0CCB, 0x0CCB, 0x0CCB, 0x0CCB, 0x0CCB, 0x0CCB, 0x0CCB,
    0x0CCB, 0x0CCB, 0x0CCB, 0x0CCB, 0x0CCB, 0x0CCB, 0x0CCB, 0x0CCB, 0x0CCB, 0x0CCB, 0x0CCB, 0x0CCB, 0x0CCB, 0x0CCB, 0x0CCB, 0x0CCB,
    0x0CCB, 0x0CCB, 0x0CCB, 0x14EC, 0x04AA, 0x14EC, 0x8655, 0xFFDF, 0xFFFF, 0xDF7C, 0x6DF3, 0x14CC, 0x048A, 0x04AB, 0x14CC, 0x14CC,
    0x0CCB, 0x0CCB, 0x0CAB, 0x0CAB, 0x45AA, 0x45AA, 0x45AA, 0x45AA, 0x45AA, 0x45AA, 0x45AA, 0x3DAA, 0x3DAA, 0x3DAA, 0x3DAA, 0x3DAA,
    0x3DAA, 0x3DAA, 0x3DAA, 0x3DAA, 0x3DAA, 0x3DAA, 0x3DAB, 0x3D8B, 0x3D8B, 0x3D8B, 0x358B, 0x358B, 0x358B, 0x358B, 0x358B, 0x358B,
    0x358B, 0x358B, 0x358B, 0x356B, 0x356B, 0x356B, 0x356B, 0x2D6B, 0x2D6B, 0x2D6B, 0x2D6B, 0x2D6B, 0x2D6B, 0x2D6B, 0x2D4B, 0x2D4B,
    0x2D4B, 0x2D4B, 0x2D4B, 0x2D4B, 0x254B, 0x254B, 0x254B, 0x254B, 0x254B, 0x254B, 0x252B, 0x252B, 0x252B, 0x252B, 0x252B, 0x252B,
    0x252B, 0x252B, 0x1D2B, 0x1D2B, 0x1D2B, 0x1D0B, 0x1D0B, 0x1D0B, 0x1D0B, 0x1CEB, 0x1CEB, 0x0448, 0x7DD3, 0xFFFF, 0xFFFF, 0xFFFF,
    0xFFFF, 0xFFFF, 0xFFFF, 0xFFFF, 0xFFFF, 0xFFFF, 0xFFFF, 0xFFFF, 0xFFFF, 0xFFFF, 0xFFFF, 0xFFFF, 0xFFFF, 0xFFFF, 0xFFFF, 0xFFFF,
    0xFFFF, 0xFFFF, 0xFFFF, 0xFFFF, 0xFFFF, 0xFFFF, 0xFFFF, 0xFFFF, 0xFFFF, 0xFFFF, 0xFFFF, 0xFFFF, 0xFFFF, 0xFFFF, 0xFFFF, 0xFFFF,
    0xFFFF, 0xFFFF, 0xFFFF, 0xFFFF, 0xFFFF, 0xFFFF, 0xFFFF, 0xFFFF, 0xFFFF, 0xFFFF, 0xFFFF, 0xFFFF, 0xFFFF, 0xFFFF, 0xFFFF, 0x6551,
    0x03E8, 0x148B, 0x0CAB, 0x0CCB, 0x0CCB, 0x0CCB, 0x0CCB, 0x0CCB, 0x0CCB, 0x0CCB, 0x0CCB, 0x0CCB, 0x0CCB, 0x0CCB, 0x0CCB, 0x0CCB,
    0x0CCB, 0x0CCB, 0x0CCB, 0x0CCB, 0x0CCB, 0x0CCB, 0x0CCB, 0x0CCB, 0x0CCB, 0x0CCB, 0x0CCB, 0x0CCB, 0x0CCB, 0x14CC, 0x0CCC, 0x048A,
    0x4DB1, 0xD77C, 0xFFFF, 0xEFBD, 0x6DF3, 0x14CC, 0x048A, 0x0CCB, 0x14CC, 0x0CCB, 0x0CCB, 0x0CCB, 0x0CCB, 0x0CAB, 0x0CAB, 0x0CAB,
    0x45AA, 0x45AA, 0x45AA, 0x45AA, 0x45AA, 0x45AA, 0x45AA, 0x3DAA, 0x3DAA, 0x3DAA, 0x3DAA, 0x3DAA, 0x3DAA, 0x3DAA, 0x3DAA, 0x3DAA,
    0x3DAA, 0x3DAA, 0x3DAB, 0x3D8B, 0x3D8B, 0x3D8B, 0x358B, 0x358B, 0x358B, 0x358B, 0x358B, 0x358B, 0x358B, 0x358B, 0x356B, 0x356B,
    0x356B, 0x356B, 0x356B, 0x2D6B, 0x2D6B, 0x2D6B, 0x2D6B, 0x2D6B, 0x2D6B, 0x2D6B, 0x2D4B, 0x2D4B, 0x2D4B, 0x2D4B, 0x2D4B, 0x2D4B,
    0x254B, 0x254B, 0x254B, 0x254B, 0x254B, 0x252B, 0x252B, 0x252B, 0x252B, 0x252B, 0x252B, 0x252B, 0x252B, 0x1D2B, 0x1D2B, 0x1D2B,
    0x1D0B, 0x1D0B, 0x1D0B, 0x1D0B, 0x1D0B, 0x1CEB, 0x148A, 0x2CAB, 0xEFBD, 0xFFFF, 0xFFFF, 0xFFFF, 0xFFFF, 0xFFFF, 0xFFFF, 0xFFFF,
    0xFFFF, 0xFFFF, 0xFFFF, 0xFFFF, 0xFFFF, 0xFFFF, 0xFFFF, 0xFFFF, 0xFFFF, 0xFFFF, 0xFFFF, 0xFFFF, 0xFFFF, 0xFFFF, 0xFFFF, 0xFFFF,
    0xFFFF, 0xFFFF, 0xFFFF, 0xFFFF, 0xFFFF, 0xFFFF, 0xFFFF, 0xFFFF, 0xFFFF, 0xFFFF, 0xFFFF, 0xFFFF, 0xFFFF, 0xFFFF, 0xFFFF, 0xFFFF,
    0xFFFF, 0xFFFF, 0xFFFF, 0xFFFF, 0xFFFF, 0xFFFF, 0xFFFF, 0xFFFF, 0xFFFF, 0xFFFF, 0xFFFF, 0x7DD3, 0x03C8, 0x148B, 0x0CAB, 0x0CCB,
    0x0CCB, 0x0CCB, 0x0CCB, 0x0CCB, 0x0CCB, 0x0CCB, 0x0CCB, 0x0CCB, 0x0CCB, 0x0CCB, 0x0CCB, 0x0CCB, 0x0CCB, 0x0CCB, 0x0CCB, 0x0CCB,
    0x0CCB, 0x0CCB, 0x0CCB, 0x0CCB, 0x0CCB, 0x0CCB, 0x0CCB, 0x0CCB, 0x14EC, 0x04AB, 0x0CAB, 0x8655, 0xFFFF, 0xFFFF, 0x9E97, 0x1CED,
    0x048A, 0x0CCB, 0x14CC, 0x0CCB, 0x0CCB, 0x0CCB, 0x0CCB, 0x0CCB, 0x0CCB, 0x0CAB, 0x0CAB, 0x0CAB, 0x45AA, 0x45AA, 0x45AA, 0x45AA,
    0x45AA, 0x3DAA, 0x3DAA, 0x3DAA, 0x3DAA, 0x3DAA, 0x3DAA, 0x3DAA, 0x3DAA, 0x3DAA, 0x3DAA, 0x3D8A, 0x3DAA, 0x3D8B, 0x3D8B, 0x3D8B,
    0x358B, 0x358B, 0x358B, 0x358B, 0x358B, 0x358B, 0x358B, 0x358B, 0x358B, 0x356B, 0x356B, 0x356B, 0x356B, 0x2D6B, 0x2D6B, 0x2D6B,
    0x2D6B, 0x2D6B, 0x2D6B, 0x2D6B, 0x2D4B, 0x2D4B, 0x2D4B, 0x2D4B, 0x2D4B, 0x2D4B, 0x2D4B, 0x254B, 0x254B, 0x254B, 0x254B, 0x254B,
    0x252B, 0x252B, 0x252B, 0x252B, 0x252B, 0x252B, 0x252B, 0x252B, 0x1D2B, 0x1D2B, 0x1D2B, 0x1D0B, 0x1D0B, 0x1D0B, 0x1D0B, 0x1D0B,
    0x1CEB, 0x1CCB, 0x0428, 0x9E56, 0xFFFF, 0xFFFF, 0xFFFF, 0xFFFF, 0xFFFF, 0xFFFF, 0xFFFF, 0xFFFF, 0xFFFF, 0xFFFF, 0xFFFF, 0xFFFF,
    0xFFFF, 0xFFFF, 0xFFFF, 0xFFFF, 0xFFFF, 0xFFFF, 0xFFFF, 0xFFFF, 0xFFFF, 0xFFFF, 0xFFFF, 0xFFFF, 0xFFFF, 0xFFFF, 0xFFFF, 0xFFFF,
    0xFFFF, 0xFFFF, 0xFFFF, 0xFFFF, 0xFFFF, 0xFFFF, 0xFFFF, 0xFFFF, 0xFFFF, 0xFFFF, 0xFFFF, 0xFFFF, 0xFFFF, 0xFFFF, 0xFFFF, 0xFFFF,
    0xFFFF, 0xFFFF, 0xFFFF, 0xFFFF, 0xFFFF, 0xFFFF, 0xFFFF, 0x9E56, 0x03C8, 0x0C8B, 0x0CAB, 0x0CCB, 0x0CCB, 0x0CCB, 0x0CCB, 0x0CCB,
    0x0CCB, 0x0CCB, 0x0CCB, 0x0CCB, 0x0CCB, 0x0CCB, 0x0CCB, 0x0CCB, 0x0CCB, 0x0CCB, 0x0CCB, 0x0CCB, 0x0CCB, 0x0CCB, 0x0CCB, 0x0CCB,
    0x0CCB, 0x0CCB, 0x0CCB, 0x14EC, 0x04AA, 0x250D, 0xB719, 0xFFFF, 0xE79D, 0x55B1, 0x048A, 0x0CAB, 0x14CC, 0x0CCB, 0x0CCB, 0x0CCB,
    0x0CCB, 0x0CCB, 0x0CCB, 0x0CCB, 0x0CAB, 0x0CAB, 0x0CAB, 0x0CAB, 0x45AA, 0x45AA, 0x3DAA, 0x45AA, 0x45AA, 0x3DAA, 0x3DAA, 0x3DAA,
    0x3DAA, 0x3DAA, 0x3DAA, 0x3DAA, 0x3DAA, 0x3DAA, 0x3D8A, 0x3D8B, 0x3D8B, 0x3D8B, 0x3D8B, 0x3D8B, 0x358B, 0x358B, 0x358B, 0x358B,
    0x358B, 0x358B, 0x358B, 0x358B, 0x356B, 0x356B, 0x356B, 0x356B, 0x356B, 0x2D6B, 0x2D6B, 0x2D6B, 0x2D6B, 0x2D6B, 0x2D6B, 0x2D4B,
    0x2D4B, 0x2D4B, 0x2D4B, 0x2D4B, 0x2D4B, 0x254B, 0x254B, 0x254B, 0x254B, 0x254B, 0x254B, 0x252B, 0x252B, 0x252B, 0x252B, 0x252B,
    0x252B, 0x252B, 0x1D2B, 0x1D2B, 0x1D2B, 0x1D2B, 0x1D0B, 0x1D0B, 0x1D0B, 0x1D0B, 0x1D0B, 0x1CEB, 0x1CEB, 0x0C69, 0x44ED, 0xF7DF,
    0xFFFF, 0xFFFF, 0xFFFF, 0xFFFF, 0xFFFF, 0xFFFF, 0xFFFF, 0xFFFF, 0xFFFF, 0xFFFF, 0xFFFF, 0xFFFF, 0xFFFF, 0xFFFF, 0xFFFF, 0xFFFF,
    0xFFFF, 0xFFFF, 0xFFFF, 0xFFFF, 0xFFFF, 0xFFFF, 0xFFFF, 0xFFFF, 0xFFFF, 0xFFFF, 0xFFFF, 0xFFFF, 0xFFFF, 0xFFFF, 0xFFFF, 0xFFFF,
    0xFFFF, 0xFFFF, 0xFFFF, 0xFFFF, 0xFFFF, 0xFFFF, 0xFFFF, 0xFFFF, 0xFFFF, 0xFFFF, 0xFFFF, 0xFFFF, 0xFFFF, 0xFFFF, 0xFFFF, 0xFFFF,
    0xFFFF, 0xFFFF, 0xFFFF, 0xB6B8, 0x03C8, 0x0C6B, 0x0CAB, 0x0CCB, 0x0CCB, 0x0CCB, 0x0CCB, 0x0CCB, 0x0CCB, 0x0CCB, 0x0CCB, 0x0CCB,
    0x0CCB, 0x0CCB, 0x0CCB, 0x0CCB, 0x0CCB, 0x0CCB, 0x0CCB, 0x0CCB, 0x0CCB, 0x0CCB, 0x0CCB, 0x0CCB, 0x0CCB, 0x0CCB, 0x14EC, 0x04AA,
    0x354E, 0xDF9D, 0xFFFF, 0xBF1A, 0x250D, 0x048A, 0x14CC, 0x0CCB, 0x0CCB, 0x0CCB, 0x0CCB, 0x0CCB, 0x0CCB, 0x0CCB, 0x0CCB, 0x0CAB,
    0x0CAB, 0x0CAB, 0x0CAB, 0x0CAB, 0x45AA, 0x458A, 0x3DAA, 0x3DAA, 0x3D8A, 0x3D8A, 0x3DAA, 0x3D8A, 0x3DAA, 0x3DAA, 0x3D8A, 0x3DAA,
    0x3DAA, 0x3D8A, 0x3D8A, 0x3D8B, 0x3D8B, 0x3D8B, 0x3D8B, 0x358B, 0x358B, 0x358B, 0x358B, 0x358B, 0x358B, 0x358B, 0x358B, 0x356B,
    0x356B, 0x356B, 0x356B, 0x356B, 0x2D6B, 0x2D6B, 0x2D6B, 0x2D6B, 0x2D6B, 0x2D6B, 0x2D4B, 0x2D4B, 0x2D4B, 0x2D4B, 0x2D4B, 0x2D4B,
    0x2D4B, 0x254B, 0x254B, 0x254B, 0x254B, 0x254B, 0x252B, 0x252B, 0x252B, 0x252B, 0x252B, 0x252B, 0x252B, 0x252B, 0x1D2B, 0x1D2B,
    0x1D2B, 0x1D0B, 0x1D0B, 0x1D0B, 0x1D0B, 0x1D0B, 0x1D0B, 0x1CEB, 0x1CAB, 0x0C29, 0xBEF9, 0xFFFF, 0xFFFF, 0xFFFF, 0xFFFF, 0xFFFF,
    0xFFFF, 0xFFFF, 0xFFFF, 0xFFFF, 0xFFFF, 0xFFFF, 0xFFFF, 0xFFFF, 0xFFFF, 0xFFFF, 0xFFFF, 0xFFFF, 0xFFFF, 0xFFFF, 0xFFFF, 0xFFFF,
    0xFFFF, 0xFFFF, 0xFFFF, 0xFFFF, 0xFFFF, 0xFFFF, 0xFFFF, 0xFFFF, 0xFFFF, 0xFFFF, 0xFFFF, 0xFFFF, 0xFFFF, 0xFFFF, 0xFFFF, 0xFFFF,
    0xFFFF, 0xFFFF, 0xFFFF, 0xFFFF, 0xFFFF, 0xFFFF, 0xFFFF, 0xFFFF, 0xFFFF, 0xFFFF, 0xFFFF, 0xFFFF, 0xFFFF, 0xFFFF, 0xFFFF, 0xCF1A,
    0x0C09, 0x0C6A, 0x0CAB, 0x0CCB, 0x0CCB, 0x0CCB, 0x0CCB, 0x0CCB, 0x0CCB, 0x0CCB, 0x0CCB, 0x0CCB, 0x0CCB, 0x0CCB, 0x0CCB, 0x0CCB,
    0x0CCB, 0x0CCB, 0x0CCB, 0x0CCB, 0x0CCB, 0x0CCB, 0x0CCB, 0x0CCB, 0x0CCB, 0x14EC, 0x048A, 0x4DB1, 0xF7DE, 0xFFFF, 0x8E76, 0x0CAB,
    0x04AB, 0x14CC, 0x0CCB, 0x0CCB, 0x0CCB, 0x0CCB, 0x0CCB, 0x0CCB, 0x0CCB, 0x0CCB, 0x0CCB, 0x0CAB, 0x0CAB, 0x0CAB, 0x0CAB, 0x0CAB,
    0x3D8A, 0x3D8A, 0x3DAA, 0x3D8A, 0x3D8A, 0x3D8A, 0x3D8A, 0x3D8A, 0x3D8A, 0x3D8A, 0x3D8A, 0x3D8A, 0x3D8A, 0x3D8A, 0x3D8A, 0x3D8B,
    0x3D8B, 0x358B, 0x358B, 0x358B, 0x358B, 0x358B, 0x358B, 0x358B, 0x358B, 0x356B, 0x356B, 0x356B, 0x356B, 0x356B, 0x2D6B, 0x2D6B,
    0x2D6B, 0x2D6B, 0x2D6B, 0x2D6B, 0x2D6B, 0x2D4B, 0x2D4B, 0x2D4B, 0x2D4B, 0x2D4B, 0x2D4B, 0x2D4B, 0x254B, 0x254B, 0x254B, 0x254B,
    0x252B, 0x252B, 0x252B, 0x252B, 0x252B, 0x252B, 0x252B, 0x252B, 0x252B, 0x1D2B, 0x1D2B, 0x1D2B, 0x1D0B, 0x1D0B, 0x1D0B, 0x1D0B,
    0x1D0B, 0x1D0B, 0x1CEB, 0x1CEB, 0x0449, 0x5D50, 0xFFFF, 0xFFFF, 0xFFFF, 0xFFFF, 0xFFFF, 0xFFFF, 0xFFFF, 0xFFFF, 0xFFFF, 0xFFFF,
    0xFFFF, 0xFFFF, 0xFFFF, 0xFFFF, 0xFFFF, 0xFFFF, 0xFFFF, 0xFFFF, 0xFFFF, 0xFFFF, 0xFFFF, 0xFFFF, 0xFFFF, 0xFFFF, 0xFFFF, 0xFFFF,
    0xFFFF, 0xFFFF, 0xFFFF, 0xFFFF, 0xFFFF, 0xFFFF, 0xFFFF, 0xFFFF, 0xFFFF, 0xFFFF, 0xFFFF, 0xFFFF, 0xFFFF, 0xFFFF, 0xFFFF, 0xFFFF,
    0xFFFF, 0xFFFF, 0xFFFF, 0xFFFF, 0xFFFF, 0xFFFF, 0xFFFF, 0xFFFF, 0xFFFF, 0xFFFF, 0xFFFF, 0xE77C, 0x1C2A, 0x0C4A, 0x0C8B, 0x0CCB,
    0x0CCB, 0x0CCB, 0x0CCB, 0x0CCB, 0x0CCB, 0x0CCB, 0x0CCB, 0x0CCB, 0x0CCB, 0x0CCB, 0x0CCB, 0x0CCB, 0x0CCB, 0x0CCB, 0x0CCB, 0x0CCB,
    0x0CCB, 0x0CCB, 0x0CCB, 0x0CCB, 0x14CC, 0x048A, 0x7E54, 0xF7DE, 0xFFFF, 0x7E35, 0x048A, 0x0CCC, 0x14CC, 0x0CCB, 0x0CCB, 0x0CCB,
    0x0CCB, 0x0CCB, 0x0CCB, 0x0CCB, 0x0CCB, 0x0CAB, 0x0CAB, 0x0CAB, 0x0CAB, 0x0CAB, 0x0CAB, 0x0CAB, 0x3D8A, 0x3D8A, 0x3D8A, 0x3D8A,
    0x3D8A, 0x3D8A, 0x3D8A, 0x3D8A, 0x3D8A, 0x3D8A, 0x3D8A, 0x3D8A, 0x3D8A, 0x3D8A, 0x3D8A, 0x3D8B, 0x3D8B, 0x358B, 0x358B, 0x358B,
    0x358B, 0x358B, 0x358B, 0x358B, 0x358B, 0x356B, 0x356B, 0x356B, 0x356B, 0x356B, 0x2D6B, 0x2D6B, 0x2D6B, 0x2D6B, 0x2D6B, 0x2D6B,
    0x2D6B, 0x2D4B, 0x2D4B, 0x2D4B, 0x2D4B, 0x2D4B, 0x2D4B, 0x254B, 0x254B, 0x254B, 0x254B, 0x254B, 0x252B, 0x252B, 0x252B, 0x252B,
    0x252B, 0x252B, 0x252B, 0x252B, 0x1D2B, 0x1D2B, 0x1D2B, 0x1D0B, 0x1D0B, 0x1D0B, 0x1D0B, 0x1D0B, 0x1D0B, 0x1CEB, 0x1CEB, 0x14AA,
    0x1C6A, 0xD75B, 0xFFFF, 0xFFFF, 0xFFFF, 0xFFFF, 0xFFFF, 0xFFFF, 0xFFFF, 0xFFFF, 0xFFFF, 0xFFFF, 0xFFFF, 0xFFFF, 0xFFFF, 0xFFFF,
    0xFFFF, 0xFFFF, 0xFFFF, 0xFFFF, 0xFFFF, 0xFFFF, 0xFFFF, 0xFFFF, 0xFFFF, 0xFFFF, 0xFFFF, 0xFFFF, 0xFFFF, 0xFFFF, 0xFFFF, 0xFFFF,
    0xFFFF, 0xFFFF, 0xFFFF, 0xFFFF, 0xFFFF, 0xFFFF, 0xFFFF, 0xFFFF, 0xFFFF, 0xFFFF, 0xFFFF, 0xFFFF, 0xFFFF, 0xFFFF, 0xFFFF, 0xFFFF,
    0xFFFF, 0xFFFF, 0xFFFF, 0xFFFF, 0xFFFF, 0xFFFF, 0xFFFF, 0xF7DE, 0x2C6C, 0x0429, 0x0C8B, 0x0CCB, 0x0CCB, 0x0CCB, 0x0CCB, 0x0CCB,
    0x0CCB, 0x0CCB, 0x0CCB, 0x0CCB, 0x0CCB, 0x0CCB, 0x0CCB, 0x0CCB, 0x0CCB, 0x0CCB, 0x0CCB, 0x0CCB, 0x0CCB, 0x0CCB, 0x0CCB, 0x14EC,
    0x048A, 0x4DB1, 0xF7DF, 0xFFFF, 0x7634, 0x0449, 0x14EC, 0x0CCB, 0x0CCB, 0x0CCB, 0x0CCB, 0x0CCB, 0x0CCB, 0x0CCB, 0x0CCB, 0x0CCB,
    0x0CCB, 0x0CAB, 0x0CAB, 0x0CAB, 0x0CAB, 0x0CAB, 0x0CAB, 0x0CAB, 0x3D8A, 0x3D8A, 0x3D8A, 0x3D8A, 0x3D8A, 0x3D8A, 0x3D8A, 0x3D8A,
    0x3D8A, 0x3D8A, 0x3D8A, 0x3D8A, 0x3D8A, 0x3D8A, 0x3D8A, 0x358A, 0x358A, 0x358B, 0x358B, 0x358B, 0x358B, 0x358B, 0x358B, 0x356B,
    0x356B, 0x356B, 0x356B, 0x356B, 0x356B, 0x2D6B, 0x2D6B, 0x2D6B, 0x2D6B, 0x2D6B, 0x2D6B, 0x2D4B, 0x2D4B, 0x2D4B, 0x2D4B, 0x2D4B,
    0x2D4B, 0x2D4B, 0x254B, 0x254B, 0x254B, 0x254B, 0x254B, 0x252B, 0x252B, 0x252B, 0x252B, 0x252B, 0x252B, 0x252B, 0x252B, 0x1D2B,
    0x1D2B, 0x1D2B, 0x1D0B, 0x1D0B, 0x1D0B, 0x1D0B, 0x1D0B, 0x1D0B, 0x1D0B, 0x1CEB, 0x1CCB, 0x0428, 0x7DD3, 0xFFFF, 0xFFFF, 0xFFFF,
    0xFFFF, 0xFFFF, 0xFFFF, 0xFFFF, 0xFFFF, 0xFFFF, 0xFFFF, 0xFFFF, 0xFFFF, 0xFFFF, 0xFFFF, 0xFFFF, 0xFFFF, 0xFFFF, 0xFFFF, 0xFFFF,
    0xFFFF, 0xFFFF, 0xFFFF, 0xFFFF, 0xFFFF, 0xFFFF, 0xFFFF, 0xFFFF, 0xFFFF, 0xFFFF, 0xFFFF, 0xFFFF, 0xFFFF, 0xFFFF, 0xFFFF, 0xFFFF,
    0xFFFF, 0xFFFF, 0xFFFF, 0xFFFF, 0xFFFF, 0xFFFF, 0xFFFF, 0xFFFF, 0xFFFF, 0xFFFF, 0xFFFF, 0xFFFF, 0xFFFF, 0xFFFF, 0xFFFF, 0xFFFF,
    0xFFFF, 0xFFFF, 0xFFFF, 0xFFFF, 0x44CE, 0x0409, 0x148B, 0x0CAB, 0x0CCB, 0x0CCB, 0x0CCB, 0x0CCB, 0x0CCB, 0x0CCB, 0x0CCB, 0x0CCB,
    0x0CCB, 0x0CCB, 0x0CCB, 0x0CCB, 0x0CCB, 0x0CCB, 0x0CCB, 0x0CCB, 0x0CCB, 0x0CCB, 0x14EC, 0x04AA, 0x354E, 0xEFDE, 0xFFFF, 0x7634,
    0xAEF9, 0x3D4F, 0x048A, 0x14CC, 0x0CCB, 0x0CCB, 0x0CCB, 0x0CCB, 0x0CCB, 0x0CCB, 0x0CCB, 0x0CCB, 0x0CAB, 0x0CAB, 0x0CAB, 0x0CAB,
    0x0CAB, 0x0CAB, 0x0CAB, 0x0CAB, 0x3D8A, 0x3D8A, 0x3D8A, 0x3D8A, 0x3D8A, 0x3D8A, 0x3D8A, 0x3D8A, 0x3D8A, 0x3D8A, 0x3D8A, 0x3D8A,
    0x3D8A, 0x358A, 0x358A, 0x358A, 0x358A, 0x358B, 0x358B, 0x358B, 0x356B, 0x356B, 0x358B, 0x356B, 0x356B, 0x356B, 0x356B, 0x356B,
    0x2D6B, 0x2D6B, 0x2D6B, 0x2D6B, 0x2D6B, 0x2D6B, 0x2D4B, 0x2D4B, 0x2D4B, 0x2D4B, 0x2D4B, 0x2D4B, 0x2D4B, 0x254B, 0x254B, 0x254B,
    0x254B, 0x252B, 0x252B, 0x252B, 0x252B, 0x252B, 0x252B, 0x252B, 0x252B, 0x252B, 0x1D2B, 0x1D2B, 0x1D2B, 0x1D0B, 0x1D0B, 0x1D0B,
    0x1D0B, 0x1D0B, 0x1D0B, 0x1D0B, 0x1CEB, 0x1CEB, 0x148A, 0x248B, 0xEF9D, 0xFFFF, 0xFFFF, 0xFFFF, 0xFFFF, 0xFFFF, 0xFFFF, 0xFFFF,
    0xFFFF, 0xFFFF, 0xFFFF, 0xFFFF, 0xFFFF, 0xFFFF, 0xFFFF, 0xFFFF, 0xFFFF, 0xFFFF, 0xFFFF, 0xFFFF, 0xFFFF, 0xFFFF, 0xFFFF, 0xFFFF,
    0xFFFF, 0xFFFF, 0xFFFF, 0xFFFF, 0xFFFF, 0xFFFF, 0xFFFF, 0xFFFF, 0xFFFF, 0xFFFF, 0xFFFF, 0xFFFF, 0xFFFF, 0xFFFF, 0xFFFF, 0xFFFF,
    0xFFFF, 0xFFFF, 0xFFFF, 0xFFFF, 0xFFFF, 0xFFFF, 0xFFFF, 0xFFFF, 0xFFFF, 0xFFFF, 0xFFFF, 0xFFFF, 0xFFFF, 0xFFFF, 0xFFFF, 0xFFFF,
    0x5D30, 0x03E8, 0x148B, 0x0CAB, 0x0CCB, 0x0CCB, 0x0CCB, 0x0CCB, 0x0CCB, 0x0CCB, 0x0CCB, 0x0CCB, 0x0CCB, 0x0CCB, 0x0CCB, 0x0CCB,
    0x0CCB, 0x0CCB, 0x0CCB, 0x0CCB, 0x0CCB, 0x14CC, 0x04AB, 0x250D, 0xDF9C, 0xFFFF, 0x7E55, 0x0469, 0x3D4F, 0xC73B, 0x354E, 0x048A,
    0x14CC, 0x0CCB, 0x0CCB, 0x0CCB, 0x0CCB, 0x0CCB, 0x0CCB, 0x0CAB, 0x0CAB, 0x0CAB, 0x0CAB, 0x0CAB, 0x0CAB, 0x0CAB, 0x0CAB, 0x0CAB,
    0x3D8A, 0x3D8A, 0x3D8A, 0x3D8A, 0x3D8A, 0x3D8A, 0x3D8A, 0x3D8A, 0x3D8A, 0x3D8A, 0x3D8A, 0x3D8A, 0x358A, 0x358A, 0x358A, 0x358A,
    0x358A, 0x358A, 0x358B, 0x356B, 0x356B, 0x356B, 0x356B, 0x356B, 0x356B, 0x356B, 0x356B, 0x2D6B, 0x2D6B, 0x2D6B, 0x2D6B, 0x2D6B,
    0x2D6B, 0x2D4B, 0x2D4B, 0x2D4B, 0x2D4B, 0x2D4B, 0x2D4B, 0x2D4B, 0x254B, 0x254B, 0x254B, 0x254B, 0x254B, 0x252B, 0x252B, 0x252B,
    0x252B, 0x252B, 0x252B, 0x252B, 0x252B, 0x1D2B, 0x1D2B, 0x1D2B, 0x1D0B, 0x1D0B, 0x1D0B, 0x1D0B, 0x1D0B, 0x1D0B, 0x1D0B, 0x1D0B,
    0x1CEB, 0x1CCB, 0x0428, 0x9E76, 0xFFFF, 0xFFFF, 0xFFFF, 0xFFFF, 0xFFFF, 0xFFFF, 0xFFFF, 0xFFFF, 0xFFFF, 0xFFFF, 0xFFFF, 0xFFFF,
    0xFFFF, 0xFFFF, 0xFFFF, 0xFFFF, 0xFFFF, 0xFFFF, 0xFFFF, 0xFFFF, 0xFFFF, 0xFFFF, 0xFFFF, 0xFFFF, 0xFFFF, 0xFFFF, 0xFFFF, 0xFFFF,
    0xFFFF, 0xFFFF, 0xFFFF, 0xFFFF, 0xFFFF, 0xFFFF, 0xFFFF, 0xFFFF, 0xFFFF, 0xFFFF, 0xFFFF, 0xFFFF, 0xFFFF, 0xFFFF, 0xFFFF, 0xFFFF,
    0xFFFF, 0xFFFF, 0xFFFF, 0xFFFF, 0xFFFF, 0xFFFF, 0xFFFF, 0xFFFF, 0xFFFF, 0xFFFF, 0xFFFF, 0xFFFF, 0x7DD3, 0x03E8, 0x148B, 0x0CAB,
    0x0CCB, 0x0CCB, 0x0CCB, 0x0CCB, 0x0CCB, 0x0CCB, 0x0CCB, 0x0CCB, 0x0CCB, 0x0CCB, 0x0CCB, 0x0CCB, 0x0CCB, 0x0CCB, 0x0CCB, 0x0CCB,
    0x0CCB, 0x0CCC, 0x04AB, 0xBF1A, 0xFFFF, 0x9696, 0x048A, 0x14EC, 0x048A, 0x354E, 0xC73B, 0x354E, 0x048A, 0x14CC, 0x0CCB, 0x0CCB,
    0x0CCB, 0x0CCB, 0x0CAB, 0x0CAB, 0x0CAB, 0x0CAB, 0x0CAB, 0x0CAB, 0x0CAB, 0x0CAB, 0x0CAB, 0x0CAB, 0x3D8A, 0x3D8A, 0x3D8A, 0x3D6A,
    0x3D6A, 0x3D8A, 0x3D8A, 0x3D8A, 0x3D8A, 0x3D6A, 0x356A, 0x358A, 0x356A, 0x356A, 0x358A, 0x356A, 0x356A, 0x358A, 0x356A, 0x356B,
    0x356B, 0x356B, 0x356B, 0x356B, 0x356B, 0x2D6B, 0x2D6B, 0x2D6B, 0x2D6B, 0x2D6B, 0x2D6B, 0x2D6B, 0x2D4B, 0x2D4B, 0x2D4B, 0x2D4B,
    0x2D4B, 0x2D4B, 0x2D4B, 0x254B, 0x254B, 0x254B, 0x254B, 0x252B, 0x252B, 0x252B, 0x252B, 0x252B, 0x252B, 0x252B, 0x252B, 0x252B,
    0x1D2B, 0x1D2B, 0x1D2B, 0x1D0B, 0x1D0B, 0x1D0B, 0x1D0B, 0x1D0B, 0x1D0B, 0x1D0B, 0x1D0B, 0x1CEB, 0x1CCB, 0x0C69, 0x3CED, 0xFFDF,
    0xFFFF, 0xFFFF, 0xFFFF, 0xFFFF, 0xFFFF, 0xFFFF, 0xFFFF, 0xFFFF, 0xFFFF, 0xFFFF, 0xFFFF, 0xFFFF, 0xFFFF, 0xFFFF, 0xFFFF, 0xFFFF,
    0xFFFF, 0xFFFF, 0xFFFF, 0xFFFF, 0xFFFF, 0xFFFF, 0xFFFF, 0xFFFF, 0xFFFF, 0xFFFF, 0xFFFF, 0xFFFF, 0xFFFF, 0xFFFF, 0xFFFF, 0xFFFF,
    0xFFFF, 0xFFFF, 0xFFFF, 0xFFFF, 0xFFFF, 0xFFFF, 0xFFFF, 0xFFFF, 0xFFFF, 0xFFFF, 0xFFFF, 0xFFFF, 0xFFFF, 0xFFFF, 0xFFFF, 0xFFFF,
    0xFFFF, 0xFFFF, 0xFFFF, 0xFFFF, 0xFFFF, 0xFFFF, 0xEF9D, 0xDF5C, 0x75B2, 0x0409, 0x0C8B, 0x0CAB, 0x0CCB, 0x0CCB, 0x0CCB, 0x0CCB,
    0x0CCB, 0x0CCB, 0x0CCB, 0x0CCB, 0x0CCB, 0x0CCB, 0x0CCB, 0x0CCB, 0x0CCB, 0x0CCB, 0x0CCB, 0x0CCB, 0x14EC, 0x048A, 0x8675, 0xFFFF,
    0xBF1A, 0x0CAB, 0x0CCC, 0x0CCB, 0x14CC, 0x048A, 0x352E, 0xC71B, 0x352E, 0x048A, 0x14CC, 0x0CCB, 0x0CCB, 0x0CAB, 0x0CAB, 0x0CAB,
    0x0CAB, 0x0CAB, 0x0CAB, 0x0CAB, 0x0CAB, 0x0CAB, 0x0CAB, 0x0CAB, 0x3D6A, 0x3D8A, 0x3D8A, 0x3D6A, 0x3D6A, 0x3D6A, 0x3D6A, 0x3D8A,
    0x3D8A, 0x3D6A, 0x356A, 0x356A, 0x356A, 0x356A, 0x356A, 0x356A, 0x356A, 0x356A, 0x356B, 0x356B, 0x356B, 0x356B, 0x356B, 0x356B,
    0x356B, 0x2D6B, 0x2D6B, 0x2D6B, 0x2D6B, 0x2D6B, 0x2D6B, 0x2D4B, 0x2D4B, 0x2D4B, 0x2D4B, 0x2D4B, 0x2D4B, 0x2D4B, 0x254B, 0x254B,
    0x254B, 0x254B, 0x254B, 0x252B, 0x252B, 0x252B, 0x252B, 0x252B, 0x252B, 0x252B, 0x252B, 0x1D2B, 0x1D2B, 0x1D2B, 0x1D0B, 0x1D0B,
    0x1D0B, 0x1D0B, 0x1D0B, 0x1D0B, 0x1D0B, 0x1D0B, 0x1CEB, 0x14EB, 0x1CAB, 0x0C29, 0xBED9, 0xFFFF, 0xFFFF, 0xFFFF, 0xFFFF, 0xFFFF,
    0xFFFF, 0xFFFF, 0xFFFF, 0xFFFF, 0xFFFF, 0xFFFF, 0xFFFF, 0xFFFF, 0xFFFF, 0xFFFF, 0xFFFF, 0xFFFF, 0xFFFF, 0xFFFF, 0xFFFF, 0xFFFF,
    0xFFFF, 0xFFFF, 0xFFFF, 0xFFFF, 0xFFFF, 0xFFFF, 0xFFFF, 0xFFFF, 0xFFFF, 0xFFFF, 0xFFFF, 0xFFFF, 0xFFFF, 0xFFFF, 0xFFFF, 0xFFFF,
    0xFFFF, 0xFFFF, 0xFFFF, 0xFFFF, 0xFFFF, 0xFFFF, 0xFFFF, 0xFFFF, 0xFFFF, 0xF7DE, 0xE77D, 0xCF1B, 0xBEB9, 0xA636, 0x85B3, 0x6530,
    0x4CAE, 0x342C, 0x23EA, 0x0BC9, 0x0C09, 0x0C4A, 0x0C8B, 0x0CAB, 0x0CCB, 0x0CCB, 0x0CCB, 0x0CCB, 0x0CCB, 0x0CCB, 0x0CCB, 0x0CCB,
    0x0CCB, 0x0CCB, 0x0CCB, 0x0CCB, 0x0CCB, 0x0CCB, 0x0CCB, 0x14EC, 0x04AA, 0x4DB1, 0xFFFF, 0xE79D, 0x250D, 0x04AB, 0x14CC, 0x0CCB,
    0x0CCB, 0x14CC, 0x048A, 0x352E, 0xC71A, 0x352E, 0x048A, 0x14CC, 0x0CAB, 0x0CAB, 0x0CAB, 0x0CAB, 0x0CAB, 0x0CAB, 0x0CAB, 0x0CAB,
    0x0CAB, 0x0CAB, 0x0CAB, 0x0CAB, 0x3D6A, 0x3D6A, 0x3D6A, 0x3D6A, 0x3D6A, 0x3D6A, 0x3D6A, 0x356A, 0x356A, 0x356A, 0x356A, 0x356A,
    0x356A, 0x356A, 0x356A, 0x356A, 0x356A, 0x356B, 0x356B, 0x356B, 0x356B, 0x356B, 0x356B, 0x2D6B, 0x2D6B, 0x2D6B, 0x2D6B, 0x2D6B,
    0x2D6B, 0x2D6B, 0x2D4B, 0x2D4B, 0x2D4B, 0x2D4B, 0x2D4B, 0x2D4B, 0x2D4B, 0x254B, 0x254B, 0x254B, 0x254B, 0x254B, 0x252B, 0x252B,
    0x252B, 0x252B, 0x252B, 0x252B, 0x252B, 0x252B, 0x1D2B, 0x1D2B, 0x1D2B, 0x1D0B, 0x1D0B, 0x1D0B, 0x1D0B, 0x1D0B, 0x1D0B, 0x1D0B,
    0x1D0B, 0x1D0B, 0x14EB, 0x1CCB, 0x0449, 0x5D70, 0xFFFF, 0xFFFF, 0xFFFF, 0xFFFF, 0xFFFF, 0xFFFF, 0xFFFF, 0xFFFF, 0xFFFF, 0xFFFF,
    0xFFFF, 0xFFFF, 0xFFFF, 0xFFFF, 0xFFFF, 0xFFFF, 0xFFFF, 0xFFFF, 0xFFFF, 0xFFFF, 0xFFFF, 0xFFFF, 0xFFFF, 0xFFFF, 0xFFFF, 0xFFFF,
    0xFFFF, 0xFFFF, 0xFFFF, 0xFFFF, 0xFFFF, 0xFFFF, 0xFFFF, 0xFFFF, 0xFFFF, 0xFFFF, 0xFFFF, 0xFFFF, 0xFFFF, 0xF7BE, 0xEF9D, 0xD73B,
    0xBEB8, 0x9E15, 0x7D93, 0x6510, 0x4C8E, 0x342B, 0x1BC9, 0x1388, 0x0347, 0x0346, 0x0346, 0x0347, 0x0367, 0x0388, 0x03A8, 0x0BE9,
    0x0C4A, 0x0C6B, 0x0CAB, 0x0CCB, 0x0CCB, 0x0CCB, 0x0CCB, 0x0CCB, 0x0CCB, 0x0CCB, 0x0CCB, 0x0CCB, 0x0CCB, 0x0CCB, 0x0CCB, 0x0CCB,
    0x0CCB, 0x0CCB, 0x0CCC, 0x0CCB, 0x14EC, 0xD77C, 0xFFFF, 0x55B1, 0x048A, 0x14CC, 0x0CCB, 0x0CCB, 0x0CCB, 0x0CCB, 0x14CC, 0x048A,
    0x352E, 0xC6FA, 0x352E, 0x048A, 0x14CC, 0x0CAB, 0x0CAB, 0x0CAB, 0x0CAB, 0x0CAB, 0x0CAB, 0x0CAB, 0x0CAB, 0x0CAB, 0x0CAB, 0x0CAB,
    0x3D6A, 0x3D6A, 0x3D6A, 0x3D6A, 0x3D6A, 0x3D6A, 0x356A, 0x356A, 0x356A, 0x356A, 0x356A, 0x356A, 0x356A, 0x356A, 0x356A, 0x356A,
    0x356A, 0x356B, 0x356B, 0x356B, 0x356B, 0x356B, 0x2D6B, 0x2D6B, 0x2D6B, 0x2D6B, 0x2D4B, 0x2D6B, 0x2D6B, 0x2D4B, 0x2D4B, 0x2D4B,
    0x2D4B, 0x2D4B, 0x2D4B, 0x2D4B, 0x254B, 0x254B, 0x254B, 0x254B, 0x252B, 0x252B, 0x252B, 0x252B, 0x252B, 0x252B, 0x252B, 0x252B,
    0x252B, 0x1D2B, 0x1D2B, 0x1D2B, 0x1D0B, 0x1D0B, 0x1D0B, 0x1D0B, 0x1D0B, 0x1D0B, 0x1D0B, 0x1D0B, 0x1D0B, 0x1CEB, 0x14EB, 0x148A,
    0x144A, 0xD75B, 0xFFFF, 0xFFFF, 0xFFFF, 0xFFFF, 0xFFFF, 0xFFFF, 0xFFFF, 0xFFFF, 0xFFFF, 0xFFFF, 0xFFFF, 0xFFFF, 0xFFFF, 0xFFFF,
    0xFFFF, 0xFFFF, 0xFFFF, 0xFFFF, 0xFFFF, 0xFFFF, 0xFFFF, 0xFFFF, 0xFFFF, 0xFFFF, 0xFFFF, 0xFFFF, 0xFFFF, 0xFFFF, 0xFFFF, 0xFFFF,
    0xFFFF, 0xF7DE, 0xE77C, 0xCEFA, 0xB698, 0x9E16, 0x7D92, 0x6510, 0x446D, 0x2C0B, 0x1BA9, 0x0B88, 0x0347, 0x0347, 0x0346, 0x0347,
    0x0367, 0x0387, 0x03A8, 0x0BA8, 0x0BC9, 0x0BE9, 0x0C09, 0x0C0A, 0x0C0A, 0x0C2A, 0x0C2A, 0x0C4A, 0x0C6B, 0x0C8B, 0x0CAB, 0x0CCB,
    0x0CCB, 0x0CCB, 0x0CCB, 0x0CCB, 0x0CCB, 0x0CCB, 0x0CCB, 0x0CCB, 0x0CCB, 0x0CCB, 0x0CCB, 0x0CCB, 0x0CCB, 0x0CCB, 0x14EC, 0x048A,
    0x8675, 0xFFFF, 0x9EB7, 0x048A, 0x14CC, 0x0CCB, 0x0CCB, 0x0CCB, 0x0CCB, 0x0CCB, 0x0CCB, 0x14CC, 0x048A, 0x352E, 0xC6DA, 0x350E,
    0x048A, 0x14CC, 0x0CAB, 0x0CAB, 0x0CAB, 0x0CAB, 0x0CAB, 0x0CAB, 0x0CAB, 0x0CAB, 0x0CAB, 0x0C8B, 0x3D6A, 0x3D6A, 0x3D6A, 0x3D6A,
    0x3D6A, 0x356A, 0x356A, 0x356A, 0x356A, 0x356A, 0x356A, 0x356A, 0x356A, 0x356A, 0x356A, 0x356B, 0x356B, 0x356B, 0x356B, 0x356B,
    0x356B, 0x2D6B, 0x2D6B, 0x2D6B, 0x2D6B, 0x2D4B, 0x2D4B, 0x2D4B, 0x2D4B, 0x2D4B, 0x2D4B, 0x2D4B, 0x2D4B, 0x2D4B, 0x2D4B, 0x254B,
    0x254B, 0x254B, 0x254B, 0x254B, 0x252B, 0x252B, 0x252B, 0x252B, 0x252B, 0x252B, 0x252B, 0x252B, 0x1D2B, 0x1D2B, 0x1D2B, 0x1D0B,
    0x1D0B, 0x1D0B, 0x1D0B, 0x1D0B, 0x1D0B, 0x1D0B, 0x1D0B, 0x1D0B, 0x1CEB, 0x14EB, 0x1CCB, 0x0428, 0x7DF3, 0xFFFF, 0xFFFF, 0xFFFF,
    0xFFFF, 0xFFFF, 0xFFFF, 0xFFFF, 0xFFFF, 0xFFFF, 0xFFFF, 0xFFFF, 0xFFFF, 0xFFFF, 0xFFFF, 0xFFFF, 0xFFFF, 0xFFFF, 0xFFFF, 0xFFFF,
    0xFFFF, 0xFFFF, 0xFFFF, 0xFFFF, 0xFFFF, 0xEF9E, 0xDF5C, 0xCF1A, 0xAE78, 0x95F5, 0x7572, 0x5CEF, 0x446D, 0x2C0B, 0x1BC9, 0x0B68,
    0x0347, 0x0346, 0x0346, 0x0347, 0x0367, 0x0388, 0x03A8, 0x0BC9, 0x0BC9, 0x0BE9, 0x0C09, 0x0C0A, 0x0C0A, 0x0C0A, 0x0C2A, 0x0C2A,
    0x0C2A, 0x0C2A, 0x0C4A, 0x0C4A, 0x0C6A, 0x0C6A, 0x0C6B, 0x0C8B, 0x0C8B, 0x0CAB, 0x0CCB, 0x0CCB, 0x0CCB, 0x0CCB, 0x0CCB, 0x0CCB,
    0x0CCB, 0x0CCB, 0x0CCB, 0x0CCB, 0x0CCB, 0x0CCB, 0x0CCB, 0x0CCB, 0x0CCB, 0x0CCC, 0x04AB, 0x354E, 0xF7DE, 0xE79D, 0x1CED, 0x0CAB,
    0x0CCB, 0x0CCB, 0x0CCB, 0x0CCB, 0x0CCB, 0x0CCB, 0x0CCB, 0x0CCB, 0x14CC, 0x048A, 0x352E, 0xBEB9, 0x350E, 0x048A, 0x14CC, 0x0CAB,
    0x0CAB, 0x0CAB, 0x0CAB, 0x0CAB, 0x0CAB, 0x0CAB, 0x0C8B, 0x0C8B, 0x3D6A, 0x3D6A, 0x356A, 0x356A, 0x356A, 0x356A, 0x356A, 0x356A,
    0x356A, 0x356A, 0x356A, 0x356A, 0x356A, 0x356A, 0x356A, 0x356A, 0x356B, 0x356B, 0x356B, 0x2D6B, 0x2D6B, 0x2D6B, 0x2D6B, 0x2D6B,
    0x2D4B, 0x2D4B, 0x2D4B, 0x2D4B, 0x2D4B, 0x2D4B, 0x2D4B, 0x2D4B, 0x2D4B, 0x2D4B, 0x254B, 0x254B, 0x254B, 0x254B, 0x252B, 0x252B,
    0x252B, 0x252B, 0x252B, 0x252B, 0x252B, 0x252B, 0x252B, 0x1D2B, 0x1D2B, 0x1D2B, 0x1D0B, 0x1D0B, 0x1D0B, 0x1D0B, 0x1D0B, 0x1D0B,
    0x1D0B, 0x1D0B, 0x1D0B, 0x1CEB, 0x14EB, 0x1CCB, 0x0C8A, 0x248B, 0xEFBD, 0xFFFF, 0xFFFF, 0xFFFF, 0xFFFF, 0xFFFF, 0xFFFF, 0xFFFF,
    0xFFFF, 0xFFFF, 0xFFFF, 0xFFFF, 0xFFFF, 0xFFFF, 0xFFFF, 0xFFFF, 0xFFFF, 0xF7BE, 0xDF5C, 0xC6D9, 0xAE57, 0x8DD4, 0x7572, 0x54CF,
    0x3C6D, 0x2BEA, 0x13A9, 0x0367, 0x0347, 0x0346, 0x0346, 0x0347, 0x0367, 0x0388, 0x03A8, 0x0BC9, 0x0BE9, 0x0BE9, 0x0BE9, 0x0C09,
    0x0C0A, 0x0C0A, 0x0C0A, 0x0C2A, 0x0C2A, 0x0C2A, 0x0C4A, 0x0C4A, 0x0C4A, 0x0C6A, 0x0C6A, 0x0C6B, 0x0C8B, 0x0C8B, 0x0C8B, 0x0C8B,
    0x0CAB, 0x0CAB, 0x0CAB, 0x0CAB, 0x0CAB, 0x0CCB, 0x0CCB, 0x0CCB, 0x0CCB, 0x0CCB, 0x0CCB, 0x0CCB, 0x0CCB, 0x0CCB, 0x0CCB, 0x0CCB,
    0x0CCB, 0x0CCB, 0x0CCB, 0x0CCB, 0x0CCB, 0x14EC, 0x048A, 0xA6D8, 0xFFFF, 0x6E13, 0x048A, 0x14CC, 0x0CCB, 0x0CCB, 0x0CCB, 0x0CCB,
    0x0CCB, 0x0CCB, 0x0CCB, 0x0CCB, 0x0CAB, 0x14CC, 0x048A, 0x350E, 0xBE99, 0x350E, 0x048A, 0x14AB, 0x0CAB, 0x0CAB, 0x0CAB, 0x0CAB,
    0x0CAB, 0x0C8B, 0x0C8B, 0x0C8B, 0x3D6A, 0x356A, 0x356A, 0x354A, 0x356A, 0x356A, 0x356A, 0x356A, 0x356A, 0x354A, 0x356A, 0x356A,
    0x356A, 0x356A, 0x356A, 0x356A, 0x356A, 0x356B, 0x2D4B, 0x2D4B, 0x2D4B, 0x2D4B, 0x2D4B, 0x2D4B, 0x2D4B, 0x2D4B, 0x2D4B, 0x2D4B,
    0x2D4B, 0x2D4B, 0x2D4B, 0x2D4B, 0x2D4B, 0x254B, 0x254B, 0x254B, 0x254B, 0x252B, 0x252B, 0x252B, 0x252B, 0x252B, 0x252B, 0x252B,
    0x252B, 0x252B, 0x1D2B, 0x1D2B, 0x1D2B, 0x1D0B, 0x1D0B, 0x1D0B, 0x1D0B, 0x1D0B, 0x1D0B, 0x1D0B, 0x1D0B, 0x1D0B, 0x1D0B, 0x14EB,
    0x14EB, 0x1CCB, 0x0428, 0x9E56, 0xFFFF, 0xFFFF, 0xFFFF, 0xFFFF, 0xFFFF, 0xFFFF, 0xFFFF, 0xFFFF, 0xFFFF, 0xEF9D, 0xD73B, 0xC6D9,
    0xAE77, 0x8DD4, 0x6D51, 0x54CF, 0x3C4C, 0x23EA, 0x13A8, 0x0B67, 0x0347, 0x0346, 0x0346, 0x0347, 0x0367, 0x0388, 0x0BA8, 0x0BC9,
    0x0BE9, 0x0BE9, 0x0C09, 0x0C0A, 0x0C0A, 0x0C0A, 0x0C2A, 0x0C2A, 0x0C2A, 0x0C2A, 0x0C4A, 0x0C4A, 0x0C4A, 0x0C6A, 0x0C6A, 0x0C6B,
    0x0C8B, 0x0C8B, 0x0C8B, 0x0C8B, 0x0C8B, 0x0CAB, 0x0CAB, 0x0CAB, 0x0CAB, 0x0CAB, 0x0CCB, 0x0CCB, 0x0CCB, 0x0CCB, 0x0CCB, 0x0CCB,
    0x0CCB, 0x0CCB, 0x0CCB, 0x0CCB, 0x0CCB, 0x0CCB, 0x0CCB, 0x0CCB, 0x0CCB, 0x0CCB, 0x0CCB, 0x0CCB, 0x0CCB, 0x0CCB, 0x0CCB, 0x0CCB,
    0x14CC, 0x04AB, 0x354F, 0xFFDF, 0xDF7C, 0x14CC, 0x0CCB, 0x0CCB, 0x0CCB, 0x0CCB, 0x0CCB, 0x0CCB, 0x0CCB, 0x0CCB, 0x0CCB, 0x0CAB,
    0x0CAB, 0x0CAB, 0x14CC, 0x048A, 0x350E, 0xBE78, 0x2D0E, 0x048A, 0x14AB, 0x0CAB, 0x0CAB, 0x0CAB, 0x0CAB, 0x0C8B, 0x0C8B, 0x0C8B,
    0x354A, 0x354A, 0x354A, 0x354A, 0x354A, 0x354A, 0x354A, 0x356A, 0x354A, 0x354A, 0x354A, 0x354A, 0x354A, 0x356A, 0x354A, 0x356A,
    0x356A, 0x2D4A, 0x2D4B, 0x2D4B, 0x2D4B, 0x2D4B, 0x2D4B, 0x2D4B, 0x2D4B, 0x2D4B, 0x2D4B, 0x2D4B, 0x2D4B, 0x2D4B, 0x2D4B, 0x2D4B,
    0x254B, 0x254B, 0x254B, 0x254B, 0x252B, 0x252B, 0x252B, 0x252B, 0x252B, 0x252B, 0x252B, 0x252B, 0x252B, 0x1D2B, 0x1D2B, 0x1D2B,
    0x1D0B, 0x1D0B, 0x1D0B, 0x1D0B, 0x1D0B, 0x1D0B, 0x1D0B, 0x1D0B, 0x1D0B, 0x1D0B, 0x150B, 0x14EB, 0x1CEB, 0x0C69, 0x4D4F, 0xFFFF,
    0xF7DE, 0xEFBE, 0xDF5C, 0xBED9, 0xA636, 0x85B3, 0x6D31, 0x54AE, 0x344C, 0x23EA, 0x13A8, 0x0367, 0x0347, 0x0346, 0x0347, 0x0367,
    0x0367, 0x0388, 0x0BA8, 0x0BC9, 0x0BE9, 0x0BE9, 0x0C0A, 0x0C0A, 0x0C0A, 0x0C0A, 0x0C2A, 0x0C2A, 0x0C2A, 0x0C2A, 0x0C4A, 0x0C4A,
    0x0C4A, 0x0C6A, 0x0C6A, 0x0C6B, 0x0C8B, 0x0C8B, 0x0C8B, 0x0C8B, 0x0CAB, 0x0CAB, 0x0CAB, 0x0CAB, 0x0CAB, 0x0CAB, 0x0CCB, 0x0CCB,
    0x0CCB, 0x0CCB, 0x0CCB, 0x0CCB, 0x0CCB, 0x0CCB, 0x0CCB, 0x0CCB, 0x0CCB, 0x0CCB, 0x0CCB, 0x0CCB, 0x0CCB, 0x0CCB, 0x0CCB, 0x0CCB,
    0x0CCB, 0x0CCB, 0x0CCB, 0x0CCB, 0x0CCB, 0x0CCB, 0x0CCB, 0x0CCB, 0x0CCB, 0x0CCB, 0x0CCB, 0x0CCB, 0x14CC, 0x048A, 0xA6D8, 0xFFFF,
    0x6DF3, 0x048A, 0x14CC, 0x0CCB, 0x0CCB, 0x0CCB, 0x0CCB, 0x0CCB, 0x0CCB, 0x0CCB, 0x0CAB, 0x0CAB, 0x0CAB, 0x0CAB, 0x0CAB, 0x14AC,
    0x048A, 0x350D, 0xB658, 0x34ED, 0x048A, 0x14AB, 0x0CAB, 0x0C8B, 0x0C8B, 0x0C8B, 0x0C8B, 0x0C8B, 0x354A, 0x354A, 0x354A, 0x354A,
    0x354A, 0x354A, 0x354A, 0x354A, 0x354A, 0x354A, 0x354A, 0x354A, 0x354A, 0x354A, 0x354A, 0x354A, 0x2D4A, 0x2D4A, 0x2D4A, 0x2D4B,
    0x2D4B, 0x2D4B, 0x2D4B, 0x2D4B, 0x2D4B, 0x2D4B, 0x2D4B, 0x2D4B, 0x2D4B, 0x2D4B, 0x2D4B, 0x254B, 0x252B, 0x252B, 0x254B, 0x252B,
    0x252B, 0x252B, 0x252B, 0x252B, 0x252B, 0x252B, 0x252B, 0x252B, 0x1D2B, 0x1D2B, 0x1D2B, 0x1D0B, 0x1D0B, 0x1D0B, 0x1D0B, 0x1D0B,
    0x1D0B, 0x1D0B, 0x1D0B, 0x1D0B, 0x1D0B, 0x150B, 0x14EB, 0x14EB, 0x14CB, 0x0C8A, 0x4D2F, 0x5530, 0x348C, 0x240A, 0x13A8, 0x0367,
    0x0347, 0x0346, 0x0346, 0x0367, 0x0387, 0x0388, 0x0BA8, 0x0BC9, 0x0BE9, 0x0BE9, 0x0C0A, 0x0C0A, 0x0C0A, 0x0C0A, 0x0C2A, 0x0C2A,
    0x0C2A, 0x0C4A, 0x0C4A, 0x0C4A, 0x0C6A, 0x0C6A, 0x0C6A, 0x0C6B, 0x0C8B, 0x0C8B, 0x0C8B, 0x0C8B, 0x0C8B, 0x0CAB, 0x0CAB, 0x0CAB,
    0x0CAB, 0x0CAB, 0x0CAB, 0x0CCB, 0x0CCB, 0x0CCB, 0x0CCB, 0x0CCB, 0x0CCB, 0x0CCB, 0x0CCB, 0x0CCB, 0x0CCB, 0x0CCB, 0x0CCB, 0x0CCB,
    0x0CCB, 0x0CCB, 0x0CCB, 0x0CCB, 0x0CCB, 0x0CCB, 0x0CCB, 0x0CCB, 0x0CCB, 0x0CCB, 0x0CCB, 0x0CCB, 0x0CCB, 0x0CCB, 0x0CCB, 0x0CCB,
    0x0CCB, 0x0CCB, 0x0CCB, 0x0CCB, 0x0CCB, 0x0CCB, 0x0CCB, 0x14CC, 0x04AB, 0x354E, 0xF7DF, 0xDF5C, 0x14CC, 0x0CCB, 0x0CCB, 0x0CCB,
    0x0CCB, 0x0CCB, 0x0CCB, 0x0CCB, 0x0CCB, 0x0CAB, 0x0CAB, 0x0CAB, 0x0CAB, 0x0CAB, 0x0CAB, 0x0CAB, 0x14AB, 0x048A, 0x2CED, 0xB657,
    0x2CED, 0x046A, 0x14AB, 0x0C8B, 0x0C8B, 0x0C8B, 0x0C8B, 0x0C8B, 0x354A, 0x354A, 0x354A, 0x354A, 0x354A, 0x354A, 0x354A, 0x354A,
    0x354A, 0x354A, 0x354A, 0x354A, 0x354A, 0x354A, 0x354A, 0x2D4A, 0x2D4A, 0x2D4A, 0x2D4A, 0x2D4A, 0x2D4B, 0x2D4B, 0x2D4B, 0x2D4B,
    0x2D4B, 0x2D4B, 0x2D4B, 0x2D4B, 0x2D4B, 0x254B, 0x254B, 0x254B, 0x252B, 0x252B, 0x252B, 0x252B, 0x252B, 0x252B, 0x252B, 0x252B,
    0x252B, 0x252B, 0x252B, 0x1D2B, 0x1D2B, 0x1D2B, 0x1D0B, 0x1D0B, 0x1D0B, 0x1D0B, 0x1D0B, 0x1D0B, 0x1D0B, 0x1D0B, 0x1D0B, 0x1D0B,
    0x150B, 0x14EB, 0x14EB, 0x14EB, 0x14CB, 0x14AB, 0x0C49, 0x03E8, 0x03E8, 0x0BC8, 0x0BC9, 0x0BE9, 0x13E9, 0x1409, 0x1409, 0x0C09,
    0x0C0A, 0x0C0A, 0x0C2A, 0x0C2A, 0x0C2A, 0x0C4A, 0x0C4A, 0x0C4A, 0x0C6A, 0x0C6A, 0x0C6B, 0x0C6B, 0x0C8B, 0x0C8B, 0x0C8B, 0x0C8B,
    0x0CAB, 0x0CAB, 0x0CAB, 0x0CAB, 0x0CAB, 0x0CAB, 0x0CAB, 0x0CCB, 0x0CCB, 0x0CCB, 0x0CCB, 0x0CCB, 0x0CCB, 0x0CCB, 0x0CCB, 0x0CCB,
    0x0CCB, 0x0CCB, 0x0CCB, 0x0CCB, 0x0CCB, 0x0CCB, 0x0CCB, 0x0CCB, 0x0CCB, 0x0CCB, 0x0CCB, 0x0CCB, 0x0CCB, 0x0CCB, 0x0CCB, 0x0CCB,
    0x0CCB, 0x0CCB, 0x0CCB, 0x0CCB, 0x0CCB, 0x0CCB, 0x0CCB, 0x0CCB, 0x0CCB, 0x0CCB, 0x0CCB, 0x0CCB, 0x0CCB, 0x0CCB, 0x0CCB, 0x0CCB,
    0x0CCB, 0x0CCB, 0x0CCB, 0x14CC, 0x048A, 0x8655, 0xFFFF, 0x7614, 0x048A, 0x14CC, 0x0CCB, 0x0CCB, 0x0CCB, 0x0CCB, 0x0CCB, 0x0CCB,
    0x0CAB, 0x0CAB, 0x0CAB, 0x0CAB, 0x0CAB, 0x0CAB, 0x0CAB, 0x0CAB, 0x0CAB, 0x14AB, 0x048A, 0x2CED, 0xAE37, 0x2CED, 0x046A, 0x14AB,
    0x0C8B, 0x0C8B, 0x0C8B, 0x0C8B, 0x354A, 0x354A, 0x354A, 0x354A, 0x354A, 0x354A, 0x354A, 0x354A, 0x354A, 0x354A, 0x354A, 0x354A,
    0x2D4A, 0x2D4A, 0x2D4A, 0x2D4A, 0x2D4A, 0x2D4A, 0x2D4A, 0x2D4A, 0x2D4B, 0x2D4B, 0x2D4B, 0x2D4B, 0x2D4B, 0x2D4B, 0x2D4B, 0x2D4B,
    0x252B, 0x254B, 0x252B, 0x252B, 0x252B, 0x252B, 0x252B, 0x252B, 0x252B, 0x252B, 0x252B, 0x252B, 0x252B, 0x252B, 0x1D2B, 0x1D2B,
    0x1D2B, 0x1D0B, 0x1D0B, 0x1D0B, 0x1D0B, 0x1D0B, 0x1D0B, 0x1D0B, 0x1D0B, 0x1D0B, 0x1D0B, 0x150B, 0x14EB, 0x14EB, 0x14EB, 0x14EB,
    0x14CB, 0x14AB, 0x148B, 0x146A, 0x144A, 0x142A, 0x0C2A, 0x0C2A, 0x0C2A, 0x0C4A, 0x0C4A, 0x0C4A, 0x0C6A, 0x0C6A, 0x0C6B, 0x0C8B,
    0x0C8B, 0x0C8B, 0x0C8B, 0x0CAB, 0x0CAB, 0x0CAB, 0x0CAB, 0x0CAB, 0x0CAB, 0x0CAB, 0x0CCB, 0x0CCB, 0x0CCB, 0x0CCB, 0x0CCB, 0x0CCB,
    0x0CCB, 0x0CCB, 0x0CCB, 0x0CCB, 0x0CCB, 0x0CCB, 0x0CCB, 0x0CCB, 0x0CCB, 0x0CCB, 0x0CCB, 0x0CCB, 0x0CCB, 0x0CCB, 0x0CCB, 0x0CCB,
    0x0CCB, 0x0CCB, 0x0CCB, 0x0CCB, 0x0CCB, 0x0CCB, 0x0CCB, 0x0CCB, 0x0CCB, 0x0CCB, 0x0CCB, 0x0CCB, 0x0CCB, 0x0CCB, 0x0CCB, 0x0CCB,
    0x0CCB, 0x0CCB, 0x0CCB, 0x0CCB, 0x0CCB, 0x0CCB, 0x0CCB, 0x0CCB, 0x0CCB, 0x0CCB, 0x0CCB, 0x0CCB, 0x0CCB, 0x0CCB, 0x0CCC, 0x0CCB,
    0x14CC, 0xDF7C, 0xF7BE, 0x250D, 0x04AB, 0x0CCB, 0x0CCB, 0x0CCB, 0x0CCB, 0x0CCB, 0x0CAB, 0x0CAB, 0x0CAB, 0x0CAB, 0x0CAB, 0x0CAB,
    0x0CAB, 0x0CAB, 0x0CAB, 0x0CAB, 0x0CAB, 0x0CAB, 0x14AB, 0x048A, 0x2CED, 0xAE17, 0x2CCD, 0x046A, 0x148B, 0x0C8B, 0x0C8B, 0x0C8B,
    0x354A, 0x354A, 0x354A, 0x354A, 0x354A, 0x354A, 0x354A, 0x354A, 0x354A, 0x354A, 0x354A, 0x2D4A, 0x2D4A, 0x2D4A, 0x2D4A, 0x2D4A,
    0x2D4A, 0x2D4A, 0x2D4A, 0x2D4B, 0x2D4B, 0x2D4B, 0x2D4B, 0x2D4B, 0x2D2B, 0x2D4B, 0x2D2B, 0x252B, 0x252B, 0x252B, 0x252B, 0x252B,
    0x252B, 0x252B, 0x252B, 0x252B, 0x252B, 0x252B, 0x252B, 0x252B, 0x252B, 0x1D2B, 0x1D2B, 0x1D2B, 0x1D0B, 0x1D0B, 0x1D0B, 0x1D0B,
    0x1D0B, 0x1D0B, 0x1D0B, 0x1D0B, 0x1D0B, 0x1D0B, 0x150B, 0x14EB, 0x14EB, 0x14EB, 0x14EB, 0x14EB, 0x14EB, 0x14CB, 0x14AB, 0x148B,
    0x148A, 0x0C6A, 0x0C8A, 0x0C8A, 0x0C8B, 0x0C8B, 0x0C8B, 0x0C8B, 0x0CAB, 0x0CAB, 0x0CAB, 0x0CAB, 0x0CAB, 0x0CAB, 0x0CCB, 0x0CCB,
    0x0CCB, 0x0CCB, 0x0CCB, 0x0CCB, 0x0CCB, 0x0CCB, 0x0CCB, 0x0CCB, 0x0CCB, 0x0CCB, 0x0CCB, 0x0CCB, 0x0CCB, 0x0CCB, 0x0CCB, 0x0CCB,
    0x0CCB, 0x0CCB, 0x0CCB, 0x0CCB, 0x0CCB, 0x0CCB, 0x0CCB, 0x0CCB, 0x0CCB, 0x0CCB, 0x0CCB, 0x0CCB, 0x0CCB, 0x0CCB, 0x0CCB, 0x0CCB,
    0x0CCB, 0x0CCB, 0x0CCB, 0x0CCB, 0x0CCB, 0x0CCB, 0x0CCB, 0x0CCB, 0x0CCB, 0x0CCB, 0x0CCB, 0x0CCB, 0x0CCB, 0x0CCB, 0x0CCB, 0x0CCB,
    0x0CCB, 0x0CCB, 0x0CCB, 0x0CCB, 0x0CCB, 0x0CCB, 0x0CCB, 0x0CCB, 0x0CCB, 0x0CCB, 0x14CC, 0x048A, 0x4D90, 0xFFFF, 0xA6B8, 0x048A,
    0x14CC, 0x0CCB, 0x0CCB, 0x0CCB, 0x0CCB, 0x0CCB, 0x0CAB, 0x0CAB, 0x0CAB, 0x0CAB, 0x0CAB, 0x0CAB, 0x0CAB, 0x0CAB, 0x0CAB, 0x0CAB,
    0x0CAB, 0x0CAB, 0x0CAB, 0x14AB, 0x046A, 0x2CCD, 0xA5F6, 0x2CCD, 0x046A, 0x148B, 0x0C8B, 0x0C8B, 0x352A, 0x354A, 0x354A, 0x352A,
    0x352A, 0x352A, 0x352A, 0x354A, 0x352A, 0x352A, 0x2D4A, 0x2D2A, 0x2D4A, 0x2D4A, 0x2D4A, 0x2D4A, 0x2D4A, 0x2D2A, 0x2D4B, 0x2D4B,
    0x2D2B, 0x2D2B, 0x2D4B, 0x2D2B, 0x2D2B, 0x252B, 0x252B, 0x252B, 0x252B, 0x252B, 0x252B, 0x252B, 0x252B, 0x252B, 0x252B, 0x252B,
    0x252B, 0x252B, 0x252B, 0x252B, 0x1D0B, 0x1D2B, 0x1D0B, 0x1D0B, 0x1D0B, 0x1D0B, 0x1D0B, 0x1D0B, 0x1D0B, 0x1D0B, 0x1D0B, 0x1D0B,
    0x1D0B, 0x150B, 0x14EB, 0x14EB, 0x14EB, 0x14EB, 0x14EB, 0x14EB, 0x14EB, 0x14EB, 0x14CB, 0x14CB, 0x14CB, 0x14CB, 0x0CCB, 0x0CCB,
    0x0CCB, 0x0CCB, 0x0CCB, 0x0CCB, 0x0CCB, 0x0CCB, 0x0CCB, 0x0CCB, 0x0CCB, 0x0CCB, 0x0CCB, 0x0CCB, 0x0CCB, 0x0CCB, 0x0CCB, 0x0CCB,
    0x0CCB, 0x0CCB, 0x0CCB, 0x0CCB, 0x0CCB, 0x0CCB, 0x0CCB, 0x0CCB, 0x0CCB, 0x0CCB, 0x0CCB, 0x0CCB, 0x0CCB, 0x0CCB, 0x0CCB, 0x0CCB,
    0x0CCB, 0x0CCB, 0x0CCB, 0x0CCB, 0x0CCB, 0x0CCB, 0x0CCB, 0x0CCB, 0x0CCB, 0x0CCB, 0x0CCB, 0x0CCB, 0x0CCB, 0x0CCB, 0x0CCB, 0x0CCB,
    0x0CCB, 0x0CCB, 0x0CCB, 0x0CCB, 0x0CCB, 0x0CCB, 0x0CCB, 0x0CCB, 0x0CCB, 0x0CCB, 0x0CCB, 0x0CCB, 0x0CCB, 0x0CCB, 0x0CCB, 0x0CCB,
    0x0CCB, 0x0CCB, 0x0CCB, 0x0CCB, 0x0CCB, 0x0CCB, 0x14CC, 0x048A, 0x9697, 0xFFFF, 0x55B1, 0x048A, 0x14CC, 0x0CCB, 0x0CCB, 0x0CCB,
    0x0CAB, 0x0CAB, 0x0CAB, 0x0CAB, 0x0CAB, 0x0CAB, 0x0CAB, 0x0CAB, 0x0CAB, 0x0CAB, 0x0CAB, 0x0CAB, 0x0CAB, 0x0CAB, 0x0C8B, 0x0C8B,
    0x14AB, 0x046A, 0x2CCD, 0xA5D6, 0x2CCD, 0x046A, 0x148B, 0x0C8B, 0x352A, 0x352A, 0x352A, 0x352A, 0x352A, 0x352A, 0x352A, 0x2D2A,
    0x352A, 0x2D2A, 0x2D2A, 0x2D2A, 0x2D2A, 0x2D2A, 0x2D2A, 0x2D4A, 0x2D2A, 0x2D2B, 0x2D2B, 0x2D2B, 0x2D2B, 0x2D2B, 0x2D2B, 0x2D2B,
    0x252B, 0x252B, 0x252B, 0x252B, 0x252B, 0x252B, 0x252B, 0x252B, 0x252B, 0x252B, 0x252B, 0x252B, 0x252B, 0x252B, 0x252B, 0x1D0B,
    0x1D0B, 0x1D0B, 0x1D0B, 0x1D0B, 0x1D0B, 0x1D0B, 0x1D0B, 0x1D0B, 0x1D0B, 0x1D0B, 0x1D0B, 0x1D0B, 0x150B, 0x14EB, 0x14EB, 0x14EB,
    0x14EB, 0x14EB, 0x14EB, 0x14EB, 0x14EB, 0x14EB, 0x14EB, 0x14EB, 0x14EB, 0x0CCB, 0x0CCB, 0x0CCB, 0x0CCB, 0x0CCB, 0x0CCB, 0x0CCB,
    0x0CCB, 0x0CCB, 0x0CCB, 0x0CCB, 0x0CCB, 0x0CCB, 0x0CCB, 0x0CCB, 0x0CCB, 0x0CCB, 0x0CCB, 0x0CCB, 0x0CCB, 0x0CCB, 0x0CCB, 0x0CCB,
    0x0CCB, 0x0CCB, 0x0CCB, 0x0CCB, 0x0CCB, 0x0CCB, 0x0CCB, 0x0CCB, 0x0CCB, 0x0CCB, 0x0CCB, 0x0CCB, 0x0CCB, 0x0CCB, 0x0CCB, 0x0CCB,
    0x0CCB, 0x0CCB, 0x0CCB, 0x0CCB, 0x0CCB, 0x0CCB, 0x0CCB, 0x0CCB, 0x0CCB, 0x0CCB, 0x0CCB, 0x0CCB, 0x0CCB, 0x0CCB, 0x0CCB, 0x0CCB,
    0x0CCB, 0x0CCB, 0x0CCB, 0x0CCB, 0x0CCB, 0x0CCB, 0x0CCB, 0x0CCB, 0x0CCB, 0x0CCB, 0x0CCB, 0x0CCB, 0x0CCB, 0x0CCB, 0x0CCB, 0x0CCB,
    0x0CCB, 0x0CCB, 0x0CCB, 0x0CCB, 0xD73C, 0xF79E, 0x24ED, 0x04AB, 0x0CCB, 0x0CCB, 0x0CCB, 0x0CAB, 0x0CAB, 0x0CAB, 0x0CAB, 0x0CAB,
    0x0CAB, 0x0CAB, 0x0CAB, 0x0CAB, 0x0CAB, 0x0CAB, 0x0CAB, 0x0CAB, 0x0CAB, 0x0CAB, 0x0C8B, 0x0C8B, 0x0C8B, 0x148B, 0x046A, 0x2CCD,
    0x9DB5, 0x2CCD, 0x046A, 0x148B, 0x352A, 0x352A, 0x352A, 0x352A, 0x352A, 0x352A, 0x2D2A, 0x2D2A, 0x2D2A, 0x2D2A, 0x2D2A, 0x2D2A,
    0x2D2A, 0x2D2A, 0x2D2A, 0x2D2A, 0x2D2A, 0x2D2A, 0x2D2B, 0x2D2B, 0x2D2B, 0x2D2B, 0x2D2B, 0x252B, 0x252B, 0x252B, 0x252B, 0x252B,
    0x252B, 0x252B, 0x252B, 0x252B, 0x252B, 0x252B, 0x252B, 0x252B, 0x252B, 0x1D2B, 0x1D0B, 0x1D0B, 0x1D0B, 0x1D0B, 0x1D0B, 0x1D0B,
    0x1D0B, 0x1D0B, 0x1D0B, 0x1D0B, 0x1D0B, 0x1D0B, 0x1D0B, 0x150B, 0x14EB, 0x14EB, 0x14EB, 0x14EB, 0x14EB, 0x14EB, 0x14EB, 0x14EB,
    0x14EB, 0x14EB, 0x14EB, 0x14CB, 0x0CCB, 0x0CCB, 0x0CCB, 0x0CCB, 0x0CCB, 0x0CCB, 0x0CCB, 0x0CCB, 0x0CCB, 0x0CCB, 0x0CCB, 0x0CCB,
    0x0CCB, 0x0CCB, 0x0CCB, 0x0CCB, 0x0CCB, 0x0CCB, 0x0CCB, 0x0CCB, 0x0CCB, 0x0CCB, 0x0CCB, 0x0CCB, 0x0CCB, 0x0CCB, 0x0CCB, 0x0CCB,
    0x0CCB, 0x0CCB, 0x0CCB, 0x0CCB, 0x0CCB, 0x0CCB, 0x0CCB, 0x0CCB, 0x0CCB, 0x0CCB, 0x0CCB, 0x0CCB, 0x0CCB, 0x0CCB, 0x0CCB, 0x0CCB,
    0x0CCB, 0x0CCB, 0x0CCB, 0x0CCB, 0x0CCB, 0x0CCB, 0x0CCB, 0x0CCB, 0x0CCB, 0x0CCB, 0x0CCB, 0x0CCB, 0x0CCB, 0x0CCB, 0x0CCB, 0x0CCB,
    0x0CCB, 0x0CCB, 0x0CCB, 0x0CCB, 0x0CCB, 0x0CCB, 0x0CCB, 0x0CCB, 0x0CCB, 0x0CCB, 0x0CCB, 0x0CCB, 0x0CCB, 0x14CC, 0x04AA, 0x3D4F,
    0xFFDF, 0xB6D9, 0x04AB, 0x0CCB, 0x0CCB, 0x0CAB, 0x0CAB, 0x0CAB, 0x0CAB, 0x0CAB, 0x0CAB, 0x0CAB, 0x0CAB, 0x0CAB, 0x0CAB, 0x0CAB,
    0x0CAB, 0x0CAB, 0x0CAB, 0x0CAB, 0x0C8B, 0x0C8B, 0x0C8B, 0x0C8B, 0x0C8B, 0x0C8B, 0x148B, 0x046A, 0x2CAD, 0x9D95, 0x2CAD, 0x046A,
    0x352A, 0x352A, 0x352A, 0x352A, 0x352A, 0x2D2A, 0x2D2A, 0x2D2A, 0x2D2A, 0x2D2A, 0x2D2A, 0x2D2A, 0x2D2A, 0x2D2A, 0x2D2A, 0x2D2A,
    0x2D2A, 0x2D2A, 0x2D2A, 0x2D2A, 0x2D2B, 0x2D2B, 0x252B, 0x252B, 0x252B, 0x252B, 0x252B, 0x252B, 0x252B, 0x252B, 0x252B, 0x252B,
    0x252B, 0x250B, 0x250B, 0x250B, 0x1D2B, 0x1D0B, 0x1D0B, 0x1D0B, 0x1D0B, 0x1D0B, 0x1D0B, 0x1D0B, 0x1D0B, 0x1D0B, 0x1D0B, 0x1D0B,
    0x1D0B, 0x1D0B, 0x150B, 0x14EB, 0x14EB, 0x14EB, 0x14EB, 0x14EB, 0x14EB, 0x14EB, 0x14EB, 0x14EB, 0x14EB, 0x14EB, 0x14CB, 0x0CCB,
    0x0CCB, 0x0CCB, 0x0CCB, 0x0CCB, 0x0CCB, 0x0CCB, 0x0CCB, 0x0CCB, 0x0CCB, 0x0CCB, 0x0CCB, 0x0CCB, 0x0CCB, 0x0CCB, 0x0CCB, 0x0CCB,
    0x0CCB, 0x0CCB, 0x0CCB, 0x0CCB, 0x0CCB, 0x0CCB, 0x0CCB, 0x0CCB, 0x0CCB, 0x0CCB, 0x0CCB, 0x0CCB, 0x0CCB, 0x0CCB, 0x0CCB, 0x0CCB,
    0x0CCB, 0x0CCB, 0x0CCB, 0x0CCB, 0x0CCB, 0x0CCB, 0x0CCB, 0x0CCB, 0x0CCB, 0x0CCB, 0x0CCB, 0x0CCB, 0x0CCB, 0x0CCB, 0x0CCB, 0x0CCB,
    0x0CCB, 0x0CCB, 0x0CCB, 0x0CCB, 0x0CCB, 0x0CCB, 0x0CCB, 0x0CCB, 0x0CCB, 0x0CCB, 0x0CCB, 0x0CCB, 0x0CCB, 0x0CCB, 0x0CCB, 0x0CCB,
    0x0CCB, 0x0CCB, 0x0CCB, 0x0CCB, 0x0CCB, 0x0CCB, 0x0CCB, 0x0CCB, 0x0CCB, 0x14CC, 0x048A, 0x6DF3, 0xFFFF, 0x7614, 0x048A, 0x14CC,
    0x0CAB, 0x0CAB, 0x0CAB, 0x0CAB, 0x0CAB, 0x0CAB, 0x0CAB, 0x0CAB, 0x0CAB, 0x0CAB, 0x0CAB, 0x0CAB, 0x0CAB, 0x0CAB, 0x0CAB, 0x0C8B,
    0x0C8B, 0x0C8B, 0x0C8B, 0x0C8B, 0x0C8B, 0x0C8B, 0x0C8B, 0x148B, 0x046A, 0x2CAD, 0x9D74, 0x2CAC, 0x352A, 0x352A, 0x352A, 0x352A,
    0x2D2A, 0x2D2A, 0x2D2A, 0x2D2A, 0x2D2A, 0x2D2A, 0x2D2A, 0x2D2A, 0x2D2A, 0x2D2A, 0x2D2A, 0x2D2A, 0x2D2A, 0x2D2A, 0x2D2A, 0x2D2A,
    0x2D2A, 0x252B, 0x252B, 0x252B, 0x252B, 0x252B, 0x252B, 0x252B, 0x252B, 0x252B, 0x250B, 0x250B, 0x250B, 0x250B, 0x250B, 0x1D0B,
    0x1D0B, 0x1D0B, 0x1D0B, 0x1D0B, 0x1D0B, 0x1D0B, 0x1D0B, 0x1D0B, 0x1D0B, 0x1D0B, 0x1D0B, 0x1CEB, 0x1CEB, 0x150B, 0x14EB, 0x14EB,
    0x14EB, 0x14EB, 0x14EB, 0x14EB, 0x14EB, 0x14EB, 0x14EB, 0x14EB, 0x14EB, 0x14EB, 0x0CCB, 0x0CCB, 0x0CCB, 0x0CCB, 0x0CCB, 0x0CCB,
    0x0CCB, 0x0CCB, 0x0CCB, 0x0CCB, 0x0CCB, 0x0CCB, 0x0CCB, 0x0CCB, 0x0CCB, 0x0CCB, 0x0CCB, 0x0CCB, 0x0CCB, 0x0CCB, 0x0CCB, 0x0CCB,
    0x0CCB, 0x0CCB, 0x0CCB, 0x0CCB, 0x0CCB, 0x0CCB, 0x0CCB, 0x0CCB, 0x0CCB, 0x0CCB, 0x0CCB, 0x0CCB, 0x0CCB, 0x0CCB, 0x0CCB, 0x0CCB,
    0x0CCB, 0x0CCB, 0x0CCB, 0x0CCB, 0x0CCB, 0x0CCB, 0x0CCB, 0x0CCB, 0x0CCB, 0x0CCB, 0x0CCB, 0x0CCB, 0x0CCB, 0x0CCB, 0x0CCB, 0x0CCB,
    0x0CCB, 0x0CCB, 0x0CCB, 0x0CCB, 0x0CCB, 0x0CCB, 0x0CCB, 0x0CCB, 0x0CCB, 0x0CCB, 0x0CCB, 0x0CCB, 0x0CCB, 0x0CCB, 0x0CCB, 0x0CCB,
    0x0CCB, 0x0CCB, 0x0CCB, 0x0CCB, 0x0CCB, 0x14CC, 0x048A, 0x9E76, 0xFFBF, 0x4570, 0x048A, 0x14CB, 0x0CAB, 0x0CAB, 0x0CAB, 0x0CAB,
    0x0CAB, 0x0CAB, 0x0CAB, 0x0CAB, 0x0CAB, 0x0CAB, 0x0CAB, 0x0CAB, 0x0CAB, 0x0CAB, 0x0C8B, 0x0C8B, 0x0C8B, 0x0C8B, 0x0C8B, 0x0C8B,
    0x0C8B, 0x0C8B, 0x0C8B, 0x0C8B, 0x0C8B, 0x046A, 0x2CAC, 0x9554, 0x350A, 0x2D0A, 0x2D2A, 0x2D0A, 0x2D0A, 0x2D2A, 0x2D0A, 0x2D2A,
    0x2D2A, 0x2D2A, 0x2D2A, 0x2D2A, 0x2D2A, 0x2D2A, 0x2D2A, 0x2D2A, 0x2D2A, 0x2D2A, 0x2D2A, 0x252A, 0x252A, 0x252A, 0x252A, 0x250B,
    0x250B, 0x252B, 0x250B, 0x250B, 0x252B, 0x250B, 0x250B, 0x250B, 0x250B, 0x1D0B, 0x1D0B, 0x1D0B, 0x1D0B, 0x1D0B, 0x1D0B, 0x1D0B,
    0x1D0B, 0x1D0B, 0x1D0B, 0x1D0B, 0x1D0B, 0x1D0B, 0x1CEB, 0x1CEB, 0x14EB, 0x14EB, 0x14EB, 0x14EB, 0x14EB, 0x14EB, 0x14EB, 0x14EB,
    0x14EB, 0x14EB, 0x14EB, 0x14EB, 0x14CB, 0x0CCB, 0x0CCB, 0x0CCB, 0x0CCB, 0x0CCB, 0x0CCB, 0x0CCB, 0x0CCB, 0x0CCB, 0x0CCB, 0x0CCB,
    0x0CCB, 0x0CCB, 0x0CCB, 0x0CCB, 0x0CCB, 0x0CCB, 0x0CCB, 0x0CCB, 0x0CCB, 0x0CCB, 0x0CCB, 0x0CCB, 0x0CCB, 0x0CCB, 0x0CCB, 0x0CCB,
    0x0CCB, 0x0CCB, 0x0CCB, 0x0CCB, 0x0CCB, 0x0CCB, 0x0CCB, 0x0CCB, 0x0CCB, 0x0CCB, 0x0CCB, 0x0CCB, 0x0CCB, 0x0CCB, 0x0CCB, 0x0CCB,
    0x0CCB, 0x0CCB, 0x0CCB, 0x0CCB, 0x0CCB, 0x0CCB, 0x0CCB, 0x0CCB, 0x0CCB, 0x0CCB, 0x0CCB, 0x0CCB, 0x0CCB, 0x0CCB, 0x0CCB, 0x0CCB,
    0x0CCB, 0x0CCB, 0x0CCB, 0x0CCB, 0x0CCB, 0x0CCB, 0x0CCB, 0x0CCB, 0x0CCB, 0x0CCB, 0x0CCB, 0x0CCB, 0x0CCB, 0x0CCB, 0x0CCB, 0x0CCB,
    0x0CCB, 0x0CCB, 0x0CAB, 0xCF1A, 0xEF7D, 0x24ED, 0x04AB, 0x0CAB, 0x0CAB, 0x0CAB, 0x0CAB, 0x0CAB, 0x0CAB, 0x0CAB, 0x0CAB, 0x0CAB,
    0x0CAB, 0x0CAB, 0x0CAB, 0x0CAB, 0x0CAB, 0x0C8B, 0x0C8B, 0x0C8B, 0x0C8B, 0x0C8B, 0x0C8B, 0x0C8B, 0x0C8B, 0x0C8B, 0x0C8B, 0x0C8B,
    0x0C8B, 0x148B, 0x046A, 0x2CAC, 0x2D0A, 0x2D0A, 0x2D0A, 0x2D0A, 0x2D0A, 0x2D0A, 0x2D0A, 0x2D2A, 0x2D2A, 0x2D0A, 0x2D2A, 0x2D0A,
    0x2D2A, 0x2D2A, 0x2D0A, 0x2D2A, 0x2D2A, 0x250A, 0x252A, 0x250A, 0x250A, 0x252A, 0x250B, 0x250B, 0x250B, 0x250B, 0x250B, 0x250B,
    0x250B, 0x250B, 0x250B, 0x250B, 0x1D0B, 0x1D0B, 0x1D0B, 0x1D0B, 0x1D0B, 0x1D0B, 0x1D0B, 0x1D0B, 0x1D0B, 0x1D0B, 0x1D0B, 0x1D0B,
    0x1D0B, 0x1CEB, 0x1CEB, 0x14EB, 0x14EB, 0x14EB, 0x14EB, 0x14EB, 0x14EB, 0x14EB, 0x14EB, 0x14EB, 0x14EB, 0x14EB, 0x14EB, 0x14CB,
    0x0CCB, 0x0CCB, 0x0CCB, 0x0CCB, 0x0CCB, 0x0CCB, 0x0CCB, 0x0CCB, 0x0CCB, 0x0CCB, 0x0CCB, 0x0CCB, 0x0CCB, 0x0CCB, 0x0CCB, 0x0CCB,
    0x0CCB, 0x0CCB, 0x0CCB, 0x0CCB, 0x0CCB, 0x0CCB, 0x0CCB, 0x0CCB, 0x0CCB, 0x0CCB, 0x0CCB, 0x0CCB, 0x0CCB, 0x0CCB, 0x0CCB, 0x0CCB,
    0x0CCB, 0x0CCB, 0x0CCB, 0x0CCB, 0x0CCB, 0x0CCB, 0x0CCB, 0x0CCB, 0x0CCB, 0x0CCB, 0x0CCB, 0x0CCB, 0x0CCB, 0x0CCB, 0x0CCB, 0x0CCB,
    0x0CCB, 0x0CCB, 0x0CCB, 0x0CCB, 0x0CCB, 0x0CCB, 0x0CCB, 0x0CCB, 0x0CCB, 0x0CCB, 0x0CCB, 0x0CCB, 0x0CCB, 0x0CCB, 0x0CCB, 0x0CCB,
    0x0CCB, 0x0CCB, 0x0CCB, 0x0CCB, 0x0CCB, 0x0CCB, 0x0CCB, 0x0CCB, 0x0CCB, 0x0CCB, 0x0CCB, 0x0CCB, 0x0CCB, 0x0CAB, 0x1CED, 0xE75C,
    0xCEFA, 0x0CCB, 0x0CAB, 0x0CAB, 0x0CAB, 0x0CAB, 0x0CAB, 0x0CAB, 0x0CAB, 0x0CAB, 0x0CAB, 0x0CAB, 0x0CAB, 0x0CAB, 0x0CAB, 0x0C8B,
    0x0C8B, 0x0C8B, 0x0C8B, 0x0C8B, 0x0C8B, 0x0C8B, 0x0C8B, 0x0C8B, 0x0C8B, 0x0C8B, 0x0C8B, 0x0C8B, 0x0C8B, 0x0C6B, 0x148B, 0x046A,
    0x2D0A, 0x2D0A, 0x2D0A, 0x2D0A, 0x2D0A, 0x2D0A, 0x2D0A, 0x2D0A, 0x2D0A, 0x2D0A, 0x2D0A, 0x2D0A, 0x2D0A, 0x2D0A, 0x2D0A, 0x2D0A,
    0x250A, 0x250A, 0x250A, 0x250A, 0x250A, 0x250B, 0x250B, 0x250B, 0x250B, 0x250B, 0x250B, 0x250B, 0x250B, 0x250B, 0x250B, 0x1D0B,
    0x1D0B, 0x1D0B, 0x1D0B, 0x1D0B, 0x1D0B, 0x1D0B, 0x1D0B, 0x1D0B, 0x1D0B, 0x1CEB, 0x1CEB, 0x1D0B, 0x1CEB, 0x1CEB, 0x14EB, 0x14EB,
    0x14EB, 0x14EB, 0x14EB, 0x14EB, 0x14EB, 0x14EB, 0x14EB, 0x14CB, 0x14EB, 0x14EB, 0x14CB, 0x0CCB, 0x0CCB, 0x0CCB, 0x0CCB, 0x0CCB,
    0x0CCB, 0x0CCB, 0x0CCB, 0x0CCB, 0x0CCB, 0x0CCB, 0x0CCB, 0x0CCB, 0x0CCB, 0x0CCB, 0x0CCB, 0x0CCB, 0x0CCB, 0x0CCB, 0x0CCB, 0x0CCB,
    0x0CCB, 0x0CCB, 0x0CCB, 0x0CCB, 0x0CCB, 0x0CCB, 0x0CCB, 0x0CCB, 0x0CCB, 0x0CCB, 0x0CCB, 0x0CCB, 0x0CCB, 0x0CCB, 0x0CCB, 0x0CCB,
    0x0CCB, 0x0CCB, 0x0CCB, 0x0CCB, 0x0CCB, 0x0CCB, 0x0CCB, 0x0CCB, 0x0CCB, 0x0CCB, 0x0CCB, 0x0CCB, 0x0CCB, 0x0CCB, 0x0CCB, 0x0CCB,
    0x0CCB, 0x0CCB, 0x0CCB, 0x0CCB, 0x0CCB, 0x0CCB, 0x0CCB, 0x0CCB, 0x0CCB, 0x0CCB, 0x0CCB, 0x0CCB, 0x0CCB, 0x0CCB, 0x0CCB, 0x0CCB,
    0x0CCB, 0x0CCB, 0x0CCB, 0x0CCB, 0x0CCB, 0x0CCB, 0x0CCB, 0x0CCB, 0x0CCB, 0x04AB, 0x352E, 0xF77E, 0xB6B8, 0x048A, 0x0CAB, 0x0CAB,
    0x0CAB, 0x0CAB, 0x0CAB, 0x0CAB, 0x0CAB, 0x0CAB, 0x0CAB, 0x0CAB, 0x0CAB, 0x0CAB, 0x0C8B, 0x0C8B, 0x0C8B, 0x0C8B, 0x0C8B, 0x0C8B,
    0x0C8B, 0x0C8B, 0x0C8B, 0x0C8B, 0x0C8B, 0x0C8B, 0x0C8B, 0x0C6B, 0x0C6B, 0x0C6B, 0x0C6B, 0x146B, 0x2D0A, 0x2D0A, 0x2D0A, 0x2D0A,
    0x2D0A, 0x2D0A, 0x2D0A, 0x2D0A, 0x2D0A, 0x2D0A, 0x2D0A, 0x2D0A, 0x2D0A, 0x2D0A, 0x2D0A, 0x250A, 0x250A, 0x250A, 0x250A, 0x250A,
    0x250A, 0x250A, 0x250B, 0x250B, 0x250B, 0x250B, 0x250B, 0x250B, 0x250B, 0x250B, 0x1D0B, 0x1D0B, 0x1D0B, 0x1D0B, 0x1D0B, 0x1D0B,
    0x1D0B, 0x1CEB, 0x1CEB, 0x1CEB, 0x1CEB, 0x1CEB, 0x1CEB, 0x1CEB, 0x14EB, 0x14EB, 0x14EB, 0x14EB, 0x14EB, 0x14EB, 0x14EB, 0x14EB,
    0x14EB, 0x14EB, 0x14CB, 0x14CB, 0x14CB, 0x14CB, 0x0CCB, 0x0CCB, 0x0CCB, 0x0CCB, 0x0CCB, 0x0CCB, 0x0CCB, 0x0CCB, 0x0CCB, 0x0CCB,
    0x0CCB, 0x0CCB, 0x0CCB, 0x0CCB, 0x0CCB, 0x0CCB, 0x0CCB, 0x0CCB, 0x0CCB, 0x0CCB, 0x0CCB, 0x0CCB, 0x0CCB, 0x0CCB, 0x0CCB, 0x0CCB,
    0x0CCB, 0x0CCB, 0x0CCB, 0x0CCB, 0x0CCB, 0x0CCB, 0x0CCB, 0x0CCB, 0x0CCB, 0x0CCB, 0x0CCB, 0x0CCB, 0x0CCB, 0x0CCB, 0x0CCB, 0x0CCB,
    0x0CCB, 0x0CCB, 0x0CCB, 0x0CCB, 0x0CCB, 0x0CCB, 0x0CCB, 0x0CCB, 0x0CCB, 0x0CCB, 0x0CCB, 0x0CCB, 0x0CCB, 0x0CCB, 0x0CCB, 0x0CCB,
    0x0CCB, 0x0CCB, 0x0CCB, 0x0CCB, 0x0CCB, 0x0CCB, 0x0CCB, 0x0CCB, 0x0CCB, 0x0CCB, 0x0CCB, 0x0CCB, 0x0CCB, 0x0CCB, 0x0CCB, 0x0CCB,
    0x0CCB, 0x0CCB, 0x0CCB, 0x0CAB, 0x14CB, 0x048A, 0x4D70, 0xFF9F, 0x8E35, 0x048A, 0x14AB, 0x0CAB, 0x0CAB, 0x0CAB, 0x0CAB, 0x0CAB,
    0x0CAB, 0x0CAB, 0x0CAB, 0x0CAB, 0x0C8B, 0x0C8B, 0x0C8B, 0x0C8B, 0x0C8B, 0x0C8B, 0x0C8B, 0x0C8B, 0x0C8B, 0x0C8B, 0x0C8B, 0x0C8B,
    0x0C8B, 0x0C8B, 0x0C6B, 0x0C6B, 0x0C6B, 0x0C6B, 0x0C6A, 0x0C6A, 0x2CE9, 0x2D0A, 0x2D0A, 0x2D0A, 0x2D0A, 0x2D0A, 0x2D0A, 0x2D0A,
    0x2D0A, 0x2D0A, 0x2D0A, 0x2D0A, 0x2D0A, 0x2D0A, 0x250A, 0x250A, 0x250A, 0x250A, 0x250A, 0x250A, 0x250A, 0x250A, 0x250A, 0x250B,
    0x250B, 0x250B, 0x250B, 0x250B, 0x250B, 0x1D0B, 0x1D0B, 0x1D0B, 0x1D0B, 0x1CEB, 0x1D0B, 0x1D0B, 0x1D0B, 0x1CEB, 0x1CEB, 0x1CEB,
    0x1CEB, 0x1CEB, 0x1CEB, 0x14EB, 0x14EB, 0x14EB, 0x14EB, 0x14EB, 0x14EB, 0x14EB, 0x14EB, 0x14EB, 0x14EB, 0x14EB, 0x14CB, 0x14CB,
    0x14CB, 0x0CCB, 0x0CCB, 0x0CCB, 0x0CCB, 0x0CCB, 0x0CCB, 0x0CCB, 0x0CCB, 0x0CCB, 0x0CCB, 0x0CCB, 0x0CCB, 0x0CCB, 0x0CCB, 0x0CCB,
    0x0CCB, 0x0CCB, 0x0CCB, 0x0CCB, 0x0CCB, 0x0CCB, 0x0CCB, 0x0CCB, 0x0CCB, 0x0CCB, 0x0CCB, 0x0CCB, 0x0CCB, 0x0CCB, 0x0CCB, 0x0CCB,
    0x0CCB, 0x0CCB, 0x0CCB, 0x0CCB, 0x0CCB, 0x0CCB, 0x0CCB, 0x0CCB, 0x0CCB, 0x0CCB, 0x0CCB, 0x0CCB, 0x0CCB, 0x0CCB, 0x0CCB, 0x0CCB,
    0x0CCB, 0x0CCB, 0x0CCB, 0x0CCB, 0x0CCB, 0x0CCB, 0x0CCB, 0x0CCB, 0x0CCB, 0x0CCB, 0x0CCB, 0x0CCB, 0x0CCB, 0x0CCB, 0x0CCB, 0x0CCB,
    0x0CCB, 0x0CCB, 0x0CCB, 0x0CCB, 0x0CCB, 0x0CCB, 0x0CCB, 0x0CCB, 0x0CCB, 0x0CCB, 0x0CCB, 0x0CCB, 0x0CCB, 0x0CCB, 0x0CAB, 0x0CAB,
    0x14CB, 0x048A, 0x5571, 0xFF7E, 0x8615, 0x048A, 0x14AB, 0x0CAB, 0x0CAB, 0x0CAB, 0x0CAB, 0x0CAB, 0x0CAB, 0x0CAB, 0x0C8B, 0x0CAB,
    0x0C8B, 0x0C8B, 0x0C8B, 0x0C8B, 0x0C8B, 0x0C8B, 0x0C8B, 0x0C8B, 0x0C8B, 0x0C8B, 0x0C8B, 0x0C8B, 0x0C8B, 0x0C6B, 0x0C6B, 0x0C6B,
    0x0C6B, 0x0C6A, 0x0C6A, 0x0C6A, 0x556D, 0x24E9, 0x350A, 0x2D0A, 0x2CEA, 0x2D0A, 0x2D0A, 0x2D0A, 0x2D0A, 0x2D0A, 0x2D0A, 0x250A,
    0x2D0A, 0x250A, 0x250A, 0x250A, 0x250A, 0x250A, 0x250A, 0x250A, 0x250A, 0x250A, 0x250A, 0x24EA, 0x24EA, 0x250B, 0x250B, 0x250B,
    0x1D0B, 0x1CEB, 0x1CEB, 0x1CEB, 0x1CEB, 0x1CEB, 0x1CEB, 0x1CEB, 0x1CEB, 0x1CEB, 0x1CEB, 0x1CEB, 0x1CEB, 0x1CEB, 0x14EB, 0x14EB,
    0x14EB, 0x14EB, 0x14EB, 0x14EB, 0x14EB, 0x14CB, 0x14EB, 0x14EB, 0x14CB, 0x14CB, 0x14CB, 0x14CB, 0x0CCB, 0x0CCB, 0x0CCB, 0x0CCB,
    0x0CCB, 0x0CCB, 0x0CCB, 0x0CCB, 0x0CCB, 0x0CCB, 0x0CCB, 0x0CCB, 0x0CCB, 0x0CCB, 0x0CCB, 0x0CCB, 0x0CCB, 0x0CCB, 0x0CCB, 0x0CCB,
    0x0CCB, 0x0CCB, 0x0CCB, 0x0CCB, 0x0CCB, 0x0CCB, 0x0CCB, 0x0CCB, 0x0CCB, 0x0CCB, 0x0CCB, 0x0CCB, 0x0CCB, 0x0CCB, 0x0CCB, 0x0CCB,
    0x0CCB, 0x0CCB, 0x0CCB, 0x0CCB, 0x0CCB, 0x0CCB, 0x0CCB, 0x0CCB, 0x0CCB, 0x0CCB, 0x0CCB, 0x0CCB, 0x0CCB, 0x0CCB, 0x0CCB, 0x0CCB,
    0x0CCB, 0x0CCB, 0x0CCB, 0x0CCB, 0x0CCB, 0x0CCB, 0x0CCB, 0x0CCB, 0x0CCB, 0x0CCB, 0x0CCB, 0x0CCB, 0x0CCB, 0x0CCB, 0x0CCB, 0x0CCB,
    0x0CCB, 0x0CCB, 0x0CCB, 0x0CCB, 0x0CCB, 0x0CCB, 0x0CCB, 0x0CCB, 0x0CAB, 0x0CAB, 0x0CAB, 0x0CAB, 0x14AC, 0x048A, 0x75F3, 0xFF7E,
    0x5D91, 0x048A, 0x14AC, 0x0CAB, 0x0CAB, 0x0CAB, 0x0CAB, 0x0CAB, 0x0CAB, 0x0CAB, 0x0CAB, 0x0CAB, 0x0CAB, 0x0CAB, 0x0C8B, 0x0C8B,
    0x0C8B, 0x0C8B, 0x0C8B, 0x0C8B, 0x0C8B, 0x0C8B, 0x0C8B, 0x0C8B, 0x0C6B, 0x0C6B, 0x0C6B, 0x0C6B, 0x0C6B, 0x0C6B, 0x0C6B, 0x0C6B,
    0xAE76, 0x14A7, 0x24E9, 0x2CEA, 0x2CEA, 0x2CEA, 0x2CEA, 0x2CEA, 0x2D0A, 0x2D0A, 0x250A, 0x250A, 0x24EA, 0x250A, 0x24EA, 0x250A,
    0x250A, 0x24EA, 0x24EA, 0x24EA, 0x24EA, 0x250A, 0x250A, 0x24EA, 0x24EA, 0x24EA, 0x1CEA, 0x1CEB, 0x1CEB, 0x1CEB, 0x1CEB, 0x1CEB,
    0x1CEB, 0x1CEB, 0x1CEB, 0x1CEB, 0x1CEB, 0x1CEB, 0x1CEB, 0x1CEB, 0x1CEB, 0x14EB, 0x14EB, 0x14EB, 0x14EB, 0x14EB, 0x14EB, 0x14EB,
    0x14CB, 0x14CB, 0x14CB, 0x14CB, 0x14CB, 0x14CB, 0x14CB, 0x0CCB, 0x0CCB, 0x0CCB, 0x0CCB, 0x0CCB, 0x0CCB, 0x0CCB, 0x0CCB, 0x0CCB,
    0x0CCB, 0x0CCB, 0x0CCB, 0x0CCB, 0x0CCB, 0x0CCB, 0x0CCB, 0x0CCB, 0x0CCB, 0x0CCB, 0x0CCB, 0x0CCB, 0x0CCB, 0x0CCB, 0x0CCB, 0x0CCB,
    0x0CCB, 0x0CCB, 0x0CCB, 0x0CCB, 0x0CCB, 0x0CCB, 0x0CCB, 0x0CCB, 0x0CCB, 0x0CCB, 0x0CCB, 0x0CCB, 0x0CCB, 0x0CCB, 0x0CCB, 0x0CCB,
    0x0CCB, 0x0CCB, 0x0CCB, 0x0CCB, 0x0CCB, 0x0CCB, 0x0CCB, 0x0CCB, 0x0CCB, 0x0CCB, 0x0CCB, 0x0CCB, 0x0CCB, 0x0CCB, 0x0CCB, 0x0CCB,
    0x0CCB, 0x0CCB, 0x0CCB, 0x0CCB, 0x0CCB, 0x0CCB, 0x0CCB, 0x0CCB, 0x0CCB, 0x0CCB, 0x0CCB, 0x0CCB, 0x0CCB, 0x0CCB, 0x0CCB, 0x0CCB,
    0x0CCB, 0x0CAB, 0x0CAB, 0x0CAB, 0x0CAB, 0x0CAB, 0x0CAB, 0x0CAB, 0x14AB, 0x048A, 0x75D3, 0xFF7E, 0x5570, 0x0449, 0x048A, 0x048A,
    0x048A, 0x048A, 0x048A, 0x048A, 0x048A, 0x048A, 0x048A, 0x048A, 0x046A, 0x046A, 0x046A, 0x048A, 0x046A, 0x046A, 0x046A, 0x046A,
    0x046A, 0x046A, 0x046A, 0x046A, 0x046A, 0x046A, 0x046A, 0x046A, 0x044A, 0x044A, 0x044A, 0x044A, 0xE73C, 0x9634, 0x452C, 0x1CC9,
    0x2CEA, 0x2CEA, 0x2CEA, 0x2CEA, 0x2CEA, 0x24EA, 0x24EA, 0x24EA, 0x24EA, 0x24EA, 0x24EA, 0x24EA, 0x24EA, 0x24EA, 0x24EA, 0x24EA,
    0x24EA, 0x24EA, 0x24EA, 0x24EA, 0x24EA, 0x1CEA, 0x1CEA, 0x1CEB, 0x1CEB, 0x1CEB, 0x1CEB, 0x1CEB, 0x1CEB, 0x1CEB, 0x1CEB, 0x1CEB,
    0x1CEB, 0x1CEB, 0x1CEB, 0x14EB, 0x14EB, 0x14EB, 0x14EB, 0x14EB, 0x14EB, 0x14EB, 0x14EB, 0x14CB, 0x14CB, 0x14CB, 0x14CB, 0x14CB,
    0x14CB, 0x14CB, 0x0CCB, 0x0CCB, 0x0CCB, 0x0CCB, 0x0CCB, 0x0CCB, 0x0CCB, 0x0CCB, 0x0CCB, 0x0CCB, 0x0CCB, 0x0CCB, 0x0CCB, 0x0CCB,
    0x0CCB, 0x0CCB, 0x0CCB, 0x0CCB, 0x0CCB, 0x0CCB, 0x0CCB, 0x0CCB, 0x0CCB, 0x0CCB, 0x0CCB, 0x0CCB, 0x0CCB, 0x0CCB, 0x0CCB, 0x0CCB,
    0x0CCB, 0x0CCB, 0x0CCB, 0x0CCB, 0x0CCB, 0x0CCB, 0x0CCB, 0x0CCB, 0x0CCB, 0x0CCB, 0x0CCB, 0x0CCB, 0x0CCB, 0x0CCB, 0x0CCB, 0x0CCB,
    0x0CCB, 0x0CCB, 0x0CCB, 0x0CCB, 0x0CCB, 0x0CCB, 0x0CCB, 0x0CCB, 0x0CCB, 0x0CCB, 0x0CCB, 0x0CCB, 0x0CCB, 0x0CCB, 0x0CCB, 0x0CCB,
    0x0CCB, 0x0CCB, 0x0CCB, 0x0CCB, 0x0CCB, 0x0CCB, 0x0CCB, 0x0CCB, 0x0CCB, 0x0CCB, 0x0CCB, 0x0CCB, 0x0CAB, 0x0CAB, 0x0CAB, 0x0CAB,
    0x0CAB, 0x0CAB, 0x0CAB, 0x0CAB, 0x14AB, 0x048A, 0x75D3, 0xEF1C, 0xAE57, 0x95F5, 0x95F5, 0x95F5, 0x95F5, 0x95F5, 0x95D5, 0x8DD4,
    0x8DD4, 0x8DB4, 0x8DB4, 0x8DB4, 0x8D94, 0x8D94, 0x8594, 0x8593, 0x8573, 0x8573, 0x8573, 0x8553, 0x8553, 0x7D52, 0x7D32, 0x7D32,
    0x7D32, 0x7D12, 0x7D12, 0x74F1, 0x74F1, 0x74F1, 0x74D1, 0x74D1, 0xE71C, 0xFF7E, 0xF75E, 0x9E55, 0x350B, 0x24EA, 0x2CEA, 0x2CEA,
    0x24EA, 0x24EA, 0x24EA, 0x24EA, 0x24EA, 0x24EA, 0x24EA, 0x24EA, 0x24EA, 0x24EA, 0x24EA, 0x24EA, 0x24EA, 0x24EA, 0x24EA, 0x1CEA,
    0x1CEA, 0x1CEB, 0x1CEB, 0x1CEB, 0x1CEB, 0x1CEB, 0x1CEB, 0x1CEB, 0x1CEB, 0x1CEB, 0x1CEB, 0x1CEB, 0x1CEB, 0x1CEB, 0x14EB, 0x14EB,
    0x14CB, 0x14CB, 0x14CB, 0x14EB, 0x14CB, 0x14CB, 0x14CB, 0x14CB, 0x14CB, 0x14CB, 0x14CB, 0x14CB, 0x14CB, 0x0CCB, 0x0CCB, 0x0CCB,
    0x0CCB, 0x0CCB, 0x0CCB, 0x0CCB, 0x0CCB, 0x0CCB, 0x0CCB, 0x0CCB, 0x0CCB, 0x0CCB, 0x0CCB, 0x0CCB, 0x0CCB, 0x0CCB, 0x0CCB, 0x0CCB,
    0x0CCB, 0x0CCB, 0x0CCB, 0x0CCB, 0x0CCB, 0x0CCB, 0x0CCB, 0x0CCB, 0x0CCB, 0x0CCB, 0x0CCB, 0x0CCB, 0x0CCB, 0x0CCB, 0x0CCB, 0x0CCB,
    0x0CCB, 0x0CCB, 0x0CCB, 0x0CCB, 0x0CCB, 0x0CCB, 0x0CCB, 0x0CCB, 0x0CCB, 0x0CCB, 0x0CCB, 0x0CCB, 0x0CCB, 0x0CCB, 0x0CCB, 0x0CCB,
    0x0CCB, 0x0CCB, 0x0CCB, 0x0CCB, 0x0CCB, 0x0CCB, 0x0CCB, 0x0CCB, 0x0CCB, 0x0CCB, 0x0CCB, 0x0CCB, 0x0CCB, 0x0CCB, 0x0CCB, 0x0CCB,
    0x0CCB, 0x0CCB, 0x0CCB, 0x0CCB, 0x0CCB, 0x0CAB, 0x0CAB, 0x0CAB, 0x0CAB, 0x0CAB, 0x0CAB, 0x0CAB, 0x0CAB, 0x0CAB, 0x0CAB, 0x0CAB,
    0x14AB, 0x048A, 0x75B3, 0xF73D, 0x75D3, 0x3D0E, 0x452F, 0x452F, 0x450F, 0x450F, 0x3D0F, 0x3D0E, 0x3D0E, 0x3D0E, 0x3CEE, 0x3CEE,
    0x3CEE, 0x3CEE, 0x3CEE, 0x3CEE, 0x3CCE, 0x3CCE, 0x3CCE, 0x3CCE, 0x3CCE, 0x34CD, 0x34CD, 0x34AD, 0x34AD, 0x34AD, 0x34AD, 0x34AD,
    0x348D, 0x348D, 0x348D, 0x348D, 0xE73C, 0xCEFA, 0x8E13, 0x452D, 0x2CEA, 0x24EA, 0x24EA, 0x24EA, 0x24EA, 0x24EA, 0x24EA, 0x24EA,
    0x24EA, 0x24EA, 0x24EA, 0x24EA, 0x24EA, 0x24EA, 0x24EA, 0x24EA, 0x24EA, 0x24EA, 0x1CEA, 0x1CEA, 0x1CEA, 0x1CEB, 0x1CEB, 0x1CEB,
    0x1CEB, 0x1CEB, 0x1CEB, 0x1CEB, 0x1CEB, 0x1CEB, 0x1CEB, 0x1CEB, 0x1CEB, 0x14EB, 0x14EB, 0x14EB, 0x14CB, 0x14CB, 0x14CB, 0x14CB,
    0x14CB, 0x14CB, 0x14CB, 0x14CB, 0x14CB, 0x14CB, 0x14CB, 0x14CB, 0x0CCB, 0x0CCB, 0x0CCB, 0x0CCB, 0x0CCB, 0x0CCB, 0x0CCB, 0x0CCB,
    0x0CCB, 0x0CCB, 0x0CCB, 0x0CCB, 0x0CCB, 0x0CCB, 0x0CCB, 0x0CCB, 0x0CCB, 0x0CCB, 0x0CCB, 0x0CCB, 0x0CCB, 0x0CCB, 0x0CCB, 0x0CCB,
    0x0CCB, 0x0CCB, 0x0CCB, 0x0CCB, 0x0CCB, 0x0CCB, 0x0CCB, 0x0CCB, 0x0CCB, 0x0CCB, 0x0CCB, 0x0CCB, 0x0CCB, 0x0CCB, 0x0CCB, 0x0CCB,
    0x0CCB, 0x0CCB, 0x0CCB, 0x0CCB, 0x0CCB, 0x0CCB, 0x0CCB, 0x0CCB, 0x0CCB, 0x0CCB, 0x0CCB, 0x0CCB, 0x0CCB, 0x0CCB, 0x0CCB, 0x0CCB,
    0x0CCB, 0x0CCB, 0x0CCB, 0x0CCB, 0x0CCB, 0x0CCB, 0x0CCB, 0x0CCB, 0x0CCB, 0x0CCB, 0x0CCB, 0x0CCB, 0x0CCB, 0x0CCB, 0x0CCB, 0x0CCB,
    0x0CAB, 0x0CAB, 0x0CAB, 0x0CAB, 0x0CAB, 0x0CAB, 0x0CAB, 0x0CAB, 0x0CAB, 0x0CAB, 0x0CAB, 0x0CAB, 0x14AB, 0x048A, 0x75D3, 0xFF3D,
    0x4D50, 0x0469, 0x048A, 0x048A, 0x046A, 0x046A, 0x048A, 0x048A, 0x046A, 0x046A, 0x046A, 0x046A, 0x046A, 0x046A, 0x046A, 0x046A,
    0x046A, 0x046A, 0x046A, 0x046A, 0x046A, 0x046A, 0x046A, 0x046A, 0x044A, 0x044A, 0x044A, 0x044A, 0x044A, 0x044A, 0x044A, 0x044A,
    0xC6D9, 0x2CEA, 0x1CA8, 0x24C9, 0x24CA, 0x24EA, 0x24EA, 0x24CA, 0x24EA, 0x24EA, 0x24EA, 0x24EA, 0x24EA, 0x24EA, 0x24EA, 0x24EA,
    0x24EA, 0x24EA, 0x24EA, 0x24EA, 0x24EA, 0x1CEA, 0x1CEA, 0x1CEA, 0x1CEA, 0x1CEB, 0x1CEB, 0x1CCB, 0x1CEB, 0x1CEB, 0x1CEB, 0x1CEB,
    0x1CEB, 0x1CCB, 0x1CCB, 0x1CCB, 0x14CB, 0x14CB, 0x14CB, 0x14CB, 0x14CB, 0x14CB, 0x14CB, 0x14CB, 0x14CB, 0x14CB, 0x14CB, 0x14CB,
    0x14CB, 0x14CB, 0x0CCB, 0x0CCB, 0x0CCB, 0x0CCB, 0x0CCB, 0x0CCB, 0x0CCB, 0x0CCB, 0x0CCB, 0x0CCB, 0x0CCB, 0x0CCB, 0x0CCB, 0x0CCB,
    0x0CCB, 0x0CCB, 0x0CCB, 0x0CCB, 0x0CCB, 0x0CCB, 0x0CCB, 0x0CCB, 0x0CCB, 0x0CCB, 0x0CCB, 0x0CCB, 0x0CCB, 0x0CCB, 0x0CCB, 0x0CCB,
    0x0CCB, 0x0CCB, 0x0CCB, 0x0CCB, 0x0CCB, 0x0CCB, 0x0CCB, 0x0CCB, 0x0CCB, 0x0CCB, 0x0CCB, 0x0CCB, 0x0CCB, 0x0CCB, 0x0CCB, 0x0CCB,
    0x0CCB, 0x0CCB, 0x0CCB, 0x0CCB, 0x0CCB, 0x0CCB, 0x0CCB, 0x0CCB, 0x0CCB, 0x0CCB, 0x0CCB, 0x0CCB, 0x0CCB, 0x0CCB, 0x0CCB, 0x0CCB,
    0x0CCB, 0x0CCB, 0x0CCB, 0x0CCB, 0x0CCB, 0x0CCB, 0x0CCB, 0x0CCB, 0x0CAB, 0x0CAB, 0x0CAB, 0x0CAB, 0x0CAB, 0x0CAB, 0x0CAB, 0x0CAB,
    0x0CAB, 0x0CAB, 0x0CAB, 0x0CAB, 0x0CAB, 0x0CAB, 0x0CAB, 0x0CAB, 0x14AB, 0x048A, 0x6D92, 0xF71D, 0x6592, 0x048A, 0x14AB, 0x0CAB,
    0x0CAB, 0x0CAB, 0x0CAB, 0x0C8B, 0x0C8B, 0x0C8B, 0x0C8B, 0x0C8B, 0x0C8B, 0x0C8B, 0x0C8B, 0x0C8B, 0x0C8B, 0x0C8B, 0x0C6B, 0x0C8B,
    0x0C6B, 0x0C6B, 0x0C6B, 0x0C6B, 0x0C6B, 0x0C6B, 0x0C6A, 0x0C6A, 0x0C6A, 0x0C6A, 0x0C4A, 0x0C4A, 0x6DB0, 0x1CA8, 0x2CEA, 0x2CCA,
    0x24CA, 0x24EA, 0x24EA, 0x24CA, 0x24CA, 0x24CA, 0x24CA, 0x24EA, 0x24CA, 0x24CA, 0x24EA, 0x24CA, 0x24EA, 0x24EA, 0x24CA, 0x24EA,
    0x1CCA, 0x1CCA, 0x1CCA, 0x1CEA, 0x1CCA, 0x1CEA, 0x1CEA, 0x1CCB, 0x1CCB, 0x1CCB, 0x1CCB, 0x1CCB, 0x1CCB, 0x1CCB, 0x1CCB, 0x14CB,
    0x14CB, 0x14CB, 0x14CB, 0x14CB, 0x14CB, 0x14CB, 0x14CB, 0x14CB, 0x14CB, 0x14CB, 0x14CB, 0x14CB, 0x14CB, 0x0CAB, 0x0CCB, 0x0CCB,
    0x0CAB, 0x0CAB, 0x0CAB, 0x0CAB, 0x0CCB, 0x0CCB, 0x0CCB, 0x0CCB, 0x0CCB, 0x0CCB, 0x0CCB, 0x0CCB, 0x0CCB, 0x0CCB, 0x0CCB, 0x0CCB,
    0x0CCB, 0x0CCB, 0x0CCB, 0x0CCB, 0x0CCB, 0x0CCB, 0x0CCB, 0x0CCB, 0x0CCB, 0x0CCB, 0x0CCB, 0x0CCB, 0x0CCB, 0x0CCB, 0x0CCB, 0x0CCB,
    0x0CCB, 0x0CCB, 0x0CCB, 0x0CCB, 0x0CCB, 0x0CCB, 0x0CCB, 0x0CCB, 0x0CCB, 0x0CCB, 0x0CCB, 0x0CCB, 0x0CCB, 0x0CCB, 0x0CCB, 0x0CCB,
    0x0CCB, 0x0CCB, 0x0CCB, 0x0CCB, 0x0CCB, 0x0CCB, 0x0CCB, 0x0CCB, 0x0CCB, 0x0CCB, 0x0CCB, 0x0CCB, 0x0CCB, 0x0CCB, 0x0CCB, 0x0CCB,
    0x0CCB, 0x0CAB, 0x0CAB, 0x0CAB, 0x0CAB, 0x0CAB, 0x0CAB, 0x0CAB, 0x0CAB, 0x0CAB, 0x0CAB, 0x0CAB, 0x0CAB, 0x0CAB, 0x0CAB, 0x0CAB,
    0x0CAB, 0x0CAB, 0x0CAB, 0x0CAB, 0x14AB, 0x048A, 0x452F, 0xF6FC, 0x7DD4, 0x046A, 0x14AB, 0x0C8B, 0x0C8B, 0x0C8B, 0x0C8B, 0x0C8B,
    0x0C8B, 0x0C8B, 0x0C8B, 0x0C8B, 0x0C8B, 0x0C8B, 0x0C8B, 0x0C8B, 0x0C8B, 0x0C6B, 0x0C6B, 0x0C6B, 0x0C6B, 0x0C6A, 0x0C6A, 0x0C6A,
    0x0C6A, 0x0C6A, 0x0C6A, 0x0C6A, 0x0C6A, 0x0C4A, 0x0C4A, 0x0C4A, 0x34EB, 0x24C9, 0x2CCA, 0x24CA, 0x24CA, 0x24CA, 0x24CA, 0x24CA,
    0x24CA, 0x24CA, 0x24CA, 0x24CA, 0x24CA, 0x24CA, 0x24CA, 0x24CA, 0x24CA, 0x24CA, 0x24CA, 0x1CCA, 0x1CCA, 0x1CCA, 0x1CCA, 0x1CCA,
    0x1CCA, 0x1CCA, 0x1CCA, 0x1CCA, 0x1CCB, 0x1CCB, 0x1CCB, 0x1CCB, 0x1CCB, 0x14CB, 0x14CB, 0x14CB, 0x14CB, 0x14CB, 0x14CB, 0x14CB,
    0x14CB, 0x14CB, 0x14CB, 0x14CB, 0x14CB, 0x14CB, 0x14CB, 0x14CB, 0x0CAB, 0x0CAB, 0x0CAB, 0x0CAB, 0x0CAB, 0x0CAB, 0x0CAB, 0x0CAB,
    0x0CAB, 0x0CAB, 0x0CCB, 0x0CCB, 0x0CCB, 0x0CCB, 0x0CCB, 0x0CCB, 0x0CCB, 0x0CCB, 0x0CCB, 0x0CCB, 0x0CCB, 0x0CCB, 0x0CCB, 0x0CCB,
    0x0CCB, 0x0CCB, 0x0CCB, 0x0CCB, 0x0CCB, 0x0CCB, 0x0CCB, 0x0CCB, 0x0CCB, 0x0CCB, 0x0CCB, 0x0CCB, 0x0CCB, 0x0CCB, 0x0CCB, 0x0CCB,
    0x0CCB, 0x0CCB, 0x0CCB, 0x0CCB, 0x0CCB, 0x0CCB, 0x0CCB, 0x0CCB, 0x0CCB, 0x0CCB, 0x0CCB, 0x0CCB, 0x0CCB, 0x0CCB, 0x0CCB, 0x0CCB,
    0x0CCB, 0x0CCB, 0x0CCB, 0x0CCB, 0x0CCB, 0x0CCB, 0x0CCB, 0x0CCB, 0x0CCB, 0x0CCB, 0x0CAB, 0x0CAB, 0x0CAB, 0x0CAB, 0x0CAB, 0x0CAB,
    0x0CAB, 0x0CAB, 0x0CAB, 0x0CAB, 0x0CAB, 0x0CAB, 0x0CAB, 0x0CAB, 0x0CAB, 0x0CAB, 0x0CAB, 0x0CAB, 0x0CAB, 0x0CAB, 0x0CAB, 0x0CAB,
    0x0CAB, 0x048A, 0x452F, 0xEEDC, 0x85D4, 0x046A, 0x0CAB, 0x0C8B, 0x0C8B, 0x0C8B, 0x0C8B, 0x0C8B, 0x0C8B, 0x0C8B, 0x0C8B, 0x0C8B,
    0x0C8B, 0x0C8B, 0x0C8B, 0x0C6B, 0x0C6B, 0x0C6B, 0x0C6B, 0x0C6B, 0x0C6A, 0x0C6A, 0x0C6A, 0x0C6A, 0x0C6A, 0x0C6A, 0x0C6A, 0x0C4A,
    0x0C4A, 0x0C4A, 0x0C4A, 0x0C4A, 0x24C9, 0x24CA, 0x24CA, 0x24CA, 0x24CA, 0x24CA, 0x24CA, 0x24CA, 0x24CA, 0x24CA, 0x24CA, 0x24CA,
    0x24CA, 0x24CA, 0x24CA, 0x24CA, 0x1CCA, 0x1CCA, 0x1CCA, 0x1CCA, 0x1CCA, 0x1CCA, 0x1CCA, 0x1CCA, 0x1CCA, 0x1CCA, 0x1CCA, 0x1CCA,
    0x1CCA, 0x1CCA, 0x1CCB, 0x1CCB, 0x14CB, 0x14CB, 0x14CB, 0x14CB, 0x14CB, 0x14CB, 0x14CB, 0x14CB, 0x14CB, 0x14CB, 0x14AB, 0x14CB,
    0x14AB, 0x14AB, 0x14AB, 0x0CAB, 0x0CAB, 0x0CAB, 0x0CAB, 0x0CAB, 0x0CAB, 0x0CAB, 0x0CAB, 0x0CAB, 0x0CAB, 0x0CAB, 0x0CAB, 0x0CAB,
    0x0CAB, 0x0CAB, 0x0CAB, 0x0CCB, 0x0CCB, 0x0CCB, 0x0CCB, 0x0CCB, 0x0CCB, 0x0CCB, 0x0CCB, 0x0CCB, 0x0CCB, 0x0CCB, 0x0CCB, 0x0CCB,
    0x0CCB, 0x0CCB, 0x0CCB, 0x0CCB, 0x0CCB, 0x0CCB, 0x0CCB, 0x0CCB, 0x0CCB, 0x0CCB, 0x0CCB, 0x0CCB, 0x0CCB, 0x0CCB, 0x0CCB, 0x0CCB,
    0x0CCB, 0x0CCB, 0x0CCB, 0x0CCB, 0x0CCB, 0x0CCB, 0x0CCB, 0x0CCB, 0x0CCB, 0x0CCB, 0x0CCB, 0x0CCB, 0x0CCB, 0x0CCB, 0x0CCB, 0x0CCB,
    0x0CCB, 0x0CCB, 0x0CAB, 0x0CAB, 0x0CAB, 0x0CAB, 0x0CAB, 0x0CAB, 0x0CAB, 0x0CAB, 0x0CAB, 0x0CAB, 0x0CAB, 0x0CAB, 0x0CAB, 0x0CAB,
    0x0CAB, 0x0CAB, 0x0CAB, 0x0CAB, 0x0CAB, 0x0CAB, 0x0CAB, 0x0CAB, 0x0CAB, 0x0CAB, 0x0CAB, 0x0CAB, 0x0CAB, 0x048A, 0x24CD, 0xDE9A,
    0xA616, 0x048A, 0x0C8B, 0x0C8B, 0x0C8B, 0x0C8B, 0x0C8B, 0x0C8B, 0x0C8B, 0x0C8B, 0x0C8B, 0x0C8B, 0x0C8B, 0x0C6B, 0x0C6B, 0x0C6B,
    0x0C6B, 0x0C6B, 0x0C6B, 0x0C6A, 0x0C6A, 0x0C6A, 0x0C6A, 0x0C6A, 0x0C6A, 0x0C4A, 0x0C4A, 0x0C4A, 0x0C4A, 0x0C4A, 0x0C4A, 0x144A,
    0x24CA, 0x24CA, 0x24CA, 0x24CA, 0x24CA, 0x24CA, 0x24CA, 0x24CA, 0x24CA, 0x24CA, 0x24CA, 0x24CA, 0x24CA, 0x24CA, 0x24CA, 0x1CCA,
    0x1CCA, 0x1CCA, 0x1CCA, 0x1CCA, 0x1CCA, 0x1CCA, 0x1CCA, 0x1CCA, 0x1CCA, 0x1CCA, 0x1CCA, 0x1CCA, 0x1CCA, 0x1CCA, 0x1CCB, 0x1CCB,
    0x14CB, 0x14CB, 0x14CB, 0x14CB, 0x14CB, 0x14CB, 0x14CB, 0x14CB, 0x14AB, 0x14AB, 0x14AB, 0x14AB, 0x14AB, 0x0CAB, 0x0CAB, 0x0CAB,
    0x0CAB, 0x0CAB, 0x0CAB, 0x0CAB, 0x0CAB, 0x0CAB, 0x0CAB, 0x0CAB, 0x0CAB, 0x0CAB, 0x0CAB, 0x0CAB, 0x0CAB, 0x0CAB, 0x0CAB, 0x0CAB,
    0x0CAB, 0x0CCB, 0x0CCB, 0x0CCB, 0x0CCB, 0x0CCB, 0x0CCB, 0x0CCB, 0x0CCB, 0x0CCB, 0x0CCB, 0x0CCB, 0x0CCB, 0x0CCB, 0x0CCB, 0x0CCB,
    0x0CCB, 0x0CCB, 0x0CCB, 0x0CCB, 0x0CCB, 0x0CCB, 0x0CCB, 0x0CCB, 0x0CCB, 0x0CCB, 0x0CCB, 0x0CCB, 0x0CCB, 0x0CCB, 0x0CCB, 0x0CCB,
    0x0CCB, 0x0CCB, 0x0CCB, 0x0CCB, 0x0CCB, 0x0CCB, 0x0CCB, 0x0CCB, 0x0CCB, 0x0CCB, 0x0CCB, 0x0CAB, 0x0CAB, 0x0CAB, 0x0CAB, 0x0CAB,
    0x0CAB, 0x0CAB, 0x0CAB, 0x0CAB, 0x0CAB, 0x0CAB, 0x0CAB, 0x0CAB, 0x0CAB, 0x0CAB, 0x0CAB, 0x0CAB, 0x0CAB, 0x0CAB, 0x0CAB, 0x0CAB,
    0x0CAB, 0x0CAB, 0x0CAB, 0x0CAB, 0x0CAB, 0x0CAB, 0x0CAB, 0x0C8B, 0x0C8B, 0x0C8B, 0x14AC, 0xC658, 0xBE58, 0x14AB, 0x0C8B, 0x0C8B,
    0x0C8B, 0x0C8B, 0x0C8B, 0x0C8B, 0x0C8B, 0x0C8B, 0x0C8B, 0x0C8B, 0x0C6B, 0x0C6B, 0x0C6B, 0x0C6B, 0x0C6B, 0x0C6B, 0x0C6A, 0x0C6A,
    0x0C6A, 0x0C6A, 0x0C6A, 0x0C6A, 0x0C4A, 0x0C4A, 0x0C4A, 0x0C4A, 0x0C4A, 0x0C4A, 0x144A, 0x0449, 0x24A9, 0x24A9, 0x24AA, 0x24AA,
    0x24AA, 0x24AA, 0x24AA, 0x24CA, 0x24CA, 0x24CA, 0x24AA, 0x24CA, 0x24CA, 0x24CA, 0x1CCA, 0x1CCA, 0x1CCA, 0x1CCA, 0x1CCA, 0x1CCA,
    0x1CCA, 0x1CCA, 0x1CCA, 0x1CCA, 0x1CCA, 0x1CCA, 0x1CCA, 0x1CCA, 0x1CCA, 0x1CCB, 0x14AB, 0x14AB, 0x14CB, 0x14AB, 0x14CB, 0x14CB,
    0x14AB, 0x14AB, 0x14AB, 0x14AB, 0x14AB, 0x14AB, 0x14AB, 0x14AB, 0x0CAB, 0x0CAB, 0x0CAB, 0x0CAB, 0x0CAB, 0x0CAB, 0x0CAB, 0x0CAB,
    0x0CAB, 0x0CAB, 0x0CAB, 0x0CAB, 0x0CAB, 0x0CAB, 0x0CAB, 0x0CAB, 0x0CAB, 0x0CAB, 0x0CAB, 0x0CAB, 0x0CAB, 0x0CAB, 0x0CAB, 0x0CAB,
    0x0CAB, 0x0CAB, 0x0CAB, 0x0CAB, 0x0CAB, 0x0CCB, 0x0CCB, 0x0CCB, 0x0CCB, 0x0CCB, 0x0CCB, 0x0CCB, 0x0CCB, 0x0CCB, 0x0CCB, 0x0CCB,
    0x0CCB, 0x0CCB, 0x0CCB, 0x0CCB, 0x0CCB, 0x0CCB, 0x0CCB, 0x0CCB, 0x0CCB, 0x0CCB, 0x0CCB, 0x0CCB, 0x0CCB, 0x0CCB, 0x0CCB, 0x0CAB,
    0x0CAB, 0x0CAB, 0x0CAB, 0x0CAB, 0x0CAB, 0x0CAB, 0x0CAB, 0x0CAB, 0x0CAB, 0x0CAB, 0x0CAB, 0x0CAB, 0x0CAB, 0x0CAB, 0x0CAB, 0x0CAB,
    0x0CAB, 0x0CAB, 0x0CAB, 0x0CAB, 0x0CAB, 0x0CAB, 0x0CAB, 0x0CAB, 0x0CAB, 0x0CAB, 0x0CAB, 0x0CAB, 0x0CAB, 0x0CAB, 0x0CAB, 0x0CAB,
    0x0C8B, 0x0C8B, 0x0C8B, 0x0C8B, 0x0C8B, 0x0C8B, 0x048A, 0xA616, 0xD67A, 0x24CD, 0x048A, 0x0C8B, 0x0C8B, 0x0C8B, 0x0C8B, 0x0C8B,
    0x0C8B, 0x0C8B, 0x0C6B, 0x0C6B, 0x0C6B, 0x0C6B, 0x0C6B, 0x0C6B, 0x0C6A, 0x0C6A, 0x0C6A, 0x0C6A, 0x0C6A, 0x0C6A, 0x0C6A, 0x0C4A,
    0x0C4A, 0x0C4A, 0x0C4A, 0x0C4A, 0x0C4A, 0x0C4A, 0x0429, 0x446D, 0x24A9, 0x24A9, 0x24A9, 0x24AA, 0x24AA, 0x24AA, 0x24AA, 0x24AA,
    0x24CA, 0x24CA, 0x24AA, 0x24AA, 0x24AA, 0x24CA, 0x1CCA, 0x1CCA, 0x1CAA, 0x1CAA, 0x1CAA, 0x1CCA, 0x1CCA, 0x1CAA, 0x1CAA, 0x1CCA,
    0x1CAA, 0x1CCA, 0x1CCA, 0x1CAA, 0x1CCB, 0x14CB, 0x14AB, 0x14AB, 0x14AB, 0x14AB, 0x14AB, 0x14AB, 0x14AB, 0x14AB, 0x14AB, 0x14AB,
    0x14AB, 0x14AB, 0x14AB, 0x14AB, 0x0CAB, 0x0CAB, 0x0CAB, 0x0CAB, 0x0CAB, 0x0CAB, 0x0CAB, 0x0CAB, 0x0CAB, 0x0CAB, 0x0CAB, 0x0CAB,
    0x0CAB, 0x0CAB, 0x0CAB, 0x0CAB, 0x0CAB, 0x0CAB, 0x0CAB, 0x0CAB, 0x0CAB, 0x0CAB, 0x0CAB, 0x0CAB, 0x0CAB, 0x0CAB, 0x0CAB, 0x0CAB,
    0x0CAB, 0x0CAB, 0x0CAB, 0x0CAB, 0x0CAB, 0x0CAB, 0x0CAB, 0x0CCB, 0x0CCB, 0x0CCB, 0x0CAB, 0x0CAB, 0x0CAB, 0x0CAB, 0x0CAB, 0x0CAB,
    0x0CAB, 0x0CAB, 0x0CCB, 0x0CCB, 0x0CCB, 0x0CAB, 0x0CAB, 0x0CAB, 0x0CAB, 0x0CAB, 0x0CAB, 0x0CAB, 0x0CAB, 0x0CAB, 0x0CAB, 0x0CAB,
    0x0CAB, 0x0CAB, 0x0CAB, 0x0CAB, 0x0CAB, 0x0CAB, 0x0CAB, 0x0CAB, 0x0CAB, 0x0CAB, 0x0CAB, 0x0CAB, 0x0CAB, 0x0CAB, 0x0CAB, 0x0CAB,
    0x0CAB, 0x0CAB, 0x0CAB, 0x0CAB, 0x0CAB, 0x0CAB, 0x0CAB, 0x0CAB, 0x0CAB, 0x0C8B, 0x0CAB, 0x0C8B, 0x0C8B, 0x0C8B, 0x0C8B, 0x0C8B,
    0x0C8B, 0x148B, 0x046A, 0x7593, 0xE69B, 0x450F, 0x046A, 0x0C8B, 0x0C8B, 0x0C8B, 0x0C8B, 0x0C8B, 0x0C8B, 0x0C6B, 0x0C6B, 0x0C6B,
    0x0C6B, 0x0C6B, 0x0C6A, 0x0C6A, 0x0C6A, 0x0C6A, 0x0C6A, 0x0C6A, 0x0C6A, 0x0C6A, 0x0C4A, 0x0C4A, 0x0C4A, 0x0C4A, 0x0C4A, 0x0C4A,
    0x0C4A, 0x0449, 0x444D, 0x6C70, 0x24A9, 0x24A9, 0x24A9, 0x24A9, 0x24AA, 0x24AA, 0x24AA, 0x24AA, 0x24AA, 0x24AA, 0x24AA, 0x24AA,
    0x1CAA, 0x1CAA, 0x1CAA, 0x1CAA, 0x1CAA, 0x1CAA, 0x1CAA, 0x1CAA, 0x1CAA, 0x1CAA, 0x1CAA, 0x1CAA, 0x1CAA, 0x1CAA, 0x1CAA, 0x14AA,
    0x14AA, 0x14AA, 0x14AB, 0x14AB, 0x14AB, 0x14AB, 0x14AB, 0x14AB, 0x14AB, 0x14AB, 0x14AB, 0x14AB, 0x14AB, 0x14AB, 0x0CAB, 0x0CAB,
    0x0CAB, 0x0CAB, 0x0CAB, 0x0CAB, 0x0CAB, 0x0CAB, 0x0CAB, 0x0CAB, 0x0CAB, 0x0CAB, 0x0CAB, 0x0CAB, 0x0CAB, 0x0CAB, 0x0CAB, 0x0CAB,
    0x0CAB, 0x0CAB, 0x0CAB, 0x0CAB, 0x0CAB, 0x0CAB, 0x0CAB, 0x0CAB, 0x0CAB, 0x0CAB, 0x0CAB, 0x0CAB, 0x0CAB, 0x0CAB, 0x0CAB, 0x0CAB,
    0x0CAB, 0x0CAB, 0x0CAB, 0x0CAB, 0x0CAB, 0x0CAB, 0x0CAB, 0x0CAB, 0x0CAB, 0x0CAB, 0x0CAB, 0x0CAB, 0x0CAB, 0x0CAB, 0x0CAB, 0x0CAB,
    0x0CAB, 0x0CAB, 0x0CAB, 0x0CAB, 0x0CAB, 0x0CAB, 0x0CAB, 0x0CAB, 0x0CAB, 0x0CAB, 0x0CAB, 0x0CAB, 0x0CAB, 0x0CAB, 0x0CAB, 0x0CAB,
    0x0CAB, 0x0CAB, 0x0CAB, 0x0CAB, 0x0CAB, 0x0CAB, 0x0CAB, 0x0CAB, 0x0CAB, 0x0CAB, 0x0CAB, 0x0CAB, 0x0CAB, 0x0CAB, 0x0CAB, 0x0CAB,
    0x0CAB, 0x0CAB, 0x0CAB, 0x0CAB, 0x0C8B, 0x0C8B, 0x0C8B, 0x0C8B, 0x0C8B, 0x0C8B, 0x0C8B, 0x0C8B, 0x0C8B, 0x0C8B, 0x046A, 0x4D30,
    0xE67A, 0x7572, 0x046A, 0x0C8B, 0x0C8B, 0x0C8B, 0x0C8B, 0x0C6B, 0x0C6B, 0x0C6B, 0x0C6B, 0x0C6B, 0x0C6B, 0x0C6A, 0x0C6A, 0x0C6A,
    0x0C6A, 0x0C6A, 0x0C6A, 0x0C6A, 0x0C4A, 0x0C4A, 0x0C4A, 0x0C4A, 0x0C4A, 0x0C4A, 0x0C4A, 0x144A, 0x0429, 0x444D, 0x6C70, 0x0C2A,
    0x24A9, 0x24A9, 0x24A9, 0x24A9, 0x24A9, 0x24AA, 0x24AA, 0x24AA, 0x24AA, 0x1CAA, 0x1CAA, 0x1CAA, 0x1CAA, 0x1CAA, 0x1CAA, 0x1CAA,
    0x1CAA, 0x1CAA, 0x1CAA, 0x1CAA, 0x1CAA, 0x1CAA, 0x1CAA, 0x1CAA, 0x1CAA, 0x1CAA, 0x14AA, 0x14AA, 0x14AA, 0x14AA, 0x14AA, 0x14AA,
    0x14AB, 0x14AB, 0x14AB, 0x14AB, 0x14AB, 0x14AB, 0x14AB, 0x14AB, 0x0CAB, 0x0CAB, 0x0CAB, 0x0CAB, 0x0CAB, 0x0C8B, 0x0C8B, 0x0C8B,
    0x0CAB, 0x0CAB, 0x0CAB, 0x0CAB, 0x0CAB, 0x0CAB, 0x0CAB, 0x0CAB, 0x0CAB, 0x0CAB, 0x0CAB, 0x0CAB, 0x0CAB, 0x0CAB, 0x0CAB, 0x0CAB,
    0x0CAB, 0x0CAB, 0x0CAB, 0x0CAB, 0x0CAB, 0x0CAB, 0x0CAB, 0x0CAB, 0x0CAB, 0x0CAB, 0x0CAB, 0x0CAB, 0x0CAB, 0x0CAB, 0x0CAB, 0x0CAB,
    0x0CAB, 0x0CAB, 0x0CAB, 0x0CAB, 0x0CAB, 0x0CAB, 0x0CAB, 0x0CAB, 0x0CAB, 0x0CAB, 0x0CAB, 0x0CAB, 0x0CAB, 0x0CAB, 0x0CAB, 0x0CAB,
    0x0CAB, 0x0CAB, 0x0CAB, 0x0CAB, 0x0CAB, 0x0CAB, 0x0CAB, 0x0CAB, 0x0CAB, 0x0CAB, 0x0CAB, 0x0CAB, 0x0CAB, 0x0CAB, 0x0CAB, 0x0CAB,
    0x0CAB, 0x0CAB, 0x0CAB, 0x0CAB, 0x0CAB, 0x0CAB, 0x0CAB, 0x0CAB, 0x0CAB, 0x0CAB, 0x0CAB, 0x0CAB, 0x0CAB, 0x0C8B, 0x0C8B, 0x0C8B,
    0x0C8B, 0x0C8B, 0x0C8B, 0x0C8B, 0x0C8B, 0x0C8B, 0x0C8B, 0x0C8B, 0x0C8B, 0x0C8B, 0x048A, 0x24CC, 0xCE38, 0xA5D6, 0x0C6A, 0x0C8B,
    0x0C8B, 0x0C6B, 0x0C6B, 0x0C6B, 0x0C6B, 0x0C6B, 0x0C6B, 0x0C6A, 0x0C6A, 0x0C6A, 0x0C6A, 0x0C6A, 0x0C6A, 0x0C6A, 0x0C4A, 0x0C4A,
    0x0C4A, 0x0C4A, 0x0C4A, 0x0C4A, 0x0C4A, 0x0C4A, 0x0C4A, 0x0429, 0x444D, 0x6C6F, 0x0C2A, 0x0C2A, 0x2489, 0x2489, 0x24A9, 0x24A9,
    0x24AA, 0x24AA, 0x24AA, 0x24AA, 0x24AA, 0x1CAA, 0x1CAA, 0x1CAA, 0x1CAA, 0x1CAA, 0x1CAA, 0x1CAA, 0x1CAA, 0x1CAA, 0x1CAA, 0x1CAA,
    0x1CAA, 0x1CAA, 0x1CAA, 0x1CAA, 0x1CAA, 0x14AA, 0x14AA, 0x14AA, 0x14AA, 0x14AA, 0x14AA, 0x14AA, 0x14AA, 0x14AB, 0x14AB, 0x14AB,
    0x14AB, 0x14AB, 0x148B, 0x14AB, 0x0CAB, 0x0C8B, 0x0CAB, 0x0C8B, 0x0C8B, 0x0C8B, 0x0C8B, 0x0C8B, 0x0C8B, 0x0CAB, 0x0CAB, 0x0CAB,
    0x0CAB, 0x0CAB, 0x0CAB, 0x0CAB, 0x0CAB, 0x0CAB, 0x0CAB, 0x0CAB, 0x0CAB, 0x0CAB, 0x0CAB, 0x0CAB, 0x0CAB, 0x0CAB, 0x0CAB, 0x0CAB,
    0x0CAB, 0x0CAB, 0x0CAB, 0x0CAB, 0x0CAB, 0x0CAB, 0x0CAB, 0x0CAB, 0x0CAB, 0x0CAB, 0x0CAB, 0x0CAB, 0x0CAB, 0x0CAB, 0x0CAB, 0x0CAB,
    0x0CAB, 0x0CAB, 0x0CAB, 0x0CAB, 0x0CAB, 0x0CAB, 0x0CAB, 0x0CAB, 0x0CAB, 0x0CAB, 0x0CAB, 0x0CAB, 0x0CAB, 0x0CAB, 0x0CAB, 0x0CAB,
    0x0CAB, 0x0CAB, 0x0CAB, 0x0CAB, 0x0CAB, 0x0CAB, 0x0CAB, 0x0CAB, 0x0CAB, 0x0CAB, 0x0CAB, 0x0CAB, 0x0CAB, 0x0CAB, 0x0CAB, 0x0CAB,
    0x0CAB, 0x0CAB, 0x0CAB, 0x0CAB, 0x0CAB, 0x0CAB, 0x0CAB, 0x0C8B, 0x0C8B, 0x0C8B, 0x0C8B, 0x0C8B, 0x0C8B, 0x0C8B, 0x0C8B, 0x0C8B,
    0x0C8B, 0x0C8B, 0x0C8B, 0x0C8B, 0x0C8B, 0x0C8B, 0x0C8B, 0x046A, 0x9DD5, 0xCE18, 0x24AC, 0x046A, 0x0C6B, 0x0C6B, 0x0C6B, 0x0C6B,
    0x0C6B, 0x0C6B, 0x0C6A, 0x0C6A, 0x0C6A, 0x0C6A, 0x0C6A, 0x0C6A, 0x0C6A, 0x0C4A, 0x0C4A, 0x0C4A, 0x0C4A, 0x0C4A, 0x0C4A, 0x0C4A,
    0x0C4A, 0x0C4A, 0x0429, 0x444D, 0x6C6F, 0x0C2A, 0x0C2A, 0x0C2A, 0x2489, 0x2489, 0x2489, 0x2489, 0x248A, 0x248A, 0x248A, 0x1C8A,
    0x1C8A, 0x1C8A, 0x1CAA, 0x1CAA, 0x1CAA, 0x1CAA, 0x1C8A, 0x1CAA, 0x1CAA, 0x1CAA, 0x1CAA, 0x1CAA, 0x1CAA, 0x1CAA, 0x1CAA, 0x14AA,
    0x14AA, 0x148A, 0x148A, 0x14AA, 0x14AA, 0x14AA, 0x14AA, 0x148A, 0x148A, 0x14AA, 0x148A, 0x148B, 0x14AB, 0x148B, 0x0C8B, 0x0C8B,
    0x0C8B, 0x0C8B, 0x0C8B, 0x0C8B, 0x0C8B, 0x0C8B, 0x0C8B, 0x0C8B, 0x0C8B, 0x0C8B, 0x0C8B, 0x0C8B, 0x0C8B, 0x0CAB, 0x0CAB, 0x0CAB,
    0x0CAB, 0x0CAB, 0x0CAB, 0x0CAB, 0x0CAB, 0x0CAB, 0x0CAB, 0x0CAB, 0x0CAB, 0x0CAB, 0x0CAB, 0x0CAB, 0x0CAB, 0x0CAB, 0x0CAB, 0x0CAB,
    0x0CAB, 0x0CAB, 0x0CAB, 0x0CAB, 0x0CAB, 0x0CAB, 0x0CAB, 0x0CAB, 0x0CAB, 0x0CAB, 0x0CAB, 0x0CAB, 0x0CAB, 0x0CAB, 0x0CAB, 0x0CAB,
    0x0CAB, 0x0CAB, 0x0CAB, 0x0CAB, 0x0CAB, 0x0CAB, 0x0CAB, 0x0CAB, 0x0CAB, 0x0CAB, 0x0CAB, 0x0CAB, 0x0CAB, 0x0CAB, 0x0CAB, 0x0CAB,
    0x0CAB, 0x0CAB, 0x0CAB, 0x0CAB, 0x0CAB, 0x0CAB, 0x0CAB, 0x0CAB, 0x0CAB, 0x0CAB, 0x0CAB, 0x0CAB, 0x0CAB, 0x0CAB, 0x0CAB, 0x0C8B,
    0x0C8B, 0x0C8B, 0x0C8B, 0x0C8B, 0x0C8B, 0x0C8B, 0x0C8B, 0x0C8B, 0x0C8B, 0x0C8B, 0x0C8B, 0x0C8B, 0x0C8B, 0x0C8B, 0x0C8B, 0x0C8B,
    0x0C8B, 0x0C8B, 0x0C8B, 0x046A, 0x6531, 0xDE39, 0x5510, 0x046A, 0x0C8B, 0x0C6B, 0x0C6B, 0x0C6B, 0x0C6A, 0x0C6A, 0x0C6A, 0x0C6A,
    0x0C6A, 0x0C6A, 0x0C6A, 0x0C4A, 0x0C4A, 0x0C4A, 0x0C4A, 0x0C4A, 0x0C4A, 0x0C4A, 0x0C4A, 0x0C4A, 0x0C4A, 0x0429, 0x444D, 0x6C6F,
    0x042A, 0x0C2A, 0x0C2A, 0x0C2A, 0x2489, 0x2489, 0x2489, 0x2489, 0x1C89, 0x1C8A, 0x248A, 0x1C8A, 0x1C8A, 0x1C8A, 0x1C8A, 0x1C8A,
    0x1CAA, 0x1C8A, 0x1C8A, 0x1C8A, 0x1C8A, 0x1C8A, 0x1CAA, 0x1C8A, 0x1C8A, 0x1C8A, 0x148A, 0x148A, 0x14AA, 0x148A, 0x148A, 0x148A,
    0x148A, 0x148A, 0x148A, 0x148A, 0x148A, 0x148A, 0x148B, 0x148B, 0x148B, 0x0C8B, 0x0C8B, 0x0C8B, 0x0C8B, 0x0C8B, 0x0C8B, 0x0C8B,
    0x0C8B, 0x0C8B, 0x0C8B, 0x0C8B, 0x0C8B, 0x0C8B, 0x0C8B, 0x0C8B, 0x0C8B, 0x0C8B, 0x0C8B, 0x0CAB, 0x0C8B, 0x0CAB, 0x0CAB, 0x0CAB,
    0x0CAB, 0x0CAB, 0x0CAB, 0x0CAB, 0x0CAB, 0x0CAB, 0x0CAB, 0x0CAB, 0x0CAB, 0x0CAB, 0x0CAB, 0x0CAB, 0x0CAB, 0x0CAB, 0x0CAB, 0x0CAB,
    0x0CAB, 0x0CAB, 0x0CAB, 0x0CAB, 0x0CAB, 0x0CAB, 0x0CAB, 0x0CAB, 0x0CAB, 0x0CAB, 0x0CAB, 0x0CAB, 0x0CAB, 0x0CAB, 0x0CAB, 0x0CAB,
    0x0CAB, 0x0CAB, 0x0CAB, 0x0CAB, 0x0CAB, 0x0CAB, 0x0CAB, 0x0CAB, 0x0CAB, 0x0CAB, 0x0CAB, 0x0CAB, 0x0CAB, 0x0CAB, 0x0CAB, 0x0CAB,
    0x0CAB, 0x0CAB, 0x0CAB, 0x0CAB, 0x0CAB, 0x0CAB, 0x0CAB, 0x0C8B, 0x0C8B, 0x0C8B, 0x0C8B, 0x0C8B, 0x0C8B, 0x0C8B, 0x0C8B, 0x0C8B,
    0x0C8B, 0x0C8B, 0x0C8B, 0x0C8B, 0x0C8B, 0x0C8B, 0x0C8B, 0x0C8B, 0x0C8B, 0x0C8B, 0x0C8B, 0x0C8B, 0x0C8B, 0x0C8B, 0x0C8B, 0x046A,
    0x2CAD, 0xCDF8, 0x9594, 0x046A, 0x0C6B, 0x0C6B, 0x0C6A, 0x0C6A, 0x0C6A, 0x0C6A, 0x0C6A, 0x0C6A, 0x0C6A, 0x0C6A, 0x0C6A, 0x0C4A,
    0x0C4A, 0x0C4A, 0x0C4A, 0x0C4A, 0x0C4A, 0x0C4A, 0x0C4A, 0x0C4A, 0x0429, 0x444D, 0x6C6F, 0x0C2A, 0x0C2A, 0x0C2A, 0x0C2A, 0x0C2A,
    0x2489, 0x2489, 0x2489, 0x1C89, 0x1C89, 0x1C89, 0x1C8A, 0x1C8A, 0x1C8A, 0x1C8A, 0x1C8A, 0x1C8A, 0x1C8A, 0x1C8A, 0x1C8A, 0x1C8A,
    0x1C8A, 0x1C8A, 0x1C8A, 0x1C8A, 0x1C8A, 0x1C8A, 0x148A, 0x148A, 0x148A, 0x148A, 0x148A, 0x148A, 0x148A, 0x148A, 0x148A, 0x148A,
    0x148A, 0x148A, 0x148A, 0x148B, 0x148B, 0x0C8B, 0x0C8B, 0x0C8B, 0x0C8B, 0x0C8B, 0x0C8B, 0x0C8B, 0x0C8B, 0x0C8B, 0x0C8B, 0x0C8B,
    0x0C8B, 0x0C8B, 0x0C8B, 0x0C8B, 0x0C8B, 0x0C8B, 0x0C8B, 0x0C8B, 0x0C8B, 0x0C8B, 0x0C8B, 0x0C8B, 0x0CAB, 0x0CAB, 0x0CAB, 0x0CAB,
    0x0CAB, 0x0CAB, 0x0CAB, 0x0CAB, 0x0CAB, 0x0CAB, 0x0CAB, 0x0CAB, 0x0CAB, 0x0CAB, 0x0CAB, 0x0CAB, 0x0CAB, 0x0CAB, 0x0CAB, 0x0CAB,
    0x0CAB, 0x0CAB, 0x0CAB, 0x0CAB, 0x0CAB, 0x0CAB, 0x0CAB, 0x0CAB, 0x0CAB, 0x0CAB, 0x0CAB, 0x0CAB, 0x0CAB, 0x0CAB, 0x0CAB, 0x0CAB,
    0x0CAB, 0x0CAB, 0x0CAB, 0x0CAB, 0x0CAB, 0x0CAB, 0x0CAB, 0x0CAB, 0x0CAB, 0x0CAB, 0x0CAB, 0x0CAB, 0x0CAB, 0x0CAB, 0x0CAB, 0x0CAB,
    0x0C8B, 0x0C8B, 0x0C8B, 0x0C8B, 0x0C8B, 0x0C8B, 0x0C8B, 0x0C8B, 0x0C8B, 0x0C8B, 0x0C8B, 0x0C8B, 0x0C8B, 0x0C8B, 0x0C8B, 0x0C8B,
    0x0C8B, 0x0C8B, 0x0C8B, 0x0C8B, 0x0C8B, 0x0C8B, 0x0C8B, 0x0C8B, 0x0C8B, 0x0C6B, 0x0C6B, 0x0C6B, 0x0C6A, 0x9594, 0xC5D7, 0x2CAD,
    0x044A, 0x0C6B, 0x0C6A, 0x0C6A, 0x0C6A, 0x0C6A, 0x0C6A, 0x0C6A, 0x0C6A, 0x0C4A, 0x0C4A, 0x0C4A, 0x0C4A, 0x0C4A, 0x0C4A, 0x0C4A,
    0x0C4A, 0x0C4A, 0x0C4A, 0x0429, 0x544E, 0x5C4F, 0x0C2A, 0x0C2A, 0x0C2A, 0x0C2A, 0x0C2A, 0x0C2A, 0x2469, 0x2489, 0x1C69, 0x1C69,
    0x1C89, 0x1C89, 0x1C89, 0x1C89, 0x1C8A, 0x1C8A, 0x1C8A, 0x1C8A, 0x1C8A, 0x1C8A, 0x1C8A, 0x1C8A, 0x1C8A, 0x1C8A, 0x1C8A, 0x148A,
    0x148A, 0x148A, 0x148A, 0x148A, 0x148A, 0x148A, 0x148A, 0x148A, 0x148A, 0x148A, 0x148A, 0x148A, 0x148A, 0x148A, 0x148A, 0x0C8A,
    0x0C8A, 0x0C8B, 0x0C8B, 0x0C8B, 0x0C8B, 0x0C8B, 0x0C8B, 0x0C8B, 0x0C8B, 0x0C8B, 0x0C8B, 0x0C8B, 0x0C8B, 0x0C8B, 0x0C8B, 0x0C8B,
    0x0C8B, 0x0C8B, 0x0C8B, 0x0C8B, 0x0C8B, 0x0C8B, 0x0C8B, 0x0C8B, 0x0C8B, 0x0C8B, 0x0C8B, 0x0C8B, 0x0C8B, 0x0C8B, 0x0CAB, 0x0CAB,
    0x0CAB, 0x0CAB, 0x0CAB, 0x0CAB, 0x0CAB, 0x0CAB, 0x0CAB, 0x0CAB, 0x0CAB, 0x0CAB, 0x0CAB, 0x0CAB, 0x0CAB, 0x0CAB, 0x0CAB, 0x0CAB,
    0x0CAB, 0x0CAB, 0x0CAB, 0x0CAB, 0x0CAB, 0x0CAB, 0x0CAB, 0x0CAB, 0x0CAB, 0x0CAB, 0x0CAB, 0x0CAB, 0x0CAB, 0x0CAB, 0x0CAB, 0x0CAB,
    0x0CAB, 0x0CAB, 0x0CAB, 0x0CAB, 0x0CAB, 0x0CAB, 0x0C8B, 0x0C8B, 0x0C8B, 0x0C8B, 0x0C8B, 0x0C8B, 0x0C8B, 0x0C8B, 0x0C8B, 0x0C8B,
    0x0C8B, 0x0C8B, 0x0C8B, 0x0C8B, 0x0C8B, 0x0C8B, 0x0C8B, 0x0C8B, 0x0C8B, 0x0C8B, 0x0C8B, 0x0C8B, 0x0C8B, 0x0C8B, 0x0C8B, 0x0C8B,
    0x0C8B, 0x0C8B, 0x0C8B, 0x0C6B, 0x0C6B, 0x0C6B, 0x0C6B, 0x0C6B, 0x046A, 0x4CEF, 0xCDD8, 0x6D31, 0x044A, 0x0C6B, 0x0C6A, 0x0C6A,
    0x0C6A, 0x0C6A, 0x0C4A, 0x0C4A, 0x0C4A, 0x0C4A, 0x0C4A, 0x0C4A, 0x0C4A, 0x0C4A, 0x0C4A, 0x0C4A, 0x0C4A, 0x0C2A, 0x0429, 0x5C4E,
    0x5C4E, 0x0429, 0x0C2A, 0x0C2A, 0x0C2A, 0x0C2A, 0x0C2A, 0x0C2A, 0x1C69, 0x1C69, 0x1C69, 0x1C69, 0x1C69, 0x1C69, 0x1C89, 0x1C89,
    0x1C89, 0x1C8A, 0x1C8A, 0x1C8A, 0x1C8A, 0x1C8A, 0x1C8A, 0x1C8A, 0x1C8A, 0x1C8A, 0x1C8A, 0x148A, 0x148A, 0x148A, 0x148A, 0x148A,
    0x148A, 0x148A, 0x148A, 0x148A, 0x148A, 0x148A, 0x148A, 0x148A, 0x148A, 0x148A, 0x148A, 0x0C8A, 0x0C8A, 0x0C8A, 0x0C8A, 0x0C8B,
    0x0C8B, 0x0C8B, 0x0C8B, 0x0C8B, 0x0C8B, 0x0C8B, 0x0C8B, 0x0C8B, 0x0C8B, 0x0C8B, 0x0C8B, 0x0C8B, 0x0C8B, 0x0C8B, 0x0C8B, 0x0C8B,
    0x0C8B, 0x0C8B, 0x0C8B, 0x0C8B, 0x0C8B, 0x0C8B, 0x0C8B, 0x0C8B, 0x0C8B, 0x0C8B, 0x0C8B, 0x0C8B, 0x0C8B, 0x0C8B, 0x0CAB, 0x0CAB,
    0x0CAB, 0x0CAB, 0x0CAB, 0x0CAB, 0x0CAB, 0x0CAB, 0x0CAB, 0x0CAB, 0x0CAB, 0x0CAB, 0x0CAB, 0x0CAB, 0x0CAB, 0x0CAB, 0x0CAB, 0x0CAB,
    0x0CAB, 0x0CAB, 0x0CAB, 0x0CAB, 0x0CAB, 0x0CAB, 0x0CAB, 0x0CAB, 0x0CAB, 0x0CAB, 0x0CAB, 0x0CAB, 0x0CAB, 0x0CAB, 0x0C8B, 0x0C8B,
    0x0C8B, 0x0C8B, 0x0C8B, 0x0C8B, 0x0C8B, 0x0C8B, 0x0C8B, 0x0C8B, 0x0C8B, 0x0C8B, 0x0C8B, 0x0C8B, 0x0C8B, 0x0C8B, 0x0C8B, 0x0C8B,
    0x0C8B, 0x0C8B, 0x0C8B, 0x0C8B, 0x0C8B, 0x0C8B, 0x0C8B, 0x0C8B, 0x0C8B, 0x0C8B, 0x0C8B, 0x0C8B, 0x0C8B, 0x0C6B, 0x0C6B, 0x0C6B,
    0x0C6B, 0x0C6B, 0x0C6B, 0x0C6B, 0x0C6A, 0x148B, 0xAD95, 0xAD96, 0x1C8C, 0x044A, 0x0C6A, 0x0C6A, 0x0C6A, 0x0C6A, 0x0C4A, 0x0C4A,
    0x0C4A, 0x0C4A, 0x0C4A, 0x0C4A, 0x0C4A, 0x0C4A, 0x0C4A, 0x0C4A, 0x0C2A, 0x0429, 0x5C4E, 0x5C4E, 0x0429, 0x0C2A, 0x0C2A, 0x0C2A,
    0x0C2A, 0x0C2A, 0x0C0A, 0x0C0A, 0x1C69, 0x1C69, 0x1C69, 0x1C69, 0x1C69, 0x1C69, 0x1C69, 0x1C69, 0x1C69, 0x1C6A, 0x1C6A, 0x1C6A,
    0x1C6A, 0x1C6A, 0x1C8A, 0x1C8A, 0x1C8A, 0x146A, 0x146A, 0x148A, 0x148A, 0x148A, 0x148A, 0x146A, 0x146A, 0x148A, 0x146A, 0x148A,
    0x148A, 0x146A, 0x146A, 0x146A, 0x146A, 0x0C6A, 0x0C8A, 0x0C6A, 0x0C6A, 0x0C6A, 0x0C6A, 0x0C6A, 0x0C6B, 0x0C6B, 0x0C8B, 0x0C8B,
    0x0C8B, 0x0C8B, 0x0C8B, 0x0C8B, 0x0C8B, 0x0C8B, 0x0C8B, 0x0C8B, 0x0C8B, 0x0C8B, 0x0C8B, 0x0C8B, 0x0C8B, 0x0C8B, 0x0C8B, 0x0C8B,
    0x0C8B, 0x0C8B, 0x0C8B, 0x0C8B, 0x0C8B, 0x0C8B, 0x0C8B, 0x0C8B, 0x0C8B, 0x0C8B, 0x0C8B, 0x0C8B, 0x0C8B, 0x0C8B, 0x0C8B, 0x0C8B,
    0x0C8B, 0x0C8B, 0x0C8B, 0x0C8B, 0x0C8B, 0x0C8B, 0x0C8B, 0x0C8B, 0x0C8B, 0x0C8B, 0x0C8B, 0x0C8B, 0x0C8B, 0x0C8B, 0x0C8B, 0x0C8B,
    0x0C8B, 0x0C8B, 0x0C8B, 0x0C8B, 0x0C8B, 0x0C8B, 0x0C8B, 0x0C8B, 0x0C8B, 0x0C8B, 0x0C8B, 0x0C8B, 0x0C8B, 0x0C8B, 0x0C8B, 0x0C8B,
    0x0C8B, 0x0C8B, 0x0C8B, 0x0C8B, 0x0C8B, 0x0C8B, 0x0C8B, 0x0C8B, 0x0C8B, 0x0C8B, 0x0C8B, 0x0C8B, 0x0C8B, 0x0C8B, 0x0C8B, 0x0C8B,
    0x0C8B, 0x0C8B, 0x0C8B, 0x0C8B, 0x0C8B, 0x0C8B, 0x0C6B, 0x0C6B, 0x0C6B, 0x0C6B, 0x0C6B, 0x0C6B, 0x0C6B, 0x0C6B, 0x0C6B, 0x0C6A,
    0x0C6B, 0x044A, 0x5CF0, 0xCDB7, 0x64F0, 0x0449, 0x146B, 0x0C4A, 0x0C4A, 0x0C4A, 0x0C4A, 0x0C4A, 0x0C4A, 0x0C4A, 0x0C4A, 0x0C4A,
    0x0C4A, 0x0C4A, 0x0C4A, 0x0C2A, 0x0429, 0x544E, 0x544E, 0x0429, 0x0C2A, 0x0C2A, 0x0C2A, 0x0C2A, 0x0C2A, 0x0C0A, 0x0C0A, 0x0C0A,
    0x1C69, 0x1C69, 0x1C69, 0x1C69, 0x1C69, 0x1C69, 0x1C69, 0x1C69, 0x1C6A, 0x1C6A, 0x1C6A, 0x1C6A, 0x1C6A, 0x1C6A, 0x1C6A, 0x1C6A,
    0x1C6A, 0x146A, 0x146A, 0x146A, 0x146A, 0x146A, 0x146A, 0x146A, 0x146A, 0x146A, 0x146A, 0x146A, 0x146A, 0x146A, 0x0C6A, 0x146A,
    0x0C6A, 0x0C6A, 0x0C6A, 0x0C6A, 0x0C6A, 0x0C6A, 0x0C6A, 0x0C6B, 0x0C6B, 0x0C6B, 0x0C6B, 0x0C6B, 0x0C8B, 0x0C8B, 0x0C8B, 0x0C8B,
    0x0C8B, 0x0C8B, 0x0C8B, 0x0C8B, 0x0C8B, 0x0C8B, 0x0C8B, 0x0C8B, 0x0C8B, 0x0C8B, 0x0C8B, 0x0C8B, 0x0C8B, 0x0C8B, 0x0C8B, 0x0C8B,
    0x0C8B, 0x0C8B, 0x0C8B, 0x0C8B, 0x0C8B, 0x0C8B, 0x0C8B, 0x0C8B, 0x0C8B, 0x0C8B, 0x0C8B, 0x0C8B, 0x0C8B, 0x0C8B, 0x0C8B, 0x0C8B,
    0x0C8B, 0x0C8B, 0x0C8B, 0x0C8B, 0x0C8B, 0x0C8B, 0x0C8B, 0x0C8B, 0x0C8B, 0x0C8B, 0x0C8B, 0x0C8B, 0x0C8B, 0x0C8B, 0x0C8B, 0x0C8B,
    0x0C8B, 0x0C8B, 0x0C8B, 0x0C8B, 0x0C8B, 0x0C8B, 0x0C8B, 0x0C8B, 0x0C8B, 0x0C8B, 0x0C8B, 0x0C8B, 0x0C8B, 0x0C8B, 0x0C8B, 0x0C8B,
    0x0C8B, 0x0C8B, 0x0C8B, 0x0C8B, 0x0C8B, 0x0C8B, 0x0C8B, 0x0C8B, 0x0C8B, 0x0C8B, 0x0C8B, 0x0C8B, 0x0C8B, 0x0C8B, 0x0C8B, 0x0C8B,
    0x0C6B, 0x0C6B, 0x0C6B, 0x0C6B, 0x0C6B, 0x0C6B, 0x0C6B, 0x0C6A, 0x0C6A, 0x0C6A, 0x0C6A, 0x0C6A, 0x0C6B, 0x0C6A, 0x1C6B, 0xA575,
    0xAD75, 0x1C6B, 0x044A, 0x0C4A, 0x0C4A, 0x0C4A, 0x0C4A, 0x0C4A, 0x0C4A, 0x0C4A, 0x0C4A, 0x0C4A, 0x0C4A, 0x0C2A, 0x0C2A, 0x0429,
    0x544E, 0x544E, 0x0429, 0x0C2A, 0x0C2A, 0x0C2A, 0x0C2A, 0x0C2A, 0x0C0A, 0x0C0A, 0x0C0A, 0x0C0A, 0x1C69, 0x1C49, 0x1C69, 0x1C69,
    0x1C69, 0x1C69, 0x1C69, 0x1C69, 0x1C69, 0x1C69, 0x1C6A, 0x1C6A, 0x1C6A, 0x1C6A, 0x1C6A, 0x146A, 0x146A, 0x146A, 0x146A, 0x146A,
    0x146A, 0x146A, 0x146A, 0x146A, 0x146A, 0x146A, 0x146A, 0x146A, 0x146A, 0x146A, 0x0C6A, 0x0C6A, 0x0C6A, 0x0C6A, 0x0C6A, 0x0C6A,
    0x0C6A, 0x0C6A, 0x0C6B, 0x0C6B, 0x0C6B, 0x0C6B, 0x0C6B, 0x0C6B, 0x0C6B, 0x0C6B, 0x0C6B, 0x0C8B, 0x0C8B, 0x0C8B, 0x0C8B, 0x0C8B,
    0x0C8B, 0x0C8B, 0x0C8B, 0x0C8B, 0x0C8B, 0x0C8B, 0x0C8B, 0x0C8B, 0x0C8B, 0x0C8B, 0x0C8B, 0x0C8B, 0x0C8B, 0x0C8B, 0x0C8B, 0x0C8B,
    0x0C8B, 0x0C8B, 0x0C8B, 0x0C8B, 0x0C8B, 0x0C8B, 0x0C8B, 0x0C8B, 0x0C8B, 0x0C8B, 0x0C8B, 0x0C8B, 0x0C8B, 0x0C8B, 0x0C8B, 0x0C8B,
    0x0C8B, 0x0C8B, 0x0C8B, 0x0C8B, 0x0C8B, 0x0C8B, 0x0C8B, 0x0C8B, 0x0C8B, 0x0C8B, 0x0C8B, 0x0C8B, 0x0C8B, 0x0C8B, 0x0C8B, 0x0C8B,
    0x0C8B, 0x0C8B, 0x0C8B, 0x0C8B, 0x0C8B, 0x0C8B, 0x0C8B, 0x0C8B, 0x0C8B, 0x0C8B, 0x0C8B, 0x0C8B, 0x0C8B, 0x0C8B, 0x0C8B, 0x0C8B,
    0x0C8B, 0x0C8B, 0x0C8B, 0x0C8B, 0x0C8B, 0x0C8B, 0x0C8B, 0x0C8B, 0x0C8B, 0x0C6B, 0x0C6B, 0x0C6B, 0x0C6B, 0x0C6B, 0x0C6B, 0x0C6B,
    0x0C6B, 0x0C6B, 0x0C6A, 0x0C6A, 0x0C6A, 0x0C6A, 0x0C6A, 0x0C6A, 0x0C6A, 0x0C6A, 0x0449, 0x5CF0, 0xC576, 0x64D0, 0x0449, 0x0C4A,
    0x0C4A, 0x0C4A, 0x0C4A, 0x0C4A, 0x0C4A, 0x0C4A, 0x0C4A, 0x0C2A, 0x0C2A, 0x0C2A, 0x0429, 0x544E, 0x542E, 0x0429, 0x0C2A, 0x0C2A,
    0x0C2A, 0x0C2A, 0x0C2A, 0x0C0A, 0x0C0A, 0x0C0A, 0x0C0A, 0x0C0A, 0x1C49, 0x1C49, 0x1C49, 0x1C49, 0x1C49, 0x1C69, 0x1C69, 0x1C69,
    0x1C49, 0x1C69, 0x1C69, 0x1C69, 0x146A, 0x146A, 0x146A, 0x146A, 0x146A, 0x146A, 0x146A, 0x146A, 0x146A, 0x146A, 0x146A, 0x146A,
    0x146A, 0x146A, 0x146A, 0x146A, 0x0C6A, 0x0C6A, 0x0C6A, 0x0C6A, 0x0C6A, 0x0C6A, 0x0C6A, 0x0C6A, 0x0C6A, 0x0C6A, 0x0C6A, 0x0C6A,
    0x0C6A, 0x0C6B, 0x0C6B, 0x0C6B, 0x0C6B, 0x0C6B, 0x0C6B, 0x0C6B, 0x0C6B, 0x0C6B, 0x0C6B, 0x0C8B, 0x0C8B, 0x0C8B, 0x0C8B, 0x0C8B,
    0x0C8B, 0x0C8B, 0x0C8B, 0x0C8B, 0x0C8B, 0x0C8B, 0x0C8B, 0x0C8B, 0x0C8B, 0x0C8B, 0x0C8B, 0x0C8B, 0x0C8B, 0x0C8B, 0x0C8B, 0x0C8B,
    0x0C8B, 0x0C8B, 0x0C8B, 0x0C8B, 0x0C8B, 0x0C8B, 0x0C8B, 0x0C8B, 0x0C8B, 0x0C8B, 0x0C8B, 0x0C8B, 0x0C8B, 0x0C8B, 0x0C8B, 0x0C8B,
    0x0C8B, 0x0C8B, 0x0C8B, 0x0C8B, 0x0C8B, 0x0C8B, 0x0C8B, 0x0C8B, 0x0C8B, 0x0C8B, 0x0C8B, 0x0C8B, 0x0C8B, 0x0C8B, 0x0C8B, 0x0C8B,
    0x0C8B, 0x0C8B, 0x0C8B, 0x0C8B, 0x0C8B, 0x0C8B, 0x0C8B, 0x0C8B, 0x0C8B, 0x0C8B, 0x0C8B, 0x0C8B, 0x0C8B, 0x0C8B, 0x0C8B, 0x0C8B,
    0x0C8B, 0x0C8B, 0x0C6B, 0x0C6B, 0x0C6B, 0x0C6B, 0x0C6B, 0x0C6B, 0x0C6B, 0x0C6B, 0x0C6B, 0x0C6A, 0x0C6A, 0x0C6A, 0x0C6A, 0x0C6A,
    0x0C6A, 0x0C6A, 0x0C6A, 0x0C6A, 0x0C6A, 0x0C4A, 0x0C4A, 0x146B, 0x9533, 0xAD55, 0x2C6C, 0x044A, 0x0C4A, 0x0C4A, 0x0C4A, 0x0C4A,
    0x0C4A, 0x0C2A, 0x0C2A, 0x0C2A, 0x0C2A, 0x0429, 0x544E, 0x542E, 0x0429, 0x0C2A, 0x0C2A, 0x0C2A, 0x0C2A, 0x0C0A, 0x0C0A, 0x0C0A,
    0x0C0A, 0x0C0A, 0x0C09, 0x0C09, 0x1C49, 0x1C49, 0x1C49, 0x1C49, 0x1C49, 0x1C49, 0x1C49, 0x1C49, 0x1C49, 0x1C49, 0x1C49, 0x1C49,
    0x1469, 0x1469, 0x146A, 0x146A, 0x146A, 0x146A, 0x146A, 0x146A, 0x146A, 0x146A, 0x146A, 0x146A, 0x146A, 0x146A, 0x146A, 0x146A,
    0x0C6A, 0x0C6A, 0x0C6A, 0x0C6A, 0x0C6A, 0x0C6A, 0x0C6A, 0x0C6A, 0x0C6A, 0x0C6A, 0x0C6A, 0x0C6A, 0x0C6A, 0x0C6A, 0x0C6A, 0x0C6B,
    0x0C6B, 0x0C6B, 0x0C6B, 0x0C6B, 0x0C6B, 0x0C6B, 0x0C6B, 0x0C6B, 0x0C6B, 0x0C8B, 0x0C8B, 0x0C8B, 0x0C8B, 0x0C8B, 0x0C8B, 0x0C8B,
    0x0C8B, 0x0C8B, 0x0C8B, 0x0C8B, 0x0C8B, 0x0C8B, 0x0C8B, 0x0C8B, 0x0C8B, 0x0C8B, 0x0C8B, 0x0C8B, 0x0C8B, 0x0C8B, 0x0C8B, 0x0C8B,
    0x0C8B, 0x0C8B, 0x0C8B, 0x0C8B, 0x0C8B, 0x0C8B, 0x0C8B, 0x0C8B, 0x0C8B, 0x0C8B, 0x0C8B, 0x0C8B, 0x0C8B, 0x0C8B, 0x0C8B, 0x0C8B,
    0x0C8B, 0x0C8B, 0x0C8B, 0x0C8B, 0x0C8B, 0x0C8B, 0x0C8B, 0x0C8B, 0x0C8B, 0x0C8B, 0x0C8B, 0x0C8B, 0x0C8B, 0x0C8B, 0x0C8B, 0x0C8B,
    0x0C8B, 0x0C8B, 0x0C8B, 0x0C8B, 0x0C8B, 0x0C8B, 0x0C8B, 0x0C8B, 0x0C8B, 0x0C8B, 0x0C8B, 0x0C6B, 0x0C6B, 0x0C6B, 0x0C6B, 0x0C6B,
    0x0C6B, 0x0C6B, 0x0C6B, 0x0C6B, 0x0C6B, 0x0C6B, 0x0C6A, 0x0C6A, 0x0C6A, 0x0C6A, 0x0C6A, 0x0C6A, 0x0C6A, 0x0C6A, 0x0C6A, 0x0C6A,
    0x0C4A, 0x0C4A, 0x0C4A, 0x0449, 0x3C8E, 0xB535, 0x84F2, 0x0C4A, 0x0C4A, 0x0C4A, 0x0C4A, 0x0C4A, 0x0C2A, 0x0C2A, 0x0C2A, 0x0C2A,
    0x0429, 0x542E, 0x542E, 0x0429, 0x0C2A, 0x0C2A, 0x0C2A, 0x0C0A, 0x0C0A, 0x0C0A, 0x0C0A, 0x0C0A, 0x0C0A, 0x0C09, 0x0C09, 0x0C09,
    0x1C49, 0x1C49, 0x1C49, 0x1C49, 0x1C49, 0x1C49, 0x1C49, 0x1C49, 0x1C49, 0x1C49, 0x1449, 0x1449, 0x1449, 0x144A, 0x144A, 0x144A,
    0x144A, 0x144A, 0x144A, 0x144A, 0x144A, 0x144A, 0x144A, 0x144A, 0x144A, 0x144A, 0x146A, 0x0C4A, 0x0C4A, 0x0C4A, 0x0C4A, 0x0C4A,
    0x0C4A, 0x0C4A, 0x0C4A, 0x0C6A, 0x0C6A, 0x0C6A, 0x0C6A, 0x0C6A, 0x0C6A, 0x0C6A, 0x0C6A, 0x0C6A, 0x0C6A, 0x0C6A, 0x0C6B, 0x0C6B,
    0x0C6B, 0x0C6B, 0x0C6B, 0x0C6B, 0x0C6B, 0x0C6B, 0x0C6B, 0x0C6B, 0x0C6B, 0x0C6B, 0x0C8B, 0x0C8B, 0x0C8B, 0x0C8B, 0x0C8B, 0x0C8B,
    0x0C8B, 0x0C8B, 0x0C8B, 0x0C8B, 0x0C8B, 0x0C8B, 0x0C8B, 0x0C8B, 0x0C8B, 0x0C8B, 0x0C8B, 0x0C8B, 0x0C8B, 0x0C8B, 0x0C8B, 0x0C8B,
    0x0C8B, 0x0C8B, 0x0C8B, 0x0C8B, 0x0C8B, 0x0C8B, 0x0C8B, 0x0C8B, 0x0C8B, 0x0C8B, 0x0C8B, 0x0C8B, 0x0C8B, 0x0C8B, 0x0C8B, 0x0C8B,
    0x0C8B, 0x0C8B, 0x0C8B, 0x0C8B, 0x0C8B, 0x0C8B, 0x0C8B, 0x0C8B, 0x0C8B, 0x0C8B, 0x0C8B, 0x0C8B, 0x0C8B, 0x0C8B, 0x0C8B, 0x0C8B,
    0x0C8B, 0x0C8B, 0x0C8B, 0x0C6B, 0x0C6B, 0x0C6B, 0x0C6B, 0x0C6B, 0x0C6B, 0x0C6B, 0x0C6B, 0x0C6B, 0x0C6B, 0x0C6B, 0x0C6A, 0x0C6A,
    0x0C6A, 0x0C6A, 0x0C6A, 0x0C6A, 0x0C6A, 0x0C6A, 0x0C6A, 0x0C6A, 0x0C6A, 0x0C4A, 0x0C4A, 0x0C4A, 0x0C4A, 0x0C4A, 0x0C4A, 0x0C4A,
    0x044A, 0x74D1, 0xB535, 0x548F, 0x0429, 0x0C4A, 0x0C2A, 0x0C2A, 0x0C2A, 0x0C2A, 0x0C2A, 0x0429, 0x542E, 0x542E, 0x0429, 0x0C2A,
    0x0C2A, 0x0C2A, 0x0C0A, 0x0C0A, 0x0C0A, 0x0C0A, 0x0C0A, 0x0C0A, 0x0C09, 0x0C09, 0x0BE9, 0x0BE9, 0x1C29, 0x1C49, 0x1C49, 0x1C49,
    0x1C49, 0x1C49, 0x1C49, 0x1449, 0x1C49, 0x1C49, 0x1449, 0x1449, 0x1449, 0x144A, 0x144A, 0x144A, 0x144A, 0x144A, 0x144A, 0x144A,
    0x144A, 0x144A, 0x144A, 0x144A, 0x144A, 0x0C4A, 0x0C4A, 0x0C4A, 0x0C4A, 0x0C4A, 0x0C4A, 0x0C4A, 0x0C4A, 0x0C4A, 0x0C4A, 0x0C4A,
    0x0C4A, 0x0C6A, 0x0C6A, 0x0C6A, 0x0C6A, 0x0C6A, 0x0C6A, 0x0C6A, 0x0C6A, 0x0C6A, 0x0C6A, 0x0C6A, 0x0C6A, 0x0C6A, 0x0C6B, 0x0C6B,
    0x0C6B, 0x0C6B, 0x0C6B, 0x0C6B, 0x0C6B, 0x0C6B, 0x0C6B, 0x0C6B, 0x0C6B, 0x0C6B, 0x0C8B, 0x0C8B, 0x0C8B, 0x0C8B, 0x0C8B, 0x0C8B,
    0x0C8B, 0x0C8B, 0x0C8B, 0x0C8B, 0x0C8B, 0x0C8B, 0x0C8B, 0x0C8B, 0x0C8B, 0x0C8B, 0x0C8B, 0x0C8B, 0x0C8B, 0x0C8B, 0x0C8B, 0x0C8B,
    0x0C8B, 0x0C8B, 0x0C8B, 0x0C8B, 0x0C8B, 0x0C8B, 0x0C8B, 0x0C8B, 0x0C8B, 0x0C8B, 0x0C8B, 0x0C8B, 0x0C8B, 0x0C8B, 0x0C8B, 0x0C8B,
    0x0C8B, 0x0C8B, 0x0C8B, 0x0C8B, 0x0C8B, 0x0C8B, 0x0C8B, 0x0C8B, 0x0C8B, 0x0C8B, 0x0C6B, 0x0C6B, 0x0C6B, 0x0C6B, 0x0C6B, 0x0C6B,
    0x0C6B, 0x0C6B, 0x0C6B, 0x0C6B, 0x0C6B, 0x0C6B, 0x0C6A, 0x0C6A, 0x0C6A, 0x0C6A, 0x0C6A, 0x0C6A, 0x0C6A, 0x0C6A, 0x0C6A, 0x0C6A,
    0x0C6A, 0x0C6A, 0x0C6A, 0x0C4A, 0x0C4A, 0x0C4A, 0x0C4A, 0x0C4A, 0x0C4A, 0x0C4A, 0x0C4A, 0x0C4A, 0x042A, 0x1C4B, 0x9CF3, 0xA4F4,
    0x2C6C, 0x0429, 0x0C2A, 0x0C2A, 0x0C2A, 0x0C2A, 0x0429, 0x542E, 0x542E, 0x0429, 0x0C2A, 0x0C2A, 0x0C2A, 0x0C0A, 0x0C0A, 0x0C0A,
    0x0C0A, 0x0C0A, 0x0C0A, 0x0C09, 0x0BE9, 0x0BE9, 0x0BE9, 0x0BE9, 0x1C29, 0x1C29, 0x1C29, 0x1C49, 0x1C49, 0x1C49, 0x1C49, 0x1449,
    0x1449, 0x1449, 0x1449, 0x1449, 0x1449, 0x1449, 0x144A, 0x144A, 0x144A, 0x144A, 0x144A, 0x144A, 0x144A, 0x144A, 0x144A, 0x144A,
    0x144A, 0x0C4A, 0x0C4A, 0x0C4A, 0x0C4A, 0x0C4A, 0x0C4A, 0x0C4A, 0x0C4A, 0x0C4A, 0x0C4A, 0x0C4A, 0x0C4A, 0x0C4A, 0x0C4A, 0x0C4A,
    0x0C6A, 0x0C6A, 0x0C6A, 0x0C6A, 0x0C6A, 0x0C6A, 0x0C6A, 0x0C6A, 0x0C6A, 0x0C6A, 0x0C6A, 0x0C6A, 0x0C6B, 0x0C6B, 0x0C6B, 0x0C6B,
    0x0C6B, 0x0C6B, 0x0C6B, 0x0C6B, 0x0C6B, 0x0C6B, 0x0C6B, 0x0C6B, 0x0C6B, 0x0C6B, 0x0C6B, 0x0C8B, 0x0C8B, 0x0C8B, 0x0C8B, 0x0C8B,
    0x0C8B, 0x0C8B, 0x0C8B, 0x0C8B, 0x0C8B, 0x0C8B, 0x0C8B, 0x0C8B, 0x0C8B, 0x0C8B, 0x0C8B, 0x0C8B, 0x0C8B, 0x0C8B, 0x0C8B, 0x0C8B,
    0x0C8B, 0x0C8B, 0x0C8B, 0x0C8B, 0x0C8B, 0x0C8B, 0x0C8B, 0x0C8B, 0x0C8B, 0x0C8B, 0x0C8B, 0x0C8B, 0x0C8B, 0x0C8B, 0x0C8B, 0x0C8B,
    0x0C8B, 0x0C6B, 0x0C6B, 0x0C6B, 0x0C6B, 0x0C6B, 0x0C6B, 0x0C6B, 0x0C6B, 0x0C6B, 0x0C6B, 0x0C6B, 0x0C6B, 0x0C6B, 0x0C6B, 0x0C6B,
    0x0C6A, 0x0C6A, 0x0C6A, 0x0C6A, 0x0C6A, 0x0C6A, 0x0C6A, 0x0C6A, 0x0C6A, 0x0C6A, 0x0C6A, 0x0C6A, 0x0C6A, 0x0C4A, 0x0C4A, 0x0C4A,
    0x0C4A, 0x0C4A, 0x0C4A, 0x0C4A, 0x0C4A, 0x0C4A, 0x0C4A, 0x0C4A, 0x0C4A, 0x0429, 0x346D, 0xA4F4, 0x8CD2, 0x144B, 0x042A, 0x0C2A,
    0x0C2A, 0x0429, 0x542E, 0x542E, 0x0429, 0x0C2A, 0x0C0A, 0x0C0A, 0x0C0A, 0x0C0A, 0x0C0A, 0x0C0A, 0x0C0A, 0x0C09, 0x0C09, 0x0C09,
    0x0BE9, 0x0BE9, 0x0BE9, 0x0BE9, 0x1C29, 0x1C29, 0x1C29, 0x1C29, 0x1C29, 0x1429, 0x1429, 0x1429, 0x1429, 0x1429, 0x1429, 0x1449,
    0x1449, 0x1449, 0x1449, 0x144A, 0x144A, 0x144A, 0x144A, 0x144A, 0x144A, 0x144A, 0x144A, 0x0C4A, 0x0C4A, 0x0C4A, 0x0C4A, 0x0C4A,
    0x0C4A, 0x0C4A, 0x0C4A, 0x0C4A, 0x0C4A, 0x0C4A, 0x0C4A, 0x0C4A, 0x0C4A, 0x0C4A, 0x0C4A, 0x0C4A, 0x0C4A, 0x0C4A, 0x0C4A, 0x0C6A,
    0x0C6A, 0x0C6A, 0x0C6A, 0x0C6A, 0x0C6A, 0x0C6A, 0x0C6A, 0x0C6A, 0x0C6A, 0x0C6A, 0x0C6A, 0x0C6A, 0x0C6A, 0x0C6B, 0x0C6B, 0x0C6B,
    0x0C6B, 0x0C6B, 0x0C6B, 0x0C6B, 0x0C6B, 0x0C6B, 0x0C6B, 0x0C6B, 0x0C6B, 0x0C6B, 0x0C6B, 0x0C6B, 0x0C6B, 0x0C6B, 0x0C6B, 0x0C6B,
    0x0C6B, 0x0C6B, 0x0C8B, 0x0C8B, 0x0C8B, 0x0C8B, 0x0C8B, 0x0C8B, 0x0C8B, 0x0C8B, 0x0C8B, 0x0C8B, 0x0C8B, 0x0C8B, 0x0C8B, 0x0C8B,
    0x0C8B, 0x0C8B, 0x0C8B, 0x0C6B, 0x0C6B, 0x0C6B, 0x0C6B, 0x0C6B, 0x0C6B, 0x0C6B, 0x0C6B, 0x0C6B, 0x0C6B, 0x0C6B, 0x0C6B, 0x0C6B,
    0x0C6B, 0x0C6B, 0x0C6B, 0x0C6B, 0x0C6B, 0x0C6B, 0x0C6B, 0x0C6A, 0x0C6A, 0x0C6A, 0x0C6A, 0x0C6A, 0x0C6A, 0x0C6A, 0x0C6A, 0x0C6A,
    0x0C6A, 0x0C6A, 0x0C6A, 0x0C6A, 0x0C6A, 0x0C4A, 0x0C4A, 0x0C4A, 0x0C4A, 0x0C4A, 0x0C4A, 0x0C4A, 0x0C4A, 0x0C4A, 0x0C4A, 0x0C4A,
    0x0C4A, 0x0C4A, 0x0C4A, 0x0C2A, 0x0C2A, 0x0C2A, 0x0429, 0x548F, 0xACD4, 0x7490, 0x0C2A, 0x0C2A, 0x0429, 0x542E, 0x542E, 0x0429,
    0x0C2A, 0x0C0A, 0x0C0A, 0x0C0A, 0x0C0A, 0x0C0A, 0x0C0A, 0x0C09, 0x0C09, 0x0C09, 0x0BE9, 0x0BE9, 0x0BE9, 0x0BE9, 0x0BE9, 0x0BE9,
    0x1C29, 0x1C29, 0x1C29, 0x1C29, 0x1C29, 0x1429, 0x1429, 0x1429, 0x1429, 0x1429, 0x1429, 0x1429, 0x1429, 0x1429, 0x1429, 0x1429,
    0x1429, 0x142A, 0x142A, 0x144A, 0x142A, 0x142A, 0x144A, 0x0C2A, 0x0C4A, 0x0C4A, 0x0C4A, 0x0C4A, 0x0C2A, 0x0C2A, 0x0C4A, 0x0C4A,
    0x0C4A, 0x0C4A, 0x0C4A, 0x0C4A, 0x0C4A, 0x0C4A, 0x0C4A, 0x0C4A, 0x0C4A, 0x0C4A, 0x0C4A, 0x0C4A, 0x0C4A, 0x0C6A, 0x0C6A, 0x0C6A,
    0x0C6A, 0x0C6A, 0x0C6A, 0x0C6A, 0x0C6A, 0x0C6A, 0x0C6A, 0x0C6A, 0x0C6A, 0x0C6A, 0x0C6A, 0x0C6A, 0x0C6B, 0x0C6B, 0x0C6B, 0x0C6B,
    0x0C6B, 0x0C6B, 0x0C6B, 0x0C6B, 0x0C6B, 0x0C6B, 0x0C6B, 0x0C6B, 0x0C6B, 0x0C6B, 0x0C6B, 0x0C6B, 0x0C6B, 0x0C6B, 0x0C6B, 0x0C6B,
    0x0C6B, 0x0C6B, 0x0C6B, 0x0C6B, 0x0C6B, 0x0C6B, 0x0C6B, 0x0C6B, 0x0C6B, 0x0C6B, 0x0C6B, 0x0C6B, 0x0C6B, 0x0C6B, 0x0C6B, 0x0C6B,
    0x0C6B, 0x0C6B, 0x0C6B, 0x0C6B, 0x0C6B, 0x0C6B, 0x0C6B, 0x0C6B, 0x0C6B, 0x0C6B, 0x0C6B, 0x0C6B, 0x0C6B, 0x0C6B, 0x0C6B, 0x0C6B,
    0x0C6B, 0x0C6A, 0x0C6A, 0x0C6A, 0x0C6A, 0x0C6A, 0x0C6A, 0x0C6A, 0x0C6A, 0x0C6A, 0x0C6A, 0x0C6A, 0x0C6A, 0x0C6A, 0x0C6A, 0x0C4A,
    0x0C4A, 0x0C4A, 0x0C4A, 0x0C4A, 0x0C4A, 0x0C4A, 0x0C4A, 0x0C4A, 0x0C4A, 0x0C4A, 0x0C4A, 0x0C4A, 0x0C4A, 0x0C4A, 0x0C2A, 0x0C2A,
    0x0C2A, 0x0C2A, 0x0C2A, 0x0C2A, 0x6C90, 0xA4B3, 0x6C70, 0x0C29, 0x542E, 0x542E, 0x0429, 0x0C0A, 0x0C0A, 0x0C0A, 0x0C0A, 0x0C0A,
    0x0C0A, 0x0C0A, 0x0C09, 0x0C09, 0x0C09, 0x0BE9, 0x0BE9, 0x0BE9, 0x0BE9, 0x0BE9, 0x0BE9, 0x0BE9, 0x1C29, 0x1429, 0x1C29, 0x1C29,
    0x1429, 0x1429, 0x1429, 0x1429, 0x1429, 0x1429, 0x1429, 0x1429, 0x1429, 0x1429, 0x1429, 0x1429, 0x1429, 0x1429, 0x1429, 0x142A,
    0x0C2A, 0x0C2A, 0x0C2A, 0x0C2A, 0x0C2A, 0x0C2A, 0x0C2A, 0x0C2A, 0x0C2A, 0x0C2A, 0x0C2A, 0x0C2A, 0x0C4A, 0x0C4A, 0x0C4A, 0x0C4A,
    0x0C4A, 0x0C4A, 0x0C4A, 0x0C4A, 0x0C4A, 0x0C4A, 0x0C4A, 0x0C4A, 0x0C4A, 0x0C4A, 0x0C4A, 0x0C4A, 0x0C6A, 0x0C6A, 0x0C6A, 0x0C6A,
    0x0C6A, 0x0C6A, 0x0C6A, 0x0C6A, 0x0C6A, 0x0C6A, 0x0C6A, 0x0C6A, 0x0C6A, 0x0C6A, 0x0C6A, 0x0C6A, 0x0C6A, 0x0C6A, 0x0C6B, 0x0C6B,
    0x0C6B, 0x0C6B, 0x0C6B, 0x0C6B, 0x0C6B, 0x0C6B, 0x0C6B, 0x0C6B, 0x0C6B, 0x0C6B, 0x0C6B, 0x0C6B, 0x0C6B, 0x0C6B, 0x0C6B, 0x0C6B,
    0x0C6B, 0x0C6B, 0x0C6B, 0x0C6B, 0x0C6B, 0x0C6B, 0x0C6B, 0x0C6B, 0x0C6B, 0x0C6B, 0x0C6B, 0x0C6B, 0x0C6B, 0x0C6B, 0x0C6B, 0x0C6B,
    0x0C6B, 0x0C6B, 0x0C6B, 0x0C6B, 0x0C6B, 0x0C6B, 0x0C6A, 0x0C6A, 0x0C6A, 0x0C6A, 0x0C6A, 0x0C6A, 0x0C6A, 0x0C6A, 0x0C6A, 0x0C6A,
    0x0C6A, 0x0C6A, 0x0C6A, 0x0C6A, 0x0C6A, 0x0C6A, 0x0C6A, 0x0C6A, 0x0C4A, 0x0C4A, 0x0C4A, 0x0C4A, 0x0C4A, 0x0C4A, 0x0C4A, 0x0C4A,
    0x0C4A, 0x0C4A, 0x0C4A, 0x0C4A, 0x0C4A, 0x0C4A, 0x0C4A, 0x0C4A, 0x0C2A, 0x0C2A, 0x0C2A, 0x0C2A, 0x0C2A, 0x0C2A, 0x0C2A, 0x0C2A,
    0x0C2A, 0x7C91, 0x9C92, 0x6C2F, 0x440D, 0x0429, 0x0C0A, 0x0C0A, 0x0C0A, 0x0C0A, 0x0C0A, 0x0C0A, 0x0C09, 0x0C09, 0x0C09, 0x0BE9,
    0x0BE9, 0x0BE9, 0x0BE9, 0x0BE9, 0x0BE9, 0x0BE9, 0x0BE9, 0x0BE9, 0x1409, 0x1409, 0x1429, 0x1409, 0x1429, 0x1429, 0x1429, 0x1429,
    0x1429, 0x1429, 0x1429, 0x1429, 0x1429, 0x1429, 0x1429, 0x1429, 0x1429, 0x1429, 0x0C2A, 0x0C2A, 0x0C2A, 0x0C2A, 0x0C2A, 0x0C2A,
    0x0C2A, 0x0C2A, 0x0C2A, 0x0C2A, 0x0C2A, 0x0C2A, 0x0C2A, 0x0C2A, 0x0C2A, 0x0C2A, 0x0C2A, 0x0C4A, 0x0C4A, 0x0C4A, 0x0C4A, 0x0C4A,
    0x0C4A, 0x0C4A, 0x0C4A, 0x0C4A, 0x0C4A, 0x0C4A, 0x0C4A, 0x0C4A, 0x0C4A, 0x0C4A, 0x0C6A, 0x0C6A, 0x0C6A, 0x0C6A, 0x0C6A, 0x0C6A,
    0x0C6A, 0x0C6A, 0x0C6A, 0x0C6A, 0x0C6A, 0x0C6A, 0x0C6A, 0x0C6A, 0x0C6A, 0x0C6A, 0x0C6A, 0x0C6A, 0x0C6A, 0x0C6A, 0x0C6A, 0x0C6A,
    0x0C6A, 0x0C6A, 0x0C6A, 0x0C6A, 0x0C6A, 0x0C6B, 0x0C6B, 0x0C6B, 0x0C6B, 0x0C6B, 0x0C6B, 0x0C6B, 0x0C6B, 0x0C6B, 0x0C6B, 0x0C6B,
    0x0C6B, 0x0C6B, 0x0C6B, 0x0C6B, 0x0C6B, 0x0C6B, 0x0C6B, 0x0C6B, 0x0C6A, 0x0C6A, 0x0C6A, 0x0C6A, 0x0C6A, 0x0C6A, 0x0C6A, 0x0C6A,
    0x0C6A, 0x0C6A, 0x0C6A, 0x0C6A, 0x0C6A, 0x0C6A, 0x0C6A, 0x0C6A, 0x0C6A, 0x0C6A, 0x0C6A, 0x0C6A, 0x0C6A, 0x0C6A, 0x0C6A, 0x0C6A,
    0x0C6A, 0x0C6A, 0x0C4A, 0x0C4A, 0x0C4A, 0x0C4A, 0x0C4A, 0x0C4A, 0x0C4A, 0x0C4A, 0x0C4A, 0x0C4A, 0x0C4A, 0x0C4A, 0x0C4A, 0x0C4A,
    0x0C4A, 0x0C4A, 0x0C2A, 0x0C2A, 0x0C2A, 0x0C2A, 0x0C2A, 0x0C2A, 0x0C2A, 0x0C2A, 0x0C2A, 0x0C2A, 0x042A, 0x142A, 0x7C30, 0x9C51,
    0x4C4E, 0x0C0A, 0x0C09, 0x0C0A, 0x0C0A, 0x0C0A, 0x0C0A, 0x0C09, 0x0C09, 0x0BE9, 0x0BE9, 0x0BE9, 0x0BE9, 0x0BE9, 0x0BE9, 0x0BE9,
    0x0BE9, 0x0BE9, 0x0BE9, 0x0BE9, 0x1409, 0x1409, 0x1409, 0x1409, 0x1409, 0x1409, 0x1409, 0x1409, 0x1409, 0x1429, 0x1429, 0x1429,
    0x1429, 0x1429, 0x1429, 0x1429, 0x1429, 0x1429, 0x0C2A, 0x0C2A, 0x0C2A, 0x0C2A, 0x0C2A, 0x0C2A, 0x0C2A, 0x0C2A, 0x0C2A, 0x0C2A,
    0x0C2A, 0x0C2A, 0x0C2A, 0x0C2A, 0x0C2A, 0x0C2A, 0x0C2A, 0x0C2A, 0x0C2A, 0x0C4A, 0x0C4A, 0x0C4A, 0x0C4A, 0x0C4A, 0x0C4A, 0x0C4A,
    0x0C4A, 0x0C4A, 0x0C4A, 0x0C4A, 0x0C4A, 0x0C4A, 0x0C4A, 0x0C4A, 0x0C4A, 0x0C4A, 0x0C4A, 0x0C6A, 0x0C6A, 0x0C6A, 0x0C6A, 0x0C6A,
    0x0C6A, 0x0C6A, 0x0C6A, 0x0C6A, 0x0C6A, 0x0C6A, 0x0C6A, 0x0C6A, 0x0C6A, 0x0C6A, 0x0C6A, 0x0C6A, 0x0C6A, 0x0C6A, 0x0C6A, 0x0C6A,
    0x0C6A, 0x0C6A, 0x0C6A, 0x0C6A, 0x0C6A, 0x0C6A, 0x0C6A, 0x0C6A, 0x0C6A, 0x0C6A, 0x0C6A, 0x0C6A, 0x0C6A, 0x0C6A, 0x0C6A, 0x0C6A,
    0x0C6A, 0x0C6A, 0x0C6A, 0x0C6A, 0x0C6A, 0x0C6A, 0x0C6A, 0x0C6A, 0x0C6A, 0x0C6A, 0x0C6A, 0x0C6A, 0x0C6A, 0x0C6A, 0x0C6A, 0x0C6A,
    0x0C6A, 0x0C6A, 0x0C6A, 0x0C6A, 0x0C6A, 0x0C6A, 0x0C6A, 0x0C6A, 0x0C6A, 0x0C4A, 0x0C4A, 0x0C4A, 0x0C4A, 0x0C4A, 0x0C4A, 0x0C4A,
    0x0C4A, 0x0C4A, 0x0C4A, 0x0C4A, 0x0C4A, 0x0C4A, 0x0C4A, 0x0C4A, 0x0C4A, 0x0C4A, 0x0C4A, 0x0C2A, 0x0C2A, 0x0C2A, 0x0C2A, 0x0C2A,
    0x0C2A, 0x0C2A, 0x0C2A, 0x0C2A, 0x0C2A, 0x0C2A, 0x0C2A, 0x0C2A, 0x0C2A, 0x0429, 0x1C0A, 0x7C50, 0xA472, 0x644F, 0x0C0A, 0x0409,
    0x0C0A, 0x0C09, 0x0C09, 0x0C09, 0x0BE9, 0x0BE9, 0x0BE9, 0x0BE9, 0x0BE9, 0x0BE9, 0x0BE9, 0x0BE9, 0x0BE9, 0x0BE9, 0x0BC9, 0x0BC9,
    0x1409, 0x1409, 0x1409, 0x1409, 0x1409, 0x1409, 0x1409, 0x1409, 0x1409, 0x1409, 0x1409, 0x1409, 0x1409, 0x1409, 0x1409, 0x1409,
    0x1409, 0x0C09, 0x0C09, 0x0C29, 0x0C29, 0x0C0A, 0x0C0A, 0x0C2A, 0x0C2A, 0x0C2A, 0x0C2A, 0x0C2A, 0x0C2A, 0x0C2A, 0x0C2A, 0x0C2A,
    0x0C2A, 0x0C2A, 0x0C2A, 0x0C2A, 0x0C2A, 0x0C2A, 0x0C2A, 0x0C2A, 0x0C4A, 0x0C4A, 0x0C4A, 0x0C4A, 0x0C4A, 0x0C4A, 0x0C4A, 0x0C4A,
    0x0C4A, 0x0C4A, 0x0C4A, 0x0C4A, 0x0C4A, 0x0C4A, 0x0C4A, 0x0C4A, 0x0C4A, 0x0C4A, 0x0C4A, 0x0C4A, 0x0C4A, 0x0C6A, 0x0C6A, 0x0C6A,
    0x0C6A, 0x0C6A, 0x0C6A, 0x0C6A, 0x0C6A, 0x0C6A, 0x0C6A, 0x0C6A, 0x0C6A, 0x0C6A, 0x0C6A, 0x0C6A, 0x0C6A, 0x0C6A, 0x0C6A, 0x0C6A,
    0x0C6A, 0x0C6A, 0x0C6A, 0x0C6A, 0x0C6A, 0x0C6A, 0x0C6A, 0x0C6A, 0x0C6A, 0x0C6A, 0x0C6A, 0x0C6A, 0x0C6A, 0x0C6A, 0x0C6A, 0x0C6A,
    0x0C6A, 0x0C6A, 0x0C6A, 0x0C6A, 0x0C6A, 0x0C6A, 0x0C6A, 0x0C6A, 0x0C6A, 0x0C6A, 0x0C6A, 0x0C6A, 0x0C6A, 0x0C6A, 0x0C6A, 0x0C6A,
    0x0C4A, 0x0C4A, 0x0C4A, 0x0C4A, 0x0C4A, 0x0C4A, 0x0C4A, 0x0C4A, 0x0C4A, 0x0C4A, 0x0C4A, 0x0C4A, 0x0C4A, 0x0C4A, 0x0C4A, 0x0C4A,
    0x0C4A, 0x0C4A, 0x0C4A, 0x0C4A, 0x0C2A, 0x0C2A, 0x0C2A, 0x0C2A, 0x0C2A, 0x0C2A, 0x0C2A, 0x0C2A, 0x0C2A, 0x0C2A, 0x0C2A, 0x0C2A,
    0x0C2A, 0x0C2A, 0x0C2A, 0x0C0A, 0x0C0A, 0x0C0A, 0x0409, 0x140A, 0x6C2F, 0x9C51, 0x6C2F, 0x1C0A, 0x0409, 0x0C0A, 0x0BE9, 0x0BE9,
    0x0BE9, 0x0BE9, 0x0BE9, 0x0BE9, 0x0BE9, 0x0BE9, 0x0BE9, 0x0BE9, 0x0BC9, 0x0BC9, 0x0BC9, 0x0BC9, 0x1409, 0x1409, 0x1409, 0x1409,
    0x1409, 0x1409, 0x1409, 0x1409, 0x1409, 0x1409, 0x1409, 0x1409, 0x1409, 0x1409, 0x1409, 0x1409, 0x0C09, 0x0C09, 0x0C09, 0x0C09,
    0x0C09, 0x0C09, 0x0C0A, 0x0C0A, 0x0C0A, 0x0C0A, 0x0C2A, 0x0C2A, 0x0C2A, 0x0C2A, 0x0C2A, 0x0C2A, 0x0C2A, 0x0C2A, 0x0C2A, 0x0C2A,
    0x0C2A, 0x0C2A, 0x0C2A, 0x0C2A, 0x0C2A, 0x0C2A, 0x0C4A, 0x0C4A, 0x0C4A, 0x0C4A, 0x0C4A, 0x0C4A, 0x0C4A, 0x0C4A, 0x0C4A, 0x0C4A,
    0x0C4A, 0x0C4A, 0x0C4A, 0x0C4A, 0x0C4A, 0x0C4A, 0x0C4A, 0x0C4A, 0x0C4A, 0x0C4A, 0x0C4A, 0x0C4A, 0x0C6A, 0x0C6A, 0x0C6A, 0x0C6A,
    0x0C6A, 0x0C6A, 0x0C6A, 0x0C6A, 0x0C6A, 0x0C6A, 0x0C6A, 0x0C6A, 0x0C6A, 0x0C6A, 0x0C6A, 0x0C6A, 0x0C6A, 0x0C6A, 0x0C6A, 0x0C6A,
    0x0C6A, 0x0C6A, 0x0C6A, 0x0C6A, 0x0C6A, 0x0C6A, 0x0C6A, 0x0C6A, 0x0C6A, 0x0C6A, 0x0C6A, 0x0C6A, 0x0C6A, 0x0C6A, 0x0C6A, 0x0C6A,
    0x0C6A, 0x0C6A, 0x0C6A, 0x0C6A, 0x0C6A, 0x0C6A, 0x0C6A, 0x0C6A, 0x0C4A, 0x0C4A, 0x0C4A, 0x0C4A, 0x0C4A, 0x0C4A, 0x0C4A, 0x0C4A,
    0x0C4A, 0x0C4A, 0x0C4A, 0x0C4A, 0x0C4A, 0x0C4A, 0x0C4A, 0x0C4A, 0x0C4A, 0x0C4A, 0x0C4A, 0x0C4A, 0x0C4A, 0x0C4A, 0x0C2A, 0x0C2A,
    0x0C2A, 0x0C2A, 0x0C2A, 0x0C2A, 0x0C2A, 0x0C2A, 0x0C2A, 0x0C2A, 0x0C2A, 0x0C2A, 0x0C2A, 0x0C2A, 0x0C2A, 0x0C2A, 0x0C0A, 0x0C0A,
    0x0C0A, 0x0C0A, 0x0C0A, 0x0C09, 0x0C09, 0x5C2E, 0x9431, 0x7C10, 0x340B, 0x03E9, 0x0BE9, 0x0BE9, 0x0BE9, 0x0BE9, 0x0BE9, 0x0BE9,
    0x0BE9, 0x0BE9, 0x0BE9, 0x0BC9, 0x0BC9, 0x0BC9, 0x0BC9, 0x0BC9, 0x13E9, 0x13E9, 0x13E9, 0x1409, 0x1409, 0x13E9, 0x1409, 0x1409,
    0x1409, 0x1409, 0x1409, 0x1409, 0x1409, 0x1409, 0x1409, 0x0C09, 0x0C09, 0x0C09, 0x0C09, 0x0C09, 0x0C09, 0x0C09, 0x0C09, 0x0C09,
    0x0C09, 0x0C0A, 0x0C0A, 0x0C0A, 0x0C0A, 0x0C2A, 0x0C2A, 0x0C2A, 0x0C2A, 0x0C2A, 0x0C2A, 0x0C2A, 0x0C2A, 0x0C2A, 0x0C2A, 0x0C2A,
    0x0C2A, 0x0C2A, 0x0C2A, 0x0C2A, 0x0C2A, 0x0C4A, 0x0C4A, 0x0C4A, 0x0C4A, 0x0C4A, 0x0C4A, 0x0C4A, 0x0C4A, 0x0C4A, 0x0C4A, 0x0C4A,
    0x0C4A, 0x0C4A, 0x0C4A, 0x0C4A, 0x0C4A, 0x0C4A, 0x0C4A, 0x0C4A, 0x0C4A, 0x0C4A, 0x0C4A, 0x0C4A, 0x0C4A, 0x0C4A, 0x0C4A, 0x0C4A,
    0x0C4A, 0x0C6A, 0x0C6A, 0x0C6A, 0x0C6A, 0x0C6A, 0x0C6A, 0x0C6A, 0x0C6A, 0x0C6A, 0x0C6A, 0x0C6A, 0x0C6A, 0x0C6A, 0x0C6A, 0x0C6A,
    0x0C6A, 0x0C6A, 0x0C6A, 0x0C6A, 0x0C6A, 0x0C6A, 0x0C6A, 0x0C6A, 0x0C6A, 0x0C6A, 0x0C6A, 0x0C4A, 0x0C4A, 0x0C4A, 0x0C4A, 0x0C4A,
    0x0C4A, 0x0C4A, 0x0C4A, 0x0C4A, 0x0C4A, 0x0C4A, 0x0C4A, 0x0C4A, 0x0C4A, 0x0C4A, 0x0C4A, 0x0C4A, 0x0C4A, 0x0C4A, 0x0C4A, 0x0C4A,
    0x0C4A, 0x0C4A, 0x0C4A, 0x0C4A, 0x0C4A, 0x0C4A, 0x0C4A, 0x0C2A, 0x0C2A, 0x0C2A, 0x0C2A, 0x0C2A, 0x0C2A, 0x0C2A, 0x0C2A, 0x0C2A,
    0x0C2A, 0x0C2A, 0x0C2A, 0x0C2A, 0x0C2A, 0x0C2A, 0x0C2A, 0x0C0A, 0x0C0A, 0x0C0A, 0x0C0A, 0x0C0A, 0x0C0A, 0x0C0A, 0x0C0A, 0x0C0A,
    0x0C09, 0x0409, 0x440C, 0x8C10, 0x8C10, 0x4BED, 0x0BE9, 0x03E9, 0x0BE9, 0x0BE9, 0x0BE9, 0x0BE9, 0x0BE9, 0x0BC9, 0x0BC9, 0x0BC9,
    0x0BC9, 0x0BC9, 0x0BC9, 0x0BC9, 0x13E9, 0x13E9, 0x13E9, 0x13E9, 0x13E9, 0x13E9, 0x13E9, 0x13E9, 0x1409, 0x13E9, 0x1409, 0x1409,
    0x1409, 0x0C09, 0x0C09, 0x0C09, 0x0C09, 0x0C09, 0x0C09, 0x0C09, 0x0C09, 0x0C09, 0x0C09, 0x0C09, 0x0C0A, 0x0C0A, 0x0C0A, 0x0C0A,
    0x0C0A, 0x0C0A, 0x0C2A, 0x0C2A, 0x0C2A, 0x0C2A, 0x0C2A, 0x0C2A, 0x0C2A, 0x0C2A, 0x0C2A, 0x0C2A, 0x0C2A, 0x0C2A, 0x0C2A, 0x0C2A,
    0x0C2A, 0x0C2A, 0x0C2A, 0x0C2A, 0x0C2A, 0x0C4A, 0x0C4A, 0x0C4A, 0x0C4A, 0x0C4A, 0x0C4A, 0x0C4A, 0x0C4A, 0x0C4A, 0x0C4A, 0x0C4A,
    0x0C4A, 0x0C4A, 0x0C4A, 0x0C4A, 0x0C4A, 0x0C4A, 0x0C4A, 0x0C4A, 0x0C4A, 0x0C4A, 0x0C4A, 0x0C4A, 0x0C4A, 0x0C4A, 0x0C4A, 0x0C4A,
    0x0C4A, 0x0C4A, 0x0C4A, 0x0C4A, 0x0C4A, 0x0C4A, 0x0C6A, 0x0C6A, 0x0C6A, 0x0C6A, 0x0C6A, 0x0C6A, 0x0C6A, 0x0C6A, 0x0C4A, 0x0C4A,
    0x0C4A, 0x0C4A, 0x0C4A, 0x0C4A, 0x0C4A, 0x0C4A, 0x0C4A, 0x0C4A, 0x0C4A, 0x0C4A, 0x0C4A, 0x0C4A, 0x0C4A, 0x0C4A, 0x0C4A, 0x0C4A,
    0x0C4A, 0x0C4A, 0x0C4A, 0x0C4A, 0x0C4A, 0x0C4A, 0x0C4A, 0x0C4A, 0x0C4A, 0x0C4A, 0x0C4A, 0x0C4A, 0x0C4A, 0x0C4A, 0x0C4A, 0x0C4A,
    0x0C2A, 0x0C2A, 0x0C2A, 0x0C2A, 0x0C2A, 0x0C2A, 0x0C2A, 0x0C2A, 0x0C2A, 0x0C2A, 0x0C2A, 0x0C2A, 0x0C2A, 0x0C2A, 0x0C2A, 0x0C2A,
    0x0C2A, 0x0C2A, 0x0C0A, 0x0C0A, 0x0C0A, 0x0C0A, 0x0C0A, 0x0C0A, 0x0C0A, 0x0C09, 0x0C09, 0x0C09, 0x0BE9, 0x0C09, 0x03E9, 0x23EB,
    0x73EF, 0x8BF0, 0x6BEE, 0x2BEB, 0x03E9, 0x03E9, 0x0BE9, 0x0BC9, 0x0BC9, 0x0BC9, 0x0BC9, 0x0BC9, 0x0BC9, 0x0BC9, 0x0BC9, 0x0BC9,
    0x13E8, 0x13E9, 0x13E9, 0x13E9, 0x13E9, 0x13E9, 0x13E9, 0x13E9, 0x13E9, 0x13E9, 0x13E9, 0x13E9, 0x0BE9, 0x0BE9, 0x0BE9, 0x0BE9,
    0x0BE9, 0x0BE9, 0x0C09, 0x0C09, 0x0BE9, 0x0BE9, 0x0C09, 0x0C09, 0x0C09, 0x0C0A, 0x0C0A, 0x0C0A, 0x0C0A, 0x0C0A, 0x0C0A, 0x0C0A,
    0x0C0A, 0x0C2A, 0x0C2A, 0x0C2A, 0x0C2A, 0x0C2A, 0x0C2A, 0x0C2A, 0x0C2A, 0x0C2A, 0x0C2A, 0x0C2A, 0x0C2A, 0x0C2A, 0x0C2A, 0x0C2A,
    0x0C2A, 0x0C2A, 0x0C2A, 0x0C2A, 0x0C4A, 0x0C4A, 0x0C4A, 0x0C4A, 0x0C4A, 0x0C4A, 0x0C4A, 0x0C4A, 0x0C4A, 0x0C4A, 0x0C4A, 0x0C4A,
    0x0C4A, 0x0C4A, 0x0C4A, 0x0C4A, 0x0C4A, 0x0C4A, 0x0C4A, 0x0C4A, 0x0C4A, 0x0C4A, 0x0C4A, 0x0C4A, 0x0C4A, 0x0C4A, 0x0C4A, 0x0C4A,
    0x0C4A, 0x0C4A, 0x0C4A, 0x0C4A, 0x0C4A, 0x0C4A, 0x0C4A, 0x0C4A, 0x0C4A, 0x0C4A, 0x0C4A, 0x0C4A, 0x0C4A, 0x0C4A, 0x0C4A, 0x0C4A,
    0x0C4A, 0x0C4A, 0x0C4A, 0x0C4A, 0x0C4A, 0x0C4A, 0x0C4A, 0x0C4A, 0x0C4A, 0x0C4A, 0x0C4A, 0x0C4A, 0x0C4A, 0x0C4A, 0x0C4A, 0x0C4A,
    0x0C4A, 0x0C4A, 0x0C4A, 0x0C4A, 0x0C4A, 0x0C4A, 0x0C4A, 0x0C4A, 0x0C2A, 0x0C2A, 0x0C2A, 0x0C2A, 0x0C2A, 0x0C2A, 0x0C2A, 0x0C2A,
    0x0C2A, 0x0C2A, 0x0C2A, 0x0C2A, 0x0C2A, 0x0C2A, 0x0C2A, 0x0C2A, 0x0C2A, 0x0C2A, 0x0C2A, 0x0C0A, 0x0C0A, 0x0C0A, 0x0C0A, 0x0C0A,
    0x0C0A, 0x0C0A, 0x0C0A, 0x0C09, 0x0C09, 0x0C09, 0x0C09, 0x0BE9, 0x0BE9, 0x0BE9, 0x0BE9, 0x03E9, 0x13E9, 0x4BED, 0x83CF, 0x83CF,
    0x53CD, 0x23CA, 0x03C9, 0x03C9, 0x0BC9, 0x0BC9, 0x0BC9, 0x0BC9, 0x0BC9, 0x0BC9, 0x0BC9, 0x0BC9, 0x13E8, 0x13E9, 0x13E9, 0x13E9,
    0x13E9, 0x13E9, 0x13E9, 0x13E9, 0x13E9, 0x13E9, 0x0BE9, 0x0BE9, 0x0BE9, 0x0BE9, 0x0BE9, 0x0BE9, 0x0BE9, 0x0BE9, 0x0BE9, 0x0BE9,
    0x0BE9, 0x0BE9, 0x0BE9, 0x0BE9, 0x0C09, 0x0C09, 0x0C09, 0x0C09, 0x0C0A, 0x0C0A, 0x0C0A, 0x0C0A, 0x0C0A, 0x0C0A, 0x0C0A, 0x0C0A,
    0x0C2A, 0x0C2A, 0x0C2A, 0x0C2A, 0x0C2A, 0x0C2A, 0x0C2A, 0x0C2A, 0x0C2A, 0x0C2A, 0x0C2A, 0x0C2A, 0x0C2A, 0x0C2A, 0x0C2A, 0x0C2A,
    0x0C2A, 0x0C2A, 0x0C2A, 0x0C2A, 0x0C2A, 0x0C4A, 0x0C4A, 0x0C4A, 0x0C4A, 0x0C4A, 0x0C4A, 0x0C4A, 0x0C4A, 0x0C4A, 0x0C4A, 0x0C4A,
    0x0C4A, 0x0C4A, 0x0C4A, 0x0C4A, 0x0C4A, 0x0C4A, 0x0C4A, 0x0C4A, 0x0C4A, 0x0C4A, 0x0C4A, 0x0C4A, 0x0C4A, 0x0C4A, 0x0C4A, 0x0C4A,
    0x0C4A, 0x0C4A, 0x0C4A, 0x0C4A, 0x0C4A, 0x0C4A, 0x0C4A, 0x0C4A, 0x0C4A, 0x0C4A, 0x0C4A, 0x0C4A, 0x0C4A, 0x0C4A, 0x0C4A, 0x0C4A,
    0x0C4A, 0x0C4A, 0x0C4A, 0x0C4A, 0x0C4A, 0x0C4A, 0x0C4A, 0x0C4A, 0x0C4A, 0x0C4A, 0x0C4A, 0x0C4A, 0x0C4A, 0x0C4A, 0x0C4A, 0x0C2A,
    0x0C2A, 0x0C2A, 0x0C2A, 0x0C2A, 0x0C2A, 0x0C2A, 0x0C2A, 0x0C2A, 0x0C2A, 0x0C2A, 0x0C2A, 0x0C2A, 0x0C2A, 0x0C2A, 0x0C2A, 0x0C2A,
    0x0C2A, 0x0C2A, 0x0C2A, 0x0C2A, 0x0C0A, 0x0C0A, 0x0C0A, 0x0C0A, 0x0C0A, 0x0C0A, 0x0C0A, 0x0C0A, 0x0C0A, 0x0C09, 0x0C09, 0x0C09,
    0x0C09, 0x0BE9, 0x0BE9, 0x0BE9, 0x0BE9, 0x0BE9, 0x0BE9, 0x0BE9, 0x0BE9, 0x03E9, 0x23CA, 0x63CE, 0x83AF, 0x7BAF, 0x53AD, 0x23CA,
    0x03C9, 0x03C9, 0x0BC9, 0x0BC9, 0x0BC9, 0x0BC9, 0x0BA9, 0x0BA9, 0x13C8, 0x13C8, 0x13E9, 0x13E9, 0x13C9, 0x13E9, 0x13E9, 0x13E9,
    0x13E9, 0x0BE9, 0x0BE9, 0x0BE9, 0x0BE9, 0x0BE9, 0x0BE9, 0x0BE9, 0x0BE9, 0x0BE9, 0x0BE9, 0x0BE9, 0x0BE9, 0x0BE9, 0x0BE9, 0x0BE9,
    0x0BE9, 0x0C09, 0x0C09, 0x0C09, 0x0C09, 0x0C0A, 0x0C0A, 0x0C0A, 0x0C0A, 0x0C0A, 0x0C0A, 0x0C0A, 0x0C0A, 0x0C0A, 0x0C2A, 0x0C2A,
    0x0C2A, 0x0C2A, 0x0C2A, 0x0C2A, 0x0C2A, 0x0C2A, 0x0C2A, 0x0C2A, 0x0C2A, 0x0C2A, 0x0C2A, 0x0C2A, 0x0C2A, 0x0C2A, 0x0C2A, 0x0C2A,
    0x0C2A, 0x0C2A, 0x0C2A, 0x0C2A, 0x0C4A, 0x0C4A, 0x0C4A, 0x0C4A, 0x0C4A, 0x0C4A, 0x0C4A, 0x0C4A, 0x0C4A, 0x0C4A, 0x0C4A, 0x0C4A,
    0x0C4A, 0x0C4A, 0x0C4A, 0x0C4A, 0x0C4A, 0x0C4A, 0x0C4A, 0x0C4A, 0x0C4A, 0x0C4A, 0x0C4A, 0x0C4A, 0x0C4A, 0x0C4A, 0x0C4A, 0x0C4A,
    0x0C4A, 0x0C4A, 0x0C4A, 0x0C4A, 0x0C4A, 0x0C4A, 0x0C4A, 0x0C4A, 0x0C4A, 0x0C4A, 0x0C4A, 0x0C4A, 0x0C4A, 0x0C4A, 0x0C4A, 0x0C4A,
    0x0C4A, 0x0C4A, 0x0C4A, 0x0C4A, 0x0C4A, 0x0C4A, 0x0C4A, 0x0C4A, 0x0C2A, 0x0C2A, 0x0C2A, 0x0C2A, 0x0C2A, 0x0C2A, 0x0C2A, 0x0C2A,
    0x0C2A, 0x0C2A, 0x0C2A, 0x0C2A, 0x0C2A, 0x0C2A, 0x0C2A, 0x0C2A, 0x0C2A, 0x0C2A, 0x0C2A, 0x0C2A, 0x0C2A, 0x0C2A, 0x0C0A, 0x0C0A,
    0x0C0A, 0x0C0A, 0x0C0A, 0x0C0A, 0x0C0A, 0x0C0A, 0x0C0A, 0x0C09, 0x0C09, 0x0C09, 0x0C09, 0x0BE9, 0x0BE9, 0x0BE9, 0x0BE9, 0x0BE9,
    0x0BE9, 0x0BE9, 0x0BE9, 0x0BE9, 0x0BE9, 0x0BE9, 0x03C9, 0x0BC9, 0x33CB, 0x63AD, 0x838F, 0x7B8E, 0x538C, 0x2BAB, 0x0BC9, 0x03C8,
    0x03C9, 0x0BA9, 0x0BA9, 0x0BA9, 0x13C8, 0x13C8, 0x13C8, 0x13C8, 0x13C9, 0x13C9, 0x13C9, 0x13C9, 0x0BC9, 0x0BC9, 0x0BE9, 0x0BE9,
    0x0BE9, 0x0BE9, 0x0BE9, 0x0BE9, 0x0BE9, 0x0BE9, 0x0BE9, 0x0BE9, 0x0BE9, 0x0BE9, 0x0BE9, 0x0BE9, 0x0BE9, 0x0BE9, 0x0BE9, 0x0BE9,
    0x0C09, 0x0C09, 0x0C09, 0x0C09, 0x0C0A, 0x0C0A, 0x0C0A, 0x0C0A, 0x0C0A, 0x0C0A, 0x0C0A, 0x0C0A, 0x0C0A, 0x0C0A, 0x0C2A, 0x0C2A,
    0x0C2A, 0x0C2A, 0x0C2A, 0x0C2A, 0x0C2A, 0x0C2A, 0x0C2A, 0x0C2A, 0x0C2A, 0x0C2A, 0x0C2A, 0x0C2A, 0x0C2A, 0x0C2A, 0x0C2A, 0x0C2A,
    0x0C2A, 0x0C2A, 0x0C2A, 0x0C2A, 0x0C2A, 0x0C2A, 0x0C2A, 0x0C4A, 0x0C4A, 0x0C4A, 0x0C4A, 0x0C4A, 0x0C4A, 0x0C4A, 0x0C4A, 0x0C4A,
    0x0C4A, 0x0C4A, 0x0C4A, 0x0C4A, 0x0C4A, 0x0C4A, 0x0C4A, 0x0C4A, 0x0C4A, 0x0C4A, 0x0C4A, 0x0C4A, 0x0C4A, 0x0C4A, 0x0C4A, 0x0C4A,
    0x0C4A, 0x0C4A, 0x0C4A, 0x0C4A, 0x0C4A, 0x0C4A, 0x0C4A, 0x0C4A, 0x0C4A, 0x0C4A, 0x0C4A, 0x0C4A, 0x0C4A, 0x0C2A, 0x0C2A, 0x0C2A,
    0x0C2A, 0x0C2A, 0x0C2A, 0x0C2A, 0x0C2A, 0x0C2A, 0x0C2A, 0x0C2A, 0x0C2A, 0x0C2A, 0x0C2A, 0x0C2A, 0x0C2A, 0x0C2A, 0x0C2A, 0x0C2A,
    0x0C2A, 0x0C2A, 0x0C2A, 0x0C2A, 0x0C2A, 0x0C2A, 0x0C2A, 0x0C0A, 0x0C0A, 0x0C0A, 0x0C0A, 0x0C0A, 0x0C0A, 0x0C0A, 0x0C0A, 0x0C0A,
    0x0C09, 0x0C09, 0x0C09, 0x0C09, 0x0BE9, 0x0BE9, 0x0BE9, 0x0BE9, 0x0BE9, 0x0BE9, 0x0BE9, 0x0BE9, 0x0BE9, 0x0BE9, 0x0BE9, 0x0BE9,
    0x0BE9, 0x0BC9, 0x0BC9, 0x0BC9, 0x03C9, 0x0BC9, 0x2BAB, 0x5B8D, 0x7B6E, 0x7B6E, 0x636D, 0x438B, 0x2B8A, 0x13A9, 0x03A9, 0x03A8,
    0x13C8, 0x13C8, 0x13C8, 0x13C8, 0x13C8, 0x13C9, 0x0BC9, 0x0BC9, 0x0BC9, 0x0BC9, 0x0BC9, 0x0BC9, 0x0BE9, 0x0BC9, 0x0BC9, 0x0BE9,
    0x0BC9, 0x0BE9, 0x0BE9, 0x0BE9, 0x0BE9, 0x0BE9, 0x0BE9, 0x0BE9, 0x0BE9, 0x0BE9, 0x0BE9, 0x0BE9, 0x0BE9, 0x0BE9, 0x0BE9, 0x0C09,
    0x0C09, 0x0C09, 0x0C0A, 0x0C0A, 0x0C0A, 0x0C0A, 0x0C0A, 0x0C0A, 0x0C0A, 0x0C0A, 0x0C0A, 0x0C2A, 0x0C2A, 0x0C2A, 0x0C2A, 0x0C2A,
    0x0C2A, 0x0C2A, 0x0C2A, 0x0C2A, 0x0C2A, 0x0C2A, 0x0C2A, 0x0C2A, 0x0C2A, 0x0C2A, 0x0C2A, 0x0C2A, 0x0C2A, 0x0C2A, 0x0C2A, 0x0C2A,
    0x0C2A, 0x0C2A, 0x0C2A, 0x0C2A, 0x0C2A, 0x0C2A, 0x0C2A, 0x0C2A, 0x0C2A, 0x0C2A, 0x0C2A, 0x0C4A, 0x0C4A, 0x0C4A, 0x0C4A, 0x0C4A,
    0x0C4A, 0x0C2A, 0x0C4A, 0x0C4A, 0x0C4A, 0x0C4A, 0x0C4A, 0x0C4A, 0x0C4A, 0x0C4A, 0x0C2A, 0x0C2A, 0x0C4A, 0x0C4A, 0x0C4A, 0x0C4A,
    0x0C4A, 0x0C2A, 0x0C4A, 0x0C4A, 0x0C2A, 0x0C2A, 0x0C2A, 0x0C2A, 0x0C2A, 0x0C2A, 0x0C2A, 0x0C2A, 0x0C2A, 0x0C2A, 0x0C2A, 0x0C2A,
    0x0C2A, 0x0C2A, 0x0C2A, 0x0C2A, 0x0C2A, 0x0C2A, 0x0C2A, 0x0C2A, 0x0C2A, 0x0C2A, 0x0C2A, 0x0C2A, 0x0C2A, 0x0C2A, 0x0C2A, 0x0C2A,
    0x0C2A, 0x0C0A, 0x0C0A, 0x0C0A, 0x0C0A, 0x0C0A, 0x0C0A, 0x0C0A, 0x0C0A, 0x0C0A, 0x0C09, 0x0C09, 0x0C09, 0x0BE9, 0x0C09, 0x0BE9,
    0x0BE9, 0x0BE9, 0x0BE9, 0x0BE9, 0x0BE9, 0x0BE9, 0x0BE9, 0x0BE9, 0x0BE9, 0x0BE9, 0x0BE9, 0x0BC9, 0x0BC9, 0x0BC9, 0x0BC9, 0x0BC9,
    0x0BC9, 0x0BC9, 0x03C9, 0x0BC9, 0x23AA, 0x438B, 0x636D, 0x734D, 0x732D, 0x634D, 0x534C, 0x3B6A, 0x13C8, 0x13C8, 0x13C8, 0x13C8,
    0x13C8, 0x0BC8, 0x0BC8, 0x0BC9, 0x0BC9, 0x0BC9, 0x0BC9, 0x0BC9, 0x0BC9, 0x0BC9, 0x0BC9, 0x0BC9, 0x0BC9, 0x0BC9, 0x0BC9, 0x0BE9,
    0x0BE9, 0x0BE9, 0x0BE9, 0x0BE9, 0x0BE9, 0x0BE9, 0x0BE9, 0x0BE9, 0x0BE9, 0x0BE9, 0x0BE9, 0x0BE9, 0x0C09, 0x0C09, 0x0C09, 0x0C09,
    0x0C09, 0x0C0A, 0x0C0A, 0x0C0A, 0x0C0A, 0x0C0A, 0x0C0A, 0x0C0A, 0x0C0A, 0x0C0A, 0x0C0A, 0x0C2A, 0x0C2A, 0x0C2A, 0x0C2A, 0x0C2A,
    0x0C2A, 0x0C2A, 0x0C2A, 0x0C2A, 0x0C2A, 0x0C2A, 0x0C2A, 0x0C2A, 0x0C2A, 0x0C2A, 0x0C2A, 0x0C2A, 0x0C2A, 0x0C2A, 0x0C2A, 0x0C2A,
    0x0C2A, 0x0C2A, 0x0C2A, 0x0C2A, 0x0C2A, 0x0C2A, 0x0C2A, 0x0C2A, 0x0C2A, 0x0C2A, 0x0C2A, 0x0C2A, 0x0C2A, 0x0C2A, 0x0C2A, 0x0C2A,
    0x0C2A, 0x0C2A, 0x0C2A, 0x0C2A, 0x0C2A, 0x0C2A, 0x0C2A, 0x0C2A, 0x0C2A, 0x0C2A, 0x0C2A, 0x0C2A, 0x0C2A, 0x0C2A, 0x0C2A, 0x0C2A,
    0x0C2A, 0x0C2A, 0x0C2A, 0x0C2A, 0x0C2A, 0x0C2A, 0x0C2A, 0x0C2A, 0x0C2A, 0x0C2A, 0x0C2A, 0x0C2A, 0x0C2A, 0x0C2A, 0x0C2A, 0x0C2A,
    0x0C2A, 0x0C2A, 0x0C2A, 0x0C2A, 0x0C2A, 0x0C2A, 0x0C2A, 0x0C2A, 0x0C2A, 0x0C0A, 0x0C0A, 0x0C0A, 0x0C0A, 0x0C0A, 0x0C0A, 0x0C0A,
    0x0C0A, 0x0C0A, 0x0C0A, 0x0C09, 0x0C09, 0x0C09, 0x0C09, 0x0C09, 0x0BE9, 0x0BE9, 0x0BE9, 0x0BE9, 0x0BE9, 0x0BE9, 0x0BE9, 0x0BE9,
    0x0BE9, 0x0BE9, 0x0BE9, 0x0BE9, 0x0BE9, 0x0BC9, 0x0BC9, 0x0BC9, 0x0BC9, 0x0BC9, 0x0BC9, 0x0BC9, 0x0BC9, 0x0BC9, 0x0BC9, 0x0BC9,
    0x03A8, 0x03A8, 0x0BA9, 0x238A, 0x436B, 0x5B4C, 0x6B2C, 0x730D, 0x13A8, 0x13A8, 0x13A8, 0x13A8, 0x0BC8, 0x0BA8, 0x0BA9, 0x0BC9,
    0x0BC9, 0x0BC9, 0x0BC9, 0x0BC9, 0x0BC9, 0x0BC9, 0x0BC9, 0x0BC9, 0x0BC9, 0x0BC9, 0x0BC9, 0x0BC9, 0x0BC9, 0x0BC9, 0x0BE9, 0x0BE9,
    0x0BE9, 0x0BE9, 0x0BE9, 0x0BE9, 0x0BE9, 0x0BE9, 0x0BE9, 0x0BE9, 0x0BE9, 0x0BE9, 0x0BE9, 0x0C09, 0x0C09, 0x0C09, 0x0C09, 0x0C09,
    0x0C0A, 0x0C0A, 0x0C0A, 0x0C0A, 0x0C0A, 0x0C0A, 0x0C0A, 0x0C0A, 0x0C0A, 0x0C0A, 0x0C0A, 0x0C0A, 0x0C2A, 0x0C2A, 0x0C2A, 0x0C2A,
    0x0C2A, 0x0C2A, 0x0C2A, 0x0C2A, 0x0C2A, 0x0C2A, 0x0C2A, 0x0C2A, 0x0C2A, 0x0C2A, 0x0C2A, 0x0C2A, 0x0C2A, 0x0C2A, 0x0C2A, 0x0C2A,
    0x0C2A, 0x0C2A, 0x0C2A, 0x0C2A, 0x0C2A, 0x0C2A, 0x0C2A, 0x0C2A, 0x0C2A, 0x0C2A, 0x0C2A, 0x0C2A, 0x0C2A, 0x0C2A, 0x0C2A, 0x0C2A,
    0x0C2A, 0x0C2A, 0x0C2A, 0x0C2A, 0x0C2A, 0x0C2A, 0x0C2A, 0x0C2A, 0x0C2A, 0x0C2A, 0x0C2A, 0x0C2A, 0x0C2A, 0x0C2A, 0x0C2A, 0x0C2A,
    0x0C2A, 0x0C2A, 0x0C2A, 0x0C2A, 0x0C2A, 0x0C2A, 0x0C2A, 0x0C2A, 0x0C2A, 0x0C2A, 0x0C2A, 0x0C2A, 0x0C2A, 0x0C2A, 0x0C2A, 0x0C2A,
    0x0C0A, 0x0C0A, 0x0C0A, 0x0C0A, 0x0C0A, 0x0C0A, 0x0C0A, 0x0C0A, 0x0C0A, 0x0C0A, 0x0C0A, 0x0C0A, 0x0C09, 0x0C09, 0x0C09, 0x0C09,
    0x0C09, 0x0BE9, 0x0BE9, 0x0BE9, 0x0BE9, 0x0BE9, 0x0BE9, 0x0BE9, 0x0BE9, 0x0BE9, 0x0BE9, 0x0BE9, 0x0BE9, 0x0BE9, 0x0BC9, 0x0BC9,
    0x0BC9, 0x0BC9, 0x0BC9, 0x0BC9, 0x0BC9, 0x0BC9, 0x0BC9, 0x0BC9, 0x0BC9, 0x0BC9, 0x0BA9, 0x0BA9, 0x0BA9, 0x0BA9, 0x0BA9, 0x03A8,
    0x03A8, 0x0BA9, 0x1389, 0x2B6A, 0x13A8, 0x13A8, 0x13A8, 0x0BA8, 0x0BA8, 0x0BA8, 0x0BA9, 0x0BA9, 0x0BA9, 0x0BC9, 0x0BC9, 0x0BC9,
    0x0BC9, 0x0BC9, 0x0BC9, 0x0BC9, 0x0BC9, 0x0BC9, 0x0BC9, 0x0BC9, 0x0BC9, 0x0BC9, 0x0BC9, 0x0BC9, 0x0BE9, 0x0BE9, 0x0BE9, 0x0BE9,
    0x0BE9, 0x0BE9, 0x0BE9, 0x0BE9, 0x0BE9, 0x0BE9, 0x0BE9, 0x0BE9, 0x0BE9, 0x0C09, 0x0C09, 0x0C09, 0x0C09, 0x0C09, 0x0C0A, 0x0C0A,
    0x0C0A, 0x0C0A, 0x0C0A, 0x0C0A, 0x0C0A, 0x0C0A, 0x0C0A, 0x0C0A, 0x0C0A, 0x0C0A, 0x0C0A, 0x0C2A, 0x0C2A, 0x0C2A, 0x0C2A, 0x0C2A,
    0x0C2A, 0x0C2A, 0x0C2A, 0x0C2A, 0x0C2A, 0x0C2A, 0x0C2A, 0x0C2A, 0x0C2A, 0x0C2A, 0x0C2A, 0x0C2A, 0x0C2A, 0x0C2A, 0x0C2A, 0x0C2A,
    0x0C2A, 0x0C2A, 0x0C2A, 0x0C2A, 0x0C2A, 0x0C2A, 0x0C2A, 0x0C2A, 0x0C2A, 0x0C2A, 0x0C2A, 0x0C2A, 0x0C2A, 0x0C2A, 0x0C2A, 0x0C2A,
    0x0C2A, 0x0C2A, 0x0C2A, 0x0C2A, 0x0C2A, 0x0C2A, 0x0C2A, 0x0C2A, 0x0C2A, 0x0C2A, 0x0C2A, 0x0C2A, 0x0C2A, 0x0C2A, 0x0C2A, 0x0C2A,
    0x0C2A, 0x0C2A, 0x0C2A, 0x0C2A, 0x0C2A, 0x0C2A, 0x0C2A, 0x0C2A, 0x0C2A, 0x0C2A, 0x0C0A, 0x0C0A, 0x0C0A, 0x0C0A, 0x0C0A, 0x0C0A,
    0x0C0A, 0x0C0A, 0x0C0A, 0x0C0A, 0x0C0A, 0x0C0A, 0x0C09, 0x0C09, 0x0C09, 0x0C09, 0x0C09, 0x0BE9, 0x0BE9, 0x0BE9, 0x0BE9, 0x0BE9,
    0x0BE9, 0x0BE9, 0x0BE9, 0x0BE9, 0x0BE9, 0x0BE9, 0x0BE9, 0x0BE9, 0x0BE9, 0x0BC9, 0x0BC9, 0x0BC9, 0x0BC9, 0x0BC9, 0x0BC9, 0x0BC9,
    0x0BC9, 0x0BC9, 0x0BC9, 0x0BC9, 0x0BA9, 0x0BA9, 0x0BA9, 0x0BA9, 0x0BA9, 0x0BA9, 0x0BA9, 0x0BA9, 0x0B89, 0x0B88, 0x0388, 0x0388,
    0x13A8, 0x13A8, 0x0BA8, 0x0BA8, 0x0BA8, 0x0BA8, 0x0BA8, 0x0BA8, 0x0BA9, 0x0BA9, 0x0BA9, 0x0BA9, 0x0BA9, 0x0BA9, 0x0BC9, 0x0BC9,
    0x0BC9, 0x0BC9, 0x0BC9, 0x0BC9, 0x0BC9, 0x0BC9, 0x0BC9, 0x0BC9, 0x0BC9, 0x0BC9, 0x0BE9, 0x0BE9, 0x0BE9, 0x0BE9, 0x0BE9, 0x0BE9,
    0x0BE9, 0x0BE9, 0x0BE9, 0x0BE9, 0x0BE9, 0x0BE9, 0x0BE9, 0x0BE9, 0x0BE9, 0x0C09, 0x0C09, 0x0C09, 0x0C09, 0x0C09, 0x0C09, 0x0C0A,
    0x0C0A, 0x0C0A, 0x0C0A, 0x0C0A, 0x0C0A, 0x0C0A, 0x0C0A, 0x0C0A, 0x0C0A, 0x0C0A, 0x0C0A, 0x0C0A, 0x0C2A, 0x0C2A, 0x0C2A, 0x0C2A,
    0x0C2A, 0x0C2A, 0x0C2A, 0x0C2A, 0x0C2A, 0x0C2A, 0x0C2A, 0x0C2A, 0x0C2A, 0x0C2A, 0x0C2A, 0x0C2A, 0x0C2A, 0x0C2A, 0x0C2A, 0x0C2A,
    0x0C2A, 0x0C2A, 0x0C2A, 0x0C2A, 0x0C2A, 0x0C2A, 0x0C2A, 0x0C2A, 0x0C2A, 0x0C2A, 0x0C2A, 0x0C2A, 0x0C2A, 0x0C2A, 0x0C2A, 0x0C2A,
    0x0C2A, 0x0C2A, 0x0C2A, 0x0C2A, 0x0C2A, 0x0C2A, 0x0C2A, 0x0C2A, 0x0C2A, 0x0C2A, 0x0C2A, 0x0C2A, 0x0C2A, 0x0C2A, 0x0C2A, 0x0C2A,
    0x0C0A, 0x0C0A, 0x0C0A, 0x0C0A, 0x0C0A, 0x0C0A, 0x0C0A, 0x0C0A, 0x0C0A, 0x0C0A, 0x0C0A, 0x0C0A, 0x0C0A, 0x0C0A, 0x0C09, 0x0C09,
    0x0C09, 0x0C09, 0x0C09, 0x0BE9, 0x0BE9, 0x0BE9, 0x0BE9, 0x0BE9, 0x0BE9, 0x0BE9, 0x0BE9, 0x0BE9, 0x0BE9, 0x0BE9, 0x0BE9, 0x0BE9,
    0x0BE9, 0x0BE9, 0x0BC9, 0x0BC9, 0x0BC9, 0x0BC9, 0x0BC9, 0x0BC9, 0x0BC9, 0x0BC9, 0x0BC9, 0x0BC9, 0x0BC9, 0x0BC9, 0x0BA9, 0x0BA9,
    0x0BA9, 0x0BA9, 0x0BA9, 0x0BA9, 0x0BA9, 0x0BA9, 0x0BA9, 0x0B88, 0x0B88, 0x0B88, 0x0B88, 0x0B88, 0x13A8, 0x0BA8, 0x0BA8, 0x0BA8,
    0x0BA8, 0x0BA8, 0x0BA8, 0x0BA8, 0x0BA8, 0x0BA8, 0x0BA9, 0x0BA9, 0x0BA9, 0x0BA9, 0x0BA9, 0x0BC9, 0x0BA9, 0x0BC9, 0x0BC9, 0x0BC9,
    0x0BC9, 0x0BC9, 0x0BC9, 0x0BC9, 0x0BC9, 0x0BC9, 0x0BC9, 0x0BE9, 0x0BC9, 0x0BE9, 0x0BE9, 0x0BE9, 0x0BE9, 0x0BE9, 0x0BE9, 0x0BE9,
    0x0BE9, 0x0BE9, 0x0BE9, 0x0BE9, 0x0BE9, 0x0BE9, 0x0BE9, 0x0BE9, 0x0BE9, 0x0C09, 0x0C09, 0x0C09, 0x0C0A, 0x0C0A, 0x0C0A, 0x0C0A,
    0x0C0A, 0x0C0A, 0x0C0A, 0x0C0A, 0x0C0A, 0x0C0A, 0x0C0A, 0x0C0A, 0x0C0A, 0x0C0A, 0x0C0A, 0x0C0A, 0x0C2A, 0x0C2A, 0x0C2A, 0x0C0A,
    0x0C2A, 0x0C2A, 0x0C2A, 0x0C2A, 0x0C2A, 0x0C2A, 0x0C2A, 0x0C2A, 0x0C2A, 0x0C2A, 0x0C2A, 0x0C2A, 0x0C2A, 0x0C2A, 0x0C2A, 0x0C2A,
    0x0C2A, 0x0C2A, 0x0C2A, 0x0C2A, 0x0C2A, 0x0C2A, 0x0C2A, 0x0C2A, 0x0C2A, 0x0C2A, 0x0C2A, 0x0C2A, 0x0C2A, 0x0C2A, 0x0C2A, 0x0C2A,
    0x0C2A, 0x0C2A, 0x0C2A, 0x0C2A, 0x0C0A, 0x0C2A, 0x0C2A, 0x0C2A, 0x0C0A, 0x0C0A, 0x0C0A, 0x0C0A, 0x0C0A, 0x0C0A, 0x0C0A, 0x0C0A,
    0x0C0A, 0x0C0A, 0x0C0A, 0x0C0A, 0x0C0A, 0x0C0A, 0x0C0A, 0x0C0A, 0x0C09, 0x0C09, 0x0C09, 0x0BE9, 0x0C09, 0x0BE9, 0x0BE9, 0x0BE9,
    0x0BE9, 0x0BE9, 0x0BE9, 0x0BE9, 0x0BE9, 0x0BE9, 0x0BE9, 0x0BE9, 0x0BE9, 0x0BE9, 0x0BE9, 0x0BC9, 0x0BE9, 0x0BC9, 0x0BC9, 0x0BC9,
    0x0BC9, 0x0BC9, 0x0BC9, 0x0BC9, 0x0BC9, 0x0BC9, 0x0BC9, 0x0BA9, 0x0BC9, 0x0BA9, 0x0BA9, 0x0BA9, 0x0BA9, 0x0BA9, 0x0BA9, 0x0BA9,
    0x0B89, 0x0B88, 0x0B88, 0x0B88, 0x0B88, 0x0B88, 0x0B88, 0x0B88, 0x0BA8, 0x0BA8, 0x0BA8, 0x0BA8, 0x0BA8, 0x0BA8, 0x0BA8, 0x0BA8,
    0x0BA8, 0x0BA8, 0x0BA8, 0x0BA8, 0x0BA9, 0x0BA9, 0x0BA9, 0x0BA9, 0x0BA9, 0x0BA9, 0x0BC9, 0x0BC9, 0x0BC9, 0x0BC9, 0x0BC9, 0x0BC9,
    0x0BC9, 0x0BC9, 0x0BC9, 0x0BC9, 0x0BC9, 0x0BC9, 0x0BE9, 0x0BE9, 0x0BE9, 0x0BE9, 0x0BE9, 0x0BE9, 0x0BE9, 0x0BE9, 0x0BE9, 0x0BE9,
    0x0BE9, 0x0BE9, 0x0BE9, 0x0BE9, 0x0BE9, 0x0BE9, 0x0BE9, 0x0C09, 0x0C09, 0x0C09, 0x0C09, 0x0C09, 0x0C09, 0x0C0A, 0x0C0A, 0x0C0A,
    0x0C0A, 0x0C0A, 0x0C0A, 0x0C0A, 0x0C0A, 0x0C0A, 0x0C0A, 0x0C0A, 0x0C0A, 0x0C0A, 0x0C0A, 0x0C0A, 0x0C0A, 0x0C0A, 0x0C0A, 0x0C0A,
    0x0C0A, 0x0C0A, 0x0C2A, 0x0C2A, 0x0C2A, 0x0C2A, 0x0C2A, 0x0C2A, 0x0C2A, 0x0C2A, 0x0C2A, 0x0C2A, 0x0C2A, 0x0C2A, 0x0C2A, 0x0C2A,
    0x0C2A, 0x0C2A, 0x0C2A, 0x0C2A, 0x0C2A, 0x0C2A, 0x0C2A, 0x0C2A, 0x0C2A, 0x0C2A, 0x0C0A, 0x0C0A, 0x0C0A, 0x0C0A, 0x0C0A, 0x0C0A,
    0x0C0A, 0x0C0A, 0x0C0A, 0x0C0A, 0x0C0A, 0x0C0A, 0x0C0A, 0x0C0A, 0x0C0A, 0x0C0A, 0x0C0A, 0x0C0A, 0x0C0A, 0x0C0A, 0x0C0A, 0x0C09,
    0x0C09, 0x0C09, 0x0C09, 0x0C09, 0x0C09, 0x0BE9, 0x0BE9, 0x0BE9, 0x0BE9, 0x0BE9, 0x0BE9, 0x0BE9, 0x0BE9, 0x0BE9, 0x0BE9, 0x0BE9,
    0x0BE9, 0x0BE9, 0x0BE9, 0x0BE9, 0x0BE9, 0x0BE9, 0x0BC9, 0x0BC9, 0x0BC9, 0x0BC9, 0x0BC9, 0x0BC9, 0x0BC9, 0x0BC9, 0x0BC9, 0x0BC9,
    0x0BC9, 0x0BC9, 0x0BA9, 0x0BA9, 0x0BA9, 0x0BA9, 0x0BA9, 0x0BA9, 0x0BA9, 0x0BA9, 0x0BA9, 0x0BA8, 0x0B88, 0x0B88, 0x0B88, 0x0B88,
    0x0B88, 0x0B88, 0x0B88, 0x0B88, 0x0BA8, 0x0BA8, 0x0BA8, 0x0BA8, 0x0BA8, 0x0BA8, 0x0B88, 0x0B88, 0x0B88, 0x0B88, 0x0B88, 0x0BA8,
    0x0BA9, 0x0BA9, 0x0BA9, 0x0BA9, 0x0BA9, 0x0BA9, 0x0BA9, 0x0BA9, 0x0BC9, 0x0BC9, 0x0BC9, 0x0BC9, 0x0BC9, 0x0BC9, 0x0BC9, 0x0BC9,
    0x0BC9, 0x0BC9, 0x0BC9, 0x0BC9, 0x0BC9, 0x0BC9, 0x0BE9, 0x0BE9, 0x0BE9, 0x0BE9, 0x0BE9, 0x0BE9, 0x0BE9, 0x0BE9, 0x0BE9, 0x0BE9,
    0x0BE9, 0x0BE9, 0x0BE9, 0x0BE9, 0x0BE9, 0x0BE9, 0x0BE9, 0x0BE9, 0x0C09, 0x0C09, 0x0C09, 0x0C09, 0x0C09, 0x0C09, 0x0C09, 0x0C0A,
    0x0C0A, 0x0C0A, 0x0C0A, 0x0C0A, 0x0C0A, 0x0C0A, 0x0C0A, 0x0C0A, 0x0C0A, 0x0C0A, 0x0C0A, 0x0C0A, 0x0C0A, 0x0C0A, 0x0C0A, 0x0C0A,
    0x0C0A, 0x0C0A, 0x0C0A, 0x0C0A, 0x0C0A, 0x0C0A, 0x0C0A, 0x0C0A, 0x0C0A, 0x0C0A, 0x0C0A, 0x0C0A, 0x0C0A, 0x0C0A, 0x0C0A, 0x0C0A,
    0x0C0A, 0x0C0A, 0x0C0A, 0x0C0A, 0x0C0A, 0x0C0A, 0x0C0A, 0x0C0A, 0x0C0A, 0x0C0A, 0x0C0A, 0x0C0A, 0x0C0A, 0x0C0A, 0x0C0A, 0x0C0A,
    0x0C0A, 0x0C0A, 0x0C0A, 0x0C0A, 0x0C0A, 0x0C09, 0x0C09, 0x0C09, 0x0C09, 0x0C09, 0x0C09, 0x0C09, 0x0BE9, 0x0BE9, 0x0BE9, 0x0BE9,
    0x0BE9, 0x0BE9, 0x0BE9, 0x0BE9, 0x0BE9, 0x0BE9, 0x0BE9, 0x0BE9, 0x0BE9, 0x0BE9, 0x0BE9, 0x0BE9, 0x0BE9, 0x0BE9, 0x0BC9, 0x0BC9,
    0x0BC9, 0x0BC9, 0x0BC9, 0x0BC9, 0x0BC9, 0x0BC9, 0x0BC9, 0x0BC9, 0x0BC9, 0x0BC9, 0x0BC9, 0x0BC9, 0x0BA9, 0x0BA9, 0x0BA9, 0x0BA9,
    0x0BA9, 0x0BA9, 0x0BA9, 0x0BA9, 0x0BA9, 0x0B88, 0x0B88, 0x0B88, 0x0B88, 0x0B88, 0x0B88, 0x0B88, 0x0B88, 0x0B88, 0x0B88, 0x0B88,
    0x0BA8, 0x0BA8, 0x0BA8, 0x0BA8, 0x0BA8, 0x0B88, 0x0B88, 0x0B88, 0x0B88, 0x0B88, 0x0B88, 0x0B88, 0x0BA9, 0x0BA9, 0x0BA9, 0x0BA9,
    0x0BA9, 0x0BA9, 0x0BA9, 0x0BA9, 0x0BA9, 0x0BA9, 0x0BC9, 0x0BC9, 0x0BC9, 0x0BC9, 0x0BC9, 0x0BC9, 0x0BC9, 0x0BC9, 0x0BC9, 0x0BC9,
    0x0BC9, 0x0BC9, 0x0BC9, 0x0BE9, 0x0BE9, 0x0BE9, 0x0BE9, 0x0BE9, 0x0BE9, 0x0BE9, 0x0BE9, 0x0BE9, 0x0BE9, 0x0BE9, 0x0BE9, 0x0BE9,
    0x0BE9, 0x0BE9, 0x0BE9, 0x0BE9, 0x0BE9, 0x0BE9, 0x0BE9, 0x0C09, 0x0C09, 0x0C09, 0x0C09, 0x0C09, 0x0C09, 0x0C09, 0x0C09, 0x0C0A,
    0x0C0A, 0x0C0A, 0x0C0A, 0x0C0A, 0x0C0A, 0x0C0A, 0x0C0A, 0x0C0A, 0x0C0A, 0x0C0A, 0x0C0A, 0x0C0A, 0x0C0A, 0x0C0A, 0x0C0A, 0x0C0A,
    0x0C0A, 0x0C0A, 0x0C0A, 0x0C0A, 0x0C0A, 0x0C0A, 0x0C0A, 0x0C0A, 0x0C0A, 0x0C0A, 0x0C0A, 0x0C0A, 0x0C0A, 0x0C0A, 0x0C0A, 0x0C0A,
    0x0C0A, 0x0C0A, 0x0C0A, 0x0C0A, 0x0C0A, 0x0C0A, 0x0C0A, 0x0C0A, 0x0C0A, 0x0C0A, 0x0C0A, 0x0C0A, 0x0C0A, 0x0C09, 0x0C09, 0x0C09,
    0x0C09, 0x0C09, 0x0C09, 0x0C09, 0x0C09, 0x0C09, 0x0BE9, 0x0BE9, 0x0BE9, 0x0BE9, 0x0BE9, 0x0BE9, 0x0BE9, 0x0BE9, 0x0BE9, 0x0BE9,
    0x0BE9, 0x0BE9, 0x0BE9, 0x0BE9, 0x0BE9, 0x0BE9, 0x0BE9, 0x0BE9, 0x0BE9, 0x0BC9, 0x0BC9, 0x0BC9, 0x0BC9, 0x0BC9, 0x0BC9, 0x0BC9,
    0x0BC9, 0x0BC9, 0x0BC9, 0x0BC9, 0x0BC9, 0x0BC9, 0x0BA9, 0x0BA9, 0x0BA9, 0x0BA9, 0x0BA9, 0x0BA9, 0x0BA9, 0x0BA9, 0x0BA9, 0x0BA9,
    0x0B88, 0x0B88, 0x0B88, 0x0B88, 0x0B88, 0x0B88, 0x0B88, 0x0B88, 0x0B88, 0x0B88, 0x0B88, 0x0B88, 0x0BA8, 0x0BA8, 0x0BA8, 0x0B88,
    0x0B88, 0x0B88, 0x0B88, 0x0B88, 0x0B88, 0x0B88, 0x0B88, 0x0B88, 0x0B88, 0x0B88, 0x0B88, 0x0BA9, 0x0BA9, 0x0BA9, 0x0BA9, 0x0BA9,
    0x0BA9, 0x0BA9, 0x0BA9, 0x0BA9, 0x0BA9, 0x0BC9, 0x0BC9, 0x0BC9, 0x0BC9, 0x0BC9, 0x0BC9, 0x0BC9, 0x0BC9, 0x0BC9, 0x0BC9, 0x0BC9,
    0x0BC9, 0x0BC9, 0x0BC9, 0x0BE9, 0x0BE9, 0x0BE9, 0x0BE9, 0x0BE9, 0x0BE9, 0x0BE9, 0x0BE9, 0x0BE9, 0x0BE9, 0x0BE9, 0x0BE9, 0x0BE9,
    0x0BE9, 0x0BE9, 0x0BE9, 0x0BE9, 0x0BE9, 0x0BE9, 0x0BE9, 0x0BE9, 0x0C09, 0x0C09, 0x0C09, 0x0C09, 0x0C09, 0x0C09, 0x0C09, 0x0C09,
    0x0C09, 0x0C09, 0x0C09, 0x0C09, 0x0C0A, 0x0C0A, 0x0C0A, 0x0C0A, 0x0C0A, 0x0C0A, 0x0C0A, 0x0C0A, 0x0C0A, 0x0C0A, 0x0C0A, 0x0C0A,
    0x0C0A, 0x0C0A, 0x0C0A, 0x0C0A, 0x0C0A, 0x0C0A, 0x0C0A, 0x0C0A, 0x0C0A, 0x0C0A, 0x0C0A, 0x0C0A, 0x0C0A, 0x0C0A, 0x0C0A, 0x0C0A,
    0x0C09, 0x0C09, 0x0C09, 0x0C09, 0x0C09, 0x0C09, 0x0C09, 0x0C09, 0x0C09, 0x0C09, 0x0C09, 0x0C09, 0x0BE9, 0x0BE9, 0x0BE9, 0x0BE9,
    0x0BE9, 0x0BE9, 0x0BE9, 0x0BE9, 0x0BE9, 0x0BE9, 0x0BE9, 0x0BE9, 0x0BE9, 0x0BE9, 0x0BE9, 0x0BE9, 0x0BE9, 0x0BE9, 0x0BE9, 0x0BE9,
    0x0BE9, 0x0BC9, 0x0BC9, 0x0BC9, 0x0BC9, 0x0BC9, 0x0BC9, 0x0BC9, 0x0BC9, 0x0BC9, 0x0BC9, 0x0BC9, 0x0BC9, 0x0BC9, 0x0BC9, 0x0BA9,
    0x0BA9, 0x0BA9, 0x0BA9, 0x0BA9, 0x0BA9, 0x0BA9, 0x0BA9, 0x0BA9, 0x0BA9, 0x0B88, 0x0B88, 0x0B88, 0x0B88, 0x0B88, 0x0B88, 0x0B88,
    0x0B88, 0x0B88, 0x0B88, 0x0B88, 0x0B88, 0x0B88, 0x0B88, 0x0B88, 0x0BA8, 0x0BA8, 0x0BA8, 0x0B88, 0x0B88, 0x0B88, 0x0B88, 0x0B88,
    0x0B88, 0x0B88, 0x0B88, 0x0B88, 0x0B88, 0x0B88, 0x0B88, 0x0B88, 0x0BA9, 0x0BA9, 0x0BA9, 0x0BA9, 0x0BA9, 0x0BA9, 0x0BA9, 0x0BA9,
    0x0BA9, 0x0BA9, 0x0BC9, 0x0BA9, 0x0BC9, 0x0BC9, 0x0BC9, 0x0BC9, 0x0BC9, 0x0BC9, 0x0BC9, 0x0BC9, 0x0BC9, 0x0BC9, 0x0BC9, 0x0BC9,
    0x0BC9, 0x0BE9, 0x0BC9, 0x0BE9, 0x0BE9, 0x0BE9, 0x0BE9, 0x0BE9, 0x0BE9, 0x0BE9, 0x0BE9, 0x0BE9, 0x0BE9, 0x0BE9, 0x0BE9, 0x0BE9,
    0x0BE9, 0x0BE9, 0x0BE9, 0x0BE9, 0x0BE9, 0x0BE9, 0x0BE9, 0x0BE9, 0x0BE9, 0x0C09, 0x0C09, 0x0BE9, 0x0BE9, 0x0C09, 0x0C09, 0x0C09,
    0x0C09, 0x0C09, 0x0C09, 0x0C09, 0x0C09, 0x0C09, 0x0C09, 0x0C09, 0x0C09, 0x0C09, 0x0C09, 0x0C09, 0x0C09, 0x0C09, 0x0C09, 0x0C09,
    0x0C09, 0x0C09, 0x0C09, 0x0C09, 0x0C09, 0x0C09, 0x0C09, 0x0C09, 0x0C09, 0x0C09, 0x0C09, 0x0C09, 0x0C09, 0x0C09, 0x0C09, 0x0BE9,
    0x0BE9, 0x0BE9, 0x0C09, 0x0C09, 0x0BE9, 0x0BE9, 0x0BE9, 0x0BE9, 0x0BE9, 0x0BE9, 0x0BE9, 0x0BE9, 0x0BE9, 0x0BE9, 0x0BE9, 0x0BE9,
    0x0BE9, 0x0BE9, 0x0BE9, 0x0BE9, 0x0BE9, 0x0BE9, 0x0BE9, 0x0BE9, 0x0BE9, 0x0BC9, 0x0BE9, 0x0BE9, 0x0BC9, 0x0BC9, 0x0BC9, 0x0BC9,
    0x0BC9, 0x0BC9, 0x0BC9, 0x0BC9, 0x0BC9, 0x0BC9, 0x0BC9, 0x0BC9, 0x0BC9, 0x0BC9, 0x0BA9, 0x0BA9, 0x0BA9, 0x0BA9, 0x0BA9, 0x0BA9,
    0x0BA9, 0x0BA9, 0x0BA9, 0x0BA9, 0x0B88, 0x0B88, 0x0B88, 0x0B88, 0x0B88, 0x0B88, 0x0B88, 0x0B88, 0x0B88, 0x0B88, 0x0B88, 0x0B88,
    0x0B88, 0x0B88, 0x0B88, 0x0B88, 0x0BA8, 0x0BA8, 0x0B88, 0x0B88, 0x0B88, 0x0B88, 0x0B88, 0x0B88, 0x0B88, 0x0B88, 0x0B88, 0x0B88,
    0x0B88, 0x0B88, 0x0B88, 0x0B88, 0x0B88, 0x0B88, 0x0BA9, 0x0BA9, 0x0BA9, 0x0BA9, 0x0BA9, 0x0BA9, 0x0BA9, 0x0BA9, 0x0BA9, 0x0BA9,
    0x0BA9, 0x0BC9, 0x0BC9, 0x0BC9, 0x0BC9, 0x0BC9, 0x0BC9, 0x0BC9, 0x0BC9, 0x0BC9, 0x0BC9, 0x0BC9, 0x0BC9, 0x0BC9, 0x0BC9, 0x0BC9,
    0x0BC9, 0x0BE9, 0x0BE9, 0x0BE9, 0x0BE9, 0x0BE9, 0x0BE9, 0x0BE9, 0x0BE9, 0x0BE9, 0x0BE9, 0x0BE9, 0x0BE9, 0x0BE9, 0x0BE9, 0x0BE9,
    0x0BE9, 0x0BE9, 0x0BE9, 0x0BE9, 0x0BE9, 0x0BE9, 0x0BE9, 0x0BE9, 0x0BE9, 0x0BE9, 0x0BE9, 0x0BE9, 0x0BE9, 0x0BE9, 0x0BE9, 0x0C09,
    0x0C09, 0x0C09, 0x0C09, 0x0C09, 0x0C09, 0x0C09, 0x0C09, 0x0C09, 0x0C09, 0x0C09, 0x0C09, 0x0C09, 0x0C09, 0x0C09, 0x0C09, 0x0C09,
    0x0C09, 0x0C09, 0x0C09, 0x0C09, 0x0C09, 0x0BE9, 0x0BE9, 0x0BE9, 0x0BE9, 0x0BE9, 0x0BE9, 0x0BE9, 0x0BE9, 0x0BE9, 0x0BE9, 0x0BE9,
    0x0BE9, 0x0BE9, 0x0BE9, 0x0BE9, 0x0BE9, 0x0BE9, 0x0BE9, 0x0BE9, 0x0BE9, 0x0BE9, 0x0BE9, 0x0BE9, 0x0BE9, 0x0BE9, 0x0BE9, 0x0BE9,
    0x0BE9, 0x0BE9, 0x0BE9, 0x0BC9, 0x0BC9, 0x0BC9, 0x0BC9, 0x0BC9, 0x0BC9, 0x0BC9, 0x0BC9, 0x0BC9, 0x0BC9, 0x0BC9, 0x0BC9, 0x0BC9,
    0x0BC9, 0x0BC9, 0x0BC9, 0x0BA9, 0x0BA9, 0x0BA9, 0x0BA9, 0x0BA9, 0x0BA9, 0x0BA9, 0x0BA9, 0x0BA9, 0x0BA9, 0x0B89, 0x0B88, 0x0B88,
    0x0B88, 0x0B88, 0x0B88, 0x0B88, 0x0B88, 0x0B88, 0x0B88, 0x0B88, 0x0B88, 0x0B88, 0x0B88, 0x0B88, 0x0B88, 0x0B88, 0x0B88, 0x0B88,
    0x0B88, 0x0B88, 0x0B88, 0x0B88, 0x0B88, 0x0B88, 0x0B88, 0x0B88, 0x0B88, 0x0B88, 0x0B88, 0x0B88, 0x0B88, 0x0B88, 0x0B88, 0x0B88,
    0x0B88, 0x0B88, 0x0B88, 0x0B88, 0x0B88, 0x0B88, 0x0BA9, 0x0BA9, 0x0BA9, 0x0BA9, 0x0BA9, 0x0BA9, 0x0BA9, 0x0BA9, 0x0BA9, 0x0BA9,
    0x0BC9, 0x0BC9, 0x0BC9, 0x0BC9, 0x0BC9, 0x0BC9, 0x0BC9, 0x0BC9, 0x0BC9, 0x0BC9, 0x0BC9, 0x0BC9, 0x0BC9, 0x0BC9, 0x0BC9, 0x0BC9,
    0x0BC9, 0x0BC9, 0x0BE9, 0x0BE9, 0x0BE9, 0x0BE9, 0x0BE9, 0x0BE9, 0x0BE9, 0x0BE9, 0x0BE9, 0x0BE9, 0x0BE9, 0x0BE9, 0x0BE9, 0x0BE9,
    0x0BE9, 0x0BE9, 0x0BE9, 0x0BE9, 0x0BE9, 0x0BE9, 0x0BE9, 0x0BE9, 0x0BE9, 0x0BE9, 0x0BE9, 0x0BE9, 0x0BE9, 0x0BE9, 0x0BE9, 0x0BE9,
    0x0BE9, 0x0BE9, 0x0BE9, 0x0BE9, 0x0BE9, 0x0BE9, 0x0BE9, 0x0BE9, 0x0BE9, 0x0BE9, 0x0BE9, 0x0BE9, 0x0BE9, 0x0BE9, 0x0BE9, 0x0BE9,
    0x0BE9, 0x0BE9, 0x0BE9, 0x0BE9, 0x0BE9, 0x0BE9, 0x0BE9, 0x0BE9, 0x0BE9, 0x0BE9, 0x0BE9, 0x0BE9, 0x0BE9, 0x0BE9, 0x0BE9, 0x0BE9,
    0x0BE9, 0x0BE9, 0x0BE9, 0x0BE9, 0x0BE9, 0x0BE9, 0x0BE9, 0x0BE9, 0x0BE9, 0x0BE9, 0x0BE9, 0x0BC9, 0x0BC9, 0x0BC9, 0x0BC9, 0x0BC9,
    0x0BC9, 0x0BC9, 0x0BC9, 0x0BC9, 0x0BC9, 0x0BC9, 0x0BC9, 0x0BC9, 0x0BC9, 0x0BC9, 0x0BC9, 0x0BC9, 0x0BA9, 0x0BA9, 0x0BA9, 0x0BA9,
    0x0BA9, 0x0BA9, 0x0BA9, 0x0BA9, 0x0BA9, 0x0BA9, 0x0BA9, 0x0B88, 0x0B88, 0x0B88, 0x0B88, 0x0B88, 0x0B88, 0x0B88, 0x0B88, 0x0B88,
    0x0B88, 0x0B88, 0x0B88, 0x0B88, 0x0B88, 0x0B88, 0x0B88, 0x0B88, 0x0B88, 0x0B88, 0x0B88, 0x0B88, 0x0B88, 0x0B88, 0x0B88, 0x0B88,
    0x0B88, 0x0B88, 0x0B88, 0x0B88, 0x0B88, 0x0B88, 0x0B88, 0x0B88, 0x0B88, 0x0B88, 0x0B88, 0x0B88, 0x0B88, 0x0B88, 0x0B88, 0x0B88,
    0x0B88, 0x0B88, 0x0B88, 0x0BA9, 0x0BA9, 0x0BA9, 0x0BA9, 0x0BA9, 0x0BA9, 0x0BA9, 0x0BA9, 0x0BA9, 0x0BA9, 0x0BA9, 0x0BC9, 0x0BC9,
    0x0BC9, 0x0BC9, 0x0BC9, 0x0BC9, 0x0BC9, 0x0BC9, 0x0BC9, 0x0BC9, 0x0BC9, 0x0BC9, 0x0BC9, 0x0BC9, 0x0BC9, 0x0BC9, 0x0BC9, 0x0BC9,
    0x0BE9, 0x0BE9, 0x0BE9, 0x0BE9, 0x0BE9, 0x0BE9, 0x0BE9, 0x0BE9, 0x0BE9, 0x0BE9, 0x0BE9, 0x0BE9, 0x0BE9, 0x0BE9, 0x0BE9, 0x0BE9,
    0x0BE9, 0x0BE9, 0x0BE9, 0x0BE9, 0x0BE9, 0x0BE9, 0x0BE9, 0x0BE9, 0x0BE9, 0x0BE9, 0x0BE9, 0x0BE9, 0x0BE9, 0x0BE9, 0x0BE9, 0x0BE9,
    0x0BE9, 0x0BE9, 0x0BE9, 0x0BE9, 0x0BE9, 0x0BE9, 0x0BE9, 0x0BE9, 0x0BE9, 0x0BE9, 0x0BE9, 0x0BE9, 0x0BE9, 0x0BE9, 0x0BE9, 0x0BE9,
    0x0BE9, 0x0BE9, 0x0BE9, 0x0BE9, 0x0BE9, 0x0BE9, 0x0BE9, 0x0BE9, 0x0BE9, 0x0BE9, 0x0BE9, 0x0BE9, 0x0BE9, 0x0BE9, 0x0BE9, 0x0BE9,
    0x0BE9, 0x0BE9, 0x0BE9, 0x0BE9, 0x0BC9, 0x0BC9, 0x0BC9, 0x0BC9, 0x0BC9, 0x0BC9, 0x0BC9, 0x0BC9, 0x0BC9, 0x0BC9, 0x0BC9, 0x0BC9,
    0x0BC9, 0x0BC9, 0x0BC9, 0x0BC9, 0x0BC9, 0x0BC9, 0x0BA9, 0x0BA9, 0x0BA9, 0x0BA9, 0x0BA9, 0x0BA9, 0x0BA9, 0x0BA9, 0x0BA9, 0x0BA9,
    0x0BA9, 0x0BA9, 0x0B88, 0x0B88, 0x0B88, 0x0B88, 0x0B88, 0x0B88, 0x0B88, 0x0B88, 0x0B88, 0x0B88, 0x0B88, 0x0B88, 0x0B88, 0x0B88,
    0x0B88, 0x0B88, 0x0B88, 0x0B88, 0x0B88, 0x0B88, 0x0B88, 0x0B88, 0x0B88, 0x0B88, 0x0B88, 0x0B88, 0x0B88, 0x0B88, 0x0B88, 0x0B88,
    0x0B88, 0x0B88, 0x0B88, 0x0B88, 0x0B88, 0x0B88, 0x0B88, 0x0B88, 0x0B88, 0x0B88, 0x0B88, 0x0B88, 0x0B88, 0x0B88, 0x0B88, 0x0B88,
    0x0B88, 0x0B88, 0x0BA9, 0x0BA9, 0x0BA9, 0x0BA9, 0x0BA9, 0x0BA9, 0x0BA9, 0x0BA9, 0x0BA9, 0x0BA9, 0x0BA9, 0x0BA9, 0x0BC9, 0x0BC9,
    0x0BC9, 0x0BC9, 0x0BC9, 0x0BC9, 0x0BC9, 0x0BC9, 0x0BC9, 0x0BC9, 0x0BC9, 0x0BC9, 0x0BC9, 0x0BC9, 0x0BC9, 0x0BC9, 0x0BC9, 0x0BC9,
    0x0BC9, 0x0BC9, 0x0BE9, 0x0BE9, 0x0BE9, 0x0BE9, 0x0BE9, 0x0BE9, 0x0BE9, 0x0BE9, 0x0BE9, 0x0BE9, 0x0BE9, 0x0BE9, 0x0BE9, 0x0BE9,
    0x0BE9, 0x0BE9, 0x0BE9, 0x0BE9, 0x0BE9, 0x0BE9, 0x0BE9, 0x0BE9, 0x0BE9, 0x0BE9, 0x0BE9, 0x0BE9, 0x0BE9, 0x0BE9, 0x0BE9, 0x0BE9,
    0x0BE9, 0x0BE9, 0x0BE9, 0x0BE9, 0x0BE9, 0x0BE9, 0x0BE9, 0x0BE9, 0x0BE9, 0x0BE9, 0x0BE9, 0x0BE9, 0x0BE9, 0x0BE9, 0x0BE9, 0x0BE9,
    0x0BE9, 0x0BE9, 0x0BE9, 0x0BE9, 0x0BE9, 0x0BE9, 0x0BE9, 0x0BE9, 0x0BE9, 0x0BE9, 0x0BC9, 0x0BC9, 0x0BC9, 0x0BC9, 0x0BC9, 0x0BC9,
    0x0BC9, 0x0BC9, 0x0BC9, 0x0BC9, 0x0BC9, 0x0BC9, 0x0BC9, 0x0BC9, 0x0BC9, 0x0BC9, 0x0BC9, 0x0BC9, 0x0BC9, 0x0BC9, 0x0BA9, 0x0BA9,
    0x0BA9, 0x0BA9, 0x0BA9, 0x0BA9, 0x0BA9, 0x0BA9, 0x0BA9, 0x0BA9, 0x0BA9, 0x0BA9, 0x0BA9, 0x0B88, 0x0B88, 0x0B88, 0x0B88, 0x0B88,
    0x0B88, 0x0B88, 0x0B88, 0x0B88, 0x0B88, 0x0B88, 0x0B88, 0x0B88, 0x0B88, 0x0B88, 0x0B88, 0x0B88, 0x0B88, 0x0B88, 0x0B88, 0x0B88,
    0x0B88, 0x0B88, 0x0B88, 0x0B88, 0x0B88, 0x0B88, 0x0B88, 0x0B88, 0x0B88, 0x0B88, 0x0B88, 0x0B88, 0x0B88, 0x0B88, 0x0B88, 0x0B88,
    0x0B88, 0x0B88, 0x0B88, 0x0B88, 0x0B88, 0x0B88, 0x0B88, 0x0B88, 0x0B88, 0x0B88, 0x0B88, 0x0B88, 0x0B88, 0x0B88, 0x0B88, 0x0BA9,
    0x0B89, 0x0BA9, 0x0BA9, 0x0BA9, 0x0BA9, 0x0BA9, 0x0BA9, 0x0BA9, 0x0BA9, 0x0BA9, 0x0BA9, 0x0BA9, 0x0BA9, 0x0BA9, 0x0BC9, 0x0BC9,
    0x0BC9, 0x0BC9, 0x0BC9, 0x0BC9, 0x0BC9, 0x0BC9, 0x0BC9, 0x0BC9, 0x0BC9, 0x0BC9, 0x0BC9, 0x0BC9, 0x0BC9, 0x0BC9, 0x0BC9, 0x0BC9,
    0x0BC9, 0x0BC9, 0x0BE9, 0x0BE9, 0x0BC9, 0x0BC9, 0x0BE9, 0x0BE9, 0x0BE9, 0x0BE9, 0x0BE9, 0x0BE9, 0x0BE9, 0x0BE9, 0x0BE9, 0x0BE9,
    0x0BE9, 0x0BE9, 0x0BE9, 0x0BE9, 0x0BE9, 0x0BE9, 0x0BE9, 0x0BE9, 0x0BE9, 0x0BE9, 0x0BE9, 0x0BE9, 0x0BE9, 0x0BE9, 0x0BE9, 0x0BE9,
    0x0BE9, 0x0BE9, 0x0BE9, 0x0BE9, 0x0BE9, 0x0BE9, 0x0BE9, 0x0BE9, 0x0BE9, 0x0BE9, 0x0BE9, 0x0BE9, 0x0BE9, 0x0BE9, 0x0BE9, 0x0BC9,
    0x0BE9, 0x0BE9, 0x0BC9, 0x0BC9, 0x0BC9, 0x0BC9, 0x0BC9, 0x0BC9, 0x0BC9, 0x0BC9, 0x0BC9, 0x0BC9, 0x0BC9, 0x0BC9, 0x0BC9, 0x0BC9,
    0x0BC9, 0x0BC9, 0x0BC9, 0x0BC9, 0x0BC9, 0x0BC9, 0x0BC9, 0x0BA9, 0x0BA9, 0x0BA9, 0x0BA9, 0x0BA9, 0x0BA9, 0x0BA9, 0x0BA9, 0x0BA9,
    0x0BA9, 0x0BA9, 0x0BA9, 0x0BA9, 0x0BA9, 0x0B88, 0x0B88, 0x0B88, 0x0B88, 0x0B88, 0x0B88, 0x0B88, 0x0B88, 0x0B88, 0x0B88, 0x0B88,
    0x0B88, 0x0B88, 0x0B88, 0x0B88, 0x0B88, 0x0B88, 0x0B88, 0x0B88, 0x0B88, 0x0B88, 0x0B88, 0x0B88, 0x0B88, 0x0B88, 0x0B88, 0x0B88,
    0x0B88, 0x0B88, 0x0B88, 0x0B88, 0x0B88, 0x0B88, 0x0B88, 0x0B88, 0x0B88, 0x0B88, 0x0B88, 0x0B88, 0x0B88, 0x0B88, 0x0B88, 0x0B88,
    0x0B88, 0x0B88, 0x0B88, 0x0B88, 0x0B88, 0x0B88, 0x0B88, 0x0B88, 0x0B88, 0x0B88, 0x0B88, 0x0B88, 0x0B88, 0x0B88, 0x0BA9, 0x0BA9,
    0x0BA9, 0x0BA9, 0x0BA9, 0x0BA9, 0x0BA9, 0x0BA9, 0x0BA9, 0x0BA9, 0x0BA9, 0x0BA9, 0x0BA9, 0x0BA9, 0x0BC9, 0x0BC9, 0x0BC9, 0x0BC9,
    0x0BC9, 0x0BC9, 0x0BC9, 0x0BC9, 0x0BC9, 0x0BC9, 0x0BC9, 0x0BC9, 0x0BC9, 0x0BC9, 0x0BC9, 0x0BC9, 0x0BC9, 0x0BC9, 0x0BC9, 0x0BC9,
    0x0BC9, 0x0BC9, 0x0BC9, 0x0BC9, 0x0BC9, 0x0BC9, 0x0BC9, 0x0BE9, 0x0BE9, 0x0BE9, 0x0BE9, 0x0BE9, 0x0BE9, 0x0BE9, 0x0BE9, 0x0BE9,
    0x0BE9, 0x0BE9, 0x0BE9, 0x0BE9, 0x0BE9, 0x0BE9, 0x0BE9, 0x0BE9, 0x0BE9, 0x0BE9, 0x0BE9, 0x0BE9, 0x0BE9, 0x0BE9, 0x0BE9, 0x0BE9,
    0x0BE9, 0x0BE9, 0x0BE9, 0x0BE9, 0x0BE9, 0x0BC9, 0x0BC9, 0x0BC9, 0x0BC9, 0x0BC9, 0x0BC9, 0x0BC9, 0x0BC9, 0x0BC9, 0x0BC9, 0x0BC9,
    0x0BC9, 0x0BC9, 0x0BC9, 0x0BC9, 0x0BC9, 0x0BC9, 0x0BC9, 0x0BC9, 0x0BC9, 0x0BC9, 0x0BC9, 0x0BC9, 0x0BC9, 0x0BC9, 0x0BC9, 0x0BC9,
    0x0BA9, 0x0BA9, 0x0BA9, 0x0BA9, 0x0BA9, 0x0BA9, 0x0BA9, 0x0BA9, 0x0BA9, 0x0BA9, 0x0BA9, 0x0BA9, 0x0BA9, 0x0BA9, 0x0B88, 0x0B88,
    0x0B88, 0x0B88, 0x0B88, 0x0B88, 0x0B88, 0x0B88, 0x0B88, 0x0B88, 0x0B88, 0x0B88, 0x0B88, 0x0B88, 0x0B88, 0x0B88, 0x0B88, 0x0B88,
    0x0B88, 0x0B88, 0x0B88, 0x0B88, 0x0B88, 0x0B88, 0x0B88, 0x0B88, 0x0B88, 0x0B88, 0x0B88, 0x0B88, 0x0B88, 0x0B88, 0x0B88, 0x0B88,
    0x0B88, 0x0B88, 0x0B88, 0x0B88, 0x0B88, 0x0B88, 0x0B88, 0x0B88, 0x0B88, 0x0B88, 0x0B88, 0x0B88, 0x0B88, 0x0B88, 0x0B88, 0x0B88,
    0x0B88, 0x0B88, 0x0B88, 0x0B88, 0x0B88, 0x0B88, 0x0B88, 0x0B88, 0x0B88, 0x0B88, 0x0B88, 0x0B88, 0x0B88, 0x0B88, 0x0BA9, 0x0BA9,
    0x0BA9, 0x0BA9, 0x0BA9, 0x0BA9, 0x0BA9, 0x0BA9, 0x0BA9, 0x0BA9, 0x0BA9, 0x0BA9, 0x0BA9, 0x0BA9, 0x0BA9, 0x0BC9, 0x0BC9, 0x0BC9,
    0x0BC9, 0x0BC9, 0x0BC9, 0x0BC9, 0x0BC9, 0x0BC9, 0x0BC9, 0x0BC9, 0x0BC9, 0x0BC9, 0x0BC9, 0x0BC9, 0x0BC9, 0x0BC9, 0x0BC9, 0x0BC9,
    0x0BC9, 0x0BC9, 0x0BC9, 0x0BC9, 0x0BC9, 0x0BC9, 0x0BC9, 0x0BC9, 0x0BC9, 0x0BC9, 0x0BC9, 0x0BC9, 0x0BC9, 0x0BC9, 0x0BC9, 0x0BC9,
    0x0BC9, 0x0BC9, 0x0BC9, 0x0BC9, 0x0BC9, 0x0BC9, 0x0BC9, 0x0BC9, 0x0BC9, 0x0BC9, 0x0BC9, 0x0BC9, 0x0BC9, 0x0BC9, 0x0BC9, 0x0BC9,
    0x0BC9, 0x0BC9, 0x0BC9, 0x0BC9, 0x0BC9, 0x0BC9, 0x0BC9, 0x0BC9, 0x0BC9, 0x0BC9, 0x0BC9, 0x0BC9, 0x0BC9, 0x0BC9, 0x0BC9, 0x0BC9,
    0x0BC9, 0x0BC9, 0x0BC9, 0x0BC9, 0x0BC9, 0x0BC9, 0x0BC9, 0x0BC9, 0x0BA9, 0x0BA9, 0x0BA9, 0x0BA9, 0x0BA9, 0x0BA9, 0x0BA9, 0x0BA9,
    0x0BA9, 0x0BA9, 0x0BA9, 0x0BA9, 0x0BA9, 0x0BA9, 0x0BA8, 0x0B88, 0x0B88, 0x0B88, 0x0B88, 0x0B88, 0x0B88, 0x0B88, 0x0B88, 0x0B88,
    0x0B88, 0x0B88, 0x0B88, 0x0B88, 0x0B88, 0x0B88, 0x0B88, 0x0B88, 0x0B88, 0x0B88, 0x0B88, 0x0B88, 0x0B88, 0x0B88, 0x0B88, 0x0B88,
    0x0B88, 0x0B88, 0x0B88, 0x0B88, 0x0B88, 0x0B88, 0x0B88, 0x0B88, 0x0B88, 0x0B88, 0x0B88, 0x0B88, 0x0B88, 0x0B88, 0x0B88, 0x0B88,
    0x0B88, 0x0B88, 0x0B88, 0x0B88, 0x0B88, 0x0B88, 0x0B88, 0x0B88, 0x0B88, 0x0B88, 0x0B88, 0x0B88, 0x0B88, 0x0B88, 0x0B88, 0x0B88,
    0x0B88, 0x0B88, 0x0B88, 0x0B88, 0x0B88, 0x0B88, 0x0B88, 0x0B88, 0x0B88, 0x0B88, 0x0B88, 0x0B88, 0x0BA9, 0x0BA9, 0x0BA9, 0x0BA9,
    0x0BA9, 0x0BA9, 0x0BA9, 0x0BA9, 0x0BA9, 0x0BA9, 0x0BA9, 0x0BA9, 0x0BA9, 0x0BA9, 0x0BA9, 0x0BC9, 0x0BC9, 0x0BC9, 0x0BC9, 0x0BC9,
    0x0BC9, 0x0BC9, 0x0BC9, 0x0BC9, 0x0BC9, 0x0BC9, 0x0BC9, 0x0BC9, 0x0BC9, 0x0BC9, 0x0BC9, 0x0BC9, 0x0BC9, 0x0BC9, 0x0BC9, 0x0BC9,
    0x0BC9, 0x0BC9, 0x0BC9, 0x0BC9, 0x0BC9, 0x0BC9, 0x0BC9, 0x0BC9, 0x0BC9, 0x0BC9, 0x0BC9, 0x0BC9, 0x0BC9, 0x0BC9, 0x0BC9, 0x0BC9,
    0x0BC9, 0x0BC9, 0x0BC9, 0x0BC9, 0x0BC9, 0x0BC9, 0x0BC9, 0x0BC9, 0x0BC9, 0x0BC9, 0x0BC9, 0x0BC9, 0x0BC9, 0x0BC9, 0x0BC9, 0x0BC9,
    0x0BC9, 0x0BC9, 0x0BC9, 0x0BC9, 0x0BC9, 0x0BC9, 0x0BC9, 0x0BC9, 0x0BC9, 0x0BC9, 0x0BC9, 0x0BC9, 0x0BC9, 0x0BC9, 0x0BC9, 0x0BC9,
    0x0BC9, 0x0BA9, 0x0BA9, 0x0BA9, 0x0BA9, 0x0BA9, 0x0BA9, 0x0BA9, 0x0BA9, 0x0BA9, 0x0BA9, 0x0BA9, 0x0BA9, 0x0BA9, 0x0BA9, 0x0BA9,
    0x0BA9, 0x0B88, 0x0B88, 0x0B88, 0x0B88, 0x0B88, 0x0B88, 0x0B88, 0x0B88, 0x0B88, 0x0B88, 0x0B88, 0x0B88, 0x0B88, 0x0B88, 0x0B88,
    0x0B88, 0x0B88, 0x0B88, 0x0B88, 0x0B88, 0x0B88, 0x0B88, 0x0B88, 0x0B88, 0x0B88, 0x0B88, 0x0B88, 0x0B88, 0x0B88, 0x0B88, 0x0B88,
    0x0B88, 0x0B88, 0x0B88, 0x0B88, 0x0B88, 0x0B88, 0x0B88, 0x0B88, 0x0B88, 0x0B88, 0x0B88, 0x0B88, 0x0B88, 0x0B88, 0x0B88, 0x0B88,
    0x0B88, 0x0B88, 0x0B88, 0x0B88, 0x0B88, 0x0B88, 0x0B88, 0x0B88, 0x0B88, 0x0B88, 0x0B88, 0x0B88, 0x0B88, 0x0B88, 0x0B88, 0x0B88,
    0x0B88, 0x0B88, 0x0B88, 0x0B88, 0x0B88, 0x0B88, 0x0B88, 0x0B88, 0x0B88, 0x0B88, 0x0B88, 0x0B88, 0x0BA9, 0x0BA9, 0x0BA9, 0x0BA9,
    0x0BA9, 0x0BA9, 0x0BA9, 0x0BA9, 0x0BA9, 0x0BA9, 0x0BA9, 0x0BA9, 0x0BA9, 0x0BA9, 0x0BA9, 0x0BA9, 0x0BA9, 0x0BC9, 0x0BC9, 0x0BC9,
    0x0BC9, 0x0BC9, 0x0BC9, 0x0BC9, 0x0BC9, 0x0BC9, 0x0BC9, 0x0BC9, 0x0BC9, 0x0BC9, 0x0BC9, 0x0BC9, 0x0BC9, 0x0BC9, 0x0BC9, 0x0BC9,
    0x0BC9, 0x0BC9, 0x0BC9, 0x0BC9, 0x0BC9, 0x0BC9, 0x0BC9, 0x0BC9, 0x0BC9, 0x0BC9, 0x0BC9, 0x0BC9, 0x0BC9, 0x0BC9, 0x0BC9, 0x0BC9,
    0x0BC9, 0x0BC9, 0x0BC9, 0x0BC9, 0x0BC9, 0x0BC9, 0x0BC9, 0x0BC9, 0x0BC9, 0x0BC9, 0x0BC9, 0x0BC9, 0x0BC9, 0x0BC9, 0x0BC9, 0x0BC9,
    0x0BC9, 0x0BC9, 0x0BC9, 0x0BC9, 0x0BC9, 0x0BC9, 0x0BC9, 0x0BA9, 0x0BA9, 0x0BA9, 0x0BA9, 0x0BA9, 0x0BA9, 0x0BA9, 0x0BA9, 0x0BA9,
    0x0BA9, 0x0BA9, 0x0BA9, 0x0BA9, 0x0BA9, 0x0BA9, 0x0BA9, 0x0BA9, 0x0BA9, 0x0B88, 0x0B88, 0x0B88, 0x0B88, 0x0B88, 0x0B88, 0x0B88,
    0x0B88, 0x0B88, 0x0B88, 0x0B88, 0x0B88, 0x0B88, 0x0B88, 0x0B88, 0x0B88, 0x0B88, 0x0B88, 0x0B88, 0x0B88, 0x0B88, 0x0B88, 0x0B88,
    0x0B88, 0x0B88, 0x0B88, 0x0B88, 0x0B88, 0x0B88, 0x0B88, 0x0B88, 0x0B88, 0x0B88, 0x0B88, 0x0B88, 0x0B88, 0x0B88, 0x0B88, 0x0B88,
    0x0B88, 0x0B88, 0x0B88, 0x0B88, 0x0B88, 0x0B88, 0x0B88, 0x0B88, 0x0B88, 0x0B88, 0x0B88, 0x0B88, 0x0B88, 0x0B88, 0x0B88, 0x0B88,
    0x0B88, 0x0B88, 0x0B88, 0x0B88, 0x0B88, 0x0B88, 0x0B88, 0x0B88, 0x0B88, 0x0B88, 0x0B88, 0x0B88, 0x0B88, 0x0B88, 0x0B88, 0x0B88,
    0x0B88, 0x0B88, 0x0B88, 0x0B88, 0x0B88, 0x0B88, 0x0B88, 0x0B88, 0x0B88, 0x0B88, 0x0BA9, 0x0B89, 0x0BA9, 0x0BA9, 0x0BA9, 0x0BA9,
    0x0BA9, 0x0BA9, 0x0BA9, 0x0BA9, 0x0BA9, 0x0BA9, 0x0BA9, 0x0BA9, 0x0BA9, 0x0BA9, 0x0BA9, 0x0BA9, 0x0BC9, 0x0BC9, 0x0BA9, 0x0BA9,
    0x0BC9, 0x0BC9, 0x0BC9, 0x0BC9, 0x0BC9, 0x0BC9, 0x0BC9, 0x0BC9, 0x0BC9, 0x0BC9, 0x0BC9, 0x0BC9, 0x0BC9, 0x0BC9, 0x0BC9, 0x0BC9,
    0x0BC9, 0x0BC9, 0x0BC9, 0x0BC9, 0x0BC9, 0x0BC9, 0x0BC9, 0x0BC9, 0x0BC9, 0x0BC9, 0x0BC9, 0x0BC9, 0x0BC9, 0x0BC9, 0x0BC9, 0x0BC9,
    0x0BC9, 0x0BC9, 0x0BC9, 0x0BC9, 0x0BC9, 0x0BC9, 0x0BC9, 0x0BC9, 0x0BC9, 0x0BC9, 0x0BC9, 0x0BC9, 0x0BA9, 0x0BA9, 0x0BC9, 0x0BC9,
    0x0BA9, 0x0BA9, 0x0BA9, 0x0BA9, 0x0BA9, 0x0BA9, 0x0BA9, 0x0BA9, 0x0BA9, 0x0BA9, 0x0BA9, 0x0BA9, 0x0BA9, 0x0BA9, 0x0BA9, 0x0BA9,
    0x0B89, 0x0BA9, 0x0B88, 0x0B88, 0x0B88, 0x0B88, 0x0B88, 0x0B88, 0x0B88, 0x0B88, 0x0B88, 0x0B88, 0x0B88, 0x0B88, 0x0B88, 0x0B88,
    0x0B88, 0x0B88, 0x0B88, 0x0B88, 0x0B88, 0x0B88, 0x0B88, 0x0B88, 0x0B88, 0x0B88, 0x0B88, 0x0B88, 0x0B88, 0x0B88, 0x0B88, 0x0B88,
    0x0B88, 0x0B88, 0x0B88, 0x0B88, 0x0B88, 0x0B88, 0x0B88, 0x0B88, 0x0B88, 0x0B88, 0x0B88, 0x0B88, 0x0B88, 0x0B88, 0x0B88, 0x0B88,
    0x0B88, 0x0B88, 0x0B88, 0x0B88, 0x0B88, 0x0B88, 0x0B88, 0x0B88, 0x0B88, 0x0B88, 0x0B88, 0x0B88, 0x0B88, 0x0B88, 0x0B88, 0x0B88,
    0x0B88, 0x0B88, 0x0B88, 0x0B88, 0x0B88, 0x0B88, 0x0B88, 0x0B88, 0x0B88, 0x0B88, 0x0B88, 0x0B88, 0x0B88, 0x0B88, 0x0B88, 0x0B88,
    0x0B88, 0x0B88, 0x0B88, 0x0B88, 0x0B88, 0x0B88, 0x0B88, 0x0B88, 0x0B88, 0x0B88, 0x0BA9, 0x0BA9, 0x0BA9, 0x0BA9, 0x0BA9, 0x0BA9,
    0x0BA9, 0x0BA9, 0x0BA9, 0x0BA9, 0x0BA9, 0x0BA9, 0x0BA9, 0x0BA9, 0x0BA9, 0x0BA9, 0x0BA9, 0x0BA9, 0x0BA9, 0x0BA9, 0x0BA9, 0x0BA9,
    0x0BA9, 0x0BA9, 0x0BC9, 0x0BC9, 0x0BC9, 0x0BC9, 0x0BC9, 0x0BC9, 0x0BC9, 0x0BC9, 0x0BC9, 0x0BC9, 0x0BC9, 0x0BC9, 0x0BC9, 0x0BC9,
    0x0BC9, 0x0BC9, 0x0BC9, 0x0BC9, 0x0BC9, 0x0BC9, 0x0BC9, 0x0BC9, 0x0BC9, 0x0BC9, 0x0BC9, 0x0BC9, 0x0BC9, 0x0BC9, 0x0BC9, 0x0BC9,
    0x0BC9, 0x0BC9, 0x0BC9, 0x0BA9, 0x0BA9, 0x0BA9, 0x0BA9, 0x0BA9, 0x0BA9, 0x0BA9, 0x0BA9, 0x0BA9, 0x0BA9, 0x0BA9, 0x0BA9, 0x0BA9,
    0x0BA9, 0x0BA9, 0x0BA9, 0x0BA9, 0x0BA9, 0x0BA9, 0x0BA9, 0x0BA9, 0x0BA9, 0x0BA9, 0x0B88, 0x0B88, 0x0B88, 0x0B88, 0x0B88, 0x0B88,
    0x0B88, 0x0B88, 0x0B88, 0x0B88, 0x0B88, 0x0B88, 0x0B88, 0x0B88, 0x0B88, 0x0B88, 0x0B88, 0x0B88, 0x0B88, 0x0B88, 0x0B88, 0x0B88,
    0x0B88, 0x0B88, 0x0B88, 0x0B88, 0x0B88, 0x0B88, 0x0B88, 0x0B88, 0x0B88, 0x0B88, 0x0B88, 0x0B88, 0x0B88, 0x0B88, 0x0B88, 0x0B88,
    0x0B88, 0x0B88, 0x0B88, 0x0B88, 0x0B88, 0x0B88, 0x0B88, 0x0B88, 0x0B88, 0x0B88, 0x0B88, 0x0B88, 0x0B88, 0x0B88, 0x0B88, 0x0B88,
    0x0B88, 0x0B88, 0x0B88, 0x0B88, 0x0B88, 0x0B88, 0x0B88, 0x0B88, 0x0B88, 0x0B88, 0x0B88, 0x0B88, 0x0B88, 0x0B88, 0x0B88, 0x0B88,
    0x0B88, 0x0B88, 0x0B88, 0x0B88, 0x0B88, 0x0B88, 0x0B88, 0x0B88, 0x0B88, 0x0B88, 0x0B88, 0x0B88, 0x0B88, 0x0B88, 0x0B88, 0x0B88,
    0x0B88, 0x0B88, 0x0B88, 0x0B88, 0x0B88, 0x0B88, 0x0B88, 0x0B88, 0x0B88, 0x0B88, 0x0B88, 0x0B88, 0x0BA9, 0x0BA9, 0x0BA9, 0x0BA9,
    0x0BA9, 0x0BA9, 0x0BA9, 0x0BA9, 0x0BA9, 0x0BA9, 0x0BA9, 0x0BA9, 0x0BA9, 0x0BA9, 0x0BA9, 0x0BA9, 0x0BA9, 0x0BA9, 0x0BA9, 0x0BA9,
    0x0BA9, 0x0BA9, 0x0BA9, 0x0BA9, 0x0BA9, 0x0BA9, 0x0BA9, 0x0BA9, 0x0BA9, 0x0BA9, 0x0BA9, 0x0BA9, 0x0BA9, 0x0BA9, 0x0BA9, 0x0BA9,
    0x0BA9, 0x0BA9, 0x0BA9, 0x0BA9, 0x0BA9, 0x0BA9, 0x0BA9, 0x0BA9, 0x0BA9, 0x0BA9, 0x0BA9, 0x0BA9, 0x0BA9, 0x0BA9, 0x0BA9, 0x0BA9,
    0x0BA9, 0x0BA9, 0x0BA9, 0x0BA9, 0x0BA9, 0x0BA9, 0x0BA9, 0x0BA9, 0x0BA9, 0x0BA9, 0x0BA9, 0x0BA9, 0x0BA9, 0x0BA9, 0x0BA9, 0x0BA9,
    0x0BA9, 0x0B88, 0x0B88, 0x0B88, 0x0B88, 0x0B88, 0x0B88, 0x0B88, 0x0B88, 0x0B88, 0x0B88, 0x0B88, 0x0B88, 0x0B88, 0x0B88, 0x0B88,
    0x0B88, 0x0B88, 0x0B88, 0x0B88, 0x0B88, 0x0B88, 0x0B88, 0x0B88, 0x0B88, 0x0B88, 0x0B88, 0x0B88, 0x0B88, 0x0B88, 0x0B88, 0x0B88,
    0x0B88, 0x0B88, 0x0B88, 0x0B88, 0x0B88, 0x0B88, 0x0B88, 0x0B88, 0x0B88, 0x0B88, 0x0B88, 0x0B88, 0x0B88, 0x0B88, 0x0B88, 0x0B88,
    0x0B88, 0x0B88, 0x0B88, 0x0B88, 0x0B88, 0x0B88, 0x0B88, 0x0B88, 0x0B88, 0x0B88, 0x0B88, 0x0B88, 0x0B88, 0x0B88, 0x0B88, 0x0B88,
    0x0B88, 0x0B88, 0x0B88, 0x0B88, 0x0B88, 0x0B88, 0x0B88, 0x0B88, 0x0B88, 0x0B88, 0x0B88, 0x0B88, 0x0B88, 0x0B88, 0x0B88, 0x0B88,
    0x0B88, 0x0B88, 0x0B88, 0x0B88, 0x0B88, 0x0B88, 0x0B88, 0x0B88, 0x0B88, 0x0B88, 0x0B88, 0x0B88, 0x0B88, 0x0B88, 0x0B88, 0x0B88,
    0x0B88, 0x0B88, 0x0B88, 0x0B88, 0x0B88, 0x0B88, 0x0B88, 0x0B88, 0x0B88, 0x0B88, 0x0BA9, 0x0BA9, 0x0BA9, 0x0BA9, 0x0BA9, 0x0BA9,
    0x0BA9, 0x0BA9, 0x0BA9, 0x0BA9, 0x0BA9, 0x0BA9, 0x0BA9, 0x0BA9, 0x0BA9, 0x0BA9, 0x0BA9, 0x0BA9, 0x0BA9, 0x0BA9, 0x0BA9, 0x0BA9,
    0x0BA9, 0x0BA9, 0x0BA9, 0x0BA9, 0x0BA9, 0x0BA9, 0x0BA9, 0x0BA9, 0x0BA9, 0x0BA9, 0x0BA9, 0x0BA9, 0x0BA9, 0x0BA9, 0x0BA9, 0x0BA9,
    0x0BA9, 0x0BA9, 0x0BA9, 0x0BA9, 0x0BA9, 0x0BA9, 0x0BA9, 0x0BA9, 0x0BA9, 0x0BA9, 0x0BA9, 0x0BA9, 0x0BA9, 0x0BA9, 0x0BA9, 0x0BA9,
    0x0BA9, 0x0BA9, 0x0BA9, 0x0BA9, 0x0BA9, 0x0BA9, 0x0BA9, 0x0BA9, 0x0BA9, 0x0BA9, 0x0B88, 0x0B88, 0x0B88, 0x0B88, 0x0B88, 0x0B88,
    0x0B88, 0x0B88, 0x0B88, 0x0B88, 0x0B88, 0x0B88, 0x0B88, 0x0B88, 0x0B88, 0x0B88, 0x0B88, 0x0B88, 0x0B88, 0x0B88, 0x0B88, 0x0B88,
    0x0B88, 0x0B88, 0x0B88, 0x0B88, 0x0B88, 0x0B88, 0x0B88, 0x0B88, 0x0B88, 0x0B88, 0x0B88, 0x0B88, 0x0B88, 0x0B88, 0x0B88, 0x0B88,
    0x0B88, 0x0B88, 0x0B88, 0x0B88, 0x0B88, 0x0B88, 0x0B88, 0x0B88, 0x0B88, 0x0B88, 0x0B88, 0x0B88, 0x0B88, 0x0B88, 0x0B88, 0x0B88,
    0x0B88, 0x0B88, 0x0B88, 0x0B88, 0x0B88, 0x0B88, 0x0B88, 0x0B88, 0x0B88, 0x0B88, 0x0B88, 0x0B88, 0x0B88, 0x0B88, 0x0B88, 0x0B88,
    0x0B88, 0x0B88, 0x0B88, 0x0B88, 0x0B88, 0x0B88, 0x0B88, 0x0B88, 0x0B88, 0x0B88, 0x0B88, 0x0B88, 0x0B88, 0x0B88, 0x0B88, 0x0B88,
    0x0B88, 0x0B88, 0x0B88, 0x0B88, 0x0B88, 0x0B88, 0x0B88, 0x0B88, 0x0B88, 0x0B88, 0x0B88, 0x0B88, 0x0B88, 0x0B88, 0x0B88, 0x0B88,
    0x0B88, 0x0B88, 0x0B88, 0x0B88, 0x0B88, 0x0B88, 0x0B88, 0x0B88, 0x0B88, 0x0B88, 0x0B88, 0x0B88, 0x0B88, 0x0BA9, 0x0BA9, 0x0BA9,
    0x0BA9, 0x0BA9, 0x0BA9, 0x0BA9, 0x0BA9, 0x0BA9, 0x0BA9, 0x0BA9, 0x0BA9, 0x0BA9, 0x0BA9, 0x0BA9, 0x0BA9, 0x0BA9, 0x0BA9, 0x0BA9,
    0x0BA9, 0x0BA9, 0x0BA9, 0x0BA9, 0x0BA9, 0x0BA9, 0x0BA9, 0x0BA9, 0x0BA9, 0x0BA9, 0x0BA9, 0x0BA9, 0x0BA9, 0x0BA9, 0x0BA9, 0x0BA9,
    0x0BA9, 0x0BA9, 0x0BA9, 0x0BA9, 0x0BA9, 0x0BA9, 0x0BA9, 0x0BA9, 0x0BA9, 0x0BA9, 0x0BA9, 0x0BA9, 0x0BA9, 0x0BA9, 0x0BA9, 0x0B88,
    0x0B88, 0x0B88, 0x0B88, 0x0B88, 0x0B88, 0x0B88, 0x0B88, 0x0B88, 0x0B88, 0x0B88, 0x0B88, 0x0B88, 0x0B88, 0x0B88, 0x0B88, 0x0B88,
    0x0B88, 0x0B88, 0x0B88, 0x0B88, 0x0B88, 0x0B88, 0x0B88, 0x0B88, 0x0B88, 0x0B88, 0x0B88, 0x0B88, 0x0B88, 0x0B88, 0x0B88, 0x0B88,
    0x0B88, 0x0B88, 0x0B88, 0x0B88, 0x0B88, 0x0B88, 0x0B88, 0x0B88, 0x0B88, 0x0B88, 0x0B88, 0x0B88, 0x0B88, 0x0B88, 0x0B88, 0x0B88,
    0x0B88, 0x0B88, 0x0B88, 0x0B88, 0x0B88, 0x0B88, 0x0B88, 0x0B88, 0x0B88, 0x0B88, 0x0B88, 0x0B88, 0x0B88, 0x0B88, 0x0B88, 0x0B88,
    0x0B88, 0x0B88, 0x0B88, 0x0B88, 0x0B88, 0x0B88, 0x0B88, 0x0B88, 0x0B88, 0x0B88, 0x0B88, 0x0B88, 0x0B88, 0x0B88, 0x0B88, 0x0B88,
    0x0B88, 0x0B88, 0x0B88, 0x0B88, 0x0B88, 0x0B88, 0x0B88, 0x0B88, 0x0B88, 0x0B88, 0x0B88, 0x0B88, 0x0B88, 0x0B88, 0x0B88, 0x0B88,
    0x0B88, 0x0B88, 0x0B88, 0x0B88, 0x0B88, 0x0B88, 0x0B88, 0x0B88, 0x0B88, 0x0B88, 0x0B88, 0x0B88, 0x0B88, 0x0B88, 0x0B88, 0x0B88,
    0x0B88, 0x0B88, 0x0B88, 0x0B88, 0x0B88, 0x0B88, 0x0B88, 0x0B88, 0x0B88, 0x0B88, 0x0B88, 0x0B88, 0x0B88, 0x0BA9, 0x0BA9, 0x0BA9,
    0x0BA9, 0x0BA9, 0x0B89, 0x0BA9, 0x0BA9, 0x0BA9, 0x0BA9, 0x0BA9, 0x0BA9, 0x0BA9, 0x0BA9, 0x0BA9, 0x0BA9, 0x0BA9, 0x0BA9, 0x0BA9,
    0x0BA9, 0x0BA9, 0x0BA9, 0x0BA9, 0x0BA9, 0x0BA9, 0x0BA9, 0x0BA9, 0x0BA9, 0x0BA9, 0x0BA9, 0x0BA9, 0x0BA9, 0x0BA9, 0x0BA9, 0x0BA9,
    0x0BA9, 0x0B89, 0x0BA9, 0x0BA9, 0x0BA9, 0x0BA9, 0x0BA9, 0x0B88, 0x0B88, 0x0B88, 0x0B88, 0x0B88, 0x0B88, 0x0B88, 0x0B88, 0x0B88,
    0x0B88, 0x0B88, 0x0B88, 0x0B88, 0x0B88, 0x0B88, 0x0B88, 0x0B88, 0x0B88, 0x0B88, 0x0B88, 0x0B88, 0x0B88, 0x0B88, 0x0B88, 0x0B88,
    0x0B88, 0x0B88, 0x0B88, 0x0B88, 0x0B88, 0x0B88, 0x0B88, 0x0B88, 0x0B88, 0x0B88, 0x0B88, 0x0B88, 0x0B88, 0x0B88, 0x0B88, 0x0B88,
    0x0B88, 0x0B88, 0x0B88, 0x0B88, 0x0B88, 0x0B88, 0x0B88, 0x0B88, 0x0B88, 0x0B88, 0x0B88, 0x0B88, 0x0B88, 0x0B88, 0x0B88, 0x0B88,
    0x0B88, 0x0B88, 0x0B88, 0x0B88, 0x0B88, 0x0B88, 0x0B88, 0x0B88, 0x0B88, 0x0B88, 0x0B88, 0x0B88, 0x0B88, 0x0B88, 0x0B88, 0x0B88,
    0x0B88, 0x0B88, 0x0B88, 0x0B88, 0x0B88, 0x0B88, 0x0B88, 0x0B88, 0x0B88, 0x0B88, 0x0B88, 0x0B88, 0x0B88, 0x0B88, 0x0B88, 0x0B88,
    0x0B88, 0x0B88, 0x0B88, 0x0B88, 0x0B88, 0x0B88, 0x0B88, 0x0B88, 0x0B88, 0x0B88, 0x0B88, 0x0B88, 0x0B88, 0x0B88, 0x0B88, 0x0B88,
    0x0B88, 0x0B88, 0x0B88, 0x0B88, 0x0B88, 0x0B88, 0x0B88, 0x0B88, 0x0B88, 0x0B88, 0x0B88, 0x0B88, 0x0B88, 0x0B88, 0x0B88, 0x0B88,
    0x0B88, 0x0B88, 0x0B88, 0x0B88, 0x0B88, 0x0B88, 0x0B88, 0x0B88, 0x0B88, 0x0B88, 0x0B88, 0x0B88, 0x0B88, 0x0B88, 0x0B88, 0x0B88,
    0x0B88, 0x0B88, 0x0B88, 0x0B88, 0x0B88, 0x0B88, 0x0B88, 0x0B88, 0x0BA9, 0x0BA9, 0x0BA9, 0x0BA9, 0x0BA9, 0x0BA9, 0x0BA9, 0x0BA9,
    0x0BA9, 0x0BA9, 0x0BA9, 0x0BA9, 0x0B88, 0x0B88, 0x0B88, 0x0B88, 0x0B88, 0x0B88, 0x0B88, 0x0B88, 0x0B88, 0x0B88, 0x0B88, 0x0B88,
    0x0B88, 0x0B88, 0x0B88, 0x0B88, 0x0B88, 0x0B88, 0x0B88, 0x0B88, 0x0B88, 0x0B88, 0x0B88, 0x0B88, 0x0B88, 0x0B88, 0x0B88, 0x0B88,
    0x0B88, 0x0B88, 0x0B88, 0x0B88, 0x0B88, 0x0B88, 0x0B88, 0x0B88, 0x0B88, 0x0B88, 0x0B88, 0x0B88, 0x0B88, 0x0B88, 0x0B88, 0x0B88,
    0x0B88, 0x0B88, 0x0B88, 0x0B88, 0x0B88, 0x0B88, 0x0B88, 0x0B88, 0x0B88, 0x0B88, 0x0B88, 0x0B88, 0x0B88, 0x0B88, 0x0B88, 0x0B88,
    0x0B88, 0x0B88, 0x0B88, 0x0B88, 0x0B88, 0x0B88, 0x0B88, 0x0B88, 0x0B88, 0x0B88, 0x0B88, 0x0B88, 0x0B88, 0x0B88, 0x0B88, 0x0B88,
    0x0B88, 0x0B88, 0x0B88, 0x0B88, 0x0B88, 0x0B88, 0x0B88, 0x0B88, 0x0B88, 0x0B88, 0x0B88, 0x0B88, 0x0B88, 0x0B88, 0x0B88, 0x0B88,
    0x0B88, 0x0B88, 0x0B88, 0x0B88, 0x0B88, 0x0B88, 0x0B88, 0x0B88, 0x0B88, 0x0B88, 0x0B88, 0x0B88, 0x0B88, 0x0B88, 0x0B88, 0x0B88,
    0x0B88, 0x0B88, 0x0B88, 0x0B88, 0x0B88, 0x0B88, 0x0B88, 0x0B88, 0x0B88, 0x0B88, 0x0B88, 0x0B88, 0x0B88, 0x0B88, 0x0B88, 0x0B88,
    0x0B88, 0x0B88, 0x0B88, 0x0B88, 0x0B88, 0x0B88, 0x0B88, 0x0B88, 0x0B88, 0x0B88, 0x0B88, 0x0B88, 0x0B88, 0x0B88, 0x0B88, 0x0B88,
    0x0B88, 0x0B88, 0x0B88, 0x0B88, 0x0B88, 0x0B88, 0x0B88, 0x0B88, 0x0B88, 0x0B88, 0x0B88, 0x0B88, 0x0B88, 0x0B88, 0x0B88, 0x0B88,
    0x0B88, 0x0B88, 0x0B88, 0x0B88, 0x0B88, 0x0B88, 0x0B88, 0x0B88, 0x0B88, 0x0B88, 0x0B88, 0x0B88, 0x0B88, 0x0B88, 0x0B88, 0x0B88,
    0x0B88, 0x0B88, 0x0B88, 0x0B88, 0x0B88, 0x0B88, 0x0B88, 0x0B88, 0x0B88, 0x0B88, 0x0B88, 0x0B88, 0x0B88, 0x0B88, 0x0B88, 0x0B88,
    0x0B88, 0x0B88, 0x0B88, 0x0B88, 0x0B88, 0x0B88, 0x0B88, 0x0B88, 0x0B88, 0x0B88, 0x0B88, 0x0B88, 0x0B88, 0x0B88, 0x0B88, 0x0B88,
    0x0B88, 0x0B88, 0x0B88, 0x0B88, 0x0B88, 0x0B88, 0x0B88, 0x0B88, 0x0B88, 0x0B88, 0x0B88, 0x0B88, 0x0B88, 0x0B88, 0x0B88, 0x0B88,
    0x0B88, 0x0B88, 0x0B88, 0x0B88, 0x0B88, 0x0B88, 0x0B88, 0x0B88, 0x0B88, 0x0B88, 0x0B88, 0x0B88, 0x0B88, 0x0B88, 0x0B88, 0x0B88,
    0x0B88, 0x0B88, 0x0B88, 0x0B88, 0x0B88, 0x0B88, 0x0B88, 0x0B88, 0x0B88, 0x0B88, 0x0B88, 0x0B88, 0x0B88, 0x0B88, 0x0B88, 0x0B88,
};
