ISO-10303-21;
HEADER;
FILE_DESCRIPTION(('Open CASCADE Model'),'2;1');
FILE_NAME('Open CASCADE Shape Model','1970-01-01T00:00:00',('Author'),(
    'Open CASCADE'),'Open CASCADE STEP processor 7.8','Open CASCADE 7.8'
  ,'Unknown');
FILE_SCHEMA(('AUTOMOTIVE_DESIGN { 1 0 10303 214 1 1 1 1 }'));
ENDSEC;
DATA;
#1 = DIRECTION('',(0.,0.786011783021,0.618211514736));
#2 = AXIS2_PLACEMENT_3D('',#7717,#2554,#1118);
#3 = FACE_BOUND('',#4958,.T.);
#4 = CARTESIAN_POINT('',(0.847408432526,1.695018233394));
#5 = SURFACE_CURVE('',#1398,(#4166,#423),.PCURVE_S1.);
#6 = DIRECTION('',(0.,1.));
#7 = PRODUCT_DEFINITION_SHAPE('Placement','Placement of an item',
  #5610);
#8 = EDGE_CURVE('',#832,#8518,#3512,.T.);
#9 = CARTESIAN_POINT('',(2.785581191932,6.48));
#10 = CARTESIAN_POINT('',(0.,-3.81));
#11 = EDGE_CURVE('',#235,#6454,#2418,.T.);
#12 = DEFINITIONAL_REPRESENTATION('',(#1900),#3764);
#13 = B_SPLINE_CURVE_WITH_KNOTS('',3,(#6694,#6503,#6291,#8889,#3399,
    #8569,#6133,#3861,#5392,#1482,#232,#4085,#3120,#3912,#1391,#1187,
    #1238,#845,#6656,#5130,#7222,#6373,#3121,#2237,#8394),
  .UNSPECIFIED.,.F.,.F.,(4,1,1,1,1,1,1,1,1,1,1,1,1,1,1,1,1,1,1,1,1,1,4),
  (2.949519592335,2.966980779722,2.984441967108,3.001903154495,
    3.019364341882,3.036825529269,3.054286716656,3.071747904043,
    3.089209091429,3.106670278816,3.124131466203,3.14159265359,
    3.159053840977,3.176515028363,3.19397621575,3.211437403137,
    3.228898590524,3.246359777911,3.263820965297,3.281282152684,
    3.298743340071,3.316204527458,3.333665714845),
  .QUASI_UNIFORM_KNOTS.);
#14 = AXIS2_PLACEMENT_3D('',#6158,#6725,#3040);
#15 = DIRECTION('',(1.,0.));
#16 = CARTESIAN_POINT('',(3.175,0.,2.45));
#17 = CARTESIAN_POINT('',(2.381248372471,-7.737847641762,
    2.824010550988));
#18 = CARTESIAN_POINT('',(4.507067475873,-16.29536604948));
#19 = DIRECTION('',(1.,0.));
#20 = CARTESIAN_POINT('',(5.419414533552,4.562752181977));
#21 = CARTESIAN_POINT('',(3.808057922674,4.34095440806));
#22 = ( GEOMETRIC_REPRESENTATION_CONTEXT(2) 
PARAMETRIC_REPRESENTATION_CONTEXT() REPRESENTATION_CONTEXT('2D SPACE',''
  ) );
#23 = CARTESIAN_POINT('',(5.115847405815,2.915676026498));
#24 = CYLINDRICAL_SURFACE('',#7426,8.1);
#25 = VECTOR('',#5152,1.);
#26 = DIRECTION('',(1.,0.));
#27 = CARTESIAN_POINT('',(0.666465269084,5.026303982043));
#28 = LINE('',#3307,#7878);
#29 = ADVANCED_FACE('',(#54),#6180,.F.);
#30 = EDGE_LOOP('',(#517,#8795,#8584,#8723));
#31 = CARTESIAN_POINT('',(1.173975164121,3.046233316807));
#32 = CARTESIAN_POINT('',(1.264732775727,6.00975526292));
#33 = DIRECTION('',(1.,7.809156628361E-16));
#34 = CIRCLE('',#8325,3.81);
#35 = CARTESIAN_POINT('',(-6.48,7.35,-2.45));
#36 = CARTESIAN_POINT('',(7.189529478474E-05,-7.666882285908E-02));
#37 = DIRECTION('',(0.,-1.,-1.25431921618E-16));
#38 = DIRECTION('',(-0.,1.351732578683E-16,-1.));
#39 = CARTESIAN_POINT('',(6.6675,-4.949335182628));
#40 = CARTESIAN_POINT('',(5.215,3.317644961472));
#41 = PCURVE('',#6411,#8724);
#42 = SURFACE_CURVE('',#4291,(#3331,#1997),.PCURVE_S1.);
#43 = CARTESIAN_POINT('',(1.168162384357,3.355616218473));
#44 = DEFINITIONAL_REPRESENTATION('',(#3075),#4049);
#45 = CIRCLE('',#8505,3.675);
#46 = VECTOR('',#586,1.);
#47 = DEFINITIONAL_REPRESENTATION('',(#708),#6923);
#48 = ADVANCED_FACE('',(#4669),#3436,.F.);
#49 = ( GEOMETRIC_REPRESENTATION_CONTEXT(2) 
PARAMETRIC_REPRESENTATION_CONTEXT() REPRESENTATION_CONTEXT('2D SPACE',''
  ) );
#50 = CARTESIAN_POINT('',(3.818406864133,-6.969743293599,
    2.586841508369));
#51 = DIRECTION('',(1.,0.,0.));
#52 = PCURVE('',#5587,#6752);
#53 = CARTESIAN_POINT('',(-6.48,-9.463104515072));
#54 = FACE_BOUND('',#7086,.F.);
#55 = DIRECTION('',(0.,1.));
#56 = ( GEOMETRIC_REPRESENTATION_CONTEXT(2) 
PARAMETRIC_REPRESENTATION_CONTEXT() REPRESENTATION_CONTEXT('2D SPACE',''
  ) );
#57 = DIRECTION('',(1.,0.,0.));
#58 = CARTESIAN_POINT('',(2.95,2.49));
#59 = CARTESIAN_POINT('',(2.033051124497,7.849179592495,2.88365873287)
  );
#60 = PCURVE('',#6407,#795);
#61 = PCURVE('',#7270,#7413);
#62 = PCURVE('',#976,#5529);
#63 = LINE('',#3180,#548);
#64 = CARTESIAN_POINT('',(1.128247242412,8.040580620376,3.051946911369
    ));
#65 = PCURVE('',#976,#7631);
#66 = PCURVE('',#4625,#6403);
#67 = PCURVE('',#1194,#2551);
#68 = ( GEOMETRIC_REPRESENTATION_CONTEXT(2) 
PARAMETRIC_REPRESENTATION_CONTEXT() REPRESENTATION_CONTEXT('2D SPACE',''
  ) );
#69 = DEFINITIONAL_REPRESENTATION('',(#8467),#1842);
#70 = VECTOR('',#7367,1.);
#71 = VECTOR('',#55,1.);
#72 = EDGE_CURVE('',#5345,#3623,#3880,.T.);
#73 = CARTESIAN_POINT('',(0.692526926345,1.967584895772));
#74 = EDGE_LOOP('',(#3888,#7495,#4695,#2125));
#75 = CARTESIAN_POINT('',(0.978645990234,8.744879487215));
#76 = CARTESIAN_POINT('',(4.986016092463,1.774839500547));
#77 = CARTESIAN_POINT('',(1.570796326795,3.14159265359));
#78 = LINE('',#6686,#4884);
#79 = LINE('',#1181,#6006);
#80 = DIRECTION('',(1.,0.));
#81 = CARTESIAN_POINT('',(1.570796326795,3.552713678801E-15));
#82 = CARTESIAN_POINT('',(0.,-3.5));
#83 = SURFACE_CURVE('',#6707,(#7117,#4477),.PCURVE_S1.);
#84 = CARTESIAN_POINT('',(2.475127384505,2.141994991084));
#85 = CARTESIAN_POINT('',(3.123778569939,2.814425362107));
#86 = DIRECTION('',(0.,1.,1.351732578683E-16));
#87 = CARTESIAN_POINT('',(6.28318530718,3.14159265359));
#88 = FACE_BOUND('',#7412,.T.);
#89 = ( GEOMETRIC_REPRESENTATION_CONTEXT(2) 
PARAMETRIC_REPRESENTATION_CONTEXT() REPRESENTATION_CONTEXT('2D SPACE',''
  ) );
#90 = SURFACE_CURVE('',#5095,(#998,#3565),.PCURVE_S1.);
#91 = DEFINITIONAL_REPRESENTATION('',(#7975),#4565);
#92 = EDGE_LOOP('',(#462,#5802,#4186,#6066,#1752,#5171,#8098));
#93 = DEFINITIONAL_REPRESENTATION('',(#7769),#8899);
#94 = CARTESIAN_POINT('',(3.994295346411E-03,0.));
#95 = VECTOR('',#7603,1.);
#96 = CARTESIAN_POINT('',(5.715,0.,17.75));
#97 = CARTESIAN_POINT('',(2.199523233586,5.103666857242));
#98 = ( GEOMETRIC_REPRESENTATION_CONTEXT(2) 
PARAMETRIC_REPRESENTATION_CONTEXT() REPRESENTATION_CONTEXT('2D SPACE',''
  ) );
#99 = CARTESIAN_POINT('',(4.398473978727,0.454685283222));
#100 = ( GEOMETRIC_REPRESENTATION_CONTEXT(2) 
PARAMETRIC_REPRESENTATION_CONTEXT() REPRESENTATION_CONTEXT('2D SPACE',''
  ) );
#101 = CARTESIAN_POINT('',(6.48,1.867121487446,2.45));
#102 = ORIENTED_EDGE('',*,*,#8712,.T.);
#103 = SHAPE_REPRESENTATION('',(#8444,#6195),#7341);
#104 = ORIENTED_EDGE('',*,*,#2366,.F.);
#105 = EDGE_LOOP('',(#7689,#2393));
#106 = PCURVE('',#8748,#8138);
#107 = CARTESIAN_POINT('',(3.888107408909,4.140519409107));
#108 = VECTOR('',#6524,1.);
#109 = DEFINITIONAL_REPRESENTATION('',(#7444),#1812);
#110 = CARTESIAN_POINT('',(2.475127384505,-4.759988869075E-02));
#111 = SURFACE_CURVE('',#572,(#2464,#7217),.PCURVE_S1.);
#112 = CARTESIAN_POINT('',(5.715,-3.299556788419));
#113 = CARTESIAN_POINT('',(1.570796326795,2.998792987518));
#114 = CARTESIAN_POINT('',(4.712388980385,-1.856395658939));
#115 = CARTESIAN_POINT('',(1.165254985476,3.71213232333));
#116 = VECTOR('',#6430,1.);
#117 = ORIENTED_EDGE('',*,*,#8011,.T.);
#118 = LINE('',#858,#7455);
#119 = AXIS2_PLACEMENT_3D('',#8857,#8254,#2239);
#120 = VERTEX_POINT('',#4714);
#121 = DEFINITIONAL_REPRESENTATION('',(#6493),#3477);
#122 = CARTESIAN_POINT('',(0.,-3.5));
#123 = CARTESIAN_POINT('',(0.666465269084,3.312930047086));
#124 = SURFACE_CURVE('',#7159,(#5496,#3876),.PCURVE_S1.);
#125 = PCURVE('',#7382,#5904);
#126 = EDGE_CURVE('',#8301,#3262,#1637,.T.);
#127 = ORIENTED_EDGE('',*,*,#5218,.F.);
#128 = DIRECTION('',(1.,0.));
#129 = CIRCLE('',#3343,3.81);
#130 = CARTESIAN_POINT('',(5.717155178511,-0.399204745199));
#131 = CARTESIAN_POINT('',(6.420650700207,5.212190581661,-2.45));
#132 = CARTESIAN_POINT('',(0.,14.4975,-15.75));
#133 = CARTESIAN_POINT('',(-6.420650700207,-5.212190581661,-2.45));
#134 = CARTESIAN_POINT('',(6.045395690523,-3.644380244491));
#135 = CARTESIAN_POINT('',(2.475127384505,-2.284794657156));
#136 = CARTESIAN_POINT('',(3.808057922674,1.428218718632));
#137 = DIRECTION('',(0.,-1.351732578683E-16,1.));
#138 = FACE_BOUND('',#407,.T.);
#139 = VECTOR('',#1134,1.);
#140 = CARTESIAN_POINT('',(4.873703863287,-16.23846606732));
#141 = VECTOR('',#4968,1.);
#142 = ( GEOMETRIC_REPRESENTATION_CONTEXT(2) 
PARAMETRIC_REPRESENTATION_CONTEXT() REPRESENTATION_CONTEXT('2D SPACE',''
  ) );
#143 = CARTESIAN_POINT('',(3.808057922674,2.199236989363));
#144 = CARTESIAN_POINT('',(0.785707859015,4.46669492353));
#145 = LINE('',#82,#3762);
#146 = CARTESIAN_POINT('',(1.159100317068,2.755629496503));
#147 = VECTOR('',#6678,1.);
#148 = AXIS2_PLACEMENT_2D('',#8388,#1744);
#149 = CARTESIAN_POINT('',(2.475423985937,3.007033176826));
#150 = PLANE('',#2877);
#151 = PCURVE('',#962,#5609);
#152 = CARTESIAN_POINT('',(5.616720038095,0.571198664289));
#153 = DEFINITIONAL_REPRESENTATION('',(#4767),#6079);
#154 = FACE_BOUND('',#2547,.F.);
#155 = CARTESIAN_POINT('',(1.185656601648,3.895507907745));
#156 = CARTESIAN_POINT('',(3.65195895546,-8.160279410187E-07));
#157 = CARTESIAN_POINT('',(4.712388980385,0.142799666072));
#158 = CARTESIAN_POINT('',(5.063149348146,2.197430339838));
#159 = DIRECTION('',(-1.224646799147E-16,1.,0.));
#160 = DEFINITIONAL_REPRESENTATION('',(#5831),#1484);
#161 = VERTEX_POINT('',#7180);
#162 = CARTESIAN_POINT('',(-0.680518726879,-1.925944942247E-13,
    -3.13134262259));
#163 = LINE('',#617,#2703);
#164 = CARTESIAN_POINT('',(8.140839597332E-16,0.7025,-19.25));
#165 = LINE('',#6559,#8201);
#166 = CARTESIAN_POINT('',(4.398473978727,0.31867202338));
#167 = CARTESIAN_POINT('',(0.,0.));
#168 = CARTESIAN_POINT('',(5.315917824058,5.177945358383));
#169 = CARTESIAN_POINT('',(3.912505438679E-03,2.395282166543E-06));
#170 = ORIENTED_EDGE('',*,*,#8078,.F.);
#171 = DEFINITIONAL_REPRESENTATION('',(#768),#7829);
#172 = DIRECTION('',(-0.,1.351732578683E-16,-1.));
#173 = CARTESIAN_POINT('',(0.,-2.5));
#174 = CARTESIAN_POINT('',(3.808057922674,4.854966588547));
#175 = CARTESIAN_POINT('',(1.570796326795,-2.570393989301));
#176 = SURFACE_CURVE('',#3929,(#4549,#8372),.PCURVE_S1.);
#177 = DIRECTION('',(-0.,1.351732578683E-16,-1.));
#178 = SURFACE_CURVE('',#7062,(#5061,#3203),.PCURVE_S1.);
#179 = CARTESIAN_POINT('',(1.159423669086,3.588376971646));
#180 = CARTESIAN_POINT('',(3.81,0.,19.25));
#181 = VERTEX_POINT('',#96);
#182 = ORIENTED_EDGE('',*,*,#5356,.T.);
#183 = CARTESIAN_POINT('',(1.676366320018,-7.92463222876,2.950000000003
    ));
#184 = ( GEOMETRIC_REPRESENTATION_CONTEXT(2) 
PARAMETRIC_REPRESENTATION_CONTEXT() REPRESENTATION_CONTEXT('2D SPACE',''
  ) );
#185 = VECTOR('',#5001,1.);
#186 = CARTESIAN_POINT('',(4.617192527919,-16.17936213493));
#187 = CARTESIAN_POINT('',(5.465917253293,1.756888210822));
#188 = CARTESIAN_POINT('',(-3.092814931636,0.,5.909511023253E-02));
#189 = CARTESIAN_POINT('',(3.993446436743E-03,0.));
#190 = EDGE_CURVE('',#7271,#161,#5854,.T.);
#191 = EDGE_LOOP('',(#2087,#1273,#8014));
#192 = ORIENTED_EDGE('',*,*,#4612,.T.);
#193 = VECTOR('',#7436,1.);
#194 = CARTESIAN_POINT('',(2.58491986942,2.748827816871));
#195 = ( GEOMETRIC_REPRESENTATION_CONTEXT(2) 
PARAMETRIC_REPRESENTATION_CONTEXT() REPRESENTATION_CONTEXT('2D SPACE',''
  ) );
#196 = PCURVE('',#8229,#753);
#197 = DIRECTION('',(1.,0.));
#198 = CARTESIAN_POINT('',(5.212281340155,5.531014665599,2.45));
#199 = PLANE('',#1678);
#200 = PCURVE('',#4108,#555);
#201 = PCURVE('',#8748,#2071);
#202 = VERTEX_POINT('',#3396);
#203 = PCURVE('',#1235,#3221);
#204 = CARTESIAN_POINT('',(3.14159265359,0.));
#205 = DEFINITIONAL_REPRESENTATION('',(#447),#4074);
#206 = CARTESIAN_POINT('',(13.345331776238,6.29215290593));
#207 = DEFINITIONAL_REPRESENTATION('',(#8587),#7153);
#208 = CARTESIAN_POINT('',(4.712388980385,-3.14159265359));
#209 = CARTESIAN_POINT('',(1.570796326795,0.));
#210 = DIRECTION('',(0.,-4.417119961978E-15,-1.));
#211 = LINE('',#5901,#5498);
#212 = DIRECTION('',(1.,0.,-0.));
#213 = CARTESIAN_POINT('',(0.,-3.675,-18.75));
#214 = ( GEOMETRIC_REPRESENTATION_CONTEXT(2) 
PARAMETRIC_REPRESENTATION_CONTEXT() REPRESENTATION_CONTEXT('2D SPACE',''
  ) );
#215 = DEFINITIONAL_REPRESENTATION('',(#4648),#8047);
#216 = DIRECTION('',(0.,1.));
#217 = EDGE_CURVE('',#5158,#3291,#5823,.T.);
#218 = CARTESIAN_POINT('',(3.829121893848,3.946831941423));
#219 = CARTESIAN_POINT('',(0.826086507909,1.390211619673));
#220 = EDGE_CURVE('',#2312,#2914,#2175,.T.);
#221 = LINE('',#7038,#3341);
#222 = ( GEOMETRIC_REPRESENTATION_CONTEXT(2) 
PARAMETRIC_REPRESENTATION_CONTEXT() REPRESENTATION_CONTEXT('2D SPACE',''
  ) );
#223 = CARTESIAN_POINT('',(3.771974384593,-0.434281438132));
#224 = CARTESIAN_POINT('',(-6.48,-1.508019041618,2.45));
#225 = DIRECTION('',(0.,1.));
#226 = CARTESIAN_POINT('',(3.286712312542E-03,1.733315153466E-05));
#227 = ORIENTED_EDGE('',*,*,#641,.F.);
#228 = CARTESIAN_POINT('',(-5.620735230732,4.941745824118,2.45));
#229 = AXIS2_PLACEMENT_3D('',#4058,#515,#7605);
#230 = LINE('',#860,#723);
#231 = CARTESIAN_POINT('',(6.451532248738,2.227884420004,2.45));
#232 = CARTESIAN_POINT('',(3.993446436743E-03,0.409363658022));
#233 = ( GEOMETRIC_REPRESENTATION_CONTEXT(2) 
PARAMETRIC_REPRESENTATION_CONTEXT() REPRESENTATION_CONTEXT('2D SPACE',''
  ) );
#234 = LINE('',#1561,#634);
#235 = VERTEX_POINT('',#4090);
#236 = PCURVE('',#4256,#6124);
#237 = LINE('',#1689,#4980);
#238 = CARTESIAN_POINT('',(6.48,3.19426938448,-2.45));
#239 = CARTESIAN_POINT('',(-3.019844003343,-0.606089220357,
    -0.816186562689));
#240 = ORIENTED_EDGE('',*,*,#694,.F.);
#241 = ( GEOMETRIC_REPRESENTATION_CONTEXT(2) 
PARAMETRIC_REPRESENTATION_CONTEXT() REPRESENTATION_CONTEXT('2D SPACE',''
  ) );
#242 = AXIS2_PLACEMENT_3D('',#659,#6300,#4323);
#243 = CARTESIAN_POINT('',(1.008868145832E-03,1.000001367562));
#244 = ORIENTED_EDGE('',*,*,#1237,.T.);
#245 = CARTESIAN_POINT('',(4.247260089242,-3.382742044706));
#246 = DIRECTION('',(-0.,1.351732578683E-16,-1.));
#247 = CARTESIAN_POINT('',(1.570796326795,-2.141994991084));
#248 = PCURVE('',#636,#2885);
#249 = CARTESIAN_POINT('',(0.,-7.35,-16.75));
#250 = CARTESIAN_POINT('',(3.428690346357,6.48));
#251 = SURFACE_CURVE('',#1828,(#3851,#2047),.PCURVE_S1.);
#252 = CARTESIAN_POINT('',(5.616720038095,0.856797996434));
#253 = CARTESIAN_POINT('',(1.570796326795,-0.428398998217));
#254 = ( GEOMETRIC_REPRESENTATION_CONTEXT(2) 
PARAMETRIC_REPRESENTATION_CONTEXT() REPRESENTATION_CONTEXT('2D SPACE',''
  ) );
#255 = CARTESIAN_POINT('',(1.159449121356,2.693458005548));
#256 = LINE('',#5318,#1393);
#257 = VECTOR('',#2337,1.);
#258 = CARTESIAN_POINT('',(1.314010873376,1.658527471211));
#259 = CARTESIAN_POINT('',(19.25,1.126163241215));
#260 = DEFINITIONAL_REPRESENTATION('',(#7435),#8401);
#261 = LINE('',#2792,#8234);
#262 = PCURVE('',#778,#7490);
#263 = CARTESIAN_POINT('',(1.884711328453,0.545314716778));
#264 = CARTESIAN_POINT('',(1.570796326795,2.641793822337));
#265 = ORIENTED_EDGE('',*,*,#4513,.F.);
#266 = CARTESIAN_POINT('',(0.692130389853,4.315026138045));
#267 = AXIS2_PLACEMENT_3D('',#7516,#8028,#3962);
#268 = DIRECTION('',(-0.,1.351732578683E-16,-1.));
#269 = EDGE_LOOP('',(#7284,#3796,#7903));
#270 = CARTESIAN_POINT('',(-0.5,12.379833147099));
#271 = CARTESIAN_POINT('',(14.465404265647,6.054786095462));
#272 = EDGE_LOOP('',(#265,#5450,#8675,#3296));
#273 = VECTOR('',#2226,1.);
#274 = PCURVE('',#1656,#6548);
#275 = ( GEOMETRIC_REPRESENTATION_CONTEXT(2) 
PARAMETRIC_REPRESENTATION_CONTEXT() REPRESENTATION_CONTEXT('2D SPACE',''
  ) );
#276 = CARTESIAN_POINT('',(2.277827757039,-1.580772778632E-05));
#277 = DIRECTION('',(1.,0.));
#278 = CARTESIAN_POINT('',(4.764703788928,0.666021548429));
#279 = DEFINITIONAL_REPRESENTATION('',(#426),#5417);
#280 = CARTESIAN_POINT('',(-5.405934833294,9.184882016696,-2.45));
#281 = DEFINITIONAL_REPRESENTATION('',(#2285),#1940);
#282 = DIRECTION('',(0.,0.,-1.));
#283 = LINE('',#3231,#7232);
#284 = EDGE_CURVE('',#1409,#5707,#290,.T.);
#285 = CARTESIAN_POINT('',(2.85633787274,2.501400360764));
#286 = AXIS2_PLACEMENT_3D('',#3402,#3941,#6817);
#287 = PCURVE('',#5003,#930);
#288 = DIRECTION('',(1.,0.));
#289 = DIRECTION('',(0.,1.));
#290 = SURFACE_CURVE('',#4461,(#4541,#200),.PCURVE_S1.);
#291 = EDGE_CURVE('',#2104,#8301,#7854,.T.);
#292 = CIRCLE('',#5659,6.48);
#293 = PCURVE('',#910,#1121);
#294 = ( GEOMETRIC_REPRESENTATION_CONTEXT(2) 
PARAMETRIC_REPRESENTATION_CONTEXT() REPRESENTATION_CONTEXT('2D SPACE',''
  ) );
#295 = FACE_BOUND('',#3418,.T.);
#296 = CARTESIAN_POINT('',(-3.81,-6.6475));
#297 = B_SPLINE_CURVE_WITH_KNOTS('',3,(#2580,#6570,#3905,#5905,#2033,#8283,
    #1130,#8112,#8793,#2153,#5780,#1263,#1182,#1936,#4310,#4948,#5993,#7584,#8128,
    #7800,#313,#123,#1026,#4263,#7520),.UNSPECIFIED.,.F.,.F.,(4,1,1,1,1,1,1,
    1,1,1,1,1,1,1,1,1,1,1,1,1,1,1,4),(2.827677651932,2.913346348679,
    2.999015045427,3.084683742175,3.170352438923,3.256021135671,
    3.341689832419,3.427358529167,3.513027225915,3.598695922662,
    3.68436461941,3.770033316158,3.855702012906,3.941370709654,
    4.027039406402,4.11270810315,4.198376799897,4.284045496645,
    4.369714193393,4.455382890141,4.541051586889,4.626720283637,
    4.712388980385),.QUASI_UNIFORM_KNOTS.);
#298 = CARTESIAN_POINT('',(1.866684855643E-03,0.999979779824));
#299 = CARTESIAN_POINT('',(4.247685429923,6.636050805231,2.524211269047
    ));
#300 = SURFACE_CURVE('',#4579,(#1532,#8798),.PCURVE_S1.);
#301 = VECTOR('',#455,1.);
#302 = ( BOUNDED_CURVE() B_SPLINE_CURVE(2,(#2643,#1677,#3258,#5424,
#6431,#1395,#6371),.UNSPECIFIED.,.T.,.F.) B_SPLINE_CURVE_WITH_KNOTS((1,2
    ,2,2,2,1),(-2.094395102393,0.,2.094395102393,4.188790204786,
6.28318530718,8.377580409573),.UNSPECIFIED.) CURVE() 
GEOMETRIC_REPRESENTATION_ITEM() RATIONAL_B_SPLINE_CURVE((1.,0.5,1.,0.5,
1.,0.5,1.)) REPRESENTATION_ITEM('') );
#303 = EDGE_CURVE('',#2956,#3623,#3672,.T.);
#304 = CARTESIAN_POINT('',(4.118915456468,5.159613736327));
#305 = CARTESIAN_POINT('',(0.,-13.9975,-16.75));
#306 = DIRECTION('',(-0.,1.351732578683E-16,-1.));
#307 = DIRECTION('',(-1.,0.));
#308 = CARTESIAN_POINT('',(0.,-7.35,-19.25));
#309 = DEFINITIONAL_REPRESENTATION('',(#395),#4289);
#310 = VECTOR('',#8792,1.);
#311 = LINE('',#5176,#7629);
#312 = DIRECTION('',(-0.,-0.,1.));
#313 = CARTESIAN_POINT('',(0.666465269084,3.398598743833));
#314 = CARTESIAN_POINT('',(1.380021103724,1.561863637891));
#315 = CARTESIAN_POINT('',(0.,0.,17.75));
#316 = ORIENTED_EDGE('',*,*,#2366,.T.);
#317 = VECTOR('',#7916,1.);
#318 = CARTESIAN_POINT('',(1.220048126138,4.085812422284));
#319 = CARTESIAN_POINT('',(1.570796326795,4.355389815204));
#320 = CARTESIAN_POINT('',(0.968062157575,-8.816974331527));
#321 = CARTESIAN_POINT('',(5.541406664242,4.391276568415));
#322 = CARTESIAN_POINT('',(4.291557191422,1.523251046054));
#323 = ( GEOMETRIC_REPRESENTATION_CONTEXT(2) 
PARAMETRIC_REPRESENTATION_CONTEXT() REPRESENTATION_CONTEXT('2D SPACE',''
  ) );
#324 = AXIS2_PLACEMENT_3D('',#1968,#8839,#2209);
#325 = SURFACE_CURVE('',#3597,(#3714,#7375),.PCURVE_S1.);
#326 = CARTESIAN_POINT('',(29.28,-6.48));
#327 = CARTESIAN_POINT('',(5.022568394522,-0.643068803556));
#328 = CARTESIAN_POINT('',(0.,7.35,-19.25));
#329 = DIRECTION('',(0.,1.));
#330 = CARTESIAN_POINT('',(0.826103712774,4.89296274588));
#331 = CARTESIAN_POINT('',(1.175388382804,3.137598017576));
#332 = CARTESIAN_POINT('',(5.616720038095,3.14159265359));
#333 = AXIS2_PLACEMENT_3D('',#3645,#8108,#3300);
#334 = CARTESIAN_POINT('',(4.712388980384,3.117792709244));
#335 = ORIENTED_EDGE('',*,*,#3522,.F.);
#336 = VERTEX_POINT('',#4109);
#337 = LINE('',#4175,#6713);
#338 = EDGE_CURVE('',#4486,#1674,#3101,.T.);
#339 = CARTESIAN_POINT('',(1.305906075193,4.567062000481));
#340 = AXIS2_PLACEMENT_2D('',#6162,#3830);
#341 = CARTESIAN_POINT('',(1.38119167534,-16.2733849203));
#342 = CYLINDRICAL_SURFACE('',#1232,3.81);
#343 = ORIENTED_EDGE('',*,*,#6078,.T.);
#344 = CARTESIAN_POINT('',(1.128247242402,-8.040580620377,3.05194691137
    ));
#345 = CARTESIAN_POINT('',(-8.1,0.));
#346 = PCURVE('',#8633,#491);
#347 = ( GEOMETRIC_REPRESENTATION_CONTEXT(2) 
PARAMETRIC_REPRESENTATION_CONTEXT() REPRESENTATION_CONTEXT('2D SPACE',''
  ) );
#348 = VECTOR('',#3716,1.);
#349 = PCURVE('',#2780,#5757);
#350 = DIRECTION('',(0.,-1.351732578683E-16,1.));
#351 = ADVANCED_FACE('',(#5829),#3647,.T.);
#352 = FACE_BOUND('',#7906,.T.);
#353 = CARTESIAN_POINT('',(4.712388980385,1.713595992867));
#354 = CARTESIAN_POINT('',(0.,7.35,-17.75));
#355 = DIRECTION('',(1.879582654423E-16,0.786011783021,-0.618211514736)
  );
#356 = CARTESIAN_POINT('',(6.48,-3.921309653643,-2.45));
#357 = CARTESIAN_POINT('',(0.,0.));
#358 = CARTESIAN_POINT('',(0.,-0.7025,-15.75));
#359 = EDGE_LOOP('',(#7730,#1174,#1137,#3624));
#360 = DIRECTION('',(0.,0.,-1.));
#361 = CARTESIAN_POINT('',(4.712388980385,3.284392319662));
#362 = SURFACE_CURVE('',#8071,(#2736,#52),.PCURVE_S1.);
#363 = AXIS2_PLACEMENT_2D('',#2131,#7669);
#364 = FACE_BOUND('',#3583,.T.);
#365 = CARTESIAN_POINT('',(-22.8,0.));
#366 = VERTEX_POINT('',#4586);
#367 = CARTESIAN_POINT('',(5.082698831591,2.296735302395));
#368 = CARTESIAN_POINT('',(4.452956413181,0.650214772893));
#369 = CARTESIAN_POINT('',(2.903113650524,2.49));
#370 = CARTESIAN_POINT('',(0.,0.,19.25));
#371 = DEFINITIONAL_REPRESENTATION('',(#1369),#5971);
#372 = CARTESIAN_POINT('',(6.260066766702,-4.322725081088));
#373 = PCURVE('',#1617,#3149);
#374 = CARTESIAN_POINT('',(4.712388980385,-0.285599332145));
#375 = CARTESIAN_POINT('',(5.138335581308,1.009043186637));
#376 = CARTESIAN_POINT('',(5.384943174759,0.90172836319));
#377 = DEFINITIONAL_REPRESENTATION('',(#1450),#4465);
#378 = VECTOR('',#1928,1.);
#379 = DEFINITIONAL_REPRESENTATION('',(#1300),#6053);
#380 = CIRCLE('',#8782,3.81);
#381 = CYLINDRICAL_SURFACE('',#7818,8.1);
#382 = ( GEOMETRIC_REPRESENTATION_CONTEXT(2) 
PARAMETRIC_REPRESENTATION_CONTEXT() REPRESENTATION_CONTEXT('2D SPACE',''
  ) );
#383 = PCURVE('',#7270,#1628);
#384 = VECTOR('',#8754,1.);
#385 = ( GEOMETRIC_REPRESENTATION_CONTEXT(2) 
PARAMETRIC_REPRESENTATION_CONTEXT() REPRESENTATION_CONTEXT('2D SPACE',''
  ) );
#386 = CARTESIAN_POINT('',(4.994464902038,6.075066734899));
#387 = VERTEX_POINT('',#5701);
#388 = CARTESIAN_POINT('',(-2.135546478358,1.466954263693,
    -3.264884706022));
#389 = AXIS2_PLACEMENT_3D('',#6964,#8610,#51);
#390 = CARTESIAN_POINT('',(2.122474576041,4.72993210239));
#391 = ( GEOMETRIC_REPRESENTATION_CONTEXT(2) 
PARAMETRIC_REPRESENTATION_CONTEXT() REPRESENTATION_CONTEXT('2D SPACE',''
  ) );
#392 = DIRECTION('',(-0.,-0.,1.));
#393 = CARTESIAN_POINT('',(5.026303982043,6.266627581128));
#394 = EDGE_CURVE('',#8418,#3142,#1015,.T.);
#395 = ( BOUNDED_CURVE() B_SPLINE_CURVE(2,(#296,#5751,#7268,#1811,
#4269,#2571,#3325),.UNSPECIFIED.,.T.,.F.) B_SPLINE_CURVE_WITH_KNOTS((1,2
    ,2,2,2,1),(-2.094395102393,0.,2.094395102393,4.188790204786,
6.28318530718,8.377580409573),.UNSPECIFIED.) CURVE() 
GEOMETRIC_REPRESENTATION_ITEM() RATIONAL_B_SPLINE_CURVE((1.,0.5,1.,0.5,
1.,0.5,1.)) REPRESENTATION_ITEM('') );
#396 = DEFINITIONAL_REPRESENTATION('',(#6050),#3348);
#397 = CARTESIAN_POINT('',(4.98161444004,4.53752028247));
#398 = CARTESIAN_POINT('',(1.172701254805,3.272547804983));
#399 = DIRECTION('',(0.,1.));
#400 = CARTESIAN_POINT('',(0.,-7.1475));
#401 = ( GEOMETRIC_REPRESENTATION_CONTEXT(2) 
PARAMETRIC_REPRESENTATION_CONTEXT() REPRESENTATION_CONTEXT('2D SPACE',''
  ) );
#402 = CARTESIAN_POINT('',(0.883684135083,4.670165477488));
#403 = CARTESIAN_POINT('',(0.856785153349,1.674667138821));
#404 = CARTESIAN_POINT('',(0.,11.16,-19.25));
#405 = ( GEOMETRIC_REPRESENTATION_CONTEXT(2) 
PARAMETRIC_REPRESENTATION_CONTEXT() REPRESENTATION_CONTEXT('2D SPACE',''
  ) );
#406 = ORIENTED_EDGE('',*,*,#2073,.T.);
#407 = EDGE_LOOP('',(#2662,#4012));
#408 = CARTESIAN_POINT('',(4.398473978727,1.));
#409 = DIRECTION('',(-1.,-4.240739575285E-16));
#410 = LINE('',#1262,#913);
#411 = CARTESIAN_POINT('',(1.170641468723,2.509180437895));
#412 = LINE('',#5221,#3840);
#413 = FACE_BOUND('',#8804,.T.);
#414 = CARTESIAN_POINT('',(4.920568458707,-0.656107235044));
#415 = CARTESIAN_POINT('',(1.191549628342,5.810350350778));
#416 = CARTESIAN_POINT('',(3.358609573646,7.271761839787,2.659102271414
    ));
#417 = PCURVE('',#342,#5351);
#418 = CARTESIAN_POINT('',(0.,7.35,-18.75));
#419 = CARTESIAN_POINT('',(4.712388980385,-1.063599698317));
#420 = CARTESIAN_POINT('',(5.399501172097,1.613019829691));
#421 = DIRECTION('',(-0.,-0.,1.));
#422 = LINE('',#2129,#5105);
#423 = PCURVE('',#6436,#4528);
#424 = PCURVE('',#2780,#8052);
#425 = ( GEOMETRIC_REPRESENTATION_CONTEXT(2) 
PARAMETRIC_REPRESENTATION_CONTEXT() REPRESENTATION_CONTEXT('2D SPACE',''
  ) );
#426 = LINE('',#1867,#2044);
#427 = SURFACE_CURVE('',#1600,(#5931,#2484),.PCURVE_S1.);
#428 = CARTESIAN_POINT('',(5.120903451892,2.848880792937));
#429 = SURFACE_CURVE('',#8590,(#5049,#4753),.PCURVE_S1.);
#430 = EDGE_CURVE('',#3291,#7333,#8484,.T.);
#431 = CARTESIAN_POINT('',(0.,-7.35,-6.415276151398));
#432 = CARTESIAN_POINT('',(0.695213277345,4.996291261566));
#433 = CARTESIAN_POINT('',(1.020546054382,4.798775880707));
#434 = PCURVE('',#3599,#576);
#435 = DIRECTION('',(1.,0.,0.));
#436 = LINE('',#1830,#6388);
#437 = CARTESIAN_POINT('',(0.,-7.35,-2.95));
#438 = B_SPLINE_CURVE_WITH_KNOTS('',3,(#7760,#801,#3056,#8320,#1505,
    #1818,#8738,#6821,#6587,#7737,#2232,#3499,#949,#573,#156,#3004,
    #6340,#6612,#8086,#888,#3653,#3204,#4716,#6779,#5458),
  .UNSPECIFIED.,.F.,.F.,(4,1,1,1,1,1,1,1,1,1,1,1,1,1,1,1,1,1,1,1,1,1,4),
  (1.884711328453,1.941842297777,1.998973267102,2.056104236426,
    2.113235205751,2.170366175075,2.227497144399,2.284628113724,
    2.341759083048,2.398890052373,2.456021021697,2.513151991021,
    2.570282960346,2.62741392967,2.684544898995,2.741675868319,
    2.798806837643,2.855937806968,2.913068776292,2.970199745617,
    3.027330714941,3.084461684265,3.14159265359),.QUASI_UNIFORM_KNOTS.);
#439 = EDGE_CURVE('',#8316,#7849,#1893,.T.);
#440 = CARTESIAN_POINT('',(-1.140052922717,5.669175161751));
#441 = EDGE_LOOP('',(#8202,#5961));
#442 = ( GEOMETRIC_REPRESENTATION_CONTEXT(2) 
PARAMETRIC_REPRESENTATION_CONTEXT() REPRESENTATION_CONTEXT('2D SPACE',''
  ) );
#443 = CARTESIAN_POINT('',(3.949396009639,0.83472867462));
#444 = VERTEX_POINT('',#8538);
#445 = DIRECTION('',(0.,-0.707106781187,0.707106781187));
#446 = AXIS2_PLACEMENT_3D('',#6797,#4696,#1183);
#447 = LINE('',#2115,#3858);
#448 = EDGE_CURVE('',#5419,#1172,#5822,.T.);
#449 = DIRECTION('',(0.,1.));
#450 = CARTESIAN_POINT('',(5.321043960878,5.351262358229));
#451 = ADVANCED_FACE('',(#592,#1935),#6028,.F.);
#452 = VECTOR('',#6379,1.);
#453 = LINE('',#5274,#5376);
#454 = DIRECTION('',(-1.,0.));
#455 = DIRECTION('',(0.,-3.469446951954E-16,1.));
#456 = EDGE_CURVE('',#1596,#7333,#6033,.T.);
#457 = SURFACE_CURVE('',#467,(#8319,#7671),.PCURVE_S1.);
#458 = CARTESIAN_POINT('',(-0.5,0.));
#459 = DIRECTION('',(0.,1.));
#460 = DIRECTION('',(0.,1.));
#461 = DIRECTION('',(1.,0.));
#462 = ORIENTED_EDGE('',*,*,#3466,.F.);
#463 = CARTESIAN_POINT('',(0.705181980502,1.948952372603));
#464 = CARTESIAN_POINT('',(0.775988228841,1.833888643051));
#465 = CARTESIAN_POINT('',(3.019844003343,0.606089220357,
    -0.816186562689));
#466 = PCURVE('',#4803,#3044);
#467 = CIRCLE('',#267,7.1475);
#468 = CARTESIAN_POINT('',(3.808057922674,4.997747749794));
#469 = EDGE_CURVE('',#2284,#2099,#83,.T.);
#470 = ORIENTED_EDGE('',*,*,#8140,.T.);
#471 = CARTESIAN_POINT('',(6.48,-1.508019041618,2.45));
#472 = CARTESIAN_POINT('',(6.69269475734E-16,2.135,-19.25));
#473 = CARTESIAN_POINT('',(1.063352256047,-8.150010074341));
#474 = CARTESIAN_POINT('',(4.607868404945,-0.664029423235));
#475 = ( GEOMETRIC_REPRESENTATION_CONTEXT(2) 
PARAMETRIC_REPRESENTATION_CONTEXT() REPRESENTATION_CONTEXT('2D SPACE',''
  ) );
#476 = CARTESIAN_POINT('',(5.616720038095,0.428398998217));
#477 = CIRCLE('',#1317,8.1);
#478 = DEFINITIONAL_REPRESENTATION('',(#8884),#6000);
#479 = CARTESIAN_POINT('',(4.712388980385,-1.713595992867));
#480 = EDGE_LOOP('',(#4327,#7425));
#481 = CARTESIAN_POINT('',(5.111558333068,3.296265838514));
#482 = ORIENTED_EDGE('',*,*,#8054,.F.);
#483 = CARTESIAN_POINT('',(3.593178861162,0.999999576844));
#484 = CARTESIAN_POINT('',(19.9425,1.628167919466E-15));
#485 = CARTESIAN_POINT('',(-2.6645352591E-15,0.));
#486 = FACE_BOUND('',#4533,.T.);
#487 = EDGE_LOOP('',(#8859,#3424,#6155,#3697));
#488 = VERTEX_POINT('',#7757);
#489 = ADVANCED_FACE('',(#5736),#662,.T.);
#490 = DEFINITIONAL_REPRESENTATION('',(#6278),#7601);
#491 = DEFINITIONAL_REPRESENTATION('',(#6533),#7281);
#492 = AXIS2_PLACEMENT_3D('',#2276,#2391,#5373);
#493 = ( GEOMETRIC_REPRESENTATION_CONTEXT(2) 
PARAMETRIC_REPRESENTATION_CONTEXT() REPRESENTATION_CONTEXT('2D SPACE',''
  ) );
#494 = CIRCLE('',#4005,3.81);
#495 = CIRCLE('',#7965,6.6475);
#496 = CARTESIAN_POINT('',(1.570796326795,4.498189481276));
#497 = FILL_AREA_STYLE('',(#2721));
#498 = CARTESIAN_POINT('',(7.362477993392,-8.367378466093));
#499 = ( GEOMETRIC_REPRESENTATION_CONTEXT(2) 
PARAMETRIC_REPRESENTATION_CONTEXT() REPRESENTATION_CONTEXT('2D SPACE',''
  ) );
#500 = ORIENTED_EDGE('',*,*,#8727,.T.);
#501 = SURFACE_CURVE('',#5086,(#4556,#274),.PCURVE_S1.);
#502 = CARTESIAN_POINT('',(3.47662948187,0.99999965747));
#503 = ( GEOMETRIC_REPRESENTATION_CONTEXT(2) 
PARAMETRIC_REPRESENTATION_CONTEXT() REPRESENTATION_CONTEXT('2D SPACE',''
  ) );
#504 = CARTESIAN_POINT('',(7.1475,8.753162996906E-16,16.25));
#505 = CARTESIAN_POINT('',(1.570796326795,3.355792152698));
#506 = CARTESIAN_POINT('',(0.666465269084,1.428218718632));
#507 = PCURVE('',#1951,#861);
#508 = CARTESIAN_POINT('',(5.118260390307,3.39928692277));
#509 = CARTESIAN_POINT('',(0.,-1.5));
#510 = CARTESIAN_POINT('',(0.679431045414,4.296873270823));
#511 = ( GEOMETRIC_REPRESENTATION_CONTEXT(2) 
PARAMETRIC_REPRESENTATION_CONTEXT() REPRESENTATION_CONTEXT('2D SPACE',''
  ) );
#512 = B_SPLINE_CURVE_WITH_KNOTS('',3,(#2801,#1563,#4150,#8132,#8556,
    #7527,#2796,#8492),.UNSPECIFIED.,.F.,.F.,(4,2,2,4),(
    1.307188249027E-03,1.867526224511E-03,2.147695212253E-03,
    2.427864199995E-03),.UNSPECIFIED.);
#513 = VECTOR('',#2575,1.);
#514 = DIRECTION('',(1.,-0.,0.));
#515 = DIRECTION('',(0.,0.,-1.));
#516 = ORIENTED_EDGE('',*,*,#5237,.T.);
#517 = ORIENTED_EDGE('',*,*,#4432,.T.);
#518 = EDGE_CURVE('',#3949,#7610,#3289,.T.);
#519 = ORIENTED_EDGE('',*,*,#2918,.F.);
#520 = CARTESIAN_POINT('',(4.336336525905,1.533480771445));
#521 = DIRECTION('',(-1.,-1.351732578683E-16));
#522 = PCURVE('',#5594,#2334);
#523 = CARTESIAN_POINT('',(5.342978657656,5.718848000078));
#524 = PCURVE('',#5618,#5284);
#525 = CARTESIAN_POINT('',(5.114241900503,2.939452248798));
#526 = ( GEOMETRIC_REPRESENTATION_CONTEXT(2) 
PARAMETRIC_REPRESENTATION_CONTEXT() REPRESENTATION_CONTEXT('2D SPACE',''
  ) );
#527 = CARTESIAN_POINT('',(4.204944909637,-3.690938734483));
#528 = CARTESIAN_POINT('',(0.,0.));
#529 = DIRECTION('',(0.,1.,1.351732578683E-16));
#530 = CARTESIAN_POINT('',(5.41465892732,5.239048279474,2.45));
#531 = EDGE_CURVE('',#7698,#3006,#3029,.T.);
#532 = CARTESIAN_POINT('',(1.150007540541,4.759923676073));
#533 = CARTESIAN_POINT('',(8.140839597332E-16,13.9975,-16.75));
#534 = CARTESIAN_POINT('',(2.475127384505,4.759988869075E-02));
#535 = CARTESIAN_POINT('',(14.7,0.));
#536 = CARTESIAN_POINT('',(1.532567568133,-16.153304933));
#537 = LINE('',#4952,#5572);
#538 = AXIS2_PLACEMENT_3D('',#7356,#6061,#6069);
#539 = CARTESIAN_POINT('',(0.,7.35,-19.25));
#540 = CARTESIAN_POINT('',(4.712388980385,1.570796326795));
#541 = CARTESIAN_POINT('',(6.891734168807E-04,9.999388302104E-04));
#542 = VECTOR('',#1503,1.);
#543 = VERTEX_POINT('',#1681);
#544 = SURFACE_CURVE('',#6943,(#8488,#5336),.PCURVE_S1.);
#545 = DIRECTION('',(1.,0.));
#546 = AXIS2_PLACEMENT_3D('',#7022,#6756,#754);
#547 = CARTESIAN_POINT('',(1.172948819E-03,0.999997010729));
#548 = VECTOR('',#5683,1.);
#549 = CARTESIAN_POINT('',(5.402753489359,0.545320838762));
#550 = CARTESIAN_POINT('',(4.817047692967,-16.1859019853));
#551 = DEFINITIONAL_REPRESENTATION('',(#8672),#8880);
#552 = CARTESIAN_POINT('',(6.48,-2.489999999999,-2.857027607038));
#553 = ( GEOMETRIC_REPRESENTATION_CONTEXT(2) 
PARAMETRIC_REPRESENTATION_CONTEXT() REPRESENTATION_CONTEXT('2D SPACE',''
  ) );
#554 = LINE('',#2514,#6728);
#555 = DEFINITIONAL_REPRESENTATION('',(#256),#7810);
#556 = PCURVE('',#24,#5826);
#557 = CARTESIAN_POINT('',(2.63358378899,2.667336216446));
#558 = PCURVE('',#1343,#3119);
#559 = DIRECTION('',(0.,1.));
#560 = CARTESIAN_POINT('',(0.90464313616,-9.237639163677));
#561 = AXIS2_PLACEMENT_2D('',#6457,#2771);
#562 = CARTESIAN_POINT('',(2.475127384505,0.));
#563 = DEFINITIONAL_REPRESENTATION('',(#6810),#4987);
#564 = ORIENTED_EDGE('',*,*,#2461,.F.);
#565 = CARTESIAN_POINT('',(3.14159265359,2.814434196153));
#566 = CARTESIAN_POINT('',(0.666465269084,2.027899595868));
#567 = CARTESIAN_POINT('',(3.175,1.612403413174E-15,18.75));
#568 = VECTOR('',#973,1.);
#569 = CARTESIAN_POINT('',(5.097362170284,3.896644320756));
#570 = CARTESIAN_POINT('',(-3.038685404015,-7.446747813943,
    2.711980053946));
#571 = DIRECTION('',(0.,1.,1.351732578683E-16));
#572 = B_SPLINE_CURVE_WITH_KNOTS('',3,(#8742,#5749,#133,#4928,#2735,
    #5500),.UNSPECIFIED.,.F.,.F.,(4,2,4),(8.408578804286E-02,
    8.602934523347E-02,8.797290242408E-02),.UNSPECIFIED.);
#573 = CARTESIAN_POINT('',(3.710943712135,-2.748848908947E-06));
#574 = CARTESIAN_POINT('',(2.921133287512,-2.751408594237E-06));
#575 = CARTESIAN_POINT('',(1.06581410364E-14,-11.51380774331));
#576 = DEFINITIONAL_REPRESENTATION('',(#3025),#7300);
#577 = SURFACE_CURVE('',#5566,(#236,#2715),.PCURVE_S1.);
#578 = DEFINITIONAL_REPRESENTATION('',(#7493),#4168);
#579 = CARTESIAN_POINT('',(-4.712388980385,6.266627581128));
#580 = CARTESIAN_POINT('',(1.951197950533,5.807174900558));
#581 = VERTEX_POINT('',#748);
#582 = CARTESIAN_POINT('',(1.570796326795,2.570393989301));
#583 = CARTESIAN_POINT('',(-2.72806992203,-3.642662587366E-13,
    -1.321206185694));
#584 = CARTESIAN_POINT('',(4.712388980385,0.713998330361));
#585 = VERTEX_POINT('',#7540);
#586 = DIRECTION('',(0.,1.));
#587 = AXIS2_PLACEMENT_3D('',#4077,#8188,#3951);
#588 = CARTESIAN_POINT('',(3.932767026516,4.916450736833));
#589 = DEFINITIONAL_REPRESENTATION('',(#3374),#2606);
#590 = CARTESIAN_POINT('',(10.22125,-6.189916573549));
#591 = VERTEX_POINT('',#4903);
#592 = FACE_BOUND('',#7173,.T.);
#593 = ORIENTED_EDGE('',*,*,#3978,.T.);
#594 = EDGE_LOOP('',(#600,#3894,#2079,#8752));
#595 = CARTESIAN_POINT('',(3.978249319277,0.528701862659));
#596 = EDGE_LOOP('',(#1668,#1149,#7289,#2787));
#597 = CARTESIAN_POINT('',(4.352049793856,0.634701073539));
#598 = ORIENTED_EDGE('',*,*,#604,.T.);
#599 = SURFACE_CURVE('',#1163,(#5302,#890),.PCURVE_S1.);
#600 = ORIENTED_EDGE('',*,*,#4432,.F.);
#601 = DIRECTION('',(1.,0.));
#602 = DIRECTION('',(-0.,1.351732578683E-16,-1.));
#603 = CARTESIAN_POINT('',(2.764389407788,0.987081815008,
    -1.899905626863));
#604 = EDGE_CURVE('',#4184,#4086,#2143,.T.);
#605 = CARTESIAN_POINT('',(4.398473978727,0.364028211764));
#606 = AXIS2_PLACEMENT_3D('',#4595,#6900,#2855);
#607 = VERTEX_POINT('',#5748);
#608 = CARTESIAN_POINT('',(2.475127384505,-2.141994991084));
#609 = LINE('',#7100,#3055);
#610 = CARTESIAN_POINT('',(0.,4.175,-24.25));
#611 = SURFACE_CURVE('',#3984,(#7362,#8261),.PCURVE_S1.);
#612 = CARTESIAN_POINT('',(29.28,-20.5096115413));
#613 = AXIS2_PLACEMENT_3D('',#5343,#6271,#7591);
#614 = CARTESIAN_POINT('',(4.398473978727,0.409363658022));
#615 = CARTESIAN_POINT('',(-0.360406645419,1.502009324171E-13,
    -3.15197710289));
#616 = CARTESIAN_POINT('',(1.418914318956,-16.22811121837));
#617 = CARTESIAN_POINT('',(6.48,-1.296));
#618 = CARTESIAN_POINT('',(5.11729701137,5.739940465415));
#619 = ( GEOMETRIC_REPRESENTATION_CONTEXT(2) 
PARAMETRIC_REPRESENTATION_CONTEXT() REPRESENTATION_CONTEXT('2D SPACE',''
  ) );
#620 = AXIS2_PLACEMENT_2D('',#3822,#80);
#621 = VECTOR('',#4288,1.);
#622 = LINE('',#7740,#4670);
#623 = CARTESIAN_POINT('',(1.170373819631,3.319989737175));
#624 = CARTESIAN_POINT('',(-6.6475,-6.6475));
#625 = PLANE('',#7480);
#626 = ORIENTED_EDGE('',*,*,#7400,.F.);
#627 = CARTESIAN_POINT('',(1.618547075796,-16.15608638764));
#628 = DIRECTION('',(0.,-3.469446951954E-16,1.));
#629 = PCURVE('',#5877,#3926);
#630 = CARTESIAN_POINT('',(1.16698039539,5.742964632884));
#631 = LINE('',#2436,#378);
#632 = SURFACE_CURVE('',#3659,(#3051,#4509),.PCURVE_S1.);
#633 = CARTESIAN_POINT('',(5.184,7.35,-6.65));
#634 = VECTOR('',#2338,1.);
#635 = FACE_BOUND('',#5853,.F.);
#636 = CYLINDRICAL_SURFACE('',#975,6.6475);
#637 = ORIENTED_EDGE('',*,*,#8140,.F.);
#638 = ( GEOMETRIC_REPRESENTATION_CONTEXT(2) 
PARAMETRIC_REPRESENTATION_CONTEXT() REPRESENTATION_CONTEXT('2D SPACE',''
  ) );
#639 = B_SPLINE_CURVE_WITH_KNOTS('',3,(#3349,#18,#3881,#7915,#1763,
    #4413,#6473,#6496,#2995,#4635,#2950,#5518,#2383,#186,#5029,#4830,
    #1306,#7138,#7145,#8165,#4538,#1234,#2271,#7899,#4194),
  .UNSPECIFIED.,.F.,.F.,(4,1,1,1,1,1,1,1,1,1,1,1,1,1,1,1,1,1,1,1,1,1,4),
  (1.10627991556E-06,7.802952394174E-05,1.549527679679E-04,
    2.318760119941E-04,3.087992560203E-04,3.857225000465E-04,
    4.626457440726E-04,5.395689880988E-04,6.16492232125E-04,
    6.934154761512E-04,7.703387201773E-04,8.472619642035E-04,
    9.241852082297E-04,1.001108452256E-03,1.078031696282E-03,
    1.154954940308E-03,1.231878184334E-03,1.308801428361E-03,
    1.385724672387E-03,1.462647916413E-03,1.539571160439E-03,
    1.616494404465E-03,1.693417648491E-03),.QUASI_UNIFORM_KNOTS.);
#640 = CARTESIAN_POINT('',(2.513151991021,3.766281773048));
#641 = EDGE_CURVE('',#3551,#6718,#6381,.T.);
#642 = ORIENTED_EDGE('',*,*,#7324,.F.);
#643 = PCURVE('',#976,#2482);
#644 = CARTESIAN_POINT('',(5.496337693015,4.468764747109));
#645 = DEFINITIONAL_REPRESENTATION('',(#1995),#4621);
#646 = VECTOR('',#2138,1.);
#647 = PCURVE('',#976,#7110);
#648 = VERTEX_POINT('',#5389);
#649 = ( GEOMETRIC_REPRESENTATION_CONTEXT(2) 
PARAMETRIC_REPRESENTATION_CONTEXT() REPRESENTATION_CONTEXT('2D SPACE',''
  ) );
#650 = DIRECTION('',(1.,0.));
#651 = EDGE_LOOP('',(#6787,#4918,#7192,#1567));
#652 = B_SPLINE_CURVE_WITH_KNOTS('',3,(#8639,#2731,#1963,#3934,#8075,
    #1225,#339,#3137,#8568,#6160,#6415,#7044,#3920,#5761,#5296,#6710,
    #4854,#2145,#4155,#6341,#6757,#8062,#2944,#318,#7688),
  .UNSPECIFIED.,.F.,.F.,(4,1,1,1,1,1,1,1,1,1,1,1,1,1,1,1,1,1,1,1,1,1,4),
  (3.638070544428E-02,3.657422299416E-02,3.676774054403E-02,
    3.696125809391E-02,3.715477564379E-02,3.734829319367E-02,
    3.754181074355E-02,3.773532829343E-02,3.792884584331E-02,
    3.812236339319E-02,3.831588094307E-02,3.850939849295E-02,
    3.870291604283E-02,3.889643359271E-02,3.908995114258E-02,
    3.928346869246E-02,3.947698624234E-02,3.967050379222E-02,
    3.98640213421E-02,4.005753889198E-02,4.025105644186E-02,
    4.044457399174E-02,4.063809154162E-02),.QUASI_UNIFORM_KNOTS.);
#653 = DIRECTION('',(1.,0.,0.));
#654 = ( GEOMETRIC_REPRESENTATION_CONTEXT(2) 
PARAMETRIC_REPRESENTATION_CONTEXT() REPRESENTATION_CONTEXT('2D SPACE',''
  ) );
#655 = AXIS2_PLACEMENT_3D('',#2764,#5031,#4372);
#656 = CARTESIAN_POINT('',(1.570796326795,2.855993321445));
#657 = AXIS2_PLACEMENT_3D('',#2019,#8361,#5418);
#658 = CARTESIAN_POINT('',(0.,4.175,-6.415276151398));
#659 = CARTESIAN_POINT('',(0.,7.35,-18.75));
#660 = CARTESIAN_POINT('',(1.570796326795,17.834723848602));
#661 = CARTESIAN_POINT('',(6.28318530718,0.));
#662 = CYLINDRICAL_SURFACE('',#816,6.6475);
#663 = PCURVE('',#4625,#1021);
#664 = DEFINITIONAL_REPRESENTATION('',(#4835),#1244);
#665 = AXIS2_PLACEMENT_3D('',#7820,#5957,#7626);
#666 = CARTESIAN_POINT('',(-3.175,0.,2.45));
#667 = PCURVE('',#3178,#3455);
#668 = PCURVE('',#7487,#5771);
#669 = CARTESIAN_POINT('',(-3.175,0.,2.45));
#670 = CARTESIAN_POINT('',(1.570796326795,2.855993321445));
#671 = CARTESIAN_POINT('',(6.65,13.83));
#672 = ( BOUNDED_CURVE() B_SPLINE_CURVE(2,(#7614,#4355,#6025,#3769,
#112,#810,#5380),.UNSPECIFIED.,.T.,.F.) B_SPLINE_CURVE_WITH_KNOTS((1,2
    ,2,2,2,1),(-2.094395102393,0.,2.094395102393,4.188790204786,
6.28318530718,8.377580409573),.UNSPECIFIED.) CURVE() 
GEOMETRIC_REPRESENTATION_ITEM() RATIONAL_B_SPLINE_CURVE((1.,0.5,1.,0.5,
1.,0.5,1.)) REPRESENTATION_ITEM('') );
#673 = DIRECTION('',(1.,0.,0.));
#674 = PCURVE('',#7718,#4788);
#675 = LINE('',#4225,#116);
#676 = VERTEX_POINT('',#3371);
#677 = SURFACE_CURVE('',#6432,(#1277,#2645),.PCURVE_S1.);
#678 = CARTESIAN_POINT('',(4.286442379462,-1.009043186637));
#679 = DEFINITIONAL_REPRESENTATION('',(#3753),#5539);
#680 = CARTESIAN_POINT('',(5.616720038095,-0.571198664289));
#681 = DIRECTION('',(-0.,-0.,1.));
#682 = CARTESIAN_POINT('',(1.159054901987,3.557599328515));
#683 = FACE_BOUND('',#8270,.T.);
#684 = CARTESIAN_POINT('',(3.175,-1.7493359199E-03,2.171152325176));
#685 = EDGE_LOOP('',(#6912,#8509,#2154));
#686 = DIRECTION('',(-0.,1.351732578683E-16,-1.));
#687 = DIRECTION('',(0.,0.,-1.));
#688 = PCURVE('',#8403,#4887);
#689 = ADVANCED_FACE('',(#1260),#3178,.T.);
#690 = DEFINITIONAL_REPRESENTATION('',(#3000),#5656);
#691 = CARTESIAN_POINT('',(3.175,0.,2.45));
#692 = DIRECTION('',(0.,-0.618211514736,-0.786011783021));
#693 = PCURVE('',#8268,#5353);
#694 = EDGE_CURVE('',#161,#2104,#3110,.T.);
#695 = CARTESIAN_POINT('',(8.140839597332E-16,-0.7025,-16.75));
#696 = CARTESIAN_POINT('',(2.748483052778,-2.866613726772E-06));
#697 = VECTOR('',#3169,1.);
#698 = FACE_BOUND('',#8905,.T.);
#699 = CARTESIAN_POINT('',(5.880767364025,7.750488309409,-2.45));
#700 = CARTESIAN_POINT('',(-1.905,-9.898670365256));
#701 = DIRECTION('',(-0.,1.351732578683E-16,-1.));
#702 = CARTESIAN_POINT('',(5.184,7.35,-15.25));
#703 = CARTESIAN_POINT('',(-3.074734994202,-0.541470211942,
    -0.550254380452));
#704 = CARTESIAN_POINT('',(3.808057922674,3.113036421341));
#705 = CARTESIAN_POINT('',(4.665904304751E-16,-11.16,-19.25));
#706 = LINE('',#2056,#6201);
#707 = DIRECTION('',(0.,1.));
#708 = B_SPLINE_CURVE_WITH_KNOTS('',3,(#6178,#6920,#6897,#8172,#5997,
    #7393,#8512,#7798,#5922,#6146,#2588,#8877,#5050,#744,#481,#8546,
    #7822,#7978,#5150,#7869,#943,#5794,#4444,#508,#1697),
  .UNSPECIFIED.,.F.,.F.,(4,1,1,1,1,1,1,1,1,1,1,1,1,1,1,1,1,1,1,1,1,1,4),
  (1.981131159947E-07,7.71213571415E-05,1.54044601167E-04,
    2.309678451925E-04,3.07891089218E-04,3.848143332435E-04,
    4.61737577269E-04,5.386608212945E-04,6.1558406532E-04,
    6.925073093456E-04,7.694305533711E-04,8.463537973966E-04,
    9.232770414221E-04,1.000200285448E-03,1.077123529473E-03,
    1.154046773499E-03,1.230970017524E-03,1.30789326155E-03,
    1.384816505575E-03,1.461739749601E-03,1.538662993626E-03,
    1.615586237652E-03,1.692509481677E-03),.QUASI_UNIFORM_KNOTS.);
#709 = CARTESIAN_POINT('',(29.28,-6.48));
#710 = CARTESIAN_POINT('',(5.715,-3.299556788419));
#711 = DEFINITIONAL_REPRESENTATION('',(#2692),#1379);
#712 = CARTESIAN_POINT('',(0.915199263616,-9.169073559176));
#713 = DIRECTION('',(-1.,-0.,-0.));
#714 = CARTESIAN_POINT('',(1.218022671501,2.206987742334));
#715 = CARTESIAN_POINT('',(1.089225819214,2.814175536214E-13,
    -3.014309503971));
#716 = LINE('',#4201,#5470);
#717 = AXIS2_PLACEMENT_3D('',#539,#701,#1420);
#718 = CARTESIAN_POINT('',(0.,-3.81));
#719 = PCURVE('',#1443,#6573);
#720 = DIRECTION('',(0.,1.));
#721 = EDGE_LOOP('',(#2597,#598,#5602,#8221));
#722 = SURFACE_CURVE('',#922,(#7228,#4889),.PCURVE_S1.);
#723 = VECTOR('',#3016,1.);
#724 = DIRECTION('',(1.,0.));
#725 = CARTESIAN_POINT('',(5.468127730266,4.712388980385));
#726 = DIRECTION('',(-0.,1.351732578683E-16,-1.));
#727 = ORIENTED_EDGE('',*,*,#1658,.F.);
#728 = LINE('',#7908,#4678);
#729 = VECTOR('',#4130,1.);
#730 = CARTESIAN_POINT('',(13.295,-6.6475));
#731 = CARTESIAN_POINT('',(5.455126163161,4.547857473019));
#732 = SURFACE_CURVE('',#2910,(#196,#349),.PCURVE_S1.);
#733 = LINE('',#2455,#4546);
#734 = DIRECTION('',(0.,1.));
#735 = DEFINITIONAL_REPRESENTATION('',(#3617),#7452);
#736 = PCURVE('',#2173,#3871);
#737 = AXIS2_PLACEMENT_3D('',#7090,#4283,#6558);
#738 = CARTESIAN_POINT('',(3.808057922674,4.255285711312));
#739 = CARTESIAN_POINT('',(0.,-2.5));
#740 = VECTOR('',#2916,1.);
#741 = LINE('',#1249,#1175);
#742 = PCURVE('',#4625,#4035);
#743 = PCURVE('',#6177,#4298);
#744 = CARTESIAN_POINT('',(5.110998754646,3.284406938117));
#745 = CARTESIAN_POINT('',(6.48,2.56992990193,-2.733341595969));
#746 = DIRECTION('',(0.,1.,1.351732578683E-16));
#747 = LINE('',#4628,#729);
#748 = CARTESIAN_POINT('',(5.184,-1.126163241215,-6.65));
#749 = ( GEOMETRIC_REPRESENTATION_CONTEXT(2) 
PARAMETRIC_REPRESENTATION_CONTEXT() REPRESENTATION_CONTEXT('2D SPACE',''
  ) );
#750 = LINE('',#5537,#257);
#751 = ( GEOMETRIC_REPRESENTATION_CONTEXT(2) 
PARAMETRIC_REPRESENTATION_CONTEXT() REPRESENTATION_CONTEXT('2D SPACE',''
  ) );
#752 = ( GEOMETRIC_REPRESENTATION_CONTEXT(2) 
PARAMETRIC_REPRESENTATION_CONTEXT() REPRESENTATION_CONTEXT('2D SPACE',''
  ) );
#753 = DEFINITIONAL_REPRESENTATION('',(#838),#4933);
#754 = DIRECTION('',(0.,1.,1.351732578683E-16));
#755 = CARTESIAN_POINT('',(1.884711328453,0.863099105162));
#756 = AXIS2_PLACEMENT_3D('',#1716,#6476,#3008);
#757 = EDGE_CURVE('',#3262,#6560,#6731,.T.);
#758 = ( GEOMETRIC_REPRESENTATION_CONTEXT(2) 
PARAMETRIC_REPRESENTATION_CONTEXT() REPRESENTATION_CONTEXT('2D SPACE',''
  ) );
#759 = PRODUCT_DEFINITION_SHAPE('','',#7970);
#760 = VECTOR('',#2020,1.);
#761 = CARTESIAN_POINT('',(1.570796326795,-1.713595992867));
#762 = CARTESIAN_POINT('',(-2.032958255856,7.849199237807,
    2.883676005889));
#763 = CARTESIAN_POINT('',(7.362477993392,-14.08));
#764 = CIRCLE('',#6442,0.5);
#765 = CARTESIAN_POINT('',(-8.1,7.382111541308));
#766 = DIRECTION('',(1.,0.));
#767 = PCURVE('',#8862,#3136);
#768 = LINE('',#7602,#4785);
#769 = LINE('',#6409,#1949);
#770 = CARTESIAN_POINT('',(5.616720038095,-2.998792987518));
#771 = PCURVE('',#3681,#1873);
#772 = LINE('',#8513,#8037);
#773 = CARTESIAN_POINT('',(1.570796326795,2.284794657156));
#774 = PCURVE('',#6028,#5058);
#775 = CARTESIAN_POINT('',(2.45,7.35));
#776 = ORIENTED_EDGE('',*,*,#1616,.F.);
#777 = DIRECTION('',(1.,0.));
#778 = ( BOUNDED_SURFACE() B_SPLINE_SURFACE(3,2,(
    (#1381,#2769,#1197)
    ,(#7693,#583,#8686)
    ,(#3179,#3886,#1839)
    ,(#2516,#1488,#7518)
    ,(#1394,#2456,#388)
    ,(#7221,#2744,#5663)
    ,(#2492,#5168,#2165)
    ,(#7076,#162,#2994)
    ,(#2340,#4602,#4399)
    ,(#2798,#615,#4098)
    ,(#8717,#1939,#6016)
    ,(#4853,#5257,#3992)
    ,(#1682,#8154,#4529)
    ,(#1929,#8357,#3573)
    ,(#3224,#8091,#8466)
    ,(#1193,#6038,#6247)
    ,(#1758,#5573,#7762)
    ,(#4311,#4219,#8291)
    ,(#8286,#7111,#2141)
    ,(#6406,#2898,#3068)
    ,(#2690,#715,#2148)
    ,(#5887,#5840,#5510)
    ,(#1160,#7012,#6814)
    ,(#1741,#2521,#603)
    ,(#4470,#7590,#3863)
    ,(#1863,#2523,#7792
)),.UNSPECIFIED.,.F.,.F.,.F.) B_SPLINE_SURFACE_WITH_KNOTS((4,2,2,2,2,2,2
    ,2,2,2,2,2,4),(3,3),(1.884711328453,2.198931659737,2.513151991021,
    2.670262156664,2.827372322306,2.984482487948,3.14159265359,
    3.298702819232,3.455812984874,3.612923150516,3.770033316158,
    4.084253647442,4.398473978727),(0.,1.),.UNSPECIFIED.) 
GEOMETRIC_REPRESENTATION_ITEM() RATIONAL_B_SPLINE_SURFACE((
    (1.,0.981610609218,1.)
    ,(1.,0.969687820188,1.)
    ,(1.,0.952107394284,1.)
    ,(1.,0.911249522653,1.)
    ,(1.,0.887951563232,1.)
    ,(1.,0.854976369995,1.)
    ,(1.,0.844335777,1.)
    ,(1.,0.824932436067,1.)
    ,(1.,0.816175930433,1.)
    ,(1.,0.801629629923,1.)
    ,(1.,0.795846900227,1.)
    ,(1.,0.788035511718,1.)
    ,(1.,0.786011783021,1.)
    ,(1.,0.786011783021,1.)
    ,(1.,0.788035511718,1.)
    ,(1.,0.795846900227,1.)
    ,(1.,0.801629629923,1.)
    ,(1.,0.816175930433,1.)
    ,(1.,0.824932436067,1.)
    ,(1.,0.844335777,1.)
    ,(1.,0.854976369995,1.)
    ,(1.,0.887951563232,1.)
    ,(1.,0.911249522654,1.)
    ,(1.,0.952107394284,1.)
    ,(1.,0.969687820188,1.)
,(1.,0.981610609218,1.))) REPRESENTATION_ITEM('') SURFACE() );
#779 = B_SPLINE_CURVE_WITH_KNOTS('',3,(#8241,#5128,#131,#4471,#7796,
    #2466),.UNSPECIFIED.,.F.,.F.,(4,2,4),(8.408578804286E-02,
    8.602934523347E-02,8.797290242408E-02),.UNSPECIFIED.);
#780 = PCURVE('',#7718,#1112);
#781 = DEFINITIONAL_REPRESENTATION('',(#8262),#511);
#782 = CARTESIAN_POINT('',(4.004018592748,1.412119374113));
#783 = CARTESIAN_POINT('',(-3.818406864133,6.969743293599,
    2.586841508369));
#784 = CARTESIAN_POINT('',(4.178014122692,5.263800046896));
#785 = ORIENTED_EDGE('',*,*,#8815,.F.);
#786 = VECTOR('',#8060,1.);
#787 = EDGE_CURVE('',#3367,#5584,#4198,.T.);
#788 = AXIS2_PLACEMENT_3D('',#4906,#5617,#1983);
#789 = DIRECTION('',(-1.,1.413579858428E-16));
#790 = ORIENTED_EDGE('',*,*,#5077,.F.);
#791 = ( GEOMETRIC_REPRESENTATION_CONTEXT(2) 
PARAMETRIC_REPRESENTATION_CONTEXT() REPRESENTATION_CONTEXT('2D SPACE',''
  ) );
#792 = CARTESIAN_POINT('',(-3.175301710225,-2.887273974508E-02,
    1.772015407703));
#793 = CARTESIAN_POINT('',(1.513535677867,-16.15949031082));
#794 = CARTESIAN_POINT('',(15.24,1.399771291425E-15));
#795 = DEFINITIONAL_REPRESENTATION('',(#7365),#8849);
#796 = EDGE_LOOP('',(#4683,#2537,#2347));
#797 = DIRECTION('',(0.,1.,0.));
#798 = ORIENTED_EDGE('',*,*,#7070,.F.);
#799 = CARTESIAN_POINT('',(2.243388050538E-04,-3.43333788488E-03));
#800 = CARTESIAN_POINT('',(-1.905,-9.898670365256));
#801 = CARTESIAN_POINT('',(4.380662904929,-4.335516090112E-07));
#802 = CARTESIAN_POINT('',(6.48,7.35,-2.45));
#803 = CARTESIAN_POINT('',(0.,7.35,-15.25));
#804 = AXIS2_PLACEMENT_3D('',#6965,#306,#3369);
#805 = CARTESIAN_POINT('',(0.,7.35,-19.25));
#806 = CARTESIAN_POINT('',(4.162107606669,1.48439815977));
#807 = CARTESIAN_POINT('',(-3.14159265359,-12.6));
#808 = LINE('',#2275,#7747);
#809 = CARTESIAN_POINT('',(1.884711328453,4.570959776891E-02));
#810 = CARTESIAN_POINT('',(6.217248937901E-15,-6.599113576837));
#811 = CARTESIAN_POINT('',(5.115404653935,3.743404485693));
#812 = CARTESIAN_POINT('',(4.712388980385,2.284794657156));
#813 = DEFINITIONAL_REPRESENTATION('',(#2353),#1733);
#814 = ORIENTED_EDGE('',*,*,#2339,.F.);
#815 = CARTESIAN_POINT('',(0.,0.,16.75));
#816 = AXIS2_PLACEMENT_3D('',#6972,#8130,#1527);
#817 = FACE_BOUND('',#7953,.T.);
#818 = CARTESIAN_POINT('',(0.933488099551,5.892435872734));
#819 = LINE('',#3079,#3199);
#820 = CARTESIAN_POINT('',(11.271309653643,-6.48));
#821 = AXIS2_PLACEMENT_3D('',#8309,#687,#2013);
#822 = AXIS2_PLACEMENT_3D('',#8170,#3664,#8332);
#823 = DIRECTION('',(-1.,-8.72605705277E-16));
#824 = DEFINITIONAL_REPRESENTATION('',(#2611),#4927);
#825 = CARTESIAN_POINT('',(6.174650192018,2.841299009761));
#826 = ( GEOMETRIC_REPRESENTATION_CONTEXT(2) 
PARAMETRIC_REPRESENTATION_CONTEXT() REPRESENTATION_CONTEXT('2D SPACE',''
  ) );
#827 = CARTESIAN_POINT('',(-5.003632845159,-5.832027973979,2.45));
#828 = DEFINITIONAL_REPRESENTATION('',(#7331),#5924);
#829 = CARTESIAN_POINT('',(2.153738317009,5.041387260708));
#830 = CARTESIAN_POINT('',(4.236686922284,-3.460392028508));
#831 = EDGE_CURVE('',#3377,#3551,#1857,.T.);
#832 = VERTEX_POINT('',#7336);
#833 = CARTESIAN_POINT('',(3.888253587293E-16,10.525,-6.415276151398));
#834 = DIRECTION('',(-1.,0.,-0.));
#835 = DIRECTION('',(-1.,-1.351732578683E-16));
#836 = DIRECTION('',(-1.351732578683E-16,1.));
#837 = B_SPLINE_CURVE_WITH_KNOTS('',3,(#8152,#2069,#3261,#4262,#6751,
    #8766,#6067,#3953,#7654,#7160),.UNSPECIFIED.,.F.,.F.,(4,2,2,2,4),(
    8.349546986075E-02,8.445564267106E-02,8.493572907622E-02,
    8.541581548138E-02,8.733616110201E-02),.UNSPECIFIED.);
#838 = LINE('',#661,#697);
#839 = CARTESIAN_POINT('',(3.305720008921,0.999998902954));
#840 = CARTESIAN_POINT('',(4.741082800456,-16.15114437459));
#841 = CARTESIAN_POINT('',(1.190450433091,2.356216764389));
#842 = CARTESIAN_POINT('',(0.968062157575,8.816974331527));
#843 = ORIENTED_EDGE('',*,*,#1973,.F.);
#844 = EDGE_LOOP('',(#7763,#7660));
#845 = CARTESIAN_POINT('',(3.993446436743E-03,0.726711840864));
#846 = SURFACE_CURVE('',#4631,(#6536,#3001),.PCURVE_S1.);
#847 = CARTESIAN_POINT('',(-3.515661116575,-7.175679297684,
    2.63374835004));
#848 = VECTOR('',#8123,1.);
#849 = DIRECTION('',(1.,0.));
#850 = CARTESIAN_POINT('',(4.108744937341,5.28458280223));
#851 = CARTESIAN_POINT('',(13.821778262053,6.2005435024));
#852 = ( GEOMETRIC_REPRESENTATION_CONTEXT(2) 
PARAMETRIC_REPRESENTATION_CONTEXT() REPRESENTATION_CONTEXT('2D SPACE',''
  ) );
#853 = CARTESIAN_POINT('',(3.808057922674,2.027899595868));
#854 = CARTESIAN_POINT('',(4.059210280013,5.030557219898));
#855 = CARTESIAN_POINT('',(4.712388980385,0.999597662506));
#856 = LINE('',#4944,#317);
#857 = CARTESIAN_POINT('',(4.665904304751E-16,3.54,-17.75));
#858 = CARTESIAN_POINT('',(19.25,2.49));
#859 = VECTOR('',#6667,1.);
#860 = CARTESIAN_POINT('',(6.28318530718,0.));
#861 = DEFINITIONAL_REPRESENTATION('',(#4021),#6223);
#862 = AXIS2_PLACEMENT_3D('',#315,#4844,#8181);
#863 = CARTESIAN_POINT('',(4.971821547588,-0.650214772893));
#864 = ORIENTED_EDGE('',*,*,#2452,.T.);
#865 = PCURVE('',#8120,#1790);
#866 = CARTESIAN_POINT('',(5.948148649688,3.089499603979));
#867 = SPHERICAL_SURFACE('',#3220,6.48);
#868 = CARTESIAN_POINT('',(1.297209969998,1.774572895163));
#869 = CARTESIAN_POINT('',(29.28,-6.48));
#870 = ( GEOMETRIC_REPRESENTATION_CONTEXT(2) 
PARAMETRIC_REPRESENTATION_CONTEXT() REPRESENTATION_CONTEXT('2D SPACE',''
  ) );
#871 = CARTESIAN_POINT('',(0.874965509943,1.633558481228));
#872 = CARTESIAN_POINT('',(19.25,2.49));
#873 = CARTESIAN_POINT('',(-7.5525,3.182643358908));
#874 = LINE('',#6089,#4637);
#875 = PCURVE('',#7647,#5038);
#876 = CARTESIAN_POINT('',(-3.175,0.,2.109965196857));
#877 = ( GEOMETRIC_REPRESENTATION_CONTEXT(2) 
PARAMETRIC_REPRESENTATION_CONTEXT() REPRESENTATION_CONTEXT('2D SPACE',''
  ) );
#878 = CARTESIAN_POINT('',(0.,-2.5));
#879 = CARTESIAN_POINT('',(1.570796326795,0.142799666072));
#880 = CARTESIAN_POINT('',(0.,-1.635,-19.25));
#881 = CARTESIAN_POINT('',(1.172701254805,3.010637502197));
#882 = CARTESIAN_POINT('',(3.175,8.501454006804E-14,2.110023467132));
#883 = APPLICATION_CONTEXT(
  'core data for automotive mechanical design processes');
#884 = DEFINITIONAL_REPRESENTATION('',(#1706),#2001);
#885 = AXIS2_PLACEMENT_3D('',#5041,#2992,#4455);
#886 = ORIENTED_EDGE('',*,*,#5426,.T.);
#887 = ( GEOMETRIC_REPRESENTATION_CONTEXT(2) 
PARAMETRIC_REPRESENTATION_CONTEXT() REPRESENTATION_CONTEXT('2D SPACE',''
  ) );
#888 = CARTESIAN_POINT('',(3.362052019668,-2.751408559841E-06));
#889 = DEFINITIONAL_REPRESENTATION('',(#4847),#3756);
#890 = PCURVE('',#625,#5188);
#891 = ( GEOMETRIC_REPRESENTATION_CONTEXT(2) 
PARAMETRIC_REPRESENTATION_CONTEXT() REPRESENTATION_CONTEXT('2D SPACE',''
  ) );
#892 = ( BOUNDED_CURVE() B_SPLINE_CURVE(2,(#2444,#5746,#7947,#3019,
#590,#5511,#2511),.UNSPECIFIED.,.T.,.F.) B_SPLINE_CURVE_WITH_KNOTS((1,2
    ,2,2,2,1),(-2.094395102393,0.,2.094395102393,4.188790204786,
6.28318530718,8.377580409573),.UNSPECIFIED.) CURVE() 
GEOMETRIC_REPRESENTATION_ITEM() RATIONAL_B_SPLINE_CURVE((1.,0.5,1.,0.5,
1.,0.5,1.)) REPRESENTATION_ITEM('') );
#893 = ADVANCED_FACE('',(#8380),#2384,.T.);
#894 = AXIS2_PLACEMENT_2D('',#4224,#6153);
#895 = VERTEX_POINT('',#8445);
#896 = CARTESIAN_POINT('',(1.263407940434,1.976608202419));
#897 = CARTESIAN_POINT('',(-5.184,-1.126163241215,-15.25));
#898 = ( GEOMETRIC_REPRESENTATION_CONTEXT(2) 
PARAMETRIC_REPRESENTATION_CONTEXT() REPRESENTATION_CONTEXT('2D SPACE',''
  ) );
#899 = DEFINITIONAL_REPRESENTATION('',(#4083),#5502);
#900 = DEFINITIONAL_REPRESENTATION('',(#4935),#8210);
#901 = EDGE_CURVE('',#2099,#4780,#1639,.T.);
#902 = CARTESIAN_POINT('',(0.,-10.525,-18.75));
#903 = ( GEOMETRIC_REPRESENTATION_CONTEXT(2) 
PARAMETRIC_REPRESENTATION_CONTEXT() REPRESENTATION_CONTEXT('2D SPACE',''
  ) );
#904 = SURFACE_CURVE('',#6883,(#3239,#8814),.PCURVE_S1.);
#905 = EDGE_CURVE('',#3596,#202,#8160,.T.);
#906 = ( GEOMETRIC_REPRESENTATION_CONTEXT(2) 
PARAMETRIC_REPRESENTATION_CONTEXT() REPRESENTATION_CONTEXT('2D SPACE',''
  ) );
#907 = CARTESIAN_POINT('',(6.054786095462,-7.115404265647,-2.45));
#908 = PCURVE('',#6414,#3969);
#909 = PCURVE('',#6411,#4276);
#910 = CYLINDRICAL_SURFACE('',#3604,3.175);
#911 = ORIENTED_EDGE('',*,*,#7892,.F.);
#912 = ( GEOMETRIC_REPRESENTATION_CONTEXT(2) 
PARAMETRIC_REPRESENTATION_CONTEXT() REPRESENTATION_CONTEXT('2D SPACE',''
  ) );
#913 = VECTOR('',#5948,1.);
#914 = ( GEOMETRIC_REPRESENTATION_CONTEXT(2) 
PARAMETRIC_REPRESENTATION_CONTEXT() REPRESENTATION_CONTEXT('2D SPACE',''
  ) );
#915 = CARTESIAN_POINT('',(1.168943406676,3.343733058382));
#916 = DIRECTION('',(0.,1.,1.351732578683E-16));
#917 = CARTESIAN_POINT('',(5.358109745527,-0.56107322846));
#918 = AXIS2_PLACEMENT_3D('',#7954,#355,#7858);
#919 = ORIENTED_EDGE('',*,*,#7366,.T.);
#920 = PCURVE('',#8407,#6701);
#921 = CARTESIAN_POINT('',(3.152295022397,-0.316101259962,
    0.304031856963));
#922 = LINE('',#610,#4942);
#923 = PCURVE('',#4108,#8510);
#924 = DIRECTION('',(1.,-1.130863886743E-15));
#925 = CARTESIAN_POINT('',(0.,-1.5));
#926 = SURFACE_CURVE('',#6968,(#1796,#3744),.PCURVE_S1.);
#927 = ORIENTED_EDGE('',*,*,#4662,.F.);
#928 = CARTESIAN_POINT('',(0.,-7.35,-15.25));
#929 = DIRECTION('',(-0.,1.351732578683E-16,-1.));
#930 = DEFINITIONAL_REPRESENTATION('',(#2695),#503);
#931 = CARTESIAN_POINT('',(0.,-3.593989384512,-2.643356353977));
#932 = DIRECTION('',(1.,0.,-0.));
#933 = LINE('',#8700,#1304);
#934 = CARTESIAN_POINT('',(0.,-0.7025,-19.25));
#935 = CARTESIAN_POINT('',(4.694950466087,0.666465794634));
#936 = ( GEOMETRIC_REPRESENTATION_CONTEXT(2) 
PARAMETRIC_REPRESENTATION_CONTEXT() REPRESENTATION_CONTEXT('2D SPACE',''
  ) );
#937 = AXIS2_PLACEMENT_2D('',#6726,#3546);
#938 = DIRECTION('',(-1.,0.));
#939 = ORIENTED_EDGE('',*,*,#8360,.T.);
#940 = DIRECTION('',(-1.,0.,0.));
#941 = ORIENTED_EDGE('',*,*,#8790,.F.);
#942 = DEFINITIONAL_REPRESENTATION('',(#769),#7536);
#943 = CARTESIAN_POINT('',(5.115847405815,3.36750928068));
#944 = CARTESIAN_POINT('',(1.570796326795,1.713595992867));
#945 = CARTESIAN_POINT('',(2.208053534595,5.889409483103));
#946 = CARTESIAN_POINT('',(2.248144215615E-04,1.003451015313));
#947 = CIRCLE('',#5081,5.664230328819);
#948 = ORIENTED_EDGE('',*,*,#2704,.F.);
#949 = CARTESIAN_POINT('',(3.770034096347,3.293350638916E-06));
#950 = CARTESIAN_POINT('',(5.616720038095,2.284794657156));
#951 = CARTESIAN_POINT('',(-0.5,12.379833147099));
#952 = CARTESIAN_POINT('',(7.189359168339E-05,-7.666978558783E-02));
#953 = CARTESIAN_POINT('',(5.772818737362,3.448370216321));
#954 = ( GEOMETRIC_REPRESENTATION_CONTEXT(2) 
PARAMETRIC_REPRESENTATION_CONTEXT() REPRESENTATION_CONTEXT('2D SPACE',''
  ) );
#955 = DEFINITIONAL_REPRESENTATION('',(#13),#906);
#956 = ( BOUNDED_CURVE() B_SPLINE_CURVE(2,(#6988,#2219,#3013,#3408,
#5071,#5206,#3351),.UNSPECIFIED.,.T.,.F.) B_SPLINE_CURVE_WITH_KNOTS((1,2
    ,2,2,2,1),(-2.094395102393,0.,2.094395102393,4.188790204786,
6.28318530718,8.377580409573),.UNSPECIFIED.) CURVE() 
GEOMETRIC_REPRESENTATION_ITEM() RATIONAL_B_SPLINE_CURVE((1.,0.5,1.,0.5,
1.,0.5,1.)) REPRESENTATION_ITEM('') );
#957 = CARTESIAN_POINT('',(3.751079339613E-03,2.00433993539E-07));
#958 = DEFINITIONAL_REPRESENTATION('',(#1104),#7230);
#959 = ADVANCED_FACE('',(#2567),#2433,.F.);
#960 = VECTOR('',#5084,1.);
#961 = CARTESIAN_POINT('',(4.215887244268,0.986380313365));
#962 = TOROIDAL_SURFACE('',#7966,3.175,3.175);
#963 = ADVANCED_FACE('',(#295),#4923,.T.);
#964 = ORIENTED_EDGE('',*,*,#2592,.F.);
#965 = CARTESIAN_POINT('',(4.788636583241,-16.168171852));
#966 = DIRECTION('',(0.,1.,1.351732578683E-16));
#967 = DIRECTION('',(-1.,-0.,-0.));
#968 = VERTEX_POINT('',#2389);
#969 = EDGE_CURVE('',#2028,#7475,#8895,.T.);
#970 = SURFACE_CURVE('',#3642,(#7679,#3855),.PCURVE_S1.);
#971 = ORIENTED_EDGE('',*,*,#1973,.T.);
#972 = CARTESIAN_POINT('',(0.679636191626,1.986025158013));
#973 = DIRECTION('',(0.,1.));
#974 = CARTESIAN_POINT('',(4.398473978727,0.227869668412));
#975 = AXIS2_PLACEMENT_3D('',#6851,#8041,#966);
#976 = TOROIDAL_SURFACE('',#7639,12.96,6.48);
#977 = CARTESIAN_POINT('',(1.570796326795,-2.284794657156));
#978 = DIRECTION('',(1.,0.));
#979 = ORIENTED_EDGE('',*,*,#3383,.F.);
#980 = DEFINITIONAL_REPRESENTATION('',(#7983),#2603);
#981 = VECTOR('',#2636,1.);
#982 = CARTESIAN_POINT('',(6.28318530718,1.570796326795));
#983 = DEFINITIONAL_REPRESENTATION('',(#3981),#5625);
#984 = CARTESIAN_POINT('',(-2.57952271226,-1.44456749569,-3.20120638888)
  );
#985 = CARTESIAN_POINT('',(0.,7.35,-6.415276151398));
#986 = AXIS2_PLACEMENT_3D('',#6670,#1096,#6551);
#987 = DEFINITIONAL_REPRESENTATION('',(#6449),#8427);
#988 = ( GEOMETRIC_REPRESENTATION_CONTEXT(2) 
PARAMETRIC_REPRESENTATION_CONTEXT() REPRESENTATION_CONTEXT('2D SPACE',''
  ) );
#989 = EDGE_CURVE('',#5282,#5143,#7919,.T.);
#990 = CARTESIAN_POINT('',(-5.669175161751,-8.490052922717,-2.45));
#991 = PCURVE('',#6083,#6077);
#992 = PCURVE('',#1951,#4663);
#993 = VERTEX_POINT('',#3211);
#994 = CARTESIAN_POINT('',(3.750341611816E-03,0.999999807269));
#995 = ( BOUNDED_CURVE() B_SPLINE_CURVE(3,(#4738,#440,#2638,#5613),
.UNSPECIFIED.,.F.,.F.) B_SPLINE_CURVE_WITH_KNOTS((4,4),(5.145830197059,
5.378542171019),.PIECEWISE_BEZIER_KNOTS.) CURVE() 
GEOMETRIC_REPRESENTATION_ITEM() RATIONAL_B_SPLINE_CURVE((1.,
0.995492184046,0.995492184046,1.)) REPRESENTATION_ITEM('') );
#996 = VECTOR('',#6894,1.);
#997 = ORIENTED_EDGE('',*,*,#1325,.T.);
#998 = PCURVE('',#625,#4280);
#999 = CARTESIAN_POINT('',(0.,-7.35,-6.65));
#1000 = DIRECTION('',(0.,1.,1.351732578683E-16));
#1001 = CARTESIAN_POINT('',(4.084593720995,5.106431885079));
#1002 = LINE('',#2762,#6274);
#1003 = DIRECTION('',(-0.,1.351732578683E-16,-1.));
#1004 = PCURVE('',#867,#5817);
#1005 = DEFINITIONAL_REPRESENTATION('',(#3774),#6828);
#1006 = CARTESIAN_POINT('',(5.004713281702,4.392352578684));
#1007 = DEFINITIONAL_REPRESENTATION('',(#3772),#8149);
#1008 = DIRECTION('',(0.,1.));
#1009 = CARTESIAN_POINT('',(1.570796326795,2.713193655373));
#1010 = SURFACE_CURVE('',#2252,(#1219,#556),.PCURVE_S1.);
#1011 = VECTOR('',#5977,1.);
#1012 = ADVANCED_FACE('',(#6716),#4279,.F.);
#1013 = VECTOR('',#6809,1.);
#1014 = ( GEOMETRIC_REPRESENTATION_CONTEXT(2) 
PARAMETRIC_REPRESENTATION_CONTEXT() REPRESENTATION_CONTEXT('2D SPACE',''
  ) );
#1015 = SURFACE_CURVE('',#8176,(#5239,#3630),.PCURVE_S1.);
#1016 = VERTEX_POINT('',#1696);
#1017 = DIRECTION('',(0.,-1.351732578683E-16,1.));
#1018 = CARTESIAN_POINT('',(4.194358703901,-3.766942237623));
#1019 = EDGE_LOOP('',(#5722,#4690,#5868,#4181));
#1020 = CARTESIAN_POINT('',(0.,11.513807743314));
#1021 = DEFINITIONAL_REPRESENTATION('',(#7571),#8529);
#1022 = PCURVE('',#5828,#3847);
#1023 = DIRECTION('',(0.,0.,-1.));
#1024 = PCURVE('',#6177,#1406);
#1025 = CARTESIAN_POINT('',(-8.1,-6.6475));
#1026 = CARTESIAN_POINT('',(0.666465269084,3.227261350338));
#1027 = CARTESIAN_POINT('',(5.55338404049,4.372067993209));
#1028 = DIRECTION('',(0.,1.,1.351732578683E-16));
#1029 = DIRECTION('',(0.,0.786011783021,0.618211514736));
#1030 = DEFINITIONAL_REPRESENTATION('',(#2724),#553);
#1031 = ORIENTED_EDGE('',*,*,#4024,.F.);
#1032 = DIRECTION('',(0.,1.));
#1033 = CARTESIAN_POINT('',(0.,-7.35,-5.597522006608));
#1034 = EDGE_CURVE('',#3454,#5213,#7612,.T.);
#1035 = CARTESIAN_POINT('',(-2.6075,-1.198677519264));
#1036 = CARTESIAN_POINT('',(5.105679910109,3.835309002819));
#1037 = VERTEX_POINT('',#4686);
#1038 = DIRECTION('',(1.,1.130863886743E-15));
#1039 = CARTESIAN_POINT('',(1.523000550525,4.71253248946));
#1040 = CARTESIAN_POINT('',(0.,13.9975,-15.75));
#1041 = CARTESIAN_POINT('',(0.,-7.35,-16.25));
#1042 = CARTESIAN_POINT('',(1.884711328453,0.454685283222));
#1043 = CARTESIAN_POINT('',(0.,4.712388980385));
#1044 = EDGE_CURVE('',#7502,#7475,#8908,.T.);
#1045 = PCURVE('',#6436,#6813);
#1046 = PCURVE('',#4625,#12);
#1047 = ( GEOMETRIC_REPRESENTATION_CONTEXT(2) 
PARAMETRIC_REPRESENTATION_CONTEXT() REPRESENTATION_CONTEXT('2D SPACE',''
  ) );
#1048 = CARTESIAN_POINT('',(3.14159265359,7.850462293419E-17));
#1049 = CARTESIAN_POINT('',(3.061276627363,-0.557313727908,
    -0.61545657089));
#1050 = VECTOR('',#5439,1.);
#1051 = DEFINITIONAL_REPRESENTATION('',(#6578),#936);
#1052 = CARTESIAN_POINT('',(0.670812688932,4.284900793802));
#1053 = CARTESIAN_POINT('',(5.215,-14.74764496147));
#1054 = CARTESIAN_POINT('',(3.14159265359,-1.372705315496E-16));
#1055 = DIRECTION('',(1.,0.));
#1056 = PCURVE('',#4803,#3155);
#1057 = CARTESIAN_POINT('',(1.884711328453,0.984754924051));
#1058 = ( GEOMETRIC_REPRESENTATION_CONTEXT(2) 
PARAMETRIC_REPRESENTATION_CONTEXT() REPRESENTATION_CONTEXT('2D SPACE',''
  ) );
#1059 = CARTESIAN_POINT('',(1.551651252003,-16.14960314011));
#1060 = CARTESIAN_POINT('',(3.019844003343,-0.606089220357,
    -0.816186562689));
#1061 = CARTESIAN_POINT('',(5.346552515291,5.802874012107));
#1062 = ( GEOMETRIC_REPRESENTATION_CONTEXT(2) 
PARAMETRIC_REPRESENTATION_CONTEXT() REPRESENTATION_CONTEXT('2D SPACE',''
  ) );
#1063 = EDGE_CURVE('',#8248,#7158,#362,.T.);
#1064 = CARTESIAN_POINT('',(0.,0.,16.75));
#1065 = LINE('',#6190,#5806);
#1066 = ORIENTED_EDGE('',*,*,#3164,.F.);
#1067 = LINE('',#173,#1266);
#1068 = CARTESIAN_POINT('',(5.184,0.,0.));
#1069 = CARTESIAN_POINT('',(1.163755747703,2.869560059705));
#1070 = CARTESIAN_POINT('',(-8.1,7.382111541308));
#1071 = DEFINITIONAL_REPRESENTATION('',(#8667),#8335);
#1072 = CARTESIAN_POINT('',(1.163157783367,3.681083542229));
#1073 = DIRECTION('',(1.,0.));
#1074 = AXIS2_PLACEMENT_2D('',#4389,#1680);
#1075 = EDGE_CURVE('',#2099,#8018,#7931,.T.);
#1076 = AXIS2_PLACEMENT_2D('',#2258,#1809);
#1077 = PCURVE('',#3958,#7343);
#1078 = ORIENTED_EDGE('',*,*,#3947,.F.);
#1079 = CARTESIAN_POINT('',(6.062725451145,2.932703132449));
#1080 = CARTESIAN_POINT('',(6.48,-11.664));
#1081 = ( GEOMETRIC_REPRESENTATION_CONTEXT(2) 
PARAMETRIC_REPRESENTATION_CONTEXT() REPRESENTATION_CONTEXT('2D SPACE',''
  ) );
#1082 = EDGE_CURVE('',#3683,#7610,#6699,.T.);
#1083 = DIRECTION('',(1.,-5.654319433713E-16));
#1084 = CARTESIAN_POINT('',(1.324260864928,1.580526284835));
#1085 = ORIENTED_EDGE('',*,*,#8856,.F.);
#1086 = CARTESIAN_POINT('',(3.706570062299,0.435149184451));
#1087 = CIRCLE('',#8621,3.175);
#1088 = LINE('',#5272,#1216);
#1089 = PCURVE('',#2224,#8273);
#1090 = CARTESIAN_POINT('',(0.883778064504,1.612793817349));
#1091 = CARTESIAN_POINT('',(2.767448387559,-2.536821310999));
#1092 = CARTESIAN_POINT('',(1.90252240225,1.000000433552));
#1093 = ADVANCED_FACE('',(#8575),#1441,.T.);
#1094 = AXIS2_PLACEMENT_3D('',#5721,#2225,#3555);
#1095 = CARTESIAN_POINT('',(14.7,0.));
#1096 = DIRECTION('',(0.,-0.,1.));
#1097 = DEFINITIONAL_REPRESENTATION('',(#4664),#7464);
#1098 = CARTESIAN_POINT('',(6.451532248738,-5.372115579996));
#1099 = VECTOR('',#3254,1.);
#1100 = LINE('',#8327,#7977);
#1101 = AXIS2_PLACEMENT_3D('',#6433,#2374,#8179);
#1102 = CARTESIAN_POINT('',(0.,-7.35,-2.45));
#1103 = PCURVE('',#8293,#7714);
#1104 = B_SPLINE_CURVE_WITH_KNOTS('',3,(#250,#9,#5462,#7764,#3868,
    #8690),.UNSPECIFIED.,.F.,.F.,(4,2,4),(8.408578804286E-02,
    8.602934523347E-02,8.797290242408E-02),.UNSPECIFIED.);
#1105 = CARTESIAN_POINT('',(5.215,-5.715));
#1106 = VECTOR('',#4941,1.);
#1107 = AXIS2_PLACEMENT_3D('',#6287,#8161,#6208);
#1108 = CARTESIAN_POINT('',(0.,14.08,5.597522006608));
#1109 = CARTESIAN_POINT('',(1.042178064068,-8.301572540718));
#1110 = DIRECTION('',(1.,0.));
#1111 = CARTESIAN_POINT('',(3.956650230504,4.712388980385));
#1112 = DEFINITIONAL_REPRESENTATION('',(#5183),#8313);
#1113 = CARTESIAN_POINT('',(5.548076728876,-0.76174017412));
#1114 = DIRECTION('',(1.,0.));
#1115 = SURFACE_CURVE('',#7578,(#2095,#1478),.PCURVE_S1.);
#1116 = CARTESIAN_POINT('',(0.,-2.135,-18.75));
#1117 = CARTESIAN_POINT('',(4.803869934136,1.062041205194));
#1118 = DIRECTION('',(-0.,0.,1.));
#1119 = VECTOR('',#2185,1.);
#1120 = SURFACE_CURVE('',#6743,(#4877,#7569),.PCURVE_S1.);
#1121 = DEFINITIONAL_REPRESENTATION('',(#3932),#3520);
#1122 = PRODUCT_RELATED_PRODUCT_CATEGORY('part',$,(#2373));
#1123 = ( GEOMETRIC_REPRESENTATION_CONTEXT(2) 
PARAMETRIC_REPRESENTATION_CONTEXT() REPRESENTATION_CONTEXT('2D SPACE',''
  ) );
#1124 = CARTESIAN_POINT('',(4.712388980385,1.063599698317));
#1125 = EDGE_LOOP('',(#5463,#3923,#1078,#798));
#1126 = ADVANCED_FACE('',(#5970),#4625,.F.);
#1127 = CARTESIAN_POINT('',(0.936632791889,5.802874012107));
#1128 = CARTESIAN_POINT('',(1.570796326795,1.999195325012));
#1129 = VECTOR('',#601,1.);
#1130 = CARTESIAN_POINT('',(0.666465269084,4.597960498304));
#1131 = CARTESIAN_POINT('',(0.,-2.135,-19.25));
#1132 = ( GEOMETRIC_REPRESENTATION_CONTEXT(2) 
PARAMETRIC_REPRESENTATION_CONTEXT() REPRESENTATION_CONTEXT('2D SPACE',''
  ) );
#1133 = DEFINITIONAL_REPRESENTATION('',(#6837),#4096);
#1134 = DIRECTION('',(1.95228915709E-16,1.));
#1135 = DIRECTION('',(0.,0.618211514736,0.786011783021));
#1136 = CARTESIAN_POINT('',(1.340398067078E-03,1.000010275033));
#1137 = ORIENTED_EDGE('',*,*,#72,.T.);
#1138 = CARTESIAN_POINT('',(4.958929980784,1.58057042106));
#1139 = CARTESIAN_POINT('',(0.987821920871,5.041802970767));
#1140 = DEFINITIONAL_REPRESENTATION('',(#2518),#6176);
#1141 = LINE('',#1734,#1498);
#1142 = CARTESIAN_POINT('',(5.497477448164,1.81649038365));
#1143 = VECTOR('',#2112,1.);
#1144 = FACE_BOUND('',#5680,.T.);
#1145 = ( GEOMETRIC_REPRESENTATION_CONTEXT(2) 
PARAMETRIC_REPRESENTATION_CONTEXT() REPRESENTATION_CONTEXT('2D SPACE',''
  ) );
#1146 = EDGE_CURVE('',#3909,#7398,#5307,.T.);
#1147 = CARTESIAN_POINT('',(0.,-1.570796326795));
#1148 = CARTESIAN_POINT('',(-5.212281340155,-2.068985334401));
#1149 = ORIENTED_EDGE('',*,*,#8618,.T.);
#1150 = PCURVE('',#3749,#1524);
#1151 = CARTESIAN_POINT('',(-5.094606295512,-9.825579106321,-2.45));
#1152 = ( GEOMETRIC_REPRESENTATION_CONTEXT(2) 
PARAMETRIC_REPRESENTATION_CONTEXT() REPRESENTATION_CONTEXT('2D SPACE',''
  ) );
#1153 = ORIENTED_EDGE('',*,*,#3721,.T.);
#1154 = DEFINITIONAL_REPRESENTATION('',(#5231),#2127);
#1155 = DEFINITIONAL_REPRESENTATION('',(#8704),#1483);
#1156 = VERTEX_POINT('',#7841);
#1157 = AXIS2_PLACEMENT_3D('',#7188,#4185,#5098);
#1158 = DEFINITIONAL_REPRESENTATION('',(#3320),#8211);
#1159 = CARTESIAN_POINT('',(0.993251411942,5.253727912807));
#1160 = CARTESIAN_POINT('',(2.37355219432,-1.319771457122,
    -2.846228764569));
#1161 = CARTESIAN_POINT('',(-5.620735230732,-2.658254175882));
#1162 = CARTESIAN_POINT('',(0.,-7.35,-18.75));
#1163 = CIRCLE('',#2291,6.6475);
#1164 = ORIENTED_EDGE('',*,*,#757,.F.);
#1165 = CARTESIAN_POINT('',(1.16460039566,3.403267252397));
#1166 = LINE('',#5687,#5534);
#1167 = DIRECTION('',(1.,0.,0.));
#1168 = CARTESIAN_POINT('',(8.447001297119E-16,13.9975,-16.75));
#1169 = CIRCLE('',#1799,5.664230328819);
#1170 = CARTESIAN_POINT('',(0.,0.,19.25));
#1171 = CARTESIAN_POINT('',(0.865969348197,1.654181650493));
#1172 = VERTEX_POINT('',#7618);
#1173 = CARTESIAN_POINT('',(-6.48,-3.378904433283,-2.45));
#1174 = ORIENTED_EDGE('',*,*,#3914,.T.);
#1175 = VECTOR('',#8195,1.);
#1176 = CARTESIAN_POINT('',(5.5953773003,-12.53209366067));
#1177 = CARTESIAN_POINT('',(0.862442461088,4.871056447424));
#1178 = CARTESIAN_POINT('',(1.570796326795,-3.552713678801E-15));
#1179 = ORIENTED_EDGE('',*,*,#5484,.T.);
#1180 = AXIS2_PLACEMENT_3D('',#1750,#1816,#8368);
#1181 = CARTESIAN_POINT('',(0.,1.7763568394E-15));
#1182 = CARTESIAN_POINT('',(0.666465269084,4.083948317816));
#1183 = DIRECTION('',(-1.289539815799E-32,-0.618211514736,0.786011783021
    ));
#1184 = EDGE_CURVE('',#1674,#6601,#7731,.T.);
#1185 = CARTESIAN_POINT('',(4.712388980385,2.141994991084));
#1186 = PCURVE('',#4350,#171);
#1187 = CARTESIAN_POINT('',(3.993446436743E-03,0.635971788236));
#1188 = CARTESIAN_POINT('',(6.48,14.08,5.597522006608));
#1189 = CARTESIAN_POINT('',(-4.712388980385,-7.105427357601E-15));
#1190 = FACE_BOUND('',#3931,.T.);
#1191 = CARTESIAN_POINT('',(2.475127384505,2.998792987518));
#1192 = EDGE_CURVE('',#1409,#3806,#6729,.T.);
#1193 = CARTESIAN_POINT('',(0.661002185023,-1.92256311332,
    -4.560846892898));
#1194 = CYLINDRICAL_SURFACE('',#2078,7.1475);
#1195 = CIRCLE('',#918,6.48);
#1196 = DIRECTION('',(-0.,1.351732578683E-16,-1.));
#1197 = CARTESIAN_POINT('',(-3.019844003343,0.606089220357,
    -0.816186562689));
#1198 = ADVANCED_FACE('',(#3587),#7833,.T.);
#1199 = CIRCLE('',#5048,5.715);
#1200 = AXIS2_PLACEMENT_3D('',#4571,#6929,#6055);
#1201 = CARTESIAN_POINT('',(3.982369405983,4.794566947038));
#1202 = DEFINITIONAL_REPRESENTATION('',(#3543),#1883);
#1203 = CARTESIAN_POINT('',(5.910657982647,-3.308831293342));
#1204 = CARTESIAN_POINT('',(2.475127384505,-1.570796326795));
#1205 = ORIENTED_EDGE('',*,*,#8727,.F.);
#1206 = CARTESIAN_POINT('',(7.225509999439E-05,1.076340514578));
#1207 = CARTESIAN_POINT('',(5.119429757111,2.869557354797));
#1208 = CARTESIAN_POINT('',(0.,7.35,-5.597522006608));
#1209 = DIRECTION('',(-0.,1.25431921618E-16,-1.));
#1210 = CARTESIAN_POINT('',(-9.72,-6.48));
#1211 = CARTESIAN_POINT('',(4.500576986867E-16,3.675,-18.75));
#1212 = LINE('',#7830,#1845);
#1213 = CIRCLE('',#3991,0.5);
#1214 = FACE_BOUND('',#6123,.T.);
#1215 = CIRCLE('',#894,8.1);
#1216 = VECTOR('',#216,1.);
#1217 = CARTESIAN_POINT('',(1.884711328453,1.));
#1218 = DEFINITIONAL_REPRESENTATION('',(#2240),#6384);
#1219 = PCURVE('',#6429,#2637);
#1220 = AXIS2_PLACEMENT_3D('',#6893,#392,#2726);
#1221 = LINE('',#3821,#5172);
#1222 = DIRECTION('',(-0.,1.351732578683E-16,-1.));
#1223 = CARTESIAN_POINT('',(4.088496631177,4.500451626193));
#1224 = CARTESIAN_POINT('',(1.16067053012,2.817774327995));
#1225 = CARTESIAN_POINT('',(1.310062896498,4.596199363579));
#1226 = CARTESIAN_POINT('',(0.,14.4975,-16.25));
#1227 = VECTOR('',#1392,1.);
#1228 = ( GEOMETRIC_REPRESENTATION_CONTEXT(2) 
PARAMETRIC_REPRESENTATION_CONTEXT() REPRESENTATION_CONTEXT('2D SPACE',''
  ) );
#1229 = VECTOR('',#1510,1.);
#1230 = VECTOR('',#5449,1.);
#1231 = CARTESIAN_POINT('',(3.967692290526,4.892965269402));
#1232 = AXIS2_PLACEMENT_3D('',#3771,#8657,#7638);
#1233 = VECTOR('',#7144,1.);
#1234 = CARTESIAN_POINT('',(4.693243905593,-16.14960314011));
#1235 = PLANE('',#7462);
#1236 = CARTESIAN_POINT('',(1.15463194561E-14,-11.51380774331));
#1237 = EDGE_CURVE('',#7271,#8316,#4161,.T.);
#1238 = CARTESIAN_POINT('',(3.993446436743E-03,0.68132797662));
#1239 = CARTESIAN_POINT('',(0.666465269084,1.342550021885));
#1240 = PCURVE('',#24,#6914);
#1241 = CARTESIAN_POINT('',(4.568996076133,1.566028197447));
#1242 = CARTESIAN_POINT('',(5.47538195113,-0.83472867462));
#1243 = CARTESIAN_POINT('',(3.14159265359,0.));
#1244 = ( GEOMETRIC_REPRESENTATION_CONTEXT(2) 
PARAMETRIC_REPRESENTATION_CONTEXT() REPRESENTATION_CONTEXT('2D SPACE',''
  ) );
#1245 = DEFINITIONAL_REPRESENTATION('',(#4890),#4132);
#1246 = CARTESIAN_POINT('',(0.,11.513807743314));
#1247 = ORIENTED_EDGE('',*,*,#1710,.T.);
#1248 = ADVANCED_FACE('',(#6421),#6177,.F.);
#1249 = CARTESIAN_POINT('',(6.28318530718,1.570796326795));
#1250 = CARTESIAN_POINT('',(-6.48,3.921309653643,-2.45));
#1251 = CARTESIAN_POINT('',(-4.712388980385,6.266627581128));
#1252 = CYLINDRICAL_SURFACE('',#5122,6.6475);
#1253 = CARTESIAN_POINT('',(5.630772901922,0.644268164605));
#1254 = CIRCLE('',#1901,7.6);
#1255 = PCURVE('',#2634,#6556);
#1256 = CARTESIAN_POINT('',(4.205751761695,-0.602645021572));
#1257 = LINE('',#504,#8110);
#1258 = DIRECTION('',(1.,0.));
#1259 = CARTESIAN_POINT('',(4.022024471411,0.545320838762));
#1260 = FACE_BOUND('',#6014,.T.);
#1261 = CARTESIAN_POINT('',(4.712388980385,-3.14159265359));
#1262 = CARTESIAN_POINT('',(6.28318530718,4.712388980385));
#1263 = CARTESIAN_POINT('',(0.666465269084,4.169617014564));
#1264 = ( GEOMETRIC_REPRESENTATION_CONTEXT(2) 
PARAMETRIC_REPRESENTATION_CONTEXT() REPRESENTATION_CONTEXT('2D SPACE',''
  ) );
#1265 = DIRECTION('',(0.,0.,-1.));
#1266 = VECTOR('',#3226,1.);
#1267 = CARTESIAN_POINT('',(-7.5525,-3.182643358908));
#1268 = VECTOR('',#7479,1.);
#1269 = CARTESIAN_POINT('',(0.,4.712388980385));
#1270 = SURFACE_CURVE('',#2729,(#2480,#7896),.PCURVE_S1.);
#1271 = CARTESIAN_POINT('',(4.620908026633,1.062041205194));
#1272 = DIRECTION('',(1.,0.));
#1273 = ORIENTED_EDGE('',*,*,#3308,.F.);
#1274 = CARTESIAN_POINT('',(0.,-1.635,-18.75));
#1275 = LINE('',#2270,#5212);
#1276 = CARTESIAN_POINT('',(-5.715,6.998856457127E-16,18.75));
#1277 = PCURVE('',#1235,#7316);
#1278 = B_SPLINE_CURVE_WITH_KNOTS('',3,(#7482,#7868,#6043,#6367,#3452,
    #3089,#6807,#2800,#2954,#6776,#4741,#6437,#2477,#6708,#5204,#8736,
    #8029,#4324,#4395,#1223,#2128,#6207,#4763,#4911,#6759),
  .UNSPECIFIED.,.F.,.F.,(4,1,1,1,1,1,1,1,1,1,1,1,1,1,1,1,1,1,1,1,1,1,4),
  (5.145830197059,5.156408014057,5.166985831055,5.177563648053,
    5.188141465052,5.19871928205,5.209297099048,5.219874916046,
    5.230452733044,5.241030550043,5.251608367041,5.262186184039,
    5.272764001037,5.283341818035,5.293919635034,5.304497452032,
    5.31507526903,5.325653086028,5.336230903026,5.346808720025,
    5.357386537023,5.367964354021,5.378542171019),
  .QUASI_UNIFORM_KNOTS.);
#1279 = DEFINITIONAL_REPRESENTATION('',(#7427),#6259);
#1280 = ADVANCED_FACE('',(#5454),#8229,.T.);
#1281 = DEFINITIONAL_REPRESENTATION('',(#8573),#8227);
#1282 = CARTESIAN_POINT('',(1.01817402462,5.325651227519));
#1283 = FACE_BOUND('',#2015,.T.);
#1284 = CARTESIAN_POINT('',(3.14159265359,2.814434196153));
#1285 = CARTESIAN_POINT('',(-0.400488309409,-5.880767364025));
#1286 = VECTOR('',#4343,1.);
#1287 = CARTESIAN_POINT('',(0.695207676624,1.286888402885));
#1288 = PCURVE('',#8407,#7819);
#1289 = VECTOR('',#7028,1.);
#1290 = ORIENTED_EDGE('',*,*,#8257,.F.);
#1291 = DEFINITIONAL_REPRESENTATION('',(#5210),#5949);
#1292 = ( GEOMETRIC_REPRESENTATION_CONTEXT(2) 
PARAMETRIC_REPRESENTATION_CONTEXT() REPRESENTATION_CONTEXT('2D SPACE',''
  ) );
#1293 = CARTESIAN_POINT('',(-6.48,2.501400360764,-2.85633787274));
#1294 = ( GEOMETRIC_REPRESENTATION_CONTEXT(2) 
PARAMETRIC_REPRESENTATION_CONTEXT() REPRESENTATION_CONTEXT('2D SPACE',''
  ) );
#1295 = CARTESIAN_POINT('',(0.666465269084,3.055923956842));
#1296 = DEFINITIONAL_REPRESENTATION('',(#6326),#2113);
#1297 = CARTESIAN_POINT('',(0.,7.35,-2.45));
#1298 = VECTOR('',#8658,1.);
#1299 = AXIS2_PLACEMENT_3D('',#6143,#8607,#4957);
#1300 = LINE('',#7388,#5036);
#1301 = CARTESIAN_POINT('',(4.712388980385,0.));
#1302 = CARTESIAN_POINT('',(2.864135837955,-8.479288567395E-07));
#1303 = PCURVE('',#8268,#2834);
#1304 = VECTOR('',#2745,1.);
#1305 = ADVANCED_FACE('',(#5855),#3205,.T.);
#1306 = CARTESIAN_POINT('',(4.645629665219,-16.16351827484));
#1307 = CARTESIAN_POINT('',(1.884711328453,1.524507594939E-02));
#1308 = ( GEOMETRIC_REPRESENTATION_CONTEXT(2) 
PARAMETRIC_REPRESENTATION_CONTEXT() REPRESENTATION_CONTEXT('2D SPACE',''
  ) );
#1309 = VERTEX_POINT('',#4660);
#1310 = ( GEOMETRIC_REPRESENTATION_CONTEXT(2) 
PARAMETRIC_REPRESENTATION_CONTEXT() REPRESENTATION_CONTEXT('2D SPACE',''
  ) );
#1311 = VERTEX_POINT('',#902);
#1312 = B_SPLINE_CURVE_WITH_KNOTS('',3,(#7568,#1944,#3429,#374,#8383,
    #1389,#3403,#7692,#8379,#5959,#3740,#1609,#6910,#479,#114,#5540,
    #5590,#5180,#4459,#6645,#2591,#7812,#4381,#5075,#208),
  .UNSPECIFIED.,.F.,.F.,(4,1,1,1,1,1,1,1,1,1,1,1,1,1,1,1,1,1,1,1,1,1,4),
  (4.712388980385,4.855188646457,4.997988312529,5.140787978601,
    5.283587644674,5.426387310746,5.569186976818,5.711986642891,
    5.854786308963,5.997585975035,6.140385641107,6.28318530718,
    6.425984973252,6.568784639324,6.711584305396,6.854383971469,
    6.997183637541,7.139983303613,7.282782969685,7.425582635758,
    7.56838230183,7.711181967902,7.853981633974),.QUASI_UNIFORM_KNOTS.);
#1313 = ( GEOMETRIC_REPRESENTATION_CONTEXT(2) 
PARAMETRIC_REPRESENTATION_CONTEXT() REPRESENTATION_CONTEXT('2D SPACE',''
  ) );
#1314 = CARTESIAN_POINT('',(-0.569475193802,-8.100000000001,
    3.101525211739));
#1315 = ( GEOMETRIC_REPRESENTATION_CONTEXT(2) 
PARAMETRIC_REPRESENTATION_CONTEXT() REPRESENTATION_CONTEXT('2D SPACE',''
  ) );
#1316 = EDGE_CURVE('',#3623,#7398,#176,.T.);
#1317 = AXIS2_PLACEMENT_3D('',#7085,#5407,#3018);
#1318 = ADVANCED_FACE('',(#4309),#381,.T.);
#1319 = CARTESIAN_POINT('',(4.712388980385,3.855590983951));
#1320 = AXIS2_PLACEMENT_3D('',#8760,#6827,#529);
#1321 = CARTESIAN_POINT('',(-5.669175161751,8.490052922717,-2.45));
#1322 = PCURVE('',#6411,#47);
#1323 = LINE('',#739,#6514);
#1324 = CARTESIAN_POINT('',(1.570796326795,1.570796326795));
#1325 = EDGE_CURVE('',#5820,#1674,#1745,.T.);
#1326 = DEFINITIONAL_REPRESENTATION('',(#1717),#6590);
#1327 = CARTESIAN_POINT('',(-5.934034267639,4.305577868156,2.45));
#1328 = ORIENTED_EDGE('',*,*,#1082,.F.);
#1329 = DIRECTION('',(0.,1.,0.));
#1330 = CARTESIAN_POINT('',(3.14159265359,5.5));
#1331 = CARTESIAN_POINT('',(0.666465269084,1.770893505624));
#1332 = LINE('',#1416,#1921);
#1333 = CARTESIAN_POINT('',(5.531503871607,-0.493057645491));
#1334 = ( GEOMETRIC_REPRESENTATION_CONTEXT(2) 
PARAMETRIC_REPRESENTATION_CONTEXT() REPRESENTATION_CONTEXT('2D SPACE',''
  ) );
#1335 = CARTESIAN_POINT('',(0.,7.35,-19.25));
#1336 = PCURVE('',#342,#3612);
#1337 = CARTESIAN_POINT('',(2.395088742741,1.000015232727));
#1338 = B_SPLINE_CURVE_WITH_KNOTS('',3,(#3195,#3925,#5750,#5726,#6804,
    #7517,#5838,#1139,#7434,#6008,#5319,#3742,#4292,#4418,#3020,#2370,
    #8813,#5060,#1127,#818,#2768,#7807,#8523,#1960,#5941),
  .UNSPECIFIED.,.F.,.F.,(4,1,1,1,1,1,1,1,1,1,1,1,1,1,1,1,1,1,1,1,1,1,4),
  (1.307188249027E-03,1.35812806498E-03,1.409067880933E-03,
    1.460007696886E-03,1.510947512839E-03,1.561887328793E-03,
    1.612827144746E-03,1.663766960699E-03,1.714706776652E-03,
    1.765646592605E-03,1.816586408558E-03,1.867526224511E-03,
    1.918466040464E-03,1.969405856417E-03,2.02034567237E-03,
    2.071285488323E-03,2.122225304276E-03,2.173165120229E-03,
    2.224104936183E-03,2.275044752136E-03,2.325984568089E-03,
    2.376924384042E-03,2.427864199995E-03),.QUASI_UNIFORM_KNOTS.);
#1339 = CARTESIAN_POINT('',(4.696419979896,1.570896988859));
#1340 = CARTESIAN_POINT('',(-31.5175220066,-14.08));
#1341 = CARTESIAN_POINT('',(5.311073386733,5.222117298048));
#1342 = CARTESIAN_POINT('',(-5.184,-1.126163241215,-6.65));
#1343 = PLANE('',#4645);
#1344 = CARTESIAN_POINT('',(4.985995103724,4.508480445744));
#1345 = VECTOR('',#7641,1.);
#1346 = AXIS2_PLACEMENT_3D('',#6395,#8367,#8585);
#1347 = DIRECTION('',(0.,-1.,-1.351732578683E-16));
#1348 = CARTESIAN_POINT('',(4.712388980385,0.856797996434));
#1349 = CARTESIAN_POINT('',(5.0197990227,1.976726490357));
#1350 = ( GEOMETRIC_REPRESENTATION_CONTEXT(2) 
PARAMETRIC_REPRESENTATION_CONTEXT() REPRESENTATION_CONTEXT('2D SPACE',''
  ) );
#1351 = CARTESIAN_POINT('',(1.570796326795,4.42678964824));
#1352 = CARTESIAN_POINT('',(1.159632668623,3.496046681314));
#1353 = CARTESIAN_POINT('',(4.156952820187,4.765215987811));
#1354 = DIRECTION('',(-1.,0.));
#1355 = DEFINITIONAL_REPRESENTATION('',(#2739),#3463);
#1356 = DIRECTION('',(1.,0.,-0.));
#1357 = PCURVE('',#867,#3363);
#1358 = CARTESIAN_POINT('',(4.729827494683,0.666465794634));
#1359 = CARTESIAN_POINT('',(-6.451964942879,-5.375675654841));
#1360 = CIRCLE('',#5127,5.715);
#1361 = DIRECTION('',(-1.,0.,0.));
#1362 = SURFACE_CURVE('',#6583,(#3022,#6007),.PCURVE_S1.);
#1363 = VECTOR('',#6216,1.);
#1364 = DIRECTION('',(0.,1.));
#1365 = ( GEOMETRIC_REPRESENTATION_CONTEXT(2) 
PARAMETRIC_REPRESENTATION_CONTEXT() REPRESENTATION_CONTEXT('2D SPACE',''
  ) );
#1366 = DIRECTION('',(0.,-1.351732578683E-16,1.));
#1367 = DIRECTION('',(-0.,1.351732578683E-16,-1.));
#1368 = SURFACE_CURVE('',#1840,(#5730,#3283),.PCURVE_S1.);
#1369 = B_SPLINE_CURVE_WITH_KNOTS('',3,(#2758,#6386,#285,#3490,#1626,
    #557,#2719,#7347,#6936,#8596),.UNSPECIFIED.,.F.,.F.,(4,2,2,2,4),(
    4.588630984013E-03,4.727642520282E-03,4.866654056552E-03,
    5.14467712909E-03,5.700723274168E-03),.UNSPECIFIED.);
#1370 = VECTOR('',#7729,1.);
#1371 = DEFINITIONAL_REPRESENTATION('',(#728),#4685);
#1372 = CARTESIAN_POINT('',(8.881784197001E-16,0.));
#1373 = CARTESIAN_POINT('',(8.881784197001E-16,0.));
#1374 = CIRCLE('',#6479,7.6);
#1375 = PCURVE('',#1235,#5517);
#1376 = CARTESIAN_POINT('',(2.748483052778,1.000002866614));
#1377 = SURFACE_CURVE('',#1914,(#5846,#6063),.PCURVE_S1.);
#1378 = VECTOR('',#8384,1.);
#1379 = ( GEOMETRIC_REPRESENTATION_CONTEXT(2) 
PARAMETRIC_REPRESENTATION_CONTEXT() REPRESENTATION_CONTEXT('2D SPACE',''
  ) );
#1380 = CARTESIAN_POINT('',(1.686647007777E-03,-1.425797592091E-04));
#1381 = CARTESIAN_POINT('',(-3.019844003343,-0.606089220357,
    -0.816186562689));
#1382 = ( GEOMETRIC_REPRESENTATION_CONTEXT(2) 
PARAMETRIC_REPRESENTATION_CONTEXT() REPRESENTATION_CONTEXT('2D SPACE',''
  ) );
#1383 = CARTESIAN_POINT('',(4.712388980385,2.927393154481));
#1384 = PCURVE('',#4625,#1097);
#1385 = VECTOR('',#6164,1.);
#1386 = LINE('',#3158,#1230);
#1387 = LINE('',#6970,#5453);
#1388 = ( GEOMETRIC_REPRESENTATION_CONTEXT(2) 
PARAMETRIC_REPRESENTATION_CONTEXT() REPRESENTATION_CONTEXT('2D SPACE',''
  ) );
#1389 = CARTESIAN_POINT('',(4.712388980385,-0.571198664289));
#1390 = VECTOR('',#4547,1.);
#1391 = CARTESIAN_POINT('',(3.993446436743E-03,0.590636341978));
#1392 = DIRECTION('',(0.,-1.351732578683E-16,1.));
#1393 = VECTOR('',#5431,1.);
#1394 = CARTESIAN_POINT('',(-2.135546478358,-1.466954263693,
    -3.264884706022));
#1395 = CARTESIAN_POINT('',(-6.6475,-18.16130774331));
#1396 = CARTESIAN_POINT('',(0.,12.385161170285));
#1397 = CIRCLE('',#1612,6.48);
#1398 = CIRCLE('',#8163,6.6475);
#1399 = LINE('',#3715,#5299);
#1400 = CARTESIAN_POINT('',(0.,0.));
#1401 = CARTESIAN_POINT('',(-3.019844003343,-0.606089220357,
    -0.816186562689));
#1402 = ORIENTED_EDGE('',*,*,#8183,.T.);
#1403 = CARTESIAN_POINT('',(5.329428580167E-04,0.997444922895));
#1404 = CARTESIAN_POINT('',(3.14159265359,-1.7763568394E-15));
#1405 = DIRECTION('',(0.,-1.,-1.351732578683E-16));
#1406 = DEFINITIONAL_REPRESENTATION('',(#7986),#1735);
#1407 = PCURVE('',#3205,#8638);
#1408 = DIRECTION('',(0.,1.,1.351732578683E-16));
#1409 = VERTEX_POINT('',#5933);
#1410 = CARTESIAN_POINT('',(6.48,2.501400360764,-2.85633787274));
#1411 = CARTESIAN_POINT('',(1.570796326795,4.712388980385));
#1412 = CARTESIAN_POINT('',(-3.175,1.612403413174E-15,2.45));
#1413 = CARTESIAN_POINT('',(4.05,0.367305770654));
#1414 = CARTESIAN_POINT('',(5.339088890045,5.638994754158));
#1415 = EDGE_CURVE('',#2238,#7502,#2673,.T.);
#1416 = CARTESIAN_POINT('',(0.,-2.5));
#1417 = CARTESIAN_POINT('',(1.380105844072,4.72130940347));
#1418 = DEFINITIONAL_REPRESENTATION('',(#5456),#5154);
#1419 = PCURVE('',#1441,#1030);
#1420 = DIRECTION('',(0.,1.,1.351732578683E-16));
#1421 = CARTESIAN_POINT('',(5.352314612216,5.986143403106));
#1422 = ORIENTED_EDGE('',*,*,#2116,.F.);
#1423 = ( GEOMETRIC_REPRESENTATION_CONTEXT(2) 
PARAMETRIC_REPRESENTATION_CONTEXT() REPRESENTATION_CONTEXT('2D SPACE',''
  ) );
#1424 = AXIS2_PLACEMENT_3D('',#2993,#7176,#1472);
#1425 = AXIS2_PLACEMENT_3D('',#4038,#7348,#8632);
#1426 = DIRECTION('',(-1.,0.,0.));
#1427 = CARTESIAN_POINT('',(5.691699747409,0.413454058098));
#1428 = CARTESIAN_POINT('',(1.884711328453,0.817590420672));
#1429 = CARTESIAN_POINT('',(4.893618048132,1.055118052155));
#1430 = CARTESIAN_POINT('',(-12.0775220066,-25.30368923304));
#1431 = PCURVE('',#5618,#4199);
#1432 = CARTESIAN_POINT('',(3.695008225262,0.391996040752));
#1433 = CARTESIAN_POINT('',(-5.212281340155,5.531014665599,2.45));
#1434 = DEFINITIONAL_REPRESENTATION('',(#8730),#4000);
#1435 = CARTESIAN_POINT('',(5.092790604123,5.807174900558));
#1436 = ( GEOMETRIC_REPRESENTATION_CONTEXT(2) 
PARAMETRIC_REPRESENTATION_CONTEXT() REPRESENTATION_CONTEXT('2D SPACE',''
  ) );
#1437 = CARTESIAN_POINT('',(1.437789374959,-16.2093192397));
#1438 = CARTESIAN_POINT('',(2.849303826386E-03,1.000049052694));
#1439 = DEFINITIONAL_REPRESENTATION('',(#3608),#3890);
#1440 = SURFACE_CURVE('',#8785,(#4483,#7987),.PCURVE_S1.);
#1441 = TOROIDAL_SURFACE('',#6418,12.96,6.48);
#1442 = CARTESIAN_POINT('',(-2.04,0.));
#1443 = PLANE('',#6399);
#1444 = DEFINITIONAL_REPRESENTATION('',(#6139),#5101);
#1445 = ORIENTED_EDGE('',*,*,#7352,.T.);
#1446 = CARTESIAN_POINT('',(2.63358378899,2.667336216446));
#1447 = EDGE_CURVE('',#8018,#1596,#3003,.T.);
#1448 = DIRECTION('',(-1.,0.));
#1449 = FACE_BOUND('',#8093,.T.);
#1450 = LINE('',#7635,#7276);
#1451 = CARTESIAN_POINT('',(-3.963885250248,6.86031482945,2.565297959642
    ));
#1452 = CARTESIAN_POINT('',(-6.48,-2.49,-19.25));
#1453 = CARTESIAN_POINT('',(1.938459750074,-5.209807531549E-06));
#1454 = CARTESIAN_POINT('',(2.475127384505,-3.14159265359));
#1455 = DEFINITIONAL_REPRESENTATION('',(#230),#1123);
#1456 = CARTESIAN_POINT('',(1.70380327863,-16.2093192397));
#1457 = LINE('',#1452,#2510);
#1458 = CIRCLE('',#8307,5.215);
#1459 = ORIENTED_EDGE('',*,*,#1237,.F.);
#1460 = CARTESIAN_POINT('',(1.570796326795,-1.856395658939));
#1461 = DIRECTION('',(0.,0.,-1.));
#1462 = LINE('',#1996,#7467);
#1463 = VECTOR('',#8409,1.);
#1464 = TOROIDAL_SURFACE('',#2542,5.215,0.5);
#1465 = ( GEOMETRIC_REPRESENTATION_CONTEXT(2) 
PARAMETRIC_REPRESENTATION_CONTEXT() REPRESENTATION_CONTEXT('2D SPACE',''
  ) );
#1466 = ORIENTED_EDGE('',*,*,#787,.T.);
#1467 = DIRECTION('',(0.,-1.351732578683E-16,1.));
#1468 = PCURVE('',#7423,#7557);
#1469 = VECTOR('',#6789,1.);
#1470 = DIRECTION('',(1.,0.));
#1471 = CARTESIAN_POINT('',(3.935336770885,-0.511264810981));
#1472 = DIRECTION('',(1.,0.,0.));
#1473 = EDGE_CURVE('',#5835,#7656,#6966,.T.);
#1474 = CARTESIAN_POINT('',(-6.054786095462,7.115404265647,-2.45));
#1475 = SURFACE_CURVE('',#4341,(#8363,#6434),.PCURVE_S1.);
#1476 = CIRCLE('',#2599,7.1475);
#1477 = LINE('',#2399,#2861);
#1478 = PCURVE('',#4758,#1154);
#1479 = ( GEOMETRIC_REPRESENTATION_CONTEXT(2) 
PARAMETRIC_REPRESENTATION_CONTEXT() REPRESENTATION_CONTEXT('2D SPACE',''
  ) );
#1480 = AXIS2_PLACEMENT_3D('',#4611,#8477,#7059);
#1481 = VECTOR('',#6676,1.);
#1482 = CARTESIAN_POINT('',(3.993446436743E-03,0.364028211764));
#1483 = ( GEOMETRIC_REPRESENTATION_CONTEXT(2) 
PARAMETRIC_REPRESENTATION_CONTEXT() REPRESENTATION_CONTEXT('2D SPACE',''
  ) );
#1484 = ( GEOMETRIC_REPRESENTATION_CONTEXT(2) 
PARAMETRIC_REPRESENTATION_CONTEXT() REPRESENTATION_CONTEXT('2D SPACE',''
  ) );
#1485 = CARTESIAN_POINT('',(5.110484052374,3.010637502196));
#1486 = CARTESIAN_POINT('',(2.149062248832,5.251562870366));
#1487 = CIRCLE('',#3675,6.6475);
#1488 = CARTESIAN_POINT('',(-1.876261966067,-2.178249941116E-13,
    -2.52524064573));
#1489 = DIRECTION('',(0.,1.,1.351732578683E-16));
#1490 = DIRECTION('',(-0.,1.351732578683E-16,-1.));
#1491 = DIRECTION('',(-0.,1.351732578683E-16,-1.));
#1492 = ( BOUNDED_CURVE() B_SPLINE_CURVE(3,(#3246,#5187,#4633,#1915),
.UNSPECIFIED.,.F.,.F.) B_SPLINE_CURVE_WITH_KNOTS((4,4),(1.884711328453,
3.14159265359),.PIECEWISE_BEZIER_KNOTS.) CURVE() 
GEOMETRIC_REPRESENTATION_ITEM() RATIONAL_B_SPLINE_CURVE((1.,
0.872630134027,0.872630134027,1.)) REPRESENTATION_ITEM('') );
#1493 = FACE_BOUND('',#4020,.T.);
#1494 = CIRCLE('',#885,5.715);
#1495 = CARTESIAN_POINT('',(0.451586104193,3.312514047742));
#1496 = DEFINITIONAL_REPRESENTATION('',(#7501),#1632);
#1497 = AXIS2_PLACEMENT_3D('',#5716,#1222,#2093);
#1498 = VECTOR('',#1557,1.);
#1499 = DIRECTION('',(0.,-1.351732578683E-16,1.));
#1500 = PCURVE('',#3242,#3734);
#1501 = LINE('',#2324,#8224);
#1502 = ( GEOMETRIC_REPRESENTATION_CONTEXT(2) 
PARAMETRIC_REPRESENTATION_CONTEXT() REPRESENTATION_CONTEXT('2D SPACE',''
  ) );
#1503 = DIRECTION('',(0.,1.));
#1504 = CARTESIAN_POINT('',(4.344725557106,1.000005209808));
#1505 = CARTESIAN_POINT('',(4.234346254481,-1.281590272364E-05));
#1506 = DEFINITIONAL_REPRESENTATION('',(#8471),#1388);
#1507 = ORIENTED_EDGE('',*,*,#7399,.F.);
#1508 = PCURVE('',#8862,#1071);
#1509 = CARTESIAN_POINT('',(2.875637442567,7.525900102087,2.739515841324
    ));
#1510 = DIRECTION('',(-1.,-5.654319433713E-16));
#1511 = CARTESIAN_POINT('',(5.065162635678,4.076197564846));
#1512 = CARTESIAN_POINT('',(0.,-3.5));
#1513 = PCURVE('',#4625,#5670);
#1514 = CARTESIAN_POINT('',(3.994295346411E-03,0.5));
#1515 = AXIS2_PLACEMENT_3D('',#1892,#6967,#8103);
#1516 = VECTOR('',#307,1.);
#1517 = ( GEOMETRIC_REPRESENTATION_CONTEXT(2) 
PARAMETRIC_REPRESENTATION_CONTEXT() REPRESENTATION_CONTEXT('2D SPACE',''
  ) );
#1518 = CARTESIAN_POINT('',(7.226002387326E-05,1.076336638915));
#1519 = CARTESIAN_POINT('',(4.664478389166,1.570649560383));
#1520 = CIRCLE('',#6286,0.5);
#1521 = CARTESIAN_POINT('',(3.752667441915,-0.562164883095));
#1522 = SURFACE_CURVE('',#495,(#4525,#2106),.PCURVE_S1.);
#1523 = CARTESIAN_POINT('',(5.616720038095,-1.713595992867));
#1524 = DEFINITIONAL_REPRESENTATION('',(#1141),#8481);
#1525 = ORIENTED_EDGE('',*,*,#4614,.T.);
#1526 = CARTESIAN_POINT('',(3.514862356453E-03,-2.649111944774E-06));
#1527 = DIRECTION('',(1.,0.,0.));
#1528 = CARTESIAN_POINT('',(15.24,1.399771291425E-15));
#1529 = DIRECTION('',(0.,1.));
#1530 = CARTESIAN_POINT('',(5.616720038095,1.28519699465));
#1531 = CARTESIAN_POINT('',(0.862425354412,1.412119098372));
#1532 = PCURVE('',#5793,#7588);
#1533 = ( GEOMETRIC_REPRESENTATION_CONTEXT(2) 
PARAMETRIC_REPRESENTATION_CONTEXT() REPRESENTATION_CONTEXT('2D SPACE',''
  ) );
#1534 = LINE('',#2772,#6104);
#1535 = DIRECTION('',(0.,1.,1.351732578683E-16));
#1536 = LINE('',#7026,#8775);
#1537 = DEFINITIONAL_REPRESENTATION('',(#412),#4804);
#1538 = CARTESIAN_POINT('',(-6.6475,-6.6475));
#1539 = DEFINITIONAL_REPRESENTATION('',(#3514),#3839);
#1540 = LINE('',#8647,#8369);
#1541 = CARTESIAN_POINT('',(5.124078804262,2.756353227234));
#1542 = CARTESIAN_POINT('',(0.,-16.3));
#1543 = CARTESIAN_POINT('',(4.398473978727,0.68132797662));
#1544 = ORIENTED_EDGE('',*,*,#6664,.T.);
#1545 = LINE('',#5944,#5709);
#1546 = FACE_BOUND('',#7817,.T.);
#1547 = CARTESIAN_POINT('',(5.385145246155,1.577868408643));
#1548 = CARTESIAN_POINT('',(-6.6475,4.866307743314));
#1549 = PCURVE('',#7382,#2753);
#1550 = CARTESIAN_POINT('',(5.105752625709,2.448424679426));
#1551 = EDGE_CURVE('',#6423,#1311,#5745,.T.);
#1552 = LINE('',#6483,#147);
#1553 = CARTESIAN_POINT('',(0.786847614165,1.814420560071));
#1554 = DIRECTION('',(-0.,1.351732578683E-16,-1.));
#1555 = ADVANCED_FACE('',(#352),#3599,.T.);
#1556 = VECTOR('',#460,1.);
#1557 = DIRECTION('',(0.,1.));
#1558 = ORIENTED_EDGE('',*,*,#5869,.T.);
#1559 = CARTESIAN_POINT('',(3.794005058848,-0.644268164605));
#1560 = VERTEX_POINT('',#5870);
#1561 = CARTESIAN_POINT('',(0.,4.712388980385));
#1562 = DIRECTION('',(1.,0.,0.));
#1563 = CARTESIAN_POINT('',(2.45,-3.194960758366));
#1564 = CARTESIAN_POINT('',(4.816909555825,0.664029423235));
#1565 = SURFACE_CURVE('',#4759,(#8771,#4986),.PCURVE_S1.);
#1566 = CARTESIAN_POINT('',(0.,1.570796326795));
#1567 = ORIENTED_EDGE('',*,*,#8821,.F.);
#1568 = CARTESIAN_POINT('',(4.455008304309,6.143135937105));
#1569 = AXIS2_PLACEMENT_3D('',#4409,#8890,#5563);
#1570 = CARTESIAN_POINT('',(-6.48,3.921309653643,-2.45));
#1571 = CARTESIAN_POINT('',(5.613159213508,0.454520478519));
#1572 = CIRCLE('',#822,5.715);
#1573 = CARTESIAN_POINT('',(-6.48,2.56992990193,-2.733341595969));
#1574 = CARTESIAN_POINT('',(5.616720038095,-1.999195325012));
#1575 = CARTESIAN_POINT('',(3.14159265359,0.));
#1576 = CARTESIAN_POINT('',(2.849224701531E-03,-4.907926556121E-05));
#1577 = CARTESIAN_POINT('',(0.,8.910677005166E-02,0.113292893351));
#1578 = LINE('',#7786,#8068);
#1579 = ORIENTED_EDGE('',*,*,#2470,.F.);
#1580 = CARTESIAN_POINT('',(5.548076728876,0.76174017412));
#1581 = CARTESIAN_POINT('',(7.6,0.,2.45));
#1582 = DIRECTION('',(1.,0.));
#1583 = CARTESIAN_POINT('',(0.,0.));
#1584 = CARTESIAN_POINT('',(0.,14.4975,-19.25));
#1585 = DIRECTION('',(0.,1.));
#1586 = VECTOR('',#7607,1.);
#1587 = CIRCLE('',#4912,7.6);
#1588 = CARTESIAN_POINT('',(1.570796326795,-2.713193655373));
#1589 = CARTESIAN_POINT('',(0.,7.35,-15.75));
#1590 = ORIENTED_EDGE('',*,*,#6304,.F.);
#1591 = CARTESIAN_POINT('',(5.215,-5.715));
#1592 = CARTESIAN_POINT('',(4.764703788928,-0.666021548429));
#1593 = CARTESIAN_POINT('',(5.616720038095,-0.428398998217));
#1594 = DEFINITIONAL_REPRESENTATION('',(#4480),#7196);
#1595 = LINE('',#2211,#1390);
#1596 = VERTEX_POINT('',#5930);
#1597 = CARTESIAN_POINT('',(5.208890716501,-0.986380313365));
#1598 = ( GEOMETRIC_REPRESENTATION_CONTEXT(2) 
PARAMETRIC_REPRESENTATION_CONTEXT() REPRESENTATION_CONTEXT('2D SPACE',''
  ) );
#1599 = DIRECTION('',(-1.,0.,0.));
#1600 = CIRCLE('',#4388,7.1475);
#1601 = ORIENTED_EDGE('',*,*,#3208,.F.);
#1602 = DIRECTION('',(-0.,1.,-0.));
#1603 = CARTESIAN_POINT('',(-5.971310291196,7.434019440516,-2.45));
#1604 = CARTESIAN_POINT('',(0.,-4.));
#1605 = VECTOR('',#3533,1.);
#1606 = ORIENTED_EDGE('',*,*,#2116,.F.);
#1607 = CARTESIAN_POINT('',(5.616720038095,1.427996660723));
#1608 = AXIS2_PLACEMENT_3D('',#6129,#6283,#6640);
#1609 = CARTESIAN_POINT('',(4.712388980385,-1.427996660723));
#1610 = DEFINITIONAL_REPRESENTATION('',(#2490),#6229);
#1611 = DIRECTION('',(-1.,-1.351732578683E-16));
#1612 = AXIS2_PLACEMENT_3D('',#7834,#1621,#1135);
#1613 = PCURVE('',#3242,#4254);
#1614 = CARTESIAN_POINT('',(4.066668215242,-0.56107322846));
#1615 = DIRECTION('',(0.,0.,1.));
#1616 = EDGE_CURVE('',#585,#488,#429,.T.);
#1617 = CYLINDRICAL_SURFACE('',#7758,7.1475);
#1618 = CARTESIAN_POINT('',(2.45,3.19426938448));
#1619 = ADVANCED_FACE('',(#2311),#1464,.T.);
#1620 = DIRECTION('',(1.,1.224646799147E-16,1.655394975788E-32));
#1621 = DIRECTION('',(0.,0.786011783021,-0.618211514736));
#1622 = ORIENTED_EDGE('',*,*,#6463,.F.);
#1623 = CIRCLE('',#2766,0.5);
#1624 = ( BOUNDED_CURVE() B_SPLINE_CURVE(3,(#3087,#4067,#6553,#2057),
.UNSPECIFIED.,.F.,.F.) B_SPLINE_CURVE_WITH_KNOTS((4,4),(4.04623578975,
4.278947763711),.PIECEWISE_BEZIER_KNOTS.) CURVE() 
GEOMETRIC_REPRESENTATION_ITEM() RATIONAL_B_SPLINE_CURVE((1.,
0.995492184046,0.995492184046,1.)) REPRESENTATION_ITEM('') );
#1625 = SURFACE_CURVE('',#5939,(#5804,#7007),.PCURVE_S1.);
#1626 = CARTESIAN_POINT('',(2.733341595969,2.56992990193));
#1627 = CIRCLE('',#2788,12.96);
#1628 = DEFINITIONAL_REPRESENTATION('',(#2564),#5233);
#1629 = B_SPLINE_CURVE_WITH_KNOTS('',3,(#7355,#2894,#3451,#4859,#2242,
    #7126,#7775,#2273,#4392,#3257),.UNSPECIFIED.,.F.,.F.,(4,2,2,2,4),(
    -7.968688725274E-05,7.568717895637E-04,1.59343046638E-03,
    2.429989143197E-03,3.266547820013E-03),.UNSPECIFIED.);
#1630 = DIRECTION('',(0.,-0.,1.));
#1631 = CARTESIAN_POINT('',(1.475059180616,1.568972589329));
#1632 = ( GEOMETRIC_REPRESENTATION_CONTEXT(2) 
PARAMETRIC_REPRESENTATION_CONTEXT() REPRESENTATION_CONTEXT('2D SPACE',''
  ) );
#1633 = CARTESIAN_POINT('',(2.162168782983,1.000001420981));
#1634 = VECTOR('',#7096,1.);
#1635 = ( GEOMETRIC_REPRESENTATION_CONTEXT(2) 
PARAMETRIC_REPRESENTATION_CONTEXT() REPRESENTATION_CONTEXT('2D SPACE',''
  ) );
#1636 = CARTESIAN_POINT('',(4.398473978727,0.817590420672));
#1637 = SURFACE_CURVE('',#7384,(#3827,#8004),.PCURVE_S1.);
#1638 = AXIS2_PLACEMENT_3D('',#2445,#3785,#435);
#1639 = SURFACE_CURVE('',#5638,(#3313,#2438),.PCURVE_S1.);
#1640 = DIRECTION('',(1.,0.,0.));
#1641 = DIRECTION('',(-0.,-0.,1.));
#1642 = CARTESIAN_POINT('',(0.,4.712388980385));
#1643 = CARTESIAN_POINT('',(2.447094387963,0.));
#1644 = CARTESIAN_POINT('',(1.884711328453,0.590636341978));
#1645 = ( GEOMETRIC_REPRESENTATION_CONTEXT(2) 
PARAMETRIC_REPRESENTATION_CONTEXT() REPRESENTATION_CONTEXT('2D SPACE',''
  ) );
#1646 = CARTESIAN_POINT('',(1.732111209697,-16.23846606732));
#1647 = CARTESIAN_POINT('',(1.425981677486,1.962821559286,
    -4.675360523871));
#1648 = CARTESIAN_POINT('',(17.13,0.534805770654));
#1649 = LINE('',#8797,#6251);
#1650 = CARTESIAN_POINT('',(5.616720038095,3.093992764899));
#1651 = SURFACE_CURVE('',#8869,(#2103,#6253),.PCURVE_S1.);
#1652 = DIRECTION('',(-0.,1.351732578683E-16,-1.));
#1653 = CIRCLE('',#4352,8.1);
#1654 = ADVANCED_FACE('',(#8600),#4256,.T.);
#1655 = CARTESIAN_POINT('',(4.129446990171,5.041387260708));
#1656 = TOROIDAL_SURFACE('',#613,3.175,3.175);
#1657 = DEFINITIONAL_REPRESENTATION('',(#2243),#275);
#1658 = EDGE_CURVE('',#1700,#3419,#501,.T.);
#1659 = CARTESIAN_POINT('',(0.670882651178,1.998188663381));
#1660 = ADVANCED_FACE('',(#6232),#6109,.T.);
#1661 = CARTESIAN_POINT('',(5.910841617055,-11.89072247759));
#1662 = DIRECTION('',(1.,0.));
#1663 = PCURVE('',#7487,#781);
#1664 = CARTESIAN_POINT('',(1.036421469102,5.263800046896));
#1665 = ( GEOMETRIC_REPRESENTATION_CONTEXT(2) 
PARAMETRIC_REPRESENTATION_CONTEXT() REPRESENTATION_CONTEXT('2D SPACE',''
  ) );
#1666 = CARTESIAN_POINT('',(5.065162635678,4.076197564846));
#1667 = CARTESIAN_POINT('',(5.880767364025,7.750488309409,-2.45));
#1668 = ORIENTED_EDGE('',*,*,#303,.F.);
#1669 = CARTESIAN_POINT('',(1.17277578924E-03,3.695240547417E-06));
#1670 = ( BOUNDED_CURVE() B_SPLINE_CURVE(2,(#1984,#1053,#2760,#5554,#2432,#40
,#1105),.UNSPECIFIED.,.T.,.F.) B_SPLINE_CURVE_WITH_KNOTS((1,2,2,2,2,1),(
    -2.094395102393,0.,2.094395102393,4.188790204786,6.28318530718,
8.377580409573),.UNSPECIFIED.) CURVE() GEOMETRIC_REPRESENTATION_ITEM() 
RATIONAL_B_SPLINE_CURVE((1.,0.5,1.,0.5,1.,0.5,1.)) REPRESENTATION_ITEM(
  '') );
#1671 = CIRCLE('',#7134,6.6475);
#1672 = CARTESIAN_POINT('',(0.946903977587,8.959522966051));
#1673 = EDGE_CURVE('',#5140,#2608,#6165,.T.);
#1674 = VERTEX_POINT('',#2678);
#1675 = CARTESIAN_POINT('',(1.570796326795,2.498994156265));
#1676 = CIRCLE('',#6213,3.175);
#1677 = CARTESIAN_POINT('',(-6.6475,4.866307743314));
#1678 = AXIS2_PLACEMENT_3D('',#5324,#8405,#6231);
#1679 = PCURVE('',#5003,#6389);
#1680 = DIRECTION('',(1.,0.));
#1681 = CARTESIAN_POINT('',(-6.48,-2.49,-6.65));
#1682 = CARTESIAN_POINT('',(-0.166274924617,-1.962821559286,
    -4.675360523871));
#1683 = CARTESIAN_POINT('',(3.14159265359,-3.14159265359));
#1684 = ( GEOMETRIC_REPRESENTATION_CONTEXT(2) 
PARAMETRIC_REPRESENTATION_CONTEXT() REPRESENTATION_CONTEXT('2D SPACE',''
  ) );
#1685 = CARTESIAN_POINT('',(1.570796326795,-0.142799666072));
#1686 = CARTESIAN_POINT('',(0.,0.,16.25));
#1687 = DIRECTION('',(0.,1.,1.351732578683E-16));
#1688 = CARTESIAN_POINT('',(0.,13.065,-18.75));
#1689 = CARTESIAN_POINT('',(0.,13.83,-2.45));
#1690 = CARTESIAN_POINT('',(2.640545965823E-03,0.999985620682));
#1691 = SURFACE_CURVE('',#4977,(#4228,#7018),.PCURVE_S1.);
#1692 = DIRECTION('',(0.,1.,1.351732578683E-16));
#1693 = EDGE_LOOP('',(#2789,#4772,#5543,#3592,#5448));
#1694 = PCURVE('',#7487,#6679);
#1695 = CARTESIAN_POINT('',(1.171022668308,2.975059101273));
#1696 = CARTESIAN_POINT('',(6.6475,0.,15.25));
#1697 = CARTESIAN_POINT('',(5.118584911519,3.403267252395));
#1698 = CARTESIAN_POINT('',(0.,-7.1475));
#1699 = DEFINITIONAL_REPRESENTATION('',(#2027),#5507);
#1700 = VERTEX_POINT('',#4967);
#1701 = DIRECTION('',(0.,1.));
#1702 = CARTESIAN_POINT('',(2.336297432646,4.346232957016));
#1703 = DIRECTION('',(0.,0.,1.));
#1704 = ORIENTED_EDGE('',*,*,#8703,.F.);
#1705 = LINE('',#6145,#4217);
#1706 = LINE('',#4287,#6985);
#1707 = CARTESIAN_POINT('',(5.616720038095,-0.142799666072));
#1708 = EDGE_CURVE('',#3367,#585,#6091,.T.);
#1709 = LINE('',#807,#4748);
#1710 = EDGE_CURVE('',#7398,#3909,#5588,.T.);
#1711 = CARTESIAN_POINT('',(5.616720038095,-4.759988869075E-02));
#1712 = ORIENTED_EDGE('',*,*,#7366,.F.);
#1713 = SURFACE_CURVE('',#8243,(#6397,#8428),.PCURVE_S1.);
#1714 = ORIENTED_EDGE('',*,*,#2536,.T.);
#1715 = CARTESIAN_POINT('',(5.358109745527,0.56107322846));
#1716 = CARTESIAN_POINT('',(0.,0.,15.25));
#1717 = LINE('',#1048,#2742);
#1718 = CARTESIAN_POINT('',(-6.48,-2.748246268997,-2.585250006595));
#1719 = EDGE_LOOP('',(#8067,#1805));
#1720 = CARTESIAN_POINT('',(0.900119376566,1.432475649791));
#1721 = DIRECTION('',(0.,0.618211514736,-0.786011783021));
#1722 = DIRECTION('',(1.,0.,0.));
#1723 = CARTESIAN_POINT('',(0.,0.,2.95));
#1724 = VECTOR('',#4514,1.);
#1725 = CARTESIAN_POINT('',(0.,7.35,-2.95));
#1726 = EDGE_CURVE('',#4486,#7271,#722,.T.);
#1727 = ( GEOMETRIC_REPRESENTATION_CONTEXT(2) 
PARAMETRIC_REPRESENTATION_CONTEXT() REPRESENTATION_CONTEXT('2D SPACE',''
  ) );
#1728 = DIRECTION('',(0.,1.,1.351732578683E-16));
#1729 = EDGE_CURVE('',#5820,#4916,#611,.T.);
#1730 = CARTESIAN_POINT('',(0.666465269084,-3.14159265359));
#1731 = DIRECTION('',(0.,-1.,0.));
#1732 = DEFINITIONAL_REPRESENTATION('',(#4607),#8013);
#1733 = ( GEOMETRIC_REPRESENTATION_CONTEXT(2) 
PARAMETRIC_REPRESENTATION_CONTEXT() REPRESENTATION_CONTEXT('2D SPACE',''
  ) );
#1734 = CARTESIAN_POINT('',(6.28318530718,0.));
#1735 = ( GEOMETRIC_REPRESENTATION_CONTEXT(2) 
PARAMETRIC_REPRESENTATION_CONTEXT() REPRESENTATION_CONTEXT('2D SPACE',''
  ) );
#1736 = ORIENTED_EDGE('',*,*,#6040,.T.);
#1737 = PCURVE('',#6177,#8716);
#1738 = CARTESIAN_POINT('',(1.215944956208,2.216850927589));
#1739 = CARTESIAN_POINT('',(-3.675,1.612403413174E-15,19.25));
#1740 = LINE('',#6677,#5113);
#1741 = CARTESIAN_POINT('',(2.764389407788,-0.987081815008,
    -1.899905626863));
#1742 = ORIENTED_EDGE('',*,*,#6469,.T.);
#1743 = CARTESIAN_POINT('',(3.123778540909,-9.156543870583E-07));
#1744 = DIRECTION('',(1.,0.));
#1745 = SURFACE_CURVE('',#2368,(#688,#8148),.PCURVE_S1.);
#1746 = EDGE_CURVE('',#7650,#5447,#5184,.T.);
#1747 = DIRECTION('',(0.,-1.351732578683E-16,1.));
#1748 = PCURVE('',#6407,#958);
#1749 = DIRECTION('',(1.,0.));
#1750 = CARTESIAN_POINT('',(0.,-7.35,-19.25));
#1751 = CARTESIAN_POINT('',(0.666465269084,2.541911776355));
#1752 = ORIENTED_EDGE('',*,*,#5964,.T.);
#1753 = CARTESIAN_POINT('',(6.28318530718,0.));
#1754 = CARTESIAN_POINT('',(2.631226083772,3.448370216321));
#1755 = VECTOR('',#7292,1.);
#1756 = AXIS2_PLACEMENT_3D('',#6361,#2864,#7534);
#1757 = DIRECTION('',(-0.,1.351732578683E-16,-1.));
#1758 = CARTESIAN_POINT('',(0.82317963763,-1.898487967899,
    -4.492366049878));
#1759 = CARTESIAN_POINT('',(7.1,0.));
#1760 = CARTESIAN_POINT('',(0.687529240258,3.946831941423));
#1761 = B_SPLINE_CURVE_WITH_KNOTS('',3,(#560,#3581,#712,#7036,#2493,
    #4076,#5092,#320,#5444,#2059,#8096,#4204,#3381,#3611,#1109,#6925,
    #473,#7211,#5850,#3247,#7885,#8177,#2610,#6684,#1854),
  .UNSPECIFIED.,.F.,.F.,(4,1,1,1,1,1,1,1,1,1,1,1,1,1,1,1,1,1,1,1,1,1,4),
  (4.04623578975,4.056813606748,4.067391423747,4.077969240745,
    4.088547057743,4.099124874741,4.109702691739,4.120280508738,
    4.130858325736,4.141436142734,4.152013959732,4.16259177673,
    4.173169593729,4.183747410727,4.194325227725,4.204903044723,
    4.215480861721,4.22605867872,4.236636495718,4.247214312716,
    4.257792129714,4.268369946712,4.278947763711),
  .QUASI_UNIFORM_KNOTS.);
#1762 = DEFINITIONAL_REPRESENTATION('',(#3459),#8784);
#1763 = CARTESIAN_POINT('',(4.532213580423,-16.26110134599));
#1764 = CARTESIAN_POINT('',(3.14159265359,0.));
#1765 = CARTESIAN_POINT('',(5.080057872251,6.012745285529));
#1766 = CARTESIAN_POINT('',(0.,-3.5));
#1767 = VECTOR('',#2897,1.);
#1768 = EDGE_LOOP('',(#1328,#519,#2730,#2651));
#1769 = CARTESIAN_POINT('',(4.381808488031,1.542408762322));
#1770 = CARTESIAN_POINT('',(2.032958255855,-7.849199237807,
    2.883676005889));
#1771 = ORIENTED_EDGE('',*,*,#518,.F.);
#1772 = CARTESIAN_POINT('',(1.884711328453,0.954290402231));
#1773 = DIRECTION('',(0.,1.));
#1774 = CARTESIAN_POINT('',(0.,15.45,-15.25));
#1775 = B_SPLINE_CURVE_WITH_KNOTS('',3,(#6890,#6740,#4522,#402,#6696,
    #8768,#4170,#8745,#6230,#3176,#8662,#5998,#5795,#144,#6785,#3877,
    #5141,#4153,#5312,#4191,#6600,#266,#510,#1052,#5951),
  .UNSPECIFIED.,.F.,.F.,(4,1,1,1,1,1,1,1,1,1,1,1,1,1,1,1,1,1,1,1,1,1,4),
  (8.408578804286E-02,8.426247506019E-02,8.443916207752E-02,
    8.461584909485E-02,8.479253611218E-02,8.49692231295E-02,
    8.514591014683E-02,8.532259716416E-02,8.549928418149E-02,
    8.567597119881E-02,8.585265821614E-02,8.602934523347E-02,
    8.62060322508E-02,8.638271926813E-02,8.655940628545E-02,
    8.673609330278E-02,8.691278032011E-02,8.708946733744E-02,
    8.726615435477E-02,8.744284137209E-02,8.761952838942E-02,
    8.779621540675E-02,8.797290242408E-02),.QUASI_UNIFORM_KNOTS.);
#1776 = EDGE_CURVE('',#181,#8518,#3644,.T.);
#1777 = CARTESIAN_POINT('',(6.6475,8.447001297119E-16,16.75));
#1778 = CARTESIAN_POINT('',(3.818524140171,0.684295407042));
#1779 = DIRECTION('',(1.,-1.130863886743E-15));
#1780 = DIRECTION('',(0.,0.,1.));
#1781 = CARTESIAN_POINT('',(4.398473978727,1.524507594939E-02));
#1782 = LINE('',#8353,#3767);
#1783 = SURFACE_CURVE('',#7559,(#2303,#2179),.PCURVE_S1.);
#1784 = CARTESIAN_POINT('',(-3.172444027519,-0.139880918186,
    1.066033857873));
#1785 = VECTOR('',#33,1.);
#1786 = CARTESIAN_POINT('',(4.289938863565,5.76009850863));
#1787 = ORIENTED_EDGE('',*,*,#2302,.F.);
#1788 = DIRECTION('',(1.,0.));
#1789 = CARTESIAN_POINT('',(5.215,-14.74764496147));
#1790 = DEFINITIONAL_REPRESENTATION('',(#1595),#4675);
#1791 = DIRECTION('',(0.,1.,1.351732578683E-16));
#1792 = DEFINITIONAL_REPRESENTATION('',(#1819),#5660);
#1793 = CARTESIAN_POINT('',(1.456682337136,-16.19307373803));
#1794 = CARTESIAN_POINT('',(2.475127384505,-1.856395658939));
#1795 = CARTESIAN_POINT('',(1.570796326795,-3.14159265359));
#1796 = PCURVE('',#3558,#6458);
#1797 = DIRECTION('',(0.,-1.351732578683E-16,1.));
#1798 = CARTESIAN_POINT('',(5.097528705532,2.387677399435));
#1799 = AXIS2_PLACEMENT_3D('',#5278,#2097,#7034);
#1800 = DEFINITIONAL_REPRESENTATION('',(#6092),#1062);
#1801 = CARTESIAN_POINT('',(5.578796167299,0.723496032555));
#1802 = CARTESIAN_POINT('',(4.977352063456,4.566559692895));
#1803 = CARTESIAN_POINT('',(-5.215,0.,19.25));
#1804 = ( GEOMETRIC_REPRESENTATION_CONTEXT(2) 
PARAMETRIC_REPRESENTATION_CONTEXT() REPRESENTATION_CONTEXT('2D SPACE',''
  ) );
#1805 = ORIENTED_EDGE('',*,*,#4513,.T.);
#1806 = CARTESIAN_POINT('',(3.168636869898,-3.65583572779E-14,
    1.139554302524));
#1807 = CARTESIAN_POINT('',(3.994295346411E-03,0.817590420672));
#1808 = DIRECTION('',(0.,1.,1.351732578683E-16));
#1809 = DIRECTION('',(1.,0.));
#1810 = CARTESIAN_POINT('',(2.80655582531,3.425301202303E-07));
#1811 = CARTESIAN_POINT('',(7.62,-6.6475));
#1812 = ( GEOMETRIC_REPRESENTATION_CONTEXT(2) 
PARAMETRIC_REPRESENTATION_CONTEXT() REPRESENTATION_CONTEXT('2D SPACE',''
  ) );
#1813 = AXIS2_PLACEMENT_3D('',#6244,#8417,#7873);
#1814 = CARTESIAN_POINT('',(4.398473978727,0.863099105162));
#1815 = CARTESIAN_POINT('',(6.28318530718,0.));
#1816 = DIRECTION('',(-0.,1.351732578683E-16,-1.));
#1817 = DIRECTION('',(0.,1.,1.351732578683E-16));
#1818 = CARTESIAN_POINT('',(4.178013708859,-1.683816522614E-05));
#1819 = LINE('',#7859,#5682);
#1820 = CARTESIAN_POINT('',(6.48,3.378904433283,-2.45));
#1821 = DIRECTION('',(1.,0.,0.));
#1822 = DIRECTION('',(1.,0.));
#1823 = LINE('',#1730,#139);
#1824 = ORIENTED_EDGE('',*,*,#439,.F.);
#1825 = DIRECTION('',(0.,-1.,0.));
#1826 = EDGE_LOOP('',(#7532,#6781,#2316,#2400));
#1827 = AXIS2_PLACEMENT_3D('',#2248,#6424,#7865);
#1828 = CIRCLE('',#7338,5.715);
#1829 = SURFACE_CURVE('',#4048,(#7244,#201),.PCURVE_S1.);
#1830 = CARTESIAN_POINT('',(0.,-4.));
#1831 = CARTESIAN_POINT('',(3.175170329037,1.87496331332E-02,
    1.892730495059));
#1832 = ORIENTED_EDGE('',*,*,#3878,.F.);
#1833 = CARTESIAN_POINT('',(5.390773932248,4.691301919194));
#1834 = CIRCLE('',#788,12.96);
#1835 = AXIS2_PLACEMENT_3D('',#3146,#5536,#6447);
#1836 = DIRECTION('',(0.,1.));
#1837 = CARTESIAN_POINT('',(-6.48,2.49,-6.65));
#1838 = CARTESIAN_POINT('',(0.,7.35,-2.95));
#1839 = CARTESIAN_POINT('',(-2.764389407788,0.987081815008,
    -1.899905626863));
#1840 = CIRCLE('',#286,5.664230328819);
#1841 = ( GEOMETRIC_REPRESENTATION_CONTEXT(2) 
PARAMETRIC_REPRESENTATION_CONTEXT() REPRESENTATION_CONTEXT('2D SPACE',''
  ) );
#1842 = ( GEOMETRIC_REPRESENTATION_CONTEXT(2) 
PARAMETRIC_REPRESENTATION_CONTEXT() REPRESENTATION_CONTEXT('2D SPACE',''
  ) );
#1843 = CARTESIAN_POINT('',(4.140279561098,4.92821634329));
#1844 = CARTESIAN_POINT('',(-3.967898475338,-6.868205560349,
    2.563665117392));
#1845 = VECTOR('',#7543,1.);
#1846 = CARTESIAN_POINT('',(5.266231426553,-0.58978353556));
#1847 = DEFINITIONAL_REPRESENTATION('',(#4659),#4234);
#1848 = CARTESIAN_POINT('',(-6.48,-3.921309653643,-2.45));
#1849 = CARTESIAN_POINT('',(0.,-4.));
#1850 = AXIS2_PLACEMENT_3D('',#8860,#5774,#7115);
#1851 = ORIENTED_EDGE('',*,*,#3088,.T.);
#1852 = CARTESIAN_POINT('',(4.712388980385,4.759988869075E-02));
#1853 = CARTESIAN_POINT('',(0.,-8.100643118572,-1.424101329214));
#1854 = CARTESIAN_POINT('',(1.137355110121,-7.606593346466));
#1855 = LINE('',#579,#5753);
#1856 = ( GEOMETRIC_REPRESENTATION_CONTEXT(2) 
PARAMETRIC_REPRESENTATION_CONTEXT() REPRESENTATION_CONTEXT('2D SPACE',''
  ) );
#1857 = SURFACE_CURVE('',#1834,(#8702,#7283),.PCURVE_S1.);
#1858 = CARTESIAN_POINT('',(6.2005435024,-6.471778262053,-2.45));
#1859 = AXIS2_PLACEMENT_3D('',#2161,#8833,#6013);
#1860 = CARTESIAN_POINT('',(5.616720038095,-0.999597662506));
#1861 = PCURVE('',#7833,#6311);
#1862 = SURFACE_CURVE('',#8023,(#8765,#7613),.PCURVE_S1.);
#1863 = CARTESIAN_POINT('',(3.019844003343,-0.606089220357,
    -0.816186562689));
#1864 = CARTESIAN_POINT('',(3.14159265359,-0.5));
#1865 = DEFINITIONAL_REPRESENTATION('',(#4061),#6642);
#1866 = DIRECTION('',(-0.,1.351732578683E-16,-1.));
#1867 = CARTESIAN_POINT('',(9.424777960769,5.5));
#1868 = CARTESIAN_POINT('',(4.531159912637,-1.055118052155));
#1869 = PCURVE('',#2384,#983);
#1870 = CARTESIAN_POINT('',(3.175,1.612403413174E-15,2.45));
#1871 = CARTESIAN_POINT('',(1.570796326794,3.117792709244));
#1872 = AXIS2_PLACEMENT_3D('',#3184,#7642,#7507);
#1873 = DEFINITIONAL_REPRESENTATION('',(#8851),#6200);
#1874 = DEFINITIONAL_REPRESENTATION('',(#8691),#8423);
#1875 = CARTESIAN_POINT('',(0.,-3.81));
#1876 = SURFACE_CURVE('',#5136,(#8203,#3948),.PCURVE_S1.);
#1877 = CARTESIAN_POINT('',(5.138335581308,-1.009043186637));
#1878 = ( GEOMETRIC_REPRESENTATION_CONTEXT(2) 
PARAMETRIC_REPRESENTATION_CONTEXT() REPRESENTATION_CONTEXT('2D SPACE',''
  ) );
#1879 = AXIS2_PLACEMENT_3D('',#6288,#3333,#3225);
#1880 = ( NAMED_UNIT(*) PLANE_ANGLE_UNIT() SI_UNIT($,.RADIAN.) );
#1881 = CARTESIAN_POINT('',(0.,0.,16.25));
#1882 = FACE_BOUND('',#5491,.T.);
#1883 = ( GEOMETRIC_REPRESENTATION_CONTEXT(2) 
PARAMETRIC_REPRESENTATION_CONTEXT() REPRESENTATION_CONTEXT('2D SPACE',''
  ) );
#1884 = CARTESIAN_POINT('',(2.475127384505,-0.285599332145));
#1885 = PCURVE('',#7021,#4999);
#1886 = CARTESIAN_POINT('',(4.121016838754,5.022921163666));
#1887 = CARTESIAN_POINT('',(-0.5,0.));
#1888 = DEFINITIONAL_REPRESENTATION('',(#3382),#1911);
#1889 = CARTESIAN_POINT('',(1.570796326795,4.569589314312));
#1890 = DIRECTION('',(-1.,-0.,0.));
#1891 = DIRECTION('',(1.,0.));
#1892 = CARTESIAN_POINT('',(0.,0.,19.25));
#1893 = SURFACE_CURVE('',#8222,(#6468,#2734),.PCURVE_S1.);
#1894 = B_SPLINE_CURVE_WITH_KNOTS('',3,(#8650,#2076,#7001,#1631,#2892,
    #314,#7661,#5773,#5408,#3640,#4603,#2439,#3723,#6762,#3438,#3067,
    #1720,#1531,#219,#4661,#7389,#4140,#1287,#6096,#8408),
  .UNSPECIFIED.,.F.,.F.,(4,1,1,1,1,1,1,1,1,1,1,1,1,1,1,1,1,1,1,1,1,1,4),
  (-7.968688725275E-05,7.241483744877E-05,2.245165621503E-04,
    3.766182868518E-04,5.287200115533E-04,6.808217362548E-04,
    8.329234609564E-04,9.850251856579E-04,1.137126910359E-03,
    1.289228635061E-03,1.441330359762E-03,1.593432084464E-03,
    1.745533809165E-03,1.897635533867E-03,2.049737258569E-03,
    2.20183898327E-03,2.353940707972E-03,2.506042432673E-03,
    2.658144157375E-03,2.810245882076E-03,2.962347606778E-03,
    3.114449331479E-03,3.266551056181E-03),.UNSPECIFIED.);
#1895 = CARTESIAN_POINT('',(4.712388980385,3.355792152698));
#1896 = LINE('',#4839,#3965);
#1897 = EDGE_CURVE('',#4457,#5548,#3802,.T.);
#1898 = DIRECTION('',(-0.,1.351732578683E-16,-1.));
#1899 = VECTOR('',#2831,1.);
#1900 = B_SPLINE_CURVE_WITH_KNOTS('',3,(#58,#369,#5797,#6702,#3747,
    #1446,#194,#149,#1618,#8460),.UNSPECIFIED.,.F.,.F.,(4,2,2,2,4),(
    4.588630984013E-03,4.727642520282E-03,4.866654056552E-03,
    5.14467712909E-03,5.700723274168E-03),.UNSPECIFIED.);
#1901 = AXIS2_PLACEMENT_3D('',#3616,#4882,#8586);
#1902 = DIRECTION('',(-1.,0.,0.));
#1903 = PCURVE('',#1955,#1865);
#1904 = CARTESIAN_POINT('',(5.715,-3.299556788419));
#1905 = PCURVE('',#381,#6087);
#1906 = DIRECTION('',(1.,0.));
#1907 = SURFACE_CURVE('',#5338,(#771,#991),.PCURVE_S1.);
#1908 = LINE('',#7011,#7046);
#1909 = ORIENTED_EDGE('',*,*,#8815,.T.);
#1910 = DEFINITIONAL_REPRESENTATION('',(#4809),#4737);
#1911 = ( GEOMETRIC_REPRESENTATION_CONTEXT(2) 
PARAMETRIC_REPRESENTATION_CONTEXT() REPRESENTATION_CONTEXT('2D SPACE',''
  ) );
#1912 = PCURVE('',#3958,#4794);
#1913 = CARTESIAN_POINT('',(-3.092431639592,0.502564014056,
    -0.40339803406));
#1914 = ( BOUNDED_CURVE() B_SPLINE_CURVE(3,(#1667,#6108,#6598,#6623),
.UNSPECIFIED.,.F.,.F.) B_SPLINE_CURVE_WITH_KNOTS((4,4),(5.145830197059,
5.378542171019),.PIECEWISE_BEZIER_KNOTS.) CURVE() 
GEOMETRIC_REPRESENTATION_ITEM() RATIONAL_B_SPLINE_CURVE((1.,
0.995492184046,0.995492184046,1.)) REPRESENTATION_ITEM('') );
#1915 = CARTESIAN_POINT('',(0.,1.962821559286,-4.675360523871));
#1916 = LINE('',#2790,#1011);
#1917 = CARTESIAN_POINT('',(0.,4.712388980385));
#1918 = PCURVE('',#7976,#7415);
#1919 = ORIENTED_EDGE('',*,*,#7015,.T.);
#1920 = CARTESIAN_POINT('',(1.235765064252,2.120911979306));
#1921 = VECTOR('',#3268,1.);
#1922 = ORIENTED_EDGE('',*,*,#5358,.T.);
#1923 = LINE('',#2471,#2427);
#1924 = SURFACE_CURVE('',#6624,(#743,#6717),.PCURVE_S1.);
#1925 = CARTESIAN_POINT('',(3.14159265359,-1.7763568394E-15));
#1926 = LINE('',#8429,#3631);
#1927 = UNCERTAINTY_MEASURE_WITH_UNIT(LENGTH_MEASURE(5.E-05),#6359,
  'distance_accuracy_value','confusion accuracy');
#1928 = DIRECTION('',(0.,1.));
#1929 = CARTESIAN_POINT('',(0.166274924617,-1.962821559286,
    -4.675360523871));
#1930 = CARTESIAN_POINT('',(4.080705863513,4.83188145729));
#1931 = CARTESIAN_POINT('',(1.570796326795,-1.427996660723));
#1932 = FACE_BOUND('',#7359,.T.);
#1933 = DEFINITIONAL_REPRESENTATION('',(#741),#4165);
#1934 = CARTESIAN_POINT('',(0.,1.612403413174E-15,18.75));
#1935 = FACE_BOUND('',#6161,.T.);
#1936 = CARTESIAN_POINT('',(0.666465269084,3.998279621068));
#1937 = FACE_BOUND('',#7581,.T.);
#1938 = CYLINDRICAL_SURFACE('',#1756,6.6475);
#1939 = CARTESIAN_POINT('',(-0.27550929671,3.262068919738E-13,
    -3.146483111688));
#1940 = ( GEOMETRIC_REPRESENTATION_CONTEXT(2) 
PARAMETRIC_REPRESENTATION_CONTEXT() REPRESENTATION_CONTEXT('2D SPACE',''
  ) );
#1941 = CARTESIAN_POINT('',(-1.128247242402,8.040580620377,3.05194691137
    ));
#1942 = ORIENTED_EDGE('',*,*,#8616,.F.);
#1943 = CARTESIAN_POINT('',(6.48,2.49,-2.95));
#1944 = CARTESIAN_POINT('',(4.712388980385,-4.759988869075E-02));
#1945 = ORIENTED_EDGE('',*,*,#7140,.T.);
#1946 = ( GEOMETRIC_REPRESENTATION_CONTEXT(2) 
PARAMETRIC_REPRESENTATION_CONTEXT() REPRESENTATION_CONTEXT('2D SPACE',''
  ) );
#1947 = CARTESIAN_POINT('',(1.159624319982,2.786703528398));
#1948 = PCURVE('',#6692,#2799);
#1949 = VECTOR('',#7008,1.);
#1950 = CARTESIAN_POINT('',(3.32375,-12.40440387165));
#1951 = CYLINDRICAL_SURFACE('',#5666,8.1);
#1952 = CARTESIAN_POINT('',(4.302548183332,-0.625147602708));
#1953 = CARTESIAN_POINT('',(1.175307876621,3.117660730456));
#1954 = CARTESIAN_POINT('',(2.977465298259,1.097045809594E-06));
#1955 = TOROIDAL_SURFACE('',#737,3.175,3.175);
#1956 = CARTESIAN_POINT('',(-6.6475,0.));
#1957 = DIRECTION('',(-0.,-0.,1.));
#1958 = ( GEOMETRIC_REPRESENTATION_CONTEXT(2) 
PARAMETRIC_REPRESENTATION_CONTEXT() REPRESENTATION_CONTEXT('2D SPACE',''
  ) );
#1959 = LINE('',#2000,#301);
#1960 = CARTESIAN_POINT('',(0.927295404878,6.249404790497));
#1961 = CARTESIAN_POINT('',(4.712388980385,4.712388980385));
#1962 = PCURVE('',#1235,#5393);
#1963 = CARTESIAN_POINT('',(1.32181228698,4.683388016313));
#1964 = CARTESIAN_POINT('',(-2.04,6.365286717816));
#1965 = CARTESIAN_POINT('',(2.475127384505,1.713595992867));
#1966 = CARTESIAN_POINT('',(4.183770717658,-3.84250120086));
#1967 = LINE('',#509,#5115);
#1968 = CARTESIAN_POINT('',(0.,12.565,-18.75));
#1969 = DEFINITIONAL_REPRESENTATION('',(#8904),#6769);
#1970 = CARTESIAN_POINT('',(0.,-8.673617379884E-16,2.45));
#1971 = DEFINITIONAL_REPRESENTATION('',(#6948),#2157);
#1972 = CARTESIAN_POINT('',(0.915199263616,9.169073559176));
#1973 = EDGE_CURVE('',#8518,#3152,#3501,.T.);
#1974 = CARTESIAN_POINT('',(1.570796326795,-3.093992764899));
#1975 = AXIS2_PLACEMENT_3D('',#7052,#1957,#5911);
#1976 = CARTESIAN_POINT('',(3.14159265359,0.));
#1977 = CARTESIAN_POINT('',(5.124130405193,2.725585978664));
#1978 = CARTESIAN_POINT('',(29.28,-6.48));
#1979 = CARTESIAN_POINT('',(0.,-3.54,-16.75));
#1980 = DIRECTION('',(0.,0.,-1.));
#1981 = CARTESIAN_POINT('',(5.036067962143,4.219845386892));
#1982 = CARTESIAN_POINT('',(1.570796326795,4.212590149132));
#1983 = DIRECTION('',(0.,-9.369648404196E-16,-1.));
#1984 = CARTESIAN_POINT('',(5.215,-5.715));
#1985 = SURFACE_CURVE('',#45,(#6435,#5953),.PCURVE_S1.);
#1986 = ORIENTED_EDGE('',*,*,#4259,.F.);
#1987 = CARTESIAN_POINT('',(1.884711328453,0.136900894838));
#1988 = CARTESIAN_POINT('',(5.426750667292,1.675441935481));
#1989 = VECTOR('',#1602,1.);
#1990 = CARTESIAN_POINT('',(1.167747127974,3.743036377718));
#1991 = DIRECTION('',(0.,-0.786011783021,0.618211514736));
#1992 = ( GEOMETRIC_REPRESENTATION_CONTEXT(2) 
PARAMETRIC_REPRESENTATION_CONTEXT() REPRESENTATION_CONTEXT('2D SPACE',''
  ) );
#1993 = CARTESIAN_POINT('',(-5.184,1.126163241215,-19.25));
#1994 = CARTESIAN_POINT('',(0.908161124269,9.21485166656));
#1995 = B_SPLINE_CURVE_WITH_KNOTS('',3,(#2943,#1743,#8560,#6192,#1954,
    #574,#1302,#1810,#696,#5766,#5300,#8259,#7279,#5632,#3582,#7789,
    #276,#3073,#8794,#7533,#3131,#7050,#1453,#8683,#5367),
  .UNSPECIFIED.,.F.,.F.,(4,1,1,1,1,1,1,1,1,1,1,1,1,1,1,1,1,1,1,1,1,1,4),
  (3.14159265359,3.198723622914,3.255854592239,3.312985561563,
    3.370116530887,3.427247500212,3.484378469536,3.541509438861,
    3.598640408185,3.655771377509,3.712902346834,3.770033316158,
    3.827164285483,3.884295254807,3.941426224131,3.998557193456,
    4.05568816278,4.112819132105,4.169950101429,4.227081070753,
    4.284212040078,4.341343009402,4.398473978727),
  .QUASI_UNIFORM_KNOTS.);
#1996 = CARTESIAN_POINT('',(0.,0.));
#1997 = PCURVE('',#2802,#987);
#1998 = CARTESIAN_POINT('',(1.175197641778,3.105723049042));
#1999 = CARTESIAN_POINT('',(6.6675,4.949335182628));
#2000 = CARTESIAN_POINT('',(3.888253587293E-16,10.525,-24.25));
#2001 = ( GEOMETRIC_REPRESENTATION_CONTEXT(2) 
PARAMETRIC_REPRESENTATION_CONTEXT() REPRESENTATION_CONTEXT('2D SPACE',''
  ) );
#2002 = CARTESIAN_POINT('',(1.993243241291,1.000016692022));
#2003 = EDGE_LOOP('',(#7483,#2379,#2507,#470,#6973,#1205,#3033,#8710,
    #3318,#2096));
#2004 = CARTESIAN_POINT('',(1.570796326795,3.093992764899));
#2005 = DIRECTION('',(0.247255267949,-2.802597870931E-15,0.968950376682)
  );
#2006 = CARTESIAN_POINT('',(3.992183176743,-0.869091694947));
#2007 = DEFINITIONAL_REPRESENTATION('',(#3017),#5718);
#2008 = CARTESIAN_POINT('',(4.712388980385,0.666465269084));
#2009 = PCURVE('',#2433,#2821);
#2010 = DEFINITIONAL_REPRESENTATION('',(#2089),#8807);
#2011 = CARTESIAN_POINT('',(2.475127384505,0.285599332145));
#2012 = CARTESIAN_POINT('',(4.920854417394,6.28318530718));
#2013 = DIRECTION('',(-1.,0.,0.));
#2014 = CARTESIAN_POINT('',(5.355890089178,0.));
#2015 = EDGE_LOOP('',(#4322,#5651));
#2016 = ( GEOMETRIC_REPRESENTATION_CONTEXT(2) 
PARAMETRIC_REPRESENTATION_CONTEXT() REPRESENTATION_CONTEXT('2D SPACE',''
  ) );
#2017 = ( GEOMETRIC_REPRESENTATION_CONTEXT(2) 
PARAMETRIC_REPRESENTATION_CONTEXT() REPRESENTATION_CONTEXT('2D SPACE',''
  ) );
#2018 = CARTESIAN_POINT('',(6.48,-5.732878512554));
#2019 = CARTESIAN_POINT('',(0.,7.35,-16.75));
#2020 = DIRECTION('',(1.,0.));
#2021 = DIRECTION('',(1.,0.));
#2022 = CARTESIAN_POINT('',(1.570796326795,3.49859181877));
#2023 = CARTESIAN_POINT('',(4.430656491367,6.076025146863));
#2024 = DIRECTION('',(1.,0.,-0.));
#2025 = AXIS2_PLACEMENT_3D('',#8345,#1898,#4496);
#2026 = CARTESIAN_POINT('',(0.,-1.212178440714,-4.558741109223E-02));
#2027 = LINE('',#4599,#7580);
#2028 = VERTEX_POINT('',#4421);
#2029 = ORIENTED_EDGE('',*,*,#7070,.T.);
#2030 = LINE('',#6110,#1724);
#2031 = AXIS2_PLACEMENT_2D('',#10,#7081);
#2032 = ORIENTED_EDGE('',*,*,#4136,.T.);
#2033 = CARTESIAN_POINT('',(0.666465269084,4.769297891799));
#2034 = DEFINITIONAL_REPRESENTATION('',(#675),#5849);
#2035 = DEFINITIONAL_REPRESENTATION('',(#234),#988);
#2036 = ( GEOMETRIC_REPRESENTATION_CONTEXT(2) 
PARAMETRIC_REPRESENTATION_CONTEXT() REPRESENTATION_CONTEXT('2D SPACE',''
  ) );
#2037 = CARTESIAN_POINT('',(5.565579358145,4.353056766978));
#2038 = SURFACE_CURVE('',#3799,(#4713,#5435),.PCURVE_S1.);
#2039 = ORIENTED_EDGE('',*,*,#7880,.T.);
#2040 = FACE_BOUND('',#105,.T.);
#2041 = CARTESIAN_POINT('',(1.570796326794,3.212992486626));
#2042 = CARTESIAN_POINT('',(0.,-1.570796326795));
#2043 = PCURVE('',#8229,#1732);
#2044 = VECTOR('',#2256,1.);
#2045 = DIRECTION('',(0.,-0.,1.));
#2046 = ( GEOMETRIC_REPRESENTATION_CONTEXT(2) 
PARAMETRIC_REPRESENTATION_CONTEXT() REPRESENTATION_CONTEXT('2D SPACE',''
  ) );
#2047 = PCURVE('',#6083,#6999);
#2048 = SURFACE_CURVE('',#5383,(#3058,#5043),.PCURVE_S1.);
#2049 = PCURVE('',#1951,#5932);
#2050 = SURFACE_CURVE('',#8541,(#8076,#373),.PCURVE_S1.);
#2051 = CIRCLE('',#5264,8.1);
#2052 = VECTOR('',#3384,1.);
#2053 = CARTESIAN_POINT('',(-3.14159265359,16.3));
#2054 = DEFINITIONAL_REPRESENTATION('',(#8816),#195);
#2055 = CARTESIAN_POINT('',(5.513736232846,-0.798876498091));
#2056 = CARTESIAN_POINT('',(4.712388980385,-3.14159265359));
#2057 = CARTESIAN_POINT('',(15.100488309409,5.880767364025));
#2058 = CARTESIAN_POINT('',(3.994295346411E-03,9.1336586965E-02));
#2059 = CARTESIAN_POINT('',(0.98923219597,-8.672253178362));
#2060 = CARTESIAN_POINT('',(5.880767364025,-7.750488309409,-2.45));
#2061 = VECTOR('',#3853,1.);
#2062 = CARTESIAN_POINT('',(2.857027607038,-2.489999999999));
#2063 = PCURVE('',#2842,#8058);
#2064 = AXIS2_PLACEMENT_2D('',#2901,#3818);
#2065 = CARTESIAN_POINT('',(0.,6.48));
#2066 = DEFINITIONAL_REPRESENTATION('',(#6581),#6555);
#2067 = EDGE_LOOP('',(#979,#6939,#8485,#8522));
#2068 = DIRECTION('',(-0.,-1.,-1.351732578683E-16));
#2069 = CARTESIAN_POINT('',(-8.401944051581E-02,-5.971310291196));
#2070 = LINE('',#2500,#8803);
#2071 = DEFINITIONAL_REPRESENTATION('',(#7113),#3594);
#2072 = B_SPLINE_CURVE_WITH_KNOTS('',3,(#1111,#4396,#1201,#5711,#2274,
    #854,#1001,#5120,#7720,#8520,#6076,#6931,#5641,#2919,#2497,#6689,
    #5923,#7461,#6622,#7791,#2023,#1568,#8355,#4609,#4793),
  .UNSPECIFIED.,.F.,.F.,(4,1,1,1,1,1,1,1,1,1,1,1,1,1,1,1,1,1,1,1,1,1,4),
  (2.325386712659E-03,2.530430558598E-03,2.735474404537E-03,
    2.940518250476E-03,3.145562096415E-03,3.350605942354E-03,
    3.555649788293E-03,3.760693634232E-03,3.965737480171E-03,
    4.17078132611E-03,4.37582517205E-03,4.580869017989E-03,
    4.785912863928E-03,4.990956709867E-03,5.196000555806E-03,
    5.401044401745E-03,5.606088247684E-03,5.811132093623E-03,
    6.016175939562E-03,6.221219785501E-03,6.42626363144E-03,
    6.631307477379E-03,6.836351323318E-03),.QUASI_UNIFORM_KNOTS.);
#2073 = EDGE_CURVE('',#3806,#1409,#2808,.T.);
#2074 = SURFACE_CURVE('',#2261,(#6227,#5677),.PCURVE_S1.);
#2075 = VECTOR('',#312,1.);
#2076 = CARTESIAN_POINT('',(1.554827307989,1.570896964154));
#2077 = ADVANCED_FACE('',(#3154),#1938,.T.);
#2078 = AXIS2_PLACEMENT_3D('',#4367,#172,#3295);
#2079 = ORIENTED_EDGE('',*,*,#6646,.F.);
#2080 = DIRECTION('',(0.,-0.618211514736,0.786011783021));
#2081 = CARTESIAN_POINT('',(4.398473978727,0.182409579328));
#2082 = AXIS2_PLACEMENT_3D('',#4152,#1029,#6412);
#2083 = CARTESIAN_POINT('',(-3.019844003343,-0.606089220357,
    -0.816186562689));
#2084 = CARTESIAN_POINT('',(1.17750539707,2.44787630436));
#2085 = PCURVE('',#150,#8757);
#2086 = SHAPE_DEFINITION_REPRESENTATION(#759,#8063);
#2087 = ORIENTED_EDGE('',*,*,#1658,.T.);
#2088 = CARTESIAN_POINT('',(5.266231426553,0.58978353556));
#2089 = LINE('',#4002,#5475);
#2090 = CARTESIAN_POINT('',(4.205751761695,0.602645021572));
#2091 = TOROIDAL_SURFACE('',#8809,3.175,3.175);
#2092 = CARTESIAN_POINT('',(5.300688449569,5.100404036361));
#2093 = DIRECTION('',(0.,1.,1.351732578683E-16));
#2094 = ORIENTED_EDGE('',*,*,#5260,.T.);
#2095 = PCURVE('',#4625,#2874);
#2096 = ORIENTED_EDGE('',*,*,#7037,.F.);
#2097 = DIRECTION('',(0.,-1.351732578683E-16,1.));
#2098 = ( GEOMETRIC_REPRESENTATION_CONTEXT(2) 
PARAMETRIC_REPRESENTATION_CONTEXT() REPRESENTATION_CONTEXT('2D SPACE',''
  ) );
#2099 = VERTEX_POINT('',#3464);
#2100 = CARTESIAN_POINT('',(14.58,-6.48));
#2101 = DIRECTION('',(0.,1.));
#2102 = DIRECTION('',(0.,0.,-1.));
#2103 = PCURVE('',#3599,#589);
#2104 = VERTEX_POINT('',#6749);
#2105 = DEFINITIONAL_REPRESENTATION('',(#6617),#4816);
#2106 = PCURVE('',#6028,#5222);
#2107 = CARTESIAN_POINT('',(-5.880767364025,7.750488309409,-2.45));
#2108 = CARTESIAN_POINT('',(5.312599034745,0.575910307097));
#2109 = DIRECTION('',(-1.,0.));
#2110 = CARTESIAN_POINT('',(2.475127384505,0.856797996434));
#2111 = FACE_BOUND('',#3903,.T.);
#2112 = DIRECTION('',(0.,1.));
#2113 = ( GEOMETRIC_REPRESENTATION_CONTEXT(2) 
PARAMETRIC_REPRESENTATION_CONTEXT() REPRESENTATION_CONTEXT('2D SPACE',''
  ) );
#2114 = CARTESIAN_POINT('',(3.706570062299,-0.435149184451));
#2115 = CARTESIAN_POINT('',(3.14159265359,-3.14159265359));
#2116 = EDGE_CURVE('',#7849,#120,#4472,.T.);
#2117 = LINE('',#2848,#6438);
#2118 = CARTESIAN_POINT('',(6.045796881167,-11.5545977814));
#2119 = ORIENTED_EDGE('',*,*,#7161,.T.);
#2120 = AXIS2_PLACEMENT_2D('',#6319,#128);
#2121 = SURFACE_CURVE('',#6512,(#7751,#7374),.PCURVE_S1.);
#2122 = CARTESIAN_POINT('',(2.438406400404E-03,1.000008792341));
#2123 = DEFINITIONAL_REPRESENTATION('',(#7928),#3983);
#2124 = CARTESIAN_POINT('',(5.366332786899,5.028450997766));
#2125 = ORIENTED_EDGE('',*,*,#8680,.T.);
#2126 = AXIS2_PLACEMENT_3D('',#3375,#2759,#4095);
#2127 = ( GEOMETRIC_REPRESENTATION_CONTEXT(2) 
PARAMETRIC_REPRESENTATION_CONTEXT() REPRESENTATION_CONTEXT('2D SPACE',''
  ) );
#2128 = CARTESIAN_POINT('',(4.077923464219,4.570882580418));
#2129 = CARTESIAN_POINT('',(0.,8.881784197001E-16));
#2130 = DIRECTION('',(0.,1.));
#2131 = CARTESIAN_POINT('',(0.,-7.6));
#2132 = CARTESIAN_POINT('',(5.486748049423,1.796775704411));
#2133 = CARTESIAN_POINT('',(0.,0.,0.));
#2134 = DIRECTION('',(0.,0.,-1.));
#2135 = DEFINITIONAL_REPRESENTATION('',(#8879),#6788);
#2136 = ORIENTED_EDGE('',*,*,#3090,.F.);
#2137 = CARTESIAN_POINT('',(0.,0.,18.75));
#2138 = DIRECTION('',(1.,0.));
#2139 = CARTESIAN_POINT('',(4.990480490399,1.803647431583));
#2140 = DIRECTION('',(0.,1.,1.351732578683E-16));
#2141 = CARTESIAN_POINT('',(1.293533831363,1.795480651711,-4.19936562449
    ));
#2142 = CARTESIAN_POINT('',(4.068887871591,6.28318530718));
#2143 = SURFACE_CURVE('',#5021,(#668,#8430),.PCURVE_S1.);
#2144 = PCURVE('',#7487,#2135);
#2145 = CARTESIAN_POINT('',(1.252836628873,4.249651037304));
#2146 = PCURVE('',#4923,#7560);
#2147 = CARTESIAN_POINT('',(-7.5525,3.182643358908));
#2148 = CARTESIAN_POINT('',(1.732024571096,1.648245489479,
    -3.780560759337));
#2149 = PCURVE('',#4923,#5715);
#2150 = ORIENTED_EDGE('',*,*,#2377,.F.);
#2151 = DIRECTION('',(0.,-1.351732578683E-16,1.));
#2152 = CARTESIAN_POINT('',(0.921844667645,4.788770765417));
#2153 = CARTESIAN_POINT('',(0.666465269084,4.34095440806));
#2154 = ORIENTED_EDGE('',*,*,#3405,.T.);
#2155 = CARTESIAN_POINT('',(5.03056216069,2.034659676888));
#2156 = DEFINITIONAL_REPRESENTATION('',(#672),#4091);
#2157 = ( GEOMETRIC_REPRESENTATION_CONTEXT(2) 
PARAMETRIC_REPRESENTATION_CONTEXT() REPRESENTATION_CONTEXT('2D SPACE',''
  ) );
#2158 = CARTESIAN_POINT('',(0.,-1.5));
#2159 = DEFINITIONAL_REPRESENTATION('',(#1386),#3492);
#2160 = CARTESIAN_POINT('',(3.808057922674,4.426623104808));
#2161 = CARTESIAN_POINT('',(0.,0.,15.75));
#2162 = CARTESIAN_POINT('',(1.570796326795,4.759988869075E-02));
#2163 = CARTESIAN_POINT('',(-2.04,-6.365286717816));
#2164 = CARTESIAN_POINT('',(4.712388980385,2.713193655373));
#2165 = CARTESIAN_POINT('',(-1.589824086451,1.702129715932,
    -3.93383240893));
#2166 = DIRECTION('',(1.,0.,0.));
#2167 = AXIS2_PLACEMENT_3D('',#2392,#6393,#37);
#2168 = CARTESIAN_POINT('',(15.840052922717,-5.669175161751));
#2169 = ( GEOMETRIC_REPRESENTATION_CONTEXT(2) 
PARAMETRIC_REPRESENTATION_CONTEXT() REPRESENTATION_CONTEXT('2D SPACE',''
  ) );
#2170 = SURFACE_CURVE('',#1100,(#5759,#2149),.PCURVE_S1.);
#2171 = CARTESIAN_POINT('',(5.375389020824E-02,2.819195825252));
#2172 = CARTESIAN_POINT('',(5.652640747669,0.603525925259));
#2173 = CONICAL_SURFACE('',#229,7.1475,0.785398163397);
#2174 = SURFACE_CURVE('',#5589,(#4348,#6747),.PCURVE_S1.);
#2175 = SURFACE_CURVE('',#4724,(#507,#434),.PCURVE_S1.);
#2176 = SURFACE_CURVE('',#1087,(#262,#8893),.PCURVE_S1.);
#2177 = ADVANCED_FACE('',(#2404),#910,.F.);
#2178 = ( GEOMETRIC_REPRESENTATION_CONTEXT(2) 
PARAMETRIC_REPRESENTATION_CONTEXT() REPRESENTATION_CONTEXT('2D SPACE',''
  ) );
#2179 = PCURVE('',#1443,#8698);
#2180 = AXIS2_PLACEMENT_3D('',#2604,#7395,#8139);
#2181 = CARTESIAN_POINT('',(4.085738519383,5.638078356048));
#2182 = VECTOR('',#7392,1.);
#2183 = CARTESIAN_POINT('',(5.616720038095,2.570393989301));
#2184 = CARTESIAN_POINT('',(0.666465269084,2.884586563346));
#2185 = DIRECTION('',(-0.,-0.,1.));
#2186 = CARTESIAN_POINT('',(1.570796326795,3.427191985734));
#2187 = EDGE_CURVE('',#161,#7271,#4252,.T.);
#2188 = DEFINITIONAL_REPRESENTATION('',(#6795),#7411);
#2189 = CARTESIAN_POINT('',(3.14159265359,-1.7763568394E-15));
#2190 = DIRECTION('',(-0.,-0.,1.));
#2191 = PCURVE('',#7487,#4917);
#2192 = ADVANCED_FACE('',(#2602),#5003,.T.);
#2193 = ORIENTED_EDGE('',*,*,#7709,.T.);
#2194 = ( GEOMETRIC_REPRESENTATION_CONTEXT(2) 
PARAMETRIC_REPRESENTATION_CONTEXT() REPRESENTATION_CONTEXT('2D SPACE',''
  ) );
#2195 = ( GEOMETRIC_REPRESENTATION_CONTEXT(2) 
PARAMETRIC_REPRESENTATION_CONTEXT() REPRESENTATION_CONTEXT('2D SPACE',''
  ) );
#2196 = PCURVE('',#7718,#44);
#2197 = EDGE_CURVE('',#5875,#7650,#1691,.T.);
#2198 = LINE('',#2385,#7681);
#2199 = CARTESIAN_POINT('',(6.451655720528,-9.826559970136));
#2200 = CARTESIAN_POINT('',(3.172443412271,0.139889445129,1.065993338681
    ));
#2201 = CARTESIAN_POINT('',(19.9425,1.628167919466E-15));
#2202 = DIRECTION('',(1.,0.,0.));
#2203 = PCURVE('',#636,#3379);
#2204 = CARTESIAN_POINT('',(5.068246490566,5.874272594085));
#2205 = VERTEX_POINT('',#3197);
#2206 = CARTESIAN_POINT('',(2.585250006595,-2.748246268997));
#2207 = CARTESIAN_POINT('',(2.921133287512,1.000002751409));
#2208 = ( GEOMETRIC_REPRESENTATION_CONTEXT(2) 
PARAMETRIC_REPRESENTATION_CONTEXT() REPRESENTATION_CONTEXT('2D SPACE',''
  ) );
#2209 = DIRECTION('',(0.,0.,1.));
#2210 = CARTESIAN_POINT('',(0.,-7.35,-19.25));
#2211 = CARTESIAN_POINT('',(0.,-1.5));
#2212 = LINE('',#87,#7784);
#2213 = ( GEOMETRIC_REPRESENTATION_CONTEXT(2) 
PARAMETRIC_REPRESENTATION_CONTEXT() REPRESENTATION_CONTEXT('2D SPACE',''
  ) );
#2214 = AXIS2_PLACEMENT_3D('',#7039,#4934,#7093);
#2215 = DIRECTION('',(0.,-0.618211514736,-0.786011783021));
#2216 = CARTESIAN_POINT('',(3.888253587293E-16,-1.962821559286,
    -4.675360523871));
#2217 = CARTESIAN_POINT('',(3.14159265359,0.));
#2218 = CARTESIAN_POINT('',(-6.48,14.08,5.597522006608));
#2219 = CARTESIAN_POINT('',(14.58,-20.5096115413));
#2220 = CARTESIAN_POINT('',(5.329786471092E-04,0.997445249769));
#2221 = DEFINITIONAL_REPRESENTATION('',(#995),#2688);
#2222 = ORIENTED_EDGE('',*,*,#7402,.F.);
#2223 = ORIENTED_EDGE('',*,*,#4241,.T.);
#2224 = CYLINDRICAL_SURFACE('',#6422,3.175);
#2225 = DIRECTION('',(-0.,1.351732578683E-16,-1.));
#2226 = DIRECTION('',(-0.,1.,1.25431921618E-16));
#2227 = AXIS2_PLACEMENT_3D('',#8144,#7349,#2268);
#2228 = ORIENTED_EDGE('',*,*,#2720,.F.);
#2229 = DIRECTION('',(0.,-1.351732578683E-16,1.));
#2230 = DIRECTION('',(0.,0.786011783021,0.618211514736));
#2231 = LINE('',#533,#3841);
#2232 = CARTESIAN_POINT('',(3.888096564439,-1.523272716325E-05));
#2233 = DIRECTION('',(0.,1.));
#2234 = CARTESIAN_POINT('',(0.,9.237639163677));
#2235 = DIRECTION('',(0.,1.,1.351732578683E-16));
#2236 = CARTESIAN_POINT('',(3.852042640602,0.474127500466));
#2237 = CARTESIAN_POINT('',(3.993446436743E-03,0.984754924051));
#2238 = VERTEX_POINT('',#4735);
#2239 = DIRECTION('',(0.,0.,-1.));
#2240 = LINE('',#6767,#4146);
#2241 = CARTESIAN_POINT('',(2.964398852159,-1.09377925836E-13,
    -0.596458372403));
#2242 = CARTESIAN_POINT('',(-3.172442409412,0.139909722405,
    1.065891672745));
#2243 = B_SPLINE_CURVE_WITH_KNOTS('',3,(#6166,#4601,#7799,#6172,#4516,
    #6554,#1877,#1597,#7079,#3275,#4784,#3639,#1242,#2055,#1113,#6768,
    #3370,#2458,#6136,#8220,#4333,#8774,#3350,#5028,#8823),
  .UNSPECIFIED.,.F.,.F.,(4,1,1,1,1,1,1,1,1,1,1,1,1,1,1,1,1,1,1,1,1,1,4),
  (0.,5.083976175976E-02,0.10167952352,0.152519285279,0.203359047039,
    0.254198808799,0.305038570559,0.355878332318,0.406718094078,
    0.457557855838,0.508397617598,0.559237379357,0.610077141117,
    0.660916902877,0.711756664637,0.762596426396,0.813436188156,
    0.864275949916,0.915115711676,0.965955473435,1.016795235195,
    1.067634996955,1.118474758715),.QUASI_UNIFORM_KNOTS.);
#2244 = CARTESIAN_POINT('',(3.808057922674,3.312930047086));
#2245 = CARTESIAN_POINT('',(10.22125,6.189916573549));
#2246 = DEFINITIONAL_REPRESENTATION('',(#3918),#5834);
#2247 = AXIS2_PLACEMENT_3D('',#2137,#2102,#8263);
#2248 = CARTESIAN_POINT('',(-3.675,1.612403413174E-15,18.75));
#2249 = CARTESIAN_POINT('',(2.475127384505,3.093992764899));
#2250 = CARTESIAN_POINT('',(-2.04,-6.365286717816));
#2251 = CARTESIAN_POINT('',(0.,7.35,-16.25));
#2252 = CIRCLE('',#3260,8.1);
#2253 = CARTESIAN_POINT('',(6.6675,4.949335182628));
#2254 = CARTESIAN_POINT('',(0.,1.7763568394E-15));
#2255 = CARTESIAN_POINT('',(3.811618747261,-0.454520478519));
#2256 = DIRECTION('',(-1.,-1.130863886743E-15));
#2257 = CARTESIAN_POINT('',(-1.905,0.));
#2258 = CARTESIAN_POINT('',(-5.715,0.));
#2259 = CARTESIAN_POINT('',(8.476961024615E-04,1.33585092515E-05));
#2260 = CARTESIAN_POINT('',(1.30580743077,1.716803113882));
#2261 = CIRCLE('',#546,5.715);
#2262 = CARTESIAN_POINT('',(3.14159265359,0.));
#2263 = ADVANCED_FACE('',(#7304),#1343,.F.);
#2264 = EDGE_CURVE('',#591,#581,#7648,.T.);
#2265 = LINE('',#1404,#6633);
#2266 = EDGE_CURVE('',#648,#7158,#5777,.T.);
#2267 = ( GEOMETRIC_REPRESENTATION_CONTEXT(2) 
PARAMETRIC_REPRESENTATION_CONTEXT() REPRESENTATION_CONTEXT('2D SPACE',''
  ) );
#2268 = DIRECTION('',(1.,0.,-0.));
#2269 = PCURVE('',#5657,#6273);
#2270 = CARTESIAN_POINT('',(6.28318530718,0.));
#2271 = CARTESIAN_POINT('',(4.702807316208,-16.14867965727));
#2272 = DIRECTION('',(-1.,-1.224646799147E-16,0.));
#2273 = CARTESIAN_POINT('',(-3.107860329199,0.471047719341,
    -0.283388175336));
#2274 = CARTESIAN_POINT('',(4.033689267831,4.953297907815));
#2275 = CARTESIAN_POINT('',(0.,-3.5));
#2276 = CARTESIAN_POINT('',(0.,7.35,-6.65));
#2277 = ( GEOMETRIC_REPRESENTATION_CONTEXT(2) 
PARAMETRIC_REPRESENTATION_CONTEXT() REPRESENTATION_CONTEXT('2D SPACE',''
  ) );
#2278 = CARTESIAN_POINT('',(1.676366320033,7.924632228757,2.95));
#2279 = TOROIDAL_SURFACE('',#3856,7.6,0.5);
#2280 = CONICAL_SURFACE('',#7521,6.6475,0.785398163397);
#2281 = SURFACE_CURVE('',#4433,(#5501,#1869),.PCURVE_S1.);
#2282 = VECTOR('',#6739,1.);
#2283 = B_SPLINE_CURVE_WITH_KNOTS('',3,(#8126,#6848,#1293,#4584,#1573,
    #4079,#8491,#4649,#6916,#7735),.UNSPECIFIED.,.F.,.F.,(4,2,2,2,4),(
    4.588630984013E-03,4.727642520282E-03,4.866654056552E-03,
    5.14467712909E-03,5.700723274168E-03),.UNSPECIFIED.);
#2284 = VERTEX_POINT('',#183);
#2285 = B_SPLINE_CURVE_WITH_KNOTS('',3,(#6210,#6738,#3751,#4380,#7765,
    #7238,#2172,#1253,#8735,#1801,#1580,#2405,#8281,#6823,#376,#4438,
    #4157,#6368,#375,#3902,#8366,#1429,#1117,#5024,#1124),
  .UNSPECIFIED.,.F.,.F.,(4,1,1,1,1,1,1,1,1,1,1,1,1,1,1,1,1,1,1,1,1,1,4),
  (2.023117894875,2.073957656635,2.124797418395,2.175637180154,
    2.226476941914,2.277316703674,2.328156465434,2.378996227193,
    2.429835988953,2.480675750713,2.531515512473,2.582355274232,
    2.633195035992,2.684034797752,2.734874559512,2.785714321271,
    2.836554083031,2.887393844791,2.938233606551,2.989073368311,
    3.03991313007,3.09075289183,3.14159265359),.QUASI_UNIFORM_KNOTS.);
#2286 = CARTESIAN_POINT('',(5.459547811602,4.740040870188));
#2287 = SURFACE_CURVE('',#4131,(#3366,#2778),.PCURVE_S1.);
#2288 = ( GEOMETRIC_REPRESENTATION_CONTEXT(2) 
PARAMETRIC_REPRESENTATION_CONTEXT() REPRESENTATION_CONTEXT('2D SPACE',''
  ) );
#2289 = CARTESIAN_POINT('',(5.12251477706,3.465410979184));
#2290 = SURFACE_CURVE('',#8274,(#6978,#2794),.PCURVE_S1.);
#2291 = AXIS2_PLACEMENT_3D('',#7378,#4864,#3736);
#2292 = PCURVE('',#2091,#1245);
#2293 = ( GEOMETRIC_REPRESENTATION_CONTEXT(2) 
PARAMETRIC_REPRESENTATION_CONTEXT() REPRESENTATION_CONTEXT('2D SPACE',''
  ) );
#2294 = ORIENTED_EDGE('',*,*,#6737,.T.);
#2295 = DIRECTION('',(1.,0.,0.));
#2296 = CARTESIAN_POINT('',(-1.676366320018,7.92463222876,2.95));
#2297 = CARTESIAN_POINT('',(5.113504659455,2.951327181872));
#2298 = ( LENGTH_UNIT() NAMED_UNIT(*) SI_UNIT(.MILLI.,.METRE.) );
#2299 = CARTESIAN_POINT('',(3.808057922674,4.512291801556));
#2300 = ( GEOMETRIC_REPRESENTATION_CONTEXT(2) 
PARAMETRIC_REPRESENTATION_CONTEXT() REPRESENTATION_CONTEXT('2D SPACE',''
  ) );
#2301 = ORIENTED_EDGE('',*,*,#2323,.T.);
#2302 = EDGE_CURVE('',#3551,#4184,#111,.T.);
#2303 = PCURVE('',#5618,#8625);
#2304 = ( BOUNDED_SURFACE() B_SPLINE_SURFACE(3,2,(
    (#691,#8452,#16)
    ,(#7723,#4846,#882)
    ,(#8359,#5413,#6481)
    ,(#5271,#1806,#8432)
    ,(#5981,#4426,#4416)
    ,(#8053,#6901,#921)
    ,(#5388,#8619,#3007)
    ,(#5653,#7627,#4970)
    ,(#7945,#2241,#1049)
    ,(#3312,#6378,#6834
)),.UNSPECIFIED.,.F.,.F.,.F.) B_SPLINE_SURFACE_WITH_KNOTS((4,2,2,2,4),(3
    ,3),(-7.968688725258E-05,9.385964437464E-04,1.956879774745E-03,
    2.975163105744E-03,3.993446436743E-03),(0.,1.),.UNSPECIFIED.) 
GEOMETRIC_REPRESENTATION_ITEM() RATIONAL_B_SPLINE_SURFACE((
    (1.,1.,1.)
    ,(1.,1.,1.)
    ,(1.,1.000068332843,1.)
    ,(1.,0.999360622256,1.)
    ,(1.,0.99848597191,1.)
    ,(1.,0.995242637483,1.)
    ,(1.,0.992911887004,1.)
    ,(1.,0.987579039354,1.)
    ,(1.,0.984591758521,1.)
,(1.,0.981610609218,1.))) REPRESENTATION_ITEM('') SURFACE() );
#2305 = VECTOR('',#3186,1.);
#2306 = EDGE_LOOP('',(#8470,#8706,#7982,#4548));
#2307 = VECTOR('',#4998,1.);
#2308 = LINE('',#6584,#2856);
#2309 = CARTESIAN_POINT('',(3.817471695412,5.016126019827));
#2310 = CARTESIAN_POINT('',(2.137396269942,4.873103563704));
#2311 = FACE_BOUND('',#4956,.T.);
#2312 = VERTEX_POINT('',#4969);
#2313 = LINE('',#6306,#6754);
#2314 = DIRECTION('',(0.,1.,1.351732578683E-16));
#2315 = ( BOUNDED_CURVE() B_SPLINE_CURVE(2,(#6871,#8025,#5420,#2491,#5805,#1964
,#5650),.UNSPECIFIED.,.T.,.F.) B_SPLINE_CURVE_WITH_KNOTS((1,2,2,2,2,1),(
    -2.094395102393,0.,2.094395102393,4.188790204786,6.28318530718,
8.377580409573),.UNSPECIFIED.) CURVE() GEOMETRIC_REPRESENTATION_ITEM() 
RATIONAL_B_SPLINE_CURVE((1.,0.5,1.,0.5,1.,0.5,1.)) REPRESENTATION_ITEM(
  '') );
#2316 = ORIENTED_EDGE('',*,*,#2485,.F.);
#2317 = DIRECTION('',(1.,0.,0.));
#2318 = PCURVE('',#3028,#1051);
#2319 = EDGE_LOOP('',(#244,#7223,#8494,#240,#4701));
#2320 = SURFACE_CURVE('',#4064,(#7016,#1663),.PCURVE_S1.);
#2321 = DIRECTION('',(0.,3.469446951954E-16,1.));
#2322 = ORIENTED_EDGE('',*,*,#5178,.T.);
#2323 = EDGE_CURVE('',#2914,#3345,#3423,.T.);
#2324 = CARTESIAN_POINT('',(3.14159265359,-1.7763568394E-15));
#2325 = CARTESIAN_POINT('',(3.175170288853,-1.876855137335E-02,
    1.892524743016));
#2326 = LINE('',#6569,#2619);
#2327 = CARTESIAN_POINT('',(1.043009785184,5.396645650794));
#2328 = CARTESIAN_POINT('',(4.779148295549,-16.16351827484));
#2329 = CARTESIAN_POINT('',(5.416966932242,4.874179891611));
#2330 = CARTESIAN_POINT('',(3.476629311081,3.089499603979));
#2331 = CARTESIAN_POINT('',(11.43,9.331808609503E-16));
#2332 = LINE('',#6799,#8382);
#2333 = LINE('',#6658,#6211);
#2334 = DEFINITIONAL_REPRESENTATION('',(#3251),#2194);
#2335 = CARTESIAN_POINT('',(5.616720038095,-2.284794657156));
#2336 = AXIS2_PLACEMENT_3D('',#4938,#1652,#3147);
#2337 = DIRECTION('',(-0.,-0.,1.));
#2338 = DIRECTION('',(1.,0.));
#2339 = EDGE_CURVE('',#3623,#2956,#2074,.T.);
#2340 = CARTESIAN_POINT('',(-1.139447062869,-1.834946415217,
    -4.311624500108));
#2341 = CARTESIAN_POINT('',(-6.259474732569,-4.319897983592));
#2342 = CARTESIAN_POINT('',(5.507197078338,4.449296664128));
#2343 = CARTESIAN_POINT('',(4.712388980385,2.570393989301));
#2344 = ADVANCED_FACE('',(#3974),#7976,.F.);
#2345 = CIRCLE('',#986,3.175);
#2346 = CARTESIAN_POINT('',(6.28318530718,0.));
#2347 = ORIENTED_EDGE('',*,*,#8825,.F.);
#2348 = LINE('',#6056,#4104);
#2349 = CARTESIAN_POINT('',(1.511541670386E-03,0.999961698252));
#2350 = B_SPLINE_CURVE_WITH_KNOTS('',3,(#7948,#7326,#6833,#5505,#5980,
    #5894,#2502,#5952,#580,#7874,#7118,#8483,#5743,#3908,#3270,#5219,
    #1486,#7988,#97,#3498,#3135,#5985,#6537,#4883,#6847),
  .UNSPECIFIED.,.F.,.F.,(4,1,1,1,1,1,1,1,1,1,1,1,1,1,1,1,1,1,1,1,1,1,4),
  (1.112505609427E-06,2.023755558191E-04,4.036386060287E-04,
    6.049016562383E-04,8.06164706448E-04,1.007427756658E-03,
    1.208690806867E-03,1.409953857077E-03,1.611216907286E-03,
    1.812479957496E-03,2.013743007706E-03,2.215006057915E-03,
    2.416269108125E-03,2.617532158335E-03,2.818795208544E-03,
    3.020058258754E-03,3.221321308964E-03,3.422584359173E-03,
    3.623847409383E-03,3.825110459592E-03,4.026373509802E-03,
    4.227636560012E-03,4.428899610221E-03),.QUASI_UNIFORM_KNOTS.);
#2351 = ORIENTED_EDGE('',*,*,#430,.T.);
#2352 = CARTESIAN_POINT('',(4.712388980384,3.212992486626));
#2353 = LINE('',#1753,#8194);
#2354 = CARTESIAN_POINT('',(5.616720038095,-0.285599332145));
#2355 = EDGE_LOOP('',(#8282,#8125,#2322,#3206));
#2356 = CARTESIAN_POINT('',(4.712388980385,2.070595158048));
#2357 = DIRECTION('',(-0.,1.351732578683E-16,-1.));
#2358 = CIRCLE('',#492,8.1);
#2359 = AXIS2_PLACEMENT_3D('',#328,#5412,#1535);
#2360 = CARTESIAN_POINT('',(0.,-14.08,5.597522006608));
#2361 = ORIENTED_EDGE('',*,*,#3947,.T.);
#2362 = ( GEOMETRIC_REPRESENTATION_CONTEXT(2) 
PARAMETRIC_REPRESENTATION_CONTEXT() REPRESENTATION_CONTEXT('2D SPACE',''
  ) );
#2363 = DEFINITIONAL_REPRESENTATION('',(#7847),#6660);
#2364 = DIRECTION('',(-0.,1.351732578683E-16,-1.));
#2365 = CARTESIAN_POINT('',(4.103810670645,5.350212215778));
#2366 = EDGE_CURVE('',#1156,#7656,#1475,.T.);
#2367 = DEFINITIONAL_REPRESENTATION('',(#8909),#870);
#2368 = CIRCLE('',#4111,0.5);
#2369 = CARTESIAN_POINT('',(5.110014338736,3.022498569638));
#2370 = CARTESIAN_POINT('',(0.948274966544,5.562735370419));
#2371 = B_SPLINE_CURVE_WITH_KNOTS('',3,(#2421,#2249,#1191,#6746,#5310,
    #3243,#4642,#4501,#84,#5741,#3680,#1965,#2949,#4725,#8136,#8708,
    #7380,#2110,#8339,#4707,#6855,#2011,#3049,#534,#4811),
  .UNSPECIFIED.,.F.,.F.,(4,1,1,1,1,1,1,1,1,1,1,1,1,1,1,1,1,1,1,1,1,1,4),
  (4.712388980385,4.855188646457,4.997988312529,5.140787978601,
    5.283587644674,5.426387310746,5.569186976818,5.711986642891,
    5.854786308963,5.997585975035,6.140385641107,6.28318530718,
    6.425984973252,6.568784639324,6.711584305396,6.854383971469,
    6.997183637541,7.139983303613,7.282782969685,7.425582635758,
    7.56838230183,7.711181967902,7.853981633974),.QUASI_UNIFORM_KNOTS.);
#2372 = EDGE_CURVE('',#1311,#6977,#4275,.T.);
#2373 = PRODUCT('y-divider','y-divider','',(#7458));
#2374 = DIRECTION('',(0.247255267949,0.,-0.968950376682));
#2375 = CARTESIAN_POINT('',(5.530929767163,1.874651492674));
#2376 = CARTESIAN_POINT('',(3.675,2.06246111186E-15,19.25));
#2377 = EDGE_CURVE('',#3542,#3525,#3758,.T.);
#2378 = ( GEOMETRIC_REPRESENTATION_CONTEXT(2) 
PARAMETRIC_REPRESENTATION_CONTEXT() REPRESENTATION_CONTEXT('2D SPACE',''
  ) );
#2379 = ORIENTED_EDGE('',*,*,#217,.F.);
#2380 = EDGE_LOOP('',(#642,#316,#5265,#6402,#4858,#3356));
#2381 = CARTESIAN_POINT('',(5.109342265421,2.478890875808));
#2382 = CARTESIAN_POINT('',(1.031588890489,8.376674066488));
#2383 = CARTESIAN_POINT('',(4.607730267802,-16.18590198531));
#2384 = TOROIDAL_SURFACE('',#3123,12.96,6.48);
#2385 = CARTESIAN_POINT('',(3.14159265359,7.850462293419E-17));
#2386 = DEFINITIONAL_REPRESENTATION('',(#4247),#2749);
#2387 = DIRECTION('',(0.,1.,1.351732578683E-16));
#2388 = AXIS2_PLACEMENT_2D('',#6845,#777);
#2389 = CARTESIAN_POINT('',(8.753162996906E-16,-14.4975,-16.25));
#2390 = CARTESIAN_POINT('',(8.447001297119E-16,-0.7025,-16.75));
#2391 = DIRECTION('',(0.,1.25431921618E-16,-1.));
#2392 = CARTESIAN_POINT('',(0.,7.35,-6.65));
#2393 = ORIENTED_EDGE('',*,*,#3610,.T.);
#2394 = ORIENTED_EDGE('',*,*,#126,.F.);
#2395 = CARTESIAN_POINT('',(-13.065,-9.001153973733E-16));
#2396 = AXIS2_PLACEMENT_3D('',#6495,#2884,#8341);
#2397 = ORIENTED_EDGE('',*,*,#448,.T.);
#2398 = ORIENTED_EDGE('',*,*,#4463,.T.);
#2399 = CARTESIAN_POINT('',(6.28318530718,0.));
#2400 = ORIENTED_EDGE('',*,*,#6194,.F.);
#2401 = DIRECTION('',(0.,1.));
#2402 = EDGE_LOOP('',(#2228,#6663,#2029,#4687));
#2403 = CARTESIAN_POINT('',(4.234346254481,1.000012815903));
#2404 = FACE_BOUND('',#8219,.F.);
#2405 = CARTESIAN_POINT('',(5.513736232846,0.798876498091));
#2406 = CARTESIAN_POINT('',(12.562190581661,-6.420650700207));
#2407 = DIRECTION('',(0.,-1.351732578683E-16,1.));
#2408 = ORIENTED_EDGE('',*,*,#5123,.T.);
#2409 = CARTESIAN_POINT('',(5.112811487549,2.963195570005));
#2410 = CARTESIAN_POINT('',(0.,-16.3));
#2411 = LINE('',#633,#8370);
#2412 = PCURVE('',#5793,#6144);
#2413 = CARTESIAN_POINT('',(5.047439397297,2.121007204464));
#2414 = DEFINITIONAL_REPRESENTATION('',(#6262),#7724);
#2415 = DIRECTION('',(1.,0.));
#2416 = SURFACE_CURVE('',#5211,(#3935,#3658),.PCURVE_S1.);
#2417 = CARTESIAN_POINT('',(6.28318530718,-0.5));
#2418 = SURFACE_CURVE('',#8046,(#1077,#4107),.PCURVE_S1.);
#2419 = CARTESIAN_POINT('',(4.712388980385,3.998390650023));
#2420 = DEFINITIONAL_REPRESENTATION('',(#7732),#1598);
#2421 = CARTESIAN_POINT('',(2.475127384505,3.14159265359));
#2422 = DEFINITIONAL_REPRESENTATION('',(#6995),#3955);
#2423 = CARTESIAN_POINT('',(-5.715,6.998856457127E-16,19.25));
#2424 = CARTESIAN_POINT('',(5.122906200741,3.620649808962));
#2425 = CARTESIAN_POINT('',(-1.905,0.));
#2426 = DIRECTION('',(1.,0.));
#2427 = VECTOR('',#7408,1.);
#2428 = ORIENTED_EDGE('',*,*,#7744,.T.);
#2429 = DIRECTION('',(-1.,4.248095590484E-16));
#2430 = CARTESIAN_POINT('',(1.570796326795,4.283989982168));
#2431 = CARTESIAN_POINT('',(0.,-9.690537915919E-16));
#2432 = CARTESIAN_POINT('',(-2.6075,-1.198677519264));
#2433 = PLANE('',#7043);
#2434 = CARTESIAN_POINT('',(5.613159213508,-0.454520478519));
#2435 = B_SPLINE_CURVE_WITH_KNOTS('',3,(#3134,#3566,#1941,#6644),
  .UNSPECIFIED.,.F.,.F.,(4,4),(1.981131159947E-07,1.692509481677E-03),
  .PIECEWISE_BEZIER_KNOTS.);
#2436 = CARTESIAN_POINT('',(3.14159265359,3.14159265359));
#2437 = CARTESIAN_POINT('',(1.174309606578,3.058110399705));
#2438 = PCURVE('',#7976,#4449);
#2439 = CARTESIAN_POINT('',(1.105941381945,1.511679728511));
#2440 = EDGE_LOOP('',(#406,#4745,#790,#6881));
#2441 = EDGE_CURVE('',#8418,#4542,#7472,.T.);
#2442 = AXIS2_PLACEMENT_2D('',#535,#5344);
#2443 = ( GEOMETRIC_REPRESENTATION_CONTEXT(2) 
PARAMETRIC_REPRESENTATION_CONTEXT() REPRESENTATION_CONTEXT('2D SPACE',''
  ) );
#2444 = CARTESIAN_POINT('',(-0.5,0.));
#2445 = CARTESIAN_POINT('',(0.,0.,15.75));
#2446 = SURFACE_CURVE('',#5283,(#4265,#125),.PCURVE_S1.);
#2447 = CARTESIAN_POINT('',(-6.452533623405,-9.819735723744));
#2448 = DIRECTION('',(0.,1.));
#2449 = DEFINITIONAL_REPRESENTATION('',(#7068),#233);
#2450 = CARTESIAN_POINT('',(3.14159265359,4.440892098501E-16));
#2451 = AXIS2_PLACEMENT_2D('',#3705,#7260);
#2452 = EDGE_CURVE('',#8242,#4179,#1362,.T.);
#2453 = ORIENTED_EDGE('',*,*,#7400,.T.);
#2454 = ( GEOMETRIC_REPRESENTATION_CONTEXT(2) 
PARAMETRIC_REPRESENTATION_CONTEXT() REPRESENTATION_CONTEXT('2D SPACE',''
  ) );
#2455 = CARTESIAN_POINT('',(-6.48,7.35,-2.45));
#2456 = CARTESIAN_POINT('',(-1.542126642809,3.880441615267E-13,
    -2.783387215192));
#2457 = CARTESIAN_POINT('',(3.771974384593,0.434281438132));
#2458 = CARTESIAN_POINT('',(5.630772901922,-0.644268164605));
#2459 = CARTESIAN_POINT('',(1.252639761302,2.034572070258));
#2460 = DIRECTION('',(-1.224646799147E-16,1.,3.038581678643E-64));
#2461 = EDGE_CURVE('',#8685,#7698,#4027,.T.);
#2462 = PCURVE('',#8229,#2627);
#2463 = ( GEOMETRIC_REPRESENTATION_CONTEXT(2) 
PARAMETRIC_REPRESENTATION_CONTEXT() REPRESENTATION_CONTEXT('2D SPACE',''
  ) );
#2464 = PCURVE('',#1441,#4518);
#2465 = CARTESIAN_POINT('',(4.112178926024,-0.575910307097));
#2466 = CARTESIAN_POINT('',(5.880767364025,7.750488309409,-2.45));
#2467 = PCURVE('',#1343,#4331);
#2468 = DIRECTION('',(-0.,1.351732578683E-16,-1.));
#2469 = CARTESIAN_POINT('',(0.837834628812,1.715237716982));
#2470 = EDGE_CURVE('',#8398,#5213,#2121,.T.);
#2471 = CARTESIAN_POINT('',(0.,0.));
#2472 = PCURVE('',#6109,#899);
#2473 = CIRCLE('',#620,5.215);
#2474 = FACE_BOUND('',#8077,.T.);
#2475 = CARTESIAN_POINT('',(1.570796326794,3.070192820554));
#2476 = CARTESIAN_POINT('',(1.24039087352,5.943693198537));
#2477 = CARTESIAN_POINT('',(4.16259177673,3.992234065487));
#2478 = AXIS2_PLACEMENT_3D('',#358,#2229,#5778);
#2479 = DEFINITIONAL_REPRESENTATION('',(#1332),#4124);
#2480 = PCURVE('',#1235,#6643);
#2481 = FACE_BOUND('',#2913,.T.);
#2482 = DEFINITIONAL_REPRESENTATION('',(#7537),#4189);
#2483 = EDGE_LOOP('',(#4210,#4295,#2697,#1445,#3151,#8328));
#2484 = PCURVE('',#6109,#3852);
#2485 = EDGE_CURVE('',#4542,#5835,#4862,.T.);
#2486 = PCURVE('',#910,#7716);
#2487 = CARTESIAN_POINT('',(0.,7.35,-18.75));
#2488 = CARTESIAN_POINT('',(0.979279164263,4.81458279618));
#2489 = DEFINITIONAL_REPRESENTATION('',(#5815),#7135);
#2490 = B_SPLINE_CURVE_WITH_KNOTS('',3,(#7097,#53,#2447,#6649,#7938,
    #8441,#8048,#7781,#7528,#4138),.UNSPECIFIED.,.F.,.F.,(4,2,2,2,4),(
    3.638070544428E-02,3.744505196861E-02,3.850939849295E-02,
    3.957374501728E-02,4.063809154162E-02),.UNSPECIFIED.);
#2491 = CARTESIAN_POINT('',(-13.065,-9.001153973733E-16));
#2492 = CARTESIAN_POINT('',(-1.589824086451,-1.702129715932,
    -3.93383240893));
#2493 = CARTESIAN_POINT('',(0.936330810629,-9.029953920276));
#2494 = LINE('',#5559,#6913);
#2495 = FACE_BOUND('',#74,.T.);
#2496 = CARTESIAN_POINT('',(-1.676366320033,-7.924632228757,2.95));
#2497 = CARTESIAN_POINT('',(4.283840085411,5.674762962614));
#2498 = ORIENTED_EDGE('',*,*,#8806,.F.);
#2499 = CARTESIAN_POINT('',(1.286362801869,4.733101439508));
#2500 = CARTESIAN_POINT('',(6.28318530718,1.7763568394E-15));
#2501 = FACE_BOUND('',#191,.F.);
#2502 = CARTESIAN_POINT('',(1.902017972844,5.941467924226));
#2503 = CIRCLE('',#2126,6.48);
#2504 = LINE('',#8387,#3693);
#2505 = VECTOR('',#8038,1.);
#2506 = CARTESIAN_POINT('',(3.286152570529E-03,1.701448468852E-05));
#2507 = ORIENTED_EDGE('',*,*,#3083,.F.);
#2508 = ORIENTED_EDGE('',*,*,#4103,.T.);
#2509 = SURFACE_CURVE('',#3398,(#8297,#2873),.PCURVE_S1.);
#2510 = VECTOR('',#1490,1.);
#2511 = CARTESIAN_POINT('',(-0.5,0.));
#2512 = CARTESIAN_POINT('',(1.042178064068,8.301572540718));
#2513 = ADVANCED_FACE('',(#5592),#1235,.T.);
#2514 = CARTESIAN_POINT('',(-5.184,7.35,-15.25));
#2515 = CARTESIAN_POINT('',(4.06735503064,-4.640736415792));
#2516 = CARTESIAN_POINT('',(-2.37355219432,-1.319771457122,
    -2.846228764569));
#2517 = CIRCLE('',#1074,6.6475);
#2518 = ( BOUNDED_CURVE() B_SPLINE_CURVE(2,(#8604,#8583,#1267,#5004,
#8447,#2971,#1442),.UNSPECIFIED.,.T.,.F.) B_SPLINE_CURVE_WITH_KNOTS((1,2
    ,2,2,2,1),(-2.094395102393,0.,2.094395102393,4.188790204786,
6.28318530718,8.377580409573),.UNSPECIFIED.) CURVE() 
GEOMETRIC_REPRESENTATION_ITEM() RATIONAL_B_SPLINE_CURVE((1.,0.5,1.,0.5,
1.,0.5,1.)) REPRESENTATION_ITEM('') );
#2519 = DEFINITIONAL_REPRESENTATION('',(#747),#3724);
#2520 = CARTESIAN_POINT('',(3.733078213361,0.413454058098));
#2521 = CARTESIAN_POINT('',(2.467537541006,4.257895265154E-14,
    -1.791056436297));
#2522 = PCURVE('',#1464,#1155);
#2523 = CARTESIAN_POINT('',(2.905637277126,1.843143693225E-15,
    -0.787043465816));
#2524 = CARTESIAN_POINT('',(1.354147404347,6.259059488022));
#2525 = CARTESIAN_POINT('',(1.33302241041,4.726657203412));
#2526 = ADVANCED_FACE('',(#3571),#8059,.T.);
#2527 = CARTESIAN_POINT('',(5.184,1.126163241215,-15.25));
#2528 = FACE_BOUND('',#441,.T.);
#2529 = CARTESIAN_POINT('',(1.570796326795,2.070595158048));
#2530 = CARTESIAN_POINT('',(4.712388980385,1.642196159831));
#2531 = CARTESIAN_POINT('',(2.184189646699,5.418221992523));
#2532 = CIRCLE('',#756,8.1);
#2533 = DEFINITIONAL_REPRESENTATION('',(#3733),#442);
#2534 = VECTOR('',#6879,1.);
#2535 = EDGE_CURVE('',#6718,#3142,#1115,.T.);
#2536 = EDGE_CURVE('',#4086,#648,#6863,.T.);
#2537 = ORIENTED_EDGE('',*,*,#6439,.F.);
#2538 = DIRECTION('',(0.,0.618211514736,-0.786011783021));
#2539 = ORIENTED_EDGE('',*,*,#2441,.F.);
#2540 = CARTESIAN_POINT('',(4.204399504644,4.784431914546));
#2541 = DIRECTION('',(1.,0.));
#2542 = AXIS2_PLACEMENT_3D('',#1162,#3549,#746);
#2543 = VECTOR('',#7910,1.);
#2544 = AXIS2_PLACEMENT_3D('',#3041,#2700,#86);
#2545 = CARTESIAN_POINT('',(0.898050259696,1.577842622454));
#2546 = VECTOR('',#5837,1.);
#2547 = EDGE_LOOP('',(#4574,#2032,#4874,#7918));
#2548 = PCURVE('',#910,#6125);
#2549 = CARTESIAN_POINT('',(4.712388980385,3.14159265359));
#2550 = DEFINITIONAL_REPRESENTATION('',(#1221),#5599);
#2551 = DEFINITIONAL_REPRESENTATION('',(#6072),#7219);
#2552 = CARTESIAN_POINT('',(-6.6475,-18.16130774331));
#2553 = B_SPLINE_CURVE_WITH_KNOTS('',3,(#189,#3615,#6492,#1526,#2506,
    #5047,#5640,#4319,#8866,#7508,#8197,#7577,#1380,#7329,#4848,#5937,
    #6626,#2929,#8410,#7420,#4762,#799,#952,#7593,#7183),
  .UNSPECIFIED.,.F.,.F.,(4,1,1,1,1,1,1,1,1,1,1,1,1,1,1,1,1,1,1,1,1,1,4),
  (3.159105417437E-18,1.516425812075E-04,3.03285162415E-04,
    4.549277436225E-04,6.0657032483E-04,7.582129060375E-04,
    9.098554872449E-04,1.061498068452E-03,1.21314064966E-03,
    1.364783230867E-03,1.516425812075E-03,1.668068393282E-03,
    1.81971097449E-03,1.971353555697E-03,2.122996136905E-03,
    2.274638718112E-03,2.42628129932E-03,2.577923880527E-03,
    2.729566461735E-03,2.881209042942E-03,3.03285162415E-03,
    3.184494205357E-03,3.336136786565E-03),.QUASI_UNIFORM_KNOTS.);
#2554 = DIRECTION('',(-1.,-0.,-0.));
#2555 = ORIENTED_EDGE('',*,*,#8109,.F.);
#2556 = PCURVE('',#4256,#1539);
#2557 = VECTOR('',#6369,1.);
#2558 = DIRECTION('',(-1.,-0.,-0.));
#2559 = CARTESIAN_POINT('',(1.211885982722,2.236597640864));
#2560 = LINE('',#3026,#8507);
#2561 = CARTESIAN_POINT('',(-6.260326737554,-3.276124237247,2.45));
#2562 = DIRECTION('',(1.,0.,-0.));
#2563 = ADVANCED_FACE('',(#5489),#8120,.T.);
#2564 = CIRCLE('',#2120,3.675);
#2565 = PCURVE('',#1235,#8682);
#2566 = CARTESIAN_POINT('',(0.,0.,2.45));
#2567 = FACE_BOUND('',#8599,.T.);
#2568 = ORIENTED_EDGE('',*,*,#6194,.T.);
#2569 = AXIS2_PLACEMENT_2D('',#4063,#8597);
#2570 = CIRCLE('',#6290,6.6475);
#2571 = CARTESIAN_POINT('',(-3.81,-13.24661357683));
#2572 = LINE('',#8671,#4467);
#2573 = VECTOR('',#2822,1.);
#2574 = CARTESIAN_POINT('',(0.,0.));
#2575 = DIRECTION('',(0.,1.));
#2576 = PCURVE('',#1617,#2007);
#2577 = ADVANCED_FACE('',(#7855),#5793,.T.);
#2578 = ORIENTED_EDGE('',*,*,#8534,.T.);
#2579 = DIRECTION('',(1.,-1.130863886743E-15));
#2580 = CARTESIAN_POINT('',(0.666465269084,5.026303982043));
#2581 = CARTESIAN_POINT('',(1.273707305859,1.918615723084));
#2582 = CARTESIAN_POINT('',(-6.48,-1.508019041618,2.45));
#2583 = VERTEX_POINT('',#5334);
#2584 = LINE('',#3636,#6159);
#2585 = AXIS2_PLACEMENT_3D('',#7190,#3516,#1408);
#2586 = DIRECTION('',(1.,-1.963599532673E-15));
#2587 = LINE('',#7064,#6106);
#2588 = CARTESIAN_POINT('',(5.109589689449,3.248822033402));
#2589 = CARTESIAN_POINT('',(2.214297435588,6.28318530718));
#2590 = VERTEX_POINT('',#2774);
#2591 = CARTESIAN_POINT('',(4.712388980385,-2.713193655373));
#2592 = EDGE_CURVE('',#3269,#3505,#732,.T.);
#2593 = DIRECTION('',(0.,0.786011783021,-0.618211514736));
#2594 = CARTESIAN_POINT('',(4.660074171842,0.666021548429));
#2595 = CARTESIAN_POINT('',(0.,0.,19.25));
#2596 = ORIENTED_EDGE('',*,*,#3383,.T.);
#2597 = ORIENTED_EDGE('',*,*,#5249,.T.);
#2598 = DIRECTION('',(1.,0.));
#2599 = AXIS2_PLACEMENT_3D('',#1041,#4428,#8425);
#2600 = EDGE_LOOP('',(#8164,#919,#2150,#637,#8336,#564,#3255,#3985,
    #7969,#227));
#2601 = DIRECTION('',(0.,-3.469446951954E-16,1.));
#2602 = FACE_BOUND('',#4274,.T.);
#2603 = ( GEOMETRIC_REPRESENTATION_CONTEXT(2) 
PARAMETRIC_REPRESENTATION_CONTEXT() REPRESENTATION_CONTEXT('2D SPACE',''
  ) );
#2604 = CARTESIAN_POINT('',(0.,-1.635,-19.25));
#2605 = EDGE_CURVE('',#2590,#8418,#677,.T.);
#2606 = ( GEOMETRIC_REPRESENTATION_CONTEXT(2) 
PARAMETRIC_REPRESENTATION_CONTEXT() REPRESENTATION_CONTEXT('2D SPACE',''
  ) );
#2607 = CARTESIAN_POINT('',(3.852042640602,-0.474127500466));
#2608 = VERTEX_POINT('',#2376);
#2609 = CARTESIAN_POINT('',(0.,7.35,-16.25));
#2610 = CARTESIAN_POINT('',(1.126798982665,-7.685392771607));
#2611 = LINE('',#8085,#4964);
#2612 = CARTESIAN_POINT('',(3.150932220091,-0.330582682927,0.25312846414
    ));
#2613 = DEFINITIONAL_REPRESENTATION('',(#8582),#2718);
#2614 = CARTESIAN_POINT('',(0.,7.6,2.45));
#2615 = EDGE_CURVE('',#4457,#3525,#8074,.T.);
#2616 = CARTESIAN_POINT('',(0.,7.35,-24.25));
#2617 = PCURVE('',#7423,#7405);
#2618 = CARTESIAN_POINT('',(3.808057922674,2.627580473103));
#2619 = VECTOR('',#849,1.);
#2620 = CARTESIAN_POINT('',(0.968208093409,5.180706457515));
#2621 = ( GEOMETRIC_REPRESENTATION_CONTEXT(2) 
PARAMETRIC_REPRESENTATION_CONTEXT() REPRESENTATION_CONTEXT('2D SPACE',''
  ) );
#2622 = CARTESIAN_POINT('',(3.912509683731E-03,1.000001858604));
#2623 = CARTESIAN_POINT('',(1.325478804937,1.570796326795));
#2624 = ORIENTED_EDGE('',*,*,#4590,.F.);
#2625 = DIRECTION('',(0.,1.,1.351732578683E-16));
#2626 = CARTESIAN_POINT('',(2.513151210833,0.999996706649));
#2627 = DEFINITIONAL_REPRESENTATION('',(#2896),#254);
#2628 = ( BOUNDED_CURVE() B_SPLINE_CURVE(2,(#4749,#6382,#6331,#1528,
#8881,#7604,#8668),.UNSPECIFIED.,.T.,.F.) B_SPLINE_CURVE_WITH_KNOTS((1,2
    ,2,2,2,1),(-2.094395102393,0.,2.094395102393,4.188790204786,
6.28318530718,8.377580409573),.UNSPECIFIED.) CURVE() 
GEOMETRIC_REPRESENTATION_ITEM() RATIONAL_B_SPLINE_CURVE((1.,0.5,1.,0.5,
1.,0.5,1.)) REPRESENTATION_ITEM('') );
#2629 = ORIENTED_EDGE('',*,*,#757,.F.);
#2630 = CARTESIAN_POINT('',(4.066668215242,0.56107322846));
#2631 = DIRECTION('',(-0.,1.351732578683E-16,-1.));
#2632 = CARTESIAN_POINT('',(5.715,3.299556788419));
#2633 = ( GEOMETRIC_REPRESENTATION_CONTEXT(2) 
PARAMETRIC_REPRESENTATION_CONTEXT() REPRESENTATION_CONTEXT('2D SPACE',''
  ) );
#2634 = PLANE('',#6197);
#2635 = DIRECTION('',(0.,1.));
#2636 = DIRECTION('',(-1.,0.));
#2637 = DEFINITIONAL_REPRESENTATION('',(#5962),#8695);
#2638 = CARTESIAN_POINT('',(-1.834882016696,5.405934833294));
#2639 = CARTESIAN_POINT('',(-7.968688725258E-05,-6.64699668484E-02));
#2640 = CARTESIAN_POINT('',(5.071299324457,4.046587666316));
#2641 = CIRCLE('',#5134,3.81);
#2642 = VECTOR('',#5810,1.);
#2643 = CARTESIAN_POINT('',(-6.6475,-6.6475));
#2644 = CIRCLE('',#4876,6.6475);
#2645 = PCURVE('',#4758,#7314);
#2646 = CARTESIAN_POINT('',(5.290654902422,5.251562870366));
#2647 = CARTESIAN_POINT('',(9.97125,5.756903871657));
#2648 = AXIS2_PLACEMENT_3D('',#1589,#2887,#5615);
#2649 = CARTESIAN_POINT('',(1.142247431821,5.674762962614));
#2650 = DIRECTION('',(0.,-1.25431921618E-16,1.));
#2651 = ORIENTED_EDGE('',*,*,#8189,.T.);
#2652 = CIRCLE('',#7286,6.6475);
#2653 = CARTESIAN_POINT('',(1.676366320018,-7.92463222876,2.950000000003
    ));
#2654 = DEFINITIONAL_REPRESENTATION('',(#2332),#68);
#2655 = CARTESIAN_POINT('',(-3.81,-13.24661357683));
#2656 = DIRECTION('',(-1.,-1.224646799147E-16,0.));
#2657 = CARTESIAN_POINT('',(3.14159265359,-7.926089830427));
#2658 = DEFINITIONAL_REPRESENTATION('',(#8623),#6961);
#2659 = CARTESIAN_POINT('',(0.,-7.35,-5.597522006608));
#2660 = EDGE_LOOP('',(#8362,#3236,#5544,#5867));
#2661 = FACE_BOUND('',#4523,.T.);
#2662 = ORIENTED_EDGE('',*,*,#6275,.T.);
#2663 = PCURVE('',#6109,#3078);
#2664 = CARTESIAN_POINT('',(4.999851287085,4.4213931088));
#2665 = CARTESIAN_POINT('',(0.818077279869,1.755290404071));
#2666 = CARTESIAN_POINT('',(2.45,-3.378904433283));
#2667 = CARTESIAN_POINT('',(0.,7.35,-5.597522006608));
#2668 = CARTESIAN_POINT('',(-5.184,1.126163241215,-6.65));
#2669 = CARTESIAN_POINT('',(6.48,-2.666917362033,-2.633815441519));
#2670 = CARTESIAN_POINT('',(4.990494106971,4.479447511984));
#2671 = PCURVE('',#867,#1699);
#2672 = AXIS2_PLACEMENT_3D('',#4875,#1797,#7137);
#2673 = SURFACE_CURVE('',#8155,(#7891,#8892),.PCURVE_S1.);
#2674 = CARTESIAN_POINT('',(1.172186552534,3.284406938118));
#2675 = CARTESIAN_POINT('',(1.570796326795,0.285599332145));
#2676 = CARTESIAN_POINT('',(3.8,-6.581793068762));
#2677 = SURFACE_CURVE('',#3485,(#3125,#6324),.PCURVE_S1.);
#2678 = CARTESIAN_POINT('',(3.888253587293E-16,10.525,-18.75));
#2679 = ADVANCED_FACE('',(#364),#5600,.T.);
#2680 = VECTOR('',#4534,1.);
#2681 = CARTESIAN_POINT('',(0.863770773627,4.562752181977));
#2682 = CARTESIAN_POINT('',(2.336310413284,1.000013438336));
#2683 = VECTOR('',#5428,1.);
#2684 = DIRECTION('',(-1.,-0.,-0.));
#2685 = DIRECTION('',(1.,0.));
#2686 = PCURVE('',#4625,#1888);
#2687 = ( GEOMETRIC_REPRESENTATION_CONTEXT(2) 
PARAMETRIC_REPRESENTATION_CONTEXT() REPRESENTATION_CONTEXT('2D SPACE',''
  ) );
#2688 = ( GEOMETRIC_REPRESENTATION_CONTEXT(2) 
PARAMETRIC_REPRESENTATION_CONTEXT() REPRESENTATION_CONTEXT('2D SPACE',''
  ) );
#2689 = DEFINITIONAL_REPRESENTATION('',(#5144),#4050);
#2690 = CARTESIAN_POINT('',(1.732024571096,-1.648245489479,
    -3.780560759337));
#2691 = VECTOR('',#3729,1.);
#2692 = B_SPLINE_CURVE_WITH_KNOTS('',3,(#4115,#1339,#1519,#3679,#1241,
    #4674,#4039,#8688,#1769,#520,#322,#6219,#4056,#806,#8640,#7962,
    #6022,#782,#7460,#6620,#3410,#2955,#5669,#6962,#4888),
  .UNSPECIFIED.,.F.,.F.,(4,1,1,1,1,1,1,1,1,1,1,1,1,1,1,1,1,1,1,1,1,1,4),
  (-7.968688725274E-05,7.241469035025E-05,2.245162679532E-04,
    3.766178455562E-04,5.287194231592E-04,6.808210007622E-04,
    8.329225783652E-04,9.850241559682E-04,1.137125733571E-03,
    1.289227311174E-03,1.441328888777E-03,1.59343046638E-03,
    1.745532043983E-03,1.897633621586E-03,2.049735199189E-03,
    2.201836776792E-03,2.353938354395E-03,2.506039931998E-03,
    2.658141509601E-03,2.810243087204E-03,2.962344664807E-03,
    3.11444624241E-03,3.266547820013E-03),.UNSPECIFIED.);
#2693 = CIRCLE('',#6193,3.81);
#2694 = CARTESIAN_POINT('',(1.570796326795,2.427594323228));
#2695 = LINE('',#7013,#3662);
#2696 = CARTESIAN_POINT('',(0.,-7.35,-15.75));
#2697 = ORIENTED_EDGE('',*,*,#4612,.F.);
#2698 = CARTESIAN_POINT('',(4.712388980385,0.428398998217));
#2699 = CARTESIAN_POINT('',(-3.175,2.001228771903E-15,18.75));
#2700 = DIRECTION('',(-0.,1.351732578683E-16,-1.));
#2701 = ORIENTED_EDGE('',*,*,#7509,.T.);
#2702 = CARTESIAN_POINT('',(9.424777960769,5.5));
#2703 = VECTOR('',#1470,1.);
#2704 = EDGE_CURVE('',#3419,#4405,#3284,.T.);
#2705 = ORIENTED_EDGE('',*,*,#5963,.F.);
#2706 = CIRCLE('',#8876,6.6475);
#2707 = CIRCLE('',#6459,5.715);
#2708 = CARTESIAN_POINT('',(4.96138601083,4.683286015666));
#2709 = CIRCLE('',#7191,5.215);
#2710 = CARTESIAN_POINT('',(5.616720038095,-2.855993321445));
#2711 = DIRECTION('',(0.,1.));
#2712 = DIRECTION('',(0.,1.,1.351732578683E-16));
#2713 = DIRECTION('',(-0.,1.,1.351732578683E-16));
#2714 = ORIENTED_EDGE('',*,*,#4552,.T.);
#2715 = PCURVE('',#1443,#4596);
#2716 = CARTESIAN_POINT('',(-8.1,-6.6475));
#2717 = CIRCLE('',#4573,3.175);
#2718 = ( GEOMETRIC_REPRESENTATION_CONTEXT(2) 
PARAMETRIC_REPRESENTATION_CONTEXT() REPRESENTATION_CONTEXT('2D SPACE',''
  ) );
#2719 = CARTESIAN_POINT('',(2.58491986942,2.748827816871));
#2720 = EDGE_CURVE('',#4301,#3596,#3997,.T.);
#2721 = FILL_AREA_STYLE_COLOUR('',#6010);
#2722 = CARTESIAN_POINT('',(4.092771151758,-0.932366534753));
#2723 = CARTESIAN_POINT('',(5.603549115554,4.297160149166));
#2724 = B_SPLINE_CURVE_WITH_KNOTS('',3,(#1165,#3298,#5194,#4508,#3038,
    #43,#915,#8497,#623,#4420,#7207,#2674,#398,#3670,#7157,#7071,
    #5803,#8705,#3005,#3629,#4297,#6952,#7519,#7848,#3263),
  .UNSPECIFIED.,.F.,.F.,(4,1,1,1,1,1,1,1,1,1,1,1,1,1,1,1,1,1,1,1,1,1,4),
  (1.10627991556E-06,7.802952394174E-05,1.549527679679E-04,
    2.318760119941E-04,3.087992560203E-04,3.857225000465E-04,
    4.626457440726E-04,5.395689880988E-04,6.16492232125E-04,
    6.934154761512E-04,7.703387201773E-04,8.472619642035E-04,
    9.241852082297E-04,1.001108452256E-03,1.078031696282E-03,
    1.154954940308E-03,1.231878184334E-03,1.308801428361E-03,
    1.385724672387E-03,1.462647916413E-03,1.539571160439E-03,
    1.616494404465E-03,1.693417648491E-03),.QUASI_UNIFORM_KNOTS.);
#2725 = DIRECTION('',(1.,0.,0.));
#2726 = DIRECTION('',(1.,0.,0.));
#2727 = CARTESIAN_POINT('',(3.14159265359,-12.6));
#2728 = AXIS2_PLACEMENT_3D('',#3720,#602,#4321);
#2729 = CIRCLE('',#606,12.96);
#2730 = ORIENTED_EDGE('',*,*,#5720,.T.);
#2731 = CARTESIAN_POINT('',(1.324268959527,4.702724146974));
#2732 = PCURVE('',#5877,#279);
#2733 = ( GEOMETRIC_REPRESENTATION_CONTEXT(2) 
PARAMETRIC_REPRESENTATION_CONTEXT() REPRESENTATION_CONTEXT('2D SPACE',''
  ) );
#2734 = PCURVE('',#778,#7390);
#2735 = CARTESIAN_POINT('',(-6.058984485373,-7.127577469514,-2.45));
#2736 = PCURVE('',#4121,#4995);
#2737 = CARTESIAN_POINT('',(0.,1.570796326795));
#2738 = SURFACE_CURVE('',#1926,(#1737,#8001),.PCURVE_S1.);
#2739 = LINE('',#1566,#7787);
#2740 = DEFINITIONAL_REPRESENTATION('',(#5370),#654);
#2741 = CARTESIAN_POINT('',(3.808057922674,3.14159265359));
#2742 = VECTOR('',#6974,1.);
#2743 = ( GEOMETRIC_REPRESENTATION_CONTEXT(2) 
PARAMETRIC_REPRESENTATION_CONTEXT() REPRESENTATION_CONTEXT('2D SPACE',''
  ) );
#2744 = CARTESIAN_POINT('',(-1.089225819214,-2.005169030221E-13,
    -3.014309503971));
#2745 = DIRECTION('',(0.,1.));
#2746 = CIRCLE('',#821,3.675);
#2747 = DIRECTION('',(0.,-0.,1.));
#2748 = ( REPRESENTATION_RELATIONSHIP('','',#8063,#103) 
REPRESENTATION_RELATIONSHIP_WITH_TRANSFORMATION(#2908) 
SHAPE_REPRESENTATION_RELATIONSHIP() );
#2749 = ( GEOMETRIC_REPRESENTATION_CONTEXT(2) 
PARAMETRIC_REPRESENTATION_CONTEXT() REPRESENTATION_CONTEXT('2D SPACE',''
  ) );
#2750 = CARTESIAN_POINT('',(0.,0.,19.25));
#2751 = SURFACE_CURVE('',#6733,(#5918,#2318),.PCURVE_S1.);
#2752 = VECTOR('',#5384,1.);
#2753 = DEFINITIONAL_REPRESENTATION('',(#6937),#4532);
#2754 = CARTESIAN_POINT('',(5.053250175603,2.149674846786));
#2755 = LINE('',#7506,#1785);
#2756 = CARTESIAN_POINT('',(0.,0.,19.25));
#2757 = VECTOR('',#7175,1.);
#2758 = CARTESIAN_POINT('',(2.95,2.49));
#2759 = DIRECTION('',(-0.,-0.786011783021,-0.618211514736));
#2760 = CARTESIAN_POINT('',(-2.6075,-10.23132248073));
#2761 = CARTESIAN_POINT('',(4.712388980385,3.712791317879));
#2762 = CARTESIAN_POINT('',(2.214297435588,0.));
#2763 = FACE_BOUND('',#5244,.T.);
#2764 = CARTESIAN_POINT('',(0.,6.067978769025,-4.589190701346));
#2765 = PRESENTATION_STYLE_ASSIGNMENT((#8887));
#2766 = AXIS2_PLACEMENT_3D('',#213,#8810,#8678);
#2767 = CARTESIAN_POINT('',(6.998856457127E-16,-13.065,-18.75));
#2768 = CARTESIAN_POINT('',(0.930870694964,5.986143403106));
#2769 = CARTESIAN_POINT('',(-2.905637277126,6.505213034913E-16,
    -0.787043465816));
#2770 = CARTESIAN_POINT('',(1.073936088706,8.073575069666));
#2771 = DIRECTION('',(1.,0.));
#2772 = CARTESIAN_POINT('',(0.,-1.5));
#2773 = DIRECTION('',(-0.,1.351732578683E-16,-1.));
#2774 = CARTESIAN_POINT('',(6.48,-3.378904433283,-2.45));
#2775 = CARTESIAN_POINT('',(0.,-4.));
#2776 = CARTESIAN_POINT('',(-6.6475,-18.16130774331));
#2777 = LINE('',#3112,#6031);
#2778 = PCURVE('',#6411,#6317);
#2779 = DIRECTION('',(0.,1.));
#2780 = CYLINDRICAL_SURFACE('',#6084,5.715);
#2781 = CARTESIAN_POINT('',(2.572240568711,3.599850062674));
#2782 = CARTESIAN_POINT('',(5.616720038095,-2.141994991084));
#2783 = ( GEOMETRIC_REPRESENTATION_CONTEXT(2) 
PARAMETRIC_REPRESENTATION_CONTEXT() REPRESENTATION_CONTEXT('2D SPACE',''
  ) );
#2784 = DIRECTION('',(0.,-0.,1.));
#2785 = ORIENTED_EDGE('',*,*,#1551,.F.);
#2786 = CARTESIAN_POINT('',(1.137355110121,7.606593346466));
#2787 = ORIENTED_EDGE('',*,*,#1316,.F.);
#2788 = AXIS2_PLACEMENT_2D('',#8521,#1272);
#2789 = ORIENTED_EDGE('',*,*,#5088,.T.);
#2790 = CARTESIAN_POINT('',(-4.712388980385,17.834723848602));
#2791 = CARTESIAN_POINT('',(3.515556074551E-03,1.00000272097));
#2792 = CARTESIAN_POINT('',(-0.,-12.96));
#2793 = PCURVE('',#1441,#8226);
#2794 = PCURVE('',#1441,#1800);
#2795 = VERTEX_POINT('',#4156);
#2796 = CARTESIAN_POINT('',(2.857027607038,-2.489999999999));
#2797 = PCURVE('',#2802,#4521);
#2798 = CARTESIAN_POINT('',(-0.82317963763,-1.898487967899,
    -4.492366049878));
#2799 = DEFINITIONAL_REPRESENTATION('',(#4719),#6996);
#2800 = CARTESIAN_POINT('',(4.215528742296,3.614503729808));
#2801 = CARTESIAN_POINT('',(2.45,-3.378904433283));
#2802 = CYLINDRICAL_SURFACE('',#5037,3.175);
#2803 = CARTESIAN_POINT('',(5.092911729705,2.357333796569));
#2804 = SURFACE_CURVE('',#1520,(#7301,#8186),.PCURVE_S1.);
#2805 = AXIS2_PLACEMENT_3D('',#6189,#268,#6242);
#2806 = FACE_BOUND('',#2355,.T.);
#2807 = ADVANCED_FACE('',(#4134),#7718,.T.);
#2808 = SURFACE_CURVE('',#4299,(#3315,#1045),.PCURVE_S1.);
#2809 = PCURVE('',#5587,#1657);
#2810 = CARTESIAN_POINT('',(6.48,3.007033176826,-2.475423985937));
#2811 = DEFINITIONAL_REPRESENTATION('',(#6467),#5433);
#2812 = VECTOR('',#6732,1.);
#2813 = CARTESIAN_POINT('',(5.212281340155,5.531014665599,2.45));
#2814 = CARTESIAN_POINT('',(0.,11.16,-16.75));
#2815 = CARTESIAN_POINT('',(3.720064463692,-0.477908481161));
#2816 = DIRECTION('',(-0.,1.351732578683E-16,-1.));
#2817 = PCURVE('',#4121,#8094);
#2818 = CARTESIAN_POINT('',(1.570796326795,1.570796326795));
#2819 = SURFACE_CURVE('',#3488,(#7803,#67),.PCURVE_S1.);
#2820 = ORIENTED_EDGE('',*,*,#5484,.F.);
#2821 = DEFINITIONAL_REPRESENTATION('',(#2977),#6315);
#2822 = DIRECTION('',(0.,1.));
#2823 = ADVANCED_FACE('',(#2474,#2528),#2634,.T.);
#2824 = CARTESIAN_POINT('',(-2.45,7.6));
#2825 = CARTESIAN_POINT('',(1.570796326795,1.427996660723));
#2826 = DIRECTION('',(0.,1.));
#2827 = CIRCLE('',#655,6.48);
#2828 = CARTESIAN_POINT('',(1.722678334633,-16.22811121837));
#2829 = CARTESIAN_POINT('',(5.112162638872,2.975059101271));
#2830 = CARTESIAN_POINT('',(1.247109535549,2.063423167689));
#2831 = DIRECTION('',(1.,0.));
#2832 = CARTESIAN_POINT('',(5.184,1.126163241215,-19.25));
#2833 = CARTESIAN_POINT('',(1.570796326795,6.266627581128));
#2834 = DEFINITIONAL_REPRESENTATION('',(#3148),#1308);
#2835 = ( GEOMETRIC_REPRESENTATION_CONTEXT(2) 
PARAMETRIC_REPRESENTATION_CONTEXT() REPRESENTATION_CONTEXT('2D SPACE',''
  ) );
#2836 = CARTESIAN_POINT('',(6.48,-6.091980958382));
#2837 = CIRCLE('',#2544,3.81);
#2838 = CARTESIAN_POINT('',(2.213998939043,6.180918842752));
#2839 = CARTESIAN_POINT('',(2.164269850712,5.159613736327));
#2840 = CARTESIAN_POINT('',(3.808057922674,1.685224808876));
#2841 = LINE('',#6946,#7471);
#2842 = PLANE('',#3798);
#2843 = LINE('',#5328,#6209);
#2844 = PCURVE('',#1194,#1537);
#2845 = PCURVE('',#8113,#7621);
#2846 = DIRECTION('',(0.,3.469446951954E-16,1.));
#2847 = ORIENTED_EDGE('',*,*,#3170,.F.);
#2848 = CARTESIAN_POINT('',(0.,6.48));
#2849 = EDGE_LOOP('',(#4925,#7576,#8780,#3781));
#2850 = CARTESIAN_POINT('',(5.325848908686,5.41919399289));
#2851 = LINE('',#7984,#3103);
#2852 = AXIS2_PLACEMENT_3D('',#5045,#5925,#1599);
#2853 = CARTESIAN_POINT('',(5.566335816624,1.93129143627));
#2854 = ORIENTED_EDGE('',*,*,#3354,.F.);
#2855 = DIRECTION('',(0.,0.,-1.));
#2856 = VECTOR('',#6413,1.);
#2857 = EDGE_CURVE('',#5886,#5735,#6693,.T.);
#2858 = EDGE_CURVE('',#5158,#1156,#300,.T.);
#2859 = CARTESIAN_POINT('',(1.570796326795,4.06979048306));
#2860 = EDGE_LOOP('',(#1402,#4989,#1422));
#2861 = VECTOR('',#6854,1.);
#2862 = CIRCLE('',#1872,3.175);
#2863 = CIRCLE('',#3099,5.664230328819);
#2864 = DIRECTION('',(-0.,1.351732578683E-16,-1.));
#2865 = ( GEOMETRIC_REPRESENTATION_CONTEXT(2) 
PARAMETRIC_REPRESENTATION_CONTEXT() REPRESENTATION_CONTEXT('2D SPACE',''
  ) );
#2866 = DIRECTION('',(-1.,0.));
#2867 = DIRECTION('',(-0.,1.351732578683E-16,-1.));
#2868 = DEFINITIONAL_REPRESENTATION('',(#4617),#385);
#2869 = DEFINITIONAL_REPRESENTATION('',(#933),#3845);
#2870 = ( GEOMETRIC_REPRESENTATION_CONTEXT(2) 
PARAMETRIC_REPRESENTATION_CONTEXT() REPRESENTATION_CONTEXT('2D SPACE',''
  ) );
#2871 = CARTESIAN_POINT('',(-7.5525,-3.182643358908));
#2872 = CARTESIAN_POINT('',(-6.451964942879,2.224324345159,2.45));
#2873 = PCURVE('',#24,#377);
#2874 = DEFINITIONAL_REPRESENTATION('',(#512),#4973);
#2875 = DIRECTION('',(0.,0.,1.));
#2876 = CARTESIAN_POINT('',(1.170612221048,3.773722802028));
#2877 = AXIS2_PLACEMENT_3D('',#5891,#3294,#4704);
#2878 = CARTESIAN_POINT('',(5.21561402042,5.466245178578));
#2879 = VECTOR('',#8776,1.);
#2880 = CARTESIAN_POINT('',(0.,0.));
#2881 = ORIENTED_EDGE('',*,*,#6325,.F.);
#2882 = VECTOR('',#5880,1.);
#2883 = CARTESIAN_POINT('',(-6.48,-2.49,-2.95));
#2884 = DIRECTION('',(0.,-0.,1.));
#2885 = DEFINITIONAL_REPRESENTATION('',(#7935),#294);
#2886 = CARTESIAN_POINT('',(0.,11.16,-17.75));
#2887 = DIRECTION('',(-0.,1.351732578683E-16,-1.));
#2888 = CARTESIAN_POINT('',(5.121704267053,2.633104813854));
#2889 = DIRECTION('',(0.,-1.));
#2890 = CARTESIAN_POINT('',(4.398473978727,0.984754924051));
#2891 = CIRCLE('',#7664,6.48);
#2892 = CARTESIAN_POINT('',(1.427410018866,1.566028308919));
#2893 = CARTESIAN_POINT('',(2.475127384505,-2.713193655373));
#2894 = CARTESIAN_POINT('',(-3.175,1.749334230112E-03,2.171152594851));
#2895 = CARTESIAN_POINT('',(3.808057922674,4.769297891799));
#2896 = LINE('',#7748,#8371);
#2897 = DIRECTION('',(1.,0.));
#2898 = CARTESIAN_POINT('',(0.944030452638,3.871293057104E-14,
    -3.065897447889));
#2899 = FACE_BOUND('',#7902,.T.);
#2900 = CARTESIAN_POINT('',(1.174598981843,3.069996221206));
#2901 = CARTESIAN_POINT('',(-8.1,0.));
#2902 = LINE('',#3695,#8545);
#2903 = ( GEOMETRIC_REPRESENTATION_CONTEXT(2) 
PARAMETRIC_REPRESENTATION_CONTEXT() REPRESENTATION_CONTEXT('2D SPACE',''
  ) );
#2904 = CARTESIAN_POINT('',(6.28318530718,0.));
#2905 = DEFINITIONAL_REPRESENTATION('',(#4708),#2940);
#2906 = DIRECTION('',(-0.707106781187,0.,-0.707106781187));
#2907 = ORIENTED_EDGE('',*,*,#4136,.F.);
#2908 = ITEM_DEFINED_TRANSFORMATION('','',#8444,#6195);
#2909 = DEFINITIONAL_REPRESENTATION('',(#2936),#5619);
#2910 = CIRCLE('',#6632,5.715);
#2911 = ADVANCED_FACE('',(#1449),#867,.T.);
#2912 = CARTESIAN_POINT('',(0.,8.673617379884E-16,2.45));
#2913 = EDGE_LOOP('',(#1851,#1544));
#2914 = VERTEX_POINT('',#3862);
#2915 = CARTESIAN_POINT('',(3.735374010497,-0.520268320479));
#2916 = DIRECTION('',(-1.,-1.351732578683E-16));
#2917 = CARTESIAN_POINT('',(3.808057922674,1.342550021885));
#2918 = EDGE_CURVE('',#1037,#3683,#1522,.T.);
#2919 = CARTESIAN_POINT('',(4.258987796045,5.605829294284));
#2920 = ( GEOMETRIC_REPRESENTATION_CONTEXT(2) 
PARAMETRIC_REPRESENTATION_CONTEXT() REPRESENTATION_CONTEXT('2D SPACE',''
  ) );
#2921 = CARTESIAN_POINT('',(7.362477993392,-14.08));
#2922 = ORIENTED_EDGE('',*,*,#8183,.F.);
#2923 = DIRECTION('',(1.,0.));
#2924 = CARTESIAN_POINT('',(3.14159265359,0.));
#2925 = CARTESIAN_POINT('',(1.301562296346,1.745721218469));
#2926 = CARTESIAN_POINT('',(-6.6475,4.866307743314));
#2927 = CARTESIAN_POINT('',(-7.6,-13.16358613752));
#2928 = DIRECTION('',(1.,1.224646799147E-16,1.655394975788E-32));
#2929 = CARTESIAN_POINT('',(8.476868298504E-04,1.228075489751E-05));
#2930 = CARTESIAN_POINT('',(4.152002009382,-4.06638262332));
#2931 = DIRECTION('',(0.,0.786011783021,0.618211514736));
#2932 = CARTESIAN_POINT('',(8.881784197001E-16,0.));
#2933 = CARTESIAN_POINT('',(0.,7.35,-15.25));
#2934 = CARTESIAN_POINT('',(1.173170968444,3.022498569639));
#2935 = PCURVE('',#6407,#1496);
#2936 = LINE('',#4401,#2691);
#2937 = CARTESIAN_POINT('',(4.816909555825,-0.664029423235));
#2938 = AXIS2_PLACEMENT_3D('',#2667,#3704,#6571);
#2939 = ORIENTED_EDGE('',*,*,#8204,.F.);
#2940 = ( GEOMETRIC_REPRESENTATION_CONTEXT(2) 
PARAMETRIC_REPRESENTATION_CONTEXT() REPRESENTATION_CONTEXT('2D SPACE',''
  ) );
#2941 = CARTESIAN_POINT('',(1.570796326795,2.284794657156));
#2942 = CARTESIAN_POINT('',(0.,-7.35,-2.45));
#2943 = CARTESIAN_POINT('',(3.14159265359,0.));
#2944 = CARTESIAN_POINT('',(1.22407176744,4.105047832728));
#2945 = CYLINDRICAL_SURFACE('',#4487,3.175);
#2946 = CARTESIAN_POINT('',(5.729769735508,0.391996040752));
#2947 = SURFACE_CURVE('',#4406,(#2548,#5256),.PCURVE_S1.);
#2948 = CARTESIAN_POINT('',(3.8,6.581793068762));
#2949 = CARTESIAN_POINT('',(2.475127384505,1.570796326795));
#2950 = CARTESIAN_POINT('',(4.588825856332,-16.20087896539));
#2951 = ORIENTED_EDGE('',*,*,#1708,.F.);
#2952 = DIRECTION('',(0.,1.));
#2953 = CIRCLE('',#561,8.1);
#2954 = CARTESIAN_POINT('',(4.204944909637,3.690938734483));
#2955 = CARTESIAN_POINT('',(3.867300888773,1.31506899541));
#2956 = VERTEX_POINT('',#2767);
#2957 = CARTESIAN_POINT('',(0.,4.175,-18.75));
#2958 = ORIENTED_EDGE('',*,*,#5578,.F.);
#2959 = CARTESIAN_POINT('',(1.570796326795,-16.14847478826));
#2960 = ADVANCED_FACE('',(#635),#4803,.F.);
#2961 = PCURVE('',#2780,#7337);
#2962 = CARTESIAN_POINT('',(3.14159265359,-1.7763568394E-15));
#2963 = AXIS2_PLACEMENT_3D('',#8767,#5775,#1902);
#2964 = PCURVE('',#2173,#1326);
#2965 = CIRCLE('',#3824,0.5);
#2966 = CARTESIAN_POINT('',(4.98,-6.48));
#2967 = CARTESIAN_POINT('',(6.28318530718,0.));
#2968 = FACE_BOUND('',#92,.T.);
#2969 = CARTESIAN_POINT('',(1.776117831305,-16.29536604948));
#2970 = CARTESIAN_POINT('',(5.119968000482,3.682157723425));
#2971 = CARTESIAN_POINT('',(-2.04,6.365286717816));
#2972 = CARTESIAN_POINT('',(3.14159265359,0.));
#2973 = DEFINITIONAL_REPRESENTATION('',(#4962),#1856);
#2974 = AXIS2_PLACEMENT_3D('',#2750,#5395,#5789);
#2975 = CARTESIAN_POINT('',(2.454063413332,3.946831941423));
#2976 = DIRECTION('',(1.,0.));
#2977 = B_SPLINE_CURVE_WITH_KNOTS('',3,(#1148,#1161,#8606,#2341,#4597,
    #1359,#4244,#3678),.UNSPECIFIED.,.F.,.F.,(4,2,2,4),(
    3.753267850466E-02,3.965853052743E-02,4.072145653882E-02,
    4.17843825502E-02),.UNSPECIFIED.);
#2978 = CARTESIAN_POINT('',(1.229950504012,2.149599785328));
#2979 = VECTOR('',#137,1.);
#2980 = ADVANCED_FACE('',(#4588),#8862,.T.);
#2981 = DIRECTION('',(1.,0.));
#2982 = EDGE_CURVE('',#3800,#968,#2170,.T.);
#2983 = SURFACE_CURVE('',#5019,(#5895,#647),.PCURVE_S1.);
#2984 = CARTESIAN_POINT('',(1.675455039377,-16.18590198531));
#2985 = CARTESIAN_POINT('',(5.390810785069,1.591974966501));
#2986 = CARTESIAN_POINT('',(-7.1475,0.,16.25));
#2987 = CARTESIAN_POINT('',(-5.184,0.,0.));
#2988 = FACE_BOUND('',#6349,.T.);
#2989 = DIRECTION('',(-1.224646799147E-16,1.,-1.215432671457E-63));
#2990 = DIRECTION('',(1.,-5.654319433713E-16));
#2991 = ORIENTED_EDGE('',*,*,#2982,.T.);
#2992 = DIRECTION('',(0.,0.,-1.));
#2993 = CARTESIAN_POINT('',(0.,0.,16.25));
#2994 = CARTESIAN_POINT('',(-1.293533831363,1.795480651711,
    -4.19936562449));
#2995 = CARTESIAN_POINT('',(4.569942676022,-16.21839613326));
#2996 = DIRECTION('',(0.,-0.786011783021,0.618211514736));
#2997 = ( GEOMETRIC_REPRESENTATION_CONTEXT(2) 
PARAMETRIC_REPRESENTATION_CONTEXT() REPRESENTATION_CONTEXT('2D SPACE',''
  ) );
#2998 = SURFACE_CURVE('',#7179,(#4992,#3994),.PCURVE_S1.);
#2999 = EDGE_CURVE('',#4301,#444,#4112,.T.);
#3000 = LINE('',#5884,#3766);
#3001 = PCURVE('',#4121,#7783);
#3002 = ( GEOMETRIC_REPRESENTATION_CONTEXT(2) 
PARAMETRIC_REPRESENTATION_CONTEXT() REPRESENTATION_CONTEXT('2D SPACE',''
  ) );
#3003 = SURFACE_CURVE('',#1578,(#5151,#1375),.PCURVE_S1.);
#3004 = CARTESIAN_POINT('',(3.593178861162,4.231557163699E-07));
#3005 = CARTESIAN_POINT('',(1.174843364603,3.201292830419));
#3006 = VERTEX_POINT('',#4878);
#3007 = CARTESIAN_POINT('',(3.13796990779,-0.382217875783,
    5.589654868162E-02));
#3008 = DIRECTION('',(1.,0.,0.));
#3009 = CARTESIAN_POINT('',(3.888096564439,1.000015232727));
#3010 = CARTESIAN_POINT('',(0.,-10.525,-6.415276151398));
#3011 = CARTESIAN_POINT('',(5.713833222301,3.599850062674));
#3012 = CARTESIAN_POINT('',(1.400050582608,-16.24946225243));
#3013 = CARTESIAN_POINT('',(2.43,-13.49480577065));
#3014 = PCURVE('',#3436,#5514);
#3015 = LINE('',#2657,#1268);
#3016 = DIRECTION('',(0.,1.));
#3017 = LINE('',#2904,#1286);
#3018 = DIRECTION('',(0.,1.,1.351732578683E-16));
#3019 = CARTESIAN_POINT('',(20.9425,1.750632599381E-15));
#3020 = CARTESIAN_POINT('',(0.952701197333,5.489594215434));
#3021 = EDGE_CURVE('',#648,#8248,#7116,.T.);
#3022 = PCURVE('',#4256,#7104);
#3023 = ORIENTED_EDGE('',*,*,#7892,.T.);
#3024 = CARTESIAN_POINT('',(3.808057922674,1.256881325137));
#3025 = LINE('',#3933,#70);
#3026 = CARTESIAN_POINT('',(3.14159265359,-9.690537915919E-16));
#3027 = CARTESIAN_POINT('',(5.616720038095,0.999597662506));
#3028 = PLANE('',#4740);
#3029 = SURFACE_CURVE('',#2283,(#5723,#1046),.PCURVE_S1.);
#3030 = CARTESIAN_POINT('',(4.607868404945,0.664029423235));
#3031 = CARTESIAN_POINT('',(5.094606295512,-9.825579106321,-2.45));
#3032 = B_SPLINE_CURVE_WITH_KNOTS('',3,(#3780,#7069,#1685,#8747,#253,
    #5608,#3626,#7911,#4183,#8143,#5203,#1931,#5703,#761,#1460,#6755,
    #247,#977,#7209,#175,#1588,#3814,#8449,#1974,#1795),
  .UNSPECIFIED.,.F.,.F.,(4,1,1,1,1,1,1,1,1,1,1,1,1,1,1,1,1,1,1,1,1,1,4),
  (1.570796326795,1.713595992867,1.856395658939,1.999195325012,
    2.141994991084,2.284794657156,2.427594323228,2.570393989301,
    2.713193655373,2.855993321445,2.998792987518,3.14159265359,
    3.284392319662,3.427191985734,3.569991651807,3.712791317879,
    3.855590983951,3.998390650023,4.141190316096,4.283989982168,
    4.42678964824,4.569589314312,4.712388980385),.QUASI_UNIFORM_KNOTS.);
#3033 = ORIENTED_EDGE('',*,*,#7218,.F.);
#3034 = CARTESIAN_POINT('',(0.,-3.));
#3035 = PCURVE('',#5627,#6094);
#3036 = ( GEOMETRIC_REPRESENTATION_CONTEXT(2) 
PARAMETRIC_REPRESENTATION_CONTEXT() REPRESENTATION_CONTEXT('2D SPACE',''
  ) );
#3037 = CARTESIAN_POINT('',(4.141412835803,-4.140035968435));
#3038 = CARTESIAN_POINT('',(1.167337901365,3.367509280682));
#3039 = VERTEX_POINT('',#3213);
#3040 = DIRECTION('',(0.,-0.618211514736,0.786011783021));
#3041 = CARTESIAN_POINT('',(0.,7.35,-17.75));
#3042 = LINE('',#4145,#1370);
#3043 = CARTESIAN_POINT('',(2.690006549397,3.312514047742));
#3044 = DEFINITIONAL_REPRESENTATION('',(#1923),#7172);
#3045 = DIRECTION('',(0.,0.,-1.));
#3046 = VECTOR('',#6,1.);
#3047 = DEFINITIONAL_REPRESENTATION('',(#337),#638);
#3048 = ( GEOMETRIC_REPRESENTATION_CONTEXT(2) 
PARAMETRIC_REPRESENTATION_CONTEXT() REPRESENTATION_CONTEXT('2D SPACE',''
  ) );
#3049 = CARTESIAN_POINT('',(2.475127384505,0.142799666072));
#3050 = PCURVE('',#4923,#2869);
#3051 = PCURVE('',#8403,#205);
#3052 = CARTESIAN_POINT('',(-1.905,0.));
#3053 = CARTESIAN_POINT('',(3.14159265359,3.552713678801E-15));
#3054 = ORIENTED_EDGE('',*,*,#7917,.T.);
#3055 = VECTOR('',#2586,1.);
#3056 = CARTESIAN_POINT('',(4.344725557106,-5.209807484027E-06));
#3057 = CARTESIAN_POINT('',(0.,3.14159265359));
#3058 = PCURVE('',#8407,#3685);
#3059 = DEFINITIONAL_REPRESENTATION('',(#1536),#749);
#3060 = CARTESIAN_POINT('',(6.045796881167,-3.954597781406,2.45));
#3061 = DIRECTION('',(1.,0.));
#3062 = ( GEOMETRIC_REPRESENTATION_CONTEXT(2) 
PARAMETRIC_REPRESENTATION_CONTEXT() REPRESENTATION_CONTEXT('2D SPACE',''
  ) );
#3063 = AXIS2_PLACEMENT_3D('',#7905,#7489,#8482);
#3064 = PCURVE('',#1443,#4850);
#3065 = CARTESIAN_POINT('',(1.609025085456,-16.153304933));
#3066 = CARTESIAN_POINT('',(20.9425,1.750632599381E-15));
#3067 = CARTESIAN_POINT('',(0.9390898607,1.451293146216));
#3068 = CARTESIAN_POINT('',(1.589824086451,1.702129715932,-3.93383240893
    ));
#3069 = ( GEOMETRIC_REPRESENTATION_CONTEXT(2) 
PARAMETRIC_REPRESENTATION_CONTEXT() REPRESENTATION_CONTEXT('2D SPACE',''
  ) );
#3070 = DEFINITIONAL_REPRESENTATION('',(#1065),#3576);
#3071 = DEFINITIONAL_REPRESENTATION('',(#3930),#4524);
#3072 = DEFINITIONAL_REPRESENTATION('',(#639),#5938);
#3073 = CARTESIAN_POINT('',(2.2197474705,2.347159441037E-06));
#3074 = ORIENTED_EDGE('',*,*,#439,.F.);
#3075 = LINE('',#3950,#7644);
#3076 = CARTESIAN_POINT('',(-1.676366320018,7.92463222876,2.95));
#3077 = DIRECTION('',(0.,1.));
#3078 = DEFINITIONAL_REPRESENTATION('',(#7049),#100);
#3079 = CARTESIAN_POINT('',(3.14159265359,-1.372705315496E-16));
#3080 = CARTESIAN_POINT('',(4.712388980385,4.712388980385));
#3081 = ADVANCED_FACE('',(#4222),#5594,.T.);
#3082 = CARTESIAN_POINT('',(5.616720038095,2.004237543469));
#3083 = EDGE_CURVE('',#3006,#5158,#4451,.T.);
#3084 = CARTESIAN_POINT('',(1.694359450847,-16.20087896539));
#3085 = CARTESIAN_POINT('',(4.712388980385,2.356194490192));
#3086 = CARTESIAN_POINT('',(1.993246443615,5.76009850863));
#3087 = CARTESIAN_POINT('',(17.175579106321,5.094606295512));
#3088 = EDGE_CURVE('',#5976,#8034,#8159,.T.);
#3089 = CARTESIAN_POINT('',(4.236686922284,3.460392028508));
#3090 = EDGE_CURVE('',#6423,#1309,#926,.T.);
#3091 = B_SPLINE_CURVE_WITH_KNOTS('',3,(#1217,#1092,#3324,#2002,#3990,
    #5558,#1633,#6508,#3292,#2682,#1337,#4558,#2626,#5340,#8182,#6191,
    #1376,#3517,#5262,#2207,#4644,#4137,#7929,#6150,#7555),
  .UNSPECIFIED.,.F.,.F.,(4,1,1,1,1,1,1,1,1,1,1,1,1,1,1,1,1,1,1,1,1,1,4),
  (1.884711328453,1.941842297777,1.998973267102,2.056104236426,
    2.113235205751,2.170366175075,2.227497144399,2.284628113724,
    2.341759083048,2.398890052373,2.456021021697,2.513151991021,
    2.570282960346,2.62741392967,2.684544898995,2.741675868319,
    2.798806837643,2.855937806968,2.913068776292,2.970199745617,
    3.027330714941,3.084461684265,3.14159265359),.QUASI_UNIFORM_KNOTS.);
#3092 = CARTESIAN_POINT('',(6.6475,0.,19.25));
#3093 = CARTESIAN_POINT('',(0.,6.137821559286,-3.919688740306));
#3094 = CARTESIAN_POINT('',(1.570796326795,4.688589036039));
#3095 = CARTESIAN_POINT('',(0.892411374931,1.591883387986));
#3096 = AXIS2_PLACEMENT_3D('',#999,#5291,#4639);
#3097 = CARTESIAN_POINT('',(1.570796326795,-16.14847478826));
#3098 = DIRECTION('',(0.,1.,1.351732578683E-16));
#3099 = AXIS2_PLACEMENT_3D('',#2942,#3790,#5301);
#3100 = ORIENTED_EDGE('',*,*,#641,.T.);
#3101 = SURFACE_CURVE('',#6135,(#2732,#1861),.PCURVE_S1.);
#3102 = CARTESIAN_POINT('',(1.206088138885,2.266305186827));
#3103 = VECTOR('',#177,1.);
#3104 = VECTOR('',#6246,1.);
#3105 = ORIENTED_EDGE('',*,*,#1034,.F.);
#3106 = DIRECTION('',(-0.,1.351732578683E-16,-1.));
#3107 = CARTESIAN_POINT('',(-3.175,0.,2.45));
#3108 = EDGE_CURVE('',#2028,#2238,#7711,.T.);
#3109 = CARTESIAN_POINT('',(1.779261763804,-16.3));
#3110 = SURFACE_CURVE('',#7620,(#3238,#2797),.PCURVE_S1.);
#3111 = CARTESIAN_POINT('',(3.867300005921,4.968117133785));
#3112 = CARTESIAN_POINT('',(3.14159265359,3.14159265359));
#3113 = ORIENTED_EDGE('',*,*,#2999,.F.);
#3114 = LINE('',#4671,#6489);
#3115 = CARTESIAN_POINT('',(3.808057922674,2.113568292615));
#3116 = ORIENTED_EDGE('',*,*,#1746,.F.);
#3117 = VECTOR('',#3544,1.);
#3118 = CARTESIAN_POINT('',(4.712388980385,4.688589036039));
#3119 = DEFINITIONAL_REPRESENTATION('',(#6450),#3584);
#3120 = CARTESIAN_POINT('',(3.993446436743E-03,0.5));
#3121 = CARTESIAN_POINT('',(3.993446436743E-03,0.954290402231));
#3122 = CARTESIAN_POINT('',(-8.1,9.919639073094E-16,15.25));
#3123 = AXIS2_PLACEMENT_3D('',#6790,#6064,#5315);
#3124 = DIRECTION('',(1.,0.));
#3125 = PCURVE('',#1235,#371);
#3126 = CARTESIAN_POINT('',(6.28318530718,4.712388980385));
#3127 = ( GEOMETRIC_REPRESENTATION_CONTEXT(2) 
PARAMETRIC_REPRESENTATION_CONTEXT() REPRESENTATION_CONTEXT('2D SPACE',''
  ) );
#3128 = DIRECTION('',(0.,0.,1.));
#3129 = CARTESIAN_POINT('',(6.48,-2.49,-19.25));
#3130 = CARTESIAN_POINT('',(4.995112958688,4.45041650941));
#3131 = CARTESIAN_POINT('',(2.048839052699,-1.281590272935E-05));
#3132 = LINE('',#5755,#6953);
#3133 = CIRCLE('',#4797,3.81);
#3134 = CARTESIAN_POINT('',(0.,8.1,3.101525211738));
#3135 = CARTESIAN_POINT('',(2.250012668796,4.952048934532));
#3136 = DEFINITIONAL_REPRESENTATION('',(#6090),#3500);
#3137 = CARTESIAN_POINT('',(1.301621245463,4.537857777085));
#3138 = DIRECTION('',(1.,0.));
#3139 = LINE('',#6864,#786);
#3140 = DIRECTION('',(-0.,1.351732578683E-16,-1.));
#3141 = DEFINITIONAL_REPRESENTATION('',(#4174),#4414);
#3142 = VERTEX_POINT('',#2883);
#3143 = CARTESIAN_POINT('',(1.866548825319E-03,2.015046649715E-05));
#3144 = SURFACE_CURVE('',#7406,(#3209,#558),.PCURVE_S1.);
#3145 = LINE('',#705,#3652);
#3146 = CARTESIAN_POINT('',(0.,-7.35,-2.45));
#3147 = DIRECTION('',(0.,1.,1.351732578683E-16));
#3148 = ( BOUNDED_CURVE() B_SPLINE_CURVE(2,(#3694,#951,#4092,#8310,
#5968,#6947,#1887),.UNSPECIFIED.,.T.,.F.) B_SPLINE_CURVE_WITH_KNOTS((1,2
    ,2,2,2,1),(-2.094395102393,0.,2.094395102393,4.188790204786,
6.28318530718,8.377580409573),.UNSPECIFIED.) CURVE() 
GEOMETRIC_REPRESENTATION_ITEM() RATIONAL_B_SPLINE_CURVE((1.,0.5,1.,0.5,
1.,0.5,1.)) REPRESENTATION_ITEM('') );
#3149 = DEFINITIONAL_REPRESENTATION('',(#3139),#1665);
#3150 = CARTESIAN_POINT('',(0.,-4.));
#3151 = ORIENTED_EDGE('',*,*,#4872,.T.);
#3152 = VERTEX_POINT('',#1276);
#3153 = LINE('',#7171,#5156);
#3154 = FACE_BOUND('',#651,.T.);
#3155 = DEFINITIONAL_REPRESENTATION('',(#3786),#7445);
#3156 = CARTESIAN_POINT('',(0.,0.));
#3157 = CARTESIAN_POINT('',(4.077923464219,-4.570882580418));
#3158 = CARTESIAN_POINT('',(3.14159265359,-3.14159265359));
#3159 = ADVANCED_FACE('',(#8245),#3558,.F.);
#3160 = VECTOR('',#3124,1.);
#3161 = ( GEOMETRIC_REPRESENTATION_CONTEXT(2) 
PARAMETRIC_REPRESENTATION_CONTEXT() REPRESENTATION_CONTEXT('2D SPACE',''
  ) );
#3162 = CARTESIAN_POINT('',(5.116714995993,2.903771395526));
#3163 = VECTOR('',#8576,1.);
#3164 = EDGE_CURVE('',#1560,#7879,#7256,.T.);
#3165 = CARTESIAN_POINT('',(0.666465269084,2.113568292615));
#3166 = VECTOR('',#6843,1.);
#3167 = CARTESIAN_POINT('',(4.215528742296,-3.614503729808));
#3168 = ORIENTED_EDGE('',*,*,#1776,.T.);
#3169 = DIRECTION('',(-1.,0.));
#3170 = EDGE_CURVE('',#6560,#1700,#5305,.T.);
#3171 = ORIENTED_EDGE('',*,*,#901,.T.);
#3172 = DIRECTION('',(0.,1.));
#3173 = CARTESIAN_POINT('',(2.43,-13.49480577065));
#3174 = SURFACE_CURVE('',#6390,(#7674,#5665),.PCURVE_S1.);
#3175 = CARTESIAN_POINT('',(0.,-3.));
#3176 = CARTESIAN_POINT('',(0.827369271064,4.546456213032));
#3177 = DIRECTION('',(-1.,0.,-0.));
#3178 = CYLINDRICAL_SURFACE('',#2214,6.6475);
#3179 = CARTESIAN_POINT('',(-2.764389407788,-0.987081815008,
    -1.899905626863));
#3180 = CARTESIAN_POINT('',(0.,1.570796326795));
#3181 = DEFINITIONAL_REPRESENTATION('',(#652),#4900);
#3182 = DIRECTION('',(-1.351732578683E-16,1.));
#3183 = PCURVE('',#7976,#1971);
#3184 = CARTESIAN_POINT('',(0.,1.212178440714,-4.558741109223E-02));
#3185 = DEFINITIONAL_REPRESENTATION('',(#7514),#7003);
#3186 = DIRECTION('',(-1.25431921618E-16,1.));
#3187 = CARTESIAN_POINT('',(0.999820182213,8.599107308293));
#3188 = PCURVE('',#6407,#4410);
#3189 = EDGE_CURVE('',#1309,#3437,#8347,.T.);
#3190 = CARTESIAN_POINT('',(4.04623578975,-4.778567823819));
#3191 = CARTESIAN_POINT('',(2.475127384505,-1.28519699465));
#3192 = ORIENTED_EDGE('',*,*,#3021,.F.);
#3193 = CARTESIAN_POINT('',(-7.6,13.163586137523));
#3194 = LINE('',#7702,#6721);
#3195 = CARTESIAN_POINT('',(1.021001181191,4.712388980385));
#3196 = DEFINITIONAL_REPRESENTATION('',(#5368),#8643);
#3197 = CARTESIAN_POINT('',(0.,-0.2025,-15.75));
#3198 = CARTESIAN_POINT('',(5.092734874089,3.92696854279));
#3199 = VECTOR('',#3279,1.);
#3200 = PCURVE('',#7647,#3735);
#3201 = ORIENTED_EDGE('',*,*,#3425,.T.);
#3202 = CARTESIAN_POINT('',(0.,-1.570796326795));
#3203 = PCURVE('',#6411,#1874);
#3204 = CARTESIAN_POINT('',(3.250127458578,-1.991981741495E-06));
#3205 = TOROIDAL_SURFACE('',#2247,5.215,0.5);
#3206 = ORIENTED_EDGE('',*,*,#4492,.F.);
#3207 = CARTESIAN_POINT('',(4.712388980385,3.49859181877));
#3208 = EDGE_CURVE('',#5447,#2284,#2281,.T.);
#3209 = PCURVE('',#381,#3434);
#3210 = DIRECTION('',(-1.,-1.351732578683E-16));
#3211 = CARTESIAN_POINT('',(-6.6475,8.140839597332E-16,15.25));
#3212 = VECTOR('',#2779,1.);
#3213 = CARTESIAN_POINT('',(-6.6475,8.140839597332E-16,15.75));
#3214 = VECTOR('',#5346,1.);
#3215 = CARTESIAN_POINT('',(0.,-7.35,-19.25));
#3216 = EDGE_CURVE('',#7703,#3542,#3174,.T.);
#3217 = LINE('',#7492,#4913);
#3218 = CARTESIAN_POINT('',(5.89007475567,3.192782277297));
#3219 = ORIENTED_EDGE('',*,*,#3354,.T.);
#3220 = AXIS2_PLACEMENT_3D('',#1033,#1329,#57);
#3221 = DEFINITIONAL_REPRESENTATION('',(#3235),#4764);
#3222 = PCURVE('',#625,#7668);
#3223 = CARTESIAN_POINT('',(1.466137614212,-16.18590198531));
#3224 = CARTESIAN_POINT('',(0.332548164794,-1.954730071952,
    -4.652344593364));
#3225 = DIRECTION('',(0.,0.618211514736,-0.786011783021));
#3226 = DIRECTION('',(1.,0.));
#3227 = CARTESIAN_POINT('',(0.7535086098,1.8725574952));
#3228 = LINE('',#8526,#3884);
#3229 = DIRECTION('',(-1.,1.249439879554E-16));
#3230 = CARTESIAN_POINT('',(1.63755564196,-16.16351827484));
#3231 = CARTESIAN_POINT('',(6.28318530718,-3.147522006608));
#3232 = CARTESIAN_POINT('',(0.,3.175,2.45));
#3233 = CARTESIAN_POINT('',(0.,-6.137821559286,-3.919688740306));
#3234 = DEFINITIONAL_REPRESENTATION('',(#4293),#8064);
#3235 = LINE('',#7496,#348);
#3236 = ORIENTED_EDGE('',*,*,#5381,.T.);
#3237 = CARTESIAN_POINT('',(1.365474822283,-16.29536604948));
#3238 = PCURVE('',#2224,#1418);
#3239 = PCURVE('',#1252,#1296);
#3240 = B_SPLINE_CURVE_WITH_KNOTS('',3,(#4867,#2309,#3605,#3111,#3430,
    #588,#1231,#8902,#8858,#1930,#3310,#5583,#2540,#3643,#7793,#6586,
    #7220,#4009,#8348,#6173,#8107,#7208,#8609,#8166,#3080),
  .UNSPECIFIED.,.F.,.F.,(4,1,1,1,1,1,1,1,1,1,1,1,1,1,1,1,1,1,1,1,1,1,4),
  (3.159105417437E-18,1.516425812075E-04,3.03285162415E-04,
    4.549277436225E-04,6.0657032483E-04,7.582129060375E-04,
    9.098554872449E-04,1.061498068452E-03,1.21314064966E-03,
    1.364783230867E-03,1.516425812075E-03,1.668068393282E-03,
    1.81971097449E-03,1.971353555697E-03,2.122996136905E-03,
    2.274638718112E-03,2.42628129932E-03,2.577923880527E-03,
    2.729566461735E-03,2.881209042942E-03,3.03285162415E-03,
    3.184494205357E-03,3.336136786565E-03),.QUASI_UNIFORM_KNOTS.);
#3241 = CARTESIAN_POINT('',(3.888253587293E-16,8.100643118572,
    -1.424101329214));
#3242 = CYLINDRICAL_SURFACE('',#3521,7.1475);
#3243 = CARTESIAN_POINT('',(2.475127384505,2.570393989301));
#3244 = CARTESIAN_POINT('',(4.089920160859,5.561862145452));
#3245 = CARTESIAN_POINT('',(10.22125,-6.189916573549));
#3246 = CARTESIAN_POINT('',(-3.019844003343,0.606089220357,
    -0.816186562689));
#3247 = CARTESIAN_POINT('',(1.095094268694,-7.919463368366));
#3248 = CARTESIAN_POINT('',(3.808057922674,3.569936137329));
#3249 = AXIS2_PLACEMENT_3D('',#7203,#2321,#8212);
#3250 = LINE('',#8252,#2680);
#3251 = LINE('',#8733,#95);
#3252 = DEFINITIONAL_REPRESENTATION('',(#2504),#1423);
#3253 = ( GEOMETRIC_REPRESENTATION_CONTEXT(2) 
PARAMETRIC_REPRESENTATION_CONTEXT() REPRESENTATION_CONTEXT('2D SPACE',''
  ) );
#3254 = DIRECTION('',(1.,0.));
#3255 = ORIENTED_EDGE('',*,*,#8680,.F.);
#3256 = CARTESIAN_POINT('',(10.22125,-6.189916573549));
#3257 = CARTESIAN_POINT('',(-3.019844003343,0.606089220357,
    -0.816186562689));
#3258 = CARTESIAN_POINT('',(3.32375,-0.890596128343));
#3259 = CARTESIAN_POINT('',(4.712388980385,-0.666465269084));
#3260 = AXIS2_PLACEMENT_3D('',#4742,#5897,#3982);
#3261 = CARTESIAN_POINT('',(0.234595734353,-6.054786095462));
#3262 = VERTEX_POINT('',#1401);
#3263 = CARTESIAN_POINT('',(1.175388379677,3.14159265359));
#3264 = CARTESIAN_POINT('',(-0.5,-12.37983314709));
#3265 = CARTESIAN_POINT('',(4.712388980385,4.42678964824));
#3266 = CARTESIAN_POINT('',(13.295,-6.6475));
#3267 = CARTESIAN_POINT('',(5.215,6.386533057553E-16,18.75));
#3268 = DIRECTION('',(1.,0.));
#3269 = VERTEX_POINT('',#8121);
#3270 = CARTESIAN_POINT('',(2.098852164317,5.395849787041));
#3271 = CARTESIAN_POINT('',(3.808057922674,2.541911776355));
#3272 = ADVANCED_FACE('',(#7470),#5828,.T.);
#3273 = CARTESIAN_POINT('',(4.13082484956,-4.213181838504));
#3274 = DEFINITIONAL_REPRESENTATION('',(#5354),#1645);
#3275 = CARTESIAN_POINT('',(5.332006809011,-0.932366534753));
#3276 = CARTESIAN_POINT('',(3.808057922674,1.285437557386));
#3277 = ( BOUNDED_CURVE() B_SPLINE_CURVE(2,(#3052,#6170,#1999,#6111,
#7114,#800,#8714),.UNSPECIFIED.,.T.,.F.) B_SPLINE_CURVE_WITH_KNOTS((1,2
    ,2,2,2,1),(-2.094395102393,0.,2.094395102393,4.188790204786,
6.28318530718,8.377580409573),.UNSPECIFIED.) CURVE() 
GEOMETRIC_REPRESENTATION_ITEM() RATIONAL_B_SPLINE_CURVE((1.,0.5,1.,0.5,
1.,0.5,1.)) REPRESENTATION_ITEM('') );
#3278 = CARTESIAN_POINT('',(0.666465269084,1.685224808876));
#3279 = DIRECTION('',(0.,1.));
#3280 = DIRECTION('',(0.,1.,1.351732578683E-16));
#3281 = CARTESIAN_POINT('',(3.087838763382,2.819195825252));
#3282 = DEFINITIONAL_REPRESENTATION('',(#3701),#6545);
#3283 = PCURVE('',#7377,#1279);
#3284 = SURFACE_CURVE('',#3536,(#1948,#3376),.PCURVE_S1.);
#3285 = ( GEOMETRIC_REPRESENTATION_CONTEXT(2) 
PARAMETRIC_REPRESENTATION_CONTEXT() REPRESENTATION_CONTEXT('2D SPACE',''
  ) );
#3286 = CARTESIAN_POINT('',(-5.212281340155,-5.531014665599,2.45));
#3287 = CARTESIAN_POINT('',(1.570796326795,0.999597662506));
#3288 = EDGE_CURVE('',#4780,#2312,#2804,.T.);
#3289 = SURFACE_CURVE('',#8547,(#8595,#2576),.PCURVE_S1.);
#3290 = DIRECTION('',(-0.,1.351732578683E-16,-1.));
#3291 = VERTEX_POINT('',#1820);
#3292 = CARTESIAN_POINT('',(2.277827757004,1.000015807728));
#3293 = LINE('',#5732,#2305);
#3294 = DIRECTION('',(0.,-0.,1.));
#3295 = DIRECTION('',(0.,1.,1.351732578683E-16));
#3296 = ORIENTED_EDGE('',*,*,#1325,.F.);
#3297 = ( GEOMETRIC_REPRESENTATION_CONTEXT(2) 
PARAMETRIC_REPRESENTATION_CONTEXT() REPRESENTATION_CONTEXT('2D SPACE',''
  ) );
#3298 = CARTESIAN_POINT('',(1.164924916873,3.399286922772));
#3299 = ( BOUNDED_CURVE() B_SPLINE_CURVE(3,(#7837,#3759,#6501,#1285),
.UNSPECIFIED.,.F.,.F.) B_SPLINE_CURVE_WITH_KNOTS((4,4),(4.04623578975,
4.278947763711),.PIECEWISE_BEZIER_KNOTS.) CURVE() 
GEOMETRIC_REPRESENTATION_ITEM() RATIONAL_B_SPLINE_CURVE((1.,
0.995492184046,0.995492184046,1.)) REPRESENTATION_ITEM('') );
#3300 = DIRECTION('',(1.,0.,0.));
#3301 = CARTESIAN_POINT('',(0.,7.35,-16.75));
#3302 = CARTESIAN_POINT('',(1.570796326794,3.165392597935));
#3303 = SURFACE_CURVE('',#1572,(#6277,#5798),.PCURVE_S1.);
#3304 = CARTESIAN_POINT('',(1.195224135063,3.956187117619));
#3305 = SURFACE_CURVE('',#7020,(#5116,#7752),.PCURVE_S1.);
#3306 = DEFINITIONAL_REPRESENTATION('',(#2198),#4943);
#3307 = CARTESIAN_POINT('',(3.836090919216,0.));
#3308 = EDGE_CURVE('',#120,#3419,#1625,.T.);
#3309 = ORIENTED_EDGE('',*,*,#1192,.F.);
#3310 = CARTESIAN_POINT('',(4.120871124067,4.8145830913));
#3311 = ADVANCED_FACE('',(#7633),#2304,.T.);
#3312 = CARTESIAN_POINT('',(3.019844003343,0.606089220357,
    -0.816186562689));
#3313 = PCURVE('',#2279,#8231);
#3314 = AXIS2_PLACEMENT_3D('',#1211,#3775,#2460);
#3315 = PCURVE('',#6107,#2479);
#3316 = DEFINITIONAL_REPRESENTATION('',(#7676),#8333);
#3317 = ORIENTED_EDGE('',*,*,#4614,.F.);
#3318 = ORIENTED_EDGE('',*,*,#5356,.F.);
#3319 = DEFINITIONAL_REPRESENTATION('',(#7665),#6517);
#3320 = LINE('',#8840,#7561);
#3321 = CARTESIAN_POINT('',(-6.48,0.));
#3322 = EDGE_LOOP('',(#6565,#2629,#2394));
#3323 = SURFACE_CURVE('',#8026,(#4211,#4400),.PCURVE_S1.);
#3324 = CARTESIAN_POINT('',(1.938459750074,1.000005209808));
#3325 = CARTESIAN_POINT('',(-3.81,-6.6475));
#3326 = CARTESIAN_POINT('',(-5.880767364025,-7.750488309409,-2.45));
#3327 = CARTESIAN_POINT('',(0.,13.9975,-15.75));
#3328 = DIRECTION('',(1.,0.));
#3329 = DIRECTION('',(0.,1.));
#3330 = CIRCLE('',#1346,3.675);
#3331 = PCURVE('',#6180,#7186);
#3332 = DIRECTION('',(-1.25431921618E-16,1.));
#3333 = DIRECTION('',(0.,-0.786011783021,-0.618211514736));
#3334 = AXIS2_PLACEMENT_3D('',#5483,#1023,#3177);
#3335 = VECTOR('',#7867,1.);
#3336 = VECTOR('',#1906,1.);
#3337 = CARTESIAN_POINT('',(0.,-7.35,-16.25));
#3338 = CARTESIAN_POINT('',(-1.676366320033,-7.924632228757,2.95));
#3339 = DIRECTION('',(1.,0.));
#3340 = CARTESIAN_POINT('',(-2.6075,-10.23132248073));
#3341 = VECTOR('',#559,1.);
#3342 = DIRECTION('',(0.,0.,-1.));
#3343 = AXIS2_PLACEMENT_3D('',#3395,#1554,#1791);
#3344 = FACE_BOUND('',#8337,.T.);
#3345 = VERTEX_POINT('',#7453);
#3346 = DIRECTION('',(0.,-1.351732578683E-16,1.));
#3347 = AXIS2_PLACEMENT_3D('',#308,#2468,#3449);
#3348 = ( GEOMETRIC_REPRESENTATION_CONTEXT(2) 
PARAMETRIC_REPRESENTATION_CONTEXT() REPRESENTATION_CONTEXT('2D SPACE',''
  ) );
#3349 = CARTESIAN_POINT('',(4.503923543373,-16.3));
#3350 = CARTESIAN_POINT('',(5.718207898471,-0.435149184451));
#3351 = CARTESIAN_POINT('',(14.58,-6.48));
#3352 = VECTOR('',#8214,1.);
#3353 = CARTESIAN_POINT('',(4.729827494683,-0.666465794634));
#3354 = EDGE_CURVE('',#993,#3039,#3527,.T.);
#3355 = CIRCLE('',#937,6.6475);
#3356 = ORIENTED_EDGE('',*,*,#8713,.F.);
#3357 = DIRECTION('',(1.,0.));
#3358 = ( GEOMETRIC_REPRESENTATION_CONTEXT(2) 
PARAMETRIC_REPRESENTATION_CONTEXT() REPRESENTATION_CONTEXT('2D SPACE',''
  ) );
#3359 = B_SPLINE_CURVE_WITH_KNOTS('',3,(#6928,#5492,#4045,#6316,#4702,
    #2200,#7529,#1831,#5799,#3711),.UNSPECIFIED.,.F.,.F.,(4,2,2,2,4),(
    3.159105417437E-18,8.340341966412E-04,1.668068393282E-03,
    2.502102589924E-03,3.336136786565E-03),.UNSPECIFIED.);
#3360 = CARTESIAN_POINT('',(4.712388980385,2.784593488409));
#3361 = CARTESIAN_POINT('',(5.616720038095,1.999195325012));
#3362 = CARTESIAN_POINT('',(4.712388980385,1.142397328578));
#3363 = DEFINITIONAL_REPRESENTATION('',(#5499),#3831);
#3364 = CARTESIAN_POINT('',(8.140839597332E-16,-13.9975,-15.25));
#3365 = CYLINDRICAL_SURFACE('',#7025,7.1475);
#3366 = PCURVE('',#976,#6862);
#3367 = VERTEX_POINT('',#132);
#3368 = CARTESIAN_POINT('',(2.475127384505,-0.428398998217));
#3369 = DIRECTION('',(0.,1.,1.351732578683E-16));
#3370 = CARTESIAN_POINT('',(5.606253820598,-0.684295407042));
#3371 = CARTESIAN_POINT('',(6.998856457127E-16,-13.065,-17.75));
#3372 = SURFACE_CURVE('',#8235,(#4988,#3050),.PCURVE_S1.);
#3373 = CARTESIAN_POINT('',(8.753162996906E-16,0.2025,-19.25));
#3374 = B_SPLINE_CURVE_WITH_KNOTS('',3,(#5350,#5313,#6237,#3854,#7065,
    #4593,#4364,#2620,#1159,#1282,#2327,#4135,#8885,#6081,#2649,#630,
    #415,#8574,#2476,#32,#4833,#6884,#8783,#2524,#7303),
  .UNSPECIFIED.,.F.,.F.,(4,1,1,1,1,1,1,1,1,1,1,1,1,1,1,1,1,1,1,1,1,1,4),
  (2.325386712659E-03,2.530430558598E-03,2.735474404537E-03,
    2.940518250476E-03,3.145562096415E-03,3.350605942354E-03,
    3.555649788293E-03,3.760693634232E-03,3.965737480172E-03,
    4.170781326111E-03,4.37582517205E-03,4.580869017989E-03,
    4.785912863928E-03,4.990956709867E-03,5.196000555806E-03,
    5.401044401745E-03,5.606088247684E-03,5.811132093623E-03,
    6.016175939562E-03,6.221219785501E-03,6.42626363144E-03,
    6.631307477379E-03,6.836351323318E-03),.QUASI_UNIFORM_KNOTS.);
#3375 = CARTESIAN_POINT('',(0.,-6.067978769025,-4.589190701346));
#3376 = PCURVE('',#778,#7024);
#3377 = VERTEX_POINT('',#2582);
#3378 = CARTESIAN_POINT('',(2.188832652951,5.488689079234));
#3379 = DEFINITIONAL_REPRESENTATION('',(#4014),#7033);
#3380 = ORIENTED_EDGE('',*,*,#6040,.F.);
#3381 = CARTESIAN_POINT('',(1.020999123141,-8.451305405345));
#3382 = LINE('',#775,#5765);
#3383 = EDGE_CURVE('',#832,#3391,#3323,.T.);
#3384 = DIRECTION('',(-1.,-8.481479150569E-16));
#3385 = DIRECTION('',(-1.,0.,-0.));
#3386 = DEFINITIONAL_REPRESENTATION('',(#4806),#4613);
#3387 = DEFINITIONAL_REPRESENTATION('',(#5671),#56);
#3388 = CARTESIAN_POINT('',(9.97125,5.756903871657));
#3389 = B_SPLINE_CURVE_WITH_KNOTS('',3,(#4771,#7853,#7923,#6385,#8786,
    #1807,#5564,#8655,#7215,#7005,#5713,#4531,#1514,#5506,#4458,#7451,
    #3413,#4423,#4726,#4422,#5616,#2058,#4880,#3673,#94),
  .UNSPECIFIED.,.F.,.F.,(4,1,1,1,1,1,1,1,1,1,1,1,1,1,1,1,1,1,1,1,1,1,4),
  (2.949519592335,2.966980779722,2.984441967108,3.001903154495,
    3.019364341882,3.036825529269,3.054286716656,3.071747904043,
    3.089209091429,3.106670278816,3.124131466203,3.14159265359,
    3.159053840977,3.176515028363,3.19397621575,3.211437403137,
    3.228898590524,3.246359777911,3.263820965297,3.281282152684,
    3.298743340071,3.316204527458,3.333665714845),
  .QUASI_UNIFORM_KNOTS.);
#3390 = ORIENTED_EDGE('',*,*,#338,.F.);
#3391 = VERTEX_POINT('',#1803);
#3392 = DIRECTION('',(0.707106781187,8.659560562355E-17,-0.707106781187)
  );
#3393 = CARTESIAN_POINT('',(6.48,-2.49,-2.95));
#3394 = ORIENTED_EDGE('',*,*,#7989,.F.);
#3395 = CARTESIAN_POINT('',(0.,-7.35,-17.75));
#3396 = CARTESIAN_POINT('',(3.81,0.,17.75));
#3397 = CARTESIAN_POINT('',(6.6675,-4.949335182628));
#3398 = LINE('',#4535,#5232);
#3399 = CARTESIAN_POINT('',(3.993446436743E-03,0.136900894838));
#3400 = EDGE_LOOP('',(#2951,#2555));
#3401 = CARTESIAN_POINT('',(0.,-6.137821559286,-3.919688740306));
#3402 = CARTESIAN_POINT('',(0.,7.35,-2.45));
#3403 = CARTESIAN_POINT('',(4.712388980385,-0.713998330361));
#3404 = CARTESIAN_POINT('',(4.769649629312,-16.15949031082));
#3405 = EDGE_CURVE('',#5341,#235,#7542,.T.);
#3406 = CARTESIAN_POINT('',(6.48,2.49,-6.65));
#3407 = ORIENTED_EDGE('',*,*,#5088,.F.);
#3408 = CARTESIAN_POINT('',(-9.72,-6.48));
#3409 = DIRECTION('',(-0.,1.351732578683E-16,-1.));
#3410 = CARTESIAN_POINT('',(3.899292932665,1.341682320919));
#3411 = PCURVE('',#2304,#4777);
#3412 = DIRECTION('',(0.,1.));
#3413 = CARTESIAN_POINT('',(3.994295346411E-03,0.31867202338));
#3414 = ORIENTED_EDGE('',*,*,#303,.T.);
#3415 = DEFINITIONAL_REPRESENTATION('',(#2348),#1841);
#3416 = PCURVE('',#1443,#4647);
#3417 = DIRECTION('',(0.,-1.));
#3418 = EDGE_LOOP('',(#3317,#7485,#2991,#4951));
#3419 = VERTEX_POINT('',#7313);
#3420 = DIRECTION('',(-0.,-0.,1.));
#3421 = CARTESIAN_POINT('',(0.,-1.5));
#3422 = VECTOR('',#835,1.);
#3423 = SURFACE_CURVE('',#7956,(#2049,#643),.PCURVE_S1.);
#3424 = ORIENTED_EDGE('',*,*,#5465,.T.);
#3425 = EDGE_CURVE('',#2284,#2312,#3816,.T.);
#3426 = FACE_BOUND('',#2440,.T.);
#3427 = DIRECTION('',(0.,1.));
#3428 = CARTESIAN_POINT('',(3.808057922674,2.456243079607));
#3429 = CARTESIAN_POINT('',(4.712388980385,-0.142799666072));
#3430 = CARTESIAN_POINT('',(3.899293893288,4.941502245322));
#3431 = SURFACE_CURVE('',#1476,(#1613,#2146),.PCURVE_S1.);
#3432 = CIRCLE('',#6428,5.715);
#3433 = CARTESIAN_POINT('',(0.,0.,19.25));
#3434 = DEFINITIONAL_REPRESENTATION('',(#28),#7298);
#3435 = CARTESIAN_POINT('',(5.019024470506,6.008177154242));
#3436 = TOROIDAL_SURFACE('',#3874,3.175,3.175);
#3437 = VERTEX_POINT('',#1853);
#3438 = CARTESIAN_POINT('',(0.979251436671,1.46859118127));
#3439 = DIRECTION('',(0.,1.));
#3440 = CARTESIAN_POINT('',(3.992183176743,0.869091694947));
#3441 = ( GEOMETRIC_REPRESENTATION_CONTEXT(2) 
PARAMETRIC_REPRESENTATION_CONTEXT() REPRESENTATION_CONTEXT('2D SPACE',''
  ) );
#3442 = ( GEOMETRIC_REPRESENTATION_CONTEXT(2) 
PARAMETRIC_REPRESENTATION_CONTEXT() REPRESENTATION_CONTEXT('2D SPACE',''
  ) );
#3443 = ADVANCED_FACE('',(#3,#1493),#7647,.T.);
#3444 = ORIENTED_EDGE('',*,*,#2264,.F.);
#3445 = CARTESIAN_POINT('',(5.212281340155,-5.531014665599,2.45));
#3446 = ORIENTED_EDGE('',*,*,#1551,.F.);
#3447 = LINE('',#8206,#6919);
#3448 = CARTESIAN_POINT('',(9.97125,5.756903871657));
#3449 = DIRECTION('',(0.,1.,1.351732578683E-16));
#3450 = CARTESIAN_POINT('',(1.008864785518E-03,1.000001634329));
#3451 = CARTESIAN_POINT('',(-3.175170191781,1.877427020909E-02,
    1.892477740881));
#3452 = CARTESIAN_POINT('',(4.247260089242,3.382742044706));
#3453 = CARTESIAN_POINT('',(2.475127384505,-2.427594323228));
#3454 = VERTEX_POINT('',#2668);
#3455 = DEFINITIONAL_REPRESENTATION('',(#3698),#8438);
#3456 = CARTESIAN_POINT('',(5.518263235387,4.429994388436));
#3457 = SURFACE_CURVE('',#3145,(#5279,#8592),.PCURVE_S1.);
#3458 = CARTESIAN_POINT('',(1.884711328453,0.726711840864));
#3459 = B_SPLINE_CURVE_WITH_KNOTS('',3,(#3190,#3812,#4692,#2515,#3157,
    #5076,#4630,#7609,#4808,#3273,#3037,#2930,#7894,#5185,#1966,#1018,
    #527,#3167,#5488,#830,#245,#4437,#5800,#5790,#7148),
  .UNSPECIFIED.,.F.,.F.,(4,1,1,1,1,1,1,1,1,1,1,1,1,1,1,1,1,1,1,1,1,1,4),
  (4.04623578975,4.056813606748,4.067391423747,4.077969240745,
    4.088547057743,4.099124874741,4.109702691739,4.120280508738,
    4.130858325736,4.141436142734,4.152013959732,4.16259177673,
    4.173169593729,4.183747410727,4.194325227725,4.204903044723,
    4.215480861721,4.22605867872,4.236636495718,4.247214312716,
    4.257792129714,4.268369946712,4.278947763711),
  .QUASI_UNIFORM_KNOTS.);
#3460 = VECTOR('',#2866,1.);
#3461 = CARTESIAN_POINT('',(-6.421787231187,5.200216040496,-2.45));
#3462 = CARTESIAN_POINT('',(5.014591384021,1.947744156871));
#3463 = ( GEOMETRIC_REPRESENTATION_CONTEXT(2) 
PARAMETRIC_REPRESENTATION_CONTEXT() REPRESENTATION_CONTEXT('2D SPACE',''
  ) );
#3464 = CARTESIAN_POINT('',(5.212281340155,-5.531014665599,2.45));
#3465 = CARTESIAN_POINT('',(0.,0.,17.75));
#3466 = EDGE_CURVE('',#1596,#4332,#2983,.T.);
#3467 = VECTOR('',#5170,1.);
#3468 = CARTESIAN_POINT('',(0.,7.35,-16.75));
#3469 = CARTESIAN_POINT('',(2.475127384505,-0.999597662506));
#3470 = CARTESIAN_POINT('',(5.654744644611,3.766281773048));
#3471 = CARTESIAN_POINT('',(1.570796326795,0.856797996434));
#3472 = FACE_BOUND('',#30,.F.);
#3473 = FACE_BOUND('',#2849,.T.);
#3474 = AXIS2_PLACEMENT_2D('',#1875,#5160);
#3475 = PCURVE('',#3647,#3589);
#3476 = ADVANCED_FACE('',(#3486),#2842,.F.);
#3477 = ( GEOMETRIC_REPRESENTATION_CONTEXT(2) 
PARAMETRIC_REPRESENTATION_CONTEXT() REPRESENTATION_CONTEXT('2D SPACE',''
  ) );
#3478 = CARTESIAN_POINT('',(1.427531914535,4.717142290143));
#3479 = DIRECTION('',(0.,1.,1.351732578683E-16));
#3480 = ORIENTED_EDGE('',*,*,#3208,.T.);
#3481 = CARTESIAN_POINT('',(3.14159265359,-3.14159265359));
#3482 = CARTESIAN_POINT('',(0.,-2.5));
#3483 = VECTOR('',#5391,1.);
#3484 = CARTESIAN_POINT('',(4.995057562672,1.832421273115));
#3485 = B_SPLINE_CURVE_WITH_KNOTS('',3,(#6471,#5089,#1410,#6589,#745,
    #6516,#7095,#2810,#238,#6860),.UNSPECIFIED.,.F.,.F.,(4,2,2,2,4),(
    4.588630984013E-03,4.727642520282E-03,4.866654056552E-03,
    5.14467712909E-03,5.700723274168E-03),.UNSPECIFIED.);
#3486 = FACE_BOUND('',#1826,.T.);
#3487 = CARTESIAN_POINT('',(0.,-16.3));
#3488 = CIRCLE('',#7053,7.1475);
#3489 = VECTOR('',#5094,1.);
#3490 = CARTESIAN_POINT('',(2.770972322327,2.541895167316));
#3491 = ( GEOMETRIC_REPRESENTATION_CONTEXT(2) 
PARAMETRIC_REPRESENTATION_CONTEXT() REPRESENTATION_CONTEXT('2D SPACE',''
  ) );
#3492 = ( GEOMETRIC_REPRESENTATION_CONTEXT(2) 
PARAMETRIC_REPRESENTATION_CONTEXT() REPRESENTATION_CONTEXT('2D SPACE',''
  ) );
#3493 = CARTESIAN_POINT('',(5.019926062967,4.305788616139));
#3494 = DIRECTION('',(-1.,-4.248095590484E-16));
#3495 = CARTESIAN_POINT('',(0.741778642938,1.891908738765));
#3496 = CARTESIAN_POINT('',(9.424777960769,0.5));
#3497 = CARTESIAN_POINT('',(1.371762033354,-16.28631454766));
#3498 = CARTESIAN_POINT('',(2.224740133309,5.028450997766));
#3499 = CARTESIAN_POINT('',(3.829119799427,-1.04245536483E-05));
#3500 = ( GEOMETRIC_REPRESENTATION_CONTEXT(2) 
PARAMETRIC_REPRESENTATION_CONTEXT() REPRESENTATION_CONTEXT('2D SPACE',''
  ) );
#3501 = SURFACE_CURVE('',#1494,(#4768,#3825),.PCURVE_S1.);
#3502 = ADVANCED_FACE('',(#3472),#1955,.F.);
#3503 = DIRECTION('',(-1.,8.481479150569E-16));
#3504 = CARTESIAN_POINT('',(2.475127384505,-0.856797996434));
#3505 = VERTEX_POINT('',#1688);
#3506 = PCURVE('',#4350,#3755);
#3507 = CARTESIAN_POINT('',(5.04172104497,2.092298303034));
#3508 = CARTESIAN_POINT('',(5.341115887176,5.103666857242));
#3509 = PCURVE('',#1938,#1007);
#3510 = CARTESIAN_POINT('',(5.171012488748,0.614448039666));
#3511 = CARTESIAN_POINT('',(0.746514755319,4.140519409107));
#3512 = SURFACE_CURVE('',#2965,(#3475,#1407),.PCURVE_S1.);
#3513 = PCURVE('',#5828,#8487);
#3514 = LINE('',#3548,#1099);
#3515 = CARTESIAN_POINT('',(-8.1,-6.6475));
#3516 = DIRECTION('',(-0.,1.351732578683E-16,-1.));
#3517 = CARTESIAN_POINT('',(2.80655582531,0.99999965747));
#3518 = DIRECTION('',(1.,0.,0.));
#3519 = SURFACE_CURVE('',#6771,(#5673,#5626),.PCURVE_S1.);
#3520 = ( GEOMETRIC_REPRESENTATION_CONTEXT(2) 
PARAMETRIC_REPRESENTATION_CONTEXT() REPRESENTATION_CONTEXT('2D SPACE',''
  ) );
#3521 = AXIS2_PLACEMENT_3D('',#4148,#5124,#3098);
#3522 = EDGE_CURVE('',#2205,#8265,#7167,.T.);
#3523 = CARTESIAN_POINT('',(0.,-7.6));
#3524 = B_SPLINE_CURVE_WITH_KNOTS('',3,(#8756,#468,#6374,#174,#2895,
    #8099,#7477,#2299,#2160,#21,#738,#7327,#7166,#7585,#4466,#7675,
    #6404,#7397,#3248,#6542,#6037,#2244,#4907,#4720,#5339),
  .UNSPECIFIED.,.F.,.F.,(4,1,1,1,1,1,1,1,1,1,1,1,1,1,1,1,1,1,1,1,1,1,4),
  (5.969270305521,6.054939002269,6.140607699017,6.226276395765,
    6.311945092513,6.397613789261,6.483282486009,6.568951182756,
    6.654619879504,6.740288576252,6.825957273,6.911625969748,
    6.997294666496,7.082963363244,7.168632059992,7.254300756739,
    7.339969453487,7.425638150235,7.511306846983,7.596975543731,
    7.682644240479,7.768312937227,7.853981633974),
  .QUASI_UNIFORM_KNOTS.);
#3525 = VERTEX_POINT('',#8343);
#3526 = ORIENTED_EDGE('',*,*,#531,.T.);
#3527 = SURFACE_CURVE('',#8213,(#6515,#7742),.PCURVE_S1.);
#3528 = LINE('',#660,#6364);
#3529 = CARTESIAN_POINT('',(4.500576986867E-16,-11.025,-18.75));
#3530 = DIRECTION('',(-0.,1.351732578683E-16,-1.));
#3531 = CARTESIAN_POINT('',(16.534882016696,-5.405934833294));
#3532 = ( GEOMETRIC_REPRESENTATION_CONTEXT(2) 
PARAMETRIC_REPRESENTATION_CONTEXT() REPRESENTATION_CONTEXT('2D SPACE',''
  ) );
#3533 = DIRECTION('',(0.,1.));
#3534 = PCURVE('',#3958,#281);
#3535 = LINE('',#1396,#7236);
#3536 = ( BOUNDED_CURVE() B_SPLINE_CURVE(3,(#1060,#7768,#4357,#4411),
.UNSPECIFIED.,.F.,.F.) B_SPLINE_CURVE_WITH_KNOTS((4,4),(1.884711328453,
3.14159265359),.PIECEWISE_BEZIER_KNOTS.) CURVE() 
GEOMETRIC_REPRESENTATION_ITEM() RATIONAL_B_SPLINE_CURVE((1.,
0.872630134027,0.872630134027,1.)) REPRESENTATION_ITEM('') );
#3537 = ORIENTED_EDGE('',*,*,#3466,.T.);
#3538 = CARTESIAN_POINT('',(4.826502970043,-16.19307373803));
#3539 = CIRCLE('',#2451,7.6);
#3540 = VECTOR('',#7930,1.);
#3541 = DIRECTION('',(0.,1.));
#3542 = VERTEX_POINT('',#1250);
#3543 = LINE('',#1269,#3104);
#3544 = DIRECTION('',(-0.,1.,1.351732578683E-16));
#3545 = EDGE_CURVE('',#2312,#5976,#2509,.T.);
#3546 = DIRECTION('',(1.,0.));
#3547 = PRODUCT_CONTEXT('',#883,'mechanical');
#3548 = CARTESIAN_POINT('',(-3.14159265359,-12.6));
#3549 = DIRECTION('',(-0.,1.351732578683E-16,-1.));
#3550 = DIRECTION('',(-1.,0.,0.));
#3551 = VERTEX_POINT('',#1848);
#3552 = DEFINITIONAL_REPRESENTATION('',(#6225),#2378);
#3553 = DEFINITIONAL_REPRESENTATION('',(#6410),#6541);
#3554 = ( GEOMETRIC_REPRESENTATION_CONTEXT(2) 
PARAMETRIC_REPRESENTATION_CONTEXT() REPRESENTATION_CONTEXT('2D SPACE',''
  ) );
#3555 = DIRECTION('',(0.,1.,1.351732578683E-16));
#3556 = DIRECTION('',(-0.,-0.,1.));
#3557 = PCURVE('',#2945,#260);
#3558 = CYLINDRICAL_SURFACE('',#665,3.175);
#3559 = CIRCLE('',#1094,3.175);
#3560 = CARTESIAN_POINT('',(0.,1.570796326795));
#3561 = ORIENTED_EDGE('',*,*,#5754,.T.);
#3562 = CARTESIAN_POINT('',(-3.368873818338,7.275678640824,
    2.656476841839));
#3563 = DEFINITIONAL_REPRESENTATION('',(#5006),#8089);
#3564 = LINE('',#5526,#1106);
#3565 = PCURVE('',#662,#3591);
#3566 = CARTESIAN_POINT('',(-0.569475193797,8.100000000001,
    3.101525211739));
#3567 = VECTOR('',#7247,1.);
#3568 = ORIENTED_EDGE('',*,*,#3545,.F.);
#3569 = SURFACE_CURVE('',#4117,(#5032,#1500),.PCURVE_S1.);
#3570 = DIRECTION('',(-0.,0.786011783021,-0.618211514736));
#3571 = FACE_BOUND('',#8910,.T.);
#3572 = CARTESIAN_POINT('',(0.,-0.2025,-16.25));
#3573 = CARTESIAN_POINT('',(0.166274924617,1.962821559286,
    -4.675360523871));
#3574 = ( GEOMETRIC_REPRESENTATION_CONTEXT(2) 
PARAMETRIC_REPRESENTATION_CONTEXT() REPRESENTATION_CONTEXT('2D SPACE',''
  ) );
#3575 = CARTESIAN_POINT('',(4.712388980385,1.999195325012));
#3576 = ( GEOMETRIC_REPRESENTATION_CONTEXT(2) 
PARAMETRIC_REPRESENTATION_CONTEXT() REPRESENTATION_CONTEXT('2D SPACE',''
  ) );
#3577 = CARTESIAN_POINT('',(4.712388980385,2.141994991084));
#3578 = EDGE_CURVE('',#1016,#993,#599,.T.);
#3579 = DIRECTION('',(0.,1.));
#3580 = LINE('',#1864,#1050);
#3581 = CARTESIAN_POINT('',(0.908161124269,-9.21485166656));
#3582 = CARTESIAN_POINT('',(2.395088742776,-1.523272716576E-05));
#3583 = EDGE_LOOP('',(#1922,#2294,#482,#3993));
#3584 = ( GEOMETRIC_REPRESENTATION_CONTEXT(2) 
PARAMETRIC_REPRESENTATION_CONTEXT() REPRESENTATION_CONTEXT('2D SPACE',''
  ) );
#3585 = VECTOR('',#5955,1.);
#3586 = VECTOR('',#1366,1.);
#3587 = FACE_BOUND('',#4018,.T.);
#3588 = PCURVE('',#7021,#690);
#3589 = DEFINITIONAL_REPRESENTATION('',(#2777),#1264);
#3590 = ORIENTED_EDGE('',*,*,#6343,.F.);
#3591 = DEFINITIONAL_REPRESENTATION('',(#5015),#3927);
#3592 = ORIENTED_EDGE('',*,*,#5394,.F.);
#3593 = PCURVE('',#976,#3316);
#3594 = ( GEOMETRIC_REPRESENTATION_CONTEXT(2) 
PARAMETRIC_REPRESENTATION_CONTEXT() REPRESENTATION_CONTEXT('2D SPACE',''
  ) );
#3595 = CARTESIAN_POINT('',(5.880767364025,-7.750488309409,-2.45));
#3596 = VERTEX_POINT('',#5106);
#3597 = CIRCLE('',#6157,3.81);
#3598 = PCURVE('',#2280,#3059);
#3599 = TOROIDAL_SURFACE('',#8707,7.6,0.5);
#3600 = CARTESIAN_POINT('',(0.,7.6,2.45));
#3601 = AXIS2_PLACEMENT_3D('',#7512,#4936,#3550);
#3602 = AXIS2_PLACEMENT_3D('',#4206,#1209,#6992);
#3603 = CARTESIAN_POINT('',(-7.6,0.));
#3604 = AXIS2_PLACEMENT_3D('',#5052,#6950,#212);
#3605 = CARTESIAN_POINT('',(3.836802490945,4.996294727267));
#3606 = ( BOUNDED_CURVE() B_SPLINE_CURVE(3,(#7950,#2168,#3531,#8637),
.UNSPECIFIED.,.F.,.F.) B_SPLINE_CURVE_WITH_KNOTS((4,4),(5.145830197059,
5.378542171019),.PIECEWISE_BEZIER_KNOTS.) CURVE() 
GEOMETRIC_REPRESENTATION_ITEM() RATIONAL_B_SPLINE_CURVE((1.,
0.995492184046,0.995492184046,1.)) REPRESENTATION_ITEM('') );
#3607 = CARTESIAN_POINT('',(1.163217306698,2.601027583755));
#3608 = CIRCLE('',#2569,3.81);
#3609 = EDGE_LOOP('',(#4203,#1942,#4699,#7231));
#3610 = EDGE_CURVE('',#5332,#3739,#2048,.T.);
#3611 = CARTESIAN_POINT('',(1.031588890489,-8.376674066488));
#3612 = DEFINITIONAL_REPRESENTATION('',(#1166),#8244);
#3613 = CARTESIAN_POINT('',(5.134839097204,5.76009850863));
#3614 = VECTOR('',#8389,1.);
#3615 = CARTESIAN_POINT('',(3.911685492387E-03,-1.857637388161E-06));
#3616 = CARTESIAN_POINT('',(0.,7.35,-2.45));
#3617 = CIRCLE('',#8083,7.1475);
#3618 = ORIENTED_EDGE('',*,*,#6275,.F.);
#3619 = SURFACE_CURVE('',#2891,(#1885,#1004),.PCURVE_S1.);
#3620 = CARTESIAN_POINT('',(3.698692077523,0.406412536038));
#3621 = CARTESIAN_POINT('',(0.666465269084,2.370574382859));
#3622 = DIRECTION('',(0.,-0.,1.));
#3623 = VERTEX_POINT('',#1274);
#3624 = ORIENTED_EDGE('',*,*,#2339,.T.);
#3625 = CARTESIAN_POINT('',(0.,1.612403413174E-15,2.45));
#3626 = CARTESIAN_POINT('',(1.570796326795,-0.713998330361));
#3627 = CARTESIAN_POINT('',(4.158546534216,0.58978353556));
#3628 = ORIENTED_EDGE('',*,*,#2441,.T.);
#3629 = CARTESIAN_POINT('',(1.175042867689,3.189384449719));
#3630 = PCURVE('',#5618,#8819);
#3631 = VECTOR('',#1,1.);
#3632 = CARTESIAN_POINT('',(0.,-4.));
#3633 = DEFINITIONAL_REPRESENTATION('',(#6531),#619);
#3634 = CIRCLE('',#3096,8.1);
#3635 = ORIENTED_EDGE('',*,*,#4390,.T.);
#3636 = CARTESIAN_POINT('',(0.,-4.));
#3637 = ORIENTED_EDGE('',*,*,#1746,.T.);
#3638 = PCURVE('',#6083,#7951);
#3639 = CARTESIAN_POINT('',(5.432594784026,-0.869091694947));
#3640 = CARTESIAN_POINT('',(1.194735029076,1.533478846797));
#3641 = CARTESIAN_POINT('',(0.,0.,18.75));
#3642 = CIRCLE('',#7713,3.175);
#3643 = CARTESIAN_POINT('',(4.247572670211,4.771494695127));
#3644 = SURFACE_CURVE('',#772,(#5261,#1150),.PCURVE_S1.);
#3645 = CARTESIAN_POINT('',(0.,0.,15.75));
#3646 = PCURVE('',#381,#153);
#3647 = TOROIDAL_SURFACE('',#4540,5.215,0.5);
#3648 = CARTESIAN_POINT('',(3.808057922674,2.71324916985));
#3649 = ( BOUNDED_CURVE() B_SPLINE_CURVE(2,(#1538,#1548,#8443,#730,
#4464,#2776,#4040),.UNSPECIFIED.,.T.,.F.) B_SPLINE_CURVE_WITH_KNOTS((1,2
    ,2,2,2,1),(-2.094395102393,0.,2.094395102393,4.188790204786,
6.28318530718,8.377580409573),.UNSPECIFIED.) CURVE() 
GEOMETRIC_REPRESENTATION_ITEM() RATIONAL_B_SPLINE_CURVE((1.,0.5,1.,0.5,
1.,0.5,1.)) REPRESENTATION_ITEM('') );
#3650 = PCURVE('',#8407,#5699);
#3651 = ( GEOMETRIC_REPRESENTATION_CONTEXT(2) 
PARAMETRIC_REPRESENTATION_CONTEXT() REPRESENTATION_CONTEXT('2D SPACE',''
  ) );
#3652 = VECTOR('',#686,1.);
#3653 = CARTESIAN_POINT('',(3.305720008921,1.097045813993E-06));
#3654 = CIRCLE('',#3677,6.6475);
#3655 = CARTESIAN_POINT('',(0.393110551509,3.192782277297));
#3656 = AXIS2_PLACEMENT_3D('',#2487,#1196,#5695);
#3657 = ORIENTED_EDGE('',*,*,#2536,.F.);
#3658 = PCURVE('',#6009,#1594);
#3659 = CIRCLE('',#3314,0.5);
#3660 = PCURVE('',#1441,#6604);
#3661 = CARTESIAN_POINT('',(4.911423273824,-16.28631454766));
#3662 = VECTOR('',#1585,1.);
#3663 = DIRECTION('',(0.,0.,-1.));
#3664 = DIRECTION('',(-0.,1.351732578683E-16,-1.));
#3665 = CARTESIAN_POINT('',(3.829119799427,1.000010424554));
#3666 = ( GEOMETRIC_REPRESENTATION_CONTEXT(2) 
PARAMETRIC_REPRESENTATION_CONTEXT() REPRESENTATION_CONTEXT('2D SPACE',''
  ) );
#3667 = CARTESIAN_POINT('',(-6.48,-1.863104515072,2.45));
#3668 = PCURVE('',#6411,#824);
#3669 = ( GEOMETRIC_REPRESENTATION_CONTEXT(2) 
PARAMETRIC_REPRESENTATION_CONTEXT() REPRESENTATION_CONTEXT('2D SPACE',''
  ) );
#3670 = CARTESIAN_POINT('',(1.173170968444,3.260686737541));
#3671 = DIRECTION('',(0.,-1.351732578683E-16,1.));
#3672 = SURFACE_CURVE('',#3432,(#1022,#767),.PCURVE_S1.);
#3673 = CARTESIAN_POINT('',(3.994295346411E-03,1.524507594939E-02));
#3674 = CARTESIAN_POINT('',(-2.875637442567,-7.525900102087,
    2.739515841324));
#3675 = AXIS2_PLACEMENT_3D('',#7719,#3928,#1562);
#3676 = CARTESIAN_POINT('',(3.14159265359,3.14159265359));
#3677 = AXIS2_PLACEMENT_2D('',#345,#1788);
#3678 = CARTESIAN_POINT('',(-6.48,-6.091980958382));
#3679 = CARTESIAN_POINT('',(4.616648003318,1.56897274454));
#3680 = CARTESIAN_POINT('',(2.475127384505,1.856395658939));
#3681 = CYLINDRICAL_SURFACE('',#1220,3.81);
#3682 = ORIENTED_EDGE('',*,*,#2858,.T.);
#3683 = VERTEX_POINT('',#1777);
#3684 = DIRECTION('',(-0.,1.351732578683E-16,-1.));
#3685 = DEFINITIONAL_REPRESENTATION('',(#808),#2208);
#3686 = CARTESIAN_POINT('',(3.651959223407,3.448370216321));
#3687 = DIRECTION('',(-1.,0.));
#3688 = CARTESIAN_POINT('',(1.567600618571,-16.14847478826));
#3689 = CARTESIAN_POINT('',(5.212281340155,-5.531014665599,2.45));
#3690 = ORIENTED_EDGE('',*,*,#7323,.T.);
#3691 = CARTESIAN_POINT('',(0.,7.35,-17.75));
#3692 = CARTESIAN_POINT('',(4.005363427217,4.562752181977));
#3693 = VECTOR('',#1611,1.);
#3694 = CARTESIAN_POINT('',(-0.5,0.));
#3695 = CARTESIAN_POINT('',(0.,0.));
#3696 = ORIENTED_EDGE('',*,*,#7566,.T.);
#3697 = ORIENTED_EDGE('',*,*,#6238,.F.);
#3698 = LINE('',#3150,#3585);
#3699 = CARTESIAN_POINT('',(-7.6,13.163586137523));
#3700 = DIRECTION('',(0.,1.,1.351732578683E-16));
#3701 = LINE('',#5254,#71);
#3702 = LINE('',#7940,#8718);
#3703 = CARTESIAN_POINT('',(4.770503540603,-6.113015306456,2.46688718037
    ));
#3704 = DIRECTION('',(0.,1.,0.));
#3705 = CARTESIAN_POINT('',(0.,-7.6));
#3706 = DIRECTION('',(0.,-1.,-1.351732578683E-16));
#3707 = CARTESIAN_POINT('',(-2.04,0.));
#3708 = DIRECTION('',(0.,1.));
#3709 = SURFACE_CURVE('',#5967,(#4087,#1288),.PCURVE_S1.);
#3710 = CARTESIAN_POINT('',(2.212733971312,6.080169000981));
#3711 = CARTESIAN_POINT('',(3.175,1.612403413174E-15,2.45));
#3712 = CARTESIAN_POINT('',(3.752667441915,0.562164883095));
#3713 = CARTESIAN_POINT('',(-4.246062867067,6.62623566408,2.526517571618
    ));
#3714 = PCURVE('',#3681,#3761);
#3715 = CARTESIAN_POINT('',(6.65,7.35));
#3716 = DIRECTION('',(1.,1.351732578683E-16));
#3717 = PCURVE('',#24,#7876);
#3718 = PCURVE('',#8293,#6080);
#3719 = CARTESIAN_POINT('',(1.215947163325,4.066344084828));
#3720 = CARTESIAN_POINT('',(0.,7.35,-15.75));
#3721 = EDGE_CURVE('',#7051,#895,#1985,.T.);
#3722 = CARTESIAN_POINT('',(3.695008225262,-0.391996040752));
#3723 = CARTESIAN_POINT('',(1.06277215642,1.498742282511));
#3724 = ( GEOMETRIC_REPRESENTATION_CONTEXT(2) 
PARAMETRIC_REPRESENTATION_CONTEXT() REPRESENTATION_CONTEXT('2D SPACE',''
  ) );
#3725 = CARTESIAN_POINT('',(1.66599277926,-16.17936213493));
#3726 = ADVANCED_FACE('',(#4845),#7377,.T.);
#3727 = AXIS2_PLACEMENT_3D('',#8187,#713,#4608);
#3728 = CARTESIAN_POINT('',(5.278974901877,4.872982665769));
#3729 = DIRECTION('',(-1.,1.561831325672E-15));
#3730 = CARTESIAN_POINT('',(3.159406766271,1.000000915654));
#3731 = EDGE_CURVE('',#7105,#366,#3519,.T.);
#3732 = DIRECTION('',(0.,-0.786011783021,0.618211514736));
#3733 = ( BOUNDED_CURVE() B_SPLINE_CURVE(2,(#2257,#6308,#8151,#794,
#39,#3999,#2425),.UNSPECIFIED.,.T.,.F.) B_SPLINE_CURVE_WITH_KNOTS((1,2
    ,2,2,2,1),(-2.094395102393,0.,2.094395102393,4.188790204786,
6.28318530718,8.377580409573),.UNSPECIFIED.) CURVE() 
GEOMETRIC_REPRESENTATION_ITEM() RATIONAL_B_SPLINE_CURVE((1.,0.5,1.,0.5,
1.,0.5,1.)) REPRESENTATION_ITEM('') );
#3734 = DEFINITIONAL_REPRESENTATION('',(#1501),#5129);
#3735 = DEFINITIONAL_REPRESENTATION('',(#7705),#241);
#3736 = DIRECTION('',(1.,0.,0.));
#3737 = VECTOR('',#7014,1.);
#3738 = CARTESIAN_POINT('',(-0.,-6.48));
#3739 = VERTEX_POINT('',#3752);
#3740 = CARTESIAN_POINT('',(4.712388980385,-1.28519699465));
#3741 = CARTESIAN_POINT('',(6.29215290593,-5.995331776238,-2.45));
#3742 = CARTESIAN_POINT('',(0.967070764796,5.285645816109));
#3743 = PCURVE('',#8120,#8636);
#3744 = PCURVE('',#4279,#3319);
#3745 = CARTESIAN_POINT('',(5.616720038095,1.570796326795));
#3746 = DEFINITIONAL_REPRESENTATION('',(#3535),#7806);
#3747 = CARTESIAN_POINT('',(2.733341595969,2.56992990193));
#3748 = DIRECTION('',(0.,1.));
#3749 = CYLINDRICAL_SURFACE('',#5786,5.715);
#3750 = SURFACE_CURVE('',#4706,(#6416,#8424),.PCURVE_S1.);
#3751 = CARTESIAN_POINT('',(5.718207898471,0.435149184451));
#3752 = CARTESIAN_POINT('',(0.,-0.7025,-15.75));
#3753 = B_SPLINE_CURVE_WITH_KNOTS('',3,(#2549,#4154,#4218,#8223,#7846,#4766,
    #8829,#4517,#1185,#4653,#7075,#353,#4272,#5607,#6819,#3362,#855,#1348,#584,
    #7074,#2698,#7959,#157,#1852,#1301),.UNSPECIFIED.,.F.,.F.,(4,1,1,1,1,1,1,
    1,1,1,1,1,1,1,1,1,1,1,1,1,1,1,4),(1.570796326795,1.713595992867,
    1.856395658939,1.999195325012,2.141994991084,2.284794657156,
    2.427594323228,2.570393989301,2.713193655373,2.855993321445,
    2.998792987518,3.14159265359,3.284392319662,3.427191985734,
    3.569991651807,3.712791317879,3.855590983951,3.998390650023,
    4.141190316096,4.283989982168,4.42678964824,4.569589314312,
    4.712388980385),.QUASI_UNIFORM_KNOTS.);
#3754 = DEFINITIONAL_REPRESENTATION('',(#7494),#6654);
#3755 = DEFINITIONAL_REPRESENTATION('',(#1534),#98);
#3756 = ( GEOMETRIC_REPRESENTATION_CONTEXT(2) 
PARAMETRIC_REPRESENTATION_CONTEXT() REPRESENTATION_CONTEXT('2D SPACE',''
  ) );
#3757 = CARTESIAN_POINT('',(0.,4.712388980385));
#3758 = SURFACE_CURVE('',#5026,(#1384,#909),.PCURVE_S1.);
#3759 = CARTESIAN_POINT('',(-1.834882016696,-5.405934833294));
#3760 = DEFINITIONAL_REPRESENTATION('',(#3015),#4447);
#3761 = DEFINITIONAL_REPRESENTATION('',(#1323),#1878);
#3762 = VECTOR('',#3791,1.);
#3763 = CARTESIAN_POINT('',(-1.128247242412,-8.040580620376,
    3.051946911369));
#3764 = ( GEOMETRIC_REPRESENTATION_CONTEXT(2) 
PARAMETRIC_REPRESENTATION_CONTEXT() REPRESENTATION_CONTEXT('2D SPACE',''
  ) );
#3765 = VECTOR('',#5903,1.);
#3766 = VECTOR('',#8364,1.);
#3767 = VECTOR('',#521,1.);
#3768 = DEFINITIONAL_REPRESENTATION('',(#5858),#6994);
#3769 = CARTESIAN_POINT('',(11.43,9.331808609503E-16));
#3770 = CARTESIAN_POINT('',(3.286762681909E-03,0.999983117733));
#3771 = CARTESIAN_POINT('',(0.,-7.35,-19.25));
#3772 = LINE('',#3632,#3867);
#3773 = ( GEOMETRIC_REPRESENTATION_CONTEXT(2) 
PARAMETRIC_REPRESENTATION_CONTEXT() REPRESENTATION_CONTEXT('2D SPACE',''
  ) );
#3774 = ( BOUNDED_CURVE() B_SPLINE_CURVE(2,(#8581,#2250,#4453,#2395,#873,#4666
,#4347),.UNSPECIFIED.,.T.,.F.) B_SPLINE_CURVE_WITH_KNOTS((1,2,2,2,2,1),(
    -2.094395102393,0.,2.094395102393,4.188790204786,6.28318530718,
8.377580409573),.UNSPECIFIED.) CURVE() GEOMETRIC_REPRESENTATION_ITEM() 
RATIONAL_B_SPLINE_CURVE((1.,0.5,1.,0.5,1.,0.5,1.)) REPRESENTATION_ITEM(
  '') );
#3775 = DIRECTION('',(1.,1.224646799147E-16,1.655394975788E-32));
#3776 = SURFACE_CURVE('',#8759,(#6603,#2085),.PCURVE_S1.);
#3777 = VECTOR('',#289,1.);
#3778 = CARTESIAN_POINT('',(5.267808546877,4.765059567386));
#3779 = DIRECTION('',(1.,0.,0.));
#3780 = CARTESIAN_POINT('',(1.570796326795,0.));
#3781 = ORIENTED_EDGE('',*,*,#394,.F.);
#3782 = SURFACE_CURVE('',#7573,(#4959,#736),.PCURVE_S1.);
#3783 = CARTESIAN_POINT('',(4.072486229716,5.982068588027));
#3784 = VECTOR('',#938,1.);
#3785 = DIRECTION('',(0.,-0.,1.));
#3786 = LINE('',#357,#1586);
#3787 = EDGE_LOOP('',(#5685,#8303,#3168,#971));
#3788 = ORIENTED_EDGE('',*,*,#5218,.T.);
#3789 = PCURVE('',#4803,#1218);
#3790 = DIRECTION('',(0.,-1.351732578683E-16,1.));
#3791 = DIRECTION('',(1.,5.654319433713E-16));
#3792 = CIRCLE('',#7825,3.175);
#3793 = PCURVE('',#6429,#396);
#3794 = DIRECTION('',(-0.,1.351732578683E-16,-1.));
#3795 = CIRCLE('',#340,5.215);
#3796 = ORIENTED_EDGE('',*,*,#3021,.T.);
#3797 = ( GEOMETRIC_REPRESENTATION_CONTEXT(2) 
PARAMETRIC_REPRESENTATION_CONTEXT() REPRESENTATION_CONTEXT('2D SPACE',''
  ) );
#3798 = AXIS2_PLACEMENT_3D('',#3834,#7589,#5374);
#3799 = LINE('',#4539,#7248);
#3800 = VERTEX_POINT('',#305);
#3801 = CIRCLE('',#8508,12.96);
#3802 = SURFACE_CURVE('',#1587,(#7264,#3793),.PCURVE_S1.);
#3803 = CARTESIAN_POINT('',(1.105667435652,7.841813384564));
#3804 = DIRECTION('',(1.,0.));
#3805 = CIRCLE('',#4282,5.664230328819);
#3806 = VERTEX_POINT('',#2814);
#3807 = DIRECTION('',(0.,0.,1.));
#3808 = DEFINITIONAL_REPRESENTATION('',(#8374),#8622);
#3809 = PCURVE('',#1235,#6606);
#3810 = ORIENTED_EDGE('',*,*,#7877,.F.);
#3811 = CARTESIAN_POINT('',(2.475127384505,-0.571198664289));
#3812 = CARTESIAN_POINT('',(4.049753777858,-4.755780326702));
#3813 = ( GEOMETRIC_REPRESENTATION_CONTEXT(2) 
PARAMETRIC_REPRESENTATION_CONTEXT() REPRESENTATION_CONTEXT('2D SPACE',''
  ) );
#3814 = CARTESIAN_POINT('',(1.570796326795,-2.855993321445));
#3815 = CARTESIAN_POINT('',(-5.715,0.));
#3816 = SURFACE_CURVE('',#4871,(#8524,#1240),.PCURVE_S1.);
#3817 = VERTEX_POINT('',#4133);
#3818 = DIRECTION('',(1.,0.));
#3819 = FACE_BOUND('',#8402,.T.);
#3820 = ( GEOMETRIC_REPRESENTATION_CONTEXT(2) 
PARAMETRIC_REPRESENTATION_CONTEXT() REPRESENTATION_CONTEXT('2D SPACE',''
  ) );
#3821 = CARTESIAN_POINT('',(3.14159265359,-1.874699728327E-33));
#3822 = CARTESIAN_POINT('',(-5.715,0.));
#3823 = CARTESIAN_POINT('',(0.,7.35,-19.25));
#3824 = AXIS2_PLACEMENT_3D('',#3267,#159,#2272);
#3825 = PCURVE('',#3205,#8726);
#3826 = ORIENTED_EDGE('',*,*,#2197,.T.);
#3827 = PCURVE('',#8293,#4606);
#3828 = CARTESIAN_POINT('',(15.24,1.399771291425E-15));
#3829 = ( GEOMETRIC_REPRESENTATION_CONTEXT(2) 
PARAMETRIC_REPRESENTATION_CONTEXT() REPRESENTATION_CONTEXT('2D SPACE',''
  ) );
#3830 = DIRECTION('',(1.,0.));
#3831 = ( GEOMETRIC_REPRESENTATION_CONTEXT(2) 
PARAMETRIC_REPRESENTATION_CONTEXT() REPRESENTATION_CONTEXT('2D SPACE',''
  ) );
#3832 = CIRCLE('',#6445,5.715);
#3833 = CARTESIAN_POINT('',(0.,-4.));
#3834 = CARTESIAN_POINT('',(6.48,13.83,-6.65));
#3835 = CARTESIAN_POINT('',(4.398473978727,0.545314716778));
#3836 = LINE('',#8789,#8845);
#3837 = SURFACE_CURVE('',#2851,(#248,#3650),.PCURVE_S1.);
#3838 = ( GEOMETRIC_REPRESENTATION_CONTEXT(2) 
PARAMETRIC_REPRESENTATION_CONTEXT() REPRESENTATION_CONTEXT('2D SPACE',''
  ) );
#3839 = ( GEOMETRIC_REPRESENTATION_CONTEXT(2) 
PARAMETRIC_REPRESENTATION_CONTEXT() REPRESENTATION_CONTEXT('2D SPACE',''
  ) );
#3840 = VECTOR('',#4245,1.);
#3841 = VECTOR('',#4786,1.);
#3842 = ( GEOMETRIC_REPRESENTATION_CONTEXT(2) 
PARAMETRIC_REPRESENTATION_CONTEXT() REPRESENTATION_CONTEXT('2D SPACE',''
  ) );
#3843 = AXIS2_PLACEMENT_2D('',#365,#19);
#3844 = DEFINITIONAL_REPRESENTATION('',(#3885),#4587);
#3845 = ( GEOMETRIC_REPRESENTATION_CONTEXT(2) 
PARAMETRIC_REPRESENTATION_CONTEXT() REPRESENTATION_CONTEXT('2D SPACE',''
  ) );
#3846 = EDGE_CURVE('',#3806,#6745,#7285,.T.);
#3847 = DEFINITIONAL_REPRESENTATION('',(#8119),#3491);
#3848 = ORIENTED_EDGE('',*,*,#4259,.T.);
#3849 = DEFINITIONAL_REPRESENTATION('',(#1002),#7802);
#3850 = ( NAMED_UNIT(*) PLANE_ANGLE_UNIT() SI_UNIT($,.RADIAN.) );
#3851 = PCURVE('',#8645,#3141);
#3852 = DEFINITIONAL_REPRESENTATION('',(#7465),#5473);
#3853 = DIRECTION('',(1.,0.));
#3854 = CARTESIAN_POINT('',(0.866470498172,4.874662256304));
#3855 = PCURVE('',#2091,#7491);
#3856 = AXIS2_PLACEMENT_3D('',#1723,#681,#5148);
#3857 = AXIS2_PLACEMENT_3D('',#8864,#4589,#2725);
#3858 = VECTOR('',#3427,1.);
#3859 = ( GEOMETRIC_REPRESENTATION_CONTEXT(2) 
PARAMETRIC_REPRESENTATION_CONTEXT() REPRESENTATION_CONTEXT('2D SPACE',''
  ) );
#3860 = DIRECTION('',(0.,0.,1.));
#3861 = CARTESIAN_POINT('',(3.993446436743E-03,0.273288159136));
#3862 = CARTESIAN_POINT('',(1.676366320033,7.924632228757,2.95));
#3863 = CARTESIAN_POINT('',(2.917139056838,0.801664288283,
    -1.372492466177));
#3864 = CARTESIAN_POINT('',(7.1,-13.16358613752));
#3865 = VECTOR('',#836,1.);
#3866 = CARTESIAN_POINT('',(1.570796326795,4.141190316096));
#3867 = VECTOR('',#6715,1.);
#3868 = CARTESIAN_POINT('',(0.222422530486,6.058984485373));
#3869 = VECTOR('',#3172,1.);
#3870 = VECTOR('',#2426,1.);
#3871 = DEFINITIONAL_REPRESENTATION('',(#2587),#1294);
#3872 = PCURVE('',#8421,#2105);
#3873 = CARTESIAN_POINT('',(1.241484835032,2.092194099665));
#3874 = AXIS2_PLACEMENT_3D('',#3232,#2684,#4930);
#3875 = PCURVE('',#1464,#4592);
#3876 = PCURVE('',#2091,#8562);
#3877 = CARTESIAN_POINT('',(0.763620069408,4.427755653439));
#3878 = EDGE_CURVE('',#5707,#6745,#5234,.T.);
#3879 = CARTESIAN_POINT('',(1.159106502918,3.526832079945));
#3880 = SURFACE_CURVE('',#5138,(#3892,#908),.PCURVE_S1.);
#3881 = CARTESIAN_POINT('',(4.513354686943,-16.28631454766));
#3882 = LINE('',#4019,#8009);
#3883 = DIRECTION('',(0.,1.,1.351732578683E-16));
#3884 = VECTOR('',#2826,1.);
#3885 = LINE('',#3833,#7861);
#3886 = CARTESIAN_POINT('',(-2.467537541005,2.097505769575E-13,
    -1.791056436297));
#3887 = CARTESIAN_POINT('',(1.317954122098,1.629276595218));
#3888 = ORIENTED_EDGE('',*,*,#4872,.F.);
#3889 = CARTESIAN_POINT('',(6.039688006686,-2.168404344971E-16,
    -1.586785714286));
#3890 = ( GEOMETRIC_REPRESENTATION_CONTEXT(2) 
PARAMETRIC_REPRESENTATION_CONTEXT() REPRESENTATION_CONTEXT('2D SPACE',''
  ) );
#3891 = ORIENTED_EDGE('',*,*,#5426,.F.);
#3892 = PCURVE('',#8862,#4896);
#3893 = CARTESIAN_POINT('',(17.13,-13.49480577065));
#3894 = ORIENTED_EDGE('',*,*,#1726,.F.);
#3895 = CARTESIAN_POINT('',(0.,13.065,-19.25));
#3896 = CARTESIAN_POINT('',(1.884711328453,0.68132797662));
#3897 = DEFINITIONAL_REPRESENTATION('',(#6464),#5460);
#3898 = CARTESIAN_POINT('',(1.570796326795,1.999195325012));
#3899 = CARTESIAN_POINT('',(0.,1.570796326795));
#3900 = AXIS2_PLACEMENT_3D('',#4632,#2558,#1265);
#3901 = VECTOR('',#8818,1.);
#3902 = CARTESIAN_POINT('',(5.061893287494,1.028301497987));
#3903 = EDGE_LOOP('',(#1031,#6221,#6470,#7240));
#3904 = DIRECTION('',(-0.,1.351732578683E-16,-1.));
#3905 = CARTESIAN_POINT('',(0.666465269084,4.940635285295));
#3906 = CARTESIAN_POINT('',(-2.381248372471,7.737847641762,
    2.824010550988));
#3907 = ( GEOMETRIC_REPRESENTATION_CONTEXT(2) 
PARAMETRIC_REPRESENTATION_CONTEXT() REPRESENTATION_CONTEXT('2D SPACE',''
  ) );
#3908 = CARTESIAN_POINT('',(2.074021366831,5.466245178578));
#3909 = VERTEX_POINT('',#5497);
#3910 = EDGE_CURVE('',#3800,#6723,#7889,.T.);
#3911 = AXIS2_PLACEMENT_3D('',#2218,#8147,#8312);
#3912 = CARTESIAN_POINT('',(3.993446436743E-03,0.545314716778));
#3913 = CARTESIAN_POINT('',(1.020999123141,8.451305405345));
#3914 = EDGE_CURVE('',#676,#5345,#5441,.T.);
#3915 = ( GEOMETRIC_REPRESENTATION_CONTEXT(2) 
PARAMETRIC_REPRESENTATION_CONTEXT() REPRESENTATION_CONTEXT('2D SPACE',''
  ) );
#3916 = B_SPLINE_CURVE_WITH_KNOTS('',3,(#27,#8549,#432,#5675,#6113,
    #4482,#330,#1177,#7890,#4004,#2488,#433,#7964,#8830,#532,#5960,
    #6938,#2499,#2525,#1417,#3478,#4059,#1039,#5873,#6167),
  .UNSPECIFIED.,.F.,.F.,(4,1,1,1,1,1,1,1,1,1,1,1,1,1,1,1,1,1,1,1,1,1,4),
  (6.857096618314E-19,1.516383469567E-04,3.032766939135E-04,
    4.549150408702E-04,6.06553387827E-04,7.581917347837E-04,
    9.098300817405E-04,1.061468428697E-03,1.213106775654E-03,
    1.364745122611E-03,1.516383469567E-03,1.668021816524E-03,
    1.819660163481E-03,1.971298510438E-03,2.122936857394E-03,
    2.274575204351E-03,2.426213551308E-03,2.577851898265E-03,
    2.729490245221E-03,2.881128592178E-03,3.032766939135E-03,
    3.184405286092E-03,3.336043633048E-03),.QUASI_UNIFORM_KNOTS.);
#3917 = CARTESIAN_POINT('',(4.402209566248,0.643068803556));
#3918 = LINE('',#3487,#6792);
#3919 = EDGE_LOOP('',(#5117,#3219,#7596,#2958));
#3920 = CARTESIAN_POINT('',(1.278667185522,4.393507177304));
#3921 = ( GEOMETRIC_REPRESENTATION_CONTEXT(2) 
PARAMETRIC_REPRESENTATION_CONTEXT() REPRESENTATION_CONTEXT('2D SPACE',''
  ) );
#3922 = B_SPLINE_CURVE_WITH_KNOTS('',3,(#8340,#1358,#278,#1564,#5414,
    #7308,#5818,#8740,#6712,#5509,#3510,#4926,#2088,#2108,#1715,#549,
    #5533,#6228,#8141,#8661,#1571,#5704,#1427,#5784,#2946),
  .UNSPECIFIED.,.F.,.F.,(4,1,1,1,1,1,1,1,1,1,1,1,1,1,1,1,1,1,1,1,1,1,4),
  (0.,4.112014255274E-02,8.224028510549E-02,0.123360427658,
    0.164480570211,0.205600712764,0.246720855316,0.287840997869,
    0.328961140422,0.370081282975,0.411201425527,0.45232156808,
    0.493441710633,0.534561853186,0.575681995738,0.616802138291,
    0.657922280844,0.699042423397,0.740162565949,0.781282708502,
    0.822402851055,0.863522993608,0.90464313616),.QUASI_UNIFORM_KNOTS.);
#3923 = ORIENTED_EDGE('',*,*,#2720,.T.);
#3924 = PCURVE('',#7487,#7226);
#3925 = CARTESIAN_POINT('',(1.019125123713,4.729866151304));
#3926 = DEFINITIONAL_REPRESENTATION('',(#211),#2454);
#3927 = ( GEOMETRIC_REPRESENTATION_CONTEXT(2) 
PARAMETRIC_REPRESENTATION_CONTEXT() REPRESENTATION_CONTEXT('2D SPACE',''
  ) );
#3928 = DIRECTION('',(0.,-0.,1.));
#3929 = CIRCLE('',#6839,0.5);
#3930 = B_SPLINE_CURVE_WITH_KNOTS('',3,(#2836,#2018,#1098,#7132,#372,
    #134,#1203,#7478,#7287,#4398),.UNSPECIFIED.,.F.,.F.,(4,2,2,2,4),(
    4.080304047103E-02,4.186789820726E-02,4.293275594348E-02,
    4.39976136797E-02,4.506247141592E-02),.UNSPECIFIED.);
#3931 = EDGE_LOOP('',(#8854,#6375));
#3932 = LINE('',#1764,#7600);
#3933 = CARTESIAN_POINT('',(0.,6.28318530718));
#3934 = CARTESIAN_POINT('',(1.318013458703,4.654358425969));
#3935 = PCURVE('',#5600,#7958);
#3936 = ( GEOMETRIC_REPRESENTATION_CONTEXT(2) 
PARAMETRIC_REPRESENTATION_CONTEXT() REPRESENTATION_CONTEXT('2D SPACE',''
  ) );
#3937 = VECTOR('',#7124,1.);
#3938 = B_SPLINE_CURVE_WITH_KNOTS('',3,(#1411,#3094,#5404,#1889,#496,
    #1351,#319,#2430,#1982,#3866,#2859,#4180,#5189,#4158,#8589,#7538,
    #6987,#5398,#2022,#2186,#505,#8431,#2041,#3302,#6318),
  .UNSPECIFIED.,.F.,.F.,(4,1,1,1,1,1,1,1,1,1,1,1,1,1,1,1,1,1,1,1,1,1,4),
  (3.14159265359,3.212992486626,3.284392319662,3.355792152698,
    3.427191985734,3.49859181877,3.569991651807,3.641391484843,
    3.712791317879,3.784191150915,3.855590983951,3.926990816987,
    3.998390650023,4.06979048306,4.141190316096,4.212590149132,
    4.283989982168,4.355389815204,4.42678964824,4.498189481276,
    4.569589314312,4.640989147349,4.712388980385),
  .QUASI_UNIFORM_KNOTS.);
#3939 = ADVANCED_FACE('',(#2661,#8577),#6009,.T.);
#3940 = LINE('',#5654,#1233);
#3941 = DIRECTION('',(0.,-1.351732578683E-16,1.));
#3942 = CARTESIAN_POINT('',(1.3099602564,1.68771707115));
#3943 = DEFINITIONAL_REPRESENTATION('',(#1278),#1502);
#3944 = ( GEOMETRIC_REPRESENTATION_CONTEXT(2) 
PARAMETRIC_REPRESENTATION_CONTEXT() REPRESENTATION_CONTEXT('2D SPACE',''
  ) );
#3945 = CARTESIAN_POINT('',(1.165302551351,2.57038647992));
#3946 = ( GEOMETRIC_REPRESENTATION_CONTEXT(2) 
PARAMETRIC_REPRESENTATION_CONTEXT() REPRESENTATION_CONTEXT('2D SPACE',''
  ) );
#3947 = EDGE_CURVE('',#202,#3596,#1907,.T.);
#3948 = PCURVE('',#7647,#7753);
#3949 = VERTEX_POINT('',#6786);
#3950 = CARTESIAN_POINT('',(0.,-3.));
#3951 = DIRECTION('',(0.,1.,1.351732578683E-16));
#3952 = LINE('',#8446,#273);
#3953 = CARTESIAN_POINT('',(2.149783959504,-6.421787231187));
#3954 = EDGE_LOOP('',(#1290,#1824,#1459,#4316,#8005));
#3955 = ( GEOMETRIC_REPRESENTATION_CONTEXT(2) 
PARAMETRIC_REPRESENTATION_CONTEXT() REPRESENTATION_CONTEXT('2D SPACE',''
  ) );
#3956 = CARTESIAN_POINT('',(3.14159265359,-9.690537915919E-16));
#3957 = CARTESIAN_POINT('',(5.616720038095,0.713998330361));
#3958 = SPHERICAL_SURFACE('',#2938,6.48);
#3959 = DEFINITIONAL_REPRESENTATION('',(#3795),#4495);
#3960 = DIRECTION('',(0.,0.618211514736,0.786011783021));
#3961 = CARTESIAN_POINT('',(0.,7.35,-19.25));
#3962 = DIRECTION('',(0.,1.,1.351732578683E-16));
#3963 = VECTOR('',#4905,1.);
#3964 = B_SPLINE_CURVE_WITH_KNOTS('',3,(#8435,#334,#8728,#6138,#1383,
    #8843,#3360,#2164,#7652,#2343,#8594,#5149,#3085,#812,#8145,#3577,
    #2356,#3575,#5728,#7766,#7273,#5733,#2530,#7640,#540),
  .UNSPECIFIED.,.F.,.F.,(4,1,1,1,1,1,1,1,1,1,1,1,1,1,1,1,1,1,1,1,1,1,4),
  (1.570796326795,1.642196159831,1.713595992867,1.784995825903,
    1.856395658939,1.927795491976,1.999195325012,2.070595158048,
    2.141994991084,2.21339482412,2.284794657156,2.356194490192,
    2.427594323228,2.498994156265,2.570393989301,2.641793822337,
    2.713193655373,2.784593488409,2.855993321445,2.927393154481,
    2.998792987518,3.070192820554,3.14159265359),.QUASI_UNIFORM_KNOTS.);
#3965 = VECTOR('',#3339,1.);
#3966 = DEFINITIONAL_REPRESENTATION('',(#1894),#49);
#3967 = VECTOR('',#8322,1.);
#3968 = DEFINITIONAL_REPRESENTATION('',(#7401),#6400);
#3969 = DEFINITIONAL_REPRESENTATION('',(#1275),#1465);
#3970 = DIRECTION('',(-1.,0.,0.));
#3971 = FACE_BOUND('',#7759,.T.);
#3972 = MECHANICAL_DESIGN_GEOMETRIC_PRESENTATION_REPRESENTATION('',(
    #5423),#4248);
#3973 = ( GEOMETRIC_REPRESENTATION_CONTEXT(2) 
PARAMETRIC_REPRESENTATION_CONTEXT() REPRESENTATION_CONTEXT('2D SPACE',''
  ) );
#3974 = FACE_BOUND('',#5878,.T.);
#3975 = VECTOR('',#7513,1.);
#3976 = CARTESIAN_POINT('',(-5.59791416422,-4.927673414247,2.45));
#3977 = CARTESIAN_POINT('',(6.451655720528,-2.226559970136,2.45));
#3978 = EDGE_CURVE('',#120,#5282,#8701,.T.);
#3979 = PRODUCT_DEFINITION_CONTEXT('part definition',#883,'design');
#3980 = FACE_BOUND('',#6015,.T.);
#3981 = B_SPLINE_CURVE_WITH_KNOTS('',3,(#5783,#331,#7164,#1953,#1998,
    #4886,#6333,#2900,#2437,#31,#5360,#2934,#881,#5770,#4676,#1695,
    #8659,#6653,#8872,#7967,#8324,#8225,#6148,#4011,#6299),
  .UNSPECIFIED.,.F.,.F.,(4,1,1,1,1,1,1,1,1,1,1,1,1,1,1,1,1,1,1,1,1,1,4),
  (1.981131159943E-07,7.712135714149E-05,1.54044601167E-04,
    2.309678451925E-04,3.07891089218E-04,3.848143332435E-04,
    4.61737577269E-04,5.386608212945E-04,6.1558406532E-04,
    6.925073093455E-04,7.69430553371E-04,8.463537973965E-04,
    9.23277041422E-04,1.000200285447E-03,1.077123529473E-03,
    1.154046773498E-03,1.230970017524E-03,1.307893261549E-03,
    1.384816505575E-03,1.4617397496E-03,1.538662993626E-03,
    1.615586237651E-03,1.692509481677E-03),.QUASI_UNIFORM_KNOTS.);
#3982 = DIRECTION('',(1.,0.,0.));
#3983 = ( GEOMETRIC_REPRESENTATION_CONTEXT(2) 
PARAMETRIC_REPRESENTATION_CONTEXT() REPRESENTATION_CONTEXT('2D SPACE',''
  ) );
#3984 = CIRCLE('',#5676,3.675);
#3985 = ORIENTED_EDGE('',*,*,#4103,.F.);
#3986 = CARTESIAN_POINT('',(2.243515135725E-04,-3.432227475872E-03));
#3987 = CARTESIAN_POINT('',(1.052766050311,8.226013577481));
#3988 = CARTESIAN_POINT('',(4.286442379462,1.009043186637));
#3989 = AXIS2_PLACEMENT_3D('',#8677,#5947,#5940);
#3990 = CARTESIAN_POINT('',(2.048839052699,1.000012815903));
#3991 = AXIS2_PLACEMENT_3D('',#4302,#1620,#5359);
#3992 = CARTESIAN_POINT('',(-0.332548164794,1.954730071952,
    -4.652344593364));
#3993 = ORIENTED_EDGE('',*,*,#2857,.F.);
#3994 = PCURVE('',#1955,#4474);
#3995 = CARTESIAN_POINT('',(4.712388980385,4.355389815204));
#3996 = CARTESIAN_POINT('',(2.977465488602,2.878978580082));
#3997 = SURFACE_CURVE('',#1552,(#6836,#3743),.PCURVE_S1.);
#3998 = DIRECTION('',(1.,5.654319433713E-16));
#3999 = CARTESIAN_POINT('',(-1.905,-9.898670365256));
#4000 = ( GEOMETRIC_REPRESENTATION_CONTEXT(2) 
PARAMETRIC_REPRESENTATION_CONTEXT() REPRESENTATION_CONTEXT('2D SPACE',''
  ) );
#4001 = PCURVE('',#3436,#711);
#4002 = CARTESIAN_POINT('',(0.,0.));
#4003 = CARTESIAN_POINT('',(6.28318530718,3.14159265359));
#4004 = CARTESIAN_POINT('',(0.939112566658,4.831881763909));
#4005 = AXIS2_PLACEMENT_3D('',#1064,#6540,#1722);
#4006 = CARTESIAN_POINT('',(3.14159265359,0.));
#4007 = CARTESIAN_POINT('',(5.120027523813,2.602101764951));
#4008 = VECTOR('',#8162,1.);
#4009 = CARTESIAN_POINT('',(4.427953210519,4.733101717563));
#4010 = DIRECTION('',(0.,1.));
#4011 = CARTESIAN_POINT('',(1.164924916873,2.88389838441));
#4012 = ORIENTED_EDGE('',*,*,#3731,.T.);
#4013 = CARTESIAN_POINT('',(-13.065,-9.001153973733E-16));
#4014 = LINE('',#1849,#2557);
#4015 = CARTESIAN_POINT('',(3.946874893895,1.000013438336));
#4016 = ORIENTED_EDGE('',*,*,#3405,.F.);
#4017 = ORIENTED_EDGE('',*,*,#3108,.F.);
#4018 = EDGE_LOOP('',(#4949,#7808,#997,#3390));
#4019 = CARTESIAN_POINT('',(0.,-1.5));
#4020 = EDGE_LOOP('',(#6887,#7091));
#4021 = LINE('',#4507,#6134);
#4022 = CARTESIAN_POINT('',(0.729801266689,1.91111731397));
#4023 = LINE('',#2423,#3540);
#4024 = EDGE_CURVE('',#7237,#2795,#5405,.T.);
#4025 = CARTESIAN_POINT('',(1.570796326795,2.713193655373));
#4026 = PCURVE('',#636,#7364);
#4027 = SURFACE_CURVE('',#4356,(#3646,#1513),.PCURVE_S1.);
#4028 = DEFINITIONAL_REPRESENTATION('',(#436),#5902);
#4029 = CARTESIAN_POINT('',(-6.16589777448,6.633198676226,-2.45));
#4030 = VECTOR('',#449,1.);
#4031 = CIRCLE('',#7162,3.175);
#4032 = CARTESIAN_POINT('',(0.,-1.5));
#4033 = ADVANCED_FACE('',(#138,#8516),#199,.T.);
#4034 = CARTESIAN_POINT('',(4.398473978727,0.136900894838));
#4035 = DEFINITIONAL_REPRESENTATION('',(#5363),#2443);
#4036 = DEFINITIONAL_REPRESENTATION('',(#422),#3773);
#4037 = CARTESIAN_POINT('',(6.28318530718,1.570796326795));
#4038 = CARTESIAN_POINT('',(0.,1.612403413174E-15,18.75));
#4039 = CARTESIAN_POINT('',(4.474556697415,1.55652071157));
#4040 = CARTESIAN_POINT('',(-6.6475,-6.6475));
#4041 = LINE('',#7866,#848);
#4042 = DEFINITIONAL_REPRESENTATION('',(#1540),#8762);
#4043 = DIRECTION('',(0.,1.,1.351732578683E-16));
#4044 = CARTESIAN_POINT('',(2.377364603376,7.738978879759,2.824694464658
    ));
#4045 = CARTESIAN_POINT('',(3.10786232155,0.471045956013,-0.283381887664
    ));
#4046 = LINE('',#7293,#7432);
#4047 = AXIS2_PLACEMENT_3D('',#1108,#3779,#4915);
#4048 = CIRCLE('',#1425,3.175);
#4049 = ( GEOMETRIC_REPRESENTATION_CONTEXT(2) 
PARAMETRIC_REPRESENTATION_CONTEXT() REPRESENTATION_CONTEXT('2D SPACE',''
  ) );
#4050 = ( GEOMETRIC_REPRESENTATION_CONTEXT(2) 
PARAMETRIC_REPRESENTATION_CONTEXT() REPRESENTATION_CONTEXT('2D SPACE',''
  ) );
#4051 = CARTESIAN_POINT('',(0.,14.95,-2.95));
#4052 = SURFACE_CURVE('',#2717,(#6184,#4162),.PCURVE_S1.);
#4053 = CARTESIAN_POINT('',(1.570796326795,2.998792987518));
#4054 = FACE_BOUND('',#6101,.T.);
#4055 = CARTESIAN_POINT('',(2.277821879963,4.562752181977));
#4056 = CARTESIAN_POINT('',(4.204370658385,1.498744184222));
#4057 = PRODUCT_DEFINITION('design','',#6561,#3979);
#4058 = CARTESIAN_POINT('',(0.,0.,16.25));
#4059 = CARTESIAN_POINT('',(1.475199751664,4.714201293242));
#4060 = CARTESIAN_POINT('',(0.,-7.35,-18.75));
#4061 = B_SPLINE_CURVE_WITH_KNOTS('',3,(#562,#110,#5649,#1884,#3368,
    #3811,#7630,#3504,#3469,#7130,#3191,#4419,#1204,#6239,#1794,#7736,
    #608,#135,#3453,#7246,#2893,#8570,#8517,#6697,#1454),
  .UNSPECIFIED.,.F.,.F.,(4,1,1,1,1,1,1,1,1,1,1,1,1,1,1,1,1,1,1,1,1,1,4),
  (1.570796326795,1.713595992867,1.856395658939,1.999195325012,
    2.141994991084,2.284794657156,2.427594323228,2.570393989301,
    2.713193655373,2.855993321445,2.998792987518,3.14159265359,
    3.284392319662,3.427191985734,3.569991651807,3.712791317879,
    3.855590983951,3.998390650023,4.141190316096,4.283989982168,
    4.42678964824,4.569589314312,4.712388980385),.QUASI_UNIFORM_KNOTS.);
#4062 = EDGE_LOOP('',(#1153,#4834));
#4063 = CARTESIAN_POINT('',(-6.6475,0.));
#4064 = LINE('',#802,#7136);
#4065 = EDGE_CURVE('',#2590,#6718,#4205,.T.);
#4066 = CARTESIAN_POINT('',(-5.405934833294,-9.184882016696,-2.45));
#4067 = CARTESIAN_POINT('',(16.534882016696,5.405934833294));
#4068 = CARTESIAN_POINT('',(-6.6475,-18.16130774331));
#4069 = ORIENTED_EDGE('',*,*,#6325,.T.);
#4070 = SURFACE_CURVE('',#2411,(#2269,#7476),.PCURVE_S1.);
#4071 = CARTESIAN_POINT('',(5.043610626434,5.941467924226));
#4072 = CARTESIAN_POINT('',(-4.712388980385,17.834723848602));
#4073 = CARTESIAN_POINT('',(0.979424185164,5.022921163666));
#4074 = ( GEOMETRIC_REPRESENTATION_CONTEXT(2) 
PARAMETRIC_REPRESENTATION_CONTEXT() REPRESENTATION_CONTEXT('2D SPACE',''
  ) );
#4075 = ORIENTED_EDGE('',*,*,#3578,.F.);
#4076 = CARTESIAN_POINT('',(0.946903977587,-8.959522966051));
#4077 = CARTESIAN_POINT('',(0.,7.35,-18.75));
#4078 = CARTESIAN_POINT('',(5.417468663313,1.654756100628));
#4079 = CARTESIAN_POINT('',(-6.48,2.667336216446,-2.63358378899));
#4080 = B_SPLINE_CURVE_WITH_KNOTS('',3,(#4898,#228,#1327,#8400,#8318,
    #2872,#5672,#7424),.UNSPECIFIED.,.F.,.F.,(4,2,2,4),(
    3.753267850466E-02,3.965853052743E-02,4.072145653882E-02,
    4.17843825502E-02),.UNSPECIFIED.);
#4081 = CARTESIAN_POINT('',(3.770033316158,3.766281773048));
#4082 = ( GEOMETRIC_REPRESENTATION_CONTEXT(2) 
PARAMETRIC_REPRESENTATION_CONTEXT() REPRESENTATION_CONTEXT('2D SPACE',''
  ) );
#4083 = LINE('',#8458,#7500);
#4084 = CARTESIAN_POINT('',(6.260066766702,3.277274918912,2.45));
#4085 = CARTESIAN_POINT('',(3.993446436743E-03,0.454685283222));
#4086 = VERTEX_POINT('',#1151);
#4087 = PCURVE('',#636,#889);
#4088 = ADVANCED_FACE('',(#1190,#3819),#6083,.F.);
#4089 = ADVANCED_FACE('',(#5598),#8645,.T.);
#4090 = CARTESIAN_POINT('',(0.,11.356010615488,-0.504165652631));
#4091 = ( GEOMETRIC_REPRESENTATION_CONTEXT(2) 
PARAMETRIC_REPRESENTATION_CONTEXT() REPRESENTATION_CONTEXT('2D SPACE',''
  ) );
#4092 = CARTESIAN_POINT('',(10.22125,6.189916573549));
#4093 = DIRECTION('',(0.,-0.,1.));
#4094 = EDGE_LOOP('',(#6805,#4622,#1736,#4315));
#4095 = DIRECTION('',(0.,-0.618211514736,0.786011783021));
#4096 = ( GEOMETRIC_REPRESENTATION_CONTEXT(2) 
PARAMETRIC_REPRESENTATION_CONTEXT() REPRESENTATION_CONTEXT('2D SPACE',''
  ) );
#4097 = ADVANCED_FACE('',(#4746),#2280,.T.);
#4098 = CARTESIAN_POINT('',(-0.82317963763,1.898487967899,
    -4.492366049878));
#4099 = CARTESIAN_POINT('',(0.828059144019,1.735327834161));
#4100 = CARTESIAN_POINT('',(3.811618747261,0.454520478519));
#4101 = ( GEOMETRIC_REPRESENTATION_CONTEXT(2) 
PARAMETRIC_REPRESENTATION_CONTEXT() REPRESENTATION_CONTEXT('2D SPACE',''
  ) );
#4102 = AXIS2_PLACEMENT_3D('',#2659,#7351,#2202);
#4103 = EDGE_CURVE('',#3142,#543,#4417,.T.);
#4104 = VECTOR('',#4694,1.);
#4105 = ORIENTED_EDGE('',*,*,#6354,.F.);
#4106 = CARTESIAN_POINT('',(5.971310291196,-7.434019440516,-2.45));
#4107 = PCURVE('',#7377,#7056);
#4108 = CYLINDRICAL_SURFACE('',#2585,3.81);
#4109 = CARTESIAN_POINT('',(6.6475,0.,15.75));
#4110 = CARTESIAN_POINT('',(1.195369380445,2.326088436771));
#4111 = AXIS2_PLACEMENT_3D('',#8285,#940,#1703);
#4112 = SURFACE_CURVE('',#494,(#8419,#5591),.PCURVE_S1.);
#4113 = AXIS2_PLACEMENT_3D('',#3823,#8898,#7193);
#4114 = CARTESIAN_POINT('',(4.134829524621,4.984261052603));
#4115 = CARTESIAN_POINT('',(4.712388980385,1.570796326795));
#4116 = DIRECTION('',(-0.,1.351732578683E-16,-1.));
#4117 = LINE('',#5179,#6370);
#4118 = CARTESIAN_POINT('',(1.570796326795,2.427594323228));
#4119 = B_SPLINE_CURVE_WITH_KNOTS('',3,(#1284,#4544,#5108,#6500,#7704,#5294,
    #5874,#2330,#8012,#5205,#3686,#4284,#4081,#218,#107,#6539,#3692,#7394,#1886,
    #784,#6526,#1786,#7321,#6849,#5674),.UNSPECIFIED.,.F.,.F.,(4,1,1,1,1,1,1,
    1,1,1,1,1,1,1,1,1,1,1,1,1,1,1,4),(3.14159265359,3.198723622914,
    3.255854592239,3.312985561563,3.370116530887,3.427247500212,
    3.484378469536,3.541509438861,3.598640408185,3.655771377509,
    3.712902346834,3.770033316158,3.827164285483,3.884295254807,
    3.941426224131,3.998557193456,4.05568816278,4.112819132105,
    4.169950101429,4.227081070753,4.284212040078,4.341343009402,
    4.398473978727),.QUASI_UNIFORM_KNOTS.);
#4120 = LINE('',#204,#513);
#4121 = CYLINDRICAL_SURFACE('',#14,6.48);
#4122 = CARTESIAN_POINT('',(0.569352084879,3.599850062674));
#4123 = CARTESIAN_POINT('',(-5.094606295512,9.825579106321,-2.45));
#4124 = ( GEOMETRIC_REPRESENTATION_CONTEXT(2) 
PARAMETRIC_REPRESENTATION_CONTEXT() REPRESENTATION_CONTEXT('2D SPACE',''
  ) );
#4125 = ( GEOMETRIC_REPRESENTATION_CONTEXT(2) 
PARAMETRIC_REPRESENTATION_CONTEXT() REPRESENTATION_CONTEXT('2D SPACE',''
  ) );
#4126 = ( GEOMETRIC_REPRESENTATION_CONTEXT(2) 
PARAMETRIC_REPRESENTATION_CONTEXT() REPRESENTATION_CONTEXT('2D SPACE',''
  ) );
#4127 = LINE('',#8295,#3586);
#4128 = DIRECTION('',(0.,0.786011783021,0.618211514736));
#4129 = CARTESIAN_POINT('',(1.570796326795,1.642196159831));
#4130 = DIRECTION('',(0.,1.));
#4131 = CIRCLE('',#3727,6.48);
#4132 = ( GEOMETRIC_REPRESENTATION_CONTEXT(2) 
PARAMETRIC_REPRESENTATION_CONTEXT() REPRESENTATION_CONTEXT('2D SPACE',''
  ) );
#4133 = CARTESIAN_POINT('',(6.48,-3.921309653643,-2.45));
#4134 = FACE_BOUND('',#2306,.T.);
#4135 = CARTESIAN_POINT('',(1.067799546479,5.46689235442));
#4136 = EDGE_CURVE('',#6977,#1309,#970,.T.);
#4137 = CARTESIAN_POINT('',(3.033057848602,1.000001991982));
#4138 = CARTESIAN_POINT('',(-5.212281340155,-13.13101466559));
#4139 = EDGE_LOOP('',(#2847,#1164,#343));
#4140 = CARTESIAN_POINT('',(0.725702771306,1.315064090915));
#4141 = DIRECTION('',(1.,0.,0.));
#4142 = CARTESIAN_POINT('',(2.45,7.35));
#4143 = CARTESIAN_POINT('',(-3.019844003343,0.606089220357,
    -0.816186562689));
#4144 = ORIENTED_EDGE('',*,*,#8278,.T.);
#4145 = CARTESIAN_POINT('',(6.28318530718,4.712388980385));
#4146 = VECTOR('',#8571,1.);
#4147 = SURFACE_CURVE('',#2706,(#667,#719),.PCURVE_S1.);
#4148 = CARTESIAN_POINT('',(0.,-7.35,-19.25));
#4149 = FACE_BOUND('',#8381,.T.);
#4150 = CARTESIAN_POINT('',(2.475693100408,-3.006007151788));
#4151 = CARTESIAN_POINT('',(4.398473978727,0.772130331588));
#4152 = CARTESIAN_POINT('',(0.,-6.137821559286,-3.919688740306));
#4153 = CARTESIAN_POINT('',(0.740673817929,4.389480675047));
#4154 = CARTESIAN_POINT('',(4.712388980385,3.093992764899));
#4155 = CARTESIAN_POINT('',(1.247285887962,4.220672241919));
#4156 = CARTESIAN_POINT('',(-7.1475,8.753162996906E-16,16.25));
#4157 = CARTESIAN_POINT('',(5.273413321897,0.96069799581));
#4158 = CARTESIAN_POINT('',(1.570796326795,3.855590983951));
#4159 = CARTESIAN_POINT('',(3.967898475338,6.868205560349,2.563665117392
    ));
#4160 = DIRECTION('',(0.,1.));
#4161 = SURFACE_CURVE('',#5920,(#6048,#7066),.PCURVE_S1.);
#4162 = PCURVE('',#2091,#679);
#4163 = DIRECTION('',(0.,-1.351732578683E-16,1.));
#4164 = EDGE_CURVE('',#3391,#3152,#6071,.T.);
#4165 = ( GEOMETRIC_REPRESENTATION_CONTEXT(2) 
PARAMETRIC_REPRESENTATION_CONTEXT() REPRESENTATION_CONTEXT('2D SPACE',''
  ) );
#4166 = PCURVE('',#2280,#6444);
#4167 = CARTESIAN_POINT('',(0.,-1.635,-17.75));
#4168 = ( GEOMETRIC_REPRESENTATION_CONTEXT(2) 
PARAMETRIC_REPRESENTATION_CONTEXT() REPRESENTATION_CONTEXT('2D SPACE',''
  ) );
#4169 = CARTESIAN_POINT('',(6.28318530718,2.814434196153));
#4170 = CARTESIAN_POINT('',(0.856434639888,4.607743371698));
#4171 = CARTESIAN_POINT('',(4.05,0.367305770654));
#4172 = DIRECTION('',(-0.,1.351732578683E-16,-1.));
#4173 = DEFINITIONAL_REPRESENTATION('',(#2902),#4353);
#4174 = LINE('',#2158,#8422);
#4175 = CARTESIAN_POINT('',(0.,-1.5));
#4176 = LINE('',#1542,#1755);
#4177 = DEFINITIONAL_REPRESENTATION('',(#2313),#1334);
#4178 = CARTESIAN_POINT('',(4.398473978727,0.954290402231));
#4179 = VERTEX_POINT('',#7942);
#4180 = CARTESIAN_POINT('',(1.570796326795,3.998390650023));
#4181 = ORIENTED_EDGE('',*,*,#8360,.F.);
#4182 = CARTESIAN_POINT('',(1.884711328453,0.908663413035));
#4183 = CARTESIAN_POINT('',(1.570796326795,-0.999597662506));
#4184 = VERTEX_POINT('',#5258);
#4185 = DIRECTION('',(-0.,-0.,1.));
#4186 = ORIENTED_EDGE('',*,*,#7037,.T.);
#4187 = DEFINITIONAL_REPRESENTATION('',(#2350),#5593);
#4188 = ORIENTED_EDGE('',*,*,#72,.F.);
#4189 = ( GEOMETRIC_REPRESENTATION_CONTEXT(2) 
PARAMETRIC_REPRESENTATION_CONTEXT() REPRESENTATION_CONTEXT('2D SPACE',''
  ) );
#4190 = CARTESIAN_POINT('',(3.8,6.581793068762));
#4191 = CARTESIAN_POINT('',(0.716849490555,4.35189387091));
#4192 = CARTESIAN_POINT('',(4.112178926024,0.575910307097));
#4193 = PCURVE('',#7647,#2533);
#4194 = CARTESIAN_POINT('',(4.712388980385,-16.14847478826));
#4195 = ORIENTED_EDGE('',*,*,#4294,.T.);
#4196 = EDGE_CURVE('',#5835,#4179,#5698,.T.);
#4197 = CARTESIAN_POINT('',(0.,6.28318530718));
#4198 = SURFACE_CURVE('',#8250,(#674,#287),.PCURVE_S1.);
#4199 = DEFINITIONAL_REPRESENTATION('',(#2030),#4365);
#4200 = LINE('',#2431,#7750);
#4201 = CARTESIAN_POINT('',(0.,6.28318530718));
#4202 = CARTESIAN_POINT('',(3.994295346411E-03,1.));
#4203 = ORIENTED_EDGE('',*,*,#1726,.T.);
#4204 = CARTESIAN_POINT('',(1.010409355793,-8.525453963178));
#4205 = SURFACE_CURVE('',#5082,(#1694,#6070),.PCURVE_S1.);
#4206 = CARTESIAN_POINT('',(0.,-7.35,-6.65));
#4207 = CARTESIAN_POINT('',(4.05,-13.66230577065));
#4208 = CARTESIAN_POINT('',(3.695008225262,0.391996040752));
#4209 = DIRECTION('',(1.,0.));
#4210 = ORIENTED_EDGE('',*,*,#5963,.T.);
#4211 = PCURVE('',#3647,#2811);
#4212 = DEFINITIONAL_REPRESENTATION('',(#2371),#4654);
#4213 = CARTESIAN_POINT('',(6.48,-3.006007151788,-2.475693100408));
#4214 = CARTESIAN_POINT('',(5.465108027311,4.527894903109));
#4215 = DIRECTION('',(-0.,1.351732578683E-16,-1.));
#4216 = ( GEOMETRIC_REPRESENTATION_CONTEXT(2) 
PARAMETRIC_REPRESENTATION_CONTEXT() REPRESENTATION_CONTEXT('2D SPACE',''
  ) );
#4217 = VECTOR('',#7101,1.);
#4218 = CARTESIAN_POINT('',(4.712388980385,2.998792987518));
#4219 = CARTESIAN_POINT('',(0.563546627209,1.51788304148E-15,
    -3.144371162295));
#4220 = ( GEOMETRIC_REPRESENTATION_CONTEXT(2) 
PARAMETRIC_REPRESENTATION_CONTEXT() REPRESENTATION_CONTEXT('2D SPACE',''
  ) );
#4221 = DIRECTION('',(-0.,1.351732578683E-16,-1.));
#4222 = FACE_BOUND('',#5576,.T.);
#4223 = ORIENTED_EDGE('',*,*,#4743,.T.);
#4224 = CARTESIAN_POINT('',(-8.1,0.));
#4225 = CARTESIAN_POINT('',(6.28318530718,-1.570796326795));
#4226 = PCURVE('',#3749,#2363);
#4227 = DIRECTION('',(0.,1.));
#4228 = PCURVE('',#2384,#5142);
#4229 = ORIENTED_EDGE('',*,*,#4065,.F.);
#4230 = AXIS2_PLACEMENT_2D('',#7257,#6896);
#4231 = ( GEOMETRIC_REPRESENTATION_CONTEXT(2) 
PARAMETRIC_REPRESENTATION_CONTEXT() REPRESENTATION_CONTEXT('2D SPACE',''
  ) );
#4232 = CARTESIAN_POINT('',(-3.137952684385,-0.382273564348,
    5.568467148559E-02));
#4233 = CARTESIAN_POINT('',(6.48,-3.378904433283,-2.45));
#4234 = ( GEOMETRIC_REPRESENTATION_CONTEXT(2) 
PARAMETRIC_REPRESENTATION_CONTEXT() REPRESENTATION_CONTEXT('2D SPACE',''
  ) );
#4235 = ADVANCED_FACE('',(#1546),#4350,.T.);
#4236 = CARTESIAN_POINT('',(0.,-6.137821559286,-3.919688740306));
#4237 = CARTESIAN_POINT('',(0.,0.,2.45));
#4238 = PCURVE('',#6414,#3047);
#4239 = DIRECTION('',(0.,1.));
#4240 = EDGE_CURVE('',#7158,#7650,#5330,.T.);
#4241 = EDGE_CURVE('',#1172,#3505,#4427,.T.);
#4242 = ORIENTED_EDGE('',*,*,#7225,.F.);
#4243 = CARTESIAN_POINT('',(0.628440662568,3.766281773048));
#4244 = CARTESIAN_POINT('',(-6.48,-5.735981315982));
#4245 = DIRECTION('',(0.,1.));
#4246 = DEFINITIONAL_REPRESENTATION('',(#4760),#5635);
#4247 = B_SPLINE_CURVE_WITH_KNOTS('',3,(#8800,#1057,#1772,#4182,#755,
    #1428,#8375,#3458,#3896,#8351,#1644,#263,#4374,#1042,#4373,#6284,
    #8456,#4462,#5852,#7078,#1987,#7755,#809,#1307,#7407),
  .UNSPECIFIED.,.F.,.F.,(4,1,1,1,1,1,1,1,1,1,1,1,1,1,1,1,1,1,1,1,1,1,4),
  (2.949519592335,2.966980779722,2.984441967108,3.001903154495,
    3.019364341882,3.036825529269,3.054286716656,3.071747904043,
    3.089209091429,3.106670278816,3.124131466203,3.14159265359,
    3.159053840977,3.176515028363,3.19397621575,3.211437403137,
    3.228898590524,3.246359777911,3.263820965297,3.281282152684,
    3.298743340071,3.316204527458,3.333665714845),
  .QUASI_UNIFORM_KNOTS.);
#4248 = ( GEOMETRIC_REPRESENTATION_CONTEXT(3) 
GLOBAL_UNCERTAINTY_ASSIGNED_CONTEXT((#5686)) 
GLOBAL_UNIT_ASSIGNED_CONTEXT((#2298,#1880,#4734)) REPRESENTATION_CONTEXT
('Context #7993','3D Context with UNIT and UNCERTAINTY') );
#4249 = ORIENTED_EDGE('',*,*,#7880,.F.);
#4250 = DIRECTION('',(1.,0.,0.));
#4251 = CARTESIAN_POINT('',(4.151364638872,0.96069799581));
#4252 = SURFACE_CURVE('',#6826,(#7971,#1903),.PCURVE_S1.);
#4253 = FACE_BOUND('',#487,.T.);
#4254 = DEFINITIONAL_REPRESENTATION('',(#1649),#5914);
#4255 = VECTOR('',#8567,1.);
#4256 = CYLINDRICAL_SURFACE('',#2359,8.1);
#4257 = ADVANCED_FACE('',(#88),#636,.T.);
#4258 = PRODUCT_RELATED_PRODUCT_CATEGORY('part',$,(#6980));
#4259 = EDGE_CURVE('',#8437,#3739,#3709,.T.);
#4260 = PCURVE('',#778,#8555);
#4261 = DEFINITIONAL_REPRESENTATION('',(#1967),#3297);
#4262 = CARTESIAN_POINT('',(0.716801323774,-6.16589777448));
#4263 = CARTESIAN_POINT('',(0.666465269084,3.170148885839));
#4264 = CARTESIAN_POINT('',(1.278657729429,1.889734244022));
#4265 = PCURVE('',#3558,#4831);
#4266 = CARTESIAN_POINT('',(1.428350022432,-16.21839613326));
#4267 = DIRECTION('',(-0.,1.351732578683E-16,-1.));
#4268 = CARTESIAN_POINT('',(6.263378245014,-6.154226636811,-2.45));
#4269 = CARTESIAN_POINT('',(1.905,-9.947056788419));
#4270 = ( GEOMETRIC_REPRESENTATION_CONTEXT(2) 
PARAMETRIC_REPRESENTATION_CONTEXT() REPRESENTATION_CONTEXT('2D SPACE',''
  ) );
#4271 = CARTESIAN_POINT('',(6.34185520064,-10.52989866018));
#4272 = CARTESIAN_POINT('',(4.712388980385,1.570796326795));
#4273 = CARTESIAN_POINT('',(0.,6.137821559286,-3.919688740306));
#4274 = EDGE_LOOP('',(#776,#5738,#1466,#5661));
#4275 = SURFACE_CURVE('',#3447,(#6451,#6068),.PCURVE_S1.);
#4276 = DEFINITIONAL_REPRESENTATION('',(#3042),#6997);
#4277 = DIRECTION('',(0.,1.,1.351732578683E-16));
#4278 = DEFINITIONAL_REPRESENTATION('',(#6398),#4469);
#4279 = CYLINDRICAL_SURFACE('',#3249,3.175);
#4280 = DEFINITIONAL_REPRESENTATION('',(#3649),#8468);
#4281 = LINE('',#1147,#4974);
#4282 = AXIS2_PLACEMENT_3D('',#1102,#1017,#6942);
#4283 = DIRECTION('',(1.,0.,0.));
#4284 = CARTESIAN_POINT('',(3.710944738469,3.599850062674));
#4285 = VECTOR('',#6885,1.);
#4286 = LINE('',#4610,#3336);
#4287 = CARTESIAN_POINT('',(6.28318530718,0.));
#4288 = DIRECTION('',(1.,0.));
#4289 = ( GEOMETRIC_REPRESENTATION_CONTEXT(2) 
PARAMETRIC_REPRESENTATION_CONTEXT() REPRESENTATION_CONTEXT('2D SPACE',''
  ) );
#4290 = DEFINITIONAL_REPRESENTATION('',(#1908),#1946);
#4291 = CIRCLE('',#389,3.175);
#4292 = CARTESIAN_POINT('',(0.962141346301,5.351262358229));
#4293 = LINE('',#872,#1481);
#4294 = EDGE_CURVE('',#4774,#2583,#5575,.T.);
#4295 = ORIENTED_EDGE('',*,*,#7324,.T.);
#4296 = CARTESIAN_POINT('',(5.391605322386,4.952048934532));
#4297 = CARTESIAN_POINT('',(1.175197641778,3.177462258137));
#4298 = DEFINITIONAL_REPRESENTATION('',(#4119),#5885);
#4299 = CIRCLE('',#7035,3.81);
#4300 = ADVANCED_FACE('',(#8875,#7777),#8421,.T.);
#4301 = VERTEX_POINT('',#7708);
#4302 = CARTESIAN_POINT('',(6.386533057553E-16,-12.565,-18.75));
#4303 = CARTESIAN_POINT('',(0.797475477914,1.794837562534));
#4304 = CARTESIAN_POINT('',(-3.013987042999,0.,-0.391196756557));
#4305 = PCURVE('',#3242,#8684);
#4306 = ( GEOMETRIC_REPRESENTATION_CONTEXT(2) 
PARAMETRIC_REPRESENTATION_CONTEXT() REPRESENTATION_CONTEXT('2D SPACE',''
  ) );
#4307 = DIRECTION('',(1.,0.));
#4308 = CARTESIAN_POINT('',(3.14159265359,0.));
#4309 = FACE_BOUND('',#2483,.T.);
#4310 = CARTESIAN_POINT('',(0.666465269084,3.912610924321));
#4311 = CARTESIAN_POINT('',(1.139447062869,-1.834946415217,
    -4.311624500108));
#4312 = PCURVE('',#3178,#7368);
#4313 = VECTOR('',#7040,1.);
#4314 = ORIENTED_EDGE('',*,*,#469,.F.);
#4315 = ORIENTED_EDGE('',*,*,#6960,.F.);
#4316 = ORIENTED_EDGE('',*,*,#190,.T.);
#4317 = DIRECTION('',(0.,-0.,1.));
#4318 = DIRECTION('',(-1.,1.130863886743E-15));
#4319 = CARTESIAN_POINT('',(2.640454868366E-03,1.440105080724E-05));
#4320 = ADVANCED_FACE('',(#4910),#8407,.T.);
#4321 = DIRECTION('',(0.,1.,1.351732578683E-16));
#4322 = ORIENTED_EDGE('',*,*,#1673,.T.);
#4323 = DIRECTION('',(0.,1.,1.351732578683E-16));
#4324 = CARTESIAN_POINT('',(4.109654811165,4.357902991669));
#4325 = ORIENTED_EDGE('',*,*,#8618,.F.);
#4326 = VECTOR('',#1354,1.);
#4327 = ORIENTED_EDGE('',*,*,#5237,.F.);
#4328 = PCURVE('',#381,#6497);
#4329 = FACE_BOUND('',#3787,.T.);
#4330 = CARTESIAN_POINT('',(4.444743490632,-1.043774622051));
#4331 = DEFINITIONAL_REPRESENTATION('',(#1399),#142);
#4332 = VERTEX_POINT('',#198);
#4333 = CARTESIAN_POINT('',(5.689403950272,-0.520268320479));
#4334 = ( GEOMETRIC_REPRESENTATION_CONTEXT(2) 
PARAMETRIC_REPRESENTATION_CONTEXT() REPRESENTATION_CONTEXT('2D SPACE',''
  ) );
#4335 = CARTESIAN_POINT('',(4.092771151758,0.932366534753));
#4336 = ORIENTED_EDGE('',*,*,#7625,.T.);
#4337 = CARTESIAN_POINT('',(5.059153085525,2.178325564737));
#4338 = CARTESIAN_POINT('',(5.082602951199,3.987058772933));
#4339 = CARTESIAN_POINT('',(1.713242631156,-16.21839613326));
#4340 = VECTOR('',#7165,1.);
#4341 = CIRCLE('',#8292,8.1);
#4342 = VECTOR('',#7265,1.);
#4343 = DIRECTION('',(0.,1.));
#4344 = DIRECTION('',(-0.,1.351732578683E-16,-1.));
#4345 = CARTESIAN_POINT('',(4.160710731139,4.72993210239));
#4346 = CARTESIAN_POINT('',(4.531159912637,1.055118052155));
#4347 = CARTESIAN_POINT('',(-2.04,0.));
#4348 = PCURVE('',#3365,#8153);
#4349 = CARTESIAN_POINT('',(0.,-7.35,-16.75));
#4350 = CYLINDRICAL_SURFACE('',#4113,5.715);
#4351 = CARTESIAN_POINT('',(2.95,-2.49));
#4352 = AXIS2_PLACEMENT_3D('',#8266,#4093,#1821);
#4353 = ( GEOMETRIC_REPRESENTATION_CONTEXT(2) 
PARAMETRIC_REPRESENTATION_CONTEXT() REPRESENTATION_CONTEXT('2D SPACE',''
  ) );
#4354 = AXIS2_PLACEMENT_3D('',#1040,#5416,#1405);
#4355 = CARTESIAN_POINT('',(4.440892098501E-16,6.599113576837));
#4356 = LINE('',#6616,#2979);
#4357 = CARTESIAN_POINT('',(1.425981677486,-1.962821559286,
    -4.675360523871));
#4358 = CARTESIAN_POINT('',(6.65,7.35));
#4359 = CARTESIAN_POINT('',(5.063130957344,4.085842321141));
#4360 = ADVANCED_FACE('',(#6363),#5618,.T.);
#4361 = VECTOR('',#4572,1.);
#4362 = CARTESIAN_POINT('',(6.998856457127E-16,1.635,-17.75));
#4363 = CIRCLE('',#6815,6.6475);
#4364 = CARTESIAN_POINT('',(0.943001067405,5.106431885079));
#4365 = ( GEOMETRIC_REPRESENTATION_CONTEXT(2) 
PARAMETRIC_REPRESENTATION_CONTEXT() REPRESENTATION_CONTEXT('2D SPACE',''
  ) );
#4366 = LINE('',#4308,#8769);
#4367 = CARTESIAN_POINT('',(0.,-7.35,-19.25));
#4368 = ORIENTED_EDGE('',*,*,#8296,.T.);
#4369 = CARTESIAN_POINT('',(-3.81,-6.6475));
#4370 = PCURVE('',#5618,#6012);
#4371 = CARTESIAN_POINT('',(1.781408365114E-02,2.814425362107));
#4372 = DIRECTION('',(1.7763568394E-15,-0.618211514736,-0.786011783021)
  );
#4373 = CARTESIAN_POINT('',(1.884711328453,0.409363658022));
#4374 = CARTESIAN_POINT('',(1.884711328453,0.5));
#4375 = CARTESIAN_POINT('',(0.,1.570796326795));
#4376 = CARTESIAN_POINT('',(-1.110223024625E-16,3.14159265359));
#4377 = DEFINITIONAL_REPRESENTATION('',(#2560),#4101);
#4378 = CARTESIAN_POINT('',(9.97125,-5.756903871657));
#4379 = CARTESIAN_POINT('',(1.447233202742,-16.20087896539));
#4380 = CARTESIAN_POINT('',(5.704713497078,0.477908481161));
#4381 = CARTESIAN_POINT('',(4.712388980385,-2.998792987518));
#4382 = CARTESIAN_POINT('',(12.550216040496,6.421787231187));
#4383 = CARTESIAN_POINT('',(4.712388980385,3.569991651807));
#4384 = LINE('',#4003,#1378);
#4385 = CARTESIAN_POINT('',(0.,-11.35601061548,-0.504165652631));
#4386 = ORIENTED_EDGE('',*,*,#3170,.T.);
#4387 = CARTESIAN_POINT('',(4.969142043016,4.624895098086));
#4388 = AXIS2_PLACEMENT_3D('',#2251,#3290,#7914);
#4389 = CARTESIAN_POINT('',(-22.8,0.));
#4390 = EDGE_CURVE('',#4940,#968,#3569,.T.);
#4391 = CARTESIAN_POINT('',(-3.81,-4.838642316258E-02));
#4392 = CARTESIAN_POINT('',(-3.074730903601,0.541475027498,
    -0.550274198322));
#4393 = DIRECTION('',(1.,-1.130863886743E-15));
#4394 = CARTESIAN_POINT('',(5.616720038095,6.28318530718));
#4395 = CARTESIAN_POINT('',(4.099073943358,4.429454657307));
#4396 = CARTESIAN_POINT('',(3.965221956398,4.740002132683));
#4397 = CARTESIAN_POINT('',(4.398473978727,0.635971788236));
#4398 = CARTESIAN_POINT('',(5.212281340155,-2.068985334401));
#4399 = CARTESIAN_POINT('',(-1.139447062869,1.834946415217,
    -4.311624500108));
#4400 = PCURVE('',#7270,#6774);
#4401 = CARTESIAN_POINT('',(6.28318530718,-7.606593346466));
#4402 = SURFACE_CURVE('',#6297,(#1303,#4305),.PCURVE_S1.);
#4403 = CIRCLE('',#2963,5.215);
#4404 = CARTESIAN_POINT('',(17.13,-13.49480577065));
#4405 = VERTEX_POINT('',#4756);
#4406 = CIRCLE('',#5190,3.175);
#4407 = CARTESIAN_POINT('',(4.712388980385,-16.14847478826));
#4408 = DIRECTION('',(-1.,0.));
#4409 = CARTESIAN_POINT('',(0.,-7.35,-18.75));
#4410 = DEFINITIONAL_REPRESENTATION('',(#3299),#2870);
#4411 = CARTESIAN_POINT('',(3.888253587293E-16,-1.962821559286,
    -4.675360523871));
#4412 = PCURVE('',#4879,#3959);
#4413 = CARTESIAN_POINT('',(4.541643236198,-16.24946225243));
#4414 = ( GEOMETRIC_REPRESENTATION_CONTEXT(2) 
PARAMETRIC_REPRESENTATION_CONTEXT() REPRESENTATION_CONTEXT('2D SPACE',''
  ) );
#4415 = ( GEOMETRIC_REPRESENTATION_CONTEXT(2) 
PARAMETRIC_REPRESENTATION_CONTEXT() REPRESENTATION_CONTEXT('2D SPACE',''
  ) );
#4416 = CARTESIAN_POINT('',(3.169583837072,-0.186374285037,0.84542774981
    ));
#4417 = SURFACE_CURVE('',#1457,(#66,#4370),.PCURVE_S1.);
#4418 = CARTESIAN_POINT('',(0.957336398494,5.41919399289));
#4419 = CARTESIAN_POINT('',(2.475127384505,-1.427996660723));
#4420 = CARTESIAN_POINT('',(1.171022668308,3.308126205908));
#4421 = CARTESIAN_POINT('',(8.140839597332E-16,0.7025,-15.25));
#4422 = CARTESIAN_POINT('',(3.994295346411E-03,0.182409579328));
#4423 = CARTESIAN_POINT('',(3.994295346411E-03,0.273288159136));
#4424 = CARTESIAN_POINT('',(-1.425981677486,-1.962821559286,
    -4.675360523871));
#4425 = B_SPLINE_CURVE_WITH_KNOTS('',3,(#6595,#3730,#8868,#5245,#839,
    #6426,#8565,#502,#5705,#483,#6391,#7622,#6945,#3665,#3009,#4015,
    #8628,#5378,#4955,#8883,#2403,#8891,#1504,#7306,#8732),
  .UNSPECIFIED.,.F.,.F.,(4,1,1,1,1,1,1,1,1,1,1,1,1,1,1,1,1,1,1,1,1,1,4),
  (3.14159265359,3.198723622914,3.255854592239,3.312985561563,
    3.370116530887,3.427247500212,3.484378469536,3.541509438861,
    3.598640408185,3.655771377509,3.712902346834,3.770033316158,
    3.827164285483,3.884295254807,3.941426224131,3.998557193456,
    4.05568816278,4.112819132105,4.169950101429,4.227081070753,
    4.284212040078,4.341343009402,4.398473978727),
  .QUASI_UNIFORM_KNOTS.);
#4426 = CARTESIAN_POINT('',(3.159930525179,5.880473224851E-13,
    0.845046196769));
#4427 = SURFACE_CURVE('',#4605,(#6802,#7974),.PCURVE_S1.);
#4428 = DIRECTION('',(-0.,1.351732578683E-16,-1.));
#4429 = DIRECTION('',(0.,0.,-1.));
#4430 = CIRCLE('',#8693,3.81);
#4431 = DIRECTION('',(1.,0.));
#4432 = EDGE_CURVE('',#7271,#6601,#2998,.T.);
#4433 = B_SPLINE_CURVE_WITH_KNOTS('',3,(#6036,#5769,#344,#6100),
  .UNSPECIFIED.,.F.,.F.,(4,4),(1.981131159943E-07,1.692509481677E-03),
  .PIECEWISE_BEZIER_KNOTS.);
#4434 = CARTESIAN_POINT('',(-5.215,0.,18.75));
#4435 = CARTESIAN_POINT('',(4.712388980385,3.784191150915));
#4436 = CARTESIAN_POINT('',(0.,0.,0.));
#4437 = CARTESIAN_POINT('',(4.25782852282,-3.304713971857));
#4438 = CARTESIAN_POINT('',(5.332006809011,0.932366534753));
#4439 = CARTESIAN_POINT('',(0.,0.));
#4440 = B_SPLINE_CURVE_WITH_KNOTS('',3,(#239,#703,#7691,#8644,#8882,
    #1784,#4881,#6576,#6339,#1412),.UNSPECIFIED.,.F.,.F.,(4,2,2,2,4),(
    6.857096618314E-19,8.340109082621E-04,1.668021816524E-03,
    2.502032724786E-03,3.336043633048E-03),.UNSPECIFIED.);
#4441 = CARTESIAN_POINT('',(5.067240350972,4.06633437959));
#4442 = DEFINITIONAL_REPRESENTATION('',(#3836),#3921);
#4443 = PCURVE('',#8059,#2034);
#4444 = CARTESIAN_POINT('',(5.117625311612,3.391331769887));
#4445 = DEFINITIONAL_REPRESENTATION('',(#1782),#5440);
#4446 = DIRECTION('',(1.,0.));
#4447 = ( GEOMETRIC_REPRESENTATION_CONTEXT(2) 
PARAMETRIC_REPRESENTATION_CONTEXT() REPRESENTATION_CONTEXT('2D SPACE',''
  ) );
#4448 = CIRCLE('',#2227,3.175);
#4449 = DEFINITIONAL_REPRESENTATION('',(#3539),#2267);
#4450 = EDGE_CURVE('',#8624,#181,#4994,.T.);
#4451 = SURFACE_CURVE('',#1254,(#4718,#60),.PCURVE_S1.);
#4452 = CARTESIAN_POINT('',(3.14159265359,0.));
#4453 = CARTESIAN_POINT('',(-7.5525,-3.182643358908));
#4454 = CARTESIAN_POINT('',(0.,-7.35,-19.25));
#4455 = DIRECTION('',(-1.,0.,0.));
#4456 = DEFINITIONAL_REPRESENTATION('',(#5229),#3813);
#4457 = VERTEX_POINT('',#7530);
#4458 = CARTESIAN_POINT('',(3.994295346411E-03,0.409363658022));
#4459 = CARTESIAN_POINT('',(4.712388980385,-2.427594323228));
#4460 = ( GEOMETRIC_REPRESENTATION_CONTEXT(2) 
PARAMETRIC_REPRESENTATION_CONTEXT() REPRESENTATION_CONTEXT('2D SPACE',''
  ) );
#4461 = LINE('',#8299,#4342);
#4462 = CARTESIAN_POINT('',(1.884711328453,0.273288159136));
#4463 = EDGE_CURVE('',#3269,#7105,#7328,.T.);
#4464 = CARTESIAN_POINT('',(3.32375,-12.40440387165));
#4465 = ( GEOMETRIC_REPRESENTATION_CONTEXT(2) 
PARAMETRIC_REPRESENTATION_CONTEXT() REPRESENTATION_CONTEXT('2D SPACE',''
  ) );
#4466 = CARTESIAN_POINT('',(3.808057922674,3.912610924321));
#4467 = VECTOR('',#4215,1.);
#4468 = CIRCLE('',#7239,0.5);
#4469 = ( GEOMETRIC_REPRESENTATION_CONTEXT(2) 
PARAMETRIC_REPRESENTATION_CONTEXT() REPRESENTATION_CONTEXT('2D SPACE',''
  ) );
#4470 = CARTESIAN_POINT('',(2.917139056838,-0.801664288284,
    -1.372492466177));
#4471 = CARTESIAN_POINT('',(6.209918664742,6.494579075681,-2.45));
#4472 = SURFACE_CURVE('',#3359,(#5636,#3411),.PCURVE_S1.);
#4473 = DIRECTION('',(1.,0.));
#4474 = DEFINITIONAL_REPRESENTATION('',(#7856),#954);
#4475 = PCURVE('',#4923,#160);
#4476 = ORIENTED_EDGE('',*,*,#6867,.T.);
#4477 = PCURVE('',#2384,#8412);
#4478 = CARTESIAN_POINT('',(4.917710484895,-16.29536604948));
#4479 = CARTESIAN_POINT('',(1.200486475588,3.986450004785));
#4480 = ( BOUNDED_CURVE() B_SPLINE_CURVE(2,(#5287,#7823,#8277,#8903,
#710,#8475,#6336),.UNSPECIFIED.,.T.,.F.) B_SPLINE_CURVE_WITH_KNOTS((1,2
    ,2,2,2,1),(-2.094395102393,0.,2.094395102393,4.188790204786,
6.28318530718,8.377580409573),.UNSPECIFIED.) CURVE() 
GEOMETRIC_REPRESENTATION_ITEM() RATIONAL_B_SPLINE_CURVE((1.,0.5,1.,0.5,
1.,0.5,1.)) REPRESENTATION_ITEM('') );
#4481 = CARTESIAN_POINT('',(4.981660718749,1.745974775545));
#4482 = CARTESIAN_POINT('',(0.791180200282,4.916446588486));
#4483 = PCURVE('',#5627,#6665);
#4484 = PCURVE('',#5600,#5758);
#4485 = DEFINITIONAL_REPRESENTATION('',(#6307),#7006);
#4486 = VERTEX_POINT('',#2957);
#4487 = AXIS2_PLACEMENT_3D('',#4575,#8171,#8173);
#4488 = DEFINITIONAL_REPRESENTATION('',(#453),#89);
#4489 = LINE('',#2014,#5512);
#4490 = CARTESIAN_POINT('',(1.092754160149,5.509992602816));
#4491 = DIRECTION('',(1.,-2.6645352591E-15,0.));
#4492 = EDGE_CURVE('',#1311,#6423,#2446,.T.);
#4493 = CARTESIAN_POINT('',(0.,0.));
#4494 = DIRECTION('',(0.,1.,1.351732578683E-16));
#4495 = ( GEOMETRIC_REPRESENTATION_CONTEXT(2) 
PARAMETRIC_REPRESENTATION_CONTEXT() REPRESENTATION_CONTEXT('2D SPACE',''
  ) );
#4496 = DIRECTION('',(0.,1.,1.351732578683E-16));
#4497 = VECTOR('',#2976,1.);
#4498 = CARTESIAN_POINT('',(5.312599034745,-0.575910307097));
#4499 = DIRECTION('',(-1.,5.654319433713E-16));
#4500 = LINE('',#1643,#8022);
#4501 = CARTESIAN_POINT('',(2.475127384505,2.284794657156));
#4502 = CARTESIAN_POINT('',(1.224041391401,2.178281588279));
#4503 = CARTESIAN_POINT('',(6.48,-3.194960758366,-2.45));
#4504 = CARTESIAN_POINT('',(8.881784197001E-16,11.513807743314));
#4505 = CARTESIAN_POINT('',(3.84598179347,0.723496032555));
#4506 = ORIENTED_EDGE('',*,*,#5690,.T.);
#4507 = CARTESIAN_POINT('',(0.,-16.3));
#4508 = CARTESIAN_POINT('',(1.166470311187,3.379413911654));
#4509 = PCURVE('',#7833,#7754);
#4510 = CARTESIAN_POINT('',(5.578003326678,4.334232934576));
#4511 = PCURVE('',#1343,#1847);
#4512 = DEFINITIONAL_REPRESENTATION('',(#3355),#7592);
#4513 = EDGE_CURVE('',#4916,#5820,#1862,.T.);
#4514 = DIRECTION('',(0.,-1.));
#4515 = ( GEOMETRIC_REPRESENTATION_CONTEXT(2) 
PARAMETRIC_REPRESENTATION_CONTEXT() REPRESENTATION_CONTEXT('2D SPACE',''
  ) );
#4516 = CARTESIAN_POINT('',(4.980034470137,-1.043774622051));
#4517 = CARTESIAN_POINT('',(4.712388980385,2.284794657156));
#4518 = DEFINITIONAL_REPRESENTATION('',(#1775),#2743);
#4519 = ( GEOMETRIC_REPRESENTATION_CONTEXT(2) 
PARAMETRIC_REPRESENTATION_CONTEXT() REPRESENTATION_CONTEXT('2D SPACE',''
  ) );
#4520 = ( GEOMETRIC_REPRESENTATION_CONTEXT(2) 
PARAMETRIC_REPRESENTATION_CONTEXT() REPRESENTATION_CONTEXT('2D SPACE',''
  ) );
#4521 = DEFINITIONAL_REPRESENTATION('',(#819),#2621);
#4522 = CARTESIAN_POINT('',(0.89237452211,4.691210340679));
#4523 = EDGE_LOOP('',(#5950,#939));
#4524 = ( GEOMETRIC_REPRESENTATION_CONTEXT(2) 
PARAMETRIC_REPRESENTATION_CONTEXT() REPRESENTATION_CONTEXT('2D SPACE',''
  ) );
#4525 = PCURVE('',#2173,#4591);
#4526 = ( GEOMETRIC_REPRESENTATION_CONTEXT(2) 
PARAMETRIC_REPRESENTATION_CONTEXT() REPRESENTATION_CONTEXT('2D SPACE',''
  ) );
#4527 = CARTESIAN_POINT('',(4.302548183332,0.625147602708));
#4528 = DEFINITIONAL_REPRESENTATION('',(#2644),#3441);
#4529 = CARTESIAN_POINT('',(-0.166274924617,1.962821559286,
    -4.675360523871));
#4530 = ( GEOMETRIC_REPRESENTATION_CONTEXT(2) 
PARAMETRIC_REPRESENTATION_CONTEXT() REPRESENTATION_CONTEXT('2D SPACE',''
  ) );
#4531 = CARTESIAN_POINT('',(3.994295346411E-03,0.545314716778));
#4532 = ( GEOMETRIC_REPRESENTATION_CONTEXT(2) 
PARAMETRIC_REPRESENTATION_CONTEXT() REPRESENTATION_CONTEXT('2D SPACE',''
  ) );
#4533 = EDGE_LOOP('',(#2881,#4017));
#4534 = DIRECTION('',(0.,1.));
#4535 = CARTESIAN_POINT('',(8.1,0.,19.25));
#4536 = PCURVE('',#3647,#6062);
#4537 = DIRECTION('',(0.,1.,1.351732578683E-16));
#4538 = CARTESIAN_POINT('',(4.683695160313,-16.15114437459));
#4539 = CARTESIAN_POINT('',(0.,0.7025,-16.75));
#4540 = AXIS2_PLACEMENT_3D('',#3641,#1980,#3970);
#4541 = PCURVE('',#6107,#215);
#4542 = VERTEX_POINT('',#5372);
#4543 = VECTOR('',#797,1.);
#4544 = CARTESIAN_POINT('',(3.159406737241,2.814425362107));
#4545 = CARTESIAN_POINT('',(4.162593834781,4.712388980385));
#4546 = VECTOR('',#5228,1.);
#4547 = DIRECTION('',(1.,0.));
#4548 = ORIENTED_EDGE('',*,*,#787,.F.);
#4549 = PCURVE('',#5828,#7102);
#4550 = CARTESIAN_POINT('',(-3.122016975398,0.,0.305193366153));
#4551 = CARTESIAN_POINT('',(-6.6475,0.));
#4552 = EDGE_CURVE('',#7158,#4086,#3619,.T.);
#4553 = CARTESIAN_POINT('',(3.32375,-12.40440387165));
#4554 = CARTESIAN_POINT('',(1.74154207098,-16.24946225243));
#4555 = CARTESIAN_POINT('',(2.806555996098,3.089499603979));
#4556 = PCURVE('',#6692,#7886);
#4557 = CARTESIAN_POINT('',(11.43,9.331808609503E-16));
#4558 = CARTESIAN_POINT('',(2.454065507753,1.000010424554));
#4559 = CARTESIAN_POINT('',(4.760139729385,-16.15608638764));
#4560 = B_SPLINE_CURVE_WITH_KNOTS('',3,(#7443,#1069,#6095,#1224,#1947,
    #146,#4600,#255,#7882,#7269,#3607,#3945,#8461,#411,#6766,#2084,
    #6681,#8233,#841,#4110,#7922,#3102,#2559,#1738,#714),
  .UNSPECIFIED.,.F.,.F.,(4,1,1,1,1,1,1,1,1,1,1,1,1,1,1,1,1,1,1,1,1,1,4),
  (1.11250560896E-06,2.023755558186E-04,4.036386060283E-04,
    6.049016562379E-04,8.061647064476E-04,1.007427756657E-03,
    1.208690806867E-03,1.409953857077E-03,1.611216907286E-03,
    1.812479957496E-03,2.013743007705E-03,2.215006057915E-03,
    2.416269108125E-03,2.617532158334E-03,2.818795208544E-03,
    3.020058258754E-03,3.221321308963E-03,3.422584359173E-03,
    3.623847409383E-03,3.825110459592E-03,4.026373509802E-03,
    4.227636560012E-03,4.428899610221E-03),.QUASI_UNIFORM_KNOTS.);
#4561 = ORIENTED_EDGE('',*,*,#3090,.T.);
#4562 = SURFACE_CURVE('',#1487,(#3035,#774),.PCURVE_S1.);
#4563 = ( GEOMETRIC_REPRESENTATION_CONTEXT(2) 
PARAMETRIC_REPRESENTATION_CONTEXT() REPRESENTATION_CONTEXT('2D SPACE',''
  ) );
#4564 = AXIS2_PLACEMENT_3D('',#6673,#5427,#834);
#4565 = ( GEOMETRIC_REPRESENTATION_CONTEXT(2) 
PARAMETRIC_REPRESENTATION_CONTEXT() REPRESENTATION_CONTEXT('2D SPACE',''
  ) );
#4566 = CARTESIAN_POINT('',(5.240444817907,5.395849787041));
#4567 = LINE('',#7932,#6202);
#4568 = FACE_BOUND('',#7350,.T.);
#4569 = CARTESIAN_POINT('',(1.010409355793,8.525453963178));
#4570 = CARTESIAN_POINT('',(5.910841617055,-4.290722477598,2.45));
#4571 = CARTESIAN_POINT('',(0.,13.9975,-16.75));
#4572 = DIRECTION('',(-1.,0.));
#4573 = AXIS2_PLACEMENT_3D('',#431,#1780,#7990);
#4574 = ORIENTED_EDGE('',*,*,#7402,.T.);
#4575 = CARTESIAN_POINT('',(0.,7.35,-24.25));
#4576 = CARTESIAN_POINT('',(-3.169579896812,0.18643582596,0.845146208869
    ));
#4577 = PCURVE('',#2433,#4801);
#4578 = DIRECTION('',(0.,1.));
#4579 = CIRCLE('',#5552,0.5);
#4580 = CARTESIAN_POINT('',(0.666465269084,2.456243079607));
#4581 = CLOSED_SHELL('',(#7032,#351,#5365,#1280,#3081,#3272,#3159,#1248,#2177,
    #6203,#6822,#2980,#2679,#7824,#6272,#4257,#6895,#5068,#4097,#2807,
    #689,#1318,#2577,#4089,#5020,#8746,#8395,#7515,#5577,#6330,#48,
    #2344,#1555,#8886,#959,#8117,#6906,#4681,#489,#6763,#4891,#5401,
    #451,#2563,#4088,#8308,#2513,#1126,#893,#1093,#8791,#6217,#5986,
    #7463,#1654,#5055,#4360,#4033,#7615,#7851,#2077,#4300,#2192,#1660,
    #8734,#8853,#3443,#4235,#4729,#2263,#5080,#4320,#8178,#6276,#963,
    #2823,#7094,#3939,#6179,#5349,#3476,#6777,#6568,#5679,#2911,#7498,
    #6282,#7651,#3726,#5175,#2960,#29,#7733,#3502,#8827,#5010,#8434,
    #1012,#5908,#6119,#8039,#3311,#1619,#8472,#2526,#1198,#1305,#8499));
#4582 = CARTESIAN_POINT('',(0.,13.9975,-19.25));
#4583 = CARTESIAN_POINT('',(1.163755550069,3.413627952383));
#4584 = CARTESIAN_POINT('',(-6.48,2.541895167316,-2.770972322327));
#4585 = CARTESIAN_POINT('',(6.28318530718,-9.690537915919E-16));
#4586 = CARTESIAN_POINT('',(0.,12.565,-19.25));
#4587 = ( GEOMETRIC_REPRESENTATION_CONTEXT(2) 
PARAMETRIC_REPRESENTATION_CONTEXT() REPRESENTATION_CONTEXT('2D SPACE',''
  ) );
#4588 = FACE_BOUND('',#5030,.T.);
#4589 = DIRECTION('',(0.,-0.,1.));
#4590 = EDGE_CURVE('',#993,#1016,#90,.T.);
#4591 = DEFINITIONAL_REPRESENTATION('',(#165),#7376);
#4592 = DEFINITIONAL_REPRESENTATION('',(#4641),#7776);
#4593 = CARTESIAN_POINT('',(0.917617626423,5.030557219898));
#4594 = B_SPLINE_CURVE_WITH_KNOTS('',3,(#8002,#1138,#8180,#5100,#8536,
    #7522,#7672,#4481,#76,#2139,#3484,#6793,#8720,#6233,#3462,#1349,
    #8715,#2155,#7339,#3507,#2413,#2754,#4337,#158,#8554),
  .UNSPECIFIED.,.F.,.F.,(4,1,1,1,1,1,1,1,1,1,1,1,1,1,1,1,1,1,1,1,1,1,4),
  (4.080304047103E-02,4.099665096853E-02,4.119026146602E-02,
    4.138387196352E-02,4.157748246101E-02,4.177109295851E-02,
    4.1964703456E-02,4.21583139535E-02,4.235192445099E-02,
    4.254553494849E-02,4.273914544598E-02,4.293275594348E-02,
    4.312636644097E-02,4.331997693847E-02,4.351358743596E-02,
    4.370719793346E-02,4.390080843095E-02,4.409441892845E-02,
    4.428802942594E-02,4.448163992344E-02,4.467525042093E-02,
    4.486886091842E-02,4.506247141592E-02),.QUASI_UNIFORM_KNOTS.);
#4595 = CARTESIAN_POINT('',(6.48,-14.08,5.597522006608));
#4596 = DEFINITIONAL_REPRESENTATION('',(#2953),#5936);
#4597 = CARTESIAN_POINT('',(-6.341782848694,-4.66938356008));
#4598 = PCURVE('',#2224,#7636);
#4599 = CARTESIAN_POINT('',(4.712388980385,-3.14159265359));
#4600 = CARTESIAN_POINT('',(1.159058308255,2.72455472126));
#4601 = CARTESIAN_POINT('',(4.742903419188,-1.063609283324));
#4602 = CARTESIAN_POINT('',(-0.563546627209,-1.466643429228E-13,
    -3.144371162295));
#4603 = CARTESIAN_POINT('',(1.149955051307,1.52324866011));
#4604 = DIRECTION('',(-1.346112899774E-32,0.786011783021,0.618211514736)
  );
#4605 = LINE('',#3895,#6347);
#4606 = DEFINITIONAL_REPRESENTATION('',(#3389),#6659);
#4607 = LINE('',#2042,#5525);
#4608 = DIRECTION('',(0.,0.,-1.));
#4609 = CARTESIAN_POINT('',(4.495740057937,6.259059488022));
#4610 = CARTESIAN_POINT('',(0.,1.570796326795));
#4611 = CARTESIAN_POINT('',(0.,7.35,-15.75));
#4612 = EDGE_CURVE('',#8681,#387,#8496,.T.);
#4613 = ( GEOMETRIC_REPRESENTATION_CONTEXT(2) 
PARAMETRIC_REPRESENTATION_CONTEXT() REPRESENTATION_CONTEXT('2D SPACE',''
  ) );
#4614 = EDGE_CURVE('',#6723,#8265,#3372,.T.);
#4615 = CARTESIAN_POINT('',(5.123736185823,3.589727301632));
#4616 = EDGE_LOOP('',(#8095,#1179));
#4617 = ( BOUNDED_CURVE() B_SPLINE_CURVE(2,(#3707,#2163,#2871,#4013,
#2147,#8863,#6892),.UNSPECIFIED.,.T.,.F.) B_SPLINE_CURVE_WITH_KNOTS((1,2
    ,2,2,2,1),(-2.094395102393,0.,2.094395102393,4.188790204786,
6.28318530718,8.377580409573),.UNSPECIFIED.) CURVE() 
GEOMETRIC_REPRESENTATION_ITEM() RATIONAL_B_SPLINE_CURVE((1.,0.5,1.,0.5,
1.,0.5,1.)) REPRESENTATION_ITEM('') );
#4618 = PCURVE('',#8229,#1355);
#4619 = VECTOR('',#5655,1.);
#4620 = CARTESIAN_POINT('',(2.22044604925E-16,4.712388980385));
#4621 = ( GEOMETRIC_REPRESENTATION_CONTEXT(2) 
PARAMETRIC_REPRESENTATION_CONTEXT() REPRESENTATION_CONTEXT('2D SPACE',''
  ) );
#4622 = ORIENTED_EDGE('',*,*,#5208,.F.);
#4623 = DIRECTION('',(1.,0.));
#4624 = DIRECTION('',(1.,0.));
#4625 = PLANE('',#119);
#4626 = ORIENTED_EDGE('',*,*,#1082,.T.);
#4627 = AXIS2_PLACEMENT_3D('',#1686,#2747,#6549);
#4628 = CARTESIAN_POINT('',(3.14159265359,0.));
#4629 = ORIENTED_EDGE('',*,*,#5690,.F.);
#4630 = CARTESIAN_POINT('',(4.099073943358,-4.429454657307));
#4631 = ( BOUNDED_CURVE() B_SPLINE_CURVE(3,(#6527,#5131,#7623,#3595),
.UNSPECIFIED.,.F.,.F.) B_SPLINE_CURVE_WITH_KNOTS((4,4),(4.04623578975,
4.278947763711),.PIECEWISE_BEZIER_KNOTS.) CURVE() 
GEOMETRIC_REPRESENTATION_ITEM() RATIONAL_B_SPLINE_CURVE((1.,
0.995492184046,0.995492184046,1.)) REPRESENTATION_ITEM('') );
#4632 = CARTESIAN_POINT('',(0.,-7.35,-5.597522006608));
#4633 = CARTESIAN_POINT('',(-1.425981677486,1.962821559286,
    -4.675360523871));
#4634 = CARTESIAN_POINT('',(6.34185520064,-2.929898660181,2.45));
#4635 = CARTESIAN_POINT('',(4.579382028549,-16.2093192397));
#4636 = ORIENTED_EDGE('',*,*,#3978,.F.);
#4637 = VECTOR('',#7999,1.);
#4638 = EDGE_LOOP('',(#948,#727,#3407,#5169,#8057));
#4639 = DIRECTION('',(0.,-1.,-1.25431921618E-16));
#4640 = EDGE_CURVE('',#8265,#968,#2819,.T.);
#4641 = LINE('',#2737,#646);
#4642 = CARTESIAN_POINT('',(2.475127384505,2.427594323228));
#4643 = DIRECTION('',(-1.351732578683E-16,1.));
#4644 = CARTESIAN_POINT('',(2.977465298259,0.999998902954));
#4645 = AXIS2_PLACEMENT_3D('',#2987,#2295,#282);
#4646 = ( GEOMETRIC_REPRESENTATION_CONTEXT(2) 
PARAMETRIC_REPRESENTATION_CONTEXT() REPRESENTATION_CONTEXT('2D SPACE',''
  ) );
#4647 = DEFINITIONAL_REPRESENTATION('',(#6917),#6630);
#4648 = LINE('',#6602,#2505);
#4649 = CARTESIAN_POINT('',(-6.48,3.007033176826,-2.475423985937));
#4650 = EDGE_LOOP('',(#1247,#4776));
#4651 = DIRECTION('',(0.,1.));
#4652 = AXIS2_PLACEMENT_3D('',#3625,#5767,#4667);
#4653 = CARTESIAN_POINT('',(4.712388980385,1.999195325012));
#4654 = ( GEOMETRIC_REPRESENTATION_CONTEXT(2) 
PARAMETRIC_REPRESENTATION_CONTEXT() REPRESENTATION_CONTEXT('2D SPACE',''
  ) );
#4655 = CARTESIAN_POINT('',(6.28318530718,-0.5));
#4656 = CARTESIAN_POINT('',(5.616720038095,0.142799666072));
#4657 = EDGE_LOOP('',(#7057,#2701,#5090,#3380));
#4658 = CARTESIAN_POINT('',(6.28318530718,1.570796326795));
#4659 = LINE('',#6425,#3967);
#4660 = CARTESIAN_POINT('',(0.,-4.175,-6.415276151398));
#4661 = CARTESIAN_POINT('',(0.791164299866,1.366727367694));
#4662 = EDGE_CURVE('',#8301,#8316,#6456,.T.);
#4663 = DEFINITIONAL_REPRESENTATION('',(#4366),#2213);
#4664 = ( BOUNDED_CURVE() B_SPLINE_CURVE(2,(#8777,#498,#7973,#5377,
#6579,#7206,#8888),.UNSPECIFIED.,.T.,.F.) B_SPLINE_CURVE_WITH_KNOTS((1,2
    ,2,2,2,1),(-2.094395102393,0.,2.094395102393,4.188790204786,
6.28318530718,8.377580409573),.UNSPECIFIED.) CURVE() 
GEOMETRIC_REPRESENTATION_ITEM() RATIONAL_B_SPLINE_CURVE((1.,0.5,1.,0.5,
1.,0.5,1.)) REPRESENTATION_ITEM('') );
#4665 = ORIENTED_EDGE('',*,*,#2073,.F.);
#4666 = CARTESIAN_POINT('',(-2.04,6.365286717816));
#4667 = DIRECTION('',(1.,0.,-0.));
#4668 = CARTESIAN_POINT('',(0.,0.));
#4669 = FACE_BOUND('',#796,.F.);
#4670 = VECTOR('',#1749,1.);
#4671 = CARTESIAN_POINT('',(6.28318530718,8.881784197001E-16));
#4672 = CARTESIAN_POINT('',(4.452956413181,-0.650214772893));
#4673 = CARTESIAN_POINT('',(4.500576986867E-16,3.675,-19.25));
#4674 = CARTESIAN_POINT('',(4.521606154844,1.561863110772));
#4675 = ( GEOMETRIC_REPRESENTATION_CONTEXT(2) 
PARAMETRIC_REPRESENTATION_CONTEXT() REPRESENTATION_CONTEXT('2D SPACE',''
  ) );
#4676 = CARTESIAN_POINT('',(1.171626974112,2.986919468666));
#4677 = CARTESIAN_POINT('',(18.5,6.581793068762));
#4678 = VECTOR('',#3329,1.);
#4679 = ( GEOMETRIC_REPRESENTATION_CONTEXT(2) 
PARAMETRIC_REPRESENTATION_CONTEXT() REPRESENTATION_CONTEXT('2D SPACE',''
  ) );
#4680 = CARTESIAN_POINT('',(4.835952104436,-16.20087896539));
#4681 = ADVANCED_FACE('',(#3971,#2481),#625,.F.);
#4682 = CARTESIAN_POINT('',(0.,3.593989384512,-2.643356353977));
#4683 = ORIENTED_EDGE('',*,*,#291,.T.);
#4684 = CARTESIAN_POINT('',(2.219747985944,4.788770765417));
#4685 = ( GEOMETRIC_REPRESENTATION_CONTEXT(2) 
PARAMETRIC_REPRESENTATION_CONTEXT() REPRESENTATION_CONTEXT('2D SPACE',''
  ) );
#4686 = CARTESIAN_POINT('',(-6.6475,0.,16.75));
#4687 = ORIENTED_EDGE('',*,*,#905,.F.);
#4688 = CARTESIAN_POINT('',(-6.48,-3.194960758366,-2.45));
#4689 = CARTESIAN_POINT('',(-2.906431352357E-05,1.084330517966));
#4690 = ORIENTED_EDGE('',*,*,#7332,.T.);
#4691 = CARTESIAN_POINT('',(-22.8,0.));
#4692 = CARTESIAN_POINT('',(4.056791917206,-4.710002219318));
#4693 = CARTESIAN_POINT('',(5.489441189884,-0.511264810981));
#4694 = DIRECTION('',(0.,1.));
#4695 = ORIENTED_EDGE('',*,*,#4904,.F.);
#4696 = DIRECTION('',(-8.274892189285E-17,-0.786011783021,
    -0.618211514736));
#4697 = CARTESIAN_POINT('',(4.398473978727,0.726711840864));
#4698 = CARTESIAN_POINT('',(1.570796326795,2.141994991084));
#4699 = ORIENTED_EDGE('',*,*,#1184,.F.);
#4700 = CARTESIAN_POINT('',(2.051765588318E-03,1.000074367845));
#4701 = ORIENTED_EDGE('',*,*,#2187,.T.);
#4702 = CARTESIAN_POINT('',(3.160977454095,0.260802063768,0.523076255164
    ));
#4703 = AXIS2_PLACEMENT_2D('',#3523,#2598);
#4704 = DIRECTION('',(1.,0.,0.));
#4705 = DIRECTION('',(-1.,1.130863886743E-15));
#4706 = LINE('',#7881,#6853);
#4707 = CARTESIAN_POINT('',(2.475127384505,0.571198664289));
#4708 = B_SPLINE_CURVE_WITH_KNOTS('',3,(#2741,#704,#5845,#5706,#6049,
    #8017,#3648,#2618,#3271,#3428,#7017,#8544,#143,#3115,#853,#6735,
    #6293,#5560,#2840,#8021,#8275,#136,#2917,#3276,#3024),
  .UNSPECIFIED.,.F.,.F.,(4,1,1,1,1,1,1,1,1,1,1,1,1,1,1,1,1,1,1,1,1,1,4),
  (1.570796326795,1.656465023543,1.742133720291,1.827802417038,
    1.913471113786,1.999139810534,2.084808507282,2.17047720403,
    2.256145900778,2.341814597526,2.427483294274,2.513151991021,
    2.598820687769,2.684489384517,2.770158081265,2.855826778013,
    2.941495474761,3.027164171509,3.112832868256,3.198501565004,
    3.284170261752,3.3698389585,3.455507655248),.QUASI_UNIFORM_KNOTS.);
#4709 = DEFINITIONAL_REPRESENTATION('',(#8709),#3574);
#4710 = CARTESIAN_POINT('',(5.108875700601,3.058110399705));
#4711 = ( BOUNDED_CURVE() B_SPLINE_CURVE(2,(#167,#7123,#2632,#2331,
#5681,#6765,#2880),.UNSPECIFIED.,.T.,.F.) B_SPLINE_CURVE_WITH_KNOTS((1,2
    ,2,2,2,1),(-2.094395102393,0.,2.094395102393,4.188790204786,
6.28318530718,8.377580409573),.UNSPECIFIED.) CURVE() 
GEOMETRIC_REPRESENTATION_ITEM() RATIONAL_B_SPLINE_CURVE((1.,0.5,1.,0.5,
1.,0.5,1.)) REPRESENTATION_ITEM('') );
#4712 = DIRECTION('',(0.,1.));
#4713 = PCURVE('',#2280,#980);
#4714 = CARTESIAN_POINT('',(3.175,1.612403413174E-15,2.45));
#4715 = VECTOR('',#8764,1.);
#4716 = CARTESIAN_POINT('',(3.195346517111,-1.841478709653E-06));
#4717 = CARTESIAN_POINT('',(5.445350678368,4.567947590198));
#4718 = PCURVE('',#5793,#2035);
#4719 = B_SPLINE_CURVE_WITH_KNOTS('',3,(#6518,#5915,#6499,#3086,#7839,
    #6761,#6866,#4684,#4055,#1702,#7147,#2975,#640,#2781,#1754,#3043,
    #8167,#4555,#5513,#7862,#3996,#7318,#3281,#85,#565),
  .UNSPECIFIED.,.F.,.F.,(4,1,1,1,1,1,1,1,1,1,1,1,1,1,1,1,1,1,1,1,1,1,4),
  (1.884711328453,1.941842297777,1.998973267102,2.056104236426,
    2.113235205751,2.170366175075,2.227497144399,2.284628113724,
    2.341759083048,2.398890052373,2.456021021697,2.513151991021,
    2.570282960346,2.62741392967,2.684544898995,2.741675868319,
    2.798806837643,2.855937806968,2.913068776292,2.970199745617,
    3.027330714941,3.084461684265,3.14159265359),.QUASI_UNIFORM_KNOTS.);
#4720 = CARTESIAN_POINT('',(3.808057922674,3.170148885839));
#4721 = CARTESIAN_POINT('',(4.721970644562,-16.14867965727));
#4722 = CARTESIAN_POINT('',(5.316114542383,5.285645816109));
#4723 = CARTESIAN_POINT('',(3.051812239284,-7.450020897277,
    2.709419567753));
#4724 = CIRCLE('',#2396,8.1);
#4725 = CARTESIAN_POINT('',(2.475127384505,1.427996660723));
#4726 = CARTESIAN_POINT('',(3.994295346411E-03,0.227869668412));
#4727 = CARTESIAN_POINT('',(0.,6.067978769025,-4.589190701346));
#4728 = PCURVE('',#8421,#7288);
#4729 = ADVANCED_FACE('',(#698),#5657,.T.);
#4730 = CIRCLE('',#1076,5.215);
#4731 = CARTESIAN_POINT('',(-6.48,-2.489999999999,-2.857027607038));
#4732 = DIRECTION('',(0.,1.));
#4733 = CARTESIAN_POINT('',(0.,-7.35,-15.75));
#4734 = ( NAMED_UNIT(*) SI_UNIT($,.STERADIAN.) SOLID_ANGLE_UNIT() );
#4735 = CARTESIAN_POINT('',(0.,13.9975,-15.25));
#4736 = LINE('',#1512,#6841);
#4737 = ( GEOMETRIC_REPRESENTATION_CONTEXT(2) 
PARAMETRIC_REPRESENTATION_CONTEXT() REPRESENTATION_CONTEXT('2D SPACE',''
  ) );
#4738 = CARTESIAN_POINT('',(-0.400488309409,5.880767364025));
#4739 = ( GEOMETRIC_REPRESENTATION_CONTEXT(2) 
PARAMETRIC_REPRESENTATION_CONTEXT() REPRESENTATION_CONTEXT('2D SPACE',''
  ) );
#4740 = AXIS2_PLACEMENT_3D('',#5522,#2650,#8527);
#4741 = CARTESIAN_POINT('',(4.183770717658,3.84250120086));
#4742 = CARTESIAN_POINT('',(0.,0.,2.95));
#4743 = EDGE_CURVE('',#1560,#488,#2038,.T.);
#4744 = ( BOUNDED_CURVE() B_SPLINE_CURVE(2,(#624,#2926,#6998,#3266,
#1950,#2552,#8673),.UNSPECIFIED.,.T.,.F.) B_SPLINE_CURVE_WITH_KNOTS((1,2
    ,2,2,2,1),(-2.094395102393,0.,2.094395102393,4.188790204786,
6.28318530718,8.377580409573),.UNSPECIFIED.) CURVE() 
GEOMETRIC_REPRESENTATION_ITEM() RATIONAL_B_SPLINE_CURVE((1.,0.5,1.,0.5,
1.,0.5,1.)) REPRESENTATION_ITEM('') );
#4745 = ORIENTED_EDGE('',*,*,#284,.T.);
#4746 = FACE_BOUND('',#8473,.T.);
#4747 = DEFINITIONAL_REPRESENTATION('',(#947),#6408);
#4748 = VECTOR('',#766,1.);
#4749 = CARTESIAN_POINT('',(-1.905,0.));
#4750 = DIRECTION('',(1.,-5.654319433713E-16));
#4751 = LINE('',#7707,#7624);
#4752 = DEFINITIONAL_REPRESENTATION('',(#2473),#8302);
#4753 = PCURVE('',#5003,#4246);
#4754 = CARTESIAN_POINT('',(6.229431416971,2.819195825252));
#4755 = CARTESIAN_POINT('',(3.172441808275,-0.139917994412,
    1.065852415212));
#4756 = CARTESIAN_POINT('',(3.888253587293E-16,-1.962821559286,
    -4.675360523871));
#4757 = DIRECTION('',(0.,0.,1.));
#4758 = TOROIDAL_SURFACE('',#6295,7.6,0.5);
#4759 = LINE('',#180,#1119);
#4760 = LINE('',#1976,#4030);
#4761 = CARTESIAN_POINT('',(5.212281340155,-13.13101466559));
#4762 = CARTESIAN_POINT('',(3.778449111959E-04,-1.12792460612E-02));
#4763 = CARTESIAN_POINT('',(4.056791917206,4.710002219318));
#4764 = ( GEOMETRIC_REPRESENTATION_CONTEXT(2) 
PARAMETRIC_REPRESENTATION_CONTEXT() REPRESENTATION_CONTEXT('2D SPACE',''
  ) );
#4765 = CARTESIAN_POINT('',(5.305928220132,5.160442424941));
#4766 = CARTESIAN_POINT('',(4.712388980385,2.570393989301));
#4767 = LINE('',#6511,#4715);
#4768 = PCURVE('',#3749,#3552);
#4769 = CARTESIAN_POINT('',(7.62,-6.6475));
#4770 = EDGE_CURVE('',#7259,#235,#4997,.T.);
#4771 = CARTESIAN_POINT('',(3.994295346411E-03,1.));
#4772 = ORIENTED_EDGE('',*,*,#6078,.F.);
#4773 = ( GEOMETRIC_REPRESENTATION_CONTEXT(2) 
PARAMETRIC_REPRESENTATION_CONTEXT() REPRESENTATION_CONTEXT('2D SPACE',''
  ) );
#4774 = VERTEX_POINT('',#2296);
#4775 = DEFINITIONAL_REPRESENTATION('',(#5553),#3797);
#4776 = ORIENTED_EDGE('',*,*,#1146,.T.);
#4777 = DEFINITIONAL_REPRESENTATION('',(#2553),#1315);
#4778 = CARTESIAN_POINT('',(6.28318530718,-1.570796326795));
#4779 = CARTESIAN_POINT('',(-5.212281340155,-5.531014665599,2.45));
#4780 = VERTEX_POINT('',#1581);
#4781 = VECTOR('',#7734,1.);
#4782 = ORIENTED_EDGE('',*,*,#5964,.F.);
#4783 = CARTESIAN_POINT('',(0.277457139972,3.002814500478));
#4784 = CARTESIAN_POINT('',(5.384943174759,-0.90172836319));
#4785 = VECTOR('',#1529,1.);
#4786 = DIRECTION('',(8.659560562355E-17,0.707106781187,0.707106781187)
  );
#4787 = PCURVE('',#1443,#8453);
#4788 = DEFINITIONAL_REPRESENTATION('',(#79),#475);
#4789 = CARTESIAN_POINT('',(1.599490146866,-16.15114437459));
#4790 = DIRECTION('',(-0.,1.351732578683E-16,-1.));
#4791 = CARTESIAN_POINT('',(5.077097168295,4.016880120353));
#4792 = CARTESIAN_POINT('',(1.15463194561E-14,-11.51380774331));
#4793 = CARTESIAN_POINT('',(4.503923543373,6.28318530718));
#4794 = DEFINITIONAL_REPRESENTATION('',(#3922),#1350);
#4795 = AXIS2_PLACEMENT_3D('',#1208,#1890,#210);
#4796 = FACE_BOUND('',#269,.T.);
#4797 = AXIS2_PLACEMENT_2D('',#7430,#6122);
#4798 = CARTESIAN_POINT('',(1.628056975722,-16.15949031082));
#4799 = EDGE_LOOP('',(#785,#8024,#3023,#192,#6621));
#4800 = EDGE_LOOP('',(#8133,#2939,#6803,#843));
#4801 = DEFINITIONAL_REPRESENTATION('',(#4972),#2835);
#4802 = CARTESIAN_POINT('',(0.,0.,15.25));
#4803 = CYLINDRICAL_SURFACE('',#4652,3.175);
#4804 = ( GEOMETRIC_REPRESENTATION_CONTEXT(2) 
PARAMETRIC_REPRESENTATION_CONTEXT() REPRESENTATION_CONTEXT('2D SPACE',''
  ) );
#4805 = CARTESIAN_POINT('',(6.48,0.));
#4806 = LINE('',#1178,#7275);
#4807 = DEFINITIONAL_REPRESENTATION('',(#4868),#3358);
#4808 = CARTESIAN_POINT('',(4.120238643824,-4.285808147356));
#4809 = LINE('',#4805,#6487);
#4810 = CARTESIAN_POINT('',(5.122229777437,-0.625147602708));
#4811 = CARTESIAN_POINT('',(2.475127384505,0.));
#4812 = CARTESIAN_POINT('',(0.,3.81,17.75));
#4813 = EDGE_LOOP('',(#8111,#2596));
#4814 = DIRECTION('',(0.,1.));
#4815 = DEFINITIONAL_REPRESENTATION('',(#6105),#391);
#4816 = ( GEOMETRIC_REPRESENTATION_CONTEXT(2) 
PARAMETRIC_REPRESENTATION_CONTEXT() REPRESENTATION_CONTEXT('2D SPACE',''
  ) );
#4817 = DIRECTION('',(0.,1.,1.351732578683E-16));
#4818 = CARTESIAN_POINT('',(0.666465269084,1.285437557386));
#4819 = CARTESIAN_POINT('',(5.408386295139,1.633947742494));
#4820 = CARTESIAN_POINT('',(0.,-1.5));
#4821 = CARTESIAN_POINT('',(4.712388980385,4.141190316096));
#4822 = ( BOUNDED_CURVE() B_SPLINE_CURVE(2,(#6460,#4828,#2253,#3828,
#3397,#700,#5018),.UNSPECIFIED.,.T.,.F.) B_SPLINE_CURVE_WITH_KNOTS((1,2
    ,2,2,2,1),(-2.094395102393,0.,2.094395102393,4.188790204786,
6.28318530718,8.377580409573),.UNSPECIFIED.) CURVE() 
GEOMETRIC_REPRESENTATION_ITEM() RATIONAL_B_SPLINE_CURVE((1.,0.5,1.,0.5,
1.,0.5,1.)) REPRESENTATION_ITEM('') );
#4823 = PCURVE('',#5913,#828);
#4824 = CARTESIAN_POINT('',(5.190918825705,5.535697890532));
#4825 = SURFACE_CURVE('',#1623,(#522,#5437),.PCURVE_S1.);
#4826 = ( GEOMETRIC_REPRESENTATION_CONTEXT(2) 
PARAMETRIC_REPRESENTATION_CONTEXT() REPRESENTATION_CONTEXT('2D SPACE',''
  ) );
#4827 = LINE('',#6151,#108);
#4828 = CARTESIAN_POINT('',(-1.905,9.898670365256));
#4829 = DIRECTION('',(0.,1.));
#4830 = CARTESIAN_POINT('',(4.636141377527,-16.168171852));
#4831 = DEFINITIONAL_REPRESENTATION('',(#8799),#6513);
#4832 = ORIENTED_EDGE('',*,*,#3088,.F.);
#4833 = CARTESIAN_POINT('',(1.289063837777,6.076025146863));
#4834 = ORIENTED_EDGE('',*,*,#8790,.T.);
#4835 = LINE('',#4037,#8377);
#4836 = CARTESIAN_POINT('',(6.28318530718,3.14159265359));
#4837 = VECTOR('',#924,1.);
#4838 = ORIENTED_EDGE('',*,*,#5260,.F.);
#4839 = CARTESIAN_POINT('',(0.,-1.5));
#4840 = LINE('',#2924,#5057);
#4841 = CARTESIAN_POINT('',(0.,7.35,-18.75));
#4842 = DIRECTION('',(0.,1.));
#4843 = ( GEOMETRIC_REPRESENTATION_CONTEXT(2) 
PARAMETRIC_REPRESENTATION_CONTEXT() REPRESENTATION_CONTEXT('2D SPACE',''
  ) );
#4844 = DIRECTION('',(0.,-0.,1.));
#4845 = FACE_BOUND('',#685,.T.);
#4846 = CARTESIAN_POINT('',(3.175,8.501231668442E-14,2.110032358532));
#4847 = LINE('',#1400,#5464);
#4848 = CARTESIAN_POINT('',(1.340235480476E-03,-1.046803544367E-05));
#4849 = ORIENTED_EDGE('',*,*,#2377,.T.);
#4850 = DEFINITIONAL_REPRESENTATION('',(#8101),#1533);
#4851 = DEFINITIONAL_REPRESENTATION('',(#4975),#6818);
#4852 = SURFACE_CURVE('',#3634,(#6353,#2063),.PCURVE_S1.);
#4853 = CARTESIAN_POINT('',(-0.332548164794,-1.954730071952,
    -4.652344593364));
#4854 = CARTESIAN_POINT('',(1.258252434558,4.27851889204));
#4855 = CIRCLE('',#7893,6.48);
#4856 = CARTESIAN_POINT('',(0.,-3.675,-19.25));
#4857 = CARTESIAN_POINT('',(-6.2005435024,6.471778262053,-2.45));
#4858 = ORIENTED_EDGE('',*,*,#2452,.F.);
#4859 = CARTESIAN_POINT('',(-3.173852175476,8.887060134589E-02,
    1.339294590397));
#4860 = DIRECTION('',(0.,1.,1.351732578683E-16));
#4861 = DIRECTION('',(-1.,0.));
#4862 = SURFACE_CURVE('',#3952,(#3809,#7048),.PCURVE_S1.);
#4863 = ORIENTED_EDGE('',*,*,#6154,.T.);
#4864 = DIRECTION('',(0.,-0.,1.));
#4865 = CARTESIAN_POINT('',(-1.7763568394E-15,0.));
#4866 = SURFACE_CURVE('',#8808,(#1056,#8049),.PCURVE_S1.);
#4867 = CARTESIAN_POINT('',(3.808057922674,5.026303982043));
#4868 = ( BOUNDED_CURVE() B_SPLINE_CURVE(2,(#1583,#1246,#3388,#2201,
#7772,#575,#6226),.UNSPECIFIED.,.T.,.F.) B_SPLINE_CURVE_WITH_KNOTS((1,2
    ,2,2,2,1),(-2.094395102393,0.,2.094395102393,4.188790204786,
6.28318530718,8.377580409573),.UNSPECIFIED.) CURVE() 
GEOMETRIC_REPRESENTATION_ITEM() RATIONAL_B_SPLINE_CURVE((1.,0.5,1.,0.5,
1.,0.5,1.)) REPRESENTATION_ITEM('') );
#4869 = LINE('',#4585,#7816);
#4870 = CARTESIAN_POINT('',(0.925762377051,9.09980775565));
#4871 = CIRCLE('',#5477,8.1);
#4872 = EDGE_CURVE('',#3454,#8685,#1120,.T.);
#4873 = DEFINITIONAL_REPRESENTATION('',(#8697),#7357);
#4874 = ORIENTED_EDGE('',*,*,#5263,.F.);
#4875 = CARTESIAN_POINT('',(0.,-3.54,-17.75));
#4876 = AXIS2_PLACEMENT_2D('',#6085,#1073);
#4877 = PCURVE('',#381,#5614);
#4878 = CARTESIAN_POINT('',(-6.48,3.378904433283,-2.45));
#4879 = PLANE('',#2180);
#4880 = CARTESIAN_POINT('',(3.994295346411E-03,4.570959776891E-02));
#4881 = CARTESIAN_POINT('',(-3.173853018665,-8.884267250459E-02,
    1.339458096184));
#4882 = DIRECTION('',(-0.,1.351732578683E-16,-1.));
#4883 = CARTESIAN_POINT('',(2.317955158012,4.740040870188));
#4884 = VECTOR('',#6538,1.);
#4885 = PCURVE('',#342,#6268);
#4886 = CARTESIAN_POINT('',(1.175042867689,3.093800857461));
#4887 = DEFINITIONAL_REPRESENTATION('',(#7428),#8696);
#4888 = CARTESIAN_POINT('',(3.808057922674,1.256881325137));
#4889 = PCURVE('',#2945,#6812);
#4890 = B_SPLINE_CURVE_WITH_KNOTS('',3,(#332,#1650,#5909,#7023,#5764,
    #2183,#8450,#950,#5601,#3361,#5991,#6882,#3745,#1607,#1530,#7119,
    #3027,#252,#3957,#152,#476,#5734,#4656,#6365,#6856),
  .UNSPECIFIED.,.F.,.F.,(4,1,1,1,1,1,1,1,1,1,1,1,1,1,1,1,1,1,1,1,1,1,4),
  (1.570796326795,1.713595992867,1.856395658939,1.999195325012,
    2.141994991084,2.284794657156,2.427594323228,2.570393989301,
    2.713193655373,2.855993321445,2.998792987518,3.14159265359,
    3.284392319662,3.427191985734,3.569991651807,3.712791317879,
    3.855590983951,3.998390650023,4.141190316096,4.283989982168,
    4.42678964824,4.569589314312,4.712388980385),.QUASI_UNIFORM_KNOTS.);
#4891 = ADVANCED_FACE('',(#2111),#1617,.T.);
#4892 = ORIENTED_EDGE('',*,*,#5465,.F.);
#4893 = ( GEOMETRIC_REPRESENTATION_CONTEXT(2) 
PARAMETRIC_REPRESENTATION_CONTEXT() REPRESENTATION_CONTEXT('2D SPACE',''
  ) );
#4894 = B_SPLINE_CURVE_WITH_KNOTS('',3,(#8205,#5493,#1295,#5007,#2184,
    #5879,#6780,#7857,#1751,#4580,#3621,#7459,#5252,#3165,#566,#5756,
    #5973,#1331,#3278,#5547,#4983,#506,#1239,#4818,#6267),
  .UNSPECIFIED.,.F.,.F.,(4,1,1,1,1,1,1,1,1,1,1,1,1,1,1,1,1,1,1,1,1,1,4),
  (4.712388980385,4.798057677133,4.88372637388,4.969395070628,
    5.055063767376,5.140732464124,5.226401160872,5.31206985762,
    5.397738554368,5.483407251115,5.569075947863,5.654744644611,
    5.740413341359,5.826082038107,5.911750734855,5.997419431603,
    6.083088128351,6.168756825098,6.254425521846,6.340094218594,
    6.425762915342,6.51143161209,6.597100308838),.QUASI_UNIFORM_KNOTS.);
#4895 = LINE('',#6838,#1129);
#4896 = DEFINITIONAL_REPRESENTATION('',(#1462),#7387);
#4897 = DEFINITIONAL_REPRESENTATION('',(#1709),#6635);
#4898 = CARTESIAN_POINT('',(-5.212281340155,5.531014665599,2.45));
#4899 = CARTESIAN_POINT('',(5.572735320167,-0.474127500466));
#4900 = ( GEOMETRIC_REPRESENTATION_CONTEXT(2) 
PARAMETRIC_REPRESENTATION_CONTEXT() REPRESENTATION_CONTEXT('2D SPACE',''
  ) );
#4901 = DIRECTION('',(1.,-5.654319433713E-16));
#4902 = SURFACE_CURVE('',#2503,(#3660,#3588),.PCURVE_S1.);
#4903 = CARTESIAN_POINT('',(5.184,-1.126163241215,-15.25));
#4904 = EDGE_CURVE('',#543,#5213,#2751,.T.);
#4905 = DIRECTION('',(1.,5.654319433713E-16));
#4906 = CARTESIAN_POINT('',(-6.48,-14.08,5.597522006608));
#4907 = CARTESIAN_POINT('',(3.808057922674,3.227261350338));
#4908 = SURFACE_CURVE('',#3132,(#1905,#7416),.PCURVE_S1.);
#4909 = EDGE_LOOP('',(#8533,#4314,#1601,#3116,#8246,#2039,#2453));
#4910 = FACE_BOUND('',#7235,.T.);
#4911 = CARTESIAN_POINT('',(4.049753777858,4.755780326702));
#4912 = AXIS2_PLACEMENT_3D('',#8090,#7701,#653);
#4913 = VECTOR('',#399,1.);
#4914 = B_SPLINE_CURVE_WITH_KNOTS('',3,(#5322,#6796,#4502,#2978,#1920,
    #3873,#2830,#2459,#7888,#896,#7121,#2581,#4264,#5240,#6175,#5281,
    #868,#2925,#2260,#3942,#258,#3887,#8175,#1084,#2623),
  .UNSPECIFIED.,.F.,.F.,(4,1,1,1,1,1,1,1,1,1,1,1,1,1,1,1,1,1,1,1,1,1,4),
  (3.161314112012E-03,3.355041753108E-03,3.548769394205E-03,
    3.742497035302E-03,3.936224676399E-03,4.129952317495E-03,
    4.323679958592E-03,4.517407599689E-03,4.711135240786E-03,
    4.904862881882E-03,5.098590522979E-03,5.292318164076E-03,
    5.486045805173E-03,5.679773446269E-03,5.873501087366E-03,
    6.067228728463E-03,6.26095636956E-03,6.454684010656E-03,
    6.648411651753E-03,6.84213929285E-03,7.035866933947E-03,
    7.229594575043E-03,7.42332221614E-03),.QUASI_UNIFORM_KNOTS.);
#4915 = DIRECTION('',(0.,0.,-1.));
#4916 = VERTEX_POINT('',#4673);
#4917 = DEFINITIONAL_REPRESENTATION('',(#8044),#4520);
#4918 = ORIENTED_EDGE('',*,*,#3108,.T.);
#4919 = DEFINITIONAL_REPRESENTATION('',(#1458),#752);
#4920 = VECTOR('',#2631,1.);
#4921 = CARTESIAN_POINT('',(-6.263378245014,6.154226636811,-2.45));
#4922 = CARTESIAN_POINT('',(0.,3.14159265359));
#4923 = CONICAL_SURFACE('',#538,6.6475,0.785398163397);
#4924 = SURFACE_CURVE('',#1629,(#4001,#3718),.PCURVE_S1.);
#4925 = ORIENTED_EDGE('',*,*,#2605,.F.);
#4926 = CARTESIAN_POINT('',(5.219026199074,0.602645021572));
#4927 = ( GEOMETRIC_REPRESENTATION_CONTEXT(2) 
PARAMETRIC_REPRESENTATION_CONTEXT() REPRESENTATION_CONTEXT('2D SPACE',''
  ) );
#4928 = CARTESIAN_POINT('',(-6.209918664742,-6.494579075681,-2.45));
#4929 = DIRECTION('',(-1.,0.,0.));
#4930 = DIRECTION('',(-0.,0.,1.));
#4931 = CARTESIAN_POINT('',(3.876701231893,-0.76174017412));
#4932 = CARTESIAN_POINT('',(-3.175734894098,0.,1.77188681712));
#4933 = ( GEOMETRIC_REPRESENTATION_CONTEXT(2) 
PARAMETRIC_REPRESENTATION_CONTEXT() REPRESENTATION_CONTEXT('2D SPACE',''
  ) );
#4934 = DIRECTION('',(-0.,1.351732578683E-16,-1.));
#4935 = LINE('',#7106,#6420);
#4936 = DIRECTION('',(0.,0.,-1.));
#4937 = CARTESIAN_POINT('',(-6.48,2.49,-2.95));
#4938 = CARTESIAN_POINT('',(0.,7.35,-17.75));
#4939 = SURFACE_CURVE('',#2231,(#7243,#2663),.PCURVE_S1.);
#4940 = VERTEX_POINT('',#7944);
#4941 = DIRECTION('',(1.,0.));
#4942 = VECTOR('',#628,1.);
#4943 = ( GEOMETRIC_REPRESENTATION_CONTEXT(2) 
PARAMETRIC_REPRESENTATION_CONTEXT() REPRESENTATION_CONTEXT('2D SPACE',''
  ) );
#4944 = CARTESIAN_POINT('',(0.,0.));
#4945 = DEFINITIONAL_REPRESENTATION('',(#4822),#7773);
#4946 = PCURVE('',#4803,#4278);
#4947 = DIRECTION('',(1.,0.));
#4948 = CARTESIAN_POINT('',(0.666465269084,3.826942227573));
#4949 = ORIENTED_EDGE('',*,*,#5943,.F.);
#4950 = DEFINITIONAL_REPRESENTATION('',(#4200),#6891);
#4951 = ORIENTED_EDGE('',*,*,#6238,.T.);
#4952 = CARTESIAN_POINT('',(0.,-16.3));
#4953 = VECTOR('',#225,1.);
#4954 = VECTOR('',#3860,1.);
#4955 = CARTESIAN_POINT('',(4.121016524196,1.000001420981));
#4956 = EDGE_LOOP('',(#4325,#814,#6631,#5549));
#4957 = DIRECTION('',(0.,1.,1.351732578683E-16));
#4958 = EDGE_LOOP('',(#5978,#8255));
#4959 = PCURVE('',#1617,#2449);
#4960 = ( GEOMETRIC_REPRESENTATION_CONTEXT(2) 
PARAMETRIC_REPRESENTATION_CONTEXT() REPRESENTATION_CONTEXT('2D SPACE',''
  ) );
#4961 = DEFINITIONAL_REPRESENTATION('',(#8493),#6002);
#4962 = CIRCLE('',#7486,5.664230328819);
#4963 = LINE('',#1642,#8392);
#4964 = VECTOR('',#2889,1.);
#4965 = CARTESIAN_POINT('',(5.773159728051E-15,-6.599113576837));
#4966 = CARTESIAN_POINT('',(0.,3.14159265359));
#4967 = CARTESIAN_POINT('',(0.,-3.175,2.45));
#4968 = DIRECTION('',(1.,0.));
#4969 = CARTESIAN_POINT('',(8.1,0.,2.95));
#4970 = CARTESIAN_POINT('',(3.092439999581,-0.502552092172,
    -0.403351879615));
#4971 = CARTESIAN_POINT('',(4.022024471411,-0.545320838762));
#4972 = LINE('',#3321,#6509);
#4973 = ( GEOMETRIC_REPRESENTATION_CONTEXT(2) 
PARAMETRIC_REPRESENTATION_CONTEXT() REPRESENTATION_CONTEXT('2D SPACE',''
  ) );
#4974 = VECTOR('',#5742,1.);
#4975 = LINE('',#3126,#981);
#4976 = ORIENTED_EDGE('',*,*,#11,.F.);
#4977 = CIRCLE('',#446,6.48);
#4978 = CARTESIAN_POINT('',(4.398473978727,0.));
#4979 = DEFINITIONAL_REPRESENTATION('',(#2841),#7510);
#4980 = VECTOR('',#3570,1.);
#4981 = ( GEOMETRIC_REPRESENTATION_CONTEXT(2) 
PARAMETRIC_REPRESENTATION_CONTEXT() REPRESENTATION_CONTEXT('2D SPACE',''
  ) );
#4982 = CARTESIAN_POINT('',(2.43,0.534805770654));
#4983 = CARTESIAN_POINT('',(0.666465269084,1.51388741538));
#4984 = VECTOR('',#2906,1.);
#4985 = VECTOR('',#4408,1.);
#4986 = PCURVE('',#8120,#1455);
#4987 = ( GEOMETRIC_REPRESENTATION_CONTEXT(2) 
PARAMETRIC_REPRESENTATION_CONTEXT() REPRESENTATION_CONTEXT('2D SPACE',''
  ) );
#4988 = PCURVE('',#8633,#2550);
#4989 = ORIENTED_EDGE('',*,*,#3308,.F.);
#4990 = LINE('',#528,#2752);
#4991 = CARTESIAN_POINT('',(1.905,-9.947056788419));
#4992 = PCURVE('',#2945,#2658);
#4993 = ( GEOMETRIC_REPRESENTATION_CONTEXT(2) 
PARAMETRIC_REPRESENTATION_CONTEXT() REPRESENTATION_CONTEXT('2D SPACE',''
  ) );
#4994 = SURFACE_CURVE('',#1199,(#3638,#5121),.PCURVE_S1.);
#4995 = DEFINITIONAL_REPRESENTATION('',(#8415),#8454);
#4996 = VECTOR('',#4623,1.);
#4997 = SURFACE_CURVE('',#237,(#6520,#8146),.PCURVE_S1.);
#4998 = DIRECTION('',(0.,1.));
#4999 = DEFINITIONAL_REPRESENTATION('',(#609),#852);
#5000 = CARTESIAN_POINT('',(5.041662383315,4.191221924717));
#5001 = DIRECTION('',(0.,1.));
#5002 = CARTESIAN_POINT('',(4.078282264031,5.801487046983));
#5003 = CYLINDRICAL_SURFACE('',#717,7.1475);
#5004 = CARTESIAN_POINT('',(-13.065,-9.001153973733E-16));
#5005 = ORIENTED_EDGE('',*,*,#7917,.F.);
#5006 = CIRCLE('',#3474,3.81);
#5007 = CARTESIAN_POINT('',(0.666465269084,2.970255260094));
#5008 = DEFINITIONAL_REPRESENTATION('',(#7553),#5857);
#5009 = SURFACE_CURVE('',#4363,(#3064,#920),.PCURVE_S1.);
#5010 = ADVANCED_FACE('',(#7968),#962,.F.);
#5011 = CARTESIAN_POINT('',(0.,-5.715));
#5012 = DEFINITIONAL_REPRESENTATION('',(#2072),#3554);
#5013 = CIRCLE('',#804,6.6475);
#5014 = PCURVE('',#2384,#5479);
#5015 = LINE('',#1604,#5266);
#5016 = CARTESIAN_POINT('',(4.246062867067,-6.62623566408,2.526517571618
    ));
#5017 = CARTESIAN_POINT('',(-3.051812239285,7.450020897277,
    2.709419567753));
#5018 = CARTESIAN_POINT('',(-1.905,0.));
#5019 = B_SPLINE_CURVE_WITH_KNOTS('',3,(#8670,#101,#231,#7391,#4084,
    #5224,#6824,#6778,#530,#8142),.UNSPECIFIED.,.F.,.F.,(4,2,2,2,4),(
    4.080304047103E-02,4.186789820726E-02,4.293275594348E-02,
    4.39976136797E-02,4.506247141592E-02),.UNSPECIFIED.);
#5020 = ADVANCED_FACE('',(#6722),#3681,.T.);
#5021 = ( BOUNDED_CURVE() B_SPLINE_CURVE(3,(#3326,#990,#4066,#8342),
.UNSPECIFIED.,.F.,.F.) B_SPLINE_CURVE_WITH_KNOTS((4,4),(5.145830197059,
5.378542171019),.PIECEWISE_BEZIER_KNOTS.) CURVE() 
GEOMETRIC_REPRESENTATION_ITEM() RATIONAL_B_SPLINE_CURVE((1.,
0.995492184046,0.995492184046,1.)) REPRESENTATION_ITEM('') );
#5022 = B_SPLINE_CURVE_WITH_KNOTS('',3,(#408,#2890,#4178,#7586,#1814,
    #1636,#4151,#4697,#1543,#4397,#7185,#3835,#7027,#99,#614,#605,
    #166,#6224,#974,#2081,#4034,#6142,#8237,#1781,#4978),
  .UNSPECIFIED.,.F.,.F.,(4,1,1,1,1,1,1,1,1,1,1,1,1,1,1,1,1,1,1,1,1,1,4),
  (2.949519592335,2.966980779722,2.984441967108,3.001903154495,
    3.019364341882,3.036825529269,3.054286716656,3.071747904043,
    3.089209091429,3.106670278816,3.124131466203,3.14159265359,
    3.159053840977,3.176515028363,3.19397621575,3.211437403137,
    3.228898590524,3.246359777911,3.263820965297,3.281282152684,
    3.298743340071,3.316204527458,3.333665714845),
  .QUASI_UNIFORM_KNOTS.);
#5023 = DEFINITIONAL_REPRESENTATION('',(#6344),#1058);
#5024 = CARTESIAN_POINT('',(4.742903419188,1.063609283324));
#5025 = DEFINITIONAL_REPRESENTATION('',(#3293),#1310);
#5026 = CIRCLE('',#3911,12.96);
#5027 = CARTESIAN_POINT('',(29.28,-20.5096115413));
#5028 = CARTESIAN_POINT('',(5.726085883246,-0.406412536038));
#5029 = CARTESIAN_POINT('',(4.626662615288,-16.17345261459));
#5030 = EDGE_LOOP('',(#516,#3696,#3414,#4188));
#5031 = DIRECTION('',(4.201200701837E-32,0.786011783021,-0.618211514736)
  );
#5032 = PCURVE('',#1194,#7544);
#5033 = SURFACE_CURVE('',#6903,(#346,#5270),.PCURVE_S1.);
#5034 = CARTESIAN_POINT('',(3.935336770885,0.511264810981));
#5035 = DIRECTION('',(0.,-0.,1.));
#5036 = VECTOR('',#4307,1.);
#5037 = AXIS2_PLACEMENT_3D('',#4273,#2996,#7061);
#5038 = DEFINITIONAL_REPRESENTATION('',(#2628),#8287);
#5039 = CARTESIAN_POINT('',(4.620908026633,-1.062041205194));
#5040 = PCURVE('',#6177,#3553);
#5041 = CARTESIAN_POINT('',(0.,0.,18.75));
#5042 = CARTESIAN_POINT('',(8.478762938325E-04,0.999997440402));
#5043 = PCURVE('',#8268,#2367);
#5044 = ( GEOMETRIC_REPRESENTATION_CONTEXT(2) 
PARAMETRIC_REPRESENTATION_CONTEXT() REPRESENTATION_CONTEXT('2D SPACE',''
  ) );
#5045 = CARTESIAN_POINT('',(0.,1.612403413174E-15,18.75));
#5046 = CARTESIAN_POINT('',(0.,7.35,-19.25));
#5047 = CARTESIAN_POINT('',(3.064188761768E-03,6.606401850422E-05));
#5048 = AXIS2_PLACEMENT_3D('',#3465,#5035,#6956);
#5049 = PCURVE('',#7718,#6949);
#5050 = CARTESIAN_POINT('',(5.110484052374,3.272547804982));
#5051 = CARTESIAN_POINT('',(5.117625311612,2.89185353729));
#5052 = CARTESIAN_POINT('',(0.,1.612403413174E-15,2.45));
#5053 = ORIENTED_EDGE('',*,*,#2704,.F.);
#5054 = CARTESIAN_POINT('',(5.691699747409,-0.413454058098));
#5055 = ADVANCED_FACE('',(#3473),#4758,.T.);
#5056 = DIRECTION('',(-0.,-1.,-3.469446951954E-16));
#5057 = VECTOR('',#2401,1.);
#5058 = DEFINITIONAL_REPRESENTATION('',(#4744),#4843);
#5059 = CARTESIAN_POINT('',(5.087961172116,2.326998189561));
#5060 = CARTESIAN_POINT('',(0.940206649524,5.718848000078));
#5061 = PCURVE('',#6429,#4187);
#5062 = DIRECTION('',(0.,1.,1.351732578683E-16));
#5063 = ORIENTED_EDGE('',*,*,#2485,.T.);
#5064 = CARTESIAN_POINT('',(1.161481040126,3.650080493326));
#5065 = CARTESIAN_POINT('',(0.,0.,17.75));
#5066 = SURFACE_CURVE('',#8722,(#3188,#8174),.PCURVE_S1.);
#5067 = ( GEOMETRIC_REPRESENTATION_CONTEXT(2) 
PARAMETRIC_REPRESENTATION_CONTEXT() REPRESENTATION_CONTEXT('2D SPACE',''
  ) );
#5068 = ADVANCED_FACE('',(#3426),#6107,.T.);
#5069 = PCURVE('',#8645,#1158);
#5070 = CARTESIAN_POINT('',(-3.175,2.001228771903E-15,2.45));
#5071 = CARTESIAN_POINT('',(2.43,0.534805770654));
#5072 = ORIENTED_EDGE('',*,*,#7092,.T.);
#5073 = VECTOR('',#8699,1.);
#5074 = DIRECTION('',(0.,1.));
#5075 = CARTESIAN_POINT('',(4.712388980385,-3.093992764899));
#5076 = CARTESIAN_POINT('',(4.088496631177,-4.500451626193));
#5077 = EDGE_CURVE('',#6745,#5707,#1876,.T.);
#5078 = DEFINITIONAL_REPRESENTATION('',(#6714),#6954);
#5079 = CARTESIAN_POINT('',(11.271309653643,6.48));
#5080 = ADVANCED_FACE('',(#6582,#6506),#4879,.T.);
#5081 = AXIS2_PLACEMENT_2D('',#4865,#724);
#5082 = CIRCLE('',#1835,7.6);
#5083 = SURFACE_CURVE('',#1169,(#6128,#3534),.PCURVE_S1.);
#5084 = DIRECTION('',(0.,1.));
#5085 = CARTESIAN_POINT('',(5.107811511012,3.129615573969));
#5086 = CIRCLE('',#6212,3.175);
#5087 = CARTESIAN_POINT('',(0.,1.962821559286,-4.675360523871));
#5088 = EDGE_CURVE('',#3437,#1700,#5712,.T.);
#5089 = CARTESIAN_POINT('',(6.48,2.49,-2.903113650524));
#5090 = ORIENTED_EDGE('',*,*,#1673,.F.);
#5091 = DEFINITIONAL_REPRESENTATION('',(#7403),#3532);
#5092 = CARTESIAN_POINT('',(0.957481289768,-8.888525997166));
#5093 = CARTESIAN_POINT('',(5.108586325336,3.069996221205));
#5094 = DIRECTION('',(-0.,1.351732578683E-16,-1.));
#5095 = CIRCLE('',#6102,6.6475);
#5096 = VECTOR('',#6488,1.);
#5097 = ORIENTED_EDGE('',*,*,#2615,.T.);
#5098 = DIRECTION('',(1.,0.,0.));
#5099 = EDGE_LOOP('',(#8614,#1066,#4223,#2193));
#5100 = CARTESIAN_POINT('',(4.965254215133,1.629450159265));
#5101 = ( GEOMETRIC_REPRESENTATION_CONTEXT(2) 
PARAMETRIC_REPRESENTATION_CONTEXT() REPRESENTATION_CONTEXT('2D SPACE',''
  ) );
#5102 = VECTOR('',#1038,1.);
#5103 = DEFINITIONAL_REPRESENTATION('',(#7340),#8542);
#5104 = DIRECTION('',(1.,0.,0.));
#5105 = VECTOR('',#5538,1.);
#5106 = CARTESIAN_POINT('',(-3.81,4.665904304751E-16,17.75));
#5107 = ( GEOMETRIC_REPRESENTATION_CONTEXT(2) 
PARAMETRIC_REPRESENTATION_CONTEXT() REPRESENTATION_CONTEXT('2D SPACE',''
  ) );
#5108 = CARTESIAN_POINT('',(3.195346543798,2.819195825252));
#5109 = PCURVE('',#8645,#8612);
#5110 = SURFACE_CURVE('',#3792,(#1024,#5984),.PCURVE_S1.);
#5111 = CARTESIAN_POINT('',(-3.061275233767,-0.557315368477,
    -0.615463322484));
#5112 = FACE_BOUND('',#721,.T.);
#5113 = VECTOR('',#1258,1.);
#5114 = CARTESIAN_POINT('',(2.120591472398,4.712388980385));
#5115 = VECTOR('',#1822,1.);
#5116 = PCURVE('',#1443,#5896);
#5117 = ORIENTED_EDGE('',*,*,#3578,.T.);
#5118 = CARTESIAN_POINT('',(0.936330810629,9.029953920276));
#5119 = EDGE_LOOP('',(#2907,#6727,#2785,#4561));
#5120 = CARTESIAN_POINT('',(4.109800746999,5.180706457515));
#5121 = PCURVE('',#3749,#1444);
#5122 = AXIS2_PLACEMENT_3D('',#6661,#6042,#7658);
#5123 = EDGE_CURVE('',#2583,#5888,#1010,.T.);
#5124 = DIRECTION('',(-0.,1.351732578683E-16,-1.));
#5125 = AXIS2_PLACEMENT_3D('',#249,#4163,#6427);
#5126 = CARTESIAN_POINT('',(3.14159265359,1.7763568394E-15));
#5127 = AXIS2_PLACEMENT_3D('',#6951,#1491,#3479);
#5128 = CARTESIAN_POINT('',(6.48,4.564418808068,-2.45));
#5129 = ( GEOMETRIC_REPRESENTATION_CONTEXT(2) 
PARAMETRIC_REPRESENTATION_CONTEXT() REPRESENTATION_CONTEXT('2D SPACE',''
  ) );
#5130 = CARTESIAN_POINT('',(3.993446436743E-03,0.817590420672));
#5131 = CARTESIAN_POINT('',(5.405934833294,-9.184882016696,-2.45));
#5132 = CARTESIAN_POINT('',(1.340219023353E-03,-1.051752473994E-05));
#5133 = DIRECTION('',(0.,0.,1.));
#5134 = AXIS2_PLACEMENT_2D('',#1956,#7278);
#5135 = LINE('',#2262,#7980);
#5136 = CIRCLE('',#7835,3.81);
#5137 = SURFACE_CURVE('',#779,(#65,#1748),.PCURVE_S1.);
#5138 = LINE('',#880,#3489);
#5139 = DIRECTION('',(1.,1.351732578683E-16));
#5140 = VERTEX_POINT('',#1739);
#5141 = CARTESIAN_POINT('',(0.752255540016,4.408533814505));
#5142 = DEFINITIONAL_REPRESENTATION('',(#1823),#877);
#5143 = VERTEX_POINT('',#2699);
#5144 = LINE('',#6519,#8535);
#5145 = DIRECTION('',(-0.,1.351732578683E-16,-1.));
#5146 = CARTESIAN_POINT('',(5.588687041553,0.));
#5147 = CARTESIAN_POINT('',(3.735374010497,0.520268320479));
#5148 = DIRECTION('',(1.,0.,0.));
#5149 = CARTESIAN_POINT('',(4.712388980385,2.427594323228));
#5150 = CARTESIAN_POINT('',(5.114241900503,3.34373305838));
#5151 = PCURVE('',#7976,#1910);
#5152 = DIRECTION('',(-1.,0.));
#5153 = CARTESIAN_POINT('',(4.712388980385,3.926990816987));
#5154 = ( GEOMETRIC_REPRESENTATION_CONTEXT(2) 
PARAMETRIC_REPRESENTATION_CONTEXT() REPRESENTATION_CONTEXT('2D SPACE',''
  ) );
#5155 = ( GEOMETRIC_REPRESENTATION_CONTEXT(2) 
PARAMETRIC_REPRESENTATION_CONTEXT() REPRESENTATION_CONTEXT('2D SPACE',''
  ) );
#5156 = VECTOR('',#3357,1.);
#5157 = CARTESIAN_POINT('',(2.438441388503E-03,-8.796207660385E-06));
#5158 = VERTEX_POINT('',#7739);
#5159 = CARTESIAN_POINT('',(4.094352654229,5.488689079234));
#5160 = DIRECTION('',(1.,0.));
#5161 = PCURVE('',#24,#3072);
#5162 = LINE('',#8290,#4361);
#5163 = DIRECTION('',(0.,-0.786011783021,-0.618211514736));
#5164 = CARTESIAN_POINT('',(-6.046328604778,-3.952999178733,2.45));
#5165 = CARTESIAN_POINT('',(17.13,0.534805770654));
#5166 = CARTESIAN_POINT('',(-6.452533623405,-2.219735723744,2.45));
#5167 = DEFINITIONAL_REPRESENTATION('',(#4041),#4270);
#5168 = CARTESIAN_POINT('',(-0.944030452638,1.903120463378E-13,
    -3.065897447889));
#5169 = ORIENTED_EDGE('',*,*,#5263,.T.);
#5170 = DIRECTION('',(1.,0.));
#5171 = ORIENTED_EDGE('',*,*,#2323,.F.);
#5172 = VECTOR('',#6131,1.);
#5173 = ORIENTED_EDGE('',*,*,#2982,.F.);
#5174 = ( GEOMETRIC_REPRESENTATION_CONTEXT(2) 
PARAMETRIC_REPRESENTATION_CONTEXT() REPRESENTATION_CONTEXT('2D SPACE',''
  ) );
#5175 = ADVANCED_FACE('',(#8156),#2945,.F.);
#5176 = CARTESIAN_POINT('',(0.,4.712388980385));
#5177 = VECTOR('',#7381,1.);
#5178 = EDGE_CURVE('',#7051,#6423,#4825,.T.);
#5179 = CARTESIAN_POINT('',(8.753162996906E-16,-14.4975,-19.25));
#5180 = CARTESIAN_POINT('',(4.712388980385,-2.284794657156));
#5181 = CARTESIAN_POINT('',(14.58,7.549611541308));
#5182 = CARTESIAN_POINT('',(0.,11.025,-19.25));
#5183 = LINE('',#6820,#3963);
#5184 = SURFACE_CURVE('',#292,(#5014,#2793),.PCURVE_S1.);
#5185 = CARTESIAN_POINT('',(4.173181544078,-3.91760272663));
#5186 = SURFACE_CURVE('',#3832,(#2961,#4193),.PCURVE_S1.);
#5187 = CARTESIAN_POINT('',(-2.57952271226,1.44456749569,-3.20120638888)
  );
#5188 = DEFINITIONAL_REPRESENTATION('',(#302),#2098);
#5189 = CARTESIAN_POINT('',(1.570796326795,3.926990816987));
#5190 = AXIS2_PLACEMENT_3D('',#1970,#7712,#4491);
#5191 = ( GEOMETRIC_REPRESENTATION_CONTEXT(2) 
PARAMETRIC_REPRESENTATION_CONTEXT() REPRESENTATION_CONTEXT('2D SPACE',''
  ) );
#5192 = PCURVE('',#2842,#8260);
#5193 = DIRECTION('',(1.,0.,0.));
#5194 = CARTESIAN_POINT('',(1.165559995567,3.391331769889));
#5195 = DIRECTION('',(0.,-0.,1.));
#5196 = AXIS2_PLACEMENT_3D('',#8519,#3622,#8157);
#5197 = VECTOR('',#2429,1.);
#5198 = CARTESIAN_POINT('',(5.107877430559,3.117660730456));
#5199 = ORIENTED_EDGE('',*,*,#4770,.F.);
#5200 = CARTESIAN_POINT('',(0.,3.552713678801E-15));
#5201 = CARTESIAN_POINT('',(2.848950514285E-03,1.000048724929));
#5202 = VECTOR('',#6024,1.);
#5203 = CARTESIAN_POINT('',(1.570796326795,-1.28519699465));
#5204 = CARTESIAN_POINT('',(4.141412835803,4.140035968435));
#5205 = CARTESIAN_POINT('',(3.593178757782,3.312514047742));
#5206 = CARTESIAN_POINT('',(14.58,7.549611541308));
#5207 = ( GEOMETRIC_REPRESENTATION_CONTEXT(2) 
PARAMETRIC_REPRESENTATION_CONTEXT() REPRESENTATION_CONTEXT('2D SPACE',''
  ) );
#5208 = EDGE_CURVE('',#5143,#5282,#1829,.T.);
#5209 = CARTESIAN_POINT('',(1.905,-3.347943211581));
#5210 = LINE('',#4439,#568);
#5211 = CIRCLE('',#1608,3.81);
#5212 = VECTOR('',#1836,1.);
#5213 = VERTEX_POINT('',#1342);
#5214 = CARTESIAN_POINT('',(5.303761122015,5.022921163666));
#5215 = DIRECTION('',(1.,1.224646799147E-16,1.655394975788E-32));
#5216 = CARTESIAN_POINT('',(0.,-7.6,2.45));
#5217 = ( GEOMETRIC_REPRESENTATION_CONTEXT(2) 
PARAMETRIC_REPRESENTATION_CONTEXT() REPRESENTATION_CONTEXT('2D SPACE',''
  ) );
#5218 = EDGE_CURVE('',#5419,#3269,#7263,.T.);
#5219 = CARTESIAN_POINT('',(2.123866986253,5.324331559957));
#5220 = CARTESIAN_POINT('',(1.561214662618,-16.14867965727));
#5221 = CARTESIAN_POINT('',(0.,0.));
#5222 = DEFINITIONAL_REPRESENTATION('',(#7774),#826);
#5223 = DIRECTION('',(1.,0.,0.));
#5224 = CARTESIAN_POINT('',(6.045395690523,3.955619755509,2.45));
#5225 = FACE_BOUND('',#4813,.T.);
#5226 = FACE_BOUND('',#2319,.F.);
#5227 = PCURVE('',#6107,#1291);
#5228 = DIRECTION('',(-0.,1.,1.351732578683E-16));
#5229 = LINE('',#1925,#2307);
#5230 = PCURVE('',#8421,#478);
#5231 = B_SPLINE_CURVE_WITH_KNOTS('',3,(#8817,#5273,#3778,#5994,#3728,
    #6648,#7255,#5622,#2092,#4765,#1341,#4722,#450,#2850,#6875,#8805,
    #1414,#523,#1061,#6475,#1421,#8042,#5945,#6112,#7466),
  .UNSPECIFIED.,.F.,.F.,(4,1,1,1,1,1,1,1,1,1,1,1,1,1,1,1,1,1,1,1,1,1,4),
  (1.307188249027E-03,1.35812806498E-03,1.409067880933E-03,
    1.460007696886E-03,1.510947512839E-03,1.561887328793E-03,
    1.612827144746E-03,1.663766960699E-03,1.714706776652E-03,
    1.765646592605E-03,1.816586408558E-03,1.867526224511E-03,
    1.918466040464E-03,1.969405856417E-03,2.02034567237E-03,
    2.071285488323E-03,2.122225304276E-03,2.173165120229E-03,
    2.224104936183E-03,2.275044752136E-03,2.325984568089E-03,
    2.376924384042E-03,2.427864199995E-03),.QUASI_UNIFORM_KNOTS.);
#5232 = VECTOR('',#6926,1.);
#5233 = ( GEOMETRIC_REPRESENTATION_CONTEXT(2) 
PARAMETRIC_REPRESENTATION_CONTEXT() REPRESENTATION_CONTEXT('2D SPACE',''
  ) );
#5234 = SURFACE_CURVE('',#2837,(#5253,#3200),.PCURVE_S1.);
#5235 = B_SPLINE_CURVE_WITH_KNOTS('',3,(#2012,#7422,#6668,#8358,#386,
    #3435,#4071,#2204,#1435,#618,#6266,#6888,#4824,#2878,#4566,#5974,
    #2646,#168,#3508,#2124,#4296,#2329,#5556,#2286,#725),
  .UNSPECIFIED.,.F.,.F.,(4,1,1,1,1,1,1,1,1,1,1,1,1,1,1,1,1,1,1,1,1,1,4),
  (1.11250560896E-06,2.023755558186E-04,4.036386060283E-04,
    6.049016562379E-04,8.061647064476E-04,1.007427756657E-03,
    1.208690806867E-03,1.409953857077E-03,1.611216907286E-03,
    1.812479957496E-03,2.013743007705E-03,2.215006057915E-03,
    2.416269108125E-03,2.617532158334E-03,2.818795208544E-03,
    3.020058258754E-03,3.221321308963E-03,3.422584359173E-03,
    3.623847409383E-03,3.825110459592E-03,4.026373509802E-03,
    4.227636560012E-03,4.428899610221E-03),.QUASI_UNIFORM_KNOTS.);
#5236 = CARTESIAN_POINT('',(1.162281855287,3.434304514243));
#5237 = EDGE_CURVE('',#5345,#676,#3303,.T.);
#5238 = CIRCLE('',#6830,3.675);
#5239 = PCURVE('',#4758,#4979);
#5240 = CARTESIAN_POINT('',(1.283474360302,1.860940602763));
#5241 = CARTESIAN_POINT('',(4.807585432849,-16.17936213493));
#5242 = CARTESIAN_POINT('',(5.652803576177,-0.434281438132));
#5243 = SURFACE_CURVE('',#8035,(#5306,#5995),.PCURVE_S1.);
#5244 = EDGE_LOOP('',(#5630,#4626,#102,#6117));
#5245 = CARTESIAN_POINT('',(3.250127458578,1.000001991982));
#5246 = CARTESIAN_POINT('',(5.519565237772,1.85542965374));
#5247 = CARTESIAN_POINT('',(2.640698887704E-03,1.44688683054E-05));
#5248 = DIRECTION('',(0.,0.,-1.));
#5249 = EDGE_CURVE('',#7650,#4184,#4902,.T.);
#5250 = B_SPLINE_CURVE_WITH_KNOTS('',3,(#393,#6360,#1765,#3613,#8469,
    #8721,#5214,#5528,#20,#6115,#6163,#6126,#3470,#3011,#953,#5737,
    #3218,#866,#6198,#1079,#5623,#825,#4754,#7826,#4169),
  .UNSPECIFIED.,.F.,.F.,(4,1,1,1,1,1,1,1,1,1,1,1,1,1,1,1,1,1,1,1,1,1,4),
  (1.884711328453,1.941842297777,1.998973267102,2.056104236426,
    2.113235205751,2.170366175075,2.227497144399,2.284628113724,
    2.341759083048,2.398890052373,2.456021021697,2.513151991021,
    2.570282960346,2.62741392967,2.684544898995,2.741675868319,
    2.798806837643,2.855937806968,2.913068776292,2.970199745617,
    3.027330714941,3.084461684265,3.14159265359),.QUASI_UNIFORM_KNOTS.);
#5251 = DEFINITIONAL_REPRESENTATION('',(#5935),#5174);
#5252 = CARTESIAN_POINT('',(0.666465269084,2.199236989363));
#5253 = PCURVE('',#4108,#4261);
#5254 = CARTESIAN_POINT('',(6.28318530718,-1.570796326795));
#5255 = CARTESIAN_POINT('',(-3.061275233767,0.557315368477,
    -0.615463322484));
#5256 = PCURVE('',#1656,#6074);
#5257 = CARTESIAN_POINT('',(-0.126679324707,-3.276970910177E-13,
    -3.136138227978));
#5258 = CARTESIAN_POINT('',(-5.880767364025,-7.750488309409,-2.45));
#5259 = CIRCLE('',#7294,3.81);
#5260 = EDGE_CURVE('',#3345,#4774,#6886,.T.);
#5261 = PCURVE('',#8645,#900);
#5262 = CARTESIAN_POINT('',(2.864135837955,1.000000847929));
#5263 = EDGE_CURVE('',#3437,#1309,#124,.T.);
#5264 = AXIS2_PLACEMENT_3D('',#1725,#7963,#2712);
#5265 = ORIENTED_EDGE('',*,*,#1473,.F.);
#5266 = VECTOR('',#8500,1.);
#5267 = CARTESIAN_POINT('',(-7.6,0.));
#5268 = DEFINITIONAL_REPRESENTATION('',(#7241),#22);
#5269 = CARTESIAN_POINT('',(-3.175301710225,2.887273974508E-02,
    1.772015407703));
#5270 = PCURVE('',#2634,#3897);
#5271 = CARTESIAN_POINT('',(3.17269885587,0.12287078619,1.139621885817)
  );
#5272 = CARTESIAN_POINT('',(6.28318530718,3.552713678801E-15));
#5273 = CARTESIAN_POINT('',(5.264060183467,4.729866151304));
#5274 = CARTESIAN_POINT('',(0.,6.28318530718));
#5275 = AXIS2_PLACEMENT_3D('',#985,#6269,#5387);
#5276 = ( GEOMETRIC_REPRESENTATION_CONTEXT(2) 
PARAMETRIC_REPRESENTATION_CONTEXT() REPRESENTATION_CONTEXT('2D SPACE',''
  ) );
#5277 = DIRECTION('',(0.,1.,1.351732578683E-16));
#5278 = CARTESIAN_POINT('',(0.,7.35,-2.45));
#5279 = PCURVE('',#5600,#5251);
#5280 = CARTESIAN_POINT('',(1.570796326795,2.21339482412));
#5281 = CARTESIAN_POINT('',(1.292747223836,1.803377332791));
#5282 = VERTEX_POINT('',#567);
#5283 = CIRCLE('',#6026,3.175);
#5284 = DEFINITIONAL_REPRESENTATION('',(#5898),#5276);
#5285 = CARTESIAN_POINT('',(0.,8.673617379884E-16,2.45));
#5286 = FACE_BOUND('',#3954,.F.);
#5287 = CARTESIAN_POINT('',(4.440892098501E-16,0.));
#5288 = CARTESIAN_POINT('',(1.686786218046E-03,1.000142884236));
#5289 = DIRECTION('',(0.,1.));
#5290 = CARTESIAN_POINT('',(5.603754261766,1.986312036356));
#5291 = DIRECTION('',(-0.,1.25431921618E-16,-1.));
#5292 = PCURVE('',#8403,#7797);
#5293 = CARTESIAN_POINT('',(1.116235869231,7.763785311715));
#5294 = CARTESIAN_POINT('',(3.362052509624,2.932703132449));
#5295 = DEFINITIONAL_REPRESENTATION('',(#892),#5352);
#5296 = CARTESIAN_POINT('',(1.268703378346,4.336065589942));
#5297 = DIRECTION('',(0.,-0.,1.));
#5298 = CARTESIAN_POINT('',(-3.175,1.612403413174E-15,2.45));
#5299 = VECTOR('',#8127,1.);
#5300 = CARTESIAN_POINT('',(2.63122635172,-8.160279665038E-07));
#5301 = DIRECTION('',(0.,-1.,-1.351732578683E-16));
#5302 = PCURVE('',#1252,#4028);
#5303 = DIRECTION('',(1.,1.130863886743E-15));
#5304 = DIRECTION('',(0.,1.,1.351732578683E-16));
#5305 = SURFACE_CURVE('',#8414,(#7677,#151),.PCURVE_S1.);
#5306 = PCURVE('',#1252,#8305);
#5307 = SURFACE_CURVE('',#5432,(#4412,#3875),.PCURVE_S1.);
#5308 = DIRECTION('',(-0.,1.351732578683E-16,-1.));
#5309 = CARTESIAN_POINT('',(20.9425,1.750632599381E-15));
#5310 = CARTESIAN_POINT('',(2.475127384505,2.713193655373));
#5311 = DEFINITIONAL_REPRESENTATION('',(#6657),#6899);
#5312 = CARTESIAN_POINT('',(0.72887253511,4.370599476585));
#5313 = CARTESIAN_POINT('',(0.823629302808,4.740002132683));
#5314 = DEFINITIONAL_REPRESENTATION('',(#3228),#8687);
#5315 = DIRECTION('',(0.,0.,-1.));
#5316 = CARTESIAN_POINT('',(3.074723531627,-0.541483705964,
    -0.550309913564));
#5317 = ORIENTED_EDGE('',*,*,#8257,.T.);
#5318 = CARTESIAN_POINT('',(3.14159265359,0.));
#5319 = CARTESIAN_POINT('',(0.972111920446,5.222117298048));
#5320 = ( GEOMETRIC_REPRESENTATION_CONTEXT(2) 
PARAMETRIC_REPRESENTATION_CONTEXT() REPRESENTATION_CONTEXT('2D SPACE',''
  ) );
#5321 = CARTESIAN_POINT('',(3.019844003343,0.606089220357,
    -0.816186562689));
#5322 = CARTESIAN_POINT('',(1.218022671501,2.206987742334));
#5323 = CARTESIAN_POINT('',(5.123552638556,2.787138625865));
#5324 = CARTESIAN_POINT('',(0.,13.065,-19.25));
#5325 = AXIS2_PLACEMENT_3D('',#2210,#1866,#7900);
#5326 = ( GEOMETRIC_REPRESENTATION_CONTEXT(2) 
PARAMETRIC_REPRESENTATION_CONTEXT() REPRESENTATION_CONTEXT('2D SPACE',''
  ) );
#5327 = AXIS2_PLACEMENT_3D('',#2886,#1747,#3706);
#5328 = CARTESIAN_POINT('',(0.,7.850462293419E-17));
#5329 = CARTESIAN_POINT('',(3.84598179347,-0.723496032555));
#5330 = SURFACE_CURVE('',#5421,(#2817,#8459),.PCURVE_S1.);
#5331 = CARTESIAN_POINT('',(4.715584688609,-16.14847478826));
#5332 = VERTEX_POINT('',#7497);
#5333 = ORIENTED_EDGE('',*,*,#6469,.F.);
#5334 = CARTESIAN_POINT('',(-8.1,9.919639073094E-16,2.95));
#5335 = DEFINITIONAL_REPRESENTATION('',(#4176),#2920);
#5336 = PCURVE('',#8748,#4042);
#5337 = EDGE_LOOP('',(#2498,#1507));
#5338 = CIRCLE('',#862,3.81);
#5339 = CARTESIAN_POINT('',(3.808057922674,3.14159265359));
#5340 = CARTESIAN_POINT('',(2.572241595045,1.000002748849));
#5341 = VERTEX_POINT('',#4123);
#5342 = ( GEOMETRIC_REPRESENTATION_CONTEXT(2) 
PARAMETRIC_REPRESENTATION_CONTEXT() REPRESENTATION_CONTEXT('2D SPACE',''
  ) );
#5343 = CARTESIAN_POINT('',(0.,-3.175,2.45));
#5344 = DIRECTION('',(1.,0.));
#5345 = VERTEX_POINT('',#4167);
#5346 = DIRECTION('',(8.659560562355E-17,0.707106781187,0.707106781187)
  );
#5347 = ORIENTED_EDGE('',*,*,#8856,.T.);
#5348 = ORIENTED_EDGE('',*,*,#6376,.T.);
#5349 = ADVANCED_FACE('',(#2495),#3028,.F.);
#5350 = CARTESIAN_POINT('',(0.815057576914,4.712388980385));
#5351 = DEFINITIONAL_REPRESENTATION('',(#1477),#4515);
#5352 = ( GEOMETRIC_REPRESENTATION_CONTEXT(2) 
PARAMETRIC_REPRESENTATION_CONTEXT() REPRESENTATION_CONTEXT('2D SPACE',''
  ) );
#5353 = DEFINITIONAL_REPRESENTATION('',(#5366),#7433);
#5354 = CIRCLE('',#5788,5.664230328819);
#5355 = CARTESIAN_POINT('',(-4.765717916409,-6.118443861713,
    2.467292365693));
#5356 = EDGE_CURVE('',#8835,#607,#1377,.T.);
#5357 = AXIS2_PLACEMENT_3D('',#1934,#8365,#1361);
#5358 = EDGE_CURVE('',#5886,#7266,#5747,.T.);
#5359 = DIRECTION('',(-1.224646799147E-16,1.,-2.734723510779E-63));
#5360 = CARTESIAN_POINT('',(1.173595617731,3.034363273778));
#5361 = ( GEOMETRIC_REPRESENTATION_CONTEXT(2) 
PARAMETRIC_REPRESENTATION_CONTEXT() REPRESENTATION_CONTEXT('2D SPACE',''
  ) );
#5362 = CARTESIAN_POINT('',(1.573992035019,-16.14847478826));
#5363 = LINE('',#7696,#3865);
#5364 = ORIENTED_EDGE('',*,*,#1473,.T.);
#5365 = ADVANCED_FACE('',(#6116),#8403,.T.);
#5366 = ( BOUNDED_CURVE() B_SPLINE_CURVE(2,(#1372,#8651,#3448,#8676,
#6902,#1236,#2932),.UNSPECIFIED.,.T.,.F.) B_SPLINE_CURVE_WITH_KNOTS((1,2
    ,2,2,2,1),(-2.094395102393,0.,2.094395102393,4.188790204786,
6.28318530718,8.377580409573),.UNSPECIFIED.) CURVE() 
GEOMETRIC_REPRESENTATION_ITEM() RATIONAL_B_SPLINE_CURVE((1.,0.5,1.,0.5,
1.,0.5,1.)) REPRESENTATION_ITEM('') );
#5367 = CARTESIAN_POINT('',(1.884711328453,0.));
#5368 = LINE('',#3034,#3567);
#5369 = EDGE_LOOP('',(#964,#2398,#3618,#3394));
#5370 = B_SPLINE_CURVE_WITH_KNOTS('',3,(#2589,#8200,#2838,#3710,#7599,
    #945,#6263,#5586,#8185,#8376,#3378,#2531,#5467,#7912,#8674,#2839,
    #8330,#829,#6358,#6328,#2310,#7745,#8593,#390,#5114),
  .UNSPECIFIED.,.F.,.F.,(4,1,1,1,1,1,1,1,1,1,1,1,1,1,1,1,1,1,1,1,1,1,4),
  (4.588630984013E-03,4.639180633566E-03,4.689730283118E-03,
    4.74027993267E-03,4.790829582223E-03,4.841379231775E-03,
    4.891928881328E-03,4.94247853088E-03,4.993028180433E-03,
    5.043577829985E-03,5.094127479538E-03,5.14467712909E-03,
    5.195226778643E-03,5.245776428195E-03,5.296326077748E-03,
    5.3468757273E-03,5.397425376853E-03,5.447975026405E-03,
    5.498524675958E-03,5.54907432551E-03,5.599623975063E-03,
    5.650173624615E-03,5.700723274168E-03),.QUASI_UNIFORM_KNOTS.);
#5371 = CARTESIAN_POINT('',(3.949396009639,-0.83472867462));
#5372 = CARTESIAN_POINT('',(6.48,-2.49,-6.65));
#5373 = DIRECTION('',(-1.24344978758E-14,-1.,-1.25431921618E-16));
#5374 = DIRECTION('',(0.,-1.,-1.25431921618E-16));
#5375 = CARTESIAN_POINT('',(3.14159265359,0.5));
#5376 = VECTOR('',#288,1.);
#5377 = CARTESIAN_POINT('',(-31.5175220066,14.08));
#5378 = CARTESIAN_POINT('',(4.06343783667,0.999997652841));
#5379 = CARTESIAN_POINT('',(4.504209502062,-0.656107235044));
#5380 = CARTESIAN_POINT('',(4.440892098501E-16,0.));
#5381 = EDGE_CURVE('',#8624,#3152,#6462,.T.);
#5382 = CARTESIAN_POINT('',(0.,-3.5));
#5383 = CIRCLE('',#8630,6.6475);
#5384 = DIRECTION('',(0.,1.));
#5385 = CARTESIAN_POINT('',(4.352049793856,-0.634701073539));
#5386 = CARTESIAN_POINT('',(5.112573086132,2.509462505151));
#5387 = DIRECTION('',(1.,0.,-0.));
#5388 = CARTESIAN_POINT('',(3.13796990779,0.382217875783,
    5.589654868162E-02));
#5389 = CARTESIAN_POINT('',(0.,-13.01423032881,-2.45));
#5390 = CARTESIAN_POINT('',(4.731534055177,-16.14960314011));
#5391 = DIRECTION('',(0.,1.));
#5392 = CARTESIAN_POINT('',(3.993446436743E-03,0.31867202338));
#5393 = DEFINITIONAL_REPRESENTATION('',(#5890),#6580);
#5394 = EDGE_CURVE('',#1309,#4405,#2738,.T.);
#5395 = DIRECTION('',(-0.,-0.,1.));
#5396 = DEFINITIONAL_REPRESENTATION('',(#6362),#8457);
#5397 = LINE('',#8032,#2543);
#5398 = CARTESIAN_POINT('',(1.570796326795,3.569991651807));
#5399 = CIRCLE('',#657,6.6475);
#5400 = ORIENTED_EDGE('',*,*,#969,.T.);
#5401 = ADVANCED_FACE('',(#7181),#2173,.T.);
#5402 = SURFACE_CURVE('',#1676,(#3014,#466),.PCURVE_S1.);
#5403 = CARTESIAN_POINT('',(4.09899566048,5.418221992523));
#5404 = CARTESIAN_POINT('',(1.570796326795,4.640989147349));
#5405 = SURFACE_CURVE('',#7687,(#7741,#7030),.PCURVE_S1.);
#5406 = CARTESIAN_POINT('',(8.140839597332E-16,0.7025,-15.75));
#5407 = DIRECTION('',(-0.,1.351732578683E-16,-1.));
#5408 = CARTESIAN_POINT('',(1.240209576784,1.54240761937));
#5409 = DIRECTION('',(1.,1.130863886743E-15));
#5410 = ORIENTED_EDGE('',*,*,#4743,.F.);
#5411 = LINE('',#2824,#8137);
#5412 = DIRECTION('',(-0.,1.351732578683E-16,-1.));
#5413 = CARTESIAN_POINT('',(3.175734418706,3.935041453408E-14,
    1.77201418891));
#5414 = CARTESIAN_POINT('',(4.868898733178,0.660719249678));
#5415 = FACE_BOUND('',#6852,.T.);
#5416 = DIRECTION('',(0.,-1.351732578683E-16,1.));
#5417 = ( GEOMETRIC_REPRESENTATION_CONTEXT(2) 
PARAMETRIC_REPRESENTATION_CONTEXT() REPRESENTATION_CONTEXT('2D SPACE',''
  ) );
#5418 = DIRECTION('',(0.,1.,1.351732578683E-16));
#5419 = VERTEX_POINT('',#4362);
#5420 = CARTESIAN_POINT('',(-7.5525,-3.182643358908));
#5421 = LINE('',#5216,#1289);
#5422 = EDGE_LOOP('',(#6874,#5719,#7139,#1832));
#5423 = STYLED_ITEM('color',(#2765),#8834);
#5424 = CARTESIAN_POINT('',(13.295,-6.6475));
#5425 = PCURVE('',#3647,#2689);
#5426 = EDGE_CURVE('',#6723,#3800,#5033,.T.);
#5427 = DIRECTION('',(0.,0.,-1.));
#5428 = DIRECTION('',(0.,-1.));
#5429 = AXIS2_PLACEMENT_3D('',#6990,#8196,#1489);
#5430 = CARTESIAN_POINT('',(1.148346209975,5.76009850863));
#5431 = DIRECTION('',(0.,1.));
#5432 = CIRCLE('',#1180,5.215);
#5433 = ( GEOMETRIC_REPRESENTATION_CONTEXT(2) 
PARAMETRIC_REPRESENTATION_CONTEXT() REPRESENTATION_CONTEXT('2D SPACE',''
  ) );
#5434 = CARTESIAN_POINT('',(0.805295220944,4.346232957016));
#5435 = PCURVE('',#6109,#3070);
#5436 = CARTESIAN_POINT('',(2.633815441519,-2.666917362033));
#5437 = PCURVE('',#7382,#3282);
#5438 = VECTOR('',#7088,1.);
#5439 = DIRECTION('',(-1.,0.));
#5440 = ( GEOMETRIC_REPRESENTATION_CONTEXT(2) 
PARAMETRIC_REPRESENTATION_CONTEXT() REPRESENTATION_CONTEXT('2D SPACE',''
  ) );
#5441 = SURFACE_CURVE('',#1360,(#7385,#4238),.PCURVE_S1.);
#5442 = CARTESIAN_POINT('',(-5.184,-1.126163241215,-19.25));
#5443 = CARTESIAN_POINT('',(14.784019440516,5.971310291196));
#5444 = CARTESIAN_POINT('',(0.978645990234,-8.744879487215));
#5445 = CARTESIAN_POINT('',(0.,-14.08,5.597522006608));
#5446 = SURFACE_CURVE('',#1374,(#1918,#6596),.PCURVE_S1.);
#5447 = VERTEX_POINT('',#7245);
#5448 = ORIENTED_EDGE('',*,*,#3189,.T.);
#5449 = DIRECTION('',(0.,1.));
#5450 = ORIENTED_EDGE('',*,*,#5943,.T.);
#5451 = CARTESIAN_POINT('',(0.,-3.81));
#5452 = PCURVE('',#1443,#3768);
#5453 = VECTOR('',#8131,1.);
#5454 = FACE_BOUND('',#5369,.T.);
#5455 = VECTOR('',#2990,1.);
#5456 = LINE('',#1054,#7342);
#5457 = CARTESIAN_POINT('',(6.48,-2.748246268997,-2.585250006595));
#5458 = CARTESIAN_POINT('',(3.14159265359,0.));
#5459 = PCURVE('',#3028,#6174);
#5460 = ( GEOMETRIC_REPRESENTATION_CONTEXT(2) 
PARAMETRIC_REPRESENTATION_CONTEXT() REPRESENTATION_CONTEXT('2D SPACE',''
  ) );
#5461 = VECTOR('',#6979,1.);
#5462 = CARTESIAN_POINT('',(2.137809418339,6.420650700207));
#5463 = ORIENTED_EDGE('',*,*,#8605,.T.);
#5464 = VECTOR('',#2448,1.);
#5465 = EDGE_CURVE('',#4940,#2205,#4402,.T.);
#5466 = ( GEOMETRIC_REPRESENTATION_CONTEXT(2) 
PARAMETRIC_REPRESENTATION_CONTEXT() REPRESENTATION_CONTEXT('2D SPACE',''
  ) );
#5467 = CARTESIAN_POINT('',(2.179374636535,5.350212215778));
#5468 = DEFINITIONAL_REPRESENTATION('',(#2843),#7205);
#5469 = CIRCLE('',#3843,8.1);
#5470 = VECTOR('',#545,1.);
#5471 = LINE('',#3129,#1013);
#5472 = PCURVE('',#5600,#2054);
#5473 = ( GEOMETRIC_REPRESENTATION_CONTEXT(2) 
PARAMETRIC_REPRESENTATION_CONTEXT() REPRESENTATION_CONTEXT('2D SPACE',''
  ) );
#5474 = CIRCLE('',#5926,7.1475);
#5475 = VECTOR('',#4829,1.);
#5476 = ORIENTED_EDGE('',*,*,#3731,.F.);
#5477 = AXIS2_PLACEMENT_3D('',#5629,#5195,#7690);
#5478 = AXIS2_PLACEMENT_3D('',#2609,#2364,#1692);
#5479 = DEFINITIONAL_REPRESENTATION('',(#622),#6298);
#5480 = CARTESIAN_POINT('',(0.,6.599113576837));
#5481 = SURFACE_CURVE('',#4855,(#62,#1468),.PCURVE_S1.);
#5482 = ORIENTED_EDGE('',*,*,#5578,.T.);
#5483 = CARTESIAN_POINT('',(0.,5.715,19.25));
#5484 = EDGE_CURVE('',#7879,#1560,#5,.T.);
#5485 = CARTESIAN_POINT('',(-7.968688725258E-05,1.066186461346));
#5486 = VECTOR('',#6981,1.);
#5487 = LINE('',#5146,#2683);
#5488 = CARTESIAN_POINT('',(4.226109610103,-3.537650395268));
#5489 = FACE_BOUND('',#2402,.T.);
#5490 = ORIENTED_EDGE('',*,*,#7352,.F.);
#5491 = EDGE_LOOP('',(#4016,#500,#1919,#8826));
#5492 = CARTESIAN_POINT('',(3.074727585472,0.541478933679,
    -0.550290273769));
#5493 = CARTESIAN_POINT('',(0.666465269084,3.113036421341));
#5494 = ( GEOMETRIC_REPRESENTATION_CONTEXT(2) 
PARAMETRIC_REPRESENTATION_CONTEXT() REPRESENTATION_CONTEXT('2D SPACE',''
  ) );
#5495 = EDGE_LOOP('',(#8649,#3682,#2705,#3526));
#5496 = PCURVE('',#6692,#3754);
#5497 = CARTESIAN_POINT('',(6.69269475734E-16,-12.565,-19.25));
#5498 = VECTOR('',#4209,1.);
#5499 = B_SPLINE_CURVE_WITH_KNOTS('',3,(#3722,#8822,#2114,#2815,#2915,
    #1521,#6127,#1559,#7606,#5329,#4931,#5557,#5371,#2006,#7107,#2722,
    #6132,#5606,#678,#7141,#4330,#1868,#5039,#5989,#419),
  .UNSPECIFIED.,.F.,.F.,(4,1,1,1,1,1,1,1,1,1,1,1,1,1,1,1,1,1,1,1,1,1,4),
  (5.164710548465,5.215550310225,5.266390071984,5.317229833744,
    5.368069595504,5.418909357264,5.469749119023,5.520588880783,
    5.571428642543,5.622268404303,5.673108166062,5.723947927822,
    5.774787689582,5.825627451342,5.876467213102,5.927306974861,
    5.978146736621,6.028986498381,6.079826260141,6.1306660219,
    6.18150578366,6.23234554542,6.28318530718),.QUASI_UNIFORM_KNOTS.);
#5500 = CARTESIAN_POINT('',(-5.880767364025,-7.750488309409,-2.45));
#5501 = PCURVE('',#24,#2123);
#5502 = ( GEOMETRIC_REPRESENTATION_CONTEXT(2) 
PARAMETRIC_REPRESENTATION_CONTEXT() REPRESENTATION_CONTEXT('2D SPACE',''
  ) );
#5503 = CARTESIAN_POINT('',(4.712388980385,1.063599698317));
#5504 = DEFINITIONAL_REPRESENTATION('',(#7087),#2865);
#5505 = CARTESIAN_POINT('',(1.828332479804,6.142700012498));
#5506 = CARTESIAN_POINT('',(3.994295346411E-03,0.454685283222));
#5507 = ( GEOMETRIC_REPRESENTATION_CONTEXT(2) 
PARAMETRIC_REPRESENTATION_CONTEXT() REPRESENTATION_CONTEXT('2D SPACE',''
  ) );
#5508 = CARTESIAN_POINT('',(5.616720038095,-0.713998330361));
#5509 = CARTESIAN_POINT('',(5.122229777437,0.625147602708));
#5510 = CARTESIAN_POINT('',(2.135546478358,1.466954263693,
    -3.264884706022));
#5511 = CARTESIAN_POINT('',(-0.5,-12.37983314709));
#5512 = VECTOR('',#1773,1.);
#5513 = CARTESIAN_POINT('',(2.864135513617,3.002814500478));
#5514 = DEFINITIONAL_REPRESENTATION('',(#3964),#4082);
#5515 = CARTESIAN_POINT('',(4.555879227591,0.660719249678));
#5516 = CARTESIAN_POINT('',(-0.5,0.));
#5517 = DEFINITIONAL_REPRESENTATION('',(#5411),#751);
#5518 = CARTESIAN_POINT('',(4.598274990725,-16.19307373803));
#5519 = PCURVE('',#5594,#8329);
#5520 = CARTESIAN_POINT('',(-2.906382075709E-05,1.084326344374));
#5521 = CARTESIAN_POINT('',(11.914418808068,-6.48));
#5522 = CARTESIAN_POINT('',(6.48,13.83,-6.65));
#5523 = LINE('',#6873,#7933);
#5524 = CARTESIAN_POINT('',(0.,7.35,-19.25));
#5525 = VECTOR('',#7200,1.);
#5526 = CARTESIAN_POINT('',(0.,-16.3));
#5527 = DIRECTION('',(1.,0.,0.));
#5528 = CARTESIAN_POINT('',(5.361340639534,4.788770765417));
#5529 = DEFINITIONAL_REPRESENTATION('',(#6922),#2288);
#5530 = CARTESIAN_POINT('',(0.,-7.35,-6.415276151398));
#5531 = DEFINITIONAL_REPRESENTATION('',(#8050),#5889);
#5532 = SURFACE_CURVE('',#7832,(#4577,#663),.PCURVE_S1.);
#5533 = CARTESIAN_POINT('',(5.446528641493,0.528701862659));
#5534 = VECTOR('',#3804,1.);
#5535 = CIRCLE('',#7410,5.715);
#5536 = DIRECTION('',(-0.,1.351732578683E-16,-1.));
#5537 = CARTESIAN_POINT('',(-8.1,9.919639073094E-16,19.25));
#5538 = DIRECTION('',(0.,1.));
#5539 = ( GEOMETRIC_REPRESENTATION_CONTEXT(2) 
PARAMETRIC_REPRESENTATION_CONTEXT() REPRESENTATION_CONTEXT('2D SPACE',''
  ) );
#5540 = CARTESIAN_POINT('',(4.712388980385,-1.999195325012));
#5541 = CARTESIAN_POINT('',(3.778701390945E-04,-1.127861133674E-02));
#5542 = FACE_BOUND('',#5688,.T.);
#5543 = ORIENTED_EDGE('',*,*,#6304,.F.);
#5544 = ORIENTED_EDGE('',*,*,#7746,.T.);
#5545 = CARTESIAN_POINT('',(11.912074021942,6.48));
#5546 = CARTESIAN_POINT('',(-6.342081870568,-2.929635521522,2.45));
#5547 = CARTESIAN_POINT('',(0.666465269084,1.599556112128));
#5548 = VERTEX_POINT('',#4779);
#5549 = ORIENTED_EDGE('',*,*,#1146,.F.);
#5550 = CARTESIAN_POINT('',(1.494548723937,-16.168171852));
#5551 = SURFACE_CURVE('',#6831,(#1508,#7725),.PCURVE_S1.);
#5552 = AXIS2_PLACEMENT_3D('',#4051,#4929,#1615);
#5553 = LINE('',#8019,#2282);
#5554 = CARTESIAN_POINT('',(-10.43,-5.715));
#5555 = DIRECTION('',(1.,0.,-0.));
#5556 = CARTESIAN_POINT('',(5.44245219876,4.794537009516));
#5557 = CARTESIAN_POINT('',(3.911041727923,-0.798876498091));
#5558 = CARTESIAN_POINT('',(2.105171598321,1.000016838165));
#5559 = CARTESIAN_POINT('',(0.,4.712388980385));
#5560 = CARTESIAN_POINT('',(3.808057922674,1.770893505624));
#5561 = DEFINITIONAL_REPRESENTATION('',(#3528),#5842);
#5562 = ORIENTED_EDGE('',*,*,#1447,.F.);
#5563 = DIRECTION('',(0.,1.,1.351732578683E-16));
#5564 = CARTESIAN_POINT('',(3.994295346411E-03,0.772130331588));
#5565 = DEFINITIONAL_REPRESENTATION('',(#2070),#222);
#5566 = CIRCLE('',#8751,8.1);
#5567 = ORIENTED_EDGE('',*,*,#3910,.T.);
#5568 = VECTOR('',#8530,1.);
#5569 = LINE('',#4197,#1385);
#5570 = CARTESIAN_POINT('',(3.06464687406E-03,6.590824786917E-05));
#5571 = CARTESIAN_POINT('',(6.48,0.,0.));
#5572 = VECTOR('',#1662,1.);
#5573 = CARTESIAN_POINT('',(0.360406645419,1.51788304148E-15,
    -3.151977102891));
#5574 = LINE('',#122,#7055);
#5575 = SURFACE_CURVE('',#8416,(#6322,#8479),.PCURVE_S1.);
#5576 = EDGE_LOOP('',(#941,#6171,#3446,#7146));
#5577 = ADVANCED_FACE('',(#6816),#1951,.T.);
#5578 = EDGE_CURVE('',#1016,#336,#5243,.T.);
#5579 = DIRECTION('',(0.,1.,1.351732578683E-16));
#5580 = CARTESIAN_POINT('',(4.854835284746,-16.21839613326));
#5581 = LINE('',#6035,#5597);
#5582 = CARTESIAN_POINT('',(7.1,0.));
#5583 = CARTESIAN_POINT('',(4.162135731866,4.798776993622));
#5584 = VERTEX_POINT('',#1226);
#5585 = DIRECTION('',(0.,1.,1.351732578683E-16));
#5586 = CARTESIAN_POINT('',(2.201336188926,5.717759677519));
#5587 = SPHERICAL_SURFACE('',#4102,6.48);
#5588 = SURFACE_CURVE('',#8269,(#3513,#5652),.PCURVE_S1.);
#5589 = CIRCLE('',#5196,7.1475);
#5590 = CARTESIAN_POINT('',(4.712388980385,-2.141994991084));
#5591 = PCURVE('',#8120,#2422);
#5592 = FACE_BOUND('',#8003,.T.);
#5593 = ( GEOMETRIC_REPRESENTATION_CONTEXT(2) 
PARAMETRIC_REPRESENTATION_CONTEXT() REPRESENTATION_CONTEXT('2D SPACE',''
  ) );
#5594 = TOROIDAL_SURFACE('',#1569,3.675,0.5);
#5595 = CARTESIAN_POINT('',(5.215,-5.715));
#5596 = CIRCLE('',#6498,6.6475);
#5597 = VECTOR('',#26,1.);
#5598 = FACE_BOUND('',#2660,.T.);
#5599 = ( GEOMETRIC_REPRESENTATION_CONTEXT(2) 
PARAMETRIC_REPRESENTATION_CONTEXT() REPRESENTATION_CONTEXT('2D SPACE',''
  ) );
#5600 = CYLINDRICAL_SURFACE('',#8373,3.81);
#5601 = CARTESIAN_POINT('',(5.616720038095,2.141994991084));
#5602 = ORIENTED_EDGE('',*,*,#4552,.F.);
#5603 = CARTESIAN_POINT('',(3.91169337787E-03,0.999997620968));
#5604 = CARTESIAN_POINT('',(1.133837122013,7.632897266458));
#5605 = B_SPLINE_CURVE_WITH_KNOTS('',3,(#5485,#5520,#1518,#946,#7503,
    #2220,#8232,#7572,#3450,#547,#8763,#2349,#5288,#298,#8349,#8689,
    #8617,#7608,#1438,#7897,#3770,#2791,#8779,#2622,#4202),
  .UNSPECIFIED.,.F.,.F.,(4,1,1,1,1,1,1,1,1,1,1,1,1,1,1,1,1,1,1,1,1,1,4),
  (-7.968688725274E-05,7.241469035025E-05,2.245162679532E-04,
    3.766178455562E-04,5.287194231592E-04,6.808210007622E-04,
    8.329225783652E-04,9.850241559682E-04,1.137125733571E-03,
    1.289227311174E-03,1.441328888777E-03,1.59343046638E-03,
    1.745532043983E-03,1.897633621586E-03,2.049735199189E-03,
    2.201836776792E-03,2.353938354395E-03,2.506039931998E-03,
    2.658141509601E-03,2.810243087204E-03,2.962344664807E-03,
    3.11444624241E-03,3.266547820013E-03),.UNSPECIFIED.);
#5606 = CARTESIAN_POINT('',(4.215887244268,-0.986380313365));
#5607 = CARTESIAN_POINT('',(4.712388980385,1.427996660723));
#5608 = CARTESIAN_POINT('',(1.570796326795,-0.571198664289));
#5609 = DEFINITIONAL_REPRESENTATION('',(#3938),#758);
#5610 = NEXT_ASSEMBLY_USAGE_OCCURRENCE('3','y-divider','',#4057,#7970,$);
#5611 = CIRCLE('',#1320,3.675);
#5612 = EDGE_LOOP('',(#6046,#6784));
#5613 = CARTESIAN_POINT('',(-2.475579106321,5.094606295512));
#5614 = DEFINITIONAL_REPRESENTATION('',(#2326),#8331);
#5615 = DIRECTION('',(0.,1.,1.351732578683E-16));
#5616 = CARTESIAN_POINT('',(3.994295346411E-03,0.136900894838));
#5617 = DIRECTION('',(-1.,-0.,0.));
#5618 = CYLINDRICAL_SURFACE('',#5325,8.1);
#5619 = ( GEOMETRIC_REPRESENTATION_CONTEXT(2) 
PARAMETRIC_REPRESENTATION_CONTEXT() REPRESENTATION_CONTEXT('2D SPACE',''
  ) );
#5620 = DEFINITIONAL_REPRESENTATION('',(#2333),#6011);
#5621 = LINE('',#4358,#5717);
#5622 = CARTESIAN_POINT('',(5.295363386308,5.041802970767));
#5623 = CARTESIAN_POINT('',(6.119058142192,2.878978580082));
#5624 = VECTOR('',#8591,1.);
#5625 = ( GEOMETRIC_REPRESENTATION_CONTEXT(2) 
PARAMETRIC_REPRESENTATION_CONTEXT() REPRESENTATION_CONTEXT('2D SPACE',''
  ) );
#5626 = PCURVE('',#8059,#7547);
#5627 = CONICAL_SURFACE('',#6636,7.1475,0.785398163397);
#5628 = CARTESIAN_POINT('',(-6.48,-2.666917362033,-2.633815441519));
#5629 = CARTESIAN_POINT('',(0.,0.,2.95));
#5630 = ORIENTED_EDGE('',*,*,#7080,.F.);
#5631 = DIRECTION('',(1.,0.));
#5632 = CARTESIAN_POINT('',(2.454065507743,-1.042455364376E-05));
#5633 = VECTOR('',#4431,1.);
#5634 = DIRECTION('',(0.,-0.,1.));
#5635 = ( GEOMETRIC_REPRESENTATION_CONTEXT(2) 
PARAMETRIC_REPRESENTATION_CONTEXT() REPRESENTATION_CONTEXT('2D SPACE',''
  ) );
#5636 = PCURVE('',#6180,#7721);
#5637 = CARTESIAN_POINT('',(5.52967669738,4.41062781198));
#5638 = CIRCLE('',#5684,7.6);
#5639 = CARTESIAN_POINT('',(0.,11.16,-17.75));
#5640 = CARTESIAN_POINT('',(2.848872104778E-03,-4.881171538158E-05));
#5641 = CARTESIAN_POINT('',(4.234155732008,5.53653737994));
#5642 = CARTESIAN_POINT('',(3.368873818338,-7.275678640824,
    2.656476841839));
#5643 = PRODUCT_DEFINITION_CONTEXT('part definition',#883,'design');
#5644 = DIRECTION('',(1.,0.,0.));
#5645 = VERTEX_POINT('',#5992);
#5646 = SURFACE_CURVE('',#7597,(#4823,#7409),.PCURVE_S1.);
#5647 = CARTESIAN_POINT('',(3.173852107453,-8.887477523371E-02,
    1.339259780656));
#5648 = CARTESIAN_POINT('',(1.542102506723,-16.15114437459));
#5649 = CARTESIAN_POINT('',(2.475127384505,-0.142799666072));
#5650 = CARTESIAN_POINT('',(-2.04,0.));
#5651 = ORIENTED_EDGE('',*,*,#6960,.T.);
#5652 = PCURVE('',#4879,#4752);
#5653 = CARTESIAN_POINT('',(3.092439999581,0.502552092172,
    -0.403351879615));
#5654 = CARTESIAN_POINT('',(6.28318530718,0.));
#5655 = DIRECTION('',(1.,-4.712543540708E-16));
#5656 = ( GEOMETRIC_REPRESENTATION_CONTEXT(2) 
PARAMETRIC_REPRESENTATION_CONTEXT() REPRESENTATION_CONTEXT('2D SPACE',''
  ) );
#5657 = PLANE('',#8679);
#5658 = CARTESIAN_POINT('',(1.580377990972,-16.14867965727));
#5659 = AXIS2_PLACEMENT_3D('',#5445,#5104,#5248);
#5660 = ( GEOMETRIC_REPRESENTATION_CONTEXT(2) 
PARAMETRIC_REPRESENTATION_CONTEXT() REPRESENTATION_CONTEXT('2D SPACE',''
  ) );
#5661 = ORIENTED_EDGE('',*,*,#7709,.F.);
#5662 = ORIENTED_EDGE('',*,*,#4492,.F.);
#5663 = CARTESIAN_POINT('',(-1.732024571096,1.648245489479,
    -3.780560759337));
#5664 = DIRECTION('',(1.,0.,0.));
#5665 = PCURVE('',#6407,#6044);
#5666 = AXIS2_PLACEMENT_3D('',#1170,#6285,#7505);
#5667 = DIRECTION('',(0.,1.,1.351732578683E-16));
#5668 = CARTESIAN_POINT('',(5.402753489359,-0.545320838762));
#5669 = CARTESIAN_POINT('',(3.836803750679,1.28689184893));
#5670 = DEFINITIONAL_REPRESENTATION('',(#118),#7694);
#5671 = LINE('',#6032,#2642);
#5672 = CARTESIAN_POINT('',(-6.48,1.864018684018,2.45));
#5673 = PCURVE('',#199,#4919);
#5674 = CARTESIAN_POINT('',(4.398473978727,6.266627581128));
#5675 = CARTESIAN_POINT('',(0.725712857365,4.968112192671));
#5676 = AXIS2_PLACEMENT_3D('',#1335,#2407,#6662);
#5677 = PCURVE('',#1464,#7611);
#5678 = VECTOR('',#2952,1.);
#5679 = ADVANCED_FACE('',(#4796),#5587,.T.);
#5680 = EDGE_LOOP('',(#1742,#3635,#6185,#335));
#5681 = CARTESIAN_POINT('',(5.715,-3.299556788419));
#5682 = VECTOR('',#3439,1.);
#5683 = DIRECTION('',(1.,-5.654319433713E-16));
#5684 = AXIS2_PLACEMENT_3D('',#4237,#2045,#4141);
#5685 = ORIENTED_EDGE('',*,*,#5381,.F.);
#5686 = UNCERTAINTY_MEASURE_WITH_UNIT(LENGTH_MEASURE(5.E-05),#2298,
  'distance_accuracy_value','confusion accuracy');
#5687 = CARTESIAN_POINT('',(0.,-2.5));
#5688 = EDGE_LOOP('',(#6647,#6655,#4838,#4782,#8010,#7312,#4849));
#5689 = ORIENTED_EDGE('',*,*,#831,.T.);
#5690 = EDGE_CURVE('',#120,#2104,#4866,.T.);
#5691 = DEFINITIONAL_REPRESENTATION('',(#8271),#3127);
#5692 = LINE('',#1189,#5102);
#5693 = AXIS2_PLACEMENT_3D('',#8725,#5821,#5579);
#5694 = CARTESIAN_POINT('',(-2.905637277126,0.,-0.787043465816));
#5695 = DIRECTION('',(0.,1.,1.351732578683E-16));
#5696 = CARTESIAN_POINT('',(0.,7.35,-15.25));
#5697 = CARTESIAN_POINT('',(5.118584911519,2.879918054782));
#5698 = SURFACE_CURVE('',#2358,(#2556,#5192),.PCURVE_S1.);
#5699 = DEFINITIONAL_REPRESENTATION('',(#6634),#7344);
#5700 = DIRECTION('',(1.,0.,0.));
#5701 = CARTESIAN_POINT('',(0.,15.45,-15.25));
#5702 = CARTESIAN_POINT('',(-0.5,0.));
#5703 = CARTESIAN_POINT('',(1.570796326795,-1.570796326795));
#5704 = CARTESIAN_POINT('',(5.652803576177,0.434281438132));
#5705 = CARTESIAN_POINT('',(3.534702254402,1.000002866614));
#5706 = CARTESIAN_POINT('',(3.808057922674,2.970255260094));
#5707 = VERTEX_POINT('',#857);
#5708 = CARTESIAN_POINT('',(5.117882755829,3.71279882726));
#5709 = VECTOR('',#8006,1.);
#5710 = PCURVE('',#3436,#2905);
#5711 = CARTESIAN_POINT('',(4.008063151762,4.874662256304));
#5712 = SURFACE_CURVE('',#6486,(#5040,#6529),.PCURVE_S1.);
#5713 = CARTESIAN_POINT('',(3.994295346411E-03,0.590636341978));
#5714 = DIRECTION('',(1.,0.));
#5715 = DEFINITIONAL_REPRESENTATION('',(#3114),#4126);
#5716 = CARTESIAN_POINT('',(0.,-7.35,-16.75));
#5717 = VECTOR('',#3417,1.);
#5718 = ( GEOMETRIC_REPRESENTATION_CONTEXT(2) 
PARAMETRIC_REPRESENTATION_CONTEXT() REPRESENTATION_CONTEXT('2D SPACE',''
  ) );
#5719 = ORIENTED_EDGE('',*,*,#1192,.T.);
#5720 = EDGE_CURVE('',#1037,#2795,#5825,.T.);
#5721 = CARTESIAN_POINT('',(0.,7.35,-18.75));
#5722 = ORIENTED_EDGE('',*,*,#6737,.F.);
#5723 = PCURVE('',#5793,#2489);
#5724 = CARTESIAN_POINT('',(-3.175,0.,2.109956294672));
#5725 = CARTESIAN_POINT('',(5.382344053973,4.712388980385));
#5726 = CARTESIAN_POINT('',(1.009776681402,4.818617230506));
#5727 = VECTOR('',#3998,1.);
#5728 = CARTESIAN_POINT('',(4.712388980385,1.927795491976));
#5729 = DEFINITIONAL_REPRESENTATION('',(#1387),#4526);
#5730 = PCURVE('',#6407,#2973);
#5731 = DIRECTION('',(0.,1.));
#5732 = CARTESIAN_POINT('',(6.65,13.83));
#5733 = CARTESIAN_POINT('',(4.712388980385,1.713595992867));
#5734 = CARTESIAN_POINT('',(5.616720038095,0.285599332145));
#5735 = VERTEX_POINT('',#6051);
#5736 = FACE_BOUND('',#6466,.T.);
#5737 = CARTESIAN_POINT('',(5.831599202987,3.312514047742));
#5738 = ORIENTED_EDGE('',*,*,#8109,.T.);
#5739 = DIRECTION('',(0.,-0.786011783021,-0.618211514736));
#5740 = CARTESIAN_POINT('',(-5.715,6.998856457127E-16,17.75));
#5741 = CARTESIAN_POINT('',(2.475127384505,1.999195325012));
#5742 = DIRECTION('',(0.,1.));
#5743 = CARTESIAN_POINT('',(2.049326172115,5.535697890532));
#5744 = PCURVE('',#7270,#5990);
#5745 = SURFACE_CURVE('',#6366,(#6614,#8061),.PCURVE_S1.);
#5746 = CARTESIAN_POINT('',(-0.5,12.379833147099));
#5747 = SURFACE_CURVE('',#34,(#5472,#6281),.PCURVE_S1.);
#5748 = CARTESIAN_POINT('',(5.094606295512,9.825579106321,-2.45));
#5749 = CARTESIAN_POINT('',(-6.48,-4.564418808068,-2.45));
#5750 = CARTESIAN_POINT('',(1.015376760302,4.765059567386));
#5751 = CARTESIAN_POINT('',(-3.81,-4.838642316258E-02));
#5752 = CARTESIAN_POINT('',(3.14159265359,0.));
#5753 = VECTOR('',#7302,1.);
#5754 = EDGE_CURVE('',#607,#6454,#5083,.T.);
#5755 = CARTESIAN_POINT('',(0.,15.45,-19.25));
#5756 = CARTESIAN_POINT('',(0.666465269084,1.94223089912));
#5757 = DEFINITIONAL_REPRESENTATION('',(#1212),#6829);
#5758 = DEFINITIONAL_REPRESENTATION('',(#856),#891);
#5759 = PCURVE('',#8633,#4036);
#5760 = FACE_BOUND('',#3919,.T.);
#5761 = CARTESIAN_POINT('',(1.273744527556,4.364787879644));
#5762 = CIRCLE('',#3601,5.715);
#5763 = CARTESIAN_POINT('',(4.712388980385,4.569589314312));
#5764 = CARTESIAN_POINT('',(5.616720038095,2.713193655373));
#5765 = VECTOR('',#4643,1.);
#5766 = CARTESIAN_POINT('',(2.690006446018,4.231557321781E-07));
#5767 = DIRECTION('',(0.,0.,1.));
#5768 = DEFINITIONAL_REPRESENTATION('',(#4869),#2293);
#5769 = CARTESIAN_POINT('',(0.569475193797,-8.100000000001,
    3.101525211739));
#5770 = CARTESIAN_POINT('',(1.172186552534,2.998778369063));
#5771 = DEFINITIONAL_REPRESENTATION('',(#3606),#2300);
#5772 = DEFINITIONAL_REPRESENTATION('',(#6017),#4216);
#5773 = CARTESIAN_POINT('',(1.28630546627,1.550075206413));
#5774 = DIRECTION('',(0.,-1.351732578683E-16,1.));
#5775 = DIRECTION('',(0.,-0.,1.));
#5776 = LINE('',#2986,#4984);
#5777 = SURFACE_CURVE('',#7299,(#6455,#2671),.PCURVE_S1.);
#5778 = DIRECTION('',(0.,-1.,-1.351732578683E-16));
#5779 = DIRECTION('',(0.,0.,-1.));
#5780 = CARTESIAN_POINT('',(0.666465269084,4.255285711312));
#5781 = CARTESIAN_POINT('',(5.616720038095,-2.570393989301));
#5782 = CARTESIAN_POINT('',(-3.137952684385,0.382273564348,
    5.568467148559E-02));
#5783 = CARTESIAN_POINT('',(1.175388379677,3.14159265359));
#5784 = CARTESIAN_POINT('',(5.717155178511,0.399204745199));
#5785 = PCURVE('',#962,#7189);
#5786 = AXIS2_PLACEMENT_3D('',#2756,#7726,#5664);
#5787 = CARTESIAN_POINT('',(3.794005058848,0.644268164605));
#5788 = AXIS2_PLACEMENT_2D('',#1095,#15);
#5789 = DIRECTION('',(1.,0.,0.));
#5790 = CARTESIAN_POINT('',(4.275429775602,-3.1738259266));
#5791 = B_SPLINE_CURVE_WITH_KNOTS('',3,(#6235,#1711,#1707,#2354,#1593,
    #680,#5508,#5929,#1860,#8870,#8758,#7481,#8613,#1523,#8279,#1574,
    #2782,#2335,#8850,#5781,#7680,#2710,#770,#6245,#8350),
  .UNSPECIFIED.,.F.,.F.,(4,1,1,1,1,1,1,1,1,1,1,1,1,1,1,1,1,1,1,1,1,1,4),
  (4.712388980385,4.855188646457,4.997988312529,5.140787978601,
    5.283587644674,5.426387310746,5.569186976818,5.711986642891,
    5.854786308963,5.997585975035,6.140385641107,6.28318530718,
    6.425984973252,6.568784639324,6.711584305396,6.854383971469,
    6.997183637541,7.139983303613,7.282782969685,7.425582635758,
    7.56838230183,7.711181967902,7.853981633974),.QUASI_UNIFORM_KNOTS.);
#5792 = PCURVE('',#6407,#6832);
#5793 = TOROIDAL_SURFACE('',#1299,7.6,0.5);
#5794 = CARTESIAN_POINT('',(5.116714995993,3.379413911652));
#5795 = CARTESIAN_POINT('',(0.796437257757,4.486409602769));
#5796 = CARTESIAN_POINT('',(4.382617688307,-6.50154314528,2.509327050423
    ));
#5797 = CARTESIAN_POINT('',(2.85633787274,2.501400360764));
#5798 = PCURVE('',#6009,#4945);
#5799 = CARTESIAN_POINT('',(3.175,1.744055268346E-03,2.171994071684));
#5800 = CARTESIAN_POINT('',(4.268391636255,-3.226321431749));
#5801 = CARTESIAN_POINT('',(18.5,-6.581793068762));
#5802 = ORIENTED_EDGE('',*,*,#456,.T.);
#5803 = CARTESIAN_POINT('',(1.174309606578,3.225074907475));
#5804 = PCURVE('',#1656,#3966);
#5805 = CARTESIAN_POINT('',(-7.5525,3.182643358908));
#5806 = VECTOR('',#5289,1.);
#5807 = LINE('',#1080,#452);
#5808 = CARTESIAN_POINT('',(0.,14.08,5.597522006608));
#5809 = DIRECTION('',(1.,-6.282528468547E-16));
#5810 = DIRECTION('',(1.,0.));
#5811 = CARTESIAN_POINT('',(-6.6475,-6.6475));
#5812 = VECTOR('',#3412,1.);
#5813 = AXIS2_PLACEMENT_3D('',#8495,#1467,#8848);
#5814 = ORIENTED_EDGE('',*,*,#6664,.F.);
#5815 = B_SPLINE_CURVE_WITH_KNOTS('',3,(#2142,#6059,#8396,#7216,#3783,
    #7282,#5002,#5862,#2181,#3244,#5159,#5403,#2365,#850,#7809,#304,
    #6093,#1655,#4114,#1843,#6705,#8442,#1353,#4345,#4545),
  .UNSPECIFIED.,.F.,.F.,(4,1,1,1,1,1,1,1,1,1,1,1,1,1,1,1,1,1,1,1,1,1,4),
  (4.588630984013E-03,4.639180633566E-03,4.689730283118E-03,
    4.74027993267E-03,4.790829582223E-03,4.841379231775E-03,
    4.891928881328E-03,4.94247853088E-03,4.993028180433E-03,
    5.043577829985E-03,5.094127479538E-03,5.14467712909E-03,
    5.195226778643E-03,5.245776428195E-03,5.296326077748E-03,
    5.3468757273E-03,5.397425376853E-03,5.447975026405E-03,
    5.498524675958E-03,5.54907432551E-03,5.599623975063E-03,
    5.650173624615E-03,5.700723274168E-03),.QUASI_UNIFORM_KNOTS.);
#5816 = AXIS2_PLACEMENT_3D('',#4682,#8184,#7454);
#5817 = DEFINITIONAL_REPRESENTATION('',(#8537),#2633);
#5818 = CARTESIAN_POINT('',(4.971821547588,0.650214772893));
#5819 = FACE_BOUND('',#2003,.T.);
#5820 = VERTEX_POINT('',#5182);
#5821 = DIRECTION('',(-0.,1.351732578683E-16,-1.));
#5822 = SURFACE_CURVE('',#7317,(#875,#3506),.PCURVE_S1.);
#5823 = SURFACE_CURVE('',#7934,(#2845,#2935),.PCURVE_S1.);
#5824 = CARTESIAN_POINT('',(3.175,1.612403413174E-15,2.45));
#5825 = SURFACE_CURVE('',#5776,(#6279,#7884),.PCURVE_S1.);
#5826 = DEFINITIONAL_REPRESENTATION('',(#537),#7474);
#5827 = CARTESIAN_POINT('',(5.087815926734,3.957096870408));
#5828 = TOROIDAL_SURFACE('',#7546,5.215,0.5);
#5829 = FACE_BOUND('',#2067,.T.);
#5830 = CARTESIAN_POINT('',(4.892564380345,-16.26110134598));
#5831 = LINE('',#6181,#193);
#5832 = CARTESIAN_POINT('',(1.390620926833,-16.26110134599));
#5833 = DIRECTION('',(0.,-0.,1.));
#5834 = ( GEOMETRIC_REPRESENTATION_CONTEXT(2) 
PARAMETRIC_REPRESENTATION_CONTEXT() REPRESENTATION_CONTEXT('2D SPACE',''
  ) );
#5835 = VERTEX_POINT('',#3406);
#5836 = CARTESIAN_POINT('',(0.807884490955,1.775126416901));
#5837 = DIRECTION('',(0.,1.));
#5838 = CARTESIAN_POINT('',(0.993222571915,4.984462733915));
#5839 = CARTESIAN_POINT('',(1.686791323698E-03,1.000142482894));
#5840 = CARTESIAN_POINT('',(1.542126642808,-5.425679367469E-13,
    -2.783387215192));
#5841 = DIRECTION('',(-0.,1.351732578683E-16,-1.));
#5842 = ( GEOMETRIC_REPRESENTATION_CONTEXT(2) 
PARAMETRIC_REPRESENTATION_CONTEXT() REPRESENTATION_CONTEXT('2D SPACE',''
  ) );
#5843 = AXIS2_PLACEMENT_3D('',#4812,#5297,#5644);
#5844 = PCURVE('',#5877,#4290);
#5845 = CARTESIAN_POINT('',(3.808057922674,3.055923956842));
#5846 = PCURVE('',#6407,#2221);
#5847 = ORIENTED_EDGE('',*,*,#2470,.T.);
#5848 = CARTESIAN_POINT('',(13.844579075681,-6.209918664742));
#5849 = ( GEOMETRIC_REPRESENTATION_CONTEXT(2) 
PARAMETRIC_REPRESENTATION_CONTEXT() REPRESENTATION_CONTEXT('2D SPACE',''
  ) );
#5850 = CARTESIAN_POINT('',(1.084516956514,-7.996721735126));
#5851 = PCURVE('',#2384,#5859);
#5852 = CARTESIAN_POINT('',(1.884711328453,0.227869668412));
#5853 = EDGE_LOOP('',(#6206,#4636,#4506,#6485,#3690));
#5854 = SURFACE_CURVE('',#4031,(#6932,#7556),.PCURVE_S1.);
#5855 = FACE_BOUND('',#4800,.T.);
#5856 = ( BOUNDED_CURVE() B_SPLINE_CURVE(2,(#1591,#1789,#3340,#8102,
#1035,#8811,#5595),.UNSPECIFIED.,.T.,.F.) B_SPLINE_CURVE_WITH_KNOTS((1,2
    ,2,2,2,1),(-2.094395102393,0.,2.094395102393,4.188790204786,
6.28318530718,8.377580409573),.UNSPECIFIED.) CURVE() 
GEOMETRIC_REPRESENTATION_ITEM() RATIONAL_B_SPLINE_CURVE((1.,0.5,1.,0.5,
1.,0.5,1.)) REPRESENTATION_ITEM('') );
#5857 = ( GEOMETRIC_REPRESENTATION_CONTEXT(2) 
PARAMETRIC_REPRESENTATION_CONTEXT() REPRESENTATION_CONTEXT('2D SPACE',''
  ) );
#5858 = LINE('',#6348,#621);
#5859 = DEFINITIONAL_REPRESENTATION('',(#4914),#3069);
#5860 = DIRECTION('',(1.,0.,0.));
#5861 = CARTESIAN_POINT('',(1.126798982665,7.685392771607));
#5862 = CARTESIAN_POINT('',(4.081849118254,5.717759677519));
#5863 = LINE('',#7616,#4920);
#5864 = ORIENTED_EDGE('',*,*,#4463,.F.);
#5865 = CARTESIAN_POINT('',(5.109210143058,3.046233316806));
#5866 = DEFINITIONAL_REPRESENTATION('',(#6650),#526);
#5867 = ORIENTED_EDGE('',*,*,#1776,.F.);
#5868 = ORIENTED_EDGE('',*,*,#2857,.T.);
#5869 = EDGE_CURVE('',#7259,#8835,#5481,.T.);
#5870 = CARTESIAN_POINT('',(0.,0.7025,-16.75));
#5871 = AXIS2_PLACEMENT_3D('',#6240,#6098,#2140);
#5872 = DIRECTION('',(0.,1.));
#5873 = CARTESIAN_POINT('',(1.554876039515,4.7122882399));
#5874 = CARTESIAN_POINT('',(3.419049793562,3.002814500478));
#5875 = VERTEX_POINT('',#5919);
#5876 = CARTESIAN_POINT('',(4.694950466087,-0.666465794634));
#5877 = CYLINDRICAL_SURFACE('',#8030,3.175);
#5878 = EDGE_LOOP('',(#7242,#6593,#8787,#3537,#3590));
#5879 = CARTESIAN_POINT('',(0.666465269084,2.798917866598));
#5880 = DIRECTION('',(-0.,1.351732578683E-16,-1.));
#5881 = CARTESIAN_POINT('',(1.570796326795,2.784593488409));
#5882 = CARTESIAN_POINT('',(6.48,-4.562074021942,-2.45));
#5883 = DIRECTION('',(-1.,0.));
#5884 = CARTESIAN_POINT('',(3.14159265359,3.147522006608));
#5885 = ( GEOMETRIC_REPRESENTATION_CONTEXT(2) 
PARAMETRIC_REPRESENTATION_CONTEXT() REPRESENTATION_CONTEXT('2D SPACE',''
  ) );
#5886 = VERTEX_POINT('',#1979);
#5887 = CARTESIAN_POINT('',(2.135546478358,-1.466954263693,
    -3.264884706022));
#5888 = VERTEX_POINT('',#7345);
#5889 = ( GEOMETRIC_REPRESENTATION_CONTEXT(2) 
PARAMETRIC_REPRESENTATION_CONTEXT() REPRESENTATION_CONTEXT('2D SPACE',''
  ) );
#5890 = LINE('',#7941,#6880);
#5891 = CARTESIAN_POINT('',(0.,7.1475,15.75));
#5892 = DIRECTION('',(1.,0.,0.));
#5893 = DEFINITIONAL_REPRESENTATION('',(#283),#6791);
#5894 = CARTESIAN_POINT('',(1.877431816916,6.008177154242));
#5895 = PCURVE('',#7976,#3071);
#5896 = DEFINITIONAL_REPRESENTATION('',(#6443),#7077);
#5897 = DIRECTION('',(0.,-0.,1.));
#5898 = LINE('',#6674,#4953);
#5899 = CARTESIAN_POINT('',(3.695008225262,-0.391996040752));
#5900 = CARTESIAN_POINT('',(0.,-16.3));
#5901 = CARTESIAN_POINT('',(1.570796326795,17.834723848602));
#5902 = ( GEOMETRIC_REPRESENTATION_CONTEXT(2) 
PARAMETRIC_REPRESENTATION_CONTEXT() REPRESENTATION_CONTEXT('2D SPACE',''
  ) );
#5903 = DIRECTION('',(0.,-1.,0.));
#5904 = DEFINITIONAL_REPRESENTATION('',(#6825),#6521);
#5905 = CARTESIAN_POINT('',(0.666465269084,4.854966588547));
#5906 = CARTESIAN_POINT('',(-3.092431639592,-0.502564014056,
    -0.40339803406));
#5907 = CARTESIAN_POINT('',(5.124084990112,3.527555810676));
#5908 = ADVANCED_FACE('',(#154),#2091,.F.);
#5909 = CARTESIAN_POINT('',(5.616720038095,2.998792987518));
#5910 = ORIENTED_EDGE('',*,*,#4294,.F.);
#5911 = DIRECTION('',(1.,0.,0.));
#5912 = CARTESIAN_POINT('',(3.978249319277,-0.528701862659));
#5913 = TOROIDAL_SURFACE('',#2852,3.675,0.5);
#5914 = ( GEOMETRIC_REPRESENTATION_CONTEXT(2) 
PARAMETRIC_REPRESENTATION_CONTEXT() REPRESENTATION_CONTEXT('2D SPACE',''
  ) );
#5915 = CARTESIAN_POINT('',(1.902525412104,6.182007841714));
#5916 = CARTESIAN_POINT('',(5.616720038095,4.278947763711));
#5917 = ( GEOMETRIC_REPRESENTATION_CONTEXT(2) 
PARAMETRIC_REPRESENTATION_CONTEXT() REPRESENTATION_CONTEXT('2D SPACE',''
  ) );
#5918 = PCURVE('',#5618,#6782);
#5919 = CARTESIAN_POINT('',(5.880767364025,-7.750488309409,-2.45));
#5920 = LINE('',#6528,#1463);
#5921 = CARTESIAN_POINT('',(-3.019844003343,-0.606089220357,
    -0.816186562689));
#5922 = CARTESIAN_POINT('',(5.108875700601,3.225074907474));
#5923 = CARTESIAN_POINT('',(4.333142281932,5.810350350777));
#5924 = ( GEOMETRIC_REPRESENTATION_CONTEXT(2) 
PARAMETRIC_REPRESENTATION_CONTEXT() REPRESENTATION_CONTEXT('2D SPACE',''
  ) );
#5925 = DIRECTION('',(0.,0.,-1.));
#5926 = AXIS2_PLACEMENT_2D('',#1698,#5714);
#5927 = CARTESIAN_POINT('',(6.998856457127E-16,-13.065,-19.25));
#5928 = CARTESIAN_POINT('',(5.219026199074,-0.602645021572));
#5929 = CARTESIAN_POINT('',(5.616720038095,-0.856797996434));
#5930 = CARTESIAN_POINT('',(6.48,1.508019041618,2.45));
#5931 = PCURVE('',#5003,#4177);
#5932 = DEFINITIONAL_REPRESENTATION('',(#7562),#184);
#5933 = CARTESIAN_POINT('',(4.665904304751E-16,3.54,-16.75));
#5934 = CARTESIAN_POINT('',(-2.964396891238,0.,-0.596464732357));
#5935 = LINE('',#6440,#4313);
#5936 = ( GEOMETRIC_REPRESENTATION_CONTEXT(2) 
PARAMETRIC_REPRESENTATION_CONTEXT() REPRESENTATION_CONTEXT('2D SPACE',''
  ) );
#5937 = CARTESIAN_POINT('',(1.172789459839E-03,3.610193111475E-06));
#5938 = ( GEOMETRIC_REPRESENTATION_CONTEXT(2) 
PARAMETRIC_REPRESENTATION_CONTEXT() REPRESENTATION_CONTEXT('2D SPACE',''
  ) );
#5939 = B_SPLINE_CURVE_WITH_KNOTS('',3,(#1870,#684,#2325,#5647,#4755,
    #8294,#2612,#7927,#5316,#7887),.UNSPECIFIED.,.F.,.F.,(4,2,2,2,4),(
    -7.968688725275E-05,7.568725986056E-04,1.593432084464E-03,
    2.429991570322E-03,3.266551056181E-03),.UNSPECIFIED.);
#5940 = DIRECTION('',(1.,0.,0.));
#5941 = CARTESIAN_POINT('',(0.927295218002,6.28318530718));
#5942 = CARTESIAN_POINT('',(6.28318530718,-0.5));
#5943 = EDGE_CURVE('',#4916,#4486,#632,.T.);
#5944 = CARTESIAN_POINT('',(0.,6.28318530718));
#5945 = CARTESIAN_POINT('',(5.355584530135,6.182185037945));
#5946 = VECTOR('',#6350,1.);
#5947 = DIRECTION('',(0.,1.,0.));
#5948 = DIRECTION('',(0.,1.));
#5949 = ( GEOMETRIC_REPRESENTATION_CONTEXT(2) 
PARAMETRIC_REPRESENTATION_CONTEXT() REPRESENTATION_CONTEXT('2D SPACE',''
  ) );
#5950 = ORIENTED_EDGE('',*,*,#8054,.T.);
#5951 = CARTESIAN_POINT('',(0.666465269084,4.278947763711));
#5952 = CARTESIAN_POINT('',(1.926653836976,5.874272594084));
#5953 = PCURVE('',#7382,#1933);
#5954 = ( GEOMETRIC_REPRESENTATION_CONTEXT(2) 
PARAMETRIC_REPRESENTATION_CONTEXT() REPRESENTATION_CONTEXT('2D SPACE',''
  ) );
#5955 = DIRECTION('',(1.,5.654319433713E-16));
#5956 = PCURVE('',#1955,#7204);
#5957 = DIRECTION('',(0.,3.469446951954E-16,1.));
#5958 = ( GEOMETRIC_REPRESENTATION_CONTEXT(2) 
PARAMETRIC_REPRESENTATION_CONTEXT() REPRESENTATION_CONTEXT('2D SPACE',''
  ) );
#5959 = CARTESIAN_POINT('',(4.712388980385,-1.142397328578));
#5960 = CARTESIAN_POINT('',(1.194790970226,4.749694507536));
#5961 = ORIENTED_EDGE('',*,*,#7332,.F.);
#5962 = LINE('',#7778,#5568);
#5963 = EDGE_CURVE('',#7698,#1156,#5979,.T.);
#5964 = EDGE_CURVE('',#7259,#3345,#2287,.T.);
#5965 = CARTESIAN_POINT('',(1.218022671501,4.076197564846));
#5966 = PCURVE('',#1951,#1506);
#5967 = LINE('',#934,#7210);
#5968 = CARTESIAN_POINT('',(10.22125,-6.189916573549));
#5969 = CARTESIAN_POINT('',(7.362477993392,8.367378466093));
#5970 = FACE_BOUND('',#2600,.T.);
#5971 = ( GEOMETRIC_REPRESENTATION_CONTEXT(2) 
PARAMETRIC_REPRESENTATION_CONTEXT() REPRESENTATION_CONTEXT('2D SPACE',''
  ) );
#5972 = DEFINITIONAL_REPRESENTATION('',(#78),#2195);
#5973 = CARTESIAN_POINT('',(0.666465269084,1.856562202372));
#5974 = CARTESIAN_POINT('',(5.265459639843,5.324331559957));
#5975 = CARTESIAN_POINT('',(3.707622782258,0.399204745199));
#5976 = VERTEX_POINT('',#7151);
#5977 = DIRECTION('',(1.,1.130863886743E-15));
#5978 = ORIENTED_EDGE('',*,*,#5077,.T.);
#5979 = SURFACE_CURVE('',#2051,(#6183,#2412),.PCURVE_S1.);
#5980 = CARTESIAN_POINT('',(1.852872248449,6.075066734898));
#5981 = CARTESIAN_POINT('',(3.169583837072,0.186374285038,0.84542774981)
  );
#5982 = CARTESIAN_POINT('',(5.508415290382,1.836041733769));
#5983 = CARTESIAN_POINT('',(1.50403701163,-16.16351827484));
#5984 = PCURVE('',#962,#6546);
#5985 = CARTESIAN_POINT('',(2.275374278652,4.874179891611));
#5986 = ADVANCED_FACE('',(#683),#7487,.T.);
#5987 = CARTESIAN_POINT('',(5.445922379252,1.716432279266));
#5988 = CARTESIAN_POINT('',(0.717605949035,1.930128540202));
#5989 = CARTESIAN_POINT('',(4.681874541581,-1.063609283324));
#5990 = DEFINITIONAL_REPRESENTATION('',(#5238),#3915);
#5991 = CARTESIAN_POINT('',(5.616720038095,1.856395658939));
#5992 = CARTESIAN_POINT('',(4.665904304751E-16,-11.16,-17.75));
#5993 = CARTESIAN_POINT('',(0.666465269084,3.741273530825));
#5994 = CARTESIAN_POINT('',(5.273408625777,4.818617230506));
#5995 = PCURVE('',#662,#884);
#5996 = CARTESIAN_POINT('',(3.28620283946E-03,0.999982587518));
#5997 = CARTESIAN_POINT('',(5.107987665402,3.177462258137));
#5998 = CARTESIAN_POINT('',(0.806958055442,4.506280550821));
#5999 = CARTESIAN_POINT('',(16.2,-6.6475));
#6000 = ( GEOMETRIC_REPRESENTATION_CONTEXT(2) 
PARAMETRIC_REPRESENTATION_CONTEXT() REPRESENTATION_CONTEXT('2D SPACE',''
  ) );
#6001 = CARTESIAN_POINT('',(-5.184,1.126163241215,-15.25));
#6002 = ( GEOMETRIC_REPRESENTATION_CONTEXT(2) 
PARAMETRIC_REPRESENTATION_CONTEXT() REPRESENTATION_CONTEXT('2D SPACE',''
  ) );
#6003 = DIRECTION('',(1.,0.,0.));
#6004 = CARTESIAN_POINT('',(15.2,1.861463134704E-15));
#6005 = CARTESIAN_POINT('',(5.115022922823,2.927569088707));
#6006 = VECTOR('',#329,1.);
#6007 = PCURVE('',#5657,#121);
#6008 = CARTESIAN_POINT('',(0.977257087048,5.160442424941));
#6009 = PLANE('',#2672);
#6010 = COLOUR_RGB('',0.120000001395,0.120000001395,0.139999997847);
#6011 = ( GEOMETRIC_REPRESENTATION_CONTEXT(2) 
PARAMETRIC_REPRESENTATION_CONTEXT() REPRESENTATION_CONTEXT('2D SPACE',''
  ) );
#6012 = DEFINITIONAL_REPRESENTATION('',(#4489),#7564);
#6013 = DIRECTION('',(1.,0.,0.));
#6014 = EDGE_LOOP('',(#4069,#5400,#7004,#6377));
#6015 = EDGE_LOOP('',(#7998,#7785,#7554,#104));
#6016 = CARTESIAN_POINT('',(-0.661002185023,1.92256311332,
    -4.560846892898));
#6017 = CIRCLE('',#4703,7.6);
#6018 = ( GEOMETRIC_REPRESENTATION_CONTEXT(2) 
PARAMETRIC_REPRESENTATION_CONTEXT() REPRESENTATION_CONTEXT('2D SPACE',''
  ) );
#6019 = CARTESIAN_POINT('',(4.798115345481,-16.17345261459));
#6020 = CARTESIAN_POINT('',(0.,6.137821559286,-3.919688740306));
#6021 = CARTESIAN_POINT('',(4.957706502242,4.712388980385));
#6022 = CARTESIAN_POINT('',(4.041711189726,1.432475188958));
#6023 = DIRECTION('',(0.,1.,1.351732578683E-16));
#6024 = DIRECTION('',(0.,1.));
#6025 = CARTESIAN_POINT('',(5.715,3.299556788419));
#6026 = AXIS2_PLACEMENT_3D('',#6927,#1003,#6334);
#6027 = AXIS2_PLACEMENT_3D('',#3600,#4317,#7448);
#6028 = PLANE('',#4564);
#6029 = CARTESIAN_POINT('',(5.612302656002,4.284996643799));
#6030 = CARTESIAN_POINT('',(1.084516956514,7.996721735126));
#6031 = VECTOR('',#8750,1.);
#6032 = CARTESIAN_POINT('',(0.,4.712388980385));
#6033 = SURFACE_CURVE('',#3801,(#2565,#3593),.PCURVE_S1.);
#6034 = ( GEOMETRIC_REPRESENTATION_CONTEXT(2) 
PARAMETRIC_REPRESENTATION_CONTEXT() REPRESENTATION_CONTEXT('2D SPACE',''
  ) );
#6035 = CARTESIAN_POINT('',(0.,6.28318530718));
#6036 = CARTESIAN_POINT('',(0.,-8.1,3.101525211738));
#6037 = CARTESIAN_POINT('',(3.808057922674,3.398598743833));
#6038 = CARTESIAN_POINT('',(0.27550929671,-2.160256584192E-13,
    -3.146483111688));
#6039 = CARTESIAN_POINT('',(4.712388980385,-0.666465269084));
#6040 = EDGE_CURVE('',#5143,#5140,#544,.T.);
#6041 = CARTESIAN_POINT('',(-6.48,4.562074021942,-2.45));
#6042 = DIRECTION('',(-0.,-0.,1.));
#6043 = CARTESIAN_POINT('',(4.268391636255,3.226321431749));
#6044 = DEFINITIONAL_REPRESENTATION('',(#837),#4125);
#6045 = PCURVE('',#7756,#6352);
#6046 = ORIENTED_EDGE('',*,*,#1044,.T.);
#6047 = ORIENTED_EDGE('',*,*,#220,.F.);
#6048 = PCURVE('',#2224,#5768);
#6049 = CARTESIAN_POINT('',(3.808057922674,2.884586563346));
#6050 = LINE('',#1043,#5177);
#6051 = CARTESIAN_POINT('',(0.,-3.54,-17.75));
#6052 = CARTESIAN_POINT('',(9.424777960769,-0.5));
#6053 = ( GEOMETRIC_REPRESENTATION_CONTEXT(2) 
PARAMETRIC_REPRESENTATION_CONTEXT() REPRESENTATION_CONTEXT('2D SPACE',''
  ) );
#6054 = DEFINITIONAL_REPRESENTATION('',(#2117),#6577);
#6055 = DIRECTION('',(0.,1.,1.351732578683E-16));
#6056 = CARTESIAN_POINT('',(0.,3.552713678801E-15));
#6057 = LINE('',#485,#3335);
#6058 = CARTESIAN_POINT('',(19.25,-2.49));
#6059 = CARTESIAN_POINT('',(4.068887783059,6.249104281144));
#6060 = AXIS2_PLACEMENT_3D('',#6448,#7142,#6760);
#6061 = DIRECTION('',(0.,-1.351732578683E-16,1.));
#6062 = DEFINITIONAL_REPRESENTATION('',(#5581),#2733);
#6063 = PCURVE('',#7423,#5866);
#6064 = DIRECTION('',(1.,0.,0.));
#6065 = ( GEOMETRIC_REPRESENTATION_CONTEXT(2) 
PARAMETRIC_REPRESENTATION_CONTEXT() REPRESENTATION_CONTEXT('2D SPACE',''
  ) );
#6066 = ORIENTED_EDGE('',*,*,#5869,.F.);
#6067 = CARTESIAN_POINT('',(1.354668223762,-6.29215290593));
#6068 = PCURVE('',#4279,#5314);
#6069 = DIRECTION('',(-0.,-1.,-1.351732578683E-16));
#6070 = PCURVE('',#4758,#2613);
#6071 = SURFACE_CURVE('',#764,(#5425,#6748),.PCURVE_S1.);
#6072 = LINE('',#3175,#4837);
#6073 = ( GEOMETRIC_REPRESENTATION_CONTEXT(2) 
PARAMETRIC_REPRESENTATION_CONTEXT() REPRESENTATION_CONTEXT('2D SPACE',''
  ) );
#6074 = DEFINITIONAL_REPRESENTATION('',(#6597),#7234);
#6075 = CARTESIAN_POINT('',(5.003632845159,5.832027973979,2.45));
#6076 = CARTESIAN_POINT('',(4.184602438774,5.396645650794));
#6077 = DEFINITIONAL_REPRESENTATION('',(#5259),#7579);
#6078 = EDGE_CURVE('',#3262,#1700,#5110,.T.);
#6079 = ( GEOMETRIC_REPRESENTATION_CONTEXT(2) 
PARAMETRIC_REPRESENTATION_CONTEXT() REPRESENTATION_CONTEXT('2D SPACE',''
  ) );
#6080 = DEFINITIONAL_REPRESENTATION('',(#5605),#6567);
#6081 = CARTESIAN_POINT('',(1.117395142455,5.605829294284));
#6082 = ( GEOMETRIC_REPRESENTATION_CONTEXT(2) 
PARAMETRIC_REPRESENTATION_CONTEXT() REPRESENTATION_CONTEXT('2D SPACE',''
  ) );
#6083 = PLANE('',#5843);
#6084 = AXIS2_PLACEMENT_3D('',#5524,#7574,#1808);
#6085 = CARTESIAN_POINT('',(-6.6475,0.));
#6086 = CARTESIAN_POINT('',(1.589941401587,-16.14960314011));
#6087 = DEFINITIONAL_REPRESENTATION('',(#3250),#1727);
#6088 = LINE('',#4376,#8832);
#6089 = CARTESIAN_POINT('',(0.,-3.5));
#6090 = LINE('',#5942,#4985);
#6091 = SURFACE_CURVE('',#8249,(#780,#4728),.PCURVE_S1.);
#6092 = B_SPLINE_CURVE_WITH_KNOTS('',3,(#5965,#3719,#7961,#7182,#4479,
    #3304,#7187,#155,#8901,#8846,#7305,#2876,#1990,#115,#1072,#5064,
    #7598,#179,#682,#3879,#1352,#6338,#5236,#4583,#8378),
  .UNSPECIFIED.,.F.,.F.,(4,1,1,1,1,1,1,1,1,1,1,1,1,1,1,1,1,1,1,1,1,1,4),
  (2.325386712659E-03,2.530430558598E-03,2.735474404537E-03,
    2.940518250476E-03,3.145562096415E-03,3.350605942354E-03,
    3.555649788293E-03,3.760693634232E-03,3.965737480171E-03,
    4.17078132611E-03,4.37582517205E-03,4.580869017989E-03,
    4.785912863928E-03,4.990956709867E-03,5.196000555806E-03,
    5.401044401745E-03,5.606088247684E-03,5.811132093623E-03,
    6.016175939562E-03,6.221219785501E-03,6.42626363144E-03,
    6.631307477379E-03,6.836351323318E-03),.QUASI_UNIFORM_KNOTS.);
#6093 = CARTESIAN_POINT('',(4.124139757864,5.09977122323));
#6094 = DEFINITIONAL_REPRESENTATION('',(#3580),#4773);
#6095 = CARTESIAN_POINT('',(1.162280576185,2.848845191083));
#6096 = CARTESIAN_POINT('',(0.675878346654,1.267058535654));
#6097 = ( GEOMETRIC_REPRESENTATION_CONTEXT(2) 
PARAMETRIC_REPRESENTATION_CONTEXT() REPRESENTATION_CONTEXT('2D SPACE',''
  ) );
#6098 = DIRECTION('',(-0.,1.351732578683E-16,-1.));
#6099 = CARTESIAN_POINT('',(-5.41587635741,-5.237291915695,2.45));
#6100 = CARTESIAN_POINT('',(1.676366320018,-7.92463222876,2.950000000003
    ));
#6101 = EDGE_LOOP('',(#8284,#1590,#5053,#2922,#3074,#927));
#6102 = AXIS2_PLACEMENT_3D('',#4802,#2784,#5193);
#6103 = CARTESIAN_POINT('',(-3.152277989342,-0.316197053959,
    0.303656814453));
#6104 = VECTOR('',#978,1.);
#6105 = B_SPLINE_CURVE_WITH_KNOTS('',3,(#3097,#5362,#5658,#6086,#4789,
    #3065,#627,#4798,#3230,#7041,#8838,#3725,#2984,#7499,#3084,#1456,
    #4339,#2828,#1646,#4554,#6963,#8081,#7985,#2969,#3109),
  .UNSPECIFIED.,.F.,.F.,(4,1,1,1,1,1,1,1,1,1,1,1,1,1,1,1,1,1,1,1,1,1,4),
  (1.981131159947E-07,7.71213571415E-05,1.54044601167E-04,
    2.309678451925E-04,3.07891089218E-04,3.848143332435E-04,
    4.61737577269E-04,5.386608212945E-04,6.1558406532E-04,
    6.925073093456E-04,7.694305533711E-04,8.463537973966E-04,
    9.232770414221E-04,1.000200285448E-03,1.077123529473E-03,
    1.154046773499E-03,1.230970017524E-03,1.30789326155E-03,
    1.384816505575E-03,1.461739749601E-03,1.538662993626E-03,
    1.615586237652E-03,1.692509481677E-03),.QUASI_UNIFORM_KNOTS.);
#6106 = VECTOR('',#3687,1.);
#6107 = CYLINDRICAL_SURFACE('',#6387,3.81);
#6108 = CARTESIAN_POINT('',(5.669175161751,8.490052922717,-2.45));
#6109 = CONICAL_SURFACE('',#7129,6.6475,0.785398163397);
#6110 = CARTESIAN_POINT('',(0.694498265627,0.));
#6111 = CARTESIAN_POINT('',(15.24,1.399771291425E-15));
#6112 = CARTESIAN_POINT('',(5.355889902302,6.249404790497));
#6113 = CARTESIAN_POINT('',(0.757707564195,4.941497177374));
#6114 = ORIENTED_EDGE('',*,*,#2266,.T.);
#6115 = CARTESIAN_POINT('',(5.477890086235,4.346232957016));
#6116 = FACE_BOUND('',#272,.T.);
#6117 = ORIENTED_EDGE('',*,*,#5720,.F.);
#6118 = CARTESIAN_POINT('',(0.,6.6475,15.25));
#6119 = ADVANCED_FACE('',(#6294),#8293,.T.);
#6120 = ORIENTED_EDGE('',*,*,#2918,.T.);
#6121 = CARTESIAN_POINT('',(5.110998754646,2.998778369061));
#6122 = DIRECTION('',(1.,0.));
#6123 = EDGE_LOOP('',(#7194,#6310,#6806,#5910,#5348));
#6124 = DEFINITIONAL_REPRESENTATION('',(#1740),#4460);
#6125 = DEFINITIONAL_REPRESENTATION('',(#6057),#5067);
#6126 = CARTESIAN_POINT('',(5.595656066922,3.946831941423));
#6127 = CARTESIAN_POINT('',(3.7721372131,-0.603525925259));
#6128 = PCURVE('',#6407,#4747);
#6129 = CARTESIAN_POINT('',(0.,-7.35,-17.75));
#6130 = DIRECTION('',(1.,0.,-0.));
#6131 = DIRECTION('',(0.,1.));
#6132 = CARTESIAN_POINT('',(4.151364638872,-0.96069799581));
#6133 = CARTESIAN_POINT('',(3.993446436743E-03,0.227869668412));
#6134 = VECTOR('',#3138,1.);
#6135 = CIRCLE('',#587,3.175);
#6136 = CARTESIAN_POINT('',(5.652640747669,-0.603525925259));
#6137 = CARTESIAN_POINT('',(4.039834786011,0.90172836319));
#6138 = CARTESIAN_POINT('',(4.712388980385,2.998792987518));
#6139 = LINE('',#4820,#3163);
#6140 = CARTESIAN_POINT('',(0.900841253207,1.570796326795));
#6141 = CARTESIAN_POINT('',(0.,-7.35,-16.75));
#6142 = CARTESIAN_POINT('',(4.398473978727,9.1336586965E-02));
#6143 = CARTESIAN_POINT('',(0.,7.35,-2.95));
#6144 = DEFINITIONAL_REPRESENTATION('',(#5569),#2036);
#6145 = CARTESIAN_POINT('',(-0.,-6.48));
#6146 = CARTESIAN_POINT('',(5.109210143058,3.236951990373));
#6147 = DEFINITIONAL_REPRESENTATION('',(#4730),#4530);
#6148 = CARTESIAN_POINT('',(1.165559995567,2.891853537292));
#6149 = CARTESIAN_POINT('',(3.994295346411E-03,0.));
#6150 = CARTESIAN_POINT('',(3.123778540909,1.000000915654));
#6151 = CARTESIAN_POINT('',(3.14159265359,0.));
#6152 = AXIS2_PLACEMENT_3D('',#4454,#7531,#6983);
#6153 = DIRECTION('',(1.,0.));
#6154 = EDGE_CURVE('',#5888,#5447,#8642,.T.);
#6155 = ORIENTED_EDGE('',*,*,#3522,.T.);
#6156 = PCURVE('',#8421,#4807);
#6157 = AXIS2_PLACEMENT_3D('',#815,#5833,#8648);
#6158 = CARTESIAN_POINT('',(0.,-8.910677005166E-02,0.113292893351));
#6159 = VECTOR('',#8056,1.);
#6160 = CARTESIAN_POINT('',(1.292757771715,4.479874344933));
#6161 = EDGE_LOOP('',(#6120,#6783));
#6162 = CARTESIAN_POINT('',(-5.715,0.));
#6163 = CARTESIAN_POINT('',(5.536670551861,4.140519409107));
#6164 = DIRECTION('',(1.,0.));
#6165 = SURFACE_CURVE('',#3330,(#7895,#383),.PCURVE_S1.);
#6166 = CARTESIAN_POINT('',(4.712388980385,-1.063599698317));
#6167 = CARTESIAN_POINT('',(1.570796326795,4.712388980385));
#6168 = CARTESIAN_POINT('',(-4.770503540603,6.113015306456,2.46688718037
    ));
#6169 = DIRECTION('',(0.,1.));
#6170 = CARTESIAN_POINT('',(-1.905,9.898670365256));
#6171 = ORIENTED_EDGE('',*,*,#7150,.T.);
#6172 = CARTESIAN_POINT('',(4.893618048132,-1.055118052155));
#6173 = CARTESIAN_POINT('',(4.521705293865,4.721308989043));
#6174 = DEFINITIONAL_REPRESENTATION('',(#5807),#3842);
#6175 = CARTESIAN_POINT('',(1.288170224641,1.8321576976));
#6176 = ( GEOMETRIC_REPRESENTATION_CONTEXT(2) 
PARAMETRIC_REPRESENTATION_CONTEXT() REPRESENTATION_CONTEXT('2D SPACE',''
  ) );
#6177 = CYLINDRICAL_SURFACE('',#8501,3.175);
#6178 = CARTESIAN_POINT('',(5.107796927503,3.14159265359));
#6179 = ADVANCED_FACE('',(#8626),#6414,.T.);
#6180 = TOROIDAL_SURFACE('',#2,3.175,3.175);
#6181 = CARTESIAN_POINT('',(9.424777960769,1.33226762955E-15));
#6182 = CARTESIAN_POINT('',(4.920854417394,-16.29999999999));
#6183 = PCURVE('',#381,#5335);
#6184 = PCURVE('',#3558,#5561);
#6185 = ORIENTED_EDGE('',*,*,#4640,.F.);
#6186 = CARTESIAN_POINT('',(5.426400153831,4.608518168359));
#6187 = VECTOR('',#7700,1.);
#6188 = CARTESIAN_POINT('',(3.888253587293E-16,-4.175,-24.25));
#6189 = CARTESIAN_POINT('',(0.,7.35,-18.75));
#6190 = CARTESIAN_POINT('',(6.28318530718,-4.440892098501E-16));
#6191 = CARTESIAN_POINT('',(2.690006446018,0.999999576844));
#6192 = CARTESIAN_POINT('',(3.033057848602,-1.991981719036E-06));
#6193 = AXIS2_PLACEMENT_3D('',#6618,#8506,#3280);
#6194 = EDGE_CURVE('',#581,#4542,#4852,.T.);
#6195 = AXIS2_PLACEMENT_3D('',#2133,#3807,#2562);
#6196 = CARTESIAN_POINT('',(0.220459856035,2.932703132449));
#6197 = AXIS2_PLACEMENT_3D('',#7358,#929,#571);
#6198 = CARTESIAN_POINT('',(6.005728167207,3.002814500478));
#6199 = CARTESIAN_POINT('',(3.14159265359,3.14159265359));
#6200 = ( GEOMETRIC_REPRESENTATION_CONTEXT(2) 
PARAMETRIC_REPRESENTATION_CONTEXT() REPRESENTATION_CONTEXT('2D SPACE',''
  ) );
#6201 = VECTOR('',#8238,1.);
#6202 = VECTOR('',#6669,1.);
#6203 = ADVANCED_FACE('',(#5226),#2224,.F.);
#6204 = AXIS2_PLACEMENT_3D('',#7042,#3140,#7738);
#6205 = CARTESIAN_POINT('',(0.,0.,17.75));
#6206 = ORIENTED_EDGE('',*,*,#989,.F.);
#6207 = CARTESIAN_POINT('',(4.06735503064,4.640736415792));
#6208 = DIRECTION('',(0.,1.,1.351732578683E-16));
#6209 = VECTOR('',#459,1.);
#6210 = CARTESIAN_POINT('',(5.729769735508,0.391996040752));
#6211 = VECTOR('',#4160,1.);
#6212 = AXIS2_PLACEMENT_3D('',#7860,#6666,#2024);
#6213 = AXIS2_PLACEMENT_3D('',#5285,#6675,#1356);
#6214 = CARTESIAN_POINT('',(4.402209566248,-0.643068803556));
#6215 = CARTESIAN_POINT('',(7.6,0.,2.95));
#6216 = DIRECTION('',(0.,-1.351732578683E-16,1.));
#6217 = ADVANCED_FACE('',(#5542),#6411,.T.);
#6218 = CARTESIAN_POINT('',(5.5953773003,-4.932093660678,2.45));
#6219 = CARTESIAN_POINT('',(4.247542552471,1.511682160403));
#6220 = EDGE_LOOP('',(#8344,#2222,#2136,#5662));
#6221 = ORIENTED_EDGE('',*,*,#7399,.T.);
#6222 = CARTESIAN_POINT('',(5.385135047484,4.705342684725));
#6223 = ( GEOMETRIC_REPRESENTATION_CONTEXT(2) 
PARAMETRIC_REPRESENTATION_CONTEXT() REPRESENTATION_CONTEXT('2D SPACE',''
  ) );
#6224 = CARTESIAN_POINT('',(4.398473978727,0.273288159136));
#6225 = LINE('',#6052,#3460);
#6226 = CARTESIAN_POINT('',(0.,0.));
#6227 = PCURVE('',#6414,#7330);
#6228 = CARTESIAN_POINT('',(5.489441189884,0.511264810981));
#6229 = ( GEOMETRIC_REPRESENTATION_CONTEXT(2) 
PARAMETRIC_REPRESENTATION_CONTEXT() REPRESENTATION_CONTEXT('2D SPACE',''
  ) );
#6230 = CARTESIAN_POINT('',(0.837262927928,4.566753027913));
#6231 = DIRECTION('',(0.,1.,1.351732578683E-16));
#6232 = FACE_BOUND('',#5099,.T.);
#6233 = CARTESIAN_POINT('',(5.009510344777,1.918801695427));
#6234 = CARTESIAN_POINT('',(-3.358609573646,-7.271761839787,
    2.659102271414));
#6235 = CARTESIAN_POINT('',(5.616720038095,0.));
#6236 = VECTOR('',#4318,1.);
#6237 = CARTESIAN_POINT('',(0.840776752393,4.794566947038));
#6238 = EDGE_CURVE('',#968,#8265,#3431,.T.);
#6239 = CARTESIAN_POINT('',(2.475127384505,-1.713595992867));
#6240 = CARTESIAN_POINT('',(0.,-7.35,-19.25));
#6241 = PCURVE('',#6407,#6054);
#6242 = DIRECTION('',(0.,1.,1.351732578683E-16));
#6243 = LINE('',#3421,#7567);
#6244 = CARTESIAN_POINT('',(0.,8.673617379884E-16,2.45));
#6245 = CARTESIAN_POINT('',(5.616720038095,-3.093992764899));
#6246 = DIRECTION('',(1.,0.));
#6247 = CARTESIAN_POINT('',(0.661002185023,1.92256311332,-4.560846892898
    ));
#6248 = CARTESIAN_POINT('',(3.14159265359,-3.14159265359));
#6249 = CARTESIAN_POINT('',(-3.81,-6.6475));
#6250 = CARTESIAN_POINT('',(5.435776874654,4.588167073786));
#6251 = VECTOR('',#8564,1.);
#6252 = DIRECTION('',(0.,-0.,1.));
#6253 = PCURVE('',#976,#109);
#6254 = LINE('',#5824,#6703);
#6255 = CARTESIAN_POINT('',(0.,6.137821559286,-3.919688740306));
#6256 = ( GEOMETRIC_REPRESENTATION_CONTEXT(2) 
PARAMETRIC_REPRESENTATION_CONTEXT() REPRESENTATION_CONTEXT('2D SPACE',''
  ) );
#6257 = CARTESIAN_POINT('',(5.108142439491,3.09380085746));
#6258 = CARTESIAN_POINT('',(5.118584911519,2.879918054782));
#6259 = ( GEOMETRIC_REPRESENTATION_CONTEXT(2) 
PARAMETRIC_REPRESENTATION_CONTEXT() REPRESENTATION_CONTEXT('2D SPACE',''
  ) );
#6260 = CARTESIAN_POINT('',(-3.019844003343,0.606089220357,
    -0.816186562689));
#6261 = CARTESIAN_POINT('',(0.,1.962821559286,-4.675360523871));
#6262 = LINE('',#3481,#5073);
#6263 = CARTESIAN_POINT('',(2.204903043149,5.801487046983));
#6264 = ( GEOMETRIC_REPRESENTATION_CONTEXT(2) 
PARAMETRIC_REPRESENTATION_CONTEXT() REPRESENTATION_CONTEXT('2D SPACE',''
  ) );
#6265 = CARTESIAN_POINT('',(0.,-7.1475));
#6266 = CARTESIAN_POINT('',(5.141796177442,5.672399948881));
#6267 = CARTESIAN_POINT('',(0.666465269084,1.256881325137));
#6268 = DEFINITIONAL_REPRESENTATION('',(#3882),#1382);
#6269 = DIRECTION('',(0.,0.,1.));
#6270 = CARTESIAN_POINT('',(-2.033051124497,-7.849179592495,
    2.88365873287));
#6271 = DIRECTION('',(1.,-0.,0.));
#6272 = ADVANCED_FACE('',(#1144),#1194,.T.);
#6273 = DEFINITIONAL_REPRESENTATION('',(#5621),#2277);
#6274 = VECTOR('',#7827,1.);
#6275 = EDGE_CURVE('',#366,#7105,#7722,.T.);
#6276 = ADVANCED_FACE('',(#4253),#3242,.T.);
#6277 = PCURVE('',#8862,#8503);
#6278 = LINE('',#5900,#6859);
#6279 = PCURVE('',#5627,#5468);
#6280 = CARTESIAN_POINT('',(9.97125,-5.756903871657));
#6281 = PCURVE('',#2634,#7009);
#6282 = ADVANCED_FACE('',(#1882),#7756,.T.);
#6283 = DIRECTION('',(-0.,1.351732578683E-16,-1.));
#6284 = CARTESIAN_POINT('',(1.884711328453,0.364028211764));
#6285 = DIRECTION('',(-0.,-0.,1.));
#6286 = AXIS2_PLACEMENT_3D('',#6215,#1825,#3663);
#6287 = CARTESIAN_POINT('',(0.,-7.35,-19.25));
#6288 = CARTESIAN_POINT('',(0.,-7.35,-5.597522006608));
#6289 = PCURVE('',#2945,#5103);
#6290 = AXIS2_PLACEMENT_2D('',#4551,#4947);
#6291 = CARTESIAN_POINT('',(3.993446436743E-03,4.570959776891E-02));
#6292 = CARTESIAN_POINT('',(5.612372618248,1.998284513378));
#6293 = CARTESIAN_POINT('',(3.808057922674,1.856562202372));
#6294 = FACE_BOUND('',#3322,.T.);
#6295 = AXIS2_PLACEMENT_3D('',#437,#4116,#7504);
#6296 = CARTESIAN_POINT('',(1.063352256047,8.150010074341));
#6297 = CIRCLE('',#7168,7.1475);
#6298 = ( GEOMETRIC_REPRESENTATION_CONTEXT(2) 
PARAMETRIC_REPRESENTATION_CONTEXT() REPRESENTATION_CONTEXT('2D SPACE',''
  ) );
#6299 = CARTESIAN_POINT('',(1.16460039566,2.879918054784));
#6300 = DIRECTION('',(-0.,1.351732578683E-16,-1.));
#6301 = DEFINITIONAL_REPRESENTATION('',(#5235),#4739);
#6302 = ( GEOMETRIC_REPRESENTATION_CONTEXT(2) 
PARAMETRIC_REPRESENTATION_CONTEXT() REPRESENTATION_CONTEXT('2D SPACE',''
  ) );
#6303 = CARTESIAN_POINT('',(-7.6,0.));
#6304 = EDGE_CURVE('',#4405,#3262,#1924,.T.);
#6305 = CARTESIAN_POINT('',(6.28318530718,0.));
#6306 = CARTESIAN_POINT('',(0.,-3.));
#6307 = CIRCLE('',#2388,3.81);
#6308 = CARTESIAN_POINT('',(-1.905,9.898670365256));
#6309 = DIRECTION('',(1.,0.));
#6310 = ORIENTED_EDGE('',*,*,#8703,.T.);
#6311 = DEFINITIONAL_REPRESENTATION('',(#7437),#5320);
#6312 = CARTESIAN_POINT('',(1.866680190839E-03,0.999979677563));
#6313 = CARTESIAN_POINT('',(5.118260390306,2.883898384408));
#6314 = CARTESIAN_POINT('',(4.712388980385,3.427191985734));
#6315 = ( GEOMETRIC_REPRESENTATION_CONTEXT(2) 
PARAMETRIC_REPRESENTATION_CONTEXT() REPRESENTATION_CONTEXT('2D SPACE',''
  ) );
#6316 = CARTESIAN_POINT('',(3.150936842175,0.330562010437,0.253207953479
    ));
#6317 = DEFINITIONAL_REPRESENTATION('',(#2212),#3285);
#6318 = CARTESIAN_POINT('',(1.570796326794,3.14159265359));
#6319 = CARTESIAN_POINT('',(0.,-5.715));
#6320 = CARTESIAN_POINT('',(3.064253474974E-03,0.999934091572));
#6321 = DIRECTION('',(1.,0.));
#6322 = PCURVE('',#1951,#2246);
#6323 = DEFINITIONAL_REPRESENTATION('',(#5474),#2997);
#6324 = PCURVE('',#8113,#2740);
#6325 = EDGE_CURVE('',#2238,#2028,#4147,.T.);
#6326 = LINE('',#1766,#5633);
#6327 = CARTESIAN_POINT('',(1.203127434928,6.012745285529));
#6328 = CARTESIAN_POINT('',(2.142905746081,4.92821634329));
#6329 = CARTESIAN_POINT('',(1.06581410364E-14,-11.51380774331));
#6330 = ADVANCED_FACE('',(#5415),#2279,.T.);
#6331 = CARTESIAN_POINT('',(6.6675,4.949335182628));
#6332 = DEFINITIONAL_REPRESENTATION('',(#3277),#4519);
#6333 = CARTESIAN_POINT('',(1.174843364603,3.081892476761));
#6334 = DIRECTION('',(0.,1.,1.351732578683E-16));
#6335 = CARTESIAN_POINT('',(3.888253587293E-16,-4.175,-18.75));
#6336 = CARTESIAN_POINT('',(4.440892098501E-16,0.));
#6337 = SURFACE_CURVE('',#3559,(#5292,#3557),.PCURVE_S1.);
#6338 = CARTESIAN_POINT('',(1.160676099056,3.465213856586));
#6339 = CARTESIAN_POINT('',(-3.175,-1.744006571855E-03,2.172001834325));
#6340 = CARTESIAN_POINT('',(3.534702254402,-2.866613760061E-06));
#6341 = CARTESIAN_POINT('',(1.241631607239,4.191731793303));
#6342 = DIRECTION('',(0.,1.));
#6343 = EDGE_CURVE('',#4780,#4332,#5446,.T.);
#6344 = LINE('',#5126,#4008);
#6345 = CARTESIAN_POINT('',(4.158546534216,-0.58978353556));
#6346 = CARTESIAN_POINT('',(1.362330889784,-16.3));
#6347 = VECTOR('',#3409,1.);
#6348 = CARTESIAN_POINT('',(-8.1,-5.184));
#6349 = EDGE_LOOP('',(#3891,#1525,#8528,#5173));
#6350 = DIRECTION('',(1.,-1.130863886743E-15));
#6351 = CARTESIAN_POINT('',(-6.6475,8.140839597332E-16,19.25));
#6352 = DEFINITIONAL_REPRESENTATION('',(#7788),#6392);
#6353 = PCURVE('',#5618,#4897);
#6354 = EDGE_CURVE('',#3039,#336,#3776,.T.);
#6355 = CARTESIAN_POINT('',(2.242264338748E-03,0.999979209953));
#6356 = AXIS2_PLACEMENT_3D('',#1577,#2593,#3960);
#6357 = CARTESIAN_POINT('',(1.475599874329,-16.17936213493));
#6358 = CARTESIAN_POINT('',(2.148355782558,4.984261052603));
#6359 = ( LENGTH_UNIT() NAMED_UNIT(*) SI_UNIT(.MILLI.,.METRE.) );
#6360 = CARTESIAN_POINT('',(5.044118065694,6.182007841714));
#6361 = CARTESIAN_POINT('',(0.,7.35,-19.25));
#6362 = LINE('',#6441,#5678);
#6363 = FACE_BOUND('',#6641,.T.);
#6364 = VECTOR('',#4393,1.);
#6365 = CARTESIAN_POINT('',(5.616720038095,4.759988869075E-02));
#6366 = CIRCLE('',#8118,3.175);
#6367 = CARTESIAN_POINT('',(4.25782852282,3.304713971857));
#6368 = CARTESIAN_POINT('',(5.208890716501,0.986380313365));
#6369 = DIRECTION('',(1.,5.654319433713E-16));
#6370 = VECTOR('',#7619,1.);
#6371 = CARTESIAN_POINT('',(-6.6475,-6.6475));
#6372 = VECTOR('',#2233,1.);
#6373 = CARTESIAN_POINT('',(3.993446436743E-03,0.908663413035));
#6374 = CARTESIAN_POINT('',(3.808057922674,4.940635285295));
#6375 = ORIENTED_EDGE('',*,*,#4450,.F.);
#6376 = EDGE_CURVE('',#4774,#4457,#178,.T.);
#6377 = ORIENTED_EDGE('',*,*,#1415,.F.);
#6378 = CARTESIAN_POINT('',(2.905637277126,-7.047314121156E-16,
    -0.787043465816));
#6379 = DIRECTION('',(1.,0.));
#6380 = B_SPLINE_CURVE_WITH_KNOTS('',3,(#2666,#6494,#8478,#2206,#5436,
    #1091,#2062,#4351),.UNSPECIFIED.,.F.,.F.,(4,2,2,4),(
    1.307188249027E-03,1.867526224511E-03,2.147695212253E-03,
    2.427864199995E-03),.UNSPECIFIED.);
#6381 = SURFACE_CURVE('',#6564,(#2686,#3924),.PCURVE_S1.);
#6382 = CARTESIAN_POINT('',(-1.905,9.898670365256));
#6383 = ( GEOMETRIC_REPRESENTATION_CONTEXT(2) 
PARAMETRIC_REPRESENTATION_CONTEXT() REPRESENTATION_CONTEXT('2D SPACE',''
  ) );
#6384 = ( GEOMETRIC_REPRESENTATION_CONTEXT(2) 
PARAMETRIC_REPRESENTATION_CONTEXT() REPRESENTATION_CONTEXT('2D SPACE',''
  ) );
#6385 = CARTESIAN_POINT('',(3.994295346411E-03,0.908663413035));
#6386 = CARTESIAN_POINT('',(2.903113650524,2.49));
#6387 = AXIS2_PLACEMENT_3D('',#3961,#3794,#5667);
#6388 = VECTOR('',#7202,1.);
#6389 = DEFINITIONAL_REPRESENTATION('',(#5574),#1313);
#6390 = B_SPLINE_CURVE_WITH_KNOTS('',3,(#2107,#1603,#1474,#4029,#4857,
    #4921,#8476,#3461,#6041,#1570),.UNSPECIFIED.,.F.,.F.,(4,2,2,2,4),(
    8.349546986075E-02,8.445564267106E-02,8.493572907622E-02,
    8.541581548138E-02,8.733616110201E-02),.UNSPECIFIED.);
#6391 = CARTESIAN_POINT('',(3.65195895546,1.000000816028));
#6392 = ( GEOMETRIC_REPRESENTATION_CONTEXT(2) 
PARAMETRIC_REPRESENTATION_CONTEXT() REPRESENTATION_CONTEXT('2D SPACE',''
  ) );
#6393 = DIRECTION('',(-0.,1.25431921618E-16,-1.));
#6394 = SURFACE_CURVE('',#8045,(#2203,#4787),.PCURVE_S1.);
#6395 = CARTESIAN_POINT('',(0.,1.612403413174E-15,19.25));
#6396 = CARTESIAN_POINT('',(5.072728166913,-0.634701073539));
#6397 = PCURVE('',#2433,#1610);
#6398 = LINE('',#2053,#3467);
#6399 = AXIS2_PLACEMENT_3D('',#1774,#7272,#5304);
#6400 = ( GEOMETRIC_REPRESENTATION_CONTEXT(2) 
PARAMETRIC_REPRESENTATION_CONTEXT() REPRESENTATION_CONTEXT('2D SPACE',''
  ) );
#6401 = SURFACE_CURVE('',#6477,(#7666,#2144),.PCURVE_S1.);
#6402 = ORIENTED_EDGE('',*,*,#4196,.T.);
#6403 = DEFINITIONAL_REPRESENTATION('',(#8426),#5155);
#6404 = CARTESIAN_POINT('',(3.808057922674,3.741273530825));
#6405 = CARTESIAN_POINT('',(5.124126998924,3.558630585919));
#6406 = CARTESIAN_POINT('',(1.589824086451,-1.702129715932,
    -3.93383240893));
#6407 = PLANE('',#5813);
#6408 = ( GEOMETRIC_REPRESENTATION_CONTEXT(2) 
PARAMETRIC_REPRESENTATION_CONTEXT() REPRESENTATION_CONTEXT('2D SPACE',''
  ) );
#6409 = CARTESIAN_POINT('',(3.14159265359,0.));
#6410 = LINE('',#7845,#7439);
#6411 = TOROIDAL_SURFACE('',#4047,12.96,6.48);
#6412 = DIRECTION('',(1.,0.,-0.));
#6413 = DIRECTION('',(-1.,0.));
#6414 = CYLINDRICAL_SURFACE('',#3347,5.715);
#6415 = CARTESIAN_POINT('',(1.288170268044,4.451027669196));
#6416 = PCURVE('',#4625,#5025);
#6417 = SURFACE_CURVE('',#2746,(#5744,#106),.PCURVE_S1.);
#6418 = AXIS2_PLACEMENT_3D('',#2360,#3518,#1461);
#6419 = DIRECTION('',(-1.,0.,0.));
#6420 = VECTOR('',#8897,1.);
#6421 = FACE_BOUND('',#1693,.F.);
#6422 = AXIS2_PLACEMENT_3D('',#3093,#3732,#692);
#6423 = VERTEX_POINT('',#6335);
#6424 = DIRECTION('',(0.,-1.,-0.));
#6425 = CARTESIAN_POINT('',(15.25,7.35));
#6426 = CARTESIAN_POINT('',(3.362052019668,1.000002751409));
#6427 = DIRECTION('',(-0.,-1.,-1.351732578683E-16));
#6428 = AXIS2_PLACEMENT_3D('',#4060,#7178,#6933);
#6429 = TOROIDAL_SURFACE('',#1975,7.6,0.5);
#6430 = DIRECTION('',(0.,1.));
#6431 = CARTESIAN_POINT('',(3.32375,-12.40440387165));
#6432 = B_SPLINE_CURVE_WITH_KNOTS('',3,(#4233,#4503,#4213,#5457,#2669,
    #7994,#552,#7029),.UNSPECIFIED.,.F.,.F.,(4,2,2,4),(
    1.307188249027E-03,1.867526224511E-03,2.147695212253E-03,
    2.427864199995E-03),.UNSPECIFIED.);
#6433 = CARTESIAN_POINT('',(-6.039688006686,2.927345865711E-15,
    -1.586785714286));
#6434 = PCURVE('',#4256,#490);
#6435 = PCURVE('',#4879,#1140);
#6436 = PLANE('',#1200);
#6437 = CARTESIAN_POINT('',(4.173181544078,3.91760272663));
#6438 = VECTOR('',#7972,1.);
#6439 = EDGE_CURVE('',#6560,#8301,#4924,.T.);
#6440 = CARTESIAN_POINT('',(3.14159265359,0.));
#6441 = CARTESIAN_POINT('',(0.,0.));
#6442 = AXIS2_PLACEMENT_3D('',#4434,#7429,#5779);
#6443 = LINE('',#8451,#141);
#6444 = DEFINITIONAL_REPRESENTATION('',(#2265),#6877);
#6445 = AXIS2_PLACEMENT_3D('',#354,#7842,#4817);
#6446 = CARTESIAN_POINT('',(3.876701231893,0.76174017412));
#6447 = DIRECTION('',(0.,1.,1.351732578683E-16));
#6448 = CARTESIAN_POINT('',(0.,-7.35,-18.75));
#6449 = LINE('',#1251,#3614);
#6450 = LINE('',#259,#3422);
#6451 = PCURVE('',#3558,#5167);
#6452 = CARTESIAN_POINT('',(3.038685404015,7.446747813943,2.711980053946
    ));
#6453 = CARTESIAN_POINT('',(-5.212281340155,-5.531014665599,2.45));
#6454 = VERTEX_POINT('',#7379);
#6455 = PCURVE('',#5587,#8828);
#6456 = SURFACE_CURVE('',#1492,(#1089,#4260),.PCURVE_S1.);
#6457 = CARTESIAN_POINT('',(-8.1,0.));
#6458 = DEFINITIONAL_REPRESENTATION('',(#5523),#3669);
#6459 = AXIS2_PLACEMENT_3D('',#418,#1499,#5062);
#6460 = CARTESIAN_POINT('',(-1.905,0.));
#6461 = ORIENTED_EDGE('',*,*,#2592,.T.);
#6462 = SURFACE_CURVE('',#4023,(#5109,#4226),.PCURVE_S1.);
#6463 = EDGE_CURVE('',#6794,#5332,#3837,.T.);
#6464 = CIRCLE('',#148,6.6475);
#6465 = CARTESIAN_POINT('',(4.750617739046,-16.153304933));
#6466 = EDGE_LOOP('',(#2854,#8711,#5482,#4105));
#6467 = LINE('',#8558,#4326);
#6468 = PCURVE('',#2802,#207);
#6469 = EDGE_CURVE('',#2205,#4940,#457,.T.);
#6470 = ORIENTED_EDGE('',*,*,#518,.T.);
#6471 = CARTESIAN_POINT('',(6.48,2.49,-2.95));
#6472 = CARTESIAN_POINT('',(-7.1475,8.753162996906E-16,19.25));
#6473 = CARTESIAN_POINT('',(4.551074097481,-16.23846606732));
#6474 = DEFINITIONAL_REPRESENTATION('',(#4567),#4981);
#6475 = CARTESIAN_POINT('',(5.349697207629,5.892435872734));
#6476 = DIRECTION('',(0.,-0.,1.));
#6477 = B_SPLINE_CURVE_WITH_KNOTS('',3,(#2060,#4106,#907,#7594,#1858,
    #4268,#3741,#8289,#5882,#356),.UNSPECIFIED.,.F.,.F.,(4,2,2,2,4),(
    8.349546986075E-02,8.445564267106E-02,8.493572907622E-02,
    8.541581548138E-02,8.733616110201E-02),.UNSPECIFIED.);
#6478 = VECTOR('',#5308,1.);
#6479 = AXIS2_PLACEMENT_3D('',#2566,#6252,#2166);
#6480 = VECTOR('',#2021,1.);
#6481 = CARTESIAN_POINT('',(3.175301491304,-2.886144774863E-02,
    1.772142663255));
#6482 = ( BOUNDED_CURVE() B_SPLINE_CURVE(2,(#5702,#270,#2245,#5309,
#3245,#7794,#5516),.UNSPECIFIED.,.T.,.F.) B_SPLINE_CURVE_WITH_KNOTS((1,2
    ,2,2,2,1),(-2.094395102393,0.,2.094395102393,4.188790204786,
6.28318530718,8.377580409573),.UNSPECIFIED.) CURVE() 
GEOMETRIC_REPRESENTATION_ITEM() RATIONAL_B_SPLINE_CURVE((1.,0.5,1.,0.5,
1.,0.5,1.)) REPRESENTATION_ITEM('') );
#6483 = CARTESIAN_POINT('',(-3.81,4.665904304751E-16,19.25));
#6484 = SURFACE_CURVE('',#4403,(#61,#7224),.PCURVE_S1.);
#6485 = ORIENTED_EDGE('',*,*,#8825,.T.);
#6486 = LINE('',#6907,#2879);
#6487 = VECTOR('',#4814,1.);
#6488 = DIRECTION('',(1.,-1.963599532673E-15));
#6489 = VECTOR('',#3077,1.);
#6490 = CARTESIAN_POINT('',(0.764922071793,1.853190918744));
#6491 = ORIENTED_EDGE('',*,*,#6154,.F.);
#6492 = CARTESIAN_POINT('',(3.750321246118E-03,-5.703110590321E-06));
#6493 = LINE('',#7386,#740);
#6494 = CARTESIAN_POINT('',(2.45,-3.194960758366));
#6495 = CARTESIAN_POINT('',(0.,0.,2.95));
#6496 = CARTESIAN_POINT('',(4.560506972546,-16.22811121837));
#6497 = DEFINITIONAL_REPRESENTATION('',(#3153),#5342);
#6498 = AXIS2_PLACEMENT_2D('',#6265,#2923);
#6499 = CARTESIAN_POINT('',(1.938465218661,6.012745285529));
#6500 = CARTESIAN_POINT('',(3.250127768751,2.841299009761));
#6501 = CARTESIAN_POINT('',(-1.140052922717,-5.669175161751));
#6502 = CARTESIAN_POINT('',(5.414995452709,-5.238562780546,2.45));
#6503 = CARTESIAN_POINT('',(3.993446436743E-03,1.524507594938E-02));
#6504 = AXIS2_PLACEMENT_3D('',#8770,#5145,#2387);
#6505 = LINE('',#6563,#960);
#6506 = FACE_BOUND('',#4062,.T.);
#6507 = CARTESIAN_POINT('',(-6.48,-2.49,-2.95));
#6508 = CARTESIAN_POINT('',(2.21974747051,0.999997652841));
#6509 = VECTOR('',#4010,1.);
#6510 = B_SPLINE_CURVE_WITH_KNOTS('',3,(#6858,#1659,#972,#73,#463,
    #5988,#4022,#3495,#3227,#6490,#464,#1553,#4303,#5836,#2665,#4099,
    #2469,#4,#403,#1171,#871,#1090,#3095,#2545,#6140),
  .UNSPECIFIED.,.F.,.F.,(4,1,1,1,1,1,1,1,1,1,1,1,1,1,1,1,1,1,1,1,1,1,4),
  (8.349546986075E-02,8.367004673535E-02,8.384462360995E-02,
    8.401920048455E-02,8.419377735916E-02,8.436835423376E-02,
    8.454293110836E-02,8.471750798296E-02,8.489208485757E-02,
    8.506666173217E-02,8.524123860677E-02,8.541581548138E-02,
    8.559039235598E-02,8.576496923058E-02,8.593954610518E-02,
    8.611412297979E-02,8.628869985439E-02,8.646327672899E-02,
    8.66378536036E-02,8.68124304782E-02,8.69870073528E-02,
    8.71615842274E-02,8.733616110201E-02),.QUASI_UNIFORM_KNOTS.);
#6511 = CARTESIAN_POINT('',(4.068887871591,0.));
#6512 = LINE('',#5442,#8253);
#6513 = ( GEOMETRIC_REPRESENTATION_CONTEXT(2) 
PARAMETRIC_REPRESENTATION_CONTEXT() REPRESENTATION_CONTEXT('2D SPACE',''
  ) );
#6514 = VECTOR('',#4624,1.);
#6515 = PCURVE('',#1252,#7814);
#6516 = CARTESIAN_POINT('',(6.48,2.667336216446,-2.63358378899));
#6517 = ( GEOMETRIC_REPRESENTATION_CONTEXT(2) 
PARAMETRIC_REPRESENTATION_CONTEXT() REPRESENTATION_CONTEXT('2D SPACE',''
  ) );
#6518 = CARTESIAN_POINT('',(1.884711328453,6.266627581128));
#6519 = CARTESIAN_POINT('',(0.,1.570796326795));
#6520 = PCURVE('',#7423,#3746);
#6521 = ( GEOMETRIC_REPRESENTATION_CONTEXT(2) 
PARAMETRIC_REPRESENTATION_CONTEXT() REPRESENTATION_CONTEXT('2D SPACE',''
  ) );
#6522 = CIRCLE('',#5478,7.1475);
#6523 = ORIENTED_EDGE('',*,*,#7225,.T.);
#6524 = DIRECTION('',(0.,1.));
#6525 = CARTESIAN_POINT('',(5.003428485206,-5.832322800287,2.45));
#6526 = CARTESIAN_POINT('',(4.234346813739,5.509992602816));
#6527 = CARTESIAN_POINT('',(5.094606295512,-9.825579106321,-2.45));
#6528 = CARTESIAN_POINT('',(0.,4.175,-6.415276151398));
#6529 = PCURVE('',#6692,#8066);
#6530 = CARTESIAN_POINT('',(3.14159265359,0.));
#6531 = LINE('',#982,#7143);
#6532 = DIRECTION('',(0.,1.));
#6533 = LINE('',#2450,#8749);
#6534 = ( GEOMETRIC_REPRESENTATION_CONTEXT(2) 
PARAMETRIC_REPRESENTATION_CONTEXT() REPRESENTATION_CONTEXT('2D SPACE',''
  ) );
#6535 = ORIENTED_EDGE('',*,*,#1897,.F.);
#6536 = PCURVE('',#7487,#8873);
#6537 = CARTESIAN_POINT('',(2.300859545171,4.794537009516));
#6538 = DIRECTION('',(0.,1.));
#6539 = CARTESIAN_POINT('',(3.946887874534,4.346232957016));
#6540 = DIRECTION('',(0.,-0.,1.));
#6541 = ( GEOMETRIC_REPRESENTATION_CONTEXT(2) 
PARAMETRIC_REPRESENTATION_CONTEXT() REPRESENTATION_CONTEXT('2D SPACE',''
  ) );
#6542 = CARTESIAN_POINT('',(3.808057922674,3.484267440581));
#6543 = PCURVE('',#6083,#3563);
#6544 = CARTESIAN_POINT('',(4.660074171842,-0.666021548429));
#6545 = ( GEOMETRIC_REPRESENTATION_CONTEXT(2) 
PARAMETRIC_REPRESENTATION_CONTEXT() REPRESENTATION_CONTEXT('2D SPACE',''
  ) );
#6546 = DEFINITIONAL_REPRESENTATION('',(#297),#6534);
#6547 = CARTESIAN_POINT('',(4.362884673275,1.028301497987));
#6548 = DEFINITIONAL_REPRESENTATION('',(#4894),#1365);
#6549 = DIRECTION('',(1.,0.,0.));
#6550 = LINE('',#4006,#5202);
#6551 = DIRECTION('',(-1.,0.,0.));
#6552 = CARTESIAN_POINT('',(-5.914081638765,-4.283384139506,2.45));
#6553 = CARTESIAN_POINT('',(15.840052922717,5.669175161751));
#6554 = CARTESIAN_POINT('',(5.061893287494,-1.028301497987));
#6555 = ( GEOMETRIC_REPRESENTATION_CONTEXT(2) 
PARAMETRIC_REPRESENTATION_CONTEXT() REPRESENTATION_CONTEXT('2D SPACE',''
  ) );
#6556 = DEFINITIONAL_REPRESENTATION('',(#2652),#1132);
#6557 = PCURVE('',#8059,#813);
#6558 = DIRECTION('',(0.,0.,-1.));
#6559 = CARTESIAN_POINT('',(9.424777960769,-0.5));
#6560 = VERTEX_POINT('',#5298);
#6561 = PRODUCT_DEFINITION_FORMATION('','',#6980);
#6562 = PCURVE('',#5594,#3633);
#6563 = CARTESIAN_POINT('',(0.,-1.372705315496E-16));
#6564 = LINE('',#35,#3117);
#6565 = ORIENTED_EDGE('',*,*,#6439,.F.);
#6566 = CARTESIAN_POINT('',(7.1475,0.,19.25));
#6567 = ( GEOMETRIC_REPRESENTATION_CONTEXT(2) 
PARAMETRIC_REPRESENTATION_CONTEXT() REPRESENTATION_CONTEXT('2D SPACE',''
  ) );
#6568 = ADVANCED_FACE('',(#5112),#7021,.T.);
#6569 = CARTESIAN_POINT('',(3.14159265359,-12.6));
#6570 = CARTESIAN_POINT('',(0.666465269084,4.997747749794));
#6571 = DIRECTION('',(1.,0.,0.));
#6572 = VECTOR('',#734,1.);
#6573 = DEFINITIONAL_REPRESENTATION('',(#3654),#6594);
#6574 = VECTOR('',#3328,1.);
#6575 = LINE('',#3757,#1767);
#6576 = CARTESIAN_POINT('',(-3.17517023235,-1.87551866242E-02,
    1.892685283873));
#6577 = ( GEOMETRIC_REPRESENTATION_CONTEXT(2) 
PARAMETRIC_REPRESENTATION_CONTEXT() REPRESENTATION_CONTEXT('2D SPACE',''
  ) );
#6578 = ( BOUNDED_CURVE() B_SPLINE_CURVE(2,(#326,#5027,#3893,#2966,
#5165,#7673,#869),.UNSPECIFIED.,.T.,.F.) B_SPLINE_CURVE_WITH_KNOTS((1,2
    ,2,2,2,1),(-2.094395102393,0.,2.094395102393,4.188790204786,
6.28318530718,8.377580409573),.UNSPECIFIED.) CURVE() 
GEOMETRIC_REPRESENTATION_ITEM() RATIONAL_B_SPLINE_CURVE((1.,0.5,1.,0.5,
1.,0.5,1.)) REPRESENTATION_ITEM('') );
#6579 = CARTESIAN_POINT('',(-12.0775220066,25.303689233046));
#6580 = ( GEOMETRIC_REPRESENTATION_CONTEXT(2) 
PARAMETRIC_REPRESENTATION_CONTEXT() REPRESENTATION_CONTEXT('2D SPACE',''
  ) );
#6581 = LINE('',#4658,#2052);
#6582 = FACE_BOUND('',#4650,.T.);
#6583 = LINE('',#2832,#5461);
#6584 = CARTESIAN_POINT('',(6.28318530718,4.712388980385));
#6585 = CARTESIAN_POINT('',(1.676366320033,7.924632228757,2.95));
#6586 = CARTESIAN_POINT('',(4.336374365237,4.749696520315));
#6587 = CARTESIAN_POINT('',(4.005357550176,-1.580772776685E-05));
#6588 = CARTESIAN_POINT('',(3.14159265359,-1.7763568394E-15));
#6589 = CARTESIAN_POINT('',(6.48,2.541895167316,-2.770972322327));
#6590 = ( GEOMETRIC_REPRESENTATION_CONTEXT(2) 
PARAMETRIC_REPRESENTATION_CONTEXT() REPRESENTATION_CONTEXT('2D SPACE',''
  ) );
#6591 = SURFACE_CURVE('',#129,(#4885,#7120),.PCURVE_S1.);
#6592 = DEFINITIONAL_REPRESENTATION('',(#7307),#3829);
#6593 = ORIENTED_EDGE('',*,*,#1075,.T.);
#6594 = ( GEOMETRIC_REPRESENTATION_CONTEXT(2) 
PARAMETRIC_REPRESENTATION_CONTEXT() REPRESENTATION_CONTEXT('2D SPACE',''
  ) );
#6595 = CARTESIAN_POINT('',(3.14159265359,1.));
#6596 = PCURVE('',#3599,#1202);
#6597 = B_SPLINE_CURVE_WITH_KNOTS('',3,(#7233,#1871,#2475,#113,#7686,
    #670,#5881,#4025,#264,#582,#1675,#4118,#6971,#2941,#5280,#4698,
    #2529,#1128,#7634,#7058,#7309,#944,#4129,#8033,#1324),
  .UNSPECIFIED.,.F.,.F.,(4,1,1,1,1,1,1,1,1,1,1,1,1,1,1,1,1,1,1,1,1,1,4),
  (4.712388980385,4.783788813421,4.855188646457,4.926588479493,
    4.997988312529,5.069388145565,5.140787978601,5.212187811638,
    5.283587644674,5.35498747771,5.426387310746,5.497787143782,
    5.569186976818,5.640586809854,5.711986642891,5.783386475927,
    5.854786308963,5.926186141999,5.997585975035,6.068985808071,
    6.140385641107,6.211785474143,6.28318530718),.QUASI_UNIFORM_KNOTS.);
#6598 = CARTESIAN_POINT('',(5.405934833294,9.184882016696,-2.45));
#6599 = CARTESIAN_POINT('',(1.570796326795,1.142397328578));
#6600 = CARTESIAN_POINT('',(0.704602693884,4.33336793543));
#6601 = VERTEX_POINT('',#833);
#6602 = CARTESIAN_POINT('',(3.14159265359,0.));
#6603 = PCURVE('',#662,#2654);
#6604 = DEFINITIONAL_REPRESENTATION('',(#7997),#382);
#6605 = DIRECTION('',(-0.,1.351732578683E-16,-1.));
#6606 = DEFINITIONAL_REPRESENTATION('',(#7811),#8043);
#6607 = DIRECTION('',(0.,-1.));
#6608 = CARTESIAN_POINT('',(3.733078213361,-0.413454058098));
#6609 = ( GEOMETRIC_REPRESENTATION_CONTEXT(2) 
PARAMETRIC_REPRESENTATION_CONTEXT() REPRESENTATION_CONTEXT('2D SPACE',''
  ) );
#6610 = FACE_BOUND('',#4799,.T.);
#6611 = VECTOR('',#3061,1.);
#6612 = CARTESIAN_POINT('',(3.47662948187,3.425301003007E-07));
#6613 = DIRECTION('',(0.,1.));
#6614 = PCURVE('',#5594,#4961);
#6615 = CARTESIAN_POINT('',(-6.6475,-6.6475));
#6616 = CARTESIAN_POINT('',(-6.48,2.49,-19.25));
#6617 = ( BOUNDED_CURVE() B_SPLINE_CURVE(2,(#4668,#1020,#2647,#484,
#6280,#6329,#2574),.UNSPECIFIED.,.T.,.F.) B_SPLINE_CURVE_WITH_KNOTS((1,2
    ,2,2,2,1),(-2.094395102393,0.,2.094395102393,4.188790204786,
6.28318530718,8.377580409573),.UNSPECIFIED.) CURVE() 
GEOMETRIC_REPRESENTATION_ITEM() RATIONAL_B_SPLINE_CURVE((1.,0.5,1.,0.5,
1.,0.5,1.)) REPRESENTATION_ITEM('') );
#6618 = CARTESIAN_POINT('',(0.,7.35,-16.75));
#6619 = AXIS2_PLACEMENT_3D('',#3233,#2931,#6842);
#6620 = CARTESIAN_POINT('',(3.932762691167,1.36673145207));
#6621 = ORIENTED_EDGE('',*,*,#8713,.T.);
#6622 = CARTESIAN_POINT('',(4.38198352711,5.943693198537));
#6623 = CARTESIAN_POINT('',(5.094606295512,9.825579106321,-2.45));
#6624 = ( BOUNDED_CURVE() B_SPLINE_CURVE(3,(#2216,#4424,#984,#5921),
.UNSPECIFIED.,.F.,.F.) B_SPLINE_CURVE_WITH_KNOTS((4,4),(3.14159265359,
4.398473978727),.PIECEWISE_BEZIER_KNOTS.) CURVE() 
GEOMETRIC_REPRESENTATION_ITEM() RATIONAL_B_SPLINE_CURVE((1.,
0.872630134027,0.872630134027,1.)) REPRESENTATION_ITEM('') );
#6625 = ( GEOMETRIC_REPRESENTATION_CONTEXT(2) 
PARAMETRIC_REPRESENTATION_CONTEXT() REPRESENTATION_CONTEXT('2D SPACE',''
  ) );
#6626 = CARTESIAN_POINT('',(1.008688216115E-03,-3.972737002251E-06));
#6627 = PCURVE('',#6177,#3386);
#6628 = DIRECTION('',(0.,0.,-1.));
#6629 = CIRCLE('',#2082,3.175);
#6630 = ( GEOMETRIC_REPRESENTATION_CONTEXT(2) 
PARAMETRIC_REPRESENTATION_CONTEXT() REPRESENTATION_CONTEXT('2D SPACE',''
  ) );
#6631 = ORIENTED_EDGE('',*,*,#1316,.T.);
#6632 = AXIS2_PLACEMENT_3D('',#4841,#6711,#1028);
#6633 = VECTOR('',#7805,1.);
#6634 = LINE('',#2189,#7440);
#6635 = ( GEOMETRIC_REPRESENTATION_CONTEXT(2) 
PARAMETRIC_REPRESENTATION_CONTEXT() REPRESENTATION_CONTEXT('2D SPACE',''
  ) );
#6636 = AXIS2_PLACEMENT_3D('',#1881,#6628,#1426);
#6637 = CARTESIAN_POINT('',(4.958919408154,4.702699317167));
#6638 = DIRECTION('',(-0.,1.351732578683E-16,-1.));
#6639 = DEFINITIONAL_REPRESENTATION('',(#5487),#5044);
#6640 = DIRECTION('',(0.,1.,1.351732578683E-16));
#6641 = EDGE_LOOP('',(#8334,#2568,#2539,#7770,#2508,#8801,#1579,#3810));
#6642 = ( GEOMETRIC_REPRESENTATION_CONTEXT(2) 
PARAMETRIC_REPRESENTATION_CONTEXT() REPRESENTATION_CONTEXT('2D SPACE',''
  ) );
#6643 = DEFINITIONAL_REPRESENTATION('',(#7523),#405);
#6644 = CARTESIAN_POINT('',(-1.676366320018,7.92463222876,2.95));
#6645 = CARTESIAN_POINT('',(4.712388980385,-2.570393989301));
#6646 = EDGE_CURVE('',#1674,#4486,#6337,.T.);
#6647 = ORIENTED_EDGE('',*,*,#2615,.F.);
#6648 = CARTESIAN_POINT('',(5.284496476119,4.92823139723));
#6649 = CARTESIAN_POINT('',(-6.342081870568,-10.52963552152));
#6650 = B_SPLINE_CURVE_WITH_KNOTS('',3,(#2786,#5604,#5861,#5293,#3803,
    #7361,#6030,#2770,#6296,#3987,#2512,#2382,#3913,#4569,#3187,#8878,
    #75,#842,#8455,#1672,#5118,#4870,#1972,#1994,#8855),
  .UNSPECIFIED.,.F.,.F.,(4,1,1,1,1,1,1,1,1,1,1,1,1,1,1,1,1,1,1,1,1,1,4),
  (5.145830197059,5.156408014057,5.166985831055,5.177563648053,
    5.188141465052,5.19871928205,5.209297099048,5.219874916046,
    5.230452733044,5.241030550043,5.251608367041,5.262186184039,
    5.272764001037,5.283341818035,5.293919635034,5.304497452032,
    5.31507526903,5.325653086028,5.336230903026,5.346808720025,
    5.357386537023,5.367964354021,5.378542171019),
  .QUASI_UNIFORM_KNOTS.);
#6651 = EDGE_CURVE('',#181,#8624,#251,.T.);
#6652 = CARTESIAN_POINT('',(5.417215958983,4.629003656687));
#6653 = CARTESIAN_POINT('',(1.169680647725,2.951327181874));
#6654 = ( GEOMETRIC_REPRESENTATION_CONTEXT(2) 
PARAMETRIC_REPRESENTATION_CONTEXT() REPRESENTATION_CONTEXT('2D SPACE',''
  ) );
#6655 = ORIENTED_EDGE('',*,*,#6376,.F.);
#6656 = CARTESIAN_POINT('',(3.993446436743E-03,0.772130331588));
#6657 = LINE('',#4493,#384);
#6658 = CARTESIAN_POINT('',(6.28318530718,-1.570796326795));
#6659 = ( GEOMETRIC_REPRESENTATION_CONTEXT(2) 
PARAMETRIC_REPRESENTATION_CONTEXT() REPRESENTATION_CONTEXT('2D SPACE',''
  ) );
#6660 = ( GEOMETRIC_REPRESENTATION_CONTEXT(2) 
PARAMETRIC_REPRESENTATION_CONTEXT() REPRESENTATION_CONTEXT('2D SPACE',''
  ) );
#6661 = CARTESIAN_POINT('',(0.,0.,19.25));
#6662 = DIRECTION('',(0.,1.,1.351732578683E-16));
#6663 = ORIENTED_EDGE('',*,*,#2999,.T.);
#6664 = EDGE_CURVE('',#8034,#5976,#8480,.T.);
#6665 = DEFINITIONAL_REPRESENTATION('',(#5162),#3253);
#6666 = DIRECTION('',(0.,0.786011783021,0.618211514736));
#6667 = DIRECTION('',(-0.,1.351732578683E-16,-1.));
#6668 = CARTESIAN_POINT('',(4.945393167049,6.211713752195));
#6669 = DIRECTION('',(0.,1.));
#6670 = CARTESIAN_POINT('',(0.,1.612403413174E-15,18.75));
#6671 = CARTESIAN_POINT('',(3.720064463692,0.477908481161));
#6672 = DIRECTION('',(1.,5.654319433713E-16));
#6673 = CARTESIAN_POINT('',(0.,6.6475,16.75));
#6674 = CARTESIAN_POINT('',(0.927295218002,0.));
#6675 = DIRECTION('',(0.,0.,1.));
#6676 = DIRECTION('',(-1.,-1.351732578683E-16));
#6677 = CARTESIAN_POINT('',(0.,-4.));
#6678 = DIRECTION('',(-0.,-0.,1.));
#6679 = DEFINITIONAL_REPRESENTATION('',(#7870),#8298);
#6680 = CARTESIAN_POINT('',(5.05910550137,4.105091758829));
#6681 = CARTESIAN_POINT('',(1.181496680442,2.417151701394));
#6682 = ( GEOMETRIC_REPRESENTATION_CONTEXT(2) 
PARAMETRIC_REPRESENTATION_CONTEXT() REPRESENTATION_CONTEXT('2D SPACE',''
  ) );
#6683 = ORIENTED_EDGE('',*,*,#8605,.F.);
#6684 = CARTESIAN_POINT('',(1.133837122013,-7.632897266458));
#6685 = CARTESIAN_POINT('',(-6.48,-3.006007151788,-2.475693100408));
#6686 = CARTESIAN_POINT('',(6.28318530718,4.712388980385));
#6687 = DEFINITIONAL_REPRESENTATION('',(#2494),#1047);
#6688 = ( GEOMETRIC_REPRESENTATION_CONTEXT(2) 
PARAMETRIC_REPRESENTATION_CONTEXT() REPRESENTATION_CONTEXT('2D SPACE',''
  ) );
#6689 = CARTESIAN_POINT('',(4.308573048979,5.742964632884));
#6690 = CARTESIAN_POINT('',(2.57952271226,1.44456749569,-3.20120638888)
  );
#6691 = ( GEOMETRIC_REPRESENTATION_CONTEXT(2) 
PARAMETRIC_REPRESENTATION_CONTEXT() REPRESENTATION_CONTEXT('2D SPACE',''
  ) );
#6692 = CYLINDRICAL_SURFACE('',#6619,3.175);
#6693 = SURFACE_CURVE('',#5863,(#4484,#417),.PCURVE_S1.);
#6694 = CARTESIAN_POINT('',(3.993446436743E-03,0.));
#6695 = SURFACE_CURVE('',#2827,(#3668,#7549),.PCURVE_S1.);
#6696 = CARTESIAN_POINT('',(0.874799012041,4.649237564685));
#6697 = CARTESIAN_POINT('',(2.475127384505,-3.093992764899));
#6698 = VECTOR('',#6969,1.);
#6699 = SURFACE_CURVE('',#1257,(#7250,#2964),.PCURVE_S1.);
#6700 = ( GEOMETRIC_REPRESENTATION_CONTEXT(2) 
PARAMETRIC_REPRESENTATION_CONTEXT() REPRESENTATION_CONTEXT('2D SPACE',''
  ) );
#6701 = DEFINITIONAL_REPRESENTATION('',(#8578),#1081);
#6702 = CARTESIAN_POINT('',(2.770972322327,2.541895167316));
#6703 = VECTOR('',#3128,1.);
#6704 = SURFACE_CURVE('',#1195,(#2617,#1912),.PCURVE_S1.);
#6705 = CARTESIAN_POINT('',(4.145789037238,4.873103563704));
#6706 = DIRECTION('',(1.,0.));
#6707 = B_SPLINE_CURVE_WITH_KNOTS('',3,(#2653,#1770,#17,#4723,#5642,
    #50,#8158,#5016,#5796,#3703,#6525,#3689),.UNSPECIFIED.,.F.,.F.,(4,
    2,2,2,2,4),(1.11250560896E-06,1.108059281762E-03,2.215006057915E-03,
    2.768479445992E-03,3.321952834068E-03,4.428899610221E-03),
  .UNSPECIFIED.);
#6708 = CARTESIAN_POINT('',(4.152002009382,4.06638262332));
#6709 = AXIS2_PLACEMENT_3D('',#3401,#2230,#6130);
#6710 = CARTESIAN_POINT('',(1.263540549222,4.307317494818));
#6711 = DIRECTION('',(0.,-1.351732578683E-16,1.));
#6712 = CARTESIAN_POINT('',(5.072728166913,0.634701073539));
#6713 = VECTOR('',#4473,1.);
#6714 = LINE('',#1575,#4781);
#6715 = DIRECTION('',(1.,-5.654319433713E-16));
#6716 = FACE_BOUND('',#5119,.F.);
#6717 = PCURVE('',#778,#645);
#6718 = VERTEX_POINT('',#8208);
#6719 = CARTESIAN_POINT('',(4.712388980384,3.14159265359));
#6720 = LINE('',#7524,#3765);
#6721 = VECTOR('',#3494,1.);
#6722 = FACE_BOUND('',#1125,.T.);
#6723 = VERTEX_POINT('',#2390);
#6724 = PCURVE('',#7377,#2188);
#6725 = DIRECTION('',(-0.,0.786011783021,0.618211514736));
#6726 = CARTESIAN_POINT('',(0.,-7.1475));
#6727 = ORIENTED_EDGE('',*,*,#2372,.F.);
#6728 = VECTOR('',#6935,1.);
#6729 = SURFACE_CURVE('',#2693,(#7213,#923),.PCURVE_S1.);
#6730 = CARTESIAN_POINT('',(13.295,-6.6475));
#6731 = SURFACE_CURVE('',#4440,(#5785,#1103),.PCURVE_S1.);
#6732 = DIRECTION('',(-1.95228915709E-16,1.));
#6733 = CIRCLE('',#3602,8.1);
#6734 = CARTESIAN_POINT('',(5.00968504095,4.363380547434));
#6735 = CARTESIAN_POINT('',(3.808057922674,1.94223089912));
#6736 = CARTESIAN_POINT('',(6.28318530718,7.850462293419E-17));
#6737 = EDGE_CURVE('',#7266,#5645,#3457,.T.);
#6738 = CARTESIAN_POINT('',(5.726085883246,0.406412536038));
#6739 = DIRECTION('',(0.,1.));
#6740 = CARTESIAN_POINT('',(0.898040061025,4.705316898536));
#6741 = CARTESIAN_POINT('',(5.118584911519,3.403267252395));
#6742 = LINE('',#6773,#7383);
#6743 = CIRCLE('',#2167,8.1);
#6744 = CARTESIAN_POINT('',(5.590658380835,4.315600411408));
#6745 = VERTEX_POINT('',#5639);
#6746 = CARTESIAN_POINT('',(2.475127384505,2.855993321445));
#6747 = PCURVE('',#150,#6323);
#6748 = PCURVE('',#3205,#1434);
#6749 = CARTESIAN_POINT('',(0.,3.175,2.45));
#6750 = DIRECTION('',(0.,1.));
#6751 = CARTESIAN_POINT('',(0.878221737947,-6.2005435024));
#6752 = DEFINITIONAL_REPRESENTATION('',(#7913),#6691);
#6753 = PCURVE('',#3242,#1792);
#6754 = VECTOR('',#5409,1.);
#6755 = CARTESIAN_POINT('',(1.570796326795,-1.999195325012));
#6756 = DIRECTION('',(0.,-1.351732578683E-16,1.));
#6757 = CARTESIAN_POINT('',(1.2358746805,4.162813907899));
#6758 = ( GEOMETRIC_REPRESENTATION_CONTEXT(2) 
PARAMETRIC_REPRESENTATION_CONTEXT() REPRESENTATION_CONTEXT('2D SPACE',''
  ) );
#6759 = CARTESIAN_POINT('',(4.04623578975,4.778567823819));
#6760 = DIRECTION('',(0.,1.,1.351732578683E-16));
#6761 = CARTESIAN_POINT('',(2.105171184488,5.263800046896));
#6762 = CARTESIAN_POINT('',(1.020512255071,1.484397147533));
#6763 = ADVANCED_FACE('',(#7511,#1932),#150,.F.);
#6764 = CARTESIAN_POINT('',(5.455816036115,1.736729094148));
#6765 = CARTESIAN_POINT('',(5.773159728051E-15,-6.599113576837));
#6766 = CARTESIAN_POINT('',(1.173884864155,2.478559831043));
#6767 = CARTESIAN_POINT('',(3.14159265359,0.));
#6768 = CARTESIAN_POINT('',(5.578796167299,-0.723496032555));
#6769 = ( GEOMETRIC_REPRESENTATION_CONTEXT(2) 
PARAMETRIC_REPRESENTATION_CONTEXT() REPRESENTATION_CONTEXT('2D SPACE',''
  ) );
#6770 = CARTESIAN_POINT('',(0.108535115162,2.841299009761));
#6771 = CIRCLE('',#8040,5.215);
#6772 = CARTESIAN_POINT('',(2.247976309394E-04,1.003451955852));
#6773 = CARTESIAN_POINT('',(3.14159265359,-3.14159265359));
#6774 = DEFINITIONAL_REPRESENTATION('',(#1670),#6758);
#6775 = DEFINITIONAL_REPRESENTATION('',(#1896),#3002);
#6776 = CARTESIAN_POINT('',(4.194358703901,3.766942237623));
#6777 = ADVANCED_FACE('',(#4149),#4121,.T.);
#6778 = CARTESIAN_POINT('',(5.594992061644,4.932803877198,2.45));
#6779 = CARTESIAN_POINT('',(3.159406766271,-9.156543875436E-07));
#6780 = CARTESIAN_POINT('',(0.666465269084,2.71324916985));
#6781 = ORIENTED_EDGE('',*,*,#4196,.F.);
#6782 = DEFINITIONAL_REPRESENTATION('',(#7646),#1804);
#6783 = ORIENTED_EDGE('',*,*,#7080,.T.);
#6784 = ORIENTED_EDGE('',*,*,#8821,.T.);
#6785 = CARTESIAN_POINT('',(0.774770016797,4.44714357341));
#6786 = CARTESIAN_POINT('',(7.1475,0.,15.75));
#6787 = ORIENTED_EDGE('',*,*,#969,.F.);
#6788 = ( GEOMETRIC_REPRESENTATION_CONTEXT(2) 
PARAMETRIC_REPRESENTATION_CONTEXT() REPRESENTATION_CONTEXT('2D SPACE',''
  ) );
#6789 = DIRECTION('',(1.,4.712543540708E-16));
#6790 = CARTESIAN_POINT('',(0.,-14.08,5.597522006608));
#6791 = ( GEOMETRIC_REPRESENTATION_CONTEXT(2) 
PARAMETRIC_REPRESENTATION_CONTEXT() REPRESENTATION_CONTEXT('2D SPACE',''
  ) );
#6792 = VECTOR('',#7852,1.);
#6793 = CARTESIAN_POINT('',(4.9997518489,1.861187951098));
#6794 = VERTEX_POINT('',#3364);
#6795 = B_SPLINE_CURVE_WITH_KNOTS('',3,(#4208,#5975,#2520,#2457,#4100,
    #2236,#8719,#5034,#595,#1259,#2630,#4192,#3627,#2090,#7447,#4527,
    #597,#3917,#368,#7844,#5515,#3030,#2594,#935,#2008),
  .UNSPECIFIED.,.F.,.F.,(4,1,1,1,1,1,1,1,1,1,1,1,1,1,1,1,1,1,1,1,1,1,4),
  (5.378542171019,5.419662313572,5.460782456125,5.501902598677,
    5.54302274123,5.584142883783,5.625263026336,5.666383168888,
    5.707503311441,5.748623453994,5.789743596547,5.830863739099,
    5.871983881652,5.913104024205,5.954224166758,5.99534430931,
    6.036464451863,6.077584594416,6.118704736969,6.159824879521,
    6.200945022074,6.242065164627,6.28318530718),.QUASI_UNIFORM_KNOTS.);
#6796 = CARTESIAN_POINT('',(1.220039307164,2.19741445185));
#6797 = CARTESIAN_POINT('',(0.,-6.067978769025,-4.589190701346));
#6798 = CARTESIAN_POINT('',(0.,10.073989384512,0.504165652631));
#6799 = CARTESIAN_POINT('',(0.,-3.5));
#6800 = CARTESIAN_POINT('',(6.260557585853,-10.87547718502));
#6801 = FACE_BOUND('',#7419,.T.);
#6802 = PCURVE('',#2780,#2420);
#6803 = ORIENTED_EDGE('',*,*,#4164,.T.);
#6804 = CARTESIAN_POINT('',(1.004210405302,4.872982665769));
#6805 = ORIENTED_EDGE('',*,*,#7509,.F.);
#6806 = ORIENTED_EDGE('',*,*,#5123,.F.);
#6807 = CARTESIAN_POINT('',(4.226109610103,3.537650395268));
#6808 = CARTESIAN_POINT('',(5.591054917327,1.968159169134));
#6809 = DIRECTION('',(-0.,1.351732578683E-16,-1.));
#6810 = ( BOUNDED_CURVE() B_SPLINE_CURVE(2,(#2716,#765,#4171,#8601,
#7662,#6850,#3515),.UNSPECIFIED.,.T.,.F.) B_SPLINE_CURVE_WITH_KNOTS((1,2
    ,2,2,2,1),(-2.094395102393,0.,2.094395102393,4.188790204786,
6.28318530718,8.377580409573),.UNSPECIFIED.) CURVE() 
GEOMETRIC_REPRESENTATION_ITEM() RATIONAL_B_SPLINE_CURVE((1.,0.5,1.,0.5,
1.,0.5,1.)) REPRESENTATION_ITEM('') );
#6811 = CARTESIAN_POINT('',(0.,3.14159265359));
#6812 = DEFINITIONAL_REPRESENTATION('',(#7767),#649);
#6813 = DEFINITIONAL_REPRESENTATION('',(#3133),#6018);
#6814 = CARTESIAN_POINT('',(2.37355219432,1.319771457122,-2.846228764569
    ));
#6815 = AXIS2_PLACEMENT_3D('',#928,#726,#3883);
#6816 = FACE_BOUND('',#8788,.T.);
#6817 = DIRECTION('',(0.,-1.,-1.351732578683E-16));
#6818 = ( GEOMETRIC_REPRESENTATION_CONTEXT(2) 
PARAMETRIC_REPRESENTATION_CONTEXT() REPRESENTATION_CONTEXT('2D SPACE',''
  ) );
#6819 = CARTESIAN_POINT('',(4.712388980385,1.28519699465));
#6820 = CARTESIAN_POINT('',(0.,-3.5));
#6821 = CARTESIAN_POINT('',(4.06343783667,2.347159451347E-06));
#6822 = ADVANCED_FACE('',(#7322),#5877,.F.);
#6823 = CARTESIAN_POINT('',(5.432594784026,0.869091694947));
#6824 = CARTESIAN_POINT('',(5.910657982647,4.291168706658,2.45));
#6825 = LINE('',#4922,#5438);
#6826 = CIRCLE('',#8386,3.175);
#6827 = DIRECTION('',(0.,-1.351732578683E-16,1.));
#6828 = ( GEOMETRIC_REPRESENTATION_CONTEXT(2) 
PARAMETRIC_REPRESENTATION_CONTEXT() REPRESENTATION_CONTEXT('2D SPACE',''
  ) );
#6829 = ( GEOMETRIC_REPRESENTATION_CONTEXT(2) 
PARAMETRIC_REPRESENTATION_CONTEXT() REPRESENTATION_CONTEXT('2D SPACE',''
  ) );
#6830 = AXIS2_PLACEMENT_2D('',#5011,#1110);
#6831 = LINE('',#5927,#2882);
#6832 = DEFINITIONAL_REPRESENTATION('',(#1705),#1292);
#6833 = CARTESIAN_POINT('',(1.803800513459,6.211713752191));
#6834 = CARTESIAN_POINT('',(3.019844003343,-0.606089220357,
    -0.816186562689));
#6835 = DIRECTION('',(-1.,0.));
#6836 = PCURVE('',#3681,#5504);
#6837 = LINE('',#5382,#5727);
#6838 = CARTESIAN_POINT('',(0.,6.28318530718));
#6839 = AXIS2_PLACEMENT_3D('',#1116,#6419,#5133);
#6840 = CARTESIAN_POINT('',(-6.6475,0.));
#6841 = VECTOR('',#2541,1.);
#6842 = DIRECTION('',(0.,-0.618211514736,0.786011783021));
#6843 = DIRECTION('',(0.,1.));
#6844 = CARTESIAN_POINT('',(3.675,2.06246111186E-15,18.75));
#6845 = CARTESIAN_POINT('',(-6.6475,0.));
#6846 = CARTESIAN_POINT('',(0.,7.35,-16.75));
#6847 = CARTESIAN_POINT('',(2.326535076676,4.712388980385));
#6848 = CARTESIAN_POINT('',(-6.48,2.49,-2.903113650524));
#6849 = CARTESIAN_POINT('',(4.380659895075,6.182007841714));
#6850 = CARTESIAN_POINT('',(-8.1,-20.6771115413));
#6851 = CARTESIAN_POINT('',(0.,-7.35,-19.25));
#6852 = EDGE_LOOP('',(#3171,#7045,#8072,#7995));
#6853 = VECTOR('',#7526,1.);
#6854 = DIRECTION('',(0.,1.));
#6855 = CARTESIAN_POINT('',(2.475127384505,0.428398998217));
#6856 = CARTESIAN_POINT('',(5.616720038095,0.));
#6857 = DIRECTION('',(0.,1.,1.351732578683E-16));
#6858 = CARTESIAN_POINT('',(0.666465269084,2.004237543469));
#6859 = VECTOR('',#5631,1.);
#6860 = CARTESIAN_POINT('',(6.48,3.378904433283,-2.45));
#6861 = CARTESIAN_POINT('',(0.164127164988,2.878978580082));
#6862 = DEFINITIONAL_REPRESENTATION('',(#4384),#3973);
#6863 = SURFACE_CURVE('',#2863,(#2191,#1357),.PCURVE_S1.);
#6864 = CARTESIAN_POINT('',(0.,-3.5));
#6865 = CARTESIAN_POINT('',(1.570796326795,0.571198664289));
#6866 = CARTESIAN_POINT('',(2.162168468425,5.022921163666));
#6867 = EDGE_CURVE('',#7656,#3291,#2677,.T.);
#6868 = CARTESIAN_POINT('',(0.,7.35,-16.75));
#6869 = CARTESIAN_POINT('',(6.998856457127E-16,1.635,-19.25));
#6870 = CARTESIAN_POINT('',(1.570796326795,0.713998330361));
#6871 = CARTESIAN_POINT('',(-2.04,0.));
#6872 = ORIENTED_EDGE('',*,*,#8011,.F.);
#6873 = CARTESIAN_POINT('',(3.14159265359,3.552713678801E-15));
#6874 = ORIENTED_EDGE('',*,*,#284,.F.);
#6875 = CARTESIAN_POINT('',(5.330484109847,5.489594215434));
#6876 = CARTESIAN_POINT('',(-7.1475,8.753162996906E-16,15.75));
#6877 = ( GEOMETRIC_REPRESENTATION_CONTEXT(2) 
PARAMETRIC_REPRESENTATION_CONTEXT() REPRESENTATION_CONTEXT('2D SPACE',''
  ) );
#6878 = CIRCLE('',#7320,6.6475);
#6879 = DIRECTION('',(-1.,-1.130863886743E-15));
#6880 = VECTOR('',#3182,1.);
#6881 = ORIENTED_EDGE('',*,*,#3846,.F.);
#6882 = CARTESIAN_POINT('',(5.616720038095,1.713595992867));
#6883 = CIRCLE('',#1638,6.6475);
#6884 = CARTESIAN_POINT('',(1.313415650719,6.143135937105));
#6885 = DIRECTION('',(0.,1.));
#6886 = SURFACE_CURVE('',#2435,(#7177,#1322),.PCURVE_S1.);
#6887 = ORIENTED_EDGE('',*,*,#7699,.F.);
#6888 = CARTESIAN_POINT('',(5.166325079529,5.604371335686));
#6889 = CARTESIAN_POINT('',(0.,0.));
#6890 = CARTESIAN_POINT('',(0.900841253207,4.712388980385));
#6891 = ( GEOMETRIC_REPRESENTATION_CONTEXT(2) 
PARAMETRIC_REPRESENTATION_CONTEXT() REPRESENTATION_CONTEXT('2D SPACE',''
  ) );
#6892 = CARTESIAN_POINT('',(-2.04,0.));
#6893 = CARTESIAN_POINT('',(0.,0.,19.25));
#6894 = DIRECTION('',(0.,1.));
#6895 = ADVANCED_FACE('',(#413),#2780,.T.);
#6896 = DIRECTION('',(1.,0.));
#6897 = CARTESIAN_POINT('',(5.107811511012,3.153569733211));
#6898 = CARTESIAN_POINT('',(4.712388980385,3.641391484843));
#6899 = ( GEOMETRIC_REPRESENTATION_CONTEXT(2) 
PARAMETRIC_REPRESENTATION_CONTEXT() REPRESENTATION_CONTEXT('2D SPACE',''
  ) );
#6900 = DIRECTION('',(1.,0.,0.));
#6901 = CARTESIAN_POINT('',(3.122052479826,-5.80895833973E-13,
    0.305566507554));
#6902 = CARTESIAN_POINT('',(9.97125,-5.756903871657));
#6903 = CIRCLE('',#1497,6.6475);
#6904 = CARTESIAN_POINT('',(6.48,-9.465500022292));
#6905 = CARTESIAN_POINT('',(5.025201199146,4.277104988764));
#6906 = ADVANCED_FACE('',(#3344),#24,.T.);
#6907 = CARTESIAN_POINT('',(0.,-8.100643118572,-1.424101329214));
#6908 = DEFINITIONAL_REPRESENTATION('',(#163),#3161);
#6909 = DEFINITIONAL_REPRESENTATION('',(#7251),#914);
#6910 = CARTESIAN_POINT('',(4.712388980385,-1.570796326795));
#6911 = ORIENTED_EDGE('',*,*,#6354,.T.);
#6912 = ORIENTED_EDGE('',*,*,#11,.T.);
#6913 = VECTOR('',#8841,1.);
#6914 = DEFINITIONAL_REPRESENTATION('',(#7657),#4826);
#6915 = CARTESIAN_POINT('',(5.446528641493,-0.528701862659));
#6916 = CARTESIAN_POINT('',(-6.48,3.19426938448,-2.45));
#6917 = CIRCLE('',#2064,6.6475);
#6918 = CARTESIAN_POINT('',(4.712388980385,4.498189481276));
#6919 = VECTOR('',#2846,1.);
#6920 = CARTESIAN_POINT('',(5.107796924376,3.145587289603));
#6921 = VECTOR('',#3541,1.);
#6922 = LINE('',#4394,#3937);
#6923 = ( GEOMETRIC_REPRESENTATION_CONTEXT(2) 
PARAMETRIC_REPRESENTATION_CONTEXT() REPRESENTATION_CONTEXT('2D SPACE',''
  ) );
#6924 = VECTOR('',#5872,1.);
#6925 = CARTESIAN_POINT('',(1.052766050311,-8.226013577481));
#6926 = DIRECTION('',(-0.,-0.,1.));
#6927 = CARTESIAN_POINT('',(0.,-7.35,-18.75));
#6928 = CARTESIAN_POINT('',(3.019844003343,0.606089220357,
    -0.816186562689));
#6929 = DIRECTION('',(-0.,1.351732578683E-16,-1.));
#6930 = CARTESIAN_POINT('',(5.053179939722,4.13386860399));
#6931 = CARTESIAN_POINT('',(4.209392200069,5.46689235442));
#6932 = PCURVE('',#2802,#7195);
#6933 = DIRECTION('',(0.,1.,1.351732578683E-16));
#6934 = CARTESIAN_POINT('',(7.362477993392,-36.52737846609));
#6935 = DIRECTION('',(-0.,1.,-0.));
#6936 = CARTESIAN_POINT('',(2.45,3.19426938448));
#6937 = LINE('',#6248,#3483);
#6938 = CARTESIAN_POINT('',(1.240266935174,4.740767235131));
#6939 = ORIENTED_EDGE('',*,*,#8,.T.);
#6940 = SURFACE_CURVE('',#5611,(#6562,#8563),.PCURVE_S1.);
#6941 = ORIENTED_EDGE('',*,*,#3288,.F.);
#6942 = DIRECTION('',(0.,-1.,-1.351732578683E-16));
#6943 = CIRCLE('',#1827,0.5);
#6944 = CARTESIAN_POINT('',(6.28318530718,1.570796326795));
#6945 = CARTESIAN_POINT('',(3.770034096347,0.999996706649));
#6946 = CARTESIAN_POINT('',(0.,6.28318530718));
#6947 = CARTESIAN_POINT('',(-0.5,-12.37983314709));
#6948 = B_SPLINE_CURVE_WITH_KNOTS('',3,(#4761,#8561,#1176,#1661,#2118,
    #6800,#4271,#2199,#6904,#7184),.UNSPECIFIED.,.F.,.F.,(4,2,2,2,4),(
    3.161314112012E-03,4.226816138044E-03,5.292318164076E-03,
    6.357820190108E-03,7.42332221614E-03),.UNSPECIFIED.);
#6949 = DEFINITIONAL_REPRESENTATION('',(#6550),#3651);
#6950 = DIRECTION('',(0.,0.,1.));
#6951 = CARTESIAN_POINT('',(0.,-7.35,-17.75));
#6952 = CARTESIAN_POINT('',(1.175307876621,3.165524576723));
#6953 = VECTOR('',#4790,1.);
#6954 = ( GEOMETRIC_REPRESENTATION_CONTEXT(2) 
PARAMETRIC_REPRESENTATION_CONTEXT() REPRESENTATION_CONTEXT('2D SPACE',''
  ) );
#6955 = DIRECTION('',(0.,-1.351732578683E-16,1.));
#6956 = DIRECTION('',(1.,0.,0.));
#6957 = DIRECTION('',(1.,0.));
#6958 = CARTESIAN_POINT('',(5.117930321703,2.57105298385));
#6959 = CARTESIAN_POINT('',(19.9425,1.628167919466E-15));
#6960 = EDGE_CURVE('',#2608,#5140,#6417,.T.);
#6961 = ( GEOMETRIC_REPRESENTATION_CONTEXT(2) 
PARAMETRIC_REPRESENTATION_CONTEXT() REPRESENTATION_CONTEXT('2D SPACE',''
  ) );
#6962 = CARTESIAN_POINT('',(3.817472265658,1.267059903144));
#6963 = CARTESIAN_POINT('',(1.750971726755,-16.26110134599));
#6964 = CARTESIAN_POINT('',(0.,1.212178440714,-4.558741109223E-02));
#6965 = CARTESIAN_POINT('',(0.,7.35,-15.75));
#6966 = SURFACE_CURVE('',#4127,(#7442,#8608),.PCURVE_S1.);
#6967 = DIRECTION('',(0.,-0.,1.));
#6968 = LINE('',#6188,#5486);
#6969 = DIRECTION('',(1.,0.));
#6970 = CARTESIAN_POINT('',(0.,-3.5));
#6971 = CARTESIAN_POINT('',(1.570796326795,2.356194490192));
#6972 = CARTESIAN_POINT('',(0.,0.,19.25));
#6973 = ORIENTED_EDGE('',*,*,#3216,.F.);
#6974 = DIRECTION('',(0.,1.));
#6975 = DIRECTION('',(1.,0.));
#6976 = CARTESIAN_POINT('',(5.109589689449,3.034363273777));
#6977 = VERTEX_POINT('',#3010);
#6978 = PCURVE('',#6429,#5012);
#6979 = DIRECTION('',(0.,-1.351732578683E-16,1.));
#6980 = PRODUCT('Open CASCADE STEP translator 7.8 3',
  'Open CASCADE STEP translator 7.8 3','',(#3547));
#6981 = DIRECTION('',(0.,3.469446951954E-16,1.));
#6982 = CARTESIAN_POINT('',(5.030581371963,4.248465061914));
#6983 = DIRECTION('',(0.,1.,1.351732578683E-16));
#6984 = CARTESIAN_POINT('',(5.065162635678,2.206987742334));
#6985 = VECTOR('',#8070,1.);
#6986 = AXIS2_PLACEMENT_3D('',#7212,#2928,#2989);
#6987 = CARTESIAN_POINT('',(1.570796326795,3.641391484843));
#6988 = CARTESIAN_POINT('',(14.58,-6.48));
#6989 = ( GEOMETRIC_REPRESENTATION_CONTEXT(2) 
PARAMETRIC_REPRESENTATION_CONTEXT() REPRESENTATION_CONTEXT('2D SPACE',''
  ) );
#6990 = CARTESIAN_POINT('',(0.,7.35,-2.95));
#6991 = CARTESIAN_POINT('',(-6.48,7.6,2.45));
#6992 = DIRECTION('',(0.,-1.,-1.25431921618E-16));
#6993 = CARTESIAN_POINT('',(5.485709829266,4.488347744646));
#6994 = ( GEOMETRIC_REPRESENTATION_CONTEXT(2) 
PARAMETRIC_REPRESENTATION_CONTEXT() REPRESENTATION_CONTEXT('2D SPACE',''
  ) );
#6995 = LINE('',#878,#2061);
#6996 = ( GEOMETRIC_REPRESENTATION_CONTEXT(2) 
PARAMETRIC_REPRESENTATION_CONTEXT() REPRESENTATION_CONTEXT('2D SPACE',''
  ) );
#6997 = ( GEOMETRIC_REPRESENTATION_CONTEXT(2) 
PARAMETRIC_REPRESENTATION_CONTEXT() REPRESENTATION_CONTEXT('2D SPACE',''
  ) );
#6998 = CARTESIAN_POINT('',(3.32375,-0.890596128343));
#6999 = DEFINITIONAL_REPRESENTATION('',(#5535),#1145);
#7000 = CARTESIAN_POINT('',(5.542511489251,1.893704632132));
#7001 = CARTESIAN_POINT('',(1.522886683759,1.570649459879));
#7002 = DEFINITIONAL_REPRESENTATION('',(#221),#2169);
#7003 = ( GEOMETRIC_REPRESENTATION_CONTEXT(2) 
PARAMETRIC_REPRESENTATION_CONTEXT() REPRESENTATION_CONTEXT('2D SPACE',''
  ) );
#7004 = ORIENTED_EDGE('',*,*,#1044,.F.);
#7005 = CARTESIAN_POINT('',(3.994295346411E-03,0.635971788236));
#7006 = ( GEOMETRIC_REPRESENTATION_CONTEXT(2) 
PARAMETRIC_REPRESENTATION_CONTEXT() REPRESENTATION_CONTEXT('2D SPACE',''
  ) );
#7007 = PCURVE('',#2304,#5531);
#7008 = DIRECTION('',(0.,1.));
#7009 = DEFINITIONAL_REPRESENTATION('',(#2641),#4646);
#7010 = DIRECTION('',(-0.,-1.,-1.351732578683E-16));
#7011 = CARTESIAN_POINT('',(3.14159265359,0.));
#7012 = CARTESIAN_POINT('',(1.876261966067,-4.293616156227E-14,
    -2.52524064573));
#7013 = CARTESIAN_POINT('',(6.28318530718,1.7763568394E-15));
#7014 = DIRECTION('',(0.,1.));
#7015 = EDGE_CURVE('',#7703,#7259,#6695,.T.);
#7016 = PCURVE('',#1235,#3808);
#7017 = CARTESIAN_POINT('',(3.808057922674,2.370574382859));
#7018 = PCURVE('',#4121,#2909);
#7019 = ORIENTED_EDGE('',*,*,#3545,.T.);
#7020 = LINE('',#702,#1989);
#7021 = CYLINDRICAL_SURFACE('',#8572,6.48);
#7022 = CARTESIAN_POINT('',(0.,-7.35,-18.75));
#7023 = CARTESIAN_POINT('',(5.616720038095,2.855993321445));
#7024 = DEFINITIONAL_REPRESENTATION('',(#438),#4993);
#7025 = AXIS2_PLACEMENT_3D('',#3433,#1641,#1640);
#7026 = CARTESIAN_POINT('',(3.14159265359,0.5));
#7027 = CARTESIAN_POINT('',(4.398473978727,0.5));
#7028 = DIRECTION('',(-0.,0.786011783021,0.618211514736));
#7029 = CARTESIAN_POINT('',(6.48,-2.49,-2.95));
#7030 = PCURVE('',#1617,#2519);
#7031 = CARTESIAN_POINT('',(4.864270988222,-16.22811121836));
#7032 = ADVANCED_FACE('',(#7249),#5913,.T.);
#7033 = ( GEOMETRIC_REPRESENTATION_CONTEXT(2) 
PARAMETRIC_REPRESENTATION_CONTEXT() REPRESENTATION_CONTEXT('2D SPACE',''
  ) );
#7034 = DIRECTION('',(0.,-1.,-1.351732578683E-16));
#7035 = AXIS2_PLACEMENT_3D('',#3468,#7955,#6857);
#7036 = CARTESIAN_POINT('',(0.925762377051,-9.09980775565));
#7037 = EDGE_CURVE('',#7333,#8835,#5137,.T.);
#7038 = CARTESIAN_POINT('',(0.,0.));
#7039 = CARTESIAN_POINT('',(0.,7.35,-19.25));
#7040 = DIRECTION('',(0.,1.));
#7041 = CARTESIAN_POINT('',(1.647043929652,-16.168171852));
#7042 = CARTESIAN_POINT('',(0.,-7.35,-15.25));
#7043 = AXIS2_PLACEMENT_3D('',#2614,#1630,#7258);
#7044 = CARTESIAN_POINT('',(1.283474548929,4.422246219286));
#7045 = ORIENTED_EDGE('',*,*,#3288,.T.);
#7046 = VECTOR('',#5731,1.);
#7047 = LINE('',#1917,#6480);
#7048 = PCURVE('',#2842,#4173);
#7049 = LINE('',#2962,#3166);
#7050 = CARTESIAN_POINT('',(1.993243241291,-1.66920219577E-05));
#7051 = VERTEX_POINT('',#4856);
#7052 = CARTESIAN_POINT('',(0.,0.,2.95));
#7053 = AXIS2_PLACEMENT_3D('',#3337,#3530,#1728);
#7054 = CARTESIAN_POINT('',(15.2,1.861463134704E-15));
#7055 = VECTOR('',#4901,1.);
#7056 = DEFINITIONAL_REPRESENTATION('',(#706),#4306);
#7057 = ORIENTED_EDGE('',*,*,#989,.F.);
#7058 = CARTESIAN_POINT('',(1.570796326795,1.856395658939));
#7059 = DIRECTION('',(0.,1.,1.351732578683E-16));
#7060 = CARTESIAN_POINT('',(2.051644675199E-03,-7.406764168418E-05));
#7061 = DIRECTION('',(0.,-0.618211514736,-0.786011783021));
#7062 = B_SPLINE_CURVE_WITH_KNOTS('',3,(#3076,#762,#3906,#5017,#3562,
    #783,#1451,#3713,#8761,#6168,#7872,#1433),.UNSPECIFIED.,.F.,.F.,(4,
    2,2,2,2,4),(1.112505609427E-06,1.108059281762E-03,2.215006057915E-03
    ,2.768479445992E-03,3.321952834068E-03,4.428899610221E-03),
  .UNSPECIFIED.);
#7063 = LINE('',#8474,#1227);
#7064 = CARTESIAN_POINT('',(9.424777960769,0.));
#7065 = CARTESIAN_POINT('',(0.892096614241,4.953297907815));
#7066 = PCURVE('',#2802,#4950);
#7067 = CARTESIAN_POINT('',(5.115438179206,2.540148929462));
#7068 = LINE('',#7421,#8852);
#7069 = CARTESIAN_POINT('',(1.570796326795,-4.759988869075E-02));
#7070 = EDGE_CURVE('',#444,#202,#1565,.T.);
#7071 = CARTESIAN_POINT('',(1.173975164121,3.236951990374));
#7072 = ORIENTED_EDGE('',*,*,#7323,.F.);
#7073 = ( BOUNDED_CURVE() B_SPLINE_CURVE(2,(#709,#612,#4404,#7771,
#1648,#8553,#1978),.UNSPECIFIED.,.T.,.F.) B_SPLINE_CURVE_WITH_KNOTS((1,2
    ,2,2,2,1),(-2.094395102393,0.,2.094395102393,4.188790204786,
6.28318530718,8.377580409573),.UNSPECIFIED.) CURVE() 
GEOMETRIC_REPRESENTATION_ITEM() RATIONAL_B_SPLINE_CURVE((1.,0.5,1.,0.5,
1.,0.5,1.)) REPRESENTATION_ITEM('') );
#7074 = CARTESIAN_POINT('',(4.712388980385,0.571198664289));
#7075 = CARTESIAN_POINT('',(4.712388980385,1.856395658939));
#7076 = CARTESIAN_POINT('',(-1.293533831363,-1.795480651711,
    -4.199365624491));
#7077 = ( GEOMETRIC_REPRESENTATION_CONTEXT(2) 
PARAMETRIC_REPRESENTATION_CONTEXT() REPRESENTATION_CONTEXT('2D SPACE',''
  ) );
#7078 = CARTESIAN_POINT('',(1.884711328453,0.182409579328));
#7079 = CARTESIAN_POINT('',(5.273413321897,-0.96069799581));
#7080 = EDGE_CURVE('',#3683,#1037,#4562,.T.);
#7081 = DIRECTION('',(1.,0.));
#7082 = CARTESIAN_POINT('',(4.253765472021,-0.614448039666));
#7083 = EDGE_CURVE('',#2583,#8034,#8104,.T.);
#7084 = CARTESIAN_POINT('',(-0.5,0.));
#7085 = CARTESIAN_POINT('',(0.,7.35,-15.25));
#7086 = EDGE_LOOP('',(#4629,#1606,#5317));
#7087 = LINE('',#4452,#3737);
#7088 = DIRECTION('',(1.,0.));
#7089 = CARTESIAN_POINT('',(5.171012488748,-0.614448039666));
#7090 = CARTESIAN_POINT('',(0.,4.175,-6.415276151398));
#7091 = ORIENTED_EDGE('',*,*,#448,.F.);
#7092 = EDGE_CURVE('',#4332,#2914,#1651,.T.);
#7093 = DIRECTION('',(0.,1.,1.351732578683E-16));
#7094 = ADVANCED_FACE('',(#8055),#342,.T.);
#7095 = CARTESIAN_POINT('',(6.48,2.748827816871,-2.58491986942));
#7096 = DIRECTION('',(0.,-0.786011783021,0.618211514736));
#7097 = CARTESIAN_POINT('',(-6.48,-9.108019041618));
#7098 = SURFACE_CURVE('',#554,(#5452,#4511),.PCURVE_S1.);
#7099 = VECTOR('',#8124,1.);
#7100 = CARTESIAN_POINT('',(0.,4.778567823819));
#7101 = DIRECTION('',(-1.,0.));
#7102 = DEFINITIONAL_REPRESENTATION('',(#4281),#4893);
#7103 = CARTESIAN_POINT('',(6.28318530718,0.));
#7104 = DEFINITIONAL_REPRESENTATION('',(#4500),#3442);
#7105 = VERTEX_POINT('',#472);
#7106 = CARTESIAN_POINT('',(0.,0.));
#7107 = CARTESIAN_POINT('',(4.039834786011,-0.90172836319));
#7108 = CARTESIAN_POINT('',(13.983198676226,6.16589777448));
#7109 = VECTOR('',#8114,1.);
#7110 = DEFINITIONAL_REPRESENTATION('',(#4594),#5494);
#7111 = CARTESIAN_POINT('',(0.680518726879,-3.786837754144E-14,
    -3.13134262259));
#7112 = B_SPLINE_CURVE_WITH_KNOTS('',3,(#7685,#1547,#2985,#420,#4819,
    #4078,#1988,#8016,#5987,#6764,#187,#7277,#2132,#1142,#5982,#5246,
    #2375,#7000,#8276,#2853,#8543,#6808,#5290,#6292,#3082),
  .UNSPECIFIED.,.F.,.F.,(4,1,1,1,1,1,1,1,1,1,1,1,1,1,1,1,1,1,1,1,1,1,4),
  (8.408578804286E-02,8.426247506019E-02,8.443916207752E-02,
    8.461584909485E-02,8.479253611218E-02,8.49692231295E-02,
    8.514591014683E-02,8.532259716416E-02,8.549928418149E-02,
    8.567597119882E-02,8.585265821614E-02,8.602934523347E-02,
    8.62060322508E-02,8.638271926813E-02,8.655940628545E-02,
    8.673609330278E-02,8.691278032011E-02,8.708946733744E-02,
    8.726615435477E-02,8.744284137209E-02,8.761952838942E-02,
    8.779621540675E-02,8.797290242408E-02),.QUASI_UNIFORM_KNOTS.);
#7113 = LINE('',#4836,#1229);
#7114 = CARTESIAN_POINT('',(6.6675,-4.949335182628));
#7115 = DIRECTION('',(0.,1.,1.351732578683E-16));
#7116 = SURFACE_CURVE('',#3805,(#8737,#2809),.PCURVE_S1.);
#7117 = PCURVE('',#2279,#6301);
#7118 = CARTESIAN_POINT('',(2.000203523852,5.67239994888));
#7119 = CARTESIAN_POINT('',(5.616720038095,1.142397328578));
#7120 = PCURVE('',#6009,#2156);
#7121 = CARTESIAN_POINT('',(1.268620750325,1.947593928697));
#7122 = CARTESIAN_POINT('',(14.477577469514,-6.058984485373));
#7123 = CARTESIAN_POINT('',(0.,6.599113576837));
#7124 = DIRECTION('',(0.,-1.));
#7125 = CARTESIAN_POINT('',(0.,-7.35,-18.75));
#7126 = CARTESIAN_POINT('',(-3.160974219631,0.260826466995,0.52297730239
    ));
#7127 = CARTESIAN_POINT('',(-5.880767364025,7.750488309409,-2.45));
#7128 = VECTOR('',#5809,1.);
#7129 = AXIS2_PLACEMENT_3D('',#6868,#3671,#2068);
#7130 = CARTESIAN_POINT('',(2.475127384505,-1.142397328578));
#7131 = DIRECTION('',(0.,-0.707106781187,0.707106781187));
#7132 = CARTESIAN_POINT('',(6.341478922007,-4.668227016306));
#7133 = VECTOR('',#8288,1.);
#7134 = AXIS2_PLACEMENT_3D('',#2696,#7670,#4494);
#7135 = ( GEOMETRIC_REPRESENTATION_CONTEXT(2) 
PARAMETRIC_REPRESENTATION_CONTEXT() REPRESENTATION_CONTEXT('2D SPACE',''
  ) );
#7136 = VECTOR('',#2713,1.);
#7137 = DIRECTION('',(0.,-1.,-1.351732578683E-16));
#7138 = CARTESIAN_POINT('',(4.655128331457,-16.15949031082));
#7139 = ORIENTED_EDGE('',*,*,#3846,.T.);
#7140 = EDGE_CURVE('',#5584,#488,#8311,.T.);
#7141 = CARTESIAN_POINT('',(4.362884673275,-1.028301497987));
#7142 = DIRECTION('',(-0.,1.351732578683E-16,-1.));
#7143 = VECTOR('',#454,1.);
#7144 = DIRECTION('',(-1.,0.));
#7145 = CARTESIAN_POINT('',(4.664638231383,-16.15608638764));
#7146 = ORIENTED_EDGE('',*,*,#5178,.F.);
#7147 = CARTESIAN_POINT('',(2.395077898271,4.140519409107));
#7148 = CARTESIAN_POINT('',(4.278947763711,-3.147522006608));
#7149 = DIRECTION('',(1.,0.,0.));
#7150 = EDGE_CURVE('',#895,#1311,#8440,.T.);
#7151 = CARTESIAN_POINT('',(8.1,0.,15.25));
#7152 = DEFINITIONAL_REPRESENTATION('',(#1088),#7227);
#7153 = ( GEOMETRIC_REPRESENTATION_CONTEXT(2) 
PARAMETRIC_REPRESENTATION_CONTEXT() REPRESENTATION_CONTEXT('2D SPACE',''
  ) );
#7154 = VECTOR('',#5139,1.);
#7155 = CARTESIAN_POINT('',(3.515661116575,7.175679297684,2.63374835004)
  );
#7156 = CARTESIAN_POINT('',(0.,0.));
#7157 = CARTESIAN_POINT('',(1.173595617731,3.248822033403));
#7158 = VERTEX_POINT('',#4385);
#7159 = CIRCLE('',#6709,3.175);
#7160 = CARTESIAN_POINT('',(3.428690346357,-6.48));
#7161 = EDGE_CURVE('',#7879,#5584,#4939,.T.);
#7162 = AXIS2_PLACEMENT_3D('',#6255,#8824,#8729);
#7163 = CARTESIAN_POINT('',(-3.175,0.,2.109956294672));
#7164 = CARTESIAN_POINT('',(1.175373796167,3.129615573969));
#7165 = DIRECTION('',(0.,1.));
#7166 = CARTESIAN_POINT('',(3.808057922674,4.083948317816));
#7167 = SURFACE_CURVE('',#2572,(#2844,#6753),.PCURVE_S1.);
#7168 = AXIS2_PLACEMENT_3D('',#8550,#38,#2235);
#7169 = LINE('',#6869,#7949);
#7170 = CARTESIAN_POINT('',(10.22125,6.189916573549));
#7171 = CARTESIAN_POINT('',(-4.440892098501E-16,-4.));
#7172 = ( GEOMETRIC_REPRESENTATION_CONTEXT(2) 
PARAMETRIC_REPRESENTATION_CONTEXT() REPRESENTATION_CONTEXT('2D SPACE',''
  ) );
#7173 = EDGE_LOOP('',(#6683,#3113));
#7174 = AXIS2_PLACEMENT_3D('',#7548,#6605,#7582);
#7175 = DIRECTION('',(-1.351732578683E-16,1.));
#7176 = DIRECTION('',(0.,-0.,1.));
#7177 = PCURVE('',#1951,#4815);
#7178 = DIRECTION('',(0.,-1.351732578683E-16,1.));
#7179 = CIRCLE('',#5275,3.175);
#7180 = CARTESIAN_POINT('',(3.888253587293E-16,8.100643118572,
    -1.424101329214));
#7181 = FACE_BOUND('',#1768,.T.);
#7182 = CARTESIAN_POINT('',(1.206043754526,4.016586122741));
#7183 = CARTESIAN_POINT('',(-7.968688725258E-05,-6.647094242699E-02));
#7184 = CARTESIAN_POINT('',(6.48,-9.108019041618));
#7185 = CARTESIAN_POINT('',(4.398473978727,0.590636341978));
#7186 = DEFINITIONAL_REPRESENTATION('',(#3524),#3036);
#7187 = CARTESIAN_POINT('',(1.190273577474,3.925851510611));
#7188 = CARTESIAN_POINT('',(0.,0.,19.25));
#7189 = DEFINITIONAL_REPRESENTATION('',(#3916),#1517);
#7190 = CARTESIAN_POINT('',(0.,7.35,-19.25));
#7191 = AXIS2_PLACEMENT_3D('',#7335,#3106,#7617);
#7192 = ORIENTED_EDGE('',*,*,#1415,.T.);
#7193 = DIRECTION('',(0.,1.,1.351732578683E-16));
#7194 = ORIENTED_EDGE('',*,*,#1897,.T.);
#7195 = DEFINITIONAL_REPRESENTATION('',(#5692),#5958);
#7196 = ( GEOMETRIC_REPRESENTATION_CONTEXT(2) 
PARAMETRIC_REPRESENTATION_CONTEXT() REPRESENTATION_CONTEXT('2D SPACE',''
  ) );
#7197 = PRODUCT_DEFINITION_SHAPE('','',#4057);
#7198 = DEFINITIONAL_REPRESENTATION('',(#2570),#1958);
#7199 = FACE_BOUND('',#4616,.T.);
#7200 = DIRECTION('',(0.,1.));
#7201 = CARTESIAN_POINT('',(-1.7763568394E-15,0.));
#7202 = DIRECTION('',(1.,0.));
#7203 = CARTESIAN_POINT('',(0.,-7.35,-24.25));
#7204 = DEFINITIONAL_REPRESENTATION('',(#3032),#6097);
#7205 = ( GEOMETRIC_REPRESENTATION_CONTEXT(2) 
PARAMETRIC_REPRESENTATION_CONTEXT() REPRESENTATION_CONTEXT('2D SPACE',''
  ) );
#7206 = CARTESIAN_POINT('',(7.362477993392,36.527378466093));
#7207 = CARTESIAN_POINT('',(1.171626974112,3.296265838515));
#7208 = CARTESIAN_POINT('',(4.616794965551,4.714201548323));
#7209 = CARTESIAN_POINT('',(1.570796326795,-2.427594323228));
#7210 = VECTOR('',#8796,1.);
#7211 = CARTESIAN_POINT('',(1.073936088706,-8.073575069666));
#7212 = CARTESIAN_POINT('',(6.386533057553E-16,2.135,-18.75));
#7213 = PCURVE('',#6436,#4485);
#7214 = B_SPLINE_CURVE_WITH_KNOTS('',3,(#6149,#169,#957,#8084,#226,
    #5570,#1576,#5247,#5157,#7539,#7060,#3143,#8539,#7449,#5132,#1669,
    #8540,#2259,#541,#7901,#5541,#3986,#36,#8448,#2639),
  .UNSPECIFIED.,.F.,.F.,(4,1,1,1,1,1,1,1,1,1,1,1,1,1,1,1,1,1,1,1,1,1,4),
  (6.857096618314E-19,1.516383469567E-04,3.032766939135E-04,
    4.549150408702E-04,6.06553387827E-04,7.581917347837E-04,
    9.098300817405E-04,1.061468428697E-03,1.213106775654E-03,
    1.364745122611E-03,1.516383469567E-03,1.668021816524E-03,
    1.819660163481E-03,1.971298510438E-03,2.122936857394E-03,
    2.274575204351E-03,2.426213551308E-03,2.577851898265E-03,
    2.729490245221E-03,2.881128592178E-03,3.032766939135E-03,
    3.184405286092E-03,3.336043633048E-03),.QUASI_UNIFORM_KNOTS.);
#7215 = CARTESIAN_POINT('',(3.994295346411E-03,0.68132797662));
#7216 = CARTESIAN_POINT('',(4.070451335867,6.080169000981));
#7217 = PCURVE('',#7487,#93);
#7218 = EDGE_CURVE('',#6454,#5341,#1368,.T.);
#7219 = ( GEOMETRIC_REPRESENTATION_CONTEXT(2) 
PARAMETRIC_REPRESENTATION_CONTEXT() REPRESENTATION_CONTEXT('2D SPACE',''
  ) );
#7220 = CARTESIAN_POINT('',(4.38185288266,4.740768459556));
#7221 = CARTESIAN_POINT('',(-1.732024571096,-1.648245489479,
    -3.780560759337));
#7222 = CARTESIAN_POINT('',(3.993446436743E-03,0.863099105162));
#7223 = ORIENTED_EDGE('',*,*,#4662,.F.);
#7224 = PCURVE('',#3205,#4851);
#7225 = EDGE_CURVE('',#3377,#5548,#1713,.T.);
#7226 = DEFINITIONAL_REPRESENTATION('',(#8216),#8256);
#7227 = ( GEOMETRIC_REPRESENTATION_CONTEXT(2) 
PARAMETRIC_REPRESENTATION_CONTEXT() REPRESENTATION_CONTEXT('2D SPACE',''
  ) );
#7228 = PCURVE('',#5877,#7152);
#7229 = CARTESIAN_POINT('',(4.444743490632,1.043774622051));
#7230 = ( GEOMETRIC_REPRESENTATION_CONTEXT(2) 
PARAMETRIC_REPRESENTATION_CONTEXT() REPRESENTATION_CONTEXT('2D SPACE',''
  ) );
#7231 = ORIENTED_EDGE('',*,*,#338,.F.);
#7232 = VECTOR('',#8894,1.);
#7233 = CARTESIAN_POINT('',(1.570796326794,3.14159265359));
#7234 = ( GEOMETRIC_REPRESENTATION_CONTEXT(2) 
PARAMETRIC_REPRESENTATION_CONTEXT() REPRESENTATION_CONTEXT('2D SPACE',''
  ) );
#7235 = EDGE_LOOP('',(#1622,#4368,#3848,#8654));
#7236 = VECTOR('',#7790,1.);
#7237 = VERTEX_POINT('',#6876);
#7238 = CARTESIAN_POINT('',(5.672110518855,0.562164883095));
#7239 = AXIS2_PLACEMENT_3D('',#3529,#5215,#8391);
#7240 = ORIENTED_EDGE('',*,*,#8189,.F.);
#7241 = LINE('',#4655,#1345);
#7242 = ORIENTED_EDGE('',*,*,#901,.F.);
#7243 = PCURVE('',#2280,#4456);
#7244 = PCURVE('',#910,#379);
#7245 = CARTESIAN_POINT('',(0.,-8.1,3.101525211738));
#7246 = CARTESIAN_POINT('',(2.475127384505,-2.570393989301));
#7247 = DIRECTION('',(1.,0.));
#7248 = VECTOR('',#7131,1.);
#7249 = FACE_BOUND('',#4657,.T.);
#7250 = PCURVE('',#5627,#3306);
#7251 = B_SPLINE_CURVE_WITH_KNOTS('',3,(#1961,#3118,#8354,#5763,#6918,
    #3265,#3995,#8820,#8116,#4821,#8321,#2419,#5153,#1319,#4435,#2761,
    #6898,#4383,#3207,#6314,#1895,#361,#2352,#8874,#6719),
  .UNSPECIFIED.,.F.,.F.,(4,1,1,1,1,1,1,1,1,1,1,1,1,1,1,1,1,1,1,1,1,1,4),
  (0.,7.139983303613E-02,0.142799666072,0.214199499108,0.285599332145,
    0.356999165181,0.428398998217,0.499798831253,0.571198664289,
    0.642598497325,0.713998330361,0.785398163397,0.856797996434,
    0.92819782947,0.999597662506,1.070997495542,1.142397328578,
    1.213797161614,1.28519699465,1.356596827687,1.427996660723,
    1.499396493759,1.570796326795),.QUASI_UNIFORM_KNOTS.);
#7252 = DIRECTION('',(-0.,-0.,1.));
#7253 = CARTESIAN_POINT('',(4.973192065066,4.59570253827));
#7254 = CIRCLE('',#363,7.6);
#7255 = CARTESIAN_POINT('',(5.289962735265,4.984462733915));
#7256 = SURFACE_CURVE('',#5399,(#2472,#7396),.PCURVE_S1.);
#7257 = CARTESIAN_POINT('',(-5.597522006608,-14.08));
#7258 = DIRECTION('',(1.,0.,0.));
#7259 = VERTEX_POINT('',#6798);
#7260 = DIRECTION('',(1.,0.));
#7261 = DIRECTION('',(0.,1.,0.));
#7262 = LINE('',#164,#859);
#7263 = SURFACE_CURVE('',#7169,(#424,#1186),.PCURVE_S1.);
#7264 = PCURVE('',#2433,#5772);
#7265 = DIRECTION('',(-0.,1.351732578683E-16,-1.));
#7266 = VERTEX_POINT('',#8314);
#7267 = CARTESIAN_POINT('',(-3.152277989342,0.316197053959,
    0.303656814453));
#7268 = CARTESIAN_POINT('',(1.905,-3.347943211581));
#7269 = CARTESIAN_POINT('',(1.161538890046,2.631733323122));
#7270 = PLANE('',#3334);
#7271 = VERTEX_POINT('',#658);
#7272 = DIRECTION('',(-0.,1.351732578683E-16,-1.));
#7273 = CARTESIAN_POINT('',(4.712388980385,1.784995825903));
#7274 = PCURVE('',#199,#6147);
#7275 = VECTOR('',#5303,1.);
#7276 = VECTOR('',#2635,1.);
#7277 = CARTESIAN_POINT('',(5.476227251738,1.776904756359));
#7278 = DIRECTION('',(1.,0.));
#7279 = CARTESIAN_POINT('',(2.513151210835,3.293350641467E-06));
#7280 = CARTESIAN_POINT('',(3.707622782258,-0.399204745199));
#7281 = ( GEOMETRIC_REPRESENTATION_CONTEXT(2) 
PARAMETRIC_REPRESENTATION_CONTEXT() REPRESENTATION_CONTEXT('2D SPACE',''
  ) );
#7282 = CARTESIAN_POINT('',(4.075131772585,5.889409483103));
#7283 = PCURVE('',#1441,#7780);
#7284 = ORIENTED_EDGE('',*,*,#2266,.F.);
#7285 = SURFACE_CURVE('',#8611,(#5227,#7484),.PCURVE_S1.);
#7286 = AXIS2_PLACEMENT_2D('',#6840,#7558);
#7287 = CARTESIAN_POINT('',(5.41465892732,-2.360951720526));
#7288 = DEFINITIONAL_REPRESENTATION('',(#6482),#1684);
#7289 = ORIENTED_EDGE('',*,*,#1710,.F.);
#7290 = CARTESIAN_POINT('',(5.121646417133,3.651451984058));
#7291 = AXIS2_PLACEMENT_3D('',#2912,#8193,#5555);
#7292 = DIRECTION('',(1.,0.));
#7293 = CARTESIAN_POINT('',(0.,-1.5));
#7294 = AXIS2_PLACEMENT_2D('',#718,#1891);
#7295 = CARTESIAN_POINT('',(0.,-3.175,2.45));
#7296 = CARTESIAN_POINT('',(4.901993631838,-16.2733849203));
#7297 = CARTESIAN_POINT('',(0.,-4.440892098501E-16));
#7298 = ( GEOMETRIC_REPRESENTATION_CONTEXT(2) 
PARAMETRIC_REPRESENTATION_CONTEXT() REPRESENTATION_CONTEXT('2D SPACE',''
  ) );
#7299 = CIRCLE('',#3900,6.48);
#7300 = ( GEOMETRIC_REPRESENTATION_CONTEXT(2) 
PARAMETRIC_REPRESENTATION_CONTEXT() REPRESENTATION_CONTEXT('2D SPACE',''
  ) );
#7301 = PCURVE('',#2279,#5972);
#7302 = DIRECTION('',(1.,-4.712543540708E-16));
#7303 = CARTESIAN_POINT('',(1.362330889784,6.28318530718));
#7304 = FACE_BOUND('',#7446,.T.);
#7305 = CARTESIAN_POINT('',(1.173843041759,3.804294431372));
#7306 = CARTESIAN_POINT('',(4.380662904929,1.000000433552));
#7307 = ( BOUNDED_CURVE() B_SPLINE_CURVE(2,(#2921,#6934,#1430,#1340,
#7575,#5969,#763),.UNSPECIFIED.,.T.,.F.) B_SPLINE_CURVE_WITH_KNOTS((1,2
    ,2,2,2,1),(-2.094395102393,0.,2.094395102393,4.188790204786,
6.28318530718,8.377580409573),.UNSPECIFIED.) CURVE() 
GEOMETRIC_REPRESENTATION_ITEM() RATIONAL_B_SPLINE_CURVE((1.,0.5,1.,0.5,
1.,0.5,1.)) REPRESENTATION_ITEM('') );
#7308 = CARTESIAN_POINT('',(4.920568458707,0.656107235044));
#7309 = CARTESIAN_POINT('',(1.570796326795,1.784995825903));
#7310 = CARTESIAN_POINT('',(1.239067241486,6.182007841714));
#7311 = CARTESIAN_POINT('',(5.109300443025,3.804625476137));
#7312 = ORIENTED_EDGE('',*,*,#3216,.T.);
#7313 = CARTESIAN_POINT('',(3.019844003343,-0.606089220357,
    -0.816186562689));
#7314 = DEFINITIONAL_REPRESENTATION('',(#1338),#3062);
#7315 = CARTESIAN_POINT('',(1.485069961698,-16.17345261459));
#7316 = DEFINITIONAL_REPRESENTATION('',(#6380),#347);
#7317 = CIRCLE('',#2336,5.715);
#7318 = CARTESIAN_POINT('',(3.033057538428,2.841299009761));
#7319 = CARTESIAN_POINT('',(-6.48,-2.536821310999,-2.767448387559));
#7320 = AXIS2_PLACEMENT_3D('',#4349,#4221,#1687);
#7321 = CARTESIAN_POINT('',(4.344720088518,6.012745285529));
#7322 = FACE_BOUND('',#3609,.F.);
#7323 = EDGE_CURVE('',#6560,#5143,#8080,.T.);
#7324 = EDGE_CURVE('',#1156,#387,#4908,.T.);
#7325 = CARTESIAN_POINT('',(-3.15992000508,0.,0.84476442266));
#7326 = CARTESIAN_POINT('',(1.787443129816,6.259066825845));
#7327 = CARTESIAN_POINT('',(3.808057922674,4.169617014564));
#7328 = SURFACE_CURVE('',#8772,(#2462,#8603),.PCURVE_S1.);
#7329 = CARTESIAN_POINT('',(1.511400848458E-03,3.826194866318E-05));
#7330 = DEFINITIONAL_REPRESENTATION('',(#8191),#791);
#7331 = LINE('',#3676,#3777);
#7332 = EDGE_CURVE('',#7266,#5886,#7552,.T.);
#7333 = VERTEX_POINT('',#8844);
#7334 = DEFINITIONAL_REPRESENTATION('',(#1916),#6034);
#7335 = CARTESIAN_POINT('',(0.,7.35,-19.25));
#7336 = CARTESIAN_POINT('',(5.215,6.69269475734E-16,19.25));
#7337 = DEFINITIONAL_REPRESENTATION('',(#7979),#214);
#7338 = AXIS2_PLACEMENT_3D('',#6205,#7697,#5860);
#7339 = CARTESIAN_POINT('',(5.036095668831,2.063526018727));
#7340 = LINE('',#6530,#8836);
#7341 = ( GEOMETRIC_REPRESENTATION_CONTEXT(3) 
GLOBAL_UNCERTAINTY_ASSIGNED_CONTEXT((#1927)) GLOBAL_UNIT_ASSIGNED_CONTEXT(
(#6359,#3850,#8439)) REPRESENTATION_CONTEXT('Context #7993',
  '3D Context with UNIT and UNCERTAINTY') );
#7342 = VECTOR('',#4578,1.);
#7343 = DEFINITIONAL_REPRESENTATION('',(#8694),#8015);
#7344 = ( GEOMETRIC_REPRESENTATION_CONTEXT(2) 
PARAMETRIC_REPRESENTATION_CONTEXT() REPRESENTATION_CONTEXT('2D SPACE',''
  ) );
#7345 = CARTESIAN_POINT('',(-1.676366320033,-7.924632228757,2.95));
#7346 = ( GEOMETRIC_REPRESENTATION_CONTEXT(2) 
PARAMETRIC_REPRESENTATION_CONTEXT() REPRESENTATION_CONTEXT('2D SPACE',''
  ) );
#7347 = CARTESIAN_POINT('',(2.475423985937,3.007033176826));
#7348 = DIRECTION('',(0.,-0.,1.));
#7349 = DIRECTION('',(0.,0.,1.));
#7350 = EDGE_LOOP('',(#7904,#7363,#8007,#1771));
#7351 = DIRECTION('',(0.,1.,0.));
#7352 = EDGE_CURVE('',#8681,#3454,#3144,.T.);
#7353 = SHAPE_DEFINITION_REPRESENTATION(#7197,#103);
#7354 = CARTESIAN_POINT('',(3.893274089162,-0.493057645491));
#7355 = CARTESIAN_POINT('',(-3.175,1.612403413174E-15,2.45));
#7356 = CARTESIAN_POINT('',(0.,-7.35,-16.75));
#7357 = ( GEOMETRIC_REPRESENTATION_CONTEXT(2) 
PARAMETRIC_REPRESENTATION_CONTEXT() REPRESENTATION_CONTEXT('2D SPACE',''
  ) );
#7358 = CARTESIAN_POINT('',(0.,-0.7025,-16.75));
#7359 = EDGE_LOOP('',(#4144,#6911));
#7360 = CARTESIAN_POINT('',(4.84539593222,-16.2093192397));
#7361 = CARTESIAN_POINT('',(1.095094268694,7.919463368366));
#7362 = PCURVE('',#199,#2868);
#7363 = ORIENTED_EDGE('',*,*,#4024,.T.);
#7364 = DEFINITIONAL_REPRESENTATION('',(#145),#4679);
#7365 = ( BOUNDED_CURVE() B_SPLINE_CURVE(2,(#6303,#3699,#4190,#7054,
#2676,#2927,#8390),.UNSPECIFIED.,.T.,.F.) B_SPLINE_CURVE_WITH_KNOTS((1,2
    ,2,2,2,1),(-2.094395102393,0.,2.094395102393,4.188790204786,
6.28318530718,8.377580409573),.UNSPECIFIED.) CURVE() 
GEOMETRIC_REPRESENTATION_ITEM() RATIONAL_B_SPLINE_CURVE((1.,0.5,1.,0.5,
1.,0.5,1.)) REPRESENTATION_ITEM('') );
#7366 = EDGE_CURVE('',#3377,#3525,#5532,.T.);
#7367 = DIRECTION('',(1.,0.));
#7368 = DEFINITIONAL_REPRESENTATION('',(#874),#1152);
#7369 = CARTESIAN_POINT('',(1.570796326795,1.28519699465));
#7370 = B_SPLINE_CURVE_WITH_KNOTS('',3,(#1511,#4359,#6680,#6930,#7863,
    #5000,#1981,#6982,#6905,#3493,#7682,#6734,#1006,#2664,#3130,#2670,
    #1344,#397,#1802,#7253,#4387,#7828,#2708,#6637,#6021),
  .UNSPECIFIED.,.F.,.F.,(4,1,1,1,1,1,1,1,1,1,1,1,1,1,1,1,1,1,1,1,1,1,4),
  (3.753267850466E-02,3.772593777946E-02,3.791919705425E-02,
    3.811245632905E-02,3.830571560385E-02,3.849897487865E-02,
    3.869223415344E-02,3.888549342824E-02,3.907875270304E-02,
    3.927201197783E-02,3.946527125263E-02,3.965853052743E-02,
    3.985178980223E-02,4.004504907702E-02,4.023830835182E-02,
    4.043156762662E-02,4.062482690142E-02,4.081808617621E-02,
    4.101134545101E-02,4.120460472581E-02,4.139786400061E-02,
    4.15911232754E-02,4.17843825502E-02),.QUASI_UNIFORM_KNOTS.);
#7371 = ( GEOMETRIC_REPRESENTATION_CONTEXT(2) 
PARAMETRIC_REPRESENTATION_CONTEXT() REPRESENTATION_CONTEXT('2D SPACE',''
  ) );
#7372 = DEFINITIONAL_REPRESENTATION('',(#7678),#2046);
#7373 = CARTESIAN_POINT('',(-8.1,-20.6771115413));
#7374 = PCURVE('',#1343,#4445);
#7375 = PCURVE('',#6028,#578);
#7376 = ( GEOMETRIC_REPRESENTATION_CONTEXT(2) 
PARAMETRIC_REPRESENTATION_CONTEXT() REPRESENTATION_CONTEXT('2D SPACE',''
  ) );
#7377 = SPHERICAL_SURFACE('',#3989,6.48);
#7378 = CARTESIAN_POINT('',(0.,0.,15.25));
#7379 = CARTESIAN_POINT('',(0.,13.014230328819,-2.45));
#7380 = CARTESIAN_POINT('',(2.475127384505,0.999597662506));
#7381 = DIRECTION('',(1.,0.));
#7382 = TOROIDAL_SURFACE('',#6060,3.675,0.5);
#7383 = VECTOR('',#3579,1.);
#7384 = CIRCLE('',#1101,3.175);
#7385 = PCURVE('',#6009,#6332);
#7386 = CARTESIAN_POINT('',(19.25,1.126163241215));
#7387 = ( GEOMETRIC_REPRESENTATION_CONTEXT(2) 
PARAMETRIC_REPRESENTATION_CONTEXT() REPRESENTATION_CONTEXT('2D SPACE',''
  ) );
#7388 = CARTESIAN_POINT('',(3.14159265359,16.3));
#7389 = CARTESIAN_POINT('',(0.757694019133,1.34167730434));
#7390 = DEFINITIONAL_REPRESENTATION('',(#4425),#4220);
#7391 = CARTESIAN_POINT('',(6.341478922007,2.931772983694,2.45));
#7392 = DIRECTION('',(-1.,-1.249439879554E-16));
#7393 = CARTESIAN_POINT('',(5.108142439491,3.189384449719));
#7394 = CARTESIAN_POINT('',(4.063437321235,4.788770765417));
#7395 = DIRECTION('',(-0.,1.351732578683E-16,-1.));
#7396 = PCURVE('',#6436,#7198);
#7397 = CARTESIAN_POINT('',(3.808057922674,3.655604834077));
#7398 = VERTEX_POINT('',#1131);
#7399 = EDGE_CURVE('',#7237,#3949,#2050,.T.);
#7400 = EDGE_CURVE('',#3817,#8018,#1270,.T.);
#7401 = LINE('',#6199,#996);
#7402 = EDGE_CURVE('',#1309,#6977,#4052,.T.);
#7403 = LINE('',#4375,#8020);
#7404 = LINE('',#4966,#3160);
#7405 = DEFINITIONAL_REPRESENTATION('',(#8579),#1436);
#7406 = LINE('',#1993,#1363);
#7407 = CARTESIAN_POINT('',(1.884711328453,0.));
#7408 = DIRECTION('',(1.,0.));
#7409 = PCURVE('',#8748,#3968);
#7410 = AXIS2_PLACEMENT_2D('',#5451,#6975);
#7411 = ( GEOMETRIC_REPRESENTATION_CONTEXT(2) 
PARAMETRIC_REPRESENTATION_CONTEXT() REPRESENTATION_CONTEXT('2D SPACE',''
  ) );
#7412 = EDGE_LOOP('',(#2578,#7801,#8731,#1986));
#7413 = DEFINITIONAL_REPRESENTATION('',(#5856),#2017);
#7414 = SURFACE_CURVE('',#8741,(#5230,#1679),.PCURVE_S1.);
#7415 = DEFINITIONAL_REPRESENTATION('',(#7254),#903);
#7416 = PCURVE('',#4256,#3415);
#7417 = CARTESIAN_POINT('',(5.067238143854,2.216841222352));
#7418 = FACE_BOUND('',#5422,.T.);
#7419 = EDGE_LOOP('',(#4665,#3309));
#7420 = CARTESIAN_POINT('',(5.326398044595E-04,2.569863498015E-03));
#7421 = CARTESIAN_POINT('',(0.,-3.));
#7422 = CARTESIAN_POINT('',(4.929035783406,6.259066825848));
#7423 = CYLINDRICAL_SURFACE('',#6356,6.48);
#7424 = CARTESIAN_POINT('',(-6.48,1.508019041618,2.45));
#7425 = ORIENTED_EDGE('',*,*,#3914,.F.);
#7426 = AXIS2_PLACEMENT_3D('',#2595,#3556,#1167);
#7427 = B_SPLINE_CURVE_WITH_KNOTS('',3,(#5503,#8620,#1271,#4346,#7229,
    #6547,#3988,#961,#4251,#4335,#6137,#3440,#443,#8504,#6446,#4505,
    #1778,#5787,#8907,#3712,#5147,#6671,#1086,#3620,#1432),
  .UNSPECIFIED.,.F.,.F.,(4,1,1,1,1,1,1,1,1,1,1,1,1,1,1,1,1,1,1,1,1,1,4),
  (3.14159265359,3.19243241535,3.243272177109,3.294111938869,
    3.344951700629,3.395791462389,3.446631224148,3.497470985908,
    3.548310747668,3.599150509428,3.649990271187,3.700830032947,
    3.751669794707,3.802509556467,3.853349318226,3.904189079986,
    3.955028841746,4.005868603506,4.056708365265,4.107548127025,
    4.158387888785,4.209227650545,4.260067412305),
  .QUASI_UNIFORM_KNOTS.);
#7428 = LINE('',#3202,#3869);
#7429 = DIRECTION('',(0.,-1.,-0.));
#7430 = CARTESIAN_POINT('',(-6.6475,0.));
#7431 = SURFACE_CURVE('',#5762,(#4536,#5069),.PCURVE_S1.);
#7432 = VECTOR('',#7991,1.);
#7433 = ( GEOMETRIC_REPRESENTATION_CONTEXT(2) 
PARAMETRIC_REPRESENTATION_CONTEXT() REPRESENTATION_CONTEXT('2D SPACE',''
  ) );
#7434 = CARTESIAN_POINT('',(0.98249685761,5.100404036361));
#7435 = LINE('',#8065,#8326);
#7436 = DIRECTION('',(-1.,-1.413579858428E-16));
#7437 = LINE('',#3057,#4497);
#7438 = LINE('',#2346,#4255);
#7439 = VECTOR('',#4842,1.);
#7440 = VECTOR('',#4712,1.);
#7441 = DIRECTION('',(-1.,0.));
#7442 = PCURVE('',#1235,#3234);
#7443 = CARTESIAN_POINT('',(1.16460039566,2.879918054784));
#7444 = B_SPLINE_CURVE_WITH_KNOTS('',3,(#6984,#7417,#7943,#8199,#367,
    #5059,#2803,#1798,#8498,#1550,#2381,#5386,#7067,#6958,#4007,#2888,
    #8652,#8433,#1977,#1541,#5323,#8036,#428,#1207,#6258),
  .UNSPECIFIED.,.F.,.F.,(4,1,1,1,1,1,1,1,1,1,1,1,1,1,1,1,1,1,1,1,1,1,4),
  (2.325386712659E-03,2.530430558598E-03,2.735474404537E-03,
    2.940518250476E-03,3.145562096415E-03,3.350605942354E-03,
    3.555649788293E-03,3.760693634232E-03,3.965737480172E-03,
    4.170781326111E-03,4.37582517205E-03,4.580869017989E-03,
    4.785912863928E-03,4.990956709867E-03,5.196000555806E-03,
    5.401044401745E-03,5.606088247684E-03,5.811132093623E-03,
    6.016175939562E-03,6.221219785501E-03,6.42626363144E-03,
    6.631307477379E-03,6.836351323318E-03),.QUASI_UNIFORM_KNOTS.);
#7445 = ( GEOMETRIC_REPRESENTATION_CONTEXT(2) 
PARAMETRIC_REPRESENTATION_CONTEXT() REPRESENTATION_CONTEXT('2D SPACE',''
  ) );
#7446 = EDGE_LOOP('',(#911,#5847,#3105,#5490));
#7447 = CARTESIAN_POINT('',(4.253765472021,0.614448039666));
#7448 = DIRECTION('',(1.,0.,0.));
#7449 = CARTESIAN_POINT('',(1.511386724182E-03,3.837485841234E-05));
#7450 = PCURVE('',#1443,#8397);
#7451 = CARTESIAN_POINT('',(3.994295346411E-03,0.364028211764));
#7452 = ( GEOMETRIC_REPRESENTATION_CONTEXT(2) 
PARAMETRIC_REPRESENTATION_CONTEXT() REPRESENTATION_CONTEXT('2D SPACE',''
  ) );
#7453 = CARTESIAN_POINT('',(0.,8.1,3.101525211738));
#7454 = DIRECTION('',(0.,-0.618211514736,-0.786011783021));
#7455 = VECTOR('',#3210,1.);
#7456 = CARTESIAN_POINT('',(0.,0.,2.95));
#7457 = DIRECTION('',(0.,-0.,1.));
#7458 = PRODUCT_CONTEXT('',#883,'mechanical');
#7459 = CARTESIAN_POINT('',(0.666465269084,2.284905686111));
#7460 = CARTESIAN_POINT('',(3.967683120955,1.390214068695));
#7461 = CARTESIAN_POINT('',(4.357602032278,5.877194118054));
#7462 = AXIS2_PLACEMENT_3D('',#5571,#4250,#8420);
#7463 = ADVANCED_FACE('',(#3980),#8113,.T.);
#7464 = ( GEOMETRIC_REPRESENTATION_CONTEXT(2) 
PARAMETRIC_REPRESENTATION_CONTEXT() REPRESENTATION_CONTEXT('2D SPACE',''
  ) );
#7465 = LINE('',#3496,#2182);
#7466 = CARTESIAN_POINT('',(5.355890089178,6.28318530718));
#7467 = VECTOR('',#3708,1.);
#7468 = CARTESIAN_POINT('',(0.,-3.5));
#7469 = CARTESIAN_POINT('',(0.,-0.7025,-15.25));
#7470 = FACE_BOUND('',#596,.T.);
#7471 = VECTOR('',#1114,1.);
#7472 = SURFACE_CURVE('',#5471,(#203,#524),.PCURVE_S1.);
#7473 = DIRECTION('',(-0.,1.351732578683E-16,-1.));
#7474 = ( GEOMETRIC_REPRESENTATION_CONTEXT(2) 
PARAMETRIC_REPRESENTATION_CONTEXT() REPRESENTATION_CONTEXT('2D SPACE',''
  ) );
#7475 = VERTEX_POINT('',#5406);
#7476 = PCURVE('',#2842,#6908);
#7477 = CARTESIAN_POINT('',(3.808057922674,4.597960498304));
#7478 = CARTESIAN_POINT('',(5.594992061644,-2.667196122802));
#7479 = DIRECTION('',(0.,-1.));
#7480 = AXIS2_PLACEMENT_3D('',#6118,#2134,#3385);
#7481 = CARTESIAN_POINT('',(5.616720038095,-1.427996660723));
#7482 = CARTESIAN_POINT('',(4.278947763711,3.147522006608));
#7483 = ORIENTED_EDGE('',*,*,#430,.F.);
#7484 = PCURVE('',#4108,#1281);
#7485 = ORIENTED_EDGE('',*,*,#3910,.F.);
#7486 = AXIS2_PLACEMENT_2D('',#7201,#8831);
#7487 = PLANE('',#7996);
#7488 = PCURVE('',#1938,#5078);
#7489 = DIRECTION('',(-0.,1.351732578683E-16,-1.));
#7490 = DEFINITIONAL_REPRESENTATION('',(#5022),#425);
#7491 = DEFINITIONAL_REPRESENTATION('',(#1312),#4334);
#7492 = CARTESIAN_POINT('',(0.,-4.459071339858));
#7493 = ( BOUNDED_CURVE() B_SPLINE_CURVE(2,(#6249,#4391,#5209,#4769,
#4991,#2655,#4369),.UNSPECIFIED.,.T.,.F.) B_SPLINE_CURVE_WITH_KNOTS((1,2
    ,2,2,2,1),(-2.094395102393,0.,2.094395102393,4.188790204786,
6.28318530718,8.377580409573),.UNSPECIFIED.) CURVE() 
GEOMETRIC_REPRESENTATION_ITEM() RATIONAL_B_SPLINE_CURVE((1.,0.5,1.,0.5,
1.,0.5,1.)) REPRESENTATION_ITEM('') );
#7494 = LINE('',#8552,#5946);
#7495 = ORIENTED_EDGE('',*,*,#1034,.T.);
#7496 = CARTESIAN_POINT('',(19.25,-2.49));
#7497 = CARTESIAN_POINT('',(8.140839597332E-16,-13.9975,-15.75));
#7498 = ADVANCED_FACE('',(#1937),#7423,.T.);
#7499 = CARTESIAN_POINT('',(1.684910316453,-16.19307373803));
#7500 = VECTOR('',#409,1.);
#7501 = ( BOUNDED_CURVE() B_SPLINE_CURVE(2,(#5267,#3193,#2948,#6004,
#8515,#8532,#3603),.UNSPECIFIED.,.T.,.F.) B_SPLINE_CURVE_WITH_KNOTS((1,2
    ,2,2,2,1),(-2.094395102393,0.,2.094395102393,4.188790204786,
6.28318530718,8.377580409573),.UNSPECIFIED.) CURVE() 
GEOMETRIC_REPRESENTATION_ITEM() RATIONAL_B_SPLINE_CURVE((1.,0.5,1.,0.5,
1.,0.5,1.)) REPRESENTATION_ITEM('') );
#7502 = VERTEX_POINT('',#3327);
#7503 = CARTESIAN_POINT('',(3.782880551063E-04,1.011250238226));
#7504 = DIRECTION('',(0.,1.,1.351732578683E-16));
#7505 = DIRECTION('',(1.,0.,0.));
#7506 = CARTESIAN_POINT('',(-3.14159265359,7.606593346466));
#7507 = DIRECTION('',(1.,0.,0.));
#7508 = CARTESIAN_POINT('',(2.242150045584E-03,2.076890058234E-05));
#7509 = EDGE_CURVE('',#5282,#2608,#5646,.T.);
#7510 = ( GEOMETRIC_REPRESENTATION_CONTEXT(2) 
PARAMETRIC_REPRESENTATION_CONTEXT() REPRESENTATION_CONTEXT('2D SPACE',''
  ) );
#7511 = FACE_BOUND('',#5337,.T.);
#7512 = CARTESIAN_POINT('',(0.,0.,18.75));
#7513 = DIRECTION('',(0.,1.));
#7514 = LINE('',#6305,#1143);
#7515 = ADVANCED_FACE('',(#5760),#1252,.T.);
#7516 = CARTESIAN_POINT('',(0.,-7.35,-15.75));
#7517 = CARTESIAN_POINT('',(0.99868883106,4.92823139723));
#7518 = CARTESIAN_POINT('',(-2.37355219432,1.319771457122,
    -2.846228764569));
#7519 = CARTESIAN_POINT('',(1.175373796167,3.153569733211));
#7520 = CARTESIAN_POINT('',(0.666465269084,3.14159265359));
#7521 = AXIS2_PLACEMENT_3D('',#3301,#2151,#7010);
#7522 = CARTESIAN_POINT('',(4.973255808574,1.687935322645));
#7523 = CIRCLE('',#4230,12.96);
#7524 = CARTESIAN_POINT('',(-5.184,7.35,-6.65));
#7525 = CARTESIAN_POINT('',(5.715,0.,18.75));
#7526 = DIRECTION('',(-0.,1.,1.25431921618E-16));
#7527 = CARTESIAN_POINT('',(2.767448387559,-2.536821310999));
#7528 = CARTESIAN_POINT('',(-5.41587635741,-12.83729191569));
#7529 = CARTESIAN_POINT('',(3.173852943316,8.88470906052E-02,
    1.339421847088));
#7530 = CARTESIAN_POINT('',(-5.212281340155,5.531014665599,2.45));
#7531 = DIRECTION('',(-0.,1.351732578683E-16,-1.));
#7532 = ORIENTED_EDGE('',*,*,#7744,.F.);
#7533 = CARTESIAN_POINT('',(2.10517159832,-1.68381652166E-05));
#7534 = DIRECTION('',(0.,1.,1.351732578683E-16));
#7535 = DIRECTION('',(0.,1.));
#7536 = ( GEOMETRIC_REPRESENTATION_CONTEXT(2) 
PARAMETRIC_REPRESENTATION_CONTEXT() REPRESENTATION_CONTEXT('2D SPACE',''
  ) );
#7537 = B_SPLINE_CURVE_WITH_KNOTS('',3,(#5697,#6313,#5051,#3162,#23,
    #6005,#525,#2297,#2409,#2829,#8190,#6121,#1485,#2369,#6976,#5865,
    #4710,#5093,#8346,#6257,#8566,#5198,#5085,#7838,#8207),
  .UNSPECIFIED.,.F.,.F.,(4,1,1,1,1,1,1,1,1,1,1,1,1,1,1,1,1,1,1,1,1,1,4),
  (1.106279915585E-06,7.802952394176E-05,1.549527679679E-04,
    2.318760119941E-04,3.087992560203E-04,3.857225000465E-04,
    4.626457440726E-04,5.395689880988E-04,6.16492232125E-04,
    6.934154761512E-04,7.703387201774E-04,8.472619642035E-04,
    9.241852082297E-04,1.001108452256E-03,1.078031696282E-03,
    1.154954940308E-03,1.231878184334E-03,1.308801428361E-03,
    1.385724672387E-03,1.462647916413E-03,1.539571160439E-03,
    1.616494404465E-03,1.693417648491E-03),.QUASI_UNIFORM_KNOTS.);
#7538 = CARTESIAN_POINT('',(1.570796326795,3.712791317879));
#7539 = CARTESIAN_POINT('',(2.242204511789E-03,2.071596233614E-05));
#7540 = CARTESIAN_POINT('',(8.753162996906E-16,0.2025,-15.75));
#7541 = DIRECTION('',(0.,1.));
#7542 = SURFACE_CURVE('',#1397,(#6045,#6724),.PCURVE_S1.);
#7543 = DIRECTION('',(-1.,0.));
#7544 = DEFINITIONAL_REPRESENTATION('',(#8490),#8861);
#7545 = LINE('',#1261,#6921);
#7546 = AXIS2_PLACEMENT_3D('',#7683,#4172,#4043);
#7547 = DEFINITIONAL_REPRESENTATION('',(#63),#7960);
#7548 = CARTESIAN_POINT('',(0.,-7.35,-2.95));
#7549 = PCURVE('',#7756,#5893);
#7550 = ( GEOMETRIC_REPRESENTATION_CONTEXT(2) 
PARAMETRIC_REPRESENTATION_CONTEXT() REPRESENTATION_CONTEXT('2D SPACE',''
  ) );
#7551 = CARTESIAN_POINT('',(-0.5,12.379833147099));
#7552 = SURFACE_CURVE('',#4430,(#7939,#1336),.PCURVE_S1.);
#7553 = LINE('',#2254,#2573);
#7554 = ORIENTED_EDGE('',*,*,#6867,.F.);
#7555 = CARTESIAN_POINT('',(3.14159265359,1.));
#7556 = PCURVE('',#1955,#4212);
#7557 = DEFINITIONAL_REPRESENTATION('',(#2755),#6688);
#7558 = DIRECTION('',(1.,0.));
#7559 = CIRCLE('',#6204,8.1);
#7560 = DEFINITIONAL_REPRESENTATION('',(#3194),#3838);
#7561 = VECTOR('',#4861,1.);
#7562 = B_SPLINE_CURVE_WITH_KNOTS('',3,(#6346,#3237,#3497,#341,#5832,
    #3012,#8097,#616,#4266,#1437,#4379,#1793,#3223,#6357,#7315,#5550,
    #5983,#793,#7936,#536,#5648,#1059,#5220,#3688,#2959),
  .UNSPECIFIED.,.F.,.F.,(4,1,1,1,1,1,1,1,1,1,1,1,1,1,1,1,1,1,1,1,1,1,4),
  (1.106279915585E-06,7.802952394176E-05,1.549527679679E-04,
    2.318760119941E-04,3.087992560203E-04,3.857225000465E-04,
    4.626457440726E-04,5.395689880988E-04,6.16492232125E-04,
    6.934154761512E-04,7.703387201774E-04,8.472619642035E-04,
    9.241852082297E-04,1.001108452256E-03,1.078031696282E-03,
    1.154954940308E-03,1.231878184334E-03,1.308801428361E-03,
    1.385724672387E-03,1.462647916413E-03,1.539571160439E-03,
    1.616494404465E-03,1.693417648491E-03),.QUASI_UNIFORM_KNOTS.);
#7563 = SURFACE_CURVE('',#8088,(#2043,#4443),.PCURVE_S1.);
#7564 = ( GEOMETRIC_REPRESENTATION_CONTEXT(2) 
PARAMETRIC_REPRESENTATION_CONTEXT() REPRESENTATION_CONTEXT('2D SPACE',''
  ) );
#7565 = CONTEXT_DEPENDENT_SHAPE_REPRESENTATION(#2748,#7);
#7566 = EDGE_CURVE('',#676,#2956,#5551,.T.);
#7567 = VECTOR('',#277,1.);
#7568 = CARTESIAN_POINT('',(4.712388980385,0.));
#7569 = PCURVE('',#3028,#8247);
#7570 = ( GEOMETRIC_REPRESENTATION_CONTEXT(2) 
PARAMETRIC_REPRESENTATION_CONTEXT() REPRESENTATION_CONTEXT('2D SPACE',''
  ) );
#7571 = LINE('',#8669,#3975);
#7572 = CARTESIAN_POINT('',(8.478872380673E-04,0.999996451955));
#7573 = CIRCLE('',#4627,7.1475);
#7574 = DIRECTION('',(-0.,1.351732578683E-16,-1.));
#7575 = CARTESIAN_POINT('',(-12.0775220066,-2.856310766954));
#7576 = ORIENTED_EDGE('',*,*,#4065,.T.);
#7577 = CARTESIAN_POINT('',(1.866545368506E-03,2.025391097581E-05));
#7578 = B_SPLINE_CURVE_WITH_KNOTS('',3,(#1173,#4688,#6685,#1718,#5628,
    #7319,#4731,#6507),.UNSPECIFIED.,.F.,.F.,(4,2,2,4),(
    1.307188249027E-03,1.867526224511E-03,2.147695212253E-03,
    2.427864199995E-03),.UNSPECIFIED.);
#7579 = ( GEOMETRIC_REPRESENTATION_CONTEXT(2) 
PARAMETRIC_REPRESENTATION_CONTEXT() REPRESENTATION_CONTEXT('2D SPACE',''
  ) );
#7580 = VECTOR('',#2711,1.);
#7581 = EDGE_LOOP('',(#1558,#182,#5005,#5199));
#7582 = DIRECTION('',(0.,1.,1.351732578683E-16));
#7583 = B_SPLINE_CURVE_WITH_KNOTS('',3,(#3445,#6502,#6218,#4570,#3060,
    #8168,#4634,#3977,#8100,#471),.UNSPECIFIED.,.F.,.F.,(4,2,2,2,4),(
    3.161314112012E-03,4.226816138044E-03,5.292318164076E-03,
    6.357820190108E-03,7.42332221614E-03),.UNSPECIFIED.);
#7584 = CARTESIAN_POINT('',(0.666465269084,3.655604834077));
#7585 = CARTESIAN_POINT('',(3.808057922674,3.998279621068));
#7586 = CARTESIAN_POINT('',(4.398473978727,0.908663413035));
#7587 = VECTOR('',#4750,1.);
#7588 = DEFINITIONAL_REPRESENTATION('',(#410),#7925);
#7589 = DIRECTION('',(0.,-1.25431921618E-16,1.));
#7590 = CARTESIAN_POINT('',(2.728069922027,-1.822740756504E-12,
    -1.321206185693));
#7591 = DIRECTION('',(0.,0.,-1.));
#7592 = ( GEOMETRIC_REPRESENTATION_CONTEXT(2) 
PARAMETRIC_REPRESENTATION_CONTEXT() REPRESENTATION_CONTEXT('2D SPACE',''
  ) );
#7593 = CARTESIAN_POINT('',(-2.921705551659E-05,-8.46987114131E-02));
#7594 = CARTESIAN_POINT('',(6.16589777448,-6.633198676226,-2.45));
#7595 = PCURVE('',#5913,#4442);
#7596 = ORIENTED_EDGE('',*,*,#8278,.F.);
#7597 = CIRCLE('',#8404,0.5);
#7598 = CARTESIAN_POINT('',(1.16023477804,3.619195928943));
#7599 = CARTESIAN_POINT('',(2.210699077464,5.982068588027));
#7600 = VECTOR('',#1701,1.);
#7601 = ( GEOMETRIC_REPRESENTATION_CONTEXT(2) 
PARAMETRIC_REPRESENTATION_CONTEXT() REPRESENTATION_CONTEXT('2D SPACE',''
  ) );
#7602 = CARTESIAN_POINT('',(3.14159265359,0.));
#7603 = DIRECTION('',(0.,1.));
#7604 = CARTESIAN_POINT('',(-1.905,-9.898670365256));
#7605 = DIRECTION('',(-1.,0.,0.));
#7606 = CARTESIAN_POINT('',(3.818524140171,-0.684295407042));
#7607 = DIRECTION('',(1.,0.));
#7608 = CARTESIAN_POINT('',(2.64079085189E-03,0.999985536714));
#7609 = CARTESIAN_POINT('',(4.109654811165,-4.357902991669));
#7610 = VERTEX_POINT('',#8436);
#7611 = DEFINITIONAL_REPRESENTATION('',(#3940),#499);
#7612 = SURFACE_CURVE('',#6720,(#2467,#5459),.PCURVE_S1.);
#7613 = PCURVE('',#199,#7667);
#7614 = CARTESIAN_POINT('',(4.440892098501E-16,0.));
#7615 = ADVANCED_FACE('',(#5819),#6407,.T.);
#7616 = CARTESIAN_POINT('',(0.,-3.54,-19.25));
#7617 = DIRECTION('',(0.,1.,1.351732578683E-16));
#7618 = CARTESIAN_POINT('',(0.,13.065,-17.75));
#7619 = DIRECTION('',(-0.,1.351732578683E-16,-1.));
#7620 = LINE('',#3241,#1634);
#7621 = DEFINITIONAL_REPRESENTATION('',(#311),#6700);
#7622 = CARTESIAN_POINT('',(3.710943712135,1.000002748849));
#7623 = CARTESIAN_POINT('',(5.669175161751,-8.490052922717,-2.45));
#7624 = VECTOR('',#7541,1.);
#7625 = EDGE_CURVE('',#1700,#120,#2947,.T.);
#7626 = DIRECTION('',(0.,-1.,3.469446951954E-16));
#7627 = CARTESIAN_POINT('',(3.013999842369,1.30613765122E-14,
    -0.391152870586));
#7628 = CARTESIAN_POINT('',(0.335036657491,3.089499603979));
#7629 = VECTOR('',#6309,1.);
#7630 = CARTESIAN_POINT('',(2.475127384505,-0.713998330361));
#7631 = DEFINITIONAL_REPRESENTATION('',(#7112),#7346);
#7632 = VECTOR('',#4732,1.);
#7633 = FACE_BOUND('',#2860,.T.);
#7634 = CARTESIAN_POINT('',(1.570796326795,1.927795491976));
#7635 = CARTESIAN_POINT('',(6.28318530718,0.));
#7636 = DEFINITIONAL_REPRESENTATION('',(#7831),#5107);
#7637 = CARTESIAN_POINT('',(-5.094606295512,9.825579106321,-2.45));
#7638 = DIRECTION('',(0.,1.,1.351732578683E-16));
#7639 = AXIS2_PLACEMENT_3D('',#5808,#6003,#360);
#7640 = CARTESIAN_POINT('',(4.712388980385,1.59459627114));
#7641 = DIRECTION('',(-1.,0.));
#7642 = DIRECTION('',(0.,-0.786011783021,0.618211514736));
#7643 = CARTESIAN_POINT('',(4.88313472457,-16.24946225243));
#7644 = VECTOR('',#2579,1.);
#7645 = CARTESIAN_POINT('',(0.,-10.07398938451,0.504165652631));
#7646 = LINE('',#2727,#6611);
#7647 = PLANE('',#5327);
#7648 = SURFACE_CURVE('',#7063,(#1431,#8615),.PCURVE_S1.);
#7649 = CIRCLE('',#2648,6.6475);
#7650 = VERTEX_POINT('',#7645);
#7651 = ADVANCED_FACE('',(#2899),#3958,.T.);
#7652 = CARTESIAN_POINT('',(4.712388980385,2.641793822337));
#7653 = CARTESIAN_POINT('',(5.729769735508,-0.391996040752));
#7654 = CARTESIAN_POINT('',(2.787925978058,-6.48));
#7655 = AXIS2_PLACEMENT_2D('',#4691,#1055);
#7656 = VERTEX_POINT('',#1943);
#7657 = LINE('',#2410,#6574);
#7658 = DIRECTION('',(1.,0.,0.));
#7659 = CARTESIAN_POINT('',(15.100488309409,-5.880767364025));
#7660 = ORIENTED_EDGE('',*,*,#8296,.F.);
#7661 = CARTESIAN_POINT('',(1.332969653332,1.556521460521));
#7662 = CARTESIAN_POINT('',(4.05,-13.66230577065));
#7663 = DIRECTION('',(-0.,1.351732578683E-16,-1.));
#7664 = AXIS2_PLACEMENT_3D('',#7795,#5163,#2538);
#7665 = LINE('',#3053,#6372);
#7666 = PCURVE('',#2384,#8115);
#7667 = DEFINITIONAL_REPRESENTATION('',(#2315),#4415);
#7668 = DEFINITIONAL_REPRESENTATION('',(#8531),#6682);
#7669 = DIRECTION('',(1.,0.));
#7670 = DIRECTION('',(-0.,1.351732578683E-16,-1.));
#7671 = PCURVE('',#8268,#5295);
#7672 = CARTESIAN_POINT('',(4.977411004006,1.71703207062));
#7673 = CARTESIAN_POINT('',(29.28,7.549611541308));
#7674 = PCURVE('',#6411,#4873);
#7675 = CARTESIAN_POINT('',(3.808057922674,3.826942227573));
#7676 = LINE('',#3560,#8082);
#7677 = PCURVE('',#910,#8352);
#7678 = LINE('',#5375,#5197);
#7679 = PCURVE('',#4279,#7334);
#7680 = CARTESIAN_POINT('',(5.616720038095,-2.713193655373));
#7681 = VECTOR('',#6532,1.);
#7682 = CARTESIAN_POINT('',(5.014754191027,4.334541380498));
#7683 = CARTESIAN_POINT('',(0.,-7.35,-18.75));
#7684 = CARTESIAN_POINT('',(3.14159265359,0.));
#7685 = CARTESIAN_POINT('',(5.382344053973,1.570796326795));
#7686 = CARTESIAN_POINT('',(1.570796326795,2.927393154481));
#7687 = LINE('',#6472,#5624);
#7688 = CARTESIAN_POINT('',(1.218022671501,4.076197564846));
#7689 = ORIENTED_EDGE('',*,*,#8092,.T.);
#7690 = DIRECTION('',(1.,0.,0.));
#7691 = CARTESIAN_POINT('',(-3.107865295861,-0.471037168981,
    -0.283348411253));
#7692 = CARTESIAN_POINT('',(4.712388980385,-0.856797996434));
#7693 = CARTESIAN_POINT('',(-2.917139056838,-0.801664288284,
    -1.372492466177));
#7694 = ( GEOMETRIC_REPRESENTATION_CONTEXT(2) 
PARAMETRIC_REPRESENTATION_CONTEXT() REPRESENTATION_CONTEXT('2D SPACE',''
  ) );
#7695 = ORIENTED_EDGE('',*,*,#6343,.T.);
#7696 = CARTESIAN_POINT('',(2.45,7.35));
#7697 = DIRECTION('',(0.,-0.,1.));
#7698 = VERTEX_POINT('',#4937);
#7699 = EDGE_CURVE('',#1172,#5419,#5186,.T.);
#7700 = DIRECTION('',(1.,0.));
#7701 = DIRECTION('',(0.,-0.,1.));
#7702 = CARTESIAN_POINT('',(9.424777960769,0.5));
#7703 = VERTEX_POINT('',#7127);
#7704 = CARTESIAN_POINT('',(3.305719818578,2.878978580082));
#7705 = ( BOUNDED_CURVE() B_SPLINE_CURVE(2,(#3156,#5480,#8598,#4557,
#1904,#4965,#6889),.UNSPECIFIED.,.T.,.F.) B_SPLINE_CURVE_WITH_KNOTS((1,2
    ,2,2,2,1),(-2.094395102393,0.,2.094395102393,4.188790204786,
6.28318530718,8.377580409573),.UNSPECIFIED.) CURVE() 
GEOMETRIC_REPRESENTATION_ITEM() RATIONAL_B_SPLINE_CURVE((1.,0.5,1.,0.5,
1.,0.5,1.)) REPRESENTATION_ITEM('') );
#7706 = CARTESIAN_POINT('',(0.666465269084,3.14159265359));
#7707 = CARTESIAN_POINT('',(3.14159265359,-3.14159265359));
#7708 = CARTESIAN_POINT('',(-3.81,4.665904304751E-16,16.75));
#7709 = EDGE_CURVE('',#488,#5584,#427,.T.);
#7710 = SURFACE_CURVE('',#733,(#742,#5792),.PCURVE_S1.);
#7711 = SURFACE_CURVE('',#7804,(#3416,#3509),.PCURVE_S1.);
#7712 = DIRECTION('',(-0.,0.,1.));
#7713 = AXIS2_PLACEMENT_3D('',#5530,#4757,#932);
#7714 = DEFINITIONAL_REPRESENTATION('',(#7214),#6256);
#7715 = CARTESIAN_POINT('',(5.408219797237,4.649626825951));
#7716 = DEFINITIONAL_REPRESENTATION('',(#8385),#6383);
#7717 = CARTESIAN_POINT('',(0.,3.175,2.45));
#7718 = CYLINDRICAL_SURFACE('',#3063,7.1475);
#7719 = CARTESIAN_POINT('',(0.,0.,16.75));
#7720 = CARTESIAN_POINT('',(4.134844065532,5.253727912807));
#7721 = DEFINITIONAL_REPRESENTATION('',(#3240),#5466);
#7722 = SURFACE_CURVE('',#2709,(#4618,#7274),.PCURVE_S1.);
#7723 = CARTESIAN_POINT('',(3.175,8.501454006804E-14,2.110023467132));
#7724 = ( GEOMETRIC_REPRESENTATION_CONTEXT(2) 
PARAMETRIC_REPRESENTATION_CONTEXT() REPRESENTATION_CONTEXT('2D SPACE',''
  ) );
#7725 = PCURVE('',#6414,#942);
#7726 = DIRECTION('',(-0.,-0.,1.));
#7727 = DEFINITIONAL_REPRESENTATION('',(#4895),#2016);
#7728 = ( BOUNDED_CURVE() B_SPLINE_CURVE(2,(#2100,#8338,#3173,#1210,
#4982,#5181,#8106),.UNSPECIFIED.,.T.,.F.) B_SPLINE_CURVE_WITH_KNOTS((1,2
    ,2,2,2,1),(-2.094395102393,0.,2.094395102393,4.188790204786,
6.28318530718,8.377580409573),.UNSPECIFIED.) CURVE() 
GEOMETRIC_REPRESENTATION_ITEM() RATIONAL_B_SPLINE_CURVE((1.,0.5,1.,0.5,
1.,0.5,1.)) REPRESENTATION_ITEM('') );
#7729 = DIRECTION('',(-1.,0.));
#7730 = ORIENTED_EDGE('',*,*,#7566,.F.);
#7731 = SURFACE_CURVE('',#1959,(#5844,#6289),.PCURVE_S1.);
#7732 = LINE('',#7156,#4340);
#7733 = ADVANCED_FACE('',(#5286),#2802,.F.);
#7734 = DIRECTION('',(0.,1.));
#7735 = CARTESIAN_POINT('',(-6.48,3.378904433283,-2.45));
#7736 = CARTESIAN_POINT('',(2.475127384505,-1.999195325012));
#7737 = CARTESIAN_POINT('',(3.946874893895,-1.34383357904E-05));
#7738 = DIRECTION('',(0.,1.,1.351732578683E-16));
#7739 = CARTESIAN_POINT('',(0.,14.95,-2.45));
#7740 = CARTESIAN_POINT('',(-1.110223024625E-16,3.14159265359));
#7741 = PCURVE('',#3365,#1371);
#7742 = PCURVE('',#662,#6474);
#7743 = FACE_BOUND('',#4638,.F.);
#7744 = EDGE_CURVE('',#4179,#581,#4070,.T.);
#7745 = CARTESIAN_POINT('',(2.131835668827,4.8188018342));
#7746 = EDGE_CURVE('',#3152,#8518,#7431,.T.);
#7747 = VECTOR('',#1083,1.);
#7748 = CARTESIAN_POINT('',(3.14159265359,-3.14159265359));
#7749 = CARTESIAN_POINT('',(0.,0.,16.75));
#7750 = VECTOR('',#6169,1.);
#7751 = PCURVE('',#5618,#6639);
#7752 = PCURVE('',#5657,#4775);
#7753 = DEFINITIONAL_REPRESENTATION('',(#4711),#1479);
#7754 = DEFINITIONAL_REPRESENTATION('',(#6742),#3946);
#7755 = CARTESIAN_POINT('',(1.884711328453,9.1336586965E-02));
#7756 = CYLINDRICAL_SURFACE('',#5816,6.48);
#7757 = CARTESIAN_POINT('',(8.753162996906E-16,0.2025,-16.25));
#7758 = AXIS2_PLACEMENT_3D('',#370,#2190,#5892);
#7759 = EDGE_LOOP('',(#4075,#2624));
#7760 = CARTESIAN_POINT('',(4.398473978727,0.));
#7761 = CARTESIAN_POINT('',(8.881784197001E-16,0.));
#7762 = CARTESIAN_POINT('',(0.82317963763,1.898487967899,-4.492366049878
    ));
#7763 = ORIENTED_EDGE('',*,*,#8534,.F.);
#7764 = CARTESIAN_POINT('',(0.855420924319,6.209918664742));
#7765 = CARTESIAN_POINT('',(5.689403950272,0.520268320479));
#7766 = CARTESIAN_POINT('',(4.712388980385,1.856395658939));
#7767 = LINE('',#5200,#1556);
#7768 = CARTESIAN_POINT('',(2.57952271226,-1.44456749569,-3.20120638888)
  );
#7769 = B_SPLINE_CURVE_WITH_KNOTS('',3,(#820,#5521,#2406,#5848,#7122,
    #7659),.UNSPECIFIED.,.F.,.F.,(4,2,4),(8.408578804286E-02,
    8.602934523347E-02,8.797290242408E-02),.UNSPECIFIED.);
#7770 = ORIENTED_EDGE('',*,*,#394,.T.);
#7771 = CARTESIAN_POINT('',(4.98,-6.48));
#7772 = CARTESIAN_POINT('',(9.97125,-5.756903871657));
#7773 = ( GEOMETRIC_REPRESENTATION_CONTEXT(2) 
PARAMETRIC_REPRESENTATION_CONTEXT() REPRESENTATION_CONTEXT('2D SPACE',''
  ) );
#7774 = ( BOUNDED_CURVE() B_SPLINE_CURVE(2,(#5811,#8236,#7836,#6730,
#4553,#4068,#6615),.UNSPECIFIED.,.T.,.F.) B_SPLINE_CURVE_WITH_KNOTS((1,2
    ,2,2,2,1),(-2.094395102393,0.,2.094395102393,4.188790204786,
6.28318530718,8.377580409573),.UNSPECIFIED.) CURVE() 
GEOMETRIC_REPRESENTATION_ITEM() RATIONAL_B_SPLINE_CURVE((1.,0.5,1.,0.5,
1.,0.5,1.)) REPRESENTATION_ITEM('') );
#7775 = CARTESIAN_POINT('',(-3.15093076247,0.330586572556,0.253113689047
    ));
#7776 = ( GEOMETRIC_REPRESENTATION_CONTEXT(2) 
PARAMETRIC_REPRESENTATION_CONTEXT() REPRESENTATION_CONTEXT('2D SPACE',''
  ) );
#7777 = FACE_BOUND('',#3400,.T.);
#7778 = CARTESIAN_POINT('',(0.,6.28318530718));
#7779 = ORIENTED_EDGE('',*,*,#2302,.T.);
#7780 = DEFINITIONAL_REPRESENTATION('',(#2308),#1228);
#7781 = CARTESIAN_POINT('',(-5.59791416422,-12.52767341424));
#7782 = CARTESIAN_POINT('',(-5.880767364025,7.750488309409,-2.45));
#7783 = DEFINITIONAL_REPRESENTATION('',(#1761),#1014);
#7784 = VECTOR('',#823,1.);
#7785 = ORIENTED_EDGE('',*,*,#217,.T.);
#7786 = CARTESIAN_POINT('',(6.48,7.6,2.45));
#7787 = VECTOR('',#6672,1.);
#7788 = LINE('',#8627,#3784);
#7789 = CARTESIAN_POINT('',(2.336310413154,-1.343833578491E-05));
#7790 = DIRECTION('',(0.,1.));
#7791 = CARTESIAN_POINT('',(4.406325429317,6.00975526292));
#7792 = CARTESIAN_POINT('',(3.019844003343,0.606089220357,
    -0.816186562689));
#7793 = CARTESIAN_POINT('',(4.29159032667,4.759926155462));
#7794 = CARTESIAN_POINT('',(-0.5,-12.37983314709));
#7795 = CARTESIAN_POINT('',(0.,-7.35,-5.597522006608));
#7796 = CARTESIAN_POINT('',(6.058984485373,7.127577469514,-2.45));
#7797 = DEFINITIONAL_REPRESENTATION('',(#7404),#401);
#7798 = CARTESIAN_POINT('',(5.108586325336,3.213189085974));
#7799 = CARTESIAN_POINT('',(4.803869934136,-1.062041205194));
#7800 = CARTESIAN_POINT('',(0.666465269084,3.484267440581));
#7801 = ORIENTED_EDGE('',*,*,#6463,.T.);
#7802 = ( GEOMETRIC_REPRESENTATION_CONTEXT(2) 
PARAMETRIC_REPRESENTATION_CONTEXT() REPRESENTATION_CONTEXT('2D SPACE',''
  ) );
#7803 = PCURVE('',#8633,#7372);
#7804 = CIRCLE('',#8413,6.6475);
#7805 = DIRECTION('',(-1.,4.240739575285E-16));
#7806 = ( GEOMETRIC_REPRESENTATION_CONTEXT(2) 
PARAMETRIC_REPRESENTATION_CONTEXT() REPRESENTATION_CONTEXT('2D SPACE',''
  ) );
#7807 = CARTESIAN_POINT('',(0.928876176596,6.083044703917));
#7808 = ORIENTED_EDGE('',*,*,#1729,.F.);
#7809 = CARTESIAN_POINT('',(4.113781225032,5.221138865056));
#7810 = ( GEOMETRIC_REPRESENTATION_CONTEXT(2) 
PARAMETRIC_REPRESENTATION_CONTEXT() REPRESENTATION_CONTEXT('2D SPACE',''
  ) );
#7811 = LINE('',#671,#8802);
#7812 = CARTESIAN_POINT('',(4.712388980385,-2.855993321445));
#7813 = CARTESIAN_POINT('',(1.172960963671E-03,0.999997089351));
#7814 = DEFINITIONAL_REPRESENTATION('',(#5135),#3048);
#7815 = LINE('',#5752,#7632);
#7816 = VECTOR('',#1364,1.);
#7817 = EDGE_LOOP('',(#127,#2397,#2223,#117));
#7818 = AXIS2_PLACEMENT_3D('',#5046,#3904,#2314);
#7819 = DEFINITIONAL_REPRESENTATION('',(#7438),#898);
#7820 = CARTESIAN_POINT('',(0.,-7.35,-24.25));
#7821 = CARTESIAN_POINT('',(1.570796326795,6.266627581128));
#7822 = CARTESIAN_POINT('',(5.112811487549,3.319989737173));
#7823 = CARTESIAN_POINT('',(4.440892098501E-16,6.599113576837));
#7824 = ADVANCED_FACE('',(#2988),#8633,.T.);
#7825 = AXIS2_PLACEMENT_3D('',#2026,#4604,#8465);
#7826 = CARTESIAN_POINT('',(6.265371223528,2.814425362107));
#7827 = DIRECTION('',(0.,-1.));
#7828 = CARTESIAN_POINT('',(4.965205481603,4.654102956879));
#7829 = ( GEOMETRIC_REPRESENTATION_CONTEXT(2) 
PARAMETRIC_REPRESENTATION_CONTEXT() REPRESENTATION_CONTEXT('2D SPACE',''
  ) );
#7830 = CARTESIAN_POINT('',(6.28318530718,-0.5));
#7831 = LINE('',#2833,#4619);
#7832 = LINE('',#6991,#4543);
#7833 = TOROIDAL_SURFACE('',#3656,3.675,0.5);
#7834 = CARTESIAN_POINT('',(0.,7.35,-5.597522006608));
#7835 = AXIS2_PLACEMENT_3D('',#3691,#4267,#2625);
#7836 = CARTESIAN_POINT('',(3.32375,-0.890596128343));
#7837 = CARTESIAN_POINT('',(-2.475579106321,-5.094606295512));
#7838 = CARTESIAN_POINT('',(5.107796924376,3.137598017576));
#7839 = CARTESIAN_POINT('',(2.048838493441,5.509992602816));
#7840 = ORIENTED_EDGE('',*,*,#905,.T.);
#7841 = CARTESIAN_POINT('',(0.,15.45,-2.95));
#7842 = DIRECTION('',(-0.,1.351732578683E-16,-1.));
#7843 = VECTOR('',#2101,1.);
#7844 = CARTESIAN_POINT('',(4.504209502062,0.656107235044));
#7845 = CARTESIAN_POINT('',(6.28318530718,-1.372705315496E-16));
#7846 = CARTESIAN_POINT('',(4.712388980385,2.713193655373));
#7847 = LINE('',#1243,#2546);
#7848 = CARTESIAN_POINT('',(1.175388382804,3.145587289603));
#7849 = VERTEX_POINT('',#5321);
#7850 = ORIENTED_EDGE('',*,*,#5249,.F.);
#7851 = ADVANCED_FACE('',(#6610,#486,#8900),#1443,.T.);
#7852 = DIRECTION('',(1.,0.));
#7853 = CARTESIAN_POINT('',(3.994295346411E-03,0.984754924051));
#7854 = SURFACE_CURVE('',#2862,(#4598,#5710),.PCURVE_S1.);
#7855 = FACE_BOUND('',#5495,.T.);
#7856 = B_SPLINE_CURVE_WITH_KNOTS('',3,(#77,#2004,#4053,#656,#1009,
    #7952,#2694,#773,#8198,#3898,#8087,#8743,#2818,#2825,#7369,#6599,
    #3287,#3471,#6870,#6865,#7920,#2675,#879,#2162,#209),
  .UNSPECIFIED.,.F.,.F.,(4,1,1,1,1,1,1,1,1,1,1,1,1,1,1,1,1,1,1,1,1,1,4),
  (4.712388980385,4.855188646457,4.997988312529,5.140787978601,
    5.283587644674,5.426387310746,5.569186976818,5.711986642891,
    5.854786308963,5.997585975035,6.140385641107,6.28318530718,
    6.425984973252,6.568784639324,6.711584305396,6.854383971469,
    6.997183637541,7.139983303613,7.282782969685,7.425582635758,
    7.56838230183,7.711181967902,7.853981633974),.QUASI_UNIFORM_KNOTS.);
#7857 = CARTESIAN_POINT('',(0.666465269084,2.627580473103));
#7858 = DIRECTION('',(3.191040155345E-32,0.618211514736,0.786011783021)
  );
#7859 = CARTESIAN_POINT('',(6.28318530718,0.));
#7860 = CARTESIAN_POINT('',(0.,-1.212178440714,-4.558741109223E-02));
#7861 = VECTOR('',#2981,1.);
#7862 = CARTESIAN_POINT('',(2.921132797555,2.932703132449));
#7863 = CARTESIAN_POINT('',(5.047365958693,4.162570873436));
#7864 = VECTOR('',#3420,1.);
#7865 = DIRECTION('',(0.,0.,-1.));
#7866 = CARTESIAN_POINT('',(6.28318530718,0.));
#7867 = DIRECTION('',(1.,0.));
#7868 = CARTESIAN_POINT('',(4.275429775602,3.1738259266));
#7869 = CARTESIAN_POINT('',(5.115022922823,3.355616218471));
#7870 = ( BOUNDED_CURVE() B_SPLINE_CURVE(2,(#5582,#8653,#4677,#8239,
#5801,#3864,#1759),.UNSPECIFIED.,.T.,.F.) B_SPLINE_CURVE_WITH_KNOTS((1,2
    ,2,2,2,1),(-2.094395102393,0.,2.094395102393,4.188790204786,
6.28318530718,8.377580409573),.UNSPECIFIED.) CURVE() 
GEOMETRIC_REPRESENTATION_ITEM() RATIONAL_B_SPLINE_CURVE((1.,0.5,1.,0.5,
1.,0.5,1.)) REPRESENTATION_ITEM('') );
#7871 = SURFACE_SIDE_STYLE('',(#8122));
#7872 = CARTESIAN_POINT('',(-5.003428485206,5.832322800287,2.45));
#7873 = DIRECTION('',(1.,0.,-0.));
#7874 = CARTESIAN_POINT('',(1.975704357781,5.739940465415));
#7875 = DIRECTION('',(-1.224646799147E-16,1.,0.));
#7876 = DEFINITIONAL_REPRESENTATION('',(#7815),#3936);
#7877 = EDGE_CURVE('',#591,#8398,#1783,.T.);
#7878 = VECTOR('',#8304,1.);
#7879 = VERTEX_POINT('',#1168);
#7880 = EDGE_CURVE('',#5875,#3817,#6401,.T.);
#7881 = CARTESIAN_POINT('',(-6.48,13.83,-6.65));
#7882 = CARTESIAN_POINT('',(1.160279106438,2.662535498218));
#7883 = CARTESIAN_POINT('',(-2.377364603376,-7.738978879759,
    2.824694464658));
#7884 = PCURVE('',#2173,#91);
#7885 = CARTESIAN_POINT('',(1.105667435652,-7.841813384564));
#7886 = DEFINITIONAL_REPRESENTATION('',(#1855),#8557);
#7887 = CARTESIAN_POINT('',(3.019844003343,-0.606089220357,
    -0.816186562689));
#7888 = CARTESIAN_POINT('',(1.258077522937,2.005615576108));
#7889 = SURFACE_CURVE('',#6878,(#4475,#1255),.PCURVE_S1.);
#7890 = CARTESIAN_POINT('',(0.900138501811,4.850699865529));
#7891 = PCURVE('',#3178,#5008);
#7892 = EDGE_CURVE('',#8398,#8681,#7098,.T.);
#7893 = AXIS2_PLACEMENT_3D('',#4727,#8300,#2215);
#7894 = CARTESIAN_POINT('',(4.16259177673,-3.992234065487));
#7895 = PCURVE('',#5913,#3387);
#7896 = PCURVE('',#2384,#5091);
#7897 = CARTESIAN_POINT('',(3.064712294686E-03,0.999934020262));
#7898 = CARTESIAN_POINT('',(-3.172697146364,0.122913324373,
    1.139386986465));
#7899 = CARTESIAN_POINT('',(4.709193272161,-16.14847478826));
#7900 = DIRECTION('',(0.,1.,1.351732578683E-16));
#7901 = CARTESIAN_POINT('',(5.326729168075E-04,2.569668126633E-03));
#7902 = EDGE_LOOP('',(#3054,#3561,#4976));
#7903 = ORIENTED_EDGE('',*,*,#1063,.T.);
#7904 = ORIENTED_EDGE('',*,*,#8806,.T.);
#7905 = CARTESIAN_POINT('',(0.,7.35,-19.25));
#7906 = EDGE_LOOP('',(#6941,#7695,#5072,#6047));
#7907 = LINE('',#7468,#7587);
#7908 = CARTESIAN_POINT('',(3.14159265359,0.));
#7909 = CARTESIAN_POINT('',(4.868898733178,-0.660719249678));
#7910 = DIRECTION('',(-0.,1.,1.351732578683E-16));
#7911 = CARTESIAN_POINT('',(1.570796326795,-0.856797996434));
#7912 = CARTESIAN_POINT('',(2.174440369839,5.28458280223));
#7913 = B_SPLINE_CURVE_WITH_KNOTS('',3,(#7653,#130,#5054,#5242,#2434,
    #4899,#1333,#4693,#6915,#5668,#917,#4498,#1846,#5928,#7089,#4810,
    #6396,#327,#863,#414,#7909,#2937,#1592,#3353,#3259),
  .UNSPECIFIED.,.F.,.F.,(4,1,1,1,1,1,1,1,1,1,1,1,1,1,1,1,1,1,1,1,1,1,4),
  (2.236949517429,2.278069659982,2.319189802535,2.360309945088,
    2.40143008764,2.442550230193,2.483670372746,2.524790515299,
    2.565910657851,2.607030800404,2.648150942957,2.68927108551,
    2.730391228062,2.771511370615,2.812631513168,2.853751655721,
    2.894871798273,2.935991940826,2.977112083379,3.018232225932,
    3.059352368484,3.100472511037,3.14159265359),.QUASI_UNIFORM_KNOTS.);
#7914 = DIRECTION('',(0.,1.,1.351732578683E-16));
#7915 = CARTESIAN_POINT('',(4.52278432893,-16.2733849203));
#7916 = DIRECTION('',(0.,1.));
#7917 = EDGE_CURVE('',#235,#607,#6704,.T.);
#7918 = ORIENTED_EDGE('',*,*,#3189,.F.);
#7919 = SURFACE_CURVE('',#2345,(#7595,#4946),.PCURVE_S1.);
#7920 = CARTESIAN_POINT('',(1.570796326795,0.428398998217));
#7921 = FACE_BOUND('',#4094,.T.);
#7922 = CARTESIAN_POINT('',(1.200582355981,2.296126534247));
#7923 = CARTESIAN_POINT('',(3.994295346411E-03,0.954290402231));
#7924 = LINE('',#7684,#7843);
#7925 = ( GEOMETRIC_REPRESENTATION_CONTEXT(2) 
PARAMETRIC_REPRESENTATION_CONTEXT() REPRESENTATION_CONTEXT('2D SPACE',''
  ) );
#7926 = DIRECTION('',(1.,0.,-0.));
#7927 = CARTESIAN_POINT('',(3.107857398459,-0.471056413075,
    -0.283421300062));
#7928 = B_SPLINE_CURVE_WITH_KNOTS('',3,(#4407,#5331,#4721,#5390,#840,
    #6465,#4559,#3404,#2328,#965,#6019,#5241,#550,#3538,#4680,#7360,
    #5580,#7031,#140,#7643,#5830,#7296,#3661,#4478,#6182),
  .UNSPECIFIED.,.F.,.F.,(4,1,1,1,1,1,1,1,1,1,1,1,1,1,1,1,1,1,1,1,1,1,4),
  (1.981131159943E-07,7.712135714149E-05,1.54044601167E-04,
    2.309678451925E-04,3.07891089218E-04,3.848143332435E-04,
    4.61737577269E-04,5.386608212945E-04,6.1558406532E-04,
    6.925073093455E-04,7.69430553371E-04,8.463537973965E-04,
    9.23277041422E-04,1.000200285447E-03,1.077123529473E-03,
    1.154046773498E-03,1.230970017524E-03,1.307893261549E-03,
    1.384816505575E-03,1.4617397496E-03,1.538662993626E-03,
    1.615586237651E-03,1.692509481677E-03),.QUASI_UNIFORM_KNOTS.);
#7929 = CARTESIAN_POINT('',(3.087838790068,1.000001841479));
#7930 = DIRECTION('',(-0.,-0.,1.));
#7931 = SURFACE_CURVE('',#7583,(#3183,#5851),.PCURVE_S1.);
#7932 = CARTESIAN_POINT('',(3.14159265359,0.));
#7933 = VECTOR('',#4651,1.);
#7934 = CIRCLE('',#6504,7.6);
#7935 = LINE('',#6588,#542);
#7936 = CARTESIAN_POINT('',(1.523045577794,-16.15608638764));
#7937 = DIRECTION('',(-0.,0.,1.));
#7938 = CARTESIAN_POINT('',(-6.260326737554,-10.87612423724));
#7939 = PCURVE('',#2634,#1439);
#7940 = CARTESIAN_POINT('',(0.,0.));
#7941 = CARTESIAN_POINT('',(2.45,7.35));
#7942 = CARTESIAN_POINT('',(5.184,1.126163241215,-6.65));
#7943 = CARTESIAN_POINT('',(5.071305560806,2.236647772348));
#7944 = CARTESIAN_POINT('',(8.753162996906E-16,-14.4975,-15.75));
#7945 = CARTESIAN_POINT('',(3.061276627363,0.557313727908,-0.61545657089
    ));
#7946 = ORIENTED_EDGE('',*,*,#604,.F.);
#7947 = CARTESIAN_POINT('',(10.22125,6.189916573549));
#7948 = CARTESIAN_POINT('',(1.779261763804,6.28318530718));
#7949 = VECTOR('',#6638,1.);
#7950 = CARTESIAN_POINT('',(15.100488309409,-5.880767364025));
#7951 = DEFINITIONAL_REPRESENTATION('',(#8267),#5917);
#7952 = CARTESIAN_POINT('',(1.570796326795,2.570393989301));
#7953 = EDGE_LOOP('',(#5333,#4892));
#7954 = CARTESIAN_POINT('',(0.,7.35,-5.597522006608));
#7955 = DIRECTION('',(-0.,1.351732578683E-16,-1.));
#7956 = B_SPLINE_CURVE_WITH_KNOTS('',3,(#6585,#64,#8317,#8755),
  .UNSPECIFIED.,.F.,.F.,(4,4),(1.106279915585E-06,1.693417648491E-03),
  .PIECEWISE_BEZIER_KNOTS.);
#7957 = PCURVE('',#4350,#5268);
#7958 = DEFINITIONAL_REPRESENTATION('',(#4046),#6065);
#7959 = CARTESIAN_POINT('',(4.712388980385,0.285599332145));
#7960 = ( GEOMETRIC_REPRESENTATION_CONTEXT(2) 
PARAMETRIC_REPRESENTATION_CONTEXT() REPRESENTATION_CONTEXT('2D SPACE',''
  ) );
#7961 = CARTESIAN_POINT('',(1.211879746374,4.046537534832));
#7962 = CARTESIAN_POINT('',(4.08068166241,1.451292743872));
#7963 = DIRECTION('',(-0.,1.351732578683E-16,-1.));
#7964 = CARTESIAN_POINT('',(1.062813012065,4.784429912938));
#7965 = AXIS2_PLACEMENT_3D('',#7749,#7457,#2317);
#7966 = AXIS2_PLACEMENT_3D('',#7295,#514,#4429);
#7967 = CARTESIAN_POINT('',(1.168162384357,2.927569088709));
#7968 = FACE_BOUND('',#4139,.F.);
#7969 = ORIENTED_EDGE('',*,*,#2535,.F.);
#7970 = PRODUCT_DEFINITION('design','',#8406,#5643);
#7971 = PCURVE('',#2224,#4709);
#7972 = DIRECTION('',(-1.,0.));
#7973 = CARTESIAN_POINT('',(-12.0775220066,2.856310766954));
#7974 = PCURVE('',#4350,#3185);
#7975 = LINE('',#6736,#1605);
#7976 = PLANE('',#6027);
#7977 = VECTOR('',#445,1.);
#7978 = CARTESIAN_POINT('',(5.113504659455,3.331858125306));
#7979 = LINE('',#925,#760);
#7980 = VECTOR('',#2130,1.);
#7981 = CARTESIAN_POINT('',(1.256881325137,6.266627581128));
#7982 = ORIENTED_EDGE('',*,*,#7140,.F.);
#7983 = LINE('',#7297,#46);
#7984 = CARTESIAN_POINT('',(8.140839597332E-16,-13.9975,-19.25));
#7985 = CARTESIAN_POINT('',(1.769830620234,-16.28631454766));
#7986 = LINE('',#7821,#1469);
#7987 = PCURVE('',#3365,#3196);
#7988 = CARTESIAN_POINT('',(2.174325170468,5.177945358383));
#7989 = EDGE_CURVE('',#3505,#366,#7563,.T.);
#7990 = DIRECTION('',(1.,0.,-0.));
#7991 = DIRECTION('',(1.,0.));
#7992 = CARTESIAN_POINT('',(3.14159265359,-9.237639163677));
#7993 = APPLICATION_PROTOCOL_DEFINITION('international standard',
  'automotive_design',2000,#883);
#7994 = CARTESIAN_POINT('',(6.48,-2.536821310999,-2.767448387559));
#7995 = ORIENTED_EDGE('',*,*,#469,.T.);
#7996 = AXIS2_PLACEMENT_3D('',#1297,#3346,#1347);
#7997 = LINE('',#7706,#2812);
#7998 = ORIENTED_EDGE('',*,*,#2858,.F.);
#7999 = DIRECTION('',(1.,5.654319433713E-16));
#8000 = SURFACE_CURVE('',#1213,(#8129,#2522),.PCURVE_S1.);
#8001 = PCURVE('',#6692,#4377);
#8002 = CARTESIAN_POINT('',(4.957706502242,1.570796326795));
#8003 = EDGE_LOOP('',(#5562,#626,#5347,#8837,#3628,#5063,#5364,#4476,
    #2351,#8134));
#8004 = PCURVE('',#778,#2386);
#8005 = ORIENTED_EDGE('',*,*,#694,.T.);
#8006 = DIRECTION('',(1.,0.));
#8007 = ORIENTED_EDGE('',*,*,#8712,.F.);
#8008 = ( GEOMETRIC_REPRESENTATION_CONTEXT(2) 
PARAMETRIC_REPRESENTATION_CONTEXT() REPRESENTATION_CONTEXT('2D SPACE',''
  ) );
#8009 = VECTOR('',#6706,1.);
#8010 = ORIENTED_EDGE('',*,*,#7015,.F.);
#8011 = EDGE_CURVE('',#3505,#3269,#8739,.T.);
#8012 = CARTESIAN_POINT('',(3.534703205099,3.192782277297));
#8013 = ( GEOMETRIC_REPRESENTATION_CONTEXT(2) 
PARAMETRIC_REPRESENTATION_CONTEXT() REPRESENTATION_CONTEXT('2D SPACE',''
  ) );
#8014 = ORIENTED_EDGE('',*,*,#7625,.F.);
#8015 = ( GEOMETRIC_REPRESENTATION_CONTEXT(2) 
PARAMETRIC_REPRESENTATION_CONTEXT() REPRESENTATION_CONTEXT('2D SPACE',''
  ) );
#8016 = CARTESIAN_POINT('',(5.436234546418,1.696001888346));
#8017 = CARTESIAN_POINT('',(3.808057922674,2.798917866598));
#8018 = VERTEX_POINT('',#8215);
#8019 = CARTESIAN_POINT('',(15.25,7.35));
#8020 = VECTOR('',#2415,1.);
#8021 = CARTESIAN_POINT('',(3.808057922674,1.599556112128));
#8022 = VECTOR('',#6607,1.);
#8023 = CIRCLE('',#1850,3.675);
#8024 = ORIENTED_EDGE('',*,*,#7877,.T.);
#8025 = CARTESIAN_POINT('',(-2.04,-6.365286717816));
#8026 = CIRCLE('',#1515,5.215);
#8027 = DIRECTION('',(0.968950376682,-1.887219444488E-31,-0.247255267949
    ));
#8028 = DIRECTION('',(-0.,1.351732578683E-16,-1.));
#8029 = CARTESIAN_POINT('',(4.120238643824,4.285808147356));
#8030 = AXIS2_PLACEMENT_3D('',#2616,#2601,#5056);
#8031 = PCURVE('',#4803,#7002);
#8032 = CARTESIAN_POINT('',(6.48,7.35,-2.45));
#8033 = CARTESIAN_POINT('',(1.570796326795,1.59459627114));
#8034 = VERTEX_POINT('',#3122);
#8035 = LINE('',#3092,#7099);
#8036 = CARTESIAN_POINT('',(5.122509208124,2.817971450594));
#8037 = VECTOR('',#7252,1.);
#8038 = DIRECTION('',(0.,1.));
#8039 = ADVANCED_FACE('',(#4054),#778,.T.);
#8040 = AXIS2_PLACEMENT_3D('',#805,#4344,#1000);
#8041 = DIRECTION('',(-0.,1.351732578683E-16,-1.));
#8042 = CARTESIAN_POINT('',(5.354309130584,6.083044703917));
#8043 = ( GEOMETRIC_REPRESENTATION_CONTEXT(2) 
PARAMETRIC_REPRESENTATION_CONTEXT() REPRESENTATION_CONTEXT('2D SPACE',''
  ) );
#8044 = CIRCLE('',#2442,5.664230328819);
#8045 = CIRCLE('',#5693,6.6475);
#8046 = CIRCLE('',#4795,6.48);
#8047 = ( GEOMETRIC_REPRESENTATION_CONTEXT(2) 
PARAMETRIC_REPRESENTATION_CONTEXT() REPRESENTATION_CONTEXT('2D SPACE',''
  ) );
#8048 = CARTESIAN_POINT('',(-5.914081638765,-11.8833841395));
#8049 = PCURVE('',#6180,#6909);
#8050 = B_SPLINE_CURVE_WITH_KNOTS('',3,(#8906,#4689,#1206,#6772,#8135,
    #1403,#8393,#5042,#243,#7813,#1136,#8051,#5839,#6312,#4700,#6355,
    #2122,#1690,#5201,#6320,#5996,#8514,#994,#5603,#8871),
  .UNSPECIFIED.,.F.,.F.,(4,1,1,1,1,1,1,1,1,1,1,1,1,1,1,1,1,1,1,1,1,1,4),
  (-7.968688725275E-05,7.241483744877E-05,2.245165621503E-04,
    3.766182868518E-04,5.287200115533E-04,6.808217362548E-04,
    8.329234609564E-04,9.850251856579E-04,1.137126910359E-03,
    1.289228635061E-03,1.441330359762E-03,1.593432084464E-03,
    1.745533809165E-03,1.897635533867E-03,2.049737258569E-03,
    2.20183898327E-03,2.353940707972E-03,2.506042432673E-03,
    2.658144157375E-03,2.810245882076E-03,2.962347606778E-03,
    3.114449331479E-03,3.266551056181E-03),.UNSPECIFIED.);
#8051 = CARTESIAN_POINT('',(1.511554418991E-03,0.999961810518));
#8052 = DEFINITIONAL_REPRESENTATION('',(#4840),#8280);
#8053 = CARTESIAN_POINT('',(3.152295022397,0.316101259961,0.304031856963
    ));
#8054 = EDGE_CURVE('',#5735,#5645,#2416,.T.);
#8055 = FACE_BOUND('',#1019,.T.);
#8056 = DIRECTION('',(1.,0.));
#8057 = ORIENTED_EDGE('',*,*,#5394,.T.);
#8058 = DEFINITIONAL_REPRESENTATION('',(#7073),#323);
#8059 = TOROIDAL_SURFACE('',#2805,5.215,0.5);
#8060 = DIRECTION('',(1.,0.));
#8061 = PCURVE('',#4279,#1969);
#8062 = CARTESIAN_POINT('',(1.230019872599,4.133920260287));
#8063 = ADVANCED_BREP_SHAPE_REPRESENTATION('',(#8444,#8834),#4248);
#8064 = ( GEOMETRIC_REPRESENTATION_CONTEXT(2) 
PARAMETRIC_REPRESENTATION_CONTEXT() REPRESENTATION_CONTEXT('2D SPACE',''
  ) );
#8065 = CARTESIAN_POINT('',(3.14159265359,5.5));
#8066 = DEFINITIONAL_REPRESENTATION('',(#6505),#912);
#8067 = ORIENTED_EDGE('',*,*,#1729,.T.);
#8068 = VECTOR('',#7261,1.);
#8069 = ORIENTED_EDGE('',*,*,#1063,.F.);
#8070 = DIRECTION('',(0.,1.));
#8071 = CIRCLE('',#1879,6.48);
#8072 = ORIENTED_EDGE('',*,*,#3425,.F.);
#8073 = CARTESIAN_POINT('',(0.,-7.35,-19.25));
#8074 = SURFACE_CURVE('',#4080,(#2009,#41),.PCURVE_S1.);
#8075 = CARTESIAN_POINT('',(1.314098036311,4.625298063799));
#8076 = PCURVE('',#150,#735);
#8077 = EDGE_LOOP('',(#5567,#886));
#8078 = EDGE_CURVE('',#8248,#5875,#846,.T.);
#8079 = ORIENTED_EDGE('',*,*,#5208,.F.);
#8080 = SURFACE_CURVE('',#8635,(#293,#3789),.PCURVE_S1.);
#8081 = CARTESIAN_POINT('',(1.760400978248,-16.2733849203));
#8082 = VECTOR('',#1582,1.);
#8083 = AXIS2_PLACEMENT_2D('',#400,#6321);
#8084 = CARTESIAN_POINT('',(3.515520611933E-03,-4.294442227202E-06));
#8085 = CARTESIAN_POINT('',(5.616720038095,6.28318530718));
#8086 = CARTESIAN_POINT('',(3.419049469224,-8.479288265639E-07));
#8087 = CARTESIAN_POINT('',(1.570796326795,1.856395658939));
#8088 = CIRCLE('',#324,0.5);
#8089 = ( GEOMETRIC_REPRESENTATION_CONTEXT(2) 
PARAMETRIC_REPRESENTATION_CONTEXT() REPRESENTATION_CONTEXT('2D SPACE',''
  ) );
#8090 = CARTESIAN_POINT('',(0.,0.,2.45));
#8091 = CARTESIAN_POINT('',(0.126679324707,2.199103302418E-13,
    -3.136138227978));
#8092 = EDGE_CURVE('',#3739,#5332,#8867,.T.);
#8093 = EDGE_LOOP('',(#2714,#1714,#6114));
#8094 = DEFINITIONAL_REPRESENTATION('',(#3217),#6082);
#8095 = ORIENTED_EDGE('',*,*,#3164,.T.);
#8096 = CARTESIAN_POINT('',(0.999820182213,-8.599107308293));
#8097 = CARTESIAN_POINT('',(1.409481443891,-16.23846606732));
#8098 = ORIENTED_EDGE('',*,*,#7092,.F.);
#8099 = CARTESIAN_POINT('',(3.808057922674,4.683629195051));
#8100 = CARTESIAN_POINT('',(6.48,-1.865500022292,2.45));
#8101 = CIRCLE('',#7655,6.6475);
#8102 = CARTESIAN_POINT('',(-10.43,-5.715));
#8103 = DIRECTION('',(-1.,0.,0.));
#8104 = SURFACE_CURVE('',#750,(#992,#3717),.PCURVE_S1.);
#8105 = ORIENTED_EDGE('',*,*,#8078,.T.);
#8106 = CARTESIAN_POINT('',(14.58,-6.48));
#8107 = CARTESIAN_POINT('',(4.569130037231,4.717142309873));
#8108 = DIRECTION('',(0.,-0.,1.));
#8109 = EDGE_CURVE('',#585,#3367,#7414,.T.);
#8110 = VECTOR('',#3392,1.);
#8111 = ORIENTED_EDGE('',*,*,#8204,.T.);
#8112 = CARTESIAN_POINT('',(0.666465269084,4.512291801556));
#8113 = TOROIDAL_SURFACE('',#5429,7.6,0.5);
#8114 = DIRECTION('',(-0.,1.351732578683E-16,-1.));
#8115 = DEFINITIONAL_REPRESENTATION('',(#6510),#2178);
#8116 = CARTESIAN_POINT('',(4.712388980385,4.212590149132));
#8117 = ADVANCED_FACE('',(#1214),#6429,.T.);
#8118 = AXIS2_PLACEMENT_3D('',#7125,#1367,#8602);
#8119 = LINE('',#7103,#8773);
#8120 = CYLINDRICAL_SURFACE('',#2974,3.81);
#8121 = CARTESIAN_POINT('',(6.998856457127E-16,1.635,-18.75));
#8122 = SURFACE_STYLE_FILL_AREA(#497);
#8123 = DIRECTION('',(0.,1.));
#8124 = DIRECTION('',(-0.,-0.,1.));
#8125 = ORIENTED_EDGE('',*,*,#3721,.F.);
#8126 = CARTESIAN_POINT('',(-6.48,2.49,-2.95));
#8127 = DIRECTION('',(0.,-1.));
#8128 = CARTESIAN_POINT('',(0.666465269084,3.569936137329));
#8129 = PCURVE('',#5828,#2414);
#8130 = DIRECTION('',(-0.,-0.,1.));
#8131 = DIRECTION('',(1.,-5.654319433713E-16));
#8132 = CARTESIAN_POINT('',(2.585250006595,-2.748246268997));
#8133 = ORIENTED_EDGE('',*,*,#8,.F.);
#8134 = ORIENTED_EDGE('',*,*,#456,.F.);
#8135 = CARTESIAN_POINT('',(3.78259151501E-04,1.011251120896));
#8136 = CARTESIAN_POINT('',(2.475127384505,1.28519699465));
#8137 = VECTOR('',#720,1.);
#8138 = DEFINITIONAL_REPRESENTATION('',(#6575),#2463);
#8139 = DIRECTION('',(0.,1.,1.351732578683E-16));
#8140 = EDGE_CURVE('',#3006,#3542,#7710,.T.);
#8141 = CARTESIAN_POINT('',(5.531503871607,0.493057645491));
#8142 = CARTESIAN_POINT('',(5.212281340155,5.531014665599,2.45));
#8143 = CARTESIAN_POINT('',(1.570796326795,-1.142397328578));
#8144 = CARTESIAN_POINT('',(0.,7.35,-6.415276151398));
#8145 = CARTESIAN_POINT('',(4.712388980385,2.21339482412));
#8146 = PCURVE('',#7756,#3760);
#8147 = DIRECTION('',(-1.,-0.,-0.));
#8148 = PCURVE('',#7833,#5691);
#8149 = ( GEOMETRIC_REPRESENTATION_CONTEXT(2) 
PARAMETRIC_REPRESENTATION_CONTEXT() REPRESENTATION_CONTEXT('2D SPACE',''
  ) );
#8150 = SURFACE_CURVE('',#4448,(#629,#5956),.PCURVE_S1.);
#8151 = CARTESIAN_POINT('',(6.6675,4.949335182628));
#8152 = CARTESIAN_POINT('',(-0.400488309409,-5.880767364025));
#8153 = DEFINITIONAL_REPRESENTATION('',(#4736),#6989);
#8154 = CARTESIAN_POINT('',(-6.341580355688E-02,8.673617379884E-16,
    -3.13156828623));
#8155 = LINE('',#4582,#3352);
#8156 = FACE_BOUND('',#594,.F.);
#8157 = DIRECTION('',(1.,0.,0.));
#8158 = CARTESIAN_POINT('',(3.963885250248,-6.86031482945,2.565297959642
    ));
#8159 = SURFACE_CURVE('',#1653,(#5966,#8218),.PCURVE_S1.);
#8160 = SURFACE_CURVE('',#380,(#865,#6543),.PCURVE_S1.);
#8161 = DIRECTION('',(-0.,1.351732578683E-16,-1.));
#8162 = DIRECTION('',(0.,-1.));
#8163 = AXIS2_PLACEMENT_3D('',#6846,#2357,#4537);
#8164 = ORIENTED_EDGE('',*,*,#831,.F.);
#8165 = CARTESIAN_POINT('',(4.674160221723,-16.153304933));
#8166 = CARTESIAN_POINT('',(4.696468244977,4.712288265251));
#8167 = CARTESIAN_POINT('',(2.74848210208,3.192782277297));
#8168 = CARTESIAN_POINT('',(6.260557585853,-3.275477185021,2.45));
#8169 = ORIENTED_EDGE('',*,*,#7989,.T.);
#8170 = CARTESIAN_POINT('',(0.,-7.35,-17.75));
#8171 = DIRECTION('',(0.,-3.469446951954E-16,1.));
#8172 = CARTESIAN_POINT('',(5.107877430559,3.165524576723));
#8173 = DIRECTION('',(-0.,-1.,-3.469446951954E-16));
#8174 = PCURVE('',#7756,#1762);
#8175 = CARTESIAN_POINT('',(1.321784751221,1.600013003679));
#8176 = CIRCLE('',#7174,8.1);
#8177 = CARTESIAN_POINT('',(1.116235869231,-7.763785311715));
#8178 = ADVANCED_FACE('',(#2040,#817),#8268,.T.);
#8179 = DIRECTION('',(-0.968950376682,0.,-0.247255267949));
#8180 = CARTESIAN_POINT('',(4.961415065163,1.60012632664));
#8181 = DIRECTION('',(1.,0.,0.));
#8182 = CARTESIAN_POINT('',(2.63122635172,1.000000816028));
#8183 = EDGE_CURVE('',#7849,#3419,#2176,.T.);
#8184 = DIRECTION('',(0.,-0.786011783021,0.618211514736));
#8185 = CARTESIAN_POINT('',(2.197446787797,5.638078356048));
#8186 = PCURVE('',#3599,#8511);
#8187 = CARTESIAN_POINT('',(0.,14.08,5.597522006608));
#8188 = DIRECTION('',(-0.,1.351732578683E-16,-1.));
#8189 = EDGE_CURVE('',#2795,#7610,#3782,.T.);
#8190 = CARTESIAN_POINT('',(5.111558333068,2.986919468664));
#8191 = LINE('',#2417,#1516);
#8192 = ORIENTED_EDGE('',*,*,#7699,.T.);
#8193 = DIRECTION('',(0.,0.,1.));
#8194 = VECTOR('',#5883,1.);
#8195 = DIRECTION('',(-1.,0.));
#8196 = DIRECTION('',(-0.,1.351732578683E-16,-1.));
#8197 = CARTESIAN_POINT('',(2.051640701305E-03,-7.428311448199E-05));
#8198 = CARTESIAN_POINT('',(1.570796326795,2.141994991084));
#8199 = CARTESIAN_POINT('',(5.077141552654,2.266599184439));
#8200 = CARTESIAN_POINT('',(2.21429752412,6.249104281144));
#8201 = VECTOR('',#7441,1.);
#8202 = ORIENTED_EDGE('',*,*,#5358,.F.);
#8203 = PCURVE('',#6107,#6775);
#8204 = EDGE_CURVE('',#3391,#832,#6484,.T.);
#8205 = CARTESIAN_POINT('',(0.666465269084,3.14159265359));
#8206 = CARTESIAN_POINT('',(0.,-10.525,-24.25));
#8207 = CARTESIAN_POINT('',(5.107796927503,3.14159265359));
#8208 = CARTESIAN_POINT('',(-6.48,-3.378904433283,-2.45));
#8209 = DEFINITIONAL_REPRESENTATION('',(#261),#887);
#8210 = ( GEOMETRIC_REPRESENTATION_CONTEXT(2) 
PARAMETRIC_REPRESENTATION_CONTEXT() REPRESENTATION_CONTEXT('2D SPACE',''
  ) );
#8211 = ( GEOMETRIC_REPRESENTATION_CONTEXT(2) 
PARAMETRIC_REPRESENTATION_CONTEXT() REPRESENTATION_CONTEXT('2D SPACE',''
  ) );
#8212 = DIRECTION('',(0.,-1.,3.469446951954E-16));
#8213 = LINE('',#6351,#7864);
#8214 = DIRECTION('',(-0.,1.351732578683E-16,-1.));
#8215 = CARTESIAN_POINT('',(6.48,-1.508019041618,2.45));
#8216 = LINE('',#3738,#25);
#8217 = CARTESIAN_POINT('',(5.112543838456,3.774004869284));
#8218 = PCURVE('',#625,#563);
#8219 = EDGE_LOOP('',(#4336,#593,#8079,#7072,#4386));
#8220 = CARTESIAN_POINT('',(5.672110518855,-0.562164883095));
#8221 = ORIENTED_EDGE('',*,*,#4240,.T.);
#8222 = ( BOUNDED_CURVE() B_SPLINE_CURVE(3,(#5087,#1647,#6690,#465),
.UNSPECIFIED.,.F.,.F.) B_SPLINE_CURVE_WITH_KNOTS((4,4),(3.14159265359,
4.398473978727),.PIECEWISE_BEZIER_KNOTS.) CURVE() 
GEOMETRIC_REPRESENTATION_ITEM() RATIONAL_B_SPLINE_CURVE((1.,
0.872630134027,0.872630134027,1.)) REPRESENTATION_ITEM('') );
#8223 = CARTESIAN_POINT('',(4.712388980385,2.855993321445));
#8224 = VECTOR('',#6613,1.);
#8225 = CARTESIAN_POINT('',(1.166470311187,2.903771395528));
#8226 = DEFINITIONAL_REPRESENTATION('',(#6088),#8548);
#8227 = ( GEOMETRIC_REPRESENTATION_CONTEXT(2) 
PARAMETRIC_REPRESENTATION_CONTEXT() REPRESENTATION_CONTEXT('2D SPACE',''
  ) );
#8228 = CARTESIAN_POINT('',(15.100488309409,5.880767364025));
#8229 = TOROIDAL_SURFACE('',#242,5.215,0.5);
#8230 = PCURVE('',#1938,#5729);
#8231 = DEFINITIONAL_REPRESENTATION('',(#7047),#8323);
#8232 = CARTESIAN_POINT('',(6.893701801352E-04,0.998968762698));
#8233 = CARTESIAN_POINT('',(1.185823136895,2.386540986423));
#8234 = VECTOR('',#1448,1.);
#8235 = LINE('',#695,#3214);
#8236 = CARTESIAN_POINT('',(-6.6475,4.866307743314));
#8237 = CARTESIAN_POINT('',(4.398473978727,4.570959776891E-02));
#8238 = DIRECTION('',(0.,1.));
#8239 = CARTESIAN_POINT('',(29.9,1.861463134704E-15));
#8240 = ORIENTED_EDGE('',*,*,#7083,.F.);
#8241 = CARTESIAN_POINT('',(6.48,3.921309653643,-2.45));
#8242 = VERTEX_POINT('',#2527);
#8243 = B_SPLINE_CURVE_WITH_KNOTS('',3,(#224,#3667,#5166,#5546,#2561,
    #5164,#6552,#3976,#6099,#6453),.UNSPECIFIED.,.F.,.F.,(4,2,2,2,4),(
    3.638070544428E-02,3.744505196861E-02,3.850939849295E-02,
    3.957374501728E-02,4.063809154162E-02),.UNSPECIFIED.);
#8244 = ( GEOMETRIC_REPRESENTATION_CONTEXT(2) 
PARAMETRIC_REPRESENTATION_CONTEXT() REPRESENTATION_CONTEXT('2D SPACE',''
  ) );
#8245 = FACE_BOUND('',#6220,.F.);
#8246 = ORIENTED_EDGE('',*,*,#2197,.F.);
#8247 = DEFINITIONAL_REPRESENTATION('',(#956),#6264);
#8248 = VERTEX_POINT('',#3031);
#8249 = CIRCLE('',#1480,7.1475);
#8250 = LINE('',#1584,#6478);
#8251 = PCURVE('',#3178,#8847);
#8252 = CARTESIAN_POINT('',(6.28318530718,3.552713678801E-15));
#8253 = VECTOR('',#350,1.);
#8254 = DIRECTION('',(1.,0.,0.));
#8255 = ORIENTED_EDGE('',*,*,#3878,.T.);
#8256 = ( GEOMETRIC_REPRESENTATION_CONTEXT(2) 
PARAMETRIC_REPRESENTATION_CONTEXT() REPRESENTATION_CONTEXT('2D SPACE',''
  ) );
#8257 = EDGE_CURVE('',#7849,#2104,#42,.T.);
#8258 = ORIENTED_EDGE('',*,*,#7083,.T.);
#8259 = CARTESIAN_POINT('',(2.572241595044,-2.748848923516E-06));
#8260 = DEFINITIONAL_REPRESENTATION('',(#7728),#4563);
#8261 = PCURVE('',#7833,#664);
#8262 = LINE('',#2065,#310);
#8263 = DIRECTION('',(-1.,0.,0.));
#8264 = VECTOR('',#1779,1.);
#8265 = VERTEX_POINT('',#3572);
#8266 = CARTESIAN_POINT('',(0.,0.,15.25));
#8267 = CIRCLE('',#2031,5.715);
#8268 = PLANE('',#2478);
#8269 = CIRCLE('',#5871,5.215);
#8270 = EDGE_LOOP('',(#1085,#4249,#170,#3192,#3657,#7946,#1787,#3100,
    #4229));
#8271 = LINE('',#4778,#185);
#8272 = CARTESIAN_POINT('',(4.765717916409,6.118443861713,2.467292365693
    ));
#8273 = DEFINITIONAL_REPRESENTATION('',(#5250),#3907);
#8274 = B_SPLINE_CURVE_WITH_KNOTS('',3,(#3286,#827,#5355,#8356,#1844,
    #847,#6234,#570,#3674,#7883,#6270,#3338),.UNSPECIFIED.,.F.,.F.,(4,
    2,2,2,2,4),(2.325386712659E-03,3.453127865324E-03,4.580869017989E-03
    ,5.144739594321E-03,5.708610170653E-03,6.836351323318E-03),
  .UNSPECIFIED.);
#8275 = CARTESIAN_POINT('',(3.808057922674,1.51388741538));
#8276 = CARTESIAN_POINT('',(5.554312772069,1.912585830594));
#8277 = CARTESIAN_POINT('',(5.715,3.299556788419));
#8278 = EDGE_CURVE('',#336,#3039,#904,.T.);
#8279 = CARTESIAN_POINT('',(5.616720038095,-1.856395658939));
#8280 = ( GEOMETRIC_REPRESENTATION_CONTEXT(2) 
PARAMETRIC_REPRESENTATION_CONTEXT() REPRESENTATION_CONTEXT('2D SPACE',''
  ) );
#8281 = CARTESIAN_POINT('',(5.47538195113,0.83472867462));
#8282 = ORIENTED_EDGE('',*,*,#7150,.F.);
#8283 = CARTESIAN_POINT('',(0.666465269084,4.683629195051));
#8284 = ORIENTED_EDGE('',*,*,#126,.T.);
#8285 = CARTESIAN_POINT('',(0.,11.025,-18.75));
#8286 = CARTESIAN_POINT('',(1.293533831363,-1.795480651711,
    -4.19936562449));
#8287 = ( GEOMETRIC_REPRESENTATION_CONTEXT(2) 
PARAMETRIC_REPRESENTATION_CONTEXT() REPRESENTATION_CONTEXT('2D SPACE',''
  ) );
#8288 = DIRECTION('',(-1.,-1.963599532673E-15));
#8289 = CARTESIAN_POINT('',(6.421787231187,-5.200216040496,-2.45));
#8290 = CARTESIAN_POINT('',(3.14159265359,0.));
#8291 = CARTESIAN_POINT('',(1.139447062869,1.834946415217,
    -4.311624500108));
#8292 = AXIS2_PLACEMENT_3D('',#1838,#2867,#916);
#8293 = ( BOUNDED_SURFACE() B_SPLINE_SURFACE(3,2,(
    (#669,#666,#3107)
    ,(#5724,#876,#7163)
    ,(#792,#4932,#5269)
    ,(#8663,#8865,#7898)
    ,(#8666,#7325,#4576)
    ,(#6103,#4550,#7267)
    ,(#4232,#188,#5782)
    ,(#5906,#4304,#1913)
    ,(#5111,#5934,#5255)
    ,(#2083,#5694,#6260
)),.UNSPECIFIED.,.F.,.F.,.F.) B_SPLINE_SURFACE_WITH_KNOTS((4,2,2,2,4),(3
    ,3),(-7.968688725258E-05,9.388086711634E-04,1.957304229579E-03,
    2.975799787995E-03,3.994295346411E-03),(0.,1.),.UNSPECIFIED.) 
GEOMETRIC_REPRESENTATION_ITEM() RATIONAL_B_SPLINE_SURFACE((
    (1.,1.,1.)
    ,(1.,1.,1.)
    ,(1.,1.000068373451,1.)
    ,(1.,0.999360176338,1.)
    ,(1.,0.998484944113,1.)
    ,(1.,0.995239731094,1.)
    ,(1.,0.992909626713,1.)
    ,(1.,0.987578303238,1.)
    ,(1.,0.984591681855,1.)
,(1.,0.981610609218,1.))) REPRESENTATION_ITEM('') SURFACE() );
#8294 = CARTESIAN_POINT('',(3.160973976054,-0.26082710122,0.522976571232
    ));
#8295 = CARTESIAN_POINT('',(6.48,2.49,-19.25));
#8296 = EDGE_CURVE('',#6794,#8437,#5009,.T.);
#8297 = PCURVE('',#1951,#5311);
#8298 = ( GEOMETRIC_REPRESENTATION_CONTEXT(2) 
PARAMETRIC_REPRESENTATION_CONTEXT() REPRESENTATION_CONTEXT('2D SPACE',''
  ) );
#8299 = CARTESIAN_POINT('',(4.665904304751E-16,3.54,-19.25));
#8300 = DIRECTION('',(-0.,0.786011783021,-0.618211514736));
#8301 = VERTEX_POINT('',#4143);
#8302 = ( GEOMETRIC_REPRESENTATION_CONTEXT(2) 
PARAMETRIC_REPRESENTATION_CONTEXT() REPRESENTATION_CONTEXT('2D SPACE',''
  ) );
#8303 = ORIENTED_EDGE('',*,*,#4450,.T.);
#8304 = DIRECTION('',(0.,-1.));
#8305 = DEFINITIONAL_REPRESENTATION('',(#4990),#2362);
#8306 = CARTESIAN_POINT('',(0.510366569818,3.448370216321));
#8307 = AXIS2_PLACEMENT_2D('',#3815,#4446);
#8308 = ADVANCED_FACE('',(#4329),#3749,.T.);
#8309 = CARTESIAN_POINT('',(0.,1.612403413174E-15,19.25));
#8310 = CARTESIAN_POINT('',(20.9425,1.750632599381E-15));
#8311 = SURFACE_CURVE('',#6522,(#3598,#2196),.PCURVE_S1.);
#8312 = DIRECTION('',(0.,0.,-1.));
#8313 = ( GEOMETRIC_REPRESENTATION_CONTEXT(2) 
PARAMETRIC_REPRESENTATION_CONTEXT() REPRESENTATION_CONTEXT('2D SPACE',''
  ) );
#8314 = CARTESIAN_POINT('',(4.665904304751E-16,-11.16,-16.75));
#8315 = EDGE_LOOP('',(#4242,#5689,#7779,#7850,#3637,#6491,#1704));
#8316 = VERTEX_POINT('',#6261);
#8317 = CARTESIAN_POINT('',(0.569475193802,8.100000000001,3.101525211739
    ));
#8318 = CARTESIAN_POINT('',(-6.341782848694,2.93061643992,2.45));
#8319 = PCURVE('',#1194,#1133);
#8320 = CARTESIAN_POINT('',(4.289942065888,-1.669202197101E-05));
#8321 = CARTESIAN_POINT('',(4.712388980385,4.06979048306));
#8322 = DIRECTION('',(0.,1.));
#8323 = ( GEOMETRIC_REPRESENTATION_CONTEXT(2) 
PARAMETRIC_REPRESENTATION_CONTEXT() REPRESENTATION_CONTEXT('2D SPACE',''
  ) );
#8324 = CARTESIAN_POINT('',(1.167337901365,2.9156760265));
#8325 = AXIS2_PLACEMENT_3D('',#8664,#246,#1817);
#8326 = VECTOR('',#4705,1.);
#8327 = CARTESIAN_POINT('',(0.,-13.9975,-16.75));
#8328 = ORIENTED_EDGE('',*,*,#2461,.T.);
#8329 = DEFINITIONAL_REPRESENTATION('',(#4751),#4960);
#8330 = CARTESIAN_POINT('',(2.159045549316,5.09977122323));
#8331 = ( GEOMETRIC_REPRESENTATION_CONTEXT(2) 
PARAMETRIC_REPRESENTATION_CONTEXT() REPRESENTATION_CONTEXT('2D SPACE',''
  ) );
#8332 = DIRECTION('',(0.,1.,1.351732578683E-16));
#8333 = ( GEOMETRIC_REPRESENTATION_CONTEXT(2) 
PARAMETRIC_REPRESENTATION_CONTEXT() REPRESENTATION_CONTEXT('2D SPACE',''
  ) );
#8334 = ORIENTED_EDGE('',*,*,#2264,.T.);
#8335 = ( GEOMETRIC_REPRESENTATION_CONTEXT(2) 
PARAMETRIC_REPRESENTATION_CONTEXT() REPRESENTATION_CONTEXT('2D SPACE',''
  ) );
#8336 = ORIENTED_EDGE('',*,*,#531,.F.);
#8337 = EDGE_LOOP('',(#8240,#2408,#4863,#3480,#3201,#7019,#5814));
#8338 = CARTESIAN_POINT('',(14.58,-20.5096115413));
#8339 = CARTESIAN_POINT('',(2.475127384505,0.713998330361));
#8340 = CARTESIAN_POINT('',(4.712388980385,0.666465269084));
#8341 = DIRECTION('',(1.,0.,0.));
#8342 = CARTESIAN_POINT('',(-5.094606295512,-9.825579106321,-2.45));
#8343 = CARTESIAN_POINT('',(-6.48,1.508019041618,2.45));
#8344 = ORIENTED_EDGE('',*,*,#2372,.T.);
#8345 = CARTESIAN_POINT('',(0.,7.35,-18.75));
#8346 = CARTESIAN_POINT('',(5.108341942577,3.081892476761));
#8347 = SURFACE_CURVE('',#6629,(#6627,#2292),.PCURVE_S1.);
#8348 = CARTESIAN_POINT('',(4.47462016704,4.72665651876));
#8349 = CARTESIAN_POINT('',(2.051770695982E-03,1.000074153571));
#8350 = CARTESIAN_POINT('',(5.616720038095,-3.14159265359));
#8351 = CARTESIAN_POINT('',(1.884711328453,0.635971788236));
#8352 = DEFINITIONAL_REPRESENTATION('',(#3702),#6609);
#8353 = CARTESIAN_POINT('',(19.25,-1.126163241215));
#8354 = CARTESIAN_POINT('',(4.712388980385,4.640989147349));
#8355 = CARTESIAN_POINT('',(4.479412858757,6.211791208202));
#8356 = CARTESIAN_POINT('',(-4.247685429923,-6.636050805231,
    2.524211269047));
#8357 = CARTESIAN_POINT('',(6.341580355688E-02,8.673617379884E-16,
    -3.13156828623));
#8358 = CARTESIAN_POINT('',(4.969925133394,6.142700012499));
#8359 = CARTESIAN_POINT('',(3.175301491304,2.886144774871E-02,
    1.772142663255));
#8360 = EDGE_CURVE('',#5645,#5735,#6591,.T.);
#8361 = DIRECTION('',(-0.,1.351732578683E-16,-1.));
#8362 = ORIENTED_EDGE('',*,*,#6651,.T.);
#8363 = PCURVE('',#8113,#8781);
#8364 = DIRECTION('',(1.,7.809156628361E-16));
#8365 = DIRECTION('',(0.,0.,-1.));
#8366 = CARTESIAN_POINT('',(4.980034470137,1.043774622051));
#8367 = DIRECTION('',(0.,0.,-1.));
#8368 = DIRECTION('',(0.,1.,1.351732578683E-16));
#8369 = VECTOR('',#5074,1.);
#8370 = VECTOR('',#1731,1.);
#8371 = VECTOR('',#3748,1.);
#8372 = PCURVE('',#1464,#5620);
#8373 = AXIS2_PLACEMENT_3D('',#8073,#3684,#3700);
#8374 = LINE('',#4142,#2757);
#8375 = CARTESIAN_POINT('',(1.884711328453,0.772130331588));
#8376 = CARTESIAN_POINT('',(2.193265146321,5.561862145452));
#8377 = VECTOR('',#3503,1.);
#8378 = CARTESIAN_POINT('',(1.16460039566,3.403267252397));
#8379 = CARTESIAN_POINT('',(4.712388980385,-0.999597662506));
#8380 = FACE_BOUND('',#4909,.T.);
#8381 = EDGE_LOOP('',(#8069,#8105,#3826,#8744));
#8382 = VECTOR('',#461,1.);
#8383 = CARTESIAN_POINT('',(4.712388980385,-0.428398998217));
#8384 = DIRECTION('',(-1.,-8.72605705277E-16));
#8385 = LINE('',#2967,#1298);
#8386 = AXIS2_PLACEMENT_3D('',#6020,#1991,#5700);
#8387 = CARTESIAN_POINT('',(19.25,-1.126163241215));
#8388 = CARTESIAN_POINT('',(-6.6475,0.));
#8389 = DIRECTION('',(1.,4.712543540708E-16));
#8390 = CARTESIAN_POINT('',(-7.6,0.));
#8391 = DIRECTION('',(-1.224646799147E-16,1.,-1.519290839322E-63));
#8392 = VECTOR('',#6342,1.);
#8393 = CARTESIAN_POINT('',(6.893372460485E-04,0.998969187524));
#8394 = CARTESIAN_POINT('',(3.993446436743E-03,1.));
#8395 = ADVANCED_FACE('',(#4568),#3365,.T.);
#8396 = CARTESIAN_POINT('',(4.069186368137,6.180918842752));
#8397 = DEFINITIONAL_REPRESENTATION('',(#1215),#5207);
#8398 = VERTEX_POINT('',#897);
#8399 = VECTOR('',#1032,1.);
#8400 = CARTESIAN_POINT('',(-6.259474732569,3.280102016408,2.45));
#8401 = ( GEOMETRIC_REPRESENTATION_CONTEXT(2) 
PARAMETRIC_REPRESENTATION_CONTEXT() REPRESENTATION_CONTEXT('2D SPACE',''
  ) );
#8402 = EDGE_LOOP('',(#2361,#7840));
#8403 = TOROIDAL_SURFACE('',#2025,3.675,0.5);
#8404 = AXIS2_PLACEMENT_3D('',#6844,#7875,#2656);
#8405 = DIRECTION('',(-0.,1.351732578683E-16,-1.));
#8406 = PRODUCT_DEFINITION_FORMATION('','',#2373);
#8407 = CYLINDRICAL_SURFACE('',#6152,6.6475);
#8408 = CARTESIAN_POINT('',(0.666465269084,1.256881325137));
#8409 = DIRECTION('',(0.,-0.786011783021,0.618211514736));
#8410 = CARTESIAN_POINT('',(6.891421944532E-04,9.997920691421E-04));
#8411 = PCURVE('',#24,#3844);
#8412 = DEFINITIONAL_REPRESENTATION('',(#4560),#6073);
#8413 = AXIS2_PLACEMENT_3D('',#2933,#2773,#4860);
#8414 = CIRCLE('',#7291,3.175);
#8415 = LINE('',#7992,#7133);
#8416 = CIRCLE('',#3857,8.1);
#8417 = DIRECTION('',(0.,0.,1.));
#8418 = VERTEX_POINT('',#3393);
#8419 = PCURVE('',#6028,#309);
#8420 = DIRECTION('',(0.,0.,-1.));
#8421 = PLANE('',#4354);
#8422 = VECTOR('',#650,1.);
#8423 = ( GEOMETRIC_REPRESENTATION_CONTEXT(2) 
PARAMETRIC_REPRESENTATION_CONTEXT() REPRESENTATION_CONTEXT('2D SPACE',''
  ) );
#8424 = PCURVE('',#3028,#8209);
#8425 = DIRECTION('',(0.,1.,1.351732578683E-16));
#8426 = LINE('',#6058,#7154);
#8427 = ( GEOMETRIC_REPRESENTATION_CONTEXT(2) 
PARAMETRIC_REPRESENTATION_CONTEXT() REPRESENTATION_CONTEXT('2D SPACE',''
  ) );
#8428 = PCURVE('',#1441,#3181);
#8429 = CARTESIAN_POINT('',(3.888253587293E-16,-4.175,-6.415276151398));
#8430 = PCURVE('',#7021,#3943);
#8431 = CARTESIAN_POINT('',(1.570796326795,3.284392319662));
#8432 = CARTESIAN_POINT('',(3.17269885587,-0.12287078619,1.139621885817)
  );
#8433 = CARTESIAN_POINT('',(5.123761638093,2.694808335534));
#8434 = ADVANCED_FACE('',(#2501),#1656,.F.);
#8435 = CARTESIAN_POINT('',(4.712388980384,3.14159265359));
#8436 = CARTESIAN_POINT('',(7.1475,0.,16.25));
#8437 = VERTEX_POINT('',#7469);
#8438 = ( GEOMETRIC_REPRESENTATION_CONTEXT(2) 
PARAMETRIC_REPRESENTATION_CONTEXT() REPRESENTATION_CONTEXT('2D SPACE',''
  ) );
#8439 = ( NAMED_UNIT(*) SI_UNIT($,.STERADIAN.) SOLID_ANGLE_UNIT() );
#8440 = SURFACE_CURVE('',#4468,(#5519,#1549),.PCURVE_S1.);
#8441 = CARTESIAN_POINT('',(-6.046328604778,-11.55299917873));
#8442 = CARTESIAN_POINT('',(4.151349638352,4.8188018342));
#8443 = CARTESIAN_POINT('',(3.32375,-0.890596128343));
#8444 = AXIS2_PLACEMENT_3D('',#4436,#2875,#7926);
#8445 = CARTESIAN_POINT('',(4.500576986867E-16,-11.025,-19.25));
#8446 = CARTESIAN_POINT('',(6.48,13.83,-6.65));
#8447 = CARTESIAN_POINT('',(-7.5525,3.182643358908));
#8448 = CARTESIAN_POINT('',(-2.921792430705E-05,-8.469779573851E-02));
#8449 = CARTESIAN_POINT('',(1.570796326795,-2.998792987518));
#8450 = CARTESIAN_POINT('',(5.616720038095,2.427594323228));
#8451 = CARTESIAN_POINT('',(-8.1,5.184));
#8452 = CARTESIAN_POINT('',(3.175,0.,2.45));
#8453 = DEFINITIONAL_REPRESENTATION('',(#2517),#1635);
#8454 = ( GEOMETRIC_REPRESENTATION_CONTEXT(2) 
PARAMETRIC_REPRESENTATION_CONTEXT() REPRESENTATION_CONTEXT('2D SPACE',''
  ) );
#8455 = CARTESIAN_POINT('',(0.957481289768,8.888525997166));
#8456 = CARTESIAN_POINT('',(1.884711328453,0.31867202338));
#8457 = ( GEOMETRIC_REPRESENTATION_CONTEXT(2) 
PARAMETRIC_REPRESENTATION_CONTEXT() REPRESENTATION_CONTEXT('2D SPACE',''
  ) );
#8458 = CARTESIAN_POINT('',(9.424777960769,8.881784197001E-16));
#8459 = PCURVE('',#7021,#5023);
#8460 = CARTESIAN_POINT('',(2.45,3.378904433283));
#8461 = CARTESIAN_POINT('',(1.167780653244,2.539780821486));
#8462 = ORIENTED_EDGE('',*,*,#220,.T.);
#8463 = B_SPLINE_CURVE_WITH_KNOTS('',3,(#2496,#3763,#1314,#8559),
  .UNSPECIFIED.,.F.,.F.,(4,4),(1.10627991556E-06,1.693417648491E-03),
  .PIECEWISE_BEZIER_KNOTS.);
#8464 = CARTESIAN_POINT('',(-8.1,-6.6475));
#8465 = DIRECTION('',(1.,-5.479400357827E-16,6.966666169237E-16));
#8466 = CARTESIAN_POINT('',(0.332548164794,1.954730071952,
    -4.652344593364));
#8467 = LINE('',#2972,#3901);
#8468 = ( GEOMETRIC_REPRESENTATION_CONTEXT(2) 
PARAMETRIC_REPRESENTATION_CONTEXT() REPRESENTATION_CONTEXT('2D SPACE',''
  ) );
#8469 = CARTESIAN_POINT('',(5.190431147031,5.509992602816));
#8470 = ORIENTED_EDGE('',*,*,#1708,.T.);
#8471 = LINE('',#8842,#6698);
#8472 = ADVANCED_FACE('',(#2806),#7382,.T.);
#8473 = EDGE_LOOP('',(#2820,#2119,#1945,#5410));
#8474 = CARTESIAN_POINT('',(5.184,-1.126163241215,-19.25));
#8475 = CARTESIAN_POINT('',(6.217248937901E-15,-6.599113576837));
#8476 = CARTESIAN_POINT('',(-6.29215290593,5.995331776238,-2.45));
#8477 = DIRECTION('',(-0.,1.351732578683E-16,-1.));
#8478 = CARTESIAN_POINT('',(2.475693100408,-3.006007151788));
#8479 = PCURVE('',#6429,#4488);
#8480 = SURFACE_CURVE('',#2532,(#8411,#3222),.PCURVE_S1.);
#8481 = ( GEOMETRIC_REPRESENTATION_CONTEXT(2) 
PARAMETRIC_REPRESENTATION_CONTEXT() REPRESENTATION_CONTEXT('2D SPACE',''
  ) );
#8482 = DIRECTION('',(0.,1.,1.351732578683E-16));
#8483 = CARTESIAN_POINT('',(2.02473242594,5.604371335685));
#8484 = SURFACE_CURVE('',#5397,(#1962,#6241),.PCURVE_S1.);
#8485 = ORIENTED_EDGE('',*,*,#7746,.F.);
#8486 = CARTESIAN_POINT('',(4.555879227591,-0.660719249678));
#8487 = DEFINITIONAL_REPRESENTATION('',(#4286),#2687);
#8488 = PCURVE('',#5913,#551);
#8489 = CARTESIAN_POINT('',(5.101688626738,3.866033605786));
#8490 = LINE('',#8588,#3212);
#8491 = CARTESIAN_POINT('',(-6.48,2.748827816871,-2.58491986942));
#8492 = CARTESIAN_POINT('',(2.95,-2.49));
#8493 = LINE('',#6811,#3870);
#8494 = ORIENTED_EDGE('',*,*,#291,.F.);
#8495 = CARTESIAN_POINT('',(0.,7.35,-2.45));
#8496 = SURFACE_CURVE('',#477,(#4328,#7450),.PCURVE_S1.);
#8497 = CARTESIAN_POINT('',(1.169680647725,3.331858125307));
#8498 = CARTESIAN_POINT('',(5.10181203106,2.418028830663));
#8499 = ADVANCED_FACE('',(#7921),#8748,.T.);
#8500 = DIRECTION('',(1.,0.));
#8501 = AXIS2_PLACEMENT_3D('',#4236,#4128,#2080);
#8502 = CARTESIAN_POINT('',(4.712388980385,-3.14159265359));
#8503 = DEFINITIONAL_REPRESENTATION('',(#6243),#6625);
#8504 = CARTESIAN_POINT('',(3.911041727923,0.798876498091));
#8505 = AXIS2_PLACEMENT_3D('',#3215,#6955,#4277);
#8506 = DIRECTION('',(-0.,1.351732578683E-16,-1.));
#8507 = VECTOR('',#707,1.);
#8508 = AXIS2_PLACEMENT_3D('',#1188,#5223,#3342);
#8509 = ORIENTED_EDGE('',*,*,#7218,.T.);
#8510 = DEFINITIONAL_REPRESENTATION('',(#1067),#4231);
#8511 = DEFINITIONAL_REPRESENTATION('',(#4963),#5326);
#8512 = CARTESIAN_POINT('',(5.108341942577,3.201292830419));
#8513 = CARTESIAN_POINT('',(5.715,0.,19.25));
#8514 = CARTESIAN_POINT('',(3.514896117771E-03,1.000004243108));
#8515 = CARTESIAN_POINT('',(3.8,-6.581793068762));
#8516 = FACE_BOUND('',#1719,.T.);
#8517 = CARTESIAN_POINT('',(2.475127384505,-2.998792987518));
#8518 = VERTEX_POINT('',#7525);
#8519 = CARTESIAN_POINT('',(0.,0.,15.75));
#8520 = CARTESIAN_POINT('',(4.15976667821,5.325651227519));
#8521 = CARTESIAN_POINT('',(-5.597522006608,14.08));
#8522 = ORIENTED_EDGE('',*,*,#4164,.F.);
#8523 = CARTESIAN_POINT('',(0.927600777045,6.182185037945));
#8524 = PCURVE('',#2279,#7727);
#8525 = CARTESIAN_POINT('',(5.123560987197,3.496481778782));
#8526 = CARTESIAN_POINT('',(0.,0.));
#8527 = DIRECTION('',(0.,-1.,-1.25431921618E-16));
#8528 = ORIENTED_EDGE('',*,*,#4640,.T.);
#8529 = ( GEOMETRIC_REPRESENTATION_CONTEXT(2) 
PARAMETRIC_REPRESENTATION_CONTEXT() REPRESENTATION_CONTEXT('2D SPACE',''
  ) );
#8530 = DIRECTION('',(1.,0.));
#8531 = ( BOUNDED_CURVE() B_SPLINE_CURVE(2,(#1025,#1070,#1413,#5999,
#4207,#7373,#8464),.UNSPECIFIED.,.T.,.F.) B_SPLINE_CURVE_WITH_KNOTS((1,2
    ,2,2,2,1),(-2.094395102393,0.,2.094395102393,4.188790204786,
6.28318530718,8.377580409573),.UNSPECIFIED.) CURVE() 
GEOMETRIC_REPRESENTATION_ITEM() RATIONAL_B_SPLINE_CURVE((1.,0.5,1.,0.5,
1.,0.5,1.)) REPRESENTATION_ITEM('') );
#8532 = CARTESIAN_POINT('',(-7.6,-13.16358613752));
#8533 = ORIENTED_EDGE('',*,*,#1075,.F.);
#8534 = EDGE_CURVE('',#8437,#6794,#6394,.T.);
#8535 = VECTOR('',#4239,1.);
#8536 = CARTESIAN_POINT('',(4.969202344545,1.658731355141));
#8537 = B_SPLINE_CURVE_WITH_KNOTS('',3,(#6039,#5876,#6544,#474,#8486,
    #5379,#4672,#6214,#5385,#1952,#7082,#1256,#6345,#2465,#1614,#4971,
    #5912,#1471,#7354,#2607,#2255,#223,#6608,#7280,#5899),
  .UNSPECIFIED.,.F.,.F.,(4,1,1,1,1,1,1,1,1,1,1,1,1,1,1,1,1,1,1,1,1,1,4),
  (3.14159265359,3.182712796143,3.223832938695,3.264953081248,
    3.306073223801,3.347193366354,3.388313508906,3.429433651459,
    3.470553794012,3.511673936564,3.552794079117,3.59391422167,
    3.635034364223,3.676154506775,3.717274649328,3.758394791881,
    3.799514934434,3.840635076986,3.881755219539,3.922875362092,
    3.963995504645,4.005115647197,4.04623578975),.QUASI_UNIFORM_KNOTS.);
#8538 = CARTESIAN_POINT('',(3.81,0.,16.75));
#8539 = CARTESIAN_POINT('',(1.686640603635E-03,-1.429819089094E-04));
#8540 = CARTESIAN_POINT('',(1.008683261885E-03,-4.263437449729E-06));
#8541 = CIRCLE('',#1859,7.1475);
#8542 = ( GEOMETRIC_REPRESENTATION_CONTEXT(2) 
PARAMETRIC_REPRESENTATION_CONTEXT() REPRESENTATION_CONTEXT('2D SPACE',''
  ) );
#8543 = CARTESIAN_POINT('',(5.578582613295,1.949817371749));
#8544 = CARTESIAN_POINT('',(3.808057922674,2.284905686111));
#8545 = VECTOR('',#6835,1.);
#8546 = CARTESIAN_POINT('',(5.112162638872,3.308126205907));
#8547 = LINE('',#6566,#2075);
#8548 = ( GEOMETRIC_REPRESENTATION_CONTEXT(2) 
PARAMETRIC_REPRESENTATION_CONTEXT() REPRESENTATION_CONTEXT('2D SPACE',''
  ) );
#8549 = CARTESIAN_POINT('',(0.675880313539,5.016124645521));
#8550 = CARTESIAN_POINT('',(0.,-7.35,-15.75));
#8551 = CARTESIAN_POINT('',(0.,-4.175,-6.415276151398));
#8552 = CARTESIAN_POINT('',(-4.712388980385,7.105427357601E-15));
#8553 = CARTESIAN_POINT('',(29.28,7.549611541308));
#8554 = CARTESIAN_POINT('',(5.065162635678,2.206987742334));
#8555 = DEFINITIONAL_REPRESENTATION('',(#3091),#5191);
#8556 = CARTESIAN_POINT('',(2.633815441519,-2.666917362033));
#8557 = ( GEOMETRIC_REPRESENTATION_CONTEXT(2) 
PARAMETRIC_REPRESENTATION_CONTEXT() REPRESENTATION_CONTEXT('2D SPACE',''
  ) );
#8558 = CARTESIAN_POINT('',(6.28318530718,4.712388980385));
#8559 = CARTESIAN_POINT('',(0.,-8.1,3.101525211738));
#8560 = CARTESIAN_POINT('',(3.087838790068,-1.841478701078E-06));
#8561 = CARTESIAN_POINT('',(5.414995452709,-12.83856278054));
#8562 = DEFINITIONAL_REPRESENTATION('',(#5791),#7570);
#8563 = PCURVE('',#4879,#1005);
#8564 = DIRECTION('',(1.,1.130863886743E-15));
#8565 = CARTESIAN_POINT('',(3.419049469224,1.000000847929));
#8566 = CARTESIAN_POINT('',(5.107987665402,3.105723049042));
#8567 = DIRECTION('',(0.,1.));
#8568 = CARTESIAN_POINT('',(1.297240664699,4.508811898899));
#8569 = CARTESIAN_POINT('',(3.993446436743E-03,0.182409579328));
#8570 = CARTESIAN_POINT('',(2.475127384505,-2.855993321445));
#8571 = DIRECTION('',(0.,1.));
#8572 = AXIS2_PLACEMENT_3D('',#931,#5739,#1721);
#8573 = LINE('',#1815,#4285);
#8574 = CARTESIAN_POINT('',(1.216009378688,5.877194118054));
#8575 = FACE_BOUND('',#8315,.T.);
#8576 = DIRECTION('',(1.,0.));
#8577 = FACE_BOUND('',#480,.T.);
#8578 = LINE('',#2775,#5455);
#8579 = LINE('',#2234,#5096);
#8580 = CARTESIAN_POINT('',(13.504226636811,6.263378245014));
#8581 = CARTESIAN_POINT('',(-2.04,0.));
#8582 = LINE('',#4620,#7128);
#8583 = CARTESIAN_POINT('',(-2.04,-6.365286717816));
#8584 = ORIENTED_EDGE('',*,*,#2187,.F.);
#8585 = DIRECTION('',(-1.,0.,0.));
#8586 = DIRECTION('',(0.,1.,1.351732578683E-16));
#8587 = B_SPLINE_CURVE_WITH_KNOTS('',3,(#8634,#4371,#2171,#6770,#6861,
    #6196,#4783,#7628,#3655,#1495,#8306,#4122,#4243,#1760,#3511,#5434,
    #2681,#2152,#4073,#1664,#4490,#5430,#6327,#7310,#7981),
  .UNSPECIFIED.,.F.,.F.,(4,1,1,1,1,1,1,1,1,1,1,1,1,1,1,1,1,1,1,1,1,1,4),
  (3.14159265359,3.198723622914,3.255854592239,3.312985561563,
    3.370116530887,3.427247500212,3.484378469536,3.541509438861,
    3.598640408185,3.655771377509,3.712902346834,3.770033316158,
    3.827164285483,3.884295254807,3.941426224131,3.998557193456,
    4.05568816278,4.112819132105,4.169950101429,4.227081070753,
    4.284212040078,4.341343009402,4.398473978727),
  .QUASI_UNIFORM_KNOTS.);
#8588 = CARTESIAN_POINT('',(3.14159265359,-1.7763568394E-15));
#8589 = CARTESIAN_POINT('',(1.570796326795,3.784191150915));
#8590 = LINE('',#3373,#7109);
#8591 = DIRECTION('',(-0.,-0.,1.));
#8592 = PCURVE('',#342,#69);
#8593 = CARTESIAN_POINT('',(2.126232486993,4.765215987811));
#8594 = CARTESIAN_POINT('',(4.712388980385,2.498994156265));
#8595 = PCURVE('',#3365,#2010);
#8596 = CARTESIAN_POINT('',(2.45,3.378904433283));
#8597 = DIRECTION('',(1.,0.));
#8598 = CARTESIAN_POINT('',(5.715,3.299556788419));
#8599 = EDGE_LOOP('',(#1712,#6523,#6535,#5097));
#8600 = FACE_BOUND('',#2380,.T.);
#8601 = CARTESIAN_POINT('',(16.2,-6.6475));
#8602 = DIRECTION('',(0.,1.,1.351732578683E-16));
#8603 = PCURVE('',#8059,#2159);
#8604 = CARTESIAN_POINT('',(-2.04,0.));
#8605 = EDGE_CURVE('',#444,#4301,#325,.T.);
#8606 = CARTESIAN_POINT('',(-5.934034267639,-3.294422131844));
#8607 = DIRECTION('',(-0.,1.351732578683E-16,-1.));
#8608 = PCURVE('',#4256,#3849);
#8609 = CARTESIAN_POINT('',(4.664593140098,4.71253261878));
#8610 = DIRECTION('',(0.,-0.786011783021,0.618211514736));
#8611 = LINE('',#404,#8656);
#8612 = DEFINITIONAL_REPRESENTATION('',(#4827),#8778);
#8613 = CARTESIAN_POINT('',(5.616720038095,-1.570796326795));
#8614 = ORIENTED_EDGE('',*,*,#7161,.F.);
#8615 = PCURVE('',#5657,#3252);
#8616 = EDGE_CURVE('',#6601,#7271,#8150,.T.);
#8617 = CARTESIAN_POINT('',(2.438545414319E-03,1.000008800448));
#8618 = EDGE_CURVE('',#2956,#3909,#8000,.T.);
#8619 = CARTESIAN_POINT('',(3.0928463247,-1.434283817936E-14,
    5.93035259181E-02));
#8620 = CARTESIAN_POINT('',(4.681874541581,1.063609283324));
#8621 = AXIS2_PLACEMENT_3D('',#3889,#2005,#8027);
#8622 = ( GEOMETRIC_REPRESENTATION_CONTEXT(2) 
PARAMETRIC_REPRESENTATION_CONTEXT() REPRESENTATION_CONTEXT('2D SPACE',''
  ) );
#8623 = LINE('',#4072,#1899);
#8624 = VERTEX_POINT('',#5740);
#8625 = DEFINITIONAL_REPRESENTATION('',(#2584),#8008);
#8626 = FACE_BOUND('',#359,.T.);
#8627 = CARTESIAN_POINT('',(9.424777960769,-4.778567823819));
#8628 = CARTESIAN_POINT('',(4.005357550176,1.000015807728));
#8629 = CARTESIAN_POINT('',(9.97125,5.756903871657));
#8630 = AXIS2_PLACEMENT_3D('',#4733,#7663,#6023);
#8631 = CARTESIAN_POINT('',(5.119429559477,3.413625247474));
#8632 = DIRECTION('',(-1.,0.,0.));
#8633 = CONICAL_SURFACE('',#5125,6.6475,0.785398163397);
#8634 = CARTESIAN_POINT('',(0.,2.814434196153));
#8635 = LINE('',#5070,#4954);
#8636 = DEFINITIONAL_REPRESENTATION('',(#7924),#3666);
#8637 = CARTESIAN_POINT('',(17.175579106321,-5.094606295512));
#8638 = DEFINITIONAL_REPRESENTATION('',(#631),#5361);
#8639 = CARTESIAN_POINT('',(1.325478804937,4.712388980385));
#8640 = CARTESIAN_POINT('',(4.120844540997,1.468591377132));
#8641 = DIRECTION('',(0.,1.,1.351732578683E-16));
#8642 = SURFACE_CURVE('',#8463,(#5161,#1419),.PCURVE_S1.);
#8643 = ( GEOMETRIC_REPRESENTATION_CONTEXT(2) 
PARAMETRIC_REPRESENTATION_CONTEXT() REPRESENTATION_CONTEXT('2D SPACE',''
  ) );
#8644 = CARTESIAN_POINT('',(-3.150935425253,-0.330565718142,
    0.253193877965));
#8645 = CYLINDRICAL_SURFACE('',#1157,5.715);
#8646 = VECTOR('',#4227,1.);
#8647 = CARTESIAN_POINT('',(6.28318530718,1.570796326795));
#8648 = DIRECTION('',(1.,0.,0.));
#8649 = ORIENTED_EDGE('',*,*,#3083,.T.);
#8650 = CARTESIAN_POINT('',(1.570796326795,1.570796326795));
#8651 = CARTESIAN_POINT('',(8.881784197001E-16,11.513807743314));
#8652 = CARTESIAN_POINT('',(5.12295052914,2.663989378236));
#8653 = CARTESIAN_POINT('',(7.1,13.163586137523));
#8654 = ORIENTED_EDGE('',*,*,#3610,.F.);
#8655 = CARTESIAN_POINT('',(3.994295346411E-03,0.726711840864));
#8656 = VECTOR('',#5841,1.);
#8657 = DIRECTION('',(-0.,1.351732578683E-16,-1.));
#8658 = DIRECTION('',(0.,1.));
#8659 = CARTESIAN_POINT('',(1.170373819631,2.963195570006));
#8660 = CARTESIAN_POINT('',(5.399407242675,4.670391489831));
#8661 = CARTESIAN_POINT('',(5.572735320167,0.474127500466));
#8662 = CARTESIAN_POINT('',(0.817268053886,4.526297096357));
#8663 = CARTESIAN_POINT('',(-3.172697146364,-0.122913324373,
    1.139386986465));
#8664 = CARTESIAN_POINT('',(0.,-7.35,-16.75));
#8665 = LINE('',#3956,#6572);
#8666 = CARTESIAN_POINT('',(-3.169579896812,-0.18643582596,
    0.845146208869));
#8667 = LINE('',#2217,#5812);
#8668 = CARTESIAN_POINT('',(-1.905,0.));
#8669 = CARTESIAN_POINT('',(-2.45,7.6));
#8670 = CARTESIAN_POINT('',(6.48,1.508019041618,2.45));
#8671 = CARTESIAN_POINT('',(0.,-0.2025,-19.25));
#8672 = LINE('',#3899,#8646);
#8673 = CARTESIAN_POINT('',(-6.6475,-6.6475));
#8674 = CARTESIAN_POINT('',(2.169404082148,5.221138865056));
#8675 = ORIENTED_EDGE('',*,*,#6646,.F.);
#8676 = CARTESIAN_POINT('',(19.9425,1.628167919466E-15));
#8677 = CARTESIAN_POINT('',(0.,7.35,-5.597522006608));
#8678 = DIRECTION('',(0.,0.,1.));
#8679 = AXIS2_PLACEMENT_3D('',#1068,#5527,#3045);
#8680 = EDGE_CURVE('',#543,#8685,#3750,.T.);
#8681 = VERTEX_POINT('',#6001);
#8682 = DEFINITIONAL_REPRESENTATION('',(#1627),#3859);
#8683 = CARTESIAN_POINT('',(1.902522402251,-4.335516430153E-07));
#8684 = DEFINITIONAL_REPRESENTATION('',(#7907),#1992);
#8685 = VERTEX_POINT('',#1837);
#8686 = CARTESIAN_POINT('',(-2.917139056838,0.801664288283,
    -1.372492466177));
#8687 = ( GEOMETRIC_REPRESENTATION_CONTEXT(2) 
PARAMETRIC_REPRESENTATION_CONTEXT() REPRESENTATION_CONTEXT('2D SPACE',''
  ) );
#8688 = CARTESIAN_POINT('',(4.427899879506,1.550075410714));
#8689 = CARTESIAN_POINT('',(2.242319867437E-03,0.999979261495));
#8690 = CARTESIAN_POINT('',(-0.400488309409,5.880767364025));
#8691 = B_SPLINE_CURVE_WITH_KNOTS('',3,(#6741,#8631,#8692,#2289,#8525,
    #5907,#6405,#4615,#2424,#7290,#2970,#5708,#811,#8217,#7311,#1036,
    #8489,#569,#3198,#5827,#4338,#4791,#2640,#4441,#1666),
  .UNSPECIFIED.,.F.,.F.,(4,1,1,1,1,1,1,1,1,1,1,1,1,1,1,1,1,1,1,1,1,1,4),
  (1.112505609427E-06,2.023755558191E-04,4.036386060287E-04,
    6.049016562383E-04,8.06164706448E-04,1.007427756658E-03,
    1.208690806867E-03,1.409953857077E-03,1.611216907286E-03,
    1.812479957496E-03,2.013743007706E-03,2.215006057915E-03,
    2.416269108125E-03,2.617532158335E-03,2.818795208544E-03,
    3.020058258754E-03,3.221321308964E-03,3.422584359173E-03,
    3.623847409383E-03,3.825110459592E-03,4.026373509802E-03,
    4.227636560012E-03,4.428899610221E-03),.QUASI_UNIFORM_KNOTS.);
#8692 = CARTESIAN_POINT('',(5.120904730995,3.434340116097));
#8693 = AXIS2_PLACEMENT_3D('',#6141,#7473,#5585);
#8694 = LINE('',#8502,#6924);
#8695 = ( GEOMETRIC_REPRESENTATION_CONTEXT(2) 
PARAMETRIC_REPRESENTATION_CONTEXT() REPRESENTATION_CONTEXT('2D SPACE',''
  ) );
#8696 = ( GEOMETRIC_REPRESENTATION_CONTEXT(2) 
PARAMETRIC_REPRESENTATION_CONTEXT() REPRESENTATION_CONTEXT('2D SPACE',''
  ) );
#8697 = B_SPLINE_CURVE_WITH_KNOTS('',3,(#5916,#6029,#2723,#6744,#4510,
    #2037,#1027,#321,#5637,#3456,#2342,#644,#6993,#8753,#4214,#731,
    #4717,#6250,#6186,#6652,#7715,#8660,#1833,#6222,#5725),
  .UNSPECIFIED.,.F.,.F.,(4,1,1,1,1,1,1,1,1,1,1,1,1,1,1,1,1,1,1,1,1,1,4),
  (8.349546986075E-02,8.367004673535E-02,8.384462360995E-02,
    8.401920048455E-02,8.419377735916E-02,8.436835423376E-02,
    8.454293110836E-02,8.471750798296E-02,8.489208485757E-02,
    8.506666173217E-02,8.524123860677E-02,8.541581548138E-02,
    8.559039235598E-02,8.576496923058E-02,8.593954610518E-02,
    8.611412297979E-02,8.628869985439E-02,8.646327672899E-02,
    8.66378536036E-02,8.68124304782E-02,8.69870073528E-02,
    8.71615842274E-02,8.733616110201E-02),.QUASI_UNIFORM_KNOTS.);
#8698 = DEFINITIONAL_REPRESENTATION('',(#5469),#5954);
#8699 = DIRECTION('',(0.,1.));
#8700 = CARTESIAN_POINT('',(3.14159265359,-1.874699728327E-33));
#8701 = SURFACE_CURVE('',#6254,(#2486,#8031),.PCURVE_S1.);
#8702 = PCURVE('',#4625,#6592);
#8703 = EDGE_CURVE('',#5548,#5888,#2290,.T.);
#8704 = LINE('',#1683,#3046);
#8705 = CARTESIAN_POINT('',(1.174598981843,3.213189085974));
#8706 = ORIENTED_EDGE('',*,*,#1616,.T.);
#8707 = AXIS2_PLACEMENT_3D('',#7456,#421,#7149);
#8708 = CARTESIAN_POINT('',(2.475127384505,1.142397328578));
#8709 = LINE('',#81,#8264);
#8710 = ORIENTED_EDGE('',*,*,#5754,.F.);
#8711 = ORIENTED_EDGE('',*,*,#4590,.T.);
#8712 = EDGE_CURVE('',#7610,#2795,#1440,.T.);
#8713 = EDGE_CURVE('',#387,#8242,#577,.T.);
#8714 = CARTESIAN_POINT('',(-1.905,0.));
#8715 = CARTESIAN_POINT('',(5.025125734694,2.005711601849));
#8716 = DEFINITIONAL_REPRESENTATION('',(#8665),#6302);
#8717 = CARTESIAN_POINT('',(-0.661002185023,-1.92256311332,
    -4.560846892898));
#8718 = VECTOR('',#197,1.);
#8719 = CARTESIAN_POINT('',(3.893274089162,0.493057645491));
#8720 = CARTESIAN_POINT('',(5.004565010913,1.88995504894));
#8721 = CARTESIAN_POINT('',(5.246763838077,5.263800046896));
#8722 = ( BOUNDED_CURVE() B_SPLINE_CURVE(3,(#7637,#280,#1321,#7782),
.UNSPECIFIED.,.F.,.F.) B_SPLINE_CURVE_WITH_KNOTS((4,4),(4.04623578975,
4.278947763711),.PIECEWISE_BEZIER_KNOTS.) CURVE() 
GEOMETRIC_REPRESENTATION_ITEM() RATIONAL_B_SPLINE_CURVE((1.,
0.995492184046,0.995492184046,1.)) REPRESENTATION_ITEM('') );
#8723 = ORIENTED_EDGE('',*,*,#190,.F.);
#8724 = DEFINITIONAL_REPRESENTATION('',(#7370),#2783);
#8725 = CARTESIAN_POINT('',(0.,-7.35,-15.25));
#8726 = DEFINITIONAL_REPRESENTATION('',(#1545),#7371);
#8727 = EDGE_CURVE('',#5341,#7703,#5066,.T.);
#8728 = CARTESIAN_POINT('',(4.712388980384,3.070192820554));
#8729 = DIRECTION('',(1.,0.,0.));
#8730 = LINE('',#6944,#8399);
#8731 = ORIENTED_EDGE('',*,*,#8092,.F.);
#8732 = CARTESIAN_POINT('',(4.398473978727,1.));
#8733 = CARTESIAN_POINT('',(0.,-1.570796326795));
#8734 = ADVANCED_FACE('',(#7199,#6801),#6436,.T.);
#8735 = CARTESIAN_POINT('',(5.606253820598,0.684295407042));
#8736 = CARTESIAN_POINT('',(4.13082484956,4.213181838504));
#8737 = PCURVE('',#7487,#3274);
#8738 = CARTESIAN_POINT('',(4.121016524196,-1.420981392456E-06));
#8739 = SURFACE_CURVE('',#2707,(#7957,#6557),.PCURVE_S1.);
#8740 = CARTESIAN_POINT('',(5.022568394522,0.643068803556));
#8741 = CIRCLE('',#2728,7.1475);
#8742 = CARTESIAN_POINT('',(-6.48,-3.921309653643,-2.45));
#8743 = CARTESIAN_POINT('',(1.570796326795,1.713595992867));
#8744 = ORIENTED_EDGE('',*,*,#4240,.F.);
#8745 = CARTESIAN_POINT('',(0.846950760762,4.587183418834));
#8746 = ADVANCED_FACE('',(#2763),#5627,.T.);
#8747 = CARTESIAN_POINT('',(1.570796326795,-0.285599332145));
#8748 = TOROIDAL_SURFACE('',#5357,3.675,0.5);
#8749 = VECTOR('',#789,1.);
#8750 = DIRECTION('',(0.,1.));
#8751 = AXIS2_PLACEMENT_3D('',#803,#2816,#8641);
#8752 = ORIENTED_EDGE('',*,*,#1184,.T.);
#8753 = CARTESIAN_POINT('',(5.475300816225,4.508058890279));
#8754 = DIRECTION('',(0.,1.));
#8755 = CARTESIAN_POINT('',(0.,8.1,3.101525211738));
#8756 = CARTESIAN_POINT('',(3.808057922674,5.026303982043));
#8757 = DEFINITIONAL_REPRESENTATION('',(#5596),#3820);
#8758 = CARTESIAN_POINT('',(5.616720038095,-1.28519699465));
#8759 = CIRCLE('',#333,6.6475);
#8760 = CARTESIAN_POINT('',(0.,-7.35,-19.25));
#8761 = CARTESIAN_POINT('',(-4.382617688307,6.50154314528,2.509327050423
    ));
#8762 = ( GEOMETRIC_REPRESENTATION_CONTEXT(2) 
PARAMETRIC_REPRESENTATION_CONTEXT() REPRESENTATION_CONTEXT('2D SPACE',''
  ) );
#8763 = CARTESIAN_POINT('',(1.340383062126E-03,1.000010322755));
#8764 = DIRECTION('',(0.,-1.));
#8765 = PCURVE('',#8403,#2066);
#8766 = CARTESIAN_POINT('',(1.195773363189,-6.263378245014));
#8767 = CARTESIAN_POINT('',(0.,0.,19.25));
#8768 = CARTESIAN_POINT('',(0.865716643867,4.628429206551));
#8769 = VECTOR('',#7535,1.);
#8770 = CARTESIAN_POINT('',(0.,7.35,-2.45));
#8771 = PCURVE('',#3681,#5396);
#8772 = CIRCLE('',#6986,0.5);
#8773 = VECTOR('',#2109,1.);
#8774 = CARTESIAN_POINT('',(5.704713497078,-0.477908481161));
#8775 = VECTOR('',#3229,1.);
#8776 = DIRECTION('',(0.,0.786011783021,0.618211514736));
#8777 = CARTESIAN_POINT('',(7.362477993392,14.08));
#8778 = ( GEOMETRIC_REPRESENTATION_CONTEXT(2) 
PARAMETRIC_REPRESENTATION_CONTEXT() REPRESENTATION_CONTEXT('2D SPACE',''
  ) );
#8779 = CARTESIAN_POINT('',(3.751094724412E-03,1.000005725179));
#8780 = ORIENTED_EDGE('',*,*,#2535,.T.);
#8781 = DEFINITIONAL_REPRESENTATION('',(#716),#2903);
#8782 = AXIS2_PLACEMENT_3D('',#5065,#5634,#673);
#8783 = CARTESIAN_POINT('',(1.337820205167,6.211791208202));
#8784 = ( GEOMETRIC_REPRESENTATION_CONTEXT(2) 
PARAMETRIC_REPRESENTATION_CONTEXT() REPRESENTATION_CONTEXT('2D SPACE',''
  ) );
#8785 = CIRCLE('',#1424,7.1475);
#8786 = CARTESIAN_POINT('',(3.994295346411E-03,0.863099105162));
#8787 = ORIENTED_EDGE('',*,*,#1447,.T.);
#8788 = EDGE_LOOP('',(#4195,#8258,#4832,#3568,#8462,#2301,#2094));
#8789 = CARTESIAN_POINT('',(6.28318530718,3.14159265359));
#8790 = EDGE_CURVE('',#895,#7051,#6940,.T.);
#8791 = ADVANCED_FACE('',(#2968),#976,.T.);
#8792 = DIRECTION('',(-1.,0.));
#8793 = CARTESIAN_POINT('',(0.666465269084,4.426623104808));
#8794 = CARTESIAN_POINT('',(2.162168782986,-1.420981377039E-06));
#8795 = ORIENTED_EDGE('',*,*,#8616,.T.);
#8796 = DIRECTION('',(-0.,1.351732578683E-16,-1.));
#8797 = CARTESIAN_POINT('',(0.,-3.));
#8798 = PCURVE('',#8113,#6687);
#8799 = LINE('',#2702,#6236);
#8800 = CARTESIAN_POINT('',(1.884711328453,1.));
#8801 = ORIENTED_EDGE('',*,*,#4904,.T.);
#8802 = VECTOR('',#3332,1.);
#8803 = VECTOR('',#1008,1.);
#8804 = EDGE_LOOP('',(#8192,#3788,#6461,#8812));
#8805 = CARTESIAN_POINT('',(5.334910340635,5.562735370419));
#8806 = EDGE_CURVE('',#3949,#7237,#2174,.T.);
#8807 = ( GEOMETRIC_REPRESENTATION_CONTEXT(2) 
PARAMETRIC_REPRESENTATION_CONTEXT() REPRESENTATION_CONTEXT('2D SPACE',''
  ) );
#8808 = CIRCLE('',#1813,3.175);
#8809 = AXIS2_PLACEMENT_3D('',#8551,#967,#7937);
#8810 = DIRECTION('',(-1.,0.,0.));
#8811 = CARTESIAN_POINT('',(5.215,3.317644961472));
#8812 = ORIENTED_EDGE('',*,*,#4241,.F.);
#8813 = CARTESIAN_POINT('',(0.944096417135,5.638994754158));
#8814 = PCURVE('',#150,#4512);
#8815 = EDGE_CURVE('',#591,#8242,#3305,.T.);
#8816 = LINE('',#3482,#4996);
#8817 = CARTESIAN_POINT('',(5.262184125988,4.712388980385));
#8818 = DIRECTION('',(0.,1.));
#8819 = DEFINITIONAL_REPRESENTATION('',(#3564),#3944);
#8820 = CARTESIAN_POINT('',(4.712388980385,4.283989982168));
#8821 = EDGE_CURVE('',#7475,#7502,#8896,.T.);
#8822 = CARTESIAN_POINT('',(3.698692077523,-0.406412536038));
#8823 = CARTESIAN_POINT('',(5.729769735508,-0.391996040752));
#8824 = DIRECTION('',(0.,-0.786011783021,0.618211514736));
#8825 = EDGE_CURVE('',#2104,#6560,#5402,.T.);
#8826 = ORIENTED_EDGE('',*,*,#4770,.T.);
#8827 = ADVANCED_FACE('',(#7743),#6692,.F.);
#8828 = DEFINITIONAL_REPRESENTATION('',(#7545),#5217);
#8829 = CARTESIAN_POINT('',(4.712388980385,2.427594323228));
#8830 = CARTESIAN_POINT('',(1.105988880247,4.77149216587));
#8831 = DIRECTION('',(1.,0.));
#8832 = VECTOR('',#2685,1.);
#8833 = DIRECTION('',(0.,-0.,1.));
#8834 = MANIFOLD_SOLID_BREP('',#4581);
#8835 = VERTEX_POINT('',#699);
#8836 = VECTOR('',#6750,1.);
#8837 = ORIENTED_EDGE('',*,*,#2605,.T.);
#8838 = CARTESIAN_POINT('',(1.656522691891,-16.17345261459));
#8839 = DIRECTION('',(-1.,0.,0.));
#8840 = CARTESIAN_POINT('',(3.14159265359,-0.5));
#8841 = DIRECTION('',(0.,1.));
#8842 = CARTESIAN_POINT('',(0.,-4.));
#8843 = CARTESIAN_POINT('',(4.712388980385,2.855993321445));
#8844 = CARTESIAN_POINT('',(6.48,3.921309653643,-2.45));
#8845 = VECTOR('',#4499,1.);
#8846 = CARTESIAN_POINT('',(1.17743268147,3.834760627754));
#8847 = DEFINITIONAL_REPRESENTATION('',(#4120),#7550);
#8848 = DIRECTION('',(0.,-1.,-1.351732578683E-16));
#8849 = ( GEOMETRIC_REPRESENTATION_CONTEXT(2) 
PARAMETRIC_REPRESENTATION_CONTEXT() REPRESENTATION_CONTEXT('2D SPACE',''
  ) );
#8850 = CARTESIAN_POINT('',(5.616720038095,-2.427594323228));
#8851 = LINE('',#4032,#6187);
#8852 = VECTOR('',#6957,1.);
#8853 = ADVANCED_FACE('',(#7418),#4108,.T.);
#8854 = ORIENTED_EDGE('',*,*,#6651,.F.);
#8855 = CARTESIAN_POINT('',(0.90464313616,9.237639163677));
#8856 = EDGE_CURVE('',#3817,#2590,#2320,.T.);
#8857 = CARTESIAN_POINT('',(-6.48,0.,0.));
#8858 = CARTESIAN_POINT('',(4.041731820281,4.850699494908));
#8859 = ORIENTED_EDGE('',*,*,#4390,.F.);
#8860 = CARTESIAN_POINT('',(0.,7.35,-19.25));
#8861 = ( GEOMETRIC_REPRESENTATION_CONTEXT(2) 
PARAMETRIC_REPRESENTATION_CONTEXT() REPRESENTATION_CONTEXT('2D SPACE',''
  ) );
#8862 = CYLINDRICAL_SURFACE('',#1107,5.715);
#8863 = CARTESIAN_POINT('',(-2.04,6.365286717816));
#8864 = CARTESIAN_POINT('',(0.,0.,2.95));
#8865 = CARTESIAN_POINT('',(-3.168632326153,0.,1.139319362293));
#8866 = CARTESIAN_POINT('',(2.438303340064E-03,-8.792487847401E-06));
#8867 = SURFACE_CURVE('',#1671,(#4026,#693),.PCURVE_S1.);
#8868 = CARTESIAN_POINT('',(3.195346517111,1.000001841479));
#8869 = B_SPLINE_CURVE_WITH_KNOTS('',3,(#2813,#6075,#8272,#299,#4159,
    #7155,#416,#6452,#1509,#4044,#59,#2278),.UNSPECIFIED.,.F.,.F.,(4,
    2,2,2,2,4),(2.325386712659E-03,3.453127865324E-03,4.580869017989E-03
    ,5.144739594321E-03,5.708610170653E-03,6.836351323318E-03),
  .UNSPECIFIED.);
#8870 = CARTESIAN_POINT('',(5.616720038095,-1.142397328578));
#8871 = CARTESIAN_POINT('',(3.993446436743E-03,1.));
#8872 = CARTESIAN_POINT('',(1.168943406676,2.939452248799));
#8873 = DEFINITIONAL_REPRESENTATION('',(#1624),#493);
#8874 = CARTESIAN_POINT('',(4.712388980384,3.165392597935));
#8875 = FACE_BOUND('',#5612,.T.);
#8876 = AXIS2_PLACEMENT_3D('',#5696,#1757,#5277);
#8877 = CARTESIAN_POINT('',(5.110014338736,3.26068673754));
#8878 = CARTESIAN_POINT('',(0.98923219597,8.672253178362));
#8879 = B_SPLINE_CURVE_WITH_KNOTS('',3,(#8228,#5443,#271,#7108,#851,
    #8580,#206,#4382,#5545,#5079),.UNSPECIFIED.,.F.,.F.,(4,2,2,2,4),(
    8.349546986075E-02,8.445564267106E-02,8.493572907622E-02,
    8.541581548138E-02,8.733616110201E-02),.UNSPECIFIED.);
#8880 = ( GEOMETRIC_REPRESENTATION_CONTEXT(2) 
PARAMETRIC_REPRESENTATION_CONTEXT() REPRESENTATION_CONTEXT('2D SPACE',''
  ) );
#8881 = CARTESIAN_POINT('',(6.6675,-4.949335182628));
#8882 = CARTESIAN_POINT('',(-3.160977729105,-0.260801202465,
    0.52307789088));
#8883 = CARTESIAN_POINT('',(4.178013708859,1.000016838165));
#8884 = ( BOUNDED_CURVE() B_SPLINE_CURVE(2,(#458,#7551,#7170,#3066,
#3256,#3264,#7084),.UNSPECIFIED.,.T.,.F.) B_SPLINE_CURVE_WITH_KNOTS((1,2
    ,2,2,2,1),(-2.094395102393,0.,2.094395102393,4.188790204786,
6.28318530718,8.377580409573),.UNSPECIFIED.) CURVE() 
GEOMETRIC_REPRESENTATION_ITEM() RATIONAL_B_SPLINE_CURVE((1.,0.5,1.,0.5,
1.,0.5,1.)) REPRESENTATION_ITEM('') );
#8885 = CARTESIAN_POINT('',(1.092563078419,5.53653737994));
#8886 = ADVANCED_FACE('',(#5225,#1283),#7270,.F.);
#8887 = SURFACE_STYLE_USAGE(.BOTH.,#7871);
#8888 = CARTESIAN_POINT('',(7.362477993392,14.08));
#8889 = CARTESIAN_POINT('',(3.993446436743E-03,9.1336586965E-02));
#8890 = DIRECTION('',(-0.,1.351732578683E-16,-1.));
#8891 = CARTESIAN_POINT('',(4.289942065888,1.000016692022));
#8892 = PCURVE('',#1938,#5565);
#8893 = PCURVE('',#2304,#955);
#8894 = DIRECTION('',(-1.,1.561831325672E-15));
#8895 = SURFACE_CURVE('',#7262,(#8251,#7488),.PCURVE_S1.);
#8896 = SURFACE_CURVE('',#7649,(#8230,#3872),.PCURVE_S1.);
#8897 = DIRECTION('',(0.,1.));
#8898 = DIRECTION('',(-0.,1.351732578683E-16,-1.));
#8899 = ( GEOMETRIC_REPRESENTATION_CONTEXT(2) 
PARAMETRIC_REPRESENTATION_CONTEXT() REPRESENTATION_CONTEXT('2D SPACE',''
  ) );
#8900 = FACE_BOUND('',#844,.T.);
#8901 = CARTESIAN_POINT('',(1.181373276119,3.865156476517));
#8902 = CARTESIAN_POINT('',(4.004034385402,4.871056806123));
#8903 = CARTESIAN_POINT('',(11.43,9.331808609503E-16));
#8904 = LINE('',#1330,#2534);
#8905 = EDGE_LOOP('',(#3444,#1909,#864,#2428));
#8906 = CARTESIAN_POINT('',(-7.968688725258E-05,1.066189922304));
#8907 = CARTESIAN_POINT('',(3.7721372131,0.603525925259));
#8908 = SURFACE_CURVE('',#5013,(#4312,#6156),.PCURVE_S1.);
#8909 = ( BOUNDED_CURVE() B_SPLINE_CURVE(2,(#1373,#4504,#8629,#6959,
#4378,#4792,#7761),.UNSPECIFIED.,.T.,.F.) B_SPLINE_CURVE_WITH_KNOTS((1,2
    ,2,2,2,1),(-2.094395102393,0.,2.094395102393,4.188790204786,
6.28318530718,8.377580409573),.UNSPECIFIED.) CURVE() 
GEOMETRIC_REPRESENTATION_ITEM() RATIONAL_B_SPLINE_CURVE((1.,0.5,1.,0.5,
1.,0.5,1.)) REPRESENTATION_ITEM('') );
#8910 = EDGE_LOOP('',(#5864,#6872,#8169,#5476));
ENDSEC;
END-ISO-10303-21;
