ISO-10303-21;
HEADER;
FILE_DESCRIPTION(('Open CASCADE Model'),'2;1');
FILE_NAME('Open CASCADE Shape Model','2026-10-01T00:47:46',('Author'),(
    'Open CASCADE'),'Open CASCADE STEP processor 7.8','Open CASCADE 7.8'
  ,'Unknown');
FILE_SCHEMA(('AUTOMOTIVE_DESIGN { 1 0 10303 214 1 1 1 1 }'));
ENDSEC;
DATA;
#1 = APPLICATION_PROTOCOL_DEFINITION('international standard',
  'automotive_design',2000,#2);
#2 = APPLICATION_CONTEXT(
  'core data for automotive mechanical design processes');
#3 = SHAPE_DEFINITION_REPRESENTATION(#4,#10);
#4 = PRODUCT_DEFINITION_SHAPE('','',#5);
#5 = PRODUCT_DEFINITION('design','',#6,#9);
#6 = PRODUCT_DEFINITION_FORMATION('','',#7);
#7 = PRODUCT('PP0308E_scan_exterior','PP0308E_scan_exterior','',(#8));
#8 = PRODUCT_CONTEXT('',#2,'mechanical');
#9 = PRODUCT_DEFINITION_CONTEXT('part definition',#2,'design');
#10 = SHAPE_REPRESENTATION('',(#11,#15,#19,#23),#27);
#11 = AXIS2_PLACEMENT_3D('',#12,#13,#14);
#12 = CARTESIAN_POINT('',(0.,0.,0.));
#13 = DIRECTION('',(0.,0.,1.));
#14 = DIRECTION('',(1.,0.,-0.));
#15 = AXIS2_PLACEMENT_3D('',#16,#17,#18);
#16 = CARTESIAN_POINT('',(0.,0.,0.));
#17 = DIRECTION('',(0.,0.,1.));
#18 = DIRECTION('',(1.,0.,-0.));
#19 = AXIS2_PLACEMENT_3D('',#20,#21,#22);
#20 = CARTESIAN_POINT('',(0.,0.,0.));
#21 = DIRECTION('',(0.,0.,1.));
#22 = DIRECTION('',(1.,0.,-0.));
#23 = AXIS2_PLACEMENT_3D('',#24,#25,#26);
#24 = CARTESIAN_POINT('',(0.,0.,0.));
#25 = DIRECTION('',(0.,0.,1.));
#26 = DIRECTION('',(1.,0.,-0.));
#27 = ( GEOMETRIC_REPRESENTATION_CONTEXT(3) 
GLOBAL_UNCERTAINTY_ASSIGNED_CONTEXT((#31)) GLOBAL_UNIT_ASSIGNED_CONTEXT(
(#28,#29,#30)) REPRESENTATION_CONTEXT('Context #1',
  '3D Context with UNIT and UNCERTAINTY') );
#28 = ( LENGTH_UNIT() NAMED_UNIT(*) SI_UNIT(.MILLI.,.METRE.) );
#29 = ( NAMED_UNIT(*) PLANE_ANGLE_UNIT() SI_UNIT($,.RADIAN.) );
#30 = ( NAMED_UNIT(*) SI_UNIT($,.STERADIAN.) SOLID_ANGLE_UNIT() );
#31 = UNCERTAINTY_MEASURE_WITH_UNIT(LENGTH_MEASURE(1.E-07),#28,
  'distance_accuracy_value','confusion accuracy');
#32 = PRODUCT_RELATED_PRODUCT_CATEGORY('part',$,(#7));
#33 = SHAPE_DEFINITION_REPRESENTATION(#34,#40);
#34 = PRODUCT_DEFINITION_SHAPE('','',#35);
#35 = PRODUCT_DEFINITION('design','',#36,#39);
#36 = PRODUCT_DEFINITION_FORMATION('','',#37);
#37 = PRODUCT('fixed_body','fixed_body','',(#38));
#38 = PRODUCT_CONTEXT('',#2,'mechanical');
#39 = PRODUCT_DEFINITION_CONTEXT('part definition',#2,'design');
#40 = ADVANCED_BREP_SHAPE_REPRESENTATION('',(#11,#41),#11625);
#41 = MANIFOLD_SOLID_BREP('',#42);
#42 = CLOSED_SHELL('',(#43,#177,#246,#303,#376,#680,#708,#795,#930,#985,
    #1041,#1096,#1208,#1598,#1605,#1933,#2346,#2400,#2455,#2509,#2897,
    #2987,#3051,#3142,#3170,#3221,#3462,#3553,#3581,#3609,#3641,#3646,
    #3674,#3702,#3709,#3741,#3746,#3798,#3830,#3921,#3981,#4007,#4014,
    #4111,#4202,#4293,#4412,#4525,#4673,#4730,#4785,#4840,#4895,#4950,
    #5005,#5060,#5115,#5170,#5225,#5280,#5335,#5390,#5445,#5500,#5555,
    #5610,#5665,#5720,#5755,#5790,#5845,#5900,#5955,#6010,#6065,#6120,
    #6175,#6230,#6285,#6340,#6395,#6450,#6505,#6560,#6615,#6670,#6725,
    #6780,#6835,#6890,#6945,#7000,#7055,#7110,#7165,#7220,#7275,#7330,
    #7385,#7440,#7495,#7550,#7605,#7660,#7715,#7770,#7825,#7880,#7935,
    #7990,#8045,#8100,#8155,#8210,#8265,#8320,#8375,#8430,#8485,#8540,
    #8595,#8650,#8705,#8760,#8815,#8870,#8925,#8980,#9035,#9090,#9145,
    #9200,#9255,#9310,#9365,#9420,#9475,#9530,#9585,#9640,#9695,#9750,
    #9805,#9860,#9915,#9970,#10025,#10080,#10135,#10190,#10225,#10260,
    #10315,#10370,#10425,#10480,#10535,#10590,#10645,#10700,#10755,
    #10810,#10865,#10920,#10975,#11030,#11085,#11140,#11195,#11250,
    #11305,#11360,#11399,#11438,#11543,#11597,#11620));
#43 = ADVANCED_FACE('',(#44),#59,.T.);
#44 = FACE_BOUND('',#45,.F.);
#45 = EDGE_LOOP('',(#46,#81,#107,#140));
#46 = ORIENTED_EDGE('',*,*,#47,.F.);
#47 = EDGE_CURVE('',#48,#50,#52,.T.);
#48 = VERTEX_POINT('',#49);
#49 = CARTESIAN_POINT('',(-2.58,3.465976879876E-16,-3.121874436937));
#50 = VERTEX_POINT('',#51);
#51 = CARTESIAN_POINT('',(-4.05,7.938468817211E-14,-2.479909768273E-16)
  );
#52 = SURFACE_CURVE('',#53,(#58,#69),.PCURVE_S1.);
#53 = CIRCLE('',#54,4.05);
#54 = AXIS2_PLACEMENT_3D('',#55,#56,#57);
#55 = CARTESIAN_POINT('',(0.,0.,0.));
#56 = DIRECTION('',(-0.,1.,1.110223024625E-16));
#57 = DIRECTION('',(1.,0.,0.));
#58 = PCURVE('',#59,#64);
#59 = CYLINDRICAL_SURFACE('',#60,4.05);
#60 = AXIS2_PLACEMENT_3D('',#61,#62,#63);
#61 = CARTESIAN_POINT('',(0.,0.,0.));
#62 = DIRECTION('',(-0.,-1.,-1.110223024625E-16));
#63 = DIRECTION('',(1.,0.,0.));
#64 = DEFINITIONAL_REPRESENTATION('',(#65),#68);
#65 = B_SPLINE_CURVE_WITH_KNOTS('',1,(#66,#67),.UNSPECIFIED.,.F.,.F.,(2,
    2),(1.570796326795,3.14159265359),.PIECEWISE_BEZIER_KNOTS.);
#66 = CARTESIAN_POINT('',(-7.853981633974,0.));
#67 = CARTESIAN_POINT('',(-9.424777960769,0.));
#68 = ( GEOMETRIC_REPRESENTATION_CONTEXT(2) 
PARAMETRIC_REPRESENTATION_CONTEXT() REPRESENTATION_CONTEXT('2D SPACE',''
  ) );
#69 = PCURVE('',#70,#75);
#70 = SPHERICAL_SURFACE('',#71,4.05);
#71 = AXIS2_PLACEMENT_3D('',#72,#73,#74);
#72 = CARTESIAN_POINT('',(0.,0.,0.));
#73 = DIRECTION('',(0.,0.,1.));
#74 = DIRECTION('',(1.,0.,0.));
#75 = DEFINITIONAL_REPRESENTATION('',(#76),#80);
#76 = LINE('',#77,#78);
#77 = CARTESIAN_POINT('',(3.14159265359,-3.14159265359));
#78 = VECTOR('',#79,1.);
#79 = DIRECTION('',(-0.,1.));
#80 = ( GEOMETRIC_REPRESENTATION_CONTEXT(2) 
PARAMETRIC_REPRESENTATION_CONTEXT() REPRESENTATION_CONTEXT('2D SPACE',''
  ) );
#81 = ORIENTED_EDGE('',*,*,#82,.F.);
#82 = EDGE_CURVE('',#83,#48,#85,.T.);
#83 = VERTEX_POINT('',#84);
#84 = CARTESIAN_POINT('',(-2.58,2.5,-3.121874436937));
#85 = SURFACE_CURVE('',#86,(#90,#96),.PCURVE_S1.);
#86 = LINE('',#87,#88);
#87 = CARTESIAN_POINT('',(-2.58,3.465976879876E-16,-3.121874436937));
#88 = VECTOR('',#89,1.);
#89 = DIRECTION('',(-0.,-1.,-1.110223024625E-16));
#90 = PCURVE('',#59,#91);
#91 = DEFINITIONAL_REPRESENTATION('',(#92),#95);
#92 = B_SPLINE_CURVE_WITH_KNOTS('',1,(#93,#94),.UNSPECIFIED.,.F.,.F.,(2,
    2),(-3.5000006,6.004903662031E-07),.PIECEWISE_BEZIER_KNOTS.);
#93 = CARTESIAN_POINT('',(-8.544629920774,-3.5000006));
#94 = CARTESIAN_POINT('',(-8.544629920774,6.004903662031E-07));
#95 = ( GEOMETRIC_REPRESENTATION_CONTEXT(2) 
PARAMETRIC_REPRESENTATION_CONTEXT() REPRESENTATION_CONTEXT('2D SPACE',''
  ) );
#96 = PCURVE('',#97,#102);
#97 = PLANE('',#98);
#98 = AXIS2_PLACEMENT_3D('',#99,#100,#101);
#99 = CARTESIAN_POINT('',(-2.58,-4.07,-4.07));
#100 = DIRECTION('',(1.,0.,0.));
#101 = DIRECTION('',(0.,0.,1.));
#102 = DEFINITIONAL_REPRESENTATION('',(#103),#106);
#103 = B_SPLINE_CURVE_WITH_KNOTS('',1,(#104,#105),.UNSPECIFIED.,.F.,.F.,
  (2,2),(-3.5000006,6.004903662031E-07),.PIECEWISE_BEZIER_KNOTS.);
#104 = CARTESIAN_POINT('',(0.948125563063,-7.5700006));
#105 = CARTESIAN_POINT('',(0.948125563063,-4.06999939951));
#106 = ( GEOMETRIC_REPRESENTATION_CONTEXT(2) 
PARAMETRIC_REPRESENTATION_CONTEXT() REPRESENTATION_CONTEXT('2D SPACE',''
  ) );
#107 = ORIENTED_EDGE('',*,*,#108,.F.);
#108 = EDGE_CURVE('',#109,#83,#111,.T.);
#109 = VERTEX_POINT('',#110);
#110 = CARTESIAN_POINT('',(-3.186298793271,2.5,2.5));
#111 = SURFACE_CURVE('',#112,(#117,#124),.PCURVE_S1.);
#112 = CIRCLE('',#113,4.05);
#113 = AXIS2_PLACEMENT_3D('',#114,#115,#116);
#114 = CARTESIAN_POINT('',(0.,2.5,2.775557561563E-16));
#115 = DIRECTION('',(0.,-1.,-1.110223024625E-16));
#116 = DIRECTION('',(1.,-0.,0.));
#117 = PCURVE('',#59,#118);
#118 = DEFINITIONAL_REPRESENTATION('',(#119),#123);
#119 = LINE('',#120,#121);
#120 = CARTESIAN_POINT('',(-12.56637061435,-2.5));
#121 = VECTOR('',#122,1.);
#122 = DIRECTION('',(1.,-0.));
#123 = ( GEOMETRIC_REPRESENTATION_CONTEXT(2) 
PARAMETRIC_REPRESENTATION_CONTEXT() REPRESENTATION_CONTEXT('2D SPACE',''
  ) );
#124 = PCURVE('',#125,#130);
#125 = PLANE('',#126);
#126 = AXIS2_PLACEMENT_3D('',#127,#128,#129);
#127 = CARTESIAN_POINT('',(0.,2.5,2.775557561563E-16));
#128 = DIRECTION('',(0.,1.,1.110223024625E-16));
#129 = DIRECTION('',(1.,-0.,-0.));
#130 = DEFINITIONAL_REPRESENTATION('',(#131),#139);
#131 = ( BOUNDED_CURVE() B_SPLINE_CURVE(2,(#132,#133,#134,#135,#136,#137
,#138),.UNSPECIFIED.,.T.,.F.) B_SPLINE_CURVE_WITH_KNOTS((1,2,2,2,2,1),(
    -2.094395102393,0.,2.094395102393,4.188790204786,6.28318530718,
8.377580409573),.UNSPECIFIED.) CURVE() GEOMETRIC_REPRESENTATION_ITEM() 
RATIONAL_B_SPLINE_CURVE((1.,0.5,1.,0.5,1.,0.5,1.)) REPRESENTATION_ITEM(
  '') );
#132 = CARTESIAN_POINT('',(4.05,0.));
#133 = CARTESIAN_POINT('',(4.05,-7.014805770654));
#134 = CARTESIAN_POINT('',(-2.025,-3.507402885327));
#135 = CARTESIAN_POINT('',(-8.1,-9.919639073094E-16));
#136 = CARTESIAN_POINT('',(-2.025,3.507402885327));
#137 = CARTESIAN_POINT('',(4.05,7.014805770654));
#138 = CARTESIAN_POINT('',(4.05,0.));
#139 = ( GEOMETRIC_REPRESENTATION_CONTEXT(2) 
PARAMETRIC_REPRESENTATION_CONTEXT() REPRESENTATION_CONTEXT('2D SPACE',''
  ) );
#140 = ORIENTED_EDGE('',*,*,#141,.T.);
#141 = EDGE_CURVE('',#109,#50,#142,.T.);
#142 = SURFACE_CURVE('',#143,(#148,#160),.PCURVE_S1.);
#143 = ELLIPSE('',#144,5.727564927611,4.05);
#144 = AXIS2_PLACEMENT_3D('',#145,#146,#147);
#145 = CARTESIAN_POINT('',(0.,0.,0.));
#146 = DIRECTION('',(0.,-0.707106781187,0.707106781187));
#147 = DIRECTION('',(-0.,-0.707106781187,-0.707106781187));
#148 = PCURVE('',#59,#149);
#149 = DEFINITIONAL_REPRESENTATION('',(#150),#159);
#150 = B_SPLINE_CURVE_WITH_KNOTS('',7,(#151,#152,#153,#154,#155,#156,
    #157,#158),.UNSPECIFIED.,.F.,.F.,(8,8),(3.66883568179,4.712388980506
    ),.PIECEWISE_BEZIER_KNOTS.);
#151 = CARTESIAN_POINT('',(-10.46833125936,-3.5));
#152 = CARTESIAN_POINT('',(-10.31925221669,-3.196211439641));
#153 = CARTESIAN_POINT('',(-10.17017317401,-2.801672474933));
#154 = CARTESIAN_POINT('',(-10.02109413134,-2.327411613266));
#155 = CARTESIAN_POINT('',(-9.87201508867,-1.789393931462));
#156 = CARTESIAN_POINT('',(-9.722936045995,-1.207540146143));
#157 = CARTESIAN_POINT('',(-9.573857003322,-0.603770122338));
#158 = CARTESIAN_POINT('',(-9.424777960648,4.90366203075E-10));
#159 = ( GEOMETRIC_REPRESENTATION_CONTEXT(2) 
PARAMETRIC_REPRESENTATION_CONTEXT() REPRESENTATION_CONTEXT('2D SPACE',''
  ) );
#160 = PCURVE('',#161,#166);
#161 = CYLINDRICAL_SURFACE('',#162,4.05);
#162 = AXIS2_PLACEMENT_3D('',#163,#164,#165);
#163 = CARTESIAN_POINT('',(0.,0.,0.));
#164 = DIRECTION('',(-0.,-0.,-1.));
#165 = DIRECTION('',(1.,0.,0.));
#166 = DEFINITIONAL_REPRESENTATION('',(#167),#176);
#167 = B_SPLINE_CURVE_WITH_KNOTS('',7,(#168,#169,#170,#171,#172,#173,
    #174,#175),.UNSPECIFIED.,.F.,.F.,(8,8),(3.66883568179,4.712388980506
    ),.PIECEWISE_BEZIER_KNOTS.);
#168 = CARTESIAN_POINT('',(-2.098039354996,-3.5));
#169 = CARTESIAN_POINT('',(-2.247118397669,-3.196211439641));
#170 = CARTESIAN_POINT('',(-2.396197440343,-2.801672474933));
#171 = CARTESIAN_POINT('',(-2.545276483017,-2.327411613267));
#172 = CARTESIAN_POINT('',(-2.69435552569,-1.789393931461));
#173 = CARTESIAN_POINT('',(-2.843434568364,-1.207540146143));
#174 = CARTESIAN_POINT('',(-2.992513611037,-0.603770122338));
#175 = CARTESIAN_POINT('',(-3.141592653711,4.90366203075E-10));
#176 = ( GEOMETRIC_REPRESENTATION_CONTEXT(2) 
PARAMETRIC_REPRESENTATION_CONTEXT() REPRESENTATION_CONTEXT('2D SPACE',''
  ) );
#177 = ADVANCED_FACE('',(#178),#70,.T.);
#178 = FACE_BOUND('',#179,.T.);
#179 = EDGE_LOOP('',(#180,#181,#225));
#180 = ORIENTED_EDGE('',*,*,#47,.F.);
#181 = ORIENTED_EDGE('',*,*,#182,.F.);
#182 = EDGE_CURVE('',#183,#48,#185,.T.);
#183 = VERTEX_POINT('',#184);
#184 = CARTESIAN_POINT('',(-2.58,-3.121874436937,0.));
#185 = SURFACE_CURVE('',#186,(#191,#218),.PCURVE_S1.);
#186 = CIRCLE('',#187,3.121874436937);
#187 = AXIS2_PLACEMENT_3D('',#188,#189,#190);
#188 = CARTESIAN_POINT('',(-2.58,0.,0.));
#189 = DIRECTION('',(1.,0.,0.));
#190 = DIRECTION('',(-0.,0.,1.));
#191 = PCURVE('',#70,#192);
#192 = DEFINITIONAL_REPRESENTATION('',(#193),#217);
#193 = B_SPLINE_CURVE_WITH_KNOTS('',8,(#194,#195,#196,#197,#198,#199,
    #200,#201,#202,#203,#204,#205,#206,#207,#208,#209,#210,#211,#212,
    #213,#214,#215,#216),.UNSPECIFIED.,.F.,.F.,(9,7,7,9),(1.570796326795
    ,2.356194490192,2.748893571891,3.14159265359),.UNSPECIFIED.);
#194 = CARTESIAN_POINT('',(4.021740693585,4.719992020413E-17));
#195 = CARTESIAN_POINT('',(4.021740693585,-7.567637188666E-02));
#196 = CARTESIAN_POINT('',(4.016331897061,-0.151352799356));
#197 = CARTESIAN_POINT('',(4.005512527329,-0.226577757594));
#198 = CARTESIAN_POINT('',(3.989004618027,-0.300902112492));
#199 = CARTESIAN_POINT('',(3.966218402375,-0.373809595262));
#200 = CARTESIAN_POINT('',(3.936292189263,-0.444676254005));
#201 = CARTESIAN_POINT('',(3.89783677218,-0.512636557236));
#202 = CARTESIAN_POINT('',(3.825091846771,-0.60837520565));
#203 = CARTESIAN_POINT('',(3.798333252665,-0.639254665941));
#204 = CARTESIAN_POINT('',(3.7688757157,-0.668946352318));
#205 = CARTESIAN_POINT('',(3.736523940355,-0.697276001715));
#206 = CARTESIAN_POINT('',(3.701088055611,-0.724041561184));
#207 = CARTESIAN_POINT('',(3.662414987442,-0.749012993166));
#208 = CARTESIAN_POINT('',(3.620439141005,-0.771939764265));
#209 = CARTESIAN_POINT('',(3.530065644069,-0.813192270753));
#210 = CARTESIAN_POINT('',(3.481667808057,-0.831518218373));
#211 = CARTESIAN_POINT('',(3.430148832462,-0.847288857053));
#212 = CARTESIAN_POINT('',(3.375753865505,-0.86024706069));
#213 = CARTESIAN_POINT('',(3.318927592368,-0.870151623626));
#214 = CARTESIAN_POINT('',(3.260386918302,-0.876815851382));
#215 = CARTESIAN_POINT('',(3.200989805943,-0.880148039995));
#216 = CARTESIAN_POINT('',(3.14159265359,-0.880148039995));
#217 = ( GEOMETRIC_REPRESENTATION_CONTEXT(2) 
PARAMETRIC_REPRESENTATION_CONTEXT() REPRESENTATION_CONTEXT('2D SPACE',''
  ) );
#218 = PCURVE('',#97,#219);
#219 = DEFINITIONAL_REPRESENTATION('',(#220),#224);
#220 = CIRCLE('',#221,3.121874436937);
#221 = AXIS2_PLACEMENT_2D('',#222,#223);
#222 = CARTESIAN_POINT('',(4.07,-4.07));
#223 = DIRECTION('',(1.,0.));
#224 = ( GEOMETRIC_REPRESENTATION_CONTEXT(2) 
PARAMETRIC_REPRESENTATION_CONTEXT() REPRESENTATION_CONTEXT('2D SPACE',''
  ) );
#225 = ORIENTED_EDGE('',*,*,#226,.F.);
#226 = EDGE_CURVE('',#50,#183,#227,.T.);
#227 = SURFACE_CURVE('',#228,(#233,#240),.PCURVE_S1.);
#228 = CIRCLE('',#229,4.05);
#229 = AXIS2_PLACEMENT_3D('',#230,#231,#232);
#230 = CARTESIAN_POINT('',(0.,0.,0.));
#231 = DIRECTION('',(0.,0.,1.));
#232 = DIRECTION('',(1.,0.,0.));
#233 = PCURVE('',#70,#234);
#234 = DEFINITIONAL_REPRESENTATION('',(#235),#239);
#235 = LINE('',#236,#237);
#236 = CARTESIAN_POINT('',(0.,0.));
#237 = VECTOR('',#238,1.);
#238 = DIRECTION('',(1.,0.));
#239 = ( GEOMETRIC_REPRESENTATION_CONTEXT(2) 
PARAMETRIC_REPRESENTATION_CONTEXT() REPRESENTATION_CONTEXT('2D SPACE',''
  ) );
#240 = PCURVE('',#161,#241);
#241 = DEFINITIONAL_REPRESENTATION('',(#242),#245);
#242 = B_SPLINE_CURVE_WITH_KNOTS('',1,(#243,#244),.UNSPECIFIED.,.F.,.F.,
  (2,2),(3.14159265359,6.28318530718),.PIECEWISE_BEZIER_KNOTS.);
#243 = CARTESIAN_POINT('',(-3.14159265359,0.));
#244 = CARTESIAN_POINT('',(-6.28318530718,0.));
#245 = ( GEOMETRIC_REPRESENTATION_CONTEXT(2) 
PARAMETRIC_REPRESENTATION_CONTEXT() REPRESENTATION_CONTEXT('2D SPACE',''
  ) );
#246 = ADVANCED_FACE('',(#247),#161,.T.);
#247 = FACE_BOUND('',#248,.F.);
#248 = EDGE_LOOP('',(#249,#250,#283,#302));
#249 = ORIENTED_EDGE('',*,*,#141,.F.);
#250 = ORIENTED_EDGE('',*,*,#251,.F.);
#251 = EDGE_CURVE('',#252,#109,#254,.T.);
#252 = VERTEX_POINT('',#253);
#253 = CARTESIAN_POINT('',(-2.58,-3.121874436937,2.5));
#254 = SURFACE_CURVE('',#255,(#260,#267),.PCURVE_S1.);
#255 = CIRCLE('',#256,4.05);
#256 = AXIS2_PLACEMENT_3D('',#257,#258,#259);
#257 = CARTESIAN_POINT('',(0.,0.,2.5));
#258 = DIRECTION('',(0.,0.,-1.));
#259 = DIRECTION('',(1.,0.,0.));
#260 = PCURVE('',#161,#261);
#261 = DEFINITIONAL_REPRESENTATION('',(#262),#266);
#262 = LINE('',#263,#264);
#263 = CARTESIAN_POINT('',(-12.56637061435,-2.5));
#264 = VECTOR('',#265,1.);
#265 = DIRECTION('',(1.,-0.));
#266 = ( GEOMETRIC_REPRESENTATION_CONTEXT(2) 
PARAMETRIC_REPRESENTATION_CONTEXT() REPRESENTATION_CONTEXT('2D SPACE',''
  ) );
#267 = PCURVE('',#268,#273);
#268 = PLANE('',#269);
#269 = AXIS2_PLACEMENT_3D('',#270,#271,#272);
#270 = CARTESIAN_POINT('',(0.,0.,2.5));
#271 = DIRECTION('',(0.,0.,1.));
#272 = DIRECTION('',(1.,0.,-0.));
#273 = DEFINITIONAL_REPRESENTATION('',(#274),#282);
#274 = ( BOUNDED_CURVE() B_SPLINE_CURVE(2,(#275,#276,#277,#278,#279,#280
,#281),.UNSPECIFIED.,.T.,.F.) B_SPLINE_CURVE_WITH_KNOTS((1,2,2,2,2,1),(
    -2.094395102393,0.,2.094395102393,4.188790204786,6.28318530718,
8.377580409573),.UNSPECIFIED.) CURVE() GEOMETRIC_REPRESENTATION_ITEM() 
RATIONAL_B_SPLINE_CURVE((1.,0.5,1.,0.5,1.,0.5,1.)) REPRESENTATION_ITEM(
  '') );
#275 = CARTESIAN_POINT('',(4.05,0.));
#276 = CARTESIAN_POINT('',(4.05,-7.014805770654));
#277 = CARTESIAN_POINT('',(-2.025,-3.507402885327));
#278 = CARTESIAN_POINT('',(-8.1,-9.919639073094E-16));
#279 = CARTESIAN_POINT('',(-2.025,3.507402885327));
#280 = CARTESIAN_POINT('',(4.05,7.014805770654));
#281 = CARTESIAN_POINT('',(4.05,0.));
#282 = ( GEOMETRIC_REPRESENTATION_CONTEXT(2) 
PARAMETRIC_REPRESENTATION_CONTEXT() REPRESENTATION_CONTEXT('2D SPACE',''
  ) );
#283 = ORIENTED_EDGE('',*,*,#284,.T.);
#284 = EDGE_CURVE('',#252,#183,#285,.T.);
#285 = SURFACE_CURVE('',#286,(#290,#296),.PCURVE_S1.);
#286 = LINE('',#287,#288);
#287 = CARTESIAN_POINT('',(-2.58,-3.121874436937,0.));
#288 = VECTOR('',#289,1.);
#289 = DIRECTION('',(-0.,-0.,-1.));
#290 = PCURVE('',#161,#291);
#291 = DEFINITIONAL_REPRESENTATION('',(#292),#295);
#292 = B_SPLINE_CURVE_WITH_KNOTS('',1,(#293,#294),.UNSPECIFIED.,.F.,.F.,
  (2,2),(-3.5000006,6.004903662031E-07),.PIECEWISE_BEZIER_KNOTS.);
#293 = CARTESIAN_POINT('',(-4.021740693585,-3.5000006));
#294 = CARTESIAN_POINT('',(-4.021740693585,6.004903662031E-07));
#295 = ( GEOMETRIC_REPRESENTATION_CONTEXT(2) 
PARAMETRIC_REPRESENTATION_CONTEXT() REPRESENTATION_CONTEXT('2D SPACE',''
  ) );
#296 = PCURVE('',#97,#297);
#297 = DEFINITIONAL_REPRESENTATION('',(#298),#301);
#298 = B_SPLINE_CURVE_WITH_KNOTS('',1,(#299,#300),.UNSPECIFIED.,.F.,.F.,
  (2,2),(-3.5000006,6.004903662031E-07),.PIECEWISE_BEZIER_KNOTS.);
#299 = CARTESIAN_POINT('',(7.5700006,-0.948125563063));
#300 = CARTESIAN_POINT('',(4.06999939951,-0.948125563063));
#301 = ( GEOMETRIC_REPRESENTATION_CONTEXT(2) 
PARAMETRIC_REPRESENTATION_CONTEXT() REPRESENTATION_CONTEXT('2D SPACE',''
  ) );
#302 = ORIENTED_EDGE('',*,*,#226,.F.);
#303 = ADVANCED_FACE('',(#304),#125,.F.);
#304 = FACE_BOUND('',#305,.T.);
#305 = EDGE_LOOP('',(#306,#337,#356,#357));
#306 = ORIENTED_EDGE('',*,*,#307,.F.);
#307 = EDGE_CURVE('',#308,#310,#312,.T.);
#308 = VERTEX_POINT('',#309);
#309 = CARTESIAN_POINT('',(-2.58,2.5,-3.160696125856));
#310 = VERTEX_POINT('',#311);
#311 = CARTESIAN_POINT('',(-3.224344894703,2.5,2.5));
#312 = SURFACE_CURVE('',#313,(#318,#325),.PCURVE_S1.);
#313 = CIRCLE('',#314,4.08);
#314 = AXIS2_PLACEMENT_3D('',#315,#316,#317);
#315 = CARTESIAN_POINT('',(0.,2.5,2.775557561563E-16));
#316 = DIRECTION('',(-0.,1.,1.110223024625E-16));
#317 = DIRECTION('',(1.,0.,0.));
#318 = PCURVE('',#125,#319);
#319 = DEFINITIONAL_REPRESENTATION('',(#320),#324);
#320 = CIRCLE('',#321,4.08);
#321 = AXIS2_PLACEMENT_2D('',#322,#323);
#322 = CARTESIAN_POINT('',(0.,0.));
#323 = DIRECTION('',(1.,-0.));
#324 = ( GEOMETRIC_REPRESENTATION_CONTEXT(2) 
PARAMETRIC_REPRESENTATION_CONTEXT() REPRESENTATION_CONTEXT('2D SPACE',''
  ) );
#325 = PCURVE('',#326,#331);
#326 = CONICAL_SURFACE('',#327,4.08,0.309702944542);
#327 = AXIS2_PLACEMENT_3D('',#328,#329,#330);
#328 = CARTESIAN_POINT('',(0.,2.5,2.775557561563E-16));
#329 = DIRECTION('',(0.,1.,1.110223024625E-16));
#330 = DIRECTION('',(1.,0.,0.));
#331 = DEFINITIONAL_REPRESENTATION('',(#332),#336);
#332 = LINE('',#333,#334);
#333 = CARTESIAN_POINT('',(0.,0.));
#334 = VECTOR('',#335,1.);
#335 = DIRECTION('',(1.,0.));
#336 = ( GEOMETRIC_REPRESENTATION_CONTEXT(2) 
PARAMETRIC_REPRESENTATION_CONTEXT() REPRESENTATION_CONTEXT('2D SPACE',''
  ) );
#337 = ORIENTED_EDGE('',*,*,#338,.F.);
#338 = EDGE_CURVE('',#83,#308,#339,.T.);
#339 = SURFACE_CURVE('',#340,(#344,#350),.PCURVE_S1.);
#340 = LINE('',#341,#342);
#341 = CARTESIAN_POINT('',(-2.58,2.5,-2.035));
#342 = VECTOR('',#343,1.);
#343 = DIRECTION('',(0.,1.110223024625E-16,-1.));
#344 = PCURVE('',#125,#345);
#345 = DEFINITIONAL_REPRESENTATION('',(#346),#349);
#346 = B_SPLINE_CURVE_WITH_KNOTS('',1,(#347,#348),.UNSPECIFIED.,.F.,.F.,
  (2,2),(-5.311533888541,1.855),.PIECEWISE_BEZIER_KNOTS.);
#347 = CARTESIAN_POINT('',(-2.58,-3.276533888541));
#348 = CARTESIAN_POINT('',(-2.58,3.89));
#349 = ( GEOMETRIC_REPRESENTATION_CONTEXT(2) 
PARAMETRIC_REPRESENTATION_CONTEXT() REPRESENTATION_CONTEXT('2D SPACE',''
  ) );
#350 = PCURVE('',#97,#351);
#351 = DEFINITIONAL_REPRESENTATION('',(#352),#355);
#352 = B_SPLINE_CURVE_WITH_KNOTS('',1,(#353,#354),.UNSPECIFIED.,.F.,.F.,
  (2,2),(-5.311533888541,1.855),.PIECEWISE_BEZIER_KNOTS.);
#353 = CARTESIAN_POINT('',(7.346533888541,-6.57));
#354 = CARTESIAN_POINT('',(0.18,-6.57));
#355 = ( GEOMETRIC_REPRESENTATION_CONTEXT(2) 
PARAMETRIC_REPRESENTATION_CONTEXT() REPRESENTATION_CONTEXT('2D SPACE',''
  ) );
#356 = ORIENTED_EDGE('',*,*,#108,.F.);
#357 = ORIENTED_EDGE('',*,*,#358,.F.);
#358 = EDGE_CURVE('',#310,#109,#359,.T.);
#359 = SURFACE_CURVE('',#360,(#364,#370),.PCURVE_S1.);
#360 = LINE('',#361,#362);
#361 = CARTESIAN_POINT('',(0.,2.5,2.5));
#362 = VECTOR('',#363,1.);
#363 = DIRECTION('',(1.,0.,0.));
#364 = PCURVE('',#125,#365);
#365 = DEFINITIONAL_REPRESENTATION('',(#366),#369);
#366 = B_SPLINE_CURVE_WITH_KNOTS('',1,(#367,#368),.UNSPECIFIED.,.F.,.F.,
  (2,2),(-4.08,-2.58),.PIECEWISE_BEZIER_KNOTS.);
#367 = CARTESIAN_POINT('',(-4.08,-2.5));
#368 = CARTESIAN_POINT('',(-2.58,-2.5));
#369 = ( GEOMETRIC_REPRESENTATION_CONTEXT(2) 
PARAMETRIC_REPRESENTATION_CONTEXT() REPRESENTATION_CONTEXT('2D SPACE',''
  ) );
#370 = PCURVE('',#268,#371);
#371 = DEFINITIONAL_REPRESENTATION('',(#372),#375);
#372 = B_SPLINE_CURVE_WITH_KNOTS('',1,(#373,#374),.UNSPECIFIED.,.F.,.F.,
  (2,2),(-4.08,-2.58),.PIECEWISE_BEZIER_KNOTS.);
#373 = CARTESIAN_POINT('',(-4.08,2.5));
#374 = CARTESIAN_POINT('',(-2.58,2.5));
#375 = ( GEOMETRIC_REPRESENTATION_CONTEXT(2) 
PARAMETRIC_REPRESENTATION_CONTEXT() REPRESENTATION_CONTEXT('2D SPACE',''
  ) );
#376 = ADVANCED_FACE('',(#377),#97,.F.);
#377 = FACE_BOUND('',#378,.F.);
#378 = EDGE_LOOP('',(#379,#414,#446,#471,#472,#473,#474,#475,#496,#528,
    #560,#593,#621,#654));
#379 = ORIENTED_EDGE('',*,*,#380,.F.);
#380 = EDGE_CURVE('',#381,#383,#385,.T.);
#381 = VERTEX_POINT('',#382);
#382 = CARTESIAN_POINT('',(-2.58,3.108442551228,-3.458730292253));
#383 = VERTEX_POINT('',#384);
#384 = CARTESIAN_POINT('',(-2.58,2.25,-3.89));
#385 = SURFACE_CURVE('',#386,(#391,#402),.PCURVE_S1.);
#386 = CIRCLE('',#387,1.07);
#387 = AXIS2_PLACEMENT_3D('',#388,#389,#390);
#388 = CARTESIAN_POINT('',(-2.58,2.25,-2.82));
#389 = DIRECTION('',(-1.,0.,0.));
#390 = DIRECTION('',(0.,1.,0.));
#391 = PCURVE('',#97,#392);
#392 = DEFINITIONAL_REPRESENTATION('',(#393),#401);
#393 = ( BOUNDED_CURVE() B_SPLINE_CURVE(2,(#394,#395,#396,#397,#398,#399
,#400),.UNSPECIFIED.,.T.,.F.) B_SPLINE_CURVE_WITH_KNOTS((1,2,2,2,2,1),(
    -2.094395102393,0.,2.094395102393,4.188790204786,6.28318530718,
8.377580409573),.UNSPECIFIED.) CURVE() GEOMETRIC_REPRESENTATION_ITEM() 
RATIONAL_B_SPLINE_CURVE((1.,0.5,1.,0.5,1.,0.5,1.)) REPRESENTATION_ITEM(
  '') );
#394 = CARTESIAN_POINT('',(1.25,-7.39));
#395 = CARTESIAN_POINT('',(-0.603294364099,-7.39));
#396 = CARTESIAN_POINT('',(0.323352817951,-5.785));
#397 = CARTESIAN_POINT('',(1.25,-4.18));
#398 = CARTESIAN_POINT('',(2.176647182049,-5.785));
#399 = CARTESIAN_POINT('',(3.103294364099,-7.39));
#400 = CARTESIAN_POINT('',(1.25,-7.39));
#401 = ( GEOMETRIC_REPRESENTATION_CONTEXT(2) 
PARAMETRIC_REPRESENTATION_CONTEXT() REPRESENTATION_CONTEXT('2D SPACE',''
  ) );
#402 = PCURVE('',#403,#408);
#403 = TOROIDAL_SURFACE('',#404,1.07,0.18);
#404 = AXIS2_PLACEMENT_3D('',#405,#406,#407);
#405 = CARTESIAN_POINT('',(-2.4,2.25,-2.82));
#406 = DIRECTION('',(1.,0.,-0.));
#407 = DIRECTION('',(0.,1.,0.));
#408 = DEFINITIONAL_REPRESENTATION('',(#409),#413);
#409 = LINE('',#410,#411);
#410 = CARTESIAN_POINT('',(-0.,4.712388980385));
#411 = VECTOR('',#412,1.);
#412 = DIRECTION('',(-1.,0.));
#413 = ( GEOMETRIC_REPRESENTATION_CONTEXT(2) 
PARAMETRIC_REPRESENTATION_CONTEXT() REPRESENTATION_CONTEXT('2D SPACE',''
  ) );
#414 = ORIENTED_EDGE('',*,*,#415,.T.);
#415 = EDGE_CURVE('',#381,#416,#418,.T.);
#416 = VERTEX_POINT('',#417);
#417 = CARTESIAN_POINT('',(-2.58,3.,-3.364699095016));
#418 = SURFACE_CURVE('',#419,(#424,#431),.PCURVE_S1.);
#419 = HYPERBOLA('',#420,3.73048004627,2.58);
#420 = AXIS2_PLACEMENT_3D('',#421,#422,#423);
#421 = CARTESIAN_POINT('',(-2.58,-3.130711393869,-3.47578787293E-16));
#422 = DIRECTION('',(1.,0.,0.));
#423 = DIRECTION('',(-0.,1.,1.110223024625E-16));
#424 = PCURVE('',#97,#425);
#425 = DEFINITIONAL_REPRESENTATION('',(#426),#430);
#426 = ( BOUNDED_CURVE() B_SPLINE_CURVE(2,(#427,#428,#429),
.UNSPECIFIED.,.F.,.F.) B_SPLINE_CURVE_WITH_KNOTS((3,3),(-1.177699892616,
-1.080976959265),.PIECEWISE_BEZIER_KNOTS.) CURVE() 
GEOMETRIC_REPRESENTATION_ITEM() RATIONAL_B_SPLINE_CURVE((1.,
1.001169643669,1.)) REPRESENTATION_ITEM('') );
#427 = CARTESIAN_POINT('',(0.278804721463,-7.57));
#428 = CARTESIAN_POINT('',(0.500407998038,-7.305099829551));
#429 = CARTESIAN_POINT('',(0.705300904984,-7.07));
#430 = ( GEOMETRIC_REPRESENTATION_CONTEXT(2) 
PARAMETRIC_REPRESENTATION_CONTEXT() REPRESENTATION_CONTEXT('2D SPACE',''
  ) );
#431 = PCURVE('',#432,#437);
#432 = CONICAL_SURFACE('',#433,4.24,0.605066105143);
#433 = AXIS2_PLACEMENT_3D('',#434,#435,#436);
#434 = CARTESIAN_POINT('',(0.,3.,3.330669073875E-16));
#435 = DIRECTION('',(0.,1.,1.110223024625E-16));
#436 = DIRECTION('',(1.,0.,0.));
#437 = DEFINITIONAL_REPRESENTATION('',(#438),#445);
#438 = B_SPLINE_CURVE_WITH_KNOTS('',5,(#439,#440,#441,#442,#443,#444),
  .UNSPECIFIED.,.F.,.F.,(6,6),(-1.10296059377,-1.080976959265),
  .PIECEWISE_BEZIER_KNOTS.);
#439 = CARTESIAN_POINT('',(8.494878295262,0.108442551218));
#440 = CARTESIAN_POINT('',(8.497507161632,8.645427400425E-02));
#441 = CARTESIAN_POINT('',(8.500147608946,6.461675976699E-02));
#442 = CARTESIAN_POINT('',(8.502799667377,4.292912296645E-02));
#443 = CARTESIAN_POINT('',(8.505463366032,2.139049020373E-02));
#444 = CARTESIAN_POINT('',(8.508138732873,-3.00403191228E-16));
#445 = ( GEOMETRIC_REPRESENTATION_CONTEXT(2) 
PARAMETRIC_REPRESENTATION_CONTEXT() REPRESENTATION_CONTEXT('2D SPACE',''
  ) );
#446 = ORIENTED_EDGE('',*,*,#447,.T.);
#447 = EDGE_CURVE('',#416,#308,#448,.T.);
#448 = SURFACE_CURVE('',#449,(#454,#461),.PCURVE_S1.);
#449 = HYPERBOLA('',#450,8.0625,2.58);
#450 = AXIS2_PLACEMENT_3D('',#451,#452,#453);
#451 = CARTESIAN_POINT('',(-2.58,-10.25,-1.137978600241E-15));
#452 = DIRECTION('',(1.,0.,0.));
#453 = DIRECTION('',(-0.,1.,1.110223024625E-16));
#454 = PCURVE('',#97,#455);
#455 = DEFINITIONAL_REPRESENTATION('',(#456),#460);
#456 = ( BOUNDED_CURVE() B_SPLINE_CURVE(2,(#457,#458,#459),
.UNSPECIFIED.,.F.,.F.) B_SPLINE_CURVE_WITH_KNOTS((3,3),(-1.080976959265,
-1.031927952822),.PIECEWISE_BEZIER_KNOTS.) CURVE() 
GEOMETRIC_REPRESENTATION_ITEM() RATIONAL_B_SPLINE_CURVE((1.,
1.000300740702,1.)) REPRESENTATION_ITEM('') );
#457 = CARTESIAN_POINT('',(0.705300904984,-7.07));
#458 = CARTESIAN_POINT('',(0.809263956575,-6.812184267686));
#459 = CARTESIAN_POINT('',(0.909303874144,-6.57));
#460 = ( GEOMETRIC_REPRESENTATION_CONTEXT(2) 
PARAMETRIC_REPRESENTATION_CONTEXT() REPRESENTATION_CONTEXT('2D SPACE',''
  ) );
#461 = PCURVE('',#326,#462);
#462 = DEFINITIONAL_REPRESENTATION('',(#463),#470);
#463 = B_SPLINE_CURVE_WITH_KNOTS('',5,(#464,#465,#466,#467,#468,#469),
  .UNSPECIFIED.,.F.,.F.,(6,6),(-1.080976959265,-1.031927952822),
  .PIECEWISE_BEZIER_KNOTS.);
#464 = CARTESIAN_POINT('',(2.224953425693,0.5));
#465 = CARTESIAN_POINT('',(2.230922597232,0.396853032757));
#466 = CARTESIAN_POINT('',(2.23694985386,0.295299911343));
#467 = CARTESIAN_POINT('',(2.243035506096,0.195319956503));
#468 = CARTESIAN_POINT('',(2.249179836033,9.68931279E-02));
#469 = CARTESIAN_POINT('',(2.25538309273,-2.014192715213E-15));
#470 = ( GEOMETRIC_REPRESENTATION_CONTEXT(2) 
PARAMETRIC_REPRESENTATION_CONTEXT() REPRESENTATION_CONTEXT('2D SPACE',''
  ) );
#471 = ORIENTED_EDGE('',*,*,#338,.F.);
#472 = ORIENTED_EDGE('',*,*,#82,.T.);
#473 = ORIENTED_EDGE('',*,*,#182,.F.);
#474 = ORIENTED_EDGE('',*,*,#284,.F.);
#475 = ORIENTED_EDGE('',*,*,#476,.F.);
#476 = EDGE_CURVE('',#477,#252,#479,.T.);
#477 = VERTEX_POINT('',#478);
#478 = CARTESIAN_POINT('',(-2.58,-3.160696125856,2.5));
#479 = SURFACE_CURVE('',#480,(#484,#490),.PCURVE_S1.);
#480 = LINE('',#481,#482);
#481 = CARTESIAN_POINT('',(-2.58,-2.035,2.5));
#482 = VECTOR('',#483,1.);
#483 = DIRECTION('',(0.,1.,0.));
#484 = PCURVE('',#97,#485);
#485 = DEFINITIONAL_REPRESENTATION('',(#486),#489);
#486 = B_SPLINE_CURVE_WITH_KNOTS('',1,(#487,#488),.UNSPECIFIED.,.F.,.F.,
  (2,2),(-1.855,5.143442551228),.PIECEWISE_BEZIER_KNOTS.);
#487 = CARTESIAN_POINT('',(6.57,-0.18));
#488 = CARTESIAN_POINT('',(6.57,-7.178442551228));
#489 = ( GEOMETRIC_REPRESENTATION_CONTEXT(2) 
PARAMETRIC_REPRESENTATION_CONTEXT() REPRESENTATION_CONTEXT('2D SPACE',''
  ) );
#490 = PCURVE('',#268,#491);
#491 = DEFINITIONAL_REPRESENTATION('',(#492),#495);
#492 = B_SPLINE_CURVE_WITH_KNOTS('',1,(#493,#494),.UNSPECIFIED.,.F.,.F.,
  (2,2),(-1.855,5.143442551228),.PIECEWISE_BEZIER_KNOTS.);
#493 = CARTESIAN_POINT('',(-2.58,-3.89));
#494 = CARTESIAN_POINT('',(-2.58,3.108442551228));
#495 = ( GEOMETRIC_REPRESENTATION_CONTEXT(2) 
PARAMETRIC_REPRESENTATION_CONTEXT() REPRESENTATION_CONTEXT('2D SPACE',''
  ) );
#496 = ORIENTED_EDGE('',*,*,#497,.T.);
#497 = EDGE_CURVE('',#477,#498,#500,.T.);
#498 = VERTEX_POINT('',#499);
#499 = CARTESIAN_POINT('',(-2.58,-3.36091788058,3.));
#500 = SURFACE_CURVE('',#501,(#506,#513),.PCURVE_S1.);
#501 = HYPERBOLA('',#502,8.216560509554,2.58);
#502 = AXIS2_PLACEMENT_3D('',#503,#504,#505);
#503 = CARTESIAN_POINT('',(-2.58,0.,-10.49363057324));
#504 = DIRECTION('',(1.,0.,-0.));
#505 = DIRECTION('',(0.,0.,1.));
#506 = PCURVE('',#97,#507);
#507 = DEFINITIONAL_REPRESENTATION('',(#508),#512);
#508 = ( BOUNDED_CURVE() B_SPLINE_CURVE(2,(#509,#510,#511),
.UNSPECIFIED.,.F.,.F.) B_SPLINE_CURVE_WITH_KNOTS((3,3),(1.031927952822,
1.080084847742),.PIECEWISE_BEZIER_KNOTS.) CURVE() 
GEOMETRIC_REPRESENTATION_ITEM() RATIONAL_B_SPLINE_CURVE((1.,
1.000289899822,1.)) REPRESENTATION_ITEM('') );
#509 = CARTESIAN_POINT('',(6.57,-0.909303874144));
#510 = CARTESIAN_POINT('',(6.812324685479,-0.811082789706));
#511 = CARTESIAN_POINT('',(7.07,-0.70908211942));
#512 = ( GEOMETRIC_REPRESENTATION_CONTEXT(2) 
PARAMETRIC_REPRESENTATION_CONTEXT() REPRESENTATION_CONTEXT('2D SPACE',''
  ) );
#513 = PCURVE('',#514,#519);
#514 = CONICAL_SURFACE('',#515,4.08,0.304250832238);
#515 = AXIS2_PLACEMENT_3D('',#516,#517,#518);
#516 = CARTESIAN_POINT('',(0.,0.,2.5));
#517 = DIRECTION('',(0.,0.,1.));
#518 = DIRECTION('',(1.,0.,-0.));
#519 = DEFINITIONAL_REPRESENTATION('',(#520),#527);
#520 = B_SPLINE_CURVE_WITH_KNOTS('',5,(#521,#522,#523,#524,#525,#526),
  .UNSPECIFIED.,.F.,.F.,(6,6),(1.031927952822,1.080084847742),
  .PIECEWISE_BEZIER_KNOTS.);
#521 = CARTESIAN_POINT('',(4.027802214449,-1.616933649313E-15));
#522 = CARTESIAN_POINT('',(4.033892645278,9.694860586491E-02));
#523 = CARTESIAN_POINT('',(4.039926273392,0.195403879406));
#524 = CARTESIAN_POINT('',(4.045903334506,0.295384556672));
#525 = CARTESIAN_POINT('',(4.051824095033,0.396909955917));
#526 = CARTESIAN_POINT('',(4.057688847872,0.5));
#527 = ( GEOMETRIC_REPRESENTATION_CONTEXT(2) 
PARAMETRIC_REPRESENTATION_CONTEXT() REPRESENTATION_CONTEXT('2D SPACE',''
  ) );
#528 = ORIENTED_EDGE('',*,*,#529,.T.);
#529 = EDGE_CURVE('',#498,#530,#532,.T.);
#530 = VERTEX_POINT('',#531);
#531 = CARTESIAN_POINT('',(-2.58,-3.455943202784,3.110509292705));
#532 = SURFACE_CURVE('',#533,(#538,#545),.PCURVE_S1.);
#533 = HYPERBOLA('',#534,3.763127187865,2.58);
#534 = AXIS2_PLACEMENT_3D('',#535,#536,#537);
#535 = CARTESIAN_POINT('',(-2.58,0.,-3.179988331389));
#536 = DIRECTION('',(1.,0.,-0.));
#537 = DIRECTION('',(0.,0.,1.));
#538 = PCURVE('',#97,#539);
#539 = DEFINITIONAL_REPRESENTATION('',(#540),#544);
#540 = ( BOUNDED_CURVE() B_SPLINE_CURVE(2,(#541,#542,#543),
.UNSPECIFIED.,.F.,.F.) B_SPLINE_CURVE_WITH_KNOTS((3,3),(1.080084847742,
1.176115761223),.PIECEWISE_BEZIER_KNOTS.) CURVE() 
GEOMETRIC_REPRESENTATION_ITEM() RATIONAL_B_SPLINE_CURVE((1.,
1.001152963529,1.)) REPRESENTATION_ITEM('') );
#541 = CARTESIAN_POINT('',(7.07,-0.70908211942));
#542 = CARTESIAN_POINT('',(7.305198519191,-0.505796828874));
#543 = CARTESIAN_POINT('',(7.57,-0.286064477294));
#544 = ( GEOMETRIC_REPRESENTATION_CONTEXT(2) 
PARAMETRIC_REPRESENTATION_CONTEXT() REPRESENTATION_CONTEXT('2D SPACE',''
  ) );
#545 = PCURVE('',#546,#551);
#546 = CONICAL_SURFACE('',#547,4.237,0.600996015762);
#547 = AXIS2_PLACEMENT_3D('',#548,#549,#550);
#548 = CARTESIAN_POINT('',(0.,0.,3.));
#549 = DIRECTION('',(0.,0.,1.));
#550 = DIRECTION('',(1.,0.,-0.));
#551 = DEFINITIONAL_REPRESENTATION('',(#552),#559);
#552 = B_SPLINE_CURVE_WITH_KNOTS('',5,(#553,#554,#555,#556,#557,#558),
  .UNSPECIFIED.,.F.,.F.,(6,6),(1.080084847742,1.102314519178),
  .PIECEWISE_BEZIER_KNOTS.);
#553 = CARTESIAN_POINT('',(4.057688847872,-2.226778859456E-15));
#554 = CARTESIAN_POINT('',(4.060396072432,2.179466167059E-02));
#555 = CARTESIAN_POINT('',(4.063091362693,4.374201795698E-02));
#556 = CARTESIAN_POINT('',(4.065774747472,6.584296637262E-02));
#557 = CARTESIAN_POINT('',(4.068446256782,8.809841699405E-02));
#558 = CARTESIAN_POINT('',(4.071105921756,0.110509292696));
#559 = ( GEOMETRIC_REPRESENTATION_CONTEXT(2) 
PARAMETRIC_REPRESENTATION_CONTEXT() REPRESENTATION_CONTEXT('2D SPACE',''
  ) );
#560 = ORIENTED_EDGE('',*,*,#561,.F.);
#561 = EDGE_CURVE('',#562,#530,#564,.T.);
#562 = VERTEX_POINT('',#563);
#563 = CARTESIAN_POINT('',(-2.58,-3.89,2.25));
#564 = SURFACE_CURVE('',#565,(#570,#581),.PCURVE_S1.);
#565 = CIRCLE('',#566,1.07);
#566 = AXIS2_PLACEMENT_3D('',#567,#568,#569);
#567 = CARTESIAN_POINT('',(-2.58,-2.82,2.25));
#568 = DIRECTION('',(-1.,0.,0.));
#569 = DIRECTION('',(0.,-1.,0.));
#570 = PCURVE('',#97,#571);
#571 = DEFINITIONAL_REPRESENTATION('',(#572),#580);
#572 = ( BOUNDED_CURVE() B_SPLINE_CURVE(2,(#573,#574,#575,#576,#577,#578
,#579),.UNSPECIFIED.,.T.,.F.) B_SPLINE_CURVE_WITH_KNOTS((1,2,2,2,2,1),(
    -2.094395102393,0.,2.094395102393,4.188790204786,6.28318530718,
8.377580409573),.UNSPECIFIED.) CURVE() GEOMETRIC_REPRESENTATION_ITEM() 
RATIONAL_B_SPLINE_CURVE((1.,0.5,1.,0.5,1.,0.5,1.)) REPRESENTATION_ITEM(
  '') );
#573 = CARTESIAN_POINT('',(6.32,-0.18));
#574 = CARTESIAN_POINT('',(8.173294364099,-0.18));
#575 = CARTESIAN_POINT('',(7.246647182049,-1.785));
#576 = CARTESIAN_POINT('',(6.32,-3.39));
#577 = CARTESIAN_POINT('',(5.393352817951,-1.785));
#578 = CARTESIAN_POINT('',(4.466705635901,-0.18));
#579 = CARTESIAN_POINT('',(6.32,-0.18));
#580 = ( GEOMETRIC_REPRESENTATION_CONTEXT(2) 
PARAMETRIC_REPRESENTATION_CONTEXT() REPRESENTATION_CONTEXT('2D SPACE',''
  ) );
#581 = PCURVE('',#582,#587);
#582 = TOROIDAL_SURFACE('',#583,1.07,0.18);
#583 = AXIS2_PLACEMENT_3D('',#584,#585,#586);
#584 = CARTESIAN_POINT('',(-2.4,-2.82,2.25));
#585 = DIRECTION('',(1.,0.,-0.));
#586 = DIRECTION('',(0.,-1.,0.));
#587 = DEFINITIONAL_REPRESENTATION('',(#588),#592);
#588 = LINE('',#589,#590);
#589 = CARTESIAN_POINT('',(-0.,4.712388980385));
#590 = VECTOR('',#591,1.);
#591 = DIRECTION('',(-1.,0.));
#592 = ( GEOMETRIC_REPRESENTATION_CONTEXT(2) 
PARAMETRIC_REPRESENTATION_CONTEXT() REPRESENTATION_CONTEXT('2D SPACE',''
  ) );
#593 = ORIENTED_EDGE('',*,*,#594,.F.);
#594 = EDGE_CURVE('',#595,#562,#597,.T.);
#595 = VERTEX_POINT('',#596);
#596 = CARTESIAN_POINT('',(-2.58,-3.89,-2.82));
#597 = SURFACE_CURVE('',#598,(#602,#609),.PCURVE_S1.);
#598 = LINE('',#599,#600);
#599 = CARTESIAN_POINT('',(-2.58,-3.89,-2.82));
#600 = VECTOR('',#601,1.);
#601 = DIRECTION('',(0.,0.,1.));
#602 = PCURVE('',#97,#603);
#603 = DEFINITIONAL_REPRESENTATION('',(#604),#608);
#604 = LINE('',#605,#606);
#605 = CARTESIAN_POINT('',(1.25,-0.18));
#606 = VECTOR('',#607,1.);
#607 = DIRECTION('',(1.,0.));
#608 = ( GEOMETRIC_REPRESENTATION_CONTEXT(2) 
PARAMETRIC_REPRESENTATION_CONTEXT() REPRESENTATION_CONTEXT('2D SPACE',''
  ) );
#609 = PCURVE('',#610,#615);
#610 = CYLINDRICAL_SURFACE('',#611,0.18);
#611 = AXIS2_PLACEMENT_3D('',#612,#613,#614);
#612 = CARTESIAN_POINT('',(-2.4,-3.89,-2.82));
#613 = DIRECTION('',(0.,0.,1.));
#614 = DIRECTION('',(-1.,-0.,0.));
#615 = DEFINITIONAL_REPRESENTATION('',(#616),#620);
#616 = LINE('',#617,#618);
#617 = CARTESIAN_POINT('',(0.,0.));
#618 = VECTOR('',#619,1.);
#619 = DIRECTION('',(0.,1.));
#620 = ( GEOMETRIC_REPRESENTATION_CONTEXT(2) 
PARAMETRIC_REPRESENTATION_CONTEXT() REPRESENTATION_CONTEXT('2D SPACE',''
  ) );
#621 = ORIENTED_EDGE('',*,*,#622,.F.);
#622 = EDGE_CURVE('',#623,#595,#625,.T.);
#623 = VERTEX_POINT('',#624);
#624 = CARTESIAN_POINT('',(-2.58,-2.82,-3.89));
#625 = SURFACE_CURVE('',#626,(#631,#642),.PCURVE_S1.);
#626 = CIRCLE('',#627,1.07);
#627 = AXIS2_PLACEMENT_3D('',#628,#629,#630);
#628 = CARTESIAN_POINT('',(-2.58,-2.82,-2.82));
#629 = DIRECTION('',(-1.,-0.,0.));
#630 = DIRECTION('',(-0.,0.,-1.));
#631 = PCURVE('',#97,#632);
#632 = DEFINITIONAL_REPRESENTATION('',(#633),#641);
#633 = ( BOUNDED_CURVE() B_SPLINE_CURVE(2,(#634,#635,#636,#637,#638,#639
,#640),.UNSPECIFIED.,.T.,.F.) B_SPLINE_CURVE_WITH_KNOTS((1,2,2,2,2,1),(
    -2.094395102393,0.,2.094395102393,4.188790204786,6.28318530718,
8.377580409573),.UNSPECIFIED.) CURVE() GEOMETRIC_REPRESENTATION_ITEM() 
RATIONAL_B_SPLINE_CURVE((1.,0.5,1.,0.5,1.,0.5,1.)) REPRESENTATION_ITEM(
  '') );
#634 = CARTESIAN_POINT('',(0.18,-1.25));
#635 = CARTESIAN_POINT('',(0.18,0.603294364099));
#636 = CARTESIAN_POINT('',(1.785,-0.323352817951));
#637 = CARTESIAN_POINT('',(3.39,-1.25));
#638 = CARTESIAN_POINT('',(1.785,-2.176647182049));
#639 = CARTESIAN_POINT('',(0.18,-3.103294364099));
#640 = CARTESIAN_POINT('',(0.18,-1.25));
#641 = ( GEOMETRIC_REPRESENTATION_CONTEXT(2) 
PARAMETRIC_REPRESENTATION_CONTEXT() REPRESENTATION_CONTEXT('2D SPACE',''
  ) );
#642 = PCURVE('',#643,#648);
#643 = TOROIDAL_SURFACE('',#644,1.07,0.18);
#644 = AXIS2_PLACEMENT_3D('',#645,#646,#647);
#645 = CARTESIAN_POINT('',(-2.4,-2.82,-2.82));
#646 = DIRECTION('',(1.,0.,-0.));
#647 = DIRECTION('',(-0.,0.,-1.));
#648 = DEFINITIONAL_REPRESENTATION('',(#649),#653);
#649 = LINE('',#650,#651);
#650 = CARTESIAN_POINT('',(-0.,4.712388980385));
#651 = VECTOR('',#652,1.);
#652 = DIRECTION('',(-1.,0.));
#653 = ( GEOMETRIC_REPRESENTATION_CONTEXT(2) 
PARAMETRIC_REPRESENTATION_CONTEXT() REPRESENTATION_CONTEXT('2D SPACE',''
  ) );
#654 = ORIENTED_EDGE('',*,*,#655,.F.);
#655 = EDGE_CURVE('',#383,#623,#656,.T.);
#656 = SURFACE_CURVE('',#657,(#661,#668),.PCURVE_S1.);
#657 = LINE('',#658,#659);
#658 = CARTESIAN_POINT('',(-2.58,2.25,-3.89));
#659 = VECTOR('',#660,1.);
#660 = DIRECTION('',(-0.,-1.,-0.));
#661 = PCURVE('',#97,#662);
#662 = DEFINITIONAL_REPRESENTATION('',(#663),#667);
#663 = LINE('',#664,#665);
#664 = CARTESIAN_POINT('',(0.18,-6.32));
#665 = VECTOR('',#666,1.);
#666 = DIRECTION('',(0.,1.));
#667 = ( GEOMETRIC_REPRESENTATION_CONTEXT(2) 
PARAMETRIC_REPRESENTATION_CONTEXT() REPRESENTATION_CONTEXT('2D SPACE',''
  ) );
#668 = PCURVE('',#669,#674);
#669 = CYLINDRICAL_SURFACE('',#670,0.18);
#670 = AXIS2_PLACEMENT_3D('',#671,#672,#673);
#671 = CARTESIAN_POINT('',(-2.4,2.25,-3.89));
#672 = DIRECTION('',(-0.,-1.,-0.));
#673 = DIRECTION('',(-1.,0.,0.));
#674 = DEFINITIONAL_REPRESENTATION('',(#675),#679);
#675 = LINE('',#676,#677);
#676 = CARTESIAN_POINT('',(0.,0.));
#677 = VECTOR('',#678,1.);
#678 = DIRECTION('',(0.,1.));
#679 = ( GEOMETRIC_REPRESENTATION_CONTEXT(2) 
PARAMETRIC_REPRESENTATION_CONTEXT() REPRESENTATION_CONTEXT('2D SPACE',''
  ) );
#680 = ADVANCED_FACE('',(#681),#268,.F.);
#681 = FACE_BOUND('',#682,.T.);
#682 = EDGE_LOOP('',(#683,#705,#706,#707));
#683 = ORIENTED_EDGE('',*,*,#684,.F.);
#684 = EDGE_CURVE('',#310,#477,#685,.T.);
#685 = SURFACE_CURVE('',#686,(#691,#698),.PCURVE_S1.);
#686 = CIRCLE('',#687,4.08);
#687 = AXIS2_PLACEMENT_3D('',#688,#689,#690);
#688 = CARTESIAN_POINT('',(0.,0.,2.5));
#689 = DIRECTION('',(0.,0.,1.));
#690 = DIRECTION('',(1.,0.,-0.));
#691 = PCURVE('',#268,#692);
#692 = DEFINITIONAL_REPRESENTATION('',(#693),#697);
#693 = CIRCLE('',#694,4.08);
#694 = AXIS2_PLACEMENT_2D('',#695,#696);
#695 = CARTESIAN_POINT('',(0.,0.));
#696 = DIRECTION('',(1.,-0.));
#697 = ( GEOMETRIC_REPRESENTATION_CONTEXT(2) 
PARAMETRIC_REPRESENTATION_CONTEXT() REPRESENTATION_CONTEXT('2D SPACE',''
  ) );
#698 = PCURVE('',#514,#699);
#699 = DEFINITIONAL_REPRESENTATION('',(#700),#704);
#700 = LINE('',#701,#702);
#701 = CARTESIAN_POINT('',(0.,0.));
#702 = VECTOR('',#703,1.);
#703 = DIRECTION('',(1.,0.));
#704 = ( GEOMETRIC_REPRESENTATION_CONTEXT(2) 
PARAMETRIC_REPRESENTATION_CONTEXT() REPRESENTATION_CONTEXT('2D SPACE',''
  ) );
#705 = ORIENTED_EDGE('',*,*,#358,.T.);
#706 = ORIENTED_EDGE('',*,*,#251,.F.);
#707 = ORIENTED_EDGE('',*,*,#476,.F.);
#708 = ADVANCED_FACE('',(#709),#326,.T.);
#709 = FACE_BOUND('',#710,.T.);
#710 = EDGE_LOOP('',(#711,#734,#735,#736,#768));
#711 = ORIENTED_EDGE('',*,*,#712,.F.);
#712 = EDGE_CURVE('',#416,#713,#715,.T.);
#713 = VERTEX_POINT('',#714);
#714 = CARTESIAN_POINT('',(-2.994107298055,3.,3.002152808858));
#715 = SURFACE_CURVE('',#716,(#721,#728),.PCURVE_S1.);
#716 = CIRCLE('',#717,4.24);
#717 = AXIS2_PLACEMENT_3D('',#718,#719,#720);
#718 = CARTESIAN_POINT('',(0.,3.,3.330669073875E-16));
#719 = DIRECTION('',(-0.,1.,1.110223024625E-16));
#720 = DIRECTION('',(1.,0.,0.));
#721 = PCURVE('',#326,#722);
#722 = DEFINITIONAL_REPRESENTATION('',(#723),#727);
#723 = LINE('',#724,#725);
#724 = CARTESIAN_POINT('',(0.,0.5));
#725 = VECTOR('',#726,1.);
#726 = DIRECTION('',(1.,0.));
#727 = ( GEOMETRIC_REPRESENTATION_CONTEXT(2) 
PARAMETRIC_REPRESENTATION_CONTEXT() REPRESENTATION_CONTEXT('2D SPACE',''
  ) );
#728 = PCURVE('',#432,#729);
#729 = DEFINITIONAL_REPRESENTATION('',(#730),#733);
#730 = B_SPLINE_CURVE_WITH_KNOTS('',1,(#731,#732),.UNSPECIFIED.,.F.,.F.,
  (2,2),(2.224953425693,3.928332570986),.PIECEWISE_BEZIER_KNOTS.);
#731 = CARTESIAN_POINT('',(8.508138732873,0.));
#732 = CARTESIAN_POINT('',(10.211517878165,0.));
#733 = ( GEOMETRIC_REPRESENTATION_CONTEXT(2) 
PARAMETRIC_REPRESENTATION_CONTEXT() REPRESENTATION_CONTEXT('2D SPACE',''
  ) );
#734 = ORIENTED_EDGE('',*,*,#447,.T.);
#735 = ORIENTED_EDGE('',*,*,#307,.T.);
#736 = ORIENTED_EDGE('',*,*,#737,.T.);
#737 = EDGE_CURVE('',#310,#738,#740,.T.);
#738 = VERTEX_POINT('',#739);
#739 = CARTESIAN_POINT('',(-2.994942101814,2.997080380434,3.));
#740 = SURFACE_CURVE('',#741,(#748,#758),.PCURVE_S1.);
#741 = B_SPLINE_CURVE_WITH_KNOTS('',5,(#742,#743,#744,#745,#746,#747),
  .UNSPECIFIED.,.F.,.F.,(6,6),(0.,1.),.PIECEWISE_BEZIER_KNOTS.);
#742 = CARTESIAN_POINT('',(-3.224344894703,2.5,2.5));
#743 = CARTESIAN_POINT('',(-3.186705616865,2.600250659909,2.600899709967
    ));
#744 = CARTESIAN_POINT('',(-3.145123101539,2.700163716764,2.701424856382
    ));
#745 = CARTESIAN_POINT('',(-3.099441567325,2.799669241619,2.801510606259
    ));
#746 = CARTESIAN_POINT('',(-3.049468035623,2.89867875886,2.901072028028)
  );
#747 = CARTESIAN_POINT('',(-2.994942101814,2.997080380434,3.));
#748 = PCURVE('',#326,#749);
#749 = DEFINITIONAL_REPRESENTATION('',(#750),#757);
#750 = B_SPLINE_CURVE_WITH_KNOTS('',5,(#751,#752,#753,#754,#755,#756),
  .UNSPECIFIED.,.F.,.F.,(6,6),(0.,1.),.PIECEWISE_BEZIER_KNOTS.);
#751 = CARTESIAN_POINT('',(3.801122160246,0.));
#752 = CARTESIAN_POINT('',(3.826318818941,0.100250659909));
#753 = CARTESIAN_POINT('',(3.851539835563,0.200163716764));
#754 = CARTESIAN_POINT('',(3.876831786732,0.299669241619));
#755 = CARTESIAN_POINT('',(3.902243549153,0.39867875886));
#756 = CARTESIAN_POINT('',(3.927834511038,0.497080380434));
#757 = ( GEOMETRIC_REPRESENTATION_CONTEXT(2) 
PARAMETRIC_REPRESENTATION_CONTEXT() REPRESENTATION_CONTEXT('2D SPACE',''
  ) );
#758 = PCURVE('',#514,#759);
#759 = DEFINITIONAL_REPRESENTATION('',(#760),#767);
#760 = B_SPLINE_CURVE_WITH_KNOTS('',5,(#761,#762,#763,#764,#765,#766),
  .UNSPECIFIED.,.F.,.F.,(6,6),(0.,1.),.PIECEWISE_BEZIER_KNOTS.);
#761 = CARTESIAN_POINT('',(2.482063146934,-3.280758374455E-15));
#762 = CARTESIAN_POINT('',(2.456992206787,0.100899709967));
#763 = CARTESIAN_POINT('',(2.431881169225,0.201424856382));
#764 = CARTESIAN_POINT('',(2.406685259933,0.301510606259));
#765 = CARTESIAN_POINT('',(2.381356879119,0.401072028028));
#766 = CARTESIAN_POINT('',(2.355837635969,0.5));
#767 = ( GEOMETRIC_REPRESENTATION_CONTEXT(2) 
PARAMETRIC_REPRESENTATION_CONTEXT() REPRESENTATION_CONTEXT('2D SPACE',''
  ) );
#768 = ORIENTED_EDGE('',*,*,#769,.T.);
#769 = EDGE_CURVE('',#738,#713,#770,.T.);
#770 = SURFACE_CURVE('',#771,(#777,#786),.PCURVE_S1.);
#771 = B_SPLINE_CURVE_WITH_KNOTS('',4,(#772,#773,#774,#775,#776),
  .UNSPECIFIED.,.F.,.F.,(5,5),(0.,1.),.PIECEWISE_BEZIER_KNOTS.);
#772 = CARTESIAN_POINT('',(-2.994942101814,2.997080380434,3.));
#773 = CARTESIAN_POINT('',(-2.994733605096,2.997810413689,3.000538242155
    ));
#774 = CARTESIAN_POINT('',(-2.994524972224,2.998540361371,3.001076457717
    ));
#775 = CARTESIAN_POINT('',(-2.994316203207,2.999270223476,3.001614646635
    ));
#776 = CARTESIAN_POINT('',(-2.994107298055,3.,3.002152808858));
#777 = PCURVE('',#326,#778);
#778 = DEFINITIONAL_REPRESENTATION('',(#779),#785);
#779 = B_SPLINE_CURVE_WITH_KNOTS('',4,(#780,#781,#782,#783,#784),
  .UNSPECIFIED.,.F.,.F.,(5,5),(0.,1.),.PIECEWISE_BEZIER_KNOTS.);
#780 = CARTESIAN_POINT('',(3.927834511038,0.497080380434));
#781 = CARTESIAN_POINT('',(3.927959026025,0.497810413689));
#782 = CARTESIAN_POINT('',(3.928083541012,0.498540361371));
#783 = CARTESIAN_POINT('',(3.928208055999,0.499270223476));
#784 = CARTESIAN_POINT('',(3.928332570986,0.5));
#785 = ( GEOMETRIC_REPRESENTATION_CONTEXT(2) 
PARAMETRIC_REPRESENTATION_CONTEXT() REPRESENTATION_CONTEXT('2D SPACE',''
  ) );
#786 = PCURVE('',#546,#787);
#787 = DEFINITIONAL_REPRESENTATION('',(#788),#794);
#788 = B_SPLINE_CURVE_WITH_KNOTS('',4,(#789,#790,#791,#792,#793),
  .UNSPECIFIED.,.F.,.F.,(5,5),(0.,1.),.PIECEWISE_BEZIER_KNOTS.);
#789 = CARTESIAN_POINT('',(2.355837635969,3.089552956293E-15));
#790 = CARTESIAN_POINT('',(2.355681037134,5.382421547169E-04));
#791 = CARTESIAN_POINT('',(2.355524466214,1.076457716747E-03));
#792 = CARTESIAN_POINT('',(2.355367923184,1.614646634907E-03));
#793 = CARTESIAN_POINT('',(2.355211408016,2.152808857986E-03));
#794 = ( GEOMETRIC_REPRESENTATION_CONTEXT(2) 
PARAMETRIC_REPRESENTATION_CONTEXT() REPRESENTATION_CONTEXT('2D SPACE',''
  ) );
#795 = ADVANCED_FACE('',(#796),#403,.T.);
#796 = FACE_BOUND('',#797,.F.);
#797 = EDGE_LOOP('',(#798,#878,#879,#903));
#798 = ORIENTED_EDGE('',*,*,#799,.F.);
#799 = EDGE_CURVE('',#381,#800,#802,.T.);
#800 = VERTEX_POINT('',#801);
#801 = CARTESIAN_POINT('',(-2.4,3.185055980493,-3.649560313265));
#802 = SURFACE_CURVE('',#803,(#826,#852),.PCURVE_S1.);
#803 = B_SPLINE_CURVE_WITH_KNOTS('',6,(#804,#805,#806,#807,#808,#809,
    #810,#811,#812,#813,#814,#815,#816,#817,#818,#819,#820,#821,#822,
    #823,#824,#825),.UNSPECIFIED.,.F.,.F.,(7,5,5,5,7),(0.,0.138508283044
    ,0.212670476289,0.691254303254,1.),.UNSPECIFIED.);
#804 = CARTESIAN_POINT('',(-2.58,3.108442551228,-3.458730292253));
#805 = CARTESIAN_POINT('',(-2.58,3.113374404952,-3.462985582229));
#806 = CARTESIAN_POINT('',(-2.579718602797,3.118213820234,
    -3.467368780622));
#807 = CARTESIAN_POINT('',(-2.579155410742,3.122949301968,-3.47186924895
    ));
#808 = CARTESIAN_POINT('',(-2.578311121502,3.127569717814,
    -3.476475732271));
#809 = CARTESIAN_POINT('',(-2.577187528055,3.132064298196,
    -3.481176359185));
#810 = CARTESIAN_POINT('',(-2.575037904578,3.1387562434,-3.488519243709)
  );
#811 = CARTESIAN_POINT('',(-2.574209044915,3.141050803986,
    -3.491103255115));
#812 = CARTESIAN_POINT('',(-2.573301383715,3.143304717588,
    -3.493708779487));
#813 = CARTESIAN_POINT('',(-2.572315455184,3.145516430611,
    -3.496333879135));
#814 = CARTESIAN_POINT('',(-2.571251883731,3.147684436334,
    -3.498976575239));
#815 = CARTESIAN_POINT('',(-2.562751505321,3.163506387145,
    -3.518789225614));
#816 = CARTESIAN_POINT('',(-2.552187420143,3.175325509632,
    -3.536593864997));
#817 = CARTESIAN_POINT('',(-2.538611392153,3.184868472192,
    -3.554507714841));
#818 = CARTESIAN_POINT('',(-2.522372564883,3.191821455505,
    -3.571942666916));
#819 = CARTESIAN_POINT('',(-2.50396633099,3.195995600807,-3.588344511533
    ));
#820 = CARTESIAN_POINT('',(-2.471082516131,3.198216368018,
    -3.612879093006));
#821 = CARTESIAN_POINT('',(-2.457527953698,3.197911901215,-3.6218814092)
  );
#822 = CARTESIAN_POINT('',(-2.443470496532,3.196419483331,
    -3.630142458546));
#823 = CARTESIAN_POINT('',(-2.429080041189,3.193751630638,-3.63755902751
    ));
#824 = CARTESIAN_POINT('',(-2.414532094521,3.189944432241,
    -3.644050194267));
#825 = CARTESIAN_POINT('',(-2.4,3.185055980493,-3.649560313265));
#826 = PCURVE('',#403,#827);
#827 = DEFINITIONAL_REPRESENTATION('',(#828),#851);
#828 = B_SPLINE_CURVE_WITH_KNOTS('',6,(#829,#830,#831,#832,#833,#834,
    #835,#836,#837,#838,#839,#840,#841,#842,#843,#844,#845,#846,#847,
    #848,#849,#850),.UNSPECIFIED.,.F.,.F.,(7,5,5,5,7),(0.,0.138508283044
    ,0.212670476289,0.691254303254,1.),.UNSPECIFIED.);
#829 = CARTESIAN_POINT('',(-0.639686803344,4.712388980385));
#830 = CARTESIAN_POINT('',(-0.640125966251,4.748482935232));
#831 = CARTESIAN_POINT('',(-0.640706227269,4.78459027496));
#832 = CARTESIAN_POINT('',(-0.64142209659,4.820711328506));
#833 = CARTESIAN_POINT('',(-0.642267846313,4.856846325765));
#834 = CARTESIAN_POINT('',(-0.643237510436,4.892995397585));
#835 = CARTESIAN_POINT('',(-0.64490710327,4.948521609878));
#836 = CARTESIAN_POINT('',(-0.645523067197,4.967888686028));
#837 = CARTESIAN_POINT('',(-0.646171847988,4.98725980759));
#838 = CARTESIAN_POINT('',(-0.646852505301,5.006634965001));
#839 = CARTESIAN_POINT('',(-0.647564087106,5.026014135762));
#840 = CARTESIAN_POINT('',(-0.653090955881,5.170480714007));
#841 = CARTESIAN_POINT('',(-0.659124710274,5.295739749363));
#842 = CARTESIAN_POINT('',(-0.666150888808,5.421146703113));
#843 = CARTESIAN_POINT('',(-0.673916794339,5.546671337225));
#844 = CARTESIAN_POINT('',(-0.682214828307,5.672258234071));
#845 = CARTESIAN_POINT('',(-0.696446402545,5.878802185129));
#846 = CARTESIAN_POINT('',(-0.70217442163,5.959786357538));
#847 = CARTESIAN_POINT('',(-0.70800166716,6.040735430711));
#848 = CARTESIAN_POINT('',(-0.713886634733,6.121629487308));
#849 = CARTESIAN_POINT('',(-0.719792500211,6.202451448729));
#850 = CARTESIAN_POINT('',(-0.725685322794,6.28318530718));
#851 = ( GEOMETRIC_REPRESENTATION_CONTEXT(2) 
PARAMETRIC_REPRESENTATION_CONTEXT() REPRESENTATION_CONTEXT('2D SPACE',''
  ) );
#852 = PCURVE('',#432,#853);
#853 = DEFINITIONAL_REPRESENTATION('',(#854),#877);
#854 = B_SPLINE_CURVE_WITH_KNOTS('',6,(#855,#856,#857,#858,#859,#860,
    #861,#862,#863,#864,#865,#866,#867,#868,#869,#870,#871,#872,#873,
    #874,#875,#876),.UNSPECIFIED.,.F.,.F.,(7,5,5,5,7),(0.,0.138508283044
    ,0.212670476289,0.691254303254,1.),.UNSPECIFIED.);
#855 = CARTESIAN_POINT('',(8.494878295258,0.108442551228));
#856 = CARTESIAN_POINT('',(8.494288654503,0.113374404952));
#857 = CARTESIAN_POINT('',(8.493630134515,0.118213819148));
#858 = CARTESIAN_POINT('',(8.492904344908,0.122949300118));
#859 = CARTESIAN_POINT('',(8.492113142584,0.127569716063));
#860 = CARTESIAN_POINT('',(8.491258631741,0.132064297086));
#861 = CARTESIAN_POINT('',(8.489852990257,0.138756242291));
#862 = CARTESIAN_POINT('',(8.489345340572,0.14105079716));
#863 = CARTESIAN_POINT('',(8.488820572647,0.143304706736));
#864 = CARTESIAN_POINT('',(8.488279062768,0.145516420282));
#865 = CARTESIAN_POINT('',(8.487721205677,0.147684429386));
#866 = CARTESIAN_POINT('',(8.48344462301,0.163506380197));
#867 = CARTESIAN_POINT('',(8.479077937733,0.175325500748));
#868 = CARTESIAN_POINT('',(8.474158228778,0.18486847074));
#869 = CARTESIAN_POINT('',(8.468824757475,0.191821448602));
#870 = CARTESIAN_POINT('',(8.463232068784,0.195995598177));
#871 = CARTESIAN_POINT('',(8.453864007645,0.198216365388));
#872 = CARTESIAN_POINT('',(8.450147798049,0.197911900154));
#873 = CARTESIAN_POINT('',(8.446431184539,0.196419482312));
#874 = CARTESIAN_POINT('',(8.442756167147,0.193751629464));
#875 = CARTESIAN_POINT('',(8.439163298027,0.189944432241));
#876 = CARTESIAN_POINT('',(8.435690420401,0.185055980493));
#877 = ( GEOMETRIC_REPRESENTATION_CONTEXT(2) 
PARAMETRIC_REPRESENTATION_CONTEXT() REPRESENTATION_CONTEXT('2D SPACE',''
  ) );
#878 = ORIENTED_EDGE('',*,*,#380,.T.);
#879 = ORIENTED_EDGE('',*,*,#880,.T.);
#880 = EDGE_CURVE('',#383,#881,#883,.T.);
#881 = VERTEX_POINT('',#882);
#882 = CARTESIAN_POINT('',(-2.4,2.25,-4.07));
#883 = SURFACE_CURVE('',#884,(#889,#896),.PCURVE_S1.);
#884 = CIRCLE('',#885,0.18);
#885 = AXIS2_PLACEMENT_3D('',#886,#887,#888);
#886 = CARTESIAN_POINT('',(-2.4,2.25,-3.89));
#887 = DIRECTION('',(0.,-1.,-6.123233995737E-17));
#888 = DIRECTION('',(0.,6.123233995737E-17,-1.));
#889 = PCURVE('',#403,#890);
#890 = DEFINITIONAL_REPRESENTATION('',(#891),#895);
#891 = LINE('',#892,#893);
#892 = CARTESIAN_POINT('',(-1.570796326795,0.));
#893 = VECTOR('',#894,1.);
#894 = DIRECTION('',(-0.,1.));
#895 = ( GEOMETRIC_REPRESENTATION_CONTEXT(2) 
PARAMETRIC_REPRESENTATION_CONTEXT() REPRESENTATION_CONTEXT('2D SPACE',''
  ) );
#896 = PCURVE('',#669,#897);
#897 = DEFINITIONAL_REPRESENTATION('',(#898),#902);
#898 = LINE('',#899,#900);
#899 = CARTESIAN_POINT('',(-4.712388980385,0.));
#900 = VECTOR('',#901,1.);
#901 = DIRECTION('',(1.,0.));
#902 = ( GEOMETRIC_REPRESENTATION_CONTEXT(2) 
PARAMETRIC_REPRESENTATION_CONTEXT() REPRESENTATION_CONTEXT('2D SPACE',''
  ) );
#903 = ORIENTED_EDGE('',*,*,#904,.F.);
#904 = EDGE_CURVE('',#800,#881,#905,.T.);
#905 = SURFACE_CURVE('',#906,(#911,#918),.PCURVE_S1.);
#906 = CIRCLE('',#907,1.25);
#907 = AXIS2_PLACEMENT_3D('',#908,#909,#910);
#908 = CARTESIAN_POINT('',(-2.4,2.25,-2.82));
#909 = DIRECTION('',(-1.,0.,0.));
#910 = DIRECTION('',(0.,1.,0.));
#911 = PCURVE('',#403,#912);
#912 = DEFINITIONAL_REPRESENTATION('',(#913),#917);
#913 = LINE('',#914,#915);
#914 = CARTESIAN_POINT('',(-0.,6.28318530718));
#915 = VECTOR('',#916,1.);
#916 = DIRECTION('',(-1.,0.));
#917 = ( GEOMETRIC_REPRESENTATION_CONTEXT(2) 
PARAMETRIC_REPRESENTATION_CONTEXT() REPRESENTATION_CONTEXT('2D SPACE',''
  ) );
#918 = PCURVE('',#919,#924);
#919 = CYLINDRICAL_SURFACE('',#920,1.25);
#920 = AXIS2_PLACEMENT_3D('',#921,#922,#923);
#921 = CARTESIAN_POINT('',(-2.58,2.25,-2.82));
#922 = DIRECTION('',(1.,0.,0.));
#923 = DIRECTION('',(-0.,1.,0.));
#924 = DEFINITIONAL_REPRESENTATION('',(#925),#929);
#925 = LINE('',#926,#927);
#926 = CARTESIAN_POINT('',(-0.,0.18));
#927 = VECTOR('',#928,1.);
#928 = DIRECTION('',(-1.,0.));
#929 = ( GEOMETRIC_REPRESENTATION_CONTEXT(2) 
PARAMETRIC_REPRESENTATION_CONTEXT() REPRESENTATION_CONTEXT('2D SPACE',''
  ) );
#930 = ADVANCED_FACE('',(#931),#669,.T.);
#931 = FACE_BOUND('',#932,.T.);
#932 = EDGE_LOOP('',(#933,#934,#962,#984));
#933 = ORIENTED_EDGE('',*,*,#880,.T.);
#934 = ORIENTED_EDGE('',*,*,#935,.T.);
#935 = EDGE_CURVE('',#881,#936,#938,.T.);
#936 = VERTEX_POINT('',#937);
#937 = CARTESIAN_POINT('',(-2.4,-2.82,-4.07));
#938 = SURFACE_CURVE('',#939,(#943,#950),.PCURVE_S1.);
#939 = LINE('',#940,#941);
#940 = CARTESIAN_POINT('',(-2.4,2.25,-4.07));
#941 = VECTOR('',#942,1.);
#942 = DIRECTION('',(-0.,-1.,-0.));
#943 = PCURVE('',#669,#944);
#944 = DEFINITIONAL_REPRESENTATION('',(#945),#949);
#945 = LINE('',#946,#947);
#946 = CARTESIAN_POINT('',(1.570796326795,0.));
#947 = VECTOR('',#948,1.);
#948 = DIRECTION('',(0.,1.));
#949 = ( GEOMETRIC_REPRESENTATION_CONTEXT(2) 
PARAMETRIC_REPRESENTATION_CONTEXT() REPRESENTATION_CONTEXT('2D SPACE',''
  ) );
#950 = PCURVE('',#951,#956);
#951 = PLANE('',#952);
#952 = AXIS2_PLACEMENT_3D('',#953,#954,#955);
#953 = CARTESIAN_POINT('',(-2.58,-4.07,-4.07));
#954 = DIRECTION('',(0.,0.,1.));
#955 = DIRECTION('',(1.,0.,0.));
#956 = DEFINITIONAL_REPRESENTATION('',(#957),#961);
#957 = LINE('',#958,#959);
#958 = CARTESIAN_POINT('',(0.18,6.32));
#959 = VECTOR('',#960,1.);
#960 = DIRECTION('',(0.,-1.));
#961 = ( GEOMETRIC_REPRESENTATION_CONTEXT(2) 
PARAMETRIC_REPRESENTATION_CONTEXT() REPRESENTATION_CONTEXT('2D SPACE',''
  ) );
#962 = ORIENTED_EDGE('',*,*,#963,.F.);
#963 = EDGE_CURVE('',#623,#936,#964,.T.);
#964 = SURFACE_CURVE('',#965,(#970,#977),.PCURVE_S1.);
#965 = CIRCLE('',#966,0.18);
#966 = AXIS2_PLACEMENT_3D('',#967,#968,#969);
#967 = CARTESIAN_POINT('',(-2.4,-2.82,-3.89));
#968 = DIRECTION('',(-0.,-1.,-0.));
#969 = DIRECTION('',(-1.,0.,0.));
#970 = PCURVE('',#669,#971);
#971 = DEFINITIONAL_REPRESENTATION('',(#972),#976);
#972 = LINE('',#973,#974);
#973 = CARTESIAN_POINT('',(0.,5.07));
#974 = VECTOR('',#975,1.);
#975 = DIRECTION('',(1.,0.));
#976 = ( GEOMETRIC_REPRESENTATION_CONTEXT(2) 
PARAMETRIC_REPRESENTATION_CONTEXT() REPRESENTATION_CONTEXT('2D SPACE',''
  ) );
#977 = PCURVE('',#643,#978);
#978 = DEFINITIONAL_REPRESENTATION('',(#979),#983);
#979 = LINE('',#980,#981);
#980 = CARTESIAN_POINT('',(-0.,4.712388980385));
#981 = VECTOR('',#982,1.);
#982 = DIRECTION('',(-0.,1.));
#983 = ( GEOMETRIC_REPRESENTATION_CONTEXT(2) 
PARAMETRIC_REPRESENTATION_CONTEXT() REPRESENTATION_CONTEXT('2D SPACE',''
  ) );
#984 = ORIENTED_EDGE('',*,*,#655,.F.);
#985 = ADVANCED_FACE('',(#986),#643,.T.);
#986 = FACE_BOUND('',#987,.F.);
#987 = EDGE_LOOP('',(#988,#989,#990,#1014));
#988 = ORIENTED_EDGE('',*,*,#963,.F.);
#989 = ORIENTED_EDGE('',*,*,#622,.T.);
#990 = ORIENTED_EDGE('',*,*,#991,.T.);
#991 = EDGE_CURVE('',#595,#992,#994,.T.);
#992 = VERTEX_POINT('',#993);
#993 = CARTESIAN_POINT('',(-2.4,-4.07,-2.82));
#994 = SURFACE_CURVE('',#995,(#1000,#1007),.PCURVE_S1.);
#995 = CIRCLE('',#996,0.18);
#996 = AXIS2_PLACEMENT_3D('',#997,#998,#999);
#997 = CARTESIAN_POINT('',(-2.4,-3.89,-2.82));
#998 = DIRECTION('',(0.,-6.123233995737E-17,1.));
#999 = DIRECTION('',(-0.,-1.,-6.123233995737E-17));
#1000 = PCURVE('',#643,#1001);
#1001 = DEFINITIONAL_REPRESENTATION('',(#1002),#1006);
#1002 = LINE('',#1003,#1004);
#1003 = CARTESIAN_POINT('',(-1.570796326795,0.));
#1004 = VECTOR('',#1005,1.);
#1005 = DIRECTION('',(-0.,1.));
#1006 = ( GEOMETRIC_REPRESENTATION_CONTEXT(2) 
PARAMETRIC_REPRESENTATION_CONTEXT() REPRESENTATION_CONTEXT('2D SPACE',''
  ) );
#1007 = PCURVE('',#610,#1008);
#1008 = DEFINITIONAL_REPRESENTATION('',(#1009),#1013);
#1009 = LINE('',#1010,#1011);
#1010 = CARTESIAN_POINT('',(-4.712388980385,0.));
#1011 = VECTOR('',#1012,1.);
#1012 = DIRECTION('',(1.,0.));
#1013 = ( GEOMETRIC_REPRESENTATION_CONTEXT(2) 
PARAMETRIC_REPRESENTATION_CONTEXT() REPRESENTATION_CONTEXT('2D SPACE',''
  ) );
#1014 = ORIENTED_EDGE('',*,*,#1015,.F.);
#1015 = EDGE_CURVE('',#936,#992,#1016,.T.);
#1016 = SURFACE_CURVE('',#1017,(#1022,#1029),.PCURVE_S1.);
#1017 = CIRCLE('',#1018,1.25);
#1018 = AXIS2_PLACEMENT_3D('',#1019,#1020,#1021);
#1019 = CARTESIAN_POINT('',(-2.4,-2.82,-2.82));
#1020 = DIRECTION('',(-1.,-0.,0.));
#1021 = DIRECTION('',(-0.,0.,-1.));
#1022 = PCURVE('',#643,#1023);
#1023 = DEFINITIONAL_REPRESENTATION('',(#1024),#1028);
#1024 = LINE('',#1025,#1026);
#1025 = CARTESIAN_POINT('',(-0.,6.28318530718));
#1026 = VECTOR('',#1027,1.);
#1027 = DIRECTION('',(-1.,0.));
#1028 = ( GEOMETRIC_REPRESENTATION_CONTEXT(2) 
PARAMETRIC_REPRESENTATION_CONTEXT() REPRESENTATION_CONTEXT('2D SPACE',''
  ) );
#1029 = PCURVE('',#1030,#1035);
#1030 = CYLINDRICAL_SURFACE('',#1031,1.25);
#1031 = AXIS2_PLACEMENT_3D('',#1032,#1033,#1034);
#1032 = CARTESIAN_POINT('',(-2.58,-2.82,-2.82));
#1033 = DIRECTION('',(1.,0.,0.));
#1034 = DIRECTION('',(0.,-1.,0.));
#1035 = DEFINITIONAL_REPRESENTATION('',(#1036),#1040);
#1036 = LINE('',#1037,#1038);
#1037 = CARTESIAN_POINT('',(1.570796326795,0.18));
#1038 = VECTOR('',#1039,1.);
#1039 = DIRECTION('',(-1.,-0.));
#1040 = ( GEOMETRIC_REPRESENTATION_CONTEXT(2) 
PARAMETRIC_REPRESENTATION_CONTEXT() REPRESENTATION_CONTEXT('2D SPACE',''
  ) );
#1041 = ADVANCED_FACE('',(#1042),#610,.T.);
#1042 = FACE_BOUND('',#1043,.T.);
#1043 = EDGE_LOOP('',(#1044,#1045,#1073,#1095));
#1044 = ORIENTED_EDGE('',*,*,#991,.T.);
#1045 = ORIENTED_EDGE('',*,*,#1046,.T.);
#1046 = EDGE_CURVE('',#992,#1047,#1049,.T.);
#1047 = VERTEX_POINT('',#1048);
#1048 = CARTESIAN_POINT('',(-2.4,-4.07,2.25));
#1049 = SURFACE_CURVE('',#1050,(#1054,#1061),.PCURVE_S1.);
#1050 = LINE('',#1051,#1052);
#1051 = CARTESIAN_POINT('',(-2.4,-4.07,-2.82));
#1052 = VECTOR('',#1053,1.);
#1053 = DIRECTION('',(0.,0.,1.));
#1054 = PCURVE('',#610,#1055);
#1055 = DEFINITIONAL_REPRESENTATION('',(#1056),#1060);
#1056 = LINE('',#1057,#1058);
#1057 = CARTESIAN_POINT('',(1.570796326795,0.));
#1058 = VECTOR('',#1059,1.);
#1059 = DIRECTION('',(0.,1.));
#1060 = ( GEOMETRIC_REPRESENTATION_CONTEXT(2) 
PARAMETRIC_REPRESENTATION_CONTEXT() REPRESENTATION_CONTEXT('2D SPACE',''
  ) );
#1061 = PCURVE('',#1062,#1067);
#1062 = PLANE('',#1063);
#1063 = AXIS2_PLACEMENT_3D('',#1064,#1065,#1066);
#1064 = CARTESIAN_POINT('',(-2.58,-4.07,-4.07));
#1065 = DIRECTION('',(0.,1.,0.));
#1066 = DIRECTION('',(0.,0.,1.));
#1067 = DEFINITIONAL_REPRESENTATION('',(#1068),#1072);
#1068 = LINE('',#1069,#1070);
#1069 = CARTESIAN_POINT('',(1.25,0.18));
#1070 = VECTOR('',#1071,1.);
#1071 = DIRECTION('',(1.,0.));
#1072 = ( GEOMETRIC_REPRESENTATION_CONTEXT(2) 
PARAMETRIC_REPRESENTATION_CONTEXT() REPRESENTATION_CONTEXT('2D SPACE',''
  ) );
#1073 = ORIENTED_EDGE('',*,*,#1074,.F.);
#1074 = EDGE_CURVE('',#562,#1047,#1075,.T.);
#1075 = SURFACE_CURVE('',#1076,(#1081,#1088),.PCURVE_S1.);
#1076 = CIRCLE('',#1077,0.18);
#1077 = AXIS2_PLACEMENT_3D('',#1078,#1079,#1080);
#1078 = CARTESIAN_POINT('',(-2.4,-3.89,2.25));
#1079 = DIRECTION('',(0.,0.,1.));
#1080 = DIRECTION('',(-1.,-0.,0.));
#1081 = PCURVE('',#610,#1082);
#1082 = DEFINITIONAL_REPRESENTATION('',(#1083),#1087);
#1083 = LINE('',#1084,#1085);
#1084 = CARTESIAN_POINT('',(0.,5.07));
#1085 = VECTOR('',#1086,1.);
#1086 = DIRECTION('',(1.,0.));
#1087 = ( GEOMETRIC_REPRESENTATION_CONTEXT(2) 
PARAMETRIC_REPRESENTATION_CONTEXT() REPRESENTATION_CONTEXT('2D SPACE',''
  ) );
#1088 = PCURVE('',#582,#1089);
#1089 = DEFINITIONAL_REPRESENTATION('',(#1090),#1094);
#1090 = LINE('',#1091,#1092);
#1091 = CARTESIAN_POINT('',(-0.,4.712388980385));
#1092 = VECTOR('',#1093,1.);
#1093 = DIRECTION('',(-0.,1.));
#1094 = ( GEOMETRIC_REPRESENTATION_CONTEXT(2) 
PARAMETRIC_REPRESENTATION_CONTEXT() REPRESENTATION_CONTEXT('2D SPACE',''
  ) );
#1095 = ORIENTED_EDGE('',*,*,#594,.F.);
#1096 = ADVANCED_FACE('',(#1097),#582,.T.);
#1097 = FACE_BOUND('',#1098,.F.);
#1098 = EDGE_LOOP('',(#1099,#1100,#1101,#1181));
#1099 = ORIENTED_EDGE('',*,*,#1074,.F.);
#1100 = ORIENTED_EDGE('',*,*,#561,.T.);
#1101 = ORIENTED_EDGE('',*,*,#1102,.T.);
#1102 = EDGE_CURVE('',#530,#1103,#1105,.T.);
#1103 = VERTEX_POINT('',#1104);
#1104 = CARTESIAN_POINT('',(-2.4,-3.646709501321,3.187577410365));
#1105 = SURFACE_CURVE('',#1106,(#1129,#1155),.PCURVE_S1.);
#1106 = B_SPLINE_CURVE_WITH_KNOTS('',6,(#1107,#1108,#1109,#1110,#1111,
    #1112,#1113,#1114,#1115,#1116,#1117,#1118,#1119,#1120,#1121,#1122,
    #1123,#1124,#1125,#1126,#1127,#1128),.UNSPECIFIED.,.F.,.F.,(7,5,5,5,
    7),(0.,0.142516352265,0.216673295746,0.691250557142,1.),
  .UNSPECIFIED.);
#1107 = CARTESIAN_POINT('',(-2.58,-3.455943202784,3.110509292705));
#1108 = CARTESIAN_POINT('',(-2.58,-3.460300258933,3.11560181727));
#1109 = CARTESIAN_POINT('',(-2.579702069339,-3.464793653148,
    3.12059647997));
#1110 = CARTESIAN_POINT('',(-2.579105774963,-3.469411843707,
    3.125480708177));
#1111 = CARTESIAN_POINT('',(-2.578211912263,-3.474142596383,
    3.130242338231));
#1112 = CARTESIAN_POINT('',(-2.577022505077,-3.478972984447,
    3.13486961544));
#1113 = CARTESIAN_POINT('',(-2.574769818389,-3.486447589907,
    3.14168313822));
#1114 = CARTESIAN_POINT('',(-2.573919692247,-3.489029080588,
    3.14397564733));
#1115 = CARTESIAN_POINT('',(-2.572990886101,-3.491631963052,
    3.146227120604));
#1116 = CARTESIAN_POINT('',(-2.571983948937,-3.494254298784,
    3.148436004547));
#1117 = CARTESIAN_POINT('',(-2.570899519897,-3.496894108401,
    3.15060079296));
#1118 = CARTESIAN_POINT('',(-2.562307127446,-3.516542083377,
    3.166282347786));
#1119 = CARTESIAN_POINT('',(-2.551731489947,-3.534169243591,
    3.177979877295));
#1120 = CARTESIAN_POINT('',(-2.538202794684,-3.55190311064,
    3.187426525577));
#1121 = CARTESIAN_POINT('',(-2.522063966801,-3.569170964722,
    3.194316644234));
#1122 = CARTESIAN_POINT('',(-2.503798816981,-3.585432873915,
    3.198465969613));
#1123 = CARTESIAN_POINT('',(-2.471082476971,-3.60987989669,
    3.200716387593));
#1124 = CARTESIAN_POINT('',(-2.457527889993,-3.618902374366,
    3.200424330088));
#1125 = CARTESIAN_POINT('',(-2.44347042588,-3.627188721555,3.19894035063
    ));
#1126 = CARTESIAN_POINT('',(-2.429079979865,-3.634635378779,
    3.196276825294));
#1127 = CARTESIAN_POINT('',(-2.414532056982,-3.641161008628,
    3.192469797464));
#1128 = CARTESIAN_POINT('',(-2.4,-3.646709501321,3.187577410365));
#1129 = PCURVE('',#582,#1130);
#1130 = DEFINITIONAL_REPRESENTATION('',(#1131),#1154);
#1131 = B_SPLINE_CURVE_WITH_KNOTS('',6,(#1132,#1133,#1134,#1135,#1136,
    #1137,#1138,#1139,#1140,#1141,#1142,#1143,#1144,#1145,#1146,#1147,
    #1148,#1149,#1150,#1151,#1152,#1153),.UNSPECIFIED.,.F.,.F.,(7,5,5,5,
    7),(0.,0.142516352265,0.216673295746,0.691250557142,1.),
  .UNSPECIFIED.);
#1132 = CARTESIAN_POINT('',(-0.934352298443,4.712388980385));
#1133 = CARTESIAN_POINT('',(-0.933906206275,4.749528154599));
#1134 = CARTESIAN_POINT('',(-0.933309947796,4.786681490381));
#1135 = CARTESIAN_POINT('',(-0.932569517486,4.823849335409));
#1136 = CARTESIAN_POINT('',(-0.93169117559,4.861031927159));
#1137 = CARTESIAN_POINT('',(-0.930681448119,4.898229392908));
#1138 = CARTESIAN_POINT('',(-0.928956894238,4.954804823496));
#1139 = CARTESIAN_POINT('',(-0.928332927608,4.974171926836));
#1140 = CARTESIAN_POINT('',(-0.927676159401,4.993543060452));
#1141 = CARTESIAN_POINT('',(-0.926987533378,5.012918212108));
#1142 = CARTESIAN_POINT('',(-0.926268004619,5.03229735663));
#1143 = CARTESIAN_POINT('',(-0.92072223755,5.175725187809));
#1144 = CARTESIAN_POINT('',(-0.914699157885,5.299941453525));
#1145 = CARTESIAN_POINT('',(-0.907699688649,5.424301773057));
#1146 = CARTESIAN_POINT('',(-0.899970501458,5.548776163975));
#1147 = CARTESIAN_POINT('',(-0.891714725038,5.673310392268));
#1148 = CARTESIAN_POINT('',(-0.87750874157,5.878802431684));
#1149 = CARTESIAN_POINT('',(-0.871760510656,5.959786732237));
#1150 = CARTESIAN_POINT('',(-0.865911562577,6.040735830176));
#1151 = CARTESIAN_POINT('',(-0.860003597599,6.121629828193));
#1152 = CARTESIAN_POINT('',(-0.854073614286,6.20245165728));
#1153 = CARTESIAN_POINT('',(-0.848155710729,6.28318530718));
#1154 = ( GEOMETRIC_REPRESENTATION_CONTEXT(2) 
PARAMETRIC_REPRESENTATION_CONTEXT() REPRESENTATION_CONTEXT('2D SPACE',''
  ) );
#1155 = PCURVE('',#546,#1156);
#1156 = DEFINITIONAL_REPRESENTATION('',(#1157),#1180);
#1157 = B_SPLINE_CURVE_WITH_KNOTS('',6,(#1158,#1159,#1160,#1161,#1162,
    #1163,#1164,#1165,#1166,#1167,#1168,#1169,#1170,#1171,#1172,#1173,
    #1174,#1175,#1176,#1177,#1178,#1179),.UNSPECIFIED.,.F.,.F.,(7,5,5,5,
    7),(0.,0.142516352265,0.216673295746,0.691250557142,1.),
  .UNSPECIFIED.);
#1158 = CARTESIAN_POINT('',(4.07110592176,0.110509292705));
#1159 = CARTESIAN_POINT('',(4.071710289451,0.11560181727));
#1160 = CARTESIAN_POINT('',(4.072387752556,0.120596478893));
#1161 = CARTESIAN_POINT('',(4.073136562401,0.125480706343));
#1162 = CARTESIAN_POINT('',(4.073954692558,0.130242336497));
#1163 = CARTESIAN_POINT('',(4.07483983885,0.134869614343));
#1164 = CARTESIAN_POINT('',(4.076283523958,0.141683137123));
#1165 = CARTESIAN_POINT('',(4.076795074742,0.143975640565));
#1166 = CARTESIAN_POINT('',(4.077323711202,0.146227109848));
#1167 = CARTESIAN_POINT('',(4.077869054422,0.14843599431));
#1168 = CARTESIAN_POINT('',(4.078430707061,0.150600786077));
#1169 = CARTESIAN_POINT('',(4.082704337966,0.166282340902));
#1170 = CARTESIAN_POINT('',(4.087051681611,0.177979868497));
#1171 = CARTESIAN_POINT('',(4.091941480856,0.187426524113));
#1172 = CARTESIAN_POINT('',(4.097237548171,0.19431663739));
#1173 = CARTESIAN_POINT('',(4.102788946527,0.198465966981));
#1174 = CARTESIAN_POINT('',(4.112119574697,0.200716384961));
#1175 = CARTESIAN_POINT('',(4.115840476011,0.200424329033));
#1176 = CARTESIAN_POINT('',(4.119562337697,0.198940349588));
#1177 = CARTESIAN_POINT('',(4.123243080968,0.196276824083));
#1178 = CARTESIAN_POINT('',(4.126842072981,0.192469797464));
#1179 = CARTESIAN_POINT('',(4.130321392281,0.187577410365));
#1180 = ( GEOMETRIC_REPRESENTATION_CONTEXT(2) 
PARAMETRIC_REPRESENTATION_CONTEXT() REPRESENTATION_CONTEXT('2D SPACE',''
  ) );
#1181 = ORIENTED_EDGE('',*,*,#1182,.F.);
#1182 = EDGE_CURVE('',#1047,#1103,#1183,.T.);
#1183 = SURFACE_CURVE('',#1184,(#1189,#1196),.PCURVE_S1.);
#1184 = CIRCLE('',#1185,1.25);
#1185 = AXIS2_PLACEMENT_3D('',#1186,#1187,#1188);
#1186 = CARTESIAN_POINT('',(-2.4,-2.82,2.25));
#1187 = DIRECTION('',(-1.,0.,0.));
#1188 = DIRECTION('',(0.,-1.,0.));
#1189 = PCURVE('',#582,#1190);
#1190 = DEFINITIONAL_REPRESENTATION('',(#1191),#1195);
#1191 = LINE('',#1192,#1193);
#1192 = CARTESIAN_POINT('',(-0.,6.28318530718));
#1193 = VECTOR('',#1194,1.);
#1194 = DIRECTION('',(-1.,0.));
#1195 = ( GEOMETRIC_REPRESENTATION_CONTEXT(2) 
PARAMETRIC_REPRESENTATION_CONTEXT() REPRESENTATION_CONTEXT('2D SPACE',''
  ) );
#1196 = PCURVE('',#1197,#1202);
#1197 = CYLINDRICAL_SURFACE('',#1198,1.25);
#1198 = AXIS2_PLACEMENT_3D('',#1199,#1200,#1201);
#1199 = CARTESIAN_POINT('',(-2.58,-2.82,2.25));
#1200 = DIRECTION('',(1.,0.,0.));
#1201 = DIRECTION('',(0.,-1.,0.));
#1202 = DEFINITIONAL_REPRESENTATION('',(#1203),#1207);
#1203 = LINE('',#1204,#1205);
#1204 = CARTESIAN_POINT('',(-0.,0.18));
#1205 = VECTOR('',#1206,1.);
#1206 = DIRECTION('',(-1.,0.));
#1207 = ( GEOMETRIC_REPRESENTATION_CONTEXT(2) 
PARAMETRIC_REPRESENTATION_CONTEXT() REPRESENTATION_CONTEXT('2D SPACE',''
  ) );
#1208 = ADVANCED_FACE('',(#1209),#546,.T.);
#1209 = FACE_BOUND('',#1210,.T.);
#1210 = EDGE_LOOP('',(#1211,#1242,#1276,#1314,#1343,#1370,#1371,#1392,
    #1393,#1394,#1426,#1454,#1498,#1568));
#1211 = ORIENTED_EDGE('',*,*,#1212,.T.);
#1212 = EDGE_CURVE('',#1213,#1215,#1217,.T.);
#1213 = VERTEX_POINT('',#1214);
#1214 = CARTESIAN_POINT('',(2.58,-3.36091788058,3.));
#1215 = VERTEX_POINT('',#1216);
#1216 = CARTESIAN_POINT('',(2.994942101814,2.997080380434,3.));
#1217 = SURFACE_CURVE('',#1218,(#1223,#1230),.PCURVE_S1.);
#1218 = CIRCLE('',#1219,4.237);
#1219 = AXIS2_PLACEMENT_3D('',#1220,#1221,#1222);
#1220 = CARTESIAN_POINT('',(0.,0.,3.));
#1221 = DIRECTION('',(0.,0.,1.));
#1222 = DIRECTION('',(0.608921406656,-0.793230559495,0.));
#1223 = PCURVE('',#546,#1224);
#1224 = DEFINITIONAL_REPRESENTATION('',(#1225),#1229);
#1225 = LINE('',#1226,#1227);
#1226 = CARTESIAN_POINT('',(5.367089112898,0.));
#1227 = VECTOR('',#1228,1.);
#1228 = DIRECTION('',(1.,0.));
#1229 = ( GEOMETRIC_REPRESENTATION_CONTEXT(2) 
PARAMETRIC_REPRESENTATION_CONTEXT() REPRESENTATION_CONTEXT('2D SPACE',''
  ) );
#1230 = PCURVE('',#1231,#1236);
#1231 = CONICAL_SURFACE('',#1232,4.08,0.304250832238);
#1232 = AXIS2_PLACEMENT_3D('',#1233,#1234,#1235);
#1233 = CARTESIAN_POINT('',(0.,0.,2.5));
#1234 = DIRECTION('',(0.,0.,1.));
#1235 = DIRECTION('',(1.,0.,-0.));
#1236 = DEFINITIONAL_REPRESENTATION('',(#1237),#1241);
#1237 = LINE('',#1238,#1239);
#1238 = CARTESIAN_POINT('',(5.367089112898,0.5));
#1239 = VECTOR('',#1240,1.);
#1240 = DIRECTION('',(1.,0.));
#1241 = ( GEOMETRIC_REPRESENTATION_CONTEXT(2) 
PARAMETRIC_REPRESENTATION_CONTEXT() REPRESENTATION_CONTEXT('2D SPACE',''
  ) );
#1242 = ORIENTED_EDGE('',*,*,#1243,.F.);
#1243 = EDGE_CURVE('',#1244,#1215,#1246,.T.);
#1244 = VERTEX_POINT('',#1245);
#1245 = CARTESIAN_POINT('',(2.994107298055,3.,3.002152808858));
#1246 = SURFACE_CURVE('',#1247,(#1253,#1262),.PCURVE_S1.);
#1247 = B_SPLINE_CURVE_WITH_KNOTS('',4,(#1248,#1249,#1250,#1251,#1252),
  .UNSPECIFIED.,.F.,.F.,(5,5),(0.,1.),.PIECEWISE_BEZIER_KNOTS.);
#1248 = CARTESIAN_POINT('',(2.994107298055,3.,3.002152808858));
#1249 = CARTESIAN_POINT('',(2.994316203207,2.999270223476,3.001614646635
    ));
#1250 = CARTESIAN_POINT('',(2.994524972224,2.998540361371,3.001076457717
    ));
#1251 = CARTESIAN_POINT('',(2.994733605096,2.997810413689,3.000538242155
    ));
#1252 = CARTESIAN_POINT('',(2.994942101814,2.997080380434,3.));
#1253 = PCURVE('',#546,#1254);
#1254 = DEFINITIONAL_REPRESENTATION('',(#1255),#1261);
#1255 = B_SPLINE_CURVE_WITH_KNOTS('',4,(#1256,#1257,#1258,#1259,#1260),
  .UNSPECIFIED.,.F.,.F.,(5,5),(0.,1.),.PIECEWISE_BEZIER_KNOTS.);
#1256 = CARTESIAN_POINT('',(7.069566552753,2.152808857991E-03));
#1257 = CARTESIAN_POINT('',(7.069410037585,1.61464663492E-03));
#1258 = CARTESIAN_POINT('',(7.069253494555,1.076457716733E-03));
#1259 = CARTESIAN_POINT('',(7.069096923636,5.382421547452E-04));
#1260 = CARTESIAN_POINT('',(7.0689403248,0.));
#1261 = ( GEOMETRIC_REPRESENTATION_CONTEXT(2) 
PARAMETRIC_REPRESENTATION_CONTEXT() REPRESENTATION_CONTEXT('2D SPACE',''
  ) );
#1262 = PCURVE('',#1263,#1268);
#1263 = CONICAL_SURFACE('',#1264,4.08,0.309702944542);
#1264 = AXIS2_PLACEMENT_3D('',#1265,#1266,#1267);
#1265 = CARTESIAN_POINT('',(0.,2.5,2.775557561563E-16));
#1266 = DIRECTION('',(0.,1.,1.110223024625E-16));
#1267 = DIRECTION('',(1.,0.,0.));
#1268 = DEFINITIONAL_REPRESENTATION('',(#1269),#1275);
#1269 = B_SPLINE_CURVE_WITH_KNOTS('',4,(#1270,#1271,#1272,#1273,#1274),
  .UNSPECIFIED.,.F.,.F.,(5,5),(0.,1.),.PIECEWISE_BEZIER_KNOTS.);
#1270 = CARTESIAN_POINT('',(5.496445389784,0.5));
#1271 = CARTESIAN_POINT('',(5.496569904771,0.499270223476));
#1272 = CARTESIAN_POINT('',(5.496694419758,0.498540361371));
#1273 = CARTESIAN_POINT('',(5.496818934744,0.497810413689));
#1274 = CARTESIAN_POINT('',(5.496943449731,0.497080380434));
#1275 = ( GEOMETRIC_REPRESENTATION_CONTEXT(2) 
PARAMETRIC_REPRESENTATION_CONTEXT() REPRESENTATION_CONTEXT('2D SPACE',''
  ) );
#1276 = ORIENTED_EDGE('',*,*,#1277,.F.);
#1277 = EDGE_CURVE('',#1278,#1244,#1280,.T.);
#1278 = VERTEX_POINT('',#1279);
#1279 = CARTESIAN_POINT('',(2.958617037928,3.495876608647,3.5));
#1280 = SURFACE_CURVE('',#1281,(#1290,#1302),.PCURVE_S1.);
#1281 = B_SPLINE_CURVE_WITH_KNOTS('',4,(#1282,#1283,#1284,#1285,#1286,
    #1287,#1288,#1289),.UNSPECIFIED.,.F.,.F.,(5,3,5),(0.,0.849809778752,
    1.),.UNSPECIFIED.);
#1282 = CARTESIAN_POINT('',(2.958617037928,3.495876608647,3.5));
#1283 = CARTESIAN_POINT('',(2.970910681602,3.390110215206,3.393826898305
    ));
#1284 = CARTESIAN_POINT('',(2.980480549873,3.284301312706,3.28760423739)
  );
#1285 = CARTESIAN_POINT('',(2.987385691361,3.178476079514,3.181357333406
    ));
#1286 = CARTESIAN_POINT('',(2.992400890262,3.053958025453,3.056332226288
    ));
#1287 = CARTESIAN_POINT('',(2.993071567496,3.035256901617,3.037554659701
    ));
#1288 = CARTESIAN_POINT('',(2.993659809829,3.016556187337,3.018777206952
    ));
#1289 = CARTESIAN_POINT('',(2.994165704862,2.997856022532,3.));
#1290 = PCURVE('',#546,#1291);
#1291 = DEFINITIONAL_REPRESENTATION('',(#1292),#1301);
#1292 = B_SPLINE_CURVE_WITH_KNOTS('',4,(#1293,#1294,#1295,#1296,#1297,
    #1298,#1299,#1300),.UNSPECIFIED.,.F.,.F.,(5,3,5),(0.,0.849809778752,
    0.99569517102),.UNSPECIFIED.);
#1293 = CARTESIAN_POINT('',(7.151630091798,0.5));
#1294 = CARTESIAN_POINT('',(7.13466195618,0.393826898305));
#1295 = CARTESIAN_POINT('',(7.117422557753,0.28760423739));
#1296 = CARTESIAN_POINT('',(7.0998664385,0.181357333406));
#1297 = CARTESIAN_POINT('',(7.078864308574,5.68704379922E-02));
#1298 = CARTESIAN_POINT('',(7.075776285817,3.863108413141E-02));
#1299 = CARTESIAN_POINT('',(7.072677125113,2.039183410874E-02));
#1300 = CARTESIAN_POINT('',(7.069566552753,2.152808857985E-03));
#1301 = ( GEOMETRIC_REPRESENTATION_CONTEXT(2) 
PARAMETRIC_REPRESENTATION_CONTEXT() REPRESENTATION_CONTEXT('2D SPACE',''
  ) );
#1302 = PCURVE('',#432,#1303);
#1303 = DEFINITIONAL_REPRESENTATION('',(#1304),#1313);
#1304 = B_SPLINE_CURVE_WITH_KNOTS('',4,(#1305,#1306,#1307,#1308,#1309,
    #1310,#1311,#1312),.UNSPECIFIED.,.F.,.F.,(5,3,5),(0.,0.849809778752,
    0.99569517102),.UNSPECIFIED.);
#1305 = CARTESIAN_POINT('',(5.414159287416,0.495876608647));
#1306 = CARTESIAN_POINT('',(5.431163822359,0.390110215206));
#1307 = CARTESIAN_POINT('',(5.448445263582,0.284301312706));
#1308 = CARTESIAN_POINT('',(5.466049813175,0.178476079514));
#1309 = CARTESIAN_POINT('',(5.487117477854,5.449405438073E-02));
#1310 = CARTESIAN_POINT('',(5.490215323692,3.632894420204E-02));
#1311 = CARTESIAN_POINT('',(5.493324534383,1.816421667099E-02));
#1312 = CARTESIAN_POINT('',(5.496445389784,-2.64119450592E-15));
#1313 = ( GEOMETRIC_REPRESENTATION_CONTEXT(2) 
PARAMETRIC_REPRESENTATION_CONTEXT() REPRESENTATION_CONTEXT('2D SPACE',''
  ) );
#1314 = ORIENTED_EDGE('',*,*,#1315,.T.);
#1315 = EDGE_CURVE('',#1278,#1316,#1318,.T.);
#1316 = VERTEX_POINT('',#1317);
#1317 = CARTESIAN_POINT('',(-2.958617037928,3.495876608647,3.5));
#1318 = SURFACE_CURVE('',#1319,(#1324,#1331),.PCURVE_S1.);
#1319 = CIRCLE('',#1320,4.5798);
#1320 = AXIS2_PLACEMENT_3D('',#1321,#1322,#1323);
#1321 = CARTESIAN_POINT('',(0.,0.,3.5));
#1322 = DIRECTION('',(0.,0.,-1.));
#1323 = DIRECTION('',(0.646014463061,0.763325168926,0.));
#1324 = PCURVE('',#546,#1325);
#1325 = DEFINITIONAL_REPRESENTATION('',(#1326),#1330);
#1326 = LINE('',#1327,#1328);
#1327 = CARTESIAN_POINT('',(7.151630091798,0.5));
#1328 = VECTOR('',#1329,1.);
#1329 = DIRECTION('',(-1.,-0.));
#1330 = ( GEOMETRIC_REPRESENTATION_CONTEXT(2) 
PARAMETRIC_REPRESENTATION_CONTEXT() REPRESENTATION_CONTEXT('2D SPACE',''
  ) );
#1331 = PCURVE('',#1332,#1337);
#1332 = CONICAL_SURFACE('',#1333,4.5798,0.229864084403);
#1333 = AXIS2_PLACEMENT_3D('',#1334,#1335,#1336);
#1334 = CARTESIAN_POINT('',(0.,0.,3.5));
#1335 = DIRECTION('',(0.,0.,1.));
#1336 = DIRECTION('',(1.,0.,-0.));
#1337 = DEFINITIONAL_REPRESENTATION('',(#1338),#1342);
#1338 = LINE('',#1339,#1340);
#1339 = CARTESIAN_POINT('',(7.151630091798,0.));
#1340 = VECTOR('',#1341,1.);
#1341 = DIRECTION('',(-1.,-0.));
#1342 = ( GEOMETRIC_REPRESENTATION_CONTEXT(2) 
PARAMETRIC_REPRESENTATION_CONTEXT() REPRESENTATION_CONTEXT('2D SPACE',''
  ) );
#1343 = ORIENTED_EDGE('',*,*,#1344,.F.);
#1344 = EDGE_CURVE('',#713,#1316,#1345,.T.);
#1345 = SURFACE_CURVE('',#1346,(#1352,#1361),.PCURVE_S1.);
#1346 = B_SPLINE_CURVE_WITH_KNOTS('',4,(#1347,#1348,#1349,#1350,#1351),
  .UNSPECIFIED.,.F.,.F.,(5,5),(0.,1.),.PIECEWISE_BEZIER_KNOTS.);
#1347 = CARTESIAN_POINT('',(-2.994107298055,3.,3.002152808858));
#1348 = CARTESIAN_POINT('',(-2.990706491589,3.123974200842,3.12663759235
    ));
#1349 = CARTESIAN_POINT('',(-2.983686036784,3.247972027072,
    3.251132682463));
#1350 = CARTESIAN_POINT('',(-2.973021111847,3.371953466766,
    3.375600330906));
#1351 = CARTESIAN_POINT('',(-2.958617037928,3.495876608647,3.5));
#1352 = PCURVE('',#546,#1353);
#1353 = DEFINITIONAL_REPRESENTATION('',(#1354),#1360);
#1354 = B_SPLINE_CURVE_WITH_KNOTS('',4,(#1355,#1356,#1357,#1358,#1359),
  .UNSPECIFIED.,.F.,.F.,(5,5),(0.,1.),.PIECEWISE_BEZIER_KNOTS.);
#1355 = CARTESIAN_POINT('',(2.355211408016,2.152808857981E-03));
#1356 = CARTESIAN_POINT('',(2.333981165647,0.12663759235));
#1357 = CARTESIAN_POINT('',(2.313282372439,0.251132682463));
#1358 = CARTESIAN_POINT('',(2.293028897427,0.375600330906));
#1359 = CARTESIAN_POINT('',(2.273147868972,0.5));
#1360 = ( GEOMETRIC_REPRESENTATION_CONTEXT(2) 
PARAMETRIC_REPRESENTATION_CONTEXT() REPRESENTATION_CONTEXT('2D SPACE',''
  ) );
#1361 = PCURVE('',#432,#1362);
#1362 = DEFINITIONAL_REPRESENTATION('',(#1363),#1369);
#1363 = B_SPLINE_CURVE_WITH_KNOTS('',4,(#1364,#1365,#1366,#1367,#1368),
  .UNSPECIFIED.,.F.,.F.,(5,5),(0.,1.),.PIECEWISE_BEZIER_KNOTS.);
#1364 = CARTESIAN_POINT('',(10.211517878165,-3.048972229688E-15));
#1365 = CARTESIAN_POINT('',(10.23281830422,0.123974200842));
#1366 = CARTESIAN_POINT('',(10.253576431362,0.247972027072));
#1367 = CARTESIAN_POINT('',(10.273880304138,0.371953466766));
#1368 = CARTESIAN_POINT('',(10.293803980533,0.495876608647));
#1369 = ( GEOMETRIC_REPRESENTATION_CONTEXT(2) 
PARAMETRIC_REPRESENTATION_CONTEXT() REPRESENTATION_CONTEXT('2D SPACE',''
  ) );
#1370 = ORIENTED_EDGE('',*,*,#769,.F.);
#1371 = ORIENTED_EDGE('',*,*,#1372,.T.);
#1372 = EDGE_CURVE('',#738,#498,#1373,.T.);
#1373 = SURFACE_CURVE('',#1374,(#1379,#1385),.PCURVE_S1.);
#1374 = CIRCLE('',#1375,4.237);
#1375 = AXIS2_PLACEMENT_3D('',#1376,#1377,#1378);
#1376 = CARTESIAN_POINT('',(0.,0.,3.));
#1377 = DIRECTION('',(0.,0.,1.));
#1378 = DIRECTION('',(1.,0.,-0.));
#1379 = PCURVE('',#546,#1380);
#1380 = DEFINITIONAL_REPRESENTATION('',(#1381),#1384);
#1381 = B_SPLINE_CURVE_WITH_KNOTS('',1,(#1382,#1383),.UNSPECIFIED.,.F.,
  .F.,(2,2),(2.355837635969,4.057688847872),.PIECEWISE_BEZIER_KNOTS.);
#1382 = CARTESIAN_POINT('',(2.355837635969,0.));
#1383 = CARTESIAN_POINT('',(4.057688847872,0.));
#1384 = ( GEOMETRIC_REPRESENTATION_CONTEXT(2) 
PARAMETRIC_REPRESENTATION_CONTEXT() REPRESENTATION_CONTEXT('2D SPACE',''
  ) );
#1385 = PCURVE('',#514,#1386);
#1386 = DEFINITIONAL_REPRESENTATION('',(#1387),#1391);
#1387 = LINE('',#1388,#1389);
#1388 = CARTESIAN_POINT('',(0.,0.5));
#1389 = VECTOR('',#1390,1.);
#1390 = DIRECTION('',(1.,0.));
#1391 = ( GEOMETRIC_REPRESENTATION_CONTEXT(2) 
PARAMETRIC_REPRESENTATION_CONTEXT() REPRESENTATION_CONTEXT('2D SPACE',''
  ) );
#1392 = ORIENTED_EDGE('',*,*,#529,.T.);
#1393 = ORIENTED_EDGE('',*,*,#1102,.T.);
#1394 = ORIENTED_EDGE('',*,*,#1395,.F.);
#1395 = EDGE_CURVE('',#1396,#1103,#1398,.T.);
#1396 = VERTEX_POINT('',#1397);
#1397 = CARTESIAN_POINT('',(-1.832967266484,-3.82,3.));
#1398 = SURFACE_CURVE('',#1399,(#1406,#1416),.PCURVE_S1.);
#1399 = B_SPLINE_CURVE_WITH_KNOTS('',5,(#1400,#1401,#1402,#1403,#1404,
    #1405),.UNSPECIFIED.,.F.,.F.,(6,6),(0.,1.),
  .PIECEWISE_BEZIER_KNOTS.);
#1400 = CARTESIAN_POINT('',(-1.832967266484,-3.82,3.));
#1401 = CARTESIAN_POINT('',(-1.948414255803,-3.79249375788,
    3.036674989493));
#1402 = CARTESIAN_POINT('',(-2.062832314747,-3.761724749841,
    3.074198413723));
#1403 = CARTESIAN_POINT('',(-2.176259959236,-3.727405134517,
    3.112143222445));
#1404 = CARTESIAN_POINT('',(-2.288674357985,-3.689214826509,
    3.150098330245));
#1405 = CARTESIAN_POINT('',(-2.4000006,-3.646709272234,3.187577612362));
#1406 = PCURVE('',#546,#1407);
#1407 = DEFINITIONAL_REPRESENTATION('',(#1408),#1415);
#1408 = B_SPLINE_CURVE_WITH_KNOTS('',5,(#1409,#1410,#1411,#1412,#1413,
    #1414),.UNSPECIFIED.,.F.,.F.,(6,6),(0.,0.999998922087),
  .PIECEWISE_BEZIER_KNOTS.);
#1409 = CARTESIAN_POINT('',(4.265003634412,1.018411777051E-15));
#1410 = CARTESIAN_POINT('',(4.237629504249,3.667494996081E-02));
#1411 = CARTESIAN_POINT('',(4.210547359494,7.419833282878E-02));
#1412 = CARTESIAN_POINT('',(4.183686684082,0.112143099741));
#1413 = CARTESIAN_POINT('',(4.156975508881,0.150098166596));
#1414 = CARTESIAN_POINT('',(4.130321392281,0.187577410365));
#1415 = ( GEOMETRIC_REPRESENTATION_CONTEXT(2) 
PARAMETRIC_REPRESENTATION_CONTEXT() REPRESENTATION_CONTEXT('2D SPACE',''
  ) );
#1416 = PCURVE('',#1197,#1417);
#1417 = DEFINITIONAL_REPRESENTATION('',(#1418),#1425);
#1418 = B_SPLINE_CURVE_WITH_KNOTS('',5,(#1419,#1420,#1421,#1422,#1423,
    #1424),.UNSPECIFIED.,.F.,.F.,(6,6),(0.,1.),
  .PIECEWISE_BEZIER_KNOTS.);
#1419 = CARTESIAN_POINT('',(-0.643501108793,0.747032733516));
#1420 = CARTESIAN_POINT('',(-0.680176098287,0.631585744197));
#1421 = CARTESIAN_POINT('',(-0.718959848155,0.517167685253));
#1422 = CARTESIAN_POINT('',(-0.759822214297,0.403740040764));
#1423 = CARTESIAN_POINT('',(-0.802820450343,0.291325642015));
#1424 = CARTESIAN_POINT('',(-0.848155955067,0.1799994));
#1425 = ( GEOMETRIC_REPRESENTATION_CONTEXT(2) 
PARAMETRIC_REPRESENTATION_CONTEXT() REPRESENTATION_CONTEXT('2D SPACE',''
  ) );
#1426 = ORIENTED_EDGE('',*,*,#1427,.T.);
#1427 = EDGE_CURVE('',#1396,#1428,#1430,.T.);
#1428 = VERTEX_POINT('',#1429);
#1429 = CARTESIAN_POINT('',(1.832967266483,-3.82,3.));
#1430 = SURFACE_CURVE('',#1431,(#1436,#1442),.PCURVE_S1.);
#1431 = CIRCLE('',#1432,4.237);
#1432 = AXIS2_PLACEMENT_3D('',#1433,#1434,#1435);
#1433 = CARTESIAN_POINT('',(0.,0.,3.));
#1434 = DIRECTION('',(0.,0.,1.));
#1435 = DIRECTION('',(1.,0.,-0.));
#1436 = PCURVE('',#546,#1437);
#1437 = DEFINITIONAL_REPRESENTATION('',(#1438),#1441);
#1438 = B_SPLINE_CURVE_WITH_KNOTS('',1,(#1439,#1440),.UNSPECIFIED.,.F.,
  .F.,(2,2),(4.265003634412,5.159774326357),.PIECEWISE_BEZIER_KNOTS.);
#1439 = CARTESIAN_POINT('',(4.265003634412,0.));
#1440 = CARTESIAN_POINT('',(5.159774326357,0.));
#1441 = ( GEOMETRIC_REPRESENTATION_CONTEXT(2) 
PARAMETRIC_REPRESENTATION_CONTEXT() REPRESENTATION_CONTEXT('2D SPACE',''
  ) );
#1442 = PCURVE('',#1443,#1448);
#1443 = CONICAL_SURFACE('',#1444,4.08,0.304250832238);
#1444 = AXIS2_PLACEMENT_3D('',#1445,#1446,#1447);
#1445 = CARTESIAN_POINT('',(0.,0.,2.5));
#1446 = DIRECTION('',(0.,0.,1.));
#1447 = DIRECTION('',(1.,0.,-0.));
#1448 = DEFINITIONAL_REPRESENTATION('',(#1449),#1453);
#1449 = LINE('',#1450,#1451);
#1450 = CARTESIAN_POINT('',(0.,0.5));
#1451 = VECTOR('',#1452,1.);
#1452 = DIRECTION('',(1.,0.));
#1453 = ( GEOMETRIC_REPRESENTATION_CONTEXT(2) 
PARAMETRIC_REPRESENTATION_CONTEXT() REPRESENTATION_CONTEXT('2D SPACE',''
  ) );
#1454 = ORIENTED_EDGE('',*,*,#1455,.F.);
#1455 = EDGE_CURVE('',#1456,#1428,#1458,.T.);
#1456 = VERTEX_POINT('',#1457);
#1457 = CARTESIAN_POINT('',(2.4,-3.646709501321,3.187577410365));
#1458 = SURFACE_CURVE('',#1459,(#1470,#1484),.PCURVE_S1.);
#1459 = B_SPLINE_CURVE_WITH_KNOTS('',5,(#1460,#1461,#1462,#1463,#1464,
    #1465,#1466,#1467,#1468,#1469),.UNSPECIFIED.,.F.,.F.,(6,4,6),(0.,
    0.950817303827,1.),.UNSPECIFIED.);
#1460 = CARTESIAN_POINT('',(2.4000006,-3.646709272234,3.187577612362));
#1461 = CARTESIAN_POINT('',(2.294149838525,-3.68712422926,3.151941714843
    ));
#1462 = CARTESIAN_POINT('',(2.187314916668,-3.723638079722,
    3.115875477064));
#1463 = CARTESIAN_POINT('',(2.079561091721,-3.756632866758,3.07979721212
    ));
#1464 = CARTESIAN_POINT('',(1.970909974121,-3.78638866724,3.044063068433
    ));
#1465 = CARTESIAN_POINT('',(1.855664331596,-3.814541177448,3.00722720879
    ));
#1466 = CARTESIAN_POINT('',(1.84999377273,-3.815917795527,3.005417424735
    ));
#1467 = CARTESIAN_POINT('',(1.844320744005,-3.817286449463,
    3.003609594507));
#1468 = CARTESIAN_POINT('',(1.838645242839,-3.818647173103,
    3.001803769197));
#1469 = CARTESIAN_POINT('',(1.832967266483,-3.82,3.));
#1470 = PCURVE('',#546,#1471);
#1471 = DEFINITIONAL_REPRESENTATION('',(#1472),#1483);
#1472 = B_SPLINE_CURVE_WITH_KNOTS('',5,(#1473,#1474,#1475,#1476,#1477,
    #1478,#1479,#1480,#1481,#1482),.UNSPECIFIED.,.F.,.F.,(6,4,6),(
    1.077914529439E-06,0.950817303827,1.),.UNSPECIFIED.);
#1473 = CARTESIAN_POINT('',(5.294456568488,0.187577410365));
#1474 = CARTESIAN_POINT('',(5.269113411923,0.151941551294));
#1475 = CARTESIAN_POINT('',(5.243718586087,0.115875354361));
#1476 = CARTESIAN_POINT('',(5.218192774002,7.979713109821E-02));
#1477 = CARTESIAN_POINT('',(5.19247331694,4.406302872679E-02));
#1478 = CARTESIAN_POINT('',(5.165155464123,7.227208789599E-03));
#1479 = CARTESIAN_POINT('',(5.163811218071,5.417424735228E-03));
#1480 = CARTESIAN_POINT('',(5.162466285048,3.60959450702E-03));
#1481 = CARTESIAN_POINT('',(5.161120657104,1.803769196647E-03));
#1482 = CARTESIAN_POINT('',(5.159774326357,0.));
#1483 = ( GEOMETRIC_REPRESENTATION_CONTEXT(2) 
PARAMETRIC_REPRESENTATION_CONTEXT() REPRESENTATION_CONTEXT('2D SPACE',''
  ) );
#1484 = PCURVE('',#1197,#1485);
#1485 = DEFINITIONAL_REPRESENTATION('',(#1486),#1497);
#1486 = B_SPLINE_CURVE_WITH_KNOTS('',5,(#1487,#1488,#1489,#1490,#1491,
    #1492,#1493,#1494,#1495,#1496),.UNSPECIFIED.,.F.,.F.,(6,4,6),(0.,
    0.950817303827,1.),.UNSPECIFIED.);
#1487 = CARTESIAN_POINT('',(-0.848155955067,4.9800006));
#1488 = CARTESIAN_POINT('',(-0.805050236146,4.874149838525));
#1489 = CARTESIAN_POINT('',(-0.764057417303,4.767314916668));
#1490 = CARTESIAN_POINT('',(-0.725004483006,4.659561091721));
#1491 = CARTESIAN_POINT('',(-0.687836487171,4.550909974121));
#1492 = CARTESIAN_POINT('',(-0.650746806565,4.435664331596));
#1493 = CARTESIAN_POINT('',(-0.648927730997,4.42999377273));
#1494 = CARTESIAN_POINT('',(-0.647113753536,4.424320744005));
#1495 = CARTESIAN_POINT('',(-0.64530487799,4.418645242839));
#1496 = CARTESIAN_POINT('',(-0.643501108793,4.412967266483));
#1497 = ( GEOMETRIC_REPRESENTATION_CONTEXT(2) 
PARAMETRIC_REPRESENTATION_CONTEXT() REPRESENTATION_CONTEXT('2D SPACE',''
  ) );
#1498 = ORIENTED_EDGE('',*,*,#1499,.T.);
#1499 = EDGE_CURVE('',#1456,#1500,#1502,.T.);
#1500 = VERTEX_POINT('',#1501);
#1501 = CARTESIAN_POINT('',(2.58,-3.455943202784,3.110509292705));
#1502 = SURFACE_CURVE('',#1503,(#1521,#1542),.PCURVE_S1.);
#1503 = B_SPLINE_CURVE_WITH_KNOTS('',6,(#1504,#1505,#1506,#1507,#1508,
    #1509,#1510,#1511,#1512,#1513,#1514,#1515,#1516,#1517,#1518,#1519,
    #1520),.UNSPECIFIED.,.F.,.F.,(7,5,5,7),(0.,0.308747587508,
    0.54730788889,1.),.UNSPECIFIED.);
#1504 = CARTESIAN_POINT('',(2.4,-3.646709501321,3.187577410365));
#1505 = CARTESIAN_POINT('',(2.414532009508,-3.641161026754,
    3.192469781481));
#1506 = CARTESIAN_POINT('',(2.429079884878,-3.634635423211,
    3.196276798862));
#1507 = CARTESIAN_POINT('',(2.443470284911,-3.627188796068,
    3.198940323183));
#1508 = CARTESIAN_POINT('',(2.457527706365,-3.618902484212,
    3.200424309344));
#1509 = CARTESIAN_POINT('',(2.471082255698,-3.609880048022,
    3.200716379461));
#1510 = CARTESIAN_POINT('',(2.493941140688,-3.592798961536,
    3.199144049383));
#1511 = CARTESIAN_POINT('',(2.50351141804,-3.584987286913,3.197754757134
    ));
#1512 = CARTESIAN_POINT('',(2.512616101905,-3.57686554015,3.195667278838
    ));
#1513 = CARTESIAN_POINT('',(2.521188448397,-3.568496201222,
    3.192896211598));
#1514 = CARTESIAN_POINT('',(2.52916862846,-3.55994587264,3.189464376436)
  );
#1515 = CARTESIAN_POINT('',(2.550427183969,-3.534844992489,
    3.177693826574));
#1516 = CARTESIAN_POINT('',(2.562032156329,-3.518001773292,
    3.167715403913));
#1517 = CARTESIAN_POINT('',(2.570967871683,-3.501222547617,
    3.155674395165));
#1518 = CARTESIAN_POINT('',(2.576993882472,-3.484998810111,
    3.141874334059));
#1519 = CARTESIAN_POINT('',(2.58,-3.469783180457,3.126685450154));
#1520 = CARTESIAN_POINT('',(2.58,-3.455943202784,3.110509292705));
#1521 = PCURVE('',#546,#1522);
#1522 = DEFINITIONAL_REPRESENTATION('',(#1523),#1541);
#1523 = B_SPLINE_CURVE_WITH_KNOTS('',6,(#1524,#1525,#1526,#1527,#1528,
    #1529,#1530,#1531,#1532,#1533,#1534,#1535,#1536,#1537,#1538,#1539,
    #1540),.UNSPECIFIED.,.F.,.F.,(7,5,5,7),(0.,0.308747587508,
    0.54730788889,1.),.UNSPECIFIED.);
#1524 = CARTESIAN_POINT('',(5.294456568488,0.187577410365));
#1525 = CARTESIAN_POINT('',(5.297935876422,0.192469781481));
#1526 = CARTESIAN_POINT('',(5.301534856068,0.196276798862));
#1527 = CARTESIAN_POINT('',(5.305215586819,0.198940323183));
#1528 = CARTESIAN_POINT('',(5.308937435939,0.200424309344));
#1529 = CARTESIAN_POINT('',(5.312658324805,0.200716379461));
#1530 = CARTESIAN_POINT('',(5.3191776243,0.199144049383));
#1531 = CARTESIAN_POINT('',(5.321993515464,0.197754757134));
#1532 = CARTESIAN_POINT('',(5.324764225543,0.195667278838));
#1533 = CARTESIAN_POINT('',(5.327470429834,0.192896211598));
#1534 = CARTESIAN_POINT('',(5.330093326179,0.189464376436));
#1535 = CARTESIAN_POINT('',(5.337400242495,0.177693826574));
#1536 = CARTESIAN_POINT('',(5.341821257728,0.167715403913));
#1537 = CARTESIAN_POINT('',(5.345755833854,0.155674395165));
#1538 = CARTESIAN_POINT('',(5.349095033856,0.141874334059));
#1539 = CARTESIAN_POINT('',(5.351752294331,0.126685450154));
#1540 = CARTESIAN_POINT('',(5.35367203901,0.110509292705));
#1541 = ( GEOMETRIC_REPRESENTATION_CONTEXT(2) 
PARAMETRIC_REPRESENTATION_CONTEXT() REPRESENTATION_CONTEXT('2D SPACE',''
  ) );
#1542 = PCURVE('',#1543,#1548);
#1543 = TOROIDAL_SURFACE('',#1544,1.07,0.18);
#1544 = AXIS2_PLACEMENT_3D('',#1545,#1546,#1547);
#1545 = CARTESIAN_POINT('',(2.4,-2.82,2.25));
#1546 = DIRECTION('',(1.,0.,-0.));
#1547 = DIRECTION('',(0.,-3.552713678801E-16,1.));
#1548 = DEFINITIONAL_REPRESENTATION('',(#1549),#1567);
#1549 = B_SPLINE_CURVE_WITH_KNOTS('',6,(#1550,#1551,#1552,#1553,#1554,
    #1555,#1556,#1557,#1558,#1559,#1560,#1561,#1562,#1563,#1564,#1565,
    #1566),.UNSPECIFIED.,.F.,.F.,(7,5,5,7),(0.,0.308747587508,
    0.54730788889,1.),.UNSPECIFIED.);
#1550 = CARTESIAN_POINT('',(0.722640616066,0.));
#1551 = CARTESIAN_POINT('',(0.716722731841,8.073338615464E-02));
#1552 = CARTESIAN_POINT('',(0.710792769851,0.161554951287));
#1553 = CARTESIAN_POINT('',(0.704884823745,0.242448684562));
#1554 = CARTESIAN_POINT('',(0.699035894224,0.323397517529));
#1555 = CARTESIAN_POINT('',(0.693287683318,0.404381553464));
#1556 = CARTESIAN_POINT('',(0.683361976155,0.547958584466));
#1557 = CARTESIAN_POINT('',(0.679124372941,0.610548591677));
#1558 = CARTESIAN_POINT('',(0.67499766302,0.67313577191));
#1559 = CARTESIAN_POINT('',(0.671006017844,0.735711293212));
#1560 = CARTESIAN_POINT('',(0.667175690513,0.798267464456));
#1561 = CARTESIAN_POINT('',(0.65662645332,0.979453536934));
#1562 = CARTESIAN_POINT('',(0.650400493251,1.098018564699));
#1563 = CARTESIAN_POINT('',(0.645050743225,1.216441624895));
#1564 = CARTESIAN_POINT('',(0.640792889162,1.334709011402));
#1565 = CARTESIAN_POINT('',(0.637861018501,1.452825540022));
#1566 = CARTESIAN_POINT('',(0.636444028352,1.570796326795));
#1567 = ( GEOMETRIC_REPRESENTATION_CONTEXT(2) 
PARAMETRIC_REPRESENTATION_CONTEXT() REPRESENTATION_CONTEXT('2D SPACE',''
  ) );
#1568 = ORIENTED_EDGE('',*,*,#1569,.F.);
#1569 = EDGE_CURVE('',#1213,#1500,#1570,.T.);
#1570 = SURFACE_CURVE('',#1571,(#1576,#1586),.PCURVE_S1.);
#1571 = HYPERBOLA('',#1572,3.763127187865,2.58);
#1572 = AXIS2_PLACEMENT_3D('',#1573,#1574,#1575);
#1573 = CARTESIAN_POINT('',(2.58,0.,-3.179988331389));
#1574 = DIRECTION('',(1.,0.,-0.));
#1575 = DIRECTION('',(0.,0.,1.));
#1576 = PCURVE('',#546,#1577);
#1577 = DEFINITIONAL_REPRESENTATION('',(#1578),#1585);
#1578 = B_SPLINE_CURVE_WITH_KNOTS('',5,(#1579,#1580,#1581,#1582,#1583,
    #1584),.UNSPECIFIED.,.F.,.F.,(6,6),(1.080084847742,1.102314519178),
  .PIECEWISE_BEZIER_KNOTS.);
#1579 = CARTESIAN_POINT('',(5.367089112898,-6.041835412025E-16));
#1580 = CARTESIAN_POINT('',(5.364381888338,2.17946616706E-02));
#1581 = CARTESIAN_POINT('',(5.361686598076,4.374201795698E-02));
#1582 = CARTESIAN_POINT('',(5.359003213297,6.584296637262E-02));
#1583 = CARTESIAN_POINT('',(5.356331703987,8.809841699405E-02));
#1584 = CARTESIAN_POINT('',(5.353672039013,0.110509292696));
#1585 = ( GEOMETRIC_REPRESENTATION_CONTEXT(2) 
PARAMETRIC_REPRESENTATION_CONTEXT() REPRESENTATION_CONTEXT('2D SPACE',''
  ) );
#1586 = PCURVE('',#1587,#1592);
#1587 = PLANE('',#1588);
#1588 = AXIS2_PLACEMENT_3D('',#1589,#1590,#1591);
#1589 = CARTESIAN_POINT('',(2.58,-4.07,-4.07));
#1590 = DIRECTION('',(1.,0.,0.));
#1591 = DIRECTION('',(0.,0.,1.));
#1592 = DEFINITIONAL_REPRESENTATION('',(#1593),#1597);
#1593 = ( BOUNDED_CURVE() B_SPLINE_CURVE(2,(#1594,#1595,#1596),
.UNSPECIFIED.,.F.,.F.) B_SPLINE_CURVE_WITH_KNOTS((3,3),(1.080084847742,
1.176115761223),.PIECEWISE_BEZIER_KNOTS.) CURVE() 
GEOMETRIC_REPRESENTATION_ITEM() RATIONAL_B_SPLINE_CURVE((1.,
1.001152963529,1.)) REPRESENTATION_ITEM('') );
#1594 = CARTESIAN_POINT('',(7.07,-0.70908211942));
#1595 = CARTESIAN_POINT('',(7.305198519191,-0.505796828874));
#1596 = CARTESIAN_POINT('',(7.57,-0.286064477294));
#1597 = ( GEOMETRIC_REPRESENTATION_CONTEXT(2) 
PARAMETRIC_REPRESENTATION_CONTEXT() REPRESENTATION_CONTEXT('2D SPACE',''
  ) );
#1598 = ADVANCED_FACE('',(#1599),#514,.T.);
#1599 = FACE_BOUND('',#1600,.T.);
#1600 = EDGE_LOOP('',(#1601,#1602,#1603,#1604));
#1601 = ORIENTED_EDGE('',*,*,#737,.F.);
#1602 = ORIENTED_EDGE('',*,*,#684,.T.);
#1603 = ORIENTED_EDGE('',*,*,#497,.T.);
#1604 = ORIENTED_EDGE('',*,*,#1372,.F.);
#1605 = ADVANCED_FACE('',(#1606),#432,.T.);
#1606 = FACE_BOUND('',#1607,.T.);
#1607 = EDGE_LOOP('',(#1608,#1639,#1666,#1667,#1691,#1718,#1788,#1832,
    #1860,#1902,#1903,#1904,#1905,#1906));
#1608 = ORIENTED_EDGE('',*,*,#1609,.T.);
#1609 = EDGE_CURVE('',#1610,#1612,#1614,.T.);
#1610 = VERTEX_POINT('',#1611);
#1611 = CARTESIAN_POINT('',(-2.955918209969,3.5,3.506010435805));
#1612 = VERTEX_POINT('',#1613);
#1613 = CARTESIAN_POINT('',(2.955918209969,3.5,3.506010435805));
#1614 = SURFACE_CURVE('',#1615,(#1620,#1627),.PCURVE_S1.);
#1615 = CIRCLE('',#1616,4.5858);
#1616 = AXIS2_PLACEMENT_3D('',#1617,#1618,#1619);
#1617 = CARTESIAN_POINT('',(0.,3.5,3.885780586188E-16));
#1618 = DIRECTION('',(1.51930029919E-17,-1.,-1.138558891798E-16));
#1619 = DIRECTION('',(-0.64458070783,-9.684007367309E-17,0.764536271928)
  );
#1620 = PCURVE('',#432,#1621);
#1621 = DEFINITIONAL_REPRESENTATION('',(#1622),#1626);
#1622 = LINE('',#1623,#1624);
#1623 = CARTESIAN_POINT('',(10.295099557999,0.5));
#1624 = VECTOR('',#1625,1.);
#1625 = DIRECTION('',(-1.,-0.));
#1626 = ( GEOMETRIC_REPRESENTATION_CONTEXT(2) 
PARAMETRIC_REPRESENTATION_CONTEXT() REPRESENTATION_CONTEXT('2D SPACE',''
  ) );
#1627 = PCURVE('',#1628,#1633);
#1628 = CONICAL_SURFACE('',#1629,4.5858,0.235166731579);
#1629 = AXIS2_PLACEMENT_3D('',#1630,#1631,#1632);
#1630 = CARTESIAN_POINT('',(0.,3.5,3.885780586188E-16));
#1631 = DIRECTION('',(0.,1.,1.110223024625E-16));
#1632 = DIRECTION('',(1.,0.,0.));
#1633 = DEFINITIONAL_REPRESENTATION('',(#1634),#1638);
#1634 = LINE('',#1635,#1636);
#1635 = CARTESIAN_POINT('',(10.295099557999,0.));
#1636 = VECTOR('',#1637,1.);
#1637 = DIRECTION('',(-1.,-0.));
#1638 = ( GEOMETRIC_REPRESENTATION_CONTEXT(2) 
PARAMETRIC_REPRESENTATION_CONTEXT() REPRESENTATION_CONTEXT('2D SPACE',''
  ) );
#1639 = ORIENTED_EDGE('',*,*,#1640,.T.);
#1640 = EDGE_CURVE('',#1612,#1278,#1641,.T.);
#1641 = SURFACE_CURVE('',#1642,(#1648,#1657),.PCURVE_S1.);
#1642 = B_SPLINE_CURVE_WITH_KNOTS('',4,(#1643,#1644,#1645,#1646,#1647),
  .UNSPECIFIED.,.F.,.F.,(5,5),(0.,1.),.PIECEWISE_BEZIER_KNOTS.);
#1643 = CARTESIAN_POINT('',(2.955918209969,3.5,3.506010435805));
#1644 = CARTESIAN_POINT('',(2.956594140237,3.498968921061,3.504507844173
    ));
#1645 = CARTESIAN_POINT('',(2.957269254539,3.497937995527,3.50300524025)
  );
#1646 = CARTESIAN_POINT('',(2.957943553546,3.496907224391,3.501502625154
    ));
#1647 = CARTESIAN_POINT('',(2.958617037928,3.495876608647,3.5));
#1648 = PCURVE('',#432,#1649);
#1649 = DEFINITIONAL_REPRESENTATION('',(#1650),#1656);
#1650 = B_SPLINE_CURVE_WITH_KNOTS('',4,(#1651,#1652,#1653,#1654,#1655),
  .UNSPECIFIED.,.F.,.F.,(5,5),(0.,1.),.PIECEWISE_BEZIER_KNOTS.);
#1651 = CARTESIAN_POINT('',(5.41286370995,0.5));
#1652 = CARTESIAN_POINT('',(5.413187604317,0.498968921061));
#1653 = CARTESIAN_POINT('',(5.413511498683,0.497937995527));
#1654 = CARTESIAN_POINT('',(5.413835393049,0.496907224391));
#1655 = CARTESIAN_POINT('',(5.414159287416,0.495876608647));
#1656 = ( GEOMETRIC_REPRESENTATION_CONTEXT(2) 
PARAMETRIC_REPRESENTATION_CONTEXT() REPRESENTATION_CONTEXT('2D SPACE',''
  ) );
#1657 = PCURVE('',#1332,#1658);
#1658 = DEFINITIONAL_REPRESENTATION('',(#1659),#1665);
#1659 = B_SPLINE_CURVE_WITH_KNOTS('',4,(#1660,#1661,#1662,#1663,#1664),
  .UNSPECIFIED.,.F.,.F.,(5,5),(0.,1.),.PIECEWISE_BEZIER_KNOTS.);
#1660 = CARTESIAN_POINT('',(7.152661229481,6.010435805255E-03));
#1661 = CARTESIAN_POINT('',(7.152403287696,4.507844173235E-03));
#1662 = CARTESIAN_POINT('',(7.1521454508,3.005240249932E-03));
#1663 = CARTESIAN_POINT('',(7.151887718824,1.502625154308E-03));
#1664 = CARTESIAN_POINT('',(7.151630091798,0.));
#1665 = ( GEOMETRIC_REPRESENTATION_CONTEXT(2) 
PARAMETRIC_REPRESENTATION_CONTEXT() REPRESENTATION_CONTEXT('2D SPACE',''
  ) );
#1666 = ORIENTED_EDGE('',*,*,#1277,.T.);
#1667 = ORIENTED_EDGE('',*,*,#1668,.T.);
#1668 = EDGE_CURVE('',#1244,#1669,#1671,.T.);
#1669 = VERTEX_POINT('',#1670);
#1670 = CARTESIAN_POINT('',(2.58,3.,-3.364699095016));
#1671 = SURFACE_CURVE('',#1672,(#1677,#1684),.PCURVE_S1.);
#1672 = CIRCLE('',#1673,4.24);
#1673 = AXIS2_PLACEMENT_3D('',#1674,#1675,#1676);
#1674 = CARTESIAN_POINT('',(0.,3.,3.330669073875E-16));
#1675 = DIRECTION('',(-4.097550918551E-32,1.,1.479235862145E-16));
#1676 = DIRECTION('',(0.706157381617,-1.047380211911E-16,0.70805490775)
  );
#1677 = PCURVE('',#432,#1678);
#1678 = DEFINITIONAL_REPRESENTATION('',(#1679),#1683);
#1679 = LINE('',#1680,#1681);
#1680 = CARTESIAN_POINT('',(5.496445389784,0.));
#1681 = VECTOR('',#1682,1.);
#1682 = DIRECTION('',(1.,0.));
#1683 = ( GEOMETRIC_REPRESENTATION_CONTEXT(2) 
PARAMETRIC_REPRESENTATION_CONTEXT() REPRESENTATION_CONTEXT('2D SPACE',''
  ) );
#1684 = PCURVE('',#1263,#1685);
#1685 = DEFINITIONAL_REPRESENTATION('',(#1686),#1690);
#1686 = LINE('',#1687,#1688);
#1687 = CARTESIAN_POINT('',(5.496445389784,0.5));
#1688 = VECTOR('',#1689,1.);
#1689 = DIRECTION('',(1.,0.));
#1690 = ( GEOMETRIC_REPRESENTATION_CONTEXT(2) 
PARAMETRIC_REPRESENTATION_CONTEXT() REPRESENTATION_CONTEXT('2D SPACE',''
  ) );
#1691 = ORIENTED_EDGE('',*,*,#1692,.F.);
#1692 = EDGE_CURVE('',#1693,#1669,#1695,.T.);
#1693 = VERTEX_POINT('',#1694);
#1694 = CARTESIAN_POINT('',(2.58,3.108442551228,-3.458730292253));
#1695 = SURFACE_CURVE('',#1696,(#1701,#1711),.PCURVE_S1.);
#1696 = HYPERBOLA('',#1697,3.73048004627,2.58);
#1697 = AXIS2_PLACEMENT_3D('',#1698,#1699,#1700);
#1698 = CARTESIAN_POINT('',(2.58,-3.130711393869,-3.47578787293E-16));
#1699 = DIRECTION('',(1.,0.,0.));
#1700 = DIRECTION('',(-0.,1.,1.110223024625E-16));
#1701 = PCURVE('',#432,#1702);
#1702 = DEFINITIONAL_REPRESENTATION('',(#1703),#1710);
#1703 = B_SPLINE_CURVE_WITH_KNOTS('',5,(#1704,#1705,#1706,#1707,#1708,
    #1709),.UNSPECIFIED.,.F.,.F.,(6,6),(-1.10296059377,-1.080976959265),
  .PIECEWISE_BEZIER_KNOTS.);
#1704 = CARTESIAN_POINT('',(7.213084972687,0.108442551218));
#1705 = CARTESIAN_POINT('',(7.210456106317,8.645427400425E-02));
#1706 = CARTESIAN_POINT('',(7.207815659003,6.461675976699E-02));
#1707 = CARTESIAN_POINT('',(7.205163600572,4.292912296645E-02));
#1708 = CARTESIAN_POINT('',(7.202499901917,2.139049020373E-02));
#1709 = CARTESIAN_POINT('',(7.199824535076,-1.316727267791E-15));
#1710 = ( GEOMETRIC_REPRESENTATION_CONTEXT(2) 
PARAMETRIC_REPRESENTATION_CONTEXT() REPRESENTATION_CONTEXT('2D SPACE',''
  ) );
#1711 = PCURVE('',#1587,#1712);
#1712 = DEFINITIONAL_REPRESENTATION('',(#1713),#1717);
#1713 = ( BOUNDED_CURVE() B_SPLINE_CURVE(2,(#1714,#1715,#1716),
.UNSPECIFIED.,.F.,.F.) B_SPLINE_CURVE_WITH_KNOTS((3,3),(-1.177699892616,
-1.080976959265),.PIECEWISE_BEZIER_KNOTS.) CURVE() 
GEOMETRIC_REPRESENTATION_ITEM() RATIONAL_B_SPLINE_CURVE((1.,
1.001169643669,1.)) REPRESENTATION_ITEM('') );
#1714 = CARTESIAN_POINT('',(0.278804721463,-7.57));
#1715 = CARTESIAN_POINT('',(0.500407998038,-7.305099829551));
#1716 = CARTESIAN_POINT('',(0.705300904984,-7.07));
#1717 = ( GEOMETRIC_REPRESENTATION_CONTEXT(2) 
PARAMETRIC_REPRESENTATION_CONTEXT() REPRESENTATION_CONTEXT('2D SPACE',''
  ) );
#1718 = ORIENTED_EDGE('',*,*,#1719,.F.);
#1719 = EDGE_CURVE('',#1720,#1693,#1722,.T.);
#1720 = VERTEX_POINT('',#1721);
#1721 = CARTESIAN_POINT('',(2.4,3.185055980493,-3.649560313265));
#1722 = SURFACE_CURVE('',#1723,(#1741,#1762),.PCURVE_S1.);
#1723 = B_SPLINE_CURVE_WITH_KNOTS('',6,(#1724,#1725,#1726,#1727,#1728,
    #1729,#1730,#1731,#1732,#1733,#1734,#1735,#1736,#1737,#1738,#1739,
    #1740),.UNSPECIFIED.,.F.,.F.,(7,5,5,7),(0.,0.308743776198,
    0.547302847217,1.),.UNSPECIFIED.);
#1724 = CARTESIAN_POINT('',(2.4,3.185055980493,-3.649560313265));
#1725 = CARTESIAN_POINT('',(2.414532047298,3.189944416356,
    -3.644050212172));
#1726 = CARTESIAN_POINT('',(2.4290799467,3.193751604388,-3.637559071424)
  );
#1727 = CARTESIAN_POINT('',(2.443470356305,3.196419456013,
    -3.630142532334));
#1728 = CARTESIAN_POINT('',(2.457527771039,3.19791188046,-3.621881518139
    ));
#1729 = CARTESIAN_POINT('',(2.471082296024,3.198216359723,
    -3.612879243192));
#1730 = CARTESIAN_POINT('',(2.493941179601,3.196672648827,
    -3.595824284973));
#1731 = CARTESIAN_POINT('',(2.503511481065,3.195298050435,
    -3.588020745054));
#1732 = CARTESIAN_POINT('',(2.512616171878,3.193227381881,
    -3.579903792862));
#1733 = CARTESIAN_POINT('',(2.521188508181,3.190475102852,
    -3.571535825373));
#1734 = CARTESIAN_POINT('',(2.52916866295,3.187063870804,-3.562983399361
    ));
#1735 = CARTESIAN_POINT('',(2.550427341334,3.175357619479,
    -3.537866109428));
#1736 = CARTESIAN_POINT('',(2.562032359087,3.165427059887,
    -3.520999529671));
#1737 = CARTESIAN_POINT('',(2.570968018567,3.153438462928,
    -3.504184415447));
#1738 = CARTESIAN_POINT('',(2.576993934181,3.139693854082,
    -3.487912770126));
#1739 = CARTESIAN_POINT('',(2.58,3.124561861209,-3.472638315894));
#1740 = CARTESIAN_POINT('',(2.58,3.108442551228,-3.458730292253));
#1741 = PCURVE('',#432,#1742);
#1742 = DEFINITIONAL_REPRESENTATION('',(#1743),#1761);
#1743 = B_SPLINE_CURVE_WITH_KNOTS('',6,(#1744,#1745,#1746,#1747,#1748,
    #1749,#1750,#1751,#1752,#1753,#1754,#1755,#1756,#1757,#1758,#1759,
    #1760),.UNSPECIFIED.,.F.,.F.,(7,5,5,7),(0.,0.308743776198,
    0.547302847217,1.),.UNSPECIFIED.);
#1744 = CARTESIAN_POINT('',(7.272272847548,0.185055980493));
#1745 = CARTESIAN_POINT('',(7.268799981207,0.189944416356));
#1746 = CARTESIAN_POINT('',(7.265207124363,0.193751604388));
#1747 = CARTESIAN_POINT('',(7.261532119411,0.196419456013));
#1748 = CARTESIAN_POINT('',(7.257815518394,0.19791188046));
#1749 = CARTESIAN_POINT('',(7.254099321169,0.198216359723));
#1750 = CARTESIAN_POINT('',(7.247587203212,0.196672648827));
#1751 = CARTESIAN_POINT('',(7.244774055819,0.195298050435));
#1752 = CARTESIAN_POINT('',(7.242005681743,0.193227381881));
#1753 = CARTESIAN_POINT('',(7.239301375386,0.190475102852));
#1754 = CARTESIAN_POINT('',(7.23667991257,0.187063870804));
#1755 = CARTESIAN_POINT('',(7.229375665992,0.175357619479));
#1756 = CARTESIAN_POINT('',(7.224954636566,0.165427059887));
#1757 = CARTESIAN_POINT('',(7.221018174648,0.153438462928));
#1758 = CARTESIAN_POINT('',(7.217675146901,0.139693854082));
#1759 = CARTESIAN_POINT('',(7.215012159231,0.124561861209));
#1760 = CARTESIAN_POINT('',(7.213084972691,0.108442551228));
#1761 = ( GEOMETRIC_REPRESENTATION_CONTEXT(2) 
PARAMETRIC_REPRESENTATION_CONTEXT() REPRESENTATION_CONTEXT('2D SPACE',''
  ) );
#1762 = PCURVE('',#1763,#1768);
#1763 = TOROIDAL_SURFACE('',#1764,1.07,0.18);
#1764 = AXIS2_PLACEMENT_3D('',#1765,#1766,#1767);
#1765 = CARTESIAN_POINT('',(2.4,2.25,-2.82));
#1766 = DIRECTION('',(1.,0.,-0.));
#1767 = DIRECTION('',(-0.,0.,-1.));
#1768 = DEFINITIONAL_REPRESENTATION('',(#1769),#1787);
#1769 = B_SPLINE_CURVE_WITH_KNOTS('',6,(#1770,#1771,#1772,#1773,#1774,
    #1775,#1776,#1777,#1778,#1779,#1780,#1781,#1782,#1783,#1784,#1785,
    #1786),.UNSPECIFIED.,.F.,.F.,(7,5,5,7),(0.,0.308743776198,
    0.547302847217,1.),.UNSPECIFIED.);
#1770 = CARTESIAN_POINT('',(0.845111004,0.));
#1771 = CARTESIAN_POINT('',(0.851003807434,8.073359609727E-02));
#1772 = CARTESIAN_POINT('',(0.856909651837,0.161555294937));
#1773 = CARTESIAN_POINT('',(0.862794600683,0.242449088196));
#1774 = CARTESIAN_POINT('',(0.868621827767,0.323397897805));
#1775 = CARTESIAN_POINT('',(0.874349827013,0.404381806986));
#1776 = CARTESIAN_POINT('',(0.884242771838,0.547958828699));
#1777 = CARTESIAN_POINT('',(0.888467132747,0.61054900685));
#1778 = CARTESIAN_POINT('',(0.892581721656,0.673136263863));
#1779 = CARTESIAN_POINT('',(0.896562476073,0.735711750754));
#1780 = CARTESIAN_POINT('',(0.900383257663,0.798267759277));
#1781 = CARTESIAN_POINT('',(0.910909186903,0.979454876504));
#1782 = CARTESIAN_POINT('',(0.917125167463,1.098020736194));
#1783 = CARTESIAN_POINT('',(0.922470978791,1.216443997348));
#1784 = CARTESIAN_POINT('',(0.926731760165,1.334710948417));
#1785 = CARTESIAN_POINT('',(0.929674159907,1.452826557379));
#1786 = CARTESIAN_POINT('',(0.931109523451,1.570796326795));
#1787 = ( GEOMETRIC_REPRESENTATION_CONTEXT(2) 
PARAMETRIC_REPRESENTATION_CONTEXT() REPRESENTATION_CONTEXT('2D SPACE',''
  ) );
#1788 = ORIENTED_EDGE('',*,*,#1789,.T.);
#1789 = EDGE_CURVE('',#1720,#1790,#1792,.T.);
#1790 = VERTEX_POINT('',#1791);
#1791 = CARTESIAN_POINT('',(1.839891301137,3.,-3.82));
#1792 = SURFACE_CURVE('',#1793,(#1804,#1818),.PCURVE_S1.);
#1793 = B_SPLINE_CURVE_WITH_KNOTS('',5,(#1794,#1795,#1796,#1797,#1798,
    #1799,#1800,#1801,#1802,#1803),.UNSPECIFIED.,.F.,.F.,(6,4,6),(0.,
    0.954767859578,1.),.UNSPECIFIED.);
#1794 = CARTESIAN_POINT('',(2.4000006,3.185056182327,-3.649560085764));
#1795 = CARTESIAN_POINT('',(2.294976516345,3.149727127772,
    -3.689381976238));
#1796 = CARTESIAN_POINT('',(2.188989117546,3.1139956114,-3.725387911608)
  );
#1797 = CARTESIAN_POINT('',(2.082100685637,3.078265558938,
    -3.757948705205));
#1798 = CARTESIAN_POINT('',(1.974331776294,3.042882054845,
    -3.787337116868));
#1799 = CARTESIAN_POINT('',(1.860505957077,3.006556243396,
    -3.815051215652));
#1800 = CARTESIAN_POINT('',(1.855355342055,3.004914724575,
    -3.816298209441));
#1801 = CARTESIAN_POINT('',(1.850202695672,3.003274819063,-3.81753865456
    ));
#1802 = CARTESIAN_POINT('',(1.845048016035,3.001636564851,
    -3.818772576362));
#1803 = CARTESIAN_POINT('',(1.839891301137,3.,-3.82));
#1804 = PCURVE('',#432,#1805);
#1805 = DEFINITIONAL_REPRESENTATION('',(#1806),#1817);
#1806 = B_SPLINE_CURVE_WITH_KNOTS('',5,(#1807,#1808,#1809,#1810,#1811,
    #1812,#1813,#1814,#1815,#1816),.UNSPECIFIED.,.F.,.F.,(6,4,6),(
    1.090913029623E-06,0.954767859578,1.),.UNSPECIFIED.);
#1807 = CARTESIAN_POINT('',(7.272272847548,0.185055980493));
#1808 = CARTESIAN_POINT('',(7.297371458649,0.149726964465));
#1809 = CARTESIAN_POINT('',(7.322525348354,0.113995488925));
#1810 = CARTESIAN_POINT('',(7.347811515261,7.826547808045E-02));
#1811 = CARTESIAN_POINT('',(7.373290939932,4.288201521621E-02));
#1812 = CARTESIAN_POINT('',(7.400242044403,6.55624339551E-03));
#1813 = CARTESIAN_POINT('',(7.401461666565,4.914724575223E-03));
#1814 = CARTESIAN_POINT('',(7.402681859403,3.274819063E-03));
#1815 = CARTESIAN_POINT('',(7.403902628856,1.636564851079E-03));
#1816 = CARTESIAN_POINT('',(7.405123980815,0.));
#1817 = ( GEOMETRIC_REPRESENTATION_CONTEXT(2) 
PARAMETRIC_REPRESENTATION_CONTEXT() REPRESENTATION_CONTEXT('2D SPACE',''
  ) );
#1818 = PCURVE('',#919,#1819);
#1819 = DEFINITIONAL_REPRESENTATION('',(#1820),#1831);
#1820 = B_SPLINE_CURVE_WITH_KNOTS('',5,(#1821,#1822,#1823,#1824,#1825,
    #1826,#1827,#1828,#1829,#1830),.UNSPECIFIED.,.F.,.F.,(6,4,6),(0.,
    0.954767859578,1.),.UNSPECIFIED.);
#1821 = CARTESIAN_POINT('',(-0.725685079492,4.9800006));
#1822 = CARTESIAN_POINT('',(-0.768272777672,4.874976516345));
#1823 = CARTESIAN_POINT('',(-0.80879079644,4.768989117546));
#1824 = CARTESIAN_POINT('',(-0.847405852889,4.662100685637));
#1825 = CARTESIAN_POINT('',(-0.884171245856,4.554331776294));
#1826 = CARTESIAN_POINT('',(-0.920723768933,4.440505957077));
#1827 = CARTESIAN_POINT('',(-0.922372925674,4.435355342055));
#1828 = CARTESIAN_POINT('',(-0.92401788799,4.430202695672));
#1829 = CARTESIAN_POINT('',(-0.925658653151,4.425048016035));
#1830 = CARTESIAN_POINT('',(-0.927295218002,4.419891301137));
#1831 = ( GEOMETRIC_REPRESENTATION_CONTEXT(2) 
PARAMETRIC_REPRESENTATION_CONTEXT() REPRESENTATION_CONTEXT('2D SPACE',''
  ) );
#1832 = ORIENTED_EDGE('',*,*,#1833,.T.);
#1833 = EDGE_CURVE('',#1790,#1834,#1836,.T.);
#1834 = VERTEX_POINT('',#1835);
#1835 = CARTESIAN_POINT('',(-1.839891301137,3.,-3.82));
#1836 = SURFACE_CURVE('',#1837,(#1842,#1848),.PCURVE_S1.);
#1837 = CIRCLE('',#1838,4.24);
#1838 = AXIS2_PLACEMENT_3D('',#1839,#1840,#1841);
#1839 = CARTESIAN_POINT('',(0.,3.,3.330669073875E-16));
#1840 = DIRECTION('',(-0.,1.,1.110223024625E-16));
#1841 = DIRECTION('',(1.,0.,0.));
#1842 = PCURVE('',#432,#1843);
#1843 = DEFINITIONAL_REPRESENTATION('',(#1844),#1847);
#1844 = B_SPLINE_CURVE_WITH_KNOTS('',1,(#1845,#1846),.UNSPECIFIED.,.F.,
  .F.,(2,2),(1.121938673636,2.019653979954),.PIECEWISE_BEZIER_KNOTS.);
#1845 = CARTESIAN_POINT('',(7.405123980815,0.));
#1846 = CARTESIAN_POINT('',(8.302839287134,0.));
#1847 = ( GEOMETRIC_REPRESENTATION_CONTEXT(2) 
PARAMETRIC_REPRESENTATION_CONTEXT() REPRESENTATION_CONTEXT('2D SPACE',''
  ) );
#1848 = PCURVE('',#1849,#1854);
#1849 = CONICAL_SURFACE('',#1850,4.08,0.309702944542);
#1850 = AXIS2_PLACEMENT_3D('',#1851,#1852,#1853);
#1851 = CARTESIAN_POINT('',(0.,2.5,2.775557561563E-16));
#1852 = DIRECTION('',(0.,1.,1.110223024625E-16));
#1853 = DIRECTION('',(1.,0.,0.));
#1854 = DEFINITIONAL_REPRESENTATION('',(#1855),#1859);
#1855 = LINE('',#1856,#1857);
#1856 = CARTESIAN_POINT('',(0.,0.5));
#1857 = VECTOR('',#1858,1.);
#1858 = DIRECTION('',(1.,0.));
#1859 = ( GEOMETRIC_REPRESENTATION_CONTEXT(2) 
PARAMETRIC_REPRESENTATION_CONTEXT() REPRESENTATION_CONTEXT('2D SPACE',''
  ) );
#1860 = ORIENTED_EDGE('',*,*,#1861,.F.);
#1861 = EDGE_CURVE('',#800,#1834,#1862,.T.);
#1862 = SURFACE_CURVE('',#1863,(#1874,#1888),.PCURVE_S1.);
#1863 = B_SPLINE_CURVE_WITH_KNOTS('',5,(#1864,#1865,#1866,#1867,#1868,
    #1869,#1870,#1871,#1872,#1873),.UNSPECIFIED.,.F.,.F.,(6,4,6),(0.,
    0.954767859578,1.),.UNSPECIFIED.);
#1864 = CARTESIAN_POINT('',(-2.4000006,3.185056182327,-3.649560085764));
#1865 = CARTESIAN_POINT('',(-2.294976516345,3.149727127772,
    -3.689381976238));
#1866 = CARTESIAN_POINT('',(-2.188989117546,3.1139956114,-3.725387911609
    ));
#1867 = CARTESIAN_POINT('',(-2.082100685637,3.078265558938,
    -3.757948705205));
#1868 = CARTESIAN_POINT('',(-1.974331776294,3.042882054844,
    -3.787337116868));
#1869 = CARTESIAN_POINT('',(-1.860505957076,3.006556243395,
    -3.815051215652));
#1870 = CARTESIAN_POINT('',(-1.855355342055,3.004914724575,
    -3.816298209441));
#1871 = CARTESIAN_POINT('',(-1.850202695672,3.003274819063,
    -3.81753865456));
#1872 = CARTESIAN_POINT('',(-1.845048016035,3.001636564851,
    -3.818772576362));
#1873 = CARTESIAN_POINT('',(-1.839891301137,3.,-3.82));
#1874 = PCURVE('',#432,#1875);
#1875 = DEFINITIONAL_REPRESENTATION('',(#1876),#1887);
#1876 = B_SPLINE_CURVE_WITH_KNOTS('',5,(#1877,#1878,#1879,#1880,#1881,
    #1882,#1883,#1884,#1885,#1886),.UNSPECIFIED.,.F.,.F.,(6,4,6),(
    1.090913024666E-06,0.954767859578,1.),.UNSPECIFIED.);
#1877 = CARTESIAN_POINT('',(8.435690420401,0.185055980493));
#1878 = CARTESIAN_POINT('',(8.4105918093,0.149726964465));
#1879 = CARTESIAN_POINT('',(8.385437919594,0.113995488925));
#1880 = CARTESIAN_POINT('',(8.360151752688,7.826547808037E-02));
#1881 = CARTESIAN_POINT('',(8.334672328017,4.288201521609E-02));
#1882 = CARTESIAN_POINT('',(8.307721223546,6.556243395401E-03));
#1883 = CARTESIAN_POINT('',(8.306501601384,4.914724575141E-03));
#1884 = CARTESIAN_POINT('',(8.305281408546,3.274819062945E-03));
#1885 = CARTESIAN_POINT('',(8.304060639093,1.636564851051E-03));
#1886 = CARTESIAN_POINT('',(8.302839287134,0.));
#1887 = ( GEOMETRIC_REPRESENTATION_CONTEXT(2) 
PARAMETRIC_REPRESENTATION_CONTEXT() REPRESENTATION_CONTEXT('2D SPACE',''
  ) );
#1888 = PCURVE('',#919,#1889);
#1889 = DEFINITIONAL_REPRESENTATION('',(#1890),#1901);
#1890 = B_SPLINE_CURVE_WITH_KNOTS('',5,(#1891,#1892,#1893,#1894,#1895,
    #1896,#1897,#1898,#1899,#1900),.UNSPECIFIED.,.F.,.F.,(6,4,6),(0.,
    0.954767859578,1.),.UNSPECIFIED.);
#1891 = CARTESIAN_POINT('',(-0.725685079492,0.1799994));
#1892 = CARTESIAN_POINT('',(-0.768272777672,0.285023483655));
#1893 = CARTESIAN_POINT('',(-0.80879079644,0.391010882454));
#1894 = CARTESIAN_POINT('',(-0.847405852889,0.497899314363));
#1895 = CARTESIAN_POINT('',(-0.884171245856,0.605668223706));
#1896 = CARTESIAN_POINT('',(-0.920723768933,0.719494042924));
#1897 = CARTESIAN_POINT('',(-0.922372925674,0.724644657945));
#1898 = CARTESIAN_POINT('',(-0.92401788799,0.729797304328));
#1899 = CARTESIAN_POINT('',(-0.925658653151,0.734951983965));
#1900 = CARTESIAN_POINT('',(-0.927295218002,0.740108698863));
#1901 = ( GEOMETRIC_REPRESENTATION_CONTEXT(2) 
PARAMETRIC_REPRESENTATION_CONTEXT() REPRESENTATION_CONTEXT('2D SPACE',''
  ) );
#1902 = ORIENTED_EDGE('',*,*,#799,.F.);
#1903 = ORIENTED_EDGE('',*,*,#415,.T.);
#1904 = ORIENTED_EDGE('',*,*,#712,.T.);
#1905 = ORIENTED_EDGE('',*,*,#1344,.T.);
#1906 = ORIENTED_EDGE('',*,*,#1907,.T.);
#1907 = EDGE_CURVE('',#1316,#1610,#1908,.T.);
#1908 = SURFACE_CURVE('',#1909,(#1915,#1924),.PCURVE_S1.);
#1909 = B_SPLINE_CURVE_WITH_KNOTS('',4,(#1910,#1911,#1912,#1913,#1914),
  .UNSPECIFIED.,.F.,.F.,(5,5),(0.,1.),.PIECEWISE_BEZIER_KNOTS.);
#1910 = CARTESIAN_POINT('',(-2.958617037928,3.495876608647,3.5));
#1911 = CARTESIAN_POINT('',(-2.957943553546,3.496907224391,
    3.501502625154));
#1912 = CARTESIAN_POINT('',(-2.957269254539,3.497937995527,3.50300524025
    ));
#1913 = CARTESIAN_POINT('',(-2.956594140237,3.498968921061,
    3.504507844173));
#1914 = CARTESIAN_POINT('',(-2.955918209969,3.5,3.506010435805));
#1915 = PCURVE('',#432,#1916);
#1916 = DEFINITIONAL_REPRESENTATION('',(#1917),#1923);
#1917 = B_SPLINE_CURVE_WITH_KNOTS('',4,(#1918,#1919,#1920,#1921,#1922),
  .UNSPECIFIED.,.F.,.F.,(5,5),(0.,1.),.PIECEWISE_BEZIER_KNOTS.);
#1918 = CARTESIAN_POINT('',(10.293803980533,0.495876608647));
#1919 = CARTESIAN_POINT('',(10.2941278749,0.496907224391));
#1920 = CARTESIAN_POINT('',(10.294451769266,0.497937995527));
#1921 = CARTESIAN_POINT('',(10.294775663632,0.498968921061));
#1922 = CARTESIAN_POINT('',(10.295099557999,0.5));
#1923 = ( GEOMETRIC_REPRESENTATION_CONTEXT(2) 
PARAMETRIC_REPRESENTATION_CONTEXT() REPRESENTATION_CONTEXT('2D SPACE',''
  ) );
#1924 = PCURVE('',#1332,#1925);
#1925 = DEFINITIONAL_REPRESENTATION('',(#1926),#1932);
#1926 = B_SPLINE_CURVE_WITH_KNOTS('',4,(#1927,#1928,#1929,#1930,#1931),
  .UNSPECIFIED.,.F.,.F.,(5,5),(0.,1.),.PIECEWISE_BEZIER_KNOTS.);
#1927 = CARTESIAN_POINT('',(2.273147868972,-1.263105049462E-15));
#1928 = CARTESIAN_POINT('',(2.272890241945,1.502625154288E-03));
#1929 = CARTESIAN_POINT('',(2.272632509969,3.005240249938E-03));
#1930 = CARTESIAN_POINT('',(2.272374673073,4.507844173212E-03));
#1931 = CARTESIAN_POINT('',(2.272116731289,6.010435805253E-03));
#1932 = ( GEOMETRIC_REPRESENTATION_CONTEXT(2) 
PARAMETRIC_REPRESENTATION_CONTEXT() REPRESENTATION_CONTEXT('2D SPACE',''
  ) );
#1933 = ADVANCED_FACE('',(#1934),#919,.T.);
#1934 = FACE_BOUND('',#1935,.F.);
#1935 = EDGE_LOOP('',(#1936,#1964,#2151,#2172,#2235,#2236,#2237,#2260,
    #2282,#2283));
#1936 = ORIENTED_EDGE('',*,*,#1937,.F.);
#1937 = EDGE_CURVE('',#1938,#1940,#1942,.T.);
#1938 = VERTEX_POINT('',#1939);
#1939 = CARTESIAN_POINT('',(0.206249665397,2.5,-4.044744869896));
#1940 = VERTEX_POINT('',#1941);
#1941 = CARTESIAN_POINT('',(0.535199892892,2.5,-4.044744871392));
#1942 = SURFACE_CURVE('',#1943,(#1947,#1953),.PCURVE_S1.);
#1943 = LINE('',#1944,#1945);
#1944 = CARTESIAN_POINT('',(-2.58,2.5,-4.044744871392));
#1945 = VECTOR('',#1946,1.);
#1946 = DIRECTION('',(1.,0.,0.));
#1947 = PCURVE('',#919,#1948);
#1948 = DEFINITIONAL_REPRESENTATION('',(#1949),#1952);
#1949 = B_SPLINE_CURVE_WITH_KNOTS('',1,(#1950,#1951),.UNSPECIFIED.,.F.,
  .F.,(2,2),(0.1799994,4.9800006),.PIECEWISE_BEZIER_KNOTS.);
#1950 = CARTESIAN_POINT('',(-1.369438406005,0.1799994));
#1951 = CARTESIAN_POINT('',(-1.369438406005,4.9800006));
#1952 = ( GEOMETRIC_REPRESENTATION_CONTEXT(2) 
PARAMETRIC_REPRESENTATION_CONTEXT() REPRESENTATION_CONTEXT('2D SPACE',''
  ) );
#1953 = PCURVE('',#1954,#1959);
#1954 = PLANE('',#1955);
#1955 = AXIS2_PLACEMENT_3D('',#1956,#1957,#1958);
#1956 = CARTESIAN_POINT('',(0.,2.5,2.775557561563E-16));
#1957 = DIRECTION('',(0.,1.,1.110223024625E-16));
#1958 = DIRECTION('',(1.,-0.,-0.));
#1959 = DEFINITIONAL_REPRESENTATION('',(#1960),#1963);
#1960 = B_SPLINE_CURVE_WITH_KNOTS('',1,(#1961,#1962),.UNSPECIFIED.,.F.,
  .F.,(2,2),(0.1799994,4.9800006),.PIECEWISE_BEZIER_KNOTS.);
#1961 = CARTESIAN_POINT('',(-2.4000006,4.044744871392));
#1962 = CARTESIAN_POINT('',(2.4000006,4.044744871392));
#1963 = ( GEOMETRIC_REPRESENTATION_CONTEXT(2) 
PARAMETRIC_REPRESENTATION_CONTEXT() REPRESENTATION_CONTEXT('2D SPACE',''
  ) );
#1964 = ORIENTED_EDGE('',*,*,#1965,.T.);
#1965 = EDGE_CURVE('',#1938,#1966,#1968,.T.);
#1966 = VERTEX_POINT('',#1967);
#1967 = CARTESIAN_POINT('',(-0.206249707648,2.5,-4.044744872902));
#1968 = SURFACE_CURVE('',#1969,(#2026,#2086),.PCURVE_S1.);
#1969 = B_SPLINE_CURVE_WITH_KNOTS('',7,(#1970,#1971,#1972,#1973,#1974,
    #1975,#1976,#1977,#1978,#1979,#1980,#1981,#1982,#1983,#1984,#1985,
    #1986,#1987,#1988,#1989,#1990,#1991,#1992,#1993,#1994,#1995,#1996,
    #1997,#1998,#1999,#2000,#2001,#2002,#2003,#2004,#2005,#2006,#2007,
    #2008,#2009,#2010,#2011,#2012,#2013,#2014,#2015,#2016,#2017,#2018,
    #2019,#2020,#2021,#2022,#2023,#2024,#2025),.UNSPECIFIED.,.F.,.F.,(8,
    6,6,6,6,6,6,6,6,8),(0.,0.155290916674,0.304319049412,0.422927525442,
    0.478775304256,0.534902038771,0.64128382961,0.695931938786,
    0.845425069775,1.),.UNSPECIFIED.);
#1970 = CARTESIAN_POINT('',(2.4000006,3.419138500377,-3.262284034231));
#1971 = CARTESIAN_POINT('',(2.30031034517,3.39139395673,-3.3356242673));
#1972 = CARTESIAN_POINT('',(2.199365353986,3.359236994506,
    -3.404409818998));
#1973 = CARTESIAN_POINT('',(2.097476800089,3.323411921952,-3.46868124508
    ));
#1974 = CARTESIAN_POINT('',(1.994879218746,3.284527065447,
    -3.528551005022));
#1975 = CARTESIAN_POINT('',(1.891722690858,3.243073504136,
    -3.584173300657));
#1976 = CARTESIAN_POINT('',(1.788064339296,3.199442841539,
    -3.635719185932));
#1977 = CARTESIAN_POINT('',(1.583856465424,3.110280125549,
    -3.729073508975));
#1978 = CARTESIAN_POINT('',(1.483367436494,3.064903163707,-3.77118290668
    ));
#1979 = CARTESIAN_POINT('',(1.38248308788,3.018146622511,-3.809775704004
    ));
#1980 = CARTESIAN_POINT('',(1.281252531978,2.970300007698,
    -3.844950230233));
#1981 = CARTESIAN_POINT('',(1.179675460082,2.921651422487,
    -3.876798225159));
#1982 = CARTESIAN_POINT('',(1.077699115585,2.872465256836,
    -3.905412430654));
#1983 = CARTESIAN_POINT('',(0.893382829057,2.783846125502,-3.95113272935
    ));
#1984 = CARTESIAN_POINT('',(0.813611643077,2.745592260123,
    -3.968818383339));
#1985 = CARTESIAN_POINT('',(0.73349511804,2.707509371301,-3.984708596916
    ));
#1986 = CARTESIAN_POINT('',(0.651433099117,2.66913728347,-3.999056640411
    ));
#1987 = CARTESIAN_POINT('',(0.567447182649,2.630965665019,
    -4.011566247461));
#1988 = CARTESIAN_POINT('',(0.482820253434,2.594662901299,
    -4.022004370781));
#1989 = CARTESIAN_POINT('',(0.35918597607,2.547278034814,-4.034236881866
    ));
#1990 = CARTESIAN_POINT('',(0.319081178097,2.532764405242,
    -4.037746984362));
#1991 = CARTESIAN_POINT('',(0.27844991798,2.519139240979,-4.040831356402
    ));
#1992 = CARTESIAN_POINT('',(0.237350262799,2.50672754635,-4.043463312158
    ));
#1993 = CARTESIAN_POINT('',(0.195804144894,2.495924048277,
    -4.045626546719));
#1994 = CARTESIAN_POINT('',(0.153702453003,2.487167696092,
    -4.047310876827));
#1995 = CARTESIAN_POINT('',(6.750176515919E-02,2.474626902338,
    -4.049668111661));
#1996 = CARTESIAN_POINT('',(2.388455576632E-02,2.470938856033,
    -4.050322390773));
#1997 = CARTESIAN_POINT('',(-1.975177491554E-02,2.47030797677,
    -4.05042138253));
#1998 = CARTESIAN_POINT('',(-6.338097919995E-02,2.472889614374,
    -4.049974561352));
#1999 = CARTESIAN_POINT('',(-0.106983730831,2.478514696834,
    -4.048976422635));
#2000 = CARTESIAN_POINT('',(-0.150199444039,2.486678046358,
    -4.04743008206));
#2001 = CARTESIAN_POINT('',(-0.271190849785,2.51521942746,
    -4.041688122997));
#2002 = CARTESIAN_POINT('',(-0.34905516094,2.540880234351,
    -4.036180004309));
#2003 = CARTESIAN_POINT('',(-0.426367534826,2.570868328847,
    -4.028986195322));
#2004 = CARTESIAN_POINT('',(-0.501714208256,2.602607631553,
    -4.020169317192));
#2005 = CARTESIAN_POINT('',(-0.574361929289,2.634694114343,
    -4.010135147739));
#2006 = CARTESIAN_POINT('',(-0.645818832792,2.66725345957,
    -3.998883753339));
#2007 = CARTESIAN_POINT('',(-0.757818793161,2.719443727757,
    -3.978655864068));
#2008 = CARTESIAN_POINT('',(-0.795720049898,2.737299859811,
    -3.971373992459));
#2009 = CARTESIAN_POINT('',(-0.833503799682,2.755242577143,
    -3.963677886054));
#2010 = CARTESIAN_POINT('',(-0.871170177292,2.77323020011,
    -3.955569315081));
#2011 = CARTESIAN_POINT('',(-0.908730341943,2.791235014113,
    -3.947047231098));
#2012 = CARTESIAN_POINT('',(-0.946207606936,2.809240981766,
    -3.938106152512));
#2013 = CARTESIAN_POINT('',(-1.086033178061,2.876482813192,
    -3.903097978002));
#2014 = CARTESIAN_POINT('',(-1.187781910789,2.925539419857,
    -3.87431449311));
#2015 = CARTESIAN_POINT('',(-1.289135241334,2.974043195326,
    -3.842305493168));
#2016 = CARTESIAN_POINT('',(-1.390145323407,3.021732607721,
    -3.806977856778));
#2017 = CARTESIAN_POINT('',(-1.490811268011,3.068322087849,
    -3.768239349268));
#2018 = CARTESIAN_POINT('',(-1.591082632909,3.113522500446,
    -3.72599178163));
#2019 = CARTESIAN_POINT('',(-1.794042327422,3.20195634999,
    -3.632740645732));
#2020 = CARTESIAN_POINT('',(-1.896681206998,3.245063928622,
    -3.581495493916));
#2021 = CARTESIAN_POINT('',(-1.998824200735,3.286020652467,
    -3.526246213964));
#2022 = CARTESIAN_POINT('',(-2.10041423306,3.324443779022,
    -3.466826790752));
#2023 = CARTESIAN_POINT('',(-2.20130469955,3.359854373183,
    -3.403087767219));
#2024 = CARTESIAN_POINT('',(-2.301267518081,3.391660345112,
    -3.334920093311));
#2025 = CARTESIAN_POINT('',(-2.4000006,3.419138500377,-3.262284034231));
#2026 = PCURVE('',#919,#2027);
#2027 = DEFINITIONAL_REPRESENTATION('',(#2028),#2085);
#2028 = B_SPLINE_CURVE_WITH_KNOTS('',7,(#2029,#2030,#2031,#2032,#2033,
    #2034,#2035,#2036,#2037,#2038,#2039,#2040,#2041,#2042,#2043,#2044,
    #2045,#2046,#2047,#2048,#2049,#2050,#2051,#2052,#2053,#2054,#2055,
    #2056,#2057,#2058,#2059,#2060,#2061,#2062,#2063,#2064,#2065,#2066,
    #2067,#2068,#2069,#2070,#2071,#2072,#2073,#2074,#2075,#2076,#2077,
    #2078,#2079,#2080,#2081,#2082,#2083,#2084),.UNSPECIFIED.,.F.,.F.,(8,
    6,6,6,6,6,6,6,6,8),(0.,0.155290916674,0.304319049412,0.422927525442,
    0.478775304256,0.534902038771,0.64128382961,0.695931938786,
    0.845425069775,1.),.UNSPECIFIED.);
#2029 = CARTESIAN_POINT('',(-0.361659883952,4.9800006));
#2030 = CARTESIAN_POINT('',(-0.424390033584,4.88031034517));
#2031 = CARTESIAN_POINT('',(-0.484961220093,4.779365353986));
#2032 = CARTESIAN_POINT('',(-0.543595798889,4.677476800089));
#2033 = CARTESIAN_POINT('',(-0.600485323321,4.574879218747));
#2034 = CARTESIAN_POINT('',(-0.655808052781,4.471722690858));
#2035 = CARTESIAN_POINT('',(-0.709736730905,4.368064339296));
#2036 = CARTESIAN_POINT('',(-0.813011183284,4.163856465424));
#2037 = CARTESIAN_POINT('',(-0.862445491465,4.063367436494));
#2038 = CARTESIAN_POINT('',(-0.910818726797,3.96248308788));
#2039 = CARTESIAN_POINT('',(-0.958197012102,3.861252531978));
#2040 = CARTESIAN_POINT('',(-1.004609056667,3.759675460082));
#2041 = CARTESIAN_POINT('',(-1.050073899373,3.657699115585));
#2042 = CARTESIAN_POINT('',(-1.12984836607,3.473382829057));
#2043 = CARTESIAN_POINT('',(-1.163531993141,3.393611643078));
#2044 = CARTESIAN_POINT('',(-1.196509348257,3.31349511804));
#2045 = CARTESIAN_POINT('',(-1.229235440798,3.231433099117));
#2046 = CARTESIAN_POINT('',(-1.26133439636,3.147447182649));
#2047 = CARTESIAN_POINT('',(-1.291542210427,3.062820253434));
#2048 = CARTESIAN_POINT('',(-1.330692872432,2.93918597607));
#2049 = CARTESIAN_POINT('',(-1.342637131053,2.899081178097));
#2050 = CARTESIAN_POINT('',(-1.353811165146,2.85844991798));
#2051 = CARTESIAN_POINT('',(-1.363960042951,2.817350262799));
#2052 = CARTESIAN_POINT('',(-1.372773959514,2.775804144894));
#2053 = CARTESIAN_POINT('',(-1.379907409401,2.733702453003));
#2054 = CARTESIAN_POINT('',(-1.390115737422,2.647501765159));
#2055 = CARTESIAN_POINT('',(-1.39311212019,2.603884555766));
#2056 = CARTESIAN_POINT('',(-1.393622908458,2.560248225084));
#2057 = CARTESIAN_POINT('',(-1.391526911137,2.5166190208));
#2058 = CARTESIAN_POINT('',(-1.386956629695,2.473016269169));
#2059 = CARTESIAN_POINT('',(-1.38031031206,2.429800555961));
#2060 = CARTESIAN_POINT('',(-1.357019723003,2.308809150215));
#2061 = CARTESIAN_POINT('',(-1.336025089426,2.23094483906));
#2062 = CARTESIAN_POINT('',(-1.311365669061,2.153632465174));
#2063 = CARTESIAN_POINT('',(-1.28504339119,2.078285791744));
#2064 = CARTESIAN_POINT('',(-1.258164686555,2.005638070711));
#2065 = CARTESIAN_POINT('',(-1.230624925531,1.934181167208));
#2066 = CARTESIAN_POINT('',(-1.185846419274,1.822181206839));
#2067 = CARTESIAN_POINT('',(-1.170421709938,1.784279950102));
#2068 = CARTESIAN_POINT('',(-1.154806859034,1.746496200318));
#2069 = CARTESIAN_POINT('',(-1.139027066479,1.708829822708));
#2070 = CARTESIAN_POINT('',(-1.123095731546,1.671269658057));
#2071 = CARTESIAN_POINT('',(-1.107015707468,1.633792393064));
#2072 = CARTESIAN_POINT('',(-1.046368340231,1.493966821939));
#2073 = CARTESIAN_POINT('',(-1.000924655975,1.392218089211));
#2074 = CARTESIAN_POINT('',(-0.954538470348,1.290864758666));
#2075 = CARTESIAN_POINT('',(-0.907188405989,1.189854676593));
#2076 = CARTESIAN_POINT('',(-0.858843497883,1.089188731989));
#2077 = CARTESIAN_POINT('',(-0.809437070813,0.988917367091));
#2078 = CARTESIAN_POINT('',(-0.706624402048,0.785957672578));
#2079 = CARTESIAN_POINT('',(-0.653147099514,0.683318793002));
#2080 = CARTESIAN_POINT('',(-0.598296650529,0.581175799265));
#2081 = CARTESIAN_POINT('',(-0.541904637891,0.47958576694));
#2082 = CARTESIAN_POINT('',(-0.483797235633,0.37869530045));
#2083 = CARTESIAN_POINT('',(-0.423787731984,0.278732481919));
#2084 = CARTESIAN_POINT('',(-0.361659883952,0.1799994));
#2085 = ( GEOMETRIC_REPRESENTATION_CONTEXT(2) 
PARAMETRIC_REPRESENTATION_CONTEXT() REPRESENTATION_CONTEXT('2D SPACE',''
  ) );
#2086 = PCURVE('',#2087,#2092);
#2087 = CYLINDRICAL_SURFACE('',#2088,4.05);
#2088 = AXIS2_PLACEMENT_3D('',#2089,#2090,#2091);
#2089 = CARTESIAN_POINT('',(0.,0.,0.));
#2090 = DIRECTION('',(-0.,-1.,-1.110223024625E-16));
#2091 = DIRECTION('',(1.,0.,0.));
#2092 = DEFINITIONAL_REPRESENTATION('',(#2093),#2150);
#2093 = B_SPLINE_CURVE_WITH_KNOTS('',7,(#2094,#2095,#2096,#2097,#2098,
    #2099,#2100,#2101,#2102,#2103,#2104,#2105,#2106,#2107,#2108,#2109,
    #2110,#2111,#2112,#2113,#2114,#2115,#2116,#2117,#2118,#2119,#2120,
    #2121,#2122,#2123,#2124,#2125,#2126,#2127,#2128,#2129,#2130,#2131,
    #2132,#2133,#2134,#2135,#2136,#2137,#2138,#2139,#2140,#2141,#2142,
    #2143,#2144,#2145,#2146,#2147,#2148,#2149),.UNSPECIFIED.,.F.,.F.,(8,
    6,6,6,6,6,6,6,6,8),(0.,0.155290916674,0.304319049412,0.422927525442,
    0.478775304256,0.534902038771,0.64128382961,0.695931938786,
    0.845425069775,1.),.UNSPECIFIED.);
#2094 = CARTESIAN_POINT('',(-7.219707801932,-3.419138500377));
#2095 = CARTESIAN_POINT('',(-7.250266224737,-3.39139395673));
#2096 = CARTESIAN_POINT('',(-7.280407759778,-3.359236994506));
#2097 = CARTESIAN_POINT('',(-7.310123086001,-3.323411921952));
#2098 = CARTESIAN_POINT('',(-7.339422829249,-3.284527065447));
#2099 = CARTESIAN_POINT('',(-7.368334846127,-3.243073504136));
#2100 = CARTESIAN_POINT('',(-7.396904065749,-3.199442841539));
#2101 = CARTESIAN_POINT('',(-7.45234476204,-3.110280125549));
#2102 = CARTESIAN_POINT('',(-7.479233540002,-3.064903163707));
#2103 = CARTESIAN_POINT('',(-7.505882797857,-3.018146622511));
#2104 = CARTESIAN_POINT('',(-7.532321341708,-2.970300007698));
#2105 = CARTESIAN_POINT('',(-7.558586654663,-2.921651422487));
#2106 = CARTESIAN_POINT('',(-7.584726367647,-2.872465256836));
#2107 = CARTESIAN_POINT('',(-7.631615795603,-2.783846125502));
#2108 = CARTESIAN_POINT('',(-7.651784330273,-2.745592260123));
#2109 = CARTESIAN_POINT('',(-7.671943746187,-2.707509371301));
#2110 = CARTESIAN_POINT('',(-7.692502570821,-2.66913728347));
#2111 = CARTESIAN_POINT('',(-7.71345783229,-2.630965665019));
#2112 = CARTESIAN_POINT('',(-7.73450563304,-2.594662901299));
#2113 = CARTESIAN_POINT('',(-7.76518167072,-2.547278034814));
#2114 = CARTESIAN_POINT('',(-7.775121315142,-2.532764405242));
#2115 = CARTESIAN_POINT('',(-7.785181486544,-2.519139240979));
#2116 = CARTESIAN_POINT('',(-7.795349065971,-2.50672754635));
#2117 = CARTESIAN_POINT('',(-7.80562006753,-2.495924048277));
#2118 = CARTESIAN_POINT('',(-7.816023037084,-2.487167696092));
#2119 = CARTESIAN_POINT('',(-7.837315114162,-2.474626902338));
#2120 = CARTESIAN_POINT('',(-7.848085165213,-2.470938856033));
#2121 = CARTESIAN_POINT('',(-7.85885827244,-2.47030797677));
#2122 = CARTESIAN_POINT('',(-7.869629880694,-2.472889614374));
#2123 = CARTESIAN_POINT('',(-7.880397448247,-2.478514696834));
#2124 = CARTESIAN_POINT('',(-7.891074075969,-2.486678046358));
#2125 = CARTESIAN_POINT('',(-7.92098212013,-2.51521942746));
#2126 = CARTESIAN_POINT('',(-7.940250771594,-2.540880234351));
#2127 = CARTESIAN_POINT('',(-7.959415024849,-2.570868328847));
#2128 = CARTESIAN_POINT('',(-7.978137139831,-2.602607631553));
#2129 = CARTESIAN_POINT('',(-7.996240268243,-2.634694114343));
#2130 = CARTESIAN_POINT('',(-8.014096761317,-2.66725345957));
#2131 = CARTESIAN_POINT('',(-8.042198475917,-2.719443727757));
#2132 = CARTESIAN_POINT('',(-8.051727374344,-2.737299859811));
#2133 = CARTESIAN_POINT('',(-8.061247322957,-2.755242577143));
#2134 = CARTESIAN_POINT('',(-8.070759671441,-2.77323020011));
#2135 = CARTESIAN_POINT('',(-8.080268567163,-2.791235014113));
#2136 = CARTESIAN_POINT('',(-8.089781327713,-2.809240981766));
#2137 = CARTESIAN_POINT('',(-8.125371813489,-2.876482813192));
#2138 = CARTESIAN_POINT('',(-8.151468832808,-2.925539419857));
#2139 = CARTESIAN_POINT('',(-8.177693471048,-2.974043195326));
#2140 = CARTESIAN_POINT('',(-8.204093156309,-3.021732607721));
#2141 = CARTESIAN_POINT('',(-8.230705037335,-3.068322087849));
#2142 = CARTESIAN_POINT('',(-8.257557537294,-3.113522500446));
#2143 = CARTESIAN_POINT('',(-8.31270744838,-3.20195634999));
#2144 = CARTESIAN_POINT('',(-8.341018658583,-3.245063928622));
#2145 = CARTESIAN_POINT('',(-8.369667394469,-3.286020652467));
#2146 = CARTESIAN_POINT('',(-8.398697078861,-3.324443779022));
#2147 = CARTESIAN_POINT('',(-8.428134664898,-3.359854373183));
#2148 = CARTESIAN_POINT('',(-8.457990448967,-3.391660345112));
#2149 = CARTESIAN_POINT('',(-8.488255466017,-3.419138500377));
#2150 = ( GEOMETRIC_REPRESENTATION_CONTEXT(2) 
PARAMETRIC_REPRESENTATION_CONTEXT() REPRESENTATION_CONTEXT('2D SPACE',''
  ) );
#2151 = ORIENTED_EDGE('',*,*,#2152,.F.);
#2152 = EDGE_CURVE('',#2153,#1966,#2155,.T.);
#2153 = VERTEX_POINT('',#2154);
#2154 = CARTESIAN_POINT('',(-0.535199892892,2.5,-4.044744871392));
#2155 = SURFACE_CURVE('',#2156,(#2160,#2166),.PCURVE_S1.);
#2156 = LINE('',#2157,#2158);
#2157 = CARTESIAN_POINT('',(-2.58,2.5,-4.044744871392));
#2158 = VECTOR('',#2159,1.);
#2159 = DIRECTION('',(1.,0.,0.));
#2160 = PCURVE('',#919,#2161);
#2161 = DEFINITIONAL_REPRESENTATION('',(#2162),#2165);
#2162 = B_SPLINE_CURVE_WITH_KNOTS('',1,(#2163,#2164),.UNSPECIFIED.,.F.,
  .F.,(2,2),(0.1799994,4.9800006),.PIECEWISE_BEZIER_KNOTS.);
#2163 = CARTESIAN_POINT('',(-1.369438406005,0.1799994));
#2164 = CARTESIAN_POINT('',(-1.369438406005,4.9800006));
#2165 = ( GEOMETRIC_REPRESENTATION_CONTEXT(2) 
PARAMETRIC_REPRESENTATION_CONTEXT() REPRESENTATION_CONTEXT('2D SPACE',''
  ) );
#2166 = PCURVE('',#1954,#2167);
#2167 = DEFINITIONAL_REPRESENTATION('',(#2168),#2171);
#2168 = B_SPLINE_CURVE_WITH_KNOTS('',1,(#2169,#2170),.UNSPECIFIED.,.F.,
  .F.,(2,2),(0.1799994,4.9800006),.PIECEWISE_BEZIER_KNOTS.);
#2169 = CARTESIAN_POINT('',(-2.4000006,4.044744871392));
#2170 = CARTESIAN_POINT('',(2.4000006,4.044744871392));
#2171 = ( GEOMETRIC_REPRESENTATION_CONTEXT(2) 
PARAMETRIC_REPRESENTATION_CONTEXT() REPRESENTATION_CONTEXT('2D SPACE',''
  ) );
#2172 = ORIENTED_EDGE('',*,*,#2173,.F.);
#2173 = EDGE_CURVE('',#1834,#2153,#2174,.T.);
#2174 = SURFACE_CURVE('',#2175,(#2193,#2214),.PCURVE_S1.);
#2175 = B_SPLINE_CURVE_WITH_KNOTS('',6,(#2176,#2177,#2178,#2179,#2180,
    #2181,#2182,#2183,#2184,#2185,#2186,#2187,#2188,#2189,#2190,#2191,
    #2192),.UNSPECIFIED.,.F.,.F.,(7,5,5,7),(0.,0.256285858951,
    0.620035208059,1.),.UNSPECIFIED.);
#2176 = CARTESIAN_POINT('',(-1.839891301137,3.,-3.82));
#2177 = CARTESIAN_POINT('',(-1.786534414119,2.976746678601,
    -3.837439991049));
#2178 = CARTESIAN_POINT('',(-1.732998198383,2.9533777627,-3.853952825732
    ));
#2179 = CARTESIAN_POINT('',(-1.679279889113,2.92993969599,
    -3.869564375533));
#2180 = CARTESIAN_POINT('',(-1.625374465832,2.906479247068,
    -3.884298647189));
#2181 = CARTESIAN_POINT('',(-1.571273692426,2.883045557302,
    -3.898178535084));
#2182 = CARTESIAN_POINT('',(-1.439884453494,2.8265464948,-3.929745798847
    ));
#2183 = CARTESIAN_POINT('',(-1.362388680789,2.793563772506,
    -3.946588512614));
#2184 = CARTESIAN_POINT('',(-1.284437128943,2.760896808627,
    -3.961820439842));
#2185 = CARTESIAN_POINT('',(-1.205983963425,2.72871798843,
    -3.975502648149));
#2186 = CARTESIAN_POINT('',(-1.126966278442,2.697242637898,
    -3.987698565726));
#2187 = CARTESIAN_POINT('',(-0.964066259321,2.634902879948,
    -4.00974409861));
#2188 = CARTESIAN_POINT('',(-0.880145921985,2.604136629541,
    -4.019461818105));
#2189 = CARTESIAN_POINT('',(-0.795397474898,2.574767029999,
    -4.027723052765));
#2190 = CARTESIAN_POINT('',(-0.709718847867,2.547209268044,
    -4.034612225695));
#2191 = CARTESIAN_POINT('',(-0.623011791386,2.522051546146,
    -4.040243618383));
#2192 = CARTESIAN_POINT('',(-0.535199892892,2.5,-4.044744871392));
#2193 = PCURVE('',#919,#2194);
#2194 = DEFINITIONAL_REPRESENTATION('',(#2195),#2213);
#2195 = B_SPLINE_CURVE_WITH_KNOTS('',6,(#2196,#2197,#2198,#2199,#2200,
    #2201,#2202,#2203,#2204,#2205,#2206,#2207,#2208,#2209,#2210,#2211,
    #2212),.UNSPECIFIED.,.F.,.F.,(7,5,5,7),(0.,0.256285858951,
    0.620035208059,1.),.UNSPECIFIED.);
#2196 = CARTESIAN_POINT('',(-0.927295218002,0.740108698863));
#2197 = CARTESIAN_POINT('',(-0.9505485394,0.793465585881));
#2198 = CARTESIAN_POINT('',(-0.973430816717,0.847001801617));
#2199 = CARTESIAN_POINT('',(-0.995947326491,0.900720110887));
#2200 = CARTESIAN_POINT('',(-1.018098778358,0.954625534168));
#2201 = CARTESIAN_POINT('',(-1.03988048084,1.008726307574));
#2202 = CARTESIAN_POINT('',(-1.091656220054,1.140115546506));
#2203 = CARTESIAN_POINT('',(-1.121263027603,1.217611319211));
#2204 = CARTESIAN_POINT('',(-1.150070876313,1.295562871057));
#2205 = CARTESIAN_POINT('',(-1.178021753513,1.374016036575));
#2206 = CARTESIAN_POINT('',(-1.205014179232,1.453033721558));
#2207 = CARTESIAN_POINT('',(-1.257912578098,1.615933740679));
#2208 = CARTESIAN_POINT('',(-1.283709318783,1.699854078015));
#2209 = CARTESIAN_POINT('',(-1.308099418882,1.784602525102));
#2210 = CARTESIAN_POINT('',(-1.330812787555,1.870281152133));
#2211 = CARTESIAN_POINT('',(-1.351433393972,1.956988208614));
#2212 = CARTESIAN_POINT('',(-1.369438406005,2.044800107108));
#2213 = ( GEOMETRIC_REPRESENTATION_CONTEXT(2) 
PARAMETRIC_REPRESENTATION_CONTEXT() REPRESENTATION_CONTEXT('2D SPACE',''
  ) );
#2214 = PCURVE('',#1849,#2215);
#2215 = DEFINITIONAL_REPRESENTATION('',(#2216),#2234);
#2216 = B_SPLINE_CURVE_WITH_KNOTS('',6,(#2217,#2218,#2219,#2220,#2221,
    #2222,#2223,#2224,#2225,#2226,#2227,#2228,#2229,#2230,#2231,#2232,
    #2233),.UNSPECIFIED.,.F.,.F.,(7,5,5,7),(0.,0.256285858951,
    0.620035208059,1.),.UNSPECIFIED.);
#2217 = CARTESIAN_POINT('',(2.019653979954,0.5));
#2218 = CARTESIAN_POINT('',(2.006531483279,0.476746678601));
#2219 = CARTESIAN_POINT('',(1.993410498498,0.4533777627));
#2220 = CARTESIAN_POINT('',(1.980283222975,0.42993969599));
#2221 = CARTESIAN_POINT('',(1.96714187591,0.406479247068));
#2222 = CARTESIAN_POINT('',(1.953978369778,0.383045557302));
#2223 = CARTESIAN_POINT('',(1.922057041227,0.3265464948));
#2224 = CARTESIAN_POINT('',(1.903268717535,0.293563772506));
#2225 = CARTESIAN_POINT('',(1.884392882115,0.260896808627));
#2226 = CARTESIAN_POINT('',(1.865403576864,0.22871798843));
#2227 = CARTESIAN_POINT('',(1.846272136559,0.197242637898));
#2228 = CARTESIAN_POINT('',(1.806795769768,0.134902879948));
#2229 = CARTESIAN_POINT('',(1.78644007316,0.104136629541));
#2230 = CARTESIAN_POINT('',(1.765851298539,7.476702999924E-02));
#2231 = CARTESIAN_POINT('',(1.744993171292,4.720926804404E-02));
#2232 = CARTESIAN_POINT('',(1.723833181171,2.205154614643E-02));
#2233 = CARTESIAN_POINT('',(1.702351912176,0.));
#2234 = ( GEOMETRIC_REPRESENTATION_CONTEXT(2) 
PARAMETRIC_REPRESENTATION_CONTEXT() REPRESENTATION_CONTEXT('2D SPACE',''
  ) );
#2235 = ORIENTED_EDGE('',*,*,#1861,.F.);
#2236 = ORIENTED_EDGE('',*,*,#904,.T.);
#2237 = ORIENTED_EDGE('',*,*,#2238,.T.);
#2238 = EDGE_CURVE('',#881,#2239,#2241,.T.);
#2239 = VERTEX_POINT('',#2240);
#2240 = CARTESIAN_POINT('',(2.4,2.25,-4.07));
#2241 = SURFACE_CURVE('',#2242,(#2246,#2253),.PCURVE_S1.);
#2242 = LINE('',#2243,#2244);
#2243 = CARTESIAN_POINT('',(-2.58,2.25,-4.07));
#2244 = VECTOR('',#2245,1.);
#2245 = DIRECTION('',(1.,0.,0.));
#2246 = PCURVE('',#919,#2247);
#2247 = DEFINITIONAL_REPRESENTATION('',(#2248),#2252);
#2248 = LINE('',#2249,#2250);
#2249 = CARTESIAN_POINT('',(-1.570796326795,0.));
#2250 = VECTOR('',#2251,1.);
#2251 = DIRECTION('',(-0.,1.));
#2252 = ( GEOMETRIC_REPRESENTATION_CONTEXT(2) 
PARAMETRIC_REPRESENTATION_CONTEXT() REPRESENTATION_CONTEXT('2D SPACE',''
  ) );
#2253 = PCURVE('',#951,#2254);
#2254 = DEFINITIONAL_REPRESENTATION('',(#2255),#2259);
#2255 = LINE('',#2256,#2257);
#2256 = CARTESIAN_POINT('',(0.,6.32));
#2257 = VECTOR('',#2258,1.);
#2258 = DIRECTION('',(1.,0.));
#2259 = ( GEOMETRIC_REPRESENTATION_CONTEXT(2) 
PARAMETRIC_REPRESENTATION_CONTEXT() REPRESENTATION_CONTEXT('2D SPACE',''
  ) );
#2260 = ORIENTED_EDGE('',*,*,#2261,.T.);
#2261 = EDGE_CURVE('',#2239,#1720,#2262,.T.);
#2262 = SURFACE_CURVE('',#2263,(#2268,#2275),.PCURVE_S1.);
#2263 = CIRCLE('',#2264,1.25);
#2264 = AXIS2_PLACEMENT_3D('',#2265,#2266,#2267);
#2265 = CARTESIAN_POINT('',(2.4,2.25,-2.82));
#2266 = DIRECTION('',(1.,0.,-0.));
#2267 = DIRECTION('',(-0.,0.,-1.));
#2268 = PCURVE('',#919,#2269);
#2269 = DEFINITIONAL_REPRESENTATION('',(#2270),#2274);
#2270 = LINE('',#2271,#2272);
#2271 = CARTESIAN_POINT('',(-1.570796326795,4.98));
#2272 = VECTOR('',#2273,1.);
#2273 = DIRECTION('',(1.,-0.));
#2274 = ( GEOMETRIC_REPRESENTATION_CONTEXT(2) 
PARAMETRIC_REPRESENTATION_CONTEXT() REPRESENTATION_CONTEXT('2D SPACE',''
  ) );
#2275 = PCURVE('',#1763,#2276);
#2276 = DEFINITIONAL_REPRESENTATION('',(#2277),#2281);
#2277 = LINE('',#2278,#2279);
#2278 = CARTESIAN_POINT('',(0.,0.));
#2279 = VECTOR('',#2280,1.);
#2280 = DIRECTION('',(1.,0.));
#2281 = ( GEOMETRIC_REPRESENTATION_CONTEXT(2) 
PARAMETRIC_REPRESENTATION_CONTEXT() REPRESENTATION_CONTEXT('2D SPACE',''
  ) );
#2282 = ORIENTED_EDGE('',*,*,#1789,.T.);
#2283 = ORIENTED_EDGE('',*,*,#2284,.T.);
#2284 = EDGE_CURVE('',#1790,#1940,#2285,.T.);
#2285 = SURFACE_CURVE('',#2286,(#2304,#2325),.PCURVE_S1.);
#2286 = B_SPLINE_CURVE_WITH_KNOTS('',6,(#2287,#2288,#2289,#2290,#2291,
    #2292,#2293,#2294,#2295,#2296,#2297,#2298,#2299,#2300,#2301,#2302,
    #2303),.UNSPECIFIED.,.F.,.F.,(7,5,5,7),(0.,0.256285858951,
    0.620035208059,1.),.UNSPECIFIED.);
#2287 = CARTESIAN_POINT('',(1.839891301137,3.,-3.82));
#2288 = CARTESIAN_POINT('',(1.786534414119,2.976746678601,
    -3.837439991049));
#2289 = CARTESIAN_POINT('',(1.732998198383,2.9533777627,-3.853952825732)
  );
#2290 = CARTESIAN_POINT('',(1.679279889113,2.92993969599,-3.869564375533
    ));
#2291 = CARTESIAN_POINT('',(1.625374465831,2.906479247068,
    -3.884298647189));
#2292 = CARTESIAN_POINT('',(1.571273692425,2.883045557302,
    -3.898178535084));
#2293 = CARTESIAN_POINT('',(1.439884453494,2.8265464948,-3.929745798847)
  );
#2294 = CARTESIAN_POINT('',(1.362388680788,2.793563772506,
    -3.946588512614));
#2295 = CARTESIAN_POINT('',(1.284437128943,2.760896808626,
    -3.961820439842));
#2296 = CARTESIAN_POINT('',(1.205983963425,2.72871798843,-3.975502648149
    ));
#2297 = CARTESIAN_POINT('',(1.126966278442,2.697242637898,
    -3.987698565726));
#2298 = CARTESIAN_POINT('',(0.964066259321,2.634902879948,-4.00974409861
    ));
#2299 = CARTESIAN_POINT('',(0.880145921985,2.604136629541,
    -4.019461818105));
#2300 = CARTESIAN_POINT('',(0.795397474898,2.574767029999,
    -4.027723052765));
#2301 = CARTESIAN_POINT('',(0.709718847867,2.547209268044,
    -4.034612225694));
#2302 = CARTESIAN_POINT('',(0.623011791386,2.522051546146,
    -4.040243618383));
#2303 = CARTESIAN_POINT('',(0.535199892892,2.5,-4.044744871392));
#2304 = PCURVE('',#919,#2305);
#2305 = DEFINITIONAL_REPRESENTATION('',(#2306),#2324);
#2306 = B_SPLINE_CURVE_WITH_KNOTS('',6,(#2307,#2308,#2309,#2310,#2311,
    #2312,#2313,#2314,#2315,#2316,#2317,#2318,#2319,#2320,#2321,#2322,
    #2323),.UNSPECIFIED.,.F.,.F.,(7,5,5,7),(0.,0.256285858951,
    0.620035208059,1.),.UNSPECIFIED.);
#2307 = CARTESIAN_POINT('',(-0.927295218002,4.419891301137));
#2308 = CARTESIAN_POINT('',(-0.9505485394,4.366534414119));
#2309 = CARTESIAN_POINT('',(-0.973430816717,4.312998198383));
#2310 = CARTESIAN_POINT('',(-0.995947326491,4.259279889113));
#2311 = CARTESIAN_POINT('',(-1.018098778358,4.205374465831));
#2312 = CARTESIAN_POINT('',(-1.03988048084,4.151273692425));
#2313 = CARTESIAN_POINT('',(-1.091656220055,4.019884453494));
#2314 = CARTESIAN_POINT('',(-1.121263027603,3.942388680788));
#2315 = CARTESIAN_POINT('',(-1.150070876313,3.864437128943));
#2316 = CARTESIAN_POINT('',(-1.178021753513,3.785983963425));
#2317 = CARTESIAN_POINT('',(-1.205014179232,3.706966278442));
#2318 = CARTESIAN_POINT('',(-1.257912578098,3.544066259321));
#2319 = CARTESIAN_POINT('',(-1.283709318783,3.460145921985));
#2320 = CARTESIAN_POINT('',(-1.308099418882,3.375397474898));
#2321 = CARTESIAN_POINT('',(-1.330812787555,3.289718847867));
#2322 = CARTESIAN_POINT('',(-1.351433393972,3.203011791386));
#2323 = CARTESIAN_POINT('',(-1.369438406005,3.115199892892));
#2324 = ( GEOMETRIC_REPRESENTATION_CONTEXT(2) 
PARAMETRIC_REPRESENTATION_CONTEXT() REPRESENTATION_CONTEXT('2D SPACE',''
  ) );
#2325 = PCURVE('',#1849,#2326);
#2326 = DEFINITIONAL_REPRESENTATION('',(#2327),#2345);
#2327 = B_SPLINE_CURVE_WITH_KNOTS('',6,(#2328,#2329,#2330,#2331,#2332,
    #2333,#2334,#2335,#2336,#2337,#2338,#2339,#2340,#2341,#2342,#2343,
    #2344),.UNSPECIFIED.,.F.,.F.,(7,5,5,7),(0.,0.256285858951,
    0.620035208059,1.),.UNSPECIFIED.);
#2328 = CARTESIAN_POINT('',(1.121938673636,0.5));
#2329 = CARTESIAN_POINT('',(1.135061170311,0.476746678601));
#2330 = CARTESIAN_POINT('',(1.148182155092,0.4533777627));
#2331 = CARTESIAN_POINT('',(1.161309430615,0.42993969599));
#2332 = CARTESIAN_POINT('',(1.17445077768,0.406479247068));
#2333 = CARTESIAN_POINT('',(1.187614283811,0.383045557302));
#2334 = CARTESIAN_POINT('',(1.219535612363,0.3265464948));
#2335 = CARTESIAN_POINT('',(1.238323936054,0.293563772506));
#2336 = CARTESIAN_POINT('',(1.257199771475,0.260896808626));
#2337 = CARTESIAN_POINT('',(1.276189076726,0.22871798843));
#2338 = CARTESIAN_POINT('',(1.295320517031,0.197242637898));
#2339 = CARTESIAN_POINT('',(1.334796883822,0.134902879948));
#2340 = CARTESIAN_POINT('',(1.35515258043,0.104136629541));
#2341 = CARTESIAN_POINT('',(1.375741355051,7.476702999922E-02));
#2342 = CARTESIAN_POINT('',(1.396599482297,4.720926804405E-02));
#2343 = CARTESIAN_POINT('',(1.417759472419,2.205154614643E-02));
#2344 = CARTESIAN_POINT('',(1.439240741414,0.));
#2345 = ( GEOMETRIC_REPRESENTATION_CONTEXT(2) 
PARAMETRIC_REPRESENTATION_CONTEXT() REPRESENTATION_CONTEXT('2D SPACE',''
  ) );
#2346 = ADVANCED_FACE('',(#2347),#951,.F.);
#2347 = FACE_BOUND('',#2348,.F.);
#2348 = EDGE_LOOP('',(#2349,#2372,#2398,#2399));
#2349 = ORIENTED_EDGE('',*,*,#2350,.T.);
#2350 = EDGE_CURVE('',#936,#2351,#2353,.T.);
#2351 = VERTEX_POINT('',#2352);
#2352 = CARTESIAN_POINT('',(2.4,-2.82,-4.07));
#2353 = SURFACE_CURVE('',#2354,(#2358,#2365),.PCURVE_S1.);
#2354 = LINE('',#2355,#2356);
#2355 = CARTESIAN_POINT('',(-2.58,-2.82,-4.07));
#2356 = VECTOR('',#2357,1.);
#2357 = DIRECTION('',(1.,0.,0.));
#2358 = PCURVE('',#951,#2359);
#2359 = DEFINITIONAL_REPRESENTATION('',(#2360),#2364);
#2360 = LINE('',#2361,#2362);
#2361 = CARTESIAN_POINT('',(0.,1.25));
#2362 = VECTOR('',#2363,1.);
#2363 = DIRECTION('',(1.,0.));
#2364 = ( GEOMETRIC_REPRESENTATION_CONTEXT(2) 
PARAMETRIC_REPRESENTATION_CONTEXT() REPRESENTATION_CONTEXT('2D SPACE',''
  ) );
#2365 = PCURVE('',#1030,#2366);
#2366 = DEFINITIONAL_REPRESENTATION('',(#2367),#2371);
#2367 = LINE('',#2368,#2369);
#2368 = CARTESIAN_POINT('',(1.570796326795,0.));
#2369 = VECTOR('',#2370,1.);
#2370 = DIRECTION('',(0.,1.));
#2371 = ( GEOMETRIC_REPRESENTATION_CONTEXT(2) 
PARAMETRIC_REPRESENTATION_CONTEXT() REPRESENTATION_CONTEXT('2D SPACE',''
  ) );
#2372 = ORIENTED_EDGE('',*,*,#2373,.T.);
#2373 = EDGE_CURVE('',#2351,#2239,#2374,.T.);
#2374 = SURFACE_CURVE('',#2375,(#2379,#2386),.PCURVE_S1.);
#2375 = LINE('',#2376,#2377);
#2376 = CARTESIAN_POINT('',(2.4,-2.82,-4.07));
#2377 = VECTOR('',#2378,1.);
#2378 = DIRECTION('',(0.,1.,0.));
#2379 = PCURVE('',#951,#2380);
#2380 = DEFINITIONAL_REPRESENTATION('',(#2381),#2385);
#2381 = LINE('',#2382,#2383);
#2382 = CARTESIAN_POINT('',(4.98,1.25));
#2383 = VECTOR('',#2384,1.);
#2384 = DIRECTION('',(0.,1.));
#2385 = ( GEOMETRIC_REPRESENTATION_CONTEXT(2) 
PARAMETRIC_REPRESENTATION_CONTEXT() REPRESENTATION_CONTEXT('2D SPACE',''
  ) );
#2386 = PCURVE('',#2387,#2392);
#2387 = CYLINDRICAL_SURFACE('',#2388,0.18);
#2388 = AXIS2_PLACEMENT_3D('',#2389,#2390,#2391);
#2389 = CARTESIAN_POINT('',(2.4,-2.82,-3.89));
#2390 = DIRECTION('',(0.,1.,0.));
#2391 = DIRECTION('',(0.,0.,-1.));
#2392 = DEFINITIONAL_REPRESENTATION('',(#2393),#2397);
#2393 = LINE('',#2394,#2395);
#2394 = CARTESIAN_POINT('',(-0.,0.));
#2395 = VECTOR('',#2396,1.);
#2396 = DIRECTION('',(-0.,1.));
#2397 = ( GEOMETRIC_REPRESENTATION_CONTEXT(2) 
PARAMETRIC_REPRESENTATION_CONTEXT() REPRESENTATION_CONTEXT('2D SPACE',''
  ) );
#2398 = ORIENTED_EDGE('',*,*,#2238,.F.);
#2399 = ORIENTED_EDGE('',*,*,#935,.T.);
#2400 = ADVANCED_FACE('',(#2401),#1030,.T.);
#2401 = FACE_BOUND('',#2402,.T.);
#2402 = EDGE_LOOP('',(#2403,#2426,#2427,#2428));
#2403 = ORIENTED_EDGE('',*,*,#2404,.F.);
#2404 = EDGE_CURVE('',#992,#2405,#2407,.T.);
#2405 = VERTEX_POINT('',#2406);
#2406 = CARTESIAN_POINT('',(2.4,-4.07,-2.82));
#2407 = SURFACE_CURVE('',#2408,(#2412,#2419),.PCURVE_S1.);
#2408 = LINE('',#2409,#2410);
#2409 = CARTESIAN_POINT('',(-2.58,-4.07,-2.82));
#2410 = VECTOR('',#2411,1.);
#2411 = DIRECTION('',(1.,0.,0.));
#2412 = PCURVE('',#1030,#2413);
#2413 = DEFINITIONAL_REPRESENTATION('',(#2414),#2418);
#2414 = LINE('',#2415,#2416);
#2415 = CARTESIAN_POINT('',(0.,0.));
#2416 = VECTOR('',#2417,1.);
#2417 = DIRECTION('',(0.,1.));
#2418 = ( GEOMETRIC_REPRESENTATION_CONTEXT(2) 
PARAMETRIC_REPRESENTATION_CONTEXT() REPRESENTATION_CONTEXT('2D SPACE',''
  ) );
#2419 = PCURVE('',#1062,#2420);
#2420 = DEFINITIONAL_REPRESENTATION('',(#2421),#2425);
#2421 = LINE('',#2422,#2423);
#2422 = CARTESIAN_POINT('',(1.25,0.));
#2423 = VECTOR('',#2424,1.);
#2424 = DIRECTION('',(0.,1.));
#2425 = ( GEOMETRIC_REPRESENTATION_CONTEXT(2) 
PARAMETRIC_REPRESENTATION_CONTEXT() REPRESENTATION_CONTEXT('2D SPACE',''
  ) );
#2426 = ORIENTED_EDGE('',*,*,#1015,.F.);
#2427 = ORIENTED_EDGE('',*,*,#2350,.T.);
#2428 = ORIENTED_EDGE('',*,*,#2429,.F.);
#2429 = EDGE_CURVE('',#2405,#2351,#2430,.T.);
#2430 = SURFACE_CURVE('',#2431,(#2436,#2443),.PCURVE_S1.);
#2431 = CIRCLE('',#2432,1.25);
#2432 = AXIS2_PLACEMENT_3D('',#2433,#2434,#2435);
#2433 = CARTESIAN_POINT('',(2.4,-2.82,-2.82));
#2434 = DIRECTION('',(1.,0.,0.));
#2435 = DIRECTION('',(0.,-1.,0.));
#2436 = PCURVE('',#1030,#2437);
#2437 = DEFINITIONAL_REPRESENTATION('',(#2438),#2442);
#2438 = LINE('',#2439,#2440);
#2439 = CARTESIAN_POINT('',(0.,4.98));
#2440 = VECTOR('',#2441,1.);
#2441 = DIRECTION('',(1.,0.));
#2442 = ( GEOMETRIC_REPRESENTATION_CONTEXT(2) 
PARAMETRIC_REPRESENTATION_CONTEXT() REPRESENTATION_CONTEXT('2D SPACE',''
  ) );
#2443 = PCURVE('',#2444,#2449);
#2444 = TOROIDAL_SURFACE('',#2445,1.07,0.18);
#2445 = AXIS2_PLACEMENT_3D('',#2446,#2447,#2448);
#2446 = CARTESIAN_POINT('',(2.4,-2.82,-2.82));
#2447 = DIRECTION('',(1.,0.,-0.));
#2448 = DIRECTION('',(0.,-1.,0.));
#2449 = DEFINITIONAL_REPRESENTATION('',(#2450),#2454);
#2450 = LINE('',#2451,#2452);
#2451 = CARTESIAN_POINT('',(0.,0.));
#2452 = VECTOR('',#2453,1.);
#2453 = DIRECTION('',(1.,0.));
#2454 = ( GEOMETRIC_REPRESENTATION_CONTEXT(2) 
PARAMETRIC_REPRESENTATION_CONTEXT() REPRESENTATION_CONTEXT('2D SPACE',''
  ) );
#2455 = ADVANCED_FACE('',(#2456),#1062,.F.);
#2456 = FACE_BOUND('',#2457,.F.);
#2457 = EDGE_LOOP('',(#2458,#2459,#2460,#2483));
#2458 = ORIENTED_EDGE('',*,*,#2404,.F.);
#2459 = ORIENTED_EDGE('',*,*,#1046,.T.);
#2460 = ORIENTED_EDGE('',*,*,#2461,.T.);
#2461 = EDGE_CURVE('',#1047,#2462,#2464,.T.);
#2462 = VERTEX_POINT('',#2463);
#2463 = CARTESIAN_POINT('',(2.4,-4.07,2.25));
#2464 = SURFACE_CURVE('',#2465,(#2469,#2476),.PCURVE_S1.);
#2465 = LINE('',#2466,#2467);
#2466 = CARTESIAN_POINT('',(-2.58,-4.07,2.25));
#2467 = VECTOR('',#2468,1.);
#2468 = DIRECTION('',(1.,0.,0.));
#2469 = PCURVE('',#1062,#2470);
#2470 = DEFINITIONAL_REPRESENTATION('',(#2471),#2475);
#2471 = LINE('',#2472,#2473);
#2472 = CARTESIAN_POINT('',(6.32,0.));
#2473 = VECTOR('',#2474,1.);
#2474 = DIRECTION('',(0.,1.));
#2475 = ( GEOMETRIC_REPRESENTATION_CONTEXT(2) 
PARAMETRIC_REPRESENTATION_CONTEXT() REPRESENTATION_CONTEXT('2D SPACE',''
  ) );
#2476 = PCURVE('',#1197,#2477);
#2477 = DEFINITIONAL_REPRESENTATION('',(#2478),#2482);
#2478 = LINE('',#2479,#2480);
#2479 = CARTESIAN_POINT('',(-0.,0.));
#2480 = VECTOR('',#2481,1.);
#2481 = DIRECTION('',(-0.,1.));
#2482 = ( GEOMETRIC_REPRESENTATION_CONTEXT(2) 
PARAMETRIC_REPRESENTATION_CONTEXT() REPRESENTATION_CONTEXT('2D SPACE',''
  ) );
#2483 = ORIENTED_EDGE('',*,*,#2484,.T.);
#2484 = EDGE_CURVE('',#2462,#2405,#2485,.T.);
#2485 = SURFACE_CURVE('',#2486,(#2490,#2497),.PCURVE_S1.);
#2486 = LINE('',#2487,#2488);
#2487 = CARTESIAN_POINT('',(2.4,-4.07,2.25));
#2488 = VECTOR('',#2489,1.);
#2489 = DIRECTION('',(-0.,-0.,-1.));
#2490 = PCURVE('',#1062,#2491);
#2491 = DEFINITIONAL_REPRESENTATION('',(#2492),#2496);
#2492 = LINE('',#2493,#2494);
#2493 = CARTESIAN_POINT('',(6.32,4.98));
#2494 = VECTOR('',#2495,1.);
#2495 = DIRECTION('',(-1.,0.));
#2496 = ( GEOMETRIC_REPRESENTATION_CONTEXT(2) 
PARAMETRIC_REPRESENTATION_CONTEXT() REPRESENTATION_CONTEXT('2D SPACE',''
  ) );
#2497 = PCURVE('',#2498,#2503);
#2498 = CYLINDRICAL_SURFACE('',#2499,0.18);
#2499 = AXIS2_PLACEMENT_3D('',#2500,#2501,#2502);
#2500 = CARTESIAN_POINT('',(2.4,-3.89,2.25));
#2501 = DIRECTION('',(-0.,-0.,-1.));
#2502 = DIRECTION('',(0.,-1.,0.));
#2503 = DEFINITIONAL_REPRESENTATION('',(#2504),#2508);
#2504 = LINE('',#2505,#2506);
#2505 = CARTESIAN_POINT('',(-0.,0.));
#2506 = VECTOR('',#2507,1.);
#2507 = DIRECTION('',(-0.,1.));
#2508 = ( GEOMETRIC_REPRESENTATION_CONTEXT(2) 
PARAMETRIC_REPRESENTATION_CONTEXT() REPRESENTATION_CONTEXT('2D SPACE',''
  ) );
#2509 = ADVANCED_FACE('',(#2510),#1197,.T.);
#2510 = FACE_BOUND('',#2511,.F.);
#2511 = EDGE_LOOP('',(#2512,#2513,#2514,#2515,#2577,#2603,#2790,#2811,
    #2874,#2875));
#2512 = ORIENTED_EDGE('',*,*,#2461,.F.);
#2513 = ORIENTED_EDGE('',*,*,#1182,.T.);
#2514 = ORIENTED_EDGE('',*,*,#1395,.F.);
#2515 = ORIENTED_EDGE('',*,*,#2516,.F.);
#2516 = EDGE_CURVE('',#2517,#1396,#2519,.T.);
#2517 = VERTEX_POINT('',#2518);
#2518 = CARTESIAN_POINT('',(-0.535199892892,-4.044744871392,2.5));
#2519 = SURFACE_CURVE('',#2520,(#2537,#2557),.PCURVE_S1.);
#2520 = B_SPLINE_CURVE_WITH_KNOTS('',8,(#2521,#2522,#2523,#2524,#2525,
    #2526,#2527,#2528,#2529,#2530,#2531,#2532,#2533,#2534,#2535,#2536),
  .UNSPECIFIED.,.F.,.F.,(9,7,9),(0.,0.741050867608,1.),.UNSPECIFIED.);
#2521 = CARTESIAN_POINT('',(-0.535199892892,-4.044744871392,2.5));
#2522 = CARTESIAN_POINT('',(-0.662998454437,-4.038117774175,
    2.532466013311));
#2523 = CARTESIAN_POINT('',(-0.788388944434,-4.029190717557,
    2.57118115137));
#2524 = CARTESIAN_POINT('',(-0.911805148999,-4.017628495008,
    2.614290567763));
#2525 = CARTESIAN_POINT('',(-1.03357860351,-4.003121601736,2.66033714736
    ));
#2526 = CARTESIAN_POINT('',(-1.153896298828,-3.985478312234,
    2.70840081496));
#2527 = CARTESIAN_POINT('',(-1.272957954876,-3.964522549584,
    2.757763222121));
#2528 = CARTESIAN_POINT('',(-1.390972879996,-3.940076611031,
    2.80792426697));
#2529 = CARTESIAN_POINT('',(-1.549166593683,-3.902049790974,
    2.87616087043));
#2530 = CARTESIAN_POINT('',(-1.590018373695,-3.891750817294,
    2.893873161571));
#2531 = CARTESIAN_POINT('',(-1.630762391095,-3.880991743335,
    2.911608373552));
#2532 = CARTESIAN_POINT('',(-1.67140229652,-3.869764353439,
    2.929347934551));
#2533 = CARTESIAN_POINT('',(-1.711940917226,-3.858060272334,
    2.947074032409));
#2534 = CARTESIAN_POINT('',(-1.752380365354,-3.845870882524,
    2.964769385085));
#2535 = CARTESIAN_POINT('',(-1.7927221462,-3.833187241673,2.982417011102
    ));
#2536 = CARTESIAN_POINT('',(-1.832967266484,-3.82,3.));
#2537 = PCURVE('',#1197,#2538);
#2538 = DEFINITIONAL_REPRESENTATION('',(#2539),#2556);
#2539 = B_SPLINE_CURVE_WITH_KNOTS('',8,(#2540,#2541,#2542,#2543,#2544,
    #2545,#2546,#2547,#2548,#2549,#2550,#2551,#2552,#2553,#2554,#2555),
  .UNSPECIFIED.,.F.,.F.,(9,7,9),(0.,0.741050867608,1.),.UNSPECIFIED.);
#2540 = CARTESIAN_POINT('',(-0.20135792079,2.044800107108));
#2541 = CARTESIAN_POINT('',(-0.227866309655,1.917001545563));
#2542 = CARTESIAN_POINT('',(-0.25964101831,1.791611055566));
#2543 = CARTESIAN_POINT('',(-0.295309911362,1.668194851001));
#2544 = CARTESIAN_POINT('',(-0.333857085413,1.54642139649));
#2545 = CARTESIAN_POINT('',(-0.374723118536,1.426103701172));
#2546 = CARTESIAN_POINT('',(-0.417530084935,1.307042045124));
#2547 = CARTESIAN_POINT('',(-0.462103479851,1.189027120004));
#2548 = CARTESIAN_POINT('',(-0.524597117775,1.030833406317));
#2549 = CARTESIAN_POINT('',(-0.540985482075,0.989981626305));
#2550 = CARTESIAN_POINT('',(-0.55757551192,0.949237608905));
#2551 = CARTESIAN_POINT('',(-0.574364562885,0.90859770348));
#2552 = CARTESIAN_POINT('',(-0.591351276626,0.868059082774));
#2553 = CARTESIAN_POINT('',(-0.608535485951,0.827619634646));
#2554 = CARTESIAN_POINT('',(-0.625918119896,0.7872778538));
#2555 = CARTESIAN_POINT('',(-0.643501108793,0.747032733516));
#2556 = ( GEOMETRIC_REPRESENTATION_CONTEXT(2) 
PARAMETRIC_REPRESENTATION_CONTEXT() REPRESENTATION_CONTEXT('2D SPACE',''
  ) );
#2557 = PCURVE('',#1443,#2558);
#2558 = DEFINITIONAL_REPRESENTATION('',(#2559),#2576);
#2559 = B_SPLINE_CURVE_WITH_KNOTS('',8,(#2560,#2561,#2562,#2563,#2564,
    #2565,#2566,#2567,#2568,#2569,#2570,#2571,#2572,#2573,#2574,#2575),
  .UNSPECIFIED.,.F.,.F.,(9,7,9),(0.,0.741050867608,1.),.UNSPECIFIED.);
#2560 = CARTESIAN_POINT('',(4.580833395004,0.));
#2561 = CARTESIAN_POINT('',(4.549567812169,3.246601331109E-02));
#2562 = CARTESIAN_POINT('',(4.518991946721,7.118115136984E-02));
#2563 = CARTESIAN_POINT('',(4.488996390338,0.114290567763));
#2564 = CARTESIAN_POINT('',(4.459474319996,0.16033714736));
#2565 = CARTESIAN_POINT('',(4.430345703752,0.20840081496));
#2566 = CARTESIAN_POINT('',(4.401523612526,0.257763222121));
#2567 = CARTESIAN_POINT('',(4.372915094967,0.30792426697));
#2568 = CARTESIAN_POINT('',(4.334446294185,0.37616087043));
#2569 = CARTESIAN_POINT('',(4.324501186861,0.393873161571));
#2570 = CARTESIAN_POINT('',(4.314569249305,0.411608373552));
#2571 = CARTESIAN_POINT('',(4.304647440037,0.429347934551));
#2572 = CARTESIAN_POINT('',(4.294732824766,0.447074032409));
#2573 = CARTESIAN_POINT('',(4.284822539558,0.464769385085));
#2574 = CARTESIAN_POINT('',(4.274913754009,0.482417011102));
#2575 = CARTESIAN_POINT('',(4.265003634412,0.5));
#2576 = ( GEOMETRIC_REPRESENTATION_CONTEXT(2) 
PARAMETRIC_REPRESENTATION_CONTEXT() REPRESENTATION_CONTEXT('2D SPACE',''
  ) );
#2577 = ORIENTED_EDGE('',*,*,#2578,.T.);
#2578 = EDGE_CURVE('',#2517,#2579,#2581,.T.);
#2579 = VERTEX_POINT('',#2580);
#2580 = CARTESIAN_POINT('',(-0.206249665397,-4.044744869896,2.5));
#2581 = SURFACE_CURVE('',#2582,(#2586,#2592),.PCURVE_S1.);
#2582 = LINE('',#2583,#2584);
#2583 = CARTESIAN_POINT('',(-2.58,-4.044744871392,2.5));
#2584 = VECTOR('',#2585,1.);
#2585 = DIRECTION('',(1.,0.,0.));
#2586 = PCURVE('',#1197,#2587);
#2587 = DEFINITIONAL_REPRESENTATION('',(#2588),#2591);
#2588 = B_SPLINE_CURVE_WITH_KNOTS('',1,(#2589,#2590),.UNSPECIFIED.,.F.,
  .F.,(2,2),(0.1799994,4.9800006),.PIECEWISE_BEZIER_KNOTS.);
#2589 = CARTESIAN_POINT('',(-0.20135792079,0.1799994));
#2590 = CARTESIAN_POINT('',(-0.20135792079,4.9800006));
#2591 = ( GEOMETRIC_REPRESENTATION_CONTEXT(2) 
PARAMETRIC_REPRESENTATION_CONTEXT() REPRESENTATION_CONTEXT('2D SPACE',''
  ) );
#2592 = PCURVE('',#2593,#2598);
#2593 = PLANE('',#2594);
#2594 = AXIS2_PLACEMENT_3D('',#2595,#2596,#2597);
#2595 = CARTESIAN_POINT('',(0.,0.,2.5));
#2596 = DIRECTION('',(0.,0.,1.));
#2597 = DIRECTION('',(1.,0.,-0.));
#2598 = DEFINITIONAL_REPRESENTATION('',(#2599),#2602);
#2599 = B_SPLINE_CURVE_WITH_KNOTS('',1,(#2600,#2601),.UNSPECIFIED.,.F.,
  .F.,(2,2),(0.1799994,4.9800006),.PIECEWISE_BEZIER_KNOTS.);
#2600 = CARTESIAN_POINT('',(-2.4000006,-4.044744871392));
#2601 = CARTESIAN_POINT('',(2.4000006,-4.044744871392));
#2602 = ( GEOMETRIC_REPRESENTATION_CONTEXT(2) 
PARAMETRIC_REPRESENTATION_CONTEXT() REPRESENTATION_CONTEXT('2D SPACE',''
  ) );
#2603 = ORIENTED_EDGE('',*,*,#2604,.T.);
#2604 = EDGE_CURVE('',#2579,#2605,#2607,.T.);
#2605 = VERTEX_POINT('',#2606);
#2606 = CARTESIAN_POINT('',(0.206249707648,-4.044744872902,2.5));
#2607 = SURFACE_CURVE('',#2608,(#2665,#2725),.PCURVE_S1.);
#2608 = B_SPLINE_CURVE_WITH_KNOTS('',7,(#2609,#2610,#2611,#2612,#2613,
    #2614,#2615,#2616,#2617,#2618,#2619,#2620,#2621,#2622,#2623,#2624,
    #2625,#2626,#2627,#2628,#2629,#2630,#2631,#2632,#2633,#2634,#2635,
    #2636,#2637,#2638,#2639,#2640,#2641,#2642,#2643,#2644,#2645,#2646,
    #2647,#2648,#2649,#2650,#2651,#2652,#2653,#2654,#2655,#2656,#2657,
    #2658,#2659,#2660,#2661,#2662,#2663,#2664),.UNSPECIFIED.,.F.,.F.,(8,
    6,6,6,6,6,6,6,6,8),(0.,0.15529091666,0.304319049414,0.422927525443,
    0.478775304256,0.534902038771,0.64128382961,0.695931938787,
    0.84542506978,1.),.UNSPECIFIED.);
#2609 = CARTESIAN_POINT('',(-2.4000006,-3.262284034231,3.419138500377));
#2610 = CARTESIAN_POINT('',(-2.30031034517,-3.3356242673,3.39139395673)
  );
#2611 = CARTESIAN_POINT('',(-2.199365353986,-3.404409818998,
    3.359236994506));
#2612 = CARTESIAN_POINT('',(-2.097476800089,-3.46868124508,
    3.323411921952));
#2613 = CARTESIAN_POINT('',(-1.994879218747,-3.528551005021,
    3.284527065447));
#2614 = CARTESIAN_POINT('',(-1.891722690858,-3.584173300657,
    3.243073504136));
#2615 = CARTESIAN_POINT('',(-1.788064339296,-3.635719185932,
    3.199442841539));
#2616 = CARTESIAN_POINT('',(-1.583856465404,-3.729073508985,
    3.11028012554));
#2617 = CARTESIAN_POINT('',(-1.483367436529,-3.771182906663,
    3.064903163721));
#2618 = CARTESIAN_POINT('',(-1.38248308788,-3.809775704009,
    3.018146622513));
#2619 = CARTESIAN_POINT('',(-1.281252531952,-3.84495023024,
    2.970300007684));
#2620 = CARTESIAN_POINT('',(-1.179675460083,-3.876798225158,
    2.921651422488));
#2621 = CARTESIAN_POINT('',(-1.077699115595,-3.905412430652,
    2.872465256841));
#2622 = CARTESIAN_POINT('',(-0.893382829059,-3.951132729349,
    2.783846125503));
#2623 = CARTESIAN_POINT('',(-0.813611643077,-3.968818383339,
    2.745592260122));
#2624 = CARTESIAN_POINT('',(-0.733495118039,-3.984708596916,
    2.707509371301));
#2625 = CARTESIAN_POINT('',(-0.651433099117,-3.999056640411,
    2.66913728347));
#2626 = CARTESIAN_POINT('',(-0.56744718265,-4.011566247461,
    2.630965665019));
#2627 = CARTESIAN_POINT('',(-0.482820253433,-4.022004370781,
    2.594662901298));
#2628 = CARTESIAN_POINT('',(-0.35918597607,-4.034236881866,
    2.547278034814));
#2629 = CARTESIAN_POINT('',(-0.319081178097,-4.037746984362,
    2.532764405242));
#2630 = CARTESIAN_POINT('',(-0.27844991798,-4.040831356402,
    2.519139240979));
#2631 = CARTESIAN_POINT('',(-0.237350262799,-4.043463312158,
    2.50672754635));
#2632 = CARTESIAN_POINT('',(-0.195804144894,-4.045626546719,
    2.495924048277));
#2633 = CARTESIAN_POINT('',(-0.153702453003,-4.047310876827,
    2.487167696092));
#2634 = CARTESIAN_POINT('',(-6.750176515916E-02,-4.049668111661,
    2.474626902338));
#2635 = CARTESIAN_POINT('',(-2.388455576638E-02,-4.050322390773,
    2.470938856033));
#2636 = CARTESIAN_POINT('',(1.975177491557E-02,-4.05042138253,
    2.47030797677));
#2637 = CARTESIAN_POINT('',(6.338097919997E-02,-4.049974561352,
    2.472889614374));
#2638 = CARTESIAN_POINT('',(0.106983730831,-4.048976422635,
    2.478514696834));
#2639 = CARTESIAN_POINT('',(0.150199444039,-4.04743008206,2.486678046358
    ));
#2640 = CARTESIAN_POINT('',(0.271190849785,-4.041688122997,2.51521942746
    ));
#2641 = CARTESIAN_POINT('',(0.34905516094,-4.036180004309,2.540880234351
    ));
#2642 = CARTESIAN_POINT('',(0.426367534825,-4.028986195322,
    2.570868328847));
#2643 = CARTESIAN_POINT('',(0.501714208256,-4.020169317192,
    2.602607631553));
#2644 = CARTESIAN_POINT('',(0.574361929288,-4.010135147739,
    2.634694114343));
#2645 = CARTESIAN_POINT('',(0.645818832793,-3.998883753338,2.66725345957
    ));
#2646 = CARTESIAN_POINT('',(0.757818793161,-3.978655864068,
    2.719443727757));
#2647 = CARTESIAN_POINT('',(0.795720049898,-3.971373992459,
    2.737299859811));
#2648 = CARTESIAN_POINT('',(0.833503799682,-3.963677886054,
    2.755242577143));
#2649 = CARTESIAN_POINT('',(0.871170177291,-3.955569315081,2.77323020011
    ));
#2650 = CARTESIAN_POINT('',(0.908730341943,-3.947047231098,
    2.791235014113));
#2651 = CARTESIAN_POINT('',(0.946207606935,-3.938106152512,
    2.809240981766));
#2652 = CARTESIAN_POINT('',(1.086033178064,-3.903097978001,
    2.876482813194));
#2653 = CARTESIAN_POINT('',(1.187781910792,-3.874314493109,
    2.925539419858));
#2654 = CARTESIAN_POINT('',(1.289135241327,-3.842305493169,
    2.974043195323));
#2655 = CARTESIAN_POINT('',(1.390145323407,-3.806977856779,
    3.021732607721));
#2656 = CARTESIAN_POINT('',(1.490811268018,-3.768239349264,
    3.068322087853));
#2657 = CARTESIAN_POINT('',(1.591082632903,-3.725991781632,
    3.113522500444));
#2658 = CARTESIAN_POINT('',(1.794042327422,-3.632740645732,3.20195634999
    ));
#2659 = CARTESIAN_POINT('',(1.896681206998,-3.581495493916,
    3.245063928622));
#2660 = CARTESIAN_POINT('',(1.998824200735,-3.526246213964,
    3.286020652467));
#2661 = CARTESIAN_POINT('',(2.10041423306,-3.466826790752,3.324443779022
    ));
#2662 = CARTESIAN_POINT('',(2.20130469955,-3.403087767219,3.359854373183
    ));
#2663 = CARTESIAN_POINT('',(2.301267518081,-3.334920093311,
    3.391660345112));
#2664 = CARTESIAN_POINT('',(2.4000006,-3.262284034231,3.419138500377));
#2665 = PCURVE('',#1197,#2666);
#2666 = DEFINITIONAL_REPRESENTATION('',(#2667),#2724);
#2667 = B_SPLINE_CURVE_WITH_KNOTS('',7,(#2668,#2669,#2670,#2671,#2672,
    #2673,#2674,#2675,#2676,#2677,#2678,#2679,#2680,#2681,#2682,#2683,
    #2684,#2685,#2686,#2687,#2688,#2689,#2690,#2691,#2692,#2693,#2694,
    #2695,#2696,#2697,#2698,#2699,#2700,#2701,#2702,#2703,#2704,#2705,
    #2706,#2707,#2708,#2709,#2710,#2711,#2712,#2713,#2714,#2715,#2716,
    #2717,#2718,#2719,#2720,#2721,#2722,#2723),.UNSPECIFIED.,.F.,.F.,(8,
    6,6,6,6,6,6,6,6,8),(0.,0.15529091666,0.304319049414,0.422927525443,
    0.478775304256,0.534902038771,0.64128382961,0.695931938787,
    0.84542506978,1.),.UNSPECIFIED.);
#2668 = CARTESIAN_POINT('',(-1.209136442843,0.1799994));
#2669 = CARTESIAN_POINT('',(-1.146406293211,0.27968965483));
#2670 = CARTESIAN_POINT('',(-1.085835106702,0.380634646014));
#2671 = CARTESIAN_POINT('',(-1.027200527906,0.482523199911));
#2672 = CARTESIAN_POINT('',(-0.970311003474,0.585120781253));
#2673 = CARTESIAN_POINT('',(-0.914988274014,0.688277309142));
#2674 = CARTESIAN_POINT('',(-0.86105959589,0.791935660704));
#2675 = CARTESIAN_POINT('',(-0.7577851435,0.996143534596));
#2676 = CARTESIAN_POINT('',(-0.708350835348,1.096632563471));
#2677 = CARTESIAN_POINT('',(-0.659977599996,1.19751691212));
#2678 = CARTESIAN_POINT('',(-0.612599314681,1.298747468048));
#2679 = CARTESIAN_POINT('',(-0.566187270128,1.400324539917));
#2680 = CARTESIAN_POINT('',(-0.520722427427,1.502300884405));
#2681 = CARTESIAN_POINT('',(-0.440947960726,1.686617170941));
#2682 = CARTESIAN_POINT('',(-0.407264333653,1.766388356923));
#2683 = CARTESIAN_POINT('',(-0.374286978537,1.846504881961));
#2684 = CARTESIAN_POINT('',(-0.341560885997,1.928566900883));
#2685 = CARTESIAN_POINT('',(-0.309461930436,2.01255281735));
#2686 = CARTESIAN_POINT('',(-0.279254116368,2.097179746567));
#2687 = CARTESIAN_POINT('',(-0.240103454362,2.22081402393));
#2688 = CARTESIAN_POINT('',(-0.228159195742,2.260918821903));
#2689 = CARTESIAN_POINT('',(-0.216985161649,2.30155008202));
#2690 = CARTESIAN_POINT('',(-0.206836283844,2.342649737201));
#2691 = CARTESIAN_POINT('',(-0.198022367281,2.384195855106));
#2692 = CARTESIAN_POINT('',(-0.190888917394,2.426297546997));
#2693 = CARTESIAN_POINT('',(-0.180680589373,2.512498234841));
#2694 = CARTESIAN_POINT('',(-0.177684206604,2.556115444234));
#2695 = CARTESIAN_POINT('',(-0.177173418337,2.599751774916));
#2696 = CARTESIAN_POINT('',(-0.179269415658,2.6433809792));
#2697 = CARTESIAN_POINT('',(-0.1838396971,2.686983730831));
#2698 = CARTESIAN_POINT('',(-0.190486014735,2.730199444039));
#2699 = CARTESIAN_POINT('',(-0.213776603792,2.851190849785));
#2700 = CARTESIAN_POINT('',(-0.234771237369,2.92905516094));
#2701 = CARTESIAN_POINT('',(-0.259430657734,3.006367534825));
#2702 = CARTESIAN_POINT('',(-0.285752935605,3.081714208256));
#2703 = CARTESIAN_POINT('',(-0.31263164024,3.154361929288));
#2704 = CARTESIAN_POINT('',(-0.340171401264,3.225818832793));
#2705 = CARTESIAN_POINT('',(-0.384949907521,3.337818793161));
#2706 = CARTESIAN_POINT('',(-0.400374616857,3.375720049898));
#2707 = CARTESIAN_POINT('',(-0.415989467761,3.413503799682));
#2708 = CARTESIAN_POINT('',(-0.431769260316,3.451170177291));
#2709 = CARTESIAN_POINT('',(-0.447700595249,3.488730341943));
#2710 = CARTESIAN_POINT('',(-0.463780619327,3.526207606935));
#2711 = CARTESIAN_POINT('',(-0.524427986565,3.666033178064));
#2712 = CARTESIAN_POINT('',(-0.569871670821,3.767781910792));
#2713 = CARTESIAN_POINT('',(-0.616257856444,3.869135241327));
#2714 = CARTESIAN_POINT('',(-0.663607920806,3.970145323407));
#2715 = CARTESIAN_POINT('',(-0.711952828916,4.070811268018));
#2716 = CARTESIAN_POINT('',(-0.761359255979,4.171082632903));
#2717 = CARTESIAN_POINT('',(-0.864171924747,4.374042327422));
#2718 = CARTESIAN_POINT('',(-0.917649227281,4.476681206998));
#2719 = CARTESIAN_POINT('',(-0.972499676266,4.578824200735));
#2720 = CARTESIAN_POINT('',(-1.028891688904,4.68041423306));
#2721 = CARTESIAN_POINT('',(-1.086999091162,4.78130469955));
#2722 = CARTESIAN_POINT('',(-1.147008594811,4.881267518081));
#2723 = CARTESIAN_POINT('',(-1.209136442843,4.9800006));
#2724 = ( GEOMETRIC_REPRESENTATION_CONTEXT(2) 
PARAMETRIC_REPRESENTATION_CONTEXT() REPRESENTATION_CONTEXT('2D SPACE',''
  ) );
#2725 = PCURVE('',#2726,#2731);
#2726 = CYLINDRICAL_SURFACE('',#2727,4.05);
#2727 = AXIS2_PLACEMENT_3D('',#2728,#2729,#2730);
#2728 = CARTESIAN_POINT('',(0.,0.,0.));
#2729 = DIRECTION('',(-0.,-0.,-1.));
#2730 = DIRECTION('',(1.,0.,0.));
#2731 = DEFINITIONAL_REPRESENTATION('',(#2732),#2789);
#2732 = B_SPLINE_CURVE_WITH_KNOTS('',7,(#2733,#2734,#2735,#2736,#2737,
    #2738,#2739,#2740,#2741,#2742,#2743,#2744,#2745,#2746,#2747,#2748,
    #2749,#2750,#2751,#2752,#2753,#2754,#2755,#2756,#2757,#2758,#2759,
    #2760,#2761,#2762,#2763,#2764,#2765,#2766,#2767,#2768,#2769,#2770,
    #2771,#2772,#2773,#2774,#2775,#2776,#2777,#2778,#2779,#2780,#2781,
    #2782,#2783,#2784,#2785,#2786,#2787,#2788),.UNSPECIFIED.,.F.,.F.,(8,
    6,6,6,6,6,6,6,6,8),(0.,0.15529091666,0.304319049414,0.422927525443,
    0.478775304256,0.534902038771,0.64128382961,0.695931938787,
    0.84542506978,1.),.UNSPECIFIED.);
#2733 = CARTESIAN_POINT('',(-4.078115148342,-3.419138500377));
#2734 = CARTESIAN_POINT('',(-4.108673571148,-3.39139395673));
#2735 = CARTESIAN_POINT('',(-4.138815106188,-3.359236994506));
#2736 = CARTESIAN_POINT('',(-4.168530432411,-3.323411921952));
#2737 = CARTESIAN_POINT('',(-4.197830175659,-3.284527065447));
#2738 = CARTESIAN_POINT('',(-4.226742192537,-3.243073504136));
#2739 = CARTESIAN_POINT('',(-4.25531141216,-3.199442841539));
#2740 = CARTESIAN_POINT('',(-4.310752108456,-3.11028012554));
#2741 = CARTESIAN_POINT('',(-4.337640886403,-3.064903163721));
#2742 = CARTESIAN_POINT('',(-4.364290144268,-3.018146622513));
#2743 = CARTESIAN_POINT('',(-4.390728688125,-2.970300007684));
#2744 = CARTESIAN_POINT('',(-4.416994001073,-2.921651422487));
#2745 = CARTESIAN_POINT('',(-4.443133714055,-2.872465256841));
#2746 = CARTESIAN_POINT('',(-4.490023142013,-2.783846125503));
#2747 = CARTESIAN_POINT('',(-4.510191676684,-2.745592260122));
#2748 = CARTESIAN_POINT('',(-4.530351092597,-2.707509371301));
#2749 = CARTESIAN_POINT('',(-4.550909917231,-2.66913728347));
#2750 = CARTESIAN_POINT('',(-4.5718651787,-2.630965665019));
#2751 = CARTESIAN_POINT('',(-4.59291297945,-2.594662901298));
#2752 = CARTESIAN_POINT('',(-4.62358901713,-2.547278034814));
#2753 = CARTESIAN_POINT('',(-4.633528661552,-2.532764405242));
#2754 = CARTESIAN_POINT('',(-4.643588832954,-2.519139240979));
#2755 = CARTESIAN_POINT('',(-4.653756412382,-2.50672754635));
#2756 = CARTESIAN_POINT('',(-4.66402741394,-2.495924048277));
#2757 = CARTESIAN_POINT('',(-4.674430383494,-2.487167696092));
#2758 = CARTESIAN_POINT('',(-4.695722460573,-2.474626902338));
#2759 = CARTESIAN_POINT('',(-4.706492511623,-2.470938856033));
#2760 = CARTESIAN_POINT('',(-4.71726561885,-2.47030797677));
#2761 = CARTESIAN_POINT('',(-4.728037227104,-2.472889614374));
#2762 = CARTESIAN_POINT('',(-4.738804794657,-2.478514696834));
#2763 = CARTESIAN_POINT('',(-4.749481422379,-2.486678046358));
#2764 = CARTESIAN_POINT('',(-4.77938946654,-2.51521942746));
#2765 = CARTESIAN_POINT('',(-4.798658118004,-2.540880234351));
#2766 = CARTESIAN_POINT('',(-4.817822371259,-2.570868328847));
#2767 = CARTESIAN_POINT('',(-4.836544486242,-2.602607631553));
#2768 = CARTESIAN_POINT('',(-4.854647614653,-2.634694114343));
#2769 = CARTESIAN_POINT('',(-4.872504107727,-2.66725345957));
#2770 = CARTESIAN_POINT('',(-4.900605822328,-2.719443727757));
#2771 = CARTESIAN_POINT('',(-4.910134720754,-2.737299859811));
#2772 = CARTESIAN_POINT('',(-4.919654669367,-2.755242577143));
#2773 = CARTESIAN_POINT('',(-4.929167017851,-2.77323020011));
#2774 = CARTESIAN_POINT('',(-4.938675913573,-2.791235014113));
#2775 = CARTESIAN_POINT('',(-4.948188674123,-2.809240981766));
#2776 = CARTESIAN_POINT('',(-4.9837791599,-2.876482813194));
#2777 = CARTESIAN_POINT('',(-5.009876179219,-2.925539419858));
#2778 = CARTESIAN_POINT('',(-5.036100817456,-2.974043195323));
#2779 = CARTESIAN_POINT('',(-5.062500502719,-3.021732607721));
#2780 = CARTESIAN_POINT('',(-5.089112383747,-3.068322087853));
#2781 = CARTESIAN_POINT('',(-5.115964883703,-3.113522500444));
#2782 = CARTESIAN_POINT('',(-5.17111479479,-3.20195634999));
#2783 = CARTESIAN_POINT('',(-5.199426004994,-3.245063928622));
#2784 = CARTESIAN_POINT('',(-5.228074740879,-3.286020652467));
#2785 = CARTESIAN_POINT('',(-5.257104425271,-3.324443779022));
#2786 = CARTESIAN_POINT('',(-5.286542011308,-3.359854373183));
#2787 = CARTESIAN_POINT('',(-5.316397795377,-3.391660345112));
#2788 = CARTESIAN_POINT('',(-5.346662812427,-3.419138500377));
#2789 = ( GEOMETRIC_REPRESENTATION_CONTEXT(2) 
PARAMETRIC_REPRESENTATION_CONTEXT() REPRESENTATION_CONTEXT('2D SPACE',''
  ) );
#2790 = ORIENTED_EDGE('',*,*,#2791,.T.);
#2791 = EDGE_CURVE('',#2605,#2792,#2794,.T.);
#2792 = VERTEX_POINT('',#2793);
#2793 = CARTESIAN_POINT('',(0.535199892892,-4.044744871392,2.5));
#2794 = SURFACE_CURVE('',#2795,(#2799,#2805),.PCURVE_S1.);
#2795 = LINE('',#2796,#2797);
#2796 = CARTESIAN_POINT('',(-2.58,-4.044744871392,2.5));
#2797 = VECTOR('',#2798,1.);
#2798 = DIRECTION('',(1.,0.,0.));
#2799 = PCURVE('',#1197,#2800);
#2800 = DEFINITIONAL_REPRESENTATION('',(#2801),#2804);
#2801 = B_SPLINE_CURVE_WITH_KNOTS('',1,(#2802,#2803),.UNSPECIFIED.,.F.,
  .F.,(2,2),(0.1799994,4.9800006),.PIECEWISE_BEZIER_KNOTS.);
#2802 = CARTESIAN_POINT('',(-0.20135792079,0.1799994));
#2803 = CARTESIAN_POINT('',(-0.20135792079,4.9800006));
#2804 = ( GEOMETRIC_REPRESENTATION_CONTEXT(2) 
PARAMETRIC_REPRESENTATION_CONTEXT() REPRESENTATION_CONTEXT('2D SPACE',''
  ) );
#2805 = PCURVE('',#2593,#2806);
#2806 = DEFINITIONAL_REPRESENTATION('',(#2807),#2810);
#2807 = B_SPLINE_CURVE_WITH_KNOTS('',1,(#2808,#2809),.UNSPECIFIED.,.F.,
  .F.,(2,2),(0.1799994,4.9800006),.PIECEWISE_BEZIER_KNOTS.);
#2808 = CARTESIAN_POINT('',(-2.4000006,-4.044744871392));
#2809 = CARTESIAN_POINT('',(2.4000006,-4.044744871392));
#2810 = ( GEOMETRIC_REPRESENTATION_CONTEXT(2) 
PARAMETRIC_REPRESENTATION_CONTEXT() REPRESENTATION_CONTEXT('2D SPACE',''
  ) );
#2811 = ORIENTED_EDGE('',*,*,#2812,.F.);
#2812 = EDGE_CURVE('',#1428,#2792,#2813,.T.);
#2813 = SURFACE_CURVE('',#2814,(#2832,#2853),.PCURVE_S1.);
#2814 = B_SPLINE_CURVE_WITH_KNOTS('',6,(#2815,#2816,#2817,#2818,#2819,
    #2820,#2821,#2822,#2823,#2824,#2825,#2826,#2827,#2828,#2829,#2830,
    #2831),.UNSPECIFIED.,.F.,.F.,(7,5,5,7),(0.,0.259061508653,
    0.621816157473,1.),.UNSPECIFIED.);
#2815 = CARTESIAN_POINT('',(1.832967266484,-3.82,3.));
#2816 = CARTESIAN_POINT('',(1.779302438215,-3.83758451844,2.976553975414
    ));
#2817 = CARTESIAN_POINT('',(1.725457153005,-3.854228816189,
    2.952987276451));
#2818 = CARTESIAN_POINT('',(1.671428580981,-3.869959082705,
    2.929347262547));
#2819 = CARTESIAN_POINT('',(1.617211573124,-3.884799602626,
    2.905681624295));
#2820 = CARTESIAN_POINT('',(1.562797648128,-3.898773528128,
    2.882040530008));
#2821 = CARTESIAN_POINT('',(1.431686391726,-3.930289297376,
    2.825486078015));
#2822 = CARTESIAN_POINT('',(1.35479094198,-3.947019681564,2.792650083331
    ));
#2823 = CARTESIAN_POINT('',(1.27744729499,-3.962158652947,2.760120954538
    ));
#2824 = CARTESIAN_POINT('',(1.199609996799,-3.975765540683,
    2.728068156297));
#2825 = CARTESIAN_POINT('',(1.121216499545,-3.987902002447,
    2.696703745594));
#2826 = CARTESIAN_POINT('',(0.959771976508,-4.009832419097,
    2.634614651711));
#2827 = CARTESIAN_POINT('',(0.876686217637,-4.019501750698,
    2.603982243908));
#2828 = CARTESIAN_POINT('',(0.79278544082,-4.027732993353,2.574715858055
    ));
#2829 = CARTESIAN_POINT('',(0.707967451455,-4.034607823484,
    2.547223551521));
#2830 = CARTESIAN_POINT('',(0.622132703063,-4.040236900587,
    2.522084456492));
#2831 = CARTESIAN_POINT('',(0.535199892892,-4.044744871392,2.5));
#2832 = PCURVE('',#1197,#2833);
#2833 = DEFINITIONAL_REPRESENTATION('',(#2834),#2852);
#2834 = B_SPLINE_CURVE_WITH_KNOTS('',6,(#2835,#2836,#2837,#2838,#2839,
    #2840,#2841,#2842,#2843,#2844,#2845,#2846,#2847,#2848,#2849,#2850,
    #2851),.UNSPECIFIED.,.F.,.F.,(7,5,5,7),(0.,0.259061508653,
    0.621816157473,1.),.UNSPECIFIED.);
#2835 = CARTESIAN_POINT('',(-0.643501108793,4.412967266483));
#2836 = CARTESIAN_POINT('',(-0.620055084207,4.359302438215));
#2837 = CARTESIAN_POINT('',(-0.596983122959,4.305457153005));
#2838 = CARTESIAN_POINT('',(-0.574279816978,4.251428580981));
#2839 = CARTESIAN_POINT('',(-0.551944431448,4.197211573124));
#2840 = CARTESIAN_POINT('',(-0.529981794994,4.142797648128));
#2841 = CARTESIAN_POINT('',(-0.478187433901,4.011686391726));
#2842 = CARTESIAN_POINT('',(-0.448725694938,3.93479094198));
#2843 = CARTESIAN_POINT('',(-0.420048824894,3.85744729499));
#2844 = CARTESIAN_POINT('',(-0.39221403507,3.779609996799));
#2845 = CARTESIAN_POINT('',(-0.365321440877,3.701216499545));
#2846 = CARTESIAN_POINT('',(-0.312642800022,3.539771976508));
#2847 = CARTESIAN_POINT('',(-0.286959584484,3.456686217637));
#2848 = CARTESIAN_POINT('',(-0.262655258907,3.37278544082));
#2849 = CARTESIAN_POINT('',(-0.239995438258,3.287967451455));
#2850 = CARTESIAN_POINT('',(-0.219389804008,3.202132703063));
#2851 = CARTESIAN_POINT('',(-0.20135792079,3.115199892892));
#2852 = ( GEOMETRIC_REPRESENTATION_CONTEXT(2) 
PARAMETRIC_REPRESENTATION_CONTEXT() REPRESENTATION_CONTEXT('2D SPACE',''
  ) );
#2853 = PCURVE('',#1443,#2854);
#2854 = DEFINITIONAL_REPRESENTATION('',(#2855),#2873);
#2855 = B_SPLINE_CURVE_WITH_KNOTS('',6,(#2856,#2857,#2858,#2859,#2860,
    #2861,#2862,#2863,#2864,#2865,#2866,#2867,#2868,#2869,#2870,#2871,
    #2872),.UNSPECIFIED.,.F.,.F.,(7,5,5,7),(0.,0.259061508653,
    0.621816157473,1.),.UNSPECIFIED.);
#2856 = CARTESIAN_POINT('',(5.159774326357,0.5));
#2857 = CARTESIAN_POINT('',(5.146559684122,0.476553975414));
#2858 = CARTESIAN_POINT('',(5.133347534344,0.452987276451));
#2859 = CARTESIAN_POINT('',(5.12012993816,0.429347262547));
#2860 = CARTESIAN_POINT('',(5.106898973964,0.405681624295));
#2861 = CARTESIAN_POINT('',(5.093646393185,0.382040530008));
#2862 = CARTESIAN_POINT('',(5.061763397919,0.325486078015));
#2863 = CARTESIAN_POINT('',(5.043104458358,0.292650083331));
#2864 = CARTESIAN_POINT('',(5.024360799414,0.260120954538));
#2865 = CARTESIAN_POINT('',(5.005506884615,0.228068156297));
#2866 = CARTESIAN_POINT('',(4.986514404815,0.196703745594));
#2867 = CARTESIAN_POINT('',(4.947369209482,0.134614651711));
#2868 = CARTESIAN_POINT('',(4.927206744801,0.103982243908));
#2869 = CARTESIAN_POINT('',(4.906816649851,7.471585805534E-02));
#2870 = CARTESIAN_POINT('',(4.88616282296,4.722355152138E-02));
#2871 = CARTESIAN_POINT('',(4.865212449728,2.208445649208E-02));
#2872 = CARTESIAN_POINT('',(4.843944565765,0.));
#2873 = ( GEOMETRIC_REPRESENTATION_CONTEXT(2) 
PARAMETRIC_REPRESENTATION_CONTEXT() REPRESENTATION_CONTEXT('2D SPACE',''
  ) );
#2874 = ORIENTED_EDGE('',*,*,#1455,.F.);
#2875 = ORIENTED_EDGE('',*,*,#2876,.T.);
#2876 = EDGE_CURVE('',#1456,#2462,#2877,.T.);
#2877 = SURFACE_CURVE('',#2878,(#2883,#2890),.PCURVE_S1.);
#2878 = CIRCLE('',#2879,1.25);
#2879 = AXIS2_PLACEMENT_3D('',#2880,#2881,#2882);
#2880 = CARTESIAN_POINT('',(2.4,-2.82,2.25));
#2881 = DIRECTION('',(1.,0.,0.));
#2882 = DIRECTION('',(0.,-3.552713678801E-16,1.));
#2883 = PCURVE('',#1197,#2884);
#2884 = DEFINITIONAL_REPRESENTATION('',(#2885),#2889);
#2885 = LINE('',#2886,#2887);
#2886 = CARTESIAN_POINT('',(-1.570796326795,4.98));
#2887 = VECTOR('',#2888,1.);
#2888 = DIRECTION('',(1.,-0.));
#2889 = ( GEOMETRIC_REPRESENTATION_CONTEXT(2) 
PARAMETRIC_REPRESENTATION_CONTEXT() REPRESENTATION_CONTEXT('2D SPACE',''
  ) );
#2890 = PCURVE('',#1543,#2891);
#2891 = DEFINITIONAL_REPRESENTATION('',(#2892),#2896);
#2892 = LINE('',#2893,#2894);
#2893 = CARTESIAN_POINT('',(0.,0.));
#2894 = VECTOR('',#2895,1.);
#2895 = DIRECTION('',(1.,0.));
#2896 = ( GEOMETRIC_REPRESENTATION_CONTEXT(2) 
PARAMETRIC_REPRESENTATION_CONTEXT() REPRESENTATION_CONTEXT('2D SPACE',''
  ) );
#2897 = ADVANCED_FACE('',(#2898),#1231,.T.);
#2898 = FACE_BOUND('',#2899,.T.);
#2899 = EDGE_LOOP('',(#2900,#2931,#2961,#2962));
#2900 = ORIENTED_EDGE('',*,*,#2901,.T.);
#2901 = EDGE_CURVE('',#2902,#2904,#2906,.T.);
#2902 = VERTEX_POINT('',#2903);
#2903 = CARTESIAN_POINT('',(2.58,-3.160696125856,2.5));
#2904 = VERTEX_POINT('',#2905);
#2905 = CARTESIAN_POINT('',(3.224344894703,2.5,2.5));
#2906 = SURFACE_CURVE('',#2907,(#2912,#2919),.PCURVE_S1.);
#2907 = CIRCLE('',#2908,4.08);
#2908 = AXIS2_PLACEMENT_3D('',#2909,#2910,#2911);
#2909 = CARTESIAN_POINT('',(0.,0.,2.5));
#2910 = DIRECTION('',(0.,0.,1.));
#2911 = DIRECTION('',(0.632352941176,-0.774680423004,0.));
#2912 = PCURVE('',#1231,#2913);
#2913 = DEFINITIONAL_REPRESENTATION('',(#2914),#2918);
#2914 = LINE('',#2915,#2916);
#2915 = CARTESIAN_POINT('',(5.39697574632,0.));
#2916 = VECTOR('',#2917,1.);
#2917 = DIRECTION('',(1.,0.));
#2918 = ( GEOMETRIC_REPRESENTATION_CONTEXT(2) 
PARAMETRIC_REPRESENTATION_CONTEXT() REPRESENTATION_CONTEXT('2D SPACE',''
  ) );
#2919 = PCURVE('',#2920,#2925);
#2920 = PLANE('',#2921);
#2921 = AXIS2_PLACEMENT_3D('',#2922,#2923,#2924);
#2922 = CARTESIAN_POINT('',(0.,0.,2.5));
#2923 = DIRECTION('',(0.,0.,1.));
#2924 = DIRECTION('',(1.,0.,-0.));
#2925 = DEFINITIONAL_REPRESENTATION('',(#2926),#2930);
#2926 = CIRCLE('',#2927,4.08);
#2927 = AXIS2_PLACEMENT_2D('',#2928,#2929);
#2928 = CARTESIAN_POINT('',(0.,0.));
#2929 = DIRECTION('',(0.632352941176,-0.774680423004));
#2930 = ( GEOMETRIC_REPRESENTATION_CONTEXT(2) 
PARAMETRIC_REPRESENTATION_CONTEXT() REPRESENTATION_CONTEXT('2D SPACE',''
  ) );
#2931 = ORIENTED_EDGE('',*,*,#2932,.F.);
#2932 = EDGE_CURVE('',#1215,#2904,#2933,.T.);
#2933 = SURFACE_CURVE('',#2934,(#2941,#2951),.PCURVE_S1.);
#2934 = B_SPLINE_CURVE_WITH_KNOTS('',5,(#2935,#2936,#2937,#2938,#2939,
    #2940),.UNSPECIFIED.,.F.,.F.,(6,6),(0.,1.),
  .PIECEWISE_BEZIER_KNOTS.);
#2935 = CARTESIAN_POINT('',(2.994942101814,2.997080380434,3.));
#2936 = CARTESIAN_POINT('',(3.049468035472,2.898678759132,2.901072028301
    ));
#2937 = CARTESIAN_POINT('',(3.099441567055,2.799669242157,2.801510606801
    ));
#2938 = CARTESIAN_POINT('',(3.145123101311,2.700163717311,2.701424856932
    ));
#2939 = CARTESIAN_POINT('',(3.186705616757,2.600250660196,2.600899710256
    ));
#2940 = CARTESIAN_POINT('',(3.224344894703,2.5,2.5));
#2941 = PCURVE('',#1231,#2942);
#2942 = DEFINITIONAL_REPRESENTATION('',(#2943),#2950);
#2943 = B_SPLINE_CURVE_WITH_KNOTS('',5,(#2944,#2945,#2946,#2947,#2948,
    #2949),.UNSPECIFIED.,.F.,.F.,(6,6),(0.,1.),
  .PIECEWISE_BEZIER_KNOTS.);
#2944 = CARTESIAN_POINT('',(7.0689403248,0.5));
#2945 = CARTESIAN_POINT('',(7.043421081721,0.401072028301));
#2946 = CARTESIAN_POINT('',(7.018092700974,0.301510606801));
#2947 = CARTESIAN_POINT('',(6.992896791682,0.201424856932));
#2948 = CARTESIAN_POINT('',(6.967785754054,0.100899710256));
#2949 = CARTESIAN_POINT('',(6.942714813835,9.588416540424E-16));
#2950 = ( GEOMETRIC_REPRESENTATION_CONTEXT(2) 
PARAMETRIC_REPRESENTATION_CONTEXT() REPRESENTATION_CONTEXT('2D SPACE',''
  ) );
#2951 = PCURVE('',#1263,#2952);
#2952 = DEFINITIONAL_REPRESENTATION('',(#2953),#2960);
#2953 = B_SPLINE_CURVE_WITH_KNOTS('',5,(#2954,#2955,#2956,#2957,#2958,
    #2959),.UNSPECIFIED.,.F.,.F.,(6,6),(0.,1.),
  .PIECEWISE_BEZIER_KNOTS.);
#2954 = CARTESIAN_POINT('',(5.496943449731,0.497080380434));
#2955 = CARTESIAN_POINT('',(5.522534411546,0.398678759132));
#2956 = CARTESIAN_POINT('',(5.547946173899,0.299669242157));
#2957 = CARTESIAN_POINT('',(5.573238125068,0.200163717311));
#2958 = CARTESIAN_POINT('',(5.598459141756,0.100250660196));
#2959 = CARTESIAN_POINT('',(5.623655800524,-4.028385430425E-16));
#2960 = ( GEOMETRIC_REPRESENTATION_CONTEXT(2) 
PARAMETRIC_REPRESENTATION_CONTEXT() REPRESENTATION_CONTEXT('2D SPACE',''
  ) );
#2961 = ORIENTED_EDGE('',*,*,#1212,.F.);
#2962 = ORIENTED_EDGE('',*,*,#2963,.F.);
#2963 = EDGE_CURVE('',#2902,#1213,#2964,.T.);
#2964 = SURFACE_CURVE('',#2965,(#2970,#2980),.PCURVE_S1.);
#2965 = HYPERBOLA('',#2966,8.216560509554,2.58);
#2966 = AXIS2_PLACEMENT_3D('',#2967,#2968,#2969);
#2967 = CARTESIAN_POINT('',(2.58,0.,-10.49363057324));
#2968 = DIRECTION('',(1.,0.,-0.));
#2969 = DIRECTION('',(0.,0.,1.));
#2970 = PCURVE('',#1231,#2971);
#2971 = DEFINITIONAL_REPRESENTATION('',(#2972),#2979);
#2972 = B_SPLINE_CURVE_WITH_KNOTS('',5,(#2973,#2974,#2975,#2976,#2977,
    #2978),.UNSPECIFIED.,.F.,.F.,(6,6),(1.031927952822,1.080084847742),
  .PIECEWISE_BEZIER_KNOTS.);
#2973 = CARTESIAN_POINT('',(5.39697574632,0.));
#2974 = CARTESIAN_POINT('',(5.390885315492,9.694860586491E-02));
#2975 = CARTESIAN_POINT('',(5.384851687378,0.195403879406));
#2976 = CARTESIAN_POINT('',(5.378874626263,0.295384556672));
#2977 = CARTESIAN_POINT('',(5.372953865737,0.396909955917));
#2978 = CARTESIAN_POINT('',(5.367089112898,0.5));
#2979 = ( GEOMETRIC_REPRESENTATION_CONTEXT(2) 
PARAMETRIC_REPRESENTATION_CONTEXT() REPRESENTATION_CONTEXT('2D SPACE',''
  ) );
#2980 = PCURVE('',#1587,#2981);
#2981 = DEFINITIONAL_REPRESENTATION('',(#2982),#2986);
#2982 = ( BOUNDED_CURVE() B_SPLINE_CURVE(2,(#2983,#2984,#2985),
.UNSPECIFIED.,.F.,.F.) B_SPLINE_CURVE_WITH_KNOTS((3,3),(1.031927952822,
1.080084847742),.PIECEWISE_BEZIER_KNOTS.) CURVE() 
GEOMETRIC_REPRESENTATION_ITEM() RATIONAL_B_SPLINE_CURVE((1.,
1.000289899822,1.)) REPRESENTATION_ITEM('') );
#2983 = CARTESIAN_POINT('',(6.57,-0.909303874144));
#2984 = CARTESIAN_POINT('',(6.812324685479,-0.811082789706));
#2985 = CARTESIAN_POINT('',(7.07,-0.70908211942));
#2986 = ( GEOMETRIC_REPRESENTATION_CONTEXT(2) 
PARAMETRIC_REPRESENTATION_CONTEXT() REPRESENTATION_CONTEXT('2D SPACE',''
  ) );
#2987 = ADVANCED_FACE('',(#2988),#1263,.T.);
#2988 = FACE_BOUND('',#2989,.T.);
#2989 = EDGE_LOOP('',(#2990,#3023,#3048,#3049,#3050));
#2990 = ORIENTED_EDGE('',*,*,#2991,.F.);
#2991 = EDGE_CURVE('',#2992,#2904,#2994,.T.);
#2992 = VERTEX_POINT('',#2993);
#2993 = CARTESIAN_POINT('',(2.58,2.5,-3.160696125856));
#2994 = SURFACE_CURVE('',#2995,(#3000,#3007),.PCURVE_S1.);
#2995 = CIRCLE('',#2996,4.08);
#2996 = AXIS2_PLACEMENT_3D('',#2997,#2998,#2999);
#2997 = CARTESIAN_POINT('',(0.,2.5,2.775557561563E-16));
#2998 = DIRECTION('',(-1.323582581388E-32,-1.,-1.405036081189E-16));
#2999 = DIRECTION('',(0.632352941176,1.088453945711E-16,-0.774680423004)
  );
#3000 = PCURVE('',#1263,#3001);
#3001 = DEFINITIONAL_REPRESENTATION('',(#3002),#3006);
#3002 = LINE('',#3003,#3004);
#3003 = CARTESIAN_POINT('',(7.169394868039,0.));
#3004 = VECTOR('',#3005,1.);
#3005 = DIRECTION('',(-1.,-0.));
#3006 = ( GEOMETRIC_REPRESENTATION_CONTEXT(2) 
PARAMETRIC_REPRESENTATION_CONTEXT() REPRESENTATION_CONTEXT('2D SPACE',''
  ) );
#3007 = PCURVE('',#3008,#3013);
#3008 = PLANE('',#3009);
#3009 = AXIS2_PLACEMENT_3D('',#3010,#3011,#3012);
#3010 = CARTESIAN_POINT('',(0.,2.5,2.775557561563E-16));
#3011 = DIRECTION('',(0.,1.,1.110223024625E-16));
#3012 = DIRECTION('',(1.,-0.,-0.));
#3013 = DEFINITIONAL_REPRESENTATION('',(#3014),#3022);
#3014 = ( BOUNDED_CURVE() B_SPLINE_CURVE(2,(#3015,#3016,#3017,#3018,
#3019,#3020,#3021),.UNSPECIFIED.,.T.,.F.) B_SPLINE_CURVE_WITH_KNOTS((1,2
    ,2,2,2,1),(-2.094395102393,0.,2.094395102393,4.188790204786,
6.28318530718,8.377580409573),.UNSPECIFIED.) CURVE() 
GEOMETRIC_REPRESENTATION_ITEM() RATIONAL_B_SPLINE_CURVE((1.,0.5,1.,0.5,
1.,0.5,1.)) REPRESENTATION_ITEM('') );
#3015 = CARTESIAN_POINT('',(2.58,3.160696125856));
#3016 = CARTESIAN_POINT('',(8.054486277268,-1.307994957672));
#3017 = CARTESIAN_POINT('',(1.447243138634,-3.814693604692));
#3018 = CARTESIAN_POINT('',(-5.16,-6.321392251712));
#3019 = CARTESIAN_POINT('',(-4.027243138634,0.653997478836));
#3020 = CARTESIAN_POINT('',(-2.894486277268,7.629387209384));
#3021 = CARTESIAN_POINT('',(2.58,3.160696125856));
#3022 = ( GEOMETRIC_REPRESENTATION_CONTEXT(2) 
PARAMETRIC_REPRESENTATION_CONTEXT() REPRESENTATION_CONTEXT('2D SPACE',''
  ) );
#3023 = ORIENTED_EDGE('',*,*,#3024,.F.);
#3024 = EDGE_CURVE('',#1669,#2992,#3025,.T.);
#3025 = SURFACE_CURVE('',#3026,(#3031,#3041),.PCURVE_S1.);
#3026 = HYPERBOLA('',#3027,8.0625,2.58);
#3027 = AXIS2_PLACEMENT_3D('',#3028,#3029,#3030);
#3028 = CARTESIAN_POINT('',(2.58,-10.25,-1.137978600241E-15));
#3029 = DIRECTION('',(1.,0.,0.));
#3030 = DIRECTION('',(-0.,1.,1.110223024625E-16));
#3031 = PCURVE('',#1263,#3032);
#3032 = DEFINITIONAL_REPRESENTATION('',(#3033),#3040);
#3033 = B_SPLINE_CURVE_WITH_KNOTS('',5,(#3034,#3035,#3036,#3037,#3038,
    #3039),.UNSPECIFIED.,.F.,.F.,(6,6),(-1.080976959265,-1.031927952822)
  ,.PIECEWISE_BEZIER_KNOTS.);
#3034 = CARTESIAN_POINT('',(7.199824535076,0.5));
#3035 = CARTESIAN_POINT('',(7.193855363538,0.396853032757));
#3036 = CARTESIAN_POINT('',(7.187828106909,0.295299911343));
#3037 = CARTESIAN_POINT('',(7.181742454673,0.195319956503));
#3038 = CARTESIAN_POINT('',(7.175598124736,9.68931279E-02));
#3039 = CARTESIAN_POINT('',(7.169394868039,-4.028385430425E-16));
#3040 = ( GEOMETRIC_REPRESENTATION_CONTEXT(2) 
PARAMETRIC_REPRESENTATION_CONTEXT() REPRESENTATION_CONTEXT('2D SPACE',''
  ) );
#3041 = PCURVE('',#1587,#3042);
#3042 = DEFINITIONAL_REPRESENTATION('',(#3043),#3047);
#3043 = ( BOUNDED_CURVE() B_SPLINE_CURVE(2,(#3044,#3045,#3046),
.UNSPECIFIED.,.F.,.F.) B_SPLINE_CURVE_WITH_KNOTS((3,3),(-1.080976959265,
-1.031927952822),.PIECEWISE_BEZIER_KNOTS.) CURVE() 
GEOMETRIC_REPRESENTATION_ITEM() RATIONAL_B_SPLINE_CURVE((1.,
1.000300740702,1.)) REPRESENTATION_ITEM('') );
#3044 = CARTESIAN_POINT('',(0.705300904984,-7.07));
#3045 = CARTESIAN_POINT('',(0.809263956575,-6.812184267686));
#3046 = CARTESIAN_POINT('',(0.909303874144,-6.57));
#3047 = ( GEOMETRIC_REPRESENTATION_CONTEXT(2) 
PARAMETRIC_REPRESENTATION_CONTEXT() REPRESENTATION_CONTEXT('2D SPACE',''
  ) );
#3048 = ORIENTED_EDGE('',*,*,#1668,.F.);
#3049 = ORIENTED_EDGE('',*,*,#1243,.T.);
#3050 = ORIENTED_EDGE('',*,*,#2932,.T.);
#3051 = ADVANCED_FACE('',(#3052),#1332,.T.);
#3052 = FACE_BOUND('',#3053,.T.);
#3053 = EDGE_LOOP('',(#3054,#3055,#3056,#3085,#3114,#3141));
#3054 = ORIENTED_EDGE('',*,*,#1315,.F.);
#3055 = ORIENTED_EDGE('',*,*,#1640,.F.);
#3056 = ORIENTED_EDGE('',*,*,#3057,.F.);
#3057 = EDGE_CURVE('',#3058,#1612,#3060,.T.);
#3058 = VERTEX_POINT('',#3059);
#3059 = CARTESIAN_POINT('',(2.739396696474,3.742931021185,3.75));
#3060 = SURFACE_CURVE('',#3061,(#3067,#3076),.PCURVE_S1.);
#3061 = B_SPLINE_CURVE_WITH_KNOTS('',4,(#3062,#3063,#3064,#3065,#3066),
  .UNSPECIFIED.,.F.,.F.,(5,5),(0.,1.),.PIECEWISE_BEZIER_KNOTS.);
#3062 = CARTESIAN_POINT('',(2.739396696474,3.742931021185,3.75));
#3063 = CARTESIAN_POINT('',(2.797352625424,3.683088132726,3.689906214438
    ));
#3064 = CARTESIAN_POINT('',(2.852656362589,3.622593115304,3.629151431628
    ));
#3065 = CARTESIAN_POINT('',(2.905469117659,3.561541384812,3.567830690994
    ));
#3066 = CARTESIAN_POINT('',(2.955918209969,3.5,3.506010435805));
#3067 = PCURVE('',#1332,#3068);
#3068 = DEFINITIONAL_REPRESENTATION('',(#3069),#3075);
#3069 = B_SPLINE_CURVE_WITH_KNOTS('',4,(#3070,#3071,#3072,#3073,#3074),
  .UNSPECIFIED.,.F.,.F.,(5,5),(0.,1.),.PIECEWISE_BEZIER_KNOTS.);
#3070 = CARTESIAN_POINT('',(7.222175002015,0.25));
#3071 = CARTESIAN_POINT('',(7.20447204023,0.189906214438));
#3072 = CARTESIAN_POINT('',(7.18700431161,0.129151431628));
#3073 = CARTESIAN_POINT('',(7.169742060217,6.78306909937E-02));
#3074 = CARTESIAN_POINT('',(7.152661229481,6.010435805255E-03));
#3075 = ( GEOMETRIC_REPRESENTATION_CONTEXT(2) 
PARAMETRIC_REPRESENTATION_CONTEXT() REPRESENTATION_CONTEXT('2D SPACE',''
  ) );
#3076 = PCURVE('',#1628,#3077);
#3077 = DEFINITIONAL_REPRESENTATION('',(#3078),#3084);
#3078 = B_SPLINE_CURVE_WITH_KNOTS('',4,(#3079,#3080,#3081,#3082,#3083),
  .UNSPECIFIED.,.F.,.F.,(5,5),(0.,1.),.PIECEWISE_BEZIER_KNOTS.);
#3079 = CARTESIAN_POINT('',(5.343296611636,0.242931021185));
#3080 = CARTESIAN_POINT('',(5.361006960545,0.183088132726));
#3081 = CARTESIAN_POINT('',(5.378485957579,0.122593115304));
#3082 = CARTESIAN_POINT('',(5.395763464671,6.154138481207E-02));
#3083 = CARTESIAN_POINT('',(5.41286370995,0.));
#3084 = ( GEOMETRIC_REPRESENTATION_CONTEXT(2) 
PARAMETRIC_REPRESENTATION_CONTEXT() REPRESENTATION_CONTEXT('2D SPACE',''
  ) );
#3085 = ORIENTED_EDGE('',*,*,#3086,.T.);
#3086 = EDGE_CURVE('',#3058,#3087,#3089,.T.);
#3087 = VERTEX_POINT('',#3088);
#3088 = CARTESIAN_POINT('',(-2.739396696474,3.742931021185,3.75));
#3089 = SURFACE_CURVE('',#3090,(#3095,#3102),.PCURVE_S1.);
#3090 = CIRCLE('',#3091,4.6383);
#3091 = AXIS2_PLACEMENT_3D('',#3092,#3093,#3094);
#3092 = CARTESIAN_POINT('',(0.,0.,3.75));
#3093 = DIRECTION('',(0.,0.,-1.));
#3094 = DIRECTION('',(0.590603604009,0.806961822475,0.));
#3095 = PCURVE('',#1332,#3096);
#3096 = DEFINITIONAL_REPRESENTATION('',(#3097),#3101);
#3097 = LINE('',#3098,#3099);
#3098 = CARTESIAN_POINT('',(7.222175002015,0.25));
#3099 = VECTOR('',#3100,1.);
#3100 = DIRECTION('',(-1.,-0.));
#3101 = ( GEOMETRIC_REPRESENTATION_CONTEXT(2) 
PARAMETRIC_REPRESENTATION_CONTEXT() REPRESENTATION_CONTEXT('2D SPACE',''
  ) );
#3102 = PCURVE('',#3103,#3108);
#3103 = CONICAL_SURFACE('',#3104,4.6383,7.505872603438E-02);
#3104 = AXIS2_PLACEMENT_3D('',#3105,#3106,#3107);
#3105 = CARTESIAN_POINT('',(0.,0.,3.75));
#3106 = DIRECTION('',(0.,0.,1.));
#3107 = DIRECTION('',(1.,0.,-0.));
#3108 = DEFINITIONAL_REPRESENTATION('',(#3109),#3113);
#3109 = LINE('',#3110,#3111);
#3110 = CARTESIAN_POINT('',(7.222175002015,0.));
#3111 = VECTOR('',#3112,1.);
#3112 = DIRECTION('',(-1.,-0.));
#3113 = ( GEOMETRIC_REPRESENTATION_CONTEXT(2) 
PARAMETRIC_REPRESENTATION_CONTEXT() REPRESENTATION_CONTEXT('2D SPACE',''
  ) );
#3114 = ORIENTED_EDGE('',*,*,#3115,.F.);
#3115 = EDGE_CURVE('',#1610,#3087,#3116,.T.);
#3116 = SURFACE_CURVE('',#3117,(#3123,#3132),.PCURVE_S1.);
#3117 = B_SPLINE_CURVE_WITH_KNOTS('',4,(#3118,#3119,#3120,#3121,#3122),
  .UNSPECIFIED.,.F.,.F.,(5,5),(0.,1.),.PIECEWISE_BEZIER_KNOTS.);
#3118 = CARTESIAN_POINT('',(-2.955918209969,3.5,3.506010435805));
#3119 = CARTESIAN_POINT('',(-2.905469117822,3.561541384613,
    3.567830690794));
#3120 = CARTESIAN_POINT('',(-2.852656362883,3.622593114973,
    3.629151431296));
#3121 = CARTESIAN_POINT('',(-2.797352625615,3.683088132529,3.68990621424
    ));
#3122 = CARTESIAN_POINT('',(-2.739396696474,3.742931021185,3.75));
#3123 = PCURVE('',#1332,#3124);
#3124 = DEFINITIONAL_REPRESENTATION('',(#3125),#3131);
#3125 = B_SPLINE_CURVE_WITH_KNOTS('',4,(#3126,#3127,#3128,#3129,#3130),
  .UNSPECIFIED.,.F.,.F.,(5,5),(0.,1.),.PIECEWISE_BEZIER_KNOTS.);
#3126 = CARTESIAN_POINT('',(2.272116731289,6.010435805248E-03));
#3127 = CARTESIAN_POINT('',(2.255035900608,6.783069079395E-02));
#3128 = CARTESIAN_POINT('',(2.237773649254,0.129151431296));
#3129 = CARTESIAN_POINT('',(2.220305920598,0.18990621424));
#3130 = CARTESIAN_POINT('',(2.202602958755,0.25));
#3131 = ( GEOMETRIC_REPRESENTATION_CONTEXT(2) 
PARAMETRIC_REPRESENTATION_CONTEXT() REPRESENTATION_CONTEXT('2D SPACE',''
  ) );
#3132 = PCURVE('',#1628,#3133);
#3133 = DEFINITIONAL_REPRESENTATION('',(#3134),#3140);
#3134 = B_SPLINE_CURVE_WITH_KNOTS('',4,(#3135,#3136,#3137,#3138,#3139),
  .UNSPECIFIED.,.F.,.F.,(5,5),(0.,1.),.PIECEWISE_BEZIER_KNOTS.);
#3135 = CARTESIAN_POINT('',(10.295099557999,-1.466432235826E-14));
#3136 = CARTESIAN_POINT('',(10.312199803223,6.154138461321E-02));
#3137 = CARTESIAN_POINT('',(10.329477310276,0.122593114973));
#3138 = CARTESIAN_POINT('',(10.346956307345,0.183088132529));
#3139 = CARTESIAN_POINT('',(10.364666656313,0.242931021185));
#3140 = ( GEOMETRIC_REPRESENTATION_CONTEXT(2) 
PARAMETRIC_REPRESENTATION_CONTEXT() REPRESENTATION_CONTEXT('2D SPACE',''
  ) );
#3141 = ORIENTED_EDGE('',*,*,#1907,.F.);
#3142 = ADVANCED_FACE('',(#3143),#1443,.T.);
#3143 = FACE_BOUND('',#3144,.T.);
#3144 = EDGE_LOOP('',(#3145,#3167,#3168,#3169));
#3145 = ORIENTED_EDGE('',*,*,#3146,.T.);
#3146 = EDGE_CURVE('',#2517,#2792,#3147,.T.);
#3147 = SURFACE_CURVE('',#3148,(#3153,#3160),.PCURVE_S1.);
#3148 = CIRCLE('',#3149,4.08);
#3149 = AXIS2_PLACEMENT_3D('',#3150,#3151,#3152);
#3150 = CARTESIAN_POINT('',(0.,0.,2.5));
#3151 = DIRECTION('',(0.,0.,1.));
#3152 = DIRECTION('',(1.,0.,-0.));
#3153 = PCURVE('',#1443,#3154);
#3154 = DEFINITIONAL_REPRESENTATION('',(#3155),#3159);
#3155 = LINE('',#3156,#3157);
#3156 = CARTESIAN_POINT('',(0.,0.));
#3157 = VECTOR('',#3158,1.);
#3158 = DIRECTION('',(1.,0.));
#3159 = ( GEOMETRIC_REPRESENTATION_CONTEXT(2) 
PARAMETRIC_REPRESENTATION_CONTEXT() REPRESENTATION_CONTEXT('2D SPACE',''
  ) );
#3160 = PCURVE('',#2593,#3161);
#3161 = DEFINITIONAL_REPRESENTATION('',(#3162),#3166);
#3162 = CIRCLE('',#3163,4.08);
#3163 = AXIS2_PLACEMENT_2D('',#3164,#3165);
#3164 = CARTESIAN_POINT('',(0.,0.));
#3165 = DIRECTION('',(1.,-0.));
#3166 = ( GEOMETRIC_REPRESENTATION_CONTEXT(2) 
PARAMETRIC_REPRESENTATION_CONTEXT() REPRESENTATION_CONTEXT('2D SPACE',''
  ) );
#3167 = ORIENTED_EDGE('',*,*,#2812,.F.);
#3168 = ORIENTED_EDGE('',*,*,#1427,.F.);
#3169 = ORIENTED_EDGE('',*,*,#2516,.F.);
#3170 = ADVANCED_FACE('',(#3171),#1543,.T.);
#3171 = FACE_BOUND('',#3172,.T.);
#3172 = EDGE_LOOP('',(#3173,#3174,#3175,#3199));
#3173 = ORIENTED_EDGE('',*,*,#1499,.F.);
#3174 = ORIENTED_EDGE('',*,*,#2876,.T.);
#3175 = ORIENTED_EDGE('',*,*,#3176,.T.);
#3176 = EDGE_CURVE('',#2462,#3177,#3179,.T.);
#3177 = VERTEX_POINT('',#3178);
#3178 = CARTESIAN_POINT('',(2.58,-3.89,2.25));
#3179 = SURFACE_CURVE('',#3180,(#3185,#3192),.PCURVE_S1.);
#3180 = CIRCLE('',#3181,0.18);
#3181 = AXIS2_PLACEMENT_3D('',#3182,#3183,#3184);
#3182 = CARTESIAN_POINT('',(2.4,-3.89,2.25));
#3183 = DIRECTION('',(0.,-7.199442299765E-17,1.));
#3184 = DIRECTION('',(0.,-1.,-7.199442299765E-17));
#3185 = PCURVE('',#1543,#3186);
#3186 = DEFINITIONAL_REPRESENTATION('',(#3187),#3191);
#3187 = LINE('',#3188,#3189);
#3188 = CARTESIAN_POINT('',(1.570796326795,0.));
#3189 = VECTOR('',#3190,1.);
#3190 = DIRECTION('',(0.,1.));
#3191 = ( GEOMETRIC_REPRESENTATION_CONTEXT(2) 
PARAMETRIC_REPRESENTATION_CONTEXT() REPRESENTATION_CONTEXT('2D SPACE',''
  ) );
#3192 = PCURVE('',#2498,#3193);
#3193 = DEFINITIONAL_REPRESENTATION('',(#3194),#3198);
#3194 = LINE('',#3195,#3196);
#3195 = CARTESIAN_POINT('',(-0.,0.));
#3196 = VECTOR('',#3197,1.);
#3197 = DIRECTION('',(-1.,0.));
#3198 = ( GEOMETRIC_REPRESENTATION_CONTEXT(2) 
PARAMETRIC_REPRESENTATION_CONTEXT() REPRESENTATION_CONTEXT('2D SPACE',''
  ) );
#3199 = ORIENTED_EDGE('',*,*,#3200,.F.);
#3200 = EDGE_CURVE('',#1500,#3177,#3201,.T.);
#3201 = SURFACE_CURVE('',#3202,(#3207,#3214),.PCURVE_S1.);
#3202 = CIRCLE('',#3203,1.07);
#3203 = AXIS2_PLACEMENT_3D('',#3204,#3205,#3206);
#3204 = CARTESIAN_POINT('',(2.58,-2.82,2.25));
#3205 = DIRECTION('',(1.,0.,0.));
#3206 = DIRECTION('',(0.,-3.552713678801E-16,1.));
#3207 = PCURVE('',#1543,#3208);
#3208 = DEFINITIONAL_REPRESENTATION('',(#3209),#3213);
#3209 = LINE('',#3210,#3211);
#3210 = CARTESIAN_POINT('',(0.,1.570796326795));
#3211 = VECTOR('',#3212,1.);
#3212 = DIRECTION('',(1.,0.));
#3213 = ( GEOMETRIC_REPRESENTATION_CONTEXT(2) 
PARAMETRIC_REPRESENTATION_CONTEXT() REPRESENTATION_CONTEXT('2D SPACE',''
  ) );
#3214 = PCURVE('',#1587,#3215);
#3215 = DEFINITIONAL_REPRESENTATION('',(#3216),#3220);
#3216 = CIRCLE('',#3217,1.07);
#3217 = AXIS2_PLACEMENT_2D('',#3218,#3219);
#3218 = CARTESIAN_POINT('',(6.32,-1.25));
#3219 = DIRECTION('',(1.,3.552713678801E-16));
#3220 = ( GEOMETRIC_REPRESENTATION_CONTEXT(2) 
PARAMETRIC_REPRESENTATION_CONTEXT() REPRESENTATION_CONTEXT('2D SPACE',''
  ) );
#3221 = ADVANCED_FACE('',(#3222),#1587,.T.);
#3222 = FACE_BOUND('',#3223,.T.);
#3223 = EDGE_LOOP('',(#3224,#3225,#3226,#3249,#3273,#3296,#3318,#3319,
    #3320,#3341,#3367,#3416,#3442,#3461));
#3224 = ORIENTED_EDGE('',*,*,#1569,.T.);
#3225 = ORIENTED_EDGE('',*,*,#3200,.T.);
#3226 = ORIENTED_EDGE('',*,*,#3227,.T.);
#3227 = EDGE_CURVE('',#3177,#3228,#3230,.T.);
#3228 = VERTEX_POINT('',#3229);
#3229 = CARTESIAN_POINT('',(2.58,-3.89,-2.82));
#3230 = SURFACE_CURVE('',#3231,(#3235,#3242),.PCURVE_S1.);
#3231 = LINE('',#3232,#3233);
#3232 = CARTESIAN_POINT('',(2.58,-3.89,2.25));
#3233 = VECTOR('',#3234,1.);
#3234 = DIRECTION('',(-0.,-0.,-1.));
#3235 = PCURVE('',#1587,#3236);
#3236 = DEFINITIONAL_REPRESENTATION('',(#3237),#3241);
#3237 = LINE('',#3238,#3239);
#3238 = CARTESIAN_POINT('',(6.32,-0.18));
#3239 = VECTOR('',#3240,1.);
#3240 = DIRECTION('',(-1.,0.));
#3241 = ( GEOMETRIC_REPRESENTATION_CONTEXT(2) 
PARAMETRIC_REPRESENTATION_CONTEXT() REPRESENTATION_CONTEXT('2D SPACE',''
  ) );
#3242 = PCURVE('',#2498,#3243);
#3243 = DEFINITIONAL_REPRESENTATION('',(#3244),#3248);
#3244 = LINE('',#3245,#3246);
#3245 = CARTESIAN_POINT('',(-1.570796326795,0.));
#3246 = VECTOR('',#3247,1.);
#3247 = DIRECTION('',(-0.,1.));
#3248 = ( GEOMETRIC_REPRESENTATION_CONTEXT(2) 
PARAMETRIC_REPRESENTATION_CONTEXT() REPRESENTATION_CONTEXT('2D SPACE',''
  ) );
#3249 = ORIENTED_EDGE('',*,*,#3250,.T.);
#3250 = EDGE_CURVE('',#3228,#3251,#3253,.T.);
#3251 = VERTEX_POINT('',#3252);
#3252 = CARTESIAN_POINT('',(2.58,-2.82,-3.89));
#3253 = SURFACE_CURVE('',#3254,(#3259,#3266),.PCURVE_S1.);
#3254 = CIRCLE('',#3255,1.07);
#3255 = AXIS2_PLACEMENT_3D('',#3256,#3257,#3258);
#3256 = CARTESIAN_POINT('',(2.58,-2.82,-2.82));
#3257 = DIRECTION('',(1.,0.,0.));
#3258 = DIRECTION('',(0.,-1.,0.));
#3259 = PCURVE('',#1587,#3260);
#3260 = DEFINITIONAL_REPRESENTATION('',(#3261),#3265);
#3261 = CIRCLE('',#3262,1.07);
#3262 = AXIS2_PLACEMENT_2D('',#3263,#3264);
#3263 = CARTESIAN_POINT('',(1.25,-1.25));
#3264 = DIRECTION('',(0.,1.));
#3265 = ( GEOMETRIC_REPRESENTATION_CONTEXT(2) 
PARAMETRIC_REPRESENTATION_CONTEXT() REPRESENTATION_CONTEXT('2D SPACE',''
  ) );
#3266 = PCURVE('',#2444,#3267);
#3267 = DEFINITIONAL_REPRESENTATION('',(#3268),#3272);
#3268 = LINE('',#3269,#3270);
#3269 = CARTESIAN_POINT('',(0.,1.570796326795));
#3270 = VECTOR('',#3271,1.);
#3271 = DIRECTION('',(1.,0.));
#3272 = ( GEOMETRIC_REPRESENTATION_CONTEXT(2) 
PARAMETRIC_REPRESENTATION_CONTEXT() REPRESENTATION_CONTEXT('2D SPACE',''
  ) );
#3273 = ORIENTED_EDGE('',*,*,#3274,.T.);
#3274 = EDGE_CURVE('',#3251,#3275,#3277,.T.);
#3275 = VERTEX_POINT('',#3276);
#3276 = CARTESIAN_POINT('',(2.58,2.25,-3.89));
#3277 = SURFACE_CURVE('',#3278,(#3282,#3289),.PCURVE_S1.);
#3278 = LINE('',#3279,#3280);
#3279 = CARTESIAN_POINT('',(2.58,-2.82,-3.89));
#3280 = VECTOR('',#3281,1.);
#3281 = DIRECTION('',(0.,1.,0.));
#3282 = PCURVE('',#1587,#3283);
#3283 = DEFINITIONAL_REPRESENTATION('',(#3284),#3288);
#3284 = LINE('',#3285,#3286);
#3285 = CARTESIAN_POINT('',(0.18,-1.25));
#3286 = VECTOR('',#3287,1.);
#3287 = DIRECTION('',(0.,-1.));
#3288 = ( GEOMETRIC_REPRESENTATION_CONTEXT(2) 
PARAMETRIC_REPRESENTATION_CONTEXT() REPRESENTATION_CONTEXT('2D SPACE',''
  ) );
#3289 = PCURVE('',#2387,#3290);
#3290 = DEFINITIONAL_REPRESENTATION('',(#3291),#3295);
#3291 = LINE('',#3292,#3293);
#3292 = CARTESIAN_POINT('',(-1.570796326795,0.));
#3293 = VECTOR('',#3294,1.);
#3294 = DIRECTION('',(-0.,1.));
#3295 = ( GEOMETRIC_REPRESENTATION_CONTEXT(2) 
PARAMETRIC_REPRESENTATION_CONTEXT() REPRESENTATION_CONTEXT('2D SPACE',''
  ) );
#3296 = ORIENTED_EDGE('',*,*,#3297,.T.);
#3297 = EDGE_CURVE('',#3275,#1693,#3298,.T.);
#3298 = SURFACE_CURVE('',#3299,(#3304,#3311),.PCURVE_S1.);
#3299 = CIRCLE('',#3300,1.07);
#3300 = AXIS2_PLACEMENT_3D('',#3301,#3302,#3303);
#3301 = CARTESIAN_POINT('',(2.58,2.25,-2.82));
#3302 = DIRECTION('',(1.,0.,-0.));
#3303 = DIRECTION('',(-0.,0.,-1.));
#3304 = PCURVE('',#1587,#3305);
#3305 = DEFINITIONAL_REPRESENTATION('',(#3306),#3310);
#3306 = CIRCLE('',#3307,1.07);
#3307 = AXIS2_PLACEMENT_2D('',#3308,#3309);
#3308 = CARTESIAN_POINT('',(1.25,-6.32));
#3309 = DIRECTION('',(-1.,0.));
#3310 = ( GEOMETRIC_REPRESENTATION_CONTEXT(2) 
PARAMETRIC_REPRESENTATION_CONTEXT() REPRESENTATION_CONTEXT('2D SPACE',''
  ) );
#3311 = PCURVE('',#1763,#3312);
#3312 = DEFINITIONAL_REPRESENTATION('',(#3313),#3317);
#3313 = LINE('',#3314,#3315);
#3314 = CARTESIAN_POINT('',(0.,1.570796326795));
#3315 = VECTOR('',#3316,1.);
#3316 = DIRECTION('',(1.,0.));
#3317 = ( GEOMETRIC_REPRESENTATION_CONTEXT(2) 
PARAMETRIC_REPRESENTATION_CONTEXT() REPRESENTATION_CONTEXT('2D SPACE',''
  ) );
#3318 = ORIENTED_EDGE('',*,*,#1692,.T.);
#3319 = ORIENTED_EDGE('',*,*,#3024,.T.);
#3320 = ORIENTED_EDGE('',*,*,#3321,.F.);
#3321 = EDGE_CURVE('',#3322,#2992,#3324,.T.);
#3322 = VERTEX_POINT('',#3323);
#3323 = CARTESIAN_POINT('',(2.58,2.5,-3.121874436937));
#3324 = SURFACE_CURVE('',#3325,(#3329,#3335),.PCURVE_S1.);
#3325 = LINE('',#3326,#3327);
#3326 = CARTESIAN_POINT('',(2.58,2.5,-2.035));
#3327 = VECTOR('',#3328,1.);
#3328 = DIRECTION('',(0.,1.110223024625E-16,-1.));
#3329 = PCURVE('',#1587,#3330);
#3330 = DEFINITIONAL_REPRESENTATION('',(#3331),#3334);
#3331 = B_SPLINE_CURVE_WITH_KNOTS('',1,(#3332,#3333),.UNSPECIFIED.,.F.,
  .F.,(2,2),(-5.311533888541,1.855),.PIECEWISE_BEZIER_KNOTS.);
#3332 = CARTESIAN_POINT('',(7.346533888541,-6.57));
#3333 = CARTESIAN_POINT('',(0.18,-6.57));
#3334 = ( GEOMETRIC_REPRESENTATION_CONTEXT(2) 
PARAMETRIC_REPRESENTATION_CONTEXT() REPRESENTATION_CONTEXT('2D SPACE',''
  ) );
#3335 = PCURVE('',#3008,#3336);
#3336 = DEFINITIONAL_REPRESENTATION('',(#3337),#3340);
#3337 = B_SPLINE_CURVE_WITH_KNOTS('',1,(#3338,#3339),.UNSPECIFIED.,.F.,
  .F.,(2,2),(-5.311533888541,1.855),.PIECEWISE_BEZIER_KNOTS.);
#3338 = CARTESIAN_POINT('',(2.58,-3.276533888541));
#3339 = CARTESIAN_POINT('',(2.58,3.89));
#3340 = ( GEOMETRIC_REPRESENTATION_CONTEXT(2) 
PARAMETRIC_REPRESENTATION_CONTEXT() REPRESENTATION_CONTEXT('2D SPACE',''
  ) );
#3341 = ORIENTED_EDGE('',*,*,#3342,.T.);
#3342 = EDGE_CURVE('',#3322,#3343,#3345,.T.);
#3343 = VERTEX_POINT('',#3344);
#3344 = CARTESIAN_POINT('',(2.58,-6.3191774836E-16,-3.121874436937));
#3345 = SURFACE_CURVE('',#3346,(#3350,#3356),.PCURVE_S1.);
#3346 = LINE('',#3347,#3348);
#3347 = CARTESIAN_POINT('',(2.58,3.465976879876E-16,-3.121874436937));
#3348 = VECTOR('',#3349,1.);
#3349 = DIRECTION('',(-0.,-1.,-1.110223024625E-16));
#3350 = PCURVE('',#1587,#3351);
#3351 = DEFINITIONAL_REPRESENTATION('',(#3352),#3355);
#3352 = B_SPLINE_CURVE_WITH_KNOTS('',1,(#3353,#3354),.UNSPECIFIED.,.F.,
  .F.,(2,2),(-3.5000006,6.004903662031E-07),.PIECEWISE_BEZIER_KNOTS.);
#3353 = CARTESIAN_POINT('',(0.948125563063,-7.5700006));
#3354 = CARTESIAN_POINT('',(0.948125563063,-4.06999939951));
#3355 = ( GEOMETRIC_REPRESENTATION_CONTEXT(2) 
PARAMETRIC_REPRESENTATION_CONTEXT() REPRESENTATION_CONTEXT('2D SPACE',''
  ) );
#3356 = PCURVE('',#3357,#3362);
#3357 = CYLINDRICAL_SURFACE('',#3358,4.05);
#3358 = AXIS2_PLACEMENT_3D('',#3359,#3360,#3361);
#3359 = CARTESIAN_POINT('',(0.,0.,0.));
#3360 = DIRECTION('',(-0.,-1.,-1.110223024625E-16));
#3361 = DIRECTION('',(1.,0.,0.));
#3362 = DEFINITIONAL_REPRESENTATION('',(#3363),#3366);
#3363 = B_SPLINE_CURVE_WITH_KNOTS('',1,(#3364,#3365),.UNSPECIFIED.,.F.,
  .F.,(2,2),(-3.5000006,6.004903662031E-07),.PIECEWISE_BEZIER_KNOTS.);
#3364 = CARTESIAN_POINT('',(-7.163333347175,-3.5000006));
#3365 = CARTESIAN_POINT('',(-7.163333347175,6.004903662031E-07));
#3366 = ( GEOMETRIC_REPRESENTATION_CONTEXT(2) 
PARAMETRIC_REPRESENTATION_CONTEXT() REPRESENTATION_CONTEXT('2D SPACE',''
  ) );
#3367 = ORIENTED_EDGE('',*,*,#3368,.F.);
#3368 = EDGE_CURVE('',#3369,#3343,#3371,.T.);
#3369 = VERTEX_POINT('',#3370);
#3370 = CARTESIAN_POINT('',(2.58,-3.121874436937,0.));
#3371 = SURFACE_CURVE('',#3372,(#3377,#3384),.PCURVE_S1.);
#3372 = CIRCLE('',#3373,3.121874436937);
#3373 = AXIS2_PLACEMENT_3D('',#3374,#3375,#3376);
#3374 = CARTESIAN_POINT('',(2.58,0.,0.));
#3375 = DIRECTION('',(1.,0.,0.));
#3376 = DIRECTION('',(-0.,0.,1.));
#3377 = PCURVE('',#1587,#3378);
#3378 = DEFINITIONAL_REPRESENTATION('',(#3379),#3383);
#3379 = CIRCLE('',#3380,3.121874436937);
#3380 = AXIS2_PLACEMENT_2D('',#3381,#3382);
#3381 = CARTESIAN_POINT('',(4.07,-4.07));
#3382 = DIRECTION('',(1.,0.));
#3383 = ( GEOMETRIC_REPRESENTATION_CONTEXT(2) 
PARAMETRIC_REPRESENTATION_CONTEXT() REPRESENTATION_CONTEXT('2D SPACE',''
  ) );
#3384 = PCURVE('',#3385,#3390);
#3385 = SPHERICAL_SURFACE('',#3386,4.05);
#3386 = AXIS2_PLACEMENT_3D('',#3387,#3388,#3389);
#3387 = CARTESIAN_POINT('',(0.,0.,0.));
#3388 = DIRECTION('',(0.,0.,1.));
#3389 = DIRECTION('',(1.,0.,0.));
#3390 = DEFINITIONAL_REPRESENTATION('',(#3391),#3415);
#3391 = B_SPLINE_CURVE_WITH_KNOTS('',8,(#3392,#3393,#3394,#3395,#3396,
    #3397,#3398,#3399,#3400,#3401,#3402,#3403,#3404,#3405,#3406,#3407,
    #3408,#3409,#3410,#3411,#3412,#3413,#3414),.UNSPECIFIED.,.F.,.F.,(9,
    7,7,9),(1.570796326795,2.356194490192,2.748893571891,3.14159265359),
  .UNSPECIFIED.);
#3392 = CARTESIAN_POINT('',(5.403037267184,4.719992020413E-17));
#3393 = CARTESIAN_POINT('',(5.403037267184,-7.567637188666E-02));
#3394 = CARTESIAN_POINT('',(5.40844606371,-0.151352799356));
#3395 = CARTESIAN_POINT('',(5.419265433439,-0.226577757594));
#3396 = CARTESIAN_POINT('',(5.435773342742,-0.300902112492));
#3397 = CARTESIAN_POINT('',(5.45855955839,-0.373809595262));
#3398 = CARTESIAN_POINT('',(5.488485771506,-0.444676254005));
#3399 = CARTESIAN_POINT('',(5.52694118859,-0.512636557236));
#3400 = CARTESIAN_POINT('',(5.599686113999,-0.60837520565));
#3401 = CARTESIAN_POINT('',(5.626444708104,-0.639254665941));
#3402 = CARTESIAN_POINT('',(5.655902245069,-0.668946352318));
#3403 = CARTESIAN_POINT('',(5.688254020414,-0.697276001715));
#3404 = CARTESIAN_POINT('',(5.723689905158,-0.724041561184));
#3405 = CARTESIAN_POINT('',(5.762362973328,-0.749012993166));
#3406 = CARTESIAN_POINT('',(5.804338819764,-0.771939764265));
#3407 = CARTESIAN_POINT('',(5.894712316701,-0.813192270753));
#3408 = CARTESIAN_POINT('',(5.943110152709,-0.831518218373));
#3409 = CARTESIAN_POINT('',(5.994629128306,-0.847288857053));
#3410 = CARTESIAN_POINT('',(6.049024095258,-0.86024706069));
#3411 = CARTESIAN_POINT('',(6.105850368404,-0.870151623626));
#3412 = CARTESIAN_POINT('',(6.164391042465,-0.876815851382));
#3413 = CARTESIAN_POINT('',(6.223788154827,-0.880148039995));
#3414 = CARTESIAN_POINT('',(6.28318530718,-0.880148039995));
#3415 = ( GEOMETRIC_REPRESENTATION_CONTEXT(2) 
PARAMETRIC_REPRESENTATION_CONTEXT() REPRESENTATION_CONTEXT('2D SPACE',''
  ) );
#3416 = ORIENTED_EDGE('',*,*,#3417,.F.);
#3417 = EDGE_CURVE('',#3418,#3369,#3420,.T.);
#3418 = VERTEX_POINT('',#3419);
#3419 = CARTESIAN_POINT('',(2.58,-3.121874436937,2.5));
#3420 = SURFACE_CURVE('',#3421,(#3425,#3431),.PCURVE_S1.);
#3421 = LINE('',#3422,#3423);
#3422 = CARTESIAN_POINT('',(2.58,-3.121874436937,0.));
#3423 = VECTOR('',#3424,1.);
#3424 = DIRECTION('',(-0.,-0.,-1.));
#3425 = PCURVE('',#1587,#3426);
#3426 = DEFINITIONAL_REPRESENTATION('',(#3427),#3430);
#3427 = B_SPLINE_CURVE_WITH_KNOTS('',1,(#3428,#3429),.UNSPECIFIED.,.F.,
  .F.,(2,2),(-3.5000006,6.004903662031E-07),.PIECEWISE_BEZIER_KNOTS.);
#3428 = CARTESIAN_POINT('',(7.5700006,-0.948125563063));
#3429 = CARTESIAN_POINT('',(4.06999939951,-0.948125563063));
#3430 = ( GEOMETRIC_REPRESENTATION_CONTEXT(2) 
PARAMETRIC_REPRESENTATION_CONTEXT() REPRESENTATION_CONTEXT('2D SPACE',''
  ) );
#3431 = PCURVE('',#3432,#3437);
#3432 = CYLINDRICAL_SURFACE('',#3433,4.05);
#3433 = AXIS2_PLACEMENT_3D('',#3434,#3435,#3436);
#3434 = CARTESIAN_POINT('',(0.,0.,0.));
#3435 = DIRECTION('',(-0.,-0.,-1.));
#3436 = DIRECTION('',(1.,0.,0.));
#3437 = DEFINITIONAL_REPRESENTATION('',(#3438),#3441);
#3438 = B_SPLINE_CURVE_WITH_KNOTS('',1,(#3439,#3440),.UNSPECIFIED.,.F.,
  .F.,(2,2),(-3.5000006,6.004903662031E-07),.PIECEWISE_BEZIER_KNOTS.);
#3439 = CARTESIAN_POINT('',(-5.403037267184,-3.5000006));
#3440 = CARTESIAN_POINT('',(-5.403037267184,6.004903662031E-07));
#3441 = ( GEOMETRIC_REPRESENTATION_CONTEXT(2) 
PARAMETRIC_REPRESENTATION_CONTEXT() REPRESENTATION_CONTEXT('2D SPACE',''
  ) );
#3442 = ORIENTED_EDGE('',*,*,#3443,.F.);
#3443 = EDGE_CURVE('',#2902,#3418,#3444,.T.);
#3444 = SURFACE_CURVE('',#3445,(#3449,#3455),.PCURVE_S1.);
#3445 = LINE('',#3446,#3447);
#3446 = CARTESIAN_POINT('',(2.58,-2.035,2.5));
#3447 = VECTOR('',#3448,1.);
#3448 = DIRECTION('',(0.,1.,0.));
#3449 = PCURVE('',#1587,#3450);
#3450 = DEFINITIONAL_REPRESENTATION('',(#3451),#3454);
#3451 = B_SPLINE_CURVE_WITH_KNOTS('',1,(#3452,#3453),.UNSPECIFIED.,.F.,
  .F.,(2,2),(-1.855,5.143442551228),.PIECEWISE_BEZIER_KNOTS.);
#3452 = CARTESIAN_POINT('',(6.57,-0.18));
#3453 = CARTESIAN_POINT('',(6.57,-7.178442551228));
#3454 = ( GEOMETRIC_REPRESENTATION_CONTEXT(2) 
PARAMETRIC_REPRESENTATION_CONTEXT() REPRESENTATION_CONTEXT('2D SPACE',''
  ) );
#3455 = PCURVE('',#2920,#3456);
#3456 = DEFINITIONAL_REPRESENTATION('',(#3457),#3460);
#3457 = B_SPLINE_CURVE_WITH_KNOTS('',1,(#3458,#3459),.UNSPECIFIED.,.F.,
  .F.,(2,2),(-1.855,5.143442551228),.PIECEWISE_BEZIER_KNOTS.);
#3458 = CARTESIAN_POINT('',(2.58,-3.89));
#3459 = CARTESIAN_POINT('',(2.58,3.108442551228));
#3460 = ( GEOMETRIC_REPRESENTATION_CONTEXT(2) 
PARAMETRIC_REPRESENTATION_CONTEXT() REPRESENTATION_CONTEXT('2D SPACE',''
  ) );
#3461 = ORIENTED_EDGE('',*,*,#2963,.T.);
#3462 = ADVANCED_FACE('',(#3463),#1628,.T.);
#3463 = FACE_BOUND('',#3464,.T.);
#3464 = EDGE_LOOP('',(#3465,#3496,#3523,#3524,#3525,#3526));
#3465 = ORIENTED_EDGE('',*,*,#3466,.T.);
#3466 = EDGE_CURVE('',#3467,#3469,#3471,.T.);
#3467 = VERTEX_POINT('',#3468);
#3468 = CARTESIAN_POINT('',(-2.73078151167,3.75,3.7583720978));
#3469 = VERTEX_POINT('',#3470);
#3470 = CARTESIAN_POINT('',(2.73078151167,3.75,3.7583720978));
#3471 = SURFACE_CURVE('',#3472,(#3477,#3484),.PCURVE_S1.);
#3472 = CIRCLE('',#3473,4.6457);
#3473 = AXIS2_PLACEMENT_3D('',#3474,#3475,#3476);
#3474 = CARTESIAN_POINT('',(0.,3.75,4.163336342344E-16));
#3475 = DIRECTION('',(8.798667531575E-18,-1.,-1.117669991945E-16));
#3476 = DIRECTION('',(-0.587808405982,-9.559145227846E-17,0.809000171729
    ));
#3477 = PCURVE('',#1628,#3478);
#3478 = DEFINITIONAL_REPRESENTATION('',(#3479),#3483);
#3479 = LINE('',#3480,#3481);
#3480 = CARTESIAN_POINT('',(10.367227137015,0.25));
#3481 = VECTOR('',#3482,1.);
#3482 = DIRECTION('',(-1.,-0.));
#3483 = ( GEOMETRIC_REPRESENTATION_CONTEXT(2) 
PARAMETRIC_REPRESENTATION_CONTEXT() REPRESENTATION_CONTEXT('2D SPACE',''
  ) );
#3484 = PCURVE('',#3485,#3490);
#3485 = CONICAL_SURFACE('',#3486,4.6457,8.102224025812E-02);
#3486 = AXIS2_PLACEMENT_3D('',#3487,#3488,#3489);
#3487 = CARTESIAN_POINT('',(0.,3.75,4.163336342344E-16));
#3488 = DIRECTION('',(0.,1.,1.110223024625E-16));
#3489 = DIRECTION('',(1.,0.,0.));
#3490 = DEFINITIONAL_REPRESENTATION('',(#3491),#3495);
#3491 = LINE('',#3492,#3493);
#3492 = CARTESIAN_POINT('',(10.367227137015,0.));
#3493 = VECTOR('',#3494,1.);
#3494 = DIRECTION('',(-1.,-0.));
#3495 = ( GEOMETRIC_REPRESENTATION_CONTEXT(2) 
PARAMETRIC_REPRESENTATION_CONTEXT() REPRESENTATION_CONTEXT('2D SPACE',''
  ) );
#3496 = ORIENTED_EDGE('',*,*,#3497,.T.);
#3497 = EDGE_CURVE('',#3469,#3058,#3498,.T.);
#3498 = SURFACE_CURVE('',#3499,(#3505,#3514),.PCURVE_S1.);
#3499 = B_SPLINE_CURVE_WITH_KNOTS('',4,(#3500,#3501,#3502,#3503,#3504),
  .UNSPECIFIED.,.F.,.F.,(5,5),(0.,1.),.PIECEWISE_BEZIER_KNOTS.);
#3500 = CARTESIAN_POINT('',(2.73078151167,3.75,3.7583720978));
#3501 = CARTESIAN_POINT('',(2.732938695291,3.748234676665,3.756281885467
    ));
#3502 = CARTESIAN_POINT('',(2.735093621906,3.746468068383,3.754189795122
    ));
#3503 = CARTESIAN_POINT('',(2.737246289598,3.744700181203,3.752095831666
    ));
#3504 = CARTESIAN_POINT('',(2.739396696474,3.742931021185,3.75));
#3505 = PCURVE('',#1628,#3506);
#3506 = DEFINITIONAL_REPRESENTATION('',(#3507),#3513);
#3507 = B_SPLINE_CURVE_WITH_KNOTS('',4,(#3508,#3509,#3510,#3511,#3512),
  .UNSPECIFIED.,.F.,.F.,(5,5),(0.,1.),.PIECEWISE_BEZIER_KNOTS.);
#3508 = CARTESIAN_POINT('',(5.340736130934,0.25));
#3509 = CARTESIAN_POINT('',(5.34137625111,0.248234676665));
#3510 = CARTESIAN_POINT('',(5.342016371285,0.246468068383));
#3511 = CARTESIAN_POINT('',(5.342656491461,0.244700181203));
#3512 = CARTESIAN_POINT('',(5.343296611636,0.242931021185));
#3513 = ( GEOMETRIC_REPRESENTATION_CONTEXT(2) 
PARAMETRIC_REPRESENTATION_CONTEXT() REPRESENTATION_CONTEXT('2D SPACE',''
  ) );
#3514 = PCURVE('',#3103,#3515);
#3515 = DEFINITIONAL_REPRESENTATION('',(#3516),#3522);
#3516 = B_SPLINE_CURVE_WITH_KNOTS('',4,(#3517,#3518,#3519,#3520,#3521),
  .UNSPECIFIED.,.F.,.F.,(5,5),(0.,1.),.PIECEWISE_BEZIER_KNOTS.);
#3517 = CARTESIAN_POINT('',(7.224573637318,8.372097800108E-03));
#3518 = CARTESIAN_POINT('',(7.223973713978,6.281885466857E-03));
#3519 = CARTESIAN_POINT('',(7.223373966679,4.189795122495E-03));
#3520 = CARTESIAN_POINT('',(7.222774395873,2.095831666319E-03));
#3521 = CARTESIAN_POINT('',(7.222175002015,0.));
#3522 = ( GEOMETRIC_REPRESENTATION_CONTEXT(2) 
PARAMETRIC_REPRESENTATION_CONTEXT() REPRESENTATION_CONTEXT('2D SPACE',''
  ) );
#3523 = ORIENTED_EDGE('',*,*,#3057,.T.);
#3524 = ORIENTED_EDGE('',*,*,#1609,.F.);
#3525 = ORIENTED_EDGE('',*,*,#3115,.T.);
#3526 = ORIENTED_EDGE('',*,*,#3527,.T.);
#3527 = EDGE_CURVE('',#3087,#3467,#3528,.T.);
#3528 = SURFACE_CURVE('',#3529,(#3535,#3544),.PCURVE_S1.);
#3529 = B_SPLINE_CURVE_WITH_KNOTS('',4,(#3530,#3531,#3532,#3533,#3534),
  .UNSPECIFIED.,.F.,.F.,(5,5),(0.,1.),.PIECEWISE_BEZIER_KNOTS.);
#3530 = CARTESIAN_POINT('',(-2.739396696474,3.742931021185,3.75));
#3531 = CARTESIAN_POINT('',(-2.737246289598,3.744700181203,
    3.752095831666));
#3532 = CARTESIAN_POINT('',(-2.735093621906,3.746468068383,
    3.754189795123));
#3533 = CARTESIAN_POINT('',(-2.732938695291,3.748234676665,
    3.756281885467));
#3534 = CARTESIAN_POINT('',(-2.73078151167,3.75,3.7583720978));
#3535 = PCURVE('',#1628,#3536);
#3536 = DEFINITIONAL_REPRESENTATION('',(#3537),#3543);
#3537 = B_SPLINE_CURVE_WITH_KNOTS('',4,(#3538,#3539,#3540,#3541,#3542),
  .UNSPECIFIED.,.F.,.F.,(5,5),(0.,1.),.PIECEWISE_BEZIER_KNOTS.);
#3538 = CARTESIAN_POINT('',(10.364666656313,0.242931021185));
#3539 = CARTESIAN_POINT('',(10.365306776488,0.244700181203));
#3540 = CARTESIAN_POINT('',(10.365946896664,0.246468068383));
#3541 = CARTESIAN_POINT('',(10.366587016839,0.248234676665));
#3542 = CARTESIAN_POINT('',(10.367227137015,0.25));
#3543 = ( GEOMETRIC_REPRESENTATION_CONTEXT(2) 
PARAMETRIC_REPRESENTATION_CONTEXT() REPRESENTATION_CONTEXT('2D SPACE',''
  ) );
#3544 = PCURVE('',#3103,#3545);
#3545 = DEFINITIONAL_REPRESENTATION('',(#3546),#3552);
#3546 = B_SPLINE_CURVE_WITH_KNOTS('',4,(#3547,#3548,#3549,#3550,#3551),
  .UNSPECIFIED.,.F.,.F.,(5,5),(0.,1.),.PIECEWISE_BEZIER_KNOTS.);
#3547 = CARTESIAN_POINT('',(2.202602958755,-2.91521367779E-15));
#3548 = CARTESIAN_POINT('',(2.202003564896,2.095831666298E-03));
#3549 = CARTESIAN_POINT('',(2.20140399409,4.189795122511E-03));
#3550 = CARTESIAN_POINT('',(2.200804246791,6.281885466839E-03));
#3551 = CARTESIAN_POINT('',(2.200204323451,8.372097800108E-03));
#3552 = ( GEOMETRIC_REPRESENTATION_CONTEXT(2) 
PARAMETRIC_REPRESENTATION_CONTEXT() REPRESENTATION_CONTEXT('2D SPACE',''
  ) );
#3553 = ADVANCED_FACE('',(#3554),#1763,.T.);
#3554 = FACE_BOUND('',#3555,.T.);
#3555 = EDGE_LOOP('',(#3556,#3578,#3579,#3580));
#3556 = ORIENTED_EDGE('',*,*,#3557,.F.);
#3557 = EDGE_CURVE('',#2239,#3275,#3558,.T.);
#3558 = SURFACE_CURVE('',#3559,(#3564,#3571),.PCURVE_S1.);
#3559 = CIRCLE('',#3560,0.18);
#3560 = AXIS2_PLACEMENT_3D('',#3561,#3562,#3563);
#3561 = CARTESIAN_POINT('',(2.4,2.25,-3.89));
#3562 = DIRECTION('',(0.,-1.,-0.));
#3563 = DIRECTION('',(0.,0.,-1.));
#3564 = PCURVE('',#1763,#3565);
#3565 = DEFINITIONAL_REPRESENTATION('',(#3566),#3570);
#3566 = LINE('',#3567,#3568);
#3567 = CARTESIAN_POINT('',(0.,0.));
#3568 = VECTOR('',#3569,1.);
#3569 = DIRECTION('',(0.,1.));
#3570 = ( GEOMETRIC_REPRESENTATION_CONTEXT(2) 
PARAMETRIC_REPRESENTATION_CONTEXT() REPRESENTATION_CONTEXT('2D SPACE',''
  ) );
#3571 = PCURVE('',#2387,#3572);
#3572 = DEFINITIONAL_REPRESENTATION('',(#3573),#3577);
#3573 = LINE('',#3574,#3575);
#3574 = CARTESIAN_POINT('',(-0.,5.07));
#3575 = VECTOR('',#3576,1.);
#3576 = DIRECTION('',(-1.,0.));
#3577 = ( GEOMETRIC_REPRESENTATION_CONTEXT(2) 
PARAMETRIC_REPRESENTATION_CONTEXT() REPRESENTATION_CONTEXT('2D SPACE',''
  ) );
#3578 = ORIENTED_EDGE('',*,*,#2261,.T.);
#3579 = ORIENTED_EDGE('',*,*,#1719,.T.);
#3580 = ORIENTED_EDGE('',*,*,#3297,.F.);
#3581 = ADVANCED_FACE('',(#3582),#1849,.T.);
#3582 = FACE_BOUND('',#3583,.T.);
#3583 = EDGE_LOOP('',(#3584,#3585,#3607,#3608));
#3584 = ORIENTED_EDGE('',*,*,#2284,.T.);
#3585 = ORIENTED_EDGE('',*,*,#3586,.T.);
#3586 = EDGE_CURVE('',#1940,#2153,#3587,.T.);
#3587 = SURFACE_CURVE('',#3588,(#3593,#3600),.PCURVE_S1.);
#3588 = CIRCLE('',#3589,4.08);
#3589 = AXIS2_PLACEMENT_3D('',#3590,#3591,#3592);
#3590 = CARTESIAN_POINT('',(0.,2.5,2.775557561563E-16));
#3591 = DIRECTION('',(-0.,1.,1.110223024625E-16));
#3592 = DIRECTION('',(1.,0.,0.));
#3593 = PCURVE('',#1849,#3594);
#3594 = DEFINITIONAL_REPRESENTATION('',(#3595),#3599);
#3595 = LINE('',#3596,#3597);
#3596 = CARTESIAN_POINT('',(0.,0.));
#3597 = VECTOR('',#3598,1.);
#3598 = DIRECTION('',(1.,0.));
#3599 = ( GEOMETRIC_REPRESENTATION_CONTEXT(2) 
PARAMETRIC_REPRESENTATION_CONTEXT() REPRESENTATION_CONTEXT('2D SPACE',''
  ) );
#3600 = PCURVE('',#1954,#3601);
#3601 = DEFINITIONAL_REPRESENTATION('',(#3602),#3606);
#3602 = CIRCLE('',#3603,4.08);
#3603 = AXIS2_PLACEMENT_2D('',#3604,#3605);
#3604 = CARTESIAN_POINT('',(0.,0.));
#3605 = DIRECTION('',(1.,-0.));
#3606 = ( GEOMETRIC_REPRESENTATION_CONTEXT(2) 
PARAMETRIC_REPRESENTATION_CONTEXT() REPRESENTATION_CONTEXT('2D SPACE',''
  ) );
#3607 = ORIENTED_EDGE('',*,*,#2173,.F.);
#3608 = ORIENTED_EDGE('',*,*,#1833,.F.);
#3609 = ADVANCED_FACE('',(#3610),#1954,.F.);
#3610 = FACE_BOUND('',#3611,.T.);
#3611 = EDGE_LOOP('',(#3612,#3613,#3614,#3640));
#3612 = ORIENTED_EDGE('',*,*,#3586,.F.);
#3613 = ORIENTED_EDGE('',*,*,#1937,.F.);
#3614 = ORIENTED_EDGE('',*,*,#3615,.F.);
#3615 = EDGE_CURVE('',#1966,#1938,#3616,.T.);
#3616 = SURFACE_CURVE('',#3617,(#3622,#3633),.PCURVE_S1.);
#3617 = CIRCLE('',#3618,4.05);
#3618 = AXIS2_PLACEMENT_3D('',#3619,#3620,#3621);
#3619 = CARTESIAN_POINT('',(0.,2.5,2.775557561563E-16));
#3620 = DIRECTION('',(0.,-1.,-1.110223024625E-16));
#3621 = DIRECTION('',(1.,-0.,0.));
#3622 = PCURVE('',#1954,#3623);
#3623 = DEFINITIONAL_REPRESENTATION('',(#3624),#3632);
#3624 = ( BOUNDED_CURVE() B_SPLINE_CURVE(2,(#3625,#3626,#3627,#3628,
#3629,#3630,#3631),.UNSPECIFIED.,.T.,.F.) B_SPLINE_CURVE_WITH_KNOTS((1,2
    ,2,2,2,1),(-2.094395102393,0.,2.094395102393,4.188790204786,
6.28318530718,8.377580409573),.UNSPECIFIED.) CURVE() 
GEOMETRIC_REPRESENTATION_ITEM() RATIONAL_B_SPLINE_CURVE((1.,0.5,1.,0.5,
1.,0.5,1.)) REPRESENTATION_ITEM('') );
#3625 = CARTESIAN_POINT('',(4.05,0.));
#3626 = CARTESIAN_POINT('',(4.05,-7.014805770654));
#3627 = CARTESIAN_POINT('',(-2.025,-3.507402885327));
#3628 = CARTESIAN_POINT('',(-8.1,-9.919639073094E-16));
#3629 = CARTESIAN_POINT('',(-2.025,3.507402885327));
#3630 = CARTESIAN_POINT('',(4.05,7.014805770654));
#3631 = CARTESIAN_POINT('',(4.05,0.));
#3632 = ( GEOMETRIC_REPRESENTATION_CONTEXT(2) 
PARAMETRIC_REPRESENTATION_CONTEXT() REPRESENTATION_CONTEXT('2D SPACE',''
  ) );
#3633 = PCURVE('',#2087,#3634);
#3634 = DEFINITIONAL_REPRESENTATION('',(#3635),#3639);
#3635 = LINE('',#3636,#3637);
#3636 = CARTESIAN_POINT('',(-12.56637061435,-2.5));
#3637 = VECTOR('',#3638,1.);
#3638 = DIRECTION('',(1.,-0.));
#3639 = ( GEOMETRIC_REPRESENTATION_CONTEXT(2) 
PARAMETRIC_REPRESENTATION_CONTEXT() REPRESENTATION_CONTEXT('2D SPACE',''
  ) );
#3640 = ORIENTED_EDGE('',*,*,#2152,.F.);
#3641 = ADVANCED_FACE('',(#3642),#2087,.T.);
#3642 = FACE_BOUND('',#3643,.F.);
#3643 = EDGE_LOOP('',(#3644,#3645));
#3644 = ORIENTED_EDGE('',*,*,#3615,.F.);
#3645 = ORIENTED_EDGE('',*,*,#1965,.F.);
#3646 = ADVANCED_FACE('',(#3647),#2387,.T.);
#3647 = FACE_BOUND('',#3648,.F.);
#3648 = EDGE_LOOP('',(#3649,#3671,#3672,#3673));
#3649 = ORIENTED_EDGE('',*,*,#3650,.T.);
#3650 = EDGE_CURVE('',#2351,#3251,#3651,.T.);
#3651 = SURFACE_CURVE('',#3652,(#3657,#3664),.PCURVE_S1.);
#3652 = CIRCLE('',#3653,0.18);
#3653 = AXIS2_PLACEMENT_3D('',#3654,#3655,#3656);
#3654 = CARTESIAN_POINT('',(2.4,-2.82,-3.89));
#3655 = DIRECTION('',(0.,-1.,6.123233995737E-17));
#3656 = DIRECTION('',(0.,-6.123233995737E-17,-1.));
#3657 = PCURVE('',#2387,#3658);
#3658 = DEFINITIONAL_REPRESENTATION('',(#3659),#3663);
#3659 = LINE('',#3660,#3661);
#3660 = CARTESIAN_POINT('',(-0.,0.));
#3661 = VECTOR('',#3662,1.);
#3662 = DIRECTION('',(-1.,0.));
#3663 = ( GEOMETRIC_REPRESENTATION_CONTEXT(2) 
PARAMETRIC_REPRESENTATION_CONTEXT() REPRESENTATION_CONTEXT('2D SPACE',''
  ) );
#3664 = PCURVE('',#2444,#3665);
#3665 = DEFINITIONAL_REPRESENTATION('',(#3666),#3670);
#3666 = LINE('',#3667,#3668);
#3667 = CARTESIAN_POINT('',(1.570796326795,0.));
#3668 = VECTOR('',#3669,1.);
#3669 = DIRECTION('',(0.,1.));
#3670 = ( GEOMETRIC_REPRESENTATION_CONTEXT(2) 
PARAMETRIC_REPRESENTATION_CONTEXT() REPRESENTATION_CONTEXT('2D SPACE',''
  ) );
#3671 = ORIENTED_EDGE('',*,*,#3274,.T.);
#3672 = ORIENTED_EDGE('',*,*,#3557,.F.);
#3673 = ORIENTED_EDGE('',*,*,#2373,.F.);
#3674 = ADVANCED_FACE('',(#3675),#2444,.T.);
#3675 = FACE_BOUND('',#3676,.T.);
#3676 = EDGE_LOOP('',(#3677,#3699,#3700,#3701));
#3677 = ORIENTED_EDGE('',*,*,#3678,.F.);
#3678 = EDGE_CURVE('',#2405,#3228,#3679,.T.);
#3679 = SURFACE_CURVE('',#3680,(#3685,#3692),.PCURVE_S1.);
#3680 = CIRCLE('',#3681,0.18);
#3681 = AXIS2_PLACEMENT_3D('',#3682,#3683,#3684);
#3682 = CARTESIAN_POINT('',(2.4,-3.89,-2.82));
#3683 = DIRECTION('',(0.,0.,1.));
#3684 = DIRECTION('',(0.,-1.,0.));
#3685 = PCURVE('',#2444,#3686);
#3686 = DEFINITIONAL_REPRESENTATION('',(#3687),#3691);
#3687 = LINE('',#3688,#3689);
#3688 = CARTESIAN_POINT('',(0.,0.));
#3689 = VECTOR('',#3690,1.);
#3690 = DIRECTION('',(0.,1.));
#3691 = ( GEOMETRIC_REPRESENTATION_CONTEXT(2) 
PARAMETRIC_REPRESENTATION_CONTEXT() REPRESENTATION_CONTEXT('2D SPACE',''
  ) );
#3692 = PCURVE('',#2498,#3693);
#3693 = DEFINITIONAL_REPRESENTATION('',(#3694),#3698);
#3694 = LINE('',#3695,#3696);
#3695 = CARTESIAN_POINT('',(-0.,5.07));
#3696 = VECTOR('',#3697,1.);
#3697 = DIRECTION('',(-1.,0.));
#3698 = ( GEOMETRIC_REPRESENTATION_CONTEXT(2) 
PARAMETRIC_REPRESENTATION_CONTEXT() REPRESENTATION_CONTEXT('2D SPACE',''
  ) );
#3699 = ORIENTED_EDGE('',*,*,#2429,.T.);
#3700 = ORIENTED_EDGE('',*,*,#3650,.T.);
#3701 = ORIENTED_EDGE('',*,*,#3250,.F.);
#3702 = ADVANCED_FACE('',(#3703),#2498,.T.);
#3703 = FACE_BOUND('',#3704,.F.);
#3704 = EDGE_LOOP('',(#3705,#3706,#3707,#3708));
#3705 = ORIENTED_EDGE('',*,*,#3176,.T.);
#3706 = ORIENTED_EDGE('',*,*,#3227,.T.);
#3707 = ORIENTED_EDGE('',*,*,#3678,.F.);
#3708 = ORIENTED_EDGE('',*,*,#2484,.F.);
#3709 = ADVANCED_FACE('',(#3710),#2593,.F.);
#3710 = FACE_BOUND('',#3711,.T.);
#3711 = EDGE_LOOP('',(#3712,#3713,#3714,#3715));
#3712 = ORIENTED_EDGE('',*,*,#2791,.T.);
#3713 = ORIENTED_EDGE('',*,*,#3146,.F.);
#3714 = ORIENTED_EDGE('',*,*,#2578,.T.);
#3715 = ORIENTED_EDGE('',*,*,#3716,.F.);
#3716 = EDGE_CURVE('',#2605,#2579,#3717,.T.);
#3717 = SURFACE_CURVE('',#3718,(#3723,#3734),.PCURVE_S1.);
#3718 = CIRCLE('',#3719,4.05);
#3719 = AXIS2_PLACEMENT_3D('',#3720,#3721,#3722);
#3720 = CARTESIAN_POINT('',(0.,0.,2.5));
#3721 = DIRECTION('',(0.,0.,-1.));
#3722 = DIRECTION('',(1.,0.,0.));
#3723 = PCURVE('',#2593,#3724);
#3724 = DEFINITIONAL_REPRESENTATION('',(#3725),#3733);
#3725 = ( BOUNDED_CURVE() B_SPLINE_CURVE(2,(#3726,#3727,#3728,#3729,
#3730,#3731,#3732),.UNSPECIFIED.,.T.,.F.) B_SPLINE_CURVE_WITH_KNOTS((1,2
    ,2,2,2,1),(-2.094395102393,0.,2.094395102393,4.188790204786,
6.28318530718,8.377580409573),.UNSPECIFIED.) CURVE() 
GEOMETRIC_REPRESENTATION_ITEM() RATIONAL_B_SPLINE_CURVE((1.,0.5,1.,0.5,
1.,0.5,1.)) REPRESENTATION_ITEM('') );
#3726 = CARTESIAN_POINT('',(4.05,0.));
#3727 = CARTESIAN_POINT('',(4.05,-7.014805770654));
#3728 = CARTESIAN_POINT('',(-2.025,-3.507402885327));
#3729 = CARTESIAN_POINT('',(-8.1,-9.919639073094E-16));
#3730 = CARTESIAN_POINT('',(-2.025,3.507402885327));
#3731 = CARTESIAN_POINT('',(4.05,7.014805770654));
#3732 = CARTESIAN_POINT('',(4.05,0.));
#3733 = ( GEOMETRIC_REPRESENTATION_CONTEXT(2) 
PARAMETRIC_REPRESENTATION_CONTEXT() REPRESENTATION_CONTEXT('2D SPACE',''
  ) );
#3734 = PCURVE('',#2726,#3735);
#3735 = DEFINITIONAL_REPRESENTATION('',(#3736),#3740);
#3736 = LINE('',#3737,#3738);
#3737 = CARTESIAN_POINT('',(-12.56637061435,-2.5));
#3738 = VECTOR('',#3739,1.);
#3739 = DIRECTION('',(1.,-0.));
#3740 = ( GEOMETRIC_REPRESENTATION_CONTEXT(2) 
PARAMETRIC_REPRESENTATION_CONTEXT() REPRESENTATION_CONTEXT('2D SPACE',''
  ) );
#3741 = ADVANCED_FACE('',(#3742),#2726,.T.);
#3742 = FACE_BOUND('',#3743,.F.);
#3743 = EDGE_LOOP('',(#3744,#3745));
#3744 = ORIENTED_EDGE('',*,*,#3716,.F.);
#3745 = ORIENTED_EDGE('',*,*,#2604,.F.);
#3746 = ADVANCED_FACE('',(#3747),#2920,.F.);
#3747 = FACE_BOUND('',#3748,.T.);
#3748 = EDGE_LOOP('',(#3749,#3770,#3771,#3772));
#3749 = ORIENTED_EDGE('',*,*,#3750,.T.);
#3750 = EDGE_CURVE('',#3751,#2904,#3753,.T.);
#3751 = VERTEX_POINT('',#3752);
#3752 = CARTESIAN_POINT('',(3.186298793271,2.5,2.5));
#3753 = SURFACE_CURVE('',#3754,(#3758,#3764),.PCURVE_S1.);
#3754 = LINE('',#3755,#3756);
#3755 = CARTESIAN_POINT('',(0.,2.5,2.5));
#3756 = VECTOR('',#3757,1.);
#3757 = DIRECTION('',(1.,0.,0.));
#3758 = PCURVE('',#2920,#3759);
#3759 = DEFINITIONAL_REPRESENTATION('',(#3760),#3763);
#3760 = B_SPLINE_CURVE_WITH_KNOTS('',1,(#3761,#3762),.UNSPECIFIED.,.F.,
  .F.,(2,2),(2.58,4.08),.PIECEWISE_BEZIER_KNOTS.);
#3761 = CARTESIAN_POINT('',(2.58,2.5));
#3762 = CARTESIAN_POINT('',(4.08,2.5));
#3763 = ( GEOMETRIC_REPRESENTATION_CONTEXT(2) 
PARAMETRIC_REPRESENTATION_CONTEXT() REPRESENTATION_CONTEXT('2D SPACE',''
  ) );
#3764 = PCURVE('',#3008,#3765);
#3765 = DEFINITIONAL_REPRESENTATION('',(#3766),#3769);
#3766 = B_SPLINE_CURVE_WITH_KNOTS('',1,(#3767,#3768),.UNSPECIFIED.,.F.,
  .F.,(2,2),(2.58,4.08),.PIECEWISE_BEZIER_KNOTS.);
#3767 = CARTESIAN_POINT('',(2.58,-2.5));
#3768 = CARTESIAN_POINT('',(4.08,-2.5));
#3769 = ( GEOMETRIC_REPRESENTATION_CONTEXT(2) 
PARAMETRIC_REPRESENTATION_CONTEXT() REPRESENTATION_CONTEXT('2D SPACE',''
  ) );
#3770 = ORIENTED_EDGE('',*,*,#2901,.F.);
#3771 = ORIENTED_EDGE('',*,*,#3443,.T.);
#3772 = ORIENTED_EDGE('',*,*,#3773,.F.);
#3773 = EDGE_CURVE('',#3751,#3418,#3774,.T.);
#3774 = SURFACE_CURVE('',#3775,(#3780,#3791),.PCURVE_S1.);
#3775 = CIRCLE('',#3776,4.05);
#3776 = AXIS2_PLACEMENT_3D('',#3777,#3778,#3779);
#3777 = CARTESIAN_POINT('',(0.,0.,2.5));
#3778 = DIRECTION('',(0.,0.,-1.));
#3779 = DIRECTION('',(1.,0.,0.));
#3780 = PCURVE('',#2920,#3781);
#3781 = DEFINITIONAL_REPRESENTATION('',(#3782),#3790);
#3782 = ( BOUNDED_CURVE() B_SPLINE_CURVE(2,(#3783,#3784,#3785,#3786,
#3787,#3788,#3789),.UNSPECIFIED.,.T.,.F.) B_SPLINE_CURVE_WITH_KNOTS((1,2
    ,2,2,2,1),(-2.094395102393,0.,2.094395102393,4.188790204786,
6.28318530718,8.377580409573),.UNSPECIFIED.) CURVE() 
GEOMETRIC_REPRESENTATION_ITEM() RATIONAL_B_SPLINE_CURVE((1.,0.5,1.,0.5,
1.,0.5,1.)) REPRESENTATION_ITEM('') );
#3783 = CARTESIAN_POINT('',(4.05,0.));
#3784 = CARTESIAN_POINT('',(4.05,-7.014805770654));
#3785 = CARTESIAN_POINT('',(-2.025,-3.507402885327));
#3786 = CARTESIAN_POINT('',(-8.1,-9.919639073094E-16));
#3787 = CARTESIAN_POINT('',(-2.025,3.507402885327));
#3788 = CARTESIAN_POINT('',(4.05,7.014805770654));
#3789 = CARTESIAN_POINT('',(4.05,0.));
#3790 = ( GEOMETRIC_REPRESENTATION_CONTEXT(2) 
PARAMETRIC_REPRESENTATION_CONTEXT() REPRESENTATION_CONTEXT('2D SPACE',''
  ) );
#3791 = PCURVE('',#3432,#3792);
#3792 = DEFINITIONAL_REPRESENTATION('',(#3793),#3797);
#3793 = LINE('',#3794,#3795);
#3794 = CARTESIAN_POINT('',(-12.56637061435,-2.5));
#3795 = VECTOR('',#3796,1.);
#3796 = DIRECTION('',(1.,-0.));
#3797 = ( GEOMETRIC_REPRESENTATION_CONTEXT(2) 
PARAMETRIC_REPRESENTATION_CONTEXT() REPRESENTATION_CONTEXT('2D SPACE',''
  ) );
#3798 = ADVANCED_FACE('',(#3799),#3008,.F.);
#3799 = FACE_BOUND('',#3800,.T.);
#3800 = EDGE_LOOP('',(#3801,#3802,#3803,#3804));
#3801 = ORIENTED_EDGE('',*,*,#3321,.T.);
#3802 = ORIENTED_EDGE('',*,*,#2991,.T.);
#3803 = ORIENTED_EDGE('',*,*,#3750,.F.);
#3804 = ORIENTED_EDGE('',*,*,#3805,.F.);
#3805 = EDGE_CURVE('',#3322,#3751,#3806,.T.);
#3806 = SURFACE_CURVE('',#3807,(#3812,#3823),.PCURVE_S1.);
#3807 = CIRCLE('',#3808,4.05);
#3808 = AXIS2_PLACEMENT_3D('',#3809,#3810,#3811);
#3809 = CARTESIAN_POINT('',(0.,2.5,2.775557561563E-16));
#3810 = DIRECTION('',(0.,-1.,-1.110223024625E-16));
#3811 = DIRECTION('',(1.,-0.,0.));
#3812 = PCURVE('',#3008,#3813);
#3813 = DEFINITIONAL_REPRESENTATION('',(#3814),#3822);
#3814 = ( BOUNDED_CURVE() B_SPLINE_CURVE(2,(#3815,#3816,#3817,#3818,
#3819,#3820,#3821),.UNSPECIFIED.,.T.,.F.) B_SPLINE_CURVE_WITH_KNOTS((1,2
    ,2,2,2,1),(-2.094395102393,0.,2.094395102393,4.188790204786,
6.28318530718,8.377580409573),.UNSPECIFIED.) CURVE() 
GEOMETRIC_REPRESENTATION_ITEM() RATIONAL_B_SPLINE_CURVE((1.,0.5,1.,0.5,
1.,0.5,1.)) REPRESENTATION_ITEM('') );
#3815 = CARTESIAN_POINT('',(4.05,0.));
#3816 = CARTESIAN_POINT('',(4.05,-7.014805770654));
#3817 = CARTESIAN_POINT('',(-2.025,-3.507402885327));
#3818 = CARTESIAN_POINT('',(-8.1,-9.919639073094E-16));
#3819 = CARTESIAN_POINT('',(-2.025,3.507402885327));
#3820 = CARTESIAN_POINT('',(4.05,7.014805770654));
#3821 = CARTESIAN_POINT('',(4.05,0.));
#3822 = ( GEOMETRIC_REPRESENTATION_CONTEXT(2) 
PARAMETRIC_REPRESENTATION_CONTEXT() REPRESENTATION_CONTEXT('2D SPACE',''
  ) );
#3823 = PCURVE('',#3357,#3824);
#3824 = DEFINITIONAL_REPRESENTATION('',(#3825),#3829);
#3825 = LINE('',#3826,#3827);
#3826 = CARTESIAN_POINT('',(-12.56637061435,-2.5));
#3827 = VECTOR('',#3828,1.);
#3828 = DIRECTION('',(1.,-0.));
#3829 = ( GEOMETRIC_REPRESENTATION_CONTEXT(2) 
PARAMETRIC_REPRESENTATION_CONTEXT() REPRESENTATION_CONTEXT('2D SPACE',''
  ) );
#3830 = ADVANCED_FACE('',(#3831),#3103,.T.);
#3831 = FACE_BOUND('',#3832,.T.);
#3832 = EDGE_LOOP('',(#3833,#3834,#3835,#3864,#3893,#3920));
#3833 = ORIENTED_EDGE('',*,*,#3086,.F.);
#3834 = ORIENTED_EDGE('',*,*,#3497,.F.);
#3835 = ORIENTED_EDGE('',*,*,#3836,.F.);
#3836 = EDGE_CURVE('',#3837,#3469,#3839,.T.);
#3837 = VERTEX_POINT('',#3838);
#3838 = CARTESIAN_POINT('',(2.400910110339,3.990515136179,4.));
#3839 = SURFACE_CURVE('',#3840,(#3846,#3855),.PCURVE_S1.);
#3840 = B_SPLINE_CURVE_WITH_KNOTS('',4,(#3841,#3842,#3843,#3844,#3845),
  .UNSPECIFIED.,.F.,.F.,(5,5),(0.,1.),.PIECEWISE_BEZIER_KNOTS.);
#3841 = CARTESIAN_POINT('',(2.400910110339,3.990515136179,4.));
#3842 = CARTESIAN_POINT('',(2.488909051594,3.932452108117,3.94168180244)
  );
#3843 = CARTESIAN_POINT('',(2.573066706011,3.87285737569,3.881816982256)
  );
#3844 = CARTESIAN_POINT('',(2.653620462505,3.811983494574,3.820657588995
    ));
#3845 = CARTESIAN_POINT('',(2.73078151167,3.75,3.7583720978));
#3846 = PCURVE('',#3103,#3847);
#3847 = DEFINITIONAL_REPRESENTATION('',(#3848),#3854);
#3848 = B_SPLINE_CURVE_WITH_KNOTS('',4,(#3849,#3850,#3851,#3852,#3853),
  .UNSPECIFIED.,.F.,.F.,(5,5),(0.,1.),.PIECEWISE_BEZIER_KNOTS.);
#3849 = CARTESIAN_POINT('',(7.312346712788,0.25));
#3850 = CARTESIAN_POINT('',(7.289728117708,0.19168180244));
#3851 = CARTESIAN_POINT('',(7.267589837568,0.131816982256));
#3852 = CARTESIAN_POINT('',(7.245885179975,7.065758899493E-02));
#3853 = CARTESIAN_POINT('',(7.224573637318,8.372097800109E-03));
#3854 = ( GEOMETRIC_REPRESENTATION_CONTEXT(2) 
PARAMETRIC_REPRESENTATION_CONTEXT() REPRESENTATION_CONTEXT('2D SPACE',''
  ) );
#3855 = PCURVE('',#3485,#3856);
#3856 = DEFINITIONAL_REPRESENTATION('',(#3857),#3863);
#3857 = B_SPLINE_CURVE_WITH_KNOTS('',4,(#3858,#3859,#3860,#3861,#3862),
  .UNSPECIFIED.,.F.,.F.,(5,5),(0.,1.),.PIECEWISE_BEZIER_KNOTS.);
#3858 = CARTESIAN_POINT('',(5.252975763557,0.240515136179));
#3859 = CARTESIAN_POINT('',(5.27558209352,0.182452108117));
#3860 = CARTESIAN_POINT('',(5.297714075437,0.12285737569));
#3861 = CARTESIAN_POINT('',(5.319418517373,6.198349457412E-02));
#3862 = CARTESIAN_POINT('',(5.340736130934,0.));
#3863 = ( GEOMETRIC_REPRESENTATION_CONTEXT(2) 
PARAMETRIC_REPRESENTATION_CONTEXT() REPRESENTATION_CONTEXT('2D SPACE',''
  ) );
#3864 = ORIENTED_EDGE('',*,*,#3865,.T.);
#3865 = EDGE_CURVE('',#3837,#3866,#3868,.T.);
#3866 = VERTEX_POINT('',#3867);
#3867 = CARTESIAN_POINT('',(-2.400910110339,3.990515136179,4.));
#3868 = SURFACE_CURVE('',#3869,(#3874,#3881),.PCURVE_S1.);
#3869 = CIRCLE('',#3870,4.6571);
#3870 = AXIS2_PLACEMENT_3D('',#3871,#3872,#3873);
#3871 = CARTESIAN_POINT('',(0.,0.,4.));
#3872 = DIRECTION('',(0.,0.,-1.));
#3873 = DIRECTION('',(0.515537589989,0.856866963599,0.));
#3874 = PCURVE('',#3103,#3875);
#3875 = DEFINITIONAL_REPRESENTATION('',(#3876),#3880);
#3876 = LINE('',#3877,#3878);
#3877 = CARTESIAN_POINT('',(7.312346712788,0.25));
#3878 = VECTOR('',#3879,1.);
#3879 = DIRECTION('',(-1.,-0.));
#3880 = ( GEOMETRIC_REPRESENTATION_CONTEXT(2) 
PARAMETRIC_REPRESENTATION_CONTEXT() REPRESENTATION_CONTEXT('2D SPACE',''
  ) );
#3881 = PCURVE('',#3882,#3887);
#3882 = CONICAL_SURFACE('',#3883,4.6571,1.599863487635E-02);
#3883 = AXIS2_PLACEMENT_3D('',#3884,#3885,#3886);
#3884 = CARTESIAN_POINT('',(0.,0.,4.));
#3885 = DIRECTION('',(0.,0.,1.));
#3886 = DIRECTION('',(1.,0.,-0.));
#3887 = DEFINITIONAL_REPRESENTATION('',(#3888),#3892);
#3888 = LINE('',#3889,#3890);
#3889 = CARTESIAN_POINT('',(7.312346712788,0.));
#3890 = VECTOR('',#3891,1.);
#3891 = DIRECTION('',(-1.,-0.));
#3892 = ( GEOMETRIC_REPRESENTATION_CONTEXT(2) 
PARAMETRIC_REPRESENTATION_CONTEXT() REPRESENTATION_CONTEXT('2D SPACE',''
  ) );
#3893 = ORIENTED_EDGE('',*,*,#3894,.F.);
#3894 = EDGE_CURVE('',#3467,#3866,#3895,.T.);
#3895 = SURFACE_CURVE('',#3896,(#3902,#3911),.PCURVE_S1.);
#3896 = B_SPLINE_CURVE_WITH_KNOTS('',4,(#3897,#3898,#3899,#3900,#3901),
  .UNSPECIFIED.,.F.,.F.,(5,5),(0.,1.),.PIECEWISE_BEZIER_KNOTS.);
#3897 = CARTESIAN_POINT('',(-2.73078151167,3.75,3.7583720978));
#3898 = CARTESIAN_POINT('',(-2.653620462826,3.811983494317,
    3.820657588736));
#3899 = CARTESIAN_POINT('',(-2.57306670674,3.87285737516,3.881816981724)
  );
#3900 = CARTESIAN_POINT('',(-2.488909051879,3.932452107929,
    3.941681802251));
#3901 = CARTESIAN_POINT('',(-2.400910110339,3.990515136179,4.));
#3902 = PCURVE('',#3103,#3903);
#3903 = DEFINITIONAL_REPRESENTATION('',(#3904),#3910);
#3904 = B_SPLINE_CURVE_WITH_KNOTS('',4,(#3905,#3906,#3907,#3908,#3909),
  .UNSPECIFIED.,.F.,.F.,(5,5),(0.,1.),.PIECEWISE_BEZIER_KNOTS.);
#3905 = CARTESIAN_POINT('',(2.200204323451,8.372097800118E-03));
#3906 = CARTESIAN_POINT('',(2.178892780883,7.065758873627E-02));
#3907 = CARTESIAN_POINT('',(2.157188123395,0.131816981724));
#3908 = CARTESIAN_POINT('',(2.135049843135,0.191681802251));
#3909 = CARTESIAN_POINT('',(2.112431247982,0.25));
#3910 = ( GEOMETRIC_REPRESENTATION_CONTEXT(2) 
PARAMETRIC_REPRESENTATION_CONTEXT() REPRESENTATION_CONTEXT('2D SPACE',''
  ) );
#3911 = PCURVE('',#3485,#3912);
#3912 = DEFINITIONAL_REPRESENTATION('',(#3913),#3919);
#3913 = B_SPLINE_CURVE_WITH_KNOTS('',4,(#3914,#3915,#3916,#3917,#3918),
  .UNSPECIFIED.,.F.,.F.,(5,5),(0.,1.),.PIECEWISE_BEZIER_KNOTS.);
#3914 = CARTESIAN_POINT('',(10.367227137015,7.638454777528E-14));
#3915 = CARTESIAN_POINT('',(10.388544750487,6.198349431678E-02));
#3916 = CARTESIAN_POINT('',(10.410249192318,0.12285737516));
#3917 = CARTESIAN_POINT('',(10.432381174355,0.182452107929));
#3918 = CARTESIAN_POINT('',(10.454987504392,0.240515136179));
#3919 = ( GEOMETRIC_REPRESENTATION_CONTEXT(2) 
PARAMETRIC_REPRESENTATION_CONTEXT() REPRESENTATION_CONTEXT('2D SPACE',''
  ) );
#3920 = ORIENTED_EDGE('',*,*,#3527,.F.);
#3921 = ADVANCED_FACE('',(#3922),#3432,.T.);
#3922 = FACE_BOUND('',#3923,.F.);
#3923 = EDGE_LOOP('',(#3924,#3925,#3959,#3980));
#3924 = ORIENTED_EDGE('',*,*,#3773,.F.);
#3925 = ORIENTED_EDGE('',*,*,#3926,.F.);
#3926 = EDGE_CURVE('',#3927,#3751,#3929,.T.);
#3927 = VERTEX_POINT('',#3928);
#3928 = CARTESIAN_POINT('',(4.05,0.,0.));
#3929 = SURFACE_CURVE('',#3930,(#3935,#3947),.PCURVE_S1.);
#3930 = ELLIPSE('',#3931,5.727564927611,4.05);
#3931 = AXIS2_PLACEMENT_3D('',#3932,#3933,#3934);
#3932 = CARTESIAN_POINT('',(0.,0.,0.));
#3933 = DIRECTION('',(0.,-0.707106781187,0.707106781187));
#3934 = DIRECTION('',(-0.,-0.707106781187,-0.707106781187));
#3935 = PCURVE('',#3432,#3936);
#3936 = DEFINITIONAL_REPRESENTATION('',(#3937),#3946);
#3937 = B_SPLINE_CURVE_WITH_KNOTS('',7,(#3938,#3939,#3940,#3941,#3942,
    #3943,#3944,#3945),.UNSPECIFIED.,.F.,.F.,(8,8),(1.570796326795,
    2.614349625389),.PIECEWISE_BEZIER_KNOTS.);
#3938 = CARTESIAN_POINT('',(-6.28318530718,4.327553670313E-16));
#3939 = CARTESIAN_POINT('',(-6.432264349836,-0.603770122758));
#3940 = CARTESIAN_POINT('',(-6.581343392492,-1.207540146481));
#3941 = CARTESIAN_POINT('',(-6.730422435149,-1.78939393171));
#3942 = CARTESIAN_POINT('',(-6.879501477805,-2.327411613432));
#3943 = CARTESIAN_POINT('',(-7.028580520461,-2.801672475025));
#3944 = CARTESIAN_POINT('',(-7.177659563118,-3.196211439676));
#3945 = CARTESIAN_POINT('',(-7.326738605774,-3.5));
#3946 = ( GEOMETRIC_REPRESENTATION_CONTEXT(2) 
PARAMETRIC_REPRESENTATION_CONTEXT() REPRESENTATION_CONTEXT('2D SPACE',''
  ) );
#3947 = PCURVE('',#3357,#3948);
#3948 = DEFINITIONAL_REPRESENTATION('',(#3949),#3958);
#3949 = B_SPLINE_CURVE_WITH_KNOTS('',7,(#3950,#3951,#3952,#3953,#3954,
    #3955,#3956,#3957),.UNSPECIFIED.,.F.,.F.,(8,8),(1.570796326795,
    2.614349625389),.PIECEWISE_BEZIER_KNOTS.);
#3950 = CARTESIAN_POINT('',(-6.28318530718,4.327554729104E-16));
#3951 = CARTESIAN_POINT('',(-6.134106264523,-0.603770122758));
#3952 = CARTESIAN_POINT('',(-5.985027221867,-1.207540146481));
#3953 = CARTESIAN_POINT('',(-5.835948179211,-1.789393931711));
#3954 = CARTESIAN_POINT('',(-5.686869136554,-2.327411613431));
#3955 = CARTESIAN_POINT('',(-5.537790093898,-2.801672475025));
#3956 = CARTESIAN_POINT('',(-5.388711051242,-3.196211439676));
#3957 = CARTESIAN_POINT('',(-5.239632008585,-3.5));
#3958 = ( GEOMETRIC_REPRESENTATION_CONTEXT(2) 
PARAMETRIC_REPRESENTATION_CONTEXT() REPRESENTATION_CONTEXT('2D SPACE',''
  ) );
#3959 = ORIENTED_EDGE('',*,*,#3960,.F.);
#3960 = EDGE_CURVE('',#3369,#3927,#3961,.T.);
#3961 = SURFACE_CURVE('',#3962,(#3967,#3973),.PCURVE_S1.);
#3962 = CIRCLE('',#3963,4.05);
#3963 = AXIS2_PLACEMENT_3D('',#3964,#3965,#3966);
#3964 = CARTESIAN_POINT('',(0.,0.,0.));
#3965 = DIRECTION('',(0.,0.,1.));
#3966 = DIRECTION('',(1.,0.,0.));
#3967 = PCURVE('',#3432,#3968);
#3968 = DEFINITIONAL_REPRESENTATION('',(#3969),#3972);
#3969 = B_SPLINE_CURVE_WITH_KNOTS('',1,(#3970,#3971),.UNSPECIFIED.,.F.,
  .F.,(2,2),(3.14159265359,6.28318530718),.PIECEWISE_BEZIER_KNOTS.);
#3970 = CARTESIAN_POINT('',(-3.14159265359,0.));
#3971 = CARTESIAN_POINT('',(-6.28318530718,0.));
#3972 = ( GEOMETRIC_REPRESENTATION_CONTEXT(2) 
PARAMETRIC_REPRESENTATION_CONTEXT() REPRESENTATION_CONTEXT('2D SPACE',''
  ) );
#3973 = PCURVE('',#3385,#3974);
#3974 = DEFINITIONAL_REPRESENTATION('',(#3975),#3979);
#3975 = LINE('',#3976,#3977);
#3976 = CARTESIAN_POINT('',(0.,0.));
#3977 = VECTOR('',#3978,1.);
#3978 = DIRECTION('',(1.,0.));
#3979 = ( GEOMETRIC_REPRESENTATION_CONTEXT(2) 
PARAMETRIC_REPRESENTATION_CONTEXT() REPRESENTATION_CONTEXT('2D SPACE',''
  ) );
#3980 = ORIENTED_EDGE('',*,*,#3417,.F.);
#3981 = ADVANCED_FACE('',(#3982),#3385,.T.);
#3982 = FACE_BOUND('',#3983,.T.);
#3983 = EDGE_LOOP('',(#3984,#3985,#4006));
#3984 = ORIENTED_EDGE('',*,*,#3368,.T.);
#3985 = ORIENTED_EDGE('',*,*,#3986,.T.);
#3986 = EDGE_CURVE('',#3343,#3927,#3987,.T.);
#3987 = SURFACE_CURVE('',#3988,(#3993,#4000),.PCURVE_S1.);
#3988 = CIRCLE('',#3989,4.05);
#3989 = AXIS2_PLACEMENT_3D('',#3990,#3991,#3992);
#3990 = CARTESIAN_POINT('',(0.,0.,0.));
#3991 = DIRECTION('',(-2.449293598295E-16,-1.,0.));
#3992 = DIRECTION('',(1.,-2.449293598295E-16,0.));
#3993 = PCURVE('',#3385,#3994);
#3994 = DEFINITIONAL_REPRESENTATION('',(#3995),#3999);
#3995 = LINE('',#3996,#3997);
#3996 = CARTESIAN_POINT('',(6.28318530718,-6.28318530718));
#3997 = VECTOR('',#3998,1.);
#3998 = DIRECTION('',(0.,1.));
#3999 = ( GEOMETRIC_REPRESENTATION_CONTEXT(2) 
PARAMETRIC_REPRESENTATION_CONTEXT() REPRESENTATION_CONTEXT('2D SPACE',''
  ) );
#4000 = PCURVE('',#3357,#4001);
#4001 = DEFINITIONAL_REPRESENTATION('',(#4002),#4005);
#4002 = B_SPLINE_CURVE_WITH_KNOTS('',1,(#4003,#4004),.UNSPECIFIED.,.F.,
  .F.,(2,2),(4.712388980385,6.28318530718),.PIECEWISE_BEZIER_KNOTS.);
#4003 = CARTESIAN_POINT('',(-7.853981633974,0.));
#4004 = CARTESIAN_POINT('',(-6.28318530718,0.));
#4005 = ( GEOMETRIC_REPRESENTATION_CONTEXT(2) 
PARAMETRIC_REPRESENTATION_CONTEXT() REPRESENTATION_CONTEXT('2D SPACE',''
  ) );
#4006 = ORIENTED_EDGE('',*,*,#3960,.F.);
#4007 = ADVANCED_FACE('',(#4008),#3357,.T.);
#4008 = FACE_BOUND('',#4009,.F.);
#4009 = EDGE_LOOP('',(#4010,#4011,#4012,#4013));
#4010 = ORIENTED_EDGE('',*,*,#3926,.T.);
#4011 = ORIENTED_EDGE('',*,*,#3805,.F.);
#4012 = ORIENTED_EDGE('',*,*,#3342,.T.);
#4013 = ORIENTED_EDGE('',*,*,#3986,.T.);
#4014 = ADVANCED_FACE('',(#4015),#3485,.T.);
#4015 = FACE_BOUND('',#4016,.T.);
#4016 = EDGE_LOOP('',(#4017,#4048,#4081,#4082,#4083,#4084));
#4017 = ORIENTED_EDGE('',*,*,#4018,.T.);
#4018 = EDGE_CURVE('',#4019,#4021,#4023,.T.);
#4019 = VERTEX_POINT('',#4020);
#4020 = CARTESIAN_POINT('',(-2.385392206695,4.,4.010169574998));
#4021 = VERTEX_POINT('',#4022);
#4022 = CARTESIAN_POINT('',(2.385392206695,4.,4.010169574998));
#4023 = SURFACE_CURVE('',#4024,(#4029,#4036),.PCURVE_S1.);
#4024 = CIRCLE('',#4025,4.666);
#4025 = AXIS2_PLACEMENT_3D('',#4026,#4027,#4028);
#4026 = CARTESIAN_POINT('',(0.,4.,4.440892098501E-16));
#4027 = DIRECTION('',(-9.302607489202E-17,-1.,-1.660759904193E-16));
#4028 = DIRECTION('',(-0.511228505507,-9.517557004931E-17,0.859444829618
    ));
#4029 = PCURVE('',#3485,#4030);
#4030 = DEFINITIONAL_REPRESENTATION('',(#4031),#4035);
#4031 = LINE('',#4032,#4033);
#4032 = CARTESIAN_POINT('',(10.45896068645,0.25));
#4033 = VECTOR('',#4034,1.);
#4034 = DIRECTION('',(-1.,-0.));
#4035 = ( GEOMETRIC_REPRESENTATION_CONTEXT(2) 
PARAMETRIC_REPRESENTATION_CONTEXT() REPRESENTATION_CONTEXT('2D SPACE',''
  ) );
#4036 = PCURVE('',#4037,#4042);
#4037 = CONICAL_SURFACE('',#4038,4.666,2.199645169704E-02);
#4038 = AXIS2_PLACEMENT_3D('',#4039,#4040,#4041);
#4039 = CARTESIAN_POINT('',(0.,4.,4.440892098501E-16));
#4040 = DIRECTION('',(0.,1.,1.110223024625E-16));
#4041 = DIRECTION('',(1.,0.,0.));
#4042 = DEFINITIONAL_REPRESENTATION('',(#4043),#4047);
#4043 = LINE('',#4044,#4045);
#4044 = CARTESIAN_POINT('',(10.45896068645,0.));
#4045 = VECTOR('',#4046,1.);
#4046 = DIRECTION('',(-1.,-0.));
#4047 = ( GEOMETRIC_REPRESENTATION_CONTEXT(2) 
PARAMETRIC_REPRESENTATION_CONTEXT() REPRESENTATION_CONTEXT('2D SPACE',''
  ) );
#4048 = ORIENTED_EDGE('',*,*,#4049,.T.);
#4049 = EDGE_CURVE('',#4021,#3837,#4050,.T.);
#4050 = SURFACE_CURVE('',#4051,(#4059,#4070),.PCURVE_S1.);
#4051 = B_SPLINE_CURVE_WITH_KNOTS('',3,(#4052,#4053,#4054,#4055,#4056,
    #4057,#4058),.UNSPECIFIED.,.F.,.F.,(4,1,1,1,4),(0.,0.136973481005,
    0.266895027069,0.367145803122,1.),.UNSPECIFIED.);
#4052 = CARTESIAN_POINT('',(2.385392206695,4.,4.010169574998));
#4053 = CARTESIAN_POINT('',(2.386102656747,3.999567690947,4.009706129527
    ));
#4054 = CARTESIAN_POINT('',(2.387486462424,3.998725128818,4.008802864));
#4055 = CARTESIAN_POINT('',(2.389388664766,3.997565547016,4.007559687387
    ));
#4056 = CARTESIAN_POINT('',(2.393857242789,3.994838703559,4.004636160184
    ));
#4057 = CARTESIAN_POINT('',(2.397645516179,3.992519426344,4.002149313909
    ));
#4058 = CARTESIAN_POINT('',(2.400910110339,3.990515136179,4.));
#4059 = PCURVE('',#3485,#4060);
#4060 = DEFINITIONAL_REPRESENTATION('',(#4061),#4069);
#4061 = B_SPLINE_CURVE_WITH_KNOTS('',3,(#4062,#4063,#4064,#4065,#4066,
    #4067,#4068),.UNSPECIFIED.,.F.,.F.,(4,1,1,1,4),(0.,0.136973481005,
    0.266895027069,0.367145803122,1.),.UNSPECIFIED.);
#4062 = CARTESIAN_POINT('',(5.249002581499,0.25));
#4063 = CARTESIAN_POINT('',(5.249184218696,0.249567690947));
#4064 = CARTESIAN_POINT('',(5.249538080032,0.248725128817));
#4065 = CARTESIAN_POINT('',(5.250024693219,0.247565547021));
#4066 = CARTESIAN_POINT('',(5.251168209924,0.244838703518));
#4067 = CARTESIAN_POINT('',(5.252138675594,0.242519426945));
#4068 = CARTESIAN_POINT('',(5.252975763305,0.240515136779));
#4069 = ( GEOMETRIC_REPRESENTATION_CONTEXT(2) 
PARAMETRIC_REPRESENTATION_CONTEXT() REPRESENTATION_CONTEXT('2D SPACE',''
  ) );
#4070 = PCURVE('',#3882,#4071);
#4071 = DEFINITIONAL_REPRESENTATION('',(#4072),#4080);
#4072 = B_SPLINE_CURVE_WITH_KNOTS('',3,(#4073,#4074,#4075,#4076,#4077,
    #4078,#4079),.UNSPECIFIED.,.F.,.F.,(4,1,1,1,4),(0.,0.136973481005,
    0.266895027069,0.367145803122,1.),.UNSPECIFIED.);
#4073 = CARTESIAN_POINT('',(7.316251716676,1.016957498161E-02));
#4074 = CARTESIAN_POINT('',(7.316073154679,9.706129511374E-03));
#4075 = CARTESIAN_POINT('',(7.315725295468,8.802864006822E-03));
#4076 = CARTESIAN_POINT('',(7.31524696582,7.559687385675E-03));
#4077 = CARTESIAN_POINT('',(7.314122975355,4.636160185974E-03));
#4078 = CARTESIAN_POINT('',(7.313169243935,2.149313908593E-03));
#4079 = CARTESIAN_POINT('',(7.312346712788,0.));
#4080 = ( GEOMETRIC_REPRESENTATION_CONTEXT(2) 
PARAMETRIC_REPRESENTATION_CONTEXT() REPRESENTATION_CONTEXT('2D SPACE',''
  ) );
#4081 = ORIENTED_EDGE('',*,*,#3836,.T.);
#4082 = ORIENTED_EDGE('',*,*,#3466,.F.);
#4083 = ORIENTED_EDGE('',*,*,#3894,.T.);
#4084 = ORIENTED_EDGE('',*,*,#4085,.T.);
#4085 = EDGE_CURVE('',#3866,#4019,#4086,.T.);
#4086 = SURFACE_CURVE('',#4087,(#4093,#4102),.PCURVE_S1.);
#4087 = B_SPLINE_CURVE_WITH_KNOTS('',3,(#4088,#4089,#4090,#4091,#4092),
  .UNSPECIFIED.,.F.,.F.,(4,1,4),(0.,0.63285422285,1.),.UNSPECIFIED.);
#4088 = CARTESIAN_POINT('',(-2.400910110339,3.990515136179,4.));
#4089 = CARTESIAN_POINT('',(-2.397644057409,3.992520321953,4.00215027432
    ));
#4090 = CARTESIAN_POINT('',(-2.392478932015,3.995682541303,
    4.005540965702));
#4091 = CARTESIAN_POINT('',(-2.387296010521,3.998841534844,
    4.008927673111));
#4092 = CARTESIAN_POINT('',(-2.385392206695,4.,4.010169574998));
#4093 = PCURVE('',#3485,#4094);
#4094 = DEFINITIONAL_REPRESENTATION('',(#4095),#4101);
#4095 = B_SPLINE_CURVE_WITH_KNOTS('',3,(#4096,#4097,#4098,#4099,#4100),
  .UNSPECIFIED.,.F.,.F.,(4,1,4),(0.,0.63285422285,1.),.UNSPECIFIED.);
#4096 = CARTESIAN_POINT('',(10.454987504644,0.240515136779));
#4097 = CARTESIAN_POINT('',(10.455824966404,0.242520322553));
#4098 = CARTESIAN_POINT('',(10.45714814867,0.245682541129));
#4099 = CARTESIAN_POINT('',(10.458473950487,0.248841534844));
#4100 = CARTESIAN_POINT('',(10.45896068645,0.25));
#4101 = ( GEOMETRIC_REPRESENTATION_CONTEXT(2) 
PARAMETRIC_REPRESENTATION_CONTEXT() REPRESENTATION_CONTEXT('2D SPACE',''
  ) );
#4102 = PCURVE('',#3882,#4103);
#4103 = DEFINITIONAL_REPRESENTATION('',(#4104),#4110);
#4104 = B_SPLINE_CURVE_WITH_KNOTS('',3,(#4105,#4106,#4107,#4108,#4109),
  .UNSPECIFIED.,.F.,.F.,(4,1,4),(0.,0.63285422285,1.),.UNSPECIFIED.);
#4105 = CARTESIAN_POINT('',(2.112431247982,0.));
#4106 = CARTESIAN_POINT('',(2.111608349289,2.150274320389E-03));
#4107 = CARTESIAN_POINT('',(2.110307983234,5.540966023865E-03));
#4108 = CARTESIAN_POINT('',(2.109004739534,8.927672738308E-03));
#4109 = CARTESIAN_POINT('',(2.10852624423,1.016957462478E-02));
#4110 = ( GEOMETRIC_REPRESENTATION_CONTEXT(2) 
PARAMETRIC_REPRESENTATION_CONTEXT() REPRESENTATION_CONTEXT('2D SPACE',''
  ) );
#4111 = ADVANCED_FACE('',(#4112),#3882,.T.);
#4112 = FACE_BOUND('',#4113,.T.);
#4113 = EDGE_LOOP('',(#4114,#4115,#4116,#4145,#4174,#4201));
#4114 = ORIENTED_EDGE('',*,*,#3865,.F.);
#4115 = ORIENTED_EDGE('',*,*,#4049,.F.);
#4116 = ORIENTED_EDGE('',*,*,#4117,.F.);
#4117 = EDGE_CURVE('',#4118,#4021,#4120,.T.);
#4118 = VERTEX_POINT('',#4119);
#4119 = CARTESIAN_POINT('',(1.938586524421,4.238836573558,4.25));
#4120 = SURFACE_CURVE('',#4121,(#4127,#4136),.PCURVE_S1.);
#4121 = B_SPLINE_CURVE_WITH_KNOTS('',4,(#4122,#4123,#4124,#4125,#4126),
  .UNSPECIFIED.,.F.,.F.,(5,5),(0.,1.),.PIECEWISE_BEZIER_KNOTS.);
#4122 = CARTESIAN_POINT('',(1.938586524421,4.238836573558,4.25));
#4123 = CARTESIAN_POINT('',(2.058105143398,4.183193174844,4.194137524109
    ));
#4124 = CARTESIAN_POINT('',(2.172243468671,4.124488886372,4.135194787201
    ));
#4125 = CARTESIAN_POINT('',(2.281234342676,4.063298720979,4.073746711235
    ));
#4126 = CARTESIAN_POINT('',(2.385392206695,4.,4.010169574998));
#4127 = PCURVE('',#3882,#4128);
#4128 = DEFINITIONAL_REPRESENTATION('',(#4129),#4135);
#4129 = B_SPLINE_CURVE_WITH_KNOTS('',4,(#4130,#4131,#4132,#4133,#4134),
  .UNSPECIFIED.,.F.,.F.,(5,5),(0.,1.),.PIECEWISE_BEZIER_KNOTS.);
#4130 = CARTESIAN_POINT('',(7.42504113736,0.25));
#4131 = CARTESIAN_POINT('',(7.396757348902,0.194137524109));
#4132 = CARTESIAN_POINT('',(7.369235500143,0.135194787201));
#4133 = CARTESIAN_POINT('',(7.342421436371,7.374671123507E-02));
#4134 = CARTESIAN_POINT('',(7.316251716683,1.016957499771E-02));
#4135 = ( GEOMETRIC_REPRESENTATION_CONTEXT(2) 
PARAMETRIC_REPRESENTATION_CONTEXT() REPRESENTATION_CONTEXT('2D SPACE',''
  ) );
#4136 = PCURVE('',#4037,#4137);
#4137 = DEFINITIONAL_REPRESENTATION('',(#4138),#4144);
#4138 = B_SPLINE_CURVE_WITH_KNOTS('',4,(#4139,#4140,#4141,#4142,#4143),
  .UNSPECIFIED.,.F.,.F.,(5,5),(0.,1.),.PIECEWISE_BEZIER_KNOTS.);
#4139 = CARTESIAN_POINT('',(5.14033553548,0.238836573547));
#4140 = CARTESIAN_POINT('',(5.16857709957,0.183193174832));
#4141 = CARTESIAN_POINT('',(5.196064340397,0.124488886387));
#4142 = CARTESIAN_POINT('',(5.222851620925,6.32987209787E-02));
#4143 = CARTESIAN_POINT('',(5.249002581499,0.));
#4144 = ( GEOMETRIC_REPRESENTATION_CONTEXT(2) 
PARAMETRIC_REPRESENTATION_CONTEXT() REPRESENTATION_CONTEXT('2D SPACE',''
  ) );
#4145 = ORIENTED_EDGE('',*,*,#4146,.T.);
#4146 = EDGE_CURVE('',#4118,#4147,#4149,.T.);
#4147 = VERTEX_POINT('',#4148);
#4148 = CARTESIAN_POINT('',(-1.938586524421,4.238836573558,4.25));
#4149 = SURFACE_CURVE('',#4150,(#4155,#4162),.PCURVE_S1.);
#4150 = CIRCLE('',#4151,4.6611);
#4151 = AXIS2_PLACEMENT_3D('',#4152,#4153,#4154);
#4152 = CARTESIAN_POINT('',(0.,0.,4.25));
#4153 = DIRECTION('',(0.,0.,-1.));
#4154 = DIRECTION('',(0.415907516342,0.90940691544,0.));
#4155 = PCURVE('',#3882,#4156);
#4156 = DEFINITIONAL_REPRESENTATION('',(#4157),#4161);
#4157 = LINE('',#4158,#4159);
#4158 = CARTESIAN_POINT('',(7.42504113736,0.25));
#4159 = VECTOR('',#4160,1.);
#4160 = DIRECTION('',(-1.,-0.));
#4161 = ( GEOMETRIC_REPRESENTATION_CONTEXT(2) 
PARAMETRIC_REPRESENTATION_CONTEXT() REPRESENTATION_CONTEXT('2D SPACE',''
  ) );
#4162 = PCURVE('',#4163,#4168);
#4163 = CONICAL_SURFACE('',#4164,4.6611,1.359916160771E-02);
#4164 = AXIS2_PLACEMENT_3D('',#4165,#4166,#4167);
#4165 = CARTESIAN_POINT('',(0.,0.,4.25));
#4166 = DIRECTION('',(0.,0.,1.));
#4167 = DIRECTION('',(1.,0.,-0.));
#4168 = DEFINITIONAL_REPRESENTATION('',(#4169),#4173);
#4169 = LINE('',#4170,#4171);
#4170 = CARTESIAN_POINT('',(7.42504113736,0.));
#4171 = VECTOR('',#4172,1.);
#4172 = DIRECTION('',(-1.,-0.));
#4173 = ( GEOMETRIC_REPRESENTATION_CONTEXT(2) 
PARAMETRIC_REPRESENTATION_CONTEXT() REPRESENTATION_CONTEXT('2D SPACE',''
  ) );
#4174 = ORIENTED_EDGE('',*,*,#4175,.F.);
#4175 = EDGE_CURVE('',#4019,#4147,#4176,.T.);
#4176 = SURFACE_CURVE('',#4177,(#4183,#4192),.PCURVE_S1.);
#4177 = B_SPLINE_CURVE_WITH_KNOTS('',4,(#4178,#4179,#4180,#4181,#4182),
  .UNSPECIFIED.,.F.,.F.,(5,5),(0.,1.),.PIECEWISE_BEZIER_KNOTS.);
#4178 = CARTESIAN_POINT('',(-2.385392206695,4.,4.010169574998));
#4179 = CARTESIAN_POINT('',(-2.28123434481,4.063298719645,4.073746709913
    ));
#4180 = CARTESIAN_POINT('',(-2.172243463733,4.124488888759,
    4.135194789581));
#4181 = CARTESIAN_POINT('',(-2.058105146273,4.183193173505,
    4.194137522765));
#4182 = CARTESIAN_POINT('',(-1.938586524421,4.238836573558,4.25));
#4183 = PCURVE('',#3882,#4184);
#4184 = DEFINITIONAL_REPRESENTATION('',(#4185),#4191);
#4185 = B_SPLINE_CURVE_WITH_KNOTS('',4,(#4186,#4187,#4188,#4189,#4190),
  .UNSPECIFIED.,.F.,.F.,(5,5),(0.,1.),.PIECEWISE_BEZIER_KNOTS.);
#4186 = CARTESIAN_POINT('',(2.108526243835,1.016957560745E-02));
#4187 = CARTESIAN_POINT('',(2.082356524688,7.374671052319E-02));
#4188 = CARTESIAN_POINT('',(2.055542459869,0.135194788838));
#4189 = CARTESIAN_POINT('',(2.028020612548,0.194137522765));
#4190 = CARTESIAN_POINT('',(1.999736823409,0.25));
#4191 = ( GEOMETRIC_REPRESENTATION_CONTEXT(2) 
PARAMETRIC_REPRESENTATION_CONTEXT() REPRESENTATION_CONTEXT('2D SPACE',''
  ) );
#4192 = PCURVE('',#4037,#4193);
#4193 = DEFINITIONAL_REPRESENTATION('',(#4194),#4200);
#4194 = B_SPLINE_CURVE_WITH_KNOTS('',4,(#4195,#4196,#4197,#4198,#4199),
  .UNSPECIFIED.,.F.,.F.,(5,5),(0.,1.),.PIECEWISE_BEZIER_KNOTS.);
#4195 = CARTESIAN_POINT('',(10.45896068645,0.));
#4196 = CARTESIAN_POINT('',(10.485111646486,6.329871964516E-02));
#4197 = CARTESIAN_POINT('',(10.511898928611,0.124488888774));
#4198 = CARTESIAN_POINT('',(10.539386167699,0.183193173493));
#4199 = CARTESIAN_POINT('',(10.567627732469,0.238836573547));
#4200 = ( GEOMETRIC_REPRESENTATION_CONTEXT(2) 
PARAMETRIC_REPRESENTATION_CONTEXT() REPRESENTATION_CONTEXT('2D SPACE',''
  ) );
#4201 = ORIENTED_EDGE('',*,*,#4085,.F.);
#4202 = ADVANCED_FACE('',(#4203),#4037,.T.);
#4203 = FACE_BOUND('',#4204,.T.);
#4204 = EDGE_LOOP('',(#4205,#4236,#4263,#4264,#4265,#4266));
#4205 = ORIENTED_EDGE('',*,*,#4206,.T.);
#4206 = EDGE_CURVE('',#4207,#4209,#4211,.T.);
#4207 = VERTEX_POINT('',#4208);
#4208 = CARTESIAN_POINT('',(-1.914360934606,4.25,4.261236259826));
#4209 = VERTEX_POINT('',#4210);
#4210 = CARTESIAN_POINT('',(1.914360934606,4.25,4.261236259826));
#4211 = SURFACE_CURVE('',#4212,(#4217,#4224),.PCURVE_S1.);
#4212 = CIRCLE('',#4213,4.6715);
#4213 = AXIS2_PLACEMENT_3D('',#4214,#4215,#4216);
#4214 = CARTESIAN_POINT('',(0.,4.25,4.718447854657E-16));
#4215 = DIRECTION('',(1.901270297977E-16,-1.,-1.23017506958E-16));
#4216 = DIRECTION('',(-0.409795768941,-1.901270297977E-16,0.912177300616
    ));
#4217 = PCURVE('',#4037,#4218);
#4218 = DEFINITIONAL_REPRESENTATION('',(#4219),#4223);
#4219 = LINE('',#4220,#4221);
#4220 = CARTESIAN_POINT('',(10.573344130679,0.25));
#4221 = VECTOR('',#4222,1.);
#4222 = DIRECTION('',(-1.,-0.));
#4223 = ( GEOMETRIC_REPRESENTATION_CONTEXT(2) 
PARAMETRIC_REPRESENTATION_CONTEXT() REPRESENTATION_CONTEXT('2D SPACE',''
  ) );
#4224 = PCURVE('',#4225,#4230);
#4225 = CONICAL_SURFACE('',#4226,4.6715,1.959749073302E-02);
#4226 = AXIS2_PLACEMENT_3D('',#4227,#4228,#4229);
#4227 = CARTESIAN_POINT('',(0.,4.25,4.718447854657E-16));
#4228 = DIRECTION('',(0.,1.,1.110223024625E-16));
#4229 = DIRECTION('',(1.,0.,0.));
#4230 = DEFINITIONAL_REPRESENTATION('',(#4231),#4235);
#4231 = LINE('',#4232,#4233);
#4232 = CARTESIAN_POINT('',(10.573344130679,0.));
#4233 = VECTOR('',#4234,1.);
#4234 = DIRECTION('',(-1.,-0.));
#4235 = ( GEOMETRIC_REPRESENTATION_CONTEXT(2) 
PARAMETRIC_REPRESENTATION_CONTEXT() REPRESENTATION_CONTEXT('2D SPACE',''
  ) );
#4236 = ORIENTED_EDGE('',*,*,#4237,.T.);
#4237 = EDGE_CURVE('',#4209,#4118,#4238,.T.);
#4238 = SURFACE_CURVE('',#4239,(#4245,#4254),.PCURVE_S1.);
#4239 = B_SPLINE_CURVE_WITH_KNOTS('',4,(#4240,#4241,#4242,#4243,#4244),
  .UNSPECIFIED.,.F.,.F.,(5,5),(0.,1.),.PIECEWISE_BEZIER_KNOTS.);
#4240 = CARTESIAN_POINT('',(1.914360934606,4.25,4.261236259826));
#4241 = CARTESIAN_POINT('',(1.920437907626,4.247220979582,4.258439154177
    ));
#4242 = CARTESIAN_POINT('',(1.926501146399,4.24443401771,4.255634025007)
  );
#4243 = CARTESIAN_POINT('',(1.932550671886,4.241639192852,4.252820950784
    ));
#4244 = CARTESIAN_POINT('',(1.938586524421,4.238836573558,4.25));
#4245 = PCURVE('',#4037,#4246);
#4246 = DEFINITIONAL_REPRESENTATION('',(#4247),#4253);
#4247 = B_SPLINE_CURVE_WITH_KNOTS('',4,(#4248,#4249,#4250,#4251,#4252),
  .UNSPECIFIED.,.F.,.F.,(5,5),(0.,1.),.PIECEWISE_BEZIER_KNOTS.);
#4248 = CARTESIAN_POINT('',(5.13461913727,0.25));
#4249 = CARTESIAN_POINT('',(5.136051122479,0.247220979582));
#4250 = CARTESIAN_POINT('',(5.137481179875,0.244434017369));
#4251 = CARTESIAN_POINT('',(5.138909313891,0.241639193345));
#4252 = CARTESIAN_POINT('',(5.140335535222,0.238836574051));
#4253 = ( GEOMETRIC_REPRESENTATION_CONTEXT(2) 
PARAMETRIC_REPRESENTATION_CONTEXT() REPRESENTATION_CONTEXT('2D SPACE',''
  ) );
#4254 = PCURVE('',#4163,#4255);
#4255 = DEFINITIONAL_REPRESENTATION('',(#4256),#4262);
#4256 = B_SPLINE_CURVE_WITH_KNOTS('',4,(#4257,#4258,#4259,#4260,#4261),
  .UNSPECIFIED.,.F.,.F.,(5,5),(0.,1.),.PIECEWISE_BEZIER_KNOTS.);
#4257 = CARTESIAN_POINT('',(7.430763636972,1.123625980953E-02));
#4258 = CARTESIAN_POINT('',(7.42933008493,8.439154160392E-03));
#4259 = CARTESIAN_POINT('',(7.427898488509,5.634025031377E-03));
#4260 = CARTESIAN_POINT('',(7.426468842508,2.820950784444E-03));
#4261 = CARTESIAN_POINT('',(7.42504113736,0.));
#4262 = ( GEOMETRIC_REPRESENTATION_CONTEXT(2) 
PARAMETRIC_REPRESENTATION_CONTEXT() REPRESENTATION_CONTEXT('2D SPACE',''
  ) );
#4263 = ORIENTED_EDGE('',*,*,#4117,.T.);
#4264 = ORIENTED_EDGE('',*,*,#4018,.F.);
#4265 = ORIENTED_EDGE('',*,*,#4175,.T.);
#4266 = ORIENTED_EDGE('',*,*,#4267,.T.);
#4267 = EDGE_CURVE('',#4147,#4207,#4268,.T.);
#4268 = SURFACE_CURVE('',#4269,(#4275,#4284),.PCURVE_S1.);
#4269 = B_SPLINE_CURVE_WITH_KNOTS('',4,(#4270,#4271,#4272,#4273,#4274),
  .UNSPECIFIED.,.F.,.F.,(5,5),(0.,1.),.PIECEWISE_BEZIER_KNOTS.);
#4270 = CARTESIAN_POINT('',(-1.938586524421,4.238836573558,4.25));
#4271 = CARTESIAN_POINT('',(-1.932550671704,4.241639192937,
    4.252820950869));
#4272 = CARTESIAN_POINT('',(-1.926501146531,4.244434017648,
    4.255634024944));
#4273 = CARTESIAN_POINT('',(-1.920437907558,4.247220979613,
    4.258439154208));
#4274 = CARTESIAN_POINT('',(-1.914360934606,4.25,4.261236259826));
#4275 = PCURVE('',#4037,#4276);
#4276 = DEFINITIONAL_REPRESENTATION('',(#4277),#4283);
#4277 = B_SPLINE_CURVE_WITH_KNOTS('',4,(#4278,#4279,#4280,#4281,#4282),
  .UNSPECIFIED.,.F.,.F.,(5,5),(0.,1.),.PIECEWISE_BEZIER_KNOTS.);
#4278 = CARTESIAN_POINT('',(10.567627732727,0.238836574051));
#4279 = CARTESIAN_POINT('',(10.569053954101,0.241639193429));
#4280 = CARTESIAN_POINT('',(10.570482088014,0.244434017249));
#4281 = CARTESIAN_POINT('',(10.571912145486,0.247220979613));
#4282 = CARTESIAN_POINT('',(10.573344130679,0.25));
#4283 = ( GEOMETRIC_REPRESENTATION_CONTEXT(2) 
PARAMETRIC_REPRESENTATION_CONTEXT() REPRESENTATION_CONTEXT('2D SPACE',''
  ) );
#4284 = PCURVE('',#4163,#4285);
#4285 = DEFINITIONAL_REPRESENTATION('',(#4286),#4292);
#4286 = B_SPLINE_CURVE_WITH_KNOTS('',4,(#4287,#4288,#4289,#4290,#4291),
  .UNSPECIFIED.,.F.,.F.,(5,5),(0.,1.),.PIECEWISE_BEZIER_KNOTS.);
#4287 = CARTESIAN_POINT('',(1.999736823409,0.));
#4288 = CARTESIAN_POINT('',(1.998309118219,2.820950869134E-03));
#4289 = CARTESIAN_POINT('',(1.996879472295,5.634024963897E-03));
#4290 = CARTESIAN_POINT('',(1.995447875824,8.439154191621E-03));
#4291 = CARTESIAN_POINT('',(1.994014323797,1.123625980953E-02));
#4292 = ( GEOMETRIC_REPRESENTATION_CONTEXT(2) 
PARAMETRIC_REPRESENTATION_CONTEXT() REPRESENTATION_CONTEXT('2D SPACE',''
  ) );
#4293 = ADVANCED_FACE('',(#4294),#4163,.T.);
#4294 = FACE_BOUND('',#4295,.T.);
#4295 = EDGE_LOOP('',(#4296,#4297,#4298,#4330,#4358,#4381,#4411));
#4296 = ORIENTED_EDGE('',*,*,#4146,.F.);
#4297 = ORIENTED_EDGE('',*,*,#4237,.F.);
#4298 = ORIENTED_EDGE('',*,*,#4299,.F.);
#4299 = EDGE_CURVE('',#4300,#4209,#4302,.T.);
#4300 = VERTEX_POINT('',#4301);
#4301 = CARTESIAN_POINT('',(1.271414646121,4.487879794249,4.5));
#4302 = SURFACE_CURVE('',#4303,(#4310,#4320),.PCURVE_S1.);
#4303 = B_SPLINE_CURVE_WITH_KNOTS('',5,(#4304,#4305,#4306,#4307,#4308,
    #4309),.UNSPECIFIED.,.F.,.F.,(6,6),(0.,1.),
  .PIECEWISE_BEZIER_KNOTS.);
#4304 = CARTESIAN_POINT('',(1.271414646121,4.487879794249,4.5));
#4305 = CARTESIAN_POINT('',(1.409944740356,4.448069559553,4.460049353426
    ));
#4306 = CARTESIAN_POINT('',(1.543617185344,4.403785156942,4.415605778176
    ));
#4307 = CARTESIAN_POINT('',(1.672201649418,4.355654469123,4.367297890732
    ));
#4308 = CARTESIAN_POINT('',(1.79572665353,4.304249730142,4.315698392459)
  );
#4309 = CARTESIAN_POINT('',(1.914360934606,4.25,4.261236259826));
#4310 = PCURVE('',#4163,#4311);
#4311 = DEFINITIONAL_REPRESENTATION('',(#4312),#4319);
#4312 = B_SPLINE_CURVE_WITH_KNOTS('',5,(#4313,#4314,#4315,#4316,#4317,
    #4318),.UNSPECIFIED.,.F.,.F.,(6,6),(0.,1.),
  .PIECEWISE_BEZIER_KNOTS.);
#4313 = CARTESIAN_POINT('',(7.57791582168,0.25));
#4314 = CARTESIAN_POINT('',(7.547015218922,0.210049353426));
#4315 = CARTESIAN_POINT('',(7.516846178146,0.165605778847));
#4316 = CARTESIAN_POINT('',(7.487429598234,0.117297889523));
#4317 = CARTESIAN_POINT('',(7.458749161448,6.5698392947E-02));
#4318 = CARTESIAN_POINT('',(7.430763637232,1.123626031425E-02));
#4319 = ( GEOMETRIC_REPRESENTATION_CONTEXT(2) 
PARAMETRIC_REPRESENTATION_CONTEXT() REPRESENTATION_CONTEXT('2D SPACE',''
  ) );
#4320 = PCURVE('',#4225,#4321);
#4321 = DEFINITIONAL_REPRESENTATION('',(#4322),#4329);
#4322 = B_SPLINE_CURVE_WITH_KNOTS('',5,(#4323,#4324,#4325,#4326,#4327,
    #4328),.UNSPECIFIED.,.F.,.F.,(6,6),(0.,1.),
  .PIECEWISE_BEZIER_KNOTS.);
#4323 = CARTESIAN_POINT('',(4.987748308329,0.237879794237));
#4324 = CARTESIAN_POINT('',(5.018579918745,0.198069559541));
#4325 = CARTESIAN_POINT('',(5.048685918195,0.153785156974));
#4326 = CARTESIAN_POINT('',(5.07804593269,0.105654469104));
#4327 = CARTESIAN_POINT('',(5.106676538577,5.42497301413E-02));
#4328 = CARTESIAN_POINT('',(5.13461913727,0.));
#4329 = ( GEOMETRIC_REPRESENTATION_CONTEXT(2) 
PARAMETRIC_REPRESENTATION_CONTEXT() REPRESENTATION_CONTEXT('2D SPACE',''
  ) );
#4330 = ORIENTED_EDGE('',*,*,#4331,.F.);
#4331 = EDGE_CURVE('',#4332,#4300,#4334,.T.);
#4332 = VERTEX_POINT('',#4333);
#4333 = CARTESIAN_POINT('',(4.6645,0.,4.5));
#4334 = SURFACE_CURVE('',#4335,(#4340,#4346),.PCURVE_S1.);
#4335 = CIRCLE('',#4336,4.6645);
#4336 = AXIS2_PLACEMENT_3D('',#4337,#4338,#4339);
#4337 = CARTESIAN_POINT('',(0.,0.,4.5));
#4338 = DIRECTION('',(0.,0.,1.));
#4339 = DIRECTION('',(1.,0.,-0.));
#4340 = PCURVE('',#4163,#4341);
#4341 = DEFINITIONAL_REPRESENTATION('',(#4342),#4345);
#4342 = B_SPLINE_CURVE_WITH_KNOTS('',1,(#4343,#4344),.UNSPECIFIED.,.F.,
  .F.,(2,2),(0.,1.294730514501),.PIECEWISE_BEZIER_KNOTS.);
#4343 = CARTESIAN_POINT('',(6.28318530718,0.25));
#4344 = CARTESIAN_POINT('',(7.57791582168,0.25));
#4345 = ( GEOMETRIC_REPRESENTATION_CONTEXT(2) 
PARAMETRIC_REPRESENTATION_CONTEXT() REPRESENTATION_CONTEXT('2D SPACE',''
  ) );
#4346 = PCURVE('',#4347,#4352);
#4347 = CONICAL_SURFACE('',#4348,4.6645,5.599941462432E-03);
#4348 = AXIS2_PLACEMENT_3D('',#4349,#4350,#4351);
#4349 = CARTESIAN_POINT('',(0.,0.,4.5));
#4350 = DIRECTION('',(0.,0.,1.));
#4351 = DIRECTION('',(1.,0.,-0.));
#4352 = DEFINITIONAL_REPRESENTATION('',(#4353),#4357);
#4353 = LINE('',#4354,#4355);
#4354 = CARTESIAN_POINT('',(0.,0.));
#4355 = VECTOR('',#4356,1.);
#4356 = DIRECTION('',(1.,0.));
#4357 = ( GEOMETRIC_REPRESENTATION_CONTEXT(2) 
PARAMETRIC_REPRESENTATION_CONTEXT() REPRESENTATION_CONTEXT('2D SPACE',''
  ) );
#4358 = ORIENTED_EDGE('',*,*,#4359,.F.);
#4359 = EDGE_CURVE('',#4360,#4332,#4362,.T.);
#4360 = VERTEX_POINT('',#4361);
#4361 = CARTESIAN_POINT('',(-1.271414646121,4.487879794249,4.5));
#4362 = SURFACE_CURVE('',#4363,(#4368,#4374),.PCURVE_S1.);
#4363 = CIRCLE('',#4364,4.6645);
#4364 = AXIS2_PLACEMENT_3D('',#4365,#4366,#4367);
#4365 = CARTESIAN_POINT('',(0.,0.,4.5));
#4366 = DIRECTION('',(0.,0.,1.));
#4367 = DIRECTION('',(1.,0.,-0.));
#4368 = PCURVE('',#4163,#4369);
#4369 = DEFINITIONAL_REPRESENTATION('',(#4370),#4373);
#4370 = B_SPLINE_CURVE_WITH_KNOTS('',1,(#4371,#4372),.UNSPECIFIED.,.F.,
  .F.,(2,2),(1.846862139089,6.28318530718),.PIECEWISE_BEZIER_KNOTS.);
#4371 = CARTESIAN_POINT('',(1.846862139089,0.25));
#4372 = CARTESIAN_POINT('',(6.28318530718,0.25));
#4373 = ( GEOMETRIC_REPRESENTATION_CONTEXT(2) 
PARAMETRIC_REPRESENTATION_CONTEXT() REPRESENTATION_CONTEXT('2D SPACE',''
  ) );
#4374 = PCURVE('',#4347,#4375);
#4375 = DEFINITIONAL_REPRESENTATION('',(#4376),#4380);
#4376 = LINE('',#4377,#4378);
#4377 = CARTESIAN_POINT('',(0.,0.));
#4378 = VECTOR('',#4379,1.);
#4379 = DIRECTION('',(1.,0.));
#4380 = ( GEOMETRIC_REPRESENTATION_CONTEXT(2) 
PARAMETRIC_REPRESENTATION_CONTEXT() REPRESENTATION_CONTEXT('2D SPACE',''
  ) );
#4381 = ORIENTED_EDGE('',*,*,#4382,.F.);
#4382 = EDGE_CURVE('',#4207,#4360,#4383,.T.);
#4383 = SURFACE_CURVE('',#4384,(#4391,#4401),.PCURVE_S1.);
#4384 = B_SPLINE_CURVE_WITH_KNOTS('',5,(#4385,#4386,#4387,#4388,#4389,
    #4390),.UNSPECIFIED.,.F.,.F.,(6,6),(0.,1.),
  .PIECEWISE_BEZIER_KNOTS.);
#4385 = CARTESIAN_POINT('',(-1.914360934606,4.25,4.261236259826));
#4386 = CARTESIAN_POINT('',(-1.795726658312,4.304249727991,
    4.315698390282));
#4387 = CARTESIAN_POINT('',(-1.672201659192,4.35565446466,4.367297886281
    ));
#4388 = CARTESIAN_POINT('',(-1.543617188463,4.403785157221,
    4.415605778441));
#4389 = CARTESIAN_POINT('',(-1.40994473128,4.448069562162,4.460049356045
    ));
#4390 = CARTESIAN_POINT('',(-1.271414646121,4.487879794249,4.5));
#4391 = PCURVE('',#4163,#4392);
#4392 = DEFINITIONAL_REPRESENTATION('',(#4393),#4400);
#4393 = B_SPLINE_CURVE_WITH_KNOTS('',5,(#4394,#4395,#4396,#4397,#4398,
    #4399),.UNSPECIFIED.,.F.,.F.,(6,6),(0.,1.),
  .PIECEWISE_BEZIER_KNOTS.);
#4394 = CARTESIAN_POINT('',(1.994014323788,1.123625982625E-02));
#4395 = CARTESIAN_POINT('',(1.966028800698,6.569839028256E-02));
#4396 = CARTESIAN_POINT('',(1.937348364173,0.11729788628));
#4397 = CARTESIAN_POINT('',(1.907931783621,0.165605778441));
#4398 = CARTESIAN_POINT('',(1.877762739823,0.210049356045));
#4399 = CARTESIAN_POINT('',(1.846862139089,0.25));
#4400 = ( GEOMETRIC_REPRESENTATION_CONTEXT(2) 
PARAMETRIC_REPRESENTATION_CONTEXT() REPRESENTATION_CONTEXT('2D SPACE',''
  ) );
#4401 = PCURVE('',#4225,#4402);
#4402 = DEFINITIONAL_REPRESENTATION('',(#4403),#4410);
#4403 = B_SPLINE_CURVE_WITH_KNOTS('',5,(#4404,#4405,#4406,#4407,#4408,
    #4409),.UNSPECIFIED.,.F.,.F.,(6,6),(0.,1.),
  .PIECEWISE_BEZIER_KNOTS.);
#4404 = CARTESIAN_POINT('',(10.573344130679,0.));
#4405 = CARTESIAN_POINT('',(10.601286728247,5.424972799126E-02));
#4406 = CARTESIAN_POINT('',(10.62991733302,0.10565446466));
#4407 = CARTESIAN_POINT('',(10.659277349077,0.153785157221));
#4408 = CARTESIAN_POINT('',(10.689383351234,0.198069562162));
#4409 = CARTESIAN_POINT('',(10.720214959629,0.237879794249));
#4410 = ( GEOMETRIC_REPRESENTATION_CONTEXT(2) 
PARAMETRIC_REPRESENTATION_CONTEXT() REPRESENTATION_CONTEXT('2D SPACE',''
  ) );
#4411 = ORIENTED_EDGE('',*,*,#4267,.F.);
#4412 = ADVANCED_FACE('',(#4413),#4225,.T.);
#4413 = FACE_BOUND('',#4414,.T.);
#4414 = EDGE_LOOP('',(#4415,#4445,#4468,#4495,#4496,#4497,#4498));
#4415 = ORIENTED_EDGE('',*,*,#4416,.F.);
#4416 = EDGE_CURVE('',#4417,#4419,#4421,.T.);
#4417 = VERTEX_POINT('',#4418);
#4418 = CARTESIAN_POINT('',(4.6764,4.5,4.996003610813E-16));
#4419 = VERTEX_POINT('',#4420);
#4420 = CARTESIAN_POINT('',(-1.228088309383,4.5,4.512262854085));
#4421 = SURFACE_CURVE('',#4422,(#4427,#4433),.PCURVE_S1.);
#4422 = CIRCLE('',#4423,4.6764);
#4423 = AXIS2_PLACEMENT_3D('',#4424,#4425,#4426);
#4424 = CARTESIAN_POINT('',(0.,4.5,4.996003610813E-16));
#4425 = DIRECTION('',(-0.,1.,1.110223024625E-16));
#4426 = DIRECTION('',(1.,0.,0.));
#4427 = PCURVE('',#4225,#4428);
#4428 = DEFINITIONAL_REPRESENTATION('',(#4429),#4432);
#4429 = B_SPLINE_CURVE_WITH_KNOTS('',1,(#4430,#4431),.UNSPECIFIED.,.F.,
  .F.,(2,2),(0.,4.446658641599),.PIECEWISE_BEZIER_KNOTS.);
#4430 = CARTESIAN_POINT('',(6.28318530718,0.25));
#4431 = CARTESIAN_POINT('',(10.729843948778,0.25));
#4432 = ( GEOMETRIC_REPRESENTATION_CONTEXT(2) 
PARAMETRIC_REPRESENTATION_CONTEXT() REPRESENTATION_CONTEXT('2D SPACE',''
  ) );
#4433 = PCURVE('',#4434,#4439);
#4434 = CONICAL_SURFACE('',#4435,4.6764,1.159947974333E-02);
#4435 = AXIS2_PLACEMENT_3D('',#4436,#4437,#4438);
#4436 = CARTESIAN_POINT('',(0.,4.5,4.996003610813E-16));
#4437 = DIRECTION('',(0.,1.,1.110223024625E-16));
#4438 = DIRECTION('',(1.,0.,0.));
#4439 = DEFINITIONAL_REPRESENTATION('',(#4440),#4444);
#4440 = LINE('',#4441,#4442);
#4441 = CARTESIAN_POINT('',(0.,0.));
#4442 = VECTOR('',#4443,1.);
#4443 = DIRECTION('',(1.,0.));
#4444 = ( GEOMETRIC_REPRESENTATION_CONTEXT(2) 
PARAMETRIC_REPRESENTATION_CONTEXT() REPRESENTATION_CONTEXT('2D SPACE',''
  ) );
#4445 = ORIENTED_EDGE('',*,*,#4446,.F.);
#4446 = EDGE_CURVE('',#4447,#4417,#4449,.T.);
#4447 = VERTEX_POINT('',#4448);
#4448 = CARTESIAN_POINT('',(1.228088309383,4.5,4.512262854085));
#4449 = SURFACE_CURVE('',#4450,(#4455,#4461),.PCURVE_S1.);
#4450 = CIRCLE('',#4451,4.6764);
#4451 = AXIS2_PLACEMENT_3D('',#4452,#4453,#4454);
#4452 = CARTESIAN_POINT('',(0.,4.5,4.996003610813E-16));
#4453 = DIRECTION('',(-0.,1.,1.110223024625E-16));
#4454 = DIRECTION('',(1.,0.,0.));
#4455 = PCURVE('',#4225,#4456);
#4456 = DEFINITIONAL_REPRESENTATION('',(#4457),#4460);
#4457 = B_SPLINE_CURVE_WITH_KNOTS('',1,(#4458,#4459),.UNSPECIFIED.,.F.,
  .F.,(2,2),(4.97811931917,6.28318530718),.PIECEWISE_BEZIER_KNOTS.);
#4458 = CARTESIAN_POINT('',(4.97811931917,0.25));
#4459 = CARTESIAN_POINT('',(6.28318530718,0.25));
#4460 = ( GEOMETRIC_REPRESENTATION_CONTEXT(2) 
PARAMETRIC_REPRESENTATION_CONTEXT() REPRESENTATION_CONTEXT('2D SPACE',''
  ) );
#4461 = PCURVE('',#4434,#4462);
#4462 = DEFINITIONAL_REPRESENTATION('',(#4463),#4467);
#4463 = LINE('',#4464,#4465);
#4464 = CARTESIAN_POINT('',(0.,0.));
#4465 = VECTOR('',#4466,1.);
#4466 = DIRECTION('',(1.,0.));
#4467 = ( GEOMETRIC_REPRESENTATION_CONTEXT(2) 
PARAMETRIC_REPRESENTATION_CONTEXT() REPRESENTATION_CONTEXT('2D SPACE',''
  ) );
#4468 = ORIENTED_EDGE('',*,*,#4469,.T.);
#4469 = EDGE_CURVE('',#4447,#4300,#4470,.T.);
#4470 = SURFACE_CURVE('',#4471,(#4477,#4486),.PCURVE_S1.);
#4471 = B_SPLINE_CURVE_WITH_KNOTS('',4,(#4472,#4473,#4474,#4475,#4476),
  .UNSPECIFIED.,.F.,.F.,(5,5),(0.,1.),.PIECEWISE_BEZIER_KNOTS.);
#4472 = CARTESIAN_POINT('',(1.228088309383,4.5,4.512262854085));
#4473 = CARTESIAN_POINT('',(1.238966186688,4.497013796901,4.509241597984
    ));
#4474 = CARTESIAN_POINT('',(1.249813326515,4.493998106405,4.50619044741)
  );
#4475 = CARTESIAN_POINT('',(1.260629522213,4.490953315959,4.503109791402
    ));
#4476 = CARTESIAN_POINT('',(1.271414646121,4.487879794249,4.5));
#4477 = PCURVE('',#4225,#4478);
#4478 = DEFINITIONAL_REPRESENTATION('',(#4479),#4485);
#4479 = B_SPLINE_CURVE_WITH_KNOTS('',4,(#4480,#4481,#4482,#4483,#4484),
  .UNSPECIFIED.,.F.,.F.,(5,5),(0.,1.),.PIECEWISE_BEZIER_KNOTS.);
#4480 = CARTESIAN_POINT('',(4.97811931917,0.25));
#4481 = CARTESIAN_POINT('',(4.980533462217,0.247013796901));
#4482 = CARTESIAN_POINT('',(4.982943022685,0.243998106093));
#4483 = CARTESIAN_POINT('',(4.985347974067,0.24095331628));
#4484 = CARTESIAN_POINT('',(4.987748308068,0.23787979457));
#4485 = ( GEOMETRIC_REPRESENTATION_CONTEXT(2) 
PARAMETRIC_REPRESENTATION_CONTEXT() REPRESENTATION_CONTEXT('2D SPACE',''
  ) );
#4486 = PCURVE('',#4347,#4487);
#4487 = DEFINITIONAL_REPRESENTATION('',(#4488),#4494);
#4488 = B_SPLINE_CURVE_WITH_KNOTS('',4,(#4489,#4490,#4491,#4492,#4493),
  .UNSPECIFIED.,.F.,.F.,(5,5),(0.,1.),.PIECEWISE_BEZIER_KNOTS.);
#4489 = CARTESIAN_POINT('',(1.304375592349,1.226285407895E-02));
#4490 = CARTESIAN_POINT('',(1.301957296405,9.241597977392E-03));
#4491 = CARTESIAN_POINT('',(1.299543669818,6.190447417567E-03));
#4492 = CARTESIAN_POINT('',(1.297134739036,3.109791402331E-03));
#4493 = CARTESIAN_POINT('',(1.294730514501,0.));
#4494 = ( GEOMETRIC_REPRESENTATION_CONTEXT(2) 
PARAMETRIC_REPRESENTATION_CONTEXT() REPRESENTATION_CONTEXT('2D SPACE',''
  ) );
#4495 = ORIENTED_EDGE('',*,*,#4299,.T.);
#4496 = ORIENTED_EDGE('',*,*,#4206,.F.);
#4497 = ORIENTED_EDGE('',*,*,#4382,.T.);
#4498 = ORIENTED_EDGE('',*,*,#4499,.T.);
#4499 = EDGE_CURVE('',#4360,#4419,#4500,.T.);
#4500 = SURFACE_CURVE('',#4501,(#4507,#4516),.PCURVE_S1.);
#4501 = B_SPLINE_CURVE_WITH_KNOTS('',4,(#4502,#4503,#4504,#4505,#4506),
  .UNSPECIFIED.,.F.,.F.,(5,5),(0.,1.),.PIECEWISE_BEZIER_KNOTS.);
#4502 = CARTESIAN_POINT('',(-1.271414646121,4.487879794249,4.5));
#4503 = CARTESIAN_POINT('',(-1.260629533898,4.490953312629,
    4.503109788035));
#4504 = CARTESIAN_POINT('',(-1.249813327346,4.493998106201,
    4.506190447202));
#4505 = CARTESIAN_POINT('',(-1.238966189449,4.497013796143,
    4.509241597217));
#4506 = CARTESIAN_POINT('',(-1.228088309383,4.5,4.512262854085));
#4507 = PCURVE('',#4225,#4508);
#4508 = DEFINITIONAL_REPRESENTATION('',(#4509),#4515);
#4509 = B_SPLINE_CURVE_WITH_KNOTS('',4,(#4510,#4511,#4512,#4513,#4514),
  .UNSPECIFIED.,.F.,.F.,(5,5),(0.,1.),.PIECEWISE_BEZIER_KNOTS.);
#4510 = CARTESIAN_POINT('',(10.72021495963,0.23787979425));
#4511 = CARTESIAN_POINT('',(10.72261529103,0.24095331263));
#4512 = CARTESIAN_POINT('',(10.725020245325,0.2439981062));
#4513 = CARTESIAN_POINT('',(10.727429805119,0.247013796143));
#4514 = CARTESIAN_POINT('',(10.729843948778,0.25));
#4515 = ( GEOMETRIC_REPRESENTATION_CONTEXT(2) 
PARAMETRIC_REPRESENTATION_CONTEXT() REPRESENTATION_CONTEXT('2D SPACE',''
  ) );
#4516 = PCURVE('',#4347,#4517);
#4517 = DEFINITIONAL_REPRESENTATION('',(#4518),#4524);
#4518 = B_SPLINE_CURVE_WITH_KNOTS('',4,(#4519,#4520,#4521,#4522,#4523),
  .UNSPECIFIED.,.F.,.F.,(5,5),(0.,1.),.PIECEWISE_BEZIER_KNOTS.);
#4519 = CARTESIAN_POINT('',(1.846862139089,0.));
#4520 = CARTESIAN_POINT('',(1.844457917159,3.109788034553E-03));
#4521 = CARTESIAN_POINT('',(1.842048983956,6.190447208029E-03));
#4522 = CARTESIAN_POINT('',(1.839635357798,9.241597211553E-03));
#4523 = CARTESIAN_POINT('',(1.837217061239,1.226285408002E-02));
#4524 = ( GEOMETRIC_REPRESENTATION_CONTEXT(2) 
PARAMETRIC_REPRESENTATION_CONTEXT() REPRESENTATION_CONTEXT('2D SPACE',''
  ) );
#4525 = ADVANCED_FACE('',(#4526),#4347,.T.);
#4526 = FACE_BOUND('',#4527,.T.);
#4527 = EDGE_LOOP('',(#4528,#4551,#4552,#4553,#4643,#4644,#4645,#4646));
#4528 = ORIENTED_EDGE('',*,*,#4529,.F.);
#4529 = EDGE_CURVE('',#4332,#4530,#4532,.T.);
#4530 = VERTEX_POINT('',#4531);
#4531 = CARTESIAN_POINT('',(4.6659,0.,4.75));
#4532 = SEAM_CURVE('',#4533,(#4537,#4544),.PCURVE_S1.);
#4533 = LINE('',#4534,#4535);
#4534 = CARTESIAN_POINT('',(4.6645,0.,4.5));
#4535 = VECTOR('',#4536,1.);
#4536 = DIRECTION('',(5.599912194063E-03,0.,0.999984320369));
#4537 = PCURVE('',#4347,#4538);
#4538 = DEFINITIONAL_REPRESENTATION('',(#4539),#4543);
#4539 = LINE('',#4540,#4541);
#4540 = CARTESIAN_POINT('',(0.,0.));
#4541 = VECTOR('',#4542,1.);
#4542 = DIRECTION('',(0.,1.));
#4543 = ( GEOMETRIC_REPRESENTATION_CONTEXT(2) 
PARAMETRIC_REPRESENTATION_CONTEXT() REPRESENTATION_CONTEXT('2D SPACE',''
  ) );
#4544 = PCURVE('',#4347,#4545);
#4545 = DEFINITIONAL_REPRESENTATION('',(#4546),#4550);
#4546 = LINE('',#4547,#4548);
#4547 = CARTESIAN_POINT('',(6.28318530718,0.));
#4548 = VECTOR('',#4549,1.);
#4549 = DIRECTION('',(0.,1.));
#4550 = ( GEOMETRIC_REPRESENTATION_CONTEXT(2) 
PARAMETRIC_REPRESENTATION_CONTEXT() REPRESENTATION_CONTEXT('2D SPACE',''
  ) );
#4551 = ORIENTED_EDGE('',*,*,#4331,.T.);
#4552 = ORIENTED_EDGE('',*,*,#4469,.F.);
#4553 = ORIENTED_EDGE('',*,*,#4554,.F.);
#4554 = EDGE_CURVE('',#4419,#4447,#4555,.T.);
#4555 = SURFACE_CURVE('',#4556,(#4583,#4613),.PCURVE_S1.);
#4556 = B_SPLINE_CURVE_WITH_KNOTS('',5,(#4557,#4558,#4559,#4560,#4561,
    #4562,#4563,#4564,#4565,#4566,#4567,#4568,#4569,#4570,#4571,#4572,
    #4573,#4574,#4575,#4576,#4577,#4578,#4579,#4580,#4581,#4582),
  .UNSPECIFIED.,.F.,.F.,(6,4,4,4,4,4,6),(0.,0.176004388622,0.32332887029
    ,0.499162062392,0.721536888125,0.825091399551,1.),.UNSPECIFIED.);
#4557 = CARTESIAN_POINT('',(-1.228088309383,4.5,4.512262854085));
#4558 = CARTESIAN_POINT('',(-1.148405567781,4.521873513582,4.53421281632
    ));
#4559 = CARTESIAN_POINT('',(-1.067187104819,4.542260841765,
    4.554670489725));
#4560 = CARTESIAN_POINT('',(-0.984491808388,4.561045580789,
    4.573519332516));
#4561 = CARTESIAN_POINT('',(-0.900416442625,4.578106058263,
    4.590637503496));
#4562 = CARTESIAN_POINT('',(-0.743701707542,4.606075448176,
    4.618700798497));
#4563 = CARTESIAN_POINT('',(-0.671430651761,4.617533878936,
    4.630197409774));
#4564 = CARTESIAN_POINT('',(-0.598383735483,4.627641200055,
    4.640338206039));
#4565 = CARTESIAN_POINT('',(-0.524670009975,4.636338518262,
    4.649064200748));
#4566 = CARTESIAN_POINT('',(-0.361808736342,4.652225591145,
    4.665003490146));
#4567 = CARTESIAN_POINT('',(-0.272431345281,4.658798288506,
    4.671597660825));
#4568 = CARTESIAN_POINT('',(-0.182522884589,4.663222968559,
    4.676036750511));
#4569 = CARTESIAN_POINT('',(-9.23371453133E-02,4.665456277499,
    4.678277332566));
#4570 = CARTESIAN_POINT('',(0.111906702143,4.665550974771,4.678372338229
    ));
#4571 = CARTESIAN_POINT('',(0.225980311013,4.662098657613,4.674908777834
    ));
#4572 = CARTESIAN_POINT('',(0.339500226715,4.655139391731,4.667926851282
    ));
#4573 = CARTESIAN_POINT('',(0.451967807017,4.644783858659,4.657537425729
    ));
#4574 = CARTESIAN_POINT('',(0.614629860978,4.624898884414,4.63758675327)
  );
#4575 = CARTESIAN_POINT('',(0.665990620067,4.617884260028,4.630548883655
    ));
#4576 = CARTESIAN_POINT('',(0.716989581302,4.610191439523,4.622830476157
    ));
#4577 = CARTESIAN_POINT('',(0.76759098649,4.601841167809,4.614452307798)
  );
#4578 = CARTESIAN_POINT('',(0.902510720813,4.577680624141,4.590210630544
    ));
#4579 = CARTESIAN_POINT('',(0.986036801255,4.560694399424,4.573166952633
    ));
#4580 = CARTESIAN_POINT('',(1.068198762105,4.542006825594,4.554415597062
    ));
#4581 = CARTESIAN_POINT('',(1.148901867287,4.521737275645,4.534076102217
    ));
#4582 = CARTESIAN_POINT('',(1.228088309383,4.5,4.512262854085));
#4583 = PCURVE('',#4347,#4584);
#4584 = DEFINITIONAL_REPRESENTATION('',(#4585),#4612);
#4585 = B_SPLINE_CURVE_WITH_KNOTS('',5,(#4586,#4587,#4588,#4589,#4590,
    #4591,#4592,#4593,#4594,#4595,#4596,#4597,#4598,#4599,#4600,#4601,
    #4602,#4603,#4604,#4605,#4606,#4607,#4608,#4609,#4610,#4611),
  .UNSPECIFIED.,.F.,.F.,(6,4,4,4,4,4,6),(0.,0.176004388622,0.32332887029
    ,0.499162062392,0.721536888125,0.825091399551,1.),.UNSPECIFIED.);
#4586 = CARTESIAN_POINT('',(1.837217060984,1.226285439576E-02));
#4587 = CARTESIAN_POINT('',(1.819502593442,3.421281663048E-02));
#4588 = CARTESIAN_POINT('',(1.801555557801,5.467048895136E-02));
#4589 = CARTESIAN_POINT('',(1.783383019229,7.351933294049E-02));
#4590 = CARTESIAN_POINT('',(1.764998198259,9.063750349586E-02));
#4591 = CARTESIAN_POINT('',(1.730874337756,0.118700798497));
#4592 = CARTESIAN_POINT('',(1.715192200851,0.130197409774));
#4593 = CARTESIAN_POINT('',(1.69938957929,0.140338206039));
#4594 = CARTESIAN_POINT('',(1.683482888787,0.149064200748));
#4595 = CARTESIAN_POINT('',(1.648408690356,0.165003490146));
#4596 = CARTESIAN_POINT('',(1.629205063736,0.171597660825));
#4597 = CARTESIAN_POINT('',(1.609918385976,0.176036750511));
#4598 = CARTESIAN_POINT('',(1.590587813887,0.178277332566));
#4599 = CARTESIAN_POINT('',(1.546810312821,0.178372338229));
#4600 = CARTESIAN_POINT('',(1.522360209817,0.174908777834));
#4601 = CARTESIAN_POINT('',(1.497998108092,0.167926851282));
#4602 = CARTESIAN_POINT('',(1.47380015782,0.157537425729));
#4603 = CARTESIAN_POINT('',(1.438674283993,0.13758675327));
#4604 = CARTESIAN_POINT('',(1.427563999802,0.130548883655));
#4605 = CARTESIAN_POINT('',(1.416509993711,0.122830476157));
#4606 = CARTESIAN_POINT('',(1.405517655196,0.114452307798));
#4607 = CARTESIAN_POINT('',(1.376136477096,9.021063054442E-02));
#4608 = CARTESIAN_POINT('',(1.357870105849,7.316695264752E-02));
#4609 = CARTESIAN_POINT('',(1.339813543881,5.441559703653E-02));
#4610 = CARTESIAN_POINT('',(1.321979726334,3.407610222689E-02));
#4611 = CARTESIAN_POINT('',(1.304375592363,1.226285409537E-02));
#4612 = ( GEOMETRIC_REPRESENTATION_CONTEXT(2) 
PARAMETRIC_REPRESENTATION_CONTEXT() REPRESENTATION_CONTEXT('2D SPACE',''
  ) );
#4613 = PCURVE('',#4434,#4614);
#4614 = DEFINITIONAL_REPRESENTATION('',(#4615),#4642);
#4615 = B_SPLINE_CURVE_WITH_KNOTS('',5,(#4616,#4617,#4618,#4619,#4620,
    #4621,#4622,#4623,#4624,#4625,#4626,#4627,#4628,#4629,#4630,#4631,
    #4632,#4633,#4634,#4635,#4636,#4637,#4638,#4639,#4640,#4641),
  .UNSPECIFIED.,.F.,.F.,(6,4,4,4,4,4,6),(0.,0.176004388622,0.32332887029
    ,0.499162062392,0.721536888125,0.825091399551,1.),.UNSPECIFIED.);
#4616 = CARTESIAN_POINT('',(4.446658641599,0.));
#4617 = CARTESIAN_POINT('',(4.464332562193,2.187351358189E-02));
#4618 = CARTESIAN_POINT('',(4.48223715863,4.226084176564E-02));
#4619 = CARTESIAN_POINT('',(4.500365472707,6.104558078936E-02));
#4620 = CARTESIAN_POINT('',(4.518704432219,7.810605826347E-02));
#4621 = CARTESIAN_POINT('',(4.55274138577,0.106075448176));
#4622 = CARTESIAN_POINT('',(4.568382910057,0.117533878936));
#4623 = CARTESIAN_POINT('',(4.584144018939,0.127641200055));
#4624 = CARTESIAN_POINT('',(4.600008431015,0.136338518262));
#4625 = CARTESIAN_POINT('',(4.634988552892,0.152225591145));
#4626 = CARTESIAN_POINT('',(4.654140120345,0.158798288506));
#4627 = CARTESIAN_POINT('',(4.67337413466,0.163222968559));
#4628 = CARTESIAN_POINT('',(4.692651732926,0.165456277499));
#4629 = CARTESIAN_POINT('',(4.736309259399,0.165550974771));
#4630 = CARTESIAN_POINT('',(4.760692351152,0.162098657613));
#4631 = CARTESIAN_POINT('',(4.784988058016,0.155139391731));
#4632 = CARTESIAN_POINT('',(4.8091208149,0.144783858659));
#4633 = CARTESIAN_POINT('',(4.844153636334,0.124898884414));
#4634 = CARTESIAN_POINT('',(4.855234724572,0.117884260028));
#4635 = CARTESIAN_POINT('',(4.866259953099,0.110191439523));
#4636 = CARTESIAN_POINT('',(4.877223976819,0.101841167809));
#4637 = CARTESIAN_POINT('',(4.906530364596,7.768062414117E-02));
#4638 = CARTESIAN_POINT('',(4.924751190131,6.069439942381E-02));
#4639 = CARTESIAN_POINT('',(4.942763826062,4.200682559382E-02));
#4640 = CARTESIAN_POINT('',(4.960555479603,2.173727564517E-02));
#4641 = CARTESIAN_POINT('',(4.97811931917,0.));
#4642 = ( GEOMETRIC_REPRESENTATION_CONTEXT(2) 
PARAMETRIC_REPRESENTATION_CONTEXT() REPRESENTATION_CONTEXT('2D SPACE',''
  ) );
#4643 = ORIENTED_EDGE('',*,*,#4499,.F.);
#4644 = ORIENTED_EDGE('',*,*,#4359,.T.);
#4645 = ORIENTED_EDGE('',*,*,#4529,.T.);
#4646 = ORIENTED_EDGE('',*,*,#4647,.F.);
#4647 = EDGE_CURVE('',#4530,#4530,#4648,.T.);
#4648 = SURFACE_CURVE('',#4649,(#4654,#4661),.PCURVE_S1.);
#4649 = CIRCLE('',#4650,4.6659);
#4650 = AXIS2_PLACEMENT_3D('',#4651,#4652,#4653);
#4651 = CARTESIAN_POINT('',(0.,0.,4.75));
#4652 = DIRECTION('',(0.,0.,1.));
#4653 = DIRECTION('',(1.,0.,-0.));
#4654 = PCURVE('',#4347,#4655);
#4655 = DEFINITIONAL_REPRESENTATION('',(#4656),#4660);
#4656 = LINE('',#4657,#4658);
#4657 = CARTESIAN_POINT('',(0.,0.25));
#4658 = VECTOR('',#4659,1.);
#4659 = DIRECTION('',(1.,0.));
#4660 = ( GEOMETRIC_REPRESENTATION_CONTEXT(2) 
PARAMETRIC_REPRESENTATION_CONTEXT() REPRESENTATION_CONTEXT('2D SPACE',''
  ) );
#4661 = PCURVE('',#4662,#4667);
#4662 = CONICAL_SURFACE('',#4663,4.6659,1.039962506967E-02);
#4663 = AXIS2_PLACEMENT_3D('',#4664,#4665,#4666);
#4664 = CARTESIAN_POINT('',(0.,0.,4.75));
#4665 = DIRECTION('',(0.,0.,1.));
#4666 = DIRECTION('',(1.,0.,-0.));
#4667 = DEFINITIONAL_REPRESENTATION('',(#4668),#4672);
#4668 = LINE('',#4669,#4670);
#4669 = CARTESIAN_POINT('',(0.,0.));
#4670 = VECTOR('',#4671,1.);
#4671 = DIRECTION('',(1.,0.));
#4672 = ( GEOMETRIC_REPRESENTATION_CONTEXT(2) 
PARAMETRIC_REPRESENTATION_CONTEXT() REPRESENTATION_CONTEXT('2D SPACE',''
  ) );
#4673 = ADVANCED_FACE('',(#4674),#4434,.T.);
#4674 = FACE_BOUND('',#4675,.T.);
#4675 = EDGE_LOOP('',(#4676,#4699,#4700,#4701,#4702,#4703));
#4676 = ORIENTED_EDGE('',*,*,#4677,.F.);
#4677 = EDGE_CURVE('',#4417,#4678,#4680,.T.);
#4678 = VERTEX_POINT('',#4679);
#4679 = CARTESIAN_POINT('',(4.6793,4.75,5.273559366969E-16));
#4680 = SEAM_CURVE('',#4681,(#4685,#4692),.PCURVE_S1.);
#4681 = LINE('',#4682,#4683);
#4682 = CARTESIAN_POINT('',(4.6764,4.5,4.996003610813E-16));
#4683 = VECTOR('',#4684,1.);
#4684 = DIRECTION('',(1.159921963075E-02,0.999932726789,
    1.110148336358E-16));
#4685 = PCURVE('',#4434,#4686);
#4686 = DEFINITIONAL_REPRESENTATION('',(#4687),#4691);
#4687 = LINE('',#4688,#4689);
#4688 = CARTESIAN_POINT('',(0.,0.));
#4689 = VECTOR('',#4690,1.);
#4690 = DIRECTION('',(0.,1.));
#4691 = ( GEOMETRIC_REPRESENTATION_CONTEXT(2) 
PARAMETRIC_REPRESENTATION_CONTEXT() REPRESENTATION_CONTEXT('2D SPACE',''
  ) );
#4692 = PCURVE('',#4434,#4693);
#4693 = DEFINITIONAL_REPRESENTATION('',(#4694),#4698);
#4694 = LINE('',#4695,#4696);
#4695 = CARTESIAN_POINT('',(6.28318530718,0.));
#4696 = VECTOR('',#4697,1.);
#4697 = DIRECTION('',(0.,1.));
#4698 = ( GEOMETRIC_REPRESENTATION_CONTEXT(2) 
PARAMETRIC_REPRESENTATION_CONTEXT() REPRESENTATION_CONTEXT('2D SPACE',''
  ) );
#4699 = ORIENTED_EDGE('',*,*,#4416,.T.);
#4700 = ORIENTED_EDGE('',*,*,#4554,.T.);
#4701 = ORIENTED_EDGE('',*,*,#4446,.T.);
#4702 = ORIENTED_EDGE('',*,*,#4677,.T.);
#4703 = ORIENTED_EDGE('',*,*,#4704,.F.);
#4704 = EDGE_CURVE('',#4678,#4678,#4705,.T.);
#4705 = SURFACE_CURVE('',#4706,(#4711,#4718),.PCURVE_S1.);
#4706 = CIRCLE('',#4707,4.6793);
#4707 = AXIS2_PLACEMENT_3D('',#4708,#4709,#4710);
#4708 = CARTESIAN_POINT('',(0.,4.75,5.273559366969E-16));
#4709 = DIRECTION('',(-0.,1.,1.110223024625E-16));
#4710 = DIRECTION('',(1.,0.,0.));
#4711 = PCURVE('',#4434,#4712);
#4712 = DEFINITIONAL_REPRESENTATION('',(#4713),#4717);
#4713 = LINE('',#4714,#4715);
#4714 = CARTESIAN_POINT('',(0.,0.25));
#4715 = VECTOR('',#4716,1.);
#4716 = DIRECTION('',(1.,0.));
#4717 = ( GEOMETRIC_REPRESENTATION_CONTEXT(2) 
PARAMETRIC_REPRESENTATION_CONTEXT() REPRESENTATION_CONTEXT('2D SPACE',''
  ) );
#4718 = PCURVE('',#4719,#4724);
#4719 = CONICAL_SURFACE('',#4720,4.6793,1.639852992256E-02);
#4720 = AXIS2_PLACEMENT_3D('',#4721,#4722,#4723);
#4721 = CARTESIAN_POINT('',(0.,4.75,5.273559366969E-16));
#4722 = DIRECTION('',(0.,1.,1.110223024625E-16));
#4723 = DIRECTION('',(1.,0.,0.));
#4724 = DEFINITIONAL_REPRESENTATION('',(#4725),#4729);
#4725 = LINE('',#4726,#4727);
#4726 = CARTESIAN_POINT('',(0.,0.));
#4727 = VECTOR('',#4728,1.);
#4728 = DIRECTION('',(1.,0.));
#4729 = ( GEOMETRIC_REPRESENTATION_CONTEXT(2) 
PARAMETRIC_REPRESENTATION_CONTEXT() REPRESENTATION_CONTEXT('2D SPACE',''
  ) );
#4730 = ADVANCED_FACE('',(#4731),#4662,.T.);
#4731 = FACE_BOUND('',#4732,.T.);
#4732 = EDGE_LOOP('',(#4733,#4734,#4757,#4784));
#4733 = ORIENTED_EDGE('',*,*,#4647,.T.);
#4734 = ORIENTED_EDGE('',*,*,#4735,.T.);
#4735 = EDGE_CURVE('',#4530,#4736,#4738,.T.);
#4736 = VERTEX_POINT('',#4737);
#4737 = CARTESIAN_POINT('',(4.6685,0.,5.));
#4738 = SEAM_CURVE('',#4739,(#4743,#4750),.PCURVE_S1.);
#4739 = LINE('',#4740,#4741);
#4740 = CARTESIAN_POINT('',(4.6659,0.,4.75));
#4741 = VECTOR('',#4742,1.);
#4742 = DIRECTION('',(1.039943761362E-02,0.,0.999945924387));
#4743 = PCURVE('',#4662,#4744);
#4744 = DEFINITIONAL_REPRESENTATION('',(#4745),#4749);
#4745 = LINE('',#4746,#4747);
#4746 = CARTESIAN_POINT('',(0.,0.));
#4747 = VECTOR('',#4748,1.);
#4748 = DIRECTION('',(0.,1.));
#4749 = ( GEOMETRIC_REPRESENTATION_CONTEXT(2) 
PARAMETRIC_REPRESENTATION_CONTEXT() REPRESENTATION_CONTEXT('2D SPACE',''
  ) );
#4750 = PCURVE('',#4662,#4751);
#4751 = DEFINITIONAL_REPRESENTATION('',(#4752),#4756);
#4752 = LINE('',#4753,#4754);
#4753 = CARTESIAN_POINT('',(6.28318530718,0.));
#4754 = VECTOR('',#4755,1.);
#4755 = DIRECTION('',(0.,1.));
#4756 = ( GEOMETRIC_REPRESENTATION_CONTEXT(2) 
PARAMETRIC_REPRESENTATION_CONTEXT() REPRESENTATION_CONTEXT('2D SPACE',''
  ) );
#4757 = ORIENTED_EDGE('',*,*,#4758,.F.);
#4758 = EDGE_CURVE('',#4736,#4736,#4759,.T.);
#4759 = SURFACE_CURVE('',#4760,(#4765,#4772),.PCURVE_S1.);
#4760 = CIRCLE('',#4761,4.6685);
#4761 = AXIS2_PLACEMENT_3D('',#4762,#4763,#4764);
#4762 = CARTESIAN_POINT('',(0.,0.,5.));
#4763 = DIRECTION('',(0.,0.,1.));
#4764 = DIRECTION('',(1.,0.,-0.));
#4765 = PCURVE('',#4662,#4766);
#4766 = DEFINITIONAL_REPRESENTATION('',(#4767),#4771);
#4767 = LINE('',#4768,#4769);
#4768 = CARTESIAN_POINT('',(0.,0.25));
#4769 = VECTOR('',#4770,1.);
#4770 = DIRECTION('',(1.,0.));
#4771 = ( GEOMETRIC_REPRESENTATION_CONTEXT(2) 
PARAMETRIC_REPRESENTATION_CONTEXT() REPRESENTATION_CONTEXT('2D SPACE',''
  ) );
#4772 = PCURVE('',#4773,#4778);
#4773 = CONICAL_SURFACE('',#4774,4.6685,2.159664170806E-02);
#4774 = AXIS2_PLACEMENT_3D('',#4775,#4776,#4777);
#4775 = CARTESIAN_POINT('',(0.,0.,5.));
#4776 = DIRECTION('',(0.,0.,1.));
#4777 = DIRECTION('',(1.,0.,-0.));
#4778 = DEFINITIONAL_REPRESENTATION('',(#4779),#4783);
#4779 = LINE('',#4780,#4781);
#4780 = CARTESIAN_POINT('',(0.,0.));
#4781 = VECTOR('',#4782,1.);
#4782 = DIRECTION('',(1.,0.));
#4783 = ( GEOMETRIC_REPRESENTATION_CONTEXT(2) 
PARAMETRIC_REPRESENTATION_CONTEXT() REPRESENTATION_CONTEXT('2D SPACE',''
  ) );
#4784 = ORIENTED_EDGE('',*,*,#4735,.F.);
#4785 = ADVANCED_FACE('',(#4786),#4719,.T.);
#4786 = FACE_BOUND('',#4787,.T.);
#4787 = EDGE_LOOP('',(#4788,#4789,#4812,#4839));
#4788 = ORIENTED_EDGE('',*,*,#4704,.T.);
#4789 = ORIENTED_EDGE('',*,*,#4790,.T.);
#4790 = EDGE_CURVE('',#4678,#4791,#4793,.T.);
#4791 = VERTEX_POINT('',#4792);
#4792 = CARTESIAN_POINT('',(4.6834,5.,5.551115123126E-16));
#4793 = SEAM_CURVE('',#4794,(#4798,#4805),.PCURVE_S1.);
#4794 = LINE('',#4795,#4796);
#4795 = CARTESIAN_POINT('',(4.6793,4.75,5.273559366969E-16));
#4796 = VECTOR('',#4797,1.);
#4797 = DIRECTION('',(1.639779497279E-02,0.999865547121,
    1.110073751943E-16));
#4798 = PCURVE('',#4719,#4799);
#4799 = DEFINITIONAL_REPRESENTATION('',(#4800),#4804);
#4800 = LINE('',#4801,#4802);
#4801 = CARTESIAN_POINT('',(0.,0.));
#4802 = VECTOR('',#4803,1.);
#4803 = DIRECTION('',(0.,1.));
#4804 = ( GEOMETRIC_REPRESENTATION_CONTEXT(2) 
PARAMETRIC_REPRESENTATION_CONTEXT() REPRESENTATION_CONTEXT('2D SPACE',''
  ) );
#4805 = PCURVE('',#4719,#4806);
#4806 = DEFINITIONAL_REPRESENTATION('',(#4807),#4811);
#4807 = LINE('',#4808,#4809);
#4808 = CARTESIAN_POINT('',(6.28318530718,0.));
#4809 = VECTOR('',#4810,1.);
#4810 = DIRECTION('',(0.,1.));
#4811 = ( GEOMETRIC_REPRESENTATION_CONTEXT(2) 
PARAMETRIC_REPRESENTATION_CONTEXT() REPRESENTATION_CONTEXT('2D SPACE',''
  ) );
#4812 = ORIENTED_EDGE('',*,*,#4813,.F.);
#4813 = EDGE_CURVE('',#4791,#4791,#4814,.T.);
#4814 = SURFACE_CURVE('',#4815,(#4820,#4827),.PCURVE_S1.);
#4815 = CIRCLE('',#4816,4.6834);
#4816 = AXIS2_PLACEMENT_3D('',#4817,#4818,#4819);
#4817 = CARTESIAN_POINT('',(0.,5.,5.551115123126E-16));
#4818 = DIRECTION('',(-0.,1.,1.110223024625E-16));
#4819 = DIRECTION('',(1.,0.,0.));
#4820 = PCURVE('',#4719,#4821);
#4821 = DEFINITIONAL_REPRESENTATION('',(#4822),#4826);
#4822 = LINE('',#4823,#4824);
#4823 = CARTESIAN_POINT('',(0.,0.25));
#4824 = VECTOR('',#4825,1.);
#4825 = DIRECTION('',(1.,0.));
#4826 = ( GEOMETRIC_REPRESENTATION_CONTEXT(2) 
PARAMETRIC_REPRESENTATION_CONTEXT() REPRESENTATION_CONTEXT('2D SPACE',''
  ) );
#4827 = PCURVE('',#4828,#4833);
#4828 = CONICAL_SURFACE('',#4829,4.6834,2.759299500939E-02);
#4829 = AXIS2_PLACEMENT_3D('',#4830,#4831,#4832);
#4830 = CARTESIAN_POINT('',(0.,5.,5.551115123126E-16));
#4831 = DIRECTION('',(0.,1.,1.110223024625E-16));
#4832 = DIRECTION('',(1.,0.,0.));
#4833 = DEFINITIONAL_REPRESENTATION('',(#4834),#4838);
#4834 = LINE('',#4835,#4836);
#4835 = CARTESIAN_POINT('',(0.,0.));
#4836 = VECTOR('',#4837,1.);
#4837 = DIRECTION('',(1.,0.));
#4838 = ( GEOMETRIC_REPRESENTATION_CONTEXT(2) 
PARAMETRIC_REPRESENTATION_CONTEXT() REPRESENTATION_CONTEXT('2D SPACE',''
  ) );
#4839 = ORIENTED_EDGE('',*,*,#4790,.F.);
#4840 = ADVANCED_FACE('',(#4841),#4773,.T.);
#4841 = FACE_BOUND('',#4842,.T.);
#4842 = EDGE_LOOP('',(#4843,#4844,#4867,#4894));
#4843 = ORIENTED_EDGE('',*,*,#4758,.T.);
#4844 = ORIENTED_EDGE('',*,*,#4845,.T.);
#4845 = EDGE_CURVE('',#4736,#4846,#4848,.T.);
#4846 = VERTEX_POINT('',#4847);
#4847 = CARTESIAN_POINT('',(4.6739,0.,5.25));
#4848 = SEAM_CURVE('',#4849,(#4853,#4860),.PCURVE_S1.);
#4849 = LINE('',#4850,#4851);
#4850 = CARTESIAN_POINT('',(4.6685,0.,5.));
#4851 = VECTOR('',#4852,1.);
#4852 = DIRECTION('',(2.159496291451E-02,0.,0.999766801598));
#4853 = PCURVE('',#4773,#4854);
#4854 = DEFINITIONAL_REPRESENTATION('',(#4855),#4859);
#4855 = LINE('',#4856,#4857);
#4856 = CARTESIAN_POINT('',(0.,0.));
#4857 = VECTOR('',#4858,1.);
#4858 = DIRECTION('',(0.,1.));
#4859 = ( GEOMETRIC_REPRESENTATION_CONTEXT(2) 
PARAMETRIC_REPRESENTATION_CONTEXT() REPRESENTATION_CONTEXT('2D SPACE',''
  ) );
#4860 = PCURVE('',#4773,#4861);
#4861 = DEFINITIONAL_REPRESENTATION('',(#4862),#4866);
#4862 = LINE('',#4863,#4864);
#4863 = CARTESIAN_POINT('',(6.28318530718,0.));
#4864 = VECTOR('',#4865,1.);
#4865 = DIRECTION('',(0.,1.));
#4866 = ( GEOMETRIC_REPRESENTATION_CONTEXT(2) 
PARAMETRIC_REPRESENTATION_CONTEXT() REPRESENTATION_CONTEXT('2D SPACE',''
  ) );
#4867 = ORIENTED_EDGE('',*,*,#4868,.F.);
#4868 = EDGE_CURVE('',#4846,#4846,#4869,.T.);
#4869 = SURFACE_CURVE('',#4870,(#4875,#4882),.PCURVE_S1.);
#4870 = CIRCLE('',#4871,4.6739);
#4871 = AXIS2_PLACEMENT_3D('',#4872,#4873,#4874);
#4872 = CARTESIAN_POINT('',(0.,0.,5.25));
#4873 = DIRECTION('',(0.,0.,1.));
#4874 = DIRECTION('',(1.,0.,-0.));
#4875 = PCURVE('',#4773,#4876);
#4876 = DEFINITIONAL_REPRESENTATION('',(#4877),#4881);
#4877 = LINE('',#4878,#4879);
#4878 = CARTESIAN_POINT('',(0.,0.25));
#4879 = VECTOR('',#4880,1.);
#4880 = DIRECTION('',(1.,0.));
#4881 = ( GEOMETRIC_REPRESENTATION_CONTEXT(2) 
PARAMETRIC_REPRESENTATION_CONTEXT() REPRESENTATION_CONTEXT('2D SPACE',''
  ) );
#4882 = PCURVE('',#4883,#4888);
#4883 = CONICAL_SURFACE('',#4884,4.6739,2.279605044781E-02);
#4884 = AXIS2_PLACEMENT_3D('',#4885,#4886,#4887);
#4885 = CARTESIAN_POINT('',(0.,0.,5.25));
#4886 = DIRECTION('',(0.,0.,1.));
#4887 = DIRECTION('',(1.,0.,-0.));
#4888 = DEFINITIONAL_REPRESENTATION('',(#4889),#4893);
#4889 = LINE('',#4890,#4891);
#4890 = CARTESIAN_POINT('',(0.,0.));
#4891 = VECTOR('',#4892,1.);
#4892 = DIRECTION('',(1.,0.));
#4893 = ( GEOMETRIC_REPRESENTATION_CONTEXT(2) 
PARAMETRIC_REPRESENTATION_CONTEXT() REPRESENTATION_CONTEXT('2D SPACE',''
  ) );
#4894 = ORIENTED_EDGE('',*,*,#4845,.F.);
#4895 = ADVANCED_FACE('',(#4896),#4828,.T.);
#4896 = FACE_BOUND('',#4897,.T.);
#4897 = EDGE_LOOP('',(#4898,#4899,#4922,#4949));
#4898 = ORIENTED_EDGE('',*,*,#4813,.T.);
#4899 = ORIENTED_EDGE('',*,*,#4900,.T.);
#4900 = EDGE_CURVE('',#4791,#4901,#4903,.T.);
#4901 = VERTEX_POINT('',#4902);
#4902 = CARTESIAN_POINT('',(4.6903,5.25,5.828670879282E-16));
#4903 = SEAM_CURVE('',#4904,(#4908,#4915),.PCURVE_S1.);
#4904 = LINE('',#4905,#4906);
#4905 = CARTESIAN_POINT('',(4.6834,5.,5.551115123126E-16));
#4906 = VECTOR('',#4907,1.);
#4907 = DIRECTION('',(2.758949371407E-02,0.999619337466,
    1.109800404316E-16));
#4908 = PCURVE('',#4828,#4909);
#4909 = DEFINITIONAL_REPRESENTATION('',(#4910),#4914);
#4910 = LINE('',#4911,#4912);
#4911 = CARTESIAN_POINT('',(0.,0.));
#4912 = VECTOR('',#4913,1.);
#4913 = DIRECTION('',(0.,1.));
#4914 = ( GEOMETRIC_REPRESENTATION_CONTEXT(2) 
PARAMETRIC_REPRESENTATION_CONTEXT() REPRESENTATION_CONTEXT('2D SPACE',''
  ) );
#4915 = PCURVE('',#4828,#4916);
#4916 = DEFINITIONAL_REPRESENTATION('',(#4917),#4921);
#4917 = LINE('',#4918,#4919);
#4918 = CARTESIAN_POINT('',(6.28318530718,0.));
#4919 = VECTOR('',#4920,1.);
#4920 = DIRECTION('',(0.,1.));
#4921 = ( GEOMETRIC_REPRESENTATION_CONTEXT(2) 
PARAMETRIC_REPRESENTATION_CONTEXT() REPRESENTATION_CONTEXT('2D SPACE',''
  ) );
#4922 = ORIENTED_EDGE('',*,*,#4923,.F.);
#4923 = EDGE_CURVE('',#4901,#4901,#4924,.T.);
#4924 = SURFACE_CURVE('',#4925,(#4930,#4937),.PCURVE_S1.);
#4925 = CIRCLE('',#4926,4.6903);
#4926 = AXIS2_PLACEMENT_3D('',#4927,#4928,#4929);
#4927 = CARTESIAN_POINT('',(0.,5.25,5.828670879282E-16));
#4928 = DIRECTION('',(-0.,1.,1.110223024625E-16));
#4929 = DIRECTION('',(1.,0.,0.));
#4930 = PCURVE('',#4828,#4931);
#4931 = DEFINITIONAL_REPRESENTATION('',(#4932),#4936);
#4932 = LINE('',#4933,#4934);
#4933 = CARTESIAN_POINT('',(0.,0.25));
#4934 = VECTOR('',#4935,1.);
#4935 = DIRECTION('',(1.,0.));
#4936 = ( GEOMETRIC_REPRESENTATION_CONTEXT(2) 
PARAMETRIC_REPRESENTATION_CONTEXT() REPRESENTATION_CONTEXT('2D SPACE',''
  ) );
#4937 = PCURVE('',#4938,#4943);
#4938 = CONICAL_SURFACE('',#4939,4.6903,2.879204133637E-02);
#4939 = AXIS2_PLACEMENT_3D('',#4940,#4941,#4942);
#4940 = CARTESIAN_POINT('',(0.,5.25,5.828670879282E-16));
#4941 = DIRECTION('',(0.,1.,1.110223024625E-16));
#4942 = DIRECTION('',(1.,0.,0.));
#4943 = DEFINITIONAL_REPRESENTATION('',(#4944),#4948);
#4944 = LINE('',#4945,#4946);
#4945 = CARTESIAN_POINT('',(0.,0.));
#4946 = VECTOR('',#4947,1.);
#4947 = DIRECTION('',(1.,0.));
#4948 = ( GEOMETRIC_REPRESENTATION_CONTEXT(2) 
PARAMETRIC_REPRESENTATION_CONTEXT() REPRESENTATION_CONTEXT('2D SPACE',''
  ) );
#4949 = ORIENTED_EDGE('',*,*,#4900,.F.);
#4950 = ADVANCED_FACE('',(#4951),#4883,.T.);
#4951 = FACE_BOUND('',#4952,.T.);
#4952 = EDGE_LOOP('',(#4953,#4954,#4977,#5004));
#4953 = ORIENTED_EDGE('',*,*,#4868,.T.);
#4954 = ORIENTED_EDGE('',*,*,#4955,.T.);
#4955 = EDGE_CURVE('',#4846,#4956,#4958,.T.);
#4956 = VERTEX_POINT('',#4957);
#4957 = CARTESIAN_POINT('',(4.6796,0.,5.5));
#4958 = SEAM_CURVE('',#4959,(#4963,#4970),.PCURVE_S1.);
#4959 = LINE('',#4960,#4961);
#4960 = CARTESIAN_POINT('',(4.6739,0.,5.25));
#4961 = VECTOR('',#4962,1.);
#4962 = DIRECTION('',(2.27940761335E-02,0.,0.999740181294));
#4963 = PCURVE('',#4883,#4964);
#4964 = DEFINITIONAL_REPRESENTATION('',(#4965),#4969);
#4965 = LINE('',#4966,#4967);
#4966 = CARTESIAN_POINT('',(0.,0.));
#4967 = VECTOR('',#4968,1.);
#4968 = DIRECTION('',(0.,1.));
#4969 = ( GEOMETRIC_REPRESENTATION_CONTEXT(2) 
PARAMETRIC_REPRESENTATION_CONTEXT() REPRESENTATION_CONTEXT('2D SPACE',''
  ) );
#4970 = PCURVE('',#4883,#4971);
#4971 = DEFINITIONAL_REPRESENTATION('',(#4972),#4976);
#4972 = LINE('',#4973,#4974);
#4973 = CARTESIAN_POINT('',(6.28318530718,0.));
#4974 = VECTOR('',#4975,1.);
#4975 = DIRECTION('',(0.,1.));
#4976 = ( GEOMETRIC_REPRESENTATION_CONTEXT(2) 
PARAMETRIC_REPRESENTATION_CONTEXT() REPRESENTATION_CONTEXT('2D SPACE',''
  ) );
#4977 = ORIENTED_EDGE('',*,*,#4978,.F.);
#4978 = EDGE_CURVE('',#4956,#4956,#4979,.T.);
#4979 = SURFACE_CURVE('',#4980,(#4985,#4992),.PCURVE_S1.);
#4980 = CIRCLE('',#4981,4.6796);
#4981 = AXIS2_PLACEMENT_3D('',#4982,#4983,#4984);
#4982 = CARTESIAN_POINT('',(0.,0.,5.5));
#4983 = DIRECTION('',(0.,0.,1.));
#4984 = DIRECTION('',(1.,0.,-0.));
#4985 = PCURVE('',#4883,#4986);
#4986 = DEFINITIONAL_REPRESENTATION('',(#4987),#4991);
#4987 = LINE('',#4988,#4989);
#4988 = CARTESIAN_POINT('',(0.,0.25));
#4989 = VECTOR('',#4990,1.);
#4990 = DIRECTION('',(1.,0.));
#4991 = ( GEOMETRIC_REPRESENTATION_CONTEXT(2) 
PARAMETRIC_REPRESENTATION_CONTEXT() REPRESENTATION_CONTEXT('2D SPACE',''
  ) );
#4992 = PCURVE('',#4993,#4998);
#4993 = CONICAL_SURFACE('',#4994,4.6796,7.599853679738E-03);
#4994 = AXIS2_PLACEMENT_3D('',#4995,#4996,#4997);
#4995 = CARTESIAN_POINT('',(0.,0.,5.5));
#4996 = DIRECTION('',(0.,0.,1.));
#4997 = DIRECTION('',(1.,0.,-0.));
#4998 = DEFINITIONAL_REPRESENTATION('',(#4999),#5003);
#4999 = LINE('',#5000,#5001);
#5000 = CARTESIAN_POINT('',(0.,0.));
#5001 = VECTOR('',#5002,1.);
#5002 = DIRECTION('',(1.,0.));
#5003 = ( GEOMETRIC_REPRESENTATION_CONTEXT(2) 
PARAMETRIC_REPRESENTATION_CONTEXT() REPRESENTATION_CONTEXT('2D SPACE',''
  ) );
#5004 = ORIENTED_EDGE('',*,*,#4955,.F.);
#5005 = ADVANCED_FACE('',(#5006),#4938,.T.);
#5006 = FACE_BOUND('',#5007,.T.);
#5007 = EDGE_LOOP('',(#5008,#5009,#5032,#5059));
#5008 = ORIENTED_EDGE('',*,*,#4923,.T.);
#5009 = ORIENTED_EDGE('',*,*,#5010,.T.);
#5010 = EDGE_CURVE('',#4901,#5011,#5013,.T.);
#5011 = VERTEX_POINT('',#5012);
#5012 = CARTESIAN_POINT('',(4.6975,5.5,6.106226635438E-16));
#5013 = SEAM_CURVE('',#5014,(#5018,#5025),.PCURVE_S1.);
#5014 = LINE('',#5015,#5016);
#5015 = CARTESIAN_POINT('',(4.6903,5.25,5.828670879282E-16));
#5016 = VECTOR('',#5017,1.);
#5017 = DIRECTION('',(2.878806348895E-02,0.999585537811,
    1.10976287916E-16));
#5018 = PCURVE('',#4938,#5019);
#5019 = DEFINITIONAL_REPRESENTATION('',(#5020),#5024);
#5020 = LINE('',#5021,#5022);
#5021 = CARTESIAN_POINT('',(0.,0.));
#5022 = VECTOR('',#5023,1.);
#5023 = DIRECTION('',(0.,1.));
#5024 = ( GEOMETRIC_REPRESENTATION_CONTEXT(2) 
PARAMETRIC_REPRESENTATION_CONTEXT() REPRESENTATION_CONTEXT('2D SPACE',''
  ) );
#5025 = PCURVE('',#4938,#5026);
#5026 = DEFINITIONAL_REPRESENTATION('',(#5027),#5031);
#5027 = LINE('',#5028,#5029);
#5028 = CARTESIAN_POINT('',(6.28318530718,0.));
#5029 = VECTOR('',#5030,1.);
#5030 = DIRECTION('',(0.,1.));
#5031 = ( GEOMETRIC_REPRESENTATION_CONTEXT(2) 
PARAMETRIC_REPRESENTATION_CONTEXT() REPRESENTATION_CONTEXT('2D SPACE',''
  ) );
#5032 = ORIENTED_EDGE('',*,*,#5033,.F.);
#5033 = EDGE_CURVE('',#5011,#5011,#5034,.T.);
#5034 = SURFACE_CURVE('',#5035,(#5040,#5047),.PCURVE_S1.);
#5035 = CIRCLE('',#5036,4.6975);
#5036 = AXIS2_PLACEMENT_3D('',#5037,#5038,#5039);
#5037 = CARTESIAN_POINT('',(0.,5.5,6.106226635438E-16));
#5038 = DIRECTION('',(-0.,1.,1.110223024625E-16));
#5039 = DIRECTION('',(1.,0.,0.));
#5040 = PCURVE('',#4938,#5041);
#5041 = DEFINITIONAL_REPRESENTATION('',(#5042),#5046);
#5042 = LINE('',#5043,#5044);
#5043 = CARTESIAN_POINT('',(0.,0.25));
#5044 = VECTOR('',#5045,1.);
#5045 = DIRECTION('',(1.,0.));
#5046 = ( GEOMETRIC_REPRESENTATION_CONTEXT(2) 
PARAMETRIC_REPRESENTATION_CONTEXT() REPRESENTATION_CONTEXT('2D SPACE',''
  ) );
#5047 = PCURVE('',#5048,#5053);
#5048 = CONICAL_SURFACE('',#5049,4.6975,1.319923342414E-02);
#5049 = AXIS2_PLACEMENT_3D('',#5050,#5051,#5052);
#5050 = CARTESIAN_POINT('',(0.,5.5,6.106226635438E-16));
#5051 = DIRECTION('',(0.,1.,1.110223024625E-16));
#5052 = DIRECTION('',(1.,0.,0.));
#5053 = DEFINITIONAL_REPRESENTATION('',(#5054),#5058);
#5054 = LINE('',#5055,#5056);
#5055 = CARTESIAN_POINT('',(0.,0.));
#5056 = VECTOR('',#5057,1.);
#5057 = DIRECTION('',(1.,0.));
#5058 = ( GEOMETRIC_REPRESENTATION_CONTEXT(2) 
PARAMETRIC_REPRESENTATION_CONTEXT() REPRESENTATION_CONTEXT('2D SPACE',''
  ) );
#5059 = ORIENTED_EDGE('',*,*,#5010,.F.);
#5060 = ADVANCED_FACE('',(#5061),#4993,.T.);
#5061 = FACE_BOUND('',#5062,.T.);
#5062 = EDGE_LOOP('',(#5063,#5064,#5087,#5114));
#5063 = ORIENTED_EDGE('',*,*,#4978,.T.);
#5064 = ORIENTED_EDGE('',*,*,#5065,.T.);
#5065 = EDGE_CURVE('',#4956,#5066,#5068,.T.);
#5066 = VERTEX_POINT('',#5067);
#5067 = CARTESIAN_POINT('',(4.6815,0.,5.75));
#5068 = SEAM_CURVE('',#5069,(#5073,#5080),.PCURVE_S1.);
#5069 = LINE('',#5070,#5071);
#5070 = CARTESIAN_POINT('',(4.6796,0.,5.5));
#5071 = VECTOR('',#5072,1.);
#5072 = DIRECTION('',(7.599780521508E-03,0.,0.999971121251));
#5073 = PCURVE('',#4993,#5074);
#5074 = DEFINITIONAL_REPRESENTATION('',(#5075),#5079);
#5075 = LINE('',#5076,#5077);
#5076 = CARTESIAN_POINT('',(0.,0.));
#5077 = VECTOR('',#5078,1.);
#5078 = DIRECTION('',(0.,1.));
#5079 = ( GEOMETRIC_REPRESENTATION_CONTEXT(2) 
PARAMETRIC_REPRESENTATION_CONTEXT() REPRESENTATION_CONTEXT('2D SPACE',''
  ) );
#5080 = PCURVE('',#4993,#5081);
#5081 = DEFINITIONAL_REPRESENTATION('',(#5082),#5086);
#5082 = LINE('',#5083,#5084);
#5083 = CARTESIAN_POINT('',(6.28318530718,0.));
#5084 = VECTOR('',#5085,1.);
#5085 = DIRECTION('',(0.,1.));
#5086 = ( GEOMETRIC_REPRESENTATION_CONTEXT(2) 
PARAMETRIC_REPRESENTATION_CONTEXT() REPRESENTATION_CONTEXT('2D SPACE',''
  ) );
#5087 = ORIENTED_EDGE('',*,*,#5088,.F.);
#5088 = EDGE_CURVE('',#5066,#5066,#5089,.T.);
#5089 = SURFACE_CURVE('',#5090,(#5095,#5102),.PCURVE_S1.);
#5090 = CIRCLE('',#5091,4.6815);
#5091 = AXIS2_PLACEMENT_3D('',#5092,#5093,#5094);
#5092 = CARTESIAN_POINT('',(0.,0.,5.75));
#5093 = DIRECTION('',(0.,0.,1.));
#5094 = DIRECTION('',(1.,0.,-0.));
#5095 = PCURVE('',#4993,#5096);
#5096 = DEFINITIONAL_REPRESENTATION('',(#5097),#5101);
#5097 = LINE('',#5098,#5099);
#5098 = CARTESIAN_POINT('',(0.,0.25));
#5099 = VECTOR('',#5100,1.);
#5100 = DIRECTION('',(1.,0.));
#5101 = ( GEOMETRIC_REPRESENTATION_CONTEXT(2) 
PARAMETRIC_REPRESENTATION_CONTEXT() REPRESENTATION_CONTEXT('2D SPACE',''
  ) );
#5102 = PCURVE('',#5103,#5108);
#5103 = CONICAL_SURFACE('',#5104,4.6815,9.599705104309E-03);
#5104 = AXIS2_PLACEMENT_3D('',#5105,#5106,#5107);
#5105 = CARTESIAN_POINT('',(0.,0.,5.75));
#5106 = DIRECTION('',(0.,0.,1.));
#5107 = DIRECTION('',(1.,0.,-0.));
#5108 = DEFINITIONAL_REPRESENTATION('',(#5109),#5113);
#5109 = LINE('',#5110,#5111);
#5110 = CARTESIAN_POINT('',(0.,0.));
#5111 = VECTOR('',#5112,1.);
#5112 = DIRECTION('',(1.,0.));
#5113 = ( GEOMETRIC_REPRESENTATION_CONTEXT(2) 
PARAMETRIC_REPRESENTATION_CONTEXT() REPRESENTATION_CONTEXT('2D SPACE',''
  ) );
#5114 = ORIENTED_EDGE('',*,*,#5065,.F.);
#5115 = ADVANCED_FACE('',(#5116),#5048,.T.);
#5116 = FACE_BOUND('',#5117,.T.);
#5117 = EDGE_LOOP('',(#5118,#5119,#5142,#5169));
#5118 = ORIENTED_EDGE('',*,*,#5033,.T.);
#5119 = ORIENTED_EDGE('',*,*,#5120,.T.);
#5120 = EDGE_CURVE('',#5011,#5121,#5123,.T.);
#5121 = VERTEX_POINT('',#5122);
#5122 = CARTESIAN_POINT('',(4.7008,5.75,6.383782391595E-16));
#5123 = SEAM_CURVE('',#5124,(#5128,#5135),.PCURVE_S1.);
#5124 = LINE('',#5125,#5126);
#5125 = CARTESIAN_POINT('',(4.6975,5.5,6.106226635438E-16));
#5126 = VECTOR('',#5127,1.);
#5127 = DIRECTION('',(1.319885016626E-02,0.999912891383,
    1.110126314633E-16));
#5128 = PCURVE('',#5048,#5129);
#5129 = DEFINITIONAL_REPRESENTATION('',(#5130),#5134);
#5130 = LINE('',#5131,#5132);
#5131 = CARTESIAN_POINT('',(0.,0.));
#5132 = VECTOR('',#5133,1.);
#5133 = DIRECTION('',(0.,1.));
#5134 = ( GEOMETRIC_REPRESENTATION_CONTEXT(2) 
PARAMETRIC_REPRESENTATION_CONTEXT() REPRESENTATION_CONTEXT('2D SPACE',''
  ) );
#5135 = PCURVE('',#5048,#5136);
#5136 = DEFINITIONAL_REPRESENTATION('',(#5137),#5141);
#5137 = LINE('',#5138,#5139);
#5138 = CARTESIAN_POINT('',(6.28318530718,0.));
#5139 = VECTOR('',#5140,1.);
#5140 = DIRECTION('',(0.,1.));
#5141 = ( GEOMETRIC_REPRESENTATION_CONTEXT(2) 
PARAMETRIC_REPRESENTATION_CONTEXT() REPRESENTATION_CONTEXT('2D SPACE',''
  ) );
#5142 = ORIENTED_EDGE('',*,*,#5143,.F.);
#5143 = EDGE_CURVE('',#5121,#5121,#5144,.T.);
#5144 = SURFACE_CURVE('',#5145,(#5150,#5157),.PCURVE_S1.);
#5145 = CIRCLE('',#5146,4.7008);
#5146 = AXIS2_PLACEMENT_3D('',#5147,#5148,#5149);
#5147 = CARTESIAN_POINT('',(0.,5.75,6.383782391595E-16));
#5148 = DIRECTION('',(-0.,1.,1.110223024625E-16));
#5149 = DIRECTION('',(1.,0.,0.));
#5150 = PCURVE('',#5048,#5151);
#5151 = DEFINITIONAL_REPRESENTATION('',(#5152),#5156);
#5152 = LINE('',#5153,#5154);
#5153 = CARTESIAN_POINT('',(0.,0.25));
#5154 = VECTOR('',#5155,1.);
#5155 = DIRECTION('',(1.,0.));
#5156 = ( GEOMETRIC_REPRESENTATION_CONTEXT(2) 
PARAMETRIC_REPRESENTATION_CONTEXT() REPRESENTATION_CONTEXT('2D SPACE',''
  ) );
#5157 = PCURVE('',#5158,#5163);
#5158 = CONICAL_SURFACE('',#5159,4.7008,1.559873471275E-02);
#5159 = AXIS2_PLACEMENT_3D('',#5160,#5161,#5162);
#5160 = CARTESIAN_POINT('',(0.,5.75,6.383782391595E-16));
#5161 = DIRECTION('',(0.,1.,1.110223024625E-16));
#5162 = DIRECTION('',(1.,0.,0.));
#5163 = DEFINITIONAL_REPRESENTATION('',(#5164),#5168);
#5164 = LINE('',#5165,#5166);
#5165 = CARTESIAN_POINT('',(0.,0.));
#5166 = VECTOR('',#5167,1.);
#5167 = DIRECTION('',(1.,0.));
#5168 = ( GEOMETRIC_REPRESENTATION_CONTEXT(2) 
PARAMETRIC_REPRESENTATION_CONTEXT() REPRESENTATION_CONTEXT('2D SPACE',''
  ) );
#5169 = ORIENTED_EDGE('',*,*,#5120,.F.);
#5170 = ADVANCED_FACE('',(#5171),#5103,.T.);
#5171 = FACE_BOUND('',#5172,.T.);
#5172 = EDGE_LOOP('',(#5173,#5174,#5197,#5224));
#5173 = ORIENTED_EDGE('',*,*,#5088,.T.);
#5174 = ORIENTED_EDGE('',*,*,#5175,.T.);
#5175 = EDGE_CURVE('',#5066,#5176,#5178,.T.);
#5176 = VERTEX_POINT('',#5177);
#5177 = CARTESIAN_POINT('',(4.6839,0.,6.));
#5178 = SEAM_CURVE('',#5179,(#5183,#5190),.PCURVE_S1.);
#5179 = LINE('',#5180,#5181);
#5180 = CARTESIAN_POINT('',(4.6815,0.,5.75));
#5181 = VECTOR('',#5182,1.);
#5182 = DIRECTION('',(9.599557662577E-03,0.,0.999953923185));
#5183 = PCURVE('',#5103,#5184);
#5184 = DEFINITIONAL_REPRESENTATION('',(#5185),#5189);
#5185 = LINE('',#5186,#5187);
#5186 = CARTESIAN_POINT('',(0.,0.));
#5187 = VECTOR('',#5188,1.);
#5188 = DIRECTION('',(0.,1.));
#5189 = ( GEOMETRIC_REPRESENTATION_CONTEXT(2) 
PARAMETRIC_REPRESENTATION_CONTEXT() REPRESENTATION_CONTEXT('2D SPACE',''
  ) );
#5190 = PCURVE('',#5103,#5191);
#5191 = DEFINITIONAL_REPRESENTATION('',(#5192),#5196);
#5192 = LINE('',#5193,#5194);
#5193 = CARTESIAN_POINT('',(6.28318530718,0.));
#5194 = VECTOR('',#5195,1.);
#5195 = DIRECTION('',(0.,1.));
#5196 = ( GEOMETRIC_REPRESENTATION_CONTEXT(2) 
PARAMETRIC_REPRESENTATION_CONTEXT() REPRESENTATION_CONTEXT('2D SPACE',''
  ) );
#5197 = ORIENTED_EDGE('',*,*,#5198,.F.);
#5198 = EDGE_CURVE('',#5176,#5176,#5199,.T.);
#5199 = SURFACE_CURVE('',#5200,(#5205,#5212),.PCURVE_S1.);
#5200 = CIRCLE('',#5201,4.6839);
#5201 = AXIS2_PLACEMENT_3D('',#5202,#5203,#5204);
#5202 = CARTESIAN_POINT('',(0.,0.,6.));
#5203 = DIRECTION('',(0.,0.,1.));
#5204 = DIRECTION('',(1.,0.,-0.));
#5205 = PCURVE('',#5103,#5206);
#5206 = DEFINITIONAL_REPRESENTATION('',(#5207),#5211);
#5207 = LINE('',#5208,#5209);
#5208 = CARTESIAN_POINT('',(0.,0.25));
#5209 = VECTOR('',#5210,1.);
#5210 = DIRECTION('',(1.,0.));
#5211 = ( GEOMETRIC_REPRESENTATION_CONTEXT(2) 
PARAMETRIC_REPRESENTATION_CONTEXT() REPRESENTATION_CONTEXT('2D SPACE',''
  ) );
#5212 = PCURVE('',#5213,#5218);
#5213 = CONICAL_SURFACE('',#5214,4.6839,2.439515946766E-02);
#5214 = AXIS2_PLACEMENT_3D('',#5215,#5216,#5217);
#5215 = CARTESIAN_POINT('',(0.,0.,6.));
#5216 = DIRECTION('',(-0.,-0.,-1.));
#5217 = DIRECTION('',(1.,0.,-0.));
#5218 = DEFINITIONAL_REPRESENTATION('',(#5219),#5223);
#5219 = LINE('',#5220,#5221);
#5220 = CARTESIAN_POINT('',(-0.,-0.));
#5221 = VECTOR('',#5222,1.);
#5222 = DIRECTION('',(-1.,-0.));
#5223 = ( GEOMETRIC_REPRESENTATION_CONTEXT(2) 
PARAMETRIC_REPRESENTATION_CONTEXT() REPRESENTATION_CONTEXT('2D SPACE',''
  ) );
#5224 = ORIENTED_EDGE('',*,*,#5175,.F.);
#5225 = ADVANCED_FACE('',(#5226),#5158,.T.);
#5226 = FACE_BOUND('',#5227,.T.);
#5227 = EDGE_LOOP('',(#5228,#5229,#5252,#5279));
#5228 = ORIENTED_EDGE('',*,*,#5143,.T.);
#5229 = ORIENTED_EDGE('',*,*,#5230,.T.);
#5230 = EDGE_CURVE('',#5121,#5231,#5233,.T.);
#5231 = VERTEX_POINT('',#5232);
#5232 = CARTESIAN_POINT('',(4.7047,6.,6.661338147751E-16));
#5233 = SEAM_CURVE('',#5234,(#5238,#5245),.PCURVE_S1.);
#5234 = LINE('',#5235,#5236);
#5235 = CARTESIAN_POINT('',(4.7008,5.75,6.383782391595E-16));
#5236 = VECTOR('',#5237,1.);
#5237 = DIRECTION('',(1.559810213839E-02,0.999878342205,
    1.11008795734E-16));
#5238 = PCURVE('',#5158,#5239);
#5239 = DEFINITIONAL_REPRESENTATION('',(#5240),#5244);
#5240 = LINE('',#5241,#5242);
#5241 = CARTESIAN_POINT('',(0.,0.));
#5242 = VECTOR('',#5243,1.);
#5243 = DIRECTION('',(0.,1.));
#5244 = ( GEOMETRIC_REPRESENTATION_CONTEXT(2) 
PARAMETRIC_REPRESENTATION_CONTEXT() REPRESENTATION_CONTEXT('2D SPACE',''
  ) );
#5245 = PCURVE('',#5158,#5246);
#5246 = DEFINITIONAL_REPRESENTATION('',(#5247),#5251);
#5247 = LINE('',#5248,#5249);
#5248 = CARTESIAN_POINT('',(6.28318530718,0.));
#5249 = VECTOR('',#5250,1.);
#5250 = DIRECTION('',(0.,1.));
#5251 = ( GEOMETRIC_REPRESENTATION_CONTEXT(2) 
PARAMETRIC_REPRESENTATION_CONTEXT() REPRESENTATION_CONTEXT('2D SPACE',''
  ) );
#5252 = ORIENTED_EDGE('',*,*,#5253,.F.);
#5253 = EDGE_CURVE('',#5231,#5231,#5254,.T.);
#5254 = SURFACE_CURVE('',#5255,(#5260,#5267),.PCURVE_S1.);
#5255 = CIRCLE('',#5256,4.7047);
#5256 = AXIS2_PLACEMENT_3D('',#5257,#5258,#5259);
#5257 = CARTESIAN_POINT('',(0.,6.,6.661338147751E-16));
#5258 = DIRECTION('',(-0.,1.,1.110223024625E-16));
#5259 = DIRECTION('',(1.,0.,0.));
#5260 = PCURVE('',#5158,#5261);
#5261 = DEFINITIONAL_REPRESENTATION('',(#5262),#5266);
#5262 = LINE('',#5263,#5264);
#5263 = CARTESIAN_POINT('',(0.,0.25));
#5264 = VECTOR('',#5265,1.);
#5265 = DIRECTION('',(1.,0.));
#5266 = ( GEOMETRIC_REPRESENTATION_CONTEXT(2) 
PARAMETRIC_REPRESENTATION_CONTEXT() REPRESENTATION_CONTEXT('2D SPACE',''
  ) );
#5267 = PCURVE('',#5268,#5273);
#5268 = CONICAL_SURFACE('',#5269,4.7047,1.839792392038E-02);
#5269 = AXIS2_PLACEMENT_3D('',#5270,#5271,#5272);
#5270 = CARTESIAN_POINT('',(0.,6.,6.661338147751E-16));
#5271 = DIRECTION('',(-0.,-1.,-1.110223024625E-16));
#5272 = DIRECTION('',(1.,0.,0.));
#5273 = DEFINITIONAL_REPRESENTATION('',(#5274),#5278);
#5274 = LINE('',#5275,#5276);
#5275 = CARTESIAN_POINT('',(-0.,-0.));
#5276 = VECTOR('',#5277,1.);
#5277 = DIRECTION('',(-1.,-0.));
#5278 = ( GEOMETRIC_REPRESENTATION_CONTEXT(2) 
PARAMETRIC_REPRESENTATION_CONTEXT() REPRESENTATION_CONTEXT('2D SPACE',''
  ) );
#5279 = ORIENTED_EDGE('',*,*,#5230,.F.);
#5280 = ADVANCED_FACE('',(#5281),#5213,.T.);
#5281 = FACE_BOUND('',#5282,.T.);
#5282 = EDGE_LOOP('',(#5283,#5284,#5307,#5334));
#5283 = ORIENTED_EDGE('',*,*,#5198,.T.);
#5284 = ORIENTED_EDGE('',*,*,#5285,.T.);
#5285 = EDGE_CURVE('',#5176,#5286,#5288,.T.);
#5286 = VERTEX_POINT('',#5287);
#5287 = CARTESIAN_POINT('',(4.6778,0.,6.25));
#5288 = SEAM_CURVE('',#5289,(#5293,#5300),.PCURVE_S1.);
#5289 = LINE('',#5290,#5291);
#5290 = CARTESIAN_POINT('',(4.6839,0.,6.));
#5291 = VECTOR('',#5292,1.);
#5292 = DIRECTION('',(-2.439273984964E-02,0.,0.999702452854));
#5293 = PCURVE('',#5213,#5294);
#5294 = DEFINITIONAL_REPRESENTATION('',(#5295),#5299);
#5295 = LINE('',#5296,#5297);
#5296 = CARTESIAN_POINT('',(-0.,-0.));
#5297 = VECTOR('',#5298,1.);
#5298 = DIRECTION('',(-0.,-1.));
#5299 = ( GEOMETRIC_REPRESENTATION_CONTEXT(2) 
PARAMETRIC_REPRESENTATION_CONTEXT() REPRESENTATION_CONTEXT('2D SPACE',''
  ) );
#5300 = PCURVE('',#5213,#5301);
#5301 = DEFINITIONAL_REPRESENTATION('',(#5302),#5306);
#5302 = LINE('',#5303,#5304);
#5303 = CARTESIAN_POINT('',(-6.28318530718,-0.));
#5304 = VECTOR('',#5305,1.);
#5305 = DIRECTION('',(-0.,-1.));
#5306 = ( GEOMETRIC_REPRESENTATION_CONTEXT(2) 
PARAMETRIC_REPRESENTATION_CONTEXT() REPRESENTATION_CONTEXT('2D SPACE',''
  ) );
#5307 = ORIENTED_EDGE('',*,*,#5308,.F.);
#5308 = EDGE_CURVE('',#5286,#5286,#5309,.T.);
#5309 = SURFACE_CURVE('',#5310,(#5315,#5322),.PCURVE_S1.);
#5310 = CIRCLE('',#5311,4.6778);
#5311 = AXIS2_PLACEMENT_3D('',#5312,#5313,#5314);
#5312 = CARTESIAN_POINT('',(0.,0.,6.25));
#5313 = DIRECTION('',(0.,0.,1.));
#5314 = DIRECTION('',(1.,0.,-0.));
#5315 = PCURVE('',#5213,#5316);
#5316 = DEFINITIONAL_REPRESENTATION('',(#5317),#5321);
#5317 = LINE('',#5318,#5319);
#5318 = CARTESIAN_POINT('',(-0.,-0.25));
#5319 = VECTOR('',#5320,1.);
#5320 = DIRECTION('',(-1.,-0.));
#5321 = ( GEOMETRIC_REPRESENTATION_CONTEXT(2) 
PARAMETRIC_REPRESENTATION_CONTEXT() REPRESENTATION_CONTEXT('2D SPACE',''
  ) );
#5322 = PCURVE('',#5323,#5328);
#5323 = CONICAL_SURFACE('',#5324,4.6778,3.039064036799E-02);
#5324 = AXIS2_PLACEMENT_3D('',#5325,#5326,#5327);
#5325 = CARTESIAN_POINT('',(0.,0.,6.25));
#5326 = DIRECTION('',(0.,0.,1.));
#5327 = DIRECTION('',(1.,0.,-0.));
#5328 = DEFINITIONAL_REPRESENTATION('',(#5329),#5333);
#5329 = LINE('',#5330,#5331);
#5330 = CARTESIAN_POINT('',(0.,0.));
#5331 = VECTOR('',#5332,1.);
#5332 = DIRECTION('',(1.,0.));
#5333 = ( GEOMETRIC_REPRESENTATION_CONTEXT(2) 
PARAMETRIC_REPRESENTATION_CONTEXT() REPRESENTATION_CONTEXT('2D SPACE',''
  ) );
#5334 = ORIENTED_EDGE('',*,*,#5285,.F.);
#5335 = ADVANCED_FACE('',(#5336),#5268,.T.);
#5336 = FACE_BOUND('',#5337,.T.);
#5337 = EDGE_LOOP('',(#5338,#5339,#5362,#5389));
#5338 = ORIENTED_EDGE('',*,*,#5253,.T.);
#5339 = ORIENTED_EDGE('',*,*,#5340,.T.);
#5340 = EDGE_CURVE('',#5231,#5341,#5343,.T.);
#5341 = VERTEX_POINT('',#5342);
#5342 = CARTESIAN_POINT('',(4.7001,6.25,6.938893903907E-16));
#5343 = SEAM_CURVE('',#5344,(#5348,#5355),.PCURVE_S1.);
#5344 = LINE('',#5345,#5346);
#5345 = CARTESIAN_POINT('',(4.7047,6.,6.661338147751E-16));
#5346 = VECTOR('',#5347,1.);
#5347 = DIRECTION('',(-1.839688603867E-02,0.999830762971,
    1.110035133779E-16));
#5348 = PCURVE('',#5268,#5349);
#5349 = DEFINITIONAL_REPRESENTATION('',(#5350),#5354);
#5350 = LINE('',#5351,#5352);
#5351 = CARTESIAN_POINT('',(-0.,-0.));
#5352 = VECTOR('',#5353,1.);
#5353 = DIRECTION('',(-0.,-1.));
#5354 = ( GEOMETRIC_REPRESENTATION_CONTEXT(2) 
PARAMETRIC_REPRESENTATION_CONTEXT() REPRESENTATION_CONTEXT('2D SPACE',''
  ) );
#5355 = PCURVE('',#5268,#5356);
#5356 = DEFINITIONAL_REPRESENTATION('',(#5357),#5361);
#5357 = LINE('',#5358,#5359);
#5358 = CARTESIAN_POINT('',(-6.28318530718,-0.));
#5359 = VECTOR('',#5360,1.);
#5360 = DIRECTION('',(-0.,-1.));
#5361 = ( GEOMETRIC_REPRESENTATION_CONTEXT(2) 
PARAMETRIC_REPRESENTATION_CONTEXT() REPRESENTATION_CONTEXT('2D SPACE',''
  ) );
#5362 = ORIENTED_EDGE('',*,*,#5363,.F.);
#5363 = EDGE_CURVE('',#5341,#5341,#5364,.T.);
#5364 = SURFACE_CURVE('',#5365,(#5370,#5377),.PCURVE_S1.);
#5365 = CIRCLE('',#5366,4.7001);
#5366 = AXIS2_PLACEMENT_3D('',#5367,#5368,#5369);
#5367 = CARTESIAN_POINT('',(0.,6.25,6.938893903907E-16));
#5368 = DIRECTION('',(-0.,1.,1.110223024625E-16));
#5369 = DIRECTION('',(1.,0.,0.));
#5370 = PCURVE('',#5268,#5371);
#5371 = DEFINITIONAL_REPRESENTATION('',(#5372),#5376);
#5372 = LINE('',#5373,#5374);
#5373 = CARTESIAN_POINT('',(-0.,-0.25));
#5374 = VECTOR('',#5375,1.);
#5375 = DIRECTION('',(-1.,-0.));
#5376 = ( GEOMETRIC_REPRESENTATION_CONTEXT(2) 
PARAMETRIC_REPRESENTATION_CONTEXT() REPRESENTATION_CONTEXT('2D SPACE',''
  ) );
#5377 = PCURVE('',#5378,#5383);
#5378 = CONICAL_SURFACE('',#5379,4.7001,3.638393658676E-02);
#5379 = AXIS2_PLACEMENT_3D('',#5380,#5381,#5382);
#5380 = CARTESIAN_POINT('',(0.,6.25,6.938893903907E-16));
#5381 = DIRECTION('',(0.,1.,1.110223024625E-16));
#5382 = DIRECTION('',(1.,0.,0.));
#5383 = DEFINITIONAL_REPRESENTATION('',(#5384),#5388);
#5384 = LINE('',#5385,#5386);
#5385 = CARTESIAN_POINT('',(0.,0.));
#5386 = VECTOR('',#5387,1.);
#5387 = DIRECTION('',(1.,0.));
#5388 = ( GEOMETRIC_REPRESENTATION_CONTEXT(2) 
PARAMETRIC_REPRESENTATION_CONTEXT() REPRESENTATION_CONTEXT('2D SPACE',''
  ) );
#5389 = ORIENTED_EDGE('',*,*,#5340,.F.);
#5390 = ADVANCED_FACE('',(#5391),#5323,.T.);
#5391 = FACE_BOUND('',#5392,.T.);
#5392 = EDGE_LOOP('',(#5393,#5394,#5417,#5444));
#5393 = ORIENTED_EDGE('',*,*,#5308,.T.);
#5394 = ORIENTED_EDGE('',*,*,#5395,.T.);
#5395 = EDGE_CURVE('',#5286,#5396,#5398,.T.);
#5396 = VERTEX_POINT('',#5397);
#5397 = CARTESIAN_POINT('',(4.6854,0.,6.5));
#5398 = SEAM_CURVE('',#5399,(#5403,#5410),.PCURVE_S1.);
#5399 = LINE('',#5400,#5401);
#5400 = CARTESIAN_POINT('',(4.6778,0.,6.25));
#5401 = VECTOR('',#5402,1.);
#5402 = DIRECTION('',(3.038596249692E-02,0.,0.99953824003));
#5403 = PCURVE('',#5323,#5404);
#5404 = DEFINITIONAL_REPRESENTATION('',(#5405),#5409);
#5405 = LINE('',#5406,#5407);
#5406 = CARTESIAN_POINT('',(0.,0.));
#5407 = VECTOR('',#5408,1.);
#5408 = DIRECTION('',(0.,1.));
#5409 = ( GEOMETRIC_REPRESENTATION_CONTEXT(2) 
PARAMETRIC_REPRESENTATION_CONTEXT() REPRESENTATION_CONTEXT('2D SPACE',''
  ) );
#5410 = PCURVE('',#5323,#5411);
#5411 = DEFINITIONAL_REPRESENTATION('',(#5412),#5416);
#5412 = LINE('',#5413,#5414);
#5413 = CARTESIAN_POINT('',(6.28318530718,0.));
#5414 = VECTOR('',#5415,1.);
#5415 = DIRECTION('',(0.,1.));
#5416 = ( GEOMETRIC_REPRESENTATION_CONTEXT(2) 
PARAMETRIC_REPRESENTATION_CONTEXT() REPRESENTATION_CONTEXT('2D SPACE',''
  ) );
#5417 = ORIENTED_EDGE('',*,*,#5418,.F.);
#5418 = EDGE_CURVE('',#5396,#5396,#5419,.T.);
#5419 = SURFACE_CURVE('',#5420,(#5425,#5432),.PCURVE_S1.);
#5420 = CIRCLE('',#5421,4.6854);
#5421 = AXIS2_PLACEMENT_3D('',#5422,#5423,#5424);
#5422 = CARTESIAN_POINT('',(0.,0.,6.5));
#5423 = DIRECTION('',(0.,0.,1.));
#5424 = DIRECTION('',(1.,0.,-0.));
#5425 = PCURVE('',#5323,#5426);
#5426 = DEFINITIONAL_REPRESENTATION('',(#5427),#5431);
#5427 = LINE('',#5428,#5429);
#5428 = CARTESIAN_POINT('',(0.,0.25));
#5429 = VECTOR('',#5430,1.);
#5430 = DIRECTION('',(1.,0.));
#5431 = ( GEOMETRIC_REPRESENTATION_CONTEXT(2) 
PARAMETRIC_REPRESENTATION_CONTEXT() REPRESENTATION_CONTEXT('2D SPACE',''
  ) );
#5432 = PCURVE('',#5433,#5438);
#5433 = CONICAL_SURFACE('',#5434,4.6854,9.768806486505E-02);
#5434 = AXIS2_PLACEMENT_3D('',#5435,#5436,#5437);
#5435 = CARTESIAN_POINT('',(0.,0.,6.5));
#5436 = DIRECTION('',(0.,0.,1.));
#5437 = DIRECTION('',(1.,0.,-0.));
#5438 = DEFINITIONAL_REPRESENTATION('',(#5439),#5443);
#5439 = LINE('',#5440,#5441);
#5440 = CARTESIAN_POINT('',(0.,0.));
#5441 = VECTOR('',#5442,1.);
#5442 = DIRECTION('',(1.,0.));
#5443 = ( GEOMETRIC_REPRESENTATION_CONTEXT(2) 
PARAMETRIC_REPRESENTATION_CONTEXT() REPRESENTATION_CONTEXT('2D SPACE',''
  ) );
#5444 = ORIENTED_EDGE('',*,*,#5395,.F.);
#5445 = ADVANCED_FACE('',(#5446),#5378,.T.);
#5446 = FACE_BOUND('',#5447,.T.);
#5447 = EDGE_LOOP('',(#5448,#5449,#5472,#5499));
#5448 = ORIENTED_EDGE('',*,*,#5363,.T.);
#5449 = ORIENTED_EDGE('',*,*,#5450,.T.);
#5450 = EDGE_CURVE('',#5341,#5451,#5453,.T.);
#5451 = VERTEX_POINT('',#5452);
#5452 = CARTESIAN_POINT('',(4.7092,6.5,7.216449660064E-16));
#5453 = SEAM_CURVE('',#5454,(#5458,#5465),.PCURVE_S1.);
#5454 = LINE('',#5455,#5456);
#5455 = CARTESIAN_POINT('',(4.7001,6.25,6.938893903907E-16));
#5456 = VECTOR('',#5457,1.);
#5457 = DIRECTION('',(3.637590966441E-02,0.999338177594,
    1.109488254151E-16));
#5458 = PCURVE('',#5378,#5459);
#5459 = DEFINITIONAL_REPRESENTATION('',(#5460),#5464);
#5460 = LINE('',#5461,#5462);
#5461 = CARTESIAN_POINT('',(0.,0.));
#5462 = VECTOR('',#5463,1.);
#5463 = DIRECTION('',(0.,1.));
#5464 = ( GEOMETRIC_REPRESENTATION_CONTEXT(2) 
PARAMETRIC_REPRESENTATION_CONTEXT() REPRESENTATION_CONTEXT('2D SPACE',''
  ) );
#5465 = PCURVE('',#5378,#5466);
#5466 = DEFINITIONAL_REPRESENTATION('',(#5467),#5471);
#5467 = LINE('',#5468,#5469);
#5468 = CARTESIAN_POINT('',(6.28318530718,0.));
#5469 = VECTOR('',#5470,1.);
#5470 = DIRECTION('',(0.,1.));
#5471 = ( GEOMETRIC_REPRESENTATION_CONTEXT(2) 
PARAMETRIC_REPRESENTATION_CONTEXT() REPRESENTATION_CONTEXT('2D SPACE',''
  ) );
#5472 = ORIENTED_EDGE('',*,*,#5473,.F.);
#5473 = EDGE_CURVE('',#5451,#5451,#5474,.T.);
#5474 = SURFACE_CURVE('',#5475,(#5480,#5487),.PCURVE_S1.);
#5475 = CIRCLE('',#5476,4.7092);
#5476 = AXIS2_PLACEMENT_3D('',#5477,#5478,#5479);
#5477 = CARTESIAN_POINT('',(0.,6.5,7.216449660064E-16));
#5478 = DIRECTION('',(-0.,1.,1.110223024625E-16));
#5479 = DIRECTION('',(1.,0.,0.));
#5480 = PCURVE('',#5378,#5481);
#5481 = DEFINITIONAL_REPRESENTATION('',(#5482),#5486);
#5482 = LINE('',#5483,#5484);
#5483 = CARTESIAN_POINT('',(0.,0.25));
#5484 = VECTOR('',#5485,1.);
#5485 = DIRECTION('',(1.,0.));
#5486 = ( GEOMETRIC_REPRESENTATION_CONTEXT(2) 
PARAMETRIC_REPRESENTATION_CONTEXT() REPRESENTATION_CONTEXT('2D SPACE',''
  ) );
#5487 = PCURVE('',#5488,#5493);
#5488 = CONICAL_SURFACE('',#5489,4.7092,0.103627459997);
#5489 = AXIS2_PLACEMENT_3D('',#5490,#5491,#5492);
#5490 = CARTESIAN_POINT('',(0.,6.5,7.216449660064E-16));
#5491 = DIRECTION('',(0.,1.,1.110223024625E-16));
#5492 = DIRECTION('',(1.,0.,0.));
#5493 = DEFINITIONAL_REPRESENTATION('',(#5494),#5498);
#5494 = LINE('',#5495,#5496);
#5495 = CARTESIAN_POINT('',(0.,0.));
#5496 = VECTOR('',#5497,1.);
#5497 = DIRECTION('',(1.,0.));
#5498 = ( GEOMETRIC_REPRESENTATION_CONTEXT(2) 
PARAMETRIC_REPRESENTATION_CONTEXT() REPRESENTATION_CONTEXT('2D SPACE',''
  ) );
#5499 = ORIENTED_EDGE('',*,*,#5450,.F.);
#5500 = ADVANCED_FACE('',(#5501),#5433,.T.);
#5501 = FACE_BOUND('',#5502,.T.);
#5502 = EDGE_LOOP('',(#5503,#5504,#5527,#5554));
#5503 = ORIENTED_EDGE('',*,*,#5418,.T.);
#5504 = ORIENTED_EDGE('',*,*,#5505,.T.);
#5505 = EDGE_CURVE('',#5396,#5506,#5508,.T.);
#5506 = VERTEX_POINT('',#5507);
#5507 = CARTESIAN_POINT('',(4.705,0.,6.7));
#5508 = SEAM_CURVE('',#5509,(#5513,#5520),.PCURVE_S1.);
#5509 = LINE('',#5510,#5511);
#5510 = CARTESIAN_POINT('',(4.6854,0.,6.5));
#5511 = VECTOR('',#5512,1.);
#5512 = DIRECTION('',(9.753276680009E-02,0.,0.995232314287));
#5513 = PCURVE('',#5433,#5514);
#5514 = DEFINITIONAL_REPRESENTATION('',(#5515),#5519);
#5515 = LINE('',#5516,#5517);
#5516 = CARTESIAN_POINT('',(0.,0.));
#5517 = VECTOR('',#5518,1.);
#5518 = DIRECTION('',(0.,1.));
#5519 = ( GEOMETRIC_REPRESENTATION_CONTEXT(2) 
PARAMETRIC_REPRESENTATION_CONTEXT() REPRESENTATION_CONTEXT('2D SPACE',''
  ) );
#5520 = PCURVE('',#5433,#5521);
#5521 = DEFINITIONAL_REPRESENTATION('',(#5522),#5526);
#5522 = LINE('',#5523,#5524);
#5523 = CARTESIAN_POINT('',(6.28318530718,0.));
#5524 = VECTOR('',#5525,1.);
#5525 = DIRECTION('',(0.,1.));
#5526 = ( GEOMETRIC_REPRESENTATION_CONTEXT(2) 
PARAMETRIC_REPRESENTATION_CONTEXT() REPRESENTATION_CONTEXT('2D SPACE',''
  ) );
#5527 = ORIENTED_EDGE('',*,*,#5528,.F.);
#5528 = EDGE_CURVE('',#5506,#5506,#5529,.T.);
#5529 = SURFACE_CURVE('',#5530,(#5535,#5542),.PCURVE_S1.);
#5530 = CIRCLE('',#5531,4.705);
#5531 = AXIS2_PLACEMENT_3D('',#5532,#5533,#5534);
#5532 = CARTESIAN_POINT('',(0.,0.,6.7));
#5533 = DIRECTION('',(0.,0.,1.));
#5534 = DIRECTION('',(1.,0.,-0.));
#5535 = PCURVE('',#5433,#5536);
#5536 = DEFINITIONAL_REPRESENTATION('',(#5537),#5541);
#5537 = LINE('',#5538,#5539);
#5538 = CARTESIAN_POINT('',(0.,0.2));
#5539 = VECTOR('',#5540,1.);
#5540 = DIRECTION('',(1.,0.));
#5541 = ( GEOMETRIC_REPRESENTATION_CONTEXT(2) 
PARAMETRIC_REPRESENTATION_CONTEXT() REPRESENTATION_CONTEXT('2D SPACE',''
  ) );
#5542 = PCURVE('',#5543,#5548);
#5543 = CONICAL_SURFACE('',#5544,4.705,0.61479729231);
#5544 = AXIS2_PLACEMENT_3D('',#5545,#5546,#5547);
#5545 = CARTESIAN_POINT('',(0.,0.,6.7));
#5546 = DIRECTION('',(0.,0.,1.));
#5547 = DIRECTION('',(1.,0.,-0.));
#5548 = DEFINITIONAL_REPRESENTATION('',(#5549),#5553);
#5549 = LINE('',#5550,#5551);
#5550 = CARTESIAN_POINT('',(0.,0.));
#5551 = VECTOR('',#5552,1.);
#5552 = DIRECTION('',(1.,0.));
#5553 = ( GEOMETRIC_REPRESENTATION_CONTEXT(2) 
PARAMETRIC_REPRESENTATION_CONTEXT() REPRESENTATION_CONTEXT('2D SPACE',''
  ) );
#5554 = ORIENTED_EDGE('',*,*,#5505,.F.);
#5555 = ADVANCED_FACE('',(#5556),#5488,.T.);
#5556 = FACE_BOUND('',#5557,.T.);
#5557 = EDGE_LOOP('',(#5558,#5559,#5582,#5609));
#5558 = ORIENTED_EDGE('',*,*,#5473,.T.);
#5559 = ORIENTED_EDGE('',*,*,#5560,.T.);
#5560 = EDGE_CURVE('',#5451,#5561,#5563,.T.);
#5561 = VERTEX_POINT('',#5562);
#5562 = CARTESIAN_POINT('',(4.73,6.7,7.438494264989E-16));
#5563 = SEAM_CURVE('',#5564,(#5568,#5575),.PCURVE_S1.);
#5564 = LINE('',#5565,#5566);
#5565 = CARTESIAN_POINT('',(4.7092,6.5,7.216449660064E-16));
#5566 = VECTOR('',#5567,1.);
#5567 = DIRECTION('',(0.103442089711,0.99463547799,1.104267208773E-16));
#5568 = PCURVE('',#5488,#5569);
#5569 = DEFINITIONAL_REPRESENTATION('',(#5570),#5574);
#5570 = LINE('',#5571,#5572);
#5571 = CARTESIAN_POINT('',(0.,0.));
#5572 = VECTOR('',#5573,1.);
#5573 = DIRECTION('',(0.,1.));
#5574 = ( GEOMETRIC_REPRESENTATION_CONTEXT(2) 
PARAMETRIC_REPRESENTATION_CONTEXT() REPRESENTATION_CONTEXT('2D SPACE',''
  ) );
#5575 = PCURVE('',#5488,#5576);
#5576 = DEFINITIONAL_REPRESENTATION('',(#5577),#5581);
#5577 = LINE('',#5578,#5579);
#5578 = CARTESIAN_POINT('',(6.28318530718,0.));
#5579 = VECTOR('',#5580,1.);
#5580 = DIRECTION('',(0.,1.));
#5581 = ( GEOMETRIC_REPRESENTATION_CONTEXT(2) 
PARAMETRIC_REPRESENTATION_CONTEXT() REPRESENTATION_CONTEXT('2D SPACE',''
  ) );
#5582 = ORIENTED_EDGE('',*,*,#5583,.F.);
#5583 = EDGE_CURVE('',#5561,#5561,#5584,.T.);
#5584 = SURFACE_CURVE('',#5585,(#5590,#5597),.PCURVE_S1.);
#5585 = CIRCLE('',#5586,4.73);
#5586 = AXIS2_PLACEMENT_3D('',#5587,#5588,#5589);
#5587 = CARTESIAN_POINT('',(0.,6.7,7.438494264989E-16));
#5588 = DIRECTION('',(-0.,1.,1.110223024625E-16));
#5589 = DIRECTION('',(1.,0.,0.));
#5590 = PCURVE('',#5488,#5591);
#5591 = DEFINITIONAL_REPRESENTATION('',(#5592),#5596);
#5592 = LINE('',#5593,#5594);
#5593 = CARTESIAN_POINT('',(0.,0.2));
#5594 = VECTOR('',#5595,1.);
#5595 = DIRECTION('',(1.,0.));
#5596 = ( GEOMETRIC_REPRESENTATION_CONTEXT(2) 
PARAMETRIC_REPRESENTATION_CONTEXT() REPRESENTATION_CONTEXT('2D SPACE',''
  ) );
#5597 = PCURVE('',#5598,#5603);
#5598 = CONICAL_SURFACE('',#5599,4.73,0.62562385201);
#5599 = AXIS2_PLACEMENT_3D('',#5600,#5601,#5602);
#5600 = CARTESIAN_POINT('',(0.,6.7,7.438494264989E-16));
#5601 = DIRECTION('',(0.,1.,1.110223024625E-16));
#5602 = DIRECTION('',(1.,0.,0.));
#5603 = DEFINITIONAL_REPRESENTATION('',(#5604),#5608);
#5604 = LINE('',#5605,#5606);
#5605 = CARTESIAN_POINT('',(0.,0.));
#5606 = VECTOR('',#5607,1.);
#5607 = DIRECTION('',(1.,0.));
#5608 = ( GEOMETRIC_REPRESENTATION_CONTEXT(2) 
PARAMETRIC_REPRESENTATION_CONTEXT() REPRESENTATION_CONTEXT('2D SPACE',''
  ) );
#5609 = ORIENTED_EDGE('',*,*,#5560,.F.);
#5610 = ADVANCED_FACE('',(#5611),#5543,.T.);
#5611 = FACE_BOUND('',#5612,.T.);
#5612 = EDGE_LOOP('',(#5613,#5614,#5637,#5664));
#5613 = ORIENTED_EDGE('',*,*,#5528,.T.);
#5614 = ORIENTED_EDGE('',*,*,#5615,.T.);
#5615 = EDGE_CURVE('',#5506,#5616,#5618,.T.);
#5616 = VERTEX_POINT('',#5617);
#5617 = CARTESIAN_POINT('',(4.8907,0.,6.963));
#5618 = SEAM_CURVE('',#5619,(#5623,#5630),.PCURVE_S1.);
#5619 = LINE('',#5620,#5621);
#5620 = CARTESIAN_POINT('',(4.705,0.,6.7));
#5621 = VECTOR('',#5622,1.);
#5622 = DIRECTION('',(0.576792944174,0.,0.816890384048));
#5623 = PCURVE('',#5543,#5624);
#5624 = DEFINITIONAL_REPRESENTATION('',(#5625),#5629);
#5625 = LINE('',#5626,#5627);
#5626 = CARTESIAN_POINT('',(0.,0.));
#5627 = VECTOR('',#5628,1.);
#5628 = DIRECTION('',(0.,1.));
#5629 = ( GEOMETRIC_REPRESENTATION_CONTEXT(2) 
PARAMETRIC_REPRESENTATION_CONTEXT() REPRESENTATION_CONTEXT('2D SPACE',''
  ) );
#5630 = PCURVE('',#5543,#5631);
#5631 = DEFINITIONAL_REPRESENTATION('',(#5632),#5636);
#5632 = LINE('',#5633,#5634);
#5633 = CARTESIAN_POINT('',(6.28318530718,0.));
#5634 = VECTOR('',#5635,1.);
#5635 = DIRECTION('',(0.,1.));
#5636 = ( GEOMETRIC_REPRESENTATION_CONTEXT(2) 
PARAMETRIC_REPRESENTATION_CONTEXT() REPRESENTATION_CONTEXT('2D SPACE',''
  ) );
#5637 = ORIENTED_EDGE('',*,*,#5638,.F.);
#5638 = EDGE_CURVE('',#5616,#5616,#5639,.T.);
#5639 = SURFACE_CURVE('',#5640,(#5645,#5652),.PCURVE_S1.);
#5640 = CIRCLE('',#5641,4.8907);
#5641 = AXIS2_PLACEMENT_3D('',#5642,#5643,#5644);
#5642 = CARTESIAN_POINT('',(0.,0.,6.963));
#5643 = DIRECTION('',(0.,0.,1.));
#5644 = DIRECTION('',(1.,0.,-0.));
#5645 = PCURVE('',#5543,#5646);
#5646 = DEFINITIONAL_REPRESENTATION('',(#5647),#5651);
#5647 = LINE('',#5648,#5649);
#5648 = CARTESIAN_POINT('',(0.,0.263));
#5649 = VECTOR('',#5650,1.);
#5650 = DIRECTION('',(1.,0.));
#5651 = ( GEOMETRIC_REPRESENTATION_CONTEXT(2) 
PARAMETRIC_REPRESENTATION_CONTEXT() REPRESENTATION_CONTEXT('2D SPACE',''
  ) );
#5652 = PCURVE('',#5653,#5658);
#5653 = PLANE('',#5654);
#5654 = AXIS2_PLACEMENT_3D('',#5655,#5656,#5657);
#5655 = CARTESIAN_POINT('',(0.,0.,6.963));
#5656 = DIRECTION('',(0.,0.,1.));
#5657 = DIRECTION('',(1.,0.,-0.));
#5658 = DEFINITIONAL_REPRESENTATION('',(#5659),#5663);
#5659 = CIRCLE('',#5660,4.8907);
#5660 = AXIS2_PLACEMENT_2D('',#5661,#5662);
#5661 = CARTESIAN_POINT('',(0.,0.));
#5662 = DIRECTION('',(1.,-0.));
#5663 = ( GEOMETRIC_REPRESENTATION_CONTEXT(2) 
PARAMETRIC_REPRESENTATION_CONTEXT() REPRESENTATION_CONTEXT('2D SPACE',''
  ) );
#5664 = ORIENTED_EDGE('',*,*,#5615,.F.);
#5665 = ADVANCED_FACE('',(#5666),#5598,.T.);
#5666 = FACE_BOUND('',#5667,.T.);
#5667 = EDGE_LOOP('',(#5668,#5669,#5692,#5719));
#5668 = ORIENTED_EDGE('',*,*,#5583,.T.);
#5669 = ORIENTED_EDGE('',*,*,#5670,.T.);
#5670 = EDGE_CURVE('',#5561,#5671,#5673,.T.);
#5671 = VERTEX_POINT('',#5672);
#5672 = CARTESIAN_POINT('',(4.92,6.963,7.730482920465E-16));
#5673 = SEAM_CURVE('',#5674,(#5678,#5685),.PCURVE_S1.);
#5674 = LINE('',#5675,#5676);
#5675 = CARTESIAN_POINT('',(4.73,6.7,7.438494264989E-16));
#5676 = VECTOR('',#5677,1.);
#5677 = DIRECTION('',(0.585603080022,0.810597947609,8.999445051499E-17)
  );
#5678 = PCURVE('',#5598,#5679);
#5679 = DEFINITIONAL_REPRESENTATION('',(#5680),#5684);
#5680 = LINE('',#5681,#5682);
#5681 = CARTESIAN_POINT('',(0.,0.));
#5682 = VECTOR('',#5683,1.);
#5683 = DIRECTION('',(0.,1.));
#5684 = ( GEOMETRIC_REPRESENTATION_CONTEXT(2) 
PARAMETRIC_REPRESENTATION_CONTEXT() REPRESENTATION_CONTEXT('2D SPACE',''
  ) );
#5685 = PCURVE('',#5598,#5686);
#5686 = DEFINITIONAL_REPRESENTATION('',(#5687),#5691);
#5687 = LINE('',#5688,#5689);
#5688 = CARTESIAN_POINT('',(6.28318530718,0.));
#5689 = VECTOR('',#5690,1.);
#5690 = DIRECTION('',(0.,1.));
#5691 = ( GEOMETRIC_REPRESENTATION_CONTEXT(2) 
PARAMETRIC_REPRESENTATION_CONTEXT() REPRESENTATION_CONTEXT('2D SPACE',''
  ) );
#5692 = ORIENTED_EDGE('',*,*,#5693,.F.);
#5693 = EDGE_CURVE('',#5671,#5671,#5694,.T.);
#5694 = SURFACE_CURVE('',#5695,(#5700,#5707),.PCURVE_S1.);
#5695 = CIRCLE('',#5696,4.92);
#5696 = AXIS2_PLACEMENT_3D('',#5697,#5698,#5699);
#5697 = CARTESIAN_POINT('',(0.,6.963,7.730482920465E-16));
#5698 = DIRECTION('',(-0.,1.,1.110223024625E-16));
#5699 = DIRECTION('',(1.,0.,0.));
#5700 = PCURVE('',#5598,#5701);
#5701 = DEFINITIONAL_REPRESENTATION('',(#5702),#5706);
#5702 = LINE('',#5703,#5704);
#5703 = CARTESIAN_POINT('',(0.,0.263));
#5704 = VECTOR('',#5705,1.);
#5705 = DIRECTION('',(1.,0.));
#5706 = ( GEOMETRIC_REPRESENTATION_CONTEXT(2) 
PARAMETRIC_REPRESENTATION_CONTEXT() REPRESENTATION_CONTEXT('2D SPACE',''
  ) );
#5707 = PCURVE('',#5708,#5713);
#5708 = PLANE('',#5709);
#5709 = AXIS2_PLACEMENT_3D('',#5710,#5711,#5712);
#5710 = CARTESIAN_POINT('',(0.,6.963,7.730482920465E-16));
#5711 = DIRECTION('',(0.,1.,1.110223024625E-16));
#5712 = DIRECTION('',(1.,-0.,-0.));
#5713 = DEFINITIONAL_REPRESENTATION('',(#5714),#5718);
#5714 = CIRCLE('',#5715,4.92);
#5715 = AXIS2_PLACEMENT_2D('',#5716,#5717);
#5716 = CARTESIAN_POINT('',(0.,0.));
#5717 = DIRECTION('',(1.,-0.));
#5718 = ( GEOMETRIC_REPRESENTATION_CONTEXT(2) 
PARAMETRIC_REPRESENTATION_CONTEXT() REPRESENTATION_CONTEXT('2D SPACE',''
  ) );
#5719 = ORIENTED_EDGE('',*,*,#5670,.F.);
#5720 = ADVANCED_FACE('',(#5721,#5724),#5653,.F.);
#5721 = FACE_BOUND('',#5722,.T.);
#5722 = EDGE_LOOP('',(#5723));
#5723 = ORIENTED_EDGE('',*,*,#5638,.T.);
#5724 = FACE_BOUND('',#5725,.T.);
#5725 = EDGE_LOOP('',(#5726));
#5726 = ORIENTED_EDGE('',*,*,#5727,.F.);
#5727 = EDGE_CURVE('',#5728,#5728,#5730,.T.);
#5728 = VERTEX_POINT('',#5729);
#5729 = CARTESIAN_POINT('',(5.9507,0.,6.963));
#5730 = SURFACE_CURVE('',#5731,(#5736,#5743),.PCURVE_S1.);
#5731 = CIRCLE('',#5732,5.9507);
#5732 = AXIS2_PLACEMENT_3D('',#5733,#5734,#5735);
#5733 = CARTESIAN_POINT('',(0.,0.,6.963));
#5734 = DIRECTION('',(0.,0.,1.));
#5735 = DIRECTION('',(1.,0.,-0.));
#5736 = PCURVE('',#5653,#5737);
#5737 = DEFINITIONAL_REPRESENTATION('',(#5738),#5742);
#5738 = CIRCLE('',#5739,5.9507);
#5739 = AXIS2_PLACEMENT_2D('',#5740,#5741);
#5740 = CARTESIAN_POINT('',(0.,0.));
#5741 = DIRECTION('',(1.,-0.));
#5742 = ( GEOMETRIC_REPRESENTATION_CONTEXT(2) 
PARAMETRIC_REPRESENTATION_CONTEXT() REPRESENTATION_CONTEXT('2D SPACE',''
  ) );
#5743 = PCURVE('',#5744,#5749);
#5744 = CONICAL_SURFACE('',#5745,5.9507,1.097779568985);
#5745 = AXIS2_PLACEMENT_3D('',#5746,#5747,#5748);
#5746 = CARTESIAN_POINT('',(0.,0.,6.963));
#5747 = DIRECTION('',(0.,0.,1.));
#5748 = DIRECTION('',(1.,0.,-0.));
#5749 = DEFINITIONAL_REPRESENTATION('',(#5750),#5754);
#5750 = LINE('',#5751,#5752);
#5751 = CARTESIAN_POINT('',(0.,0.));
#5752 = VECTOR('',#5753,1.);
#5753 = DIRECTION('',(1.,0.));
#5754 = ( GEOMETRIC_REPRESENTATION_CONTEXT(2) 
PARAMETRIC_REPRESENTATION_CONTEXT() REPRESENTATION_CONTEXT('2D SPACE',''
  ) );
#5755 = ADVANCED_FACE('',(#5756,#5759),#5708,.F.);
#5756 = FACE_BOUND('',#5757,.T.);
#5757 = EDGE_LOOP('',(#5758));
#5758 = ORIENTED_EDGE('',*,*,#5693,.T.);
#5759 = FACE_BOUND('',#5760,.T.);
#5760 = EDGE_LOOP('',(#5761));
#5761 = ORIENTED_EDGE('',*,*,#5762,.F.);
#5762 = EDGE_CURVE('',#5763,#5763,#5765,.T.);
#5763 = VERTEX_POINT('',#5764);
#5764 = CARTESIAN_POINT('',(5.98,6.963,7.730482920465E-16));
#5765 = SURFACE_CURVE('',#5766,(#5771,#5778),.PCURVE_S1.);
#5766 = CIRCLE('',#5767,5.98);
#5767 = AXIS2_PLACEMENT_3D('',#5768,#5769,#5770);
#5768 = CARTESIAN_POINT('',(0.,6.963,7.730482920465E-16));
#5769 = DIRECTION('',(-0.,1.,1.110223024625E-16));
#5770 = DIRECTION('',(1.,0.,0.));
#5771 = PCURVE('',#5708,#5772);
#5772 = DEFINITIONAL_REPRESENTATION('',(#5773),#5777);
#5773 = CIRCLE('',#5774,5.98);
#5774 = AXIS2_PLACEMENT_2D('',#5775,#5776);
#5775 = CARTESIAN_POINT('',(0.,0.));
#5776 = DIRECTION('',(1.,-0.));
#5777 = ( GEOMETRIC_REPRESENTATION_CONTEXT(2) 
PARAMETRIC_REPRESENTATION_CONTEXT() REPRESENTATION_CONTEXT('2D SPACE',''
  ) );
#5778 = PCURVE('',#5779,#5784);
#5779 = CONICAL_SURFACE('',#5780,5.98,1.101240367048);
#5780 = AXIS2_PLACEMENT_3D('',#5781,#5782,#5783);
#5781 = CARTESIAN_POINT('',(0.,6.963,7.730482920465E-16));
#5782 = DIRECTION('',(0.,1.,1.110223024625E-16));
#5783 = DIRECTION('',(1.,0.,0.));
#5784 = DEFINITIONAL_REPRESENTATION('',(#5785),#5789);
#5785 = LINE('',#5786,#5787);
#5786 = CARTESIAN_POINT('',(0.,0.));
#5787 = VECTOR('',#5788,1.);
#5788 = DIRECTION('',(1.,0.));
#5789 = ( GEOMETRIC_REPRESENTATION_CONTEXT(2) 
PARAMETRIC_REPRESENTATION_CONTEXT() REPRESENTATION_CONTEXT('2D SPACE',''
  ) );
#5790 = ADVANCED_FACE('',(#5791),#5744,.T.);
#5791 = FACE_BOUND('',#5792,.T.);
#5792 = EDGE_LOOP('',(#5793,#5794,#5817,#5844));
#5793 = ORIENTED_EDGE('',*,*,#5727,.T.);
#5794 = ORIENTED_EDGE('',*,*,#5795,.T.);
#5795 = EDGE_CURVE('',#5728,#5796,#5798,.T.);
#5796 = VERTEX_POINT('',#5797);
#5797 = CARTESIAN_POINT('',(6.2184,0.,7.1));
#5798 = SEAM_CURVE('',#5799,(#5803,#5810),.PCURVE_S1.);
#5799 = LINE('',#5800,#5801);
#5800 = CARTESIAN_POINT('',(5.9507,0.,6.963));
#5801 = VECTOR('',#5802,1.);
#5802 = DIRECTION('',(0.890197985028,0.,0.455573866077));
#5803 = PCURVE('',#5744,#5804);
#5804 = DEFINITIONAL_REPRESENTATION('',(#5805),#5809);
#5805 = LINE('',#5806,#5807);
#5806 = CARTESIAN_POINT('',(0.,0.));
#5807 = VECTOR('',#5808,1.);
#5808 = DIRECTION('',(0.,1.));
#5809 = ( GEOMETRIC_REPRESENTATION_CONTEXT(2) 
PARAMETRIC_REPRESENTATION_CONTEXT() REPRESENTATION_CONTEXT('2D SPACE',''
  ) );
#5810 = PCURVE('',#5744,#5811);
#5811 = DEFINITIONAL_REPRESENTATION('',(#5812),#5816);
#5812 = LINE('',#5813,#5814);
#5813 = CARTESIAN_POINT('',(6.28318530718,0.));
#5814 = VECTOR('',#5815,1.);
#5815 = DIRECTION('',(0.,1.));
#5816 = ( GEOMETRIC_REPRESENTATION_CONTEXT(2) 
PARAMETRIC_REPRESENTATION_CONTEXT() REPRESENTATION_CONTEXT('2D SPACE',''
  ) );
#5817 = ORIENTED_EDGE('',*,*,#5818,.F.);
#5818 = EDGE_CURVE('',#5796,#5796,#5819,.T.);
#5819 = SURFACE_CURVE('',#5820,(#5825,#5832),.PCURVE_S1.);
#5820 = CIRCLE('',#5821,6.2184);
#5821 = AXIS2_PLACEMENT_3D('',#5822,#5823,#5824);
#5822 = CARTESIAN_POINT('',(0.,0.,7.1));
#5823 = DIRECTION('',(0.,0.,1.));
#5824 = DIRECTION('',(1.,0.,-0.));
#5825 = PCURVE('',#5744,#5826);
#5826 = DEFINITIONAL_REPRESENTATION('',(#5827),#5831);
#5827 = LINE('',#5828,#5829);
#5828 = CARTESIAN_POINT('',(0.,0.137));
#5829 = VECTOR('',#5830,1.);
#5830 = DIRECTION('',(1.,0.));
#5831 = ( GEOMETRIC_REPRESENTATION_CONTEXT(2) 
PARAMETRIC_REPRESENTATION_CONTEXT() REPRESENTATION_CONTEXT('2D SPACE',''
  ) );
#5832 = PCURVE('',#5833,#5838);
#5833 = CONICAL_SURFACE('',#5834,6.2184,0.941191936425);
#5834 = AXIS2_PLACEMENT_3D('',#5835,#5836,#5837);
#5835 = CARTESIAN_POINT('',(0.,0.,7.1));
#5836 = DIRECTION('',(0.,0.,1.));
#5837 = DIRECTION('',(1.,0.,-0.));
#5838 = DEFINITIONAL_REPRESENTATION('',(#5839),#5843);
#5839 = LINE('',#5840,#5841);
#5840 = CARTESIAN_POINT('',(0.,0.));
#5841 = VECTOR('',#5842,1.);
#5842 = DIRECTION('',(1.,0.));
#5843 = ( GEOMETRIC_REPRESENTATION_CONTEXT(2) 
PARAMETRIC_REPRESENTATION_CONTEXT() REPRESENTATION_CONTEXT('2D SPACE',''
  ) );
#5844 = ORIENTED_EDGE('',*,*,#5795,.F.);
#5845 = ADVANCED_FACE('',(#5846),#5779,.T.);
#5846 = FACE_BOUND('',#5847,.T.);
#5847 = EDGE_LOOP('',(#5848,#5849,#5872,#5899));
#5848 = ORIENTED_EDGE('',*,*,#5762,.T.);
#5849 = ORIENTED_EDGE('',*,*,#5850,.T.);
#5850 = EDGE_CURVE('',#5763,#5851,#5853,.T.);
#5851 = VERTEX_POINT('',#5852);
#5852 = CARTESIAN_POINT('',(6.25,7.1,7.882583474839E-16));
#5853 = SEAM_CURVE('',#5854,(#5858,#5865),.PCURVE_S1.);
#5854 = LINE('',#5855,#5856);
#5855 = CARTESIAN_POINT('',(5.98,6.963,7.730482920465E-16));
#5856 = VECTOR('',#5857,1.);
#5857 = DIRECTION('',(0.891769300033,0.452490348536,5.023652033648E-17)
  );
#5858 = PCURVE('',#5779,#5859);
#5859 = DEFINITIONAL_REPRESENTATION('',(#5860),#5864);
#5860 = LINE('',#5861,#5862);
#5861 = CARTESIAN_POINT('',(0.,0.));
#5862 = VECTOR('',#5863,1.);
#5863 = DIRECTION('',(0.,1.));
#5864 = ( GEOMETRIC_REPRESENTATION_CONTEXT(2) 
PARAMETRIC_REPRESENTATION_CONTEXT() REPRESENTATION_CONTEXT('2D SPACE',''
  ) );
#5865 = PCURVE('',#5779,#5866);
#5866 = DEFINITIONAL_REPRESENTATION('',(#5867),#5871);
#5867 = LINE('',#5868,#5869);
#5868 = CARTESIAN_POINT('',(6.28318530718,0.));
#5869 = VECTOR('',#5870,1.);
#5870 = DIRECTION('',(0.,1.));
#5871 = ( GEOMETRIC_REPRESENTATION_CONTEXT(2) 
PARAMETRIC_REPRESENTATION_CONTEXT() REPRESENTATION_CONTEXT('2D SPACE',''
  ) );
#5872 = ORIENTED_EDGE('',*,*,#5873,.F.);
#5873 = EDGE_CURVE('',#5851,#5851,#5874,.T.);
#5874 = SURFACE_CURVE('',#5875,(#5880,#5887),.PCURVE_S1.);
#5875 = CIRCLE('',#5876,6.25);
#5876 = AXIS2_PLACEMENT_3D('',#5877,#5878,#5879);
#5877 = CARTESIAN_POINT('',(0.,7.1,7.882583474839E-16));
#5878 = DIRECTION('',(-0.,1.,1.110223024625E-16));
#5879 = DIRECTION('',(1.,0.,0.));
#5880 = PCURVE('',#5779,#5881);
#5881 = DEFINITIONAL_REPRESENTATION('',(#5882),#5886);
#5882 = LINE('',#5883,#5884);
#5883 = CARTESIAN_POINT('',(0.,0.137));
#5884 = VECTOR('',#5885,1.);
#5885 = DIRECTION('',(1.,0.));
#5886 = ( GEOMETRIC_REPRESENTATION_CONTEXT(2) 
PARAMETRIC_REPRESENTATION_CONTEXT() REPRESENTATION_CONTEXT('2D SPACE',''
  ) );
#5887 = PCURVE('',#5888,#5893);
#5888 = CONICAL_SURFACE('',#5889,6.25,0.946697396487);
#5889 = AXIS2_PLACEMENT_3D('',#5890,#5891,#5892);
#5890 = CARTESIAN_POINT('',(0.,7.1,7.882583474839E-16));
#5891 = DIRECTION('',(0.,1.,1.110223024625E-16));
#5892 = DIRECTION('',(1.,0.,0.));
#5893 = DEFINITIONAL_REPRESENTATION('',(#5894),#5898);
#5894 = LINE('',#5895,#5896);
#5895 = CARTESIAN_POINT('',(0.,0.));
#5896 = VECTOR('',#5897,1.);
#5897 = DIRECTION('',(1.,0.));
#5898 = ( GEOMETRIC_REPRESENTATION_CONTEXT(2) 
PARAMETRIC_REPRESENTATION_CONTEXT() REPRESENTATION_CONTEXT('2D SPACE',''
  ) );
#5899 = ORIENTED_EDGE('',*,*,#5850,.F.);
#5900 = ADVANCED_FACE('',(#5901),#5833,.T.);
#5901 = FACE_BOUND('',#5902,.T.);
#5902 = EDGE_LOOP('',(#5903,#5904,#5927,#5954));
#5903 = ORIENTED_EDGE('',*,*,#5818,.T.);
#5904 = ORIENTED_EDGE('',*,*,#5905,.T.);
#5905 = EDGE_CURVE('',#5796,#5906,#5908,.T.);
#5906 = VERTEX_POINT('',#5907);
#5907 = CARTESIAN_POINT('',(6.4243,0.,7.25));
#5908 = SEAM_CURVE('',#5909,(#5913,#5920),.PCURVE_S1.);
#5909 = LINE('',#5910,#5911);
#5910 = CARTESIAN_POINT('',(6.2184,0.,7.1));
#5911 = VECTOR('',#5912,1.);
#5912 = DIRECTION('',(0.808260516415,0.,0.588825048384));
#5913 = PCURVE('',#5833,#5914);
#5914 = DEFINITIONAL_REPRESENTATION('',(#5915),#5919);
#5915 = LINE('',#5916,#5917);
#5916 = CARTESIAN_POINT('',(0.,0.));
#5917 = VECTOR('',#5918,1.);
#5918 = DIRECTION('',(0.,1.));
#5919 = ( GEOMETRIC_REPRESENTATION_CONTEXT(2) 
PARAMETRIC_REPRESENTATION_CONTEXT() REPRESENTATION_CONTEXT('2D SPACE',''
  ) );
#5920 = PCURVE('',#5833,#5921);
#5921 = DEFINITIONAL_REPRESENTATION('',(#5922),#5926);
#5922 = LINE('',#5923,#5924);
#5923 = CARTESIAN_POINT('',(6.28318530718,0.));
#5924 = VECTOR('',#5925,1.);
#5925 = DIRECTION('',(0.,1.));
#5926 = ( GEOMETRIC_REPRESENTATION_CONTEXT(2) 
PARAMETRIC_REPRESENTATION_CONTEXT() REPRESENTATION_CONTEXT('2D SPACE',''
  ) );
#5927 = ORIENTED_EDGE('',*,*,#5928,.F.);
#5928 = EDGE_CURVE('',#5906,#5906,#5929,.T.);
#5929 = SURFACE_CURVE('',#5930,(#5935,#5942),.PCURVE_S1.);
#5930 = CIRCLE('',#5931,6.4243);
#5931 = AXIS2_PLACEMENT_3D('',#5932,#5933,#5934);
#5932 = CARTESIAN_POINT('',(0.,0.,7.25));
#5933 = DIRECTION('',(0.,0.,1.));
#5934 = DIRECTION('',(1.,0.,-0.));
#5935 = PCURVE('',#5833,#5936);
#5936 = DEFINITIONAL_REPRESENTATION('',(#5937),#5941);
#5937 = LINE('',#5938,#5939);
#5938 = CARTESIAN_POINT('',(0.,0.15));
#5939 = VECTOR('',#5940,1.);
#5940 = DIRECTION('',(1.,0.));
#5941 = ( GEOMETRIC_REPRESENTATION_CONTEXT(2) 
PARAMETRIC_REPRESENTATION_CONTEXT() REPRESENTATION_CONTEXT('2D SPACE',''
  ) );
#5942 = PCURVE('',#5943,#5948);
#5943 = CONICAL_SURFACE('',#5944,6.4243,0.75320450076);
#5944 = AXIS2_PLACEMENT_3D('',#5945,#5946,#5947);
#5945 = CARTESIAN_POINT('',(0.,0.,7.25));
#5946 = DIRECTION('',(0.,0.,1.));
#5947 = DIRECTION('',(1.,0.,-0.));
#5948 = DEFINITIONAL_REPRESENTATION('',(#5949),#5953);
#5949 = LINE('',#5950,#5951);
#5950 = CARTESIAN_POINT('',(0.,0.));
#5951 = VECTOR('',#5952,1.);
#5952 = DIRECTION('',(1.,0.));
#5953 = ( GEOMETRIC_REPRESENTATION_CONTEXT(2) 
PARAMETRIC_REPRESENTATION_CONTEXT() REPRESENTATION_CONTEXT('2D SPACE',''
  ) );
#5954 = ORIENTED_EDGE('',*,*,#5905,.F.);
#5955 = ADVANCED_FACE('',(#5956),#5888,.T.);
#5956 = FACE_BOUND('',#5957,.T.);
#5957 = EDGE_LOOP('',(#5958,#5959,#5982,#6009));
#5958 = ORIENTED_EDGE('',*,*,#5873,.T.);
#5959 = ORIENTED_EDGE('',*,*,#5960,.T.);
#5960 = EDGE_CURVE('',#5851,#5961,#5963,.T.);
#5961 = VERTEX_POINT('',#5962);
#5962 = CARTESIAN_POINT('',(6.4583,7.25,8.049116928532E-16));
#5963 = SEAM_CURVE('',#5964,(#5968,#5975),.PCURVE_S1.);
#5964 = LINE('',#5965,#5966);
#5965 = CARTESIAN_POINT('',(6.25,7.1,7.882583474839E-16));
#5966 = VECTOR('',#5967,1.);
#5967 = DIRECTION('',(0.811490003632,0.584366301223,6.487769224331E-17)
  );
#5968 = PCURVE('',#5888,#5969);
#5969 = DEFINITIONAL_REPRESENTATION('',(#5970),#5974);
#5970 = LINE('',#5971,#5972);
#5971 = CARTESIAN_POINT('',(0.,0.));
#5972 = VECTOR('',#5973,1.);
#5973 = DIRECTION('',(0.,1.));
#5974 = ( GEOMETRIC_REPRESENTATION_CONTEXT(2) 
PARAMETRIC_REPRESENTATION_CONTEXT() REPRESENTATION_CONTEXT('2D SPACE',''
  ) );
#5975 = PCURVE('',#5888,#5976);
#5976 = DEFINITIONAL_REPRESENTATION('',(#5977),#5981);
#5977 = LINE('',#5978,#5979);
#5978 = CARTESIAN_POINT('',(6.28318530718,0.));
#5979 = VECTOR('',#5980,1.);
#5980 = DIRECTION('',(0.,1.));
#5981 = ( GEOMETRIC_REPRESENTATION_CONTEXT(2) 
PARAMETRIC_REPRESENTATION_CONTEXT() REPRESENTATION_CONTEXT('2D SPACE',''
  ) );
#5982 = ORIENTED_EDGE('',*,*,#5983,.F.);
#5983 = EDGE_CURVE('',#5961,#5961,#5984,.T.);
#5984 = SURFACE_CURVE('',#5985,(#5990,#5997),.PCURVE_S1.);
#5985 = CIRCLE('',#5986,6.4583);
#5986 = AXIS2_PLACEMENT_3D('',#5987,#5988,#5989);
#5987 = CARTESIAN_POINT('',(0.,7.25,8.049116928532E-16));
#5988 = DIRECTION('',(-0.,1.,1.110223024625E-16));
#5989 = DIRECTION('',(1.,0.,0.));
#5990 = PCURVE('',#5888,#5991);
#5991 = DEFINITIONAL_REPRESENTATION('',(#5992),#5996);
#5992 = LINE('',#5993,#5994);
#5993 = CARTESIAN_POINT('',(0.,0.15));
#5994 = VECTOR('',#5995,1.);
#5995 = DIRECTION('',(1.,0.));
#5996 = ( GEOMETRIC_REPRESENTATION_CONTEXT(2) 
PARAMETRIC_REPRESENTATION_CONTEXT() REPRESENTATION_CONTEXT('2D SPACE',''
  ) );
#5997 = PCURVE('',#5998,#6003);
#5998 = CONICAL_SURFACE('',#5999,6.4583,0.761861057414);
#5999 = AXIS2_PLACEMENT_3D('',#6000,#6001,#6002);
#6000 = CARTESIAN_POINT('',(0.,7.25,8.049116928532E-16));
#6001 = DIRECTION('',(0.,1.,1.110223024625E-16));
#6002 = DIRECTION('',(1.,0.,0.));
#6003 = DEFINITIONAL_REPRESENTATION('',(#6004),#6008);
#6004 = LINE('',#6005,#6006);
#6005 = CARTESIAN_POINT('',(0.,0.));
#6006 = VECTOR('',#6007,1.);
#6007 = DIRECTION('',(1.,0.));
#6008 = ( GEOMETRIC_REPRESENTATION_CONTEXT(2) 
PARAMETRIC_REPRESENTATION_CONTEXT() REPRESENTATION_CONTEXT('2D SPACE',''
  ) );
#6009 = ORIENTED_EDGE('',*,*,#5960,.F.);
#6010 = ADVANCED_FACE('',(#6011),#5943,.T.);
#6011 = FACE_BOUND('',#6012,.T.);
#6012 = EDGE_LOOP('',(#6013,#6014,#6037,#6064));
#6013 = ORIENTED_EDGE('',*,*,#5928,.T.);
#6014 = ORIENTED_EDGE('',*,*,#6015,.T.);
#6015 = EDGE_CURVE('',#5906,#6016,#6018,.T.);
#6016 = VERTEX_POINT('',#6017);
#6017 = CARTESIAN_POINT('',(6.6587,0.,7.5));
#6018 = SEAM_CURVE('',#6019,(#6023,#6030),.PCURVE_S1.);
#6019 = LINE('',#6020,#6021);
#6020 = CARTESIAN_POINT('',(6.4243,0.,7.25));
#6021 = VECTOR('',#6022,1.);
#6022 = DIRECTION('',(0.683979953735,0.,0.729500803898));
#6023 = PCURVE('',#5943,#6024);
#6024 = DEFINITIONAL_REPRESENTATION('',(#6025),#6029);
#6025 = LINE('',#6026,#6027);
#6026 = CARTESIAN_POINT('',(0.,0.));
#6027 = VECTOR('',#6028,1.);
#6028 = DIRECTION('',(0.,1.));
#6029 = ( GEOMETRIC_REPRESENTATION_CONTEXT(2) 
PARAMETRIC_REPRESENTATION_CONTEXT() REPRESENTATION_CONTEXT('2D SPACE',''
  ) );
#6030 = PCURVE('',#5943,#6031);
#6031 = DEFINITIONAL_REPRESENTATION('',(#6032),#6036);
#6032 = LINE('',#6033,#6034);
#6033 = CARTESIAN_POINT('',(6.28318530718,0.));
#6034 = VECTOR('',#6035,1.);
#6035 = DIRECTION('',(0.,1.));
#6036 = ( GEOMETRIC_REPRESENTATION_CONTEXT(2) 
PARAMETRIC_REPRESENTATION_CONTEXT() REPRESENTATION_CONTEXT('2D SPACE',''
  ) );
#6037 = ORIENTED_EDGE('',*,*,#6038,.F.);
#6038 = EDGE_CURVE('',#6016,#6016,#6039,.T.);
#6039 = SURFACE_CURVE('',#6040,(#6045,#6052),.PCURVE_S1.);
#6040 = CIRCLE('',#6041,6.6587);
#6041 = AXIS2_PLACEMENT_3D('',#6042,#6043,#6044);
#6042 = CARTESIAN_POINT('',(0.,0.,7.5));
#6043 = DIRECTION('',(0.,0.,1.));
#6044 = DIRECTION('',(1.,0.,-0.));
#6045 = PCURVE('',#5943,#6046);
#6046 = DEFINITIONAL_REPRESENTATION('',(#6047),#6051);
#6047 = LINE('',#6048,#6049);
#6048 = CARTESIAN_POINT('',(0.,0.25));
#6049 = VECTOR('',#6050,1.);
#6050 = DIRECTION('',(1.,0.));
#6051 = ( GEOMETRIC_REPRESENTATION_CONTEXT(2) 
PARAMETRIC_REPRESENTATION_CONTEXT() REPRESENTATION_CONTEXT('2D SPACE',''
  ) );
#6052 = PCURVE('',#6053,#6058);
#6053 = CONICAL_SURFACE('',#6054,6.6587,0.363496491651);
#6054 = AXIS2_PLACEMENT_3D('',#6055,#6056,#6057);
#6055 = CARTESIAN_POINT('',(0.,0.,7.5));
#6056 = DIRECTION('',(0.,0.,1.));
#6057 = DIRECTION('',(1.,0.,-0.));
#6058 = DEFINITIONAL_REPRESENTATION('',(#6059),#6063);
#6059 = LINE('',#6060,#6061);
#6060 = CARTESIAN_POINT('',(0.,0.));
#6061 = VECTOR('',#6062,1.);
#6062 = DIRECTION('',(1.,0.));
#6063 = ( GEOMETRIC_REPRESENTATION_CONTEXT(2) 
PARAMETRIC_REPRESENTATION_CONTEXT() REPRESENTATION_CONTEXT('2D SPACE',''
  ) );
#6064 = ORIENTED_EDGE('',*,*,#6015,.F.);
#6065 = ADVANCED_FACE('',(#6066),#5998,.T.);
#6066 = FACE_BOUND('',#6067,.T.);
#6067 = EDGE_LOOP('',(#6068,#6069,#6092,#6119));
#6068 = ORIENTED_EDGE('',*,*,#5983,.T.);
#6069 = ORIENTED_EDGE('',*,*,#6070,.T.);
#6070 = EDGE_CURVE('',#5961,#6071,#6073,.T.);
#6071 = VERTEX_POINT('',#6072);
#6072 = CARTESIAN_POINT('',(6.6968,7.5,8.326672684689E-16));
#6073 = SEAM_CURVE('',#6074,(#6078,#6085),.PCURVE_S1.);
#6074 = LINE('',#6075,#6076);
#6075 = CARTESIAN_POINT('',(6.4583,7.25,8.049116928532E-16));
#6076 = VECTOR('',#6077,1.);
#6077 = DIRECTION('',(0.690269212713,0.723552633871,8.033047936514E-17)
  );
#6078 = PCURVE('',#5998,#6079);
#6079 = DEFINITIONAL_REPRESENTATION('',(#6080),#6084);
#6080 = LINE('',#6081,#6082);
#6081 = CARTESIAN_POINT('',(0.,0.));
#6082 = VECTOR('',#6083,1.);
#6083 = DIRECTION('',(0.,1.));
#6084 = ( GEOMETRIC_REPRESENTATION_CONTEXT(2) 
PARAMETRIC_REPRESENTATION_CONTEXT() REPRESENTATION_CONTEXT('2D SPACE',''
  ) );
#6085 = PCURVE('',#5998,#6086);
#6086 = DEFINITIONAL_REPRESENTATION('',(#6087),#6091);
#6087 = LINE('',#6088,#6089);
#6088 = CARTESIAN_POINT('',(6.28318530718,0.));
#6089 = VECTOR('',#6090,1.);
#6090 = DIRECTION('',(0.,1.));
#6091 = ( GEOMETRIC_REPRESENTATION_CONTEXT(2) 
PARAMETRIC_REPRESENTATION_CONTEXT() REPRESENTATION_CONTEXT('2D SPACE',''
  ) );
#6092 = ORIENTED_EDGE('',*,*,#6093,.F.);
#6093 = EDGE_CURVE('',#6071,#6071,#6094,.T.);
#6094 = SURFACE_CURVE('',#6095,(#6100,#6107),.PCURVE_S1.);
#6095 = CIRCLE('',#6096,6.6968);
#6096 = AXIS2_PLACEMENT_3D('',#6097,#6098,#6099);
#6097 = CARTESIAN_POINT('',(0.,7.5,8.326672684689E-16));
#6098 = DIRECTION('',(-0.,1.,1.110223024625E-16));
#6099 = DIRECTION('',(1.,0.,0.));
#6100 = PCURVE('',#5998,#6101);
#6101 = DEFINITIONAL_REPRESENTATION('',(#6102),#6106);
#6102 = LINE('',#6103,#6104);
#6103 = CARTESIAN_POINT('',(0.,0.25));
#6104 = VECTOR('',#6105,1.);
#6105 = DIRECTION('',(1.,0.));
#6106 = ( GEOMETRIC_REPRESENTATION_CONTEXT(2) 
PARAMETRIC_REPRESENTATION_CONTEXT() REPRESENTATION_CONTEXT('2D SPACE',''
  ) );
#6107 = PCURVE('',#6108,#6113);
#6108 = CONICAL_SURFACE('',#6109,6.6968,0.377744716086);
#6109 = AXIS2_PLACEMENT_3D('',#6110,#6111,#6112);
#6110 = CARTESIAN_POINT('',(0.,7.5,8.326672684689E-16));
#6111 = DIRECTION('',(0.,1.,1.110223024625E-16));
#6112 = DIRECTION('',(1.,0.,0.));
#6113 = DEFINITIONAL_REPRESENTATION('',(#6114),#6118);
#6114 = LINE('',#6115,#6116);
#6115 = CARTESIAN_POINT('',(0.,0.));
#6116 = VECTOR('',#6117,1.);
#6117 = DIRECTION('',(1.,0.));
#6118 = ( GEOMETRIC_REPRESENTATION_CONTEXT(2) 
PARAMETRIC_REPRESENTATION_CONTEXT() REPRESENTATION_CONTEXT('2D SPACE',''
  ) );
#6119 = ORIENTED_EDGE('',*,*,#6070,.F.);
#6120 = ADVANCED_FACE('',(#6121),#6053,.T.);
#6121 = FACE_BOUND('',#6122,.T.);
#6122 = EDGE_LOOP('',(#6123,#6124,#6147,#6174));
#6123 = ORIENTED_EDGE('',*,*,#6038,.T.);
#6124 = ORIENTED_EDGE('',*,*,#6125,.T.);
#6125 = EDGE_CURVE('',#6016,#6126,#6128,.T.);
#6126 = VERTEX_POINT('',#6127);
#6127 = CARTESIAN_POINT('',(6.7538,0.,7.75));
#6128 = SEAM_CURVE('',#6129,(#6133,#6140),.PCURVE_S1.);
#6129 = LINE('',#6130,#6131);
#6130 = CARTESIAN_POINT('',(6.6587,0.,7.5));
#6131 = VECTOR('',#6132,1.);
#6132 = DIRECTION('',(0.355544428683,0.,0.934659381396));
#6133 = PCURVE('',#6053,#6134);
#6134 = DEFINITIONAL_REPRESENTATION('',(#6135),#6139);
#6135 = LINE('',#6136,#6137);
#6136 = CARTESIAN_POINT('',(0.,0.));
#6137 = VECTOR('',#6138,1.);
#6138 = DIRECTION('',(0.,1.));
#6139 = ( GEOMETRIC_REPRESENTATION_CONTEXT(2) 
PARAMETRIC_REPRESENTATION_CONTEXT() REPRESENTATION_CONTEXT('2D SPACE',''
  ) );
#6140 = PCURVE('',#6053,#6141);
#6141 = DEFINITIONAL_REPRESENTATION('',(#6142),#6146);
#6142 = LINE('',#6143,#6144);
#6143 = CARTESIAN_POINT('',(6.28318530718,0.));
#6144 = VECTOR('',#6145,1.);
#6145 = DIRECTION('',(0.,1.));
#6146 = ( GEOMETRIC_REPRESENTATION_CONTEXT(2) 
PARAMETRIC_REPRESENTATION_CONTEXT() REPRESENTATION_CONTEXT('2D SPACE',''
  ) );
#6147 = ORIENTED_EDGE('',*,*,#6148,.F.);
#6148 = EDGE_CURVE('',#6126,#6126,#6149,.T.);
#6149 = SURFACE_CURVE('',#6150,(#6155,#6162),.PCURVE_S1.);
#6150 = CIRCLE('',#6151,6.7538);
#6151 = AXIS2_PLACEMENT_3D('',#6152,#6153,#6154);
#6152 = CARTESIAN_POINT('',(0.,0.,7.75));
#6153 = DIRECTION('',(0.,0.,1.));
#6154 = DIRECTION('',(1.,0.,-0.));
#6155 = PCURVE('',#6053,#6156);
#6156 = DEFINITIONAL_REPRESENTATION('',(#6157),#6161);
#6157 = LINE('',#6158,#6159);
#6158 = CARTESIAN_POINT('',(0.,0.25));
#6159 = VECTOR('',#6160,1.);
#6160 = DIRECTION('',(1.,0.));
#6161 = ( GEOMETRIC_REPRESENTATION_CONTEXT(2) 
PARAMETRIC_REPRESENTATION_CONTEXT() REPRESENTATION_CONTEXT('2D SPACE',''
  ) );
#6162 = PCURVE('',#6163,#6168);
#6163 = CONICAL_SURFACE('',#6164,6.7538,7.704717955084E-02);
#6164 = AXIS2_PLACEMENT_3D('',#6165,#6166,#6167);
#6165 = CARTESIAN_POINT('',(0.,0.,7.75));
#6166 = DIRECTION('',(0.,0.,1.));
#6167 = DIRECTION('',(1.,0.,-0.));
#6168 = DEFINITIONAL_REPRESENTATION('',(#6169),#6173);
#6169 = LINE('',#6170,#6171);
#6170 = CARTESIAN_POINT('',(0.,0.));
#6171 = VECTOR('',#6172,1.);
#6172 = DIRECTION('',(1.,0.));
#6173 = ( GEOMETRIC_REPRESENTATION_CONTEXT(2) 
PARAMETRIC_REPRESENTATION_CONTEXT() REPRESENTATION_CONTEXT('2D SPACE',''
  ) );
#6174 = ORIENTED_EDGE('',*,*,#6125,.F.);
#6175 = ADVANCED_FACE('',(#6176),#6108,.T.);
#6176 = FACE_BOUND('',#6177,.T.);
#6177 = EDGE_LOOP('',(#6178,#6179,#6202,#6229));
#6178 = ORIENTED_EDGE('',*,*,#6093,.T.);
#6179 = ORIENTED_EDGE('',*,*,#6180,.T.);
#6180 = EDGE_CURVE('',#6071,#6181,#6183,.T.);
#6181 = VERTEX_POINT('',#6182);
#6182 = CARTESIAN_POINT('',(6.796,7.75,8.604228440845E-16));
#6183 = SEAM_CURVE('',#6184,(#6188,#6195),.PCURVE_S1.);
#6184 = LINE('',#6185,#6186);
#6185 = CARTESIAN_POINT('',(6.6968,7.5,8.326672684689E-16));
#6186 = VECTOR('',#6187,1.);
#6187 = DIRECTION('',(0.368825125467,0.9294988041,1.031950973674E-16));
#6188 = PCURVE('',#6108,#6189);
#6189 = DEFINITIONAL_REPRESENTATION('',(#6190),#6194);
#6190 = LINE('',#6191,#6192);
#6191 = CARTESIAN_POINT('',(0.,0.));
#6192 = VECTOR('',#6193,1.);
#6193 = DIRECTION('',(0.,1.));
#6194 = ( GEOMETRIC_REPRESENTATION_CONTEXT(2) 
PARAMETRIC_REPRESENTATION_CONTEXT() REPRESENTATION_CONTEXT('2D SPACE',''
  ) );
#6195 = PCURVE('',#6108,#6196);
#6196 = DEFINITIONAL_REPRESENTATION('',(#6197),#6201);
#6197 = LINE('',#6198,#6199);
#6198 = CARTESIAN_POINT('',(6.28318530718,0.));
#6199 = VECTOR('',#6200,1.);
#6200 = DIRECTION('',(0.,1.));
#6201 = ( GEOMETRIC_REPRESENTATION_CONTEXT(2) 
PARAMETRIC_REPRESENTATION_CONTEXT() REPRESENTATION_CONTEXT('2D SPACE',''
  ) );
#6202 = ORIENTED_EDGE('',*,*,#6203,.F.);
#6203 = EDGE_CURVE('',#6181,#6181,#6204,.T.);
#6204 = SURFACE_CURVE('',#6205,(#6210,#6217),.PCURVE_S1.);
#6205 = CIRCLE('',#6206,6.796);
#6206 = AXIS2_PLACEMENT_3D('',#6207,#6208,#6209);
#6207 = CARTESIAN_POINT('',(0.,7.75,8.604228440845E-16));
#6208 = DIRECTION('',(-0.,1.,1.110223024625E-16));
#6209 = DIRECTION('',(1.,0.,0.));
#6210 = PCURVE('',#6108,#6211);
#6211 = DEFINITIONAL_REPRESENTATION('',(#6212),#6216);
#6212 = LINE('',#6213,#6214);
#6213 = CARTESIAN_POINT('',(0.,0.25));
#6214 = VECTOR('',#6215,1.);
#6215 = DIRECTION('',(1.,0.));
#6216 = ( GEOMETRIC_REPRESENTATION_CONTEXT(2) 
PARAMETRIC_REPRESENTATION_CONTEXT() REPRESENTATION_CONTEXT('2D SPACE',''
  ) );
#6217 = PCURVE('',#6218,#6223);
#6218 = CONICAL_SURFACE('',#6219,6.796,9.332808596006E-02);
#6219 = AXIS2_PLACEMENT_3D('',#6220,#6221,#6222);
#6220 = CARTESIAN_POINT('',(0.,7.75,8.604228440845E-16));
#6221 = DIRECTION('',(0.,1.,1.110223024625E-16));
#6222 = DIRECTION('',(1.,0.,0.));
#6223 = DEFINITIONAL_REPRESENTATION('',(#6224),#6228);
#6224 = LINE('',#6225,#6226);
#6225 = CARTESIAN_POINT('',(0.,0.));
#6226 = VECTOR('',#6227,1.);
#6227 = DIRECTION('',(1.,0.));
#6228 = ( GEOMETRIC_REPRESENTATION_CONTEXT(2) 
PARAMETRIC_REPRESENTATION_CONTEXT() REPRESENTATION_CONTEXT('2D SPACE',''
  ) );
#6229 = ORIENTED_EDGE('',*,*,#6180,.F.);
#6230 = ADVANCED_FACE('',(#6231),#6163,.T.);
#6231 = FACE_BOUND('',#6232,.T.);
#6232 = EDGE_LOOP('',(#6233,#6234,#6257,#6284));
#6233 = ORIENTED_EDGE('',*,*,#6148,.T.);
#6234 = ORIENTED_EDGE('',*,*,#6235,.T.);
#6235 = EDGE_CURVE('',#6126,#6236,#6238,.T.);
#6236 = VERTEX_POINT('',#6237);
#6237 = CARTESIAN_POINT('',(6.7731,0.,8.));
#6238 = SEAM_CURVE('',#6239,(#6243,#6250),.PCURVE_S1.);
#6239 = LINE('',#6240,#6241);
#6240 = CARTESIAN_POINT('',(6.7538,0.,7.75));
#6241 = VECTOR('',#6242,1.);
#6242 = DIRECTION('',(7.697097339054E-02,0.,0.997033334074));
#6243 = PCURVE('',#6163,#6244);
#6244 = DEFINITIONAL_REPRESENTATION('',(#6245),#6249);
#6245 = LINE('',#6246,#6247);
#6246 = CARTESIAN_POINT('',(0.,0.));
#6247 = VECTOR('',#6248,1.);
#6248 = DIRECTION('',(0.,1.));
#6249 = ( GEOMETRIC_REPRESENTATION_CONTEXT(2) 
PARAMETRIC_REPRESENTATION_CONTEXT() REPRESENTATION_CONTEXT('2D SPACE',''
  ) );
#6250 = PCURVE('',#6163,#6251);
#6251 = DEFINITIONAL_REPRESENTATION('',(#6252),#6256);
#6252 = LINE('',#6253,#6254);
#6253 = CARTESIAN_POINT('',(6.28318530718,0.));
#6254 = VECTOR('',#6255,1.);
#6255 = DIRECTION('',(0.,1.));
#6256 = ( GEOMETRIC_REPRESENTATION_CONTEXT(2) 
PARAMETRIC_REPRESENTATION_CONTEXT() REPRESENTATION_CONTEXT('2D SPACE',''
  ) );
#6257 = ORIENTED_EDGE('',*,*,#6258,.F.);
#6258 = EDGE_CURVE('',#6236,#6236,#6259,.T.);
#6259 = SURFACE_CURVE('',#6260,(#6265,#6272),.PCURVE_S1.);
#6260 = CIRCLE('',#6261,6.7731);
#6261 = AXIS2_PLACEMENT_3D('',#6262,#6263,#6264);
#6262 = CARTESIAN_POINT('',(0.,0.,8.));
#6263 = DIRECTION('',(0.,0.,1.));
#6264 = DIRECTION('',(1.,0.,-0.));
#6265 = PCURVE('',#6163,#6266);
#6266 = DEFINITIONAL_REPRESENTATION('',(#6267),#6271);
#6267 = LINE('',#6268,#6269);
#6268 = CARTESIAN_POINT('',(0.,0.25));
#6269 = VECTOR('',#6270,1.);
#6270 = DIRECTION('',(1.,0.));
#6271 = ( GEOMETRIC_REPRESENTATION_CONTEXT(2) 
PARAMETRIC_REPRESENTATION_CONTEXT() REPRESENTATION_CONTEXT('2D SPACE',''
  ) );
#6272 = PCURVE('',#6273,#6278);
#6273 = CONICAL_SURFACE('',#6274,6.7731,1.039962506966E-02);
#6274 = AXIS2_PLACEMENT_3D('',#6275,#6276,#6277);
#6275 = CARTESIAN_POINT('',(0.,0.,8.));
#6276 = DIRECTION('',(0.,0.,1.));
#6277 = DIRECTION('',(1.,0.,-0.));
#6278 = DEFINITIONAL_REPRESENTATION('',(#6279),#6283);
#6279 = LINE('',#6280,#6281);
#6280 = CARTESIAN_POINT('',(0.,0.));
#6281 = VECTOR('',#6282,1.);
#6282 = DIRECTION('',(1.,0.));
#6283 = ( GEOMETRIC_REPRESENTATION_CONTEXT(2) 
PARAMETRIC_REPRESENTATION_CONTEXT() REPRESENTATION_CONTEXT('2D SPACE',''
  ) );
#6284 = ORIENTED_EDGE('',*,*,#6235,.F.);
#6285 = ADVANCED_FACE('',(#6286),#6218,.T.);
#6286 = FACE_BOUND('',#6287,.T.);
#6287 = EDGE_LOOP('',(#6288,#6289,#6312,#6339));
#6288 = ORIENTED_EDGE('',*,*,#6203,.T.);
#6289 = ORIENTED_EDGE('',*,*,#6290,.T.);
#6290 = EDGE_CURVE('',#6181,#6291,#6293,.T.);
#6291 = VERTEX_POINT('',#6292);
#6292 = CARTESIAN_POINT('',(6.8194,8.,8.881784197001E-16));
#6293 = SEAM_CURVE('',#6294,(#6298,#6305),.PCURVE_S1.);
#6294 = LINE('',#6295,#6296);
#6295 = CARTESIAN_POINT('',(6.796,7.75,8.604228440845E-16));
#6296 = VECTOR('',#6297,1.);
#6297 = DIRECTION('',(9.31926616328E-02,0.995648094368,
    1.105391438791E-16));
#6298 = PCURVE('',#6218,#6299);
#6299 = DEFINITIONAL_REPRESENTATION('',(#6300),#6304);
#6300 = LINE('',#6301,#6302);
#6301 = CARTESIAN_POINT('',(0.,0.));
#6302 = VECTOR('',#6303,1.);
#6303 = DIRECTION('',(0.,1.));
#6304 = ( GEOMETRIC_REPRESENTATION_CONTEXT(2) 
PARAMETRIC_REPRESENTATION_CONTEXT() REPRESENTATION_CONTEXT('2D SPACE',''
  ) );
#6305 = PCURVE('',#6218,#6306);
#6306 = DEFINITIONAL_REPRESENTATION('',(#6307),#6311);
#6307 = LINE('',#6308,#6309);
#6308 = CARTESIAN_POINT('',(6.28318530718,0.));
#6309 = VECTOR('',#6310,1.);
#6310 = DIRECTION('',(0.,1.));
#6311 = ( GEOMETRIC_REPRESENTATION_CONTEXT(2) 
PARAMETRIC_REPRESENTATION_CONTEXT() REPRESENTATION_CONTEXT('2D SPACE',''
  ) );
#6312 = ORIENTED_EDGE('',*,*,#6313,.F.);
#6313 = EDGE_CURVE('',#6291,#6291,#6314,.T.);
#6314 = SURFACE_CURVE('',#6315,(#6320,#6327),.PCURVE_S1.);
#6315 = CIRCLE('',#6316,6.8194);
#6316 = AXIS2_PLACEMENT_3D('',#6317,#6318,#6319);
#6317 = CARTESIAN_POINT('',(0.,8.,8.881784197001E-16));
#6318 = DIRECTION('',(-0.,1.,1.110223024625E-16));
#6319 = DIRECTION('',(1.,0.,0.));
#6320 = PCURVE('',#6218,#6321);
#6321 = DEFINITIONAL_REPRESENTATION('',(#6322),#6326);
#6322 = LINE('',#6323,#6324);
#6323 = CARTESIAN_POINT('',(0.,0.25));
#6324 = VECTOR('',#6325,1.);
#6325 = DIRECTION('',(1.,0.));
#6326 = ( GEOMETRIC_REPRESENTATION_CONTEXT(2) 
PARAMETRIC_REPRESENTATION_CONTEXT() REPRESENTATION_CONTEXT('2D SPACE',''
  ) );
#6327 = PCURVE('',#6328,#6333);
#6328 = CONICAL_SURFACE('',#6329,6.8194,2.679358648631E-02);
#6329 = AXIS2_PLACEMENT_3D('',#6330,#6331,#6332);
#6330 = CARTESIAN_POINT('',(0.,8.,8.881784197001E-16));
#6331 = DIRECTION('',(0.,1.,1.110223024625E-16));
#6332 = DIRECTION('',(1.,0.,0.));
#6333 = DEFINITIONAL_REPRESENTATION('',(#6334),#6338);
#6334 = LINE('',#6335,#6336);
#6335 = CARTESIAN_POINT('',(0.,0.));
#6336 = VECTOR('',#6337,1.);
#6337 = DIRECTION('',(1.,0.));
#6338 = ( GEOMETRIC_REPRESENTATION_CONTEXT(2) 
PARAMETRIC_REPRESENTATION_CONTEXT() REPRESENTATION_CONTEXT('2D SPACE',''
  ) );
#6339 = ORIENTED_EDGE('',*,*,#6290,.F.);
#6340 = ADVANCED_FACE('',(#6341),#6273,.T.);
#6341 = FACE_BOUND('',#6342,.T.);
#6342 = EDGE_LOOP('',(#6343,#6344,#6367,#6394));
#6343 = ORIENTED_EDGE('',*,*,#6258,.T.);
#6344 = ORIENTED_EDGE('',*,*,#6345,.T.);
#6345 = EDGE_CURVE('',#6236,#6346,#6348,.T.);
#6346 = VERTEX_POINT('',#6347);
#6347 = CARTESIAN_POINT('',(6.7757,0.,8.25));
#6348 = SEAM_CURVE('',#6349,(#6353,#6360),.PCURVE_S1.);
#6349 = LINE('',#6350,#6351);
#6350 = CARTESIAN_POINT('',(6.7731,0.,8.));
#6351 = VECTOR('',#6352,1.);
#6352 = DIRECTION('',(1.039943761362E-02,0.,0.999945924387));
#6353 = PCURVE('',#6273,#6354);
#6354 = DEFINITIONAL_REPRESENTATION('',(#6355),#6359);
#6355 = LINE('',#6356,#6357);
#6356 = CARTESIAN_POINT('',(0.,0.));
#6357 = VECTOR('',#6358,1.);
#6358 = DIRECTION('',(0.,1.));
#6359 = ( GEOMETRIC_REPRESENTATION_CONTEXT(2) 
PARAMETRIC_REPRESENTATION_CONTEXT() REPRESENTATION_CONTEXT('2D SPACE',''
  ) );
#6360 = PCURVE('',#6273,#6361);
#6361 = DEFINITIONAL_REPRESENTATION('',(#6362),#6366);
#6362 = LINE('',#6363,#6364);
#6363 = CARTESIAN_POINT('',(6.28318530718,0.));
#6364 = VECTOR('',#6365,1.);
#6365 = DIRECTION('',(0.,1.));
#6366 = ( GEOMETRIC_REPRESENTATION_CONTEXT(2) 
PARAMETRIC_REPRESENTATION_CONTEXT() REPRESENTATION_CONTEXT('2D SPACE',''
  ) );
#6367 = ORIENTED_EDGE('',*,*,#6368,.F.);
#6368 = EDGE_CURVE('',#6346,#6346,#6369,.T.);
#6369 = SURFACE_CURVE('',#6370,(#6375,#6382),.PCURVE_S1.);
#6370 = CIRCLE('',#6371,6.7757);
#6371 = AXIS2_PLACEMENT_3D('',#6372,#6373,#6374);
#6372 = CARTESIAN_POINT('',(0.,0.,8.25));
#6373 = DIRECTION('',(0.,0.,1.));
#6374 = DIRECTION('',(1.,0.,-0.));
#6375 = PCURVE('',#6273,#6376);
#6376 = DEFINITIONAL_REPRESENTATION('',(#6377),#6381);
#6377 = LINE('',#6378,#6379);
#6378 = CARTESIAN_POINT('',(0.,0.25));
#6379 = VECTOR('',#6380,1.);
#6380 = DIRECTION('',(1.,0.));
#6381 = ( GEOMETRIC_REPRESENTATION_CONTEXT(2) 
PARAMETRIC_REPRESENTATION_CONTEXT() REPRESENTATION_CONTEXT('2D SPACE',''
  ) );
#6382 = PCURVE('',#6383,#6388);
#6383 = CONICAL_SURFACE('',#6384,6.7757,1.039962506967E-02);
#6384 = AXIS2_PLACEMENT_3D('',#6385,#6386,#6387);
#6385 = CARTESIAN_POINT('',(0.,0.,8.25));
#6386 = DIRECTION('',(0.,0.,1.));
#6387 = DIRECTION('',(1.,0.,-0.));
#6388 = DEFINITIONAL_REPRESENTATION('',(#6389),#6393);
#6389 = LINE('',#6390,#6391);
#6390 = CARTESIAN_POINT('',(0.,0.));
#6391 = VECTOR('',#6392,1.);
#6392 = DIRECTION('',(1.,0.));
#6393 = ( GEOMETRIC_REPRESENTATION_CONTEXT(2) 
PARAMETRIC_REPRESENTATION_CONTEXT() REPRESENTATION_CONTEXT('2D SPACE',''
  ) );
#6394 = ORIENTED_EDGE('',*,*,#6345,.F.);
#6395 = ADVANCED_FACE('',(#6396),#6328,.T.);
#6396 = FACE_BOUND('',#6397,.T.);
#6397 = EDGE_LOOP('',(#6398,#6399,#6422,#6449));
#6398 = ORIENTED_EDGE('',*,*,#6313,.T.);
#6399 = ORIENTED_EDGE('',*,*,#6400,.T.);
#6400 = EDGE_CURVE('',#6291,#6401,#6403,.T.);
#6401 = VERTEX_POINT('',#6402);
#6402 = CARTESIAN_POINT('',(6.8261,8.25,9.159339953158E-16));
#6403 = SEAM_CURVE('',#6404,(#6408,#6415),.PCURVE_S1.);
#6404 = LINE('',#6405,#6406);
#6405 = CARTESIAN_POINT('',(6.8194,8.,8.881784197001E-16));
#6406 = VECTOR('',#6407,1.);
#6407 = DIRECTION('',(2.679038076538E-02,0.999641073335,
    1.109824535978E-16));
#6408 = PCURVE('',#6328,#6409);
#6409 = DEFINITIONAL_REPRESENTATION('',(#6410),#6414);
#6410 = LINE('',#6411,#6412);
#6411 = CARTESIAN_POINT('',(0.,0.));
#6412 = VECTOR('',#6413,1.);
#6413 = DIRECTION('',(0.,1.));
#6414 = ( GEOMETRIC_REPRESENTATION_CONTEXT(2) 
PARAMETRIC_REPRESENTATION_CONTEXT() REPRESENTATION_CONTEXT('2D SPACE',''
  ) );
#6415 = PCURVE('',#6328,#6416);
#6416 = DEFINITIONAL_REPRESENTATION('',(#6417),#6421);
#6417 = LINE('',#6418,#6419);
#6418 = CARTESIAN_POINT('',(6.28318530718,0.));
#6419 = VECTOR('',#6420,1.);
#6420 = DIRECTION('',(0.,1.));
#6421 = ( GEOMETRIC_REPRESENTATION_CONTEXT(2) 
PARAMETRIC_REPRESENTATION_CONTEXT() REPRESENTATION_CONTEXT('2D SPACE',''
  ) );
#6422 = ORIENTED_EDGE('',*,*,#6423,.F.);
#6423 = EDGE_CURVE('',#6401,#6401,#6424,.T.);
#6424 = SURFACE_CURVE('',#6425,(#6430,#6437),.PCURVE_S1.);
#6425 = CIRCLE('',#6426,6.8261);
#6426 = AXIS2_PLACEMENT_3D('',#6427,#6428,#6429);
#6427 = CARTESIAN_POINT('',(0.,8.25,9.159339953158E-16));
#6428 = DIRECTION('',(-0.,1.,1.110223024625E-16));
#6429 = DIRECTION('',(1.,0.,0.));
#6430 = PCURVE('',#6328,#6431);
#6431 = DEFINITIONAL_REPRESENTATION('',(#6432),#6436);
#6432 = LINE('',#6433,#6434);
#6433 = CARTESIAN_POINT('',(0.,0.25));
#6434 = VECTOR('',#6435,1.);
#6435 = DIRECTION('',(1.,0.));
#6436 = ( GEOMETRIC_REPRESENTATION_CONTEXT(2) 
PARAMETRIC_REPRESENTATION_CONTEXT() REPRESENTATION_CONTEXT('2D SPACE',''
  ) );
#6437 = PCURVE('',#6438,#6443);
#6438 = CONICAL_SURFACE('',#6439,6.8261,1.359916160771E-02);
#6439 = AXIS2_PLACEMENT_3D('',#6440,#6441,#6442);
#6440 = CARTESIAN_POINT('',(0.,8.25,9.159339953158E-16));
#6441 = DIRECTION('',(0.,1.,1.110223024625E-16));
#6442 = DIRECTION('',(1.,0.,0.));
#6443 = DEFINITIONAL_REPRESENTATION('',(#6444),#6448);
#6444 = LINE('',#6445,#6446);
#6445 = CARTESIAN_POINT('',(0.,0.));
#6446 = VECTOR('',#6447,1.);
#6447 = DIRECTION('',(1.,0.));
#6448 = ( GEOMETRIC_REPRESENTATION_CONTEXT(2) 
PARAMETRIC_REPRESENTATION_CONTEXT() REPRESENTATION_CONTEXT('2D SPACE',''
  ) );
#6449 = ORIENTED_EDGE('',*,*,#6400,.F.);
#6450 = ADVANCED_FACE('',(#6451),#6383,.T.);
#6451 = FACE_BOUND('',#6452,.T.);
#6452 = EDGE_LOOP('',(#6453,#6454,#6477,#6504));
#6453 = ORIENTED_EDGE('',*,*,#6368,.T.);
#6454 = ORIENTED_EDGE('',*,*,#6455,.T.);
#6455 = EDGE_CURVE('',#6346,#6456,#6458,.T.);
#6456 = VERTEX_POINT('',#6457);
#6457 = CARTESIAN_POINT('',(6.7783,0.,8.5));
#6458 = SEAM_CURVE('',#6459,(#6463,#6470),.PCURVE_S1.);
#6459 = LINE('',#6460,#6461);
#6460 = CARTESIAN_POINT('',(6.7757,0.,8.25));
#6461 = VECTOR('',#6462,1.);
#6462 = DIRECTION('',(1.039943761362E-02,0.,0.999945924387));
#6463 = PCURVE('',#6383,#6464);
#6464 = DEFINITIONAL_REPRESENTATION('',(#6465),#6469);
#6465 = LINE('',#6466,#6467);
#6466 = CARTESIAN_POINT('',(0.,0.));
#6467 = VECTOR('',#6468,1.);
#6468 = DIRECTION('',(0.,1.));
#6469 = ( GEOMETRIC_REPRESENTATION_CONTEXT(2) 
PARAMETRIC_REPRESENTATION_CONTEXT() REPRESENTATION_CONTEXT('2D SPACE',''
  ) );
#6470 = PCURVE('',#6383,#6471);
#6471 = DEFINITIONAL_REPRESENTATION('',(#6472),#6476);
#6472 = LINE('',#6473,#6474);
#6473 = CARTESIAN_POINT('',(6.28318530718,0.));
#6474 = VECTOR('',#6475,1.);
#6475 = DIRECTION('',(0.,1.));
#6476 = ( GEOMETRIC_REPRESENTATION_CONTEXT(2) 
PARAMETRIC_REPRESENTATION_CONTEXT() REPRESENTATION_CONTEXT('2D SPACE',''
  ) );
#6477 = ORIENTED_EDGE('',*,*,#6478,.F.);
#6478 = EDGE_CURVE('',#6456,#6456,#6479,.T.);
#6479 = SURFACE_CURVE('',#6480,(#6485,#6492),.PCURVE_S1.);
#6480 = CIRCLE('',#6481,6.7783);
#6481 = AXIS2_PLACEMENT_3D('',#6482,#6483,#6484);
#6482 = CARTESIAN_POINT('',(0.,0.,8.5));
#6483 = DIRECTION('',(0.,0.,1.));
#6484 = DIRECTION('',(1.,0.,-0.));
#6485 = PCURVE('',#6383,#6486);
#6486 = DEFINITIONAL_REPRESENTATION('',(#6487),#6491);
#6487 = LINE('',#6488,#6489);
#6488 = CARTESIAN_POINT('',(0.,0.25));
#6489 = VECTOR('',#6490,1.);
#6490 = DIRECTION('',(1.,0.));
#6491 = ( GEOMETRIC_REPRESENTATION_CONTEXT(2) 
PARAMETRIC_REPRESENTATION_CONTEXT() REPRESENTATION_CONTEXT('2D SPACE',''
  ) );
#6492 = PCURVE('',#6493,#6498);
#6493 = CONICAL_SURFACE('',#6494,6.7783,1.719830415168E-02);
#6494 = AXIS2_PLACEMENT_3D('',#6495,#6496,#6497);
#6495 = CARTESIAN_POINT('',(0.,0.,8.5));
#6496 = DIRECTION('',(0.,0.,1.));
#6497 = DIRECTION('',(1.,0.,-0.));
#6498 = DEFINITIONAL_REPRESENTATION('',(#6499),#6503);
#6499 = LINE('',#6500,#6501);
#6500 = CARTESIAN_POINT('',(0.,0.));
#6501 = VECTOR('',#6502,1.);
#6502 = DIRECTION('',(1.,0.));
#6503 = ( GEOMETRIC_REPRESENTATION_CONTEXT(2) 
PARAMETRIC_REPRESENTATION_CONTEXT() REPRESENTATION_CONTEXT('2D SPACE',''
  ) );
#6504 = ORIENTED_EDGE('',*,*,#6455,.F.);
#6505 = ADVANCED_FACE('',(#6506),#6438,.T.);
#6506 = FACE_BOUND('',#6507,.T.);
#6507 = EDGE_LOOP('',(#6508,#6509,#6532,#6559));
#6508 = ORIENTED_EDGE('',*,*,#6423,.T.);
#6509 = ORIENTED_EDGE('',*,*,#6510,.T.);
#6510 = EDGE_CURVE('',#6401,#6511,#6513,.T.);
#6511 = VERTEX_POINT('',#6512);
#6512 = CARTESIAN_POINT('',(6.8295,8.5,9.436895709314E-16));
#6513 = SEAM_CURVE('',#6514,(#6518,#6525),.PCURVE_S1.);
#6514 = LINE('',#6515,#6516);
#6515 = CARTESIAN_POINT('',(6.8261,8.25,9.159339953158E-16));
#6516 = VECTOR('',#6517,1.);
#6517 = DIRECTION('',(1.359874244645E-02,0.999907532827,
    1.110120365441E-16));
#6518 = PCURVE('',#6438,#6519);
#6519 = DEFINITIONAL_REPRESENTATION('',(#6520),#6524);
#6520 = LINE('',#6521,#6522);
#6521 = CARTESIAN_POINT('',(0.,0.));
#6522 = VECTOR('',#6523,1.);
#6523 = DIRECTION('',(0.,1.));
#6524 = ( GEOMETRIC_REPRESENTATION_CONTEXT(2) 
PARAMETRIC_REPRESENTATION_CONTEXT() REPRESENTATION_CONTEXT('2D SPACE',''
  ) );
#6525 = PCURVE('',#6438,#6526);
#6526 = DEFINITIONAL_REPRESENTATION('',(#6527),#6531);
#6527 = LINE('',#6528,#6529);
#6528 = CARTESIAN_POINT('',(6.28318530718,0.));
#6529 = VECTOR('',#6530,1.);
#6530 = DIRECTION('',(0.,1.));
#6531 = ( GEOMETRIC_REPRESENTATION_CONTEXT(2) 
PARAMETRIC_REPRESENTATION_CONTEXT() REPRESENTATION_CONTEXT('2D SPACE',''
  ) );
#6532 = ORIENTED_EDGE('',*,*,#6533,.F.);
#6533 = EDGE_CURVE('',#6511,#6511,#6534,.T.);
#6534 = SURFACE_CURVE('',#6535,(#6540,#6547),.PCURVE_S1.);
#6535 = CIRCLE('',#6536,6.8295);
#6536 = AXIS2_PLACEMENT_3D('',#6537,#6538,#6539);
#6537 = CARTESIAN_POINT('',(0.,8.5,9.436895709314E-16));
#6538 = DIRECTION('',(-0.,1.,1.110223024625E-16));
#6539 = DIRECTION('',(1.,0.,0.));
#6540 = PCURVE('',#6438,#6541);
#6541 = DEFINITIONAL_REPRESENTATION('',(#6542),#6546);
#6542 = LINE('',#6543,#6544);
#6543 = CARTESIAN_POINT('',(0.,0.25));
#6544 = VECTOR('',#6545,1.);
#6545 = DIRECTION('',(1.,0.));
#6546 = ( GEOMETRIC_REPRESENTATION_CONTEXT(2) 
PARAMETRIC_REPRESENTATION_CONTEXT() REPRESENTATION_CONTEXT('2D SPACE',''
  ) );
#6547 = PCURVE('',#6548,#6553);
#6548 = CONICAL_SURFACE('',#6549,6.8295,1.719830415168E-02);
#6549 = AXIS2_PLACEMENT_3D('',#6550,#6551,#6552);
#6550 = CARTESIAN_POINT('',(0.,8.5,9.436895709314E-16));
#6551 = DIRECTION('',(0.,1.,1.110223024625E-16));
#6552 = DIRECTION('',(1.,0.,0.));
#6553 = DEFINITIONAL_REPRESENTATION('',(#6554),#6558);
#6554 = LINE('',#6555,#6556);
#6555 = CARTESIAN_POINT('',(0.,0.));
#6556 = VECTOR('',#6557,1.);
#6557 = DIRECTION('',(1.,0.));
#6558 = ( GEOMETRIC_REPRESENTATION_CONTEXT(2) 
PARAMETRIC_REPRESENTATION_CONTEXT() REPRESENTATION_CONTEXT('2D SPACE',''
  ) );
#6559 = ORIENTED_EDGE('',*,*,#6510,.F.);
#6560 = ADVANCED_FACE('',(#6561),#6493,.T.);
#6561 = FACE_BOUND('',#6562,.T.);
#6562 = EDGE_LOOP('',(#6563,#6564,#6587,#6614));
#6563 = ORIENTED_EDGE('',*,*,#6478,.T.);
#6564 = ORIENTED_EDGE('',*,*,#6565,.T.);
#6565 = EDGE_CURVE('',#6456,#6566,#6568,.T.);
#6566 = VERTEX_POINT('',#6567);
#6567 = CARTESIAN_POINT('',(6.7826,0.,8.75));
#6568 = SEAM_CURVE('',#6569,(#6573,#6580),.PCURVE_S1.);
#6569 = LINE('',#6570,#6571);
#6570 = CARTESIAN_POINT('',(6.7783,0.,8.5));
#6571 = VECTOR('',#6572,1.);
#6572 = DIRECTION('',(1.719745634038E-02,0.,0.999852112812));
#6573 = PCURVE('',#6493,#6574);
#6574 = DEFINITIONAL_REPRESENTATION('',(#6575),#6579);
#6575 = LINE('',#6576,#6577);
#6576 = CARTESIAN_POINT('',(0.,0.));
#6577 = VECTOR('',#6578,1.);
#6578 = DIRECTION('',(0.,1.));
#6579 = ( GEOMETRIC_REPRESENTATION_CONTEXT(2) 
PARAMETRIC_REPRESENTATION_CONTEXT() REPRESENTATION_CONTEXT('2D SPACE',''
  ) );
#6580 = PCURVE('',#6493,#6581);
#6581 = DEFINITIONAL_REPRESENTATION('',(#6582),#6586);
#6582 = LINE('',#6583,#6584);
#6583 = CARTESIAN_POINT('',(6.28318530718,0.));
#6584 = VECTOR('',#6585,1.);
#6585 = DIRECTION('',(0.,1.));
#6586 = ( GEOMETRIC_REPRESENTATION_CONTEXT(2) 
PARAMETRIC_REPRESENTATION_CONTEXT() REPRESENTATION_CONTEXT('2D SPACE',''
  ) );
#6587 = ORIENTED_EDGE('',*,*,#6588,.F.);
#6588 = EDGE_CURVE('',#6566,#6566,#6589,.T.);
#6589 = SURFACE_CURVE('',#6590,(#6595,#6602),.PCURVE_S1.);
#6590 = CIRCLE('',#6591,6.7826);
#6591 = AXIS2_PLACEMENT_3D('',#6592,#6593,#6594);
#6592 = CARTESIAN_POINT('',(0.,0.,8.75));
#6593 = DIRECTION('',(0.,0.,1.));
#6594 = DIRECTION('',(1.,0.,-0.));
#6595 = PCURVE('',#6493,#6596);
#6596 = DEFINITIONAL_REPRESENTATION('',(#6597),#6601);
#6597 = LINE('',#6598,#6599);
#6598 = CARTESIAN_POINT('',(0.,0.25));
#6599 = VECTOR('',#6600,1.);
#6600 = DIRECTION('',(1.,0.));
#6601 = ( GEOMETRIC_REPRESENTATION_CONTEXT(2) 
PARAMETRIC_REPRESENTATION_CONTEXT() REPRESENTATION_CONTEXT('2D SPACE',''
  ) );
#6602 = PCURVE('',#6603,#6608);
#6603 = CONICAL_SURFACE('',#6604,6.7826,2.079700114108E-02);
#6604 = AXIS2_PLACEMENT_3D('',#6605,#6606,#6607);
#6605 = CARTESIAN_POINT('',(0.,0.,8.75));
#6606 = DIRECTION('',(0.,0.,1.));
#6607 = DIRECTION('',(1.,0.,-0.));
#6608 = DEFINITIONAL_REPRESENTATION('',(#6609),#6613);
#6609 = LINE('',#6610,#6611);
#6610 = CARTESIAN_POINT('',(0.,0.));
#6611 = VECTOR('',#6612,1.);
#6612 = DIRECTION('',(1.,0.));
#6613 = ( GEOMETRIC_REPRESENTATION_CONTEXT(2) 
PARAMETRIC_REPRESENTATION_CONTEXT() REPRESENTATION_CONTEXT('2D SPACE',''
  ) );
#6614 = ORIENTED_EDGE('',*,*,#6565,.F.);
#6615 = ADVANCED_FACE('',(#6616),#6548,.T.);
#6616 = FACE_BOUND('',#6617,.T.);
#6617 = EDGE_LOOP('',(#6618,#6619,#6642,#6669));
#6618 = ORIENTED_EDGE('',*,*,#6533,.T.);
#6619 = ORIENTED_EDGE('',*,*,#6620,.T.);
#6620 = EDGE_CURVE('',#6511,#6621,#6623,.T.);
#6621 = VERTEX_POINT('',#6622);
#6622 = CARTESIAN_POINT('',(6.8338,8.75,9.71445146547E-16));
#6623 = SEAM_CURVE('',#6624,(#6628,#6635),.PCURVE_S1.);
#6624 = LINE('',#6625,#6626);
#6625 = CARTESIAN_POINT('',(6.8295,8.5,9.436895709314E-16));
#6626 = VECTOR('',#6627,1.);
#6627 = DIRECTION('',(1.719745634037E-02,0.999852112812,
    1.110058836864E-16));
#6628 = PCURVE('',#6548,#6629);
#6629 = DEFINITIONAL_REPRESENTATION('',(#6630),#6634);
#6630 = LINE('',#6631,#6632);
#6631 = CARTESIAN_POINT('',(0.,0.));
#6632 = VECTOR('',#6633,1.);
#6633 = DIRECTION('',(0.,1.));
#6634 = ( GEOMETRIC_REPRESENTATION_CONTEXT(2) 
PARAMETRIC_REPRESENTATION_CONTEXT() REPRESENTATION_CONTEXT('2D SPACE',''
  ) );
#6635 = PCURVE('',#6548,#6636);
#6636 = DEFINITIONAL_REPRESENTATION('',(#6637),#6641);
#6637 = LINE('',#6638,#6639);
#6638 = CARTESIAN_POINT('',(6.28318530718,0.));
#6639 = VECTOR('',#6640,1.);
#6640 = DIRECTION('',(0.,1.));
#6641 = ( GEOMETRIC_REPRESENTATION_CONTEXT(2) 
PARAMETRIC_REPRESENTATION_CONTEXT() REPRESENTATION_CONTEXT('2D SPACE',''
  ) );
#6642 = ORIENTED_EDGE('',*,*,#6643,.F.);
#6643 = EDGE_CURVE('',#6621,#6621,#6644,.T.);
#6644 = SURFACE_CURVE('',#6645,(#6650,#6657),.PCURVE_S1.);
#6645 = CIRCLE('',#6646,6.8338);
#6646 = AXIS2_PLACEMENT_3D('',#6647,#6648,#6649);
#6647 = CARTESIAN_POINT('',(0.,8.75,9.71445146547E-16));
#6648 = DIRECTION('',(-0.,1.,1.110223024625E-16));
#6649 = DIRECTION('',(1.,0.,0.));
#6650 = PCURVE('',#6548,#6651);
#6651 = DEFINITIONAL_REPRESENTATION('',(#6652),#6656);
#6652 = LINE('',#6653,#6654);
#6653 = CARTESIAN_POINT('',(0.,0.25));
#6654 = VECTOR('',#6655,1.);
#6655 = DIRECTION('',(1.,0.));
#6656 = ( GEOMETRIC_REPRESENTATION_CONTEXT(2) 
PARAMETRIC_REPRESENTATION_CONTEXT() REPRESENTATION_CONTEXT('2D SPACE',''
  ) );
#6657 = PCURVE('',#6658,#6663);
#6658 = CONICAL_SURFACE('',#6659,6.8338,2.079700114109E-02);
#6659 = AXIS2_PLACEMENT_3D('',#6660,#6661,#6662);
#6660 = CARTESIAN_POINT('',(0.,8.75,9.71445146547E-16));
#6661 = DIRECTION('',(0.,1.,1.110223024625E-16));
#6662 = DIRECTION('',(1.,0.,0.));
#6663 = DEFINITIONAL_REPRESENTATION('',(#6664),#6668);
#6664 = LINE('',#6665,#6666);
#6665 = CARTESIAN_POINT('',(0.,0.));
#6666 = VECTOR('',#6667,1.);
#6667 = DIRECTION('',(1.,0.));
#6668 = ( GEOMETRIC_REPRESENTATION_CONTEXT(2) 
PARAMETRIC_REPRESENTATION_CONTEXT() REPRESENTATION_CONTEXT('2D SPACE',''
  ) );
#6669 = ORIENTED_EDGE('',*,*,#6620,.F.);
#6670 = ADVANCED_FACE('',(#6671),#6603,.T.);
#6671 = FACE_BOUND('',#6672,.T.);
#6672 = EDGE_LOOP('',(#6673,#6674,#6697,#6724));
#6673 = ORIENTED_EDGE('',*,*,#6588,.T.);
#6674 = ORIENTED_EDGE('',*,*,#6675,.T.);
#6675 = EDGE_CURVE('',#6566,#6676,#6678,.T.);
#6676 = VERTEX_POINT('',#6677);
#6677 = CARTESIAN_POINT('',(6.7878,0.,9.));
#6678 = SEAM_CURVE('',#6679,(#6683,#6690),.PCURVE_S1.);
#6679 = LINE('',#6680,#6681);
#6680 = CARTESIAN_POINT('',(6.7826,0.,8.75));
#6681 = VECTOR('',#6682,1.);
#6682 = DIRECTION('',(2.079550200346E-02,0.,0.999783750166));
#6683 = PCURVE('',#6603,#6684);
#6684 = DEFINITIONAL_REPRESENTATION('',(#6685),#6689);
#6685 = LINE('',#6686,#6687);
#6686 = CARTESIAN_POINT('',(0.,0.));
#6687 = VECTOR('',#6688,1.);
#6688 = DIRECTION('',(0.,1.));
#6689 = ( GEOMETRIC_REPRESENTATION_CONTEXT(2) 
PARAMETRIC_REPRESENTATION_CONTEXT() REPRESENTATION_CONTEXT('2D SPACE',''
  ) );
#6690 = PCURVE('',#6603,#6691);
#6691 = DEFINITIONAL_REPRESENTATION('',(#6692),#6696);
#6692 = LINE('',#6693,#6694);
#6693 = CARTESIAN_POINT('',(6.28318530718,0.));
#6694 = VECTOR('',#6695,1.);
#6695 = DIRECTION('',(0.,1.));
#6696 = ( GEOMETRIC_REPRESENTATION_CONTEXT(2) 
PARAMETRIC_REPRESENTATION_CONTEXT() REPRESENTATION_CONTEXT('2D SPACE',''
  ) );
#6697 = ORIENTED_EDGE('',*,*,#6698,.F.);
#6698 = EDGE_CURVE('',#6676,#6676,#6699,.T.);
#6699 = SURFACE_CURVE('',#6700,(#6705,#6712),.PCURVE_S1.);
#6700 = CIRCLE('',#6701,6.7878);
#6701 = AXIS2_PLACEMENT_3D('',#6702,#6703,#6704);
#6702 = CARTESIAN_POINT('',(0.,0.,9.));
#6703 = DIRECTION('',(0.,0.,1.));
#6704 = DIRECTION('',(1.,0.,-0.));
#6705 = PCURVE('',#6603,#6706);
#6706 = DEFINITIONAL_REPRESENTATION('',(#6707),#6711);
#6707 = LINE('',#6708,#6709);
#6708 = CARTESIAN_POINT('',(0.,0.25));
#6709 = VECTOR('',#6710,1.);
#6710 = DIRECTION('',(1.,0.));
#6711 = ( GEOMETRIC_REPRESENTATION_CONTEXT(2) 
PARAMETRIC_REPRESENTATION_CONTEXT() REPRESENTATION_CONTEXT('2D SPACE',''
  ) );
#6712 = PCURVE('',#6713,#6718);
#6713 = CONICAL_SURFACE('',#6714,6.7878,2.799268610682E-02);
#6714 = AXIS2_PLACEMENT_3D('',#6715,#6716,#6717);
#6715 = CARTESIAN_POINT('',(0.,0.,9.));
#6716 = DIRECTION('',(0.,0.,1.));
#6717 = DIRECTION('',(1.,0.,-0.));
#6718 = DEFINITIONAL_REPRESENTATION('',(#6719),#6723);
#6719 = LINE('',#6720,#6721);
#6720 = CARTESIAN_POINT('',(0.,0.));
#6721 = VECTOR('',#6722,1.);
#6722 = DIRECTION('',(1.,0.));
#6723 = ( GEOMETRIC_REPRESENTATION_CONTEXT(2) 
PARAMETRIC_REPRESENTATION_CONTEXT() REPRESENTATION_CONTEXT('2D SPACE',''
  ) );
#6724 = ORIENTED_EDGE('',*,*,#6675,.F.);
#6725 = ADVANCED_FACE('',(#6726),#6658,.T.);
#6726 = FACE_BOUND('',#6727,.T.);
#6727 = EDGE_LOOP('',(#6728,#6729,#6752,#6779));
#6728 = ORIENTED_EDGE('',*,*,#6643,.T.);
#6729 = ORIENTED_EDGE('',*,*,#6730,.T.);
#6730 = EDGE_CURVE('',#6621,#6731,#6733,.T.);
#6731 = VERTEX_POINT('',#6732);
#6732 = CARTESIAN_POINT('',(6.839,9.,9.992007221626E-16));
#6733 = SEAM_CURVE('',#6734,(#6738,#6745),.PCURVE_S1.);
#6734 = LINE('',#6735,#6736);
#6735 = CARTESIAN_POINT('',(6.8338,8.75,9.71445146547E-16));
#6736 = VECTOR('',#6737,1.);
#6737 = DIRECTION('',(2.079550200346E-02,0.999783750166,
    1.109982939081E-16));
#6738 = PCURVE('',#6658,#6739);
#6739 = DEFINITIONAL_REPRESENTATION('',(#6740),#6744);
#6740 = LINE('',#6741,#6742);
#6741 = CARTESIAN_POINT('',(0.,0.));
#6742 = VECTOR('',#6743,1.);
#6743 = DIRECTION('',(0.,1.));
#6744 = ( GEOMETRIC_REPRESENTATION_CONTEXT(2) 
PARAMETRIC_REPRESENTATION_CONTEXT() REPRESENTATION_CONTEXT('2D SPACE',''
  ) );
#6745 = PCURVE('',#6658,#6746);
#6746 = DEFINITIONAL_REPRESENTATION('',(#6747),#6751);
#6747 = LINE('',#6748,#6749);
#6748 = CARTESIAN_POINT('',(6.28318530718,0.));
#6749 = VECTOR('',#6750,1.);
#6750 = DIRECTION('',(0.,1.));
#6751 = ( GEOMETRIC_REPRESENTATION_CONTEXT(2) 
PARAMETRIC_REPRESENTATION_CONTEXT() REPRESENTATION_CONTEXT('2D SPACE',''
  ) );
#6752 = ORIENTED_EDGE('',*,*,#6753,.F.);
#6753 = EDGE_CURVE('',#6731,#6731,#6754,.T.);
#6754 = SURFACE_CURVE('',#6755,(#6760,#6767),.PCURVE_S1.);
#6755 = CIRCLE('',#6756,6.839);
#6756 = AXIS2_PLACEMENT_3D('',#6757,#6758,#6759);
#6757 = CARTESIAN_POINT('',(0.,9.,9.992007221626E-16));
#6758 = DIRECTION('',(-0.,1.,1.110223024625E-16));
#6759 = DIRECTION('',(1.,0.,0.));
#6760 = PCURVE('',#6658,#6761);
#6761 = DEFINITIONAL_REPRESENTATION('',(#6762),#6766);
#6762 = LINE('',#6763,#6764);
#6763 = CARTESIAN_POINT('',(0.,0.25));
#6764 = VECTOR('',#6765,1.);
#6765 = DIRECTION('',(1.,0.));
#6766 = ( GEOMETRIC_REPRESENTATION_CONTEXT(2) 
PARAMETRIC_REPRESENTATION_CONTEXT() REPRESENTATION_CONTEXT('2D SPACE',''
  ) );
#6767 = PCURVE('',#6768,#6773);
#6768 = CONICAL_SURFACE('',#6769,6.839,2.799268610681E-02);
#6769 = AXIS2_PLACEMENT_3D('',#6770,#6771,#6772);
#6770 = CARTESIAN_POINT('',(0.,9.,9.992007221626E-16));
#6771 = DIRECTION('',(0.,1.,1.110223024625E-16));
#6772 = DIRECTION('',(1.,0.,0.));
#6773 = DEFINITIONAL_REPRESENTATION('',(#6774),#6778);
#6774 = LINE('',#6775,#6776);
#6775 = CARTESIAN_POINT('',(0.,0.));
#6776 = VECTOR('',#6777,1.);
#6777 = DIRECTION('',(1.,0.));
#6778 = ( GEOMETRIC_REPRESENTATION_CONTEXT(2) 
PARAMETRIC_REPRESENTATION_CONTEXT() REPRESENTATION_CONTEXT('2D SPACE',''
  ) );
#6779 = ORIENTED_EDGE('',*,*,#6730,.F.);
#6780 = ADVANCED_FACE('',(#6781),#6713,.T.);
#6781 = FACE_BOUND('',#6782,.T.);
#6782 = EDGE_LOOP('',(#6783,#6784,#6807,#6834));
#6783 = ORIENTED_EDGE('',*,*,#6698,.T.);
#6784 = ORIENTED_EDGE('',*,*,#6785,.T.);
#6785 = EDGE_CURVE('',#6676,#6786,#6788,.T.);
#6786 = VERTEX_POINT('',#6787);
#6787 = CARTESIAN_POINT('',(6.7948,0.,9.25));
#6788 = SEAM_CURVE('',#6789,(#6793,#6800),.PCURVE_S1.);
#6789 = LINE('',#6790,#6791);
#6790 = CARTESIAN_POINT('',(6.7878,0.,9.));
#6791 = VECTOR('',#6792,1.);
#6792 = DIRECTION('',(2.798903044968E-02,0.,0.999608230346));
#6793 = PCURVE('',#6713,#6794);
#6794 = DEFINITIONAL_REPRESENTATION('',(#6795),#6799);
#6795 = LINE('',#6796,#6797);
#6796 = CARTESIAN_POINT('',(0.,0.));
#6797 = VECTOR('',#6798,1.);
#6798 = DIRECTION('',(0.,1.));
#6799 = ( GEOMETRIC_REPRESENTATION_CONTEXT(2) 
PARAMETRIC_REPRESENTATION_CONTEXT() REPRESENTATION_CONTEXT('2D SPACE',''
  ) );
#6800 = PCURVE('',#6713,#6801);
#6801 = DEFINITIONAL_REPRESENTATION('',(#6802),#6806);
#6802 = LINE('',#6803,#6804);
#6803 = CARTESIAN_POINT('',(6.28318530718,0.));
#6804 = VECTOR('',#6805,1.);
#6805 = DIRECTION('',(0.,1.));
#6806 = ( GEOMETRIC_REPRESENTATION_CONTEXT(2) 
PARAMETRIC_REPRESENTATION_CONTEXT() REPRESENTATION_CONTEXT('2D SPACE',''
  ) );
#6807 = ORIENTED_EDGE('',*,*,#6808,.F.);
#6808 = EDGE_CURVE('',#6786,#6786,#6809,.T.);
#6809 = SURFACE_CURVE('',#6810,(#6815,#6822),.PCURVE_S1.);
#6810 = CIRCLE('',#6811,6.7948);
#6811 = AXIS2_PLACEMENT_3D('',#6812,#6813,#6814);
#6812 = CARTESIAN_POINT('',(0.,0.,9.25));
#6813 = DIRECTION('',(0.,0.,1.));
#6814 = DIRECTION('',(1.,0.,-0.));
#6815 = PCURVE('',#6713,#6816);
#6816 = DEFINITIONAL_REPRESENTATION('',(#6817),#6821);
#6817 = LINE('',#6818,#6819);
#6818 = CARTESIAN_POINT('',(0.,0.25));
#6819 = VECTOR('',#6820,1.);
#6820 = DIRECTION('',(1.,0.));
#6821 = ( GEOMETRIC_REPRESENTATION_CONTEXT(2) 
PARAMETRIC_REPRESENTATION_CONTEXT() REPRESENTATION_CONTEXT('2D SPACE',''
  ) );
#6822 = PCURVE('',#6823,#6828);
#6823 = CONICAL_SURFACE('',#6824,6.7948,2.239625465283E-02);
#6824 = AXIS2_PLACEMENT_3D('',#6825,#6826,#6827);
#6825 = CARTESIAN_POINT('',(0.,0.,9.25));
#6826 = DIRECTION('',(0.,0.,1.));
#6827 = DIRECTION('',(1.,0.,-0.));
#6828 = DEFINITIONAL_REPRESENTATION('',(#6829),#6833);
#6829 = LINE('',#6830,#6831);
#6830 = CARTESIAN_POINT('',(0.,0.));
#6831 = VECTOR('',#6832,1.);
#6832 = DIRECTION('',(1.,0.));
#6833 = ( GEOMETRIC_REPRESENTATION_CONTEXT(2) 
PARAMETRIC_REPRESENTATION_CONTEXT() REPRESENTATION_CONTEXT('2D SPACE',''
  ) );
#6834 = ORIENTED_EDGE('',*,*,#6785,.F.);
#6835 = ADVANCED_FACE('',(#6836),#6768,.T.);
#6836 = FACE_BOUND('',#6837,.T.);
#6837 = EDGE_LOOP('',(#6838,#6839,#6862,#6889));
#6838 = ORIENTED_EDGE('',*,*,#6753,.T.);
#6839 = ORIENTED_EDGE('',*,*,#6840,.T.);
#6840 = EDGE_CURVE('',#6731,#6841,#6843,.T.);
#6841 = VERTEX_POINT('',#6842);
#6842 = CARTESIAN_POINT('',(6.846,9.25,1.026956297778E-15));
#6843 = SEAM_CURVE('',#6844,(#6848,#6855),.PCURVE_S1.);
#6844 = LINE('',#6845,#6846);
#6845 = CARTESIAN_POINT('',(6.839,9.,9.992007221626E-16));
#6846 = VECTOR('',#6847,1.);
#6847 = DIRECTION('',(2.798903044967E-02,0.999608230346,
    1.109788072934E-16));
#6848 = PCURVE('',#6768,#6849);
#6849 = DEFINITIONAL_REPRESENTATION('',(#6850),#6854);
#6850 = LINE('',#6851,#6852);
#6851 = CARTESIAN_POINT('',(0.,0.));
#6852 = VECTOR('',#6853,1.);
#6853 = DIRECTION('',(0.,1.));
#6854 = ( GEOMETRIC_REPRESENTATION_CONTEXT(2) 
PARAMETRIC_REPRESENTATION_CONTEXT() REPRESENTATION_CONTEXT('2D SPACE',''
  ) );
#6855 = PCURVE('',#6768,#6856);
#6856 = DEFINITIONAL_REPRESENTATION('',(#6857),#6861);
#6857 = LINE('',#6858,#6859);
#6858 = CARTESIAN_POINT('',(6.28318530718,0.));
#6859 = VECTOR('',#6860,1.);
#6860 = DIRECTION('',(0.,1.));
#6861 = ( GEOMETRIC_REPRESENTATION_CONTEXT(2) 
PARAMETRIC_REPRESENTATION_CONTEXT() REPRESENTATION_CONTEXT('2D SPACE',''
  ) );
#6862 = ORIENTED_EDGE('',*,*,#6863,.F.);
#6863 = EDGE_CURVE('',#6841,#6841,#6864,.T.);
#6864 = SURFACE_CURVE('',#6865,(#6870,#6877),.PCURVE_S1.);
#6865 = CIRCLE('',#6866,6.846);
#6866 = AXIS2_PLACEMENT_3D('',#6867,#6868,#6869);
#6867 = CARTESIAN_POINT('',(0.,9.25,1.026956297778E-15));
#6868 = DIRECTION('',(-0.,1.,1.110223024625E-16));
#6869 = DIRECTION('',(1.,0.,0.));
#6870 = PCURVE('',#6768,#6871);
#6871 = DEFINITIONAL_REPRESENTATION('',(#6872),#6876);
#6872 = LINE('',#6873,#6874);
#6873 = CARTESIAN_POINT('',(0.,0.25));
#6874 = VECTOR('',#6875,1.);
#6875 = DIRECTION('',(1.,0.));
#6876 = ( GEOMETRIC_REPRESENTATION_CONTEXT(2) 
PARAMETRIC_REPRESENTATION_CONTEXT() REPRESENTATION_CONTEXT('2D SPACE',''
  ) );
#6877 = PCURVE('',#6878,#6883);
#6878 = CONICAL_SURFACE('',#6879,6.846,2.239625465283E-02);
#6879 = AXIS2_PLACEMENT_3D('',#6880,#6881,#6882);
#6880 = CARTESIAN_POINT('',(0.,9.25,1.026956297778E-15));
#6881 = DIRECTION('',(0.,1.,1.110223024625E-16));
#6882 = DIRECTION('',(1.,0.,0.));
#6883 = DEFINITIONAL_REPRESENTATION('',(#6884),#6888);
#6884 = LINE('',#6885,#6886);
#6885 = CARTESIAN_POINT('',(0.,0.));
#6886 = VECTOR('',#6887,1.);
#6887 = DIRECTION('',(1.,0.));
#6888 = ( GEOMETRIC_REPRESENTATION_CONTEXT(2) 
PARAMETRIC_REPRESENTATION_CONTEXT() REPRESENTATION_CONTEXT('2D SPACE',''
  ) );
#6889 = ORIENTED_EDGE('',*,*,#6840,.F.);
#6890 = ADVANCED_FACE('',(#6891),#6823,.T.);
#6891 = FACE_BOUND('',#6892,.T.);
#6892 = EDGE_LOOP('',(#6893,#6894,#6917,#6944));
#6893 = ORIENTED_EDGE('',*,*,#6808,.T.);
#6894 = ORIENTED_EDGE('',*,*,#6895,.T.);
#6895 = EDGE_CURVE('',#6786,#6896,#6898,.T.);
#6896 = VERTEX_POINT('',#6897);
#6897 = CARTESIAN_POINT('',(6.8004,0.,9.5));
#6898 = SEAM_CURVE('',#6899,(#6903,#6910),.PCURVE_S1.);
#6899 = LINE('',#6900,#6901);
#6900 = CARTESIAN_POINT('',(6.7948,0.,9.25));
#6901 = VECTOR('',#6902,1.);
#6902 = DIRECTION('',(2.239438240192E-02,0.,0.999749214372));
#6903 = PCURVE('',#6823,#6904);
#6904 = DEFINITIONAL_REPRESENTATION('',(#6905),#6909);
#6905 = LINE('',#6906,#6907);
#6906 = CARTESIAN_POINT('',(0.,0.));
#6907 = VECTOR('',#6908,1.);
#6908 = DIRECTION('',(0.,1.));
#6909 = ( GEOMETRIC_REPRESENTATION_CONTEXT(2) 
PARAMETRIC_REPRESENTATION_CONTEXT() REPRESENTATION_CONTEXT('2D SPACE',''
  ) );
#6910 = PCURVE('',#6823,#6911);
#6911 = DEFINITIONAL_REPRESENTATION('',(#6912),#6916);
#6912 = LINE('',#6913,#6914);
#6913 = CARTESIAN_POINT('',(6.28318530718,0.));
#6914 = VECTOR('',#6915,1.);
#6915 = DIRECTION('',(0.,1.));
#6916 = ( GEOMETRIC_REPRESENTATION_CONTEXT(2) 
PARAMETRIC_REPRESENTATION_CONTEXT() REPRESENTATION_CONTEXT('2D SPACE',''
  ) );
#6917 = ORIENTED_EDGE('',*,*,#6918,.F.);
#6918 = EDGE_CURVE('',#6896,#6896,#6919,.T.);
#6919 = SURFACE_CURVE('',#6920,(#6925,#6932),.PCURVE_S1.);
#6920 = CIRCLE('',#6921,6.8004);
#6921 = AXIS2_PLACEMENT_3D('',#6922,#6923,#6924);
#6922 = CARTESIAN_POINT('',(0.,0.,9.5));
#6923 = DIRECTION('',(0.,0.,1.));
#6924 = DIRECTION('',(1.,0.,-0.));
#6925 = PCURVE('',#6823,#6926);
#6926 = DEFINITIONAL_REPRESENTATION('',(#6927),#6931);
#6927 = LINE('',#6928,#6929);
#6928 = CARTESIAN_POINT('',(0.,0.25));
#6929 = VECTOR('',#6930,1.);
#6930 = DIRECTION('',(1.,0.));
#6931 = ( GEOMETRIC_REPRESENTATION_CONTEXT(2) 
PARAMETRIC_REPRESENTATION_CONTEXT() REPRESENTATION_CONTEXT('2D SPACE',''
  ) );
#6932 = PCURVE('',#6933,#6938);
#6933 = CONICAL_SURFACE('',#6934,6.8004,2.719329509342E-02);
#6934 = AXIS2_PLACEMENT_3D('',#6935,#6936,#6937);
#6935 = CARTESIAN_POINT('',(0.,0.,9.5));
#6936 = DIRECTION('',(0.,0.,1.));
#6937 = DIRECTION('',(1.,0.,-0.));
#6938 = DEFINITIONAL_REPRESENTATION('',(#6939),#6943);
#6939 = LINE('',#6940,#6941);
#6940 = CARTESIAN_POINT('',(0.,0.));
#6941 = VECTOR('',#6942,1.);
#6942 = DIRECTION('',(1.,0.));
#6943 = ( GEOMETRIC_REPRESENTATION_CONTEXT(2) 
PARAMETRIC_REPRESENTATION_CONTEXT() REPRESENTATION_CONTEXT('2D SPACE',''
  ) );
#6944 = ORIENTED_EDGE('',*,*,#6895,.F.);
#6945 = ADVANCED_FACE('',(#6946),#6878,.T.);
#6946 = FACE_BOUND('',#6947,.T.);
#6947 = EDGE_LOOP('',(#6948,#6949,#6972,#6999));
#6948 = ORIENTED_EDGE('',*,*,#6863,.T.);
#6949 = ORIENTED_EDGE('',*,*,#6950,.T.);
#6950 = EDGE_CURVE('',#6841,#6951,#6953,.T.);
#6951 = VERTEX_POINT('',#6952);
#6952 = CARTESIAN_POINT('',(6.8516,9.5,1.054711873394E-15));
#6953 = SEAM_CURVE('',#6954,(#6958,#6965),.PCURVE_S1.);
#6954 = LINE('',#6955,#6956);
#6955 = CARTESIAN_POINT('',(6.846,9.25,1.026956297778E-15));
#6956 = VECTOR('',#6957,1.);
#6957 = DIRECTION('',(2.239438240193E-02,0.999749214372,
    1.109944596646E-16));
#6958 = PCURVE('',#6878,#6959);
#6959 = DEFINITIONAL_REPRESENTATION('',(#6960),#6964);
#6960 = LINE('',#6961,#6962);
#6961 = CARTESIAN_POINT('',(0.,0.));
#6962 = VECTOR('',#6963,1.);
#6963 = DIRECTION('',(0.,1.));
#6964 = ( GEOMETRIC_REPRESENTATION_CONTEXT(2) 
PARAMETRIC_REPRESENTATION_CONTEXT() REPRESENTATION_CONTEXT('2D SPACE',''
  ) );
#6965 = PCURVE('',#6878,#6966);
#6966 = DEFINITIONAL_REPRESENTATION('',(#6967),#6971);
#6967 = LINE('',#6968,#6969);
#6968 = CARTESIAN_POINT('',(6.28318530718,0.));
#6969 = VECTOR('',#6970,1.);
#6970 = DIRECTION('',(0.,1.));
#6971 = ( GEOMETRIC_REPRESENTATION_CONTEXT(2) 
PARAMETRIC_REPRESENTATION_CONTEXT() REPRESENTATION_CONTEXT('2D SPACE',''
  ) );
#6972 = ORIENTED_EDGE('',*,*,#6973,.F.);
#6973 = EDGE_CURVE('',#6951,#6951,#6974,.T.);
#6974 = SURFACE_CURVE('',#6975,(#6980,#6987),.PCURVE_S1.);
#6975 = CIRCLE('',#6976,6.8516);
#6976 = AXIS2_PLACEMENT_3D('',#6977,#6978,#6979);
#6977 = CARTESIAN_POINT('',(0.,9.5,1.054711873394E-15));
#6978 = DIRECTION('',(-0.,1.,1.110223024625E-16));
#6979 = DIRECTION('',(1.,0.,0.));
#6980 = PCURVE('',#6878,#6981);
#6981 = DEFINITIONAL_REPRESENTATION('',(#6982),#6986);
#6982 = LINE('',#6983,#6984);
#6983 = CARTESIAN_POINT('',(0.,0.25));
#6984 = VECTOR('',#6985,1.);
#6985 = DIRECTION('',(1.,0.));
#6986 = ( GEOMETRIC_REPRESENTATION_CONTEXT(2) 
PARAMETRIC_REPRESENTATION_CONTEXT() REPRESENTATION_CONTEXT('2D SPACE',''
  ) );
#6987 = PCURVE('',#6988,#6993);
#6988 = CONICAL_SURFACE('',#6989,6.8516,2.719329509341E-02);
#6989 = AXIS2_PLACEMENT_3D('',#6990,#6991,#6992);
#6990 = CARTESIAN_POINT('',(0.,9.5,1.054711873394E-15));
#6991 = DIRECTION('',(0.,1.,1.110223024625E-16));
#6992 = DIRECTION('',(1.,0.,0.));
#6993 = DEFINITIONAL_REPRESENTATION('',(#6994),#6998);
#6994 = LINE('',#6995,#6996);
#6995 = CARTESIAN_POINT('',(0.,0.));
#6996 = VECTOR('',#6997,1.);
#6997 = DIRECTION('',(1.,0.));
#6998 = ( GEOMETRIC_REPRESENTATION_CONTEXT(2) 
PARAMETRIC_REPRESENTATION_CONTEXT() REPRESENTATION_CONTEXT('2D SPACE',''
  ) );
#6999 = ORIENTED_EDGE('',*,*,#6950,.F.);
#7000 = ADVANCED_FACE('',(#7001),#6933,.T.);
#7001 = FACE_BOUND('',#7002,.T.);
#7002 = EDGE_LOOP('',(#7003,#7004,#7027,#7054));
#7003 = ORIENTED_EDGE('',*,*,#6918,.T.);
#7004 = ORIENTED_EDGE('',*,*,#7005,.T.);
#7005 = EDGE_CURVE('',#6896,#7006,#7008,.T.);
#7006 = VERTEX_POINT('',#7007);
#7007 = CARTESIAN_POINT('',(6.8072,0.,9.75));
#7008 = SEAM_CURVE('',#7009,(#7013,#7020),.PCURVE_S1.);
#7009 = LINE('',#7010,#7011);
#7010 = CARTESIAN_POINT('',(6.8004,0.,9.5));
#7011 = VECTOR('',#7012,1.);
#7012 = DIRECTION('',(2.718994375567E-02,0.,0.999630285135));
#7013 = PCURVE('',#6933,#7014);
#7014 = DEFINITIONAL_REPRESENTATION('',(#7015),#7019);
#7015 = LINE('',#7016,#7017);
#7016 = CARTESIAN_POINT('',(0.,0.));
#7017 = VECTOR('',#7018,1.);
#7018 = DIRECTION('',(0.,1.));
#7019 = ( GEOMETRIC_REPRESENTATION_CONTEXT(2) 
PARAMETRIC_REPRESENTATION_CONTEXT() REPRESENTATION_CONTEXT('2D SPACE',''
  ) );
#7020 = PCURVE('',#6933,#7021);
#7021 = DEFINITIONAL_REPRESENTATION('',(#7022),#7026);
#7022 = LINE('',#7023,#7024);
#7023 = CARTESIAN_POINT('',(6.28318530718,0.));
#7024 = VECTOR('',#7025,1.);
#7025 = DIRECTION('',(0.,1.));
#7026 = ( GEOMETRIC_REPRESENTATION_CONTEXT(2) 
PARAMETRIC_REPRESENTATION_CONTEXT() REPRESENTATION_CONTEXT('2D SPACE',''
  ) );
#7027 = ORIENTED_EDGE('',*,*,#7028,.F.);
#7028 = EDGE_CURVE('',#7006,#7006,#7029,.T.);
#7029 = SURFACE_CURVE('',#7030,(#7035,#7042),.PCURVE_S1.);
#7030 = CIRCLE('',#7031,6.8072);
#7031 = AXIS2_PLACEMENT_3D('',#7032,#7033,#7034);
#7032 = CARTESIAN_POINT('',(0.,0.,9.75));
#7033 = DIRECTION('',(0.,0.,1.));
#7034 = DIRECTION('',(1.,0.,-0.));
#7035 = PCURVE('',#6933,#7036);
#7036 = DEFINITIONAL_REPRESENTATION('',(#7037),#7041);
#7037 = LINE('',#7038,#7039);
#7038 = CARTESIAN_POINT('',(0.,0.25));
#7039 = VECTOR('',#7040,1.);
#7040 = DIRECTION('',(1.,0.));
#7041 = ( GEOMETRIC_REPRESENTATION_CONTEXT(2) 
PARAMETRIC_REPRESENTATION_CONTEXT() REPRESENTATION_CONTEXT('2D SPACE',''
  ) );
#7042 = PCURVE('',#7043,#7048);
#7043 = CONICAL_SURFACE('',#7044,6.8072,2.199645169704E-02);
#7044 = AXIS2_PLACEMENT_3D('',#7045,#7046,#7047);
#7045 = CARTESIAN_POINT('',(0.,0.,9.75));
#7046 = DIRECTION('',(0.,0.,1.));
#7047 = DIRECTION('',(1.,0.,-0.));
#7048 = DEFINITIONAL_REPRESENTATION('',(#7049),#7053);
#7049 = LINE('',#7050,#7051);
#7050 = CARTESIAN_POINT('',(0.,0.));
#7051 = VECTOR('',#7052,1.);
#7052 = DIRECTION('',(1.,0.));
#7053 = ( GEOMETRIC_REPRESENTATION_CONTEXT(2) 
PARAMETRIC_REPRESENTATION_CONTEXT() REPRESENTATION_CONTEXT('2D SPACE',''
  ) );
#7054 = ORIENTED_EDGE('',*,*,#7005,.F.);
#7055 = ADVANCED_FACE('',(#7056),#6988,.T.);
#7056 = FACE_BOUND('',#7057,.T.);
#7057 = EDGE_LOOP('',(#7058,#7059,#7082,#7109));
#7058 = ORIENTED_EDGE('',*,*,#6973,.T.);
#7059 = ORIENTED_EDGE('',*,*,#7060,.T.);
#7060 = EDGE_CURVE('',#6951,#7061,#7063,.T.);
#7061 = VERTEX_POINT('',#7062);
#7062 = CARTESIAN_POINT('',(6.8584,9.75,1.08246744901E-15));
#7063 = SEAM_CURVE('',#7064,(#7068,#7075),.PCURVE_S1.);
#7064 = LINE('',#7065,#7066);
#7065 = CARTESIAN_POINT('',(6.8516,9.5,1.054711873394E-15));
#7066 = VECTOR('',#7067,1.);
#7067 = DIRECTION('',(2.718994375566E-02,0.999630285135,
    1.109812558669E-16));
#7068 = PCURVE('',#6988,#7069);
#7069 = DEFINITIONAL_REPRESENTATION('',(#7070),#7074);
#7070 = LINE('',#7071,#7072);
#7071 = CARTESIAN_POINT('',(0.,0.));
#7072 = VECTOR('',#7073,1.);
#7073 = DIRECTION('',(0.,1.));
#7074 = ( GEOMETRIC_REPRESENTATION_CONTEXT(2) 
PARAMETRIC_REPRESENTATION_CONTEXT() REPRESENTATION_CONTEXT('2D SPACE',''
  ) );
#7075 = PCURVE('',#6988,#7076);
#7076 = DEFINITIONAL_REPRESENTATION('',(#7077),#7081);
#7077 = LINE('',#7078,#7079);
#7078 = CARTESIAN_POINT('',(6.28318530718,0.));
#7079 = VECTOR('',#7080,1.);
#7080 = DIRECTION('',(0.,1.));
#7081 = ( GEOMETRIC_REPRESENTATION_CONTEXT(2) 
PARAMETRIC_REPRESENTATION_CONTEXT() REPRESENTATION_CONTEXT('2D SPACE',''
  ) );
#7082 = ORIENTED_EDGE('',*,*,#7083,.F.);
#7083 = EDGE_CURVE('',#7061,#7061,#7084,.T.);
#7084 = SURFACE_CURVE('',#7085,(#7090,#7097),.PCURVE_S1.);
#7085 = CIRCLE('',#7086,6.8584);
#7086 = AXIS2_PLACEMENT_3D('',#7087,#7088,#7089);
#7087 = CARTESIAN_POINT('',(0.,9.75,1.08246744901E-15));
#7088 = DIRECTION('',(-0.,1.,1.110223024625E-16));
#7089 = DIRECTION('',(1.,0.,0.));
#7090 = PCURVE('',#6988,#7091);
#7091 = DEFINITIONAL_REPRESENTATION('',(#7092),#7096);
#7092 = LINE('',#7093,#7094);
#7093 = CARTESIAN_POINT('',(0.,0.25));
#7094 = VECTOR('',#7095,1.);
#7095 = DIRECTION('',(1.,0.));
#7096 = ( GEOMETRIC_REPRESENTATION_CONTEXT(2) 
PARAMETRIC_REPRESENTATION_CONTEXT() REPRESENTATION_CONTEXT('2D SPACE',''
  ) );
#7097 = PCURVE('',#7098,#7103);
#7098 = CONICAL_SURFACE('',#7099,6.8584,2.199645169704E-02);
#7099 = AXIS2_PLACEMENT_3D('',#7100,#7101,#7102);
#7100 = CARTESIAN_POINT('',(0.,9.75,1.08246744901E-15));
#7101 = DIRECTION('',(0.,1.,1.110223024625E-16));
#7102 = DIRECTION('',(1.,0.,0.));
#7103 = DEFINITIONAL_REPRESENTATION('',(#7104),#7108);
#7104 = LINE('',#7105,#7106);
#7105 = CARTESIAN_POINT('',(0.,0.));
#7106 = VECTOR('',#7107,1.);
#7107 = DIRECTION('',(1.,0.));
#7108 = ( GEOMETRIC_REPRESENTATION_CONTEXT(2) 
PARAMETRIC_REPRESENTATION_CONTEXT() REPRESENTATION_CONTEXT('2D SPACE',''
  ) );
#7109 = ORIENTED_EDGE('',*,*,#7060,.F.);
#7110 = ADVANCED_FACE('',(#7111),#7043,.T.);
#7111 = FACE_BOUND('',#7112,.T.);
#7112 = EDGE_LOOP('',(#7113,#7114,#7137,#7164));
#7113 = ORIENTED_EDGE('',*,*,#7028,.T.);
#7114 = ORIENTED_EDGE('',*,*,#7115,.T.);
#7115 = EDGE_CURVE('',#7006,#7116,#7118,.T.);
#7116 = VERTEX_POINT('',#7117);
#7117 = CARTESIAN_POINT('',(6.8127,0.,10.));
#7118 = SEAM_CURVE('',#7119,(#7123,#7130),.PCURVE_S1.);
#7119 = LINE('',#7120,#7121);
#7120 = CARTESIAN_POINT('',(6.8072,0.,9.75));
#7121 = VECTOR('',#7122,1.);
#7122 = DIRECTION('',(2.199467793183E-02,0.,0.999758087811));
#7123 = PCURVE('',#7043,#7124);
#7124 = DEFINITIONAL_REPRESENTATION('',(#7125),#7129);
#7125 = LINE('',#7126,#7127);
#7126 = CARTESIAN_POINT('',(0.,0.));
#7127 = VECTOR('',#7128,1.);
#7128 = DIRECTION('',(0.,1.));
#7129 = ( GEOMETRIC_REPRESENTATION_CONTEXT(2) 
PARAMETRIC_REPRESENTATION_CONTEXT() REPRESENTATION_CONTEXT('2D SPACE',''
  ) );
#7130 = PCURVE('',#7043,#7131);
#7131 = DEFINITIONAL_REPRESENTATION('',(#7132),#7136);
#7132 = LINE('',#7133,#7134);
#7133 = CARTESIAN_POINT('',(6.28318530718,0.));
#7134 = VECTOR('',#7135,1.);
#7135 = DIRECTION('',(0.,1.));
#7136 = ( GEOMETRIC_REPRESENTATION_CONTEXT(2) 
PARAMETRIC_REPRESENTATION_CONTEXT() REPRESENTATION_CONTEXT('2D SPACE',''
  ) );
#7137 = ORIENTED_EDGE('',*,*,#7138,.F.);
#7138 = EDGE_CURVE('',#7116,#7116,#7139,.T.);
#7139 = SURFACE_CURVE('',#7140,(#7145,#7152),.PCURVE_S1.);
#7140 = CIRCLE('',#7141,6.8127);
#7141 = AXIS2_PLACEMENT_3D('',#7142,#7143,#7144);
#7142 = CARTESIAN_POINT('',(0.,0.,10.));
#7143 = DIRECTION('',(0.,0.,1.));
#7144 = DIRECTION('',(1.,0.,-0.));
#7145 = PCURVE('',#7043,#7146);
#7146 = DEFINITIONAL_REPRESENTATION('',(#7147),#7151);
#7147 = LINE('',#7148,#7149);
#7148 = CARTESIAN_POINT('',(0.,0.25));
#7149 = VECTOR('',#7150,1.);
#7150 = DIRECTION('',(1.,0.));
#7151 = ( GEOMETRIC_REPRESENTATION_CONTEXT(2) 
PARAMETRIC_REPRESENTATION_CONTEXT() REPRESENTATION_CONTEXT('2D SPACE',''
  ) );
#7152 = PCURVE('',#7153,#7158);
#7153 = CONICAL_SURFACE('',#7154,6.8127,2.799268610681E-02);
#7154 = AXIS2_PLACEMENT_3D('',#7155,#7156,#7157);
#7155 = CARTESIAN_POINT('',(0.,0.,10.));
#7156 = DIRECTION('',(0.,0.,1.));
#7157 = DIRECTION('',(1.,0.,-0.));
#7158 = DEFINITIONAL_REPRESENTATION('',(#7159),#7163);
#7159 = LINE('',#7160,#7161);
#7160 = CARTESIAN_POINT('',(0.,0.));
#7161 = VECTOR('',#7162,1.);
#7162 = DIRECTION('',(1.,0.));
#7163 = ( GEOMETRIC_REPRESENTATION_CONTEXT(2) 
PARAMETRIC_REPRESENTATION_CONTEXT() REPRESENTATION_CONTEXT('2D SPACE',''
  ) );
#7164 = ORIENTED_EDGE('',*,*,#7115,.F.);
#7165 = ADVANCED_FACE('',(#7166),#7098,.T.);
#7166 = FACE_BOUND('',#7167,.T.);
#7167 = EDGE_LOOP('',(#7168,#7169,#7192,#7219));
#7168 = ORIENTED_EDGE('',*,*,#7083,.T.);
#7169 = ORIENTED_EDGE('',*,*,#7170,.T.);
#7170 = EDGE_CURVE('',#7061,#7171,#7173,.T.);
#7171 = VERTEX_POINT('',#7172);
#7172 = CARTESIAN_POINT('',(6.8639,10.,1.110223024625E-15));
#7173 = SEAM_CURVE('',#7174,(#7178,#7185),.PCURVE_S1.);
#7174 = LINE('',#7175,#7176);
#7175 = CARTESIAN_POINT('',(6.8584,9.75,1.08246744901E-15));
#7176 = VECTOR('',#7177,1.);
#7177 = DIRECTION('',(2.199467793183E-02,0.999758087811,
    1.109954448143E-16));
#7178 = PCURVE('',#7098,#7179);
#7179 = DEFINITIONAL_REPRESENTATION('',(#7180),#7184);
#7180 = LINE('',#7181,#7182);
#7181 = CARTESIAN_POINT('',(0.,0.));
#7182 = VECTOR('',#7183,1.);
#7183 = DIRECTION('',(0.,1.));
#7184 = ( GEOMETRIC_REPRESENTATION_CONTEXT(2) 
PARAMETRIC_REPRESENTATION_CONTEXT() REPRESENTATION_CONTEXT('2D SPACE',''
  ) );
#7185 = PCURVE('',#7098,#7186);
#7186 = DEFINITIONAL_REPRESENTATION('',(#7187),#7191);
#7187 = LINE('',#7188,#7189);
#7188 = CARTESIAN_POINT('',(6.28318530718,0.));
#7189 = VECTOR('',#7190,1.);
#7190 = DIRECTION('',(0.,1.));
#7191 = ( GEOMETRIC_REPRESENTATION_CONTEXT(2) 
PARAMETRIC_REPRESENTATION_CONTEXT() REPRESENTATION_CONTEXT('2D SPACE',''
  ) );
#7192 = ORIENTED_EDGE('',*,*,#7193,.F.);
#7193 = EDGE_CURVE('',#7171,#7171,#7194,.T.);
#7194 = SURFACE_CURVE('',#7195,(#7200,#7207),.PCURVE_S1.);
#7195 = CIRCLE('',#7196,6.8639);
#7196 = AXIS2_PLACEMENT_3D('',#7197,#7198,#7199);
#7197 = CARTESIAN_POINT('',(0.,10.,1.110223024625E-15));
#7198 = DIRECTION('',(-0.,1.,1.110223024625E-16));
#7199 = DIRECTION('',(1.,0.,0.));
#7200 = PCURVE('',#7098,#7201);
#7201 = DEFINITIONAL_REPRESENTATION('',(#7202),#7206);
#7202 = LINE('',#7203,#7204);
#7203 = CARTESIAN_POINT('',(0.,0.25));
#7204 = VECTOR('',#7205,1.);
#7205 = DIRECTION('',(1.,0.));
#7206 = ( GEOMETRIC_REPRESENTATION_CONTEXT(2) 
PARAMETRIC_REPRESENTATION_CONTEXT() REPRESENTATION_CONTEXT('2D SPACE',''
  ) );
#7207 = PCURVE('',#7208,#7213);
#7208 = CONICAL_SURFACE('',#7209,6.8639,2.799268610681E-02);
#7209 = AXIS2_PLACEMENT_3D('',#7210,#7211,#7212);
#7210 = CARTESIAN_POINT('',(0.,10.,1.110223024625E-15));
#7211 = DIRECTION('',(0.,1.,1.110223024625E-16));
#7212 = DIRECTION('',(1.,0.,0.));
#7213 = DEFINITIONAL_REPRESENTATION('',(#7214),#7218);
#7214 = LINE('',#7215,#7216);
#7215 = CARTESIAN_POINT('',(0.,0.));
#7216 = VECTOR('',#7217,1.);
#7217 = DIRECTION('',(1.,0.));
#7218 = ( GEOMETRIC_REPRESENTATION_CONTEXT(2) 
PARAMETRIC_REPRESENTATION_CONTEXT() REPRESENTATION_CONTEXT('2D SPACE',''
  ) );
#7219 = ORIENTED_EDGE('',*,*,#7170,.F.);
#7220 = ADVANCED_FACE('',(#7221),#7153,.T.);
#7221 = FACE_BOUND('',#7222,.T.);
#7222 = EDGE_LOOP('',(#7223,#7224,#7247,#7274));
#7223 = ORIENTED_EDGE('',*,*,#7138,.T.);
#7224 = ORIENTED_EDGE('',*,*,#7225,.T.);
#7225 = EDGE_CURVE('',#7116,#7226,#7228,.T.);
#7226 = VERTEX_POINT('',#7227);
#7227 = CARTESIAN_POINT('',(6.8197,0.,10.25));
#7228 = SEAM_CURVE('',#7229,(#7233,#7240),.PCURVE_S1.);
#7229 = LINE('',#7230,#7231);
#7230 = CARTESIAN_POINT('',(6.8127,0.,10.));
#7231 = VECTOR('',#7232,1.);
#7232 = DIRECTION('',(2.798903044967E-02,0.,0.999608230346));
#7233 = PCURVE('',#7153,#7234);
#7234 = DEFINITIONAL_REPRESENTATION('',(#7235),#7239);
#7235 = LINE('',#7236,#7237);
#7236 = CARTESIAN_POINT('',(0.,0.));
#7237 = VECTOR('',#7238,1.);
#7238 = DIRECTION('',(0.,1.));
#7239 = ( GEOMETRIC_REPRESENTATION_CONTEXT(2) 
PARAMETRIC_REPRESENTATION_CONTEXT() REPRESENTATION_CONTEXT('2D SPACE',''
  ) );
#7240 = PCURVE('',#7153,#7241);
#7241 = DEFINITIONAL_REPRESENTATION('',(#7242),#7246);
#7242 = LINE('',#7243,#7244);
#7243 = CARTESIAN_POINT('',(6.28318530718,0.));
#7244 = VECTOR('',#7245,1.);
#7245 = DIRECTION('',(0.,1.));
#7246 = ( GEOMETRIC_REPRESENTATION_CONTEXT(2) 
PARAMETRIC_REPRESENTATION_CONTEXT() REPRESENTATION_CONTEXT('2D SPACE',''
  ) );
#7247 = ORIENTED_EDGE('',*,*,#7248,.F.);
#7248 = EDGE_CURVE('',#7226,#7226,#7249,.T.);
#7249 = SURFACE_CURVE('',#7250,(#7255,#7262),.PCURVE_S1.);
#7250 = CIRCLE('',#7251,6.8197);
#7251 = AXIS2_PLACEMENT_3D('',#7252,#7253,#7254);
#7252 = CARTESIAN_POINT('',(0.,0.,10.25));
#7253 = DIRECTION('',(0.,0.,1.));
#7254 = DIRECTION('',(1.,0.,-0.));
#7255 = PCURVE('',#7153,#7256);
#7256 = DEFINITIONAL_REPRESENTATION('',(#7257),#7261);
#7257 = LINE('',#7258,#7259);
#7258 = CARTESIAN_POINT('',(0.,0.25));
#7259 = VECTOR('',#7260,1.);
#7260 = DIRECTION('',(1.,0.));
#7261 = ( GEOMETRIC_REPRESENTATION_CONTEXT(2) 
PARAMETRIC_REPRESENTATION_CONTEXT() REPRESENTATION_CONTEXT('2D SPACE',''
  ) );
#7262 = PCURVE('',#7263,#7268);
#7263 = CONICAL_SURFACE('',#7264,6.8197,2.67935864863E-02);
#7264 = AXIS2_PLACEMENT_3D('',#7265,#7266,#7267);
#7265 = CARTESIAN_POINT('',(0.,0.,10.25));
#7266 = DIRECTION('',(0.,0.,1.));
#7267 = DIRECTION('',(1.,0.,-0.));
#7268 = DEFINITIONAL_REPRESENTATION('',(#7269),#7273);
#7269 = LINE('',#7270,#7271);
#7270 = CARTESIAN_POINT('',(0.,0.));
#7271 = VECTOR('',#7272,1.);
#7272 = DIRECTION('',(1.,0.));
#7273 = ( GEOMETRIC_REPRESENTATION_CONTEXT(2) 
PARAMETRIC_REPRESENTATION_CONTEXT() REPRESENTATION_CONTEXT('2D SPACE',''
  ) );
#7274 = ORIENTED_EDGE('',*,*,#7225,.F.);
#7275 = ADVANCED_FACE('',(#7276),#7208,.T.);
#7276 = FACE_BOUND('',#7277,.T.);
#7277 = EDGE_LOOP('',(#7278,#7279,#7302,#7329));
#7278 = ORIENTED_EDGE('',*,*,#7193,.T.);
#7279 = ORIENTED_EDGE('',*,*,#7280,.T.);
#7280 = EDGE_CURVE('',#7171,#7281,#7283,.T.);
#7281 = VERTEX_POINT('',#7282);
#7282 = CARTESIAN_POINT('',(6.8709,10.25,1.137978600241E-15));
#7283 = SEAM_CURVE('',#7284,(#7288,#7295),.PCURVE_S1.);
#7284 = LINE('',#7285,#7286);
#7285 = CARTESIAN_POINT('',(6.8639,10.,1.110223024625E-15));
#7286 = VECTOR('',#7287,1.);
#7287 = DIRECTION('',(2.798903044967E-02,0.999608230346,
    1.109788072934E-16));
#7288 = PCURVE('',#7208,#7289);
#7289 = DEFINITIONAL_REPRESENTATION('',(#7290),#7294);
#7290 = LINE('',#7291,#7292);
#7291 = CARTESIAN_POINT('',(0.,0.));
#7292 = VECTOR('',#7293,1.);
#7293 = DIRECTION('',(0.,1.));
#7294 = ( GEOMETRIC_REPRESENTATION_CONTEXT(2) 
PARAMETRIC_REPRESENTATION_CONTEXT() REPRESENTATION_CONTEXT('2D SPACE',''
  ) );
#7295 = PCURVE('',#7208,#7296);
#7296 = DEFINITIONAL_REPRESENTATION('',(#7297),#7301);
#7297 = LINE('',#7298,#7299);
#7298 = CARTESIAN_POINT('',(6.28318530718,0.));
#7299 = VECTOR('',#7300,1.);
#7300 = DIRECTION('',(0.,1.));
#7301 = ( GEOMETRIC_REPRESENTATION_CONTEXT(2) 
PARAMETRIC_REPRESENTATION_CONTEXT() REPRESENTATION_CONTEXT('2D SPACE',''
  ) );
#7302 = ORIENTED_EDGE('',*,*,#7303,.F.);
#7303 = EDGE_CURVE('',#7281,#7281,#7304,.T.);
#7304 = SURFACE_CURVE('',#7305,(#7310,#7317),.PCURVE_S1.);
#7305 = CIRCLE('',#7306,6.8709);
#7306 = AXIS2_PLACEMENT_3D('',#7307,#7308,#7309);
#7307 = CARTESIAN_POINT('',(0.,10.25,1.137978600241E-15));
#7308 = DIRECTION('',(-0.,1.,1.110223024625E-16));
#7309 = DIRECTION('',(1.,0.,0.));
#7310 = PCURVE('',#7208,#7311);
#7311 = DEFINITIONAL_REPRESENTATION('',(#7312),#7316);
#7312 = LINE('',#7313,#7314);
#7313 = CARTESIAN_POINT('',(0.,0.25));
#7314 = VECTOR('',#7315,1.);
#7315 = DIRECTION('',(1.,0.));
#7316 = ( GEOMETRIC_REPRESENTATION_CONTEXT(2) 
PARAMETRIC_REPRESENTATION_CONTEXT() REPRESENTATION_CONTEXT('2D SPACE',''
  ) );
#7317 = PCURVE('',#7318,#7323);
#7318 = CONICAL_SURFACE('',#7319,6.8709,2.679358648631E-02);
#7319 = AXIS2_PLACEMENT_3D('',#7320,#7321,#7322);
#7320 = CARTESIAN_POINT('',(0.,10.25,1.137978600241E-15));
#7321 = DIRECTION('',(0.,1.,1.110223024625E-16));
#7322 = DIRECTION('',(1.,0.,0.));
#7323 = DEFINITIONAL_REPRESENTATION('',(#7324),#7328);
#7324 = LINE('',#7325,#7326);
#7325 = CARTESIAN_POINT('',(0.,0.));
#7326 = VECTOR('',#7327,1.);
#7327 = DIRECTION('',(1.,0.));
#7328 = ( GEOMETRIC_REPRESENTATION_CONTEXT(2) 
PARAMETRIC_REPRESENTATION_CONTEXT() REPRESENTATION_CONTEXT('2D SPACE',''
  ) );
#7329 = ORIENTED_EDGE('',*,*,#7280,.F.);
#7330 = ADVANCED_FACE('',(#7331),#7263,.T.);
#7331 = FACE_BOUND('',#7332,.T.);
#7332 = EDGE_LOOP('',(#7333,#7334,#7357,#7384));
#7333 = ORIENTED_EDGE('',*,*,#7248,.T.);
#7334 = ORIENTED_EDGE('',*,*,#7335,.T.);
#7335 = EDGE_CURVE('',#7226,#7336,#7338,.T.);
#7336 = VERTEX_POINT('',#7337);
#7337 = CARTESIAN_POINT('',(6.8264,0.,10.5));
#7338 = SEAM_CURVE('',#7339,(#7343,#7350),.PCURVE_S1.);
#7339 = LINE('',#7340,#7341);
#7340 = CARTESIAN_POINT('',(6.8197,0.,10.25));
#7341 = VECTOR('',#7342,1.);
#7342 = DIRECTION('',(2.679038076538E-02,0.,0.999641073335));
#7343 = PCURVE('',#7263,#7344);
#7344 = DEFINITIONAL_REPRESENTATION('',(#7345),#7349);
#7345 = LINE('',#7346,#7347);
#7346 = CARTESIAN_POINT('',(0.,0.));
#7347 = VECTOR('',#7348,1.);
#7348 = DIRECTION('',(0.,1.));
#7349 = ( GEOMETRIC_REPRESENTATION_CONTEXT(2) 
PARAMETRIC_REPRESENTATION_CONTEXT() REPRESENTATION_CONTEXT('2D SPACE',''
  ) );
#7350 = PCURVE('',#7263,#7351);
#7351 = DEFINITIONAL_REPRESENTATION('',(#7352),#7356);
#7352 = LINE('',#7353,#7354);
#7353 = CARTESIAN_POINT('',(6.28318530718,0.));
#7354 = VECTOR('',#7355,1.);
#7355 = DIRECTION('',(0.,1.));
#7356 = ( GEOMETRIC_REPRESENTATION_CONTEXT(2) 
PARAMETRIC_REPRESENTATION_CONTEXT() REPRESENTATION_CONTEXT('2D SPACE',''
  ) );
#7357 = ORIENTED_EDGE('',*,*,#7358,.F.);
#7358 = EDGE_CURVE('',#7336,#7336,#7359,.T.);
#7359 = SURFACE_CURVE('',#7360,(#7365,#7372),.PCURVE_S1.);
#7360 = CIRCLE('',#7361,6.8264);
#7361 = AXIS2_PLACEMENT_3D('',#7362,#7363,#7364);
#7362 = CARTESIAN_POINT('',(0.,0.,10.5));
#7363 = DIRECTION('',(0.,0.,1.));
#7364 = DIRECTION('',(1.,0.,-0.));
#7365 = PCURVE('',#7263,#7366);
#7366 = DEFINITIONAL_REPRESENTATION('',(#7367),#7371);
#7367 = LINE('',#7368,#7369);
#7368 = CARTESIAN_POINT('',(0.,0.25));
#7369 = VECTOR('',#7370,1.);
#7370 = DIRECTION('',(1.,0.));
#7371 = ( GEOMETRIC_REPRESENTATION_CONTEXT(2) 
PARAMETRIC_REPRESENTATION_CONTEXT() REPRESENTATION_CONTEXT('2D SPACE',''
  ) );
#7372 = PCURVE('',#7373,#7378);
#7373 = CONICAL_SURFACE('',#7374,6.8264,2.959135976302E-02);
#7374 = AXIS2_PLACEMENT_3D('',#7375,#7376,#7377);
#7375 = CARTESIAN_POINT('',(0.,0.,10.5));
#7376 = DIRECTION('',(0.,0.,1.));
#7377 = DIRECTION('',(1.,0.,-0.));
#7378 = DEFINITIONAL_REPRESENTATION('',(#7379),#7383);
#7379 = LINE('',#7380,#7381);
#7380 = CARTESIAN_POINT('',(0.,0.));
#7381 = VECTOR('',#7382,1.);
#7382 = DIRECTION('',(1.,0.));
#7383 = ( GEOMETRIC_REPRESENTATION_CONTEXT(2) 
PARAMETRIC_REPRESENTATION_CONTEXT() REPRESENTATION_CONTEXT('2D SPACE',''
  ) );
#7384 = ORIENTED_EDGE('',*,*,#7335,.F.);
#7385 = ADVANCED_FACE('',(#7386),#7318,.T.);
#7386 = FACE_BOUND('',#7387,.T.);
#7387 = EDGE_LOOP('',(#7388,#7389,#7412,#7439));
#7388 = ORIENTED_EDGE('',*,*,#7303,.T.);
#7389 = ORIENTED_EDGE('',*,*,#7390,.T.);
#7390 = EDGE_CURVE('',#7281,#7391,#7393,.T.);
#7391 = VERTEX_POINT('',#7392);
#7392 = CARTESIAN_POINT('',(6.8776,10.5,1.165734175856E-15));
#7393 = SEAM_CURVE('',#7394,(#7398,#7405),.PCURVE_S1.);
#7394 = LINE('',#7395,#7396);
#7395 = CARTESIAN_POINT('',(6.8709,10.25,1.137978600241E-15));
#7396 = VECTOR('',#7397,1.);
#7397 = DIRECTION('',(2.679038076538E-02,0.999641073335,
    1.109824535978E-16));
#7398 = PCURVE('',#7318,#7399);
#7399 = DEFINITIONAL_REPRESENTATION('',(#7400),#7404);
#7400 = LINE('',#7401,#7402);
#7401 = CARTESIAN_POINT('',(0.,0.));
#7402 = VECTOR('',#7403,1.);
#7403 = DIRECTION('',(0.,1.));
#7404 = ( GEOMETRIC_REPRESENTATION_CONTEXT(2) 
PARAMETRIC_REPRESENTATION_CONTEXT() REPRESENTATION_CONTEXT('2D SPACE',''
  ) );
#7405 = PCURVE('',#7318,#7406);
#7406 = DEFINITIONAL_REPRESENTATION('',(#7407),#7411);
#7407 = LINE('',#7408,#7409);
#7408 = CARTESIAN_POINT('',(6.28318530718,0.));
#7409 = VECTOR('',#7410,1.);
#7410 = DIRECTION('',(0.,1.));
#7411 = ( GEOMETRIC_REPRESENTATION_CONTEXT(2) 
PARAMETRIC_REPRESENTATION_CONTEXT() REPRESENTATION_CONTEXT('2D SPACE',''
  ) );
#7412 = ORIENTED_EDGE('',*,*,#7413,.F.);
#7413 = EDGE_CURVE('',#7391,#7391,#7414,.T.);
#7414 = SURFACE_CURVE('',#7415,(#7420,#7427),.PCURVE_S1.);
#7415 = CIRCLE('',#7416,6.8776);
#7416 = AXIS2_PLACEMENT_3D('',#7417,#7418,#7419);
#7417 = CARTESIAN_POINT('',(0.,10.5,1.165734175856E-15));
#7418 = DIRECTION('',(-0.,1.,1.110223024625E-16));
#7419 = DIRECTION('',(1.,0.,0.));
#7420 = PCURVE('',#7318,#7421);
#7421 = DEFINITIONAL_REPRESENTATION('',(#7422),#7426);
#7422 = LINE('',#7423,#7424);
#7423 = CARTESIAN_POINT('',(0.,0.25));
#7424 = VECTOR('',#7425,1.);
#7425 = DIRECTION('',(1.,0.));
#7426 = ( GEOMETRIC_REPRESENTATION_CONTEXT(2) 
PARAMETRIC_REPRESENTATION_CONTEXT() REPRESENTATION_CONTEXT('2D SPACE',''
  ) );
#7427 = PCURVE('',#7428,#7433);
#7428 = CONICAL_SURFACE('',#7429,6.8776,2.959135976302E-02);
#7429 = AXIS2_PLACEMENT_3D('',#7430,#7431,#7432);
#7430 = CARTESIAN_POINT('',(0.,10.5,1.165734175856E-15));
#7431 = DIRECTION('',(0.,1.,1.110223024625E-16));
#7432 = DIRECTION('',(1.,0.,0.));
#7433 = DEFINITIONAL_REPRESENTATION('',(#7434),#7438);
#7434 = LINE('',#7435,#7436);
#7435 = CARTESIAN_POINT('',(0.,0.));
#7436 = VECTOR('',#7437,1.);
#7437 = DIRECTION('',(1.,0.));
#7438 = ( GEOMETRIC_REPRESENTATION_CONTEXT(2) 
PARAMETRIC_REPRESENTATION_CONTEXT() REPRESENTATION_CONTEXT('2D SPACE',''
  ) );
#7439 = ORIENTED_EDGE('',*,*,#7390,.F.);
#7440 = ADVANCED_FACE('',(#7441),#7373,.T.);
#7441 = FACE_BOUND('',#7442,.T.);
#7442 = EDGE_LOOP('',(#7443,#7444,#7467,#7494));
#7443 = ORIENTED_EDGE('',*,*,#7358,.T.);
#7444 = ORIENTED_EDGE('',*,*,#7445,.T.);
#7445 = EDGE_CURVE('',#7336,#7446,#7448,.T.);
#7446 = VERTEX_POINT('',#7447);
#7447 = CARTESIAN_POINT('',(6.8338,0.,10.75));
#7448 = SEAM_CURVE('',#7449,(#7453,#7460),.PCURVE_S1.);
#7449 = LINE('',#7450,#7451);
#7450 = CARTESIAN_POINT('',(6.8264,0.,10.5));
#7451 = VECTOR('',#7452,1.);
#7452 = DIRECTION('',(2.958704134677E-02,0.,0.999562207661));
#7453 = PCURVE('',#7373,#7454);
#7454 = DEFINITIONAL_REPRESENTATION('',(#7455),#7459);
#7455 = LINE('',#7456,#7457);
#7456 = CARTESIAN_POINT('',(0.,0.));
#7457 = VECTOR('',#7458,1.);
#7458 = DIRECTION('',(0.,1.));
#7459 = ( GEOMETRIC_REPRESENTATION_CONTEXT(2) 
PARAMETRIC_REPRESENTATION_CONTEXT() REPRESENTATION_CONTEXT('2D SPACE',''
  ) );
#7460 = PCURVE('',#7373,#7461);
#7461 = DEFINITIONAL_REPRESENTATION('',(#7462),#7466);
#7462 = LINE('',#7463,#7464);
#7463 = CARTESIAN_POINT('',(6.28318530718,0.));
#7464 = VECTOR('',#7465,1.);
#7465 = DIRECTION('',(0.,1.));
#7466 = ( GEOMETRIC_REPRESENTATION_CONTEXT(2) 
PARAMETRIC_REPRESENTATION_CONTEXT() REPRESENTATION_CONTEXT('2D SPACE',''
  ) );
#7467 = ORIENTED_EDGE('',*,*,#7468,.F.);
#7468 = EDGE_CURVE('',#7446,#7446,#7469,.T.);
#7469 = SURFACE_CURVE('',#7470,(#7475,#7482),.PCURVE_S1.);
#7470 = CIRCLE('',#7471,6.8338);
#7471 = AXIS2_PLACEMENT_3D('',#7472,#7473,#7474);
#7472 = CARTESIAN_POINT('',(0.,0.,10.75));
#7473 = DIRECTION('',(0.,0.,1.));
#7474 = DIRECTION('',(1.,0.,-0.));
#7475 = PCURVE('',#7373,#7476);
#7476 = DEFINITIONAL_REPRESENTATION('',(#7477),#7481);
#7477 = LINE('',#7478,#7479);
#7478 = CARTESIAN_POINT('',(0.,0.25));
#7479 = VECTOR('',#7480,1.);
#7480 = DIRECTION('',(1.,0.));
#7481 = ( GEOMETRIC_REPRESENTATION_CONTEXT(2) 
PARAMETRIC_REPRESENTATION_CONTEXT() REPRESENTATION_CONTEXT('2D SPACE',''
  ) );
#7482 = PCURVE('',#7483,#7488);
#7483 = CONICAL_SURFACE('',#7484,6.8338,3.997868712329E-02);
#7484 = AXIS2_PLACEMENT_3D('',#7485,#7486,#7487);
#7485 = CARTESIAN_POINT('',(0.,0.,10.75));
#7486 = DIRECTION('',(0.,0.,1.));
#7487 = DIRECTION('',(1.,0.,-0.));
#7488 = DEFINITIONAL_REPRESENTATION('',(#7489),#7493);
#7489 = LINE('',#7490,#7491);
#7490 = CARTESIAN_POINT('',(0.,0.));
#7491 = VECTOR('',#7492,1.);
#7492 = DIRECTION('',(1.,0.));
#7493 = ( GEOMETRIC_REPRESENTATION_CONTEXT(2) 
PARAMETRIC_REPRESENTATION_CONTEXT() REPRESENTATION_CONTEXT('2D SPACE',''
  ) );
#7494 = ORIENTED_EDGE('',*,*,#7445,.F.);
#7495 = ADVANCED_FACE('',(#7496),#7428,.T.);
#7496 = FACE_BOUND('',#7497,.T.);
#7497 = EDGE_LOOP('',(#7498,#7499,#7522,#7549));
#7498 = ORIENTED_EDGE('',*,*,#7413,.T.);
#7499 = ORIENTED_EDGE('',*,*,#7500,.T.);
#7500 = EDGE_CURVE('',#7391,#7501,#7503,.T.);
#7501 = VERTEX_POINT('',#7502);
#7502 = CARTESIAN_POINT('',(6.885,10.75,1.193489751472E-15));
#7503 = SEAM_CURVE('',#7504,(#7508,#7515),.PCURVE_S1.);
#7504 = LINE('',#7505,#7506);
#7505 = CARTESIAN_POINT('',(6.8776,10.5,1.165734175856E-15));
#7506 = VECTOR('',#7507,1.);
#7507 = DIRECTION('',(2.958704134677E-02,0.999562207661,
    1.109736977491E-16));
#7508 = PCURVE('',#7428,#7509);
#7509 = DEFINITIONAL_REPRESENTATION('',(#7510),#7514);
#7510 = LINE('',#7511,#7512);
#7511 = CARTESIAN_POINT('',(0.,0.));
#7512 = VECTOR('',#7513,1.);
#7513 = DIRECTION('',(0.,1.));
#7514 = ( GEOMETRIC_REPRESENTATION_CONTEXT(2) 
PARAMETRIC_REPRESENTATION_CONTEXT() REPRESENTATION_CONTEXT('2D SPACE',''
  ) );
#7515 = PCURVE('',#7428,#7516);
#7516 = DEFINITIONAL_REPRESENTATION('',(#7517),#7521);
#7517 = LINE('',#7518,#7519);
#7518 = CARTESIAN_POINT('',(6.28318530718,0.));
#7519 = VECTOR('',#7520,1.);
#7520 = DIRECTION('',(0.,1.));
#7521 = ( GEOMETRIC_REPRESENTATION_CONTEXT(2) 
PARAMETRIC_REPRESENTATION_CONTEXT() REPRESENTATION_CONTEXT('2D SPACE',''
  ) );
#7522 = ORIENTED_EDGE('',*,*,#7523,.F.);
#7523 = EDGE_CURVE('',#7501,#7501,#7524,.T.);
#7524 = SURFACE_CURVE('',#7525,(#7530,#7537),.PCURVE_S1.);
#7525 = CIRCLE('',#7526,6.885);
#7526 = AXIS2_PLACEMENT_3D('',#7527,#7528,#7529);
#7527 = CARTESIAN_POINT('',(0.,10.75,1.193489751472E-15));
#7528 = DIRECTION('',(-0.,1.,1.110223024625E-16));
#7529 = DIRECTION('',(1.,0.,0.));
#7530 = PCURVE('',#7428,#7531);
#7531 = DEFINITIONAL_REPRESENTATION('',(#7532),#7536);
#7532 = LINE('',#7533,#7534);
#7533 = CARTESIAN_POINT('',(0.,0.25));
#7534 = VECTOR('',#7535,1.);
#7535 = DIRECTION('',(1.,0.));
#7536 = ( GEOMETRIC_REPRESENTATION_CONTEXT(2) 
PARAMETRIC_REPRESENTATION_CONTEXT() REPRESENTATION_CONTEXT('2D SPACE',''
  ) );
#7537 = PCURVE('',#7538,#7543);
#7538 = CONICAL_SURFACE('',#7539,6.885,4.636674383429E-02);
#7539 = AXIS2_PLACEMENT_3D('',#7540,#7541,#7542);
#7540 = CARTESIAN_POINT('',(0.,10.75,1.193489751472E-15));
#7541 = DIRECTION('',(0.,1.,1.110223024625E-16));
#7542 = DIRECTION('',(1.,0.,0.));
#7543 = DEFINITIONAL_REPRESENTATION('',(#7544),#7548);
#7544 = LINE('',#7545,#7546);
#7545 = CARTESIAN_POINT('',(0.,0.));
#7546 = VECTOR('',#7547,1.);
#7547 = DIRECTION('',(1.,0.));
#7548 = ( GEOMETRIC_REPRESENTATION_CONTEXT(2) 
PARAMETRIC_REPRESENTATION_CONTEXT() REPRESENTATION_CONTEXT('2D SPACE',''
  ) );
#7549 = ORIENTED_EDGE('',*,*,#7500,.F.);
#7550 = ADVANCED_FACE('',(#7551),#7483,.T.);
#7551 = FACE_BOUND('',#7552,.T.);
#7552 = EDGE_LOOP('',(#7553,#7554,#7577,#7604));
#7553 = ORIENTED_EDGE('',*,*,#7468,.T.);
#7554 = ORIENTED_EDGE('',*,*,#7555,.T.);
#7555 = EDGE_CURVE('',#7446,#7556,#7558,.T.);
#7556 = VERTEX_POINT('',#7557);
#7557 = CARTESIAN_POINT('',(6.8438,0.,11.));
#7558 = SEAM_CURVE('',#7559,(#7563,#7570),.PCURVE_S1.);
#7559 = LINE('',#7560,#7561);
#7560 = CARTESIAN_POINT('',(6.8338,0.,10.75));
#7561 = VECTOR('',#7562,1.);
#7562 = DIRECTION('',(3.996803834887E-02,0.,0.999200958722));
#7563 = PCURVE('',#7483,#7564);
#7564 = DEFINITIONAL_REPRESENTATION('',(#7565),#7569);
#7565 = LINE('',#7566,#7567);
#7566 = CARTESIAN_POINT('',(0.,0.));
#7567 = VECTOR('',#7568,1.);
#7568 = DIRECTION('',(0.,1.));
#7569 = ( GEOMETRIC_REPRESENTATION_CONTEXT(2) 
PARAMETRIC_REPRESENTATION_CONTEXT() REPRESENTATION_CONTEXT('2D SPACE',''
  ) );
#7570 = PCURVE('',#7483,#7571);
#7571 = DEFINITIONAL_REPRESENTATION('',(#7572),#7576);
#7572 = LINE('',#7573,#7574);
#7573 = CARTESIAN_POINT('',(6.28318530718,0.));
#7574 = VECTOR('',#7575,1.);
#7575 = DIRECTION('',(0.,1.));
#7576 = ( GEOMETRIC_REPRESENTATION_CONTEXT(2) 
PARAMETRIC_REPRESENTATION_CONTEXT() REPRESENTATION_CONTEXT('2D SPACE',''
  ) );
#7577 = ORIENTED_EDGE('',*,*,#7578,.F.);
#7578 = EDGE_CURVE('',#7556,#7556,#7579,.T.);
#7579 = SURFACE_CURVE('',#7580,(#7585,#7592),.PCURVE_S1.);
#7580 = CIRCLE('',#7581,6.8438);
#7581 = AXIS2_PLACEMENT_3D('',#7582,#7583,#7584);
#7582 = CARTESIAN_POINT('',(0.,0.,11.));
#7583 = DIRECTION('',(0.,0.,1.));
#7584 = DIRECTION('',(1.,0.,-0.));
#7585 = PCURVE('',#7483,#7586);
#7586 = DEFINITIONAL_REPRESENTATION('',(#7587),#7591);
#7587 = LINE('',#7588,#7589);
#7588 = CARTESIAN_POINT('',(0.,0.25));
#7589 = VECTOR('',#7590,1.);
#7590 = DIRECTION('',(1.,0.));
#7591 = ( GEOMETRIC_REPRESENTATION_CONTEXT(2) 
PARAMETRIC_REPRESENTATION_CONTEXT() REPRESENTATION_CONTEXT('2D SPACE',''
  ) );
#7592 = PCURVE('',#7593,#7598);
#7593 = CONICAL_SURFACE('',#7594,6.8438,0.185830925085);
#7594 = AXIS2_PLACEMENT_3D('',#7595,#7596,#7597);
#7595 = CARTESIAN_POINT('',(0.,0.,11.));
#7596 = DIRECTION('',(0.,0.,1.));
#7597 = DIRECTION('',(1.,0.,-0.));
#7598 = DEFINITIONAL_REPRESENTATION('',(#7599),#7603);
#7599 = LINE('',#7600,#7601);
#7600 = CARTESIAN_POINT('',(0.,0.));
#7601 = VECTOR('',#7602,1.);
#7602 = DIRECTION('',(1.,0.));
#7603 = ( GEOMETRIC_REPRESENTATION_CONTEXT(2) 
PARAMETRIC_REPRESENTATION_CONTEXT() REPRESENTATION_CONTEXT('2D SPACE',''
  ) );
#7604 = ORIENTED_EDGE('',*,*,#7555,.F.);
#7605 = ADVANCED_FACE('',(#7606),#7538,.T.);
#7606 = FACE_BOUND('',#7607,.T.);
#7607 = EDGE_LOOP('',(#7608,#7609,#7632,#7659));
#7608 = ORIENTED_EDGE('',*,*,#7523,.T.);
#7609 = ORIENTED_EDGE('',*,*,#7610,.T.);
#7610 = EDGE_CURVE('',#7501,#7611,#7613,.T.);
#7611 = VERTEX_POINT('',#7612);
#7612 = CARTESIAN_POINT('',(6.8966,11.,1.221245327088E-15));
#7613 = SEAM_CURVE('',#7614,(#7618,#7625),.PCURVE_S1.);
#7614 = LINE('',#7615,#7616);
#7615 = CARTESIAN_POINT('',(6.885,10.75,1.193489751472E-15));
#7616 = VECTOR('',#7617,1.);
#7617 = DIRECTION('',(4.635013183669E-02,0.998925255101,
    1.109029818093E-16));
#7618 = PCURVE('',#7538,#7619);
#7619 = DEFINITIONAL_REPRESENTATION('',(#7620),#7624);
#7620 = LINE('',#7621,#7622);
#7621 = CARTESIAN_POINT('',(0.,0.));
#7622 = VECTOR('',#7623,1.);
#7623 = DIRECTION('',(0.,1.));
#7624 = ( GEOMETRIC_REPRESENTATION_CONTEXT(2) 
PARAMETRIC_REPRESENTATION_CONTEXT() REPRESENTATION_CONTEXT('2D SPACE',''
  ) );
#7625 = PCURVE('',#7538,#7626);
#7626 = DEFINITIONAL_REPRESENTATION('',(#7627),#7631);
#7627 = LINE('',#7628,#7629);
#7628 = CARTESIAN_POINT('',(6.28318530718,0.));
#7629 = VECTOR('',#7630,1.);
#7630 = DIRECTION('',(0.,1.));
#7631 = ( GEOMETRIC_REPRESENTATION_CONTEXT(2) 
PARAMETRIC_REPRESENTATION_CONTEXT() REPRESENTATION_CONTEXT('2D SPACE',''
  ) );
#7632 = ORIENTED_EDGE('',*,*,#7633,.F.);
#7633 = EDGE_CURVE('',#7611,#7611,#7634,.T.);
#7634 = SURFACE_CURVE('',#7635,(#7640,#7647),.PCURVE_S1.);
#7635 = CIRCLE('',#7636,6.8966);
#7636 = AXIS2_PLACEMENT_3D('',#7637,#7638,#7639);
#7637 = CARTESIAN_POINT('',(0.,11.,1.221245327088E-15));
#7638 = DIRECTION('',(-0.,1.,1.110223024625E-16));
#7639 = DIRECTION('',(1.,0.,0.));
#7640 = PCURVE('',#7538,#7641);
#7641 = DEFINITIONAL_REPRESENTATION('',(#7642),#7646);
#7642 = LINE('',#7643,#7644);
#7643 = CARTESIAN_POINT('',(0.,0.25));
#7644 = VECTOR('',#7645,1.);
#7645 = DIRECTION('',(1.,0.));
#7646 = ( GEOMETRIC_REPRESENTATION_CONTEXT(2) 
PARAMETRIC_REPRESENTATION_CONTEXT() REPRESENTATION_CONTEXT('2D SPACE',''
  ) );
#7647 = PCURVE('',#7648,#7653);
#7648 = CONICAL_SURFACE('',#7649,6.8966,0.193161233012);
#7649 = AXIS2_PLACEMENT_3D('',#7650,#7651,#7652);
#7650 = CARTESIAN_POINT('',(0.,11.,1.221245327088E-15));
#7651 = DIRECTION('',(0.,1.,1.110223024625E-16));
#7652 = DIRECTION('',(1.,0.,0.));
#7653 = DEFINITIONAL_REPRESENTATION('',(#7654),#7658);
#7654 = LINE('',#7655,#7656);
#7655 = CARTESIAN_POINT('',(0.,0.));
#7656 = VECTOR('',#7657,1.);
#7657 = DIRECTION('',(1.,0.));
#7658 = ( GEOMETRIC_REPRESENTATION_CONTEXT(2) 
PARAMETRIC_REPRESENTATION_CONTEXT() REPRESENTATION_CONTEXT('2D SPACE',''
  ) );
#7659 = ORIENTED_EDGE('',*,*,#7610,.F.);
#7660 = ADVANCED_FACE('',(#7661),#7593,.T.);
#7661 = FACE_BOUND('',#7662,.T.);
#7662 = EDGE_LOOP('',(#7663,#7664,#7687,#7714));
#7663 = ORIENTED_EDGE('',*,*,#7578,.T.);
#7664 = ORIENTED_EDGE('',*,*,#7665,.T.);
#7665 = EDGE_CURVE('',#7556,#7666,#7668,.T.);
#7666 = VERTEX_POINT('',#7667);
#7667 = CARTESIAN_POINT('',(6.8908,0.,11.25));
#7668 = SEAM_CURVE('',#7669,(#7673,#7680),.PCURVE_S1.);
#7669 = LINE('',#7670,#7671);
#7670 = CARTESIAN_POINT('',(6.8438,0.,11.));
#7671 = VECTOR('',#7672,1.);
#7672 = DIRECTION('',(0.18476321632,0.,0.982783065531));
#7673 = PCURVE('',#7593,#7674);
#7674 = DEFINITIONAL_REPRESENTATION('',(#7675),#7679);
#7675 = LINE('',#7676,#7677);
#7676 = CARTESIAN_POINT('',(0.,0.));
#7677 = VECTOR('',#7678,1.);
#7678 = DIRECTION('',(0.,1.));
#7679 = ( GEOMETRIC_REPRESENTATION_CONTEXT(2) 
PARAMETRIC_REPRESENTATION_CONTEXT() REPRESENTATION_CONTEXT('2D SPACE',''
  ) );
#7680 = PCURVE('',#7593,#7681);
#7681 = DEFINITIONAL_REPRESENTATION('',(#7682),#7686);
#7682 = LINE('',#7683,#7684);
#7683 = CARTESIAN_POINT('',(6.28318530718,0.));
#7684 = VECTOR('',#7685,1.);
#7685 = DIRECTION('',(0.,1.));
#7686 = ( GEOMETRIC_REPRESENTATION_CONTEXT(2) 
PARAMETRIC_REPRESENTATION_CONTEXT() REPRESENTATION_CONTEXT('2D SPACE',''
  ) );
#7687 = ORIENTED_EDGE('',*,*,#7688,.F.);
#7688 = EDGE_CURVE('',#7666,#7666,#7689,.T.);
#7689 = SURFACE_CURVE('',#7690,(#7695,#7702),.PCURVE_S1.);
#7690 = CIRCLE('',#7691,6.8908);
#7691 = AXIS2_PLACEMENT_3D('',#7692,#7693,#7694);
#7692 = CARTESIAN_POINT('',(0.,0.,11.25));
#7693 = DIRECTION('',(0.,0.,1.));
#7694 = DIRECTION('',(1.,0.,-0.));
#7695 = PCURVE('',#7593,#7696);
#7696 = DEFINITIONAL_REPRESENTATION('',(#7697),#7701);
#7697 = LINE('',#7698,#7699);
#7698 = CARTESIAN_POINT('',(0.,0.25));
#7699 = VECTOR('',#7700,1.);
#7700 = DIRECTION('',(1.,0.));
#7701 = ( GEOMETRIC_REPRESENTATION_CONTEXT(2) 
PARAMETRIC_REPRESENTATION_CONTEXT() REPRESENTATION_CONTEXT('2D SPACE',''
  ) );
#7702 = PCURVE('',#7703,#7708);
#7703 = CONICAL_SURFACE('',#7704,6.8908,0.498533622549);
#7704 = AXIS2_PLACEMENT_3D('',#7705,#7706,#7707);
#7705 = CARTESIAN_POINT('',(0.,0.,11.25));
#7706 = DIRECTION('',(0.,0.,1.));
#7707 = DIRECTION('',(1.,0.,-0.));
#7708 = DEFINITIONAL_REPRESENTATION('',(#7709),#7713);
#7709 = LINE('',#7710,#7711);
#7710 = CARTESIAN_POINT('',(0.,0.));
#7711 = VECTOR('',#7712,1.);
#7712 = DIRECTION('',(1.,0.));
#7713 = ( GEOMETRIC_REPRESENTATION_CONTEXT(2) 
PARAMETRIC_REPRESENTATION_CONTEXT() REPRESENTATION_CONTEXT('2D SPACE',''
  ) );
#7714 = ORIENTED_EDGE('',*,*,#7665,.F.);
#7715 = ADVANCED_FACE('',(#7716),#7648,.T.);
#7716 = FACE_BOUND('',#7717,.T.);
#7717 = EDGE_LOOP('',(#7718,#7719,#7742,#7769));
#7718 = ORIENTED_EDGE('',*,*,#7633,.T.);
#7719 = ORIENTED_EDGE('',*,*,#7720,.T.);
#7720 = EDGE_CURVE('',#7611,#7721,#7723,.T.);
#7721 = VERTEX_POINT('',#7722);
#7722 = CARTESIAN_POINT('',(6.9455,11.25,1.249000902703E-15));
#7723 = SEAM_CURVE('',#7724,(#7728,#7735),.PCURVE_S1.);
#7724 = LINE('',#7725,#7726);
#7725 = CARTESIAN_POINT('',(6.8966,11.,1.221245327088E-15));
#7726 = VECTOR('',#7727,1.);
#7727 = DIRECTION('',(0.191962290343,0.981402302365,1.089575432505E-16)
  );
#7728 = PCURVE('',#7648,#7729);
#7729 = DEFINITIONAL_REPRESENTATION('',(#7730),#7734);
#7730 = LINE('',#7731,#7732);
#7731 = CARTESIAN_POINT('',(0.,0.));
#7732 = VECTOR('',#7733,1.);
#7733 = DIRECTION('',(0.,1.));
#7734 = ( GEOMETRIC_REPRESENTATION_CONTEXT(2) 
PARAMETRIC_REPRESENTATION_CONTEXT() REPRESENTATION_CONTEXT('2D SPACE',''
  ) );
#7735 = PCURVE('',#7648,#7736);
#7736 = DEFINITIONAL_REPRESENTATION('',(#7737),#7741);
#7737 = LINE('',#7738,#7739);
#7738 = CARTESIAN_POINT('',(6.28318530718,0.));
#7739 = VECTOR('',#7740,1.);
#7740 = DIRECTION('',(0.,1.));
#7741 = ( GEOMETRIC_REPRESENTATION_CONTEXT(2) 
PARAMETRIC_REPRESENTATION_CONTEXT() REPRESENTATION_CONTEXT('2D SPACE',''
  ) );
#7742 = ORIENTED_EDGE('',*,*,#7743,.F.);
#7743 = EDGE_CURVE('',#7721,#7721,#7744,.T.);
#7744 = SURFACE_CURVE('',#7745,(#7750,#7757),.PCURVE_S1.);
#7745 = CIRCLE('',#7746,6.9455);
#7746 = AXIS2_PLACEMENT_3D('',#7747,#7748,#7749);
#7747 = CARTESIAN_POINT('',(0.,11.25,1.249000902703E-15));
#7748 = DIRECTION('',(-0.,1.,1.110223024625E-16));
#7749 = DIRECTION('',(1.,0.,0.));
#7750 = PCURVE('',#7648,#7751);
#7751 = DEFINITIONAL_REPRESENTATION('',(#7752),#7756);
#7752 = LINE('',#7753,#7754);
#7753 = CARTESIAN_POINT('',(0.,0.25));
#7754 = VECTOR('',#7755,1.);
#7755 = DIRECTION('',(1.,0.));
#7756 = ( GEOMETRIC_REPRESENTATION_CONTEXT(2) 
PARAMETRIC_REPRESENTATION_CONTEXT() REPRESENTATION_CONTEXT('2D SPACE',''
  ) );
#7757 = PCURVE('',#7758,#7763);
#7758 = CONICAL_SURFACE('',#7759,6.9455,0.504683953737);
#7759 = AXIS2_PLACEMENT_3D('',#7760,#7761,#7762);
#7760 = CARTESIAN_POINT('',(0.,11.25,1.249000902703E-15));
#7761 = DIRECTION('',(0.,1.,1.110223024625E-16));
#7762 = DIRECTION('',(1.,0.,0.));
#7763 = DEFINITIONAL_REPRESENTATION('',(#7764),#7768);
#7764 = LINE('',#7765,#7766);
#7765 = CARTESIAN_POINT('',(0.,0.));
#7766 = VECTOR('',#7767,1.);
#7767 = DIRECTION('',(1.,0.));
#7768 = ( GEOMETRIC_REPRESENTATION_CONTEXT(2) 
PARAMETRIC_REPRESENTATION_CONTEXT() REPRESENTATION_CONTEXT('2D SPACE',''
  ) );
#7769 = ORIENTED_EDGE('',*,*,#7720,.F.);
#7770 = ADVANCED_FACE('',(#7771),#7703,.T.);
#7771 = FACE_BOUND('',#7772,.T.);
#7772 = EDGE_LOOP('',(#7773,#7774,#7797,#7824));
#7773 = ORIENTED_EDGE('',*,*,#7688,.T.);
#7774 = ORIENTED_EDGE('',*,*,#7775,.T.);
#7775 = EDGE_CURVE('',#7666,#7776,#7778,.T.);
#7776 = VERTEX_POINT('',#7777);
#7777 = CARTESIAN_POINT('',(7.0269,0.,11.5));
#7778 = SEAM_CURVE('',#7779,(#7783,#7790),.PCURVE_S1.);
#7779 = LINE('',#7780,#7781);
#7780 = CARTESIAN_POINT('',(6.8908,0.,11.25));
#7781 = VECTOR('',#7782,1.);
#7782 = DIRECTION('',(0.47813815634,0.,0.878284636921));
#7783 = PCURVE('',#7703,#7784);
#7784 = DEFINITIONAL_REPRESENTATION('',(#7785),#7789);
#7785 = LINE('',#7786,#7787);
#7786 = CARTESIAN_POINT('',(0.,0.));
#7787 = VECTOR('',#7788,1.);
#7788 = DIRECTION('',(0.,1.));
#7789 = ( GEOMETRIC_REPRESENTATION_CONTEXT(2) 
PARAMETRIC_REPRESENTATION_CONTEXT() REPRESENTATION_CONTEXT('2D SPACE',''
  ) );
#7790 = PCURVE('',#7703,#7791);
#7791 = DEFINITIONAL_REPRESENTATION('',(#7792),#7796);
#7792 = LINE('',#7793,#7794);
#7793 = CARTESIAN_POINT('',(6.28318530718,0.));
#7794 = VECTOR('',#7795,1.);
#7795 = DIRECTION('',(0.,1.));
#7796 = ( GEOMETRIC_REPRESENTATION_CONTEXT(2) 
PARAMETRIC_REPRESENTATION_CONTEXT() REPRESENTATION_CONTEXT('2D SPACE',''
  ) );
#7797 = ORIENTED_EDGE('',*,*,#7798,.F.);
#7798 = EDGE_CURVE('',#7776,#7776,#7799,.T.);
#7799 = SURFACE_CURVE('',#7800,(#7805,#7812),.PCURVE_S1.);
#7800 = CIRCLE('',#7801,7.0269);
#7801 = AXIS2_PLACEMENT_3D('',#7802,#7803,#7804);
#7802 = CARTESIAN_POINT('',(0.,0.,11.5));
#7803 = DIRECTION('',(0.,0.,1.));
#7804 = DIRECTION('',(1.,0.,-0.));
#7805 = PCURVE('',#7703,#7806);
#7806 = DEFINITIONAL_REPRESENTATION('',(#7807),#7811);
#7807 = LINE('',#7808,#7809);
#7808 = CARTESIAN_POINT('',(0.,0.25));
#7809 = VECTOR('',#7810,1.);
#7810 = DIRECTION('',(1.,0.));
#7811 = ( GEOMETRIC_REPRESENTATION_CONTEXT(2) 
PARAMETRIC_REPRESENTATION_CONTEXT() REPRESENTATION_CONTEXT('2D SPACE',''
  ) );
#7812 = PCURVE('',#7813,#7818);
#7813 = CONICAL_SURFACE('',#7814,7.0269,0.686339107626);
#7814 = AXIS2_PLACEMENT_3D('',#7815,#7816,#7817);
#7815 = CARTESIAN_POINT('',(0.,0.,11.5));
#7816 = DIRECTION('',(0.,0.,1.));
#7817 = DIRECTION('',(1.,0.,-0.));
#7818 = DEFINITIONAL_REPRESENTATION('',(#7819),#7823);
#7819 = LINE('',#7820,#7821);
#7820 = CARTESIAN_POINT('',(0.,0.));
#7821 = VECTOR('',#7822,1.);
#7822 = DIRECTION('',(1.,0.));
#7823 = ( GEOMETRIC_REPRESENTATION_CONTEXT(2) 
PARAMETRIC_REPRESENTATION_CONTEXT() REPRESENTATION_CONTEXT('2D SPACE',''
  ) );
#7824 = ORIENTED_EDGE('',*,*,#7775,.F.);
#7825 = ADVANCED_FACE('',(#7826),#7758,.T.);
#7826 = FACE_BOUND('',#7827,.T.);
#7827 = EDGE_LOOP('',(#7828,#7829,#7852,#7879));
#7828 = ORIENTED_EDGE('',*,*,#7743,.T.);
#7829 = ORIENTED_EDGE('',*,*,#7830,.T.);
#7830 = EDGE_CURVE('',#7721,#7831,#7833,.T.);
#7831 = VERTEX_POINT('',#7832);
#7832 = CARTESIAN_POINT('',(7.0836,11.5,1.276756478319E-15));
#7833 = SEAM_CURVE('',#7834,(#7838,#7845),.PCURVE_S1.);
#7834 = LINE('',#7835,#7836);
#7835 = CARTESIAN_POINT('',(6.9455,11.25,1.249000902703E-15));
#7836 = VECTOR('',#7837,1.);
#7837 = DIRECTION('',(0.483530820544,0.875327336249,9.718085627871E-17)
  );
#7838 = PCURVE('',#7758,#7839);
#7839 = DEFINITIONAL_REPRESENTATION('',(#7840),#7844);
#7840 = LINE('',#7841,#7842);
#7841 = CARTESIAN_POINT('',(0.,0.));
#7842 = VECTOR('',#7843,1.);
#7843 = DIRECTION('',(0.,1.));
#7844 = ( GEOMETRIC_REPRESENTATION_CONTEXT(2) 
PARAMETRIC_REPRESENTATION_CONTEXT() REPRESENTATION_CONTEXT('2D SPACE',''
  ) );
#7845 = PCURVE('',#7758,#7846);
#7846 = DEFINITIONAL_REPRESENTATION('',(#7847),#7851);
#7847 = LINE('',#7848,#7849);
#7848 = CARTESIAN_POINT('',(6.28318530718,0.));
#7849 = VECTOR('',#7850,1.);
#7850 = DIRECTION('',(0.,1.));
#7851 = ( GEOMETRIC_REPRESENTATION_CONTEXT(2) 
PARAMETRIC_REPRESENTATION_CONTEXT() REPRESENTATION_CONTEXT('2D SPACE',''
  ) );
#7852 = ORIENTED_EDGE('',*,*,#7853,.F.);
#7853 = EDGE_CURVE('',#7831,#7831,#7854,.T.);
#7854 = SURFACE_CURVE('',#7855,(#7860,#7867),.PCURVE_S1.);
#7855 = CIRCLE('',#7856,7.0836);
#7856 = AXIS2_PLACEMENT_3D('',#7857,#7858,#7859);
#7857 = CARTESIAN_POINT('',(0.,11.5,1.276756478319E-15));
#7858 = DIRECTION('',(-0.,1.,1.110223024625E-16));
#7859 = DIRECTION('',(1.,0.,0.));
#7860 = PCURVE('',#7758,#7861);
#7861 = DEFINITIONAL_REPRESENTATION('',(#7862),#7866);
#7862 = LINE('',#7863,#7864);
#7863 = CARTESIAN_POINT('',(0.,0.25));
#7864 = VECTOR('',#7865,1.);
#7865 = DIRECTION('',(1.,0.));
#7866 = ( GEOMETRIC_REPRESENTATION_CONTEXT(2) 
PARAMETRIC_REPRESENTATION_CONTEXT() REPRESENTATION_CONTEXT('2D SPACE',''
  ) );
#7867 = PCURVE('',#7868,#7873);
#7868 = CONICAL_SURFACE('',#7869,7.0836,0.690870128921);
#7869 = AXIS2_PLACEMENT_3D('',#7870,#7871,#7872);
#7870 = CARTESIAN_POINT('',(0.,11.5,1.276756478319E-15));
#7871 = DIRECTION('',(0.,1.,1.110223024625E-16));
#7872 = DIRECTION('',(1.,0.,0.));
#7873 = DEFINITIONAL_REPRESENTATION('',(#7874),#7878);
#7874 = LINE('',#7875,#7876);
#7875 = CARTESIAN_POINT('',(0.,0.));
#7876 = VECTOR('',#7877,1.);
#7877 = DIRECTION('',(1.,0.));
#7878 = ( GEOMETRIC_REPRESENTATION_CONTEXT(2) 
PARAMETRIC_REPRESENTATION_CONTEXT() REPRESENTATION_CONTEXT('2D SPACE',''
  ) );
#7879 = ORIENTED_EDGE('',*,*,#7830,.F.);
#7880 = ADVANCED_FACE('',(#7881),#7813,.T.);
#7881 = FACE_BOUND('',#7882,.T.);
#7882 = EDGE_LOOP('',(#7883,#7884,#7907,#7934));
#7883 = ORIENTED_EDGE('',*,*,#7798,.T.);
#7884 = ORIENTED_EDGE('',*,*,#7885,.T.);
#7885 = EDGE_CURVE('',#7776,#7886,#7888,.T.);
#7886 = VERTEX_POINT('',#7887);
#7887 = CARTESIAN_POINT('',(7.2317,0.,11.75));
#7888 = SEAM_CURVE('',#7889,(#7893,#7900),.PCURVE_S1.);
#7889 = LINE('',#7890,#7891);
#7890 = CARTESIAN_POINT('',(7.0269,0.,11.5));
#7891 = VECTOR('',#7892,1.);
#7892 = DIRECTION('',(0.633709474401,0.,0.773571135743));
#7893 = PCURVE('',#7813,#7894);
#7894 = DEFINITIONAL_REPRESENTATION('',(#7895),#7899);
#7895 = LINE('',#7896,#7897);
#7896 = CARTESIAN_POINT('',(0.,0.));
#7897 = VECTOR('',#7898,1.);
#7898 = DIRECTION('',(0.,1.));
#7899 = ( GEOMETRIC_REPRESENTATION_CONTEXT(2) 
PARAMETRIC_REPRESENTATION_CONTEXT() REPRESENTATION_CONTEXT('2D SPACE',''
  ) );
#7900 = PCURVE('',#7813,#7901);
#7901 = DEFINITIONAL_REPRESENTATION('',(#7902),#7906);
#7902 = LINE('',#7903,#7904);
#7903 = CARTESIAN_POINT('',(6.28318530718,0.));
#7904 = VECTOR('',#7905,1.);
#7905 = DIRECTION('',(0.,1.));
#7906 = ( GEOMETRIC_REPRESENTATION_CONTEXT(2) 
PARAMETRIC_REPRESENTATION_CONTEXT() REPRESENTATION_CONTEXT('2D SPACE',''
  ) );
#7907 = ORIENTED_EDGE('',*,*,#7908,.F.);
#7908 = EDGE_CURVE('',#7886,#7886,#7909,.T.);
#7909 = SURFACE_CURVE('',#7910,(#7915,#7922),.PCURVE_S1.);
#7910 = CIRCLE('',#7911,7.2317);
#7911 = AXIS2_PLACEMENT_3D('',#7912,#7913,#7914);
#7912 = CARTESIAN_POINT('',(0.,0.,11.75));
#7913 = DIRECTION('',(0.,0.,1.));
#7914 = DIRECTION('',(1.,0.,-0.));
#7915 = PCURVE('',#7813,#7916);
#7916 = DEFINITIONAL_REPRESENTATION('',(#7917),#7921);
#7917 = LINE('',#7918,#7919);
#7918 = CARTESIAN_POINT('',(0.,0.25));
#7919 = VECTOR('',#7920,1.);
#7920 = DIRECTION('',(1.,0.));
#7921 = ( GEOMETRIC_REPRESENTATION_CONTEXT(2) 
PARAMETRIC_REPRESENTATION_CONTEXT() REPRESENTATION_CONTEXT('2D SPACE',''
  ) );
#7922 = PCURVE('',#7923,#7928);
#7923 = CONICAL_SURFACE('',#7924,7.2317,0.716673729911);
#7924 = AXIS2_PLACEMENT_3D('',#7925,#7926,#7927);
#7925 = CARTESIAN_POINT('',(0.,0.,11.75));
#7926 = DIRECTION('',(0.,0.,1.));
#7927 = DIRECTION('',(1.,0.,-0.));
#7928 = DEFINITIONAL_REPRESENTATION('',(#7929),#7933);
#7929 = LINE('',#7930,#7931);
#7930 = CARTESIAN_POINT('',(0.,0.));
#7931 = VECTOR('',#7932,1.);
#7932 = DIRECTION('',(1.,0.));
#7933 = ( GEOMETRIC_REPRESENTATION_CONTEXT(2) 
PARAMETRIC_REPRESENTATION_CONTEXT() REPRESENTATION_CONTEXT('2D SPACE',''
  ) );
#7934 = ORIENTED_EDGE('',*,*,#7885,.F.);
#7935 = ADVANCED_FACE('',(#7936),#7868,.T.);
#7936 = FACE_BOUND('',#7937,.T.);
#7937 = EDGE_LOOP('',(#7938,#7939,#7962,#7989));
#7938 = ORIENTED_EDGE('',*,*,#7853,.T.);
#7939 = ORIENTED_EDGE('',*,*,#7940,.T.);
#7940 = EDGE_CURVE('',#7831,#7941,#7943,.T.);
#7941 = VERTEX_POINT('',#7942);
#7942 = CARTESIAN_POINT('',(7.2903,11.75,1.304512053935E-15));
#7943 = SEAM_CURVE('',#7944,(#7948,#7955),.PCURVE_S1.);
#7944 = LINE('',#7945,#7946);
#7945 = CARTESIAN_POINT('',(7.0836,11.5,1.276756478319E-15));
#7946 = VECTOR('',#7947,1.);
#7947 = DIRECTION('',(0.637208024631,0.770691853691,8.556398408585E-17)
  );
#7948 = PCURVE('',#7868,#7949);
#7949 = DEFINITIONAL_REPRESENTATION('',(#7950),#7954);
#7950 = LINE('',#7951,#7952);
#7951 = CARTESIAN_POINT('',(0.,0.));
#7952 = VECTOR('',#7953,1.);
#7953 = DIRECTION('',(0.,1.));
#7954 = ( GEOMETRIC_REPRESENTATION_CONTEXT(2) 
PARAMETRIC_REPRESENTATION_CONTEXT() REPRESENTATION_CONTEXT('2D SPACE',''
  ) );
#7955 = PCURVE('',#7868,#7956);
#7956 = DEFINITIONAL_REPRESENTATION('',(#7957),#7961);
#7957 = LINE('',#7958,#7959);
#7958 = CARTESIAN_POINT('',(6.28318530718,0.));
#7959 = VECTOR('',#7960,1.);
#7960 = DIRECTION('',(0.,1.));
#7961 = ( GEOMETRIC_REPRESENTATION_CONTEXT(2) 
PARAMETRIC_REPRESENTATION_CONTEXT() REPRESENTATION_CONTEXT('2D SPACE',''
  ) );
#7962 = ORIENTED_EDGE('',*,*,#7963,.F.);
#7963 = EDGE_CURVE('',#7941,#7941,#7964,.T.);
#7964 = SURFACE_CURVE('',#7965,(#7970,#7977),.PCURVE_S1.);
#7965 = CIRCLE('',#7966,7.2903);
#7966 = AXIS2_PLACEMENT_3D('',#7967,#7968,#7969);
#7967 = CARTESIAN_POINT('',(0.,11.75,1.304512053935E-15));
#7968 = DIRECTION('',(-0.,1.,1.110223024625E-16));
#7969 = DIRECTION('',(1.,0.,0.));
#7970 = PCURVE('',#7868,#7971);
#7971 = DEFINITIONAL_REPRESENTATION('',(#7972),#7976);
#7972 = LINE('',#7973,#7974);
#7973 = CARTESIAN_POINT('',(0.,0.25));
#7974 = VECTOR('',#7975,1.);
#7975 = DIRECTION('',(1.,0.));
#7976 = ( GEOMETRIC_REPRESENTATION_CONTEXT(2) 
PARAMETRIC_REPRESENTATION_CONTEXT() REPRESENTATION_CONTEXT('2D SPACE',''
  ) );
#7977 = PCURVE('',#7978,#7983);
#7978 = CONICAL_SURFACE('',#7979,7.2903,0.720978163309);
#7979 = AXIS2_PLACEMENT_3D('',#7980,#7981,#7982);
#7980 = CARTESIAN_POINT('',(0.,11.75,1.304512053935E-15));
#7981 = DIRECTION('',(0.,1.,1.110223024625E-16));
#7982 = DIRECTION('',(1.,0.,0.));
#7983 = DEFINITIONAL_REPRESENTATION('',(#7984),#7988);
#7984 = LINE('',#7985,#7986);
#7985 = CARTESIAN_POINT('',(0.,0.));
#7986 = VECTOR('',#7987,1.);
#7987 = DIRECTION('',(1.,0.));
#7988 = ( GEOMETRIC_REPRESENTATION_CONTEXT(2) 
PARAMETRIC_REPRESENTATION_CONTEXT() REPRESENTATION_CONTEXT('2D SPACE',''
  ) );
#7989 = ORIENTED_EDGE('',*,*,#7940,.F.);
#7990 = ADVANCED_FACE('',(#7991),#7923,.T.);
#7991 = FACE_BOUND('',#7992,.T.);
#7992 = EDGE_LOOP('',(#7993,#7994,#8017,#8044));
#7993 = ORIENTED_EDGE('',*,*,#7908,.T.);
#7994 = ORIENTED_EDGE('',*,*,#7995,.T.);
#7995 = EDGE_CURVE('',#7886,#7996,#7998,.T.);
#7996 = VERTEX_POINT('',#7997);
#7997 = CARTESIAN_POINT('',(7.4495,0.,12.));
#7998 = SEAM_CURVE('',#7999,(#8003,#8010),.PCURVE_S1.);
#7999 = LINE('',#8000,#8001);
#8000 = CARTESIAN_POINT('',(7.2317,0.,11.75));
#8001 = VECTOR('',#8002,1.);
#8002 = DIRECTION('',(0.656880319937,0.,0.753994857595));
#8003 = PCURVE('',#7923,#8004);
#8004 = DEFINITIONAL_REPRESENTATION('',(#8005),#8009);
#8005 = LINE('',#8006,#8007);
#8006 = CARTESIAN_POINT('',(0.,0.));
#8007 = VECTOR('',#8008,1.);
#8008 = DIRECTION('',(0.,1.));
#8009 = ( GEOMETRIC_REPRESENTATION_CONTEXT(2) 
PARAMETRIC_REPRESENTATION_CONTEXT() REPRESENTATION_CONTEXT('2D SPACE',''
  ) );
#8010 = PCURVE('',#7923,#8011);
#8011 = DEFINITIONAL_REPRESENTATION('',(#8012),#8016);
#8012 = LINE('',#8013,#8014);
#8013 = CARTESIAN_POINT('',(6.28318530718,0.));
#8014 = VECTOR('',#8015,1.);
#8015 = DIRECTION('',(0.,1.));
#8016 = ( GEOMETRIC_REPRESENTATION_CONTEXT(2) 
PARAMETRIC_REPRESENTATION_CONTEXT() REPRESENTATION_CONTEXT('2D SPACE',''
  ) );
#8017 = ORIENTED_EDGE('',*,*,#8018,.F.);
#8018 = EDGE_CURVE('',#7996,#7996,#8019,.T.);
#8019 = SURFACE_CURVE('',#8020,(#8025,#8032),.PCURVE_S1.);
#8020 = CIRCLE('',#8021,7.4495);
#8021 = AXIS2_PLACEMENT_3D('',#8022,#8023,#8024);
#8022 = CARTESIAN_POINT('',(0.,0.,12.));
#8023 = DIRECTION('',(0.,0.,1.));
#8024 = DIRECTION('',(1.,0.,-0.));
#8025 = PCURVE('',#7923,#8026);
#8026 = DEFINITIONAL_REPRESENTATION('',(#8027),#8031);
#8027 = LINE('',#8028,#8029);
#8028 = CARTESIAN_POINT('',(0.,0.25));
#8029 = VECTOR('',#8030,1.);
#8030 = DIRECTION('',(1.,0.));
#8031 = ( GEOMETRIC_REPRESENTATION_CONTEXT(2) 
PARAMETRIC_REPRESENTATION_CONTEXT() REPRESENTATION_CONTEXT('2D SPACE',''
  ) );
#8032 = PCURVE('',#8033,#8038);
#8033 = CONICAL_SURFACE('',#8034,7.4495,0.71803652892);
#8034 = AXIS2_PLACEMENT_3D('',#8035,#8036,#8037);
#8035 = CARTESIAN_POINT('',(0.,0.,12.));
#8036 = DIRECTION('',(0.,0.,1.));
#8037 = DIRECTION('',(1.,0.,-0.));
#8038 = DEFINITIONAL_REPRESENTATION('',(#8039),#8043);
#8039 = LINE('',#8040,#8041);
#8040 = CARTESIAN_POINT('',(0.,0.));
#8041 = VECTOR('',#8042,1.);
#8042 = DIRECTION('',(1.,0.));
#8043 = ( GEOMETRIC_REPRESENTATION_CONTEXT(2) 
PARAMETRIC_REPRESENTATION_CONTEXT() REPRESENTATION_CONTEXT('2D SPACE',''
  ) );
#8044 = ORIENTED_EDGE('',*,*,#7995,.F.);
#8045 = ADVANCED_FACE('',(#8046),#7978,.T.);
#8046 = FACE_BOUND('',#8047,.T.);
#8047 = EDGE_LOOP('',(#8048,#8049,#8072,#8099));
#8048 = ORIENTED_EDGE('',*,*,#7963,.T.);
#8049 = ORIENTED_EDGE('',*,*,#8050,.T.);
#8050 = EDGE_CURVE('',#7941,#8051,#8053,.T.);
#8051 = VERTEX_POINT('',#8052);
#8052 = CARTESIAN_POINT('',(7.51,12.,1.33226762955E-15));
#8053 = SEAM_CURVE('',#8054,(#8058,#8065),.PCURVE_S1.);
#8054 = LINE('',#8055,#8056);
#8055 = CARTESIAN_POINT('',(7.2903,11.75,1.304512053935E-15));
#8056 = VECTOR('',#8057,1.);
#8057 = DIRECTION('',(0.660119745183,0.751160383686,8.339555531544E-17)
  );
#8058 = PCURVE('',#7978,#8059);
#8059 = DEFINITIONAL_REPRESENTATION('',(#8060),#8064);
#8060 = LINE('',#8061,#8062);
#8061 = CARTESIAN_POINT('',(0.,0.));
#8062 = VECTOR('',#8063,1.);
#8063 = DIRECTION('',(0.,1.));
#8064 = ( GEOMETRIC_REPRESENTATION_CONTEXT(2) 
PARAMETRIC_REPRESENTATION_CONTEXT() REPRESENTATION_CONTEXT('2D SPACE',''
  ) );
#8065 = PCURVE('',#7978,#8066);
#8066 = DEFINITIONAL_REPRESENTATION('',(#8067),#8071);
#8067 = LINE('',#8068,#8069);
#8068 = CARTESIAN_POINT('',(6.28318530718,0.));
#8069 = VECTOR('',#8070,1.);
#8070 = DIRECTION('',(0.,1.));
#8071 = ( GEOMETRIC_REPRESENTATION_CONTEXT(2) 
PARAMETRIC_REPRESENTATION_CONTEXT() REPRESENTATION_CONTEXT('2D SPACE',''
  ) );
#8072 = ORIENTED_EDGE('',*,*,#8073,.F.);
#8073 = EDGE_CURVE('',#8051,#8051,#8074,.T.);
#8074 = SURFACE_CURVE('',#8075,(#8080,#8087),.PCURVE_S1.);
#8075 = CIRCLE('',#8076,7.51);
#8076 = AXIS2_PLACEMENT_3D('',#8077,#8078,#8079);
#8077 = CARTESIAN_POINT('',(0.,12.,1.33226762955E-15));
#8078 = DIRECTION('',(-0.,1.,1.110223024625E-16));
#8079 = DIRECTION('',(1.,0.,0.));
#8080 = PCURVE('',#7978,#8081);
#8081 = DEFINITIONAL_REPRESENTATION('',(#8082),#8086);
#8082 = LINE('',#8083,#8084);
#8083 = CARTESIAN_POINT('',(0.,0.25));
#8084 = VECTOR('',#8085,1.);
#8085 = DIRECTION('',(1.,0.));
#8086 = ( GEOMETRIC_REPRESENTATION_CONTEXT(2) 
PARAMETRIC_REPRESENTATION_CONTEXT() REPRESENTATION_CONTEXT('2D SPACE',''
  ) );
#8087 = PCURVE('',#8088,#8093);
#8088 = CONICAL_SURFACE('',#8089,7.51,0.722555848927);
#8089 = AXIS2_PLACEMENT_3D('',#8090,#8091,#8092);
#8090 = CARTESIAN_POINT('',(0.,12.,1.33226762955E-15));
#8091 = DIRECTION('',(0.,1.,1.110223024625E-16));
#8092 = DIRECTION('',(1.,0.,0.));
#8093 = DEFINITIONAL_REPRESENTATION('',(#8094),#8098);
#8094 = LINE('',#8095,#8096);
#8095 = CARTESIAN_POINT('',(0.,0.));
#8096 = VECTOR('',#8097,1.);
#8097 = DIRECTION('',(1.,0.));
#8098 = ( GEOMETRIC_REPRESENTATION_CONTEXT(2) 
PARAMETRIC_REPRESENTATION_CONTEXT() REPRESENTATION_CONTEXT('2D SPACE',''
  ) );
#8099 = ORIENTED_EDGE('',*,*,#8050,.F.);
#8100 = ADVANCED_FACE('',(#8101),#8033,.T.);
#8101 = FACE_BOUND('',#8102,.T.);
#8102 = EDGE_LOOP('',(#8103,#8104,#8127,#8154));
#8103 = ORIENTED_EDGE('',*,*,#8018,.T.);
#8104 = ORIENTED_EDGE('',*,*,#8105,.T.);
#8105 = EDGE_CURVE('',#7996,#8106,#8108,.T.);
#8106 = VERTEX_POINT('',#8107);
#8107 = CARTESIAN_POINT('',(7.6679,0.,12.25));
#8108 = SEAM_CURVE('',#8109,(#8113,#8120),.PCURVE_S1.);
#8109 = LINE('',#8110,#8111);
#8110 = CARTESIAN_POINT('',(7.4495,0.,12.));
#8111 = VECTOR('',#8112,1.);
#8112 = DIRECTION('',(0.657907253077,0.,0.753098961856));
#8113 = PCURVE('',#8033,#8114);
#8114 = DEFINITIONAL_REPRESENTATION('',(#8115),#8119);
#8115 = LINE('',#8116,#8117);
#8116 = CARTESIAN_POINT('',(0.,0.));
#8117 = VECTOR('',#8118,1.);
#8118 = DIRECTION('',(0.,1.));
#8119 = ( GEOMETRIC_REPRESENTATION_CONTEXT(2) 
PARAMETRIC_REPRESENTATION_CONTEXT() REPRESENTATION_CONTEXT('2D SPACE',''
  ) );
#8120 = PCURVE('',#8033,#8121);
#8121 = DEFINITIONAL_REPRESENTATION('',(#8122),#8126);
#8122 = LINE('',#8123,#8124);
#8123 = CARTESIAN_POINT('',(6.28318530718,0.));
#8124 = VECTOR('',#8125,1.);
#8125 = DIRECTION('',(0.,1.));
#8126 = ( GEOMETRIC_REPRESENTATION_CONTEXT(2) 
PARAMETRIC_REPRESENTATION_CONTEXT() REPRESENTATION_CONTEXT('2D SPACE',''
  ) );
#8127 = ORIENTED_EDGE('',*,*,#8128,.F.);
#8128 = EDGE_CURVE('',#8106,#8106,#8129,.T.);
#8129 = SURFACE_CURVE('',#8130,(#8135,#8142),.PCURVE_S1.);
#8130 = CIRCLE('',#8131,7.6679);
#8131 = AXIS2_PLACEMENT_3D('',#8132,#8133,#8134);
#8132 = CARTESIAN_POINT('',(0.,0.,12.25));
#8133 = DIRECTION('',(0.,0.,1.));
#8134 = DIRECTION('',(1.,0.,-0.));
#8135 = PCURVE('',#8033,#8136);
#8136 = DEFINITIONAL_REPRESENTATION('',(#8137),#8141);
#8137 = LINE('',#8138,#8139);
#8138 = CARTESIAN_POINT('',(0.,0.25));
#8139 = VECTOR('',#8140,1.);
#8140 = DIRECTION('',(1.,0.));
#8141 = ( GEOMETRIC_REPRESENTATION_CONTEXT(2) 
PARAMETRIC_REPRESENTATION_CONTEXT() REPRESENTATION_CONTEXT('2D SPACE',''
  ) );
#8142 = PCURVE('',#8143,#8148);
#8143 = CONICAL_SURFACE('',#8144,7.6679,0.649363154555);
#8144 = AXIS2_PLACEMENT_3D('',#8145,#8146,#8147);
#8145 = CARTESIAN_POINT('',(0.,0.,12.25));
#8146 = DIRECTION('',(0.,0.,1.));
#8147 = DIRECTION('',(1.,0.,-0.));
#8148 = DEFINITIONAL_REPRESENTATION('',(#8149),#8153);
#8149 = LINE('',#8150,#8151);
#8150 = CARTESIAN_POINT('',(0.,0.));
#8151 = VECTOR('',#8152,1.);
#8152 = DIRECTION('',(1.,0.));
#8153 = ( GEOMETRIC_REPRESENTATION_CONTEXT(2) 
PARAMETRIC_REPRESENTATION_CONTEXT() REPRESENTATION_CONTEXT('2D SPACE',''
  ) );
#8154 = ORIENTED_EDGE('',*,*,#8105,.F.);
#8155 = ADVANCED_FACE('',(#8156),#8088,.T.);
#8156 = FACE_BOUND('',#8157,.T.);
#8157 = EDGE_LOOP('',(#8158,#8159,#8182,#8209));
#8158 = ORIENTED_EDGE('',*,*,#8073,.T.);
#8159 = ORIENTED_EDGE('',*,*,#8160,.T.);
#8160 = EDGE_CURVE('',#8051,#8161,#8163,.T.);
#8161 = VERTEX_POINT('',#8162);
#8162 = CARTESIAN_POINT('',(7.7304,12.25,1.360023205166E-15));
#8163 = SEAM_CURVE('',#8164,(#8168,#8175),.PCURVE_S1.);
#8164 = LINE('',#8165,#8166);
#8165 = CARTESIAN_POINT('',(7.51,12.,1.33226762955E-15));
#8166 = VECTOR('',#8167,1.);
#8167 = DIRECTION('',(0.661304018077,0.750117987836,8.327982612815E-17)
  );
#8168 = PCURVE('',#8088,#8169);
#8169 = DEFINITIONAL_REPRESENTATION('',(#8170),#8174);
#8170 = LINE('',#8171,#8172);
#8171 = CARTESIAN_POINT('',(0.,0.));
#8172 = VECTOR('',#8173,1.);
#8173 = DIRECTION('',(0.,1.));
#8174 = ( GEOMETRIC_REPRESENTATION_CONTEXT(2) 
PARAMETRIC_REPRESENTATION_CONTEXT() REPRESENTATION_CONTEXT('2D SPACE',''
  ) );
#8175 = PCURVE('',#8088,#8176);
#8176 = DEFINITIONAL_REPRESENTATION('',(#8177),#8181);
#8177 = LINE('',#8178,#8179);
#8178 = CARTESIAN_POINT('',(6.28318530718,0.));
#8179 = VECTOR('',#8180,1.);
#8180 = DIRECTION('',(0.,1.));
#8181 = ( GEOMETRIC_REPRESENTATION_CONTEXT(2) 
PARAMETRIC_REPRESENTATION_CONTEXT() REPRESENTATION_CONTEXT('2D SPACE',''
  ) );
#8182 = ORIENTED_EDGE('',*,*,#8183,.F.);
#8183 = EDGE_CURVE('',#8161,#8161,#8184,.T.);
#8184 = SURFACE_CURVE('',#8185,(#8190,#8197),.PCURVE_S1.);
#8185 = CIRCLE('',#8186,7.7304);
#8186 = AXIS2_PLACEMENT_3D('',#8187,#8188,#8189);
#8187 = CARTESIAN_POINT('',(0.,12.25,1.360023205166E-15));
#8188 = DIRECTION('',(-0.,1.,1.110223024625E-16));
#8189 = DIRECTION('',(1.,0.,0.));
#8190 = PCURVE('',#8088,#8191);
#8191 = DEFINITIONAL_REPRESENTATION('',(#8192),#8196);
#8192 = LINE('',#8193,#8194);
#8193 = CARTESIAN_POINT('',(0.,0.25));
#8194 = VECTOR('',#8195,1.);
#8195 = DIRECTION('',(1.,0.));
#8196 = ( GEOMETRIC_REPRESENTATION_CONTEXT(2) 
PARAMETRIC_REPRESENTATION_CONTEXT() REPRESENTATION_CONTEXT('2D SPACE',''
  ) );
#8197 = PCURVE('',#8198,#8203);
#8198 = CONICAL_SURFACE('',#8199,7.7304,0.654166693816);
#8199 = AXIS2_PLACEMENT_3D('',#8200,#8201,#8202);
#8200 = CARTESIAN_POINT('',(0.,12.25,1.360023205166E-15));
#8201 = DIRECTION('',(0.,1.,1.110223024625E-16));
#8202 = DIRECTION('',(1.,0.,0.));
#8203 = DEFINITIONAL_REPRESENTATION('',(#8204),#8208);
#8204 = LINE('',#8205,#8206);
#8205 = CARTESIAN_POINT('',(0.,0.));
#8206 = VECTOR('',#8207,1.);
#8207 = DIRECTION('',(1.,0.));
#8208 = ( GEOMETRIC_REPRESENTATION_CONTEXT(2) 
PARAMETRIC_REPRESENTATION_CONTEXT() REPRESENTATION_CONTEXT('2D SPACE',''
  ) );
#8209 = ORIENTED_EDGE('',*,*,#8160,.F.);
#8210 = ADVANCED_FACE('',(#8211),#8143,.T.);
#8211 = FACE_BOUND('',#8212,.T.);
#8212 = EDGE_LOOP('',(#8213,#8214,#8237,#8264));
#8213 = ORIENTED_EDGE('',*,*,#8128,.T.);
#8214 = ORIENTED_EDGE('',*,*,#8215,.T.);
#8215 = EDGE_CURVE('',#8106,#8216,#8218,.T.);
#8216 = VERTEX_POINT('',#8217);
#8217 = CARTESIAN_POINT('',(7.8577,0.,12.5));
#8218 = SEAM_CURVE('',#8219,(#8223,#8230),.PCURVE_S1.);
#8219 = LINE('',#8220,#8221);
#8220 = CARTESIAN_POINT('',(7.6679,0.,12.25));
#8221 = VECTOR('',#8222,1.);
#8222 = DIRECTION('',(0.604679300706,0.,0.796469047294));
#8223 = PCURVE('',#8143,#8224);
#8224 = DEFINITIONAL_REPRESENTATION('',(#8225),#8229);
#8225 = LINE('',#8226,#8227);
#8226 = CARTESIAN_POINT('',(0.,0.));
#8227 = VECTOR('',#8228,1.);
#8228 = DIRECTION('',(0.,1.));
#8229 = ( GEOMETRIC_REPRESENTATION_CONTEXT(2) 
PARAMETRIC_REPRESENTATION_CONTEXT() REPRESENTATION_CONTEXT('2D SPACE',''
  ) );
#8230 = PCURVE('',#8143,#8231);
#8231 = DEFINITIONAL_REPRESENTATION('',(#8232),#8236);
#8232 = LINE('',#8233,#8234);
#8233 = CARTESIAN_POINT('',(6.28318530718,0.));
#8234 = VECTOR('',#8235,1.);
#8235 = DIRECTION('',(0.,1.));
#8236 = ( GEOMETRIC_REPRESENTATION_CONTEXT(2) 
PARAMETRIC_REPRESENTATION_CONTEXT() REPRESENTATION_CONTEXT('2D SPACE',''
  ) );
#8237 = ORIENTED_EDGE('',*,*,#8238,.F.);
#8238 = EDGE_CURVE('',#8216,#8216,#8239,.T.);
#8239 = SURFACE_CURVE('',#8240,(#8245,#8252),.PCURVE_S1.);
#8240 = CIRCLE('',#8241,7.8577);
#8241 = AXIS2_PLACEMENT_3D('',#8242,#8243,#8244);
#8242 = CARTESIAN_POINT('',(0.,0.,12.5));
#8243 = DIRECTION('',(0.,0.,1.));
#8244 = DIRECTION('',(1.,0.,-0.));
#8245 = PCURVE('',#8143,#8246);
#8246 = DEFINITIONAL_REPRESENTATION('',(#8247),#8251);
#8247 = LINE('',#8248,#8249);
#8248 = CARTESIAN_POINT('',(0.,0.25));
#8249 = VECTOR('',#8250,1.);
#8250 = DIRECTION('',(1.,0.));
#8251 = ( GEOMETRIC_REPRESENTATION_CONTEXT(2) 
PARAMETRIC_REPRESENTATION_CONTEXT() REPRESENTATION_CONTEXT('2D SPACE',''
  ) );
#8252 = PCURVE('',#8253,#8258);
#8253 = CONICAL_SURFACE('',#8254,7.8577,0.493273238829);
#8254 = AXIS2_PLACEMENT_3D('',#8255,#8256,#8257);
#8255 = CARTESIAN_POINT('',(0.,0.,12.5));
#8256 = DIRECTION('',(0.,0.,1.));
#8257 = DIRECTION('',(1.,0.,-0.));
#8258 = DEFINITIONAL_REPRESENTATION('',(#8259),#8263);
#8259 = LINE('',#8260,#8261);
#8260 = CARTESIAN_POINT('',(0.,0.));
#8261 = VECTOR('',#8262,1.);
#8262 = DIRECTION('',(1.,0.));
#8263 = ( GEOMETRIC_REPRESENTATION_CONTEXT(2) 
PARAMETRIC_REPRESENTATION_CONTEXT() REPRESENTATION_CONTEXT('2D SPACE',''
  ) );
#8264 = ORIENTED_EDGE('',*,*,#8215,.F.);
#8265 = ADVANCED_FACE('',(#8266),#8198,.T.);
#8266 = FACE_BOUND('',#8267,.T.);
#8267 = EDGE_LOOP('',(#8268,#8269,#8292,#8319));
#8268 = ORIENTED_EDGE('',*,*,#8183,.T.);
#8269 = ORIENTED_EDGE('',*,*,#8270,.T.);
#8270 = EDGE_CURVE('',#8161,#8271,#8273,.T.);
#8271 = VERTEX_POINT('',#8272);
#8272 = CARTESIAN_POINT('',(7.9221,12.5,1.387778780781E-15));
#8273 = SEAM_CURVE('',#8274,(#8278,#8285),.PCURVE_S1.);
#8274 = LINE('',#8275,#8276);
#8275 = CARTESIAN_POINT('',(7.7304,12.25,1.360023205166E-15));
#8276 = VECTOR('',#8277,1.);
#8277 = DIRECTION('',(0.608498180163,0.793555268862,8.810233308029E-17)
  );
#8278 = PCURVE('',#8198,#8279);
#8279 = DEFINITIONAL_REPRESENTATION('',(#8280),#8284);
#8280 = LINE('',#8281,#8282);
#8281 = CARTESIAN_POINT('',(0.,0.));
#8282 = VECTOR('',#8283,1.);
#8283 = DIRECTION('',(0.,1.));
#8284 = ( GEOMETRIC_REPRESENTATION_CONTEXT(2) 
PARAMETRIC_REPRESENTATION_CONTEXT() REPRESENTATION_CONTEXT('2D SPACE',''
  ) );
#8285 = PCURVE('',#8198,#8286);
#8286 = DEFINITIONAL_REPRESENTATION('',(#8287),#8291);
#8287 = LINE('',#8288,#8289);
#8288 = CARTESIAN_POINT('',(6.28318530718,0.));
#8289 = VECTOR('',#8290,1.);
#8290 = DIRECTION('',(0.,1.));
#8291 = ( GEOMETRIC_REPRESENTATION_CONTEXT(2) 
PARAMETRIC_REPRESENTATION_CONTEXT() REPRESENTATION_CONTEXT('2D SPACE',''
  ) );
#8292 = ORIENTED_EDGE('',*,*,#8293,.F.);
#8293 = EDGE_CURVE('',#8271,#8271,#8294,.T.);
#8294 = SURFACE_CURVE('',#8295,(#8300,#8307),.PCURVE_S1.);
#8295 = CIRCLE('',#8296,7.9221);
#8296 = AXIS2_PLACEMENT_3D('',#8297,#8298,#8299);
#8297 = CARTESIAN_POINT('',(0.,12.5,1.387778780781E-15));
#8298 = DIRECTION('',(-0.,1.,1.110223024625E-16));
#8299 = DIRECTION('',(1.,0.,0.));
#8300 = PCURVE('',#8198,#8301);
#8301 = DEFINITIONAL_REPRESENTATION('',(#8302),#8306);
#8302 = LINE('',#8303,#8304);
#8303 = CARTESIAN_POINT('',(0.,0.25));
#8304 = VECTOR('',#8305,1.);
#8305 = DIRECTION('',(1.,0.));
#8306 = ( GEOMETRIC_REPRESENTATION_CONTEXT(2) 
PARAMETRIC_REPRESENTATION_CONTEXT() REPRESENTATION_CONTEXT('2D SPACE',''
  ) );
#8307 = PCURVE('',#8308,#8313);
#8308 = CONICAL_SURFACE('',#8309,7.9221,0.499150522344);
#8309 = AXIS2_PLACEMENT_3D('',#8310,#8311,#8312);
#8310 = CARTESIAN_POINT('',(0.,12.5,1.387778780781E-15));
#8311 = DIRECTION('',(0.,1.,1.110223024625E-16));
#8312 = DIRECTION('',(1.,0.,0.));
#8313 = DEFINITIONAL_REPRESENTATION('',(#8314),#8318);
#8314 = LINE('',#8315,#8316);
#8315 = CARTESIAN_POINT('',(0.,0.));
#8316 = VECTOR('',#8317,1.);
#8317 = DIRECTION('',(1.,0.));
#8318 = ( GEOMETRIC_REPRESENTATION_CONTEXT(2) 
PARAMETRIC_REPRESENTATION_CONTEXT() REPRESENTATION_CONTEXT('2D SPACE',''
  ) );
#8319 = ORIENTED_EDGE('',*,*,#8270,.F.);
#8320 = ADVANCED_FACE('',(#8321),#8253,.T.);
#8321 = FACE_BOUND('',#8322,.T.);
#8322 = EDGE_LOOP('',(#8323,#8324,#8347,#8374));
#8323 = ORIENTED_EDGE('',*,*,#8238,.T.);
#8324 = ORIENTED_EDGE('',*,*,#8325,.T.);
#8325 = EDGE_CURVE('',#8216,#8326,#8328,.T.);
#8326 = VERTEX_POINT('',#8327);
#8327 = CARTESIAN_POINT('',(7.9921,0.,12.75));
#8328 = SEAM_CURVE('',#8329,(#8333,#8340),.PCURVE_S1.);
#8329 = LINE('',#8330,#8331);
#8330 = CARTESIAN_POINT('',(7.8577,0.,12.5));
#8331 = VECTOR('',#8332,1.);
#8332 = DIRECTION('',(0.473511448025,0.,0.880787663736));
#8333 = PCURVE('',#8253,#8334);
#8334 = DEFINITIONAL_REPRESENTATION('',(#8335),#8339);
#8335 = LINE('',#8336,#8337);
#8336 = CARTESIAN_POINT('',(0.,0.));
#8337 = VECTOR('',#8338,1.);
#8338 = DIRECTION('',(0.,1.));
#8339 = ( GEOMETRIC_REPRESENTATION_CONTEXT(2) 
PARAMETRIC_REPRESENTATION_CONTEXT() REPRESENTATION_CONTEXT('2D SPACE',''
  ) );
#8340 = PCURVE('',#8253,#8341);
#8341 = DEFINITIONAL_REPRESENTATION('',(#8342),#8346);
#8342 = LINE('',#8343,#8344);
#8343 = CARTESIAN_POINT('',(6.28318530718,0.));
#8344 = VECTOR('',#8345,1.);
#8345 = DIRECTION('',(0.,1.));
#8346 = ( GEOMETRIC_REPRESENTATION_CONTEXT(2) 
PARAMETRIC_REPRESENTATION_CONTEXT() REPRESENTATION_CONTEXT('2D SPACE',''
  ) );
#8347 = ORIENTED_EDGE('',*,*,#8348,.F.);
#8348 = EDGE_CURVE('',#8326,#8326,#8349,.T.);
#8349 = SURFACE_CURVE('',#8350,(#8355,#8362),.PCURVE_S1.);
#8350 = CIRCLE('',#8351,7.9921);
#8351 = AXIS2_PLACEMENT_3D('',#8352,#8353,#8354);
#8352 = CARTESIAN_POINT('',(0.,0.,12.75));
#8353 = DIRECTION('',(0.,0.,1.));
#8354 = DIRECTION('',(1.,0.,-0.));
#8355 = PCURVE('',#8253,#8356);
#8356 = DEFINITIONAL_REPRESENTATION('',(#8357),#8361);
#8357 = LINE('',#8358,#8359);
#8358 = CARTESIAN_POINT('',(0.,0.25));
#8359 = VECTOR('',#8360,1.);
#8360 = DIRECTION('',(1.,0.));
#8361 = ( GEOMETRIC_REPRESENTATION_CONTEXT(2) 
PARAMETRIC_REPRESENTATION_CONTEXT() REPRESENTATION_CONTEXT('2D SPACE',''
  ) );
#8362 = PCURVE('',#8363,#8368);
#8363 = CONICAL_SURFACE('',#8364,7.9921,0.197780145632);
#8364 = AXIS2_PLACEMENT_3D('',#8365,#8366,#8367);
#8365 = CARTESIAN_POINT('',(0.,0.,12.75));
#8366 = DIRECTION('',(0.,0.,1.));
#8367 = DIRECTION('',(1.,0.,-0.));
#8368 = DEFINITIONAL_REPRESENTATION('',(#8369),#8373);
#8369 = LINE('',#8370,#8371);
#8370 = CARTESIAN_POINT('',(0.,0.));
#8371 = VECTOR('',#8372,1.);
#8372 = DIRECTION('',(1.,0.));
#8373 = ( GEOMETRIC_REPRESENTATION_CONTEXT(2) 
PARAMETRIC_REPRESENTATION_CONTEXT() REPRESENTATION_CONTEXT('2D SPACE',''
  ) );
#8374 = ORIENTED_EDGE('',*,*,#8325,.F.);
#8375 = ADVANCED_FACE('',(#8376),#8308,.T.);
#8376 = FACE_BOUND('',#8377,.T.);
#8377 = EDGE_LOOP('',(#8378,#8379,#8402,#8429));
#8378 = ORIENTED_EDGE('',*,*,#8293,.T.);
#8379 = ORIENTED_EDGE('',*,*,#8380,.T.);
#8380 = EDGE_CURVE('',#8271,#8381,#8383,.T.);
#8381 = VERTEX_POINT('',#8382);
#8382 = CARTESIAN_POINT('',(8.0584,12.75,1.415534356397E-15));
#8383 = SEAM_CURVE('',#8384,(#8388,#8395),.PCURVE_S1.);
#8384 = LINE('',#8385,#8386);
#8385 = CARTESIAN_POINT('',(7.9221,12.5,1.387778780781E-15));
#8386 = VECTOR('',#8387,1.);
#8387 = DIRECTION('',(0.478679878937,0.877989506487,9.747641654811E-17)
  );
#8388 = PCURVE('',#8308,#8389);
#8389 = DEFINITIONAL_REPRESENTATION('',(#8390),#8394);
#8390 = LINE('',#8391,#8392);
#8391 = CARTESIAN_POINT('',(0.,0.));
#8392 = VECTOR('',#8393,1.);
#8393 = DIRECTION('',(0.,1.));
#8394 = ( GEOMETRIC_REPRESENTATION_CONTEXT(2) 
PARAMETRIC_REPRESENTATION_CONTEXT() REPRESENTATION_CONTEXT('2D SPACE',''
  ) );
#8395 = PCURVE('',#8308,#8396);
#8396 = DEFINITIONAL_REPRESENTATION('',(#8397),#8401);
#8397 = LINE('',#8398,#8399);
#8398 = CARTESIAN_POINT('',(6.28318530718,0.));
#8399 = VECTOR('',#8400,1.);
#8400 = DIRECTION('',(0.,1.));
#8401 = ( GEOMETRIC_REPRESENTATION_CONTEXT(2) 
PARAMETRIC_REPRESENTATION_CONTEXT() REPRESENTATION_CONTEXT('2D SPACE',''
  ) );
#8402 = ORIENTED_EDGE('',*,*,#8403,.F.);
#8403 = EDGE_CURVE('',#8381,#8381,#8404,.T.);
#8404 = SURFACE_CURVE('',#8405,(#8410,#8417),.PCURVE_S1.);
#8405 = CIRCLE('',#8406,8.0584);
#8406 = AXIS2_PLACEMENT_3D('',#8407,#8408,#8409);
#8407 = CARTESIAN_POINT('',(0.,12.75,1.415534356397E-15));
#8408 = DIRECTION('',(-0.,1.,1.110223024625E-16));
#8409 = DIRECTION('',(1.,0.,0.));
#8410 = PCURVE('',#8308,#8411);
#8411 = DEFINITIONAL_REPRESENTATION('',(#8412),#8416);
#8412 = LINE('',#8413,#8414);
#8413 = CARTESIAN_POINT('',(0.,0.25));
#8414 = VECTOR('',#8415,1.);
#8415 = DIRECTION('',(1.,0.));
#8416 = ( GEOMETRIC_REPRESENTATION_CONTEXT(2) 
PARAMETRIC_REPRESENTATION_CONTEXT() REPRESENTATION_CONTEXT('2D SPACE',''
  ) );
#8417 = PCURVE('',#8418,#8423);
#8418 = CONICAL_SURFACE('',#8419,8.0584,0.20545928185);
#8419 = AXIS2_PLACEMENT_3D('',#8420,#8421,#8422);
#8420 = CARTESIAN_POINT('',(0.,12.75,1.415534356397E-15));
#8421 = DIRECTION('',(0.,1.,1.110223024625E-16));
#8422 = DIRECTION('',(1.,0.,0.));
#8423 = DEFINITIONAL_REPRESENTATION('',(#8424),#8428);
#8424 = LINE('',#8425,#8426);
#8425 = CARTESIAN_POINT('',(0.,0.));
#8426 = VECTOR('',#8427,1.);
#8427 = DIRECTION('',(1.,0.));
#8428 = ( GEOMETRIC_REPRESENTATION_CONTEXT(2) 
PARAMETRIC_REPRESENTATION_CONTEXT() REPRESENTATION_CONTEXT('2D SPACE',''
  ) );
#8429 = ORIENTED_EDGE('',*,*,#8380,.F.);
#8430 = ADVANCED_FACE('',(#8431),#8363,.T.);
#8431 = FACE_BOUND('',#8432,.T.);
#8432 = EDGE_LOOP('',(#8433,#8434,#8457,#8484));
#8433 = ORIENTED_EDGE('',*,*,#8348,.T.);
#8434 = ORIENTED_EDGE('',*,*,#8435,.T.);
#8435 = EDGE_CURVE('',#8326,#8436,#8438,.T.);
#8436 = VERTEX_POINT('',#8437);
#8437 = CARTESIAN_POINT('',(8.0422,0.,13.));
#8438 = SEAM_CURVE('',#8439,(#8443,#8450),.PCURVE_S1.);
#8439 = LINE('',#8440,#8441);
#8440 = CARTESIAN_POINT('',(7.9921,0.,12.75));
#8441 = VECTOR('',#8442,1.);
#8442 = DIRECTION('',(0.196493238012,0.,0.980505179699));
#8443 = PCURVE('',#8363,#8444);
#8444 = DEFINITIONAL_REPRESENTATION('',(#8445),#8449);
#8445 = LINE('',#8446,#8447);
#8446 = CARTESIAN_POINT('',(0.,0.));
#8447 = VECTOR('',#8448,1.);
#8448 = DIRECTION('',(0.,1.));
#8449 = ( GEOMETRIC_REPRESENTATION_CONTEXT(2) 
PARAMETRIC_REPRESENTATION_CONTEXT() REPRESENTATION_CONTEXT('2D SPACE',''
  ) );
#8450 = PCURVE('',#8363,#8451);
#8451 = DEFINITIONAL_REPRESENTATION('',(#8452),#8456);
#8452 = LINE('',#8453,#8454);
#8453 = CARTESIAN_POINT('',(6.28318530718,0.));
#8454 = VECTOR('',#8455,1.);
#8455 = DIRECTION('',(0.,1.));
#8456 = ( GEOMETRIC_REPRESENTATION_CONTEXT(2) 
PARAMETRIC_REPRESENTATION_CONTEXT() REPRESENTATION_CONTEXT('2D SPACE',''
  ) );
#8457 = ORIENTED_EDGE('',*,*,#8458,.F.);
#8458 = EDGE_CURVE('',#8436,#8436,#8459,.T.);
#8459 = SURFACE_CURVE('',#8460,(#8465,#8472),.PCURVE_S1.);
#8460 = CIRCLE('',#8461,8.0422);
#8461 = AXIS2_PLACEMENT_3D('',#8462,#8463,#8464);
#8462 = CARTESIAN_POINT('',(0.,0.,13.));
#8463 = DIRECTION('',(0.,0.,1.));
#8464 = DIRECTION('',(1.,0.,-0.));
#8465 = PCURVE('',#8363,#8466);
#8466 = DEFINITIONAL_REPRESENTATION('',(#8467),#8471);
#8467 = LINE('',#8468,#8469);
#8468 = CARTESIAN_POINT('',(0.,0.25));
#8469 = VECTOR('',#8470,1.);
#8470 = DIRECTION('',(1.,0.));
#8471 = ( GEOMETRIC_REPRESENTATION_CONTEXT(2) 
PARAMETRIC_REPRESENTATION_CONTEXT() REPRESENTATION_CONTEXT('2D SPACE',''
  ) );
#8472 = PCURVE('',#8473,#8478);
#8473 = CONICAL_SURFACE('',#8474,8.0422,3.718285461764E-02);
#8474 = AXIS2_PLACEMENT_3D('',#8475,#8476,#8477);
#8475 = CARTESIAN_POINT('',(0.,0.,13.));
#8476 = DIRECTION('',(0.,0.,1.));
#8477 = DIRECTION('',(1.,0.,-0.));
#8478 = DEFINITIONAL_REPRESENTATION('',(#8479),#8483);
#8479 = LINE('',#8480,#8481);
#8480 = CARTESIAN_POINT('',(0.,0.));
#8481 = VECTOR('',#8482,1.);
#8482 = DIRECTION('',(1.,0.));
#8483 = ( GEOMETRIC_REPRESENTATION_CONTEXT(2) 
PARAMETRIC_REPRESENTATION_CONTEXT() REPRESENTATION_CONTEXT('2D SPACE',''
  ) );
#8484 = ORIENTED_EDGE('',*,*,#8435,.F.);
#8485 = ADVANCED_FACE('',(#8486),#8418,.T.);
#8486 = FACE_BOUND('',#8487,.T.);
#8487 = EDGE_LOOP('',(#8488,#8489,#8512,#8539));
#8488 = ORIENTED_EDGE('',*,*,#8403,.T.);
#8489 = ORIENTED_EDGE('',*,*,#8490,.T.);
#8490 = EDGE_CURVE('',#8381,#8491,#8493,.T.);
#8491 = VERTEX_POINT('',#8492);
#8492 = CARTESIAN_POINT('',(8.1105,13.,1.443289932013E-15));
#8493 = SEAM_CURVE('',#8494,(#8498,#8505),.PCURVE_S1.);
#8494 = LINE('',#8495,#8496);
#8495 = CARTESIAN_POINT('',(8.0584,12.75,1.415534356397E-15));
#8496 = VECTOR('',#8497,1.);
#8497 = DIRECTION('',(0.204016803359,0.97896738656,1.086872132915E-16));
#8498 = PCURVE('',#8418,#8499);
#8499 = DEFINITIONAL_REPRESENTATION('',(#8500),#8504);
#8500 = LINE('',#8501,#8502);
#8501 = CARTESIAN_POINT('',(0.,0.));
#8502 = VECTOR('',#8503,1.);
#8503 = DIRECTION('',(0.,1.));
#8504 = ( GEOMETRIC_REPRESENTATION_CONTEXT(2) 
PARAMETRIC_REPRESENTATION_CONTEXT() REPRESENTATION_CONTEXT('2D SPACE',''
  ) );
#8505 = PCURVE('',#8418,#8506);
#8506 = DEFINITIONAL_REPRESENTATION('',(#8507),#8511);
#8507 = LINE('',#8508,#8509);
#8508 = CARTESIAN_POINT('',(6.28318530718,0.));
#8509 = VECTOR('',#8510,1.);
#8510 = DIRECTION('',(0.,1.));
#8511 = ( GEOMETRIC_REPRESENTATION_CONTEXT(2) 
PARAMETRIC_REPRESENTATION_CONTEXT() REPRESENTATION_CONTEXT('2D SPACE',''
  ) );
#8512 = ORIENTED_EDGE('',*,*,#8513,.F.);
#8513 = EDGE_CURVE('',#8491,#8491,#8514,.T.);
#8514 = SURFACE_CURVE('',#8515,(#8520,#8527),.PCURVE_S1.);
#8515 = CIRCLE('',#8516,8.1105);
#8516 = AXIS2_PLACEMENT_3D('',#8517,#8518,#8519);
#8517 = CARTESIAN_POINT('',(0.,13.,1.443289932013E-15));
#8518 = DIRECTION('',(-0.,1.,1.110223024625E-16));
#8519 = DIRECTION('',(1.,0.,0.));
#8520 = PCURVE('',#8418,#8521);
#8521 = DEFINITIONAL_REPRESENTATION('',(#8522),#8526);
#8522 = LINE('',#8523,#8524);
#8523 = CARTESIAN_POINT('',(0.,0.25));
#8524 = VECTOR('',#8525,1.);
#8525 = DIRECTION('',(1.,0.));
#8526 = ( GEOMETRIC_REPRESENTATION_CONTEXT(2) 
PARAMETRIC_REPRESENTATION_CONTEXT() REPRESENTATION_CONTEXT('2D SPACE',''
  ) );
#8527 = PCURVE('',#8528,#8533);
#8528 = CONICAL_SURFACE('',#8529,8.1105,4.477006424376E-02);
#8529 = AXIS2_PLACEMENT_3D('',#8530,#8531,#8532);
#8530 = CARTESIAN_POINT('',(0.,13.,1.443289932013E-15));
#8531 = DIRECTION('',(0.,1.,1.110223024625E-16));
#8532 = DIRECTION('',(1.,0.,0.));
#8533 = DEFINITIONAL_REPRESENTATION('',(#8534),#8538);
#8534 = LINE('',#8535,#8536);
#8535 = CARTESIAN_POINT('',(0.,0.));
#8536 = VECTOR('',#8537,1.);
#8537 = DIRECTION('',(1.,0.));
#8538 = ( GEOMETRIC_REPRESENTATION_CONTEXT(2) 
PARAMETRIC_REPRESENTATION_CONTEXT() REPRESENTATION_CONTEXT('2D SPACE',''
  ) );
#8539 = ORIENTED_EDGE('',*,*,#8490,.F.);
#8540 = ADVANCED_FACE('',(#8541),#8473,.T.);
#8541 = FACE_BOUND('',#8542,.T.);
#8542 = EDGE_LOOP('',(#8543,#8544,#8567,#8594));
#8543 = ORIENTED_EDGE('',*,*,#8458,.T.);
#8544 = ORIENTED_EDGE('',*,*,#8545,.T.);
#8545 = EDGE_CURVE('',#8436,#8546,#8548,.T.);
#8546 = VERTEX_POINT('',#8547);
#8547 = CARTESIAN_POINT('',(8.0515,0.,13.25));
#8548 = SEAM_CURVE('',#8549,(#8553,#8560),.PCURVE_S1.);
#8549 = LINE('',#8550,#8551);
#8550 = CARTESIAN_POINT('',(8.0422,0.,13.));
#8551 = VECTOR('',#8552,1.);
#8552 = DIRECTION('',(3.717428725967E-02,0.,0.999308797303));
#8553 = PCURVE('',#8473,#8554);
#8554 = DEFINITIONAL_REPRESENTATION('',(#8555),#8559);
#8555 = LINE('',#8556,#8557);
#8556 = CARTESIAN_POINT('',(0.,0.));
#8557 = VECTOR('',#8558,1.);
#8558 = DIRECTION('',(0.,1.));
#8559 = ( GEOMETRIC_REPRESENTATION_CONTEXT(2) 
PARAMETRIC_REPRESENTATION_CONTEXT() REPRESENTATION_CONTEXT('2D SPACE',''
  ) );
#8560 = PCURVE('',#8473,#8561);
#8561 = DEFINITIONAL_REPRESENTATION('',(#8562),#8566);
#8562 = LINE('',#8563,#8564);
#8563 = CARTESIAN_POINT('',(6.28318530718,0.));
#8564 = VECTOR('',#8565,1.);
#8565 = DIRECTION('',(0.,1.));
#8566 = ( GEOMETRIC_REPRESENTATION_CONTEXT(2) 
PARAMETRIC_REPRESENTATION_CONTEXT() REPRESENTATION_CONTEXT('2D SPACE',''
  ) );
#8567 = ORIENTED_EDGE('',*,*,#8568,.F.);
#8568 = EDGE_CURVE('',#8546,#8546,#8569,.T.);
#8569 = SURFACE_CURVE('',#8570,(#8575,#8582),.PCURVE_S1.);
#8570 = CIRCLE('',#8571,8.0515);
#8571 = AXIS2_PLACEMENT_3D('',#8572,#8573,#8574);
#8572 = CARTESIAN_POINT('',(0.,0.,13.25));
#8573 = DIRECTION('',(0.,0.,1.));
#8574 = DIRECTION('',(1.,0.,-0.));
#8575 = PCURVE('',#8473,#8576);
#8576 = DEFINITIONAL_REPRESENTATION('',(#8577),#8581);
#8577 = LINE('',#8578,#8579);
#8578 = CARTESIAN_POINT('',(0.,0.25));
#8579 = VECTOR('',#8580,1.);
#8580 = DIRECTION('',(1.,0.));
#8581 = ( GEOMETRIC_REPRESENTATION_CONTEXT(2) 
PARAMETRIC_REPRESENTATION_CONTEXT() REPRESENTATION_CONTEXT('2D SPACE',''
  ) );
#8582 = PCURVE('',#8583,#8588);
#8583 = CONICAL_SURFACE('',#8584,8.0515,4.799963136513E-03);
#8584 = AXIS2_PLACEMENT_3D('',#8585,#8586,#8587);
#8585 = CARTESIAN_POINT('',(0.,0.,13.25));
#8586 = DIRECTION('',(-0.,-0.,-1.));
#8587 = DIRECTION('',(1.,0.,-0.));
#8588 = DEFINITIONAL_REPRESENTATION('',(#8589),#8593);
#8589 = LINE('',#8590,#8591);
#8590 = CARTESIAN_POINT('',(-0.,-0.));
#8591 = VECTOR('',#8592,1.);
#8592 = DIRECTION('',(-1.,-0.));
#8593 = ( GEOMETRIC_REPRESENTATION_CONTEXT(2) 
PARAMETRIC_REPRESENTATION_CONTEXT() REPRESENTATION_CONTEXT('2D SPACE',''
  ) );
#8594 = ORIENTED_EDGE('',*,*,#8545,.F.);
#8595 = ADVANCED_FACE('',(#8596),#8528,.T.);
#8596 = FACE_BOUND('',#8597,.T.);
#8597 = EDGE_LOOP('',(#8598,#8599,#8622,#8649));
#8598 = ORIENTED_EDGE('',*,*,#8513,.T.);
#8599 = ORIENTED_EDGE('',*,*,#8600,.T.);
#8600 = EDGE_CURVE('',#8491,#8601,#8603,.T.);
#8601 = VERTEX_POINT('',#8602);
#8602 = CARTESIAN_POINT('',(8.1217,13.25,1.471045507628E-15));
#8603 = SEAM_CURVE('',#8604,(#8608,#8615),.PCURVE_S1.);
#8604 = LINE('',#8605,#8606);
#8605 = CARTESIAN_POINT('',(8.1105,13.,1.443289932013E-15));
#8606 = VECTOR('',#8607,1.);
#8607 = DIRECTION('',(4.475510986493E-02,0.998997988057,
    1.109110567895E-16));
#8608 = PCURVE('',#8528,#8609);
#8609 = DEFINITIONAL_REPRESENTATION('',(#8610),#8614);
#8610 = LINE('',#8611,#8612);
#8611 = CARTESIAN_POINT('',(0.,0.));
#8612 = VECTOR('',#8613,1.);
#8613 = DIRECTION('',(0.,1.));
#8614 = ( GEOMETRIC_REPRESENTATION_CONTEXT(2) 
PARAMETRIC_REPRESENTATION_CONTEXT() REPRESENTATION_CONTEXT('2D SPACE',''
  ) );
#8615 = PCURVE('',#8528,#8616);
#8616 = DEFINITIONAL_REPRESENTATION('',(#8617),#8621);
#8617 = LINE('',#8618,#8619);
#8618 = CARTESIAN_POINT('',(6.28318530718,0.));
#8619 = VECTOR('',#8620,1.);
#8620 = DIRECTION('',(0.,1.));
#8621 = ( GEOMETRIC_REPRESENTATION_CONTEXT(2) 
PARAMETRIC_REPRESENTATION_CONTEXT() REPRESENTATION_CONTEXT('2D SPACE',''
  ) );
#8622 = ORIENTED_EDGE('',*,*,#8623,.F.);
#8623 = EDGE_CURVE('',#8601,#8601,#8624,.T.);
#8624 = SURFACE_CURVE('',#8625,(#8630,#8637),.PCURVE_S1.);
#8625 = CIRCLE('',#8626,8.1217);
#8626 = AXIS2_PLACEMENT_3D('',#8627,#8628,#8629);
#8627 = CARTESIAN_POINT('',(0.,13.25,1.471045507628E-15));
#8628 = DIRECTION('',(-0.,1.,1.110223024625E-16));
#8629 = DIRECTION('',(1.,0.,0.));
#8630 = PCURVE('',#8528,#8631);
#8631 = DEFINITIONAL_REPRESENTATION('',(#8632),#8636);
#8632 = LINE('',#8633,#8634);
#8633 = CARTESIAN_POINT('',(0.,0.25));
#8634 = VECTOR('',#8635,1.);
#8635 = DIRECTION('',(1.,0.));
#8636 = ( GEOMETRIC_REPRESENTATION_CONTEXT(2) 
PARAMETRIC_REPRESENTATION_CONTEXT() REPRESENTATION_CONTEXT('2D SPACE',''
  ) );
#8637 = PCURVE('',#8638,#8643);
#8638 = CONICAL_SURFACE('',#8639,8.1217,3.1999890774E-03);
#8639 = AXIS2_PLACEMENT_3D('',#8640,#8641,#8642);
#8640 = CARTESIAN_POINT('',(0.,13.25,1.471045507628E-15));
#8641 = DIRECTION('',(0.,1.,1.110223024625E-16));
#8642 = DIRECTION('',(1.,0.,0.));
#8643 = DEFINITIONAL_REPRESENTATION('',(#8644),#8648);
#8644 = LINE('',#8645,#8646);
#8645 = CARTESIAN_POINT('',(0.,0.));
#8646 = VECTOR('',#8647,1.);
#8647 = DIRECTION('',(1.,0.));
#8648 = ( GEOMETRIC_REPRESENTATION_CONTEXT(2) 
PARAMETRIC_REPRESENTATION_CONTEXT() REPRESENTATION_CONTEXT('2D SPACE',''
  ) );
#8649 = ORIENTED_EDGE('',*,*,#8600,.F.);
#8650 = ADVANCED_FACE('',(#8651),#8583,.T.);
#8651 = FACE_BOUND('',#8652,.T.);
#8652 = EDGE_LOOP('',(#8653,#8654,#8677,#8704));
#8653 = ORIENTED_EDGE('',*,*,#8568,.T.);
#8654 = ORIENTED_EDGE('',*,*,#8655,.T.);
#8655 = EDGE_CURVE('',#8546,#8656,#8658,.T.);
#8656 = VERTEX_POINT('',#8657);
#8657 = CARTESIAN_POINT('',(8.0503,0.,13.5));
#8658 = SEAM_CURVE('',#8659,(#8663,#8670),.PCURVE_S1.);
#8659 = LINE('',#8660,#8661);
#8660 = CARTESIAN_POINT('',(8.0515,0.,13.25));
#8661 = VECTOR('',#8662,1.);
#8662 = DIRECTION('',(-4.799944704959E-03,0.,0.999988480199));
#8663 = PCURVE('',#8583,#8664);
#8664 = DEFINITIONAL_REPRESENTATION('',(#8665),#8669);
#8665 = LINE('',#8666,#8667);
#8666 = CARTESIAN_POINT('',(-0.,-0.));
#8667 = VECTOR('',#8668,1.);
#8668 = DIRECTION('',(-0.,-1.));
#8669 = ( GEOMETRIC_REPRESENTATION_CONTEXT(2) 
PARAMETRIC_REPRESENTATION_CONTEXT() REPRESENTATION_CONTEXT('2D SPACE',''
  ) );
#8670 = PCURVE('',#8583,#8671);
#8671 = DEFINITIONAL_REPRESENTATION('',(#8672),#8676);
#8672 = LINE('',#8673,#8674);
#8673 = CARTESIAN_POINT('',(-6.28318530718,-0.));
#8674 = VECTOR('',#8675,1.);
#8675 = DIRECTION('',(-0.,-1.));
#8676 = ( GEOMETRIC_REPRESENTATION_CONTEXT(2) 
PARAMETRIC_REPRESENTATION_CONTEXT() REPRESENTATION_CONTEXT('2D SPACE',''
  ) );
#8677 = ORIENTED_EDGE('',*,*,#8678,.F.);
#8678 = EDGE_CURVE('',#8656,#8656,#8679,.T.);
#8679 = SURFACE_CURVE('',#8680,(#8685,#8692),.PCURVE_S1.);
#8680 = CIRCLE('',#8681,8.0503);
#8681 = AXIS2_PLACEMENT_3D('',#8682,#8683,#8684);
#8682 = CARTESIAN_POINT('',(0.,0.,13.5));
#8683 = DIRECTION('',(0.,0.,1.));
#8684 = DIRECTION('',(1.,0.,-0.));
#8685 = PCURVE('',#8583,#8686);
#8686 = DEFINITIONAL_REPRESENTATION('',(#8687),#8691);
#8687 = LINE('',#8688,#8689);
#8688 = CARTESIAN_POINT('',(-0.,-0.25));
#8689 = VECTOR('',#8690,1.);
#8690 = DIRECTION('',(-1.,-0.));
#8691 = ( GEOMETRIC_REPRESENTATION_CONTEXT(2) 
PARAMETRIC_REPRESENTATION_CONTEXT() REPRESENTATION_CONTEXT('2D SPACE',''
  ) );
#8692 = PCURVE('',#8693,#8698);
#8693 = CONICAL_SURFACE('',#8694,8.0503,1.599998634672E-03);
#8694 = AXIS2_PLACEMENT_3D('',#8695,#8696,#8697);
#8695 = CARTESIAN_POINT('',(0.,0.,13.5));
#8696 = DIRECTION('',(0.,0.,1.));
#8697 = DIRECTION('',(1.,0.,-0.));
#8698 = DEFINITIONAL_REPRESENTATION('',(#8699),#8703);
#8699 = LINE('',#8700,#8701);
#8700 = CARTESIAN_POINT('',(0.,0.));
#8701 = VECTOR('',#8702,1.);
#8702 = DIRECTION('',(1.,0.));
#8703 = ( GEOMETRIC_REPRESENTATION_CONTEXT(2) 
PARAMETRIC_REPRESENTATION_CONTEXT() REPRESENTATION_CONTEXT('2D SPACE',''
  ) );
#8704 = ORIENTED_EDGE('',*,*,#8655,.F.);
#8705 = ADVANCED_FACE('',(#8706),#8638,.T.);
#8706 = FACE_BOUND('',#8707,.T.);
#8707 = EDGE_LOOP('',(#8708,#8709,#8732,#8759));
#8708 = ORIENTED_EDGE('',*,*,#8623,.T.);
#8709 = ORIENTED_EDGE('',*,*,#8710,.T.);
#8710 = EDGE_CURVE('',#8601,#8711,#8713,.T.);
#8711 = VERTEX_POINT('',#8712);
#8712 = CARTESIAN_POINT('',(8.1225,13.5,1.498801083244E-15));
#8713 = SEAM_CURVE('',#8714,(#8718,#8725),.PCURVE_S1.);
#8714 = LINE('',#8715,#8716);
#8715 = CARTESIAN_POINT('',(8.1217,13.25,1.471045507628E-15));
#8716 = VECTOR('',#8717,1.);
#8717 = DIRECTION('',(3.199983616125E-03,0.999994880039,
    1.110217340327E-16));
#8718 = PCURVE('',#8638,#8719);
#8719 = DEFINITIONAL_REPRESENTATION('',(#8720),#8724);
#8720 = LINE('',#8721,#8722);
#8721 = CARTESIAN_POINT('',(0.,0.));
#8722 = VECTOR('',#8723,1.);
#8723 = DIRECTION('',(0.,1.));
#8724 = ( GEOMETRIC_REPRESENTATION_CONTEXT(2) 
PARAMETRIC_REPRESENTATION_CONTEXT() REPRESENTATION_CONTEXT('2D SPACE',''
  ) );
#8725 = PCURVE('',#8638,#8726);
#8726 = DEFINITIONAL_REPRESENTATION('',(#8727),#8731);
#8727 = LINE('',#8728,#8729);
#8728 = CARTESIAN_POINT('',(6.28318530718,0.));
#8729 = VECTOR('',#8730,1.);
#8730 = DIRECTION('',(0.,1.));
#8731 = ( GEOMETRIC_REPRESENTATION_CONTEXT(2) 
PARAMETRIC_REPRESENTATION_CONTEXT() REPRESENTATION_CONTEXT('2D SPACE',''
  ) );
#8732 = ORIENTED_EDGE('',*,*,#8733,.F.);
#8733 = EDGE_CURVE('',#8711,#8711,#8734,.T.);
#8734 = SURFACE_CURVE('',#8735,(#8740,#8747),.PCURVE_S1.);
#8735 = CIRCLE('',#8736,8.1225);
#8736 = AXIS2_PLACEMENT_3D('',#8737,#8738,#8739);
#8737 = CARTESIAN_POINT('',(0.,13.5,1.498801083244E-15));
#8738 = DIRECTION('',(-0.,1.,1.110223024625E-16));
#8739 = DIRECTION('',(1.,0.,0.));
#8740 = PCURVE('',#8638,#8741);
#8741 = DEFINITIONAL_REPRESENTATION('',(#8742),#8746);
#8742 = LINE('',#8743,#8744);
#8743 = CARTESIAN_POINT('',(0.,0.25));
#8744 = VECTOR('',#8745,1.);
#8745 = DIRECTION('',(1.,0.));
#8746 = ( GEOMETRIC_REPRESENTATION_CONTEXT(2) 
PARAMETRIC_REPRESENTATION_CONTEXT() REPRESENTATION_CONTEXT('2D SPACE',''
  ) );
#8747 = PCURVE('',#8748,#8753);
#8748 = CONICAL_SURFACE('',#8749,8.1225,4.39997160566E-03);
#8749 = AXIS2_PLACEMENT_3D('',#8750,#8751,#8752);
#8750 = CARTESIAN_POINT('',(0.,13.5,1.498801083244E-15));
#8751 = DIRECTION('',(0.,1.,1.110223024625E-16));
#8752 = DIRECTION('',(1.,0.,0.));
#8753 = DEFINITIONAL_REPRESENTATION('',(#8754),#8758);
#8754 = LINE('',#8755,#8756);
#8755 = CARTESIAN_POINT('',(0.,0.));
#8756 = VECTOR('',#8757,1.);
#8757 = DIRECTION('',(1.,0.));
#8758 = ( GEOMETRIC_REPRESENTATION_CONTEXT(2) 
PARAMETRIC_REPRESENTATION_CONTEXT() REPRESENTATION_CONTEXT('2D SPACE',''
  ) );
#8759 = ORIENTED_EDGE('',*,*,#8710,.F.);
#8760 = ADVANCED_FACE('',(#8761),#8693,.T.);
#8761 = FACE_BOUND('',#8762,.T.);
#8762 = EDGE_LOOP('',(#8763,#8764,#8787,#8814));
#8763 = ORIENTED_EDGE('',*,*,#8678,.T.);
#8764 = ORIENTED_EDGE('',*,*,#8765,.T.);
#8765 = EDGE_CURVE('',#8656,#8766,#8768,.T.);
#8766 = VERTEX_POINT('',#8767);
#8767 = CARTESIAN_POINT('',(8.0507,0.,13.75));
#8768 = SEAM_CURVE('',#8769,(#8773,#8780),.PCURVE_S1.);
#8769 = LINE('',#8770,#8771);
#8770 = CARTESIAN_POINT('',(8.0503,0.,13.5));
#8771 = VECTOR('',#8772,1.);
#8772 = DIRECTION('',(1.599997952007E-03,0.,0.999998720002));
#8773 = PCURVE('',#8693,#8774);
#8774 = DEFINITIONAL_REPRESENTATION('',(#8775),#8779);
#8775 = LINE('',#8776,#8777);
#8776 = CARTESIAN_POINT('',(0.,0.));
#8777 = VECTOR('',#8778,1.);
#8778 = DIRECTION('',(0.,1.));
#8779 = ( GEOMETRIC_REPRESENTATION_CONTEXT(2) 
PARAMETRIC_REPRESENTATION_CONTEXT() REPRESENTATION_CONTEXT('2D SPACE',''
  ) );
#8780 = PCURVE('',#8693,#8781);
#8781 = DEFINITIONAL_REPRESENTATION('',(#8782),#8786);
#8782 = LINE('',#8783,#8784);
#8783 = CARTESIAN_POINT('',(6.28318530718,0.));
#8784 = VECTOR('',#8785,1.);
#8785 = DIRECTION('',(0.,1.));
#8786 = ( GEOMETRIC_REPRESENTATION_CONTEXT(2) 
PARAMETRIC_REPRESENTATION_CONTEXT() REPRESENTATION_CONTEXT('2D SPACE',''
  ) );
#8787 = ORIENTED_EDGE('',*,*,#8788,.F.);
#8788 = EDGE_CURVE('',#8766,#8766,#8789,.T.);
#8789 = SURFACE_CURVE('',#8790,(#8795,#8802),.PCURVE_S1.);
#8790 = CIRCLE('',#8791,8.0507);
#8791 = AXIS2_PLACEMENT_3D('',#8792,#8793,#8794);
#8792 = CARTESIAN_POINT('',(0.,0.,13.75));
#8793 = DIRECTION('',(0.,0.,1.));
#8794 = DIRECTION('',(1.,0.,-0.));
#8795 = PCURVE('',#8693,#8796);
#8796 = DEFINITIONAL_REPRESENTATION('',(#8797),#8801);
#8797 = LINE('',#8798,#8799);
#8798 = CARTESIAN_POINT('',(0.,0.25));
#8799 = VECTOR('',#8800,1.);
#8800 = DIRECTION('',(1.,0.));
#8801 = ( GEOMETRIC_REPRESENTATION_CONTEXT(2) 
PARAMETRIC_REPRESENTATION_CONTEXT() REPRESENTATION_CONTEXT('2D SPACE',''
  ) );
#8802 = PCURVE('',#8803,#8808);
#8803 = CONICAL_SURFACE('',#8804,8.0507,1.35991616077E-02);
#8804 = AXIS2_PLACEMENT_3D('',#8805,#8806,#8807);
#8805 = CARTESIAN_POINT('',(0.,0.,13.75));
#8806 = DIRECTION('',(0.,0.,1.));
#8807 = DIRECTION('',(1.,0.,-0.));
#8808 = DEFINITIONAL_REPRESENTATION('',(#8809),#8813);
#8809 = LINE('',#8810,#8811);
#8810 = CARTESIAN_POINT('',(0.,0.));
#8811 = VECTOR('',#8812,1.);
#8812 = DIRECTION('',(1.,0.));
#8813 = ( GEOMETRIC_REPRESENTATION_CONTEXT(2) 
PARAMETRIC_REPRESENTATION_CONTEXT() REPRESENTATION_CONTEXT('2D SPACE',''
  ) );
#8814 = ORIENTED_EDGE('',*,*,#8765,.F.);
#8815 = ADVANCED_FACE('',(#8816),#8748,.T.);
#8816 = FACE_BOUND('',#8817,.T.);
#8817 = EDGE_LOOP('',(#8818,#8819,#8842,#8869));
#8818 = ORIENTED_EDGE('',*,*,#8733,.T.);
#8819 = ORIENTED_EDGE('',*,*,#8820,.T.);
#8820 = EDGE_CURVE('',#8711,#8821,#8823,.T.);
#8821 = VERTEX_POINT('',#8822);
#8822 = CARTESIAN_POINT('',(8.1236,13.75,1.52655665886E-15));
#8823 = SEAM_CURVE('',#8824,(#8828,#8835),.PCURVE_S1.);
#8824 = LINE('',#8825,#8826);
#8825 = CARTESIAN_POINT('',(8.1225,13.5,1.498801083244E-15));
#8826 = VECTOR('',#8827,1.);
#8827 = DIRECTION('',(4.399957408615E-03,0.999990320141,
    1.110212277822E-16));
#8828 = PCURVE('',#8748,#8829);
#8829 = DEFINITIONAL_REPRESENTATION('',(#8830),#8834);
#8830 = LINE('',#8831,#8832);
#8831 = CARTESIAN_POINT('',(0.,0.));
#8832 = VECTOR('',#8833,1.);
#8833 = DIRECTION('',(0.,1.));
#8834 = ( GEOMETRIC_REPRESENTATION_CONTEXT(2) 
PARAMETRIC_REPRESENTATION_CONTEXT() REPRESENTATION_CONTEXT('2D SPACE',''
  ) );
#8835 = PCURVE('',#8748,#8836);
#8836 = DEFINITIONAL_REPRESENTATION('',(#8837),#8841);
#8837 = LINE('',#8838,#8839);
#8838 = CARTESIAN_POINT('',(6.28318530718,0.));
#8839 = VECTOR('',#8840,1.);
#8840 = DIRECTION('',(0.,1.));
#8841 = ( GEOMETRIC_REPRESENTATION_CONTEXT(2) 
PARAMETRIC_REPRESENTATION_CONTEXT() REPRESENTATION_CONTEXT('2D SPACE',''
  ) );
#8842 = ORIENTED_EDGE('',*,*,#8843,.F.);
#8843 = EDGE_CURVE('',#8821,#8821,#8844,.T.);
#8844 = SURFACE_CURVE('',#8845,(#8850,#8857),.PCURVE_S1.);
#8845 = CIRCLE('',#8846,8.1236);
#8846 = AXIS2_PLACEMENT_3D('',#8847,#8848,#8849);
#8847 = CARTESIAN_POINT('',(0.,13.75,1.52655665886E-15));
#8848 = DIRECTION('',(-0.,1.,1.110223024625E-16));
#8849 = DIRECTION('',(1.,0.,0.));
#8850 = PCURVE('',#8748,#8851);
#8851 = DEFINITIONAL_REPRESENTATION('',(#8852),#8856);
#8852 = LINE('',#8853,#8854);
#8853 = CARTESIAN_POINT('',(0.,0.25));
#8854 = VECTOR('',#8855,1.);
#8855 = DIRECTION('',(1.,0.));
#8856 = ( GEOMETRIC_REPRESENTATION_CONTEXT(2) 
PARAMETRIC_REPRESENTATION_CONTEXT() REPRESENTATION_CONTEXT('2D SPACE',''
  ) );
#8857 = PCURVE('',#8858,#8863);
#8858 = CONICAL_SURFACE('',#8859,8.1236,1.359916160771E-02);
#8859 = AXIS2_PLACEMENT_3D('',#8860,#8861,#8862);
#8860 = CARTESIAN_POINT('',(0.,13.75,1.52655665886E-15));
#8861 = DIRECTION('',(0.,1.,1.110223024625E-16));
#8862 = DIRECTION('',(1.,0.,0.));
#8863 = DEFINITIONAL_REPRESENTATION('',(#8864),#8868);
#8864 = LINE('',#8865,#8866);
#8865 = CARTESIAN_POINT('',(0.,0.));
#8866 = VECTOR('',#8867,1.);
#8867 = DIRECTION('',(1.,0.));
#8868 = ( GEOMETRIC_REPRESENTATION_CONTEXT(2) 
PARAMETRIC_REPRESENTATION_CONTEXT() REPRESENTATION_CONTEXT('2D SPACE',''
  ) );
#8869 = ORIENTED_EDGE('',*,*,#8820,.F.);
#8870 = ADVANCED_FACE('',(#8871),#8803,.T.);
#8871 = FACE_BOUND('',#8872,.T.);
#8872 = EDGE_LOOP('',(#8873,#8874,#8897,#8924));
#8873 = ORIENTED_EDGE('',*,*,#8788,.T.);
#8874 = ORIENTED_EDGE('',*,*,#8875,.T.);
#8875 = EDGE_CURVE('',#8766,#8876,#8878,.T.);
#8876 = VERTEX_POINT('',#8877);
#8877 = CARTESIAN_POINT('',(8.0541,0.,14.));
#8878 = SEAM_CURVE('',#8879,(#8883,#8890),.PCURVE_S1.);
#8879 = LINE('',#8880,#8881);
#8880 = CARTESIAN_POINT('',(8.0507,0.,13.75));
#8881 = VECTOR('',#8882,1.);
#8882 = DIRECTION('',(1.359874244644E-02,0.,0.999907532827));
#8883 = PCURVE('',#8803,#8884);
#8884 = DEFINITIONAL_REPRESENTATION('',(#8885),#8889);
#8885 = LINE('',#8886,#8887);
#8886 = CARTESIAN_POINT('',(0.,0.));
#8887 = VECTOR('',#8888,1.);
#8888 = DIRECTION('',(0.,1.));
#8889 = ( GEOMETRIC_REPRESENTATION_CONTEXT(2) 
PARAMETRIC_REPRESENTATION_CONTEXT() REPRESENTATION_CONTEXT('2D SPACE',''
  ) );
#8890 = PCURVE('',#8803,#8891);
#8891 = DEFINITIONAL_REPRESENTATION('',(#8892),#8896);
#8892 = LINE('',#8893,#8894);
#8893 = CARTESIAN_POINT('',(6.28318530718,0.));
#8894 = VECTOR('',#8895,1.);
#8895 = DIRECTION('',(0.,1.));
#8896 = ( GEOMETRIC_REPRESENTATION_CONTEXT(2) 
PARAMETRIC_REPRESENTATION_CONTEXT() REPRESENTATION_CONTEXT('2D SPACE',''
  ) );
#8897 = ORIENTED_EDGE('',*,*,#8898,.F.);
#8898 = EDGE_CURVE('',#8876,#8876,#8899,.T.);
#8899 = SURFACE_CURVE('',#8900,(#8905,#8912),.PCURVE_S1.);
#8900 = CIRCLE('',#8901,8.0541);
#8901 = AXIS2_PLACEMENT_3D('',#8902,#8903,#8904);
#8902 = CARTESIAN_POINT('',(0.,0.,14.));
#8903 = DIRECTION('',(0.,0.,1.));
#8904 = DIRECTION('',(1.,0.,-0.));
#8905 = PCURVE('',#8803,#8906);
#8906 = DEFINITIONAL_REPRESENTATION('',(#8907),#8911);
#8907 = LINE('',#8908,#8909);
#8908 = CARTESIAN_POINT('',(0.,0.25));
#8909 = VECTOR('',#8910,1.);
#8910 = DIRECTION('',(1.,0.));
#8911 = ( GEOMETRIC_REPRESENTATION_CONTEXT(2) 
PARAMETRIC_REPRESENTATION_CONTEXT() REPRESENTATION_CONTEXT('2D SPACE',''
  ) );
#8912 = PCURVE('',#8913,#8918);
#8913 = CONICAL_SURFACE('',#8914,8.0541,2.199645169704E-02);
#8914 = AXIS2_PLACEMENT_3D('',#8915,#8916,#8917);
#8915 = CARTESIAN_POINT('',(0.,0.,14.));
#8916 = DIRECTION('',(0.,0.,1.));
#8917 = DIRECTION('',(1.,0.,-0.));
#8918 = DEFINITIONAL_REPRESENTATION('',(#8919),#8923);
#8919 = LINE('',#8920,#8921);
#8920 = CARTESIAN_POINT('',(0.,0.));
#8921 = VECTOR('',#8922,1.);
#8922 = DIRECTION('',(1.,0.));
#8923 = ( GEOMETRIC_REPRESENTATION_CONTEXT(2) 
PARAMETRIC_REPRESENTATION_CONTEXT() REPRESENTATION_CONTEXT('2D SPACE',''
  ) );
#8924 = ORIENTED_EDGE('',*,*,#8875,.F.);
#8925 = ADVANCED_FACE('',(#8926),#8858,.T.);
#8926 = FACE_BOUND('',#8927,.T.);
#8927 = EDGE_LOOP('',(#8928,#8929,#8952,#8979));
#8928 = ORIENTED_EDGE('',*,*,#8843,.T.);
#8929 = ORIENTED_EDGE('',*,*,#8930,.T.);
#8930 = EDGE_CURVE('',#8821,#8931,#8933,.T.);
#8931 = VERTEX_POINT('',#8932);
#8932 = CARTESIAN_POINT('',(8.127,14.,1.554312234475E-15));
#8933 = SEAM_CURVE('',#8934,(#8938,#8945),.PCURVE_S1.);
#8934 = LINE('',#8935,#8936);
#8935 = CARTESIAN_POINT('',(8.1236,13.75,1.52655665886E-15));
#8936 = VECTOR('',#8937,1.);
#8937 = DIRECTION('',(1.359874244645E-02,0.999907532827,
    1.110120365441E-16));
#8938 = PCURVE('',#8858,#8939);
#8939 = DEFINITIONAL_REPRESENTATION('',(#8940),#8944);
#8940 = LINE('',#8941,#8942);
#8941 = CARTESIAN_POINT('',(0.,0.));
#8942 = VECTOR('',#8943,1.);
#8943 = DIRECTION('',(0.,1.));
#8944 = ( GEOMETRIC_REPRESENTATION_CONTEXT(2) 
PARAMETRIC_REPRESENTATION_CONTEXT() REPRESENTATION_CONTEXT('2D SPACE',''
  ) );
#8945 = PCURVE('',#8858,#8946);
#8946 = DEFINITIONAL_REPRESENTATION('',(#8947),#8951);
#8947 = LINE('',#8948,#8949);
#8948 = CARTESIAN_POINT('',(6.28318530718,0.));
#8949 = VECTOR('',#8950,1.);
#8950 = DIRECTION('',(0.,1.));
#8951 = ( GEOMETRIC_REPRESENTATION_CONTEXT(2) 
PARAMETRIC_REPRESENTATION_CONTEXT() REPRESENTATION_CONTEXT('2D SPACE',''
  ) );
#8952 = ORIENTED_EDGE('',*,*,#8953,.F.);
#8953 = EDGE_CURVE('',#8931,#8931,#8954,.T.);
#8954 = SURFACE_CURVE('',#8955,(#8960,#8967),.PCURVE_S1.);
#8955 = CIRCLE('',#8956,8.127);
#8956 = AXIS2_PLACEMENT_3D('',#8957,#8958,#8959);
#8957 = CARTESIAN_POINT('',(0.,14.,1.554312234475E-15));
#8958 = DIRECTION('',(-0.,1.,1.110223024625E-16));
#8959 = DIRECTION('',(1.,0.,0.));
#8960 = PCURVE('',#8858,#8961);
#8961 = DEFINITIONAL_REPRESENTATION('',(#8962),#8966);
#8962 = LINE('',#8963,#8964);
#8963 = CARTESIAN_POINT('',(0.,0.25));
#8964 = VECTOR('',#8965,1.);
#8965 = DIRECTION('',(1.,0.));
#8966 = ( GEOMETRIC_REPRESENTATION_CONTEXT(2) 
PARAMETRIC_REPRESENTATION_CONTEXT() REPRESENTATION_CONTEXT('2D SPACE',''
  ) );
#8967 = PCURVE('',#8968,#8973);
#8968 = CONICAL_SURFACE('',#8969,8.127,2.199645169704E-02);
#8969 = AXIS2_PLACEMENT_3D('',#8970,#8971,#8972);
#8970 = CARTESIAN_POINT('',(0.,14.,1.554312234475E-15));
#8971 = DIRECTION('',(0.,1.,1.110223024625E-16));
#8972 = DIRECTION('',(1.,0.,0.));
#8973 = DEFINITIONAL_REPRESENTATION('',(#8974),#8978);
#8974 = LINE('',#8975,#8976);
#8975 = CARTESIAN_POINT('',(0.,0.));
#8976 = VECTOR('',#8977,1.);
#8977 = DIRECTION('',(1.,0.));
#8978 = ( GEOMETRIC_REPRESENTATION_CONTEXT(2) 
PARAMETRIC_REPRESENTATION_CONTEXT() REPRESENTATION_CONTEXT('2D SPACE',''
  ) );
#8979 = ORIENTED_EDGE('',*,*,#8930,.F.);
#8980 = ADVANCED_FACE('',(#8981),#8913,.T.);
#8981 = FACE_BOUND('',#8982,.T.);
#8982 = EDGE_LOOP('',(#8983,#8984,#9007,#9034));
#8983 = ORIENTED_EDGE('',*,*,#8898,.T.);
#8984 = ORIENTED_EDGE('',*,*,#8985,.T.);
#8985 = EDGE_CURVE('',#8876,#8986,#8988,.T.);
#8986 = VERTEX_POINT('',#8987);
#8987 = CARTESIAN_POINT('',(8.0596,0.,14.25));
#8988 = SEAM_CURVE('',#8989,(#8993,#9000),.PCURVE_S1.);
#8989 = LINE('',#8990,#8991);
#8990 = CARTESIAN_POINT('',(8.0541,0.,14.));
#8991 = VECTOR('',#8992,1.);
#8992 = DIRECTION('',(2.199467793183E-02,0.,0.999758087811));
#8993 = PCURVE('',#8913,#8994);
#8994 = DEFINITIONAL_REPRESENTATION('',(#8995),#8999);
#8995 = LINE('',#8996,#8997);
#8996 = CARTESIAN_POINT('',(0.,0.));
#8997 = VECTOR('',#8998,1.);
#8998 = DIRECTION('',(0.,1.));
#8999 = ( GEOMETRIC_REPRESENTATION_CONTEXT(2) 
PARAMETRIC_REPRESENTATION_CONTEXT() REPRESENTATION_CONTEXT('2D SPACE',''
  ) );
#9000 = PCURVE('',#8913,#9001);
#9001 = DEFINITIONAL_REPRESENTATION('',(#9002),#9006);
#9002 = LINE('',#9003,#9004);
#9003 = CARTESIAN_POINT('',(6.28318530718,0.));
#9004 = VECTOR('',#9005,1.);
#9005 = DIRECTION('',(0.,1.));
#9006 = ( GEOMETRIC_REPRESENTATION_CONTEXT(2) 
PARAMETRIC_REPRESENTATION_CONTEXT() REPRESENTATION_CONTEXT('2D SPACE',''
  ) );
#9007 = ORIENTED_EDGE('',*,*,#9008,.F.);
#9008 = EDGE_CURVE('',#8986,#8986,#9009,.T.);
#9009 = SURFACE_CURVE('',#9010,(#9015,#9022),.PCURVE_S1.);
#9010 = CIRCLE('',#9011,8.0596);
#9011 = AXIS2_PLACEMENT_3D('',#9012,#9013,#9014);
#9012 = CARTESIAN_POINT('',(0.,0.,14.25));
#9013 = DIRECTION('',(0.,0.,1.));
#9014 = DIRECTION('',(1.,0.,-0.));
#9015 = PCURVE('',#8913,#9016);
#9016 = DEFINITIONAL_REPRESENTATION('',(#9017),#9021);
#9017 = LINE('',#9018,#9019);
#9018 = CARTESIAN_POINT('',(0.,0.25));
#9019 = VECTOR('',#9020,1.);
#9020 = DIRECTION('',(1.,0.));
#9021 = ( GEOMETRIC_REPRESENTATION_CONTEXT(2) 
PARAMETRIC_REPRESENTATION_CONTEXT() REPRESENTATION_CONTEXT('2D SPACE',''
  ) );
#9022 = PCURVE('',#9023,#9028);
#9023 = CONICAL_SURFACE('',#9024,8.0596,3.238866972759E-02);
#9024 = AXIS2_PLACEMENT_3D('',#9025,#9026,#9027);
#9025 = CARTESIAN_POINT('',(0.,0.,14.25));
#9026 = DIRECTION('',(0.,0.,1.));
#9027 = DIRECTION('',(1.,0.,-0.));
#9028 = DEFINITIONAL_REPRESENTATION('',(#9029),#9033);
#9029 = LINE('',#9030,#9031);
#9030 = CARTESIAN_POINT('',(0.,0.));
#9031 = VECTOR('',#9032,1.);
#9032 = DIRECTION('',(1.,0.));
#9033 = ( GEOMETRIC_REPRESENTATION_CONTEXT(2) 
PARAMETRIC_REPRESENTATION_CONTEXT() REPRESENTATION_CONTEXT('2D SPACE',''
  ) );
#9034 = ORIENTED_EDGE('',*,*,#8985,.F.);
#9035 = ADVANCED_FACE('',(#9036),#8968,.T.);
#9036 = FACE_BOUND('',#9037,.T.);
#9037 = EDGE_LOOP('',(#9038,#9039,#9062,#9089));
#9038 = ORIENTED_EDGE('',*,*,#8953,.T.);
#9039 = ORIENTED_EDGE('',*,*,#9040,.T.);
#9040 = EDGE_CURVE('',#8931,#9041,#9043,.T.);
#9041 = VERTEX_POINT('',#9042);
#9042 = CARTESIAN_POINT('',(8.1325,14.25,1.582067810091E-15));
#9043 = SEAM_CURVE('',#9044,(#9048,#9055),.PCURVE_S1.);
#9044 = LINE('',#9045,#9046);
#9045 = CARTESIAN_POINT('',(8.127,14.,1.554312234475E-15));
#9046 = VECTOR('',#9047,1.);
#9047 = DIRECTION('',(2.199467793183E-02,0.999758087811,
    1.109954448143E-16));
#9048 = PCURVE('',#8968,#9049);
#9049 = DEFINITIONAL_REPRESENTATION('',(#9050),#9054);
#9050 = LINE('',#9051,#9052);
#9051 = CARTESIAN_POINT('',(0.,0.));
#9052 = VECTOR('',#9053,1.);
#9053 = DIRECTION('',(0.,1.));
#9054 = ( GEOMETRIC_REPRESENTATION_CONTEXT(2) 
PARAMETRIC_REPRESENTATION_CONTEXT() REPRESENTATION_CONTEXT('2D SPACE',''
  ) );
#9055 = PCURVE('',#8968,#9056);
#9056 = DEFINITIONAL_REPRESENTATION('',(#9057),#9061);
#9057 = LINE('',#9058,#9059);
#9058 = CARTESIAN_POINT('',(6.28318530718,0.));
#9059 = VECTOR('',#9060,1.);
#9060 = DIRECTION('',(0.,1.));
#9061 = ( GEOMETRIC_REPRESENTATION_CONTEXT(2) 
PARAMETRIC_REPRESENTATION_CONTEXT() REPRESENTATION_CONTEXT('2D SPACE',''
  ) );
#9062 = ORIENTED_EDGE('',*,*,#9063,.F.);
#9063 = EDGE_CURVE('',#9041,#9041,#9064,.T.);
#9064 = SURFACE_CURVE('',#9065,(#9070,#9077),.PCURVE_S1.);
#9065 = CIRCLE('',#9066,8.1325);
#9066 = AXIS2_PLACEMENT_3D('',#9067,#9068,#9069);
#9067 = CARTESIAN_POINT('',(0.,14.25,1.582067810091E-15));
#9068 = DIRECTION('',(-0.,1.,1.110223024625E-16));
#9069 = DIRECTION('',(1.,0.,0.));
#9070 = PCURVE('',#8968,#9071);
#9071 = DEFINITIONAL_REPRESENTATION('',(#9072),#9076);
#9072 = LINE('',#9073,#9074);
#9073 = CARTESIAN_POINT('',(0.,0.25));
#9074 = VECTOR('',#9075,1.);
#9075 = DIRECTION('',(1.,0.));
#9076 = ( GEOMETRIC_REPRESENTATION_CONTEXT(2) 
PARAMETRIC_REPRESENTATION_CONTEXT() REPRESENTATION_CONTEXT('2D SPACE',''
  ) );
#9077 = PCURVE('',#9078,#9083);
#9078 = CONICAL_SURFACE('',#9079,8.1325,3.238866972758E-02);
#9079 = AXIS2_PLACEMENT_3D('',#9080,#9081,#9082);
#9080 = CARTESIAN_POINT('',(0.,14.25,1.582067810091E-15));
#9081 = DIRECTION('',(0.,1.,1.110223024625E-16));
#9082 = DIRECTION('',(1.,0.,0.));
#9083 = DEFINITIONAL_REPRESENTATION('',(#9084),#9088);
#9084 = LINE('',#9085,#9086);
#9085 = CARTESIAN_POINT('',(0.,0.));
#9086 = VECTOR('',#9087,1.);
#9087 = DIRECTION('',(1.,0.));
#9088 = ( GEOMETRIC_REPRESENTATION_CONTEXT(2) 
PARAMETRIC_REPRESENTATION_CONTEXT() REPRESENTATION_CONTEXT('2D SPACE',''
  ) );
#9089 = ORIENTED_EDGE('',*,*,#9040,.F.);
#9090 = ADVANCED_FACE('',(#9091),#9023,.T.);
#9091 = FACE_BOUND('',#9092,.T.);
#9092 = EDGE_LOOP('',(#9093,#9094,#9117,#9144));
#9093 = ORIENTED_EDGE('',*,*,#9008,.T.);
#9094 = ORIENTED_EDGE('',*,*,#9095,.T.);
#9095 = EDGE_CURVE('',#8986,#9096,#9098,.T.);
#9096 = VERTEX_POINT('',#9097);
#9097 = CARTESIAN_POINT('',(8.0677,0.,14.5));
#9098 = SEAM_CURVE('',#9099,(#9103,#9110),.PCURVE_S1.);
#9099 = LINE('',#9100,#9101);
#9100 = CARTESIAN_POINT('',(8.0596,0.,14.25));
#9101 = VECTOR('',#9102,1.);
#9102 = DIRECTION('',(3.238300726555E-02,0.,0.999475532887));
#9103 = PCURVE('',#9023,#9104);
#9104 = DEFINITIONAL_REPRESENTATION('',(#9105),#9109);
#9105 = LINE('',#9106,#9107);
#9106 = CARTESIAN_POINT('',(0.,0.));
#9107 = VECTOR('',#9108,1.);
#9108 = DIRECTION('',(0.,1.));
#9109 = ( GEOMETRIC_REPRESENTATION_CONTEXT(2) 
PARAMETRIC_REPRESENTATION_CONTEXT() REPRESENTATION_CONTEXT('2D SPACE',''
  ) );
#9110 = PCURVE('',#9023,#9111);
#9111 = DEFINITIONAL_REPRESENTATION('',(#9112),#9116);
#9112 = LINE('',#9113,#9114);
#9113 = CARTESIAN_POINT('',(6.28318530718,0.));
#9114 = VECTOR('',#9115,1.);
#9115 = DIRECTION('',(0.,1.));
#9116 = ( GEOMETRIC_REPRESENTATION_CONTEXT(2) 
PARAMETRIC_REPRESENTATION_CONTEXT() REPRESENTATION_CONTEXT('2D SPACE',''
  ) );
#9117 = ORIENTED_EDGE('',*,*,#9118,.F.);
#9118 = EDGE_CURVE('',#9096,#9096,#9119,.T.);
#9119 = SURFACE_CURVE('',#9120,(#9125,#9132),.PCURVE_S1.);
#9120 = CIRCLE('',#9121,8.0677);
#9121 = AXIS2_PLACEMENT_3D('',#9122,#9123,#9124);
#9122 = CARTESIAN_POINT('',(0.,0.,14.5));
#9123 = DIRECTION('',(0.,0.,1.));
#9124 = DIRECTION('',(1.,0.,-0.));
#9125 = PCURVE('',#9023,#9126);
#9126 = DEFINITIONAL_REPRESENTATION('',(#9127),#9131);
#9127 = LINE('',#9128,#9129);
#9128 = CARTESIAN_POINT('',(0.,0.25));
#9129 = VECTOR('',#9130,1.);
#9130 = DIRECTION('',(1.,0.));
#9131 = ( GEOMETRIC_REPRESENTATION_CONTEXT(2) 
PARAMETRIC_REPRESENTATION_CONTEXT() REPRESENTATION_CONTEXT('2D SPACE',''
  ) );
#9132 = PCURVE('',#9133,#9138);
#9133 = CONICAL_SURFACE('',#9134,8.0677,3.0390640368E-02);
#9134 = AXIS2_PLACEMENT_3D('',#9135,#9136,#9137);
#9135 = CARTESIAN_POINT('',(0.,0.,14.5));
#9136 = DIRECTION('',(0.,0.,1.));
#9137 = DIRECTION('',(1.,0.,-0.));
#9138 = DEFINITIONAL_REPRESENTATION('',(#9139),#9143);
#9139 = LINE('',#9140,#9141);
#9140 = CARTESIAN_POINT('',(0.,0.));
#9141 = VECTOR('',#9142,1.);
#9142 = DIRECTION('',(1.,0.));
#9143 = ( GEOMETRIC_REPRESENTATION_CONTEXT(2) 
PARAMETRIC_REPRESENTATION_CONTEXT() REPRESENTATION_CONTEXT('2D SPACE',''
  ) );
#9144 = ORIENTED_EDGE('',*,*,#9095,.F.);
#9145 = ADVANCED_FACE('',(#9146),#9078,.T.);
#9146 = FACE_BOUND('',#9147,.T.);
#9147 = EDGE_LOOP('',(#9148,#9149,#9172,#9199));
#9148 = ORIENTED_EDGE('',*,*,#9063,.T.);
#9149 = ORIENTED_EDGE('',*,*,#9150,.T.);
#9150 = EDGE_CURVE('',#9041,#9151,#9153,.T.);
#9151 = VERTEX_POINT('',#9152);
#9152 = CARTESIAN_POINT('',(8.1406,14.5,1.609823385706E-15));
#9153 = SEAM_CURVE('',#9154,(#9158,#9165),.PCURVE_S1.);
#9154 = LINE('',#9155,#9156);
#9155 = CARTESIAN_POINT('',(8.1325,14.25,1.582067810091E-15));
#9156 = VECTOR('',#9157,1.);
#9157 = DIRECTION('',(3.238300726555E-02,0.999475532887,
    1.109640749161E-16));
#9158 = PCURVE('',#9078,#9159);
#9159 = DEFINITIONAL_REPRESENTATION('',(#9160),#9164);
#9160 = LINE('',#9161,#9162);
#9161 = CARTESIAN_POINT('',(0.,0.));
#9162 = VECTOR('',#9163,1.);
#9163 = DIRECTION('',(0.,1.));
#9164 = ( GEOMETRIC_REPRESENTATION_CONTEXT(2) 
PARAMETRIC_REPRESENTATION_CONTEXT() REPRESENTATION_CONTEXT('2D SPACE',''
  ) );
#9165 = PCURVE('',#9078,#9166);
#9166 = DEFINITIONAL_REPRESENTATION('',(#9167),#9171);
#9167 = LINE('',#9168,#9169);
#9168 = CARTESIAN_POINT('',(6.28318530718,0.));
#9169 = VECTOR('',#9170,1.);
#9170 = DIRECTION('',(0.,1.));
#9171 = ( GEOMETRIC_REPRESENTATION_CONTEXT(2) 
PARAMETRIC_REPRESENTATION_CONTEXT() REPRESENTATION_CONTEXT('2D SPACE',''
  ) );
#9172 = ORIENTED_EDGE('',*,*,#9173,.F.);
#9173 = EDGE_CURVE('',#9151,#9151,#9174,.T.);
#9174 = SURFACE_CURVE('',#9175,(#9180,#9187),.PCURVE_S1.);
#9175 = CIRCLE('',#9176,8.1406);
#9176 = AXIS2_PLACEMENT_3D('',#9177,#9178,#9179);
#9177 = CARTESIAN_POINT('',(0.,14.5,1.609823385706E-15));
#9178 = DIRECTION('',(-0.,1.,1.110223024625E-16));
#9179 = DIRECTION('',(1.,0.,0.));
#9180 = PCURVE('',#9078,#9181);
#9181 = DEFINITIONAL_REPRESENTATION('',(#9182),#9186);
#9182 = LINE('',#9183,#9184);
#9183 = CARTESIAN_POINT('',(0.,0.25));
#9184 = VECTOR('',#9185,1.);
#9185 = DIRECTION('',(1.,0.));
#9186 = ( GEOMETRIC_REPRESENTATION_CONTEXT(2) 
PARAMETRIC_REPRESENTATION_CONTEXT() REPRESENTATION_CONTEXT('2D SPACE',''
  ) );
#9187 = PCURVE('',#9188,#9193);
#9188 = CONICAL_SURFACE('',#9189,8.1406,3.0390640368E-02);
#9189 = AXIS2_PLACEMENT_3D('',#9190,#9191,#9192);
#9190 = CARTESIAN_POINT('',(0.,14.5,1.609823385706E-15));
#9191 = DIRECTION('',(0.,1.,1.110223024625E-16));
#9192 = DIRECTION('',(1.,0.,0.));
#9193 = DEFINITIONAL_REPRESENTATION('',(#9194),#9198);
#9194 = LINE('',#9195,#9196);
#9195 = CARTESIAN_POINT('',(0.,0.));
#9196 = VECTOR('',#9197,1.);
#9197 = DIRECTION('',(1.,0.));
#9198 = ( GEOMETRIC_REPRESENTATION_CONTEXT(2) 
PARAMETRIC_REPRESENTATION_CONTEXT() REPRESENTATION_CONTEXT('2D SPACE',''
  ) );
#9199 = ORIENTED_EDGE('',*,*,#9150,.F.);
#9200 = ADVANCED_FACE('',(#9201),#9133,.T.);
#9201 = FACE_BOUND('',#9202,.T.);
#9202 = EDGE_LOOP('',(#9203,#9204,#9227,#9254));
#9203 = ORIENTED_EDGE('',*,*,#9118,.T.);
#9204 = ORIENTED_EDGE('',*,*,#9205,.T.);
#9205 = EDGE_CURVE('',#9096,#9206,#9208,.T.);
#9206 = VERTEX_POINT('',#9207);
#9207 = CARTESIAN_POINT('',(8.0753,0.,14.75));
#9208 = SEAM_CURVE('',#9209,(#9213,#9220),.PCURVE_S1.);
#9209 = LINE('',#9210,#9211);
#9210 = CARTESIAN_POINT('',(8.0677,0.,14.5));
#9211 = VECTOR('',#9212,1.);
#9212 = DIRECTION('',(3.038596249693E-02,0.,0.99953824003));
#9213 = PCURVE('',#9133,#9214);
#9214 = DEFINITIONAL_REPRESENTATION('',(#9215),#9219);
#9215 = LINE('',#9216,#9217);
#9216 = CARTESIAN_POINT('',(0.,0.));
#9217 = VECTOR('',#9218,1.);
#9218 = DIRECTION('',(0.,1.));
#9219 = ( GEOMETRIC_REPRESENTATION_CONTEXT(2) 
PARAMETRIC_REPRESENTATION_CONTEXT() REPRESENTATION_CONTEXT('2D SPACE',''
  ) );
#9220 = PCURVE('',#9133,#9221);
#9221 = DEFINITIONAL_REPRESENTATION('',(#9222),#9226);
#9222 = LINE('',#9223,#9224);
#9223 = CARTESIAN_POINT('',(6.28318530718,0.));
#9224 = VECTOR('',#9225,1.);
#9225 = DIRECTION('',(0.,1.));
#9226 = ( GEOMETRIC_REPRESENTATION_CONTEXT(2) 
PARAMETRIC_REPRESENTATION_CONTEXT() REPRESENTATION_CONTEXT('2D SPACE',''
  ) );
#9227 = ORIENTED_EDGE('',*,*,#9228,.F.);
#9228 = EDGE_CURVE('',#9206,#9206,#9229,.T.);
#9229 = SURFACE_CURVE('',#9230,(#9235,#9242),.PCURVE_S1.);
#9230 = CIRCLE('',#9231,8.0753);
#9231 = AXIS2_PLACEMENT_3D('',#9232,#9233,#9234);
#9232 = CARTESIAN_POINT('',(0.,0.,14.75));
#9233 = DIRECTION('',(0.,0.,1.));
#9234 = DIRECTION('',(1.,0.,-0.));
#9235 = PCURVE('',#9133,#9236);
#9236 = DEFINITIONAL_REPRESENTATION('',(#9237),#9241);
#9237 = LINE('',#9238,#9239);
#9238 = CARTESIAN_POINT('',(0.,0.25));
#9239 = VECTOR('',#9240,1.);
#9240 = DIRECTION('',(1.,0.));
#9241 = ( GEOMETRIC_REPRESENTATION_CONTEXT(2) 
PARAMETRIC_REPRESENTATION_CONTEXT() REPRESENTATION_CONTEXT('2D SPACE',''
  ) );
#9242 = PCURVE('',#9243,#9248);
#9243 = CONICAL_SURFACE('',#9244,8.0753,3.118988213282E-02);
#9244 = AXIS2_PLACEMENT_3D('',#9245,#9246,#9247);
#9245 = CARTESIAN_POINT('',(0.,0.,14.75));
#9246 = DIRECTION('',(0.,0.,1.));
#9247 = DIRECTION('',(1.,0.,-0.));
#9248 = DEFINITIONAL_REPRESENTATION('',(#9249),#9253);
#9249 = LINE('',#9250,#9251);
#9250 = CARTESIAN_POINT('',(0.,0.));
#9251 = VECTOR('',#9252,1.);
#9252 = DIRECTION('',(1.,0.));
#9253 = ( GEOMETRIC_REPRESENTATION_CONTEXT(2) 
PARAMETRIC_REPRESENTATION_CONTEXT() REPRESENTATION_CONTEXT('2D SPACE',''
  ) );
#9254 = ORIENTED_EDGE('',*,*,#9205,.F.);
#9255 = ADVANCED_FACE('',(#9256),#9188,.T.);
#9256 = FACE_BOUND('',#9257,.T.);
#9257 = EDGE_LOOP('',(#9258,#9259,#9282,#9309));
#9258 = ORIENTED_EDGE('',*,*,#9173,.T.);
#9259 = ORIENTED_EDGE('',*,*,#9260,.T.);
#9260 = EDGE_CURVE('',#9151,#9261,#9263,.T.);
#9261 = VERTEX_POINT('',#9262);
#9262 = CARTESIAN_POINT('',(8.1482,14.75,1.637578961322E-15));
#9263 = SEAM_CURVE('',#9264,(#9268,#9275),.PCURVE_S1.);
#9264 = LINE('',#9265,#9266);
#9265 = CARTESIAN_POINT('',(8.1406,14.5,1.609823385706E-15));
#9266 = VECTOR('',#9267,1.);
#9267 = DIRECTION('',(3.038596249693E-02,0.99953824003,
    1.109710368075E-16));
#9268 = PCURVE('',#9188,#9269);
#9269 = DEFINITIONAL_REPRESENTATION('',(#9270),#9274);
#9270 = LINE('',#9271,#9272);
#9271 = CARTESIAN_POINT('',(0.,0.));
#9272 = VECTOR('',#9273,1.);
#9273 = DIRECTION('',(0.,1.));
#9274 = ( GEOMETRIC_REPRESENTATION_CONTEXT(2) 
PARAMETRIC_REPRESENTATION_CONTEXT() REPRESENTATION_CONTEXT('2D SPACE',''
  ) );
#9275 = PCURVE('',#9188,#9276);
#9276 = DEFINITIONAL_REPRESENTATION('',(#9277),#9281);
#9277 = LINE('',#9278,#9279);
#9278 = CARTESIAN_POINT('',(6.28318530718,0.));
#9279 = VECTOR('',#9280,1.);
#9280 = DIRECTION('',(0.,1.));
#9281 = ( GEOMETRIC_REPRESENTATION_CONTEXT(2) 
PARAMETRIC_REPRESENTATION_CONTEXT() REPRESENTATION_CONTEXT('2D SPACE',''
  ) );
#9282 = ORIENTED_EDGE('',*,*,#9283,.F.);
#9283 = EDGE_CURVE('',#9261,#9261,#9284,.T.);
#9284 = SURFACE_CURVE('',#9285,(#9290,#9297),.PCURVE_S1.);
#9285 = CIRCLE('',#9286,8.1482);
#9286 = AXIS2_PLACEMENT_3D('',#9287,#9288,#9289);
#9287 = CARTESIAN_POINT('',(0.,14.75,1.637578961322E-15));
#9288 = DIRECTION('',(-0.,1.,1.110223024625E-16));
#9289 = DIRECTION('',(1.,0.,0.));
#9290 = PCURVE('',#9188,#9291);
#9291 = DEFINITIONAL_REPRESENTATION('',(#9292),#9296);
#9292 = LINE('',#9293,#9294);
#9293 = CARTESIAN_POINT('',(0.,0.25));
#9294 = VECTOR('',#9295,1.);
#9295 = DIRECTION('',(1.,0.));
#9296 = ( GEOMETRIC_REPRESENTATION_CONTEXT(2) 
PARAMETRIC_REPRESENTATION_CONTEXT() REPRESENTATION_CONTEXT('2D SPACE',''
  ) );
#9297 = PCURVE('',#9298,#9303);
#9298 = CONICAL_SURFACE('',#9299,8.1482,3.118988213283E-02);
#9299 = AXIS2_PLACEMENT_3D('',#9300,#9301,#9302);
#9300 = CARTESIAN_POINT('',(0.,14.75,1.637578961322E-15));
#9301 = DIRECTION('',(0.,1.,1.110223024625E-16));
#9302 = DIRECTION('',(1.,0.,0.));
#9303 = DEFINITIONAL_REPRESENTATION('',(#9304),#9308);
#9304 = LINE('',#9305,#9306);
#9305 = CARTESIAN_POINT('',(0.,0.));
#9306 = VECTOR('',#9307,1.);
#9307 = DIRECTION('',(1.,0.));
#9308 = ( GEOMETRIC_REPRESENTATION_CONTEXT(2) 
PARAMETRIC_REPRESENTATION_CONTEXT() REPRESENTATION_CONTEXT('2D SPACE',''
  ) );
#9309 = ORIENTED_EDGE('',*,*,#9260,.F.);
#9310 = ADVANCED_FACE('',(#9311),#9243,.T.);
#9311 = FACE_BOUND('',#9312,.T.);
#9312 = EDGE_LOOP('',(#9313,#9314,#9337,#9364));
#9313 = ORIENTED_EDGE('',*,*,#9228,.T.);
#9314 = ORIENTED_EDGE('',*,*,#9315,.T.);
#9315 = EDGE_CURVE('',#9206,#9316,#9318,.T.);
#9316 = VERTEX_POINT('',#9317);
#9317 = CARTESIAN_POINT('',(8.0831,0.,15.));
#9318 = SEAM_CURVE('',#9319,(#9323,#9330),.PCURVE_S1.);
#9319 = LINE('',#9320,#9321);
#9320 = CARTESIAN_POINT('',(8.0753,0.,14.75));
#9321 = VECTOR('',#9322,1.);
#9322 = DIRECTION('',(3.118482541376E-02,0.,0.999513635057));
#9323 = PCURVE('',#9243,#9324);
#9324 = DEFINITIONAL_REPRESENTATION('',(#9325),#9329);
#9325 = LINE('',#9326,#9327);
#9326 = CARTESIAN_POINT('',(0.,0.));
#9327 = VECTOR('',#9328,1.);
#9328 = DIRECTION('',(0.,1.));
#9329 = ( GEOMETRIC_REPRESENTATION_CONTEXT(2) 
PARAMETRIC_REPRESENTATION_CONTEXT() REPRESENTATION_CONTEXT('2D SPACE',''
  ) );
#9330 = PCURVE('',#9243,#9331);
#9331 = DEFINITIONAL_REPRESENTATION('',(#9332),#9336);
#9332 = LINE('',#9333,#9334);
#9333 = CARTESIAN_POINT('',(6.28318530718,0.));
#9334 = VECTOR('',#9335,1.);
#9335 = DIRECTION('',(0.,1.));
#9336 = ( GEOMETRIC_REPRESENTATION_CONTEXT(2) 
PARAMETRIC_REPRESENTATION_CONTEXT() REPRESENTATION_CONTEXT('2D SPACE',''
  ) );
#9337 = ORIENTED_EDGE('',*,*,#9338,.F.);
#9338 = EDGE_CURVE('',#9316,#9316,#9339,.T.);
#9339 = SURFACE_CURVE('',#9340,(#9345,#9352),.PCURVE_S1.);
#9340 = CIRCLE('',#9341,8.0831);
#9341 = AXIS2_PLACEMENT_3D('',#9342,#9343,#9344);
#9342 = CARTESIAN_POINT('',(0.,0.,15.));
#9343 = DIRECTION('',(0.,0.,1.));
#9344 = DIRECTION('',(1.,0.,-0.));
#9345 = PCURVE('',#9243,#9346);
#9346 = DEFINITIONAL_REPRESENTATION('',(#9347),#9351);
#9347 = LINE('',#9348,#9349);
#9348 = CARTESIAN_POINT('',(0.,0.25));
#9349 = VECTOR('',#9350,1.);
#9350 = DIRECTION('',(1.,0.));
#9351 = ( GEOMETRIC_REPRESENTATION_CONTEXT(2) 
PARAMETRIC_REPRESENTATION_CONTEXT() REPRESENTATION_CONTEXT('2D SPACE',''
  ) );
#9352 = PCURVE('',#9353,#9358);
#9353 = CONICAL_SURFACE('',#9354,8.0831,1.439900479582E-02);
#9354 = AXIS2_PLACEMENT_3D('',#9355,#9356,#9357);
#9355 = CARTESIAN_POINT('',(0.,0.,15.));
#9356 = DIRECTION('',(0.,0.,1.));
#9357 = DIRECTION('',(1.,0.,-0.));
#9358 = DEFINITIONAL_REPRESENTATION('',(#9359),#9363);
#9359 = LINE('',#9360,#9361);
#9360 = CARTESIAN_POINT('',(0.,0.));
#9361 = VECTOR('',#9362,1.);
#9362 = DIRECTION('',(1.,0.));
#9363 = ( GEOMETRIC_REPRESENTATION_CONTEXT(2) 
PARAMETRIC_REPRESENTATION_CONTEXT() REPRESENTATION_CONTEXT('2D SPACE',''
  ) );
#9364 = ORIENTED_EDGE('',*,*,#9315,.F.);
#9365 = ADVANCED_FACE('',(#9366),#9298,.T.);
#9366 = FACE_BOUND('',#9367,.T.);
#9367 = EDGE_LOOP('',(#9368,#9369,#9392,#9419));
#9368 = ORIENTED_EDGE('',*,*,#9283,.T.);
#9369 = ORIENTED_EDGE('',*,*,#9370,.T.);
#9370 = EDGE_CURVE('',#9261,#9371,#9373,.T.);
#9371 = VERTEX_POINT('',#9372);
#9372 = CARTESIAN_POINT('',(8.156,15.,1.665334536938E-15));
#9373 = SEAM_CURVE('',#9374,(#9378,#9385),.PCURVE_S1.);
#9374 = LINE('',#9375,#9376);
#9375 = CARTESIAN_POINT('',(8.1482,14.75,1.637578961322E-15));
#9376 = VECTOR('',#9377,1.);
#9377 = DIRECTION('',(3.118482541377E-02,0.999513635057,
    1.109683051067E-16));
#9378 = PCURVE('',#9298,#9379);
#9379 = DEFINITIONAL_REPRESENTATION('',(#9380),#9384);
#9380 = LINE('',#9381,#9382);
#9381 = CARTESIAN_POINT('',(0.,0.));
#9382 = VECTOR('',#9383,1.);
#9383 = DIRECTION('',(0.,1.));
#9384 = ( GEOMETRIC_REPRESENTATION_CONTEXT(2) 
PARAMETRIC_REPRESENTATION_CONTEXT() REPRESENTATION_CONTEXT('2D SPACE',''
  ) );
#9385 = PCURVE('',#9298,#9386);
#9386 = DEFINITIONAL_REPRESENTATION('',(#9387),#9391);
#9387 = LINE('',#9388,#9389);
#9388 = CARTESIAN_POINT('',(6.28318530718,0.));
#9389 = VECTOR('',#9390,1.);
#9390 = DIRECTION('',(0.,1.));
#9391 = ( GEOMETRIC_REPRESENTATION_CONTEXT(2) 
PARAMETRIC_REPRESENTATION_CONTEXT() REPRESENTATION_CONTEXT('2D SPACE',''
  ) );
#9392 = ORIENTED_EDGE('',*,*,#9393,.F.);
#9393 = EDGE_CURVE('',#9371,#9371,#9394,.T.);
#9394 = SURFACE_CURVE('',#9395,(#9400,#9407),.PCURVE_S1.);
#9395 = CIRCLE('',#9396,8.156);
#9396 = AXIS2_PLACEMENT_3D('',#9397,#9398,#9399);
#9397 = CARTESIAN_POINT('',(0.,15.,1.665334536938E-15));
#9398 = DIRECTION('',(-0.,1.,1.110223024625E-16));
#9399 = DIRECTION('',(1.,0.,0.));
#9400 = PCURVE('',#9298,#9401);
#9401 = DEFINITIONAL_REPRESENTATION('',(#9402),#9406);
#9402 = LINE('',#9403,#9404);
#9403 = CARTESIAN_POINT('',(0.,0.25));
#9404 = VECTOR('',#9405,1.);
#9405 = DIRECTION('',(1.,0.));
#9406 = ( GEOMETRIC_REPRESENTATION_CONTEXT(2) 
PARAMETRIC_REPRESENTATION_CONTEXT() REPRESENTATION_CONTEXT('2D SPACE',''
  ) );
#9407 = PCURVE('',#9408,#9413);
#9408 = CONICAL_SURFACE('',#9409,8.156,1.439900479581E-02);
#9409 = AXIS2_PLACEMENT_3D('',#9410,#9411,#9412);
#9410 = CARTESIAN_POINT('',(0.,15.,1.665334536938E-15));
#9411 = DIRECTION('',(0.,1.,1.110223024625E-16));
#9412 = DIRECTION('',(1.,0.,0.));
#9413 = DEFINITIONAL_REPRESENTATION('',(#9414),#9418);
#9414 = LINE('',#9415,#9416);
#9415 = CARTESIAN_POINT('',(0.,0.));
#9416 = VECTOR('',#9417,1.);
#9417 = DIRECTION('',(1.,0.));
#9418 = ( GEOMETRIC_REPRESENTATION_CONTEXT(2) 
PARAMETRIC_REPRESENTATION_CONTEXT() REPRESENTATION_CONTEXT('2D SPACE',''
  ) );
#9419 = ORIENTED_EDGE('',*,*,#9370,.F.);
#9420 = ADVANCED_FACE('',(#9421),#9353,.T.);
#9421 = FACE_BOUND('',#9422,.T.);
#9422 = EDGE_LOOP('',(#9423,#9424,#9447,#9474));
#9423 = ORIENTED_EDGE('',*,*,#9338,.T.);
#9424 = ORIENTED_EDGE('',*,*,#9425,.T.);
#9425 = EDGE_CURVE('',#9316,#9426,#9428,.T.);
#9426 = VERTEX_POINT('',#9427);
#9427 = CARTESIAN_POINT('',(8.0867,0.,15.25));
#9428 = SEAM_CURVE('',#9429,(#9433,#9440),.PCURVE_S1.);
#9429 = LINE('',#9430,#9431);
#9430 = CARTESIAN_POINT('',(8.0831,0.,15.));
#9431 = VECTOR('',#9432,1.);
#9432 = DIRECTION('',(1.439850724015E-02,0.,0.999896336122));
#9433 = PCURVE('',#9353,#9434);
#9434 = DEFINITIONAL_REPRESENTATION('',(#9435),#9439);
#9435 = LINE('',#9436,#9437);
#9436 = CARTESIAN_POINT('',(0.,0.));
#9437 = VECTOR('',#9438,1.);
#9438 = DIRECTION('',(0.,1.));
#9439 = ( GEOMETRIC_REPRESENTATION_CONTEXT(2) 
PARAMETRIC_REPRESENTATION_CONTEXT() REPRESENTATION_CONTEXT('2D SPACE',''
  ) );
#9440 = PCURVE('',#9353,#9441);
#9441 = DEFINITIONAL_REPRESENTATION('',(#9442),#9446);
#9442 = LINE('',#9443,#9444);
#9443 = CARTESIAN_POINT('',(6.28318530718,0.));
#9444 = VECTOR('',#9445,1.);
#9445 = DIRECTION('',(0.,1.));
#9446 = ( GEOMETRIC_REPRESENTATION_CONTEXT(2) 
PARAMETRIC_REPRESENTATION_CONTEXT() REPRESENTATION_CONTEXT('2D SPACE',''
  ) );
#9447 = ORIENTED_EDGE('',*,*,#9448,.F.);
#9448 = EDGE_CURVE('',#9426,#9426,#9449,.T.);
#9449 = SURFACE_CURVE('',#9450,(#9455,#9462),.PCURVE_S1.);
#9450 = CIRCLE('',#9451,8.0867);
#9451 = AXIS2_PLACEMENT_3D('',#9452,#9453,#9454);
#9452 = CARTESIAN_POINT('',(0.,0.,15.25));
#9453 = DIRECTION('',(0.,0.,1.));
#9454 = DIRECTION('',(1.,0.,-0.));
#9455 = PCURVE('',#9353,#9456);
#9456 = DEFINITIONAL_REPRESENTATION('',(#9457),#9461);
#9457 = LINE('',#9458,#9459);
#9458 = CARTESIAN_POINT('',(0.,0.25));
#9459 = VECTOR('',#9460,1.);
#9460 = DIRECTION('',(1.,0.));
#9461 = ( GEOMETRIC_REPRESENTATION_CONTEXT(2) 
PARAMETRIC_REPRESENTATION_CONTEXT() REPRESENTATION_CONTEXT('2D SPACE',''
  ) );
#9462 = PCURVE('',#9463,#9468);
#9463 = CONICAL_SURFACE('',#9464,8.0867,1.319923342414E-02);
#9464 = AXIS2_PLACEMENT_3D('',#9465,#9466,#9467);
#9465 = CARTESIAN_POINT('',(0.,0.,15.25));
#9466 = DIRECTION('',(0.,0.,1.));
#9467 = DIRECTION('',(1.,0.,-0.));
#9468 = DEFINITIONAL_REPRESENTATION('',(#9469),#9473);
#9469 = LINE('',#9470,#9471);
#9470 = CARTESIAN_POINT('',(0.,0.));
#9471 = VECTOR('',#9472,1.);
#9472 = DIRECTION('',(1.,0.));
#9473 = ( GEOMETRIC_REPRESENTATION_CONTEXT(2) 
PARAMETRIC_REPRESENTATION_CONTEXT() REPRESENTATION_CONTEXT('2D SPACE',''
  ) );
#9474 = ORIENTED_EDGE('',*,*,#9425,.F.);
#9475 = ADVANCED_FACE('',(#9476),#9408,.T.);
#9476 = FACE_BOUND('',#9477,.T.);
#9477 = EDGE_LOOP('',(#9478,#9479,#9502,#9529));
#9478 = ORIENTED_EDGE('',*,*,#9393,.T.);
#9479 = ORIENTED_EDGE('',*,*,#9480,.T.);
#9480 = EDGE_CURVE('',#9371,#9481,#9483,.T.);
#9481 = VERTEX_POINT('',#9482);
#9482 = CARTESIAN_POINT('',(8.1596,15.25,1.693090112553E-15));
#9483 = SEAM_CURVE('',#9484,(#9488,#9495),.PCURVE_S1.);
#9484 = LINE('',#9485,#9486);
#9485 = CARTESIAN_POINT('',(8.156,15.,1.665334536938E-15));
#9486 = VECTOR('',#9487,1.);
#9487 = DIRECTION('',(1.439850724014E-02,0.999896336122,1.1101079346E-16
    ));
#9488 = PCURVE('',#9408,#9489);
#9489 = DEFINITIONAL_REPRESENTATION('',(#9490),#9494);
#9490 = LINE('',#9491,#9492);
#9491 = CARTESIAN_POINT('',(0.,0.));
#9492 = VECTOR('',#9493,1.);
#9493 = DIRECTION('',(0.,1.));
#9494 = ( GEOMETRIC_REPRESENTATION_CONTEXT(2) 
PARAMETRIC_REPRESENTATION_CONTEXT() REPRESENTATION_CONTEXT('2D SPACE',''
  ) );
#9495 = PCURVE('',#9408,#9496);
#9496 = DEFINITIONAL_REPRESENTATION('',(#9497),#9501);
#9497 = LINE('',#9498,#9499);
#9498 = CARTESIAN_POINT('',(6.28318530718,0.));
#9499 = VECTOR('',#9500,1.);
#9500 = DIRECTION('',(0.,1.));
#9501 = ( GEOMETRIC_REPRESENTATION_CONTEXT(2) 
PARAMETRIC_REPRESENTATION_CONTEXT() REPRESENTATION_CONTEXT('2D SPACE',''
  ) );
#9502 = ORIENTED_EDGE('',*,*,#9503,.F.);
#9503 = EDGE_CURVE('',#9481,#9481,#9504,.T.);
#9504 = SURFACE_CURVE('',#9505,(#9510,#9517),.PCURVE_S1.);
#9505 = CIRCLE('',#9506,8.1596);
#9506 = AXIS2_PLACEMENT_3D('',#9507,#9508,#9509);
#9507 = CARTESIAN_POINT('',(0.,15.25,1.693090112553E-15));
#9508 = DIRECTION('',(-0.,1.,1.110223024625E-16));
#9509 = DIRECTION('',(1.,0.,0.));
#9510 = PCURVE('',#9408,#9511);
#9511 = DEFINITIONAL_REPRESENTATION('',(#9512),#9516);
#9512 = LINE('',#9513,#9514);
#9513 = CARTESIAN_POINT('',(0.,0.25));
#9514 = VECTOR('',#9515,1.);
#9515 = DIRECTION('',(1.,0.));
#9516 = ( GEOMETRIC_REPRESENTATION_CONTEXT(2) 
PARAMETRIC_REPRESENTATION_CONTEXT() REPRESENTATION_CONTEXT('2D SPACE',''
  ) );
#9517 = PCURVE('',#9518,#9523);
#9518 = CONICAL_SURFACE('',#9519,8.1596,1.319923342414E-02);
#9519 = AXIS2_PLACEMENT_3D('',#9520,#9521,#9522);
#9520 = CARTESIAN_POINT('',(0.,15.25,1.693090112553E-15));
#9521 = DIRECTION('',(0.,1.,1.110223024625E-16));
#9522 = DIRECTION('',(1.,0.,0.));
#9523 = DEFINITIONAL_REPRESENTATION('',(#9524),#9528);
#9524 = LINE('',#9525,#9526);
#9525 = CARTESIAN_POINT('',(0.,0.));
#9526 = VECTOR('',#9527,1.);
#9527 = DIRECTION('',(1.,0.));
#9528 = ( GEOMETRIC_REPRESENTATION_CONTEXT(2) 
PARAMETRIC_REPRESENTATION_CONTEXT() REPRESENTATION_CONTEXT('2D SPACE',''
  ) );
#9529 = ORIENTED_EDGE('',*,*,#9480,.F.);
#9530 = ADVANCED_FACE('',(#9531),#9463,.T.);
#9531 = FACE_BOUND('',#9532,.T.);
#9532 = EDGE_LOOP('',(#9533,#9534,#9557,#9584));
#9533 = ORIENTED_EDGE('',*,*,#9448,.T.);
#9534 = ORIENTED_EDGE('',*,*,#9535,.T.);
#9535 = EDGE_CURVE('',#9426,#9536,#9538,.T.);
#9536 = VERTEX_POINT('',#9537);
#9537 = CARTESIAN_POINT('',(8.09,0.,15.5));
#9538 = SEAM_CURVE('',#9539,(#9543,#9550),.PCURVE_S1.);
#9539 = LINE('',#9540,#9541);
#9540 = CARTESIAN_POINT('',(8.0867,0.,15.25));
#9541 = VECTOR('',#9542,1.);
#9542 = DIRECTION('',(1.319885016626E-02,0.,0.999912891383));
#9543 = PCURVE('',#9463,#9544);
#9544 = DEFINITIONAL_REPRESENTATION('',(#9545),#9549);
#9545 = LINE('',#9546,#9547);
#9546 = CARTESIAN_POINT('',(0.,0.));
#9547 = VECTOR('',#9548,1.);
#9548 = DIRECTION('',(0.,1.));
#9549 = ( GEOMETRIC_REPRESENTATION_CONTEXT(2) 
PARAMETRIC_REPRESENTATION_CONTEXT() REPRESENTATION_CONTEXT('2D SPACE',''
  ) );
#9550 = PCURVE('',#9463,#9551);
#9551 = DEFINITIONAL_REPRESENTATION('',(#9552),#9556);
#9552 = LINE('',#9553,#9554);
#9553 = CARTESIAN_POINT('',(6.28318530718,0.));
#9554 = VECTOR('',#9555,1.);
#9555 = DIRECTION('',(0.,1.));
#9556 = ( GEOMETRIC_REPRESENTATION_CONTEXT(2) 
PARAMETRIC_REPRESENTATION_CONTEXT() REPRESENTATION_CONTEXT('2D SPACE',''
  ) );
#9557 = ORIENTED_EDGE('',*,*,#9558,.F.);
#9558 = EDGE_CURVE('',#9536,#9536,#9559,.T.);
#9559 = SURFACE_CURVE('',#9560,(#9565,#9572),.PCURVE_S1.);
#9560 = CIRCLE('',#9561,8.09);
#9561 = AXIS2_PLACEMENT_3D('',#9562,#9563,#9564);
#9562 = CARTESIAN_POINT('',(0.,0.,15.5));
#9563 = DIRECTION('',(0.,0.,1.));
#9564 = DIRECTION('',(1.,0.,-0.));
#9565 = PCURVE('',#9463,#9566);
#9566 = DEFINITIONAL_REPRESENTATION('',(#9567),#9571);
#9567 = LINE('',#9568,#9569);
#9568 = CARTESIAN_POINT('',(0.,0.25));
#9569 = VECTOR('',#9570,1.);
#9570 = DIRECTION('',(1.,0.));
#9571 = ( GEOMETRIC_REPRESENTATION_CONTEXT(2) 
PARAMETRIC_REPRESENTATION_CONTEXT() REPRESENTATION_CONTEXT('2D SPACE',''
  ) );
#9572 = PCURVE('',#9573,#9578);
#9573 = CONICAL_SURFACE('',#9574,8.09,1.079958012538E-02);
#9574 = AXIS2_PLACEMENT_3D('',#9575,#9576,#9577);
#9575 = CARTESIAN_POINT('',(0.,0.,15.5));
#9576 = DIRECTION('',(-0.,-0.,-1.));
#9577 = DIRECTION('',(1.,0.,-0.));
#9578 = DEFINITIONAL_REPRESENTATION('',(#9579),#9583);
#9579 = LINE('',#9580,#9581);
#9580 = CARTESIAN_POINT('',(-0.,-0.));
#9581 = VECTOR('',#9582,1.);
#9582 = DIRECTION('',(-1.,-0.));
#9583 = ( GEOMETRIC_REPRESENTATION_CONTEXT(2) 
PARAMETRIC_REPRESENTATION_CONTEXT() REPRESENTATION_CONTEXT('2D SPACE',''
  ) );
#9584 = ORIENTED_EDGE('',*,*,#9535,.F.);
#9585 = ADVANCED_FACE('',(#9586),#9518,.T.);
#9586 = FACE_BOUND('',#9587,.T.);
#9587 = EDGE_LOOP('',(#9588,#9589,#9612,#9639));
#9588 = ORIENTED_EDGE('',*,*,#9503,.T.);
#9589 = ORIENTED_EDGE('',*,*,#9590,.T.);
#9590 = EDGE_CURVE('',#9481,#9591,#9593,.T.);
#9591 = VERTEX_POINT('',#9592);
#9592 = CARTESIAN_POINT('',(8.1629,15.5,1.720845688169E-15));
#9593 = SEAM_CURVE('',#9594,(#9598,#9605),.PCURVE_S1.);
#9594 = LINE('',#9595,#9596);
#9595 = CARTESIAN_POINT('',(8.1596,15.25,1.693090112553E-15));
#9596 = VECTOR('',#9597,1.);
#9597 = DIRECTION('',(1.319885016626E-02,0.999912891383,
    1.110126314633E-16));
#9598 = PCURVE('',#9518,#9599);
#9599 = DEFINITIONAL_REPRESENTATION('',(#9600),#9604);
#9600 = LINE('',#9601,#9602);
#9601 = CARTESIAN_POINT('',(0.,0.));
#9602 = VECTOR('',#9603,1.);
#9603 = DIRECTION('',(0.,1.));
#9604 = ( GEOMETRIC_REPRESENTATION_CONTEXT(2) 
PARAMETRIC_REPRESENTATION_CONTEXT() REPRESENTATION_CONTEXT('2D SPACE',''
  ) );
#9605 = PCURVE('',#9518,#9606);
#9606 = DEFINITIONAL_REPRESENTATION('',(#9607),#9611);
#9607 = LINE('',#9608,#9609);
#9608 = CARTESIAN_POINT('',(6.28318530718,0.));
#9609 = VECTOR('',#9610,1.);
#9610 = DIRECTION('',(0.,1.));
#9611 = ( GEOMETRIC_REPRESENTATION_CONTEXT(2) 
PARAMETRIC_REPRESENTATION_CONTEXT() REPRESENTATION_CONTEXT('2D SPACE',''
  ) );
#9612 = ORIENTED_EDGE('',*,*,#9613,.F.);
#9613 = EDGE_CURVE('',#9591,#9591,#9614,.T.);
#9614 = SURFACE_CURVE('',#9615,(#9620,#9627),.PCURVE_S1.);
#9615 = CIRCLE('',#9616,8.1629);
#9616 = AXIS2_PLACEMENT_3D('',#9617,#9618,#9619);
#9617 = CARTESIAN_POINT('',(0.,15.5,1.720845688169E-15));
#9618 = DIRECTION('',(-0.,1.,1.110223024625E-16));
#9619 = DIRECTION('',(1.,0.,0.));
#9620 = PCURVE('',#9518,#9621);
#9621 = DEFINITIONAL_REPRESENTATION('',(#9622),#9626);
#9622 = LINE('',#9623,#9624);
#9623 = CARTESIAN_POINT('',(0.,0.25));
#9624 = VECTOR('',#9625,1.);
#9625 = DIRECTION('',(1.,0.));
#9626 = ( GEOMETRIC_REPRESENTATION_CONTEXT(2) 
PARAMETRIC_REPRESENTATION_CONTEXT() REPRESENTATION_CONTEXT('2D SPACE',''
  ) );
#9627 = PCURVE('',#9628,#9633);
#9628 = CONICAL_SURFACE('',#9629,8.1629,1.079958012539E-02);
#9629 = AXIS2_PLACEMENT_3D('',#9630,#9631,#9632);
#9630 = CARTESIAN_POINT('',(0.,15.5,1.720845688169E-15));
#9631 = DIRECTION('',(-0.,-1.,-1.110223024625E-16));
#9632 = DIRECTION('',(1.,0.,0.));
#9633 = DEFINITIONAL_REPRESENTATION('',(#9634),#9638);
#9634 = LINE('',#9635,#9636);
#9635 = CARTESIAN_POINT('',(-0.,-0.));
#9636 = VECTOR('',#9637,1.);
#9637 = DIRECTION('',(-1.,-0.));
#9638 = ( GEOMETRIC_REPRESENTATION_CONTEXT(2) 
PARAMETRIC_REPRESENTATION_CONTEXT() REPRESENTATION_CONTEXT('2D SPACE',''
  ) );
#9639 = ORIENTED_EDGE('',*,*,#9590,.F.);
#9640 = ADVANCED_FACE('',(#9641),#9573,.T.);
#9641 = FACE_BOUND('',#9642,.T.);
#9642 = EDGE_LOOP('',(#9643,#9644,#9667,#9694));
#9643 = ORIENTED_EDGE('',*,*,#9558,.T.);
#9644 = ORIENTED_EDGE('',*,*,#9645,.T.);
#9645 = EDGE_CURVE('',#9536,#9646,#9648,.T.);
#9646 = VERTEX_POINT('',#9647);
#9647 = CARTESIAN_POINT('',(8.0873,0.,15.75));
#9648 = SEAM_CURVE('',#9649,(#9653,#9660),.PCURVE_S1.);
#9649 = LINE('',#9650,#9651);
#9650 = CARTESIAN_POINT('',(8.09,0.,15.5));
#9651 = VECTOR('',#9652,1.);
#9652 = DIRECTION('',(-1.079937019909E-02,0.,0.999941685101));
#9653 = PCURVE('',#9573,#9654);
#9654 = DEFINITIONAL_REPRESENTATION('',(#9655),#9659);
#9655 = LINE('',#9656,#9657);
#9656 = CARTESIAN_POINT('',(-0.,-0.));
#9657 = VECTOR('',#9658,1.);
#9658 = DIRECTION('',(-0.,-1.));
#9659 = ( GEOMETRIC_REPRESENTATION_CONTEXT(2) 
PARAMETRIC_REPRESENTATION_CONTEXT() REPRESENTATION_CONTEXT('2D SPACE',''
  ) );
#9660 = PCURVE('',#9573,#9661);
#9661 = DEFINITIONAL_REPRESENTATION('',(#9662),#9666);
#9662 = LINE('',#9663,#9664);
#9663 = CARTESIAN_POINT('',(-6.28318530718,-0.));
#9664 = VECTOR('',#9665,1.);
#9665 = DIRECTION('',(-0.,-1.));
#9666 = ( GEOMETRIC_REPRESENTATION_CONTEXT(2) 
PARAMETRIC_REPRESENTATION_CONTEXT() REPRESENTATION_CONTEXT('2D SPACE',''
  ) );
#9667 = ORIENTED_EDGE('',*,*,#9668,.F.);
#9668 = EDGE_CURVE('',#9646,#9646,#9669,.T.);
#9669 = SURFACE_CURVE('',#9670,(#9675,#9682),.PCURVE_S1.);
#9670 = CIRCLE('',#9671,8.0873);
#9671 = AXIS2_PLACEMENT_3D('',#9672,#9673,#9674);
#9672 = CARTESIAN_POINT('',(0.,0.,15.75));
#9673 = DIRECTION('',(0.,0.,1.));
#9674 = DIRECTION('',(1.,0.,-0.));
#9675 = PCURVE('',#9573,#9676);
#9676 = DEFINITIONAL_REPRESENTATION('',(#9677),#9681);
#9677 = LINE('',#9678,#9679);
#9678 = CARTESIAN_POINT('',(-0.,-0.25));
#9679 = VECTOR('',#9680,1.);
#9680 = DIRECTION('',(-1.,-0.));
#9681 = ( GEOMETRIC_REPRESENTATION_CONTEXT(2) 
PARAMETRIC_REPRESENTATION_CONTEXT() REPRESENTATION_CONTEXT('2D SPACE',''
  ) );
#9682 = PCURVE('',#9683,#9688);
#9683 = CONICAL_SURFACE('',#9684,8.0873,3.718285461764E-02);
#9684 = AXIS2_PLACEMENT_3D('',#9685,#9686,#9687);
#9685 = CARTESIAN_POINT('',(0.,0.,15.75));
#9686 = DIRECTION('',(-0.,-0.,-1.));
#9687 = DIRECTION('',(1.,0.,-0.));
#9688 = DEFINITIONAL_REPRESENTATION('',(#9689),#9693);
#9689 = LINE('',#9690,#9691);
#9690 = CARTESIAN_POINT('',(-0.,-0.));
#9691 = VECTOR('',#9692,1.);
#9692 = DIRECTION('',(-1.,-0.));
#9693 = ( GEOMETRIC_REPRESENTATION_CONTEXT(2) 
PARAMETRIC_REPRESENTATION_CONTEXT() REPRESENTATION_CONTEXT('2D SPACE',''
  ) );
#9694 = ORIENTED_EDGE('',*,*,#9645,.F.);
#9695 = ADVANCED_FACE('',(#9696),#9628,.T.);
#9696 = FACE_BOUND('',#9697,.T.);
#9697 = EDGE_LOOP('',(#9698,#9699,#9722,#9749));
#9698 = ORIENTED_EDGE('',*,*,#9613,.T.);
#9699 = ORIENTED_EDGE('',*,*,#9700,.T.);
#9700 = EDGE_CURVE('',#9591,#9701,#9703,.T.);
#9701 = VERTEX_POINT('',#9702);
#9702 = CARTESIAN_POINT('',(8.1602,15.75,1.748601263785E-15));
#9703 = SEAM_CURVE('',#9704,(#9708,#9715),.PCURVE_S1.);
#9704 = LINE('',#9705,#9706);
#9705 = CARTESIAN_POINT('',(8.1629,15.5,1.720845688169E-15));
#9706 = VECTOR('',#9707,1.);
#9707 = DIRECTION('',(-1.07993701991E-02,0.999941685101,
    1.110158282082E-16));
#9708 = PCURVE('',#9628,#9709);
#9709 = DEFINITIONAL_REPRESENTATION('',(#9710),#9714);
#9710 = LINE('',#9711,#9712);
#9711 = CARTESIAN_POINT('',(-0.,-0.));
#9712 = VECTOR('',#9713,1.);
#9713 = DIRECTION('',(-0.,-1.));
#9714 = ( GEOMETRIC_REPRESENTATION_CONTEXT(2) 
PARAMETRIC_REPRESENTATION_CONTEXT() REPRESENTATION_CONTEXT('2D SPACE',''
  ) );
#9715 = PCURVE('',#9628,#9716);
#9716 = DEFINITIONAL_REPRESENTATION('',(#9717),#9721);
#9717 = LINE('',#9718,#9719);
#9718 = CARTESIAN_POINT('',(-6.28318530718,-0.));
#9719 = VECTOR('',#9720,1.);
#9720 = DIRECTION('',(-0.,-1.));
#9721 = ( GEOMETRIC_REPRESENTATION_CONTEXT(2) 
PARAMETRIC_REPRESENTATION_CONTEXT() REPRESENTATION_CONTEXT('2D SPACE',''
  ) );
#9722 = ORIENTED_EDGE('',*,*,#9723,.F.);
#9723 = EDGE_CURVE('',#9701,#9701,#9724,.T.);
#9724 = SURFACE_CURVE('',#9725,(#9730,#9737),.PCURVE_S1.);
#9725 = CIRCLE('',#9726,8.1602);
#9726 = AXIS2_PLACEMENT_3D('',#9727,#9728,#9729);
#9727 = CARTESIAN_POINT('',(0.,15.75,1.748601263785E-15));
#9728 = DIRECTION('',(-0.,1.,1.110223024625E-16));
#9729 = DIRECTION('',(1.,0.,0.));
#9730 = PCURVE('',#9628,#9731);
#9731 = DEFINITIONAL_REPRESENTATION('',(#9732),#9736);
#9732 = LINE('',#9733,#9734);
#9733 = CARTESIAN_POINT('',(-0.,-0.25));
#9734 = VECTOR('',#9735,1.);
#9735 = DIRECTION('',(-1.,-0.));
#9736 = ( GEOMETRIC_REPRESENTATION_CONTEXT(2) 
PARAMETRIC_REPRESENTATION_CONTEXT() REPRESENTATION_CONTEXT('2D SPACE',''
  ) );
#9737 = PCURVE('',#9738,#9743);
#9738 = CONICAL_SURFACE('',#9739,8.1602,5.634031183006E-02);
#9739 = AXIS2_PLACEMENT_3D('',#9740,#9741,#9742);
#9740 = CARTESIAN_POINT('',(0.,15.75,1.748601263785E-15));
#9741 = DIRECTION('',(-0.,-1.,-1.110223024625E-16));
#9742 = DIRECTION('',(1.,0.,0.));
#9743 = DEFINITIONAL_REPRESENTATION('',(#9744),#9748);
#9744 = LINE('',#9745,#9746);
#9745 = CARTESIAN_POINT('',(-0.,-0.));
#9746 = VECTOR('',#9747,1.);
#9747 = DIRECTION('',(-1.,-0.));
#9748 = ( GEOMETRIC_REPRESENTATION_CONTEXT(2) 
PARAMETRIC_REPRESENTATION_CONTEXT() REPRESENTATION_CONTEXT('2D SPACE',''
  ) );
#9749 = ORIENTED_EDGE('',*,*,#9700,.F.);
#9750 = ADVANCED_FACE('',(#9751),#9683,.T.);
#9751 = FACE_BOUND('',#9752,.T.);
#9752 = EDGE_LOOP('',(#9753,#9754,#9777,#9804));
#9753 = ORIENTED_EDGE('',*,*,#9668,.T.);
#9754 = ORIENTED_EDGE('',*,*,#9755,.T.);
#9755 = EDGE_CURVE('',#9646,#9756,#9758,.T.);
#9756 = VERTEX_POINT('',#9757);
#9757 = CARTESIAN_POINT('',(8.078,0.,16.));
#9758 = SEAM_CURVE('',#9759,(#9763,#9770),.PCURVE_S1.);
#9759 = LINE('',#9760,#9761);
#9760 = CARTESIAN_POINT('',(8.0873,0.,15.75));
#9761 = VECTOR('',#9762,1.);
#9762 = DIRECTION('',(-3.717428725967E-02,0.,0.999308797303));
#9763 = PCURVE('',#9683,#9764);
#9764 = DEFINITIONAL_REPRESENTATION('',(#9765),#9769);
#9765 = LINE('',#9766,#9767);
#9766 = CARTESIAN_POINT('',(-0.,-0.));
#9767 = VECTOR('',#9768,1.);
#9768 = DIRECTION('',(-0.,-1.));
#9769 = ( GEOMETRIC_REPRESENTATION_CONTEXT(2) 
PARAMETRIC_REPRESENTATION_CONTEXT() REPRESENTATION_CONTEXT('2D SPACE',''
  ) );
#9770 = PCURVE('',#9683,#9771);
#9771 = DEFINITIONAL_REPRESENTATION('',(#9772),#9776);
#9772 = LINE('',#9773,#9774);
#9773 = CARTESIAN_POINT('',(-6.28318530718,-0.));
#9774 = VECTOR('',#9775,1.);
#9775 = DIRECTION('',(-0.,-1.));
#9776 = ( GEOMETRIC_REPRESENTATION_CONTEXT(2) 
PARAMETRIC_REPRESENTATION_CONTEXT() REPRESENTATION_CONTEXT('2D SPACE',''
  ) );
#9777 = ORIENTED_EDGE('',*,*,#9778,.F.);
#9778 = EDGE_CURVE('',#9756,#9756,#9779,.T.);
#9779 = SURFACE_CURVE('',#9780,(#9785,#9792),.PCURVE_S1.);
#9780 = CIRCLE('',#9781,8.078);
#9781 = AXIS2_PLACEMENT_3D('',#9782,#9783,#9784);
#9782 = CARTESIAN_POINT('',(0.,0.,16.));
#9783 = DIRECTION('',(0.,0.,1.));
#9784 = DIRECTION('',(1.,0.,-0.));
#9785 = PCURVE('',#9683,#9786);
#9786 = DEFINITIONAL_REPRESENTATION('',(#9787),#9791);
#9787 = LINE('',#9788,#9789);
#9788 = CARTESIAN_POINT('',(-0.,-0.25));
#9789 = VECTOR('',#9790,1.);
#9790 = DIRECTION('',(-1.,-0.));
#9791 = ( GEOMETRIC_REPRESENTATION_CONTEXT(2) 
PARAMETRIC_REPRESENTATION_CONTEXT() REPRESENTATION_CONTEXT('2D SPACE',''
  ) );
#9792 = PCURVE('',#9793,#9798);
#9793 = CONICAL_SURFACE('',#9794,8.078,0.253243713958);
#9794 = AXIS2_PLACEMENT_3D('',#9795,#9796,#9797);
#9795 = CARTESIAN_POINT('',(0.,0.,16.));
#9796 = DIRECTION('',(-0.,-0.,-1.));
#9797 = DIRECTION('',(1.,0.,-0.));
#9798 = DEFINITIONAL_REPRESENTATION('',(#9799),#9803);
#9799 = LINE('',#9800,#9801);
#9800 = CARTESIAN_POINT('',(-0.,-0.));
#9801 = VECTOR('',#9802,1.);
#9802 = DIRECTION('',(-1.,-0.));
#9803 = ( GEOMETRIC_REPRESENTATION_CONTEXT(2) 
PARAMETRIC_REPRESENTATION_CONTEXT() REPRESENTATION_CONTEXT('2D SPACE',''
  ) );
#9804 = ORIENTED_EDGE('',*,*,#9755,.F.);
#9805 = ADVANCED_FACE('',(#9806),#9738,.T.);
#9806 = FACE_BOUND('',#9807,.T.);
#9807 = EDGE_LOOP('',(#9808,#9809,#9832,#9859));
#9808 = ORIENTED_EDGE('',*,*,#9723,.T.);
#9809 = ORIENTED_EDGE('',*,*,#9810,.T.);
#9810 = EDGE_CURVE('',#9701,#9811,#9813,.T.);
#9811 = VERTEX_POINT('',#9812);
#9812 = CARTESIAN_POINT('',(8.1461,16.,1.7763568394E-15));
#9813 = SEAM_CURVE('',#9814,(#9818,#9825),.PCURVE_S1.);
#9814 = LINE('',#9815,#9816);
#9815 = CARTESIAN_POINT('',(8.1602,15.75,1.748601263785E-15));
#9816 = VECTOR('',#9817,1.);
#9817 = DIRECTION('',(-5.63105103687E-02,0.99841330441,
    1.108461438648E-16));
#9818 = PCURVE('',#9738,#9819);
#9819 = DEFINITIONAL_REPRESENTATION('',(#9820),#9824);
#9820 = LINE('',#9821,#9822);
#9821 = CARTESIAN_POINT('',(-0.,-0.));
#9822 = VECTOR('',#9823,1.);
#9823 = DIRECTION('',(-0.,-1.));
#9824 = ( GEOMETRIC_REPRESENTATION_CONTEXT(2) 
PARAMETRIC_REPRESENTATION_CONTEXT() REPRESENTATION_CONTEXT('2D SPACE',''
  ) );
#9825 = PCURVE('',#9738,#9826);
#9826 = DEFINITIONAL_REPRESENTATION('',(#9827),#9831);
#9827 = LINE('',#9828,#9829);
#9828 = CARTESIAN_POINT('',(-6.28318530718,-0.));
#9829 = VECTOR('',#9830,1.);
#9830 = DIRECTION('',(-0.,-1.));
#9831 = ( GEOMETRIC_REPRESENTATION_CONTEXT(2) 
PARAMETRIC_REPRESENTATION_CONTEXT() REPRESENTATION_CONTEXT('2D SPACE',''
  ) );
#9832 = ORIENTED_EDGE('',*,*,#9833,.F.);
#9833 = EDGE_CURVE('',#9811,#9811,#9834,.T.);
#9834 = SURFACE_CURVE('',#9835,(#9840,#9847),.PCURVE_S1.);
#9835 = CIRCLE('',#9836,8.1461);
#9836 = AXIS2_PLACEMENT_3D('',#9837,#9838,#9839);
#9837 = CARTESIAN_POINT('',(0.,16.,1.7763568394E-15));
#9838 = DIRECTION('',(-0.,1.,1.110223024625E-16));
#9839 = DIRECTION('',(1.,0.,0.));
#9840 = PCURVE('',#9738,#9841);
#9841 = DEFINITIONAL_REPRESENTATION('',(#9842),#9846);
#9842 = LINE('',#9843,#9844);
#9843 = CARTESIAN_POINT('',(-0.,-0.25));
#9844 = VECTOR('',#9845,1.);
#9845 = DIRECTION('',(-1.,-0.));
#9846 = ( GEOMETRIC_REPRESENTATION_CONTEXT(2) 
PARAMETRIC_REPRESENTATION_CONTEXT() REPRESENTATION_CONTEXT('2D SPACE',''
  ) );
#9847 = PCURVE('',#9848,#9853);
#9848 = CONICAL_SURFACE('',#9849,8.1461,0.275603250186);
#9849 = AXIS2_PLACEMENT_3D('',#9850,#9851,#9852);
#9850 = CARTESIAN_POINT('',(0.,16.,1.7763568394E-15));
#9851 = DIRECTION('',(-0.,-1.,-1.110223024625E-16));
#9852 = DIRECTION('',(1.,0.,0.));
#9853 = DEFINITIONAL_REPRESENTATION('',(#9854),#9858);
#9854 = LINE('',#9855,#9856);
#9855 = CARTESIAN_POINT('',(-0.,-0.));
#9856 = VECTOR('',#9857,1.);
#9857 = DIRECTION('',(-1.,-0.));
#9858 = ( GEOMETRIC_REPRESENTATION_CONTEXT(2) 
PARAMETRIC_REPRESENTATION_CONTEXT() REPRESENTATION_CONTEXT('2D SPACE',''
  ) );
#9859 = ORIENTED_EDGE('',*,*,#9810,.F.);
#9860 = ADVANCED_FACE('',(#9861),#9793,.T.);
#9861 = FACE_BOUND('',#9862,.T.);
#9862 = EDGE_LOOP('',(#9863,#9864,#9887,#9914));
#9863 = ORIENTED_EDGE('',*,*,#9778,.T.);
#9864 = ORIENTED_EDGE('',*,*,#9865,.T.);
#9865 = EDGE_CURVE('',#9756,#9866,#9868,.T.);
#9866 = VERTEX_POINT('',#9867);
#9867 = CARTESIAN_POINT('',(8.0133,0.,16.25));
#9868 = SEAM_CURVE('',#9869,(#9873,#9880),.PCURVE_S1.);
#9869 = LINE('',#9870,#9871);
#9870 = CARTESIAN_POINT('',(8.078,0.,16.));
#9871 = VECTOR('',#9872,1.);
#9872 = DIRECTION('',(-0.250545526938,0.,0.968104818153));
#9873 = PCURVE('',#9793,#9874);
#9874 = DEFINITIONAL_REPRESENTATION('',(#9875),#9879);
#9875 = LINE('',#9876,#9877);
#9876 = CARTESIAN_POINT('',(-0.,-0.));
#9877 = VECTOR('',#9878,1.);
#9878 = DIRECTION('',(-0.,-1.));
#9879 = ( GEOMETRIC_REPRESENTATION_CONTEXT(2) 
PARAMETRIC_REPRESENTATION_CONTEXT() REPRESENTATION_CONTEXT('2D SPACE',''
  ) );
#9880 = PCURVE('',#9793,#9881);
#9881 = DEFINITIONAL_REPRESENTATION('',(#9882),#9886);
#9882 = LINE('',#9883,#9884);
#9883 = CARTESIAN_POINT('',(-6.28318530718,-0.));
#9884 = VECTOR('',#9885,1.);
#9885 = DIRECTION('',(-0.,-1.));
#9886 = ( GEOMETRIC_REPRESENTATION_CONTEXT(2) 
PARAMETRIC_REPRESENTATION_CONTEXT() REPRESENTATION_CONTEXT('2D SPACE',''
  ) );
#9887 = ORIENTED_EDGE('',*,*,#9888,.F.);
#9888 = EDGE_CURVE('',#9866,#9866,#9889,.T.);
#9889 = SURFACE_CURVE('',#9890,(#9895,#9902),.PCURVE_S1.);
#9890 = CIRCLE('',#9891,8.0133);
#9891 = AXIS2_PLACEMENT_3D('',#9892,#9893,#9894);
#9892 = CARTESIAN_POINT('',(0.,0.,16.25));
#9893 = DIRECTION('',(0.,0.,1.));
#9894 = DIRECTION('',(1.,0.,-0.));
#9895 = PCURVE('',#9793,#9896);
#9896 = DEFINITIONAL_REPRESENTATION('',(#9897),#9901);
#9897 = LINE('',#9898,#9899);
#9898 = CARTESIAN_POINT('',(-0.,-0.25));
#9899 = VECTOR('',#9900,1.);
#9900 = DIRECTION('',(-1.,-0.));
#9901 = ( GEOMETRIC_REPRESENTATION_CONTEXT(2) 
PARAMETRIC_REPRESENTATION_CONTEXT() REPRESENTATION_CONTEXT('2D SPACE',''
  ) );
#9902 = PCURVE('',#9903,#9908);
#9903 = CONICAL_SURFACE('',#9904,8.0133,0.549196337505);
#9904 = AXIS2_PLACEMENT_3D('',#9905,#9906,#9907);
#9905 = CARTESIAN_POINT('',(0.,0.,16.25));
#9906 = DIRECTION('',(-0.,-0.,-1.));
#9907 = DIRECTION('',(1.,0.,-0.));
#9908 = DEFINITIONAL_REPRESENTATION('',(#9909),#9913);
#9909 = LINE('',#9910,#9911);
#9910 = CARTESIAN_POINT('',(-0.,-0.));
#9911 = VECTOR('',#9912,1.);
#9912 = DIRECTION('',(-1.,-0.));
#9913 = ( GEOMETRIC_REPRESENTATION_CONTEXT(2) 
PARAMETRIC_REPRESENTATION_CONTEXT() REPRESENTATION_CONTEXT('2D SPACE',''
  ) );
#9914 = ORIENTED_EDGE('',*,*,#9865,.F.);
#9915 = ADVANCED_FACE('',(#9916),#9848,.T.);
#9916 = FACE_BOUND('',#9917,.T.);
#9917 = EDGE_LOOP('',(#9918,#9919,#9942,#9969));
#9918 = ORIENTED_EDGE('',*,*,#9833,.T.);
#9919 = ORIENTED_EDGE('',*,*,#9920,.T.);
#9920 = EDGE_CURVE('',#9811,#9921,#9923,.T.);
#9921 = VERTEX_POINT('',#9922);
#9922 = CARTESIAN_POINT('',(8.0754,16.25,1.804112415016E-15));
#9923 = SEAM_CURVE('',#9924,(#9928,#9935),.PCURVE_S1.);
#9924 = LINE('',#9925,#9926);
#9925 = CARTESIAN_POINT('',(8.1461,16.,1.7763568394E-15));
#9926 = VECTOR('',#9927,1.);
#9927 = DIRECTION('',(-0.272127470691,0.962261211779,1.068324553021E-16)
  );
#9928 = PCURVE('',#9848,#9929);
#9929 = DEFINITIONAL_REPRESENTATION('',(#9930),#9934);
#9930 = LINE('',#9931,#9932);
#9931 = CARTESIAN_POINT('',(-0.,-0.));
#9932 = VECTOR('',#9933,1.);
#9933 = DIRECTION('',(-0.,-1.));
#9934 = ( GEOMETRIC_REPRESENTATION_CONTEXT(2) 
PARAMETRIC_REPRESENTATION_CONTEXT() REPRESENTATION_CONTEXT('2D SPACE',''
  ) );
#9935 = PCURVE('',#9848,#9936);
#9936 = DEFINITIONAL_REPRESENTATION('',(#9937),#9941);
#9937 = LINE('',#9938,#9939);
#9938 = CARTESIAN_POINT('',(-6.28318530718,-0.));
#9939 = VECTOR('',#9940,1.);
#9940 = DIRECTION('',(-0.,-1.));
#9941 = ( GEOMETRIC_REPRESENTATION_CONTEXT(2) 
PARAMETRIC_REPRESENTATION_CONTEXT() REPRESENTATION_CONTEXT('2D SPACE',''
  ) );
#9942 = ORIENTED_EDGE('',*,*,#9943,.F.);
#9943 = EDGE_CURVE('',#9921,#9921,#9944,.T.);
#9944 = SURFACE_CURVE('',#9945,(#9950,#9957),.PCURVE_S1.);
#9945 = CIRCLE('',#9946,8.0754);
#9946 = AXIS2_PLACEMENT_3D('',#9947,#9948,#9949);
#9947 = CARTESIAN_POINT('',(0.,16.25,1.804112415016E-15));
#9948 = DIRECTION('',(-0.,1.,1.110223024625E-16));
#9949 = DIRECTION('',(1.,0.,0.));
#9950 = PCURVE('',#9848,#9951);
#9951 = DEFINITIONAL_REPRESENTATION('',(#9952),#9956);
#9952 = LINE('',#9953,#9954);
#9953 = CARTESIAN_POINT('',(-0.,-0.25));
#9954 = VECTOR('',#9955,1.);
#9955 = DIRECTION('',(-1.,-0.));
#9956 = ( GEOMETRIC_REPRESENTATION_CONTEXT(2) 
PARAMETRIC_REPRESENTATION_CONTEXT() REPRESENTATION_CONTEXT('2D SPACE',''
  ) );
#9957 = PCURVE('',#9958,#9963);
#9958 = CONICAL_SURFACE('',#9959,8.0754,0.566470351363);
#9959 = AXIS2_PLACEMENT_3D('',#9960,#9961,#9962);
#9960 = CARTESIAN_POINT('',(0.,16.25,1.804112415016E-15));
#9961 = DIRECTION('',(-0.,-1.,-1.110223024625E-16));
#9962 = DIRECTION('',(1.,0.,0.));
#9963 = DEFINITIONAL_REPRESENTATION('',(#9964),#9968);
#9964 = LINE('',#9965,#9966);
#9965 = CARTESIAN_POINT('',(-0.,-0.));
#9966 = VECTOR('',#9967,1.);
#9967 = DIRECTION('',(-1.,-0.));
#9968 = ( GEOMETRIC_REPRESENTATION_CONTEXT(2) 
PARAMETRIC_REPRESENTATION_CONTEXT() REPRESENTATION_CONTEXT('2D SPACE',''
  ) );
#9969 = ORIENTED_EDGE('',*,*,#9920,.F.);
#9970 = ADVANCED_FACE('',(#9971),#9903,.T.);
#9971 = FACE_BOUND('',#9972,.T.);
#9972 = EDGE_LOOP('',(#9973,#9974,#9997,#10024));
#9973 = ORIENTED_EDGE('',*,*,#9888,.T.);
#9974 = ORIENTED_EDGE('',*,*,#9975,.T.);
#9975 = EDGE_CURVE('',#9866,#9976,#9978,.T.);
#9976 = VERTEX_POINT('',#9977);
#9977 = CARTESIAN_POINT('',(7.9215,0.,16.4));
#9978 = SEAM_CURVE('',#9979,(#9983,#9990),.PCURVE_S1.);
#9979 = LINE('',#9980,#9981);
#9980 = CARTESIAN_POINT('',(8.0133,0.,16.25));
#9981 = VECTOR('',#9982,1.);
#9982 = DIRECTION('',(-0.522001918225,0.,0.852944310825));
#9983 = PCURVE('',#9903,#9984);
#9984 = DEFINITIONAL_REPRESENTATION('',(#9985),#9989);
#9985 = LINE('',#9986,#9987);
#9986 = CARTESIAN_POINT('',(-0.,-0.));
#9987 = VECTOR('',#9988,1.);
#9988 = DIRECTION('',(-0.,-1.));
#9989 = ( GEOMETRIC_REPRESENTATION_CONTEXT(2) 
PARAMETRIC_REPRESENTATION_CONTEXT() REPRESENTATION_CONTEXT('2D SPACE',''
  ) );
#9990 = PCURVE('',#9903,#9991);
#9991 = DEFINITIONAL_REPRESENTATION('',(#9992),#9996);
#9992 = LINE('',#9993,#9994);
#9993 = CARTESIAN_POINT('',(-6.28318530718,-0.));
#9994 = VECTOR('',#9995,1.);
#9995 = DIRECTION('',(-0.,-1.));
#9996 = ( GEOMETRIC_REPRESENTATION_CONTEXT(2) 
PARAMETRIC_REPRESENTATION_CONTEXT() REPRESENTATION_CONTEXT('2D SPACE',''
  ) );
#9997 = ORIENTED_EDGE('',*,*,#9998,.F.);
#9998 = EDGE_CURVE('',#9976,#9976,#9999,.T.);
#9999 = SURFACE_CURVE('',#10000,(#10005,#10012),.PCURVE_S1.);
#10000 = CIRCLE('',#10001,7.9215);
#10001 = AXIS2_PLACEMENT_3D('',#10002,#10003,#10004);
#10002 = CARTESIAN_POINT('',(0.,0.,16.4));
#10003 = DIRECTION('',(0.,0.,1.));
#10004 = DIRECTION('',(1.,0.,-0.));
#10005 = PCURVE('',#9903,#10006);
#10006 = DEFINITIONAL_REPRESENTATION('',(#10007),#10011);
#10007 = LINE('',#10008,#10009);
#10008 = CARTESIAN_POINT('',(-0.,-0.15));
#10009 = VECTOR('',#10010,1.);
#10010 = DIRECTION('',(-1.,-0.));
#10011 = ( GEOMETRIC_REPRESENTATION_CONTEXT(2) 
PARAMETRIC_REPRESENTATION_CONTEXT() REPRESENTATION_CONTEXT('2D SPACE',''
  ) );
#10012 = PCURVE('',#10013,#10018);
#10013 = CONICAL_SURFACE('',#10014,7.9215,1.10972793094);
#10014 = AXIS2_PLACEMENT_3D('',#10015,#10016,#10017);
#10015 = CARTESIAN_POINT('',(0.,0.,16.4));
#10016 = DIRECTION('',(-0.,-0.,-1.));
#10017 = DIRECTION('',(1.,0.,-0.));
#10018 = DEFINITIONAL_REPRESENTATION('',(#10019),#10023);
#10019 = LINE('',#10020,#10021);
#10020 = CARTESIAN_POINT('',(-0.,-0.));
#10021 = VECTOR('',#10022,1.);
#10022 = DIRECTION('',(-1.,-0.));
#10023 = ( GEOMETRIC_REPRESENTATION_CONTEXT(2) 
PARAMETRIC_REPRESENTATION_CONTEXT() REPRESENTATION_CONTEXT('2D SPACE',''
  ) );
#10024 = ORIENTED_EDGE('',*,*,#9975,.F.);
#10025 = ADVANCED_FACE('',(#10026),#9958,.T.);
#10026 = FACE_BOUND('',#10027,.T.);
#10027 = EDGE_LOOP('',(#10028,#10029,#10052,#10079));
#10028 = ORIENTED_EDGE('',*,*,#9943,.T.);
#10029 = ORIENTED_EDGE('',*,*,#10030,.T.);
#10030 = EDGE_CURVE('',#9921,#10031,#10033,.T.);
#10031 = VERTEX_POINT('',#10032);
#10032 = CARTESIAN_POINT('',(7.98,16.4,1.820765760385E-15));
#10033 = SEAM_CURVE('',#10034,(#10038,#10045),.PCURVE_S1.);
#10034 = LINE('',#10035,#10036);
#10035 = CARTESIAN_POINT('',(8.0754,16.25,1.804112415016E-15));
#10036 = VECTOR('',#10037,1.);
#10037 = DIRECTION('',(-0.536657078797,0.84380043836,9.368066748563E-17)
  );
#10038 = PCURVE('',#9958,#10039);
#10039 = DEFINITIONAL_REPRESENTATION('',(#10040),#10044);
#10040 = LINE('',#10041,#10042);
#10041 = CARTESIAN_POINT('',(-0.,-0.));
#10042 = VECTOR('',#10043,1.);
#10043 = DIRECTION('',(-0.,-1.));
#10044 = ( GEOMETRIC_REPRESENTATION_CONTEXT(2) 
PARAMETRIC_REPRESENTATION_CONTEXT() REPRESENTATION_CONTEXT('2D SPACE',''
  ) );
#10045 = PCURVE('',#9958,#10046);
#10046 = DEFINITIONAL_REPRESENTATION('',(#10047),#10051);
#10047 = LINE('',#10048,#10049);
#10048 = CARTESIAN_POINT('',(-6.28318530718,-0.));
#10049 = VECTOR('',#10050,1.);
#10050 = DIRECTION('',(-0.,-1.));
#10051 = ( GEOMETRIC_REPRESENTATION_CONTEXT(2) 
PARAMETRIC_REPRESENTATION_CONTEXT() REPRESENTATION_CONTEXT('2D SPACE',''
  ) );
#10052 = ORIENTED_EDGE('',*,*,#10053,.F.);
#10053 = EDGE_CURVE('',#10031,#10031,#10054,.T.);
#10054 = SURFACE_CURVE('',#10055,(#10060,#10067),.PCURVE_S1.);
#10055 = CIRCLE('',#10056,7.98);
#10056 = AXIS2_PLACEMENT_3D('',#10057,#10058,#10059);
#10057 = CARTESIAN_POINT('',(0.,16.4,1.820765760385E-15));
#10058 = DIRECTION('',(-0.,1.,1.110223024625E-16));
#10059 = DIRECTION('',(1.,0.,0.));
#10060 = PCURVE('',#9958,#10061);
#10061 = DEFINITIONAL_REPRESENTATION('',(#10062),#10066);
#10062 = LINE('',#10063,#10064);
#10063 = CARTESIAN_POINT('',(-0.,-0.15));
#10064 = VECTOR('',#10065,1.);
#10065 = DIRECTION('',(-1.,-0.));
#10066 = ( GEOMETRIC_REPRESENTATION_CONTEXT(2) 
PARAMETRIC_REPRESENTATION_CONTEXT() REPRESENTATION_CONTEXT('2D SPACE',''
  ) );
#10067 = PCURVE('',#10068,#10073);
#10068 = CONICAL_SURFACE('',#10069,7.98,1.114447858238);
#10069 = AXIS2_PLACEMENT_3D('',#10070,#10071,#10072);
#10070 = CARTESIAN_POINT('',(0.,16.4,1.820765760385E-15));
#10071 = DIRECTION('',(-0.,-1.,-1.110223024625E-16));
#10072 = DIRECTION('',(1.,0.,0.));
#10073 = DEFINITIONAL_REPRESENTATION('',(#10074),#10078);
#10074 = LINE('',#10075,#10076);
#10075 = CARTESIAN_POINT('',(-0.,-0.));
#10076 = VECTOR('',#10077,1.);
#10077 = DIRECTION('',(-1.,-0.));
#10078 = ( GEOMETRIC_REPRESENTATION_CONTEXT(2) 
PARAMETRIC_REPRESENTATION_CONTEXT() REPRESENTATION_CONTEXT('2D SPACE',''
  ) );
#10079 = ORIENTED_EDGE('',*,*,#10030,.F.);
#10080 = ADVANCED_FACE('',(#10081),#10013,.T.);
#10081 = FACE_BOUND('',#10082,.T.);
#10082 = EDGE_LOOP('',(#10083,#10084,#10107,#10134));
#10083 = ORIENTED_EDGE('',*,*,#9998,.T.);
#10084 = ORIENTED_EDGE('',*,*,#10085,.T.);
#10085 = EDGE_CURVE('',#9976,#10086,#10088,.T.);
#10086 = VERTEX_POINT('',#10087);
#10087 = CARTESIAN_POINT('',(7.5954,0.,16.562));
#10088 = SEAM_CURVE('',#10089,(#10093,#10100),.PCURVE_S1.);
#10089 = LINE('',#10090,#10091);
#10090 = CARTESIAN_POINT('',(7.9215,0.,16.4));
#10091 = VECTOR('',#10092,1.);
#10092 = DIRECTION('',(-0.89557767389,0.,0.444905192181));
#10093 = PCURVE('',#10013,#10094);
#10094 = DEFINITIONAL_REPRESENTATION('',(#10095),#10099);
#10095 = LINE('',#10096,#10097);
#10096 = CARTESIAN_POINT('',(-0.,-0.));
#10097 = VECTOR('',#10098,1.);
#10098 = DIRECTION('',(-0.,-1.));
#10099 = ( GEOMETRIC_REPRESENTATION_CONTEXT(2) 
PARAMETRIC_REPRESENTATION_CONTEXT() REPRESENTATION_CONTEXT('2D SPACE',''
  ) );
#10100 = PCURVE('',#10013,#10101);
#10101 = DEFINITIONAL_REPRESENTATION('',(#10102),#10106);
#10102 = LINE('',#10103,#10104);
#10103 = CARTESIAN_POINT('',(-6.28318530718,-0.));
#10104 = VECTOR('',#10105,1.);
#10105 = DIRECTION('',(-0.,-1.));
#10106 = ( GEOMETRIC_REPRESENTATION_CONTEXT(2) 
PARAMETRIC_REPRESENTATION_CONTEXT() REPRESENTATION_CONTEXT('2D SPACE',''
  ) );
#10107 = ORIENTED_EDGE('',*,*,#10108,.F.);
#10108 = EDGE_CURVE('',#10086,#10086,#10109,.T.);
#10109 = SURFACE_CURVE('',#10110,(#10115,#10122),.PCURVE_S1.);
#10110 = CIRCLE('',#10111,7.5954);
#10111 = AXIS2_PLACEMENT_3D('',#10112,#10113,#10114);
#10112 = CARTESIAN_POINT('',(0.,0.,16.562));
#10113 = DIRECTION('',(0.,0.,1.));
#10114 = DIRECTION('',(1.,0.,-0.));
#10115 = PCURVE('',#10013,#10116);
#10116 = DEFINITIONAL_REPRESENTATION('',(#10117),#10121);
#10117 = LINE('',#10118,#10119);
#10118 = CARTESIAN_POINT('',(-0.,-0.162));
#10119 = VECTOR('',#10120,1.);
#10120 = DIRECTION('',(-1.,-0.));
#10121 = ( GEOMETRIC_REPRESENTATION_CONTEXT(2) 
PARAMETRIC_REPRESENTATION_CONTEXT() REPRESENTATION_CONTEXT('2D SPACE',''
  ) );
#10122 = PCURVE('',#10123,#10128);
#10123 = PLANE('',#10124);
#10124 = AXIS2_PLACEMENT_3D('',#10125,#10126,#10127);
#10125 = CARTESIAN_POINT('',(0.,0.,16.562));
#10126 = DIRECTION('',(0.,0.,1.));
#10127 = DIRECTION('',(1.,0.,-0.));
#10128 = DEFINITIONAL_REPRESENTATION('',(#10129),#10133);
#10129 = CIRCLE('',#10130,7.5954);
#10130 = AXIS2_PLACEMENT_2D('',#10131,#10132);
#10131 = CARTESIAN_POINT('',(0.,0.));
#10132 = DIRECTION('',(1.,0.));
#10133 = ( GEOMETRIC_REPRESENTATION_CONTEXT(2) 
PARAMETRIC_REPRESENTATION_CONTEXT() REPRESENTATION_CONTEXT('2D SPACE',''
  ) );
#10134 = ORIENTED_EDGE('',*,*,#10085,.F.);
#10135 = ADVANCED_FACE('',(#10136),#10068,.T.);
#10136 = FACE_BOUND('',#10137,.T.);
#10137 = EDGE_LOOP('',(#10138,#10139,#10162,#10189));
#10138 = ORIENTED_EDGE('',*,*,#10053,.T.);
#10139 = ORIENTED_EDGE('',*,*,#10140,.T.);
#10140 = EDGE_CURVE('',#10031,#10141,#10143,.T.);
#10141 = VERTEX_POINT('',#10142);
#10142 = CARTESIAN_POINT('',(7.65,16.562,1.838751373384E-15));
#10143 = SEAM_CURVE('',#10144,(#10148,#10155),.PCURVE_S1.);
#10144 = LINE('',#10145,#10146);
#10145 = CARTESIAN_POINT('',(7.98,16.4,1.820765760385E-15));
#10146 = VECTOR('',#10147,1.);
#10147 = DIRECTION('',(-0.897667610562,0.440673190639,4.892455225829E-17
    ));
#10148 = PCURVE('',#10068,#10149);
#10149 = DEFINITIONAL_REPRESENTATION('',(#10150),#10154);
#10150 = LINE('',#10151,#10152);
#10151 = CARTESIAN_POINT('',(-0.,-0.));
#10152 = VECTOR('',#10153,1.);
#10153 = DIRECTION('',(-0.,-1.));
#10154 = ( GEOMETRIC_REPRESENTATION_CONTEXT(2) 
PARAMETRIC_REPRESENTATION_CONTEXT() REPRESENTATION_CONTEXT('2D SPACE',''
  ) );
#10155 = PCURVE('',#10068,#10156);
#10156 = DEFINITIONAL_REPRESENTATION('',(#10157),#10161);
#10157 = LINE('',#10158,#10159);
#10158 = CARTESIAN_POINT('',(-6.28318530718,-0.));
#10159 = VECTOR('',#10160,1.);
#10160 = DIRECTION('',(-0.,-1.));
#10161 = ( GEOMETRIC_REPRESENTATION_CONTEXT(2) 
PARAMETRIC_REPRESENTATION_CONTEXT() REPRESENTATION_CONTEXT('2D SPACE',''
  ) );
#10162 = ORIENTED_EDGE('',*,*,#10163,.F.);
#10163 = EDGE_CURVE('',#10141,#10141,#10164,.T.);
#10164 = SURFACE_CURVE('',#10165,(#10170,#10177),.PCURVE_S1.);
#10165 = CIRCLE('',#10166,7.65);
#10166 = AXIS2_PLACEMENT_3D('',#10167,#10168,#10169);
#10167 = CARTESIAN_POINT('',(0.,16.562,1.838751373384E-15));
#10168 = DIRECTION('',(-0.,1.,1.110223024625E-16));
#10169 = DIRECTION('',(1.,0.,0.));
#10170 = PCURVE('',#10068,#10171);
#10171 = DEFINITIONAL_REPRESENTATION('',(#10172),#10176);
#10172 = LINE('',#10173,#10174);
#10173 = CARTESIAN_POINT('',(-0.,-0.162));
#10174 = VECTOR('',#10175,1.);
#10175 = DIRECTION('',(-1.,-0.));
#10176 = ( GEOMETRIC_REPRESENTATION_CONTEXT(2) 
PARAMETRIC_REPRESENTATION_CONTEXT() REPRESENTATION_CONTEXT('2D SPACE',''
  ) );
#10177 = PCURVE('',#10178,#10183);
#10178 = PLANE('',#10179);
#10179 = AXIS2_PLACEMENT_3D('',#10180,#10181,#10182);
#10180 = CARTESIAN_POINT('',(0.,16.562,1.838751373384E-15));
#10181 = DIRECTION('',(0.,1.,1.110223024625E-16));
#10182 = DIRECTION('',(1.,0.,0.));
#10183 = DEFINITIONAL_REPRESENTATION('',(#10184),#10188);
#10184 = CIRCLE('',#10185,7.65);
#10185 = AXIS2_PLACEMENT_2D('',#10186,#10187);
#10186 = CARTESIAN_POINT('',(0.,0.));
#10187 = DIRECTION('',(1.,0.));
#10188 = ( GEOMETRIC_REPRESENTATION_CONTEXT(2) 
PARAMETRIC_REPRESENTATION_CONTEXT() REPRESENTATION_CONTEXT('2D SPACE',''
  ) );
#10189 = ORIENTED_EDGE('',*,*,#10140,.F.);
#10190 = ADVANCED_FACE('',(#10191,#10194),#10123,.T.);
#10191 = FACE_BOUND('',#10192,.T.);
#10192 = EDGE_LOOP('',(#10193));
#10193 = ORIENTED_EDGE('',*,*,#10108,.T.);
#10194 = FACE_BOUND('',#10195,.T.);
#10195 = EDGE_LOOP('',(#10196));
#10196 = ORIENTED_EDGE('',*,*,#10197,.F.);
#10197 = EDGE_CURVE('',#10198,#10198,#10200,.T.);
#10198 = VERTEX_POINT('',#10199);
#10199 = CARTESIAN_POINT('',(7.2754,0.,16.562));
#10200 = SURFACE_CURVE('',#10201,(#10206,#10213),.PCURVE_S1.);
#10201 = CIRCLE('',#10202,7.2754);
#10202 = AXIS2_PLACEMENT_3D('',#10203,#10204,#10205);
#10203 = CARTESIAN_POINT('',(0.,0.,16.562));
#10204 = DIRECTION('',(0.,0.,1.));
#10205 = DIRECTION('',(1.,0.,-0.));
#10206 = PCURVE('',#10123,#10207);
#10207 = DEFINITIONAL_REPRESENTATION('',(#10208),#10212);
#10208 = CIRCLE('',#10209,7.2754);
#10209 = AXIS2_PLACEMENT_2D('',#10210,#10211);
#10210 = CARTESIAN_POINT('',(0.,0.));
#10211 = DIRECTION('',(1.,0.));
#10212 = ( GEOMETRIC_REPRESENTATION_CONTEXT(2) 
PARAMETRIC_REPRESENTATION_CONTEXT() REPRESENTATION_CONTEXT('2D SPACE',''
  ) );
#10213 = PCURVE('',#10214,#10219);
#10214 = CONICAL_SURFACE('',#10215,7.2754,0.751023813203);
#10215 = AXIS2_PLACEMENT_3D('',#10216,#10217,#10218);
#10216 = CARTESIAN_POINT('',(0.,0.,16.562));
#10217 = DIRECTION('',(-0.,-0.,-1.));
#10218 = DIRECTION('',(1.,0.,-0.));
#10219 = DEFINITIONAL_REPRESENTATION('',(#10220),#10224);
#10220 = LINE('',#10221,#10222);
#10221 = CARTESIAN_POINT('',(-0.,-0.));
#10222 = VECTOR('',#10223,1.);
#10223 = DIRECTION('',(-1.,-0.));
#10224 = ( GEOMETRIC_REPRESENTATION_CONTEXT(2) 
PARAMETRIC_REPRESENTATION_CONTEXT() REPRESENTATION_CONTEXT('2D SPACE',''
  ) );
#10225 = ADVANCED_FACE('',(#10226,#10229),#10178,.T.);
#10226 = FACE_BOUND('',#10227,.T.);
#10227 = EDGE_LOOP('',(#10228));
#10228 = ORIENTED_EDGE('',*,*,#10163,.T.);
#10229 = FACE_BOUND('',#10230,.T.);
#10230 = EDGE_LOOP('',(#10231));
#10231 = ORIENTED_EDGE('',*,*,#10232,.F.);
#10232 = EDGE_CURVE('',#10233,#10233,#10235,.T.);
#10233 = VERTEX_POINT('',#10234);
#10234 = CARTESIAN_POINT('',(7.33,16.562,1.838751373384E-15));
#10235 = SURFACE_CURVE('',#10236,(#10241,#10248),.PCURVE_S1.);
#10236 = CIRCLE('',#10237,7.33);
#10237 = AXIS2_PLACEMENT_3D('',#10238,#10239,#10240);
#10238 = CARTESIAN_POINT('',(0.,16.562,1.838751373384E-15));
#10239 = DIRECTION('',(-0.,1.,1.110223024625E-16));
#10240 = DIRECTION('',(1.,0.,0.));
#10241 = PCURVE('',#10178,#10242);
#10242 = DEFINITIONAL_REPRESENTATION('',(#10243),#10247);
#10243 = CIRCLE('',#10244,7.33);
#10244 = AXIS2_PLACEMENT_2D('',#10245,#10246);
#10245 = CARTESIAN_POINT('',(0.,0.));
#10246 = DIRECTION('',(1.,0.));
#10247 = ( GEOMETRIC_REPRESENTATION_CONTEXT(2) 
PARAMETRIC_REPRESENTATION_CONTEXT() REPRESENTATION_CONTEXT('2D SPACE',''
  ) );
#10248 = PCURVE('',#10249,#10254);
#10249 = CONICAL_SURFACE('',#10250,7.33,0.763662456556);
#10250 = AXIS2_PLACEMENT_3D('',#10251,#10252,#10253);
#10251 = CARTESIAN_POINT('',(0.,16.562,1.838751373384E-15));
#10252 = DIRECTION('',(-0.,-1.,-1.110223024625E-16));
#10253 = DIRECTION('',(1.,0.,0.));
#10254 = DEFINITIONAL_REPRESENTATION('',(#10255),#10259);
#10255 = LINE('',#10256,#10257);
#10256 = CARTESIAN_POINT('',(-0.,-0.));
#10257 = VECTOR('',#10258,1.);
#10258 = DIRECTION('',(-1.,-0.));
#10259 = ( GEOMETRIC_REPRESENTATION_CONTEXT(2) 
PARAMETRIC_REPRESENTATION_CONTEXT() REPRESENTATION_CONTEXT('2D SPACE',''
  ) );
#10260 = ADVANCED_FACE('',(#10261),#10214,.T.);
#10261 = FACE_BOUND('',#10262,.T.);
#10262 = EDGE_LOOP('',(#10263,#10264,#10287,#10314));
#10263 = ORIENTED_EDGE('',*,*,#10197,.T.);
#10264 = ORIENTED_EDGE('',*,*,#10265,.T.);
#10265 = EDGE_CURVE('',#10198,#10266,#10268,.T.);
#10266 = VERTEX_POINT('',#10267);
#10267 = CARTESIAN_POINT('',(7.0999,0.,16.75));
#10268 = SEAM_CURVE('',#10269,(#10273,#10280),.PCURVE_S1.);
#10269 = LINE('',#10270,#10271);
#10270 = CARTESIAN_POINT('',(7.2754,0.,16.562));
#10271 = VECTOR('',#10272,1.);
#10272 = DIRECTION('',(-0.682387515372,0.,0.730990614758));
#10273 = PCURVE('',#10214,#10274);
#10274 = DEFINITIONAL_REPRESENTATION('',(#10275),#10279);
#10275 = LINE('',#10276,#10277);
#10276 = CARTESIAN_POINT('',(-0.,-0.));
#10277 = VECTOR('',#10278,1.);
#10278 = DIRECTION('',(-0.,-1.));
#10279 = ( GEOMETRIC_REPRESENTATION_CONTEXT(2) 
PARAMETRIC_REPRESENTATION_CONTEXT() REPRESENTATION_CONTEXT('2D SPACE',''
  ) );
#10280 = PCURVE('',#10214,#10281);
#10281 = DEFINITIONAL_REPRESENTATION('',(#10282),#10286);
#10282 = LINE('',#10283,#10284);
#10283 = CARTESIAN_POINT('',(-6.28318530718,-0.));
#10284 = VECTOR('',#10285,1.);
#10285 = DIRECTION('',(-0.,-1.));
#10286 = ( GEOMETRIC_REPRESENTATION_CONTEXT(2) 
PARAMETRIC_REPRESENTATION_CONTEXT() REPRESENTATION_CONTEXT('2D SPACE',''
  ) );
#10287 = ORIENTED_EDGE('',*,*,#10288,.F.);
#10288 = EDGE_CURVE('',#10266,#10266,#10289,.T.);
#10289 = SURFACE_CURVE('',#10290,(#10295,#10302),.PCURVE_S1.);
#10290 = CIRCLE('',#10291,7.0999);
#10291 = AXIS2_PLACEMENT_3D('',#10292,#10293,#10294);
#10292 = CARTESIAN_POINT('',(0.,0.,16.75));
#10293 = DIRECTION('',(0.,0.,1.));
#10294 = DIRECTION('',(1.,0.,-0.));
#10295 = PCURVE('',#10214,#10296);
#10296 = DEFINITIONAL_REPRESENTATION('',(#10297),#10301);
#10297 = LINE('',#10298,#10299);
#10298 = CARTESIAN_POINT('',(-0.,-0.188));
#10299 = VECTOR('',#10300,1.);
#10300 = DIRECTION('',(-1.,-0.));
#10301 = ( GEOMETRIC_REPRESENTATION_CONTEXT(2) 
PARAMETRIC_REPRESENTATION_CONTEXT() REPRESENTATION_CONTEXT('2D SPACE',''
  ) );
#10302 = PCURVE('',#10303,#10308);
#10303 = CONICAL_SURFACE('',#10304,7.0999,0.21960051742);
#10304 = AXIS2_PLACEMENT_3D('',#10305,#10306,#10307);
#10305 = CARTESIAN_POINT('',(0.,0.,16.75));
#10306 = DIRECTION('',(-0.,-0.,-1.));
#10307 = DIRECTION('',(1.,0.,-0.));
#10308 = DEFINITIONAL_REPRESENTATION('',(#10309),#10313);
#10309 = LINE('',#10310,#10311);
#10310 = CARTESIAN_POINT('',(-0.,-0.));
#10311 = VECTOR('',#10312,1.);
#10312 = DIRECTION('',(-1.,-0.));
#10313 = ( GEOMETRIC_REPRESENTATION_CONTEXT(2) 
PARAMETRIC_REPRESENTATION_CONTEXT() REPRESENTATION_CONTEXT('2D SPACE',''
  ) );
#10314 = ORIENTED_EDGE('',*,*,#10265,.F.);
#10315 = ADVANCED_FACE('',(#10316),#10249,.T.);
#10316 = FACE_BOUND('',#10317,.T.);
#10317 = EDGE_LOOP('',(#10318,#10319,#10342,#10369));
#10318 = ORIENTED_EDGE('',*,*,#10232,.T.);
#10319 = ORIENTED_EDGE('',*,*,#10320,.T.);
#10320 = EDGE_CURVE('',#10233,#10321,#10323,.T.);
#10321 = VERTEX_POINT('',#10322);
#10322 = CARTESIAN_POINT('',(7.15,16.75,1.859623566247E-15));
#10323 = SEAM_CURVE('',#10324,(#10328,#10335),.PCURVE_S1.);
#10324 = LINE('',#10325,#10326);
#10325 = CARTESIAN_POINT('',(7.33,16.562,1.838751373384E-15));
#10326 = VECTOR('',#10327,1.);
#10327 = DIRECTION('',(-0.691571499126,0.722308010198,8.019229837933E-17
    ));
#10328 = PCURVE('',#10249,#10329);
#10329 = DEFINITIONAL_REPRESENTATION('',(#10330),#10334);
#10330 = LINE('',#10331,#10332);
#10331 = CARTESIAN_POINT('',(-0.,-0.));
#10332 = VECTOR('',#10333,1.);
#10333 = DIRECTION('',(-0.,-1.));
#10334 = ( GEOMETRIC_REPRESENTATION_CONTEXT(2) 
PARAMETRIC_REPRESENTATION_CONTEXT() REPRESENTATION_CONTEXT('2D SPACE',''
  ) );
#10335 = PCURVE('',#10249,#10336);
#10336 = DEFINITIONAL_REPRESENTATION('',(#10337),#10341);
#10337 = LINE('',#10338,#10339);
#10338 = CARTESIAN_POINT('',(-6.28318530718,-0.));
#10339 = VECTOR('',#10340,1.);
#10340 = DIRECTION('',(-0.,-1.));
#10341 = ( GEOMETRIC_REPRESENTATION_CONTEXT(2) 
PARAMETRIC_REPRESENTATION_CONTEXT() REPRESENTATION_CONTEXT('2D SPACE',''
  ) );
#10342 = ORIENTED_EDGE('',*,*,#10343,.F.);
#10343 = EDGE_CURVE('',#10321,#10321,#10344,.T.);
#10344 = SURFACE_CURVE('',#10345,(#10350,#10357),.PCURVE_S1.);
#10345 = CIRCLE('',#10346,7.15);
#10346 = AXIS2_PLACEMENT_3D('',#10347,#10348,#10349);
#10347 = CARTESIAN_POINT('',(0.,16.75,1.859623566247E-15));
#10348 = DIRECTION('',(-0.,1.,1.110223024625E-16));
#10349 = DIRECTION('',(1.,0.,0.));
#10350 = PCURVE('',#10249,#10351);
#10351 = DEFINITIONAL_REPRESENTATION('',(#10352),#10356);
#10352 = LINE('',#10353,#10354);
#10353 = CARTESIAN_POINT('',(-0.,-0.188));
#10354 = VECTOR('',#10355,1.);
#10355 = DIRECTION('',(-1.,-0.));
#10356 = ( GEOMETRIC_REPRESENTATION_CONTEXT(2) 
PARAMETRIC_REPRESENTATION_CONTEXT() REPRESENTATION_CONTEXT('2D SPACE',''
  ) );
#10357 = PCURVE('',#10358,#10363);
#10358 = CONICAL_SURFACE('',#10359,7.15,0.242341637783);
#10359 = AXIS2_PLACEMENT_3D('',#10360,#10361,#10362);
#10360 = CARTESIAN_POINT('',(0.,16.75,1.859623566247E-15));
#10361 = DIRECTION('',(-0.,-1.,-1.110223024625E-16));
#10362 = DIRECTION('',(1.,0.,0.));
#10363 = DEFINITIONAL_REPRESENTATION('',(#10364),#10368);
#10364 = LINE('',#10365,#10366);
#10365 = CARTESIAN_POINT('',(-0.,-0.));
#10366 = VECTOR('',#10367,1.);
#10367 = DIRECTION('',(-1.,-0.));
#10368 = ( GEOMETRIC_REPRESENTATION_CONTEXT(2) 
PARAMETRIC_REPRESENTATION_CONTEXT() REPRESENTATION_CONTEXT('2D SPACE',''
  ) );
#10369 = ORIENTED_EDGE('',*,*,#10320,.F.);
#10370 = ADVANCED_FACE('',(#10371),#10303,.T.);
#10371 = FACE_BOUND('',#10372,.T.);
#10372 = EDGE_LOOP('',(#10373,#10374,#10397,#10424));
#10373 = ORIENTED_EDGE('',*,*,#10288,.T.);
#10374 = ORIENTED_EDGE('',*,*,#10375,.T.);
#10375 = EDGE_CURVE('',#10266,#10376,#10378,.T.);
#10376 = VERTEX_POINT('',#10377);
#10377 = CARTESIAN_POINT('',(7.0441,0.,17.));
#10378 = SEAM_CURVE('',#10379,(#10383,#10390),.PCURVE_S1.);
#10379 = LINE('',#10380,#10381);
#10380 = CARTESIAN_POINT('',(7.0999,0.,16.75));
#10381 = VECTOR('',#10382,1.);
#10382 = DIRECTION('',(-0.217839751647,0.,0.975984550391));
#10383 = PCURVE('',#10303,#10384);
#10384 = DEFINITIONAL_REPRESENTATION('',(#10385),#10389);
#10385 = LINE('',#10386,#10387);
#10386 = CARTESIAN_POINT('',(-0.,-0.));
#10387 = VECTOR('',#10388,1.);
#10388 = DIRECTION('',(-0.,-1.));
#10389 = ( GEOMETRIC_REPRESENTATION_CONTEXT(2) 
PARAMETRIC_REPRESENTATION_CONTEXT() REPRESENTATION_CONTEXT('2D SPACE',''
  ) );
#10390 = PCURVE('',#10303,#10391);
#10391 = DEFINITIONAL_REPRESENTATION('',(#10392),#10396);
#10392 = LINE('',#10393,#10394);
#10393 = CARTESIAN_POINT('',(-6.28318530718,-0.));
#10394 = VECTOR('',#10395,1.);
#10395 = DIRECTION('',(-0.,-1.));
#10396 = ( GEOMETRIC_REPRESENTATION_CONTEXT(2) 
PARAMETRIC_REPRESENTATION_CONTEXT() REPRESENTATION_CONTEXT('2D SPACE',''
  ) );
#10397 = ORIENTED_EDGE('',*,*,#10398,.F.);
#10398 = EDGE_CURVE('',#10376,#10376,#10399,.T.);
#10399 = SURFACE_CURVE('',#10400,(#10405,#10412),.PCURVE_S1.);
#10400 = CIRCLE('',#10401,7.0441);
#10401 = AXIS2_PLACEMENT_3D('',#10402,#10403,#10404);
#10402 = CARTESIAN_POINT('',(0.,0.,17.));
#10403 = DIRECTION('',(0.,0.,1.));
#10404 = DIRECTION('',(1.,0.,-0.));
#10405 = PCURVE('',#10303,#10406);
#10406 = DEFINITIONAL_REPRESENTATION('',(#10407),#10411);
#10407 = LINE('',#10408,#10409);
#10408 = CARTESIAN_POINT('',(-0.,-0.25));
#10409 = VECTOR('',#10410,1.);
#10410 = DIRECTION('',(-1.,-0.));
#10411 = ( GEOMETRIC_REPRESENTATION_CONTEXT(2) 
PARAMETRIC_REPRESENTATION_CONTEXT() REPRESENTATION_CONTEXT('2D SPACE',''
  ) );
#10412 = PCURVE('',#10413,#10418);
#10413 = CONICAL_SURFACE('',#10414,7.0441,0.321270477621);
#10414 = AXIS2_PLACEMENT_3D('',#10415,#10416,#10417);
#10415 = CARTESIAN_POINT('',(0.,0.,17.));
#10416 = DIRECTION('',(0.,0.,1.));
#10417 = DIRECTION('',(1.,0.,-0.));
#10418 = DEFINITIONAL_REPRESENTATION('',(#10419),#10423);
#10419 = LINE('',#10420,#10421);
#10420 = CARTESIAN_POINT('',(0.,0.));
#10421 = VECTOR('',#10422,1.);
#10422 = DIRECTION('',(1.,0.));
#10423 = ( GEOMETRIC_REPRESENTATION_CONTEXT(2) 
PARAMETRIC_REPRESENTATION_CONTEXT() REPRESENTATION_CONTEXT('2D SPACE',''
  ) );
#10424 = ORIENTED_EDGE('',*,*,#10375,.F.);
#10425 = ADVANCED_FACE('',(#10426),#10358,.T.);
#10426 = FACE_BOUND('',#10427,.T.);
#10427 = EDGE_LOOP('',(#10428,#10429,#10452,#10479));
#10428 = ORIENTED_EDGE('',*,*,#10343,.T.);
#10429 = ORIENTED_EDGE('',*,*,#10430,.T.);
#10430 = EDGE_CURVE('',#10321,#10431,#10433,.T.);
#10431 = VERTEX_POINT('',#10432);
#10432 = CARTESIAN_POINT('',(7.0882,17.,1.887379141863E-15));
#10433 = SEAM_CURVE('',#10434,(#10438,#10445),.PCURVE_S1.);
#10434 = LINE('',#10435,#10436);
#10435 = CARTESIAN_POINT('',(7.15,16.75,1.859623566247E-15));
#10436 = VECTOR('',#10437,1.);
#10437 = DIRECTION('',(-0.239976494358,0.970778698858,1.077780863287E-16
    ));
#10438 = PCURVE('',#10358,#10439);
#10439 = DEFINITIONAL_REPRESENTATION('',(#10440),#10444);
#10440 = LINE('',#10441,#10442);
#10441 = CARTESIAN_POINT('',(-0.,-0.));
#10442 = VECTOR('',#10443,1.);
#10443 = DIRECTION('',(-0.,-1.));
#10444 = ( GEOMETRIC_REPRESENTATION_CONTEXT(2) 
PARAMETRIC_REPRESENTATION_CONTEXT() REPRESENTATION_CONTEXT('2D SPACE',''
  ) );
#10445 = PCURVE('',#10358,#10446);
#10446 = DEFINITIONAL_REPRESENTATION('',(#10447),#10451);
#10447 = LINE('',#10448,#10449);
#10448 = CARTESIAN_POINT('',(-6.28318530718,-0.));
#10449 = VECTOR('',#10450,1.);
#10450 = DIRECTION('',(-0.,-1.));
#10451 = ( GEOMETRIC_REPRESENTATION_CONTEXT(2) 
PARAMETRIC_REPRESENTATION_CONTEXT() REPRESENTATION_CONTEXT('2D SPACE',''
  ) );
#10452 = ORIENTED_EDGE('',*,*,#10453,.F.);
#10453 = EDGE_CURVE('',#10431,#10431,#10454,.T.);
#10454 = SURFACE_CURVE('',#10455,(#10460,#10467),.PCURVE_S1.);
#10455 = CIRCLE('',#10456,7.0882);
#10456 = AXIS2_PLACEMENT_3D('',#10457,#10458,#10459);
#10457 = CARTESIAN_POINT('',(0.,17.,1.887379141863E-15));
#10458 = DIRECTION('',(-0.,1.,1.110223024625E-16));
#10459 = DIRECTION('',(1.,0.,0.));
#10460 = PCURVE('',#10358,#10461);
#10461 = DEFINITIONAL_REPRESENTATION('',(#10462),#10466);
#10462 = LINE('',#10463,#10464);
#10463 = CARTESIAN_POINT('',(-0.,-0.25));
#10464 = VECTOR('',#10465,1.);
#10465 = DIRECTION('',(-1.,-0.));
#10466 = ( GEOMETRIC_REPRESENTATION_CONTEXT(2) 
PARAMETRIC_REPRESENTATION_CONTEXT() REPRESENTATION_CONTEXT('2D SPACE',''
  ) );
#10467 = PCURVE('',#10468,#10473);
#10468 = CONICAL_SURFACE('',#10469,7.0882,0.299510508177);
#10469 = AXIS2_PLACEMENT_3D('',#10470,#10471,#10472);
#10470 = CARTESIAN_POINT('',(0.,17.,1.887379141863E-15));
#10471 = DIRECTION('',(0.,1.,1.110223024625E-16));
#10472 = DIRECTION('',(1.,0.,0.));
#10473 = DEFINITIONAL_REPRESENTATION('',(#10474),#10478);
#10474 = LINE('',#10475,#10476);
#10475 = CARTESIAN_POINT('',(0.,0.));
#10476 = VECTOR('',#10477,1.);
#10477 = DIRECTION('',(1.,0.));
#10478 = ( GEOMETRIC_REPRESENTATION_CONTEXT(2) 
PARAMETRIC_REPRESENTATION_CONTEXT() REPRESENTATION_CONTEXT('2D SPACE',''
  ) );
#10479 = ORIENTED_EDGE('',*,*,#10430,.F.);
#10480 = ADVANCED_FACE('',(#10481),#10413,.T.);
#10481 = FACE_BOUND('',#10482,.T.);
#10482 = EDGE_LOOP('',(#10483,#10484,#10507,#10534));
#10483 = ORIENTED_EDGE('',*,*,#10398,.T.);
#10484 = ORIENTED_EDGE('',*,*,#10485,.T.);
#10485 = EDGE_CURVE('',#10376,#10486,#10488,.T.);
#10486 = VERTEX_POINT('',#10487);
#10487 = CARTESIAN_POINT('',(7.1273,0.,17.25));
#10488 = SEAM_CURVE('',#10489,(#10493,#10500),.PCURVE_S1.);
#10489 = LINE('',#10490,#10491);
#10490 = CARTESIAN_POINT('',(7.0441,0.,17.));
#10491 = VECTOR('',#10492,1.);
#10492 = DIRECTION('',(0.315772288775,0.,0.948835002328));
#10493 = PCURVE('',#10413,#10494);
#10494 = DEFINITIONAL_REPRESENTATION('',(#10495),#10499);
#10495 = LINE('',#10496,#10497);
#10496 = CARTESIAN_POINT('',(0.,0.));
#10497 = VECTOR('',#10498,1.);
#10498 = DIRECTION('',(0.,1.));
#10499 = ( GEOMETRIC_REPRESENTATION_CONTEXT(2) 
PARAMETRIC_REPRESENTATION_CONTEXT() REPRESENTATION_CONTEXT('2D SPACE',''
  ) );
#10500 = PCURVE('',#10413,#10501);
#10501 = DEFINITIONAL_REPRESENTATION('',(#10502),#10506);
#10502 = LINE('',#10503,#10504);
#10503 = CARTESIAN_POINT('',(6.28318530718,0.));
#10504 = VECTOR('',#10505,1.);
#10505 = DIRECTION('',(0.,1.));
#10506 = ( GEOMETRIC_REPRESENTATION_CONTEXT(2) 
PARAMETRIC_REPRESENTATION_CONTEXT() REPRESENTATION_CONTEXT('2D SPACE',''
  ) );
#10507 = ORIENTED_EDGE('',*,*,#10508,.F.);
#10508 = EDGE_CURVE('',#10486,#10486,#10509,.T.);
#10509 = SURFACE_CURVE('',#10510,(#10515,#10522),.PCURVE_S1.);
#10510 = CIRCLE('',#10511,7.1273);
#10511 = AXIS2_PLACEMENT_3D('',#10512,#10513,#10514);
#10512 = CARTESIAN_POINT('',(0.,0.,17.25));
#10513 = DIRECTION('',(0.,0.,1.));
#10514 = DIRECTION('',(1.,0.,-0.));
#10515 = PCURVE('',#10413,#10516);
#10516 = DEFINITIONAL_REPRESENTATION('',(#10517),#10521);
#10517 = LINE('',#10518,#10519);
#10518 = CARTESIAN_POINT('',(0.,0.25));
#10519 = VECTOR('',#10520,1.);
#10520 = DIRECTION('',(1.,0.));
#10521 = ( GEOMETRIC_REPRESENTATION_CONTEXT(2) 
PARAMETRIC_REPRESENTATION_CONTEXT() REPRESENTATION_CONTEXT('2D SPACE',''
  ) );
#10522 = PCURVE('',#10523,#10528);
#10523 = CONICAL_SURFACE('',#10524,7.1273,0.279672704192);
#10524 = AXIS2_PLACEMENT_3D('',#10525,#10526,#10527);
#10525 = CARTESIAN_POINT('',(0.,0.,17.25));
#10526 = DIRECTION('',(0.,0.,1.));
#10527 = DIRECTION('',(1.,0.,-0.));
#10528 = DEFINITIONAL_REPRESENTATION('',(#10529),#10533);
#10529 = LINE('',#10530,#10531);
#10530 = CARTESIAN_POINT('',(0.,0.));
#10531 = VECTOR('',#10532,1.);
#10532 = DIRECTION('',(1.,0.));
#10533 = ( GEOMETRIC_REPRESENTATION_CONTEXT(2) 
PARAMETRIC_REPRESENTATION_CONTEXT() REPRESENTATION_CONTEXT('2D SPACE',''
  ) );
#10534 = ORIENTED_EDGE('',*,*,#10485,.F.);
#10535 = ADVANCED_FACE('',(#10536),#10468,.T.);
#10536 = FACE_BOUND('',#10537,.T.);
#10537 = EDGE_LOOP('',(#10538,#10539,#10562,#10589));
#10538 = ORIENTED_EDGE('',*,*,#10453,.T.);
#10539 = ORIENTED_EDGE('',*,*,#10540,.T.);
#10540 = EDGE_CURVE('',#10431,#10541,#10543,.T.);
#10541 = VERTEX_POINT('',#10542);
#10542 = CARTESIAN_POINT('',(7.1654,17.25,1.915134717478E-15));
#10543 = SEAM_CURVE('',#10544,(#10548,#10555),.PCURVE_S1.);
#10544 = LINE('',#10545,#10546);
#10545 = CARTESIAN_POINT('',(7.0882,17.,1.887379141863E-15));
#10546 = VECTOR('',#10547,1.);
#10547 = DIRECTION('',(0.295052541877,0.955481029394,1.060797038426E-16)
  );
#10548 = PCURVE('',#10468,#10549);
#10549 = DEFINITIONAL_REPRESENTATION('',(#10550),#10554);
#10550 = LINE('',#10551,#10552);
#10551 = CARTESIAN_POINT('',(0.,0.));
#10552 = VECTOR('',#10553,1.);
#10553 = DIRECTION('',(0.,1.));
#10554 = ( GEOMETRIC_REPRESENTATION_CONTEXT(2) 
PARAMETRIC_REPRESENTATION_CONTEXT() REPRESENTATION_CONTEXT('2D SPACE',''
  ) );
#10555 = PCURVE('',#10468,#10556);
#10556 = DEFINITIONAL_REPRESENTATION('',(#10557),#10561);
#10557 = LINE('',#10558,#10559);
#10558 = CARTESIAN_POINT('',(6.28318530718,0.));
#10559 = VECTOR('',#10560,1.);
#10560 = DIRECTION('',(0.,1.));
#10561 = ( GEOMETRIC_REPRESENTATION_CONTEXT(2) 
PARAMETRIC_REPRESENTATION_CONTEXT() REPRESENTATION_CONTEXT('2D SPACE',''
  ) );
#10562 = ORIENTED_EDGE('',*,*,#10563,.F.);
#10563 = EDGE_CURVE('',#10541,#10541,#10564,.T.);
#10564 = SURFACE_CURVE('',#10565,(#10570,#10577),.PCURVE_S1.);
#10565 = CIRCLE('',#10566,7.1654);
#10566 = AXIS2_PLACEMENT_3D('',#10567,#10568,#10569);
#10567 = CARTESIAN_POINT('',(0.,17.25,1.915134717478E-15));
#10568 = DIRECTION('',(-0.,1.,1.110223024625E-16));
#10569 = DIRECTION('',(1.,0.,0.));
#10570 = PCURVE('',#10468,#10571);
#10571 = DEFINITIONAL_REPRESENTATION('',(#10572),#10576);
#10572 = LINE('',#10573,#10574);
#10573 = CARTESIAN_POINT('',(0.,0.25));
#10574 = VECTOR('',#10575,1.);
#10575 = DIRECTION('',(1.,0.));
#10576 = ( GEOMETRIC_REPRESENTATION_CONTEXT(2) 
PARAMETRIC_REPRESENTATION_CONTEXT() REPRESENTATION_CONTEXT('2D SPACE',''
  ) );
#10577 = PCURVE('',#10578,#10583);
#10578 = CONICAL_SURFACE('',#10579,7.1654,0.257363092801);
#10579 = AXIS2_PLACEMENT_3D('',#10580,#10581,#10582);
#10580 = CARTESIAN_POINT('',(0.,17.25,1.915134717478E-15));
#10581 = DIRECTION('',(0.,1.,1.110223024625E-16));
#10582 = DIRECTION('',(1.,0.,0.));
#10583 = DEFINITIONAL_REPRESENTATION('',(#10584),#10588);
#10584 = LINE('',#10585,#10586);
#10585 = CARTESIAN_POINT('',(0.,0.));
#10586 = VECTOR('',#10587,1.);
#10587 = DIRECTION('',(1.,0.));
#10588 = ( GEOMETRIC_REPRESENTATION_CONTEXT(2) 
PARAMETRIC_REPRESENTATION_CONTEXT() REPRESENTATION_CONTEXT('2D SPACE',''
  ) );
#10589 = ORIENTED_EDGE('',*,*,#10540,.F.);
#10590 = ADVANCED_FACE('',(#10591),#10523,.T.);
#10591 = FACE_BOUND('',#10592,.T.);
#10592 = EDGE_LOOP('',(#10593,#10594,#10617,#10644));
#10593 = ORIENTED_EDGE('',*,*,#10508,.T.);
#10594 = ORIENTED_EDGE('',*,*,#10595,.T.);
#10595 = EDGE_CURVE('',#10486,#10596,#10598,.T.);
#10596 = VERTEX_POINT('',#10597);
#10597 = CARTESIAN_POINT('',(7.1991,0.,17.5));
#10598 = SEAM_CURVE('',#10599,(#10603,#10610),.PCURVE_S1.);
#10599 = LINE('',#10600,#10601);
#10600 = CARTESIAN_POINT('',(7.1273,0.,17.25));
#10601 = VECTOR('',#10602,1.);
#10602 = DIRECTION('',(0.276041084352,0.,0.961145836879));
#10603 = PCURVE('',#10523,#10604);
#10604 = DEFINITIONAL_REPRESENTATION('',(#10605),#10609);
#10605 = LINE('',#10606,#10607);
#10606 = CARTESIAN_POINT('',(0.,0.));
#10607 = VECTOR('',#10608,1.);
#10608 = DIRECTION('',(0.,1.));
#10609 = ( GEOMETRIC_REPRESENTATION_CONTEXT(2) 
PARAMETRIC_REPRESENTATION_CONTEXT() REPRESENTATION_CONTEXT('2D SPACE',''
  ) );
#10610 = PCURVE('',#10523,#10611);
#10611 = DEFINITIONAL_REPRESENTATION('',(#10612),#10616);
#10612 = LINE('',#10613,#10614);
#10613 = CARTESIAN_POINT('',(6.28318530718,0.));
#10614 = VECTOR('',#10615,1.);
#10615 = DIRECTION('',(0.,1.));
#10616 = ( GEOMETRIC_REPRESENTATION_CONTEXT(2) 
PARAMETRIC_REPRESENTATION_CONTEXT() REPRESENTATION_CONTEXT('2D SPACE',''
  ) );
#10617 = ORIENTED_EDGE('',*,*,#10618,.F.);
#10618 = EDGE_CURVE('',#10596,#10596,#10619,.T.);
#10619 = SURFACE_CURVE('',#10620,(#10625,#10632),.PCURVE_S1.);
#10620 = CIRCLE('',#10621,7.1991);
#10621 = AXIS2_PLACEMENT_3D('',#10622,#10623,#10624);
#10622 = CARTESIAN_POINT('',(0.,0.,17.5));
#10623 = DIRECTION('',(0.,0.,1.));
#10624 = DIRECTION('',(1.,0.,-0.));
#10625 = PCURVE('',#10523,#10626);
#10626 = DEFINITIONAL_REPRESENTATION('',(#10627),#10631);
#10627 = LINE('',#10628,#10629);
#10628 = CARTESIAN_POINT('',(0.,0.25));
#10629 = VECTOR('',#10630,1.);
#10630 = DIRECTION('',(1.,0.));
#10631 = ( GEOMETRIC_REPRESENTATION_CONTEXT(2) 
PARAMETRIC_REPRESENTATION_CONTEXT() REPRESENTATION_CONTEXT('2D SPACE',''
  ) );
#10632 = PCURVE('',#10633,#10638);
#10633 = CONICAL_SURFACE('',#10634,7.1991,0.111140122054);
#10634 = AXIS2_PLACEMENT_3D('',#10635,#10636,#10637);
#10635 = CARTESIAN_POINT('',(0.,0.,17.5));
#10636 = DIRECTION('',(0.,0.,1.));
#10637 = DIRECTION('',(1.,0.,-0.));
#10638 = DEFINITIONAL_REPRESENTATION('',(#10639),#10643);
#10639 = LINE('',#10640,#10641);
#10640 = CARTESIAN_POINT('',(0.,0.));
#10641 = VECTOR('',#10642,1.);
#10642 = DIRECTION('',(1.,0.));
#10643 = ( GEOMETRIC_REPRESENTATION_CONTEXT(2) 
PARAMETRIC_REPRESENTATION_CONTEXT() REPRESENTATION_CONTEXT('2D SPACE',''
  ) );
#10644 = ORIENTED_EDGE('',*,*,#10595,.F.);
#10645 = ADVANCED_FACE('',(#10646),#10578,.T.);
#10646 = FACE_BOUND('',#10647,.T.);
#10647 = EDGE_LOOP('',(#10648,#10649,#10672,#10699));
#10648 = ORIENTED_EDGE('',*,*,#10563,.T.);
#10649 = ORIENTED_EDGE('',*,*,#10650,.T.);
#10650 = EDGE_CURVE('',#10541,#10651,#10653,.T.);
#10651 = VERTEX_POINT('',#10652);
#10652 = CARTESIAN_POINT('',(7.2312,17.5,1.942890293094E-15));
#10653 = SEAM_CURVE('',#10654,(#10658,#10665),.PCURVE_S1.);
#10654 = LINE('',#10655,#10656);
#10655 = CARTESIAN_POINT('',(7.1654,17.25,1.915134717478E-15));
#10656 = VECTOR('',#10657,1.);
#10657 = DIRECTION('',(0.254531380379,0.967064515119,1.073657290983E-16)
  );
#10658 = PCURVE('',#10578,#10659);
#10659 = DEFINITIONAL_REPRESENTATION('',(#10660),#10664);
#10660 = LINE('',#10661,#10662);
#10661 = CARTESIAN_POINT('',(0.,0.));
#10662 = VECTOR('',#10663,1.);
#10663 = DIRECTION('',(0.,1.));
#10664 = ( GEOMETRIC_REPRESENTATION_CONTEXT(2) 
PARAMETRIC_REPRESENTATION_CONTEXT() REPRESENTATION_CONTEXT('2D SPACE',''
  ) );
#10665 = PCURVE('',#10578,#10666);
#10666 = DEFINITIONAL_REPRESENTATION('',(#10667),#10671);
#10667 = LINE('',#10668,#10669);
#10668 = CARTESIAN_POINT('',(6.28318530718,0.));
#10669 = VECTOR('',#10670,1.);
#10670 = DIRECTION('',(0.,1.));
#10671 = ( GEOMETRIC_REPRESENTATION_CONTEXT(2) 
PARAMETRIC_REPRESENTATION_CONTEXT() REPRESENTATION_CONTEXT('2D SPACE',''
  ) );
#10672 = ORIENTED_EDGE('',*,*,#10673,.F.);
#10673 = EDGE_CURVE('',#10651,#10651,#10674,.T.);
#10674 = SURFACE_CURVE('',#10675,(#10680,#10687),.PCURVE_S1.);
#10675 = CIRCLE('',#10676,7.2312);
#10676 = AXIS2_PLACEMENT_3D('',#10677,#10678,#10679);
#10677 = CARTESIAN_POINT('',(0.,17.5,1.942890293094E-15));
#10678 = DIRECTION('',(-0.,1.,1.110223024625E-16));
#10679 = DIRECTION('',(1.,0.,0.));
#10680 = PCURVE('',#10578,#10681);
#10681 = DEFINITIONAL_REPRESENTATION('',(#10682),#10686);
#10682 = LINE('',#10683,#10684);
#10683 = CARTESIAN_POINT('',(0.,0.25));
#10684 = VECTOR('',#10685,1.);
#10685 = DIRECTION('',(1.,0.));
#10686 = ( GEOMETRIC_REPRESENTATION_CONTEXT(2) 
PARAMETRIC_REPRESENTATION_CONTEXT() REPRESENTATION_CONTEXT('2D SPACE',''
  ) );
#10687 = PCURVE('',#10688,#10693);
#10688 = CONICAL_SURFACE('',#10689,7.2312,8.737695227967E-02);
#10689 = AXIS2_PLACEMENT_3D('',#10690,#10691,#10692);
#10690 = CARTESIAN_POINT('',(0.,17.5,1.942890293094E-15));
#10691 = DIRECTION('',(0.,1.,1.110223024625E-16));
#10692 = DIRECTION('',(1.,0.,0.));
#10693 = DEFINITIONAL_REPRESENTATION('',(#10694),#10698);
#10694 = LINE('',#10695,#10696);
#10695 = CARTESIAN_POINT('',(0.,0.));
#10696 = VECTOR('',#10697,1.);
#10697 = DIRECTION('',(1.,0.));
#10698 = ( GEOMETRIC_REPRESENTATION_CONTEXT(2) 
PARAMETRIC_REPRESENTATION_CONTEXT() REPRESENTATION_CONTEXT('2D SPACE',''
  ) );
#10699 = ORIENTED_EDGE('',*,*,#10650,.F.);
#10700 = ADVANCED_FACE('',(#10701),#10633,.T.);
#10701 = FACE_BOUND('',#10702,.T.);
#10702 = EDGE_LOOP('',(#10703,#10704,#10727,#10754));
#10703 = ORIENTED_EDGE('',*,*,#10618,.T.);
#10704 = ORIENTED_EDGE('',*,*,#10705,.T.);
#10705 = EDGE_CURVE('',#10596,#10706,#10708,.T.);
#10706 = VERTEX_POINT('',#10707);
#10707 = CARTESIAN_POINT('',(7.227,0.,17.75));
#10708 = SEAM_CURVE('',#10709,(#10713,#10720),.PCURVE_S1.);
#10709 = LINE('',#10710,#10711);
#10710 = CARTESIAN_POINT('',(7.1991,0.,17.5));
#10711 = VECTOR('',#10712,1.);
#10712 = DIRECTION('',(0.11091146051,0.,0.993830291311));
#10713 = PCURVE('',#10633,#10714);
#10714 = DEFINITIONAL_REPRESENTATION('',(#10715),#10719);
#10715 = LINE('',#10716,#10717);
#10716 = CARTESIAN_POINT('',(0.,0.));
#10717 = VECTOR('',#10718,1.);
#10718 = DIRECTION('',(0.,1.));
#10719 = ( GEOMETRIC_REPRESENTATION_CONTEXT(2) 
PARAMETRIC_REPRESENTATION_CONTEXT() REPRESENTATION_CONTEXT('2D SPACE',''
  ) );
#10720 = PCURVE('',#10633,#10721);
#10721 = DEFINITIONAL_REPRESENTATION('',(#10722),#10726);
#10722 = LINE('',#10723,#10724);
#10723 = CARTESIAN_POINT('',(6.28318530718,0.));
#10724 = VECTOR('',#10725,1.);
#10725 = DIRECTION('',(0.,1.));
#10726 = ( GEOMETRIC_REPRESENTATION_CONTEXT(2) 
PARAMETRIC_REPRESENTATION_CONTEXT() REPRESENTATION_CONTEXT('2D SPACE',''
  ) );
#10727 = ORIENTED_EDGE('',*,*,#10728,.F.);
#10728 = EDGE_CURVE('',#10706,#10706,#10729,.T.);
#10729 = SURFACE_CURVE('',#10730,(#10735,#10742),.PCURVE_S1.);
#10730 = CIRCLE('',#10731,7.227);
#10731 = AXIS2_PLACEMENT_3D('',#10732,#10733,#10734);
#10732 = CARTESIAN_POINT('',(0.,0.,17.75));
#10733 = DIRECTION('',(0.,0.,1.));
#10734 = DIRECTION('',(1.,0.,-0.));
#10735 = PCURVE('',#10633,#10736);
#10736 = DEFINITIONAL_REPRESENTATION('',(#10737),#10741);
#10737 = LINE('',#10738,#10739);
#10738 = CARTESIAN_POINT('',(0.,0.25));
#10739 = VECTOR('',#10740,1.);
#10740 = DIRECTION('',(1.,0.));
#10741 = ( GEOMETRIC_REPRESENTATION_CONTEXT(2) 
PARAMETRIC_REPRESENTATION_CONTEXT() REPRESENTATION_CONTEXT('2D SPACE',''
  ) );
#10742 = PCURVE('',#10743,#10748);
#10743 = CONICAL_SURFACE('',#10744,7.227,8.02274293338E-02);
#10744 = AXIS2_PLACEMENT_3D('',#10745,#10746,#10747);
#10745 = CARTESIAN_POINT('',(0.,0.,17.75));
#10746 = DIRECTION('',(-0.,-0.,-1.));
#10747 = DIRECTION('',(1.,0.,-0.));
#10748 = DEFINITIONAL_REPRESENTATION('',(#10749),#10753);
#10749 = LINE('',#10750,#10751);
#10750 = CARTESIAN_POINT('',(-0.,-0.));
#10751 = VECTOR('',#10752,1.);
#10752 = DIRECTION('',(-1.,-0.));
#10753 = ( GEOMETRIC_REPRESENTATION_CONTEXT(2) 
PARAMETRIC_REPRESENTATION_CONTEXT() REPRESENTATION_CONTEXT('2D SPACE',''
  ) );
#10754 = ORIENTED_EDGE('',*,*,#10705,.F.);
#10755 = ADVANCED_FACE('',(#10756),#10688,.T.);
#10756 = FACE_BOUND('',#10757,.T.);
#10757 = EDGE_LOOP('',(#10758,#10759,#10782,#10809));
#10758 = ORIENTED_EDGE('',*,*,#10673,.T.);
#10759 = ORIENTED_EDGE('',*,*,#10760,.T.);
#10760 = EDGE_CURVE('',#10651,#10761,#10763,.T.);
#10761 = VERTEX_POINT('',#10762);
#10762 = CARTESIAN_POINT('',(7.2531,17.75,1.97064586871E-15));
#10763 = SEAM_CURVE('',#10764,(#10768,#10775),.PCURVE_S1.);
#10764 = LINE('',#10765,#10766);
#10765 = CARTESIAN_POINT('',(7.2312,17.5,1.942890293094E-15));
#10766 = VECTOR('',#10767,1.);
#10767 = DIRECTION('',(8.72658114488E-02,0.996185062201,
    1.105987592843E-16));
#10768 = PCURVE('',#10688,#10769);
#10769 = DEFINITIONAL_REPRESENTATION('',(#10770),#10774);
#10770 = LINE('',#10771,#10772);
#10771 = CARTESIAN_POINT('',(0.,0.));
#10772 = VECTOR('',#10773,1.);
#10773 = DIRECTION('',(0.,1.));
#10774 = ( GEOMETRIC_REPRESENTATION_CONTEXT(2) 
PARAMETRIC_REPRESENTATION_CONTEXT() REPRESENTATION_CONTEXT('2D SPACE',''
  ) );
#10775 = PCURVE('',#10688,#10776);
#10776 = DEFINITIONAL_REPRESENTATION('',(#10777),#10781);
#10777 = LINE('',#10778,#10779);
#10778 = CARTESIAN_POINT('',(6.28318530718,0.));
#10779 = VECTOR('',#10780,1.);
#10780 = DIRECTION('',(0.,1.));
#10781 = ( GEOMETRIC_REPRESENTATION_CONTEXT(2) 
PARAMETRIC_REPRESENTATION_CONTEXT() REPRESENTATION_CONTEXT('2D SPACE',''
  ) );
#10782 = ORIENTED_EDGE('',*,*,#10783,.F.);
#10783 = EDGE_CURVE('',#10761,#10761,#10784,.T.);
#10784 = SURFACE_CURVE('',#10785,(#10790,#10797),.PCURVE_S1.);
#10785 = CIRCLE('',#10786,7.2531);
#10786 = AXIS2_PLACEMENT_3D('',#10787,#10788,#10789);
#10787 = CARTESIAN_POINT('',(0.,17.75,1.97064586871E-15));
#10788 = DIRECTION('',(-0.,1.,1.110223024625E-16));
#10789 = DIRECTION('',(1.,0.,0.));
#10790 = PCURVE('',#10688,#10791);
#10791 = DEFINITIONAL_REPRESENTATION('',(#10792),#10796);
#10792 = LINE('',#10793,#10794);
#10793 = CARTESIAN_POINT('',(0.,0.25));
#10794 = VECTOR('',#10795,1.);
#10795 = DIRECTION('',(1.,0.));
#10796 = ( GEOMETRIC_REPRESENTATION_CONTEXT(2) 
PARAMETRIC_REPRESENTATION_CONTEXT() REPRESENTATION_CONTEXT('2D SPACE',''
  ) );
#10797 = PCURVE('',#10798,#10803);
#10798 = CONICAL_SURFACE('',#10799,7.2531,0.104023163585);
#10799 = AXIS2_PLACEMENT_3D('',#10800,#10801,#10802);
#10800 = CARTESIAN_POINT('',(0.,17.75,1.97064586871E-15));
#10801 = DIRECTION('',(-0.,-1.,-1.110223024625E-16));
#10802 = DIRECTION('',(1.,0.,0.));
#10803 = DEFINITIONAL_REPRESENTATION('',(#10804),#10808);
#10804 = LINE('',#10805,#10806);
#10805 = CARTESIAN_POINT('',(-0.,-0.));
#10806 = VECTOR('',#10807,1.);
#10807 = DIRECTION('',(-1.,-0.));
#10808 = ( GEOMETRIC_REPRESENTATION_CONTEXT(2) 
PARAMETRIC_REPRESENTATION_CONTEXT() REPRESENTATION_CONTEXT('2D SPACE',''
  ) );
#10809 = ORIENTED_EDGE('',*,*,#10760,.F.);
#10810 = ADVANCED_FACE('',(#10811),#10743,.T.);
#10811 = FACE_BOUND('',#10812,.T.);
#10812 = EDGE_LOOP('',(#10813,#10814,#10837,#10864));
#10813 = ORIENTED_EDGE('',*,*,#10728,.T.);
#10814 = ORIENTED_EDGE('',*,*,#10815,.T.);
#10815 = EDGE_CURVE('',#10706,#10816,#10818,.T.);
#10816 = VERTEX_POINT('',#10817);
#10817 = CARTESIAN_POINT('',(7.2069,0.,18.));
#10818 = SEAM_CURVE('',#10819,(#10823,#10830),.PCURVE_S1.);
#10819 = LINE('',#10820,#10821);
#10820 = CARTESIAN_POINT('',(7.227,0.,17.75));
#10821 = VECTOR('',#10822,1.);
#10822 = DIRECTION('',(-8.014139384846E-02,0.,0.996783505578));
#10823 = PCURVE('',#10743,#10824);
#10824 = DEFINITIONAL_REPRESENTATION('',(#10825),#10829);
#10825 = LINE('',#10826,#10827);
#10826 = CARTESIAN_POINT('',(-0.,-0.));
#10827 = VECTOR('',#10828,1.);
#10828 = DIRECTION('',(-0.,-1.));
#10829 = ( GEOMETRIC_REPRESENTATION_CONTEXT(2) 
PARAMETRIC_REPRESENTATION_CONTEXT() REPRESENTATION_CONTEXT('2D SPACE',''
  ) );
#10830 = PCURVE('',#10743,#10831);
#10831 = DEFINITIONAL_REPRESENTATION('',(#10832),#10836);
#10832 = LINE('',#10833,#10834);
#10833 = CARTESIAN_POINT('',(-6.28318530718,-0.));
#10834 = VECTOR('',#10835,1.);
#10835 = DIRECTION('',(-0.,-1.));
#10836 = ( GEOMETRIC_REPRESENTATION_CONTEXT(2) 
PARAMETRIC_REPRESENTATION_CONTEXT() REPRESENTATION_CONTEXT('2D SPACE',''
  ) );
#10837 = ORIENTED_EDGE('',*,*,#10838,.F.);
#10838 = EDGE_CURVE('',#10816,#10816,#10839,.T.);
#10839 = SURFACE_CURVE('',#10840,(#10845,#10852),.PCURVE_S1.);
#10840 = CIRCLE('',#10841,7.2069);
#10841 = AXIS2_PLACEMENT_3D('',#10842,#10843,#10844);
#10842 = CARTESIAN_POINT('',(0.,0.,18.));
#10843 = DIRECTION('',(0.,0.,1.));
#10844 = DIRECTION('',(1.,0.,-0.));
#10845 = PCURVE('',#10743,#10846);
#10846 = DEFINITIONAL_REPRESENTATION('',(#10847),#10851);
#10847 = LINE('',#10848,#10849);
#10848 = CARTESIAN_POINT('',(-0.,-0.25));
#10849 = VECTOR('',#10850,1.);
#10850 = DIRECTION('',(-1.,-0.));
#10851 = ( GEOMETRIC_REPRESENTATION_CONTEXT(2) 
PARAMETRIC_REPRESENTATION_CONTEXT() REPRESENTATION_CONTEXT('2D SPACE',''
  ) );
#10852 = PCURVE('',#10853,#10858);
#10853 = CONICAL_SURFACE('',#10854,7.2069,0.28998825893);
#10854 = AXIS2_PLACEMENT_3D('',#10855,#10856,#10857);
#10855 = CARTESIAN_POINT('',(0.,0.,18.));
#10856 = DIRECTION('',(-0.,-0.,-1.));
#10857 = DIRECTION('',(1.,0.,-0.));
#10858 = DEFINITIONAL_REPRESENTATION('',(#10859),#10863);
#10859 = LINE('',#10860,#10861);
#10860 = CARTESIAN_POINT('',(-0.,-0.));
#10861 = VECTOR('',#10862,1.);
#10862 = DIRECTION('',(-1.,-0.));
#10863 = ( GEOMETRIC_REPRESENTATION_CONTEXT(2) 
PARAMETRIC_REPRESENTATION_CONTEXT() REPRESENTATION_CONTEXT('2D SPACE',''
  ) );
#10864 = ORIENTED_EDGE('',*,*,#10815,.F.);
#10865 = ADVANCED_FACE('',(#10866),#10798,.T.);
#10866 = FACE_BOUND('',#10867,.T.);
#10867 = EDGE_LOOP('',(#10868,#10869,#10892,#10919));
#10868 = ORIENTED_EDGE('',*,*,#10783,.T.);
#10869 = ORIENTED_EDGE('',*,*,#10870,.T.);
#10870 = EDGE_CURVE('',#10761,#10871,#10873,.T.);
#10871 = VERTEX_POINT('',#10872);
#10872 = CARTESIAN_POINT('',(7.227,18.,1.998401444325E-15));
#10873 = SEAM_CURVE('',#10874,(#10878,#10885),.PCURVE_S1.);
#10874 = LINE('',#10875,#10876);
#10875 = CARTESIAN_POINT('',(7.2531,17.75,1.97064586871E-15));
#10876 = VECTOR('',#10877,1.);
#10877 = DIRECTION('',(-0.103835662429,0.994594467714,1.104221678221E-16
    ));
#10878 = PCURVE('',#10798,#10879);
#10879 = DEFINITIONAL_REPRESENTATION('',(#10880),#10884);
#10880 = LINE('',#10881,#10882);
#10881 = CARTESIAN_POINT('',(-0.,-0.));
#10882 = VECTOR('',#10883,1.);
#10883 = DIRECTION('',(-0.,-1.));
#10884 = ( GEOMETRIC_REPRESENTATION_CONTEXT(2) 
PARAMETRIC_REPRESENTATION_CONTEXT() REPRESENTATION_CONTEXT('2D SPACE',''
  ) );
#10885 = PCURVE('',#10798,#10886);
#10886 = DEFINITIONAL_REPRESENTATION('',(#10887),#10891);
#10887 = LINE('',#10888,#10889);
#10888 = CARTESIAN_POINT('',(-6.28318530718,-0.));
#10889 = VECTOR('',#10890,1.);
#10890 = DIRECTION('',(-0.,-1.));
#10891 = ( GEOMETRIC_REPRESENTATION_CONTEXT(2) 
PARAMETRIC_REPRESENTATION_CONTEXT() REPRESENTATION_CONTEXT('2D SPACE',''
  ) );
#10892 = ORIENTED_EDGE('',*,*,#10893,.F.);
#10893 = EDGE_CURVE('',#10871,#10871,#10894,.T.);
#10894 = SURFACE_CURVE('',#10895,(#10900,#10907),.PCURVE_S1.);
#10895 = CIRCLE('',#10896,7.227);
#10896 = AXIS2_PLACEMENT_3D('',#10897,#10898,#10899);
#10897 = CARTESIAN_POINT('',(0.,18.,1.998401444325E-15));
#10898 = DIRECTION('',(-0.,1.,1.110223024625E-16));
#10899 = DIRECTION('',(1.,0.,0.));
#10900 = PCURVE('',#10798,#10901);
#10901 = DEFINITIONAL_REPRESENTATION('',(#10902),#10906);
#10902 = LINE('',#10903,#10904);
#10903 = CARTESIAN_POINT('',(-0.,-0.25));
#10904 = VECTOR('',#10905,1.);
#10905 = DIRECTION('',(-1.,-0.));
#10906 = ( GEOMETRIC_REPRESENTATION_CONTEXT(2) 
PARAMETRIC_REPRESENTATION_CONTEXT() REPRESENTATION_CONTEXT('2D SPACE',''
  ) );
#10907 = PCURVE('',#10908,#10913);
#10908 = CONICAL_SURFACE('',#10909,7.227,0.311878493701);
#10909 = AXIS2_PLACEMENT_3D('',#10910,#10911,#10912);
#10910 = CARTESIAN_POINT('',(0.,18.,1.998401444325E-15));
#10911 = DIRECTION('',(-0.,-1.,-1.110223024625E-16));
#10912 = DIRECTION('',(1.,0.,0.));
#10913 = DEFINITIONAL_REPRESENTATION('',(#10914),#10918);
#10914 = LINE('',#10915,#10916);
#10915 = CARTESIAN_POINT('',(-0.,-0.));
#10916 = VECTOR('',#10917,1.);
#10917 = DIRECTION('',(-1.,-0.));
#10918 = ( GEOMETRIC_REPRESENTATION_CONTEXT(2) 
PARAMETRIC_REPRESENTATION_CONTEXT() REPRESENTATION_CONTEXT('2D SPACE',''
  ) );
#10919 = ORIENTED_EDGE('',*,*,#10870,.F.);
#10920 = ADVANCED_FACE('',(#10921),#10853,.T.);
#10921 = FACE_BOUND('',#10922,.T.);
#10922 = EDGE_LOOP('',(#10923,#10924,#10947,#10974));
#10923 = ORIENTED_EDGE('',*,*,#10838,.T.);
#10924 = ORIENTED_EDGE('',*,*,#10925,.T.);
#10925 = EDGE_CURVE('',#10816,#10926,#10928,.T.);
#10926 = VERTEX_POINT('',#10927);
#10927 = CARTESIAN_POINT('',(7.1323,0.,18.25));
#10928 = SEAM_CURVE('',#10929,(#10933,#10940),.PCURVE_S1.);
#10929 = LINE('',#10930,#10931);
#10930 = CARTESIAN_POINT('',(7.2069,0.,18.));
#10931 = VECTOR('',#10932,1.);
#10932 = DIRECTION('',(-0.285940974277,0.,0.958247232832));
#10933 = PCURVE('',#10853,#10934);
#10934 = DEFINITIONAL_REPRESENTATION('',(#10935),#10939);
#10935 = LINE('',#10936,#10937);
#10936 = CARTESIAN_POINT('',(-0.,-0.));
#10937 = VECTOR('',#10938,1.);
#10938 = DIRECTION('',(-0.,-1.));
#10939 = ( GEOMETRIC_REPRESENTATION_CONTEXT(2) 
PARAMETRIC_REPRESENTATION_CONTEXT() REPRESENTATION_CONTEXT('2D SPACE',''
  ) );
#10940 = PCURVE('',#10853,#10941);
#10941 = DEFINITIONAL_REPRESENTATION('',(#10942),#10946);
#10942 = LINE('',#10943,#10944);
#10943 = CARTESIAN_POINT('',(-6.28318530718,-0.));
#10944 = VECTOR('',#10945,1.);
#10945 = DIRECTION('',(-0.,-1.));
#10946 = ( GEOMETRIC_REPRESENTATION_CONTEXT(2) 
PARAMETRIC_REPRESENTATION_CONTEXT() REPRESENTATION_CONTEXT('2D SPACE',''
  ) );
#10947 = ORIENTED_EDGE('',*,*,#10948,.F.);
#10948 = EDGE_CURVE('',#10926,#10926,#10949,.T.);
#10949 = SURFACE_CURVE('',#10950,(#10955,#10962),.PCURVE_S1.);
#10950 = CIRCLE('',#10951,7.1323);
#10951 = AXIS2_PLACEMENT_3D('',#10952,#10953,#10954);
#10952 = CARTESIAN_POINT('',(0.,0.,18.25));
#10953 = DIRECTION('',(0.,0.,1.));
#10954 = DIRECTION('',(1.,0.,-0.));
#10955 = PCURVE('',#10853,#10956);
#10956 = DEFINITIONAL_REPRESENTATION('',(#10957),#10961);
#10957 = LINE('',#10958,#10959);
#10958 = CARTESIAN_POINT('',(-0.,-0.25));
#10959 = VECTOR('',#10960,1.);
#10960 = DIRECTION('',(-1.,-0.));
#10961 = ( GEOMETRIC_REPRESENTATION_CONTEXT(2) 
PARAMETRIC_REPRESENTATION_CONTEXT() REPRESENTATION_CONTEXT('2D SPACE',''
  ) );
#10962 = PCURVE('',#10963,#10968);
#10963 = CONICAL_SURFACE('',#10964,7.1323,0.675715790813);
#10964 = AXIS2_PLACEMENT_3D('',#10965,#10966,#10967);
#10965 = CARTESIAN_POINT('',(0.,0.,18.25));
#10966 = DIRECTION('',(-0.,-0.,-1.));
#10967 = DIRECTION('',(1.,0.,-0.));
#10968 = DEFINITIONAL_REPRESENTATION('',(#10969),#10973);
#10969 = LINE('',#10970,#10971);
#10970 = CARTESIAN_POINT('',(-0.,-0.));
#10971 = VECTOR('',#10972,1.);
#10972 = DIRECTION('',(-1.,-0.));
#10973 = ( GEOMETRIC_REPRESENTATION_CONTEXT(2) 
PARAMETRIC_REPRESENTATION_CONTEXT() REPRESENTATION_CONTEXT('2D SPACE',''
  ) );
#10974 = ORIENTED_EDGE('',*,*,#10925,.F.);
#10975 = ADVANCED_FACE('',(#10976),#10908,.T.);
#10976 = FACE_BOUND('',#10977,.T.);
#10977 = EDGE_LOOP('',(#10978,#10979,#11002,#11029));
#10978 = ORIENTED_EDGE('',*,*,#10893,.T.);
#10979 = ORIENTED_EDGE('',*,*,#10980,.T.);
#10980 = EDGE_CURVE('',#10871,#10981,#10983,.T.);
#10981 = VERTEX_POINT('',#10982);
#10982 = CARTESIAN_POINT('',(7.1464,18.25,2.026157019941E-15));
#10983 = SEAM_CURVE('',#10984,(#10988,#10995),.PCURVE_S1.);
#10984 = LINE('',#10985,#10986);
#10985 = CARTESIAN_POINT('',(7.227,18.,1.998401444325E-15));
#10986 = VECTOR('',#10987,1.);
#10987 = DIRECTION('',(-0.306847049767,0.951758839228,1.056664577202E-16
    ));
#10988 = PCURVE('',#10908,#10989);
#10989 = DEFINITIONAL_REPRESENTATION('',(#10990),#10994);
#10990 = LINE('',#10991,#10992);
#10991 = CARTESIAN_POINT('',(-0.,-0.));
#10992 = VECTOR('',#10993,1.);
#10993 = DIRECTION('',(-0.,-1.));
#10994 = ( GEOMETRIC_REPRESENTATION_CONTEXT(2) 
PARAMETRIC_REPRESENTATION_CONTEXT() REPRESENTATION_CONTEXT('2D SPACE',''
  ) );
#10995 = PCURVE('',#10908,#10996);
#10996 = DEFINITIONAL_REPRESENTATION('',(#10997),#11001);
#10997 = LINE('',#10998,#10999);
#10998 = CARTESIAN_POINT('',(-6.28318530718,-0.));
#10999 = VECTOR('',#11000,1.);
#11000 = DIRECTION('',(-0.,-1.));
#11001 = ( GEOMETRIC_REPRESENTATION_CONTEXT(2) 
PARAMETRIC_REPRESENTATION_CONTEXT() REPRESENTATION_CONTEXT('2D SPACE',''
  ) );
#11002 = ORIENTED_EDGE('',*,*,#11003,.F.);
#11003 = EDGE_CURVE('',#10981,#10981,#11004,.T.);
#11004 = SURFACE_CURVE('',#11005,(#11010,#11017),.PCURVE_S1.);
#11005 = CIRCLE('',#11006,7.1464);
#11006 = AXIS2_PLACEMENT_3D('',#11007,#11008,#11009);
#11007 = CARTESIAN_POINT('',(0.,18.25,2.026157019941E-15));
#11008 = DIRECTION('',(-0.,1.,1.110223024625E-16));
#11009 = DIRECTION('',(1.,0.,0.));
#11010 = PCURVE('',#10908,#11011);
#11011 = DEFINITIONAL_REPRESENTATION('',(#11012),#11016);
#11012 = LINE('',#11013,#11014);
#11013 = CARTESIAN_POINT('',(-0.,-0.25));
#11014 = VECTOR('',#11015,1.);
#11015 = DIRECTION('',(-1.,-0.));
#11016 = ( GEOMETRIC_REPRESENTATION_CONTEXT(2) 
PARAMETRIC_REPRESENTATION_CONTEXT() REPRESENTATION_CONTEXT('2D SPACE',''
  ) );
#11017 = PCURVE('',#11018,#11023);
#11018 = CONICAL_SURFACE('',#11019,7.1464,0.690156949639);
#11019 = AXIS2_PLACEMENT_3D('',#11020,#11021,#11022);
#11020 = CARTESIAN_POINT('',(0.,18.25,2.026157019941E-15));
#11021 = DIRECTION('',(-0.,-1.,-1.110223024625E-16));
#11022 = DIRECTION('',(1.,0.,0.));
#11023 = DEFINITIONAL_REPRESENTATION('',(#11024),#11028);
#11024 = LINE('',#11025,#11026);
#11025 = CARTESIAN_POINT('',(-0.,-0.));
#11026 = VECTOR('',#11027,1.);
#11027 = DIRECTION('',(-1.,-0.));
#11028 = ( GEOMETRIC_REPRESENTATION_CONTEXT(2) 
PARAMETRIC_REPRESENTATION_CONTEXT() REPRESENTATION_CONTEXT('2D SPACE',''
  ) );
#11029 = ORIENTED_EDGE('',*,*,#10980,.F.);
#11030 = ADVANCED_FACE('',(#11031),#10963,.T.);
#11031 = FACE_BOUND('',#11032,.T.);
#11032 = EDGE_LOOP('',(#11033,#11034,#11057,#11084));
#11033 = ORIENTED_EDGE('',*,*,#10948,.T.);
#11034 = ORIENTED_EDGE('',*,*,#11035,.T.);
#11035 = EDGE_CURVE('',#10926,#11036,#11038,.T.);
#11036 = VERTEX_POINT('',#11037);
#11037 = CARTESIAN_POINT('',(6.9319,0.,18.5));
#11038 = SEAM_CURVE('',#11039,(#11043,#11050),.PCURVE_S1.);
#11039 = LINE('',#11040,#11041);
#11040 = CARTESIAN_POINT('',(7.1323,0.,18.25));
#11041 = VECTOR('',#11042,1.);
#11042 = DIRECTION('',(-0.625455979458,0.,0.780259455412));
#11043 = PCURVE('',#10963,#11044);
#11044 = DEFINITIONAL_REPRESENTATION('',(#11045),#11049);
#11045 = LINE('',#11046,#11047);
#11046 = CARTESIAN_POINT('',(-0.,-0.));
#11047 = VECTOR('',#11048,1.);
#11048 = DIRECTION('',(-0.,-1.));
#11049 = ( GEOMETRIC_REPRESENTATION_CONTEXT(2) 
PARAMETRIC_REPRESENTATION_CONTEXT() REPRESENTATION_CONTEXT('2D SPACE',''
  ) );
#11050 = PCURVE('',#10963,#11051);
#11051 = DEFINITIONAL_REPRESENTATION('',(#11052),#11056);
#11052 = LINE('',#11053,#11054);
#11053 = CARTESIAN_POINT('',(-6.28318530718,-0.));
#11054 = VECTOR('',#11055,1.);
#11055 = DIRECTION('',(-0.,-1.));
#11056 = ( GEOMETRIC_REPRESENTATION_CONTEXT(2) 
PARAMETRIC_REPRESENTATION_CONTEXT() REPRESENTATION_CONTEXT('2D SPACE',''
  ) );
#11057 = ORIENTED_EDGE('',*,*,#11058,.F.);
#11058 = EDGE_CURVE('',#11036,#11036,#11059,.T.);
#11059 = SURFACE_CURVE('',#11060,(#11065,#11072),.PCURVE_S1.);
#11060 = CIRCLE('',#11061,6.9319);
#11061 = AXIS2_PLACEMENT_3D('',#11062,#11063,#11064);
#11062 = CARTESIAN_POINT('',(0.,0.,18.5));
#11063 = DIRECTION('',(0.,0.,1.));
#11064 = DIRECTION('',(1.,0.,-0.));
#11065 = PCURVE('',#10963,#11066);
#11066 = DEFINITIONAL_REPRESENTATION('',(#11067),#11071);
#11067 = LINE('',#11068,#11069);
#11068 = CARTESIAN_POINT('',(-0.,-0.25));
#11069 = VECTOR('',#11070,1.);
#11070 = DIRECTION('',(-1.,-0.));
#11071 = ( GEOMETRIC_REPRESENTATION_CONTEXT(2) 
PARAMETRIC_REPRESENTATION_CONTEXT() REPRESENTATION_CONTEXT('2D SPACE',''
  ) );
#11072 = PCURVE('',#11073,#11078);
#11073 = CONICAL_SURFACE('',#11074,6.9319,1.112295149001);
#11074 = AXIS2_PLACEMENT_3D('',#11075,#11076,#11077);
#11075 = CARTESIAN_POINT('',(0.,0.,18.5));
#11076 = DIRECTION('',(-0.,-0.,-1.));
#11077 = DIRECTION('',(1.,0.,-0.));
#11078 = DEFINITIONAL_REPRESENTATION('',(#11079),#11083);
#11079 = LINE('',#11080,#11081);
#11080 = CARTESIAN_POINT('',(-0.,-0.));
#11081 = VECTOR('',#11082,1.);
#11082 = DIRECTION('',(-1.,-0.));
#11083 = ( GEOMETRIC_REPRESENTATION_CONTEXT(2) 
PARAMETRIC_REPRESENTATION_CONTEXT() REPRESENTATION_CONTEXT('2D SPACE',''
  ) );
#11084 = ORIENTED_EDGE('',*,*,#11035,.F.);
#11085 = ADVANCED_FACE('',(#11086),#11018,.T.);
#11086 = FACE_BOUND('',#11087,.T.);
#11087 = EDGE_LOOP('',(#11088,#11089,#11112,#11139));
#11088 = ORIENTED_EDGE('',*,*,#11003,.T.);
#11089 = ORIENTED_EDGE('',*,*,#11090,.T.);
#11090 = EDGE_CURVE('',#10981,#11091,#11093,.T.);
#11091 = VERTEX_POINT('',#11092);
#11092 = CARTESIAN_POINT('',(6.94,18.5,2.053912595557E-15));
#11093 = SEAM_CURVE('',#11094,(#11098,#11105),.PCURVE_S1.);
#11094 = LINE('',#11095,#11096);
#11095 = CARTESIAN_POINT('',(7.1464,18.25,2.026157019941E-15));
#11096 = VECTOR('',#11097,1.);
#11097 = DIRECTION('',(-0.636658221165,0.771146101217,8.561441569215E-17
    ));
#11098 = PCURVE('',#11018,#11099);
#11099 = DEFINITIONAL_REPRESENTATION('',(#11100),#11104);
#11100 = LINE('',#11101,#11102);
#11101 = CARTESIAN_POINT('',(-0.,-0.));
#11102 = VECTOR('',#11103,1.);
#11103 = DIRECTION('',(-0.,-1.));
#11104 = ( GEOMETRIC_REPRESENTATION_CONTEXT(2) 
PARAMETRIC_REPRESENTATION_CONTEXT() REPRESENTATION_CONTEXT('2D SPACE',''
  ) );
#11105 = PCURVE('',#11018,#11106);
#11106 = DEFINITIONAL_REPRESENTATION('',(#11107),#11111);
#11107 = LINE('',#11108,#11109);
#11108 = CARTESIAN_POINT('',(-6.28318530718,-0.));
#11109 = VECTOR('',#11110,1.);
#11110 = DIRECTION('',(-0.,-1.));
#11111 = ( GEOMETRIC_REPRESENTATION_CONTEXT(2) 
PARAMETRIC_REPRESENTATION_CONTEXT() REPRESENTATION_CONTEXT('2D SPACE',''
  ) );
#11112 = ORIENTED_EDGE('',*,*,#11113,.F.);
#11113 = EDGE_CURVE('',#11091,#11091,#11114,.T.);
#11114 = SURFACE_CURVE('',#11115,(#11120,#11127),.PCURVE_S1.);
#11115 = CIRCLE('',#11116,6.94);
#11116 = AXIS2_PLACEMENT_3D('',#11117,#11118,#11119);
#11117 = CARTESIAN_POINT('',(0.,18.5,2.053912595557E-15));
#11118 = DIRECTION('',(-0.,1.,1.110223024625E-16));
#11119 = DIRECTION('',(1.,0.,0.));
#11120 = PCURVE('',#11018,#11121);
#11121 = DEFINITIONAL_REPRESENTATION('',(#11122),#11126);
#11122 = LINE('',#11123,#11124);
#11123 = CARTESIAN_POINT('',(-0.,-0.25));
#11124 = VECTOR('',#11125,1.);
#11125 = DIRECTION('',(-1.,-0.));
#11126 = ( GEOMETRIC_REPRESENTATION_CONTEXT(2) 
PARAMETRIC_REPRESENTATION_CONTEXT() REPRESENTATION_CONTEXT('2D SPACE',''
  ) );
#11127 = PCURVE('',#11128,#11133);
#11128 = CONICAL_SURFACE('',#11129,6.94,1.116952325273);
#11129 = AXIS2_PLACEMENT_3D('',#11130,#11131,#11132);
#11130 = CARTESIAN_POINT('',(0.,18.5,2.053912595557E-15));
#11131 = DIRECTION('',(-0.,-1.,-1.110223024625E-16));
#11132 = DIRECTION('',(1.,0.,0.));
#11133 = DEFINITIONAL_REPRESENTATION('',(#11134),#11138);
#11134 = LINE('',#11135,#11136);
#11135 = CARTESIAN_POINT('',(-0.,-0.));
#11136 = VECTOR('',#11137,1.);
#11137 = DIRECTION('',(-1.,-0.));
#11138 = ( GEOMETRIC_REPRESENTATION_CONTEXT(2) 
PARAMETRIC_REPRESENTATION_CONTEXT() REPRESENTATION_CONTEXT('2D SPACE',''
  ) );
#11139 = ORIENTED_EDGE('',*,*,#11090,.F.);
#11140 = ADVANCED_FACE('',(#11141),#11073,.T.);
#11141 = FACE_BOUND('',#11142,.T.);
#11142 = EDGE_LOOP('',(#11143,#11144,#11167,#11194));
#11143 = ORIENTED_EDGE('',*,*,#11058,.T.);
#11144 = ORIENTED_EDGE('',*,*,#11145,.T.);
#11145 = EDGE_CURVE('',#11036,#11146,#11148,.T.);
#11146 = VERTEX_POINT('',#11147);
#11147 = CARTESIAN_POINT('',(6.5267,0.,18.7));
#11148 = SEAM_CURVE('',#11149,(#11153,#11160),.PCURVE_S1.);
#11149 = LINE('',#11150,#11151);
#11150 = CARTESIAN_POINT('',(6.9319,0.,18.5));
#11151 = VECTOR('',#11152,1.);
#11152 = DIRECTION('',(-0.896716890081,0.,0.44260458543));
#11153 = PCURVE('',#11073,#11154);
#11154 = DEFINITIONAL_REPRESENTATION('',(#11155),#11159);
#11155 = LINE('',#11156,#11157);
#11156 = CARTESIAN_POINT('',(-0.,-0.));
#11157 = VECTOR('',#11158,1.);
#11158 = DIRECTION('',(-0.,-1.));
#11159 = ( GEOMETRIC_REPRESENTATION_CONTEXT(2) 
PARAMETRIC_REPRESENTATION_CONTEXT() REPRESENTATION_CONTEXT('2D SPACE',''
  ) );
#11160 = PCURVE('',#11073,#11161);
#11161 = DEFINITIONAL_REPRESENTATION('',(#11162),#11166);
#11162 = LINE('',#11163,#11164);
#11163 = CARTESIAN_POINT('',(-6.28318530718,-0.));
#11164 = VECTOR('',#11165,1.);
#11165 = DIRECTION('',(-0.,-1.));
#11166 = ( GEOMETRIC_REPRESENTATION_CONTEXT(2) 
PARAMETRIC_REPRESENTATION_CONTEXT() REPRESENTATION_CONTEXT('2D SPACE',''
  ) );
#11167 = ORIENTED_EDGE('',*,*,#11168,.F.);
#11168 = EDGE_CURVE('',#11146,#11146,#11169,.T.);
#11169 = SURFACE_CURVE('',#11170,(#11175,#11182),.PCURVE_S1.);
#11170 = CIRCLE('',#11171,6.5267);
#11171 = AXIS2_PLACEMENT_3D('',#11172,#11173,#11174);
#11172 = CARTESIAN_POINT('',(0.,0.,18.7));
#11173 = DIRECTION('',(0.,0.,1.));
#11174 = DIRECTION('',(1.,0.,-0.));
#11175 = PCURVE('',#11073,#11176);
#11176 = DEFINITIONAL_REPRESENTATION('',(#11177),#11181);
#11177 = LINE('',#11178,#11179);
#11178 = CARTESIAN_POINT('',(-0.,-0.2));
#11179 = VECTOR('',#11180,1.);
#11180 = DIRECTION('',(-1.,-0.));
#11181 = ( GEOMETRIC_REPRESENTATION_CONTEXT(2) 
PARAMETRIC_REPRESENTATION_CONTEXT() REPRESENTATION_CONTEXT('2D SPACE',''
  ) );
#11182 = PCURVE('',#11183,#11188);
#11183 = CONICAL_SURFACE('',#11184,6.5267,1.28526699342);
#11184 = AXIS2_PLACEMENT_3D('',#11185,#11186,#11187);
#11185 = CARTESIAN_POINT('',(0.,0.,18.7));
#11186 = DIRECTION('',(-0.,-0.,-1.));
#11187 = DIRECTION('',(1.,0.,-0.));
#11188 = DEFINITIONAL_REPRESENTATION('',(#11189),#11193);
#11189 = LINE('',#11190,#11191);
#11190 = CARTESIAN_POINT('',(-0.,-0.));
#11191 = VECTOR('',#11192,1.);
#11192 = DIRECTION('',(-1.,-0.));
#11193 = ( GEOMETRIC_REPRESENTATION_CONTEXT(2) 
PARAMETRIC_REPRESENTATION_CONTEXT() REPRESENTATION_CONTEXT('2D SPACE',''
  ) );
#11194 = ORIENTED_EDGE('',*,*,#11145,.F.);
#11195 = ADVANCED_FACE('',(#11196),#11128,.T.);
#11196 = FACE_BOUND('',#11197,.T.);
#11197 = EDGE_LOOP('',(#11198,#11199,#11222,#11249));
#11198 = ORIENTED_EDGE('',*,*,#11113,.T.);
#11199 = ORIENTED_EDGE('',*,*,#11200,.T.);
#11200 = EDGE_CURVE('',#11091,#11201,#11203,.T.);
#11201 = VERTEX_POINT('',#11202);
#11202 = CARTESIAN_POINT('',(6.53,18.7,2.076117056049E-15));
#11203 = SEAM_CURVE('',#11204,(#11208,#11215),.PCURVE_S1.);
#11204 = LINE('',#11205,#11206);
#11205 = CARTESIAN_POINT('',(6.94,18.5,2.053912595557E-15));
#11206 = VECTOR('',#11207,1.);
#11207 = DIRECTION('',(-0.898768445644,0.438423632021,4.8674801081E-17)
  );
#11208 = PCURVE('',#11128,#11209);
#11209 = DEFINITIONAL_REPRESENTATION('',(#11210),#11214);
#11210 = LINE('',#11211,#11212);
#11211 = CARTESIAN_POINT('',(-0.,-0.));
#11212 = VECTOR('',#11213,1.);
#11213 = DIRECTION('',(-0.,-1.));
#11214 = ( GEOMETRIC_REPRESENTATION_CONTEXT(2) 
PARAMETRIC_REPRESENTATION_CONTEXT() REPRESENTATION_CONTEXT('2D SPACE',''
  ) );
#11215 = PCURVE('',#11128,#11216);
#11216 = DEFINITIONAL_REPRESENTATION('',(#11217),#11221);
#11217 = LINE('',#11218,#11219);
#11218 = CARTESIAN_POINT('',(-6.28318530718,-0.));
#11219 = VECTOR('',#11220,1.);
#11220 = DIRECTION('',(-0.,-1.));
#11221 = ( GEOMETRIC_REPRESENTATION_CONTEXT(2) 
PARAMETRIC_REPRESENTATION_CONTEXT() REPRESENTATION_CONTEXT('2D SPACE',''
  ) );
#11222 = ORIENTED_EDGE('',*,*,#11223,.F.);
#11223 = EDGE_CURVE('',#11201,#11201,#11224,.T.);
#11224 = SURFACE_CURVE('',#11225,(#11230,#11237),.PCURVE_S1.);
#11225 = CIRCLE('',#11226,6.53);
#11226 = AXIS2_PLACEMENT_3D('',#11227,#11228,#11229);
#11227 = CARTESIAN_POINT('',(0.,18.7,2.076117056049E-15));
#11228 = DIRECTION('',(-0.,1.,1.110223024625E-16));
#11229 = DIRECTION('',(1.,0.,0.));
#11230 = PCURVE('',#11128,#11231);
#11231 = DEFINITIONAL_REPRESENTATION('',(#11232),#11236);
#11232 = LINE('',#11233,#11234);
#11233 = CARTESIAN_POINT('',(-0.,-0.2));
#11234 = VECTOR('',#11235,1.);
#11235 = DIRECTION('',(-1.,-0.));
#11236 = ( GEOMETRIC_REPRESENTATION_CONTEXT(2) 
PARAMETRIC_REPRESENTATION_CONTEXT() REPRESENTATION_CONTEXT('2D SPACE',''
  ) );
#11237 = PCURVE('',#11238,#11243);
#11238 = CONICAL_SURFACE('',#11239,6.53,1.287165629629);
#11239 = AXIS2_PLACEMENT_3D('',#11240,#11241,#11242);
#11240 = CARTESIAN_POINT('',(0.,18.7,2.076117056049E-15));
#11241 = DIRECTION('',(-0.,-1.,-1.110223024625E-16));
#11242 = DIRECTION('',(1.,0.,0.));
#11243 = DEFINITIONAL_REPRESENTATION('',(#11244),#11248);
#11244 = LINE('',#11245,#11246);
#11245 = CARTESIAN_POINT('',(-0.,-0.));
#11246 = VECTOR('',#11247,1.);
#11247 = DIRECTION('',(-1.,-0.));
#11248 = ( GEOMETRIC_REPRESENTATION_CONTEXT(2) 
PARAMETRIC_REPRESENTATION_CONTEXT() REPRESENTATION_CONTEXT('2D SPACE',''
  ) );
#11249 = ORIENTED_EDGE('',*,*,#11200,.F.);
#11250 = ADVANCED_FACE('',(#11251),#11183,.T.);
#11251 = FACE_BOUND('',#11252,.T.);
#11252 = EDGE_LOOP('',(#11253,#11254,#11277,#11304));
#11253 = ORIENTED_EDGE('',*,*,#11168,.T.);
#11254 = ORIENTED_EDGE('',*,*,#11255,.T.);
#11255 = EDGE_CURVE('',#11146,#11256,#11258,.T.);
#11256 = VERTEX_POINT('',#11257);
#11257 = CARTESIAN_POINT('',(6.06,0.,18.837));
#11258 = SEAM_CURVE('',#11259,(#11263,#11270),.PCURVE_S1.);
#11259 = LINE('',#11260,#11261);
#11260 = CARTESIAN_POINT('',(6.5267,0.,18.7));
#11261 = VECTOR('',#11262,1.);
#11262 = DIRECTION('',(-0.959512692196,0.,0.281665392824));
#11263 = PCURVE('',#11183,#11264);
#11264 = DEFINITIONAL_REPRESENTATION('',(#11265),#11269);
#11265 = LINE('',#11266,#11267);
#11266 = CARTESIAN_POINT('',(-0.,-0.));
#11267 = VECTOR('',#11268,1.);
#11268 = DIRECTION('',(-0.,-1.));
#11269 = ( GEOMETRIC_REPRESENTATION_CONTEXT(2) 
PARAMETRIC_REPRESENTATION_CONTEXT() REPRESENTATION_CONTEXT('2D SPACE',''
  ) );
#11270 = PCURVE('',#11183,#11271);
#11271 = DEFINITIONAL_REPRESENTATION('',(#11272),#11276);
#11272 = LINE('',#11273,#11274);
#11273 = CARTESIAN_POINT('',(-6.28318530718,-0.));
#11274 = VECTOR('',#11275,1.);
#11275 = DIRECTION('',(-0.,-1.));
#11276 = ( GEOMETRIC_REPRESENTATION_CONTEXT(2) 
PARAMETRIC_REPRESENTATION_CONTEXT() REPRESENTATION_CONTEXT('2D SPACE',''
  ) );
#11277 = ORIENTED_EDGE('',*,*,#11278,.F.);
#11278 = EDGE_CURVE('',#11256,#11256,#11279,.T.);
#11279 = SURFACE_CURVE('',#11280,(#11285,#11292),.PCURVE_S1.);
#11280 = CIRCLE('',#11281,6.06);
#11281 = AXIS2_PLACEMENT_3D('',#11282,#11283,#11284);
#11282 = CARTESIAN_POINT('',(0.,0.,18.837));
#11283 = DIRECTION('',(0.,0.,1.));
#11284 = DIRECTION('',(1.,0.,-0.));
#11285 = PCURVE('',#11183,#11286);
#11286 = DEFINITIONAL_REPRESENTATION('',(#11287),#11291);
#11287 = LINE('',#11288,#11289);
#11288 = CARTESIAN_POINT('',(-0.,-0.137));
#11289 = VECTOR('',#11290,1.);
#11290 = DIRECTION('',(-1.,-0.));
#11291 = ( GEOMETRIC_REPRESENTATION_CONTEXT(2) 
PARAMETRIC_REPRESENTATION_CONTEXT() REPRESENTATION_CONTEXT('2D SPACE',''
  ) );
#11292 = PCURVE('',#11293,#11298);
#11293 = PLANE('',#11294);
#11294 = AXIS2_PLACEMENT_3D('',#11295,#11296,#11297);
#11295 = CARTESIAN_POINT('',(0.,0.,18.837));
#11296 = DIRECTION('',(0.,0.,1.));
#11297 = DIRECTION('',(1.,0.,-0.));
#11298 = DEFINITIONAL_REPRESENTATION('',(#11299),#11303);
#11299 = CIRCLE('',#11300,6.06);
#11300 = AXIS2_PLACEMENT_2D('',#11301,#11302);
#11301 = CARTESIAN_POINT('',(0.,0.));
#11302 = DIRECTION('',(1.,0.));
#11303 = ( GEOMETRIC_REPRESENTATION_CONTEXT(2) 
PARAMETRIC_REPRESENTATION_CONTEXT() REPRESENTATION_CONTEXT('2D SPACE',''
  ) );
#11304 = ORIENTED_EDGE('',*,*,#11255,.F.);
#11305 = ADVANCED_FACE('',(#11306),#11238,.T.);
#11306 = FACE_BOUND('',#11307,.T.);
#11307 = EDGE_LOOP('',(#11308,#11309,#11332,#11359));
#11308 = ORIENTED_EDGE('',*,*,#11223,.T.);
#11309 = ORIENTED_EDGE('',*,*,#11310,.T.);
#11310 = EDGE_CURVE('',#11201,#11311,#11313,.T.);
#11311 = VERTEX_POINT('',#11312);
#11312 = CARTESIAN_POINT('',(6.06,18.837,2.091327111486E-15));
#11313 = SEAM_CURVE('',#11314,(#11318,#11325),.PCURVE_S1.);
#11314 = LINE('',#11315,#11316);
#11315 = CARTESIAN_POINT('',(6.53,18.7,2.076117056049E-15));
#11316 = VECTOR('',#11317,1.);
#11317 = DIRECTION('',(-0.960045742554,0.279843120702,3.106882758862E-17
    ));
#11318 = PCURVE('',#11238,#11319);
#11319 = DEFINITIONAL_REPRESENTATION('',(#11320),#11324);
#11320 = LINE('',#11321,#11322);
#11321 = CARTESIAN_POINT('',(-0.,-0.));
#11322 = VECTOR('',#11323,1.);
#11323 = DIRECTION('',(-0.,-1.));
#11324 = ( GEOMETRIC_REPRESENTATION_CONTEXT(2) 
PARAMETRIC_REPRESENTATION_CONTEXT() REPRESENTATION_CONTEXT('2D SPACE',''
  ) );
#11325 = PCURVE('',#11238,#11326);
#11326 = DEFINITIONAL_REPRESENTATION('',(#11327),#11331);
#11327 = LINE('',#11328,#11329);
#11328 = CARTESIAN_POINT('',(-6.28318530718,-0.));
#11329 = VECTOR('',#11330,1.);
#11330 = DIRECTION('',(-0.,-1.));
#11331 = ( GEOMETRIC_REPRESENTATION_CONTEXT(2) 
PARAMETRIC_REPRESENTATION_CONTEXT() REPRESENTATION_CONTEXT('2D SPACE',''
  ) );
#11332 = ORIENTED_EDGE('',*,*,#11333,.F.);
#11333 = EDGE_CURVE('',#11311,#11311,#11334,.T.);
#11334 = SURFACE_CURVE('',#11335,(#11340,#11347),.PCURVE_S1.);
#11335 = CIRCLE('',#11336,6.06);
#11336 = AXIS2_PLACEMENT_3D('',#11337,#11338,#11339);
#11337 = CARTESIAN_POINT('',(0.,18.837,2.091327111486E-15));
#11338 = DIRECTION('',(-0.,1.,1.110223024625E-16));
#11339 = DIRECTION('',(1.,0.,0.));
#11340 = PCURVE('',#11238,#11341);
#11341 = DEFINITIONAL_REPRESENTATION('',(#11342),#11346);
#11342 = LINE('',#11343,#11344);
#11343 = CARTESIAN_POINT('',(-0.,-0.137));
#11344 = VECTOR('',#11345,1.);
#11345 = DIRECTION('',(-1.,-0.));
#11346 = ( GEOMETRIC_REPRESENTATION_CONTEXT(2) 
PARAMETRIC_REPRESENTATION_CONTEXT() REPRESENTATION_CONTEXT('2D SPACE',''
  ) );
#11347 = PCURVE('',#11348,#11353);
#11348 = PLANE('',#11349);
#11349 = AXIS2_PLACEMENT_3D('',#11350,#11351,#11352);
#11350 = CARTESIAN_POINT('',(0.,18.837,2.091327111486E-15));
#11351 = DIRECTION('',(0.,1.,1.110223024625E-16));
#11352 = DIRECTION('',(1.,0.,0.));
#11353 = DEFINITIONAL_REPRESENTATION('',(#11354),#11358);
#11354 = CIRCLE('',#11355,6.06);
#11355 = AXIS2_PLACEMENT_2D('',#11356,#11357);
#11356 = CARTESIAN_POINT('',(0.,0.));
#11357 = DIRECTION('',(1.,0.));
#11358 = ( GEOMETRIC_REPRESENTATION_CONTEXT(2) 
PARAMETRIC_REPRESENTATION_CONTEXT() REPRESENTATION_CONTEXT('2D SPACE',''
  ) );
#11359 = ORIENTED_EDGE('',*,*,#11310,.F.);
#11360 = ADVANCED_FACE('',(#11361,#11364),#11293,.T.);
#11361 = FACE_BOUND('',#11362,.T.);
#11362 = EDGE_LOOP('',(#11363));
#11363 = ORIENTED_EDGE('',*,*,#11278,.T.);
#11364 = FACE_BOUND('',#11365,.T.);
#11365 = EDGE_LOOP('',(#11366));
#11366 = ORIENTED_EDGE('',*,*,#11367,.T.);
#11367 = EDGE_CURVE('',#11368,#11368,#11370,.T.);
#11368 = VERTEX_POINT('',#11369);
#11369 = CARTESIAN_POINT('',(3.175,0.,18.837));
#11370 = SURFACE_CURVE('',#11371,(#11376,#11387),.PCURVE_S1.);
#11371 = CIRCLE('',#11372,3.175);
#11372 = AXIS2_PLACEMENT_3D('',#11373,#11374,#11375);
#11373 = CARTESIAN_POINT('',(0.,0.,18.837));
#11374 = DIRECTION('',(0.,0.,-1.));
#11375 = DIRECTION('',(1.,0.,0.));
#11376 = PCURVE('',#11293,#11377);
#11377 = DEFINITIONAL_REPRESENTATION('',(#11378),#11386);
#11378 = ( BOUNDED_CURVE() B_SPLINE_CURVE(2,(#11379,#11380,#11381,#11382
    ,#11383,#11384,#11385),.UNSPECIFIED.,.T.,.F.) 
B_SPLINE_CURVE_WITH_KNOTS((1,2,2,2,2,1),(-2.094395102393,0.,
    2.094395102393,4.188790204786,6.28318530718,8.377580409573),
.UNSPECIFIED.) CURVE() GEOMETRIC_REPRESENTATION_ITEM() 
RATIONAL_B_SPLINE_CURVE((1.,0.5,1.,0.5,1.,0.5,1.)) REPRESENTATION_ITEM(
  '') );
#11379 = CARTESIAN_POINT('',(3.175,0.));
#11380 = CARTESIAN_POINT('',(3.175,-5.499261314031));
#11381 = CARTESIAN_POINT('',(-1.5875,-2.749630657016));
#11382 = CARTESIAN_POINT('',(-6.35,-7.776507174586E-16));
#11383 = CARTESIAN_POINT('',(-1.5875,2.749630657016));
#11384 = CARTESIAN_POINT('',(3.175,5.499261314031));
#11385 = CARTESIAN_POINT('',(3.175,0.));
#11386 = ( GEOMETRIC_REPRESENTATION_CONTEXT(2) 
PARAMETRIC_REPRESENTATION_CONTEXT() REPRESENTATION_CONTEXT('2D SPACE',''
  ) );
#11387 = PCURVE('',#11388,#11393);
#11388 = CYLINDRICAL_SURFACE('',#11389,3.175);
#11389 = AXIS2_PLACEMENT_3D('',#11390,#11391,#11392);
#11390 = CARTESIAN_POINT('',(0.,0.,0.));
#11391 = DIRECTION('',(-0.,-0.,-1.));
#11392 = DIRECTION('',(1.,0.,0.));
#11393 = DEFINITIONAL_REPRESENTATION('',(#11394),#11398);
#11394 = LINE('',#11395,#11396);
#11395 = CARTESIAN_POINT('',(-6.28318530718,-18.837));
#11396 = VECTOR('',#11397,1.);
#11397 = DIRECTION('',(1.,-0.));
#11398 = ( GEOMETRIC_REPRESENTATION_CONTEXT(2) 
PARAMETRIC_REPRESENTATION_CONTEXT() REPRESENTATION_CONTEXT('2D SPACE',''
  ) );
#11399 = ADVANCED_FACE('',(#11400,#11403),#11348,.T.);
#11400 = FACE_BOUND('',#11401,.T.);
#11401 = EDGE_LOOP('',(#11402));
#11402 = ORIENTED_EDGE('',*,*,#11333,.T.);
#11403 = FACE_BOUND('',#11404,.T.);
#11404 = EDGE_LOOP('',(#11405));
#11405 = ORIENTED_EDGE('',*,*,#11406,.T.);
#11406 = EDGE_CURVE('',#11407,#11407,#11409,.T.);
#11407 = VERTEX_POINT('',#11408);
#11408 = CARTESIAN_POINT('',(3.175,18.837,2.091327111486E-15));
#11409 = SURFACE_CURVE('',#11410,(#11415,#11426),.PCURVE_S1.);
#11410 = CIRCLE('',#11411,3.175);
#11411 = AXIS2_PLACEMENT_3D('',#11412,#11413,#11414);
#11412 = CARTESIAN_POINT('',(0.,18.837,2.091327111486E-15));
#11413 = DIRECTION('',(0.,-1.,-1.110223024625E-16));
#11414 = DIRECTION('',(1.,-0.,0.));
#11415 = PCURVE('',#11348,#11416);
#11416 = DEFINITIONAL_REPRESENTATION('',(#11417),#11425);
#11417 = ( BOUNDED_CURVE() B_SPLINE_CURVE(2,(#11418,#11419,#11420,#11421
    ,#11422,#11423,#11424),.UNSPECIFIED.,.T.,.F.) 
B_SPLINE_CURVE_WITH_KNOTS((1,2,2,2,2,1),(-2.094395102393,0.,
    2.094395102393,4.188790204786,6.28318530718,8.377580409573),
.UNSPECIFIED.) CURVE() GEOMETRIC_REPRESENTATION_ITEM() 
RATIONAL_B_SPLINE_CURVE((1.,0.5,1.,0.5,1.,0.5,1.)) REPRESENTATION_ITEM(
  '') );
#11418 = CARTESIAN_POINT('',(3.175,0.));
#11419 = CARTESIAN_POINT('',(3.175,-5.499261314031));
#11420 = CARTESIAN_POINT('',(-1.5875,-2.749630657016));
#11421 = CARTESIAN_POINT('',(-6.35,-7.776507174586E-16));
#11422 = CARTESIAN_POINT('',(-1.5875,2.749630657016));
#11423 = CARTESIAN_POINT('',(3.175,5.499261314031));
#11424 = CARTESIAN_POINT('',(3.175,0.));
#11425 = ( GEOMETRIC_REPRESENTATION_CONTEXT(2) 
PARAMETRIC_REPRESENTATION_CONTEXT() REPRESENTATION_CONTEXT('2D SPACE',''
  ) );
#11426 = PCURVE('',#11427,#11432);
#11427 = CYLINDRICAL_SURFACE('',#11428,3.175);
#11428 = AXIS2_PLACEMENT_3D('',#11429,#11430,#11431);
#11429 = CARTESIAN_POINT('',(0.,0.,0.));
#11430 = DIRECTION('',(-0.,-1.,-1.110223024625E-16));
#11431 = DIRECTION('',(1.,0.,0.));
#11432 = DEFINITIONAL_REPRESENTATION('',(#11433),#11437);
#11433 = LINE('',#11434,#11435);
#11434 = CARTESIAN_POINT('',(-6.28318530718,-18.837));
#11435 = VECTOR('',#11436,1.);
#11436 = DIRECTION('',(1.,-0.));
#11437 = ( GEOMETRIC_REPRESENTATION_CONTEXT(2) 
PARAMETRIC_REPRESENTATION_CONTEXT() REPRESENTATION_CONTEXT('2D SPACE',''
  ) );
#11438 = ADVANCED_FACE('',(#11439),#11388,.F.);
#11439 = FACE_BOUND('',#11440,.T.);
#11440 = EDGE_LOOP('',(#11441,#11493,#11514,#11515,#11516));
#11441 = ORIENTED_EDGE('',*,*,#11442,.F.);
#11442 = EDGE_CURVE('',#11443,#11445,#11447,.T.);
#11443 = VERTEX_POINT('',#11444);
#11444 = CARTESIAN_POINT('',(3.175,0.,0.));
#11445 = VERTEX_POINT('',#11446);
#11446 = CARTESIAN_POINT('',(-3.175,1.944126793647E-16,
    -8.056345743198E-14));
#11447 = SURFACE_CURVE('',#11448,(#11453,#11473),.PCURVE_S1.);
#11448 = ELLIPSE('',#11449,4.490128060535,3.175);
#11449 = AXIS2_PLACEMENT_3D('',#11450,#11451,#11452);
#11450 = CARTESIAN_POINT('',(0.,0.,0.));
#11451 = DIRECTION('',(0.,-0.707106781187,0.707106781187));
#11452 = DIRECTION('',(-0.,-0.707106781187,-0.707106781187));
#11453 = PCURVE('',#11388,#11454);
#11454 = DEFINITIONAL_REPRESENTATION('',(#11455),#11472);
#11455 = B_SPLINE_CURVE_WITH_KNOTS('',8,(#11456,#11457,#11458,#11459,
    #11460,#11461,#11462,#11463,#11464,#11465,#11466,#11467,#11468,
    #11469,#11470,#11471),.UNSPECIFIED.,.F.,.F.,(9,7,9),(1.57079613774,
    3.141592559023,4.712388980306),.UNSPECIFIED.);
#11456 = CARTESIAN_POINT('',(1.890551430961E-07,6.002500788195E-07));
#11457 = CARTESIAN_POINT('',(-0.196349363605,-0.623409229447));
#11458 = CARTESIAN_POINT('',(-0.392698916266,-1.246819233604));
#11459 = CARTESIAN_POINT('',(-0.589048468925,-1.83360418934));
#11460 = CARTESIAN_POINT('',(-0.785398021587,-2.347146212881));
#11461 = CARTESIAN_POINT('',(-0.981747574244,-2.75532207325));
#11462 = CARTESIAN_POINT('',(-1.178097126907,-3.035106901501));
#11463 = CARTESIAN_POINT('',(-1.374446679568,-3.174999941046));
#11464 = CARTESIAN_POINT('',(-1.767145784888,-3.175000058954));
#11465 = CARTESIAN_POINT('',(-1.963495337547,-3.035107137317));
#11466 = CARTESIAN_POINT('',(-2.159844890211,-2.755322420047));
#11467 = CARTESIAN_POINT('',(-2.356194442857,-2.347146656812));
#11468 = CARTESIAN_POINT('',(-2.552543995534,-1.833604710463));
#11469 = CARTESIAN_POINT('',(-2.748893548189,-1.246819807645));
#11470 = CARTESIAN_POINT('',(-2.945243100851,-0.623409829947));
#11471 = CARTESIAN_POINT('',(-3.141592653511,-2.500780308769E-10));
#11472 = ( GEOMETRIC_REPRESENTATION_CONTEXT(2) 
PARAMETRIC_REPRESENTATION_CONTEXT() REPRESENTATION_CONTEXT('2D SPACE',''
  ) );
#11473 = PCURVE('',#11427,#11474);
#11474 = DEFINITIONAL_REPRESENTATION('',(#11475),#11492);
#11475 = B_SPLINE_CURVE_WITH_KNOTS('',8,(#11476,#11477,#11478,#11479,
    #11480,#11481,#11482,#11483,#11484,#11485,#11486,#11487,#11488,
    #11489,#11490,#11491),.UNSPECIFIED.,.F.,.F.,(9,7,9),(1.57079613774,
    3.141592559023,4.712388980306),.UNSPECIFIED.);
#11476 = CARTESIAN_POINT('',(-6.283185496235,6.002500788195E-07));
#11477 = CARTESIAN_POINT('',(-6.086835943574,-0.623409229447));
#11478 = CARTESIAN_POINT('',(-5.890486390914,-1.246819233604));
#11479 = CARTESIAN_POINT('',(-5.694136838255,-1.83360418934));
#11480 = CARTESIAN_POINT('',(-5.497787285594,-2.347146212881));
#11481 = CARTESIAN_POINT('',(-5.301437732934,-2.75532207325));
#11482 = CARTESIAN_POINT('',(-5.105088180273,-3.035106901501));
#11483 = CARTESIAN_POINT('',(-4.908738627612,-3.174999941046));
#11484 = CARTESIAN_POINT('',(-4.516039522291,-3.175000058954));
#11485 = CARTESIAN_POINT('',(-4.319689969633,-3.035107137318));
#11486 = CARTESIAN_POINT('',(-4.123340416967,-2.755322420041));
#11487 = CARTESIAN_POINT('',(-3.926990864318,-2.347146656818));
#11488 = CARTESIAN_POINT('',(-3.730641311647,-1.833604710458));
#11489 = CARTESIAN_POINT('',(-3.534291758992,-1.246819807647));
#11490 = CARTESIAN_POINT('',(-3.337942206329,-0.623409829947));
#11491 = CARTESIAN_POINT('',(-3.141592653669,-2.500780308769E-10));
#11492 = ( GEOMETRIC_REPRESENTATION_CONTEXT(2) 
PARAMETRIC_REPRESENTATION_CONTEXT() REPRESENTATION_CONTEXT('2D SPACE',''
  ) );
#11493 = ORIENTED_EDGE('',*,*,#11494,.T.);
#11494 = EDGE_CURVE('',#11443,#11368,#11495,.T.);
#11495 = SEAM_CURVE('',#11496,(#11500,#11507),.PCURVE_S1.);
#11496 = LINE('',#11497,#11498);
#11497 = CARTESIAN_POINT('',(3.175,0.,0.));
#11498 = VECTOR('',#11499,1.);
#11499 = DIRECTION('',(0.,0.,1.));
#11500 = PCURVE('',#11388,#11501);
#11501 = DEFINITIONAL_REPRESENTATION('',(#11502),#11506);
#11502 = LINE('',#11503,#11504);
#11503 = CARTESIAN_POINT('',(-6.28318530718,0.));
#11504 = VECTOR('',#11505,1.);
#11505 = DIRECTION('',(-0.,-1.));
#11506 = ( GEOMETRIC_REPRESENTATION_CONTEXT(2) 
PARAMETRIC_REPRESENTATION_CONTEXT() REPRESENTATION_CONTEXT('2D SPACE',''
  ) );
#11507 = PCURVE('',#11388,#11508);
#11508 = DEFINITIONAL_REPRESENTATION('',(#11509),#11513);
#11509 = LINE('',#11510,#11511);
#11510 = CARTESIAN_POINT('',(-0.,0.));
#11511 = VECTOR('',#11512,1.);
#11512 = DIRECTION('',(-0.,-1.));
#11513 = ( GEOMETRIC_REPRESENTATION_CONTEXT(2) 
PARAMETRIC_REPRESENTATION_CONTEXT() REPRESENTATION_CONTEXT('2D SPACE',''
  ) );
#11514 = ORIENTED_EDGE('',*,*,#11367,.F.);
#11515 = ORIENTED_EDGE('',*,*,#11494,.F.);
#11516 = ORIENTED_EDGE('',*,*,#11517,.F.);
#11517 = EDGE_CURVE('',#11445,#11443,#11518,.T.);
#11518 = SURFACE_CURVE('',#11519,(#11524,#11531),.PCURVE_S1.);
#11519 = CIRCLE('',#11520,3.175);
#11520 = AXIS2_PLACEMENT_3D('',#11521,#11522,#11523);
#11521 = CARTESIAN_POINT('',(0.,0.,0.));
#11522 = DIRECTION('',(0.,0.,1.));
#11523 = DIRECTION('',(1.,0.,0.));
#11524 = PCURVE('',#11388,#11525);
#11525 = DEFINITIONAL_REPRESENTATION('',(#11526),#11530);
#11526 = LINE('',#11527,#11528);
#11527 = CARTESIAN_POINT('',(-0.,0.));
#11528 = VECTOR('',#11529,1.);
#11529 = DIRECTION('',(-1.,0.));
#11530 = ( GEOMETRIC_REPRESENTATION_CONTEXT(2) 
PARAMETRIC_REPRESENTATION_CONTEXT() REPRESENTATION_CONTEXT('2D SPACE',''
  ) );
#11531 = PCURVE('',#11532,#11537);
#11532 = PLANE('',#11533);
#11533 = AXIS2_PLACEMENT_3D('',#11534,#11535,#11536);
#11534 = CARTESIAN_POINT('',(-1.076724513811E-16,3.010813526145E-16,0.)
  );
#11535 = DIRECTION('',(0.,0.,1.));
#11536 = DIRECTION('',(1.,0.,-0.));
#11537 = DEFINITIONAL_REPRESENTATION('',(#11538),#11542);
#11538 = CIRCLE('',#11539,3.175);
#11539 = AXIS2_PLACEMENT_2D('',#11540,#11541);
#11540 = CARTESIAN_POINT('',(1.076724513811E-16,-3.010813526145E-16));
#11541 = DIRECTION('',(1.,0.));
#11542 = ( GEOMETRIC_REPRESENTATION_CONTEXT(2) 
PARAMETRIC_REPRESENTATION_CONTEXT() REPRESENTATION_CONTEXT('2D SPACE',''
  ) );
#11543 = ADVANCED_FACE('',(#11544),#11427,.F.);
#11544 = FACE_BOUND('',#11545,.T.);
#11545 = EDGE_LOOP('',(#11546,#11573,#11594,#11595,#11596));
#11546 = ORIENTED_EDGE('',*,*,#11547,.F.);
#11547 = EDGE_CURVE('',#11443,#11445,#11548,.T.);
#11548 = SURFACE_CURVE('',#11549,(#11554,#11561),.PCURVE_S1.);
#11549 = CIRCLE('',#11550,3.175);
#11550 = AXIS2_PLACEMENT_3D('',#11551,#11552,#11553);
#11551 = CARTESIAN_POINT('',(0.,0.,0.));
#11552 = DIRECTION('',(-0.,1.,1.110223024625E-16));
#11553 = DIRECTION('',(1.,0.,0.));
#11554 = PCURVE('',#11427,#11555);
#11555 = DEFINITIONAL_REPRESENTATION('',(#11556),#11560);
#11556 = LINE('',#11557,#11558);
#11557 = CARTESIAN_POINT('',(-0.,0.));
#11558 = VECTOR('',#11559,1.);
#11559 = DIRECTION('',(-1.,0.));
#11560 = ( GEOMETRIC_REPRESENTATION_CONTEXT(2) 
PARAMETRIC_REPRESENTATION_CONTEXT() REPRESENTATION_CONTEXT('2D SPACE',''
  ) );
#11561 = PCURVE('',#11562,#11567);
#11562 = PLANE('',#11563);
#11563 = AXIS2_PLACEMENT_3D('',#11564,#11565,#11566);
#11564 = CARTESIAN_POINT('',(-1.076724513811E-16,3.342674499579E-32,
    -3.010813526145E-16));
#11565 = DIRECTION('',(0.,1.,1.110223024625E-16));
#11566 = DIRECTION('',(1.,0.,0.));
#11567 = DEFINITIONAL_REPRESENTATION('',(#11568),#11572);
#11568 = CIRCLE('',#11569,3.175);
#11569 = AXIS2_PLACEMENT_2D('',#11570,#11571);
#11570 = CARTESIAN_POINT('',(1.076724513811E-16,-3.010813526145E-16));
#11571 = DIRECTION('',(1.,0.));
#11572 = ( GEOMETRIC_REPRESENTATION_CONTEXT(2) 
PARAMETRIC_REPRESENTATION_CONTEXT() REPRESENTATION_CONTEXT('2D SPACE',''
  ) );
#11573 = ORIENTED_EDGE('',*,*,#11574,.T.);
#11574 = EDGE_CURVE('',#11443,#11407,#11575,.T.);
#11575 = SEAM_CURVE('',#11576,(#11580,#11587),.PCURVE_S1.);
#11576 = LINE('',#11577,#11578);
#11577 = CARTESIAN_POINT('',(3.175,0.,0.));
#11578 = VECTOR('',#11579,1.);
#11579 = DIRECTION('',(0.,1.,1.110223024625E-16));
#11580 = PCURVE('',#11427,#11581);
#11581 = DEFINITIONAL_REPRESENTATION('',(#11582),#11586);
#11582 = LINE('',#11583,#11584);
#11583 = CARTESIAN_POINT('',(-6.28318530718,0.));
#11584 = VECTOR('',#11585,1.);
#11585 = DIRECTION('',(-0.,-1.));
#11586 = ( GEOMETRIC_REPRESENTATION_CONTEXT(2) 
PARAMETRIC_REPRESENTATION_CONTEXT() REPRESENTATION_CONTEXT('2D SPACE',''
  ) );
#11587 = PCURVE('',#11427,#11588);
#11588 = DEFINITIONAL_REPRESENTATION('',(#11589),#11593);
#11589 = LINE('',#11590,#11591);
#11590 = CARTESIAN_POINT('',(-0.,0.));
#11591 = VECTOR('',#11592,1.);
#11592 = DIRECTION('',(-0.,-1.));
#11593 = ( GEOMETRIC_REPRESENTATION_CONTEXT(2) 
PARAMETRIC_REPRESENTATION_CONTEXT() REPRESENTATION_CONTEXT('2D SPACE',''
  ) );
#11594 = ORIENTED_EDGE('',*,*,#11406,.F.);
#11595 = ORIENTED_EDGE('',*,*,#11574,.F.);
#11596 = ORIENTED_EDGE('',*,*,#11442,.T.);
#11597 = ADVANCED_FACE('',(#11598),#11532,.T.);
#11598 = FACE_BOUND('',#11599,.T.);
#11599 = EDGE_LOOP('',(#11600,#11601));
#11600 = ORIENTED_EDGE('',*,*,#11517,.T.);
#11601 = ORIENTED_EDGE('',*,*,#11602,.F.);
#11602 = EDGE_CURVE('',#11445,#11443,#11603,.T.);
#11603 = SURFACE_CURVE('',#11604,(#11608,#11614),.PCURVE_S1.);
#11604 = LINE('',#11605,#11606);
#11605 = CARTESIAN_POINT('',(-1.076724513811E-16,0.,0.));
#11606 = VECTOR('',#11607,1.);
#11607 = DIRECTION('',(1.,0.,0.));
#11608 = PCURVE('',#11532,#11609);
#11609 = DEFINITIONAL_REPRESENTATION('',(#11610),#11613);
#11610 = B_SPLINE_CURVE_WITH_KNOTS('',1,(#11611,#11612),.UNSPECIFIED.,
  .F.,.F.,(2,2),(-3.175,3.175),.PIECEWISE_BEZIER_KNOTS.);
#11611 = CARTESIAN_POINT('',(-3.175,-3.010813526145E-16));
#11612 = CARTESIAN_POINT('',(3.175,-3.010813526145E-16));
#11613 = ( GEOMETRIC_REPRESENTATION_CONTEXT(2) 
PARAMETRIC_REPRESENTATION_CONTEXT() REPRESENTATION_CONTEXT('2D SPACE',''
  ) );
#11614 = PCURVE('',#11562,#11615);
#11615 = DEFINITIONAL_REPRESENTATION('',(#11616),#11619);
#11616 = B_SPLINE_CURVE_WITH_KNOTS('',1,(#11617,#11618),.UNSPECIFIED.,
  .F.,.F.,(2,2),(-3.175,3.175),.PIECEWISE_BEZIER_KNOTS.);
#11617 = CARTESIAN_POINT('',(-3.175,-3.010813526145E-16));
#11618 = CARTESIAN_POINT('',(3.175,-3.010813526145E-16));
#11619 = ( GEOMETRIC_REPRESENTATION_CONTEXT(2) 
PARAMETRIC_REPRESENTATION_CONTEXT() REPRESENTATION_CONTEXT('2D SPACE',''
  ) );
#11620 = ADVANCED_FACE('',(#11621),#11562,.T.);
#11621 = FACE_BOUND('',#11622,.T.);
#11622 = EDGE_LOOP('',(#11623,#11624));
#11623 = ORIENTED_EDGE('',*,*,#11602,.T.);
#11624 = ORIENTED_EDGE('',*,*,#11547,.T.);
#11625 = ( GEOMETRIC_REPRESENTATION_CONTEXT(3) 
GLOBAL_UNCERTAINTY_ASSIGNED_CONTEXT((#11629)) 
GLOBAL_UNIT_ASSIGNED_CONTEXT((#11626,#11627,#11628)) 
REPRESENTATION_CONTEXT('Context #1',
  '3D Context with UNIT and UNCERTAINTY') );
#11626 = ( LENGTH_UNIT() NAMED_UNIT(*) SI_UNIT(.MILLI.,.METRE.) );
#11627 = ( NAMED_UNIT(*) PLANE_ANGLE_UNIT() SI_UNIT($,.RADIAN.) );
#11628 = ( NAMED_UNIT(*) SI_UNIT($,.STERADIAN.) SOLID_ANGLE_UNIT() );
#11629 = UNCERTAINTY_MEASURE_WITH_UNIT(LENGTH_MEASURE(1.E-07),#11626,
  'distance_accuracy_value','confusion accuracy');
#11630 = CONTEXT_DEPENDENT_SHAPE_REPRESENTATION(#11631,#11633);
#11631 = ( REPRESENTATION_RELATIONSHIP('','',#40,#10) 
REPRESENTATION_RELATIONSHIP_WITH_TRANSFORMATION(#11632) 
SHAPE_REPRESENTATION_RELATIONSHIP() );
#11632 = ITEM_DEFINED_TRANSFORMATION('','',#11,#15);
#11633 = PRODUCT_DEFINITION_SHAPE('Placement','Placement of an item',
  #11634);
#11634 = NEXT_ASSEMBLY_USAGE_OCCURRENCE('1','fixed_body','',#5,#35,$);
#11635 = PRODUCT_RELATED_PRODUCT_CATEGORY('part',$,(#37));
#11636 = SHAPE_DEFINITION_REPRESENTATION(#11637,#11643);
#11637 = PRODUCT_DEFINITION_SHAPE('','',#11638);
#11638 = PRODUCT_DEFINITION('design','',#11639,#11642);
#11639 = PRODUCT_DEFINITION_FORMATION('','',#11640);
#11640 = PRODUCT('y_collet','y_collet','',(#11641));
#11641 = PRODUCT_CONTEXT('',#2,'mechanical');
#11642 = PRODUCT_DEFINITION_CONTEXT('part definition',#2,'design');
#11643 = ADVANCED_BREP_SHAPE_REPRESENTATION('',(#11,#11644),#12274);
#11644 = MANIFOLD_SOLID_BREP('',#11645);
#11645 = CLOSED_SHELL('',(#11646,#11718,#11773,#11832,#11887,#11922,
    #11977,#12032,#12087,#12142,#12197,#12247));
#11646 = ADVANCED_FACE('',(#11647,#11683),#11660,.F.);
#11647 = FACE_BOUND('',#11648,.T.);
#11648 = EDGE_LOOP('',(#11649));
#11649 = ORIENTED_EDGE('',*,*,#11650,.F.);
#11650 = EDGE_CURVE('',#11651,#11651,#11653,.T.);
#11651 = VERTEX_POINT('',#11652);
#11652 = CARTESIAN_POINT('',(5.3,18.837,2.091327111486E-15));
#11653 = SURFACE_CURVE('',#11654,(#11659,#11671),.PCURVE_S1.);
#11654 = CIRCLE('',#11655,5.3);
#11655 = AXIS2_PLACEMENT_3D('',#11656,#11657,#11658);
#11656 = CARTESIAN_POINT('',(0.,18.837,2.091327111486E-15));
#11657 = DIRECTION('',(-0.,1.,1.110223024625E-16));
#11658 = DIRECTION('',(1.,0.,0.));
#11659 = PCURVE('',#11660,#11665);
#11660 = PLANE('',#11661);
#11661 = AXIS2_PLACEMENT_3D('',#11662,#11663,#11664);
#11662 = CARTESIAN_POINT('',(0.,18.837,2.091327111486E-15));
#11663 = DIRECTION('',(0.,1.,1.110223024625E-16));
#11664 = DIRECTION('',(1.,-0.,-0.));
#11665 = DEFINITIONAL_REPRESENTATION('',(#11666),#11670);
#11666 = CIRCLE('',#11667,5.3);
#11667 = AXIS2_PLACEMENT_2D('',#11668,#11669);
#11668 = CARTESIAN_POINT('',(0.,0.));
#11669 = DIRECTION('',(1.,-0.));
#11670 = ( GEOMETRIC_REPRESENTATION_CONTEXT(2) 
PARAMETRIC_REPRESENTATION_CONTEXT() REPRESENTATION_CONTEXT('2D SPACE',''
  ) );
#11671 = PCURVE('',#11672,#11677);
#11672 = CONICAL_SURFACE('',#11673,5.3,0.122089137397);
#11673 = AXIS2_PLACEMENT_3D('',#11674,#11675,#11676);
#11674 = CARTESIAN_POINT('',(0.,18.837,2.091327111486E-15));
#11675 = DIRECTION('',(0.,1.,1.110223024625E-16));
#11676 = DIRECTION('',(1.,0.,0.));
#11677 = DEFINITIONAL_REPRESENTATION('',(#11678),#11682);
#11678 = LINE('',#11679,#11680);
#11679 = CARTESIAN_POINT('',(0.,0.));
#11680 = VECTOR('',#11681,1.);
#11681 = DIRECTION('',(1.,0.));
#11682 = ( GEOMETRIC_REPRESENTATION_CONTEXT(2) 
PARAMETRIC_REPRESENTATION_CONTEXT() REPRESENTATION_CONTEXT('2D SPACE',''
  ) );
#11683 = FACE_BOUND('',#11684,.T.);
#11684 = EDGE_LOOP('',(#11685));
#11685 = ORIENTED_EDGE('',*,*,#11686,.F.);
#11686 = EDGE_CURVE('',#11687,#11687,#11689,.T.);
#11687 = VERTEX_POINT('',#11688);
#11688 = CARTESIAN_POINT('',(3.175,18.837,2.091327111486E-15));
#11689 = SURFACE_CURVE('',#11690,(#11695,#11706),.PCURVE_S1.);
#11690 = CIRCLE('',#11691,3.175);
#11691 = AXIS2_PLACEMENT_3D('',#11692,#11693,#11694);
#11692 = CARTESIAN_POINT('',(0.,18.837,2.091327111486E-15));
#11693 = DIRECTION('',(0.,-1.,-1.110223024625E-16));
#11694 = DIRECTION('',(1.,-0.,0.));
#11695 = PCURVE('',#11660,#11696);
#11696 = DEFINITIONAL_REPRESENTATION('',(#11697),#11705);
#11697 = ( BOUNDED_CURVE() B_SPLINE_CURVE(2,(#11698,#11699,#11700,#11701
    ,#11702,#11703,#11704),.UNSPECIFIED.,.T.,.F.) 
B_SPLINE_CURVE_WITH_KNOTS((1,2,2,2,2,1),(-2.094395102393,0.,
    2.094395102393,4.188790204786,6.28318530718,8.377580409573),
.UNSPECIFIED.) CURVE() GEOMETRIC_REPRESENTATION_ITEM() 
RATIONAL_B_SPLINE_CURVE((1.,0.5,1.,0.5,1.,0.5,1.)) REPRESENTATION_ITEM(
  '') );
#11698 = CARTESIAN_POINT('',(3.175,0.));
#11699 = CARTESIAN_POINT('',(3.175,-5.499261314031));
#11700 = CARTESIAN_POINT('',(-1.5875,-2.749630657016));
#11701 = CARTESIAN_POINT('',(-6.35,-7.776507174586E-16));
#11702 = CARTESIAN_POINT('',(-1.5875,2.749630657016));
#11703 = CARTESIAN_POINT('',(3.175,5.499261314031));
#11704 = CARTESIAN_POINT('',(3.175,0.));
#11705 = ( GEOMETRIC_REPRESENTATION_CONTEXT(2) 
PARAMETRIC_REPRESENTATION_CONTEXT() REPRESENTATION_CONTEXT('2D SPACE',''
  ) );
#11706 = PCURVE('',#11707,#11712);
#11707 = CYLINDRICAL_SURFACE('',#11708,3.175);
#11708 = AXIS2_PLACEMENT_3D('',#11709,#11710,#11711);
#11709 = CARTESIAN_POINT('',(0.,0.,0.));
#11710 = DIRECTION('',(-0.,-1.,-1.110223024625E-16));
#11711 = DIRECTION('',(1.,0.,0.));
#11712 = DEFINITIONAL_REPRESENTATION('',(#11713),#11717);
#11713 = LINE('',#11714,#11715);
#11714 = CARTESIAN_POINT('',(-6.28318530718,-18.837));
#11715 = VECTOR('',#11716,1.);
#11716 = DIRECTION('',(1.,-0.));
#11717 = ( GEOMETRIC_REPRESENTATION_CONTEXT(2) 
PARAMETRIC_REPRESENTATION_CONTEXT() REPRESENTATION_CONTEXT('2D SPACE',''
  ) );
#11718 = ADVANCED_FACE('',(#11719),#11672,.T.);
#11719 = FACE_BOUND('',#11720,.T.);
#11720 = EDGE_LOOP('',(#11721,#11722,#11745,#11772));
#11721 = ORIENTED_EDGE('',*,*,#11650,.T.);
#11722 = ORIENTED_EDGE('',*,*,#11723,.T.);
#11723 = EDGE_CURVE('',#11651,#11724,#11726,.T.);
#11724 = VERTEX_POINT('',#11725);
#11725 = CARTESIAN_POINT('',(5.32,19.,2.109423746788E-15));
#11726 = SEAM_CURVE('',#11727,(#11731,#11738),.PCURVE_S1.);
#11727 = LINE('',#11728,#11729);
#11728 = CARTESIAN_POINT('',(5.3,18.837,2.091327111486E-15));
#11729 = VECTOR('',#11730,1.);
#11730 = DIRECTION('',(0.121786058188,0.992556374233,1.101958939912E-16)
  );
#11731 = PCURVE('',#11672,#11732);
#11732 = DEFINITIONAL_REPRESENTATION('',(#11733),#11737);
#11733 = LINE('',#11734,#11735);
#11734 = CARTESIAN_POINT('',(0.,0.));
#11735 = VECTOR('',#11736,1.);
#11736 = DIRECTION('',(0.,1.));
#11737 = ( GEOMETRIC_REPRESENTATION_CONTEXT(2) 
PARAMETRIC_REPRESENTATION_CONTEXT() REPRESENTATION_CONTEXT('2D SPACE',''
  ) );
#11738 = PCURVE('',#11672,#11739);
#11739 = DEFINITIONAL_REPRESENTATION('',(#11740),#11744);
#11740 = LINE('',#11741,#11742);
#11741 = CARTESIAN_POINT('',(6.28318530718,0.));
#11742 = VECTOR('',#11743,1.);
#11743 = DIRECTION('',(0.,1.));
#11744 = ( GEOMETRIC_REPRESENTATION_CONTEXT(2) 
PARAMETRIC_REPRESENTATION_CONTEXT() REPRESENTATION_CONTEXT('2D SPACE',''
  ) );
#11745 = ORIENTED_EDGE('',*,*,#11746,.F.);
#11746 = EDGE_CURVE('',#11724,#11724,#11747,.T.);
#11747 = SURFACE_CURVE('',#11748,(#11753,#11760),.PCURVE_S1.);
#11748 = CIRCLE('',#11749,5.32);
#11749 = AXIS2_PLACEMENT_3D('',#11750,#11751,#11752);
#11750 = CARTESIAN_POINT('',(0.,19.,2.109423746788E-15));
#11751 = DIRECTION('',(-0.,1.,1.110223024625E-16));
#11752 = DIRECTION('',(1.,0.,0.));
#11753 = PCURVE('',#11672,#11754);
#11754 = DEFINITIONAL_REPRESENTATION('',(#11755),#11759);
#11755 = LINE('',#11756,#11757);
#11756 = CARTESIAN_POINT('',(0.,0.163));
#11757 = VECTOR('',#11758,1.);
#11758 = DIRECTION('',(1.,0.));
#11759 = ( GEOMETRIC_REPRESENTATION_CONTEXT(2) 
PARAMETRIC_REPRESENTATION_CONTEXT() REPRESENTATION_CONTEXT('2D SPACE',''
  ) );
#11760 = PCURVE('',#11761,#11766);
#11761 = CONICAL_SURFACE('',#11762,5.32,0.19739555985);
#11762 = AXIS2_PLACEMENT_3D('',#11763,#11764,#11765);
#11763 = CARTESIAN_POINT('',(0.,19.,2.109423746788E-15));
#11764 = DIRECTION('',(-0.,-1.,-1.110223024625E-16));
#11765 = DIRECTION('',(1.,0.,0.));
#11766 = DEFINITIONAL_REPRESENTATION('',(#11767),#11771);
#11767 = LINE('',#11768,#11769);
#11768 = CARTESIAN_POINT('',(-0.,-0.));
#11769 = VECTOR('',#11770,1.);
#11770 = DIRECTION('',(-1.,-0.));
#11771 = ( GEOMETRIC_REPRESENTATION_CONTEXT(2) 
PARAMETRIC_REPRESENTATION_CONTEXT() REPRESENTATION_CONTEXT('2D SPACE',''
  ) );
#11772 = ORIENTED_EDGE('',*,*,#11723,.F.);
#11773 = ADVANCED_FACE('',(#11774),#11707,.F.);
#11774 = FACE_BOUND('',#11775,.T.);
#11775 = EDGE_LOOP('',(#11776,#11777,#11800,#11831));
#11776 = ORIENTED_EDGE('',*,*,#11686,.T.);
#11777 = ORIENTED_EDGE('',*,*,#11778,.T.);
#11778 = EDGE_CURVE('',#11687,#11779,#11781,.T.);
#11779 = VERTEX_POINT('',#11780);
#11780 = CARTESIAN_POINT('',(3.175,20.56239,2.282883881932E-15));
#11781 = SEAM_CURVE('',#11782,(#11786,#11793),.PCURVE_S1.);
#11782 = LINE('',#11783,#11784);
#11783 = CARTESIAN_POINT('',(3.175,0.,0.));
#11784 = VECTOR('',#11785,1.);
#11785 = DIRECTION('',(0.,1.,1.110223024625E-16));
#11786 = PCURVE('',#11707,#11787);
#11787 = DEFINITIONAL_REPRESENTATION('',(#11788),#11792);
#11788 = LINE('',#11789,#11790);
#11789 = CARTESIAN_POINT('',(-6.28318530718,0.));
#11790 = VECTOR('',#11791,1.);
#11791 = DIRECTION('',(-0.,-1.));
#11792 = ( GEOMETRIC_REPRESENTATION_CONTEXT(2) 
PARAMETRIC_REPRESENTATION_CONTEXT() REPRESENTATION_CONTEXT('2D SPACE',''
  ) );
#11793 = PCURVE('',#11707,#11794);
#11794 = DEFINITIONAL_REPRESENTATION('',(#11795),#11799);
#11795 = LINE('',#11796,#11797);
#11796 = CARTESIAN_POINT('',(-0.,0.));
#11797 = VECTOR('',#11798,1.);
#11798 = DIRECTION('',(-0.,-1.));
#11799 = ( GEOMETRIC_REPRESENTATION_CONTEXT(2) 
PARAMETRIC_REPRESENTATION_CONTEXT() REPRESENTATION_CONTEXT('2D SPACE',''
  ) );
#11800 = ORIENTED_EDGE('',*,*,#11801,.F.);
#11801 = EDGE_CURVE('',#11779,#11779,#11802,.T.);
#11802 = SURFACE_CURVE('',#11803,(#11808,#11815),.PCURVE_S1.);
#11803 = CIRCLE('',#11804,3.175);
#11804 = AXIS2_PLACEMENT_3D('',#11805,#11806,#11807);
#11805 = CARTESIAN_POINT('',(0.,20.56239,2.282883881932E-15));
#11806 = DIRECTION('',(0.,-1.,-1.110223024625E-16));
#11807 = DIRECTION('',(1.,-0.,0.));
#11808 = PCURVE('',#11707,#11809);
#11809 = DEFINITIONAL_REPRESENTATION('',(#11810),#11814);
#11810 = LINE('',#11811,#11812);
#11811 = CARTESIAN_POINT('',(-6.28318530718,-20.56239));
#11812 = VECTOR('',#11813,1.);
#11813 = DIRECTION('',(1.,-0.));
#11814 = ( GEOMETRIC_REPRESENTATION_CONTEXT(2) 
PARAMETRIC_REPRESENTATION_CONTEXT() REPRESENTATION_CONTEXT('2D SPACE',''
  ) );
#11815 = PCURVE('',#11816,#11821);
#11816 = PLANE('',#11817);
#11817 = AXIS2_PLACEMENT_3D('',#11818,#11819,#11820);
#11818 = CARTESIAN_POINT('',(0.,20.56239,2.282883881932E-15));
#11819 = DIRECTION('',(0.,1.,1.110223024625E-16));
#11820 = DIRECTION('',(1.,0.,0.));
#11821 = DEFINITIONAL_REPRESENTATION('',(#11822),#11830);
#11822 = ( BOUNDED_CURVE() B_SPLINE_CURVE(2,(#11823,#11824,#11825,#11826
    ,#11827,#11828,#11829),.UNSPECIFIED.,.T.,.F.) 
B_SPLINE_CURVE_WITH_KNOTS((1,2,2,2,2,1),(-2.094395102393,0.,
    2.094395102393,4.188790204786,6.28318530718,8.377580409573),
.UNSPECIFIED.) CURVE() GEOMETRIC_REPRESENTATION_ITEM() 
RATIONAL_B_SPLINE_CURVE((1.,0.5,1.,0.5,1.,0.5,1.)) REPRESENTATION_ITEM(
  '') );
#11823 = CARTESIAN_POINT('',(3.175,0.));
#11824 = CARTESIAN_POINT('',(3.175,-5.499261314031));
#11825 = CARTESIAN_POINT('',(-1.5875,-2.749630657016));
#11826 = CARTESIAN_POINT('',(-6.35,-7.776507174586E-16));
#11827 = CARTESIAN_POINT('',(-1.5875,2.749630657016));
#11828 = CARTESIAN_POINT('',(3.175,5.499261314031));
#11829 = CARTESIAN_POINT('',(3.175,0.));
#11830 = ( GEOMETRIC_REPRESENTATION_CONTEXT(2) 
PARAMETRIC_REPRESENTATION_CONTEXT() REPRESENTATION_CONTEXT('2D SPACE',''
  ) );
#11831 = ORIENTED_EDGE('',*,*,#11778,.F.);
#11832 = ADVANCED_FACE('',(#11833),#11761,.T.);
#11833 = FACE_BOUND('',#11834,.T.);
#11834 = EDGE_LOOP('',(#11835,#11836,#11859,#11886));
#11835 = ORIENTED_EDGE('',*,*,#11746,.T.);
#11836 = ORIENTED_EDGE('',*,*,#11837,.T.);
#11837 = EDGE_CURVE('',#11724,#11838,#11840,.T.);
#11838 = VERTEX_POINT('',#11839);
#11839 = CARTESIAN_POINT('',(5.27,19.25,2.137179322403E-15));
#11840 = SEAM_CURVE('',#11841,(#11845,#11852),.PCURVE_S1.);
#11841 = LINE('',#11842,#11843);
#11842 = CARTESIAN_POINT('',(5.32,19.,2.109423746788E-15));
#11843 = VECTOR('',#11844,1.);
#11844 = DIRECTION('',(-0.196116135138,0.980580675691,1.088663243655E-16
    ));
#11845 = PCURVE('',#11761,#11846);
#11846 = DEFINITIONAL_REPRESENTATION('',(#11847),#11851);
#11847 = LINE('',#11848,#11849);
#11848 = CARTESIAN_POINT('',(-0.,-0.));
#11849 = VECTOR('',#11850,1.);
#11850 = DIRECTION('',(-0.,-1.));
#11851 = ( GEOMETRIC_REPRESENTATION_CONTEXT(2) 
PARAMETRIC_REPRESENTATION_CONTEXT() REPRESENTATION_CONTEXT('2D SPACE',''
  ) );
#11852 = PCURVE('',#11761,#11853);
#11853 = DEFINITIONAL_REPRESENTATION('',(#11854),#11858);
#11854 = LINE('',#11855,#11856);
#11855 = CARTESIAN_POINT('',(-6.28318530718,-0.));
#11856 = VECTOR('',#11857,1.);
#11857 = DIRECTION('',(-0.,-1.));
#11858 = ( GEOMETRIC_REPRESENTATION_CONTEXT(2) 
PARAMETRIC_REPRESENTATION_CONTEXT() REPRESENTATION_CONTEXT('2D SPACE',''
  ) );
#11859 = ORIENTED_EDGE('',*,*,#11860,.F.);
#11860 = EDGE_CURVE('',#11838,#11838,#11861,.T.);
#11861 = SURFACE_CURVE('',#11862,(#11867,#11874),.PCURVE_S1.);
#11862 = CIRCLE('',#11863,5.27);
#11863 = AXIS2_PLACEMENT_3D('',#11864,#11865,#11866);
#11864 = CARTESIAN_POINT('',(0.,19.25,2.137179322403E-15));
#11865 = DIRECTION('',(-0.,1.,1.110223024625E-16));
#11866 = DIRECTION('',(1.,0.,0.));
#11867 = PCURVE('',#11761,#11868);
#11868 = DEFINITIONAL_REPRESENTATION('',(#11869),#11873);
#11869 = LINE('',#11870,#11871);
#11870 = CARTESIAN_POINT('',(-0.,-0.25));
#11871 = VECTOR('',#11872,1.);
#11872 = DIRECTION('',(-1.,-0.));
#11873 = ( GEOMETRIC_REPRESENTATION_CONTEXT(2) 
PARAMETRIC_REPRESENTATION_CONTEXT() REPRESENTATION_CONTEXT('2D SPACE',''
  ) );
#11874 = PCURVE('',#11875,#11880);
#11875 = CONICAL_SURFACE('',#11876,5.27,3.997868712329E-02);
#11876 = AXIS2_PLACEMENT_3D('',#11877,#11878,#11879);
#11877 = CARTESIAN_POINT('',(0.,19.25,2.137179322403E-15));
#11878 = DIRECTION('',(-0.,-1.,-1.110223024625E-16));
#11879 = DIRECTION('',(1.,0.,0.));
#11880 = DEFINITIONAL_REPRESENTATION('',(#11881),#11885);
#11881 = LINE('',#11882,#11883);
#11882 = CARTESIAN_POINT('',(-0.,-0.));
#11883 = VECTOR('',#11884,1.);
#11884 = DIRECTION('',(-1.,-0.));
#11885 = ( GEOMETRIC_REPRESENTATION_CONTEXT(2) 
PARAMETRIC_REPRESENTATION_CONTEXT() REPRESENTATION_CONTEXT('2D SPACE',''
  ) );
#11886 = ORIENTED_EDGE('',*,*,#11837,.F.);
#11887 = ADVANCED_FACE('',(#11888,#11919),#11816,.T.);
#11888 = FACE_BOUND('',#11889,.T.);
#11889 = EDGE_LOOP('',(#11890));
#11890 = ORIENTED_EDGE('',*,*,#11891,.T.);
#11891 = EDGE_CURVE('',#11892,#11892,#11894,.T.);
#11892 = VERTEX_POINT('',#11893);
#11893 = CARTESIAN_POINT('',(4.73,20.56239,2.282883881932E-15));
#11894 = SURFACE_CURVE('',#11895,(#11900,#11907),.PCURVE_S1.);
#11895 = CIRCLE('',#11896,4.73);
#11896 = AXIS2_PLACEMENT_3D('',#11897,#11898,#11899);
#11897 = CARTESIAN_POINT('',(0.,20.56239,2.282883881932E-15));
#11898 = DIRECTION('',(-0.,1.,1.110223024625E-16));
#11899 = DIRECTION('',(1.,0.,0.));
#11900 = PCURVE('',#11816,#11901);
#11901 = DEFINITIONAL_REPRESENTATION('',(#11902),#11906);
#11902 = CIRCLE('',#11903,4.73);
#11903 = AXIS2_PLACEMENT_2D('',#11904,#11905);
#11904 = CARTESIAN_POINT('',(0.,0.));
#11905 = DIRECTION('',(1.,0.));
#11906 = ( GEOMETRIC_REPRESENTATION_CONTEXT(2) 
PARAMETRIC_REPRESENTATION_CONTEXT() REPRESENTATION_CONTEXT('2D SPACE',''
  ) );
#11907 = PCURVE('',#11908,#11913);
#11908 = CONICAL_SURFACE('',#11909,4.92,1.253520829102);
#11909 = AXIS2_PLACEMENT_3D('',#11910,#11911,#11912);
#11910 = CARTESIAN_POINT('',(0.,20.5,2.275957200482E-15));
#11911 = DIRECTION('',(-0.,-1.,-1.110223024625E-16));
#11912 = DIRECTION('',(1.,0.,0.));
#11913 = DEFINITIONAL_REPRESENTATION('',(#11914),#11918);
#11914 = LINE('',#11915,#11916);
#11915 = CARTESIAN_POINT('',(-0.,-6.239E-02));
#11916 = VECTOR('',#11917,1.);
#11917 = DIRECTION('',(-1.,-0.));
#11918 = ( GEOMETRIC_REPRESENTATION_CONTEXT(2) 
PARAMETRIC_REPRESENTATION_CONTEXT() REPRESENTATION_CONTEXT('2D SPACE',''
  ) );
#11919 = FACE_BOUND('',#11920,.T.);
#11920 = EDGE_LOOP('',(#11921));
#11921 = ORIENTED_EDGE('',*,*,#11801,.T.);
#11922 = ADVANCED_FACE('',(#11923),#11875,.T.);
#11923 = FACE_BOUND('',#11924,.T.);
#11924 = EDGE_LOOP('',(#11925,#11926,#11949,#11976));
#11925 = ORIENTED_EDGE('',*,*,#11860,.T.);
#11926 = ORIENTED_EDGE('',*,*,#11927,.T.);
#11927 = EDGE_CURVE('',#11838,#11928,#11930,.T.);
#11928 = VERTEX_POINT('',#11929);
#11929 = CARTESIAN_POINT('',(5.26,19.5,2.164934898019E-15));
#11930 = SEAM_CURVE('',#11931,(#11935,#11942),.PCURVE_S1.);
#11931 = LINE('',#11932,#11933);
#11932 = CARTESIAN_POINT('',(5.27,19.25,2.137179322403E-15));
#11933 = VECTOR('',#11934,1.);
#11934 = DIRECTION('',(-3.996803834887E-02,0.999200958722,
    1.1093359106E-16));
#11935 = PCURVE('',#11875,#11936);
#11936 = DEFINITIONAL_REPRESENTATION('',(#11937),#11941);
#11937 = LINE('',#11938,#11939);
#11938 = CARTESIAN_POINT('',(-0.,-0.));
#11939 = VECTOR('',#11940,1.);
#11940 = DIRECTION('',(-0.,-1.));
#11941 = ( GEOMETRIC_REPRESENTATION_CONTEXT(2) 
PARAMETRIC_REPRESENTATION_CONTEXT() REPRESENTATION_CONTEXT('2D SPACE',''
  ) );
#11942 = PCURVE('',#11875,#11943);
#11943 = DEFINITIONAL_REPRESENTATION('',(#11944),#11948);
#11944 = LINE('',#11945,#11946);
#11945 = CARTESIAN_POINT('',(-6.28318530718,-0.));
#11946 = VECTOR('',#11947,1.);
#11947 = DIRECTION('',(-0.,-1.));
#11948 = ( GEOMETRIC_REPRESENTATION_CONTEXT(2) 
PARAMETRIC_REPRESENTATION_CONTEXT() REPRESENTATION_CONTEXT('2D SPACE',''
  ) );
#11949 = ORIENTED_EDGE('',*,*,#11950,.F.);
#11950 = EDGE_CURVE('',#11928,#11928,#11951,.T.);
#11951 = SURFACE_CURVE('',#11952,(#11957,#11964),.PCURVE_S1.);
#11952 = CIRCLE('',#11953,5.26);
#11953 = AXIS2_PLACEMENT_3D('',#11954,#11955,#11956);
#11954 = CARTESIAN_POINT('',(0.,19.5,2.164934898019E-15));
#11955 = DIRECTION('',(-0.,1.,1.110223024625E-16));
#11956 = DIRECTION('',(1.,0.,0.));
#11957 = PCURVE('',#11875,#11958);
#11958 = DEFINITIONAL_REPRESENTATION('',(#11959),#11963);
#11959 = LINE('',#11960,#11961);
#11960 = CARTESIAN_POINT('',(-0.,-0.25));
#11961 = VECTOR('',#11962,1.);
#11962 = DIRECTION('',(-1.,-0.));
#11963 = ( GEOMETRIC_REPRESENTATION_CONTEXT(2) 
PARAMETRIC_REPRESENTATION_CONTEXT() REPRESENTATION_CONTEXT('2D SPACE',''
  ) );
#11964 = PCURVE('',#11965,#11970);
#11965 = CONICAL_SURFACE('',#11966,5.26,0.119428926018);
#11966 = AXIS2_PLACEMENT_3D('',#11967,#11968,#11969);
#11967 = CARTESIAN_POINT('',(0.,19.5,2.164934898019E-15));
#11968 = DIRECTION('',(-0.,-1.,-1.110223024625E-16));
#11969 = DIRECTION('',(1.,0.,0.));
#11970 = DEFINITIONAL_REPRESENTATION('',(#11971),#11975);
#11971 = LINE('',#11972,#11973);
#11972 = CARTESIAN_POINT('',(-0.,-0.));
#11973 = VECTOR('',#11974,1.);
#11974 = DIRECTION('',(-1.,-0.));
#11975 = ( GEOMETRIC_REPRESENTATION_CONTEXT(2) 
PARAMETRIC_REPRESENTATION_CONTEXT() REPRESENTATION_CONTEXT('2D SPACE',''
  ) );
#11976 = ORIENTED_EDGE('',*,*,#11927,.F.);
#11977 = ADVANCED_FACE('',(#11978),#11908,.T.);
#11978 = FACE_BOUND('',#11979,.T.);
#11979 = EDGE_LOOP('',(#11980,#12009,#12030,#12031));
#11980 = ORIENTED_EDGE('',*,*,#11981,.T.);
#11981 = EDGE_CURVE('',#11982,#11982,#11984,.T.);
#11982 = VERTEX_POINT('',#11983);
#11983 = CARTESIAN_POINT('',(4.92,20.5,2.275957200482E-15));
#11984 = SURFACE_CURVE('',#11985,(#11990,#11997),.PCURVE_S1.);
#11985 = CIRCLE('',#11986,4.92);
#11986 = AXIS2_PLACEMENT_3D('',#11987,#11988,#11989);
#11987 = CARTESIAN_POINT('',(0.,20.5,2.275957200482E-15));
#11988 = DIRECTION('',(-0.,1.,1.110223024625E-16));
#11989 = DIRECTION('',(1.,0.,0.));
#11990 = PCURVE('',#11908,#11991);
#11991 = DEFINITIONAL_REPRESENTATION('',(#11992),#11996);
#11992 = LINE('',#11993,#11994);
#11993 = CARTESIAN_POINT('',(-0.,-0.));
#11994 = VECTOR('',#11995,1.);
#11995 = DIRECTION('',(-1.,-0.));
#11996 = ( GEOMETRIC_REPRESENTATION_CONTEXT(2) 
PARAMETRIC_REPRESENTATION_CONTEXT() REPRESENTATION_CONTEXT('2D SPACE',''
  ) );
#11997 = PCURVE('',#11998,#12003);
#11998 = CONICAL_SURFACE('',#11999,5.06,0.950546840812);
#11999 = AXIS2_PLACEMENT_3D('',#12000,#12001,#12002);
#12000 = CARTESIAN_POINT('',(0.,20.4,2.264854970235E-15));
#12001 = DIRECTION('',(-0.,-1.,-1.110223024625E-16));
#12002 = DIRECTION('',(1.,0.,0.));
#12003 = DEFINITIONAL_REPRESENTATION('',(#12004),#12008);
#12004 = LINE('',#12005,#12006);
#12005 = CARTESIAN_POINT('',(-0.,-0.1));
#12006 = VECTOR('',#12007,1.);
#12007 = DIRECTION('',(-1.,-0.));
#12008 = ( GEOMETRIC_REPRESENTATION_CONTEXT(2) 
PARAMETRIC_REPRESENTATION_CONTEXT() REPRESENTATION_CONTEXT('2D SPACE',''
  ) );
#12009 = ORIENTED_EDGE('',*,*,#12010,.T.);
#12010 = EDGE_CURVE('',#11982,#11892,#12011,.T.);
#12011 = SEAM_CURVE('',#12012,(#12016,#12023),.PCURVE_S1.);
#12012 = LINE('',#12013,#12014);
#12013 = CARTESIAN_POINT('',(4.92,20.5,2.275957200482E-15));
#12014 = VECTOR('',#12015,1.);
#12015 = DIRECTION('',(-0.950088931298,0.31197920223,3.4636649352E-17));
#12016 = PCURVE('',#11908,#12017);
#12017 = DEFINITIONAL_REPRESENTATION('',(#12018),#12022);
#12018 = LINE('',#12019,#12020);
#12019 = CARTESIAN_POINT('',(-0.,-0.));
#12020 = VECTOR('',#12021,1.);
#12021 = DIRECTION('',(-0.,-1.));
#12022 = ( GEOMETRIC_REPRESENTATION_CONTEXT(2) 
PARAMETRIC_REPRESENTATION_CONTEXT() REPRESENTATION_CONTEXT('2D SPACE',''
  ) );
#12023 = PCURVE('',#11908,#12024);
#12024 = DEFINITIONAL_REPRESENTATION('',(#12025),#12029);
#12025 = LINE('',#12026,#12027);
#12026 = CARTESIAN_POINT('',(-6.28318530718,-0.));
#12027 = VECTOR('',#12028,1.);
#12028 = DIRECTION('',(-0.,-1.));
#12029 = ( GEOMETRIC_REPRESENTATION_CONTEXT(2) 
PARAMETRIC_REPRESENTATION_CONTEXT() REPRESENTATION_CONTEXT('2D SPACE',''
  ) );
#12030 = ORIENTED_EDGE('',*,*,#11891,.F.);
#12031 = ORIENTED_EDGE('',*,*,#12010,.F.);
#12032 = ADVANCED_FACE('',(#12033),#11965,.T.);
#12033 = FACE_BOUND('',#12034,.T.);
#12034 = EDGE_LOOP('',(#12035,#12036,#12059,#12086));
#12035 = ORIENTED_EDGE('',*,*,#11950,.T.);
#12036 = ORIENTED_EDGE('',*,*,#12037,.T.);
#12037 = EDGE_CURVE('',#11928,#12038,#12040,.T.);
#12038 = VERTEX_POINT('',#12039);
#12039 = CARTESIAN_POINT('',(5.23,19.75,2.192690473635E-15));
#12040 = SEAM_CURVE('',#12041,(#12045,#12052),.PCURVE_S1.);
#12041 = LINE('',#12042,#12043);
#12042 = CARTESIAN_POINT('',(5.26,19.5,2.164934898019E-15));
#12043 = VECTOR('',#12044,1.);
#12044 = DIRECTION('',(-0.119145220618,0.992876838487,1.102314726705E-16
    ));
#12045 = PCURVE('',#11965,#12046);
#12046 = DEFINITIONAL_REPRESENTATION('',(#12047),#12051);
#12047 = LINE('',#12048,#12049);
#12048 = CARTESIAN_POINT('',(-0.,-0.));
#12049 = VECTOR('',#12050,1.);
#12050 = DIRECTION('',(-0.,-1.));
#12051 = ( GEOMETRIC_REPRESENTATION_CONTEXT(2) 
PARAMETRIC_REPRESENTATION_CONTEXT() REPRESENTATION_CONTEXT('2D SPACE',''
  ) );
#12052 = PCURVE('',#11965,#12053);
#12053 = DEFINITIONAL_REPRESENTATION('',(#12054),#12058);
#12054 = LINE('',#12055,#12056);
#12055 = CARTESIAN_POINT('',(-6.28318530718,-0.));
#12056 = VECTOR('',#12057,1.);
#12057 = DIRECTION('',(-0.,-1.));
#12058 = ( GEOMETRIC_REPRESENTATION_CONTEXT(2) 
PARAMETRIC_REPRESENTATION_CONTEXT() REPRESENTATION_CONTEXT('2D SPACE',''
  ) );
#12059 = ORIENTED_EDGE('',*,*,#12060,.F.);
#12060 = EDGE_CURVE('',#12038,#12038,#12061,.T.);
#12061 = SURFACE_CURVE('',#12062,(#12067,#12074),.PCURVE_S1.);
#12062 = CIRCLE('',#12063,5.23);
#12063 = AXIS2_PLACEMENT_3D('',#12064,#12065,#12066);
#12064 = CARTESIAN_POINT('',(0.,19.75,2.192690473635E-15));
#12065 = DIRECTION('',(-0.,1.,1.110223024625E-16));
#12066 = DIRECTION('',(1.,0.,0.));
#12067 = PCURVE('',#11965,#12068);
#12068 = DEFINITIONAL_REPRESENTATION('',(#12069),#12073);
#12069 = LINE('',#12070,#12071);
#12070 = CARTESIAN_POINT('',(-0.,-0.25));
#12071 = VECTOR('',#12072,1.);
#12072 = DIRECTION('',(-1.,-0.));
#12073 = ( GEOMETRIC_REPRESENTATION_CONTEXT(2) 
PARAMETRIC_REPRESENTATION_CONTEXT() REPRESENTATION_CONTEXT('2D SPACE',''
  ) );
#12074 = PCURVE('',#12075,#12080);
#12075 = CONICAL_SURFACE('',#12076,5.23,7.982998571224E-02);
#12076 = AXIS2_PLACEMENT_3D('',#12077,#12078,#12079);
#12077 = CARTESIAN_POINT('',(0.,19.75,2.192690473635E-15));
#12078 = DIRECTION('',(-0.,-1.,-1.110223024625E-16));
#12079 = DIRECTION('',(1.,0.,0.));
#12080 = DEFINITIONAL_REPRESENTATION('',(#12081),#12085);
#12081 = LINE('',#12082,#12083);
#12082 = CARTESIAN_POINT('',(-0.,-0.));
#12083 = VECTOR('',#12084,1.);
#12084 = DIRECTION('',(-1.,-0.));
#12085 = ( GEOMETRIC_REPRESENTATION_CONTEXT(2) 
PARAMETRIC_REPRESENTATION_CONTEXT() REPRESENTATION_CONTEXT('2D SPACE',''
  ) );
#12086 = ORIENTED_EDGE('',*,*,#12037,.F.);
#12087 = ADVANCED_FACE('',(#12088),#11998,.T.);
#12088 = FACE_BOUND('',#12089,.T.);
#12089 = EDGE_LOOP('',(#12090,#12119,#12140,#12141));
#12090 = ORIENTED_EDGE('',*,*,#12091,.T.);
#12091 = EDGE_CURVE('',#12092,#12092,#12094,.T.);
#12092 = VERTEX_POINT('',#12093);
#12093 = CARTESIAN_POINT('',(5.06,20.4,2.264854970235E-15));
#12094 = SURFACE_CURVE('',#12095,(#12100,#12107),.PCURVE_S1.);
#12095 = CIRCLE('',#12096,5.06);
#12096 = AXIS2_PLACEMENT_3D('',#12097,#12098,#12099);
#12097 = CARTESIAN_POINT('',(0.,20.4,2.264854970235E-15));
#12098 = DIRECTION('',(-0.,1.,1.110223024625E-16));
#12099 = DIRECTION('',(1.,0.,0.));
#12100 = PCURVE('',#11998,#12101);
#12101 = DEFINITIONAL_REPRESENTATION('',(#12102),#12106);
#12102 = LINE('',#12103,#12104);
#12103 = CARTESIAN_POINT('',(-0.,-0.));
#12104 = VECTOR('',#12105,1.);
#12105 = DIRECTION('',(-1.,-0.));
#12106 = ( GEOMETRIC_REPRESENTATION_CONTEXT(2) 
PARAMETRIC_REPRESENTATION_CONTEXT() REPRESENTATION_CONTEXT('2D SPACE',''
  ) );
#12107 = PCURVE('',#12108,#12113);
#12108 = CONICAL_SURFACE('',#12109,5.15,0.540419500271);
#12109 = AXIS2_PLACEMENT_3D('',#12110,#12111,#12112);
#12110 = CARTESIAN_POINT('',(0.,20.25,2.248201624866E-15));
#12111 = DIRECTION('',(-0.,-1.,-1.110223024625E-16));
#12112 = DIRECTION('',(1.,0.,0.));
#12113 = DEFINITIONAL_REPRESENTATION('',(#12114),#12118);
#12114 = LINE('',#12115,#12116);
#12115 = CARTESIAN_POINT('',(-0.,-0.15));
#12116 = VECTOR('',#12117,1.);
#12117 = DIRECTION('',(-1.,-0.));
#12118 = ( GEOMETRIC_REPRESENTATION_CONTEXT(2) 
PARAMETRIC_REPRESENTATION_CONTEXT() REPRESENTATION_CONTEXT('2D SPACE',''
  ) );
#12119 = ORIENTED_EDGE('',*,*,#12120,.T.);
#12120 = EDGE_CURVE('',#12092,#11982,#12121,.T.);
#12121 = SEAM_CURVE('',#12122,(#12126,#12133),.PCURVE_S1.);
#12122 = LINE('',#12123,#12124);
#12123 = CARTESIAN_POINT('',(5.06,20.4,2.264854970235E-15));
#12124 = VECTOR('',#12125,1.);
#12125 = DIRECTION('',(-0.813733471207,0.581238193719,6.453040254585E-17
    ));
#12126 = PCURVE('',#11998,#12127);
#12127 = DEFINITIONAL_REPRESENTATION('',(#12128),#12132);
#12128 = LINE('',#12129,#12130);
#12129 = CARTESIAN_POINT('',(-0.,-0.));
#12130 = VECTOR('',#12131,1.);
#12131 = DIRECTION('',(-0.,-1.));
#12132 = ( GEOMETRIC_REPRESENTATION_CONTEXT(2) 
PARAMETRIC_REPRESENTATION_CONTEXT() REPRESENTATION_CONTEXT('2D SPACE',''
  ) );
#12133 = PCURVE('',#11998,#12134);
#12134 = DEFINITIONAL_REPRESENTATION('',(#12135),#12139);
#12135 = LINE('',#12136,#12137);
#12136 = CARTESIAN_POINT('',(-6.28318530718,-0.));
#12137 = VECTOR('',#12138,1.);
#12138 = DIRECTION('',(-0.,-1.));
#12139 = ( GEOMETRIC_REPRESENTATION_CONTEXT(2) 
PARAMETRIC_REPRESENTATION_CONTEXT() REPRESENTATION_CONTEXT('2D SPACE',''
  ) );
#12140 = ORIENTED_EDGE('',*,*,#11981,.F.);
#12141 = ORIENTED_EDGE('',*,*,#12120,.F.);
#12142 = ADVANCED_FACE('',(#12143),#12075,.T.);
#12143 = FACE_BOUND('',#12144,.T.);
#12144 = EDGE_LOOP('',(#12145,#12146,#12169,#12196));
#12145 = ORIENTED_EDGE('',*,*,#12060,.T.);
#12146 = ORIENTED_EDGE('',*,*,#12147,.T.);
#12147 = EDGE_CURVE('',#12038,#12148,#12150,.T.);
#12148 = VERTEX_POINT('',#12149);
#12149 = CARTESIAN_POINT('',(5.21,20.,2.22044604925E-15));
#12150 = SEAM_CURVE('',#12151,(#12155,#12162),.PCURVE_S1.);
#12151 = LINE('',#12152,#12153);
#12152 = CARTESIAN_POINT('',(5.23,19.75,2.192690473635E-15));
#12153 = VECTOR('',#12154,1.);
#12154 = DIRECTION('',(-7.974522228289E-02,0.996815278536,
    1.106687273529E-16));
#12155 = PCURVE('',#12075,#12156);
#12156 = DEFINITIONAL_REPRESENTATION('',(#12157),#12161);
#12157 = LINE('',#12158,#12159);
#12158 = CARTESIAN_POINT('',(-0.,-0.));
#12159 = VECTOR('',#12160,1.);
#12160 = DIRECTION('',(-0.,-1.));
#12161 = ( GEOMETRIC_REPRESENTATION_CONTEXT(2) 
PARAMETRIC_REPRESENTATION_CONTEXT() REPRESENTATION_CONTEXT('2D SPACE',''
  ) );
#12162 = PCURVE('',#12075,#12163);
#12163 = DEFINITIONAL_REPRESENTATION('',(#12164),#12168);
#12164 = LINE('',#12165,#12166);
#12165 = CARTESIAN_POINT('',(-6.28318530718,-0.));
#12166 = VECTOR('',#12167,1.);
#12167 = DIRECTION('',(-0.,-1.));
#12168 = ( GEOMETRIC_REPRESENTATION_CONTEXT(2) 
PARAMETRIC_REPRESENTATION_CONTEXT() REPRESENTATION_CONTEXT('2D SPACE',''
  ) );
#12169 = ORIENTED_EDGE('',*,*,#12170,.F.);
#12170 = EDGE_CURVE('',#12148,#12148,#12171,.T.);
#12171 = SURFACE_CURVE('',#12172,(#12177,#12184),.PCURVE_S1.);
#12172 = CIRCLE('',#12173,5.21);
#12173 = AXIS2_PLACEMENT_3D('',#12174,#12175,#12176);
#12174 = CARTESIAN_POINT('',(0.,20.,2.22044604925E-15));
#12175 = DIRECTION('',(-0.,1.,1.110223024625E-16));
#12176 = DIRECTION('',(1.,0.,0.));
#12177 = PCURVE('',#12075,#12178);
#12178 = DEFINITIONAL_REPRESENTATION('',(#12179),#12183);
#12179 = LINE('',#12180,#12181);
#12180 = CARTESIAN_POINT('',(-0.,-0.25));
#12181 = VECTOR('',#12182,1.);
#12182 = DIRECTION('',(-1.,-0.));
#12183 = ( GEOMETRIC_REPRESENTATION_CONTEXT(2) 
PARAMETRIC_REPRESENTATION_CONTEXT() REPRESENTATION_CONTEXT('2D SPACE',''
  ) );
#12184 = PCURVE('',#12185,#12190);
#12185 = CONICAL_SURFACE('',#12186,5.21,0.235544980721);
#12186 = AXIS2_PLACEMENT_3D('',#12187,#12188,#12189);
#12187 = CARTESIAN_POINT('',(0.,20.,2.22044604925E-15));
#12188 = DIRECTION('',(-0.,-1.,-1.110223024625E-16));
#12189 = DIRECTION('',(1.,0.,0.));
#12190 = DEFINITIONAL_REPRESENTATION('',(#12191),#12195);
#12191 = LINE('',#12192,#12193);
#12192 = CARTESIAN_POINT('',(-0.,-0.));
#12193 = VECTOR('',#12194,1.);
#12194 = DIRECTION('',(-1.,-0.));
#12195 = ( GEOMETRIC_REPRESENTATION_CONTEXT(2) 
PARAMETRIC_REPRESENTATION_CONTEXT() REPRESENTATION_CONTEXT('2D SPACE',''
  ) );
#12196 = ORIENTED_EDGE('',*,*,#12147,.F.);
#12197 = ADVANCED_FACE('',(#12198),#12108,.T.);
#12198 = FACE_BOUND('',#12199,.T.);
#12199 = EDGE_LOOP('',(#12200,#12224,#12245,#12246));
#12200 = ORIENTED_EDGE('',*,*,#12201,.T.);
#12201 = EDGE_CURVE('',#12202,#12202,#12204,.T.);
#12202 = VERTEX_POINT('',#12203);
#12203 = CARTESIAN_POINT('',(5.15,20.25,2.248201624866E-15));
#12204 = SURFACE_CURVE('',#12205,(#12210,#12217),.PCURVE_S1.);
#12205 = CIRCLE('',#12206,5.15);
#12206 = AXIS2_PLACEMENT_3D('',#12207,#12208,#12209);
#12207 = CARTESIAN_POINT('',(0.,20.25,2.248201624866E-15));
#12208 = DIRECTION('',(-0.,1.,1.110223024625E-16));
#12209 = DIRECTION('',(1.,0.,0.));
#12210 = PCURVE('',#12108,#12211);
#12211 = DEFINITIONAL_REPRESENTATION('',(#12212),#12216);
#12212 = LINE('',#12213,#12214);
#12213 = CARTESIAN_POINT('',(-0.,-0.));
#12214 = VECTOR('',#12215,1.);
#12215 = DIRECTION('',(-1.,-0.));
#12216 = ( GEOMETRIC_REPRESENTATION_CONTEXT(2) 
PARAMETRIC_REPRESENTATION_CONTEXT() REPRESENTATION_CONTEXT('2D SPACE',''
  ) );
#12217 = PCURVE('',#12185,#12218);
#12218 = DEFINITIONAL_REPRESENTATION('',(#12219),#12223);
#12219 = LINE('',#12220,#12221);
#12220 = CARTESIAN_POINT('',(-0.,-0.25));
#12221 = VECTOR('',#12222,1.);
#12222 = DIRECTION('',(-1.,-0.));
#12223 = ( GEOMETRIC_REPRESENTATION_CONTEXT(2) 
PARAMETRIC_REPRESENTATION_CONTEXT() REPRESENTATION_CONTEXT('2D SPACE',''
  ) );
#12224 = ORIENTED_EDGE('',*,*,#12225,.T.);
#12225 = EDGE_CURVE('',#12202,#12092,#12226,.T.);
#12226 = SEAM_CURVE('',#12227,(#12231,#12238),.PCURVE_S1.);
#12227 = LINE('',#12228,#12229);
#12228 = CARTESIAN_POINT('',(5.15,20.25,2.248201624866E-15));
#12229 = VECTOR('',#12230,1.);
#12230 = DIRECTION('',(-0.514495755428,0.857492925713,9.520083895793E-17
    ));
#12231 = PCURVE('',#12108,#12232);
#12232 = DEFINITIONAL_REPRESENTATION('',(#12233),#12237);
#12233 = LINE('',#12234,#12235);
#12234 = CARTESIAN_POINT('',(-0.,-0.));
#12235 = VECTOR('',#12236,1.);
#12236 = DIRECTION('',(-0.,-1.));
#12237 = ( GEOMETRIC_REPRESENTATION_CONTEXT(2) 
PARAMETRIC_REPRESENTATION_CONTEXT() REPRESENTATION_CONTEXT('2D SPACE',''
  ) );
#12238 = PCURVE('',#12108,#12239);
#12239 = DEFINITIONAL_REPRESENTATION('',(#12240),#12244);
#12240 = LINE('',#12241,#12242);
#12241 = CARTESIAN_POINT('',(-6.28318530718,-0.));
#12242 = VECTOR('',#12243,1.);
#12243 = DIRECTION('',(-0.,-1.));
#12244 = ( GEOMETRIC_REPRESENTATION_CONTEXT(2) 
PARAMETRIC_REPRESENTATION_CONTEXT() REPRESENTATION_CONTEXT('2D SPACE',''
  ) );
#12245 = ORIENTED_EDGE('',*,*,#12091,.F.);
#12246 = ORIENTED_EDGE('',*,*,#12225,.F.);
#12247 = ADVANCED_FACE('',(#12248),#12185,.T.);
#12248 = FACE_BOUND('',#12249,.T.);
#12249 = EDGE_LOOP('',(#12250,#12251,#12272,#12273));
#12250 = ORIENTED_EDGE('',*,*,#12170,.T.);
#12251 = ORIENTED_EDGE('',*,*,#12252,.T.);
#12252 = EDGE_CURVE('',#12148,#12202,#12253,.T.);
#12253 = SEAM_CURVE('',#12254,(#12258,#12265),.PCURVE_S1.);
#12254 = LINE('',#12255,#12256);
#12255 = CARTESIAN_POINT('',(5.21,20.,2.22044604925E-15));
#12256 = VECTOR('',#12257,1.);
#12257 = DIRECTION('',(-0.233372952475,0.972387301981,1.079566771512E-16
    ));
#12258 = PCURVE('',#12185,#12259);
#12259 = DEFINITIONAL_REPRESENTATION('',(#12260),#12264);
#12260 = LINE('',#12261,#12262);
#12261 = CARTESIAN_POINT('',(-0.,-0.));
#12262 = VECTOR('',#12263,1.);
#12263 = DIRECTION('',(-0.,-1.));
#12264 = ( GEOMETRIC_REPRESENTATION_CONTEXT(2) 
PARAMETRIC_REPRESENTATION_CONTEXT() REPRESENTATION_CONTEXT('2D SPACE',''
  ) );
#12265 = PCURVE('',#12185,#12266);
#12266 = DEFINITIONAL_REPRESENTATION('',(#12267),#12271);
#12267 = LINE('',#12268,#12269);
#12268 = CARTESIAN_POINT('',(-6.28318530718,-0.));
#12269 = VECTOR('',#12270,1.);
#12270 = DIRECTION('',(-0.,-1.));
#12271 = ( GEOMETRIC_REPRESENTATION_CONTEXT(2) 
PARAMETRIC_REPRESENTATION_CONTEXT() REPRESENTATION_CONTEXT('2D SPACE',''
  ) );
#12272 = ORIENTED_EDGE('',*,*,#12201,.F.);
#12273 = ORIENTED_EDGE('',*,*,#12252,.F.);
#12274 = ( GEOMETRIC_REPRESENTATION_CONTEXT(3) 
GLOBAL_UNCERTAINTY_ASSIGNED_CONTEXT((#12278)) 
GLOBAL_UNIT_ASSIGNED_CONTEXT((#12275,#12276,#12277)) 
REPRESENTATION_CONTEXT('Context #1',
  '3D Context with UNIT and UNCERTAINTY') );
#12275 = ( LENGTH_UNIT() NAMED_UNIT(*) SI_UNIT(.MILLI.,.METRE.) );
#12276 = ( NAMED_UNIT(*) PLANE_ANGLE_UNIT() SI_UNIT($,.RADIAN.) );
#12277 = ( NAMED_UNIT(*) SI_UNIT($,.STERADIAN.) SOLID_ANGLE_UNIT() );
#12278 = UNCERTAINTY_MEASURE_WITH_UNIT(LENGTH_MEASURE(1.E-07),#12275,
  'distance_accuracy_value','confusion accuracy');
#12279 = CONTEXT_DEPENDENT_SHAPE_REPRESENTATION(#12280,#12282);
#12280 = ( REPRESENTATION_RELATIONSHIP('','',#11643,#10) 
REPRESENTATION_RELATIONSHIP_WITH_TRANSFORMATION(#12281) 
SHAPE_REPRESENTATION_RELATIONSHIP() );
#12281 = ITEM_DEFINED_TRANSFORMATION('','',#11,#19);
#12282 = PRODUCT_DEFINITION_SHAPE('Placement','Placement of an item',
  #12283);
#12283 = NEXT_ASSEMBLY_USAGE_OCCURRENCE('2','y_collet','',#5,#11638,$);
#12284 = PRODUCT_RELATED_PRODUCT_CATEGORY('part',$,(#11640));
#12285 = SHAPE_DEFINITION_REPRESENTATION(#12286,#12292);
#12286 = PRODUCT_DEFINITION_SHAPE('','',#12287);
#12287 = PRODUCT_DEFINITION('design','',#12288,#12291);
#12288 = PRODUCT_DEFINITION_FORMATION('','',#12289);
#12289 = PRODUCT('z_collet','z_collet','',(#12290));
#12290 = PRODUCT_CONTEXT('',#2,'mechanical');
#12291 = PRODUCT_DEFINITION_CONTEXT('part definition',#2,'design');
#12292 = ADVANCED_BREP_SHAPE_REPRESENTATION('',(#11,#12293),#12923);
#12293 = MANIFOLD_SOLID_BREP('',#12294);
#12294 = CLOSED_SHELL('',(#12295,#12367,#12422,#12481,#12536,#12571,
    #12626,#12681,#12736,#12791,#12846,#12896));
#12295 = ADVANCED_FACE('',(#12296,#12332),#12309,.F.);
#12296 = FACE_BOUND('',#12297,.T.);
#12297 = EDGE_LOOP('',(#12298));
#12298 = ORIENTED_EDGE('',*,*,#12299,.F.);
#12299 = EDGE_CURVE('',#12300,#12300,#12302,.T.);
#12300 = VERTEX_POINT('',#12301);
#12301 = CARTESIAN_POINT('',(5.3,0.,18.837));
#12302 = SURFACE_CURVE('',#12303,(#12308,#12320),.PCURVE_S1.);
#12303 = CIRCLE('',#12304,5.3);
#12304 = AXIS2_PLACEMENT_3D('',#12305,#12306,#12307);
#12305 = CARTESIAN_POINT('',(0.,0.,18.837));
#12306 = DIRECTION('',(0.,0.,1.));
#12307 = DIRECTION('',(1.,0.,-0.));
#12308 = PCURVE('',#12309,#12314);
#12309 = PLANE('',#12310);
#12310 = AXIS2_PLACEMENT_3D('',#12311,#12312,#12313);
#12311 = CARTESIAN_POINT('',(0.,0.,18.837));
#12312 = DIRECTION('',(0.,0.,1.));
#12313 = DIRECTION('',(1.,0.,-0.));
#12314 = DEFINITIONAL_REPRESENTATION('',(#12315),#12319);
#12315 = CIRCLE('',#12316,5.3);
#12316 = AXIS2_PLACEMENT_2D('',#12317,#12318);
#12317 = CARTESIAN_POINT('',(0.,0.));
#12318 = DIRECTION('',(1.,-0.));
#12319 = ( GEOMETRIC_REPRESENTATION_CONTEXT(2) 
PARAMETRIC_REPRESENTATION_CONTEXT() REPRESENTATION_CONTEXT('2D SPACE',''
  ) );
#12320 = PCURVE('',#12321,#12326);
#12321 = CONICAL_SURFACE('',#12322,5.3,0.122089137397);
#12322 = AXIS2_PLACEMENT_3D('',#12323,#12324,#12325);
#12323 = CARTESIAN_POINT('',(0.,0.,18.837));
#12324 = DIRECTION('',(0.,0.,1.));
#12325 = DIRECTION('',(1.,0.,-0.));
#12326 = DEFINITIONAL_REPRESENTATION('',(#12327),#12331);
#12327 = LINE('',#12328,#12329);
#12328 = CARTESIAN_POINT('',(0.,0.));
#12329 = VECTOR('',#12330,1.);
#12330 = DIRECTION('',(1.,0.));
#12331 = ( GEOMETRIC_REPRESENTATION_CONTEXT(2) 
PARAMETRIC_REPRESENTATION_CONTEXT() REPRESENTATION_CONTEXT('2D SPACE',''
  ) );
#12332 = FACE_BOUND('',#12333,.T.);
#12333 = EDGE_LOOP('',(#12334));
#12334 = ORIENTED_EDGE('',*,*,#12335,.F.);
#12335 = EDGE_CURVE('',#12336,#12336,#12338,.T.);
#12336 = VERTEX_POINT('',#12337);
#12337 = CARTESIAN_POINT('',(3.175,0.,18.837));
#12338 = SURFACE_CURVE('',#12339,(#12344,#12355),.PCURVE_S1.);
#12339 = CIRCLE('',#12340,3.175);
#12340 = AXIS2_PLACEMENT_3D('',#12341,#12342,#12343);
#12341 = CARTESIAN_POINT('',(0.,0.,18.837));
#12342 = DIRECTION('',(0.,0.,-1.));
#12343 = DIRECTION('',(1.,0.,0.));
#12344 = PCURVE('',#12309,#12345);
#12345 = DEFINITIONAL_REPRESENTATION('',(#12346),#12354);
#12346 = ( BOUNDED_CURVE() B_SPLINE_CURVE(2,(#12347,#12348,#12349,#12350
    ,#12351,#12352,#12353),.UNSPECIFIED.,.T.,.F.) 
B_SPLINE_CURVE_WITH_KNOTS((1,2,2,2,2,1),(-2.094395102393,0.,
    2.094395102393,4.188790204786,6.28318530718,8.377580409573),
.UNSPECIFIED.) CURVE() GEOMETRIC_REPRESENTATION_ITEM() 
RATIONAL_B_SPLINE_CURVE((1.,0.5,1.,0.5,1.,0.5,1.)) REPRESENTATION_ITEM(
  '') );
#12347 = CARTESIAN_POINT('',(3.175,0.));
#12348 = CARTESIAN_POINT('',(3.175,-5.499261314031));
#12349 = CARTESIAN_POINT('',(-1.5875,-2.749630657016));
#12350 = CARTESIAN_POINT('',(-6.35,-7.776507174586E-16));
#12351 = CARTESIAN_POINT('',(-1.5875,2.749630657016));
#12352 = CARTESIAN_POINT('',(3.175,5.499261314031));
#12353 = CARTESIAN_POINT('',(3.175,0.));
#12354 = ( GEOMETRIC_REPRESENTATION_CONTEXT(2) 
PARAMETRIC_REPRESENTATION_CONTEXT() REPRESENTATION_CONTEXT('2D SPACE',''
  ) );
#12355 = PCURVE('',#12356,#12361);
#12356 = CYLINDRICAL_SURFACE('',#12357,3.175);
#12357 = AXIS2_PLACEMENT_3D('',#12358,#12359,#12360);
#12358 = CARTESIAN_POINT('',(0.,0.,0.));
#12359 = DIRECTION('',(-0.,-0.,-1.));
#12360 = DIRECTION('',(1.,0.,0.));
#12361 = DEFINITIONAL_REPRESENTATION('',(#12362),#12366);
#12362 = LINE('',#12363,#12364);
#12363 = CARTESIAN_POINT('',(-6.28318530718,-18.837));
#12364 = VECTOR('',#12365,1.);
#12365 = DIRECTION('',(1.,-0.));
#12366 = ( GEOMETRIC_REPRESENTATION_CONTEXT(2) 
PARAMETRIC_REPRESENTATION_CONTEXT() REPRESENTATION_CONTEXT('2D SPACE',''
  ) );
#12367 = ADVANCED_FACE('',(#12368),#12321,.T.);
#12368 = FACE_BOUND('',#12369,.T.);
#12369 = EDGE_LOOP('',(#12370,#12371,#12394,#12421));
#12370 = ORIENTED_EDGE('',*,*,#12299,.T.);
#12371 = ORIENTED_EDGE('',*,*,#12372,.T.);
#12372 = EDGE_CURVE('',#12300,#12373,#12375,.T.);
#12373 = VERTEX_POINT('',#12374);
#12374 = CARTESIAN_POINT('',(5.32,0.,19.));
#12375 = SEAM_CURVE('',#12376,(#12380,#12387),.PCURVE_S1.);
#12376 = LINE('',#12377,#12378);
#12377 = CARTESIAN_POINT('',(5.3,0.,18.837));
#12378 = VECTOR('',#12379,1.);
#12379 = DIRECTION('',(0.121786058188,0.,0.992556374233));
#12380 = PCURVE('',#12321,#12381);
#12381 = DEFINITIONAL_REPRESENTATION('',(#12382),#12386);
#12382 = LINE('',#12383,#12384);
#12383 = CARTESIAN_POINT('',(0.,0.));
#12384 = VECTOR('',#12385,1.);
#12385 = DIRECTION('',(0.,1.));
#12386 = ( GEOMETRIC_REPRESENTATION_CONTEXT(2) 
PARAMETRIC_REPRESENTATION_CONTEXT() REPRESENTATION_CONTEXT('2D SPACE',''
  ) );
#12387 = PCURVE('',#12321,#12388);
#12388 = DEFINITIONAL_REPRESENTATION('',(#12389),#12393);
#12389 = LINE('',#12390,#12391);
#12390 = CARTESIAN_POINT('',(6.28318530718,0.));
#12391 = VECTOR('',#12392,1.);
#12392 = DIRECTION('',(0.,1.));
#12393 = ( GEOMETRIC_REPRESENTATION_CONTEXT(2) 
PARAMETRIC_REPRESENTATION_CONTEXT() REPRESENTATION_CONTEXT('2D SPACE',''
  ) );
#12394 = ORIENTED_EDGE('',*,*,#12395,.F.);
#12395 = EDGE_CURVE('',#12373,#12373,#12396,.T.);
#12396 = SURFACE_CURVE('',#12397,(#12402,#12409),.PCURVE_S1.);
#12397 = CIRCLE('',#12398,5.32);
#12398 = AXIS2_PLACEMENT_3D('',#12399,#12400,#12401);
#12399 = CARTESIAN_POINT('',(0.,0.,19.));
#12400 = DIRECTION('',(0.,0.,1.));
#12401 = DIRECTION('',(1.,0.,-0.));
#12402 = PCURVE('',#12321,#12403);
#12403 = DEFINITIONAL_REPRESENTATION('',(#12404),#12408);
#12404 = LINE('',#12405,#12406);
#12405 = CARTESIAN_POINT('',(0.,0.163));
#12406 = VECTOR('',#12407,1.);
#12407 = DIRECTION('',(1.,0.));
#12408 = ( GEOMETRIC_REPRESENTATION_CONTEXT(2) 
PARAMETRIC_REPRESENTATION_CONTEXT() REPRESENTATION_CONTEXT('2D SPACE',''
  ) );
#12409 = PCURVE('',#12410,#12415);
#12410 = CONICAL_SURFACE('',#12411,5.32,0.19739555985);
#12411 = AXIS2_PLACEMENT_3D('',#12412,#12413,#12414);
#12412 = CARTESIAN_POINT('',(0.,0.,19.));
#12413 = DIRECTION('',(-0.,-0.,-1.));
#12414 = DIRECTION('',(1.,0.,-0.));
#12415 = DEFINITIONAL_REPRESENTATION('',(#12416),#12420);
#12416 = LINE('',#12417,#12418);
#12417 = CARTESIAN_POINT('',(-0.,-0.));
#12418 = VECTOR('',#12419,1.);
#12419 = DIRECTION('',(-1.,-0.));
#12420 = ( GEOMETRIC_REPRESENTATION_CONTEXT(2) 
PARAMETRIC_REPRESENTATION_CONTEXT() REPRESENTATION_CONTEXT('2D SPACE',''
  ) );
#12421 = ORIENTED_EDGE('',*,*,#12372,.F.);
#12422 = ADVANCED_FACE('',(#12423),#12356,.F.);
#12423 = FACE_BOUND('',#12424,.T.);
#12424 = EDGE_LOOP('',(#12425,#12426,#12449,#12480));
#12425 = ORIENTED_EDGE('',*,*,#12335,.T.);
#12426 = ORIENTED_EDGE('',*,*,#12427,.T.);
#12427 = EDGE_CURVE('',#12336,#12428,#12430,.T.);
#12428 = VERTEX_POINT('',#12429);
#12429 = CARTESIAN_POINT('',(3.175,0.,20.56239));
#12430 = SEAM_CURVE('',#12431,(#12435,#12442),.PCURVE_S1.);
#12431 = LINE('',#12432,#12433);
#12432 = CARTESIAN_POINT('',(3.175,0.,0.));
#12433 = VECTOR('',#12434,1.);
#12434 = DIRECTION('',(0.,0.,1.));
#12435 = PCURVE('',#12356,#12436);
#12436 = DEFINITIONAL_REPRESENTATION('',(#12437),#12441);
#12437 = LINE('',#12438,#12439);
#12438 = CARTESIAN_POINT('',(-6.28318530718,0.));
#12439 = VECTOR('',#12440,1.);
#12440 = DIRECTION('',(-0.,-1.));
#12441 = ( GEOMETRIC_REPRESENTATION_CONTEXT(2) 
PARAMETRIC_REPRESENTATION_CONTEXT() REPRESENTATION_CONTEXT('2D SPACE',''
  ) );
#12442 = PCURVE('',#12356,#12443);
#12443 = DEFINITIONAL_REPRESENTATION('',(#12444),#12448);
#12444 = LINE('',#12445,#12446);
#12445 = CARTESIAN_POINT('',(-0.,0.));
#12446 = VECTOR('',#12447,1.);
#12447 = DIRECTION('',(-0.,-1.));
#12448 = ( GEOMETRIC_REPRESENTATION_CONTEXT(2) 
PARAMETRIC_REPRESENTATION_CONTEXT() REPRESENTATION_CONTEXT('2D SPACE',''
  ) );
#12449 = ORIENTED_EDGE('',*,*,#12450,.F.);
#12450 = EDGE_CURVE('',#12428,#12428,#12451,.T.);
#12451 = SURFACE_CURVE('',#12452,(#12457,#12464),.PCURVE_S1.);
#12452 = CIRCLE('',#12453,3.175);
#12453 = AXIS2_PLACEMENT_3D('',#12454,#12455,#12456);
#12454 = CARTESIAN_POINT('',(0.,0.,20.56239));
#12455 = DIRECTION('',(0.,0.,-1.));
#12456 = DIRECTION('',(1.,0.,0.));
#12457 = PCURVE('',#12356,#12458);
#12458 = DEFINITIONAL_REPRESENTATION('',(#12459),#12463);
#12459 = LINE('',#12460,#12461);
#12460 = CARTESIAN_POINT('',(-6.28318530718,-20.56239));
#12461 = VECTOR('',#12462,1.);
#12462 = DIRECTION('',(1.,-0.));
#12463 = ( GEOMETRIC_REPRESENTATION_CONTEXT(2) 
PARAMETRIC_REPRESENTATION_CONTEXT() REPRESENTATION_CONTEXT('2D SPACE',''
  ) );
#12464 = PCURVE('',#12465,#12470);
#12465 = PLANE('',#12466);
#12466 = AXIS2_PLACEMENT_3D('',#12467,#12468,#12469);
#12467 = CARTESIAN_POINT('',(0.,0.,20.56239));
#12468 = DIRECTION('',(0.,0.,1.));
#12469 = DIRECTION('',(1.,0.,-0.));
#12470 = DEFINITIONAL_REPRESENTATION('',(#12471),#12479);
#12471 = ( BOUNDED_CURVE() B_SPLINE_CURVE(2,(#12472,#12473,#12474,#12475
    ,#12476,#12477,#12478),.UNSPECIFIED.,.T.,.F.) 
B_SPLINE_CURVE_WITH_KNOTS((1,2,2,2,2,1),(-2.094395102393,0.,
    2.094395102393,4.188790204786,6.28318530718,8.377580409573),
.UNSPECIFIED.) CURVE() GEOMETRIC_REPRESENTATION_ITEM() 
RATIONAL_B_SPLINE_CURVE((1.,0.5,1.,0.5,1.,0.5,1.)) REPRESENTATION_ITEM(
  '') );
#12472 = CARTESIAN_POINT('',(3.175,0.));
#12473 = CARTESIAN_POINT('',(3.175,-5.499261314031));
#12474 = CARTESIAN_POINT('',(-1.5875,-2.749630657016));
#12475 = CARTESIAN_POINT('',(-6.35,-7.776507174586E-16));
#12476 = CARTESIAN_POINT('',(-1.5875,2.749630657016));
#12477 = CARTESIAN_POINT('',(3.175,5.499261314031));
#12478 = CARTESIAN_POINT('',(3.175,0.));
#12479 = ( GEOMETRIC_REPRESENTATION_CONTEXT(2) 
PARAMETRIC_REPRESENTATION_CONTEXT() REPRESENTATION_CONTEXT('2D SPACE',''
  ) );
#12480 = ORIENTED_EDGE('',*,*,#12427,.F.);
#12481 = ADVANCED_FACE('',(#12482),#12410,.T.);
#12482 = FACE_BOUND('',#12483,.T.);
#12483 = EDGE_LOOP('',(#12484,#12485,#12508,#12535));
#12484 = ORIENTED_EDGE('',*,*,#12395,.T.);
#12485 = ORIENTED_EDGE('',*,*,#12486,.T.);
#12486 = EDGE_CURVE('',#12373,#12487,#12489,.T.);
#12487 = VERTEX_POINT('',#12488);
#12488 = CARTESIAN_POINT('',(5.27,0.,19.25));
#12489 = SEAM_CURVE('',#12490,(#12494,#12501),.PCURVE_S1.);
#12490 = LINE('',#12491,#12492);
#12491 = CARTESIAN_POINT('',(5.32,0.,19.));
#12492 = VECTOR('',#12493,1.);
#12493 = DIRECTION('',(-0.196116135138,0.,0.980580675691));
#12494 = PCURVE('',#12410,#12495);
#12495 = DEFINITIONAL_REPRESENTATION('',(#12496),#12500);
#12496 = LINE('',#12497,#12498);
#12497 = CARTESIAN_POINT('',(-0.,-0.));
#12498 = VECTOR('',#12499,1.);
#12499 = DIRECTION('',(-0.,-1.));
#12500 = ( GEOMETRIC_REPRESENTATION_CONTEXT(2) 
PARAMETRIC_REPRESENTATION_CONTEXT() REPRESENTATION_CONTEXT('2D SPACE',''
  ) );
#12501 = PCURVE('',#12410,#12502);
#12502 = DEFINITIONAL_REPRESENTATION('',(#12503),#12507);
#12503 = LINE('',#12504,#12505);
#12504 = CARTESIAN_POINT('',(-6.28318530718,-0.));
#12505 = VECTOR('',#12506,1.);
#12506 = DIRECTION('',(-0.,-1.));
#12507 = ( GEOMETRIC_REPRESENTATION_CONTEXT(2) 
PARAMETRIC_REPRESENTATION_CONTEXT() REPRESENTATION_CONTEXT('2D SPACE',''
  ) );
#12508 = ORIENTED_EDGE('',*,*,#12509,.F.);
#12509 = EDGE_CURVE('',#12487,#12487,#12510,.T.);
#12510 = SURFACE_CURVE('',#12511,(#12516,#12523),.PCURVE_S1.);
#12511 = CIRCLE('',#12512,5.27);
#12512 = AXIS2_PLACEMENT_3D('',#12513,#12514,#12515);
#12513 = CARTESIAN_POINT('',(0.,0.,19.25));
#12514 = DIRECTION('',(0.,0.,1.));
#12515 = DIRECTION('',(1.,0.,-0.));
#12516 = PCURVE('',#12410,#12517);
#12517 = DEFINITIONAL_REPRESENTATION('',(#12518),#12522);
#12518 = LINE('',#12519,#12520);
#12519 = CARTESIAN_POINT('',(-0.,-0.25));
#12520 = VECTOR('',#12521,1.);
#12521 = DIRECTION('',(-1.,-0.));
#12522 = ( GEOMETRIC_REPRESENTATION_CONTEXT(2) 
PARAMETRIC_REPRESENTATION_CONTEXT() REPRESENTATION_CONTEXT('2D SPACE',''
  ) );
#12523 = PCURVE('',#12524,#12529);
#12524 = CONICAL_SURFACE('',#12525,5.27,3.997868712329E-02);
#12525 = AXIS2_PLACEMENT_3D('',#12526,#12527,#12528);
#12526 = CARTESIAN_POINT('',(0.,0.,19.25));
#12527 = DIRECTION('',(-0.,-0.,-1.));
#12528 = DIRECTION('',(1.,0.,-0.));
#12529 = DEFINITIONAL_REPRESENTATION('',(#12530),#12534);
#12530 = LINE('',#12531,#12532);
#12531 = CARTESIAN_POINT('',(-0.,-0.));
#12532 = VECTOR('',#12533,1.);
#12533 = DIRECTION('',(-1.,-0.));
#12534 = ( GEOMETRIC_REPRESENTATION_CONTEXT(2) 
PARAMETRIC_REPRESENTATION_CONTEXT() REPRESENTATION_CONTEXT('2D SPACE',''
  ) );
#12535 = ORIENTED_EDGE('',*,*,#12486,.F.);
#12536 = ADVANCED_FACE('',(#12537,#12568),#12465,.T.);
#12537 = FACE_BOUND('',#12538,.T.);
#12538 = EDGE_LOOP('',(#12539));
#12539 = ORIENTED_EDGE('',*,*,#12540,.T.);
#12540 = EDGE_CURVE('',#12541,#12541,#12543,.T.);
#12541 = VERTEX_POINT('',#12542);
#12542 = CARTESIAN_POINT('',(4.73,0.,20.56239));
#12543 = SURFACE_CURVE('',#12544,(#12549,#12556),.PCURVE_S1.);
#12544 = CIRCLE('',#12545,4.73);
#12545 = AXIS2_PLACEMENT_3D('',#12546,#12547,#12548);
#12546 = CARTESIAN_POINT('',(0.,0.,20.56239));
#12547 = DIRECTION('',(0.,0.,1.));
#12548 = DIRECTION('',(1.,0.,-0.));
#12549 = PCURVE('',#12465,#12550);
#12550 = DEFINITIONAL_REPRESENTATION('',(#12551),#12555);
#12551 = CIRCLE('',#12552,4.73);
#12552 = AXIS2_PLACEMENT_2D('',#12553,#12554);
#12553 = CARTESIAN_POINT('',(0.,0.));
#12554 = DIRECTION('',(1.,0.));
#12555 = ( GEOMETRIC_REPRESENTATION_CONTEXT(2) 
PARAMETRIC_REPRESENTATION_CONTEXT() REPRESENTATION_CONTEXT('2D SPACE',''
  ) );
#12556 = PCURVE('',#12557,#12562);
#12557 = CONICAL_SURFACE('',#12558,4.92,1.253520829102);
#12558 = AXIS2_PLACEMENT_3D('',#12559,#12560,#12561);
#12559 = CARTESIAN_POINT('',(0.,0.,20.5));
#12560 = DIRECTION('',(-0.,-0.,-1.));
#12561 = DIRECTION('',(1.,0.,-0.));
#12562 = DEFINITIONAL_REPRESENTATION('',(#12563),#12567);
#12563 = LINE('',#12564,#12565);
#12564 = CARTESIAN_POINT('',(-0.,-6.239E-02));
#12565 = VECTOR('',#12566,1.);
#12566 = DIRECTION('',(-1.,-0.));
#12567 = ( GEOMETRIC_REPRESENTATION_CONTEXT(2) 
PARAMETRIC_REPRESENTATION_CONTEXT() REPRESENTATION_CONTEXT('2D SPACE',''
  ) );
#12568 = FACE_BOUND('',#12569,.T.);
#12569 = EDGE_LOOP('',(#12570));
#12570 = ORIENTED_EDGE('',*,*,#12450,.T.);
#12571 = ADVANCED_FACE('',(#12572),#12524,.T.);
#12572 = FACE_BOUND('',#12573,.T.);
#12573 = EDGE_LOOP('',(#12574,#12575,#12598,#12625));
#12574 = ORIENTED_EDGE('',*,*,#12509,.T.);
#12575 = ORIENTED_EDGE('',*,*,#12576,.T.);
#12576 = EDGE_CURVE('',#12487,#12577,#12579,.T.);
#12577 = VERTEX_POINT('',#12578);
#12578 = CARTESIAN_POINT('',(5.26,0.,19.5));
#12579 = SEAM_CURVE('',#12580,(#12584,#12591),.PCURVE_S1.);
#12580 = LINE('',#12581,#12582);
#12581 = CARTESIAN_POINT('',(5.27,0.,19.25));
#12582 = VECTOR('',#12583,1.);
#12583 = DIRECTION('',(-3.996803834887E-02,0.,0.999200958722));
#12584 = PCURVE('',#12524,#12585);
#12585 = DEFINITIONAL_REPRESENTATION('',(#12586),#12590);
#12586 = LINE('',#12587,#12588);
#12587 = CARTESIAN_POINT('',(-0.,-0.));
#12588 = VECTOR('',#12589,1.);
#12589 = DIRECTION('',(-0.,-1.));
#12590 = ( GEOMETRIC_REPRESENTATION_CONTEXT(2) 
PARAMETRIC_REPRESENTATION_CONTEXT() REPRESENTATION_CONTEXT('2D SPACE',''
  ) );
#12591 = PCURVE('',#12524,#12592);
#12592 = DEFINITIONAL_REPRESENTATION('',(#12593),#12597);
#12593 = LINE('',#12594,#12595);
#12594 = CARTESIAN_POINT('',(-6.28318530718,-0.));
#12595 = VECTOR('',#12596,1.);
#12596 = DIRECTION('',(-0.,-1.));
#12597 = ( GEOMETRIC_REPRESENTATION_CONTEXT(2) 
PARAMETRIC_REPRESENTATION_CONTEXT() REPRESENTATION_CONTEXT('2D SPACE',''
  ) );
#12598 = ORIENTED_EDGE('',*,*,#12599,.F.);
#12599 = EDGE_CURVE('',#12577,#12577,#12600,.T.);
#12600 = SURFACE_CURVE('',#12601,(#12606,#12613),.PCURVE_S1.);
#12601 = CIRCLE('',#12602,5.26);
#12602 = AXIS2_PLACEMENT_3D('',#12603,#12604,#12605);
#12603 = CARTESIAN_POINT('',(0.,0.,19.5));
#12604 = DIRECTION('',(0.,0.,1.));
#12605 = DIRECTION('',(1.,0.,-0.));
#12606 = PCURVE('',#12524,#12607);
#12607 = DEFINITIONAL_REPRESENTATION('',(#12608),#12612);
#12608 = LINE('',#12609,#12610);
#12609 = CARTESIAN_POINT('',(-0.,-0.25));
#12610 = VECTOR('',#12611,1.);
#12611 = DIRECTION('',(-1.,-0.));
#12612 = ( GEOMETRIC_REPRESENTATION_CONTEXT(2) 
PARAMETRIC_REPRESENTATION_CONTEXT() REPRESENTATION_CONTEXT('2D SPACE',''
  ) );
#12613 = PCURVE('',#12614,#12619);
#12614 = CONICAL_SURFACE('',#12615,5.26,0.119428926018);
#12615 = AXIS2_PLACEMENT_3D('',#12616,#12617,#12618);
#12616 = CARTESIAN_POINT('',(0.,0.,19.5));
#12617 = DIRECTION('',(-0.,-0.,-1.));
#12618 = DIRECTION('',(1.,0.,-0.));
#12619 = DEFINITIONAL_REPRESENTATION('',(#12620),#12624);
#12620 = LINE('',#12621,#12622);
#12621 = CARTESIAN_POINT('',(-0.,-0.));
#12622 = VECTOR('',#12623,1.);
#12623 = DIRECTION('',(-1.,-0.));
#12624 = ( GEOMETRIC_REPRESENTATION_CONTEXT(2) 
PARAMETRIC_REPRESENTATION_CONTEXT() REPRESENTATION_CONTEXT('2D SPACE',''
  ) );
#12625 = ORIENTED_EDGE('',*,*,#12576,.F.);
#12626 = ADVANCED_FACE('',(#12627),#12557,.T.);
#12627 = FACE_BOUND('',#12628,.T.);
#12628 = EDGE_LOOP('',(#12629,#12658,#12679,#12680));
#12629 = ORIENTED_EDGE('',*,*,#12630,.T.);
#12630 = EDGE_CURVE('',#12631,#12631,#12633,.T.);
#12631 = VERTEX_POINT('',#12632);
#12632 = CARTESIAN_POINT('',(4.92,0.,20.5));
#12633 = SURFACE_CURVE('',#12634,(#12639,#12646),.PCURVE_S1.);
#12634 = CIRCLE('',#12635,4.92);
#12635 = AXIS2_PLACEMENT_3D('',#12636,#12637,#12638);
#12636 = CARTESIAN_POINT('',(0.,0.,20.5));
#12637 = DIRECTION('',(0.,0.,1.));
#12638 = DIRECTION('',(1.,0.,-0.));
#12639 = PCURVE('',#12557,#12640);
#12640 = DEFINITIONAL_REPRESENTATION('',(#12641),#12645);
#12641 = LINE('',#12642,#12643);
#12642 = CARTESIAN_POINT('',(-0.,-0.));
#12643 = VECTOR('',#12644,1.);
#12644 = DIRECTION('',(-1.,-0.));
#12645 = ( GEOMETRIC_REPRESENTATION_CONTEXT(2) 
PARAMETRIC_REPRESENTATION_CONTEXT() REPRESENTATION_CONTEXT('2D SPACE',''
  ) );
#12646 = PCURVE('',#12647,#12652);
#12647 = CONICAL_SURFACE('',#12648,5.06,0.950546840812);
#12648 = AXIS2_PLACEMENT_3D('',#12649,#12650,#12651);
#12649 = CARTESIAN_POINT('',(0.,0.,20.4));
#12650 = DIRECTION('',(-0.,-0.,-1.));
#12651 = DIRECTION('',(1.,0.,-0.));
#12652 = DEFINITIONAL_REPRESENTATION('',(#12653),#12657);
#12653 = LINE('',#12654,#12655);
#12654 = CARTESIAN_POINT('',(-0.,-0.1));
#12655 = VECTOR('',#12656,1.);
#12656 = DIRECTION('',(-1.,-0.));
#12657 = ( GEOMETRIC_REPRESENTATION_CONTEXT(2) 
PARAMETRIC_REPRESENTATION_CONTEXT() REPRESENTATION_CONTEXT('2D SPACE',''
  ) );
#12658 = ORIENTED_EDGE('',*,*,#12659,.T.);
#12659 = EDGE_CURVE('',#12631,#12541,#12660,.T.);
#12660 = SEAM_CURVE('',#12661,(#12665,#12672),.PCURVE_S1.);
#12661 = LINE('',#12662,#12663);
#12662 = CARTESIAN_POINT('',(4.92,0.,20.5));
#12663 = VECTOR('',#12664,1.);
#12664 = DIRECTION('',(-0.950088931298,0.,0.31197920223));
#12665 = PCURVE('',#12557,#12666);
#12666 = DEFINITIONAL_REPRESENTATION('',(#12667),#12671);
#12667 = LINE('',#12668,#12669);
#12668 = CARTESIAN_POINT('',(-0.,-0.));
#12669 = VECTOR('',#12670,1.);
#12670 = DIRECTION('',(-0.,-1.));
#12671 = ( GEOMETRIC_REPRESENTATION_CONTEXT(2) 
PARAMETRIC_REPRESENTATION_CONTEXT() REPRESENTATION_CONTEXT('2D SPACE',''
  ) );
#12672 = PCURVE('',#12557,#12673);
#12673 = DEFINITIONAL_REPRESENTATION('',(#12674),#12678);
#12674 = LINE('',#12675,#12676);
#12675 = CARTESIAN_POINT('',(-6.28318530718,-0.));
#12676 = VECTOR('',#12677,1.);
#12677 = DIRECTION('',(-0.,-1.));
#12678 = ( GEOMETRIC_REPRESENTATION_CONTEXT(2) 
PARAMETRIC_REPRESENTATION_CONTEXT() REPRESENTATION_CONTEXT('2D SPACE',''
  ) );
#12679 = ORIENTED_EDGE('',*,*,#12540,.F.);
#12680 = ORIENTED_EDGE('',*,*,#12659,.F.);
#12681 = ADVANCED_FACE('',(#12682),#12614,.T.);
#12682 = FACE_BOUND('',#12683,.T.);
#12683 = EDGE_LOOP('',(#12684,#12685,#12708,#12735));
#12684 = ORIENTED_EDGE('',*,*,#12599,.T.);
#12685 = ORIENTED_EDGE('',*,*,#12686,.T.);
#12686 = EDGE_CURVE('',#12577,#12687,#12689,.T.);
#12687 = VERTEX_POINT('',#12688);
#12688 = CARTESIAN_POINT('',(5.23,0.,19.75));
#12689 = SEAM_CURVE('',#12690,(#12694,#12701),.PCURVE_S1.);
#12690 = LINE('',#12691,#12692);
#12691 = CARTESIAN_POINT('',(5.26,0.,19.5));
#12692 = VECTOR('',#12693,1.);
#12693 = DIRECTION('',(-0.119145220618,0.,0.992876838487));
#12694 = PCURVE('',#12614,#12695);
#12695 = DEFINITIONAL_REPRESENTATION('',(#12696),#12700);
#12696 = LINE('',#12697,#12698);
#12697 = CARTESIAN_POINT('',(-0.,-0.));
#12698 = VECTOR('',#12699,1.);
#12699 = DIRECTION('',(-0.,-1.));
#12700 = ( GEOMETRIC_REPRESENTATION_CONTEXT(2) 
PARAMETRIC_REPRESENTATION_CONTEXT() REPRESENTATION_CONTEXT('2D SPACE',''
  ) );
#12701 = PCURVE('',#12614,#12702);
#12702 = DEFINITIONAL_REPRESENTATION('',(#12703),#12707);
#12703 = LINE('',#12704,#12705);
#12704 = CARTESIAN_POINT('',(-6.28318530718,-0.));
#12705 = VECTOR('',#12706,1.);
#12706 = DIRECTION('',(-0.,-1.));
#12707 = ( GEOMETRIC_REPRESENTATION_CONTEXT(2) 
PARAMETRIC_REPRESENTATION_CONTEXT() REPRESENTATION_CONTEXT('2D SPACE',''
  ) );
#12708 = ORIENTED_EDGE('',*,*,#12709,.F.);
#12709 = EDGE_CURVE('',#12687,#12687,#12710,.T.);
#12710 = SURFACE_CURVE('',#12711,(#12716,#12723),.PCURVE_S1.);
#12711 = CIRCLE('',#12712,5.23);
#12712 = AXIS2_PLACEMENT_3D('',#12713,#12714,#12715);
#12713 = CARTESIAN_POINT('',(0.,0.,19.75));
#12714 = DIRECTION('',(0.,0.,1.));
#12715 = DIRECTION('',(1.,0.,-0.));
#12716 = PCURVE('',#12614,#12717);
#12717 = DEFINITIONAL_REPRESENTATION('',(#12718),#12722);
#12718 = LINE('',#12719,#12720);
#12719 = CARTESIAN_POINT('',(-0.,-0.25));
#12720 = VECTOR('',#12721,1.);
#12721 = DIRECTION('',(-1.,-0.));
#12722 = ( GEOMETRIC_REPRESENTATION_CONTEXT(2) 
PARAMETRIC_REPRESENTATION_CONTEXT() REPRESENTATION_CONTEXT('2D SPACE',''
  ) );
#12723 = PCURVE('',#12724,#12729);
#12724 = CONICAL_SURFACE('',#12725,5.23,7.982998571224E-02);
#12725 = AXIS2_PLACEMENT_3D('',#12726,#12727,#12728);
#12726 = CARTESIAN_POINT('',(0.,0.,19.75));
#12727 = DIRECTION('',(-0.,-0.,-1.));
#12728 = DIRECTION('',(1.,0.,-0.));
#12729 = DEFINITIONAL_REPRESENTATION('',(#12730),#12734);
#12730 = LINE('',#12731,#12732);
#12731 = CARTESIAN_POINT('',(-0.,-0.));
#12732 = VECTOR('',#12733,1.);
#12733 = DIRECTION('',(-1.,-0.));
#12734 = ( GEOMETRIC_REPRESENTATION_CONTEXT(2) 
PARAMETRIC_REPRESENTATION_CONTEXT() REPRESENTATION_CONTEXT('2D SPACE',''
  ) );
#12735 = ORIENTED_EDGE('',*,*,#12686,.F.);
#12736 = ADVANCED_FACE('',(#12737),#12647,.T.);
#12737 = FACE_BOUND('',#12738,.T.);
#12738 = EDGE_LOOP('',(#12739,#12768,#12789,#12790));
#12739 = ORIENTED_EDGE('',*,*,#12740,.T.);
#12740 = EDGE_CURVE('',#12741,#12741,#12743,.T.);
#12741 = VERTEX_POINT('',#12742);
#12742 = CARTESIAN_POINT('',(5.06,0.,20.4));
#12743 = SURFACE_CURVE('',#12744,(#12749,#12756),.PCURVE_S1.);
#12744 = CIRCLE('',#12745,5.06);
#12745 = AXIS2_PLACEMENT_3D('',#12746,#12747,#12748);
#12746 = CARTESIAN_POINT('',(0.,0.,20.4));
#12747 = DIRECTION('',(0.,0.,1.));
#12748 = DIRECTION('',(1.,0.,-0.));
#12749 = PCURVE('',#12647,#12750);
#12750 = DEFINITIONAL_REPRESENTATION('',(#12751),#12755);
#12751 = LINE('',#12752,#12753);
#12752 = CARTESIAN_POINT('',(-0.,-0.));
#12753 = VECTOR('',#12754,1.);
#12754 = DIRECTION('',(-1.,-0.));
#12755 = ( GEOMETRIC_REPRESENTATION_CONTEXT(2) 
PARAMETRIC_REPRESENTATION_CONTEXT() REPRESENTATION_CONTEXT('2D SPACE',''
  ) );
#12756 = PCURVE('',#12757,#12762);
#12757 = CONICAL_SURFACE('',#12758,5.15,0.540419500271);
#12758 = AXIS2_PLACEMENT_3D('',#12759,#12760,#12761);
#12759 = CARTESIAN_POINT('',(0.,0.,20.25));
#12760 = DIRECTION('',(-0.,-0.,-1.));
#12761 = DIRECTION('',(1.,0.,-0.));
#12762 = DEFINITIONAL_REPRESENTATION('',(#12763),#12767);
#12763 = LINE('',#12764,#12765);
#12764 = CARTESIAN_POINT('',(-0.,-0.15));
#12765 = VECTOR('',#12766,1.);
#12766 = DIRECTION('',(-1.,-0.));
#12767 = ( GEOMETRIC_REPRESENTATION_CONTEXT(2) 
PARAMETRIC_REPRESENTATION_CONTEXT() REPRESENTATION_CONTEXT('2D SPACE',''
  ) );
#12768 = ORIENTED_EDGE('',*,*,#12769,.T.);
#12769 = EDGE_CURVE('',#12741,#12631,#12770,.T.);
#12770 = SEAM_CURVE('',#12771,(#12775,#12782),.PCURVE_S1.);
#12771 = LINE('',#12772,#12773);
#12772 = CARTESIAN_POINT('',(5.06,0.,20.4));
#12773 = VECTOR('',#12774,1.);
#12774 = DIRECTION('',(-0.813733471207,0.,0.581238193719));
#12775 = PCURVE('',#12647,#12776);
#12776 = DEFINITIONAL_REPRESENTATION('',(#12777),#12781);
#12777 = LINE('',#12778,#12779);
#12778 = CARTESIAN_POINT('',(-0.,-0.));
#12779 = VECTOR('',#12780,1.);
#12780 = DIRECTION('',(-0.,-1.));
#12781 = ( GEOMETRIC_REPRESENTATION_CONTEXT(2) 
PARAMETRIC_REPRESENTATION_CONTEXT() REPRESENTATION_CONTEXT('2D SPACE',''
  ) );
#12782 = PCURVE('',#12647,#12783);
#12783 = DEFINITIONAL_REPRESENTATION('',(#12784),#12788);
#12784 = LINE('',#12785,#12786);
#12785 = CARTESIAN_POINT('',(-6.28318530718,-0.));
#12786 = VECTOR('',#12787,1.);
#12787 = DIRECTION('',(-0.,-1.));
#12788 = ( GEOMETRIC_REPRESENTATION_CONTEXT(2) 
PARAMETRIC_REPRESENTATION_CONTEXT() REPRESENTATION_CONTEXT('2D SPACE',''
  ) );
#12789 = ORIENTED_EDGE('',*,*,#12630,.F.);
#12790 = ORIENTED_EDGE('',*,*,#12769,.F.);
#12791 = ADVANCED_FACE('',(#12792),#12724,.T.);
#12792 = FACE_BOUND('',#12793,.T.);
#12793 = EDGE_LOOP('',(#12794,#12795,#12818,#12845));
#12794 = ORIENTED_EDGE('',*,*,#12709,.T.);
#12795 = ORIENTED_EDGE('',*,*,#12796,.T.);
#12796 = EDGE_CURVE('',#12687,#12797,#12799,.T.);
#12797 = VERTEX_POINT('',#12798);
#12798 = CARTESIAN_POINT('',(5.21,0.,20.));
#12799 = SEAM_CURVE('',#12800,(#12804,#12811),.PCURVE_S1.);
#12800 = LINE('',#12801,#12802);
#12801 = CARTESIAN_POINT('',(5.23,0.,19.75));
#12802 = VECTOR('',#12803,1.);
#12803 = DIRECTION('',(-7.974522228289E-02,0.,0.996815278536));
#12804 = PCURVE('',#12724,#12805);
#12805 = DEFINITIONAL_REPRESENTATION('',(#12806),#12810);
#12806 = LINE('',#12807,#12808);
#12807 = CARTESIAN_POINT('',(-0.,-0.));
#12808 = VECTOR('',#12809,1.);
#12809 = DIRECTION('',(-0.,-1.));
#12810 = ( GEOMETRIC_REPRESENTATION_CONTEXT(2) 
PARAMETRIC_REPRESENTATION_CONTEXT() REPRESENTATION_CONTEXT('2D SPACE',''
  ) );
#12811 = PCURVE('',#12724,#12812);
#12812 = DEFINITIONAL_REPRESENTATION('',(#12813),#12817);
#12813 = LINE('',#12814,#12815);
#12814 = CARTESIAN_POINT('',(-6.28318530718,-0.));
#12815 = VECTOR('',#12816,1.);
#12816 = DIRECTION('',(-0.,-1.));
#12817 = ( GEOMETRIC_REPRESENTATION_CONTEXT(2) 
PARAMETRIC_REPRESENTATION_CONTEXT() REPRESENTATION_CONTEXT('2D SPACE',''
  ) );
#12818 = ORIENTED_EDGE('',*,*,#12819,.F.);
#12819 = EDGE_CURVE('',#12797,#12797,#12820,.T.);
#12820 = SURFACE_CURVE('',#12821,(#12826,#12833),.PCURVE_S1.);
#12821 = CIRCLE('',#12822,5.21);
#12822 = AXIS2_PLACEMENT_3D('',#12823,#12824,#12825);
#12823 = CARTESIAN_POINT('',(0.,0.,20.));
#12824 = DIRECTION('',(0.,0.,1.));
#12825 = DIRECTION('',(1.,0.,-0.));
#12826 = PCURVE('',#12724,#12827);
#12827 = DEFINITIONAL_REPRESENTATION('',(#12828),#12832);
#12828 = LINE('',#12829,#12830);
#12829 = CARTESIAN_POINT('',(-0.,-0.25));
#12830 = VECTOR('',#12831,1.);
#12831 = DIRECTION('',(-1.,-0.));
#12832 = ( GEOMETRIC_REPRESENTATION_CONTEXT(2) 
PARAMETRIC_REPRESENTATION_CONTEXT() REPRESENTATION_CONTEXT('2D SPACE',''
  ) );
#12833 = PCURVE('',#12834,#12839);
#12834 = CONICAL_SURFACE('',#12835,5.21,0.235544980721);
#12835 = AXIS2_PLACEMENT_3D('',#12836,#12837,#12838);
#12836 = CARTESIAN_POINT('',(0.,0.,20.));
#12837 = DIRECTION('',(-0.,-0.,-1.));
#12838 = DIRECTION('',(1.,0.,-0.));
#12839 = DEFINITIONAL_REPRESENTATION('',(#12840),#12844);
#12840 = LINE('',#12841,#12842);
#12841 = CARTESIAN_POINT('',(-0.,-0.));
#12842 = VECTOR('',#12843,1.);
#12843 = DIRECTION('',(-1.,-0.));
#12844 = ( GEOMETRIC_REPRESENTATION_CONTEXT(2) 
PARAMETRIC_REPRESENTATION_CONTEXT() REPRESENTATION_CONTEXT('2D SPACE',''
  ) );
#12845 = ORIENTED_EDGE('',*,*,#12796,.F.);
#12846 = ADVANCED_FACE('',(#12847),#12757,.T.);
#12847 = FACE_BOUND('',#12848,.T.);
#12848 = EDGE_LOOP('',(#12849,#12873,#12894,#12895));
#12849 = ORIENTED_EDGE('',*,*,#12850,.T.);
#12850 = EDGE_CURVE('',#12851,#12851,#12853,.T.);
#12851 = VERTEX_POINT('',#12852);
#12852 = CARTESIAN_POINT('',(5.15,0.,20.25));
#12853 = SURFACE_CURVE('',#12854,(#12859,#12866),.PCURVE_S1.);
#12854 = CIRCLE('',#12855,5.15);
#12855 = AXIS2_PLACEMENT_3D('',#12856,#12857,#12858);
#12856 = CARTESIAN_POINT('',(0.,0.,20.25));
#12857 = DIRECTION('',(0.,0.,1.));
#12858 = DIRECTION('',(1.,0.,-0.));
#12859 = PCURVE('',#12757,#12860);
#12860 = DEFINITIONAL_REPRESENTATION('',(#12861),#12865);
#12861 = LINE('',#12862,#12863);
#12862 = CARTESIAN_POINT('',(-0.,-0.));
#12863 = VECTOR('',#12864,1.);
#12864 = DIRECTION('',(-1.,-0.));
#12865 = ( GEOMETRIC_REPRESENTATION_CONTEXT(2) 
PARAMETRIC_REPRESENTATION_CONTEXT() REPRESENTATION_CONTEXT('2D SPACE',''
  ) );
#12866 = PCURVE('',#12834,#12867);
#12867 = DEFINITIONAL_REPRESENTATION('',(#12868),#12872);
#12868 = LINE('',#12869,#12870);
#12869 = CARTESIAN_POINT('',(-0.,-0.25));
#12870 = VECTOR('',#12871,1.);
#12871 = DIRECTION('',(-1.,-0.));
#12872 = ( GEOMETRIC_REPRESENTATION_CONTEXT(2) 
PARAMETRIC_REPRESENTATION_CONTEXT() REPRESENTATION_CONTEXT('2D SPACE',''
  ) );
#12873 = ORIENTED_EDGE('',*,*,#12874,.T.);
#12874 = EDGE_CURVE('',#12851,#12741,#12875,.T.);
#12875 = SEAM_CURVE('',#12876,(#12880,#12887),.PCURVE_S1.);
#12876 = LINE('',#12877,#12878);
#12877 = CARTESIAN_POINT('',(5.15,0.,20.25));
#12878 = VECTOR('',#12879,1.);
#12879 = DIRECTION('',(-0.514495755428,0.,0.857492925713));
#12880 = PCURVE('',#12757,#12881);
#12881 = DEFINITIONAL_REPRESENTATION('',(#12882),#12886);
#12882 = LINE('',#12883,#12884);
#12883 = CARTESIAN_POINT('',(-0.,-0.));
#12884 = VECTOR('',#12885,1.);
#12885 = DIRECTION('',(-0.,-1.));
#12886 = ( GEOMETRIC_REPRESENTATION_CONTEXT(2) 
PARAMETRIC_REPRESENTATION_CONTEXT() REPRESENTATION_CONTEXT('2D SPACE',''
  ) );
#12887 = PCURVE('',#12757,#12888);
#12888 = DEFINITIONAL_REPRESENTATION('',(#12889),#12893);
#12889 = LINE('',#12890,#12891);
#12890 = CARTESIAN_POINT('',(-6.28318530718,-0.));
#12891 = VECTOR('',#12892,1.);
#12892 = DIRECTION('',(-0.,-1.));
#12893 = ( GEOMETRIC_REPRESENTATION_CONTEXT(2) 
PARAMETRIC_REPRESENTATION_CONTEXT() REPRESENTATION_CONTEXT('2D SPACE',''
  ) );
#12894 = ORIENTED_EDGE('',*,*,#12740,.F.);
#12895 = ORIENTED_EDGE('',*,*,#12874,.F.);
#12896 = ADVANCED_FACE('',(#12897),#12834,.T.);
#12897 = FACE_BOUND('',#12898,.T.);
#12898 = EDGE_LOOP('',(#12899,#12900,#12921,#12922));
#12899 = ORIENTED_EDGE('',*,*,#12819,.T.);
#12900 = ORIENTED_EDGE('',*,*,#12901,.T.);
#12901 = EDGE_CURVE('',#12797,#12851,#12902,.T.);
#12902 = SEAM_CURVE('',#12903,(#12907,#12914),.PCURVE_S1.);
#12903 = LINE('',#12904,#12905);
#12904 = CARTESIAN_POINT('',(5.21,0.,20.));
#12905 = VECTOR('',#12906,1.);
#12906 = DIRECTION('',(-0.233372952475,0.,0.972387301981));
#12907 = PCURVE('',#12834,#12908);
#12908 = DEFINITIONAL_REPRESENTATION('',(#12909),#12913);
#12909 = LINE('',#12910,#12911);
#12910 = CARTESIAN_POINT('',(-0.,-0.));
#12911 = VECTOR('',#12912,1.);
#12912 = DIRECTION('',(-0.,-1.));
#12913 = ( GEOMETRIC_REPRESENTATION_CONTEXT(2) 
PARAMETRIC_REPRESENTATION_CONTEXT() REPRESENTATION_CONTEXT('2D SPACE',''
  ) );
#12914 = PCURVE('',#12834,#12915);
#12915 = DEFINITIONAL_REPRESENTATION('',(#12916),#12920);
#12916 = LINE('',#12917,#12918);
#12917 = CARTESIAN_POINT('',(-6.28318530718,-0.));
#12918 = VECTOR('',#12919,1.);
#12919 = DIRECTION('',(-0.,-1.));
#12920 = ( GEOMETRIC_REPRESENTATION_CONTEXT(2) 
PARAMETRIC_REPRESENTATION_CONTEXT() REPRESENTATION_CONTEXT('2D SPACE',''
  ) );
#12921 = ORIENTED_EDGE('',*,*,#12850,.F.);
#12922 = ORIENTED_EDGE('',*,*,#12901,.F.);
#12923 = ( GEOMETRIC_REPRESENTATION_CONTEXT(3) 
GLOBAL_UNCERTAINTY_ASSIGNED_CONTEXT((#12927)) 
GLOBAL_UNIT_ASSIGNED_CONTEXT((#12924,#12925,#12926)) 
REPRESENTATION_CONTEXT('Context #1',
  '3D Context with UNIT and UNCERTAINTY') );
#12924 = ( LENGTH_UNIT() NAMED_UNIT(*) SI_UNIT(.MILLI.,.METRE.) );
#12925 = ( NAMED_UNIT(*) PLANE_ANGLE_UNIT() SI_UNIT($,.RADIAN.) );
#12926 = ( NAMED_UNIT(*) SI_UNIT($,.STERADIAN.) SOLID_ANGLE_UNIT() );
#12927 = UNCERTAINTY_MEASURE_WITH_UNIT(LENGTH_MEASURE(1.E-07),#12924,
  'distance_accuracy_value','confusion accuracy');
#12928 = CONTEXT_DEPENDENT_SHAPE_REPRESENTATION(#12929,#12931);
#12929 = ( REPRESENTATION_RELATIONSHIP('','',#12292,#10) 
REPRESENTATION_RELATIONSHIP_WITH_TRANSFORMATION(#12930) 
SHAPE_REPRESENTATION_RELATIONSHIP() );
#12930 = ITEM_DEFINED_TRANSFORMATION('','',#11,#23);
#12931 = PRODUCT_DEFINITION_SHAPE('Placement','Placement of an item',
  #12932);
#12932 = NEXT_ASSEMBLY_USAGE_OCCURRENCE('3','z_collet','',#5,#12287,$);
#12933 = PRODUCT_RELATED_PRODUCT_CATEGORY('part',$,(#12289));
#12934 = MECHANICAL_DESIGN_GEOMETRIC_PRESENTATION_REPRESENTATION('',(
    #12935),#12274);
#12935 = STYLED_ITEM('color',(#12936),#11644);
#12936 = PRESENTATION_STYLE_ASSIGNMENT((#12937));
#12937 = SURFACE_STYLE_USAGE(.BOTH.,#12938);
#12938 = SURFACE_SIDE_STYLE('',(#12939));
#12939 = SURFACE_STYLE_FILL_AREA(#12940);
#12940 = FILL_AREA_STYLE('',(#12941));
#12941 = FILL_AREA_STYLE_COLOUR('',#12942);
#12942 = COLOUR_RGB('',0.500000003429,0.56000001326,0.590000005974);
#12943 = MECHANICAL_DESIGN_GEOMETRIC_PRESENTATION_REPRESENTATION('',(
    #12944),#11625);
#12944 = STYLED_ITEM('color',(#12945),#41);
#12945 = PRESENTATION_STYLE_ASSIGNMENT((#12946));
#12946 = SURFACE_STYLE_USAGE(.BOTH.,#12947);
#12947 = SURFACE_SIDE_STYLE('',(#12948));
#12948 = SURFACE_STYLE_FILL_AREA(#12949);
#12949 = FILL_AREA_STYLE('',(#12950));
#12950 = FILL_AREA_STYLE_COLOUR('',#12951);
#12951 = COLOUR_RGB('',0.199999998682,0.24000000363,0.27999999963);
#12952 = MECHANICAL_DESIGN_GEOMETRIC_PRESENTATION_REPRESENTATION('',(
    #12953),#12923);
#12953 = STYLED_ITEM('color',(#12954),#12293);
#12954 = PRESENTATION_STYLE_ASSIGNMENT((#12955));
#12955 = SURFACE_STYLE_USAGE(.BOTH.,#12956);
#12956 = SURFACE_SIDE_STYLE('',(#12957));
#12957 = SURFACE_STYLE_FILL_AREA(#12958);
#12958 = FILL_AREA_STYLE('',(#12959));
#12959 = FILL_AREA_STYLE_COLOUR('',#12942);
ENDSEC;
END-ISO-10303-21;
