G90
M83
G92 X101.947000000 Y111.566000000 Z47.240000000 E24982.440629988
; LINE_WIDTH: 0.45
; Z_HEIGHT: 47.48
; LAYER_HEIGHT: 0.239998
; WIPE_START
G1 F11292.473
G1 X101.334 Y111.566 E-.23261
G1 X101.334 Y110.584 E-.3731
G1 X101.622 Y110.297 E-.15429
; WIPE_END
G1 E-.04 F1800
; FEATURE: Other object
; stop printing object, unique label id: 1901
M625
; layer num/total_layer_count: 198/258
; update layer progress
M73 L198
M991 S0 P197 ;notify layer change
M106 S0
; OBJECT_ID: 1902
; FEATURE: Other object
; start printing object, unique label id: 1902
M624 AgAAAAAAAAA=
M204 S10000
G17
G3 Z47.64 I-.012 J1.217 P1  F60000
G1 X188.126 Y111.131 Z47.64
G1 Z47.48
G1 E.8 F1800
; FEATURE: Support
; LINE_WIDTH: 0.62
G1 F7915.629
M204 S8000
G1 X188.214 Y111.186 E.00564
G1 X188.455 Y111.458 E.01966
G1 X188.65 Y111.856 E.02404
G1 X188.746 Y112.28 E.02355
G1 X188.841 Y112.369 E.00706
G1 X188.956 Y112.557 E.01196
G1 X189.01 Y112.745 E.01063
G1 X189.005 Y112.907 E.00878
G1 X188.959 Y113.013 E.00625
G1 X188.857 Y113.09 E.00693
G1 X188.684 Y113.092 E.00939
G1 X188.553 Y113.044 E.00755
G1 X188.422 Y112.955 E.00856
G1 X188.294 Y112.832 E.00962
G1 X188.02 Y112.41 E.02729
G1 X187.899 Y112.121 E.01696
G1 X187.833 Y111.876 E.01378
G1 X187.804 Y111.579 E.01619
G1 X187.839 Y111.315 E.0144
G1 X187.914 Y111.159 E.00937
G1 X187.977 Y111.109 E.00436
G1 X188.047 Y111.099 E.00385
; WIPE_START
G1 X188.214 Y111.186 E-.07164
G1 X188.455 Y111.458 E-.13783
G1 X188.65 Y111.856 E-.16853
G1 X188.746 Y112.28 E-.1651
G1 X188.841 Y112.369 E-.04948
G1 X188.956 Y112.557 E-.08384
G1 X189.01 Y112.745 E-.0745
G1 X189.009 Y112.769 E-.00908
; WIPE_END
G1 E-.04 F1800
M204 S10000
G17
G3 Z47.88 I1.054 J.608 P1  F60000
G1 X190.433 Y110.298 Z47.88
G1 Z47.48
G1 E.8 F1800
G1 F7915.629
M204 S8000
G1 X190.66 Y110.369 E.01289
G1 X190.758 Y110.421 E.00599
G1 X191.046 Y110.68 E.02102
G1 X191.273 Y111.051 E.02355
G1 X191.373 Y111.36 E.01761
G1 X191.401 Y111.706 E.01879
G1 X191.355 Y111.995 E.01586
G1 X191.26 Y112.195 E.01203
G1 X191.157 Y112.289 E.00756
G1 X191.112 Y112.298 E.00249
G1 X190.978 Y112.254 E.00763
G1 X190.818 Y112.083 E.01268
G1 X190.671 Y111.778 E.01837
G1 X190.595 Y111.434 E.01909
G1 X190.39 Y111.202 E.01679
G1 X190.223 Y110.82 E.0226
G1 X190.159 Y110.602 E.01228
G1 X190.162 Y110.448 E.00836
G1 X190.201 Y110.362 E.00514
G1 X190.268 Y110.309 E.00462
G1 X190.348 Y110.292 E.00444
; WIPE_START
G1 X190.66 Y110.369 E-.12208
G1 X190.758 Y110.421 E-.04201
G1 X191.046 Y110.68 E-.1474
G1 X191.273 Y111.051 E-.1651
G1 X191.373 Y111.36 E-.12346
G1 X191.401 Y111.706 E-.13174
G1 X191.39 Y111.779 E-.02822
; WIPE_END
G1 E-.04 F1800
M204 S10000
G17
G3 Z47.88 I1.196 J.227 P1  F60000
G1 X191.963 Y108.764 Z47.88
G1 Z47.48
G1 E.8 F1800
G1 F7915.629
M204 S8000
G1 X192.127 Y108.938 E.01297
G1 X192.275 Y109.252 E.01881
G1 X192.427 Y110.035 E.0432
G1 X192.59 Y109.975 E.00941
G1 X192.618 Y110.074 E.00558
G1 X192.739 Y110.262 E.0121
G1 X192.802 Y110.446 E.01055
G1 X192.803 Y110.587 E.00763
G1 X192.767 Y110.67 E.00489
G1 X192.7 Y110.726 E.00474
G1 X192.615 Y110.749 E.00475
G1 X192.466 Y110.744 E.00811
G1 X192.295 Y110.691 E.00966
G1 X192.149 Y110.622 E.00877
G1 X191.944 Y110.462 E.0141
G1 X191.685 Y110.151 E.02193
G1 X191.607 Y109.955 E.01144
G1 X191.556 Y109.638 E.0174
G1 X191.548 Y109.392 E.01336
G1 X191.603 Y109.06 E.01823
G1 X191.71 Y108.831 E.01373
G1 X191.819 Y108.742 E.00762
G1 X191.884 Y108.732 E.00356
; WIPE_START
G1 X192.127 Y108.938 E-.12093
G1 X192.275 Y109.252 E-.13191
G1 X192.427 Y110.035 E-.30291
G1 X192.59 Y109.975 E-.06598
G1 X192.618 Y110.074 E-.03909
G1 X192.739 Y110.262 E-.08487
G1 X192.751 Y110.298 E-.01433
; WIPE_END
G1 E-.04 F1800
M204 S10000
G17
G3 Z47.88 I.673 J1.014 P1  F60000
G1 X194.719 Y108.992 Z47.88
G1 Z47.48
G1 E.8 F1800
G1 F7915.629
M204 S8000
G1 X194.808 Y108.992 E.00481
G1 X194.955 Y109.033 E.00827
G1 X195.138 Y109.113 E.01087
G1 X195.885 Y109.2 E.04074
G1 X196.267 Y109.029 E.02267
G1 X196.491 Y109.013 E.01216
G1 X196.698 Y109.05 E.01139
G1 X196.868 Y109.119 E.00994
G1 X196.996 Y109.216 E.00875
G1 X197.067 Y109.319 E.00677
G1 X197.087 Y109.411 E.00508
G1 X197.066 Y109.491 E.00446
G1 X196.998 Y109.58 E.00611
G1 X196.833 Y109.683 E.01051
G1 X196.705 Y109.72 E.00724
G1 X196.446 Y109.745 E.0141
G1 X196.239 Y109.877 E.01332
G1 X195.708 Y110.411 E.04082
G1 X195.664 Y110.672 E.01434
G1 X195.564 Y110.888 E.0129
G1 X195.464 Y110.98 E.00736
G1 X195.425 Y110.987 E.00214
G1 X195.303 Y110.942 E.00708
G1 X195.134 Y110.754 E.01371
G1 X194.977 Y110.415 E.02021
G1 X194.919 Y110.158 E.01433
G1 X194.903 Y109.859 E.01623
G1 X194.632 Y109.63 E.01919
G1 X194.515 Y109.468 E.01085
G1 X194.45 Y109.295 E.01001
G1 X194.446 Y109.162 E.0072
G1 X194.486 Y109.068 E.00552
G1 X194.543 Y109.022 E.00398
G1 X194.634 Y108.992 E.00521
; WIPE_START
G1 X194.808 Y108.992 E-.0661
G1 X194.955 Y109.033 E-.05795
G1 X195.138 Y109.113 E-.07624
G1 X195.885 Y109.2 E-.28561
G1 X196.267 Y109.029 E-.15896
G1 X196.491 Y109.013 E-.08523
G1 X196.568 Y109.027 E-.02992
; WIPE_END
G1 E-.04 F1800
M204 S10000
G17
G3 Z47.88 I1.149 J-.401 P1  F60000
G1 X195.321 Y105.453 Z47.88
G1 Z47.48
G1 E.8 F1800
G1 F7915.629
M204 S8000
G1 X195.573 Y105.716 E.01974
G1 X195.747 Y106.081 E.02191
G1 X195.855 Y106.595 E.0285
G1 X195.996 Y106.726 E.01041
G1 X196.111 Y106.91 E.01174
G1 X196.168 Y107.094 E.01044
G1 X196.166 Y107.248 E.00835
G1 X196.124 Y107.345 E.00578
G1 X196.023 Y107.419 E.00677
G1 X195.84 Y107.423 E.00992
G1 X195.7 Y107.375 E.00801
G1 X195.557 Y107.287 E.00908
G1 X195.418 Y107.163 E.01013
G1 X195.233 Y106.877 E.01848
G1 X195.156 Y106.814 E.00538
G1 X195.036 Y106.508 E.0178
G1 X194.982 Y106.242 E.01475
G1 X194.961 Y105.952 E.01575
G1 X195.003 Y105.665 E.01572
G1 X195.094 Y105.474 E.01143
G1 X195.168 Y105.423 E.0049
G1 X195.243 Y105.418 E.0041
; WIPE_START
G1 X195.573 Y105.716 E-.16876
G1 X195.747 Y106.081 E-.15361
G1 X195.855 Y106.595 E-.19979
G1 X195.996 Y106.726 E-.07301
G1 X196.111 Y106.91 E-.08234
G1 X196.168 Y107.094 E-.07323
G1 X196.168 Y107.118 E-.00926
; WIPE_END
G1 E-.04 F1800
M204 S10000
G17
G3 Z47.88 I1.145 J-.411 P1  F60000
G1 X194.631 Y102.834 Z47.88
G1 Z47.48
G1 E.8 F1800
G1 F7915.629
M204 S8000
G1 X194.68 Y102.87 E.00333
G1 X194.731 Y102.974 E.00629
G1 X194.747 Y103.172 E.01076
G1 X194.699 Y103.423 E.01388
G1 X194.579 Y103.709 E.01678
G1 X194.389 Y103.983 E.01809
G1 X194.22 Y104.157 E.01312
G1 X193.706 Y104.546 E.03499
G1 X193.514 Y104.611 E.01098
G1 X193.355 Y104.625 E.00864
G1 X193.213 Y104.601 E.0078
G1 X193.102 Y104.543 E.00682
G1 X193.035 Y104.466 E.0055
G1 X193.007 Y104.377 E.00508
G1 X193.02 Y104.266 E.00607
G1 X193.087 Y104.139 E.00776
G1 X193.206 Y104.023 E.00899
G1 X193.41 Y103.907 E.01277
G1 X193.862 Y103.383 E.03749
G1 X193.968 Y103.225 E.01028
G1 X194.236 Y102.957 E.02055
G1 X194.445 Y102.842 E.01291
G1 X194.548 Y102.819 E.00575
; WIPE_START
G1 X194.68 Y102.87 E-.05379
G1 X194.731 Y102.974 E-.04407
G1 X194.747 Y103.172 E-.07545
G1 X194.699 Y103.423 E-.09728
G1 X194.579 Y103.709 E-.11764
G1 X194.389 Y103.983 E-.1268
G1 X194.22 Y104.157 E-.092
G1 X193.9 Y104.4 E-.15297
; WIPE_END
G1 E-.04 F1800
M204 S10000
G17
G3 Z47.88 I.943 J.77 P1  F60000
G1 X196.581 Y101.115 Z47.88
G1 Z47.48
G1 E.8 F1800
G1 F7915.629
M204 S8000
G1 X196.847 Y101.221 E.01549
G1 X197.122 Y101.473 E.02022
G1 X197.297 Y101.782 E.01925
G1 X197.344 Y102.083 E.01648
G1 X197.391 Y102.243 E.00906
G1 X197.468 Y102.77 E.02889
G1 X197.408 Y103.094 E.01786
G1 X197.262 Y103.378 E.01732
G1 X197.065 Y103.573 E.015
G1 X196.916 Y103.635 E.00876
G1 X196.81 Y103.615 E.00585
G1 X196.735 Y103.55 E.0054
G1 X196.665 Y103.403 E.00881
G1 X196.64 Y103.185 E.01193
G1 X196.703 Y102.82 E.0201
G1 X196.65 Y102.064 E.04107
G1 X196.467 Y101.847 E.01535
G1 X196.357 Y101.646 E.01245
G1 X196.301 Y101.44 E.01154
G1 X196.308 Y101.275 E.00896
G1 X196.352 Y101.179 E.00571
G1 X196.421 Y101.124 E.00481
G1 X196.496 Y101.109 E.00415
; WIPE_START
G1 X196.847 Y101.221 E-.13983
G1 X197.122 Y101.473 E-.14174
G1 X197.297 Y101.782 E-.13497
G1 X197.344 Y102.083 E-.11558
G1 X197.391 Y102.243 E-.0635
G1 X197.454 Y102.671 E-.16439
; WIPE_END
G1 E-.04 F1800
M204 S10000
G17
G3 Z47.88 I.587 J1.066 P1  F60000
G1 X198.605 Y102.037 Z47.88
G1 Z47.48
G1 E.8 F1800
G1 F7915.629
M204 S8000
G1 X198.679 Y102.064 E.00429
G1 X198.827 Y102.204 E.01103
G1 X198.937 Y102.426 E.01339
G1 X198.965 Y102.624 E.01088
G1 X199.103 Y102.782 E.01137
G1 X199.297 Y103.094 E.0199
G1 X199.421 Y103.406 E.01821
G1 X199.47 Y103.675 E.0148
G1 X199.454 Y103.877 E.01098
G1 X199.406 Y103.973 E.00583
G1 X199.361 Y104.003 E.00289
G1 X199.274 Y104.01 E.00475
G1 X199.167 Y103.981 E.00599
G1 X198.932 Y103.839 E.01491
G1 X198.657 Y103.555 E.02142
G1 X198.491 Y103.302 E.01639
G1 X198.332 Y102.887 E.02408
G1 X198.24 Y102.488 E.02221
G1 X198.27 Y102.258 E.01256
G1 X198.334 Y102.122 E.00814
G1 X198.424 Y102.041 E.00656
G1 X198.524 Y102.011 E.00569
; WIPE_START
G1 X198.679 Y102.064 E-.06232
G1 X198.827 Y102.204 E-.07734
G1 X198.937 Y102.426 E-.09386
G1 X198.965 Y102.624 E-.07627
G1 X199.103 Y102.782 E-.07971
G1 X199.297 Y103.094 E-.13953
G1 X199.421 Y103.406 E-.12768
G1 X199.47 Y103.674 E-.1033
; WIPE_END
G1 E-.04 F1800
M204 S10000
G17
G3 Z47.88 I-1.01 J-.68 P1  F60000
G1 X198.062 Y105.766 Z47.88
G1 Z47.48
G1 E.8 F1800
G1 F7915.629
M204 S8000
G1 X198.329 Y105.859 E.01534
G1 X198.516 Y105.97 E.01181
G1 X198.873 Y106.301 E.02635
G1 X199.038 Y106.566 E.01696
G1 X199.046 Y106.681 E.00625
G1 X199.09 Y106.782 E.00594
G1 X199.126 Y107.089 E.01676
G1 X199.082 Y107.366 E.01522
G1 X198.978 Y107.578 E.01277
G1 X198.834 Y107.705 E.01043
G1 X198.787 Y107.716 E.00262
G1 X198.669 Y107.694 E.00653
G1 X198.533 Y107.565 E.01011
G1 X198.407 Y107.309 E.01546
G1 X198.178 Y106.717 E.03441
G1 X197.986 Y106.485 E.01632
G1 X197.856 Y106.246 E.01477
G1 X197.792 Y106.026 E.01242
G1 X197.795 Y105.873 E.00831
G1 X197.829 Y105.803 E.00419
G1 X197.889 Y105.762 E.00393
G1 X197.977 Y105.754 E.0048
; WIPE_START
G1 X198.329 Y105.859 E-.13947
G1 X198.516 Y105.97 E-.08281
G1 X198.873 Y106.301 E-.18471
G1 X199.038 Y106.566 E-.11889
G1 X199.046 Y106.681 E-.04384
G1 X199.09 Y106.782 E-.04168
G1 X199.126 Y107.089 E-.1175
G1 X199.113 Y107.169 E-.0311
; WIPE_END
G1 E-.04 F1800
M204 S10000
G17
G3 Z47.88 I.707 J.99 P1  F60000
G1 X200.531 Y106.157 Z47.88
G1 Z47.48
G1 E.8 F1800
G1 F7915.629
M204 S8000
G1 X200.58 Y106.175 E.00287
G1 X200.718 Y106.306 E.01031
G1 X200.832 Y106.538 E.01397
G1 X200.889 Y106.893 E.01951
G1 X201.224 Y107.318 E.02935
G1 X201.348 Y107.579 E.01562
G1 X201.405 Y107.816 E.01326
G1 X201.397 Y107.99 E.0094
G1 X201.356 Y108.071 E.00494
G1 X201.309 Y108.104 E.00308
G1 X201.212 Y108.116 E.0053
G1 X201.123 Y108.101 E.00491
G1 X200.796 Y107.938 E.01981
G1 X200.538 Y107.698 E.01907
G1 X200.334 Y107.417 E.01883
G1 X200.225 Y107.139 E.01616
G1 X200.16 Y106.892 E.0139
G1 X200.135 Y106.687 E.01116
G1 X200.17 Y106.437 E.0137
G1 X200.263 Y106.245 E.01156
G1 X200.363 Y106.152 E.00744
G1 X200.45 Y106.128 E.00487
; WIPE_START
G1 X200.58 Y106.175 E-.05253
G1 X200.718 Y106.306 E-.07226
G1 X200.832 Y106.538 E-.09796
G1 X200.889 Y106.893 E-.13675
G1 X201.224 Y107.318 E-.20577
G1 X201.348 Y107.579 E-.10948
G1 X201.401 Y107.797 E-.08525
; WIPE_END
G1 E-.04 F1800
M204 S10000
G17
G3 Z47.88 I-1.111 J-.496 P1  F60000
G1 X200.752 Y109.249 Z47.88
G1 Z47.48
G1 E.8 F1800
G1 F7915.629
M204 S8000
G1 X201.208 Y109.301 E.02486
G1 X201.576 Y109.397 E.02061
G1 X201.826 Y109.414 E.01358
G1 X202.047 Y109.505 E.01296
G1 X202.226 Y109.643 E.01226
G1 X202.342 Y109.789 E.01009
G1 X202.409 Y109.949 E.00942
G1 X202.416 Y110.075 E.00683
G1 X202.383 Y110.16 E.00492
G1 X202.315 Y110.225 E.00514
G1 X202.247 Y110.255 E.00397
G1 X202.069 Y110.27 E.00972
G1 X201.91 Y110.236 E.00883
G1 X201.75 Y110.17 E.00937
G1 X201.562 Y110.03 E.01271
G1 X200.812 Y109.963 E.04082
G1 X200.429 Y110.044 E.02121
G1 X200.216 Y110.036 E.01155
G1 X200.028 Y109.996 E.01041
G1 X199.888 Y109.923 E.00852
G1 X199.817 Y109.847 E.00566
G1 X199.796 Y109.78 E.00382
G1 X199.811 Y109.693 E.00478
G1 X199.887 Y109.573 E.00772
G1 X200.033 Y109.448 E.01041
G1 X200.226 Y109.344 E.01189
G1 X200.422 Y109.286 E.01111
G1 X200.667 Y109.246 E.01344
; WIPE_START
G1 X201.208 Y109.301 E-.20659
G1 X201.576 Y109.397 E-.14448
G1 X201.826 Y109.414 E-.0952
G1 X202.047 Y109.505 E-.09085
G1 X202.226 Y109.643 E-.08597
G1 X202.342 Y109.789 E-.07076
G1 X202.409 Y109.949 E-.06607
G1 X202.409 Y109.95 E-.00008
; WIPE_END
G1 E-.04 F1800
M204 S10000
G17
G3 Z47.88 I-.986 J-.713 P1  F60000
G1 X201.022 Y111.868 Z47.88
G1 Z47.48
G1 E.8 F1800
G1 F7915.629
M204 S8000
G1 X201.282 Y111.966 E.01501
G1 X201.424 Y112.051 E.00899
G1 X201.769 Y112.377 E.02572
G1 X201.965 Y112.705 E.02075
G1 X201.956 Y112.801 E.00518
G1 X202.03 Y112.951 E.00909
G1 X202.068 Y113.231 E.01534
G1 X202.031 Y113.487 E.01399
G1 X201.937 Y113.681 E.01168
G1 X201.805 Y113.796 E.00951
G1 X201.757 Y113.807 E.00262
G1 X201.627 Y113.778 E.00726
G1 X201.487 Y113.645 E.01047
G1 X201.375 Y113.419 E.01369
G1 X201.315 Y113.027 E.02144
G1 X201.084 Y112.791 E.01792
G1 X200.945 Y112.614 E.0122
G1 X200.815 Y112.363 E.01533
G1 X200.753 Y112.135 E.0128
G1 X200.757 Y111.978 E.00852
G1 X200.794 Y111.903 E.00449
G1 X200.853 Y111.863 E.00385
G1 X200.938 Y111.855 E.00465
; WIPE_START
G1 X201.282 Y111.966 E-.13711
G1 X201.424 Y112.051 E-.06306
G1 X201.769 Y112.377 E-.18032
G1 X201.965 Y112.705 E-.14547
G1 X201.956 Y112.801 E-.03631
G1 X202.03 Y112.951 E-.06371
G1 X202.068 Y113.231 E-.10753
G1 X202.058 Y113.3 E-.0265
; WIPE_END
G1 E-.04 F1800
M204 S10000
G17
G3 Z47.88 I.718 J.983 P1  F60000
G1 X203.633 Y112.151 Z47.88
G1 Z47.48
G1 E.8 F1800
G1 F7915.629
M204 S8000
G1 X203.884 Y112.237 E.01442
G1 X204.218 Y112.537 E.0243
G1 X204.547 Y112.586 E.01803
G1 X204.848 Y112.692 E.01729
G1 X205.069 Y112.815 E.01371
G1 X205.234 Y112.956 E.01177
G1 X205.318 Y113.082 E.00823
G1 X205.332 Y113.16 E.00429
G1 X205.314 Y113.213 E.00303
G1 X205.237 Y113.286 E.00574
G1 X205.111 Y113.344 E.00749
G1 X204.861 Y113.394 E.01386
G1 X204.611 Y113.399 E.01355
G1 X204.289 Y113.349 E.01765
G1 X203.886 Y113.194 E.02338
G1 X203.827 Y113.105 E.00582
G1 X203.646 Y112.981 E.01186
G1 X203.519 Y112.855 E.00972
G1 X203.409 Y112.676 E.01138
G1 X203.353 Y112.488 E.01062
G1 X203.356 Y112.331 E.00849
G1 X203.399 Y112.232 E.00584
G1 X203.471 Y112.17 E.00516
G1 X203.548 Y112.148 E.00432
; WIPE_START
G1 X203.884 Y112.237 E-.13232
G1 X204.218 Y112.537 E-.17037
G1 X204.547 Y112.586 E-.12639
G1 X204.848 Y112.692 E-.12123
G1 X205.069 Y112.815 E-.09609
G1 X205.234 Y112.956 E-.08252
G1 X205.279 Y113.024 E-.03108
; WIPE_END
G1 E-.04 F1800
M204 S10000
G17
G3 Z47.88 I-.974 J-.729 P1  F60000
G1 X203.804 Y114.995 Z47.88
G1 Z47.48
G1 E.8 F1800
G1 F7915.629
M204 S8000
G1 X203.88 Y115.065 E.00559
G1 X203.997 Y115.326 E.0155
G1 X204.032 Y115.535 E.01149
G1 X204.123 Y115.805 E.01545
G1 X204.139 Y115.939 E.00732
G1 X204.112 Y116.025 E.00486
G1 X204.038 Y116.107 E.00597
G1 X203.892 Y116.194 E.00927
G1 X203.874 Y116.222 E.00178
G1 X203.496 Y116.38 E.02219
G1 X203.011 Y116.977 E.04166
G1 X202.976 Y117.125 E.00824
G1 X202.839 Y117.319 E.01289
G1 X202.617 Y117.552 E.01744
G1 X202.518 Y117.589 E.00575
G1 X202.436 Y117.568 E.00457
G1 X202.342 Y117.482 E.00694
G1 X202.159 Y117.098 E.02306
G1 X202.127 Y116.863 E.01284
G1 X202.095 Y116.774 E.00511
G1 X202.094 Y116.637 E.00746
G1 X202.13 Y116.554 E.00488
G1 X202.197 Y116.498 E.00475
G1 X202.282 Y116.475 E.00477
G1 X202.601 Y116.483 E.01731
G1 X203.223 Y115.88 E.04696
G1 X203.238 Y115.703 E.00961
G1 X203.477 Y115.202 E.03011
G1 X203.649 Y114.998 E.01445
G1 X203.727 Y114.965 E.0046
; WIPE_START
G1 X203.88 Y115.065 E-.06945
G1 X203.997 Y115.326 E-.10866
G1 X204.032 Y115.535 E-.08054
G1 X204.123 Y115.805 E-.10832
G1 X204.139 Y115.939 E-.05129
G1 X204.112 Y116.025 E-.03405
G1 X204.038 Y116.107 E-.04188
G1 X203.892 Y116.194 E-.06499
G1 X203.874 Y116.222 E-.01247
G1 X203.496 Y116.38 E-.1556
G1 X203.442 Y116.447 E-.03275
; WIPE_END
G1 E-.04 F1800
M204 S10000
G17
G3 Z47.88 I.206 J1.199 P1  F60000
G1 X207.182 Y115.803 Z47.88
G1 Z47.48
G1 E.8 F1800
G1 F7915.629
M204 S8000
G1 X207.159 Y115.593 E.01146
G1 X207.466 Y115.378 E.02032
G1 X207.685 Y115.273 E.01315
G1 X207.747 Y115.264 E.00336
G1 X207.919 Y114.645 E.03482
G1 X208.047 Y114.675 E.00716
G1 X208.212 Y114.791 E.01094
G1 X208.329 Y114.982 E.01213
G1 X208.375 Y115.229 E.01362
G1 X208.345 Y115.49 E.01423
G1 X208.178 Y115.897 E.02382
G1 X208.284 Y116.699 E.04384
G1 X208.411 Y116.822 E.00959
G1 X208.533 Y117.058 E.01439
G1 X208.573 Y117.31 E.01381
G1 X208.529 Y117.553 E.01338
G1 X208.408 Y117.765 E.01325
G1 X208.219 Y117.929 E.01356
G1 X207.978 Y118.026 E.0141
G1 X207.704 Y118.043 E.01487
G1 X207.463 Y117.985 E.01347
G1 X207.263 Y117.878 E.01227
G1 X207.054 Y117.678 E.0157
G1 X206.817 Y117.585 E.01378
G1 X206.752 Y117.524 E.00483
G1 X206.728 Y117.46 E.00371
G1 X206.739 Y117.367 E.00507
G1 X206.921 Y117.057 E.01948
G1 X206.746 Y116.277 E.04334
G1 X206.579 Y115.99 E.018
G1 X206.538 Y115.614 E.02049
G1 X206.462 Y115.458 E.00938
G1 X206.453 Y115.358 E.00544
G1 X206.472 Y115.318 E.00241
G1 X207.152 Y114.841 E.04507
G1 X207.505 Y114.672 E.02121
G1 X207.835 Y114.627 E.01806
; WIPE_START
G1 X208.047 Y114.675 E-.08263
G1 X208.212 Y114.791 E-.07668
G1 X208.329 Y114.982 E-.08507
G1 X208.375 Y115.229 E-.09552
G1 X208.345 Y115.49 E-.0998
G1 X208.178 Y115.897 E-.16698
G1 X208.231 Y116.297 E-.15332
; WIPE_END
G1 E-.04 F1800
M204 S10000
G17
G3 Z47.88 I-.526 J1.097 P1  F60000
G1 X210.603 Y117.435 Z47.88
G1 Z47.48
G1 E.8 F1800
G1 F7915.629
M204 S8000
G1 X210.543 Y117.527 E.00599
G1 X210.471 Y117.544 E.00399
G1 X210.424 Y117.531 E.00265
G1 X210.329 Y117.444 E.00698
G1 X210.294 Y117.337 E.0061
G1 X210.328 Y117.204 E.00743
G1 X210.384 Y117.146 E.00439
G1 X210.482 Y116.947 E.01199
G1 X210.846 Y115.432 E.0845
G1 X210.898 Y115.475 E.00365
G1 X210.972 Y115.63 E.00936
G1 X211.005 Y115.878 E.01353
G1 X210.963 Y116.242 E.01989
G1 X211.113 Y116.931 E.03822
G1 X211.205 Y117.132 E.01195
G1 X211.24 Y117.399 E.0146
G1 X211.192 Y117.662 E.01453
G1 X211.067 Y117.889 E.014
G1 X210.882 Y118.057 E.01358
G1 X210.655 Y118.153 E.01335
G1 X210.407 Y118.169 E.01346
G1 X210.161 Y118.102 E.01382
G1 X209.941 Y117.953 E.01441
G1 X209.79 Y117.763 E.01317
G1 X209.7 Y117.55 E.0125
G1 X209.668 Y117.348 E.0111
G1 X209.702 Y117.076 E.01485
G1 X209.812 Y116.845 E.01386
G1 X209.871 Y116.785 E.00457
G1 X210.176 Y116.162 E.03759
G1 X210.238 Y115.959 E.01148
G1 X210.379 Y115.687 E.0166
G1 X210.559 Y115.492 E.01439
G1 X210.672 Y115.424 E.00714
G1 X210.77 Y115.4 E.00546
; WIPE_START
G1 X210.898 Y115.475 E-.05615
G1 X210.972 Y115.63 E-.06559
G1 X211.005 Y115.878 E-.09485
G1 X210.963 Y116.242 E-.13945
G1 X211.113 Y116.931 E-.26798
G1 X211.205 Y117.132 E-.08376
G1 X211.223 Y117.268 E-.05221
; WIPE_END
G1 E-.04 F1800
M204 S10000
G17
G3 Z47.88 I1.216 J.055 P1  F60000
G1 X211.492 Y111.367 Z47.88
G1 Z47.48
G1 E.8 F1800
G1 F7915.629
M204 S8000
G1 X211.759 Y111.457 E.01528
G1 X212.005 Y111.655 E.01713
G1 X212.118 Y111.869 E.01308
G1 X212.112 Y112.017 E.00807
G1 X212.016 Y112.136 E.00827
G1 X211.789 Y112.193 E.01271
G1 X211.544 Y112.145 E.01354
G1 X211.442 Y112.109 E.00584
G1 X211.229 Y111.964 E.01395
G1 X211.106 Y111.824 E.01011
G1 X211.037 Y111.676 E.00885
G1 X211.028 Y111.563 E.00612
G1 X211.058 Y111.481 E.00473
G1 X211.127 Y111.414 E.00521
G1 X211.186 Y111.387 E.00355
G1 X211.408 Y111.355 E.01213
; WIPE_START
G1 X211.759 Y111.457 E-.13908
G1 X212.005 Y111.655 E-.1201
G1 X212.118 Y111.869 E-.0917
G1 X212.112 Y112.017 E-.05655
G1 X212.016 Y112.136 E-.058
G1 X211.789 Y112.193 E-.08909
G1 X211.544 Y112.145 E-.09491
G1 X211.442 Y112.109 E-.04098
G1 X211.29 Y112.006 E-.0696
; WIPE_END
G1 E-.04 F1800
M204 S10000
G17
G3 Z47.88 I.646 J-1.032 P1  F60000
G1 X208.193 Y110.067 Z47.88
G1 Z47.48
G1 E.8 F1800
G1 F7915.629
M204 S8000
G1 X208.117 Y110.258 E.01112
G1 X207.983 Y110.034 E.01415
G1 X208.169 Y109.994 E.01031
G1 X208.188 Y109.374 E.0336
G1 X208.56 Y109.392 E.02021
G1 X208.837 Y109.47 E.01557
G1 X209.049 Y109.572 E.01273
G1 X209.212 Y109.699 E.01123
G1 X209.288 Y109.806 E.00712
G1 X209.305 Y109.886 E.00441
G1 X209.284 Y109.953 E.00381
G1 X209.213 Y110.024 E.00545
G1 X208.997 Y110.139 E.01326
G1 X208.72 Y110.417 E.02127
G1 X208.453 Y111.125 E.04101
G1 X208.463 Y111.243 E.00641
G1 X208.414 Y111.543 E.01646
G1 X208.317 Y111.749 E.01235
G1 X208.225 Y111.833 E.00677
G1 X208.166 Y111.847 E.00331
G1 X208.054 Y111.811 E.00635
G1 X207.877 Y111.622 E.01401
G1 X207.73 Y111.311 E.01867
G1 X207.676 Y111.065 E.01362
G1 X207.655 Y110.692 E.02026
G1 X207.284 Y110.074 E.03908
G1 X207.185 Y109.957 E.00829
G1 X207.161 Y109.876 E.0046
G1 X207.177 Y109.779 E.0053
G1 X207.248 Y109.662 E.00741
G1 X207.38 Y109.547 E.00953
G1 X207.482 Y109.491 E.0063
G1 X207.74 Y109.417 E.01451
G1 X207.938 Y109.409 E.01076
G1 X208.103 Y109.372 E.00913
; WIPE_START
G1 X208.56 Y109.392 E-.17408
G1 X208.837 Y109.47 E-.10918
G1 X209.049 Y109.572 E-.08927
G1 X209.212 Y109.699 E-.07875
G1 X209.288 Y109.806 E-.04992
G1 X209.305 Y109.886 E-.03091
G1 X209.284 Y109.953 E-.02669
G1 X209.213 Y110.024 E-.0382
G1 X208.997 Y110.139 E-.09297
G1 X208.866 Y110.27 E-.07003
; WIPE_END
G1 E-.04 F1800
M204 S10000
G17
G3 Z47.88 I.677 J-1.011 P1  F60000
G1 X204.145 Y107.108 Z47.88
G1 Z47.48
G1 E.8 F1800
G1 F7915.629
M204 S8000
G1 X204.292 Y107.242 E.0108
G1 X204.408 Y107.483 E.01448
G1 X204.435 Y107.641 E.00873
G1 X204.73 Y108.277 E.03796
G1 X204.787 Y108.346 E.00487
G1 X204.912 Y108.584 E.01455
G1 X204.972 Y108.803 E.01234
G1 X204.966 Y108.964 E.00871
G1 X204.928 Y109.043 E.00477
G1 X204.878 Y109.08 E.00336
G1 X204.777 Y109.096 E.00552
G1 X204.669 Y109.083 E.00591
G1 X204.455 Y108.996 E.01255
G1 X204.332 Y108.925 E.0077
G1 X204.087 Y108.713 E.01752
G1 X203.866 Y108.428 E.0196
G1 X203.785 Y108.225 E.01181
G1 X203.715 Y107.918 E.01708
G1 X203.705 Y107.774 E.00783
G1 X203.755 Y107.419 E.01944
G1 X203.86 Y107.2 E.01318
G1 X203.972 Y107.094 E.00835
G1 X204.064 Y107.079 E.00508
; WIPE_START
G1 X204.292 Y107.242 E-.1063
G1 X204.408 Y107.483 E-.10153
G1 X204.435 Y107.641 E-.06121
G1 X204.73 Y108.277 E-.26612
G1 X204.787 Y108.346 E-.03411
G1 X204.912 Y108.584 E-.10203
G1 X204.972 Y108.803 E-.08651
G1 X204.972 Y108.809 E-.00217
; WIPE_END
G1 E-.04 F1800
M204 S10000
G17
G3 Z47.88 I1.116 J-.485 P1  F60000
G1 X202.382 Y102.849 Z47.88
G1 Z47.48
G1 E.8 F1800
G1 F7915.629
M204 S8000
G1 X202.622 Y102.895 E.01325
G1 X202.8 Y102.975 E.0106
G1 X203.547 Y103.093 E.04099
G1 X203.923 Y102.917 E.02252
G1 X204.139 Y102.897 E.01175
G1 X204.341 Y102.931 E.01106
G1 X204.507 Y102.999 E.00974
G1 X204.634 Y103.095 E.00862
G1 X204.704 Y103.198 E.00675
G1 X204.724 Y103.291 E.00516
G1 X204.703 Y103.373 E.00455
G1 X204.635 Y103.462 E.0061
G1 X204.471 Y103.564 E.01048
G1 X204.348 Y103.601 E.00698
G1 X204.081 Y103.624 E.01449
G1 X203.728 Y103.861 E.02304
G1 X203.344 Y104.455 E.03837
G1 X203.208 Y104.76 E.01807
G1 X203.103 Y104.859 E.0078
G1 X203.063 Y104.867 E.00221
G1 X202.951 Y104.829 E.00644
G1 X202.794 Y104.657 E.01258
G1 X202.639 Y104.324 E.0199
G1 X202.581 Y104.056 E.01488
G1 X202.564 Y103.736 E.01736
G1 X202.295 Y103.495 E.0196
G1 X202.176 Y103.326 E.01119
G1 X202.111 Y103.15 E.01015
G1 X202.108 Y103.016 E.00728
G1 X202.142 Y102.934 E.00481
G1 X202.21 Y102.876 E.00485
G1 X202.296 Y102.849 E.00492
; WIPE_START
G1 X202.622 Y102.895 E-.12487
G1 X202.8 Y102.975 E-.07434
G1 X203.547 Y103.093 E-.2874
G1 X203.923 Y102.917 E-.15792
G1 X204.139 Y102.897 E-.08239
G1 X204.225 Y102.912 E-.03308
; WIPE_END
G1 E-.04 F1800
M204 S10000
G17
G3 Z47.88 I1.215 J.068 P1  F60000
G1 X204.442 Y99.038 Z47.88
G1 Z47.48
G1 E.8 F1800
G1 F7915.629
M204 S8000
G1 X204.507 Y99.092 E.00454
G1 X204.556 Y99.199 E.00641
G1 X204.566 Y99.378 E.00971
G1 X204.515 Y99.584 E.01148
G1 X204.398 Y99.805 E.01357
G1 X204.214 Y100.005 E.0147
G1 X203.871 Y100.211 E.02171
G1 X203.789 Y101.001 E.04306
G1 X203.793 Y101.135 E.00723
G1 X203.758 Y101.222 E.00509
G1 X203.695 Y101.28 E.00461
G1 X203.591 Y101.317 E.00599
G1 X203.449 Y101.32 E.00769
G1 X203.292 Y101.28 E.00879
G1 X203.145 Y101.216 E.00869
G1 X202.919 Y101.042 E.01548
G1 X202.462 Y100.919 E.02568
G1 X202.256 Y100.838 E.01198
G1 X202.042 Y100.704 E.01367
G1 X201.882 Y100.555 E.01186
G1 X201.8 Y100.419 E.00858
G1 X201.787 Y100.334 E.00469
G1 X201.807 Y100.28 E.00312
G1 X201.879 Y100.215 E.00527
G1 X202.029 Y100.153 E.00882
G1 X202.236 Y100.124 E.01133
G1 X202.467 Y100.131 E.0125
G1 X203.062 Y100.284 E.0333
G1 X203.675 Y99.664 E.04727
G1 X203.724 Y99.504 E.00907
G1 X203.836 Y99.324 E.01144
G1 X204.059 Y99.118 E.01648
G1 X204.298 Y99.02 E.01399
G1 X204.362 Y99.016 E.00346
; WIPE_START
G1 X204.507 Y99.092 E-.06232
G1 X204.556 Y99.199 E-.04493
G1 X204.566 Y99.378 E-.06808
G1 X204.515 Y99.584 E-.08049
G1 X204.398 Y99.805 E-.09513
G1 X204.214 Y100.005 E-.10307
G1 X203.871 Y100.211 E-.15222
G1 X203.83 Y100.614 E-.15375
; WIPE_END
G1 E-.04 F1800
M204 S10000
G17
G3 Z47.88 I.854 J-.867 P1  F60000
G1 X200.52 Y97.353 Z47.88
G1 Z47.48
G1 E.8 F1800
G1 F7915.629
M204 S8000
G1 X200.577 Y97.353 E.00313
G1 X200.732 Y97.399 E.00877
G1 X200.863 Y97.459 E.00778
G1 X201.089 Y97.646 E.01592
G1 X201.564 Y97.653 E.02571
G1 X201.844 Y97.709 E.01552
G1 X202.063 Y97.79 E.01266
G1 X202.228 Y97.898 E.01068
G1 X202.311 Y97.997 E.007
G1 X202.327 Y98.061 E.0036
G1 X202.31 Y98.123 E.00347
G1 X202.229 Y98.217 E.00673
G1 X202.064 Y98.317 E.01045
G1 X201.846 Y98.39 E.01246
G1 X201.569 Y98.436 E.01522
G1 X201.24 Y98.433 E.01784
G1 X200.927 Y98.365 E.01734
G1 X200.823 Y98.275 E.00746
G1 X200.696 Y98.233 E.00723
G1 X200.566 Y98.143 E.00858
G1 X200.42 Y98.012 E.01062
G1 X200.299 Y97.838 E.01149
G1 X200.237 Y97.664 E.01001
G1 X200.235 Y97.526 E.00747
G1 X200.27 Y97.44 E.00504
G1 X200.332 Y97.386 E.00443
G1 X200.434 Y97.353 E.00584
; WIPE_START
G1 X200.577 Y97.353 E-.05433
G1 X200.732 Y97.399 E-.0615
G1 X200.863 Y97.459 E-.05453
G1 X201.089 Y97.646 E-.11158
G1 X201.564 Y97.653 E-.18026
G1 X201.844 Y97.709 E-.10882
G1 X202.063 Y97.79 E-.08874
G1 X202.228 Y97.898 E-.07486
G1 X202.271 Y97.949 E-.02538
; WIPE_END
G1 E-.04 F1800
M204 S10000
G17
G3 Z47.88 I.171 J-1.205 P1  F60000
G1 X198.204 Y97.372 Z47.88
G1 Z47.48
G1 E.8 F1800
G1 F7915.629
M204 S8000
G1 X198.471 Y97.428 E.0148
G1 X198.67 Y97.52 E.01186
G1 X198.996 Y97.793 E.02306
G1 X199.489 Y98.578 E.05025
G1 X199.626 Y98.822 E.01517
G1 X199.67 Y99.061 E.01316
G1 X199.644 Y99.283 E.01213
G1 X199.562 Y99.454 E.01024
G1 X199.464 Y99.544 E.00721
G1 X199.359 Y99.577 E.00601
G1 X199.304 Y99.567 E.00301
G1 X199.194 Y99.509 E.00673
G1 X199.088 Y99.404 E.00809
G1 X198.985 Y99.193 E.01273
G1 X198.939 Y98.889 E.01667
G1 X198.476 Y98.324 E.03957
G1 X198.126 Y98.016 E.02528
G1 X197.999 Y97.83 E.01218
G1 X197.931 Y97.647 E.01059
G1 X197.928 Y97.52 E.00691
G1 X197.959 Y97.447 E.00432
G1 X198.025 Y97.394 E.00455
G1 X198.119 Y97.37 E.00525
; WIPE_START
G1 X198.471 Y97.428 E-.13583
G1 X198.67 Y97.52 E-.08317
G1 X198.996 Y97.793 E-.16166
G1 X199.489 Y98.578 E-.35229
G1 X199.524 Y98.64 E-.02705
; WIPE_END
G1 E-.04 F1800
M204 S10000
G17
G3 Z47.88 I.055 J-1.216 P1  F60000
G1 X195.499 Y98.459 Z47.88
G1 Z47.48
G1 E.8 F1800
G1 F7915.629
M204 S8000
G1 X195.606 Y98.465 E.00581
G1 X195.734 Y98.512 E.0074
G1 X195.799 Y98.568 E.00468
G1 X195.824 Y98.632 E.00371
G1 X195.814 Y98.732 E.00542
G1 X195.737 Y98.884 E.00926
G1 X195.592 Y99.045 E.01173
G1 X195.388 Y99.197 E.01378
G1 X195.189 Y99.293 E.01196
G1 X194.685 Y99.809 E.03909
G1 X194.569 Y100.036 E.01384
G1 X194.387 Y100.213 E.01375
G1 X194.246 Y100.27 E.00824
G1 X194.132 Y100.247 E.0063
G1 X194.05 Y100.175 E.00594
G1 X193.983 Y100.031 E.00858
G1 X193.959 Y99.815 E.01178
G1 X194.022 Y99.494 E.01774
G1 X194.188 Y99.212 E.01772
G1 X194.415 Y99.025 E.01599
G1 X194.485 Y98.877 E.00886
G1 X194.644 Y98.72 E.01212
G1 X194.959 Y98.551 E.01934
G1 X195.208 Y98.476 E.01412
G1 X195.414 Y98.451 E.01124
; WIPE_START
G1 X195.606 Y98.465 E-.07309
G1 X195.734 Y98.512 E-.05187
G1 X195.799 Y98.568 E-.03284
G1 X195.824 Y98.632 E-.02604
G1 X195.814 Y98.732 E-.038
G1 X195.737 Y98.884 E-.06491
G1 X195.592 Y99.045 E-.08227
G1 X195.388 Y99.197 E-.09662
G1 X195.189 Y99.293 E-.08385
G1 X194.802 Y99.689 E-.21051
; WIPE_END
G1 E-.04 F1800
M204 S10000
G17
G3 Z47.88 I.825 J-.894 P1  F60000
G1 X192.18 Y97.269 Z47.88
G1 Z47.48
G1 E.8 F1800
G1 F7915.629
M204 S8000
G1 X192.268 Y97.273 E.00476
G1 X192.532 Y97.334 E.01468
G1 X192.889 Y97.454 E.02039
G1 X193.293 Y97.365 E.02245
G1 X193.424 Y97.365 E.00713
G1 X193.63 Y97.407 E.01134
G1 X193.728 Y97.458 E.00602
G1 X193.798 Y97.532 E.00552
G1 X193.822 Y97.605 E.0042
G1 X193.808 Y97.703 E.00534
G1 X193.736 Y97.831 E.00796
G1 X193.6 Y97.959 E.01011
G1 X193.419 Y98.066 E.0114
G1 X193.183 Y98.143 E.01349
G1 X192.779 Y98.189 E.022
G1 X192.687 Y98.182 E.00502
G1 X192.311 Y98.073 E.0212
G1 X192.117 Y97.991 E.01147
G1 X191.904 Y97.849 E.01385
G1 X191.748 Y97.694 E.0119
G1 X191.667 Y97.553 E.00881
G1 X191.655 Y97.462 E.00497
G1 X191.676 Y97.407 E.0032
G1 X191.745 Y97.345 E.00504
G1 X191.891 Y97.289 E.00846
G1 X192.095 Y97.266 E.01115
; WIPE_START
G1 X192.268 Y97.273 E-.06581
G1 X192.532 Y97.334 E-.10291
G1 X192.889 Y97.454 E-.14298
G1 X193.293 Y97.365 E-.15741
G1 X193.424 Y97.365 E-.04996
G1 X193.63 Y97.407 E-.07953
G1 X193.728 Y97.458 E-.04224
G1 X193.798 Y97.532 E-.03869
G1 X193.822 Y97.605 E-.02941
G1 X193.808 Y97.703 E-.03747
G1 X193.791 Y97.734 E-.01358
; WIPE_END
G1 E-.04 F1800
M204 S10000
G17
G3 Z47.88 I-.869 J-.852 P1  F60000
G1 X191.755 Y99.81 Z47.88
G1 Z47.48
G1 E.8 F1800
G1 F7915.629
M204 S8000
G1 X191.838 Y99.885 E.00605
G1 X191.917 Y100.049 E.00982
G1 X191.965 Y100.298 E.01377
G1 X192.044 Y100.466 E.01005
G1 X192.221 Y101.237 E.04289
G1 X192.307 Y101.315 E.0063
G1 X192.427 Y101.501 E.012
G1 X192.49 Y101.686 E.01061
G1 X192.491 Y101.827 E.00762
G1 X192.456 Y101.907 E.00476
G1 X192.398 Y101.955 E.00407
G1 X192.294 Y101.983 E.00585
G1 X192.152 Y101.978 E.00771
G1 X191.979 Y101.923 E.0098
G1 X191.826 Y101.849 E.00924
G1 X191.621 Y101.688 E.01415
G1 X191.421 Y101.441 E.01718
G1 X191.262 Y101.055 E.02262
G1 X191.192 Y100.758 E.01659
G1 X191.202 Y100.485 E.01479
G1 X191.252 Y100.253 E.01286
G1 X191.387 Y99.978 E.01661
G1 X191.551 Y99.813 E.01263
G1 X191.68 Y99.777 E.00725
; WIPE_START
G1 X191.838 Y99.885 E-.07282
G1 X191.917 Y100.049 E-.06886
G1 X191.965 Y100.298 E-.09651
G1 X192.044 Y100.466 E-.07049
G1 X192.221 Y101.237 E-.30067
G1 X192.307 Y101.315 E-.0442
G1 X192.427 Y101.501 E-.08414
G1 X192.446 Y101.557 E-.0223
; WIPE_END
G1 E-.04 F1800
M204 S10000
G17
G3 Z47.88 I.01 J-1.217 P1  F60000
G1 X190.065 Y101.536 Z47.88
G1 Z47.48
G1 E.8 F1800
G1 F7915.629
M204 S8000
G1 X190.127 Y101.537 E.00336
G1 X190.385 Y101.632 E.01488
G1 X190.562 Y101.779 E.0125
G1 X190.621 Y101.834 E.00434
G1 X190.71 Y101.994 E.00993
G1 X190.818 Y102.072 E.00725
G1 X190.907 Y102.247 E.01062
G1 X191.008 Y102.611 E.02048
G1 X191.034 Y102.97 E.01953
G1 X190.99 Y103.262 E.01596
G1 X190.903 Y103.446 E.01106
G1 X190.821 Y103.517 E.00587
G1 X190.699 Y103.496 E.00673
G1 X190.589 Y103.417 E.00732
G1 X190.428 Y103.228 E.01349
G1 X190.27 Y102.902 E.01959
G1 X190.192 Y102.626 E.01555
G1 X190.17 Y102.371 E.01387
G1 X189.97 Y102.201 E.01422
G1 X189.854 Y102.031 E.01116
G1 X189.793 Y101.858 E.00995
G1 X189.792 Y101.716 E.0077
G1 X189.843 Y101.606 E.00653
G1 X189.894 Y101.564 E.00358
G1 X189.98 Y101.536 E.00492
; WIPE_START
G1 X190.127 Y101.537 E-.05598
G1 X190.385 Y101.632 E-.10431
G1 X190.562 Y101.779 E-.08766
G1 X190.621 Y101.834 E-.03043
G1 X190.71 Y101.994 E-.06959
G1 X190.818 Y102.072 E-.05082
G1 X190.907 Y102.247 E-.07445
G1 X191.008 Y102.611 E-.14355
G1 X191.034 Y102.97 E-.13696
G1 X191.031 Y102.987 E-.00625
; WIPE_END
G1 E-.04 F1800
M204 S10000
G17
G3 Z47.88 I.809 J-.909 P1  F60000
G1 X187.743 Y100.059 Z47.88
G1 Z47.48
G1 E.8 F1800
G1 F7915.629
M204 S8000
G1 X187.835 Y100.094 E.0053
G1 X188.001 Y100.253 E.01248
G1 X188.124 Y100.494 E.01468
G1 X188.169 Y100.793 E.01638
G1 X188.213 Y100.878 E.00514
G1 X188.22 Y101.149 E.01473
G1 X188.128 Y101.589 E.02436
G1 X187.963 Y101.943 E.02119
G1 X187.766 Y102.164 E.01599
G1 X187.645 Y102.211 E.00708
G1 X187.587 Y102.199 E.00323
G1 X187.516 Y102.138 E.00507
G1 X187.418 Y101.929 E.01251
G1 X187.37 Y101.619 E.01696
G1 X187.384 Y101.34 E.01514
G1 X187.441 Y101.033 E.01693
G1 X187.379 Y100.589 E.02431
G1 X187.415 Y100.286 E.01657
G1 X187.486 Y100.131 E.0092
G1 X187.567 Y100.06 E.00587
G1 X187.663 Y100.033 E.00538
; WIPE_START
G1 X187.835 Y100.094 E-.06939
G1 X188.001 Y100.253 E-.08752
G1 X188.124 Y100.494 E-.10292
G1 X188.169 Y100.793 E-.11483
G1 X188.213 Y100.878 E-.03603
G1 X188.22 Y101.149 E-.1033
G1 X188.128 Y101.589 E-.17076
G1 X188.044 Y101.769 E-.07525
; WIPE_END
G1 E-.04 F1800
M204 S10000
G17
G3 Z47.88 I1.216 J-.045 P1  F60000
G1 X187.898 Y97.788 Z47.88
G1 Z47.48
G1 E.8 F1800
G1 F7915.629
M204 S8000
G1 X187.966 Y97.795 E.00369
G1 X188.159 Y97.867 E.01116
G1 X188.349 Y97.967 E.01164
G1 X188.762 Y98.332 E.02987
G1 X188.965 Y98.324 E.01102
G1 X189.196 Y98.366 E.01271
G1 X189.381 Y98.44 E.01077
G1 X189.52 Y98.541 E.00935
G1 X189.594 Y98.642 E.00681
G1 X189.612 Y98.723 E.00448
G1 X189.593 Y98.799 E.00427
G1 X189.52 Y98.891 E.00636
G1 X189.38 Y98.981 E.00899
G1 X189.197 Y99.042 E.01048
G1 X188.974 Y99.073 E.01221
G1 X188.711 Y99.052 E.01426
G1 X188.485 Y98.973 E.01299
G1 X188.38 Y98.962 E.00574
G1 X188.16 Y98.826 E.01401
G1 X187.973 Y98.652 E.01384
G1 X187.816 Y98.477 E.01271
G1 X187.685 Y98.256 E.01398
G1 X187.619 Y98.05 E.01171
G1 X187.619 Y97.906 E.00778
G1 X187.652 Y97.837 E.00412
G1 X187.704 Y97.8 E.00347
G1 X187.813 Y97.78 E.00604
; WIPE_START
G1 X187.966 Y97.795 E-.05829
G1 X188.159 Y97.867 E-.07827
G1 X188.349 Y97.967 E-.08158
G1 X188.762 Y98.332 E-.20943
G1 X188.965 Y98.324 E-.07723
G1 X189.196 Y98.366 E-.08914
G1 X189.381 Y98.44 E-.07552
G1 X189.52 Y98.541 E-.06552
G1 X189.559 Y98.594 E-.02503
; WIPE_END
G1 E-.04 F1800
M204 S10000
G17
G3 Z47.88 I-1.201 J-.196 P1  F60000
G1 X188.614 Y104.393 Z47.88
G1 Z47.48
G1 E.8 F1800
G1 F7915.629
M204 S8000
G1 X188.677 Y104.445 E.00443
G1 X188.751 Y104.599 E.00927
G1 X188.783 Y104.847 E.01355
G1 X188.749 Y105.146 E.01629
G1 X188.635 Y105.478 E.01903
G1 X188.198 Y106.23 E.04715
G1 X188.005 Y106.409 E.01426
G1 X187.798 Y106.483 E.0119
G1 X187.707 Y106.482 E.00495
G1 X187.61 Y106.445 E.00563
G1 X187.537 Y106.376 E.00544
G1 X187.497 Y106.273 E.00601
G1 X187.497 Y106.12 E.00826
G1 X187.553 Y105.956 E.00943
G1 X187.662 Y105.806 E.01005
G1 X187.929 Y105.191 E.03633
G1 X188.002 Y104.96 E.01311
G1 X188.146 Y104.685 E.01683
G1 X188.369 Y104.448 E.01766
G1 X188.534 Y104.372 E.00982
; WIPE_START
G1 X188.677 Y104.445 E-.06119
G1 X188.751 Y104.599 E-.06502
G1 X188.783 Y104.847 E-.095
G1 X188.749 Y105.146 E-.11421
G1 X188.635 Y105.478 E-.13343
G1 X188.25 Y106.14 E-.29116
; WIPE_END
G1 E-.04 F1800
M204 S10000
G17
G3 Z47.88 I-1.001 J.693 P1  F60000
G1 X189.077 Y107.334 Z47.88
G1 Z47.48
G1 E.8 F1800
G1 F7915.629
M204 S8000
G1 X189.232 Y107.368 E.00862
G1 X189.421 Y107.448 E.01111
G1 X189.563 Y107.554 E.00961
G1 X189.638 Y107.66 E.00706
G1 X189.656 Y107.736 E.00425
G1 X189.635 Y107.813 E.00432
G1 X189.562 Y107.902 E.00625
G1 X189.422 Y107.99 E.00893
G1 X189.237 Y108.046 E.01049
G1 X188.927 Y108.081 E.01691
G1 X188.287 Y108.41 E.03899
G1 X188.062 Y108.62 E.0167
G1 X187.855 Y108.72 E.01241
G1 X187.735 Y108.737 E.00658
G1 X187.651 Y108.72 E.00465
G1 X187.594 Y108.675 E.00395
G1 X187.547 Y108.575 E.00599
G1 X187.537 Y108.39 E.01006
G1 X187.588 Y108.173 E.01205
G1 X187.691 Y107.964 E.01263
G1 X187.817 Y107.789 E.0117
G1 X187.993 Y107.62 E.01323
G1 X188.204 Y107.492 E.01335
G1 X188.523 Y107.362 E.01867
G1 X188.685 Y107.318 E.00913
G1 X188.993 Y107.316 E.01668
; WIPE_START
G1 X189.232 Y107.368 E-.09282
G1 X189.421 Y107.448 E-.07789
G1 X189.563 Y107.554 E-.06738
G1 X189.638 Y107.66 E-.04948
G1 X189.656 Y107.736 E-.0298
G1 X189.635 Y107.813 E-.03031
G1 X189.562 Y107.902 E-.04382
G1 X189.422 Y107.99 E-.06264
G1 X189.237 Y108.046 E-.07353
G1 X188.927 Y108.081 E-.11857
G1 X188.661 Y108.218 E-.11374
; WIPE_END
G1 E-.04 F1800
M204 S10000
G17
G3 Z47.88 I.702 J.994 P1  F60000
G1 X192.286 Y105.661 Z47.88
G1 Z47.48
G1 E.8 F1800
G1 F7915.629
M204 S8000
G1 X192.658 Y105.721 E.02045
G1 X192.77 Y105.839 E.00879
G1 X193.027 Y105.907 E.01446
G1 X193.206 Y106.012 E.01122
G1 X193.395 Y106.216 E.01507
G1 X193.512 Y106.434 E.01342
G1 X193.565 Y106.642 E.01164
G1 X193.556 Y106.817 E.0095
G1 X193.512 Y106.915 E.00584
G1 X193.448 Y106.968 E.00447
G1 X193.362 Y106.989 E.0048
G1 X193.245 Y106.976 E.0064
G1 X193.046 Y106.886 E.01181
G1 X192.806 Y106.668 E.01757
G1 X192.133 Y106.425 E.0388
G1 X191.861 Y106.391 E.01484
G1 X191.671 Y106.332 E.01083
G1 X191.526 Y106.242 E.00922
G1 X191.451 Y106.153 E.00631
G1 X191.431 Y106.078 E.00416
G1 X191.449 Y106.004 E.00412
G1 X191.526 Y105.899 E.00706
G1 X191.671 Y105.793 E.00979
G1 X191.861 Y105.714 E.0111
G1 X192.201 Y105.654 E.01873
; WIPE_START
G1 X192.658 Y105.721 E-.1757
G1 X192.77 Y105.839 E-.0616
G1 X193.027 Y105.907 E-.10137
G1 X193.206 Y106.012 E-.07864
G1 X193.395 Y106.216 E-.10566
G1 X193.512 Y106.434 E-.09407
G1 X193.565 Y106.642 E-.08161
G1 X193.557 Y106.803 E-.06135
; WIPE_END
G1 E-.04 F1800
M204 S10000
G17
G3 Z47.88 I-1.217 J.021 P1  F60000
G1 X193.661 Y112.741 Z47.88
G1 Z47.48
G1 E.8 F1800
G1 F7915.629
M204 S8000
G1 X193.733 Y112.789 E.00471
G1 X193.765 Y112.858 E.00408
G1 X193.764 Y112.996 E.00751
G1 X193.697 Y113.194 E.01133
G1 X193.564 Y113.407 E.01357
G1 X193.353 Y113.631 E.01672
G1 X193.104 Y113.809 E.01658
G1 X192.807 Y113.957 E.01797
G1 X192.667 Y114.247 E.01744
G1 X192.501 Y114.399 E.01222
G1 X192.31 Y114.468 E.01103
G1 X192.228 Y114.467 E.00444
G1 X192.13 Y114.43 E.00565
G1 X192.058 Y114.361 E.00544
G1 X192.012 Y114.247 E.00665
G1 X192.011 Y114.089 E.00856
G1 X192.065 Y113.929 E.00916
G1 X192.184 Y113.764 E.011
G1 X192.796 Y113.079 E.0498
G1 X193.021 Y112.906 E.01539
G1 X193.221 Y112.805 E.01216
G1 X193.402 Y112.741 E.0104
G1 X193.578 Y112.726 E.00954
; WIPE_START
G1 X193.733 Y112.789 E-.06394
G1 X193.765 Y112.858 E-.02858
G1 X193.764 Y112.996 E-.05268
G1 X193.697 Y113.194 E-.07946
G1 X193.564 Y113.407 E-.09511
G1 X193.353 Y113.631 E-.11723
G1 X193.104 Y113.809 E-.11621
G1 X192.807 Y113.957 E-.126
G1 X192.715 Y114.148 E-.08079
; WIPE_END
G1 E-.04 F1800
M204 S10000
G17
G3 Z47.88 I-.403 J1.148 P1  F60000
G1 X194.903 Y114.917 Z47.88
G1 Z47.48
G1 E.8 F1800
G1 F7915.629
M204 S8000
G1 X195.116 Y115.144 E.01691
G1 X195.278 Y115.49 E.02068
G1 X195.391 Y116.042 E.03054
G1 X195.599 Y116.217 E.01474
G1 X195.718 Y116.385 E.01116
G1 X195.781 Y116.555 E.00983
G1 X195.784 Y116.691 E.0074
G1 X195.748 Y116.777 E.00505
G1 X195.634 Y116.856 E.00748
G1 X195.437 Y116.866 E.0107
G1 X195.287 Y116.823 E.00846
G1 X195.123 Y116.745 E.00987
G1 X194.954 Y116.613 E.01163
G1 X194.742 Y116.346 E.01846
G1 X194.683 Y116.31 E.00376
G1 X194.588 Y116.05 E.01499
G1 X194.538 Y115.754 E.01628
G1 X194.524 Y115.474 E.01518
G1 X194.572 Y115.166 E.01688
G1 X194.671 Y114.956 E.01259
G1 X194.758 Y114.89 E.00593
G1 X194.825 Y114.883 E.00366
; WIPE_START
G1 X195.116 Y115.144 E-.14867
G1 X195.278 Y115.49 E-.14496
G1 X195.391 Y116.042 E-.21412
G1 X195.599 Y116.217 E-.10333
G1 X195.718 Y116.385 E-.07823
G1 X195.781 Y116.555 E-.06893
G1 X195.781 Y116.559 E-.00175
; WIPE_END
G1 E-.04 F1800
M204 S10000
G17
G3 Z47.88 I.055 J-1.216 P1  F60000
G1 X193.38 Y116.451 Z47.88
G1 Z47.48
G1 E.8 F1800
G1 F7915.629
M204 S8000
G1 X193.631 Y116.526 E.0142
G1 X193.783 Y116.606 E.00932
G1 X194.103 Y116.89 E.02319
G1 X194.292 Y117.206 E.01998
G1 X194.381 Y117.462 E.0147
G1 X194.412 Y117.794 E.01803
G1 X194.366 Y118.078 E.01562
G1 X194.267 Y118.286 E.01247
G1 X194.15 Y118.394 E.00863
G1 X194.099 Y118.405 E.00283
G1 X193.984 Y118.376 E.00645
G1 X193.827 Y118.22 E.01201
G1 X193.648 Y117.89 E.02032
G1 X193.507 Y117.378 E.02882
G1 X193.299 Y117.148 E.01682
G1 X193.172 Y116.932 E.01356
G1 X193.108 Y116.73 E.01151
G1 X193.11 Y116.583 E.00797
G1 X193.144 Y116.507 E.00451
G1 X193.208 Y116.46 E.00432
G1 X193.295 Y116.444 E.00477
; WIPE_START
G1 X193.631 Y116.526 E-.13147
G1 X193.783 Y116.606 E-.06534
G1 X194.103 Y116.89 E-.16257
G1 X194.292 Y117.206 E-.14007
G1 X194.381 Y117.462 E-.10308
G1 X194.412 Y117.794 E-.12638
G1 X194.399 Y117.874 E-.0311
; WIPE_END
G1 E-.04 F1800
M204 S10000
G17
G3 Z47.88 I-.596 J-1.061 P1  F60000
G1 X192.172 Y119.125 Z47.88
G1 Z47.48
G1 E.8 F1800
G1 F7915.629
M204 S8000
G1 X192.247 Y119.127 E.00405
G1 X192.412 Y119.178 E.00938
G1 X192.583 Y119.26 E.01026
G1 X192.867 Y119.5 E.02015
G1 X192.986 Y119.692 E.01224
G1 X193.069 Y119.772 E.00623
G1 X193.16 Y120.091 E.01802
G1 X193.184 Y120.471 E.0206
G1 X193.132 Y120.78 E.01701
G1 X193.031 Y120.996 E.0129
G1 X192.924 Y121.096 E.00794
G1 X192.88 Y121.104 E.00241
G1 X192.759 Y121.065 E.00687
G1 X192.603 Y120.897 E.01248
G1 X192.457 Y120.588 E.01853
G1 X192.383 Y120.244 E.01903
G1 X192.066 Y119.796 E.02976
G1 X191.97 Y119.615 E.01109
G1 X191.901 Y119.419 E.0113
G1 X191.899 Y119.281 E.00745
G1 X191.937 Y119.194 E.00518
G1 X191.995 Y119.148 E.004
G1 X192.087 Y119.123 E.00517
; WIPE_START
G1 X192.247 Y119.127 E-.06082
G1 X192.412 Y119.178 E-.06579
G1 X192.583 Y119.26 E-.0719
G1 X192.867 Y119.5 E-.14128
G1 X192.986 Y119.692 E-.08583
G1 X193.069 Y119.772 E-.0437
G1 X193.16 Y120.091 E-.12635
G1 X193.184 Y120.471 E-.14441
G1 X193.175 Y120.522 E-.01992
; WIPE_END
G1 E-.04 F1800
M204 S10000
G17
G3 Z47.88 I.153 J1.207 P1  F60000
G1 X195.951 Y120.171 Z47.88
G1 Z47.48
G1 E.8 F1800
G1 F7915.629
M204 S8000
G1 X196.321 Y120.248 E.02049
G1 X196.516 Y120.34 E.0117
G1 X196.733 Y120.505 E.01477
G1 X196.942 Y120.75 E.01743
G1 X197.066 Y120.978 E.01406
G1 X197.127 Y121.191 E.01201
G1 X197.123 Y121.347 E.00848
G1 X197.085 Y121.427 E.00476
G1 X197.033 Y121.465 E.00351
G1 X196.932 Y121.484 E.00559
G1 X196.817 Y121.472 E.00623
G1 X196.619 Y121.395 E.01154
G1 X195.863 Y120.92 E.04836
G1 X195.603 Y120.866 E.01442
G1 X195.412 Y120.785 E.01122
G1 X195.268 Y120.678 E.00977
G1 X195.192 Y120.572 E.00703
G1 X195.174 Y120.49 E.00457
G1 X195.193 Y120.422 E.00382
G1 X195.268 Y120.333 E.00633
G1 X195.411 Y120.245 E.00909
G1 X195.598 Y120.188 E.01057
G1 X195.866 Y120.16 E.01463
; WIPE_START
G1 X196.321 Y120.248 E-.17597
G1 X196.516 Y120.34 E-.08202
G1 X196.733 Y120.505 E-.10355
G1 X196.942 Y120.75 E-.12221
G1 X197.066 Y120.978 E-.09857
G1 X197.127 Y121.191 E-.08422
G1 X197.123 Y121.347 E-.05944
G1 X197.085 Y121.427 E-.03337
G1 X197.084 Y121.428 E-.00065
; WIPE_END
G1 E-.04 F1800
M204 S10000
G17
G3 Z47.88 I1.216 J-.042 P1  F60000
G1 X196.993 Y118.793 Z47.88
G1 Z47.48
G1 E.8 F1800
G1 F7915.629
M204 S8000
G1 X197.246 Y118.89 E.01469
G1 X197.576 Y119.19 E.02416
G1 X197.905 Y119.238 E.01804
G1 X198.207 Y119.341 E.01727
G1 X198.429 Y119.461 E.01367
G1 X198.595 Y119.599 E.01173
G1 X198.679 Y119.724 E.00814
G1 X198.694 Y119.8 E.00421
G1 X198.676 Y119.853 E.00303
G1 X198.598 Y119.927 E.00581
G1 X198.467 Y119.988 E.00781
G1 X198.219 Y120.039 E.01374
G1 X197.965 Y120.048 E.01377
G1 X197.64 Y120.001 E.01783
G1 X197.245 Y119.855 E.02281
G1 X197.176 Y119.758 E.00648
G1 X197 Y119.636 E.01163
G1 X196.874 Y119.505 E.0098
G1 X196.767 Y119.325 E.01138
G1 X196.711 Y119.134 E.01078
G1 X196.716 Y118.974 E.00869
G1 X196.759 Y118.873 E.00594
G1 X196.832 Y118.811 E.00517
G1 X196.908 Y118.791 E.00425
; WIPE_START
G1 X197.246 Y118.89 E-.13405
G1 X197.576 Y119.19 E-.1694
G1 X197.905 Y119.238 E-.12645
G1 X198.207 Y119.341 E-.12111
G1 X198.429 Y119.461 E-.09585
G1 X198.595 Y119.599 E-.08221
G1 X198.641 Y119.667 E-.03092
; WIPE_END
G1 E-.04 F1800
M204 S10000
G17
G3 Z47.88 I1.215 J-.062 P1  F60000
G1 X198.448 Y115.869 Z47.88
G1 Z47.48
G1 E.8 F1800
G1 F7915.629
M204 S8000
G1 X198.465 Y115.871 E.00091
G1 X198.457 Y115.883 E.00076
G1 X197.894 Y115.105 E.05207
G1 X198.151 Y115.205 E.01496
G1 X198.899 Y115.302 E.04092
G1 X199.282 Y115.117 E.02301
G1 X199.494 Y115.098 E.01159
G1 X199.695 Y115.132 E.01101
G1 X199.861 Y115.2 E.00972
G1 X199.987 Y115.296 E.00861
G1 X200.057 Y115.4 E.00678
G1 X200.076 Y115.494 E.00519
G1 X200.056 Y115.575 E.00456
G1 X199.988 Y115.665 E.00609
G1 X199.827 Y115.765 E.01029
G1 X199.701 Y115.801 E.00707
G1 X199.432 Y115.824 E.01466
G1 X199.079 Y116.063 E.02311
G1 X198.696 Y116.657 E.03834
G1 X198.559 Y116.964 E.01818
G1 X198.455 Y117.063 E.0078
G1 X198.415 Y117.071 E.00222
G1 X198.302 Y117.033 E.00645
G1 X198.146 Y116.861 E.01256
G1 X197.992 Y116.53 E.0198
G1 X197.919 Y116.193 E.01868
G1 X197.502 Y115.555 E.04134
G1 X197.432 Y115.379 E.01025
G1 X197.428 Y115.251 E.00694
G1 X197.464 Y115.163 E.00516
G1 X197.522 Y115.115 E.00411
G1 X197.616 Y115.083 E.00535
G1 X197.811 Y115.083 E.0106
; WIPE_START
G1 X198.151 Y115.205 E-.13714
G1 X198.899 Y115.302 E-.28688
G1 X199.282 Y115.117 E-.16129
G1 X199.494 Y115.098 E-.08127
G1 X199.695 Y115.132 E-.07719
G1 X199.734 Y115.148 E-.01623
; WIPE_END
G1 E-.04 F1800
M204 S10000
G17
G3 Z47.88 I1.001 J-.692 P1  F60000
G1 X198.082 Y112.758 Z47.88
G1 Z47.48
G1 E.8 F1800
G1 F7915.629
M204 S8000
G1 X198.096 Y112.78 E.00141
G1 X198.063 Y112.777 E.00182
G1 X198.082 Y112.758 E.0015
G1 X198.215 Y111.602 E.06306
G1 X198.395 Y111.801 E.01455
G1 X198.549 Y112.132 E.01978
G1 X198.608 Y112.43 E.01646
G1 X199.016 Y113.073 E.04129
G1 X199.086 Y113.252 E.01043
G1 X199.089 Y113.38 E.00694
G1 X199.055 Y113.463 E.00485
G1 X198.994 Y113.517 E.00444
G1 X198.89 Y113.552 E.00596
G1 X198.72 Y113.553 E.0092
G1 X198.578 Y113.514 E.00797
G1 X198.359 Y113.419 E.01296
G1 X197.579 Y113.366 E.04234
G1 X197.409 Y113.483 E.01122
G1 X197.085 Y113.542 E.0178
G1 X196.826 Y113.503 E.01423
G1 X196.66 Y113.434 E.00973
G1 X196.531 Y113.336 E.00878
G1 X196.46 Y113.232 E.0068
G1 X196.442 Y113.143 E.00495
G1 X196.463 Y113.059 E.0047
G1 X196.533 Y112.968 E.00623
G1 X196.66 Y112.884 E.00822
G1 X196.825 Y112.833 E.0094
G1 X197.086 Y112.809 E.01416
G1 X197.291 Y112.676 E.01326
G1 X197.819 Y112.142 E.04075
G1 X197.863 Y111.879 E.01445
G1 X197.964 Y111.662 E.01293
G1 X198.049 Y111.583 E.0063
G1 X198.137 Y111.568 E.00483
; WIPE_START
G1 X198.395 Y111.801 E-.13206
G1 X198.549 Y112.132 E-.1387
G1 X198.608 Y112.43 E-.1154
G1 X199.016 Y113.073 E-.28946
G1 X199.086 Y113.252 E-.07315
G1 X199.086 Y113.282 E-.01124
; WIPE_END
G1 E-.04 F1800
M204 S10000
G17
G3 Z47.88 I-1.154 J.387 P1  F60000
G1 X200.716 Y118.141 Z47.88
G1 Z47.48
G1 E.8 F1800
G1 F7915.629
M204 S8000
G1 X200.788 Y118.144 E.0039
G1 X200.958 Y118.197 E.00964
G1 X201.114 Y118.271 E.00936
G1 X201.41 Y118.523 E.02106
G1 X201.536 Y118.726 E.01297
G1 X201.61 Y118.796 E.00553
G1 X201.702 Y119.111 E.01775
G1 X201.725 Y119.488 E.02048
G1 X201.674 Y119.797 E.01697
G1 X201.572 Y120.013 E.01294
G1 X201.464 Y120.114 E.00805
G1 X201.419 Y120.123 E.00245
G1 X201.31 Y120.091 E.00619
G1 X201.148 Y119.922 E.0127
G1 X201 Y119.615 E.01846
G1 X200.927 Y119.272 E.01897
G1 X200.614 Y118.824 E.02962
G1 X200.513 Y118.632 E.01178
G1 X200.445 Y118.434 E.01138
G1 X200.443 Y118.295 E.00754
G1 X200.482 Y118.207 E.00518
G1 X200.54 Y118.162 E.00397
G1 X200.631 Y118.138 E.00512
; WIPE_START
G1 X200.788 Y118.144 E-.05974
G1 X200.958 Y118.197 E-.06758
G1 X201.114 Y118.271 E-.06561
G1 X201.41 Y118.523 E-.14767
G1 X201.536 Y118.726 E-.09096
G1 X201.61 Y118.796 E-.03876
G1 X201.702 Y119.111 E-.12445
G1 X201.725 Y119.488 E-.1436
G1 X201.716 Y119.544 E-.02164
; WIPE_END
G1 E-.04 F1800
M204 S10000
G17
G3 Z47.88 I-.983 J-.718 P1  F60000
G1 X199.932 Y121.986 Z47.88
G1 Z47.48
G1 E.8 F1800
G1 F7915.629
M204 S8000
G1 X200.166 Y122.231 E.01838
G1 X200.336 Y122.588 E.02142
G1 X200.444 Y123.098 E.02824
G1 X200.628 Y123.261 E.01333
G1 X200.745 Y123.437 E.01144
G1 X200.805 Y123.614 E.01018
G1 X200.805 Y123.759 E.00782
G1 X200.767 Y123.849 E.00532
G1 X200.698 Y123.91 E.005
G1 X200.618 Y123.934 E.00451
G1 X200.471 Y123.931 E.00798
G1 X200.323 Y123.885 E.00837
G1 X200.169 Y123.802 E.00949
G1 X200.014 Y123.672 E.01098
G1 X199.823 Y123.409 E.01764
G1 X199.754 Y123.354 E.00473
G1 X199.635 Y123.054 E.01751
G1 X199.583 Y122.786 E.01478
G1 X199.564 Y122.504 E.01532
G1 X199.608 Y122.214 E.01593
G1 X199.701 Y122.016 E.01184
G1 X199.782 Y121.958 E.0054
G1 X199.854 Y121.952 E.00394
; WIPE_START
G1 X200.166 Y122.231 E-.15912
G1 X200.336 Y122.588 E-.15018
G1 X200.444 Y123.098 E-.19797
G1 X200.628 Y123.261 E-.09347
G1 X200.745 Y123.437 E-.08017
G1 X200.805 Y123.614 E-.07135
G1 X200.805 Y123.635 E-.00774
; WIPE_END
G1 E-.04 F1800
M204 S10000
G17
G3 Z47.88 I-.042 J-1.216 P1  F60000
G1 X198.198 Y123.725 Z47.88
G1 Z47.48
G1 E.8 F1800
G1 F7915.629
M204 S8000
G1 X198.279 Y123.732 E.00443
G1 X198.461 Y123.794 E.01042
G1 X198.653 Y123.889 E.01161
G1 X199.007 Y124.191 E.02521
G1 X199.134 Y124.369 E.01184
G1 X199.228 Y124.655 E.01633
G1 X199.254 Y125.014 E.0195
G1 X199.199 Y125.327 E.01721
G1 X199.09 Y125.556 E.01377
G1 X198.962 Y125.678 E.0096
G1 X198.909 Y125.691 E.00297
G1 X198.808 Y125.67 E.00558
G1 X198.663 Y125.527 E.01103
G1 X198.544 Y125.278 E.01496
G1 X198.512 Y125.093 E.01017
G1 X198.183 Y124.454 E.03894
G1 X198.119 Y124.393 E.00479
G1 X197.992 Y124.191 E.01296
G1 X197.926 Y123.996 E.01117
G1 X197.925 Y123.856 E.00756
G1 X197.961 Y123.779 E.0046
G1 X198.018 Y123.738 E.0038
G1 X198.113 Y123.719 E.00525
; WIPE_START
G1 X198.279 Y123.732 E-.06349
G1 X198.461 Y123.794 E-.07308
G1 X198.653 Y123.889 E-.0814
G1 X199.007 Y124.191 E-.17677
G1 X199.134 Y124.369 E-.08302
G1 X199.228 Y124.655 E-.11449
G1 X199.254 Y125.014 E-.13673
G1 X199.24 Y125.095 E-.03105
; WIPE_END
G1 E-.04 F1800
M204 S10000
G17
G3 Z47.88 I.321 J-1.174 P1  F60000
G1 X194.942 Y123.919 Z47.88
G1 Z47.48
G1 E.8 F1800
G1 F7915.629
M204 S8000
G1 X195.153 Y124.138 E.01646
G1 X195.348 Y124.552 E.02481
G1 X195.438 Y124.625 E.0063
G1 X195.5 Y125 E.02061
G1 X195.737 Y125.174 E.01593
G1 X195.866 Y125.325 E.01077
G1 X195.936 Y125.48 E.00919
G1 X195.945 Y125.592 E.0061
G1 X195.915 Y125.668 E.00443
G1 X195.852 Y125.727 E.00467
G1 X195.742 Y125.769 E.0064
G1 X195.51 Y125.776 E.01254
G1 X195.167 Y125.675 E.01938
G1 X194.386 Y125.883 E.04381
G1 X194.197 Y126.119 E.0164
G1 X193.978 Y126.275 E.01456
G1 X193.905 Y126.31 E.00437
G1 X193.809 Y126.326 E.00527
G1 X193.732 Y126.305 E.00433
G1 X193.643 Y126.226 E.00644
G1 X193.578 Y126.091 E.00817
G1 X193.515 Y126.026 E.00487
G1 X193.492 Y125.97 E.00328
G1 X193.313 Y125.777 E.01425
G1 X193.233 Y125.626 E.00928
G1 X193.222 Y125.528 E.00532
G1 X193.244 Y125.473 E.00321
G1 X193.315 Y125.414 E.005
G1 X193.408 Y125.378 E.00542
G1 X193.794 Y125.355 E.02093
G1 X194.011 Y125.246 E.01318
G1 X194.545 Y124.61 E.04503
G1 X194.613 Y124.186 E.02328
G1 X194.708 Y123.983 E.01216
G1 X194.795 Y123.904 E.00638
G1 X194.862 Y123.889 E.00371
; WIPE_START
G1 X195.153 Y124.138 E-.14533
G1 X195.348 Y124.552 E-.17397
G1 X195.438 Y124.625 E-.04417
G1 X195.5 Y125 E-.1445
G1 X195.737 Y125.174 E-.11171
G1 X195.866 Y125.325 E-.07549
G1 X195.936 Y125.48 E-.06446
G1 X195.936 Y125.481 E-.00037
; WIPE_END
G1 E-.04 F1800
M204 S10000
G17
G3 Z47.88 I.381 J-1.156 P1  F60000
G1 X190.593 Y123.719 Z47.88
G1 Z47.48
G1 E.8 F1800
G1 F7915.629
M204 S8000
G1 X190.691 Y123.743 E.00546
G1 X190.604 Y123.813 E.00608
G1 X190.593 Y123.719 E.00517
G1 X189.991 Y122.798 E.05964
G1 X190.151 Y122.858 E.00929
G1 X190.315 Y122.982 E.01113
G1 X190.471 Y123.051 E.00924
G1 X191.16 Y123.219 E.03847
G1 X191.507 Y123.164 E.01903
G1 X191.714 Y123.178 E.01123
G1 X191.888 Y123.222 E.00972
G1 X192.032 Y123.304 E.00898
G1 X192.095 Y123.376 E.00522
G1 X192.119 Y123.456 E.00453
G1 X192.102 Y123.544 E.00486
G1 X192.029 Y123.658 E.00732
G1 X191.886 Y123.775 E.00999
G1 X191.715 Y123.858 E.01032
G1 X191.451 Y123.923 E.01477
G1 X190.827 Y124.431 E.04362
G1 X190.784 Y124.7 E.01476
G1 X190.684 Y124.908 E.0125
G1 X190.576 Y125.01 E.00803
G1 X190.496 Y125.034 E.00451
G1 X190.407 Y125.017 E.00494
G1 X190.246 Y124.867 E.01193
G1 X190.126 Y124.621 E.01484
G1 X190.103 Y124.49 E.00717
G1 X190.033 Y124.279 E.0121
G1 X189.971 Y123.734 E.02971
G1 X189.841 Y123.551 E.01213
G1 X189.74 Y123.361 E.0117
G1 X189.69 Y123.151 E.0117
G1 X189.7 Y122.974 E.00961
G1 X189.75 Y122.863 E.00661
G1 X189.815 Y122.808 E.00458
G1 X189.908 Y122.784 E.00519
; WIPE_START
G1 X190.151 Y122.858 E-.09679
G1 X190.315 Y122.982 E-.07803
G1 X190.471 Y123.051 E-.06477
G1 X191.16 Y123.219 E-.2697
G1 X191.507 Y123.164 E-.13342
G1 X191.714 Y123.178 E-.07874
G1 X191.812 Y123.203 E-.03855
; WIPE_END
G1 E-.04 F1800
M204 S10000
G17
G3 Z47.88 I-.13 J-1.21 P1  F60000
G1 X187.84 Y123.63 Z47.88
G1 Z47.48
G1 E.8 F1800
G1 F7915.629
M204 S8000
G1 X188.135 Y123.753 E.01731
G1 X188.431 Y124.026 E.02184
G1 X188.629 Y124.356 E.02083
G1 X188.696 Y124.566 E.01197
G1 X188.715 Y124.938 E.02016
G1 X188.651 Y125.285 E.01912
G1 X188.525 Y125.551 E.01594
G1 X188.409 Y125.67 E.009
G1 X188.314 Y125.702 E.00547
G1 X188.238 Y125.688 E.00421
G1 X188.109 Y125.563 E.00973
G1 X187.996 Y125.323 E.01441
G1 X187.936 Y124.991 E.01824
G1 X187.729 Y124.355 E.03629
G1 X187.62 Y124.153 E.01246
G1 X187.564 Y123.941 E.01187
G1 X187.57 Y123.776 E.00897
G1 X187.613 Y123.685 E.00541
G1 X187.679 Y123.634 E.00455
G1 X187.755 Y123.622 E.00418
; WIPE_START
G1 X188.135 Y123.753 E-.1526
G1 X188.431 Y124.026 E-.15312
G1 X188.629 Y124.356 E-.14607
G1 X188.696 Y124.566 E-.08392
G1 X188.715 Y124.938 E-.14135
G1 X188.676 Y125.153 E-.08293
; WIPE_END
G1 E-.04 F1800
M204 S10000
G17
G3 Z47.88 I1.208 J-.145 P1  F60000
G1 X188.092 Y120.286 Z47.88
G1 Z47.48
G1 E.8 F1800
G1 F7915.629
M204 S8000
G1 X188.224 Y120.39 E.00907
G1 X188.277 Y120.562 E.00975
G1 X188.245 Y120.811 E.0136
G1 X188.132 Y121.031 E.01342
G1 X187.93 Y121.235 E.01557
G1 X187.792 Y121.295 E.00812
G1 X187.685 Y121.306 E.00583
G1 X187.603 Y121.283 E.00466
G1 X187.532 Y121.221 E.00509
G1 X187.476 Y121.098 E.00733
G1 X187.463 Y120.914 E.00999
G1 X187.512 Y120.706 E.01159
G1 X187.604 Y120.538 E.0104
G1 X187.682 Y120.437 E.00692
G1 X187.887 Y120.295 E.01351
G1 X188.009 Y120.269 E.00677
; WIPE_START
G1 X188.224 Y120.39 E-.0937
G1 X188.277 Y120.562 E-.06837
G1 X188.245 Y120.811 E-.09532
G1 X188.132 Y121.031 E-.09409
G1 X187.93 Y121.235 E-.10918
G1 X187.792 Y121.295 E-.05696
G1 X187.685 Y121.306 E-.04088
G1 X187.603 Y121.283 E-.0327
G1 X187.532 Y121.221 E-.03567
G1 X187.476 Y121.098 E-.0514
G1 X187.463 Y120.914 E-.07006
G1 X187.47 Y120.884 E-.01167
; WIPE_END
G1 E-.04 F1800
M204 S10000
G17
G3 Z47.88 I1.205 J.171 P1  F60000
G1 X187.971 Y117.358 Z47.88
G1 Z47.48
G1 E.8 F1800
G1 F7915.629
M204 S8000
G1 X188.11 Y117.446 E.00892
G1 X188.385 Y117.764 E.02282
G1 X188.6 Y118.2 E.02632
G1 X188.676 Y118.53 E.01833
G1 X188.829 Y118.763 E.01513
G1 X188.882 Y118.944 E.0102
G1 X188.876 Y119.108 E.00894
G1 X188.826 Y119.225 E.00686
G1 X188.71 Y119.313 E.00789
G1 X188.556 Y119.314 E.00833
G1 X188.394 Y119.249 E.00946
G1 X188.319 Y119.187 E.00528
G1 X188.218 Y119.087 E.00771
G1 X188.099 Y118.865 E.01364
G1 X188.031 Y118.819 E.00443
G1 X187.902 Y118.612 E.0132
G1 X187.782 Y118.318 E.01723
G1 X187.707 Y118.069 E.0141
G1 X187.672 Y117.753 E.01722
G1 X187.702 Y117.503 E.01362
G1 X187.767 Y117.37 E.00805
G1 X187.817 Y117.333 E.0034
G1 X187.892 Y117.326 E.00404
; WIPE_START
G1 X188.11 Y117.446 E-.09453
G1 X188.385 Y117.764 E-.15998
G1 X188.6 Y118.2 E-.1845
G1 X188.676 Y118.53 E-.1285
G1 X188.829 Y118.763 E-.10606
G1 X188.882 Y118.944 E-.07152
G1 X188.88 Y118.983 E-.0149
; WIPE_END
G1 E-.04 F1800
M204 S10000
G17
G3 Z47.88 I1.154 J.388 P1  F60000
G1 X190.204 Y115.042 Z47.88
G1 Z47.48
G1 E.8 F1800
G1 F7915.629
M204 S8000
G1 X190.277 Y115.044 E.00394
G1 X190.44 Y115.094 E.00923
G1 X190.607 Y115.175 E.01008
G1 X190.877 Y115.404 E.01919
G1 X190.987 Y115.586 E.0115
G1 X191.063 Y115.646 E.00527
G1 X191.092 Y115.694 E.00304
G1 X191.183 Y116.022 E.01844
G1 X191.206 Y116.4 E.02055
G1 X191.156 Y116.709 E.01696
G1 X191.056 Y116.922 E.01274
G1 X190.951 Y117.018 E.00771
G1 X190.909 Y117.027 E.00235
G1 X190.786 Y116.985 E.00703
G1 X190.625 Y116.811 E.01287
G1 X190.475 Y116.492 E.01908
G1 X190.413 Y116.211 E.01561
G1 X189.999 Y115.527 E.04335
G1 X189.933 Y115.339 E.01076
G1 X189.931 Y115.201 E.00748
G1 X189.97 Y115.112 E.00529
G1 X190.028 Y115.066 E.00402
G1 X190.119 Y115.04 E.00513
; WIPE_START
G1 X190.277 Y115.044 E-.06005
G1 X190.44 Y115.094 E-.06468
G1 X190.607 Y115.175 E-.07067
G1 X190.877 Y115.404 E-.13457
G1 X190.987 Y115.586 E-.08063
G1 X191.063 Y115.646 E-.03695
G1 X191.092 Y115.694 E-.02131
G1 X191.183 Y116.022 E-.12927
G1 X191.206 Y116.4 E-.14405
G1 X191.199 Y116.447 E-.01782
; WIPE_END
G1 E-.04 F1800
M204 S10000
G17
G3 Z47.88 I.78 J-.934 P1  F60000
G1 X188.058 Y113.825 Z47.88
G1 Z47.48
G1 E.8 F1800
G1 F7915.629
M204 S8000
G1 X188.114 Y113.841 E.00314
G1 X188.22 Y113.951 E.0083
G1 X188.263 Y114.153 E.01116
G1 X188.216 Y114.44 E.01576
G1 X188.079 Y114.704 E.01614
G1 X187.888 Y114.889 E.01441
G1 X187.704 Y114.961 E.01069
G1 X187.609 Y114.95 E.00519
G1 X187.522 Y114.876 E.00621
G1 X187.459 Y114.742 E.00801
G1 X187.44 Y114.54 E.01098
G1 X187.484 Y114.313 E.01253
G1 X187.563 Y114.146 E.01003
G1 X187.707 Y113.949 E.01324
G1 X187.838 Y113.85 E.00888
G1 X187.976 Y113.801 E.00796
; WIPE_START
G1 X188.114 Y113.841 E-.05446
G1 X188.22 Y113.951 E-.0582
G1 X188.263 Y114.153 E-.07826
G1 X188.216 Y114.44 E-.1105
G1 X188.079 Y114.704 E-.11318
G1 X187.888 Y114.889 E-.10099
G1 X187.704 Y114.961 E-.07493
G1 X187.609 Y114.95 E-.03635
G1 X187.522 Y114.876 E-.04356
G1 X187.459 Y114.742 E-.05616
G1 X187.451 Y114.654 E-.03341
; WIPE_END
G1 E-.04 F1800
M204 S10000
G17
G3 Z47.88 I-1.158 J.374 P1  F60000
G1 X191.511 Y127.214 Z47.88
G1 Z47.48
G1 E.8 F1800
G1 F7915.629
M204 S8000
G1 X191.601 Y127.294 E.00649
G1 X191.693 Y127.49 E.01173
G1 X191.714 Y127.623 E.00729
G1 X191.942 Y127.801 E.01569
G1 X192.021 Y127.915 E.00748
G1 X192.037 Y127.996 E.00448
G1 X192.018 Y128.056 E.00341
G1 X191.942 Y128.137 E.00603
G1 X191.793 Y128.218 E.00919
G1 X191.631 Y128.257 E.00903
G1 X191.54 Y128.311 E.00577
G1 X191.214 Y128.388 E.01814
G1 X191.047 Y128.406 E.00906
G1 X190.775 Y128.375 E.01488
G1 X190.287 Y128.484 E.02708
G1 X190.062 Y128.501 E.01224
G1 X189.707 Y128.415 E.01977
G1 X189.501 Y128.278 E.01342
G1 X189.378 Y128.14 E.01001
G1 X189.31 Y127.996 E.00862
G1 X189.3 Y127.882 E.00623
G1 X189.329 Y127.801 E.00465
G1 X189.394 Y127.736 E.00499
G1 X189.508 Y127.687 E.0067
G1 X189.659 Y127.67 E.00825
G1 X189.827 Y127.695 E.00923
G1 X190.079 Y127.784 E.01447
G1 X190.881 Y127.754 E.0435
G1 X191.097 Y127.533 E.01674
G1 X191.167 Y127.417 E.00733
G1 X191.331 Y127.245 E.01289
G1 X191.427 Y127.204 E.00566
; WIPE_START
G1 X191.601 Y127.294 E-.07437
G1 X191.693 Y127.49 E-.08227
G1 X191.714 Y127.623 E-.05108
G1 X191.942 Y127.801 E-.11002
G1 X192.021 Y127.915 E-.05243
G1 X192.037 Y127.996 E-.03142
G1 X192.018 Y128.056 E-.02394
G1 X191.942 Y128.137 E-.04228
G1 X191.793 Y128.218 E-.0644
G1 X191.631 Y128.257 E-.06333
G1 X191.54 Y128.311 E-.04042
G1 X191.222 Y128.386 E-.12404
; WIPE_END
G1 E-.04 F1800
M204 S10000
G17
G3 Z47.88 I-1.138 J-.43 P1  F60000
G1 X190.722 Y129.71 Z47.88
G1 Z47.48
G1 E.8 F1800
G1 F7915.629
M204 S8000
G1 X190.97 Y129.804 E.0144
G1 X191.093 Y129.876 E.00772
G1 X191.295 Y130.058 E.01475
G1 X191.421 Y130.183 E.00963
G1 X191.629 Y130.535 E.02215
G1 X191.623 Y130.603 E.00369
G1 X191.704 Y130.79 E.01103
G1 X191.739 Y131.091 E.0164
G1 X191.698 Y131.355 E.01449
G1 X191.603 Y131.552 E.01183
G1 X191.481 Y131.662 E.00892
G1 X191.43 Y131.673 E.00284
G1 X191.303 Y131.644 E.00706
G1 X191.152 Y131.497 E.01145
G1 X190.986 Y131.185 E.01915
G1 X190.82 Y130.683 E.02865
G1 X190.646 Y130.469 E.01494
G1 X190.511 Y130.212 E.01572
G1 X190.451 Y129.987 E.0126
G1 X190.456 Y129.828 E.00863
G1 X190.494 Y129.75 E.00474
G1 X190.555 Y129.707 E.004
G1 X190.637 Y129.698 E.0045
; WIPE_START
G1 X190.97 Y129.804 E-.13277
G1 X191.093 Y129.876 E-.05411
G1 X191.295 Y130.058 E-.1034
G1 X191.421 Y130.183 E-.06753
G1 X191.629 Y130.535 E-.1553
G1 X191.623 Y130.603 E-.02587
G1 X191.704 Y130.79 E-.07736
G1 X191.739 Y131.091 E-.11501
G1 X191.727 Y131.165 E-.02865
; WIPE_END
G1 E-.04 F1800
M204 S10000
G17
G3 Z47.88 I.717 J.983 P1  F60000
G1 X193.176 Y130.109 Z47.88
G1 Z47.48
G1 E.8 F1800
G1 F7915.629
M204 S8000
G1 X193.218 Y130.123 E.00238
G1 X193.341 Y130.239 E.00917
G1 X193.442 Y130.447 E.01256
G1 X193.5 Y130.846 E.02182
G1 X193.668 Y130.992 E.01209
G1 X193.887 Y131.279 E.01953
G1 X194.016 Y131.535 E.01554
G1 X194.078 Y131.767 E.01306
G1 X194.073 Y131.93 E.00881
G1 X194.037 Y132.001 E.00432
G1 X193.992 Y132.031 E.00295
G1 X193.888 Y132.043 E.00567
G1 X193.77 Y132.023 E.00647
G1 X193.545 Y131.924 E.01336
G1 X193.393 Y131.831 E.00964
G1 X193.142 Y131.606 E.01824
G1 X192.867 Y131.249 E.02446
G1 X192.845 Y131.196 E.00309
G1 X192.847 Y131.059 E.00741
G1 X192.773 Y130.846 E.01226
G1 X192.756 Y130.708 E.00754
G1 X192.793 Y130.413 E.01609
G1 X192.889 Y130.214 E.012
G1 X192.998 Y130.111 E.0081
G1 X193.096 Y130.081 E.00554
; WIPE_START
G1 X193.218 Y130.123 E-.0491
G1 X193.341 Y130.239 E-.06427
G1 X193.442 Y130.447 E-.08805
G1 X193.5 Y130.846 E-.15295
G1 X193.668 Y130.992 E-.08474
G1 X193.887 Y131.279 E-.13694
G1 X194.016 Y131.535 E-.10894
G1 X194.067 Y131.725 E-.07501
; WIPE_END
G1 E-.04 F1800
M204 S10000
G17
G3 Z47.88 I1.17 J.336 P1  F60000
G1 X195.029 Y128.378 Z47.88
G1 Z47.48
G1 E.8 F1800
G1 F7915.629
M204 S8000
G1 X195.099 Y128.382 E.00384
G1 X195.276 Y128.44 E.01004
G1 X195.435 Y128.518 E.00965
G1 X195.745 Y128.784 E.02212
G1 X195.933 Y129.058 E.01801
G1 X196.025 Y129.355 E.01688
G1 X196.05 Y129.709 E.01924
G1 X196 Y130.018 E.01696
G1 X195.899 Y130.232 E.01281
G1 X195.787 Y130.337 E.00835
G1 X195.739 Y130.347 E.00261
G1 X195.63 Y130.317 E.00617
G1 X195.473 Y130.157 E.01214
G1 X195.331 Y129.863 E.01769
G1 X195.258 Y129.519 E.01907
G1 X194.924 Y129.05 E.0312
G1 X194.825 Y128.865 E.01139
G1 X194.757 Y128.664 E.01149
G1 X194.756 Y128.523 E.00763
G1 X194.794 Y128.439 E.00502
G1 X194.852 Y128.396 E.0039
G1 X194.944 Y128.374 E.00511
; WIPE_START
G1 X195.099 Y128.382 E-.05933
G1 X195.276 Y128.44 E-.07041
G1 X195.435 Y128.518 E-.06763
G1 X195.745 Y128.784 E-.15511
G1 X195.933 Y129.058 E-.12625
G1 X196.025 Y129.355 E-.11835
G1 X196.05 Y129.709 E-.13491
G1 X196.038 Y129.782 E-.02802
; WIPE_END
G1 E-.04 F1800
M204 S10000
G17
G3 Z47.88 I1.086 J.55 P1  F60000
G1 X197.055 Y127.774 Z47.88
G1 Z47.48
G1 E.8 F1800
G1 F7915.629
M204 S8000
G1 X197.193 Y127.898 E.01006
G1 X197.366 Y128.208 E.0192
G1 X197.444 Y128.643 E.02398
G1 X197.734 Y128.989 E.02443
G1 X197.865 Y129.225 E.01467
G1 X197.93 Y129.443 E.01231
G1 X197.927 Y129.594 E.00819
G1 X197.894 Y129.662 E.00413
G1 X197.845 Y129.696 E.0032
G1 X197.737 Y129.712 E.00592
G1 X197.598 Y129.693 E.00764
G1 X197.389 Y129.609 E.0122
G1 X197.205 Y129.504 E.01147
G1 X196.97 Y129.308 E.01655
G1 X196.683 Y128.954 E.02474
G1 X196.684 Y128.875 E.0043
G1 X196.601 Y128.568 E.01722
G1 X196.592 Y128.469 E.00539
G1 X196.637 Y128.107 E.01978
G1 X196.747 Y127.882 E.01355
G1 X196.864 Y127.769 E.00883
G1 X196.974 Y127.747 E.00606
; WIPE_START
G1 X197.193 Y127.898 E-.10106
G1 X197.366 Y128.208 E-.13462
G1 X197.444 Y128.643 E-.16813
G1 X197.734 Y128.989 E-.1713
G1 X197.865 Y129.225 E-.10286
G1 X197.927 Y129.432 E-.08202
; WIPE_END
G1 E-.04 F1800
M204 S10000
G17
G3 Z47.88 I.704 J.993 P1  F60000
G1 X200.164 Y127.847 Z47.88
G1 Z47.48
G1 E.8 F1800
G1 F7915.629
M204 S8000
G1 X200.419 Y127.958 E.01507
G1 X200.536 Y128.033 E.00753
G1 X200.753 Y128.239 E.0162
G1 X200.888 Y128.38 E.0106
G1 X201.101 Y128.745 E.0229
G1 X201.085 Y128.865 E.00656
G1 X201.156 Y128.993 E.00795
G1 X201.198 Y129.248 E.01396
G1 X201.166 Y129.484 E.01291
G1 X201.079 Y129.665 E.01092
G1 X200.943 Y129.78 E.00963
G1 X200.901 Y129.789 E.00232
G1 X200.756 Y129.757 E.00807
G1 X200.615 Y129.624 E.01047
G1 X200.51 Y129.41 E.01293
G1 X200.463 Y129.106 E.01666
G1 X200.102 Y128.659 E.03117
G1 X199.955 Y128.36 E.01808
G1 X199.896 Y128.119 E.01345
G1 X199.904 Y127.95 E.00916
G1 X199.943 Y127.872 E.00469
G1 X199.997 Y127.837 E.00351
G1 X200.081 Y127.831 E.00456
; WIPE_START
G1 X200.419 Y127.958 E-.13742
G1 X200.536 Y128.033 E-.05278
G1 X200.753 Y128.239 E-.11358
G1 X200.888 Y128.38 E-.07432
G1 X201.101 Y128.745 E-.16057
G1 X201.085 Y128.865 E-.04597
G1 X201.156 Y128.993 E-.05573
G1 X201.198 Y129.248 E-.09786
G1 X201.19 Y129.304 E-.02178
; WIPE_END
G1 E-.04 F1800
M204 S10000
G17
G3 Z47.88 I.735 J.97 P1  F60000
G1 X202.87 Y128.031 Z47.88
G1 Z47.48
G1 E.8 F1800
G1 F7915.629
M204 S8000
G1 X203.018 Y128.168 E.0109
G1 X203.137 Y128.416 E.01496
G1 X203.167 Y128.591 E.00961
G1 X203.513 Y129.22 E.03889
G1 X203.57 Y129.275 E.00427
G1 X203.697 Y129.48 E.01311
G1 X203.763 Y129.678 E.01131
G1 X203.763 Y129.819 E.00764
G1 X203.73 Y129.89 E.00423
G1 X203.676 Y129.93 E.00364
G1 X203.568 Y129.953 E.00604
G1 X203.412 Y129.941 E.00844
G1 X203.228 Y129.876 E.01061
G1 X203.037 Y129.78 E.0116
G1 X202.819 Y129.61 E.01495
G1 X202.565 Y129.306 E.02147
G1 X202.503 Y129.152 E.009
G1 X202.44 Y128.857 E.01638
G1 X202.431 Y128.709 E.00801
G1 X202.482 Y128.346 E.01988
G1 X202.589 Y128.123 E.01341
G1 X202.701 Y128.017 E.00833
G1 X202.79 Y128.003 E.00487
; WIPE_START
G1 X203.018 Y128.168 E-.10695
G1 X203.137 Y128.416 E-.10486
G1 X203.167 Y128.591 E-.06736
G1 X203.513 Y129.22 E-.27264
G1 X203.57 Y129.275 E-.02995
G1 X203.697 Y129.48 E-.09192
G1 X203.763 Y129.678 E-.07929
G1 X203.763 Y129.697 E-.00704
; WIPE_END
G1 E-.04 F1800
M204 S10000
G17
G3 Z47.88 I1.135 J-.439 P1  F60000
G1 X201.863 Y124.781 Z47.88
G1 Z47.48
G1 E.8 F1800
G1 F7915.629
M204 S8000
G1 X202.007 Y124.874 E.00928
G1 X202.108 Y125.042 E.01064
G1 X202.153 Y125.293 E.01382
G1 X202.118 Y125.541 E.01357
G1 X202.02 Y125.744 E.0122
G1 X201.899 Y125.864 E.00927
G1 X201.762 Y125.895 E.00762
G1 X201.674 Y125.867 E.005
G1 X201.55 Y125.745 E.00942
G1 X201.468 Y125.574 E.01026
G1 X201.435 Y125.338 E.01295
G1 X201.458 Y125.154 E.01001
G1 X201.525 Y124.969 E.01069
G1 X201.643 Y124.83 E.00991
G1 X201.779 Y124.771 E.00799
; WIPE_START
G1 X202.007 Y124.874 E-.09524
G1 X202.108 Y125.042 E-.07456
G1 X202.153 Y125.293 E-.09692
G1 X202.118 Y125.541 E-.09511
G1 X202.02 Y125.744 E-.08554
G1 X201.899 Y125.864 E-.06496
G1 X201.762 Y125.895 E-.05342
G1 X201.674 Y125.867 E-.03505
G1 X201.55 Y125.745 E-.06605
G1 X201.468 Y125.574 E-.07193
G1 X201.46 Y125.519 E-.02123
; WIPE_END
G1 E-.04 F1800
M204 S10000
G17
G3 Z47.88 I1.153 J.388 P1  F60000
G1 X202.532 Y122.335 Z47.88
G1 Z47.48
G1 E.8 F1800
G1 F7915.629
M204 S8000
G1 X202.677 Y122.476 E.01098
G1 X202.802 Y122.741 E.01589
G1 X202.83 Y122.895 E.00849
G1 X203.129 Y123.553 E.03915
G1 X203.213 Y123.63 E.00619
G1 X203.34 Y123.82 E.0124
G1 X203.406 Y124.006 E.0107
G1 X203.408 Y124.141 E.00733
G1 X203.376 Y124.214 E.00432
G1 X203.319 Y124.259 E.00391
G1 X203.21 Y124.286 E.00608
G1 X203.043 Y124.278 E.00908
G1 X202.874 Y124.225 E.00961
G1 X202.68 Y124.134 E.01161
G1 X202.467 Y123.977 E.01431
G1 X202.214 Y123.684 E.021
G1 X202.146 Y123.54 E.00861
G1 X202.092 Y123.218 E.0177
G1 X202.086 Y123.076 E.00771
G1 X202.145 Y122.671 E.02215
G1 X202.261 Y122.428 E.01459
G1 X202.372 Y122.32 E.00841
G1 X202.451 Y122.306 E.00438
; WIPE_START
G1 X202.677 Y122.476 E-.10736
G1 X202.802 Y122.741 E-.11137
G1 X202.83 Y122.895 E-.05951
G1 X203.129 Y123.553 E-.27447
G1 X203.213 Y123.63 E-.04338
G1 X203.34 Y123.82 E-.08692
G1 X203.406 Y124.006 E-.07503
G1 X203.406 Y124.011 E-.00195
; WIPE_END
G1 E-.04 F1800
M204 S10000
G17
G3 Z47.88 I1.18 J.298 P1  F60000
G1 X204.795 Y118.509 Z47.88
G1 Z47.48
G1 E.8 F1800
G1 F7915.629
M204 S8000
G1 X205.035 Y118.59 E.01373
G1 X205.193 Y118.726 E.0113
G1 X205.798 Y119.089 E.03823
G1 X205.882 Y119.103 E.00461
G1 X206.163 Y119.228 E.01668
G1 X206.369 Y119.372 E.01361
G1 X206.52 Y119.528 E.01178
G1 X206.598 Y119.672 E.00889
G1 X206.61 Y119.768 E.00523
G1 X206.588 Y119.826 E.00338
G1 X206.52 Y119.886 E.00491
G1 X206.381 Y119.94 E.00808
G1 X206.187 Y119.959 E.01055
G1 X205.967 Y119.941 E.01197
G1 X205.702 Y119.871 E.01484
G1 X205.311 Y119.672 E.02382
G1 X204.683 Y119.202 E.04247
G1 X204.562 Y119.028 E.01153
G1 X204.509 Y118.871 E.00896
G1 X204.507 Y118.704 E.00903
G1 X204.548 Y118.604 E.0059
G1 X204.615 Y118.541 E.00495
G1 X204.709 Y118.509 E.00541
; WIPE_START
G1 X205.035 Y118.59 E-.12747
G1 X205.193 Y118.726 E-.07924
G1 X205.798 Y119.089 E-.26805
G1 X205.882 Y119.103 E-.0323
G1 X206.163 Y119.228 E-.11697
G1 X206.369 Y119.372 E-.09543
G1 X206.443 Y119.449 E-.04055
; WIPE_END
G1 E-.04 F1800
M204 S10000
G17
G3 Z47.88 I-1.141 J.424 P1  F60000
G1 X207.494 Y122.276 Z47.88
G1 Z47.48
G1 E.8 F1800
G1 F7915.629
M204 S8000
G1 X207.86 Y122.147 E.021
G1 X208.02 Y121.834 E.01903
G1 X208.094 Y121.766 E.00545
G1 X208.199 Y121.735 E.00594
G1 X208.21 Y121.114 E.03363
G1 X208.381 Y121.124 E.00931
G1 X208.615 Y121.218 E.01363
G1 X208.8 Y121.38 E.01335
G1 X208.922 Y121.595 E.01339
G1 X208.967 Y121.844 E.01373
G1 X208.929 Y122.105 E.01429
G1 X208.81 Y122.345 E.01452
G1 X208.632 Y122.532 E.01398
G1 X208.414 Y122.658 E.01364
G1 X208.092 Y122.733 E.01796
G1 X207.912 Y122.826 E.01094
G1 X207.37 Y123.293 E.03881
G1 X207.164 Y123.688 E.02413
G1 X206.952 Y123.899 E.0162
G1 X206.791 Y123.969 E.00952
G1 X206.682 Y123.951 E.00597
G1 X206.611 Y123.891 E.00502
G1 X206.545 Y123.752 E.00838
G1 X206.521 Y123.535 E.01184
G1 X206.566 Y123.257 E.01523
G1 X206.184 Y122.556 E.04325
G1 X205.994 Y122.423 E.0126
G1 X205.853 Y122.273 E.01112
G1 X205.779 Y122.128 E.00882
G1 X205.768 Y122.025 E.00562
G1 X205.793 Y121.959 E.00382
G1 X205.859 Y121.898 E.00486
G1 X205.988 Y121.847 E.00751
G1 X206.173 Y121.828 E.0101
G1 X206.275 Y121.833 E.00553
G1 X206.631 Y121.924 E.01991
G1 X207.42 Y121.644 E.04538
G1 X207.507 Y121.475 E.01031
G1 X207.665 Y121.304 E.01263
G1 X207.832 Y121.197 E.01077
G1 X208.125 Y121.11 E.01652
; WIPE_START
G1 X208.381 Y121.124 E-.09765
G1 X208.615 Y121.218 E-.09559
G1 X208.8 Y121.38 E-.09361
G1 X208.922 Y121.595 E-.09386
G1 X208.967 Y121.844 E-.09626
G1 X208.929 Y122.105 E-.1002
G1 X208.81 Y122.345 E-.10178
G1 X208.663 Y122.5 E-.08106
; WIPE_END
G1 E-.04 F1800
M204 S10000
G17
G3 Z47.88 I-1.093 J.534 P1  F60000
G1 X209.636 Y124.491 Z47.88
G1 Z47.48
G1 E.8 F1800
G1 F7915.629
M204 S8000
G1 X209.706 Y124.439 E.00471
G1 X209.866 Y124.146 E.01811
G1 X209.98 Y124.064 E.00758
G1 X210.067 Y124.052 E.00477
G1 X210.108 Y123.434 E.0336
G1 X210.265 Y123.444 E.00854
G1 X210.506 Y123.542 E.01411
G1 X210.695 Y123.706 E.01357
G1 X210.816 Y123.919 E.01329
G1 X210.86 Y124.162 E.01336
G1 X210.821 Y124.413 E.01379
G1 X210.698 Y124.649 E.01439
G1 X210.506 Y124.835 E.01449
G1 X210.286 Y124.952 E.01354
G1 X210.089 Y125.336 E.02338
G1 X209.87 Y125.562 E.01705
G1 X209.62 Y125.695 E.01537
G1 X209.365 Y125.736 E.01399
G1 X209.126 Y125.692 E.01318
G1 X208.922 Y125.572 E.01284
G1 X208.767 Y125.383 E.01322
G1 X208.678 Y125.136 E.01424
G1 X208.669 Y124.847 E.01568
G1 X208.733 Y124.599 E.0139
G1 X208.828 Y124.406 E.01162
G1 X208.995 Y124.192 E.01471
G1 X209.228 Y124.021 E.01571
G1 X209.369 Y123.764 E.01587
G1 X209.554 Y123.587 E.01389
G1 X209.762 Y123.478 E.01269
G1 X210.023 Y123.428 E.0144
; WIPE_START
G1 X210.265 Y123.444 E-.09225
G1 X210.506 Y123.542 E-.09889
G1 X210.695 Y123.706 E-.09515
G1 X210.816 Y123.919 E-.09318
G1 X210.86 Y124.162 E-.09366
G1 X210.821 Y124.413 E-.09668
G1 X210.698 Y124.649 E-.10091
G1 X210.53 Y124.813 E-.08928
; WIPE_END
G1 E-.04 F1800
M204 S10000
G17
G3 Z47.88 I-.332 J-1.171 P1  F60000
G1 X205.953 Y126.112 Z47.88
G1 Z47.48
G1 E.8 F1800
G1 F7915.629
M204 S8000
G1 X206.104 Y126.114 E.0082
G1 X206.325 Y126.151 E.01216
G1 X206.488 Y126.221 E.00961
G1 X206.565 Y126.292 E.0057
G1 X206.583 Y126.34 E.00274
G1 X206.568 Y126.417 E.00428
G1 X206.482 Y126.545 E.00835
G1 X206.312 Y126.689 E.01209
G1 X206.007 Y126.862 E.01899
G1 X205.605 Y127.573 E.0443
G1 X205.647 Y127.804 E.01272
G1 X205.624 Y128.017 E.01159
G1 X205.552 Y128.169 E.00912
G1 X205.47 Y128.242 E.00594
G1 X205.354 Y128.267 E.0064
G1 X205.219 Y128.214 E.00784
G1 X205.04 Y128.041 E.01352
G1 X204.916 Y127.801 E.01462
G1 X204.875 Y127.62 E.01007
G1 X204.881 Y127.482 E.00747
G1 X204.662 Y126.771 E.0403
G1 X204.502 Y126.598 E.01276
G1 X204.434 Y126.46 E.00838
G1 X204.424 Y126.346 E.00616
G1 X204.476 Y126.231 E.00685
G1 X204.631 Y126.142 E.00966
G1 X204.849 Y126.125 E.01188
G1 X205.253 Y126.254 E.02297
G1 X205.511 Y126.162 E.01487
G1 X205.867 Y126.11 E.0195
; WIPE_START
G1 X206.104 Y126.114 E-.08988
G1 X206.325 Y126.151 E-.08524
G1 X206.488 Y126.221 E-.06735
G1 X206.565 Y126.292 E-.03993
G1 X206.583 Y126.34 E-.01921
G1 X206.568 Y126.417 E-.03002
G1 X206.482 Y126.545 E-.05854
G1 X206.312 Y126.689 E-.08474
G1 X206.007 Y126.862 E-.13314
G1 X205.81 Y127.21 E-.15196
; WIPE_END
G1 E-.04 F1800
M204 S10000
G17
G3 Z47.88 I-1.156 J.38 P1  F60000
G1 X207.016 Y130.876 Z47.88
G1 Z47.48
G1 E.8 F1800
G1 F7915.629
M204 S8000
G1 X207.039 Y130.901 E.00182
G1 X207.034 Y130.936 E.00189
G1 X207.016 Y130.908 E.00178
G1 X207.02 Y130.253 E.03549
G1 X207.302 Y130.311 E.01563
G1 X207.48 Y130.451 E.01224
G1 X207.653 Y130.719 E.01731
G1 X207.669 Y130.875 E.00847
G1 X207.625 Y131.184 E.01692
G1 X207.52 Y131.425 E.01424
G1 X207.384 Y131.576 E.01103
G1 X207.234 Y131.653 E.00914
G1 X207.124 Y131.668 E.00603
G1 X206.926 Y131.629 E.01091
G1 X206.799 Y131.559 E.00787
G1 X206.724 Y131.539 E.00421
G1 X206.641 Y131.474 E.00571
G1 X206.395 Y131.086 E.02488
G1 X206.396 Y130.923 E.00887
G1 X206.272 Y130.713 E.01319
G1 X206.259 Y130.627 E.00472
G1 X206.278 Y130.578 E.00284
G1 X206.351 Y130.516 E.00517
G1 X206.572 Y130.433 E.01282
G1 X206.759 Y130.289 E.01276
G1 X206.935 Y130.244 E.00985
; WIPE_START
G1 X207.302 Y130.311 E-.14188
G1 X207.48 Y130.451 E-.0858
G1 X207.653 Y130.719 E-.12138
G1 X207.669 Y130.875 E-.0594
G1 X207.625 Y131.184 E-.11866
G1 X207.52 Y131.425 E-.09982
G1 X207.384 Y131.576 E-.07734
G1 X207.254 Y131.643 E-.05573
; WIPE_END
G1 E-.04 F1800
M204 S10000
G17
G3 Z47.88 I.45 J1.131 P1  F60000
G1 X209.771 Y130.64 Z47.88
G1 Z47.48
G1 E.8 F1800
G1 F7915.629
M204 S8000
G1 X209.801 Y130.478 E.00894
G1 X209.701 Y130.146 E.01882
G1 X209.701 Y130.092 E.00295
G1 X209.745 Y130.011 E.00499
G1 X209.83 Y129.975 E.00497
G1 X209.867 Y129.356 E.03362
G1 X210.031 Y129.37 E.00895
G1 X210.287 Y129.485 E.01521
G1 X210.486 Y129.672 E.01478
G1 X210.98 Y130.311 E.04381
G1 X211.117 Y130.362 E.00789
G1 X211.368 Y130.549 E.01698
G1 X211.455 Y130.659 E.00759
G1 X211.487 Y130.736 E.00452
G1 X211.531 Y131.022 E.01567
G1 X211.503 Y131.3 E.01517
G1 X211.422 Y131.496 E.01146
G1 X211.298 Y131.631 E.00994
G1 X211.206 Y131.679 E.00564
G1 X211.01 Y131.709 E.01073
G1 X210.821 Y131.672 E.01045
G1 X210.625 Y131.58 E.01174
G1 X209.892 Y131.571 E.03971
G1 X209.666 Y131.637 E.01279
G1 X209.522 Y131.633 E.00778
G1 X209.382 Y131.571 E.00832
G1 X209.265 Y131.444 E.00936
G1 X209.183 Y131.266 E.01063
G1 X209.132 Y131.043 E.01237
G1 X209.124 Y130.72 E.01754
G1 X209.164 Y130.512 E.01143
G1 X209.079 Y130.234 E.01578
G1 X209.083 Y129.981 E.0137
G1 X209.167 Y129.742 E.01375
G1 X209.324 Y129.545 E.01363
G1 X209.535 Y129.409 E.01364
G1 X209.782 Y129.349 E.01376
; WIPE_START
G1 X210.031 Y129.37 E-.09514
G1 X210.287 Y129.485 E-.10662
G1 X210.486 Y129.672 E-.10364
G1 X210.98 Y130.311 E-.30714
G1 X211.117 Y130.362 E-.05534
G1 X211.311 Y130.507 E-.0921
; WIPE_END
G1 E-.04 F1800
M204 S10000
G17
G3 Z47.88 I-.204 J-1.2 P1  F60000
G1 X203.824 Y131.783 Z47.88
G1 Z47.48
G1 E.8 F1800
G1 F7915.629
M204 S8000
G1 X203.97 Y131.802 E.00801
G1 X204.094 Y131.843 E.00709
G1 X204.281 Y131.96 E.01194
G1 X204.351 Y132.052 E.00625
G1 X204.37 Y132.128 E.00425
G1 X204.35 Y132.214 E.00476
G1 X204.278 Y132.312 E.00663
G1 X204.143 Y132.408 E.00894
G1 X203.968 Y132.473 E.01015
G1 X203.745 Y132.504 E.01218
G1 X203.138 Y133.061 E.04464
G1 X203.07 Y133.483 E.02319
G1 X202.969 Y133.7 E.01298
G1 X202.897 Y133.765 E.00525
G1 X202.839 Y133.777 E.0032
G1 X202.754 Y133.751 E.00479
G1 X202.678 Y133.693 E.00518
G1 X202.532 Y133.519 E.01232
G1 X202.373 Y133.178 E.02041
G1 X202.308 Y132.912 E.01483
G1 X202.289 Y132.623 E.01569
G1 X202.041 Y132.424 E.01723
G1 X201.921 Y132.263 E.0109
G1 X201.856 Y132.096 E.00966
G1 X201.852 Y131.968 E.00695
G1 X201.887 Y131.882 E.00501
G1 X201.949 Y131.826 E.00456
G1 X202.052 Y131.79 E.00592
G1 X202.217 Y131.788 E.00894
G1 X202.356 Y131.825 E.00779
G1 X202.561 Y131.913 E.01209
G1 X203.297 Y131.86 E.04
G1 X203.502 Y131.786 E.01181
G1 X203.74 Y131.768 E.01292
; WIPE_START
G1 X203.97 Y131.802 E-.08855
G1 X204.094 Y131.843 E-.04969
G1 X204.281 Y131.96 E-.0837
G1 X204.351 Y132.052 E-.04382
G1 X204.37 Y132.128 E-.02976
G1 X204.35 Y132.214 E-.03336
G1 X204.278 Y132.312 E-.04651
G1 X204.143 Y132.408 E-.06267
G1 X203.968 Y132.473 E-.07116
G1 X203.745 Y132.504 E-.08537
G1 X203.424 Y132.798 E-.16541
; WIPE_END
G1 E-.04 F1800
M204 S10000
G17
G3 Z47.88 I-1.204 J.179 P1  F60000
G1 X203.893 Y135.956 Z47.88
G1 Z47.48
G1 E.8 F1800
G1 F7915.629
M204 S8000
G1 X203.942 Y135.996 E.00342
G1 X204.009 Y136.135 E.00836
G1 X204.035 Y136.362 E.01239
G1 X203.99 Y136.678 E.01729
G1 X204.171 Y137.387 E.03967
G1 X204.339 Y137.648 E.01684
G1 X204.404 Y137.836 E.01076
G1 X204.405 Y137.976 E.00755
G1 X204.371 Y138.053 E.00458
G1 X204.313 Y138.099 E.00397
G1 X204.207 Y138.126 E.00593
G1 X204.058 Y138.12 E.00809
G1 X203.886 Y138.064 E.00983
G1 X203.718 Y137.983 E.01009
G1 X203.516 Y137.823 E.01397
G1 X203.315 Y137.575 E.0173
G1 X203.15 Y137.065 E.02906
G1 X203.166 Y136.738 E.01777
G1 X203.247 Y136.483 E.01447
G1 X203.378 Y136.239 E.01505
G1 X203.589 Y136.018 E.01654
G1 X203.709 Y135.952 E.00739
G1 X203.816 Y135.927 E.00596
; WIPE_START
G1 X203.942 Y135.996 E-.05457
G1 X204.009 Y136.135 E-.05861
G1 X204.035 Y136.362 E-.08689
G1 X203.99 Y136.678 E-.12125
G1 X204.171 Y137.387 E-.27811
G1 X204.339 Y137.648 E-.11809
G1 X204.376 Y137.754 E-.04248
; WIPE_END
G1 E-.04 F1800
M204 S10000
G17
G3 Z47.88 I.592 J-1.063 P1  F60000
G1 X201.064 Y135.911 Z47.88
G1 Z47.48
G1 E.8 F1800
G1 F7915.629
M204 S8000
G1 X201.218 Y136.067 E.01192
G1 X201.356 Y136.348 E.01695
G1 X201.446 Y136.827 E.02641
G1 X201.747 Y137.149 E.02385
G1 X201.874 Y137.357 E.01322
G1 X201.937 Y137.554 E.01122
G1 X201.936 Y137.699 E.00785
G1 X201.901 Y137.776 E.00458
G1 X201.846 Y137.818 E.00378
G1 X201.741 Y137.842 E.00583
G1 X201.603 Y137.833 E.00751
G1 X201.418 Y137.769 E.01063
G1 X201.262 Y137.689 E.0095
G1 X201.048 Y137.516 E.0149
G1 X200.884 Y137.314 E.0141
G1 X200.827 Y137.237 E.00519
G1 X200.711 Y136.988 E.01486
G1 X200.655 Y136.72 E.01486
G1 X200.641 Y136.502 E.01184
G1 X200.687 Y136.201 E.01653
G1 X200.79 Y135.987 E.01287
G1 X200.888 Y135.895 E.00727
G1 X200.984 Y135.882 E.00529
; WIPE_START
G1 X201.218 Y136.067 E-.11362
G1 X201.356 Y136.348 E-.11883
G1 X201.446 Y136.827 E-.18515
G1 X201.747 Y137.149 E-.16723
G1 X201.874 Y137.357 E-.09269
G1 X201.937 Y137.554 E-.07863
G1 X201.937 Y137.564 E-.00385
; WIPE_END
G1 E-.04 F1800
M204 S10000
G17
G3 Z47.88 I.415 J-1.144 P1  F60000
G1 X199.036 Y136.513 Z47.88
G1 Z47.48
G1 E.8 F1800
G1 F7915.629
M204 S8000
G1 X199.105 Y136.521 E.00378
G1 X199.304 Y136.597 E.01156
G1 X199.498 Y136.704 E.01199
G1 X199.862 Y137.028 E.02644
G1 X200.017 Y137.273 E.01569
G1 X200.07 Y137.472 E.01117
G1 X200.101 Y137.807 E.01824
G1 X200.049 Y138.108 E.01657
G1 X199.939 Y138.335 E.01369
G1 X199.795 Y138.467 E.01056
G1 X199.745 Y138.479 E.00282
G1 X199.639 Y138.46 E.00584
G1 X199.504 Y138.331 E.01012
G1 X199.396 Y138.107 E.01349
G1 X199.355 Y137.856 E.01379
G1 X198.829 Y136.982 E.05527
G1 X198.765 Y136.774 E.01177
G1 X198.766 Y136.628 E.00795
G1 X198.802 Y136.553 E.00446
G1 X198.857 Y136.516 E.00362
G1 X198.951 Y136.503 E.00513
; WIPE_START
G1 X199.105 Y136.521 E-.05888
G1 X199.304 Y136.597 E-.08102
G1 X199.498 Y136.704 E-.08405
G1 X199.862 Y137.028 E-.18538
G1 X200.017 Y137.273 E-.10998
G1 X200.07 Y137.472 E-.07832
G1 X200.101 Y137.807 E-.1279
G1 X200.085 Y137.896 E-.03448
; WIPE_END
G1 E-.04 F1800
M204 S10000
G17
G3 Z47.88 I-.101 J-1.213 P1  F60000
G1 X196.985 Y138.154 Z47.88
G1 Z47.48
G1 E.8 F1800
G1 F7915.629
M204 S8000
G1 X197.05 Y138.206 E.00451
G1 X197.086 Y138.287 E.0048
G1 X197.087 Y138.433 E.00793
G1 X197.025 Y138.628 E.01109
G1 X196.902 Y138.832 E.0129
G1 X196.726 Y139.015 E.01378
G1 X196.395 Y139.707 E.04157
G1 X196.447 Y140.024 E.01738
G1 X196.419 Y140.25 E.01239
G1 X196.341 Y140.415 E.00991
G1 X196.238 Y140.508 E.00748
G1 X196.182 Y140.521 E.00313
G1 X196.074 Y140.504 E.00591
G1 X196.02 Y140.479 E.00322
G1 X195.859 Y140.323 E.01215
G1 X195.737 Y140.08 E.01476
G1 X195.699 Y139.885 E.01074
G1 X195.703 Y139.667 E.01182
G1 X195.81 Y139.38 E.01661
G1 X195.868 Y139.131 E.01383
G1 X196.03 Y138.699 E.02505
G1 X196.224 Y138.453 E.01696
G1 X196.409 Y138.299 E.01305
G1 X196.582 Y138.205 E.01066
G1 X196.745 Y138.147 E.0094
G1 X196.902 Y138.136 E.00849
; WIPE_START
G1 X197.05 Y138.206 E-.06231
G1 X197.086 Y138.287 E-.03368
G1 X197.087 Y138.433 E-.05562
G1 X197.025 Y138.628 E-.07775
G1 X196.902 Y138.832 E-.09043
G1 X196.726 Y139.015 E-.09659
G1 X196.395 Y139.707 E-.29142
G1 X196.417 Y139.843 E-.05218
; WIPE_END
G1 E-.04 F1800
M204 S10000
G17
G3 Z47.88 I.861 J-.86 P1  F60000
G1 X194.375 Y137.797 Z47.88
G1 Z47.48
G1 E.8 F1800
G1 F7915.629
M204 S8000
G1 X194.444 Y137.858 E.00501
G1 X194.49 Y137.965 E.00631
G1 X194.496 Y138.128 E.00885
G1 X194.442 Y138.318 E.01068
G1 X194.328 Y138.506 E.01194
G1 X194.152 Y138.667 E.01292
G1 X193.968 Y138.748 E.01089
G1 X193.849 Y138.756 E.00644
G1 X193.742 Y138.714 E.00627
G1 X193.655 Y138.597 E.0079
G1 X193.631 Y138.404 E.01052
G1 X193.689 Y138.2 E.0115
G1 X193.761 Y138.073 E.00792
G1 X193.915 Y137.914 E.01196
G1 X194.036 Y137.831 E.00798
G1 X194.206 Y137.773 E.00974
G1 X194.295 Y137.771 E.0048
; WIPE_START
G1 X194.444 Y137.858 E-.0658
G1 X194.49 Y137.965 E-.04421
G1 X194.496 Y138.128 E-.06203
G1 X194.442 Y138.318 E-.0749
G1 X194.328 Y138.506 E-.0837
G1 X194.152 Y138.667 E-.09058
G1 X193.968 Y138.748 E-.07634
G1 X193.849 Y138.756 E-.04514
G1 X193.742 Y138.714 E-.04399
G1 X193.655 Y138.597 E-.0554
G1 X193.631 Y138.404 E-.07378
G1 X193.663 Y138.293 E-.04413
; WIPE_END
G1 E-.04 F1800
M204 S10000
G17
G3 Z47.88 I-.457 J-1.128 P1  F60000
G1 X192.25 Y138.865 Z47.88
G1 Z47.48
G1 E.8 F1800
G1 F7915.629
M204 S8000
G1 X192.536 Y138.925 E.01586
G1 X192.701 Y139.043 E.01099
G1 X192.741 Y139.217 E.00965
G1 X192.705 Y139.369 E.00849
G1 X192.495 Y139.518 E.01394
G1 X192.109 Y139.597 E.02136
G1 X191.875 Y139.572 E.01275
G1 X191.739 Y139.53 E.00775
G1 X191.568 Y139.425 E.01086
G1 X191.499 Y139.337 E.00606
G1 X191.479 Y139.257 E.00448
G1 X191.498 Y139.172 E.00469
G1 X191.57 Y139.07 E.00678
G1 X191.704 Y138.971 E.00906
G1 X191.878 Y138.901 E.01017
G1 X192.165 Y138.856 E.01573
; WIPE_START
G1 X192.536 Y138.925 E-.14344
G1 X192.701 Y139.043 E-.07704
G1 X192.741 Y139.217 E-.06766
G1 X192.705 Y139.369 E-.05949
G1 X192.495 Y139.518 E-.09776
G1 X192.109 Y139.597 E-.14974
G1 X191.875 Y139.572 E-.08942
G1 X191.739 Y139.53 E-.05431
G1 X191.691 Y139.501 E-.02113
; WIPE_END
G1 E-.04 F1800
M204 S10000
G17
G3 Z47.88 I-.432 J1.138 P1  F60000
G1 X193.744 Y140.28 Z47.88
G1 Z47.48
G1 E.8 F1800
G1 F7915.629
M204 S8000
G1 X193.863 Y140.353 E.00757
G1 X194.12 Y140.64 E.02088
G1 X194.318 Y141.038 E.02406
G1 X194.398 Y141.399 E.02009
G1 X194.482 Y141.477 E.00619
G1 X194.596 Y141.67 E.01213
G1 X194.648 Y141.862 E.01082
G1 X194.641 Y142.031 E.00915
G1 X194.591 Y142.144 E.00666
G1 X194.514 Y142.212 E.0056
G1 X194.448 Y142.231 E.00374
G1 X194.325 Y142.222 E.00665
G1 X194.152 Y142.15 E.01018
G1 X193.955 Y141.967 E.01455
G1 X193.663 Y141.504 E.02967
G1 X193.541 Y141.227 E.0164
G1 X193.468 Y140.992 E.01337
G1 X193.434 Y140.689 E.01652
G1 X193.464 Y140.441 E.01353
G1 X193.532 Y140.302 E.00839
G1 X193.588 Y140.259 E.00385
G1 X193.664 Y140.249 E.00415
; WIPE_START
G1 X193.863 Y140.353 E-.08512
G1 X194.12 Y140.64 E-.14639
G1 X194.318 Y141.038 E-.16871
G1 X194.398 Y141.399 E-.14087
G1 X194.482 Y141.477 E-.04343
G1 X194.596 Y141.67 E-.08505
G1 X194.648 Y141.862 E-.07585
G1 X194.647 Y141.901 E-.01458
; WIPE_END
G1 E-.04 F1800
M204 S10000
G17
G3 Z47.88 I0 J-1.217 P1  F60000
G1 X191.713 Y141.902 Z47.88
G1 Z47.48
G1 E.8 F1800
G1 F7915.629
M204 S8000
G1 X191.782 Y141.953 E.00466
G1 X191.816 Y142.029 E.00453
G1 X191.816 Y142.172 E.00772
G1 X191.752 Y142.365 E.01103
G1 X191.628 Y142.562 E.01263
G1 X191.543 Y142.644 E.00642
G1 X191.343 Y143.701 E.0583
G1 X191.238 Y143.928 E.01354
G1 X191.141 Y144.019 E.00722
G1 X191.085 Y144.033 E.0031
G1 X191.005 Y144.01 E.00455
G1 X190.937 Y143.957 E.00466
G1 X190.821 Y143.821 E.00972
G1 X190.695 Y143.568 E.01527
G1 X189.856 Y143.181 E.05012
G1 X189.439 Y143.292 E.02337
G1 X189.276 Y143.274 E.00887
G1 X189.163 Y143.224 E.00671
G1 X189.098 Y143.158 E.00504
G1 X189.069 Y143.076 E.00469
G1 X189.079 Y142.967 E.00595
G1 X189.168 Y142.795 E.0105
G1 X189.271 Y142.682 E.00826
G1 X189.433 Y142.571 E.01063
G1 X189.596 Y142.507 E.00951
G1 X189.775 Y142.468 E.00995
G1 X189.992 Y142.492 E.01183
G1 X190.766 Y142.384 E.04234
G1 X190.91 Y142.206 E.01242
G1 X191.11 Y142.049 E.01379
G1 X191.294 Y141.955 E.01119
G1 X191.476 Y141.895 E.01038
G1 X191.629 Y141.885 E.00834
; WIPE_START
G1 X191.782 Y141.953 E-.06344
G1 X191.816 Y142.029 E-.03175
G1 X191.816 Y142.172 E-.0541
G1 X191.752 Y142.365 E-.07735
G1 X191.628 Y142.562 E-.08856
G1 X191.543 Y142.644 E-.04501
G1 X191.347 Y143.678 E-.3998
; WIPE_END
G1 E-.04 F1800
M204 S10000
G17
G3 Z47.88 I.16 J1.206 P1  F60000
G1 X194.852 Y143.212 Z47.88
G1 Z47.48
G1 E.8 F1800
G1 F7915.629
M204 S8000
G1 X194.969 Y143.254 E.00675
G1 X195.205 Y143.398 E.01498
G1 X195.404 Y143.592 E.01509
G1 X195.531 Y143.785 E.01252
G1 X195.596 Y143.97 E.01064
G1 X195.598 Y144.107 E.00743
G1 X195.561 Y144.191 E.00495
G1 X195.511 Y144.229 E.00337
G1 X195.4 Y144.258 E.00626
G1 X195.247 Y144.252 E.00828
G1 X195.074 Y144.198 E.00982
G1 X194.843 Y144.088 E.01387
G1 X194.072 Y144.048 E.04184
G1 X193.819 Y144.192 E.01578
G1 X193.667 Y144.245 E.00873
G1 X193.53 Y144.253 E.00743
G1 X193.433 Y144.227 E.00543
G1 X193.374 Y144.177 E.00419
G1 X193.335 Y144.088 E.00527
G1 X193.333 Y143.938 E.00815
G1 X193.393 Y143.747 E.01082
G1 X193.511 Y143.553 E.01231
G1 X193.646 Y143.417 E.0104
G1 X193.813 Y143.287 E.0115
G1 X194.002 Y143.209 E.01106
G1 X194.18 Y143.189 E.00971
G1 X194.771 Y143.184 E.03206
; WIPE_START
G1 X194.969 Y143.254 E-.0797
G1 X195.205 Y143.398 E-.105
G1 X195.404 Y143.592 E-.10577
G1 X195.531 Y143.785 E-.08776
G1 X195.596 Y143.97 E-.07459
G1 X195.598 Y144.107 E-.05209
G1 X195.561 Y144.191 E-.03469
G1 X195.511 Y144.229 E-.02364
G1 X195.4 Y144.258 E-.04386
G1 X195.247 Y144.252 E-.05809
G1 X195.074 Y144.198 E-.06887
G1 X195.012 Y144.168 E-.02594
; WIPE_END
G1 E-.04 F1800
M204 S10000
G17
G3 Z47.88 I.417 J1.143 P1  F60000
G1 X198.746 Y142.808 Z47.88
G1 Z47.48
G1 E.8 F1800
G1 F7915.629
M204 S8000
G1 X198.762 Y142.84 E.00197
G1 X198.737 Y142.834 E.00141
G1 X198.684 Y141.32 E.08213
G1 X198.747 Y141.352 E.00383
G1 X198.942 Y141.551 E.01513
G1 X199.097 Y141.855 E.01849
G1 X199.2 Y142.326 E.02612
G1 X199.533 Y142.999 E.04069
G1 X199.768 Y143.137 E.01476
G1 X199.928 Y143.31 E.01278
G1 X200.046 Y143.555 E.01472
G1 X200.089 Y143.788 E.01287
G1 X200.069 Y143.993 E.01114
G1 X200.006 Y144.127 E.00806
G1 X199.933 Y144.19 E.0052
G1 X199.842 Y144.213 E.00511
G1 X199.767 Y144.201 E.00411
G1 X199.648 Y144.146 E.00711
G1 X199.452 Y143.956 E.01479
G1 X199.263 Y143.599 E.02187
G1 X198.44 Y143.4 E.04588
G1 X198.186 Y143.482 E.01447
G1 X198.029 Y143.49 E.00851
G1 X197.922 Y143.463 E.00601
G1 X197.865 Y143.418 E.00392
G1 X197.832 Y143.343 E.00444
G1 X197.833 Y143.206 E.00746
G1 X197.898 Y143.018 E.01075
G1 X198.023 Y142.827 E.01238
G1 X198.112 Y142.745 E.00654
G1 X198.363 Y142.015 E.04184
G1 X198.331 Y141.777 E.01305
G1 X198.361 Y141.537 E.0131
G1 X198.434 Y141.383 E.00925
G1 X198.516 Y141.313 E.00582
G1 X198.603 Y141.292 E.00487
; WIPE_START
G1 X198.747 Y141.352 E-.05901
G1 X198.942 Y141.551 E-.10606
G1 X199.097 Y141.855 E-.12963
G1 X199.2 Y142.326 E-.18316
G1 X199.529 Y142.992 E-.28215
; WIPE_END
G1 E-.04 F1800
M204 S10000
G17
G3 Z47.88 I.848 J.873 P1  F60000
G1 X202.759 Y139.854 Z47.88
G1 Z47.48
G1 E.8 F1800
G1 F7915.629
M204 S8000
G1 X202.844 Y139.911 E.00555
G1 X202.871 Y139.971 E.0036
G1 X202.865 Y140.091 E.0065
G1 X202.792 Y140.269 E.01044
G1 X202.651 Y140.46 E.01286
G1 X202.439 Y140.655 E.01561
G1 X202.166 Y140.824 E.01739
G1 X201.939 Y140.914 E.01324
G1 X201.477 Y140.966 E.02521
G1 X201.405 Y140.958 E.00393
G1 X201.187 Y140.92 E.01195
G1 X201.002 Y140.848 E.01078
G1 X200.861 Y140.749 E.00934
G1 X200.787 Y140.65 E.00671
G1 X200.769 Y140.571 E.00439
G1 X200.788 Y140.494 E.00429
G1 X200.861 Y140.4 E.00649
G1 X201.001 Y140.307 E.00909
G1 X201.185 Y140.244 E.01052
G1 X201.434 Y140.21 E.01366
G1 X202.426 Y139.847 E.05722
G1 X202.676 Y139.834 E.01361
; WIPE_START
G1 X202.844 Y139.911 E-.0702
G1 X202.871 Y139.971 E-.02525
G1 X202.865 Y140.091 E-.04559
G1 X202.792 Y140.269 E-.07319
G1 X202.651 Y140.46 E-.09013
G1 X202.439 Y140.655 E-.10947
G1 X202.166 Y140.824 E-.12195
G1 X201.939 Y140.914 E-.09286
G1 X201.595 Y140.953 E-.13137
; WIPE_END
G1 E-.04 F1800
M204 S10000
G17
G3 Z47.88 I-1.039 J.633 P1  F60000
G1 X202.773 Y142.884 Z47.88
G1 Z47.48
G1 E.8 F1800
G1 F7915.629
M204 S8000
G1 X202.767 Y142.91 E.00143
G1 X202.749 Y142.887 E.0016
G1 X202.773 Y142.884 E.0013
G1 X203.493 Y141.833 E.06903
G1 X203.644 Y141.84 E.00824
G1 X203.758 Y141.886 E.00666
G1 X203.823 Y141.947 E.0048
G1 X203.851 Y142.023 E.00436
G1 X203.841 Y142.136 E.00616
G1 X203.772 Y142.284 E.00886
G1 X203.643 Y142.429 E.01052
G1 X203.473 Y142.549 E.01127
G1 X203.307 Y143.366 E.04518
G1 X203.368 Y143.522 E.00907
G1 X203.416 Y143.809 E.01574
G1 X203.397 Y144.022 E.0116
G1 X203.347 Y144.12 E.00599
G1 X203.316 Y144.139 E.00198
G1 X203.238 Y144.142 E.00422
G1 X203.104 Y144.096 E.00769
G1 X202.869 Y143.941 E.01523
G1 X202.654 Y143.705 E.01732
G1 X202.511 Y143.58 E.01031
G1 X202.153 Y143.136 E.0309
G1 X201.887 Y143.007 E.01605
G1 X201.757 Y142.897 E.0092
G1 X201.686 Y142.783 E.00729
G1 X201.67 Y142.689 E.00519
G1 X201.694 Y142.603 E.00484
G1 X201.757 Y142.53 E.00521
G1 X201.908 Y142.441 E.00954
G1 X202.163 Y142.331 E.015
G1 X202.671 Y142.272 E.02771
G1 X202.891 Y142.04 E.01735
G1 X203.092 Y141.92 E.01268
G1 X203.407 Y141.831 E.01775
; WIPE_START
G1 X203.644 Y141.84 E-.09019
G1 X203.758 Y141.886 E-.04666
G1 X203.823 Y141.947 E-.03368
G1 X203.851 Y142.023 E-.03058
G1 X203.841 Y142.136 E-.04317
G1 X203.772 Y142.284 E-.0621
G1 X203.643 Y142.429 E-.07379
G1 X203.473 Y142.549 E-.07901
G1 X203.316 Y143.325 E-.30081
; WIPE_END
G1 E-.04 F1800
M204 S10000
G17
G3 Z47.88 I1.121 J-.473 P1  F60000
G1 X199.161 Y133.465 Z47.88
G1 Z47.48
G1 E.8 F1800
G1 F7915.629
M204 S8000
G1 X199.359 Y133.492 E.01084
G1 X199.573 Y133.56 E.01217
G1 X199.737 Y133.657 E.01031
G1 X199.817 Y133.748 E.0066
G1 X199.835 Y133.811 E.00353
G1 X199.819 Y133.875 E.00355
G1 X199.736 Y133.977 E.00716
G1 X199.572 Y134.088 E.01073
G1 X199.354 Y134.173 E.01268
G1 X199.072 Y134.232 E.01559
G1 X198.603 Y134.243 E.02544
G1 X198.374 Y134.432 E.01609
G1 X198.076 Y134.543 E.01723
G1 X197.869 Y134.533 E.01121
G1 X197.756 Y134.456 E.00743
G1 X197.722 Y134.373 E.00487
G1 X197.725 Y134.239 E.0073
G1 X197.789 Y134.063 E.01015
G1 X197.907 Y133.894 E.01117
G1 X198.061 Y133.756 E.01122
G1 X198.188 Y133.667 E.00839
G1 X198.335 Y133.614 E.00847
G1 X198.433 Y133.53 E.00698
G1 X198.509 Y133.503 E.00438
G1 X198.752 Y133.456 E.01342
G1 X199.077 Y133.449 E.01763
; WIPE_START
G1 X199.359 Y133.492 E-.1084
G1 X199.573 Y133.56 E-.0853
G1 X199.737 Y133.657 E-.0723
G1 X199.817 Y133.748 E-.04629
G1 X199.835 Y133.811 E-.02478
G1 X199.819 Y133.875 E-.02486
G1 X199.736 Y133.977 E-.05022
G1 X199.572 Y134.088 E-.07523
G1 X199.354 Y134.173 E-.08892
G1 X199.072 Y134.232 E-.10927
G1 X198.876 Y134.237 E-.07443
; WIPE_END
G1 E-.04 F1800
M204 S10000
G17
G3 Z47.88 I1.217 J-.013 P1  F60000
G1 X198.851 Y131.755 Z47.88
G1 Z47.48
G1 E.8 F1800
G1 F7915.629
M204 S8000
G1 X198.915 Y131.805 E.00443
G1 X198.951 Y131.884 E.00468
G1 X198.952 Y132.03 E.00795
G1 X198.89 Y132.228 E.01125
G1 X198.765 Y132.436 E.01313
G1 X198.562 Y132.651 E.016
G1 X198.332 Y132.805 E.01505
G1 X198.122 Y132.899 E.01246
G1 X197.761 Y132.973 E.01997
G1 X197.512 Y132.999 E.01359
G1 X197.364 Y132.973 E.00816
G1 X197.177 Y132.921 E.01048
G1 X197 Y132.824 E.01097
G1 X196.865 Y132.704 E.00977
G1 X196.793 Y132.583 E.00765
G1 X196.778 Y132.488 E.0052
G1 X196.801 Y132.412 E.00428
G1 X196.871 Y132.334 E.00567
G1 X196.983 Y132.274 E.00689
G1 X197.173 Y132.231 E.01057
G1 X197.329 Y132.226 E.00846
G1 X198.038 Y132.092 E.03912
G1 X198.286 Y131.891 E.0173
G1 X198.437 Y131.813 E.00918
G1 X198.608 Y131.752 E.00987
G1 X198.767 Y131.738 E.00865
; WIPE_START
G1 X198.915 Y131.805 E-.06176
G1 X198.951 Y131.884 E-.03281
G1 X198.952 Y132.03 E-.05574
G1 X198.89 Y132.228 E-.07886
G1 X198.765 Y132.436 E-.09204
G1 X198.562 Y132.651 E-.11216
G1 X198.332 Y132.805 E-.10551
G1 X198.122 Y132.899 E-.08735
G1 X197.777 Y132.97 E-.13376
; WIPE_END
G1 E-.04 F1800
M204 S10000
G17
G3 Z47.88 I-.507 J-1.106 P1  F60000
G1 X195.185 Y134.157 Z47.88
G1 Z47.48
G1 E.8 F1800
G1 F7915.629
M204 S8000
G1 X195.24 Y134.176 E.00315
G1 X195.375 Y134.305 E.0101
G1 X195.484 Y134.527 E.0134
G1 X195.534 Y134.851 E.01778
G1 X195.675 Y134.992 E.01083
G1 X195.892 Y135.293 E.02012
G1 X196.019 Y135.564 E.01622
G1 X196.076 Y135.806 E.0135
G1 X196.068 Y135.98 E.00945
G1 X196.028 Y136.06 E.00484
G1 X195.982 Y136.091 E.00296
G1 X195.885 Y136.102 E.00533
G1 X195.794 Y136.086 E.00501
G1 X195.458 Y135.913 E.02044
G1 X195.198 Y135.668 E.01937
G1 X194.983 Y135.37 E.01993
G1 X194.899 Y135.156 E.01245
G1 X194.9 Y135.102 E.00293
G1 X194.82 Y134.866 E.01352
G1 X194.793 Y134.673 E.01054
G1 X194.825 Y134.434 E.01309
G1 X194.914 Y134.247 E.01121
G1 X195.013 Y134.155 E.00735
G1 X195.105 Y134.13 E.00512
; WIPE_START
G1 X195.24 Y134.176 E-.05442
G1 X195.375 Y134.305 E-.0708
G1 X195.484 Y134.527 E-.09394
G1 X195.534 Y134.851 E-.12463
G1 X195.675 Y134.992 E-.07591
G1 X195.892 Y135.293 E-.14103
G1 X196.019 Y135.564 E-.11373
G1 X196.071 Y135.783 E-.08555
; WIPE_END
G1 E-.04 F1800
M204 S10000
G17
G3 Z47.88 I.629 J-1.042 P1  F60000
G1 X192.722 Y133.761 Z47.88
G1 Z47.48
G1 E.8 F1800
G1 F7915.629
M204 S8000
G1 X192.785 Y133.769 E.00341
G1 X192.988 Y133.848 E.01182
G1 X193.175 Y133.954 E.01164
G1 X193.529 Y134.274 E.02587
G1 X193.694 Y134.536 E.0168
G1 X193.702 Y134.621 E.00464
G1 X193.75 Y134.747 E.0073
G1 X193.782 Y135.073 E.01777
G1 X193.734 Y135.363 E.01591
G1 X193.629 Y135.581 E.01313
G1 X193.489 Y135.707 E.01019
G1 X193.439 Y135.719 E.00278
G1 X193.327 Y135.697 E.0062
G1 X193.19 Y135.565 E.01033
G1 X193.064 Y135.309 E.01547
G1 X192.847 Y134.699 E.03509
G1 X192.647 Y134.467 E.01659
G1 X192.516 Y134.238 E.01431
G1 X192.452 Y134.024 E.01207
G1 X192.454 Y133.875 E.00811
G1 X192.488 Y133.805 E.00422
G1 X192.549 Y133.762 E.00404
G1 X192.638 Y133.751 E.00485
; WIPE_START
G1 X192.785 Y133.769 E-.05629
G1 X192.988 Y133.848 E-.08288
G1 X193.175 Y133.954 E-.08164
G1 X193.529 Y134.274 E-.18138
G1 X193.694 Y134.536 E-.11776
G1 X193.702 Y134.621 E-.03251
G1 X193.75 Y134.747 E-.05119
G1 X193.782 Y135.073 E-.12455
G1 X193.769 Y135.156 E-.0318
; WIPE_END
G1 E-.04 F1800
M204 S10000
G17
G3 Z47.88 I.059 J-1.216 P1  F60000
G1 X189.892 Y134.967 Z47.88
G1 Z47.48
G1 E.8 F1800
G1 F7915.629
M204 S8000
G1 X190.035 Y135.103 E.0107
G1 X190.157 Y135.357 E.01527
G1 X190.242 Y135.833 E.02623
G1 X190.517 Y136.069 E.01962
G1 X190.588 Y136.269 E.01154
G1 X190.693 Y136.443 E.01097
G1 X190.758 Y136.641 E.01133
G1 X190.759 Y136.783 E.00767
G1 X190.725 Y136.856 E.00435
G1 X190.671 Y136.897 E.00371
G1 X190.563 Y136.921 E.00597
G1 X190.412 Y136.91 E.0082
G1 X190.228 Y136.846 E.01055
G1 X190.042 Y136.753 E.01127
G1 X189.829 Y136.586 E.01469
G1 X189.581 Y136.29 E.02092
G1 X189.512 Y136.132 E.00937
G1 X189.452 Y135.823 E.01704
G1 X189.448 Y135.596 E.01231
G1 X189.5 Y135.299 E.01632
G1 X189.613 Y135.062 E.01422
G1 X189.727 Y134.953 E.00854
G1 X189.812 Y134.939 E.00467
; WIPE_START
G1 X190.035 Y135.103 E-.10542
G1 X190.157 Y135.357 E-.10705
G1 X190.242 Y135.833 E-.18391
G1 X190.517 Y136.069 E-.13758
G1 X190.588 Y136.269 E-.0809
G1 X190.693 Y136.443 E-.07692
G1 X190.749 Y136.613 E-.06821
; WIPE_END
G1 E-.04 F1800
M204 S10000
G17
G3 Z47.88 I.065 J-1.215 P1  F60000
G1 X188.37 Y136.486 Z47.88
G1 Z47.48
G1 E.8 F1800
G1 F7915.629
M204 S8000
G1 X188.581 Y136.541 E.01185
G1 X188.666 Y136.583 E.0051
G1 X188.86 Y136.748 E.01384
G1 X188.907 Y136.792 E.00349
G1 X189.013 Y136.982 E.01175
G1 X189.097 Y137.044 E.00567
G1 X189.193 Y137.224 E.01107
G1 X189.295 Y137.579 E.02005
G1 X189.322 Y137.933 E.01924
G1 X189.279 Y138.222 E.01579
G1 X189.192 Y138.405 E.01101
G1 X189.108 Y138.477 E.00596
G1 X188.985 Y138.457 E.00679
G1 X188.876 Y138.38 E.00723
G1 X188.717 Y138.196 E.0132
G1 X188.562 Y137.876 E.01926
G1 X188.487 Y137.608 E.01507
G1 X188.468 Y137.357 E.01368
G1 X188.266 Y137.168 E.01497
G1 X188.153 Y136.992 E.01132
G1 X188.094 Y136.81 E.01035
G1 X188.095 Y136.662 E.00805
G1 X188.135 Y136.569 E.00549
G1 X188.205 Y136.507 E.00504
G1 X188.284 Y136.484 E.00448
; WIPE_START
G1 X188.581 Y136.541 E-.11481
G1 X188.666 Y136.583 E-.03577
G1 X188.86 Y136.748 E-.09701
G1 X188.907 Y136.792 E-.0245
G1 X189.013 Y136.982 E-.08241
G1 X189.097 Y137.044 E-.03973
G1 X189.193 Y137.224 E-.07759
G1 X189.295 Y137.579 E-.14056
G1 X189.322 Y137.933 E-.13491
G1 X189.317 Y137.967 E-.01269
; WIPE_END
G1 E-.04 F1800
M204 S10000
G17
G3 Z47.88 I1.126 J-.463 P1  F60000
G1 X187.793 Y134.259 Z47.88
G1 Z47.48
G1 E.8 F1800
G1 F7915.629
M204 S8000
G1 X187.945 Y134.316 E.00883
G1 X188.063 Y134.409 E.00815
G1 X188.17 Y134.519 E.00831
G1 X188.311 Y134.786 E.01636
G1 X188.348 Y135.049 E.01444
G1 X188.302 Y135.219 E.00954
G1 X188.195 Y135.312 E.00764
G1 X188.041 Y135.332 E.00842
G1 X187.919 Y135.284 E.0071
G1 X187.703 Y135.113 E.01498
G1 X187.535 Y134.832 E.0177
G1 X187.486 Y134.622 E.01172
G1 X187.497 Y134.441 E.00983
G1 X187.55 Y134.325 E.00694
G1 X187.617 Y134.267 E.00477
G1 X187.71 Y134.243 E.00518
; WIPE_START
G1 X187.945 Y134.316 E-.09361
G1 X188.063 Y134.409 E-.05717
G1 X188.17 Y134.519 E-.05823
G1 X188.311 Y134.786 E-.11467
G1 X188.348 Y135.049 E-.10122
G1 X188.302 Y135.219 E-.06687
G1 X188.195 Y135.312 E-.05359
G1 X188.041 Y135.332 E-.05902
G1 X187.919 Y135.284 E-.04977
G1 X187.703 Y135.113 E-.10501
G1 X187.702 Y135.111 E-.00083
; WIPE_END
G1 E-.04 F1800
M204 S10000
G17
G3 Z47.88 I1.217 J.034 P1  F60000
G1 X187.856 Y129.523 Z47.88
G1 Z47.48
G1 E.8 F1800
G1 F7915.629
M204 S8000
G1 X188.044 Y129.621 E.01151
G1 X188.29 Y129.862 E.01867
G1 X188.423 Y129.947 E.00855
G1 X188.547 Y130.124 E.0117
G1 X188.585 Y130.318 E.01074
G1 X188.535 Y130.531 E.01187
G1 X188.459 Y130.636 E.00702
G1 X188.343 Y130.733 E.00819
G1 X188.126 Y130.991 E.01823
G1 X188.015 Y131.1 E.00845
G1 X187.826 Y131.213 E.01196
G1 X187.726 Y131.242 E.00562
G1 X187.656 Y131.237 E.0038
G1 X187.6 Y131.197 E.00371
G1 X187.545 Y131.085 E.00676
G1 X187.524 Y130.869 E.01179
G1 X187.568 Y130.593 E.01512
G1 X187.644 Y130.396 E.01144
G1 X187.649 Y130.216 E.00979
G1 X187.604 Y130.119 E.0058
G1 X187.558 Y129.875 E.01341
G1 X187.575 Y129.676 E.01087
G1 X187.629 Y129.564 E.00673
G1 X187.686 Y129.521 E.00385
G1 X187.772 Y129.506 E.00477
; WIPE_START
G1 X188.044 Y129.621 E-.11212
G1 X188.29 Y129.862 E-.13087
G1 X188.423 Y129.947 E-.05994
G1 X188.547 Y130.124 E-.08202
G1 X188.585 Y130.318 E-.0753
G1 X188.535 Y130.531 E-.08323
G1 X188.459 Y130.636 E-.04925
G1 X188.343 Y130.733 E-.05742
G1 X188.157 Y130.955 E-.10986
; WIPE_END
G1 E-.04 F1800
M204 S10000
G17
G3 Z47.88 I-1.217 J.008 P1  F60000
G1 X188.215 Y140.242 Z47.88
G1 Z47.48
G1 E.8 F1800
G1 F7915.629
M204 S8000
G1 X188.3 Y140.248 E.00461
G1 X188.831 Y140.399 E.02994
G1 X189.068 Y140.529 E.01466
G1 X189.415 Y140.566 E.01889
G1 X189.556 Y140.621 E.00822
G1 X189.686 Y140.72 E.00883
G1 X189.756 Y140.822 E.00671
G1 X189.775 Y140.915 E.00515
G1 X189.753 Y141.004 E.00497
G1 X189.684 Y141.097 E.00628
G1 X189.563 Y141.179 E.00795
G1 X189.404 Y141.23 E.00902
G1 X189.224 Y141.246 E.00982
G1 X188.958 Y141.196 E.01463
G1 X188.786 Y141.201 E.00932
G1 X188.628 Y141.164 E.00882
G1 X188.155 Y140.972 E.02766
G1 X187.933 Y140.817 E.01468
G1 X187.771 Y140.651 E.01254
G1 X187.688 Y140.503 E.00922
G1 X187.676 Y140.412 E.00497
G1 X187.696 Y140.363 E.00289
G1 X187.766 Y140.306 E.00486
G1 X187.916 Y140.254 E.00863
G1 X188.13 Y140.237 E.01162
; WIPE_START
G1 X188.3 Y140.248 E-.06476
G1 X188.831 Y140.399 E-.20991
G1 X189.068 Y140.529 E-.10277
G1 X189.415 Y140.566 E-.13246
G1 X189.556 Y140.621 E-.05764
G1 X189.686 Y140.72 E-.06193
G1 X189.756 Y140.822 E-.04702
G1 X189.775 Y140.915 E-.03614
G1 X189.753 Y141.004 E-.03483
G1 X189.734 Y141.031 E-.01255
; WIPE_END
G1 E-.04 F1800
M204 S10000
G17
G3 Z47.88 I-1.123 J.469 P1  F60000
G1 X223.526 Y221.88 Z47.88
G1 Z47.48
G1 E.8 F1800
G1 F7915.629
M204 S8000
G1 X223.553 Y221.597 E.0154
G1 X223.509 Y221.29 E.0168
G1 X223.534 Y221.281 E.00143
G1 X223.678 Y220.675 E.0338
G1 X224.45 Y220.975 E.04485
G1 X224.609 Y221.121 E.01172
G1 X224.705 Y221.338 E.01286
G1 X224.733 Y221.563 E.01231
G1 X224.691 Y221.784 E.01221
G1 X224.586 Y221.981 E.01206
G1 X224.463 Y222.11 E.00967
G1 X224.31 Y222.421 E.01878
G1 X224.067 Y222.709 E.02042
G1 X223.822 Y222.875 E.01607
G1 X223.628 Y222.907 E.01065
G1 X223.431 Y222.897 E.0107
G1 X223.228 Y222.822 E.01172
G1 X223.062 Y222.682 E.01174
G1 X222.937 Y222.47 E.01336
G1 X222.874 Y222.178 E.01622
G1 X222.929 Y221.612 E.03081
G1 X222.879 Y221.271 E.01867
G1 X222.915 Y221.057 E.01175
G1 X223.022 Y220.878 E.01133
G1 X223.184 Y220.75 E.01115
G1 X223.391 Y220.674 E.01196
G1 X223.598 Y220.646 E.01135
; WIPE_START
G1 X224.45 Y220.975 E-.34685
G1 X224.609 Y221.121 E-.08219
G1 X224.705 Y221.338 E-.09016
G1 X224.733 Y221.563 E-.0863
G1 X224.691 Y221.784 E-.08561
G1 X224.606 Y221.944 E-.06889
; WIPE_END
G1 E-.04 F1800
M204 S10000
G17
G3 Z47.88 I-.081 J1.214 P1  F60000
G1 X226.328 Y222.059 Z47.88
G1 Z47.48
G1 E.8 F1800
G1 F7915.629
M204 S8000
G1 X226.103 Y221.688 E.02353
G1 X226.087 Y221.631 E.00318
G1 X226.402 Y221.465 E.01932
G1 X226.362 Y220.84 E.03393
G1 X226.465 Y220.842 E.00557
G1 X226.676 Y220.894 E.01176
G1 X226.854 Y221.002 E.01131
G1 X226.996 Y221.174 E.01205
G1 X227.086 Y221.411 E.01374
G1 X227.101 Y221.584 E.00945
G1 X227.012 Y221.832 E.01427
G1 X227.025 Y222.155 E.01754
G1 X226.945 Y222.345 E.01115
G1 X226.742 Y222.579 E.01679
G1 X226.588 Y222.667 E.00962
G1 X226.361 Y222.701 E.01246
G1 X226.081 Y222.634 E.01562
G1 X225.906 Y222.529 E.01105
G1 X225.828 Y222.447 E.00611
G1 X225.636 Y222.096 E.02168
G1 X225.562 Y222.008 E.00624
G1 X225.469 Y221.766 E.01407
G1 X225.465 Y221.522 E.01321
G1 X225.547 Y221.303 E.01271
G1 X225.709 Y221.125 E.013
G1 X226.277 Y220.839 E.0345
; COOLING_NODE: 0
; WIPE_START
G1 X226.465 Y220.842 E-.07147
G1 X226.676 Y220.894 E-.08244
G1 X226.854 Y221.002 E-.0793
G1 X226.996 Y221.174 E-.08448
G1 X227.086 Y221.411 E-.09636
G1 X227.101 Y221.584 E-.06627
G1 X227.012 Y221.832 E-.10001
G1 X227.025 Y222.155 E-.12295
G1 X226.967 Y222.293 E-.05671
; WIPE_END
G1 E-.04 F1800
M204 S10000
G17
G3 Z47.88 I.485 J-1.116 P1  F60000
G1 X209.617 Y214.746 Z47.88
G1 Z47.48
G1 E.8 F1800
; FEATURE: Inner wall
; LINE_WIDTH: 0.45
G1 F11292.473
M204 S8000
G1 X209.617 Y218.574 E.14545
G1 X220.717 Y218.574 E.42172
G1 X220.717 Y224.599 E.22888
G1 X220.693 Y224.873 E.01044
G1 X220.642 Y225.072 E.00784
G1 X220.56 Y225.266 E.00798
G1 X220.449 Y225.448 E.00812
; object ids of layer 198 start: 1901,1902
M624 AwAAAAAAAAA=
;===== machine: H2C timelapse =====
;======== date: 20260731 ========

; SKIPPABLE_START
; SKIPTYPE: timelapse

M1002 judge_flag timelapse_record_flag
M622 J1
    

    
        
    

    
        M971 S11 C10 O0
        M1004 S5 P1  ; external shutter
    

    
        
    
    
    
M623
; SKIPPABLE_END

; object ids of this layer198 end: 1901,1902
M625
G1 X220.343 Y225.578 E.00637
G1 X220.183 Y225.726 E.00827
G1 X220.046 Y225.822 E.00635
G1 X219.791 Y225.942 E.01069
G1 X219.496 Y225.876 E.01151
G1 X218.69 Y225.648 E.0318
G1 X218.217 Y225.551 E.01835
G1 X217.644 Y225.537 E.02178
G1 X217.043 Y225.773 E.02456
G1 X216.734 Y226.032 E.01528
G1 X216.479 Y226.032 E.00969
G1 X216.187 Y225.563 E.02098
G1 X215.627 Y225.184 E.02568
G1 X215.122 Y224.987 E.02061
G1 X214.639 Y224.881 E.01877
G1 X214.165 Y224.84 E.01807
G1 X213.693 Y224.857 E.01796
G1 X213.215 Y224.933 E.01838
G1 X212.722 Y225.085 E.01961
G1 X212.183 Y225.37 E.02316
G1 X211.737 Y225.853 E.02499
G1 X211.529 Y226.032 E.0104
G1 X211.291 Y226.032 E.00907
G1 X210.964 Y225.471 E.02464
G1 X210.293 Y225.184 E.02771
G1 X209.728 Y225.14 E.02154
G1 X209.22 Y225.217 E.01954
G1 X208.755 Y225.356 E.01844
G1 X207.55 Y225.833 E.04921
G1 X207.007 Y225.993 E.02153
G1 X206.701 Y225.891 E.01226
G1 X206.519 Y225.786 E.00798
G1 X206.36 Y225.659 E.0077
G1 X206.17 Y225.444 E.0109
G1 X206.029 Y225.199 E.01075
G1 X205.95 Y224.975 E.00903
G1 X205.906 Y224.68 E.01132
G1 X205.903 Y212.532 E.46156
G1 X188.717 Y212.532 E.65297
G1 X188.717 Y222.782 E.38942
G1 X186.903 Y222.782 E.06888
G1 X186.903 Y210.718 E.45831
G1 X205.903 Y210.718 E.72186
G1 X205.903 Y175.352 E1.34368
G1 X187.903 Y175.352 E.68387
G1 X187.903 Y150.531 E.94298
G1 X181.993 Y150.531 E.22454
G1 X181.993 Y93.968 E2.14898
G1 X185.006 Y93.968 E.11447
G1 X185.006 Y95.781 E.06888
G1 X183.806 Y95.781 E.04559
G1 X183.806 Y145.718 E1.89724
G1 X205.903 Y145.718 E.83952
G1 X205.903 Y133.068 E.48061
G1 X210.221 Y133.068 E.16402
G1 X210.221 Y150.818 E.67437
M73 P78 R47
G1 X210.717 Y150.818 E.01884
G1 X210.717 Y191.882 E1.56009
G1 X210.221 Y191.882 E.01884
G1 X210.221 Y210.568 E.70997
G1 X210.717 Y210.568 E.01884
G1 X210.717 Y210.718 E.0057
G1 X220.717 Y210.718 E.37993
G1 X220.717 Y214.746 E.15301
G1 X209.677 Y214.746 E.41944
; COOLING_NODE: 0
M204 S250
G1 X210 Y215.129 F60000
; FEATURE: Outer wall
; LINE_WIDTH: 0.42
G1 F8504.623
M204 S5000
G1 X210 Y215.391 E.00918
G1 F7774.166
G1 X210 Y215.791 E.01405
G1 F6719.812
G1 X210 Y216.191 E.01405
G1 F5742.258
G1 X210 Y216.591 E.01405
G1 F4841.503
G1 X210 Y216.991 E.01405
G1 F4017.549
G1 X210 Y217.391 E.01405
G1 F3270.395
G1 X210 Y217.791 E.01405
G1 F2600.04
G1 X210 Y218.191 E.01405
G1 F2006.486
G1 X210.041 Y218.191 E.00144
G1 F1950
G1 X221.1 Y218.191 E.38853
G1 F2100
G1 X221.1 Y218.39 E.00699
G1 F2706.344
G1 X221.1 Y218.79 E.01405
G1 F3389.487
G1 X221.1 Y219.19 E.01405
G1 F4149.431
G1 X221.1 Y219.59 E.01405
G1 F4986.175
G1 X221.1 Y219.99 E.01405
G1 F5899.718
G1 X221.1 Y220.39 E.01405
G1 F6890.062
G1 X221.1 Y220.79 E.01405
G1 F7957.206
G1 X221.1 Y221.19 E.01405
G1 F9101.149
G1 X221.1 Y221.59 E.01405
G1 F10321.893
G1 X221.1 Y221.99 E.01405
G1 F11619.437
G1 X221.1 Y222.39 E.01405
G1 F12000
G1 X221.1 Y222.79 E.01405
G1 X221.1 Y224.615 E.06414
G1 X221.072 Y224.937 E.01134
G1 X221.006 Y225.195 E.00935
G1 X220.902 Y225.441 E.00939
G1 X220.762 Y225.671 E.00945
G1 X220.623 Y225.841 E.00775
G1 X220.425 Y226.025 E.00949
G1 X220.244 Y226.151 E.00773
G1 X220.004 Y226.274 E.00947
G1 X219.813 Y226.339 E.0071
G1 X219.401 Y226.248 E.01483
G1 X218.6 Y226.02 E.02928
G1 X218.174 Y225.933 E.01527
G1 X217.712 Y225.922 E.01621
G1 X217.241 Y226.107 E.0178
G1 X216.874 Y226.415 E.01684
G1 X216.266 Y226.415 E.02133
G1 X215.904 Y225.835 E.02402
G1 X215.448 Y225.525 E.01938
G1 X215.011 Y225.355 E.01649
G1 X214.581 Y225.261 E.01544
G1 X214.155 Y225.224 E.01503
G1 X213.73 Y225.239 E.01496
G1 X213.302 Y225.307 E.01521
G1 X212.869 Y225.441 E.01592
G1 X212.42 Y225.678 E.01784
G1 X212.004 Y226.129 E.02157
G1 X211.672 Y226.415 E.01539
G1 X211.07 Y226.415 E.02113
G1 X210.696 Y225.774 E.02608
G1 X210.201 Y225.561 E.01895
G1 X209.742 Y225.526 E.01615
G1 X209.304 Y225.592 E.01558
G1 X208.881 Y225.719 E.01551
G1 X207.679 Y226.194 E.04539
G1 X207.01 Y226.387 E.02447
G1 X206.783 Y226.335 E.00819
G1 X206.534 Y226.237 E.00939
G1 X206.302 Y226.104 E.0094
G1 X206.095 Y225.938 E.00931
G1 X205.857 Y225.669 E.0126
G1 X205.679 Y225.36 E.01256
G1 X205.576 Y225.068 E.01088
G1 X205.522 Y224.709 E.01274
G1 X205.52 Y212.915 E.41435
G1 X189.1 Y212.915 E.57687
G1 X189.1 Y223.165 E.36011
G1 X186.52 Y223.165 E.09064
G1 X186.52 Y210.335 E.45075
G1 X205.52 Y210.335 E.66752
G1 X205.52 Y175.735 E1.21558
G1 X187.52 Y175.735 E.63238
G1 X187.52 Y150.915 E.87199
G1 X181.61 Y150.915 E.20763
G1 X181.61 Y93.585 E2.01414
G1 X185.39 Y93.585 E.1328
G1 X185.39 Y96.165 E.09064
G1 X184.19 Y96.165 E.04216
G1 X184.19 Y145.335 E1.72746
G1 X205.52 Y145.335 E.74937
G1 X205.52 Y132.685 E.44443
G1 X210.604 Y132.685 E.17862
G1 X210.604 Y150.435 E.6236
G1 X211.1 Y150.435 E.01742
G1 X211.1 Y192.265 E1.46959
G1 X210.604 Y192.265 E.01742
G1 X210.604 Y210.185 E.62957
G1 X211.1 Y210.185 E.01742
G1 X211.1 Y210.335 E.00527
G1 X221.1 Y210.335 E.35132
G1 X221.1 Y210.93 E.02091
G1 F11619.437
G1 X221.1 Y211.33 E.01405
G1 F10321.893
G1 X221.1 Y211.73 E.01405
G1 F9101.149
G1 X221.1 Y212.13 E.01405
G1 F7957.206
G1 X221.1 Y212.53 E.01405
G1 F6890.062
G1 X221.1 Y212.93 E.01405
G1 F5899.718
G1 X221.1 Y213.33 E.01405
G1 F4986.175
G1 X221.1 Y213.73 E.01405
G1 F4149.431
G1 X221.1 Y214.13 E.01405
G1 F3389.487
G1 X221.1 Y214.53 E.01405
G1 F2706.344
G1 X221.1 Y214.93 E.01405
G1 F2100
G1 X221.1 Y215.129 E.00699
G1 F1950
G1 X210.06 Y215.129 E.38786
M204 S10000
G1 X209.647 Y214.297 F60000
; FEATURE: Floating vertical shell
; LINE_WIDTH: 0.551564
G1 F8998.921
M204 S8000
G1 X220.207 Y214.297 E.50346
; WIPE_START
G1 X218.207 Y214.297 E-.76
; WIPE_END
G1 E-.04 F1800
M204 S10000
G1 X216.54 Y213.847 Z47.88 F60000
G1 Z47.48
G1 E.8 F1800
; FEATURE: Sparse infill
; LINE_WIDTH: 0.45
G1 F11292.473
M204 S8000
G1 X218.134 Y213.847 E.06056
G1 X220.376 Y211.606 E.12041
G1 X220.376 Y213.591 E.07541
G1 X217.844 Y211.059 E.13602
G1 X213.408 Y211.059 E.16852
G1 X210.62 Y213.847 E.14979
G1 X213.118 Y213.847 E.09488
G1 X210.18 Y210.909 E.15785
G1 X209.88 Y210.909 E.0114
G1 X209.88 Y210.609 E.0114
G1 X206.244 Y206.974 E.19532
G1 X206.244 Y203.195 E.14357
G1 X209.88 Y199.56 E.19532
G1 X209.88 Y203.095 E.13432
G1 X206.244 Y199.46 E.19532
G1 X206.244 Y195.681 E.14357
G1 X209.88 Y192.046 E.19532
G1 X209.88 Y195.581 E.13432
G1 X206.244 Y191.946 E.19532
G1 X206.244 Y190.352 E.06056
; WIPE_START
G1 X206.244 Y191.946 E-.60572
G1 X206.532 Y192.233 E-.15428
; WIPE_END
G1 E-.04 F1800
M204 S10000
G1 X210.376 Y186.969 Z47.88 F60000
G1 Z47.48
G1 E.8 F1800
G1 F11292.473
M204 S8000
G1 X210.376 Y188.563 E.06056
G1 X206.244 Y184.432 E.22196
G1 X206.244 Y188.167 E.14191
G1 X210.376 Y184.036 E.22196
G1 X210.376 Y181.049 E.11349
G1 X206.244 Y176.918 E.22196
G1 X206.244 Y180.653 E.14191
G1 X210.376 Y176.522 E.22196
G1 X210.376 Y173.535 E.11349
G1 X188.244 Y151.404 E1.1891
G1 X188.244 Y153.568 E.08224
G1 X195.753 Y146.059 E.40345
G1 X197.929 Y146.059 E.08264
G1 X210.376 Y158.506 E.66878
G1 X210.376 Y161.494 E.11349
G1 X196.859 Y175.011 E.72627
G1 X196.823 Y175.011 E.00134
G1 X188.244 Y166.432 E.46094
G1 X188.244 Y168.596 E.08224
G1 X209.88 Y146.961 E1.16246
G1 X209.88 Y150.497 E.13432
G1 X205.443 Y146.059 E.23841
G1 X203.267 Y146.059 E.08264
G1 X188.244 Y161.082 E.80718
G1 X188.244 Y158.918 E.08224
G1 X204.337 Y175.011 E.86467
G1 X204.373 Y175.011 E.00134
G1 X210.376 Y169.008 E.32254
G1 X210.376 Y166.021 E.11349
G1 X190.414 Y146.059 E1.07251
G1 X188.239 Y146.059 E.08264
G1 X184.108 Y150.191 E.22196
G1 X187.031 Y150.191 E.11107
G1 X182.334 Y145.494 E.25237
G1 X182.334 Y144.45 E.03964
G1 X183.466 Y143.319 E.06077
G1 X183.466 Y139.111 E.15989
G1 X182.334 Y137.979 E.06077
G1 X182.334 Y136.936 E.03964
G1 X183.466 Y135.805 E.06077
G1 X183.466 Y131.596 E.15989
G1 X182.334 Y130.465 E.06077
G1 X182.334 Y129.422 E.03964
G1 X183.466 Y128.291 E.06077
G1 X183.466 Y124.082 E.15989
G1 X182.334 Y122.951 E.06077
G1 X182.334 Y121.908 E.03964
G1 X183.466 Y120.777 E.06077
G1 X183.466 Y116.568 E.15989
G1 X182.334 Y115.437 E.06077
G1 X182.334 Y114.394 E.03964
G1 X183.466 Y113.263 E.06077
G1 X183.466 Y109.054 E.15989
G1 X182.334 Y107.923 E.06077
G1 X182.334 Y106.88 E.03964
G1 X183.466 Y105.748 E.06077
G1 X183.466 Y101.54 E.15989
G1 X182.334 Y100.409 E.06077
G1 X182.334 Y99.365 E.03964
G1 X183.466 Y98.234 E.06077
G1 X183.466 Y95.441 E.10615
G1 X184.666 Y95.441 E.04559
G1 X184.666 Y95.226 E.00815
G1 X183.749 Y94.309 E.04924
G1 X182.334 Y94.309 E.05374
G1 X182.334 Y94.489 E.00682
; WIPE_START
G1 X182.334 Y94.309 E-.06817
G1 X183.749 Y94.309 E-.53754
G1 X184.036 Y94.597 E-.15429
; WIPE_END
G1 E-.04 F1800
M204 S10000
G1 X188.004 Y101.116 Z47.88 F60000
G1 X209.88 Y137.062 Z47.88
G1 Z47.48
G1 E.8 F1800
G1 F11292.473
M204 S8000
G1 X209.88 Y135.468 E.06056
G1 X207.821 Y133.409 E.11063
G1 X208.403 Y133.409 E.02213
G1 X206.244 Y135.568 E.11599
G1 X206.244 Y139.347 E.14357
G1 X209.88 Y142.982 E.19532
G1 X209.88 Y139.447 E.13432
G1 X206.244 Y143.082 E.19532
G1 X206.244 Y144.676 E.06056
; WIPE_START
G1 X206.244 Y143.082 E-.60572
G1 X206.532 Y142.795 E-.15428
; WIPE_END
G1 E-.04 F1800
M204 S10000
G1 X202.516 Y149.286 Z47.88 F60000
G1 X188.244 Y172.352 Z47.88
G1 Z47.48
G1 E.8 F1800
G1 F11292.473
M204 S8000
G1 X188.244 Y173.946 E.06056
G1 X189.309 Y175.011 E.05721
G1 X189.344 Y175.011 E.00134
G1 X210.376 Y153.979 E1.13
G1 X210.376 Y155.573 E.06056
; WIPE_START
G1 X210.376 Y153.979 E-.60572
G1 X210.088 Y154.267 E-.15429
; WIPE_END
G1 E-.04 F1800
M204 S10000
G1 X210.057 Y161.899 Z47.88 F60000
G1 X209.88 Y205.48 Z47.88
G1 Z47.48
G1 E.8 F1800
G1 F11292.473
M204 S8000
G1 X209.88 Y207.074 E.06056
G1 X206.244 Y210.709 E.19532
G1 X206.244 Y211.059 E.01331
G1 X205.894 Y211.059 E.01331
G1 X204.763 Y212.191 E.06077
G1 X203.947 Y212.191 E.03101
G1 X202.816 Y211.059 E.06077
G1 X198.38 Y211.059 E.16852
G1 X197.249 Y212.191 E.06077
G1 X196.433 Y212.191 E.03101
G1 X195.302 Y211.059 E.06077
G1 X190.866 Y211.059 E.16852
G1 X189.735 Y212.191 E.06077
G1 X188.919 Y212.191 E.03101
G1 X187.788 Y211.059 E.06077
G1 X187.244 Y211.059 E.02064
G1 X187.244 Y212.11 E.03992
; WIPE_START
G1 X187.244 Y211.059 E-.39931
G1 X187.788 Y211.059 E-.2064
G1 X188.075 Y211.347 E-.15429
; WIPE_END
G1 E-.04 F1800
M204 S10000
G1 X188.376 Y215.144 Z47.88 F60000
G1 Z47.48
G1 E.8 F1800
G1 F11292.473
M204 S8000
G1 X188.376 Y213.55 E.06056
G1 X187.244 Y214.681 E.06077
G1 X187.244 Y218.03 E.12725
G1 X188.376 Y219.162 E.06077
G1 X188.376 Y221.064 E.07228
G1 X187.244 Y222.195 E.06077
G1 X187.244 Y220.601 E.06056
; WIPE_START
G1 X187.244 Y222.195 E-.60572
G1 X187.532 Y221.908 E-.15429
; WIPE_END
G1 E-.04 F1800
M204 S10000
G1 X194.408 Y218.596 Z47.88 F60000
G1 X206.244 Y212.894 Z47.88
G1 Z47.48
G1 E.8 F1800
G1 F11292.473
M204 S8000
G1 X206.245 Y214.488 E.06056
G1 X209.276 Y217.519 E.16285
G1 X209.276 Y215.192 E.08841
G1 X206.246 Y218.222 E.1628
G1 X206.246 Y222.004 E.14369
G1 X209.13 Y224.888 E.15493
G1 X208.643 Y225.034 E.01932
G1 X207.439 Y225.51 E.04918
G1 X207.013 Y225.635 E.01688
G1 X206.841 Y225.578 E.00689
G1 X206.711 Y225.503 E.0057
G1 X206.584 Y225.398 E.00628
G1 X212.509 Y219.473 E.31836
G1 X211.229 Y219.473 E.04864
G1 X217.129 Y225.373 E.31702
G1 X216.866 Y225.476 E.01073
G1 X216.648 Y225.659 E.0108
G1 X216.438 Y225.321 E.01511
G1 X215.787 Y224.88 E.02989
G1 X215.221 Y224.659 E.02309
G1 X214.905 Y224.591 E.01226
G1 X220.023 Y219.473 E.27498
G1 X218.743 Y219.473 E.04864
G1 X220.376 Y221.105 E.08772
G1 X220.376 Y222.699 E.06056
; WIPE_START
G1 X220.376 Y221.105 E-.60571
G1 X220.088 Y220.818 E-.15429
; WIPE_END
G1 E-.04 F1800
M204 S10000
G1 X212.566 Y219.525 Z47.88 F60000
G1 X209.647 Y219.023 Z47.88
G1 Z47.48
G1 E.8 F1800
; FEATURE: Floating vertical shell
; LINE_WIDTH: 0.551564
G1 F8998.921
M204 S8000
G1 X220.207 Y219.023 E.50346
; OBJECT_ID: 1901
; WIPE_START
G1 X218.207 Y219.023 E-.76
; WIPE_END
G1 E-.04 F1800
; FEATURE: Other object
; stop printing object, unique label id: 1902
M625
; FEATURE: Other object
; start printing object, unique label id: 1901
M624 AQAAAAAAAAA=
M204 S10000
G1 X210.578 Y218.792 Z47.88 F60000
G1 X110.718 Y215.765 Z47.88
G1 Z47.48
G1 E.8 F1800
; FEATURE: Other object
; LINE_WIDTH: 0.62
G1 F7915.629
M204 S8000
G1 X110.786 Y215.661 E.00675
G1 X110.93 Y215.533 E.01042
G1 X111.097 Y215.45 E.01012
G1 X111.291 Y215.412 E.01071
G1 X111.332 Y214.794 E.0336
G1 X111.558 Y214.809 E.01229
G1 X111.805 Y214.882 E.01395
G1 X112.106 Y215.058 E.01888
G1 X112.335 Y215.297 E.01797
G1 X112.492 Y215.636 E.02022
G1 X112.544 Y215.968 E.01824
G1 X112.502 Y216.3 E.01812
G1 X112.373 Y216.61 E.01819
G1 X112.174 Y216.868 E.01766
G1 X111.894 Y217.079 E.01904
G1 X111.57 Y217.207 E.01887
G1 X111.221 Y217.246 E.01903
G1 X110.874 Y217.192 E.01902
G1 X110.563 Y217.051 E.01854
G1 X110.295 Y216.825 E.01898
G1 X110.109 Y216.542 E.01836
G1 X110.014 Y216.219 E.01828
G1 X110.017 Y215.879 E.01841
G1 X110.12 Y215.548 E.01878
G1 X110.312 Y215.252 E.01915
G1 X110.58 Y215.016 E.01934
G1 X110.894 Y214.858 E.01907
G1 X111.247 Y214.788 E.0195
; WIPE_START
G1 X111.558 Y214.809 E-.1186
G1 X111.805 Y214.882 E-.09782
G1 X112.106 Y215.058 E-.13236
G1 X112.335 Y215.297 E-.126
G1 X112.492 Y215.636 E-.14178
G1 X112.544 Y215.968 E-.12789
G1 X112.539 Y216.009 E-.01555
; WIPE_END
G1 E-.04 F1800
M204 S10000
G17
G3 Z47.88 I.04 J-1.216 P1  F60000
G1 X105.968 Y215.792 Z47.88
G1 Z47.48
G1 E.8 F1800
G1 F7915.629
M204 S8000
G1 X105.911 Y215.638 E.00886
G1 X105.911 Y215.511 E.00691
G1 X105.944 Y215.404 E.00604
G1 X105.997 Y215.328 E.00504
G1 X106.066 Y215.276 E.00468
G1 X106.144 Y215.249 E.00449
G1 X106.128 Y214.629 E.03362
G1 X106.356 Y214.63 E.01233
G1 X106.645 Y214.718 E.01639
G1 X106.92 Y214.9 E.01788
G1 X107.138 Y215.153 E.01811
G1 X107.278 Y215.453 E.01792
G1 X107.324 Y215.763 E.01702
G1 X107.285 Y216.069 E.01673
G1 X107.158 Y216.326 E.01554
G1 X106.954 Y216.526 E.01546
G1 X106.692 Y216.652 E.01579
G1 X106.392 Y216.694 E.01639
G1 X106.085 Y216.649 E.01685
G1 X105.797 Y216.515 E.01721
G1 X105.557 Y216.304 E.01731
G1 X105.376 Y216.016 E.01845
G1 X105.292 Y215.728 E.01626
G1 X105.291 Y215.418 E.01677
G1 X105.379 Y215.131 E.01627
G1 X105.544 Y214.893 E.0157
G1 X105.772 Y214.721 E.01549
G1 X106.043 Y214.629 E.01552
; WIPE_START
G1 X106.356 Y214.63 E-.11883
G1 X106.645 Y214.718 E-.11489
G1 X106.92 Y214.9 E-.12536
G1 X107.138 Y215.153 E-.12697
G1 X107.278 Y215.453 E-.12567
G1 X107.324 Y215.763 E-.1193
G1 X107.315 Y215.839 E-.02898
; WIPE_END
G1 E-.04 F1800
M204 S10000
G17
G3 Z47.88 I-.483 J-1.117 P1  F60000
G1 X101.266 Y218.451 Z47.88
G1 Z47.48
G1 E.8 F1800
G1 F7915.629
M204 S8000
G1 X101.23 Y218.269 E.01004
G1 X101.239 Y218.032 E.01289
G1 X101.291 Y217.849 E.01031
G1 X101.354 Y217.742 E.00674
G1 X101.441 Y217.655 E.00664
G1 X101.539 Y217.602 E.00606
G1 X101.699 Y217.576 E.00875
G1 X101.762 Y216.959 E.0336
G1 X102.037 Y217.01 E.0152
G1 X102.383 Y217.183 E.02096
G1 X102.693 Y217.456 E.02237
G1 X102.855 Y217.685 E.01521
G1 X102.956 Y217.76 E.00681
G1 X103.171 Y218.028 E.01863
G1 X103.304 Y218.335 E.01813
G1 X103.346 Y218.656 E.01757
G1 X103.299 Y218.972 E.0173
G1 X103.165 Y219.262 E.01729
G1 X102.914 Y219.554 E.0209
G1 X102.522 Y220.14 E.0382
G1 X102.438 Y220.635 E.0272
G1 X102.27 Y221.006 E.02207
G1 X102.017 Y221.327 E.02215
G1 X101.704 Y221.571 E.02154
G1 X101.359 Y221.724 E.02045
G1 X101.011 Y221.78 E.0191
G1 X100.672 Y221.739 E.01852
G1 X100.36 Y221.598 E.01854
G1 X100.139 Y221.404 E.0159
G1 X99.977 Y221.15 E.01638
G1 X99.882 Y220.839 E.0176
G1 X99.873 Y220.489 E.01897
G1 X99.957 Y220.129 E.02004
G1 X100.134 Y219.786 E.02092
G1 X100.409 Y219.468 E.02279
G1 X100.696 Y218.76 E.04142
G1 X100.608 Y218.32 E.02433
G1 X100.622 Y217.933 E.02096
G1 X100.717 Y217.602 E.0187
G1 X100.86 Y217.36 E.0152
G1 X101.066 Y217.152 E.01587
G1 X101.336 Y217.007 E.01661
G1 X101.677 Y216.95 E.01873
; WIPE_START
G1 X102.037 Y217.01 E-.1389
G1 X102.383 Y217.183 E-.14695
G1 X102.693 Y217.456 E-.15686
G1 X102.855 Y217.685 E-.10662
G1 X102.956 Y217.76 E-.04777
G1 X103.171 Y218.028 E-.13059
G1 X103.205 Y218.106 E-.03231
; WIPE_END
G1 E-.04 F1800
M204 S10000
G17
G3 Z47.88 I.998 J-.696 P1  F60000
G1 X98.356 Y211.148 Z47.88
G1 Z47.48
G1 E.8 F1800
G1 F7915.629
M204 S8000
G1 X98.341 Y211.054 E.00518
G1 X98.358 Y210.898 E.0085
G1 X98.413 Y210.767 E.00771
G1 X98.491 Y210.671 E.00671
G1 X98.581 Y210.613 E.0058
G1 X98.682 Y210.586 E.00566
G1 X98.707 Y209.967 E.03361
G1 X98.93 Y209.982 E.01211
G1 X99.234 Y210.104 E.01777
G1 X99.503 Y210.317 E.01859
G1 X99.71 Y210.602 E.01907
G1 X99.833 Y210.924 E.01871
G1 X99.868 Y211.256 E.0181
G1 X99.812 Y211.581 E.01785
G1 X99.672 Y211.857 E.01678
G1 X99.461 Y212.07 E.01624
G1 X99.198 Y212.207 E.0161
G1 X98.901 Y212.258 E.0163
G1 X98.541 Y212.202 E.0198
G1 X98.333 Y212.111 E.01226
G1 X98.108 Y211.946 E.01512
G1 X97.907 Y211.702 E.01714
G1 X97.769 Y211.399 E.01805
G1 X97.716 Y211.07 E.01808
G1 X97.752 Y210.743 E.01783
G1 X97.875 Y210.445 E.01747
G1 X98.073 Y210.203 E.01692
G1 X98.328 Y210.038 E.01648
G1 X98.622 Y209.961 E.01647
; WIPE_START
G1 X98.93 Y209.982 E-.11731
G1 X99.234 Y210.104 E-.12461
G1 X99.503 Y210.317 E-.13035
G1 X99.71 Y210.602 E-.13372
G1 X99.833 Y210.924 E-.13115
G1 X99.867 Y211.246 E-.12285
; WIPE_END
G1 E-.04 F1800
M204 S10000
G17
G3 Z47.88 I1.179 J-.303 P1  F60000
G1 X98.46 Y205.779 Z47.88
G1 Z47.48
G1 E.8 F1800
G1 F7915.629
M204 S8000
G1 X98.437 Y205.643 E.0075
G1 X98.45 Y205.518 E.00677
G1 X98.492 Y205.389 E.00736
G1 X98.587 Y205.248 E.00921
G1 X98.707 Y205.146 E.00853
G1 X98.828 Y205.092 E.00722
G1 X99.004 Y205.073 E.00956
G1 X99.097 Y204.46 E.0336
G1 X99.272 Y204.487 E.00957
G1 X99.53 Y204.615 E.01562
G1 X99.731 Y204.817 E.01545
G1 X99.861 Y205.077 E.01577
G1 X99.909 Y205.382 E.01674
G1 X99.87 Y205.71 E.0179
G1 X99.739 Y206.03 E.01875
G1 X99.533 Y206.295 E.01816
G1 X99.536 Y207.133 E.04545
G1 X99.822 Y207.475 E.02413
G1 X99.963 Y207.771 E.01775
G1 X100.009 Y208.075 E.01672
G1 X99.964 Y208.366 E.01593
G1 X99.833 Y208.62 E.0155
G1 X99.628 Y208.821 E.01554
G1 X99.365 Y208.951 E.01593
G1 X99.064 Y208.997 E.01647
G1 X98.752 Y208.953 E.01708
G1 X98.456 Y208.822 E.01756
G1 X98.203 Y208.616 E.0177
G1 X98.018 Y208.349 E.01759
G1 X97.918 Y208.044 E.01741
G1 X97.911 Y207.731 E.01692
G1 X97.984 Y207.476 E.0144
G1 X98.139 Y207.212 E.01658
G1 X98.126 Y206.396 E.04425
G1 X97.966 Y206.205 E.01354
G1 X97.846 Y205.919 E.01679
G1 X97.813 Y205.649 E.01477
G1 X97.84 Y205.388 E.01421
G1 X97.93 Y205.115 E.01561
G1 X98.119 Y204.832 E.01843
G1 X98.372 Y204.617 E.018
G1 X98.663 Y204.486 E.01726
G1 X99.013 Y204.447 E.01907
; WIPE_START
G1 X99.272 Y204.487 E-.09953
G1 X99.53 Y204.615 E-.10954
G1 X99.731 Y204.817 E-.10831
G1 X99.861 Y205.077 E-.11056
G1 X99.909 Y205.382 E-.11737
G1 X99.87 Y205.71 E-.12549
G1 X99.781 Y205.927 E-.08919
; WIPE_END
G1 E-.04 F1800
M204 S10000
G17
G3 Z47.88 I1.206 J-.16 P1  F60000
G1 X98.536 Y196.54 Z47.88
G1 Z47.48
G1 E.8 F1800
G1 F7915.629
M204 S8000
G1 X98.542 Y196.213 E.01771
G1 X98.584 Y196.086 E.00727
G1 X98.665 Y195.969 E.00774
G1 X98.784 Y195.872 E.00829
G1 X98.927 Y195.81 E.00845
G1 X99.066 Y195.791 E.00758
G1 X99.154 Y195.177 E.03361
G1 X99.37 Y195.21 E.01187
G1 X99.634 Y195.339 E.01594
G1 X99.839 Y195.539 E.01551
G1 X99.97 Y195.793 E.01549
G1 X100.016 Y196.084 E.01596
G1 X99.969 Y196.39 E.0168
G1 X99.898 Y196.539 E.00894
G1 X99.92 Y197.278 E.04006
G1 X99.958 Y197.393 E.00657
G1 X99.992 Y197.787 E.02146
G1 X99.932 Y198.152 E.02004
G1 X99.775 Y198.484 E.01986
G1 X99.622 Y198.679 E.01346
G1 X99.326 Y198.919 E.02065
G1 X99.013 Y199.035 E.01808
G1 X98.69 Y199.045 E.01755
G1 X98.396 Y198.961 E.01653
G1 X98.159 Y198.815 E.01511
G1 X97.831 Y198.47 E.02581
G1 X97.641 Y198.14 E.02065
G1 X97.541 Y197.791 E.01962
G1 X97.523 Y197.378 E.02245
G1 X97.605 Y196.999 E.02102
G1 X97.775 Y196.663 E.0204
G1 X97.916 Y196.51 E.01125
G1 X97.924 Y196.108 E.02179
G1 X98.023 Y195.806 E.01722
G1 X98.207 Y195.542 E.01746
G1 X98.46 Y195.338 E.01762
G1 X98.757 Y195.208 E.01756
G1 X99.069 Y195.164 E.01711
; WIPE_START
G1 X99.37 Y195.21 E-.11565
G1 X99.634 Y195.339 E-.11173
G1 X99.839 Y195.539 E-.10871
G1 X99.97 Y195.793 E-.10861
G1 X100.016 Y196.084 E-.11191
G1 X99.969 Y196.39 E-.11775
G1 X99.898 Y196.539 E-.06269
G1 X99.9 Y196.599 E-.02295
; WIPE_END
G1 E-.04 F1800
M204 S10000
G17
G3 Z47.88 I1.173 J-.326 P1  F60000
G1 X98.202 Y190.488 Z47.88
G1 Z47.48
G1 E.8 F1800
G1 F7915.629
M204 S8000
G1 X98.313 Y190.283 E.01264
G1 X98.45 Y190.138 E.01082
G1 X98.597 Y190.046 E.0094
G1 X98.717 Y190.011 E.00678
G1 X98.843 Y190.009 E.00685
G1 X99.01 Y189.412 E.03361
G1 X99.237 Y189.478 E.01285
G1 X99.508 Y189.662 E.01775
G1 X99.734 Y189.942 E.01949
G1 X99.886 Y190.295 E.02083
G1 X99.951 Y190.702 E.02233
G1 X99.92 Y191.08 E.02056
G1 X99.799 Y191.424 E.01978
G1 X99.591 Y191.726 E.01986
G1 X99.307 Y191.965 E.02013
G1 X98.975 Y192.118 E.01981
G1 X98.631 Y192.166 E.01883
G1 X98.294 Y192.111 E.01846
G1 X97.993 Y191.96 E.01827
G1 X97.748 Y191.723 E.01849
G1 X97.575 Y191.42 E.01893
G1 X97.489 Y191.073 E.01934
G1 X97.5 Y190.707 E.01988
G1 X97.626 Y190.246 E.0259
G1 X97.808 Y189.915 E.02047
G1 X98.054 Y189.654 E.01943
G1 X98.341 Y189.475 E.01837
G1 X98.624 Y189.392 E.01599
G1 X98.928 Y189.388 E.01644
; WIPE_START
G1 X99.237 Y189.478 E-.12249
G1 X99.508 Y189.662 E-.12446
G1 X99.734 Y189.942 E-.13666
G1 X99.886 Y190.295 E-.14605
G1 X99.951 Y190.702 E-.15659
G1 X99.935 Y190.896 E-.07375
; WIPE_END
G1 E-.04 F1800
M204 S10000
G17
G3 Z47.88 I1.204 J-.176 P1  F60000
G1 X98.511 Y181.153 Z47.88
G1 Z47.48
G1 E.8 F1800
G1 F7915.629
M204 S8000
G1 X98.456 Y181.034 E.00713
G1 X98.444 Y180.936 E.00533
G1 X98.456 Y180.812 E.00677
G1 X98.495 Y180.695 E.00669
G1 X98.586 Y180.561 E.00878
G1 X98.702 Y180.463 E.00824
G1 X98.82 Y180.411 E.00699
G1 X99.001 Y180.395 E.00986
G1 X99.097 Y179.782 E.0336
G1 X99.272 Y179.81 E.00962
G1 X99.531 Y179.939 E.01568
G1 X99.733 Y180.141 E.01546
G1 X99.863 Y180.4 E.01572
G1 X99.91 Y180.703 E.01662
G1 X99.871 Y181.026 E.01765
G1 X99.74 Y181.338 E.01835
G1 X99.451 Y181.7 E.02512
G1 X99.4 Y182.575 E.0475
G1 X99.695 Y182.989 E.02753
G1 X99.819 Y183.317 E.01901
G1 X99.853 Y183.651 E.01821
G1 X99.796 Y183.98 E.01807
G1 X99.656 Y184.258 E.01691
G1 X99.446 Y184.473 E.0163
G1 X99.183 Y184.612 E.0161
G1 X98.886 Y184.664 E.01636
G1 X98.559 Y184.62 E.01789
G1 X98.315 Y184.513 E.01442
G1 X98.091 Y184.344 E.0152
G1 X97.899 Y184.108 E.01648
G1 X97.761 Y183.802 E.01821
G1 X97.707 Y183.468 E.01832
G1 X97.742 Y183.135 E.01813
G1 X97.865 Y182.831 E.01779
G1 X98.154 Y182.468 E.02516
G1 X98.1 Y181.627 E.04567
G1 X97.974 Y181.479 E.01057
G1 X97.853 Y181.2 E.01648
G1 X97.82 Y180.947 E.01383
G1 X97.845 Y180.683 E.01437
G1 X97.934 Y180.417 E.01517
G1 X98.121 Y180.141 E.0181
G1 X98.372 Y179.931 E.01776
G1 X98.662 Y179.804 E.01712
G1 X99.012 Y179.769 E.0191
; WIPE_START
G1 X99.272 Y179.81 E-.09982
G1 X99.531 Y179.939 E-.1099
G1 X99.733 Y180.141 E-.10841
G1 X99.863 Y180.4 E-.11022
G1 X99.91 Y180.703 E-.1165
G1 X99.871 Y181.026 E-.12373
G1 X99.778 Y181.248 E-.09142
; WIPE_END
G1 E-.04 F1800
M204 S10000
G17
G3 Z47.88 I-1.192 J.245 P1  F60000
G1 X107.981 Y221.17 Z47.88
G1 Z47.48
G1 E.8 F1800
G1 F7915.629
M204 S8000
G1 X108.048 Y221.167 E.00364
G1 X108.323 Y220.966 E.01845
G1 X108.56 Y220.874 E.01375
G1 X108.835 Y220.841 E.01503
G1 X108.897 Y220.224 E.0336
G1 X109.17 Y220.251 E.01484
G1 X109.575 Y220.385 E.02313
G1 X109.87 Y220.583 E.01929
G1 X110.092 Y220.839 E.01836
G1 X110.228 Y221.131 E.01746
G1 X110.274 Y221.441 E.017
G1 X110.229 Y221.752 E.01701
G1 X110.093 Y222.045 E.01751
G1 X109.87 Y222.302 E.0184
G1 X109.574 Y222.501 E.01933
G1 X108.552 Y222.841 E.05843
G1 X108.332 Y223.01 E.01503
G1 X107.996 Y223.155 E.01981
G1 X107.65 Y223.208 E.01897
G1 X107.322 Y223.169 E.01789
G1 X107.009 Y223.031 E.01856
G1 X106.766 Y222.82 E.01742
G1 X106.624 Y222.604 E.01406
G1 X106.515 Y222.268 E.01914
G1 X106.506 Y221.92 E.01885
G1 X106.59 Y221.557 E.02018
G1 X106.77 Y221.211 E.02114
G1 X107.032 Y220.912 E.02158
G1 X107.357 Y220.689 E.02136
G1 X107.716 Y220.564 E.02059
G1 X107.83 Y220.558 E.0062
G1 X108.024 Y220.417 E.01294
G1 X108.404 Y220.27 E.02214
G1 X108.812 Y220.215 E.02232
; WIPE_START
G1 X109.17 Y220.251 E-.13643
G1 X109.575 Y220.385 E-.16214
G1 X109.87 Y220.583 E-.13521
G1 X110.092 Y220.839 E-.12874
G1 X110.228 Y221.131 E-.12241
G1 X110.257 Y221.327 E-.07507
; WIPE_END
G1 E-.04 F1800
M204 S10000
G17
G3 Z47.88 I1.187 J.269 P1  F60000
G1 X137.616 Y100.755 Z47.88
G1 Z47.48
G1 E.8 F1800
G1 F7915.629
M204 S8000
G1 X137.643 Y100.471 E.01544
G1 X137.599 Y100.165 E.01676
G1 X137.623 Y100.156 E.00143
G1 X137.768 Y99.55 E.0338
G1 X138.053 Y99.651 E.01637
G1 X138.16 Y99.714 E.00675
G1 X138.324 Y99.753 E.00913
G1 X138.54 Y99.85 E.0128
G1 X138.699 Y99.996 E.01172
G1 X138.795 Y100.213 E.01286
G1 X138.823 Y100.438 E.01231
G1 X138.781 Y100.659 E.01221
G1 X138.676 Y100.856 E.01207
G1 X138.554 Y100.985 E.00962
G1 X138.401 Y101.296 E.01882
G1 X138.158 Y101.584 E.02041
G1 X137.912 Y101.75 E.01607
G1 X137.718 Y101.782 E.01065
G1 X137.521 Y101.773 E.0107
G1 X137.318 Y101.697 E.01172
G1 X137.153 Y101.558 E.01175
G1 X137.027 Y101.345 E.01336
G1 X136.965 Y101.053 E.01622
G1 X137.019 Y100.487 E.03083
G1 X136.969 Y100.146 E.01866
G1 X137.005 Y99.932 E.01174
G1 X137.112 Y99.753 E.01133
G1 X137.274 Y99.625 E.01115
G1 X137.48 Y99.549 E.01195
G1 X137.688 Y99.521 E.01135
; WIPE_START
G1 X138.053 Y99.651 E-.14717
G1 X138.16 Y99.714 E-.04736
G1 X138.324 Y99.753 E-.06402
G1 X138.54 Y99.85 E-.08975
G1 X138.699 Y99.996 E-.08215
G1 X138.795 Y100.213 E-.09015
G1 X138.823 Y100.438 E-.08632
G1 X138.781 Y100.659 E-.0856
G1 X138.697 Y100.816 E-.06749
; WIPE_END
G1 E-.04 F1800
M204 S10000
G17
G3 Z47.88 I-.083 J1.214 P1  F60000
G1 X140.418 Y100.934 Z47.88
G1 Z47.48
G1 E.8 F1800
G1 F7915.629
M204 S8000
G1 X140.193 Y100.563 E.02354
G1 X140.176 Y100.506 E.00319
G1 X140.492 Y100.34 E.01932
G1 X140.452 Y99.715 E.03393
G1 X140.555 Y99.717 E.00559
G1 X140.766 Y99.769 E.01176
G1 X140.944 Y99.877 E.01131
G1 X141.086 Y100.049 E.01205
G1 X141.176 Y100.285 E.01373
G1 X141.19 Y100.46 E.00949
G1 X141.101 Y100.707 E.01426
G1 X141.114 Y101.031 E.01754
G1 X141.034 Y101.22 E.01111
G1 X140.832 Y101.454 E.0168
G1 X140.678 Y101.542 E.00962
G1 X140.45 Y101.576 E.01245
G1 X140.17 Y101.509 E.01561
G1 X139.995 Y101.403 E.01109
G1 X139.917 Y101.322 E.00607
G1 X139.726 Y100.97 E.02173
G1 X139.652 Y100.883 E.0062
G1 X139.558 Y100.641 E.01407
G1 X139.554 Y100.397 E.01321
G1 X139.637 Y100.178 E.01271
G1 X139.798 Y100 E.013
G1 X140.367 Y99.714 E.03449
; COOLING_NODE: 0
; WIPE_START
G1 X140.555 Y99.717 E-.07158
G1 X140.766 Y99.769 E-.08243
G1 X140.944 Y99.877 E-.07931
G1 X141.086 Y100.049 E-.08449
G1 X141.176 Y100.285 E-.09629
G1 X141.19 Y100.46 E-.06653
G1 X141.101 Y100.707 E-.09996
G1 X141.114 Y101.031 E-.12296
G1 X141.056 Y101.168 E-.05645
; WIPE_END
G1 E-.04 F1800
M204 S10000
G17
G3 Z47.88 I-1.2 J-.202 P1  F60000
G1 X125.994 Y190.493 Z47.88
G1 Z47.48
G1 E.8 F1800
; FEATURE: Other object
; LINE_WIDTH: 0.45
G1 F11292.473
M204 S8000
G1 X130.807 Y190.493 E.18286
G1 X130.807 Y213.257 E.86483
G1 X125.994 Y213.257 E.18286
G1 X125.994 Y211.407 E.07029
G1 X122.607 Y211.407 E.12868
G1 X122.607 Y212.157 E.02849
G1 X121.794 Y212.157 E.03089
G1 X121.794 Y197.593 E.55329
G1 X122.607 Y197.593 E.03089
G1 X122.607 Y201.593 E.15197
G1 X125.994 Y201.593 E.12868
G1 X125.994 Y190.553 E.41944
; COOLING_NODE: 0
; WIPE_START
G1 X127.993 Y190.529 E-.76
; WIPE_END
G1 E-.04 F1800
M204 S10000
G1 X127.615 Y182.905 Z47.88 F60000
G1 X123.707 Y104.051 Z47.88
G1 Z47.48
G1 E.8 F1800
G1 F11292.473
M204 S8000
G1 X123.707 Y107.879 E.14545
G1 X134.807 Y107.879 E.42172
G1 X134.807 Y111.906 E.15301
G1 X124.807 Y111.906 E.37993
G1 X124.807 Y112.056 E.0057
G1 X124.311 Y112.056 E.01884
G1 X124.311 Y130.743 E.70997
G1 X124.807 Y130.743 E.01884
G1 X124.807 Y171.807 E1.56009
G1 X124.311 Y171.807 E.01884
G1 X124.311 Y189.907 E.68767
G1 X118.807 Y189.907 E.20912
G1 X118.807 Y212.757 E.86813
G1 X101.993 Y212.757 E.63877
G1 X101.993 Y176.907 E1.36204
G1 X98.284 Y176.907 E.14092
G1 X98.293 Y170.093 E.25885
G1 X101.993 Y170.093 E.1406
G1 X101.993 Y147.273 E.86699
G1 X119.993 Y147.273 E.68387
G1 X119.993 Y111.906 E1.34368
G1 X100.993 Y111.906 E.72186
G1 X100.993 Y99.843 E.45831
G1 X102.807 Y99.843 E.06888
G1 X102.807 Y110.093 E.38942
G1 X119.993 Y110.093 E.65298
G1 X119.994 Y97.976 E.46037
G1 X120.011 Y97.787 E.00722
G1 X120.078 Y97.523 E.01036
G1 X120.239 Y97.208 E.01342
G1 X120.473 Y96.944 E.01342
G1 X120.729 Y96.765 E.01185
G1 X120.881 Y96.694 E.00641
G1 X121.093 Y96.631 E.00838
G1 X121.64 Y96.792 E.02168
G1 X122.845 Y97.269 E.04921
G1 X123.31 Y97.408 E.01844
G1 X123.818 Y97.485 E.01954
G1 X124.383 Y97.441 E.02154
G1 X125.054 Y97.154 E.02771
G1 X125.381 Y96.593 E.02464
G1 X125.619 Y96.593 E.00907
G1 X125.768 Y96.721 E.00743
G1 X126.277 Y97.257 E.02809
G1 X126.812 Y97.54 E.02299
G1 X127.305 Y97.692 E.01961
G1 X127.783 Y97.768 E.01838
G1 X128.255 Y97.785 E.01796
G1 X128.729 Y97.744 E.01807
G1 X129.212 Y97.638 E.01877
G1 X129.717 Y97.441 E.02061
G1 X130.277 Y97.062 E.02568
G1 X130.569 Y96.593 E.02098
G1 X130.824 Y96.593 E.00969
G1 X131.133 Y96.852 E.01528
G1 X131.734 Y97.088 E.02456
G1 X132.307 Y97.074 E.02178
G1 X132.78 Y96.977 E.01835
G1 X133.586 Y96.749 E.0318
G1 X133.877 Y96.684 E.01136
G1 X134.162 Y96.82 E.01197
G1 X134.327 Y96.944 E.00785
G1 X134.5 Y97.127 E.00958
G1 X134.615 Y97.294 E.00769
G1 X134.721 Y97.523 E.00959
G1 X134.777 Y97.722 E.00783
G1 X134.804 Y97.937 E.00826
G1 X134.806 Y104.051 E.23226
G1 X123.767 Y104.051 E.41943
; COOLING_NODE: 0
M204 S250
G1 X124.09 Y104.434 F60000
; FEATURE: Other object
; LINE_WIDTH: 0.42
G1 F8504.623
M204 S5000
G1 X124.09 Y104.696 E.00918
G1 F7774.166
G1 X124.09 Y105.096 E.01405
G1 F6719.812
G1 X124.09 Y105.496 E.01405
G1 F5742.258
G1 X124.09 Y105.896 E.01405
G1 F4841.503
G1 X124.09 Y106.296 E.01405
G1 F4017.549
G1 X124.09 Y106.696 E.01405
G1 F3270.395
G1 X124.09 Y107.096 E.01405
G1 F2600.04
G1 X124.09 Y107.496 E.01405
G1 F2006.486
G1 X124.131 Y107.496 E.00144
G1 F1950
G1 X135.19 Y107.496 E.38853
G1 F2100
G1 X135.19 Y107.695 E.00699
G1 F2706.344
G1 X135.19 Y108.095 E.01405
G1 F3389.487
G1 X135.19 Y108.495 E.01405
G1 F4149.431
G1 X135.19 Y108.895 E.01405
G1 F4986.175
G1 X135.19 Y109.295 E.01405
G1 F5899.718
G1 X135.19 Y109.695 E.01405
G1 F6890.062
G1 X135.19 Y110.095 E.01405
G1 F7957.206
G1 X135.19 Y110.495 E.01405
G1 F9101.149
G1 X135.19 Y110.895 E.01405
G1 F10321.893
G1 X135.19 Y111.295 E.01405
G1 F11619.437
G1 X135.19 Y111.695 E.01405
G1 F12000
G1 X135.19 Y112.29 E.02091
G1 X125.19 Y112.29 E.35132
G1 X125.19 Y112.44 E.00527
G1 X124.694 Y112.44 E.01742
G1 X124.694 Y130.36 E.62957
G1 X125.19 Y130.36 E.01742
G1 X125.19 Y172.19 E1.46959
G1 X124.694 Y172.19 E.01742
G1 X124.694 Y190.11 E.62957
G1 X131.19 Y190.11 E.22821
G1 X131.19 Y213.64 E.82667
G1 X125.61 Y213.64 E.19604
G1 X125.61 Y211.79 E.06499
G1 X122.99 Y211.79 E.09205
G1 X122.99 Y212.54 E.02635
G1 X121.41 Y212.54 E.05551
G1 X121.41 Y197.21 E.53858
G1 X122.99 Y197.21 E.05551
G1 X122.99 Y201.21 E.14053
G1 X125.61 Y201.21 E.09205
G1 X125.61 Y190.29 E.38365
G1 X119.19 Y190.29 E.22555
G1 X119.19 Y213.14 E.80278
G1 X101.61 Y213.14 E.61763
G1 X101.61 Y177.29 E1.2595
G1 X97.9 Y177.29 E.13033
G1 X97.91 Y169.71 E.2663
G1 X101.61 Y169.71 E.13
G1 X101.61 Y146.89 E.80172
G1 X119.61 Y146.89 E.63238
G1 X119.61 Y112.29 E1.21558
G1 X100.61 Y112.29 E.66752
G1 X100.61 Y99.46 E.45075
G1 X103.19 Y99.46 E.09064
G1 X103.19 Y109.71 E.36011
G1 X119.61 Y109.71 E.57687
G1 X119.611 Y97.959 E.41283
G1 X119.666 Y97.559 E.01422
G1 X119.807 Y97.184 E.01408
G1 X119.921 Y96.992 E.00784
G1 X120.058 Y96.816 E.00783
G1 X120.354 Y96.548 E.01403
G1 X120.544 Y96.428 E.00789
G1 X120.738 Y96.337 E.0075
G1 X121.099 Y96.238 E.01315
G1 X121.769 Y96.431 E.02452
G1 X122.971 Y96.906 E.04539
G1 X123.394 Y97.033 E.01552
G1 X123.832 Y97.099 E.01558
G1 X124.291 Y97.064 E.01615
G1 X124.786 Y96.851 E.01895
G1 X125.16 Y96.21 E.02608
G1 X125.762 Y96.21 E.02113
G1 X126.032 Y96.443 E.01255
G1 X126.511 Y96.948 E.02444
G1 X126.959 Y97.184 E.01779
G1 X127.392 Y97.318 E.01592
G1 X127.82 Y97.386 E.01521
G1 X128.245 Y97.401 E.01496
G1 X128.671 Y97.364 E.01503
G1 X129.101 Y97.27 E.01544
G1 X129.538 Y97.1 E.01649
G1 X129.994 Y96.79 E.01938
G1 X130.356 Y96.21 E.02402
G1 X130.964 Y96.21 E.02133
G1 X131.331 Y96.518 E.01684
G1 X131.802 Y96.703 E.01779
G1 X132.264 Y96.692 E.01621
G1 X132.69 Y96.605 E.01527
G1 X133.491 Y96.377 E.02928
G1 X133.902 Y96.286 E.01478
G1 X134.137 Y96.369 E.00876
G1 X134.371 Y96.497 E.00935
G1 X134.583 Y96.657 E.00936
G1 X134.8 Y96.885 E.01105
G1 X134.949 Y97.104 E.0093
G1 X135.082 Y97.389 E.01106
G1 X135.154 Y97.645 E.00935
G1 X135.188 Y97.913 E.00949
G1 X135.188 Y99.835 E.06753
G1 X135.188 Y100.235 E.01405
G1 F11619.437
G1 X135.189 Y100.635 E.01405
G1 F10321.893
G1 X135.189 Y101.035 E.01405
G1 F9101.149
G1 X135.189 Y101.435 E.01405
G1 F7957.206
G1 X135.189 Y101.835 E.01405
G1 F6890.062
G1 X135.189 Y102.235 E.01405
G1 F5899.718
G1 X135.189 Y102.635 E.01405
G1 F4986.175
G1 X135.189 Y103.035 E.01405
G1 F4149.431
G1 X135.19 Y103.435 E.01405
G1 F3389.487
G1 X135.19 Y103.835 E.01405
G1 F2706.344
G1 X135.19 Y104.235 E.01405
G1 F2100
G1 X135.19 Y104.434 E.00699
G1 F1950
G1 X124.15 Y104.434 E.38786
M204 S10000
G1 X123.737 Y103.602 F60000
; FEATURE: Other object
; LINE_WIDTH: 0.551564
G1 F8998.921
M204 S8000
G1 X134.297 Y103.602 E.50344
; WIPE_START
G1 X132.297 Y103.602 E-.76
; WIPE_END
G1 E-.04 F1800
M204 S10000
G17
G3 Z47.88 I-.588 J-1.065 P1  F60000
G1 X123.737 Y108.328 Z47.88
G1 Z47.48
G1 E.8 F1800
G1 F8998.921
M204 S8000
G1 X134.297 Y108.328 E.50346
; WIPE_START
G1 X132.297 Y108.328 E-.76
; WIPE_END
G1 E-.04 F1800
M204 S10000
G1 X125.371 Y111.534 Z47.88 F60000
G1 X125.303 Y111.566 Z47.88
G1 Z47.48
G1 E.8 F1800
; FEATURE: Other object
; LINE_WIDTH: 0.45
G1 F11292.473
M204 S8000
G1 X124.466 Y111.566 E.03182
G1 X124.466 Y111.716 E.0057
G1 X123.97 Y111.716 E.01884
G1 X123.97 Y111.826 E.0042
G1 X120.335 Y108.191 E.19532
G1 X120.335 Y106.612 E.06
G1 X123.288 Y103.658 E.15868
G1 X123.288 Y103.63 E.00107
G1 X120.335 Y100.677 E.15867
G1 X120.335 Y99.097 E.06003
G1 X122.094 Y97.338 E.09451
G1 X122.733 Y97.591 E.02611
G1 X123.235 Y97.742 E.01991
G1 X123.806 Y97.828 E.02193
G1 X124.466 Y97.777 E.02515
G1 X124.804 Y97.632 E.01397
G1 X130.324 Y103.152 E.29661
G1 X131.308 Y103.152 E.03739
G1 X134.464 Y99.997 E.16955
G1 X134.464 Y99.778 E.00831
G1 X132.106 Y97.42 E.12666
G1 X131.674 Y97.431 E.01645
G1 X130.956 Y97.149 E.02928
G1 X130.738 Y96.966 E.0108
G1 X130.528 Y97.304 E.01511
G1 X129.877 Y97.745 E.02989
G1 X129.311 Y97.966 E.02309
G1 X128.889 Y98.058 E.01641
G1 X123.794 Y103.152 E.27372
G1 X125.388 Y103.152 E.06056
; WIPE_START
G1 X123.794 Y103.152 E-.60572
G1 X124.081 Y102.865 E-.15428
; WIPE_END
G1 E-.04 F1800
M204 S10000
G1 X119.352 Y108.856 Z47.88 F60000
G1 X118.106 Y110.434 Z47.88
G1 Z47.48
G1 E.8 F1800
G1 F11292.473
M204 S8000
G1 X116.512 Y110.434 E.06056
G1 X115.381 Y111.566 E.06077
G1 X116.195 Y111.566 E.03094
G1 X115.064 Y110.434 E.06077
G1 X108.998 Y110.434 E.23047
G1 X107.867 Y111.566 E.06077
G1 X108.681 Y111.566 E.03094
G1 X107.55 Y110.434 E.06077
G1 X105.956 Y110.434 E.06056
; WIPE_START
G1 X107.55 Y110.434 E-.60571
G1 X107.837 Y110.722 E-.15429
; WIPE_END
G1 E-.04 F1800
M204 S10000
G1 X101.947 Y111.566 Z47.88 F60000
G1 Z47.48
G1 E.8 F1800
G1 F11292.473
M204 S8000
G1 X101.334 Y111.566 E.02326
G1 X101.334 Y110.584 E.0373
G1 X102.466 Y109.453 E.06077
G1 X102.466 Y105.35 E.15587
G1 X101.334 Y104.219 E.06077
G1 X101.334 Y103.07 E.04367
G1 X102.466 Y101.938 E.06077
G1 X102.466 Y100.344 E.06056
; WIPE_START
G1 X102.466 Y101.938 E-.60571
G1 X102.178 Y102.226 E-.15429
; WIPE_END
G1 E-.04 F1800
M204 S10000
G1 X102.204 Y109.858 Z47.88 F60000
G1 X102.334 Y148.71 Z47.88
G1 Z47.48
G1 E.8 F1800
G1 F11292.473
M204 S8000
G1 X102.334 Y150.304 E.06056
G1 X123.97 Y171.939 E1.16246
G1 X123.97 Y171.466 E.01798
G1 X124.466 Y171.466 E.01884
G1 X124.466 Y170.108 E.05159
G1 X119.765 Y174.809 E.25258
G1 X119.341 Y174.385 E.02277
G1 X119.121 Y174.604 E.0118
G1 X102.334 Y157.818 E.90194
G1 X102.334 Y154.668 E.11965
G1 X109.388 Y147.614 E.379
G1 X107.159 Y147.614 E.08468
G1 X124.466 Y164.921 E.92985
G1 X124.466 Y162.594 E.08841
G1 X115.053 Y172.006 E.50573
G1 X114.629 Y171.582 E.02277
G1 X111.607 Y174.604 E.16238
G1 X102.334 Y165.332 E.49822
G1 X102.334 Y162.182 E.11965
G1 X116.902 Y147.614 E.78273
G1 X114.674 Y147.614 E.08468
G1 X124.466 Y157.406 E.52612
G1 X124.466 Y155.079 E.08841
G1 X107.796 Y171.749 E.89566
G1 X107.372 Y171.325 E.02277
G1 X104.093 Y174.604 E.17618
G1 X99.923 Y170.434 E.22405
G1 X98.633 Y170.434 E.049
G1 X98.631 Y172.553 E.08047
G1 X99.797 Y171.387 E.06264
G1 X100.22 Y171.811 E.02277
G1 X101.596 Y170.434 E.07394
G1 X102.334 Y170.434 E.02804
G1 X102.334 Y169.696 E.02804
G1 X124.466 Y147.565 E1.1891
G1 X124.466 Y149.892 E.08841
G1 X120.334 Y145.761 E.22196
G1 X120.334 Y144.182 E.05999
G1 X124.466 Y140.051 E.22196
G1 X124.466 Y142.378 E.08841
G1 X120.334 Y138.247 E.22196
G1 X120.334 Y136.668 E.05999
G1 X124.466 Y132.537 E.22196
G1 X124.466 Y134.864 E.08841
G1 X120.334 Y130.733 E.22196
G1 X120.334 Y129.154 E.05999
G1 X123.97 Y125.519 E.19532
G1 X123.97 Y126.854 E.05074
G1 X120.334 Y123.219 E.19532
G1 X120.334 Y121.64 E.05999
G1 X123.97 Y118.005 E.19532
G1 X123.97 Y119.34 E.05073
G1 X120.334 Y115.705 E.19532
G1 X120.334 Y114.126 E.05999
G1 X125.683 Y108.778 E.28736
G1 X128.435 Y108.778 E.10458
G1 X131.223 Y111.566 E.14979
G1 X130.409 Y111.566 E.03094
G1 X133.197 Y108.778 E.14979
G1 X134.466 Y108.778 E.0482
G1 X134.466 Y109.103 E.01236
; WIPE_START
G1 X134.466 Y108.778 E-.12359
G1 X133.197 Y108.778 E-.48213
G1 X132.91 Y109.065 E-.15429
; WIPE_END
G1 E-.04 F1800
M204 S10000
G1 X131.907 Y116.631 Z47.88 F60000
G1 X123.97 Y176.524 Z47.88
G1 Z47.48
G1 E.8 F1800
G1 F11292.473
M204 S8000
G1 X123.97 Y178.118 E.06056
G1 X123.522 Y178.566 E.02407
G1 X123.946 Y178.989 E.02277
G1 X123.726 Y179.209 E.0118
G1 X123.97 Y179.453 E.0131
G1 X123.97 Y181.047 E.06056
; WIPE_START
G1 X123.97 Y179.453 E-.60571
G1 X123.726 Y179.209 E-.13105
G1 X123.769 Y179.166 E-.02324
; WIPE_END
G1 E-.04 F1800
M204 S10000
G1 X123.487 Y179.134 Z47.88 F60000
G1 Z47.48
G1 E.8 F1800
; FEATURE: Other object
; LINE_WIDTH: 0.40348
; LAYER_HEIGHT: 0.4
G1 F1500
M204 S8000
G1 X119.339 Y174.986 E.29796
G1 X119.019 Y175.307 E.02303
G1 X123.023 Y179.312 E.28767
G1 X122.703 Y179.632 E.02303
G1 X118.698 Y175.628 E.28767
G1 X118.386 Y175.939 E.02239
G1 X114.629 Y172.182 E.26987
G1 X114.62 Y172.191 E.00065
G1 X122.382 Y179.953 E.55755
G1 X122.061 Y180.274 E.02303
G1 X114.299 Y172.512 E.55755
G1 X113.979 Y172.832 E.02303
G1 X121.741 Y180.594 E.55755
G1 X121.42 Y180.915 E.02303
G1 X113.658 Y173.153 E.55755
G1 X113.338 Y173.474 E.02303
G1 X123.944 Y184.08 E.76188
G1 X123.944 Y184.722 E.03257
G1 X113.017 Y173.794 E.78492
G1 X112.696 Y174.115 E.02303
G1 X123.944 Y185.363 E.80795
G1 X123.944 Y186.004 E.03257
G1 X112.376 Y174.436 E.83098
G1 X112.055 Y174.756 E.02303
G1 X123.574 Y186.275 E.82742
G1 X123.253 Y186.596 E.02303
G1 X111.734 Y175.077 E.82742
G1 X111.414 Y175.398 E.02303
G1 X122.932 Y186.917 E.82742
G1 X122.612 Y187.237 E.02303
G1 X107.336 Y171.961 E1.09729
G1 X107.015 Y172.282 E.02303
G1 X122.291 Y187.558 E1.09729
G1 X121.97 Y187.879 E.02303
G1 X106.695 Y172.603 E1.09729
G1 X106.374 Y172.923 E.02303
G1 X121.65 Y188.199 E1.09729
G1 X121.329 Y188.52 E.02303
G1 X106.053 Y173.244 E1.09729
G1 X105.733 Y173.565 E.02303
G1 X121.708 Y189.54 E1.14752
G1 X121.066 Y189.54 E.03257
G1 X105.412 Y173.885 E1.12449
G1 X105.091 Y174.206 E.02303
G1 X120.425 Y189.54 E1.10146
G1 X119.784 Y189.54 E.03257
G1 X104.771 Y174.527 E1.07842
G1 X104.45 Y174.847 E.02303
G1 X119.143 Y189.54 E1.05539
G1 X118.501 Y189.54 E.03257
G1 X104.129 Y175.168 E1.03236
G1 X103.809 Y175.489 E.02303
G1 X118.44 Y190.12 E1.05098
G1 X118.44 Y190.761 E.03257
G1 X99.731 Y172.052 E1.34389
G1 X99.41 Y172.373 E.02303
G1 X118.44 Y191.403 E1.36692
G1 X118.44 Y192.044 E.03257
G1 X99.09 Y172.694 E1.38996
G1 X98.793 Y172.99 E.02132
G1 X98.753 Y172.998 E.00207
G1 X118.44 Y192.685 E1.41416
G1 X118.44 Y193.326 E.03257
G1 X102.36 Y177.247 E1.15503
G1 X102.36 Y177.888 E.03257
G1 X118.44 Y193.968 E1.15503
G1 X118.44 Y194.609 E.03257
G1 X102.36 Y178.529 E1.15503
G1 X102.36 Y179.171 E.03257
G1 X118.44 Y195.25 E1.15503
G1 X118.44 Y195.892 E.03257
G1 X102.36 Y179.812 E1.15503
G1 X102.36 Y180.453 E.03257
G1 X118.44 Y196.533 E1.15503
G1 X118.44 Y197.174 E.03257
G1 X102.36 Y181.095 E1.15503
G1 X102.36 Y181.736 E.03257
M73 P78 R46
G1 X118.44 Y197.816 E1.15503
G1 X118.44 Y198.457 E.03257
G1 X102.36 Y182.377 E1.15503
G1 X102.36 Y183.019 E.03257
G1 X118.44 Y199.098 E1.15503
G1 X118.44 Y199.74 E.03257
G1 X102.36 Y183.66 E1.15503
G1 X102.36 Y184.301 E.03257
G1 X118.44 Y200.381 E1.15503
G1 X118.44 Y201.022 E.03257
G1 X102.36 Y184.943 E1.15503
G1 X102.36 Y185.584 E.03257
G1 X118.44 Y201.664 E1.15503
G1 X118.44 Y202.305 E.03257
G1 X102.36 Y186.225 E1.15503
G1 X102.36 Y186.866 E.03257
G1 X118.44 Y202.946 E1.15503
G1 X118.44 Y203.588 E.03257
G1 X102.36 Y187.508 E1.15503
G1 X102.36 Y188.149 E.03257
G1 X118.44 Y204.229 E1.15503
G1 X118.44 Y204.87 E.03257
G1 X102.36 Y188.79 E1.15503
G1 X102.36 Y189.432 E.03257
G1 X118.44 Y205.512 E1.15503
G1 X118.44 Y206.153 E.03257
G1 X102.36 Y190.073 E1.15503
G1 X102.36 Y190.714 E.03257
G1 X118.44 Y206.794 E1.15503
G1 X118.44 Y207.435 E.03257
M73 P79 R46
G1 X102.36 Y191.356 E1.15503
G1 X102.36 Y191.997 E.03257
G1 X118.44 Y208.077 E1.15503
G1 X118.44 Y208.718 E.03257
G1 X102.36 Y192.638 E1.15503
G1 X102.36 Y193.28 E.03257
G1 X118.44 Y209.359 E1.15503
G1 X118.44 Y210.001 E.03257
G1 X102.36 Y193.921 E1.15503
G1 X102.36 Y194.562 E.03257
G1 X118.44 Y210.642 E1.15503
G1 X118.44 Y211.283 E.03257
G1 X102.36 Y195.204 E1.15503
G1 X102.36 Y195.845 E.03257
G1 X118.44 Y211.925 E1.15503
G1 X118.44 Y212.39 E.02363
G1 X118.264 Y212.39 E.00895
G1 X102.36 Y196.486 E1.14238
G1 X102.36 Y197.128 E.03257
G1 X117.622 Y212.39 E1.09631
G1 X116.981 Y212.39 E.03257
G1 X102.36 Y197.769 E1.05025
G1 X102.36 Y198.41 E.03257
G1 X116.34 Y212.39 E1.00418
G1 X115.698 Y212.39 E.03257
G1 X102.36 Y199.052 E.95811
G1 X102.36 Y199.693 E.03257
G1 X115.057 Y212.39 E.91205
G1 X114.416 Y212.39 E.03257
G1 X102.36 Y200.334 E.86598
G1 X102.36 Y200.975 E.03257
G1 X113.775 Y212.39 E.81991
G1 X113.133 Y212.39 E.03257
G1 X102.36 Y201.617 E.77385
G1 X102.36 Y202.258 E.03257
G1 X112.492 Y212.39 E.72778
G1 X111.851 Y212.39 E.03257
G1 X102.36 Y202.899 E.68171
G1 X102.36 Y203.541 E.03257
G1 X111.209 Y212.39 E.63565
G1 X110.568 Y212.39 E.03257
G1 X102.36 Y204.182 E.58958
G1 X102.36 Y204.823 E.03257
G1 X109.927 Y212.39 E.54351
G1 X109.285 Y212.39 E.03257
G1 X102.36 Y205.465 E.49745
G1 X102.36 Y206.106 E.03257
G1 X108.644 Y212.39 E.45138
G1 X108.003 Y212.39 E.03257
G1 X102.36 Y206.747 E.40531
G1 X102.36 Y207.389 E.03257
G1 X107.361 Y212.39 E.35925
G1 X106.72 Y212.39 E.03257
G1 X102.36 Y208.03 E.31318
G1 X102.36 Y208.671 E.03257
G1 X106.079 Y212.39 E.26711
G1 X105.437 Y212.39 E.03257
G1 X102.36 Y209.313 E.22105
G1 X102.36 Y209.954 E.03257
G1 X104.796 Y212.39 E.17498
G1 X104.155 Y212.39 E.03257
G1 X102.36 Y210.595 E.12891
G1 X102.36 Y211.237 E.03257
G1 X103.513 Y212.39 E.08285
G1 X102.872 Y212.39 E.03257
G1 X102.158 Y211.675 E.05133
; WIPE_START
G1 X102.872 Y212.39 E-.384
G1 X103.513 Y212.39 E-.2437
G1 X103.267 Y212.144 E-.1323
; WIPE_END
G1 E-.04 F1800
M204 S10000
G1 X110.287 Y209.147 Z47.88 F60000
G1 X122.134 Y204.089 Z47.88
G1 Z47.48
G1 E.8 F1800
; FEATURE: Other object
; LINE_WIDTH: 0.45
; LAYER_HEIGHT: 0.24
G1 F11292.473
M204 S8000
G1 X122.134 Y202.495 E.06056
G1 X122.496 Y202.134 E.01942
G1 X122.774 Y202.134 E.01057
G1 X122.774 Y201.934 E.00757
G1 X123.909 Y201.934 E.04312
G1 X130.466 Y208.491 E.35228
G1 X130.466 Y209.192 E.02664
G1 X126.742 Y212.916 E.20006
G1 X127.376 Y212.916 E.02408
G1 X126.334 Y211.874 E.05596
G1 X126.334 Y211.066 E.03072
G1 X125.526 Y211.066 E.03072
G1 X122.134 Y207.674 E.18223
G1 X122.134 Y210.009 E.08872
G1 X130.466 Y201.678 E.44763
G1 X130.466 Y200.977 E.02664
G1 X126.334 Y196.846 E.22196
G1 X126.334 Y198.295 E.05506
G1 X130.466 Y194.164 E.22196
G1 X130.466 Y193.463 E.02664
G1 X127.837 Y190.834 E.14122
G1 X126.334 Y190.834 E.05709
G1 X126.334 Y190.926 E.00347
; WIPE_START
G1 X126.334 Y190.834 E-.03469
G1 X127.837 Y190.834 E-.57103
G1 X128.124 Y191.122 E-.15429
; WIPE_END
G1 E-.04 F1800
M204 S10000
G1 X123.726 Y186.723 Z47.88 F60000
G1 Z47.48
G1 E.8 F1800
G1 F11292.473
M204 S8000
G1 X123.97 Y186.967 E.0131
; WIPE_START
G1 X123.726 Y186.723 E-.76
; WIPE_END
G1 E-.04 F1800
M204 S10000
G1 X122.684 Y194.284 Z47.88 F60000
G1 X122.2 Y197.793 Z47.88
G1 Z47.48
G1 E.8 F1800
; FEATURE: Other object
; LINE_WIDTH: 0.466044
G1 F10855.407
M204 S8000
G1 X122.2 Y201.793 E.15809
; WIPE_START
G1 X122.2 Y199.793 E-.76
; WIPE_END
G1 E-.04 F1800
M204 S10000
G1 X116.891 Y194.309 Z47.88 F60000
G1 X98.45 Y175.261 Z47.88
G1 Z47.48
G1 E.8 F1800
; FEATURE: Other object
; LINE_WIDTH: 0.40348
; LAYER_HEIGHT: 0.4
G1 F1500
M204 S8000
G1 X99.729 Y176.54 E.09187
G1 X100.371 Y176.54 E.03257
G1 X98.653 Y174.823 E.12335
G1 X98.654 Y174.182 E.03253
G1 X101.012 Y176.54 E.16936
G1 X101.653 Y176.54 E.03257
G1 X98.453 Y173.339 E.2299
; CHANGE_LAYER
; Z_HEIGHT: 47.72
; LAYER_HEIGHT: 0.240002
; WIPE_START
G1 F1500
G1 X99.867 Y174.754 E-.76
; WIPE_END
G1 E-.04 F1800
; FEATURE: Other object
; stop printing object, unique label id: 1901
M625
; layer num/total_layer_count: 199/258
; update layer progress
M73 L199
M991 S0 P198 ;notify layer change
M106 S86.7
; OBJECT_ID: 1902
; FEATURE: Other object
; start printing object, unique label id: 1902
M624 AgAAAAAAAAA=
M204 S10000
G17
G3 Z47.88 I.41 J1.146 P1  F60000
G1 X188.799 Y142.933 Z47.88
G1 Z47.72
G1 E.8 F1800
; FEATURE: Support interface
; LINE_WIDTH: 0.62
G1 F4800
M204 S8000
G1 X189.365 Y143.499 E.04338
; WIPE_START
; WIPE_END
G1 E-.8 F1800
M204 S10000
G17
G3 Z48.12 I-.335 J1.17 P1  F60000
G1 X191.483 Y144.106 Z48.12
G1 Z47.72
G1 E.8 F1800
G1 F4800
M204 S8000
G1 X190.781 Y143.404 E.05383
G1 X190.794 Y143.188 E.01173
G1 X190.893 Y142.83 E.02012
G1 X191.074 Y142.358 E.02741
G1 X191.142 Y142.254 E.00674
G1 X191.645 Y142.756 E.03849
; WIPE_START
; WIPE_END
G1 E-.8 F1800
M204 S10000
G17
G3 Z48.12 I.861 J-.861 P1  F60000
G1 X190.03 Y141.142 Z48.12
G1 Z47.72
G1 E.8 F1800
G1 F4800
M204 S8000
G1 X189.599 Y140.711 E.03303
G1 X189.541 Y140.694 E.00326
G1 X189.36 Y140.696 E.00984
G1 X188.676 Y140.574 E.03765
G1 X188.242 Y140.33 E.027
G1 X187.923 Y140.256 E.01775
G1 X187.736 Y140.251 E.01012
G1 X187.649 Y140.272 E.00484
G1 X188.519 Y141.142 E.06668
; WIPE_START
; WIPE_END
G1 E-.8 F1800
M204 S10000
G17
G3 Z48.12 I1.2 J.205 P1  F60000
G1 X189.181 Y137.27 Z48.12
G1 Z47.72
G1 E.8 F1800
G1 F4800
M204 S8000
G1 X188.111 Y136.2 E.08202
; WIPE_START
; WIPE_END
G1 E-.8 F1800
M204 S10000
G17
G3 Z48.12 I1.206 J.165 P1  F60000
G1 X188.292 Y134.871 Z48.12
G1 Z47.72
G1 E.8 F1800
G1 F4800
M204 S8000
G1 X187.401 Y133.98 E.06829
; WIPE_START
; WIPE_END
G1 E-.8 F1800
M204 S10000
G17
G3 Z48.12 I-.351 J1.165 P1  F60000
G1 X189.563 Y134.631 Z48.12
G1 Z47.72
G1 E.8 F1800
G1 F4800
M204 S8000
G1 X190.317 Y135.384 E.05775
; WIPE_START
; WIPE_END
G1 E-.8 F1800
M204 S10000
G17
G3 Z48.12 I.325 J1.173 P1  F60000
G1 X192.683 Y134.728 Z48.12
G1 Z47.72
G1 E.8 F1800
G1 F4800
M204 S8000
G1 X193.782 Y135.827 E.08422
; WIPE_START
; WIPE_END
G1 E-.8 F1800
M204 S10000
G17
G3 Z48.12 I-1.204 J.174 P1  F60000
G1 X194.038 Y137.594 Z48.12
G1 Z47.72
G1 E.8 F1800
G1 F4800
M204 S8000
G1 X194.671 Y138.228 E.04857
; WIPE_START
; WIPE_END
G1 E-.8 F1800
M204 S10000
G17
G3 Z48.12 I-.061 J1.215 P1  F60000
G1 X196.262 Y138.307 Z48.12
G1 Z47.72
G1 E.8 F1800
G1 F4800
M204 S8000
G1 X196.918 Y138.964 E.05032
; WIPE_START
; WIPE_END
G1 E-.8 F1800
M204 S10000
G17
G3 Z48.12 I-.866 J-.855 P1  F60000
G1 X196.103 Y139.79 Z48.12
G1 Z47.72
G1 E.8 F1800
G1 F4800
M204 S8000
G1 X196.234 Y139.885 E.00878
G1 X196.319 Y140.036 E.00938
G1 X196.364 Y140.238 E.01122
G1 X196.344 Y140.432 E.01058
G1 X196.285 Y140.565 E.00791
G1 X196.23 Y140.612 E.00389
G1 X196.193 Y140.617 E.00202
G1 X196.132 Y140.592 E.00359
G1 X196.027 Y140.493 E.00778
G1 X195.924 Y140.297 E.01201
G1 X195.892 Y140.076 E.01212
G1 X195.921 Y139.958 E.00658
; WIPE_START
; WIPE_END
G1 E-.8 F1800
M204 S10000
G17
G3 Z48.12 I-.623 J-1.046 P1  F60000
G1 X194.328 Y140.907 Z48.12
G1 Z47.72
G1 E.8 F1800
G1 F4800
M204 S8000
G1 X193.337 Y139.916 E.07596
; WIPE_START
; WIPE_END
G1 E-.8 F1800
M204 S10000
G17
G3 Z48.12 I.688 J-1.004 P1  F60000
G1 X192.054 Y139.036 Z48.12
G1 Z47.72
G1 E.8 F1800
G1 F4800
M204 S8000
G1 X192.247 Y139.149 E.0121
G1 X192.276 Y139.225 E.00439
G1 X192.232 Y139.32 E.00568
G1 X192.014 Y139.447 E.01371
G1 X191.744 Y139.471 E.01466
G1 X191.582 Y139.437 E.00901
G1 X191.438 Y139.365 E.00871
G1 X191.392 Y139.323 E.00339
G1 X191.364 Y139.264 E.00352
G1 X191.39 Y139.209 E.0033
G1 X191.453 Y139.146 E.00482
G1 X191.59 Y139.066 E.00858
G1 X191.771 Y139.024 E.01009
; WIPE_START
; WIPE_END
G1 E-.8 F1800
M204 S10000
G17
G3 Z48.12 I-1.103 J.514 P1  F60000
G1 X193.898 Y143.593 Z48.12
G1 Z47.72
G1 E.8 F1800
G1 F4800
M204 S8000
G1 X193.938 Y143.603 E.00224
G1 X193.987 Y143.675 E.00472
G1 X193.973 Y143.842 E.00912
G1 X193.84 Y144.067 E.01412
G1 X193.609 Y144.242 E.01573
G1 X193.391 Y144.303 E.01228
G1 X193.329 Y144.294 E.00343
G1 X193.296 Y144.261 E.00251
G1 X193.283 Y144.209 E.00293
G1 X193.295 Y144.103 E.00574
G1 X193.359 Y143.936 E.00973
G1 X193.476 Y143.777 E.01069
G1 X193.629 Y143.66 E.01042
; WIPE_START
; WIPE_END
G1 E-.8 F1800
M204 S10000
G17
G3 Z48.12 I.074 J1.215 P1  F60000
G1 X195.05 Y143.574 Z48.12
G1 Z47.72
G1 E.8 F1800
G1 F4800
M204 S8000
G1 X195.108 Y143.583 E.00318
G1 X195.303 Y143.676 E.01171
G1 X195.466 Y143.801 E.01114
G1 X195.596 Y143.967 E.01141
G1 X195.666 Y144.129 E.00957
G1 X195.679 Y144.242 E.00615
G1 X195.664 Y144.277 E.00206
G1 X195.633 Y144.296 E.00202
G1 X195.532 Y144.303 E.00544
G1 X195.297 Y144.239 E.01323
G1 X195.01 Y144.028 E.0193
G1 X194.866 Y143.808 E.01424
G1 X194.837 Y143.693 E.00643
; WIPE_START
; WIPE_END
G1 E-.8 F1800
M204 S10000
G17
G3 Z48.12 I.336 J1.17 P1  F60000
G1 X197.781 Y142.849 Z48.12
G1 Z47.72
G1 E.8 F1800
G1 F4800
M204 S8000
G1 X198.475 Y143.542 E.05317
; WIPE_START
; WIPE_END
G1 E-.8 F1800
M204 S10000
G17
G3 Z48.12 I.032 J1.217 P1  F60000
G1 X199.763 Y143.509 Z48.12
G1 Z47.72
G1 E.8 F1800
G1 F4800
M204 S8000
G1 X199.899 Y143.626 E.00972
G1 X200 Y143.793 E.01057
G1 X200.048 Y143.987 E.01083
G1 X200.036 Y144.161 E.00945
G1 X199.994 Y144.268 E.0062
G1 X199.954 Y144.299 E.00276
G1 X199.848 Y144.272 E.00588
G1 X199.674 Y144.127 E.01226
G1 X199.559 Y143.916 E.01305
G1 X199.528 Y143.696 E.01205
G1 X199.552 Y143.61 E.00486
; WIPE_START
; WIPE_END
G1 E-.8 F1800
M204 S10000
G17
G3 Z48.12 I.641 J1.034 P1  F60000
G1 X201.727 Y142.261 Z48.12
G1 Z47.72
G1 E.8 F1800
G1 F4800
M204 S8000
G1 X203.715 Y144.249 E.15238
; WIPE_START
; WIPE_END
G1 E-.8 F1800
M204 S10000
G17
G3 Z48.12 I1.214 J-.091 P1  F60000
G1 X203.593 Y142.616 Z48.12
G1 Z47.72
G1 E.8 F1800
G1 F4800
M204 S8000
G1 X202.958 Y141.981 E.04864
; WIPE_START
; WIPE_END
G1 E-.8 F1800
M204 S10000
G17
G3 Z48.12 I.861 J-.861 P1  F60000
G1 X201.872 Y140.896 Z48.12
G1 Z47.72
G1 E.8 F1800
G1 F4800
M204 S8000
G1 X201.345 Y140.368 E.04044
G1 X201.431 Y140.382 E.0047
G1 X202.116 Y140.132 E.03953
G1 X202.415 Y139.927 E.01966
G1 X202.932 Y140.445 E.03964
; WIPE_START
; WIPE_END
G1 E-.8 F1800
M204 S10000
G17
G3 Z48.12 I1.148 J-.404 P1  F60000
G1 X202.112 Y138.113 Z48.12
G1 Z47.72
G1 E.8 F1800
G1 F4800
M204 S8000
G1 X200.525 Y136.526 E.12164
; WIPE_START
; WIPE_END
G1 E-.8 F1800
M204 S10000
G17
G3 Z48.12 I-1.119 J-.479 P1  F60000
G1 X200.072 Y137.585 Z48.12
G1 Z47.72
G1 E.8 F1800
G1 F4800
M204 S8000
G1 X198.662 Y136.174 E.10809
; WIPE_START
; WIPE_END
G1 E-.8 F1800
M204 S10000
G17
G3 Z48.12 I1.212 J-.112 P1  F60000
G1 X198.509 Y134.51 Z48.12
G1 Z47.72
G1 E.8 F1800
G1 F4800
M204 S8000
G1 X197.997 Y133.998 E.03918
G1 X199.083 Y133.606 E.06259
G1 X199.113 Y133.603 E.00159
G1 X199.768 Y134.258 E.05022
; WIPE_START
; WIPE_END
G1 E-.8 F1800
M204 S10000
G17
G3 Z48.12 I1.171 J-.33 P1  F60000
G1 X199.175 Y132.154 Z48.12
G1 Z47.72
G1 E.8 F1800
G1 F4800
M204 S8000
G1 X198.543 Y131.522 E.04841
; WIPE_START
; WIPE_END
G1 E-.8 F1800
M204 S10000
G17
G3 Z48.12 I-.604 J-1.056 P1  F60000
G1 X197.15 Y132.32 Z48.12
G1 Z47.72
G1 E.8 F1800
G1 F4800
M204 S8000
G1 X197.257 Y132.339 E.00589
G1 X197.483 Y132.477 E.01437
G1 X197.553 Y132.608 E.00803
G1 X197.535 Y132.679 E.00399
G1 X197.399 Y132.768 E.00876
G1 X197.231 Y132.784 E.00916
G1 X197.094 Y132.772 E.00745
G1 X196.892 Y132.694 E.01171
G1 X196.769 Y132.604 E.00829
G1 X196.671 Y132.467 E.00911
G1 X196.679 Y132.412 E.00303
G1 X196.717 Y132.374 E.00294
G1 X196.869 Y132.316 E.00878
; WIPE_START
; WIPE_END
G1 E-.8 F1800
M204 S10000
G17
G3 Z48.12 I1.107 J-.506 P1  F60000
G1 X196.061 Y130.551 Z48.12
G1 Z47.72
G1 E.8 F1800
G1 F4800
M204 S8000
G1 X195.208 Y129.698 E.06544
; WIPE_START
; WIPE_END
G1 E-.8 F1800
M204 S10000
G17
G3 Z48.12 I.977 J.725 P1  F60000
G1 X196.495 Y127.962 Z48.12
G1 Z47.72
G1 E.8 F1800
G1 F4800
M204 S8000
G1 X198.281 Y129.748 E.13689
; WIPE_START
; WIPE_END
G1 E-.8 F1800
M204 S10000
G17
G3 Z48.12 I.959 J.749 P1  F60000
G1 X199.606 Y128.052 Z48.12
G1 Z47.72
G1 E.8 F1800
G1 F4800
M204 S8000
G1 X201.307 Y129.752 E.13034
; WIPE_START
; WIPE_END
G1 E-.8 F1800
M204 S10000
G17
G3 Z48.12 I-1.196 J.225 P1  F60000
G1 X201.657 Y131.613 Z48.12
G1 Z47.72
G1 E.8 F1800
G1 F4800
M204 S8000
G1 X203.279 Y133.236 E.12437
; WIPE_START
; WIPE_END
G1 E-.8 F1800
M204 S10000
G17
G3 Z48.12 I.705 J.992 P1  F60000
G1 X204.162 Y132.608 Z48.12
G1 Z47.72
G1 E.8 F1800
G1 F4800
M204 S8000
G1 X203.42 Y131.866 E.05692
; WIPE_START
; WIPE_END
G1 E-.8 F1800
M204 S10000
G17
G3 Z48.12 I1.216 J.038 P1  F60000
G1 X203.51 Y128.934 Z48.12
G1 Z47.72
G1 E.8 F1800
G1 F4800
M204 S8000
G1 X202.428 Y127.852 E.08293
; WIPE_START
; WIPE_END
G1 E-.8 F1800
M204 S10000
G17
G3 Z48.12 I1.199 J-.206 P1  F60000
G1 X202.115 Y126.027 Z48.12
G1 Z47.72
G1 E.8 F1800
G1 F4800
M204 S8000
G1 X201.362 Y125.274 E.05773
; WIPE_START
; WIPE_END
G1 E-.8 F1800
M204 S10000
G17
G3 Z48.12 I.384 J1.155 P1  F60000
G1 X203.63 Y124.52 Z48.12
G1 Z47.72
G1 E.8 F1800
G1 F4800
M204 S8000
G1 X201.974 Y122.865 E.1269
; WIPE_START
; WIPE_END
G1 E-.8 F1800
M204 S10000
G17
G3 Z48.12 I-.118 J-1.211 P1  F60000
G1 X200.598 Y122.999 Z48.12
G1 Z47.72
G1 E.8 F1800
G1 F4800
M204 S8000
G1 X199.432 Y121.833 E.08938
; WIPE_START
; WIPE_END
G1 E-.8 F1800
M204 S10000
G17
G3 Z48.12 I.861 J-.861 P1  F60000
G1 X197.634 Y120.035 Z48.12
G1 Z47.72
G1 E.8 F1800
G1 F4800
M204 S8000
G1 X196.435 Y118.837 E.09188
; WIPE_START
; WIPE_END
G1 E-.8 F1800
M204 S10000
G17
G3 Z48.12 I1.193 J-.238 P1  F60000
G1 X196.059 Y116.95 Z48.12
G1 Z47.72
G1 E.8 F1800
G1 F4800
M204 S8000
G1 X194.345 Y115.235 E.13141
; WIPE_START
; WIPE_END
G1 E-.8 F1800
M204 S10000
G17
G3 Z48.12 I1.186 J-.273 P1  F60000
G1 X193.894 Y113.273 Z48.12
G1 Z47.72
G1 E.8 F1800
G1 F4800
M204 S8000
G1 X193.222 Y112.601 E.05153
; WIPE_START
; WIPE_END
G1 E-.8 F1800
M204 S10000
G17
G3 Z48.12 I-1.065 J-.588 P1  F60000
G1 X192.468 Y113.964 Z48.12
G1 Z47.72
G1 E.8 F1800
G1 F4800
M204 S8000
G1 X192.517 Y114.049 E.00531
G1 X192.513 Y114.19 E.00761
G1 X192.434 Y114.338 E.00911
G1 X192.295 Y114.445 E.0095
G1 X192.166 Y114.475 E.0072
G1 X192.096 Y114.458 E.00389
G1 X192.059 Y114.421 E.00282
G1 X192.039 Y114.36 E.00353
G1 X192.041 Y114.227 E.00718
G1 X192.095 Y114.098 E.00758
G1 X192.203 Y113.98 E.00867
; WIPE_START
; WIPE_END
G1 E-.8 F1800
M204 S10000
G17
G3 Z48.12 I1.112 J-.495 P1  F60000
G1 X191.493 Y112.384 Z48.12
G1 Z47.72
G1 E.8 F1800
G1 F4800
M204 S8000
G1 X190.342 Y111.232 E.08826
; WIPE_START
; WIPE_END
G1 E-.8 F1800
M204 S10000
G17
G3 Z48.12 I-1.057 J-.604 P1  F60000
G1 X189.243 Y113.155 Z48.12
G1 Z47.72
G1 E.8 F1800
G1 F4800
M204 S8000
G1 X187.605 Y111.518 E.12552
; WIPE_START
; WIPE_END
G1 E-.8 F1800
M204 S10000
G17
G3 Z48.12 I1.203 J.187 P1  F60000
G1 X188.012 Y108.902 Z48.12
G1 Z47.72
G1 E.8 F1800
G1 F4800
M204 S8000
G1 X187.362 Y108.252 E.0498
; WIPE_START
; WIPE_END
G1 E-.8 F1800
M204 S10000
G17
G3 Z48.12 I.435 J1.137 P1  F60000
G1 X189.35 Y107.492 Z48.12
G1 Z47.72
G1 E.8 F1800
G1 F4800
M204 S8000
G1 X189.555 Y107.55 E.01154
G1 X189.699 Y107.637 E.0091
G1 X189.774 Y107.713 E.00581
G1 X189.775 Y107.788 E.00406
G1 X189.702 Y107.853 E.0053
G1 X189.564 Y107.917 E.00826
G1 X189.388 Y107.952 E.00972
G1 X189.075 Y107.924 E.01701
G1 X188.851 Y107.811 E.01363
G1 X188.78 Y107.735 E.00564
G1 X188.775 Y107.65 E.00462
G1 X188.836 Y107.581 E.005
G1 X189.004 Y107.502 E.01006
G1 X189.067 Y107.495 E.00344
; WIPE_START
; WIPE_END
G1 E-.8 F1800
M204 S10000
G17
G3 Z48.12 I.988 J-.711 P1  F60000
G1 X187.969 Y105.971 Z48.12
G1 Z47.72
G1 E.8 F1800
G1 F4800
M204 S8000
G1 X188.017 Y106.05 E.00499
G1 X188.014 Y106.184 E.00728
G1 X187.929 Y106.343 E.00978
G1 X187.78 Y106.457 E.01017
G1 X187.635 Y106.49 E.00803
G1 X187.56 Y106.472 E.00421
G1 X187.526 Y106.437 E.00262
G1 X187.506 Y106.373 E.00365
G1 X187.512 Y106.256 E.00636
G1 X187.566 Y106.129 E.00746
G1 X187.701 Y105.992 E.01045
; WIPE_START
; WIPE_END
G1 E-.8 F1800
M204 S10000
G17
G3 Z48.12 I.7 J.995 P1  F60000
G1 X188.836 Y105.193 Z48.12
G1 Z47.72
G1 E.8 F1800
G1 F4800
M204 S8000
G1 X188.084 Y104.441 E.05768
; WIPE_START
; WIPE_END
G1 E-.8 F1800
M204 S10000
G17
G3 Z48.12 I1.215 J.068 P1  F60000
G1 X188.244 Y101.579 Z48.12
G1 Z47.72
G1 E.8 F1800
G1 F4800
M204 S8000
G1 X187.301 Y100.636 E.07227
; WIPE_START
; WIPE_END
G1 E-.8 F1800
M204 S10000
G17
G3 Z48.12 I.898 J.822 P1  F60000
G1 X188.746 Y99.058 Z48.12
G1 Z47.72
G1 E.8 F1800
G1 F4800
M204 S8000
G1 X187.294 Y97.607 E.11128
; WIPE_START
; WIPE_END
G1 E-.8 F1800
M204 S10000
G17
G3 Z48.12 I-1.043 J.627 P1  F60000
G1 X189.568 Y101.392 Z48.12
G1 Z47.72
G1 E.8 F1800
G1 F4800
M204 S8000
G1 X191.208 Y103.032 E.1257
; WIPE_START
; WIPE_END
G1 E-.8 F1800
M204 S10000
G17
G3 Z48.12 I1.114 J.489 P1  F60000
G1 X191.965 Y101.309 Z48.12
G1 Z47.72
G1 E.8 F1800
G1 F4800
M204 S8000
G1 X192.198 Y101.4 E.01356
G1 X192.357 Y101.522 E.01088
G1 X192.48 Y101.681 E.0109
G1 X192.549 Y101.852 E.00998
G1 X192.562 Y101.962 E.00598
G1 X192.545 Y102.001 E.00229
G1 X192.514 Y102.021 E.00201
G1 X192.427 Y102.027 E.00472
G1 X192.194 Y101.962 E.01315
G1 X191.934 Y101.769 E.01751
G1 X191.788 Y101.54 E.01473
G1 X191.77 Y101.442 E.0054
M204 S10000
G1 X191.924 Y100.726 F60000
G1 F4800
M204 S8000
G1 X191.173 Y99.975 E.05757
; WIPE_START
; WIPE_END
G1 E-.8 F1800
M204 S10000
G17
G3 Z48.12 I1.021 J.663 P1  F60000
G1 X192.363 Y98.142 Z48.12
G1 Z47.72
G1 E.8 F1800
G1 F4800
M204 S8000
G1 X191.563 Y97.342 E.06132
G1 X191.721 Y97.299 E.00891
G1 X191.901 Y97.297 E.00972
G1 X192.204 Y97.362 E.01683
G1 X192.448 Y97.491 E.01497
G1 X193.196 Y97.543 E.04064
G1 X193.251 Y97.519 E.0032
G1 X193.792 Y98.06 E.04149
; WIPE_START
; WIPE_END
G1 E-.8 F1800
M204 S10000
G17
G3 Z48.12 I-1.216 J.057 P1  F60000
G1 X193.867 Y99.646 Z48.12
G1 Z47.72
G1 E.8 F1800
G1 F4800
M204 S8000
G1 X194.581 Y100.36 E.05471
; WIPE_START
; WIPE_END
G1 E-.8 F1800
M204 S10000
G17
G3 Z48.12 I-.43 J1.138 P1  F60000
G1 X196.375 Y101.038 Z48.12
G1 Z47.72
G1 E.8 F1800
G1 F4800
M204 S8000
G1 X196.555 Y101.1 E.01033
G1 X196.767 Y101.267 E.01466
G1 X196.928 Y101.529 E.01667
G1 X196.953 Y101.728 E.01088
G1 X196.911 Y101.803 E.00465
G1 X196.804 Y101.828 E.00596
G1 X196.595 Y101.742 E.0123
G1 X196.451 Y101.614 E.01045
G1 X196.335 Y101.441 E.01125
G1 X196.275 Y101.254 E.01067
; WIPE_START
; WIPE_END
G1 E-.8 F1800
M204 S10000
G17
G3 Z48.12 I-1.122 J.472 P1  F60000
G1 X196.856 Y102.636 Z48.12
G1 Z47.72
G1 E.8 F1800
G1 F4800
M204 S8000
G1 X197.45 Y103.23 E.04553
; WIPE_START
; WIPE_END
G1 E-.8 F1800
M204 S10000
G17
G3 Z48.12 I1 J.693 P1  F60000
G1 X198.069 Y102.337 Z48.12
G1 Z47.72
G1 E.8 F1800
G1 F4800
M204 S8000
G1 X199.763 Y104.032 E.1299
; WIPE_START
; WIPE_END
G1 E-.8 F1800
M204 S10000
G17
G3 Z48.12 I-1.193 J.24 P1  F60000
G1 X200.144 Y105.924 Z48.12
G1 Z47.72
G1 E.8 F1800
G1 F4800
M204 S8000
G1 X201.282 Y107.062 E.08723
; WIPE_START
; WIPE_END
G1 E-.8 F1800
M204 S10000
G17
G3 Z48.12 I-.431 J-1.138 P1  F60000
G1 X199.091 Y107.893 Z48.12
G1 Z47.72
G1 E.8 F1800
G1 F4800
M204 S8000
G1 X198.147 Y106.949 E.07232
; WIPE_START
; WIPE_END
G1 E-.8 F1800
M204 S10000
G17
G3 Z48.12 I.399 J-1.15 P1  F60000
G1 X195.835 Y106.147 Z48.12
G1 Z47.72
G1 E.8 F1800
G1 F4800
M204 S8000
G1 X194.86 Y105.173 E.07472
; WIPE_START
; WIPE_END
G1 E-.8 F1800
M204 S10000
G17
G3 Z48.12 I1.215 J-.061 P1  F60000
G1 X194.779 Y103.581 Z48.12
G1 Z47.72
G1 E.8 F1800
G1 F4800
M204 S8000
G1 X194.059 Y102.861 E.05518
; WIPE_START
; WIPE_END
G1 E-.8 F1800
M204 S10000
G17
G3 Z48.12 I-1.115 J-.487 P1  F60000
G1 X193.507 Y104.125 Z48.12
G1 Z47.72
G1 E.8 F1800
G1 F4800
M204 S8000
G1 X193.597 Y104.204 E.00653
G1 X193.611 Y104.285 E.00443
G1 X193.55 Y104.409 E.00751
G1 X193.38 Y104.529 E.01125
G1 X193.254 Y104.559 E.00704
G1 X193.128 Y104.556 E.00682
G1 X193.007 Y104.513 E.00698
G1 X192.951 Y104.44 E.00497
G1 X192.974 Y104.351 E.00496
G1 X193.039 Y104.253 E.00635
G1 X193.149 Y104.165 E.00766
G1 X193.229 Y104.134 E.00464
; WIPE_START
; WIPE_END
G1 E-.8 F1800
M204 S10000
G17
G3 Z48.12 I-1.013 J-.675 P1  F60000
G1 X192.092 Y105.84 Z48.12
G1 Z47.72
G1 E.8 F1800
G1 F4800
M204 S8000
G1 X192.324 Y105.959 E.01414
G1 X192.357 Y106.035 E.00448
G1 X192.303 Y106.139 E.00637
G1 X192.046 Y106.27 E.01562
G1 X191.909 Y106.292 E.00754
G1 X191.637 Y106.288 E.01472
G1 X191.527 Y106.261 E.00614
G1 X191.355 Y106.179 E.01035
G1 X191.297 Y106.119 E.00452
G1 X191.316 Y106.039 E.00448
G1 X191.377 Y105.98 E.00458
G1 X191.531 Y105.891 E.00962
G1 X191.715 Y105.833 E.01047
G1 X191.809 Y105.828 E.0051
; WIPE_START
; WIPE_END
G1 E-.8 F1800
M204 S10000
G17
G3 Z48.12 I-.364 J1.161 P1  F60000
G1 X192.805 Y106.14 Z48.12
G1 Z47.72
G1 E.8 F1800
G1 F4800
M204 S8000
G1 X193.792 Y107.127 E.07561
; WIPE_START
; WIPE_END
G1 E-.8 F1800
M204 S10000
G17
G3 Z48.12 I-1.197 J.222 P1  F60000
G1 X194.136 Y108.982 Z48.12
G1 Z47.72
G1 E.8 F1800
G1 F4800
M204 S8000
G1 X195.88 Y110.726 E.13372
; WIPE_START
; WIPE_END
G1 E-.8 F1800
M204 S10000
G17
G3 Z48.12 I1.032 J.645 P1  F60000
G1 X196.847 Y109.181 Z48.12
G1 Z47.72
G1 E.8 F1800
G1 F4800
M204 S8000
G1 X196.968 Y109.218 E.0069
G1 X197.088 Y109.288 E.00755
G1 X197.17 Y109.372 E.00634
G1 X197.183 Y109.419 E.00262
G1 X197.17 Y109.461 E.00237
G1 X197.1 Y109.527 E.00521
G1 X196.977 Y109.589 E.00745
G1 X196.831 Y109.618 E.00806
G1 X196.584 Y109.588 E.01351
G1 X196.405 Y109.479 E.01133
G1 X196.35 Y109.374 E.00646
G1 X196.377 Y109.297 E.00441
G1 X196.564 Y109.191 E.01163
; WIPE_START
; WIPE_END
G1 E-.8 F1800
M204 S10000
G17
G3 Z48.12 I-1.021 J.662 P1  F60000
G1 X197.869 Y111.204 Z48.12
G1 Z47.72
G1 E.8 F1800
G1 F4800
M204 S8000
G1 X198.658 Y111.993 E.06045
; WIPE_START
; WIPE_END
G1 E-.8 F1800
M204 S10000
G17
G3 Z48.12 I-.878 J-.843 P1  F60000
G1 X197.178 Y113.535 Z48.12
G1 Z47.72
G1 E.8 F1800
G1 F4800
M204 S8000
G1 X196.397 Y112.754 E.05987
; WIPE_START
; WIPE_END
G1 E-.8 F1800
M204 S10000
G17
G3 Z48.12 I-1.157 J.376 P1  F60000
G1 X197.124 Y114.992 Z48.12
G1 Z47.72
G1 E.8 F1800
G1 F4800
M204 S8000
G1 X198.881 Y116.749 E.13467
; WIPE_START
; WIPE_END
G1 E-.8 F1800
M204 S10000
G17
G3 Z48.12 I1.023 J.659 P1  F60000
G1 X199.836 Y115.265 Z48.12
G1 Z47.72
G1 E.8 F1800
G1 F4800
M204 S8000
G1 X199.955 Y115.3 E.00671
G1 X200.067 Y115.367 E.00708
G1 X200.151 Y115.455 E.0066
G1 X200.165 Y115.503 E.00271
G1 X200.151 Y115.546 E.00245
G1 X200.083 Y115.612 E.00513
G1 X199.964 Y115.671 E.00724
G1 X199.822 Y115.698 E.00782
G1 X199.581 Y115.667 E.01315
G1 X199.411 Y115.55 E.01122
G1 X199.37 Y115.458 E.00542
G1 X199.398 Y115.381 E.00449
G1 X199.555 Y115.281 E.01007
; WIPE_START
; WIPE_END
G1 E-.8 F1800
M204 S10000
G17
G3 Z48.12 I-.63 J1.041 P1  F60000
G1 X201.785 Y116.631 Z48.12
G1 Z47.72
G1 E.8 F1800
G1 F4800
M204 S8000
G1 X202.861 Y117.707 E.08245
; WIPE_START
; WIPE_END
G1 E-.8 F1800
M204 S10000
G17
G3 Z48.12 I-.477 J1.12 P1  F60000
G1 X204.793 Y118.53 Z48.12
G1 Z47.72
G1 E.8 F1800
G1 F4800
M204 S8000
G1 X204.948 Y118.648 E.01054
G1 X205.048 Y118.829 E.01122
G1 X205.053 Y118.966 E.00743
G1 X205.006 Y119.045 E.00498
G1 X204.913 Y119.078 E.00534
G1 X204.797 Y119.055 E.00641
G1 X204.669 Y118.98 E.00806
G1 X204.564 Y118.857 E.00876
G1 X204.506 Y118.714 E.00834
G1 X204.498 Y118.6 E.00619
G1 X204.527 Y118.528 E.00421
; WIPE_START
; WIPE_END
G1 E-.8 F1800
M204 S10000
G17
G3 Z48.12 I-.506 J1.107 P1  F60000
G1 X205.756 Y119.091 Z48.12
G1 Z47.72
G1 E.8 F1800
G1 F4800
M204 S8000
G1 X206.802 Y120.137 E.08019
; WIPE_START
; WIPE_END
G1 E-.8 F1800
M204 S10000
G17
G3 Z48.12 I-.58 J1.07 P1  F60000
G1 X208.552 Y121.086 Z48.12
G1 Z47.72
G1 E.8 F1800
; FEATURE: Support
G1 F7915.629
M204 S8000
G1 X208.659 Y121.094 E.0058
G1 X208.845 Y121.187 E.01129
G1 X208.963 Y121.342 E.01055
G1 X209.017 Y121.579 E.01316
G1 X208.962 Y122.054 E.02591
G1 X208.846 Y122.285 E.01405
G1 X208.658 Y122.475 E.01445
G1 X208.338 Y122.617 E.01896
G1 X208.338 Y121.09 E.08276
G1 X208.467 Y121.081 E.007
; WIPE_START
G1 X208.659 Y121.094 E-.07305
G1 X208.845 Y121.187 E-.07915
G1 X208.963 Y121.342 E-.07396
G1 X209.017 Y121.579 E-.09229
G1 X208.962 Y122.054 E-.18165
G1 X208.846 Y122.285 E-.09849
G1 X208.658 Y122.475 E-.1013
G1 X208.514 Y122.539 E-.06011
; WIPE_END
G1 E-.04 F1800
M204 S10000
G17
G3 Z48.12 I-.011 J-1.217 P1  F60000
G1 X207.744 Y122.546 Z48.12
G1 Z47.72
G1 E.8 F1800
; FEATURE: Support interface
G1 F4800
M204 S8000
G1 X207.545 Y122.363 E.01468
G1 X207.426 Y122.113 E.01503
G1 X207.402 Y121.958 E.00851
G1 X207.423 Y121.72 E.01292
G1 X207.506 Y121.501 E.01273
G1 X207.682 Y121.28 E.0153
G1 X207.744 Y121.238 E.00406
G1 X207.744 Y122.262 E.05547
; WIPE_START
; WIPE_END
G1 E-.8 F1800
M204 S10000
G17
G3 Z48.12 I-.707 J-.991 P1  F60000
G1 X206.671 Y123.028 Z48.12
G1 Z47.72
G1 E.8 F1800
G1 F4800
M204 S8000
G1 X207.318 Y123.675 E.0496
; WIPE_START
; WIPE_END
G1 E-.8 F1800
M204 S10000
G17
G3 Z48.12 I.861 J-.861 P1  F60000
G1 X206.317 Y122.674 Z48.12
G1 Z47.72
G1 E.8 F1800
G1 F4800
M204 S8000
G1 X205.432 Y121.789 E.0678
; WIPE_START
; WIPE_END
G1 E-.8 F1800
M204 S10000
G17
G3 Z48.12 I.606 J-1.055 P1  F60000
G1 X201.881 Y119.749 Z48.12
G1 Z47.72
G1 E.8 F1800
G1 F4800
M204 S8000
G1 X200.143 Y118.012 E.13314
; WIPE_START
; WIPE_END
G1 E-.8 F1800
M204 S10000
G17
G3 Z48.12 I.832 J.888 P1  F60000
G1 X203.264 Y115.088 Z48.12
G1 Z47.72
G1 E.8 F1800
G1 F4800
M204 S8000
G1 X204.386 Y116.209 E.08597
; WIPE_START
; WIPE_END
G1 E-.8 F1800
M204 S10000
G17
G3 Z48.12 I-.372 J1.159 P1  F60000
G1 X206.611 Y116.924 Z48.12
G1 Z47.72
G1 E.8 F1800
G1 F4800
M204 S8000
G1 X207.744 Y118.057 E.08686
G1 X207.744 Y117.075 E.05322
G1 X208.009 Y116.811 E.02028
G1 X206.389 Y115.191 E.12416
G1 X206.987 Y114.947 E.03499
G1 X207.338 Y114.652 E.02486
G1 X207.353 Y114.644 E.00093
G1 X208.561 Y115.852 E.09258
; WIPE_START
; WIPE_END
G1 E-.8 F1800
M204 S10000
G17
G3 Z48.12 I-1.216 J.042 P1  F60000
G1 X208.611 Y117.276 Z48.12
G1 Z47.72
G1 E.8 F1800
; FEATURE: Support
G1 F7915.629
M204 S8000
G1 X208.621 Y117.341 E.00358
G1 X208.576 Y117.588 E.01363
G1 X208.423 Y117.906 E.01912
G1 X208.338 Y117.975 E.00589
G1 X208.338 Y117.321 E.0354
G1 X208.377 Y117.283 E.00297
G1 X208.598 Y117.191 E.01293
; WIPE_START
G1 X208.621 Y117.341 E-.06351
G1 X208.576 Y117.588 E-.10556
G1 X208.423 Y117.906 E-.14808
G1 X208.338 Y117.975 E-.04558
G1 X208.338 Y117.321 E-.27412
G1 X208.377 Y117.283 E-.02303
G1 X208.598 Y117.191 E-.10011
; WIPE_END
G1 E-.04 F1800
M204 S10000
G17
G3 Z48.12 I.763 J.948 P1  F60000
G1 X210.157 Y115.937 Z48.12
G1 Z47.72
G1 E.8 F1800
; FEATURE: Support interface
G1 F4800
M204 S8000
G1 X210.886 Y116.665 E.05584
M204 S10000
G1 X211.147 Y117.08 F60000
; FEATURE: Support
G1 F7915.629
M204 S8000
G1 X211.206 Y117.201 E.00729
G1 X211.243 Y117.466 E.01449
G1 X211.196 Y117.722 E.0141
G1 X211.074 Y117.942 E.01363
G1 X210.894 Y118.106 E.01322
G1 X210.673 Y118.2 E.01301
G1 X210.432 Y118.216 E.0131
G1 X210.193 Y118.151 E.01343
G1 X209.98 Y118.007 E.01391
G1 X209.818 Y117.798 E.01438
G1 X209.728 Y117.545 E.01451
G1 X209.726 Y117.245 E.0163
G1 X209.81 Y117.003 E.01384
G1 X211.11 Y117.003 E.07046
; WIPE_START
G1 X211.206 Y117.201 E-.0835
G1 X211.243 Y117.466 E-.10158
G1 X211.196 Y117.722 E-.09883
G1 X211.074 Y117.942 E-.09556
G1 X210.894 Y118.106 E-.09268
G1 X210.673 Y118.2 E-.09118
G1 X210.432 Y118.216 E-.09183
G1 X210.193 Y118.151 E-.09418
G1 X210.17 Y118.135 E-.01064
; WIPE_END
G1 E-.04 F1800
M204 S10000
G17
G3 Z48.12 I1.201 J.195 P1  F60000
G1 X211.262 Y111.39 Z48.12
G1 Z47.72
G1 E.8 F1800
; FEATURE: Support interface
G1 F4800
M204 S8000
G1 X211.404 Y111.43 E.008
G1 X211.617 Y111.577 E.014
G1 X211.709 Y111.739 E.01013
G1 X211.701 Y111.831 E.00501
G1 X211.626 Y111.897 E.00541
G1 X211.472 Y111.916 E.00845
G1 X211.316 Y111.882 E.00865
G1 X211.156 Y111.798 E.00982
G1 X211.045 Y111.692 E.00828
G1 X210.961 Y111.542 E.00932
G1 X210.953 Y111.456 E.00469
G1 X210.983 Y111.422 E.00247
; WIPE_START
; WIPE_END
G1 E-.8 F1800
M204 S10000
G17
G3 Z48.12 I.606 J-1.055 P1  F60000
G1 X209.089 Y110.335 Z48.12
G1 Z47.72
G1 E.8 F1800
G1 F4800
M204 S8000
G1 X208.365 Y109.611 E.05551
G1 X207.441 Y109.613 E.05006
G1 X207.283 Y109.672 E.00914
G1 X207.163 Y109.757 E.008
G1 X207.094 Y109.852 E.00631
G1 X207.549 Y110.306 E.03485
M204 S10000
G1 X207.852 Y110.61 F60000
G1 F4800
M204 S8000
G1 X208.615 Y111.373 E.05846
; WIPE_START
; WIPE_END
G1 E-.8 F1800
M204 S10000
G17
G3 Z48.12 I.599 J-1.059 P1  F60000
G1 X205.137 Y109.405 Z48.12
G1 Z47.72
G1 E.8 F1800
G1 F4800
M204 S8000
G1 X203.73 Y107.998 E.10784
; WIPE_START
; WIPE_END
G1 E-.8 F1800
M204 S10000
G17
G3 Z48.12 I-.892 J-.827 P1  F60000
G1 X202.121 Y109.734 Z48.12
G1 Z47.72
G1 E.8 F1800
G1 F4800
M204 S8000
G1 X202.275 Y109.822 E.00961
G1 X202.392 Y109.943 E.00914
G1 X202.459 Y110.075 E.00801
G1 X202.476 Y110.175 E.00551
G1 X202.461 Y110.213 E.00221
G1 X202.419 Y110.244 E.00282
G1 X202.319 Y110.262 E.00552
G1 X202.097 Y110.223 E.01223
G1 X201.872 Y110.066 E.01486
G1 X201.773 Y109.896 E.01068
G1 X201.772 Y109.773 E.00666
G1 X201.842 Y109.718 E.00481
; WIPE_START
; WIPE_END
G1 E-.8 F1800
M204 S10000
G17
G3 Z48.12 I.21 J-1.199 P1  F60000
G1 X200.448 Y109.474 Z48.12
G1 Z47.72
G1 E.8 F1800
G1 F4800
M204 S8000
G1 X200.508 Y109.476 E.00328
G1 X200.69 Y109.571 E.0111
G1 X200.709 Y109.634 E.00356
G1 X200.631 Y109.766 E.00829
G1 X200.343 Y109.925 E.01784
G1 X200.047 Y109.968 E.01622
G1 X199.879 Y109.95 E.00915
G1 X199.689 Y109.874 E.01109
G1 X199.659 Y109.814 E.00363
G1 X199.756 Y109.676 E.00915
G1 X199.902 Y109.572 E.00971
G1 X200.087 Y109.496 E.01086
G1 X200.165 Y109.484 E.00429
; WIPE_START
; WIPE_END
G1 E-.8 F1800
M204 S10000
G17
G3 Z48.12 I-1.176 J.313 P1  F60000
G1 X201.076 Y112.899 Z48.12
G1 Z47.72
G1 E.8 F1800
G1 F4800
M204 S8000
G1 X202.097 Y113.921 E.07827
; WIPE_START
; WIPE_END
G1 E-.8 F1800
M204 S10000
G17
G3 Z48.12 I1.069 J.582 P1  F60000
G1 X203.163 Y111.964 Z48.12
G1 Z47.72
G1 E.8 F1800
G1 F4800
M204 S8000
G1 X204.761 Y113.563 E.12253
; WIPE_START
; WIPE_END
G1 E-.8 F1800
M204 S10000
G17
G3 Z48.12 I1.205 J-.172 P1  F60000
G1 X203.499 Y104.745 Z48.12
G1 Z47.72
G1 E.8 F1800
G1 F4800
M204 S8000
G1 X201.802 Y103.048 E.13008
; WIPE_START
; WIPE_END
G1 E-.8 F1800
M204 S10000
G17
G3 Z48.12 I.973 J.731 P1  F60000
G1 X203.099 Y101.323 Z48.12
G1 Z47.72
G1 E.8 F1800
G1 F4800
M204 S8000
G1 X201.716 Y99.94 E.10599
; WIPE_START
; WIPE_END
G1 E-.8 F1800
M204 S10000
G17
G3 Z48.12 I1.212 J.11 P1  F60000
G1 X201.841 Y98.555 Z48.12
G1 Z47.72
G1 E.8 F1800
G1 F4800
M204 S8000
G1 X200.363 Y97.076 E.11334
; WIPE_START
; WIPE_END
G1 E-.8 F1800
M204 S10000
G17
G3 Z48.12 I-.96 J-.748 P1  F60000
G1 X199.038 Y98.774 Z48.12
G1 Z47.72
G1 E.8 F1800
G1 F4800
M204 S8000
G1 X199.795 Y99.531 E.05802
; WIPE_START
; WIPE_END
G1 E-.8 F1800
M204 S10000
G17
G3 Z48.12 I.861 J-.861 P1  F60000
G1 X198.575 Y98.31 Z48.12
G1 Z47.72
G1 E.8 F1800
G1 F4800
M204 S8000
G1 X197.589 Y97.324 E.07558
; WIPE_START
; WIPE_END
G1 E-.8 F1800
M204 S10000
G17
G3 Z48.12 I-.868 J-.853 P1  F60000
G1 X196.091 Y98.849 Z48.12
G1 Z47.72
G1 E.8 F1800
G1 F4800
M204 S8000
G1 X195.477 Y98.234 E.04709
; WIPE_START
; WIPE_END
G1 E-.8 F1800
M204 S10000
G17
G3 Z48.12 I-.121 J1.211 P1  F60000
G1 X203.873 Y99.075 Z48.12
G1 Z47.72
G1 E.8 F1800
G1 F4800
M204 S8000
G1 X204.55 Y99.752 E.05193
; WIPE_START
; WIPE_END
G1 E-.8 F1800
M204 S10000
G17
G3 Z48.12 I-1.217 J-.024 P1  F60000
G1 X204.486 Y103.063 Z48.12
G1 Z47.72
G1 E.8 F1800
G1 F4800
M204 S8000
G1 X204.603 Y103.098 E.00661
G1 X204.718 Y103.165 E.00722
G1 X204.8 Y103.251 E.00645
G1 X204.813 Y103.299 E.00268
G1 X204.8 Y103.342 E.00245
G1 X204.731 Y103.409 E.00518
G1 X204.611 Y103.469 E.00729
G1 X204.469 Y103.497 E.00786
G1 X204.223 Y103.466 E.01343
G1 X204.05 Y103.345 E.01141
G1 X204.01 Y103.258 E.0052
G1 X204.039 Y103.18 E.00451
G1 X204.203 Y103.077 E.01048
; WIPE_START
; WIPE_END
G1 E-.8 F1800
M204 S10000
G17
G3 Z48.12 I-.701 J-.995 P1  F60000
G1 X193.058 Y110.927 Z48.12
G1 Z47.72
G1 E.8 F1800
G1 F4800
M204 S8000
G1 X191.409 Y109.278 E.1264
; WIPE_START
; WIPE_END
G1 E-.8 F1800
M204 S10000
G17
G3 Z48.12 I-1.162 J-.363 P1  F60000
G1 X189.611 Y115.035 Z48.12
M73 P79 R45
G1 Z47.72
G1 E.8 F1800
G1 F4800
M204 S8000
G1 X191.361 Y116.785 E.13414
; WIPE_START
; WIPE_END
G1 E-.8 F1800
M204 S10000
G17
G3 Z48.12 I.024 J1.217 P1  F60000
G1 X192.843 Y116.756 Z48.12
G1 Z47.72
G1 E.8 F1800
G1 F4800
M204 S8000
G1 X194.503 Y118.415 E.1272
; WIPE_START
; WIPE_END
G1 E-.8 F1800
M204 S10000
G17
G3 Z48.12 I-1.196 J.225 P1  F60000
G1 X194.853 Y120.276 Z48.12
G1 Z47.72
G1 E.8 F1800
G1 F4800
M204 S8000
G1 X195.583 Y121.006 E.05597
; WIPE_START
; WIPE_END
G1 E-.8 F1800
M204 S10000
G17
G3 Z48.12 I.413 J-1.145 P1  F60000
G1 X193.22 Y120.154 Z48.12
G1 Z47.72
G1 E.8 F1800
G1 F4800
M204 S8000
G1 X191.899 Y118.834 E.10122
; WIPE_START
; WIPE_END
G1 E-.8 F1800
M204 S10000
G17
G3 Z48.12 I-.101 J-1.213 P1  F60000
G1 X189.109 Y119.066 Z48.12
G1 Z47.72
G1 E.8 F1800
G1 F4800
M204 S8000
G1 X187.424 Y117.381 E.12916
; WIPE_START
; WIPE_END
G1 E-.8 F1800
M204 S10000
G17
G3 Z48.12 I1.174 J.322 P1  F60000
G1 X188.075 Y115.009 Z48.12
G1 Z47.72
G1 E.8 F1800
G1 F4800
M204 S8000
G1 X187.373 Y114.307 E.05381
; WIPE_START
; WIPE_END
G1 E-.8 F1800
M204 S10000
G17
G3 Z48.12 I-1.216 J.034 P1  F60000
G1 X187.546 Y120.525 Z48.12
G1 Z47.72
G1 E.8 F1800
G1 F4800
M204 S8000
G1 X188.193 Y121.172 E.04954
; WIPE_START
; WIPE_END
G1 E-.8 F1800
M204 S10000
G17
G3 Z48.12 I-.861 J.861 P1  F60000
G1 X189.566 Y122.545 Z48.12
G1 Z47.72
G1 E.8 F1800
G1 F4800
M204 S8000
G1 X190.492 Y123.471 E.071
; WIPE_START
; WIPE_END
G1 E-.8 F1800
M204 S10000
G17
G3 Z48.12 I-1.092 J-.537 P1  F60000
G1 X189.995 Y124.485 Z48.12
G1 Z47.72
G1 E.8 F1800
G1 F4800
M204 S8000
G1 X190.783 Y125.273 E.0604
; WIPE_START
; WIPE_END
G1 E-.8 F1800
M204 S10000
G17
G3 Z48.12 I-1.2 J.203 P1  F60000
G1 X191.09 Y127.091 Z48.12
G1 Z47.72
G1 E.8 F1800
G1 F4800
M204 S8000
G1 X192.29 Y128.292 E.09201
; WIPE_START
; WIPE_END
G1 E-.8 F1800
M204 S10000
G17
G3 Z48.12 I-1.195 J.233 P1  F60000
G1 X192.656 Y130.168 Z48.12
G1 Z47.72
G1 E.8 F1800
G1 F4800
M204 S8000
G1 X194.404 Y131.916 E.13402
; WIPE_START
; WIPE_END
G1 E-.8 F1800
M204 S10000
G17
G3 Z48.12 I-1.186 J.272 P1  F60000
G1 X194.853 Y133.876 Z48.12
G1 Z47.72
G1 E.8 F1800
G1 F4800
M204 S8000
G1 X195.933 Y134.956 E.08278
; WIPE_START
; WIPE_END
G1 E-.8 F1800
M204 S10000
G17
G3 Z48.12 I.861 J-.861 P1  F60000
G1 X191.573 Y130.596 Z48.12
G1 Z47.72
G1 E.8 F1800
G1 F4800
M204 S8000
G1 X190.338 Y129.361 E.09467
; WIPE_START
; WIPE_END
G1 E-.8 F1800
M204 S10000
G17
G3 Z48.12 I1.095 J-.532 P1  F60000
G1 X189.535 Y127.709 Z48.12
G1 Z47.72
G1 E.8 F1800
G1 F4800
M204 S8000
G1 X189.677 Y127.747 E.00794
G1 X189.889 Y127.893 E.01398
G1 X189.979 Y128.051 E.00985
G1 X189.97 Y128.141 E.00489
G1 X189.893 Y128.208 E.00555
G1 X189.742 Y128.227 E.00823
G1 X189.587 Y128.196 E.00861
G1 X189.427 Y128.114 E.0097
G1 X189.317 Y128.012 E.00815
G1 X189.232 Y127.864 E.00924
G1 X189.224 Y127.78 E.00456
G1 X189.257 Y127.744 E.00262
; WIPE_START
; WIPE_END
G1 E-.8 F1800
M204 S10000
G17
G3 Z48.12 I1.117 J-.483 P1  F60000
G1 X188.513 Y126.025 Z48.12
G1 Z47.72
G1 E.8 F1800
G1 F4800
M204 S8000
G1 X188.151 Y125.663 E.02779
G1 X188.113 Y125.582 E.00485
G1 X188.069 Y125.306 E.01513
G1 X188.109 Y124.934 E.02027
G1 X187.82 Y124.245 E.0405
G1 X187.709 Y124.132 E.0086
G1 X187.587 Y123.942 E.01221
G1 X187.525 Y123.752 E.01087
G1 X187.517 Y123.631 E.00652
G1 X187.551 Y123.552 E.00468
G1 X188.678 Y124.679 E.08632
; WIPE_START
; WIPE_END
G1 E-.8 F1800
M204 S10000
G17
G3 Z48.12 I.599 J1.059 P1  F60000
G1 X191.573 Y123.041 Z48.12
G1 Z47.72
G1 E.8 F1800
G1 F4800
M204 S8000
G1 X192.301 Y123.769 E.05579
; WIPE_START
; WIPE_END
G1 E-.8 F1800
M204 S10000
G17
G3 Z48.12 I-.861 J.861 P1  F60000
G1 X193.705 Y125.173 Z48.12
G1 Z47.72
G1 E.8 F1800
G1 F4800
M204 S8000
G1 X194.435 Y125.903 E.05592
; WIPE_START
; WIPE_END
G1 E-.8 F1800
M204 S10000
G17
G3 Z48.12 I1.217 J-.025 P1  F60000
G1 X194.403 Y124.36 Z48.12
G1 Z47.72
G1 E.8 F1800
G1 F4800
M204 S8000
G1 X196.042 Y125.999 E.12566
; WIPE_START
; WIPE_END
G1 E-.8 F1800
M204 S10000
G17
G3 Z48.12 I.336 J1.17 P1  F60000
G1 X198.391 Y125.325 Z48.12
G1 Z47.72
G1 E.8 F1800
G1 F4800
M204 S8000
G1 X199.09 Y126.025 E.05362
; WIPE_START
; WIPE_END
G1 E-.8 F1800
M204 S10000
G17
G3 Z48.12 I-.275 J1.186 P1  F60000
G1 X204.991 Y127.393 Z48.12
G1 Z47.72
G1 E.8 F1800
G1 F4800
M204 S8000
G1 X205.82 Y128.221 E.0635
; WIPE_START
; WIPE_END
G1 E-.8 F1800
M204 S10000
G17
G3 Z48.12 I1.193 J.242 P1  F60000
G1 X206.075 Y126.965 Z48.12
G1 Z47.72
G1 E.8 F1800
G1 F4800
M204 S8000
G1 X205.179 Y126.069 E.06869
; WIPE_START
; WIPE_END
G1 E-.8 F1800
M204 S10000
G17
G3 Z48.12 I-1.174 J.319 P1  F60000
G1 X206.304 Y130.216 Z48.12
G1 Z47.72
G1 E.8 F1800
G1 F4800
M204 S8000
G1 X207.722 Y131.634 E.10867
; WIPE_START
; WIPE_END
G1 E-.8 F1800
M204 S10000
G17
G3 Z48.12 I.523 J1.099 P1  F60000
G1 X209.783 Y130.653 Z48.12
G1 Z47.72
G1 E.8 F1800
; FEATURE: Support
G1 F7915.629
M204 S8000
G1 X209.692 Y130.172 E.02653
G1 X209.696 Y129.931 E.01308
G1 X209.815 Y129.262 E.03681
G1 X209.981 Y129.301 E.00925
G1 X210.221 Y129.447 E.01522
G1 X210.426 Y129.634 E.01506
G1 X210.583 Y129.917 E.01751
G1 X211.055 Y130.482 E.03993
G1 X211.212 Y130.535 E.00897
G1 X211.321 Y130.673 E.00955
G1 X211.436 Y130.93 E.01525
G1 X211.486 Y131.209 E.01539
G1 X211.463 Y131.442 E.01269
G1 X211.392 Y131.604 E.00955
G1 X211.285 Y131.706 E.00803
G1 X211.182 Y131.743 E.00593
G1 X211.051 Y131.74 E.00708
G1 X210.908 Y131.694 E.00819
G1 X210.567 Y131.479 E.02182
G1 X209.805 Y131.632 E.04215
G1 X209.625 Y131.711 E.01066
G1 X209.507 Y131.723 E.00644
G1 X209.405 Y131.69 E.00577
G1 X209.303 Y131.593 E.00763
G1 X209.215 Y131.4 E.0115
G1 X209.18 Y131.159 E.0132
G1 X209.193 Y130.87 E.01567
G1 X209.071 Y130.225 E.03559
G1 X209.078 Y129.818 E.02204
G1 X209.169 Y129.564 E.01463
G1 X209.319 Y129.38 E.0129
G1 X209.508 Y129.272 E.01183
G1 X209.732 Y129.243 E.01221
; WIPE_START
G1 X209.981 Y129.301 E-.09728
G1 X210.221 Y129.447 E-.10667
G1 X210.426 Y129.634 E-.1056
G1 X210.583 Y129.917 E-.12274
G1 X211.055 Y130.482 E-.27993
G1 X211.174 Y130.522 E-.04777
; WIPE_END
G1 E-.04 F1800
M204 S10000
G17
G3 Z48.12 I1.181 J-.295 P1  F60000
G1 X209.685 Y124.57 Z48.12
G1 Z47.72
G1 E.8 F1800
G1 F7915.629
M204 S8000
G1 X209.767 Y124.513 E.00544
G1 X209.977 Y124.108 E.02473
G1 X210.046 Y124.064 E.00444
G1 X210.146 Y124.041 E.00556
G1 X210.181 Y123.422 E.0336
G1 X210.333 Y123.431 E.00827
G1 X210.567 Y123.526 E.01369
G1 X210.751 Y123.685 E.01316
G1 X210.869 Y123.892 E.01291
G1 X210.912 Y124.128 E.01302
G1 X210.873 Y124.374 E.01346
G1 X210.754 Y124.603 E.01404
G1 X210.528 Y124.823 E.01708
G1 X210.076 Y125.316 E.03624
G1 X210.009 Y125.442 E.00774
G1 X209.802 Y125.65 E.01593
G1 X209.558 Y125.777 E.01488
G1 X209.31 Y125.816 E.01365
G1 X209.077 Y125.772 E.01285
G1 X208.878 Y125.653 E.01256
G1 X208.727 Y125.47 E.01287
G1 X208.641 Y125.231 E.01378
G1 X208.633 Y124.955 E.01494
G1 X208.711 Y124.671 E.01596
G1 X208.89 Y124.392 E.01799
G1 X209.016 Y124.276 E.00925
G1 X209.281 Y124.095 E.01739
G1 X209.42 Y123.806 E.01738
G1 X209.566 Y123.635 E.01218
G1 X209.803 Y123.484 E.01526
G1 X210.096 Y123.416 E.01628
; WIPE_START
G1 X210.333 Y123.431 E-.09035
G1 X210.567 Y123.526 E-.09598
G1 X210.751 Y123.685 E-.09227
G1 X210.869 Y123.892 E-.09048
G1 X210.912 Y124.128 E-.09126
G1 X210.873 Y124.374 E-.09434
G1 X210.754 Y124.603 E-.09844
G1 X210.552 Y124.8 E-.10687
; WIPE_END
G1 E-.04 F1800
M204 S10000
G17
G3 Z48.12 I-1.024 J-.657 P1  F60000
G1 X203.232 Y136.21 Z48.12
G1 Z47.72
G1 E.8 F1800
; FEATURE: Support interface
G1 F4800
M204 S8000
G1 X203.919 Y136.898 E.05268
M204 S10000
G1 X203.852 Y137.437 F60000
G1 F4800
M204 S8000
G1 X203.917 Y137.447 E.00354
G1 X204.111 Y137.539 E.01163
G1 X204.274 Y137.667 E.01124
G1 X204.401 Y137.833 E.01131
G1 X204.47 Y137.997 E.00968
G1 X204.484 Y138.113 E.00628
G1 X204.468 Y138.148 E.00212
G1 X204.437 Y138.168 E.00197
G1 X204.347 Y138.173 E.00488
G1 X204.101 Y138.103 E.01388
G1 X203.829 Y137.901 E.01836
G1 X203.683 Y137.676 E.01453
G1 X203.659 Y137.577 E.00552
; WIPE_START
; WIPE_END
G1 E-.8 F1800
M204 S10000
G17
G3 Z48.12 I-.701 J-.995 P1  F60000
G1 X198.551 Y141.177 Z48.12
G1 Z47.72
G1 E.8 F1800
G1 F4800
M204 S8000
G1 X198.738 Y141.336 E.01328
G1 X198.866 Y141.578 E.01485
G1 X198.915 Y141.853 E.01516
G1 X198.875 Y142.077 E.01232
G1 X198.807 Y142.153 E.00554
G1 X198.703 Y142.15 E.00562
G1 X198.526 Y141.981 E.01326
G1 X198.429 Y141.776 E.0123
G1 X198.387 Y141.544 E.0128
G1 X198.405 Y141.377 E.00909
; WIPE_START
; WIPE_END
G1 E-.8 F1800
M204 S10000
G17
G3 Z48.12 I.835 J-.885 P1  F60000
G1 X187.927 Y131.484 Z48.12
G1 Z47.72
G1 E.8 F1800
G1 F4800
M204 S8000
G1 X187.516 Y131.072 E.03158
G1 X187.558 Y130.868 E.0113
G1 X187.715 Y130.526 E.02037
G1 X187.551 Y129.665 E.04753
G1 X187.552 Y129.597 E.00366
G1 X188.468 Y130.513 E.07021
; WIPE_START
; WIPE_END
G1 E-.8 F1800
M204 S10000
G17
G3 Z48.12 I-1.136 J.436 P1  F60000
G1 X223.489 Y221.767 Z48.12
G1 Z47.72
G1 E.8 F1800
; FEATURE: Support
G1 F7915.629
M204 S8000
G1 X223.445 Y221.258 E.02769
G1 X223.549 Y221.253 E.00569
G1 X223.628 Y220.637 E.03363
G1 X223.754 Y220.648 E.00686
G1 X224.076 Y220.852 E.02068
G1 X224.323 Y220.889 E.01354
G1 X224.478 Y220.998 E.01028
G1 X224.634 Y221.175 E.01279
G1 X224.732 Y221.378 E.01221
G1 X224.76 Y221.578 E.01096
G1 X224.722 Y221.768 E.01049
G1 X224.615 Y221.952 E.01155
G1 X224.382 Y222.17 E.01726
G1 X224.171 Y222.597 E.02583
G1 X224.028 Y222.766 E.012
G1 X223.809 Y222.881 E.01338
G1 X223.608 Y222.938 E.01136
G1 X223.33 Y222.933 E.01502
G1 X223.15 Y222.857 E.01061
G1 X223.037 Y222.749 E.00846
G1 X222.941 Y222.574 E.01084
G1 X222.884 Y222.332 E.01349
G1 X222.888 Y222.077 E.0138
G1 X222.845 Y221.429 E.03524
G1 X222.804 Y221.201 E.01255
G1 X222.817 Y221.023 E.00967
G1 X222.884 Y220.87 E.00903
G1 X223.008 Y220.75 E.00935
G1 X223.296 Y220.646 E.01662
G1 X223.543 Y220.63 E.0134
; WIPE_START
G1 X223.754 Y220.648 E-.08048
G1 X224.076 Y220.852 E-.14496
G1 X224.323 Y220.889 E-.0949
G1 X224.478 Y220.998 E-.07205
G1 X224.634 Y221.175 E-.08965
G1 X224.732 Y221.378 E-.08558
G1 X224.76 Y221.578 E-.07687
G1 X224.722 Y221.768 E-.07354
G1 X224.666 Y221.863 E-.04196
; WIPE_END
G1 E-.04 F1800
M204 S10000
G17
G3 Z48.12 I-.033 J1.217 P1  F60000
G1 X226.258 Y221.906 Z48.12
G1 Z47.72
G1 E.8 F1800
G1 F7915.629
M204 S8000
G1 X226.214 Y221.687 E.01213
G1 X226.366 Y221.461 E.01475
G1 X226.474 Y221.45 E.00586
G1 X226.646 Y220.84 E.0344
G1 X226.716 Y220.853 E.00384
G1 X226.879 Y220.941 E.01006
G1 X227.002 Y221.083 E.01018
G1 X227.084 Y221.29 E.01209
G1 X227.103 Y221.56 E.01464
G1 X227.049 Y221.871 E.01714
G1 X227.059 Y221.971 E.00544
G1 X227.017 Y222.233 E.01436
G1 X226.896 Y222.513 E.01651
G1 X226.744 Y222.687 E.01256
G1 X226.595 Y222.766 E.00915
G1 X226.42 Y222.786 E.00952
G1 X226.224 Y222.742 E.01089
G1 X226.025 Y222.635 E.01223
G1 X225.854 Y222.494 E.01202
G1 X225.728 Y222.331 E.01118
G1 X225.596 Y221.827 E.02821
G1 X225.592 Y221.574 E.01373
G1 X225.672 Y221.361 E.01233
G1 X225.903 Y221.038 E.02153
G1 X226.025 Y220.934 E.00868
G1 X226.178 Y220.866 E.00906
G1 X226.279 Y220.841 E.00566
G1 X226.562 Y220.824 E.01536
; COOLING_NODE: 0
; WIPE_START
G1 X226.716 Y220.853 E-.05933
G1 X226.879 Y220.941 E-.07051
G1 X227.002 Y221.083 E-.07138
G1 X227.084 Y221.29 E-.08477
G1 X227.103 Y221.56 E-.10266
G1 X227.049 Y221.871 E-.12015
G1 X227.059 Y221.971 E-.03813
G1 X227.017 Y222.233 E-.10065
G1 X226.9 Y222.504 E-.11242
; WIPE_END
G1 E-.04 F1800
M204 S10000
G17
G3 Z48.12 I.485 J-1.116 P1  F60000
G1 X209.617 Y214.986 Z48.12
G1 Z47.72
G1 E.8 F1800
; FEATURE: Inner wall
; LINE_WIDTH: 0.45
G1 F11292.473
M204 S8000
G1 X209.617 Y218.334 E.12721
G1 X220.717 Y218.334 E.42172
G1 X220.717 Y224.599 E.238
G1 X220.693 Y224.873 E.01045
G1 X220.642 Y225.072 E.00783
G1 X220.56 Y225.266 E.00797
G1 X220.449 Y225.448 E.00813
; object ids of layer 199 start: 1901,1902
M624 AwAAAAAAAAA=
;===== machine: H2C timelapse =====
;======== date: 20260731 ========

; SKIPPABLE_START
; SKIPTYPE: timelapse

M1002 judge_flag timelapse_record_flag
M622 J1
    

    
        
    

    
        M971 S11 C10 O0
        M1004 S5 P1  ; external shutter
    

    
        
    
    
    
M623
; SKIPPABLE_END

; object ids of this layer199 end: 1901,1902
M625
G1 X220.343 Y225.578 E.00636
G1 X220.183 Y225.726 E.00826
G1 X220.046 Y225.822 E.00637
G1 X219.791 Y225.942 E.01069
G1 X219.496 Y225.876 E.01152
G1 X218.69 Y225.648 E.03179
G1 X218.217 Y225.551 E.01835
G1 X217.644 Y225.537 E.02178
G1 X217.043 Y225.773 E.02456
G1 X216.734 Y226.032 E.01528
G1 X216.479 Y226.032 E.00969
G1 X216.187 Y225.563 E.02098
G1 X215.627 Y225.184 E.02568
G1 X215.122 Y224.987 E.02061
G1 X214.639 Y224.881 E.01877
G1 X214.165 Y224.84 E.01807
G1 X213.693 Y224.857 E.01796
G1 X213.215 Y224.933 E.01838
G1 X212.722 Y225.085 E.01961
G1 X212.183 Y225.37 E.02316
G1 X211.737 Y225.853 E.02499
G1 X211.529 Y226.032 E.0104
G1 X211.291 Y226.032 E.00907
G1 X210.964 Y225.471 E.02464
G1 X210.293 Y225.184 E.02771
G1 X209.728 Y225.14 E.02154
G1 X209.22 Y225.217 E.01954
G1 X208.755 Y225.356 E.01844
G1 X207.55 Y225.833 E.04921
G1 X207.007 Y225.993 E.02153
G1 X206.7 Y225.891 E.01227
G1 X206.519 Y225.786 E.00796
G1 X206.36 Y225.659 E.00771
G1 X206.17 Y225.444 E.0109
G1 X206.029 Y225.199 E.01075
G1 X205.95 Y224.975 E.00902
G1 X205.906 Y224.68 E.01133
G1 X205.903 Y212.532 E.46156
G1 X188.717 Y212.532 E.65297
G1 X188.717 Y222.782 E.38942
G1 X186.903 Y222.782 E.06888
G1 X186.903 Y210.718 E.45831
G1 X205.903 Y210.718 E.72186
G1 X205.903 Y175.352 E1.34368
G1 X187.903 Y175.352 E.68387
G1 X187.903 Y150.531 E.94298
G1 X181.993 Y150.531 E.22454
G1 X181.993 Y93.968 E2.14898
G1 X185.006 Y93.968 E.11447
G1 X185.006 Y95.781 E.06888
G1 X183.806 Y95.781 E.04559
G1 X183.806 Y145.718 E1.89724
G1 X205.903 Y145.718 E.83952
G1 X205.903 Y133.068 E.48061
G1 X210.221 Y133.068 E.16402
G1 X210.221 Y150.818 E.67437
G1 X210.717 Y150.818 E.01884
G1 X210.717 Y191.882 E1.56009
G1 X210.221 Y191.882 E.01884
G1 X210.221 Y210.568 E.70997
G1 X210.717 Y210.568 E.01884
G1 X210.717 Y210.718 E.0057
G1 X220.717 Y210.718 E.37993
G1 X220.717 Y214.986 E.16213
G1 X209.677 Y214.986 E.41944
; COOLING_NODE: 0
M204 S250
G1 X210 Y215.369 F60000
; FEATURE: Outer wall
; LINE_WIDTH: 0.42
G1 F7188.418
M204 S5000
G1 X210 Y215.951 E.02043
G1 F5742.258
G1 X210 Y216.351 E.01405
G1 F4841.503
G1 X210 Y216.751 E.01405
G1 F4017.549
G1 X210 Y217.151 E.01405
G1 F3270.395
G1 X210 Y217.551 E.01405
G1 F2600.04
G1 X210 Y217.951 E.01405
G1 F2006.486
G1 X210.041 Y217.951 E.00144
G1 F1950
G1 X221.1 Y217.951 E.38853
G1 F2100
G1 X221.1 Y218.15 E.00699
G1 F2706.344
G1 X221.1 Y218.55 E.01405
G1 F3389.487
G1 X221.1 Y218.95 E.01405
G1 F4149.431
G1 X221.1 Y219.35 E.01405
G1 F4986.175
G1 X221.1 Y219.75 E.01405
G1 F5899.718
G1 X221.1 Y220.15 E.01405
G1 F6890.062
G1 X221.1 Y220.55 E.01405
G1 F7957.206
G1 X221.1 Y220.95 E.01405
G1 F9101.149
G1 X221.1 Y221.35 E.01405
G1 F10321.893
G1 X221.1 Y221.75 E.01405
G1 F11619.437
G1 X221.1 Y222.15 E.01405
G1 F12000
G1 X221.1 Y222.55 E.01405
G1 X221.1 Y224.615 E.07257
G1 X221.072 Y224.937 E.01135
G1 X221.006 Y225.195 E.00934
G1 X220.902 Y225.441 E.00939
G1 X220.762 Y225.671 E.00945
G1 X220.623 Y225.841 E.00773
G1 X220.425 Y226.025 E.00949
G1 X220.244 Y226.151 E.00774
G1 X220.005 Y226.274 E.00946
G1 X219.813 Y226.339 E.00711
G1 X219.401 Y226.248 E.01483
G1 X218.6 Y226.02 E.02928
G1 X218.174 Y225.933 E.01527
G1 X217.712 Y225.922 E.01621
G1 X217.241 Y226.107 E.0178
G1 X216.874 Y226.415 E.01684
G1 X216.266 Y226.415 E.02133
G1 X215.904 Y225.835 E.02402
G1 X215.448 Y225.525 E.01938
G1 X215.011 Y225.355 E.01649
G1 X214.581 Y225.261 E.01544
G1 X214.155 Y225.224 E.01503
G1 X213.73 Y225.239 E.01496
G1 X213.302 Y225.307 E.01521
G1 X212.869 Y225.441 E.01592
G1 X212.42 Y225.678 E.01784
G1 X212.004 Y226.129 E.02157
G1 X211.672 Y226.415 E.01539
G1 X211.07 Y226.415 E.02113
G1 X210.696 Y225.774 E.02608
G1 X210.201 Y225.561 E.01895
G1 X209.742 Y225.526 E.01615
G1 X209.304 Y225.592 E.01558
G1 X208.881 Y225.719 E.01551
G1 X207.679 Y226.194 E.04539
G1 X207.01 Y226.387 E.02447
G1 X206.783 Y226.335 E.0082
G1 X206.533 Y226.237 E.0094
G1 X206.302 Y226.104 E.00938
G1 X206.095 Y225.938 E.00932
G1 X205.857 Y225.669 E.01261
G1 X205.679 Y225.36 E.01255
G1 X205.577 Y225.068 E.01086
G1 X205.522 Y224.709 E.01275
G1 X205.52 Y212.915 E.41435
G1 X189.1 Y212.915 E.57687
G1 X189.1 Y223.165 E.36011
G1 X186.52 Y223.165 E.09064
G1 X186.52 Y210.335 E.45075
G1 X205.52 Y210.335 E.66752
G1 X205.52 Y175.735 E1.21558
G1 X187.52 Y175.735 E.63238
G1 X187.52 Y150.915 E.87199
G1 X181.61 Y150.915 E.20763
G1 X181.61 Y93.585 E2.01414
G1 X185.39 Y93.585 E.1328
G1 X185.39 Y96.165 E.09064
G1 X184.19 Y96.165 E.04216
G1 X184.19 Y145.335 E1.72746
G1 X205.52 Y145.335 E.74937
G1 X205.52 Y132.685 E.44443
G1 X210.604 Y132.685 E.17862
G1 X210.604 Y150.435 E.6236
G1 X211.1 Y150.435 E.01742
G1 X211.1 Y192.265 E1.46959
G1 X210.604 Y192.265 E.01742
G1 X210.604 Y210.185 E.62957
G1 X211.1 Y210.185 E.01742
G1 X211.1 Y210.335 E.00527
G1 X221.1 Y210.335 E.35132
G1 X221.1 Y210.77 E.01529
G1 X221.1 Y211.17 E.01405
G1 F11619.437
G1 X221.1 Y211.57 E.01405
G1 F10321.893
G1 X221.1 Y211.97 E.01405
G1 F9101.149
G1 X221.1 Y212.37 E.01405
G1 F7957.206
G1 X221.1 Y212.77 E.01405
G1 F6890.062
G1 X221.1 Y213.17 E.01405
G1 F5899.718
G1 X221.1 Y213.57 E.01405
G1 F4986.175
G1 X221.1 Y213.97 E.01405
G1 F4149.431
G1 X221.1 Y214.37 E.01405
G1 F3389.487
G1 X221.1 Y214.77 E.01405
G1 F2706.344
G1 X221.1 Y215.17 E.01405
G1 F2100
G1 X221.1 Y215.369 E.00699
G1 F1950
G1 X210.06 Y215.369 E.38786
M204 S10000
G1 X209.647 Y214.537 F60000
; FEATURE: Floating vertical shell
; LINE_WIDTH: 0.551554
G1 F8999.1
M204 S8000
G1 X220.207 Y214.537 E.50345
; WIPE_START
G1 X218.207 Y214.537 E-.76
; WIPE_END
G1 E-.04 F1800
M204 S10000
G17
G3 Z48.12 I-.541 J-1.09 P1  F60000
G1 X209.647 Y218.783 Z48.12
G1 Z47.72
G1 E.8 F1800
; LINE_WIDTH: 0.551564
G1 F8998.921
M204 S8000
G1 X220.207 Y218.783 E.50346
; WIPE_START
G1 X218.207 Y218.783 E-.76
; WIPE_END
G1 E-.04 F1800
M204 S10000
G1 X210.578 Y219.016 Z48.12 F60000
G1 X209.258 Y219.056 Z48.12
G1 Z47.72
G1 E.8 F1800
; FEATURE: Sparse infill
; LINE_WIDTH: 0.45
G1 F11292.473
M204 S8000
G1 X209.198 Y218.997 E.0032
G1 X209.198 Y218.435 E.02135
G1 X209.276 Y218.357 E.00416
G1 X209.276 Y217.519 E.03185
G1 X206.245 Y214.488 E.16285
G1 X206.246 Y218.222 E.14186
G1 X209.276 Y215.192 E.1628
G1 X209.276 Y214.963 E.00872
G1 X209.198 Y214.885 E.00416
G1 X209.198 Y214.323 E.02135
G1 X209.434 Y214.087 E.01267
G1 X210.38 Y214.087 E.03596
G1 X213.408 Y211.059 E.16269
G1 X217.844 Y211.059 E.16852
G1 X220.376 Y213.591 E.13602
G1 X220.376 Y211.606 E.07541
G1 X217.894 Y214.087 E.13331
G1 X213.358 Y214.087 E.17236
G1 X210.18 Y210.909 E.17075
G1 X209.88 Y210.909 E.0114
G1 X209.88 Y210.609 E.0114
G1 X206.244 Y206.974 E.19532
G1 X206.244 Y203.195 E.14357
G1 X209.88 Y199.56 E.19532
G1 X209.88 Y203.095 E.13432
G1 X206.244 Y199.46 E.19532
G1 X206.244 Y195.681 E.14357
G1 X209.88 Y192.046 E.19532
G1 X209.88 Y195.581 E.13432
G1 X206.244 Y191.946 E.19532
G1 X206.244 Y190.352 E.06056
; WIPE_START
G1 X206.244 Y191.946 E-.60572
G1 X206.532 Y192.233 E-.15428
; WIPE_END
G1 E-.04 F1800
M204 S10000
G1 X201.217 Y197.711 Z48.12 F60000
G1 X187.244 Y212.11 Z48.12
G1 Z47.72
G1 E.8 F1800
G1 F11292.473
M204 S8000
G1 X187.244 Y211.059 E.03992
G1 X187.788 Y211.059 E.02064
G1 X188.919 Y212.191 E.06077
G1 X189.735 Y212.191 E.03101
G1 X190.866 Y211.059 E.06077
G1 X195.302 Y211.059 E.16852
G1 X196.433 Y212.191 E.06077
G1 X197.249 Y212.191 E.03101
G1 X198.38 Y211.059 E.06077
G1 X202.816 Y211.059 E.16852
G1 X203.947 Y212.191 E.06077
G1 X204.763 Y212.191 E.03101
G1 X205.894 Y211.059 E.06077
G1 X206.244 Y211.059 E.01331
G1 X206.244 Y210.709 E.01331
G1 X209.88 Y207.074 E.19532
G1 X209.88 Y205.48 E.06056
; WIPE_START
G1 X209.88 Y207.074 E-.60572
G1 X209.593 Y207.361 E-.15429
; WIPE_END
G1 E-.04 F1800
M204 S10000
G1 X207.697 Y214.754 Z48.12 F60000
G1 X206.246 Y220.41 Z48.12
G1 Z47.72
G1 E.8 F1800
G1 F11292.473
M204 S8000
G1 X206.246 Y222.004 E.06056
G1 X209.13 Y224.888 E.15493
G1 X208.643 Y225.034 E.01932
G1 X207.439 Y225.51 E.04917
G1 X207.013 Y225.635 E.01689
G1 X206.841 Y225.578 E.00689
G1 X206.711 Y225.503 E.00568
G1 X206.584 Y225.398 E.00628
G1 X212.749 Y219.233 E.33125
G1 X210.989 Y219.233 E.06688
G1 X217.129 Y225.373 E.32991
G1 X216.866 Y225.476 E.01073
G1 X216.648 Y225.659 E.0108
G1 X216.438 Y225.321 E.01511
G1 X215.787 Y224.88 E.02989
G1 X215.221 Y224.659 E.02309
G1 X214.905 Y224.591 E.01226
G1 X220.263 Y219.233 E.28788
G1 X218.503 Y219.233 E.06688
G1 X220.376 Y221.105 E.10061
G1 X220.376 Y222.699 E.06056
; WIPE_START
G1 X220.376 Y221.105 E-.60571
G1 X220.088 Y220.818 E-.15429
; WIPE_END
G1 E-.04 F1800
M204 S10000
G1 X212.456 Y220.768 Z48.12 F60000
G1 X187.244 Y220.601 Z48.12
G1 Z47.72
G1 E.8 F1800
G1 F11292.473
M204 S8000
G1 X187.244 Y222.195 E.06056
G1 X188.376 Y221.064 E.06077
G1 X188.376 Y219.162 E.07228
G1 X187.244 Y218.03 E.06077
G1 X187.244 Y214.681 E.12725
G1 X188.376 Y213.55 E.06077
G1 X188.376 Y215.144 E.06056
; WIPE_START
G1 X188.376 Y213.55 E-.60571
G1 X188.088 Y213.837 E-.15429
; WIPE_END
G1 E-.04 F1800
M204 S10000
G1 X190.815 Y206.708 Z48.12 F60000
G1 X210.376 Y155.573 Z48.12
G1 Z47.72
G1 E.8 F1800
G1 F11292.473
M204 S8000
G1 X210.376 Y153.979 E.06056
G1 X189.344 Y175.011 E1.13
G1 X189.309 Y175.011 E.00134
G1 X188.244 Y173.946 E.05721
G1 X188.244 Y172.352 E.06056
; WIPE_START
G1 X188.244 Y173.946 E-.60572
G1 X188.532 Y174.233 E-.15429
; WIPE_END
G1 E-.04 F1800
M204 S10000
G1 X192.455 Y167.686 Z48.12 F60000
G1 X206.244 Y144.676 Z48.12
G1 Z47.72
G1 E.8 F1800
G1 F11292.473
M204 S8000
G1 X206.244 Y143.082 E.06056
G1 X209.88 Y139.447 E.19532
G1 X209.88 Y142.982 E.13432
G1 X206.244 Y139.347 E.19532
G1 X206.244 Y135.568 E.14357
G1 X208.403 Y133.409 E.11599
G1 X207.821 Y133.409 E.02213
G1 X209.88 Y135.468 E.11063
G1 X209.88 Y137.062 E.06056
; WIPE_START
G1 X209.88 Y135.468 E-.60572
G1 X209.593 Y135.181 E-.15429
; WIPE_END
G1 E-.04 F1800
M204 S10000
G17
G3 Z48.12 I1.011 J-.677 P1  F60000
G1 X182.334 Y94.489 Z48.12
G1 Z47.72
G1 E.8 F1800
G1 F11292.473
M204 S8000
G1 X182.334 Y94.309 E.00682
G1 X183.749 Y94.309 E.05374
G1 X184.666 Y95.226 E.04924
G1 X184.666 Y95.441 E.00815
G1 X183.466 Y95.441 E.04559
G1 X183.466 Y98.234 E.10615
G1 X182.334 Y99.365 E.06077
G1 X182.334 Y100.409 E.03964
G1 X183.466 Y101.54 E.06077
G1 X183.466 Y105.748 E.15989
G1 X182.334 Y106.88 E.06077
G1 X182.334 Y107.923 E.03964
G1 X183.466 Y109.054 E.06077
G1 X183.466 Y113.263 E.15989
G1 X182.334 Y114.394 E.06077
G1 X182.334 Y115.437 E.03964
G1 X183.466 Y116.568 E.06077
G1 X183.466 Y120.777 E.15989
G1 X182.334 Y121.908 E.06077
G1 X182.334 Y122.951 E.03964
G1 X183.466 Y124.082 E.06077
G1 X183.466 Y128.291 E.15989
G1 X182.334 Y129.422 E.06077
G1 X182.334 Y130.465 E.03964
G1 X183.466 Y131.596 E.06077
G1 X183.466 Y135.805 E.15989
G1 X182.334 Y136.936 E.06077
G1 X182.334 Y137.979 E.03964
G1 X183.466 Y139.111 E.06077
G1 X183.466 Y143.319 E.15989
G1 X182.334 Y144.45 E.06077
G1 X182.334 Y145.494 E.03964
G1 X187.031 Y150.191 E.25237
G1 X184.108 Y150.191 E.11107
G1 X188.239 Y146.059 E.22196
G1 X190.414 Y146.059 E.08264
G1 X210.376 Y166.021 E1.07251
G1 X210.376 Y169.008 E.11349
G1 X204.373 Y175.011 E.32254
G1 X204.337 Y175.011 E.00134
G1 X188.244 Y158.918 E.86467
G1 X188.244 Y161.082 E.08224
G1 X203.267 Y146.059 E.80718
G1 X205.443 Y146.059 E.08264
G1 X209.88 Y150.497 E.23841
G1 X209.88 Y146.961 E.13432
G1 X188.244 Y168.596 E1.16246
G1 X188.244 Y166.432 E.08224
G1 X196.823 Y175.011 E.46094
G1 X196.859 Y175.011 E.00134
G1 X210.376 Y161.494 E.72627
G1 X210.376 Y158.506 E.11349
G1 X197.929 Y146.059 E.66878
G1 X195.753 Y146.059 E.08264
G1 X188.244 Y153.568 E.40345
G1 X188.244 Y151.404 E.08224
G1 X210.376 Y173.535 E1.1891
G1 X210.376 Y176.522 E.11349
G1 X206.244 Y180.653 E.22196
G1 X206.244 Y176.918 E.14191
G1 X210.376 Y181.049 E.22196
G1 X210.376 Y184.036 E.11349
G1 X206.244 Y188.167 E.22196
G1 X206.244 Y184.432 E.14191
G1 X210.376 Y188.563 E.22196
G1 X210.376 Y186.969 E.06056
; OBJECT_ID: 1901
; WIPE_START
G1 X210.376 Y188.563 E-.60572
G1 X210.088 Y188.276 E-.15429
; WIPE_END
G1 E-.04 F1800
; FEATURE: Other object
; stop printing object, unique label id: 1902
M625
; FEATURE: Other object
; start printing object, unique label id: 1901
M624 AQAAAAAAAAA=
M204 S10000
G1 X202.73 Y190.303 Z48.12 F60000
G1 X110.915 Y215.605 Z48.12
G1 Z47.72
G1 E.8 F1800
; FEATURE: Other object
; LINE_WIDTH: 0.62
G1 F7915.629
M204 S8000
G1 X110.996 Y215.532 E.00593
G1 X111.152 Y215.452 E.0095
G1 X111.311 Y215.416 E.00884
G1 X111.609 Y215.412 E.01614
G1 X111.652 Y214.794 E.0336
G1 X111.871 Y214.809 E.01189
G1 X112.125 Y214.921 E.01503
G1 X112.326 Y215.115 E.01512
G1 X112.456 Y215.377 E.01586
G1 X112.548 Y215.949 E.03144
G1 X112.518 Y216.278 E.01789
G1 X112.361 Y216.64 E.02137
G1 X112.154 Y216.902 E.01808
G1 X111.887 Y217.095 E.01788
G1 X111.583 Y217.21 E.01764
G1 X111.271 Y217.238 E.01695
G1 X110.936 Y217.173 E.01851
G1 X110.696 Y217.053 E.01454
G1 X110.38 Y216.784 E.02248
G1 X110.201 Y216.505 E.01798
G1 X110.11 Y216.188 E.01791
G1 X110.114 Y215.855 E.01804
G1 X110.212 Y215.526 E.01861
G1 X110.396 Y215.237 E.01859
G1 X110.642 Y215.017 E.01788
G1 X110.928 Y214.87 E.01742
G1 X111.24 Y214.797 E.01738
G1 X111.567 Y214.788 E.01774
; WIPE_START
G1 X111.871 Y214.809 E-.11575
G1 X112.125 Y214.921 E-.10535
G1 X112.326 Y215.115 E-.10601
G1 X112.456 Y215.377 E-.1112
G1 X112.548 Y215.949 E-.2204
G1 X112.524 Y216.215 E-.10128
; WIPE_END
G1 E-.04 F1800
M204 S10000
G17
G3 Z48.12 I.107 J-1.212 P1  F60000
G1 X105.878 Y215.63 Z48.12
G1 Z47.72
G1 E.8 F1800
G1 F7915.629
M204 S8000
G1 X105.86 Y215.569 E.00345
G1 X105.86 Y215.437 E.00718
G1 X105.894 Y215.326 E.00626
G1 X105.949 Y215.246 E.00526
G1 X106.018 Y215.193 E.00474
G1 X106.099 Y215.165 E.00465
G1 X106.199 Y215.163 E.00543
G1 X106.368 Y214.567 E.03361
G1 X106.583 Y214.632 E.01218
G1 X106.855 Y214.812 E.01768
G1 X107.072 Y215.068 E.01817
G1 X107.211 Y215.37 E.01803
G1 X107.258 Y215.688 E.01741
G1 X107.212 Y215.989 E.01649
G1 X107.082 Y216.249 E.01577
G1 X106.881 Y216.451 E.01547
G1 X106.623 Y216.581 E.01563
G1 X106.338 Y216.625 E.01564
G1 X106.028 Y216.581 E.01699
G1 X105.743 Y216.448 E.01702
G1 X105.503 Y216.235 E.01737
G1 X105.33 Y215.963 E.0175
G1 X105.24 Y215.658 E.01725
G1 X105.24 Y215.345 E.01694
G1 X105.328 Y215.055 E.0164
G1 X105.493 Y214.815 E.01581
G1 X105.72 Y214.64 E.01551
G1 X105.99 Y214.546 E.01553
G1 X106.287 Y214.542 E.01606
; WIPE_START
G1 X106.583 Y214.632 E-.11776
G1 X106.855 Y214.812 E-.12399
G1 X107.072 Y215.068 E-.12739
G1 X107.211 Y215.37 E-.1264
G1 X107.258 Y215.688 E-.12205
G1 X107.212 Y215.989 E-.11563
G1 X107.181 Y216.052 E-.02677
; WIPE_END
G1 E-.04 F1800
M204 S10000
G17
G3 Z48.12 I-.472 J-1.122 P1  F60000
G1 X101.267 Y218.542 Z48.12
G1 Z47.72
G1 E.8 F1800
G1 F7915.629
M204 S8000
G1 X101.185 Y218.131 E.02276
G1 X101.189 Y217.937 E.01051
G1 X101.222 Y217.79 E.00817
G1 X101.289 Y217.649 E.00847
G1 X101.382 Y217.544 E.00759
G1 X101.482 Y217.486 E.00626
G1 X101.601 Y217.461 E.0066
G1 X101.653 Y216.843 E.03361
G1 X101.899 Y216.87 E.01343
G1 X102.274 Y217.037 E.02224
G1 X102.603 Y217.315 E.02337
G1 X102.858 Y217.673 E.02379
G1 X103.025 Y217.796 E.01126
G1 X103.238 Y218.063 E.01848
G1 X103.366 Y218.361 E.0176
G1 X103.409 Y218.683 E.0176
G1 X103.359 Y219.002 E.01751
G1 X103.221 Y219.292 E.01738
G1 X103.01 Y219.528 E.01719
G1 X102.773 Y219.682 E.01531
G1 X102.395 Y220.328 E.04055
G1 X102.325 Y220.738 E.02255
G1 X102.161 Y221.102 E.02161
G1 X101.915 Y221.415 E.02161
G1 X101.609 Y221.653 E.02102
G1 X101.303 Y221.789 E.01811
G1 X101.064 Y221.839 E.01327
G1 X100.803 Y221.847 E.01414
G1 X100.515 Y221.786 E.01596
G1 X100.233 Y221.63 E.01746
G1 X100.012 Y221.396 E.01743
G1 X99.858 Y221.068 E.01964
G1 X99.818 Y220.848 E.01211
G1 X99.817 Y220.574 E.01486
G1 X99.899 Y220.227 E.01933
G1 X100.072 Y219.89 E.02054
G1 X100.327 Y219.597 E.02101
G1 X100.524 Y219.459 E.01308
G1 X100.659 Y218.664 E.04371
G1 X100.563 Y218.185 E.02646
G1 X100.571 Y217.862 E.01752
G1 X100.631 Y217.588 E.01522
G1 X100.767 Y217.301 E.01716
G1 X100.986 Y217.058 E.01775
G1 X101.257 Y216.9 E.017
G1 X101.568 Y216.835 E.01724
; WIPE_START
G1 X101.899 Y216.87 E-.12655
G1 X102.274 Y217.037 E-.15589
G1 X102.603 Y217.315 E-.16383
G1 X102.858 Y217.673 E-.16678
G1 X103.025 Y217.796 E-.07893
G1 X103.137 Y217.936 E-.06802
; WIPE_END
G1 E-.04 F1800
M204 S10000
G17
G3 Z48.12 I.994 J-.702 P1  F60000
G1 X98.423 Y211.26 Z48.12
G1 Z47.72
G1 E.8 F1800
G1 F7915.629
M204 S8000
G1 X98.403 Y211.136 E.00684
G1 X98.419 Y210.991 E.00786
G1 X98.469 Y210.872 E.00704
G1 X98.542 Y210.785 E.00612
G1 X98.626 Y210.732 E.00537
G1 X98.724 Y210.708 E.0055
G1 X98.756 Y210.089 E.03361
G1 X98.976 Y210.107 E.01193
G1 X99.277 Y210.229 E.01761
G1 X99.542 Y210.44 E.01838
G1 X99.736 Y210.699 E.01755
G1 X99.862 Y211.012 E.01829
G1 X99.901 Y211.347 E.01826
G1 X99.847 Y211.658 E.01709
G1 X99.711 Y211.924 E.01622
G1 X99.505 Y212.131 E.01583
G1 X99.244 Y212.265 E.01586
G1 X98.947 Y212.316 E.01636
G1 X98.638 Y212.276 E.01691
G1 X98.34 Y212.143 E.01764
G1 X98.102 Y211.945 E.01678
G1 X97.94 Y211.722 E.01498
G1 X97.829 Y211.474 E.0147
G1 X97.777 Y211.151 E.01775
G1 X97.813 Y210.833 E.01732
G1 X97.934 Y210.545 E.01694
G1 X98.129 Y210.312 E.01644
G1 X98.38 Y210.154 E.0161
G1 X98.671 Y210.083 E.01623
; WIPE_START
G1 X98.976 Y210.107 E-.11608
G1 X99.277 Y210.229 E-.12348
G1 X99.542 Y210.44 E-.1289
G1 X99.736 Y210.699 E-.12301
G1 X99.862 Y211.012 E-.12825
G1 X99.901 Y211.347 E-.12805
G1 X99.895 Y211.379 E-.01223
; WIPE_END
G1 E-.04 F1800
M204 S10000
G17
G3 Z48.12 I1.187 J-.269 P1  F60000
G1 X98.646 Y205.862 Z48.12
G1 Z47.72
G1 E.8 F1800
G1 F7915.629
M204 S8000
G1 X98.552 Y205.747 E.00803
G1 X98.515 Y205.606 E.00793
G1 X98.519 Y205.464 E.00767
G1 X98.566 Y205.318 E.00831
G1 X98.654 Y205.188 E.00853
G1 X98.779 Y205.082 E.00886
G1 X98.916 Y205.018 E.00823
G1 X99.042 Y204.999 E.00687
G1 X99.126 Y204.384 E.03361
G1 X99.337 Y204.417 E.01159
G1 X99.597 Y204.546 E.01575
G1 X99.8 Y204.747 E.01547
G1 X99.93 Y205.004 E.01561
G1 X99.975 Y205.299 E.0162
G1 X99.928 Y205.614 E.01725
G1 X99.789 Y205.922 E.0183
G1 X99.521 Y206.261 E.02344
G1 X99.51 Y206.449 E.01023
G1 X99.59 Y207.19 E.0404
G1 X99.906 Y207.544 E.02571
G1 X100.045 Y207.832 E.01733
G1 X100.092 Y208.133 E.01654
G1 X100.046 Y208.421 E.01578
G1 X99.915 Y208.674 E.01545
G1 X99.708 Y208.874 E.0156
G1 X99.476 Y208.988 E.01403
G1 X99.133 Y209.051 E.01887
G1 X98.824 Y209.008 E.01694
G1 X98.53 Y208.875 E.01745
G1 X98.282 Y208.665 E.01764
G1 X98.099 Y208.398 E.01753
G1 X98 Y208.098 E.0171
G1 X97.994 Y207.793 E.01658
G1 X98.081 Y207.507 E.01617
G1 X98.304 Y207.191 E.02098
G1 X98.256 Y206.358 E.04522
G1 X98.077 Y206.152 E.01478
G1 X97.962 Y205.945 E.01285
G1 X97.893 Y205.675 E.01506
G1 X97.902 Y205.359 E.01714
G1 X98.002 Y205.044 E.01795
G1 X98.189 Y204.77 E.01797
G1 X98.441 Y204.556 E.01793
G1 X98.734 Y204.419 E.01754
G1 X99.041 Y204.372 E.01684
; WIPE_START
G1 X99.337 Y204.417 E-.11367
G1 X99.597 Y204.546 E-.11043
G1 X99.8 Y204.747 E-.10845
G1 X99.93 Y205.004 E-.10945
G1 X99.975 Y205.299 E-.11357
G1 X99.928 Y205.614 E-.12095
G1 X99.838 Y205.814 E-.08347
; WIPE_END
G1 E-.04 F1800
M204 S10000
G17
G3 Z48.12 I1.206 J-.165 P1  F60000
G1 X98.567 Y196.509 Z48.12
G1 Z47.72
G1 E.8 F1800
G1 F7915.629
M204 S8000
G1 X98.62 Y196.355 E.00883
G1 X98.623 Y196.165 E.0103
G1 X98.665 Y196.04 E.00713
G1 X98.75 Y195.916 E.00818
G1 X98.869 Y195.815 E.00846
G1 X99.004 Y195.754 E.00801
G1 X99.142 Y195.735 E.00756
G1 X99.228 Y195.121 E.03361
G1 X99.449 Y195.153 E.01207
G1 X99.716 Y195.282 E.01608
G1 X99.923 Y195.481 E.01554
G1 X100.054 Y195.733 E.01542
G1 X100.1 Y196.021 E.01582
G1 X100.053 Y196.325 E.01668
G1 X99.994 Y196.448 E.00736
G1 X99.854 Y197.177 E.04022
G1 X99.975 Y197.524 E.01992
G1 X100.003 Y197.897 E.02028
G1 X99.934 Y198.267 E.0204
G1 X99.824 Y198.519 E.0149
G1 X99.568 Y198.856 E.02294
G1 X99.278 Y199.065 E.0194
G1 X98.97 Y199.166 E.01756
G1 X98.656 Y199.166 E.01698
G1 X98.353 Y199.066 E.01731
G1 X98.081 Y198.873 E.01807
G1 X97.898 Y198.649 E.01567
G1 X97.695 Y198.248 E.02436
G1 X97.587 Y197.874 E.02112
G1 X97.575 Y197.494 E.02057
G1 X97.656 Y197.128 E.02035
G1 X97.776 Y196.899 E.01399
G1 X98.002 Y196.245 E.03749
G1 X98.005 Y196.059 E.01008
G1 X98.104 Y195.762 E.017
G1 X98.287 Y195.496 E.01746
G1 X98.535 Y195.286 E.01765
G1 X98.829 Y195.153 E.01749
G1 X99.144 Y195.108 E.01723
; WIPE_START
G1 X99.449 Y195.153 E-.11701
G1 X99.716 Y195.282 E-.11271
G1 X99.923 Y195.481 E-.10896
G1 X100.054 Y195.733 E-.10814
G1 X100.1 Y196.021 E-.11095
G1 X100.053 Y196.325 E-.11693
G1 X99.994 Y196.448 E-.05161
G1 X99.978 Y196.535 E-.03369
; WIPE_END
G1 E-.04 F1800
M204 S10000
G17
G3 Z48.12 I1.17 J-.335 P1  F60000
G1 X98.225 Y190.405 Z48.12
G1 Z47.72
G1 E.8 F1800
G1 F7915.629
M204 S8000
G1 X98.343 Y190.174 E.0141
G1 X98.461 Y190.046 E.00941
G1 X98.587 Y189.96 E.00829
G1 X98.718 Y189.912 E.00753
G1 X98.859 Y189.902 E.00767
G1 X98.994 Y189.297 E.03361
G1 X99.217 Y189.352 E.01248
G1 X99.493 Y189.521 E.01752
G1 X99.724 Y189.789 E.01918
G1 X99.884 Y190.146 E.02121
G1 X99.949 Y190.541 E.02169
G1 X99.917 Y190.972 E.02345
G1 X99.806 Y191.329 E.02023
G1 X99.607 Y191.622 E.0192
G1 X99.337 Y191.856 E.01937
G1 X99.018 Y192.004 E.01909
G1 X98.679 Y192.053 E.01856
G1 X98.347 Y192.001 E.0182
G1 X98.048 Y191.855 E.018
G1 X97.806 Y191.627 E.01808
G1 X97.635 Y191.331 E.01847
G1 X97.552 Y190.987 E.01919
G1 X97.556 Y190.5 E.02643
G1 X97.657 Y190.132 E.02068
G1 X97.838 Y189.806 E.02018
G1 X98.054 Y189.574 E.01722
G1 X98.3 Y189.406 E.01614
G1 X98.586 Y189.299 E.01652
G1 X98.911 Y189.277 E.01766
; WIPE_START
G1 X99.217 Y189.352 E-.1199
G1 X99.493 Y189.521 E-.12286
G1 X99.724 Y189.789 E-.1345
G1 X99.884 Y190.146 E-.14868
G1 X99.949 Y190.541 E-.15204
G1 X99.933 Y190.756 E-.08202
; WIPE_END
G1 E-.04 F1800
M204 S10000
G17
G3 Z48.12 I1.19 J-.255 P1  F60000
G1 X98.41 Y183.65 Z48.12
G1 Z47.72
G1 E.8 F1800
G1 F7915.629
M204 S8000
G1 X98.391 Y183.537 E.00624
G1 X98.407 Y183.389 E.00805
G1 X98.46 Y183.263 E.0074
G1 X98.533 Y183.173 E.0063
G1 X98.616 Y183.12 E.00532
G1 X98.709 Y183.096 E.00523
G1 X98.739 Y182.477 E.03361
G1 X98.957 Y182.494 E.01184
G1 X99.258 Y182.617 E.0176
G1 X99.523 Y182.83 E.01841
G1 X99.718 Y183.096 E.01793
G1 X99.842 Y183.407 E.01812
G1 X99.881 Y183.744 E.01838
G1 X99.826 Y184.058 E.01728
G1 X99.69 Y184.327 E.01635
G1 X99.484 Y184.536 E.0159
G1 X99.225 Y184.672 E.01585
G1 X98.929 Y184.724 E.01626
G1 X98.623 Y184.685 E.01677
G1 X98.328 Y184.553 E.01748
G1 X98.082 Y184.347 E.0174
G1 X97.922 Y184.12 E.01507
G1 X97.823 Y183.895 E.01334
G1 X97.766 Y183.555 E.01866
G1 X97.801 Y183.234 E.01749
G1 X97.922 Y182.941 E.01719
G1 X98.116 Y182.705 E.01658
G1 X98.366 Y182.544 E.01611
G1 X98.654 Y182.471 E.01614
; WIPE_START
G1 X98.957 Y182.494 E-.11543
G1 X99.258 Y182.617 E-.12342
G1 X99.523 Y182.83 E-.12907
G1 X99.718 Y183.096 E-.1257
G1 X99.842 Y183.407 E-.12706
G1 X99.881 Y183.744 E-.12888
G1 X99.876 Y183.771 E-.01044
; WIPE_END
G1 E-.04 F1800
M204 S10000
G17
G3 Z48.12 I1.111 J-.497 P1  F60000
G1 X98.529 Y180.761 Z48.12
G1 Z47.72
G1 E.8 F1800
G1 F7915.629
M204 S8000
G1 X98.581 Y180.611 E.0086
G1 X98.651 Y180.51 E.00666
G1 X98.773 Y180.408 E.00861
G1 X98.911 Y180.345 E.00824
G1 X99.04 Y180.326 E.00704
G1 X99.125 Y179.711 E.03361
G1 X99.338 Y179.744 E.01166
G1 X99.599 Y179.873 E.01581
G1 X99.803 Y180.074 E.01548
G1 X99.933 Y180.33 E.01561
G1 X99.978 Y180.623 E.01607
G1 X99.932 Y180.935 E.01708
G1 X99.791 Y181.238 E.0181
G1 X99.575 Y181.506 E.01865
G1 X99.366 Y181.654 E.01389
G1 X99.3 Y181.7 E.00435
G1 X98.989 Y181.804 E.01777
G1 X98.708 Y181.811 E.01523
G1 X98.438 Y181.735 E.01523
G1 X98.186 Y181.566 E.01644
G1 X97.996 Y181.311 E.01721
G1 X97.897 Y180.985 E.01845
G1 X97.905 Y180.67 E.01712
G1 X98.023 Y180.329 E.01957
G1 X98.188 Y180.088 E.01582
G1 X98.44 Y179.879 E.01773
G1 X98.733 Y179.744 E.01749
G1 X99.041 Y179.699 E.01686
; WIPE_START
G1 X99.338 Y179.744 E-.11417
G1 X99.599 Y179.873 E-.11084
G1 X99.803 Y180.074 E-.1085
G1 X99.933 Y180.33 E-.10945
G1 X99.978 Y180.623 E-.11266
G1 X99.932 Y180.935 E-.11975
G1 X99.838 Y181.137 E-.08463
; WIPE_END
G1 E-.04 F1800
M204 S10000
G17
G3 Z48.12 I-1.192 J.246 P1  F60000
G1 X108.117 Y221.264 Z48.12
G1 Z47.72
G1 E.8 F1800
G1 F7915.629
M204 S8000
G1 X108.49 Y220.987 E.0252
G1 X108.713 Y220.898 E.01298
G1 X108.968 Y220.864 E.01397
G1 X109.03 Y220.247 E.0336
G1 X109.331 Y220.277 E.01641
G1 X109.68 Y220.4 E.02002
G1 X109.959 Y220.587 E.01823
G1 X110.173 Y220.829 E.01754
G1 X110.313 Y221.121 E.01754
G1 X110.362 Y221.439 E.01742
G1 X110.314 Y221.757 E.01744
G1 X110.175 Y222.05 E.01757
G1 X109.962 Y222.294 E.01756
G1 X109.679 Y222.485 E.01849
G1 X109.332 Y222.609 E.01999
G1 X109.03 Y222.637 E.01644
G1 X108.401 Y222.962 E.03836
G1 X108.249 Y223.078 E.01036
G1 X107.915 Y223.222 E.01973
G1 X107.654 Y223.264 E.01435
G1 X107.421 Y223.263 E.01261
G1 X107.154 Y223.205 E.01483
G1 X106.865 Y223.049 E.01777
G1 X106.643 Y222.82 E.01733
G1 X106.499 Y222.531 E.01749
G1 X106.445 Y222.253 E.01536
G1 X106.451 Y221.981 E.01471
G1 X106.529 Y221.661 E.01786
G1 X106.706 Y221.322 E.02073
G1 X106.965 Y221.029 E.0212
G1 X107.286 Y220.809 E.02108
G1 X107.64 Y220.684 E.02037
G1 X107.877 Y220.67 E.01283
G1 X108.186 Y220.441 E.02085
G1 X108.552 Y220.294 E.0214
G1 X108.945 Y220.239 E.02151
; WIPE_START
G1 X109.331 Y220.277 E-.14747
G1 X109.68 Y220.4 E-.14036
G1 X109.959 Y220.587 E-.12779
G1 X110.173 Y220.829 E-.12295
G1 X110.313 Y221.121 E-.12294
G1 X110.352 Y221.377 E-.09849
; WIPE_END
G1 E-.04 F1800
M204 S10000
G17
G3 Z48.12 I1.187 J.268 P1  F60000
G1 X137.579 Y100.642 Z48.12
G1 Z47.72
G1 E.8 F1800
G1 F7915.629
M204 S8000
G1 X137.534 Y100.133 E.0277
G1 X137.639 Y100.128 E.00569
G1 X137.718 Y99.512 E.03363
G1 X137.844 Y99.523 E.00684
G1 X138.166 Y99.727 E.02068
G1 X138.413 Y99.764 E.01355
G1 X138.568 Y99.873 E.01027
G1 X138.724 Y100.05 E.01278
G1 X138.822 Y100.253 E.01221
G1 X138.85 Y100.453 E.01096
G1 X138.812 Y100.643 E.01049
G1 X138.705 Y100.827 E.01155
G1 X138.472 Y101.045 E.01727
G1 X138.261 Y101.472 E.02583
G1 X138.118 Y101.641 E.01201
G1 X137.9 Y101.756 E.01337
G1 X137.698 Y101.813 E.01136
G1 X137.421 Y101.809 E.01502
G1 X137.241 Y101.732 E.01061
G1 X137.128 Y101.625 E.00846
G1 X137.031 Y101.449 E.01084
G1 X136.974 Y101.207 E.01349
G1 X136.978 Y100.953 E.01379
G1 X136.935 Y100.304 E.03524
G1 X136.894 Y100.076 E.01257
G1 X136.907 Y99.898 E.00967
G1 X136.973 Y99.745 E.00903
G1 X137.097 Y99.625 E.00935
G1 X137.386 Y99.521 E.01663
G1 X137.633 Y99.505 E.01341
; WIPE_START
G1 X137.844 Y99.523 E-.08038
G1 X138.166 Y99.727 E-.145
G1 X138.413 Y99.764 E-.09502
G1 X138.568 Y99.873 E-.07201
G1 X138.724 Y100.05 E-.0896
G1 X138.822 Y100.253 E-.08558
G1 X138.85 Y100.453 E-.07686
G1 X138.812 Y100.643 E-.07358
G1 X138.756 Y100.738 E-.04197
; WIPE_END
G1 E-.04 F1800
M204 S10000
G17
G3 Z48.12 I-.033 J1.217 P1  F60000
G1 X140.347 Y100.781 Z48.12
G1 Z47.72
G1 E.8 F1800
G1 F7915.629
M204 S8000
G1 X140.304 Y100.561 E.01214
G1 X140.456 Y100.336 E.01475
G1 X140.563 Y100.325 E.00586
G1 X140.736 Y99.714 E.0344
G1 X140.806 Y99.728 E.00385
G1 X140.968 Y99.816 E.01006
G1 X141.092 Y99.958 E.01018
G1 X141.173 Y100.165 E.01209
G1 X141.193 Y100.435 E.01464
G1 X141.138 Y100.746 E.01715
G1 X141.148 Y100.846 E.00544
G1 X141.106 Y101.107 E.01434
G1 X140.986 Y101.387 E.01652
G1 X140.833 Y101.562 E.01257
G1 X140.684 Y101.641 E.00915
G1 X140.509 Y101.661 E.00952
G1 X140.313 Y101.617 E.01089
G1 X140.115 Y101.51 E.01222
G1 X139.944 Y101.369 E.01201
G1 X139.818 Y101.206 E.01117
G1 X139.686 Y100.702 E.02823
G1 X139.682 Y100.449 E.01374
G1 X139.762 Y100.236 E.01233
G1 X139.993 Y99.913 E.02151
G1 X140.115 Y99.809 E.00872
G1 X140.267 Y99.741 E.00902
G1 X140.369 Y99.716 E.00568
G1 X140.652 Y99.699 E.01535
; COOLING_NODE: 0
; WIPE_START
G1 X140.806 Y99.728 E-.05942
G1 X140.968 Y99.816 E-.0705
G1 X141.092 Y99.958 E-.07136
G1 X141.173 Y100.165 E-.08475
G1 X141.193 Y100.435 E-.10264
G1 X141.138 Y100.746 E-.12021
G1 X141.148 Y100.846 E-.03815
G1 X141.106 Y101.107 E-.10051
G1 X140.989 Y101.379 E-.11246
; WIPE_END
G1 E-.04 F1800
M204 S10000
G17
G3 Z48.12 I-1.2 J-.202 P1  F60000
G1 X125.994 Y190.493 Z48.12
G1 Z47.72
G1 E.8 F1800
; FEATURE: Other object
; LINE_WIDTH: 0.45
G1 F11292.473
M204 S8000
G1 X130.807 Y190.493 E.18286
G1 X130.807 Y213.257 E.86483
G1 X125.994 Y213.257 E.18286
G1 X125.994 Y211.407 E.07029
G1 X122.607 Y211.407 E.12868
G1 X122.607 Y212.157 E.02849
G1 X121.794 Y212.157 E.03089
G1 X121.794 Y197.593 E.55329
G1 X122.607 Y197.593 E.03089
G1 X122.607 Y201.593 E.15197
G1 X125.994 Y201.593 E.12868
G1 X125.994 Y190.553 E.41944
; COOLING_NODE: 0
; WIPE_START
G1 X127.993 Y190.529 E-.76
; WIPE_END
G1 E-.04 F1800
M204 S10000
G1 X127.614 Y182.906 Z48.12 F60000
G1 X123.707 Y104.291 Z48.12
G1 Z47.72
G1 E.8 F1800
G1 F11292.473
M204 S8000
G1 X123.707 Y107.639 E.12721
G1 X134.807 Y107.639 E.42172
G1 X134.807 Y111.906 E.16213
G1 X124.807 Y111.906 E.37993
G1 X124.807 Y112.056 E.0057
G1 X124.311 Y112.056 E.01884
G1 X124.311 Y130.743 E.70997
G1 X124.807 Y130.743 E.01884
G1 X124.807 Y171.807 E1.56009
G1 X124.311 Y171.807 E.01884
G1 X124.311 Y189.907 E.68767
G1 X118.807 Y189.907 E.20912
G1 X118.807 Y212.757 E.86813
G1 X101.993 Y212.757 E.63877
G1 X101.993 Y176.907 E1.36204
G1 X98.284 Y176.907 E.14092
G1 X98.293 Y170.093 E.25885
G1 X101.993 Y170.093 E.1406
G1 X101.993 Y147.273 E.86699
G1 X119.993 Y147.273 E.68387
G1 X119.993 Y111.906 E1.34368
G1 X100.993 Y111.906 E.72186
G1 X100.993 Y99.843 E.45831
G1 X102.807 Y99.843 E.06888
G1 X102.807 Y110.093 E.38942
G1 X119.993 Y110.093 E.65298
G1 X119.994 Y97.976 E.46037
G1 X120.011 Y97.787 E.00722
G1 X120.081 Y97.514 E.0107
G1 X120.239 Y97.208 E.01308
G1 X120.448 Y96.966 E.01216
G1 X120.728 Y96.765 E.0131
G1 X120.881 Y96.694 E.00642
G1 X121.093 Y96.631 E.00838
G1 X121.641 Y96.792 E.02168
G1 X122.845 Y97.269 E.04921
G1 X123.31 Y97.408 E.01844
G1 X123.818 Y97.485 E.01954
G1 X124.383 Y97.441 E.02154
G1 X125.054 Y97.154 E.02771
G1 X125.381 Y96.593 E.02464
G1 X125.619 Y96.593 E.00907
G1 X125.827 Y96.772 E.01039
G1 X126.273 Y97.255 E.02499
G1 X126.812 Y97.54 E.02316
G1 X127.305 Y97.692 E.01961
G1 X127.783 Y97.768 E.01838
G1 X128.255 Y97.785 E.01796
G1 X128.729 Y97.744 E.01807
G1 X129.212 Y97.638 E.01877
G1 X129.717 Y97.441 E.02061
G1 X130.277 Y97.062 E.02568
G1 X130.569 Y96.593 E.02098
G1 X130.824 Y96.593 E.00969
G1 X131.133 Y96.852 E.01528
G1 X131.734 Y97.088 E.02456
G1 X132.307 Y97.074 E.02178
G1 X132.78 Y96.977 E.01835
G1 X133.586 Y96.749 E.0318
G1 X133.878 Y96.684 E.01136
G1 X134.16 Y96.818 E.01187
G1 X134.351 Y96.967 E.00921
G1 X134.496 Y97.122 E.00808
G1 X134.635 Y97.331 E.00954
G1 X134.72 Y97.519 E.00783
G1 X134.777 Y97.722 E.00799
G1 X134.804 Y97.937 E.00825
G1 X134.806 Y104.291 E.24138
G1 X123.767 Y104.291 E.41943
; COOLING_NODE: 0
M204 S250
G1 X124.09 Y104.674 F60000
; FEATURE: Other object
; LINE_WIDTH: 0.42
G1 F7188.418
M204 S5000
G1 X124.09 Y105.256 E.02043
G1 F5742.258
G1 X124.09 Y105.656 E.01405
G1 F4841.503
G1 X124.09 Y106.056 E.01405
G1 F4017.549
G1 X124.09 Y106.456 E.01405
G1 F3270.395
G1 X124.09 Y106.856 E.01405
G1 F2600.04
G1 X124.09 Y107.256 E.01405
G1 F2006.486
G1 X124.131 Y107.256 E.00144
G1 F1950
G1 X135.19 Y107.256 E.38853
G1 F2100
G1 X135.19 Y107.455 E.00699
G1 F2706.344
G1 X135.19 Y107.855 E.01405
G1 F3389.487
G1 X135.19 Y108.255 E.01405
G1 F4149.431
G1 X135.19 Y108.655 E.01405
G1 F4986.175
G1 X135.19 Y109.055 E.01405
G1 F5899.718
G1 X135.19 Y109.455 E.01405
G1 F6890.062
G1 X135.19 Y109.855 E.01405
G1 F7957.206
G1 X135.19 Y110.255 E.01405
G1 F9101.149
G1 X135.19 Y110.655 E.01405
G1 F10321.893
G1 X135.19 Y111.055 E.01405
G1 F11619.437
G1 X135.19 Y111.455 E.01405
G1 F12000
G1 X135.19 Y111.855 E.01405
G1 X135.19 Y112.29 E.01529
G1 X125.19 Y112.29 E.35132
G1 X125.19 Y112.44 E.00527
G1 X124.694 Y112.44 E.01742
G1 X124.694 Y130.36 E.62957
G1 X125.19 Y130.36 E.01742
G1 X125.19 Y172.19 E1.46959
G1 X124.694 Y172.19 E.01742
G1 X124.694 Y190.11 E.62957
G1 X131.19 Y190.11 E.22821
G1 X131.19 Y213.64 E.82667
G1 X125.61 Y213.64 E.19604
G1 X125.61 Y211.79 E.06499
G1 X122.99 Y211.79 E.09205
G1 X122.99 Y212.54 E.02635
G1 X121.41 Y212.54 E.05551
G1 X121.41 Y197.21 E.53858
G1 X122.99 Y197.21 E.05551
G1 X122.99 Y201.21 E.14053
G1 X125.61 Y201.21 E.09205
G1 X125.61 Y190.29 E.38365
G1 X119.19 Y190.29 E.22555
G1 X119.19 Y213.14 E.80278
G1 X101.61 Y213.14 E.61763
G1 X101.61 Y177.29 E1.2595
G1 X97.9 Y177.29 E.13033
G1 X97.91 Y169.71 E.2663
G1 X101.61 Y169.71 E.13
G1 X101.61 Y146.89 E.80172
G1 X119.61 Y146.89 E.63238
G1 X119.61 Y112.29 E1.21558
G1 X100.61 Y112.29 E.66752
G1 X100.61 Y99.46 E.45075
G1 X103.19 Y99.46 E.09064
G1 X103.19 Y109.71 E.36011
G1 X119.61 Y109.71 E.57687
G1 X119.611 Y97.959 E.41283
G1 X119.666 Y97.559 E.01421
G1 X119.807 Y97.184 E.01407
G1 X119.921 Y96.992 E.00785
G1 X120.059 Y96.815 E.00786
G1 X120.355 Y96.547 E.01404
G1 X120.544 Y96.428 E.00786
G1 X120.738 Y96.337 E.00751
G1 X121.099 Y96.238 E.01315
G1 X121.769 Y96.431 E.02452
G1 X122.971 Y96.906 E.04539
G1 X123.394 Y97.033 E.01552
G1 X123.832 Y97.099 E.01558
G1 X124.291 Y97.064 E.01615
G1 X124.786 Y96.851 E.01895
G1 X125.16 Y96.21 E.02608
G1 X125.762 Y96.21 E.02113
G1 X126.094 Y96.496 E.01539
G1 X126.51 Y96.947 E.02157
G1 X126.959 Y97.184 E.01784
G1 X127.392 Y97.318 E.01592
G1 X127.82 Y97.386 E.01521
G1 X128.245 Y97.401 E.01496
G1 X128.671 Y97.364 E.01503
G1 X129.101 Y97.27 E.01544
G1 X129.538 Y97.1 E.01649
G1 X129.994 Y96.79 E.01938
G1 X130.356 Y96.21 E.02402
G1 X130.964 Y96.21 E.02133
G1 X131.331 Y96.518 E.01684
G1 X131.802 Y96.703 E.01779
G1 X132.264 Y96.692 E.01621
G1 X132.69 Y96.605 E.01527
G1 X133.491 Y96.377 E.02928
G1 X133.902 Y96.286 E.01478
G1 X134.136 Y96.369 E.00875
G1 X134.37 Y96.496 E.00934
G1 X134.61 Y96.682 E.01068
G1 X134.798 Y96.884 E.00967
G1 X134.972 Y97.145 E.01103
G1 X135.081 Y97.388 E.00935
G1 X135.154 Y97.646 E.00941
G1 X135.188 Y97.913 E.00948
G1 X135.188 Y100.075 E.07596
G1 X135.188 Y100.475 E.01405
G1 F11619.437
G1 X135.189 Y100.875 E.01405
G1 F10321.893
G1 X135.189 Y101.275 E.01405
G1 F9101.149
G1 X135.189 Y101.675 E.01405
G1 F7957.206
G1 X135.189 Y102.075 E.01405
G1 F6890.062
G1 X135.189 Y102.475 E.01405
G1 F5899.718
G1 X135.189 Y102.875 E.01405
G1 F4986.175
G1 X135.189 Y103.275 E.01405
G1 F4149.431
G1 X135.19 Y103.675 E.01405
G1 F3389.487
G1 X135.19 Y104.075 E.01405
G1 F2706.344
G1 X135.19 Y104.475 E.01405
G1 F2100
G1 X135.19 Y104.674 E.00699
G1 F1950
G1 X124.15 Y104.674 E.38786
M204 S10000
G1 X123.737 Y103.841 F60000
; FEATURE: Other object
; LINE_WIDTH: 0.551654
G1 F8997.301
M204 S8000
G1 X134.297 Y103.841 E.50353
; WIPE_START
G1 X132.297 Y103.841 E-.76
; WIPE_END
G1 E-.04 F1800
M204 S10000
G17
G3 Z48.12 I-1.125 J.464 P1  F60000
G1 X134.466 Y109.103 Z48.12
G1 Z47.72
G1 E.8 F1800
; FEATURE: Other object
; LINE_WIDTH: 0.45
G1 F11292.473
M204 S8000
G1 X134.466 Y108.538 E.02147
G1 X133.437 Y108.538 E.03909
G1 X130.409 Y111.566 E.16268
G1 X131.223 Y111.566 E.03094
G1 X128.195 Y108.538 E.16268
G1 X125.923 Y108.538 E.08635
G1 X120.334 Y114.126 E.30026
G1 X120.334 Y115.705 E.05999
G1 X123.97 Y119.34 E.19532
G1 X123.97 Y118.005 E.05073
G1 X120.334 Y121.64 E.19532
G1 X120.334 Y123.219 E.05999
G1 X123.97 Y126.854 E.19532
G1 X123.97 Y125.519 E.05074
G1 X120.334 Y129.154 E.19532
G1 X120.334 Y130.733 E.05999
G1 X124.466 Y134.864 E.22196
G1 X124.466 Y132.537 E.08841
G1 X120.334 Y136.668 E.22196
G1 X120.334 Y138.247 E.05999
G1 X124.466 Y142.378 E.22196
G1 X124.466 Y140.051 E.08841
G1 X120.334 Y144.182 E.22196
G1 X120.334 Y145.761 E.05999
G1 X124.466 Y149.892 E.22196
G1 X124.466 Y147.565 E.08841
G1 X102.334 Y169.696 E1.1891
G1 X102.334 Y170.434 E.02804
G1 X101.596 Y170.434 E.02804
G1 X98.63 Y173.401 E.15941
G1 X98.633 Y170.434 E.11272
G1 X99.923 Y170.434 E.049
G1 X105.502 Y176.013 E.29974
G1 X103.532 Y176.013 E.07484
G1 X124.466 Y155.079 E1.12476
G1 X124.466 Y157.406 E.08841
G1 X114.674 Y147.614 E.52612
G1 X116.902 Y147.614 E.08468
G1 X102.334 Y162.182 E.78273
G1 X102.334 Y165.332 E.11965
G1 X113.016 Y176.013 E.57391
G1 X111.046 Y176.013 E.07484
G1 X124.466 Y162.594 E.72103
G1 X124.466 Y164.921 E.08841
G1 X107.159 Y147.614 E.92985
G1 X109.388 Y147.614 E.08468
G1 X102.334 Y154.668 E.379
G1 X102.334 Y157.818 E.11965
G1 X120.53 Y176.013 E.97764
G1 X120.651 Y176.013 E.0046
G1 X120.887 Y176.249 E.01267
G1 X120.887 Y176.37 E.0046
G1 X123.97 Y179.453 E.16564
G1 X123.97 Y178.118 E.05074
G1 X120.887 Y181.2 E.16564
G1 X120.887 Y183.884 E.10196
G1 X123.97 Y186.967 E.16564
G1 X123.97 Y185.632 E.05074
G1 X120.887 Y188.714 E.16564
G1 X120.887 Y189.013 E.01135
G1 X121.127 Y189.249 E.01279
G1 X121.127 Y189.566 E.01203
G1 X121.768 Y189.566 E.02435
; WIPE_START
G1 X121.127 Y189.566 E-.24356
G1 X121.127 Y189.249 E-.12031
G1 X120.887 Y189.013 E-.12788
G1 X120.887 Y188.714 E-.11349
G1 X121.175 Y188.427 E-.15476
; WIPE_END
G1 E-.04 F1800
M204 S10000
G1 X126.334 Y190.926 Z48.12 F60000
G1 Z47.72
G1 E.8 F1800
G1 F11292.473
M204 S8000
G1 X126.334 Y190.834 E.00347
G1 X127.837 Y190.834 E.05709
G1 X130.466 Y193.463 E.14122
G1 X130.466 Y194.164 E.02664
G1 X126.334 Y198.295 E.22196
G1 X126.334 Y196.846 E.05506
G1 X130.466 Y200.977 E.22196
G1 X130.466 Y201.678 E.02664
G1 X122.134 Y210.009 E.44763
G1 X122.134 Y207.674 E.08872
G1 X125.526 Y211.066 E.18223
G1 X126.334 Y211.066 E.03072
G1 X126.334 Y211.874 E.03072
G1 X127.376 Y212.916 E.05596
G1 X126.742 Y212.916 E.02408
G1 X130.466 Y209.192 E.20006
G1 X130.466 Y208.491 E.02664
G1 X123.909 Y201.934 E.35228
G1 X122.774 Y201.934 E.04312
G1 X122.774 Y202.134 E.00757
G1 X122.496 Y202.134 E.01057
G1 X122.134 Y202.495 E.01942
G1 X122.134 Y204.089 E.06056
; WIPE_START
G1 X122.134 Y202.495 E-.60571
G1 X122.422 Y202.208 E-.15429
; WIPE_END
G1 E-.04 F1800
M204 S10000
G1 X122.2 Y201.793 Z48.12 F60000
G1 Z47.72
G1 E.8 F1800
; FEATURE: Other object
; LINE_WIDTH: 0.466044
G1 F10855.407
M204 S8000
G1 X122.2 Y197.793 E.15809
; WIPE_START
G1 X122.2 Y199.793 E-.76
; WIPE_END
G1 E-.04 F1800
M204 S10000
G1 X121.698 Y192.177 Z48.12 F60000
G1 X120.669 Y176.574 Z48.12
G1 Z47.72
G1 E.8 F1800
; FEATURE: Other object
; LINE_WIDTH: 0.420784
G1 F12185.876
M204 S8000
G1 X120.492 Y176.397 E.00885
G1 X119.969 Y176.397 E.01839
G1 X120.503 Y176.931 E.02659
G1 X120.503 Y177.453 E.01839
G1 X119.447 Y176.397 E.05259
G1 X118.925 Y176.397 E.01839
G1 X120.503 Y177.975 E.0786
G1 X120.503 Y178.497 E.01839
G1 X118.403 Y176.397 E.1046
G1 X117.88 Y176.397 E.01839
G1 X120.503 Y179.02 E.1306
G1 X120.503 Y179.542 E.01839
G1 X117.358 Y176.397 E.15661
G1 X116.836 Y176.397 E.01839
G1 X120.503 Y180.064 E.18261
G1 X120.503 Y180.586 E.01839
G1 X116.314 Y176.397 E.20861
G1 X115.791 Y176.397 E.01839
G1 X120.503 Y181.109 E.23461
G1 X120.503 Y181.631 E.01839
G1 X115.269 Y176.397 E.26062
G1 X114.747 Y176.397 E.01839
G1 X120.503 Y182.153 E.28662
G1 X120.503 Y182.675 E.01839
G1 X114.225 Y176.397 E.31262
G1 X113.702 Y176.397 E.01839
G1 X120.503 Y183.198 E.33862
G1 X120.503 Y183.72 E.01839
G1 X113.18 Y176.397 E.36463
G1 X112.658 Y176.397 E.01839
G1 X120.503 Y184.242 E.39063
G1 X120.503 Y184.764 E.01839
G1 X112.136 Y176.397 E.41663
G1 X111.613 Y176.397 E.01839
G1 X120.503 Y185.287 E.44263
G1 X120.503 Y185.809 E.01839
G1 X111.091 Y176.397 E.46864
G1 X110.569 Y176.397 E.01839
G1 X120.503 Y186.331 E.49464
G1 X120.503 Y186.853 E.01839
G1 X110.047 Y176.397 E.52064
G1 X109.525 Y176.397 E.01839
G1 X120.503 Y187.376 E.54664
G1 X120.503 Y187.898 E.01839
G1 X109.002 Y176.397 E.57265
G1 X108.48 Y176.397 E.01839
G1 X120.503 Y188.42 E.59865
G1 X120.503 Y188.942 E.01839
G1 X107.958 Y176.397 E.62465
G1 X107.436 Y176.397 E.01839
G1 X120.62 Y189.581 E.65645
G1 X120.097 Y189.581 E.01839
G1 X106.913 Y176.397 E.65645
G1 X106.391 Y176.397 E.01839
G1 X119.575 Y189.581 E.65645
G1 X119.053 Y189.581 E.01839
G1 X105.869 Y176.397 E.65645
G1 X105.347 Y176.397 E.01839
G1 X118.531 Y189.581 E.65645
G1 X118.481 Y189.581 E.00176
G1 X118.481 Y190.053 E.01663
G1 X104.824 Y176.397 E.67996
G1 X104.302 Y176.397 E.01839
G1 X118.481 Y190.575 E.70596
G1 X118.481 Y191.097 E.01839
G1 X103.78 Y176.397 E.73196
G1 X103.258 Y176.397 E.01839
G1 X118.481 Y191.62 E.75797
G1 X118.481 Y192.142 E.01839
G1 X102.735 Y176.397 E.78397
G1 X102.213 Y176.397 E.01839
G1 X118.481 Y192.664 E.80997
G1 X118.481 Y193.186 E.01839
G1 X102.319 Y177.025 E.80469
G1 X102.319 Y177.547 E.01839
G1 X118.481 Y193.709 E.80469
G1 X118.481 Y194.231 E.01839
G1 X102.319 Y178.069 E.80469
G1 X102.319 Y178.592 E.01839
G1 X118.481 Y194.753 E.80469
G1 X118.481 Y195.275 E.01839
G1 X102.319 Y179.114 E.80469
G1 X102.319 Y179.636 E.01839
G1 X118.481 Y195.798 E.80469
G1 X118.481 Y196.32 E.01839
G1 X102.319 Y180.158 E.80469
G1 X102.319 Y180.681 E.01839
G1 X118.481 Y196.842 E.80469
G1 X118.481 Y197.364 E.01839
G1 X102.319 Y181.203 E.80469
G1 X102.319 Y181.725 E.01839
G1 X118.481 Y197.887 E.80469
G1 X118.481 Y198.409 E.01839
G1 X102.319 Y182.247 E.80469
G1 X102.319 Y182.77 E.01839
G1 X118.481 Y198.931 E.80469
G1 X118.481 Y199.453 E.01839
G1 X102.319 Y183.292 E.80469
G1 X102.319 Y183.814 E.01839
G1 X118.481 Y199.976 E.80469
G1 X118.481 Y200.498 E.01839
G1 X102.319 Y184.336 E.80469
G1 X102.319 Y184.859 E.01839
G1 X118.481 Y201.02 E.80469
G1 X118.481 Y201.542 E.01839
G1 X102.319 Y185.381 E.80469
G1 X102.319 Y185.903 E.01839
G1 X118.481 Y202.065 E.80469
G1 X118.481 Y202.587 E.01839
G1 X102.319 Y186.425 E.80469
G1 X102.319 Y186.948 E.01839
G1 X118.481 Y203.109 E.80469
G1 X118.481 Y203.631 E.01839
G1 X102.319 Y187.47 E.80469
G1 X102.319 Y187.992 E.01839
G1 X118.481 Y204.153 E.80469
G1 X118.481 Y204.676 E.01839
G1 X102.319 Y188.514 E.80469
G1 X102.319 Y189.036 E.01839
G1 X118.481 Y205.198 E.80469
G1 X118.481 Y205.72 E.01839
G1 X102.319 Y189.559 E.80469
G1 X102.319 Y190.081 E.01839
G1 X118.481 Y206.242 E.80469
G1 X118.481 Y206.765 E.01839
G1 X102.319 Y190.603 E.80469
G1 X102.319 Y191.125 E.01839
G1 X118.481 Y207.287 E.80469
G1 X118.481 Y207.809 E.01839
G1 X102.319 Y191.648 E.80469
G1 X102.319 Y192.17 E.01839
G1 X118.481 Y208.331 E.80469
G1 X118.481 Y208.854 E.01839
G1 X102.319 Y192.692 E.80469
G1 X102.319 Y193.214 E.01839
G1 X118.481 Y209.376 E.80469
G1 X118.481 Y209.898 E.01839
G1 X102.319 Y193.737 E.80469
G1 X102.319 Y194.259 E.01839
G1 X118.481 Y210.42 E.80469
G1 X118.481 Y210.943 E.01839
G1 X102.319 Y194.781 E.80469
G1 X102.319 Y195.303 E.01839
G1 X118.481 Y211.465 E.80469
G1 X118.481 Y211.987 E.01839
G1 X102.319 Y195.826 E.80469
G1 X102.319 Y196.348 E.01839
G1 X118.402 Y212.431 E.80078
G1 X117.88 Y212.431 E.01839
G1 X102.319 Y196.87 E.77478
G1 X102.319 Y197.392 E.01839
G1 X117.358 Y212.431 E.74877
G1 X116.835 Y212.431 E.01839
G1 X102.319 Y197.915 E.72277
G1 X102.319 Y198.437 E.01839
G1 X116.313 Y212.431 E.69677
G1 X115.791 Y212.431 E.01839
G1 X102.319 Y198.959 E.67077
G1 X102.319 Y199.481 E.01839
G1 X115.269 Y212.431 E.64476
G1 X114.746 Y212.431 E.01839
G1 X102.319 Y200.004 E.61876
G1 X102.319 Y200.526 E.01839
G1 X114.224 Y212.431 E.59276
G1 X113.702 Y212.431 E.01839
G1 X102.319 Y201.048 E.56675
G1 X102.319 Y201.57 E.01839
G1 X113.18 Y212.431 E.54075
G1 X112.658 Y212.431 E.01839
G1 X102.319 Y202.092 E.51475
G1 X102.319 Y202.615 E.01839
G1 X112.135 Y212.431 E.48875
G1 X111.613 Y212.431 E.01839
G1 X102.319 Y203.137 E.46274
G1 X102.319 Y203.659 E.01839
G1 X111.091 Y212.431 E.43674
G1 X110.569 Y212.431 E.01839
G1 X102.319 Y204.181 E.41074
G1 X102.319 Y204.704 E.01839
G1 X110.046 Y212.431 E.38474
G1 X109.524 Y212.431 E.01839
G1 X102.319 Y205.226 E.35873
G1 X102.319 Y205.748 E.01839
G1 X109.002 Y212.431 E.33273
G1 X108.48 Y212.431 E.01839
G1 X102.319 Y206.27 E.30673
G1 X102.319 Y206.793 E.01839
G1 X107.957 Y212.431 E.28073
G1 X107.435 Y212.431 E.01839
G1 X102.319 Y207.315 E.25472
G1 X102.319 Y207.837 E.01839
G1 X106.913 Y212.431 E.22872
G1 X106.391 Y212.431 E.01839
G1 X102.319 Y208.359 E.20272
G1 X102.319 Y208.882 E.01839
G1 X105.868 Y212.431 E.17672
G1 X105.346 Y212.431 E.01839
G1 X102.319 Y209.404 E.15071
G1 X102.319 Y209.926 E.01839
G1 X104.824 Y212.431 E.12471
G1 X104.302 Y212.431 E.01839
G1 X102.319 Y210.448 E.09871
G1 X102.319 Y210.971 E.01839
G1 X103.779 Y212.431 E.0727
G1 X103.257 Y212.431 E.01839
G1 X102.319 Y211.493 E.0467
G1 X102.319 Y212.015 E.01839
G1 X102.901 Y212.597 E.02896
; WIPE_START
G1 X102.319 Y212.015 E-.31252
G1 X102.319 Y211.493 E-.19845
G1 X102.783 Y211.956 E-.24903
; WIPE_END
G1 E-.04 F1800
M204 S10000
G1 X102.622 Y204.325 Z48.12 F60000
G1 X102.041 Y176.747 Z48.12
G1 Z47.72
G1 E.8 F1800
G1 F12185.876
M204 S8000
G1 X101.691 Y176.397 E.01743
G1 X101.169 Y176.397 E.01839
G1 X101.353 Y176.581 E.00917
G1 X100.831 Y176.581 E.01839
G1 X100.646 Y176.397 E.00917
G1 X100.124 Y176.397 E.01839
G1 X100.474 Y176.747 E.01743
; WIPE_START
G1 X100.124 Y176.397 E-.18808
G1 X100.646 Y176.397 E-.19845
G1 X100.831 Y176.581 E-.09897
G1 X101.353 Y176.581 E-.19845
G1 X101.211 Y176.439 E-.07605
; WIPE_END
G1 E-.04 F1800
M204 S10000
G1 X108.841 Y176.233 Z48.12 F60000
G1 X116.966 Y176.013 Z48.12
G1 Z47.72
G1 E.8 F1800
; FEATURE: Other object
; LINE_WIDTH: 0.45
G1 F11292.473
M204 S8000
G1 X118.56 Y176.013 E.06056
G1 X124.466 Y170.108 E.3173
G1 X124.466 Y171.466 E.05159
G1 X123.97 Y171.466 E.01884
G1 X123.97 Y171.939 E.01798
G1 X102.334 Y150.304 E1.16246
G1 X102.334 Y148.71 E.06056
; WIPE_START
G1 X102.334 Y150.304 E-.60571
G1 X102.622 Y150.591 E-.15429
; WIPE_END
G1 E-.04 F1800
M204 S10000
G1 X103.253 Y142.984 Z48.12 F60000
G1 X105.956 Y110.434 Z48.12
G1 Z47.72
G1 E.8 F1800
G1 F11292.473
M204 S8000
G1 X107.55 Y110.434 E.06056
G1 X108.681 Y111.566 E.06077
G1 X107.867 Y111.566 E.03094
G1 X108.998 Y110.434 E.06077
G1 X115.064 Y110.434 E.23047
G1 X116.195 Y111.566 E.06077
G1 X115.381 Y111.566 E.03094
G1 X116.512 Y110.434 E.06077
G1 X118.106 Y110.434 E.06056
; WIPE_START
G1 X116.512 Y110.434 E-.60572
G1 X116.225 Y110.722 E-.15429
; WIPE_END
G1 E-.04 F1800
M204 S10000
G1 X123.428 Y108.197 Z48.12 F60000
G1 X123.737 Y108.088 Z48.12
G1 Z47.72
G1 E.8 F1800
; FEATURE: Other object
; LINE_WIDTH: 0.551644
G1 F8997.481
M204 S8000
G1 X134.297 Y108.088 E.50354
; WIPE_START
G1 X132.297 Y108.088 E-.76
; WIPE_END
G1 E-.04 F1800
M204 S10000
G17
G3 Z48.12 I.668 J-1.017 P1  F60000
G1 X125.148 Y103.392 Z48.12
G1 Z47.72
G1 E.8 F1800
; FEATURE: Other object
; LINE_WIDTH: 0.45
G1 F11292.473
M204 S8000
G1 X123.554 Y103.392 E.06056
G1 X128.889 Y98.058 E.28662
G1 X129.311 Y97.966 E.01641
G1 X129.877 Y97.745 E.02309
G1 X130.528 Y97.304 E.02989
G1 X130.738 Y96.966 E.01511
G1 X130.956 Y97.149 E.0108
G1 X131.674 Y97.431 E.02928
G1 X132.106 Y97.42 E.01645
G1 X134.464 Y99.778 E.12666
G1 X134.464 Y99.997 E.00832
G1 X131.068 Y103.392 E.18245
G1 X130.564 Y103.392 E.01915
G1 X124.804 Y97.632 E.3095
G1 X124.466 Y97.777 E.01397
G1 X123.806 Y97.828 E.02515
G1 X123.235 Y97.742 E.02193
G1 X122.733 Y97.591 E.01991
G1 X122.094 Y97.338 E.02611
G1 X120.335 Y99.097 E.09451
G1 X120.335 Y100.677 E.06003
G1 X123.288 Y103.63 E.15867
G1 X123.288 Y103.658 E.00107
G1 X120.335 Y106.612 E.15868
G1 X120.335 Y108.191 E.06
G1 X123.97 Y111.826 E.19532
G1 X123.97 Y111.716 E.0042
G1 X124.466 Y111.716 E.01884
G1 X124.466 Y111.566 E.0057
G1 X125.303 Y111.566 E.03182
; WIPE_START
G1 X124.466 Y111.566 E-.3183
G1 X124.466 Y111.716 E-.057
G1 X123.97 Y111.716 E-.18842
G1 X123.97 Y111.826 E-.042
G1 X123.683 Y111.539 E-.15429
; WIPE_END
G1 E-.04 F1800
M204 S10000
G1 X116.932 Y107.977 Z48.12 F60000
G1 X102.466 Y100.344 Z48.12
G1 Z47.72
G1 E.8 F1800
G1 F11292.473
M204 S8000
G1 X102.466 Y101.938 E.06056
G1 X101.334 Y103.07 E.06077
G1 X101.334 Y104.219 E.04367
G1 X102.466 Y105.35 E.06077
G1 X102.466 Y109.453 E.15587
G1 X101.334 Y110.584 E.06077
G1 X101.334 Y111.566 E.0373
G1 X101.947 Y111.566 E.02326
; CHANGE_LAYER
; Z_HEIGHT: 47.96
; LAYER_HEIGHT: 0.239998
; WIPE_START
G1 F11292.473
G1 X101.334 Y111.566 E-.23261
G1 X101.334 Y110.584 E-.3731
G1 X101.622 Y110.297 E-.15429
; WIPE_END
G1 E-.04 F1800
; FEATURE: Other object
; stop printing object, unique label id: 1901
M625
; layer num/total_layer_count: 200/258
; update layer progress
M73 L200
M991 S0 P199 ;notify layer change
; OBJECT_ID: 1902
; FEATURE: Other object
; start printing object, unique label id: 1902
M624 AgAAAAAAAAA=
M204 S10000
G17
G3 Z48.12 I.182 J1.203 P1  F60000
G1 X188.626 Y97.153 Z48.12
G1 Z47.96
G1 E.8 F1800
; FEATURE: Support interface
; LINE_WIDTH: 0.62
G1 F4800
M204 S8000
G1 X187.594 Y98.185 E.07908
G1 X187.594 Y99.696 E.0819
G1 X189.881 Y97.409 E.1753
G1 X191.392 Y97.409 E.0819
G1 X187.594 Y101.207 E.29112
G1 X187.594 Y102.718 E.0819
G1 X192.903 Y97.409 E.40695
G1 X194.414 Y97.409 E.0819
G1 X187.594 Y104.229 E.52278
G1 X187.594 Y105.74 E.0819
G1 X195.925 Y97.409 E.6386
G1 X197.437 Y97.409 E.0819
G1 X187.594 Y107.251 E.75443
G1 X187.594 Y108.763 E.0819
G1 X198.948 Y97.409 E.87025
G1 X200.459 Y97.409 E.0819
G1 X187.594 Y110.274 E.98608
G1 X187.594 Y111.785 E.0819
G1 X201.97 Y97.409 E1.1019
G1 X203.481 Y97.409 E.0819
G1 X187.594 Y113.296 E1.21773
G1 X187.594 Y114.807 E.0819
G1 X204.992 Y97.409 E1.33355
G1 X205.026 Y97.409 E.00184
G1 X205.026 Y98.886 E.08006
G1 X187.594 Y116.318 E1.33616
G1 X187.594 Y117.829 E.0819
G1 X205.026 Y100.397 E1.33616
G1 X205.026 Y101.908 E.0819
G1 X187.594 Y119.34 E1.33616
G1 X187.594 Y120.851 E.0819
M73 P79 R44
G1 X205.026 Y103.419 E1.33616
G1 X205.026 Y104.931 E.0819
G1 X187.594 Y122.362 E1.33616
G1 X187.594 Y123.873 E.0819
G1 X205.026 Y106.442 E1.33616
G1 X205.026 Y107.953 E.0819
G1 X187.594 Y125.384 E1.33616
G1 X187.594 Y126.895 E.0819
G1 X205.026 Y109.464 E1.33616
G1 X205.026 Y109.909 E.02414
G1 X206.092 Y109.909 E.05776
G1 X187.594 Y128.407 E1.41784
G1 X187.594 Y129.918 E.0819
G1 X207.603 Y109.909 E1.53367
G1 X209.114 Y109.909 E.0819
G1 X187.594 Y131.429 E1.64949
G1 X187.594 Y132.94 E.0819
G1 X206.676 Y113.858 E1.46263
G1 X206.676 Y114.806 E.05137
G1 X207.07 Y114.933 E.02242
G1 X207.207 Y114.743 E.01271
G1 X207.531 Y114.46 E.02332
G1 X207.646 Y114.399 E.00707
G1 X187.594 Y134.451 E1.53701
G1 X187.594 Y135.962 E.0819
G1 X208.586 Y114.97 E1.60903
G1 X208.552 Y115.273 E.01653
G1 X208.433 Y115.57 E.01732
G1 X208.289 Y115.761 E.01295
G1 X208.287 Y116.587 E.04479
G1 X208.347 Y116.652 E.0048
G1 X208.041 Y116.779 E.01798
G1 X207.744 Y117.075 E.02272
G1 X207.744 Y117.323 E.01341
G1 X207.28 Y117.788 E.03562
G1 X206.676 Y117.051 E.05162
G1 X206.676 Y118.391 E.07264
G1 X187.594 Y137.473 E1.46263
G1 X187.594 Y138.984 E.0819
G1 X206.676 Y119.902 E1.46263
G1 X206.676 Y121.413 E.0819
G1 X187.594 Y140.495 E1.46263
G1 X187.594 Y142.006 E.0819
G1 X206.676 Y122.924 E1.46263
G1 X206.676 Y124.436 E.0819
G1 X187.594 Y143.517 E1.46263
G1 X187.594 Y144.226 E.03841
G1 X188.397 Y144.226 E.04349
G1 X206.676 Y125.947 E1.40112
G1 X206.676 Y127.458 E.0819
G1 X189.652 Y144.482 E1.30491
; WIPE_START
; WIPE_END
G1 E-.8 F1800
M204 S10000
G17
G3 Z48.36 I0 J1.217 P1  F60000
G1 X203.252 Y144.482 Z48.36
G1 Z47.96
G1 E.8 F1800
G1 F4800
M204 S8000
G1 X204.411 Y143.322 E.08887
G1 X204.411 Y141.811 E.0819
G1 X201.996 Y144.226 E.18508
G1 X200.485 Y144.226 E.0819
G1 X204.411 Y140.3 E.30091
G1 X204.411 Y138.789 E.0819
G1 X198.974 Y144.226 E.41673
G1 X197.463 Y144.226 E.0819
G1 X204.411 Y137.278 E.53256
G1 X204.411 Y135.767 E.0819
G1 X195.952 Y144.226 E.64838
G1 X194.441 Y144.226 E.0819
G1 X204.411 Y134.256 E.76421
G1 X204.411 Y132.745 E.0819
G1 X192.93 Y144.226 E.88003
G1 X191.419 Y144.226 E.0819
G1 X206.676 Y128.969 E1.16947
G1 X206.676 Y130.48 E.0819
G1 X205.58 Y131.576 E.08401
G1 X206.874 Y131.576 E.07017
G1 X206.984 Y131.683 E.00829
G1 X207.716 Y130.951 E.05609
; WIPE_START
; WIPE_END
G1 E-.8 F1800
M204 S10000
G17
G3 Z48.36 I.282 J1.184 P1  F60000
G1 X209.795 Y130.455 Z48.36
G1 Z47.96
G1 E.8 F1800
; FEATURE: Support
G1 F7915.629
M204 S8000
G1 X209.771 Y130.299 E.00857
G1 X209.6 Y129.773 E.02995
G1 X209.72 Y129.735 E.00685
G1 X209.802 Y129.091 E.03517
G1 X209.907 Y129.113 E.00584
G1 X210.1 Y129.22 E.01196
G1 X210.138 Y129.259 E.00294
G1 X210.351 Y129.54 E.01914
G1 X210.5 Y129.839 E.01807
G1 X210.548 Y130.089 E.0138
G1 X211.002 Y130.675 E.04018
G1 X211.099 Y130.742 E.0064
G1 X211.275 Y130.934 E.01411
G1 X211.391 Y131.166 E.01407
G1 X211.437 Y131.389 E.01232
G1 X211.421 Y131.585 E.01066
G1 X211.366 Y131.704 E.00714
G1 X211.294 Y131.765 E.00506
G1 X211.176 Y131.785 E.00649
G1 X210.977 Y131.706 E.01164
G1 X210.775 Y131.533 E.01439
G1 X210.516 Y131.518 E.01409
G1 X209.772 Y131.625 E.04073
G1 X209.666 Y131.727 E.00802
G1 X209.57 Y131.779 E.00592
G1 X209.469 Y131.803 E.0056
G1 X209.404 Y131.791 E.00358
G1 X209.336 Y131.735 E.0048
G1 X209.266 Y131.589 E.00877
G1 X209.237 Y131.354 E.01282
G1 X209.268 Y131.129 E.0123
G1 X209.166 Y130.445 E.03749
G1 X209.028 Y130.038 E.02331
G1 X208.963 Y129.785 E.01416
G1 X208.98 Y129.57 E.01167
G1 X209.073 Y129.378 E.01156
G1 X209.212 Y129.236 E.01077
G1 X209.472 Y129.166 E.0146
G1 X209.718 Y129.074 E.01426
; WIPE_START
G1 X209.907 Y129.113 E-.07338
G1 X210.1 Y129.22 E-.08387
G1 X210.138 Y129.259 E-.02061
G1 X210.351 Y129.54 E-.13419
G1 X210.5 Y129.839 E-.12672
G1 X210.548 Y130.089 E-.09678
G1 X210.91 Y130.556 E-.22445
; WIPE_END
G1 E-.04 F1800
M204 S10000
G17
G3 Z48.36 I1.193 J-.24 P1  F60000
G1 X209.702 Y124.543 Z48.36
G1 Z47.96
G1 E.8 F1800
G1 F7915.629
M204 S8000
G1 X209.88 Y124.298 E.01642
G1 X210.064 Y124.09 E.01503
G1 X210.137 Y124.043 E.00474
G1 X210.213 Y124.023 E.00422
G1 X210.233 Y123.404 E.03361
G1 X210.456 Y123.413 E.01212
G1 X210.67 Y123.507 E.01267
G1 X210.806 Y123.662 E.01116
G1 X210.921 Y123.862 E.01253
G1 X210.963 Y124.092 E.01267
G1 X210.923 Y124.352 E.01425
G1 X210.815 Y124.553 E.01235
G1 X210.572 Y124.806 E.019
G1 X210.124 Y125.18 E.03164
G1 X209.935 Y125.534 E.02174
G1 X209.729 Y125.749 E.01614
G1 X209.586 Y125.865 E.00996
G1 X209.416 Y125.939 E.01005
G1 X209.328 Y125.956 E.00489
G1 X209.135 Y125.942 E.0105
G1 X208.953 Y125.875 E.01052
G1 X208.694 Y125.556 E.02227
G1 X208.605 Y125.318 E.01375
G1 X208.597 Y125.055 E.01429
G1 X208.674 Y124.782 E.01534
G1 X208.832 Y124.535 E.01589
G1 X209.12 Y124.289 E.0205
G1 X209.396 Y123.91 E.02544
G1 X209.657 Y123.614 E.02139
G1 X209.888 Y123.467 E.01485
G1 X210.147 Y123.4 E.01452
; WIPE_START
G1 X210.456 Y123.413 E-.11741
G1 X210.67 Y123.507 E-.08884
G1 X210.806 Y123.662 E-.07825
G1 X210.921 Y123.862 E-.08783
G1 X210.963 Y124.092 E-.08882
G1 X210.923 Y124.352 E-.09994
G1 X210.815 Y124.553 E-.08658
G1 X210.61 Y124.766 E-.11232
; WIPE_END
G1 E-.04 F1800
M204 S10000
G17
G3 Z48.36 I.939 J-.774 P1  F60000
G1 X208 Y121.6 Z48.36
G1 Z47.96
G1 E.8 F1800
; FEATURE: Support interface
G1 F4800
M204 S8000
G1 X207.319 Y122.281 E.0522
M204 S10000
G1 X208.649 Y120.93 F60000
; FEATURE: Support
G1 F7915.629
M204 S8000
G1 X208.777 Y120.953 E.00708
G1 X208.946 Y121.053 E.01064
G1 X209.091 Y121.224 E.01211
G1 X209.169 Y121.429 E.01194
G1 X209.138 Y121.703 E.01494
G1 X208.883 Y122.227 E.03158
G1 X208.7 Y122.411 E.01408
G1 X208.464 Y122.531 E.01432
G1 X208.338 Y122.55 E.0069
G1 X208.338 Y120.973 E.08548
G1 X208.565 Y120.915 E.01265
; WIPE_START
G1 X208.777 Y120.953 E-.08206
G1 X208.946 Y121.053 E-.07457
G1 X209.091 Y121.224 E-.08491
G1 X209.169 Y121.429 E-.08368
G1 X209.138 Y121.703 E-.10472
G1 X208.883 Y122.227 E-.22142
G1 X208.7 Y122.411 E-.0987
G1 X208.677 Y122.423 E-.00993
; WIPE_END
G1 E-.04 F1800
M204 S10000
G17
G3 Z48.36 I1.217 J-.009 P1  F60000
G1 X208.639 Y117.264 Z48.36
G1 Z47.96
G1 E.8 F1800
G1 F7915.629
M204 S8000
G1 X208.681 Y117.567 E.01658
G1 X208.626 Y117.869 E.01662
G1 X208.519 Y118.053 E.01157
G1 X208.338 Y118.174 E.01178
G1 X208.338 Y117.321 E.04622
G1 X208.377 Y117.283 E.00297
G1 X208.627 Y117.179 E.01465
; WIPE_START
G1 X208.681 Y117.567 E-.14867
G1 X208.626 Y117.869 E-.11655
G1 X208.519 Y118.053 E-.08109
G1 X208.338 Y118.174 E-.0826
G1 X208.338 Y117.321 E-.32407
G1 X208.352 Y117.308 E-.00702
; WIPE_END
G1 E-.04 F1800
M204 S10000
G17
G3 Z48.36 I1.019 J.666 P1  F60000
G1 X209.47 Y115.597 Z48.36
G1 Z47.96
G1 E.8 F1800
; FEATURE: Support interface
G1 F4800
M204 S8000
G1 X211.026 Y114.041 E.11922
G1 X211.026 Y112.53 E.0819
G1 X209.394 Y114.162 E.12507
G1 X209.394 Y112.651 E.0819
G1 X211.026 Y111.019 E.12507
G1 X211.026 Y109.909 E.06016
G1 X210.625 Y109.909 E.02174
G1 X208.087 Y112.447 E.19451
; WIPE_START
; WIPE_END
G1 E-.8 F1800
M204 S10000
G17
G3 Z48.36 I-1.097 J.527 P1  F60000
G1 X210.577 Y117.623 Z48.36
G1 Z47.96
G1 E.8 F1800
; FEATURE: Support
G1 F7915.629
M204 S8000
G1 X210.558 Y117.659 E.00218
G1 X210.48 Y117.623 E.00463
G1 X210.577 Y117.623 E.00527
G1 X211.11 Y117.071 E.0416
G1 X211.209 Y117.274 E.01225
G1 X211.244 Y117.531 E.01407
G1 X211.199 Y117.78 E.0137
G1 X211.119 Y117.925 E.00897
G1 X211.112 Y117.993 E.00369
G1 X210.98 Y118.157 E.01143
G1 X210.787 Y118.275 E.01228
G1 X210.584 Y118.311 E.01115
G1 X210.395 Y118.287 E.01032
G1 X210.223 Y118.198 E.01049
G1 X210.017 Y118.059 E.01349
G1 X209.859 Y117.856 E.01394
G1 X209.771 Y117.609 E.01422
G1 X209.765 Y117.346 E.01423
G1 X209.843 Y117.1 E.01401
G1 X209.914 Y117.003 E.0065
G1 X211.059 Y117.003 E.06207
; WIPE_START
G1 X211.209 Y117.274 E-.11749
G1 X211.244 Y117.531 E-.09862
G1 X211.199 Y117.78 E-.09606
G1 X211.119 Y117.925 E-.06285
G1 X211.112 Y117.993 E-.02589
G1 X210.98 Y118.157 E-.08016
G1 X210.787 Y118.275 E-.08608
G1 X210.584 Y118.311 E-.0782
G1 X210.395 Y118.287 E-.07238
G1 X210.297 Y118.236 E-.04226
; WIPE_END
G1 E-.04 F1800
M204 S10000
G17
G3 Z48.36 I-1.207 J.155 P1  F60000
G1 X223.58 Y221.87 Z48.36
G1 Z47.96
G1 E.8 F1800
G1 F7915.629
M204 S8000
G1 X223.407 Y221.259 E.03442
G1 X223.297 Y220.631 E.03454
G1 X223.429 Y220.633 E.00716
G1 X223.68 Y220.677 E.01384
G1 X223.876 Y220.737 E.01107
G1 X223.992 Y220.848 E.00872
G1 X224.311 Y220.964 E.01838
G1 X224.515 Y221.089 E.01297
G1 X224.676 Y221.255 E.01254
G1 X224.764 Y221.427 E.01047
G1 X224.788 Y221.592 E.00904
G1 X224.755 Y221.751 E.0088
G1 X224.646 Y221.93 E.01136
G1 X224.233 Y222.363 E.03248
G1 X224.085 Y222.638 E.01688
G1 X223.922 Y222.777 E.01162
G1 X223.675 Y222.924 E.01559
G1 X223.404 Y222.992 E.01514
G1 X223.251 Y222.979 E.0083
G1 X223.117 Y222.918 E.008
G1 X223.004 Y222.799 E.00886
G1 X222.932 Y222.634 E.00979
G1 X222.904 Y222.439 E.01065
G1 X222.916 Y222.196 E.01322
G1 X222.969 Y221.989 E.0116
G1 X222.732 Y221.148 E.04731
G1 X222.729 Y220.954 E.01052
G1 X222.78 Y220.822 E.00767
G1 X222.878 Y220.725 E.00748
G1 X223.033 Y220.655 E.0092
G1 X223.212 Y220.63 E.00979
; WIPE_START
G1 X223.429 Y220.633 E-.08257
G1 X223.68 Y220.677 E-.09706
G1 X223.876 Y220.737 E-.07759
G1 X223.992 Y220.848 E-.06113
G1 X224.311 Y220.964 E-.12889
G1 X224.515 Y221.089 E-.09092
G1 X224.676 Y221.255 E-.08795
G1 X224.764 Y221.427 E-.07338
G1 X224.787 Y221.584 E-.06052
; WIPE_END
G1 E-.04 F1800
M204 S10000
G17
G3 Z48.36 I-.315 J1.176 P1  F60000
G1 X226.327 Y221.997 Z48.36
G1 Z47.96
G1 E.8 F1800
G1 F7915.629
M204 S8000
G1 X226.361 Y221.589 E.02219
G1 X226.388 Y221.512 E.0044
G1 X226.449 Y221.479 E.00374
G1 X226.678 Y220.808 E.03842
G1 X226.77 Y220.818 E.005
G1 X226.905 Y220.883 E.0081
G1 X227.011 Y220.996 E.00842
G1 X227.081 Y221.169 E.01011
G1 X227.096 Y221.408 E.01297
G1 X227.038 Y221.692 E.01568
G1 X226.991 Y221.798 E.00629
G1 X227.01 Y222.094 E.01611
G1 X226.96 Y222.426 E.0182
G1 X226.857 Y222.663 E.014
G1 X226.722 Y222.807 E.01067
G1 X226.634 Y222.852 E.00536
G1 X226.453 Y222.865 E.00982
G1 X226.294 Y222.819 E.00901
G1 X226.109 Y222.703 E.01183
G1 X225.89 Y222.488 E.0166
G1 X225.729 Y222.235 E.01628
G1 X225.712 Y222.175 E.0034
G1 X225.702 Y221.808 E.01987
G1 X225.737 Y221.699 E.00619
G1 X225.758 Y221.433 E.0145
G1 X225.847 Y221.184 E.01433
G1 X225.903 Y221.104 E.00526
G1 X226.09 Y220.959 E.01281
G1 X226.385 Y220.83 E.01746
G1 X226.594 Y220.797 E.01147
; COOLING_NODE: 0
; WIPE_START
G1 X226.77 Y220.818 E-.06743
G1 X226.905 Y220.883 E-.05679
G1 X227.011 Y220.996 E-.05904
G1 X227.081 Y221.169 E-.07091
G1 X227.096 Y221.408 E-.09093
G1 X227.038 Y221.692 E-.1099
G1 X226.991 Y221.798 E-.04413
G1 X227.01 Y222.094 E-.11292
G1 X226.96 Y222.426 E-.12758
G1 X226.939 Y222.475 E-.02038
; WIPE_END
G1 E-.04 F1800
M204 S10000
G17
G3 Z48.36 I.47 J-1.123 P1  F60000
G1 X209.617 Y215.226 Z48.36
G1 Z47.96
G1 E.8 F1800
; FEATURE: Inner wall
; LINE_WIDTH: 0.45
G1 F11292.473
M204 S8000
G1 X209.617 Y218.094 E.10898
G1 X220.717 Y218.094 E.42172
G1 X220.717 Y224.599 E.24712
G1 X220.693 Y224.872 E.01044
G1 X220.642 Y225.073 E.00785
G1 X220.559 Y225.269 E.0081
G1 X220.473 Y225.413 E.00637
; object ids of layer 200 start: 1901,1902
M624 AwAAAAAAAAA=
;===== machine: H2C timelapse =====
;======== date: 20260731 ========

; SKIPPABLE_START
; SKIPTYPE: timelapse

M1002 judge_flag timelapse_record_flag
M622 J1
    

    
        
    

    
        M971 S11 C10 O0
        M1004 S5 P1  ; external shutter
    

    
        
    
    
    
M623
; SKIPPABLE_END

; object ids of this layer200 end: 1901,1902
M625
G1 X220.338 Y225.583 E.00826
G1 X220.216 Y225.699 E.00637
G1 X220.043 Y225.824 E.00812
G1 X219.791 Y225.942 E.01054
G1 X219.496 Y225.876 E.01151
G1 X218.69 Y225.648 E.0318
G1 X218.217 Y225.551 E.01835
G1 X217.644 Y225.537 E.02178
G1 X217.043 Y225.773 E.02456
G1 X216.734 Y226.032 E.01528
G1 X216.479 Y226.032 E.00969
G1 X216.187 Y225.563 E.02098
G1 X215.627 Y225.184 E.02568
G1 X215.122 Y224.987 E.02061
G1 X214.639 Y224.881 E.01877
G1 X214.165 Y224.84 E.01807
G1 X213.693 Y224.857 E.01796
G1 X213.215 Y224.933 E.01838
G1 X212.722 Y225.085 E.01961
G1 X212.183 Y225.37 E.02316
G1 X211.737 Y225.853 E.02499
G1 X211.529 Y226.032 E.0104
G1 X211.291 Y226.032 E.00907
G1 X210.964 Y225.471 E.02464
G1 X210.293 Y225.184 E.02771
G1 X209.728 Y225.14 E.02154
G1 X209.22 Y225.217 E.01954
G1 X208.755 Y225.356 E.01843
G1 X207.55 Y225.833 E.04921
G1 X207.007 Y225.993 E.02153
G1 X206.701 Y225.891 E.01226
G1 X206.519 Y225.786 E.00798
G1 X206.36 Y225.659 E.0077
G1 X206.169 Y225.442 E.01101
G1 X206.043 Y225.229 E.00939
G1 X205.95 Y224.972 E.0104
G1 X205.906 Y224.68 E.0112
G1 X205.903 Y212.532 E.46156
G1 X188.717 Y212.532 E.65297
G1 X188.717 Y222.782 E.38942
G1 X186.903 Y222.782 E.06888
G1 X186.903 Y210.718 E.45831
G1 X205.903 Y210.718 E.72186
G1 X205.903 Y175.352 E1.34368
G1 X187.903 Y175.352 E.68387
G1 X187.903 Y150.531 E.94298
G1 X181.993 Y150.531 E.22454
G1 X181.993 Y93.968 E2.14898
G1 X185.006 Y93.968 E.11447
G1 X185.006 Y95.781 E.06888
G1 X183.806 Y95.781 E.04559
G1 X183.806 Y145.718 E1.89724
G1 X205.903 Y145.718 E.83952
G1 X205.903 Y133.068 E.48061
G1 X210.221 Y133.068 E.16402
G1 X210.221 Y150.818 E.67437
G1 X210.717 Y150.818 E.01884
G1 X210.717 Y191.882 E1.56009
G1 X210.221 Y191.882 E.01884
G1 X210.221 Y210.568 E.70997
G1 X210.717 Y210.568 E.01884
G1 X210.717 Y210.718 E.0057
G1 X220.717 Y210.718 E.37993
G1 X220.717 Y215.226 E.17125
G1 X209.677 Y215.226 E.41944
; COOLING_NODE: 0
M204 S250
G1 X210 Y215.609 F60000
; FEATURE: Outer wall
; LINE_WIDTH: 0.42
G1 F5982.753
M204 S5000
G1 X210 Y216.111 E.01761
G1 F4841.503
G1 X210 Y216.511 E.01405
G1 F4017.549
G1 X210 Y216.911 E.01405
G1 F3270.395
G1 X210 Y217.311 E.01405
G1 F2600.04
G1 X210 Y217.711 E.01405
G1 F2006.486
G1 X210.041 Y217.711 E.00144
G1 F1950
G1 X221.1 Y217.711 E.38853
G1 F2100
G1 X221.1 Y217.91 E.00699
G1 F2706.344
G1 X221.1 Y218.31 E.01405
G1 F3389.487
G1 X221.1 Y218.71 E.01405
G1 F4149.431
G1 X221.1 Y219.11 E.01405
G1 F4986.175
G1 X221.1 Y219.51 E.01405
G1 F5899.718
G1 X221.1 Y219.91 E.01405
G1 F6890.062
G1 X221.1 Y220.31 E.01405
G1 F7957.206
G1 X221.1 Y220.71 E.01405
G1 F9101.149
G1 X221.1 Y221.11 E.01405
G1 F10321.893
G1 X221.1 Y221.51 E.01405
G1 F11619.437
G1 X221.1 Y221.91 E.01405
G1 F12000
G1 X221.1 Y222.31 E.01405
G1 X221.1 Y224.615 E.08101
G1 X221.072 Y224.937 E.01133
G1 X221.006 Y225.195 E.00937
G1 X220.902 Y225.442 E.00943
G1 X220.789 Y225.632 E.00774
G1 X220.621 Y225.843 E.00948
G1 X220.461 Y225.995 E.00775
G1 X220.243 Y226.152 E.00944
G1 X220.005 Y226.274 E.00942
G1 X219.813 Y226.339 E.0071
G1 X219.401 Y226.248 E.01483
G1 X218.6 Y226.02 E.02928
G1 X218.174 Y225.933 E.01527
G1 X217.712 Y225.922 E.01621
G1 X217.241 Y226.107 E.0178
G1 X216.874 Y226.415 E.01684
G1 X216.266 Y226.415 E.02133
G1 X215.904 Y225.835 E.02402
G1 X215.448 Y225.525 E.01938
G1 X215.011 Y225.355 E.01649
G1 X214.581 Y225.261 E.01544
G1 X214.155 Y225.224 E.01503
G1 X213.73 Y225.239 E.01496
G1 X213.302 Y225.307 E.01521
G1 X212.869 Y225.441 E.01592
G1 X212.42 Y225.678 E.01784
G1 X212.004 Y226.129 E.02157
G1 X211.672 Y226.415 E.01539
G1 X211.07 Y226.415 E.02113
G1 X210.696 Y225.774 E.02608
G1 X210.201 Y225.561 E.01895
G1 X209.742 Y225.526 E.01615
G1 X209.304 Y225.592 E.01558
G1 X208.881 Y225.719 E.01551
G1 X207.679 Y226.194 E.0454
G1 X207.01 Y226.387 E.02447
G1 X206.783 Y226.335 E.00818
G1 X206.534 Y226.237 E.0094
G1 X206.302 Y226.104 E.0094
G1 X206.095 Y225.938 E.00931
G1 X205.857 Y225.669 E.01264
G1 X205.694 Y225.393 E.01123
G1 X205.576 Y225.066 E.01221
G1 X205.522 Y224.709 E.0127
G1 X205.52 Y212.915 E.41435
G1 X189.1 Y212.915 E.57687
G1 X189.1 Y223.165 E.36011
G1 X186.52 Y223.165 E.09064
G1 X186.52 Y210.335 E.45075
G1 X205.52 Y210.335 E.66752
G1 X205.52 Y175.735 E1.21558
G1 X187.52 Y175.735 E.63238
G1 X187.52 Y150.915 E.87199
G1 X181.61 Y150.915 E.20763
G1 X181.61 Y93.585 E2.01414
G1 X185.39 Y93.585 E.1328
G1 X185.39 Y96.165 E.09064
G1 X184.19 Y96.165 E.04216
G1 X184.19 Y145.335 E1.72746
G1 X205.52 Y145.335 E.74937
G1 X205.52 Y132.685 E.44443
G1 X210.604 Y132.685 E.17862
G1 X210.604 Y150.435 E.6236
G1 X211.1 Y150.435 E.01742
G1 X211.1 Y192.265 E1.46959
G1 X210.604 Y192.265 E.01742
G1 X210.604 Y210.185 E.62957
G1 X211.1 Y210.185 E.01742
G1 X211.1 Y210.335 E.00527
G1 X221.1 Y210.335 E.35132
G1 X221.1 Y211.01 E.02372
G1 X221.1 Y211.41 E.01405
G1 F11619.437
G1 X221.1 Y211.81 E.01405
G1 F10321.893
G1 X221.1 Y212.21 E.01405
G1 F9101.149
G1 X221.1 Y212.61 E.01405
G1 F7957.206
G1 X221.1 Y213.01 E.01405
G1 F6890.062
G1 X221.1 Y213.41 E.01405
G1 F5899.718
G1 X221.1 Y213.81 E.01405
G1 F4986.175
G1 X221.1 Y214.21 E.01405
G1 F4149.431
G1 X221.1 Y214.61 E.01405
G1 F3389.487
G1 X221.1 Y215.01 E.01405
G1 F2706.344
G1 X221.1 Y215.41 E.01405
G1 F2100
G1 X221.1 Y215.609 E.00699
G1 F1950
G1 X210.06 Y215.609 E.38786
M204 S10000
G1 X209.647 Y214.777 F60000
; FEATURE: Floating vertical shell
; LINE_WIDTH: 0.551544
G1 F8999.281
M204 S8000
G1 X220.207 Y214.777 E.50344
; WIPE_START
G1 X218.207 Y214.777 E-.76
; WIPE_END
G1 E-.04 F1800
M204 S10000
G17
G3 Z48.36 I-1.143 J-.417 P1  F60000
G1 X216.669 Y218.993 Z48.36
G1 Z47.96
G1 E.8 F1800
; FEATURE: Sparse infill
; LINE_WIDTH: 0.45
G1 F11292.473
M204 S8000
G1 X218.263 Y218.993 E.06056
G1 X220.376 Y221.105 E.11351
G1 X220.376 Y219.12 E.07541
G1 X214.905 Y224.591 E.29391
G1 X215.221 Y224.659 E.01226
G1 X215.787 Y224.88 E.02309
G1 X216.438 Y225.321 E.02989
G1 X216.648 Y225.659 E.01511
G1 X216.866 Y225.476 E.0108
G1 X217.129 Y225.373 E.01073
G1 X210.749 Y218.993 E.34281
G1 X212.989 Y218.993 E.08511
G1 X206.584 Y225.398 E.34415
G1 X206.711 Y225.503 E.00628
G1 X206.841 Y225.578 E.0057
G1 X207.013 Y225.635 E.00689
G1 X207.439 Y225.51 E.01688
G1 X208.643 Y225.034 E.04918
G1 X209.13 Y224.888 E.01932
G1 X206.246 Y222.004 E.15493
G1 X206.246 Y220.41 E.06056
; WIPE_START
G1 X206.246 Y222.004 E-.60572
G1 X206.533 Y222.291 E-.15428
; WIPE_END
G1 E-.04 F1800
M204 S10000
G1 X209.647 Y218.543 Z48.36 F60000
G1 Z47.96
G1 E.8 F1800
; FEATURE: Floating vertical shell
; LINE_WIDTH: 0.551564
G1 F8998.921
M204 S8000
G1 X220.207 Y218.543 E.50346
; WIPE_START
G1 X218.207 Y218.543 E-.76
; WIPE_END
G1 E-.04 F1800
M204 S10000
G17
G3 Z48.36 I1.026 J-.654 P1  F60000
G1 X209.88 Y205.48 Z48.36
G1 Z47.96
G1 E.8 F1800
; FEATURE: Sparse infill
; LINE_WIDTH: 0.45
G1 F11292.473
M204 S8000
G1 X209.88 Y207.074 E.06056
G1 X206.244 Y210.709 E.19532
G1 X206.244 Y211.059 E.01331
G1 X205.894 Y211.059 E.01331
G1 X204.763 Y212.191 E.06077
G1 X203.947 Y212.191 E.03101
G1 X202.816 Y211.059 E.06077
G1 X198.38 Y211.059 E.16852
G1 X197.249 Y212.191 E.06077
G1 X196.433 Y212.191 E.03101
G1 X195.302 Y211.059 E.06077
G1 X190.866 Y211.059 E.16852
G1 X189.735 Y212.191 E.06077
G1 X188.919 Y212.191 E.03101
G1 X187.788 Y211.059 E.06077
G1 X187.244 Y211.059 E.02064
G1 X187.244 Y212.11 E.03992
; WIPE_START
G1 X187.244 Y211.059 E-.39931
G1 X187.788 Y211.059 E-.2064
G1 X188.075 Y211.347 E-.15429
; WIPE_END
G1 E-.04 F1800
M204 S10000
G1 X188.376 Y215.144 Z48.36 F60000
G1 Z47.96
G1 E.8 F1800
G1 F11292.473
M204 S8000
G1 X188.376 Y213.55 E.06056
G1 X187.244 Y214.681 E.06077
G1 X187.244 Y218.03 E.12725
G1 X188.376 Y219.162 E.06077
G1 X188.376 Y221.064 E.07228
G1 X187.244 Y222.195 E.06077
G1 X187.244 Y220.601 E.06056
; WIPE_START
G1 X187.244 Y222.195 E-.60572
G1 X187.532 Y221.908 E-.15429
; WIPE_END
G1 E-.04 F1800
M204 S10000
G1 X191.425 Y215.343 Z48.36 F60000
G1 X206.244 Y190.352 Z48.36
G1 Z47.96
G1 E.8 F1800
G1 F11292.473
M204 S8000
G1 X206.244 Y191.946 E.06056
G1 X209.88 Y195.581 E.19532
G1 X209.88 Y192.046 E.13432
G1 X206.244 Y195.681 E.19532
G1 X206.244 Y199.46 E.14357
G1 X209.88 Y203.095 E.19532
G1 X209.88 Y199.56 E.13432
G1 X206.244 Y203.195 E.19532
G1 X206.244 Y206.974 E.14357
G1 X209.88 Y210.609 E.19532
G1 X209.88 Y210.909 E.0114
G1 X210.18 Y210.909 E.0114
G1 X213.598 Y214.327 E.18364
G1 X217.654 Y214.327 E.15412
G1 X220.376 Y211.606 E.1462
G1 X220.376 Y213.591 E.07541
G1 X217.844 Y211.059 E.13602
G1 X213.408 Y211.059 E.16852
G1 X210.14 Y214.327 E.17559
G1 X209.434 Y214.327 E.02684
G1 X209.198 Y214.563 E.01267
G1 X209.198 Y215.125 E.02135
G1 X209.27 Y215.197 E.00388
G1 X206.246 Y218.222 E.16252
G1 X206.245 Y214.488 E.14186
G1 X209.276 Y217.519 E.16285
G1 X209.276 Y218.117 E.02273
G1 X209.198 Y218.195 E.00416
G1 X209.198 Y218.757 E.02135
G1 X209.427 Y218.986 E.01232
; WIPE_START
G1 X209.198 Y218.757 E-.12322
G1 X209.198 Y218.195 E-.21353
G1 X209.276 Y218.117 E-.04164
G1 X209.276 Y217.519 E-.22733
G1 X208.988 Y217.232 E-.15429
; WIPE_END
G1 E-.04 F1800
M204 S10000
G1 X209.338 Y209.608 Z48.36 F60000
G1 X210.376 Y186.969 Z48.36
G1 Z47.96
G1 E.8 F1800
G1 F11292.473
M204 S8000
G1 X210.376 Y188.563 E.06056
G1 X206.244 Y184.432 E.22196
G1 X206.244 Y188.167 E.14191
G1 X210.376 Y184.036 E.22196
G1 X210.376 Y181.049 E.11349
G1 X206.244 Y176.918 E.22196
G1 X206.244 Y180.653 E.14191
G1 X210.376 Y176.522 E.22196
G1 X210.376 Y173.535 E.11349
G1 X188.244 Y151.404 E1.1891
G1 X188.244 Y153.568 E.08224
G1 X195.753 Y146.059 E.40345
G1 X197.929 Y146.059 E.08264
G1 X210.376 Y158.506 E.66878
G1 X210.376 Y161.494 E.11349
G1 X196.859 Y175.011 E.72627
G1 X196.823 Y175.011 E.00134
G1 X188.244 Y166.432 E.46094
G1 X188.244 Y168.596 E.08224
G1 X209.88 Y146.961 E1.16246
G1 X209.88 Y150.497 E.13432
G1 X205.443 Y146.059 E.23841
G1 X203.267 Y146.059 E.08264
G1 X188.244 Y161.082 E.80718
G1 X188.244 Y158.918 E.08224
G1 X204.337 Y175.011 E.86467
G1 X204.373 Y175.011 E.00134
G1 X210.376 Y169.008 E.32254
G1 X210.376 Y166.021 E.11349
G1 X190.414 Y146.059 E1.07251
G1 X188.239 Y146.059 E.08264
G1 X184.108 Y150.191 E.22196
G1 X187.031 Y150.191 E.11107
G1 X182.334 Y145.494 E.25237
G1 X182.334 Y144.45 E.03964
G1 X183.466 Y143.319 E.06077
G1 X183.466 Y139.111 E.15989
G1 X182.334 Y137.979 E.06077
G1 X182.334 Y136.936 E.03964
G1 X183.466 Y135.805 E.06077
G1 X183.466 Y131.596 E.15989
G1 X182.334 Y130.465 E.06077
G1 X182.334 Y129.422 E.03964
G1 X183.466 Y128.291 E.06077
G1 X183.466 Y124.082 E.15989
G1 X182.334 Y122.951 E.06077
G1 X182.334 Y121.908 E.03964
G1 X183.466 Y120.777 E.06077
G1 X183.466 Y116.568 E.15989
G1 X182.334 Y115.437 E.06077
G1 X182.334 Y114.394 E.03964
G1 X183.466 Y113.263 E.06077
G1 X183.466 Y109.054 E.15989
G1 X182.334 Y107.923 E.06077
G1 X182.334 Y106.88 E.03964
G1 X183.466 Y105.748 E.06077
G1 X183.466 Y101.54 E.15989
G1 X182.334 Y100.409 E.06077
G1 X182.334 Y99.365 E.03964
G1 X183.466 Y98.234 E.06077
G1 X183.466 Y95.441 E.10615
G1 X184.666 Y95.441 E.04559
G1 X184.666 Y95.226 E.00815
G1 X183.749 Y94.309 E.04924
G1 X182.334 Y94.309 E.05374
G1 X182.334 Y94.489 E.00682
; WIPE_START
G1 X182.334 Y94.309 E-.06817
G1 X183.749 Y94.309 E-.53754
G1 X184.036 Y94.597 E-.15429
; WIPE_END
G1 E-.04 F1800
M204 S10000
G1 X188.004 Y101.116 Z48.36 F60000
G1 X209.88 Y137.062 Z48.36
G1 Z47.96
G1 E.8 F1800
G1 F11292.473
M204 S8000
G1 X209.88 Y135.468 E.06056
G1 X207.821 Y133.409 E.11063
G1 X208.403 Y133.409 E.02213
G1 X206.244 Y135.568 E.11599
G1 X206.244 Y139.347 E.14357
G1 X209.88 Y142.982 E.19532
G1 X209.88 Y139.447 E.13432
G1 X206.244 Y143.082 E.19532
G1 X206.244 Y144.676 E.06056
; WIPE_START
G1 X206.244 Y143.082 E-.60572
G1 X206.532 Y142.795 E-.15428
; WIPE_END
G1 E-.04 F1800
M204 S10000
G1 X202.516 Y149.286 Z48.36 F60000
G1 X188.244 Y172.352 Z48.36
G1 Z47.96
G1 E.8 F1800
G1 F11292.473
M204 S8000
G1 X188.244 Y173.946 E.06056
G1 X189.309 Y175.011 E.05721
G1 X189.344 Y175.011 E.00134
G1 X210.376 Y153.979 E1.13
G1 X210.376 Y155.573 E.06056
; OBJECT_ID: 1901
; WIPE_START
G1 X210.376 Y153.979 E-.60572
G1 X210.088 Y154.267 E-.15429
; WIPE_END
G1 E-.04 F1800
; FEATURE: Other object
; stop printing object, unique label id: 1902
M625
; FEATURE: Other object
; start printing object, unique label id: 1901
M624 AQAAAAAAAAA=
M204 S10000
G1 X204.03 Y149.624 Z48.36 F60000
G1 X140.417 Y100.872 Z48.36
G1 Z47.96
G1 E.8 F1800
; FEATURE: Other object
; LINE_WIDTH: 0.62
G1 F7915.629
M204 S8000
G1 X140.45 Y100.464 E.02221
G1 X140.478 Y100.387 E.00441
M73 P80 R44
G1 X140.538 Y100.354 E.00374
G1 X140.768 Y99.683 E.03842
G1 X140.86 Y99.693 E.005
G1 X140.994 Y99.758 E.0081
G1 X141.101 Y99.871 E.00842
G1 X141.171 Y100.044 E.01011
G1 X141.186 Y100.283 E.01296
G1 X141.128 Y100.566 E.01568
G1 X141.08 Y100.673 E.00632
G1 X141.099 Y100.969 E.01607
G1 X141.05 Y101.301 E.0182
G1 X140.946 Y101.538 E.01401
G1 X140.812 Y101.682 E.01067
G1 X140.723 Y101.727 E.00536
G1 X140.543 Y101.74 E.00982
G1 X140.383 Y101.694 E.00901
G1 X140.198 Y101.578 E.01183
G1 X139.98 Y101.363 E.01658
G1 X139.818 Y101.109 E.01632
G1 X139.801 Y101.05 E.00337
G1 X139.792 Y100.683 E.01988
G1 X139.826 Y100.574 E.00622
G1 X139.848 Y100.307 E.01451
G1 X139.937 Y100.059 E.01429
G1 X139.993 Y99.979 E.00529
G1 X140.179 Y99.834 E.01277
G1 X140.475 Y99.705 E.01748
G1 X140.683 Y99.672 E.01147
; WIPE_START
G1 X140.86 Y99.693 E-.06743
G1 X140.994 Y99.758 E-.05681
G1 X141.101 Y99.871 E-.05902
G1 X141.171 Y100.044 E-.0709
G1 X141.186 Y100.283 E-.09088
G1 X141.128 Y100.566 E-.1099
G1 X141.08 Y100.673 E-.04431
G1 X141.099 Y100.969 E-.11269
G1 X141.05 Y101.301 E-.1276
G1 X141.028 Y101.35 E-.02046
; WIPE_END
G1 E-.04 F1800
M204 S10000
G17
G3 Z48.36 I.216 J-1.198 P1  F60000
G1 X137.67 Y100.745 Z48.36
G1 Z47.96
G1 E.8 F1800
G1 F7915.629
M204 S8000
G1 X137.497 Y100.134 E.03443
G1 X137.387 Y99.506 E.03455
G1 X137.519 Y99.508 E.00716
G1 X137.77 Y99.552 E.01384
G1 X137.965 Y99.612 E.01106
G1 X138.082 Y99.723 E.00875
G1 X138.401 Y99.839 E.01837
G1 X138.605 Y99.964 E.01296
G1 X138.766 Y100.13 E.01254
G1 X138.854 Y100.301 E.01046
G1 X138.878 Y100.466 E.00904
G1 X138.845 Y100.625 E.0088
G1 X138.736 Y100.805 E.01137
G1 X138.323 Y101.239 E.03248
G1 X138.175 Y101.513 E.01687
G1 X138.013 Y101.652 E.01162
G1 X137.765 Y101.799 E.01559
G1 X137.494 Y101.868 E.01514
G1 X137.342 Y101.854 E.00831
G1 X137.207 Y101.793 E.008
G1 X137.095 Y101.675 E.00886
G1 X137.023 Y101.509 E.00979
G1 X136.994 Y101.314 E.01065
G1 X137.006 Y101.071 E.01322
G1 X137.06 Y100.864 E.01159
G1 X136.822 Y100.024 E.04733
G1 X136.819 Y99.829 E.01054
G1 X136.87 Y99.697 E.00766
G1 X136.968 Y99.6 E.00748
G1 X137.122 Y99.53 E.00921
G1 X137.301 Y99.505 E.00979
; WIPE_START
G1 X137.519 Y99.508 E-.0826
G1 X137.77 Y99.552 E-.09705
G1 X137.965 Y99.612 E-.07755
G1 X138.082 Y99.723 E-.06133
G1 X138.401 Y99.839 E-.12879
G1 X138.605 Y99.964 E-.09089
G1 X138.766 Y100.13 E-.08791
G1 X138.854 Y100.301 E-.07336
G1 X138.877 Y100.459 E-.06053
; WIPE_END
G1 E-.04 F1800
M204 S10000
G17
G3 Z48.36 I-1.088 J-.546 P1  F60000
G1 X98.602 Y180.702 Z48.36
G1 Z47.96
G1 E.8 F1800
G1 F7915.629
M204 S8000
G1 X98.644 Y180.573 E.00736
G1 X98.73 Y180.443 E.00845
G1 X98.845 Y180.344 E.00822
G1 X98.976 Y180.284 E.00778
G1 X99.108 Y180.265 E.00725
G1 X99.194 Y179.651 E.03361
G1 X99.41 Y179.684 E.01183
G1 X99.674 Y179.814 E.01597
G1 X99.879 Y180.013 E.01553
G1 X100.01 Y180.268 E.01552
G1 X100.056 Y180.558 E.01588
G1 X100.009 Y180.863 E.01677
G1 X99.869 Y181.157 E.01762
G1 X99.647 Y181.41 E.01825
G1 X99.366 Y181.598 E.01836
G1 X99.054 Y181.702 E.01779
G1 X98.747 Y181.708 E.01668
G1 X98.462 Y181.618 E.01619
G1 X98.227 Y181.445 E.01581
G1 X98.063 Y181.206 E.01571
G1 X97.975 Y180.878 E.01841
G1 X97.982 Y180.604 E.01485
G1 X98.081 Y180.3 E.01733
G1 X98.261 Y180.029 E.01763
G1 X98.507 Y179.817 E.01759
G1 X98.798 Y179.683 E.01739
G1 X99.11 Y179.638 E.01704
; WIPE_START
G1 X99.41 Y179.684 E-.11537
G1 X99.674 Y179.814 E-.11193
G1 X99.879 Y180.013 E-.10886
G1 X100.01 Y180.268 E-.1088
G1 X100.056 Y180.558 E-.11136
G1 X100.009 Y180.863 E-.11758
G1 X99.911 Y181.068 E-.0861
; WIPE_END
G1 E-.04 F1800
M204 S10000
G17
G3 Z48.36 I-1.075 J-.57 P1  F60000
G1 X98.482 Y183.764 Z48.36
G1 Z47.96
G1 E.8 F1800
G1 F7915.629
M204 S8000
G1 X98.456 Y183.593 E.00938
G1 X98.468 Y183.491 E.00555
G1 X98.519 Y183.372 E.007
G1 X98.586 Y183.292 E.00568
G1 X98.664 Y183.244 E.00495
G1 X98.756 Y183.222 E.00514
G1 X98.792 Y182.603 E.03361
G1 X99.007 Y182.622 E.01172
G1 X99.293 Y182.737 E.0167
G1 X99.533 Y182.92 E.01635
G1 X99.745 Y183.189 E.01856
G1 X99.876 Y183.504 E.01848
G1 X99.914 Y183.828 E.01766
G1 X99.865 Y184.132 E.01674
G1 X99.734 Y184.395 E.01587
G1 X99.533 Y184.598 E.01551
G1 X99.277 Y184.73 E.01564
G1 X98.987 Y184.777 E.01589
G1 X98.675 Y184.739 E.01703
G1 X98.385 Y184.612 E.0172
G1 X98.134 Y184.401 E.01776
G1 X97.947 Y184.123 E.01815
G1 X97.855 Y183.844 E.01592
G1 X97.832 Y183.581 E.0143
G1 X97.864 Y183.329 E.01378
G1 X97.984 Y183.045 E.01672
G1 X98.175 Y182.818 E.01607
G1 X98.422 Y182.664 E.01574
G1 X98.707 Y182.596 E.01591
; WIPE_START
G1 X99.007 Y182.622 E-.11457
G1 X99.293 Y182.737 E-.11708
G1 X99.533 Y182.92 E-.11463
G1 X99.745 Y183.189 E-.13014
G1 X99.876 Y183.504 E-.12955
G1 X99.914 Y183.828 E-.12384
G1 X99.901 Y183.906 E-.03018
; WIPE_END
G1 E-.04 F1800
M204 S10000
G17
G3 Z48.36 I-1.179 J-.303 P1  F60000
G1 X98.259 Y190.303 Z48.36
G1 Z47.96
G1 E.8 F1800
G1 F7915.629
M204 S8000
G1 X98.352 Y190.108 E.01167
G1 X98.454 Y189.983 E.00879
G1 X98.605 Y189.87 E.01022
G1 X98.754 Y189.813 E.00865
G1 X98.889 Y189.803 E.00732
G1 X99.021 Y189.197 E.03361
G1 X99.241 Y189.249 E.01225
G1 X99.512 Y189.411 E.01711
G1 X99.733 Y189.66 E.01805
G1 X99.886 Y189.989 E.01969
G1 X99.953 Y190.385 E.02173
G1 X99.942 Y190.526 E.00771
G1 X99.994 Y190.849 E.01772
G1 X99.949 Y191.131 E.0155
G1 X99.815 Y191.389 E.01572
G1 X99.597 Y191.606 E.01667
G1 X99.386 Y191.73 E.01326
G1 X99.051 Y191.888 E.02011
G1 X98.721 Y191.94 E.01808
G1 X98.398 Y191.893 E.01767
G1 X98.107 Y191.752 E.01752
G1 X97.87 Y191.528 E.01768
G1 X97.699 Y191.225 E.01888
G1 X97.635 Y191.034 E.01091
G1 X97.58 Y190.77 E.01463
G1 X97.593 Y190.386 E.02079
G1 X97.694 Y190.021 E.02054
G1 X97.835 Y189.762 E.01598
G1 X98.022 Y189.532 E.01608
G1 X98.303 Y189.322 E.01904
G1 X98.617 Y189.201 E.01822
G1 X98.938 Y189.177 E.01743
; WIPE_START
G1 X99.241 Y189.249 E-.11832
G1 X99.512 Y189.411 E-.11992
G1 X99.733 Y189.66 E-.12657
G1 X99.886 Y189.989 E-.13803
G1 X99.953 Y190.385 E-.15235
G1 X99.942 Y190.526 E-.05405
G1 X99.963 Y190.658 E-.05075
; WIPE_END
G1 E-.04 F1800
M204 S10000
G17
G3 Z48.36 I-1.189 J-.259 P1  F60000
G1 X98.691 Y196.496 Z48.36
G1 Z47.96
G1 E.8 F1800
G1 F7915.629
M204 S8000
G1 X98.707 Y196.452 E.00253
G1 X98.711 Y196.102 E.01898
G1 X98.749 Y195.977 E.00708
G1 X98.827 Y195.861 E.00759
G1 X98.942 Y195.764 E.00816
G1 X99.081 Y195.701 E.00827
G1 X99.225 Y195.68 E.00787
G1 X99.31 Y195.066 E.03361
G1 X99.534 Y195.099 E.01228
G1 X99.804 Y195.228 E.01623
G1 X100.013 Y195.426 E.0156
G1 X100.145 Y195.676 E.01538
G1 X100.191 Y195.963 E.01571
G1 X100.144 Y196.264 E.01654
G1 X100.042 Y196.475 E.01272
G1 X99.835 Y197.186 E.04011
G1 X99.98 Y197.632 E.02545
G1 X100.004 Y197.99 E.01946
G1 X99.942 Y198.31 E.01763
G1 X99.775 Y198.702 E.02315
G1 X99.541 Y198.997 E.02038
G1 X99.261 Y199.193 E.01851
G1 X98.961 Y199.288 E.01708
G1 X98.651 Y199.284 E.01678
G1 X98.352 Y199.184 E.01712
G1 X98.081 Y198.989 E.01806
G1 X97.858 Y198.706 E.01952
G1 X97.728 Y198.411 E.0175
G1 X97.645 Y198.002 E.02262
G1 X97.631 Y197.606 E.02146
G1 X97.712 Y197.251 E.01975
G1 X97.85 Y196.993 E.01585
G1 X98.088 Y196.34 E.03768
G1 X98.091 Y196.005 E.01813
G1 X98.183 Y195.709 E.01684
G1 X98.359 Y195.443 E.01725
G1 X98.609 Y195.234 E.01765
G1 X98.906 Y195.1 E.01768
G1 X99.225 Y195.054 E.01747
; WIPE_START
G1 X99.534 Y195.099 E-.11847
G1 X99.804 Y195.228 E-.11382
G1 X100.013 Y195.426 E-.10934
G1 X100.145 Y195.676 E-.1078
G1 X100.191 Y195.963 E-.11012
G1 X100.144 Y196.264 E-.11595
G1 X100.047 Y196.464 E-.0845
; WIPE_END
G1 E-.04 F1800
M204 S10000
G17
G3 Z48.36 I-1.201 J-.195 P1  F60000
G1 X98.604 Y205.375 Z48.36
G1 Z47.96
G1 E.8 F1800
G1 F7915.629
M204 S8000
G1 X98.645 Y205.249 E.00721
G1 X98.733 Y205.114 E.00874
G1 X98.848 Y205.014 E.00826
G1 X98.977 Y204.954 E.00773
G1 X99.108 Y204.935 E.00715
G1 X99.193 Y204.32 E.03361
G1 X99.407 Y204.353 E.01172
G1 X99.669 Y204.484 E.01589
G1 X99.873 Y204.685 E.01551
G1 X100.004 Y204.94 E.01556
G1 X100.049 Y205.231 E.01597
G1 X100.002 Y205.539 E.01685
G1 X99.863 Y205.833 E.01764
G1 X99.641 Y206.09 E.01843
G1 X99.36 Y206.284 E.0185
G1 X99.049 Y206.392 E.01783
G1 X98.739 Y206.401 E.01681
G1 X98.457 Y206.313 E.01602
G1 X98.224 Y206.14 E.01576
G1 X98.057 Y205.896 E.01602
G1 X97.972 Y205.602 E.01657
G1 X97.98 Y205.287 E.01705
G1 X98.081 Y204.978 E.01762
G1 X98.261 Y204.703 E.01783
G1 X98.507 Y204.488 E.01769
G1 X98.798 Y204.354 E.01741
G1 X99.109 Y204.308 E.01699
; WIPE_START
G1 X99.407 Y204.353 E-.1146
G1 X99.669 Y204.484 E-.11141
G1 X99.873 Y204.685 E-.10876
G1 X100.004 Y204.94 E-.10909
G1 X100.049 Y205.231 E-.11196
G1 X100.002 Y205.539 E-.11812
G1 X99.906 Y205.744 E-.08607
; WIPE_END
G1 E-.04 F1800
M204 S10000
G17
G3 Z48.36 I-1.095 J-.531 P1  F60000
G1 X98.735 Y208.156 Z48.36
G1 Z47.96
G1 E.8 F1800
G1 F7915.629
M204 S8000
G1 X98.705 Y208.059 E.00555
G1 X98.704 Y207.944 E.00623
G1 X98.732 Y207.852 E.00519
G1 X98.777 Y207.79 E.00416
G1 X98.845 Y207.741 E.00455
G1 X98.95 Y207.71 E.00594
G1 X99.089 Y207.709 E.00753
G1 X99.257 Y207.112 E.03361
G1 X99.488 Y207.18 E.01305
G1 X99.771 Y207.357 E.01813
G1 X99.993 Y207.601 E.01788
G1 X100.132 Y207.887 E.01723
G1 X100.179 Y208.185 E.01633
G1 X100.133 Y208.47 E.01566
G1 X100.001 Y208.722 E.01543
G1 X99.793 Y208.923 E.01568
G1 X99.534 Y209.05 E.01562
G1 X99.215 Y209.102 E.01751
G1 X98.887 Y209.054 E.01796
G1 X98.603 Y208.927 E.01689
G1 X98.354 Y208.718 E.01758
G1 X98.178 Y208.453 E.01725
G1 X98.086 Y208.155 E.01688
G1 X98.083 Y207.854 E.01635
G1 X98.169 Y207.574 E.01584
G1 X98.335 Y207.344 E.01541
G1 X98.569 Y207.177 E.01562
G1 X98.858 Y207.09 E.0163
G1 X99.175 Y207.088 E.01719
; WIPE_START
G1 X99.488 Y207.18 E-.12388
G1 X99.771 Y207.357 E-.12712
G1 X99.993 Y207.601 E-.12533
G1 X100.132 Y207.887 E-.12082
G1 X100.179 Y208.185 E-.11451
G1 X100.133 Y208.47 E-.10977
G1 X100.086 Y208.56 E-.03857
; WIPE_END
G1 E-.04 F1800
M204 S10000
G17
G3 Z48.36 I-1.059 J-.599 P1  F60000
G1 X98.5 Y211.365 Z48.36
G1 Z47.96
G1 E.8 F1800
G1 F7915.629
M204 S8000
G1 X98.467 Y211.22 E.00806
G1 X98.483 Y211.085 E.00736
G1 X98.532 Y210.973 E.00664
G1 X98.598 Y210.895 E.00553
G1 X98.677 Y210.847 E.00498
G1 X98.774 Y210.825 E.00539
G1 X98.812 Y210.206 E.03361
G1 X99.03 Y210.226 E.01187
G1 X99.309 Y210.337 E.01626
G1 X99.553 Y210.519 E.01651
G1 X99.771 Y210.794 E.01902
G1 X99.903 Y211.107 E.01842
G1 X99.941 Y211.431 E.01768
G1 X99.895 Y211.734 E.01659
G1 X99.765 Y211.992 E.01568
G1 X99.562 Y212.193 E.01547
G1 X99.304 Y212.322 E.01565
G1 X99.005 Y212.369 E.01638
G1 X98.696 Y212.328 E.0169
G1 X98.401 Y212.199 E.01743
G1 X98.149 Y211.987 E.01785
G1 X97.961 Y211.709 E.01821
G1 X97.87 Y211.437 E.01553
G1 X97.845 Y211.192 E.01335
G1 X97.879 Y210.92 E.01483
G1 X98 Y210.641 E.01651
G1 X98.191 Y210.417 E.01597
G1 X98.439 Y210.266 E.01574
G1 X98.727 Y210.199 E.01601
; WIPE_START
G1 X99.03 Y210.226 E-.1156
G1 X99.309 Y210.337 E-.11397
G1 X99.553 Y210.519 E-.11577
G1 X99.771 Y210.794 E-.13338
G1 X99.903 Y211.107 E-.12916
G1 X99.941 Y211.431 E-.12395
G1 X99.93 Y211.505 E-.02816
; WIPE_END
G1 E-.04 F1800
M204 S10000
G17
G3 Z48.36 I-1.196 J.224 P1  F60000
G1 X101.236 Y218.474 Z48.36
G1 Z47.96
G1 E.8 F1800
G1 F7915.629
M204 S8000
G1 X101.151 Y218.054 E.02321
G1 X101.141 Y217.895 E.00861
G1 X101.176 Y217.685 E.01158
G1 X101.247 Y217.531 E.00918
G1 X101.335 Y217.432 E.0072
G1 X101.433 Y217.374 E.00616
G1 X101.548 Y217.349 E.00636
G1 X101.595 Y216.731 E.03361
G1 X101.836 Y216.755 E.01313
G1 X102.168 Y216.893 E.01948
G1 X102.49 Y217.15 E.02237
G1 X102.761 Y217.517 E.02471
G1 X102.803 Y217.619 E.00597
G1 X103.082 Y217.823 E.01873
G1 X103.291 Y218.078 E.01785
G1 X103.429 Y218.387 E.01838
G1 X103.474 Y218.714 E.01788
G1 X103.423 Y219.032 E.01742
G1 X103.282 Y219.319 E.01735
G1 X103.06 Y219.558 E.01767
G1 X102.726 Y219.756 E.02105
G1 X102.295 Y220.377 E.04099
G1 X102.216 Y220.841 E.02551
G1 X102.057 Y221.196 E.02109
G1 X101.817 Y221.5 E.021
G1 X101.477 Y221.758 E.02311
G1 X101.409 Y221.788 E.00403
G1 X101.114 Y221.897 E.01705
G1 X100.767 Y221.926 E.01887
G1 X100.454 Y221.86 E.01736
G1 X100.204 Y221.722 E.01549
G1 X99.955 Y221.472 E.01908
G1 X99.813 Y221.181 E.01757
G1 X99.756 Y220.841 E.01867
G1 X99.787 Y220.53 E.01696
G1 X99.866 Y220.276 E.01443
G1 X100.013 Y219.995 E.01719
G1 X100.263 Y219.707 E.02064
G1 X100.433 Y219.589 E.01123
G1 X100.592 Y219.227 E.02145
G1 X100.615 Y218.509 E.03894
G1 X100.535 Y218.139 E.02048
G1 X100.517 Y217.863 E.01498
G1 X100.578 Y217.5 E.01995
G1 X100.723 Y217.187 E.01872
G1 X100.938 Y216.947 E.01744
G1 X101.204 Y216.79 E.01678
G1 X101.51 Y216.723 E.01694
; WIPE_START
G1 X101.836 Y216.755 E-.12445
G1 X102.168 Y216.893 E-.13661
G1 X102.49 Y217.15 E-.15682
G1 X102.761 Y217.517 E-.17327
G1 X102.803 Y217.619 E-.04189
G1 X103.073 Y217.817 E-.12696
; WIPE_END
G1 E-.04 F1800
M204 S10000
G17
G3 Z48.36 I.774 J.939 P1  F60000
G1 X105.828 Y215.545 Z48.36
G1 Z47.96
G1 E.8 F1800
G1 F7915.629
M204 S8000
G1 X105.814 Y215.359 E.0101
G1 X105.849 Y215.245 E.00648
G1 X105.905 Y215.161 E.00549
G1 X105.975 Y215.106 E.00482
G1 X106.055 Y215.078 E.00459
G1 X106.151 Y215.076 E.00521
G1 X106.317 Y214.478 E.03361
G1 X106.529 Y214.542 E.01195
G1 X106.798 Y214.721 E.01753
G1 X107.013 Y214.976 E.01809
G1 X107.151 Y215.281 E.01816
G1 X107.198 Y215.603 E.01762
G1 X107.152 Y215.909 E.01677
G1 X107.022 Y216.173 E.01594
G1 X106.821 Y216.377 E.01554
G1 X106.567 Y216.507 E.01548
G1 X106.277 Y216.554 E.01594
G1 X105.977 Y216.509 E.01641
G1 X105.695 Y216.376 E.01691
G1 X105.456 Y216.164 E.01733
G1 X105.284 Y215.891 E.0175
G1 X105.194 Y215.584 E.01734
G1 X105.194 Y215.268 E.01708
G1 X105.282 Y214.976 E.01654
G1 X105.447 Y214.733 E.01594
G1 X105.673 Y214.556 E.01556
G1 X105.942 Y214.46 E.01548
G1 X106.236 Y214.454 E.01592
; WIPE_START
G1 X106.529 Y214.542 E-.11616
G1 X106.798 Y214.721 E-.12287
G1 X107.013 Y214.976 E-.1268
G1 X107.151 Y215.281 E-.1273
G1 X107.198 Y215.603 E-.12353
G1 X107.152 Y215.909 E-.11757
G1 X107.122 Y215.97 E-.02577
; WIPE_END
G1 E-.04 F1800
M204 S10000
G17
G3 Z48.36 I.103 J1.213 P1  F60000
G1 X110.951 Y215.646 Z48.36
G1 Z47.96
G1 E.8 F1800
G1 F7915.629
M204 S8000
G1 X111.044 Y215.553 E.00709
G1 X111.162 Y215.484 E.00744
G1 X111.38 Y215.433 E.01213
G1 X111.568 Y215.324 E.0118
G1 X111.73 Y215.287 E.00899
G1 X111.772 Y214.668 E.03361
G1 X111.967 Y214.685 E.01063
G1 X112.217 Y214.801 E.01493
G1 X112.416 Y214.999 E.01524
G1 X112.545 Y215.264 E.01593
G1 X112.59 Y215.576 E.01708
G1 X112.468 Y216.376 E.0439
G1 X112.333 Y216.683 E.01817
G1 X112.122 Y216.945 E.01822
G1 X111.841 Y217.144 E.01866
G1 X111.503 Y217.259 E.01937
G1 X111.155 Y217.27 E.01887
G1 X110.84 Y217.185 E.01766
G1 X110.564 Y217.014 E.01758
G1 X110.345 Y216.768 E.01786
G1 X110.21 Y216.491 E.01669
G1 X110.187 Y216.407 E.0047
G1 X110.154 Y216.225 E.01005
G1 X110.154 Y215.951 E.01486
G1 X110.234 Y215.618 E.01855
G1 X110.401 Y215.319 E.01856
G1 X110.662 Y215.059 E.01997
G1 X110.929 Y214.902 E.01679
G1 X111.149 Y214.85 E.01225
G1 X111.339 Y214.74 E.0119
G1 X111.687 Y214.661 E.01934
; WIPE_START
G1 X111.967 Y214.685 E-.10692
G1 X112.217 Y214.801 E-.10468
G1 X112.416 Y214.999 E-.10681
G1 X112.545 Y215.264 E-.11172
G1 X112.59 Y215.576 E-.11977
G1 X112.507 Y216.122 E-.2101
; WIPE_END
G1 E-.04 F1800
M204 S10000
G17
G3 Z48.36 I-.931 J-.783 P1  F60000
G1 X108.194 Y221.249 Z48.36
G1 Z47.96
G1 E.8 F1800
G1 F7915.629
M204 S8000
G1 X108.571 Y221.032 E.02361
G1 X108.852 Y220.92 E.01637
G1 X109.096 Y220.886 E.01332
G1 X109.155 Y220.269 E.0336
G1 X109.439 Y220.295 E.01547
G1 X109.741 Y220.397 E.01727
G1 X110.024 Y220.575 E.01813
G1 X110.252 Y220.826 E.01841
G1 X110.394 Y221.12 E.01766
G1 X110.442 Y221.435 E.01729
G1 X110.394 Y221.752 E.01735
G1 X110.253 Y222.049 E.01783
G1 X110.025 Y222.304 E.01853
G1 X109.746 Y222.483 E.01795
G1 X109.443 Y222.589 E.01741
G1 X109.09 Y222.622 E.01923
G1 X108.453 Y222.924 E.03821
G1 X108.15 Y223.152 E.02055
G1 X107.756 Y223.305 E.02293
G1 X107.403 Y223.335 E.01915
G1 X107.076 Y223.269 E.01809
G1 X106.795 Y223.117 E.01732
G1 X106.577 Y222.891 E.01701
G1 X106.442 Y222.622 E.01635
G1 X106.378 Y222.272 E.01924
G1 X106.424 Y221.894 E.02063
G1 X106.504 Y221.676 E.01262
G1 X106.638 Y221.432 E.0151
G1 X106.895 Y221.142 E.02095
G1 X107.211 Y220.926 E.02077
G1 X107.562 Y220.802 E.02017
G1 X107.749 Y220.789 E.01018
G1 X108.301 Y220.472 E.0345
G1 X108.69 Y220.317 E.02269
G1 X109.07 Y220.261 E.02082
; COOLING_NODE: 0
; WIPE_START
G1 X109.439 Y220.295 E-.14085
G1 X109.741 Y220.397 E-.12106
G1 X110.024 Y220.575 E-.12709
G1 X110.252 Y220.826 E-.12909
G1 X110.394 Y221.12 E-.12382
G1 X110.441 Y221.427 E-.11809
; WIPE_END
G1 E-.04 F1800
M204 S10000
G17
G3 Z48.36 I1.087 J.547 P1  F60000
G1 X125.994 Y190.493 Z48.36
G1 Z47.96
G1 E.8 F1800
; FEATURE: Other object
; LINE_WIDTH: 0.45
G1 F11292.473
M204 S8000
G1 X130.807 Y190.493 E.18286
G1 X130.807 Y213.257 E.86483
G1 X125.994 Y213.257 E.18286
G1 X125.994 Y211.407 E.07029
G1 X122.607 Y211.407 E.12868
G1 X122.607 Y212.157 E.02849
G1 X121.794 Y212.157 E.03089
G1 X121.794 Y197.593 E.55329
G1 X122.607 Y197.593 E.03089
G1 X122.607 Y201.593 E.15197
G1 X125.994 Y201.593 E.12868
G1 X125.994 Y190.553 E.41944
; COOLING_NODE: 0
; WIPE_START
G1 X127.993 Y190.529 E-.76
; WIPE_END
G1 E-.04 F1800
M204 S10000
G1 X127.613 Y182.906 Z48.36 F60000
G1 X123.707 Y104.531 Z48.36
G1 Z47.96
G1 E.8 F1800
G1 F11292.473
M204 S8000
G1 X123.707 Y107.399 E.10898
G1 X134.807 Y107.399 E.42172
G1 X134.807 Y111.906 E.17125
G1 X124.807 Y111.906 E.37993
G1 X124.807 Y112.056 E.0057
G1 X124.311 Y112.056 E.01884
G1 X124.311 Y130.743 E.70997
G1 X124.807 Y130.743 E.01884
G1 X124.807 Y171.807 E1.56009
G1 X124.311 Y171.807 E.01884
G1 X124.311 Y189.907 E.68767
G1 X118.807 Y189.907 E.20912
G1 X118.807 Y212.757 E.86813
G1 X101.993 Y212.757 E.63877
G1 X101.993 Y176.907 E1.36204
G1 X98.284 Y176.907 E.14092
G1 X98.293 Y170.093 E.25885
G1 X101.993 Y170.093 E.1406
G1 X101.993 Y147.273 E.86699
G1 X119.993 Y147.273 E.68387
G1 X119.993 Y111.906 E1.34368
G1 X100.993 Y111.906 E.72186
G1 X100.993 Y99.843 E.45831
G1 X102.807 Y99.843 E.06888
G1 X102.807 Y110.093 E.38942
G1 X119.993 Y110.093 E.65298
G1 X119.994 Y97.976 E.46037
G1 X120.011 Y97.787 E.00722
G1 X120.093 Y97.483 E.01196
G1 X120.236 Y97.213 E.01162
G1 X120.444 Y96.97 E.01215
G1 X120.729 Y96.765 E.01331
G1 X120.882 Y96.694 E.00642
G1 X121.093 Y96.631 E.00837
G1 X121.641 Y96.792 E.02168
G1 X122.845 Y97.269 E.04921
G1 X123.31 Y97.408 E.01844
G1 X123.818 Y97.485 E.01954
G1 X124.383 Y97.441 E.02154
G1 X125.054 Y97.154 E.02771
G1 X125.381 Y96.593 E.02464
G1 X125.619 Y96.593 E.00907
G1 X125.772 Y96.725 E.00765
G1 X126.276 Y97.257 E.02786
G1 X126.812 Y97.54 E.023
G1 X127.305 Y97.692 E.01961
G1 X127.783 Y97.768 E.01838
G1 X128.255 Y97.785 E.01796
G1 X128.729 Y97.744 E.01807
G1 X129.212 Y97.638 E.01877
G1 X129.717 Y97.441 E.02061
G1 X130.277 Y97.062 E.02568
G1 X130.569 Y96.593 E.02098
G1 X130.824 Y96.593 E.00969
G1 X131.133 Y96.852 E.01528
G1 X131.734 Y97.088 E.02456
G1 X132.307 Y97.074 E.02178
G1 X132.78 Y96.977 E.01835
G1 X133.586 Y96.749 E.0318
G1 X133.877 Y96.684 E.01136
G1 X134.159 Y96.818 E.01186
G1 X134.351 Y96.967 E.00922
G1 X134.496 Y97.122 E.00806
G1 X134.635 Y97.332 E.00956
G1 X134.72 Y97.519 E.00783
G1 X134.777 Y97.722 E.00798
G1 X134.804 Y97.937 E.00826
G1 X134.806 Y104.531 E.2505
G1 X123.767 Y104.531 E.41943
; COOLING_NODE: 0
M204 S250
G1 X124.09 Y104.914 F60000
; FEATURE: Other object
; LINE_WIDTH: 0.42
G1 F5982.753
M204 S5000
G1 X124.09 Y105.416 E.01761
G1 F4841.503
G1 X124.09 Y105.816 E.01405
G1 F4017.549
G1 X124.09 Y106.216 E.01405
G1 F3270.395
G1 X124.09 Y106.616 E.01405
G1 F2600.04
G1 X124.09 Y107.016 E.01405
G1 F2006.486
G1 X124.131 Y107.016 E.00144
G1 F1950
G1 X135.19 Y107.016 E.38853
G1 F2100
G1 X135.19 Y107.215 E.00699
G1 F2706.344
G1 X135.19 Y107.615 E.01405
G1 F3389.487
G1 X135.19 Y108.015 E.01405
G1 F4149.431
G1 X135.19 Y108.415 E.01405
G1 F4986.175
G1 X135.19 Y108.815 E.01405
G1 F5899.718
G1 X135.19 Y109.215 E.01405
G1 F6890.062
G1 X135.19 Y109.615 E.01405
G1 F7957.206
G1 X135.19 Y110.015 E.01405
G1 F9101.149
G1 X135.19 Y110.415 E.01405
G1 F10321.893
G1 X135.19 Y110.815 E.01405
G1 F11619.437
G1 X135.19 Y111.215 E.01405
G1 F12000
G1 X135.19 Y111.615 E.01405
G1 X135.19 Y112.29 E.02372
G1 X125.19 Y112.29 E.35132
G1 X125.19 Y112.44 E.00527
G1 X124.694 Y112.44 E.01742
G1 X124.694 Y130.36 E.62957
G1 X125.19 Y130.36 E.01742
G1 X125.19 Y172.19 E1.46959
G1 X124.694 Y172.19 E.01742
G1 X124.694 Y190.11 E.62957
G1 X131.19 Y190.11 E.22821
G1 X131.19 Y213.64 E.82667
G1 X125.61 Y213.64 E.19604
G1 X125.61 Y211.79 E.06499
G1 X122.99 Y211.79 E.09205
G1 X122.99 Y212.54 E.02635
G1 X121.41 Y212.54 E.05551
G1 X121.41 Y197.21 E.53858
G1 X122.99 Y197.21 E.05551
G1 X122.99 Y201.21 E.14053
G1 X125.61 Y201.21 E.09205
G1 X125.61 Y190.29 E.38365
G1 X119.19 Y190.29 E.22555
G1 X119.19 Y213.14 E.80278
G1 X101.61 Y213.14 E.61763
G1 X101.61 Y177.29 E1.2595
G1 X97.9 Y177.29 E.13033
G1 X97.91 Y169.71 E.2663
G1 X101.61 Y169.71 E.13
G1 X101.61 Y146.89 E.80172
G1 X119.61 Y146.89 E.63238
G1 X119.61 Y112.29 E1.21558
G1 X100.61 Y112.29 E.66752
G1 X100.61 Y99.46 E.45075
G1 X103.19 Y99.46 E.09064
G1 X103.19 Y109.71 E.36011
G1 X119.61 Y109.71 E.57687
G1 X119.611 Y97.959 E.41283
G1 X119.665 Y97.56 E.01417
G1 X119.807 Y97.184 E.01409
G1 X120.028 Y96.85 E.01408
G1 X120.183 Y96.688 E.00787
G1 X120.355 Y96.547 E.00783
G1 X120.545 Y96.428 E.00786
G1 X120.738 Y96.337 E.00751
G1 X121.099 Y96.238 E.01314
G1 X121.769 Y96.431 E.02452
G1 X122.971 Y96.906 E.04539
G1 X123.394 Y97.033 E.01552
G1 X123.832 Y97.099 E.01558
G1 X124.291 Y97.064 E.01615
G1 X124.786 Y96.851 E.01895
G1 X125.16 Y96.21 E.02608
G1 X125.762 Y96.21 E.02113
G1 X126.037 Y96.447 E.01276
G1 X126.511 Y96.948 E.02422
G1 X126.959 Y97.184 E.01779
G1 X127.392 Y97.318 E.01592
G1 X127.82 Y97.386 E.01521
G1 X128.245 Y97.401 E.01496
G1 X128.671 Y97.364 E.01503
G1 X129.101 Y97.27 E.01544
G1 X129.538 Y97.1 E.01649
G1 X129.994 Y96.79 E.01938
G1 X130.356 Y96.21 E.02402
G1 X130.964 Y96.21 E.02133
G1 X131.331 Y96.518 E.01684
G1 X131.802 Y96.703 E.01779
G1 X132.264 Y96.692 E.01621
G1 X132.69 Y96.605 E.01527
G1 X133.491 Y96.377 E.02928
G1 X133.902 Y96.286 E.01478
G1 X134.136 Y96.369 E.00874
G1 X134.37 Y96.496 E.00933
G1 X134.611 Y96.683 E.0107
G1 X134.798 Y96.883 E.00966
G1 X134.972 Y97.146 E.01105
G1 X135.082 Y97.388 E.00934
G1 X135.154 Y97.645 E.0094
G1 X135.188 Y97.913 E.00949
G1 X135.188 Y100.315 E.08439
G1 X135.189 Y100.715 E.01405
G1 F11619.437
G1 X135.189 Y101.115 E.01405
G1 F10321.893
G1 X135.189 Y101.515 E.01405
G1 F9101.149
G1 X135.189 Y101.915 E.01405
G1 F7957.206
G1 X135.189 Y102.315 E.01405
G1 F6890.062
G1 X135.189 Y102.715 E.01405
G1 F5899.718
G1 X135.189 Y103.115 E.01405
G1 F4986.175
G1 X135.189 Y103.515 E.01405
G1 F4149.431
G1 X135.19 Y103.915 E.01405
G1 F3389.487
G1 X135.19 Y104.315 E.01405
G1 F2706.344
G1 X135.19 Y104.715 E.01405
G1 F2100
G1 X135.19 Y104.914 E.00699
G1 F1950
G1 X124.15 Y104.914 E.38786
M204 S10000
G1 X123.737 Y104.082 F60000
; FEATURE: Other object
; LINE_WIDTH: 0.551564
G1 F8998.921
M204 S8000
G1 X134.297 Y104.082 E.50344
; WIPE_START
G1 X132.297 Y104.082 E-.76
; WIPE_END
G1 E-.04 F1800
M204 S10000
G1 X124.67 Y103.796 Z48.36 F60000
G1 X123.407 Y103.749 Z48.36
G1 Z47.96
G1 E.8 F1800
; FEATURE: Other object
; LINE_WIDTH: 0.45
G1 F11292.473
M204 S8000
G1 X120.335 Y100.677 E.16506
G1 X120.335 Y99.097 E.06003
G1 X122.094 Y97.338 E.09451
G1 X122.733 Y97.591 E.02611
G1 X123.235 Y97.742 E.01991
G1 X123.806 Y97.828 E.02193
G1 X124.466 Y97.777 E.02515
G1 X124.804 Y97.632 E.01397
G1 X130.804 Y103.632 E.3224
G1 X130.828 Y103.632 E.00091
G1 X134.464 Y99.997 E.19535
G1 X134.464 Y99.778 E.00832
G1 X132.106 Y97.42 E.12666
G1 X131.674 Y97.431 E.01645
G1 X130.956 Y97.149 E.02928
G1 X130.738 Y96.966 E.0108
G1 X130.528 Y97.304 E.01511
G1 X129.877 Y97.745 E.02989
G1 X129.311 Y97.966 E.02309
G1 X128.889 Y98.058 E.01641
G1 X120.335 Y106.612 E.4596
G1 X120.335 Y108.191 E.06
G1 X123.97 Y111.826 E.19532
G1 X123.97 Y111.716 E.0042
G1 X124.466 Y111.716 E.01884
G1 X124.466 Y111.566 E.0057
G1 X125.303 Y111.566 E.03182
; WIPE_START
G1 X124.466 Y111.566 E-.3183
G1 X124.466 Y111.716 E-.057
G1 X123.97 Y111.716 E-.18842
G1 X123.97 Y111.826 E-.042
G1 X123.683 Y111.539 E-.15429
; WIPE_END
G1 E-.04 F1800
M204 S10000
G1 X123.737 Y107.848 Z48.36 F60000
G1 Z47.96
G1 E.8 F1800
; FEATURE: Other object
; LINE_WIDTH: 0.551564
G1 F8998.921
M204 S8000
G1 X134.297 Y107.848 E.50346
; WIPE_START
G1 X132.297 Y107.848 E-.76
; WIPE_END
G1 E-.04 F1800
M204 S10000
G1 X124.788 Y109.217 Z48.36 F60000
G1 X118.106 Y110.434 Z48.36
G1 Z47.96
G1 E.8 F1800
; FEATURE: Other object
; LINE_WIDTH: 0.45
G1 F11292.473
M204 S8000
G1 X116.512 Y110.434 E.06056
G1 X115.381 Y111.566 E.06077
G1 X116.195 Y111.566 E.03094
G1 X115.064 Y110.434 E.06077
G1 X108.998 Y110.434 E.23047
G1 X107.867 Y111.566 E.06077
G1 X108.681 Y111.566 E.03094
G1 X107.55 Y110.434 E.06077
G1 X105.956 Y110.434 E.06056
; WIPE_START
G1 X107.55 Y110.434 E-.60571
G1 X107.837 Y110.722 E-.15429
; WIPE_END
G1 E-.04 F1800
M204 S10000
G1 X101.947 Y111.566 Z48.36 F60000
G1 Z47.96
G1 E.8 F1800
G1 F11292.473
M204 S8000
G1 X101.334 Y111.566 E.02326
G1 X101.334 Y110.584 E.0373
G1 X102.466 Y109.453 E.06077
G1 X102.466 Y105.35 E.15587
G1 X101.334 Y104.219 E.06077
G1 X101.334 Y103.07 E.04367
G1 X102.466 Y101.938 E.06077
G1 X102.466 Y100.344 E.06056
; WIPE_START
G1 X102.466 Y101.938 E-.60571
G1 X102.178 Y102.226 E-.15429
; WIPE_END
G1 E-.04 F1800
M204 S10000
G1 X102.204 Y109.858 Z48.36 F60000
G1 X102.334 Y148.71 Z48.36
G1 Z47.96
G1 E.8 F1800
G1 F11292.473
M204 S8000
G1 X102.334 Y150.304 E.06056
G1 X123.97 Y171.939 E1.16246
G1 X123.97 Y171.466 E.01798
G1 X124.466 Y171.466 E.01884
G1 X124.466 Y170.108 E.05159
G1 X118.56 Y176.013 E.31731
G1 X116.966 Y176.013 E.06056
; WIPE_START
G1 X118.56 Y176.013 E-.60571
G1 X118.847 Y175.726 E-.15429
; WIPE_END
G1 E-.04 F1800
M204 S10000
G1 X119.628 Y183.319 Z48.36 F60000
G1 X120.29 Y189.746 Z48.36
G1 Z47.96
G1 E.8 F1800
; FEATURE: Other object
; LINE_WIDTH: 0.422404
G1 F12132.651
M204 S8000
G1 X120.671 Y189.366 E.01905
G1 X120.503 Y189.198 E.00837
G1 X120.503 Y189.008 E.00671
G1 X119.931 Y189.581 E.02862
G1 X119.406 Y189.581 E.01855
G1 X120.503 Y188.484 E.05485
G1 X120.503 Y187.959 E.01855
G1 X118.882 Y189.581 E.08108
G1 X118.481 Y189.581 E.01419
G1 X118.481 Y189.982 E.01419
G1 X102.319 Y206.143 E.80821
G1 X102.319 Y206.668 E.01855
G1 X118.481 Y190.506 E.80821
G1 X118.481 Y191.031 E.01855
G1 X102.319 Y207.192 E.80821
G1 X102.319 Y207.717 E.01855
G1 X118.481 Y191.556 E.80821
G1 X118.481 Y192.08 E.01855
G1 X102.319 Y208.241 E.80821
G1 X102.319 Y208.766 E.01855
G1 X118.481 Y192.605 E.80821
G1 X118.481 Y193.129 E.01855
G1 X102.319 Y209.29 E.80821
G1 X102.319 Y209.815 E.01855
G1 X118.481 Y193.654 E.80821
G1 X118.481 Y194.178 E.01855
G1 X102.319 Y210.34 E.80821
G1 X102.319 Y210.864 E.01855
G1 X118.481 Y194.703 E.80821
G1 X118.481 Y195.227 E.01855
G1 X102.319 Y211.389 E.80821
G1 X102.319 Y211.913 E.01855
G1 X118.481 Y195.752 E.80821
G1 X118.481 Y196.276 E.01855
G1 X102.326 Y212.431 E.80786
G1 X102.851 Y212.431 E.01855
G1 X118.481 Y196.801 E.78163
G1 X118.481 Y197.325 E.01855
G1 X103.375 Y212.431 E.7554
G1 X103.9 Y212.431 E.01855
G1 X118.481 Y197.85 E.72917
G1 X118.481 Y198.374 E.01855
G1 X104.424 Y212.431 E.70294
G1 X104.949 Y212.431 E.01855
G1 X118.481 Y198.899 E.67671
G1 X118.481 Y199.424 E.01855
G1 X105.473 Y212.431 E.65047
G1 X105.998 Y212.431 E.01855
G1 X118.481 Y199.948 E.62424
G1 X118.481 Y200.473 E.01855
G1 X106.523 Y212.431 E.59801
G1 X107.047 Y212.431 E.01855
G1 X118.481 Y200.997 E.57178
G1 X118.481 Y201.522 E.01855
G1 X107.572 Y212.431 E.54555
G1 X108.096 Y212.431 E.01855
G1 X118.481 Y202.046 E.51932
G1 X118.481 Y202.571 E.01855
G1 X108.621 Y212.431 E.49309
G1 X109.145 Y212.431 E.01855
G1 X118.481 Y203.095 E.46686
G1 X118.481 Y203.62 E.01855
G1 X109.67 Y212.431 E.44062
G1 X110.194 Y212.431 E.01855
G1 X118.481 Y204.144 E.41439
G1 X118.481 Y204.669 E.01855
G1 X110.719 Y212.431 E.38816
G1 X111.243 Y212.431 E.01855
G1 X118.481 Y205.193 E.36193
G1 X118.481 Y205.718 E.01855
G1 X111.768 Y212.431 E.3357
G1 X112.292 Y212.431 E.01855
G1 X118.481 Y206.242 E.30947
G1 X118.481 Y206.767 E.01855
G1 X112.817 Y212.431 E.28324
G1 X113.341 Y212.431 E.01855
G1 X118.481 Y207.292 E.25701
G1 X118.481 Y207.816 E.01855
G1 X113.866 Y212.431 E.23077
G1 X114.391 Y212.431 E.01855
G1 X118.481 Y208.341 E.20454
G1 X118.481 Y208.865 E.01855
G1 X114.915 Y212.431 E.17831
G1 X115.44 Y212.431 E.01855
G1 X118.481 Y209.39 E.15208
G1 X118.481 Y209.914 E.01855
G1 X115.964 Y212.431 E.12585
G1 X116.489 Y212.431 E.01855
G1 X118.481 Y210.439 E.09962
G1 X118.481 Y210.963 E.01855
G1 X117.013 Y212.431 E.07339
G1 X117.538 Y212.431 E.01855
G1 X118.481 Y211.488 E.04716
G1 X118.481 Y212.012 E.01855
G1 X117.896 Y212.597 E.02922
; WIPE_START
G1 X118.481 Y212.012 E-.31396
G1 X118.481 Y211.488 E-.19933
G1 X118.022 Y211.947 E-.24671
; WIPE_END
G1 E-.04 F1800
M204 S10000
G1 X121.561 Y205.185 Z48.36 F60000
G1 X122.134 Y204.089 Z48.36
G1 Z47.96
G1 E.8 F1800
; FEATURE: Other object
; LINE_WIDTH: 0.45
G1 F11292.473
M204 S8000
G1 X122.134 Y202.495 E.06056
G1 X122.496 Y202.134 E.01942
G1 X122.774 Y202.134 E.01057
G1 X122.774 Y201.934 E.00757
G1 X123.909 Y201.934 E.04312
G1 X130.466 Y208.491 E.35228
G1 X130.466 Y209.192 E.02664
G1 X126.742 Y212.916 E.20006
G1 X127.376 Y212.916 E.02408
G1 X126.334 Y211.874 E.05596
G1 X126.334 Y211.066 E.03072
G1 X125.526 Y211.066 E.03072
G1 X122.134 Y207.674 E.18223
G1 X122.134 Y210.009 E.08872
G1 X130.466 Y201.678 E.44763
G1 X130.466 Y200.977 E.02664
G1 X126.334 Y196.846 E.22196
G1 X126.334 Y198.295 E.05506
G1 X130.466 Y194.164 E.22196
G1 X130.466 Y193.463 E.02664
G1 X127.837 Y190.834 E.14122
G1 X126.334 Y190.834 E.05709
G1 X126.334 Y190.926 E.00347
; WIPE_START
G1 X126.334 Y190.834 E-.03469
G1 X127.837 Y190.834 E-.57103
G1 X128.124 Y191.122 E-.15429
; WIPE_END
G1 E-.04 F1800
M204 S10000
G1 X121.768 Y189.566 Z48.36 F60000
G1 Z47.96
G1 E.8 F1800
G1 F11292.473
M204 S8000
G1 X121.127 Y189.566 E.02435
G1 X121.127 Y189.249 E.01203
G1 X120.887 Y189.013 E.01278
G1 X120.887 Y188.715 E.01135
G1 X123.97 Y185.632 E.16565
G1 X123.97 Y186.967 E.05074
G1 X120.887 Y183.884 E.16565
G1 X120.887 Y181.2 E.10196
G1 X123.97 Y178.118 E.16565
G1 X123.97 Y179.453 E.05074
G1 X120.887 Y176.37 E.16565
G1 X120.887 Y176.249 E.0046
G1 X120.651 Y176.013 E.01267
G1 X120.53 Y176.013 E.0046
G1 X102.334 Y157.818 E.97765
G1 X102.334 Y154.668 E.11965
G1 X109.388 Y147.614 E.379
G1 X107.159 Y147.614 E.08468
G1 X124.466 Y164.921 E.92985
G1 X124.466 Y162.594 E.08841
G1 X111.046 Y176.013 E.72104
G1 X113.016 Y176.013 E.07485
G1 X102.334 Y165.332 E.57392
G1 X102.334 Y162.182 E.11965
G1 X116.902 Y147.614 E.78273
G1 X114.674 Y147.614 E.08468
G1 X124.466 Y157.406 E.52612
G1 X124.466 Y155.079 E.08841
G1 X103.532 Y176.013 E1.12477
G1 X105.502 Y176.013 E.07485
G1 X99.923 Y170.434 E.29975
G1 X98.633 Y170.434 E.049
G1 X98.63 Y173.401 E.11272
G1 X101.596 Y170.434 E.15941
G1 X102.334 Y170.434 E.02804
G1 X102.334 Y169.696 E.02804
G1 X124.466 Y147.565 E1.1891
G1 X124.466 Y149.892 E.08841
G1 X120.334 Y145.761 E.22196
G1 X120.334 Y144.182 E.05999
G1 X124.466 Y140.051 E.22196
G1 X124.466 Y142.378 E.08841
G1 X120.334 Y138.247 E.22196
G1 X120.334 Y136.668 E.05999
G1 X124.466 Y132.537 E.22196
G1 X124.466 Y134.864 E.08841
G1 X120.334 Y130.733 E.22196
G1 X120.334 Y129.154 E.05999
G1 X123.97 Y125.519 E.19532
G1 X123.97 Y126.854 E.05074
G1 X120.334 Y123.219 E.19532
G1 X120.334 Y121.64 E.05999
G1 X123.97 Y118.005 E.19532
G1 X123.97 Y119.34 E.05073
G1 X120.334 Y115.705 E.19532
G1 X120.334 Y114.126 E.05999
G1 X126.163 Y108.298 E.31316
G1 X127.955 Y108.298 E.0681
G1 X131.223 Y111.566 E.17559
G1 X130.409 Y111.566 E.03094
G1 X133.677 Y108.298 E.17559
G1 X134.466 Y108.298 E.02996
G1 X134.466 Y109.103 E.0306
; WIPE_START
G1 X134.466 Y108.298 E-.30603
G1 X133.677 Y108.298 E-.29969
G1 X133.39 Y108.585 E-.15429
; WIPE_END
G1 E-.04 F1800
M204 S10000
G1 X130.031 Y115.438 Z48.36 F60000
G1 X100.235 Y176.231 Z48.36
G1 Z47.96
G1 E.8 F1800
; FEATURE: Other object
; LINE_WIDTH: 0.422404
G1 F12132.651
M204 S8000
G1 X100.057 Y176.41 E.00893
G1 X100.057 Y176.581 E.00605
G1 X100.41 Y176.581 E.0125
G1 X100.594 Y176.397 E.0092
G1 X101.118 Y176.397 E.01855
G1 X100.935 Y176.581 E.0092
G1 X101.459 Y176.581 E.01855
G1 X101.643 Y176.397 E.0092
G1 X102.168 Y176.397 E.01855
G1 X101.984 Y176.581 E.0092
G1 X102.319 Y176.581 E.01187
G1 X102.319 Y176.769 E.00668
G1 X102.692 Y176.397 E.01864
G1 X103.217 Y176.397 E.01855
G1 X102.319 Y177.294 E.04487
G1 X102.319 Y177.819 E.01855
G1 X103.741 Y176.397 E.0711
G1 X104.266 Y176.397 E.01855
G1 X102.319 Y178.343 E.09733
G1 X102.319 Y178.868 E.01855
G1 X104.79 Y176.397 E.12357
G1 X105.315 Y176.397 E.01855
G1 X102.319 Y179.392 E.1498
G1 X102.319 Y179.917 E.01855
G1 X105.839 Y176.397 E.17603
G1 X106.364 Y176.397 E.01855
G1 X102.319 Y180.441 E.20226
G1 X102.319 Y180.966 E.01855
G1 X106.888 Y176.397 E.22849
G1 X107.413 Y176.397 E.01855
G1 X102.319 Y181.49 E.25472
G1 X102.319 Y182.015 E.01855
G1 X107.937 Y176.397 E.28095
G1 X108.462 Y176.397 E.01855
G1 X102.319 Y182.539 E.30719
G1 X102.319 Y183.064 E.01855
G1 X108.986 Y176.397 E.33342
G1 X109.511 Y176.397 E.01855
G1 X102.319 Y183.588 E.35965
G1 X102.319 Y184.113 E.01855
G1 X110.036 Y176.397 E.38588
G1 X110.56 Y176.397 E.01855
G1 X102.319 Y184.637 E.41211
G1 X102.319 Y185.162 E.01855
G1 X111.085 Y176.397 E.43834
G1 X111.609 Y176.397 E.01855
G1 X102.319 Y185.687 E.46457
G1 X102.319 Y186.211 E.01855
G1 X112.134 Y176.397 E.4908
G1 X112.658 Y176.397 E.01855
G1 X102.319 Y186.736 E.51704
G1 X102.319 Y187.26 E.01855
G1 X113.183 Y176.397 E.54327
G1 X113.707 Y176.397 E.01855
G1 X102.319 Y187.785 E.5695
G1 X102.319 Y188.309 E.01855
G1 X114.232 Y176.397 E.59573
G1 X114.756 Y176.397 E.01855
G1 X102.319 Y188.834 E.62196
G1 X102.319 Y189.358 E.01855
G1 X115.281 Y176.397 E.64819
G1 X115.805 Y176.397 E.01855
G1 X102.319 Y189.883 E.67442
G1 X102.319 Y190.407 E.01855
G1 X116.33 Y176.397 E.70065
G1 X116.854 Y176.397 E.01855
G1 X102.319 Y190.932 E.72689
G1 X102.319 Y191.456 E.01855
G1 X117.379 Y176.397 E.75312
G1 X117.904 Y176.397 E.01855
G1 X102.319 Y191.981 E.77935
G1 X102.319 Y192.505 E.01855
G1 X118.428 Y176.397 E.80558
G1 X118.953 Y176.397 E.01855
G1 X102.319 Y193.03 E.83181
G1 X102.319 Y193.554 E.01855
G1 X119.477 Y176.397 E.85804
G1 X120.002 Y176.397 E.01855
G1 X102.319 Y194.079 E.88427
G1 X102.319 Y194.604 E.01855
G1 X120.503 Y176.42 E.90936
G1 X120.503 Y176.944 E.01855
G1 X102.319 Y195.128 E.90936
G1 X102.319 Y195.653 E.01855
G1 X120.503 Y177.469 E.90936
G1 X120.503 Y177.993 E.01855
G1 X102.319 Y196.177 E.90936
G1 X102.319 Y196.702 E.01855
G1 X120.503 Y178.518 E.90936
G1 X120.503 Y179.042 E.01855
G1 X102.319 Y197.226 E.90936
G1 X102.319 Y197.751 E.01855
G1 X120.503 Y179.567 E.90936
G1 X120.503 Y180.091 E.01855
G1 X102.319 Y198.275 E.90936
G1 X102.319 Y198.8 E.01855
G1 X120.503 Y180.616 E.90936
G1 X120.503 Y181.14 E.01855
G1 X102.319 Y199.324 E.90936
G1 X102.319 Y199.849 E.01855
G1 X120.503 Y181.665 E.90936
G1 X120.503 Y182.189 E.01855
G1 X102.319 Y200.373 E.90936
G1 X102.319 Y200.898 E.01855
G1 X120.503 Y182.714 E.90936
G1 X120.503 Y183.238 E.01855
G1 X102.319 Y201.422 E.90936
G1 X102.319 Y201.947 E.01855
G1 X120.503 Y183.763 E.90936
G1 X120.503 Y184.288 E.01855
G1 X102.319 Y202.472 E.90936
G1 X102.319 Y202.996 E.01855
G1 X120.503 Y184.812 E.90936
G1 X120.503 Y185.337 E.01855
M73 P80 R43
G1 X102.319 Y203.521 E.90936
G1 X102.319 Y204.045 E.01855
G1 X120.503 Y185.861 E.90936
G1 X120.503 Y186.386 E.01855
G1 X102.319 Y204.57 E.90936
G1 X102.319 Y205.094 E.01855
G1 X120.503 Y186.91 E.90936
G1 X120.503 Y187.435 E.01855
G1 X102.154 Y205.785 E.91765
; WIPE_START
G1 X103.568 Y204.37 E-.76
; WIPE_END
G1 E-.04 F1800
M204 S10000
G1 X111.128 Y203.324 Z48.36 F60000
G1 X122.2 Y201.793 Z48.36
G1 Z47.96
G1 E.8 F1800
; FEATURE: Other object
; LINE_WIDTH: 0.466044
G1 F10855.407
M204 S8000
G1 X122.2 Y197.793 E.15809
; CHANGE_LAYER
; Z_HEIGHT: 48.2
; LAYER_HEIGHT: 0.240002
; WIPE_START
G1 F10855.407
G1 X122.2 Y199.793 E-.76
; WIPE_END
G1 E-.04 F1800
; FEATURE: Other object
; stop printing object, unique label id: 1901
M625
; layer num/total_layer_count: 201/258
; update layer progress
M73 L201
M991 S0 P200 ;notify layer change
; OBJECT_ID: 1902
; FEATURE: Other object
; start printing object, unique label id: 1902
M624 AgAAAAAAAAA=
M204 S10000
G17
G3 Z48.36 I.777 J.936 P1  F60000
G1 X188.837 Y144.482 Z48.36
G1 Z48.2
G1 E.8 F1800
; FEATURE: Support interface
; LINE_WIDTH: 0.62
G1 F4800
M204 S8000
G1 X187.594 Y143.239 E.09526
G1 X187.594 Y141.728 E.0819
G1 X190.092 Y144.226 E.19147
G1 X191.603 Y144.226 E.0819
G1 X187.594 Y140.217 E.3073
G1 X187.594 Y138.706 E.0819
G1 X193.114 Y144.226 E.42312
G1 X194.625 Y144.226 E.0819
G1 X187.594 Y137.195 E.53895
G1 X187.594 Y135.684 E.0819
G1 X196.136 Y144.226 E.65477
G1 X197.647 Y144.226 E.0819
G1 X187.594 Y134.173 E.7706
G1 X187.594 Y132.662 E.0819
G1 X199.158 Y144.226 E.88642
G1 X200.67 Y144.226 E.0819
G1 X187.594 Y131.15 E1.00225
G1 X187.594 Y129.639 E.0819
G1 X202.181 Y144.226 E1.11808
G1 X203.692 Y144.226 E.0819
G1 X187.594 Y128.128 E1.2339
G1 X187.594 Y126.617 E.0819
G1 X204.411 Y143.434 E1.28903
G1 X204.411 Y141.923 E.0819
G1 X187.594 Y125.106 E1.28903
G1 X187.594 Y123.595 E.0819
G1 X204.411 Y140.412 E1.28903
G1 X204.411 Y138.901 E.0819
G1 X187.594 Y122.084 E1.28903
G1 X187.594 Y120.573 E.0819
G1 X204.411 Y137.39 E1.28903
G1 X204.411 Y135.879 E.0819
G1 X187.594 Y119.062 E1.28903
G1 X187.594 Y117.551 E.0819
G1 X204.411 Y134.368 E1.28903
G1 X204.411 Y132.857 E.0819
G1 X187.594 Y116.04 E1.28903
G1 X187.594 Y114.529 E.0819
G1 X204.641 Y131.576 E1.30669
G1 X206.152 Y131.576 E.0819
G1 X187.594 Y113.018 E1.42252
G1 X187.594 Y111.507 E.0819
G1 X207.665 Y131.577 E1.53845
; WIPE_START
; WIPE_END
G1 E-.8 F1800
M204 S10000
G17
G3 Z48.6 I1.157 J-.378 P1  F60000
G1 X206.932 Y129.333 Z48.6
G1 Z48.2
G1 E.8 F1800
G1 F4800
M204 S8000
G1 X187.594 Y109.995 E1.48226
G1 X187.594 Y108.484 E.0819
G1 X206.676 Y127.566 E1.46265
G1 X206.676 Y126.055 E.0819
G1 X187.594 Y106.973 E1.46265
G1 X187.594 Y105.462 E.0819
G1 X206.676 Y124.544 E1.46265
G1 X206.676 Y123.033 E.0819
G1 X187.594 Y103.951 E1.46265
G1 X187.594 Y102.44 E.0819
G1 X206.676 Y121.522 E1.46265
G1 X206.676 Y120.011 E.0819
G1 X187.594 Y100.929 E1.46265
G1 X187.594 Y99.418 E.0819
G1 X206.932 Y118.756 E1.48226
; WIPE_START
; WIPE_END
G1 E-.8 F1800
M204 S10000
G17
G3 Z48.6 I.466 J1.124 P1  F60000
G1 X208 Y118.313 Z48.6
G1 Z48.2
G1 E.8 F1800
G1 F4800
M204 S8000
G1 X187.594 Y97.907 E1.56416
G1 X187.594 Y97.409 E.02698
G1 X188.607 Y97.409 E.05492
G1 X208.009 Y116.811 E1.48716
G1 X208.041 Y116.779 E.00243
G1 X208.498 Y116.589 E.02685
G1 X208.328 Y115.956 E.03557
G1 X208.331 Y115.675 E.01519
G1 X208.354 Y115.644 E.00208
G1 X207.327 Y114.618 E.07869
G1 X207.079 Y114.988 E.02414
G1 X206.676 Y114.865 E.02284
G1 X206.676 Y113.967 E.0487
G1 X190.118 Y97.409 E1.26916
G1 X191.629 Y97.409 E.0819
G1 X206.676 Y112.456 E1.15333
G1 X206.676 Y112.191 E.01434
G1 X207.922 Y112.191 E.06756
G1 X205.641 Y109.909 E.17491
G1 X205.026 Y109.909 E.03331
G1 X205.026 Y109.294 E.03331
G1 X193.141 Y97.409 E.91103
G1 X194.652 Y97.409 E.0819
G1 X205.026 Y107.783 E.79521
G1 X205.026 Y106.272 E.0819
G1 X196.163 Y97.409 E.67938
G1 X197.674 Y97.409 E.0819
G1 X205.026 Y104.761 E.56355
G1 X205.026 Y103.25 E.0819
G1 X199.185 Y97.409 E.44773
G1 X200.696 Y97.409 E.0819
G1 X205.026 Y101.739 E.3319
G1 X205.026 Y100.228 E.0819
G1 X202.207 Y97.409 E.21608
G1 X203.718 Y97.409 E.0819
G1 X205.282 Y98.973 E.11986
; WIPE_START
; WIPE_END
G1 E-.8 F1800
M204 S10000
G17
G3 Z48.6 I-1.203 J.182 P1  F60000
G1 X206.896 Y109.653 Z48.6
G1 Z48.2
G1 E.8 F1800
G1 F4800
M204 S8000
G1 X211.026 Y113.783 E.31658
G1 X211.026 Y112.272 E.0819
G1 X208.663 Y109.909 E.18115
G1 X210.174 Y109.909 E.0819
G1 X211.282 Y111.017 E.08493
; WIPE_START
; WIPE_END
G1 E-.8 F1800
M204 S10000
G17
G3 Z48.6 I-1.217 J0 P1  F60000
G1 X211.282 Y115.55 Z48.6
G1 Z48.2
G1 E.8 F1800
G1 F4800
M204 S8000
G1 X209.394 Y113.663 E.1447
G1 X209.394 Y115.174 E.0819
G1 X209.817 Y115.597 E.03243
; WIPE_START
; WIPE_END
G1 E-.8 F1800
M204 S10000
G17
G3 Z48.6 I-.999 J-.696 P1  F60000
G1 X208.663 Y117.254 Z48.6
G1 Z48.2
G1 E.8 F1800
; FEATURE: Support
G1 F7915.629
M204 S8000
G1 X208.719 Y117.412 E.00914
G1 X208.747 Y117.729 E.01722
G1 X208.652 Y117.983 E.01471
G1 X208.49 Y118.179 E.01375
G1 X208.338 Y118.268 E.00956
G1 X208.338 Y117.321 E.05133
G1 X208.377 Y117.283 E.00297
G1 X208.651 Y117.169 E.01607
; WIPE_START
G1 X208.719 Y117.412 E-.09602
G1 X208.747 Y117.729 E-.12074
G1 X208.652 Y117.983 E-.10317
G1 X208.49 Y118.179 E-.09642
G1 X208.338 Y118.268 E-.06702
G1 X208.338 Y117.54 E-.27663
; WIPE_END
G1 E-.04 F1800
M204 S10000
G17
G3 Z48.6 I-.044 J1.216 P1  F60000
G1 X210.609 Y117.623 Z48.6
G1 Z48.2
G1 E.8 F1800
G1 F7915.629
M204 S8000
G1 X210.599 Y117.792 E.00914
G1 X210.457 Y117.623 E.01196
G1 X210.609 Y117.623 E.00828
G1 X211.046 Y117.064 E.03846
G1 X211.099 Y117.118 E.00407
G1 X211.21 Y117.346 E.01377
G1 X211.245 Y117.596 E.01365
G1 X211.228 Y117.689 E.00516
G1 X211.25 Y117.835 E.008
G1 X211.131 Y118.132 E.01732
G1 X210.966 Y118.325 E.01373
G1 X210.796 Y118.414 E.01044
G1 X210.604 Y118.432 E.01044
G1 X210.395 Y118.38 E.01167
G1 X210.291 Y118.335 E.00614
G1 X210.135 Y118.229 E.01022
G1 X209.9 Y117.915 E.02123
G1 X209.815 Y117.673 E.01391
G1 X209.809 Y117.419 E.01379
G1 X209.884 Y117.18 E.0136
G1 X210.015 Y117.003 E.01191
G1 X210.986 Y117.003 E.05263
; WIPE_START
G1 X211.099 Y117.118 E-.06097
G1 X211.21 Y117.346 E-.09655
G1 X211.245 Y117.596 E-.09571
G1 X211.228 Y117.689 E-.03615
G1 X211.25 Y117.835 E-.05609
G1 X211.131 Y118.132 E-.12145
G1 X210.966 Y118.325 E-.09629
G1 X210.796 Y118.414 E-.07322
G1 X210.604 Y118.432 E-.07319
G1 X210.475 Y118.4 E-.05038
; WIPE_END
G1 E-.04 F1800
M204 S10000
G17
G3 Z48.6 I-.985 J-.715 P1  F60000
G1 X208.694 Y120.852 Z48.6
G1 Z48.2
G1 E.8 F1800
G1 F7915.629
M204 S8000
G1 X208.821 Y120.873 E.00693
G1 X209.011 Y120.968 E.01154
G1 X209.144 Y121.114 E.01069
G1 X209.229 Y121.327 E.01242
G1 X209.247 Y121.603 E.01503
G1 X209.232 Y121.682 E.00433
G1 X209.153 Y121.868 E.01096
G1 X208.889 Y122.192 E.02263
G1 X208.668 Y122.405 E.01665
G1 X208.428 Y122.544 E.01504
G1 X208.338 Y122.563 E.00495
G1 X208.338 Y120.883 E.09105
G1 X208.397 Y120.851 E.00361
G1 X208.61 Y120.84 E.01158
; WIPE_START
G1 X208.821 Y120.873 E-.08098
G1 X209.011 Y120.968 E-.08087
G1 X209.144 Y121.114 E-.07497
G1 X209.229 Y121.327 E-.08709
G1 X209.247 Y121.603 E-.1054
G1 X209.232 Y121.682 E-.03034
G1 X209.153 Y121.868 E-.07686
G1 X208.889 Y122.192 E-.15868
G1 X208.766 Y122.31 E-.06481
; WIPE_END
G1 E-.04 F1800
M204 S10000
G17
G3 Z48.6 I-.086 J-1.214 P1  F60000
G1 X207.744 Y122.383 Z48.6
G1 Z48.2
G1 E.8 F1800
; FEATURE: Support interface
G1 F4800
M204 S8000
G1 X207.642 Y122.273 E.00816
G1 X207.533 Y122.062 E.01288
G1 X207.533 Y121.803 E.01402
G1 X207.656 Y121.427 E.02143
G1 X207.744 Y121.321 E.00752
G1 X207.744 Y122.099 E.04218
; WIPE_START
; WIPE_END
G1 E-.8 F1800
M204 S10000
G17
G3 Z48.6 I-.942 J.771 P1  F60000
G1 X209.777 Y124.581 Z48.6
G1 Z48.2
G1 E.8 F1800
; FEATURE: Support
G1 F7915.629
M204 S8000
G1 X210.059 Y124.296 E.02172
G1 X210.131 Y124.103 E.01117
G1 X210.195 Y124.025 E.00547
G1 X210.309 Y123.936 E.00786
G1 X210.45 Y123.324 E.03403
G1 X210.577 Y123.361 E.00714
G1 X210.827 Y123.55 E.01699
G1 X210.89 Y123.632 E.00562
G1 X211.036 Y124.063 E.02466
G1 X211.018 Y124.264 E.01094
G1 X210.926 Y124.498 E.01364
G1 X210.785 Y124.662 E.01169
G1 X210.545 Y124.796 E.01489
G1 X210.039 Y125.291 E.03841
G1 X209.907 Y125.536 E.01504
G1 X209.89 Y125.653 E.00641
G1 X209.655 Y125.947 E.02042
G1 X209.485 Y126.054 E.01085
G1 X209.332 Y126.085 E.0085
G1 X209.082 Y126.04 E.01376
G1 X208.933 Y125.955 E.00929
G1 X208.755 Y125.81 E.01246
G1 X208.567 Y125.445 E.02223
G1 X208.538 Y125.249 E.01073
G1 X208.583 Y124.997 E.01386
G1 X208.624 Y124.909 E.0053
G1 X208.791 Y124.653 E.01657
G1 X209.031 Y124.452 E.01694
G1 X209.525 Y123.955 E.038
G1 X209.586 Y123.79 E.00952
G1 X209.759 Y123.579 E.01482
G1 X209.994 Y123.396 E.0161
G1 X210.159 Y123.319 E.0099
G1 X210.368 Y123.3 E.0114
; WIPE_START
G1 X210.577 Y123.361 E-.08244
G1 X210.827 Y123.55 E-.11912
G1 X210.89 Y123.632 E-.03941
G1 X211.036 Y124.063 E-.17287
G1 X211.018 Y124.264 E-.0767
G1 X210.926 Y124.498 E-.09562
G1 X210.785 Y124.662 E-.08198
G1 X210.574 Y124.779 E-.09186
; WIPE_END
G1 E-.04 F1800
M204 S10000
G17
G3 Z48.6 I-1.2 J-.204 P1  F60000
G1 X209.685 Y130.009 Z48.6
G1 Z48.2
G1 E.8 F1800
G1 F7915.629
M204 S8000
G1 X209.483 Y129.702 E.01991
G1 X209.551 Y129.665 E.0042
G1 X209.757 Y129.62 E.01144
G1 X209.831 Y129.005 E.03361
G1 X209.947 Y129.017 E.00632
G1 X210.139 Y129.105 E.01142
G1 X210.273 Y129.247 E.0106
G1 X210.378 Y129.497 E.01468
G1 X210.45 Y129.898 E.02209
G1 X210.496 Y130.004 E.00625
G1 X210.528 Y130.289 E.0156
G1 X210.485 Y130.567 E.01521
G1 X210.394 Y130.75 E.01109
G1 X210.184 Y130.922 E.0147
G1 X209.767 Y131.459 E.03686
G1 X209.625 Y131.721 E.01612
G1 X209.453 Y131.884 E.01289
G1 X209.382 Y131.908 E.00404
G1 X209.348 Y131.885 E.0022
G1 X209.32 Y131.809 E.00442
G1 X209.299 Y131.594 E.01171
G1 X209.344 Y131.359 E.01295
G1 X209.253 Y130.664 E.03798
G1 X209.123 Y130.282 E.0219
G1 X208.9 Y129.945 E.02191
G1 X208.838 Y129.729 E.01217
G1 X208.849 Y129.548 E.00983
G1 X208.941 Y129.358 E.01148
G1 X209.11 Y129.2 E.0125
G1 X209.334 Y129.08 E.01381
G1 X209.617 Y129.009 E.01577
G1 X209.746 Y128.996 E.00707
; WIPE_START
G1 X209.947 Y129.017 E-.07672
G1 X210.139 Y129.105 E-.08004
G1 X210.273 Y129.247 E-.07434
G1 X210.378 Y129.497 E-.10291
G1 X210.45 Y129.898 E-.15485
G1 X210.496 Y130.004 E-.0438
G1 X210.528 Y130.289 E-.10935
G1 X210.485 Y130.567 E-.10667
G1 X210.472 Y130.593 E-.0113
; WIPE_END
G1 E-.04 F1800
M204 S10000
G17
G3 Z48.6 I-.796 J.92 P1  F60000
G1 X211.069 Y131.11 Z48.6
G1 Z48.2
G1 E.8 F1800
G1 F7915.629
M204 S8000
G1 X211.241 Y131.243 E.01179
G1 X211.338 Y131.4 E.00997
G1 X211.386 Y131.584 E.0103
G1 X211.379 Y131.743 E.00863
G1 X211.345 Y131.826 E.00488
G1 X211.32 Y131.845 E.0017
G1 X211.211 Y131.811 E.0062
G1 X211.038 Y131.668 E.01216
G1 X210.918 Y131.452 E.01338
G1 X210.887 Y131.243 E.0115
G1 X210.923 Y131.12 E.00694
G1 X210.987 Y131.085 E.00396
; WIPE_START
G1 X211.241 Y131.243 E-.11634
G1 X211.338 Y131.4 E-.07164
G1 X211.386 Y131.584 E-.07396
G1 X211.379 Y131.743 E-.06196
G1 X211.345 Y131.826 E-.03508
G1 X211.32 Y131.845 E-.01224
G1 X211.211 Y131.811 E-.04452
G1 X211.038 Y131.668 E-.0873
G1 X210.918 Y131.452 E-.09613
G1 X210.887 Y131.243 E-.08259
G1 X210.923 Y131.12 E-.04981
G1 X210.987 Y131.085 E-.02842
; WIPE_END
G1 E-.04 F1800
M204 S10000
G17
G3 Z48.6 I-1.199 J.211 P1  F60000
G1 X226.75 Y220.782 Z48.6
G1 Z48.2
G1 E.8 F1800
G1 F7915.629
M204 S8000
G1 X226.817 Y220.783 E.00363
G1 X226.927 Y220.824 E.00637
G1 X227.01 Y220.9 E.00613
G1 X227.078 Y221.052 E.00898
G1 X227.089 Y221.249 E.01069
G1 X227.032 Y221.493 E.01361
G1 X226.864 Y221.82 E.01994
G1 X226.911 Y221.981 E.0091
G1 X226.944 Y222.33 E.01901
G1 X226.903 Y222.618 E.01573
G1 X226.813 Y222.816 E.01184
G1 X226.707 Y222.918 E.00794
G1 X226.605 Y222.952 E.00581
G1 X226.49 Y222.941 E.00628
G1 X226.349 Y222.877 E.00836
G1 X226.239 Y222.802 E.00725
G1 X226.056 Y222.602 E.01467
G1 X225.901 Y222.35 E.01607
G1 X225.793 Y222.036 E.01799
G1 X225.877 Y221.688 E.01941
G1 X225.89 Y221.346 E.01851
G1 X226.083 Y221.092 E.01735
G1 X226.3 Y220.92 E.01498
G1 X226.532 Y220.809 E.01394
G1 X226.664 Y220.781 E.00733
; WIPE_START
G1 X226.817 Y220.783 E-.05788
G1 X226.927 Y220.824 E-.04465
G1 X227.01 Y220.9 E-.04296
G1 X227.078 Y221.052 E-.06295
G1 X227.089 Y221.249 E-.07493
G1 X227.032 Y221.493 E-.0954
G1 X226.864 Y221.82 E-.1398
G1 X226.911 Y221.981 E-.06382
G1 X226.944 Y222.33 E-.13329
G1 X226.928 Y222.446 E-.04432
; WIPE_END
G1 E-.04 F1800
M204 S10000
G17
G3 Z48.6 I.32 J-1.174 P1  F60000
G1 X223.764 Y221.582 Z48.6
G1 Z48.2
G1 E.8 F1800
G1 F7915.629
M204 S8000
G1 X224.002 Y221.642 E.01329
G1 X223.701 Y221.937 E.02285
G1 X223.189 Y220.634 E.0759
G1 X223.518 Y220.703 E.01818
G1 X223.938 Y220.902 E.02518
G1 X223.999 Y221.002 E.00638
G1 X224.381 Y221.098 E.02136
G1 X224.578 Y221.204 E.01211
G1 X224.72 Y221.337 E.01056
G1 X224.772 Y221.423 E.00542
G1 X224.795 Y221.468 E.00275
G1 X224.818 Y221.606 E.00759
G1 X224.789 Y221.732 E.00702
G1 X224.707 Y221.852 E.0079
G1 X224.544 Y221.979 E.01123
G1 X224.066 Y222.447 E.03622
G1 X223.952 Y222.615 E.01101
G1 X223.723 Y222.848 E.0177
G1 X223.431 Y223.009 E.01809
G1 X223.358 Y223.027 E.0041
G1 X223.245 Y223.033 E.0061
G1 X223.086 Y222.976 E.00917
G1 X223.014 Y222.908 E.00534
G1 X222.946 Y222.753 E.0092
G1 X222.926 Y222.529 E.01217
G1 X222.96 Y222.329 E.01101
G1 X223.064 Y222.009 E.01824
G1 X222.786 Y221.295 E.04151
G1 X222.729 Y221.213 E.0054
G1 X222.656 Y221.011 E.01165
G1 X222.651 Y220.854 E.00849
G1 X222.692 Y220.755 E.00585
G1 X222.774 Y220.682 E.00591
G1 X222.914 Y220.633 E.00806
G1 X223.105 Y220.62 E.01038
; COOLING_NODE: 0
; WIPE_START
G1 X223.518 Y220.703 E-.15986
G1 X223.938 Y220.902 E-.17655
G1 X223.999 Y221.002 E-.04471
G1 X224.381 Y221.098 E-.14973
G1 X224.578 Y221.204 E-.08488
G1 X224.72 Y221.337 E-.07404
G1 X224.772 Y221.423 E-.03802
G1 X224.795 Y221.468 E-.01927
G1 X224.801 Y221.501 E-.01294
; WIPE_END
G1 E-.04 F1800
M204 S10000
G17
G3 Z48.6 I.449 J-1.131 P1  F60000
G1 X209.617 Y215.466 Z48.6
G1 Z48.2
G1 E.8 F1800
; FEATURE: Inner wall
; LINE_WIDTH: 0.45
G1 F11292.473
M204 S8000
G1 X209.617 Y217.854 E.09074
G1 X220.717 Y217.854 E.42172
G1 X220.717 Y224.602 E.25638
G1 X220.699 Y224.834 E.00883
G1 X220.652 Y225.039 E.00799
G1 X220.574 Y225.238 E.00812
G1 X220.492 Y225.384 E.00636
; object ids of layer 201 start: 1901,1902
M624 AwAAAAAAAAA=
;===== machine: H2C timelapse =====
;======== date: 20260731 ========

; SKIPPABLE_START
; SKIPTYPE: timelapse

M1002 judge_flag timelapse_record_flag
M622 J1
    

    
        
    

    
        M971 S11 C10 O0
        M1004 S5 P1  ; external shutter
    

    
        
    
    
    
M623
; SKIPPABLE_END

; object ids of this layer201 end: 1901,1902
M625
G1 X220.363 Y225.555 E.00813
G1 X220.213 Y225.701 E.00798
G1 X220.043 Y225.824 E.00798
G1 X219.791 Y225.942 E.01054
G1 X219.496 Y225.876 E.01151
G1 X218.69 Y225.648 E.0318
G1 X218.217 Y225.551 E.01835
G1 X217.644 Y225.537 E.02178
G1 X217.043 Y225.773 E.02456
G1 X216.734 Y226.032 E.01528
G1 X216.479 Y226.032 E.00969
G1 X216.187 Y225.563 E.02098
G1 X215.627 Y225.184 E.02568
G1 X215.122 Y224.987 E.02061
G1 X214.639 Y224.881 E.01877
G1 X214.165 Y224.84 E.01807
G1 X213.693 Y224.857 E.01796
G1 X213.215 Y224.933 E.01838
G1 X212.722 Y225.085 E.01961
G1 X212.183 Y225.37 E.02316
G1 X211.737 Y225.853 E.02499
G1 X211.529 Y226.032 E.0104
G1 X211.291 Y226.032 E.00907
G1 X210.964 Y225.471 E.02464
G1 X210.293 Y225.184 E.02771
G1 X209.728 Y225.14 E.02154
G1 X209.22 Y225.217 E.01954
G1 X208.755 Y225.356 E.01844
G1 X207.55 Y225.833 E.04921
G1 X207.007 Y225.993 E.02154
G1 X206.7 Y225.891 E.01227
G1 X206.519 Y225.786 E.00797
G1 X206.36 Y225.659 E.0077
G1 X206.168 Y225.442 E.01103
G1 X206.047 Y225.237 E.00903
G1 X205.95 Y224.971 E.01077
G1 X205.906 Y224.68 E.01118
G1 X205.903 Y212.532 E.46156
G1 X188.717 Y212.532 E.65297
G1 X188.717 Y222.782 E.38942
G1 X186.903 Y222.782 E.06888
G1 X186.903 Y210.718 E.45831
G1 X205.903 Y210.718 E.72186
G1 X205.903 Y175.352 E1.34368
G1 X187.903 Y175.352 E.68387
G1 X187.903 Y150.531 E.94298
G1 X181.993 Y150.531 E.22454
G1 X181.993 Y93.968 E2.14898
G1 X185.006 Y93.968 E.11447
G1 X185.006 Y95.781 E.06888
G1 X183.806 Y95.781 E.04559
G1 X183.806 Y145.718 E1.89724
G1 X205.903 Y145.718 E.83952
G1 X205.903 Y133.068 E.48061
G1 X210.221 Y133.068 E.16402
G1 X210.221 Y150.818 E.67437
G1 X210.717 Y150.818 E.01884
G1 X210.717 Y191.882 E1.56009
G1 X210.221 Y191.882 E.01884
G1 X210.221 Y210.568 E.70997
G1 X210.717 Y210.568 E.01884
G1 X210.717 Y210.718 E.0057
G1 X220.717 Y210.718 E.37993
G1 X220.717 Y215.466 E.18036
G1 X209.677 Y215.466 E.41944
; COOLING_NODE: 0
M204 S250
G1 X210 Y215.849 F60000
; FEATURE: Outer wall
; LINE_WIDTH: 0.42
G1 F4887.706
M204 S5000
G1 X210 Y216.271 E.0148
G1 F4017.549
G1 X210 Y216.671 E.01405
G1 F3270.395
G1 X210 Y217.071 E.01405
G1 F2600.04
G1 X210 Y217.471 E.01405
G1 F2006.486
G1 X210.041 Y217.471 E.00144
G1 F1950
G1 X221.1 Y217.471 E.38853
G1 F2100
G1 X221.1 Y217.67 E.00699
G1 F2706.344
G1 X221.1 Y218.07 E.01405
G1 F3389.487
G1 X221.1 Y218.47 E.01405
G1 F4149.431
G1 X221.1 Y218.87 E.01405
G1 F4986.175
G1 X221.1 Y219.27 E.01405
G1 F5899.718
G1 X221.1 Y219.67 E.01405
G1 F6890.062
G1 X221.1 Y220.07 E.01405
G1 F7957.206
G1 X221.1 Y220.47 E.01405
G1 F9101.149
G1 X221.1 Y220.87 E.01405
G1 F10321.893
G1 X221.1 Y221.27 E.01405
G1 F11619.437
G1 X221.1 Y221.67 E.01405
G1 F12000
G1 X221.1 Y222.07 E.01405
G1 X221.1 Y224.617 E.08949
G1 X221.079 Y224.892 E.00968
G1 X221.02 Y225.153 E.0094
G1 X220.922 Y225.403 E.00944
G1 X220.814 Y225.595 E.00773
G1 X220.652 Y225.809 E.00945
G1 X220.46 Y225.996 E.0094
G1 X220.243 Y226.152 E.00939
G1 X220.005 Y226.274 E.00941
G1 X219.813 Y226.339 E.0071
G1 X219.401 Y226.248 E.01483
G1 X218.6 Y226.02 E.02928
G1 X218.174 Y225.933 E.01527
G1 X217.712 Y225.922 E.01621
G1 X217.241 Y226.107 E.0178
G1 X216.874 Y226.415 E.01684
G1 X216.266 Y226.415 E.02133
G1 X215.904 Y225.835 E.02402
G1 X215.448 Y225.525 E.01938
G1 X215.011 Y225.355 E.01649
G1 X214.581 Y225.261 E.01544
G1 X214.155 Y225.224 E.01503
G1 X213.73 Y225.239 E.01496
G1 X213.302 Y225.307 E.01521
G1 X212.869 Y225.441 E.01592
G1 X212.42 Y225.678 E.01784
G1 X212.004 Y226.129 E.02157
G1 X211.672 Y226.415 E.01539
G1 X211.07 Y226.415 E.02113
G1 X210.696 Y225.774 E.02608
G1 X210.201 Y225.561 E.01895
G1 X209.742 Y225.526 E.01615
G1 X209.304 Y225.592 E.01558
G1 X208.881 Y225.719 E.01551
G1 X207.679 Y226.194 E.04539
G1 X207.01 Y226.387 E.02447
G1 X206.783 Y226.335 E.00819
G1 X206.533 Y226.237 E.00941
G1 X206.302 Y226.103 E.00939
G1 X206.095 Y225.938 E.00931
G1 X205.857 Y225.669 E.01264
G1 X205.699 Y225.402 E.01087
G1 X205.576 Y225.066 E.01257
G1 X205.522 Y224.709 E.01269
G1 X205.52 Y212.915 E.41436
G1 X189.1 Y212.915 E.57687
G1 X189.1 Y223.165 E.36011
G1 X186.52 Y223.165 E.09064
G1 X186.52 Y210.335 E.45075
G1 X205.52 Y210.335 E.66752
G1 X205.52 Y175.735 E1.21558
G1 X187.52 Y175.735 E.63238
G1 X187.52 Y150.915 E.87199
G1 X181.61 Y150.915 E.20763
G1 X181.61 Y93.585 E2.01414
G1 X185.39 Y93.585 E.1328
G1 X185.39 Y96.165 E.09064
G1 X184.19 Y96.165 E.04216
G1 X184.19 Y145.335 E1.72746
G1 X205.52 Y145.335 E.74937
G1 X205.52 Y132.685 E.44443
G1 X210.604 Y132.685 E.17862
G1 X210.604 Y150.435 E.6236
G1 X211.1 Y150.435 E.01742
G1 X211.1 Y192.265 E1.46959
G1 X210.604 Y192.265 E.01742
G1 X210.604 Y210.185 E.62957
G1 X211.1 Y210.185 E.01742
G1 X211.1 Y210.335 E.00527
G1 X221.1 Y210.335 E.35132
G1 X221.1 Y211.25 E.03216
G1 X221.1 Y211.65 E.01405
G1 F11619.437
G1 X221.1 Y212.05 E.01405
G1 F10321.893
G1 X221.1 Y212.45 E.01405
G1 F9101.149
G1 X221.1 Y212.85 E.01405
G1 F7957.206
G1 X221.1 Y213.25 E.01405
G1 F6890.062
G1 X221.1 Y213.65 E.01405
G1 F5899.718
G1 X221.1 Y214.05 E.01405
G1 F4986.175
G1 X221.1 Y214.45 E.01405
G1 F4149.431
G1 X221.1 Y214.85 E.01405
G1 F3389.487
G1 X221.1 Y215.25 E.01405
G1 F2706.344
G1 X221.1 Y215.65 E.01405
G1 F2100
G1 X221.1 Y215.849 E.00699
G1 F1950
G1 X210.06 Y215.849 E.38786
M204 S10000
G1 X209.647 Y215.017 F60000
; FEATURE: Floating vertical shell
; LINE_WIDTH: 0.551564
G1 F8998.921
M204 S8000
G1 X220.207 Y215.017 E.50346
; WIPE_START
G1 X218.207 Y215.017 E-.76
; WIPE_END
G1 E-.04 F1800
M204 S10000
G17
G3 Z48.6 I-.436 J-1.136 P1  F60000
G1 X209.647 Y218.303 Z48.6
G1 Z48.2
G1 E.8 F1800
G1 F8998.921
M204 S8000
G1 X220.207 Y218.303 E.50346
; WIPE_START
G1 X218.207 Y218.303 E-.76
; WIPE_END
G1 E-.04 F1800
M204 S10000
G1 X210.69 Y219.627 Z48.6 F60000
G1 X206.246 Y220.41 Z48.6
G1 Z48.2
G1 E.8 F1800
; FEATURE: Sparse infill
; LINE_WIDTH: 0.45
G1 F11292.473
M204 S8000
G1 X206.246 Y222.004 E.06056
G1 X209.13 Y224.888 E.15493
G1 X208.643 Y225.034 E.01932
G1 X207.439 Y225.51 E.04918
G1 X207.013 Y225.635 E.01688
G1 X206.841 Y225.578 E.0069
G1 X206.711 Y225.503 E.00569
G1 X206.584 Y225.398 E.00628
G1 X213.229 Y218.753 E.35704
G1 X218.023 Y218.753 E.18213
G1 X220.376 Y221.105 E.1264
G1 X220.376 Y219.12 E.07541
G1 X214.905 Y224.591 E.29391
G1 X215.221 Y224.659 E.01226
G1 X215.787 Y224.88 E.02309
G1 X216.438 Y225.321 E.02989
G1 X216.648 Y225.659 E.01511
G1 X216.866 Y225.476 E.0108
G1 X217.129 Y225.373 E.01073
G1 X210.509 Y218.753 E.3557
G1 X209.434 Y218.753 E.04085
G1 X209.198 Y218.517 E.01267
G1 X209.198 Y217.955 E.02135
G1 X209.276 Y217.877 E.00416
G1 X209.276 Y217.519 E.01361
G1 X206.245 Y214.488 E.16285
G1 X206.246 Y218.222 E.14186
G1 X209.198 Y215.27 E.15864
G1 X209.198 Y214.803 E.01772
G1 X209.434 Y214.567 E.01267
G1 X209.9 Y214.567 E.01772
G1 X213.408 Y211.059 E.18848
G1 X217.844 Y211.059 E.16852
G1 X220.376 Y213.591 E.13602
G1 X220.376 Y211.606 E.07541
G1 X217.414 Y214.567 E.1591
G1 X213.838 Y214.567 E.13589
G1 X210.18 Y210.909 E.19654
G1 X209.88 Y210.909 E.0114
G1 X209.88 Y210.609 E.0114
G1 X206.244 Y206.974 E.19532
G1 X206.244 Y203.195 E.14357
G1 X209.88 Y199.56 E.19532
G1 X209.88 Y203.095 E.13432
G1 X206.244 Y199.46 E.19532
G1 X206.244 Y195.681 E.14357
G1 X209.88 Y192.046 E.19532
G1 X209.88 Y195.581 E.13432
G1 X206.244 Y191.946 E.19532
G1 X206.244 Y190.352 E.06056
; WIPE_START
G1 X206.244 Y191.946 E-.60572
G1 X206.532 Y192.233 E-.15428
; WIPE_END
G1 E-.04 F1800
M204 S10000
G1 X201.217 Y197.711 Z48.6 F60000
G1 X187.244 Y212.11 Z48.6
G1 Z48.2
G1 E.8 F1800
G1 F11292.473
M204 S8000
G1 X187.244 Y211.059 E.03992
G1 X187.788 Y211.059 E.02064
G1 X188.919 Y212.191 E.06077
G1 X189.735 Y212.191 E.03101
G1 X190.866 Y211.059 E.06077
G1 X195.302 Y211.059 E.16852
G1 X196.433 Y212.191 E.06077
G1 X197.249 Y212.191 E.03101
G1 X198.38 Y211.059 E.06077
G1 X202.816 Y211.059 E.16852
G1 X203.947 Y212.191 E.06077
G1 X204.763 Y212.191 E.03101
G1 X205.894 Y211.059 E.06077
G1 X206.244 Y211.059 E.01331
G1 X206.244 Y210.709 E.01331
G1 X209.88 Y207.074 E.19532
G1 X209.88 Y205.48 E.06056
; WIPE_START
G1 X209.88 Y207.074 E-.60572
G1 X209.593 Y207.361 E-.15429
; WIPE_END
G1 E-.04 F1800
M204 S10000
G1 X203.026 Y211.251 Z48.6 F60000
G1 X187.244 Y220.601 Z48.6
G1 Z48.2
G1 E.8 F1800
G1 F11292.473
M204 S8000
G1 X187.244 Y222.195 E.06056
G1 X188.376 Y221.064 E.06077
G1 X188.376 Y219.162 E.07228
G1 X187.244 Y218.03 E.06077
G1 X187.244 Y214.681 E.12725
G1 X188.376 Y213.55 E.06077
G1 X188.376 Y215.144 E.06056
; WIPE_START
G1 X188.376 Y213.55 E-.60571
G1 X188.088 Y213.837 E-.15429
; WIPE_END
G1 E-.04 F1800
M204 S10000
G1 X190.815 Y206.708 Z48.6 F60000
G1 X210.376 Y155.573 Z48.6
G1 Z48.2
G1 E.8 F1800
G1 F11292.473
M204 S8000
G1 X210.376 Y153.979 E.06056
G1 X189.344 Y175.011 E1.13
G1 X189.309 Y175.011 E.00134
G1 X188.244 Y173.946 E.05721
G1 X188.244 Y172.352 E.06056
; WIPE_START
G1 X188.244 Y173.946 E-.60572
G1 X188.532 Y174.233 E-.15429
; WIPE_END
G1 E-.04 F1800
M204 S10000
G1 X192.455 Y167.686 Z48.6 F60000
G1 X206.244 Y144.676 Z48.6
G1 Z48.2
G1 E.8 F1800
G1 F11292.473
M204 S8000
G1 X206.244 Y143.082 E.06056
G1 X209.88 Y139.447 E.19532
G1 X209.88 Y142.982 E.13432
G1 X206.244 Y139.347 E.19532
G1 X206.244 Y135.568 E.14357
G1 X208.403 Y133.409 E.11599
G1 X207.821 Y133.409 E.02213
G1 X209.88 Y135.468 E.11063
G1 X209.88 Y137.062 E.06056
; WIPE_START
G1 X209.88 Y135.468 E-.60572
G1 X209.593 Y135.181 E-.15429
; WIPE_END
G1 E-.04 F1800
M204 S10000
G17
G3 Z48.6 I1.011 J-.677 P1  F60000
G1 X182.334 Y94.489 Z48.6
G1 Z48.2
G1 E.8 F1800
G1 F11292.473
M204 S8000
G1 X182.334 Y94.309 E.00682
G1 X183.749 Y94.309 E.05374
G1 X184.666 Y95.226 E.04924
G1 X184.666 Y95.441 E.00815
G1 X183.466 Y95.441 E.04559
G1 X183.466 Y98.234 E.10615
G1 X182.334 Y99.365 E.06077
G1 X182.334 Y100.409 E.03964
G1 X183.466 Y101.54 E.06077
G1 X183.466 Y105.748 E.15989
G1 X182.334 Y106.88 E.06077
G1 X182.334 Y107.923 E.03964
G1 X183.466 Y109.054 E.06077
G1 X183.466 Y113.263 E.15989
G1 X182.334 Y114.394 E.06077
G1 X182.334 Y115.437 E.03964
G1 X183.466 Y116.568 E.06077
G1 X183.466 Y120.777 E.15989
G1 X182.334 Y121.908 E.06077
G1 X182.334 Y122.951 E.03964
G1 X183.466 Y124.082 E.06077
G1 X183.466 Y128.291 E.15989
G1 X182.334 Y129.422 E.06077
G1 X182.334 Y130.465 E.03964
G1 X183.466 Y131.596 E.06077
G1 X183.466 Y135.805 E.15989
G1 X182.334 Y136.936 E.06077
G1 X182.334 Y137.979 E.03964
G1 X183.466 Y139.111 E.06077
G1 X183.466 Y143.319 E.15989
G1 X182.334 Y144.45 E.06077
G1 X182.334 Y145.494 E.03964
G1 X187.031 Y150.191 E.25237
G1 X184.108 Y150.191 E.11107
G1 X188.239 Y146.059 E.22196
G1 X190.414 Y146.059 E.08264
G1 X210.376 Y166.021 E1.07251
G1 X210.376 Y169.008 E.11349
G1 X204.373 Y175.011 E.32254
G1 X204.337 Y175.011 E.00134
G1 X188.244 Y158.918 E.86467
G1 X188.244 Y161.082 E.08224
G1 X203.267 Y146.059 E.80718
G1 X205.443 Y146.059 E.08264
G1 X209.88 Y150.497 E.23841
G1 X209.88 Y146.961 E.13432
G1 X188.244 Y168.596 E1.16246
G1 X188.244 Y166.432 E.08224
G1 X196.823 Y175.011 E.46094
G1 X196.859 Y175.011 E.00134
G1 X210.376 Y161.494 E.72627
G1 X210.376 Y158.506 E.11349
G1 X197.929 Y146.059 E.66878
G1 X195.753 Y146.059 E.08264
G1 X188.244 Y153.568 E.40345
G1 X188.244 Y151.404 E.08224
G1 X210.376 Y173.535 E1.1891
G1 X210.376 Y176.522 E.11349
G1 X206.244 Y180.653 E.22196
G1 X206.244 Y176.918 E.14191
G1 X210.376 Y181.049 E.22196
G1 X210.376 Y184.036 E.11349
G1 X206.244 Y188.167 E.22196
G1 X206.244 Y184.432 E.14191
G1 X210.376 Y188.563 E.22196
G1 X210.376 Y186.969 E.06056
; OBJECT_ID: 1901
; WIPE_START
G1 X210.376 Y188.563 E-.60572
G1 X210.088 Y188.276 E-.15429
; WIPE_END
G1 E-.04 F1800
; FEATURE: Other object
; stop printing object, unique label id: 1902
M625
; FEATURE: Other object
; start printing object, unique label id: 1901
M624 AQAAAAAAAAA=
M204 S10000
G1 X202.731 Y190.307 Z48.6 F60000
G1 X111.076 Y215.611 Z48.6
G1 Z48.2
G1 E.8 F1800
; FEATURE: Other object
; LINE_WIDTH: 0.62
G1 F7915.629
M204 S8000
G1 X111.322 Y215.467 E.01543
G1 X111.506 Y215.282 E.01415
G1 X111.67 Y215.187 E.01029
G1 X111.803 Y215.158 E.00737
G1 X111.852 Y214.539 E.03362
G1 X112.053 Y214.561 E.01099
G1 X112.301 Y214.681 E.01489
G1 X112.499 Y214.884 E.01537
G1 X112.627 Y215.153 E.01616
G1 X112.673 Y215.469 E.0173
G1 X112.625 Y215.808 E.01854
G1 X112.464 Y216.188 E.0224
G1 X112.427 Y216.424 E.01296
G1 X112.284 Y216.739 E.01873
G1 X112.054 Y217.011 E.01929
G1 X111.77 Y217.198 E.01845
G1 X111.452 Y217.299 E.01807
G1 X111.13 Y217.307 E.01748
G1 X110.785 Y217.205 E.01948
G1 X110.543 Y217.056 E.01537
G1 X110.33 Y216.818 E.01736
G1 X110.189 Y216.522 E.01773
G1 X110.136 Y216.191 E.01816
G1 X110.176 Y215.85 E.01863
G1 X110.271 Y215.599 E.01453
G1 X110.366 Y215.435 E.0103
G1 X110.625 Y215.157 E.02061
G1 X110.939 Y214.973 E.0197
G1 X111.125 Y214.786 E.01428
G1 X111.443 Y214.603 E.01988
G1 X111.767 Y214.53 E.01801
; WIPE_START
G1 X112.053 Y214.561 E-.10949
G1 X112.301 Y214.681 E-.10443
G1 X112.499 Y214.884 E-.10778
G1 X112.627 Y215.153 E-.11333
G1 X112.673 Y215.469 E-.12131
G1 X112.625 Y215.808 E-.12997
G1 X112.549 Y215.986 E-.0737
; WIPE_END
G1 E-.04 F1800
M204 S10000
G17
G3 Z48.6 I.095 J-1.213 P1  F60000
G1 X105.784 Y215.456 Z48.6
G1 Z48.2
G1 E.8 F1800
G1 F7915.629
M204 S8000
G1 X105.773 Y215.279 E.00959
G1 X105.808 Y215.161 E.00666
G1 X105.867 Y215.073 E.00575
G1 X105.939 Y215.017 E.00493
G1 X106.018 Y214.988 E.00457
G1 X106.11 Y214.986 E.005
G1 X106.274 Y214.387 E.03361
G1 X106.481 Y214.449 E.01172
G1 X106.748 Y214.626 E.01735
G1 X106.961 Y214.88 E.01798
G1 X107.098 Y215.187 E.01822
G1 X107.146 Y215.512 E.0178
G1 X107.099 Y215.822 E.01703
G1 X106.97 Y216.09 E.01614
G1 X106.769 Y216.297 E.01562
G1 X106.517 Y216.429 E.01542
G1 X106.229 Y216.476 E.01581
G1 X105.932 Y216.433 E.01628
G1 X105.652 Y216.3 E.01677
G1 X105.414 Y216.088 E.01727
G1 X105.243 Y215.815 E.01749
G1 X105.153 Y215.506 E.01741
G1 X105.153 Y215.189 E.01721
G1 X105.241 Y214.895 E.01664
G1 X105.407 Y214.647 E.01616
G1 X105.633 Y214.468 E.01565
G1 X105.901 Y214.371 E.01546
G1 X106.192 Y214.363 E.01575
; WIPE_START
G1 X106.481 Y214.449 E-.1146
G1 X106.748 Y214.626 E-.12162
G1 X106.961 Y214.88 E-.12607
G1 X107.098 Y215.187 E-.12772
G1 X107.146 Y215.512 E-.12478
G1 X107.099 Y215.822 E-.1194
G1 X107.07 Y215.884 E-.02581
; WIPE_END
G1 E-.04 F1800
M204 S10000
G17
G3 Z48.6 I-.485 J-1.116 P1  F60000
G1 X101.287 Y218.396 Z48.6
G1 Z48.2
G1 E.8 F1800
G1 F7915.629
M204 S8000
G1 X101.178 Y218.171 E.01354
G1 X101.127 Y218.012 E.00907
G1 X101.105 Y217.768 E.01327
G1 X101.138 Y217.569 E.01097
G1 X101.206 Y217.42 E.00887
G1 X101.292 Y217.323 E.00701
G1 X101.388 Y217.267 E.00603
G1 X101.498 Y217.242 E.00612
G1 X101.54 Y216.623 E.03361
G1 X101.769 Y216.643 E.01247
G1 X102.099 Y216.776 E.01925
G1 X102.4 Y217.009 E.02068
G1 X102.658 Y217.347 E.023
G1 X102.77 Y217.594 E.01472
G1 X103.134 Y217.849 E.02409
G1 X103.359 Y218.118 E.01903
G1 X103.496 Y218.426 E.01828
G1 X103.54 Y218.748 E.01761
G1 X103.49 Y219.06 E.01712
G1 X103.351 Y219.342 E.017
G1 X103.136 Y219.572 E.01709
G1 X102.745 Y219.789 E.02422
G1 X102.64 Y219.886 E.00779
G1 X102.193 Y220.456 E.03924
G1 X102.111 Y220.942 E.02671
G1 X101.956 Y221.287 E.02053
G1 X101.687 Y221.619 E.02314
G1 X101.373 Y221.845 E.02098
G1 X101.035 Y221.971 E.01955
G1 X100.699 Y221.997 E.01824
G1 X100.365 Y221.919 E.01861
G1 X100.117 Y221.78 E.0154
G1 X99.9 Y221.549 E.01715
G1 X99.761 Y221.262 E.01734
G1 X99.705 Y220.929 E.01828
G1 X99.744 Y220.574 E.01936
G1 X99.873 Y220.239 E.01948
G1 X100.017 Y220.022 E.0141
G1 X100.2 Y219.819 E.01481
G1 X100.639 Y219.513 E.02899
G1 X100.73 Y218.668 E.04608
G1 X100.602 Y218.403 E.01597
G1 X100.516 Y218.137 E.01513
G1 X100.48 Y217.746 E.02131
G1 X100.54 Y217.385 E.01982
G1 X100.682 Y217.077 E.0184
G1 X100.893 Y216.84 E.01719
G1 X101.155 Y216.683 E.01655
G1 X101.455 Y216.616 E.01666
; WIPE_START
G1 X101.769 Y216.643 E-.11984
G1 X102.099 Y216.776 E-.13496
G1 X102.4 Y217.009 E-.145
G1 X102.658 Y217.347 E-.16126
G1 X102.77 Y217.594 E-.10319
G1 X102.976 Y217.739 E-.09575
; WIPE_END
G1 E-.04 F1800
M204 S10000
G17
G3 Z48.6 I.999 J-.695 P1  F60000
G1 X98.566 Y211.403 Z48.6
G1 Z48.2
G1 E.8 F1800
G1 F7915.629
M204 S8000
G1 X98.547 Y211.22 E.00994
G1 X98.582 Y211.094 E.00711
G1 X98.632 Y211.023 E.0047
G1 X98.745 Y210.949 E.00733
G1 X98.804 Y210.936 E.00327
G1 X98.823 Y210.316 E.0336
G1 X98.981 Y210.321 E.00856
G1 X99.333 Y210.431 E.02
G1 X99.608 Y210.626 E.01824
G1 X99.824 Y210.896 E.01872
G1 X99.965 Y211.199 E.01813
G1 X100.012 Y211.51 E.01704
G1 X99.967 Y211.803 E.0161
G1 X99.836 Y212.059 E.01556
G1 X99.632 Y212.259 E.01548
G1 X99.371 Y212.388 E.01578
G1 X99.073 Y212.433 E.01635
G1 X98.765 Y212.387 E.01689
G1 X98.471 Y212.252 E.01754
G1 X98.218 Y212.042 E.0178
G1 X98.033 Y211.771 E.0178
G1 X97.933 Y211.461 E.01764
G1 X97.925 Y211.146 E.01708
G1 X97.999 Y210.873 E.01532
G1 X98.127 Y210.66 E.01348
G1 X98.222 Y210.551 E.00783
G1 X98.478 Y210.383 E.01663
G1 X98.738 Y210.313 E.01457
; WIPE_START
G1 X98.981 Y210.321 E-.09242
G1 X99.333 Y210.431 E-.14022
G1 X99.608 Y210.626 E-.12791
G1 X99.824 Y210.896 E-.13126
G1 X99.965 Y211.199 E-.12709
G1 X100.012 Y211.51 E-.11949
G1 X100.003 Y211.566 E-.0216
; WIPE_END
G1 E-.04 F1800
M204 S10000
G17
G3 Z48.6 I1.147 J-.407 P1  F60000
G1 X98.811 Y208.209 Z48.6
G1 Z48.2
G1 E.8 F1800
G1 F7915.629
M204 S8000
G1 X98.783 Y208.12 E.00507
G1 X98.782 Y208.005 E.00618
G1 X98.81 Y207.92 E.00488
G1 X98.859 Y207.853 E.00449
G1 X98.934 Y207.799 E.00502
G1 X99.039 Y207.766 E.00598
G1 X99.176 Y207.765 E.00739
G1 X99.342 Y207.168 E.0336
G1 X99.577 Y207.235 E.01324
G1 X99.862 Y207.411 E.01816
G1 X100.085 Y207.653 E.01781
G1 X100.224 Y207.935 E.01707
G1 X100.271 Y208.23 E.01619
G1 X100.225 Y208.514 E.01557
G1 X100.093 Y208.766 E.01543
G1 X99.883 Y208.967 E.01577
G1 X99.638 Y209.087 E.01477
G1 X99.297 Y209.148 E.01876
G1 X98.98 Y209.106 E.01735
G1 X98.681 Y208.974 E.0177
G1 X98.43 Y208.766 E.01764
G1 X98.253 Y208.502 E.01726
G1 X98.163 Y208.216 E.01624
G1 X98.162 Y207.91 E.01661
G1 X98.25 Y207.635 E.01563
G1 X98.418 Y207.405 E.01543
G1 X98.655 Y207.237 E.01573
G1 X98.942 Y207.147 E.01635
G1 X99.26 Y207.145 E.01724
; WIPE_START
G1 X99.577 Y207.235 E-.12523
G1 X99.862 Y207.411 E-.12735
G1 X100.085 Y207.653 E-.12487
G1 X100.224 Y207.935 E-.11966
G1 X100.271 Y208.23 E-.1135
G1 X100.225 Y208.514 E-.10918
G1 X100.176 Y208.608 E-.04022
; WIPE_END
G1 E-.04 F1800
M204 S10000
G17
G3 Z48.6 I1.108 J-.504 P1  F60000
G1 X98.678 Y205.313 Z48.6
G1 Z48.2
G1 E.8 F1800
G1 F7915.629
M204 S8000
G1 X98.719 Y205.175 E.00783
G1 X98.798 Y205.052 E.0079
G1 X98.911 Y204.955 E.00807
G1 X99.043 Y204.895 E.00784
G1 X99.176 Y204.877 E.00729
G1 X99.264 Y204.263 E.03361
G1 X99.48 Y204.296 E.01185
G1 X99.745 Y204.428 E.01603
G1 X99.95 Y204.63 E.01558
G1 X100.081 Y204.884 E.01552
G1 X100.126 Y205.173 E.01583
G1 X100.08 Y205.475 E.01658
G1 X99.941 Y205.764 E.01739
G1 X99.722 Y206.013 E.01798
G1 X99.442 Y206.194 E.01807
G1 X99.129 Y206.289 E.01773
G1 X98.817 Y206.296 E.01691
G1 X98.536 Y206.212 E.0159
G1 X98.305 Y206.044 E.01544
G1 X98.141 Y205.809 E.01556
G1 X98.057 Y205.523 E.01615
G1 X98.059 Y205.214 E.01675
G1 X98.151 Y204.91 E.0172
G1 X98.327 Y204.64 E.0175
G1 X98.574 Y204.428 E.01762
G1 X98.867 Y204.294 E.01748
G1 X99.18 Y204.25 E.01711
; WIPE_START
G1 X99.48 Y204.296 E-.11548
G1 X99.745 Y204.428 E-.11236
G1 X99.95 Y204.63 E-.10925
G1 X100.081 Y204.884 E-.10878
G1 X100.126 Y205.173 E-.11097
G1 X100.08 Y205.475 E-.11624
G1 X99.981 Y205.681 E-.08693
; WIPE_END
G1 E-.04 F1800
M204 S10000
G17
G3 Z48.6 I1.207 J-.159 P1  F60000
G1 X98.771 Y196.476 Z48.6
G1 Z48.2
G1 E.8 F1800
G1 F7915.629
M204 S8000
G1 X98.788 Y196.418 E.00327
G1 X98.787 Y196.049 E.01996
G1 X98.824 Y195.93 E.00681
G1 X98.903 Y195.813 E.00764
G1 X99.021 Y195.714 E.00833
G1 X99.163 Y195.65 E.00848
G1 X99.313 Y195.629 E.00817
G1 X99.397 Y195.014 E.03361
G1 X99.625 Y195.047 E.01249
G1 X99.899 Y195.176 E.0164
G1 X100.109 Y195.374 E.01566
G1 X100.243 Y195.623 E.01535
G1 X100.289 Y195.908 E.01561
G1 X100.241 Y196.207 E.0164
G1 X100.1 Y196.495 E.01742
G1 X100.023 Y196.58 E.00621
G1 X99.846 Y197.367 E.04372
G1 X100.021 Y197.747 E.02264
G1 X100.069 Y198.046 E.01644
G1 X100.023 Y198.324 E.01526
G1 X99.836 Y198.652 E.02048
G1 X99.751 Y198.845 E.01143
G1 X99.523 Y199.128 E.01971
G1 X99.25 Y199.316 E.01794
G1 X98.956 Y199.406 E.01669
G1 X98.651 Y199.4 E.01653
G1 X98.355 Y199.299 E.01694
G1 X98.088 Y199.105 E.01788
G1 X97.868 Y198.828 E.01917
G1 X97.72 Y198.48 E.02048
G1 X97.664 Y198.144 E.01848
G1 X97.666 Y197.866 E.01506
G1 X97.772 Y197.37 E.02748
G1 X97.973 Y197.001 E.0228
G1 X98.167 Y196.33 E.03783
G1 X98.167 Y195.956 E.02031
G1 X98.259 Y195.659 E.01683
G1 X98.437 Y195.394 E.01732
G1 X98.689 Y195.183 E.01778
G1 X98.989 Y195.048 E.01786
G1 X99.313 Y195.002 E.01771
; WIPE_START
G1 X99.625 Y195.047 E-.11996
G1 X99.899 Y195.176 E-.11499
G1 X100.109 Y195.374 E-.10982
G1 X100.243 Y195.623 E-.10759
G1 X100.289 Y195.908 E-.10943
G1 X100.241 Y196.207 E-.11498
G1 X100.145 Y196.403 E-.08323
; WIPE_END
G1 E-.04 F1800
M204 S10000
G17
G3 Z48.6 I1.166 J-.35 P1  F60000
G1 X98.291 Y190.221 Z48.6
G1 Z48.2
G1 E.8 F1800
G1 F7915.629
M204 S8000
G1 X98.366 Y190.053 E.00995
G1 X98.496 Y189.887 E.01146
G1 X98.645 Y189.776 E.01005
G1 X98.789 Y189.721 E.00839
G1 X98.93 Y189.71 E.00762
G1 X99.059 Y189.104 E.03361
G1 X99.272 Y189.152 E.01184
G1 X99.538 Y189.308 E.01672
G1 X99.754 Y189.546 E.01743
G1 X99.902 Y189.86 E.01882
G1 X99.966 Y190.237 E.02069
G1 X99.953 Y190.407 E.00927
G1 X100.04 Y190.578 E.0104
G1 X100.086 Y190.865 E.01573
G1 X100.04 Y191.147 E.01549
G1 X99.907 Y191.403 E.01566
G1 X99.693 Y191.613 E.01621
G1 X99.417 Y191.757 E.01689
G1 X99.102 Y191.819 E.01742
G1 X98.878 Y191.801 E.01217
G1 X98.763 Y191.818 E.00629
G1 X98.45 Y191.773 E.01714
G1 X98.168 Y191.637 E.01699
G1 X97.919 Y191.401 E.01862
G1 X97.866 Y191.337 E.00449
G1 X97.702 Y191.008 E.01987
G1 X97.625 Y190.647 E.02005
G1 X97.636 Y190.284 E.01963
G1 X97.704 Y190.013 E.01517
G1 X97.831 Y189.73 E.01682
G1 X98.06 Y189.439 E.02004
G1 X98.342 Y189.228 E.0191
G1 X98.653 Y189.109 E.01805
G1 X98.976 Y189.085 E.01754
; WIPE_START
G1 X99.272 Y189.152 E-.11543
G1 X99.538 Y189.308 E-.1172
G1 X99.754 Y189.546 E-.12218
G1 X99.902 Y189.86 E-.13196
G1 X99.966 Y190.237 E-.14506
G1 X99.953 Y190.407 E-.06498
G1 X100.028 Y190.555 E-.0632
; WIPE_END
G1 E-.04 F1800
M204 S10000
G17
G3 Z48.6 I1.189 J-.26 P1  F60000
G1 X98.565 Y183.875 Z48.6
G1 Z48.2
G1 E.8 F1800
G1 F7915.629
M204 S8000
G1 X98.532 Y183.772 E.00583
G1 X98.529 Y183.629 E.00774
G1 X98.563 Y183.503 E.00711
G1 X98.614 Y183.429 E.00489
G1 X98.715 Y183.362 E.00651
G1 X98.801 Y183.339 E.00488
G1 X98.812 Y182.719 E.03361
G1 X98.998 Y182.726 E.01006
G1 X99.299 Y182.829 E.01729
G1 X99.575 Y183.025 E.01833
G1 X99.788 Y183.291 E.01847
G1 X99.925 Y183.594 E.01801
G1 X99.971 Y183.906 E.01712
G1 X99.926 Y184.202 E.01621
G1 X99.797 Y184.46 E.01566
G1 X99.595 Y184.664 E.01553
G1 X99.336 Y184.795 E.01571
G1 X99.042 Y184.843 E.01615
G1 X98.738 Y184.8 E.01665
G1 X98.448 Y184.667 E.01729
G1 X98.199 Y184.458 E.01765
G1 X98.015 Y184.188 E.01771
G1 X97.915 Y183.877 E.01771
G1 X97.907 Y183.554 E.01751
G1 X97.983 Y183.275 E.01565
G1 X98.11 Y183.064 E.01334
G1 X98.201 Y182.959 E.00756
G1 X98.455 Y182.79 E.01655
G1 X98.727 Y182.716 E.01525
; WIPE_START
G1 X98.998 Y182.726 E-.10295
G1 X99.299 Y182.829 E-.1212
G1 X99.575 Y183.025 E-.12854
G1 X99.788 Y183.291 E-.12949
G1 X99.925 Y183.594 E-.12629
G1 X99.971 Y183.906 E-.12001
G1 X99.959 Y183.988 E-.03153
; WIPE_END
G1 E-.04 F1800
M204 S10000
G17
G3 Z48.6 I1.137 J-.435 P1  F60000
G1 X98.68 Y180.645 Z48.6
G1 Z48.2
G1 E.8 F1800
G1 F7915.629
M204 S8000
G1 X98.719 Y180.504 E.00789
G1 X98.798 Y180.385 E.00772
G1 X98.911 Y180.289 E.00804
G1 X99.044 Y180.228 E.00796
G1 X99.181 Y180.209 E.0075
G1 X99.269 Y179.595 E.03361
G1 X99.488 Y179.628 E.01201
G1 X99.755 Y179.759 E.01613
G1 X99.962 Y179.959 E.0156
G1 X100.093 Y180.212 E.01546
G1 X100.139 Y180.499 E.01574
G1 X100.092 Y180.801 E.01653
G1 X99.952 Y181.09 E.01743
G1 X99.731 Y181.338 E.01801
G1 X99.449 Y181.518 E.01814
G1 X99.136 Y181.612 E.0177
G1 X98.823 Y181.614 E.01695
G1 X98.54 Y181.528 E.01605
G1 X98.308 Y181.361 E.0155
G1 X98.143 Y181.126 E.01553
G1 X98.058 Y180.844 E.01599
G1 X98.061 Y180.539 E.01653
G1 X98.152 Y180.239 E.01702
G1 X98.328 Y179.971 E.01736
G1 X98.575 Y179.761 E.01758
G1 X98.869 Y179.627 E.01752
G1 X99.184 Y179.583 E.01723
; WIPE_START
G1 X99.488 Y179.628 E-.1166
G1 X99.755 Y179.759 E-.11312
G1 X99.962 Y179.959 E-.10937
G1 X100.093 Y180.212 E-.10841
G1 X100.139 Y180.499 E-.11033
G1 X100.092 Y180.801 E-.1159
G1 X99.993 Y181.005 E-.08626
; WIPE_END
G1 E-.04 F1800
M204 S10000
G17
G3 Z48.6 I-1.192 J.246 P1  F60000
G1 X108.328 Y221.362 Z48.6
G1 Z48.2
G1 E.8 F1800
G1 F7915.629
M204 S8000
G1 X108.368 Y221.355 E.0022
G1 X108.8 Y221.021 E.02957
G1 X108.998 Y220.937 E.01166
G1 X109.212 Y220.906 E.01175
G1 X109.241 Y220.287 E.0336
G1 X109.409 Y220.295 E.00914
G1 X109.818 Y220.404 E.0229
G1 X110.105 Y220.582 E.01831
G1 X110.331 Y220.831 E.01823
G1 X110.468 Y221.119 E.01731
G1 X110.515 Y221.43 E.01706
G1 X110.469 Y221.743 E.01714
G1 X110.332 Y222.036 E.01754
G1 X110.109 Y222.287 E.01817
G1 X109.812 Y222.475 E.01908
G1 X109.477 Y222.58 E.01904
G1 X109.13 Y222.604 E.01886
G1 X108.444 Y222.894 E.04033
G1 X108.349 Y223.004 E.00789
G1 X108.015 Y223.242 E.02226
G1 X107.671 Y223.368 E.01983
G1 X107.323 Y223.397 E.01894
G1 X107 Y223.331 E.01787
G1 X106.723 Y223.181 E.01704
G1 X106.508 Y222.96 E.01671
G1 X106.368 Y222.68 E.01698
G1 X106.313 Y222.356 E.01783
G1 X106.353 Y222.008 E.01898
G1 X106.492 Y221.659 E.02036
G1 X106.664 Y221.418 E.01603
G1 X106.836 Y221.242 E.01333
G1 X107.137 Y221.038 E.01972
G1 X107.54 Y220.88 E.02346
G1 X108.107 Y220.773 E.03125
G1 X108.484 Y220.482 E.02584
G1 X108.824 Y220.337 E.02003
G1 X109.156 Y220.283 E.01822
; WIPE_START
G1 X109.409 Y220.295 E-.09651
G1 X109.818 Y220.404 E-.16058
G1 X110.105 Y220.582 E-.12834
G1 X110.331 Y220.831 E-.12778
G1 X110.468 Y221.119 E-.12134
G1 X110.515 Y221.43 E-.11957
G1 X110.513 Y221.446 E-.00586
; WIPE_END
G1 E-.04 F1800
M204 S10000
G17
G3 Z48.6 I1.187 J.268 P1  F60000
G1 X137.853 Y100.457 Z48.6
G1 Z48.2
G1 E.8 F1800
G1 F7915.629
M204 S8000
G1 X138.092 Y100.517 E.01334
G1 X137.792 Y100.812 E.0228
G1 X137.279 Y99.509 E.07591
G1 X137.607 Y99.578 E.0182
G1 X138.028 Y99.777 E.02518
G1 X138.089 Y99.877 E.0064
G1 X138.471 Y99.973 E.02133
G1 X138.668 Y100.079 E.01213
G1 X138.81 Y100.212 E.01052
G1 X138.862 Y100.298 E.00544
G1 X138.885 Y100.342 E.00274
G1 X138.908 Y100.48 E.00758
G1 X138.879 Y100.606 E.00702
G1 X138.797 Y100.727 E.0079
G1 X138.633 Y100.854 E.01124
G1 X138.157 Y101.323 E.03621
G1 X138.042 Y101.49 E.01101
G1 X137.814 Y101.723 E.01769
G1 X137.521 Y101.884 E.01809
G1 X137.448 Y101.902 E.0041
G1 X137.336 Y101.908 E.0061
G1 X137.177 Y101.851 E.00917
G1 X137.105 Y101.783 E.00535
G1 X137.036 Y101.628 E.00919
G1 X137.016 Y101.405 E.01217
G1 X137.05 Y101.204 E.01101
G1 X137.154 Y100.884 E.01827
G1 X136.875 Y100.17 E.04151
G1 X136.819 Y100.088 E.00541
G1 X136.746 Y99.886 E.01165
G1 X136.741 Y99.729 E.00849
G1 X136.782 Y99.63 E.00585
G1 X136.863 Y99.557 E.00591
G1 X137.004 Y99.508 E.00806
G1 X137.195 Y99.495 E.01038
; WIPE_START
G1 X137.607 Y99.578 E-.15999
G1 X138.028 Y99.777 E-.17655
G1 X138.089 Y99.877 E-.04487
G1 X138.471 Y99.973 E-.14955
G1 X138.668 Y100.079 E-.08503
G1 X138.81 Y100.212 E-.07378
G1 X138.862 Y100.298 E-.03811
G1 X138.885 Y100.342 E-.01919
G1 X138.891 Y100.376 E-.01293
; WIPE_END
G1 E-.04 F1800
M204 S10000
G17
G3 Z48.6 I.421 J1.142 P1  F60000
G1 X140.839 Y99.657 Z48.6
G1 Z48.2
G1 E.8 F1800
G1 F7915.629
M204 S8000
G1 X140.907 Y99.658 E.00364
G1 X141.017 Y99.699 E.00637
G1 X141.1 Y99.776 E.00613
G1 X141.167 Y99.927 E.00897
G1 X141.178 Y100.123 E.01068
G1 X141.122 Y100.368 E.0136
G1 X140.953 Y100.695 E.01997
G1 X141.001 Y100.856 E.00907
G1 X141.033 Y101.205 E.01901
G1 X140.993 Y101.493 E.01574
G1 X140.902 Y101.691 E.01185
G1 X140.796 Y101.793 E.00794
G1 X140.694 Y101.827 E.00581
G1 X140.579 Y101.816 E.00627
G1 X140.439 Y101.752 E.00836
G1 X140.328 Y101.677 E.00724
G1 X140.146 Y101.477 E.01467
G1 X139.99 Y101.225 E.01605
G1 X139.882 Y100.911 E.018
G1 X139.966 Y100.561 E.01949
G1 X139.979 Y100.221 E.01845
G1 X140.173 Y99.967 E.01732
G1 X140.39 Y99.795 E.015
G1 X140.622 Y99.684 E.01393
G1 X140.754 Y99.656 E.00734
; COOLING_NODE: 0
; WIPE_START
G1 X140.907 Y99.658 E-.0579
G1 X141.017 Y99.699 E-.04466
G1 X141.1 Y99.776 E-.04296
G1 X141.167 Y99.927 E-.06291
G1 X141.178 Y100.123 E-.07491
G1 X141.122 Y100.368 E-.09537
G1 X140.953 Y100.695 E-.13998
G1 X141.001 Y100.856 E-.0636
G1 X141.033 Y101.205 E-.13328
G1 X141.017 Y101.321 E-.04443
; WIPE_END
G1 E-.04 F1800
M204 S10000
G17
G3 Z48.6 I-1.2 J-.202 P1  F60000
G1 X125.994 Y190.493 Z48.6
G1 Z48.2
G1 E.8 F1800
; FEATURE: Other object
; LINE_WIDTH: 0.45
G1 F11292.473
M204 S8000
G1 X130.807 Y190.493 E.18286
G1 X130.807 Y213.257 E.86483
G1 X125.994 Y213.257 E.18286
G1 X125.994 Y211.407 E.07029
G1 X122.607 Y211.407 E.12868
G1 X122.607 Y212.157 E.02849
G1 X121.794 Y212.157 E.03089
G1 X121.794 Y197.593 E.55329
G1 X122.607 Y197.593 E.03089
G1 X122.607 Y201.593 E.15197
G1 X125.994 Y201.593 E.12868
G1 X125.994 Y190.553 E.41944
; COOLING_NODE: 0
; WIPE_START
G1 X127.993 Y190.529 E-.76
; WIPE_END
G1 E-.04 F1800
M204 S10000
G1 X127.612 Y182.906 Z48.6 F60000
G1 X123.707 Y104.771 Z48.6
G1 Z48.2
G1 E.8 F1800
G1 F11292.473
M204 S8000
G1 X123.707 Y107.159 E.09074
G1 X134.807 Y107.159 E.42172
G1 X134.807 Y111.906 E.18036
G1 X124.807 Y111.906 E.37993
G1 X124.807 Y112.056 E.0057
G1 X124.311 Y112.056 E.01884
G1 X124.311 Y130.743 E.70997
G1 X124.807 Y130.743 E.01884
G1 X124.807 Y171.807 E1.56009
G1 X124.311 Y171.807 E.01884
G1 X124.311 Y189.907 E.68767
G1 X118.807 Y189.907 E.20912
G1 X118.807 Y212.757 E.86813
G1 X101.993 Y212.757 E.63877
G1 X101.993 Y176.907 E1.36204
G1 X98.284 Y176.907 E.14092
G1 X98.293 Y170.093 E.25885
G1 X101.993 Y170.093 E.1406
G1 X101.993 Y147.273 E.86699
G1 X119.993 Y147.273 E.68387
G1 X119.993 Y111.906 E1.34368
G1 X100.993 Y111.906 E.72186
G1 X100.993 Y99.843 E.45831
G1 X102.807 Y99.843 E.06888
G1 X102.807 Y110.093 E.38942
G1 X119.993 Y110.093 E.65298
G1 X119.994 Y97.973 E.4605
G1 X120.005 Y97.829 E.00549
G1 X120.078 Y97.522 E.01196
G1 X120.239 Y97.208 E.01342
G1 X120.448 Y96.966 E.01214
G1 X120.728 Y96.765 E.01311
G1 X120.882 Y96.694 E.00643
G1 X121.093 Y96.631 E.00836
G1 X121.64 Y96.792 E.02168
G1 X122.845 Y97.269 E.04921
G1 X123.31 Y97.408 E.01843
G1 X123.818 Y97.485 E.01954
G1 X124.383 Y97.441 E.02154
G1 X125.054 Y97.154 E.02771
G1 X125.381 Y96.593 E.02464
G1 X125.619 Y96.593 E.00907
G1 X125.774 Y96.727 E.00776
G1 X126.276 Y97.257 E.02774
G1 X126.812 Y97.54 E.02301
G1 X127.305 Y97.692 E.01961
G1 X127.783 Y97.768 E.01838
G1 X128.255 Y97.785 E.01796
G1 X128.729 Y97.744 E.01807
G1 X129.212 Y97.638 E.01877
G1 X129.717 Y97.441 E.02061
G1 X130.277 Y97.062 E.02568
G1 X130.569 Y96.593 E.02098
G1 X130.824 Y96.593 E.00969
G1 X131.133 Y96.852 E.01528
G1 X131.734 Y97.088 E.02456
G1 X132.307 Y97.074 E.02178
G1 X132.78 Y96.977 E.01835
G1 X133.586 Y96.749 E.0318
G1 X133.878 Y96.684 E.01136
G1 X134.16 Y96.818 E.01187
G1 X134.352 Y96.967 E.00922
G1 X134.499 Y97.125 E.0082
G1 X134.617 Y97.298 E.00794
G1 X134.708 Y97.487 E.00797
G1 X134.769 Y97.684 E.00784
G1 X134.804 Y97.942 E.00989
G1 X134.806 Y104.771 E.25946
G1 X123.767 Y104.771 E.41943
; COOLING_NODE: 0
M204 S250
G1 X124.09 Y105.154 F60000
; FEATURE: Other object
; LINE_WIDTH: 0.42
G1 F4887.706
M204 S5000
G1 X124.09 Y105.576 E.0148
G1 F4017.549
G1 X124.09 Y105.976 E.01405
G1 F3270.395
G1 X124.09 Y106.376 E.01405
G1 F2600.04
G1 X124.09 Y106.776 E.01405
G1 F2006.486
G1 X124.131 Y106.776 E.00144
G1 F1950
G1 X135.19 Y106.776 E.38853
G1 F2100
G1 X135.19 Y106.975 E.00699
G1 F2706.344
G1 X135.19 Y107.375 E.01405
G1 F3389.487
G1 X135.19 Y107.775 E.01405
G1 F4149.431
G1 X135.19 Y108.175 E.01405
G1 F4986.175
G1 X135.19 Y108.575 E.01405
G1 F5899.718
G1 X135.19 Y108.975 E.01405
G1 F6890.062
G1 X135.19 Y109.375 E.01405
G1 F7957.206
G1 X135.19 Y109.775 E.01405
G1 F9101.149
G1 X135.19 Y110.175 E.01405
G1 F10321.893
G1 X135.19 Y110.575 E.01405
G1 F11619.437
G1 X135.19 Y110.975 E.01405
G1 F12000
G1 X135.19 Y111.375 E.01405
G1 X135.19 Y112.29 E.03216
G1 X125.19 Y112.29 E.35132
G1 X125.19 Y112.44 E.00527
G1 X124.694 Y112.44 E.01742
G1 X124.694 Y130.36 E.62957
G1 X125.19 Y130.36 E.01742
G1 X125.19 Y172.19 E1.46959
G1 X124.694 Y172.19 E.01742
G1 X124.694 Y190.11 E.62957
G1 X131.19 Y190.11 E.22821
G1 X131.19 Y213.64 E.82667
G1 X125.61 Y213.64 E.19604
G1 X125.61 Y211.79 E.06499
G1 X122.99 Y211.79 E.09205
G1 X122.99 Y212.54 E.02635
G1 X121.41 Y212.54 E.05551
G1 X121.41 Y197.21 E.53858
G1 X122.99 Y197.21 E.05551
G1 X122.99 Y201.21 E.14053
G1 X125.61 Y201.21 E.09205
G1 X125.61 Y190.29 E.38365
G1 X119.19 Y190.29 E.22555
G1 X119.19 Y213.14 E.80278
G1 X101.61 Y213.14 E.61763
G1 X101.61 Y177.29 E1.2595
G1 X97.9 Y177.29 E.13033
G1 X97.91 Y169.71 E.2663
G1 X101.61 Y169.71 E.13
G1 X101.61 Y146.89 E.80172
G1 X119.61 Y146.89 E.63238
G1 X119.61 Y112.29 E1.21558
G1 X100.61 Y112.29 E.66752
G1 X100.61 Y99.46 E.45075
G1 X103.19 Y99.46 E.09064
G1 X103.19 Y109.71 E.36011
G1 X119.61 Y109.71 E.57687
G1 X119.611 Y97.958 E.41287
G1 X119.666 Y97.557 E.01422
G1 X119.808 Y97.184 E.01403
G1 X119.922 Y96.992 E.00784
G1 X120.059 Y96.815 E.00786
G1 X120.355 Y96.547 E.01403
G1 X120.544 Y96.428 E.00786
G1 X120.738 Y96.337 E.00753
G1 X121.099 Y96.238 E.01313
G1 X121.769 Y96.431 E.02452
G1 X122.971 Y96.906 E.0454
G1 X123.394 Y97.033 E.01551
G1 X123.832 Y97.099 E.01558
G1 X124.291 Y97.064 E.01615
G1 X124.786 Y96.851 E.01895
G1 X125.16 Y96.21 E.02608
G1 X125.762 Y96.21 E.02113
G1 X126.039 Y96.449 E.01287
G1 X126.511 Y96.948 E.02411
G1 X126.959 Y97.184 E.0178
G1 X127.392 Y97.318 E.01592
G1 X127.82 Y97.386 E.01521
G1 X128.245 Y97.401 E.01496
G1 X128.671 Y97.364 E.01503
G1 X129.101 Y97.27 E.01544
G1 X129.538 Y97.1 E.01649
G1 X129.994 Y96.79 E.01938
G1 X130.356 Y96.21 E.02402
G1 X130.964 Y96.21 E.02133
G1 X131.331 Y96.518 E.01684
G1 X131.802 Y96.703 E.01779
G1 X132.264 Y96.692 E.01621
G1 X132.69 Y96.605 E.01527
G1 X133.491 Y96.377 E.02928
G1 X133.902 Y96.286 E.01478
G1 X134.136 Y96.369 E.00875
G1 X134.37 Y96.496 E.00934
G1 X134.611 Y96.683 E.0107
G1 X134.799 Y96.885 E.00971
G1 X134.95 Y97.105 E.00938
G1 X135.066 Y97.346 E.00939
G1 X135.144 Y97.601 E.00935
G1 X135.188 Y97.915 E.01116
G1 X135.188 Y100.555 E.09276
G1 X135.189 Y100.955 E.01405
G1 F11619.437
G1 X135.189 Y101.355 E.01405
G1 F10321.893
G1 X135.189 Y101.755 E.01405
G1 F9101.149
G1 X135.189 Y102.155 E.01405
G1 F7957.206
G1 X135.189 Y102.555 E.01405
G1 F6890.062
G1 X135.189 Y102.955 E.01405
G1 F5899.718
G1 X135.189 Y103.355 E.01405
G1 F4986.175
G1 X135.189 Y103.755 E.01405
G1 F4149.431
G1 X135.19 Y104.155 E.01405
G1 F3389.487
G1 X135.19 Y104.555 E.01405
G1 F2706.344
G1 X135.19 Y104.955 E.01405
G1 F2100
G1 X135.19 Y105.154 E.00699
G1 F1950
G1 X124.15 Y105.154 E.38786
M204 S10000
G1 X123.737 Y104.322 F60000
; FEATURE: Other object
; LINE_WIDTH: 0.551564
G1 F8998.921
M204 S8000
G1 X134.297 Y104.322 E.50344
; WIPE_START
G1 X132.297 Y104.322 E-.76
; WIPE_END
G1 E-.04 F1800
M204 S10000
G1 X124.731 Y103.313 Z48.6 F60000
G1 X102.466 Y100.344 Z48.6
G1 Z48.2
G1 E.8 F1800
; FEATURE: Other object
; LINE_WIDTH: 0.45
G1 F11292.473
M204 S8000
G1 X102.466 Y101.938 E.06056
G1 X101.334 Y103.07 E.06077
G1 X101.334 Y104.219 E.04367
G1 X102.466 Y105.35 E.06077
G1 X102.466 Y109.453 E.15587
G1 X101.334 Y110.584 E.06077
G1 X101.334 Y111.566 E.0373
G1 X101.947 Y111.566 E.02326
; WIPE_START
G1 X101.334 Y111.566 E-.23261
G1 X101.334 Y110.584 E-.3731
G1 X101.622 Y110.297 E-.15429
; WIPE_END
G1 E-.04 F1800
M204 S10000
G1 X105.956 Y110.434 Z48.6 F60000
G1 Z48.2
G1 E.8 F1800
G1 F11292.473
M204 S8000
G1 X107.55 Y110.434 E.06056
G1 X108.681 Y111.566 E.06077
G1 X107.867 Y111.566 E.03094
G1 X108.998 Y110.434 E.06077
G1 X115.064 Y110.434 E.23047
G1 X116.195 Y111.566 E.06077
G1 X115.381 Y111.566 E.03094
G1 X116.512 Y110.434 E.06077
G1 X118.106 Y110.434 E.06056
; WIPE_START
G1 X116.512 Y110.434 E-.60572
G1 X116.225 Y110.722 E-.15429
; WIPE_END
G1 E-.04 F1800
M204 S10000
G1 X123.824 Y111.428 Z48.6 F60000
G1 X125.303 Y111.566 Z48.6
G1 Z48.2
G1 E.8 F1800
G1 F11292.473
M204 S8000
G1 X124.466 Y111.566 E.03182
G1 X124.466 Y111.716 E.0057
G1 X123.97 Y111.716 E.01884
G1 X123.97 Y111.826 E.0042
G1 X120.335 Y108.191 E.19532
G1 X120.335 Y106.612 E.06
G1 X128.889 Y98.058 E.4596
G1 X129.311 Y97.965 E.01642
G1 X129.877 Y97.745 E.02309
G1 X130.528 Y97.304 E.02989
G1 X130.738 Y96.966 E.01511
G1 X130.956 Y97.149 E.0108
G1 X131.674 Y97.431 E.02928
G1 X132.106 Y97.42 E.01645
G1 X134.464 Y99.778 E.12666
G1 X134.464 Y99.997 E.00832
G1 X130.588 Y103.872 E.20824
G1 X131.044 Y103.872 E.01733
G1 X124.804 Y97.632 E.3353
G1 X124.466 Y97.777 E.01397
G1 X123.806 Y97.828 E.02515
G1 X123.235 Y97.742 E.02194
G1 X122.733 Y97.591 E.01991
G1 X122.094 Y97.338 E.02611
G1 X120.335 Y99.097 E.09451
G1 X120.335 Y100.677 E.06003
G1 X123.53 Y103.872 E.17168
G1 X125.124 Y103.872 E.06056
; WIPE_START
G1 X123.53 Y103.872 E-.60571
G1 X123.243 Y103.585 E-.15429
; WIPE_END
G1 E-.04 F1800
M204 S10000
G17
G3 Z48.6 I-1.208 J.148 P1  F60000
G1 X123.737 Y107.608 Z48.6
G1 Z48.2
G1 E.8 F1800
; FEATURE: Other object
; LINE_WIDTH: 0.551564
G1 F8998.921
M204 S8000
G1 X134.297 Y107.608 E.50346
; WIPE_START
G1 X132.297 Y107.608 E-.76
; WIPE_END
G1 E-.04 F1800
M204 S10000
G1 X134.466 Y109.103 Z48.6 F60000
G1 Z48.2
G1 E.8 F1800
; FEATURE: Other object
; LINE_WIDTH: 0.45
G1 F11292.473
M204 S8000
G1 X134.466 Y108.058 E.03971
G1 X133.917 Y108.058 E.02085
G1 X130.409 Y111.566 E.18848
G1 X131.223 Y111.566 E.03094
G1 X127.715 Y108.058 E.18848
G1 X126.403 Y108.058 E.04987
G1 X120.334 Y114.126 E.32605
G1 X120.334 Y115.705 E.05999
G1 X123.97 Y119.34 E.19532
G1 X123.97 Y118.005 E.05073
G1 X120.334 Y121.64 E.19532
G1 X120.334 Y123.219 E.05999
G1 X123.97 Y126.854 E.19532
G1 X123.97 Y125.519 E.05074
G1 X120.334 Y129.154 E.19532
G1 X120.334 Y130.733 E.05999
G1 X124.466 Y134.864 E.22196
G1 X124.466 Y132.537 E.08841
G1 X120.334 Y136.668 E.22196
G1 X120.334 Y138.247 E.05999
G1 X124.466 Y142.378 E.22196
G1 X124.466 Y140.051 E.08841
G1 X120.334 Y144.182 E.22196
G1 X120.334 Y145.761 E.05999
G1 X124.466 Y149.892 E.22196
G1 X124.466 Y147.565 E.08841
G1 X102.334 Y169.696 E1.1891
G1 X102.334 Y170.434 E.02804
G1 X101.596 Y170.434 E.02804
G1 X98.63 Y173.401 E.15941
G1 X98.633 Y170.434 E.11272
G1 X99.923 Y170.434 E.049
G1 X105.502 Y176.013 E.29975
G1 X103.532 Y176.013 E.07485
G1 X124.466 Y155.079 E1.12477
G1 X124.466 Y157.406 E.08841
G1 X114.674 Y147.614 E.52612
G1 X116.902 Y147.614 E.08468
G1 X102.334 Y162.182 E.78273
G1 X102.334 Y165.332 E.11965
G1 X113.016 Y176.013 E.57392
G1 X111.046 Y176.013 E.07485
G1 X124.466 Y162.594 E.72104
G1 X124.466 Y164.921 E.08841
G1 X107.159 Y147.614 E.92985
G1 X109.388 Y147.614 E.08468
G1 X102.334 Y154.668 E.379
G1 X102.334 Y157.818 E.11965
G1 X120.53 Y176.013 E.97765
G1 X120.651 Y176.013 E.0046
G1 X120.887 Y176.249 E.01267
G1 X120.887 Y176.37 E.0046
G1 X123.97 Y179.453 E.16565
G1 X123.97 Y178.118 E.05074
G1 X120.887 Y181.2 E.16565
G1 X120.887 Y183.884 E.10196
G1 X123.97 Y186.967 E.16565
G1 X123.97 Y185.632 E.05074
G1 X120.887 Y188.715 E.16565
G1 X120.887 Y189.013 E.01135
G1 X121.127 Y189.249 E.01278
G1 X121.127 Y189.566 E.01203
G1 X121.768 Y189.566 E.02435
; WIPE_START
G1 X121.127 Y189.566 E-.24358
G1 X121.127 Y189.249 E-.1203
G1 X120.887 Y189.013 E-.12787
G1 X120.887 Y188.715 E-.11349
G1 X121.175 Y188.427 E-.15476
; WIPE_END
G1 E-.04 F1800
M204 S10000
G1 X126.334 Y190.926 Z48.6 F60000
G1 Z48.2
G1 E.8 F1800
G1 F11292.473
M204 S8000
G1 X126.334 Y190.834 E.00347
G1 X127.837 Y190.834 E.05709
G1 X130.466 Y193.463 E.14122
G1 X130.466 Y194.164 E.02664
G1 X126.334 Y198.295 E.22196
G1 X126.334 Y196.846 E.05506
G1 X130.466 Y200.977 E.22196
G1 X130.466 Y201.678 E.02664
G1 X122.134 Y210.009 E.44763
G1 X122.134 Y207.674 E.08872
G1 X125.526 Y211.066 E.18223
G1 X126.334 Y211.066 E.03072
G1 X126.334 Y211.874 E.03072
G1 X127.376 Y212.916 E.05596
G1 X126.742 Y212.916 E.02408
G1 X130.466 Y209.192 E.20006
G1 X130.466 Y208.491 E.02664
G1 X123.909 Y201.934 E.35228
G1 X122.774 Y201.934 E.04312
G1 X122.774 Y202.134 E.00757
G1 X122.496 Y202.134 E.01057
G1 X122.134 Y202.495 E.01942
G1 X122.134 Y204.089 E.06056
; WIPE_START
G1 X122.134 Y202.495 E-.60571
G1 X122.422 Y202.208 E-.15429
; WIPE_END
G1 E-.04 F1800
M204 S10000
G1 X122.2 Y201.793 Z48.6 F60000
G1 Z48.2
G1 E.8 F1800
; FEATURE: Other object
; LINE_WIDTH: 0.466044
G1 F10855.407
M204 S8000
G1 X122.2 Y197.793 E.15809
; WIPE_START
G1 X122.2 Y199.793 E-.76
; WIPE_END
G1 E-.04 F1800
M204 S10000
G1 X115.84 Y204.012 Z48.6 F60000
G1 X102.901 Y212.596 Z48.6
G1 Z48.2
G1 E.8 F1800
; FEATURE: Other object
; LINE_WIDTH: 0.420784
G1 F12185.876
M204 S8000
G1 X102.319 Y212.015 E.02894
G1 X102.319 Y211.493 E.01839
G1 X103.257 Y212.431 E.04668
G1 X103.779 Y212.431 E.01839
G1 X102.319 Y210.971 E.07269
G1 X102.319 Y210.449 E.01839
G1 X104.301 Y212.431 E.09869
G1 X104.824 Y212.431 E.01839
G1 X102.319 Y209.926 E.12469
G1 X102.319 Y209.404 E.01839
G1 X105.346 Y212.431 E.1507
G1 X105.868 Y212.431 E.01839
G1 X102.319 Y208.882 E.1767
G1 X102.319 Y208.36 E.01839
G1 X106.39 Y212.431 E.2027
G1 X106.913 Y212.431 E.01839
G1 X102.319 Y207.837 E.2287
G1 X102.319 Y207.315 E.01839
G1 X107.435 Y212.431 E.25471
G1 X107.957 Y212.431 E.01839
G1 X102.319 Y206.793 E.28071
G1 X102.319 Y206.271 E.01839
G1 X108.479 Y212.431 E.30671
G1 X109.002 Y212.431 E.01839
G1 X102.319 Y205.748 E.33271
G1 X102.319 Y205.226 E.01839
G1 X109.524 Y212.431 E.35872
G1 X110.046 Y212.431 E.01839
G1 X102.319 Y204.704 E.38472
G1 X102.319 Y204.182 E.01839
G1 X110.568 Y212.431 E.41072
G1 X111.091 Y212.431 E.01839
G1 X102.319 Y203.659 E.43672
G1 X102.319 Y203.137 E.01839
G1 X111.613 Y212.431 E.46273
G1 X112.135 Y212.431 E.01839
G1 X102.319 Y202.615 E.48873
G1 X102.319 Y202.093 E.01839
G1 X112.657 Y212.431 E.51473
G1 X113.18 Y212.431 E.01839
G1 X102.319 Y201.57 E.54073
G1 X102.319 Y201.048 E.01839
G1 X113.702 Y212.431 E.56674
G1 X114.224 Y212.431 E.01839
G1 X102.319 Y200.526 E.59274
G1 X102.319 Y200.004 E.01839
G1 X114.746 Y212.431 E.61874
G1 X115.268 Y212.431 E.01839
G1 X102.319 Y199.482 E.64475
G1 X102.319 Y198.959 E.01839
G1 X115.791 Y212.431 E.67075
G1 X116.313 Y212.431 E.01839
G1 X102.319 Y198.437 E.69675
G1 X102.319 Y197.915 E.01839
G1 X116.835 Y212.431 E.72275
G1 X117.357 Y212.431 E.01839
G1 X102.319 Y197.393 E.74876
G1 X102.319 Y196.87 E.01839
G1 X117.88 Y212.431 E.77476
G1 X118.402 Y212.431 E.01839
G1 X102.319 Y196.348 E.80076
G1 X102.319 Y195.826 E.01839
G1 X118.481 Y211.987 E.80468
G1 X118.481 Y211.465 E.01839
G1 X102.319 Y195.304 E.80468
G1 X102.319 Y194.781 E.01839
G1 X118.481 Y210.943 E.80468
G1 X118.481 Y210.42 E.01839
G1 X102.319 Y194.259 E.80468
G1 X102.319 Y193.737 E.01839
G1 X118.481 Y209.898 E.80468
G1 X118.481 Y209.376 E.01839
G1 X102.319 Y193.215 E.80468
G1 X102.319 Y192.692 E.01839
G1 X118.481 Y208.854 E.80468
G1 X118.481 Y208.331 E.01839
G1 X102.319 Y192.17 E.80468
G1 X102.319 Y191.648 E.01839
G1 X118.481 Y207.809 E.80468
G1 X118.481 Y207.287 E.01839
G1 X102.319 Y191.126 E.80468
G1 X102.319 Y190.603 E.01839
G1 X118.481 Y206.765 E.80468
G1 X118.481 Y206.243 E.01839
G1 X102.319 Y190.081 E.80468
G1 X102.319 Y189.559 E.01839
G1 X118.481 Y205.72 E.80468
G1 X118.481 Y205.198 E.01839
G1 X102.319 Y189.037 E.80468
G1 X102.319 Y188.514 E.01839
G1 X118.481 Y204.676 E.80468
G1 X118.481 Y204.154 E.01839
G1 X102.319 Y187.992 E.80468
G1 X102.319 Y187.47 E.01839
G1 X118.481 Y203.631 E.80468
G1 X118.481 Y203.109 E.01839
G1 X102.319 Y186.948 E.80468
G1 X102.319 Y186.426 E.01839
G1 X118.481 Y202.587 E.80468
G1 X118.481 Y202.065 E.01839
G1 X102.319 Y185.903 E.80468
G1 X102.319 Y185.381 E.01839
G1 X118.481 Y201.542 E.80468
G1 X118.481 Y201.02 E.01839
G1 X102.319 Y184.859 E.80468
G1 X102.319 Y184.337 E.01839
G1 X118.481 Y200.498 E.80468
G1 X118.481 Y199.976 E.01839
G1 X102.319 Y183.814 E.80468
G1 X102.319 Y183.292 E.01839
M73 P80 R42
G1 X118.481 Y199.453 E.80468
G1 X118.481 Y198.931 E.01839
G1 X102.319 Y182.77 E.80468
G1 X102.319 Y182.248 E.01839
G1 X118.481 Y198.409 E.80468
G1 X118.481 Y197.887 E.01839
G1 X102.319 Y181.725 E.80468
G1 X102.319 Y181.203 E.01839
G1 X118.481 Y197.364 E.80468
G1 X118.481 Y196.842 E.01839
G1 X102.319 Y180.681 E.80468
G1 X102.319 Y180.159 E.01839
G1 X118.481 Y196.32 E.80468
G1 X118.481 Y195.798 E.01839
G1 X102.319 Y179.636 E.80468
G1 X102.319 Y179.114 E.01839
G1 X118.481 Y195.275 E.80468
G1 X118.481 Y194.753 E.01839
G1 X102.319 Y178.592 E.80468
G1 X102.319 Y178.07 E.01839
G1 X118.481 Y194.231 E.80468
G1 X118.481 Y193.709 E.01839
G1 X102.319 Y177.547 E.80468
G1 X102.319 Y177.025 E.01839
G1 X118.481 Y193.186 E.80468
G1 X118.481 Y192.664 E.01839
G1 X102.213 Y176.397 E.80997
G1 X102.735 Y176.397 E.01839
G1 X118.481 Y192.142 E.78397
G1 X118.481 Y191.62 E.01839
G1 X103.258 Y176.397 E.75796
G1 X103.78 Y176.397 E.01839
G1 X118.481 Y191.098 E.73196
G1 X118.481 Y190.575 E.01839
G1 X104.302 Y176.397 E.70596
G1 X104.824 Y176.397 E.01839
G1 X118.481 Y190.053 E.67996
G1 X118.481 Y189.581 E.01663
G1 X118.531 Y189.581 E.00176
G1 X105.347 Y176.397 E.65644
G1 X105.869 Y176.397 E.01839
G1 X119.053 Y189.581 E.65644
G1 X119.575 Y189.581 E.01839
G1 X106.391 Y176.397 E.65644
G1 X106.913 Y176.397 E.01839
G1 X120.097 Y189.581 E.65644
G1 X120.619 Y189.581 E.01839
G1 X107.436 Y176.397 E.65644
G1 X107.958 Y176.397 E.01839
G1 X120.503 Y188.942 E.62465
G1 X120.503 Y188.42 E.01839
G1 X108.48 Y176.397 E.59865
G1 X109.002 Y176.397 E.01839
G1 X120.503 Y187.898 E.57264
G1 X120.503 Y187.376 E.01839
G1 X109.524 Y176.397 E.54664
G1 X110.047 Y176.397 E.01839
G1 X120.503 Y186.853 E.52064
G1 X120.503 Y186.331 E.01839
G1 X110.569 Y176.397 E.49464
G1 X111.091 Y176.397 E.01839
G1 X120.503 Y185.809 E.46863
G1 X120.503 Y185.287 E.01839
G1 X111.613 Y176.397 E.44263
G1 X112.136 Y176.397 E.01839
G1 X120.503 Y184.764 E.41663
G1 X120.503 Y184.242 E.01839
G1 X112.658 Y176.397 E.39063
G1 X113.18 Y176.397 E.01839
G1 X120.503 Y183.72 E.36462
G1 X120.503 Y183.198 E.01839
G1 X113.702 Y176.397 E.33862
G1 X114.225 Y176.397 E.01839
G1 X120.503 Y182.675 E.31262
G1 X120.503 Y182.153 E.01839
G1 X114.747 Y176.397 E.28662
G1 X115.269 Y176.397 E.01839
G1 X120.503 Y181.631 E.26061
G1 X120.503 Y181.109 E.01839
G1 X115.791 Y176.397 E.23461
G1 X116.314 Y176.397 E.01839
G1 X120.503 Y180.586 E.20861
G1 X120.503 Y180.064 E.01839
G1 X116.836 Y176.397 E.18261
G1 X117.358 Y176.397 E.01839
G1 X120.503 Y179.542 E.1566
G1 X120.503 Y179.02 E.01839
G1 X117.88 Y176.397 E.1306
G1 X118.403 Y176.397 E.01839
G1 X120.503 Y178.497 E.1046
G1 X120.503 Y177.975 E.01839
G1 X118.925 Y176.397 E.07859
G1 X119.447 Y176.397 E.01839
G1 X120.503 Y177.453 E.05259
G1 X120.503 Y176.931 E.01839
G1 X119.969 Y176.397 E.02659
G1 X120.492 Y176.397 E.01839
G1 X120.669 Y176.574 E.00884
; WIPE_START
G1 X120.492 Y176.397 E-.09544
G1 X119.969 Y176.397 E-.19845
G1 X120.503 Y176.931 E-.28699
G1 X120.503 Y177.402 E-.17912
; WIPE_END
G1 E-.04 F1800
M204 S10000
G1 X116.966 Y176.013 Z48.6 F60000
G1 Z48.2
G1 E.8 F1800
; FEATURE: Other object
; LINE_WIDTH: 0.45
G1 F11292.473
M204 S8000
G1 X118.56 Y176.013 E.06056
G1 X124.466 Y170.108 E.31731
G1 X124.466 Y171.466 E.05159
G1 X123.97 Y171.466 E.01884
G1 X123.97 Y171.939 E.01798
G1 X102.334 Y150.304 E1.16246
G1 X102.334 Y148.71 E.06056
; WIPE_START
G1 X102.334 Y150.304 E-.60571
G1 X102.622 Y150.591 E-.15429
; WIPE_END
G1 E-.04 F1800
M204 S10000
G1 X102.452 Y158.221 Z48.6 F60000
G1 X102.041 Y176.746 Z48.6
G1 Z48.2
G1 E.8 F1800
; FEATURE: Other object
; LINE_WIDTH: 0.420784
G1 F12185.876
M204 S8000
G1 X101.691 Y176.397 E.01742
G1 X101.169 Y176.397 E.01839
G1 X101.353 Y176.581 E.00916
G1 X100.83 Y176.581 E.01839
G1 X100.646 Y176.397 E.00916
G1 X100.124 Y176.397 E.01839
G1 X100.474 Y176.747 E.01742
; CHANGE_LAYER
; Z_HEIGHT: 48.44
; LAYER_HEIGHT: 0.239998
; WIPE_START
G1 F12185.876
G1 X100.124 Y176.397 E-.18797
G1 X100.646 Y176.397 E-.19845
G1 X100.83 Y176.581 E-.09886
G1 X101.353 Y176.581 E-.19845
G1 X101.211 Y176.439 E-.07627
; WIPE_END
G1 E-.04 F1800
; FEATURE: Other object
; stop printing object, unique label id: 1901
M625
; layer num/total_layer_count: 202/258
; update layer progress
M73 L202
M991 S0 P201 ;notify layer change
M106 S109.65
; OBJECT_ID: 1902
; FEATURE: Other object
; start printing object, unique label id: 1902
M624 AgAAAAAAAAA=
M204 S10000
G17
G3 Z48.6 I.481 J1.118 P1  F60000
G1 X209.521 Y129.873 Z48.6
G1 Z48.44
G1 E.8 F1800
; FEATURE: Support
; LINE_WIDTH: 0.62
G1 F7915.629
M204 S8000
G1 X209.406 Y129.691 E.01172
G1 X209.8 Y129.568 E.02234
G1 X209.923 Y128.929 E.03529
G1 X210.039 Y128.939 E.00629
G1 X210.197 Y129.006 E.00932
G1 X210.315 Y129.127 E.00911
G1 X210.399 Y129.325 E.01168
G1 X210.427 Y129.616 E.01584
G1 X210.392 Y129.89 E.01498
G1 X210.509 Y130.143 E.01512
G1 X210.545 Y130.391 E.01356
G1 X210.456 Y130.621 E.01336
G1 X210.287 Y130.825 E.01436
G1 X210.097 Y130.945 E.01219
G1 X209.897 Y130.992 E.01111
G1 X209.695 Y130.975 E.01101
G1 X209.518 Y130.905 E.01033
G1 X209.356 Y130.793 E.01066
G1 X209.229 Y130.669 E.00961
G1 X208.958 Y130.135 E.03246
G1 X208.786 Y129.883 E.01651
G1 X208.723 Y129.724 E.00928
G1 X208.709 Y129.604 E.00654
G1 X208.753 Y129.421 E.0102
G1 X208.916 Y129.245 E.01301
G1 X209.22 Y129.089 E.01854
G1 X209.578 Y128.982 E.02024
G1 X209.838 Y128.926 E.01443
; WIPE_START
G1 X210.039 Y128.939 E-.07648
G1 X210.197 Y129.006 E-.06534
G1 X210.315 Y129.127 E-.06385
G1 X210.399 Y129.325 E-.08188
G1 X210.427 Y129.616 E-.11108
G1 X210.392 Y129.89 E-.10505
G1 X210.509 Y130.143 E-.10601
G1 X210.545 Y130.391 E-.09506
G1 X210.492 Y130.526 E-.05523
; WIPE_END
G1 E-.04 F1800
M204 S10000
G17
G3 Z48.84 I1.211 J-.125 P1  F60000
G1 X209.878 Y124.58 Z48.84
G1 Z48.44
G1 E.8 F1800
G1 F7915.629
M204 S8000
G1 X210.252 Y124.147 E.03099
G1 X210.256 Y123.967 E.00977
G1 X210.31 Y123.874 E.00582
G1 X210.415 Y123.209 E.03651
G1 X210.495 Y123.228 E.00444
G1 X210.702 Y123.368 E.01355
G1 X210.92 Y123.649 E.01928
G1 X211 Y123.821 E.01027
G1 X211.05 Y124.122 E.01655
G1 X211.028 Y124.396 E.01488
G1 X210.946 Y124.599 E.01183
G1 X210.825 Y124.732 E.00978
G1 X210.595 Y124.849 E.01397
G1 X209.995 Y125.325 E.04157
G1 X209.959 Y125.516 E.0105
G1 X209.805 Y125.88 E.02145
G1 X209.63 Y126.096 E.01507
G1 X209.457 Y126.199 E.01091
G1 X209.314 Y126.215 E.0078
G1 X209.142 Y126.17 E.00965
G1 X208.956 Y126.054 E.01185
G1 X208.688 Y125.758 E.02166
G1 X208.641 Y125.675 E.00516
G1 X208.553 Y125.405 E.01542
G1 X208.522 Y125.155 E.01365
G1 X208.575 Y124.894 E.01444
G1 X208.622 Y124.808 E.00531
G1 X208.76 Y124.669 E.01059
G1 X209.112 Y124.517 E.02081
G1 X209.637 Y123.91 E.04349
G1 X209.64 Y123.793 E.00636
G1 X209.816 Y123.491 E.01894
G1 X209.996 Y123.312 E.01378
G1 X210.163 Y123.22 E.0103
G1 X210.332 Y123.193 E.00927
; WIPE_START
G1 X210.495 Y123.228 E-.0635
G1 X210.702 Y123.368 E-.09502
G1 X210.92 Y123.649 E-.13519
G1 X211 Y123.821 E-.07201
G1 X211.05 Y124.122 E-.11604
G1 X211.028 Y124.396 E-.10432
G1 X210.946 Y124.599 E-.08294
G1 X210.825 Y124.732 E-.06855
G1 X210.773 Y124.759 E-.02245
; WIPE_END
G1 E-.04 F1800
M204 S10000
G17
G3 Z48.84 I.924 J-.791 P1  F60000
G1 X208.24 Y121.801 Z48.84
G1 Z48.44
G1 E.8 F1800
G1 F7915.629
M204 S8000
G1 X208.347 Y121.707 E.00768
G1 X208.45 Y121.535 E.01092
G1 X208.547 Y121.448 E.00702
G1 X208.662 Y121.43 E.00633
G1 X208.82 Y120.808 E.03479
G1 X208.925 Y120.82 E.00573
G1 X209.086 Y120.893 E.00957
G1 X209.204 Y121.016 E.00919
G1 X209.276 Y121.195 E.0105
G1 X209.29 Y121.452 E.01395
G1 X209.229 Y121.752 E.0166
G1 X209.186 Y121.853 E.00595
G1 X209.074 Y122.003 E.01014
G1 X208.826 Y122.206 E.01735
G1 X208.778 Y122.304 E.00591
G1 X208.616 Y122.47 E.01256
G1 X208.451 Y122.528 E.00951
G1 X208.324 Y122.551 E.00697
G1 X208.042 Y122.528 E.01532
G1 X207.85 Y122.438 E.01148
G1 X207.705 Y122.299 E.0109
G1 X207.617 Y122.14 E.00985
G1 X207.551 Y121.851 E.01605
G1 X207.567 Y121.661 E.01033
G1 X207.731 Y121.423 E.01565
G1 X207.865 Y121.305 E.00968
G1 X207.967 Y121.136 E.01072
G1 X208.234 Y120.895 E.01952
G1 X208.448 Y120.83 E.0121
G1 X208.736 Y120.798 E.0157
; WIPE_START
G1 X208.925 Y120.82 E-.07257
G1 X209.086 Y120.893 E-.06712
G1 X209.204 Y121.016 E-.06444
G1 X209.276 Y121.195 E-.07363
G1 X209.29 Y121.452 E-.09782
G1 X209.229 Y121.752 E-.11639
G1 X209.186 Y121.853 E-.04171
G1 X209.074 Y122.003 E-.07109
G1 X208.826 Y122.206 E-.12165
G1 X208.787 Y122.286 E-.03359
; WIPE_END
G1 E-.04 F1800
M204 S10000
G17
G3 Z48.84 I1.199 J-.207 P1  F60000
G1 X207.982 Y117.627 Z48.84
G1 Z48.44
G1 E.8 F1800
G1 F7915.629
M204 S8000
G1 X207.926 Y117.413 E.01203
G1 X207.923 Y117.2 E.01151
G1 X208.02 Y117.104 E.00744
G1 X208.151 Y116.494 E.03382
G1 X208.273 Y116.527 E.00682
G1 X208.469 Y116.662 E.01293
G1 X208.639 Y116.889 E.01539
G1 X208.665 Y116.954 E.00377
G1 X208.679 Y117.083 E.00701
G1 X208.657 Y117.24 E.0086
G1 X208.771 Y117.574 E.01915
G1 X208.73 Y117.862 E.01576
G1 X208.62 Y118.123 E.01537
G1 X208.473 Y118.291 E.01209
G1 X208.322 Y118.372 E.00926
G1 X208.143 Y118.394 E.00983
G1 X207.939 Y118.353 E.01124
G1 X207.647 Y118.194 E.01804
G1 X207.512 Y118.068 E.01001
G1 X207.422 Y117.914 E.00968
G1 X207.308 Y117.496 E.02346
G1 X207.313 Y117.004 E.0267
G1 X207.387 Y116.873 E.00813
G1 X207.519 Y116.717 E.01109
G1 X207.685 Y116.574 E.01188
G1 X207.863 Y116.493 E.01059
G1 X208.069 Y116.473 E.01121
; WIPE_START
G1 X208.273 Y116.527 E-.08019
G1 X208.469 Y116.662 E-.09064
G1 X208.639 Y116.889 E-.1079
G1 X208.665 Y116.954 E-.02646
G1 X208.679 Y117.083 E-.04914
G1 X208.657 Y117.24 E-.06027
G1 X208.771 Y117.574 E-.13426
G1 X208.73 Y117.862 E-.11051
G1 X208.627 Y118.106 E-.10063
; WIPE_END
G1 E-.04 F1800
M204 S10000
G17
G3 Z48.84 I1.194 J-.234 P1  F60000
G1 X208.01 Y114.96 Z48.84
G1 Z48.44
G1 E.8 F1800
G1 F7915.629
M204 S8000
G1 X207.89 Y115.108 E.01036
G1 X207.89 Y114.938 E.00922
G1 X207.899 Y114.912 E.00148
G1 X208 Y114.855 E.0063
G1 X208.125 Y114.232 E.03443
G1 X208.213 Y114.252 E.00487
G1 X208.391 Y114.357 E.01122
G1 X208.547 Y114.542 E.0131
G1 X208.649 Y114.798 E.01496
G1 X208.666 Y115.004 E.01122
G1 X208.547 Y115.278 E.01618
G1 X208.362 Y115.524 E.01672
G1 X208.132 Y115.709 E.01598
G1 X207.868 Y115.815 E.01543
G1 X207.615 Y115.831 E.01373
G1 X207.405 Y115.761 E.01199
G1 X207.27 Y115.628 E.01029
G1 X207.27 Y114.835 E.04295
G1 X207.34 Y114.629 E.01178
G1 X207.407 Y114.516 E.00712
G1 X207.641 Y114.336 E.016
G1 X207.838 Y114.249 E.01171
G1 X208.041 Y114.219 E.01108
; WIPE_START
G1 X208.213 Y114.252 E-.06647
G1 X208.391 Y114.357 E-.07867
G1 X208.547 Y114.542 E-.09181
G1 X208.649 Y114.798 E-.10489
G1 X208.666 Y115.004 E-.07869
G1 X208.547 Y115.278 E-.11346
G1 X208.362 Y115.524 E-.1172
G1 X208.139 Y115.704 E-.10882
; WIPE_END
G1 E-.04 F1800
M204 S10000
G17
G3 Z48.84 I-.785 J.93 P1  F60000
G1 X210.637 Y117.811 Z48.84
G1 Z48.44
G1 E.8 F1800
G1 F7915.629
M204 S8000
G1 X210.631 Y117.854 E.00234
G1 X210.552 Y117.797 E.00528
G1 X210.469 Y117.59 E.01206
G1 X210.484 Y117.544 E.00263
G1 X210.52 Y117.516 E.00247
G1 X210.569 Y116.897 E.03363
G1 X210.716 Y116.915 E.00805
G1 X210.947 Y117.03 E.01396
G1 X211.073 Y117.131 E.00877
G1 X211.199 Y117.408 E.01647
G1 X211.21 Y117.496 E.00481
G1 X211.282 Y117.687 E.01109
G1 X211.23 Y118.042 E.01942
G1 X211.112 Y118.317 E.01625
G1 X210.972 Y118.473 E.01137
G1 X210.828 Y118.541 E.00863
G1 X210.658 Y118.548 E.00918
G1 X210.469 Y118.49 E.01074
G1 X210.162 Y118.287 E.01993
G1 X210.02 Y118.136 E.01121
G1 X209.831 Y117.626 E.02948
G1 X209.845 Y117.51 E.00634
G1 X209.924 Y117.258 E.01434
G1 X210.066 Y117.068 E.01284
G1 X210.259 Y116.94 E.01258
G1 X210.484 Y116.887 E.01252
; WIPE_START
G1 X210.716 Y116.915 E-.08884
G1 X210.947 Y117.03 E-.09786
G1 X211.073 Y117.131 E-.06147
G1 X211.199 Y117.408 E-.1155
G1 X211.21 Y117.496 E-.03373
G1 X211.282 Y117.687 E-.07772
G1 X211.23 Y118.042 E-.13614
G1 X211.112 Y118.317 E-.11394
G1 X211.051 Y118.385 E-.0348
; WIPE_END
G1 E-.04 F1800
M204 S10000
G17
G3 Z48.84 I-1.203 J.187 P1  F60000
G1 X226.965 Y220.776 Z48.84
G1 Z48.44
G1 E.8 F1800
G1 F7915.629
M204 S8000
G1 X227.029 Y220.829 E.00451
G1 X227.073 Y220.927 E.00584
G1 X227.08 Y221.091 E.0089
G1 X227.025 Y221.29 E.01121
G1 X226.904 Y221.501 E.01315
G1 X226.833 Y222.218 E.03907
G1 X226.876 Y222.568 E.01911
G1 X226.846 Y222.809 E.01317
G1 X226.773 Y222.961 E.00913
G1 X226.702 Y223.02 E.00503
G1 X226.615 Y223.037 E.00477
G1 X226.458 Y222.966 E.00935
G1 X226.245 Y222.744 E.01668
G1 X226.107 Y222.48 E.01615
G1 X226.038 Y222.259 E.01256
G1 X226.013 Y221.905 E.01925
G1 X226.115 Y221.752 E.00995
G1 X226.093 Y221.518 E.01275
G1 X226.187 Y221.244 E.01567
G1 X226.313 Y221.061 E.0121
G1 X226.592 Y220.831 E.01957
G1 X226.792 Y220.759 E.01152
G1 X226.883 Y220.754 E.00495
; WIPE_START
G1 X227.029 Y220.829 E-.06215
G1 X227.073 Y220.927 E-.04096
G1 X227.08 Y221.091 E-.06241
G1 X227.025 Y221.29 E-.07859
G1 X226.904 Y221.501 E-.09221
G1 X226.833 Y222.218 E-.27389
G1 X226.876 Y222.568 E-.134
G1 X226.871 Y222.609 E-.01579
; WIPE_END
G1 E-.04 F1800
M204 S10000
G17
G3 Z48.84 I.351 J-1.165 P1  F60000
G1 X223.655 Y221.639 Z48.84
G1 Z48.44
G1 E.8 F1800
G1 F7915.629
M204 S8000
G1 X223.773 Y221.679 E.00674
G1 X223.683 Y221.755 E.00638
G1 X223.655 Y221.639 E.00643
G1 X222.858 Y220.62 E.07013
G1 X223.022 Y220.63 E.00888
G1 X223.158 Y220.668 E.00768
G1 X223.454 Y220.795 E.01745
G1 X223.75 Y221.016 E.02001
G1 X224.479 Y221.252 E.04155
G1 X224.631 Y221.317 E.00897
G1 X224.786 Y221.451 E.01109
G1 X224.83 Y221.522 E.00454
G1 X224.849 Y221.619 E.00537
G1 X224.827 Y221.707 E.00489
G1 X224.758 Y221.796 E.00611
G1 X224.636 Y221.874 E.00785
G1 X224.44 Y221.932 E.01107
G1 X223.868 Y222.407 E.0403
G1 X223.682 Y222.748 E.02108
G1 X223.445 Y222.976 E.0178
G1 X223.212 Y223.075 E.01372
G1 X223.081 Y223.058 E.00713
G1 X223.019 Y223.007 E.00432
G1 X222.967 Y222.895 E.0067
G1 X222.954 Y222.71 E.0101
G1 X223.002 Y222.487 E.01237
G1 X223.148 Y222.189 E.01794
G1 X222.957 Y221.381 E.04502
G1 X222.794 Y221.239 E.01175
G1 X222.654 Y221.052 E.01265
G1 X222.581 Y220.874 E.01043
G1 X222.575 Y220.754 E.00648
G1 X222.601 Y220.694 E.00356
G1 X222.667 Y220.644 E.00447
G1 X222.773 Y220.617 E.00594
; COOLING_NODE: 0
; WIPE_START
G1 X223.022 Y220.63 E-.09467
G1 X223.158 Y220.668 E-.05381
G1 X223.454 Y220.795 E-.12234
G1 X223.75 Y221.016 E-.1403
G1 X224.479 Y221.252 E-.29128
G1 X224.619 Y221.311 E-.0576
; WIPE_END
G1 E-.04 F1800
M204 S10000
G17
G3 Z48.84 I.426 J-1.14 P1  F60000
G1 X209.617 Y215.706 Z48.84
G1 Z48.44
G1 E.8 F1800
; FEATURE: Inner wall
; LINE_WIDTH: 0.45
G1 F11292.473
M204 S8000
G1 X209.617 Y217.614 E.0725
G1 X220.717 Y217.614 E.42172
G1 X220.717 Y224.602 E.2655
G1 X220.699 Y224.834 E.00884
G1 X220.652 Y225.039 E.00798
G1 X220.575 Y225.235 E.008
G1 X220.474 Y225.412 E.00776
; object ids of layer 202 start: 1901,1902
M624 AwAAAAAAAAA=
;===== machine: H2C timelapse =====
;======== date: 20260731 ========

; SKIPPABLE_START
; SKIPTYPE: timelapse

M1002 judge_flag timelapse_record_flag
M622 J1
    

    
        
    

    
        M971 S11 C10 O0
        M1004 S5 P1  ; external shutter
    

    
        
    
    
    
M623
; SKIPPABLE_END

; object ids of this layer202 end: 1901,1902
M625
G1 X220.365 Y225.553 E.00673
G1 X220.213 Y225.701 E.00808
G1 X220.042 Y225.824 E.00798
G1 X219.791 Y225.942 E.01054
G1 X219.496 Y225.876 E.01151
G1 X218.69 Y225.648 E.0318
G1 X218.217 Y225.551 E.01835
G1 X217.644 Y225.537 E.02178
G1 X217.043 Y225.773 E.02456
G1 X216.734 Y226.032 E.01528
G1 X216.479 Y226.032 E.00969
G1 X216.187 Y225.563 E.02098
G1 X215.627 Y225.184 E.02568
G1 X215.122 Y224.987 E.02061
G1 X214.639 Y224.881 E.01877
G1 X214.165 Y224.84 E.01807
G1 X213.693 Y224.857 E.01796
G1 X213.215 Y224.933 E.01838
G1 X212.722 Y225.085 E.01961
G1 X212.183 Y225.37 E.02316
G1 X211.737 Y225.853 E.02499
G1 X211.529 Y226.032 E.0104
G1 X211.291 Y226.032 E.00907
G1 X210.964 Y225.471 E.02464
G1 X210.293 Y225.184 E.02771
G1 X209.728 Y225.14 E.02154
G1 X209.22 Y225.217 E.01954
G1 X208.755 Y225.356 E.01844
G1 X207.55 Y225.833 E.04921
G1 X207.007 Y225.993 E.02153
G1 X206.7 Y225.891 E.01227
G1 X206.519 Y225.786 E.00797
G1 X206.36 Y225.66 E.00769
G1 X206.17 Y225.444 E.0109
G1 X206.029 Y225.199 E.01075
G1 X205.95 Y224.975 E.00902
G1 X205.906 Y224.68 E.01133
G1 X205.903 Y212.532 E.46156
G1 X188.717 Y212.532 E.65297
G1 X188.717 Y222.782 E.38942
G1 X186.903 Y222.782 E.06888
G1 X186.903 Y210.718 E.45831
G1 X205.903 Y210.718 E.72186
G1 X205.903 Y175.352 E1.34368
G1 X187.903 Y175.352 E.68387
G1 X187.903 Y150.531 E.94298
G1 X181.993 Y150.531 E.22454
G1 X181.993 Y93.968 E2.14898
G1 X185.006 Y93.968 E.11447
G1 X185.006 Y95.781 E.06888
G1 X183.806 Y95.781 E.04559
G1 X183.806 Y145.718 E1.89724
G1 X205.903 Y145.718 E.83952
G1 X205.903 Y133.068 E.48061
G1 X210.221 Y133.068 E.16402
G1 X210.221 Y150.818 E.67437
G1 X210.717 Y150.818 E.01884
G1 X210.717 Y191.882 E1.56009
G1 X210.221 Y191.882 E.01884
G1 X210.221 Y210.568 E.70997
G1 X210.717 Y210.568 E.01884
G1 X210.717 Y210.718 E.0057
G1 X220.717 Y210.718 E.37993
G1 X220.717 Y215.706 E.18948
G1 X209.677 Y215.706 E.41944
; COOLING_NODE: 0
M204 S250
G1 X210 Y216.089 F60000
; FEATURE: Outer wall
; LINE_WIDTH: 0.42
G1 F3903.251
M204 S5000
G1 X210 Y216.431 E.01199
G1 F3270.395
G1 X210 Y216.831 E.01405
G1 F2600.04
G1 X210 Y217.231 E.01405
G1 F2006.486
G1 X210.041 Y217.231 E.00144
G1 F1950
G1 X221.1 Y217.231 E.38853
G1 F2100
G1 X221.1 Y217.43 E.00699
G1 F2706.344
G1 X221.1 Y217.83 E.01405
G1 F3389.487
G1 X221.1 Y218.23 E.01405
G1 F4149.431
G1 X221.1 Y218.63 E.01405
G1 F4986.175
G1 X221.1 Y219.03 E.01405
G1 F5899.718
G1 X221.1 Y219.43 E.01405
G1 F6890.062
G1 X221.1 Y219.83 E.01405
G1 F7957.206
G1 X221.1 Y220.23 E.01405
G1 F9101.149
G1 X221.1 Y220.63 E.01405
G1 F10321.893
G1 X221.1 Y221.03 E.01405
G1 F11619.437
G1 X221.1 Y221.43 E.01405
G1 F12000
G1 X221.1 Y221.83 E.01405
G1 X221.1 Y224.617 E.09792
G1 X221.079 Y224.892 E.00968
G1 X221.02 Y225.153 E.0094
G1 X220.922 Y225.402 E.00941
G1 X220.793 Y225.626 E.00909
G1 X220.652 Y225.808 E.00808
G1 X220.46 Y225.996 E.00943
G1 X220.243 Y226.152 E.0094
G1 X220.005 Y226.274 E.00941
G1 X219.813 Y226.339 E.0071
G1 X219.401 Y226.248 E.01483
G1 X218.6 Y226.02 E.02928
G1 X218.174 Y225.933 E.01527
G1 X217.712 Y225.922 E.01621
G1 X217.241 Y226.107 E.0178
G1 X216.874 Y226.415 E.01684
G1 X216.266 Y226.415 E.02133
G1 X215.904 Y225.835 E.02402
G1 X215.448 Y225.525 E.01938
G1 X215.011 Y225.355 E.01649
G1 X214.581 Y225.261 E.01544
G1 X214.155 Y225.224 E.01503
G1 X213.73 Y225.239 E.01496
G1 X213.302 Y225.307 E.01521
G1 X212.869 Y225.441 E.01592
G1 X212.42 Y225.678 E.01784
G1 X212.004 Y226.129 E.02157
G1 X211.672 Y226.415 E.01539
G1 X211.07 Y226.415 E.02113
G1 X210.696 Y225.774 E.02608
G1 X210.201 Y225.561 E.01895
G1 X209.742 Y225.526 E.01615
G1 X209.304 Y225.592 E.01558
G1 X208.881 Y225.719 E.01551
G1 X207.679 Y226.194 E.04539
G1 X207.01 Y226.387 E.02447
G1 X206.783 Y226.335 E.00819
G1 X206.533 Y226.237 E.0094
G1 X206.302 Y226.104 E.00939
G1 X206.095 Y225.938 E.0093
G1 X205.858 Y225.669 E.01261
G1 X205.679 Y225.36 E.01256
G1 X205.577 Y225.068 E.01087
G1 X205.522 Y224.709 E.01275
G1 X205.52 Y212.915 E.41435
G1 X189.1 Y212.915 E.57687
G1 X189.1 Y223.165 E.36011
G1 X186.52 Y223.165 E.09064
G1 X186.52 Y210.335 E.45075
G1 X205.52 Y210.335 E.66752
G1 X205.52 Y175.735 E1.21558
G1 X187.52 Y175.735 E.63238
G1 X187.52 Y150.915 E.87199
G1 X181.61 Y150.915 E.20763
G1 X181.61 Y93.585 E2.01414
G1 X185.39 Y93.585 E.1328
G1 X185.39 Y96.165 E.09064
G1 X184.19 Y96.165 E.04216
G1 X184.19 Y145.335 E1.72746
G1 X205.52 Y145.335 E.74937
G1 X205.52 Y132.685 E.44443
G1 X210.604 Y132.685 E.17862
G1 X210.604 Y150.435 E.6236
G1 X211.1 Y150.435 E.01742
G1 X211.1 Y192.265 E1.46959
G1 X210.604 Y192.265 E.01742
G1 X210.604 Y210.185 E.62957
G1 X211.1 Y210.185 E.01742
G1 X211.1 Y210.335 E.00527
G1 X221.1 Y210.335 E.35132
G1 X221.1 Y211.49 E.04059
G1 X221.1 Y211.89 E.01405
G1 F11619.437
G1 X221.1 Y212.29 E.01405
G1 F10321.893
G1 X221.1 Y212.69 E.01405
G1 F9101.149
G1 X221.1 Y213.09 E.01405
G1 F7957.206
G1 X221.1 Y213.49 E.01405
G1 F6890.062
G1 X221.1 Y213.89 E.01405
G1 F5899.718
G1 X221.1 Y214.29 E.01405
G1 F4986.175
G1 X221.1 Y214.69 E.01405
G1 F4149.431
G1 X221.1 Y215.09 E.01405
G1 F3389.487
G1 X221.1 Y215.49 E.01405
G1 F2706.344
G1 X221.1 Y215.89 E.01405
G1 F2100
G1 X221.1 Y216.089 E.00699
G1 F1950
G1 X210.06 Y216.089 E.38786
M204 S10000
G1 X209.647 Y215.257 F60000
; FEATURE: Floating vertical shell
; LINE_WIDTH: 0.551544
G1 F8999.281
M204 S8000
G1 X220.207 Y215.257 E.50344
; WIPE_START
G1 X218.207 Y215.257 E-.76
; WIPE_END
G1 E-.04 F1800
M204 S10000
G17
G3 Z48.84 I-.379 J-1.156 P1  F60000
G1 X209.647 Y218.063 Z48.84
G1 Z48.44
G1 E.8 F1800
; LINE_WIDTH: 0.551564
G1 F8998.921
M204 S8000
G1 X220.207 Y218.063 E.50346
; WIPE_START
G1 X218.207 Y218.063 E-.76
; WIPE_END
G1 E-.04 F1800
M204 S10000
G17
G3 Z48.84 I1.015 J-.672 P1  F60000
G1 X209.88 Y205.48 Z48.84
G1 Z48.44
G1 E.8 F1800
; FEATURE: Sparse infill
; LINE_WIDTH: 0.45
G1 F11292.473
M204 S8000
G1 X209.88 Y207.074 E.06056
G1 X206.244 Y210.709 E.19532
G1 X206.244 Y211.059 E.01331
G1 X205.894 Y211.059 E.01331
G1 X204.763 Y212.191 E.06077
G1 X203.947 Y212.191 E.03101
G1 X202.816 Y211.059 E.06077
G1 X198.38 Y211.059 E.16852
G1 X197.249 Y212.191 E.06077
G1 X196.433 Y212.191 E.03101
G1 X195.302 Y211.059 E.06077
G1 X190.866 Y211.059 E.16852
G1 X189.735 Y212.191 E.06077
G1 X188.919 Y212.191 E.03101
G1 X187.788 Y211.059 E.06077
G1 X187.244 Y211.059 E.02064
G1 X187.244 Y212.11 E.03992
; WIPE_START
G1 X187.244 Y211.059 E-.39931
G1 X187.788 Y211.059 E-.2064
G1 X188.075 Y211.347 E-.15429
; WIPE_END
G1 E-.04 F1800
M204 S10000
G1 X188.376 Y215.144 Z48.84 F60000
G1 Z48.44
G1 E.8 F1800
G1 F11292.473
M204 S8000
G1 X188.376 Y213.55 E.06056
G1 X187.244 Y214.681 E.06077
G1 X187.244 Y218.03 E.12725
G1 X188.376 Y219.162 E.06077
G1 X188.376 Y221.064 E.07228
G1 X187.244 Y222.195 E.06077
G1 X187.244 Y220.601 E.06056
; WIPE_START
G1 X187.244 Y222.195 E-.60572
G1 X187.532 Y221.908 E-.15429
; WIPE_END
G1 E-.04 F1800
M204 S10000
G1 X191.425 Y215.343 Z48.84 F60000
G1 X206.244 Y190.352 Z48.84
G1 Z48.44
G1 E.8 F1800
G1 F11292.473
M204 S8000
G1 X206.244 Y191.946 E.06056
G1 X209.88 Y195.581 E.19532
G1 X209.88 Y192.046 E.13432
G1 X206.244 Y195.681 E.19532
G1 X206.244 Y199.46 E.14357
G1 X209.88 Y203.095 E.19532
G1 X209.88 Y199.56 E.13432
G1 X206.244 Y203.195 E.19532
G1 X206.244 Y206.974 E.14357
G1 X209.88 Y210.609 E.19532
G1 X209.88 Y210.909 E.0114
G1 X210.18 Y210.909 E.0114
G1 X214.078 Y214.807 E.20944
G1 X217.174 Y214.807 E.11765
G1 X220.376 Y211.606 E.17199
G1 X220.376 Y213.591 E.07541
G1 X217.844 Y211.059 E.13602
G1 X213.408 Y211.059 E.16852
G1 X209.66 Y214.807 E.20138
G1 X209.434 Y214.807 E.00861
G1 X209.198 Y215.043 E.01267
G1 X209.198 Y215.27 E.00861
G1 X206.246 Y218.222 E.15864
G1 X206.245 Y214.488 E.14186
G1 X209.276 Y217.519 E.16285
G1 X209.276 Y217.637 E.00449
G1 X209.198 Y217.715 E.00416
G1 X209.198 Y218.277 E.02135
G1 X209.434 Y218.513 E.01267
G1 X210.269 Y218.513 E.03173
G1 X217.129 Y225.373 E.3686
G1 X216.866 Y225.476 E.01073
G1 X216.648 Y225.659 E.0108
G1 X216.438 Y225.321 E.01511
G1 X215.787 Y224.88 E.02989
G1 X215.221 Y224.659 E.02309
G1 X214.905 Y224.591 E.01226
G1 X220.376 Y219.12 E.29391
G1 X220.376 Y221.105 E.07541
G1 X217.783 Y218.513 E.1393
G1 X213.469 Y218.513 E.16389
G1 X206.584 Y225.398 E.36994
G1 X206.711 Y225.503 E.00627
G1 X206.841 Y225.578 E.00569
G1 X207.013 Y225.635 E.00689
G1 X207.44 Y225.51 E.01689
G1 X208.643 Y225.034 E.04917
G1 X209.13 Y224.888 E.01932
G1 X206.246 Y222.004 E.15493
G1 X206.246 Y220.41 E.06056
; WIPE_START
G1 X206.246 Y222.004 E-.60572
G1 X206.533 Y222.291 E-.15428
; WIPE_END
G1 E-.04 F1800
M204 S10000
G1 X207.359 Y214.704 Z48.84 F60000
G1 X210.376 Y186.969 Z48.84
G1 Z48.44
G1 E.8 F1800
G1 F11292.473
M204 S8000
G1 X210.376 Y188.563 E.06056
G1 X206.244 Y184.432 E.22196
G1 X206.244 Y188.167 E.14191
G1 X210.376 Y184.036 E.22196
G1 X210.376 Y181.049 E.11349
G1 X206.244 Y176.918 E.22196
G1 X206.244 Y180.653 E.14191
G1 X210.376 Y176.522 E.22196
G1 X210.376 Y173.535 E.11349
G1 X188.244 Y151.404 E1.1891
G1 X188.244 Y153.568 E.08224
G1 X195.753 Y146.059 E.40345
G1 X197.929 Y146.059 E.08264
G1 X210.376 Y158.506 E.66878
G1 X210.376 Y161.494 E.11349
G1 X196.859 Y175.011 E.72627
G1 X196.823 Y175.011 E.00134
G1 X188.244 Y166.432 E.46094
G1 X188.244 Y168.596 E.08224
G1 X209.88 Y146.961 E1.16246
G1 X209.88 Y150.497 E.13432
G1 X205.443 Y146.059 E.23841
G1 X203.267 Y146.059 E.08264
G1 X188.244 Y161.082 E.80718
G1 X188.244 Y158.918 E.08224
G1 X204.337 Y175.011 E.86467
G1 X204.373 Y175.011 E.00134
G1 X210.376 Y169.008 E.32254
G1 X210.376 Y166.021 E.11349
G1 X190.414 Y146.059 E1.07251
G1 X188.239 Y146.059 E.08264
G1 X184.108 Y150.191 E.22196
G1 X187.031 Y150.191 E.11107
G1 X182.334 Y145.494 E.25237
G1 X182.334 Y144.45 E.03964
G1 X183.466 Y143.319 E.06077
G1 X183.466 Y139.111 E.15989
G1 X182.334 Y137.979 E.06077
G1 X182.334 Y136.936 E.03964
G1 X183.466 Y135.805 E.06077
G1 X183.466 Y131.596 E.15989
G1 X182.334 Y130.465 E.06077
G1 X182.334 Y129.422 E.03964
G1 X183.466 Y128.291 E.06077
G1 X183.466 Y124.082 E.15989
G1 X182.334 Y122.951 E.06077
G1 X182.334 Y121.908 E.03964
G1 X183.466 Y120.777 E.06077
G1 X183.466 Y116.568 E.15989
G1 X182.334 Y115.437 E.06077
G1 X182.334 Y114.394 E.03964
G1 X183.466 Y113.263 E.06077
G1 X183.466 Y109.054 E.15989
G1 X182.334 Y107.923 E.06077
G1 X182.334 Y106.88 E.03964
G1 X183.466 Y105.748 E.06077
G1 X183.466 Y101.54 E.15989
G1 X182.334 Y100.409 E.06077
G1 X182.334 Y99.365 E.03964
G1 X183.466 Y98.234 E.06077
G1 X183.466 Y95.441 E.10615
G1 X184.666 Y95.441 E.04559
G1 X184.666 Y95.226 E.00815
G1 X183.749 Y94.309 E.04924
G1 X182.334 Y94.309 E.05374
G1 X182.334 Y94.489 E.00682
; WIPE_START
G1 X182.334 Y94.309 E-.06817
G1 X183.749 Y94.309 E-.53754
G1 X184.036 Y94.597 E-.15429
; WIPE_END
G1 E-.04 F1800
M204 S10000
G1 X188.004 Y101.116 Z48.84 F60000
G1 X209.88 Y137.062 Z48.84
G1 Z48.44
G1 E.8 F1800
G1 F11292.473
M204 S8000
G1 X209.88 Y135.468 E.06056
G1 X207.821 Y133.409 E.11063
G1 X208.403 Y133.409 E.02213
G1 X206.244 Y135.568 E.11599
G1 X206.244 Y139.347 E.14357
G1 X209.88 Y142.982 E.19532
G1 X209.88 Y139.447 E.13432
G1 X206.244 Y143.082 E.19532
G1 X206.244 Y144.676 E.06056
; WIPE_START
G1 X206.244 Y143.082 E-.60572
G1 X206.532 Y142.795 E-.15428
; WIPE_END
G1 E-.04 F1800
M204 S10000
G1 X202.516 Y149.286 Z48.84 F60000
G1 X188.244 Y172.352 Z48.84
G1 Z48.44
G1 E.8 F1800
G1 F11292.473
M204 S8000
G1 X188.244 Y173.946 E.06056
G1 X189.309 Y175.011 E.05721
G1 X189.344 Y175.011 E.00134
G1 X210.376 Y153.979 E1.13
G1 X210.376 Y155.573 E.06056
; OBJECT_ID: 1901
; WIPE_START
G1 X210.376 Y153.979 E-.60572
G1 X210.088 Y154.267 E-.15429
; WIPE_END
G1 E-.04 F1800
; FEATURE: Other object
; stop printing object, unique label id: 1902
M625
; FEATURE: Other object
; start printing object, unique label id: 1901
M624 AQAAAAAAAAA=
M204 S10000
G1 X204.103 Y149.531 Z48.84 F60000
G1 X141.055 Y99.651 Z48.84
G1 Z48.44
G1 E.8 F1800
; FEATURE: Other object
; LINE_WIDTH: 0.62
G1 F7915.629
M204 S8000
G1 X141.119 Y99.704 E.00451
G1 X141.163 Y99.802 E.00584
G1 X141.169 Y99.966 E.0089
G1 X141.115 Y100.165 E.01121
G1 X140.994 Y100.376 E.01315
G1 X140.923 Y101.093 E.03907
G1 X140.966 Y101.443 E.01911
G1 X140.935 Y101.684 E.01318
G1 X140.862 Y101.836 E.00913
G1 X140.791 Y101.895 E.00504
G1 X140.704 Y101.912 E.00477
G1 X140.547 Y101.841 E.00934
G1 X140.334 Y101.619 E.01667
G1 X140.196 Y101.355 E.01615
G1 X140.127 Y101.135 E.01252
G1 X140.102 Y100.78 E.0193
G1 X140.204 Y100.627 E.00997
G1 X140.183 Y100.393 E.01271
G1 X140.276 Y100.119 E.01567
G1 X140.403 Y99.936 E.01211
G1 X140.682 Y99.706 E.01957
G1 X140.882 Y99.634 E.01151
G1 X140.973 Y99.629 E.00496
; WIPE_START
G1 X141.119 Y99.704 E-.06216
G1 X141.163 Y99.802 E-.04093
G1 X141.169 Y99.966 E-.06239
G1 X141.115 Y100.165 E-.07856
G1 X140.994 Y100.376 E-.09217
G1 X140.923 Y101.093 E-.27389
G1 X140.966 Y101.443 E-.134
G1 X140.96 Y101.484 E-.0159
; WIPE_END
G1 E-.04 F1800
M204 S10000
G17
G3 Z48.84 I.352 J-1.165 P1  F60000
G1 X137.745 Y100.514 Z48.84
G1 Z48.44
G1 E.8 F1800
G1 F7915.629
M204 S8000
G1 X137.863 Y100.554 E.00675
G1 X137.773 Y100.63 E.00638
G1 X137.745 Y100.514 E.00644
G1 X136.947 Y99.495 E.07015
G1 X137.111 Y99.505 E.0089
G1 X137.248 Y99.543 E.00767
G1 X137.544 Y99.67 E.01748
G1 X137.839 Y99.891 E.01998
G1 X138.569 Y100.127 E.04156
G1 X138.721 Y100.191 E.00897
G1 X138.876 Y100.326 E.01109
G1 X138.92 Y100.397 E.00453
G1 X138.939 Y100.494 E.00537
G1 X138.916 Y100.581 E.00489
G1 X138.847 Y100.67 E.00611
G1 X138.726 Y100.749 E.00785
G1 X138.529 Y100.806 E.01108
G1 X137.958 Y101.282 E.0403
G1 X137.772 Y101.623 E.02106
G1 X137.535 Y101.851 E.0178
G1 X137.302 Y101.95 E.01372
G1 X137.172 Y101.933 E.00713
G1 X137.11 Y101.882 E.00432
G1 X137.057 Y101.771 E.0067
G1 X137.044 Y101.585 E.0101
G1 X137.093 Y101.362 E.01237
G1 X137.239 Y101.064 E.01797
G1 X137.047 Y100.256 E.04502
G1 X136.883 Y100.113 E.01176
G1 X136.743 Y99.927 E.01266
G1 X136.67 Y99.749 E.01043
G1 X136.664 Y99.629 E.00648
G1 X136.691 Y99.569 E.00356
G1 X136.756 Y99.519 E.00447
G1 X136.862 Y99.492 E.00594
; WIPE_START
G1 X137.111 Y99.505 E-.0948
G1 X137.248 Y99.543 E-.05378
G1 X137.544 Y99.67 E-.12254
G1 X137.839 Y99.891 E-.14006
G1 X138.569 Y100.127 E-.29138
G1 X138.708 Y100.186 E-.05744
; WIPE_END
G1 E-.04 F1800
M204 S10000
G17
G3 Z48.84 I-1.09 J-.542 P1  F60000
G1 X98.751 Y180.59 Z48.84
G1 Z48.44
G1 E.8 F1800
G1 F7915.629
M204 S8000
G1 X98.789 Y180.452 E.00773
G1 X98.867 Y180.334 E.00765
G1 X98.981 Y180.239 E.00808
G1 X99.118 Y180.177 E.00813
G1 X99.259 Y180.158 E.00772
G1 X99.348 Y179.544 E.03361
G1 X99.551 Y179.575 E.01114
G1 X99.843 Y179.712 E.01742
G1 X100.049 Y179.911 E.01555
G1 X100.181 Y180.163 E.01544
G1 X100.227 Y180.448 E.01563
G1 X100.18 Y180.746 E.01633
G1 X100.041 Y181.032 E.01724
G1 X99.819 Y181.276 E.01791
G1 X99.534 Y181.454 E.01818
G1 X99.219 Y181.548 E.01783
G1 X98.905 Y181.547 E.01698
G1 X98.621 Y181.457 E.01616
G1 X98.387 Y181.29 E.01559
G1 X98.22 Y181.058 E.01549
G1 X98.131 Y180.782 E.01573
G1 X98.131 Y180.481 E.01629
G1 X98.223 Y180.184 E.01685
G1 X98.4 Y179.917 E.01733
G1 X98.649 Y179.708 E.01763
G1 X98.946 Y179.575 E.01764
G1 X99.264 Y179.532 E.01741
; WIPE_START
G1 X99.551 Y179.575 E-.11053
G1 X99.843 Y179.712 E-.12217
G1 X100.049 Y179.911 E-.10903
G1 X100.181 Y180.163 E-.10827
G1 X100.227 Y180.448 E-.10958
G1 X100.18 Y180.746 E-.11448
G1 X100.081 Y180.949 E-.08595
; WIPE_END
G1 E-.04 F1800
M204 S10000
G17
G3 Z48.84 I-1.104 J-.513 P1  F60000
G1 X98.664 Y183.998 Z48.84
G1 Z48.44
G1 E.8 F1800
G1 F7915.629
M204 S8000
G1 X98.606 Y183.838 E.00918
G1 X98.603 Y183.713 E.00682
G1 X98.634 Y183.607 E.00596
G1 X98.687 Y183.529 E.00511
G1 X98.754 Y183.478 E.00457
G1 X98.841 Y183.451 E.00492
G1 X98.832 Y182.83 E.03362
G1 X99.045 Y182.834 E.01153
G1 X99.36 Y182.937 E.01795
G1 X99.636 Y183.124 E.01805
G1 X99.855 Y183.375 E.01805
G1 X99.992 Y183.665 E.01738
G1 X100.038 Y183.97 E.01674
G1 X99.993 Y184.262 E.01599
G1 X99.863 Y184.518 E.0156
G1 X99.66 Y184.721 E.01555
G1 X99.4 Y184.854 E.01585
G1 X99.104 Y184.903 E.01626
G1 X98.797 Y184.861 E.01677
G1 X98.508 Y184.73 E.01716
G1 X98.266 Y184.52 E.0174
G1 X98.088 Y184.249 E.01756
G1 X97.989 Y183.944 E.01742
G1 X97.981 Y183.632 E.01689
G1 X98.066 Y183.34 E.01649
G1 X98.232 Y183.095 E.01603
G1 X98.465 Y182.92 E.01579
G1 X98.747 Y182.829 E.01606
; WIPE_START
G1 X99.045 Y182.834 E-.11327
G1 X99.36 Y182.937 E-.12584
G1 X99.636 Y183.124 E-.12654
G1 X99.855 Y183.375 E-.12653
G1 X99.992 Y183.665 E-.12188
G1 X100.038 Y183.97 E-.11734
G1 X100.026 Y184.044 E-.02859
; WIPE_END
G1 E-.04 F1800
M204 S10000
G17
G3 Z48.84 I-1.173 J-.325 P1  F60000
G1 X98.334 Y190.143 Z48.84
G1 Z48.44
G1 E.8 F1800
G1 F7915.629
M204 S8000
G1 X98.416 Y189.955 E.01112
G1 X98.541 Y189.798 E.01091
G1 X98.687 Y189.689 E.00985
G1 X98.835 Y189.633 E.0086
G1 X98.97 Y189.622 E.00736
G1 X99.096 Y189.014 E.03361
G1 X99.31 Y189.062 E.01189
G1 X99.572 Y189.212 E.01639
G1 X99.783 Y189.442 E.01688
G1 X99.926 Y189.742 E.01802
G1 X99.987 Y190.1 E.01967
G1 X99.972 Y190.281 E.00988
G1 X100.132 Y190.597 E.01918
G1 X100.178 Y190.884 E.01577
G1 X100.132 Y191.166 E.01549
G1 X99.999 Y191.422 E.01561
G1 X99.786 Y191.63 E.01613
G1 X99.51 Y191.772 E.01684
G1 X99.194 Y191.832 E.01743
G1 X98.869 Y191.803 E.01769
G1 X98.568 Y191.687 E.0175
G1 X98.137 Y191.429 E.02724
G1 X97.911 Y191.187 E.01795
G1 X97.752 Y190.878 E.0188
G1 X97.683 Y190.568 E.01722
G1 X97.676 Y190.296 E.01475
G1 X97.73 Y189.976 E.01759
G1 X97.88 Y189.633 E.0203
G1 X98.106 Y189.349 E.01969
G1 X98.386 Y189.14 E.0189
G1 X98.697 Y189.022 E.01805
G1 X99.013 Y188.996 E.01716
; WIPE_START
G1 X99.31 Y189.062 E-.11576
G1 X99.572 Y189.212 E-.11488
G1 X99.783 Y189.442 E-.11836
G1 X99.926 Y189.742 E-.12637
G1 X99.987 Y190.1 E-.13793
G1 X99.972 Y190.281 E-.0693
G1 X100.064 Y190.463 E-.0774
; WIPE_END
G1 E-.04 F1800
M204 S10000
G17
G3 Z48.84 I-1.195 J-.228 P1  F60000
G1 X98.924 Y196.446 Z48.84
G1 Z48.44
G1 E.8 F1800
G1 F7915.629
M204 S8000
G1 X98.951 Y196.358 E.005
G1 X98.868 Y196.103 E.01448
G1 X98.868 Y196 E.00561
G1 X98.905 Y195.884 E.00661
G1 X98.984 Y195.766 E.00769
G1 X99.105 Y195.666 E.00848
G1 X99.251 Y195.601 E.0087
G1 X99.406 Y195.579 E.00846
G1 X99.49 Y194.965 E.0336
G1 X99.722 Y194.997 E.01269
G1 X99.999 Y195.127 E.01657
G1 X100.212 Y195.325 E.01574
G1 X100.346 Y195.574 E.01533
G1 X100.392 Y195.857 E.01552
G1 X100.345 Y196.153 E.01629
G1 X100.202 Y196.44 E.01735
G1 X100.067 Y196.587 E.0108
G1 X99.921 Y197.387 E.04407
G1 X100.127 Y197.794 E.02476
G1 X100.175 Y198.086 E.01603
G1 X100.128 Y198.367 E.01543
G1 X99.994 Y198.618 E.01539
G1 X99.823 Y198.778 E.01271
G1 X99.732 Y198.983 E.01215
G1 X99.51 Y199.254 E.019
G1 X99.244 Y199.434 E.01738
G1 X98.954 Y199.52 E.0164
G1 X98.658 Y199.512 E.01605
G1 X98.341 Y199.395 E.0183
G1 X98.099 Y199.218 E.01626
G1 X97.882 Y198.944 E.01895
G1 X97.736 Y198.604 E.02005
G1 X97.676 Y198.22 E.02104
G1 X97.704 Y197.863 E.01941
G1 X97.728 Y197.751 E.00623
G1 X97.82 Y197.52 E.01346
G1 X97.994 Y197.199 E.01982
G1 X98.07 Y197.118 E.006
G1 X98.301 Y196.363 E.0428
G1 X98.248 Y196.201 E.0092
G1 X98.248 Y195.905 E.01606
G1 X98.341 Y195.611 E.0167
G1 X98.52 Y195.345 E.01739
G1 X98.774 Y195.134 E.0179
G1 X99.078 Y194.999 E.01805
G1 X99.406 Y194.953 E.01792
; WIPE_START
G1 X99.722 Y194.997 E-.12138
G1 X99.999 Y195.127 E-.11616
G1 X100.212 Y195.325 E-.11037
G1 X100.346 Y195.574 E-.10749
G1 X100.392 Y195.857 E-.10882
G1 X100.345 Y196.153 E-.11418
G1 X100.249 Y196.345 E-.0816
; WIPE_END
G1 E-.04 F1800
M204 S10000
G17
G3 Z48.84 I-1.2 J-.202 P1  F60000
G1 X98.748 Y205.259 Z48.84
G1 Z48.44
G1 E.8 F1800
G1 F7915.629
M204 S8000
G1 X98.787 Y205.117 E.00794
G1 X98.866 Y204.998 E.00775
G1 X98.98 Y204.902 E.00809
G1 X99.109 Y204.843 E.00772
G1 X99.247 Y204.824 E.00753
G1 X99.339 Y204.211 E.03361
G1 X99.555 Y204.245 E.01189
G1 X99.824 Y204.379 E.01623
G1 X100.029 Y204.581 E.01564
G1 X100.16 Y204.835 E.0155
G1 X100.206 Y205.122 E.01573
G1 X100.159 Y205.42 E.01636
G1 X100.022 Y205.705 E.01714
G1 X99.803 Y205.949 E.01775
G1 X99.522 Y206.126 E.01798
G1 X99.21 Y206.219 E.01767
G1 X98.899 Y206.219 E.01686
G1 X98.616 Y206.131 E.01605
G1 X98.384 Y205.964 E.01552
G1 X98.217 Y205.732 E.0155
G1 X98.128 Y205.453 E.01584
G1 X98.128 Y205.15 E.01643
G1 X98.22 Y204.85 E.01699
G1 X98.397 Y204.582 E.01742
G1 X98.645 Y204.372 E.01762
G1 X98.939 Y204.24 E.01745
G1 X99.254 Y204.198 E.01726
; WIPE_START
G1 X99.555 Y204.245 E-.11579
G1 X99.824 Y204.379 E-.11379
G1 X100.029 Y204.581 E-.10966
G1 X100.16 Y204.835 E-.10869
G1 X100.206 Y205.122 E-.11029
G1 X100.159 Y205.42 E-.11471
G1 X100.06 Y205.627 E-.08706
; WIPE_END
G1 E-.04 F1800
M204 S10000
G17
G3 Z48.84 I-1.112 J-.495 P1  F60000
G1 X98.89 Y208.255 Z48.84
G1 Z48.44
G1 E.8 F1800
G1 F7915.629
M204 S8000
G1 X98.861 Y208.162 E.00531
G1 X98.861 Y208.059 E.00558
G1 X98.889 Y207.973 E.00488
G1 X98.938 Y207.907 E.00448
G1 X99.016 Y207.852 E.00517
G1 X99.127 Y207.817 E.00629
G1 X99.268 Y207.816 E.00768
G1 X99.433 Y207.219 E.0336
G1 X99.671 Y207.285 E.0134
G1 X99.957 Y207.459 E.01816
G1 X100.181 Y207.699 E.01773
G1 X100.32 Y207.978 E.01693
G1 X100.367 Y208.271 E.01607
G1 X100.321 Y208.553 E.01552
G1 X100.188 Y208.805 E.01545
G1 X99.976 Y209.008 E.01586
G1 X99.702 Y209.141 E.01651
G1 X99.389 Y209.191 E.01719
G1 X99.066 Y209.149 E.01769
G1 X98.764 Y209.018 E.01782
G1 X98.512 Y208.811 E.01768
G1 X98.333 Y208.548 E.01725
G1 X98.241 Y208.256 E.01657
G1 X98.241 Y207.96 E.01606
G1 X98.33 Y207.686 E.0156
G1 X98.499 Y207.457 E.01544
G1 X98.738 Y207.289 E.01583
G1 X99.03 Y207.198 E.01654
G1 X99.351 Y207.196 E.01742
; WIPE_START
G1 X99.671 Y207.285 E-.12635
G1 X99.957 Y207.459 E-.12734
G1 X100.181 Y207.699 E-.12427
G1 X100.32 Y207.978 E-.11867
G1 X100.367 Y208.271 E-.11265
G1 X100.321 Y208.553 E-.10878
G1 X100.269 Y208.651 E-.04195
; WIPE_END
G1 E-.04 F1800
M204 S10000
G17
G3 Z48.84 I-1.073 J-.574 P1  F60000
G1 X98.697 Y211.59 Z48.84
G1 Z48.44
G1 E.8 F1800
G1 F7915.629
M204 S8000
G1 X98.63 Y211.419 E.00995
G1 X98.627 Y211.297 E.00664
G1 X98.657 Y211.195 E.00574
G1 X98.709 Y211.12 E.00494
G1 X98.776 Y211.071 E.00454
G1 X98.866 Y211.043 E.00508
G1 X98.863 Y210.422 E.03362
G1 X99.086 Y210.428 E.01212
G1 X99.399 Y210.534 E.01788
G1 X99.681 Y210.723 E.01843
G1 X99.904 Y210.976 E.01828
G1 X100.043 Y211.27 E.01761
G1 X100.09 Y211.575 E.01674
G1 X100.045 Y211.866 E.01593
G1 X99.914 Y212.119 E.01545
G1 X99.709 Y212.319 E.01554
G1 X99.444 Y212.449 E.01596
G1 X99.143 Y212.494 E.01652
G1 X98.832 Y212.449 E.01705
G1 X98.539 Y212.314 E.01745
G1 X98.293 Y212.101 E.01765
G1 X98.112 Y211.83 E.01769
G1 X98.012 Y211.525 E.01738
G1 X98.005 Y211.215 E.01683
G1 X98.09 Y210.925 E.01638
G1 X98.258 Y210.683 E.01595
G1 X98.492 Y210.51 E.0158
G1 X98.777 Y210.421 E.01619
; WIPE_START
G1 X99.086 Y210.428 E-.11737
G1 X99.399 Y210.534 E-.12535
G1 X99.681 Y210.723 E-.12923
G1 X99.904 Y210.976 E-.12817
G1 X100.043 Y211.27 E-.12346
G1 X100.09 Y211.575 E-.11737
G1 X100.082 Y211.625 E-.01905
; WIPE_END
G1 E-.04 F1800
M204 S10000
G17
G3 Z48.84 I-1.197 J.219 P1  F60000
G1 X101.309 Y218.328 Z48.84
G1 Z48.44
G1 E.8 F1800
G1 F7915.629
M204 S8000
G1 X101.176 Y218.114 E.01365
G1 X101.092 Y217.873 E.01383
G1 X101.071 Y217.649 E.0122
G1 X101.103 Y217.457 E.01055
G1 X101.169 Y217.313 E.00861
G1 X101.253 Y217.218 E.00685
G1 X101.345 Y217.163 E.00585
G1 X101.451 Y217.138 E.00587
G1 X101.489 Y216.519 E.03361
G1 X101.716 Y216.537 E.01236
G1 X102.033 Y216.662 E.01843
G1 X102.327 Y216.887 E.02005
G1 X102.6 Y217.239 E.02414
G1 X102.689 Y217.31 E.0062
G1 X102.898 Y217.682 E.02309
G1 X103.208 Y217.898 E.02049
G1 X103.429 Y218.164 E.01874
G1 X103.563 Y218.468 E.01803
G1 X103.606 Y218.785 E.01734
G1 X103.557 Y219.091 E.01683
G1 X103.421 Y219.367 E.01667
G1 X103.207 Y219.595 E.01693
G1 X102.927 Y219.758 E.01756
G1 X102.631 Y219.834 E.01655
G1 X102.489 Y219.985 E.01125
G1 X102.088 Y220.574 E.03863
G1 X102.008 Y221.045 E.02589
G1 X101.839 Y221.41 E.0218
G1 X101.593 Y221.705 E.02085
G1 X101.289 Y221.921 E.02016
G1 X100.96 Y222.042 E.01905
G1 X100.629 Y222.066 E.01797
G1 X100.321 Y221.998 E.01709
G1 X100.056 Y221.847 E.01651
G1 X99.848 Y221.623 E.01657
G1 X99.711 Y221.34 E.01709
G1 X99.657 Y221.013 E.01793
G1 X99.695 Y220.666 E.01895
G1 X99.828 Y220.325 E.01984
G1 X100.05 Y220.017 E.02057
G1 X100.26 Y219.838 E.01495
G1 X100.421 Y219.731 E.01048
G1 X100.662 Y219.634 E.01408
G1 X100.836 Y218.741 E.04936
G1 X100.613 Y218.384 E.02281
G1 X100.481 Y218.006 E.0217
G1 X100.446 Y217.627 E.02062
G1 X100.504 Y217.273 E.01942
G1 X100.645 Y216.97 E.0181
G1 X100.852 Y216.736 E.01695
G1 X101.11 Y216.581 E.01631
G1 X101.404 Y216.512 E.01639
; WIPE_START
G1 X101.716 Y216.537 E-.11906
G1 X102.033 Y216.662 E-.12922
G1 X102.327 Y216.887 E-.14059
G1 X102.6 Y217.239 E-.16925
G1 X102.689 Y217.31 E-.04346
G1 X102.893 Y217.674 E-.15843
; WIPE_END
G1 E-.04 F1800
M204 S10000
G17
G3 Z48.84 I.77 J.943 P1  F60000
G1 X105.74 Y215.349 Z48.84
G1 Z48.44
G1 E.8 F1800
G1 F7915.629
M204 S8000
G1 X105.738 Y215.08 E.01457
G1 X105.764 Y215.001 E.0045
G1 X105.854 Y214.921 E.00655
G1 X106.001 Y214.903 E.00803
G1 X105.997 Y214.283 E.0336
G1 X106.168 Y214.282 E.0093
G1 X106.348 Y214.315 E.00989
G1 X106.618 Y214.454 E.0165
G1 X106.695 Y214.518 E.0054
G1 X106.916 Y214.782 E.01867
G1 X107.053 Y215.087 E.01813
G1 X107.1 Y215.416 E.01798
G1 X107.053 Y215.731 E.01726
G1 X106.923 Y216.004 E.01638
G1 X106.724 Y216.212 E.01562
G1 X106.471 Y216.346 E.01551
G1 X106.186 Y216.395 E.01567
G1 X105.892 Y216.353 E.01613
G1 X105.614 Y216.221 E.01668
G1 X105.409 Y216.038 E.01487
G1 X105.205 Y215.732 E.01995
G1 X105.117 Y215.426 E.01723
G1 X105.118 Y214.98 E.02418
G1 X105.209 Y214.705 E.01567
G1 X105.379 Y214.487 E.01503
G1 X105.617 Y214.337 E.01524
G1 X105.912 Y214.275 E.01633
; WIPE_START
G1 X106.168 Y214.282 E-.0975
G1 X106.348 Y214.315 E-.06937
G1 X106.618 Y214.454 E-.11568
G1 X106.695 Y214.518 E-.03785
G1 X106.916 Y214.782 E-.13089
G1 X107.053 Y215.087 E-.12712
G1 X107.1 Y215.416 E-.12607
G1 X107.078 Y215.56 E-.05552
; WIPE_END
G1 E-.04 F1800
M204 S10000
G17
G3 Z48.84 I-.005 J1.217 P1  F60000
G1 X111.221 Y215.577 Z48.84
G1 Z48.44
G1 E.8 F1800
G1 F7915.629
M204 S8000
G1 X111.317 Y215.508 E.00645
G1 X111.44 Y215.303 E.01293
G1 X111.604 Y215.138 E.0126
G1 X111.756 Y215.052 E.00948
G1 X111.87 Y215.028 E.00631
G1 X111.924 Y214.41 E.03362
G1 X112.127 Y214.434 E.01106
G1 X112.377 Y214.561 E.01519
G1 X112.573 Y214.767 E.01541
G1 X112.7 Y215.041 E.01636
G1 X112.746 Y215.36 E.0175
G1 X112.699 Y215.7 E.01857
G1 X112.561 Y216.027 E.01928
G1 X112.417 Y216.215 E.0128
G1 X112.375 Y216.483 E.01471
G1 X112.23 Y216.792 E.01848
G1 X112.009 Y217.049 E.01838
G1 X111.728 Y217.233 E.0182
G1 X111.413 Y217.332 E.0179
G1 X111.09 Y217.34 E.01751
G1 X110.784 Y217.259 E.01718
G1 X110.516 Y217.095 E.017
G1 X110.307 Y216.862 E.01699
G1 X110.17 Y216.574 E.01725
G1 X110.118 Y216.252 E.01771
G1 X110.158 Y215.919 E.01817
G1 X110.29 Y215.6 E.0187
G1 X110.506 Y215.327 E.01886
G1 X110.852 Y215.079 E.0231
G1 X110.948 Y214.92 E.01004
G1 X111.224 Y214.641 E.02128
G1 X111.533 Y214.466 E.01928
G1 X111.84 Y214.4 E.01697
; WIPE_START
G1 X112.127 Y214.434 E-.10998
G1 X112.377 Y214.561 E-.10653
G1 X112.573 Y214.767 E-.10807
G1 X112.7 Y215.041 E-.11474
G1 X112.746 Y215.36 E-.12271
G1 X112.699 Y215.7 E-.13016
G1 X112.63 Y215.864 E-.06782
; WIPE_END
G1 E-.04 F1800
M204 S10000
G17
G3 Z48.84 I-.964 J-.742 P1  F60000
G1 X108.364 Y221.404 Z48.84
G1 Z48.44
G1 E.8 F1800
G1 F7915.629
M204 S8000
G1 X108.794 Y221.151 E.02704
G1 X108.946 Y221.03 E.0105
G1 X109.077 Y220.969 E.00787
G1 X109.265 Y220.929 E.0104
G1 X109.281 Y220.309 E.0336
G1 X109.563 Y220.316 E.01529
G1 X109.899 Y220.415 E.019
G1 X110.186 Y220.593 E.01828
G1 X110.401 Y220.833 E.0175
G1 X110.536 Y221.117 E.01702
G1 X110.582 Y221.424 E.01682
G1 X110.537 Y221.733 E.01692
G1 X110.403 Y222.022 E.01724
G1 X110.185 Y222.269 E.01785
G1 X109.898 Y222.454 E.01854
G1 X109.559 Y222.559 E.01923
G1 X109.113 Y222.575 E.02416
G1 X108.424 Y222.867 E.04059
G1 X108.232 Y223.091 E.01596
G1 X107.924 Y223.305 E.02036
G1 X107.584 Y223.429 E.01964
G1 X107.24 Y223.456 E.01867
G1 X106.922 Y223.391 E.01762
G1 X106.653 Y223.246 E.01656
G1 X106.439 Y223.026 E.01665
G1 X106.301 Y222.752 E.01661
G1 X106.248 Y222.435 E.01742
G1 X106.287 Y222.102 E.01816
G1 X106.423 Y221.757 E.02011
G1 X106.648 Y221.455 E.02041
G1 X107.006 Y221.178 E.02453
G1 X107.113 Y221.127 E.00644
G1 X107.393 Y221.031 E.01602
G1 X107.826 Y221 E.02357
G1 X108.442 Y220.639 E.03872
G1 X108.617 Y220.499 E.01212
G1 X108.876 Y220.379 E.01546
G1 X109.196 Y220.307 E.01777
; COOLING_NODE: 0
; WIPE_START
G1 X109.563 Y220.316 E-.13963
G1 X109.899 Y220.415 E-.1332
G1 X110.186 Y220.593 E-.12819
G1 X110.401 Y220.833 E-.12267
G1 X110.536 Y221.117 E-.11935
G1 X110.582 Y221.422 E-.11696
; WIPE_END
G1 E-.04 F1800
M204 S10000
G17
G3 Z48.84 I1.089 J.543 P1  F60000
G1 X125.994 Y190.493 Z48.84
G1 Z48.44
G1 E.8 F1800
; FEATURE: Other object
; LINE_WIDTH: 0.45
G1 F11292.473
M204 S8000
G1 X130.807 Y190.493 E.18286
G1 X130.807 Y213.257 E.86483
G1 X125.994 Y213.257 E.18286
G1 X125.994 Y211.407 E.07029
G1 X122.607 Y211.407 E.12868
G1 X122.607 Y212.157 E.02849
G1 X121.794 Y212.157 E.03089
G1 X121.794 Y197.593 E.55329
G1 X122.607 Y197.593 E.03089
G1 X122.607 Y201.593 E.15197
G1 X125.994 Y201.593 E.12868
G1 X125.994 Y190.553 E.41944
; COOLING_NODE: 0
; WIPE_START
G1 X127.993 Y190.529 E-.76
; WIPE_END
G1 E-.04 F1800
M204 S10000
G1 X127.611 Y182.906 Z48.84 F60000
G1 X123.707 Y105.011 Z48.84
G1 Z48.44
G1 E.8 F1800
G1 F11292.473
M204 S8000
G1 X123.707 Y106.919 E.0725
G1 X134.807 Y106.919 E.42172
G1 X134.807 Y111.906 E.18948
G1 X124.807 Y111.906 E.37993
G1 X124.807 Y112.056 E.0057
G1 X124.311 Y112.056 E.01884
G1 X124.311 Y130.743 E.70997
G1 X124.807 Y130.743 E.01884
G1 X124.807 Y171.807 E1.56009
G1 X124.311 Y171.807 E.01884
G1 X124.311 Y189.907 E.68767
G1 X120.708 Y189.907 E.13686
G1 X120.708 Y189.432 E.01804
G1 X120.468 Y189.432 E.00912
G1 X120.468 Y176.432 E.4939
G1 X100.092 Y176.432 E.77417
G1 X100.092 Y176.907 E.01804
G1 X98.284 Y176.907 E.06867
G1 X98.293 Y170.093 E.25885
G1 X101.993 Y170.093 E.1406
G1 X101.993 Y147.273 E.86699
G1 X119.993 Y147.273 E.68387
G1 X119.993 Y111.906 E1.34368
G1 X100.993 Y111.906 E.72186
G1 X100.993 Y99.843 E.45831
G1 X102.807 Y99.843 E.06888
G1 X102.807 Y110.093 E.38942
G1 X119.993 Y110.093 E.65298
G1 X119.994 Y97.976 E.46037
G1 X120.011 Y97.787 E.00721
G1 X120.093 Y97.483 E.01196
G1 X120.239 Y97.208 E.01182
G1 X120.473 Y96.944 E.01342
G1 X120.728 Y96.766 E.01184
G1 X120.882 Y96.693 E.00645
G1 X121.093 Y96.631 E.00835
G1 X121.64 Y96.792 E.02168
G1 X122.845 Y97.269 E.04921
G1 X123.31 Y97.408 E.01844
G1 X123.818 Y97.485 E.01954
G1 X124.383 Y97.441 E.02154
G1 X125.054 Y97.154 E.02771
G1 X125.381 Y96.593 E.02464
G1 X125.619 Y96.593 E.00907
G1 X125.776 Y96.729 E.00787
G1 X126.276 Y97.257 E.02763
G1 X126.812 Y97.54 E.02301
G1 X127.305 Y97.692 E.01961
G1 X127.783 Y97.768 E.01838
G1 X128.255 Y97.785 E.01796
G1 X128.729 Y97.744 E.01807
G1 X129.212 Y97.638 E.01877
G1 X129.717 Y97.441 E.02061
G1 X130.277 Y97.062 E.02568
G1 X130.569 Y96.593 E.02098
G1 X130.824 Y96.593 E.00969
G1 X131.133 Y96.852 E.01528
G1 X131.734 Y97.088 E.02456
G1 X132.307 Y97.074 E.02178
G1 X132.78 Y96.977 E.01835
G1 X133.586 Y96.749 E.0318
G1 X133.877 Y96.684 E.01136
G1 X134.159 Y96.818 E.01184
G1 X134.358 Y96.973 E.00959
G1 X134.496 Y97.122 E.00771
G1 X134.631 Y97.324 E.00924
G1 X134.72 Y97.52 E.0082
G1 X134.777 Y97.722 E.00795
G1 X134.804 Y97.938 E.00827
G1 X134.806 Y105.011 E.26872
G1 X123.767 Y105.011 E.41943
; COOLING_NODE: 0
M204 S250
G1 X124.09 Y105.394 F60000
; FEATURE: Other object
; LINE_WIDTH: 0.42
G1 F3903.251
M204 S5000
G1 X124.09 Y105.736 E.01199
G1 F3270.395
G1 X124.09 Y106.136 E.01405
G1 F2600.04
G1 X124.09 Y106.536 E.01405
G1 F2006.486
G1 X124.131 Y106.536 E.00144
G1 F1950
G1 X135.19 Y106.536 E.38853
G1 F2100
G1 X135.19 Y106.735 E.00699
G1 F2706.344
G1 X135.19 Y107.135 E.01405
G1 F3389.487
G1 X135.19 Y107.535 E.01405
G1 F4149.431
G1 X135.19 Y107.935 E.01405
G1 F4986.175
G1 X135.19 Y108.335 E.01405
G1 F5899.718
G1 X135.19 Y108.735 E.01405
G1 F6890.062
G1 X135.19 Y109.135 E.01405
G1 F7957.206
G1 X135.19 Y109.535 E.01405
G1 F9101.149
G1 X135.19 Y109.935 E.01405
G1 F10321.893
G1 X135.19 Y110.335 E.01405
G1 F11619.437
G1 X135.19 Y110.735 E.01405
G1 F12000
G1 X135.19 Y111.135 E.01405
G1 X135.19 Y112.29 E.04059
G1 X125.19 Y112.29 E.35132
G1 X125.19 Y112.44 E.00527
G1 X124.694 Y112.44 E.01742
G1 X124.694 Y130.36 E.62957
G1 X125.19 Y130.36 E.01742
G1 X125.19 Y172.19 E1.46959
G1 X124.694 Y172.19 E.01742
G1 X124.694 Y190.11 E.62957
G1 X131.19 Y190.11 E.22821
G1 X131.19 Y213.64 E.82667
G1 X125.61 Y213.64 E.19604
G1 X125.61 Y211.79 E.06499
G1 X122.99 Y211.79 E.09205
G1 X122.99 Y212.54 E.02635
G1 X121.41 Y212.54 E.05551
G1 X121.41 Y197.21 E.53858
G1 X122.99 Y197.21 E.05551
G1 X122.99 Y201.21 E.14053
G1 X125.61 Y201.21 E.09205
G1 X125.61 Y190.29 E.38365
G1 X119.19 Y190.29 E.22555
G1 X119.19 Y213.14 E.80278
G1 X101.61 Y213.14 E.61763
G1 X101.61 Y177.29 E1.2595
G1 X97.9 Y177.29 E.13033
G1 X97.91 Y169.71 E.2663
G1 X101.61 Y169.71 E.13
G1 X101.61 Y146.89 E.80172
G1 X119.61 Y146.89 E.63238
G1 X119.61 Y112.29 E1.21558
G1 X100.61 Y112.29 E.66752
G1 X100.61 Y99.46 E.45075
G1 X103.19 Y99.46 E.09064
G1 X103.19 Y109.71 E.36011
G1 X119.61 Y109.71 E.57687
G1 X119.611 Y97.959 E.41283
G1 X119.665 Y97.56 E.01417
G1 X119.807 Y97.185 E.01408
G1 X119.921 Y96.992 E.00788
G1 X120.058 Y96.816 E.00784
G1 X120.354 Y96.547 E.01404
G1 X120.544 Y96.428 E.00787
G1 X120.739 Y96.337 E.00754
G1 X121.099 Y96.238 E.01312
G1 X121.769 Y96.431 E.02452
G1 X122.971 Y96.906 E.04539
G1 X123.394 Y97.033 E.01552
G1 X123.832 Y97.099 E.01558
G1 X124.291 Y97.064 E.01615
G1 X124.786 Y96.851 E.01895
G1 X125.16 Y96.21 E.02608
G1 X125.762 Y96.21 E.02113
G1 X126.042 Y96.451 E.01297
G1 X126.511 Y96.948 E.02401
G1 X126.959 Y97.184 E.0178
G1 X127.392 Y97.318 E.01592
G1 X127.82 Y97.386 E.01521
G1 X128.245 Y97.401 E.01496
G1 X128.671 Y97.364 E.01503
G1 X129.101 Y97.27 E.01544
G1 X129.538 Y97.1 E.01649
G1 X129.994 Y96.79 E.01938
G1 X130.356 Y96.21 E.02402
G1 X130.964 Y96.21 E.02133
G1 X131.331 Y96.518 E.01684
G1 X131.802 Y96.703 E.01779
G1 X132.264 Y96.692 E.01621
G1 X132.69 Y96.605 E.01527
G1 X133.491 Y96.377 E.02928
G1 X133.902 Y96.286 E.01478
G1 X134.137 Y96.369 E.00876
G1 X134.37 Y96.496 E.00932
G1 X134.618 Y96.689 E.01105
G1 X134.798 Y96.883 E.0093
G1 X134.967 Y97.137 E.01071
G1 X135.082 Y97.388 E.0097
G1 X135.154 Y97.646 E.0094
G1 X135.188 Y97.914 E.00949
G1 X135.188 Y100.795 E.10124
G1 X135.189 Y101.195 E.01405
G1 F11619.437
G1 X135.189 Y101.595 E.01405
G1 F10321.893
G1 X135.189 Y101.995 E.01405
G1 F9101.149
G1 X135.189 Y102.395 E.01405
G1 F7957.206
G1 X135.189 Y102.795 E.01405
G1 F6890.062
G1 X135.189 Y103.195 E.01405
G1 F5899.718
G1 X135.189 Y103.595 E.01405
G1 F4986.175
G1 X135.19 Y103.995 E.01405
G1 F4149.431
G1 X135.19 Y104.395 E.01405
G1 F3389.487
G1 X135.19 Y104.795 E.01405
G1 F2706.344
G1 X135.19 Y105.195 E.01405
G1 F2100
G1 X135.19 Y105.394 E.00699
G1 F1950
G1 X124.15 Y105.394 E.38786
M204 S10000
G1 X123.366 Y105.33 F60000
; FEATURE: Other object
; LINE_WIDTH: 0.45
G1 F11292.473
M204 S8000
G1 X123.366 Y104.988 E.01302
G1 X123.288 Y104.91 E.00416
G1 X123.288 Y104.348 E.02135
G1 X123.524 Y104.112 E.01267
G1 X123.77 Y104.112 E.00936
G1 X120.335 Y100.677 E.18457
G1 X120.335 Y99.097 E.06003
G1 X122.094 Y97.338 E.09451
G1 X122.733 Y97.591 E.02611
G1 X123.235 Y97.742 E.01991
G1 X123.806 Y97.828 E.02193
G1 X124.466 Y97.777 E.02515
G1 X124.804 Y97.632 E.01397
G1 X131.284 Y104.112 E.34819
G1 X130.348 Y104.112 E.03557
G1 X134.464 Y99.997 E.22113
G1 X134.464 Y99.778 E.00832
G1 X132.106 Y97.42 E.12666
G1 X131.674 Y97.431 E.01645
G1 X130.956 Y97.149 E.02928
G1 X130.738 Y96.966 E.0108
G1 X130.528 Y97.304 E.01511
G1 X129.877 Y97.745 E.02989
G1 X129.311 Y97.966 E.02309
G1 X128.889 Y98.058 E.01641
G1 X120.335 Y106.612 E.4596
G1 X120.335 Y108.191 E.06
G1 X123.97 Y111.826 E.19532
G1 X123.97 Y111.716 E.0042
G1 X124.466 Y111.716 E.01884
G1 X124.466 Y111.566 E.0057
G1 X125.303 Y111.566 E.03182
; WIPE_START
G1 X124.466 Y111.566 E-.3183
G1 X124.466 Y111.716 E-.057
G1 X123.97 Y111.716 E-.18842
G1 X123.97 Y111.826 E-.042
G1 X123.683 Y111.539 E-.15429
; WIPE_END
G1 E-.04 F1800
M204 S10000
G1 X123.737 Y107.368 Z48.84 F60000
G1 Z48.44
G1 E.8 F1800
; FEATURE: Other object
; LINE_WIDTH: 0.551564
G1 F8998.921
M204 S8000
G1 X134.297 Y107.368 E.50346
; WIPE_START
G1 X132.297 Y107.368 E-.76
; WIPE_END
G1 E-.04 F1800
M204 S10000
G17
G3 Z48.84 I.379 J-1.156 P1  F60000
G1 X123.737 Y104.562 Z48.84
G1 Z48.44
G1 E.8 F1800
; LINE_WIDTH: 0.551554
G1 F8999.1
M204 S8000
G1 X134.297 Y104.562 E.50343
; WIPE_START
G1 X132.297 Y104.562 E-.76
; WIPE_END
G1 E-.04 F1800
M204 S10000
G17
G3 Z48.84 I-.465 J-1.124 P1  F60000
G1 X118.106 Y110.434 Z48.84
G1 Z48.44
G1 E.8 F1800
; FEATURE: Other object
; LINE_WIDTH: 0.45
G1 F11292.473
M204 S8000
G1 X116.512 Y110.434 E.06056
G1 X115.381 Y111.566 E.06077
G1 X116.195 Y111.566 E.03094
G1 X115.064 Y110.434 E.06077
G1 X108.998 Y110.434 E.23047
G1 X107.867 Y111.566 E.06077
G1 X108.681 Y111.566 E.03094
G1 X107.55 Y110.434 E.06077
G1 X105.956 Y110.434 E.06056
; WIPE_START
G1 X107.55 Y110.434 E-.60571
G1 X107.837 Y110.722 E-.15429
; WIPE_END
G1 E-.04 F1800
M204 S10000
G1 X101.947 Y111.566 Z48.84 F60000
G1 Z48.44
G1 E.8 F1800
G1 F11292.473
M204 S8000
G1 X101.334 Y111.566 E.02326
G1 X101.334 Y110.584 E.0373
G1 X102.466 Y109.453 E.06077
G1 X102.466 Y105.35 E.15587
G1 X101.334 Y104.219 E.06077
G1 X101.334 Y103.07 E.04367
G1 X102.466 Y101.938 E.06077
G1 X102.466 Y100.344 E.06056
; WIPE_START
G1 X102.466 Y101.938 E-.60571
G1 X102.178 Y102.226 E-.15429
; WIPE_END
G1 E-.04 F1800
M204 S10000
G1 X102.204 Y109.858 Z48.84 F60000
G1 X102.334 Y148.71 Z48.84
G1 Z48.44
G1 E.8 F1800
G1 F11292.473
M204 S8000
G1 X102.334 Y150.304 E.06056
G1 X123.97 Y171.939 E1.16246
M73 P81 R42
G1 X123.97 Y171.466 E.01798
G1 X124.466 Y171.466 E.01884
G1 X124.466 Y170.108 E.05159
G1 X118.482 Y176.091 E.32147
G1 X116.888 Y176.091 E.06056
; WIPE_START
G1 X118.482 Y176.091 E-.60571
G1 X118.77 Y175.804 E-.15429
; WIPE_END
G1 E-.04 F1800
M204 S10000
G1 X120.323 Y183.276 Z48.84 F60000
G1 X121.63 Y189.566 Z48.84
G1 Z48.44
G1 E.8 F1800
G1 F11292.473
M204 S8000
G1 X121.049 Y189.566 E.02205
G1 X121.049 Y189.091 E.01804
G1 X120.809 Y189.091 E.00912
G1 X120.809 Y188.792 E.01135
G1 X123.97 Y185.632 E.16981
G1 X123.97 Y186.967 E.05074
G1 X120.809 Y183.807 E.16981
G1 X120.809 Y181.278 E.09607
G1 X123.97 Y178.118 E.16981
G1 X123.97 Y179.453 E.05074
G1 X120.809 Y176.293 E.16981
G1 X120.809 Y176.091 E.00767
G1 X120.608 Y176.091 E.00767
G1 X102.334 Y157.818 E.98181
G1 X102.334 Y154.668 E.11965
G1 X109.388 Y147.614 E.379
G1 X107.159 Y147.614 E.08468
G1 X124.466 Y164.921 E.92985
G1 X124.466 Y162.594 E.08841
G1 X110.968 Y176.091 E.7252
G1 X113.093 Y176.091 E.08074
G1 X102.334 Y165.332 E.57808
G1 X102.334 Y162.182 E.11965
G1 X116.902 Y147.614 E.78273
G1 X114.674 Y147.614 E.08468
G1 X124.466 Y157.406 E.52612
G1 X124.466 Y155.079 E.08841
G1 X103.454 Y176.091 E1.12893
G1 X105.579 Y176.091 E.08074
G1 X99.923 Y170.434 E.30391
G1 X98.633 Y170.434 E.049
G1 X98.63 Y173.401 E.11272
G1 X101.596 Y170.434 E.15941
G1 X102.334 Y170.434 E.02804
G1 X102.334 Y169.696 E.02804
G1 X124.466 Y147.565 E1.1891
G1 X124.466 Y149.892 E.08841
G1 X120.334 Y145.761 E.22196
G1 X120.334 Y144.182 E.05999
G1 X124.466 Y140.051 E.22196
G1 X124.466 Y142.378 E.08841
G1 X120.334 Y138.247 E.22196
G1 X120.334 Y136.668 E.05999
G1 X124.466 Y132.537 E.22196
G1 X124.466 Y134.864 E.08841
G1 X120.334 Y130.733 E.22196
G1 X120.334 Y129.154 E.05999
G1 X123.97 Y125.519 E.19532
G1 X123.97 Y126.854 E.05074
G1 X120.334 Y123.219 E.19532
G1 X120.334 Y121.64 E.05999
G1 X123.97 Y118.005 E.19532
G1 X123.97 Y119.34 E.05073
G1 X120.334 Y115.705 E.19532
G1 X120.334 Y114.126 E.05999
G1 X126.643 Y107.818 E.33895
G1 X127.475 Y107.818 E.03163
G1 X131.223 Y111.566 E.20138
G1 X130.409 Y111.566 E.03094
G1 X134.157 Y107.818 E.20138
G1 X134.466 Y107.818 E.01173
G1 X134.466 Y109.103 E.04883
; WIPE_START
G1 X134.466 Y107.818 E-.48843
G1 X134.157 Y107.818 E-.11729
G1 X133.87 Y108.105 E-.15429
; WIPE_END
G1 E-.04 F1800
M204 S10000
G1 X130.54 Y114.973 Z48.84 F60000
G1 X100.558 Y176.817 Z48.84
G1 Z48.44
G1 E.8 F1800
; FEATURE: Other object
; LINE_WIDTH: 0.526144
G1 F9480.87
M204 S8000
G1 X100.499 Y176.817 E.00268
G1 X100.469 Y176.868 E.00268
G1 X100.499 Y176.92 E.00268
G1 X100.557 Y176.92 E.00265
; WIPE_START
G1 X100.499 Y176.92 E-.18842
G1 X100.469 Y176.868 E-.19053
G1 X100.499 Y176.817 E-.19054
G1 X100.558 Y176.817 E-.19051
; WIPE_END
G1 E-.04 F1800
M204 S10000
G1 X108.19 Y176.757 Z48.84 F60000
G1 X120.222 Y176.662 Z48.84
G1 Z48.44
G1 E.8 F1800
; LINE_WIDTH: 0.391504
G1 F13235.295
M204 S8000
G1 X120.159 Y176.699 E.00239
G1 X120.207 Y176.727 E.00182
; WIPE_START
G1 X120.159 Y176.699 E-.32873
G1 X120.222 Y176.662 E-.43127
; WIPE_END
G1 E-.04 F1800
M204 S10000
G1 X120.246 Y184.295 Z48.84 F60000
G1 X120.262 Y189.548 Z48.84
G1 Z48.44
G1 E.8 F1800
G1 F13235.295
M204 S8000
G1 X120.198 Y189.585 E.00239
G1 X120.247 Y189.613 E.00182
; WIPE_START
G1 X120.198 Y189.585 E-.32873
G1 X120.262 Y189.548 E-.43127
; WIPE_END
G1 E-.04 F1800
M204 S10000
G1 X122.009 Y196.978 Z48.84 F60000
G1 X122.2 Y197.793 Z48.84
G1 Z48.44
G1 E.8 F1800
; FEATURE: Other object
; LINE_WIDTH: 0.466044
G1 F10855.407
M204 S8000
G1 X122.2 Y201.793 E.15809
; WIPE_START
G1 X122.2 Y199.793 E-.76
; WIPE_END
G1 E-.04 F1800
M204 S10000
G1 X122.134 Y204.089 Z48.84 F60000
G1 Z48.44
G1 E.8 F1800
; FEATURE: Other object
; LINE_WIDTH: 0.45
G1 F11292.473
M204 S8000
G1 X122.134 Y202.495 E.06056
G1 X122.496 Y202.134 E.01942
G1 X122.774 Y202.134 E.01057
G1 X122.774 Y201.934 E.00757
G1 X123.909 Y201.934 E.04312
G1 X130.466 Y208.491 E.35228
G1 X130.466 Y209.192 E.02664
G1 X126.742 Y212.916 E.20006
G1 X127.376 Y212.916 E.02408
G1 X126.334 Y211.874 E.05596
G1 X126.334 Y211.066 E.03072
G1 X125.526 Y211.066 E.03072
G1 X122.134 Y207.674 E.18223
G1 X122.134 Y210.009 E.08872
G1 X130.466 Y201.678 E.44763
G1 X130.466 Y200.977 E.02664
G1 X126.334 Y196.846 E.22196
G1 X126.334 Y198.295 E.05506
G1 X130.466 Y194.164 E.22196
G1 X130.466 Y193.463 E.02664
G1 X127.837 Y190.834 E.14122
G1 X126.334 Y190.834 E.05709
G1 X126.334 Y190.926 E.00347
; WIPE_START
G1 X126.334 Y190.834 E-.03469
G1 X127.837 Y190.834 E-.57103
G1 X128.124 Y191.122 E-.15429
; WIPE_END
G1 E-.04 F1800
M204 S10000
G1 X125.079 Y198.12 Z48.84 F60000
G1 X118.986 Y212.124 Z48.84
G1 Z48.44
G1 E.8 F1800
; FEATURE: Other object
G1 F11292.473
M204 S2000
G1 X118.174 Y212.936 E.04362
G1 X118.031 Y213.079
G1 X117.467 Y213.079
G1 X117.61 Y212.936
G1 X118.986 Y211.56 E.0739
G1 X119.129 Y211.417
G1 X119.129 Y210.854
G1 X118.986 Y210.997
G1 X117.047 Y212.936 E.10418
G1 X116.904 Y213.079
G1 X116.34 Y213.079
G1 X116.483 Y212.936
G1 X118.986 Y210.433 E.13446
G1 X119.129 Y210.29
G1 X119.129 Y209.727
G1 X118.986 Y209.87
G1 X115.92 Y212.936 E.16474
G1 X115.777 Y213.079
G1 X115.213 Y213.079
G1 X115.356 Y212.936
G1 X118.986 Y209.306 E.19502
G1 X119.129 Y209.163
G1 X119.129 Y208.599
G1 X118.986 Y208.743
G1 X114.793 Y212.936 E.2253
G1 X114.649 Y213.079
G1 X114.086 Y213.079
G1 X114.229 Y212.936
G1 X118.986 Y208.179 E.25558
G1 X119.129 Y208.036
G1 X119.129 Y207.472
G1 X118.986 Y207.616
G1 X113.666 Y212.936 E.28586
G1 X113.522 Y213.079
G1 X112.959 Y213.079
G1 X113.102 Y212.936
G1 X118.986 Y207.052 E.31614
G1 X119.129 Y206.909
G1 X119.129 Y206.345
G1 X118.986 Y206.488
G1 X112.538 Y212.936 E.34642
G1 X112.395 Y213.079
G1 X111.832 Y213.079
G1 X111.975 Y212.936
G1 X118.986 Y205.925 E.3767
G1 X119.129 Y205.782
G1 X119.129 Y205.218
G1 X118.986 Y205.361
G1 X111.411 Y212.936 E.40698
G1 X111.268 Y213.079
G1 X110.705 Y213.079
G1 X110.848 Y212.936
G1 X118.986 Y204.798 E.43726
G1 X119.129 Y204.655
G1 X119.129 Y204.091
G1 X118.986 Y204.234
G1 X110.284 Y212.936 E.46754
G1 X110.141 Y213.079
G1 X109.577 Y213.079
G1 X109.721 Y212.936
G1 X118.986 Y203.671 E.49781
G1 X119.129 Y203.527
G1 X119.129 Y202.964
G1 X118.986 Y203.107
G1 X109.157 Y212.936 E.52809
G1 X109.014 Y213.079
G1 X108.45 Y213.079
G1 X108.594 Y212.936
G1 X118.986 Y202.544 E.55837
G1 X119.129 Y202.4
G1 X119.129 Y201.837
G1 X118.986 Y201.98
G1 X108.03 Y212.936 E.58865
G1 X107.887 Y213.079
G1 X107.323 Y213.079
G1 X107.466 Y212.936
G1 X118.986 Y201.416 E.61893
G1 X119.129 Y201.273
G1 X119.129 Y200.71
G1 X118.986 Y200.853
G1 X106.903 Y212.936 E.64921
G1 X106.76 Y213.079
G1 X106.196 Y213.079
G1 X106.339 Y212.936
G1 X118.986 Y200.289 E.67949
G1 X119.129 Y200.146
G1 X119.129 Y199.583
G1 X118.986 Y199.726
G1 X105.776 Y212.936 E.70977
G1 X105.633 Y213.079
G1 X105.069 Y213.079
G1 X105.212 Y212.936
G1 X118.986 Y199.162 E.74005
G1 X119.129 Y199.019
G1 X119.129 Y198.456
G1 X118.986 Y198.599
G1 X104.649 Y212.936 E.77033
G1 X104.506 Y213.079
G1 X103.942 Y213.079
G1 X104.085 Y212.936
G1 X118.986 Y198.035 E.80061
G1 X119.129 Y197.892
G1 X119.129 Y197.328
G1 X118.986 Y197.472
G1 X103.522 Y212.936 E.83089
G1 X103.378 Y213.079
G1 X102.815 Y213.079
G1 X102.958 Y212.936
G1 X118.986 Y196.908 E.86117
G1 X119.129 Y196.765
G1 X119.129 Y196.201
G1 X118.986 Y196.345
G1 X102.395 Y212.936 E.89145
G1 X102.251 Y213.079
G1 X101.688 Y213.079
G1 X101.831 Y212.936
G1 X118.986 Y195.781 E.92173
G1 X119.129 Y195.638
G1 X119.129 Y195.074
G1 X118.986 Y195.217
G1 X101.814 Y212.389 E.92263
G1 X101.671 Y212.532
G1 X101.671 Y211.969
G1 X101.814 Y211.826
G1 X118.986 Y194.654 E.92263
G1 X119.129 Y194.511
G1 X119.129 Y193.947
G1 X118.986 Y194.09
G1 X101.814 Y211.262 E.92263
G1 X101.671 Y211.405
G1 X101.671 Y210.842
G1 X101.814 Y210.698
G1 X118.986 Y193.527 E.92263
G1 X119.129 Y193.384
G1 X119.129 Y192.82
G1 X118.986 Y192.963
G1 X101.814 Y210.135 E.92263
G1 X101.671 Y210.278
G1 X101.671 Y209.714
G1 X101.814 Y209.571
G1 X118.986 Y192.4 E.92263
G1 X119.129 Y192.256
G1 X119.129 Y191.693
G1 X118.986 Y191.836
G1 X101.814 Y209.008 E.92263
G1 X101.671 Y209.151
G1 X101.671 Y208.587
G1 X101.814 Y208.444
G1 X118.986 Y191.273 E.92263
G1 X119.129 Y191.129
G1 X119.129 Y190.566
G1 X118.986 Y190.709
G1 X101.814 Y207.881 E.92263
G1 X101.671 Y208.024
G1 X101.671 Y207.46
G1 X101.814 Y207.317
G1 X118.986 Y190.145 E.92263
G1 X119.129 Y190.002
G1 X119.466 Y190.229
G1 X119.609 Y190.086
G1 X120.193 Y189.502 E.03136
G1 X120.336 Y189.359
G1 X120.336 Y188.795
G1 X120.193 Y188.939
G1 X119.045 Y190.086 E.06164
; WIPE_START
M204 S8000
G1 X120.193 Y188.939 E-.61652
G1 X120.336 Y188.795 E-.07695
G1 X120.336 Y188.971 E-.06653
; WIPE_END
G1 E-.04 F1800
M204 S10000
G1 X120.193 Y188.375 Z48.84 F60000
G1 Z48.44
G1 E.8 F1800
G1 F11292.473
M204 S2000
G1 X101.814 Y206.754 E.98747
G1 X101.671 Y206.897
G1 X101.671 Y206.333
G1 X101.814 Y206.19
G1 X120.193 Y187.812 E.98747
G1 X120.336 Y187.668
G1 X120.336 Y187.105
G1 X120.193 Y187.248
G1 X101.814 Y205.626 E.98747
G1 X101.671 Y205.77
G1 X101.671 Y205.206
G1 X101.814 Y205.063
G1 X120.193 Y186.684 E.98747
G1 X120.336 Y186.541
G1 X120.336 Y185.978
G1 X120.193 Y186.121
G1 X101.814 Y204.499 E.98747
G1 X101.671 Y204.643
G1 X101.671 Y204.079
G1 X101.814 Y203.936
G1 X120.193 Y185.557 E.98747
G1 X120.336 Y185.414
G1 X120.336 Y184.851
G1 X120.193 Y184.994
G1 X101.814 Y203.372 E.98747
G1 X101.671 Y203.515
G1 X101.671 Y202.952
G1 X101.814 Y202.809
G1 X120.193 Y184.43 E.98747
G1 X120.336 Y184.287
G1 X120.336 Y183.723
G1 X120.193 Y183.867
G1 X101.814 Y202.245 E.98747
G1 X101.671 Y202.388
G1 X101.671 Y201.825
G1 X101.814 Y201.682
G1 X120.193 Y183.303 E.98747
G1 X120.336 Y183.16
G1 X120.336 Y182.596
G1 X120.193 Y182.74
G1 X101.814 Y201.118 E.98747
G1 X101.671 Y201.261
G1 X101.671 Y200.698
G1 X101.814 Y200.555
G1 X120.193 Y182.176 E.98747
G1 X120.336 Y182.033
G1 X120.336 Y181.469
G1 X120.193 Y181.612
G1 X101.814 Y199.991 E.98747
G1 X101.671 Y200.134
G1 X101.671 Y199.571
G1 X101.814 Y199.427
G1 X120.193 Y181.049 E.98747
G1 X120.336 Y180.906
G1 X120.336 Y180.342
G1 X120.193 Y180.485
G1 X101.814 Y198.864 E.98747
G1 X101.671 Y199.007
G1 X101.671 Y198.443
G1 X101.814 Y198.3
G1 X120.193 Y179.922 E.98747
G1 X120.336 Y179.779
G1 X120.336 Y179.215
G1 X120.193 Y179.358
G1 X101.814 Y197.737 E.98747
G1 X101.671 Y197.88
G1 X101.671 Y197.316
G1 X101.814 Y197.173
G1 X120.193 Y178.795 E.98747
G1 X120.336 Y178.652
G1 X120.336 Y178.088
G1 X120.193 Y178.231
G1 X101.814 Y196.61 E.98747
G1 X101.671 Y196.753
G1 X101.671 Y196.189
G1 X101.814 Y196.046
G1 X120.193 Y177.668 E.98747
G1 X120.336 Y177.524
G1 X120.336 Y176.961
G1 X120.193 Y177.104
G1 X101.814 Y195.483 E.98747
G1 X101.671 Y195.626
G1 X101.671 Y195.062
G1 X101.814 Y194.919
G1 X120.026 Y176.707 E.97851
G1 X120.169 Y176.564
G1 X119.605 Y176.564
G1 X119.462 Y176.707
G1 X101.814 Y194.355 E.94823
G1 X101.671 Y194.499
G1 X101.671 Y193.935
G1 X101.814 Y193.792
G1 X118.899 Y176.707 E.91795
G1 X119.042 Y176.564
G1 X118.478 Y176.564
G1 X118.335 Y176.707
G1 X101.814 Y193.228 E.88767
G1 X101.671 Y193.372
G1 X101.671 Y192.808
G1 X101.814 Y192.665
G1 X117.772 Y176.707 E.85739
G1 X117.915 Y176.564
G1 X117.351 Y176.564
G1 X117.208 Y176.707
G1 X101.814 Y192.101 E.82711
G1 X101.671 Y192.244
G1 X101.671 Y191.681
G1 X101.814 Y191.538
G1 X116.645 Y176.707 E.79683
G1 X116.788 Y176.564
G1 X116.224 Y176.564
G1 X116.081 Y176.707
G1 X101.814 Y190.974 E.76655
G1 X101.671 Y191.117
G1 X101.671 Y190.554
G1 X101.814 Y190.411
G1 X115.517 Y176.707 E.73627
G1 X115.661 Y176.564
G1 X115.097 Y176.564
G1 X114.954 Y176.707
M73 P81 R41
G1 X101.814 Y189.847 E.70599
G1 X101.671 Y189.99
G1 X101.671 Y189.427
G1 X101.814 Y189.284
G1 X114.39 Y176.707 E.67571
G1 X114.534 Y176.564
G1 X113.97 Y176.564
G1 X113.827 Y176.707
G1 X101.814 Y188.72 E.64543
G1 X101.671 Y188.863
G1 X101.671 Y188.3
G1 X101.814 Y188.156
G1 X113.263 Y176.707 E.61515
G1 X113.406 Y176.564
G1 X112.843 Y176.564
G1 X112.7 Y176.707
G1 X101.814 Y187.593 E.58488
G1 X101.671 Y187.736
G1 X101.671 Y187.173
G1 X101.814 Y187.029
G1 X112.136 Y176.707 E.5546
G1 X112.279 Y176.564
G1 X111.716 Y176.564
G1 X111.573 Y176.707
G1 X101.814 Y186.466 E.52432
G1 X101.671 Y186.609
G1 X101.671 Y186.045
G1 X101.814 Y185.902
G1 X111.009 Y176.707 E.49404
G1 X111.152 Y176.564
G1 X110.589 Y176.564
G1 X110.445 Y176.707
G1 X101.814 Y185.339 E.46376
G1 X101.671 Y185.482
G1 X101.671 Y184.918
G1 X101.814 Y184.775
G1 X109.882 Y176.707 E.43348
G1 X110.025 Y176.564
G1 X109.462 Y176.564
G1 X109.318 Y176.707
G1 X101.814 Y184.212 E.4032
G1 X101.671 Y184.355
G1 X101.671 Y183.791
G1 X101.814 Y183.648
G1 X108.755 Y176.707 E.37292
G1 X108.898 Y176.564
G1 X108.334 Y176.564
G1 X108.191 Y176.707
G1 X101.814 Y183.084 E.34264
G1 X101.671 Y183.228
G1 X101.671 Y182.664
G1 X101.814 Y182.521
G1 X107.628 Y176.707 E.31236
G1 X107.771 Y176.564
G1 X107.207 Y176.564
G1 X107.064 Y176.707
G1 X101.814 Y181.957 E.28208
G1 X101.671 Y182.101
G1 X101.671 Y181.537
G1 X101.814 Y181.394
G1 X106.501 Y176.707 E.2518
G1 X106.644 Y176.564
G1 X106.08 Y176.564
G1 X105.937 Y176.707
G1 X101.814 Y180.83 E.22152
G1 X101.671 Y180.973
G1 X101.671 Y180.41
G1 X101.814 Y180.267
G1 X105.374 Y176.707 E.19124
G1 X105.517 Y176.564
G1 X104.953 Y176.564
G1 X104.81 Y176.707
G1 X101.814 Y179.703 E.16096
G1 X101.671 Y179.846
G1 X101.671 Y179.283
G1 X101.814 Y179.14
G1 X104.246 Y176.707 E.13068
G1 X104.39 Y176.564
G1 X103.826 Y176.564
G1 X103.683 Y176.707
G1 X101.814 Y178.576 E.10041
G1 X101.671 Y178.719
G1 X101.671 Y178.156
G1 X101.814 Y178.013
G1 X103.119 Y176.707 E.07013
G1 X103.263 Y176.564
G1 X102.699 Y176.564
G1 X102.556 Y176.707
G1 X101.814 Y177.449 E.03985
G1 X101.671 Y177.592
G1 X101.471 Y177.229
G1 X101.614 Y177.086
G1 X101.992 Y176.707 E.02034
G1 X102.135 Y176.564
G1 X101.572 Y176.564
G1 X101.429 Y176.707
G1 X101.05 Y177.086 E.02033
M204 S10000
G1 X100.892 Y176.687 F60000
; FEATURE: Other object
; LINE_WIDTH: 0.233736
G1 F15000
M204 S8000
G1 X100.832 Y177 E.00553
G1 X101.058 Y177.106 E.00435
M204 S10000
G1 X101.001 Y176.687 F60000
; LINE_WIDTH: 0.24928
G1 F15000
M204 S8000
G1 X100.741 Y177.041 E.00826
; CHANGE_LAYER
; Z_HEIGHT: 48.68
; LAYER_HEIGHT: 0.240002
; WIPE_START
G1 F15000
G1 X101.001 Y176.687 E-.76
; WIPE_END
G1 E-.04 F1800
; FEATURE: Other object
; stop printing object, unique label id: 1901
M625
; layer num/total_layer_count: 203/258
; update layer progress
M73 L203
M991 S0 P202 ;notify layer change
M106 S130.05
; OBJECT_ID: 1902
; FEATURE: Other object
; start printing object, unique label id: 1902
M624 AgAAAAAAAAA=
M204 S10000
G17
G3 Z48.84 I.481 J1.118 P1  F60000
G1 X209.695 Y129.915 Z48.84
G1 Z48.68
G1 E.8 F1800
; FEATURE: Support
; LINE_WIDTH: 0.62
G1 F7915.629
M204 S8000
G1 X209.424 Y129.692 E.01902
G1 X209.659 Y129.65 E.01291
G1 X209.834 Y129.56 E.01066
G1 X210.029 Y128.863 E.03925
G1 X210.122 Y128.864 E.00504
G1 X210.255 Y128.911 E.00764
G1 X210.354 Y129.005 E.00738
G1 X210.426 Y129.169 E.0097
G1 X210.454 Y129.473 E.01659
G1 X210.45 Y130.049 E.03119
G1 X210.477 Y130.201 E.00839
G1 X210.448 Y130.475 E.01494
G1 X210.349 Y130.711 E.01387
G1 X210.204 Y130.879 E.01204
G1 X210.052 Y130.964 E.00943
G1 X209.885 Y130.993 E.00919
G1 X209.709 Y130.965 E.00965
G1 X209.552 Y130.887 E.00947
G1 X209.396 Y130.751 E.01126
G1 X209.236 Y130.498 E.01622
G1 X209.182 Y130.295 E.01136
G1 X208.832 Y130.007 E.02458
G1 X208.696 Y129.852 E.01118
G1 X208.606 Y129.68 E.0105
G1 X208.586 Y129.533 E.00807
G1 X208.623 Y129.41 E.00692
G1 X208.724 Y129.291 E.00852
G1 X208.886 Y129.192 E.01025
G1 X209.085 Y129.122 E.01146
G1 X209.458 Y129.056 E.02051
G1 X209.717 Y128.922 E.01583
G1 X209.944 Y128.862 E.01272
; WIPE_START
G1 X210.122 Y128.864 E-.06777
G1 X210.255 Y128.911 E-.05356
G1 X210.354 Y129.005 E-.05178
G1 X210.426 Y129.169 E-.06803
G1 X210.454 Y129.473 E-.11631
G1 X210.45 Y130.049 E-.2187
G1 X210.477 Y130.201 E-.05885
G1 X210.448 Y130.475 E-.10473
G1 X210.427 Y130.524 E-.02027
; WIPE_END
G1 E-.04 F1800
M204 S10000
G17
G3 Z49.08 I1.217 J-.01 P1  F60000
G1 X210.374 Y124.057 Z49.08
G1 Z48.68
G1 E.8 F1800
G1 F7915.629
M204 S8000
G1 X210.429 Y124.316 E.01437
G1 X210.061 Y124.479 E.02178
G1 X210.159 Y124.395 E.00699
G1 X210.314 Y123.904 E.02794
G1 X210.42 Y123.106 E.04363
G1 X210.605 Y123.215 E.01164
G1 X210.785 Y123.436 E.01545
G1 X210.945 Y123.798 E.02143
G1 X211.054 Y124.285 E.02709
G1 X211.035 Y124.535 E.01356
G1 X210.968 Y124.695 E.00942
G1 X210.864 Y124.802 E.00806
G1 X210.372 Y125.019 E.02914
G1 X209.891 Y125.626 E.04198
G1 X209.864 Y125.777 E.00831
G1 X209.731 Y126.086 E.01823
G1 X209.579 Y126.262 E.01263
G1 X209.43 Y126.336 E.009
G1 X209.326 Y126.338 E.00564
G1 X209.218 Y126.305 E.00614
G1 X209.016 Y126.165 E.01333
G1 X208.933 Y126.075 E.00661
G1 X208.858 Y125.983 E.00641
G1 X208.648 Y125.609 E.02329
G1 X208.628 Y125.485 E.0068
G1 X208.522 Y125.198 E.01658
G1 X208.516 Y124.939 E.01405
G1 X208.574 Y124.781 E.00911
G1 X208.678 Y124.664 E.00848
G1 X208.814 Y124.591 E.00837
G1 X209.02 Y124.551 E.01136
G1 X209.622 Y124.039 E.04285
G1 X209.76 Y123.601 E.02488
G1 X209.889 Y123.374 E.01417
G1 X210.021 Y123.222 E.01091
G1 X210.213 Y123.106 E.01213
G1 X210.337 Y123.089 E.00678
; WIPE_START
G1 X210.605 Y123.215 E-.1127
G1 X210.785 Y123.436 E-.10833
G1 X210.945 Y123.798 E-.15025
G1 X211.054 Y124.285 E-.18996
G1 X211.035 Y124.535 E-.09506
G1 X210.968 Y124.695 E-.06606
G1 X210.899 Y124.766 E-.03765
; WIPE_END
G1 E-.04 F1800
M204 S10000
G17
G3 Z49.08 I.976 J-.727 P1  F60000
G1 X208.531 Y121.591 Z49.08
G1 Z48.68
G1 E.8 F1800
G1 F7915.629
M204 S8000
G1 X208.394 Y121.717 E.01008
G1 X208.566 Y121.479 E.0159
G1 X208.644 Y121.444 E.00465
G1 X208.91 Y120.762 E.03964
G1 X209.025 Y120.769 E.00627
G1 X209.164 Y120.824 E.00809
G1 X209.262 Y120.918 E.00735
G1 X209.324 Y121.066 E.0087
G1 X209.334 Y121.285 E.01191
G1 X209.266 Y121.577 E.01623
G1 X209.131 Y121.866 E.01729
G1 X209.071 Y121.951 E.00566
G1 X208.865 Y122.12 E.0144
G1 X208.672 Y122.335 E.01568
G1 X208.428 Y122.475 E.01525
G1 X208.171 Y122.531 E.01425
G1 X207.941 Y122.486 E.01271
G1 X207.801 Y122.4 E.00887
G1 X207.705 Y122.286 E.00811
G1 X207.636 Y122.125 E.00945
G1 X207.61 Y121.939 E.01021
G1 X207.635 Y121.715 E.01218
G1 X207.726 Y121.483 E.01352
G1 X207.911 Y121.326 E.01318
G1 X208.147 Y121 E.02178
G1 X208.571 Y120.803 E.02532
G1 X208.825 Y120.756 E.01398
; WIPE_START
G1 X209.025 Y120.769 E-.07637
G1 X209.164 Y120.824 E-.05674
G1 X209.262 Y120.918 E-.05151
G1 X209.324 Y121.066 E-.06098
G1 X209.334 Y121.285 E-.08347
G1 X209.266 Y121.577 E-.11375
G1 X209.131 Y121.866 E-.12124
G1 X209.071 Y121.951 E-.03965
G1 X208.865 Y122.12 E-.10097
G1 X208.768 Y122.228 E-.05531
; WIPE_END
G1 E-.04 F1800
M204 S10000
G17
G3 Z49.08 I1.204 J-.179 P1  F60000
G1 X208.096 Y117.709 Z49.08
G1 Z48.68
G1 E.8 F1800
G1 F7915.629
M204 S8000
G1 X208.036 Y117.648 E.00463
G1 X208.027 Y117.341 E.01666
G1 X207.996 Y117.241 E.00569
G1 X208.019 Y117.179 E.00359
G1 X208.087 Y116.461 E.0391
G1 X208.178 Y116.479 E.00507
G1 X208.37 Y116.596 E.01216
G1 X208.536 Y116.79 E.01382
G1 X208.63 Y117.045 E.01474
G1 X208.656 Y117.356 E.01691
G1 X208.699 Y117.429 E.0046
G1 X208.725 Y117.724 E.01605
G1 X208.683 Y118.034 E.01695
G1 X208.588 Y118.256 E.01311
G1 X208.471 Y118.388 E.00953
G1 X208.327 Y118.454 E.00857
G1 X208.181 Y118.462 E.00791
G1 X208.015 Y118.417 E.00932
G1 X207.824 Y118.306 E.01198
G1 X207.575 Y118.07 E.01862
G1 X207.462 Y117.903 E.01091
G1 X207.419 Y117.76 E.0081
G1 X207.41 Y117.444 E.01715
G1 X207.376 Y117.336 E.00612
G1 X207.375 Y117.12 E.01172
G1 X207.51 Y116.779 E.01987
G1 X207.568 Y116.681 E.00616
G1 X207.69 Y116.552 E.00965
G1 X207.85 Y116.465 E.00987
G1 X208.003 Y116.443 E.00836
; WIPE_START
G1 X208.178 Y116.479 E-.06797
G1 X208.37 Y116.596 E-.08528
G1 X208.536 Y116.79 E-.09688
G1 X208.63 Y117.045 E-.10337
G1 X208.656 Y117.356 E-.11857
G1 X208.699 Y117.429 E-.03228
G1 X208.725 Y117.724 E-.11253
G1 X208.683 Y118.034 E-.11885
G1 X208.658 Y118.093 E-.02428
; WIPE_END
G1 E-.04 F1800
M204 S10000
G17
G3 Z49.08 I1.206 J-.164 P1  F60000
G1 X208.126 Y114.187 Z49.08
G1 Z48.68
G1 E.8 F1800
G1 F7915.629
M204 S8000
G1 X208.189 Y114.194 E.00344
G1 X208.352 Y114.283 E.0101
G1 X208.479 Y114.426 E.01033
G1 X208.582 Y114.663 E.01401
G1 X208.614 Y114.947 E.01549
G1 X208.589 Y115.145 E.01084
G1 X208.416 Y115.374 E.01558
G1 X208.195 Y115.54 E.01495
G1 X207.953 Y115.632 E.01402
G1 X207.73 Y115.638 E.01213
G1 X207.544 Y115.564 E.01081
G1 X207.405 Y115.408 E.01133
G1 X207.375 Y115.319 E.00511
G1 X207.375 Y114.691 E.03401
G1 X207.539 Y114.463 E.01524
G1 X207.712 Y114.305 E.01268
G1 X207.884 Y114.211 E.01059
G1 X208.041 Y114.177 E.00873
; WIPE_START
G1 X208.189 Y114.194 E-.05649
G1 X208.352 Y114.283 E-.07079
G1 X208.479 Y114.426 E-.07246
G1 X208.582 Y114.663 E-.09824
G1 X208.614 Y114.947 E-.10861
G1 X208.589 Y115.145 E-.07603
G1 X208.416 Y115.374 E-.10926
G1 X208.195 Y115.54 E-.10483
G1 X208.039 Y115.599 E-.0633
; WIPE_END
G1 E-.04 F1800
M204 S10000
G17
G3 Z49.08 I-.76 J.951 P1  F60000
G1 X210.547 Y117.604 Z49.08
G1 Z48.68
G1 E.8 F1800
G1 F7915.629
M204 S8000
G1 X210.553 Y117.655 E.00279
G1 X210.622 Y117.762 E.00686
G1 X210.626 Y117.843 E.00444
G1 X210.553 Y117.756 E.00615
G1 X210.53 Y117.671 E.00482
G1 X210.532 Y116.89 E.04232
G1 X210.649 Y116.914 E.00647
G1 X210.891 Y117.057 E.01526
G1 X211.125 Y117.32 E.01908
G1 X211.153 Y117.441 E.00669
G1 X211.233 Y117.565 E.00802
G1 X211.25 Y117.909 E.01867
G1 X211.197 Y118.261 E.0193
G1 X211.092 Y118.502 E.01423
G1 X210.982 Y118.617 E.00862
G1 X210.854 Y118.666 E.00743
G1 X210.715 Y118.659 E.00753
G1 X210.549 Y118.597 E.00961
G1 X210.349 Y118.456 E.01324
G1 X210.079 Y118.165 E.02154
G1 X210.016 Y118.067 E.00634
G1 X209.977 Y118.001 E.00415
G1 X209.911 Y117.76 E.0135
G1 X209.905 Y117.467 E.01593
G1 X209.95 Y117.27 E.01095
G1 X210.031 Y117.103 E.01005
G1 X210.144 Y116.978 E.00914
G1 X210.293 Y116.898 E.00912
G1 X210.448 Y116.875 E.00849
; WIPE_START
G1 X210.649 Y116.914 E-.07778
G1 X210.891 Y117.057 E-.10699
G1 X211.125 Y117.32 E-.1338
G1 X211.153 Y117.441 E-.04692
G1 X211.233 Y117.565 E-.05626
G1 X211.25 Y117.909 E-.13088
G1 X211.197 Y118.261 E-.1353
G1 X211.121 Y118.435 E-.07208
; WIPE_END
G1 E-.04 F1800
M204 S10000
G17
G3 Z49.08 I-1.208 J.147 P1  F60000
G1 X223.587 Y220.855 Z49.08
G1 Z48.68
G1 E.8 F1800
; FEATURE: Support interface
G1 F4800
M204 S8000
G1 X222.943 Y221.498 E.04931
; WIPE_START
; WIPE_END
G1 E-.8 F1800
M204 S10000
G17
G3 Z49.08 I-.813 J.906 P1  F60000
G1 X223.74 Y222.213 Z49.08
G1 Z48.68
G1 E.8 F1800
G1 F4800
M204 S8000
G1 X222.738 Y223.215 E.07681
; WIPE_START
; WIPE_END
G1 E-.8 F1800
M204 S10000
G17
G3 Z49.08 I.861 J.861 P1  F60000
G1 X224.07 Y221.883 Z49.08
G1 Z48.68
G1 E.8 F1800
G1 F4800
M204 S8000
G1 X224.778 Y221.175 E.05422
; WIPE_START
; WIPE_END
G1 E-.8 F1800
M204 S10000
G17
G3 Z49.08 I-.953 J.757 P1  F60000
G1 X226.116 Y222.859 Z49.08
G1 Z48.68
G1 E.8 F1800
G1 F4800
M204 S8000
G1 X226.844 Y222.131 E.0558
; WIPE_START
; WIPE_END
G1 E-.8 F1800
M204 S10000
G17
G3 Z49.08 I1.208 J.15 P1  F60000
G1 X227.023 Y220.692 Z49.08
G1 Z48.68
G1 E.8 F1800
G1 F4800
M204 S8000
G1 X227.08 Y220.717 E.00334
G1 X227.105 Y220.778 E.00361
G1 X227.099 Y220.917 E.00752
G1 X227.04 Y221.091 E.01
G1 X226.927 Y221.256 E.01081
G1 X226.782 Y221.378 E.01028
G1 X226.614 Y221.448 E.00985
G1 X226.516 Y221.44 E.00535
G1 X226.468 Y221.4 E.00336
G1 X226.448 Y221.33 E.00393
G1 X226.472 Y221.151 E.00978
G1 X226.614 Y220.91 E.01518
G1 X226.761 Y220.79 E.01029
; COOLING_NODE: 0
; WIPE_START
; WIPE_END
G1 E-.8 F1800
M204 S10000
G17
G3 Z49.08 I.331 J-1.171 P1  F60000
G1 X209.617 Y215.946 Z49.08
G1 Z48.68
G1 E.8 F1800
; FEATURE: Inner wall
; LINE_WIDTH: 0.45
G1 F11292.473
M204 S8000
G1 X209.617 Y217.374 E.05427
G1 X220.717 Y217.374 E.42172
G1 X220.717 Y224.602 E.27462
G1 X220.699 Y224.834 E.00884
G1 X220.652 Y225.039 E.00797
G1 X220.575 Y225.235 E.00801
G1 X220.473 Y225.413 E.00778
; object ids of layer 203 start: 1901,1902
M624 AwAAAAAAAAA=
;===== machine: H2C timelapse =====
;======== date: 20260731 ========

; SKIPPABLE_START
; SKIPTYPE: timelapse

M1002 judge_flag timelapse_record_flag
M622 J1
    

    
        
    

    
        M971 S11 C10 O0
        M1004 S5 P1  ; external shutter
    

    
        
    
    
    
M623
; SKIPPABLE_END

; object ids of this layer203 end: 1901,1902
M625
G1 X220.365 Y225.553 E.00672
G1 X220.213 Y225.701 E.00808
G1 X220.043 Y225.824 E.00798
G1 X219.791 Y225.942 E.01054
G1 X219.496 Y225.876 E.01152
G1 X218.69 Y225.648 E.0318
G1 X218.217 Y225.551 E.01835
G1 X217.644 Y225.537 E.02178
G1 X217.043 Y225.773 E.02456
G1 X216.734 Y226.032 E.01528
G1 X216.479 Y226.032 E.00969
G1 X216.187 Y225.563 E.02098
G1 X215.627 Y225.184 E.02568
G1 X215.122 Y224.987 E.02061
G1 X214.639 Y224.881 E.01877
G1 X214.165 Y224.84 E.01807
G1 X213.693 Y224.857 E.01796
G1 X213.215 Y224.933 E.01838
G1 X212.722 Y225.085 E.01961
G1 X212.183 Y225.37 E.02316
G1 X211.737 Y225.853 E.02499
G1 X211.529 Y226.032 E.0104
G1 X211.291 Y226.032 E.00907
G1 X210.964 Y225.471 E.02464
G1 X210.293 Y225.184 E.02771
G1 X209.728 Y225.14 E.02154
G1 X209.22 Y225.217 E.01954
G1 X208.755 Y225.356 E.01844
G1 X207.55 Y225.833 E.04921
G1 X207.007 Y225.993 E.02154
G1 X206.7 Y225.891 E.01227
G1 X206.519 Y225.786 E.00797
G1 X206.36 Y225.659 E.00769
G1 X206.168 Y225.441 E.01105
G1 X206.047 Y225.238 E.00901
G1 X205.95 Y224.971 E.01077
G1 X205.906 Y224.68 E.01119
G1 X205.903 Y212.532 E.46156
G1 X188.717 Y212.532 E.65297
G1 X188.717 Y222.782 E.38942
G1 X186.903 Y222.782 E.06888
G1 X186.903 Y210.718 E.45831
G1 X205.903 Y210.718 E.72186
G1 X205.903 Y175.352 E1.34368
G1 X187.903 Y175.352 E.68387
G1 X187.903 Y150.531 E.94298
G1 X181.993 Y150.531 E.22454
G1 X181.993 Y93.968 E2.14898
G1 X185.006 Y93.968 E.11447
G1 X185.006 Y95.781 E.06888
G1 X183.806 Y95.781 E.04559
G1 X183.806 Y145.718 E1.89724
G1 X205.903 Y145.718 E.83952
G1 X205.903 Y133.068 E.48061
G1 X210.221 Y133.068 E.16402
G1 X210.221 Y150.818 E.67437
G1 X210.717 Y150.818 E.01884
G1 X210.717 Y191.882 E1.56009
G1 X210.221 Y191.882 E.01884
G1 X210.221 Y210.568 E.70997
G1 X210.717 Y210.568 E.01884
G1 X210.717 Y210.718 E.0057
G1 X220.717 Y210.718 E.37993
G1 X220.717 Y215.946 E.1986
G1 X209.677 Y215.946 E.41944
; COOLING_NODE: 0
M204 S250
G1 X210 Y216.329 F60000
; FEATURE: Outer wall
; LINE_WIDTH: 0.42
G1 F3029.388
M204 S5000
G1 X210 Y216.591 E.00918
G1 F2600.04
G1 X210 Y216.991 E.01405
G1 F2006.486
G1 X210.041 Y216.991 E.00144
G1 F1950
G1 X221.1 Y216.991 E.38853
G1 F2100
G1 X221.1 Y217.19 E.00699
G1 F2706.344
G1 X221.1 Y217.59 E.01405
G1 F3389.487
G1 X221.1 Y217.99 E.01405
G1 F4149.431
G1 X221.1 Y218.39 E.01405
G1 F4986.175
G1 X221.1 Y218.79 E.01405
G1 F5899.718
G1 X221.1 Y219.19 E.01405
G1 F6890.062
G1 X221.1 Y219.59 E.01405
G1 F7957.206
G1 X221.1 Y219.99 E.01405
G1 F9101.149
G1 X221.1 Y220.39 E.01405
G1 F10321.893
G1 X221.1 Y220.79 E.01405
G1 F11619.437
G1 X221.1 Y221.19 E.01405
G1 F12000
G1 X221.1 Y221.59 E.01405
G1 X221.1 Y224.617 E.10635
G1 X221.079 Y224.892 E.00968
G1 X221.02 Y225.152 E.00939
G1 X220.922 Y225.402 E.00941
G1 X220.793 Y225.626 E.00911
G1 X220.652 Y225.808 E.00807
G1 X220.46 Y225.996 E.00943
G1 X220.243 Y226.152 E.0094
G1 X220.004 Y226.274 E.00943
G1 X219.813 Y226.339 E.00709
G1 X219.401 Y226.248 E.01483
G1 X218.6 Y226.02 E.02928
G1 X218.174 Y225.933 E.01527
G1 X217.712 Y225.922 E.01621
G1 X217.241 Y226.107 E.0178
G1 X216.874 Y226.415 E.01684
G1 X216.266 Y226.415 E.02133
G1 X215.904 Y225.835 E.02402
G1 X215.448 Y225.525 E.01938
G1 X215.011 Y225.355 E.01649
G1 X214.581 Y225.261 E.01544
G1 X214.155 Y225.224 E.01503
G1 X213.73 Y225.239 E.01496
G1 X213.302 Y225.307 E.01521
G1 X212.869 Y225.441 E.01592
G1 X212.42 Y225.678 E.01784
G1 X212.004 Y226.129 E.02157
G1 X211.672 Y226.415 E.01539
G1 X211.07 Y226.415 E.02113
G1 X210.696 Y225.774 E.02608
G1 X210.201 Y225.561 E.01895
G1 X209.742 Y225.526 E.01615
G1 X209.304 Y225.592 E.01558
G1 X208.881 Y225.719 E.01551
G1 X207.679 Y226.194 E.04539
G1 X207.01 Y226.387 E.02447
G1 X206.783 Y226.335 E.00818
G1 X206.533 Y226.237 E.00941
G1 X206.302 Y226.103 E.00939
G1 X206.095 Y225.938 E.0093
G1 X205.857 Y225.668 E.01266
G1 X205.699 Y225.402 E.01086
G1 X205.576 Y225.066 E.01257
G1 X205.522 Y224.709 E.0127
G1 X205.52 Y212.915 E.41435
G1 X189.1 Y212.915 E.57687
G1 X189.1 Y223.165 E.36011
G1 X186.52 Y223.165 E.09064
G1 X186.52 Y210.335 E.45075
G1 X205.52 Y210.335 E.66752
G1 X205.52 Y175.735 E1.21558
G1 X187.52 Y175.735 E.63238
G1 X187.52 Y150.915 E.87199
G1 X181.61 Y150.915 E.20763
G1 X181.61 Y93.585 E2.01414
G1 X185.39 Y93.585 E.1328
G1 X185.39 Y96.165 E.09064
G1 X184.19 Y96.165 E.04216
G1 X184.19 Y145.335 E1.72746
G1 X205.52 Y145.335 E.74937
G1 X205.52 Y132.685 E.44443
G1 X210.604 Y132.685 E.17862
G1 X210.604 Y150.435 E.6236
G1 X211.1 Y150.435 E.01742
G1 X211.1 Y192.265 E1.46959
G1 X210.604 Y192.265 E.01742
G1 X210.604 Y210.185 E.62957
G1 X211.1 Y210.185 E.01742
G1 X211.1 Y210.335 E.00527
G1 X221.1 Y210.335 E.35132
G1 X221.1 Y211.73 E.04902
G1 X221.1 Y212.13 E.01405
G1 F11619.437
G1 X221.1 Y212.53 E.01405
G1 F10321.893
G1 X221.1 Y212.93 E.01405
G1 F9101.149
G1 X221.1 Y213.33 E.01405
G1 F7957.206
G1 X221.1 Y213.73 E.01405
G1 F6890.062
G1 X221.1 Y214.13 E.01405
G1 F5899.718
G1 X221.1 Y214.53 E.01405
G1 F4986.175
G1 X221.1 Y214.93 E.01405
G1 F4149.431
G1 X221.1 Y215.33 E.01405
G1 F3389.487
G1 X221.1 Y215.73 E.01405
G1 F2706.344
G1 X221.1 Y216.13 E.01405
G1 F2100
G1 X221.1 Y216.329 E.00699
G1 F1950
G1 X210.06 Y216.329 E.38786
M204 S10000
G1 X209.647 Y215.497 F60000
; FEATURE: Floating vertical shell
; LINE_WIDTH: 0.551544
G1 F8999.281
M204 S8000
G1 X220.207 Y215.497 E.50344
; WIPE_START
G1 X218.207 Y215.497 E-.76
; WIPE_END
G1 E-.04 F1800
M204 S10000
G17
G3 Z49.08 I-.319 J-1.174 P1  F60000
G1 X209.647 Y217.823 Z49.08
G1 Z48.68
G1 E.8 F1800
; LINE_WIDTH: 0.551564
G1 F8998.921
M204 S8000
G1 X220.207 Y217.823 E.50346
; WIPE_START
G1 X218.207 Y217.823 E-.76
; WIPE_END
G1 E-.04 F1800
M204 S10000
G1 X210.747 Y219.437 Z49.08 F60000
G1 X206.246 Y220.41 Z49.08
G1 Z48.68
G1 E.8 F1800
; FEATURE: Sparse infill
; LINE_WIDTH: 0.45
G1 F11292.473
M204 S8000
G1 X206.246 Y222.004 E.06056
G1 X209.13 Y224.888 E.15493
G1 X208.643 Y225.034 E.01932
G1 X207.44 Y225.51 E.04917
G1 X207.013 Y225.635 E.01689
G1 X206.841 Y225.578 E.00689
G1 X206.711 Y225.503 E.00569
G1 X206.584 Y225.398 E.00627
G1 X213.709 Y218.273 E.38283
G1 X217.543 Y218.273 E.14566
G1 X220.376 Y221.105 E.15219
G1 X220.376 Y219.12 E.07541
G1 X214.905 Y224.591 E.29391
G1 X215.221 Y224.66 E.01226
G1 X215.787 Y224.88 E.02309
G1 X216.438 Y225.321 E.02989
G1 X216.648 Y225.659 E.01511
G1 X216.866 Y225.476 E.0108
G1 X217.129 Y225.373 E.01073
G1 X210.029 Y218.273 E.38149
G1 X209.434 Y218.273 E.02261
G1 X209.198 Y218.037 E.01267
G1 X209.198 Y217.475 E.02135
G1 X209.215 Y217.458 E.00089
G1 X206.245 Y214.488 E.15957
G1 X206.246 Y218.222 E.14186
G1 X213.408 Y211.059 E.38485
G1 X217.844 Y211.059 E.16852
G1 X220.376 Y213.591 E.13602
G1 X220.376 Y211.606 E.07541
G1 X216.934 Y215.047 E.18489
G1 X214.318 Y215.047 E.09941
G1 X210.18 Y210.909 E.22233
G1 X209.88 Y210.909 E.0114
G1 X209.88 Y210.609 E.0114
G1 X206.244 Y206.974 E.19532
G1 X206.244 Y203.195 E.14357
G1 X209.88 Y199.56 E.19532
G1 X209.88 Y203.095 E.13432
G1 X206.244 Y199.46 E.19532
G1 X206.244 Y195.681 E.14357
G1 X209.88 Y192.046 E.19532
G1 X209.88 Y195.581 E.13432
G1 X206.244 Y191.946 E.19532
G1 X206.244 Y190.352 E.06056
; WIPE_START
G1 X206.244 Y191.946 E-.60572
G1 X206.532 Y192.233 E-.15428
; WIPE_END
G1 E-.04 F1800
M204 S10000
G1 X201.217 Y197.711 Z49.08 F60000
G1 X187.244 Y212.11 Z49.08
G1 Z48.68
G1 E.8 F1800
G1 F11292.473
M204 S8000
G1 X187.244 Y211.059 E.03992
G1 X187.788 Y211.059 E.02064
G1 X188.919 Y212.191 E.06077
G1 X189.735 Y212.191 E.03101
G1 X190.866 Y211.059 E.06077
G1 X195.302 Y211.059 E.16852
G1 X196.433 Y212.191 E.06077
G1 X197.249 Y212.191 E.03101
G1 X198.38 Y211.059 E.06077
G1 X202.816 Y211.059 E.16852
G1 X203.947 Y212.191 E.06077
G1 X204.763 Y212.191 E.03101
G1 X205.894 Y211.059 E.06077
G1 X206.244 Y211.059 E.01331
G1 X206.244 Y210.709 E.01331
G1 X209.88 Y207.074 E.19532
G1 X209.88 Y205.48 E.06056
; WIPE_START
G1 X209.88 Y207.074 E-.60572
G1 X209.593 Y207.361 E-.15429
; WIPE_END
G1 E-.04 F1800
M204 S10000
G1 X203.026 Y211.251 Z49.08 F60000
G1 X187.244 Y220.601 Z49.08
G1 Z48.68
G1 E.8 F1800
G1 F11292.473
M204 S8000
G1 X187.244 Y222.195 E.06056
G1 X188.376 Y221.064 E.06077
G1 X188.376 Y219.162 E.07228
G1 X187.244 Y218.03 E.06077
G1 X187.244 Y214.681 E.12725
G1 X188.376 Y213.55 E.06077
G1 X188.376 Y215.144 E.06056
; WIPE_START
G1 X188.376 Y213.55 E-.60571
G1 X188.088 Y213.837 E-.15429
; WIPE_END
G1 E-.04 F1800
M204 S10000
G1 X190.815 Y206.708 Z49.08 F60000
G1 X210.376 Y155.573 Z49.08
G1 Z48.68
G1 E.8 F1800
G1 F11292.473
M204 S8000
G1 X210.376 Y153.979 E.06056
G1 X189.344 Y175.011 E1.13
G1 X189.309 Y175.011 E.00134
G1 X188.244 Y173.946 E.05721
G1 X188.244 Y172.352 E.06056
; WIPE_START
G1 X188.244 Y173.946 E-.60572
G1 X188.532 Y174.233 E-.15429
; WIPE_END
G1 E-.04 F1800
M204 S10000
G1 X192.455 Y167.686 Z49.08 F60000
G1 X206.244 Y144.676 Z49.08
G1 Z48.68
G1 E.8 F1800
G1 F11292.473
M204 S8000
G1 X206.244 Y143.082 E.06056
G1 X209.88 Y139.447 E.19532
G1 X209.88 Y142.982 E.13432
G1 X206.244 Y139.347 E.19532
G1 X206.244 Y135.568 E.14357
G1 X208.403 Y133.409 E.11599
G1 X207.821 Y133.409 E.02213
G1 X209.88 Y135.468 E.11063
G1 X209.88 Y137.062 E.06056
; WIPE_START
G1 X209.88 Y135.468 E-.60572
G1 X209.593 Y135.181 E-.15429
; WIPE_END
G1 E-.04 F1800
M204 S10000
G1 X205.345 Y128.84 Z49.08 F60000
G1 X182.334 Y94.489 Z49.08
G1 Z48.68
G1 E.8 F1800
G1 F11292.473
M204 S8000
G1 X182.334 Y94.309 E.00682
G1 X183.749 Y94.309 E.05374
G1 X184.666 Y95.226 E.04924
G1 X184.666 Y95.441 E.00815
G1 X183.466 Y95.441 E.04559
G1 X183.466 Y98.234 E.10615
G1 X182.334 Y99.365 E.06077
G1 X182.334 Y100.409 E.03964
G1 X183.466 Y101.54 E.06077
G1 X183.466 Y105.748 E.15989
G1 X182.334 Y106.88 E.06077
G1 X182.334 Y107.923 E.03964
G1 X183.466 Y109.054 E.06077
G1 X183.466 Y113.263 E.15989
G1 X182.334 Y114.394 E.06077
G1 X182.334 Y115.437 E.03964
G1 X183.466 Y116.568 E.06077
G1 X183.466 Y120.777 E.15989
G1 X182.334 Y121.908 E.06077
G1 X182.334 Y122.951 E.03964
G1 X183.466 Y124.082 E.06077
G1 X183.466 Y128.291 E.15989
G1 X182.334 Y129.422 E.06077
G1 X182.334 Y130.465 E.03964
G1 X183.466 Y131.596 E.06077
G1 X183.466 Y135.805 E.15989
G1 X182.334 Y136.936 E.06077
G1 X182.334 Y137.979 E.03964
G1 X183.466 Y139.111 E.06077
G1 X183.466 Y143.319 E.15989
G1 X182.334 Y144.45 E.06077
G1 X182.334 Y145.494 E.03964
G1 X187.031 Y150.191 E.25237
G1 X184.108 Y150.191 E.11107
G1 X188.239 Y146.059 E.22196
G1 X190.414 Y146.059 E.08264
G1 X210.376 Y166.021 E1.07251
G1 X210.376 Y169.008 E.11349
G1 X204.373 Y175.011 E.32254
G1 X204.337 Y175.011 E.00134
G1 X188.244 Y158.918 E.86467
G1 X188.244 Y161.082 E.08224
G1 X203.267 Y146.059 E.80718
G1 X205.443 Y146.059 E.08264
G1 X209.88 Y150.497 E.23841
G1 X209.88 Y146.961 E.13432
G1 X188.244 Y168.596 E1.16246
G1 X188.244 Y166.432 E.08224
G1 X196.823 Y175.011 E.46094
G1 X196.859 Y175.011 E.00134
G1 X210.376 Y161.494 E.72627
G1 X210.376 Y158.506 E.11349
G1 X197.929 Y146.059 E.66878
G1 X195.753 Y146.059 E.08264
G1 X188.244 Y153.568 E.40345
G1 X188.244 Y151.404 E.08224
G1 X210.376 Y173.535 E1.1891
G1 X210.376 Y176.522 E.11349
G1 X206.244 Y180.653 E.22196
G1 X206.244 Y176.918 E.14191
G1 X210.376 Y181.049 E.22196
G1 X210.376 Y184.036 E.11349
G1 X206.244 Y188.167 E.22196
G1 X206.244 Y184.432 E.14191
G1 X210.376 Y188.563 E.22196
G1 X210.376 Y186.969 E.06056
; OBJECT_ID: 1901
; WIPE_START
G1 X210.376 Y188.563 E-.60572
G1 X210.088 Y188.276 E-.15429
; WIPE_END
G1 E-.04 F1800
; FEATURE: Other object
; stop printing object, unique label id: 1902
M625
; FEATURE: Other object
; start printing object, unique label id: 1901
M624 AQAAAAAAAAA=
M204 S10000
G1 X202.731 Y190.305 Z49.08 F60000
G1 X111.327 Y215.512 Z49.08
G1 Z48.68
G1 E.8 F1800
; FEATURE: Other object
; LINE_WIDTH: 0.62
G1 F7915.629
M204 S8000
G1 X111.539 Y215.146 E.02289
G1 X111.689 Y214.995 E.01156
G1 X111.828 Y214.918 E.00862
G1 X111.934 Y214.897 E.00587
G1 X112.001 Y214.28 E.03362
G1 X112.195 Y214.308 E.01062
G1 X112.443 Y214.439 E.01521
G1 X112.638 Y214.65 E.01558
G1 X112.766 Y214.928 E.01659
G1 X112.812 Y215.252 E.01773
G1 X112.766 Y215.591 E.01854
G1 X112.628 Y215.918 E.0192
G1 X112.362 Y216.266 E.02377
G1 X112.32 Y216.528 E.01434
G1 X112.178 Y216.831 E.01819
G1 X111.958 Y217.084 E.01817
G1 X111.681 Y217.266 E.01797
G1 X111.369 Y217.364 E.01769
G1 X111.05 Y217.371 E.01732
G1 X110.753 Y217.293 E.01662
G1 X110.484 Y217.13 E.01706
G1 X110.279 Y216.902 E.01662
G1 X110.145 Y216.621 E.01684
G1 X110.095 Y216.307 E.01723
G1 X110.135 Y215.983 E.0177
G1 X110.265 Y215.674 E.01819
G1 X110.476 Y215.406 E.01849
G1 X110.813 Y215.162 E.02252
G1 X111.043 Y214.766 E.02484
G1 X111.311 Y214.496 E.02063
G1 X111.612 Y214.329 E.01866
G1 X111.916 Y214.269 E.01681
; WIPE_START
G1 X112.195 Y214.308 E-.10685
G1 X112.443 Y214.439 E-.10666
G1 X112.638 Y214.65 E-.10921
G1 X112.766 Y214.928 E-.11631
G1 X112.812 Y215.252 E-.12433
G1 X112.766 Y215.591 E-.12999
G1 X112.698 Y215.753 E-.06664
; WIPE_END
G1 E-.04 F1800
M204 S10000
G17
G3 Z49.08 I.121 J-1.211 P1  F60000
G1 X105.631 Y215.046 Z49.08
G1 Z48.68
G1 E.8 F1800
G1 F7915.629
M204 S8000
G1 X105.657 Y214.911 E.00748
G1 X105.757 Y214.821 E.0073
G1 X105.861 Y214.796 E.00578
G1 X106.095 Y214.796 E.01267
G1 X106.188 Y214.183 E.0336
G1 X106.406 Y214.216 E.01192
G1 X106.658 Y214.346 E.01538
G1 X106.858 Y214.553 E.01558
G1 X106.988 Y214.823 E.01627
G1 X107.06 Y215.317 E.02705
G1 X107.014 Y215.635 E.0174
G1 X106.883 Y215.912 E.01658
G1 X106.684 Y216.123 E.01574
G1 X106.432 Y216.259 E.01552
G1 X106.149 Y216.309 E.01558
G1 X105.856 Y216.269 E.01604
G1 X105.58 Y216.138 E.01654
G1 X105.345 Y215.928 E.01712
G1 X105.119 Y215.541 E.02426
G1 X105.011 Y215.2 E.01942
G1 X105.011 Y214.89 E.01677
G1 X105.101 Y214.616 E.01568
G1 X105.272 Y214.395 E.01512
G1 X105.511 Y214.242 E.01537
G1 X105.808 Y214.171 E.01657
G1 X106.104 Y214.17 E.01603
; WIPE_START
G1 X106.406 Y214.216 E-.116
G1 X106.658 Y214.346 E-.10785
G1 X106.858 Y214.553 E-.10924
G1 X106.988 Y214.823 E-.11405
G1 X107.06 Y215.317 E-.18965
G1 X107.014 Y215.635 E-.12196
G1 X107.012 Y215.638 E-.00124
; WIPE_END
G1 E-.04 F1800
M204 S10000
G17
G3 Z49.08 I-.511 J-1.104 P1  F60000
G1 X101.334 Y218.266 Z49.08
G1 Z48.68
G1 E.8 F1800
G1 F7915.629
M204 S8000
G1 X101.139 Y217.968 E.0193
G1 X101.061 Y217.747 E.01272
G1 X101.041 Y217.533 E.01166
G1 X101.071 Y217.349 E.01011
G1 X101.136 Y217.209 E.00833
G1 X101.217 Y217.117 E.00667
G1 X101.298 Y217.067 E.00517
G1 X101.424 Y217.039 E.00697
G1 X101.464 Y216.421 E.03361
G1 X101.662 Y216.435 E.01079
G1 X101.971 Y216.554 E.01792
G1 X102.257 Y216.769 E.0194
G1 X102.495 Y217.073 E.0209
G1 X102.577 Y217.257 E.01093
G1 X103.045 Y217.783 E.03816
G1 X103.281 Y217.948 E.01561
G1 X103.498 Y218.211 E.01847
G1 X103.63 Y218.511 E.01776
G1 X103.671 Y218.823 E.01707
G1 X103.623 Y219.125 E.01654
G1 X103.49 Y219.395 E.01635
G1 X103.28 Y219.619 E.01658
G1 X103.007 Y219.778 E.01717
G1 X102.594 Y219.882 E.02308
G1 X102.37 Y220.062 E.01556
G1 X101.987 Y220.687 E.03974
G1 X101.906 Y221.155 E.02574
G1 X101.745 Y221.498 E.02052
G1 X101.505 Y221.785 E.02032
G1 X101.209 Y221.994 E.01961
G1 X100.887 Y222.111 E.01858
G1 X100.564 Y222.133 E.01756
G1 X100.262 Y222.065 E.01676
G1 X100.003 Y221.915 E.01624
G1 X99.798 Y221.694 E.01631
G1 X99.664 Y221.415 E.0168
G1 X99.61 Y221.095 E.01757
G1 X99.648 Y220.755 E.01855
G1 X99.778 Y220.422 E.01938
G1 X99.995 Y220.125 E.01994
G1 X100.282 Y219.889 E.02014
G1 X100.717 Y219.692 E.02589
G1 X100.797 Y219.46 E.01326
G1 X100.877 Y218.698 E.04152
G1 X100.579 Y218.245 E.02937
G1 X100.451 Y217.881 E.02096
G1 X100.416 Y217.511 E.02013
G1 X100.473 Y217.165 E.01901
G1 X100.611 Y216.867 E.01778
G1 X100.814 Y216.636 E.0167
G1 X101.065 Y216.484 E.0159
G1 X101.379 Y216.415 E.01743
; WIPE_START
G1 X101.662 Y216.435 E-.10803
G1 X101.971 Y216.554 E-.12563
G1 X102.257 Y216.769 E-.13604
G1 X102.495 Y217.073 E-.14656
G1 X102.577 Y217.257 E-.07665
G1 X102.869 Y217.586 E-.1671
; WIPE_END
G1 E-.04 F1800
M204 S10000
G17
G3 Z49.08 I1.001 J-.692 P1  F60000
G1 X98.788 Y211.682 Z49.08
G1 Z48.68
G1 E.8 F1800
G1 F7915.629
M204 S8000
G1 X98.752 Y211.627 E.00354
G1 X98.712 Y211.496 E.00744
G1 X98.711 Y211.374 E.00663
G1 X98.74 Y211.278 E.00542
G1 X98.787 Y211.211 E.0044
G1 X98.85 Y211.166 E.00423
G1 X98.943 Y211.138 E.00526
G1 X98.94 Y210.518 E.03361
G1 X99.17 Y210.52 E.01246
G1 X99.483 Y210.614 E.01775
G1 X99.766 Y210.794 E.01816
G1 X99.987 Y211.042 E.01802
G1 X100.127 Y211.332 E.01741
G1 X100.173 Y211.633 E.01651
G1 X100.128 Y211.92 E.01578
G1 X99.997 Y212.173 E.01543
G1 X99.79 Y212.373 E.01561
G1 X99.523 Y212.504 E.01611
G1 X99.218 Y212.55 E.01668
G1 X98.904 Y212.505 E.01724
G1 X98.608 Y212.371 E.01757
G1 X98.36 Y212.16 E.01767
G1 X98.185 Y211.892 E.01733
G1 X98.093 Y211.591 E.01708
G1 X98.09 Y211.285 E.01657
G1 X98.175 Y211.003 E.01599
G1 X98.34 Y210.769 E.01552
G1 X98.572 Y210.602 E.01549
G1 X98.855 Y210.517 E.01599
; WIPE_START
G1 X99.17 Y210.52 E-.11973
G1 X99.483 Y210.614 E-.12445
G1 X99.766 Y210.794 E-.12731
G1 X99.987 Y211.042 E-.12634
G1 X100.127 Y211.332 E-.12207
G1 X100.173 Y211.633 E-.11573
G1 X100.163 Y211.696 E-.02437
; WIPE_END
G1 E-.04 F1800
M204 S10000
G17
G3 Z49.08 I1.149 J-.402 P1  F60000
G1 X98.979 Y208.31 Z49.08
G1 Z48.68
G1 E.8 F1800
G1 F7915.629
M204 S8000
G1 X98.946 Y208.206 E.00592
G1 X98.946 Y208.106 E.00542
G1 X98.973 Y208.023 E.00471
G1 X99.022 Y207.957 E.0045
G1 X99.103 Y207.9 E.00534
G1 X99.206 Y207.868 E.00584
G1 X99.203 Y207.248 E.03361
G1 X99.487 Y207.253 E.01543
G1 X99.768 Y207.33 E.01579
G1 X100.055 Y207.502 E.01813
G1 X100.278 Y207.739 E.01763
G1 X100.417 Y208.016 E.0168
G1 X100.464 Y208.307 E.01598
G1 X100.418 Y208.589 E.01548
G1 X100.285 Y208.841 E.01547
G1 X100.072 Y209.044 E.01593
G1 X99.797 Y209.179 E.01663
G1 X99.481 Y209.23 E.01732
G1 X99.155 Y209.189 E.01781
G1 X98.851 Y209.059 E.01791
G1 X98.598 Y208.853 E.01771
G1 X98.418 Y208.591 E.01723
G1 X98.326 Y208.301 E.0165
G1 X98.326 Y208.007 E.01595
G1 X98.415 Y207.734 E.01553
G1 X98.586 Y207.506 E.01546
G1 X98.827 Y207.337 E.01595
G1 X99.117 Y207.246 E.01649
; WIPE_START
G1 X99.487 Y207.253 E-.1406
G1 X99.768 Y207.33 E-.11072
G1 X100.055 Y207.502 E-.12714
G1 X100.278 Y207.739 E-.12363
G1 X100.417 Y208.016 E-.11778
G1 X100.464 Y208.307 E-.112
G1 X100.452 Y208.38 E-.02813
; WIPE_END
G1 E-.04 F1800
M204 S10000
G17
G3 Z49.08 I1.082 J-.556 P1  F60000
G1 X98.821 Y205.206 Z49.08
G1 Z48.68
G1 E.8 F1800
G1 F7915.629
M204 S8000
G1 X98.859 Y205.065 E.00795
G1 X98.936 Y204.949 E.00753
G1 X99.05 Y204.854 E.00806
G1 X99.184 Y204.795 E.00791
G1 X99.32 Y204.777 E.00748
G1 X99.416 Y204.165 E.03361
G1 X99.637 Y204.201 E.01213
G1 X99.903 Y204.335 E.01619
G1 X100.11 Y204.538 E.01573
G1 X100.241 Y204.793 E.01551
G1 X100.287 Y205.078 E.01567
G1 X100.24 Y205.374 E.01619
G1 X100.104 Y205.654 E.01693
G1 X99.885 Y205.893 E.01754
G1 X99.605 Y206.067 E.01787
G1 X99.292 Y206.158 E.01768
G1 X98.983 Y206.156 E.01673
G1 X98.692 Y206.067 E.01653
G1 X98.458 Y205.9 E.01557
G1 X98.29 Y205.669 E.01548
G1 X98.201 Y205.393 E.01572
G1 X98.201 Y205.092 E.01629
G1 X98.293 Y204.795 E.01684
G1 X98.47 Y204.531 E.01725
G1 X98.72 Y204.322 E.01765
G1 X99.016 Y204.191 E.01754
G1 X99.332 Y204.151 E.01726
; WIPE_START
G1 X99.637 Y204.201 E-.11746
G1 X99.903 Y204.335 E-.11347
G1 X100.11 Y204.538 E-.11026
G1 X100.241 Y204.793 E-.10874
G1 X100.287 Y205.078 E-.10985
G1 X100.24 Y205.374 E-.11353
G1 X100.141 Y205.579 E-.08668
; WIPE_END
G1 E-.04 F1800
M204 S10000
G17
G3 Z49.08 I1.208 J-.147 P1  F60000
G1 X99.031 Y196.433 Z49.08
G1 Z48.68
G1 E.8 F1800
G1 F7915.629
M204 S8000
G1 X99.052 Y196.348 E.00475
G1 X98.955 Y196.053 E.0168
G1 X98.955 Y195.953 E.00545
G1 X98.991 Y195.838 E.0065
G1 X99.072 Y195.721 E.0077
G1 X99.194 Y195.62 E.0086
G1 X99.345 Y195.554 E.00892
G1 X99.504 Y195.531 E.00873
G1 X99.589 Y194.917 E.0336
G1 X99.824 Y194.95 E.01288
G1 X100.104 Y195.081 E.01672
G1 X100.318 Y195.279 E.01583
G1 X100.453 Y195.528 E.01532
G1 X100.5 Y195.809 E.01546
G1 X100.452 Y196.104 E.01618
G1 X100.309 Y196.388 E.01725
G1 X99.963 Y196.76 E.02754
G1 X100.1 Y197.568 E.04445
G1 X100.233 Y197.832 E.01602
G1 X100.28 Y198.122 E.01593
G1 X100.234 Y198.402 E.01541
G1 X100.1 Y198.653 E.01544
G1 X99.807 Y198.929 E.02182
G1 X99.72 Y199.113 E.01101
G1 X99.503 Y199.376 E.0185
G1 X99.243 Y199.549 E.01688
G1 X98.959 Y199.63 E.01604
G1 X98.664 Y199.621 E.01598
G1 X98.376 Y199.519 E.01657
G1 X98.115 Y199.328 E.01752
G1 X97.901 Y199.057 E.01873
G1 X97.756 Y198.723 E.01974
G1 X97.697 Y198.349 E.02053
G1 X97.731 Y197.967 E.02079
G1 X97.879 Y197.563 E.02333
G1 X97.979 Y197.409 E.00994
G1 X98.22 Y197.133 E.01987
G1 X98.407 Y196.372 E.04246
G1 X98.335 Y196.152 E.01253
G1 X98.335 Y195.857 E.01599
G1 X98.428 Y195.564 E.01667
G1 X98.609 Y195.299 E.01743
G1 X98.866 Y195.087 E.018
G1 X99.173 Y194.952 E.01823
G1 X99.504 Y194.905 E.01812
; WIPE_START
G1 X99.824 Y194.95 E-.12273
G1 X100.104 Y195.081 E-.11725
G1 X100.318 Y195.279 E-.11099
G1 X100.453 Y195.528 E-.10744
G1 X100.5 Y195.809 E-.10836
G1 X100.452 Y196.104 E-.11343
G1 X100.358 Y196.291 E-.07981
; WIPE_END
G1 E-.04 F1800
M204 S10000
G17
G3 Z49.08 I1.16 J-.369 P1  F60000
G1 X98.382 Y190.075 Z49.08
G1 Z48.68
G1 E.8 F1800
G1 F7915.629
M204 S8000
G1 X98.469 Y189.868 E.01221
G1 X98.593 Y189.713 E.01072
G1 X98.736 Y189.607 E.00969
G1 X98.884 Y189.551 E.00856
G1 X99.02 Y189.54 E.0074
G1 X99.144 Y188.932 E.03361
G1 X99.339 Y188.974 E.0108
G1 X99.615 Y189.125 E.01706
G1 X99.82 Y189.345 E.01628
G1 X99.959 Y189.633 E.01732
G1 X99.998 Y189.864 E.0127
G1 X100.168 Y190.508 E.03611
G1 X100.224 Y190.618 E.0067
G1 X100.27 Y190.907 E.01583
G1 X100.225 Y191.189 E.0155
G1 X100.091 Y191.444 E.01558
G1 X99.88 Y191.651 E.01606
G1 X99.604 Y191.792 E.01677
G1 X99.288 Y191.85 E.01742
G1 X98.962 Y191.819 E.01775
G1 X98.659 Y191.7 E.01763
G1 X98.408 Y191.508 E.01713
G1 X98.281 Y191.332 E.01176
G1 X98.19 Y191.281 E.00568
G1 X97.959 Y191.042 E.01801
G1 X97.847 Y190.836 E.01272
G1 X97.761 Y190.582 E.01453
G1 X97.728 Y190.242 E.01849
G1 X97.786 Y189.878 E.01999
G1 X97.935 Y189.543 E.01987
G1 X98.159 Y189.263 E.01945
G1 X98.437 Y189.057 E.01873
G1 X98.746 Y188.94 E.01794
G1 X99.061 Y188.914 E.01709
; WIPE_START
G1 X99.339 Y188.974 E-.10813
G1 X99.615 Y189.125 E-.11961
G1 X99.82 Y189.345 E-.11416
G1 X99.959 Y189.633 E-.12144
G1 X99.998 Y189.864 E-.08902
G1 X100.138 Y190.392 E-.20763
; WIPE_END
G1 E-.04 F1800
M204 S10000
G17
G3 Z49.08 I1.188 J-.262 P1  F60000
G1 X98.746 Y184.09 Z49.08
G1 Z48.68
G1 E.8 F1800
G1 F7915.629
M204 S8000
G1 X98.68 Y183.92 E.00987
G1 X98.68 Y183.795 E.00677
G1 X98.71 Y183.692 E.00584
G1 X98.759 Y183.623 E.00458
G1 X98.822 Y183.576 E.00426
G1 X98.911 Y183.548 E.00504
G1 X98.902 Y182.928 E.03361
G1 X99.126 Y182.929 E.01216
G1 X99.433 Y183.019 E.01736
G1 X99.709 Y183.195 E.0177
G1 X99.925 Y183.438 E.01766
G1 X100.061 Y183.723 E.01712
G1 X100.106 Y184.017 E.01611
G1 X100.062 Y184.314 E.01626
G1 X99.932 Y184.569 E.01551
G1 X99.729 Y184.773 E.01562
G1 X99.467 Y184.906 E.01594
G1 X99.169 Y184.956 E.01637
G1 X98.86 Y184.916 E.01689
G1 X98.57 Y184.786 E.0172
G1 X98.326 Y184.578 E.01739
G1 X98.151 Y184.313 E.01719
G1 X98.06 Y184.013 E.01702
G1 X98.06 Y183.706 E.0166
G1 X98.144 Y183.421 E.01615
G1 X98.308 Y183.184 E.01558
G1 X98.538 Y183.015 E.01546
G1 X98.816 Y182.928 E.01582
; WIPE_START
G1 X99.126 Y182.929 E-.11764
G1 X99.433 Y183.019 E-.12173
G1 X99.709 Y183.195 E-.12408
G1 X99.925 Y183.438 E-.12382
G1 X100.061 Y183.723 E-.12004
G1 X100.106 Y184.017 E-.11296
G1 X100.091 Y184.12 E-.03973
; WIPE_END
G1 E-.04 F1800
M204 S10000
G17
G3 Z49.08 I1.148 J-.405 P1  F60000
G1 X98.827 Y180.54 Z49.08
G1 Z48.68
G1 E.8 F1800
G1 F7915.629
M204 S8000
G1 X98.864 Y180.404 E.00766
G1 X98.942 Y180.288 E.00758
G1 X99.057 Y180.192 E.00814
G1 X99.196 Y180.13 E.00823
G1 X99.341 Y180.111 E.00792
G1 X99.433 Y179.498 E.0336
G1 X99.635 Y179.53 E.01112
G1 X99.933 Y179.668 E.01777
G1 X100.14 Y179.868 E.01562
G1 X100.273 Y180.12 E.01544
G1 X100.319 Y180.403 E.01556
G1 X100.272 Y180.698 E.01618
G1 X100.133 Y180.98 E.01704
G1 X99.91 Y181.222 E.01779
G1 X99.625 Y181.398 E.01818
G1 X99.307 Y181.49 E.01796
G1 X98.989 Y181.488 E.01721
G1 X98.701 Y181.398 E.01637
G1 X98.464 Y181.231 E.01569
G1 X98.296 Y181.001 E.01547
G1 X98.207 Y180.726 E.01564
G1 X98.207 Y180.429 E.01613
G1 X98.299 Y180.133 E.01679
G1 X98.477 Y179.868 E.01731
G1 X98.728 Y179.66 E.01768
G1 X99.027 Y179.527 E.01774
G1 X99.348 Y179.485 E.01756
; WIPE_START
G1 X99.635 Y179.53 E-.11035
G1 X99.933 Y179.668 E-.12462
G1 X100.14 Y179.868 E-.10948
G1 X100.273 Y180.12 E-.10828
G1 X100.319 Y180.403 E-.1091
G1 X100.272 Y180.698 E-.11342
G1 X100.173 Y180.898 E-.08475
; WIPE_END
G1 E-.04 F1800
M204 S10000
G17
G3 Z49.08 I-1.192 J.244 P1  F60000
G1 X108.484 Y221.461 Z49.08
G1 Z48.68
G1 E.8 F1800
G1 F7915.629
M204 S8000
G1 X108.723 Y221.364 E.01397
G1 X109.01 Y221.088 E.02159
G1 X109.183 Y220.991 E.01075
G1 X109.371 Y220.945 E.0105
G1 X109.385 Y220.325 E.0336
G1 X109.652 Y220.33 E.01447
G1 X109.976 Y220.426 E.01835
G1 X110.254 Y220.6 E.01775
G1 X110.465 Y220.835 E.01713
G1 X110.596 Y221.114 E.0167
G1 X110.641 Y221.417 E.01659
G1 X110.598 Y221.721 E.01668
G1 X110.467 Y222.006 E.01697
G1 X110.254 Y222.249 E.01751
G1 X109.975 Y222.431 E.01805
G1 X109.65 Y222.532 E.01845
G1 X109.167 Y222.538 E.02616
G1 X108.454 Y222.783 E.04088
G1 X108.134 Y223.157 E.02665
G1 X107.831 Y223.367 E.02001
G1 X107.494 Y223.488 E.01938
G1 X107.156 Y223.514 E.01838
G1 X106.843 Y223.449 E.01735
G1 X106.575 Y223.304 E.01651
G1 X106.368 Y223.09 E.01612
G1 X106.234 Y222.821 E.01631
G1 X106.182 Y222.511 E.01703
G1 X106.22 Y222.186 E.0177
G1 X106.354 Y221.85 E.01964
G1 X106.576 Y221.553 E.02009
G1 X106.872 Y221.316 E.02053
G1 X107.216 Y221.164 E.02037
G1 X107.463 Y221.124 E.01357
G1 X107.702 Y221.111 E.01299
G1 X108.379 Y220.834 E.03962
G1 X108.638 Y220.586 E.01947
G1 X108.953 Y220.409 E.01956
G1 X109.3 Y220.323 E.01936
; WIPE_START
G1 X109.652 Y220.33 E-.13382
G1 X109.976 Y220.426 E-.12866
G1 X110.254 Y220.6 E-.12444
G1 X110.465 Y220.835 E-.12008
G1 X110.596 Y221.114 E-.11711
G1 X110.641 Y221.417 E-.11635
G1 X110.634 Y221.468 E-.01954
; WIPE_END
G1 E-.04 F1800
M204 S10000
G17
G3 Z49.08 I1.189 J.26 P1  F60000
G1 X136.791 Y101.955 Z49.08
G1 Z48.68
G1 E.8 F1800
; FEATURE: Other object
G1 F4800
M204 S8000
G1 X137.74 Y101.006 E.07271
M204 S10000
G1 X138.08 Y100.666 F60000
G1 F4800
M204 S8000
G1 X138.737 Y100.009 E.05033
; WIPE_START
; WIPE_END
G1 E-.8 F1800
M204 S10000
G17
G3 Z49.08 I.389 J-1.153 P1  F60000
G1 X137.607 Y99.628 Z49.08
G1 Z48.68
G1 E.8 F1800
G1 F4800
M204 S8000
G1 X136.918 Y100.317 E.05281
; WIPE_START
; WIPE_END
G1 E-.8 F1800
M204 S10000
G17
G3 Z49.08 I-.45 J1.131 P1  F60000
G1 X140.162 Y101.607 Z49.08
G1 Z48.68
G1 E.8 F1800
G1 F4800
M204 S8000
G1 X140.854 Y100.914 E.05311
; WIPE_START
; WIPE_END
G1 E-.8 F1800
M204 S10000
G17
G3 Z49.08 I1.195 J.23 P1  F60000
G1 X141.113 Y99.567 Z49.08
G1 Z48.68
G1 E.8 F1800
G1 F4800
M204 S8000
G1 X141.17 Y99.592 E.00334
G1 X141.195 Y99.653 E.0036
G1 X141.189 Y99.792 E.00751
G1 X141.13 Y99.966 E.00999
G1 X141.017 Y100.131 E.01081
G1 X140.872 Y100.253 E.01028
G1 X140.704 Y100.323 E.00985
G1 X140.605 Y100.315 E.00536
G1 X140.558 Y100.275 E.00337
G1 X140.538 Y100.205 E.00393
G1 X140.562 Y100.026 E.00977
G1 X140.704 Y99.785 E.01518
G1 X140.851 Y99.665 E.0103
; COOLING_NODE: 0
; WIPE_START
; WIPE_END
G1 E-.8 F1800
M204 S10000
G17
G3 Z49.08 I-1.201 J-.196 P1  F60000
G1 X125.994 Y190.493 Z49.08
G1 Z48.68
G1 E.8 F1800
; FEATURE: Other object
; LINE_WIDTH: 0.45
G1 F11292.473
M204 S8000
G1 X130.807 Y190.493 E.18286
G1 X130.807 Y213.257 E.86483
G1 X125.994 Y213.257 E.18286
G1 X125.994 Y211.407 E.07029
G1 X122.607 Y211.407 E.12868
G1 X122.607 Y212.157 E.02849
G1 X121.794 Y212.157 E.03089
G1 X121.794 Y197.593 E.55329
G1 X122.607 Y197.593 E.03089
G1 X122.607 Y201.593 E.15197
G1 X125.994 Y201.593 E.12868
G1 X125.994 Y190.553 E.41944
; COOLING_NODE: 0
; WIPE_START
G1 X127.993 Y190.529 E-.76
; WIPE_END
G1 E-.04 F1800
M204 S10000
G1 X127.61 Y182.906 Z49.08 F60000
G1 X123.707 Y105.251 Z49.08
G1 Z48.68
G1 E.8 F1800
G1 F11292.473
M204 S8000
G1 X123.707 Y106.679 E.05427
G1 X134.807 Y106.679 E.42172
G1 X134.807 Y111.906 E.1986
G1 X124.807 Y111.906 E.37993
G1 X124.807 Y112.056 E.0057
G1 X124.311 Y112.056 E.01884
G1 X124.311 Y130.743 E.70997
G1 X124.807 Y130.743 E.01884
G1 X124.807 Y171.807 E1.56009
G1 X124.311 Y171.807 E.01884
G1 X124.311 Y189.907 E.68767
G1 X119.994 Y189.907 E.16402
G1 X119.994 Y176.907 E.4939
G1 X98.284 Y176.907 E.82479
G1 X98.293 Y170.093 E.25885
G1 X101.993 Y170.093 E.1406
G1 X101.993 Y147.273 E.86699
G1 X119.993 Y147.273 E.68387
G1 X119.993 Y111.906 E1.34368
G1 X100.993 Y111.906 E.72186
G1 X100.993 Y99.843 E.45831
G1 X102.807 Y99.843 E.06888
G1 X102.807 Y110.093 E.38942
G1 X119.993 Y110.093 E.65298
G1 X119.994 Y97.976 E.46037
G1 X120.011 Y97.787 E.00721
G1 X120.093 Y97.483 E.01195
G1 X120.239 Y97.208 E.01182
G1 X120.441 Y96.972 E.01182
G1 X120.728 Y96.765 E.01343
G1 X120.882 Y96.693 E.00646
G1 X121.093 Y96.631 E.00835
G1 X121.641 Y96.792 E.02168
G1 X122.845 Y97.269 E.04921
G1 X123.31 Y97.408 E.01844
G1 X123.818 Y97.485 E.01954
G1 X124.383 Y97.441 E.02154
G1 X125.054 Y97.154 E.02771
G1 X125.381 Y96.593 E.02464
G1 X125.619 Y96.593 E.00907
G1 X125.779 Y96.731 E.00798
G1 X126.276 Y97.257 E.02751
G1 X126.812 Y97.54 E.02302
G1 X127.305 Y97.692 E.01961
G1 X127.783 Y97.768 E.01838
G1 X128.255 Y97.785 E.01796
G1 X128.729 Y97.744 E.01807
G1 X129.212 Y97.638 E.01877
G1 X129.717 Y97.441 E.02061
G1 X130.277 Y97.062 E.02568
G1 X130.569 Y96.593 E.02098
G1 X130.824 Y96.593 E.00969
G1 X131.133 Y96.852 E.01528
G1 X131.734 Y97.088 E.02456
G1 X132.307 Y97.074 E.02178
G1 X132.78 Y96.977 E.01835
G1 X133.586 Y96.749 E.0318
G1 X133.877 Y96.684 E.01136
G1 X134.16 Y96.818 E.01187
G1 X134.352 Y96.967 E.00924
G1 X134.499 Y97.125 E.00818
G1 X134.616 Y97.297 E.00793
G1 X134.708 Y97.487 E.00799
G1 X134.769 Y97.684 E.00783
G1 X134.804 Y97.941 E.00987
G1 X134.806 Y105.251 E.27772
G1 X123.767 Y105.251 E.41943
; COOLING_NODE: 0
M204 S250
G1 X124.09 Y105.634 F60000
; FEATURE: Other object
; LINE_WIDTH: 0.42
G1 F3029.388
M204 S5000
G1 X124.09 Y105.896 E.00918
G1 F2600.04
G1 X124.09 Y106.296 E.01405
G1 F2006.486
G1 X124.131 Y106.296 E.00144
G1 F1950
G1 X135.19 Y106.296 E.38853
G1 F2100
G1 X135.19 Y106.495 E.00699
G1 F2706.344
G1 X135.19 Y106.895 E.01405
G1 F3389.487
G1 X135.19 Y107.295 E.01405
G1 F4149.431
G1 X135.19 Y107.695 E.01405
G1 F4986.175
G1 X135.19 Y108.095 E.01405
G1 F5899.718
G1 X135.19 Y108.495 E.01405
G1 F6890.062
G1 X135.19 Y108.895 E.01405
G1 F7957.206
G1 X135.19 Y109.295 E.01405
G1 F9101.149
G1 X135.19 Y109.695 E.01405
G1 F10321.893
G1 X135.19 Y110.095 E.01405
G1 F11619.437
G1 X135.19 Y110.495 E.01405
G1 F12000
G1 X135.19 Y110.895 E.01405
G1 X135.19 Y112.29 E.04902
G1 X125.19 Y112.29 E.35132
G1 X125.19 Y112.44 E.00527
G1 X124.694 Y112.44 E.01742
G1 X124.694 Y130.36 E.62957
G1 X125.19 Y130.36 E.01742
G1 X125.19 Y172.19 E1.46959
G1 X124.694 Y172.19 E.01742
G1 X124.694 Y190.11 E.62957
G1 X131.19 Y190.11 E.22821
G1 X131.19 Y213.64 E.82667
G1 X125.61 Y213.64 E.19604
G1 X125.61 Y211.79 E.06499
G1 X122.99 Y211.79 E.09205
G1 X122.99 Y212.54 E.02635
G1 X121.41 Y212.54 E.05551
G1 X121.41 Y197.21 E.53858
G1 X122.99 Y197.21 E.05551
G1 X122.99 Y201.21 E.14053
G1 X125.61 Y201.21 E.09205
G1 X125.61 Y190.29 E.38365
G1 X119.61 Y190.29 E.21079
G1 X119.61 Y177.29 E.45672
G1 X97.9 Y177.29 E.76272
G1 X97.91 Y169.71 E.2663
G1 X101.61 Y169.71 E.13
G1 X101.61 Y146.89 E.80172
G1 X119.61 Y146.89 E.63238
G1 X119.61 Y112.29 E1.21558
G1 X100.61 Y112.29 E.66752
G1 X100.61 Y99.46 E.45075
G1 X103.19 Y99.46 E.09064
G1 X103.19 Y109.71 E.36011
G1 X119.61 Y109.71 E.57687
G1 X119.611 Y97.959 E.41283
G1 X119.665 Y97.56 E.01417
G1 X119.807 Y97.185 E.01408
G1 X119.921 Y96.992 E.00788
G1 X120.059 Y96.815 E.00788
G1 X120.355 Y96.547 E.01404
G1 X120.544 Y96.428 E.00784
G1 X120.739 Y96.337 E.00755
G1 X121.099 Y96.238 E.01311
G1 X121.769 Y96.431 E.02452
G1 X122.971 Y96.906 E.04539
G1 X123.394 Y97.033 E.01552
G1 X123.832 Y97.099 E.01558
G1 X124.291 Y97.064 E.01615
G1 X124.786 Y96.851 E.01895
G1 X125.16 Y96.21 E.02608
G1 X125.762 Y96.21 E.02113
G1 X126.044 Y96.453 E.01308
G1 X126.511 Y96.948 E.0239
G1 X126.959 Y97.184 E.0178
G1 X127.392 Y97.318 E.01592
G1 X127.82 Y97.386 E.01521
G1 X128.245 Y97.401 E.01496
G1 X128.671 Y97.364 E.01503
G1 X129.101 Y97.27 E.01544
G1 X129.538 Y97.1 E.01649
G1 X129.994 Y96.79 E.01938
G1 X130.356 Y96.21 E.02402
G1 X130.964 Y96.21 E.02133
G1 X131.331 Y96.518 E.01684
G1 X131.802 Y96.703 E.01779
G1 X132.264 Y96.692 E.01621
G1 X132.69 Y96.605 E.01527
G1 X133.491 Y96.377 E.02928
G1 X133.902 Y96.286 E.01478
G1 X134.137 Y96.369 E.00876
G1 X134.37 Y96.496 E.00933
G1 X134.611 Y96.683 E.01071
G1 X134.799 Y96.885 E.00968
G1 X134.95 Y97.105 E.00938
G1 X135.066 Y97.346 E.0094
G1 X135.144 Y97.601 E.00935
G1 X135.188 Y97.915 E.01114
G1 X135.189 Y101.035 E.10964
G1 X135.189 Y101.435 E.01405
G1 F11619.437
G1 X135.189 Y101.835 E.01405
G1 F10321.893
G1 X135.189 Y102.235 E.01405
G1 F9101.149
G1 X135.189 Y102.635 E.01405
G1 F7957.206
G1 X135.189 Y103.035 E.01405
G1 F6890.062
G1 X135.189 Y103.435 E.01405
G1 F5899.718
G1 X135.189 Y103.835 E.01405
G1 F4986.175
G1 X135.19 Y104.235 E.01405
G1 F4149.431
G1 X135.19 Y104.635 E.01405
G1 F3389.487
G1 X135.19 Y105.035 E.01405
G1 F2706.344
G1 X135.19 Y105.435 E.01405
G1 F2100
G1 X135.19 Y105.634 E.00699
G1 F1950
G1 X124.15 Y105.634 E.38786
M204 S10000
G1 X123.737 Y104.802 F60000
; FEATURE: Other object
; LINE_WIDTH: 0.551554
G1 F8999.1
M204 S8000
G1 X134.297 Y104.802 E.50343
; WIPE_START
G1 X132.297 Y104.802 E-.76
; WIPE_END
G1 E-.04 F1800
M204 S10000
G17
G3 Z49.08 I-1.087 J.548 P1  F60000
G1 X134.466 Y109.103 Z49.08
G1 Z48.68
G1 E.8 F1800
; FEATURE: Other object
; LINE_WIDTH: 0.45
G1 F11292.473
M204 S8000
G1 X134.466 Y107.578 E.05795
G1 X134.397 Y107.578 E.00261
G1 X130.409 Y111.566 E.21427
G1 X131.223 Y111.566 E.03094
G1 X127.235 Y107.578 E.21427
G1 X126.883 Y107.578 E.01339
G1 X120.334 Y114.126 E.35184
G1 X120.334 Y115.705 E.05999
G1 X123.97 Y119.34 E.19532
G1 X123.97 Y118.005 E.05073
G1 X120.334 Y121.64 E.19532
G1 X120.334 Y123.219 E.05999
G1 X123.97 Y126.854 E.19532
G1 X123.97 Y125.519 E.05074
G1 X120.334 Y129.154 E.19532
G1 X120.334 Y130.733 E.05999
G1 X124.466 Y134.864 E.22196
G1 X124.466 Y132.537 E.08841
G1 X120.334 Y136.668 E.22196
G1 X120.334 Y138.247 E.05999
G1 X124.466 Y142.378 E.22196
G1 X124.466 Y140.051 E.08841
G1 X120.334 Y144.182 E.22196
G1 X120.334 Y145.761 E.05999
G1 X124.466 Y149.892 E.22196
G1 X124.466 Y147.565 E.08841
G1 X102.334 Y169.696 E1.1891
G1 X102.334 Y170.434 E.02804
G1 X101.596 Y170.434 E.02804
G1 X98.63 Y173.401 E.15941
G1 X98.633 Y170.434 E.11272
G1 X99.923 Y170.434 E.049
G1 X105.502 Y176.013 E.29975
G1 X103.532 Y176.013 E.07485
G1 X124.466 Y155.079 E1.12477
G1 X124.466 Y157.406 E.08841
G1 X114.674 Y147.614 E.52612
G1 X116.902 Y147.614 E.08468
G1 X102.334 Y162.182 E.78273
G1 X102.334 Y165.332 E.11965
G1 X113.016 Y176.013 E.57392
G1 X111.046 Y176.013 E.07485
G1 X124.466 Y162.594 E.72104
G1 X124.466 Y164.921 E.08841
G1 X107.159 Y147.614 E.92985
G1 X109.388 Y147.614 E.08468
G1 X102.334 Y154.668 E.379
G1 X102.334 Y157.818 E.11965
G1 X120.53 Y176.013 E.97765
G1 X120.651 Y176.013 E.0046
G1 X120.887 Y176.249 E.01267
G1 X120.887 Y176.37 E.0046
G1 X123.97 Y179.453 E.16565
G1 X123.97 Y178.118 E.05074
G1 X120.887 Y181.2 E.16565
G1 X120.887 Y183.884 E.10196
G1 X123.97 Y186.967 E.16565
G1 X123.97 Y185.632 E.05074
G1 X120.887 Y188.715 E.16565
G1 X120.887 Y189.013 E.01135
G1 X121.127 Y189.249 E.01278
G1 X121.127 Y189.566 E.01203
G1 X121.768 Y189.566 E.02435
; WIPE_START
G1 X121.127 Y189.566 E-.24358
G1 X121.127 Y189.249 E-.1203
G1 X120.887 Y189.013 E-.12787
G1 X120.887 Y188.715 E-.11349
G1 X121.175 Y188.427 E-.15476
; WIPE_END
G1 E-.04 F1800
M204 S10000
G1 X126.334 Y190.926 Z49.08 F60000
G1 Z48.68
G1 E.8 F1800
G1 F11292.473
M204 S8000
G1 X126.334 Y190.834 E.00347
G1 X127.837 Y190.834 E.05709
G1 X130.466 Y193.463 E.14122
G1 X130.466 Y194.164 E.02664
G1 X126.334 Y198.295 E.22196
G1 X126.334 Y196.846 E.05506
G1 X130.466 Y200.977 E.22196
G1 X130.466 Y201.678 E.02664
G1 X122.134 Y210.009 E.44763
G1 X122.134 Y207.674 E.08872
G1 X125.526 Y211.066 E.18223
G1 X126.334 Y211.066 E.03072
G1 X126.334 Y211.874 E.03072
G1 X127.376 Y212.916 E.05596
G1 X126.742 Y212.916 E.02408
G1 X130.466 Y209.192 E.20006
G1 X130.466 Y208.491 E.02664
G1 X123.909 Y201.934 E.35228
G1 X122.774 Y201.934 E.04312
G1 X122.774 Y202.134 E.00757
G1 X122.496 Y202.134 E.01057
G1 X122.134 Y202.495 E.01942
G1 X122.134 Y204.089 E.06056
; WIPE_START
G1 X122.134 Y202.495 E-.60571
G1 X122.422 Y202.208 E-.15429
; WIPE_END
G1 E-.04 F1800
M204 S10000
G1 X122.2 Y201.793 Z49.08 F60000
G1 Z48.68
G1 E.8 F1800
; FEATURE: Other object
; LINE_WIDTH: 0.466044
G1 F10855.407
M204 S8000
G1 X122.2 Y197.793 E.15809
; WIPE_START
G1 X122.2 Y199.793 E-.76
; WIPE_END
G1 E-.04 F1800
M204 S10000
G1 X120.559 Y192.339 Z49.08 F60000
G1 X116.966 Y176.013 Z49.08
G1 Z48.68
G1 E.8 F1800
; FEATURE: Other object
; LINE_WIDTH: 0.45
G1 F11292.473
M204 S8000
G1 X118.56 Y176.013 E.06056
G1 X124.466 Y170.108 E.31731
G1 X124.466 Y171.466 E.05159
G1 X123.97 Y171.466 E.01884
G1 X123.97 Y171.939 E.01798
G1 X102.334 Y150.304 E1.16246
G1 X102.334 Y148.71 E.06056
; WIPE_START
G1 X102.334 Y150.304 E-.60571
G1 X102.622 Y150.591 E-.15429
; WIPE_END
G1 E-.04 F1800
M204 S10000
G1 X101.887 Y158.188 Z49.08 F60000
G1 X100.12 Y176.46 Z49.08
G1 Z48.68
G1 E.8 F1800
; FEATURE: Other object
; LINE_WIDTH: 0.546404
G1 F9092.747
M204 S8000
G1 X120.193 Y176.46 E.94712
; LINE_WIDTH: 0.567634
G1 F8718.735
G1 X120.295 Y176.481 E.00515
; LINE_WIDTH: 0.595941
G1 F8265.422
G1 X120.398 Y176.502 E.00543
G1 X120.44 Y176.707 E.01087
; LINE_WIDTH: 0.546404
G1 F9092.747
G1 X120.44 Y189.122 E.58577
; LINE_WIDTH: 0.569894
G1 F8680.723
G1 X120.459 Y189.192 E.00357
; LINE_WIDTH: 0.616874
G1 F7959.39
G1 X120.477 Y189.262 E.00389
; LINE_WIDTH: 0.663854
G1 F7348.739
G1 X120.495 Y189.331 E.00422
; WIPE_START
G1 X120.477 Y189.262 E-.76
; WIPE_END
G1 E-.04 F1800
M204 S10000
G1 X120.95 Y181.644 Z49.08 F60000
G1 X125.303 Y111.566 Z49.08
G1 Z48.68
G1 E.8 F1800
; FEATURE: Other object
; LINE_WIDTH: 0.45
G1 F11292.473
M204 S8000
G1 X124.466 Y111.566 E.03182
G1 X124.466 Y111.716 E.0057
G1 X123.97 Y111.716 E.01884
G1 X123.97 Y111.826 E.0042
G1 X120.335 Y108.191 E.19532
G1 X120.335 Y106.612 E.06
G1 X128.889 Y98.058 E.4596
G1 X129.311 Y97.966 E.01641
G1 X129.877 Y97.745 E.02309
G1 X130.528 Y97.304 E.02989
G1 X130.738 Y96.966 E.01511
G1 X130.956 Y97.149 E.0108
G1 X131.674 Y97.431 E.02928
G1 X132.106 Y97.42 E.01645
G1 X134.464 Y99.778 E.12666
G1 X134.464 Y99.997 E.00832
G1 X130.108 Y104.352 E.23403
G1 X131.524 Y104.352 E.0538
G1 X124.804 Y97.632 E.36109
G1 X124.466 Y97.777 E.01397
G1 X123.806 Y97.828 E.02515
G1 X123.235 Y97.742 E.02193
G1 X122.733 Y97.591 E.01991
G1 X122.094 Y97.338 E.02611
G1 X120.335 Y99.097 E.09451
G1 X120.335 Y100.677 E.06003
G1 X124.01 Y104.352 E.19747
G1 X123.524 Y104.352 E.01848
G1 X123.288 Y104.588 E.01267
G1 X123.288 Y105.15 E.02135
G1 X123.366 Y105.228 E.00416
G1 X123.366 Y105.33 E.0039
; WIPE_START
G1 X123.366 Y105.228 E-.03906
G1 X123.288 Y105.15 E-.04164
G1 X123.288 Y104.588 E-.21353
G1 X123.524 Y104.352 E-.1267
G1 X124.01 Y104.352 E-.18479
G1 X123.723 Y104.065 E-.15429
; WIPE_END
G1 E-.04 F1800
M204 S10000
G1 X123.737 Y107.128 Z49.08 F60000
G1 Z48.68
G1 E.8 F1800
; FEATURE: Other object
; LINE_WIDTH: 0.551564
G1 F8998.921
M204 S8000
G1 X134.297 Y107.128 E.50346
; WIPE_START
G1 X132.297 Y107.128 E-.76
; WIPE_END
G1 E-.04 F1800
M204 S10000
G1 X124.724 Y108.079 Z49.08 F60000
G1 X105.956 Y110.434 Z49.08
G1 Z48.68
G1 E.8 F1800
; FEATURE: Other object
; LINE_WIDTH: 0.45
G1 F11292.473
M204 S8000
G1 X107.55 Y110.434 E.06056
G1 X108.681 Y111.566 E.06077
G1 X107.867 Y111.566 E.03094
G1 X108.998 Y110.434 E.06077
G1 X115.064 Y110.434 E.23047
G1 X116.195 Y111.566 E.06077
G1 X115.381 Y111.566 E.03094
G1 X116.512 Y110.434 E.06077
G1 X118.106 Y110.434 E.06056
; WIPE_START
G1 X116.512 Y110.434 E-.60572
G1 X116.225 Y110.722 E-.15429
; WIPE_END
G1 E-.04 F1800
M204 S10000
G1 X110.131 Y106.126 Z49.08 F60000
G1 X102.466 Y100.344 Z49.08
G1 Z48.68
G1 E.8 F1800
G1 F11292.473
M204 S8000
G1 X102.466 Y101.938 E.06056
G1 X101.334 Y103.07 E.06077
G1 X101.334 Y104.219 E.04367
G1 X102.466 Y105.35 E.06077
G1 X102.466 Y109.453 E.15587
G1 X101.334 Y110.584 E.06077
G1 X101.334 Y111.566 E.0373
G1 X101.947 Y111.566 E.02326
; CHANGE_LAYER
; Z_HEIGHT: 48.92
; LAYER_HEIGHT: 0.239998
; WIPE_START
G1 F11292.473
G1 X101.334 Y111.566 E-.23261
G1 X101.334 Y110.584 E-.3731
G1 X101.622 Y110.297 E-.15429
; WIPE_END
G1 E-.04 F1800
; FEATURE: Other object
; stop printing object, unique label id: 1901
M625
; layer num/total_layer_count: 204/258
; update layer progress
M73 L204
M991 S0 P203 ;notify layer change
M106 S0
; OBJECT_ID: 1902
; FEATURE: Other object
; start printing object, unique label id: 1902
M624 AgAAAAAAAAA=
M204 S10000
G17
G3 Z49.08 I-.07 J1.215 P1  F60000
G1 X208.088 Y116.447 Z49.08
G1 Z48.92
G1 E.8 F1800
; FEATURE: Support
; LINE_WIDTH: 0.62
G1 F7915.629
M204 S8000
G1 X208.224 Y116.513 E.00822
G1 X208.398 Y116.702 E.0139
G1 X208.507 Y116.939 E.01414
G1 X208.522 Y117.297 E.01945
G1 X208.628 Y117.613 E.01804
G1 X208.666 Y117.938 E.01776
G1 X208.632 Y118.206 E.01462
G1 X208.542 Y118.403 E.01176
G1 X208.445 Y118.494 E.00719
G1 X208.345 Y118.53 E.0058
G1 X208.169 Y118.51 E.00957
G1 X207.953 Y118.385 E.01357
G1 X207.774 Y118.198 E.01401
G1 X207.603 Y117.932 E.01713
G1 X207.516 Y117.694 E.01376
G1 X207.513 Y117.627 E.00362
G1 X207.544 Y117.5 E.00706
G1 X207.512 Y117.302 E.01089
G1 X207.517 Y116.992 E.0168
G1 X207.549 Y116.806 E.01026
G1 X207.642 Y116.596 E.01245
G1 X207.771 Y116.464 E.00997
G1 X207.88 Y116.42 E.00641
G1 X208.007 Y116.419 E.00688
; WIPE_START
G1 X208.224 Y116.513 E-.08984
G1 X208.398 Y116.702 E-.09745
G1 X208.507 Y116.939 E-.09912
G1 X208.522 Y117.297 E-.13639
G1 X208.628 Y117.613 E-.12649
G1 X208.666 Y117.938 E-.12454
G1 X208.637 Y118.163 E-.08618
; WIPE_END
G1 E-.04 F1800
M204 S10000
G17
G3 Z49.32 I1.211 J-.117 P1  F60000
G1 X208.252 Y114.168 Z49.32
G1 Z48.92
G1 E.8 F1800
G1 F7915.629
M204 S8000
G1 X208.289 Y114.184 E.00218
G1 X208.399 Y114.293 E.0084
G1 X208.494 Y114.505 E.0126
G1 X208.53 Y114.774 E.01472
G1 X208.487 Y115.055 E.01539
G1 X208.394 Y115.275 E.01296
G1 X208.247 Y115.377 E.00972
G1 X208.023 Y115.447 E.01269
G1 X207.817 Y115.437 E.01117
G1 X207.642 Y115.351 E.0106
G1 X207.492 Y115.164 E.013
G1 X207.48 Y114.782 E.0207
G1 X207.543 Y114.613 E.00979
G1 X207.66 Y114.416 E.01244
G1 X207.823 Y114.246 E.01274
G1 X208.016 Y114.146 E.0118
G1 X208.172 Y114.136 E.00849
; WIPE_START
G1 X208.289 Y114.184 E-.04771
G1 X208.399 Y114.293 E-.0589
G1 X208.494 Y114.505 E-.08831
G1 X208.53 Y114.774 E-.10319
G1 X208.487 Y115.055 E-.10788
G1 X208.394 Y115.275 E-.09085
G1 X208.247 Y115.377 E-.06812
G1 X208.023 Y115.447 E-.089
G1 X207.817 Y115.437 E-.07833
G1 X207.752 Y115.405 E-.0277
; WIPE_END
G1 E-.04 F1800
M204 S10000
G17
G3 Z49.32 I-.575 J1.073 P1  F60000
G1 X210.516 Y116.886 Z49.32
G1 Z48.92
G1 E.8 F1800
G1 F7915.629
M204 S8000
G1 X210.702 Y116.977 E.0112
G1 X210.897 Y117.182 E.01536
G1 X210.995 Y117.381 E.012
G1 X211.098 Y117.479 E.00772
G1 X211.177 Y117.788 E.01729
G1 X211.206 Y118.179 E.02121
G1 X211.163 Y118.48 E.01648
G1 X211.066 Y118.685 E.01232
G1 X210.976 Y118.766 E.00656
G1 X210.913 Y118.784 E.00355
G1 X210.736 Y118.753 E.00977
G1 X210.489 Y118.584 E.01621
G1 X210.297 Y118.359 E.01602
G1 X210.09 Y118.012 E.02193
G1 X210.033 Y117.851 E.00926
G1 X210.035 Y117.702 E.00804
G1 X209.987 Y117.514 E.01053
G1 X209.98 Y117.407 E.00581
G1 X210.003 Y117.206 E.01097
G1 X210.078 Y117.031 E.01033
G1 X210.22 Y116.898 E.01056
G1 X210.304 Y116.865 E.00486
G1 X210.435 Y116.862 E.00711
; WIPE_START
G1 X210.702 Y116.977 E-.11063
G1 X210.897 Y117.182 E-.10765
G1 X210.995 Y117.381 E-.08411
G1 X211.098 Y117.479 E-.05413
G1 X211.177 Y117.788 E-.12121
G1 X211.206 Y118.179 E-.14873
G1 X211.163 Y118.48 E-.11554
G1 X211.143 Y118.523 E-.018
; WIPE_END
G1 E-.04 F1800
M204 S10000
G17
G3 Z49.32 I-.916 J-.801 P1  F60000
G1 X209.199 Y120.743 Z49.32
G1 Z48.92
G1 E.8 F1800
G1 F7915.629
M204 S8000
G1 X209.241 Y120.756 E.00235
G1 X209.32 Y120.823 E.00561
G1 X209.37 Y120.937 E.0068
G1 X209.376 Y121.123 E.01008
G1 X209.314 Y121.363 E.01343
G1 X209.164 Y121.654 E.01773
G1 X208.971 Y121.901 E.017
G1 X208.884 Y121.979 E.00634
G1 X208.685 Y122.08 E.0121
G1 X208.635 Y122.182 E.00619
G1 X208.44 Y122.38 E.01506
G1 X208.246 Y122.478 E.01177
G1 X208.017 Y122.505 E.01252
G1 X207.837 Y122.432 E.01051
G1 X207.74 Y122.325 E.00781
G1 X207.68 Y122.171 E.00897
G1 X207.676 Y121.954 E.01179
G1 X207.712 Y121.816 E.00769
G1 X207.793 Y121.647 E.01016
G1 X208.041 Y121.379 E.01978
G1 X208.114 Y121.183 E.01139
G1 X208.493 Y120.89 E.02592
G1 X208.74 Y120.773 E.0148
G1 X208.945 Y120.723 E.01146
G1 X209.118 Y120.719 E.00935
; WIPE_START
G1 X209.241 Y120.756 E-.04886
G1 X209.32 Y120.823 E-.03934
G1 X209.37 Y120.937 E-.04764
G1 X209.376 Y121.123 E-.07065
G1 X209.314 Y121.363 E-.09418
G1 X209.164 Y121.654 E-.12429
G1 X208.971 Y121.901 E-.11919
G1 X208.884 Y121.979 E-.04442
G1 X208.685 Y122.08 E-.08486
G1 X208.635 Y122.182 E-.04337
G1 X208.555 Y122.263 E-.04319
; WIPE_END
G1 E-.04 F1800
M204 S10000
G17
G3 Z49.32 I-.897 J.823 P1  F60000
G1 X210.292 Y124.157 Z49.32
G1 Z48.92
G1 E.8 F1800
G1 F7915.629
M204 S8000
G1 X210.352 Y124.28 E.00745
G1 X210.245 Y124.279 E.00578
G1 X210.038 Y124.481 E.01569
G1 X210.292 Y124.157 E.02231
G1 X210.359 Y122.994 E.06312
G1 X210.372 Y122.994 E.00073
G1 X210.5 Y123.057 E.00771
G1 X210.654 Y123.23 E.01256
G1 X210.792 Y123.533 E.01805
G1 X210.863 Y123.914 E.021
G1 X211.003 Y124.202 E.01736
G1 X211.059 Y124.455 E.01406
G1 X211.047 Y124.657 E.01095
G1 X210.989 Y124.791 E.00793
G1 X210.907 Y124.866 E.00602
G1 X210.789 Y124.907 E.00678
G1 X210.494 Y124.903 E.01596
G1 X209.859 Y125.524 E.04819
G1 X209.771 Y126.032 E.02792
G1 X209.654 Y126.294 E.01555
G1 X209.535 Y126.42 E.00938
G1 X209.425 Y126.462 E.00641
G1 X209.344 Y126.454 E.0044
G1 X209.157 Y126.342 E.0118
G1 X208.919 Y126.03 E.02127
G1 X208.837 Y125.862 E.01012
G1 X208.713 Y125.466 E.02254
G1 X208.558 Y125.213 E.01605
G1 X208.499 Y125.019 E.01101
G1 X208.501 Y124.842 E.00956
G1 X208.551 Y124.715 E.0074
G1 X208.636 Y124.631 E.00649
G1 X208.759 Y124.579 E.00727
G1 X208.97 Y124.558 E.0115
G1 X209.295 Y124.426 E.01897
G1 X209.765 Y123.824 E.04143
G1 X209.861 Y123.478 E.01944
G1 X209.974 Y123.242 E.01416
G1 X210.139 Y123.057 E.01346
G1 X210.273 Y122.993 E.00809
; WIPE_START
G1 X210.372 Y122.994 E-.0375
G1 X210.5 Y123.057 E-.05406
G1 X210.654 Y123.23 E-.08809
G1 X210.792 Y123.533 E-.12656
G1 X210.863 Y123.914 E-.14726
G1 X211.003 Y124.202 E-.12174
G1 X211.059 Y124.455 E-.09854
G1 X211.047 Y124.657 E-.07676
G1 X211.037 Y124.68 E-.00949
; WIPE_END
G1 E-.04 F1800
M204 S10000
G17
G3 Z49.32 I-1.181 J-.294 P1  F60000
G1 X209.737 Y129.907 Z49.32
G1 Z48.92
G1 E.8 F1800
G1 F7915.629
M204 S8000
G1 X209.724 Y130.005 E.0054
G1 X209.499 Y129.761 E.018
G1 X209.707 Y129.759 E.01129
G1 X209.761 Y129.712 E.00386
G1 X210.287 Y128.813 E.05645
G1 X210.317 Y128.821 E.0017
G1 X210.395 Y128.886 E.0055
G1 X210.454 Y129.013 E.00762
G1 X210.469 Y129.224 E.01146
G1 X210.408 Y129.533 E.01707
G1 X210.323 Y130.212 E.0371
G1 X210.356 Y130.363 E.00834
G1 X210.334 Y130.603 E.0131
G1 X210.25 Y130.796 E.0114
G1 X210.13 Y130.924 E.00951
G1 X209.999 Y130.984 E.00782
G1 X209.868 Y130.991 E.00708
G1 X209.731 Y130.95 E.00778
G1 X209.641 Y130.899 E.00557
G1 X209.495 Y130.75 E.01133
G1 X209.386 Y130.553 E.01219
G1 X208.915 Y130.042 E.03765
G1 X208.743 Y129.929 E.01115
G1 X208.573 Y129.76 E.013
G1 X208.481 Y129.605 E.00978
G1 X208.463 Y129.488 E.0064
G1 X208.492 Y129.397 E.00518
G1 X208.583 Y129.301 E.00719
G1 X208.75 Y129.213 E.01022
G1 X209.017 Y129.146 E.01494
G1 X209.473 Y129.141 E.02468
G1 X209.638 Y128.998 E.01187
G1 X209.899 Y128.851 E.01624
G1 X210.043 Y128.807 E.00814
G1 X210.204 Y128.792 E.00877
; WIPE_START
G1 X210.317 Y128.821 E-.04435
G1 X210.395 Y128.886 E-.03856
G1 X210.454 Y129.013 E-.05342
G1 X210.469 Y129.224 E-.08037
G1 X210.408 Y129.533 E-.11966
G1 X210.323 Y130.212 E-.26009
G1 X210.356 Y130.363 E-.05844
G1 X210.334 Y130.603 E-.09185
G1 X210.32 Y130.635 E-.01327
; WIPE_END
G1 E-.04 F1800
M204 S10000
G17
G3 Z49.32 I-1.197 J.222 P1  F60000
G1 X227.282 Y222.215 Z49.32
G1 Z48.92
G1 E.8 F1800
; FEATURE: Support interface
G1 F4800
M204 S8000
G1 X225.726 Y220.659 E.11923
G1 X224.215 Y220.659 E.0819
G1 X226.647 Y223.091 E.18639
G1 X225.136 Y223.091 E.0819
G1 X222.704 Y220.659 E.18639
G1 X222.209 Y220.659 E.02683
G1 X222.209 Y221.675 E.05507
G1 X223.881 Y223.347 E.12812
; COOLING_NODE: 0
; WIPE_START
; WIPE_END
G1 E-.8 F1800
M204 S10000
G17
G3 Z49.32 I.358 J-1.163 P1  F60000
G1 X188.717 Y212.532 Z49.32
G1 Z48.92
G1 E.8 F1800
; FEATURE: Inner wall
; LINE_WIDTH: 0.45
G1 F11292.473
M204 S8000
G1 X188.717 Y222.782 E.38942
G1 X186.903 Y222.782 E.06888
G1 X186.903 Y210.718 E.45831
G1 X205.903 Y210.718 E.72186
G1 X205.903 Y175.352 E1.34368
G1 X187.903 Y175.352 E.68387
G1 X187.903 Y150.531 E.94298
G1 X181.993 Y150.531 E.22454
G1 X181.993 Y93.968 E2.14898
G1 X185.006 Y93.968 E.11447
G1 X185.006 Y95.781 E.06888
G1 X183.806 Y95.781 E.04559
G1 X183.806 Y145.318 E1.88204
G1 X183.806 Y145.718 E.0152
G1 F10051.551
G1 X184.303 Y145.718 E.01888
G1 F8567.028
G1 X184.703 Y145.718 E.0152
G1 F7458.303
G1 X185.103 Y145.718 E.0152
G1 F6426.378
G1 X185.503 Y145.718 E.0152
G1 F5471.253
G1 X185.903 Y145.718 E.0152
G1 F4592.929
G1 X186.303 Y145.718 E.0152
G1 F3791.404
G1 X186.703 Y145.718 E.0152
G1 F3066.679
G1 X187.103 Y145.718 E.0152
G1 F2418.754
G1 X187.503 Y145.718 E.0152
G1 F1847.629
G1 X187.903 Y145.718 E.0152
G1 F1353.304
G1 X187.903 Y145.307 E.01561
G1 F925.411
G1 X187.903 Y144.925 E.01453
; FEATURE: Overhang wall
G1 F600
M204 S5000
G1 X187.903 Y97.718 E1.7935
G1 X204.717 Y97.718 E.63877
G1 X204.717 Y110.218 E.47491
G1 X210.717 Y110.218 E.22796
G1 X210.717 Y115.031 E.18286
G1 X209.703 Y115.031 E.03849
G1 X209.703 Y111.881 E.11968
G1 X206.367 Y111.881 E.12678
G1 X206.367 Y132.275 E.7748
; FEATURE: Inner wall
G1 F750
M204 S8000
G1 X206.367 Y132.468 E.00735
G1 F1127.811
M73 P81 R40
G1 X206.767 Y132.468 E.0152
G1 F1582.423
G1 X207.167 Y132.468 E.0152
G1 F2100
G1 X207.567 Y132.468 E.0152
G1 X210.221 Y132.468 E.10084
G1 F2376.972
G1 X210.221 Y132.657 E.00718
G1 F3019.609
G1 X210.221 Y133.057 E.0152
G1 F3739.047
G1 X210.221 Y133.457 E.0152
G1 F4535.284
G1 X210.221 Y133.857 E.0152
G1 F5408.321
G1 X210.221 Y134.257 E.0152
G1 F6358.159
G1 X210.221 Y134.657 E.0152
G1 F7384.796
G1 X210.221 Y135.057 E.0152
G1 F8488.234
G1 X210.221 Y135.457 E.0152
G1 F9668.471
G1 X210.221 Y135.857 E.0152
G1 F10925.509
G1 X210.221 Y136.257 E.0152
G1 F11292.473
G1 X210.221 Y136.657 E.0152
G1 X210.221 Y150.818 E.53801
G1 X210.717 Y150.818 E.01884
G1 X210.717 Y191.882 E1.56009
G1 X210.221 Y191.882 E.01884
G1 X210.221 Y210.568 E.70997
G1 X210.717 Y210.568 E.01884
G1 X210.717 Y210.718 E.0057
G1 X220.716 Y210.718 E.37991
G1 X220.716 Y211.157 E.01666
G1 F11036.123
G1 X220.716 Y211.557 E.0152
G1 F9772.544
G1 X220.715 Y211.957 E.0152
G1 F8585.765
G1 X220.715 Y212.357 E.0152
G1 F7475.787
G1 X220.715 Y212.757 E.0152
G1 F6442.608
G1 X220.714 Y213.157 E.0152
G1 F5486.229
G1 X220.714 Y213.557 E.0152
G1 F4606.651
G1 X220.714 Y213.957 E.0152
G1 F3803.872
G1 X220.714 Y214.357 E.0152
G1 F3077.893
G1 X220.713 Y214.757 E.0152
G1 F2428.715
G1 X220.713 Y215.157 E.0152
G1 F1856.336
G1 X220.713 Y215.557 E.0152
G1 F1360.757
G1 X220.713 Y215.957 E.0152
G1 F941.979
G1 X220.712 Y216.357 E.0152
G1 F600
G1 X220.712 Y216.963 E.02304
G1 F941.979
G1 X220.712 Y217.363 E.0152
G1 F1360.757
G1 X220.711 Y217.763 E.0152
G1 F1856.336
G1 X220.711 Y218.163 E.0152
G1 F2428.715
G1 X220.711 Y218.563 E.0152
G1 F3077.893
G1 X220.711 Y218.963 E.0152
G1 F3803.872
G1 X220.71 Y219.363 E.0152
G1 F4606.651
G1 X220.71 Y219.763 E.0152
G1 F5486.229
G1 X220.71 Y220.163 E.0152
G1 F6442.608
G1 X220.709 Y220.563 E.0152
G1 F7475.787
G1 X220.709 Y220.963 E.0152
G1 F8585.765
G1 X220.709 Y221.363 E.0152
G1 F9772.544
G1 X220.709 Y221.763 E.0152
G1 F11036.123
G1 X220.708 Y222.163 E.0152
G1 F11292.473
G1 X220.708 Y222.563 E.0152
G1 X220.707 Y224.772 E.08392
G1 X220.671 Y224.972 E.00771
G1 X220.605 Y225.171 E.00798
G1 X220.509 Y225.357 E.00797
G1 X220.386 Y225.528 E.00799
; object ids of layer 204 start: 1901,1902
M624 AwAAAAAAAAA=
;===== machine: H2C timelapse =====
;======== date: 20260731 ========

; SKIPPABLE_START
; SKIPTYPE: timelapse

M1002 judge_flag timelapse_record_flag
M622 J1
    

    
        
    

    
        M971 S11 C10 O0
        M1004 S5 P1  ; external shutter
    

    
        
    
    
    
M623
; SKIPPABLE_END

; object ids of this layer204 end: 1901,1902
M625
G1 X220.24 Y225.678 E.00798
G1 X220.072 Y225.805 E.00797
G1 X219.787 Y225.941 E.01199
G1 X219.496 Y225.876 E.01136
G1 X218.69 Y225.648 E.0318
G1 X218.217 Y225.551 E.01835
G1 X217.644 Y225.537 E.02178
G1 X217.043 Y225.773 E.02456
G1 X216.734 Y226.032 E.01528
G1 X216.479 Y226.032 E.00969
G1 X216.187 Y225.563 E.02098
G1 X215.627 Y225.184 E.02568
G1 X215.122 Y224.987 E.02061
G1 X214.639 Y224.881 E.01877
G1 X214.165 Y224.84 E.01807
G1 X213.693 Y224.857 E.01796
G1 X213.215 Y224.933 E.01838
G1 X212.722 Y225.085 E.01961
G1 X212.183 Y225.37 E.02316
G1 X211.737 Y225.853 E.02499
G1 X211.529 Y226.032 E.0104
G1 X211.291 Y226.032 E.00907
G1 X210.964 Y225.471 E.02464
G1 X210.293 Y225.184 E.02771
G1 X209.728 Y225.14 E.02154
G1 X209.22 Y225.217 E.01954
G1 X208.755 Y225.356 E.01843
G1 X207.55 Y225.833 E.04921
G1 X207.007 Y225.993 E.02153
G1 X206.701 Y225.891 E.01226
G1 X206.519 Y225.786 E.00798
G1 X206.36 Y225.659 E.0077
G1 X206.17 Y225.444 E.01091
G1 X206.029 Y225.199 E.01075
G1 X205.95 Y224.975 E.00902
G1 X205.906 Y224.68 E.01133
G1 X205.903 Y212.532 E.46156
G1 X188.777 Y212.532 E.65069
; COOLING_NODE: 0
M204 S250
G1 X189.1 Y212.915 F60000
; FEATURE: Outer wall
; LINE_WIDTH: 0.42
G1 F12000
M204 S5000
G1 X189.1 Y223.165 E.36011
G1 X186.52 Y223.165 E.09064
G1 X186.52 Y210.335 E.45075
G1 X205.52 Y210.335 E.66752
G1 X205.52 Y175.735 E1.21558
G1 X187.52 Y175.735 E.63238
G1 X187.52 Y150.915 E.87199
G1 X181.61 Y150.915 E.20763
G1 X181.61 Y93.585 E2.01414
G1 X185.39 Y93.585 E.1328
G1 X185.39 Y96.165 E.09064
G1 X184.19 Y96.165 E.04216
G1 X184.19 Y143.335 E1.6572
G1 X184.19 Y143.735 E.01405
G1 F11496.486
G1 X184.19 Y144.135 E.01405
G1 F10206.029
G1 X184.19 Y144.535 E.01405
G1 F8992.372
G1 X184.19 Y144.935 E.01405
G1 F7855.516
G1 X184.19 Y145.335 E.01405
G1 F6795.459
G1 X184.72 Y145.335 E.01862
G1 F5509.18
G1 X185.12 Y145.335 E.01405
G1 F4627.683
G1 X185.52 Y145.335 E.01405
G1 F3822.986
G1 X185.92 Y145.335 E.01405
G1 F3095.09
G1 X186.32 Y145.335 E.01405
G1 F2443.993
G1 X186.72 Y145.335 E.01405
G1 F1869.696
G1 X187.12 Y145.335 E.01405
G1 F1372.199
G1 X187.52 Y145.335 E.01405
G1 F951.503
G1 X187.52 Y145.294 E.00144
G1 F912.73
G1 X187.52 Y144.925 E.01296
; FEATURE: Overhang wall
; LINE_WIDTH: 0.45
G1 F600
G1 X187.52 Y97.335 E1.80807
G1 X205.1 Y97.335 E.66791
G1 X205.1 Y109.835 E.47491
G1 X211.1 Y109.835 E.22796
G1 X211.1 Y115.415 E.212
G1 X209.32 Y115.415 E.06763
G1 X209.32 Y112.265 E.11968
G1 X206.75 Y112.265 E.09764
G1 X206.75 Y132.085 E.75301
G1 X211.1 Y132.085 E.16527
G1 X211.1 Y132.275 E.00722
; FEATURE: Outer wall
; LINE_WIDTH: 0.42
G1 X211.1 Y132.515 E.00843
G1 F1200
G1 X210.604 Y132.515 E.01742
G1 F1342.451
G1 X210.604 Y132.644 E.00453
G1 F1834.944
G1 X210.604 Y133.044 E.01405
G1 F2404.237
G1 X210.604 Y133.444 E.01405
G1 F3050.33
G1 X210.604 Y133.844 E.01405
G1 F3773.223
G1 X210.604 Y134.244 E.01405
G1 F4572.916
G1 X210.604 Y134.644 E.01405
G1 F5449.409
G1 X210.604 Y135.044 E.01405
G1 F6402.703
G1 X210.604 Y135.444 E.01405
G1 F7432.796
G1 X210.604 Y135.844 E.01405
G1 F8539.689
G1 X210.604 Y136.244 E.01405
G1 F9723.382
G1 X210.604 Y136.644 E.01405
G1 F10983.875
G1 X210.604 Y137.044 E.01405
G1 F12000
G1 X210.604 Y137.444 E.01405
G1 X210.604 Y150.435 E.45641
G1 X211.1 Y150.435 E.01742
G1 X211.1 Y192.265 E1.46959
G1 X210.604 Y192.265 E.01742
G1 X210.604 Y210.185 E.62957
G1 X211.1 Y210.185 E.01742
G1 X211.1 Y210.335 E.00527
G1 X221.1 Y210.335 E.35132
G1 X221.1 Y210.77 E.0153
G1 X221.099 Y211.17 E.01405
G1 F11036.123
G1 X221.099 Y211.57 E.01405
G1 F9772.544
G1 X221.099 Y211.97 E.01405
G1 F8585.765
G1 X221.098 Y212.37 E.01405
G1 F7475.787
G1 X221.098 Y212.77 E.01405
G1 F6442.608
G1 X221.098 Y213.17 E.01405
G1 F5486.229
G1 X221.098 Y213.57 E.01405
G1 F4606.651
G1 X221.097 Y213.97 E.01405
G1 F3803.872
G1 X221.097 Y214.37 E.01405
G1 F3077.893
G1 X221.097 Y214.77 E.01405
G1 F2428.715
G1 X221.097 Y215.17 E.01405
G1 F1856.336
G1 X221.096 Y215.57 E.01405
G1 F1360.757
G1 X221.096 Y215.97 E.01405
G1 F941.979
G1 X221.096 Y216.37 E.01405
G1 F600
G1 X221.095 Y216.95 E.02036
G1 F941.979
G1 X221.095 Y217.35 E.01405
G1 F1360.757
G1 X221.095 Y217.75 E.01405
G1 F1856.336
G1 X221.095 Y218.15 E.01405
G1 F2428.715
G1 X221.094 Y218.55 E.01405
G1 F3077.893
G1 X221.094 Y218.95 E.01405
G1 F3803.872
G1 X221.094 Y219.35 E.01405
G1 F4606.651
G1 X221.094 Y219.75 E.01405
G1 F5486.229
G1 X221.093 Y220.15 E.01405
G1 F6442.608
G1 X221.093 Y220.55 E.01405
G1 F7475.787
G1 X221.093 Y220.95 E.01405
G1 F8585.765
G1 X221.092 Y221.35 E.01405
G1 F9772.544
G1 X221.092 Y221.75 E.01405
G1 F11036.123
G1 X221.092 Y222.15 E.01405
G1 F12000
G1 X221.092 Y222.55 E.01405
G1 X221.09 Y224.806 E.07926
G1 X221.044 Y225.067 E.00931
G1 X220.959 Y225.32 E.0094
G1 X220.837 Y225.558 E.00939
G1 X220.681 Y225.775 E.00941
G1 X220.494 Y225.967 E.0094
G1 X220.281 Y226.128 E.00939
G1 X220.047 Y226.256 E.00937
G1 X219.812 Y226.339 E.00876
G1 X219.401 Y226.248 E.01478
G1 X218.6 Y226.02 E.02928
G1 X218.174 Y225.933 E.01527
G1 X217.712 Y225.922 E.01621
G1 X217.241 Y226.107 E.0178
G1 X216.874 Y226.415 E.01684
G1 X216.266 Y226.415 E.02133
G1 X215.904 Y225.835 E.02402
G1 X215.448 Y225.525 E.01938
G1 X215.011 Y225.355 E.01649
G1 X214.581 Y225.261 E.01544
G1 X214.155 Y225.224 E.01503
G1 X213.73 Y225.239 E.01496
G1 X213.302 Y225.307 E.01521
G1 X212.869 Y225.441 E.01592
G1 X212.42 Y225.678 E.01784
G1 X212.004 Y226.129 E.02157
G1 X211.672 Y226.415 E.01539
G1 X211.07 Y226.415 E.02113
G1 X210.696 Y225.774 E.02608
G1 X210.201 Y225.561 E.01895
G1 X209.742 Y225.526 E.01615
G1 X209.304 Y225.592 E.01557
G1 X208.881 Y225.719 E.01551
G1 X207.679 Y226.194 E.0454
G1 X207.01 Y226.387 E.02447
G1 X206.782 Y226.335 E.0082
G1 X206.534 Y226.237 E.00939
G1 X206.302 Y226.104 E.00939
G1 X206.095 Y225.938 E.00931
G1 X205.857 Y225.669 E.01262
G1 X205.679 Y225.36 E.01255
G1 X205.577 Y225.068 E.01087
G1 X205.522 Y224.709 E.01275
G1 X205.52 Y212.915 E.41435
G1 X189.16 Y212.915 E.57476
; WIPE_START
M204 S8000
G1 X189.148 Y214.915 E-.76
; WIPE_END
G1 E-.04 F1800
M204 S10000
G1 X188.376 Y215.144 Z49.32 F60000
G1 Z48.92
G1 E.8 F1800
; FEATURE: Sparse infill
; LINE_WIDTH: 0.45
G1 F11292.473
M204 S8000
G1 X188.376 Y213.55 E.06056
G1 X187.244 Y214.681 E.06077
G1 X187.244 Y218.03 E.12725
G1 X188.376 Y219.162 E.06077
G1 X188.376 Y221.064 E.07228
G1 X187.244 Y222.195 E.06077
G1 X187.244 Y220.601 E.06056
; WIPE_START
G1 X187.244 Y222.195 E-.60572
G1 X187.532 Y221.908 E-.15429
; WIPE_END
G1 E-.04 F1800
M204 S10000
G1 X195.036 Y220.515 Z49.32 F60000
G1 X209.582 Y217.815 Z49.32
G1 Z48.92
G1 E.8 F1800
; FEATURE: Bridge
; LINE_WIDTH: 0.423954
G1 F1500
M204 S8000
G1 X209.593 Y215.671 E.07613
G1 X209.956 Y215.671 E.0129
G1 X209.955 Y217.649 E.07024
G1 X210.327 Y217.649 E.01323
G1 X210.329 Y215.671 E.07024
G1 X210.701 Y215.671 E.01323
G1 X210.7 Y217.649 E.07024
G1 X211.072 Y217.649 E.01323
G1 X211.074 Y215.671 E.07024
G1 X211.446 Y215.671 E.01323
G1 X211.445 Y217.649 E.07024
G1 X211.817 Y217.649 E.01323
G1 X211.818 Y215.671 E.07024
G1 X212.191 Y215.671 E.01323
G1 X212.19 Y217.649 E.07024
G1 X212.562 Y217.649 E.01323
G1 X212.563 Y215.671 E.07024
G1 X212.936 Y215.671 E.01323
G1 X212.934 Y217.649 E.07024
G1 X213.307 Y217.649 E.01323
G1 X213.308 Y215.671 E.07024
G1 X213.681 Y215.671 E.01323
G1 X213.679 Y217.649 E.07024
G1 X214.052 Y217.649 E.01323
G1 X214.053 Y215.671 E.07024
G1 X214.426 Y215.671 E.01323
G1 X214.424 Y217.649 E.07024
G1 X214.797 Y217.649 E.01323
G1 X214.798 Y215.671 E.07024
G1 X215.17 Y215.671 E.01323
G1 X215.169 Y217.649 E.07024
G1 X215.542 Y217.649 E.01323
G1 X215.543 Y215.671 E.07024
G1 X215.915 Y215.671 E.01323
G1 X215.914 Y217.649 E.07024
G1 X216.287 Y217.649 E.01323
G1 X216.288 Y215.671 E.07024
G1 X216.66 Y215.671 E.01323
G1 X216.659 Y217.649 E.07024
G1 X217.031 Y217.649 E.01323
G1 X217.033 Y215.671 E.07024
G1 X217.405 Y215.671 E.01323
G1 X217.404 Y217.649 E.07024
G1 X217.776 Y217.649 E.01323
G1 X217.778 Y215.671 E.07024
G1 X218.15 Y215.671 E.01323
G1 X218.149 Y217.649 E.07024
G1 X218.521 Y217.649 E.01323
G1 X218.523 Y215.671 E.07024
G1 X218.895 Y215.671 E.01323
G1 X218.894 Y217.649 E.07024
G1 X219.266 Y217.649 E.01323
G1 X219.267 Y215.671 E.07024
G1 X219.64 Y215.671 E.01323
G1 X219.639 Y217.649 E.07024
G1 X220.011 Y217.649 E.01323
G1 X220.012 Y215.671 E.07024
G1 X220.385 Y215.671 E.01323
G1 X220.383 Y217.815 E.07613
; WIPE_START
G1 X220.385 Y215.815 E-.76
; WIPE_END
G1 E-.04 F1800
M204 S10000
G17
G3 Z49.32 I.853 J-.868 P1  F60000
G1 X209.88 Y205.48 Z49.32
G1 Z48.92
G1 E.8 F1800
; FEATURE: Sparse infill
; LINE_WIDTH: 0.45
G1 F11292.473
M204 S8000
G1 X209.88 Y207.074 E.06056
G1 X206.244 Y210.709 E.19532
G1 X206.244 Y211.059 E.01331
G1 X205.894 Y211.059 E.01331
G1 X204.763 Y212.191 E.06077
G1 X203.947 Y212.191 E.03101
G1 X202.816 Y211.059 E.06077
G1 X198.38 Y211.059 E.16852
G1 X197.249 Y212.191 E.06077
G1 X196.433 Y212.191 E.03101
G1 X195.302 Y211.059 E.06077
G1 X190.866 Y211.059 E.16852
G1 X189.735 Y212.191 E.06077
G1 X188.919 Y212.191 E.03101
G1 X187.788 Y211.059 E.06077
G1 X187.244 Y211.059 E.02064
G1 X187.244 Y212.11 E.03992
; WIPE_START
G1 X187.244 Y211.059 E-.39931
G1 X187.788 Y211.059 E-.2064
G1 X188.075 Y211.347 E-.15429
; WIPE_END
G1 E-.04 F1800
M204 S10000
G1 X193.069 Y205.575 Z49.32 F60000
G1 X206.244 Y190.352 Z49.32
G1 Z48.92
G1 E.8 F1800
G1 F11292.473
M204 S8000
G1 X206.244 Y191.946 E.06056
G1 X209.88 Y195.581 E.19532
G1 X209.88 Y192.046 E.13432
G1 X206.244 Y195.681 E.19532
G1 X206.244 Y199.46 E.14357
G1 X209.88 Y203.095 E.19532
G1 X209.88 Y199.56 E.13432
G1 X206.244 Y203.195 E.19532
G1 X206.244 Y206.974 E.14357
G1 X209.88 Y210.609 E.19532
G1 X209.88 Y210.909 E.0114
G1 X210.18 Y210.909 E.0114
G1 X214.558 Y215.287 E.23523
G1 X216.694 Y215.287 E.08118
G1 X220.375 Y211.607 E.19773
G1 X220.373 Y213.589 E.07528
G1 X217.844 Y211.059 E.1359
G1 X213.408 Y211.059 E.16852
G1 X206.246 Y218.222 E.38485
G1 X206.245 Y214.488 E.14186
G1 X209.198 Y217.442 E.15868
G1 X209.198 Y217.797 E.01349
G1 X209.434 Y218.033 E.01267
G1 X209.789 Y218.033 E.01349
G1 X217.129 Y225.373 E.39439
G1 X216.866 Y225.476 E.01073
G1 X216.648 Y225.659 E.0108
G1 X216.438 Y225.321 E.01511
G1 X215.787 Y224.88 E.02989
G1 X215.221 Y224.66 E.02309
G1 X214.905 Y224.591 E.01226
G1 X220.369 Y219.126 E.29358
G1 X220.368 Y221.098 E.07489
G1 X217.303 Y218.033 E.16469
G1 X213.949 Y218.033 E.12742
G1 X206.584 Y225.398 E.39573
G1 X206.711 Y225.503 E.00628
G1 X206.841 Y225.578 E.0057
G1 X207.013 Y225.635 E.00689
G1 X207.44 Y225.51 E.01689
G1 X208.643 Y225.034 E.04917
G1 X209.13 Y224.888 E.01931
G1 X206.246 Y222.004 E.15493
G1 X206.246 Y220.41 E.06056
; WIPE_START
G1 X206.246 Y222.004 E-.60572
G1 X206.533 Y222.291 E-.15428
; WIPE_END
G1 E-.04 F1800
M204 S10000
G1 X207.359 Y214.704 Z49.32 F60000
G1 X210.376 Y186.969 Z49.32
G1 Z48.92
G1 E.8 F1800
G1 F11292.473
M204 S8000
G1 X210.376 Y188.563 E.06056
G1 X206.244 Y184.432 E.22196
G1 X206.244 Y188.167 E.14191
G1 X210.376 Y184.036 E.22196
G1 X210.376 Y181.049 E.11349
G1 X206.244 Y176.918 E.22196
G1 X206.244 Y180.653 E.14191
G1 X210.376 Y176.522 E.22196
G1 X210.376 Y173.535 E.11349
G1 X188.244 Y151.404 E1.1891
G1 X188.244 Y153.568 E.08224
G1 X195.676 Y146.137 E.39929
G1 X198.006 Y146.137 E.08853
G1 X210.376 Y158.506 E.66461
G1 X210.376 Y161.494 E.11349
G1 X196.859 Y175.011 E.72627
G1 X196.823 Y175.011 E.00134
G1 X188.244 Y166.432 E.46094
G1 X188.244 Y168.596 E.08224
G1 X209.88 Y146.961 E1.16246
G1 X209.88 Y150.497 E.13432
G1 X205.52 Y146.137 E.23424
G1 X203.19 Y146.137 E.08853
G1 X188.244 Y161.082 E.80302
G1 X188.244 Y158.918 E.08224
G1 X204.337 Y175.011 E.86467
G1 X204.373 Y175.011 E.00134
G1 X210.376 Y169.008 E.32254
G1 X210.376 Y166.021 E.11349
G1 X190.492 Y146.137 E1.06834
G1 X188.162 Y146.137 E.08853
G1 X184.108 Y150.191 E.2178
G1 X187.031 Y150.191 E.11107
G1 X182.334 Y145.494 E.25237
G1 X182.334 Y144.45 E.03964
G1 X183.466 Y143.319 E.06077
G1 X183.466 Y139.111 E.15989
G1 X182.334 Y137.979 E.06077
G1 X182.334 Y136.936 E.03964
G1 X183.466 Y135.805 E.06077
G1 X183.466 Y131.596 E.15989
G1 X182.334 Y130.465 E.06077
G1 X182.334 Y129.422 E.03964
G1 X183.466 Y128.291 E.06077
G1 X183.466 Y124.082 E.15989
G1 X182.334 Y122.951 E.06077
G1 X182.334 Y121.908 E.03964
G1 X183.466 Y120.777 E.06077
G1 X183.466 Y116.568 E.15989
G1 X182.334 Y115.437 E.06077
G1 X182.334 Y114.394 E.03964
G1 X183.466 Y113.263 E.06077
G1 X183.466 Y109.054 E.15989
G1 X182.334 Y107.923 E.06077
G1 X182.334 Y106.88 E.03964
G1 X183.466 Y105.748 E.06077
G1 X183.466 Y101.54 E.15989
G1 X182.334 Y100.409 E.06077
G1 X182.334 Y99.365 E.03964
G1 X183.466 Y98.234 E.06077
G1 X183.466 Y95.441 E.10615
G1 X184.666 Y95.441 E.04559
G1 X184.666 Y95.226 E.00815
G1 X183.749 Y94.309 E.04924
G1 X182.334 Y94.309 E.05374
G1 X182.334 Y94.489 E.00682
; WIPE_START
G1 X182.334 Y94.309 E-.06817
G1 X183.749 Y94.309 E-.53754
G1 X184.036 Y94.597 E-.15429
; WIPE_END
G1 E-.04 F1800
M204 S10000
G17
G3 Z49.32 I-.665 J1.019 P1  F60000
G1 X210.21 Y111.682 Z49.32
G1 Z48.92
G1 E.8 F1800
; FEATURE: Gap infill
; LINE_WIDTH: 0.666044
G1 F7322.551
M204 S8000
G1 X210.21 Y114.832 E.18455
; WIPE_START
G1 X210.21 Y112.832 E-.76
; WIPE_END
G1 E-.04 F1800
M204 S10000
G17
G3 Z49.32 I1.206 J.165 P1  F60000
G1 X210.39 Y111.522 Z49.32
G1 Z48.92
G1 E.8 F1800
; FEATURE: Bridge
; LINE_WIDTH: 0.421424
G1 F1500
M204 S8000
G1 X210.39 Y110.544 E.03448
G1 X210.02 Y110.544 E.01305
G1 X210.02 Y111.356 E.02864
G1 X209.65 Y111.356 E.01305
G1 X209.65 Y110.544 E.02864
G1 X209.28 Y110.544 E.01305
G1 X209.28 Y111.556 E.03566
G1 X208.91 Y111.556 E.01305
G1 X208.91 Y110.544 E.03566
G1 X208.54 Y110.544 E.01305
G1 X208.54 Y111.556 E.03566
G1 X208.17 Y111.556 E.01305
G1 X208.17 Y110.544 E.03566
G1 X207.8 Y110.544 E.01305
G1 X207.8 Y111.556 E.03566
G1 X207.43 Y111.556 E.01305
G1 X207.43 Y110.544 E.03566
G1 X207.061 Y110.544 E.01305
G1 X207.061 Y111.556 E.03566
G1 X206.691 Y111.556 E.01305
G1 X206.691 Y110.544 E.03566
G1 X206.321 Y110.544 E.01305
G1 X206.321 Y111.556 E.03566
G1 X206.041 Y111.556 E.00988
G1 X206.041 Y132.794 E.74906
G1 X206.321 Y132.794 E.00988
G1 X206.321 Y133.103 E.01089
G1 X206.691 Y133.103 E.01305
G1 X206.691 Y132.794 E.01089
G1 X207.061 Y132.794 E.01305
G1 X207.061 Y133.269 E.01674
; WIPE_START
G1 X207.061 Y132.794 E-.18039
G1 X206.691 Y132.794 E-.14057
G1 X206.691 Y133.103 E-.11738
G1 X206.321 Y133.103 E-.14057
G1 X206.321 Y132.794 E-.11738
G1 X206.153 Y132.794 E-.0637
; WIPE_END
G1 E-.04 F1800
M204 S10000
G1 X209.866 Y132.978 Z49.32 F60000
G1 Z48.92
G1 E.8 F1800
; FEATURE: Floating vertical shell
; LINE_WIDTH: 0.361479
G1 F12000
M204 S8000
G1 X209.866 Y132.823 E.00458
G1 X207.548 Y132.823 E.06853
G1 X207.464 Y133.133 E.00949
G1 X209.866 Y133.133 E.071
G1 X209.866 Y133.038 E.00281
; WIPE_START
G1 X209.866 Y133.133 E-.0361
G1 X207.961 Y133.133 E-.7239
; WIPE_END
G1 E-.04 F1800
M204 S10000
G1 X209.88 Y137.062 Z49.32 F60000
G1 Z48.92
G1 E.8 F1800
; FEATURE: Sparse infill
; LINE_WIDTH: 0.45
G1 F11292.473
M204 S8000
G1 X209.88 Y135.468 E.06056
G1 X207.898 Y133.487 E.10646
G1 X208.326 Y133.487 E.01624
G1 X206.322 Y135.491 E.10767
G1 X206.322 Y139.425 E.14946
G1 X209.88 Y142.982 E.19116
G1 X209.88 Y139.447 E.13432
G1 X206.322 Y143.005 E.19116
G1 X206.322 Y144.599 E.06056
; WIPE_START
G1 X206.322 Y143.005 E-.60572
G1 X206.609 Y142.718 E-.15428
; WIPE_END
G1 E-.04 F1800
M204 S10000
G1 X205.951 Y145.919 Z49.32 F60000
G1 Z48.92
G1 E.8 F1800
; FEATURE: Bridge
; LINE_WIDTH: 0.421424
G1 F1500
M204 S8000
G1 X205.951 Y110.544 E1.2476
G1 X205.581 Y110.544 E.01305
G1 X205.581 Y145.753 E1.24176
G1 X205.211 Y145.753 E.01305
G1 X205.211 Y110.544 E1.24176
G1 X204.841 Y110.544 E.01305
G1 X204.841 Y145.753 E1.24176
G1 X204.471 Y145.753 E.01305
G1 X204.471 Y110.544 E1.24176
G1 X204.391 Y110.544 E.00284
G1 X204.391 Y98.044 E.44085
G1 X204.101 Y98.044 E.01021
G1 X204.101 Y145.753 E1.68261
G1 X203.731 Y145.753 E.01305
G1 X203.731 Y98.044 E1.68261
G1 X203.361 Y98.044 E.01305
G1 X203.361 Y145.753 E1.68261
G1 X202.991 Y145.753 E.01305
G1 X202.991 Y98.044 E1.68261
G1 X202.621 Y98.044 E.01305
G1 X202.621 Y145.753 E1.68261
G1 X202.252 Y145.753 E.01305
G1 X202.252 Y98.044 E1.68261
G1 X201.882 Y98.044 E.01305
G1 X201.882 Y145.753 E1.68261
G1 X201.512 Y145.753 E.01305
G1 X201.512 Y98.044 E1.68261
G1 X201.142 Y98.044 E.01305
G1 X201.142 Y145.753 E1.68261
G1 X200.772 Y145.753 E.01305
G1 X200.772 Y98.044 E1.68261
G1 X200.402 Y98.044 E.01305
G1 X200.402 Y145.753 E1.68261
G1 X200.032 Y145.753 E.01305
M73 P82 R40
G1 X200.032 Y98.044 E1.68261
G1 X199.662 Y98.044 E.01305
G1 X199.662 Y145.753 E1.68261
G1 X199.292 Y145.753 E.01305
M73 P82 R39
G1 X199.292 Y98.044 E1.68261
G1 X198.922 Y98.044 E.01305
G1 X198.922 Y145.753 E1.68261
G1 X198.552 Y145.753 E.01305
G1 X198.552 Y98.044 E1.68261
G1 X198.182 Y98.044 E.01305
G1 X198.182 Y145.753 E1.68261
G1 X197.813 Y145.753 E.01305
G1 X197.813 Y98.044 E1.68261
G1 X197.443 Y98.044 E.01305
G1 X197.443 Y145.753 E1.68261
G1 X197.073 Y145.753 E.01305
G1 X197.073 Y98.044 E1.68261
G1 X196.703 Y98.044 E.01305
G1 X196.703 Y145.753 E1.68261
G1 X196.333 Y145.753 E.01305
G1 X196.333 Y98.044 E1.68261
G1 X195.963 Y98.044 E.01305
G1 X195.963 Y145.753 E1.68261
G1 X195.593 Y145.753 E.01305
G1 X195.593 Y98.044 E1.68261
G1 X195.223 Y98.044 E.01305
G1 X195.223 Y145.753 E1.68261
G1 X194.853 Y145.753 E.01305
G1 X194.853 Y98.044 E1.68261
G1 X194.483 Y98.044 E.01305
G1 X194.483 Y145.753 E1.68261
G1 X194.113 Y145.753 E.01305
G1 X194.113 Y98.044 E1.68261
G1 X193.743 Y98.044 E.01305
G1 X193.743 Y145.753 E1.68261
G1 X193.373 Y145.753 E.01305
G1 X193.373 Y98.044 E1.68261
G1 X193.004 Y98.044 E.01305
G1 X193.004 Y145.753 E1.68261
G1 X192.634 Y145.753 E.01305
G1 X192.634 Y98.044 E1.68261
G1 X192.264 Y98.044 E.01305
G1 X192.264 Y145.753 E1.68261
G1 X191.894 Y145.753 E.01305
G1 X191.894 Y98.044 E1.68261
G1 X191.524 Y98.044 E.01305
G1 X191.524 Y145.753 E1.68261
G1 X191.154 Y145.753 E.01305
G1 X191.154 Y98.044 E1.68261
G1 X190.784 Y98.044 E.01305
G1 X190.784 Y145.753 E1.68261
G1 X190.414 Y145.753 E.01305
G1 X190.414 Y98.044 E1.68261
G1 X190.044 Y98.044 E.01305
G1 X190.044 Y145.753 E1.68261
G1 X189.674 Y145.753 E.01305
G1 X189.674 Y98.044 E1.68261
G1 X189.304 Y98.044 E.01305
G1 X189.304 Y145.753 E1.68261
G1 X188.934 Y145.753 E.01305
G1 X188.934 Y98.044 E1.68261
G1 X188.565 Y98.044 E.01305
G1 X188.565 Y145.919 E1.68846
; WIPE_START
G1 X188.565 Y143.919 E-.76
; WIPE_END
G1 E-.04 F1800
M204 S10000
G1 X188.479 Y151.551 Z49.32 F60000
G1 X188.244 Y172.352 Z49.32
G1 Z48.92
G1 E.8 F1800
; FEATURE: Sparse infill
; LINE_WIDTH: 0.45
G1 F11292.473
M204 S8000
M73 P82 R38
G1 X188.244 Y173.946 E.06056
G1 X189.309 Y175.011 E.05721
G1 X189.344 Y175.011 E.00134
G1 X210.376 Y153.979 E1.13
G1 X210.376 Y155.573 E.06056
; OBJECT_ID: 1901
; WIPE_START
G1 X210.376 Y153.979 E-.60572
G1 X210.088 Y154.267 E-.15429
; WIPE_END
G1 E-.04 F1800
; FEATURE: Other object
; stop printing object, unique label id: 1902
M625
; FEATURE: Other object
; start printing object, unique label id: 1901
M624 AQAAAAAAAAA=
M204 S10000
G1 X204.089 Y149.549 Z49.32 F60000
G1 X141.372 Y100.229 Z49.32
G1 Z48.92
G1 E.8 F1800
; FEATURE: Other object
; LINE_WIDTH: 0.62
G1 F4800
M204 S8000
G1 X140.677 Y99.534 E.05324
G1 X139.166 Y99.534 E.0819
G1 X141.116 Y101.484 E.14946
G1 X141.116 Y101.966 E.02612
G1 X140.087 Y101.966 E.05578
G1 X137.655 Y99.534 E.18639
G1 X136.297 Y99.534 E.07359
G1 X136.297 Y99.687 E.00831
G1 X138.576 Y101.966 E.17464
G1 X137.065 Y101.966 E.0819
G1 X136.042 Y100.943 E.07839
; WIPE_START
; WIPE_END
G1 E-.8 F1800
M204 S10000
G17
G3 Z49.32 I-1.166 J-.35 P1  F60000
G1 X112.098 Y180.67 Z49.32
G1 Z48.92
G1 E.8 F1800
; FEATURE: Other object
G1 F7915.629
M204 S8000
G1 X112.111 Y180.58 E.00494
G1 X112.164 Y180.462 E.00701
G1 X112.249 Y180.365 E.007
G1 X112.358 Y180.295 E.00701
G1 X112.5 Y180.258 E.00795
G1 X112.5 Y179.638 E.0336
G1 X112.7 Y179.638 E.01087
G1 X112.995 Y179.725 E.01668
G1 X113.254 Y179.892 E.01667
G1 X113.455 Y180.124 E.01667
G1 X113.583 Y180.404 E.01667
G1 X113.627 Y180.708 E.01667
G1 X113.583 Y181.013 E.01666
G1 X113.455 Y181.292 E.01666
G1 X113.253 Y181.525 E.01666
G1 X112.995 Y181.691 E.01666
G1 X112.7 Y181.777 E.01666
G1 X112.393 Y181.777 E.01666
G1 X112.098 Y181.691 E.01666
G1 X111.839 Y181.525 E.01666
G1 X111.638 Y181.292 E.01666
G1 X111.51 Y181.013 E.01667
G1 X111.466 Y180.708 E.01667
G1 X111.51 Y180.404 E.01667
G1 X111.637 Y180.124 E.01667
G1 X111.839 Y179.892 E.01667
G1 X112.097 Y179.725 E.01668
G1 X112.414 Y179.638 E.01781
; WIPE_START
G1 X112.7 Y179.638 E-.10859
G1 X112.995 Y179.725 E-.11691
G1 X113.254 Y179.892 E-.11689
G1 X113.455 Y180.124 E-.1169
G1 X113.583 Y180.404 E-.11687
G1 X113.627 Y180.708 E-.11687
G1 X113.601 Y180.883 E-.06698
; WIPE_END
G1 E-.04 F1800
M204 S10000
G17
G3 Z49.32 I.024 J-1.217 P1  F60000
G1 X108.509 Y180.783 Z49.32
G1 Z48.92
G1 E.8 F1800
G1 F7915.629
M204 S8000
G1 X108.496 Y180.692 E.00502
G1 X108.513 Y180.564 E.007
G1 X108.567 Y180.447 E.00695
G1 X108.652 Y180.349 E.00706
G1 X108.762 Y180.279 E.00703
G1 X108.888 Y180.243 E.00712
G1 X108.888 Y179.623 E.03361
G1 X109.108 Y179.624 E.01196
G1 X109.405 Y179.714 E.01678
G1 X109.664 Y179.883 E.0168
G1 X109.865 Y180.119 E.01679
G1 X109.992 Y180.401 E.01676
G1 X110.035 Y180.706 E.01671
G1 X109.99 Y181.01 E.01666
G1 X109.862 Y181.289 E.01661
G1 X109.662 Y181.519 E.01658
G1 X109.404 Y181.684 E.01657
G1 X109.11 Y181.77 E.0166
G1 X108.803 Y181.769 E.01664
G1 X108.507 Y181.682 E.0167
G1 X108.247 Y181.515 E.01675
G1 X108.044 Y181.281 E.01679
G1 X107.914 Y181 E.0168
G1 X107.869 Y180.693 E.01679
G1 X107.912 Y180.388 E.01674
G1 X108.041 Y180.107 E.01671
G1 X108.243 Y179.875 E.01673
G1 X108.503 Y179.708 E.01672
G1 X108.802 Y179.622 E.01687
; WIPE_START
G1 X109.108 Y179.624 E-.11625
G1 X109.405 Y179.714 E-.11768
G1 X109.664 Y179.883 E-.11778
G1 X109.865 Y180.119 E-.1177
G1 X109.992 Y180.401 E-.11753
G1 X110.035 Y180.706 E-.11716
G1 X110.014 Y180.852 E-.05592
; WIPE_END
G1 E-.04 F1800
M204 S10000
G17
G3 Z49.32 I-.803 J-.915 P1  F60000
G1 X106.329 Y184.087 Z49.32
G1 Z48.92
G1 E.8 F1800
G1 F7915.629
M204 S8000
G1 X106.316 Y183.996 E.00495
G1 X106.334 Y183.868 E.00701
G1 X106.388 Y183.75 E.00701
G1 X106.472 Y183.653 E.007
G1 X106.581 Y183.583 E.00701
G1 X106.705 Y183.547 E.00701
G1 X106.703 Y182.927 E.03361
G1 X106.925 Y182.927 E.01207
G1 X107.22 Y183.014 E.01669
G1 X107.479 Y183.181 E.01669
G1 X107.68 Y183.414 E.01668
G1 X107.808 Y183.694 E.01667
G1 X107.851 Y183.999 E.01666
G1 X107.807 Y184.303 E.01665
G1 X107.679 Y184.582 E.01664
G1 X107.478 Y184.814 E.01664
G1 X107.22 Y184.98 E.01664
G1 X106.925 Y185.066 E.01664
G1 X106.618 Y185.066 E.01665
G1 X106.323 Y184.98 E.01666
G1 X106.064 Y184.814 E.01667
G1 X105.862 Y184.582 E.01668
G1 X105.734 Y184.302 E.01669
G1 X105.689 Y183.997 E.01669
G1 X105.733 Y183.692 E.01669
G1 X105.861 Y183.412 E.01669
G1 X106.062 Y183.179 E.01669
G1 X106.322 Y183.013 E.01669
G1 X106.617 Y182.927 E.01669
; WIPE_START
G1 X106.925 Y182.927 E-.11701
G1 X107.22 Y183.014 E-.11701
G1 X107.479 Y183.181 E-.117
G1 X107.68 Y183.414 E-.11693
G1 X107.808 Y183.694 E-.11687
G1 X107.851 Y183.999 E-.11681
G1 X107.829 Y184.151 E-.05837
; WIPE_END
G1 E-.04 F1800
M204 S10000
G17
G3 Z49.32 I-.945 J-.766 P1  F60000
G1 X104.897 Y187.767 Z49.32
G1 Z48.92
G1 E.8 F1800
G1 F7915.629
M204 S8000
G1 X104.884 Y187.677 E.00495
G1 X104.902 Y187.549 E.00701
G1 X104.956 Y187.431 E.00701
G1 X105.041 Y187.333 E.00701
G1 X105.15 Y187.264 E.007
G1 X105.273 Y187.227 E.007
G1 X105.27 Y186.607 E.03361
G1 X105.492 Y186.607 E.01203
G1 X105.786 Y186.694 E.01665
G1 X106.045 Y186.86 E.01665
G1 X106.246 Y187.092 E.01666
G1 X106.374 Y187.371 E.01666
G1 X106.418 Y187.676 E.01667
G1 X106.375 Y187.98 E.01667
G1 X106.247 Y188.26 E.01667
G1 X106.046 Y188.493 E.01668
G1 X105.787 Y188.66 E.01668
G1 X105.492 Y188.746 E.01668
G1 X105.184 Y188.746 E.01668
G1 X104.889 Y188.66 E.01668
G1 X104.63 Y188.493 E.01668
G1 X104.429 Y188.261 E.01668
G1 X104.301 Y187.981 E.01668
G1 X104.258 Y187.676 E.01668
G1 X104.302 Y187.372 E.01667
G1 X104.43 Y187.092 E.01667
G1 X104.631 Y186.86 E.01666
G1 X104.89 Y186.694 E.01666
G1 X105.184 Y186.607 E.01665
; WIPE_START
G1 X105.492 Y186.607 E-.11674
G1 X105.786 Y186.694 E-.11673
G1 X106.045 Y186.86 E-.11675
G1 X106.246 Y187.092 E-.11679
G1 X106.374 Y187.371 E-.1168
G1 X106.418 Y187.676 E-.11685
G1 X106.396 Y187.83 E-.05934
; WIPE_END
G1 E-.04 F1800
M204 S10000
G17
G3 Z49.32 I-.656 J1.025 P1  F60000
G1 X109.643 Y189.909 Z49.32
G1 Z48.92
G1 E.8 F1800
G1 F7915.629
M204 S8000
G1 X109.631 Y189.822 E.00478
G1 X109.649 Y189.694 E.00704
G1 X109.704 Y189.575 E.00706
G1 X109.789 Y189.477 E.00707
G1 X109.899 Y189.407 E.00706
G1 X110.024 Y189.37 E.00705
G1 X110.02 Y188.75 E.03361
G1 X110.242 Y188.75 E.01204
G1 X110.537 Y188.837 E.01664
G1 X110.795 Y189.002 E.01662
G1 X110.996 Y189.234 E.01662
G1 X111.124 Y189.513 E.01662
G1 X111.168 Y189.816 E.01663
G1 X111.125 Y190.121 E.01666
G1 X110.997 Y190.401 E.01668
G1 X110.796 Y190.635 E.0167
G1 X110.538 Y190.802 E.01672
G1 X110.242 Y190.89 E.01672
G1 X109.933 Y190.891 E.01672
G1 X109.663 Y190.813 E.01525
G1 X109.376 Y190.637 E.01828
G1 X109.176 Y190.407 E.01653
G1 X109.048 Y190.126 E.0167
G1 X109.004 Y189.821 E.01671
G1 X109.049 Y189.516 E.01672
G1 X109.177 Y189.236 E.01672
G1 X109.38 Y189.003 E.01672
G1 X109.639 Y188.837 E.01671
G1 X109.935 Y188.75 E.01669
; WIPE_START
G1 X110.242 Y188.75 E-.11683
G1 X110.537 Y188.837 E-.11666
G1 X110.795 Y189.002 E-.11653
G1 X110.996 Y189.234 E-.11649
G1 X111.124 Y189.513 E-.11651
G1 X111.168 Y189.816 E-.11661
G1 X111.145 Y189.974 E-.06037
; WIPE_END
G1 E-.04 F1800
M204 S10000
G17
G3 Z49.32 I1.185 J.279 P1  F60000
G1 X112.17 Y185.621 Z49.32
G1 Z48.92
G1 E.8 F1800
G1 F7915.629
M204 S8000
G1 X112.183 Y185.53 E.00496
G1 X112.237 Y185.413 E.00701
G1 X112.321 Y185.315 E.007
G1 X112.43 Y185.245 E.007
G1 X112.554 Y185.209 E.007
G1 X112.683 Y185.209 E.007
G1 X112.854 Y184.613 E.0336
G1 X113.067 Y184.676 E.01205
G1 X113.326 Y184.842 E.01666
G1 X113.527 Y185.074 E.01667
G1 X113.655 Y185.354 E.01667
G1 X113.699 Y185.658 E.01667
G1 X113.655 Y185.963 E.01667
G1 X113.527 Y186.242 E.01667
G1 X113.326 Y186.475 E.01667
G1 X113.067 Y186.641 E.01667
G1 X112.772 Y186.728 E.01667
G1 X112.465 Y186.728 E.01667
G1 X112.17 Y186.641 E.01667
G1 X111.911 Y186.475 E.01667
G1 X111.71 Y186.242 E.01667
G1 X111.582 Y185.963 E.01666
G1 X111.538 Y185.658 E.01667
G1 X111.582 Y185.354 E.01666
G1 X111.71 Y185.074 E.01667
G1 X111.911 Y184.842 E.01667
G1 X112.17 Y184.676 E.01666
G1 X112.465 Y184.589 E.01667
G1 X112.772 Y184.589 E.01667
; WIPE_START
G1 X113.067 Y184.676 E-.11686
G1 X113.326 Y184.842 E-.11683
G1 X113.527 Y185.074 E-.11687
G1 X113.655 Y185.354 E-.11686
G1 X113.699 Y185.658 E-.11685
G1 X113.655 Y185.963 E-.11686
G1 X113.591 Y186.104 E-.05888
; WIPE_END
G1 E-.04 F1800
M204 S10000
G17
G3 Z49.32 I-1.136 J-.435 P1  F60000
G1 X110.596 Y193.92 Z49.32
G1 Z48.92
G1 E.8 F1800
G1 F7915.629
M204 S8000
G1 X110.583 Y193.83 E.00495
G1 X110.602 Y193.702 E.00701
G1 X110.655 Y193.584 E.00701
G1 X110.74 Y193.487 E.00701
G1 X110.849 Y193.417 E.007
G1 X110.973 Y193.381 E.007
G1 X110.969 Y192.761 E.0336
G1 X111.191 Y192.761 E.01203
G1 X111.486 Y192.847 E.01665
G1 X111.744 Y193.013 E.01665
G1 X111.945 Y193.245 E.01665
G1 X112.073 Y193.525 E.01666
G1 X112.117 Y193.829 E.01667
G1 X112.074 Y194.134 E.01667
G1 X111.946 Y194.414 E.01668
G1 X111.745 Y194.646 E.01668
G1 X111.486 Y194.813 E.01668
G1 X111.191 Y194.9 E.01668
G1 X110.883 Y194.9 E.01668
G1 X110.588 Y194.813 E.01668
G1 X110.329 Y194.647 E.01668
G1 X110.128 Y194.414 E.01668
G1 X110 Y194.134 E.01668
G1 X109.957 Y193.83 E.01668
G1 X110.001 Y193.525 E.01667
G1 X110.129 Y193.245 E.01667
G1 X110.33 Y193.013 E.01667
G1 X110.589 Y192.847 E.01666
G1 X110.884 Y192.761 E.01665
; WIPE_START
G1 X111.191 Y192.761 E-.11674
G1 X111.486 Y192.847 E-.11675
G1 X111.744 Y193.013 E-.11676
G1 X111.945 Y193.245 E-.11676
G1 X112.073 Y193.525 E-.11681
G1 X112.117 Y193.829 E-.11684
G1 X112.095 Y193.984 E-.05934
; WIPE_END
G1 E-.04 F1800
M204 S10000
G17
G3 Z49.32 I-1.215 J-.069 P1  F60000
G1 X111.866 Y197.999 Z49.32
G1 Z48.92
G1 E.8 F1800
G1 F7915.629
M204 S8000
G1 X111.879 Y197.909 E.00496
G1 X111.933 Y197.791 E.007
G1 X112.017 Y197.694 E.007
G1 X112.126 Y197.624 E.007
G1 X112.25 Y197.587 E.007
G1 X112.379 Y197.587 E.007
G1 X112.55 Y196.991 E.0336
G1 X112.763 Y197.054 E.01204
G1 X113.022 Y197.22 E.01667
G1 X113.223 Y197.452 E.01667
G1 X113.351 Y197.732 E.01667
G1 X113.395 Y198.036 E.01667
G1 X113.351 Y198.341 E.01667
G1 X113.223 Y198.621 E.01667
G1 X113.022 Y198.853 E.01667
G1 X112.763 Y199.019 E.01667
G1 X112.468 Y199.106 E.01667
G1 X112.161 Y199.106 E.01667
G1 X111.866 Y199.019 E.01667
G1 X111.607 Y198.853 E.01667
G1 X111.406 Y198.62 E.01667
G1 X111.278 Y198.341 E.01667
G1 X111.234 Y198.036 E.01666
G1 X111.278 Y197.732 E.01666
G1 X111.406 Y197.452 E.01667
G1 X111.607 Y197.22 E.01666
G1 X111.866 Y197.054 E.01667
G1 X112.161 Y196.967 E.01666
G1 X112.468 Y196.967 E.01666
; WIPE_START
G1 X112.763 Y197.054 E-.11681
G1 X113.022 Y197.22 E-.11685
G1 X113.223 Y197.452 E-.11685
G1 X113.351 Y197.732 E-.11684
G1 X113.395 Y198.036 E-.11687
G1 X113.351 Y198.341 E-.11686
G1 X113.287 Y198.482 E-.05892
; WIPE_END
G1 E-.04 F1800
M204 S10000
G17
G3 Z49.32 I-.579 J-1.07 P1  F60000
G1 X108.159 Y201.258 Z49.32
G1 Z48.92
G1 E.8 F1800
G1 F7915.629
M204 S8000
G1 X108.172 Y201.167 E.00496
G1 X108.226 Y201.05 E.007
G1 X108.31 Y200.952 E.007
G1 X108.419 Y200.882 E.007
G1 X108.543 Y200.846 E.00701
G1 X108.672 Y200.846 E.007
G1 X108.843 Y200.249 E.03361
G1 X109.056 Y200.312 E.01205
G1 X109.315 Y200.478 E.01667
G1 X109.516 Y200.711 E.01667
G1 X109.644 Y200.991 E.01667
G1 X109.688 Y201.295 E.01667
G1 X109.644 Y201.599 E.01667
G1 X109.516 Y201.879 E.01667
G1 X109.315 Y202.112 E.01667
G1 X109.056 Y202.278 E.01667
G1 X108.761 Y202.364 E.01667
G1 X108.454 Y202.364 E.01666
G1 X108.159 Y202.277 E.01666
G1 X107.9 Y202.111 E.01666
G1 X107.682 Y201.843 E.0187
G1 X107.571 Y201.599 E.01454
G1 X107.527 Y201.295 E.01666
G1 X107.571 Y200.991 E.01666
G1 X107.699 Y200.711 E.01666
G1 X107.9 Y200.479 E.01666
G1 X108.158 Y200.312 E.01666
G1 X108.454 Y200.226 E.01667
G1 X108.761 Y200.226 E.01667
; WIPE_START
G1 X109.056 Y200.312 E-.11687
G1 X109.315 Y200.478 E-.11687
G1 X109.516 Y200.711 E-.11689
G1 X109.644 Y200.991 E-.11688
G1 X109.688 Y201.295 E-.11688
G1 X109.644 Y201.599 E-.1169
G1 X109.58 Y201.74 E-.0587
; WIPE_END
G1 E-.04 F1800
M204 S10000
G17
G3 Z49.32 I.935 J-.779 P1  F60000
G1 X106.388 Y197.91 Z49.32
G1 Z48.92
G1 E.8 F1800
G1 F7915.629
M204 S8000
G1 X106.402 Y197.818 E.005
G1 X106.455 Y197.701 E.00699
G1 X106.54 Y197.603 E.00699
G1 X106.648 Y197.534 E.007
G1 X106.772 Y197.497 E.007
G1 X106.901 Y197.497 E.007
G1 X107.072 Y196.901 E.03361
G1 X107.285 Y196.964 E.01204
G1 X107.544 Y197.13 E.01667
G1 X107.746 Y197.362 E.01668
G1 X107.874 Y197.642 E.01668
G1 X107.918 Y197.946 E.01668
G1 X107.874 Y198.251 E.01668
G1 X107.746 Y198.531 E.01668
G1 X107.545 Y198.764 E.01668
G1 X107.286 Y198.93 E.01668
G1 X106.99 Y199.016 E.01668
G1 X106.683 Y199.016 E.01668
G1 X106.387 Y198.929 E.01668
G1 X106.129 Y198.762 E.01668
G1 X105.928 Y198.53 E.01667
G1 X105.8 Y198.25 E.01666
G1 X105.757 Y197.946 E.01666
G1 X105.801 Y197.642 E.01665
G1 X105.928 Y197.362 E.01665
G1 X106.129 Y197.13 E.01665
G1 X106.388 Y196.964 E.01665
G1 X106.683 Y196.877 E.01665
G1 X106.99 Y196.877 E.01666
; WIPE_START
G1 X107.285 Y196.964 E-.11684
G1 X107.544 Y197.13 E-.11689
G1 X107.746 Y197.362 E-.11693
G1 X107.874 Y197.642 E-.11694
G1 X107.918 Y197.946 E-.11695
G1 X107.874 Y198.251 E-.11697
G1 X107.81 Y198.391 E-.05847
; WIPE_END
G1 E-.04 F1800
M204 S10000
G17
G3 Z49.32 I1.059 J-.6 P1  F60000
G1 X105.248 Y193.865 Z49.32
G1 Z48.92
G1 E.8 F1800
G1 F7915.629
M204 S8000
G1 X105.235 Y193.775 E.00495
G1 X105.253 Y193.647 E.00701
G1 X105.307 Y193.529 E.00701
G1 X105.392 Y193.432 E.007
G1 X105.5 Y193.362 E.007
G1 X105.625 Y193.326 E.00701
G1 X105.621 Y192.705 E.03361
G1 X105.843 Y192.706 E.01205
G1 X106.138 Y192.792 E.01667
G1 X106.397 Y192.959 E.01667
G1 X106.598 Y193.191 E.01666
G1 X106.726 Y193.471 E.01666
G1 X106.769 Y193.775 E.01666
G1 X106.726 Y194.079 E.01666
G1 X106.598 Y194.359 E.01666
G1 X106.397 Y194.591 E.01666
G1 X106.138 Y194.757 E.01666
G1 X105.843 Y194.844 E.01666
G1 X105.536 Y194.844 E.01666
G1 X105.241 Y194.758 E.01666
G1 X104.982 Y194.592 E.01667
G1 X104.78 Y194.359 E.01667
G1 X104.652 Y194.079 E.01667
G1 X104.609 Y193.775 E.01667
G1 X104.652 Y193.471 E.01667
G1 X104.78 Y193.191 E.01667
G1 X104.982 Y192.958 E.01667
G1 X105.24 Y192.792 E.01667
G1 X105.536 Y192.705 E.01667
; WIPE_START
G1 X105.843 Y192.706 E-.11687
G1 X106.138 Y192.792 E-.11686
G1 X106.397 Y192.959 E-.11686
G1 X106.598 Y193.191 E-.11682
G1 X106.726 Y193.471 E-.11683
G1 X106.769 Y193.775 E-.11679
G1 X106.747 Y193.929 E-.05897
; WIPE_END
G1 E-.04 F1800
M204 S10000
G17
G3 Z49.32 I-.38 J-1.156 P1  F60000
G1 X99.184 Y196.416 Z49.32
G1 Z48.92
G1 E.8 F1800
G1 F7915.629
M204 S8000
G1 X99.048 Y196.004 E.02351
G1 X99.048 Y195.907 E.00527
G1 X99.083 Y195.795 E.00639
G1 X99.164 Y195.678 E.00769
G1 X99.288 Y195.576 E.00871
G1 X99.443 Y195.509 E.00912
G1 X99.607 Y195.486 E.00897
G1 X99.692 Y194.872 E.0336
G1 X99.9 Y194.902 E.01137
G1 X100.216 Y195.039 E.01868
G1 X100.429 Y195.236 E.01571
G1 X100.564 Y195.484 E.01534
G1 X100.611 Y195.764 E.01538
G1 X100.564 Y196.057 E.0161
G1 X100.42 Y196.34 E.01717
G1 X100.094 Y196.687 E.02582
G1 X100.154 Y197.502 E.04428
G1 X100.339 Y197.864 E.02204
G1 X100.386 Y198.153 E.01586
G1 X100.339 Y198.433 E.0154
G1 X100.205 Y198.685 E.01548
G1 X99.989 Y198.889 E.01608
G1 X99.836 Y198.964 E.00925
G1 X99.71 Y199.243 E.0166
G1 X99.501 Y199.494 E.01769
G1 X99.24 Y199.664 E.01686
G1 X98.983 Y199.736 E.01448
G1 X98.675 Y199.726 E.0167
G1 X98.395 Y199.626 E.01616
G1 X98.135 Y199.436 E.01739
G1 X97.924 Y199.168 E.01849
G1 X97.783 Y198.845 E.01911
G1 X97.723 Y198.473 E.02045
G1 X97.757 Y198.098 E.02037
G1 X97.881 Y197.748 E.02017
G1 X98.086 Y197.452 E.01953
G1 X98.332 Y197.251 E.01722
G1 X98.548 Y196.468 E.04401
G1 X98.428 Y196.105 E.02073
G1 X98.428 Y195.811 E.01592
G1 X98.521 Y195.518 E.01663
G1 X98.704 Y195.254 E.01746
G1 X98.962 Y195.042 E.0181
G1 X99.273 Y194.907 E.0184
G1 X99.608 Y194.86 E.0183
; WIPE_START
G1 X99.9 Y194.902 E-.11214
G1 X100.216 Y195.039 E-.13096
G1 X100.429 Y195.236 E-.11017
G1 X100.564 Y195.484 E-.10752
G1 X100.611 Y195.764 E-.10782
G1 X100.564 Y196.057 E-.11291
G1 X100.47 Y196.242 E-.07849
; WIPE_END
G1 E-.04 F1800
M204 S10000
G17
G3 Z49.32 I1.157 J-.377 P1  F60000
G1 X98.444 Y190.016 Z49.32
G1 Z48.92
G1 E.8 F1800
G1 F7915.629
M204 S8000
G1 X98.456 Y189.944 E.00396
G1 X98.529 Y189.784 E.00952
G1 X98.649 Y189.634 E.01044
G1 X98.792 Y189.53 E.00959
G1 X98.94 Y189.474 E.00854
G1 X99.075 Y189.463 E.00737
G1 X99.199 Y188.856 E.03361
G1 X99.407 Y188.9 E.01155
G1 X99.662 Y189.042 E.01583
G1 X99.864 Y189.257 E.01596
G1 X99.999 Y189.533 E.01669
G1 X100.058 Y189.886 E.01936
G1 X100.255 Y190.522 E.03611
G1 X100.315 Y190.643 E.0073
G1 X100.361 Y190.932 E.01587
G1 X100.316 Y191.214 E.01552
G1 X100.183 Y191.469 E.01556
G1 X99.972 Y191.675 E.01598
G1 X99.697 Y191.815 E.0167
G1 X99.382 Y191.871 E.01736
G1 X99.056 Y191.838 E.01776
G1 X98.752 Y191.718 E.01773
G1 X98.499 Y191.523 E.01727
G1 X98.321 Y191.275 E.01659
G1 X98.287 Y191.17 E.00596
G1 X98.145 Y191.051 E.01005
G1 X97.955 Y190.811 E.01659
G1 X97.828 Y190.492 E.01861
G1 X97.792 Y190.142 E.01906
G1 X97.859 Y189.76 E.02102
G1 X97.996 Y189.457 E.01802
G1 X98.218 Y189.181 E.01919
G1 X98.495 Y188.979 E.01858
G1 X98.803 Y188.863 E.01782
G1 X99.115 Y188.838 E.01699
; WIPE_START
G1 X99.407 Y188.9 E-.11339
G1 X99.662 Y189.042 E-.111
G1 X99.864 Y189.257 E-.1119
G1 X99.999 Y189.533 E-.117
G1 X100.058 Y189.886 E-.13573
G1 X100.191 Y190.316 E-.17098
; WIPE_END
G1 E-.04 F1800
M204 S10000
G17
G3 Z49.32 I1.187 J-.269 P1  F60000
G1 X98.744 Y183.941 Z49.32
G1 Z48.92
G1 E.8 F1800
G1 F7915.629
M204 S8000
G1 X98.744 Y183.865 E.00414
G1 X98.774 Y183.77 E.00541
G1 X98.824 Y183.699 E.00472
G1 X98.896 Y183.647 E.00481
G1 X98.993 Y183.615 E.00552
G1 X99.117 Y183.614 E.0067
G1 X99.282 Y183.016 E.03361
G1 X99.503 Y183.081 E.01252
G1 X99.783 Y183.254 E.0178
G1 X99.998 Y183.492 E.0174
G1 X100.134 Y183.773 E.0169
G1 X100.179 Y184.07 E.01628
G1 X100.134 Y184.357 E.01575
G1 X100.004 Y184.613 E.01556
G1 X99.799 Y184.817 E.01571
G1 X99.536 Y184.952 E.01599
G1 X99.236 Y185.003 E.01652
G1 X98.926 Y184.965 E.01695
G1 X98.635 Y184.837 E.01723
G1 X98.389 Y184.631 E.01736
G1 X98.215 Y184.368 E.01711
G1 X98.124 Y184.071 E.01685
G1 X98.124 Y183.77 E.01631
G1 X98.212 Y183.49 E.0159
G1 X98.378 Y183.257 E.01551
G1 X98.61 Y183.088 E.01557
G1 X98.891 Y182.997 E.016
G1 X99.2 Y182.993 E.01672
; WIPE_START
G1 X99.503 Y183.081 E-.12017
G1 X99.783 Y183.254 E-.12481
G1 X99.998 Y183.492 E-.12202
G1 X100.134 Y183.773 E-.11847
G1 X100.179 Y184.07 E-.11412
G1 X100.134 Y184.357 E-.11039
G1 X100.075 Y184.474 E-.05001
; WIPE_END
G1 E-.04 F1800
M204 S10000
G17
G3 Z49.32 I1.168 J-.342 P1  F60000
G1 X98.908 Y180.495 Z49.32
G1 Z48.92
G1 E.8 F1800
G1 F7915.629
M204 S8000
G1 X98.944 Y180.359 E.00764
G1 X99.022 Y180.245 E.0075
G1 X99.138 Y180.149 E.00815
G1 X99.279 Y180.088 E.00834
G1 X99.427 Y180.069 E.00809
G1 X99.521 Y179.456 E.0336
G1 X99.75 Y179.492 E.01254
G1 X100.023 Y179.626 E.01651
G1 X100.234 Y179.829 E.01585
G1 X100.367 Y180.081 E.01546
G1 X100.413 Y180.364 E.01552
G1 X100.366 Y180.657 E.01606
G1 X100.227 Y180.936 E.01689
G1 X100.005 Y181.174 E.01767
G1 X99.719 Y181.348 E.01814
G1 X99.398 Y181.438 E.01804
G1 X99.077 Y181.436 E.0174
G1 X98.785 Y181.345 E.01657
G1 X98.547 Y181.177 E.01581
G1 X98.377 Y180.948 E.01547
G1 X98.288 Y180.675 E.01555
G1 X98.288 Y180.379 E.01606
G1 X98.38 Y180.086 E.01664
G1 X98.559 Y179.822 E.01727
G1 X98.811 Y179.615 E.0177
G1 X99.113 Y179.484 E.01784
G1 X99.437 Y179.443 E.01768
; WIPE_START
G1 X99.75 Y179.492 E-.12033
G1 X100.023 Y179.626 E-.11574
G1 X100.234 Y179.829 E-.11114
G1 X100.367 Y180.081 E-.1084
G1 X100.413 Y180.364 E-.10881
G1 X100.366 Y180.657 E-.11258
G1 X100.269 Y180.852 E-.083
; WIPE_END
G1 E-.04 F1800
M204 S10000
G17
G3 Z49.32 I-1.193 J.239 P1  F60000
G1 X104.72 Y203.11 Z49.32
G1 Z48.92
G1 E.8 F1800
G1 F7915.629
M204 S8000
G1 X104.707 Y203.02 E.00495
G1 X104.725 Y202.892 E.007
G1 X104.779 Y202.774 E.007
G1 X104.863 Y202.677 E.007
G1 X104.972 Y202.607 E.00701
G1 X105.096 Y202.57 E.007
G1 X105.092 Y201.95 E.0336
G1 X105.314 Y201.95 E.01204
G1 X105.609 Y202.037 E.01667
G1 X105.868 Y202.203 E.01667
G1 X106.069 Y202.436 E.01666
G1 X106.197 Y202.716 E.01667
G1 X106.241 Y203.02 E.01666
G1 X106.197 Y203.324 E.01667
G1 X106.069 Y203.604 E.01667
G1 X105.868 Y203.836 E.01667
G1 X105.609 Y204.003 E.01667
G1 X105.314 Y204.089 E.01666
G1 X105.007 Y204.089 E.01667
G1 X104.712 Y204.003 E.01667
G1 X104.453 Y203.836 E.01667
G1 X104.252 Y203.604 E.01667
G1 X104.124 Y203.324 E.01667
G1 X104.08 Y203.02 E.01667
G1 X104.124 Y202.715 E.01667
G1 X104.252 Y202.436 E.01666
G1 X104.453 Y202.203 E.01667
G1 X104.712 Y202.037 E.01667
G1 X105.007 Y201.95 E.01666
; WIPE_START
G1 X105.314 Y201.95 E-.11685
G1 X105.609 Y202.037 E-.11686
G1 X105.868 Y202.203 E-.11684
G1 X106.069 Y202.436 E-.11683
G1 X106.197 Y202.716 E-.11688
G1 X106.241 Y203.02 E-.11683
G1 X106.219 Y203.173 E-.05891
; WIPE_END
G1 E-.04 F1800
M204 S10000
G17
G3 Z49.32 I-1.195 J-.229 P1  F60000
G1 X105.458 Y207.151 Z49.32
G1 Z48.92
G1 E.8 F1800
G1 F7915.629
M204 S8000
G1 X105.445 Y207.061 E.00488
G1 X105.464 Y206.933 E.00703
G1 X105.518 Y206.815 E.00703
G1 X105.603 Y206.717 E.00702
G1 X105.712 Y206.647 E.00701
G1 X105.835 Y206.611 E.007
G1 X105.832 Y205.991 E.0336
G1 X106.054 Y205.991 E.01202
G1 X106.348 Y206.078 E.01663
G1 X106.606 Y206.243 E.01663
G1 X106.807 Y206.475 E.01664
G1 X106.935 Y206.755 E.01665
G1 X106.98 Y207.059 E.01666
G1 X106.936 Y207.363 E.01668
G1 X106.809 Y207.644 E.01669
G1 X106.608 Y207.877 E.01669
G1 X106.349 Y208.044 E.01669
G1 X106.054 Y208.131 E.01669
G1 X105.746 Y208.132 E.01669
G1 X105.486 Y208.056 E.01466
G1 X105.188 Y207.875 E.01887
G1 X104.99 Y207.646 E.01646
G1 X104.862 Y207.365 E.01669
G1 X104.819 Y207.06 E.01669
G1 X104.863 Y206.756 E.01669
G1 X104.991 Y206.476 E.01668
G1 X105.193 Y206.243 E.01667
G1 X105.452 Y206.077 E.01666
G1 X105.747 Y205.991 E.01665
; WIPE_START
G1 X106.054 Y205.991 E-.11666
G1 X106.348 Y206.078 E-.11662
G1 X106.606 Y206.243 E-.11662
G1 X106.807 Y206.475 E-.11667
G1 X106.935 Y206.755 E-.11675
G1 X106.98 Y207.059 E-.11683
G1 X106.957 Y207.215 E-.05985
; WIPE_END
G1 E-.04 F1800
M204 S10000
G17
G3 Z49.32 I-.223 J1.196 P1  F60000
G1 X110.743 Y207.921 Z49.32
G1 Z48.92
G1 E.8 F1800
G1 F7915.629
M204 S8000
G1 X110.73 Y207.831 E.00495
G1 X110.748 Y207.703 E.00701
G1 X110.802 Y207.585 E.007
G1 X110.886 Y207.487 E.00701
G1 X110.995 Y207.418 E.007
G1 X111.119 Y207.381 E.007
G1 X111.115 Y206.761 E.03361
G1 X111.337 Y206.761 E.01204
G1 X111.632 Y206.848 E.01666
G1 X111.891 Y207.014 E.01666
G1 X112.092 Y207.246 E.01666
G1 X112.22 Y207.526 E.01666
G1 X112.264 Y207.83 E.01666
G1 X112.22 Y208.135 E.01667
G1 X112.093 Y208.414 E.01666
G1 X111.891 Y208.647 E.01667
G1 X111.633 Y208.813 E.01667
G1 X111.338 Y208.9 E.01667
G1 X111.03 Y208.9 E.01667
G1 X110.735 Y208.813 E.01667
G1 X110.476 Y208.647 E.01667
G1 X110.275 Y208.415 E.01667
G1 X110.147 Y208.135 E.01667
G1 X110.103 Y207.83 E.01667
G1 X110.147 Y207.526 E.01667
G1 X110.275 Y207.246 E.01667
G1 X110.476 Y207.014 E.01667
G1 X110.735 Y206.848 E.01667
G1 X111.03 Y206.761 E.01666
; WIPE_START
G1 X111.337 Y206.761 E-.11681
G1 X111.632 Y206.848 E-.11682
G1 X111.891 Y207.014 E-.11681
G1 X112.092 Y207.246 E-.11681
G1 X112.22 Y207.526 E-.11681
G1 X112.264 Y207.83 E-.11681
G1 X112.242 Y207.984 E-.05913
; WIPE_END
G1 E-.04 F1800
M204 S10000
G17
G3 Z49.32 I1.149 J-.4 P1  F60000
G1 X110.813 Y203.88 Z49.32
G1 Z48.92
G1 E.8 F1800
G1 F7915.629
M204 S8000
G1 X110.826 Y203.79 E.00497
G1 X110.88 Y203.672 E.007
G1 X110.964 Y203.575 E.007
G1 X111.073 Y203.505 E.007
G1 X111.197 Y203.468 E.007
G1 X111.326 Y203.468 E.007
G1 X111.497 Y202.872 E.03361
G1 X111.71 Y202.935 E.01205
G1 X111.969 Y203.101 E.01667
G1 X112.17 Y203.333 E.01667
G1 X112.298 Y203.613 E.01667
G1 X112.342 Y203.918 E.01667
G1 X112.298 Y204.222 E.01667
G1 X112.17 Y204.502 E.01667
G1 X111.969 Y204.734 E.01667
G1 X111.71 Y204.9 E.01667
G1 X111.415 Y204.987 E.01667
G1 X111.107 Y204.987 E.01667
G1 X110.812 Y204.9 E.01667
G1 X110.554 Y204.734 E.01666
G1 X110.353 Y204.501 E.01666
G1 X110.225 Y204.222 E.01666
G1 X110.181 Y203.918 E.01666
G1 X110.225 Y203.613 E.01666
G1 X110.353 Y203.334 E.01666
G1 X110.554 Y203.101 E.01666
G1 X110.812 Y202.935 E.01666
G1 X111.107 Y202.848 E.01667
G1 X111.415 Y202.848 E.01667
; WIPE_START
G1 X111.71 Y202.935 E-.11686
G1 X111.969 Y203.101 E-.1169
G1 X112.17 Y203.333 E-.11689
G1 X112.298 Y203.613 E-.11689
G1 X112.342 Y203.918 E-.1169
G1 X112.298 Y204.222 E-.1169
G1 X112.234 Y204.362 E-.05865
; WIPE_END
G1 E-.04 F1800
M204 S10000
G17
G3 Z49.32 I-1.213 J-.094 P1  F60000
G1 X111.38 Y215.409 Z49.32
G1 Z48.92
G1 E.8 F1800
G1 F7915.629
M204 S8000
G1 X111.62 Y214.994 E.02594
G1 X111.761 Y214.854 E.01078
G1 X111.889 Y214.784 E.00793
G1 X111.986 Y214.766 E.00535
G1 X112.063 Y214.151 E.03362
G1 X112.254 Y214.181 E.01051
G1 X112.501 Y214.316 E.01527
G1 X112.696 Y214.532 E.01575
G1 X112.824 Y214.814 E.01681
G1 X112.869 Y215.141 E.01788
G1 X112.83 Y215.442 E.01642
G1 X112.686 Y215.81 E.02143
G1 X112.474 Y216.087 E.01891
G1 X112.319 Y216.207 E.01064
G1 X112.26 Y216.571 E.01995
G1 X112.12 Y216.869 E.01789
G1 X111.902 Y217.118 E.01791
G1 X111.629 Y217.297 E.01773
G1 X111.321 Y217.392 E.01746
G1 X111.006 Y217.399 E.01709
G1 X110.708 Y217.32 E.0167
G1 X110.449 Y217.162 E.01643
G1 X110.256 Y216.947 E.01567
G1 X110.117 Y216.662 E.01721
G1 X110.068 Y216.357 E.01672
G1 X110.108 Y216.042 E.01724
G1 X110.236 Y215.739 E.0178
G1 X110.474 Y215.432 E.02108
G1 X110.887 Y215.024 E.03144
G1 X111.124 Y214.613 E.02569
G1 X111.386 Y214.352 E.02008
G1 X111.68 Y214.192 E.01815
G1 X111.978 Y214.137 E.01643
; WIPE_START
G1 X112.254 Y214.181 E-.1061
G1 X112.501 Y214.316 E-.10706
G1 X112.696 Y214.532 E-.11042
G1 X112.824 Y214.814 E-.11788
G1 X112.869 Y215.141 E-.12534
G1 X112.83 Y215.442 E-.11513
G1 X112.755 Y215.633 E-.07807
; WIPE_END
G1 E-.04 F1800
M204 S10000
G17
G3 Z49.32 I.062 J-1.215 P1  F60000
G1 X105.634 Y215.268 Z49.32
G1 Z48.92
G1 E.8 F1800
G1 F7915.629
M204 S8000
G1 X105.575 Y215.175 E.00601
G1 X105.529 Y215.022 E.00862
G1 X105.529 Y214.9 E.00663
G1 X105.556 Y214.818 E.00467
G1 X105.596 Y214.765 E.00365
G1 X105.656 Y214.726 E.00387
G1 X105.757 Y214.701 E.00561
G1 X105.786 Y214.082 E.03361
G1 X106.054 Y214.1 E.01455
G1 X106.172 Y214.081 E.00651
G1 X106.46 Y214.124 E.01578
G1 X106.713 Y214.253 E.01539
G1 X106.913 Y214.458 E.01555
G1 X107.043 Y214.726 E.01615
G1 X107.089 Y215.039 E.01714
G1 X107.041 Y215.369 E.01806
G1 X106.846 Y215.819 E.02659
G1 X106.648 Y216.032 E.01574
G1 X106.399 Y216.169 E.01544
G1 X106.117 Y216.221 E.01556
G1 X105.825 Y216.182 E.01592
G1 X105.55 Y216.053 E.01649
G1 X105.188 Y215.723 E.02655
G1 X105.006 Y215.435 E.01848
G1 X104.909 Y215.114 E.01817
G1 X104.909 Y214.802 E.01692
G1 X104.999 Y214.525 E.01575
G1 X105.169 Y214.303 E.01516
G1 X105.406 Y214.149 E.01534
G1 X105.701 Y214.076 E.01644
; WIPE_START
G1 X106.054 Y214.1 E-.13442
G1 X106.172 Y214.081 E-.04567
G1 X106.46 Y214.124 E-.11064
G1 X106.713 Y214.253 E-.10787
G1 X106.913 Y214.458 E-.10903
G1 X107.043 Y214.726 E-.11321
G1 X107.089 Y215.039 E-.1202
G1 X107.082 Y215.089 E-.01897
; WIPE_END
G1 E-.04 F1800
M204 S10000
G17
G3 Z49.32 I-.581 J-1.069 P1  F60000
G1 X101.404 Y218.173 Z49.32
G1 Z48.92
G1 E.8 F1800
G1 F7915.629
M204 S8000
G1 X101.232 Y218.019 E.01253
G1 X101.108 Y217.833 E.01211
G1 X101.033 Y217.624 E.01204
G1 X101.014 Y217.42 E.01112
G1 X101.043 Y217.244 E.00966
G1 X101.105 Y217.11 E.00801
G1 X101.184 Y217.019 E.00655
G1 X101.268 Y216.967 E.00532
G1 X101.363 Y216.944 E.00532
G1 X101.39 Y216.324 E.03361
G1 X101.611 Y216.337 E.01204
G1 X101.913 Y216.451 E.01747
G1 X102.192 Y216.657 E.01879
G1 X102.422 Y216.949 E.02014
G1 X102.593 Y217.335 E.02287
G1 X103.1 Y217.823 E.03816
G1 X103.353 Y218.002 E.01679
G1 X103.566 Y218.261 E.01818
G1 X103.695 Y218.556 E.01748
G1 X103.736 Y218.863 E.01679
G1 X103.688 Y219.16 E.01626
G1 X103.558 Y219.425 E.01605
G1 X103.353 Y219.644 E.01624
G1 X103.085 Y219.799 E.01678
G1 X102.771 Y219.878 E.01756
G1 X102.582 Y219.873 E.01021
G1 X102.393 Y219.99 E.01208
G1 X102.22 Y220.17 E.0135
G1 X101.888 Y220.801 E.03863
G1 X101.811 Y221.25 E.02469
G1 X101.655 Y221.583 E.01997
G1 X101.421 Y221.863 E.01976
G1 X101.133 Y222.065 E.01907
G1 X100.818 Y222.177 E.01811
G1 X100.502 Y222.197 E.01716
G1 X100.206 Y222.128 E.01644
G1 X99.951 Y221.98 E.01597
G1 X99.751 Y221.763 E.01605
G1 X99.619 Y221.488 E.01649
G1 X99.567 Y221.175 E.01722
G1 X99.604 Y220.843 E.01813
G1 X99.732 Y220.518 E.01892
G1 X99.943 Y220.228 E.01943
G1 X100.224 Y220.001 E.01958
G1 X100.548 Y219.858 E.01921
G1 X100.791 Y219.825 E.01329
G1 X100.951 Y219.68 E.01167
G1 X101.034 Y219.378 E.01696
G1 X100.936 Y218.586 E.04326
G1 X100.76 Y218.429 E.0128
G1 X100.549 Y218.113 E.02059
G1 X100.423 Y217.759 E.02037
G1 X100.389 Y217.399 E.01963
G1 X100.444 Y217.06 E.0186
G1 X100.58 Y216.768 E.01744
G1 X100.78 Y216.54 E.01646
G1 X101.025 Y216.389 E.0156
G1 X101.304 Y216.319 E.0156
; WIPE_START
G1 X101.611 Y216.337 E-.11683
G1 X101.913 Y216.451 E-.12249
G1 X102.192 Y216.657 E-.13175
G1 X102.422 Y216.949 E-.14121
G1 X102.593 Y217.335 E-.16032
G1 X102.759 Y217.494 E-.08738
; WIPE_END
G1 E-.04 F1800
M204 S10000
G17
G3 Z49.32 I1.009 J-.681 P1  F60000
G1 X98.815 Y211.654 Z49.32
G1 Z48.92
G1 E.8 F1800
G1 F7915.629
M204 S8000
G1 X98.784 Y211.556 E.0056
G1 X98.784 Y211.447 E.00589
G1 X98.814 Y211.356 E.00517
G1 X98.863 Y211.287 E.00461
G1 X98.936 Y211.235 E.00484
G1 X99.033 Y211.205 E.00552
G1 X99.165 Y211.205 E.00713
G1 X99.336 Y210.609 E.03361
G1 X99.57 Y210.678 E.01321
G1 X99.853 Y210.856 E.01813
G1 X100.075 Y211.101 E.01791
G1 X100.214 Y211.386 E.01719
G1 X100.261 Y211.684 E.01636
G1 X100.215 Y211.969 E.01565
G1 X100.083 Y212.221 E.01544
G1 X99.875 Y212.422 E.01568
G1 X99.619 Y212.548 E.01545
G1 X99.297 Y212.601 E.0177
G1 X98.961 Y212.549 E.01841
G1 X98.683 Y212.424 E.01652
G1 X98.433 Y212.215 E.01767
G1 X98.257 Y211.947 E.01737
G1 X98.164 Y211.65 E.0169
G1 X98.165 Y211.35 E.01625
G1 X98.253 Y211.073 E.01577
G1 X98.421 Y210.842 E.01547
G1 X98.655 Y210.674 E.01564
G1 X98.939 Y210.585 E.0161
G1 X99.254 Y210.585 E.01708
; WIPE_START
G1 X99.57 Y210.678 E-.12503
G1 X99.853 Y210.856 E-.12708
G1 X100.075 Y211.101 E-.12554
G1 X100.214 Y211.386 E-.12049
G1 X100.261 Y211.684 E-.11467
G1 X100.215 Y211.969 E-.10976
G1 X100.17 Y212.056 E-.03744
; WIPE_END
G1 E-.04 F1800
M204 S10000
G17
G3 Z49.32 I1.17 J-.336 P1  F60000
G1 X99.13 Y208.441 Z49.32
G1 Z48.92
G1 E.8 F1800
G1 F7915.629
M204 S8000
G1 X99.069 Y208.354 E.00577
G1 X99.035 Y208.246 E.0061
G1 X99.035 Y208.15 E.00523
G1 X99.061 Y208.069 E.00459
G1 X99.112 Y208.002 E.00455
G1 X99.195 Y207.944 E.00552
G1 X99.309 Y207.909 E.00645
G1 X99.3 Y207.288 E.03361
G1 X99.564 Y207.289 E.01432
G1 X99.867 Y207.37 E.01701
G1 X100.155 Y207.54 E.01808
G1 X100.377 Y207.774 E.01753
G1 X100.516 Y208.049 E.01669
G1 X100.563 Y208.339 E.01591
G1 X100.517 Y208.62 E.01545
G1 X100.383 Y208.873 E.0155
G1 X100.17 Y209.077 E.01599
G1 X99.893 Y209.213 E.01671
G1 X99.576 Y209.265 E.01742
G1 X99.249 Y209.226 E.01789
G1 X98.943 Y209.097 E.01799
G1 X98.688 Y208.892 E.01773
G1 X98.507 Y208.631 E.0172
G1 X98.415 Y208.342 E.01644
G1 X98.415 Y208.05 E.01586
G1 X98.505 Y207.779 E.01548
G1 X98.676 Y207.55 E.0155
G1 X98.92 Y207.381 E.01607
G1 X99.215 Y207.288 E.01676
; WIPE_START
G1 X99.564 Y207.289 E-.13284
G1 X99.867 Y207.37 E-.11924
G1 X100.155 Y207.54 E-.12679
G1 X100.377 Y207.774 E-.12292
G1 X100.516 Y208.049 E-.11705
G1 X100.563 Y208.339 E-.11152
G1 X100.55 Y208.416 E-.02965
; WIPE_END
G1 E-.04 F1800
M204 S10000
G17
G3 Z49.32 I1.085 J-.551 P1  F60000
G1 X98.898 Y205.162 Z49.32
G1 Z48.92
G1 E.8 F1800
G1 F7915.629
M204 S8000
G1 X98.934 Y205.017 E.00809
G1 X99.011 Y204.903 E.00746
G1 X99.124 Y204.81 E.0079
G1 X99.258 Y204.752 E.00794
G1 X99.396 Y204.735 E.00753
G1 X99.494 Y204.123 E.03361
G1 X99.717 Y204.161 E.01221
G1 X99.984 Y204.296 E.01625
G1 X100.191 Y204.501 E.01579
G1 X100.323 Y204.756 E.01554
G1 X100.368 Y205.041 E.01563
G1 X100.322 Y205.334 E.01607
G1 X100.186 Y205.611 E.01675
G1 X99.969 Y205.846 E.01735
G1 X99.689 Y206.017 E.01774
G1 X99.376 Y206.104 E.01764
G1 X99.06 Y206.101 E.01713
G1 X98.772 Y206.01 E.01637
G1 X98.535 Y205.842 E.01573
G1 X98.367 Y205.612 E.01545
G1 X98.278 Y205.337 E.01567
G1 X98.278 Y205.039 E.01615
G1 X98.37 Y204.746 E.01668
G1 X98.547 Y204.482 E.01723
G1 X98.797 Y204.276 E.01751
G1 X99.094 Y204.148 E.01755
G1 X99.41 Y204.109 E.01729
; WIPE_START
G1 X99.717 Y204.161 E-.11804
G1 X99.984 Y204.296 E-.11392
G1 X100.191 Y204.501 E-.11068
G1 X100.323 Y204.756 E-.10895
G1 X100.368 Y205.041 E-.10956
G1 X100.322 Y205.334 E-.11265
G1 X100.222 Y205.537 E-.0862
; WIPE_END
G1 E-.04 F1800
M204 S10000
G17
G3 Z49.32 I-1.079 J.564 P1  F60000
G1 X108.58 Y221.532 Z49.32
G1 Z48.92
G1 E.8 F1800
G1 F7915.629
M204 S8000
G1 X108.809 Y221.431 E.0136
G1 X109.143 Y221.089 E.02588
G1 X109.294 Y221.003 E.00944
G1 X109.466 Y220.959 E.00964
G1 X109.477 Y220.339 E.0336
G1 X109.731 Y220.343 E.01376
G1 X110.045 Y220.435 E.0177
G1 X110.315 Y220.606 E.01733
G1 X110.559 Y220.873 E.0196
G1 X110.7 Y221.148 E.01677
G1 X110.747 Y221.438 E.01591
G1 X110.697 Y221.722 E.01567
G1 X110.553 Y221.986 E.01627
G1 X110.324 Y222.221 E.01779
G1 X110.022 Y222.413 E.01941
G1 X109.725 Y222.506 E.01685
G1 X109.386 Y222.519 E.01839
G1 X108.915 Y222.407 E.02623
G1 X108.301 Y222.912 E.04311
G1 X108.035 Y223.221 E.02213
G1 X107.735 Y223.427 E.0197
G1 X107.405 Y223.545 E.01902
G1 X107.072 Y223.569 E.01807
G1 X106.764 Y223.504 E.01706
G1 X106.501 Y223.361 E.01624
G1 X106.298 Y223.15 E.01584
G1 X106.166 Y222.886 E.01599
G1 X106.116 Y222.583 E.01666
G1 X106.154 Y222.26 E.01763
G1 X106.285 Y221.94 E.01875
G1 X106.502 Y221.651 E.01963
G1 X106.792 Y221.42 E.02007
G1 X107.129 Y221.272 E.01992
G1 X107.48 Y221.223 E.01922
G1 X107.597 Y221.241 E.0064
G1 X107.797 Y221.199 E.01112
G1 X108.45 Y220.912 E.03862
G1 X108.76 Y220.594 E.02407
G1 X109.059 Y220.423 E.01868
G1 X109.392 Y220.338 E.01863
; COOLING_NODE: 0
; WIPE_START
G1 X109.731 Y220.343 E-.1289
G1 X110.045 Y220.435 E-.12411
G1 X110.315 Y220.606 E-.12153
G1 X110.559 Y220.873 E-.13743
G1 X110.7 Y221.148 E-.11756
G1 X110.747 Y221.438 E-.11152
G1 X110.739 Y221.487 E-.01893
; WIPE_END
G1 E-.04 F1800
M204 S10000
G17
G3 Z49.32 I1.104 J.511 P1  F60000
G1 X121.794 Y197.593 Z49.32
G1 Z48.92
G1 E.8 F1800
; FEATURE: Other object
; LINE_WIDTH: 0.45
G1 F11292.473
M204 S8000
G1 X122.607 Y197.593 E.03089
G1 X122.607 Y201.593 E.15197
G1 X125.994 Y201.593 E.12868
G1 X125.994 Y190.493 E.42172
G1 X130.807 Y190.493 E.18286
G1 X130.807 Y213.257 E.86483
G1 X125.994 Y213.257 E.18286
G1 X125.994 Y211.407 E.07029
G1 X122.607 Y211.407 E.12868
G1 X122.607 Y212.157 E.02849
G1 X121.794 Y212.157 E.03089
G1 X121.794 Y197.653 E.55101
; COOLING_NODE: 0
; WIPE_START
G1 X122.607 Y197.593 E-.30979
G1 X122.607 Y198.778 E-.45021
; WIPE_END
G1 E-.04 F1800
M204 S10000
G1 X120.943 Y191.329 Z49.32 F60000
G1 X102.807 Y110.093 Z49.32
G1 Z48.92
G1 E.8 F1800
G1 F11292.473
M204 S8000
G1 X119.993 Y110.093 E.65298
G1 X119.994 Y97.973 E.46048
G1 X120.006 Y97.821 E.00581
G1 X120.078 Y97.523 E.01164
G1 X120.239 Y97.208 E.01342
G1 X120.473 Y96.944 E.01341
G1 X120.728 Y96.765 E.01185
G1 X120.882 Y96.693 E.00647
G1 X121.093 Y96.631 E.00834
G1 X121.641 Y96.792 E.02168
G1 X122.845 Y97.269 E.0492
G1 X123.31 Y97.408 E.01844
G1 X123.818 Y97.485 E.01954
G1 X124.383 Y97.441 E.02154
G1 X125.054 Y97.154 E.02771
G1 X125.381 Y96.593 E.02464
G1 X125.619 Y96.593 E.00907
G1 X125.781 Y96.733 E.0081
G1 X126.276 Y97.257 E.02739
G1 X126.812 Y97.54 E.02303
G1 X127.305 Y97.692 E.01961
G1 X127.783 Y97.768 E.01838
G1 X128.255 Y97.785 E.01796
G1 X128.729 Y97.744 E.01807
G1 X129.212 Y97.638 E.01877
G1 X129.717 Y97.441 E.02061
G1 X130.277 Y97.062 E.02568
G1 X130.569 Y96.593 E.02098
G1 X130.824 Y96.593 E.00969
G1 X131.133 Y96.852 E.01528
G1 X131.734 Y97.088 E.02456
G1 X132.307 Y97.074 E.02178
G1 X132.78 Y96.977 E.01835
G1 X133.586 Y96.749 E.0318
G1 X133.877 Y96.684 E.01136
G1 X134.162 Y96.82 E.01199
G1 X134.327 Y96.945 E.00784
G1 X134.498 Y97.125 E.00945
G1 X134.631 Y97.324 E.00911
G1 X134.72 Y97.52 E.00818
G1 X134.777 Y97.722 E.00796
G1 X134.804 Y97.937 E.00825
G1 X134.804 Y100.062 E.08072
G1 X134.804 Y100.462 E.0152
G1 F11036.123
G1 X134.805 Y100.862 E.0152
G1 F9772.544
G1 X134.805 Y101.262 E.0152
G1 F8585.765
G1 X134.805 Y101.662 E.0152
G1 F7475.787
G1 X134.805 Y102.062 E.0152
G1 F6442.608
G1 X134.805 Y102.462 E.0152
G1 F5486.229
G1 X134.805 Y102.862 E.0152
G1 F4606.651
G1 X134.805 Y103.262 E.0152
G1 F3803.872
G1 X134.805 Y103.662 E.0152
G1 F3077.893
G1 X134.805 Y104.062 E.0152
G1 F2428.715
G1 X134.805 Y104.462 E.0152
G1 F1856.336
G1 X134.805 Y104.862 E.0152
G1 F1360.757
G1 X134.805 Y105.262 E.0152
G1 F941.979
G1 X134.805 Y105.662 E.0152
G1 F600
G1 X134.805 Y106.268 E.02304
G1 F941.979
G1 X134.806 Y106.668 E.0152
G1 F1360.757
G1 X134.806 Y107.068 E.0152
G1 F1856.336
G1 X134.806 Y107.468 E.0152
G1 F2428.715
G1 X134.806 Y107.868 E.0152
G1 F3077.893
G1 X134.806 Y108.268 E.0152
G1 F3803.872
G1 X134.806 Y108.668 E.0152
G1 F4606.651
G1 X134.806 Y109.068 E.0152
G1 F5486.229
G1 X134.806 Y109.468 E.0152
G1 F6442.608
G1 X134.806 Y109.868 E.0152
G1 F7475.787
G1 X134.806 Y110.268 E.0152
G1 F8585.765
G1 X134.806 Y110.668 E.0152
G1 F9772.544
G1 X134.806 Y111.068 E.0152
G1 F11036.123
G1 X134.806 Y111.468 E.0152
G1 F11292.473
G1 X134.806 Y111.906 E.01666
G1 X124.807 Y111.906 E.37992
G1 X124.807 Y112.056 E.0057
G1 X124.311 Y112.056 E.01884
G1 X124.311 Y130.743 E.70997
G1 X124.807 Y130.743 E.01884
G1 X124.807 Y171.807 E1.56009
G1 X124.311 Y171.807 E.01884
G1 X124.311 Y189.907 E.68767
G1 X119.994 Y189.907 E.16402
G1 X119.994 Y176.907 E.4939
G1 X98.284 Y176.907 E.82479
G1 X98.293 Y170.093 E.25885
G1 X101.993 Y170.093 E.1406
G1 X101.993 Y147.273 E.86699
G1 X119.993 Y147.273 E.68387
G1 X119.993 Y111.906 E1.34368
G1 X100.993 Y111.906 E.72186
G1 X100.993 Y99.843 E.45831
G1 X102.807 Y99.843 E.06888
G1 X102.807 Y110.033 E.38714
; COOLING_NODE: 0
M204 S250
G1 X103.19 Y109.71 F60000
; FEATURE: Other object
; LINE_WIDTH: 0.42
G1 F12000
M204 S5000
G1 X119.61 Y109.71 E.57687
G1 X119.611 Y97.958 E.41287
G1 X119.666 Y97.557 E.01422
G1 X119.808 Y97.183 E.01405
G1 X119.921 Y96.992 E.00783
G1 X120.058 Y96.816 E.00784
G1 X120.354 Y96.548 E.01403
G1 X120.544 Y96.428 E.00789
G1 X120.739 Y96.337 E.00755
G1 X121.099 Y96.238 E.0131
G1 X121.769 Y96.431 E.02452
G1 X122.971 Y96.906 E.04539
G1 X123.394 Y97.033 E.01551
G1 X123.832 Y97.099 E.01558
G1 X124.291 Y97.064 E.01615
G1 X124.786 Y96.851 E.01895
G1 X125.16 Y96.21 E.02608
G1 X125.762 Y96.21 E.02113
G1 X126.046 Y96.455 E.01319
G1 X126.511 Y96.948 E.02379
G1 X126.959 Y97.184 E.0178
G1 X127.392 Y97.318 E.01592
G1 X127.82 Y97.386 E.01521
G1 X128.245 Y97.401 E.01496
G1 X128.671 Y97.364 E.01503
G1 X129.101 Y97.27 E.01544
G1 X129.538 Y97.1 E.01649
G1 X129.994 Y96.79 E.01938
G1 X130.356 Y96.21 E.02402
G1 X130.964 Y96.21 E.02133
G1 X131.331 Y96.518 E.01684
G1 X131.802 Y96.703 E.01779
G1 X132.264 Y96.692 E.01621
G1 X132.69 Y96.605 E.01527
G1 X133.491 Y96.377 E.02928
G1 X133.902 Y96.286 E.01478
G1 X134.137 Y96.369 E.00876
G1 X134.371 Y96.497 E.00937
G1 X134.583 Y96.658 E.00936
G1 X134.799 Y96.884 E.011
G1 X134.968 Y97.137 E.01068
G1 X135.082 Y97.388 E.00968
G1 X135.154 Y97.646 E.00939
G1 X135.188 Y97.913 E.00947
G1 X135.188 Y100.075 E.07596
G1 X135.188 Y100.475 E.01405
G1 F11036.123
G1 X135.188 Y100.875 E.01405
G1 F9772.544
G1 X135.188 Y101.275 E.01405
G1 F8585.765
G1 X135.188 Y101.675 E.01405
G1 F7475.787
G1 X135.188 Y102.075 E.01405
G1 F6442.608
G1 X135.188 Y102.475 E.01405
G1 F5486.229
G1 X135.188 Y102.875 E.01405
G1 F4606.651
G1 X135.188 Y103.275 E.01405
G1 F3803.872
G1 X135.189 Y103.675 E.01405
G1 F3077.893
G1 X135.189 Y104.075 E.01405
G1 F2428.715
G1 X135.189 Y104.475 E.01405
G1 F1856.336
G1 X135.189 Y104.875 E.01405
G1 F1360.757
G1 X135.189 Y105.275 E.01405
G1 F941.979
G1 X135.189 Y105.675 E.01405
G1 F600
G1 X135.189 Y106.255 E.02036
G1 F941.979
G1 X135.189 Y106.655 E.01405
G1 F1360.757
G1 X135.189 Y107.055 E.01405
G1 F1856.336
G1 X135.189 Y107.455 E.01405
G1 F2428.715
G1 X135.189 Y107.855 E.01405
G1 F3077.893
G1 X135.189 Y108.255 E.01405
G1 F3803.872
G1 X135.189 Y108.655 E.01405
G1 F4606.651
G1 X135.189 Y109.055 E.01405
G1 F5486.229
G1 X135.189 Y109.455 E.01405
G1 F6442.608
G1 X135.19 Y109.855 E.01405
G1 F7475.787
G1 X135.19 Y110.255 E.01405
G1 F8585.765
G1 X135.19 Y110.655 E.01405
G1 F9772.544
G1 X135.19 Y111.055 E.01405
G1 F11036.123
G1 X135.19 Y111.455 E.01405
G1 F12000
G1 X135.19 Y111.855 E.01405
G1 X135.19 Y112.29 E.0153
G1 X125.19 Y112.29 E.35132
G1 X125.19 Y112.44 E.00527
G1 X124.694 Y112.44 E.01742
G1 X124.694 Y130.36 E.62957
G1 X125.19 Y130.36 E.01742
G1 X125.19 Y172.19 E1.46959
G1 X124.694 Y172.19 E.01742
G1 X124.694 Y190.11 E.62957
G1 X131.19 Y190.11 E.22821
G1 X131.19 Y213.64 E.82667
G1 X125.61 Y213.64 E.19604
G1 X125.61 Y211.79 E.06499
G1 X122.99 Y211.79 E.09205
G1 X122.99 Y212.54 E.02635
G1 X121.41 Y212.54 E.05551
G1 X121.41 Y197.21 E.53858
G1 X122.99 Y197.21 E.05551
G1 X122.99 Y201.21 E.14053
G1 X125.61 Y201.21 E.09205
G1 X125.61 Y190.29 E.38365
G1 X119.61 Y190.29 E.21079
G1 X119.61 Y177.29 E.45672
G1 X97.9 Y177.29 E.76272
G1 X97.91 Y169.71 E.2663
G1 X101.61 Y169.71 E.13
G1 X101.61 Y146.89 E.80172
G1 X119.61 Y146.89 E.63238
G1 X119.61 Y112.29 E1.21558
G1 X100.61 Y112.29 E.66752
G1 X100.61 Y99.46 E.45075
G1 X103.19 Y99.46 E.09064
G1 X103.19 Y109.65 E.358
; WIPE_START
M204 S8000
G1 X105.19 Y109.657 E-.76
; WIPE_END
G1 E-.04 F1800
M204 S10000
G1 X101.947 Y111.566 Z49.32 F60000
G1 Z48.92
G1 E.8 F1800
; FEATURE: Other object
; LINE_WIDTH: 0.45
G1 F11292.473
M204 S8000
G1 X101.334 Y111.566 E.02326
G1 X101.334 Y110.584 E.0373
G1 X102.466 Y109.453 E.06077
G1 X102.466 Y105.35 E.15587
G1 X101.334 Y104.219 E.06077
G1 X101.334 Y103.07 E.04367
G1 X102.466 Y101.938 E.06077
G1 X102.466 Y100.344 E.06056
; WIPE_START
G1 X102.466 Y101.938 E-.60571
G1 X102.178 Y102.226 E-.15429
; WIPE_END
G1 E-.04 F1800
M204 S10000
G1 X108.963 Y105.722 Z49.32 F60000
G1 X118.106 Y110.434 Z49.32
G1 Z48.92
G1 E.8 F1800
G1 F11292.473
M204 S8000
G1 X116.512 Y110.434 E.06056
G1 X115.381 Y111.566 E.06077
G1 X116.195 Y111.566 E.03094
G1 X115.064 Y110.434 E.06077
G1 X108.998 Y110.434 E.23047
G1 X107.867 Y111.566 E.06077
G1 X108.681 Y111.566 E.03094
G1 X107.55 Y110.434 E.06077
G1 X105.956 Y110.434 E.06056
; WIPE_START
G1 X107.55 Y110.434 E-.60571
G1 X107.837 Y110.722 E-.15429
; WIPE_END
G1 E-.04 F1800
M204 S10000
G1 X115.279 Y109.029 Z49.32 F60000
G1 X123.674 Y107.12 Z49.32
G1 Z48.92
G1 E.8 F1800
; FEATURE: Other object
; LINE_WIDTH: 0.424044
G1 F1500
M204 S8000
G1 X123.683 Y104.976 E.07615
G1 X124.046 Y104.976 E.0129
G1 X124.046 Y106.954 E.07026
G1 X124.419 Y106.954 E.01323
G1 X124.419 Y104.976 E.07026
G1 X124.791 Y104.976 E.01323
G1 X124.792 Y106.954 E.07026
G1 X125.164 Y106.954 E.01323
G1 X125.164 Y104.976 E.07026
G1 X125.536 Y104.976 E.01323
G1 X125.537 Y106.954 E.07026
G1 X125.909 Y106.954 E.01323
G1 X125.909 Y104.976 E.07026
G1 X126.281 Y104.976 E.01323
G1 X126.282 Y106.954 E.07026
G1 X126.654 Y106.954 E.01323
G1 X126.654 Y104.976 E.07026
G1 X127.026 Y104.976 E.01323
G1 X127.027 Y106.954 E.07026
G1 X127.399 Y106.954 E.01323
G1 X127.399 Y104.976 E.07026
G1 X127.771 Y104.976 E.01323
G1 X127.772 Y106.954 E.07026
G1 X128.144 Y106.954 E.01323
G1 X128.144 Y104.976 E.07026
G1 X128.517 Y104.976 E.01323
G1 X128.517 Y106.954 E.07026
G1 X128.89 Y106.954 E.01323
G1 X128.889 Y104.976 E.07026
G1 X129.262 Y104.976 E.01323
G1 X129.262 Y106.954 E.07026
G1 X129.635 Y106.954 E.01323
G1 X129.634 Y104.976 E.07026
G1 X130.007 Y104.976 E.01323
G1 X130.007 Y106.954 E.07026
G1 X130.38 Y106.954 E.01323
G1 X130.379 Y104.976 E.07026
G1 X130.752 Y104.976 E.01323
G1 X130.752 Y106.954 E.07026
G1 X131.125 Y106.954 E.01323
G1 X131.124 Y104.976 E.07026
G1 X131.497 Y104.976 E.01323
G1 X131.497 Y106.954 E.07026
G1 X131.87 Y106.954 E.01323
G1 X131.869 Y104.976 E.07026
G1 X132.242 Y104.976 E.01323
G1 X132.242 Y106.954 E.07026
G1 X132.615 Y106.954 E.01323
G1 X132.615 Y104.976 E.07026
G1 X132.987 Y104.976 E.01323
G1 X132.987 Y106.954 E.07026
G1 X133.36 Y106.954 E.01323
G1 X133.36 Y104.976 E.07026
G1 X133.732 Y104.976 E.01323
G1 X133.733 Y106.954 E.07026
G1 X134.105 Y106.954 E.01323
G1 X134.105 Y104.976 E.07026
G1 X134.477 Y104.976 E.01323
G1 X134.478 Y107.12 E.07615
; WIPE_START
G1 X134.477 Y105.12 E-.76
; WIPE_END
G1 E-.04 F1800
M204 S10000
G17
G3 Z49.32 I-.026 J-1.217 P1  F60000
G1 X123.288 Y105.362 Z49.32
G1 Z48.92
G1 E.8 F1800
; FEATURE: Other object
; LINE_WIDTH: 0.45
G1 F11292.473
M204 S8000
G1 X123.288 Y104.828 E.0203
G1 X123.524 Y104.592 E.01267
G1 X124.25 Y104.592 E.02759
G1 X120.335 Y100.677 E.21036
G1 X120.335 Y99.097 E.06003
G1 X122.094 Y97.338 E.09451
G1 X122.733 Y97.591 E.0261
G1 X123.235 Y97.742 E.01991
G1 X123.806 Y97.828 E.02194
G1 X124.466 Y97.777 E.02515
G1 X124.804 Y97.632 E.01397
G1 X131.764 Y104.592 E.37398
G1 X129.868 Y104.592 E.07204
G1 X134.463 Y99.997 E.24691
G1 X134.463 Y99.777 E.00834
G1 X132.106 Y97.42 E.12664
G1 X131.674 Y97.431 E.01645
G1 X130.956 Y97.149 E.02928
G1 X130.738 Y96.966 E.0108
G1 X130.528 Y97.304 E.01511
G1 X129.877 Y97.745 E.02989
G1 X129.311 Y97.966 E.02309
G1 X128.889 Y98.058 E.01641
G1 X120.335 Y106.612 E.4596
G1 X120.335 Y108.191 E.06
G1 X123.97 Y111.826 E.19532
G1 X123.97 Y111.716 E.0042
G1 X124.466 Y111.716 E.01884
G1 X124.466 Y111.566 E.0057
G1 X125.303 Y111.566 E.03182
; WIPE_START
G1 X124.466 Y111.566 E-.3183
G1 X124.466 Y111.716 E-.057
G1 X123.97 Y111.716 E-.18842
G1 X123.97 Y111.826 E-.042
G1 X123.683 Y111.539 E-.15429
; WIPE_END
G1 E-.04 F1800
M204 S10000
G1 X119.881 Y118.157 Z49.32 F60000
G1 X102.334 Y148.71 Z49.32
G1 Z48.92
G1 E.8 F1800
G1 F11292.473
M204 S8000
G1 X102.334 Y150.304 E.06056
G1 X123.97 Y171.939 E1.16246
G1 X123.97 Y171.466 E.01798
G1 X124.466 Y171.466 E.01884
G1 X124.466 Y170.108 E.05159
G1 X118.56 Y176.013 E.31731
G1 X116.966 Y176.013 E.06056
; WIPE_START
G1 X118.56 Y176.013 E-.60571
G1 X118.847 Y175.726 E-.15429
; WIPE_END
G1 E-.04 F1800
M204 S10000
G1 X120.423 Y183.194 Z49.32 F60000
G1 X121.768 Y189.566 Z49.32
G1 Z48.92
G1 E.8 F1800
G1 F11292.473
M204 S8000
G1 X121.127 Y189.566 E.02435
G1 X121.127 Y189.249 E.01203
G1 X120.887 Y189.013 E.01278
G1 X120.887 Y188.715 E.01135
G1 X123.97 Y185.632 E.16565
G1 X123.97 Y186.967 E.05074
G1 X120.887 Y183.884 E.16565
G1 X120.887 Y181.2 E.10196
G1 X123.97 Y178.118 E.16565
G1 X123.97 Y179.453 E.05074
G1 X120.887 Y176.37 E.16565
G1 X120.887 Y176.249 E.0046
G1 X120.651 Y176.013 E.01267
G1 X120.53 Y176.013 E.0046
G1 X102.334 Y157.818 E.97765
G1 X102.334 Y154.668 E.11965
G1 X109.388 Y147.614 E.379
G1 X107.159 Y147.614 E.08468
G1 X124.466 Y164.921 E.92985
G1 X124.466 Y162.594 E.08841
G1 X111.046 Y176.013 E.72104
G1 X113.016 Y176.013 E.07485
G1 X102.334 Y165.332 E.57392
G1 X102.334 Y162.182 E.11965
G1 X116.902 Y147.614 E.78273
G1 X114.674 Y147.614 E.08468
G1 X124.466 Y157.406 E.52612
G1 X124.466 Y155.079 E.08841
G1 X103.532 Y176.013 E1.12477
G1 X105.502 Y176.013 E.07485
G1 X99.923 Y170.434 E.29975
G1 X98.633 Y170.434 E.049
G1 X98.63 Y173.401 E.11272
G1 X101.596 Y170.434 E.15941
G1 X102.334 Y170.434 E.02804
G1 X102.334 Y169.696 E.02804
G1 X124.466 Y147.565 E1.1891
G1 X124.466 Y149.892 E.08841
G1 X120.334 Y145.761 E.22196
G1 X120.334 Y144.182 E.05999
G1 X124.466 Y140.051 E.22196
G1 X124.466 Y142.378 E.08841
G1 X120.334 Y138.247 E.22196
G1 X120.334 Y136.668 E.05999
G1 X124.466 Y132.537 E.22196
G1 X124.466 Y134.864 E.08841
G1 X120.334 Y130.733 E.22196
G1 X120.334 Y129.154 E.05999
G1 X123.97 Y125.519 E.19532
G1 X123.97 Y126.854 E.05074
G1 X120.334 Y123.219 E.19532
G1 X120.334 Y121.64 E.05999
G1 X123.97 Y118.005 E.19532
G1 X123.97 Y119.34 E.05073
G1 X120.334 Y115.705 E.19532
G1 X120.334 Y114.126 E.05999
G1 X127.123 Y107.338 E.36474
G1 X126.995 Y107.338 E.00484
G1 X131.223 Y111.566 E.22717
G1 X130.409 Y111.566 E.03094
G1 X134.465 Y107.51 E.21791
G1 X134.465 Y107.338 E.00654
G1 X133.043 Y107.338 E.05402
; WIPE_START
G1 X134.465 Y107.338 E-.54027
G1 X134.465 Y107.51 E-.06544
G1 X134.178 Y107.797 E-.15429
; WIPE_END
G1 E-.04 F1800
M204 S10000
G1 X130.786 Y114.634 Z49.32 F60000
G1 X100.12 Y176.46 Z49.32
G1 Z48.92
G1 E.8 F1800
; FEATURE: Other object
; LINE_WIDTH: 0.546304
G1 F9094.583
M204 S8000
G1 X120.193 Y176.46 E.94693
; LINE_WIDTH: 0.567529
G1 F8720.508
G1 X120.295 Y176.481 E.00515
; LINE_WIDTH: 0.59583
G1 F8267.117
G1 X120.398 Y176.502 E.00543
G1 X120.44 Y176.707 E.01086
; LINE_WIDTH: 0.546304
G1 F9094.583
G1 X120.44 Y189.122 E.58565
; LINE_WIDTH: 0.569794
G1 F8682.399
G1 X120.459 Y189.192 E.00357
; LINE_WIDTH: 0.616774
G1 F7960.798
G1 X120.477 Y189.262 E.00389
; LINE_WIDTH: 0.663754
G1 F7349.939
G1 X120.495 Y189.331 E.00422
; WIPE_START
G1 X120.477 Y189.262 E-.76
; WIPE_END
G1 E-.04 F1800
M204 S10000
G1 X121.988 Y196.743 Z49.32 F60000
G1 X122.2 Y197.793 Z49.32
G1 Z48.92
G1 E.8 F1800
; FEATURE: Other object
; LINE_WIDTH: 0.466044
G1 F10855.407
M204 S8000
G1 X122.2 Y201.793 E.15809
; WIPE_START
G1 X122.2 Y199.793 E-.76
; WIPE_END
G1 E-.04 F1800
M204 S10000
G1 X122.134 Y204.089 Z49.32 F60000
G1 Z48.92
G1 E.8 F1800
; FEATURE: Other object
; LINE_WIDTH: 0.45
G1 F11292.473
M204 S8000
G1 X122.134 Y202.495 E.06056
G1 X122.496 Y202.134 E.01942
G1 X122.774 Y202.134 E.01057
G1 X122.774 Y201.934 E.00757
G1 X123.909 Y201.934 E.04312
G1 X130.466 Y208.491 E.35228
G1 X130.466 Y209.192 E.02664
G1 X126.742 Y212.916 E.20006
G1 X127.376 Y212.916 E.02408
G1 X126.334 Y211.874 E.05596
G1 X126.334 Y211.066 E.03072
G1 X125.526 Y211.066 E.03072
G1 X122.134 Y207.674 E.18223
G1 X122.134 Y210.009 E.08872
G1 X130.466 Y201.678 E.44763
G1 X130.466 Y200.977 E.02664
G1 X126.334 Y196.846 E.22196
G1 X126.334 Y198.295 E.05506
G1 X130.466 Y194.164 E.22196
G1 X130.466 Y193.463 E.02664
G1 X127.837 Y190.834 E.14122
G1 X126.334 Y190.834 E.05709
G1 X126.334 Y190.926 E.00347
; CHANGE_LAYER
; Z_HEIGHT: 49.16
; LAYER_HEIGHT: 0.240002
; WIPE_START
G1 F11292.473
G1 X126.334 Y190.834 E-.03469
G1 X127.837 Y190.834 E-.57103
G1 X128.124 Y191.122 E-.15429
; WIPE_END
G1 E-.04 F1800
; FEATURE: Other object
; stop printing object, unique label id: 1901
M625
; layer num/total_layer_count: 205/258
; update layer progress
M73 L205
M991 S0 P204 ;notify layer change
M106 S102
; OBJECT_ID: 1902
; FEATURE: Other object
; start printing object, unique label id: 1902
M624 AgAAAAAAAAA=
M204 S10000
G17
G3 Z49.32 I-.361 J1.162 P1  F60000
G1 X222.527 Y220.403 Z49.32
G1 Z49.16
G1 E.8 F1800
; FEATURE: Support interface
; LINE_WIDTH: 0.62
G1 F4800
M204 S8000
G1 X222.202 Y220.729 E.02495
G1 X222.201 Y222.241 E.08196
G1 X223.783 Y220.659 E.12125
G1 X225.294 Y220.659 E.0819
G1 X222.862 Y223.091 E.18639
G1 X224.373 Y223.091 E.0819
G1 X226.805 Y220.659 E.18639
G1 X227.026 Y220.659 E.01198
G1 X227.026 Y221.949 E.06992
G1 X225.628 Y223.347 E.10712
; WIPE_START
; WIPE_END
G1 E-.8 F1800
M204 S10000
G17
G3 Z49.56 I1.2 J-.205 P1  F60000
G1 X209.643 Y129.683 Z49.56
G1 Z49.16
G1 E.8 F1800
; FEATURE: Support
G1 F7915.629
M204 S8000
G1 X209.638 Y129.706 E.00126
G1 X209.625 Y129.689 E.00115
G1 X210.392 Y128.741 E.06608
G1 X210.442 Y128.776 E.00329
G1 X210.483 Y128.861 E.00508
G1 X210.491 Y129.033 E.00935
G1 X210.435 Y129.266 E.01297
G1 X210.317 Y129.505 E.01444
G1 X210.16 Y130.217 E.03953
G1 X210.239 Y130.537 E.01788
G1 X210.223 Y130.731 E.01052
G1 X210.154 Y130.882 E.009
G1 X210.063 Y130.966 E.00674
G1 X209.958 Y131.001 E.00599
G1 X209.786 Y130.95 E.0097
G1 X209.66 Y130.835 E.00923
G1 X209.545 Y130.598 E.01427
G1 X209.091 Y130.011 E.04024
G1 X208.825 Y129.917 E.01525
G1 X208.605 Y129.792 E.01372
G1 X208.44 Y129.65 E.01183
G1 X208.355 Y129.523 E.00827
G1 X208.341 Y129.445 E.0043
G1 X208.362 Y129.385 E.00343
G1 X208.433 Y129.322 E.00517
G1 X208.561 Y129.263 E.0076
G1 X208.812 Y129.214 E.01387
G1 X209.1 Y129.211 E.01561
G1 X209.777 Y128.985 E.03867
G1 X209.995 Y128.832 E.01447
G1 X210.16 Y128.755 E.00985
G1 X210.309 Y128.727 E.00824
; WIPE_START
G1 X210.442 Y128.776 E-.05367
G1 X210.483 Y128.861 E-.03564
G1 X210.491 Y129.033 E-.06558
G1 X210.435 Y129.266 E-.09097
G1 X210.317 Y129.505 E-.10123
G1 X210.16 Y130.217 E-.27715
G1 X210.239 Y130.537 E-.12535
G1 X210.236 Y130.565 E-.01043
; WIPE_END
G1 E-.04 F1800
M204 S10000
G17
G3 Z49.56 I1.182 J-.291 P1  F60000
G1 X208.759 Y124.575 Z49.56
G1 Z49.16
G1 E.8 F1800
G1 F7915.629
M204 S8000
G1 X208.822 Y124.576 E.0034
G1 X208.98 Y124.623 E.00897
G1 X209.138 Y124.702 E.00956
G1 X209.375 Y124.906 E.01695
G1 X209.471 Y125.069 E.01025
G1 X209.583 Y125.165 E.008
G1 X209.616 Y125.226 E.00376
G1 X209.708 Y125.581 E.01988
G1 X209.73 Y125.971 E.02117
G1 X209.679 Y126.284 E.01717
G1 X209.582 Y126.492 E.01244
G1 X209.486 Y126.579 E.00704
G1 X209.447 Y126.586 E.00214
G1 X209.317 Y126.537 E.00754
G1 X209.144 Y126.342 E.01412
G1 X208.987 Y126.006 E.02011
G1 X208.926 Y125.749 E.01432
G1 X208.907 Y125.447 E.01639
G1 X208.668 Y125.236 E.01727
G1 X208.549 Y125.061 E.01148
G1 X208.487 Y124.886 E.01009
G1 X208.486 Y124.746 E.00759
G1 X208.529 Y124.647 E.00582
G1 X208.585 Y124.602 E.00393
G1 X208.674 Y124.575 E.00503
; WIPE_START
G1 X208.822 Y124.576 E-.05624
G1 X208.98 Y124.623 E-.06286
G1 X209.138 Y124.702 E-.06703
G1 X209.375 Y124.906 E-.11887
G1 X209.471 Y125.069 E-.07188
G1 X209.583 Y125.165 E-.05611
G1 X209.616 Y125.226 E-.02637
G1 X209.708 Y125.581 E-.13938
G1 X209.73 Y125.971 E-.1484
G1 X209.724 Y126.005 E-.01288
; WIPE_END
G1 E-.04 F1800
M204 S10000
G17
G3 Z49.56 I1.188 J.264 P1  F60000
G1 X210.409 Y122.919 Z49.56
G1 Z49.16
G1 E.8 F1800
G1 F7915.629
M204 S8000
G1 X210.526 Y123.035 E.00892
G1 X210.644 Y123.283 E.01489
G1 X210.705 Y123.631 E.01913
G1 X210.926 Y124.264 E.03634
G1 X211.007 Y124.413 E.00923
G1 X211.063 Y124.622 E.01172
G1 X211.056 Y124.787 E.00896
G1 X211.013 Y124.88 E.00554
G1 X210.941 Y124.935 E.00493
G1 X210.776 Y124.939 E.00896
G1 X210.503 Y124.824 E.01605
G1 X210.264 Y124.612 E.01727
G1 X210.121 Y124.414 E.01329
G1 X210.069 Y124.272 E.00821
G1 X209.989 Y124.132 E.00873
G1 X209.932 Y123.828 E.01675
G1 X209.936 Y123.576 E.01366
G1 X209.989 Y123.289 E.0158
G1 X210.098 Y123.057 E.01392
G1 X210.195 Y122.941 E.00817
G1 X210.239 Y122.904 E.00315
G1 X210.334 Y122.885 E.00523
; WIPE_START
G1 X210.526 Y123.035 E-.09265
G1 X210.644 Y123.283 E-.10437
G1 X210.705 Y123.631 E-.1341
G1 X210.926 Y124.264 E-.25477
G1 X211.007 Y124.413 E-.0647
G1 X211.063 Y124.622 E-.08217
G1 X211.06 Y124.694 E-.02724
; WIPE_END
G1 E-.04 F1800
M204 S10000
G17
G3 Z49.56 I1.116 J-.486 P1  F60000
G1 X209.318 Y120.69 Z49.56
G1 Z49.16
G1 E.8 F1800
G1 F7915.629
M204 S8000
G1 X209.382 Y120.736 E.00428
G1 X209.416 Y120.809 E.0044
G1 X209.418 Y120.957 E.00803
G1 X209.354 Y121.164 E.01174
G1 X209.226 Y121.386 E.0139
G1 X209.015 Y121.625 E.01728
G1 X208.783 Y121.8 E.01574
G1 X208.554 Y121.915 E.01388
G1 X208.385 Y122.261 E.02084
G1 X208.218 Y122.415 E.01234
G1 X208.028 Y122.483 E.01092
G1 X207.952 Y122.482 E.0041
G1 X207.855 Y122.447 E.00562
G1 X207.782 Y122.377 E.00545
G1 X207.735 Y122.262 E.00677
G1 X207.732 Y122.101 E.0087
G1 X207.786 Y121.938 E.00933
G1 X207.904 Y121.769 E.01118
G1 X208.5 Y121.039 E.05109
G1 X208.725 Y120.852 E.01584
G1 X209.069 Y120.695 E.02048
G1 X209.233 Y120.676 E.00898
; WIPE_START
G1 X209.382 Y120.736 E-.06069
G1 X209.416 Y120.809 E-.03085
G1 X209.418 Y120.957 E-.05627
G1 X209.354 Y121.164 E-.08234
G1 X209.226 Y121.386 E-.09742
G1 X209.015 Y121.625 E-.12115
G1 X208.783 Y121.8 E-.11035
G1 X208.554 Y121.915 E-.09731
G1 X208.434 Y122.16 E-.10362
; WIPE_END
G1 E-.04 F1800
M204 S10000
G17
G3 Z49.56 I1.141 J.422 P1  F60000
G1 X210.395 Y116.857 Z49.56
G1 Z49.16
G1 E.8 F1800
G1 F7915.629
M204 S8000
G1 X210.509 Y116.9 E.00656
G1 X210.677 Y117.058 E.01253
G1 X210.793 Y117.288 E.01393
G1 X210.804 Y117.369 E.00446
G1 X211.014 Y117.75 E.02358
G1 X211.128 Y118.121 E.02105
G1 X211.161 Y118.442 E.0175
G1 X211.128 Y118.702 E.01417
G1 X211.056 Y118.85 E.00894
G1 X210.991 Y118.9 E.00443
G1 X210.948 Y118.904 E.00234
G1 X210.845 Y118.871 E.00587
G1 X210.72 Y118.787 E.00819
G1 X210.492 Y118.524 E.01886
G1 X210.344 Y118.239 E.01742
G1 X210.233 Y117.9 E.0193
G1 X210.213 Y117.677 E.01218
G1 X210.106 Y117.473 E.01248
G1 X210.061 Y117.264 E.01156
G1 X210.077 Y117.071 E.01051
G1 X210.139 Y116.935 E.00813
G1 X210.218 Y116.865 E.0057
G1 X210.314 Y116.836 E.00543
; WIPE_START
G1 X210.509 Y116.9 E-.07791
G1 X210.677 Y117.058 E-.08786
G1 X210.793 Y117.288 E-.09766
G1 X210.804 Y117.369 E-.0313
G1 X211.014 Y117.75 E-.16535
G1 X211.128 Y118.121 E-.14755
G1 X211.161 Y118.442 E-.12268
G1 X211.151 Y118.52 E-.02969
; WIPE_END
G1 E-.04 F1800
M204 S10000
G17
G3 Z49.56 I.677 J-1.012 P1  F60000
G1 X207.992 Y116.408 Z49.56
G1 Z49.16
G1 E.8 F1800
G1 F7915.629
M204 S8000
G1 X208.072 Y116.437 E.0046
G1 X208.213 Y116.568 E.01046
G1 X208.329 Y116.799 E.01399
G1 X208.357 Y117.037 E.013
G1 X208.484 Y117.685 E.0358
G1 X208.564 Y117.888 E.01183
G1 X208.602 Y118.154 E.01457
G1 X208.576 Y118.38 E.01234
G1 X208.506 Y118.526 E.00876
G1 X208.434 Y118.587 E.00512
G1 X208.365 Y118.602 E.00382
G1 X208.265 Y118.581 E.00553
G1 X208.178 Y118.536 E.00528
G1 X207.966 Y118.321 E.0164
G1 X207.83 Y118.07 E.01544
G1 X207.756 Y117.835 E.01339
G1 X207.708 Y117.052 E.04249
G1 X207.661 Y117.065 E.00264
G1 X207.628 Y116.856 E.0115
G1 X207.651 Y116.646 E.01146
G1 X207.724 Y116.49 E.00931
G1 X207.812 Y116.411 E.00643
G1 X207.912 Y116.381 E.00564
; WIPE_START
G1 X208.072 Y116.437 E-.06448
G1 X208.213 Y116.568 E-.0733
G1 X208.329 Y116.799 E-.09809
G1 X208.357 Y117.037 E-.09111
G1 X208.484 Y117.685 E-.25101
G1 X208.564 Y117.888 E-.08296
G1 X208.601 Y118.146 E-.09904
; WIPE_END
G1 E-.04 F1800
M204 S10000
G17
G3 Z49.56 I1.212 J-.108 P1  F60000
G1 X208.24 Y114.101 Z49.56
G1 Z49.16
G1 E.8 F1800
G1 F7915.629
M204 S8000
G1 X208.33 Y114.181 E.0065
G1 X208.405 Y114.34 E.00956
G1 X208.432 Y114.564 E.01226
G1 X208.391 Y114.816 E.01379
G1 X208.278 Y115.05 E.01411
G1 X208.139 Y115.184 E.01047
G1 X208.004 Y115.255 E.00826
G1 X207.867 Y115.247 E.00745
G1 X207.745 Y115.167 E.00788
G1 X207.673 Y114.975 E.01113
G1 X207.673 Y114.733 E.0131
G1 X207.713 Y114.537 E.01088
G1 X207.836 Y114.294 E.01474
G1 X208.007 Y114.129 E.01287
G1 X208.159 Y114.078 E.0087
; COOLING_NODE: 0
; WIPE_START
G1 X208.33 Y114.181 E-.0756
G1 X208.405 Y114.34 E-.06705
G1 X208.432 Y114.564 E-.08594
G1 X208.391 Y114.816 E-.09667
G1 X208.278 Y115.05 E-.09894
G1 X208.139 Y115.184 E-.07337
G1 X208.004 Y115.255 E-.05794
G1 X207.867 Y115.247 E-.05226
G1 X207.745 Y115.167 E-.05526
G1 X207.673 Y114.975 E-.07802
G1 X207.673 Y114.925 E-.01896
; WIPE_END
G1 E-.04 F1800
M204 S10000
G17
G3 Z49.56 I-1.195 J-.232 P1  F60000
G1 X188.717 Y212.532 Z49.56
G1 Z49.16
G1 E.8 F1800
; FEATURE: Inner wall
; LINE_WIDTH: 0.45
G1 F11292.473
M204 S8000
G1 X188.717 Y222.782 E.38942
G1 X186.903 Y222.782 E.06888
G1 X186.903 Y210.718 E.45831
G1 X205.903 Y210.718 E.72186
G1 X205.903 Y175.352 E1.34368
G1 X187.903 Y175.352 E.68387
G1 X187.903 Y150.531 E.94298
G1 X181.993 Y150.531 E.22454
G1 X181.993 Y93.968 E2.14898
G1 X185.006 Y93.968 E.11447
G1 X185.006 Y95.781 E.06888
G1 X183.806 Y95.781 E.04559
G1 X183.806 Y145.718 E1.89724
G1 X187.903 Y145.718 E.15566
G1 X187.903 Y97.718 E1.82365
G1 X204.717 Y97.718 E.63877
G1 X204.717 Y110.218 E.47491
G1 X210.717 Y110.218 E.22796
G1 X210.717 Y115.031 E.18286
G1 X209.703 Y115.031 E.03849
G1 X209.703 Y111.881 E.11968
G1 X206.367 Y111.881 E.12678
G1 X206.367 Y132.468 E.78215
G1 X210.221 Y132.468 E.14643
G1 X210.221 Y150.818 E.69716
G1 X210.717 Y150.818 E.01884
G1 X210.717 Y191.882 E1.56009
G1 X210.221 Y191.882 E.01884
G1 X210.221 Y210.568 E.70997
G1 X210.717 Y210.568 E.01884
G1 X210.717 Y210.718 E.0057
G1 X220.716 Y210.718 E.37991
G1 X220.707 Y224.772 E.53393
G1 X220.671 Y224.972 E.00771
G1 X220.605 Y225.171 E.00797
G1 X220.509 Y225.357 E.00797
G1 X220.386 Y225.528 E.00798
; object ids of layer 205 start: 1901,1902
M624 AwAAAAAAAAA=
;===== machine: H2C timelapse =====
;======== date: 20260731 ========

; SKIPPABLE_START
; SKIPTYPE: timelapse

M1002 judge_flag timelapse_record_flag
M622 J1
    

    
        
    

    
        M971 S11 C10 O0
        M1004 S5 P1  ; external shutter
    

    
        
    
    
    
M623
; SKIPPABLE_END

; object ids of this layer205 end: 1901,1902
M625
G1 X220.24 Y225.678 E.00798
G1 X220.072 Y225.805 E.00799
G1 X219.787 Y225.941 E.01198
G1 X219.496 Y225.876 E.01136
G1 X218.69 Y225.648 E.0318
G1 X218.217 Y225.551 E.01835
G1 X217.644 Y225.537 E.02178
G1 X217.043 Y225.773 E.02456
G1 X216.734 Y226.032 E.01528
G1 X216.479 Y226.032 E.00969
G1 X216.187 Y225.563 E.02098
G1 X215.627 Y225.184 E.02568
G1 X215.122 Y224.987 E.02061
G1 X214.639 Y224.881 E.01877
G1 X214.165 Y224.84 E.01807
G1 X213.693 Y224.857 E.01796
G1 X213.215 Y224.933 E.01838
G1 X212.722 Y225.085 E.01961
G1 X212.183 Y225.37 E.02316
G1 X211.737 Y225.853 E.02499
G1 X211.529 Y226.032 E.0104
G1 X211.291 Y226.032 E.00907
G1 X210.964 Y225.471 E.02464
G1 X210.293 Y225.184 E.02771
G1 X209.728 Y225.14 E.02154
G1 X209.22 Y225.217 E.01954
G1 X208.755 Y225.356 E.01843
G1 X207.551 Y225.833 E.04921
G1 X207.007 Y225.993 E.02154
G1 X206.701 Y225.891 E.01226
G1 X206.519 Y225.786 E.00798
G1 X206.36 Y225.659 E.0077
G1 X206.168 Y225.442 E.01104
G1 X206.047 Y225.237 E.00902
G1 X205.95 Y224.971 E.01077
G1 X205.906 Y224.68 E.01117
G1 X205.903 Y212.532 E.46156
G1 X188.777 Y212.532 E.65069
; COOLING_NODE: 0
M204 S250
G1 X189.1 Y212.915 F60000
; FEATURE: Outer wall
; LINE_WIDTH: 0.42
G1 F12000
M204 S5000
G1 X189.1 Y223.165 E.36011
G1 X186.52 Y223.165 E.09064
G1 X186.52 Y210.335 E.45075
G1 X205.52 Y210.335 E.66752
G1 X205.52 Y175.735 E1.21558
G1 X187.52 Y175.735 E.63238
G1 X187.52 Y150.915 E.87199
G1 X181.61 Y150.915 E.20763
G1 X181.61 Y93.585 E2.01414
G1 X185.39 Y93.585 E.1328
G1 X185.39 Y96.165 E.09064
G1 X184.19 Y96.165 E.04216
G1 X184.19 Y145.335 E1.72746
G1 X187.52 Y145.335 E.11699
G1 X187.52 Y97.335 E1.68636
G1 X205.1 Y97.335 E.61763
G1 X205.1 Y109.835 E.43916
G1 X211.1 Y109.835 E.21079
G1 X211.1 Y115.415 E.19604
G1 X209.32 Y115.415 E.06254
G1 X209.32 Y112.265 E.11067
G1 X206.75 Y112.265 E.09029
G1 X206.75 Y132.085 E.69632
G1 X211.1 Y132.085 E.15283
G1 X211.1 Y132.515 E.01511
G1 X210.604 Y132.515 E.01742
G1 X210.604 Y150.435 E.62957
G1 X211.1 Y150.435 E.01742
G1 X211.1 Y192.265 E1.46959
G1 X210.604 Y192.265 E.01742
G1 X210.604 Y210.185 E.62957
G1 X211.1 Y210.185 E.01742
G1 X211.1 Y210.335 E.00527
G1 X221.1 Y210.335 E.35132
G1 X221.09 Y224.806 E.50839
G1 X221.044 Y225.067 E.00931
G1 X220.959 Y225.32 E.00939
G1 X220.837 Y225.558 E.00939
G1 X220.681 Y225.775 E.0094
G1 X220.494 Y225.967 E.0094
G1 X220.281 Y226.128 E.00941
G1 X220.047 Y226.256 E.00936
G1 X219.812 Y226.339 E.00875
G1 X219.401 Y226.248 E.01478
G1 X218.6 Y226.02 E.02928
G1 X218.174 Y225.933 E.01527
G1 X217.712 Y225.922 E.01621
G1 X217.241 Y226.107 E.0178
G1 X216.874 Y226.415 E.01684
G1 X216.266 Y226.415 E.02133
G1 X215.904 Y225.835 E.02402
G1 X215.448 Y225.525 E.01938
G1 X215.011 Y225.355 E.01649
G1 X214.581 Y225.261 E.01544
G1 X214.155 Y225.224 E.01503
G1 X213.73 Y225.239 E.01496
G1 X213.302 Y225.307 E.01521
G1 X212.869 Y225.441 E.01592
G1 X212.42 Y225.678 E.01784
G1 X212.004 Y226.129 E.02157
G1 X211.672 Y226.415 E.01539
G1 X211.07 Y226.415 E.02113
G1 X210.696 Y225.774 E.02608
G1 X210.201 Y225.561 E.01895
G1 X209.742 Y225.526 E.01615
G1 X209.304 Y225.592 E.01558
G1 X208.881 Y225.719 E.01551
G1 X207.679 Y226.194 E.04539
G1 X207.01 Y226.387 E.02447
G1 X206.783 Y226.335 E.00818
G1 X206.534 Y226.237 E.0094
G1 X206.302 Y226.103 E.00941
G1 X206.095 Y225.938 E.0093
G1 X205.857 Y225.668 E.01265
G1 X205.699 Y225.402 E.01087
G1 X205.576 Y225.066 E.01258
G1 X205.522 Y224.709 E.01268
G1 X205.52 Y212.915 E.41435
G1 X189.16 Y212.915 E.57476
; WIPE_START
M204 S8000
G1 X189.148 Y214.915 E-.76
; WIPE_END
G1 E-.04 F1800
M204 S10000
G1 X187.244 Y212.11 Z49.56 F60000
G1 Z49.16
G1 E.8 F1800
; FEATURE: Sparse infill
; LINE_WIDTH: 0.45
G1 F11292.473
M204 S8000
G1 X187.244 Y211.059 E.03992
G1 X187.788 Y211.059 E.02064
G1 X188.919 Y212.191 E.06077
G1 X189.735 Y212.191 E.03101
G1 X190.866 Y211.059 E.06077
G1 X195.302 Y211.059 E.16852
G1 X196.433 Y212.191 E.06077
G1 X197.249 Y212.191 E.03101
G1 X198.38 Y211.059 E.06077
G1 X202.816 Y211.059 E.16852
G1 X203.947 Y212.191 E.06077
G1 X204.763 Y212.191 E.03101
G1 X205.894 Y211.059 E.06077
G1 X206.244 Y211.059 E.01331
G1 X206.244 Y210.709 E.01331
G1 X209.88 Y207.074 E.19532
G1 X209.88 Y205.48 E.06056
; WIPE_START
G1 X209.88 Y207.074 E-.60572
G1 X209.593 Y207.361 E-.15429
; WIPE_END
G1 E-.04 F1800
M204 S10000
G1 X215.362 Y212.358 Z49.56 F60000
G1 X220.329 Y216.661 Z49.56
G1 Z49.16
G1 E.8 F1800
; FEATURE: Floating vertical shell
; LINE_WIDTH: 0.419994
G1 F12000
M204 S8000
G1 X220.329 Y215.911 E.02634
G1 X209.593 Y215.911 E.37719
G1 X209.581 Y217.398 E.05225
G1 X220.328 Y217.409 E.37755
G1 X220.329 Y216.721 E.0242
M204 S10000
G1 X219.96 Y216.66 F60000
G1 F12000
M204 S8000
G1 X219.96 Y216.279 E.01339
G1 X209.95 Y216.279 E.35169
G1 X209.95 Y217.041 E.02675
G1 X219.96 Y217.041 E.35167
G1 X219.96 Y216.72 E.01126
; WIPE_START
G1 X219.96 Y217.041 E-.12179
G1 X218.28 Y217.041 E-.63821
; WIPE_END
G1 E-.04 F1800
M204 S10000
G1 X210.657 Y216.676 Z49.56 F60000
G1 X210.331 Y216.66 Z49.56
G1 Z49.16
G1 E.8 F1800
; LINE_WIDTH: 0.444504
G1 F11450.383
M204 S8000
G1 X219.519 Y216.66 E.34429
; WIPE_START
G1 X217.519 Y216.66 E-.76
; WIPE_END
G1 E-.04 F1800
M204 S10000
G1 X210.277 Y219.069 Z49.56 F60000
G1 X206.246 Y220.41 Z49.56
G1 Z49.16
G1 E.8 F1800
; FEATURE: Sparse infill
; LINE_WIDTH: 0.45
G1 F11292.473
M204 S8000
G1 X206.246 Y222.004 E.06056
G1 X209.13 Y224.888 E.15493
G1 X208.643 Y225.034 E.01932
G1 X207.44 Y225.51 E.04917
G1 X207.013 Y225.635 E.01689
G1 X206.841 Y225.578 E.00689
G1 X206.711 Y225.503 E.0057
G1 X206.584 Y225.398 E.00627
G1 X214.189 Y217.793 E.40862
G1 X217.063 Y217.793 E.10918
G1 X220.368 Y221.098 E.17758
G1 X220.369 Y219.126 E.07489
G1 X214.905 Y224.591 E.29358
G1 X215.221 Y224.659 E.01226
G1 X215.787 Y224.88 E.02309
G1 X216.438 Y225.321 E.02989
G1 X216.648 Y225.659 E.01511
G1 X216.866 Y225.476 E.0108
G1 X217.129 Y225.373 E.01073
G1 X209.549 Y217.793 E.40729
G1 X209.434 Y217.793 E.00437
G1 X209.198 Y217.557 E.01267
G1 X209.198 Y217.442 E.00437
G1 X206.245 Y214.488 E.15868
G1 X206.246 Y218.222 E.14186
G1 X213.408 Y211.059 E.38485
G1 X217.844 Y211.059 E.16852
G1 X220.373 Y213.589 E.1359
G1 X220.375 Y211.607 E.07528
G1 X216.454 Y215.527 E.21063
G1 X214.798 Y215.527 E.06294
G1 X210.18 Y210.909 E.24812
G1 X209.88 Y210.909 E.0114
G1 X209.88 Y210.609 E.0114
G1 X206.244 Y206.974 E.19532
G1 X206.244 Y203.195 E.14357
G1 X209.88 Y199.56 E.19532
G1 X209.88 Y203.095 E.13432
G1 X206.244 Y199.46 E.19532
G1 X206.244 Y195.681 E.14357
G1 X209.88 Y192.046 E.19532
G1 X209.88 Y195.581 E.13432
G1 X206.244 Y191.946 E.19532
G1 X206.244 Y190.352 E.06056
; WIPE_START
G1 X206.244 Y191.946 E-.60572
G1 X206.532 Y192.233 E-.15428
; WIPE_END
G1 E-.04 F1800
M204 S10000
G1 X207.328 Y184.642 Z49.56 F60000
G1 X210.376 Y155.573 Z49.56
G1 Z49.16
G1 E.8 F1800
G1 F11292.473
M204 S8000
G1 X210.376 Y153.979 E.06056
G1 X189.344 Y175.011 E1.13
G1 X189.309 Y175.011 E.00134
G1 X188.244 Y173.946 E.05721
G1 X188.244 Y172.352 E.06056
; WIPE_START
G1 X188.244 Y173.946 E-.60572
G1 X188.532 Y174.233 E-.15429
; WIPE_END
G1 E-.04 F1800
M204 S10000
G1 X188.409 Y166.601 Z49.56 F60000
G1 X188.064 Y145.126 Z49.56
G1 Z49.16
G1 E.8 F1800
; FEATURE: Internal solid infill
; LINE_WIDTH: 0.422674
G1 F12123.824
M204 S8000
G1 X188.691 Y145.753 E.03141
G1 X189.216 Y145.753 E.01858
G1 X188.229 Y144.767 E.04938
G1 X188.229 Y144.242 E.01858
G1 X189.741 Y145.753 E.07565
G1 X190.266 Y145.753 E.01858
G1 X188.229 Y143.717 E.10192
G1 X188.229 Y143.192 E.01858
G1 X190.791 Y145.753 E.12819
G1 X191.316 Y145.753 E.01858
G1 X188.229 Y142.667 E.15446
G1 X188.229 Y142.142 E.01858
G1 X191.841 Y145.753 E.18073
G1 X192.366 Y145.753 E.01858
G1 X188.229 Y141.617 E.207
G1 X188.229 Y141.092 E.01858
G1 X192.891 Y145.753 E.23327
G1 X193.415 Y145.753 E.01858
G1 X188.229 Y140.567 E.25954
G1 X188.229 Y140.042 E.01858
G1 X193.94 Y145.753 E.28581
G1 X194.465 Y145.753 E.01858
G1 X188.229 Y139.517 E.31208
G1 X188.229 Y138.993 E.01858
G1 X194.99 Y145.753 E.33835
G1 X195.515 Y145.753 E.01858
G1 X188.229 Y138.468 E.36462
G1 X188.229 Y137.943 E.01858
G1 X196.04 Y145.753 E.39089
G1 X196.565 Y145.753 E.01858
G1 X188.229 Y137.418 E.41716
G1 X188.229 Y136.893 E.01858
G1 X197.09 Y145.753 E.44343
G1 X197.615 Y145.753 E.01858
G1 X188.229 Y136.368 E.4697
G1 X188.229 Y135.843 E.01858
G1 X198.14 Y145.753 E.49597
G1 X198.665 Y145.753 E.01858
G1 X188.229 Y135.318 E.52224
G1 X188.229 Y134.793 E.01858
G1 X199.189 Y145.753 E.5485
G1 X199.714 Y145.753 E.01858
G1 X188.229 Y134.268 E.57477
G1 X188.229 Y133.743 E.01858
G1 X200.239 Y145.753 E.60104
G1 X200.764 Y145.753 E.01858
G1 X188.229 Y133.219 E.62731
G1 X188.229 Y132.694 E.01858
G1 X201.289 Y145.753 E.65358
G1 X201.814 Y145.753 E.01858
G1 X188.229 Y132.169 E.67985
G1 X188.229 Y131.644 E.01858
G1 X202.339 Y145.753 E.70612
G1 X202.864 Y145.753 E.01858
G1 X188.229 Y131.119 E.73239
G1 X188.229 Y130.594 E.01858
G1 X203.389 Y145.753 E.75866
G1 X203.914 Y145.753 E.01858
G1 X188.229 Y130.069 E.78493
G1 X188.229 Y129.544 E.01858
G1 X204.439 Y145.753 E.8112
G1 X204.964 Y145.753 E.01858
G1 X188.229 Y129.019 E.83747
G1 X188.229 Y128.494 E.01858
G1 X205.488 Y145.753 E.86374
G1 X205.938 Y145.742 E.01593
G1 X205.938 Y145.679 E.00225
G1 X188.229 Y127.969 E.88626
G1 X188.229 Y127.444 E.01858
G1 X205.938 Y145.154 E.88626
G1 X205.938 Y144.629 E.01858
G1 X188.229 Y126.92 E.88626
G1 X188.229 Y126.395 E.01858
G1 X205.938 Y144.104 E.88626
G1 X205.938 Y143.579 E.01858
G1 X188.229 Y125.87 E.88626
G1 X188.229 Y125.345 E.01858
G1 X205.938 Y143.054 E.88626
G1 X205.938 Y142.529 E.01858
G1 X188.229 Y124.82 E.88626
G1 X188.229 Y124.295 E.01858
G1 X205.938 Y142.004 E.88626
G1 X205.938 Y141.479 E.01858
G1 X188.229 Y123.77 E.88626
G1 X188.229 Y123.245 E.01858
G1 X205.938 Y140.954 E.88626
G1 X205.938 Y140.429 E.01858
G1 X188.229 Y122.72 E.88626
G1 X188.229 Y122.195 E.01858
G1 X205.938 Y139.905 E.88626
G1 X205.938 Y139.38 E.01858
G1 X188.229 Y121.67 E.88626
G1 X188.229 Y121.146 E.01858
G1 X205.938 Y138.855 E.88626
G1 X205.938 Y138.33 E.01858
G1 X188.229 Y120.621 E.88626
G1 X188.229 Y120.096 E.01858
G1 X205.938 Y137.805 E.88626
G1 X205.938 Y137.28 E.01858
G1 X188.229 Y119.571 E.88626
G1 X188.229 Y119.046 E.01858
G1 X205.938 Y136.755 E.88626
G1 X205.938 Y136.23 E.01858
G1 X188.229 Y118.521 E.88626
G1 X188.229 Y117.996 E.01858
G1 X205.938 Y135.705 E.88626
G1 X205.938 Y135.18 E.01858
G1 X188.229 Y117.471 E.88626
G1 X188.229 Y116.946 E.01858
G1 X205.938 Y134.655 E.88626
G1 X205.938 Y134.13 E.01858
G1 X188.229 Y116.421 E.88626
G1 X188.229 Y115.896 E.01858
G1 X205.938 Y133.606 E.88626
G1 X205.938 Y133.302 E.01074
G1 X206.049 Y133.191 E.00554
G1 X188.229 Y115.371 E.8918
G1 X188.229 Y114.847 E.01858
G1 X206.652 Y133.269 E.92197
M204 S10000
G1 X206.536 Y132.628 F60000
G1 F12123.824
M204 S8000
G1 X207.011 Y133.103 E.02377
G1 X207.536 Y133.103 E.01858
G1 X207.227 Y132.794 E.01547
G1 X207.752 Y132.794 E.01858
G1 X208.061 Y133.103 E.01547
G1 X208.586 Y133.103 E.01858
G1 X208.277 Y132.794 E.01547
G1 X208.802 Y132.794 E.01858
G1 X209.111 Y133.103 E.01547
G1 X209.636 Y133.103 E.01858
G1 X209.327 Y132.794 E.01547
G1 X209.851 Y132.794 E.01858
G1 X210.061 Y133.003 E.01047
; WIPE_START
G1 X209.851 Y132.794 E-.11242
G1 X209.327 Y132.794 E-.19947
G1 X209.636 Y133.103 E-.16612
G1 X209.111 Y133.103 E-.19947
G1 X208.957 Y132.95 E-.08253
; WIPE_END
G1 E-.04 F1800
M204 S10000
G17
G3 Z49.56 I.28 J-1.184 P1  F60000
G1 X206.206 Y132.299 Z49.56
G1 Z49.16
G1 E.8 F1800
G1 F12123.824
M204 S8000
G1 X188.229 Y114.322 E.89967
G1 X188.229 Y113.797 E.01858
G1 X206.041 Y131.608 E.89138
G1 X206.041 Y131.083 E.01858
G1 X188.229 Y113.272 E.89138
G1 X188.229 Y112.747 E.01858
G1 X206.041 Y130.558 E.89138
G1 X206.041 Y130.033 E.01858
G1 X188.229 Y112.222 E.89138
G1 X188.229 Y111.697 E.01858
G1 X206.041 Y129.508 E.89138
G1 X206.041 Y128.984 E.01858
G1 X188.229 Y111.172 E.89138
G1 X188.229 Y110.647 E.01858
G1 X206.041 Y128.459 E.89138
G1 X206.041 Y127.934 E.01858
G1 X188.229 Y110.122 E.89138
G1 X188.229 Y109.597 E.01858
G1 X206.041 Y127.409 E.89138
G1 X206.041 Y126.884 E.01858
G1 X188.229 Y109.072 E.89138
G1 X188.229 Y108.548 E.01858
G1 X206.041 Y126.359 E.89138
G1 X206.041 Y125.834 E.01858
G1 X188.229 Y108.023 E.89138
G1 X188.229 Y107.498 E.01858
G1 X206.041 Y125.309 E.89138
G1 X206.041 Y124.784 E.01858
G1 X188.229 Y106.973 E.89138
G1 X188.229 Y106.448 E.01858
G1 X206.041 Y124.259 E.89138
G1 X206.041 Y123.734 E.01858
G1 X188.229 Y105.923 E.89138
G1 X188.229 Y105.398 E.01858
G1 X206.041 Y123.209 E.89138
G1 X206.041 Y122.685 E.01858
G1 X188.229 Y104.873 E.89138
G1 X188.229 Y104.348 E.01858
G1 X206.041 Y122.16 E.89138
G1 X206.041 Y121.635 E.01858
G1 X188.229 Y103.823 E.89138
G1 X188.229 Y103.298 E.01858
G1 X206.041 Y121.11 E.89138
G1 X206.041 Y120.585 E.01858
G1 X188.229 Y102.774 E.89138
G1 X188.229 Y102.249 E.01858
G1 X206.041 Y120.06 E.89138
G1 X206.041 Y119.535 E.01858
G1 X188.229 Y101.724 E.89138
G1 X188.229 Y101.199 E.01858
G1 X206.041 Y119.01 E.89138
G1 X206.041 Y118.485 E.01858
G1 X188.229 Y100.674 E.89138
G1 X188.229 Y100.149 E.01858
G1 X206.041 Y117.96 E.89138
G1 X206.041 Y117.435 E.01858
G1 X188.229 Y99.624 E.89138
G1 X188.229 Y99.099 E.01858
G1 X206.041 Y116.91 E.89138
G1 X206.041 Y116.386 E.01858
G1 X188.229 Y98.574 E.89138
G1 X188.229 Y98.049 E.01858
G1 X206.041 Y115.861 E.89138
G1 X206.041 Y115.336 E.01858
G1 X188.749 Y98.044 E.86536
G1 X189.274 Y98.044 E.01858
G1 X206.041 Y114.811 E.83909
G1 X206.041 Y114.286 E.01858
G1 X189.799 Y98.044 E.81282
G1 X190.324 Y98.044 E.01858
G1 X206.041 Y113.761 E.78655
G1 X206.041 Y113.236 E.01858
G1 X190.849 Y98.044 E.76028
G1 X191.374 Y98.044 E.01858
G1 X206.206 Y112.877 E.74231
; WIPE_START
G1 X204.792 Y111.463 E-.76
; WIPE_END
G1 E-.04 F1800
M204 S10000
G17
G3 Z49.56 I-.049 J1.216 P1  F60000
G1 X210.21 Y111.682 Z49.56
G1 Z49.16
G1 E.8 F1800
; FEATURE: Gap infill
; LINE_WIDTH: 0.666044
G1 F7322.551
M204 S8000
G1 X210.21 Y114.832 E.18455
; WIPE_START
G1 X210.21 Y112.832 E-.76
; WIPE_END
G1 E-.04 F1800
M204 S10000
G17
G3 Z49.56 I1.213 J-.1 P1  F60000
G1 X210.007 Y110.378 Z49.56
G1 Z49.16
G1 E.8 F1800
; FEATURE: Internal solid infill
; LINE_WIDTH: 0.422674
G1 F12123.824
M204 S8000
G1 X210.391 Y110.762 E.0192
G1 X210.391 Y111.287 E.01858
G1 X209.648 Y110.544 E.03718
G1 X209.123 Y110.544 E.01858
G1 X209.935 Y111.356 E.04065
G1 X209.551 Y111.356 E.01359
G1 X209.551 Y111.497 E.00499
G1 X208.598 Y110.544 E.04769
G1 X208.073 Y110.544 E.01858
G1 X209.084 Y111.556 E.05061
G1 X208.56 Y111.556 E.01858
G1 X207.548 Y110.544 E.05061
G1 X207.023 Y110.544 E.01858
G1 X208.035 Y111.556 E.05061
G1 X207.51 Y111.556 E.01858
G1 X206.498 Y110.544 E.05061
G1 X205.973 Y110.544 E.01858
G1 X206.985 Y111.556 E.05061
G1 X206.46 Y111.556 E.01858
G1 X205.449 Y110.544 E.05061
G1 X204.924 Y110.544 E.01858
G1 X206.041 Y111.661 E.0559
G1 X206.041 Y112.186 E.01858
G1 X191.899 Y98.044 E.70774
G1 X192.424 Y98.044 E.01858
G1 X204.391 Y110.011 E.5989
G1 X204.391 Y109.486 E.01858
G1 X192.949 Y98.044 E.57263
G1 X193.473 Y98.044 E.01858
G1 X204.391 Y108.962 E.54636
G1 X204.391 Y108.437 E.01857
M73 P82 R37
G1 X193.998 Y98.044 E.52009
G1 X194.523 Y98.044 E.01858
G1 X204.391 Y107.912 E.49382
G1 X204.391 Y107.387 E.01858
G1 X195.048 Y98.044 E.46755
G1 X195.573 Y98.044 E.01858
G1 X204.391 Y106.862 E.44128
G1 X204.391 Y106.337 E.01858
G1 X196.098 Y98.044 E.41501
G1 X196.623 Y98.044 E.01858
G1 X204.391 Y105.812 E.38874
G1 X204.391 Y105.287 E.01858
G1 X197.148 Y98.044 E.36247
G1 X197.673 Y98.044 E.01858
G1 X204.391 Y104.762 E.3362
G1 X204.391 Y104.237 E.01857
G1 X198.198 Y98.044 E.30993
G1 X198.723 Y98.044 E.01858
G1 X204.391 Y103.712 E.28366
G1 X204.391 Y103.187 E.01858
G1 X199.247 Y98.044 E.25739
G1 X199.772 Y98.044 E.01858
G1 X204.391 Y102.663 E.23112
G1 X204.391 Y102.138 E.01858
G1 X200.297 Y98.044 E.20485
G1 X200.822 Y98.044 E.01858
G1 X204.391 Y101.613 E.17858
G1 X204.391 Y101.088 E.01858
G1 X201.347 Y98.044 E.15231
G1 X201.872 Y98.044 E.01858
G1 X204.391 Y100.563 E.12605
G1 X204.391 Y100.038 E.01858
G1 X202.397 Y98.044 E.09978
G1 X202.922 Y98.044 E.01858
G1 X204.391 Y99.513 E.07351
G1 X204.391 Y98.988 E.01858
G1 X203.447 Y98.044 E.04724
G1 X203.972 Y98.044 E.01858
G1 X204.557 Y98.629 E.02927
; WIPE_START
G1 X203.972 Y98.044 E-.31427
G1 X203.447 Y98.044 E-.19947
G1 X203.905 Y98.503 E-.24627
; WIPE_END
G1 E-.04 F1800
M204 S10000
G17
G3 Z49.56 I.223 J-1.196 P1  F60000
G1 X182.334 Y94.489 Z49.56
G1 Z49.16
G1 E.8 F1800
; FEATURE: Sparse infill
; LINE_WIDTH: 0.45
G1 F11292.473
M204 S8000
G1 X182.334 Y94.309 E.00682
G1 X183.749 Y94.309 E.05374
G1 X184.666 Y95.226 E.04924
G1 X184.666 Y95.441 E.00815
G1 X183.466 Y95.441 E.04559
G1 X183.466 Y98.234 E.10615
G1 X182.334 Y99.365 E.06077
G1 X182.334 Y100.409 E.03964
G1 X183.466 Y101.54 E.06077
G1 X183.466 Y105.748 E.15989
G1 X182.334 Y106.88 E.06077
G1 X182.334 Y107.923 E.03964
G1 X183.466 Y109.054 E.06077
G1 X183.466 Y113.263 E.15989
G1 X182.334 Y114.394 E.06077
G1 X182.334 Y115.437 E.03964
G1 X183.466 Y116.568 E.06077
G1 X183.466 Y120.777 E.15989
G1 X182.334 Y121.908 E.06077
G1 X182.334 Y122.951 E.03964
G1 X183.466 Y124.082 E.06077
G1 X183.466 Y128.291 E.15989
G1 X182.334 Y129.422 E.06077
G1 X182.334 Y130.465 E.03964
G1 X183.466 Y131.596 E.06077
G1 X183.466 Y135.805 E.15989
G1 X182.334 Y136.936 E.06077
G1 X182.334 Y137.979 E.03964
G1 X183.466 Y139.111 E.06077
G1 X183.466 Y143.319 E.15989
G1 X182.334 Y144.45 E.06077
G1 X182.334 Y145.494 E.03964
G1 X187.031 Y150.191 E.25237
G1 X184.108 Y150.191 E.11107
G1 X188.162 Y146.137 E.2178
G1 X190.492 Y146.137 E.08853
G1 X210.376 Y166.021 E1.06834
G1 X210.376 Y169.008 E.11349
G1 X204.373 Y175.011 E.32254
G1 X204.337 Y175.011 E.00134
G1 X188.244 Y158.918 E.86467
G1 X188.244 Y161.082 E.08224
G1 X203.19 Y146.137 E.80302
G1 X205.52 Y146.137 E.08853
G1 X209.88 Y150.497 E.23424
G1 X209.88 Y146.961 E.13432
G1 X188.244 Y168.596 E1.16246
G1 X188.244 Y166.432 E.08224
G1 X196.823 Y175.011 E.46094
G1 X196.859 Y175.011 E.00134
G1 X210.376 Y161.494 E.72627
G1 X210.376 Y158.506 E.11349
G1 X198.006 Y146.137 E.66461
G1 X195.676 Y146.137 E.08853
G1 X188.244 Y153.568 E.39929
G1 X188.244 Y151.404 E.08224
G1 X210.376 Y173.535 E1.1891
G1 X210.376 Y176.522 E.11349
G1 X206.244 Y180.653 E.22196
G1 X206.244 Y176.918 E.14191
G1 X210.376 Y181.049 E.22196
G1 X210.376 Y184.036 E.11349
G1 X206.244 Y188.167 E.22196
G1 X206.244 Y184.432 E.14191
G1 X210.376 Y188.563 E.22196
G1 X210.376 Y186.969 E.06056
; WIPE_START
G1 X210.376 Y188.563 E-.60572
G1 X210.088 Y188.276 E-.15429
; WIPE_END
G1 E-.04 F1800
M204 S10000
G1 X205.684 Y194.509 Z49.56 F60000
G1 X187.244 Y220.601 Z49.56
G1 Z49.16
G1 E.8 F1800
G1 F11292.473
M204 S8000
G1 X187.244 Y222.195 E.06056
G1 X188.376 Y221.064 E.06077
G1 X188.376 Y219.162 E.07228
G1 X187.244 Y218.03 E.06077
G1 X187.244 Y214.681 E.12725
G1 X188.376 Y213.55 E.06077
G1 X188.376 Y215.144 E.06056
; WIPE_START
G1 X188.376 Y213.55 E-.60571
G1 X188.088 Y213.837 E-.15429
; WIPE_END
G1 E-.04 F1800
M204 S10000
G1 X190.032 Y206.456 Z49.56 F60000
G1 X206.322 Y144.599 Z49.56
G1 Z49.16
G1 E.8 F1800
G1 F11292.473
M204 S8000
G1 X206.322 Y143.005 E.06056
G1 X209.88 Y139.447 E.19116
G1 X209.88 Y142.982 E.13432
G1 X206.322 Y139.425 E.19116
G1 X206.322 Y135.491 E.14946
G1 X208.326 Y133.487 E.10767
G1 X207.898 Y133.487 E.01624
G1 X209.88 Y135.468 E.10646
G1 X209.88 Y137.062 E.06056
; OBJECT_ID: 1901
; WIPE_START
G1 X209.88 Y135.468 E-.60572
G1 X209.593 Y135.181 E-.15429
; WIPE_END
G1 E-.04 F1800
; FEATURE: Other object
; stop printing object, unique label id: 1902
M625
; FEATURE: Other object
; start printing object, unique label id: 1901
M624 AQAAAAAAAAA=
M204 S10000
G17
G3 Z49.56 I.518 J-1.101 P1  F60000
G1 X139.547 Y102.222 Z49.56
G1 Z49.16
G1 E.8 F1800
; FEATURE: Other object
; LINE_WIDTH: 0.62
G1 F4800
M204 S8000
G1 X141.116 Y100.652 E.12029
G1 X141.116 Y99.534 E.06061
G1 X140.723 Y99.534 E.02129
G1 X138.291 Y101.966 E.18639
G1 X136.78 Y101.966 E.0819
G1 X139.212 Y99.534 E.18639
G1 X137.701 Y99.534 E.0819
G1 X136.041 Y101.194 E.1272
; WIPE_START
; WIPE_END
G1 E-.8 F1800
M204 S10000
G17
G3 Z49.56 I-1.165 J-.351 P1  F60000
G1 X112.102 Y180.674 Z49.56
G1 Z49.16
G1 E.8 F1800
; FEATURE: Other object
G1 F7915.629
M204 S8000
G1 X112.116 Y180.58 E.00515
G1 X112.169 Y180.464 E.00692
G1 X112.252 Y180.368 E.00692
G1 X112.36 Y180.299 E.00692
G1 X112.482 Y180.263 E.00691
G1 X112.61 Y180.263 E.00692
G1 X112.781 Y179.667 E.03361
G1 X112.992 Y179.729 E.01195
G1 X113.25 Y179.894 E.01657
G1 X113.45 Y180.125 E.01658
G1 X113.578 Y180.403 E.01659
G1 X113.621 Y180.706 E.01659
G1 X113.578 Y181.009 E.0166
G1 X113.451 Y181.288 E.0166
G1 X113.251 Y181.52 E.0166
G1 X112.993 Y181.685 E.01661
G1 X112.699 Y181.772 E.0166
G1 X112.393 Y181.772 E.01661
G1 X112.099 Y181.685 E.0166
G1 X111.841 Y181.519 E.0166
G1 X111.641 Y181.288 E.0166
G1 X111.514 Y181.009 E.0166
G1 X111.471 Y180.706 E.01659
G1 X111.515 Y180.403 E.01659
G1 X111.642 Y180.125 E.01658
G1 X111.843 Y179.894 E.01657
G1 X112.1 Y179.729 E.01657
G1 X112.393 Y179.643 E.01657
G1 X112.699 Y179.643 E.01657
; WIPE_START
G1 X112.992 Y179.729 E-.11618
G1 X113.25 Y179.894 E-.11619
G1 X113.45 Y180.125 E-.11624
G1 X113.578 Y180.403 E-.11628
G1 X113.621 Y180.706 E-.1163
G1 X113.578 Y181.009 E-.11635
G1 X113.51 Y181.159 E-.06245
; WIPE_END
G1 E-.04 F1800
M204 S10000
G17
G3 Z49.56 I.121 J-1.211 P1  F60000
G1 X108.501 Y180.659 Z49.56
G1 Z49.16
G1 E.8 F1800
G1 F7915.629
M204 S8000
G1 X108.516 Y180.556 E.00562
G1 X108.566 Y180.448 E.00649
G1 X108.654 Y180.345 E.00733
G1 X108.757 Y180.279 E.00663
G1 X108.878 Y180.244 E.00684
G1 X109.006 Y180.244 E.00691
G1 X109.176 Y179.647 E.03361
G1 X109.388 Y179.709 E.01196
G1 X109.647 Y179.874 E.01666
G1 X109.85 Y180.106 E.01671
G1 X109.98 Y180.386 E.01674
G1 X110.026 Y180.691 E.01674
G1 X109.984 Y180.997 E.01671
G1 X109.858 Y181.273 E.01644
G1 X109.659 Y181.504 E.01653
G1 X109.398 Y181.673 E.01686
G1 X109.103 Y181.76 E.01665
G1 X108.789 Y181.758 E.01703
G1 X108.495 Y181.668 E.0167
G1 X108.237 Y181.498 E.01674
G1 X108.037 Y181.263 E.01671
G1 X107.912 Y180.982 E.01667
G1 X107.871 Y180.679 E.0166
G1 X107.916 Y180.377 E.01653
G1 X108.04 Y180.109 E.01599
G1 X108.243 Y179.872 E.01695
G1 X108.498 Y179.709 E.01637
G1 X108.789 Y179.624 E.01646
G1 X109.094 Y179.623 E.01652
; WIPE_START
G1 X109.388 Y179.709 E-.11627
G1 X109.647 Y179.874 E-.11677
G1 X109.85 Y180.106 E-.11712
G1 X109.98 Y180.386 E-.11735
G1 X110.026 Y180.691 E-.1174
G1 X109.984 Y180.997 E-.11718
G1 X109.921 Y181.135 E-.05791
; WIPE_END
G1 E-.04 F1800
M204 S10000
G17
G3 Z49.56 I-.752 J-.957 P1  F60000
G1 X106.324 Y183.963 Z49.56
G1 Z49.16
G1 E.8 F1800
G1 F7915.629
M204 S8000
G1 X106.338 Y183.867 E.00525
G1 X106.391 Y183.751 E.0069
G1 X106.474 Y183.655 E.00689
G1 X106.581 Y183.587 E.0069
G1 X106.704 Y183.551 E.0069
G1 X106.831 Y183.55 E.00691
G1 X107.001 Y182.954 E.03361
G1 X107.213 Y183.016 E.01195
G1 X107.471 Y183.181 E.01659
G1 X107.672 Y183.412 E.01661
G1 X107.8 Y183.69 E.01662
G1 X107.845 Y183.994 E.01663
G1 X107.801 Y184.298 E.01663
G1 X107.674 Y184.577 E.01664
G1 X107.473 Y184.809 E.01664
G1 X107.215 Y184.974 E.01664
G1 X106.92 Y185.06 E.01663
G1 X106.613 Y185.059 E.01663
G1 X106.319 Y184.972 E.01662
G1 X106.062 Y184.805 E.01661
G1 X105.862 Y184.573 E.0166
G1 X105.736 Y184.295 E.01658
G1 X105.693 Y183.992 E.01657
G1 X105.737 Y183.69 E.01655
G1 X105.864 Y183.412 E.01654
G1 X106.064 Y183.182 E.01653
G1 X106.321 Y183.017 E.01654
G1 X106.614 Y182.931 E.01654
G1 X106.919 Y182.93 E.01656
; WIPE_START
G1 X107.213 Y183.016 E-.1162
G1 X107.471 Y183.181 E-.11633
G1 X107.672 Y183.412 E-.11644
G1 X107.8 Y183.69 E-.11651
G1 X107.845 Y183.994 E-.1166
G1 X107.801 Y184.298 E-.1166
G1 X107.735 Y184.444 E-.0613
; WIPE_END
G1 E-.04 F1800
M204 S10000
G17
G3 Z49.56 I-.91 J-.808 P1  F60000
G1 X104.894 Y187.645 Z49.56
G1 Z49.16
G1 E.8 F1800
G1 F7915.629
M204 S8000
G1 X104.907 Y187.552 E.00509
G1 X104.96 Y187.436 E.00693
G1 X105.043 Y187.339 E.00693
G1 X105.151 Y187.27 E.00694
G1 X105.274 Y187.233 E.00694
G1 X105.402 Y187.233 E.00694
G1 X105.573 Y186.637 E.03361
G1 X105.785 Y186.7 E.012
G1 X106.043 Y186.866 E.01661
G1 X106.243 Y187.098 E.01661
G1 X106.37 Y187.377 E.01661
G1 X106.413 Y187.68 E.0166
G1 X106.369 Y187.983 E.01659
G1 X106.241 Y188.261 E.01658
G1 X106.041 Y188.492 E.01658
G1 X105.783 Y188.657 E.01657
G1 X105.49 Y188.743 E.01656
G1 X105.185 Y188.742 E.01656
G1 X104.892 Y188.656 E.01656
G1 X104.634 Y188.492 E.01656
G1 X104.434 Y188.261 E.01657
G1 X104.307 Y187.983 E.01657
G1 X104.262 Y187.68 E.01658
G1 X104.305 Y187.377 E.01659
G1 X104.432 Y187.098 E.0166
G1 X104.632 Y186.866 E.01661
G1 X104.89 Y186.7 E.01661
G1 X105.184 Y186.613 E.01662
G1 X105.491 Y186.613 E.01662
; WIPE_START
G1 X105.785 Y186.7 E-.11651
G1 X106.043 Y186.866 E-.11648
G1 X106.243 Y187.098 E-.11649
G1 X106.37 Y187.377 E-.11644
G1 X106.413 Y187.68 E-.11639
G1 X106.369 Y187.983 E-.11634
G1 X106.302 Y188.13 E-.06134
; WIPE_END
G1 E-.04 F1800
M204 S10000
G17
G3 Z49.56 I-.542 J1.089 P1  F60000
G1 X109.638 Y189.791 Z49.56
G1 Z49.16
G1 E.8 F1800
G1 F7915.629
M204 S8000
G1 X109.651 Y189.7 E.00495
G1 X109.703 Y189.583 E.00695
G1 X109.787 Y189.485 E.00698
G1 X109.895 Y189.415 E.00699
G1 X110.019 Y189.378 E.00699
G1 X110.147 Y189.377 E.00698
G1 X110.315 Y188.78 E.03361
G1 X110.529 Y188.842 E.01204
G1 X110.788 Y189.007 E.01667
G1 X110.99 Y189.24 E.01667
G1 X111.117 Y189.519 E.01667
G1 X111.16 Y189.824 E.01666
G1 X111.115 Y190.128 E.01667
G1 X110.986 Y190.407 E.01666
G1 X110.784 Y190.638 E.01665
G1 X110.525 Y190.803 E.01663
G1 X110.231 Y190.888 E.01659
G1 X109.926 Y190.888 E.01656
G1 X109.633 Y190.801 E.01653
G1 X109.377 Y190.637 E.0165
G1 X109.178 Y190.407 E.0165
G1 X109.051 Y190.13 E.0165
G1 X109.007 Y189.829 E.01652
G1 X109.049 Y189.526 E.01655
G1 X109.175 Y189.247 E.01658
G1 X109.374 Y189.015 E.01662
M73 P83 R37
G1 X109.631 Y188.847 E.01665
G1 X109.926 Y188.758 E.01666
G1 X110.233 Y188.757 E.01667
; WIPE_START
G1 X110.529 Y188.842 E-.11685
G1 X110.788 Y189.007 E-.11685
G1 X110.99 Y189.24 E-.11685
G1 X111.117 Y189.519 E-.11686
G1 X111.16 Y189.824 E-.11684
G1 X111.115 Y190.128 E-.11688
G1 X111.05 Y190.269 E-.05888
; WIPE_END
G1 E-.04 F1800
M204 S10000
G17
G3 Z49.56 I1.18 J.296 P1  F60000
G1 X112.183 Y185.752 Z49.56
G1 Z49.16
G1 E.8 F1800
G1 F7915.629
M204 S8000
G1 X112.17 Y185.658 E.00513
G1 X112.188 Y185.532 E.00693
G1 X112.241 Y185.416 E.00692
G1 X112.325 Y185.319 E.00693
G1 X112.432 Y185.25 E.00692
G1 X112.555 Y185.214 E.00693
G1 X112.551 Y184.594 E.03361
G1 X112.772 Y184.594 E.01196
G1 X113.065 Y184.68 E.01659
G1 X113.323 Y184.846 E.01659
G1 X113.523 Y185.077 E.01659
G1 X113.65 Y185.355 E.01658
G1 X113.694 Y185.658 E.01658
G1 X113.65 Y185.961 E.01659
G1 X113.523 Y186.24 E.01658
G1 X113.323 Y186.471 E.01658
G1 X113.065 Y186.636 E.01659
G1 X112.772 Y186.723 E.01659
G1 X112.466 Y186.723 E.01659
G1 X112.172 Y186.637 E.01659
G1 X111.915 Y186.471 E.01659
G1 X111.714 Y186.24 E.01659
G1 X111.587 Y185.961 E.01659
G1 X111.543 Y185.658 E.01659
G1 X111.587 Y185.355 E.01659
G1 X111.714 Y185.077 E.01659
G1 X111.915 Y184.846 E.01659
G1 X112.172 Y184.68 E.01659
G1 X112.466 Y184.594 E.01659
; WIPE_START
G1 X112.772 Y184.594 E-.11629
G1 X113.065 Y184.68 E-.11629
G1 X113.323 Y184.846 E-.11628
G1 X113.523 Y185.077 E-.11629
G1 X113.65 Y185.355 E-.11627
G1 X113.694 Y185.658 E-.11627
G1 X113.67 Y185.821 E-.06231
; WIPE_END
G1 E-.04 F1800
M204 S10000
G17
G3 Z49.56 I-1.135 J-.438 P1  F60000
G1 X110.593 Y193.799 Z49.56
G1 Z49.16
G1 E.8 F1800
G1 F7915.629
M204 S8000
G1 X110.606 Y193.706 E.00509
G1 X110.659 Y193.589 E.00693
G1 X110.742 Y193.492 E.00694
G1 X110.85 Y193.423 E.00694
G1 X110.973 Y193.387 E.00693
G1 X111.101 Y193.387 E.00693
G1 X111.271 Y192.791 E.03361
G1 X111.484 Y192.853 E.01199
G1 X111.742 Y193.019 E.01661
G1 X111.942 Y193.251 E.01661
G1 X112.069 Y193.53 E.01661
G1 X112.112 Y193.833 E.0166
G1 X112.068 Y194.136 E.0166
G1 X111.94 Y194.414 E.01659
G1 X111.74 Y194.645 E.01658
G1 X111.482 Y194.81 E.01657
G1 X111.189 Y194.896 E.01656
G1 X110.884 Y194.896 E.01656
G1 X110.59 Y194.81 E.01656
G1 X110.333 Y194.645 E.01656
G1 X110.133 Y194.414 E.01657
G1 X110.005 Y194.136 E.01657
G1 X109.961 Y193.833 E.01658
G1 X110.005 Y193.53 E.01659
G1 X110.131 Y193.251 E.0166
G1 X110.331 Y193.02 E.01661
G1 X110.589 Y192.854 E.01661
G1 X110.883 Y192.767 E.01661
G1 X111.19 Y192.767 E.01661
; WIPE_START
G1 X111.484 Y192.853 E-.11649
G1 X111.742 Y193.019 E-.11649
G1 X111.942 Y193.251 E-.11647
G1 X112.069 Y193.53 E-.11644
G1 X112.112 Y193.833 E-.11639
G1 X112.068 Y194.136 E-.11635
G1 X112.001 Y194.283 E-.06138
; WIPE_END
G1 E-.04 F1800
M204 S10000
G17
G3 Z49.56 I-1.216 J-.038 P1  F60000
G1 X111.879 Y198.13 Z49.56
G1 Z49.16
G1 E.8 F1800
G1 F7915.629
M204 S8000
G1 X111.866 Y198.037 E.00512
G1 X111.884 Y197.91 E.00693
G1 X111.937 Y197.794 E.00693
G1 X112.021 Y197.698 E.00692
G1 X112.128 Y197.629 E.00693
G1 X112.251 Y197.593 E.00693
G1 X112.247 Y196.973 E.03361
G1 X112.468 Y196.973 E.01197
G1 X112.762 Y197.059 E.01659
G1 X113.019 Y197.225 E.01659
G1 X113.22 Y197.456 E.01659
G1 X113.347 Y197.734 E.01659
G1 X113.39 Y198.037 E.01658
G1 X113.346 Y198.34 E.01659
G1 X113.219 Y198.618 E.01658
G1 X113.019 Y198.85 E.01658
G1 X112.761 Y199.015 E.01658
G1 X112.468 Y199.101 E.01658
G1 X112.162 Y199.101 E.01658
G1 X111.868 Y199.015 E.01658
G1 X111.611 Y198.85 E.01659
G1 X111.41 Y198.619 E.01659
G1 X111.283 Y198.34 E.01659
G1 X111.239 Y198.037 E.01659
G1 X111.283 Y197.734 E.01659
G1 X111.41 Y197.456 E.01659
G1 X111.611 Y197.224 E.01659
G1 X111.868 Y197.059 E.0166
G1 X112.162 Y196.973 E.01659
; WIPE_START
G1 X112.468 Y196.973 E-.11634
G1 X112.762 Y197.059 E-.11633
G1 X113.019 Y197.225 E-.11633
G1 X113.22 Y197.456 E-.11629
G1 X113.347 Y197.734 E-.11631
G1 X113.39 Y198.037 E-.11627
G1 X113.367 Y198.199 E-.06215
; WIPE_END
G1 E-.04 F1800
M204 S10000
G17
G3 Z49.56 I.028 J-1.217 P1  F60000
G1 X106.403 Y198.041 Z49.56
G1 Z49.16
G1 E.8 F1800
G1 F7915.629
M204 S8000
G1 X106.389 Y197.948 E.00509
G1 X106.407 Y197.821 E.00694
G1 X106.461 Y197.705 E.00694
G1 X106.544 Y197.608 E.00693
G1 X106.652 Y197.539 E.00694
G1 X106.775 Y197.503 E.00694
G1 X106.772 Y196.883 E.03361
G1 X106.993 Y196.883 E.01199
G1 X107.287 Y196.97 E.0166
G1 X107.544 Y197.137 E.0166
G1 X107.744 Y197.368 E.01659
G1 X107.871 Y197.647 E.01657
G1 X107.914 Y197.949 E.01657
G1 X107.87 Y198.252 E.01656
G1 X107.743 Y198.529 E.01655
G1 X107.543 Y198.76 E.01655
G1 X107.286 Y198.925 E.01656
G1 X106.993 Y199.012 E.01656
G1 X106.687 Y199.012 E.01657
G1 X106.394 Y198.927 E.01658
G1 X106.136 Y198.762 E.01659
G1 X105.935 Y198.53 E.0166
G1 X105.807 Y198.252 E.01661
G1 X105.763 Y197.949 E.01662
G1 X105.806 Y197.645 E.01662
G1 X105.934 Y197.366 E.01662
G1 X106.134 Y197.134 E.01662
G1 X106.393 Y196.969 E.01662
G1 X106.687 Y196.883 E.01662
; WIPE_START
G1 X106.993 Y196.883 E-.11649
G1 X107.287 Y196.97 E-.11641
G1 X107.544 Y197.137 E-.11638
G1 X107.744 Y197.368 E-.11632
G1 X107.871 Y197.647 E-.1162
G1 X107.914 Y197.949 E-.11615
G1 X107.89 Y198.111 E-.06204
; WIPE_END
G1 E-.04 F1800
M204 S10000
G17
G3 Z49.56 I1.041 J-.63 P1  F60000
G1 X105.244 Y193.742 Z49.56
G1 Z49.16
G1 E.8 F1800
G1 F7915.629
M204 S8000
G1 X105.258 Y193.648 E.00515
G1 X105.311 Y193.532 E.00692
G1 X105.394 Y193.436 E.00692
G1 X105.502 Y193.366 E.00692
G1 X105.624 Y193.33 E.00692
G1 X105.752 Y193.33 E.00692
G1 X105.922 Y192.734 E.03361
G1 X106.134 Y192.796 E.01197
G1 X106.392 Y192.961 E.01659
G1 X106.593 Y193.193 E.0166
G1 X106.72 Y193.471 E.0166
G1 X106.764 Y193.774 E.0166
G1 X106.72 Y194.078 E.0166
G1 X106.593 Y194.356 E.0166
G1 X106.392 Y194.588 E.0166
G1 X106.135 Y194.753 E.0166
G1 X105.841 Y194.839 E.0166
G1 X105.535 Y194.839 E.01659
G1 X105.241 Y194.752 E.01659
G1 X104.984 Y194.587 E.01659
G1 X104.784 Y194.355 E.01658
G1 X104.657 Y194.077 E.01658
G1 X104.613 Y193.774 E.01658
G1 X104.657 Y193.472 E.01657
G1 X104.784 Y193.193 E.01657
G1 X104.984 Y192.962 E.01657
G1 X105.241 Y192.797 E.01658
G1 X105.535 Y192.711 E.01658
G1 X105.841 Y192.71 E.01658
; WIPE_START
G1 X106.134 Y192.796 E-.11629
G1 X106.392 Y192.961 E-.11633
G1 X106.593 Y193.193 E-.11636
G1 X106.72 Y193.471 E-.11637
G1 X106.764 Y193.774 E-.11638
G1 X106.72 Y194.078 E-.11639
G1 X106.653 Y194.226 E-.06188
; WIPE_END
G1 E-.04 F1800
M204 S10000
G17
G3 Z49.56 I-.347 J-1.166 P1  F60000
G1 X99.262 Y196.424 Z49.56
G1 Z49.16
G1 E.8 F1800
G1 F7915.629
M204 S8000
G1 X99.253 Y196.28 E.00782
G1 X99.145 Y195.957 E.01842
G1 X99.145 Y195.863 E.00511
G1 X99.181 Y195.752 E.00629
G1 X99.262 Y195.636 E.00767
G1 X99.388 Y195.534 E.0088
G1 X99.545 Y195.466 E.0093
G1 X99.713 Y195.443 E.00919
G1 X99.8 Y194.83 E.0336
G1 X100.026 Y194.862 E.01241
G1 X100.327 Y194.997 E.01786
G1 X100.543 Y195.195 E.01589
G1 X100.679 Y195.444 E.01535
G1 X100.726 Y195.723 E.01535
G1 X100.678 Y196.015 E.01601
G1 X100.538 Y196.287 E.01659
G1 X100.131 Y196.697 E.03132
G1 X100.242 Y197.517 E.04487
G1 X100.443 Y197.895 E.02318
G1 X100.489 Y198.18 E.01566
G1 X100.443 Y198.461 E.01541
G1 X100.308 Y198.714 E.01553
G1 X100.093 Y198.919 E.01612
G1 X99.859 Y199.035 E.01418
G1 X99.702 Y199.375 E.02028
G1 X99.475 Y199.632 E.01861
G1 X99.205 Y199.79 E.01694
G1 X98.914 Y199.848 E.01606
G1 X98.624 Y199.813 E.01586
G1 X98.364 Y199.699 E.01535
G1 X98.188 Y199.567 E.01198
G1 X97.952 Y199.279 E.02015
G1 X97.811 Y198.954 E.0192
G1 X97.753 Y198.595 E.01971
G1 X97.787 Y198.23 E.01989
G1 X97.909 Y197.89 E.01958
G1 X98.11 Y197.606 E.01883
G1 X98.37 Y197.403 E.01788
G1 X98.691 Y197.286 E.01849
G1 X98.639 Y196.398 E.04821
G1 X98.525 Y196.058 E.01942
G1 X98.525 Y195.766 E.01584
G1 X98.619 Y195.474 E.0166
G1 X98.803 Y195.21 E.01747
G1 X99.064 Y194.999 E.01818
G1 X99.378 Y194.863 E.01854
G1 X99.715 Y194.817 E.01846
; WIPE_START
G1 X100.026 Y194.862 E-.11945
G1 X100.327 Y194.997 E-.12523
G1 X100.543 Y195.195 E-.11142
G1 X100.679 Y195.444 E-.10759
G1 X100.726 Y195.723 E-.10762
G1 X100.678 Y196.015 E-.11226
G1 X100.586 Y196.194 E-.07644
; WIPE_END
G1 E-.04 F1800
M204 S10000
G17
G3 Z49.56 I1.158 J-.374 P1  F60000
G1 X98.533 Y189.838 Z49.56
G1 Z49.16
G1 E.8 F1800
G1 F7915.629
M204 S8000
G1 X98.594 Y189.704 E.008
G1 X98.712 Y189.559 E.01012
G1 X98.855 Y189.457 E.00953
G1 X99 Y189.402 E.00842
G1 X99.134 Y189.391 E.00727
G1 X99.228 Y188.778 E.0336
G1 X99.421 Y188.812 E.01061
G1 X99.687 Y188.945 E.01612
G1 X99.9 Y189.156 E.01628
G1 X100.043 Y189.435 E.01699
G1 X100.098 Y189.748 E.01722
G1 X100.266 Y190.392 E.03605
G1 X100.404 Y190.669 E.01681
G1 X100.45 Y190.959 E.0159
G1 X100.405 Y191.242 E.01556
G1 X100.273 Y191.496 E.01553
G1 X100.062 Y191.702 E.01594
G1 X99.789 Y191.841 E.01661
G1 X99.475 Y191.896 E.01728
G1 X99.15 Y191.862 E.01774
G1 X98.845 Y191.74 E.01778
G1 X98.592 Y191.543 E.01737
G1 X98.413 Y191.292 E.01671
G1 X98.316 Y190.993 E.01704
G1 X98.227 Y190.936 E.00573
G1 X98.023 Y190.69 E.01732
G1 X97.898 Y190.383 E.01794
G1 X97.861 Y190.042 E.01862
G1 X97.918 Y189.695 E.01905
G1 X98.063 Y189.375 E.01906
G1 X98.283 Y189.104 E.01891
G1 X98.56 Y188.906 E.01845
G1 X98.858 Y188.793 E.01731
G1 X99.144 Y188.765 E.01553
; WIPE_START
G1 X99.421 Y188.812 E-.10681
G1 X99.687 Y188.945 E-.11298
G1 X99.9 Y189.156 E-.11415
G1 X100.043 Y189.435 E-.11909
G1 X100.098 Y189.748 E-.12071
G1 X100.221 Y190.222 E-.18627
; WIPE_END
G1 E-.04 F1800
M204 S10000
G17
G3 Z49.56 I1.187 J-.269 P1  F60000
G1 X98.836 Y184.111 Z49.56
G1 Z49.16
G1 E.8 F1800
G1 F7915.629
M204 S8000
G1 X98.811 Y184.03 E.00464
G1 X98.811 Y183.921 E.00587
G1 X98.84 Y183.829 E.00523
G1 X98.891 Y183.759 E.00471
G1 X98.965 Y183.705 E.00498
G1 X99.067 Y183.672 E.00581
G1 X99.194 Y183.67 E.00688
G1 X99.356 Y183.071 E.03361
G1 X99.582 Y183.134 E.01272
G1 X99.857 Y183.303 E.0175
G1 X100.072 Y183.537 E.01721
G1 X100.206 Y183.814 E.01668
G1 X100.252 Y184.108 E.01612
G1 X100.207 Y184.393 E.01568
G1 X100.079 Y184.646 E.01535
G1 X99.841 Y184.872 E.01778
G1 X99.607 Y184.992 E.01422
G1 X99.306 Y185.045 E.01662
G1 X98.994 Y185.009 E.01698
G1 X98.706 Y184.884 E.01705
G1 X98.439 Y184.654 E.01908
G1 X98.282 Y184.418 E.01538
G1 X98.191 Y184.124 E.01669
G1 X98.191 Y183.825 E.01618
G1 X98.279 Y183.547 E.01579
G1 X98.446 Y183.315 E.0155
G1 X98.68 Y183.146 E.01566
G1 X98.963 Y183.054 E.01615
G1 X99.274 Y183.048 E.01681
; WIPE_START
G1 X99.582 Y183.134 E-.12158
G1 X99.857 Y183.303 E-.12267
G1 X100.072 Y183.537 E-.12065
G1 X100.206 Y183.814 E-.11697
G1 X100.252 Y184.108 E-.11301
G1 X100.207 Y184.393 E-.10992
G1 X100.141 Y184.523 E-.05519
; WIPE_END
G1 E-.04 F1800
M204 S10000
G17
G3 Z49.56 I1.171 J-.33 P1  F60000
G1 X98.993 Y180.454 Z49.56
G1 Z49.16
G1 E.8 F1800
G1 F7915.629
M204 S8000
G1 X99.029 Y180.317 E.00767
G1 X99.106 Y180.205 E.00739
G1 X99.223 Y180.11 E.00816
G1 X99.366 Y180.049 E.00843
G1 X99.516 Y180.03 E.00823
G1 X99.613 Y179.418 E.03361
G1 X99.843 Y179.455 E.01265
G1 X100.117 Y179.59 E.01659
G1 X100.329 Y179.794 E.01592
G1 X100.462 Y180.047 E.01548
G1 X100.508 Y180.329 E.0155
G1 X100.461 Y180.62 E.01597
G1 X100.323 Y180.897 E.01676
G1 X100.101 Y181.133 E.01756
G1 X99.815 Y181.304 E.01807
G1 X99.493 Y181.392 E.01808
G1 X99.17 Y181.388 E.01754
G1 X98.875 Y181.296 E.01675
G1 X98.634 Y181.128 E.01593
G1 X98.463 Y180.899 E.0155
G1 X98.373 Y180.628 E.01549
G1 X98.373 Y180.333 E.01595
G1 X98.466 Y180.042 E.01656
G1 X98.646 Y179.78 E.01722
G1 X98.899 Y179.574 E.01771
G1 X99.203 Y179.444 E.01791
G1 X99.528 Y179.404 E.01777
; WIPE_START
G1 X99.843 Y179.455 E-.12112
G1 X100.117 Y179.59 E-.11629
G1 X100.329 Y179.794 E-.11159
G1 X100.462 Y180.047 E-.10854
G1 X100.508 Y180.329 E-.10868
G1 X100.461 Y180.62 E-.11198
G1 X100.365 Y180.813 E-.08181
; WIPE_END
G1 E-.04 F1800
M204 S10000
G17
G3 Z49.56 I-1.138 J.432 P1  F60000
G1 X108.172 Y201.388 Z49.56
G1 Z49.16
G1 E.8 F1800
G1 F7915.629
M204 S8000
G1 X108.159 Y201.295 E.00512
G1 X108.177 Y201.168 E.00693
G1 X108.23 Y201.052 E.00693
G1 X108.314 Y200.955 E.00693
G1 X108.422 Y200.886 E.00692
G1 X108.544 Y200.85 E.00692
G1 X108.541 Y200.23 E.03361
G1 X108.762 Y200.231 E.01196
G1 X109.055 Y200.317 E.01658
G1 X109.312 Y200.482 E.01658
G1 X109.513 Y200.714 E.01658
G1 X109.64 Y200.992 E.01658
G1 X109.683 Y201.294 E.01658
G1 X109.64 Y201.597 E.01658
G1 X109.513 Y201.876 E.01658
G1 X109.313 Y202.107 E.01658
G1 X109.055 Y202.272 E.01658
G1 X108.762 Y202.359 E.01659
G1 X108.456 Y202.359 E.01659
G1 X108.162 Y202.273 E.0166
G1 X107.904 Y202.108 E.0166
G1 X107.703 Y201.876 E.0166
G1 X107.576 Y201.598 E.0166
G1 X107.533 Y201.295 E.0166
G1 X107.576 Y200.991 E.0166
G1 X107.704 Y200.713 E.0166
G1 X107.904 Y200.482 E.01659
G1 X108.162 Y200.316 E.01659
G1 X108.456 Y200.23 E.01659
; WIPE_START
G1 X108.762 Y200.231 E-.11628
G1 X109.055 Y200.317 E-.11625
G1 X109.312 Y200.482 E-.11624
G1 X109.513 Y200.714 E-.11621
G1 X109.64 Y200.992 E-.11623
G1 X109.683 Y201.294 E-.11621
G1 X109.66 Y201.458 E-.06259
; WIPE_END
G1 E-.04 F1800
M204 S10000
G17
G3 Z49.56 I-1.107 J.506 P1  F60000
G1 X110.827 Y204.011 Z49.56
G1 Z49.16
G1 E.8 F1800
G1 F7915.629
M204 S8000
G1 X110.813 Y203.918 E.00511
G1 X110.832 Y203.791 E.00693
G1 X110.885 Y203.675 E.00693
G1 X110.968 Y203.578 E.00693
G1 X111.076 Y203.509 E.00693
G1 X111.199 Y203.473 E.00693
G1 X111.196 Y202.853 E.03361
G1 X111.416 Y202.853 E.01197
G1 X111.71 Y202.94 E.01658
G1 X111.967 Y203.105 E.01658
G1 X112.167 Y203.337 E.01658
G1 X112.294 Y203.615 E.01657
G1 X112.338 Y203.918 E.01657
G1 X112.294 Y204.22 E.01657
G1 X112.167 Y204.498 E.01657
G1 X111.967 Y204.73 E.01658
G1 X111.71 Y204.895 E.01658
G1 X111.416 Y204.982 E.01658
G1 X111.11 Y204.982 E.01659
G1 X110.816 Y204.896 E.01659
G1 X110.559 Y204.731 E.0166
G1 X110.358 Y204.499 E.0166
G1 X110.231 Y204.221 E.0166
G1 X110.187 Y203.918 E.0166
G1 X110.231 Y203.614 E.0166
G1 X110.358 Y203.336 E.0166
G1 X110.559 Y203.104 E.0166
G1 X110.816 Y202.939 E.0166
G1 X111.11 Y202.853 E.0166
; WIPE_START
G1 X111.416 Y202.853 E-.1163
G1 X111.71 Y202.94 E-.11627
G1 X111.967 Y203.105 E-.11626
G1 X112.167 Y203.337 E-.11621
G1 X112.294 Y203.615 E-.11621
G1 X112.338 Y203.918 E-.11618
G1 X112.314 Y204.081 E-.06257
; WIPE_END
G1 E-.04 F1800
M204 S10000
G17
G3 Z49.56 I-1.121 J-.475 P1  F60000
G1 X110.739 Y207.798 Z49.56
G1 Z49.16
G1 E.8 F1800
G1 F7915.629
M204 S8000
G1 X110.753 Y207.705 E.00512
G1 X110.805 Y207.588 E.00692
G1 X110.889 Y207.492 E.00693
G1 X110.997 Y207.423 E.00692
G1 X111.119 Y207.387 E.00693
G1 X111.247 Y207.387 E.00693
G1 X111.418 Y206.79 E.03361
G1 X111.63 Y206.853 E.01198
G1 X111.887 Y207.018 E.0166
G1 X112.088 Y207.25 E.0166
G1 X112.215 Y207.528 E.0166
G1 X112.259 Y207.831 E.0166
G1 X112.215 Y208.134 E.0166
G1 X112.087 Y208.413 E.01659
G1 X111.887 Y208.644 E.01659
G1 X111.629 Y208.809 E.01658
G1 X111.336 Y208.895 E.01658
G1 X111.03 Y208.895 E.01658
G1 X110.736 Y208.809 E.01658
G1 X110.479 Y208.644 E.01657
G1 X110.279 Y208.412 E.01658
G1 X110.152 Y208.134 E.01658
G1 X110.108 Y207.831 E.01658
G1 X110.151 Y207.529 E.01658
G1 X110.278 Y207.25 E.01658
G1 X110.479 Y207.019 E.01659
G1 X110.736 Y206.853 E.01659
G1 X111.03 Y206.767 E.0166
G1 X111.336 Y206.766 E.0166
; WIPE_START
G1 X111.63 Y206.853 E-.11637
G1 X111.887 Y207.018 E-.11638
G1 X112.088 Y207.25 E-.11637
G1 X112.215 Y207.528 E-.11637
G1 X112.259 Y207.831 E-.11635
G1 X112.215 Y208.134 E-.11635
G1 X112.147 Y208.282 E-.06182
; WIPE_END
G1 E-.04 F1800
M204 S10000
G17
G3 Z49.56 I.224 J-1.196 P1  F60000
G1 X105.454 Y207.031 Z49.56
G1 Z49.16
G1 E.8 F1800
G1 F7915.629
M204 S8000
G1 X105.467 Y206.939 E.00503
G1 X105.52 Y206.822 E.00695
G1 X105.604 Y206.724 E.00696
G1 X105.711 Y206.655 E.00695
G1 X105.834 Y206.618 E.00695
G1 X105.962 Y206.618 E.00695
G1 X106.132 Y206.022 E.03361
G1 X106.345 Y206.084 E.01202
G1 X106.603 Y206.25 E.01664
G1 X106.804 Y206.483 E.01664
G1 X106.931 Y206.762 E.01664
G1 X106.974 Y207.066 E.01663
G1 X106.929 Y207.369 E.01662
G1 X106.801 Y207.648 E.01661
G1 X106.6 Y207.878 E.01659
G1 X106.342 Y208.043 E.01657
G1 X106.049 Y208.129 E.01655
G1 X105.744 Y208.128 E.01653
G1 X105.452 Y208.042 E.01653
G1 X105.195 Y207.878 E.01652
G1 X104.995 Y207.648 E.01654
G1 X104.867 Y207.37 E.01655
G1 X104.823 Y207.068 E.01657
G1 X104.865 Y206.764 E.01659
G1 X104.992 Y206.485 E.01661
G1 X105.192 Y206.253 E.01663
G1 X105.449 Y206.086 E.01663
G1 X105.743 Y205.998 E.01664
G1 X106.051 Y205.998 E.01664
; WIPE_START
G1 X106.345 Y206.084 E-.11667
G1 X106.603 Y206.25 E-.11668
G1 X106.804 Y206.483 E-.11668
G1 X106.931 Y206.762 E-.11665
G1 X106.974 Y207.066 E-.11661
G1 X106.929 Y207.369 E-.11655
G1 X106.863 Y207.513 E-.06016
; WIPE_END
G1 E-.04 F1800
M204 S10000
G17
G3 Z49.56 I1.1 J-.521 P1  F60000
G1 X104.716 Y202.987 Z49.56
G1 Z49.16
G1 E.8 F1800
G1 F7915.629
M204 S8000
G1 X104.73 Y202.893 E.00513
G1 X104.783 Y202.777 E.00693
G1 X104.867 Y202.681 E.00692
G1 X104.974 Y202.612 E.00692
G1 X105.097 Y202.576 E.00693
G1 X105.224 Y202.576 E.00692
G1 X105.395 Y201.98 E.03361
G1 X105.607 Y202.042 E.01196
G1 X105.865 Y202.207 E.01659
G1 X106.065 Y202.438 E.01659
G1 X106.192 Y202.717 E.01659
G1 X106.236 Y203.02 E.01659
G1 X106.192 Y203.323 E.01659
G1 X106.065 Y203.601 E.01659
G1 X105.865 Y203.832 E.01659
G1 X105.607 Y203.998 E.01659
G1 X105.314 Y204.084 E.01659
G1 X105.007 Y204.084 E.01659
G1 X104.714 Y203.998 E.01659
G1 X104.456 Y203.832 E.01659
G1 X104.256 Y203.601 E.01659
G1 X104.129 Y203.323 E.01659
G1 X104.085 Y203.02 E.01659
G1 X104.129 Y202.717 E.01658
G1 X104.256 Y202.438 E.01659
G1 X104.456 Y202.207 E.01659
G1 X104.714 Y202.042 E.01658
G1 X105.007 Y201.956 E.01659
G1 X105.313 Y201.956 E.01659
; WIPE_START
G1 X105.607 Y202.042 E-.11629
G1 X105.865 Y202.207 E-.11631
G1 X106.065 Y202.438 E-.11629
G1 X106.192 Y202.717 E-.11631
G1 X106.236 Y203.02 E-.1163
G1 X106.192 Y203.323 E-.11632
G1 X106.124 Y203.472 E-.06219
; WIPE_END
G1 E-.04 F1800
M204 S10000
G17
G3 Z49.56 I-.274 J-1.186 P1  F60000
G1 X98.977 Y205.123 Z49.56
G1 Z49.16
G1 E.8 F1800
G1 F7915.629
M204 S8000
G1 X99.012 Y204.974 E.00832
G1 X99.088 Y204.862 E.0073
G1 X99.2 Y204.771 E.0078
G1 X99.334 Y204.714 E.0079
G1 X99.472 Y204.698 E.00756
G1 X99.574 Y204.087 E.03361
G1 X99.797 Y204.126 E.01225
G1 X100.065 Y204.262 E.0163
G1 X100.272 Y204.468 E.01583
G1 X100.403 Y204.724 E.01558
G1 X100.448 Y205.008 E.0156
G1 X100.403 Y205.3 E.01598
G1 X100.268 Y205.574 E.01656
G1 X100.047 Y205.809 E.01748
G1 X99.773 Y205.973 E.01732
G1 X99.46 Y206.058 E.01758
G1 X99.143 Y206.053 E.01718
G1 X98.853 Y205.96 E.01649
G1 X98.615 Y205.791 E.01584
G1 X98.446 Y205.561 E.01548
G1 X98.357 Y205.287 E.01561
G1 X98.357 Y204.991 E.01603
G1 X98.448 Y204.7 E.01656
G1 X98.626 Y204.439 E.01712
G1 X98.876 Y204.235 E.01745
G1 X99.173 Y204.109 E.01752
G1 X99.49 Y204.072 E.0173
; WIPE_START
G1 X99.797 Y204.126 E-.11826
G1 X100.065 Y204.262 E-.11431
G1 X100.272 Y204.468 E-.11099
G1 X100.403 Y204.724 E-.1092
G1 X100.448 Y205.008 E-.1094
G1 X100.403 Y205.3 E-.11206
G1 X100.303 Y205.502 E-.08578
; WIPE_END
G1 E-.04 F1800
M204 S10000
G17
G3 Z49.56 I-1.117 J-.483 P1  F60000
G1 X99.127 Y208.217 Z49.56
G1 Z49.16
G1 E.8 F1800
G1 F7915.629
M204 S8000
G1 X99.154 Y208.112 E.00589
G1 X99.205 Y208.043 E.00463
G1 X99.291 Y207.984 E.00569
G1 X99.414 Y207.945 E.00698
G1 X99.572 Y207.943 E.00857
G1 X99.729 Y207.343 E.0336
G1 X99.968 Y207.405 E.01336
G1 X100.255 Y207.573 E.01801
G1 X100.477 Y207.806 E.01744
G1 X100.615 Y208.079 E.0166
G1 X100.661 Y208.368 E.01586
G1 X100.616 Y208.649 E.01545
G1 X100.482 Y208.903 E.01552
G1 X100.269 Y209.108 E.01603
G1 X99.991 Y209.245 E.01677
G1 X99.673 Y209.298 E.01748
G1 X99.344 Y209.26 E.01795
G1 X99.037 Y209.132 E.01803
G1 X98.784 Y208.93 E.01758
G1 X98.593 Y208.647 E.01849
G1 X98.507 Y208.381 E.01514
G1 X98.507 Y208.09 E.01578
G1 X98.597 Y207.82 E.01544
G1 X98.77 Y207.591 E.01555
G1 X99.015 Y207.42 E.01617
G1 X99.315 Y207.326 E.017
G1 X99.647 Y207.321 E.018
; WIPE_START
G1 X99.968 Y207.405 E-.12607
G1 X100.255 Y207.573 E-.1263
G1 X100.477 Y207.806 E-.12224
G1 X100.615 Y208.079 E-.11639
G1 X100.661 Y208.368 E-.11117
G1 X100.616 Y208.649 E-.10832
G1 X100.555 Y208.764 E-.04951
; WIPE_END
G1 E-.04 F1800
M204 S10000
G17
G3 Z49.56 I-1.06 J-.598 P1  F60000
G1 X98.893 Y211.711 Z49.56
G1 Z49.16
G1 E.8 F1800
G1 F7915.629
M204 S8000
G1 X98.863 Y211.616 E.00539
G1 X98.862 Y211.5 E.00631
G1 X98.89 Y211.415 E.00482
G1 X98.938 Y211.349 E.00443
G1 X99.013 Y211.297 E.00495
G1 X99.114 Y211.265 E.00574
G1 X99.258 Y211.264 E.00781
G1 X99.425 Y210.667 E.03361
G1 X99.659 Y210.734 E.01323
G1 X99.944 Y210.911 E.01814
G1 X100.166 Y211.152 E.01775
G1 X100.304 Y211.434 E.01703
G1 X100.351 Y211.728 E.01617
G1 X100.305 Y212.012 E.01559
G1 X100.173 Y212.265 E.01545
G1 X99.964 Y212.467 E.01576
G1 X99.693 Y212.6 E.01636
G1 X99.383 Y212.648 E.01699
G1 X99.062 Y212.606 E.01754
G1 X98.763 Y212.473 E.01775
G1 X98.512 Y212.265 E.01769
G1 X98.333 Y211.999 E.01734
G1 X98.244 Y211.713 E.01622
G1 X98.242 Y211.404 E.01674
G1 X98.33 Y211.13 E.01562
G1 X98.498 Y210.901 E.01541
G1 X98.735 Y210.734 E.01571
G1 X99.017 Y210.646 E.01602
G1 X99.343 Y210.643 E.01763
; WIPE_START
G1 X99.659 Y210.734 E-.12515
G1 X99.944 Y210.911 E-.12719
G1 X100.166 Y211.152 E-.12444
G1 X100.304 Y211.434 E-.11941
G1 X100.351 Y211.728 E-.1134
G1 X100.305 Y212.012 E-.10933
G1 X100.255 Y212.108 E-.04108
; WIPE_END
G1 E-.04 F1800
M204 S10000
G17
G3 Z49.56 I-1.204 J.175 P1  F60000
G1 X101.064 Y217.657 Z49.56
G1 Z49.16
G1 E.8 F1800
G1 F7915.629
M204 S8000
G1 X101.009 Y217.504 E.00877
G1 X100.99 Y217.309 E.01062
G1 X101.017 Y217.14 E.00929
G1 X101.061 Y217.04 E.00594
G1 X101.131 Y216.948 E.00623
G1 X101.21 Y216.889 E.00534
G1 X101.301 Y216.857 E.00526
G1 X101.417 Y216.857 E.00627
G1 X101.597 Y216.263 E.03362
G1 X101.846 Y216.346 E.01421
G1 X102.131 Y216.552 E.01905
G1 X102.354 Y216.831 E.0194
G1 X102.47 Y217.09 E.01537
G1 X102.944 Y217.464 E.03272
G1 X103.02 Y217.77 E.01709
G1 X103.424 Y218.057 E.02681
G1 X103.632 Y218.312 E.01785
G1 X103.757 Y218.599 E.01697
G1 X103.798 Y218.904 E.0167
G1 X103.749 Y219.203 E.01643
G1 X103.616 Y219.467 E.01601
G1 X103.41 Y219.681 E.01611
G1 X103.157 Y219.825 E.01579
G1 X102.855 Y219.899 E.01685
G1 X102.524 Y219.89 E.01793
G1 X102.197 Y219.791 E.0185
G1 X101.904 Y219.608 E.01872
G1 X101.673 Y219.357 E.01851
G1 X101.513 Y219.038 E.01934
G1 X101.032 Y218.557 E.03687
G1 X100.729 Y218.29 E.02188
G1 X100.523 Y217.985 E.02001
G1 X100.399 Y217.641 E.01979
G1 X100.365 Y217.289 E.01915
G1 X100.418 Y216.964 E.01788
G1 X100.523 Y216.723 E.01423
G1 X100.69 Y216.504 E.01493
G1 X100.916 Y216.335 E.01531
G1 X101.196 Y216.238 E.01608
G1 X101.516 Y216.237 E.01733
; WIPE_START
G1 X101.846 Y216.346 E-.132
G1 X102.131 Y216.552 E-.13359
G1 X102.354 Y216.831 E-.136
G1 X102.47 Y217.09 E-.10773
G1 X102.944 Y217.464 E-.22942
G1 X102.957 Y217.519 E-.02126
; WIPE_END
G1 E-.04 F1800
M204 S10000
G17
G3 Z49.56 I.812 J.907 P1  F60000
G1 X105.547 Y215.199 Z49.56
G1 Z49.16
G1 E.8 F1800
G1 F7915.629
M204 S8000
G1 X105.477 Y215.087 E.00715
G1 X105.431 Y214.935 E.00863
G1 X105.431 Y214.811 E.00672
G1 X105.456 Y214.734 E.00441
G1 X105.505 Y214.668 E.00444
G1 X105.556 Y214.634 E.00331
G1 X105.661 Y214.606 E.0059
G1 X105.684 Y213.987 E.03361
G1 X106.03 Y214.021 E.01883
G1 X106.227 Y213.99 E.01085
G1 X106.518 Y214.032 E.01591
G1 X106.771 Y214.16 E.0154
G1 X106.971 Y214.365 E.01549
G1 X107.101 Y214.632 E.0161
G1 X107.147 Y214.943 E.01705
G1 X107.1 Y215.27 E.01788
G1 X106.962 Y215.579 E.01838
G1 X106.735 Y215.847 E.01903
G1 X106.638 Y215.927 E.00682
G1 X106.368 Y216.078 E.01675
G1 X106.087 Y216.131 E.0155
G1 X105.797 Y216.093 E.01584
G1 X105.355 Y215.884 E.0265
G1 X105.095 Y215.644 E.01917
G1 X104.907 Y215.347 E.01905
G1 X104.811 Y215.026 E.01815
G1 X104.811 Y214.713 E.01695
G1 X104.897 Y214.447 E.01519
G1 X105.072 Y214.211 E.0159
G1 X105.3 Y214.06 E.01482
G1 X105.599 Y213.982 E.01675
; WIPE_START
G1 X106.03 Y214.021 E-.16439
G1 X106.227 Y213.99 E-.07608
G1 X106.518 Y214.032 E-.11153
G1 X106.771 Y214.16 E-.10796
G1 X106.971 Y214.365 E-.10862
G1 X107.101 Y214.632 E-.11291
G1 X107.131 Y214.836 E-.0785
; WIPE_END
G1 E-.04 F1800
M204 S10000
G17
G3 Z49.56 I-.133 J1.21 P1  F60000
G1 X111.446 Y215.312 Z49.56
G1 Z49.16
G1 E.8 F1800
G1 F7915.629
M204 S8000
G1 X111.525 Y215.216 E.00672
G1 X111.575 Y215.041 E.00989
G1 X111.688 Y214.844 E.01229
G1 X111.82 Y214.714 E.01007
G1 X111.94 Y214.65 E.00733
G1 X112.03 Y214.635 E.00495
G1 X112.115 Y214.021 E.03362
G1 X112.305 Y214.054 E.01045
G1 X112.552 Y214.193 E.01533
G1 X112.747 Y214.413 E.01595
G1 X112.876 Y214.7 E.01703
G1 X112.92 Y215.029 E.01801
G1 X112.875 Y215.371 E.01868
G1 X112.741 Y215.695 E.01904
G1 X112.528 Y215.972 E.01891
G1 X112.267 Y216.173 E.01789
G1 X112.196 Y216.613 E.02412
G1 X112.057 Y216.906 E.01758
G1 X111.843 Y217.15 E.01761
G1 X111.573 Y217.325 E.01746
G1 X111.27 Y217.418 E.01718
G1 X110.959 Y217.425 E.01683
G1 X110.666 Y217.346 E.01644
G1 X110.412 Y217.191 E.01615
G1 X110.214 Y216.971 E.01604
G1 X110.087 Y216.702 E.01613
G1 X110.04 Y216.402 E.01642
G1 X110.079 Y216.095 E.01681
G1 X110.203 Y215.802 E.01724
G1 X110.406 Y215.548 E.01762
G1 X110.502 Y215.48 E.00638
G1 X110.965 Y214.921 E.03931
G1 X111 Y214.798 E.00696
G1 X111.193 Y214.462 E.02097
G1 X111.449 Y214.209 E.01955
G1 X111.738 Y214.056 E.01771
G1 X112.031 Y214.006 E.01612
; WIPE_START
G1 X112.305 Y214.054 E-.10569
G1 X112.552 Y214.193 E-.10751
G1 X112.747 Y214.413 E-.11183
G1 X112.876 Y214.7 E-.11943
G1 X112.92 Y215.029 E-.1263
G1 X112.875 Y215.371 E-.13096
G1 X112.816 Y215.512 E-.05829
; WIPE_END
G1 E-.04 F1800
M204 S10000
G17
G3 Z49.56 I-1.015 J-.672 P1  F60000
G1 X108.749 Y221.651 Z49.56
G1 Z49.16
G1 E.8 F1800
G1 F7915.629
M204 S8000
G1 X108.971 Y221.559 E.01303
G1 X109.153 Y221.202 E.02174
G1 X109.256 Y221.094 E.00806
G1 X109.396 Y221.013 E.00877
G1 X109.552 Y220.971 E.00879
G1 X109.56 Y220.351 E.0336
G1 X109.771 Y220.353 E.01143
G1 X110.097 Y220.443 E.01832
G1 X110.463 Y220.653 E.02289
G1 X110.685 Y220.881 E.01721
G1 X110.832 Y221.16 E.01713
G1 X110.88 Y221.453 E.0161
G1 X110.83 Y221.74 E.01575
G1 X110.682 Y222.006 E.0165
G1 X110.448 Y222.222 E.01725
G1 X110.158 Y222.373 E.01773
G1 X109.799 Y222.477 E.02025
G1 X109.468 Y222.489 E.018
G1 X109.128 Y222.407 E.01896
G1 X108.772 Y222.526 E.0203
G1 X108.217 Y222.957 E.03813
G1 X107.934 Y223.284 E.02346
G1 X107.639 Y223.485 E.01932
G1 X107.316 Y223.599 E.01857
G1 X106.962 Y223.62 E.01919
G1 X106.778 Y223.582 E.01018
G1 X106.557 Y223.497 E.01286
G1 X106.32 Y223.316 E.01615
G1 X106.169 Y223.114 E.01366
G1 X106.079 Y222.868 E.01423
G1 X106.053 Y222.598 E.0147
G1 X106.087 Y222.339 E.01412
G1 X106.216 Y222.026 E.01838
G1 X106.429 Y221.744 E.01912
G1 X106.713 Y221.52 E.01958
G1 X107.042 Y221.377 E.0195
G1 X107.387 Y221.329 E.01885
G1 X107.764 Y221.388 E.02067
G1 X108.523 Y221.074 E.04452
G1 X108.642 Y220.84 E.01423
G1 X108.867 Y220.603 E.01774
G1 X109.155 Y220.435 E.01807
G1 X109.475 Y220.35 E.01791
; WIPE_START
G1 X109.771 Y220.353 E-.11253
G1 X110.097 Y220.443 E-.12844
G1 X110.463 Y220.653 E-.16049
G1 X110.685 Y220.881 E-.12067
G1 X110.832 Y221.16 E-.1201
G1 X110.88 Y221.453 E-.1129
G1 X110.878 Y221.466 E-.00487
; WIPE_END
G1 E-.04 F1800
M204 S10000
G17
G3 Z49.56 I.053 J-1.216 P1  F60000
G1 X100.2 Y221 Z49.56
G1 Z49.16
G1 E.8 F1800
G1 F7915.629
M204 S8000
G1 X100.235 Y220.913 E.00507
G1 X100.346 Y220.762 E.01017
G1 X100.492 Y220.645 E.01016
G1 X100.651 Y220.576 E.0094
G1 X100.799 Y220.557 E.00809
G1 X100.899 Y219.945 E.03361
G1 X101.096 Y219.98 E.01083
G1 X101.402 Y220.137 E.01866
G1 X101.609 Y220.362 E.01659
G1 X101.74 Y220.657 E.01747
G1 X101.779 Y220.994 E.01839
G1 X101.719 Y221.341 E.01911
G1 X101.568 Y221.666 E.01941
G1 X101.34 Y221.937 E.01919
G1 X101.059 Y222.132 E.01852
G1 X100.75 Y222.241 E.01777
G1 X100.491 Y222.258 E.01406
G1 X100.422 Y222.256 E.00373
G1 X100.103 Y222.165 E.01796
G1 X99.847 Y221.992 E.01677
G1 X99.68 Y221.784 E.01447
G1 X99.569 Y221.527 E.01518
G1 X99.526 Y221.253 E.01504
G1 X99.563 Y220.927 E.01777
G1 X99.688 Y220.611 E.01844
G1 X99.895 Y220.33 E.01892
G1 X100.169 Y220.109 E.01905
G1 X100.485 Y219.972 E.0187
G1 X100.815 Y219.93 E.01802
; COOLING_NODE: 0
; WIPE_START
G1 X101.096 Y219.98 E-.10833
G1 X101.402 Y220.137 E-.1308
G1 X101.609 Y220.362 E-.11633
G1 X101.74 Y220.657 E-.12248
G1 X101.779 Y220.994 E-.12892
G1 X101.719 Y221.341 E-.13398
G1 X101.698 Y221.387 E-.01915
; WIPE_END
G1 E-.04 F1800
M204 S10000
G17
G3 Z49.56 I.93 J.785 P1  F60000
G1 X121.794 Y197.593 Z49.56
G1 Z49.16
G1 E.8 F1800
; FEATURE: Other object
; LINE_WIDTH: 0.45
G1 F11292.473
M204 S8000
G1 X122.607 Y197.593 E.03089
G1 X122.607 Y201.593 E.15197
G1 X125.994 Y201.593 E.12868
G1 X125.994 Y190.493 E.42172
G1 X130.807 Y190.493 E.18286
G1 X130.807 Y213.257 E.86483
G1 X125.994 Y213.257 E.18286
G1 X125.994 Y211.407 E.07029
G1 X122.607 Y211.407 E.12868
G1 X122.607 Y212.157 E.02849
G1 X121.794 Y212.157 E.03089
G1 X121.794 Y197.653 E.55101
; COOLING_NODE: 0
; WIPE_START
G1 X122.607 Y197.593 E-.30979
G1 X122.607 Y198.778 E-.45021
; WIPE_END
G1 E-.04 F1800
M204 S10000
G1 X120.943 Y191.329 Z49.56 F60000
G1 X102.807 Y110.093 Z49.56
G1 Z49.16
G1 E.8 F1800
G1 F11292.473
M204 S8000
G1 X119.993 Y110.093 E.65298
G1 X119.994 Y97.976 E.46037
G1 X120.011 Y97.787 E.00722
G1 X120.081 Y97.515 E.01065
G1 X120.24 Y97.206 E.01323
G1 X120.444 Y96.97 E.01183
G1 X120.729 Y96.765 E.01333
G1 X120.883 Y96.693 E.00646
G1 X121.093 Y96.631 E.00833
G1 X121.64 Y96.792 E.02168
G1 X122.845 Y97.269 E.04921
G1 X123.31 Y97.408 E.01844
G1 X123.818 Y97.485 E.01954
G1 X124.383 Y97.441 E.02154
G1 X125.054 Y97.154 E.02771
G1 X125.381 Y96.593 E.02464
G1 X125.619 Y96.593 E.00907
G1 X125.783 Y96.734 E.00821
G1 X126.276 Y97.257 E.02728
G1 X126.812 Y97.54 E.02303
G1 X127.305 Y97.692 E.01961
G1 X127.783 Y97.768 E.01838
G1 X128.255 Y97.785 E.01796
G1 X128.729 Y97.744 E.01807
G1 X129.212 Y97.638 E.01877
G1 X129.717 Y97.441 E.02061
G1 X130.277 Y97.062 E.02568
G1 X130.569 Y96.593 E.02098
G1 X130.824 Y96.593 E.00969
G1 X131.133 Y96.852 E.01528
G1 X131.734 Y97.088 E.02456
G1 X132.307 Y97.074 E.02178
G1 X132.78 Y96.977 E.01835
G1 X133.586 Y96.749 E.0318
G1 X133.877 Y96.684 E.01136
G1 X134.16 Y96.818 E.01187
G1 X134.352 Y96.968 E.00925
G1 X134.497 Y97.122 E.00805
G1 X134.631 Y97.325 E.00923
G1 X134.72 Y97.52 E.00816
G1 X134.777 Y97.722 E.00795
G1 X134.804 Y97.937 E.00826
G1 X134.806 Y111.906 E.53073
G1 X124.807 Y111.906 E.37992
G1 X124.807 Y112.056 E.0057
G1 X124.311 Y112.056 E.01884
G1 X124.311 Y130.743 E.70997
G1 X124.807 Y130.743 E.01884
G1 X124.807 Y171.807 E1.56009
G1 X124.311 Y171.807 E.01884
G1 X124.311 Y189.907 E.68767
G1 X119.994 Y189.907 E.16402
G1 X119.994 Y176.907 E.4939
G1 X98.284 Y176.907 E.82479
G1 X98.293 Y170.093 E.25885
G1 X101.993 Y170.093 E.1406
G1 X101.993 Y147.273 E.86699
G1 X119.993 Y147.273 E.68387
G1 X119.993 Y111.906 E1.34368
G1 X100.993 Y111.906 E.72186
G1 X100.993 Y99.843 E.45831
G1 X102.807 Y99.843 E.06888
G1 X102.807 Y110.033 E.38714
; COOLING_NODE: 0
M204 S250
G1 X103.19 Y109.71 F60000
; FEATURE: Other object
; LINE_WIDTH: 0.42
G1 F12000
M204 S5000
G1 X119.61 Y109.71 E.57687
G1 X119.611 Y97.959 E.41283
G1 X119.666 Y97.559 E.0142
G1 X119.807 Y97.184 E.01409
G1 X120.034 Y96.844 E.01434
G1 X120.183 Y96.688 E.00757
G1 X120.355 Y96.547 E.00783
G1 X120.545 Y96.428 E.00786
G1 X120.739 Y96.337 E.00755
G1 X121.099 Y96.238 E.0131
G1 X121.769 Y96.431 E.02452
G1 X122.971 Y96.906 E.04539
G1 X123.394 Y97.033 E.01552
G1 X123.832 Y97.099 E.01558
G1 X124.291 Y97.064 E.01615
G1 X124.786 Y96.851 E.01895
G1 X125.16 Y96.21 E.02608
G1 X125.762 Y96.21 E.02113
G1 X126.049 Y96.457 E.0133
G1 X126.511 Y96.948 E.02368
G1 X126.959 Y97.184 E.0178
G1 X127.392 Y97.318 E.01592
G1 X127.82 Y97.386 E.01521
G1 X128.245 Y97.401 E.01496
G1 X128.671 Y97.364 E.01503
G1 X129.101 Y97.27 E.01544
G1 X129.538 Y97.1 E.01649
G1 X129.994 Y96.79 E.01938
G1 X130.356 Y96.21 E.02402
G1 X130.964 Y96.21 E.02133
G1 X131.331 Y96.518 E.01684
G1 X131.802 Y96.703 E.01779
G1 X132.264 Y96.692 E.01621
G1 X132.69 Y96.605 E.01527
G1 X133.491 Y96.377 E.02928
G1 X133.902 Y96.286 E.01478
G1 X134.137 Y96.369 E.00875
G1 X134.37 Y96.496 E.00933
G1 X134.611 Y96.683 E.01073
G1 X134.799 Y96.884 E.00963
G1 X134.968 Y97.138 E.01072
G1 X135.082 Y97.388 E.00967
G1 X135.154 Y97.646 E.00939
G1 X135.188 Y97.913 E.00948
G1 X135.19 Y112.29 E.50509
G1 X125.19 Y112.29 E.35132
G1 X125.19 Y112.44 E.00527
G1 X124.694 Y112.44 E.01742
G1 X124.694 Y130.36 E.62957
G1 X125.19 Y130.36 E.01742
G1 X125.19 Y172.19 E1.46959
G1 X124.694 Y172.19 E.01742
G1 X124.694 Y190.11 E.62957
G1 X131.19 Y190.11 E.22821
G1 X131.19 Y213.64 E.82667
G1 X125.61 Y213.64 E.19604
G1 X125.61 Y211.79 E.06499
G1 X122.99 Y211.79 E.09205
G1 X122.99 Y212.54 E.02635
G1 X121.41 Y212.54 E.05551
G1 X121.41 Y197.21 E.53858
G1 X122.99 Y197.21 E.05551
G1 X122.99 Y201.21 E.14053
G1 X125.61 Y201.21 E.09205
G1 X125.61 Y190.29 E.38365
G1 X119.61 Y190.29 E.21079
G1 X119.61 Y177.29 E.45672
G1 X97.9 Y177.29 E.76272
G1 X97.91 Y169.71 E.2663
G1 X101.61 Y169.71 E.13
G1 X101.61 Y146.89 E.80172
G1 X119.61 Y146.89 E.63238
G1 X119.61 Y112.29 E1.21558
G1 X100.61 Y112.29 E.66752
G1 X100.61 Y99.46 E.45075
G1 X103.19 Y99.46 E.09064
G1 X103.19 Y109.65 E.358
; WIPE_START
M204 S8000
G1 X105.19 Y109.657 E-.76
; WIPE_END
G1 E-.04 F1800
M204 S10000
G1 X105.956 Y110.434 Z49.56 F60000
G1 Z49.16
G1 E.8 F1800
; FEATURE: Other object
; LINE_WIDTH: 0.45
G1 F11292.473
M204 S8000
G1 X107.55 Y110.434 E.06056
G1 X108.681 Y111.566 E.06077
G1 X107.867 Y111.566 E.03094
G1 X108.998 Y110.434 E.06077
G1 X115.064 Y110.434 E.23047
G1 X116.195 Y111.566 E.06077
G1 X115.381 Y111.566 E.03094
G1 X116.512 Y110.434 E.06077
G1 X118.106 Y110.434 E.06056
; WIPE_START
G1 X116.512 Y110.434 E-.60572
G1 X116.225 Y110.722 E-.15429
; WIPE_END
G1 E-.04 F1800
M204 S10000
G1 X123.824 Y111.428 Z49.56 F60000
G1 X125.303 Y111.566 Z49.56
G1 Z49.16
G1 E.8 F1800
G1 F11292.473
M204 S8000
G1 X124.466 Y111.566 E.03182
G1 X124.466 Y111.716 E.0057
G1 X123.97 Y111.716 E.01884
G1 X123.97 Y111.826 E.0042
G1 X120.335 Y108.191 E.19532
G1 X120.335 Y106.612 E.06
G1 X128.889 Y98.058 E.4596
G1 X129.311 Y97.966 E.01641
G1 X129.877 Y97.745 E.02309
G1 X130.528 Y97.304 E.02989
G1 X130.738 Y96.966 E.01511
G1 X130.956 Y97.149 E.0108
G1 X131.674 Y97.431 E.02928
G1 X132.106 Y97.42 E.01645
G1 X134.463 Y99.777 E.12664
G1 X134.463 Y99.997 E.00834
G1 X129.628 Y104.832 E.2598
G1 X132.004 Y104.832 E.09027
G1 X124.804 Y97.632 E.38687
G1 X124.466 Y97.777 E.01397
G1 X123.806 Y97.828 E.02515
G1 X123.235 Y97.742 E.02193
G1 X122.733 Y97.591 E.01991
G1 X122.094 Y97.338 E.02611
G1 X120.335 Y99.097 E.09451
G1 X120.335 Y100.677 E.06003
G1 X124.49 Y104.832 E.22325
G1 X123.524 Y104.832 E.03671
G1 X123.288 Y105.068 E.01267
G1 X123.288 Y105.362 E.01118
; WIPE_START
G1 X123.288 Y105.068 E-.11182
G1 X123.524 Y104.832 E-.12673
G1 X124.49 Y104.832 E-.36716
G1 X124.203 Y104.545 E-.15429
; WIPE_END
G1 E-.04 F1800
M204 S10000
G1 X131.511 Y106.747 Z49.56 F60000
G1 X132.676 Y107.098 Z49.56
G1 Z49.16
G1 E.8 F1800
G1 F11292.473
M204 S8000
G1 X134.27 Y107.098 E.06056
G1 X134.465 Y107.293 E.01048
G1 X134.465 Y107.51 E.00824
G1 X130.409 Y111.566 E.21791
G1 X131.223 Y111.566 E.03094
G1 X126.755 Y107.098 E.24006
G1 X127.363 Y107.098 E.02307
G1 X120.334 Y114.126 E.37763
G1 X120.334 Y115.705 E.05999
G1 X123.97 Y119.34 E.19532
G1 X123.97 Y118.005 E.05073
G1 X120.334 Y121.64 E.19532
G1 X120.334 Y123.219 E.05999
G1 X123.97 Y126.854 E.19532
G1 X123.97 Y125.519 E.05074
G1 X120.334 Y129.154 E.19532
G1 X120.334 Y130.733 E.05999
G1 X124.466 Y134.864 E.22196
G1 X124.466 Y132.537 E.08841
G1 X120.334 Y136.668 E.22196
G1 X120.334 Y138.247 E.05999
G1 X124.466 Y142.378 E.22196
G1 X124.466 Y140.051 E.08841
G1 X120.334 Y144.182 E.22196
G1 X120.334 Y145.761 E.05999
G1 X124.466 Y149.892 E.22196
G1 X124.466 Y147.565 E.08841
G1 X102.334 Y169.696 E1.1891
G1 X102.334 Y170.434 E.02804
G1 X101.596 Y170.434 E.02804
G1 X98.63 Y173.401 E.15941
G1 X98.633 Y170.434 E.11272
G1 X99.923 Y170.434 E.049
G1 X106.054 Y176.566 E.32942
G1 X102.979 Y176.566 E.11682
G1 X124.466 Y155.079 E1.15445
G1 X124.466 Y157.406 E.08841
G1 X114.674 Y147.614 E.52612
G1 X116.902 Y147.614 E.08468
G1 X102.334 Y162.182 E.78273
G1 X102.334 Y165.332 E.11965
G1 X113.568 Y176.566 E.60359
G1 X110.494 Y176.566 E.11682
G1 X124.466 Y162.594 E.75072
G1 X124.466 Y164.921 E.08841
G1 X107.159 Y147.614 E.92985
G1 X109.388 Y147.614 E.08468
G1 X102.334 Y154.668 E.379
G1 X102.334 Y157.818 E.11965
G1 X123.97 Y179.453 E1.16246
G1 X123.97 Y178.118 E.05074
G1 X120.334 Y181.753 E.19532
G1 X120.334 Y183.332 E.05999
G1 X123.97 Y186.967 E.19532
G1 X123.97 Y185.632 E.05074
G1 X120.334 Y189.267 E.19532
G1 X120.334 Y189.566 E.01135
G1 X121.63 Y189.566 E.04921
; WIPE_START
G1 X120.334 Y189.566 E-.49222
G1 X120.334 Y189.267 E-.11349
G1 X120.622 Y188.98 E-.15429
; WIPE_END
G1 E-.04 F1800
M204 S10000
G1 X121.967 Y196.493 Z49.56 F60000
G1 X122.2 Y197.793 Z49.56
G1 Z49.16
G1 E.8 F1800
; FEATURE: Other object
; LINE_WIDTH: 0.466044
G1 F10855.407
M204 S8000
G1 X122.2 Y201.793 E.15809
M204 S10000
G1 X122.883 Y202.502 F60000
; FEATURE: Other object
; LINE_WIDTH: 0.45
G1 F11292.473
M204 S8000
G1 X123.143 Y202.502 E.00988
G1 X123.143 Y202.303 E.00757
G1 X124.278 Y202.303 E.04312
G1 X130.097 Y208.122 E.31268
G1 X130.097 Y209.561 E.05465
G1 X127.111 Y212.547 E.16045
G1 X127.007 Y212.547 E.00393
G1 X126.703 Y212.243 E.01635
G1 X126.703 Y210.697 E.05872
G1 X125.157 Y210.697 E.05872
G1 X122.503 Y208.043 E.14262
G1 X122.503 Y209.641 E.06071
G1 X130.097 Y202.047 E.40802
G1 X130.097 Y200.608 E.05465
G1 X126.334 Y196.846 E.20216
G1 X126.334 Y198.295 E.05506
G1 X130.466 Y194.164 E.22196
G1 X130.466 Y193.463 E.02664
G1 X127.837 Y190.834 E.14122
G1 X126.334 Y190.834 E.05709
G1 X126.334 Y190.926 E.00347
; WIPE_START
G1 X126.334 Y190.834 E-.03469
G1 X127.837 Y190.834 E-.57103
G1 X128.124 Y191.122 E-.15429
; WIPE_END
G1 E-.04 F1800
M204 S10000
G1 X126.46 Y198.57 Z49.56 F60000
G1 X126.348 Y199.068 Z49.56
G1 Z49.16
G1 E.8 F1800
; FEATURE: Other object
; LINE_WIDTH: 0.393066
G1 F12000
M204 S8000
G1 X126.348 Y201.793 E.08873
G1 X126.322 Y201.922 E.00429
G1 X126.193 Y201.948 E.00429
G1 X122.944 Y201.948 E.10581
G1 X122.815 Y201.975 E.00429
G1 X122.761 Y202.121 E.00506
G1 X122.175 Y202.174 E.01917
G1 X122.148 Y202.303 E.00429
G1 X122.148 Y210.896 E.27983
; LINE_WIDTH: 0.406974
G1 X122.171 Y210.98 E.00295
; LINE_WIDTH: 0.426918
G1 F11986.788
G1 X122.194 Y211.064 E.00311
G1 X122.407 Y211.052 E.00766
; LINE_WIDTH: 0.393431
G1 F12000
G1 X126.193 Y211.052 E.1234
G1 X126.322 Y211.078 E.00429
G1 X126.348 Y211.207 E.00429
G1 X126.348 Y212.746 E.05017
G1 X126.375 Y212.875 E.00429
G1 X126.971 Y212.899 E.01945
; WIPE_START
G1 X126.375 Y212.875 E-.22673
G1 X126.348 Y212.746 E-.05001
G1 X126.348 Y211.474 E-.48326
; WIPE_END
G1 E-.04 F1800
M204 S10000
G1 X130.452 Y209.481 Z49.56 F60000
G1 Z49.16
G1 E.8 F1800
; LINE_WIDTH: 0.391504
G1 F12000
M204 S8000
G1 X130.452 Y208.077 E.04552
; WIPE_START
G1 X130.452 Y209.481 E-.76
; WIPE_END
G1 E-.04 F1800
M204 S10000
G1 X130.452 Y201.849 Z49.56 F60000
G1 X130.452 Y201.526 Z49.56
G1 Z49.16
G1 E.8 F1800
G1 F12000
M204 S8000
G1 X130.452 Y200.495 E.03343
; WIPE_START
G1 X130.452 Y201.526 E-.76
; WIPE_END
G1 E-.04 F1800
M204 S10000
G1 X127.409 Y194.526 Z49.56 F60000
G1 X119.602 Y176.566 Z49.56
G1 Z49.16
G1 E.8 F1800
; FEATURE: Other object
; LINE_WIDTH: 0.45
G1 F11292.473
M204 S8000
G1 X118.008 Y176.566 E.06056
G1 X124.466 Y170.108 E.34698
G1 X124.466 Y171.466 E.05159
G1 X123.97 Y171.466 E.01884
G1 X123.97 Y171.939 E.01798
G1 X102.334 Y150.304 E1.16246
G1 X102.334 Y148.71 E.06056
; WIPE_START
G1 X102.334 Y150.304 E-.60571
G1 X102.622 Y150.591 E-.15429
; WIPE_END
G1 E-.04 F1800
M204 S10000
G1 X102.598 Y142.958 Z49.56 F60000
G1 X102.466 Y100.344 Z49.56
G1 Z49.16
G1 E.8 F1800
G1 F11292.473
M204 S8000
G1 X102.466 Y101.938 E.06056
G1 X101.334 Y103.07 E.06077
G1 X101.334 Y104.219 E.04367
G1 X102.466 Y105.35 E.06077
G1 X102.466 Y109.453 E.15587
G1 X101.334 Y110.584 E.06077
G1 X101.334 Y111.566 E.0373
G1 X101.947 Y111.566 E.02326
; WIPE_START
G1 X101.334 Y111.566 E-.23261
G1 X101.334 Y110.584 E-.3731
G1 X101.622 Y110.297 E-.15429
; WIPE_END
G1 E-.04 F1800
M204 S10000
G1 X109.188 Y109.297 Z49.56 F60000
G1 X134.422 Y105.965 Z49.56
G1 Z49.16
G1 E.8 F1800
; FEATURE: Other object
; LINE_WIDTH: 0.419994
G1 F12000
M204 S8000
G1 X134.422 Y105.216 E.02632
G1 X123.683 Y105.216 E.37729
G1 X123.671 Y106.703 E.05226
G1 X134.422 Y106.714 E.37769
G1 X134.422 Y106.025 E.02422
M204 S10000
G1 X134.053 Y105.965 F60000
G1 F12000
M204 S8000
G1 X134.053 Y105.584 E.01338
G1 X124.04 Y105.584 E.35179
G1 X124.04 Y106.346 E.02676
G1 X134.053 Y106.346 E.3518
G1 X134.053 Y106.025 E.01127
; WIPE_START
G1 X134.053 Y106.346 E-.12195
G1 X132.374 Y106.346 E-.63805
; WIPE_END
G1 E-.04 F1800
M204 S10000
G1 X124.751 Y105.981 Z49.56 F60000
G1 X124.421 Y105.965 Z49.56
G1 Z49.16
G1 E.8 F1800
; LINE_WIDTH: 0.444704
G1 F11444.559
M204 S8000
G1 X133.613 Y105.965 E.34458
; CHANGE_LAYER
; Z_HEIGHT: 49.4
; LAYER_HEIGHT: 0.240002
; WIPE_START
G1 F11444.559
G1 X131.613 Y105.965 E-.76
; WIPE_END
G1 E-.04 F1800
; FEATURE: Other object
; stop printing object, unique label id: 1901
M625
; layer num/total_layer_count: 206/258
; update layer progress
M73 L206
M991 S0 P205 ;notify layer change
M106 S89.25
; OBJECT_ID: 1902
; FEATURE: Other object
; start printing object, unique label id: 1902
M624 AgAAAAAAAAA=
M204 S10000
G17
G3 Z49.56 I-.164 J1.206 P1  F60000
G1 X207.931 Y116.362 Z49.56
G1 Z49.4
G1 E.8 F1800
; FEATURE: Support
; LINE_WIDTH: 0.62
G1 F7915.629
M204 S8000
G1 X208.028 Y116.447 E.00696
G1 X208.119 Y116.618 E.01052
G1 X208.142 Y116.811 E.01055
G1 X208.105 Y116.95 E.00779
G1 X208.029 Y117.026 E.0058
G1 X207.98 Y117.029 E.0027
G1 X207.856 Y116.953 E.00785
G1 X207.78 Y116.836 E.00759
G1 X207.735 Y116.657 E.00999
G1 X207.749 Y116.486 E.0093
G1 X207.801 Y116.365 E.00713
G1 X207.855 Y116.327 E.00358
; WIPE_START
G1 X208.028 Y116.447 E-.09185
G1 X208.119 Y116.618 E-.08488
G1 X208.142 Y116.811 E-.0851
G1 X208.105 Y116.95 E-.06288
G1 X208.029 Y117.026 E-.04682
G1 X207.98 Y117.029 E-.02177
G1 X207.856 Y116.953 E-.06335
G1 X207.78 Y116.836 E-.06122
G1 X207.735 Y116.657 E-.08061
G1 X207.749 Y116.486 E-.07507
G1 X207.801 Y116.365 E-.05756
G1 X207.855 Y116.327 E-.02888
; WIPE_END
G1 E-.04 F1800
M204 S10000
G17
G3 Z49.8 I-1.179 J.302 P1  F60000
G1 X208.234 Y117.807 Z49.8
G1 Z49.4
G1 E.8 F1800
G1 F7915.629
M204 S8000
G1 X208.395 Y117.967 E.01233
G1 X208.491 Y118.162 E.0118
G1 X208.534 Y118.379 E.01199
G1 X208.517 Y118.566 E.01015
G1 X208.451 Y118.694 E.00781
G1 X208.363 Y118.663 E.00506
G1 X208.216 Y118.526 E.01089
G1 X208.085 Y118.284 E.01491
G1 X208.037 Y118.01 E.01506
G1 X208.063 Y117.858 E.00835
G1 X208.099 Y117.791 E.00412
G1 X208.156 Y117.772 E.00325
; WIPE_START
G1 X208.395 Y117.967 E-.1173
G1 X208.491 Y118.162 E-.08274
G1 X208.534 Y118.379 E-.08409
G1 X208.517 Y118.566 E-.07113
G1 X208.451 Y118.694 E-.05476
G1 X208.363 Y118.663 E-.03551
G1 X208.216 Y118.526 E-.07633
G1 X208.085 Y118.284 E-.10451
G1 X208.037 Y118.01 E-.10555
G1 X208.05 Y117.937 E-.02807
; WIPE_END
G1 E-.04 F1800
M204 S10000
G17
G3 Z49.8 I.535 J1.093 P1  F60000
G1 X210.321 Y116.825 Z49.8
G1 Z49.4
G1 E.8 F1800
G1 F7915.629
M204 S8000
G1 X210.459 Y116.938 E.00965
G1 X210.548 Y117.106 E.01035
G1 X210.572 Y117.311 E.01117
G1 X210.826 Y117.958 E.03767
G1 X210.973 Y118.176 E.01428
G1 X211.073 Y118.442 E.01542
G1 X211.114 Y118.717 E.01504
G1 X211.093 Y118.937 E.01199
G1 X211.041 Y119.04 E.00625
G1 X210.955 Y119.002 E.00509
G1 X210.774 Y118.811 E.01425
G1 X210.606 Y118.484 E.01994
G1 X210.539 Y118.17 E.01739
G1 X210.536 Y118.022 E.00802
G1 X210.271 Y117.362 E.03853
G1 X210.189 Y117.244 E.00777
G1 X210.142 Y117.08 E.00925
G1 X210.151 Y116.923 E.00854
G1 X210.189 Y116.825 E.00571
G1 X210.241 Y116.796 E.00324
; WIPE_START
G1 X210.459 Y116.938 E-.09877
G1 X210.548 Y117.106 E-.07256
G1 X210.572 Y117.311 E-.07833
G1 X210.826 Y117.958 E-.26409
G1 X210.973 Y118.176 E-.10015
G1 X211.073 Y118.442 E-.10809
G1 X211.088 Y118.541 E-.03801
; WIPE_END
G1 E-.04 F1800
M204 S10000
G17
G3 Z49.8 I1.03 J-.648 P1  F60000
G1 X208.27 Y114.061 Z49.8
G1 Z49.4
G1 E.8 F1800
G1 F7915.629
M204 S8000
G1 X208.315 Y114.164 E.00608
G1 X208.333 Y114.349 E.01007
G1 X208.29 Y114.543 E.0108
G1 X208.2 Y114.699 E.00973
G1 X208.094 Y114.781 E.0073
G1 X208.003 Y114.789 E.00494
G1 X207.944 Y114.727 E.00467
G1 X207.903 Y114.549 E.00987
G1 X207.934 Y114.33 E.01197
G1 X208.039 Y114.135 E.01202
G1 X208.148 Y114.033 E.00807
G1 X208.209 Y114.008 E.00358
; WIPE_START
G1 X208.315 Y114.164 E-.07536
G1 X208.333 Y114.349 E-.07408
G1 X208.29 Y114.543 E-.07946
G1 X208.2 Y114.699 E-.07161
G1 X208.094 Y114.781 E-.0537
G1 X208.003 Y114.789 E-.03639
G1 X207.944 Y114.727 E-.03438
G1 X207.903 Y114.549 E-.07265
G1 X207.934 Y114.33 E-.08812
G1 X208.039 Y114.135 E-.08847
G1 X208.148 Y114.033 E-.05939
G1 X208.209 Y114.008 E-.02638
; WIPE_END
G1 E-.04 F1800
M204 S10000
G17
G3 Z49.8 I-1.196 J.226 P1  F60000
G1 X209.462 Y120.633 Z49.8
G1 Z49.4
G1 E.8 F1800
G1 F7915.629
M204 S8000
G1 X209.477 Y120.658 E.00161
G1 X209.466 Y120.77 E.0061
G1 X209.399 Y120.947 E.01025
G1 X209.272 Y121.132 E.01221
G1 X209.105 Y121.286 E.0123
G1 X208.901 Y121.408 E.01286
G1 X208.729 Y121.446 E.00954
G1 X208.66 Y121.414 E.00414
G1 X208.639 Y121.325 E.00501
G1 X208.686 Y121.184 E.00805
G1 X208.844 Y120.943 E.01559
G1 X209.139 Y120.711 E.02033
G1 X209.377 Y120.63 E.01365
; WIPE_START
G1 X209.477 Y120.658 E-.03947
G1 X209.466 Y120.77 E-.04278
G1 X209.399 Y120.947 E-.07186
G1 X209.272 Y121.132 E-.08561
G1 X209.105 Y121.286 E-.08626
G1 X208.901 Y121.408 E-.09015
G1 X208.729 Y121.446 E-.06685
G1 X208.66 Y121.414 E-.029
G1 X208.639 Y121.325 E-.03511
G1 X208.686 Y121.184 E-.05647
G1 X208.844 Y120.943 E-.10928
G1 X208.941 Y120.867 E-.04714
; WIPE_END
G1 E-.04 F1800
M204 S10000
G17
G3 Z49.8 I-1.019 J-.665 P1  F60000
G1 X208.189 Y122.019 Z49.8
G1 Z49.4
G1 E.8 F1800
G1 F7915.629
M204 S8000
G1 X208.215 Y122.066 E.00291
G1 X208.21 Y122.195 E.00698
G1 X208.133 Y122.341 E.00897
G1 X208.003 Y122.442 E.0089
G1 X207.889 Y122.47 E.00634
G1 X207.836 Y122.456 E.00298
G1 X207.79 Y122.373 E.00515
G1 X207.791 Y122.248 E.00679
G1 X207.841 Y122.124 E.00724
G1 X207.96 Y122 E.00931
G1 X208.024 Y121.972 E.0038
G1 X208.126 Y121.968 E.00552
; WIPE_START
G1 X208.215 Y122.066 E-.06912
G1 X208.21 Y122.195 E-.06699
G1 X208.133 Y122.341 E-.08613
G1 X208.003 Y122.442 E-.08541
G1 X207.889 Y122.47 E-.0609
G1 X207.836 Y122.456 E-.02859
G1 X207.79 Y122.373 E-.0494
G1 X207.791 Y122.248 E-.06513
G1 X207.841 Y122.124 E-.06947
G1 X207.96 Y122 E-.08937
G1 X208.024 Y121.972 E-.03646
G1 X208.126 Y121.968 E-.05302
; WIPE_END
G1 E-.04 F1800
M204 S10000
G17
G3 Z49.8 I-.426 J1.14 P1  F60000
G1 X210.378 Y122.809 Z49.8
G1 Z49.4
G1 E.8 F1800
G1 F7915.629
M204 S8000
G1 X210.494 Y123.028 E.01345
G1 X210.538 Y123.301 E.01498
G1 X210.505 Y123.616 E.01717
G1 X210.769 Y124.328 E.04117
G1 X210.894 Y124.453 E.0096
G1 X211.011 Y124.632 E.01159
G1 X211.07 Y124.81 E.01015
G1 X211.076 Y124.945 E.00728
G1 X211.046 Y124.992 E.00305
G1 X210.983 Y124.993 E.00341
G1 X210.867 Y124.955 E.00658
G1 X210.737 Y124.878 E.00822
G1 X210.596 Y124.755 E.01015
G1 X210.441 Y124.495 E.01638
G1 X210.413 Y124.331 E.00903
G1 X210.128 Y123.592 E.04294
G1 X210.098 Y123.306 E.0156
G1 X210.142 Y123.031 E.01506
G1 X210.237 Y122.833 E.01192
G1 X210.314 Y122.755 E.00592
; WIPE_START
G1 X210.494 Y123.028 E-.12421
G1 X210.538 Y123.301 E-.10506
G1 X210.505 Y123.616 E-.12036
G1 X210.769 Y124.328 E-.28864
G1 X210.894 Y124.453 E-.06732
G1 X210.973 Y124.573 E-.05441
; WIPE_END
G1 E-.04 F1800
M204 S10000
G17
G3 Z49.8 I-.01 J-1.217 P1  F60000
G1 X208.649 Y124.593 Z49.8
G1 Z49.4
G1 E.8 F1800
G1 F7915.629
M204 S8000
G1 X208.769 Y124.623 E.00668
G1 X208.989 Y124.784 E.01477
G1 X209.24 Y125.174 E.02512
G1 X209.289 Y125.419 E.01357
G1 X209.495 Y125.69 E.01844
G1 X209.593 Y125.979 E.01655
G1 X209.623 Y126.277 E.01621
G1 X209.586 Y126.542 E.01453
G1 X209.517 Y126.701 E.00936
G1 X209.481 Y126.73 E.00254
G1 X209.437 Y126.707 E.00268
G1 X209.339 Y126.594 E.00812
G1 X209.203 Y126.319 E.01663
G1 X209.142 Y125.991 E.01807
G1 X209.155 Y125.875 E.0063
G1 X208.84 Y125.15 E.04284
G1 X208.644 Y125.016 E.01289
G1 X208.532 Y124.877 E.0097
G1 X208.468 Y124.727 E.00882
G1 X208.456 Y124.64 E.00474
G1 X208.49 Y124.578 E.00384
G1 X208.567 Y124.572 E.00416
; WIPE_START
G1 X208.769 Y124.623 E-.07921
G1 X208.989 Y124.784 E-.10354
G1 X209.24 Y125.174 E-.17612
G1 X209.289 Y125.419 E-.09515
G1 X209.495 Y125.69 E-.12927
G1 X209.593 Y125.979 E-.11607
G1 X209.609 Y126.138 E-.06065
; WIPE_END
G1 E-.04 F1800
M204 S10000
G17
G3 Z49.8 I-1.148 J.404 P1  F60000
G1 X210.522 Y128.728 Z49.8
G1 Z49.4
G1 E.8 F1800
G1 F7915.629
M204 S8000
G1 X210.518 Y128.822 E.0051
G1 X210.457 Y129.023 E.01139
G1 X210.335 Y129.232 E.01311
G1 X210.18 Y129.405 E.01259
G1 X209.857 Y129.596 E.02031
G1 X209.516 Y129.693 E.01921
G1 X209.227 Y129.799 E.01672
G1 X208.882 Y129.784 E.01871
G1 X208.661 Y129.731 E.01233
G1 X208.45 Y129.636 E.01253
G1 X208.287 Y129.52 E.01085
G1 X208.197 Y129.412 E.00763
G1 X208.204 Y129.382 E.00163
G1 X208.27 Y129.348 E.00402
G1 X208.409 Y129.307 E.00785
G1 X208.609 Y129.29 E.01089
G1 X208.837 Y129.315 E.0124
G1 X209.073 Y129.367 E.01312
G1 X209.862 Y129.154 E.04433
G1 X209.985 Y128.959 E.0125
G1 X210.173 Y128.786 E.01383
G1 X210.246 Y128.733 E.00488
G1 X210.441 Y128.652 E.01144
G1 X210.504 Y128.649 E.00347
; WIPE_START
G1 X210.518 Y128.822 E-.06606
G1 X210.457 Y129.023 E-.07985
G1 X210.335 Y129.232 E-.09194
G1 X210.18 Y129.405 E-.08827
G1 X209.857 Y129.596 E-.14238
G1 X209.516 Y129.693 E-.13465
G1 X209.227 Y129.799 E-.11724
G1 X209.123 Y129.794 E-.03961
; WIPE_END
G1 E-.04 F1800
M204 S10000
G17
G3 Z49.8 I-.749 J.959 P1  F60000
G1 X210.007 Y130.485 Z49.8
G1 Z49.4
G1 E.8 F1800
G1 F7915.629
M204 S8000
G1 X210.073 Y130.564 E.00557
G1 X210.121 Y130.717 E.00866
G1 X210.113 Y130.864 E.00801
G1 X210.063 Y130.973 E.00646
G1 X210.015 Y131.016 E.00352
G1 X209.98 Y131.022 E.0019
G1 X209.927 Y131.004 E.00304
G1 X209.832 Y130.923 E.00676
G1 X209.758 Y130.779 E.0088
G1 X209.745 Y130.62 E.00863
G1 X209.787 Y130.499 E.00697
G1 X209.836 Y130.454 E.00356
G1 X209.934 Y130.443 E.00538
; COOLING_NODE: 0
; WIPE_START
G1 X210.073 Y130.564 E-.093
G1 X210.121 Y130.717 E-.08061
G1 X210.113 Y130.864 E-.07449
G1 X210.063 Y130.973 E-.06008
G1 X210.015 Y131.016 E-.03279
G1 X209.98 Y131.022 E-.01764
G1 X209.927 Y131.004 E-.0283
G1 X209.832 Y130.923 E-.06286
G1 X209.758 Y130.779 E-.08184
G1 X209.745 Y130.62 E-.08033
G1 X209.787 Y130.499 E-.06485
G1 X209.836 Y130.454 E-.03311
G1 X209.934 Y130.443 E-.0501
; WIPE_END
G1 E-.04 F1800
M204 S10000
G17
G3 Z49.8 I-1.178 J-.305 P1  F60000
G1 X188.717 Y212.532 Z49.8
G1 Z49.4
G1 E.8 F1800
; FEATURE: Inner wall
; LINE_WIDTH: 0.45
G1 F11292.473
M204 S8000
G1 X188.717 Y222.782 E.38942
G1 X186.903 Y222.782 E.06888
G1 X186.903 Y210.718 E.45831
G1 X205.903 Y210.718 E.72186
G1 X205.903 Y175.352 E1.34368
G1 X187.903 Y175.352 E.68387
G1 X187.903 Y150.531 E.94298
G1 X181.993 Y150.531 E.22454
G1 X181.993 Y93.968 E2.14898
G1 X185.006 Y93.968 E.11447
G1 X185.006 Y95.781 E.06888
G1 X183.806 Y95.781 E.04559
G1 X183.806 Y145.718 E1.89724
G1 X187.903 Y145.718 E.15566
G1 X187.903 Y97.718 E1.82365
G1 X204.717 Y97.718 E.63877
G1 X204.717 Y110.218 E.47491
G1 X210.717 Y110.218 E.22796
G1 X210.717 Y115.031 E.18286
G1 X209.703 Y115.031 E.03849
G1 X209.703 Y111.881 E.11968
G1 X206.367 Y111.881 E.12678
G1 X206.367 Y132.468 E.78215
G1 X210.221 Y132.468 E.14643
G1 X210.221 Y150.818 E.69716
G1 X210.717 Y150.818 E.01884
G1 X210.717 Y191.882 E1.56009
G1 X210.221 Y191.882 E.01884
G1 X210.221 Y210.568 E.70997
G1 X210.717 Y210.568 E.01884
G1 X210.717 Y210.718 E.0057
G1 X220.716 Y210.718 E.37991
G1 X220.707 Y224.772 E.53393
G1 X220.671 Y224.972 E.00771
G1 X220.605 Y225.17 E.00796
G1 X220.509 Y225.358 E.00799
G1 X220.386 Y225.528 E.00797
; object ids of layer 206 start: 1901,1902
M624 AwAAAAAAAAA=
;===== machine: H2C timelapse =====
;======== date: 20260731 ========

; SKIPPABLE_START
; SKIPTYPE: timelapse

M1002 judge_flag timelapse_record_flag
M622 J1
    

    
        
    

    
        M971 S11 C10 O0
        M1004 S5 P1  ; external shutter
    

    
        
    
    
    
M623
; SKIPPABLE_END

; object ids of this layer206 end: 1901,1902
M625
G1 X220.24 Y225.678 E.00798
G1 X220.072 Y225.805 E.00798
G1 X219.787 Y225.941 E.01198
G1 X219.496 Y225.876 E.01136
G1 X218.69 Y225.648 E.0318
G1 X218.217 Y225.551 E.01835
G1 X217.644 Y225.537 E.02178
G1 X217.043 Y225.773 E.02456
G1 X216.734 Y226.032 E.01528
G1 X216.479 Y226.032 E.00969
G1 X216.187 Y225.563 E.02098
G1 X215.627 Y225.184 E.02568
G1 X215.122 Y224.987 E.02061
G1 X214.639 Y224.881 E.01877
G1 X214.165 Y224.84 E.01807
G1 X213.693 Y224.857 E.01796
G1 X213.215 Y224.933 E.01838
G1 X212.722 Y225.085 E.01961
G1 X212.183 Y225.37 E.02316
G1 X211.737 Y225.853 E.02499
G1 X211.529 Y226.032 E.0104
G1 X211.291 Y226.032 E.00907
G1 X210.964 Y225.471 E.02464
G1 X210.293 Y225.184 E.02771
G1 X209.728 Y225.14 E.02154
G1 X209.22 Y225.217 E.01954
G1 X208.755 Y225.356 E.01844
G1 X207.55 Y225.833 E.04921
G1 X207.007 Y225.993 E.02153
G1 X206.7 Y225.891 E.01226
G1 X206.519 Y225.786 E.00797
G1 X206.36 Y225.66 E.0077
G1 X206.17 Y225.444 E.01091
G1 X206.029 Y225.199 E.01077
G1 X205.95 Y224.975 E.009
G1 X205.906 Y224.68 E.01133
G1 X205.903 Y212.532 E.46156
G1 X188.777 Y212.532 E.65069
; COOLING_NODE: 0
M204 S250
G1 X189.1 Y212.915 F60000
; FEATURE: Outer wall
; LINE_WIDTH: 0.42
G1 F12000
M204 S5000
G1 X189.1 Y223.165 E.36011
G1 X186.52 Y223.165 E.09064
G1 X186.52 Y210.335 E.45075
G1 X205.52 Y210.335 E.66752
G1 X205.52 Y175.735 E1.21558
G1 X187.52 Y175.735 E.63238
G1 X187.52 Y150.915 E.87199
G1 X181.61 Y150.915 E.20763
G1 X181.61 Y93.585 E2.01414
G1 X185.39 Y93.585 E.1328
G1 X185.39 Y96.165 E.09064
G1 X184.19 Y96.165 E.04216
G1 X184.19 Y145.335 E1.72746
G1 X187.52 Y145.335 E.11699
G1 X187.52 Y97.335 E1.68636
G1 X205.1 Y97.335 E.61763
G1 X205.1 Y109.835 E.43916
G1 X211.1 Y109.835 E.21079
G1 X211.1 Y115.415 E.19604
G1 X209.32 Y115.415 E.06254
G1 X209.32 Y112.265 E.11067
G1 X206.75 Y112.265 E.09029
G1 X206.75 Y132.085 E.69632
G1 X211.1 Y132.085 E.15283
G1 X211.1 Y132.515 E.01511
G1 X210.604 Y132.515 E.01742
G1 X210.604 Y150.435 E.62957
G1 X211.1 Y150.435 E.01742
G1 X211.1 Y192.265 E1.46959
G1 X210.604 Y192.265 E.01742
G1 X210.604 Y210.185 E.62957
G1 X211.1 Y210.185 E.01742
G1 X211.1 Y210.335 E.00527
G1 X221.1 Y210.335 E.35132
G1 X221.09 Y224.806 E.50839
G1 X221.044 Y225.067 E.00931
G1 X220.959 Y225.32 E.00938
G1 X220.837 Y225.558 E.0094
G1 X220.681 Y225.775 E.00939
G1 X220.494 Y225.967 E.0094
G1 X220.281 Y226.128 E.0094
G1 X220.047 Y226.256 E.00937
G1 X219.812 Y226.339 E.00875
G1 X219.401 Y226.248 E.01478
G1 X218.6 Y226.02 E.02928
G1 X218.174 Y225.933 E.01527
G1 X217.712 Y225.922 E.01621
G1 X217.241 Y226.107 E.0178
G1 X216.874 Y226.415 E.01684
G1 X216.266 Y226.415 E.02133
G1 X215.904 Y225.835 E.02402
G1 X215.448 Y225.525 E.01938
G1 X215.011 Y225.355 E.01649
G1 X214.581 Y225.261 E.01544
G1 X214.155 Y225.224 E.01503
G1 X213.73 Y225.239 E.01496
G1 X213.302 Y225.307 E.01521
G1 X212.869 Y225.441 E.01592
G1 X212.42 Y225.678 E.01784
G1 X212.004 Y226.129 E.02157
G1 X211.672 Y226.415 E.01539
G1 X211.07 Y226.415 E.02113
G1 X210.696 Y225.774 E.02608
G1 X210.201 Y225.561 E.01895
G1 X209.742 Y225.526 E.01615
G1 X209.304 Y225.592 E.01558
G1 X208.881 Y225.719 E.01551
G1 X207.679 Y226.194 E.04539
G1 X207.01 Y226.387 E.02447
G1 X206.783 Y226.335 E.00819
G1 X206.534 Y226.237 E.0094
G1 X206.302 Y226.104 E.00939
G1 X206.095 Y225.938 E.00931
G1 X205.857 Y225.669 E.01261
G1 X205.679 Y225.359 E.01257
G1 X205.577 Y225.068 E.01085
G1 X205.522 Y224.709 E.01275
G1 X205.52 Y212.915 E.41436
G1 X189.16 Y212.915 E.57476
; WIPE_START
M204 S8000
G1 X189.148 Y214.915 E-.76
; WIPE_END
G1 E-.04 F1800
M204 S10000
G1 X188.376 Y215.144 Z49.8 F60000
G1 Z49.4
G1 E.8 F1800
; FEATURE: Sparse infill
; LINE_WIDTH: 0.45
G1 F11292.473
M204 S8000
G1 X188.376 Y213.55 E.06056
G1 X187.244 Y214.681 E.06077
G1 X187.244 Y218.03 E.12725
G1 X188.376 Y219.162 E.06077
G1 X188.376 Y221.064 E.07228
G1 X187.244 Y222.195 E.06077
G1 X187.244 Y220.601 E.06056
; WIPE_START
G1 X187.244 Y222.195 E-.60572
G1 X187.532 Y221.908 E-.15429
; WIPE_END
G1 E-.04 F1800
M204 S10000
G1 X194.969 Y220.196 Z49.8 F60000
G1 X210.331 Y216.66 Z49.8
G1 Z49.4
G1 E.8 F1800
; FEATURE: Internal solid infill
; LINE_WIDTH: 0.484684
G1 F10388.292
M204 S8000
G1 X220.236 Y216.66 E.4091
; WIPE_START
G1 X218.236 Y216.66 E-.76
; WIPE_END
G1 E-.04 F1800
M204 S10000
G1 X213.667 Y210.547 Z49.8 F60000
G1 X209.88 Y205.48 Z49.8
G1 Z49.4
G1 E.8 F1800
; FEATURE: Sparse infill
; LINE_WIDTH: 0.45
G1 F11292.473
M204 S8000
G1 X209.88 Y207.074 E.06056
G1 X206.244 Y210.709 E.19532
G1 X206.244 Y211.059 E.01331
G1 X205.894 Y211.059 E.01331
G1 X204.763 Y212.191 E.06077
G1 X203.947 Y212.191 E.03101
G1 X202.816 Y211.059 E.06077
G1 X198.38 Y211.059 E.16852
G1 X197.249 Y212.191 E.06077
G1 X196.433 Y212.191 E.03101
G1 X195.302 Y211.059 E.06077
G1 X190.866 Y211.059 E.16852
G1 X189.735 Y212.191 E.06077
G1 X188.919 Y212.191 E.03101
G1 X187.788 Y211.059 E.06077
G1 X187.244 Y211.059 E.02064
G1 X187.244 Y212.11 E.03992
; WIPE_START
G1 X187.244 Y211.059 E-.39931
G1 X187.788 Y211.059 E-.2064
G1 X188.075 Y211.347 E-.15429
; WIPE_END
G1 E-.04 F1800
M204 S10000
G1 X193.069 Y205.575 Z49.8 F60000
G1 X206.244 Y190.352 Z49.8
G1 Z49.4
G1 E.8 F1800
G1 F11292.473
M204 S8000
G1 X206.244 Y191.946 E.06056
G1 X209.88 Y195.581 E.19532
G1 X209.88 Y192.046 E.13432
G1 X206.244 Y195.681 E.19532
G1 X206.244 Y199.46 E.14357
G1 X209.88 Y203.095 E.19532
G1 X209.88 Y199.56 E.13432
G1 X206.244 Y203.195 E.19532
G1 X206.244 Y206.974 E.14357
G1 X209.88 Y210.609 E.19532
G1 X209.88 Y210.909 E.0114
G1 X210.18 Y210.909 E.0114
G1 X215.515 Y216.244 E.28664
G1 X215.738 Y216.244 E.00847
G1 X220.375 Y211.607 E.24914
G1 X220.373 Y213.589 E.07528
G1 X217.844 Y211.059 E.1359
G1 X213.408 Y211.059 E.16852
G1 X206.246 Y218.222 E.38485
G1 X206.245 Y214.488 E.14186
G1 X217.129 Y225.373 E.58482
G1 X216.866 Y225.476 E.01073
G1 X216.648 Y225.659 E.0108
G1 X216.438 Y225.321 E.01511
G1 X215.787 Y224.88 E.02989
G1 X215.221 Y224.659 E.02309
G1 X214.905 Y224.591 E.01226
G1 X220.369 Y219.126 E.29358
G1 X220.368 Y221.098 E.07489
G1 X216.346 Y217.076 E.2161
G1 X214.906 Y217.076 E.05471
G1 X206.584 Y225.398 E.44714
G1 X206.711 Y225.503 E.00628
G1 X206.841 Y225.578 E.00569
G1 X207.013 Y225.635 E.00689
G1 X207.439 Y225.51 E.01688
G1 X208.643 Y225.034 E.04918
G1 X209.13 Y224.888 E.01932
G1 X206.246 Y222.004 E.15493
G1 X206.246 Y220.41 E.06056
; WIPE_START
G1 X206.246 Y222.004 E-.60572
G1 X206.533 Y222.291 E-.15428
; WIPE_END
G1 E-.04 F1800
M204 S10000
G1 X207.359 Y214.704 Z49.8 F60000
G1 X210.376 Y186.969 Z49.8
G1 Z49.4
G1 E.8 F1800
G1 F11292.473
M204 S8000
G1 X210.376 Y188.563 E.06056
G1 X206.244 Y184.432 E.22196
G1 X206.244 Y188.167 E.14191
G1 X210.376 Y184.036 E.22196
G1 X210.376 Y181.049 E.11349
G1 X206.244 Y176.918 E.22196
G1 X206.244 Y180.653 E.14191
G1 X210.376 Y176.522 E.22196
G1 X210.376 Y173.535 E.11349
G1 X188.244 Y151.404 E1.1891
G1 X188.244 Y153.568 E.08224
G1 X196.393 Y145.42 E.4378
G1 X197.289 Y145.42 E.03406
G1 X210.376 Y158.506 E.70313
G1 X210.376 Y161.494 E.11349
G1 X196.859 Y175.011 E.72627
G1 X196.823 Y175.011 E.00134
G1 X188.244 Y166.432 E.46094
G1 X188.244 Y168.596 E.08224
G1 X209.88 Y146.961 E1.16246
G1 X209.88 Y150.497 E.13432
G1 X204.803 Y145.42 E.27276
G1 X203.907 Y145.42 E.03406
G1 X188.244 Y161.082 E.84153
G1 X188.244 Y158.918 E.08224
G1 X204.337 Y175.011 E.86467
G1 X204.373 Y175.011 E.00134
G1 X210.376 Y169.008 E.32254
G1 X210.376 Y166.021 E.11349
G1 X189.775 Y145.42 E1.10686
G1 X188.879 Y145.42 E.03406
G1 X184.108 Y150.191 E.25632
G1 X187.031 Y150.191 E.11107
G1 X182.334 Y145.494 E.25237
G1 X182.334 Y144.45 E.03964
G1 X183.466 Y143.319 E.06077
G1 X183.466 Y139.111 E.15989
G1 X182.334 Y137.979 E.06077
G1 X182.334 Y136.936 E.03964
G1 X183.466 Y135.805 E.06077
G1 X183.466 Y131.596 E.15989
G1 X182.334 Y130.465 E.06077
G1 X182.334 Y129.422 E.03964
G1 X183.466 Y128.291 E.06077
G1 X183.466 Y124.082 E.15989
G1 X182.334 Y122.951 E.06077
G1 X182.334 Y121.908 E.03964
G1 X183.466 Y120.777 E.06077
G1 X183.466 Y116.568 E.15989
G1 X182.334 Y115.437 E.06077
G1 X182.334 Y114.394 E.03964
G1 X183.466 Y113.263 E.06077
G1 X183.466 Y109.054 E.15989
G1 X182.334 Y107.923 E.06077
G1 X182.334 Y106.88 E.03964
G1 X183.466 Y105.748 E.06077
G1 X183.466 Y101.54 E.15989
G1 X182.334 Y100.409 E.06077
G1 X182.334 Y99.365 E.03964
G1 X183.466 Y98.234 E.06077
G1 X183.466 Y95.441 E.10615
G1 X184.666 Y95.441 E.04559
G1 X184.666 Y95.226 E.00815
G1 X183.749 Y94.309 E.04924
G1 X182.334 Y94.309 E.05374
G1 X182.334 Y94.489 E.00682
; WIPE_START
G1 X182.334 Y94.309 E-.06817
G1 X183.749 Y94.309 E-.53754
G1 X184.036 Y94.597 E-.15429
; WIPE_END
G1 E-.04 F1800
M204 S10000
G1 X188.816 Y97.878 Z49.8 F60000
G1 Z49.4
G1 E.8 F1800
; FEATURE: Internal solid infill
; LINE_WIDTH: 0.422884
G1 F12116.969
M204 S8000
G1 X188.229 Y98.465 E.02937
G1 X188.229 Y98.99 E.0186
G1 X189.175 Y98.044 E.04737
G1 X189.7 Y98.044 E.0186
G1 X188.229 Y99.515 E.07367
G1 X188.229 Y100.041 E.0186
G1 X190.226 Y98.044 E.09997
G1 X190.751 Y98.044 E.0186
G1 X188.229 Y100.566 E.12627
G1 X188.229 Y101.091 E.0186
G1 X191.276 Y98.044 E.15256
G1 X191.801 Y98.044 E.0186
G1 X188.229 Y101.616 E.17886
G1 X188.229 Y102.142 E.0186
G1 X192.327 Y98.044 E.20516
G1 X192.852 Y98.044 E.0186
G1 X188.229 Y102.667 E.23146
G1 X188.229 Y103.192 E.0186
G1 X193.377 Y98.044 E.25776
G1 X193.902 Y98.044 E.0186
G1 X188.229 Y103.717 E.28406
G1 X188.229 Y104.242 E.0186
G1 X194.427 Y98.044 E.31036
G1 X194.953 Y98.044 E.0186
G1 X188.229 Y104.768 E.33666
G1 X188.229 Y105.293 E.0186
G1 X195.478 Y98.044 E.36296
G1 X196.003 Y98.044 E.0186
G1 X188.229 Y105.818 E.38926
G1 X188.229 Y106.343 E.0186
G1 X196.528 Y98.044 E.41556
G1 X197.053 Y98.044 E.0186
G1 X188.229 Y106.868 E.44186
G1 X188.229 Y107.394 E.0186
G1 X197.579 Y98.044 E.46816
G1 X198.104 Y98.044 E.0186
G1 X188.229 Y107.919 E.49446
G1 X188.229 Y108.444 E.0186
G1 X198.629 Y98.044 E.52075
G1 X199.154 Y98.044 E.0186
G1 X188.229 Y108.969 E.54705
G1 X188.229 Y109.494 E.0186
G1 X199.68 Y98.044 E.57335
G1 X200.205 Y98.044 E.0186
G1 X188.229 Y110.02 E.59965
G1 X188.229 Y110.545 E.0186
G1 X200.73 Y98.044 E.62595
G1 X201.255 Y98.044 E.0186
G1 X188.229 Y111.07 E.65225
G1 X188.229 Y111.595 E.0186
G1 X201.78 Y98.044 E.67855
G1 X202.306 Y98.044 E.0186
G1 X188.229 Y112.121 E.70485
G1 X188.229 Y112.646 E.0186
G1 X202.831 Y98.044 E.73115
G1 X203.356 Y98.044 E.0186
G1 X188.229 Y113.171 E.75745
G1 X188.229 Y113.696 E.0186
G1 X203.881 Y98.044 E.78375
G1 X204.391 Y98.044 E.01804
G1 X204.391 Y98.06 E.00056
G1 X188.229 Y114.221 E.80926
G1 X188.229 Y114.747 E.0186
G1 X204.391 Y98.585 E.80926
G1 X204.391 Y99.11 E.0186
G1 X188.229 Y115.272 E.80926
G1 X188.229 Y115.797 E.0186
G1 X204.391 Y99.636 E.80926
G1 X204.391 Y100.161 E.0186
G1 X188.229 Y116.322 E.80926
G1 X188.229 Y116.847 E.0186
G1 X204.391 Y100.686 E.80926
G1 X204.391 Y101.211 E.0186
G1 X188.229 Y117.373 E.80926
G1 X188.229 Y117.898 E.0186
G1 X204.391 Y101.736 E.80926
G1 X204.391 Y102.262 E.0186
G1 X188.229 Y118.423 E.80926
G1 X188.229 Y118.948 E.0186
G1 X204.391 Y102.787 E.80926
G1 X204.391 Y103.312 E.0186
G1 X188.229 Y119.473 E.80926
G1 X188.229 Y119.999 E.0186
G1 X204.391 Y103.837 E.80926
G1 X204.391 Y104.363 E.0186
G1 X188.229 Y120.524 E.80926
G1 X188.229 Y121.049 E.0186
G1 X204.391 Y104.888 E.80926
G1 X204.391 Y105.413 E.0186
G1 X188.229 Y121.574 E.80926
G1 X188.229 Y122.1 E.0186
G1 X204.391 Y105.938 E.80926
G1 X204.391 Y106.463 E.0186
G1 X188.229 Y122.625 E.80926
G1 X188.229 Y123.15 E.0186
G1 X204.391 Y106.989 E.80926
G1 X204.391 Y107.514 E.0186
G1 X188.229 Y123.675 E.80926
G1 X188.229 Y124.2 E.0186
G1 X204.391 Y108.039 E.80926
G1 X204.391 Y108.564 E.0186
G1 X188.229 Y124.726 E.80926
G1 X188.229 Y125.251 E.0186
G1 X204.391 Y109.089 E.80926
G1 X204.391 Y109.615 E.0186
G1 X188.229 Y125.776 E.80926
G1 X188.229 Y126.301 E.0186
G1 X204.391 Y110.14 E.80926
G1 X204.391 Y110.544 E.01432
G1 X204.511 Y110.544 E.00428
G1 X188.229 Y126.826 E.81531
G1 X188.229 Y127.352 E.0186
G1 X205.037 Y110.544 E.8416
G1 X205.562 Y110.544 E.0186
G1 X188.229 Y127.877 E.8679
G1 X188.229 Y128.402 E.0186
G1 X206.087 Y110.544 E.8942
G1 X206.612 Y110.544 E.0186
G1 X188.229 Y128.927 E.9205
G1 X188.229 Y129.452 E.0186
G1 X207.137 Y110.544 E.9468
G1 X207.663 Y110.544 E.0186
G1 X206.651 Y111.556 E.05064
G1 X207.177 Y111.556 E.0186
G1 X208.188 Y110.544 E.05064
G1 X208.713 Y110.544 E.0186
G1 X207.702 Y111.556 E.05064
G1 X208.227 Y111.556 E.0186
G1 X209.238 Y110.544 E.05064
G1 X209.764 Y110.544 E.0186
G1 X208.752 Y111.556 E.05064
G1 X209.277 Y111.556 E.0186
G1 X210.289 Y110.544 E.05064
G1 X210.391 Y110.544 E.00361
G1 X210.391 Y110.968 E.01499
G1 X209.836 Y111.522 E.02778
M204 S10000
G1 X210.21 Y111.682 F60000
; FEATURE: Gap infill
; LINE_WIDTH: 0.666044
G1 F7322.551
M204 S8000
G1 X210.21 Y114.832 E.18455
; WIPE_START
G1 X210.21 Y112.832 E-.76
; WIPE_END
G1 E-.04 F1800
M204 S10000
G1 X206.206 Y112.001 Z49.8 F60000
G1 Z49.4
G1 E.8 F1800
; FEATURE: Internal solid infill
; LINE_WIDTH: 0.422884
G1 F12116.969
M204 S8000
G1 X188.229 Y129.978 E.90018
G1 X188.229 Y130.503 E.0186
G1 X206.041 Y112.692 E.89188
G1 X206.041 Y113.217 E.0186
G1 X188.229 Y131.028 E.89188
G1 X188.229 Y131.553 E.0186
G1 X206.041 Y113.742 E.89188
G1 X206.041 Y114.267 E.0186
G1 X188.229 Y132.079 E.89188
G1 X188.229 Y132.604 E.0186
G1 X206.041 Y114.792 E.89188
G1 X206.041 Y115.318 E.0186
G1 X188.229 Y133.129 E.89188
G1 X188.229 Y133.654 E.0186
G1 X206.041 Y115.843 E.89188
G1 X206.041 Y116.368 E.0186
G1 X188.229 Y134.179 E.89188
G1 X188.229 Y134.705 E.0186
G1 X206.041 Y116.893 E.89188
G1 X206.041 Y117.418 E.0186
G1 X188.229 Y135.23 E.89188
G1 X188.229 Y135.755 E.0186
M73 P83 R36
G1 X206.041 Y117.944 E.89188
G1 X206.041 Y118.469 E.0186
G1 X188.229 Y136.28 E.89188
G1 X188.229 Y136.805 E.0186
G1 X206.041 Y118.994 E.89188
G1 X206.041 Y119.519 E.0186
G1 X188.229 Y137.331 E.89188
G1 X188.229 Y137.856 E.0186
G1 X206.041 Y120.045 E.89188
G1 X206.041 Y120.57 E.0186
G1 X188.229 Y138.381 E.89188
G1 X188.229 Y138.906 E.0186
G1 X206.041 Y121.095 E.89188
G1 X206.041 Y121.62 E.0186
G1 X188.229 Y139.431 E.89188
G1 X188.229 Y139.957 E.0186
G1 X206.041 Y122.145 E.89188
G1 X206.041 Y122.671 E.0186
G1 X188.229 Y140.482 E.89188
G1 X188.229 Y141.007 E.0186
G1 X206.041 Y123.196 E.89188
G1 X206.041 Y123.721 E.0186
G1 X188.229 Y141.532 E.89188
G1 X188.229 Y142.058 E.0186
G1 X206.041 Y124.246 E.89188
G1 X206.041 Y124.771 E.0186
G1 X188.229 Y142.583 E.89188
G1 X188.229 Y143.108 E.0186
G1 X206.041 Y125.297 E.89188
G1 X206.041 Y125.822 E.0186
G1 X188.229 Y143.633 E.89188
G1 X188.229 Y144.158 E.0186
G1 X206.041 Y126.347 E.89188
G1 X206.041 Y126.872 E.0186
G1 X188.229 Y144.684 E.89188
G1 X188.229 Y145.037 E.0125
G1 X188.402 Y145.037 E.0061
G1 X206.041 Y127.397 E.88326
G1 X206.041 Y127.923 E.0186
G1 X188.927 Y145.037 E.85696
G1 X189.452 Y145.037 E.0186
G1 X206.041 Y128.448 E.83066
G1 X206.041 Y128.973 E.0186
G1 X189.977 Y145.037 E.80436
G1 X190.502 Y145.037 E.0186
G1 X206.041 Y129.498 E.77806
G1 X206.041 Y130.023 E.0186
G1 X191.028 Y145.037 E.75176
G1 X191.553 Y145.037 E.0186
G1 X206.041 Y130.549 E.72546
G1 X206.041 Y131.074 E.0186
G1 X191.912 Y145.202 E.70746
; WIPE_START
G1 X193.326 Y143.788 E-.76
; WIPE_END
G1 E-.04 F1800
M204 S10000
G1 X200.904 Y144.703 Z49.8 F60000
G1 X205.042 Y145.202 Z49.8
G1 Z49.4
G1 E.8 F1800
G1 F12116.969
M204 S8000
G1 X205.222 Y145.023 E.00897
G1 X205.222 Y144.498 E.0186
G1 X204.683 Y145.037 E.02696
G1 X204.158 Y145.037 E.0186
G1 X205.222 Y143.973 E.05326
G1 X205.222 Y143.448 E.0186
G1 X203.633 Y145.037 E.07956
G1 X203.107 Y145.037 E.0186
G1 X205.222 Y142.922 E.10586
G1 X205.222 Y142.397 E.0186
G1 X202.582 Y145.037 E.13216
G1 X202.057 Y145.037 E.0186
G1 X205.222 Y141.872 E.15846
G1 X205.222 Y141.347 E.0186
G1 X201.532 Y145.037 E.18476
G1 X201.007 Y145.037 E.0186
G1 X205.222 Y140.822 E.21106
G1 X205.222 Y140.296 E.0186
G1 X200.481 Y145.037 E.23736
G1 X199.956 Y145.037 E.0186
G1 X205.222 Y139.771 E.26366
G1 X205.222 Y139.246 E.0186
G1 X199.431 Y145.037 E.28996
G1 X198.906 Y145.037 E.0186
G1 X205.222 Y138.721 E.31625
G1 X205.222 Y138.196 E.0186
G1 X198.381 Y145.037 E.34255
G1 X197.855 Y145.037 E.0186
G1 X205.222 Y137.67 E.36885
G1 X205.222 Y137.145 E.0186
G1 X197.33 Y145.037 E.39515
G1 X196.805 Y145.037 E.0186
G1 X205.222 Y136.62 E.42145
G1 X205.222 Y136.095 E.0186
G1 X196.28 Y145.037 E.44775
G1 X195.755 Y145.037 E.0186
G1 X205.222 Y135.57 E.47405
G1 X205.222 Y135.044 E.0186
G1 X195.229 Y145.037 E.50035
G1 X194.704 Y145.037 E.0186
G1 X205.222 Y134.519 E.52665
G1 X205.222 Y133.994 E.0186
G1 X194.179 Y145.037 E.55295
G1 X193.654 Y145.037 E.0186
G1 X205.222 Y133.469 E.57925
G1 X205.222 Y132.943 E.0186
G1 X193.128 Y145.037 E.60555
G1 X192.603 Y145.037 E.0186
G1 X206.041 Y131.599 E.67286
G1 X206.041 Y132.124 E.0186
G1 X205.613 Y132.552 E.02143
; WIPE_START
G1 X206.041 Y132.124 E-.23003
G1 X206.041 Y131.599 E-.19958
G1 X205.426 Y132.214 E-.33039
; WIPE_END
G1 E-.04 F1800
M204 S10000
G1 X209.88 Y137.062 Z49.8 F60000
G1 Z49.4
G1 E.8 F1800
; FEATURE: Sparse infill
; LINE_WIDTH: 0.45
G1 F11292.473
M204 S8000
G1 X209.88 Y135.468 E.06056
G1 X207.221 Y132.809 E.14286
G1 X209.003 Y132.809 E.06772
G1 X205.605 Y136.208 E.18259
G1 X205.605 Y138.708 E.09498
G1 X209.88 Y142.982 E.22968
G1 X209.88 Y139.447 E.13432
G1 X205.605 Y143.722 E.22968
G1 X205.605 Y142.128 E.06056
; WIPE_START
G1 X205.605 Y143.722 E-.60572
G1 X205.892 Y143.435 E-.15428
; WIPE_END
G1 E-.04 F1800
M204 S10000
G1 X201.916 Y149.95 Z49.8 F60000
G1 X188.244 Y172.352 Z49.8
G1 Z49.4
G1 E.8 F1800
G1 F11292.473
M204 S8000
G1 X188.244 Y173.946 E.06056
G1 X189.309 Y175.011 E.05721
G1 X189.344 Y175.011 E.00134
G1 X210.376 Y153.979 E1.13
G1 X210.376 Y155.573 E.06056
; OBJECT_ID: 1901
; WIPE_START
G1 X210.376 Y153.979 E-.60572
G1 X210.088 Y154.267 E-.15429
; WIPE_END
G1 E-.04 F1800
; FEATURE: Other object
; stop printing object, unique label id: 1902
M625
; FEATURE: Other object
; start printing object, unique label id: 1901
M624 AQAAAAAAAAA=
M204 S10000
G1 X202.719 Y156.254 Z49.8 F60000
G1 X112.12 Y180.69 Z49.8
G1 Z49.4
G1 E.8 F1800
; FEATURE: Other object
; LINE_WIDTH: 0.62
G1 F7915.629
M204 S8000
G1 X112.135 Y180.583 E.00586
G1 X112.186 Y180.472 E.0066
G1 X112.266 Y180.381 E.00659
G1 X112.368 Y180.315 E.00659
G1 X112.485 Y180.281 E.00659
G1 X112.606 Y180.281 E.00659
G1 X112.777 Y179.685 E.0336
G1 X112.983 Y179.745 E.01162
G1 X113.235 Y179.907 E.01625
G1 X113.432 Y180.133 E.01625
G1 X113.557 Y180.406 E.01626
G1 X113.6 Y180.703 E.01627
G1 X113.558 Y181 E.01627
G1 X113.433 Y181.273 E.01628
G1 X113.237 Y181.501 E.01628
G1 X112.984 Y181.663 E.01628
G1 X112.696 Y181.748 E.01629
G1 X112.395 Y181.748 E.01628
G1 X112.107 Y181.663 E.01628
G1 X111.855 Y181.5 E.01628
G1 X111.658 Y181.273 E.01628
G1 X111.534 Y181 E.01627
G1 X111.491 Y180.703 E.01627
G1 X111.535 Y180.406 E.01626
G1 X111.659 Y180.133 E.01625
G1 X111.856 Y179.907 E.01625
G1 X112.108 Y179.745 E.01624
G1 X112.396 Y179.661 E.01624
G1 X112.695 Y179.661 E.01624
; WIPE_START
G1 X112.983 Y179.745 E-.11389
G1 X113.235 Y179.907 E-.11392
G1 X113.432 Y180.133 E-.11394
G1 X113.557 Y180.406 E-.114
G1 X113.6 Y180.703 E-.11405
G1 X113.558 Y181 E-.11408
G1 X113.475 Y181.182 E-.07611
; WIPE_END
G1 E-.04 F1800
M204 S10000
G17
G3 Z49.8 I.128 J-1.21 P1  F60000
G1 X108.504 Y180.659 Z49.8
G1 Z49.4
G1 E.8 F1800
G1 F7915.629
M204 S8000
G1 X108.521 Y180.544 E.00629
G1 X108.571 Y180.436 E.00643
G1 X108.648 Y180.347 E.00641
G1 X108.751 Y180.281 E.00662
G1 X108.867 Y180.246 E.00657
G1 X108.988 Y180.246 E.00655
G1 X109.158 Y179.65 E.03361
G1 X109.364 Y179.71 E.01165
G1 X109.619 Y179.872 E.01633
G1 X109.818 Y180.099 E.01638
G1 X109.946 Y180.374 E.01641
G1 X109.991 Y180.673 E.01641
G1 X109.949 Y180.973 E.01641
G1 X109.825 Y181.247 E.01627
G1 X109.611 Y181.487 E.01746
G1 X109.372 Y181.639 E.01538
G1 X109.081 Y181.722 E.01639
G1 X108.778 Y181.719 E.01641
G1 X108.489 Y181.631 E.01642
G1 X108.236 Y181.464 E.01641
G1 X108.04 Y181.234 E.01639
G1 X107.917 Y180.958 E.01633
G1 X107.877 Y180.661 E.01627
G1 X107.921 Y180.365 E.01621
G1 X108.045 Y180.097 E.01599
G1 X108.238 Y179.874 E.01598
G1 X108.49 Y179.711 E.01628
G1 X108.778 Y179.626 E.01626
G1 X109.076 Y179.626 E.01619
; WIPE_START
G1 X109.364 Y179.71 E-.11405
G1 X109.619 Y179.872 E-.11448
G1 X109.818 Y180.099 E-.11487
G1 X109.946 Y180.374 E-.11507
G1 X109.991 Y180.673 E-.11508
G1 X109.949 Y180.973 E-.11505
G1 X109.872 Y181.144 E-.0714
; WIPE_END
G1 E-.04 F1800
M204 S10000
G17
G3 Z49.8 I-.761 J-.95 P1  F60000
G1 X106.336 Y183.976 Z49.8
G1 Z49.4
G1 E.8 F1800
G1 F7915.629
M204 S8000
G1 X106.352 Y183.867 E.00596
G1 X106.402 Y183.757 E.00658
G1 X106.482 Y183.665 E.00657
G1 X106.584 Y183.599 E.00657
G1 X106.7 Y183.565 E.00658
G1 X106.822 Y183.565 E.00659
G1 X106.991 Y182.969 E.03361
G1 X107.198 Y183.029 E.01163
G1 X107.451 Y183.19 E.01627
G1 X107.648 Y183.417 E.01629
G1 X107.774 Y183.69 E.0163
G1 X107.817 Y183.988 E.01631
G1 X107.775 Y184.286 E.01631
G1 X107.65 Y184.559 E.01632
G1 X107.453 Y184.787 E.01632
G1 X107.2 Y184.949 E.01632
G1 X106.911 Y185.033 E.01631
G1 X106.61 Y185.032 E.01631
G1 X106.321 Y184.947 E.01631
G1 X106.069 Y184.783 E.01629
G1 X105.873 Y184.555 E.01628
G1 X105.75 Y184.282 E.01626
G1 X105.708 Y183.985 E.01624
G1 X105.751 Y183.689 E.01622
G1 X105.876 Y183.417 E.01621
G1 X106.072 Y183.192 E.0162
G1 X106.323 Y183.03 E.01621
G1 X106.61 Y182.945 E.01621
G1 X106.91 Y182.945 E.01623
; WIPE_START
G1 X107.198 Y183.029 E-.11397
G1 X107.451 Y183.19 E-.11407
G1 X107.648 Y183.417 E-.1142
G1 X107.774 Y183.69 E-.11428
G1 X107.817 Y183.988 E-.11435
G1 X107.775 Y184.286 E-.11437
G1 X107.694 Y184.465 E-.07476
; WIPE_END
G1 E-.04 F1800
M204 S10000
G17
G3 Z49.8 I-.919 J-.798 P1  F60000
G1 X104.911 Y187.669 Z49.8
G1 Z49.4
G1 E.8 F1800
G1 F7915.629
M204 S8000
G1 X104.926 Y187.563 E.00578
G1 X104.977 Y187.452 E.00662
G1 X105.056 Y187.36 E.00661
G1 X105.159 Y187.294 E.00662
G1 X105.276 Y187.259 E.00661
G1 X105.398 Y187.259 E.00661
G1 X105.569 Y186.663 E.03361
G1 X105.775 Y186.724 E.01167
G1 X106.028 Y186.887 E.0163
G1 X106.225 Y187.114 E.01629
G1 X106.349 Y187.388 E.01629
G1 X106.391 Y187.685 E.01628
G1 X106.348 Y187.982 E.01627
G1 X106.223 Y188.255 E.01626
G1 X106.026 Y188.481 E.01625
G1 X105.774 Y188.643 E.01624
G1 X105.486 Y188.727 E.01623
G1 X105.187 Y188.727 E.01623
G1 X104.9 Y188.643 E.01623
G1 X104.647 Y188.481 E.01623
G1 X104.451 Y188.255 E.01624
G1 X104.326 Y187.982 E.01625
G1 X104.283 Y187.685 E.01626
G1 X104.325 Y187.388 E.01627
G1 X104.449 Y187.115 E.01628
G1 X104.645 Y186.887 E.01628
G1 X104.898 Y186.724 E.0163
G1 X105.186 Y186.639 E.01629
G1 X105.487 Y186.639 E.0163
; WIPE_START
G1 X105.775 Y186.724 E-.11425
G1 X106.028 Y186.887 E-.11425
G1 X106.225 Y187.114 E-.11424
G1 X106.349 Y187.388 E-.11418
G1 X106.391 Y187.685 E-.11415
G1 X106.348 Y187.982 E-.11409
G1 X106.266 Y188.161 E-.07484
; WIPE_END
G1 E-.04 F1800
M204 S10000
G17
G3 Z49.8 I-.538 J1.092 P1  F60000
G1 X109.628 Y189.819 Z49.8
G1 Z49.4
G1 E.8 F1800
G1 F7915.629
M204 S8000
G1 X109.699 Y189.616 E.01163
G1 X109.79 Y189.51 E.00756
G1 X109.893 Y189.443 E.00667
G1 X110.01 Y189.408 E.00667
G1 X110.133 Y189.407 E.00665
G1 X110.301 Y188.81 E.03361
G1 X110.509 Y188.87 E.01172
G1 X110.763 Y189.032 E.01634
G1 X110.961 Y189.26 E.01634
G1 X111.086 Y189.534 E.01634
G1 X111.128 Y189.833 E.01634
G1 X111.084 Y190.131 E.01634
G1 X110.957 Y190.405 E.01634
G1 X110.759 Y190.631 E.01633
G1 X110.505 Y190.793 E.0163
G1 X110.22 Y190.876 E.01609
G1 X109.839 Y190.867 E.02068
G1 X109.525 Y190.772 E.01774
G1 X109.274 Y190.601 E.0165
G1 X109.096 Y190.372 E.01572
G1 X108.998 Y190.091 E.01611
G1 X108.992 Y189.784 E.01665
G1 X109.089 Y189.452 E.01873
G1 X109.177 Y189.272 E.01089
G1 X109.377 Y189.039 E.01659
G1 X109.629 Y188.875 E.01632
G1 X109.918 Y188.788 E.01634
G1 X110.219 Y188.786 E.01634
; WIPE_START
G1 X110.509 Y188.87 E-.11459
G1 X110.763 Y189.032 E-.1146
G1 X110.961 Y189.26 E-.11455
G1 X111.086 Y189.534 E-.11458
G1 X111.128 Y189.833 E-.11458
G1 X111.084 Y190.131 E-.11458
G1 X111.004 Y190.304 E-.07253
; WIPE_END
G1 E-.04 F1800
M204 S10000
G17
G3 Z49.8 I1.176 J.312 P1  F60000
G1 X112.207 Y185.765 Z49.8
G1 Z49.4
G1 E.8 F1800
G1 F7915.629
M204 S8000
G1 X112.191 Y185.658 E.00582
G1 X112.209 Y185.538 E.0066
G1 X112.259 Y185.427 E.0066
G1 X112.339 Y185.335 E.0066
G1 X112.441 Y185.269 E.0066
G1 X112.558 Y185.235 E.0066
G1 X112.555 Y184.615 E.0336
G1 X112.769 Y184.615 E.01164
G1 X113.057 Y184.7 E.01626
G1 X113.31 Y184.862 E.01626
G1 X113.506 Y185.089 E.01626
G1 X113.631 Y185.361 E.01626
G1 X113.673 Y185.658 E.01626
G1 X113.631 Y185.955 E.01626
G1 X113.506 Y186.228 E.01626
G1 X113.31 Y186.455 E.01626
G1 X113.057 Y186.617 E.01626
G1 X112.769 Y186.702 E.01626
G1 X112.469 Y186.702 E.01626
G1 X112.181 Y186.617 E.01627
G1 X111.929 Y186.455 E.01627
G1 X111.732 Y186.228 E.01627
G1 X111.608 Y185.955 E.01627
G1 X111.565 Y185.658 E.01627
G1 X111.608 Y185.361 E.01627
G1 X111.732 Y185.088 E.01627
G1 X111.929 Y184.862 E.01627
G1 X112.181 Y184.699 E.01626
G1 X112.469 Y184.615 E.01626
; WIPE_START
G1 X112.769 Y184.615 E-.11402
G1 X113.057 Y184.7 E-.11401
G1 X113.31 Y184.862 E-.11401
G1 X113.506 Y185.089 E-.114
G1 X113.631 Y185.361 E-.11401
G1 X113.673 Y185.658 E-.11398
G1 X113.645 Y185.856 E-.07597
; WIPE_END
G1 E-.04 F1800
M204 S10000
G17
G3 Z49.8 I-1.137 J-.433 P1  F60000
G1 X110.61 Y193.822 Z49.8
G1 Z49.4
G1 E.8 F1800
G1 F7915.629
M204 S8000
G1 X110.625 Y193.716 E.0058
G1 X110.675 Y193.605 E.00661
G1 X110.755 Y193.513 E.00662
G1 X110.858 Y193.447 E.00661
G1 X110.975 Y193.412 E.00661
G1 X111.097 Y193.412 E.00661
G1 X111.267 Y192.816 E.03361
G1 X111.474 Y192.877 E.01167
G1 X111.727 Y193.04 E.01629
G1 X111.923 Y193.267 E.01629
G1 X112.048 Y193.54 E.01628
G1 X112.09 Y193.838 E.01628
G1 X112.047 Y194.135 E.01627
G1 X111.922 Y194.408 E.01626
G1 X111.725 Y194.634 E.01625
G1 X111.473 Y194.796 E.01625
G1 X111.185 Y194.88 E.01624
G1 X110.885 Y194.88 E.01623
G1 X110.598 Y194.795 E.01623
G1 X110.346 Y194.634 E.01624
G1 X110.15 Y194.407 E.01624
G1 X110.025 Y194.135 E.01625
G1 X109.981 Y193.838 E.01626
G1 X110.024 Y193.541 E.01627
G1 X110.148 Y193.267 E.01628
G1 X110.344 Y193.04 E.01628
G1 X110.597 Y192.877 E.01629
G1 X110.885 Y192.792 E.01629
G1 X111.186 Y192.792 E.01629
; WIPE_START
G1 X111.474 Y192.877 E-.11423
G1 X111.727 Y193.04 E-.1142
G1 X111.923 Y193.267 E-.11421
G1 X112.048 Y193.54 E-.11415
G1 X112.09 Y193.838 E-.11413
G1 X112.047 Y194.135 E-.11408
G1 X111.964 Y194.314 E-.075
; WIPE_END
G1 E-.04 F1800
M204 S10000
G17
G3 Z49.8 I-1.217 J-.02 P1  F60000
G1 X111.903 Y198.144 Z49.8
G1 Z49.4
G1 E.8 F1800
G1 F7915.629
M204 S8000
G1 X111.887 Y198.038 E.00582
G1 X111.905 Y197.917 E.0066
G1 X111.955 Y197.807 E.0066
G1 X112.035 Y197.714 E.0066
G1 X112.138 Y197.649 E.0066
G1 X112.254 Y197.614 E.0066
G1 X112.251 Y196.994 E.0336
G1 X112.466 Y196.994 E.01165
G1 X112.754 Y197.079 E.01627
G1 X113.006 Y197.241 E.01626
G1 X113.202 Y197.468 E.01627
G1 X113.327 Y197.741 E.01626
G1 X113.37 Y198.038 E.01626
G1 X113.327 Y198.335 E.01626
G1 X113.202 Y198.608 E.01626
G1 X113.006 Y198.835 E.01626
G1 X112.753 Y198.997 E.01626
G1 X112.466 Y199.081 E.01626
G1 X112.166 Y199.081 E.01626
G1 X111.878 Y198.997 E.01626
G1 X111.625 Y198.835 E.01626
G1 X111.429 Y198.608 E.01626
G1 X111.304 Y198.335 E.01627
G1 X111.261 Y198.038 E.01627
G1 X111.304 Y197.741 E.01627
G1 X111.428 Y197.468 E.01627
G1 X111.625 Y197.241 E.01627
G1 X111.878 Y197.079 E.01627
G1 X112.166 Y196.994 E.01627
; WIPE_START
G1 X112.466 Y196.994 E-.11407
G1 X112.754 Y197.079 E-.11406
G1 X113.006 Y197.241 E-.11403
G1 X113.202 Y197.468 E-.11404
G1 X113.327 Y197.741 E-.114
G1 X113.37 Y198.038 E-.11401
G1 X113.341 Y198.236 E-.07578
; WIPE_END
G1 E-.04 F1800
M204 S10000
G17
G3 Z49.8 I.031 J-1.217 P1  F60000
G1 X106.43 Y198.057 Z49.8
G1 Z49.4
G1 E.8 F1800
G1 F7915.629
M204 S8000
G1 X106.415 Y197.951 E.00579
G1 X106.432 Y197.831 E.00661
G1 X106.483 Y197.72 E.00661
G1 X106.563 Y197.627 E.00661
G1 X106.665 Y197.562 E.00661
G1 X106.782 Y197.527 E.00661
G1 X106.78 Y196.907 E.03361
G1 X106.995 Y196.908 E.01167
G1 X107.283 Y196.993 E.01629
G1 X107.535 Y197.156 E.01627
G1 X107.731 Y197.383 E.01627
G1 X107.855 Y197.656 E.01625
G1 X107.898 Y197.953 E.01624
G1 X107.855 Y198.249 E.01623
G1 X107.73 Y198.522 E.01623
G1 X107.534 Y198.748 E.01623
G1 X107.282 Y198.91 E.01623
G1 X106.995 Y198.995 E.01624
G1 X106.695 Y198.995 E.01624
G1 X106.407 Y198.911 E.01626
G1 X106.154 Y198.749 E.01627
G1 X105.957 Y198.523 E.01628
G1 X105.832 Y198.25 E.01629
G1 X105.789 Y197.952 E.01629
G1 X105.831 Y197.655 E.0163
G1 X105.956 Y197.381 E.01629
G1 X106.153 Y197.154 E.0163
G1 X106.406 Y196.991 E.0163
G1 X106.694 Y196.907 E.01629
; WIPE_START
G1 X106.995 Y196.908 E-.11422
G1 X107.283 Y196.993 E-.11418
G1 X107.535 Y197.156 E-.1141
G1 X107.731 Y197.383 E-.11404
G1 X107.855 Y197.656 E-.11395
G1 X107.898 Y197.953 E-.11388
G1 X107.869 Y198.15 E-.07563
; WIPE_END
G1 E-.04 F1800
M204 S10000
G17
G3 Z49.8 I1.046 J-.622 P1  F60000
G1 X105.26 Y193.76 Z49.8
G1 Z49.4
G1 E.8 F1800
G1 F7915.629
M204 S8000
G1 X105.276 Y193.653 E.00585
G1 X105.326 Y193.542 E.00659
G1 X105.406 Y193.45 E.00659
G1 X105.508 Y193.385 E.00659
G1 X105.625 Y193.35 E.0066
G1 X105.747 Y193.35 E.0066
G1 X105.917 Y192.754 E.03361
G1 X106.123 Y192.814 E.01164
G1 X106.376 Y192.976 E.01627
G1 X106.573 Y193.203 E.01627
G1 X106.698 Y193.476 E.01628
G1 X106.741 Y193.773 E.01628
G1 X106.698 Y194.071 E.01628
G1 X106.573 Y194.344 E.01628
G1 X106.376 Y194.571 E.01628
G1 X106.124 Y194.733 E.01628
G1 X105.835 Y194.817 E.01628
G1 X105.535 Y194.817 E.01627
G1 X105.247 Y194.732 E.01627
G1 X104.995 Y194.57 E.01626
G1 X104.799 Y194.343 E.01626
G1 X104.674 Y194.07 E.01625
G1 X104.632 Y193.773 E.01625
G1 X104.675 Y193.477 E.01625
G1 X104.799 Y193.204 E.01625
G1 X104.995 Y192.977 E.01625
G1 X105.248 Y192.815 E.01625
G1 X105.535 Y192.73 E.01625
G1 X105.835 Y192.73 E.01626
; WIPE_START
G1 X106.123 Y192.814 E-.11403
G1 X106.376 Y192.976 E-.11405
G1 X106.573 Y193.203 E-.11409
G1 X106.698 Y193.476 E-.11411
G1 X106.741 Y193.773 E-.11413
G1 X106.698 Y194.071 E-.11415
G1 X106.615 Y194.251 E-.07545
; WIPE_END
G1 E-.04 F1800
M204 S10000
G17
G3 Z49.8 I-.344 J-1.167 P1  F60000
G1 X99.394 Y196.381 Z49.8
G1 Z49.4
G1 E.8 F1800
G1 F7915.629
M204 S8000
G1 X99.371 Y196.395 E.00145
G1 X99.36 Y196.246 E.00806
G1 X99.247 Y195.912 E.01913
G1 X99.247 Y195.821 E.00494
G1 X99.283 Y195.712 E.00621
G1 X99.364 Y195.596 E.00767
G1 X99.491 Y195.494 E.00884
G1 X99.651 Y195.426 E.00945
G1 X99.823 Y195.403 E.00936
G1 X99.91 Y194.789 E.0336
G1 X100.153 Y194.824 E.0133
G1 X100.441 Y194.957 E.01717
G1 X100.659 Y195.157 E.01606
G1 X100.795 Y195.406 E.01537
G1 X100.842 Y195.684 E.01531
G1 X100.795 Y195.975 E.01595
G1 X100.651 Y196.254 E.01702
G1 X100.42 Y196.495 E.01811
G1 X100.056 Y196.71 E.02292
G1 X100.347 Y197.56 E.04869
G1 X100.544 Y197.921 E.0223
G1 X100.589 Y198.204 E.01554
G1 X100.543 Y198.485 E.01543
G1 X100.409 Y198.739 E.01557
G1 X100.195 Y198.946 E.01613
G1 X99.891 Y199.097 E.01841
G1 X99.693 Y199.511 E.02487
G1 X99.478 Y199.747 E.01727
G1 X99.219 Y199.895 E.01617
G1 X98.939 Y199.95 E.01546
G1 X98.639 Y199.913 E.0164
G1 X98.354 Y199.78 E.01703
G1 X98.114 Y199.567 E.0174
G1 X97.959 Y199.34 E.01488
G1 X97.845 Y199.07 E.01591
G1 X97.788 Y198.715 E.01944
G1 X97.821 Y198.359 E.01942
G1 X97.942 Y198.029 E.01904
G1 X98.139 Y197.756 E.01824
G1 X98.393 Y197.563 E.01731
G1 X98.708 Y197.455 E.01805
G1 X98.796 Y197.073 E.02122
G1 X98.747 Y196.369 E.03828
G1 X98.627 Y196.014 E.02031
G1 X98.627 Y195.723 E.01577
G1 X98.721 Y195.432 E.01656
G1 X98.907 Y195.168 E.01749
G1 X99.169 Y194.957 E.01825
G1 X99.486 Y194.822 E.01866
G1 X99.826 Y194.777 E.01859
; WIPE_START
G1 X100.153 Y194.824 E-.12563
G1 X100.441 Y194.957 E-.12038
G1 X100.659 Y195.157 E-.11256
G1 X100.795 Y195.406 E-.10773
G1 X100.842 Y195.684 E-.10737
G1 X100.795 Y195.975 E-.1118
G1 X100.705 Y196.149 E-.07452
; WIPE_END
G1 E-.04 F1800
M204 S10000
G17
G3 Z49.8 I1.15 J-.397 P1  F60000
G1 X98.566 Y189.947 Z49.8
G1 Z49.4
G1 E.8 F1800
G1 F7915.629
M204 S8000
G1 X98.592 Y189.792 E.00851
G1 X98.666 Y189.629 E.0097
G1 X98.785 Y189.484 E.01017
G1 X98.902 Y189.399 E.00784
G1 X99.027 Y189.345 E.00739
G1 X99.169 Y189.324 E.00775
G1 X99.252 Y188.71 E.03361
G1 X99.476 Y188.743 E.01226
G1 X99.744 Y188.873 E.01614
G1 X99.954 Y189.078 E.01591
G1 X100.094 Y189.346 E.01634
G1 X100.158 Y189.713 E.02022
G1 X100.322 Y190.357 E.03604
G1 X100.491 Y190.697 E.02056
G1 X100.536 Y190.987 E.01593
G1 X100.491 Y191.271 E.01559
G1 X100.359 Y191.526 E.01553
G1 X100.151 Y191.731 E.01588
G1 X99.879 Y191.869 E.01651
G1 X99.567 Y191.924 E.01718
G1 X99.243 Y191.889 E.01767
G1 X98.947 Y191.768 E.01733
G1 X98.684 Y191.565 E.018
G1 X98.474 Y191.274 E.01946
G1 X98.254 Y190.756 E.03051
G1 X98.098 Y190.574 E.01296
G1 X97.974 Y190.279 E.01735
G1 X97.937 Y189.948 E.01807
G1 X97.993 Y189.61 E.01854
G1 X98.137 Y189.297 E.01869
G1 X98.357 Y189.03 E.01875
G1 X98.593 Y188.857 E.01587
G1 X98.857 Y188.744 E.01556
G1 X99.168 Y188.698 E.01706
; WIPE_START
G1 X99.476 Y188.743 E-.11833
G1 X99.744 Y188.873 E-.11316
G1 X99.954 Y189.078 E-.11158
G1 X100.094 Y189.346 E-.11458
G1 X100.158 Y189.713 E-.14173
G1 X100.262 Y190.123 E-.16062
; WIPE_END
G1 E-.04 F1800
M204 S10000
G17
G3 Z49.8 I1.187 J-.27 P1  F60000
G1 X98.905 Y184.155 Z49.8
G1 Z49.4
G1 E.8 F1800
G1 F7915.629
M204 S8000
G1 X98.88 Y184.077 E.00442
G1 X98.88 Y183.972 E.00568
G1 X98.909 Y183.882 E.00509
G1 X98.961 Y183.812 E.00475
G1 X99.038 Y183.755 E.00518
G1 X99.144 Y183.72 E.00606
G1 X99.274 Y183.718 E.00703
G1 X99.431 Y183.118 E.0336
G1 X99.658 Y183.179 E.01271
G1 X99.932 Y183.344 E.01735
G1 X100.145 Y183.574 E.017
G1 X100.279 Y183.847 E.0165
G1 X100.325 Y184.138 E.016
G1 X100.28 Y184.424 E.01565
G1 X100.149 Y184.681 E.01563
G1 X99.944 Y184.887 E.01579
G1 X99.679 Y185.025 E.01621
G1 X99.376 Y185.081 E.01666
G1 X99.065 Y185.046 E.01699
G1 X98.772 Y184.922 E.01722
G1 X98.527 Y184.722 E.01718
G1 X98.351 Y184.463 E.01697
G1 X98.26 Y184.171 E.01653
G1 X98.26 Y183.875 E.01607
G1 X98.349 Y183.599 E.01571
G1 X98.517 Y183.367 E.01552
G1 X98.752 Y183.197 E.01575
G1 X99.038 Y183.103 E.01629
G1 X99.349 Y183.096 E.01686
; WIPE_START
G1 X99.658 Y183.179 E-.12151
G1 X99.932 Y183.344 E-.12167
G1 X100.145 Y183.574 E-.11916
G1 X100.279 Y183.847 E-.11565
G1 X100.325 Y184.138 E-.11214
G1 X100.28 Y184.424 E-.1097
G1 X100.208 Y184.565 E-.06017
; WIPE_END
G1 E-.04 F1800
M204 S10000
G17
G3 Z49.8 I1.174 J-.319 P1  F60000
G1 X99.082 Y180.417 Z49.8
G1 Z49.4
G1 E.8 F1800
G1 F7915.629
M204 S8000
G1 X99.117 Y180.279 E.00773
G1 X99.194 Y180.168 E.0073
G1 X99.311 Y180.074 E.00814
G1 X99.455 Y180.013 E.00848
G1 X99.608 Y179.995 E.00831
G1 X99.706 Y179.383 E.0336
G1 X99.937 Y179.421 E.01272
G1 X100.213 Y179.558 E.01664
G1 X100.424 Y179.762 E.01595
G1 X100.558 Y180.015 E.01551
G1 X100.603 Y180.297 E.01549
G1 X100.557 Y180.587 E.01592
G1 X100.419 Y180.862 E.01666
G1 X100.198 Y181.096 E.01744
G1 X99.912 Y181.265 E.01798
G1 X99.59 Y181.35 E.01807
G1 X99.264 Y181.346 E.01766
G1 X98.967 Y181.253 E.01688
G1 X98.724 Y181.083 E.01605
G1 X98.552 Y180.854 E.01553
G1 X98.462 Y180.584 E.01545
G1 X98.462 Y180.291 E.01586
G1 X98.555 Y180.001 E.01648
G1 X98.736 Y179.741 E.01717
G1 X98.99 Y179.536 E.01771
G1 X99.295 Y179.408 E.01795
G1 X99.622 Y179.369 E.01782
; WIPE_START
G1 X99.937 Y179.421 E-.12158
G1 X100.213 Y179.558 E-.11664
G1 X100.424 Y179.762 E-.11184
G1 X100.558 Y180.015 E-.10874
G1 X100.603 Y180.297 E-.10859
G1 X100.557 Y180.587 E-.11162
G1 X100.461 Y180.778 E-.08098
; WIPE_END
G1 E-.04 F1800
M204 S10000
G17
G3 Z49.8 I-1.139 J.427 P1  F60000
G1 X108.197 Y201.4 Z49.8
G1 Z49.4
G1 E.8 F1800
G1 F7915.629
M204 S8000
G1 X108.182 Y201.294 E.00581
G1 X108.199 Y201.173 E.00661
G1 X108.25 Y201.063 E.0066
G1 X108.33 Y200.971 E.0066
G1 X108.432 Y200.905 E.0066
G1 X108.549 Y200.871 E.0066
G1 X108.546 Y200.251 E.0336
G1 X108.761 Y200.251 E.01164
G1 X109.048 Y200.335 E.01626
G1 X109.3 Y200.498 E.01625
G1 X109.497 Y200.724 E.01625
G1 X109.621 Y200.997 E.01625
G1 X109.664 Y201.294 E.01625
G1 X109.621 Y201.591 E.01625
G1 X109.497 Y201.863 E.01625
G1 X109.301 Y202.09 E.01626
G1 X109.048 Y202.253 E.01626
G1 X108.761 Y202.338 E.01626
G1 X108.46 Y202.338 E.01627
G1 X108.172 Y202.253 E.01627
G1 X107.92 Y202.091 E.01628
G1 X107.723 Y201.864 E.01628
G1 X107.598 Y201.591 E.01628
G1 X107.555 Y201.294 E.01628
G1 X107.598 Y200.997 E.01628
G1 X107.723 Y200.724 E.01627
G1 X107.92 Y200.497 E.01627
G1 X108.173 Y200.335 E.01627
G1 X108.461 Y200.251 E.01627
; WIPE_START
G1 X108.761 Y200.251 E-.114
G1 X109.048 Y200.335 E-.11397
G1 X109.3 Y200.498 E-.11395
G1 X109.497 Y200.724 E-.11393
G1 X109.621 Y200.997 E-.11393
G1 X109.664 Y201.294 E-.11394
G1 X109.636 Y201.493 E-.07628
; WIPE_END
G1 E-.04 F1800
M204 S10000
G17
G3 Z49.8 I-1.097 J.527 P1  F60000
G1 X110.852 Y204.024 Z49.8
G1 Z49.4
G1 E.8 F1800
G1 F7915.629
M204 S8000
G1 X110.837 Y203.918 E.00581
G1 X110.854 Y203.797 E.00661
G1 X110.905 Y203.686 E.00661
G1 X110.985 Y203.594 E.00661
G1 X111.087 Y203.528 E.00661
G1 X111.204 Y203.494 E.0066
G1 X111.201 Y202.874 E.03361
G1 X111.416 Y202.874 E.01164
G1 X111.704 Y202.959 E.01626
G1 X111.956 Y203.121 E.01626
G1 X112.152 Y203.348 E.01625
G1 X112.277 Y203.621 E.01625
G1 X112.319 Y203.918 E.01625
G1 X112.277 Y204.214 E.01625
G1 X112.152 Y204.487 E.01625
G1 X111.956 Y204.714 E.01625
G1 X111.704 Y204.876 E.01626
G1 X111.416 Y204.961 E.01626
G1 X111.116 Y204.961 E.01627
G1 X110.828 Y204.877 E.01627
G1 X110.575 Y204.715 E.01627
G1 X110.378 Y204.488 E.01628
G1 X110.253 Y204.215 E.01628
G1 X110.211 Y203.918 E.01628
G1 X110.253 Y203.62 E.01628
G1 X110.378 Y203.347 E.01628
G1 X110.575 Y203.12 E.01628
G1 X110.828 Y202.958 E.01628
G1 X111.116 Y202.874 E.01627
; WIPE_START
G1 X111.416 Y202.874 E-.11404
G1 X111.704 Y202.959 E-.11401
G1 X111.956 Y203.121 E-.11398
G1 X112.152 Y203.348 E-.11395
G1 X112.277 Y203.621 E-.11392
G1 X112.319 Y203.918 E-.11391
G1 X112.291 Y204.116 E-.07619
; WIPE_END
G1 E-.04 F1800
M204 S10000
G17
G3 Z49.8 I-1.124 J-.466 P1  F60000
G1 X110.756 Y207.818 Z49.8
G1 Z49.4
G1 E.8 F1800
G1 F7915.629
M204 S8000
G1 X110.771 Y207.712 E.00582
G1 X110.822 Y207.601 E.0066
G1 X110.902 Y207.509 E.0066
G1 X111.004 Y207.443 E.0066
G1 X111.121 Y207.409 E.0066
G1 X111.243 Y207.409 E.00661
G1 X111.414 Y206.813 E.03361
G1 X111.62 Y206.873 E.01165
G1 X111.873 Y207.036 E.01628
G1 X112.069 Y207.263 E.01628
G1 X112.194 Y207.536 E.01627
G1 X112.236 Y207.833 E.01628
G1 X112.193 Y208.13 E.01627
G1 X112.069 Y208.403 E.01627
G1 X111.872 Y208.63 E.01626
G1 X111.619 Y208.792 E.01626
G1 X111.332 Y208.876 E.01626
G1 X111.032 Y208.876 E.01625
G1 X110.744 Y208.791 E.01625
G1 X110.492 Y208.629 E.01625
G1 X110.295 Y208.403 E.01625
G1 X110.171 Y208.13 E.01625
G1 X110.128 Y207.833 E.01626
G1 X110.17 Y207.536 E.01626
G1 X110.295 Y207.263 E.01626
G1 X110.491 Y207.036 E.01626
G1 X110.743 Y206.874 E.01627
G1 X111.031 Y206.789 E.01627
G1 X111.332 Y206.789 E.01627
; WIPE_START
G1 X111.62 Y206.873 E-.11409
G1 X111.873 Y207.036 E-.11412
G1 X112.069 Y207.263 E-.11412
G1 X112.194 Y207.536 E-.11409
G1 X112.236 Y207.833 E-.1141
G1 X112.193 Y208.13 E-.11406
G1 X112.111 Y208.31 E-.07542
; WIPE_END
G1 E-.04 F1800
M204 S10000
G17
G3 Z49.8 I.225 J-1.196 P1  F60000
G1 X105.469 Y207.058 Z49.8
G1 Z49.4
G1 E.8 F1800
G1 F7915.629
M204 S8000
G1 X105.483 Y206.954 E.00572
G1 X105.534 Y206.842 E.00663
G1 X105.613 Y206.749 E.00664
G1 X105.716 Y206.683 E.00663
G1 X105.833 Y206.648 E.00663
G1 X105.955 Y206.648 E.00662
G1 X106.125 Y206.051 E.03361
G1 X106.333 Y206.112 E.0117
G1 X106.586 Y206.275 E.01632
G1 X106.783 Y206.503 E.01632
G1 X106.907 Y206.777 E.01632
G1 X106.949 Y207.075 E.01631
G1 X106.905 Y207.373 E.0163
G1 X106.779 Y207.646 E.01629
G1 X106.582 Y207.872 E.01626
G1 X106.329 Y208.033 E.01624
G1 X106.042 Y208.117 E.01622
G1 X105.743 Y208.117 E.0162
G1 X105.457 Y208.033 E.01619
G1 X105.205 Y207.871 E.0162
G1 X105.009 Y207.646 E.01621
G1 X104.884 Y207.374 E.01623
G1 X104.84 Y207.077 E.01625
G1 X104.882 Y206.78 E.01627
G1 X105.005 Y206.506 E.01629
G1 X105.201 Y206.278 E.01631
G1 X105.454 Y206.114 E.01632
G1 X105.742 Y206.028 E.01632
G1 X106.044 Y206.028 E.01632
; WIPE_START
G1 X106.333 Y206.112 E-.11443
G1 X106.586 Y206.275 E-.11445
G1 X106.783 Y206.503 E-.11442
G1 X106.907 Y206.777 E-.11442
G1 X106.949 Y207.075 E-.11438
G1 X106.905 Y207.373 E-.1143
G1 X106.824 Y207.549 E-.0736
; WIPE_END
G1 E-.04 F1800
M204 S10000
G17
G3 Z49.8 I1.106 J-.508 P1  F60000
G1 X104.735 Y203.006 Z49.8
G1 Z49.4
G1 E.8 F1800
G1 F7915.629
M204 S8000
G1 X104.75 Y202.899 E.00583
G1 X104.8 Y202.788 E.0066
G1 X104.88 Y202.696 E.0066
G1 X104.983 Y202.63 E.0066
G1 X105.099 Y202.596 E.0066
G1 X105.221 Y202.596 E.0066
G1 X105.392 Y202 E.03361
G1 X105.598 Y202.061 E.01164
G1 X105.851 Y202.223 E.01626
G1 X106.047 Y202.449 E.01626
G1 X106.172 Y202.722 E.01626
G1 X106.215 Y203.019 E.01627
G1 X106.172 Y203.317 E.01627
G1 X106.047 Y203.59 E.01627
G1 X105.851 Y203.816 E.01627
G1 X105.598 Y203.979 E.01627
G1 X105.31 Y204.063 E.01627
G1 X105.01 Y204.063 E.01627
G1 X104.722 Y203.978 E.01627
G1 X104.47 Y203.816 E.01626
G1 X104.273 Y203.589 E.01626
G1 X104.149 Y203.316 E.01626
G1 X104.106 Y203.019 E.01626
G1 X104.149 Y202.723 E.01626
G1 X104.274 Y202.45 E.01626
G1 X104.47 Y202.223 E.01626
G1 X104.722 Y202.061 E.01626
G1 X105.01 Y201.976 E.01626
G1 X105.31 Y201.976 E.01626
; WIPE_START
G1 X105.598 Y202.061 E-.11403
G1 X105.851 Y202.223 E-.11402
G1 X106.047 Y202.449 E-.11403
G1 X106.172 Y202.722 E-.11403
G1 X106.215 Y203.019 E-.11407
G1 X106.172 Y203.317 E-.11405
G1 X106.089 Y203.498 E-.07578
; WIPE_END
G1 E-.04 F1800
M204 S10000
G17
G3 Z49.8 I-.269 J-1.187 P1  F60000
G1 X99.057 Y205.089 Z49.8
G1 Z49.4
G1 E.8 F1800
G1 F7915.629
M204 S8000
G1 X99.092 Y204.934 E.0086
G1 X99.167 Y204.825 E.00713
G1 X99.277 Y204.736 E.00768
G1 X99.41 Y204.681 E.00783
G1 X99.548 Y204.665 E.00755
G1 X99.654 Y204.054 E.03361
G1 X99.876 Y204.094 E.01224
G1 X100.144 Y204.233 E.01635
G1 X100.351 Y204.439 E.01586
G1 X100.482 Y204.696 E.01561
G1 X100.527 Y204.98 E.0156
G1 X100.482 Y205.27 E.01592
G1 X100.347 Y205.543 E.01647
G1 X100.133 Y205.772 E.017
G1 X99.856 Y205.936 E.01745
G1 X99.544 Y206.018 E.0175
G1 X99.227 Y206.011 E.01718
G1 X98.936 Y205.916 E.01657
G1 X98.696 Y205.746 E.01593
G1 X98.526 Y205.515 E.01553
G1 X98.437 Y205.242 E.01557
G1 X98.437 Y204.948 E.01594
G1 X98.529 Y204.659 E.01645
G1 X98.707 Y204.4 E.01701
G1 X98.956 Y204.198 E.01736
G1 X99.253 Y204.074 E.01746
G1 X99.57 Y204.039 E.01728
; WIPE_START
G1 X99.876 Y204.094 E-.11823
G1 X100.144 Y204.233 E-.11462
G1 X100.351 Y204.439 E-.11121
G1 X100.482 Y204.696 E-.10944
G1 X100.527 Y204.98 E-.10937
G1 X100.482 Y205.27 E-.11163
G1 X100.382 Y205.472 E-.08549
; WIPE_END
G1 E-.04 F1800
M204 S10000
G17
G3 Z49.8 I-1.123 J-.469 P1  F60000
G1 X99.223 Y208.249 Z49.8
G1 Z49.4
G1 E.8 F1800
G1 F7915.629
M204 S8000
G1 X99.249 Y208.15 E.00554
G1 X99.301 Y208.081 E.00472
G1 X99.39 Y208.019 E.00585
G1 X99.517 Y207.979 E.00722
G1 X99.672 Y207.976 E.00839
G1 X99.826 Y207.375 E.0336
G1 X100.068 Y207.437 E.01352
G1 X100.354 Y207.603 E.01793
G1 X100.575 Y207.834 E.01734
G1 X100.713 Y208.106 E.01653
G1 X100.759 Y208.394 E.01582
G1 X100.714 Y208.676 E.01546
G1 X100.58 Y208.93 E.01555
G1 X100.366 Y209.136 E.01607
G1 X100.089 Y209.274 E.01677
G1 X99.771 Y209.328 E.01752
G1 X99.442 Y209.291 E.01797
G1 X99.134 Y209.165 E.01803
G1 X98.877 Y208.961 E.01772
G1 X98.712 Y208.727 E.01557
G1 X98.603 Y208.413 E.01798
G1 X98.603 Y208.127 E.01552
G1 X98.693 Y207.857 E.01542
G1 X98.867 Y207.628 E.0156
G1 X99.114 Y207.457 E.01627
G1 X99.415 Y207.361 E.01712
G1 X99.744 Y207.354 E.01783
; WIPE_START
G1 X100.068 Y207.437 E-.12717
G1 X100.354 Y207.603 E-.12572
G1 X100.575 Y207.834 E-.12154
G1 X100.713 Y208.106 E-.11586
G1 X100.759 Y208.394 E-.11091
G1 X100.714 Y208.676 E-.10838
G1 X100.652 Y208.793 E-.05042
; WIPE_END
G1 E-.04 F1800
M204 S10000
G17
G3 Z49.8 I-1.058 J-.601 P1  F60000
G1 X98.972 Y211.754 Z49.8
G1 Z49.4
G1 E.8 F1800
G1 F7915.629
M204 S8000
G1 X98.942 Y211.66 E.00533
G1 X98.943 Y211.556 E.00561
G1 X98.97 Y211.471 E.00484
G1 X99.019 Y211.405 E.00445
G1 X99.096 Y211.351 E.00513
G1 X99.207 Y211.317 E.0063
G1 X99.349 Y211.316 E.00767
G1 X99.515 Y210.718 E.0336
G1 X99.752 Y210.785 E.01335
G1 X100.036 Y210.958 E.01807
G1 X100.258 Y211.196 E.01761
G1 X100.396 Y211.475 E.01687
G1 X100.442 Y211.768 E.01607
G1 X100.397 Y212.051 E.01556
G1 X100.264 Y212.304 E.01547
G1 X100.054 Y212.507 E.01583
G1 X99.782 Y212.641 E.01644
G1 X99.471 Y212.691 E.0171
G1 X99.148 Y212.649 E.01763
G1 X98.846 Y212.519 E.01782
G1 X98.594 Y212.311 E.01771
G1 X98.415 Y212.047 E.0173
G1 X98.322 Y211.754 E.01663
G1 X98.323 Y211.458 E.01609
G1 X98.412 Y211.184 E.0156
G1 X98.581 Y210.955 E.01543
G1 X98.82 Y210.788 E.01582
G1 X99.112 Y210.697 E.01655
G1 X99.432 Y210.695 E.01739
; WIPE_START
G1 X99.752 Y210.785 E-.126
G1 X100.036 Y210.958 E-.1267
G1 X100.258 Y211.196 E-.12346
G1 X100.396 Y211.475 E-.11827
G1 X100.442 Y211.768 E-.11264
G1 X100.397 Y212.051 E-.10906
G1 X100.343 Y212.153 E-.04387
; WIPE_END
G1 E-.04 F1800
M204 S10000
G17
G3 Z49.8 I-1.206 J.161 P1  F60000
G1 X101.067 Y217.592 Z49.8
G1 Z49.4
G1 E.8 F1800
G1 F7915.629
M204 S8000
G1 X100.986 Y217.384 E.01216
G1 X100.969 Y217.232 E.00826
G1 X100.981 Y217.103 E.00703
G1 X101.024 Y216.972 E.00744
G1 X101.097 Y216.866 E.00698
G1 X101.18 Y216.802 E.00571
G1 X101.269 Y216.769 E.00516
G1 X101.374 Y216.766 E.00567
G1 X101.535 Y216.168 E.03361
G1 X101.754 Y216.231 E.01235
G1 X102.047 Y216.426 E.01907
G1 X102.285 Y216.714 E.02025
G1 X102.47 Y217.156 E.02601
G1 X102.871 Y217.79 E.04063
G1 X103.222 Y217.92 E.02029
G1 X103.49 Y218.111 E.01784
G1 X103.687 Y218.351 E.01683
G1 X103.816 Y218.636 E.01694
G1 X103.858 Y218.946 E.01696
G1 X103.808 Y219.245 E.01643
G1 X103.671 Y219.511 E.0162
G1 X103.458 Y219.724 E.01636
G1 X103.18 Y219.869 E.01698
G1 X102.889 Y219.926 E.01605
G1 X102.603 Y219.911 E.01557
G1 X102.295 Y219.816 E.01744
G1 X102.008 Y219.635 E.01839
G1 X101.781 Y219.388 E.01821
G1 X101.598 Y219.021 E.02222
G1 X101.28 Y218.814 E.02056
G1 X101.031 Y218.44 E.02435
G1 X100.701 Y218.155 E.02364
G1 X100.499 Y217.86 E.0194
G1 X100.377 Y217.525 E.0193
G1 X100.346 Y217.238 E.01567
G1 X100.37 Y216.977 E.0142
G1 X100.462 Y216.695 E.01605
G1 X100.64 Y216.436 E.01703
G1 X100.876 Y216.252 E.01624
G1 X101.153 Y216.152 E.01593
G1 X101.453 Y216.144 E.01627
; WIPE_START
G1 X101.754 Y216.231 E-.11902
G1 X102.047 Y216.426 E-.1337
G1 X102.285 Y216.714 E-.14198
G1 X102.47 Y217.156 E-.18233
G1 X102.727 Y217.564 E-.18297
; WIPE_END
G1 E-.04 F1800
M204 S10000
G17
G3 Z49.8 I.811 J.908 P1  F60000
G1 X105.46 Y215.123 Z49.8
G1 Z49.4
G1 E.8 F1800
G1 F7915.629
M204 S8000
G1 X105.383 Y215 E.00788
G1 X105.337 Y214.847 E.00864
G1 X105.337 Y214.723 E.00672
G1 X105.366 Y214.635 E.00505
G1 X105.409 Y214.578 E.00387
G1 X105.469 Y214.537 E.00392
G1 X105.564 Y214.512 E.00535
G1 X105.585 Y213.892 E.03361
G1 X105.82 Y213.906 E.01279
G1 X105.956 Y213.955 E.00784
G1 X106.288 Y213.9 E.0182
G1 X106.578 Y213.942 E.01589
G1 X106.832 Y214.07 E.01542
G1 X107.032 Y214.274 E.01546
G1 X107.161 Y214.54 E.01604
G1 X107.207 Y214.849 E.01692
G1 X107.16 Y215.174 E.01784
G1 X107.022 Y215.484 E.01837
G1 X106.804 Y215.746 E.01845
G1 X106.533 Y215.931 E.01783
G1 X106.232 Y216.024 E.01707
G1 X105.913 Y216.031 E.01729
G1 X105.573 Y215.962 E.01881
G1 X105.262 Y215.798 E.01905
G1 X105 Y215.555 E.01936
G1 X104.813 Y215.259 E.01898
G1 X104.717 Y214.939 E.01813
G1 X104.717 Y214.626 E.01694
G1 X104.807 Y214.347 E.01591
G1 X104.975 Y214.121 E.01524
G1 X105.21 Y213.964 E.01532
G1 X105.5 Y213.888 E.01621
; WIPE_START
G1 X105.82 Y213.906 E-.12205
G1 X105.956 Y213.955 E-.05495
G1 X106.288 Y213.9 E-.12757
G1 X106.578 Y213.942 E-.11143
G1 X106.832 Y214.07 E-.10813
G1 X107.032 Y214.274 E-.10839
G1 X107.161 Y214.54 E-.11248
G1 X107.167 Y214.579 E-.01499
; WIPE_END
G1 E-.04 F1800
M204 S10000
G17
G3 Z49.8 I-.181 J1.203 P1  F60000
G1 X111.544 Y215.235 Z49.8
G1 Z49.4
G1 E.8 F1800
G1 F7915.629
M204 S8000
G1 X111.64 Y214.88 E.01995
G1 X111.746 Y214.696 E.01151
G1 X111.87 Y214.574 E.00943
G1 X111.982 Y214.517 E.00681
G1 X112.066 Y214.503 E.00464
G1 X112.16 Y213.89 E.03362
G1 X112.349 Y213.925 E.01043
G1 X112.595 Y214.069 E.01542
G1 X112.791 Y214.293 E.01614
G1 X112.92 Y214.584 E.01725
G1 X112.965 Y214.915 E.01815
G1 X112.919 Y215.259 E.01877
G1 X112.785 Y215.586 E.01917
G1 X112.163 Y216.439 E.05723
G1 X112.128 Y216.653 E.01174
G1 X111.992 Y216.94 E.01724
G1 X111.781 Y217.179 E.01727
G1 X111.516 Y217.35 E.01707
G1 X111.199 Y217.443 E.01794
G1 X110.862 Y217.438 E.01824
G1 X110.555 Y217.334 E.01761
G1 X110.281 Y217.124 E.0187
G1 X110.126 Y216.904 E.01458
G1 X110.032 Y216.631 E.01563
G1 X110.015 Y216.348 E.01541
G1 X110.061 Y216.106 E.01335
G1 X110.17 Y215.86 E.01457
G1 X110.37 Y215.612 E.01726
G1 X110.444 Y215.559 E.00496
G1 X110.955 Y215.039 E.03949
G1 X111.063 Y214.64 E.02238
G1 X111.251 Y214.313 E.02047
G1 X111.503 Y214.067 E.01908
G1 X111.787 Y213.919 E.01733
G1 X112.076 Y213.874 E.01588
; WIPE_START
G1 X112.349 Y213.925 E-.10553
G1 X112.595 Y214.069 E-.10814
G1 X112.791 Y214.293 E-.11319
G1 X112.92 Y214.584 E-.12092
G1 X112.965 Y214.915 E-.12725
G1 X112.919 Y215.259 E-.13158
G1 X112.866 Y215.389 E-.05338
; WIPE_END
G1 E-.04 F1800
M204 S10000
G17
G3 Z49.8 I-1.029 J-.649 P1  F60000
G1 X108.834 Y221.783 Z49.8
G1 Z49.4
G1 E.8 F1800
G1 F7915.629
M204 S8000
G1 X109.043 Y221.701 E.01215
G1 X109.25 Y221.191 E.02984
G1 X109.334 Y221.073 E.00782
G1 X109.421 Y221.008 E.00592
G1 X109.547 Y220.964 E.00719
G1 X109.693 Y220.961 E.00796
G1 X109.859 Y220.363 E.03361
G1 X110.28 Y220.488 E.02378
G1 X110.57 Y220.657 E.01819
G1 X110.813 Y220.903 E.01875
G1 X110.959 Y221.18 E.01696
G1 X111.005 Y221.467 E.0158
G1 X110.956 Y221.75 E.01558
G1 X110.816 Y222.008 E.01588
G1 X110.575 Y222.233 E.0179
G1 X110.259 Y222.391 E.01915
G1 X109.941 Y222.46 E.01764
G1 X109.544 Y222.458 E.02149
G1 X109.105 Y222.35 E.02451
G1 X108.77 Y222.452 E.01897
G1 X108.157 Y222.884 E.04068
G1 X108.063 Y223.078 E.01167
G1 X107.832 Y223.345 E.01913
G1 X107.539 Y223.543 E.01914
G1 X107.176 Y223.66 E.02072
G1 X106.815 Y223.661 E.01956
G1 X106.518 Y223.568 E.01684
G1 X106.274 Y223.396 E.01622
G1 X106.097 Y223.159 E.016
G1 X106.001 Y222.874 E.01631
G1 X105.995 Y222.557 E.01721
G1 X106.067 Y222.283 E.01534
G1 X106.169 Y222.076 E.0125
G1 X106.356 Y221.835 E.01651
G1 X106.634 Y221.618 E.01915
G1 X106.957 Y221.479 E.01906
G1 X107.294 Y221.433 E.01846
G1 X107.615 Y221.483 E.01758
G1 X107.738 Y221.546 E.0075
G1 X108.569 Y221.221 E.04836
G1 X108.703 Y220.89 E.01935
G1 X108.885 Y220.635 E.01697
G1 X109.126 Y220.454 E.01635
G1 X109.436 Y220.346 E.01778
G1 X109.777 Y220.339 E.0185
; WIPE_START
G1 X110.28 Y220.488 E-.19912
G1 X110.57 Y220.657 E-.12752
G1 X110.813 Y220.903 E-.13146
G1 X110.959 Y221.18 E-.11892
G1 X111.005 Y221.467 E-.11079
G1 X110.973 Y221.655 E-.07219
; WIPE_END
G1 E-.04 F1800
M204 S10000
G17
G3 Z49.8 I.061 J-1.215 P1  F60000
G1 X100.15 Y221.107 Z49.8
G1 Z49.4
G1 E.8 F1800
G1 F7915.629
M204 S8000
G1 X100.19 Y221.008 E.00579
G1 X100.298 Y220.863 E.0098
G1 X100.437 Y220.753 E.00958
G1 X100.587 Y220.689 E.00886
G1 X100.727 Y220.672 E.00764
G1 X100.831 Y220.061 E.03361
G1 X101.052 Y220.102 E.01219
G1 X101.318 Y220.249 E.01643
G1 X101.523 Y220.474 E.01651
G1 X101.651 Y220.762 E.0171
G1 X101.688 Y221.092 E.01797
G1 X101.631 Y221.43 E.01859
G1 X101.483 Y221.745 E.01884
G1 X101.263 Y222.005 E.0185
G1 X100.961 Y222.208 E.01972
G1 X100.618 Y222.309 E.01938
G1 X100.301 Y222.303 E.01716
G1 X100.016 Y222.205 E.01636
G1 X99.776 Y222.027 E.01618
G1 X99.601 Y221.782 E.01633
G1 X99.504 Y221.488 E.01681
G1 X99.493 Y221.213 E.0149
G1 X99.534 Y220.977 E.01295
G1 X99.646 Y220.702 E.01614
G1 X99.849 Y220.428 E.01847
G1 X100.117 Y220.215 E.01852
G1 X100.425 Y220.084 E.01819
G1 X100.747 Y220.045 E.01757
; COOLING_NODE: 0
; WIPE_START
G1 X101.052 Y220.102 E-.1179
G1 X101.318 Y220.249 E-.11522
G1 X101.523 Y220.474 E-.11574
G1 X101.651 Y220.762 E-.11991
G1 X101.688 Y221.092 E-.12596
G1 X101.631 Y221.43 E-.13031
G1 X101.592 Y221.513 E-.03495
; WIPE_END
G1 E-.04 F1800
M204 S10000
G17
G3 Z49.8 I.93 J.785 P1  F60000
G1 X121.794 Y197.593 Z49.8
G1 Z49.4
G1 E.8 F1800
; FEATURE: Other object
; LINE_WIDTH: 0.45
G1 F11292.473
M204 S8000
G1 X122.607 Y197.593 E.03089
G1 X122.607 Y201.593 E.15197
G1 X125.994 Y201.593 E.12868
G1 X125.994 Y190.493 E.42172
G1 X130.807 Y190.493 E.18286
G1 X130.807 Y213.257 E.86483
G1 X125.994 Y213.257 E.18286
G1 X125.994 Y211.407 E.07029
G1 X122.607 Y211.407 E.12868
G1 X122.607 Y212.157 E.02849
G1 X121.794 Y212.157 E.03089
G1 X121.794 Y197.653 E.55101
; COOLING_NODE: 0
; WIPE_START
G1 X122.607 Y197.593 E-.30979
G1 X122.607 Y198.778 E-.45021
; WIPE_END
G1 E-.04 F1800
M204 S10000
G1 X120.943 Y191.329 Z49.8 F60000
G1 X102.807 Y110.093 Z49.8
G1 Z49.4
G1 E.8 F1800
G1 F11292.473
M204 S8000
G1 X119.993 Y110.093 E.65298
G1 X119.994 Y97.976 E.46037
G1 X120.011 Y97.787 E.00721
G1 X120.078 Y97.523 E.01036
G1 X120.239 Y97.209 E.01341
G1 X120.441 Y96.972 E.01183
G1 X120.728 Y96.765 E.01344
G1 X120.883 Y96.693 E.00647
G1 X121.093 Y96.631 E.00832
G1 X121.64 Y96.792 E.02168
G1 X122.845 Y97.269 E.04921
G1 X123.31 Y97.408 E.01844
G1 X123.818 Y97.485 E.01954
G1 X124.383 Y97.441 E.02154
G1 X125.054 Y97.154 E.02771
G1 X125.381 Y96.593 E.02464
G1 X125.619 Y96.593 E.00907
G1 X125.785 Y96.736 E.00832
G1 X126.275 Y97.257 E.02716
G1 X126.812 Y97.54 E.02304
G1 X127.305 Y97.692 E.01961
G1 X127.783 Y97.768 E.01838
G1 X128.255 Y97.785 E.01796
G1 X128.729 Y97.744 E.01807
G1 X129.212 Y97.638 E.01877
G1 X129.717 Y97.441 E.02062
G1 X130.277 Y97.062 E.02568
G1 X130.569 Y96.593 E.02098
G1 X130.824 Y96.593 E.00969
G1 X131.133 Y96.852 E.01528
G1 X131.734 Y97.088 E.02456
G1 X132.307 Y97.074 E.02178
G1 X132.78 Y96.977 E.01835
G1 X133.586 Y96.749 E.0318
G1 X133.877 Y96.684 E.01136
G1 X134.159 Y96.818 E.01186
G1 X134.352 Y96.968 E.00927
G1 X134.499 Y97.125 E.00817
G1 X134.616 Y97.297 E.00793
G1 X134.707 Y97.486 E.00797
G1 X134.77 Y97.691 E.00815
G1 X134.804 Y97.94 E.00955
G1 X134.806 Y111.906 E.53061
G1 X124.807 Y111.906 E.37992
G1 X124.807 Y112.056 E.0057
G1 X124.311 Y112.056 E.01884
G1 X124.311 Y130.743 E.70997
G1 X124.807 Y130.743 E.01884
G1 X124.807 Y171.807 E1.56009
G1 X124.311 Y171.807 E.01884
G1 X124.311 Y189.907 E.68767
G1 X119.994 Y189.907 E.16402
G1 X119.994 Y176.907 E.4939
G1 X98.284 Y176.907 E.82479
G1 X98.293 Y170.093 E.25885
G1 X101.993 Y170.093 E.1406
G1 X101.993 Y147.273 E.86699
G1 X119.993 Y147.273 E.68387
G1 X119.993 Y111.906 E1.34368
G1 X100.993 Y111.906 E.72186
G1 X100.993 Y99.843 E.45831
G1 X102.807 Y99.843 E.06888
G1 X102.807 Y110.033 E.38714
; COOLING_NODE: 0
M204 S250
G1 X103.19 Y109.71 F60000
; FEATURE: Other object
; LINE_WIDTH: 0.42
G1 F12000
M204 S5000
G1 X119.61 Y109.71 E.57687
G1 X119.611 Y97.959 E.41283
G1 X119.666 Y97.558 E.01422
G1 X119.808 Y97.183 E.01408
G1 X119.921 Y96.992 E.00782
G1 X120.059 Y96.815 E.00788
G1 X120.355 Y96.547 E.01403
G1 X120.544 Y96.428 E.00785
G1 X120.739 Y96.337 E.00757
G1 X121.099 Y96.238 E.01309
G1 X121.769 Y96.431 E.02452
G1 X122.971 Y96.906 E.04539
G1 X123.394 Y97.033 E.01552
G1 X123.832 Y97.099 E.01558
G1 X124.291 Y97.064 E.01615
G1 X124.786 Y96.851 E.01895
G1 X125.16 Y96.21 E.02608
G1 X125.762 Y96.21 E.02113
G1 X126.051 Y96.459 E.0134
G1 X126.511 Y96.947 E.02357
G1 X126.959 Y97.184 E.01781
G1 X127.392 Y97.318 E.01592
G1 X127.82 Y97.386 E.01521
G1 X128.245 Y97.401 E.01496
G1 X128.671 Y97.364 E.01503
G1 X129.101 Y97.27 E.01544
G1 X129.538 Y97.1 E.01649
G1 X129.994 Y96.79 E.01938
G1 X130.356 Y96.21 E.02402
G1 X130.964 Y96.21 E.02133
G1 X131.331 Y96.518 E.01684
G1 X131.802 Y96.703 E.01779
G1 X132.264 Y96.692 E.01621
G1 X132.69 Y96.605 E.01527
G1 X133.491 Y96.377 E.02928
G1 X133.902 Y96.286 E.01478
G1 X134.137 Y96.369 E.00876
G1 X134.37 Y96.496 E.00932
G1 X134.612 Y96.683 E.01074
G1 X134.799 Y96.885 E.00967
G1 X134.95 Y97.105 E.00937
G1 X135.066 Y97.346 E.0094
G1 X135.146 Y97.609 E.00965
G1 X135.188 Y97.914 E.01083
G1 X135.19 Y112.29 E.50505
G1 X125.19 Y112.29 E.35132
G1 X125.19 Y112.44 E.00527
G1 X124.694 Y112.44 E.01742
G1 X124.694 Y130.36 E.62957
G1 X125.19 Y130.36 E.01742
G1 X125.19 Y172.19 E1.46959
G1 X124.694 Y172.19 E.01742
G1 X124.694 Y190.11 E.62957
G1 X131.19 Y190.11 E.22821
G1 X131.19 Y213.64 E.82667
G1 X125.61 Y213.64 E.19604
G1 X125.61 Y211.79 E.06499
G1 X122.99 Y211.79 E.09205
G1 X122.99 Y212.54 E.02635
G1 X121.41 Y212.54 E.05551
G1 X121.41 Y197.21 E.53858
G1 X122.99 Y197.21 E.05551
G1 X122.99 Y201.21 E.14053
G1 X125.61 Y201.21 E.09205
G1 X125.61 Y190.29 E.38365
G1 X119.61 Y190.29 E.21079
G1 X119.61 Y177.29 E.45672
G1 X97.9 Y177.29 E.76272
G1 X97.91 Y169.71 E.2663
G1 X101.61 Y169.71 E.13
G1 X101.61 Y146.89 E.80172
G1 X119.61 Y146.89 E.63238
G1 X119.61 Y112.29 E1.21558
G1 X100.61 Y112.29 E.66752
G1 X100.61 Y99.46 E.45075
G1 X103.19 Y99.46 E.09064
G1 X103.19 Y109.65 E.358
; WIPE_START
M204 S8000
G1 X105.19 Y109.657 E-.76
; WIPE_END
G1 E-.04 F1800
M204 S10000
G1 X101.947 Y111.566 Z49.8 F60000
G1 Z49.4
G1 E.8 F1800
; FEATURE: Other object
; LINE_WIDTH: 0.45
G1 F11292.473
M204 S8000
G1 X101.334 Y111.566 E.02326
G1 X101.334 Y110.584 E.0373
G1 X102.466 Y109.453 E.06077
G1 X102.466 Y105.35 E.15587
G1 X101.334 Y104.219 E.06077
G1 X101.334 Y103.07 E.04367
G1 X102.466 Y101.938 E.06077
G1 X102.466 Y100.344 E.06056
; WIPE_START
G1 X102.466 Y101.938 E-.60571
G1 X102.178 Y102.226 E-.15429
; WIPE_END
G1 E-.04 F1800
M204 S10000
G1 X108.963 Y105.722 Z49.8 F60000
G1 X118.106 Y110.434 Z49.8
G1 Z49.4
G1 E.8 F1800
G1 F11292.473
M204 S8000
G1 X116.512 Y110.434 E.06056
G1 X115.381 Y111.566 E.06077
G1 X116.195 Y111.566 E.03094
G1 X115.064 Y110.434 E.06077
G1 X108.998 Y110.434 E.23047
G1 X107.867 Y111.566 E.06077
G1 X108.681 Y111.566 E.03094
G1 X107.55 Y110.434 E.06077
G1 X105.956 Y110.434 E.06056
; WIPE_START
G1 X107.55 Y110.434 E-.60571
G1 X107.837 Y110.722 E-.15429
; WIPE_END
G1 E-.04 F1800
M204 S10000
G1 X115.174 Y108.617 Z49.8 F60000
G1 X124.421 Y105.965 Z49.8
G1 Z49.4
G1 E.8 F1800
; FEATURE: Other object
; LINE_WIDTH: 0.484694
G1 F10388.052
M204 S8000
G1 X134.33 Y105.965 E.40924
M204 S10000
G1 X134.315 Y105.549 F60000
; FEATURE: Other object
; LINE_WIDTH: 0.45
G1 F11292.473
M204 S8000
G1 X132.721 Y105.549 E.06056
G1 X124.804 Y97.632 E.42539
G1 X124.466 Y97.777 E.01397
G1 X123.806 Y97.828 E.02515
G1 X123.235 Y97.742 E.02193
G1 X122.733 Y97.591 E.01991
G1 X122.094 Y97.338 E.02611
G1 X120.335 Y99.097 E.09451
G1 X120.335 Y100.677 E.06003
G1 X125.207 Y105.549 E.26177
G1 X128.911 Y105.549 E.14074
G1 X134.463 Y99.997 E.29832
G1 X134.463 Y99.777 E.00834
G1 X132.106 Y97.42 E.12664
G1 X131.674 Y97.431 E.01645
G1 X130.956 Y97.149 E.02928
G1 X130.738 Y96.966 E.0108
G1 X130.528 Y97.304 E.01511
G1 X129.877 Y97.745 E.02989
G1 X129.311 Y97.965 E.02309
G1 X128.889 Y98.058 E.01641
G1 X120.335 Y106.612 E.4596
G1 X120.335 Y108.191 E.06
G1 X123.97 Y111.826 E.19532
G1 X123.97 Y111.716 E.0042
G1 X124.466 Y111.716 E.01884
G1 X124.466 Y111.566 E.0057
G1 X125.303 Y111.566 E.03182
; WIPE_START
G1 X124.466 Y111.566 E-.3183
G1 X124.466 Y111.716 E-.057
G1 X123.97 Y111.716 E-.18842
G1 X123.97 Y111.826 E-.042
G1 X123.683 Y111.539 E-.15429
; WIPE_END
G1 E-.04 F1800
M204 S10000
G1 X119.881 Y118.157 Z49.8 F60000
G1 X102.334 Y148.71 Z49.8
G1 Z49.4
G1 E.8 F1800
G1 F11292.473
M204 S8000
G1 X102.334 Y150.304 E.06056
G1 X123.97 Y171.939 E1.16246
G1 X123.97 Y171.466 E.01798
G1 X124.466 Y171.466 E.01884
G1 X124.466 Y170.108 E.05159
G1 X118.008 Y176.566 E.34698
G1 X119.602 Y176.566 E.06056
; WIPE_START
G1 X118.008 Y176.566 E-.60571
G1 X118.295 Y176.278 E-.15429
; WIPE_END
G1 E-.04 F1800
M204 S10000
G1 X120.153 Y183.681 Z49.8 F60000
G1 X121.63 Y189.566 Z49.8
G1 Z49.4
G1 E.8 F1800
G1 F11292.473
M204 S8000
G1 X120.334 Y189.566 E.04921
G1 X120.334 Y189.267 E.01135
G1 X123.97 Y185.632 E.19532
G1 X123.97 Y186.967 E.05074
G1 X120.334 Y183.332 E.19532
G1 X120.334 Y181.753 E.05999
G1 X123.97 Y178.118 E.19532
G1 X123.97 Y179.453 E.05074
G1 X102.334 Y157.818 E1.16246
G1 X102.334 Y154.668 E.11965
G1 X109.388 Y147.614 E.379
G1 X107.159 Y147.614 E.08468
G1 X124.466 Y164.921 E.92985
G1 X124.466 Y162.594 E.08841
G1 X110.494 Y176.566 E.75072
G1 X113.568 Y176.566 E.11682
G1 X102.334 Y165.332 E.60359
G1 X102.334 Y162.182 E.11965
G1 X116.902 Y147.614 E.78273
G1 X114.674 Y147.614 E.08468
G1 X124.466 Y157.406 E.52612
G1 X124.466 Y155.079 E.08841
G1 X102.979 Y176.566 E1.15445
G1 X106.054 Y176.566 E.11682
G1 X99.923 Y170.434 E.32942
G1 X98.633 Y170.434 E.049
G1 X98.63 Y173.401 E.11272
G1 X101.596 Y170.434 E.15941
G1 X102.334 Y170.434 E.02804
G1 X102.334 Y169.696 E.02804
G1 X124.466 Y147.565 E1.1891
G1 X124.466 Y149.892 E.08841
G1 X120.334 Y145.761 E.22196
G1 X120.334 Y144.182 E.05999
G1 X124.466 Y140.051 E.22196
G1 X124.466 Y142.378 E.08841
G1 X120.334 Y138.247 E.22196
G1 X120.334 Y136.668 E.05999
G1 X124.466 Y132.537 E.22196
G1 X124.466 Y134.864 E.08841
G1 X120.334 Y130.733 E.22196
G1 X120.334 Y129.154 E.05999
G1 X123.97 Y125.519 E.19532
G1 X123.97 Y126.854 E.05074
G1 X120.334 Y123.219 E.19532
G1 X120.334 Y121.64 E.05999
G1 X123.97 Y118.005 E.19532
G1 X123.97 Y119.34 E.05073
G1 X120.334 Y115.705 E.19532
G1 X120.334 Y114.126 E.05999
G1 X128.08 Y106.381 E.41614
G1 X126.039 Y106.381 E.07754
G1 X131.223 Y111.566 E.27857
G1 X130.409 Y111.566 E.03094
G1 X134.465 Y107.51 E.21791
G1 X134.465 Y107.293 E.00825
G1 X133.553 Y106.381 E.049
G1 X131.959 Y106.381 E.06056
; WIPE_START
G1 X133.553 Y106.381 E-.60572
G1 X133.84 Y106.668 E-.15429
; WIPE_END
G1 E-.04 F1800
M204 S10000
G1 X133.285 Y114.28 Z49.8 F60000
G1 X127.202 Y197.713 Z49.8
G1 Z49.4
G1 E.8 F1800
G1 F11292.473
M204 S8000
G1 X126.334 Y196.846 E.0466
G1 X126.334 Y198.295 E.05506
G1 X130.466 Y194.164 E.22196
G1 X130.466 Y193.463 E.02664
G1 X127.837 Y190.834 E.14122
G1 X126.334 Y190.834 E.05709
G1 X126.334 Y190.926 E.00347
; WIPE_START
G1 X126.334 Y190.834 E-.03469
G1 X127.837 Y190.834 E-.57103
G1 X128.124 Y191.122 E-.15429
; WIPE_END
G1 E-.04 F1800
M204 S10000
G1 X123.056 Y196.829 Z49.8 F60000
G1 X122.2 Y197.793 Z49.8
G1 Z49.4
G1 E.8 F1800
; FEATURE: Other object
; LINE_WIDTH: 0.466044
G1 F10855.407
M204 S8000
G1 X122.2 Y201.793 E.15809
M204 S10000
G1 X123.089 Y201.758 F60000
; FEATURE: Other object
; LINE_WIDTH: 0.41054
; LAYER_HEIGHT: 0.4
G1 F1500
M204 S8000
G1 X122.16 Y202.687 E.06907
G1 X122.16 Y203.338 E.03425
G1 X123.538 Y201.96 E.10245
G1 X124.189 Y201.96 E.03425
G1 X122.16 Y203.989 E.15089
G1 X122.16 Y204.64 E.03425
G1 X124.84 Y201.96 E.19932
G1 X125.492 Y201.96 E.03425
G1 X121.958 Y205.494 E.26282
; WIPE_START
G1 X123.372 Y204.08 E-.76
; WIPE_END
G1 E-.04 F1800
M204 S10000
G1 X122.219 Y211.625 Z49.8 F60000
G1 X122.2 Y211.75 Z49.8
G1 Z49.4
G1 E.8 F1800
; FEATURE: Other object
; LINE_WIDTH: 0.466044
; LAYER_HEIGHT: 0.24
G1 F10855.407
M204 S8000
G1 X122.2 Y211.532 E.00861
; WIPE_START
G1 X122.2 Y211.75 E-.76
; WIPE_END
G1 E-.04 F1800
M204 S10000
G1 X126.734 Y213.092 Z49.8 F60000
G1 Z49.4
G1 E.8 F1800
; FEATURE: Other object
; LINE_WIDTH: 0.41054
; LAYER_HEIGHT: 0.4
G1 F1500
M204 S8000
G1 X130.44 Y209.387 E.27556
G1 X130.44 Y208.736 E.03425
G1 X126.36 Y212.815 E.30339
G1 X126.36 Y212.164 E.03425
G1 X130.439 Y208.086 E.3033
G1 X130.286 Y208.063 E.00813
G1 X130.048 Y207.825 E.0177
G1 X126.36 Y211.513 E.27421
G1 X126.36 Y211.04 E.02486
G1 X126.182 Y211.04 E.00939
G1 X129.722 Y207.5 E.26327
G1 X129.396 Y207.174 E.02422
G1 X125.53 Y211.04 E.28749
G1 X124.879 Y211.04 E.03425
G1 X129.071 Y206.848 E.3117
G1 X128.745 Y206.523 E.02422
G1 X124.228 Y211.04 E.33592
G1 X123.577 Y211.04 E.03425
G1 X128.419 Y206.197 E.36014
G1 X128.094 Y205.871 E.02422
G1 X122.925 Y211.04 E.38436
G1 X122.274 Y211.04 E.03425
G1 X127.768 Y205.546 E.40857
G1 X127.442 Y205.22 E.02422
G1 X122.16 Y210.502 E.39281
G1 X122.16 Y209.851 E.03425
G1 X127.117 Y204.894 E.36859
G1 X127.051 Y204.829 E.0049
G1 X130.44 Y201.439 E.25204
G1 X130.44 Y200.92 E.02732
G1 X122.16 Y209.2 E.61573
G1 X122.16 Y208.548 E.03425
G1 X130.222 Y200.486 E.59956
G1 X129.897 Y200.16 E.02422
G1 X122.16 Y207.897 E.57534
G1 X122.16 Y207.246 E.03425
G1 X129.571 Y199.835 E.55112
G1 X129.245 Y199.509 E.02422
G1 X122.16 Y206.594 E.5269
G1 X122.16 Y205.943 E.03425
G1 X128.92 Y199.184 E.50269
G1 X128.594 Y198.858 E.02422
G1 X126.36 Y201.092 E.16613
G1 X126.36 Y200.44 E.03425
G1 X128.268 Y198.532 E.14191
G1 X127.943 Y198.207 E.02422
G1 X126.158 Y199.992 E.13275
; CHANGE_LAYER
; Z_HEIGHT: 49.64
; LAYER_HEIGHT: 0.239998
; WIPE_START
G1 F1500
G1 X127.572 Y198.577 E-.76
; WIPE_END
G1 E-.04 F1800
; FEATURE: Other object
; stop printing object, unique label id: 1901
M625
; layer num/total_layer_count: 207/258
; update layer progress
M73 L207
M991 S0 P206 ;notify layer change
M106 S124.95
; OBJECT_ID: 1902
; FEATURE: Other object
; start printing object, unique label id: 1902
M624 AgAAAAAAAAA=
M204 S10000
G17
G3 Z49.8 I.767 J.944 P1  F60000
G1 X210.457 Y131.232 Z49.8
G1 Z49.64
G1 E.8 F1800
; FEATURE: Support interface
; LINE_WIDTH: 0.62
G1 F4800
M204 S8000
G1 X211.026 Y130.663 E.04359
G1 X211.026 Y129.152 E.0819
G1 X209.202 Y130.976 E.1398
G1 X207.859 Y130.976 E.07278
G1 X207.859 Y130.808 E.00912
G1 X211.026 Y127.641 E.24273
G1 X211.026 Y126.13 E.0819
G1 X207.859 Y129.297 E.24273
G1 X207.859 Y127.785 E.0819
G1 X211.026 Y124.619 E.24273
G1 X211.026 Y123.108 E.0819
G1 X207.859 Y126.274 E.24273
G1 X207.859 Y124.763 E.0819
G1 X211.026 Y121.597 E.24273
G1 X211.026 Y120.086 E.0819
G1 X207.859 Y123.252 E.24273
G1 X207.859 Y121.741 E.0819
G1 X211.026 Y118.574 E.24273
G1 X211.026 Y117.063 E.0819
G1 X207.859 Y120.23 E.24273
G1 X207.859 Y118.719 E.0819
G1 X210.054 Y116.524 E.16824
G1 X208.543 Y116.524 E.0819
G1 X207.859 Y117.208 E.05242
G1 X207.859 Y115.697 E.0819
G1 X208.211 Y115.345 E.02696
G1 X208.211 Y113.834 E.0819
G1 X207.603 Y114.442 E.04657
; COOLING_NODE: 0
; WIPE_START
; WIPE_END
G1 E-.8 F1800
M204 S10000
G17
G3 Z50.04 I-1.195 J-.23 P1  F60000
G1 X188.717 Y212.532 Z50.04
G1 Z49.64
G1 E.8 F1800
; FEATURE: Inner wall
; LINE_WIDTH: 0.45
G1 F11292.473
M204 S8000
G1 X188.717 Y222.782 E.38942
G1 X186.903 Y222.782 E.06888
G1 X186.903 Y210.718 E.45831
G1 X205.903 Y210.718 E.72186
G1 X205.903 Y175.352 E1.34368
G1 X187.903 Y175.352 E.68387
G1 X187.903 Y150.531 E.94298
G1 X181.993 Y150.531 E.22454
G1 X181.993 Y93.968 E2.14898
G1 X185.006 Y93.968 E.11447
G1 X185.006 Y95.781 E.06888
G1 X183.806 Y95.781 E.04559
G1 X183.806 Y145.718 E1.89724
G1 X187.903 Y145.718 E.15566
G1 X187.903 Y97.718 E1.82365
G1 X204.717 Y97.718 E.63877
G1 X204.717 Y110.218 E.47491
G1 X210.717 Y110.218 E.22796
G1 X210.717 Y115.031 E.18286
G1 X209.703 Y115.031 E.03849
G1 X209.703 Y111.881 E.11968
G1 X206.367 Y111.881 E.12678
G1 X206.367 Y132.468 E.78215
G1 X210.221 Y132.468 E.14643
G1 X210.221 Y150.818 E.69716
G1 X210.717 Y150.818 E.01884
G1 X210.717 Y191.882 E1.56009
G1 X210.221 Y191.882 E.01884
G1 X210.221 Y210.568 E.70997
G1 X210.717 Y210.568 E.01884
G1 X210.717 Y210.718 E.0057
G1 X220.716 Y210.718 E.37991
G1 X220.707 Y224.772 E.53393
G1 X220.671 Y224.972 E.0077
G1 X220.605 Y225.17 E.00796
G1 X220.509 Y225.358 E.008
G1 X220.386 Y225.528 E.00797
; object ids of layer 207 start: 1901,1902
M624 AwAAAAAAAAA=
;===== machine: H2C timelapse =====
;======== date: 20260731 ========

; SKIPPABLE_START
; SKIPTYPE: timelapse

M1002 judge_flag timelapse_record_flag
M622 J1
    

    
        
    

    
        M971 S11 C10 O0
        M1004 S5 P1  ; external shutter
    

    
        
    
    
    
M623
; SKIPPABLE_END

; object ids of this layer207 end: 1901,1902
M625
G1 X220.24 Y225.678 E.00797
G1 X220.072 Y225.805 E.00799
G1 X219.787 Y225.941 E.01198
G1 X219.496 Y225.876 E.01136
G1 X218.69 Y225.648 E.0318
G1 X218.217 Y225.551 E.01835
G1 X217.644 Y225.537 E.02178
G1 X217.043 Y225.773 E.02456
G1 X216.734 Y226.032 E.01528
G1 X216.479 Y226.032 E.00969
G1 X216.187 Y225.563 E.02098
G1 X215.627 Y225.184 E.02568
G1 X215.122 Y224.987 E.02061
G1 X214.639 Y224.881 E.01877
G1 X214.165 Y224.84 E.01807
G1 X213.693 Y224.857 E.01796
G1 X213.215 Y224.933 E.01838
G1 X212.722 Y225.085 E.01961
G1 X212.183 Y225.37 E.02316
G1 X211.737 Y225.853 E.02499
G1 X211.529 Y226.032 E.01039
G1 X211.291 Y226.032 E.00907
G1 X210.964 Y225.471 E.02464
G1 X210.293 Y225.184 E.02771
G1 X209.728 Y225.14 E.02154
G1 X209.22 Y225.217 E.01954
G1 X208.755 Y225.356 E.01843
G1 X207.55 Y225.833 E.04922
G1 X207.007 Y225.993 E.02153
G1 X206.701 Y225.891 E.01226
G1 X206.519 Y225.786 E.00798
G1 X206.36 Y225.659 E.00771
G1 X206.171 Y225.444 E.01088
G1 X206.029 Y225.199 E.01077
G1 X205.95 Y224.975 E.00902
G1 X205.906 Y224.68 E.01132
G1 X205.903 Y212.532 E.46156
G1 X188.777 Y212.532 E.65069
; COOLING_NODE: 0
M204 S250
G1 X189.1 Y212.915 F60000
; FEATURE: Outer wall
; LINE_WIDTH: 0.42
G1 F12000
M204 S5000
G1 X189.1 Y223.165 E.36011
G1 X186.52 Y223.165 E.09064
G1 X186.52 Y210.335 E.45075
G1 X205.52 Y210.335 E.66752
G1 X205.52 Y175.735 E1.21558
G1 X187.52 Y175.735 E.63238
G1 X187.52 Y150.915 E.87199
G1 X181.61 Y150.915 E.20763
G1 X181.61 Y93.585 E2.01414
G1 X185.39 Y93.585 E.1328
G1 X185.39 Y96.165 E.09064
G1 X184.19 Y96.165 E.04216
G1 X184.19 Y145.335 E1.72746
G1 X187.52 Y145.335 E.11699
G1 X187.52 Y97.335 E1.68636
G1 X205.1 Y97.335 E.61763
G1 X205.1 Y109.835 E.43916
G1 X211.1 Y109.835 E.21079
G1 X211.1 Y115.415 E.19604
G1 X209.32 Y115.415 E.06254
G1 X209.32 Y112.265 E.11067
G1 X206.75 Y112.265 E.09029
G1 X206.75 Y132.085 E.69632
G1 X211.1 Y132.085 E.15283
G1 X211.1 Y132.515 E.01511
G1 X210.604 Y132.515 E.01742
G1 X210.604 Y150.435 E.62957
G1 X211.1 Y150.435 E.01742
G1 X211.1 Y192.265 E1.46959
G1 X210.604 Y192.265 E.01742
G1 X210.604 Y210.185 E.62957
G1 X211.1 Y210.185 E.01742
G1 X211.1 Y210.335 E.00527
G1 X221.1 Y210.335 E.35132
G1 X221.09 Y224.806 E.50839
G1 X221.044 Y225.066 E.0093
G1 X220.959 Y225.32 E.00938
G1 X220.837 Y225.558 E.00942
G1 X220.681 Y225.775 E.00939
G1 X220.494 Y225.966 E.00939
G1 X220.281 Y226.128 E.00941
G1 X220.047 Y226.256 E.00936
G1 X219.812 Y226.339 E.00875
G1 X219.401 Y226.248 E.01478
G1 X218.6 Y226.02 E.02928
G1 X218.174 Y225.933 E.01527
G1 X217.712 Y225.922 E.01621
G1 X217.241 Y226.107 E.0178
G1 X216.874 Y226.415 E.01684
G1 X216.266 Y226.415 E.02133
G1 X215.904 Y225.835 E.02402
G1 X215.448 Y225.525 E.01938
G1 X215.011 Y225.355 E.01649
G1 X214.581 Y225.261 E.01544
G1 X214.155 Y225.224 E.01503
G1 X213.73 Y225.239 E.01496
G1 X213.302 Y225.307 E.01521
G1 X212.869 Y225.441 E.01592
G1 X212.42 Y225.678 E.01784
G1 X212.004 Y226.129 E.02157
G1 X211.672 Y226.415 E.01539
G1 X211.07 Y226.415 E.02113
G1 X210.696 Y225.774 E.02608
G1 X210.201 Y225.561 E.01895
G1 X209.742 Y225.526 E.01615
G1 X209.304 Y225.592 E.01558
G1 X208.881 Y225.719 E.01551
G1 X207.679 Y226.194 E.0454
G1 X207.01 Y226.387 E.02447
G1 X206.782 Y226.335 E.0082
G1 X206.534 Y226.237 E.00939
G1 X206.302 Y226.104 E.0094
G1 X206.095 Y225.938 E.00931
G1 X205.858 Y225.669 E.01259
G1 X205.679 Y225.36 E.01257
G1 X205.576 Y225.068 E.01087
G1 X205.522 Y224.709 E.01274
G1 X205.52 Y212.915 E.41435
G1 X189.16 Y212.915 E.57476
; WIPE_START
M204 S8000
G1 X189.148 Y214.915 E-.76
; WIPE_END
G1 E-.04 F1800
M204 S10000
G1 X187.244 Y212.11 Z50.04 F60000
G1 Z49.64
G1 E.8 F1800
; FEATURE: Sparse infill
; LINE_WIDTH: 0.45
G1 F11292.473
M204 S8000
G1 X187.244 Y211.059 E.03992
G1 X187.788 Y211.059 E.02064
G1 X188.919 Y212.191 E.06077
G1 X189.735 Y212.191 E.03101
G1 X190.866 Y211.059 E.06077
G1 X195.302 Y211.059 E.16852
G1 X196.433 Y212.191 E.06077
G1 X197.249 Y212.191 E.03101
G1 X198.38 Y211.059 E.06077
G1 X202.816 Y211.059 E.16852
G1 X203.947 Y212.191 E.06077
G1 X204.763 Y212.191 E.03101
G1 X205.894 Y211.059 E.06077
G1 X206.244 Y211.059 E.01331
G1 X206.244 Y210.709 E.01331
G1 X209.88 Y207.074 E.19532
G1 X209.88 Y205.48 E.06056
; WIPE_START
G1 X209.88 Y207.074 E-.60572
G1 X209.593 Y207.361 E-.15429
; WIPE_END
G1 E-.04 F1800
M204 S10000
G1 X208.119 Y199.872 Z50.04 F60000
G1 X206.244 Y190.352 Z50.04
G1 Z49.64
G1 E.8 F1800
G1 F11292.473
M204 S8000
G1 X206.244 Y191.946 E.06056
G1 X209.88 Y195.581 E.19532
G1 X209.88 Y192.046 E.13432
G1 X206.244 Y195.681 E.19532
G1 X206.244 Y199.46 E.14357
G1 X209.88 Y203.095 E.19532
G1 X209.88 Y199.56 E.13432
G1 X206.244 Y203.195 E.19532
G1 X206.244 Y206.974 E.14357
G1 X209.88 Y210.609 E.19532
G1 X209.88 Y210.909 E.0114
G1 X210.18 Y210.909 E.0114
G1 X220.368 Y221.098 E.54741
G1 X220.369 Y219.126 E.07489
G1 X214.905 Y224.591 E.29358
G1 X215.221 Y224.659 E.01226
G1 X215.787 Y224.88 E.02309
G1 X216.438 Y225.321 E.02989
G1 X216.648 Y225.659 E.01511
G1 X216.866 Y225.476 E.0108
G1 X217.129 Y225.373 E.01073
G1 X206.245 Y214.488 E.58482
G1 X206.246 Y218.222 E.14186
G1 X213.408 Y211.059 E.38485
G1 X217.844 Y211.059 E.16852
G1 X220.373 Y213.589 E.1359
G1 X220.375 Y211.607 E.07528
G1 X206.584 Y225.398 E.74096
G1 X206.711 Y225.503 E.00628
G1 X206.841 Y225.578 E.00569
G1 X207.013 Y225.635 E.00689
G1 X207.44 Y225.51 E.01689
G1 X208.643 Y225.034 E.04917
G1 X209.13 Y224.888 E.01931
G1 X206.246 Y222.004 E.15493
G1 X206.246 Y220.41 E.06056
; WIPE_START
G1 X206.246 Y222.004 E-.60572
G1 X206.533 Y222.291 E-.15428
; WIPE_END
G1 E-.04 F1800
M204 S10000
G1 X198.93 Y221.625 Z50.04 F60000
G1 X187.244 Y220.601 Z50.04
G1 Z49.64
G1 E.8 F1800
G1 F11292.473
M204 S8000
G1 X187.244 Y222.195 E.06056
G1 X188.376 Y221.064 E.06077
G1 X188.376 Y219.162 E.07228
G1 X187.244 Y218.03 E.06077
G1 X187.244 Y214.681 E.12725
G1 X188.376 Y213.55 E.06077
G1 X188.376 Y215.144 E.06056
; WIPE_START
G1 X188.376 Y213.55 E-.60571
G1 X188.088 Y213.837 E-.15429
; WIPE_END
G1 E-.04 F1800
M204 S10000
G1 X190.815 Y206.708 Z50.04 F60000
G1 X210.376 Y155.573 Z50.04
G1 Z49.64
G1 E.8 F1800
G1 F11292.473
M204 S8000
G1 X210.376 Y153.979 E.06056
G1 X189.344 Y175.011 E1.13
G1 X189.309 Y175.011 E.00134
G1 X188.244 Y173.946 E.05721
G1 X188.244 Y172.352 E.06056
; WIPE_START
G1 X188.244 Y173.946 E-.60572
G1 X188.532 Y174.233 E-.15429
; WIPE_END
G1 E-.04 F1800
M204 S10000
G1 X188.463 Y166.601 Z50.04 F60000
G1 X188.244 Y142.295 Z50.04
G1 Z49.64
G1 E.8 F1800
G1 F11292.473
M204 S8000
G1 X188.244 Y143.889 E.06056
G1 X210.376 Y166.021 E1.1891
G1 X210.376 Y169.008 E.11349
G1 X204.373 Y175.011 E.32254
G1 X204.337 Y175.011 E.00134
G1 X188.244 Y158.918 E.86467
G1 X188.244 Y161.082 E.08224
G1 X209.88 Y139.447 E1.16246
G1 X209.88 Y142.982 E.13432
G1 X188.244 Y121.347 E1.16246
G1 X188.244 Y123.512 E.08224
G1 X204.376 Y107.381 E.86672
G1 X204.376 Y107.422 E.00156
G1 X195.013 Y98.059 E.50304
G1 X198.669 Y98.059 E.13889
G1 X188.244 Y108.484 E.56009
G1 X188.244 Y106.319 E.08224
G1 X206.026 Y124.1 E.95538
G1 X206.026 Y120.759 E.12694
G1 X188.244 Y138.54 E.95538
G1 X188.244 Y136.375 E.08224
G1 X210.376 Y158.506 E1.1891
G1 X210.376 Y161.494 E.11349
G1 X196.859 Y175.011 E.72627
G1 X196.823 Y175.011 E.00134
G1 X188.244 Y166.432 E.46094
G1 X188.244 Y168.596 E.08224
G1 X209.88 Y146.961 E1.16246
G1 X209.88 Y150.497 E.13432
G1 X188.244 Y128.861 E1.16246
G1 X188.244 Y131.026 E.08224
G1 X206.026 Y113.245 E.95538
G1 X206.026 Y116.586 E.12694
G1 X188.244 Y98.805 E.95538
G1 X188.244 Y100.97 E.08224
G1 X191.155 Y98.059 E.15636
G1 X192.749 Y98.059 E.06056
; WIPE_START
G1 X191.155 Y98.059 E-.60572
G1 X190.868 Y98.347 E-.15429
; WIPE_END
G1 E-.04 F1800
M204 S10000
G1 X183.913 Y95.202 Z50.04 F60000
G1 X182.334 Y94.489 Z50.04
G1 Z49.64
G1 E.8 F1800
G1 F11292.473
M204 S8000
G1 X182.334 Y94.309 E.00682
G1 X183.749 Y94.309 E.05374
G1 X184.666 Y95.226 E.04924
G1 X184.666 Y95.441 E.00815
G1 X183.466 Y95.441 E.04559
G1 X183.466 Y98.234 E.10615
G1 X182.334 Y99.365 E.06077
G1 X182.334 Y100.409 E.03964
G1 X183.466 Y101.54 E.06077
G1 X183.466 Y105.748 E.15989
G1 X182.334 Y106.88 E.06077
G1 X182.334 Y107.923 E.03964
G1 X183.466 Y109.054 E.06077
G1 X183.466 Y113.263 E.15989
G1 X182.334 Y114.394 E.06077
G1 X182.334 Y115.437 E.03964
G1 X183.466 Y116.568 E.06077
G1 X183.466 Y120.777 E.15989
G1 X182.334 Y121.908 E.06077
G1 X182.334 Y122.951 E.03964
G1 X183.466 Y124.082 E.06077
G1 X183.466 Y128.291 E.15989
G1 X182.334 Y129.422 E.06077
G1 X182.334 Y130.465 E.03964
G1 X183.466 Y131.596 E.06077
G1 X183.466 Y135.805 E.15989
G1 X182.334 Y136.936 E.06077
G1 X182.334 Y137.979 E.03964
G1 X183.466 Y139.111 E.06077
G1 X183.466 Y143.319 E.15989
G1 X182.334 Y144.45 E.06077
G1 X182.334 Y145.494 E.03964
G1 X187.031 Y150.191 E.25237
G1 X184.108 Y150.191 E.11107
G1 X206.026 Y128.273 E1.17762
G1 X206.026 Y131.614 E.12694
G1 X188.244 Y113.833 E.95538
G1 X188.244 Y115.998 E.08224
G1 X204.376 Y99.867 E.86672
G1 X204.376 Y99.908 E.00156
G1 X202.527 Y98.059 E.09931
G1 X200.933 Y98.059 E.06056
; WIPE_START
G1 X202.527 Y98.059 E-.60571
G1 X202.814 Y98.347 E-.15429
; WIPE_END
G1 E-.04 F1800
M204 S10000
G1 X204.695 Y105.744 Z50.04 F60000
G1 X205.919 Y110.559 Z50.04
G1 Z49.64
G1 E.8 F1800
G1 F11292.473
M204 S8000
G1 X207.513 Y110.559 E.06056
G1 X208.494 Y111.541 E.05271
G1 X207.73 Y111.541 E.02904
G1 X208.711 Y110.559 E.05271
G1 X210.305 Y110.559 E.06056
; WIPE_START
G1 X208.711 Y110.559 E-.60571
G1 X208.424 Y110.847 E-.15429
; WIPE_END
G1 E-.04 F1800
M204 S10000
G1 X210.21 Y111.682 Z50.04 F60000
G1 Z49.64
G1 E.8 F1800
; FEATURE: Gap infill
; LINE_WIDTH: 0.666044
G1 F7322.551
M204 S8000
G1 X210.21 Y114.832 E.18455
; WIPE_START
G1 X210.21 Y112.832 E-.76
; WIPE_END
G1 E-.04 F1800
M204 S10000
G17
G3 Z50.04 I-1.217 J-.017 P1  F60000
G1 X209.88 Y137.062 Z50.04
G1 Z49.64
G1 E.8 F1800
; FEATURE: Sparse infill
; LINE_WIDTH: 0.45
G1 F11292.473
M204 S8000
G1 X209.88 Y135.468 E.06056
G1 X207.221 Y132.809 E.14286
G1 X209.003 Y132.809 E.06772
G1 X188.244 Y153.568 E1.11537
G1 X188.244 Y151.404 E.08224
G1 X210.376 Y173.535 E1.1891
G1 X210.376 Y176.522 E.11349
G1 X206.244 Y180.653 E.22196
G1 X206.244 Y176.918 E.14191
G1 X210.376 Y181.049 E.22196
G1 X210.376 Y184.036 E.11349
G1 X206.244 Y188.167 E.22196
G1 X206.244 Y184.432 E.14191
G1 X210.376 Y188.563 E.22196
G1 X210.376 Y186.969 E.06056
; OBJECT_ID: 1901
; WIPE_START
G1 X210.376 Y188.563 E-.60572
G1 X210.088 Y188.276 E-.15429
; WIPE_END
G1 E-.04 F1800
; FEATURE: Other object
; stop printing object, unique label id: 1902
M625
; FEATURE: Other object
; start printing object, unique label id: 1901
M624 AQAAAAAAAAA=
M204 S10000
G1 X202.459 Y188.073 Z50.04 F60000
G1 X112.211 Y185.676 Z50.04
G1 Z49.64
G1 E.8 F1800
; FEATURE: Other object
; LINE_WIDTH: 0.62
G1 F7915.629
M204 S8000
M73 P83 R35
G1 X112.237 Y185.511 E.00904
G1 X112.354 Y185.348 E.01091
G1 X112.412 Y185.306 E.00387
G1 X112.547 Y185.26 E.0077
G1 X112.664 Y185.255 E.00639
G1 X112.814 Y184.653 E.03361
G1 X113.026 Y184.708 E.01186
G1 X113.277 Y184.861 E.01591
G1 X113.481 Y185.088 E.01653
G1 X113.609 Y185.36 E.01632
G1 X113.653 Y185.659 E.01635
G1 X113.633 Y185.799 E.00767
G1 X113.609 Y185.955 E.00859
G1 X113.481 Y186.228 E.01633
G1 X113.28 Y186.452 E.0163
G1 X113.02 Y186.611 E.01655
G1 X112.738 Y186.685 E.01578
G1 X112.433 Y186.673 E.01653
G1 X112.142 Y186.574 E.01669
G1 X112.019 Y186.495 E.00792
G1 X111.91 Y186.408 E.00752
G1 X111.716 Y186.156 E.01725
G1 X111.612 Y185.884 E.0158
G1 X111.59 Y185.732 E.0083
G1 X111.612 Y185.433 E.01625
G1 X111.715 Y185.161 E.01577
G1 X111.909 Y184.91 E.01721
G1 X112.14 Y184.744 E.01542
G1 X112.432 Y184.644 E.0167
G1 X112.732 Y184.632 E.01628
; WIPE_START
G1 X113.026 Y184.708 E-.11559
G1 X113.277 Y184.861 E-.11158
G1 X113.481 Y185.088 E-.11587
G1 X113.609 Y185.36 E-.11439
G1 X113.653 Y185.659 E-.11462
G1 X113.633 Y185.799 E-.05374
G1 X113.609 Y185.955 E-.06026
G1 X113.527 Y186.132 E-.07394
; WIPE_END
G1 E-.04 F1800
M204 S10000
G17
G3 Z50.04 I1.181 J-.293 P1  F60000
G1 X112.151 Y180.593 Z50.04
G1 Z49.64
G1 E.8 F1800
G1 F7915.629
M204 S8000
G1 X112.234 Y180.433 E.00978
G1 X112.357 Y180.342 E.00832
G1 X112.469 Y180.303 E.00639
G1 X112.6 Y180.297 E.00712
G1 X112.737 Y179.692 E.0336
G1 X112.938 Y179.745 E.01126
G1 X113.202 Y179.904 E.01672
G1 X113.405 Y180.128 E.01639
G1 X113.534 Y180.402 E.01639
G1 X113.578 Y180.699 E.01627
G1 X113.535 Y180.997 E.01632
G1 X113.408 Y181.268 E.01626
G1 X113.207 Y181.494 E.0164
G1 X112.959 Y181.648 E.01584
G1 X112.665 Y181.726 E.01647
G1 X112.365 Y181.717 E.01626
G1 X112.073 Y181.619 E.01669
G1 X111.931 Y181.528 E.00913
G1 X111.839 Y181.454 E.0064
G1 X111.642 Y181.2 E.01746
G1 X111.537 Y180.923 E.01602
G1 X111.516 Y180.777 E.00799
G1 X111.536 Y180.483 E.01601
G1 X111.639 Y180.204 E.01609
G1 X111.815 Y179.971 E.01584
G1 X112.065 Y179.788 E.01681
G1 X112.349 Y179.687 E.01631
G1 X112.654 Y179.673 E.01657
; WIPE_START
G1 X112.938 Y179.745 E-.11134
G1 X113.202 Y179.904 E-.1172
G1 X113.405 Y180.128 E-.11489
G1 X113.534 Y180.402 E-.11491
G1 X113.578 Y180.699 E-.11404
G1 X113.535 Y180.997 E-.11441
G1 X113.454 Y181.171 E-.07321
; WIPE_END
G1 E-.04 F1800
M204 S10000
G17
G3 Z50.04 I.115 J-1.211 P1  F60000
G1 X108.519 Y180.701 Z50.04
G1 Z49.64
G1 E.8 F1800
G1 F7915.629
M204 S8000
G1 X108.517 Y180.589 E.00606
G1 X108.553 Y180.469 E.00683
G1 X108.618 Y180.374 E.00625
G1 X108.707 Y180.303 E.00615
G1 X108.817 Y180.259 E.00641
G1 X108.949 Y180.249 E.00717
G1 X109.082 Y179.643 E.03361
G1 X109.303 Y179.696 E.01231
G1 X109.574 Y179.857 E.01706
G1 X109.777 Y180.081 E.01641
G1 X109.909 Y180.359 E.01668
G1 X109.955 Y180.656 E.01629
G1 X109.914 Y180.95 E.0161
G1 X109.792 Y181.219 E.01602
G1 X109.598 Y181.443 E.01606
G1 X109.348 Y181.602 E.01606
G1 X109.075 Y181.681 E.01539
G1 X108.753 Y181.677 E.01743
G1 X108.458 Y181.58 E.01685
G1 X108.191 Y181.388 E.01785
G1 X108.102 Y181.285 E.00736
G1 X107.965 Y181.051 E.01471
G1 X107.901 Y180.834 E.01225
G1 X107.895 Y180.503 E.01794
G1 X107.988 Y180.197 E.01731
G1 X108.16 Y179.946 E.01651
G1 X108.393 Y179.761 E.01612
G1 X108.676 Y179.648 E.0165
G1 X108.999 Y179.624 E.01758
; WIPE_START
G1 X109.303 Y179.696 E-.11871
G1 X109.574 Y179.857 E-.11961
G1 X109.777 Y180.081 E-.11508
G1 X109.909 Y180.359 E-.11693
G1 X109.955 Y180.656 E-.11419
G1 X109.914 Y180.95 E-.1129
G1 X109.846 Y181.1 E-.06256
; WIPE_END
G1 E-.04 F1800
M204 S10000
G17
G3 Z50.04 I-.76 J-.951 P1  F60000
G1 X106.366 Y183.881 Z50.04
G1 Z49.64
G1 E.8 F1800
G1 F7915.629
M204 S8000
G1 X106.401 Y183.782 E.00567
G1 X106.449 Y183.711 E.00469
G1 X106.561 Y183.626 E.00757
G1 X106.674 Y183.585 E.00652
G1 X106.806 Y183.578 E.00719
G1 X106.941 Y182.973 E.0336
G1 X107.146 Y183.025 E.01147
G1 X107.413 Y183.186 E.01689
G1 X107.617 Y183.411 E.01645
G1 X107.745 Y183.685 E.01639
G1 X107.79 Y183.981 E.0162
G1 X107.747 Y184.277 E.01622
G1 X107.622 Y184.548 E.01617
G1 X107.423 Y184.773 E.01629
G1 X107.176 Y184.928 E.01583
G1 X106.879 Y185.008 E.01663
G1 X106.576 Y184.999 E.01646
G1 X106.286 Y184.901 E.01659
G1 X106.027 Y184.714 E.01731
G1 X105.844 Y184.469 E.01654
G1 X105.8 Y184.372 E.00577
G1 X105.729 Y184.097 E.01539
G1 X105.743 Y183.787 E.01683
G1 X105.842 Y183.501 E.0164
G1 X106.006 Y183.269 E.01542
G1 X106.26 Y183.076 E.01726
G1 X106.548 Y182.971 E.0166
G1 X106.858 Y182.954 E.01685
; WIPE_START
G1 X107.146 Y183.025 E-.11279
G1 X107.413 Y183.186 E-.11841
G1 X107.617 Y183.411 E-.11537
G1 X107.745 Y183.685 E-.11494
G1 X107.79 Y183.981 E-.11358
G1 X107.747 Y184.277 E-.11368
G1 X107.668 Y184.447 E-.07123
; WIPE_END
G1 E-.04 F1800
M204 S10000
G17
G3 Z50.04 I-.931 J-.784 P1  F60000
G1 X104.927 Y187.701 Z50.04
G1 Z49.64
G1 E.8 F1800
G1 F7915.629
M204 S8000
G1 X104.952 Y187.545 E.00858
G1 X105.038 Y187.409 E.00874
G1 X105.156 Y187.326 E.00779
G1 X105.268 Y187.289 E.0064
G1 X105.402 Y187.285 E.0073
G1 X105.549 Y186.682 E.03363
G1 X105.745 Y186.74 E.01109
G1 X106.002 Y186.899 E.01637
G1 X106.2 Y187.122 E.0162
G1 X106.326 Y187.394 E.01625
G1 X106.369 Y187.691 E.01622
G1 X106.324 Y187.989 E.01635
G1 X106.195 Y188.262 E.01639
G1 X105.988 Y188.49 E.01669
G1 X105.903 Y188.545 E.00552
G1 X105.734 Y188.642 E.01054
G1 X105.437 Y188.717 E.01661
G1 X105.134 Y188.701 E.01641
G1 X104.841 Y188.596 E.01691
G1 X104.613 Y188.426 E.01542
G1 X104.431 Y188.183 E.01643
G1 X104.324 Y187.894 E.01669
G1 X104.307 Y187.61 E.01545
G1 X104.371 Y187.326 E.01578
G1 X104.51 Y187.071 E.01572
G1 X104.619 Y186.946 E.00899
G1 X104.873 Y186.766 E.01687
G1 X105.159 Y186.672 E.01633
G1 X105.465 Y186.663 E.0166
; WIPE_START
G1 X105.745 Y186.74 E-.11014
G1 X106.002 Y186.899 E-.1148
G1 X106.2 Y187.122 E-.11355
G1 X106.326 Y187.394 E-.11396
G1 X106.369 Y187.691 E-.11373
G1 X106.324 Y187.989 E-.11466
G1 X106.235 Y188.177 E-.07916
; WIPE_END
G1 E-.04 F1800
M204 S10000
G17
G3 Z50.04 I-.541 J1.09 P1  F60000
G1 X109.56 Y189.826 Z50.04
G1 Z49.64
G1 E.8 F1800
G1 F7915.629
M204 S8000
G1 X109.654 Y189.66 E.01036
G1 X109.833 Y189.507 E.01275
G1 X110.006 Y189.428 E.01032
G1 X110.167 Y189.412 E.00877
G1 X110.277 Y188.802 E.03361
G1 X110.507 Y188.845 E.01269
G1 X110.779 Y188.987 E.01661
G1 X110.988 Y189.197 E.01606
G1 X111.122 Y189.457 E.01587
G1 X111.171 Y189.749 E.01607
G1 X111.129 Y190.053 E.01662
G1 X110.996 Y190.344 E.01736
G1 X110.743 Y190.615 E.02008
G1 X110.416 Y190.809 E.02062
G1 X110.073 Y190.909 E.01935
G1 X109.735 Y190.906 E.01831
G1 X109.43 Y190.814 E.01726
G1 X109.183 Y190.647 E.01617
G1 X109.008 Y190.42 E.01555
G1 X108.914 Y190.148 E.01561
G1 X108.908 Y189.846 E.01633
G1 X108.998 Y189.537 E.01747
G1 X109.18 Y189.249 E.01844
G1 X109.464 Y189.006 E.02027
G1 X109.603 Y188.919 E.00889
G1 X109.861 Y188.82 E.01497
G1 X110.193 Y188.786 E.01813
; WIPE_START
G1 X110.507 Y188.845 E-.12136
G1 X110.779 Y188.987 E-.11642
G1 X110.988 Y189.197 E-.1126
G1 X111.122 Y189.457 E-.11124
G1 X111.171 Y189.749 E-.1127
G1 X111.129 Y190.053 E-.1165
G1 X111.053 Y190.218 E-.06917
; WIPE_END
G1 E-.04 F1800
M204 S10000
G17
G3 Z50.04 I-1.209 J-.141 P1  F60000
G1 X110.645 Y193.717 Z50.04
G1 Z49.64
G1 E.8 F1800
G1 F7915.629
M204 S8000
G1 X110.736 Y193.562 E.00977
G1 X110.853 Y193.479 E.0078
G1 X110.965 Y193.441 E.0064
G1 X111.105 Y193.438 E.00756
G1 X111.245 Y192.834 E.0336
G1 X111.442 Y192.891 E.01111
G1 X111.699 Y193.05 E.01642
G1 X111.898 Y193.274 E.01622
G1 X112.025 Y193.546 E.01627
G1 X112.068 Y193.842 E.01623
G1 X112.023 Y194.14 E.01635
G1 X111.894 Y194.413 E.01637
G1 X111.688 Y194.641 E.01665
G1 X111.435 Y194.793 E.01602
G1 X111.138 Y194.868 E.01657
G1 X110.837 Y194.854 E.01638
G1 X110.544 Y194.75 E.01685
G1 X110.461 Y194.697 E.00531
G1 X110.315 Y194.581 E.01013
G1 X110.125 Y194.329 E.01712
G1 X110.025 Y194.057 E.01569
G1 X110.006 Y193.763 E.01598
G1 X110.07 Y193.476 E.0159
G1 X110.135 Y193.333 E.00852
G1 X110.212 Y193.22 E.00739
G1 X110.316 Y193.099 E.00867
G1 X110.57 Y192.92 E.01685
G1 X110.855 Y192.824 E.01632
G1 X111.161 Y192.815 E.01659
; WIPE_START
G1 X111.442 Y192.891 E-.11028
G1 X111.699 Y193.05 E-.1151
G1 X111.898 Y193.274 E-.11373
G1 X112.025 Y193.546 E-.11408
G1 X112.068 Y193.842 E-.11378
G1 X112.023 Y194.14 E-.11461
G1 X111.935 Y194.327 E-.07842
; WIPE_END
G1 E-.04 F1800
M204 S10000
G17
G3 Z50.04 I-1.217 J-.009 P1  F60000
G1 X111.907 Y198.055 Z50.04
G1 Z49.64
G1 E.8 F1800
G1 F7915.629
M204 S8000
G1 X111.932 Y197.895 E.00882
G1 X112.052 Y197.726 E.0112
G1 X112.111 Y197.685 E.00387
G1 X112.244 Y197.64 E.00763
G1 X112.361 Y197.636 E.00638
G1 X112.513 Y197.034 E.03361
G1 X112.724 Y197.09 E.01185
G1 X112.974 Y197.242 E.01589
G1 X113.178 Y197.469 E.0165
G1 X113.305 Y197.741 E.0163
G1 X113.349 Y198.04 E.01635
G1 X113.33 Y198.175 E.00742
G1 X113.305 Y198.336 E.00885
G1 X113.177 Y198.609 E.01635
G1 X112.976 Y198.833 E.01632
G1 X112.714 Y198.992 E.01658
G1 X112.432 Y199.065 E.01579
G1 X112.128 Y199.053 E.01652
G1 X111.836 Y198.953 E.0167
G1 X111.719 Y198.878 E.00753
G1 X111.605 Y198.787 E.00789
G1 X111.412 Y198.536 E.01719
G1 X111.309 Y198.265 E.01574
G1 X111.287 Y197.966 E.01623
G1 X111.309 Y197.812 E.00843
G1 X111.413 Y197.54 E.0158
G1 X111.607 Y197.288 E.01724
G1 X111.839 Y197.123 E.01542
G1 X112.13 Y197.024 E.01667
G1 X112.43 Y197.013 E.01626
; WIPE_START
G1 X112.724 Y197.09 E-.11545
G1 X112.974 Y197.242 E-.11142
G1 X113.178 Y197.469 E-.11568
G1 X113.305 Y197.741 E-.11431
G1 X113.349 Y198.04 E-.11462
G1 X113.33 Y198.175 E-.05202
G1 X113.305 Y198.336 E-.06202
G1 X113.222 Y198.514 E-.07448
; WIPE_END
G1 E-.04 F1800
M204 S10000
G17
G3 Z50.04 I-.592 J-1.063 P1  F60000
G1 X108.202 Y201.311 Z50.04
G1 Z49.64
G1 E.8 F1800
G1 F7915.629
M204 S8000
G1 X108.226 Y201.154 E.00858
G1 X108.348 Y200.981 E.01146
G1 X108.406 Y200.94 E.00387
G1 X108.539 Y200.895 E.00761
G1 X108.656 Y200.89 E.00637
G1 X108.806 Y200.288 E.03361
G1 X109.017 Y200.343 E.01182
G1 X109.268 Y200.495 E.01591
G1 X109.472 Y200.722 E.01655
G1 X109.601 Y200.995 E.01634
G1 X109.645 Y201.294 E.01638
G1 X109.628 Y201.414 E.00661
G1 X109.601 Y201.591 E.00967
G1 X109.473 Y201.864 E.01634
G1 X109.272 Y202.087 E.01629
G1 X109.012 Y202.246 E.01652
G1 X108.731 Y202.319 E.01574
G1 X108.428 Y202.309 E.01646
G1 X108.138 Y202.211 E.01658
G1 X108.003 Y202.125 E.00867
G1 X107.906 Y202.047 E.00672
G1 X107.712 Y201.798 E.01716
G1 X107.606 Y201.528 E.01571
G1 X107.582 Y201.357 E.00932
G1 X107.606 Y201.06 E.01617
G1 X107.71 Y200.791 E.01564
G1 X107.904 Y200.542 E.01709
G1 X108.134 Y200.378 E.01534
G1 X108.424 Y200.279 E.01661
G1 X108.723 Y200.267 E.01623
; WIPE_START
G1 X109.017 Y200.343 E-.11524
G1 X109.268 Y200.495 E-.11154
G1 X109.472 Y200.722 E-.11603
G1 X109.601 Y200.995 E-.11455
G1 X109.645 Y201.294 E-.11482
G1 X109.628 Y201.414 E-.04635
G1 X109.601 Y201.591 E-.06781
G1 X109.519 Y201.766 E-.07365
; WIPE_END
G1 E-.04 F1800
M204 S10000
G17
G3 Z50.04 I.945 J-.767 P1  F60000
G1 X106.437 Y197.97 Z50.04
G1 Z49.64
G1 E.8 F1800
G1 F7915.629
M204 S8000
G1 X106.446 Y197.883 E.00472
G1 X106.499 Y197.75 E.00781
G1 X106.589 Y197.637 E.0078
G1 X106.651 Y197.597 E.00402
G1 X106.779 Y197.555 E.00727
G1 X106.895 Y197.552 E.00633
G1 X107.05 Y196.951 E.03361
G1 X107.259 Y197.007 E.01172
G1 X107.508 Y197.16 E.01581
G1 X107.71 Y197.386 E.01644
G1 X107.838 Y197.659 E.01632
G1 X107.881 Y197.956 E.0163
G1 X107.837 Y198.256 E.01641
G1 X107.707 Y198.529 E.01639
G1 X107.501 Y198.757 E.01663
G1 X107.425 Y198.805 E.00487
G1 X107.248 Y198.908 E.01109
G1 X106.955 Y198.982 E.01641
G1 X106.656 Y198.969 E.0162
G1 X106.367 Y198.869 E.01656
G1 X106.139 Y198.705 E.01525
G1 X105.953 Y198.466 E.01641
G1 X105.842 Y198.184 E.01645
G1 X105.817 Y197.902 E.01532
G1 X105.843 Y197.722 E.00988
G1 X105.957 Y197.435 E.01677
G1 X106.15 Y197.193 E.01675
G1 X106.383 Y197.033 E.01532
G1 X106.671 Y196.938 E.01643
G1 X106.968 Y196.929 E.01612
; WIPE_START
G1 X107.259 Y197.007 E-.1146
G1 X107.508 Y197.16 E-.11087
G1 X107.71 Y197.386 E-.11524
G1 X107.838 Y197.659 E-.11444
G1 X107.881 Y197.956 E-.11428
G1 X107.837 Y198.256 E-.11508
G1 X107.751 Y198.435 E-.07549
; WIPE_END
G1 E-.04 F1800
M204 S10000
G17
G3 Z50.04 I1.082 J-.557 P1  F60000
G1 X105.291 Y193.661 Z50.04
G1 Z49.64
G1 E.8 F1800
G1 F7915.629
M204 S8000
G1 X105.373 Y193.505 E.00958
G1 X105.496 Y193.414 E.00832
G1 X105.609 Y193.374 E.00643
G1 X105.744 Y193.369 E.00736
G1 X105.881 Y192.765 E.0336
G1 X106.081 Y192.819 E.01126
G1 X106.344 Y192.978 E.01665
G1 X106.545 Y193.203 E.01633
G1 X106.673 Y193.476 E.01634
G1 X106.717 Y193.772 E.01622
G1 X106.673 Y194.069 E.01629
G1 X106.546 Y194.341 E.01627
G1 X106.344 Y194.567 E.01646
G1 X106.094 Y194.721 E.01591
G1 X105.798 Y194.798 E.01656
G1 X105.496 Y194.787 E.01637
G1 X105.202 Y194.686 E.01686
G1 X105.088 Y194.613 E.00738
G1 X104.969 Y194.518 E.00822
G1 X104.774 Y194.261 E.01749
G1 X104.673 Y193.983 E.01606
G1 X104.656 Y193.679 E.01648
G1 X104.672 Y193.564 E.0063
G1 X104.775 Y193.281 E.01634
G1 X104.952 Y193.043 E.01604
G1 X105.205 Y192.859 E.01697
G1 X105.491 Y192.759 E.0164
G1 X105.798 Y192.746 E.01666
; WIPE_START
G1 X106.081 Y192.819 E-.11131
G1 X106.344 Y192.978 E-.1167
G1 X106.545 Y193.203 E-.11451
G1 X106.673 Y193.476 E-.11457
G1 X106.717 Y193.772 E-.11372
G1 X106.673 Y194.069 E-.11422
G1 X106.59 Y194.248 E-.07498
; WIPE_END
G1 E-.04 F1800
M204 S10000
G17
G3 Z50.04 I-.351 J-1.165 P1  F60000
G1 X99.485 Y196.387 Z50.04
G1 Z49.64
G1 E.8 F1800
G1 F7915.629
M204 S8000
G1 X99.459 Y196.178 E.01143
G1 X99.353 Y195.868 E.01773
G1 X99.354 Y195.78 E.00478
G1 X99.389 Y195.671 E.00619
G1 X99.469 Y195.558 E.00754
G1 X99.598 Y195.455 E.00892
G1 X99.761 Y195.387 E.00957
G1 X99.935 Y195.364 E.0095
G1 X100.024 Y194.751 E.0336
G1 X100.243 Y194.783 E.01198
G1 X100.56 Y194.922 E.01879
G1 X100.777 Y195.121 E.01595
G1 X100.914 Y195.37 E.01539
G1 X100.96 Y195.648 E.01529
G1 X100.913 Y195.937 E.01589
G1 X100.769 Y196.215 E.01696
G1 X100.487 Y196.508 E.02204
G1 X100.385 Y196.766 E.01505
G1 X100.407 Y197.57 E.04356
G1 X100.503 Y197.669 E.00751
G1 X100.64 Y197.939 E.01637
G1 X100.686 Y198.226 E.01575
G1 X100.641 Y198.507 E.01547
G1 X100.507 Y198.762 E.01561
G1 X100.293 Y198.97 E.01615
G1 X100.213 Y199.011 E.00487
G1 X99.49 Y199.854 E.06019
G1 X99.237 Y199.997 E.01578
G1 X98.957 Y200.051 E.01544
G1 X98.667 Y200.013 E.01585
G1 X98.386 Y199.882 E.0168
G1 X98.139 Y199.661 E.01795
G1 X97.95 Y199.363 E.01914
G1 X97.862 Y199.093 E.01538
G1 X97.826 Y198.84 E.01387
G1 X97.859 Y198.486 E.01926
G1 X97.978 Y198.166 E.01852
G1 X98.172 Y197.903 E.01769
G1 X98.42 Y197.719 E.01678
G1 X98.661 Y197.64 E.01372
G1 X98.86 Y197.339 E.01958
G1 X98.939 Y197.021 E.01772
G1 X98.852 Y196.317 E.03845
G1 X98.733 Y195.971 E.01984
G1 X98.734 Y195.681 E.0157
G1 X98.828 Y195.391 E.01655
G1 X99.014 Y195.128 E.01746
G1 X99.278 Y194.917 E.01831
G1 X99.597 Y194.783 E.01876
G1 X99.939 Y194.738 E.0187
; WIPE_START
G1 X100.243 Y194.783 E-.1164
G1 X100.56 Y194.922 E-.13174
G1 X100.777 Y195.121 E-.11186
G1 X100.914 Y195.37 E-.10789
G1 X100.96 Y195.648 E-.1072
G1 X100.913 Y195.937 E-.1114
G1 X100.824 Y196.109 E-.07351
; WIPE_END
G1 E-.04 F1800
M204 S10000
G17
G3 Z50.04 I1.148 J-.403 P1  F60000
G1 X98.648 Y189.902 Z50.04
G1 Z49.64
G1 E.8 F1800
G1 F7915.629
M204 S8000
G1 X98.674 Y189.71 E.01051
G1 X98.743 Y189.558 E.00907
G1 X98.826 Y189.452 E.0073
G1 X98.942 Y189.356 E.00815
G1 X99.098 Y189.284 E.00934
G1 X99.241 Y189.262 E.00784
G1 X99.325 Y188.648 E.03361
G1 X99.545 Y188.68 E.01205
G1 X99.809 Y188.809 E.01591
G1 X100.015 Y189.009 E.01559
G1 X100.151 Y189.269 E.01589
G1 X100.204 Y189.573 E.01673
G1 X100.181 Y189.764 E.01043
G1 X100.428 Y190.431 E.03856
G1 X100.574 Y190.726 E.01784
G1 X100.619 Y191.017 E.01597
G1 X100.574 Y191.302 E.01564
G1 X100.443 Y191.557 E.01553
G1 X100.235 Y191.762 E.01583
G1 X99.966 Y191.9 E.01641
G1 X99.656 Y191.954 E.01706
G1 X99.333 Y191.918 E.01757
G1 X99.031 Y191.794 E.01773
G1 X98.778 Y191.594 E.01748
G1 X98.598 Y191.34 E.01688
G1 X98.479 Y190.972 E.02097
G1 X98.212 Y190.554 E.02686
G1 X98.057 Y190.181 E.02189
G1 X98.02 Y189.865 E.01724
G1 X98.075 Y189.528 E.01851
G1 X98.21 Y189.233 E.01757
G1 X98.379 Y189.018 E.01486
G1 X98.608 Y188.827 E.01617
G1 X98.919 Y188.684 E.01856
G1 X99.24 Y188.635 E.0176
; WIPE_START
G1 X99.545 Y188.68 E-.11691
G1 X99.809 Y188.809 E-.11157
G1 X100.015 Y189.009 E-.10934
G1 X100.151 Y189.269 E-.11141
G1 X100.204 Y189.573 E-.11729
G1 X100.181 Y189.764 E-.07312
G1 X100.291 Y190.061 E-.12036
; WIPE_END
G1 E-.04 F1800
M204 S10000
G17
G3 Z50.04 I1.188 J-.264 P1  F60000
G1 X98.952 Y184.045 Z50.04
G1 Z49.64
G1 E.8 F1800
G1 F7915.629
M204 S8000
G1 X98.98 Y183.929 E.00645
G1 X99.033 Y183.857 E.00484
G1 X99.113 Y183.798 E.00539
G1 X99.215 Y183.764 E.00582
G1 X99.376 Y183.763 E.00872
G1 X99.531 Y183.163 E.0336
G1 X99.733 Y183.215 E.01131
G1 X99.998 Y183.372 E.01674
G1 X100.218 Y183.604 E.01729
G1 X100.351 Y183.873 E.01628
G1 X100.396 Y184.163 E.01591
G1 X100.351 Y184.448 E.01564
G1 X100.221 Y184.706 E.01565
G1 X100.015 Y184.914 E.01585
G1 X99.75 Y185.054 E.01628
G1 X99.447 Y185.111 E.01667
G1 X99.136 Y185.079 E.01698
G1 X98.843 Y184.957 E.01716
G1 X98.598 Y184.759 E.01708
G1 X98.423 Y184.502 E.01685
G1 X98.332 Y184.214 E.01639
G1 X98.332 Y183.919 E.01597
G1 X98.421 Y183.644 E.01565
G1 X98.589 Y183.412 E.01555
G1 X98.826 Y183.241 E.01586
G1 X99.11 Y183.145 E.01625
G1 X99.448 Y183.142 E.01831
; WIPE_START
G1 X99.733 Y183.215 E-.11173
G1 X99.998 Y183.372 E-.11737
G1 X100.218 Y183.604 E-.12119
G1 X100.351 Y183.873 E-.11412
G1 X100.396 Y184.163 E-.11153
G1 X100.351 Y184.448 E-.10963
G1 X100.263 Y184.623 E-.07444
; WIPE_END
G1 E-.04 F1800
M204 S10000
G17
G3 Z50.04 I1.179 J-.303 P1  F60000
G1 X99.175 Y180.382 Z50.04
G1 Z49.64
G1 E.8 F1800
G1 F7915.629
M204 S8000
G1 X99.209 Y180.243 E.0078
G1 X99.285 Y180.134 E.00721
G1 X99.402 Y180.04 E.00812
G1 X99.547 Y179.98 E.0085
G1 X99.7 Y179.962 E.00835
G1 X99.801 Y179.35 E.03361
G1 X100.032 Y179.39 E.01273
G1 X100.307 Y179.527 E.01666
G1 X100.519 Y179.732 E.01597
G1 X100.652 Y179.986 E.01553
G1 X100.697 Y180.268 E.01549
G1 X100.651 Y180.558 E.01589
G1 X100.514 Y180.831 E.01658
G1 X100.294 Y181.063 E.01733
G1 X100.009 Y181.23 E.01788
G1 X99.687 Y181.314 E.01803
G1 X99.361 Y181.308 E.0177
G1 X99.062 Y181.213 E.01697
G1 X98.817 Y181.043 E.01615
G1 X98.645 Y180.813 E.01558
G1 X98.555 Y180.543 E.01543
G1 X98.555 Y180.252 E.01578
G1 X98.647 Y179.964 E.01641
G1 X98.828 Y179.705 E.01711
G1 X99.083 Y179.501 E.0177
G1 X99.389 Y179.374 E.01795
G1 X99.716 Y179.336 E.01785
; WIPE_START
G1 X100.032 Y179.39 E-.12166
G1 X100.307 Y179.527 E-.11677
G1 X100.519 Y179.732 E-.11193
G1 X100.652 Y179.986 E-.1089
G1 X100.697 Y180.268 E-.10863
G1 X100.651 Y180.558 E-.11144
G1 X100.556 Y180.747 E-.08067
; WIPE_END
G1 E-.04 F1800
M204 S10000
G17
G3 Z50.04 I-1.196 J.227 P1  F60000
G1 X104.767 Y202.907 Z50.04
G1 Z49.64
G1 E.8 F1800
G1 F7915.629
M204 S8000
G1 X104.842 Y202.76 E.00896
G1 X104.974 Y202.659 E.00898
G1 X105.086 Y202.621 E.0064
G1 X105.221 Y202.616 E.00734
G1 X105.359 Y202.012 E.0336
G1 X105.558 Y202.066 E.01121
G1 X105.82 Y202.225 E.0166
G1 X106.021 Y202.449 E.01632
G1 X106.149 Y202.722 E.01634
G1 X106.193 Y203.018 E.01624
G1 X106.149 Y203.316 E.01632
G1 X106.022 Y203.589 E.01629
G1 X105.819 Y203.815 E.01649
G1 X105.568 Y203.968 E.0159
G1 X105.274 Y204.045 E.01652
G1 X104.973 Y204.034 E.01632
G1 X104.68 Y203.934 E.01678
G1 X104.562 Y203.858 E.00759
G1 X104.448 Y203.767 E.00793
G1 X104.253 Y203.512 E.01736
G1 X104.151 Y203.237 E.01592
G1 X104.131 Y202.935 E.01638
G1 X104.15 Y202.802 E.00729
G1 X104.255 Y202.52 E.0163
G1 X104.433 Y202.286 E.01594
G1 X104.685 Y202.104 E.01685
G1 X104.97 Y202.005 E.01633
G1 X105.276 Y201.993 E.01659
; WIPE_START
G1 X105.558 Y202.066 E-.11097
G1 X105.82 Y202.225 E-.11641
G1 X106.021 Y202.449 E-.11443
G1 X106.149 Y202.722 E-.11455
G1 X106.193 Y203.018 E-.11386
G1 X106.149 Y203.316 E-.11444
G1 X106.065 Y203.496 E-.07535
; WIPE_END
G1 E-.04 F1800
M204 S10000
G17
G3 Z50.04 I-1.201 J-.195 P1  F60000
G1 X105.483 Y207.09 Z50.04
G1 Z49.64
G1 E.8 F1800
G1 F7915.629
M204 S8000
G1 X105.508 Y206.934 E.00854
G1 X105.615 Y206.777 E.01029
G1 X105.695 Y206.724 E.00523
G1 X105.826 Y206.681 E.00744
G1 X105.955 Y206.678 E.007
G1 X106.111 Y206.078 E.03362
G1 X106.307 Y206.135 E.01106
G1 X106.561 Y206.295 E.01624
G1 X106.757 Y206.518 E.01611
G1 X106.882 Y206.79 E.01619
G1 X106.924 Y207.085 E.01618
G1 X106.878 Y207.384 E.01635
G1 X106.748 Y207.658 E.01645
G1 X106.539 Y207.887 E.01684
G1 X106.47 Y207.931 E.00442
G1 X106.282 Y208.039 E.01178
G1 X105.981 Y208.112 E.01676
G1 X105.676 Y208.094 E.01657
G1 X105.38 Y207.983 E.01714
G1 X105.154 Y207.808 E.01547
G1 X104.978 Y207.565 E.01627
G1 X104.875 Y207.276 E.01665
G1 X104.862 Y206.993 E.01532
G1 X104.926 Y206.716 E.01543
G1 X105.062 Y206.469 E.0153
G1 X105.181 Y206.33 E.0099
G1 X105.426 Y206.159 E.01619
G1 X105.721 Y206.063 E.01678
G1 X106.029 Y206.057 E.0167
; WIPE_START
G1 X106.307 Y206.135 E-.10991
G1 X106.561 Y206.295 E-.11389
G1 X106.757 Y206.518 E-.11298
G1 X106.882 Y206.79 E-.11349
G1 X106.924 Y207.085 E-.11346
G1 X106.878 Y207.384 E-.11466
G1 X106.786 Y207.578 E-.08161
; WIPE_END
G1 E-.04 F1800
M204 S10000
G17
G3 Z50.04 I-.043 J1.216 P1  F60000
G1 X110.789 Y207.718 Z50.04
G1 Z49.64
G1 E.8 F1800
G1 F7915.629
M204 S8000
G1 X110.858 Y207.582 E.00827
G1 X110.997 Y207.473 E.00959
G1 X111.109 Y207.435 E.00641
G1 X111.247 Y207.431 E.00751
G1 X111.385 Y206.827 E.0336
G1 X111.583 Y206.882 E.01117
G1 X111.843 Y207.042 E.01652
G1 X112.043 Y207.265 E.01627
G1 X112.171 Y207.538 E.0163
G1 X112.214 Y207.834 E.01623
G1 X112.17 Y208.132 E.01633
G1 X112.042 Y208.405 E.01632
G1 X111.837 Y208.632 E.01656
G1 X111.585 Y208.785 E.01596
G1 X111.29 Y208.861 E.01656
G1 X110.988 Y208.848 E.01635
G1 X110.695 Y208.745 E.01684
G1 X110.596 Y208.682 E.00637
G1 X110.464 Y208.577 E.00912
G1 X110.272 Y208.324 E.01725
G1 X110.171 Y208.05 E.01582
G1 X110.152 Y207.752 E.01618
G1 X110.219 Y207.462 E.01612
G1 X110.278 Y207.332 E.00774
G1 X110.365 Y207.204 E.00839
G1 X110.458 Y207.097 E.00764
G1 X110.71 Y206.916 E.01687
G1 X110.996 Y206.819 E.01634
G1 X111.302 Y206.808 E.0166
; WIPE_START
G1 X111.583 Y206.882 E-.11066
G1 X111.843 Y207.042 E-.11579
G1 X112.043 Y207.265 E-.11406
G1 X112.171 Y207.538 E-.11431
G1 X112.214 Y207.834 E-.11378
G1 X112.17 Y208.132 E-.11449
G1 X112.084 Y208.315 E-.07692
; WIPE_END
G1 E-.04 F1800
M204 S10000
G17
G3 Z50.04 I1.172 J-.328 P1  F60000
G1 X110.858 Y203.934 Z50.04
G1 Z49.64
G1 E.8 F1800
G1 F7915.629
M204 S8000
G1 X110.881 Y203.781 E.00838
G1 X111.005 Y203.604 E.01174
G1 X111.063 Y203.564 E.00386
G1 X111.195 Y203.519 E.00756
G1 X111.313 Y203.514 E.00636
G1 X111.463 Y202.913 E.03361
G1 X111.674 Y202.968 E.01181
G1 X111.925 Y203.12 E.01589
G1 X112.129 Y203.347 E.01652
G1 X112.257 Y203.619 E.01633
G1 X112.301 Y203.918 E.01637
G1 X112.284 Y204.038 E.00655
G1 X112.257 Y204.216 E.00974
G1 X112.128 Y204.489 E.01636
G1 X111.927 Y204.712 E.01631
G1 X111.666 Y204.871 E.01655
G1 X111.385 Y204.944 E.01575
G1 X111.082 Y204.933 E.01646
G1 X110.792 Y204.834 E.01659
G1 X110.663 Y204.752 E.00831
G1 X110.561 Y204.67 E.00706
G1 X110.367 Y204.421 E.01711
G1 X110.262 Y204.152 E.01565
G1 X110.238 Y203.854 E.01623
G1 X110.262 Y203.683 E.00936
G1 X110.367 Y203.414 E.01566
G1 X110.561 Y203.165 E.01712
G1 X110.792 Y203.001 E.01535
G1 X111.082 Y202.902 E.01659
G1 X111.381 Y202.892 E.01621
; WIPE_START
G1 X111.674 Y202.968 E-.11518
G1 X111.925 Y203.12 E-.1114
G1 X112.129 Y203.347 E-.11582
G1 X112.257 Y203.619 E-.11449
G1 X112.301 Y203.918 E-.11481
G1 X112.284 Y204.038 E-.04591
G1 X112.257 Y204.216 E-.06826
G1 X112.174 Y204.392 E-.07412
; WIPE_END
G1 E-.04 F1800
M204 S10000
G17
G3 Z50.04 I-1.215 J-.068 P1  F60000
G1 X111.574 Y215.134 Z50.04
G1 Z49.64
G1 E.8 F1800
G1 F7915.629
M204 S8000
G1 X111.693 Y214.726 E.02301
G1 X111.794 Y214.55 E.011
G1 X111.912 Y214.436 E.00888
G1 X112.014 Y214.384 E.00622
G1 X112.093 Y214.373 E.00435
G1 X112.196 Y213.761 E.03362
G1 X112.387 Y213.799 E.01053
G1 X112.633 Y213.944 E.01546
G1 X112.829 Y214.171 E.01628
G1 X112.959 Y214.466 E.01745
G1 X113.003 Y214.801 E.01831
G1 X112.958 Y215.145 E.01883
G1 X112.825 Y215.468 E.01892
G1 X112.616 Y215.739 E.01853
G1 X112.47 Y215.849 E.00995
G1 X112.091 Y216.485 E.04011
G1 X112.058 Y216.692 E.01135
G1 X111.924 Y216.973 E.01686
G1 X111.702 Y217.219 E.01798
G1 X111.407 Y217.395 E.01861
G1 X111.092 Y217.471 E.01754
G1 X110.782 Y217.453 E.01684
G1 X110.497 Y217.347 E.01651
G1 X110.246 Y217.145 E.01746
G1 X110.087 Y216.92 E.01494
G1 X109.995 Y216.633 E.01632
G1 X109.991 Y216.327 E.01661
G1 X110.078 Y216.029 E.01679
G1 X110.286 Y215.72 E.0202
G1 X110.403 Y215.616 E.00849
G1 X110.618 Y215.468 E.01414
G1 X111.016 Y214.855 E.0396
G1 X111.115 Y214.487 E.02069
G1 X111.3 Y214.166 E.02008
G1 X111.547 Y213.926 E.01866
G1 X111.826 Y213.784 E.01697
G1 X112.112 Y213.745 E.01566
; WIPE_START
G1 X112.387 Y213.799 E-.10625
G1 X112.633 Y213.944 E-.1084
G1 X112.829 Y214.171 E-.11415
G1 X112.959 Y214.466 E-.12231
G1 X113.003 Y214.801 E-.12835
G1 X112.958 Y215.145 E-.13199
G1 X112.909 Y215.263 E-.04855
; WIPE_END
G1 E-.04 F1800
M204 S10000
G17
G3 Z50.04 I.034 J-1.216 P1  F60000
G1 X105.379 Y215.051 Z50.04
G1 Z49.64
G1 E.8 F1800
G1 F7915.629
M204 S8000
G1 X105.293 Y214.913 E.00879
G1 X105.248 Y214.762 E.00857
G1 X105.248 Y214.637 E.00679
G1 X105.277 Y214.545 E.0052
G1 X105.318 Y214.489 E.00378
G1 X105.384 Y214.444 E.00432
G1 X105.475 Y214.419 E.00512
G1 X105.491 Y213.799 E.03361
G1 X105.723 Y213.811 E.0126
G1 X105.923 Y213.882 E.01149
G1 X106.348 Y213.812 E.02334
G1 X106.639 Y213.854 E.01593
G1 X106.894 Y213.983 E.01545
G1 X107.094 Y214.186 E.01546
G1 X107.223 Y214.451 E.01598
G1 X107.269 Y214.758 E.01682
G1 X107.222 Y215.081 E.01772
G1 X107.084 Y215.389 E.0183
G1 X106.866 Y215.651 E.01843
G1 X106.593 Y215.839 E.01798
G1 X106.291 Y215.936 E.0172
G1 X105.816 Y215.943 E.02574
G1 X105.483 Y215.871 E.01848
G1 X105.135 Y215.676 E.0216
G1 X104.908 Y215.467 E.01674
G1 X104.723 Y215.172 E.01887
G1 X104.628 Y214.852 E.01808
G1 X104.628 Y214.54 E.01694
G1 X104.717 Y214.259 E.01596
G1 X104.882 Y214.037 E.01496
G1 X105.12 Y213.873 E.01568
G1 X105.406 Y213.796 E.01607
; WIPE_START
G1 X105.723 Y213.811 E-.12075
G1 X105.923 Y213.882 E-.08055
G1 X106.348 Y213.812 E-.16367
G1 X106.639 Y213.854 E-.1117
G1 X106.894 Y213.983 E-.10829
G1 X107.094 Y214.186 E-.1084
G1 X107.171 Y214.344 E-.06664
; WIPE_END
G1 E-.04 F1800
M204 S10000
G17
G3 Z50.04 I-.565 J-1.078 P1  F60000
G1 X101.088 Y217.529 Z50.04
G1 Z49.64
G1 E.8 F1800
G1 F7915.629
M204 S8000
G1 X101.029 Y217.445 E.00556
G1 X100.955 Y217.203 E.0137
G1 X100.961 Y217.019 E.00997
G1 X101.005 Y216.88 E.00793
G1 X101.073 Y216.781 E.00652
G1 X101.153 Y216.718 E.00549
G1 X101.239 Y216.687 E.00498
G1 X101.339 Y216.683 E.00541
G1 X101.496 Y216.083 E.03361
G1 X101.709 Y216.144 E.01198
G1 X101.984 Y216.322 E.01775
G1 X102.211 Y216.584 E.01884
G1 X102.372 Y216.93 E.02065
G1 X102.437 Y217.305 E.02062
G1 X102.987 Y217.869 E.0427
G1 X103.273 Y217.971 E.01649
G1 X103.526 Y218.142 E.01656
G1 X103.74 Y218.391 E.01777
G1 X103.874 Y218.683 E.0174
G1 X103.915 Y218.988 E.01668
G1 X103.866 Y219.282 E.01615
G1 X103.732 Y219.543 E.01592
G1 X103.524 Y219.752 E.01601
G1 X103.259 Y219.891 E.01619
G1 X102.941 Y219.952 E.01758
G1 X102.608 Y219.918 E.01812
G1 X102.339 Y219.817 E.01556
G1 X102.115 Y219.669 E.01455
G1 X101.887 Y219.421 E.01825
G1 X101.745 Y219.133 E.01741
G1 X101.703 Y218.889 E.01345
G1 X101.154 Y218.341 E.04202
G1 X100.935 Y218.242 E.01303
G1 X100.676 Y218.023 E.01839
G1 X100.479 Y217.739 E.01873
G1 X100.388 Y217.51 E.01335
G1 X100.333 Y217.262 E.01379
G1 X100.344 Y216.914 E.01887
G1 X100.442 Y216.604 E.01761
G1 X100.616 Y216.351 E.01665
G1 X100.848 Y216.169 E.01597
G1 X101.12 Y216.07 E.01567
G1 X101.414 Y216.06 E.01595
; WIPE_START
G1 X101.709 Y216.144 E-.11641
G1 X101.984 Y216.322 E-.12447
G1 X102.211 Y216.584 E-.13207
G1 X102.372 Y216.93 E-.14478
G1 X102.437 Y217.305 E-.14456
G1 X102.616 Y217.489 E-.09772
; WIPE_END
G1 E-.04 F1800
M204 S10000
G17
G3 Z50.04 I1.032 J-.645 P1  F60000
G1 X99.056 Y211.796 Z50.04
G1 Z49.64
G1 E.8 F1800
G1 F7915.629
M204 S8000
G1 X99.028 Y211.705 E.00515
G1 X99.028 Y211.605 E.00544
G1 X99.055 Y211.523 E.0047
G1 X99.104 Y211.456 E.0045
G1 X99.185 Y211.4 E.00532
G1 X99.3 Y211.364 E.00655
G1 X99.445 Y211.362 E.00785
G1 X99.607 Y210.764 E.0336
G1 X99.845 Y210.829 E.01337
G1 X100.13 Y211 E.01797
G1 X100.35 Y211.235 E.01747
G1 X100.487 Y211.511 E.01673
G1 X100.534 Y211.803 E.01599
G1 X100.488 Y212.086 E.01554
G1 X100.356 Y212.339 E.01549
G1 X100.145 Y212.543 E.01588
G1 X99.873 Y212.678 E.01649
G1 X99.56 Y212.73 E.01718
G1 X99.236 Y212.69 E.01768
G1 X98.933 Y212.56 E.01786
G1 X98.68 Y212.354 E.01771
G1 X98.5 Y212.092 E.01725
G1 X98.408 Y211.8 E.01655
G1 X98.408 Y211.506 E.01598
G1 X98.497 Y211.233 E.01553
G1 X98.668 Y211.005 E.01546
G1 X98.909 Y210.836 E.01593
G1 X99.203 Y210.745 E.01669
G1 X99.525 Y210.741 E.01748
; WIPE_START
G1 X99.845 Y210.829 E-.12617
G1 X100.13 Y211 E-.12596
G1 X100.35 Y211.235 E-.12249
G1 X100.487 Y211.511 E-.11732
G1 X100.534 Y211.803 E-.11209
G1 X100.488 Y212.086 E-.10897
G1 X100.431 Y212.195 E-.04701
; WIPE_END
G1 E-.04 F1800
M204 S10000
G17
G3 Z50.04 I1.171 J-.332 P1  F60000
G1 X99.32 Y208.278 Z50.04
G1 Z49.64
G1 E.8 F1800
G1 F7915.629
M204 S8000
G1 X99.346 Y208.185 E.00519
G1 X99.4 Y208.115 E.00481
G1 X99.491 Y208.052 E.00598
G1 X99.619 Y208.01 E.00733
G1 X99.774 Y208.006 E.00839
G1 X99.926 Y207.405 E.0336
G1 X100.167 Y207.466 E.01345
G1 X100.452 Y207.631 E.01783
G1 X100.672 Y207.86 E.01724
G1 X100.809 Y208.131 E.01646
G1 X100.855 Y208.419 E.0158
G1 X100.81 Y208.701 E.01547
G1 X100.676 Y208.955 E.01557
G1 X100.463 Y209.162 E.01607
G1 X100.187 Y209.3 E.01677
G1 X99.869 Y209.356 E.0175
G1 X99.54 Y209.32 E.01795
G1 X99.232 Y209.195 E.01801
G1 X98.975 Y208.993 E.0177
G1 X98.794 Y208.736 E.01702
G1 X98.7 Y208.45 E.01631
G1 X98.7 Y208.161 E.01566
G1 X98.791 Y207.892 E.01541
G1 X98.965 Y207.662 E.01565
G1 X99.213 Y207.49 E.01634
G1 X99.515 Y207.393 E.01718
G1 X99.844 Y207.384 E.01783
; WIPE_START
G1 X100.167 Y207.466 E-.1267
G1 X100.452 Y207.631 E-.12501
G1 X100.672 Y207.86 E-.12084
G1 X100.809 Y208.131 E-.11543
G1 X100.855 Y208.419 E-.11077
G1 X100.81 Y208.701 E-.10848
G1 X100.745 Y208.824 E-.05277
; WIPE_END
G1 E-.04 F1800
M204 S10000
G17
G3 Z50.04 I1.119 J-.478 P1  F60000
G1 X99.139 Y205.059 Z50.04
G1 Z49.64
G1 E.8 F1800
G1 F7915.629
M204 S8000
G1 X99.173 Y204.898 E.00892
G1 X99.246 Y204.792 E.00695
G1 X99.354 Y204.705 E.00756
G1 X99.486 Y204.651 E.00773
G1 X99.624 Y204.636 E.00749
G1 X99.732 Y204.025 E.03361
G1 X99.953 Y204.067 E.01221
G1 X100.221 Y204.207 E.01637
G1 X100.428 Y204.414 E.01589
G1 X100.559 Y204.671 E.01563
G1 X100.604 Y204.956 E.01561
G1 X100.559 Y205.245 E.01588
G1 X100.425 Y205.516 E.01637
G1 X100.211 Y205.742 E.01686
G1 X99.937 Y205.904 E.01728
G1 X99.633 Y205.982 E.017
G1 X99.309 Y205.974 E.01756
G1 X99.023 Y205.879 E.0163
G1 X98.778 Y205.705 E.0163
G1 X98.608 Y205.474 E.01554
G1 X98.519 Y205.202 E.01554
G1 X98.519 Y204.909 E.01587
G1 X98.61 Y204.621 E.01636
G1 X98.787 Y204.365 E.01689
G1 X99.036 Y204.166 E.01727
G1 X99.332 Y204.044 E.01738
G1 X99.648 Y204.01 E.01722
; WIPE_START
G1 X99.953 Y204.067 E-.11799
G1 X100.221 Y204.207 E-.11476
G1 X100.428 Y204.414 E-.11139
G1 X100.559 Y204.671 E-.10959
G1 X100.604 Y204.956 E-.10946
G1 X100.559 Y205.245 E-.11136
G1 X100.459 Y205.447 E-.08544
; WIPE_END
G1 E-.04 F1800
M204 S10000
G17
G3 Z50.04 I-1.217 J-.027 P1  F60000
G1 X100.109 Y221.213 Z50.04
G1 Z49.64
G1 E.8 F1800
G1 F7915.629
M204 S8000
G1 X100.129 Y221.139 E.00414
G1 X100.235 Y220.978 E.01045
G1 X100.387 Y220.857 E.01054
G1 X100.525 Y220.799 E.0081
G1 X100.657 Y220.784 E.00722
G1 X100.766 Y220.174 E.03361
G1 X100.98 Y220.215 E.01181
G1 X101.239 Y220.361 E.01611
G1 X101.439 Y220.582 E.01619
G1 X101.564 Y220.865 E.01674
G1 X101.601 Y221.186 E.01752
G1 X101.546 Y221.514 E.01803
G1 X101.396 Y221.83 E.01898
G1 X101.154 Y222.101 E.0197
G1 X100.868 Y222.279 E.01826
G1 X100.535 Y222.365 E.01864
G1 X100.25 Y222.357 E.01544
G1 X99.97 Y222.26 E.01608
G1 X99.735 Y222.084 E.0159
G1 X99.563 Y221.843 E.01605
G1 X99.468 Y221.552 E.01657
G1 X99.461 Y221.234 E.01724
G1 X99.552 Y220.9 E.01878
G1 X99.667 Y220.698 E.01262
G1 X99.791 Y220.54 E.01088
G1 X100.068 Y220.318 E.01925
G1 X100.368 Y220.193 E.01761
G1 X100.682 Y220.158 E.01714
; WIPE_START
G1 X100.98 Y220.215 E-.11518
G1 X101.239 Y220.361 E-.11292
G1 X101.439 Y220.582 E-.11348
G1 X101.564 Y220.865 E-.11735
G1 X101.601 Y221.186 E-.1228
G1 X101.546 Y221.514 E-.12639
G1 X101.487 Y221.637 E-.05188
; WIPE_END
G1 E-.04 F1800
M204 S10000
G17
G3 Z50.04 I-.221 J1.197 P1  F60000
G1 X106.588 Y222.58 Z50.04
G1 Z49.64
G1 E.8 F1800
G1 F7915.629
M204 S8000
G1 X106.698 Y222.395 E.01169
G1 X106.865 Y222.254 E.01182
G1 X107.037 Y222.181 E.01012
G1 X107.193 Y222.16 E.00858
G1 X107.286 Y221.547 E.03361
G1 X107.516 Y221.584 E.0126
G1 X107.782 Y221.719 E.01617
G1 X107.993 Y221.934 E.01631
G1 X108.121 Y222.204 E.01621
G1 X108.161 Y222.514 E.01694
G1 X108.105 Y222.837 E.01779
G1 X107.957 Y223.144 E.01846
G1 X107.722 Y223.411 E.01924
G1 X107.387 Y223.621 E.02145
G1 X107.059 Y223.713 E.01844
G1 X106.736 Y223.709 E.01753
G1 X106.444 Y223.616 E.01661
G1 X106.204 Y223.446 E.01595
G1 X106.032 Y223.213 E.01568
G1 X105.938 Y222.933 E.01601
G1 X105.932 Y222.625 E.0167
G1 X106.019 Y222.312 E.01765
G1 X106.211 Y222.003 E.0197
G1 X106.364 Y221.854 E.01156
G1 X106.554 Y221.713 E.01281
G1 X106.872 Y221.577 E.01874
G1 X107.202 Y221.534 E.01806
; WIPE_START
G1 X107.516 Y221.584 E-.12075
G1 X107.782 Y221.719 E-.11335
G1 X107.993 Y221.934 E-.11437
G1 X108.121 Y222.204 E-.11364
G1 X108.161 Y222.514 E-.11876
G1 X108.105 Y222.837 E-.12476
G1 X108.043 Y222.966 E-.05436
; WIPE_END
G1 E-.04 F1800
M204 S10000
G17
G3 Z50.04 I.962 J.746 P1  F60000
G1 X109.22 Y221.448 Z50.04
G1 Z49.64
G1 E.8 F1800
G1 F7915.629
M204 S8000
G1 X109.192 Y221.351 E.00544
G1 X109.195 Y221.227 E.00675
G1 X109.229 Y221.122 E.00599
G1 X109.289 Y221.04 E.00549
G1 X109.376 Y220.975 E.00587
G1 X109.487 Y220.936 E.0064
G1 X109.617 Y220.93 E.00706
G1 X109.762 Y220.327 E.03361
G1 X110.379 Y220.504 E.03477
G1 X110.702 Y220.688 E.02018
G1 X110.935 Y220.926 E.01804
G1 X111.077 Y221.197 E.0166
G1 X111.123 Y221.48 E.01555
G1 X111.075 Y221.759 E.01533
G1 X110.936 Y222.016 E.01585
G1 X110.706 Y222.235 E.0172
G1 X110.397 Y222.391 E.01879
G1 X110.022 Y222.466 E.02069
G1 X109.709 Y222.454 E.01698
G1 X109.162 Y222.286 E.03101
G1 X108.983 Y222.162 E.01183
G1 X108.81 Y221.987 E.01333
G1 X108.658 Y221.742 E.01563
G1 X108.571 Y221.431 E.01749
G1 X108.577 Y221.121 E.01679
G1 X108.671 Y220.837 E.01623
G1 X108.842 Y220.599 E.01592
G1 X109.081 Y220.421 E.01612
G1 X109.368 Y220.321 E.01646
G1 X109.679 Y220.307 E.01691
; COOLING_NODE: 0
; WIPE_START
G1 X110.379 Y220.504 E-.27614
G1 X110.702 Y220.688 E-.14149
G1 X110.935 Y220.926 E-.12648
G1 X111.077 Y221.197 E-.1164
G1 X111.119 Y221.456 E-.09949
; WIPE_END
G1 E-.04 F1800
M204 S10000
G17
G3 Z50.04 I1.111 J.497 P1  F60000
G1 X121.794 Y197.593 Z50.04
G1 Z49.64
G1 E.8 F1800
; FEATURE: Other object
; LINE_WIDTH: 0.45
G1 F11292.473
M204 S8000
G1 X122.607 Y197.593 E.03089
G1 X122.607 Y201.593 E.15197
G1 X125.994 Y201.593 E.12868
G1 X125.994 Y190.493 E.42172
G1 X130.807 Y190.493 E.18286
G1 X130.807 Y213.257 E.86483
G1 X125.994 Y213.257 E.18286
G1 X125.994 Y211.407 E.07029
G1 X122.607 Y211.407 E.12868
G1 X122.607 Y212.157 E.02849
G1 X121.794 Y212.157 E.03089
G1 X121.794 Y197.653 E.55101
; COOLING_NODE: 0
; WIPE_START
G1 X122.607 Y197.593 E-.30979
G1 X122.607 Y198.778 E-.45021
; WIPE_END
G1 E-.04 F1800
M204 S10000
G1 X120.943 Y191.329 Z50.04 F60000
G1 X102.807 Y110.093 Z50.04
G1 Z49.64
G1 E.8 F1800
G1 F11292.473
M204 S8000
G1 X119.993 Y110.093 E.65298
G1 X119.994 Y97.973 E.46048
G1 X120.006 Y97.821 E.00579
G1 X120.078 Y97.523 E.01167
G1 X120.239 Y97.208 E.01342
G1 X120.473 Y96.944 E.01343
G1 X120.728 Y96.765 E.01183
G1 X120.883 Y96.693 E.00649
G1 X121.093 Y96.631 E.00832
G1 X121.64 Y96.792 E.02168
G1 X122.845 Y97.269 E.04921
G1 X123.31 Y97.408 E.01843
G1 X123.818 Y97.485 E.01954
G1 X124.383 Y97.441 E.02154
G1 X125.054 Y97.154 E.02771
G1 X125.381 Y96.593 E.02464
G1 X125.619 Y96.593 E.00907
G1 X125.788 Y96.738 E.00843
G1 X126.275 Y97.257 E.02704
G1 X126.812 Y97.54 E.02304
G1 X127.305 Y97.692 E.01961
G1 X127.783 Y97.768 E.01838
G1 X128.255 Y97.785 E.01796
G1 X128.729 Y97.744 E.01807
G1 X129.212 Y97.638 E.01877
G1 X129.717 Y97.441 E.02061
G1 X130.277 Y97.062 E.02568
G1 X130.569 Y96.593 E.02098
G1 X130.824 Y96.593 E.00969
G1 X131.133 Y96.852 E.01528
G1 X131.734 Y97.088 E.02456
G1 X132.307 Y97.074 E.02178
G1 X132.78 Y96.977 E.01835
G1 X133.586 Y96.749 E.0318
G1 X133.877 Y96.684 E.01136
G1 X134.162 Y96.82 E.01199
G1 X134.327 Y96.944 E.00783
G1 X134.5 Y97.127 E.00958
G1 X134.617 Y97.298 E.00785
G1 X134.707 Y97.486 E.00794
G1 X134.77 Y97.691 E.00815
G1 X134.804 Y97.94 E.00956
G1 X134.806 Y111.906 E.53061
G1 X124.807 Y111.906 E.37992
G1 X124.807 Y112.056 E.0057
G1 X124.311 Y112.056 E.01884
G1 X124.311 Y130.743 E.70997
G1 X124.807 Y130.743 E.01884
G1 X124.807 Y171.807 E1.56009
G1 X124.311 Y171.807 E.01884
G1 X124.311 Y189.907 E.68767
G1 X119.994 Y189.907 E.16402
G1 X119.994 Y176.907 E.4939
G1 X98.284 Y176.907 E.82479
G1 X98.293 Y170.093 E.25885
G1 X101.993 Y170.093 E.1406
G1 X101.993 Y147.273 E.86699
G1 X119.993 Y147.273 E.68387
G1 X119.993 Y111.906 E1.34368
G1 X100.993 Y111.906 E.72186
G1 X100.993 Y99.843 E.45831
G1 X102.807 Y99.843 E.06888
G1 X102.807 Y110.033 E.38714
; COOLING_NODE: 0
M204 S250
G1 X103.19 Y109.71 F60000
; FEATURE: Other object
; LINE_WIDTH: 0.42
G1 F12000
M204 S5000
G1 X119.61 Y109.71 E.57687
G1 X119.611 Y97.958 E.41286
G1 X119.666 Y97.557 E.01422
G1 X119.808 Y97.184 E.01405
G1 X119.921 Y96.992 E.00783
G1 X120.058 Y96.816 E.00784
G1 X120.354 Y96.548 E.01403
G1 X120.544 Y96.428 E.00788
G1 X120.74 Y96.337 E.00758
G1 X121.099 Y96.238 E.01308
G1 X121.769 Y96.431 E.02452
G1 X122.971 Y96.906 E.0454
G1 X123.394 Y97.033 E.01551
G1 X123.832 Y97.099 E.01558
G1 X124.291 Y97.064 E.01615
G1 X124.786 Y96.851 E.01895
G1 X125.16 Y96.21 E.02608
G1 X125.762 Y96.21 E.02113
G1 X126.053 Y96.461 E.01351
G1 X126.511 Y96.947 E.02347
G1 X126.959 Y97.184 E.01781
G1 X127.392 Y97.318 E.01592
G1 X127.82 Y97.386 E.01521
G1 X128.245 Y97.401 E.01496
G1 X128.671 Y97.364 E.01503
G1 X129.101 Y97.27 E.01544
G1 X129.538 Y97.1 E.01649
G1 X129.994 Y96.79 E.01938
G1 X130.356 Y96.21 E.02402
G1 X130.964 Y96.21 E.02133
G1 X131.331 Y96.518 E.01684
G1 X131.802 Y96.703 E.01779
G1 X132.264 Y96.692 E.01621
G1 X132.69 Y96.605 E.01527
G1 X133.491 Y96.377 E.02928
G1 X133.902 Y96.286 E.01478
G1 X134.137 Y96.369 E.00876
G1 X134.371 Y96.497 E.00936
G1 X134.583 Y96.657 E.00935
G1 X134.8 Y96.885 E.01105
G1 X134.95 Y97.105 E.00936
G1 X135.066 Y97.346 E.00938
G1 X135.146 Y97.609 E.00965
G1 X135.188 Y97.914 E.01084
G1 X135.19 Y112.29 E.50505
G1 X125.19 Y112.29 E.35132
G1 X125.19 Y112.44 E.00527
G1 X124.694 Y112.44 E.01742
G1 X124.694 Y130.36 E.62957
G1 X125.19 Y130.36 E.01742
G1 X125.19 Y172.19 E1.46959
G1 X124.694 Y172.19 E.01742
G1 X124.694 Y190.11 E.62957
G1 X131.19 Y190.11 E.22821
G1 X131.19 Y213.64 E.82667
G1 X125.61 Y213.64 E.19604
G1 X125.61 Y211.79 E.06499
G1 X122.99 Y211.79 E.09205
G1 X122.99 Y212.54 E.02635
G1 X121.41 Y212.54 E.05551
G1 X121.41 Y197.21 E.53858
G1 X122.99 Y197.21 E.05551
G1 X122.99 Y201.21 E.14053
G1 X125.61 Y201.21 E.09205
G1 X125.61 Y190.29 E.38365
G1 X119.61 Y190.29 E.21079
G1 X119.61 Y177.29 E.45672
G1 X97.9 Y177.29 E.76272
G1 X97.91 Y169.71 E.2663
G1 X101.61 Y169.71 E.13
G1 X101.61 Y146.89 E.80172
G1 X119.61 Y146.89 E.63238
G1 X119.61 Y112.29 E1.21558
G1 X100.61 Y112.29 E.66752
G1 X100.61 Y99.46 E.45075
G1 X103.19 Y99.46 E.09064
G1 X103.19 Y109.65 E.358
; WIPE_START
M204 S8000
G1 X105.19 Y109.657 E-.76
; WIPE_END
G1 E-.04 F1800
M204 S10000
G1 X105.956 Y110.434 Z50.04 F60000
G1 Z49.64
G1 E.8 F1800
; FEATURE: Other object
; LINE_WIDTH: 0.45
G1 F11292.473
M204 S8000
G1 X107.55 Y110.434 E.06056
G1 X108.681 Y111.566 E.06077
G1 X107.867 Y111.566 E.03094
G1 X108.998 Y110.434 E.06077
G1 X115.064 Y110.434 E.23047
G1 X116.195 Y111.566 E.06077
G1 X115.381 Y111.566 E.03094
G1 X116.512 Y110.434 E.06077
G1 X118.106 Y110.434 E.06056
; WIPE_START
G1 X116.512 Y110.434 E-.60572
G1 X116.225 Y110.722 E-.15429
; WIPE_END
G1 E-.04 F1800
M204 S10000
G1 X123.824 Y111.428 Z50.04 F60000
G1 X125.303 Y111.566 Z50.04
G1 Z49.64
G1 E.8 F1800
G1 F11292.473
M204 S8000
G1 X124.466 Y111.566 E.03182
G1 X124.466 Y111.716 E.0057
G1 X123.97 Y111.716 E.01884
G1 X123.97 Y111.826 E.0042
G1 X120.335 Y108.191 E.19532
G1 X120.335 Y106.612 E.06
G1 X128.889 Y98.058 E.4596
G1 X129.311 Y97.966 E.01641
G1 X129.877 Y97.745 E.02309
G1 X130.528 Y97.304 E.02989
G1 X130.738 Y96.966 E.01511
G1 X130.956 Y97.149 E.0108
G1 X131.674 Y97.431 E.02928
G1 X132.106 Y97.42 E.01645
G1 X134.463 Y99.777 E.12664
G1 X134.463 Y99.997 E.00834
G1 X120.334 Y114.126 E.75914
G1 X120.334 Y115.705 E.05999
G1 X123.97 Y119.34 E.19532
G1 X123.97 Y118.005 E.05073
G1 X120.334 Y121.64 E.19532
G1 X120.334 Y123.219 E.05999
G1 X123.97 Y126.854 E.19532
G1 X123.97 Y125.519 E.05074
G1 X120.334 Y129.154 E.19532
G1 X120.334 Y130.733 E.05999
G1 X124.466 Y134.864 E.22196
G1 X124.466 Y132.537 E.08841
G1 X120.334 Y136.668 E.22196
G1 X120.334 Y138.247 E.05999
G1 X124.466 Y142.378 E.22196
G1 X124.466 Y140.051 E.08841
G1 X120.334 Y144.182 E.22196
G1 X120.334 Y145.761 E.05999
G1 X124.466 Y149.892 E.22196
G1 X124.466 Y147.565 E.08841
G1 X102.334 Y169.696 E1.1891
G1 X102.334 Y170.434 E.02804
G1 X101.596 Y170.434 E.02804
G1 X98.63 Y173.401 E.15941
G1 X98.633 Y170.434 E.11272
G1 X99.923 Y170.434 E.049
G1 X106.054 Y176.566 E.32942
G1 X102.979 Y176.566 E.11682
G1 X124.466 Y155.079 E1.15445
G1 X124.466 Y157.406 E.08841
G1 X114.674 Y147.614 E.52612
G1 X116.902 Y147.614 E.08468
G1 X102.334 Y162.182 E.78273
G1 X102.334 Y165.332 E.11965
G1 X113.568 Y176.566 E.60359
G1 X110.494 Y176.566 E.11682
G1 X124.466 Y162.594 E.75072
G1 X124.466 Y164.921 E.08841
G1 X107.159 Y147.614 E.92985
G1 X109.388 Y147.614 E.08468
G1 X102.334 Y154.668 E.379
G1 X102.334 Y157.818 E.11965
G1 X123.97 Y179.453 E1.16246
G1 X123.97 Y178.118 E.05074
G1 X120.334 Y181.753 E.19532
G1 X120.334 Y183.332 E.05999
G1 X123.97 Y186.967 E.19532
G1 X123.97 Y185.632 E.05074
G1 X120.334 Y189.267 E.19532
G1 X120.334 Y189.566 E.01135
M73 P84 R35
G1 X121.63 Y189.566 E.04921
; WIPE_START
G1 X120.334 Y189.566 E-.49222
G1 X120.334 Y189.267 E-.11349
G1 X120.622 Y188.98 E-.15429
; WIPE_END
G1 E-.04 F1800
M204 S10000
G1 X126.334 Y190.926 Z50.04 F60000
G1 Z49.64
G1 E.8 F1800
G1 F11292.473
M204 S8000
G1 X126.334 Y190.834 E.00347
G1 X127.837 Y190.834 E.05709
G1 X130.466 Y193.463 E.14122
G1 X130.466 Y194.164 E.02664
G1 X126.334 Y198.295 E.22196
G1 X126.334 Y196.846 E.05506
G1 X130.466 Y200.977 E.22196
G1 X130.466 Y201.678 E.02664
G1 X126.887 Y205.257 E.19229
G1 X126.887 Y204.912 E.01309
G1 X130.466 Y208.491 E.19229
G1 X130.466 Y209.192 E.02664
G1 X126.887 Y212.771 E.19229
G1 X126.887 Y212.426 E.01309
G1 X127.376 Y212.916 E.02629
G1 X128.97 Y212.916 E.06056
; WIPE_START
G1 X127.376 Y212.916 E-.60571
G1 X127.089 Y212.628 E-.15429
; WIPE_END
G1 E-.04 F1800
M204 S10000
G1 X126.63 Y205.01 Z50.04 F60000
G1 X126.438 Y201.836 Z50.04
G1 Z49.64
G1 E.8 F1800
; FEATURE: Other object
; LINE_WIDTH: 0.546344
G1 F9093.863
M204 S8000
G1 X126.44 Y199.78 E.097
; WIPE_START
G1 X126.438 Y201.78 E-.76
; WIPE_END
G1 E-.04 F1800
M204 S10000
G1 X124.088 Y203.888 Z50.04 F60000
G1 Z49.64
G1 E.8 F1800
; LINE_WIDTH: 0.556454
G1 F8911.774
M204 S8000
G1 X124.088 Y209.112 E.25153
G1 X124.593 Y209.112 E.02431
G1 X124.593 Y203.888 E.25153
G1 X124.148 Y203.888 E.02142
M204 S10000
G1 X123.651 Y203.451 F60000
; LINE_WIDTH: 0.419994
G1 F12212.001
M204 S8000
G1 X123.651 Y209.549 E.21424
G1 X125.029 Y209.549 E.04843
G1 X125.029 Y203.451 E.21424
G1 X123.711 Y203.451 E.04632
M204 S10000
G1 X123.313 Y203.082 F60000
G1 F12212.001
M204 S8000
G1 X123.282 Y203.136 E.00217
G1 X123.282 Y209.918 E.23824
G1 X125.398 Y209.918 E.07432
G1 X125.398 Y203.082 E.24013
G1 X123.373 Y203.082 E.07115
M204 S10000
G1 X123.15 Y202.714 F60000
G1 F12212.001
M204 S8000
G1 X123.115 Y202.777 E.00252
G1 X122.914 Y202.833 E.00734
G1 X122.914 Y210.286 E.26182
G1 X125.766 Y210.286 E.10021
G1 X125.766 Y202.714 E.26602
G1 X123.21 Y202.714 E.08981
M204 S10000
G1 X122.988 Y202.345 F60000
G1 F12212.001
M204 S8000
G1 X122.922 Y202.463 E.00472
G1 X122.545 Y202.545 E.01354
G1 X122.545 Y210.655 E.28492
G1 X126.135 Y210.655 E.1261
G1 X126.135 Y202.345 E.29191
G1 X123.048 Y202.345 E.10846
M204 S10000
G1 X122.817 Y201.977 F60000
; LINE_WIDTH: 0.421146
G1 F12173.941
M204 S8000
G1 X122.729 Y202.149 E.0068
G1 X122.177 Y202.176 E.01947
G1 X122.177 Y210.793 E.30366
G1 X122.2 Y211.207 E.01463
G1 X122.407 Y211.023 E.00977
G1 X126.193 Y211.023 E.13341
; LINE_WIDTH: 0.441046
G1 F11552.038
G1 X126.275 Y211.084 E.00382
; LINE_WIDTH: 0.483149
G1 F10425.235
G1 X126.358 Y211.146 E.00423
; LINE_WIDTH: 0.525253
G1 F9498.715
G1 X126.44 Y211.207 E.00464
G1 X126.461 Y211.042 E.00751
; LINE_WIDTH: 0.483149
G1 F10425.235
G1 X126.482 Y210.877 E.00684
; LINE_WIDTH: 0.420402
G1 F12198.514
G1 X126.503 Y210.712 E.00585
G1 X126.503 Y202.288 E.29631
; LINE_WIDTH: 0.441669
G1 F11533.582
G1 X126.482 Y202.137 E.00566
; LINE_WIDTH: 0.485019
G1 F10380.264
G1 X126.46 Y201.986 E.00629
; LINE_WIDTH: 0.528369
G1 F9436.634
G1 X126.438 Y201.836 E.00692
G1 X126.356 Y201.883 E.00429
; LINE_WIDTH: 0.485019
G1 F10380.264
G1 X126.275 Y201.93 E.0039
; LINE_WIDTH: 0.420594
G1 F12192.15
G1 X126.193 Y201.977 E.00332
G1 X122.877 Y201.977 E.11669
; WIPE_START
G1 X124.877 Y201.977 E-.76
; WIPE_END
G1 E-.04 F1800
M204 S10000
G1 X122.861 Y209.338 Z50.04 F60000
G1 X122.2 Y211.75 Z50.04
G1 Z49.64
G1 E.8 F1800
; LINE_WIDTH: 0.466044
G1 F10855.407
M204 S8000
G1 X122.2 Y211.267 E.01908
; WIPE_START
G1 X122.2 Y211.75 E-.76
; WIPE_END
G1 E-.04 F1800
M204 S10000
G1 X126.44 Y212.81 Z50.04 F60000
G1 Z49.64
G1 E.8 F1800
; LINE_WIDTH: 0.546304
G1 F9094.583
M204 S8000
G1 X126.44 Y211.267 E.07277
; WIPE_START
G1 X126.44 Y212.81 E-.76
; WIPE_END
G1 E-.04 F1800
M204 S10000
G1 X123.699 Y205.687 Z50.04 F60000
G1 X122.2 Y201.793 Z50.04
G1 Z49.64
G1 E.8 F1800
; FEATURE: Other object
; LINE_WIDTH: 0.466044
G1 F10855.407
M204 S8000
G1 X122.2 Y197.793 E.15809
; WIPE_START
G1 X122.2 Y199.793 E-.76
; WIPE_END
G1 E-.04 F1800
M204 S10000
G1 X121.351 Y192.208 Z50.04 F60000
G1 X119.602 Y176.566 Z50.04
G1 Z49.64
G1 E.8 F1800
; FEATURE: Other object
; LINE_WIDTH: 0.45
G1 F11292.473
M204 S8000
G1 X118.008 Y176.566 E.06056
G1 X124.466 Y170.108 E.34698
G1 X124.466 Y171.466 E.05159
G1 X123.97 Y171.466 E.01884
G1 X123.97 Y171.939 E.01798
G1 X102.334 Y150.304 E1.16246
G1 X102.334 Y148.71 E.06056
; WIPE_START
G1 X102.334 Y150.304 E-.60571
G1 X102.622 Y150.591 E-.15429
; WIPE_END
G1 E-.04 F1800
M204 S10000
G1 X102.598 Y142.958 Z50.04 F60000
G1 X102.466 Y100.344 Z50.04
G1 Z49.64
G1 E.8 F1800
G1 F11292.473
M204 S8000
G1 X102.466 Y101.938 E.06056
G1 X101.334 Y103.07 E.06077
G1 X101.334 Y104.219 E.04367
G1 X102.466 Y105.35 E.06077
G1 X102.466 Y109.453 E.15587
G1 X101.334 Y110.584 E.06077
G1 X101.334 Y111.566 E.0373
G1 X101.947 Y111.566 E.02326
; WIPE_START
G1 X101.334 Y111.566 E-.23261
G1 X101.334 Y110.584 E-.3731
G1 X101.622 Y110.297 E-.15429
; WIPE_END
G1 E-.04 F1800
M204 S10000
G1 X108.362 Y106.716 Z50.04 F60000
G1 X125.928 Y97.385 Z50.04
G1 Z49.64
G1 E.8 F1800
G1 F11292.473
M204 S8000
G1 X125.548 Y96.982 E.02103
G1 X125.292 Y97.423 E.01937
G1 X124.804 Y97.632 E.02016
G1 X134.465 Y107.293 E.51908
G1 X134.465 Y107.51 E.00825
G1 X130.409 Y111.566 E.21791
G1 X131.223 Y111.566 E.03094
G1 X120.335 Y100.677 E.58503
G1 X120.335 Y99.097 E.06003
G1 X122.094 Y97.338 E.09451
G1 X121.53 Y97.115 E.02306
G1 X121.093 Y96.987 E.01729
G1 X120.899 Y97.062 E.00789
G1 X120.701 Y97.2 E.00917
G1 X120.647 Y97.262 E.00312
; CHANGE_LAYER
; Z_HEIGHT: 49.88
; LAYER_HEIGHT: 0.240002
; WIPE_START
G1 F11292.473
G1 X120.701 Y97.2 E-.03124
G1 X120.899 Y97.062 E-.09176
G1 X121.093 Y96.987 E-.07892
G1 X121.53 Y97.115 E-.17289
G1 X122.094 Y97.338 E-.23067
G1 X121.806 Y97.626 E-.15451
; WIPE_END
G1 E-.04 F1800
; FEATURE: Other object
; stop printing object, unique label id: 1901
M625
; layer num/total_layer_count: 208/258
; update layer progress
M73 L208
M991 S0 P207 ;notify layer change
M106 S109.65
; OBJECT_ID: 1902
; FEATURE: Other object
; start printing object, unique label id: 1902
M624 AgAAAAAAAAA=
M204 S10000
G17
G3 Z50.04 I-.22 J1.197 P1  F60000
G1 X207.603 Y113.383 Z50.04
G1 Z49.88
G1 E.8 F1800
; FEATURE: Support interface
; LINE_WIDTH: 0.62
G1 F4800
M204 S8000
G1 X208.211 Y113.99 E.04657
G1 X208.211 Y115.502 E.0819
G1 X207.859 Y115.15 E.02696
G1 X207.859 Y116.661 E.0819
G1 X211.026 Y119.828 E.24273
G1 X211.026 Y118.317 E.0819
G1 X209.233 Y116.524 E.13739
G1 X210.745 Y116.524 E.0819
G1 X211.282 Y117.061 E.04117
; WIPE_START
; WIPE_END
G1 E-.8 F1800
M204 S10000
G17
G3 Z50.28 I-1.217 J0 P1  F60000
G1 X211.282 Y121.594 Z50.28
G1 Z49.88
G1 E.8 F1800
G1 F4800
M204 S8000
G1 X207.859 Y118.172 E.26234
G1 X207.859 Y119.683 E.0819
G1 X211.026 Y122.85 E.24273
G1 X211.026 Y124.361 E.0819
G1 X207.859 Y121.194 E.24273
G1 X207.859 Y122.705 E.0819
G1 X211.026 Y125.872 E.24273
G1 X211.026 Y127.383 E.0819
G1 X207.859 Y124.216 E.24273
G1 X207.859 Y125.727 E.0819
G1 X211.026 Y128.894 E.24273
G1 X211.026 Y130.405 E.0819
G1 X207.859 Y127.238 E.24273
G1 X207.859 Y128.749 E.0819
G1 X210.086 Y130.976 E.17066
G1 X208.574 Y130.976 E.0819
G1 X207.603 Y130.005 E.07444
; COOLING_NODE: 0
; WIPE_START
; WIPE_END
G1 E-.8 F1800
M204 S10000
G17
G3 Z50.28 I-1.186 J-.271 P1  F60000
G1 X188.717 Y212.532 Z50.28
G1 Z49.88
G1 E.8 F1800
; FEATURE: Inner wall
; LINE_WIDTH: 0.45
G1 F11292.473
M204 S8000
G1 X188.717 Y222.782 E.38942
G1 X186.903 Y222.782 E.06888
G1 X186.903 Y210.718 E.45831
G1 X205.903 Y210.718 E.72186
G1 X205.903 Y175.352 E1.34368
G1 X187.903 Y175.352 E.68387
G1 X187.903 Y150.531 E.94298
G1 X181.993 Y150.531 E.22454
G1 X181.993 Y93.968 E2.14898
G1 X185.006 Y93.968 E.11447
G1 X185.006 Y95.781 E.06888
G1 X183.806 Y95.781 E.04559
G1 X183.806 Y145.718 E1.89724
G1 X187.903 Y145.718 E.15566
G1 X187.903 Y97.718 E1.82365
G1 X204.717 Y97.718 E.63877
G1 X204.717 Y110.218 E.47491
G1 X210.717 Y110.218 E.22796
G1 X210.717 Y115.031 E.18286
G1 X209.703 Y115.031 E.03849
G1 X209.703 Y111.881 E.11968
G1 X206.367 Y111.881 E.12678
G1 X206.367 Y132.468 E.78215
G1 X210.221 Y132.468 E.14643
G1 X210.221 Y150.818 E.69716
G1 X210.717 Y150.818 E.01884
G1 X210.717 Y191.882 E1.56009
G1 X210.221 Y191.882 E.01884
G1 X210.221 Y210.568 E.70997
G1 X210.717 Y210.568 E.01884
G1 X210.717 Y210.718 E.0057
G1 X220.717 Y210.718 E.37993
G1 X220.717 Y216.168 E.20706
G1 X220.717 Y216.568 E.0152
G1 F11014.878
G1 X220.717 Y216.968 E.0152
G1 F9752.553
G1 X220.717 Y217.368 E.0152
G1 F8567.028
G1 X220.717 Y217.768 E.0152
G1 F7458.303
G1 X220.717 Y218.168 E.0152
G1 F6426.378
G1 X220.717 Y218.568 E.0152
G1 F5471.253
G1 X220.717 Y218.968 E.0152
G1 F4592.929
G1 X220.717 Y219.368 E.0152
G1 F3791.404
G1 X220.717 Y219.768 E.0152
G1 F3066.679
G1 X220.717 Y220.168 E.0152
G1 F2418.754
G1 X220.717 Y220.568 E.0152
G1 F1847.629
G1 X220.717 Y220.968 E.0152
G1 F1353.304
G1 X221.127 Y220.968 E.01561
G1 F925.411
G1 X221.51 Y220.968 E.01453
; FEATURE: Overhang wall
G1 F600
M204 S5000
G1 X226.717 Y220.968 E.19781
G1 X226.717 Y222.782 E.06888
G1 X221.51 Y222.782 E.19781
; FEATURE: Inner wall
G1 F925.411
M204 S8000
G1 X221.127 Y222.782 E.01453
G1 F1348.703
G1 X220.721 Y222.782 E.01546
G1 F1842.252
G1 X220.718 Y223.182 E.0152
G1 F2412.602
G1 X220.715 Y223.582 E.0152
G1 F3059.751
G1 X220.712 Y223.981 E.0152
G1 F3783.7
G1 X220.71 Y224.381 E.0152
G1 F4552.845
G1 X220.707 Y224.766 E.01462
G1 F5075.679
G1 X220.662 Y225.005 E.00924
G1 F5620.938
G1 X220.577 Y225.231 E.00915
G1 F6335.426
G1 X220.421 Y225.485 E.01134
G1 F7096.407
G1 X220.213 Y225.702 E.01139
; object ids of layer 208 start: 1901,1902
M624 AwAAAAAAAAA=
;===== machine: H2C timelapse =====
;======== date: 20260731 ========

; SKIPPABLE_START
; SKIPTYPE: timelapse

M1002 judge_flag timelapse_record_flag
M622 J1
    

    
        
    

    
        M971 S11 C10 O0
        M1004 S5 P1  ; external shutter
    

    
        
    
    
    
M623
; SKIPPABLE_END

; object ids of this layer208 end: 1901,1902
M625
G1 F7895.526
G1 X219.966 Y225.868 E.01132
G1 F8454.672
G1 X219.78 Y225.939 E.00758
G1 F9304.13
G1 X219.496 Y225.876 E.01106
G1 F10537.985
G1 X219.111 Y225.767 E.0152
G1 F11292.473
G1 X218.69 Y225.648 E.0166
G1 X218.217 Y225.551 E.01835
G1 X217.644 Y225.537 E.02178
G1 X217.043 Y225.773 E.02456
G1 X216.734 Y226.032 E.01528
G1 X216.479 Y226.032 E.00969
G1 X216.187 Y225.563 E.02098
G1 X215.627 Y225.184 E.02568
G1 X215.122 Y224.987 E.02061
G1 X214.639 Y224.881 E.01877
G1 X214.165 Y224.84 E.01807
G1 X213.693 Y224.857 E.01796
G1 X213.215 Y224.933 E.01838
G1 X212.722 Y225.085 E.01961
G1 X212.183 Y225.37 E.02316
G1 X211.737 Y225.853 E.02499
G1 X211.529 Y226.032 E.0104
G1 X211.291 Y226.032 E.00907
G1 X210.964 Y225.471 E.02464
G1 X210.293 Y225.184 E.02771
G1 X209.728 Y225.14 E.02154
G1 X209.22 Y225.217 E.01954
G1 X208.755 Y225.356 E.01843
G1 X207.551 Y225.833 E.04921
G1 X207.007 Y225.993 E.02154
G1 X206.7 Y225.891 E.01227
G1 X206.519 Y225.786 E.00797
G1 X206.36 Y225.659 E.0077
G1 X206.17 Y225.444 E.01091
G1 X206.029 Y225.199 E.01075
G1 X205.95 Y224.975 E.00902
G1 X205.906 Y224.68 E.01132
G1 X205.903 Y212.532 E.46156
G1 X188.777 Y212.532 E.65069
; COOLING_NODE: 0
M204 S250
G1 X189.1 Y212.915 F60000
; FEATURE: Outer wall
; LINE_WIDTH: 0.42
G1 F12000
M204 S5000
G1 X189.1 Y223.165 E.36011
G1 X186.52 Y223.165 E.09064
G1 X186.52 Y210.335 E.45075
G1 X205.52 Y210.335 E.66752
G1 X205.52 Y175.735 E1.21558
G1 X187.52 Y175.735 E.63238
G1 X187.52 Y150.915 E.87199
G1 X181.61 Y150.915 E.20763
G1 X181.61 Y93.585 E2.01414
G1 X185.39 Y93.585 E.1328
G1 X185.39 Y96.165 E.09064
G1 X184.19 Y96.165 E.04216
G1 X184.19 Y145.335 E1.72746
G1 X187.52 Y145.335 E.11699
G1 X187.52 Y97.335 E1.68636
G1 X205.1 Y97.335 E.61763
G1 X205.1 Y109.835 E.43916
G1 X211.1 Y109.835 E.21079
G1 X211.1 Y115.415 E.19604
G1 X209.32 Y115.415 E.06254
G1 X209.32 Y112.265 E.11067
G1 X206.75 Y112.265 E.09029
G1 X206.75 Y132.085 E.69632
G1 X211.1 Y132.085 E.15283
G1 X211.1 Y132.515 E.01511
G1 X210.604 Y132.515 E.01742
G1 X210.604 Y150.435 E.62957
G1 X211.1 Y150.435 E.01742
G1 X211.1 Y192.265 E1.46959
G1 X210.604 Y192.265 E.01742
G1 X210.604 Y210.185 E.62957
G1 X211.1 Y210.185 E.01742
G1 X211.1 Y210.335 E.00527
G1 X221.1 Y210.335 E.35132
G1 X221.1 Y215.385 E.17742
G1 X221.1 Y215.785 E.01405
G1 F11068.663
G1 X221.1 Y216.185 E.01405
G1 F9803.167
G1 X221.1 Y216.585 E.01405
G1 F8614.47
G1 X221.1 Y216.985 E.01405
G1 F7502.573
G1 X221.1 Y217.385 E.01405
G1 F6467.476
G1 X221.1 Y217.785 E.01405
G1 F5509.18
G1 X221.1 Y218.185 E.01405
G1 F4627.683
G1 X221.1 Y218.585 E.01405
G1 F3822.986
G1 X221.1 Y218.985 E.01405
G1 F3095.09
G1 X221.1 Y219.385 E.01405
G1 F2443.993
G1 X221.1 Y219.785 E.01405
G1 F1869.696
G1 X221.1 Y220.185 E.01405
G1 F1372.199
G1 X221.1 Y220.585 E.01405
G1 F951.503
G1 X221.141 Y220.585 E.00144
G1 F912.73
G1 X221.51 Y220.585 E.01296
; FEATURE: Overhang wall
; LINE_WIDTH: 0.45
G1 F600
G1 X227.1 Y220.585 E.21238
G1 X227.1 Y223.165 E.09802
G1 X221.51 Y223.165 E.21238
; FEATURE: Outer wall
; LINE_WIDTH: 0.42
G1 F912.73
G1 X221.141 Y223.165 E.01296
G1 F950.136
G1 X221.101 Y223.165 E.00139
G1 F1370.559
G1 X221.099 Y223.565 E.01405
G1 F1867.781
G1 X221.096 Y223.965 E.01405
G1 F2441.803
G1 X221.093 Y224.365 E.01405
G1 F3159.685
G1 X221.09 Y224.804 E.01541
G1 F3725.356
G1 X221.032 Y225.11 E.01094
G1 F4335.145
G1 X220.923 Y225.4 E.0109
G1 F5107.454
G1 X220.733 Y225.71 E.01276
G1 F6020.645
G1 X220.46 Y225.996 E.01389
G1 F7007.654
G1 X220.132 Y226.215 E.01388
G1 F7932.211
G1 X219.809 Y226.339 E.01214
G1 F9126.951
G1 X219.401 Y226.248 E.01468
G1 F10349.37
G1 X219.017 Y226.139 E.01405
G1 F11760.541
G1 X218.6 Y226.02 E.01523
G1 F12000
G1 X218.174 Y225.933 E.01527
G1 X217.712 Y225.922 E.01621
G1 X217.241 Y226.107 E.0178
G1 X216.874 Y226.415 E.01684
G1 X216.266 Y226.415 E.02133
G1 X215.904 Y225.835 E.02402
G1 X215.448 Y225.525 E.01938
G1 X215.011 Y225.355 E.01649
G1 X214.581 Y225.261 E.01544
G1 X214.155 Y225.224 E.01503
G1 X213.73 Y225.239 E.01496
G1 X213.302 Y225.307 E.01521
G1 X212.869 Y225.441 E.01592
G1 X212.42 Y225.678 E.01784
G1 X212.004 Y226.129 E.02157
G1 X211.672 Y226.415 E.01539
G1 X211.07 Y226.415 E.02113
G1 X210.696 Y225.774 E.02608
G1 X210.201 Y225.561 E.01895
G1 X209.742 Y225.526 E.01615
G1 X209.304 Y225.592 E.01558
G1 X208.881 Y225.719 E.01551
G1 X207.679 Y226.194 E.04539
G1 X207.01 Y226.387 E.02447
G1 X206.783 Y226.335 E.00818
G1 X206.534 Y226.237 E.0094
G1 X206.302 Y226.104 E.00939
G1 X206.095 Y225.938 E.00931
G1 X205.857 Y225.669 E.01261
G1 X205.679 Y225.36 E.01255
G1 X205.577 Y225.068 E.01087
G1 X205.522 Y224.709 E.01274
G1 X205.52 Y212.915 E.41436
G1 X189.16 Y212.915 E.57476
; WIPE_START
M204 S8000
G1 X189.148 Y214.915 E-.76
; WIPE_END
G1 E-.04 F1800
M204 S10000
G1 X188.376 Y215.144 Z50.28 F60000
G1 Z49.88
G1 E.8 F1800
; FEATURE: Sparse infill
; LINE_WIDTH: 0.45
G1 F11292.473
M204 S8000
G1 X188.376 Y213.55 E.06056
G1 X187.244 Y214.681 E.06077
G1 X187.244 Y218.03 E.12725
G1 X188.376 Y219.162 E.06077
G1 X188.376 Y221.064 E.07228
G1 X187.244 Y222.195 E.06077
G1 X187.244 Y220.601 E.06056
; WIPE_START
G1 X187.244 Y222.195 E-.60572
G1 X187.532 Y221.908 E-.15429
; WIPE_END
G1 E-.04 F1800
M204 S10000
G1 X195.14 Y221.299 Z50.28 F60000
G1 X206.246 Y220.41 Z50.28
G1 Z49.88
G1 E.8 F1800
G1 F11292.473
M204 S8000
G1 X206.246 Y222.004 E.06056
G1 X209.13 Y224.888 E.15493
G1 X208.643 Y225.034 E.01931
G1 X207.439 Y225.51 E.04918
G1 X207.013 Y225.635 E.01689
G1 X206.841 Y225.578 E.00689
G1 X206.711 Y225.503 E.00568
G1 X206.584 Y225.398 E.00628
G1 X220.376 Y211.606 E.74101
G1 X220.376 Y213.591 E.07541
G1 X217.844 Y211.059 E.13602
G1 X213.408 Y211.059 E.16852
G1 X206.246 Y218.222 E.38485
G1 X206.245 Y214.488 E.14186
G1 X217.129 Y225.373 E.58482
G1 X216.866 Y225.476 E.01073
G1 X216.648 Y225.659 E.0108
G1 X216.438 Y225.321 E.01511
G1 X215.787 Y224.88 E.02989
G1 X215.221 Y224.659 E.02309
G1 X214.905 Y224.591 E.01226
G1 X220.376 Y219.12 E.29391
G1 X220.376 Y220.984 E.07081
G1 X220.315 Y221.045 E.00325
G1 X210.18 Y210.909 E.54456
G1 X209.88 Y210.909 E.0114
G1 X209.88 Y210.609 E.0114
G1 X206.244 Y206.974 E.19532
G1 X206.244 Y203.195 E.14357
G1 X209.88 Y199.56 E.19532
G1 X209.88 Y203.095 E.13432
G1 X206.244 Y199.46 E.19532
G1 X206.244 Y195.681 E.14357
G1 X209.88 Y192.046 E.19532
G1 X209.88 Y195.581 E.13432
G1 X206.244 Y191.946 E.19532
G1 X206.244 Y190.352 E.06056
; WIPE_START
G1 X206.244 Y191.946 E-.60572
G1 X206.532 Y192.233 E-.15428
; WIPE_END
G1 E-.04 F1800
M204 S10000
G1 X210.376 Y186.969 Z50.28 F60000
G1 Z49.88
G1 E.8 F1800
G1 F11292.473
M204 S8000
G1 X210.376 Y188.563 E.06056
G1 X206.244 Y184.432 E.22196
G1 X206.244 Y188.167 E.14191
G1 X210.376 Y184.036 E.22196
G1 X210.376 Y181.049 E.11349
G1 X206.244 Y176.918 E.22196
G1 X206.244 Y180.653 E.14191
G1 X210.376 Y176.522 E.22196
G1 X210.376 Y173.535 E.11349
G1 X188.244 Y151.404 E1.1891
G1 X188.244 Y153.568 E.08224
G1 X209.003 Y132.809 E1.11537
G1 X207.221 Y132.809 E.06772
G1 X209.88 Y135.468 E.14286
G1 X209.88 Y137.062 E.06056
; WIPE_START
G1 X209.88 Y135.468 E-.60572
G1 X209.593 Y135.181 E-.15429
; WIPE_END
G1 E-.04 F1800
M204 S10000
G17
G3 Z50.28 I1.216 J.037 P1  F60000
G1 X210.21 Y114.832 Z50.28
G1 Z49.88
G1 E.8 F1800
; FEATURE: Gap infill
; LINE_WIDTH: 0.666044
G1 F7322.551
M204 S8000
G1 X210.21 Y111.682 E.18455
; WIPE_START
G1 X210.21 Y113.682 E-.76
; WIPE_END
G1 E-.04 F1800
M204 S10000
G1 X210.305 Y110.559 Z50.28 F60000
G1 Z49.88
G1 E.8 F1800
; FEATURE: Sparse infill
; LINE_WIDTH: 0.45
G1 F11292.473
M204 S8000
G1 X208.711 Y110.559 E.06056
G1 X207.73 Y111.541 E.05271
G1 X208.494 Y111.541 E.02904
G1 X207.513 Y110.559 E.05271
G1 X205.919 Y110.559 E.06056
; WIPE_START
G1 X207.513 Y110.559 E-.60572
G1 X207.8 Y110.847 E-.15429
; WIPE_END
G1 E-.04 F1800
M204 S10000
G1 X204.189 Y104.122 Z50.28 F60000
G1 X200.933 Y98.059 Z50.28
G1 Z49.88
G1 E.8 F1800
G1 F11292.473
M204 S8000
G1 X202.527 Y98.059 E.06056
G1 X204.376 Y99.908 E.09931
G1 X204.376 Y99.867 E.00156
G1 X188.244 Y115.998 E.86672
G1 X188.244 Y113.833 E.08224
G1 X206.026 Y131.614 E.95538
G1 X206.026 Y128.273 E.12694
G1 X184.108 Y150.191 E1.17762
G1 X187.031 Y150.191 E.11107
G1 X182.334 Y145.494 E.25237
G1 X182.334 Y144.45 E.03964
G1 X183.466 Y143.319 E.06077
G1 X183.466 Y139.111 E.15989
G1 X182.334 Y137.979 E.06077
G1 X182.334 Y136.936 E.03964
G1 X183.466 Y135.805 E.06077
G1 X183.466 Y131.596 E.15989
G1 X182.334 Y130.465 E.06077
G1 X182.334 Y129.422 E.03964
G1 X183.466 Y128.291 E.06077
G1 X183.466 Y124.082 E.15989
G1 X182.334 Y122.951 E.06077
G1 X182.334 Y121.908 E.03964
G1 X183.466 Y120.777 E.06077
G1 X183.466 Y116.568 E.15989
G1 X182.334 Y115.437 E.06077
G1 X182.334 Y114.394 E.03964
G1 X183.466 Y113.263 E.06077
G1 X183.466 Y109.054 E.15989
G1 X182.334 Y107.923 E.06077
G1 X182.334 Y106.88 E.03964
G1 X183.466 Y105.748 E.06077
G1 X183.466 Y101.54 E.15989
G1 X182.334 Y100.409 E.06077
G1 X182.334 Y99.365 E.03964
G1 X183.466 Y98.234 E.06077
G1 X183.466 Y95.441 E.10615
G1 X184.666 Y95.441 E.04559
G1 X184.666 Y95.226 E.00815
G1 X183.749 Y94.309 E.04924
G1 X182.334 Y94.309 E.05374
G1 X182.334 Y94.489 E.00682
; WIPE_START
G1 X182.334 Y94.309 E-.06817
G1 X183.749 Y94.309 E-.53754
G1 X184.036 Y94.597 E-.15429
; WIPE_END
G1 E-.04 F1800
M204 S10000
G1 X191.129 Y97.416 Z50.28 F60000
G1 X192.749 Y98.059 Z50.28
G1 Z49.88
G1 E.8 F1800
G1 F11292.473
M204 S8000
G1 X191.155 Y98.059 E.06056
G1 X188.244 Y100.97 E.15636
G1 X188.244 Y98.805 E.08224
G1 X206.026 Y116.586 E.95538
G1 X206.026 Y113.245 E.12694
G1 X188.244 Y131.026 E.95538
G1 X188.244 Y128.861 E.08224
G1 X209.88 Y150.497 E1.16246
G1 X209.88 Y146.961 E.13432
G1 X188.244 Y168.596 E1.16246
G1 X188.244 Y166.432 E.08224
G1 X196.823 Y175.011 E.46094
G1 X196.859 Y175.011 E.00134
G1 X210.376 Y161.494 E.72627
G1 X210.376 Y158.506 E.11349
G1 X188.244 Y136.375 E1.1891
G1 X188.244 Y138.54 E.08224
G1 X206.026 Y120.759 E.95538
G1 X206.026 Y124.1 E.12694
G1 X188.244 Y106.319 E.95538
G1 X188.244 Y108.484 E.08224
G1 X198.669 Y98.059 E.56009
G1 X195.013 Y98.059 E.13889
G1 X204.376 Y107.422 E.50304
G1 X204.376 Y107.381 E.00156
G1 X188.244 Y123.512 E.86672
G1 X188.244 Y121.347 E.08224
G1 X209.88 Y142.982 E1.16246
G1 X209.88 Y139.447 E.13432
G1 X188.244 Y161.082 E1.16246
G1 X188.244 Y158.918 E.08224
G1 X204.337 Y175.011 E.86467
G1 X204.373 Y175.011 E.00134
G1 X210.376 Y169.008 E.32254
G1 X210.376 Y166.021 E.11349
G1 X188.244 Y143.889 E1.1891
G1 X188.244 Y142.295 E.06056
; WIPE_START
G1 X188.244 Y143.889 E-.60571
G1 X188.532 Y144.177 E-.15429
; WIPE_END
G1 E-.04 F1800
M204 S10000
G1 X188.454 Y151.809 Z50.28 F60000
G1 X188.244 Y172.352 Z50.28
G1 Z49.88
G1 E.8 F1800
G1 F11292.473
M204 S8000
G1 X188.244 Y173.946 E.06056
G1 X189.309 Y175.011 E.05721
G1 X189.344 Y175.011 E.00134
G1 X210.376 Y153.979 E1.13
G1 X210.376 Y155.573 E.06056
; WIPE_START
G1 X210.376 Y153.979 E-.60572
G1 X210.088 Y154.267 E-.15429
; WIPE_END
G1 E-.04 F1800
M204 S10000
G1 X210.057 Y161.899 Z50.28 F60000
G1 X209.88 Y205.48 Z50.28
G1 Z49.88
G1 E.8 F1800
G1 F11292.473
M204 S8000
G1 X209.88 Y207.074 E.06056
G1 X206.244 Y210.709 E.19532
G1 X206.244 Y211.059 E.01331
G1 X205.894 Y211.059 E.01331
G1 X204.763 Y212.191 E.06077
G1 X203.947 Y212.191 E.03101
G1 X202.816 Y211.059 E.06077
G1 X198.38 Y211.059 E.16852
G1 X197.249 Y212.191 E.06077
G1 X196.433 Y212.191 E.03101
G1 X195.302 Y211.059 E.06077
G1 X190.866 Y211.059 E.16852
G1 X189.735 Y212.191 E.06077
G1 X188.919 Y212.191 E.03101
G1 X187.788 Y211.059 E.06077
G1 X187.244 Y211.059 E.02064
G1 X187.244 Y212.11 E.03992
; WIPE_START
G1 X187.244 Y211.059 E-.39931
G1 X187.788 Y211.059 E-.2064
G1 X188.075 Y211.347 E-.15429
; WIPE_END
G1 E-.04 F1800
M204 S10000
G1 X195.347 Y213.663 Z50.28 F60000
G1 X220.508 Y221.675 Z50.28
G1 Z49.88
G1 E.8 F1800
; FEATURE: Bridge
; LINE_WIDTH: 0.456924
G1 F1500
M204 S8000
G1 X226.391 Y221.675 E.22738
G1 X226.391 Y222.08 E.01567
G1 X220.508 Y222.08 E.22739
; OBJECT_ID: 1901
; WIPE_START
G1 X222.508 Y222.08 E-.76
; WIPE_END
G1 E-.04 F1800
; FEATURE: Other object
; stop printing object, unique label id: 1902
M625
; FEATURE: Other object
; start printing object, unique label id: 1901
M624 AQAAAAAAAAA=
M204 S10000
G1 X214.891 Y221.598 Z50.28 F60000
G1 X111.618 Y215.059 Z50.28
G1 Z49.88
G1 E.8 F1800
; FEATURE: Other object
; LINE_WIDTH: 0.62
G1 F7915.629
M204 S8000
G1 X111.74 Y214.568 E.02739
G1 X111.832 Y214.409 E.00998
G1 X111.928 Y214.322 E.00698
G1 X112.033 Y214.273 E.00629
G1 X112.115 Y214.263 E.00452
G1 X112.225 Y213.652 E.03362
G1 X112.394 Y213.688 E.00938
G1 X112.659 Y213.837 E.01646
G1 X112.858 Y214.059 E.01617
G1 X112.991 Y214.349 E.01731
G1 X113.036 Y214.684 E.0183
G1 X112.991 Y215.029 E.01888
G1 X112.858 Y215.351 E.0189
G1 X112.651 Y215.62 E.01837
G1 X112.308 Y215.874 E.02314
G1 X112.015 Y216.554 E.0401
G1 X111.984 Y216.737 E.01007
G1 X111.839 Y217.028 E.01762
G1 X111.62 Y217.259 E.01727
G1 X111.345 Y217.417 E.01716
G1 X111.043 Y217.489 E.01683
G1 X110.74 Y217.47 E.01648
G1 X110.454 Y217.363 E.0165
G1 X110.241 Y217.211 E.01418
G1 X110.049 Y216.979 E.01632
G1 X109.956 Y216.724 E.01472
G1 X109.953 Y216.439 E.01546
G1 X110.052 Y216.068 E.02081
G1 X110.22 Y215.807 E.01684
G1 X110.659 Y215.423 E.03159
G1 X111.039 Y214.818 E.03875
G1 X111.159 Y214.334 E.02703
G1 X111.34 Y214.021 E.01959
G1 X111.581 Y213.8 E.01768
G1 X111.859 Y213.67 E.01665
G1 X112.141 Y213.635 E.01543
; WIPE_START
G1 X112.394 Y213.688 E-.0982
G1 X112.659 Y213.837 E-.11542
G1 X112.858 Y214.059 E-.11336
G1 X112.991 Y214.349 E-.12133
G1 X113.036 Y214.684 E-.12827
G1 X112.991 Y215.029 E-.13235
G1 X112.939 Y215.153 E-.05107
; WIPE_END
G1 E-.04 F1800
M204 S10000
G17
G3 Z50.28 I1.167 J-.344 P1  F60000
G1 X110.799 Y207.892 Z50.28
G1 Z49.88
G1 E.8 F1800
G1 F7915.629
M204 S8000
G1 X110.799 Y207.779 E.00614
G1 X110.832 Y207.67 E.00622
G1 X110.897 Y207.575 E.00622
G1 X110.987 Y207.503 E.00622
G1 X111.093 Y207.461 E.00622
G1 X111.208 Y207.452 E.00623
G1 X111.338 Y206.846 E.03361
G1 X111.549 Y206.894 E.01174
G1 X111.81 Y207.045 E.01637
G1 X112.016 Y207.266 E.01636
G1 X112.147 Y207.538 E.01637
G1 X112.191 Y207.837 E.01636
G1 X112.146 Y208.135 E.01636
G1 X112.015 Y208.407 E.01635
G1 X111.809 Y208.628 E.01635
G1 X111.548 Y208.778 E.01634
G1 X111.254 Y208.845 E.01634
G1 X110.954 Y208.823 E.01633
G1 X110.673 Y208.713 E.01633
G1 X110.438 Y208.525 E.01633
G1 X110.268 Y208.276 E.01633
G1 X110.179 Y207.988 E.01633
G1 X110.179 Y207.686 E.01634
G1 X110.267 Y207.398 E.01635
G1 X110.437 Y207.149 E.01635
G1 X110.673 Y206.96 E.01636
G1 X110.953 Y206.85 E.01636
G1 X111.254 Y206.827 E.01636
; WIPE_START
G1 X111.549 Y206.894 E-.11473
G1 X111.81 Y207.045 E-.11476
G1 X112.016 Y207.266 E-.11472
G1 X112.147 Y207.538 E-.11474
G1 X112.191 Y207.837 E-.11472
G1 X112.146 Y208.135 E-.11468
G1 X112.064 Y208.305 E-.07165
; WIPE_END
G1 E-.04 F1800
M204 S10000
G17
G3 Z50.28 I1.175 J-.318 P1  F60000
G1 X110.89 Y203.973 Z50.28
G1 Z49.88
G1 E.8 F1800
G1 F7915.629
M204 S8000
G1 X110.89 Y203.86 E.00613
G1 X110.924 Y203.751 E.00623
G1 X110.989 Y203.656 E.00623
G1 X111.078 Y203.584 E.00622
G1 X111.185 Y203.542 E.00623
G1 X111.3 Y203.534 E.00622
G1 X111.43 Y202.928 E.03361
G1 X111.641 Y202.976 E.01173
G1 X111.902 Y203.127 E.01634
G1 X112.107 Y203.348 E.01634
G1 X112.238 Y203.62 E.01633
G1 X112.283 Y203.918 E.01633
G1 X112.238 Y204.216 E.01633
G1 X112.107 Y204.487 E.01633
G1 X111.902 Y204.708 E.01634
G1 X111.641 Y204.859 E.01634
G1 X111.347 Y204.927 E.01635
G1 X111.046 Y204.905 E.01635
G1 X110.765 Y204.795 E.01636
G1 X110.529 Y204.607 E.01636
G1 X110.359 Y204.357 E.01637
G1 X110.27 Y204.069 E.01637
G1 X110.27 Y203.767 E.01637
G1 X110.359 Y203.478 E.01637
G1 X110.529 Y203.229 E.01637
G1 X110.765 Y203.041 E.01636
G1 X111.046 Y202.931 E.01636
G1 X111.347 Y202.909 E.01635
; WIPE_START
G1 X111.641 Y202.976 E-.11461
G1 X111.902 Y203.127 E-.11457
G1 X112.107 Y203.348 E-.11453
G1 X112.238 Y203.62 E-.1145
G1 X112.283 Y203.918 E-.1145
G1 X112.238 Y204.216 E-.11448
G1 X112.155 Y204.388 E-.07281
; WIPE_END
G1 E-.04 F1800
M204 S10000
G17
G3 Z50.28 I.746 J-.962 P1  F60000
G1 X108.234 Y201.348 Z50.28
G1 Z49.88
G1 E.8 F1800
G1 F7915.629
M204 S8000
G1 X108.234 Y201.235 E.00613
G1 X108.268 Y201.125 E.00623
G1 X108.333 Y201.03 E.00622
G1 X108.423 Y200.959 E.00623
G1 X108.53 Y200.917 E.00622
G1 X108.644 Y200.909 E.00622
G1 X108.775 Y200.302 E.03361
G1 X108.985 Y200.351 E.01172
G1 X109.246 Y200.502 E.01633
G1 X109.451 Y200.723 E.01633
G1 X109.582 Y200.994 E.01633
G1 X109.609 Y201.175 E.00991
G1 X109.627 Y201.292 E.00642
G1 X109.582 Y201.59 E.01633
G1 X109.451 Y201.861 E.01633
G1 X109.247 Y202.083 E.01634
G1 X108.986 Y202.234 E.01635
G1 X108.692 Y202.301 E.01636
G1 X108.391 Y202.279 E.01636
G1 X108.109 Y202.169 E.01637
G1 X107.873 Y201.981 E.01637
G1 X107.703 Y201.732 E.01637
G1 X107.614 Y201.443 E.01637
G1 X107.614 Y201.141 E.01637
G1 X107.703 Y200.853 E.01637
G1 X107.874 Y200.603 E.01636
G1 X108.11 Y200.415 E.01636
G1 X108.391 Y200.306 E.01635
G1 X108.692 Y200.283 E.01634
; WIPE_START
G1 X108.985 Y200.351 E-.11456
G1 X109.246 Y200.502 E-.11451
G1 X109.451 Y200.723 E-.11447
G1 X109.582 Y200.994 E-.11446
G1 X109.609 Y201.175 E-.06945
G1 X109.627 Y201.292 E-.04501
G1 X109.582 Y201.59 E-.11449
G1 X109.499 Y201.763 E-.07304
; WIPE_END
G1 E-.04 F1800
M204 S10000
G17
G3 Z50.28 I.947 J-.765 P1  F60000
G1 X106.472 Y198.014 Z50.28
G1 Z49.88
G1 E.8 F1800
G1 F7915.629
M204 S8000
G1 X106.472 Y197.902 E.00611
G1 X106.506 Y197.792 E.00623
G1 X106.57 Y197.697 E.00623
G1 X106.66 Y197.625 E.00623
G1 X106.767 Y197.583 E.00623
G1 X106.882 Y197.575 E.00623
G1 X107.013 Y196.969 E.03361
G1 X107.225 Y197.018 E.01175
G1 X107.486 Y197.17 E.01637
G1 X107.691 Y197.391 E.01635
G1 X107.821 Y197.663 E.01634
G1 X107.865 Y197.961 E.01633
G1 X107.82 Y198.259 E.01632
G1 X107.689 Y198.53 E.01631
G1 X107.484 Y198.75 E.01631
G1 X107.224 Y198.901 E.01631
G1 X106.93 Y198.968 E.01632
G1 X106.63 Y198.946 E.01633
G1 X106.349 Y198.837 E.01635
G1 X106.113 Y198.649 E.01636
G1 X105.942 Y198.4 E.01637
G1 X105.852 Y198.111 E.01638
G1 X105.852 Y197.809 E.01638
G1 X105.941 Y197.52 E.01639
G1 X106.111 Y197.27 E.01638
G1 X106.347 Y197.082 E.01639
G1 X106.629 Y196.972 E.01638
G1 X106.93 Y196.95 E.01638
; WIPE_START
G1 X107.225 Y197.018 E-.1148
G1 X107.486 Y197.17 E-.11474
G1 X107.691 Y197.391 E-.11466
G1 X107.821 Y197.663 E-.11456
G1 X107.865 Y197.961 E-.11447
G1 X107.82 Y198.259 E-.11441
G1 X107.737 Y198.43 E-.07235
; WIPE_END
G1 E-.04 F1800
M204 S10000
G17
G3 Z50.28 I1.075 J-.57 P1  F60000
G1 X105.3 Y193.828 Z50.28
G1 Z49.88
G1 E.8 F1800
G1 F7915.629
M204 S8000
G1 X105.3 Y193.713 E.00619
G1 X105.334 Y193.604 E.00621
G1 X105.398 Y193.509 E.00621
G1 X105.488 Y193.438 E.00621
G1 X105.594 Y193.396 E.00621
G1 X105.709 Y193.387 E.00621
G1 X105.838 Y192.781 E.03361
G1 X106.049 Y192.828 E.01173
G1 X106.31 Y192.979 E.01635
G1 X106.516 Y193.2 E.01636
G1 X106.647 Y193.472 E.01636
G1 X106.693 Y193.77 E.01637
G1 X106.648 Y194.069 E.01637
G1 X106.517 Y194.341 E.01637
G1 X106.311 Y194.563 E.01637
G1 X106.049 Y194.713 E.01637
G1 X105.755 Y194.78 E.01636
G1 X105.454 Y194.757 E.01636
G1 X105.173 Y194.647 E.01635
G1 X104.938 Y194.458 E.01635
G1 X104.768 Y194.209 E.01634
G1 X104.68 Y193.921 E.01633
G1 X104.68 Y193.62 E.01633
G1 X104.769 Y193.332 E.01632
G1 X104.938 Y193.083 E.01632
G1 X105.174 Y192.895 E.01632
G1 X105.454 Y192.785 E.01633
G1 X105.755 Y192.762 E.01634
; WIPE_START
G1 X106.049 Y192.828 E-.11462
G1 X106.31 Y192.979 E-.11464
G1 X106.516 Y193.2 E-.11472
G1 X106.647 Y193.472 E-.11473
G1 X106.693 Y193.77 E-.11477
G1 X106.648 Y194.069 E-.11479
G1 X106.566 Y194.239 E-.07172
; WIPE_END
G1 E-.04 F1800
M204 S10000
G17
G3 Z50.28 I1.013 J.674 P1  F60000
G1 X109.559 Y189.742 Z50.28
G1 Z49.88
G1 E.8 F1800
G1 F7915.629
M204 S8000
G1 X109.71 Y189.598 E.01132
G1 X109.947 Y189.463 E.0148
G1 X110.096 Y189.404 E.00868
G1 X110.245 Y189.39 E.00809
G1 X110.356 Y188.78 E.03361
G1 X110.58 Y188.822 E.01235
G1 X110.846 Y188.962 E.01627
G1 X111.051 Y189.167 E.01574
G1 X111.182 Y189.423 E.01555
G1 X111.23 Y189.709 E.01575
G1 X111.189 Y190.007 E.01627
G1 X111.058 Y190.291 E.01698
G1 X110.844 Y190.537 E.01765
G1 X110.538 Y190.735 E.01977
G1 X110.314 Y190.855 E.01377
G1 X109.968 Y190.949 E.01944
G1 X109.634 Y190.947 E.0181
G1 X109.335 Y190.856 E.01692
G1 X109.093 Y190.692 E.01585
G1 X108.922 Y190.469 E.01523
G1 X108.829 Y190.203 E.01528
G1 X108.824 Y189.908 E.01598
G1 X108.912 Y189.605 E.0171
G1 X109.093 Y189.32 E.0183
G1 X109.355 Y189.082 E.01921
G1 X109.561 Y188.978 E.0125
G1 X109.637 Y188.919 E.00521
G1 X109.948 Y188.796 E.01815
G1 X110.273 Y188.764 E.01766
; WIPE_START
G1 X110.58 Y188.822 E-.11898
G1 X110.846 Y188.962 E-.11404
G1 X111.051 Y189.167 E-.11037
G1 X111.182 Y189.423 E-.10905
G1 X111.23 Y189.709 E-.11042
G1 X111.189 Y190.007 E-.11406
G1 X111.098 Y190.205 E-.08308
; WIPE_END
G1 E-.04 F1800
M204 S10000
G17
G3 Z50.28 I1.179 J.3 P1  F60000
G1 X112.24 Y185.714 Z50.28
G1 Z49.88
G1 E.8 F1800
G1 F7915.629
M204 S8000
G1 X112.24 Y185.6 E.00615
G1 X112.274 Y185.491 E.00622
G1 X112.338 Y185.396 E.00622
G1 X112.428 Y185.324 E.00622
G1 X112.535 Y185.283 E.00622
G1 X112.649 Y185.274 E.00622
G1 X112.779 Y184.668 E.03361
G1 X112.99 Y184.716 E.01172
G1 X113.251 Y184.867 E.01634
G1 X113.456 Y185.088 E.01634
G1 X113.587 Y185.359 E.01634
G1 X113.632 Y185.658 E.01634
G1 X113.588 Y185.956 E.01634
G1 X113.457 Y186.228 E.01635
G1 X113.252 Y186.449 E.01635
G1 X112.99 Y186.6 E.01635
G1 X112.696 Y186.667 E.01635
G1 X112.395 Y186.644 E.01636
G1 X112.115 Y186.534 E.01635
G1 X111.879 Y186.346 E.01636
G1 X111.709 Y186.097 E.01636
G1 X111.62 Y185.808 E.01635
G1 X111.62 Y185.507 E.01635
G1 X111.709 Y185.218 E.01635
G1 X111.879 Y184.969 E.01635
G1 X112.115 Y184.781 E.01635
G1 X112.396 Y184.671 E.01635
G1 X112.696 Y184.649 E.01634
; WIPE_START
G1 X112.99 Y184.716 E-.11457
G1 X113.251 Y184.867 E-.11456
G1 X113.456 Y185.088 E-.11459
G1 X113.587 Y185.359 E-.11459
G1 X113.632 Y185.658 E-.11458
G1 X113.588 Y185.956 E-.11459
G1 X113.505 Y186.128 E-.07252
; WIPE_END
G1 E-.04 F1800
M204 S10000
G17
G3 Z50.28 I1.181 J-.295 P1  F60000
G1 X112.164 Y180.752 Z50.28
G1 Z49.88
G1 E.8 F1800
G1 F7915.629
M204 S8000
G1 X112.164 Y180.638 E.00618
G1 X112.198 Y180.528 E.00622
G1 X112.263 Y180.434 E.00621
G1 X112.353 Y180.363 E.00621
G1 X112.459 Y180.321 E.0062
G1 X112.573 Y180.312 E.0062
G1 X112.703 Y179.706 E.03361
G1 X112.913 Y179.754 E.0117
G1 X113.174 Y179.904 E.01632
G1 X113.38 Y180.125 E.01633
G1 X113.511 Y180.396 E.01634
G1 X113.557 Y180.694 E.01635
G1 X113.512 Y180.993 E.01636
G1 X113.382 Y181.265 E.01637
G1 X113.176 Y181.487 E.01637
G1 X112.915 Y181.638 E.01638
G1 X112.62 Y181.706 E.01638
G1 X112.319 Y181.683 E.01638
G1 X112.038 Y181.572 E.01638
G1 X111.802 Y181.384 E.01637
G1 X111.632 Y181.134 E.01637
G1 X111.544 Y180.845 E.01636
G1 X111.544 Y180.543 E.01635
G1 X111.634 Y180.256 E.01634
G1 X111.804 Y180.007 E.01633
G1 X112.039 Y179.819 E.01632
G1 X112.32 Y179.709 E.01632
G1 X112.62 Y179.687 E.01631
; WIPE_START
G1 X112.913 Y179.754 E-.11442
G1 X113.174 Y179.904 E-.11443
G1 X113.38 Y180.125 E-.11452
G1 X113.511 Y180.396 E-.11458
G1 X113.557 Y180.694 E-.11466
G1 X113.512 Y180.993 E-.11472
G1 X113.43 Y181.165 E-.07266
; WIPE_END
G1 E-.04 F1800
M204 S10000
G17
G3 Z50.28 I.117 J-1.211 P1  F60000
G1 X108.521 Y180.693 Z50.28
G1 Z49.88
G1 E.8 F1800
G1 F7915.629
M204 S8000
G1 X108.52 Y180.573 E.00654
G1 X108.554 Y180.464 E.00617
G1 X108.615 Y180.376 E.00579
G1 X108.707 Y180.301 E.00647
G1 X108.813 Y180.26 E.00613
G1 X108.926 Y180.251 E.00614
G1 X109.055 Y179.645 E.03361
G1 X109.266 Y179.692 E.01173
G1 X109.529 Y179.843 E.01642
G1 X109.737 Y180.064 E.01647
G1 X109.871 Y180.338 E.0165
G1 X109.918 Y180.638 E.0165
G1 X109.874 Y180.939 E.01649
G1 X109.744 Y181.212 E.01638
G1 X109.528 Y181.441 E.01706
G1 X109.273 Y181.586 E.01592
G1 X108.975 Y181.652 E.01651
G1 X108.672 Y181.626 E.0165
G1 X108.39 Y181.511 E.0165
G1 X108.154 Y181.319 E.01649
G1 X107.986 Y181.066 E.01645
G1 X107.899 Y180.777 E.01639
G1 X107.901 Y180.476 E.01631
G1 X107.99 Y180.19 E.01625
G1 X108.155 Y179.95 E.01576
G1 X108.392 Y179.759 E.01651
G1 X108.672 Y179.648 E.01634
G1 X108.972 Y179.626 E.01626
; WIPE_START
G1 X109.266 Y179.692 E-.11461
G1 X109.529 Y179.843 E-.11511
G1 X109.737 Y180.064 E-.11548
G1 X109.871 Y180.338 E-.11569
G1 X109.918 Y180.638 E-.1157
G1 X109.874 Y180.939 E-.11562
G1 X109.797 Y181.1 E-.06779
; WIPE_END
G1 E-.04 F1800
M204 S10000
G17
G3 Z50.28 I-.791 J-.925 P1  F60000
G1 X106.366 Y184.032 Z50.28
G1 Z49.88
G1 E.8 F1800
G1 F7915.629
M204 S8000
G1 X106.366 Y183.915 E.00632
G1 X106.4 Y183.806 E.00618
G1 X106.464 Y183.712 E.00617
G1 X106.553 Y183.641 E.00618
G1 X106.659 Y183.599 E.00619
G1 X106.774 Y183.59 E.0062
G1 X106.902 Y182.984 E.03361
G1 X107.113 Y183.031 E.01172
G1 X107.375 Y183.181 E.01637
G1 X107.582 Y183.402 E.01639
G1 X107.714 Y183.675 E.01641
G1 X107.76 Y183.974 E.01641
G1 X107.716 Y184.273 E.01642
G1 X107.585 Y184.546 E.01641
G1 X107.378 Y184.768 E.01642
G1 X107.116 Y184.919 E.01642
G1 X106.82 Y184.985 E.01641
G1 X106.518 Y184.961 E.01642
G1 X106.237 Y184.849 E.0164
G1 X106.002 Y184.659 E.01639
G1 X105.833 Y184.409 E.01637
G1 X105.745 Y184.121 E.01632
G1 X105.746 Y183.82 E.0163
G1 X105.835 Y183.533 E.01628
G1 X106.005 Y183.285 E.01627
G1 X106.239 Y183.098 E.01627
G1 X106.519 Y182.988 E.01628
G1 X106.819 Y182.965 E.01631
; WIPE_START
G1 X107.113 Y183.031 E-.11458
G1 X107.375 Y183.181 E-.11475
G1 X107.582 Y183.402 E-.11492
G1 X107.714 Y183.675 E-.11503
G1 X107.76 Y183.974 E-.11507
G1 X107.716 Y184.273 E-.11511
G1 X107.635 Y184.441 E-.07053
; WIPE_END
G1 E-.04 F1800
M204 S10000
G17
G3 Z50.28 I-.946 J-.766 P1  F60000
G1 X104.954 Y187.752 Z50.28
G1 Z49.88
G1 E.8 F1800
G1 F7915.629
M204 S8000
G1 X104.954 Y187.639 E.00608
G1 X104.987 Y187.529 E.00625
G1 X105.052 Y187.434 E.00622
G1 X105.142 Y187.362 E.00625
G1 X105.248 Y187.32 E.00623
G1 X105.363 Y187.311 E.00624
G1 X105.493 Y186.705 E.03361
G1 X105.704 Y186.753 E.01177
G1 X105.966 Y186.904 E.01639
G1 X106.172 Y187.126 E.01639
G1 X106.302 Y187.399 E.01639
G1 X106.346 Y187.698 E.01638
G1 X106.301 Y187.997 E.01637
G1 X106.169 Y188.268 E.01635
G1 X105.963 Y188.488 E.01634
G1 X105.702 Y188.639 E.01632
G1 X105.409 Y188.705 E.01631
G1 X105.109 Y188.683 E.0163
G1 X104.829 Y188.573 E.0163
G1 X104.594 Y188.386 E.0163
G1 X104.424 Y188.137 E.01632
G1 X104.334 Y187.85 E.01633
G1 X104.333 Y187.548 E.01635
G1 X104.421 Y187.259 E.01637
G1 X104.591 Y187.009 E.01637
G1 X104.827 Y186.82 E.01639
G1 X105.108 Y186.709 E.01639
G1 X105.41 Y186.686 E.0164
; WIPE_START
G1 X105.704 Y186.753 E-.11492
G1 X105.966 Y186.904 E-.11492
G1 X106.172 Y187.126 E-.11493
G1 X106.302 Y187.399 E-.11489
G1 X106.346 Y187.698 E-.11483
G1 X106.301 Y187.997 E-.11476
G1 X106.219 Y188.164 E-.07075
; WIPE_END
G1 E-.04 F1800
M204 S10000
G17
G3 Z50.28 I.602 J-1.058 P1  F60000
G1 X99.025 Y184.068 Z50.28
G1 Z49.88
G1 E.8 F1800
G1 F7915.629
M204 S8000
G1 X99.053 Y183.969 E.00562
G1 X99.107 Y183.894 E.00498
G1 X99.19 Y183.833 E.00558
G1 X99.292 Y183.799 E.00585
G1 X99.462 Y183.797 E.00919
G1 X99.612 Y183.195 E.0336
G1 X99.807 Y183.244 E.01088
G1 X100.078 Y183.402 E.01701
G1 X100.288 Y183.625 E.01662
G1 X100.42 Y183.893 E.0162
G1 X100.466 Y184.182 E.01584
G1 X100.421 Y184.467 E.01564
G1 X100.29 Y184.725 E.01568
G1 X100.085 Y184.935 E.01592
G1 X99.819 Y185.077 E.01633
G1 X99.518 Y185.136 E.01665
G1 X99.206 Y185.105 E.01695
G1 X98.915 Y184.987 E.01707
G1 X98.67 Y184.791 E.01697
G1 X98.495 Y184.537 E.01671
G1 X98.405 Y184.251 E.01626
G1 X98.405 Y183.958 E.01588
G1 X98.493 Y183.684 E.01561
G1 X98.663 Y183.451 E.01561
G1 X98.901 Y183.277 E.01596
G1 X99.185 Y183.18 E.01627
G1 X99.529 Y183.175 E.01866
; WIPE_START
G1 X99.807 Y183.244 E-.10867
G1 X100.078 Y183.402 E-.11927
G1 X100.288 Y183.625 E-.11649
G1 X100.42 Y183.893 E-.11357
G1 X100.466 Y184.182 E-.11106
G1 X100.421 Y184.467 E-.10967
G1 X100.324 Y184.658 E-.08126
; WIPE_END
G1 E-.04 F1800
M204 S10000
G17
G3 Z50.28 I1.182 J-.29 P1  F60000
G1 X99.269 Y180.349 Z50.28
G1 Z49.88
G1 E.8 F1800
G1 F7915.629
M204 S8000
G1 X99.302 Y180.21 E.00778
G1 X99.379 Y180.101 E.00722
G1 X99.495 Y180.008 E.00804
G1 X99.64 Y179.949 E.00849
G1 X99.793 Y179.932 E.00834
G1 X99.895 Y179.32 E.03361
G1 X100.125 Y179.36 E.01263
G1 X100.396 Y179.498 E.01648
G1 X100.602 Y179.705 E.01587
G1 X100.734 Y179.961 E.01556
G1 X100.781 Y180.243 E.01552
G1 X100.739 Y180.532 E.01582
G1 X100.605 Y180.803 E.01637
G1 X100.387 Y181.032 E.01715
G1 X100.105 Y181.198 E.01776
G1 X99.784 Y181.28 E.01795
G1 X99.458 Y181.273 E.01769
G1 X99.158 Y181.177 E.01703
G1 X98.913 Y181.006 E.01623
G1 X98.739 Y180.776 E.01561
G1 X98.649 Y180.506 E.01543
G1 X98.649 Y180.216 E.01572
G1 X98.741 Y179.93 E.01626
G1 X98.923 Y179.671 E.01716
G1 X99.178 Y179.468 E.01766
G1 X99.484 Y179.343 E.01793
G1 X99.811 Y179.306 E.01783
; WIPE_START
G1 X100.125 Y179.36 E-.12099
G1 X100.396 Y179.498 E-.11558
G1 X100.602 Y179.705 E-.11126
G1 X100.734 Y179.961 E-.10912
G1 X100.781 Y180.243 E-.1088
G1 X100.739 Y180.532 E-.11089
G1 X100.642 Y180.729 E-.08336
; WIPE_END
G1 E-.04 F1800
M204 S10000
G17
G3 Z50.28 I-1.191 J-.248 P1  F60000
G1 X98.743 Y189.864 Z50.28
G1 Z49.88
G1 E.8 F1800
G1 F7915.629
M204 S8000
G1 X98.733 Y189.781 E.00455
G1 X98.753 Y189.65 E.00718
G1 X98.783 Y189.563 E.00498
G1 X98.891 Y189.406 E.01033
G1 X99.022 Y189.295 E.0093
G1 X99.177 Y189.224 E.00924
G1 X99.315 Y189.203 E.00758
G1 X99.4 Y188.589 E.03361
G1 X99.617 Y188.622 E.01186
G1 X99.877 Y188.748 E.01568
G1 X100.079 Y188.944 E.01529
G1 X100.212 Y189.197 E.01549
G1 X100.264 Y189.492 E.01624
G1 X100.221 Y189.848 E.01942
G1 X100.652 Y190.753 E.05435
G1 X100.695 Y191.046 E.01603
G1 X100.648 Y191.331 E.01567
G1 X100.517 Y191.588 E.01563
G1 X100.314 Y191.795 E.01572
G1 X100.048 Y191.932 E.01621
G1 X99.741 Y191.986 E.01689
G1 X99.421 Y191.95 E.01745
G1 X99.12 Y191.825 E.01764
G1 X98.868 Y191.625 E.01748
G1 X98.689 Y191.369 E.01693
G1 X98.597 Y191.084 E.01624
G1 X98.596 Y190.723 E.01955
G1 X98.292 Y190.531 E.01953
G1 X98.272 Y190.373 E.0086
G1 X98.145 Y190.083 E.01715
G1 X98.107 Y189.77 E.01714
G1 X98.149 Y189.5 E.01481
G1 X98.239 Y189.26 E.01386
G1 X98.427 Y188.987 E.01797
G1 X98.686 Y188.767 E.0184
G1 X98.999 Y188.623 E.01866
G1 X99.316 Y188.577 E.01736
; WIPE_START
G1 X99.617 Y188.622 E-.11557
G1 X99.877 Y188.748 E-.10996
G1 X100.079 Y188.944 E-.10717
G1 X100.212 Y189.197 E-.10857
G1 X100.264 Y189.492 E-.11385
G1 X100.221 Y189.848 E-.13612
G1 X100.298 Y190.011 E-.06876
; WIPE_END
G1 E-.04 F1800
M204 S10000
G17
G3 Z50.28 I-1.212 J-.114 P1  F60000
G1 X99.704 Y196.341 Z50.28
G1 Z49.88
G1 E.8 F1800
G1 F7915.629
M204 S8000
G1 X99.665 Y196.124 E.01195
G1 X99.487 Y195.897 E.01563
G1 X99.463 Y195.826 E.00403
G1 X99.463 Y195.741 E.00465
G1 X99.498 Y195.635 E.00602
G1 X99.579 Y195.521 E.00761
G1 X99.709 Y195.419 E.00892
G1 X99.873 Y195.35 E.00965
G1 X100.049 Y195.328 E.00961
G1 X100.14 Y194.714 E.0336
G1 X100.383 Y194.75 E.01336
G1 X100.664 Y194.889 E.01695
G1 X100.878 Y195.094 E.01606
G1 X101.012 Y195.343 E.01531
G1 X101.06 Y195.619 E.01518
G1 X101.017 Y195.906 E.01575
G1 X100.883 Y196.182 E.01662
G1 X100.594 Y196.483 E.02262
G1 X100.46 Y196.75 E.01619
G1 X100.48 Y197.568 E.04433
G1 X100.596 Y197.688 E.00904
G1 X100.728 Y197.956 E.01615
G1 X100.771 Y198.242 E.01571
G1 X100.725 Y198.525 E.01552
G1 X100.593 Y198.782 E.01567
G1 X100.36 Y199.019 E.01799
G1 X99.839 Y199.467 E.03722
G1 X99.709 Y199.737 E.01628
G1 X99.508 Y199.956 E.01611
G1 X99.231 Y200.103 E.01696
G1 X98.983 Y200.15 E.0137
G1 X98.698 Y200.112 E.01559
G1 X98.421 Y199.983 E.01656
G1 X98.178 Y199.765 E.01769
G1 X97.992 Y199.474 E.01871
G1 X97.887 Y199.131 E.01944
G1 X97.873 Y198.827 E.01651
G1 X97.912 Y198.577 E.0137
G1 X98.018 Y198.302 E.01597
G1 X98.208 Y198.047 E.01724
G1 X98.452 Y197.871 E.01629
G1 X98.654 Y197.809 E.01148
G1 X98.888 Y197.503 E.02085
G1 X99.238 Y197.262 E.02305
G1 X99.082 Y196.384 E.0483
G1 X98.935 Y196.196 E.01293
G1 X98.843 Y195.93 E.01528
G1 X98.843 Y195.641 E.01564
G1 X98.939 Y195.352 E.01648
G1 X99.126 Y195.089 E.01748
G1 X99.391 Y194.879 E.01834
G1 X99.711 Y194.746 E.01882
G1 X100.055 Y194.702 E.01878
; WIPE_START
G1 X100.383 Y194.75 E-.12608
G1 X100.664 Y194.889 E-.11881
G1 X100.878 Y195.094 E-.11263
G1 X101.012 Y195.343 E-.10736
G1 X101.06 Y195.619 E-.10646
G1 X101.017 Y195.906 E-.11044
G1 X100.927 Y196.091 E-.07823
; WIPE_END
G1 E-.04 F1800
M204 S10000
G17
G3 Z50.28 I-1.066 J.588 P1  F60000
G1 X104.778 Y203.075 Z50.28
G1 Z49.88
G1 E.8 F1800
G1 F7915.629
M204 S8000
G1 X104.778 Y202.961 E.00617
G1 X104.812 Y202.851 E.00621
G1 X104.876 Y202.757 E.00621
G1 X104.966 Y202.685 E.00621
G1 X105.073 Y202.643 E.00621
G1 X105.187 Y202.635 E.00621
G1 X105.317 Y202.028 E.03361
G1 X105.528 Y202.076 E.01173
G1 X105.789 Y202.227 E.01635
G1 X105.994 Y202.448 E.01636
G1 X106.125 Y202.72 E.01636
G1 X106.171 Y203.018 E.01636
G1 X106.126 Y203.317 E.01636
G1 X105.995 Y203.589 E.01637
G1 X105.789 Y203.81 E.01636
G1 X105.528 Y203.961 E.01636
G1 X105.233 Y204.028 E.01636
G1 X104.933 Y204.005 E.01635
G1 X104.652 Y203.894 E.01635
G1 X104.416 Y203.706 E.01635
G1 X104.247 Y203.457 E.01635
G1 X104.158 Y203.169 E.01634
G1 X104.158 Y202.867 E.01634
G1 X104.247 Y202.579 E.01633
G1 X104.417 Y202.33 E.01634
G1 X104.652 Y202.142 E.01633
G1 X104.933 Y202.032 E.01634
G1 X105.233 Y202.009 E.01634
; WIPE_START
G1 X105.528 Y202.076 E-.11462
G1 X105.789 Y202.227 E-.1146
G1 X105.994 Y202.448 E-.11467
G1 X106.125 Y202.72 E-.11468
G1 X106.171 Y203.018 E-.11471
G1 X106.126 Y203.317 E-.11471
G1 X106.043 Y203.487 E-.07202
; WIPE_END
G1 E-.04 F1800
M204 S10000
G17
G3 Z50.28 I-1.204 J-.177 P1  F60000
G1 X105.505 Y207.15 Z50.28
G1 Z49.88
G1 E.8 F1800
G1 F7915.629
M204 S8000
G1 X105.504 Y207.04 E.00596
G1 X105.538 Y206.929 E.00627
G1 X105.602 Y206.833 E.00628
G1 X105.692 Y206.76 E.00627
G1 X105.8 Y206.718 E.00626
G1 X105.915 Y206.709 E.00624
G1 X106.043 Y206.102 E.03361
G1 X106.255 Y206.15 E.0118
G1 X106.518 Y206.302 E.01642
G1 X106.723 Y206.524 E.01643
G1 X106.854 Y206.798 E.01643
G1 X106.898 Y207.098 E.01642
G1 X106.851 Y207.397 E.01641
G1 X106.719 Y207.669 E.01639
G1 X106.513 Y207.889 E.01636
G1 X106.251 Y208.039 E.01632
G1 X105.958 Y208.105 E.01628
G1 X105.659 Y208.083 E.01626
G1 X105.38 Y207.973 E.01625
G1 X105.145 Y207.787 E.01625
G1 X104.975 Y207.539 E.01629
G1 X104.885 Y207.252 E.01632
G1 X104.884 Y206.95 E.01636
G1 X104.971 Y206.66 E.01639
G1 X105.14 Y206.409 E.01641
G1 X105.376 Y206.219 E.01642
G1 X105.658 Y206.107 E.01643
G1 X105.96 Y206.083 E.01643
; WIPE_START
G1 X106.255 Y206.15 E-.11514
G1 X106.518 Y206.302 E-.11515
G1 X106.723 Y206.524 E-.11517
G1 X106.854 Y206.798 E-.11517
G1 X106.898 Y207.098 E-.11513
G1 X106.851 Y207.397 E-.11506
G1 X106.771 Y207.56 E-.06917
; WIPE_END
G1 E-.04 F1800
M204 S10000
G17
G3 Z50.28 I.386 J-1.154 P1  F60000
G1 X99.22 Y205.037 Z50.28
G1 Z49.88
G1 E.8 F1800
G1 F7915.629
M204 S8000
G1 X99.22 Y204.97 E.00358
G1 X99.253 Y204.865 E.00598
G1 X99.325 Y204.762 E.00681
G1 X99.432 Y204.677 E.0074
G1 X99.561 Y204.624 E.00759
G1 X99.697 Y204.61 E.0074
G1 X99.808 Y204 E.03361
G1 X100.029 Y204.043 E.0122
G1 X100.291 Y204.178 E.01598
G1 X100.533 Y204.382 E.01713
G1 X100.672 Y204.62 E.01494
G1 X100.72 Y204.884 E.01456
G1 X100.676 Y205.162 E.01522
G1 X100.502 Y205.489 E.0201
G1 X100.287 Y205.717 E.01698
G1 X100.014 Y205.876 E.01713
G1 X99.706 Y205.954 E.01726
G1 X99.39 Y205.942 E.0171
G1 X99.1 Y205.844 E.01662
G1 X98.859 Y205.671 E.01607
G1 X98.689 Y205.438 E.01564
G1 X98.599 Y205.166 E.01554
G1 X98.6 Y204.874 E.01581
G1 X98.691 Y204.588 E.01626
G1 X98.867 Y204.334 E.01678
G1 X99.115 Y204.136 E.01716
G1 X99.41 Y204.016 E.01727
G1 X99.725 Y203.984 E.01715
; WIPE_START
G1 X100.029 Y204.043 E-.11791
G1 X100.291 Y204.178 E-.11201
G1 X100.533 Y204.382 E-.12011
G1 X100.672 Y204.62 E-.10475
G1 X100.72 Y204.884 E-.1021
G1 X100.676 Y205.162 E-.10674
G1 X100.557 Y205.386 E-.09638
; WIPE_END
G1 E-.04 F1800
M204 S10000
G17
G3 Z50.28 I-1.144 J-.415 P1  F60000
G1 X99.442 Y208.454 Z50.28
G1 Z49.88
G1 E.8 F1800
G1 F7915.629
M204 S8000
G1 X99.419 Y208.383 E.00408
G1 X99.419 Y208.295 E.00478
G1 X99.445 Y208.217 E.00443
G1 X99.5 Y208.145 E.0049
G1 X99.592 Y208.081 E.00608
G1 X99.721 Y208.039 E.00738
G1 X99.875 Y208.035 E.00834
G1 X100.025 Y207.433 E.0336
G1 X100.264 Y207.493 E.01335
G1 X100.548 Y207.656 E.01772
G1 X100.765 Y207.883 E.01704
G1 X100.897 Y208.152 E.01625
G1 X100.94 Y208.44 E.01575
G1 X100.893 Y208.722 E.0155
G1 X100.762 Y208.978 E.0156
G1 X100.552 Y209.189 E.01611
G1 X100.282 Y209.326 E.01641
G1 X99.966 Y209.382 E.01744
G1 X99.637 Y209.347 E.0179
G1 X99.33 Y209.223 E.01796
G1 X99.074 Y209.022 E.01765
G1 X98.892 Y208.767 E.01698
G1 X98.799 Y208.482 E.01624
G1 X98.799 Y208.193 E.01563
G1 X98.89 Y207.924 E.01541
G1 X99.065 Y207.693 E.0157
G1 X99.313 Y207.52 E.0164
G1 X99.614 Y207.422 E.01719
G1 X99.943 Y207.412 E.01779
; WIPE_START
G1 X100.264 Y207.493 E-.12604
G1 X100.548 Y207.656 E-.12421
G1 X100.765 Y207.883 E-.11945
G1 X100.897 Y208.152 E-.11395
G1 X100.94 Y208.44 E-.11046
G1 X100.893 Y208.722 E-.10865
G1 X100.825 Y208.856 E-.05724
; WIPE_END
G1 E-.04 F1800
M204 S10000
G17
G3 Z50.28 I-1.078 J-.565 P1  F60000
G1 X99.208 Y211.939 Z50.28
G1 Z49.88
G1 E.8 F1800
G1 F7915.629
M204 S8000
G1 X99.148 Y211.849 E.00584
G1 X99.116 Y211.747 E.00578
G1 X99.116 Y211.65 E.00527
G1 X99.143 Y211.569 E.0046
G1 X99.193 Y211.502 E.00459
G1 X99.276 Y211.444 E.00548
G1 X99.387 Y211.409 E.00629
G1 X99.378 Y210.789 E.03361
G1 X99.644 Y210.79 E.0144
G1 X99.939 Y210.868 E.01655
G1 X100.222 Y211.037 E.01784
G1 X100.44 Y211.269 E.01727
G1 X100.574 Y211.541 E.01647
G1 X100.616 Y211.831 E.01584
G1 X100.569 Y212.114 E.01557
G1 X100.438 Y212.369 E.01553
G1 X100.231 Y212.575 E.01584
G1 X99.962 Y212.713 E.01637
G1 X99.651 Y212.766 E.01713
G1 X99.327 Y212.727 E.01769
G1 X99.023 Y212.599 E.01787
G1 X98.769 Y212.394 E.01768
G1 X98.588 Y212.133 E.01719
G1 X98.496 Y211.843 E.01648
G1 X98.496 Y211.55 E.01589
G1 X98.586 Y211.279 E.01549
G1 X98.757 Y211.05 E.0155
G1 X99 Y210.881 E.01603
G1 X99.293 Y210.789 E.01666
; WIPE_START
G1 X99.644 Y210.79 E-.13339
G1 X99.939 Y210.868 E-.11602
G1 X100.222 Y211.037 E-.12505
G1 X100.44 Y211.269 E-.12111
G1 X100.574 Y211.541 E-.11547
G1 X100.616 Y211.831 E-.11108
G1 X100.6 Y211.929 E-.03787
; WIPE_END
G1 E-.04 F1800
M204 S10000
G17
G3 Z50.28 I-1.212 J.112 P1  F60000
G1 X101.113 Y217.466 Z50.28
G1 Z49.88
G1 E.8 F1800
G1 F7915.629
M204 S8000
G1 X100.984 Y217.266 E.01293
G1 X100.94 Y217.088 E.00992
G1 X100.945 Y216.926 E.00878
G1 X100.987 Y216.796 E.00741
G1 X101.053 Y216.699 E.00638
G1 X101.129 Y216.639 E.00523
G1 X101.212 Y216.608 E.00481
G1 X101.307 Y216.605 E.00514
G1 X101.46 Y216.004 E.03361
G1 X101.666 Y216.061 E.01157
G1 X101.934 Y216.232 E.01724
G1 X102.156 Y216.485 E.01826
G1 X102.307 Y216.804 E.01913
G1 X102.389 Y217.277 E.02599
G1 X102.896 Y217.887 E.04303
G1 X103.306 Y218.016 E.02328
G1 X103.586 Y218.198 E.01809
G1 X103.798 Y218.444 E.01761
G1 X103.928 Y218.73 E.01703
G1 X103.969 Y219.029 E.01637
G1 X103.921 Y219.318 E.01588
G1 X103.79 Y219.575 E.01562
G1 X103.586 Y219.781 E.01569
G1 X103.323 Y219.919 E.01609
G1 X103.019 Y219.977 E.0168
G1 X102.697 Y219.944 E.01752
G1 X102.386 Y219.819 E.01817
G1 X102.129 Y219.621 E.01759
G1 X101.963 Y219.41 E.01453
G1 X101.855 Y219.181 E.01378
G1 X101.8 Y218.865 E.01735
G1 X101.296 Y218.275 E.04206
G1 X100.906 Y218.105 E.02307
G1 X100.692 Y217.931 E.01492
G1 X100.54 Y217.747 E.01294
G1 X100.401 Y217.492 E.01572
G1 X100.318 Y217.154 E.01886
G1 X100.328 Y216.821 E.01807
G1 X100.423 Y216.521 E.01705
G1 X100.595 Y216.27 E.0165
G1 X100.823 Y216.091 E.01568
G1 X101.09 Y215.993 E.01542
G1 X101.378 Y215.981 E.01564
; WIPE_START
G1 X101.666 Y216.061 E-.11351
G1 X101.934 Y216.232 E-.12087
G1 X102.156 Y216.485 E-.128
G1 X102.307 Y216.804 E-.13415
G1 X102.389 Y217.277 E-.18221
G1 X102.526 Y217.441 E-.08126
; WIPE_END
G1 E-.04 F1800
M204 S10000
G17
G3 Z50.28 I.805 J.912 P1  F60000
G1 X105.308 Y214.984 Z50.28
G1 Z49.88
G1 E.8 F1800
G1 F7915.629
M204 S8000
G1 X105.208 Y214.829 E.01001
G1 X105.166 Y214.685 E.00811
G1 X105.169 Y214.574 E.00607
G1 X105.202 Y214.477 E.00553
G1 X105.25 Y214.411 E.00444
G1 X105.316 Y214.365 E.00435
G1 X105.412 Y214.337 E.00543
G1 X105.411 Y213.717 E.03361
G1 X106.38 Y213.728 E.05253
G1 X106.694 Y213.779 E.01723
G1 X106.948 Y213.909 E.01545
G1 X107.148 Y214.111 E.01544
G1 X107.282 Y214.373 E.01593
G1 X107.331 Y214.67 E.01633
G1 X107.284 Y214.991 E.0176
G1 X107.146 Y215.298 E.01821
G1 X106.929 Y215.558 E.01835
G1 X106.656 Y215.746 E.018
G1 X106.354 Y215.843 E.01718
G1 X106.054 Y215.847 E.01628
G1 X105.983 Y215.824 E.00402
G1 X105.711 Y215.846 E.01479
G1 X105.387 Y215.778 E.01794
G1 X105.072 Y215.61 E.01935
G1 X104.821 Y215.378 E.0185
G1 X104.637 Y215.086 E.01871
G1 X104.544 Y214.766 E.01806
G1 X104.552 Y214.464 E.01639
G1 X104.645 Y214.186 E.01592
G1 X104.813 Y213.96 E.01525
G1 X105.044 Y213.799 E.01523
G1 X105.326 Y213.716 E.01594
; WIPE_START
G1 X106.38 Y213.728 E-.40069
G1 X106.694 Y213.779 E-.12077
G1 X106.948 Y213.909 E-.10831
G1 X107.148 Y214.111 E-.10823
G1 X107.175 Y214.163 E-.02202
; WIPE_END
G1 E-.04 F1800
M204 S10000
G17
G3 Z50.28 I-1.172 J.326 P1  F60000
G1 X109.199 Y221.444 Z50.28
G1 Z49.88
G1 E.8 F1800
G1 F7915.629
M204 S8000
M73 P84 R34
G1 X109.148 Y221.291 E.00874
G1 X109.15 Y221.174 E.00632
G1 X109.181 Y221.081 E.00532
G1 X109.237 Y221.004 E.00517
G1 X109.318 Y220.945 E.00546
G1 X109.426 Y220.907 E.00619
G1 X109.554 Y220.902 E.00696
G1 X109.701 Y220.3 E.03361
G1 X109.883 Y220.345 E.01016
G1 X110.057 Y220.428 E.0104
G1 X110.522 Y220.543 E.02596
G1 X110.825 Y220.716 E.01892
G1 X111.049 Y220.947 E.01747
G1 X111.186 Y221.213 E.01622
G1 X111.231 Y221.492 E.01532
G1 X111.185 Y221.767 E.01508
G1 X111.049 Y222.021 E.01563
G1 X110.828 Y222.235 E.01671
G1 X110.53 Y222.389 E.01817
G1 X110.182 Y222.461 E.01922
G1 X109.782 Y222.439 E.0217
G1 X109.307 Y222.299 E.02686
G1 X109.038 Y222.171 E.01617
G1 X108.765 Y221.917 E.02021
G1 X108.612 Y221.674 E.01556
G1 X108.526 Y221.371 E.01706
G1 X108.532 Y221.069 E.01637
G1 X108.623 Y220.794 E.01573
G1 X108.792 Y220.561 E.01558
G1 X109.027 Y220.389 E.01576
G1 X109.31 Y220.291 E.01623
G1 X109.619 Y220.279 E.01676
; WIPE_START
G1 X109.883 Y220.345 E-.10364
G1 X110.057 Y220.428 E-.07293
G1 X110.522 Y220.543 E-.18201
G1 X110.825 Y220.716 E-.13266
G1 X111.049 Y220.947 E-.12247
G1 X111.186 Y221.213 E-.11375
G1 X111.2 Y221.298 E-.03253
; WIPE_END
G1 E-.04 F1800
M204 S10000
G17
G3 Z50.28 I-.347 J-1.167 P1  F60000
G1 X106.515 Y222.69 Z50.28
G1 Z49.88
G1 E.8 F1800
G1 F7915.629
M204 S8000
G1 X106.531 Y222.632 E.00326
G1 X106.616 Y222.495 E.0087
G1 X106.738 Y222.382 E.00905
G1 X106.936 Y222.285 E.01194
G1 X107.109 Y222.26 E.00947
G1 X107.198 Y221.646 E.03361
G1 X107.418 Y221.682 E.01207
G1 X107.682 Y221.818 E.01609
G1 X107.879 Y222.019 E.01525
G1 X108.011 Y222.291 E.0164
G1 X108.05 Y222.592 E.01647
G1 X107.995 Y222.908 E.01736
G1 X107.835 Y223.23 E.01953
G1 X107.593 Y223.49 E.01925
G1 X107.296 Y223.671 E.01883
G1 X106.974 Y223.759 E.01809
G1 X106.658 Y223.754 E.01714
G1 X106.372 Y223.661 E.01627
G1 X106.137 Y223.493 E.01566
G1 X105.969 Y223.264 E.01539
G1 X105.877 Y222.99 E.01569
G1 X105.871 Y222.695 E.016
G1 X105.957 Y222.382 E.01759
G1 X106.132 Y222.098 E.01807
G1 X106.384 Y221.865 E.01859
G1 X106.751 Y221.686 E.02213
G1 X107.114 Y221.633 E.01989
; WIPE_START
G1 X107.418 Y221.682 E-.11702
G1 X107.682 Y221.818 E-.11283
G1 X107.879 Y222.019 E-.1069
G1 X108.011 Y222.291 E-.11496
G1 X108.05 Y222.592 E-.11548
G1 X107.995 Y222.908 E-.12172
G1 X107.912 Y223.075 E-.0711
; WIPE_END
G1 E-.04 F1800
M204 S10000
G17
G3 Z50.28 I.265 J-1.188 P1  F60000
G1 X100.064 Y221.326 Z50.28
G1 Z49.88
G1 E.8 F1800
G1 F7915.629
M204 S8000
G1 X100.088 Y221.237 E.00496
G1 X100.166 Y221.107 E.00823
G1 X100.326 Y220.963 E.01166
G1 X100.458 Y220.907 E.00777
G1 X100.591 Y220.893 E.00724
G1 X100.704 Y220.283 E.03361
G1 X100.91 Y220.325 E.01143
G1 X101.163 Y220.469 E.01577
G1 X101.359 Y220.687 E.01586
G1 X101.481 Y220.963 E.01637
G1 X101.517 Y221.274 E.017
G1 X101.46 Y221.605 E.01816
G1 X101.307 Y221.916 E.01879
G1 X101.08 Y222.165 E.01826
G1 X100.776 Y222.351 E.01934
G1 X100.704 Y222.388 E.00436
G1 X100.421 Y222.457 E.01583
G1 X100.15 Y222.43 E.01475
G1 X99.887 Y222.308 E.01571
G1 X99.708 Y222.147 E.01308
G1 X99.529 Y221.899 E.01653
G1 X99.434 Y221.613 E.01634
G1 X99.427 Y221.307 E.01658
G1 X99.512 Y220.992 E.01769
G1 X99.682 Y220.709 E.01791
G1 X99.967 Y220.451 E.02082
G1 X100.097 Y220.382 E.00795
G1 X100.31 Y220.299 E.01242
G1 X100.62 Y220.267 E.0169
; WIPE_START
G1 X100.91 Y220.325 E-.11254
G1 X101.163 Y220.469 E-.11056
G1 X101.359 Y220.687 E-.11118
G1 X101.481 Y220.963 E-.11478
G1 X101.517 Y221.274 E-.1192
G1 X101.46 Y221.605 E-.12733
G1 X101.385 Y221.757 E-.06441
; WIPE_END
G1 E-.04 F1800
M204 S10000
G17
G3 Z50.28 I1.111 J.496 P1  F60000
G1 X111.936 Y198.095 Z50.28
G1 Z49.88
G1 E.8 F1800
G1 F7915.629
M204 S8000
G1 X111.936 Y197.982 E.00614
G1 X111.97 Y197.872 E.00622
G1 X112.035 Y197.778 E.00622
G1 X112.125 Y197.706 E.00622
G1 X112.231 Y197.664 E.00622
G1 X112.346 Y197.656 E.00622
G1 X112.476 Y197.049 E.03361
G1 X112.687 Y197.098 E.01173
G1 X112.948 Y197.249 E.01635
G1 X113.153 Y197.47 E.01634
G1 X113.284 Y197.741 E.01634
G1 X113.329 Y198.04 E.01635
G1 X113.284 Y198.338 E.01634
G1 X113.153 Y198.609 E.01634
G1 X112.948 Y198.831 E.01634
G1 X112.687 Y198.981 E.01634
G1 X112.393 Y199.049 E.01634
G1 X112.092 Y199.026 E.01635
G1 X111.811 Y198.916 E.01635
G1 X111.575 Y198.728 E.01635
G1 X111.405 Y198.479 E.01635
G1 X111.316 Y198.191 E.01635
G1 X111.316 Y197.889 E.01635
G1 X111.405 Y197.6 E.01636
G1 X111.575 Y197.351 E.01636
G1 X111.811 Y197.163 E.01636
G1 X112.092 Y197.053 E.01635
G1 X112.393 Y197.03 E.01635
; WIPE_START
G1 X112.687 Y197.098 E-.11463
G1 X112.948 Y197.249 E-.11463
G1 X113.153 Y197.47 E-.11459
G1 X113.284 Y197.741 E-.11459
G1 X113.329 Y198.04 E-.1146
G1 X113.284 Y198.338 E-.11456
G1 X113.201 Y198.509 E-.07241
; WIPE_END
G1 E-.04 F1800
M204 S10000
G17
G3 Z50.28 I1.065 J-.589 P1  F60000
G1 X110.653 Y193.902 Z50.28
G1 Z49.88
G1 E.8 F1800
G1 F7915.629
M204 S8000
G1 X110.653 Y193.789 E.00611
G1 X110.687 Y193.679 E.00623
G1 X110.751 Y193.584 E.00623
G1 X110.841 Y193.513 E.00623
G1 X110.948 Y193.47 E.00623
G1 X111.062 Y193.462 E.00623
G1 X111.192 Y192.855 E.03361
G1 X111.404 Y192.904 E.01176
G1 X111.665 Y193.055 E.01638
G1 X111.871 Y193.277 E.01638
G1 X112.001 Y193.549 E.01637
G1 X112.046 Y193.848 E.01636
G1 X112 Y194.146 E.01636
G1 X111.869 Y194.418 E.01634
G1 X111.663 Y194.638 E.01634
G1 X111.402 Y194.789 E.01633
G1 X111.109 Y194.855 E.01632
G1 X110.809 Y194.833 E.01632
G1 X110.528 Y194.723 E.01632
G1 X110.293 Y194.535 E.01632
G1 X110.123 Y194.287 E.01633
G1 X110.033 Y193.999 E.01634
G1 X110.033 Y193.697 E.01635
G1 X110.121 Y193.409 E.01636
G1 X110.291 Y193.159 E.01637
G1 X110.527 Y192.97 E.01637
G1 X110.808 Y192.859 E.01638
G1 X111.109 Y192.836 E.01638
; COOLING_NODE: 0
; WIPE_START
G1 X111.404 Y192.904 E-.11483
G1 X111.665 Y193.055 E-.11484
G1 X111.871 Y193.277 E-.11482
G1 X112.001 Y193.549 E-.11479
G1 X112.046 Y193.848 E-.11472
G1 X112 Y194.146 E-.1147
G1 X111.918 Y194.315 E-.0713
; WIPE_END
G1 E-.04 F1800
M204 S10000
G17
G3 Z50.28 I-.383 J1.155 P1  F60000
G1 X121.794 Y197.593 Z50.28
G1 Z49.88
G1 E.8 F1800
; FEATURE: Other object
; LINE_WIDTH: 0.45
G1 F11292.473
M204 S8000
G1 X122.607 Y197.593 E.03089
G1 X122.607 Y201.593 E.15197
G1 X125.994 Y201.593 E.12868
G1 X125.994 Y190.493 E.42172
G1 X130.807 Y190.493 E.18286
G1 X130.807 Y213.257 E.86483
G1 X125.994 Y213.257 E.18286
G1 X125.994 Y211.407 E.07029
G1 X122.607 Y211.407 E.12868
G1 X122.607 Y212.157 E.02849
G1 X121.794 Y212.157 E.03089
G1 X121.794 Y197.653 E.55101
; COOLING_NODE: 0
; WIPE_START
G1 X122.607 Y197.593 E-.30979
G1 X122.607 Y198.778 E-.45021
; WIPE_END
G1 E-.04 F1800
M204 S10000
G1 X120.943 Y191.329 Z50.28 F60000
G1 X102.807 Y110.093 Z50.28
G1 Z49.88
G1 E.8 F1800
G1 F11292.473
M204 S8000
G1 X119.993 Y110.093 E.65298
G1 X119.994 Y97.976 E.46037
G1 X120.011 Y97.787 E.00722
G1 X120.093 Y97.483 E.01196
G1 X120.24 Y97.206 E.01194
G1 X120.444 Y96.97 E.01181
G1 X120.728 Y96.766 E.01332
G1 X120.883 Y96.693 E.0065
G1 X121.093 Y96.631 E.0083
G1 X121.64 Y96.792 E.02168
G1 X122.845 Y97.269 E.04921
G1 X123.31 Y97.408 E.01844
G1 X123.818 Y97.485 E.01954
G1 X124.383 Y97.441 E.02154
G1 X125.054 Y97.154 E.02771
G1 X125.381 Y96.593 E.02464
G1 X125.619 Y96.593 E.00907
G1 X125.79 Y96.74 E.00854
G1 X126.275 Y97.257 E.02693
G1 X126.812 Y97.54 E.02305
G1 X127.305 Y97.692 E.01961
G1 X127.783 Y97.768 E.01838
G1 X128.255 Y97.785 E.01796
G1 X128.729 Y97.744 E.01807
G1 X129.212 Y97.638 E.01877
G1 X129.717 Y97.441 E.02061
G1 X130.277 Y97.062 E.02568
G1 X130.569 Y96.593 E.02098
G1 X130.824 Y96.593 E.00969
G1 X131.133 Y96.852 E.01528
G1 X131.734 Y97.088 E.02456
G1 X132.307 Y97.074 E.02178
G1 X132.78 Y96.977 E.01835
G1 X133.201 Y96.858 E.0166
G1 F10530.716
G1 X133.586 Y96.749 E.0152
G1 F9297.299
G1 X133.87 Y96.686 E.01106
G1 F8448.3
G1 X134.053 Y96.756 E.00747
G1 F7897.335
G1 X134.302 Y96.922 E.01133
G1 F7097.56
G1 X134.511 Y97.14 E.01149
G1 F6330.2
G1 X134.67 Y97.401 E.01161
G1 F5599.298
G1 X134.752 Y97.619 E.00886
G1 F5071.881
G1 X134.797 Y97.859 E.00926
G1 F4548.309
G1 X134.8 Y98.244 E.01462
G1 F3779.565
G1 X134.802 Y98.643 E.0152
G1 F3056.033
G1 X134.805 Y99.043 E.0152
G1 F2409.3
G1 X134.808 Y99.443 E.0152
G1 F1839.368
G1 X134.811 Y99.843 E.0152
G1 F1346.235
G1 X135.215 Y99.843 E.01538
G1 F925.411
G1 X135.598 Y99.843 E.01453
; FEATURE: Other object
G1 F600
M204 S5000
G1 X140.807 Y99.843 E.19789
G1 X140.807 Y101.656 E.06888
G1 X135.598 Y101.656 E.19788
; FEATURE: Other object
G1 F925.411
M204 S8000
G1 X135.216 Y101.656 E.01453
G1 F1351.185
G1 X134.807 Y101.656 E.01554
G1 F1845.153
G1 X134.807 Y102.056 E.0152
G1 F2415.92
G1 X134.807 Y102.456 E.0152
G1 F3063.488
G1 X134.807 Y102.856 E.0152
G1 F3787.856
G1 X134.807 Y103.256 E.0152
G1 F4589.024
G1 X134.807 Y103.656 E.0152
G1 F5466.992
G1 X134.807 Y104.056 E.0152
G1 F6421.759
G1 X134.807 Y104.456 E.0152
G1 F7453.327
G1 X134.807 Y104.856 E.0152
G1 F8561.695
G1 X134.807 Y105.256 E.0152
G1 F9746.863
G1 X134.807 Y105.656 E.0152
G1 F11008.83
G1 X134.807 Y106.056 E.0152
G1 F11292.473
G1 X134.807 Y106.456 E.0152
G1 X134.807 Y111.906 E.20706
G1 X124.807 Y111.906 E.37993
G1 X124.807 Y112.056 E.0057
G1 X124.311 Y112.056 E.01884
G1 X124.311 Y130.743 E.70997
G1 X124.807 Y130.743 E.01884
G1 X124.807 Y171.807 E1.56009
G1 X124.311 Y171.807 E.01884
G1 X124.311 Y189.907 E.68767
G1 X119.994 Y189.907 E.16402
G1 X119.994 Y176.907 E.4939
G1 X98.284 Y176.907 E.82479
G1 X98.293 Y170.093 E.25885
G1 X101.993 Y170.093 E.1406
G1 X101.993 Y147.273 E.86699
G1 X119.993 Y147.273 E.68387
G1 X119.993 Y111.906 E1.34368
G1 X100.993 Y111.906 E.72186
G1 X100.993 Y99.843 E.45831
G1 X102.807 Y99.843 E.06888
G1 X102.807 Y110.033 E.38714
; COOLING_NODE: 0
M204 S250
G1 X103.19 Y109.71 F60000
; FEATURE: Other object
; LINE_WIDTH: 0.42
G1 F12000
M204 S5000
G1 X119.61 Y109.71 E.57687
G1 X119.611 Y97.959 E.41283
G1 X119.665 Y97.56 E.01418
G1 X119.807 Y97.185 E.01407
G1 X120.034 Y96.844 E.01436
G1 X120.182 Y96.688 E.00758
G1 X120.356 Y96.547 E.00786
G1 X120.544 Y96.428 E.00782
G1 X120.74 Y96.337 E.00759
G1 X121.099 Y96.238 E.01307
G1 X121.769 Y96.431 E.02452
G1 X122.971 Y96.906 E.0454
G1 X123.394 Y97.033 E.01552
G1 X123.832 Y97.099 E.01558
G1 X124.291 Y97.064 E.01615
G1 X124.786 Y96.851 E.01895
G1 X125.16 Y96.21 E.02608
G1 X125.762 Y96.21 E.02113
G1 X126.055 Y96.463 E.01361
G1 X126.511 Y96.947 E.02336
G1 X126.959 Y97.184 E.01781
G1 X127.392 Y97.318 E.01592
G1 X127.82 Y97.386 E.01521
G1 X128.245 Y97.401 E.01496
G1 X128.671 Y97.364 E.01503
G1 X129.101 Y97.27 E.01544
G1 X129.538 Y97.1 E.01649
G1 X129.994 Y96.79 E.01938
G1 X130.356 Y96.21 E.02402
G1 X130.964 Y96.21 E.02133
G1 X131.331 Y96.518 E.01684
G1 X131.802 Y96.703 E.01779
G1 X132.264 Y96.692 E.01621
G1 X132.69 Y96.605 E.01527
G1 F11752.904
G1 X133.107 Y96.486 E.01523
G1 F10342.076
G1 X133.491 Y96.377 E.01405
G1 F9120.102
G1 X133.899 Y96.286 E.01468
G1 F7925.912
G1 X134.221 Y96.41 E.01211
G1 F7003.83
G1 X134.55 Y96.628 E.01387
G1 F6017.832
G1 X134.823 Y96.915 E.01393
G1 F5102.782
G1 X135.016 Y97.232 E.01304
G1 F4314.459
G1 X135.122 Y97.515 E.01062
G1 F3721.236
G1 X135.18 Y97.821 E.01094
G1 F3155.785
G1 X135.183 Y98.26 E.01541
G1 F2438.39
G1 X135.186 Y98.66 E.01405
G1 F1864.796
G1 X135.189 Y99.06 E.01405
G1 F1368.002
G1 X135.191 Y99.46 E.01405
G1 F948.008
G1 X135.229 Y99.46 E.00131
G1 F912.73
G1 X135.598 Y99.46 E.01296
; FEATURE: Other object
; LINE_WIDTH: 0.45
G1 F600
G1 X141.19 Y99.46 E.21246
G1 X141.19 Y102.04 E.09802
G1 X135.598 Y102.04 E.21245
; FEATURE: Other object
; LINE_WIDTH: 0.42
G1 F912.73
G1 X135.229 Y102.04 E.01296
G1 F949.793
G1 X135.19 Y102.04 E.00138
G1 F1370.146
G1 X135.19 Y102.44 E.01405
G1 F1867.299
G1 X135.19 Y102.84 E.01405
G1 F2441.252
G1 X135.19 Y103.24 E.01405
G1 F3092.005
G1 X135.19 Y103.64 E.01405
G1 F3819.558
G1 X135.19 Y104.04 E.01405
G1 F4623.911
G1 X135.19 Y104.44 E.01405
G1 F5505.064
G1 X135.19 Y104.84 E.01405
G1 F6463.017
G1 X135.19 Y105.24 E.01405
G1 F7497.77
G1 X135.19 Y105.64 E.01405
G1 F8609.323
G1 X135.19 Y106.04 E.01405
G1 F9797.676
G1 X135.19 Y106.44 E.01405
G1 F11062.829
G1 X135.19 Y106.84 E.01405
G1 F12000
G1 X135.19 Y107.24 E.01405
G1 X135.19 Y112.29 E.17742
G1 X125.19 Y112.29 E.35132
G1 X125.19 Y112.44 E.00527
G1 X124.694 Y112.44 E.01742
G1 X124.694 Y130.36 E.62957
G1 X125.19 Y130.36 E.01742
G1 X125.19 Y172.19 E1.46959
G1 X124.694 Y172.19 E.01742
G1 X124.694 Y190.11 E.62957
G1 X131.19 Y190.11 E.22821
G1 X131.19 Y213.64 E.82667
G1 X125.61 Y213.64 E.19604
G1 X125.61 Y211.79 E.06499
G1 X122.99 Y211.79 E.09205
G1 X122.99 Y212.54 E.02635
G1 X121.41 Y212.54 E.05551
G1 X121.41 Y197.21 E.53858
G1 X122.99 Y197.21 E.05551
G1 X122.99 Y201.21 E.14053
G1 X125.61 Y201.21 E.09205
G1 X125.61 Y190.29 E.38365
G1 X119.61 Y190.29 E.21079
G1 X119.61 Y177.29 E.45672
G1 X97.9 Y177.29 E.76272
G1 X97.91 Y169.71 E.2663
G1 X101.61 Y169.71 E.13
G1 X101.61 Y146.89 E.80172
G1 X119.61 Y146.89 E.63238
G1 X119.61 Y112.29 E1.21558
G1 X100.61 Y112.29 E.66752
G1 X100.61 Y99.46 E.45075
G1 X103.19 Y99.46 E.09064
G1 X103.19 Y109.65 E.358
; WIPE_START
M204 S8000
G1 X105.19 Y109.657 E-.76
; WIPE_END
G1 E-.04 F1800
M204 S10000
G1 X101.947 Y111.566 Z50.28 F60000
G1 Z49.88
G1 E.8 F1800
; FEATURE: Other object
; LINE_WIDTH: 0.45
G1 F11292.473
M204 S8000
G1 X101.334 Y111.566 E.02326
G1 X101.334 Y110.584 E.0373
G1 X102.466 Y109.453 E.06077
G1 X102.466 Y105.35 E.15587
G1 X101.334 Y104.219 E.06077
G1 X101.334 Y103.07 E.04367
G1 X102.466 Y101.938 E.06077
G1 X102.466 Y100.344 E.06056
; WIPE_START
G1 X102.466 Y101.938 E-.60571
G1 X102.178 Y102.226 E-.15429
; WIPE_END
G1 E-.04 F1800
M204 S10000
G1 X109.549 Y100.243 Z50.28 F60000
G1 X120.644 Y97.259 Z50.28
G1 Z49.88
G1 E.8 F1800
G1 F11292.473
M204 S8000
G1 X120.902 Y97.061 E.01234
G1 X121.093 Y96.987 E.0078
G1 X121.53 Y97.115 E.01729
G1 X122.094 Y97.338 E.02306
G1 X120.335 Y99.097 E.09451
G1 X120.335 Y100.677 E.06003
G1 X131.223 Y111.566 E.58503
G1 X130.409 Y111.566 E.03094
G1 X134.466 Y107.509 E.21796
G1 X134.466 Y107.294 E.00818
G1 X124.804 Y97.632 E.51912
G1 X125.292 Y97.423 E.02016
G1 X125.548 Y96.982 E.01937
G1 X125.928 Y97.385 E.02103
; WIPE_START
G1 X125.548 Y96.982 E-.21031
G1 X125.292 Y97.423 E-.19372
G1 X124.804 Y97.632 E-.20167
G1 X125.091 Y97.919 E-.1543
; WIPE_END
G1 E-.04 F1800
M204 S10000
G1 X132.448 Y99.951 Z50.28 F60000
G1 X134.604 Y100.546 Z50.28
G1 Z49.88
G1 E.8 F1800
; FEATURE: Other object
; LINE_WIDTH: 0.453964
G1 F1500
M204 S8000
G1 X140.481 Y100.546 E.2255
G1 X140.481 Y100.949 E.01544
G1 X134.604 Y100.949 E.22549
; WIPE_START
G1 X136.604 Y100.949 E-.76
; WIPE_END
G1 E-.04 F1800
M204 S10000
G1 X129.812 Y104.431 Z50.28 F60000
G1 X118.106 Y110.434 Z50.28
G1 Z49.88
G1 E.8 F1800
; FEATURE: Other object
; LINE_WIDTH: 0.45
G1 F11292.473
M204 S8000
G1 X116.512 Y110.434 E.06056
G1 X115.381 Y111.566 E.06077
G1 X116.195 Y111.566 E.03094
G1 X115.064 Y110.434 E.06077
G1 X108.998 Y110.434 E.23047
G1 X107.867 Y111.566 E.06077
G1 X108.681 Y111.566 E.03094
G1 X107.55 Y110.434 E.06077
G1 X105.956 Y110.434 E.06056
; WIPE_START
G1 X107.55 Y110.434 E-.60571
G1 X107.837 Y110.722 E-.15429
; WIPE_END
G1 E-.04 F1800
M204 S10000
G1 X106.743 Y118.275 Z50.28 F60000
G1 X102.334 Y148.71 Z50.28
G1 Z49.88
G1 E.8 F1800
G1 F11292.473
M204 S8000
G1 X102.334 Y150.304 E.06056
G1 X123.97 Y171.939 E1.16246
G1 X123.97 Y171.466 E.01798
G1 X124.466 Y171.466 E.01884
G1 X124.466 Y170.108 E.05159
G1 X118.008 Y176.566 E.34698
G1 X119.602 Y176.566 E.06056
; WIPE_START
G1 X118.008 Y176.566 E-.60571
G1 X118.295 Y176.278 E-.15429
; WIPE_END
G1 E-.04 F1800
M204 S10000
G1 X120.153 Y183.681 Z50.28 F60000
G1 X121.63 Y189.566 Z50.28
G1 Z49.88
G1 E.8 F1800
G1 F11292.473
M204 S8000
G1 X120.334 Y189.566 E.04921
G1 X120.334 Y189.267 E.01135
G1 X123.97 Y185.632 E.19532
G1 X123.97 Y186.967 E.05074
G1 X120.334 Y183.332 E.19532
G1 X120.334 Y181.753 E.05999
G1 X123.97 Y178.118 E.19532
G1 X123.97 Y179.453 E.05074
G1 X102.334 Y157.818 E1.16246
G1 X102.334 Y154.668 E.11965
G1 X109.388 Y147.614 E.379
G1 X107.159 Y147.614 E.08468
G1 X124.466 Y164.921 E.92985
G1 X124.466 Y162.594 E.08841
G1 X110.494 Y176.566 E.75072
G1 X113.568 Y176.566 E.11682
G1 X102.334 Y165.332 E.60359
G1 X102.334 Y162.182 E.11965
G1 X116.902 Y147.614 E.78273
G1 X114.674 Y147.614 E.08468
G1 X124.466 Y157.406 E.52612
G1 X124.466 Y155.079 E.08841
G1 X102.979 Y176.566 E1.15445
G1 X106.054 Y176.566 E.11682
G1 X99.923 Y170.434 E.32942
G1 X98.633 Y170.434 E.049
G1 X98.63 Y173.401 E.11272
G1 X101.596 Y170.434 E.15941
G1 X102.334 Y170.434 E.02804
G1 X102.334 Y169.696 E.02804
G1 X124.466 Y147.565 E1.1891
G1 X124.466 Y149.892 E.08841
G1 X120.334 Y145.761 E.22196
G1 X120.334 Y144.182 E.05999
G1 X124.466 Y140.051 E.22196
G1 X124.466 Y142.378 E.08841
G1 X120.334 Y138.247 E.22196
G1 X120.334 Y136.668 E.05999
G1 X124.466 Y132.537 E.22196
G1 X124.466 Y134.864 E.08841
G1 X120.334 Y130.733 E.22196
G1 X120.334 Y129.154 E.05999
G1 X123.97 Y125.519 E.19532
G1 X123.97 Y126.854 E.05074
G1 X120.334 Y123.219 E.19532
G1 X120.334 Y121.64 E.05999
G1 X123.97 Y118.005 E.19532
G1 X123.97 Y119.34 E.05073
G1 X120.334 Y115.705 E.19532
G1 X120.334 Y114.126 E.05999
G1 X134.386 Y100.074 E.75498
G1 X134.386 Y99.944 E.00495
G1 X134.47 Y99.86 E.0045
G1 X134.469 Y99.783 E.00294
G1 X132.106 Y97.42 E.12696
G1 X131.674 Y97.431 E.01645
G1 X130.956 Y97.149 E.02928
G1 X130.738 Y96.966 E.0108
G1 X130.528 Y97.304 E.01511
G1 X129.877 Y97.745 E.02989
G1 X129.311 Y97.966 E.02309
G1 X128.889 Y98.058 E.01641
G1 X120.335 Y106.612 E.4596
G1 X120.335 Y108.191 E.06
G1 X123.97 Y111.826 E.19532
G1 X123.97 Y111.716 E.0042
G1 X124.466 Y111.716 E.01884
G1 X124.466 Y111.566 E.0057
G1 X125.303 Y111.566 E.03182
; WIPE_START
G1 X124.466 Y111.566 E-.3183
G1 X124.466 Y111.716 E-.057
G1 X123.97 Y111.716 E-.18842
G1 X123.97 Y111.826 E-.042
G1 X123.683 Y111.539 E-.15429
; WIPE_END
G1 E-.04 F1800
M204 S10000
G1 X123.551 Y119.17 Z50.28 F60000
G1 X122.2 Y197.793 Z50.28
G1 Z49.88
G1 E.8 F1800
; FEATURE: Other object
; LINE_WIDTH: 0.466044
G1 F10855.407
M204 S8000
G1 X122.2 Y201.793 E.15809
; WIPE_START
G1 X122.2 Y199.793 E-.76
; WIPE_END
G1 E-.04 F1800
M204 S10000
G1 X126.438 Y201.836 Z50.28 F60000
G1 Z49.88
G1 E.8 F1800
; FEATURE: Other object
; LINE_WIDTH: 0.546344
G1 F9093.863
M204 S8000
G1 X126.44 Y199.78 E.097
; WIPE_START
G1 X126.438 Y201.78 E-.76
; WIPE_END
G1 E-.04 F1800
M204 S10000
G1 X126.438 Y201.836 Z50.28 F60000
G1 Z49.88
G1 E.8 F1800
; LINE_WIDTH: 0.528369
G1 F9436.634
M204 S8000
G1 X126.356 Y201.883 E.00429
; LINE_WIDTH: 0.485019
G1 F10380.264
G1 X126.275 Y201.93 E.0039
; LINE_WIDTH: 0.421034
G1 F12000
G1 X126.193 Y201.977 E.00333
G1 X122.817 Y201.977 E.11894
G1 X122.729 Y202.149 E.0068
G1 X122.177 Y202.176 E.01947
G1 X122.177 Y210.793 E.30357
G1 X122.2 Y211.207 E.01463
G1 X122.407 Y211.023 E.00977
G1 X126.193 Y211.023 E.13337
; LINE_WIDTH: 0.441046
G1 F11552.038
G1 X126.275 Y211.084 E.00382
; LINE_WIDTH: 0.483149
G1 F10425.235
G1 X126.358 Y211.146 E.00423
; LINE_WIDTH: 0.525253
G1 F9498.715
G1 X126.44 Y211.207 E.00464
G1 X126.461 Y211.042 E.00751
; LINE_WIDTH: 0.483149
G1 F10425.235
G1 X126.482 Y210.877 E.00684
; LINE_WIDTH: 0.420402
G1 F12000
G1 X126.503 Y210.712 E.00585
G1 X126.503 Y202.288 E.29631
; LINE_WIDTH: 0.441669
G1 F11533.582
G1 X126.484 Y202.157 E.00492
; LINE_WIDTH: 0.485019
G1 F10380.264
G1 X126.466 Y202.026 E.00546
; LINE_WIDTH: 0.528369
G1 F9436.634
G1 X126.447 Y201.895 E.00601
M204 S10000
G1 X126.135 Y202.345 F60000
; LINE_WIDTH: 0.419994
G1 F12000
M204 S8000
G1 X122.988 Y202.345 E.11057
G1 X122.922 Y202.463 E.00472
G1 X122.545 Y202.545 E.01354
G1 X122.545 Y210.655 E.28492
G1 X126.135 Y210.655 E.1261
G1 X126.135 Y202.405 E.28981
M204 S10000
G1 X125.766 Y202.714 F60000
G1 F12000
M204 S8000
G1 X123.15 Y202.714 E.09192
G1 X123.115 Y202.777 E.00252
G1 X122.914 Y202.833 E.00734
G1 X122.914 Y210.286 E.26182
G1 X125.766 Y210.286 E.10021
G1 X125.766 Y202.774 E.26391
M204 S10000
G1 X125.398 Y203.082 F60000
G1 F12000
M204 S8000
G1 X123.313 Y203.082 E.07326
G1 X123.282 Y203.136 E.00217
G1 X123.282 Y209.918 E.23824
G1 X125.398 Y209.918 E.07432
G1 X125.398 Y203.142 E.23802
M204 S10000
G1 X125.029 Y203.451 F60000
G1 F12000
M204 S8000
G1 X123.651 Y203.451 E.04843
G1 X123.651 Y209.549 E.21424
G1 X125.029 Y209.549 E.04843
G1 X125.029 Y203.511 E.21213
M204 S10000
G1 X124.593 Y203.888 F60000
; LINE_WIDTH: 0.556454
G1 F8911.774
M204 S8000
G1 X124.088 Y203.888 E.02431
G1 X124.088 Y209.112 E.25153
G1 X124.593 Y209.112 E.02431
G1 X124.593 Y203.948 E.24864
; WIPE_START
G1 X124.593 Y205.948 E-.76
; WIPE_END
G1 E-.04 F1800
M204 S10000
G1 X122.2 Y211.75 Z50.28 F60000
G1 Z49.88
G1 E.8 F1800
; LINE_WIDTH: 0.466044
G1 F10855.407
M204 S8000
G1 X122.2 Y211.267 E.01908
; WIPE_START
G1 X122.2 Y211.75 E-.76
; WIPE_END
G1 E-.04 F1800
M204 S10000
G1 X126.44 Y212.81 Z50.28 F60000
G1 Z49.88
G1 E.8 F1800
; LINE_WIDTH: 0.546304
G1 F9094.583
M204 S8000
G1 X126.44 Y211.267 E.07277
; WIPE_START
G1 X126.44 Y212.81 E-.76
; WIPE_END
G1 E-.04 F1800
M204 S10000
G1 X128.97 Y212.916 Z50.28 F60000
G1 Z49.88
G1 E.8 F1800
; FEATURE: Other object
; LINE_WIDTH: 0.45
G1 F11292.473
M204 S8000
G1 X127.376 Y212.916 E.06056
G1 X126.887 Y212.426 E.02629
G1 X126.887 Y212.771 E.01309
G1 X130.466 Y209.192 E.19229
G1 X130.466 Y208.491 E.02664
G1 X126.887 Y204.912 E.19229
G1 X126.887 Y205.257 E.01309
G1 X130.466 Y201.678 E.19229
G1 X130.466 Y200.977 E.02664
G1 X126.334 Y196.846 E.22196
G1 X126.334 Y198.295 E.05506
G1 X130.466 Y194.164 E.22196
G1 X130.466 Y193.463 E.02664
G1 X127.837 Y190.834 E.14122
G1 X126.334 Y190.834 E.05709
G1 X126.334 Y190.926 E.00347
; CHANGE_LAYER
; Z_HEIGHT: 50.12
; LAYER_HEIGHT: 0.239998
; WIPE_START
G1 F11292.473
G1 X126.334 Y190.834 E-.03469
G1 X127.837 Y190.834 E-.57103
G1 X128.124 Y191.122 E-.15429
; WIPE_END
G1 E-.04 F1800
; FEATURE: Other object
; stop printing object, unique label id: 1901
M625
; layer num/total_layer_count: 209/258
; update layer progress
M73 L209
M991 S0 P208 ;notify layer change
M106 S124.95
; OBJECT_ID: 1902
; COOLING_NODE: 0
; FEATURE: Other object
; start printing object, unique label id: 1902
M624 AgAAAAAAAAA=
M204 S10000
G17
G3 Z50.28 I-.405 J1.147 P1  F60000
G1 X188.717 Y212.532 Z50.28
G1 Z50.12
G1 E.8 F1800
; FEATURE: Inner wall
G1 F11292.473
M204 S8000
G1 X188.717 Y222.782 E.38942
G1 X186.903 Y222.782 E.06888
G1 X186.903 Y210.718 E.45831
G1 X205.903 Y210.718 E.72186
G1 X205.903 Y175.352 E1.34368
G1 X187.903 Y175.352 E.68387
G1 X187.903 Y150.531 E.94298
G1 X181.993 Y150.531 E.22454
G1 X181.993 Y93.968 E2.14898
G1 X185.006 Y93.968 E.11447
G1 X185.006 Y95.781 E.06888
G1 X183.806 Y95.781 E.04559
G1 X183.806 Y145.718 E1.89724
G1 X187.903 Y145.718 E.15566
G1 X187.903 Y97.718 E1.82365
G1 X204.717 Y97.718 E.63877
G1 X204.717 Y110.218 E.47491
G1 X210.717 Y110.218 E.22796
G1 X210.717 Y115.031 E.18286
G1 X209.703 Y115.031 E.03849
G1 X209.703 Y111.881 E.11968
G1 X206.367 Y111.881 E.12678
G1 X206.367 Y132.468 E.78215
G1 X210.221 Y132.468 E.14643
G1 X210.221 Y150.818 E.69716
G1 X210.717 Y150.818 E.01884
G1 X210.717 Y191.882 E1.56009
G1 X210.221 Y191.882 E.01884
G1 X210.221 Y210.568 E.70997
G1 X210.717 Y210.568 E.01884
G1 X210.717 Y210.718 E.0057
G1 X220.717 Y210.718 E.37993
G1 X220.717 Y220.968 E.38942
G1 X226.717 Y220.968 E.22796
G1 X226.717 Y222.782 E.06888
G1 X220.721 Y222.782 E.2278
G1 X220.707 Y224.766 E.07541
G1 X220.662 Y225.006 E.00925
G1 X220.579 Y225.224 E.00888
G1 X220.423 Y225.482 E.01147
G1 X220.314 Y225.609 E.00635
G1 X220.07 Y225.808 E.01195
G1 X219.78 Y225.939 E.0121
G1 X219.496 Y225.876 E.01105
G1 X218.69 Y225.648 E.0318
G1 X218.217 Y225.551 E.01835
G1 X217.644 Y225.537 E.02178
G1 X217.043 Y225.773 E.02456
G1 X216.734 Y226.032 E.01528
G1 X216.479 Y226.032 E.00969
G1 X216.187 Y225.563 E.02098
G1 X215.627 Y225.184 E.02568
G1 X215.122 Y224.987 E.02061
G1 X214.639 Y224.881 E.01877
G1 X214.165 Y224.84 E.01807
G1 X213.693 Y224.857 E.01796
G1 X213.215 Y224.933 E.01838
G1 X212.722 Y225.085 E.01961
G1 X212.183 Y225.37 E.02316
G1 X211.737 Y225.853 E.02499
G1 X211.529 Y226.032 E.0104
G1 X211.291 Y226.032 E.00907
G1 X210.964 Y225.471 E.02464
G1 X210.293 Y225.184 E.02771
G1 X209.728 Y225.14 E.02154
G1 X209.22 Y225.217 E.01954
G1 X208.755 Y225.356 E.01844
G1 X207.551 Y225.833 E.04921
G1 X207.007 Y225.993 E.02154
G1 X206.7 Y225.891 E.01227
G1 X206.519 Y225.786 E.00798
G1 X206.36 Y225.66 E.00769
G1 X206.17 Y225.444 E.01091
G1 X206.031 Y225.202 E.01062
G1 X205.94 Y224.934 E.01075
G1 X205.906 Y224.684 E.00959
G1 X205.903 Y212.532 E.4617
G1 X188.777 Y212.532 E.65069
; COOLING_NODE: 0
M204 S250
G1 X189.1 Y212.915 F60000
; FEATURE: Outer wall
; LINE_WIDTH: 0.42
G1 F12000
M204 S5000
G1 X189.1 Y223.165 E.36011
G1 X186.52 Y223.165 E.09064
G1 X186.52 Y210.335 E.45075
G1 X205.52 Y210.335 E.66752
G1 X205.52 Y175.735 E1.21558
G1 X187.52 Y175.735 E.63238
G1 X187.52 Y150.915 E.87199
G1 X181.61 Y150.915 E.20763
G1 X181.61 Y93.585 E2.01414
G1 X185.39 Y93.585 E.1328
G1 X185.39 Y96.165 E.09064
G1 X184.19 Y96.165 E.04216
G1 X184.19 Y145.335 E1.72746
G1 X187.52 Y145.335 E.11699
G1 X187.52 Y97.335 E1.68636
G1 X205.1 Y97.335 E.61763
G1 X205.1 Y109.835 E.43916
G1 X211.1 Y109.835 E.21079
G1 X211.1 Y115.415 E.19604
G1 X209.32 Y115.415 E.06254
G1 X209.32 Y112.265 E.11067
G1 X206.75 Y112.265 E.09029
G1 X206.75 Y132.085 E.69632
G1 X211.1 Y132.085 E.15283
G1 X211.1 Y132.515 E.01511
G1 X210.604 Y132.515 E.01742
G1 X210.604 Y150.435 E.62957
G1 X211.1 Y150.435 E.01742
G1 X211.1 Y192.265 E1.46959
G1 X210.604 Y192.265 E.01742
G1 X210.604 Y210.185 E.62957
G1 X211.1 Y210.185 E.01742
G1 X211.1 Y210.335 E.00527
G1 X221.1 Y210.335 E.35132
G1 X221.1 Y220.585 E.36011
G1 X227.1 Y220.585 E.21079
G1 X227.1 Y223.165 E.09064
; object ids of layer 209 start: 1901,1902
M624 AwAAAAAAAAA=
;===== machine: H2C timelapse =====
;======== date: 20260731 ========

; SKIPPABLE_START
; SKIPTYPE: timelapse

M1002 judge_flag timelapse_record_flag
M622 J1
    

    
        
    

    
        M971 S11 C10 O0
        M1004 S5 P1  ; external shutter
    

    
        
    
    
    
M623
; SKIPPABLE_END

; object ids of this layer209 end: 1901,1902
M625
G1 X221.101 Y223.165 E.21074
G1 X221.09 Y224.804 E.05757
G1 X221.032 Y225.11 E.01094
G1 X220.926 Y225.393 E.01063
G1 X220.734 Y225.709 E.01298
G1 X220.461 Y225.995 E.01388
G1 X220.132 Y226.215 E.01392
G1 X219.809 Y226.339 E.01214
G1 X219.401 Y226.248 E.01468
G1 X218.6 Y226.02 E.02928
G1 X218.174 Y225.933 E.01527
G1 X217.712 Y225.922 E.01621
G1 X217.241 Y226.107 E.0178
G1 X216.874 Y226.415 E.01684
G1 X216.266 Y226.415 E.02133
G1 X215.904 Y225.835 E.02402
G1 X215.448 Y225.525 E.01938
G1 X215.011 Y225.355 E.01649
G1 X214.581 Y225.261 E.01544
G1 X214.155 Y225.224 E.01503
G1 X213.73 Y225.239 E.01496
G1 X213.302 Y225.307 E.01521
G1 X212.869 Y225.441 E.01592
G1 X212.42 Y225.678 E.01784
G1 X212.004 Y226.129 E.02157
G1 X211.672 Y226.415 E.01539
G1 X211.07 Y226.415 E.02113
G1 X210.696 Y225.774 E.02608
G1 X210.201 Y225.561 E.01895
G1 X209.742 Y225.526 E.01615
G1 X209.304 Y225.592 E.01557
G1 X208.881 Y225.719 E.01552
G1 X207.679 Y226.194 E.04539
G1 X207.01 Y226.387 E.02447
G1 X206.783 Y226.335 E.00819
G1 X206.533 Y226.237 E.0094
G1 X206.302 Y226.103 E.00939
G1 X206.095 Y225.938 E.0093
G1 X205.857 Y225.669 E.01262
G1 X205.679 Y225.36 E.01252
G1 X205.566 Y225.022 E.01255
G1 X205.522 Y224.71 E.01105
G1 X205.52 Y212.915 E.4144
G1 X189.16 Y212.915 E.57476
; WIPE_START
M204 S8000
G1 X189.148 Y214.915 E-.76
; WIPE_END
G1 E-.04 F1800
M204 S10000
G1 X187.244 Y212.11 Z50.52 F60000
G1 Z50.12
G1 E.8 F1800
; FEATURE: Sparse infill
; LINE_WIDTH: 0.45
G1 F11292.473
M204 S8000
G1 X187.244 Y211.059 E.03992
G1 X187.788 Y211.059 E.02064
G1 X188.919 Y212.191 E.06077
G1 X189.735 Y212.191 E.03101
G1 X190.866 Y211.059 E.06077
G1 X195.302 Y211.059 E.16852
G1 X196.433 Y212.191 E.06077
G1 X197.249 Y212.191 E.03101
G1 X198.38 Y211.059 E.06077
G1 X202.816 Y211.059 E.16852
G1 X203.947 Y212.191 E.06077
G1 X204.763 Y212.191 E.03101
G1 X205.894 Y211.059 E.06077
G1 X206.244 Y211.059 E.01331
G1 X206.244 Y210.709 E.01331
G1 X209.88 Y207.074 E.19532
G1 X209.88 Y205.48 E.06056
; WIPE_START
G1 X209.88 Y207.074 E-.60572
G1 X209.593 Y207.361 E-.15429
; WIPE_END
G1 E-.04 F1800
M204 S10000
G1 X208.119 Y199.872 Z50.52 F60000
G1 X206.244 Y190.352 Z50.52
G1 Z50.12
G1 E.8 F1800
G1 F11292.473
M204 S8000
G1 X206.244 Y191.946 E.06056
G1 X209.88 Y195.581 E.19532
G1 X209.88 Y192.046 E.13432
G1 X206.244 Y195.681 E.19532
G1 X206.244 Y199.46 E.14357
G1 X209.88 Y203.095 E.19532
G1 X209.88 Y199.56 E.13432
G1 X206.244 Y203.195 E.19532
G1 X206.244 Y206.974 E.14357
G1 X209.88 Y210.609 E.19532
G1 X209.88 Y210.909 E.0114
G1 X210.18 Y210.909 E.0114
G1 X220.315 Y221.045 E.54456
G1 X220.376 Y220.984 E.00325
G1 X220.376 Y219.12 E.07081
G1 X214.905 Y224.591 E.29391
G1 X215.221 Y224.66 E.01226
G1 X215.787 Y224.88 E.02309
G1 X216.438 Y225.321 E.02989
G1 X216.648 Y225.659 E.01511
G1 X216.866 Y225.476 E.0108
G1 X217.129 Y225.373 E.01073
G1 X206.245 Y214.488 E.58482
G1 X206.246 Y218.222 E.14186
G1 X213.408 Y211.059 E.38485
G1 X217.844 Y211.059 E.16852
G1 X220.376 Y213.591 E.13602
G1 X220.376 Y211.606 E.07541
G1 X206.584 Y225.398 E.74101
G1 X206.711 Y225.503 E.00627
G1 X206.841 Y225.578 E.00569
G1 X207.013 Y225.635 E.00689
G1 X207.439 Y225.51 E.01689
G1 X208.643 Y225.034 E.04917
G1 X209.13 Y224.888 E.01932
G1 X206.246 Y222.004 E.15493
G1 X206.246 Y220.41 E.06056
; WIPE_START
G1 X206.246 Y222.004 E-.60572
G1 X206.533 Y222.291 E-.15428
; WIPE_END
G1 E-.04 F1800
M204 S10000
G1 X198.93 Y221.625 Z50.52 F60000
G1 X187.244 Y220.601 Z50.52
G1 Z50.12
G1 E.8 F1800
G1 F11292.473
M204 S8000
G1 X187.244 Y222.195 E.06056
G1 X188.376 Y221.064 E.06077
G1 X188.376 Y219.162 E.07228
G1 X187.244 Y218.03 E.06077
G1 X187.244 Y214.681 E.12725
G1 X188.376 Y213.55 E.06077
G1 X188.376 Y215.144 E.06056
; WIPE_START
G1 X188.376 Y213.55 E-.60571
G1 X188.088 Y213.837 E-.15429
; WIPE_END
G1 E-.04 F1800
M204 S10000
G1 X195.558 Y215.407 Z50.52 F60000
G1 X226.333 Y221.875 Z50.52
G1 Z50.12
G1 E.8 F1800
; FEATURE: Floating vertical shell
; LINE_WIDTH: 0.419994
G1 F12000
M204 S8000
G1 X226.333 Y221.352 E.01838
G1 X220.674 Y221.352 E.19881
G1 X220.673 Y222.398 E.03675
G1 X226.333 Y222.398 E.19884
G1 X226.333 Y221.935 E.01627
M204 S10000
G1 X225.979 Y221.875 F60000
; LINE_WIDTH: 0.390284
G1 F12000
M204 S8000
G1 X225.979 Y221.706 E.00547
G1 X221.027 Y221.706 E.15995
G1 X221.027 Y222.044 E.01094
G1 X225.979 Y222.044 E.15995
G1 X225.979 Y221.935 E.00353
; WIPE_START
G1 X225.979 Y222.044 E-.04157
G1 X224.089 Y222.044 E-.71843
; WIPE_END
G1 E-.04 F1800
M204 S10000
G17
G3 Z50.52 I1.192 J-.246 P1  F60000
G1 X210.376 Y155.573 Z50.52
G1 Z50.12
G1 E.8 F1800
; FEATURE: Sparse infill
; LINE_WIDTH: 0.45
G1 F11292.473
M204 S8000
G1 X210.376 Y153.979 E.06056
G1 X189.344 Y175.011 E1.13
G1 X189.309 Y175.011 E.00134
G1 X188.244 Y173.946 E.05721
G1 X188.244 Y172.352 E.06056
; WIPE_START
G1 X188.244 Y173.946 E-.60572
G1 X188.532 Y174.233 E-.15429
; WIPE_END
G1 E-.04 F1800
M204 S10000
G1 X188.463 Y166.601 Z50.52 F60000
G1 X188.244 Y142.295 Z50.52
G1 Z50.12
G1 E.8 F1800
G1 F11292.473
M204 S8000
G1 X188.244 Y143.889 E.06056
G1 X210.376 Y166.021 E1.1891
G1 X210.376 Y169.008 E.11349
G1 X204.373 Y175.011 E.32254
G1 X204.337 Y175.011 E.00134
G1 X188.244 Y158.918 E.86467
G1 X188.244 Y161.082 E.08224
G1 X209.88 Y139.447 E1.16246
G1 X209.88 Y142.982 E.13432
G1 X188.244 Y121.347 E1.16246
G1 X188.244 Y123.512 E.08224
G1 X204.376 Y107.381 E.86672
G1 X204.376 Y107.422 E.00156
G1 X195.013 Y98.059 E.50304
G1 X198.669 Y98.059 E.13889
G1 X188.244 Y108.484 E.56009
G1 X188.244 Y106.319 E.08224
G1 X206.026 Y124.1 E.95538
G1 X206.026 Y120.759 E.12694
G1 X188.244 Y138.54 E.95538
G1 X188.244 Y136.375 E.08224
G1 X210.376 Y158.506 E1.1891
G1 X210.376 Y161.494 E.11349
G1 X196.859 Y175.011 E.72627
G1 X196.823 Y175.011 E.00134
G1 X188.244 Y166.432 E.46094
G1 X188.244 Y168.596 E.08224
G1 X209.88 Y146.961 E1.16246
G1 X209.88 Y150.497 E.13432
G1 X188.244 Y128.861 E1.16246
G1 X188.244 Y131.026 E.08224
G1 X206.026 Y113.245 E.95538
G1 X206.026 Y116.586 E.12694
G1 X188.244 Y98.805 E.95538
G1 X188.244 Y100.97 E.08224
G1 X191.155 Y98.059 E.15636
G1 X192.749 Y98.059 E.06056
; WIPE_START
G1 X191.155 Y98.059 E-.60572
G1 X190.868 Y98.347 E-.15429
; WIPE_END
G1 E-.04 F1800
M204 S10000
G1 X183.913 Y95.202 Z50.52 F60000
G1 X182.334 Y94.489 Z50.52
G1 Z50.12
G1 E.8 F1800
G1 F11292.473
M204 S8000
G1 X182.334 Y94.309 E.00682
G1 X183.749 Y94.309 E.05374
G1 X184.666 Y95.226 E.04924
G1 X184.666 Y95.441 E.00815
G1 X183.466 Y95.441 E.04559
G1 X183.466 Y98.234 E.10615
G1 X182.334 Y99.365 E.06077
G1 X182.334 Y100.409 E.03964
G1 X183.466 Y101.54 E.06077
G1 X183.466 Y105.748 E.15989
G1 X182.334 Y106.88 E.06077
G1 X182.334 Y107.923 E.03964
G1 X183.466 Y109.054 E.06077
G1 X183.466 Y113.263 E.15989
G1 X182.334 Y114.394 E.06077
G1 X182.334 Y115.437 E.03964
G1 X183.466 Y116.568 E.06077
G1 X183.466 Y120.777 E.15989
G1 X182.334 Y121.908 E.06077
G1 X182.334 Y122.951 E.03964
G1 X183.466 Y124.082 E.06077
G1 X183.466 Y128.291 E.15989
G1 X182.334 Y129.422 E.06077
G1 X182.334 Y130.465 E.03964
G1 X183.466 Y131.596 E.06077
G1 X183.466 Y135.805 E.15989
G1 X182.334 Y136.936 E.06077
G1 X182.334 Y137.979 E.03964
G1 X183.466 Y139.111 E.06077
G1 X183.466 Y143.319 E.15989
G1 X182.334 Y144.45 E.06077
G1 X182.334 Y145.494 E.03964
G1 X187.031 Y150.191 E.25237
G1 X184.108 Y150.191 E.11107
G1 X206.026 Y128.273 E1.17762
G1 X206.026 Y131.614 E.12694
G1 X188.244 Y113.833 E.95538
G1 X188.244 Y115.998 E.08224
G1 X204.376 Y99.867 E.86672
G1 X204.376 Y99.908 E.00156
G1 X202.527 Y98.059 E.09931
G1 X200.933 Y98.059 E.06056
; WIPE_START
G1 X202.527 Y98.059 E-.60571
G1 X202.814 Y98.347 E-.15429
; WIPE_END
G1 E-.04 F1800
M204 S10000
G1 X204.695 Y105.744 Z50.52 F60000
G1 X205.919 Y110.559 Z50.52
G1 Z50.12
G1 E.8 F1800
G1 F11292.473
M204 S8000
G1 X207.513 Y110.559 E.06056
G1 X208.494 Y111.541 E.05271
G1 X207.73 Y111.541 E.02904
G1 X208.711 Y110.559 E.05271
G1 X210.305 Y110.559 E.06056
; WIPE_START
G1 X208.711 Y110.559 E-.60571
G1 X208.424 Y110.847 E-.15429
; WIPE_END
G1 E-.04 F1800
M204 S10000
G1 X210.21 Y111.682 Z50.52 F60000
G1 Z50.12
G1 E.8 F1800
; FEATURE: Gap infill
; LINE_WIDTH: 0.666044
G1 F7322.551
M204 S8000
G1 X210.21 Y114.832 E.18455
; WIPE_START
G1 X210.21 Y112.832 E-.76
; WIPE_END
G1 E-.04 F1800
M204 S10000
G17
G3 Z50.52 I-1.217 J-.017 P1  F60000
G1 X209.88 Y137.062 Z50.52
G1 Z50.12
G1 E.8 F1800
; FEATURE: Sparse infill
; LINE_WIDTH: 0.45
G1 F11292.473
M204 S8000
G1 X209.88 Y135.468 E.06056
G1 X207.221 Y132.809 E.14286
G1 X209.003 Y132.809 E.06772
G1 X188.244 Y153.568 E1.11537
G1 X188.244 Y151.404 E.08224
G1 X210.376 Y173.535 E1.1891
G1 X210.376 Y176.522 E.11349
G1 X206.244 Y180.653 E.22196
G1 X206.244 Y176.918 E.14191
G1 X210.376 Y181.049 E.22196
G1 X210.376 Y184.036 E.11349
G1 X206.244 Y188.167 E.22196
G1 X206.244 Y184.432 E.14191
G1 X210.376 Y188.563 E.22196
G1 X210.376 Y186.969 E.06056
; OBJECT_ID: 1901
; WIPE_START
G1 X210.376 Y188.563 E-.60572
G1 X210.088 Y188.276 E-.15429
; WIPE_END
G1 E-.04 F1800
; FEATURE: Other object
; stop printing object, unique label id: 1902
M625
; FEATURE: Other object
; start printing object, unique label id: 1901
M624 AQAAAAAAAAA=
M204 S10000
G1 X202.459 Y188.077 Z50.52 F60000
G1 X112.267 Y185.729 Z50.52
G1 Z50.12
G1 E.8 F1800
; FEATURE: Other object
; LINE_WIDTH: 0.62
G1 F7915.629
M204 S8000
G1 X112.261 Y185.603 E.00688
G1 X112.293 Y185.499 E.00588
G1 X112.355 Y185.409 E.00588
G1 X112.439 Y185.342 E.00588
G1 X112.54 Y185.302 E.00588
G1 X112.649 Y185.294 E.00588
G1 X112.779 Y184.688 E.03361
G1 X112.983 Y184.735 E.01138
G1 X113.239 Y184.882 E.016
G1 X113.44 Y185.099 E.016
G1 X113.568 Y185.364 E.016
G1 X113.612 Y185.656 E.016
G1 X113.568 Y185.948 E.016
G1 X113.44 Y186.215 E.01601
G1 X113.24 Y186.431 E.01601
G1 X112.984 Y186.579 E.01602
G1 X112.696 Y186.645 E.01602
G1 X112.401 Y186.623 E.01602
G1 X112.126 Y186.515 E.01602
G1 X111.895 Y186.331 E.01602
G1 X111.728 Y186.087 E.01602
G1 X111.641 Y185.804 E.01602
G1 X111.641 Y185.509 E.01602
G1 X111.729 Y185.227 E.01601
G1 X111.895 Y184.983 E.01601
G1 X112.126 Y184.799 E.01601
G1 X112.401 Y184.691 E.016
G1 X112.696 Y184.669 E.016
; WIPE_START
G1 X112.983 Y184.735 E-.11217
G1 X113.239 Y184.882 E-.11217
G1 X113.44 Y185.099 E-.11219
G1 X113.568 Y185.364 E-.11218
G1 X113.612 Y185.656 E-.1122
G1 X113.568 Y185.948 E-.11221
G1 X113.469 Y186.154 E-.08687
; WIPE_END
G1 E-.04 F1800
M204 S10000
G17
G3 Z50.52 I1.184 J-.281 P1  F60000
G1 X112.19 Y180.763 Z50.52
G1 Z50.12
G1 E.8 F1800
G1 F7915.629
M204 S8000
G1 X112.184 Y180.635 E.00691
G1 X112.217 Y180.532 E.00588
G1 X112.278 Y180.442 E.00588
G1 X112.362 Y180.375 E.00587
G1 X112.463 Y180.336 E.00586
G1 X112.571 Y180.327 E.00586
G1 X112.701 Y179.721 E.03361
G1 X112.905 Y179.768 E.01135
G1 X113.16 Y179.915 E.01598
G1 X113.362 Y180.131 E.01599
G1 X113.49 Y180.396 E.01601
G1 X113.535 Y180.688 E.01601
G1 X113.492 Y180.981 E.01603
G1 X113.364 Y181.248 E.01604
G1 X113.163 Y181.465 E.01604
G1 X112.907 Y181.613 E.01605
G1 X112.618 Y181.679 E.01604
G1 X112.323 Y181.657 E.01605
G1 X112.047 Y181.549 E.01604
G1 X111.816 Y181.364 E.01604
G1 X111.65 Y181.119 E.01603
G1 X111.564 Y180.836 E.01603
G1 X111.565 Y180.541 E.01602
G1 X111.652 Y180.259 E.016
G1 X111.819 Y180.015 E.01599
G1 X112.05 Y179.832 E.01598
G1 X112.324 Y179.724 E.01597
G1 X112.618 Y179.702 E.01596
; WIPE_START
G1 X112.905 Y179.768 E-.112
G1 X113.16 Y179.915 E-.11201
G1 X113.362 Y180.131 E-.11211
G1 X113.49 Y180.396 E-.11223
G1 X113.535 Y180.688 E-.11228
G1 X113.492 Y180.981 E-.11239
G1 X113.393 Y181.187 E-.08699
; WIPE_END
G1 E-.04 F1800
M204 S10000
G17
G3 Z50.52 I.123 J-1.211 P1  F60000
G1 X108.532 Y180.693 Z50.52
G1 Z50.12
G1 E.8 F1800
G1 F7915.629
M204 S8000
G1 X108.525 Y180.559 E.00729
G1 X108.557 Y180.457 E.00582
G1 X108.617 Y180.369 E.00577
G1 X108.7 Y180.302 E.00577
G1 X108.8 Y180.263 E.0058
G1 X108.908 Y180.255 E.00587
G1 X109.037 Y179.649 E.03361
G1 X109.242 Y179.695 E.0114
G1 X109.5 Y179.842 E.01609
G1 X109.704 Y180.059 E.01613
G1 X109.835 Y180.327 E.01616
G1 X109.881 Y180.622 E.01616
G1 X109.838 Y180.916 E.01614
G1 X109.71 Y181.185 E.01613
G1 X109.507 Y181.402 E.01612
G1 X109.253 Y181.547 E.01584
G1 X108.988 Y181.607 E.01474
G1 X108.657 Y181.586 E.01797
G1 X108.384 Y181.476 E.01595
G1 X108.154 Y181.287 E.01615
G1 X107.989 Y181.04 E.0161
G1 X107.904 Y180.757 E.01604
G1 X107.905 Y180.462 E.01596
G1 X107.993 Y180.182 E.0159
G1 X108.158 Y179.941 E.01586
G1 X108.388 Y179.759 E.01586
G1 X108.661 Y179.652 E.01589
G1 X108.954 Y179.63 E.01595
; WIPE_START
G1 X109.242 Y179.695 E-.11232
G1 X109.5 Y179.842 E-.11279
G1 X109.704 Y180.059 E-.11312
G1 X109.835 Y180.327 E-.11329
G1 X109.881 Y180.622 E-.11329
G1 X109.838 Y180.916 E-.11319
G1 X109.745 Y181.111 E-.08199
; WIPE_END
G1 E-.04 F1800
M204 S10000
G17
G3 Z50.52 I-.799 J-.918 P1  F60000
G1 X106.383 Y184.04 Z50.52
G1 Z50.12
G1 E.8 F1800
G1 F7915.629
M204 S8000
G1 X106.377 Y183.909 E.00708
G1 X106.409 Y183.807 E.00584
G1 X106.469 Y183.718 E.00582
G1 X106.553 Y183.651 E.00583
G1 X106.654 Y183.611 E.00585
G1 X106.762 Y183.603 E.00587
G1 X106.89 Y182.996 E.03361
G1 X107.095 Y183.042 E.01139
G1 X107.352 Y183.189 E.01604
G1 X107.555 Y183.406 E.01607
G1 X107.684 Y183.673 E.01608
G1 X107.73 Y183.966 E.01609
G1 X107.686 Y184.259 E.01609
G1 X107.558 Y184.527 E.01609
G1 X107.356 Y184.744 E.01608
G1 X107.098 Y184.892 E.01608
G1 X106.808 Y184.956 E.01609
G1 X106.512 Y184.932 E.01609
G1 X106.237 Y184.822 E.01608
G1 X106.007 Y184.636 E.01606
G1 X105.841 Y184.391 E.01603
G1 X105.756 Y184.109 E.01598
G1 X105.757 Y183.814 E.01596
G1 X105.844 Y183.534 E.01593
G1 X106.01 Y183.291 E.01591
G1 X106.24 Y183.108 E.01592
G1 X106.513 Y183 E.01594
G1 X106.807 Y182.978 E.01597
; WIPE_START
G1 X107.095 Y183.042 E-.11225
G1 X107.352 Y183.189 E-.11246
G1 X107.555 Y183.406 E-.11265
G1 X107.684 Y183.673 E-.11275
G1 X107.73 Y183.966 E-.11277
G1 X107.686 Y184.259 E-.11279
G1 X107.59 Y184.459 E-.08433
; WIPE_END
G1 E-.04 F1800
M204 S10000
G17
G3 Z50.52 I-.956 J-.753 P1  F60000
G1 X104.978 Y187.776 Z50.52
G1 Z50.12
G1 E.8 F1800
G1 F7915.629
M204 S8000
G1 X104.972 Y187.651 E.00679
G1 X105.004 Y187.546 E.00592
G1 X105.065 Y187.456 E.00589
G1 X105.15 Y187.388 E.00592
G1 X105.251 Y187.348 E.0059
G1 X105.36 Y187.34 E.0059
G1 X105.489 Y186.733 E.03361
G1 X105.695 Y186.78 E.01144
G1 X105.951 Y186.929 E.01606
G1 X106.152 Y187.146 E.01606
G1 X106.28 Y187.413 E.01606
G1 X106.323 Y187.706 E.01605
G1 X106.278 Y187.999 E.01604
G1 X106.149 Y188.265 E.01602
G1 X105.948 Y188.48 E.016
G1 X105.692 Y188.627 E.01598
G1 X105.405 Y188.692 E.01596
G1 X105.112 Y188.67 E.01595
G1 X104.838 Y188.563 E.01595
G1 X104.607 Y188.38 E.01595
G1 X104.441 Y188.137 E.01597
G1 X104.353 Y187.855 E.01599
G1 X104.352 Y187.56 E.01601
G1 X104.438 Y187.277 E.01603
G1 X104.604 Y187.031 E.01604
G1 X104.835 Y186.846 E.01606
G1 X105.11 Y186.737 E.01606
G1 X105.406 Y186.714 E.01606
; WIPE_START
G1 X105.695 Y186.78 E-.11259
G1 X105.951 Y186.929 E-.1126
G1 X106.152 Y187.146 E-.1126
G1 X106.28 Y187.413 E-.11257
G1 X106.323 Y187.706 E-.11253
G1 X106.278 Y187.999 E-.11243
G1 X106.181 Y188.199 E-.08468
; WIPE_END
G1 E-.04 F1800
M204 S10000
G17
G3 Z50.52 I-.488 J1.115 P1  F60000
G1 X109.595 Y189.695 Z50.52
G1 Z50.12
G1 E.8 F1800
G1 F7915.629
M204 S8000
G1 X109.944 Y189.51 E.0214
G1 X110.037 Y189.44 E.00632
G1 X110.182 Y189.382 E.00843
G1 X110.322 Y189.368 E.00767
G1 X110.435 Y188.759 E.03361
G1 X110.652 Y188.8 E.01198
G1 X110.912 Y188.937 E.01593
G1 X111.113 Y189.139 E.01542
G1 X111.241 Y189.39 E.01525
G1 X111.288 Y189.67 E.01542
G1 X111.248 Y189.961 E.01592
G1 X111.119 Y190.239 E.0166
G1 X110.91 Y190.479 E.01725
G1 X110.636 Y190.657 E.01771
G1 X110.568 Y190.678 E.00388
G1 X110.193 Y190.899 E.02356
G1 X109.86 Y190.989 E.01869
G1 X109.541 Y190.987 E.01732
G1 X109.239 Y190.897 E.01705
G1 X109.003 Y190.737 E.01548
G1 X108.835 Y190.519 E.01491
G1 X108.745 Y190.258 E.01495
G1 X108.74 Y189.97 E.01563
G1 X108.826 Y189.673 E.01673
G1 X109.003 Y189.394 E.01791
G1 X109.26 Y189.161 E.01882
G1 X109.613 Y188.983 E.02145
G1 X109.729 Y188.895 E.00787
G1 X110.034 Y188.774 E.01781
G1 X110.351 Y188.743 E.01727
; WIPE_START
G1 X110.652 Y188.8 E-.11638
G1 X110.912 Y188.937 E-.11168
G1 X111.113 Y189.139 E-.10814
G1 X111.241 Y189.39 E-.1069
G1 X111.288 Y189.67 E-.10813
G1 X111.248 Y189.961 E-.11165
G1 X111.141 Y190.193 E-.09712
; WIPE_END
G1 E-.04 F1800
M204 S10000
G17
G3 Z50.52 I-1.208 J-.15 P1  F60000
G1 X110.678 Y193.924 Z50.52
G1 Z50.12
G1 E.8 F1800
G1 F7915.629
M204 S8000
G1 X110.673 Y193.798 E.00684
G1 X110.704 Y193.694 E.00589
G1 X110.765 Y193.604 E.00589
G1 X110.85 Y193.536 E.00589
G1 X110.951 Y193.496 E.00589
G1 X111.06 Y193.488 E.00589
G1 X111.19 Y192.882 E.03361
G1 X111.395 Y192.929 E.01142
G1 X111.651 Y193.077 E.01604
G1 X111.852 Y193.294 E.01604
G1 X111.98 Y193.561 E.01603
G1 X112.024 Y193.853 E.01603
G1 X111.979 Y194.145 E.01602
G1 X111.85 Y194.411 E.01601
G1 X111.649 Y194.627 E.01599
G1 X111.394 Y194.774 E.01599
G1 X111.106 Y194.84 E.01598
G1 X110.812 Y194.818 E.01597
G1 X110.538 Y194.71 E.01598
G1 X110.307 Y194.527 E.01598
G1 X110.141 Y194.283 E.01599
G1 X110.053 Y194.001 E.016
G1 X110.052 Y193.706 E.01601
G1 X110.139 Y193.423 E.01602
G1 X110.305 Y193.178 E.01603
G1 X110.536 Y192.994 E.01604
G1 X110.811 Y192.885 E.01604
G1 X111.106 Y192.863 E.01604
; WIPE_START
G1 X111.395 Y192.929 E-.11246
G1 X111.651 Y193.077 E-.11246
G1 X111.852 Y193.294 E-.11245
G1 X111.98 Y193.561 E-.11242
G1 X112.024 Y193.853 E-.11236
G1 X111.979 Y194.145 E-.1123
G1 X111.881 Y194.348 E-.08555
; WIPE_END
G1 E-.04 F1800
M204 S10000
G17
G3 Z50.52 I-1.217 J.027 P1  F60000
G1 X111.964 Y198.112 Z50.52
G1 Z50.12
G1 E.8 F1800
G1 F7915.629
M204 S8000
G1 X111.958 Y197.986 E.00687
G1 X111.99 Y197.882 E.00588
G1 X112.051 Y197.792 E.00588
G1 X112.136 Y197.725 E.00588
G1 X112.237 Y197.685 E.00588
G1 X112.345 Y197.677 E.00588
G1 X112.476 Y197.071 E.03361
G1 X112.681 Y197.118 E.01139
G1 X112.936 Y197.265 E.01601
G1 X113.137 Y197.482 E.016
G1 X113.265 Y197.748 E.016
G1 X113.309 Y198.04 E.016
G1 X113.265 Y198.332 E.016
G1 X113.137 Y198.598 E.016
G1 X112.936 Y198.814 E.016
G1 X112.681 Y198.962 E.016
G1 X112.393 Y199.028 E.01601
G1 X112.098 Y199.006 E.01601
G1 X111.823 Y198.898 E.01601
G1 X111.592 Y198.714 E.01602
G1 X111.425 Y198.47 E.01601
G1 X111.338 Y198.188 E.01602
G1 X111.338 Y197.892 E.01602
G1 X111.425 Y197.61 E.01602
G1 X111.592 Y197.366 E.01602
G1 X111.823 Y197.182 E.01602
G1 X112.098 Y197.074 E.01601
G1 X112.393 Y197.052 E.01601
; WIPE_START
G1 X112.681 Y197.118 E-.11224
G1 X112.936 Y197.265 E-.11223
G1 X113.137 Y197.482 E-.11218
G1 X113.265 Y197.748 E-.11221
G1 X113.309 Y198.04 E-.11219
G1 X113.265 Y198.332 E-.11219
G1 X113.166 Y198.538 E-.08677
; WIPE_END
G1 E-.04 F1800
M204 S10000
G17
G3 Z50.52 I-.608 J-1.054 P1  F60000
G1 X108.264 Y201.363 Z50.52
G1 Z50.12
G1 E.8 F1800
G1 F7915.629
M204 S8000
G1 X108.258 Y201.237 E.00684
G1 X108.29 Y201.133 E.00589
G1 X108.352 Y201.043 E.00589
G1 X108.437 Y200.976 E.00589
G1 X108.538 Y200.936 E.00589
G1 X108.646 Y200.928 E.00588
G1 X108.777 Y200.322 E.03361
G1 X108.982 Y200.369 E.01138
G1 X109.237 Y200.517 E.01599
G1 X109.437 Y200.733 E.01598
G1 X109.565 Y200.999 E.01598
G1 X109.609 Y201.29 E.01598
G1 X109.566 Y201.582 E.01599
G1 X109.438 Y201.848 E.01599
G1 X109.237 Y202.065 E.016
G1 X108.982 Y202.213 E.01601
G1 X108.694 Y202.279 E.01602
G1 X108.399 Y202.258 E.01602
G1 X108.124 Y202.15 E.01603
G1 X107.892 Y201.966 E.01603
G1 X107.725 Y201.721 E.01604
G1 X107.638 Y201.439 E.01603
G1 X107.638 Y201.143 E.01604
G1 X107.726 Y200.86 E.01604
G1 X107.893 Y200.616 E.01603
G1 X108.124 Y200.432 E.01602
G1 X108.399 Y200.325 E.01602
G1 X108.694 Y200.303 E.016
; WIPE_START
G1 X108.982 Y200.369 E-.11217
G1 X109.237 Y200.517 E-.11209
G1 X109.437 Y200.733 E-.11206
G1 X109.565 Y200.999 E-.11203
G1 X109.609 Y201.29 E-.11204
G1 X109.566 Y201.582 E-.11209
G1 X109.466 Y201.79 E-.08751
; WIPE_END
G1 E-.04 F1800
M204 S10000
G17
G3 Z50.52 I.952 J-.758 P1  F60000
G1 X106.481 Y198.039 Z50.52
G1 Z50.12
G1 E.8 F1800
G1 F7915.629
M204 S8000
G1 X106.481 Y197.961 E.00421
G1 X106.529 Y197.807 E.00874
G1 X106.591 Y197.715 E.00599
G1 X106.676 Y197.648 E.00589
G1 X106.777 Y197.608 E.00589
G1 X106.886 Y197.6 E.00589
G1 X107.017 Y196.994 E.03361
G1 X107.222 Y197.042 E.01142
G1 X107.485 Y197.195 E.01647
G1 X107.716 Y197.419 E.01745
G1 X107.847 Y197.668 E.01522
G1 X107.892 Y197.938 E.01486
G1 X107.849 Y198.214 E.01514
G1 X107.716 Y198.48 E.01611
G1 X107.476 Y198.738 E.01911
G1 X107.221 Y198.886 E.01596
G1 X106.934 Y198.952 E.01598
G1 X106.64 Y198.93 E.01599
G1 X106.361 Y198.821 E.0162
G1 X106.123 Y198.641 E.0162
G1 X105.951 Y198.41 E.01561
G1 X105.862 Y198.148 E.015
G1 X105.86 Y197.869 E.01514
G1 X105.964 Y197.534 E.01902
G1 X106.131 Y197.289 E.01608
G1 X106.363 Y197.104 E.01605
G1 X106.639 Y196.997 E.01605
G1 X106.934 Y196.975 E.01604
; WIPE_START
G1 X107.222 Y197.042 E-.11245
G1 X107.485 Y197.195 E-.1155
G1 X107.716 Y197.419 E-.12235
G1 X107.847 Y197.668 E-.1067
G1 X107.892 Y197.938 E-.10416
G1 X107.849 Y198.214 E-.10618
G1 X107.74 Y198.432 E-.09266
; WIPE_END
G1 E-.04 F1800
M204 S10000
G17
G3 Z50.52 I1.077 J-.567 P1  F60000
G1 X105.322 Y193.842 Z50.52
G1 Z50.12
G1 E.8 F1800
G1 F7915.629
M204 S8000
G1 X105.317 Y193.714 E.00693
G1 X105.349 Y193.611 E.00587
G1 X105.41 Y193.521 E.00586
G1 X105.494 Y193.454 E.00587
G1 X105.595 Y193.414 E.00587
G1 X105.703 Y193.406 E.00587
G1 X105.832 Y192.8 E.03361
G1 X106.037 Y192.846 E.01139
G1 X106.293 Y192.993 E.01601
G1 X106.495 Y193.21 E.01602
G1 X106.623 Y193.476 E.01603
G1 X106.668 Y193.768 E.01603
G1 X106.624 Y194.061 E.01604
G1 X106.495 Y194.328 E.01604
G1 X106.294 Y194.544 E.01604
G1 X106.038 Y194.692 E.01604
G1 X105.749 Y194.757 E.01603
G1 X105.454 Y194.735 E.01603
G1 X105.179 Y194.626 E.01602
G1 X104.949 Y194.442 E.01601
G1 X104.783 Y194.197 E.01601
G1 X104.696 Y193.915 E.01599
G1 X104.697 Y193.62 E.01599
G1 X104.784 Y193.339 E.01598
G1 X104.95 Y193.095 E.01598
G1 X105.18 Y192.911 E.01598
G1 X105.455 Y192.803 E.01599
G1 X105.749 Y192.781 E.01599
; WIPE_START
G1 X106.037 Y192.846 E-.11223
G1 X106.293 Y192.993 E-.11228
G1 X106.495 Y193.21 E-.11234
G1 X106.623 Y193.476 E-.1124
G1 X106.668 Y193.768 E-.1124
G1 X106.624 Y194.061 E-.11246
G1 X106.526 Y194.265 E-.08589
; WIPE_END
G1 E-.04 F1800
M204 S10000
G17
G3 Z50.52 I-.359 J-1.163 P1  F60000
G1 X99.844 Y196.325 Z50.52
G1 Z50.12
G1 E.8 F1800
G1 F7915.629
M204 S8000
G1 X99.807 Y196.119 E.01136
G1 X99.6 Y195.856 E.01813
G1 X99.576 Y195.786 E.00398
G1 X99.576 Y195.703 E.00453
G1 X99.611 Y195.599 E.00593
G1 X99.692 Y195.485 E.00756
G1 X99.822 Y195.384 E.00894
G1 X99.981 Y195.317 E.00937
G1 X100.143 Y195.299 E.0088
G1 X100.249 Y194.689 E.03361
G1 X100.489 Y194.733 E.01324
G1 X100.768 Y194.872 E.01692
G1 X100.979 Y195.074 E.0158
G1 X101.11 Y195.318 E.01501
G1 X101.156 Y195.588 E.01485
G1 X101.114 Y195.868 E.01538
G1 X100.981 Y196.141 E.01642
G1 X100.761 Y196.381 E.01767
G1 X100.607 Y196.478 E.00986
G1 X100.516 Y196.766 E.01639
G1 X100.524 Y197.554 E.04271
G1 X100.668 Y197.711 E.01156
G1 X100.797 Y197.977 E.01601
G1 X100.839 Y198.259 E.01545
G1 X100.794 Y198.537 E.01525
G1 X100.666 Y198.79 E.01538
G1 X100.461 Y198.999 E.01583
G1 X100.286 Y199.094 E.01082
G1 X99.821 Y199.64 E.03887
G1 X99.722 Y199.846 E.01237
G1 X99.523 Y200.061 E.01588
G1 X99.28 Y200.196 E.01506
G1 X99.011 Y200.247 E.01483
G1 X98.731 Y200.21 E.01533
G1 X98.459 Y200.082 E.01629
G1 X98.219 Y199.868 E.01742
G1 X98.037 Y199.582 E.01841
G1 X97.933 Y199.247 E.019
G1 X97.921 Y198.894 E.01915
G1 X97.999 Y198.573 E.0179
G1 X98.118 Y198.351 E.01368
G1 X98.232 Y198.205 E.01002
G1 X98.897 Y197.656 E.04672
G1 X98.992 Y197.532 E.00848
G1 X99.382 Y197.26 E.02578
G1 X99.224 Y196.38 E.04844
G1 X99.048 Y196.156 E.01542
G1 X98.956 Y195.89 E.01526
G1 X98.956 Y195.602 E.01559
G1 X99.052 Y195.314 E.01644
G1 X99.239 Y195.052 E.01747
G1 X99.506 Y194.843 E.01836
G1 X99.826 Y194.711 E.01876
G1 X100.165 Y194.673 E.0185
; WIPE_START
G1 X100.489 Y194.733 E-.12523
G1 X100.768 Y194.872 E-.11864
G1 X100.979 Y195.074 E-.1108
G1 X101.11 Y195.318 E-.10524
G1 X101.156 Y195.588 E-.10411
G1 X101.114 Y195.868 E-.1078
G1 X101.012 Y196.077 E-.08819
; WIPE_END
G1 E-.04 F1800
M204 S10000
G17
G3 Z50.52 I1.149 J-.4 P1  F60000
G1 X98.839 Y189.825 Z50.52
G1 Z50.12
G1 E.8 F1800
G1 F7915.629
M204 S8000
G1 X98.833 Y189.638 E.01018
G1 X98.885 Y189.482 E.00886
G1 X98.981 Y189.342 E.00922
G1 X99.111 Y189.233 E.00921
G1 X99.252 Y189.17 E.00837
G1 X99.4 Y189.149 E.00808
G1 X99.488 Y188.536 E.03361
G1 X99.691 Y188.567 E.01112
G1 X99.947 Y188.691 E.01544
G1 X100.146 Y188.884 E.01498
G1 X100.276 Y189.13 E.01511
G1 X100.326 Y189.417 E.01578
G1 X100.271 Y189.856 E.02398
G1 X100.583 Y190.507 E.03913
G1 X100.744 Y190.79 E.01765
G1 X100.791 Y191.05 E.01432
G1 X100.746 Y191.319 E.01473
G1 X100.69 Y191.424 E.0065
G1 X100.582 Y191.6 E.01116
G1 X100.374 Y191.814 E.01618
G1 X100.114 Y191.953 E.01596
G1 X99.815 Y192.013 E.01653
G1 X99.503 Y191.983 E.017
G1 X99.207 Y191.859 E.01742
G1 X98.956 Y191.658 E.01743
G1 X98.777 Y191.401 E.01695
G1 X98.685 Y191.115 E.01631
G1 X98.685 Y190.816 E.01618
G1 X98.36 Y190.311 E.03254
G1 X98.259 Y190.052 E.01508
G1 X98.206 Y189.809 E.0135
G1 X98.217 Y189.526 E.01532
G1 X98.323 Y189.205 E.01836
G1 X98.517 Y188.922 E.01858
G1 X98.795 Y188.695 E.01946
G1 X99.08 Y188.567 E.01691
G1 X99.404 Y188.523 E.01773
; WIPE_START
G1 X99.691 Y188.567 E-.1104
G1 X99.947 Y188.691 E-.10826
G1 X100.146 Y188.884 E-.10506
G1 X100.276 Y189.13 E-.10596
G1 X100.326 Y189.417 E-.11063
G1 X100.271 Y189.856 E-.16811
G1 X100.33 Y189.979 E-.05159
; WIPE_END
G1 E-.04 F1800
M204 S10000
G17
G3 Z50.52 I1.191 J-.252 P1  F60000
G1 X99.115 Y184.241 Z50.52
G1 Z50.12
G1 E.8 F1800
G1 F7915.629
M204 S8000
G1 X99.098 Y184.088 E.00834
G1 X99.126 Y184.001 E.00496
G1 X99.181 Y183.925 E.00514
G1 X99.267 Y183.861 E.00576
G1 X99.38 Y183.822 E.00651
G1 X99.513 Y183.816 E.0072
G1 X99.656 Y183.212 E.03361
G1 X99.876 Y183.266 E.0123
G1 X100.141 Y183.421 E.01664
G1 X100.343 Y183.643 E.01627
G1 X100.471 Y183.909 E.01596
G1 X100.513 Y184.193 E.0156
G1 X100.469 Y184.476 E.01548
G1 X100.341 Y184.732 E.01554
G1 X100.14 Y184.944 E.01583
G1 X99.879 Y185.09 E.01621
G1 X99.583 Y185.156 E.01642
G1 X99.276 Y185.127 E.01675
G1 X98.985 Y185.011 E.01695
G1 X98.742 Y184.817 E.01685
G1 X98.568 Y184.566 E.01658
G1 X98.478 Y184.282 E.01613
G1 X98.478 Y183.991 E.01581
G1 X98.566 Y183.717 E.0156
G1 X98.736 Y183.483 E.01568
G1 X98.974 Y183.307 E.01605
G1 X99.262 Y183.207 E.0165
G1 X99.573 Y183.192 E.01689
; WIPE_START
G1 X99.876 Y183.266 E-.11865
G1 X100.141 Y183.421 E-.11666
G1 X100.343 Y183.643 E-.1141
G1 X100.471 Y183.909 E-.11193
G1 X100.513 Y184.193 E-.10936
G1 X100.469 Y184.476 E-.10853
G1 X100.374 Y184.666 E-.08077
; WIPE_END
G1 E-.04 F1800
M204 S10000
G17
G3 Z50.52 I1.185 J-.275 P1  F60000
G1 X99.364 Y180.319 Z50.52
G1 Z50.12
G1 E.8 F1800
G1 F7915.629
M204 S8000
G1 X99.398 Y180.176 E.00792
G1 X99.473 Y180.07 E.00707
G1 X99.586 Y179.981 E.00778
G1 X99.731 Y179.921 E.0085
G1 X99.867 Y179.907 E.00743
G1 X99.982 Y179.298 E.03361
G1 X100.205 Y179.343 E.01235
G1 X100.471 Y179.484 E.01636
G1 X100.675 Y179.689 E.01563
G1 X100.803 Y179.94 E.01526
G1 X100.849 Y180.217 E.01523
G1 X100.808 Y180.502 E.01561
G1 X100.679 Y180.772 E.01625
G1 X100.47 Y181.004 E.01687
G1 X100.195 Y181.168 E.01737
G1 X99.879 Y181.249 E.01772
G1 X99.554 Y181.241 E.01763
G1 X99.262 Y181.146 E.01664
G1 X99.008 Y180.971 E.01671
G1 X98.835 Y180.741 E.0156
G1 X98.744 Y180.471 E.01543
G1 X98.744 Y180.182 E.01569
G1 X98.837 Y179.896 E.01631
G1 X99.018 Y179.639 E.01702
G1 X99.269 Y179.441 E.01731
G1 X99.578 Y179.313 E.01812
G1 X99.898 Y179.281 E.01746
; WIPE_START
G1 X100.205 Y179.343 E-.11899
G1 X100.471 Y179.484 E-.11469
G1 X100.675 Y179.689 E-.10961
G1 X100.803 Y179.94 E-.10699
G1 X100.849 Y180.217 E-.1068
G1 X100.808 Y180.502 E-.10941
G1 X100.702 Y180.724 E-.09351
; WIPE_END
G1 E-.04 F1800
M204 S10000
G17
G3 Z50.52 I-1.197 J.219 P1  F60000
G1 X104.802 Y203.09 Z50.52
G1 Z50.12
G1 E.8 F1800
G1 F7915.629
M204 S8000
G1 X104.797 Y202.963 E.00691
G1 X104.829 Y202.859 E.00587
G1 X104.89 Y202.77 E.00587
G1 X104.974 Y202.702 E.00587
G1 X105.075 Y202.662 E.00587
G1 X105.183 Y202.654 E.00587
G1 X105.313 Y202.048 E.03361
G1 X105.517 Y202.094 E.01139
G1 X105.773 Y202.242 E.01601
G1 X105.975 Y202.458 E.01602
G1 X106.103 Y202.724 E.01602
G1 X106.148 Y203.017 E.01603
G1 X106.104 Y203.309 E.01603
G1 X105.975 Y203.575 E.01603
G1 X105.774 Y203.792 E.01603
G1 X105.518 Y203.94 E.01603
G1 X105.229 Y204.005 E.01603
G1 X104.935 Y203.983 E.01602
G1 X104.66 Y203.875 E.01602
G1 X104.429 Y203.69 E.01601
G1 X104.263 Y203.446 E.016
G1 X104.177 Y203.164 E.016
G1 X104.177 Y202.869 E.01599
G1 X104.264 Y202.587 E.01599
G1 X104.43 Y202.343 E.01599
G1 X104.661 Y202.159 E.01599
G1 X104.935 Y202.051 E.01599
G1 X105.229 Y202.029 E.016
; WIPE_START
G1 X105.517 Y202.094 E-.11224
G1 X105.773 Y202.242 E-.11222
G1 X105.975 Y202.458 E-.11231
G1 X106.103 Y202.724 E-.11233
G1 X106.148 Y203.017 E-.11239
G1 X106.104 Y203.309 E-.11237
G1 X106.005 Y203.513 E-.08614
; WIPE_END
G1 E-.04 F1800
M204 S10000
G17
G3 Z50.52 I-1.207 J-.158 P1  F60000
G1 X105.524 Y207.18 Z50.52
G1 Z50.12
G1 E.8 F1800
G1 F7915.629
M204 S8000
G1 X105.519 Y207.057 E.00665
G1 X105.551 Y206.952 E.00596
G1 X105.612 Y206.861 E.00596
G1 X105.698 Y206.792 E.00595
G1 X105.799 Y206.751 E.00593
G1 X105.908 Y206.743 E.0059
G1 X106.036 Y206.136 E.03361
G1 X106.242 Y206.183 E.01147
G1 X106.5 Y206.331 E.0161
G1 X106.701 Y206.549 E.0161
G1 X106.829 Y206.818 E.0161
G1 X106.871 Y207.112 E.0161
G1 X106.825 Y207.405 E.01609
G1 X106.696 Y207.671 E.01606
G1 X106.494 Y207.887 E.01602
G1 X106.238 Y208.034 E.01598
G1 X105.951 Y208.099 E.01593
G1 X105.658 Y208.077 E.01591
G1 X105.385 Y207.97 E.0159
G1 X105.156 Y207.787 E.0159
G1 X104.989 Y207.545 E.01594
G1 X104.901 Y207.264 E.01598
G1 X104.899 Y206.968 E.01603
G1 X104.984 Y206.684 E.01607
G1 X105.15 Y206.438 E.01609
G1 X105.381 Y206.251 E.0161
G1 X105.657 Y206.14 E.0161
G1 X105.953 Y206.117 E.0161
; WIPE_START
G1 X106.242 Y206.183 E-.11281
G1 X106.5 Y206.331 E-.11285
G1 X106.701 Y206.549 E-.11285
G1 X106.829 Y206.818 E-.11289
G1 X106.871 Y207.112 E-.11289
G1 X106.825 Y207.405 E-.11279
G1 X106.73 Y207.601 E-.08292
; WIPE_END
G1 E-.04 F1800
M204 S10000
G17
G3 Z50.52 I-.092 J1.213 P1  F60000
G1 X110.823 Y207.911 Z50.52
G1 Z50.12
G1 E.8 F1800
G1 F7915.629
M204 S8000
G1 X110.818 Y207.785 E.00686
G1 X110.85 Y207.681 E.00588
G1 X110.911 Y207.591 E.00589
G1 X110.995 Y207.524 E.00588
G1 X111.096 Y207.484 E.00589
G1 X111.205 Y207.476 E.00589
G1 X111.334 Y206.869 E.03361
G1 X111.54 Y206.916 E.01141
G1 X111.796 Y207.064 E.01603
G1 X111.997 Y207.281 E.01603
G1 X112.125 Y207.547 E.01603
G1 X112.169 Y207.84 E.01603
G1 X112.124 Y208.132 E.01602
G1 X111.996 Y208.398 E.01601
G1 X111.795 Y208.614 E.01601
G1 X111.539 Y208.762 E.016
G1 X111.251 Y208.827 E.016
G1 X110.957 Y208.805 E.01599
G1 X110.682 Y208.697 E.01599
G1 X110.452 Y208.513 E.01599
G1 X110.285 Y208.269 E.01599
G1 X110.198 Y207.988 E.016
G1 X110.198 Y207.692 E.016
G1 X110.284 Y207.41 E.01601
G1 X110.45 Y207.166 E.01602
G1 X110.681 Y206.981 E.01602
G1 X110.956 Y206.873 E.01603
G1 X111.251 Y206.85 E.01603
; WIPE_START
G1 X111.54 Y206.916 E-.11239
G1 X111.796 Y207.064 E-.1124
G1 X111.997 Y207.281 E-.11238
G1 X112.125 Y207.547 E-.11236
G1 X112.169 Y207.84 E-.11237
G1 X112.124 Y208.132 E-.11231
G1 X112.026 Y208.335 E-.0858
; WIPE_END
G1 E-.04 F1800
M204 S10000
G17
G3 Z50.52 I1.179 J-.3 P1  F60000
G1 X110.919 Y203.99 Z50.52
G1 Z50.12
G1 E.8 F1800
G1 F7915.629
M204 S8000
G1 X110.914 Y203.864 E.00685
G1 X110.946 Y203.76 E.00589
G1 X111.007 Y203.67 E.00589
G1 X111.092 Y203.602 E.00588
G1 X111.193 Y203.563 E.00589
G1 X111.301 Y203.555 E.00588
G1 X111.432 Y202.949 E.03361
G1 X111.637 Y202.996 E.01139
G1 X111.893 Y203.144 E.016
G1 X112.093 Y203.36 E.01599
G1 X112.221 Y203.626 E.01599
G1 X112.265 Y203.918 E.01599
G1 X112.221 Y204.21 E.01599
G1 X112.093 Y204.475 E.01599
G1 X111.893 Y204.692 E.01599
G1 X111.637 Y204.84 E.016
G1 X111.349 Y204.906 E.01601
G1 X111.055 Y204.884 E.01601
G1 X110.779 Y204.777 E.01602
G1 X110.548 Y204.592 E.01602
G1 X110.381 Y204.348 E.01603
G1 X110.294 Y204.066 E.01603
G1 X110.294 Y203.77 E.01603
G1 X110.381 Y203.487 E.01603
G1 X110.548 Y203.243 E.01603
G1 X110.779 Y203.059 E.01602
G1 X111.054 Y202.951 E.01602
G1 X111.349 Y202.93 E.01601
; WIPE_START
G1 X111.637 Y202.996 E-.11225
G1 X111.893 Y203.144 E-.11219
G1 X112.093 Y203.36 E-.11213
G1 X112.221 Y203.626 E-.11211
G1 X112.265 Y203.918 E-.11211
G1 X112.221 Y204.21 E-.1121
G1 X112.122 Y204.416 E-.08711
; WIPE_END
G1 E-.04 F1800
M204 S10000
G17
G3 Z50.52 I-1.216 J-.047 P1  F60000
G1 X111.713 Y214.992 Z50.52
G1 Z50.12
G1 E.8 F1800
G1 F7915.629
M204 S8000
G1 X111.715 Y214.635 E.01936
G1 X111.766 Y214.448 E.01049
G1 X111.858 Y214.304 E.00928
G1 X111.967 Y214.205 E.00795
G1 X112.062 Y214.161 E.00568
G1 X112.136 Y214.153 E.00405
G1 X112.249 Y213.543 E.03362
G1 X112.43 Y213.581 E.01
G1 X112.671 Y213.725 E.01524
G1 X112.87 Y213.948 E.01618
G1 X113.005 Y214.236 E.01722
G1 X113.058 Y214.611 E.02057
G1 X113.019 Y214.911 E.0164
G1 X112.885 Y215.233 E.01888
G1 X112.68 Y215.5 E.01825
G1 X112.35 Y215.741 E.02214
G1 X111.978 Y216.382 E.04016
G1 X111.912 Y216.778 E.02175
G1 X111.772 Y217.055 E.01685
G1 X111.559 Y217.281 E.01682
G1 X111.292 Y217.434 E.01666
G1 X110.994 Y217.502 E.01656
G1 X110.69 Y217.487 E.0165
G1 X110.355 Y217.395 E.01883
G1 X110.098 Y217.228 E.01663
G1 X109.921 Y217.01 E.01523
G1 X109.83 Y216.758 E.01451
G1 X109.827 Y216.519 E.01297
G1 X109.919 Y216.204 E.01775
G1 X110.111 Y215.932 E.01806
G1 X110.424 Y215.658 E.02257
G1 X110.708 Y215.533 E.01679
G1 X111.094 Y214.831 E.04344
G1 X111.096 Y214.551 E.01516
G1 X111.192 Y214.196 E.01994
G1 X111.379 Y213.9 E.01897
G1 X111.621 Y213.682 E.01765
G1 X111.891 Y213.557 E.01611
G1 X112.166 Y213.525 E.015
; WIPE_START
G1 X112.43 Y213.581 E-.10249
G1 X112.671 Y213.725 E-.10686
G1 X112.87 Y213.948 E-.11346
G1 X113.005 Y214.236 E-.12076
G1 X113.058 Y214.611 E-.14421
G1 X113.019 Y214.911 E-.11498
G1 X112.961 Y215.05 E-.05723
; WIPE_END
G1 E-.04 F1800
M204 S10000
G17
G3 Z50.52 I.019 J-1.217 P1  F60000
G1 X105.26 Y214.929 Z50.52
G1 Z50.12
G1 E.8 F1800
G1 F7915.629
M204 S8000
G1 X105.144 Y214.768 E.01079
G1 X105.104 Y214.619 E.00834
G1 X105.108 Y214.495 E.00674
G1 X105.139 Y214.402 E.0053
G1 X105.185 Y214.339 E.00426
G1 X105.247 Y214.295 E.0041
G1 X105.336 Y214.268 E.00505
G1 X105.331 Y213.648 E.03361
G1 X105.55 Y213.65 E.01188
G1 X105.992 Y213.787 E.02508
G1 X106.164 Y213.71 E.01018
G1 X106.464 Y213.669 E.01644
G1 X106.749 Y213.716 E.01564
G1 X106.997 Y213.844 E.01516
G1 X107.194 Y214.042 E.01513
G1 X107.324 Y214.298 E.01556
G1 X107.375 Y214.596 E.01636
G1 X107.338 Y214.91 E.01716
G1 X107.208 Y215.211 E.01777
G1 X106.993 Y215.467 E.01813
G1 X106.719 Y215.654 E.01797
G1 X106.417 Y215.752 E.0172
G1 X106.116 Y215.756 E.01632
G1 X105.996 Y215.718 E.00681
G1 X105.619 Y215.752 E.02051
G1 X105.298 Y215.685 E.01779
G1 X104.994 Y215.527 E.01859
G1 X104.738 Y215.291 E.01884
G1 X104.566 Y215.007 E.01799
G1 X104.482 Y214.692 E.0177
G1 X104.49 Y214.386 E.0166
G1 X104.582 Y214.112 E.01564
G1 X104.746 Y213.89 E.015
G1 X104.972 Y213.731 E.01494
G1 X105.246 Y213.647 E.01555
; WIPE_START
G1 X105.55 Y213.65 E-.11567
G1 X105.992 Y213.787 E-.17585
G1 X106.164 Y213.71 E-.07136
G1 X106.464 Y213.669 E-.11523
G1 X106.749 Y213.716 E-.10968
G1 X106.997 Y213.844 E-.10627
G1 X107.12 Y213.967 E-.06592
; WIPE_END
G1 E-.04 F1800
M204 S10000
G17
G3 Z50.52 I-.607 J-1.055 P1  F60000
G1 X101.157 Y217.401 Z50.52
G1 Z50.12
G1 E.8 F1800
G1 F7915.629
M204 S8000
G1 X101.052 Y217.298 E.00795
G1 X100.969 Y217.15 E.00921
G1 X100.928 Y216.989 E.00901
G1 X100.933 Y216.837 E.00822
G1 X100.973 Y216.712 E.00713
G1 X101.034 Y216.622 E.0059
G1 X101.107 Y216.564 E.00505
G1 X101.188 Y216.535 E.00463
G1 X101.277 Y216.531 E.00487
G1 X101.427 Y215.929 E.03361
G1 X101.626 Y215.982 E.01117
G1 X101.888 Y216.147 E.01674
G1 X102.103 Y216.391 E.01763
G1 X102.25 Y216.699 E.01849
G1 X102.309 Y217.043 E.0189
G1 X102.29 Y217.227 E.01007
G1 X102.424 Y217.438 E.01351
G1 X102.946 Y217.95 E.03963
G1 X103.373 Y218.08 E.02421
G1 X103.645 Y218.257 E.01757
G1 X103.855 Y218.501 E.01746
G1 X103.988 Y218.774 E.01646
G1 X104.036 Y219.045 E.01493
G1 X103.991 Y219.318 E.015
G1 X103.841 Y219.606 E.01756
G1 X103.642 Y219.809 E.01543
G1 X103.386 Y219.945 E.01569
G1 X103.091 Y220.002 E.0163
G1 X102.78 Y219.97 E.01697
G1 X102.478 Y219.849 E.01762
G1 X102.218 Y219.646 E.01788
G1 X102.026 Y219.38 E.01781
G1 X101.926 Y219.089 E.01667
G1 X101.907 Y218.687 E.02179
G1 X101.298 Y218.115 E.04531
G1 X101.134 Y218.085 E.00901
G1 X100.792 Y217.913 E.02076
G1 X100.555 Y217.678 E.01808
G1 X100.388 Y217.382 E.01844
G1 X100.306 Y217.056 E.0182
G1 X100.316 Y216.732 E.01757
G1 X100.41 Y216.437 E.01681
G1 X100.577 Y216.193 E.016
G1 X100.8 Y216.017 E.01542
G1 X101.062 Y215.92 E.01516
G1 X101.345 Y215.907 E.01534
; WIPE_START
G1 X101.626 Y215.982 E-.11072
G1 X101.888 Y216.147 E-.11738
G1 X102.103 Y216.391 E-.12358
G1 X102.25 Y216.699 E-.12965
G1 X102.309 Y217.043 E-.13248
G1 X102.29 Y217.227 E-.0706
G1 X102.397 Y217.395 E-.07558
; WIPE_END
G1 E-.04 F1800
M204 S10000
G17
G3 Z50.52 I1.061 J-.596 P1  F60000
G1 X99.207 Y211.714 Z50.52
G1 Z50.12
G1 E.8 F1800
G1 F7915.629
M204 S8000
G1 X99.233 Y211.612 E.00571
G1 X99.285 Y211.543 E.00468
G1 X99.37 Y211.483 E.00564
G1 X99.488 Y211.446 E.00671
G1 X99.647 Y211.444 E.00862
G1 X99.804 Y210.844 E.0336
G1 X100.029 Y210.903 E.01262
G1 X100.305 Y211.069 E.01743
G1 X100.513 Y211.302 E.01691
G1 X100.642 Y211.573 E.01631
G1 X100.683 Y211.859 E.01562
G1 X100.637 Y212.137 E.01527
G1 X100.509 Y212.387 E.01524
G1 X100.306 Y212.591 E.01562
G1 X100.04 Y212.732 E.01628
G1 X99.734 Y212.793 E.01691
G1 X99.415 Y212.76 E.01739
G1 X99.114 Y212.635 E.01771
G1 X98.86 Y212.431 E.01764
G1 X98.679 Y212.172 E.01712
G1 X98.587 Y211.883 E.01642
G1 X98.587 Y211.592 E.01581
G1 X98.676 Y211.321 E.01546
G1 X98.849 Y211.091 E.01555
G1 X99.092 Y210.921 E.01611
G1 X99.388 Y210.827 E.01681
G1 X99.722 Y210.823 E.01809
; WIPE_START
G1 X100.029 Y210.903 E-.12089
G1 X100.305 Y211.069 E-.12222
G1 X100.513 Y211.302 E-.11853
G1 X100.642 Y211.573 E-.11437
G1 X100.683 Y211.859 E-.10949
G1 X100.637 Y212.137 E-.10704
G1 X100.556 Y212.295 E-.06746
; WIPE_END
G1 E-.04 F1800
M204 S10000
G17
G3 Z50.52 I1.176 J-.313 P1  F60000
G1 X99.539 Y208.477 Z50.52
G1 Z50.12
G1 E.8 F1800
G1 F7915.629
M204 S8000
G1 X99.518 Y208.412 E.00368
G1 X99.518 Y208.324 E.00475
G1 X99.544 Y208.247 E.00446
G1 X99.599 Y208.173 E.00497
G1 X99.692 Y208.108 E.00614
G1 X99.821 Y208.066 E.00737
G1 X99.973 Y208.061 E.00825
G1 X100.122 Y207.459 E.0336
G1 X100.356 Y207.517 E.01309
G1 X100.631 Y207.681 E.01731
G1 X100.839 Y207.91 E.0168
G1 X100.968 Y208.178 E.01612
G1 X101.01 Y208.461 E.0155
G1 X100.965 Y208.738 E.01521
G1 X100.836 Y208.989 E.0153
G1 X100.632 Y209.196 E.01575
G1 X100.364 Y209.34 E.0165
G1 X100.055 Y209.404 E.01706
G1 X99.733 Y209.372 E.01757
G1 X99.428 Y209.249 E.01783
G1 X99.172 Y209.05 E.01759
G1 X99.139 Y209.004 E.00303
G1 X98.991 Y208.795 E.0139
G1 X98.898 Y208.511 E.0162
G1 X98.898 Y208.223 E.01561
G1 X98.988 Y207.953 E.01542
G1 X99.163 Y207.722 E.01573
G1 X99.411 Y207.548 E.01642
G1 X99.712 Y207.449 E.01717
G1 X100.039 Y207.439 E.01772
; WIPE_START
G1 X100.356 Y207.517 E-.12416
G1 X100.631 Y207.681 E-.12139
G1 X100.839 Y207.91 E-.11781
G1 X100.968 Y208.178 E-.113
G1 X101.01 Y208.461 E-.10864
G1 X100.965 Y208.738 E-.10661
G1 X100.883 Y208.898 E-.06838
; WIPE_END
G1 E-.04 F1800
M204 S10000
G17
G3 Z50.52 I1.135 J-.438 P1  F60000
G1 X99.325 Y204.858 Z50.52
G1 Z50.12
G1 E.8 F1800
G1 F7915.629
M204 S8000
G1 X99.402 Y204.735 E.00785
G1 X99.507 Y204.652 E.00726
G1 X99.621 Y204.606 E.00663
G1 X99.82 Y204.596 E.01082
G1 X99.917 Y203.984 E.0336
G1 X100.142 Y204.019 E.01235
G1 X100.449 Y204.158 E.01827
G1 X100.675 Y204.356 E.01626
G1 X100.811 Y204.593 E.01479
G1 X100.859 Y204.852 E.0143
G1 X100.815 Y205.125 E.01497
G1 X100.674 Y205.396 E.01654
G1 X100.438 Y205.639 E.01838
G1 X100.302 Y205.729 E.00885
G1 X100.089 Y205.852 E.01332
G1 X99.782 Y205.928 E.01714
G1 X99.469 Y205.915 E.01701
G1 X99.179 Y205.815 E.0166
G1 X98.939 Y205.64 E.01611
G1 X98.768 Y205.407 E.01568
G1 X98.679 Y205.134 E.01555
G1 X98.679 Y204.843 E.01578
G1 X98.77 Y204.558 E.01619
G1 X98.946 Y204.306 E.01665
G1 X99.192 Y204.111 E.01704
G1 X99.48 Y203.994 E.01686
G1 X99.833 Y203.971 E.01914
; WIPE_START
G1 X100.142 Y204.019 E-.11901
G1 X100.449 Y204.158 E-.12812
G1 X100.675 Y204.356 E-.11399
G1 X100.811 Y204.593 E-.10369
G1 X100.859 Y204.852 E-.10028
G1 X100.815 Y205.125 E-.10495
G1 X100.706 Y205.335 E-.08996
; WIPE_END
G1 E-.04 F1800
M204 S10000
G17
G3 Z50.52 I-1.216 J-.054 P1  F60000
G1 X99.986 Y221.449 Z50.52
G1 Z50.12
G1 E.8 F1800
G1 F7915.629
M204 S8000
G1 X100.012 Y221.338 E.00623
G1 X100.102 Y221.216 E.00816
G1 X100.244 Y221.084 E.01054
G1 X100.369 Y221.021 E.00757
G1 X100.52 Y220.997 E.00826
G1 X100.596 Y220.382 E.03361
G1 X100.701 Y220.396 E.00575
G1 X100.816 Y220.42 E.00634
G1 X101.079 Y220.564 E.01629
G1 X101.274 Y220.775 E.01557
G1 X101.398 Y221.045 E.01607
G1 X101.437 Y221.36 E.0172
G1 X101.38 Y221.684 E.01783
G1 X101.234 Y221.98 E.0179
G1 X101.174 Y222.045 E.0048
G1 X101.139 Y222.124 E.00465
G1 X100.929 Y222.372 E.01761
G1 X100.684 Y222.528 E.01572
G1 X100.422 Y222.59 E.01461
G1 X100.156 Y222.562 E.01452
G1 X99.899 Y222.443 E.01537
G1 X99.668 Y222.232 E.01692
G1 X99.452 Y221.881 E.02237
G1 X99.364 Y221.594 E.01627
G1 X99.367 Y221.312 E.01527
G1 X99.456 Y221.048 E.01509
G1 X99.637 Y220.802 E.0166
G1 X99.888 Y220.569 E.01852
G1 X100.176 Y220.424 E.01751
G1 X100.511 Y220.37 E.0184
; WIPE_START
G1 X100.701 Y220.396 E-.07271
G1 X100.816 Y220.42 E-.04446
G1 X101.079 Y220.564 E-.11422
G1 X101.274 Y220.775 E-.10913
G1 X101.398 Y221.045 E-.1127
G1 X101.437 Y221.36 E-.12057
G1 X101.38 Y221.684 E-.12502
G1 X101.309 Y221.828 E-.06119
; WIPE_END
G1 E-.04 F1800
M204 S10000
G17
G3 Z50.52 I-.228 J1.195 P1  F60000
G1 X106.441 Y222.807 Z50.52
G1 Z50.12
G1 E.8 F1800
G1 F7915.629
M204 S8000
G1 X106.47 Y222.703 E.00583
G1 X106.55 Y222.574 E.00825
G1 X106.673 Y222.461 E.00905
G1 X106.822 Y222.385 E.00909
G1 X106.982 Y222.354 E.00884
G1 X107.036 Y221.736 E.0336
G1 X107.187 Y221.75 E.00824
G1 X107.291 Y221.768 E.00572
G1 X107.576 Y221.908 E.01719
G1 X107.777 Y222.112 E.01553
G1 X107.901 Y222.369 E.01546
G1 X107.94 Y222.668 E.01633
G1 X107.882 Y222.991 E.01779
G1 X107.728 Y223.293 E.01837
G1 X107.493 Y223.543 E.01857
G1 X107.21 Y223.714 E.01797
G1 X106.89 Y223.802 E.01796
G1 X106.583 Y223.796 E.01663
G1 X106.302 Y223.703 E.01603
G1 X106.073 Y223.538 E.01535
G1 X105.908 Y223.313 E.01511
G1 X105.818 Y223.044 E.01538
G1 X105.813 Y222.749 E.01595
G1 X105.897 Y222.451 E.01681
G1 X106.068 Y222.175 E.0176
G1 X106.316 Y221.947 E.01824
G1 X106.619 Y221.793 E.01842
G1 X106.951 Y221.729 E.01834
; WIPE_START
G1 X107.187 Y221.75 E-.09017
G1 X107.291 Y221.768 E-.04007
G1 X107.576 Y221.908 E-.12051
G1 X107.777 Y222.112 E-.10889
G1 X107.901 Y222.369 E-.10839
G1 X107.94 Y222.668 E-.11447
G1 X107.882 Y222.991 E-.12474
G1 X107.819 Y223.115 E-.05276
; WIPE_END
G1 E-.04 F1800
M204 S10000
G17
G3 Z50.52 I.945 J.767 P1  F60000
G1 X109.182 Y221.435 Z50.52
G1 Z50.12
G1 E.8 F1800
G1 F7915.629
M204 S8000
G1 X109.13 Y221.353 E.00527
G1 X109.096 Y221.231 E.00686
G1 X109.098 Y221.124 E.00581
G1 X109.126 Y221.038 E.00489
G1 X109.177 Y220.969 E.00468
G1 X109.254 Y220.913 E.00512
G1 X109.358 Y220.878 E.00598
G1 X109.485 Y220.873 E.00686
G1 X109.633 Y220.271 E.03361
G1 X109.857 Y220.328 E.01252
G1 X110.119 Y220.481 E.01646
G1 X110.296 Y220.482 E.00957
G1 X110.645 Y220.574 E.01956
G1 X110.938 Y220.742 E.01832
G1 X111.155 Y220.968 E.01695
G1 X111.287 Y221.228 E.01582
G1 X111.331 Y221.503 E.01508
G1 X111.286 Y221.773 E.01487
G1 X111.154 Y222.024 E.01535
G1 X110.941 Y222.235 E.01625
G1 X110.653 Y222.385 E.01758
G1 X110.313 Y222.457 E.01888
G1 X109.943 Y222.437 E.02009
G1 X109.58 Y222.32 E.02063
G1 X109.507 Y222.272 E.00472
G1 X109.27 Y222.236 E.013
G1 X108.973 Y222.096 E.0178
G1 X108.73 Y221.88 E.01765
G1 X108.558 Y221.608 E.01742
G1 X108.474 Y221.312 E.01669
G1 X108.479 Y221.018 E.01593
G1 X108.569 Y220.75 E.01534
G1 X108.735 Y220.524 E.01517
G1 X108.965 Y220.356 E.01545
G1 X109.245 Y220.261 E.016
G1 X109.551 Y220.25 E.0166
; COOLING_NODE: 0
; WIPE_START
G1 X109.857 Y220.328 E-.12016
G1 X110.119 Y220.481 E-.11541
G1 X110.296 Y220.482 E-.06709
G1 X110.645 Y220.574 E-.13714
G1 X110.938 Y220.742 E-.12845
G1 X111.155 Y220.968 E-.11884
G1 X111.242 Y221.139 E-.0729
; WIPE_END
G1 E-.04 F1800
M204 S10000
G17
G3 Z50.52 I1.111 J.498 P1  F60000
G1 X121.794 Y197.593 Z50.52
G1 Z50.12
G1 E.8 F1800
; FEATURE: Other object
; LINE_WIDTH: 0.45
G1 F11292.473
M204 S8000
G1 X122.607 Y197.593 E.03089
G1 X122.607 Y201.593 E.15197
G1 X125.994 Y201.593 E.12868
G1 X125.994 Y190.493 E.42172
G1 X130.807 Y190.493 E.18286
G1 X130.807 Y213.257 E.86483
G1 X125.994 Y213.257 E.18286
G1 X125.994 Y211.407 E.07029
G1 X122.607 Y211.407 E.12868
G1 X122.607 Y212.157 E.02849
G1 X121.794 Y212.157 E.03089
G1 X121.794 Y197.653 E.55101
; COOLING_NODE: 0
; WIPE_START
G1 X122.607 Y197.593 E-.30979
G1 X122.607 Y198.778 E-.45021
; WIPE_END
G1 E-.04 F1800
M204 S10000
G1 X120.943 Y191.329 Z50.52 F60000
G1 X102.807 Y110.093 Z50.52
G1 Z50.12
G1 E.8 F1800
G1 F11292.473
M204 S8000
G1 X119.993 Y110.093 E.65298
G1 X119.994 Y97.973 E.46048
G1 X120.038 Y97.654 E.01225
G1 X120.093 Y97.483 E.00681
G1 X120.239 Y97.208 E.01182
G1 X120.446 Y96.967 E.01208
G1 X120.728 Y96.766 E.01315
G1 X121.082 Y96.629 E.01444
G1 X121.641 Y96.792 E.0221
G1 X122.845 Y97.269 E.04921
G1 X123.31 Y97.408 E.01843
G1 X123.818 Y97.485 E.01954
G1 X124.383 Y97.441 E.02154
G1 X125.054 Y97.154 E.02771
G1 X125.381 Y96.593 E.02464
G1 X125.619 Y96.593 E.00907
G1 X125.792 Y96.742 E.00866
G1 X126.275 Y97.257 E.02681
G1 X126.812 Y97.54 E.02306
G1 X127.305 Y97.692 E.01961
G1 X127.783 Y97.768 E.01838
G1 X128.255 Y97.785 E.01796
G1 X128.729 Y97.744 E.01807
G1 X129.212 Y97.638 E.01877
G1 X129.717 Y97.441 E.02061
G1 X130.277 Y97.062 E.02568
G1 X130.569 Y96.593 E.02098
G1 X130.824 Y96.593 E.00969
G1 X131.133 Y96.852 E.01528
G1 X131.734 Y97.088 E.02456
G1 X132.307 Y97.074 E.02178
G1 X132.78 Y96.977 E.01835
G1 X133.586 Y96.749 E.0318
G1 X133.87 Y96.686 E.01105
G1 X134.053 Y96.756 E.00747
G1 X134.189 Y96.837 E.00599
G1 X134.428 Y97.042 E.01196
G1 X134.511 Y97.14 E.00489
G1 X134.67 Y97.401 E.01159
G1 X134.752 Y97.619 E.00887
G1 X134.797 Y97.859 E.00925
G1 X134.811 Y99.843 E.07541
G1 X140.807 Y99.843 E.2278
G1 X140.807 Y101.656 E.06888
G1 X134.807 Y101.656 E.22796
G1 X134.807 Y111.906 E.38942
G1 X124.807 Y111.906 E.37993
G1 X124.807 Y112.056 E.0057
G1 X124.311 Y112.056 E.01884
G1 X124.311 Y130.743 E.70997
G1 X124.807 Y130.743 E.01884
G1 X124.807 Y171.807 E1.56009
G1 X124.311 Y171.807 E.01884
G1 X124.311 Y189.907 E.68767
G1 X119.994 Y189.907 E.16402
G1 X119.994 Y176.907 E.4939
G1 X98.284 Y176.907 E.82479
G1 X98.293 Y170.093 E.25885
G1 X101.993 Y170.093 E.1406
G1 X101.993 Y147.273 E.86699
G1 X119.993 Y147.273 E.68387
G1 X119.993 Y111.906 E1.34368
G1 X100.993 Y111.906 E.72186
G1 X100.993 Y99.843 E.45831
G1 X102.807 Y99.843 E.06888
G1 X102.807 Y110.033 E.38714
; COOLING_NODE: 0
M204 S250
G1 X103.19 Y109.71 F60000
; FEATURE: Other object
; LINE_WIDTH: 0.42
G1 F12000
M204 S5000
G1 X119.61 Y109.71 E.57687
G1 X119.611 Y97.958 E.41287
G1 X119.666 Y97.559 E.01417
G1 X119.807 Y97.184 E.01405
G1 X119.921 Y96.992 E.00787
G1 X120.059 Y96.815 E.00787
G1 X120.355 Y96.547 E.01404
G1 X120.544 Y96.428 E.00783
G1 X120.746 Y96.334 E.00783
G1 X121.097 Y96.238 E.0128
G1 X121.769 Y96.431 E.02457
G1 X122.971 Y96.906 E.04539
G1 X123.394 Y97.033 E.01551
G1 X123.832 Y97.099 E.01558
G1 X124.291 Y97.064 E.01615
G1 X124.786 Y96.851 E.01895
G1 X125.16 Y96.21 E.02608
G1 X125.762 Y96.21 E.02113
G1 X126.058 Y96.465 E.01372
G1 X126.511 Y96.947 E.02325
G1 X126.959 Y97.184 E.01781
G1 X127.392 Y97.318 E.01592
G1 X127.82 Y97.386 E.01521
G1 X128.245 Y97.401 E.01496
G1 X128.671 Y97.364 E.01503
G1 X129.101 Y97.27 E.01544
G1 X129.538 Y97.1 E.01649
G1 X129.994 Y96.79 E.01938
G1 X130.356 Y96.21 E.02402
G1 X130.964 Y96.21 E.02133
G1 X131.331 Y96.518 E.01684
G1 X131.802 Y96.703 E.01779
G1 X132.264 Y96.692 E.01621
G1 X132.69 Y96.605 E.01527
G1 X133.491 Y96.377 E.02928
G1 X133.899 Y96.286 E.01468
G1 X134.221 Y96.41 E.01211
G1 X134.55 Y96.628 E.01387
G1 X134.823 Y96.915 E.01393
G1 X135.016 Y97.232 E.01302
G1 X135.122 Y97.515 E.01063
G1 X135.18 Y97.821 E.01094
G1 X135.191 Y99.46 E.05757
G1 X141.19 Y99.46 E.21074
G1 X141.19 Y102.04 E.09064
G1 X135.19 Y102.04 E.21079
G1 X135.19 Y112.29 E.36011
G1 X125.19 Y112.29 E.35132
G1 X125.19 Y112.44 E.00527
G1 X124.694 Y112.44 E.01742
G1 X124.694 Y130.36 E.62957
G1 X125.19 Y130.36 E.01742
G1 X125.19 Y172.19 E1.46959
G1 X124.694 Y172.19 E.01742
G1 X124.694 Y190.11 E.62957
G1 X131.19 Y190.11 E.22821
G1 X131.19 Y213.64 E.82667
G1 X125.61 Y213.64 E.19604
G1 X125.61 Y211.79 E.06499
G1 X122.99 Y211.79 E.09205
G1 X122.99 Y212.54 E.02635
G1 X121.41 Y212.54 E.05551
G1 X121.41 Y197.21 E.53858
G1 X122.99 Y197.21 E.05551
G1 X122.99 Y201.21 E.14053
G1 X125.61 Y201.21 E.09205
G1 X125.61 Y190.29 E.38365
G1 X119.61 Y190.29 E.21079
G1 X119.61 Y177.29 E.45672
G1 X97.9 Y177.29 E.76272
G1 X97.91 Y169.71 E.2663
G1 X101.61 Y169.71 E.13
G1 X101.61 Y146.89 E.80172
G1 X119.61 Y146.89 E.63238
G1 X119.61 Y112.29 E1.21558
G1 X100.61 Y112.29 E.66752
G1 X100.61 Y99.46 E.45075
G1 X103.19 Y99.46 E.09064
G1 X103.19 Y109.65 E.358
; WIPE_START
M204 S8000
G1 X105.19 Y109.657 E-.76
; WIPE_END
G1 E-.04 F1800
M204 S10000
G1 X105.956 Y110.434 Z50.52 F60000
G1 Z50.12
G1 E.8 F1800
; FEATURE: Other object
; LINE_WIDTH: 0.45
G1 F11292.473
M204 S8000
G1 X107.55 Y110.434 E.06056
G1 X108.681 Y111.566 E.06077
G1 X107.867 Y111.566 E.03094
G1 X108.998 Y110.434 E.06077
G1 X115.064 Y110.434 E.23047
G1 X116.195 Y111.566 E.06077
G1 X115.381 Y111.566 E.03094
G1 X116.512 Y110.434 E.06077
G1 X118.106 Y110.434 E.06056
; WIPE_START
G1 X116.512 Y110.434 E-.60572
G1 X116.225 Y110.722 E-.15429
; WIPE_END
G1 E-.04 F1800
M204 S10000
G1 X123.824 Y111.428 Z50.52 F60000
G1 X125.303 Y111.566 Z50.52
G1 Z50.12
G1 E.8 F1800
G1 F11292.473
M204 S8000
G1 X124.466 Y111.566 E.03182
G1 X124.466 Y111.716 E.0057
G1 X123.97 Y111.716 E.01884
G1 X123.97 Y111.826 E.0042
G1 X120.335 Y108.191 E.19532
G1 X120.335 Y106.612 E.06
G1 X128.889 Y98.058 E.4596
G1 X129.311 Y97.966 E.01641
G1 X129.877 Y97.745 E.02309
G1 X130.528 Y97.304 E.02989
G1 X130.738 Y96.966 E.01511
G1 X130.956 Y97.149 E.0108
G1 X131.674 Y97.431 E.02928
G1 X132.106 Y97.42 E.01645
G1 X134.469 Y99.783 E.12695
G1 X134.47 Y99.86 E.00294
G1 X134.386 Y99.944 E.0045
G1 X134.386 Y100.074 E.00495
G1 X120.334 Y114.126 E.75498
G1 X120.334 Y115.705 E.05999
G1 X123.97 Y119.34 E.19532
G1 X123.97 Y118.005 E.05073
G1 X120.334 Y121.64 E.19532
G1 X120.334 Y123.219 E.05999
G1 X123.97 Y126.854 E.19532
M73 P84 R33
G1 X123.97 Y125.519 E.05074
G1 X120.334 Y129.154 E.19532
G1 X120.334 Y130.733 E.05999
G1 X124.466 Y134.864 E.22196
G1 X124.466 Y132.537 E.08841
G1 X120.334 Y136.668 E.22196
G1 X120.334 Y138.247 E.05999
G1 X124.466 Y142.378 E.22196
G1 X124.466 Y140.051 E.08841
G1 X120.334 Y144.182 E.22196
G1 X120.334 Y145.761 E.05999
G1 X124.466 Y149.892 E.22196
G1 X124.466 Y147.565 E.08841
G1 X102.334 Y169.696 E1.1891
G1 X102.334 Y170.434 E.02804
G1 X101.596 Y170.434 E.02804
G1 X98.63 Y173.401 E.15941
G1 X98.633 Y170.434 E.11272
G1 X99.923 Y170.434 E.049
G1 X106.054 Y176.566 E.32942
G1 X102.979 Y176.566 E.11682
G1 X124.466 Y155.079 E1.15445
G1 X124.466 Y157.406 E.08841
G1 X114.674 Y147.614 E.52612
G1 X116.902 Y147.614 E.08468
G1 X102.334 Y162.182 E.78273
G1 X102.334 Y165.332 E.11965
G1 X113.568 Y176.566 E.60359
G1 X110.494 Y176.566 E.11682
G1 X124.466 Y162.594 E.75072
G1 X124.466 Y164.921 E.08841
G1 X107.159 Y147.614 E.92985
G1 X109.388 Y147.614 E.08468
G1 X102.334 Y154.668 E.379
G1 X102.334 Y157.818 E.11965
G1 X123.97 Y179.453 E1.16246
G1 X123.97 Y178.118 E.05074
G1 X120.334 Y181.753 E.19532
G1 X120.334 Y183.332 E.05999
G1 X123.97 Y186.967 E.19532
G1 X123.97 Y185.632 E.05074
G1 X120.334 Y189.267 E.19532
G1 X120.334 Y189.566 E.01135
G1 X121.63 Y189.566 E.04921
; WIPE_START
G1 X120.334 Y189.566 E-.49222
G1 X120.334 Y189.267 E-.11349
G1 X120.622 Y188.98 E-.15429
; WIPE_END
G1 E-.04 F1800
M204 S10000
G1 X126.334 Y190.926 Z50.52 F60000
G1 Z50.12
G1 E.8 F1800
G1 F11292.473
M204 S8000
G1 X126.334 Y190.834 E.00347
G1 X127.837 Y190.834 E.05709
G1 X130.466 Y193.463 E.14122
G1 X130.466 Y194.164 E.02664
G1 X126.334 Y198.295 E.22196
G1 X126.334 Y196.846 E.05506
G1 X130.466 Y200.977 E.22196
G1 X130.466 Y201.678 E.02664
G1 X126.887 Y205.257 E.19229
G1 X126.887 Y204.912 E.01309
G1 X130.466 Y208.491 E.19229
G1 X130.466 Y209.192 E.02664
G1 X126.887 Y212.771 E.19229
G1 X126.887 Y212.426 E.01309
G1 X127.376 Y212.916 E.02629
G1 X128.97 Y212.916 E.06056
; WIPE_START
G1 X127.376 Y212.916 E-.60571
G1 X127.089 Y212.628 E-.15429
; WIPE_END
G1 E-.04 F1800
M204 S10000
G1 X126.63 Y205.01 Z50.52 F60000
G1 X126.438 Y201.836 Z50.52
G1 Z50.12
G1 E.8 F1800
; FEATURE: Other object
; LINE_WIDTH: 0.546444
G1 F9092.026
M204 S8000
G1 X126.44 Y199.78 E.09702
; WIPE_START
G1 X126.438 Y201.78 E-.76
; WIPE_END
G1 E-.04 F1800
M204 S10000
G1 X126.438 Y201.836 Z50.52 F60000
G1 Z50.12
G1 E.8 F1800
; LINE_WIDTH: 0.528453
G1 F9434.985
M204 S8000
G1 X126.356 Y201.883 E.00429
; LINE_WIDTH: 0.485069
G1 F10379.067
G1 X126.275 Y201.93 E.0039
; LINE_WIDTH: 0.421034
G1 F12000
G1 X126.193 Y201.977 E.00333
G1 X122.817 Y201.977 E.11894
G1 X122.729 Y202.149 E.0068
G1 X122.177 Y202.176 E.01947
G1 X122.177 Y210.793 E.30357
G1 X122.2 Y211.207 E.01463
G1 X122.407 Y211.023 E.00977
G1 X126.193 Y211.023 E.13337
; LINE_WIDTH: 0.441063
G1 F11551.545
G1 X126.275 Y211.084 E.00382
; LINE_WIDTH: 0.483199
G1 F10424.027
G1 X126.358 Y211.146 E.00423
; LINE_WIDTH: 0.525336
G1 F9497.044
G1 X126.44 Y211.207 E.00465
G1 X126.461 Y211.042 E.00751
; LINE_WIDTH: 0.483199
G1 F10424.027
G1 X126.482 Y210.877 E.00684
; LINE_WIDTH: 0.420402
G1 F12000
G1 X126.503 Y210.712 E.00585
G1 X126.503 Y202.288 E.2963
; LINE_WIDTH: 0.441686
G1 F11533.09
G1 X126.485 Y202.157 E.00492
; LINE_WIDTH: 0.485069
G1 F10379.067
G1 X126.466 Y202.026 E.00546
; LINE_WIDTH: 0.528453
G1 F9434.985
G1 X126.447 Y201.895 E.00601
M204 S10000
G1 X126.135 Y202.345 F60000
; LINE_WIDTH: 0.419994
G1 F12000
M204 S8000
G1 X122.988 Y202.345 E.11057
G1 X122.922 Y202.463 E.00472
G1 X122.545 Y202.545 E.01354
G1 X122.545 Y210.655 E.28492
G1 X126.135 Y210.655 E.1261
G1 X126.135 Y202.405 E.28981
M204 S10000
G1 X125.766 Y202.714 F60000
G1 F12000
M204 S8000
G1 X123.15 Y202.714 E.09192
G1 X123.115 Y202.777 E.00252
G1 X122.914 Y202.833 E.00734
G1 X122.914 Y210.286 E.26182
G1 X125.766 Y210.286 E.10021
G1 X125.766 Y202.774 E.26391
M204 S10000
G1 X125.398 Y203.082 F60000
G1 F12000
M204 S8000
G1 X123.313 Y203.082 E.07326
G1 X123.282 Y203.136 E.00217
G1 X123.282 Y209.918 E.23824
G1 X125.398 Y209.918 E.07432
G1 X125.398 Y203.142 E.23802
M204 S10000
G1 X125.029 Y203.451 F60000
G1 F12000
M204 S8000
G1 X123.651 Y203.451 E.04843
G1 X123.651 Y209.549 E.21424
G1 X125.029 Y209.549 E.04843
G1 X125.029 Y203.511 E.21213
M204 S10000
G1 X124.593 Y203.888 F60000
; LINE_WIDTH: 0.556504
G1 F8910.891
M204 S8000
G1 X124.088 Y203.888 E.02432
G1 X124.088 Y209.112 E.25155
G1 X124.593 Y209.112 E.02432
G1 X124.593 Y203.948 E.24866
; WIPE_START
G1 X124.593 Y205.948 E-.76
; WIPE_END
G1 E-.04 F1800
M204 S10000
G1 X122.2 Y211.75 Z50.52 F60000
G1 Z50.12
G1 E.8 F1800
; LINE_WIDTH: 0.466044
G1 F10855.407
M204 S8000
G1 X122.2 Y211.267 E.01908
; WIPE_START
G1 X122.2 Y211.75 E-.76
; WIPE_END
G1 E-.04 F1800
M204 S10000
G1 X126.44 Y212.81 Z50.52 F60000
G1 Z50.12
G1 E.8 F1800
; LINE_WIDTH: 0.546404
G1 F9092.747
M204 S8000
G1 X126.44 Y211.267 E.07278
; WIPE_START
G1 X126.44 Y212.81 E-.76
; WIPE_END
G1 E-.04 F1800
M204 S10000
G1 X123.699 Y205.687 Z50.52 F60000
G1 X122.2 Y201.793 Z50.52
G1 Z50.12
G1 E.8 F1800
; FEATURE: Other object
; LINE_WIDTH: 0.466044
G1 F10855.407
M204 S8000
G1 X122.2 Y197.793 E.15809
; WIPE_START
G1 X122.2 Y199.793 E-.76
; WIPE_END
G1 E-.04 F1800
M204 S10000
G1 X121.351 Y192.208 Z50.52 F60000
G1 X119.602 Y176.566 Z50.52
G1 Z50.12
G1 E.8 F1800
; FEATURE: Other object
; LINE_WIDTH: 0.45
G1 F11292.473
M204 S8000
G1 X118.008 Y176.566 E.06056
G1 X124.466 Y170.108 E.34698
G1 X124.466 Y171.466 E.05159
G1 X123.97 Y171.466 E.01884
G1 X123.97 Y171.939 E.01798
G1 X102.334 Y150.304 E1.16246
G1 X102.334 Y148.71 E.06056
; WIPE_START
G1 X102.334 Y150.304 E-.60571
G1 X102.622 Y150.591 E-.15429
; WIPE_END
G1 E-.04 F1800
M204 S10000
G1 X102.598 Y142.958 Z50.52 F60000
G1 X102.466 Y100.344 Z50.52
G1 Z50.12
G1 E.8 F1800
G1 F11292.473
M204 S8000
G1 X102.466 Y101.938 E.06056
G1 X101.334 Y103.07 E.06077
G1 X101.334 Y104.219 E.04367
G1 X102.466 Y105.35 E.06077
G1 X102.466 Y109.453 E.15587
G1 X101.334 Y110.584 E.06077
G1 X101.334 Y111.566 E.0373
G1 X101.947 Y111.566 E.02326
; WIPE_START
G1 X101.334 Y111.566 E-.23261
G1 X101.334 Y110.584 E-.3731
G1 X101.622 Y110.297 E-.15429
; WIPE_END
G1 E-.04 F1800
M204 S10000
G1 X108.362 Y106.716 Z50.52 F60000
G1 X125.928 Y97.385 Z50.52
G1 Z50.12
G1 E.8 F1800
G1 F11292.473
M204 S8000
G1 X125.548 Y96.982 E.02103
G1 X125.292 Y97.423 E.01937
G1 X124.804 Y97.632 E.02016
G1 X134.466 Y107.294 E.51912
G1 X134.466 Y107.509 E.00818
G1 X130.409 Y111.566 E.21796
G1 X131.223 Y111.566 E.03094
G1 X120.335 Y100.677 E.58503
G1 X120.335 Y99.097 E.06003
G1 X122.094 Y97.338 E.09451
G1 X121.53 Y97.115 E.02305
G1 X121.097 Y96.988 E.01712
G1 X120.891 Y97.068 E.0084
G1 X120.643 Y97.261 E.01195
; WIPE_START
G1 X120.891 Y97.068 E-.11948
G1 X121.097 Y96.988 E-.08401
G1 X121.53 Y97.115 E-.17121
G1 X122.094 Y97.338 E-.23055
G1 X121.806 Y97.626 E-.15476
; WIPE_END
G1 E-.04 F1800
M204 S10000
G1 X129.333 Y98.889 Z50.52 F60000
G1 X140.423 Y100.75 Z50.52
G1 Z50.12
G1 E.8 F1800
; FEATURE: Other object
; LINE_WIDTH: 0.419994
G1 F12000
M204 S8000
G1 X140.423 Y100.227 E.01838
G1 X134.769 Y100.227 E.19862
G1 X134.77 Y101.273 E.03675
G1 X140.423 Y101.273 E.19862
G1 X140.423 Y100.81 E.01627
M204 S10000
G1 X140.069 Y100.75 F60000
; LINE_WIDTH: 0.390284
G1 F12000
M204 S8000
G1 X140.069 Y100.581 E.00547
G1 X135.123 Y100.581 E.15976
G1 X135.123 Y100.919 E.01094
G1 X140.069 Y100.919 E.15976
G1 X140.069 Y100.81 E.00353
; CHANGE_LAYER
