DBRep_DrawableShape

CASCADE Topology V3, (c) Open Cascade
Locations 32
1
             -1               0               0            82.1 
              0              -1               0             -51 
              0               0               1           79.76 
1
              1               0               0               0 
              0               1               0               0 
              0               0               1               0 
2  1 1 2 1 0
1
              1              -0               0              -0 
              0               1               0              -0 
             -0               0               1              26 
2  4 -1 0
2  2 -1 1 -1 4 -1 0
2  2 -1 1 -1 0
1
              1              -0               0              -0 
              0               1               0              -0 
             -0               0               1               0 
2  2 -1 1 -1 8 -1 0
1
              1              -0               0              -0 
              0               1               0              -0 
             -0               0               1              25 
1
              1              -0               0              -0 
              0               1               0              -0 
             -0               0               1              25 
2  8 -1 0
1
              1              -0               0              -0 
              0               1               0              -0 
             -0               0               1               0 
1
              1              -0               0              -0 
              0               1               0              -0 
             -0               0               1               0 
2  2 -1 1 -1 14 -1 0
1
              1              -0               0              -0 
              0               1               0              -0 
             -0               0               1               0 
2  2 -1 1 -1 16 -1 0
2  14 -1 0
1
              1              -0               0              -0 
              0               1               0              -0 
             -0               0               1            54.8 
2  2 -1 1 -1 19 -1 0
1
              1              -0               0              -0 
              0               1               0              -0 
             -0               0               1               0 
2  2 -1 1 -1 21 -1 0
1
              1              -0               0              -0 
              0               1               0              -0 
             -0               0               1               0 
2  2 -1 1 -1 23 -1 0
2  21 -1 0
2  23 -1 0
1
              1              -0               0              -0 
              0               1               0              -0 
             -0               0               1               0 
2  27 -1 0
2  2 -1 1 -1 27 -1 0
1
              1              -0               0              -0 
              0               1               0              -0 
             -0               0               1               0 
2  30 -1 0
2  2 -1 1 -1 30 -1 0
Curve2ds 244
1 0 0 0 1 
1 0 0 0 1 
1 -4.7123889803846897 1.8999999999999986 1 0 
1 -1.5707963267948966 1.8999999999999986 1 0 
1 6.2831853071795862 2.8999999999999986 -1 0 
1 0 2.8999999999999986 1 0 
1 0 2.8999999999999986 1 0 
1 6.2831853071795862 2.8999999999999986 -1 0 
1 -4.7123889803846897 1.8999999999999986 1 0 
1 -1.5707963267948966 1.8999999999999986 1 0 
1 0 0 1 0 
1 0 0 1 0 
1 0 0 1 0 
1 0 0 1 0 
1 -4.7123889803846897 0 1 0 
1 1.5707963267948966 0 0 1 
1 -1.5707963267948966 0 1 0 
1 1.5707963267948966 0 0 1 
1 0 1 1 0 
1 6.2831853071795862 1 -1 0 
1 -1.5707963267948966 0 1 0 
1 -4.7123889803846897 0 1 0 
1 0 1 1 0 
1 6.2831853071795862 1 -1 0 
1 0 0 0 1 
1 0 0 0 1 
1 1.5707963267948966 0 0 1 
1 1.5707963267948966 0 0 1 
1 1.5707963267948966 0 0 1 
1 1.5707963267948966 0 0 1 
1 0 0 0 1 
1 0 0 0 1 
1 1.5707963267948966 0 0 1 
1 1.5707963267948966 0 0 1 
1 0 0 0 1 
1 0 0 0 1 
1 0 0 0 -1 
1 6.2831853071795862 0 0 -1 
1 0 -1.6500000000000057 1 0 
1 0 0 1 0 
1 0 0 0 -1 
1 6.2831853071795862 0 0 -1 
1 0 -1.6500000000000057 1 0 
1 0 0 1 0 
1 0 0 0 1 
1 -4.7123889803846897 17.199999999999999 1 0 
1 0 18.199999999999999 1 0 
1 2.347661423472192 0 0 1 
7 0 0  5 18 5  2.347661423472192 0  2.347661423472192 0.078705809669671056  2.3472417418190066 0.15742508913107406  2.3464022795299635 0.23579964255110433  2.3451629815129262 0.31358395468356093  2.3418933005900326 0.47013062385271254  2.3398371606123605 0.54885392676852296  2.3374209952718985 0.62652204156132485  2.3346873227094513 0.70307803533768454  2.3284212702365092 0.86008994065960709  2.3248423354476522 0.94036039320895382  2.3209883906366531 1.0194047674795328  2.3169060589136712 1.09734790558325  2.3081533260633118 1.2552261676198717  2.3034643872121974 1.3350588431474251  2.2986150399017511 1.414103317159259  2.2936486294370879 1.4925880213236129  2.2886081881829861 1.5707963267948966 
 0 6 0.23127462807138088 4 0.47038689467015038 4 0.72879422885681355 4 1 6
1 -4.7123889803846897 0 1 0 
1 0 1 1 0 
1 3.9124093360668568 0 0 1 
7 0 0  5 18 5  3.9124093360668568 0  3.9124093360668568 0.078973896236495408  3.9128127888082052 0.15796030692108126  3.9136197785892244 0.23662929669431038  3.9148120961730108 0.31475406346630369  3.9179629640990892 0.47219397505326899  3.919947142961048 0.55147183770877795  3.9222813388394679 0.6297664681906372  3.9249254660636792 0.70702210953176847  3.9309402355456262 0.86426860079289392  3.9343460328836133 0.94412609866922492  3.9380133852587305 1.0228689442040817  3.9418987397534697 1.1006097372119015  3.9501944324000133 1.2575710586910622  3.954619263845133 1.3367142094574367  3.959194809671581 1.4151522760013779  3.9638798620758084 1.4930936118994078  3.9686329886884852 1.5707963267948966 
 0 6 0.23366850521408303 4 0.47549213118124345 4 0.73250212373485279 4 1 6
1 0 0 0 1 
1 0 0 0 -1 
1 6.2831853071795862 0 0 -1 
1 0 -1.6500000000000057 1 0 
1 0 0 1 0 
1 -4.7123889803846897 0 1 0 
7 0 0  5 18 5  5.512368624702523 0  5.512368624702523 0.078973896240191119  5.5119651719611369 0.15796030692847388  5.5111581821800417 0.23662929670535091  5.509965864596146 0.31475406348092799  5.5068149966698563 0.47219397507140165  5.5048308178078251 0.55147183772694341  5.5024966219293407 0.62976646820877491  5.499852494705066 0.70702210954989531  5.493837725223 0.8642686008109548  5.490431927884952 0.94412609868737163  5.4867645755097865 1.0228689442220942  5.4828792210149953 1.1006097372299972  5.4745835283685649 1.257571058705389  5.4701586969236242 1.3367142094680924  5.4655831510973787 1.415152276008401  5.4608980986933542 1.4930936119029456  5.4561449720808941 1.5707963267948966 
 0 6 0.233668505225058 4 0.47549213119278216 4 0.73250212374693402 4 1 6
1 5.5123686247025221 0 0 1 
1 6.2831853071795862 1 -1 0 
1 0 0 0 1 
1 0 0 0 1 
1 -4.7123889803846897 17.199999999999999 1 0 
7 0 0  5 18 5  7.0771165372971874 0  7.0771165372971874 0.07870580967228713  7.0775362189504021 0.15742508913632453  7.0783756812394989 0.23579964255893229  7.0796149792566183 0.31358395469392414  7.0828846601796682 0.47013062386555743  7.0849408001573924 0.54885392678139033  7.0873569654979036 0.62652204157414892  7.0900906380603965 0.70307803535052549  7.0963566905334279 0.86008994067239541  7.0999356253223311 0.94036039322178477  7.1037895701333662 1.0194047674922879  7.1078719018563872 1.0973479055960624  7.1166246347066595 1.2552261676299474  7.1213135735576492 1.3350588431550465  7.1261629208679391 1.4141033171641602  7.1311293313324535 1.4925880213261196  7.1361697725863937 1.5707963267948966 
 0 6 0.23127462807911256 4 0.47038689467834727 4 0.72879422886550893 4 1 6
1 7.0771165372971874 0 0 1 
1 6.2831853071795862 18.199999999999999 -1 0 
1 0 0 0 -1 
1 6.2831853071795862 0 0 -1 
1 0 -1.6500000000000057 1 0 
1 0 0 1 0 
1 6.2831853071795862 0 0 1 
1 0 0 0 1 
1 0 1.5707963267948966 1 0 
1 6.2831853071795862 0 0 1 
1 0 0 0 1 
1 0 1.5707963267948966 1 0 
1 1.5707963267948966 0 0 1 
1 7.3475045061064987 1.5707963267948966 -1 -0 
1 1.5707963267948966 0 0 1 
1 0 1.5707963267948966 1 0 
1 1.5707963267948966 0 0 1 
1 7.2584829024276054 0 -1 -0 
1 1.5707963267948966 0 0 1 
1 2.1601938548833459 1.5707963267948966 1 0 
1 7.2584829024276054 -0.94999999999999574 -1 -0 
1 7.2584829024276054 0 -1 -0 
1 2.1662950583417744 0 0 1 
7 0 0  6 22 5  2.1662950583417744 0  2.1662950583417744 0.076902498668924651  2.1657369938660724 0.15383860418979611  2.1646200309439467 0.23016987813094941  2.1629771714767765 0.30547626229512825  2.16085671175302 0.37943788249314381  2.1567147970348604 0.49738604392142749  2.1549467639753161 0.54235009548753121  2.1530239683939931 0.58667067327038558  2.1509594365341518 0.6303332050531697  2.1487655118090596 0.67334009054218436  2.1423106206236642 0.79160254249117523  2.1377892403215388 0.86541958028996113  2.1329500532478716 0.93729314798543018  2.1278450305715912 1.0073778331445091  2.1225157850158163 1.0758586607949241  2.1108412115135606 1.217691336386012  2.1044516678366123 1.2906837721878255  2.0978668608397135 1.3622365183964382  2.0911227515619313 1.4326028946252671  2.0842496018068384 1.5020299982866254  2.0772734546628802 1.5707963267948966 
 0 7 0.24914168071518564 5 0.4060161270592948 5 0.6870397278872602 5 1 7
1 6.2831853071795862 0 0 1 
1 0 0 0 1 
1 0 1.5707963267948966 1 0 
7 0 0  6 22 5  7.2584829024276054 0  7.2584829024276054 0.076902498667621222  7.2590409669032852 0.15383860418715611  7.2601579298253798 0.23016987812708151  7.2618007892924883 0.30547626228998104  7.26392124901618 0.37943788248686205  7.2680631637342339 0.49738604391403668  7.2698311967937528 0.54235009548010471  7.2717539923750509 0.58667067326297817  7.2738185242348692 0.63033320504578583  7.2760124489599383 0.67334009053477573  7.2824673401452733 0.79160254248379902  7.2869887204473578 0.86541958028256449  7.2918279075209931 0.93729314797805774  7.2969329301972428 1.0073778331371541  7.3022621757529826 1.0758586607875318  7.3139367492552925 1.2176913363800015  7.3203262929323305 1.2906837721830839  7.3269110999293332 1.3622365183929526  7.3336552092072234 1.4326028946229912  7.3405283589624251 1.5020299982854795  7.3475045061064987 1.5707963267948966 
 0 7 0.24914168071085754 5 0.40601612705466705 5 0.68703972788206769 5 1 7
1 7.2584829024276054 0 0 1 
1 6.2831853071795862 0 0 1 
1 0 0 0 1 
1 0 1.5707963267948966 1 0 
7 0 0  5 18 5  7.207850088828752 0  7.207850088828752 0.078146832454971935  7.2082502091714282 0.15630708058353024  7.209050623342625 0.23408445950218465  7.2102300454739803 0.31119850108820141  7.2133410559485736 0.46658056280021926  7.2153003913265916 0.54479323149307757  7.2175983790742242 0.62183369808970879  7.2201912274916964 0.69764411722616448  7.2261901127167834 0.8547698302608745  7.2296529769870608 0.93581314557579387  7.2333759761055507 1.0154602074206394  7.2373113597264584 1.0938616365524223  7.2457571468068993 1.252924361763387  7.2502867136930487 1.3334564756846634  7.2549619532305716 1.4130961785163374  7.2597412070549527 1.4921040275720561  7.2645841058860334 1.5707963267948966 
 0 6 0.22725358956665331 4 0.46332156460127649 4 0.72438956624246864 4 1 6
1 7.207850088828752 0 0 1 
7 0 0  5 18 5  7.207850088828752 0  7.207850088828752 0.078146832454976362  7.2082502091714282 0.15630708058352369  7.209050623342625 0.23408445950218715  7.2102300454739803 0.31119850108820174  7.2133410559485727 0.46658056280021903  7.2153003913265916 0.54479323149307546  7.2175983790742251 0.62183369808971289  7.2201912274916964 0.69764411722616282  7.2261901127167834 0.8547698302608745  7.2296529769870608 0.93581314557579964  7.2333759761055498 1.0154602074206327  7.2373113597264584 1.0938616365524241  7.2457571468068993 1.2529243617633798  7.2502867136930487 1.3334564756846781  7.2549619532305707 1.4130961785163252  7.2597412070549527 1.4921040275720618  7.2645841058860334 1.5707963267948966 
 0 6 0.22725358956665981 4 0.46332156460129009 4 0.72438956624248418 4 1 6
1 0.9813987987064472 0 0 1 
1 -1.5707963267948966 0 1 0 
1 -4.7123889803846897 0 1 0 
1 0 0 0 1 
7 0 0  6 32 7  2.037804058358196 1.5707963267948966  2.0376777800223369 1.5663460358741066  2.0375515822415089 1.5618955688776375  2.037425470594187 1.5574449672960171  2.0372994503773025 1.5529942737502818  2.037173526606241 1.5485435319919807  2.0347449767933337 1.4626380039562861  2.0324751392064062 1.3811491616678415  2.0302703172382719 1.2999928576723185  2.028123807119127 1.2194881352255513  2.0260002539362092 1.1399837048266077  2.0214930739582786 0.97549709884637792  2.0191049074991954 0.89079696761394755  2.0166355342045099 0.80810725790644233  2.0140145616194736 0.7278123253143769  2.0111832812687975 0.65038850127278935  2.0056379583490798 0.51792842524672877  2.003022686127975 0.46160507218335733  2.0002176582447206 0.40783136468718384  1.9972028301887228 0.35706073874715627  1.9939652541890842 0.30989108442820679  1.9891238860590041 0.24997653845906029  1.98770973772712 0.23360152583332519  1.9862600250911397 0.2179586409069251  1.9847751166894978 0.2030980387933872  1.9832558553101862 0.18907222586340597  1.9780157985030764 0.14472067430002222  1.9741400560240296 0.11850338953302944  1.9700982964448335 0.098030789770771551  1.9659293335326165 0.084030221532532021  1.9616939639972164 0.076999140656834011  1.9574688599989971 0.076999140656834122 
 0 7 0.012969709166237218 5 0.25033330198944154 5 0.5127191776877893 5 0.72060243417927838 5 0.8033661521126324 5 1 7
7 0 0  6 32 7  0 2.4132196718577443  2.9521020378524382e-19 2.4164592575691777  2.5746600470643434e-05 2.4196987239447409  7.7243668550697325e-05 2.4229379255794066  0.00015449186179087535 2.4261767178211695  0.00025748862815383645 2.4294149567710464  0.0027423403090542681 2.4919039992760732  0.013721177086348138 2.5509465191057514  0.033301204321337513 2.6088336228613844  0.0610170887458239 2.6648442799110228  0.096100975194061675 2.718494612621194  0.18375606599469227 2.8258526749100001  0.23779362464279069 2.8789862141385281  0.29882774973802101 2.9285896283176034  0.36587299133655404 2.9746321634298662  0.43819698715915234 3.0172635625727362  0.5764610076923794 3.088181736394926  0.64058327592729225 3.1175964350708982  0.70747860099613524 3.1452529995992955  0.7769607066963895 3.1713633095458675  0.84887162851194786 3.1962132347591781  0.95263528918483453 3.2296207501343468  0.98254475806549124 3.2389812477662852  1.0128059960538458 3.2482076713036303  1.0434069472755685 3.2573183219048953  1.0743334456875409 3.2663303282194796  1.1797794431113826 3.2964708661347837  1.255770990816742 3.3172216295957444  1.3332549831813876 3.3376860564480775  1.4118786719586374 3.3579915892113954  1.4912412937714574 3.3780426036104814  1.5707963267948966 3.3974780820022903 
 0 7 0.012969709166237218 5 0.25033330198944154 5 0.5127191776877893 5 0.72060243417927838 5 0.8033661521126324 5 1 7
7 0 0  5 6 2  1.9931416011765322 0.076999140656830153  1.9933370631031324 0.18311040660091882  1.9938687467235272 0.28917023952874793  1.9947323925057963 0.39498659294789812  1.9959100524708477 0.50048778115088322  1.9973723088309685 0.60557005209403236 
 0 6 1 6
1 0 0.39479111969977332 1 0 
7 0 0  5 6 2  1.1484510524132612 0.076999140656830153  1.1482555904866609 0.18311040660091443  1.1477239068662655 0.28917023952875576  1.1468602610839973 0.39498659294789151  1.1456826011189456 0.50048778115088643  1.1442203447588248 0.60557005209403236 
 0 6 1 6
7 0 0  6 27 6  1.184123793590796 0.076999140656834802  1.1798783135484163 0.076999140656834802  1.1756224339242372 0.084098195755387656  1.1714338612341653 0.098234108972818091  1.1673743817611957 0.11890081417511221  1.1634831854133552 0.14535579133112603  1.1582356785463463 0.18999726131616246  1.1567222053493911 0.2040330353261115  1.1552429490146332 0.21889702212051856  1.153798729808968 0.23453718935323042  1.1523899008406742 0.25090386060956599  1.1475763712211875 0.31064925601762361  1.1443590456985124 0.35760654448624452  1.1413619324927891 0.40812088780889544  1.1385722596535006 0.46160495347628139  1.135970312314321 0.51761258826700596  1.1304247528532696 0.64994900304940006  1.1275835038234765 0.72761343264720291  1.1249540981163475 0.80816864350518713  1.1224772780697789 0.89113362230834292  1.1200819052784499 0.97612048428109366  1.1154547701369026 1.1450271585200631  1.1132199412577521 1.2288130670205659  1.1109572154975313 1.3136795495137725  1.1086255601746098 1.3992167190006577  1.1062213376300274 1.4850618155316275  1.1037885952316708 1.5707963267948966 
 0 7 0.19758921173869604 5 0.28014058669337649 5 0.48690129582661529 5 0.75014218676146005 5 1 7
7 0 0  6 27 6  1.5707963267948966 3.3974780820022872  1.4908576305842904 3.3779488738073402  1.4111125202611638 3.357798031633362  1.3321141249779227 3.3373914061033987  1.2542712866302752 3.316825430123767  1.1779424806943122 3.2959691215582771  1.072277573631933 3.2657324489255313  1.0414485291628817 3.2567383956116935  1.0109439853414857 3.2476454814563183  0.98077792148551468 3.2384366644685922  0.95096224899821058 3.22909376710491  0.84773298810560627 3.1958162971786157  0.77624127574176283 3.1710847945236207  0.70715363438420309 3.1451040685586817  0.6406255287493724 3.1175933360811832  0.57684026938792254 3.0883439603398166  0.4385932404147162 3.0175075299205107  0.36601182445856878 2.9747524722387713  0.29874101497269856 2.9285641219083436  0.23752012625162874 2.8787911165238058  0.18334514171323898 2.8254647992090565  0.093488849910449215 2.7151845918459472  0.056990775263989123 2.6585320525670109  0.028715491936246607 2.5992866249478777  0.0095548045789702156 2.5380294799040959  5.6872018013972011e-18 2.4756300406651959  0 2.4132196718581262 
 0 7 0.19758921173869604 5 0.28014058669337649 5 0.48690129582661529 5 0.75014218676146005 5 1 7
1 0 0 0 1 
1 2.1601938548833459 0 0 1 
7 0 0  5 18 5  2.2169278719406278 0  2.2169278719406278 0.078146832454971712  2.2165277515979516 0.15630708058353293  2.2157273374267539 0.23408445950217963  2.2145479152953991 0.31119850108820191  2.2114369048208067 0.46658056280022153  2.2094775694427877 0.5447932314930658  2.2071795816951547 0.62183369808972588  2.2045867332776834 0.69764411722615705  2.1985878480525951 0.85476983026090381  2.1951249837823217 0.93581314557572415  2.191401984663826 1.0154602074207126  2.1874666010429227 1.0938616365523928  2.1790208139624809 1.252924361763371  2.1744912470763302 1.3334564756846692  2.1698160075388078 1.4130961785163554  2.1650367537144275 1.4921040275720463  2.1601938548833459 1.5707963267948966 
 0 6 0.22725358956665354 4 0.46332156460128626 4 0.72438956624255413 4 1 6
1 2.2169278719406278 0 0 1 
7 0 0  5 18 5  2.2169278719406278 0  2.2169278719406278 0.078146832454964454  2.2165277515979516 0.15630708058354648  2.2157273374267539 0.23408445950216822  2.2145479152953991 0.31119850108820646  2.2114369048208067 0.46658056280021543  2.2094775694427873 0.54479323149307946  2.2071795816951552 0.62183369808971167  2.204586733277683 0.69764411722616393  2.198587848052596 0.85476983026088027  2.195124983782319 0.93581314557579309  2.1914019846638286 1.0154602074206391  2.1874666010429209 1.0938616365524212  2.1790208139624796 1.2529243617633912  2.1744912470763329 1.3334564756846432  2.169816007538806 1.413096178516372  2.1650367537144279 1.4921040275720387  2.1601938548833459 1.5707963267948966 
 0 6 0.22725358956664155 4 0.46332156460125773 4 0.72438956624245687 4 1 6
1 -4.7123889803846897 0 1 0 
1 -1.5707963267948966 0 1 0 
1 7.207850088828752 0 -1 -0 
1 7.207850088828752 -4.1000000000000014 -1 -0 
1 7.207850088828752 -0.50000000000000711 -1 -0 
1 7.207850088828752 0 -1 -0 
1 6.2831853071795862 1.5707963267948966 1 0 
1 0 -22.000000000000011 1 0 
1 0 1.5707963267948966 1 0 
1 0 0 0 -1 
1 6.2831853071795862 0 0 -1 
1 6.2831853071795862 -21.800000000000001 -1 0 
1 0 -0.60000000000000142 1 0 
1 0 0 1 0 
1 1.5707963267948966 0 0 1 
1 1.5707963267948966 0 0 1 
1 0 0 0 1 
1 -1.5707963267948966 6.1999999999999993 1 0 
1 0 0 0 1 
1 1.5707963267948966 0 0 1 
1 -4.7123889803846897 6.1999999999999993 1 0 
1 1.5707963267948966 0 0 1 
1 -1.5707963267948966 7 1 0 
1 -1.5707963267948966 7 1 0 
1 1.5707963267948966 0 0 1 
7 0 0  6 17 4  0.84106867056793044 6.0999999999999996  0.84106867056793055 6.1315415561898252  0.84551770616761124 6.1629247645960463  0.85433305602957366 6.1939708019794502  0.86723810911447918 6.2244823524260369  0.88375181161973004 6.2542001255695201  0.93394412848623209 6.3281350651550712  0.97226433843697302 6.371026627553916  1.0163867588058932 6.4113612716936004  1.0649317848347166 6.4489613960182046  1.117099378117747 6.4837528910920543  1.2315115344785703 6.5496208016795858  1.2942738660938071 6.5803626579480294  1.3600033701987377 6.6075558712596116  1.4281901993618131 6.6309457042911468  1.498517007713168 6.6503526659505665  1.5707963267948966 6.6656854249492374 
 0 7 0.23402616563993683 5 0.60507007475516972 5 1 7
7 0 0  6 17 4  8.8817841970012523e-16 1.1527864045000435  0.052569260316376369 1.1527864045000435  0.10487449740898454 1.1510067761149247  0.15687994263130581 1.1474807094809578  0.20850233692306228 1.1423848634654281  0.25954286411257871 1.1360373180320933  0.38891813525554997 1.1173920470070113  0.46638822137036112 1.1036922338559318  0.54248441320992735 1.0888865619904626  0.61744044052305302 1.074035896133765  0.69157838694626672 1.0598577123310788  0.8438047129625551 1.0332343197256113  0.92195273833225899 1.0209389449735784  0.99975682308695546 1.0109030146400304  1.0772094112532504 1.0037616112957282  1.154295622347421 1.0000000000000013  1.2309594173407756 1.0000000000000013 
 0 7 0.23402616563993683 5 0.60507007475516972 5 1 7
1 0.84106867056793333 0 0 1 
1 1.5707963267948966 0 0 1 
7 0 0  6 17 4  0.84106867056793078 6.0999999999999996  0.84106867056793078 6.1315415561898243  0.84551770616761124 6.1629247645960401  0.85433305602956899 6.1939708019794368  0.86723810911447807 6.2244823524260369  0.88375181161972827 6.2542001255695157  0.93394412848627018 6.3281350651551298  0.97226433843693194 6.371026627553829  1.016386758805836 6.4113612716936199  1.0649317848348656 6.4489613960182597  1.1170993781175347 6.48375289109193  1.2315115344786631 6.5496208016796418  1.2942738660936559 6.58036265794793  1.3600033701988044 6.6075558712596614  1.4281901993616646 6.6309457042911006  1.4985170077132417 6.6503526659505816  1.5707963267948966 6.6656854249492374 
 0 7 0.23402616563974965 5 0.60507007475529639 5 1 7
7 0 0  6 17 4  0 1.1527864045000433  0.052569260316374204 1.1527864045000433  0.10487449740897432 1.1510067761149261  0.15687994263128749 1.1474807094809576  0.20850233692305831 1.1423848634654292  0.25954286411257216 1.136037318032094  0.38891813525565155 1.1173920470069971  0.46638822137021652 1.1036922338559552  0.54248441320991969 1.08888656199046  0.61744044052321534 1.0740358961337422  0.69157838694598206 1.0598577123311292  0.84380471296268089 1.0332343197255889  0.92195273833205171 1.020938944973613  0.99975682308704605 1.0109030146400217  1.077209411253089 1.0037616112957319  1.1542956223474976 1.0000000000000013  1.2309594173407743 1.0000000000000013 
 0 7 0.23402616563974965 5 0.60507007475529639 5 1 7
1 0.84106867056793333 0 0 1 
1 0 0 0 1 
1 -1.5707963267948966 1.2000000000000028 1 0 
1 -1.5707963267948966 1.2000000000000028 1 0 
1 0 0 0 1 
1 0 0 0 1 
1 -4.7123889803846897 6.1999999999999993 1 0 
1 0 0 0 1 
1 -1.5707963267948966 6.1999999999999993 1 0 
1 6.2831853071795862 0 0 1 
1 0 0 0 1 
1 0 1.5707963267948966 1 0 
1 1.7940403392145317 0 0 -1 
1 0.10016742116156127 0 0 1 
1 0.10016742116156127 0 0 1 
1 0.10016742116156127 0 0 1 
1 0.10016742116156127 0 0 1 
1 0 0 1 0 
1 0 0 1 0 
1 0 -2.2000000000000002 1 0 
1 0 -2.2000000000000002 1 0 
1 0 1 1 0 
1 6.2831853071795862 1 -1 0 
1 1.5707963267948966 0 0 1 
1 1.5707963267948966 0 0 1 
1 0 0 0 -1 
1 -1.5707963267948966 1.7999999999999972 1 0 
1 -1.5707963267948966 1.7999999999999972 1 0 
1 -4.7123889803846897 1.7999999999999972 1 0 
1 -4.7123889803846897 1.7999999999999972 1 0 
1 0 0 0 1 
1 -4.7123889803846897 0 1 0 
1 0 0 0 1 
1 -4.7123889803846897 0 1 0 
1 -1.5707963267948966 0 1 0 
1 -1.5707963267948966 0 1 0 
1 -1.5707963267948966 1.7999999999999972 1 0 
1 -1.5707963267948966 1.7999999999999972 1 0 
1 -4.7123889803846897 1.7999999999999972 1 0 
1 -4.7123889803846897 1.7999999999999972 1 0 
1 0 0 0 1 
1 -4.7123889803846897 0 1 0 
1 -1.5707963267948966 0 1 0 
1 -1.5707963267948966 0 1 0 
1 -4.7123889803846897 0 1 0 
1 0 0 0 1 
1 1.7284422002093951 0 0 -1 
1 0 0 0 -1 
1 0 0 0 1 
1 1.5707963267948966 0 0 1 
1 1.5707963267948966 0 0 1 
1 0 0 0 1 
1 0 0 0 1 
1 1.5707963267948966 0 0 1 
1 1.5707963267948966 0 0 1 
1 0 0 0 1 
1 0 0 0 1 
1 0 0 0 1 
1 -4.7123889803846897 0.79999999999999716 1 0 
1 -1.5707963267948966 0.79999999999999716 1 0 
1 -4.7123889803846897 0.79999999999999716 1 0 
1 -1.5707963267948966 0.79999999999999716 1 0 
1 6.2831853071795862 -1.3999999999999986 -1 0 
1 -4.7123889803846897 0 1 0 
1 1.5707963267948966 0 0 1 
1 -1.5707963267948966 0 1 0 
1 1.5707963267948966 0 0 1 
1 -4.7123889803846897 0 1 0 
1 -1.5707963267948966 0 1 0 
1 6.2831853071795862 -0.60000000000000142 -1 0 
1 1.5707963267948966 0 0 1 
1 1.5707963267948966 0 0 1 
1 0 0 0 1 
1 0 0 0 1 
1 0 0 0 -1 
1 6.2831853071795862 0 0 -1 
1 0 0 0 1 
1 0 0 0 1 
1 -4.7123889803846897 0.79999999999999716 1 0 
1 -1.5707963267948966 0.79999999999999716 1 0 
1 -4.7123889803846897 0.79999999999999716 1 0 
1 -1.5707963267948966 0.79999999999999716 1 0 
1 6.2831853071795862 -1.3999999999999986 -1 0 
1 -4.7123889803846897 0 1 0 
1 1.5707963267948966 0 0 1 
1 -1.5707963267948966 0 1 0 
1 1.5707963267948966 0 0 1 
1 -4.7123889803846897 0 1 0 
1 -1.5707963267948966 0 1 0 
1 6.2831853071795862 -0.60000000000000142 -1 0 
1 1.5707963267948966 0 0 1 
1 1.5707963267948966 0 0 1 
1 0 0 0 1 
1 0 0 0 1 
1 0 0 0 -1 
1 6.2831853071795862 0 0 -1 
Curves 350
1 172.66999999999999 -200.38999999999999 77.26500009999998 2.8593908561087489e-32 2.33486982377251e-16 1 
1 172.66999999999999 -202.29000000000002 107.76500010000001 1.2246467991473532e-16 1 -2.33486982377251e-16 
1 172.66999999999999 -202.29000000000002 132.56500009999999 1.2246467991473532e-16 1 -2.33486982377251e-16 
1 172.66999999999999 -202.29000000000002 77.26500009999998 2.8593908561087489e-32 2.33486982377251e-16 1 
8 4.7123889803846897 6.2831853071795862
2 168.16999999999999 -200.38999999999999 107.76500010000001 1.2246467991473532e-16 1 -2.33486982377251e-16 -2.8593908561087489e-32 -2.33486982377251e-16 -1 -1 1.2246467991473532e-16 0 4.5
8 1.5707963267948966 3.1415926535897931
2 168.16999999999999 -200.38999999999999 132.56500009999999 -1.2246467991473532e-16 -1 2.33486982377251e-16 -2.8593908561087489e-32 -2.33486982377251e-16 -1 1 -1.2246467991473532e-16 0 4.5
1 172.66999999999999 -200.38999999999999 77.26500009999998 -1 1.2246467991473532e-16 0 
1 172.66999999999999 -200.38999999999999 111.06500009999999 -1 1.2246467991473532e-16 0 
1 161.16999999999999 -200.38999999999999 102.2150001 2.8593908561087489e-32 2.33486982377251e-16 1 
1 161.16999999999999 -200.38999999999999 119.2150001 2.8593908561087489e-32 2.33486982377251e-16 1 
2 160.46999999999997 -200.38999999999999 104.4650001 1.2246467991473532e-16 1 -2.33486982377251e-16 1 -1.2246467991473532e-16 0 -2.8593908561087489e-32 -2.33486982377251e-16 -1 0.69999999999999996
2 160.46999999999997 -200.38999999999999 135.86500009999997 1.2246467991473532e-16 1 -2.33486982377251e-16 1 -1.2246467991473532e-16 0 -2.8593908561087489e-32 -2.33486982377251e-16 -1 0.69999999999999996
1 166.91999999999999 -200.38999999999999 105.16500009999999 1 -1.2246467991473532e-16 0 
1 166.91999999999999 -200.38999999999999 135.16500009999999 1 -1.2246467991473532e-16 0 
2 151.36999999999998 -200.38999999999999 104.4650001 1.2246467991473532e-16 1 -2.33486982377251e-16 -1 1.2246467991473532e-16 0 2.8593908561087489e-32 2.33486982377251e-16 1 0.69999999999999996
2 151.36999999999998 -200.38999999999999 135.86500009999997 1.2246467991473532e-16 1 -2.33486982377251e-16 -1 1.2246467991473532e-16 0 2.8593908561087489e-32 2.33486982377251e-16 1 0.69999999999999996
1 150.66999999999999 -200.38999999999999 102.2150001 2.8593908561087489e-32 2.33486982377251e-16 1 
1 150.66999999999999 -200.38999999999999 119.2150001 2.8593908561087489e-32 2.33486982377251e-16 1 
1 172.66999999999999 -200.38999999999999 77.26500009999998 -1 1.2246467991473532e-16 0 
1 172.66999999999999 -200.38999999999999 111.06500009999999 -1 1.2246467991473532e-16 0 
8 4.7123889803846897 6.2831853071795862
2 143.66999999999999 -200.38999999999999 107.76500010000001 -1.2246467991473532e-16 -1 2.33486982377251e-16 -2.8593908561087489e-32 -2.33486982377251e-16 -1 1 -1.2246467991473532e-16 0 4.5
8 1.5707963267948966 3.1415926535897931
2 143.66999999999999 -200.38999999999999 132.56500009999999 1.2246467991473532e-16 1 -2.33486982377251e-16 -2.8593908561087489e-32 -2.33486982377251e-16 -1 -1 1.2246467991473532e-16 0 4.5
1 139.16999999999999 -200.38999999999999 77.26500009999998 2.8593908561087489e-32 2.33486982377251e-16 1 
2 168.11999999999998 -200.38999999999999 107.7400001 1.2246467991473532e-16 1 -2.33486982377251e-16 -1 1.2246467991473532e-16 0 2.8593908561087489e-32 2.33486982377251e-16 1 3.2000000000000002
2 143.71999999999997 -200.38999999999999 107.7400001 1.2246467991473532e-16 1 -2.33486982377251e-16 -1 1.2246467991473532e-16 0 2.8593908561087489e-32 2.33486982377251e-16 1 3.2000000000000002
1 171.96999999999997 -200.38999999999999 111.56500009999999 2.8593908561087489e-32 2.33486982377251e-16 1 
1 171.96999999999997 -200.38999999999999 128.76500010000001 -1 1.2246467991473532e-16 0 
1 171.96999999999997 -200.38999999999999 111.56500009999999 -1 1.2246467991473532e-16 0 
1 170.36999999999998 -200.38999999999999 111.06500009999999 2.8593908561087489e-32 2.33486982377251e-16 1 
2 168.11999999999998 -200.38999999999999 132.5900001 1.2246467991473532e-16 1 -2.33486982377251e-16 -1 1.2246467991473532e-16 0 2.8593908561087489e-32 2.33486982377251e-16 1 3.2000000000000002
1 171.96999999999997 -200.38999999999999 111.56500009999999 -1 1.2246467991473532e-16 0 
1 141.16999999999999 -200.38999999999999 111.06500009999999 2.8593908561087489e-32 2.33486982377251e-16 1 
1 139.56999999999999 -200.38999999999999 111.56500009999999 2.8593908561087489e-32 2.33486982377251e-16 1 
1 171.96999999999997 -200.38999999999999 128.76500010000001 -1 1.2246467991473532e-16 0 
2 143.71999999999997 -200.38999999999999 132.5900001 1.2246467991473532e-16 1 -2.33486982377251e-16 -1 1.2246467991473532e-16 0 2.8593908561087489e-32 2.33486982377251e-16 1 3.2000000000000002
8 4.7123889803846897 6.2831853071795862
2 168.16999999999999 -202.29000000000002 107.76500010000001 1.2246467991473532e-16 1 -2.33486982377251e-16 -2.8593908561087489e-32 -2.33486982377251e-16 -1 -1 1.2246467991473532e-16 0 4.5
1 168.16999999999999 -202.29000000000002 103.26500010000001 1.2246467991473532e-16 1 -2.33486982377251e-16 
8 1.5707963267948966 3.1415926535897931
2 168.16999999999999 -202.29000000000002 132.56500009999999 -1.2246467991473532e-16 -1 2.33486982377251e-16 -2.8593908561087489e-32 -2.33486982377251e-16 -1 1 -1.2246467991473532e-16 0 4.5
1 168.16999999999999 -202.29000000000002 137.06500009999999 1.2246467991473532e-16 1 -2.33486982377251e-16 
1 172.66999999999999 -202.29000000000002 111.06500009999999 -1 1.2246467991473532e-16 0 
1 161.16999999999999 -202.29000000000002 119.2150001 2.8593908561087489e-32 2.33486982377251e-16 1 
2 160.46999999999997 -202.29000000000002 135.86500009999997 1.2246467991473532e-16 1 -2.33486982377251e-16 1 -1.2246467991473532e-16 0 -2.8593908561087489e-32 -2.33486982377251e-16 -1 0.69999999999999996
1 166.91999999999999 -202.29000000000002 135.16500009999999 1 -1.2246467991473532e-16 0 
2 151.36999999999998 -202.29000000000002 135.86500009999997 1.2246467991473532e-16 1 -2.33486982377251e-16 -1 1.2246467991473532e-16 0 2.8593908561087489e-32 2.33486982377251e-16 1 0.69999999999999996
1 150.66999999999999 -202.29000000000002 119.2150001 2.8593908561087489e-32 2.33486982377251e-16 1 
1 172.66999999999999 -202.29000000000002 111.06500009999999 -1 1.2246467991473532e-16 0 
8 1.5707963267948966 3.1415926535897931
2 143.66999999999999 -202.29000000000002 132.56500009999999 1.2246467991473532e-16 1 -2.33486982377251e-16 -2.8593908561087489e-32 -2.33486982377251e-16 -1 -1 1.2246467991473532e-16 0 4.5
1 139.16999999999999 -202.29000000000002 77.26500009999998 2.8593908561087489e-32 2.33486982377251e-16 1 
8 4.7123889803846897 6.2831853071795862
2 143.66999999999999 -202.29000000000002 107.76500010000001 -1.2246467991473532e-16 -1 2.33486982377251e-16 -2.8593908561087489e-32 -2.33486982377251e-16 -1 1 -1.2246467991473532e-16 0 4.5
1 172.66999999999999 -202.29000000000002 77.26500009999998 -1 1.2246467991473532e-16 0 
1 150.66999999999999 -202.29000000000002 102.2150001 2.8593908561087489e-32 2.33486982377251e-16 1 
2 151.36999999999998 -202.29000000000002 104.4650001 1.2246467991473532e-16 1 -2.33486982377251e-16 -1 1.2246467991473532e-16 0 2.8593908561087489e-32 2.33486982377251e-16 1 0.69999999999999996
1 166.91999999999999 -202.29000000000002 105.16500009999999 1 -1.2246467991473532e-16 0 
2 160.46999999999997 -202.29000000000002 104.4650001 1.2246467991473532e-16 1 -2.33486982377251e-16 1 -1.2246467991473532e-16 0 -2.8593908561087489e-32 -2.33486982377251e-16 -1 0.69999999999999996
1 161.16999999999999 -202.29000000000002 102.2150001 2.8593908561087489e-32 2.33486982377251e-16 1 
1 172.66999999999999 -202.29000000000002 77.26500009999998 -1 1.2246467991473532e-16 0 
1 161.16999999999999 -202.79000000000002 103.26500010000001 -1.2246467991473532e-16 -1 2.33486982377251e-16 
1 161.16999999999999 -202.79000000000002 137.06500009999999 -1.2246467991473532e-16 -1 2.33486982377251e-16 
1 161.16999999999999 -203.29000000000002 104.4650001 1.2246467991473532e-16 1 -2.33486982377251e-16 
1 161.16999999999999 -203.29000000000002 135.86500009999997 1.2246467991473532e-16 1 -2.33486982377251e-16 
1 160.46999999999997 -203.29000000000002 105.16500009999999 1.2246467991473532e-16 1 -2.33486982377251e-16 
1 160.46999999999997 -203.29000000000002 135.16500009999999 1.2246467991473532e-16 1 -2.33486982377251e-16 
1 151.36999999999998 -203.29000000000002 105.16500009999999 1.2246467991473532e-16 1 -2.33486982377251e-16 
1 151.36999999999998 -203.29000000000002 135.16500009999999 1.2246467991473532e-16 1 -2.33486982377251e-16 
1 150.66999999999999 -203.29000000000002 104.4650001 1.2246467991473532e-16 1 -2.33486982377251e-16 
1 150.66999999999999 -203.29000000000002 135.86500009999997 1.2246467991473532e-16 1 -2.33486982377251e-16 
1 150.66999999999999 -202.79000000000002 103.26500010000001 -1.2246467991473532e-16 -1 2.33486982377251e-16 
1 150.66999999999999 -202.79000000000002 137.06500009999999 -1.2246467991473532e-16 -1 2.33486982377251e-16 
1 143.66999999999999 -202.29000000000002 103.26500010000001 1.2246467991473532e-16 1 -2.33486982377251e-16 
1 143.66999999999999 -202.29000000000002 137.06500009999999 1.2246467991473532e-16 1 -2.33486982377251e-16 
1 139.16999999999999 -202.29000000000002 107.76500010000001 1.2246467991473532e-16 1 -2.33486982377251e-16 
1 139.16999999999999 -202.29000000000002 132.56500009999999 1.2246467991473532e-16 1 -2.33486982377251e-16 
1 164.91999999999999 -200.38999999999999 107.7400001 1.2246467991473532e-16 1 -2.33486982377251e-16 
2 168.11999999999998 -198.74000000000001 107.7400001 1.2246467991473532e-16 1 -2.33486982377251e-16 -1 1.2246467991473532e-16 0 2.8593908561087489e-32 2.33486982377251e-16 1 3.2000000000000002
1 140.51999999999998 -200.38999999999999 107.7400001 1.2246467991473532e-16 1 -2.33486982377251e-16 
2 143.71999999999997 -198.74000000000001 107.7400001 1.2246467991473532e-16 1 -2.33486982377251e-16 -1 1.2246467991473532e-16 0 2.8593908561087489e-32 2.33486982377251e-16 1 3.2000000000000002
1 171.96999999999997 -200.38999999999999 111.56500009999999 1.2246467991473532e-16 1 -2.33486982377251e-16 
1 171.96999999999997 -174.29000000000002 111.56500009999999 2.8593908561087489e-32 2.33486982377251e-16 1 
1 171.96999999999997 -200.38999999999999 128.76500010000001 1.2246467991473532e-16 1 -2.33486982377251e-16 
1 171.96999999999997 -171.88999999999999 128.76500009999998 -1 1.2246467991473532e-16 0 
8 4.7123889803846897 6.2831853071795862
2 169.56999999999999 -174.29000000000002 128.76500009999998 2.8593908561087489e-32 2.33486982377251e-16 1 1.2246467991473532e-16 1 -2.33486982377251e-16 -1 1.2246467991473532e-16 0 2.3999999999999999
1 170.36999999999998 -201.38999999999999 128.76500010000001 -1.2246467991473532e-16 -1 2.33486982377251e-16 
2 169.56999999999999 -174.29000000000002 128.76500009999998 2.8593908561087489e-32 2.33486982377251e-16 1 1 -1.2246467991473532e-16 0 1.2246467991473532e-16 1 -2.33486982377251e-16 0.79999999999999982
1 171.16999999999999 -173.49000000000001 128.76500009999998 -1 1.2246467991473532e-16 0 
1 164.32277732669334 -173.49000000000001 128.76500009999998 -1.2246467991473532e-16 -1 2.33486982377251e-16 
7 0 0  5 18 5  164.32277732669334 -172.54000000000002 128.76500009999998  164.32277732669334 -172.4888412237147 128.76500009999998  164.3155976376249 -172.43767317792162 128.76500009999998  164.3012349545599 -172.38739227140644 128.76500009999998  164.28009565052412 -172.33880767089721 128.76500009999998  164.22460573919022 -172.24471465105978 128.76500009999998  164.18982503282999 -172.19935594680669 128.76500009999998  164.14915642572453 -172.15714016249905 128.76500009999998  164.1034552437134 -172.11846437759505 128.76500009999998  163.99952057168727 -172.0458053872656 128.76500009999998  163.94057496548965 -172.01245384893031 128.76500009999998  163.87764496702928 -171.98374937594059 128.76500009999998  163.81162940301272 -171.95974023466505 128.76500009999998  163.67152228120705 -171.92011671574704 128.76500009999998  163.59720203289353 -171.90497946667716 128.76500009999998  163.52116601040316 -171.89496964291106 128.76500009999998  163.44416257155922 -171.88999999999999 128.76500009999998  163.36687435726034 -171.88999999999999 128.76500009999998 
 0 6 0.23127462807138088 4 0.47038689467015038 4 0.72879422885681355 4 1 6
1 171.96999999999997 -171.88999999999999 111.56500009999999 -1 1.2246467991473532e-16 0 
8 4.7123889803846897 6.2831853071795862
2 169.56999999999999 -174.29000000000002 111.56500009999999 2.8593908561087489e-32 2.33486982377251e-16 1 1.2246467991473532e-16 1 -2.33486982377251e-16 -1 1.2246467991473532e-16 0 2.3999999999999999
1 170.36999999999998 -201.38999999999999 111.56500009999999 -1.2246467991473532e-16 -1 2.33486982377251e-16 
2 169.56999999999999 -174.29000000000002 111.56500009999999 2.8593908561087489e-32 2.33486982377251e-16 1 1 -1.2246467991473532e-16 0 1.2246467991473532e-16 1 -2.33486982377251e-16 0.79999999999999982
1 171.16999999999999 -173.49000000000001 111.56500009999999 -1 1.2246467991473532e-16 0 
1 164.52157128748888 -173.49000000000001 111.56500009999999 -1.2246467991473532e-16 -1 2.33486982377251e-16 
7 0 0  5 18 5  164.52157128748888 -172.54000000000002 111.56500009999999  164.52157128748888 -172.48866696744631 111.56500009999999  164.51450682847542 -172.43732533652445 111.56500009999999  164.50037487988783 -172.38685959286914 111.56500009999999  164.4795586641898 -172.33807454648883 111.56500009999999  164.42483044148707 -172.24350595399153 111.56500009999999  164.39048051624786 -172.19787670917856 111.56500009999999  164.3502728685319 -172.15539522437547 111.56500009999999  164.30503907648389 -172.1164799273439 111.56500009999999  164.20296162440948 -172.04405142721163 111.56500009999999  164.14556796180656 -172.01103150751851 111.56500009999999  164.08429588880256 -171.98258333817461 111.56500009999999  164.02000782498584 -171.95877958014484 111.56500009999999  163.88413557504828 -171.91968205908842 111.56500009999999  163.81236838553622 -171.90477726664722 111.56500009999999  163.73894853148238 -171.89490561419456 111.56500009999999  163.66460392008838 -171.88999999999999 111.56500009999999  163.59000639385926 -171.88999999999999 111.56500009999999 
 0 6 0.23366850521408303 4 0.47549213118124345 4 0.73250212373485279 4 1 6
1 170.36999999999998 -174.29000000000002 110.56500009999999 2.8593908561087489e-32 2.33486982377251e-16 1 
1 164.91999999999999 -200.38999999999999 132.5900001 1.2246467991473532e-16 1 -2.33486982377251e-16 
2 168.11999999999998 -198.74000000000001 132.5900001 1.2246467991473532e-16 1 -2.33486982377251e-16 -1 1.2246467991473532e-16 0 2.8593908561087489e-32 2.33486982377251e-16 1 3.2000000000000002
8 4.7123889803846897 6.2831853071795862
2 141.96999999999997 -174.29000000000002 111.56500009999999 -2.8593908561087489e-32 -2.33486982377251e-16 -1 1.2246467991473532e-16 1 -2.33486982377251e-16 1 -1.2246467991473532e-16 0 2.3999999999999999
1 171.96999999999997 -171.88999999999999 111.56500009999999 -1 1.2246467991473532e-16 0 
7 0 0  5 18 5  147.01842871251108 -172.54000000000002 111.56500009999999  147.01842871251108 -172.48866696744386 111.56500009999999  147.02549317152523 -172.43732533651962 111.56500009999999  147.03962512011412 -172.38685959286204 111.56500009999999  147.06044133581406 -172.33807454647973 111.56500009999999  147.11516955852042 -172.24350595398101 111.56500009999999  147.14951948376086 -172.19787670916844 111.56500009999999  147.18972713147787 -172.15539522436592 111.56500009999999  147.2349609235269 -172.11647992733492 111.56500009999999  147.33703837560319 -172.04405142720401 111.56500009999999  147.39443203820707 -172.01103150751152 111.56500009999999  147.45570411121176 -171.98258333816847 111.56500009999999  147.51999217502922 -171.95877958013949 111.56500009999999  147.65586442496468 -171.91968205908574 111.56500009999999  147.72763161447375 -171.90477726664591 111.56500009999999  147.80105146852426 -171.8949056141941 111.56500009999999  147.87539607991496 -171.88999999999999 111.56500009999999  147.94999360614071 -171.88999999999999 111.56500009999999 
 0 6 0.233668505225058 4 0.47549213119278216 4 0.73250212374693402 4 1 6
1 147.01842871251108 -173.49000000000001 111.56500009999999 -1.2246467991473532e-16 -1 2.33486982377251e-16 
1 171.16999999999999 -173.49000000000001 111.56500009999999 -1 1.2246467991473532e-16 0 
2 141.96999999999997 -174.29000000000002 111.56500009999999 2.8593908561087489e-32 2.33486982377251e-16 1 -1 1.2246467991473532e-16 0 -1.2246467991473532e-16 -1 2.33486982377251e-16 0.79999999999999982
1 141.16999999999999 -201.38999999999999 111.56500009999999 -1.2246467991473532e-16 -1 2.33486982377251e-16 
1 139.56999999999999 -200.38999999999999 111.56500009999999 1.2246467991473532e-16 1 -2.33486982377251e-16 
1 141.16999999999999 -174.29000000000002 110.56500009999999 2.8593908561087489e-32 2.33486982377251e-16 1 
1 141.16999999999999 -201.38999999999999 128.76500010000001 -1.2246467991473532e-16 -1 2.33486982377251e-16 
1 139.56999999999999 -174.29000000000002 111.56500009999999 2.8593908561087489e-32 2.33486982377251e-16 1 
1 139.56999999999999 -200.38999999999999 128.76500010000001 1.2246467991473532e-16 1 -2.33486982377251e-16 
8 4.7123889803846897 6.2831853071795862
2 141.96999999999997 -174.29000000000002 128.76500009999998 -2.8593908561087489e-32 -2.33486982377251e-16 -1 1.2246467991473532e-16 1 -2.33486982377251e-16 1 -1.2246467991473532e-16 0 2.3999999999999999
1 171.96999999999997 -171.88999999999999 128.76500009999998 -1 1.2246467991473532e-16 0 
7 0 0  5 18 5  147.21722267330662 -172.54000000000002 128.76500009999998  147.21722267330662 -172.488841223713 128.76500009999998  147.22440236237554 -172.43767317791821 128.76500009999998  147.23876504544151 -172.38739227140144 128.76500009999998  147.25990434947866 -172.33880767089073 128.76500009999998  147.3153942608152 -172.24471465105233 128.76500009999998  147.35017496717629 -172.19935594679953 128.76500009999998  147.39084357428251 -172.15714016249228 128.76500009999998  147.43654475629438 -172.11846437758868 128.76500009999998  147.54047942832187 -172.04580538726015 128.76500009999998  147.59942503452021 -172.0124538489253 128.76500009999998  147.66235503298108 -171.98374937593627 128.76500009999998  147.72837059699819 -171.95974023466124 128.76500009999998  147.8684777188023 -171.92011671574511 128.76500009999998  147.94279796711376 -171.9049794666762 128.76500009999998  148.01883398960157 -171.89496964291078 128.76500009999998  148.09583742844322 -171.88999999999999 128.76500009999998  148.17312564273962 -171.88999999999999 128.76500009999998 
 0 6 0.23127462807911256 4 0.47038689467834727 4 0.72879422886550893 4 1 6
1 147.21722267330662 -173.49000000000001 128.76500009999998 -1.2246467991473532e-16 -1 2.33486982377251e-16 
1 171.16999999999999 -173.49000000000001 128.76500009999998 -1 1.2246467991473532e-16 0 
2 141.96999999999997 -174.29000000000002 128.76500009999998 2.8593908561087489e-32 2.33486982377251e-16 1 -1 1.2246467991473532e-16 0 -1.2246467991473532e-16 -1 2.33486982377251e-16 0.79999999999999982
1 140.51999999999998 -200.38999999999999 132.5900001 1.2246467991473532e-16 1 -2.33486982377251e-16 
2 143.71999999999997 -198.74000000000001 132.5900001 1.2246467991473532e-16 1 -2.33486982377251e-16 -1 1.2246467991473532e-16 0 2.8593908561087489e-32 2.33486982377251e-16 1 3.2000000000000002
2 165.56999999999996 -198.74000000000001 107.7400001 -2.8593908561087489e-32 -2.33486982377251e-16 -1 -1 1.2246467991473532e-16 0 1.2246467991473532e-16 1 -2.33486982377251e-16 0.65000000000000002
2 168.11999999999998 -198.08999999999997 107.7400001 1.2246467991473532e-16 1 -2.33486982377251e-16 -1 1.2246467991473532e-16 0 2.8593908561087489e-32 2.33486982377251e-16 1 2.5500000000000003
2 141.16999999999999 -198.74000000000001 107.7400001 -2.8593908561087489e-32 -2.33486982377251e-16 -1 -1 1.2246467991473532e-16 0 1.2246467991473532e-16 1 -2.33486982377251e-16 0.65000000000000002
2 143.71999999999997 -198.08999999999997 107.7400001 1.2246467991473532e-16 1 -2.33486982377251e-16 -1 1.2246467991473532e-16 0 2.8593908561087489e-32 2.33486982377251e-16 1 2.5500000000000003
1 169.56999999999999 -171.88999999999999 111.56500009999999 2.8593908561087489e-32 2.33486982377251e-16 1 
8 0 5.2702310514436181
2 155.76999999999998 -171.88999999999999 120.06500009999999 -1.2246467991473532e-16 -1 2.33486982377251e-16 -0.48509965664811439 2.6358233798856928e-16 0.87445887445887449 -0.87445887445887449 -6.174128823802994e-18 -0.48509965664811439 11.549999999999999
1 141.96999999999997 -171.88999999999999 111.56500009999999 2.8593908561087489e-32 2.33486982377251e-16 1 
8 0 5.2702310514436181
2 155.76999999999998 -171.88999999999999 120.06500009999999 -1.2246467991473532e-16 -1 2.33486982377251e-16 -0.48509965664811439 2.6358233798856928e-16 0.87445887445887449 -0.87445887445887449 -6.174128823802994e-18 -0.48509965664811439 11.549999999999999
1 161.91999999999999 -171.88999999999999 130.16500009999999 -1 1.2246467991473532e-16 0 
1 150.56999999999999 -171.88999999999999 127.96500009999998 2.8593908561087489e-32 2.33486982377251e-16 1 
2 155.76999999999998 -171.88999999999999 120.06500009999999 1.2246467991473532e-16 1 -2.33486982377251e-16 -1 1.2246467991473532e-16 0 2.8593908561087489e-32 2.33486982377251e-16 1 11.549999999999999
1 160.96999999999997 -171.88999999999999 127.96500009999998 2.8593908561087489e-32 2.33486982377251e-16 1 
1 161.91999999999999 -171.88999999999999 130.16500009999999 -1 1.2246467991473532e-16 0 
8 0 5.2702310514436181
2 155.76999999999998 -171.88999999999999 120.06500009999999 -1.2246467991473532e-16 -1 2.33486982377251e-16 -0.48509965664811439 2.6358233798856928e-16 0.87445887445887449 -0.87445887445887449 -6.174128823802994e-18 -0.48509965664811439 11.549999999999999
1 169.56999999999999 -173.49000000000001 110.56500009999999 2.8593908561087489e-32 2.33486982377251e-16 1 
8 0 5.0921878440858315
2 155.76999999999998 -173.49000000000001 120.06500009999999 -1.2246467991473532e-16 -1 2.33486982377251e-16 -0.5609217085549385 2.6198969766018033e-16 0.82786885245901642 -0.82786885245901642 -2.9583223052611754e-17 -0.5609217085549385 12.199999999999999
1 141.96999999999997 -173.49000000000001 110.56500009999999 2.8593908561087489e-32 2.33486982377251e-16 1 
8 0 5.0921878440858315
2 155.76999999999998 -173.49000000000001 120.06500009999999 -1.2246467991473532e-16 -1 2.33486982377251e-16 -0.5609217085549385 2.6198969766018033e-16 0.82786885245901642 -0.82786885245901642 -2.9583223052611754e-17 -0.5609217085549385 12.199999999999999
1 161.91999999999999 -173.49000000000001 130.16500009999999 -1 1.2246467991473532e-16 0 
8 0 5.1043902510026875
2 155.76999999999998 -173.49000000000001 120.06500009999999 1.2246467991473532e-16 1 -2.33486982377251e-16 0.55586030355190019 1.2601880527291964e-16 0.83127572016460904 0.83127572016460904 -2.3158805989048583e-16 -0.55586030355190019 12.15
1 161.91999999999999 -173.49000000000001 130.16500009999999 -1 1.2246467991473532e-16 0 
8 0 5.0921878440858315
2 155.76999999999998 -173.49000000000001 120.06500009999999 -1.2246467991473532e-16 -1 2.33486982377251e-16 -0.5609217085549385 2.6198969766018033e-16 0.82786885245901642 -0.82786885245901642 -2.9583223052611754e-17 -0.5609217085549385 12.199999999999999
8 0 5.0921878440858315
2 155.76999999999998 -172.54000000000002 120.06500009999999 -1.2246467991473532e-16 -1 2.33486982377251e-16 -0.5609217085549385 2.6198969766018033e-16 0.82786885245901642 -0.82786885245901642 -2.9583223052611754e-17 -0.5609217085549385 12.199999999999999
1 162.61324484437023 -173.49000000000001 130.16500009999999 -1.2246467991473532e-16 -1 2.33486982377251e-16 
7 0 0  6 22 5  162.61324484437023 -172.54000000000002 130.16500009999999  162.61324484437023 -172.4900133758652 130.16500009999999  162.6050209612946 -172.44000478318293 130.16500009999999  162.5885601447176 -172.39092218203615 130.16500009999999  162.56439809594687 -172.34357006484555 130.16500009999999  162.53333245472052 -172.29853502820657 130.16500009999999  162.47294546699413 -172.22956167587017 130.16500009999999  162.44722809930562 -172.20397494738103 130.16500009999999  162.41933713280071 -172.17953619352011 130.16500009999999  162.38948548447595 -172.15629703362748 130.16500009999999  162.35787471016835 -172.13428314249012 130.16500009999999  162.26522218477805 -172.07627431888301 130.16500009999999  162.2007062285596 -172.04301455073886 130.16500009999999  162.13213700654708 -172.01373879507787 130.16500009999999  162.06035466085837 -171.98834778589355 130.16500009999999  161.98602429438313 -171.9666836438787 130.16500009999999  161.82453954443866 -171.92843338252078 130.16500009999999  161.73692178439222 -171.9127113737303 130.16500009999999  161.64745326192849 -171.90119895679584 130.16500009999999  161.55668069854974 -171.89368813419372 130.16500009999999  161.46504315996606 -171.88999999999999 130.16500009999999  161.37290103428569 -171.88999999999999 130.16500009999999 
 0 7 0.24914168071518564 5 0.4060161270592948 5 0.6870397278872602 5 1 7
8 0 5.0921878440858315
2 155.76999999999998 -172.54000000000002 120.06500009999999 -1.2246467991473532e-16 -1 2.33486982377251e-16 -0.5609217085549385 2.6198969766018033e-16 0.82786885245901642 -0.82786885245901642 -2.9583223052611754e-17 -0.5609217085549385 12.199999999999999
2 165.56999999999996 -198.74000000000001 132.5900001 -2.8593908561087489e-32 -2.33486982377251e-16 -1 -1 1.2246467991473532e-16 0 1.2246467991473532e-16 1 -2.33486982377251e-16 0.65000000000000002
2 168.11999999999998 -198.08999999999997 132.5900001 1.2246467991473532e-16 1 -2.33486982377251e-16 -1 1.2246467991473532e-16 0 2.8593908561087489e-32 2.33486982377251e-16 1 2.5500000000000003
8 0 5.0921878440858315
2 155.76999999999998 -172.54000000000002 120.06500009999999 -1.2246467991473532e-16 -1 2.33486982377251e-16 -0.5609217085549385 2.6198969766018033e-16 0.82786885245901642 -0.82786885245901642 -2.9583223052611754e-17 -0.5609217085549385 12.199999999999999
7 0 0  6 22 5  148.92675515562973 -172.54000000000002 130.16500009999999  148.92675515562973 -172.49001337586606 130.16500009999999  148.93497903870502 -172.44000478318463 130.16500009999999  148.95143985528162 -172.39092218203865 130.16500009999999  148.97560190405136 -172.34357006484879 130.16500009999999  149.0066675452768 -172.29853502821038 130.16500009999999  149.06705453300168 -172.22956167587438 130.16500009999999  149.09277190068983 -172.20397494738518 130.16500009999999  149.1206628671944 -172.17953619352409 130.16500009999999  149.15051451551884 -172.15629703363135 130.16500009999999  149.1821252898261 -172.13428314249387 130.16500009999999  149.27477781521557 -172.07627431888642 130.16500009999999  149.33929377143352 -172.04301455074204 130.16500009999999  149.4078629934456 -172.01373879508071 130.16500009999999  149.47964533913395 -171.98834778589611 130.16500009999999  149.55397570560874 -171.96668364388097 130.16500009999999  149.71546045555408 -171.92843338252209 130.16500009999999  149.8030782156018 -171.91271137373104 130.16500009999999  149.89254673806698 -171.90119895679624 130.16500009999999  149.98331930144721 -171.89368813419384 130.16500009999999  150.07495684003234 -171.88999999999999 130.16500009999999  150.16709896571425 -171.88999999999999 130.16500009999999 
 0 7 0.24914168071085754 5 0.40601612705466705 5 0.68703972788206769 5 1 7
1 148.92675515562973 -173.49000000000001 130.16500009999999 -1.2246467991473532e-16 -1 2.33486982377251e-16 
2 141.16999999999999 -198.74000000000001 132.5900001 -2.8593908561087489e-32 -2.33486982377251e-16 -1 -1 1.2246467991473532e-16 0 1.2246467991473532e-16 1 -2.33486982377251e-16 0.65000000000000002
2 143.71999999999997 -198.08999999999997 132.5900001 1.2246467991473532e-16 1 -2.33486982377251e-16 -1 1.2246467991473532e-16 0 2.8593908561087489e-32 2.33486982377251e-16 1 2.5500000000000003
7 0 0  5 18 5  148.15340627314282 -173.99000000000001 130.16500009999999  148.15340627314282 -173.95092658377251 130.16500009999999  148.1597455409397 -173.91184598742348 130.16500009999999  148.17242791152739 -173.87345652500511 130.16500009999999  148.19107385764593 -173.8363859210807 130.16500009999999  148.24007577866794 -173.76445256681217 130.16500009999999  148.27086362383383 -173.7297238908252 130.16500009999999  148.30684185561159 -173.69742746222664 130.16500009999999  148.34723587785402 -173.66784713575453 130.16500009999999  148.44016175468772 -173.61156955850151 130.16500009999999  148.49352271414307 -173.5855114718575 130.16500009999999  148.55052549964537 -173.56313043974171 130.16500009999999  148.61034907418215 -173.54443370007584 130.16500009999999  148.73777745642619 -173.51349508053039 130.16500009999999  148.80562004021408 -173.50167302975024 130.16500009999999  148.87508602584126 -173.49387028246008 130.16500009999999  148.94551307098388 -173.49000000000001 130.16500009999999  149.0162973118444 -173.49000000000001 130.16500009999999 
 0 6 0.22725358956665331 4 0.46332156460127649 4 0.72438956624246864 4 1 6
1 148.15340627314282 -178.08999999999997 130.16500009999999 -1.2246467991473532e-16 -1 2.33486982377251e-16 
7 0 0  5 18 5  148.15340627314282 -177.58999999999997 130.16500009999999  148.15340627314282 -177.62907341622747 130.16500009999999  148.1597455409397 -177.66815401257651 130.16500009999999  148.17242791152739 -177.70654347499487 130.16500009999999  148.19107385764593 -177.74361407891928 130.16500009999999  148.24007577866794 -177.81554743318782 130.16500009999999  148.27086362383383 -177.85027610917479 130.16500009999999  148.30684185561159 -177.88257253777334 130.16500009999999  148.34723587785402 -177.91215286424546 130.16500009999999  148.44016175468772 -177.96843044149847 130.16500009999999  148.4935227141431 -177.99448852814248 130.16500009999999  148.55052549964537 -178.01686956025827 130.16500009999999  148.61034907418215 -178.03556629992414 130.16500009999999  148.73777745642616 -178.06650491946959 130.16500009999999  148.80562004021411 -178.07832697024975 130.16500009999999  148.87508602584126 -178.0861297175399 130.16500009999999  148.94551307098388 -178.08999999999997 130.16500009999999  149.0162973118444 -178.08999999999997 130.16500009999999 
 0 6 0.22725358956665981 4 0.46332156460129009 4 0.72438956624248418 4 1 6
1 149.0162973118444 -200.08999999999997 130.16500009999999 -1.2246467991473532e-16 -1 2.33486982377251e-16 
1 168.06999999999999 -178.29000000000002 130.16500009999999 -1 1.2246467991473532e-16 0 
8 1.5707963267948966 3.1415926535897931
2 146.46999999999997 -175.29000000000002 130.16500009999999 2.8593908561087489e-32 2.33486982377251e-16 1 1.2246467991473532e-16 1 -2.33486982377251e-16 -1 1.2246467991473532e-16 0 3
1 143.46999999999997 -178.29000000000002 130.16500009999999 1.2246467991473532e-16 1 -2.33486982377251e-16 
8 4.7123889803846897 6.2831853071795862
2 146.46999999999997 -173.99000000000001 130.16500009999999 -2.8593908561087489e-32 -2.33486982377251e-16 -1 1.2246467991473532e-16 1 -2.33486982377251e-16 1 -1.2246467991473532e-16 0 3
1 168.06999999999999 -170.99000000000001 130.16500009999999 -1 1.2246467991473532e-16 0 
1 150.56999999999999 -175.38999999999999 130.16500009999999 -1.2246467991473532e-16 -1 2.33486982377251e-16 
1 150.56999999999999 -170.99000000000001 129.06500009999999 2.8593908561087489e-32 2.33486982377251e-16 1 
1 150.56999999999999 -172.49000000000001 134.9650001 1.2246467991473532e-16 1 -2.33486982377251e-16 
1 150.56999999999999 -171.88999999999999 127.96500009999998 2.8593908561087489e-32 2.33486982377251e-16 1 
7 0 0  6 32 7  160.9700000000006 -171.89000000000004 130.37821977185774  160.9700000000006 -171.89000000000004 130.38145935756916  160.9700000000004 -171.8900154479598 130.38469882394475  160.96999999999994 -171.89004634620096 130.38793802557939  160.969999997016 -171.89009269511774 130.39117681782116  160.96999998508201 -171.89015449317691 130.39441505677104  160.96999940925016 -171.89164540407421 130.45690409927607  160.96999219741298 -171.89823314922927 130.51594661910573  160.96992805451208 -171.90997897196343 130.57383372286137  160.96940224931203 -171.92661334736937 130.62984437991099  160.96774749909682 -171.94763611012195 130.68349471262118  160.96052652433312 -171.9997310897557 130.79085277490998  160.9545645371683 -172.03163683732799 130.84398631413853  160.94554287932556 -172.06725240919707 130.89358972831758  160.93254371678751 -172.1055541362357 130.93963226342987  160.91488624099682 -172.14542401049789 130.98226366257273  160.87400170273867 -172.21760816877423 131.05318183639491  160.8527004452566 -172.24975921118164 131.08259653507088  160.8279294279632 -172.28157386579022 131.11025309959928  160.79954264441864 -172.31241812823009 131.13636340954585  160.7675274045836 -172.34161361924504 131.16121333475917  160.71787845275495 -172.37917775908295 131.19462085013433  160.70318807219678 -172.38950418230104 131.20398134776627  160.68795487729702 -172.39941685207737 131.21320777130362  160.67219371268195 -172.40887143264865 131.2223184219049  160.65592508295288 -172.41782391160683 131.23133042821945  160.59938159347769 -172.44620740702487 131.26147096613477  160.55685361897986 -172.46311875895145 131.28222172959573  160.511980880344 -172.47637085285862 131.30268615644809  160.46535062866093 -172.48544306685318 131.32299168921139  160.41773301981405 -172.49000000000001 131.34304270361048  160.36999999999998 -172.49000000000001 131.36247818200229 
 0 7 0.012969709166237218 5 0.25033330198944154 5 0.5127191776877893 5 0.72060243417927838 5 0.8033661521126324 5 1 7
7 0 0  5 6 2  160.76999999999998 -172.49000000000001 131.1912308639794  160.76999999999998 -172.42123204002365 131.18541419025993  160.76999999999998 -172.35320065219395 131.16959914880943  160.76999999999998 -172.2876455788188 131.14395113230603  160.76999999999998 -172.22615759762459 131.10921209119761  160.76999999999998 -172.17000000000002 131.06650452600826 
 0 6 1 6
2 155.76999999999998 -172.29000000000002 120.06500009999999 1.2246467991473532e-16 1 -2.33486982377251e-16 -1 1.2246467991473532e-16 0 2.8593908561087489e-32 2.33486982377251e-16 1 12.149999999999997
7 0 0  5 6 2  150.76999999999998 -172.49000000000001 131.1912308639794  150.76999999999998 -172.42123204002365 131.18541419025996  150.76999999999998 -172.35320065219395 131.16959914880943  150.76999999999998 -172.2876455788188 131.14395113230603  150.76999999999998 -172.22615759762459 131.10921209119761  150.76999999999998 -172.17000000000002 131.06650452600826 
 0 6 1 6
7 0 0  6 27 6  151.16999999999999 -172.49000000000001 131.36247818200229  151.12203678227363 -172.49000000000001 131.34294897380732  151.07418969423657 -172.48539902200702 131.32279813163336  151.0273424627739 -172.47623909492694 131.30239150610339  150.98227808363242 -172.46286150435077 131.28182553012374  150.93959068746332 -172.44579773939518 131.26096922155827  150.88299121197946 -172.41723332962761 131.23073254892552  150.86679211802223 -172.4082761111423 131.22173849561167  150.85109881142677 -172.39882126790633 131.21264558145629  150.8359314503885 -172.38891248747183 131.20343676446856  150.82130460842666 -172.37859375868157 131.1940938671049  150.77197049144843 -172.34114504960399 131.16081639717862  150.74017330532621 -172.31208858458723 131.13608489452361  150.71196503604509 -172.28140707303726 131.11010416855868  150.68733250125473 -172.2497675787223 131.08259343608117  150.66613222157324 -172.21779382762981 131.05334406033981  150.62520348106676 -172.14564644397853 130.98250762992049  150.60747028449202 -172.10563859130372 130.93975257223877  150.59442784952023 -172.06720616666536 130.89356422190832  150.58538908949717 -172.03147833715582 130.84379121652381  150.57942629830899 -171.999488713912 130.79046489920904  150.57205010222162 -171.94608190840148 130.68018469184594  150.57041856514826 -171.92419974567252 130.62353215256701  150.56999656560623 -171.90722690674488 130.56428672494786  150.57000090482296 -171.89573351253551 130.50302957990408  150.57000000000014 -171.88999999999999 130.44063014066518  150.57000000000014 -171.88999999999999 130.37821977185811 
 0 7 0.19758921173869604 5 0.28014058669337649 5 0.48690129582661529 5 0.75014218676146005 5 1 7
1 160.96999999999997 -175.38999999999999 130.16500009999999 -1.2246467991473532e-16 -1 2.33486982377251e-16 
1 160.96999999999997 -170.99000000000001 129.06500009999999 2.8593908561087489e-32 2.33486982377251e-16 1 
1 160.96999999999997 -172.49000000000001 134.9650001 1.2246467991473532e-16 1 -2.33486982377251e-16 
1 160.96999999999997 -171.88999999999999 127.96500009999998 2.8593908561087489e-32 2.33486982377251e-16 1 
1 168.06999999999999 -178.29000000000002 130.16500009999999 -1 1.2246467991473532e-16 0 
1 162.52370268815557 -200.08999999999997 130.16500009999999 -1.2246467991473532e-16 -1 2.33486982377251e-16 
7 0 0  5 18 5  163.38659372685714 -177.58999999999997 130.16500009999999  163.38659372685714 -177.62907341622747 130.16500009999999  163.38025445906027 -177.66815401257651 130.16500009999999  163.36757208847254 -177.70654347499487 130.16500009999999  163.34892614235403 -177.74361407891928 130.16500009999999  163.29992422133202 -177.81554743318782 130.16500009999999  163.26913637616613 -177.85027610917479 130.16500009999999  163.23315814438837 -177.88257253777334 130.16500009999999  163.19276412214595 -177.91215286424546 130.16500009999999  163.09983824531224 -177.96843044149847 130.16500009999999  163.04647728585692 -177.99448852814248 130.16500009999999  162.98947450035453 -178.01686956025827 130.16500009999999  162.92965092581784 -178.03556629992414 130.16500009999999  162.80222254357381 -178.06650491946959 130.16500009999999  162.73437995978585 -178.07832697024975 130.16500009999999  162.66491397415871 -178.0861297175399 130.16500009999999  162.59448692901609 -178.08999999999997 130.16500009999999  162.52370268815557 -178.08999999999997 130.16500009999999 
 0 6 0.22725358956665354 4 0.46332156460128626 4 0.72438956624255413 4 1 6
1 163.38659372685714 -178.08999999999997 130.16500009999999 -1.2246467991473532e-16 -1 2.33486982377251e-16 
7 0 0  5 18 5  163.38659372685714 -173.99000000000001 130.16500009999999  163.38659372685714 -173.95092658377251 130.16500009999999  163.38025445906027 -173.91184598742348 130.16500009999999  163.36757208847254 -173.87345652500511 130.16500009999999  163.34892614235403 -173.8363859210807 130.16500009999999  163.29992422133202 -173.76445256681217 130.16500009999999  163.26913637616613 -173.7297238908252 130.16500009999999  163.23315814438837 -173.69742746222664 130.16500009999999  163.19276412214595 -173.66784713575453 130.16500009999999  163.09983824531224 -173.61156955850151 130.16500009999999  163.04647728585689 -173.5855114718575 130.16500009999999  162.98947450035459 -173.56313043974171 130.16500009999999  162.92965092581781 -173.54443370007584 130.16500009999999  162.80222254357378 -173.51349508053039 130.16500009999999  162.73437995978588 -173.50167302975024 130.16500009999999  162.66491397415868 -173.49387028246008 130.16500009999999  162.59448692901611 -173.49000000000001 130.16500009999999  162.52370268815557 -173.49000000000001 130.16500009999999 
 0 6 0.22725358956664155 4 0.46332156460125773 4 0.72438956624245687 4 1 6
1 168.06999999999999 -170.99000000000001 130.16500009999999 -1 1.2246467991473532e-16 0 
8 4.7123889803846897 6.2831853071795862
2 165.06999999999999 -173.99000000000001 130.16500009999999 2.8593908561087489e-32 2.33486982377251e-16 1 1.2246467991473532e-16 1 -2.33486982377251e-16 -1 1.2246467991473532e-16 0 3
1 168.06999999999999 -178.29000000000002 130.16500009999999 1.2246467991473532e-16 1 -2.33486982377251e-16 
8 1.5707963267948966 3.1415926535897931
2 165.06999999999999 -175.29000000000002 130.16500009999999 -2.8593908561087489e-32 -2.33486982377251e-16 -1 1.2246467991473532e-16 1 -2.33486982377251e-16 1 -1.2246467991473532e-16 0 3
8 0 4.9909222168881238
2 155.76999999999998 -173.99000000000001 120.06500009999999 -1.2246467991473535e-16 -1 2.33486982377251e-16 -0.60210227089780011 2.6015669840398256e-16 0.79841897233201575 -0.79841897233201575 -4.2804918429925218e-17 -0.60210227089780011 12.65
8 0 4.9909222168881238
2 155.76999999999998 -177.58999999999997 120.06500009999999 -1.2246467991473535e-16 -1 2.33486982377251e-16 -0.60210227089780011 2.6015669840398256e-16 0.79841897233201575 -0.79841897233201575 -4.2804918429925218e-17 -0.60210227089780011 12.65
2 155.76999999999998 -178.08999999999997 120.06500009999999 1.2246467991473532e-16 1 -2.33486982377251e-16 -1 1.2246467991473532e-16 0 2.8593908561087489e-32 2.33486982377251e-16 1 12.15
2 155.76999999999998 -178.08999999999997 120.06500009999999 1.2246467991473532e-16 1 -2.33486982377251e-16 -1 1.2246467991473532e-16 0 2.8593908561087489e-32 2.33486982377251e-16 1 12.15
1 143.61999999999998 -200.08999999999997 120.06500009999999 1.2246467991473532e-16 1 -2.33486982377251e-16 
2 155.76999999999998 -178.29000000000002 120.06500009999999 -1.2246467991473532e-16 -1 2.33486982377251e-16 -1 1.2246467991473532e-16 0 -2.8593908561087489e-32 -2.33486982377251e-16 -1 12.15
2 155.76999999999998 -199.49000000000001 120.06500009999999 1.2246467991473532e-16 1 -2.33486982377251e-16 -1 1.2246467991473532e-16 0 2.8593908561087489e-32 2.33486982377251e-16 1 12.15
1 168.06999999999999 -178.29000000000002 136.36500009999997 -1 1.2246467991473532e-16 0 
1 156.91999999999999 -178.29000000000002 133.59292781947238 2.8593908561087489e-32 2.33486982377251e-16 1 
1 162.49499999999998 -178.29000000000002 135.66500009999999 1 -1.2246467991473532e-16 0 
1 154.71999999999997 -178.29000000000002 133.59292781947238 2.8593908561087489e-32 2.33486982377251e-16 1 
1 168.06999999999999 -178.29000000000002 136.36500009999997 -1 1.2246467991473532e-16 0 
1 146.46999999999997 -178.29000000000002 130.16500009999999 2.8593908561087489e-32 2.33486982377251e-16 1 
1 165.06999999999999 -178.29000000000002 130.16500009999999 2.8593908561087489e-32 2.33486982377251e-16 1 
1 143.46999999999997 -175.29000000000002 130.16500009999999 2.8593908561087489e-32 2.33486982377251e-16 1 
8 1.5707963267948966 3.1415926535897931
2 146.46999999999997 -175.29000000000002 136.36500009999997 2.8593908561087489e-32 2.33486982377251e-16 1 1.2246467991473532e-16 1 -2.33486982377251e-16 -1 1.2246467991473532e-16 0 3
1 143.46999999999997 -173.99000000000001 130.16500009999999 2.8593908561087489e-32 2.33486982377251e-16 1 
1 143.46999999999997 -178.29000000000002 136.36500009999997 1.2246467991473532e-16 1 -2.33486982377251e-16 
1 146.46999999999997 -170.99000000000001 130.16500009999999 2.8593908561087489e-32 2.33486982377251e-16 1 
8 4.7123889803846897 6.2831853071795862
2 146.46999999999997 -173.99000000000001 136.36500009999997 -2.8593908561087489e-32 -2.33486982377251e-16 -1 1.2246467991473532e-16 1 -2.33486982377251e-16 1 -1.2246467991473532e-16 0 3
1 168.06999999999999 -170.99000000000001 136.36500009999997 -1 1.2246467991473532e-16 0 
1 164.51999999999998 -170.99000000000001 134.9650001 1 -1.2246467991473532e-16 0 
1 165.06999999999999 -170.99000000000001 130.16500009999999 2.8593908561087489e-32 2.33486982377251e-16 1 
1 160.96999999999997 -172.49000000000001 134.9650001 -1 1.2246467991473532e-16 0 
8 1.5707963267948966 3.1415926535897931
2 151.16999999999999 -171.88999999999999 134.9650001 2.8593908561087489e-32 2.33486982377251e-16 1 1.2246467991473532e-16 1 -2.33486982377251e-16 -1 1.2246467991473532e-16 0 0.59999999999999998
8 1.5707963267948966 3.1415926535897931
2 160.36999999999998 -171.88999999999999 134.9650001 -2.8593908561087489e-32 -2.33486982377251e-16 -1 1.2246467991473532e-16 1 -2.33486982377251e-16 1 -1.2246467991473532e-16 0 0.59999999999999998
1 151.16999999999999 -172.49000000000001 127.96500009999998 2.8593908561087489e-32 2.33486982377251e-16 1 
7 0 0  6 17 4  150.76999999999998 -172.33721359549997 134.06500009999999  150.76999999999998 -172.33721359549997 134.0965416561898  150.77198976760536 -172.3389932238851 134.12792486459603  150.77593165013619 -172.34251929051902 134.15897090197944  150.78176347902422 -172.34761513653461 134.18948245242603  150.78937642864986 -172.35396268196791 134.21920022556952  150.81302575402026 -172.37260795299301 134.29313516515506  150.83150262040198 -172.38630776614406 134.3360267275539  150.8535043475643 -172.40111343800953 134.37636137169358  150.87866004934088 -172.41596410386626 134.4139614960182  150.90665214780947 -172.4301422876689 134.44875299109202  150.96992651793278 -172.45676568027437 134.51462090167956  151.00560810008764 -172.46906105502643 134.545362757948  151.04393177077415 -172.47909698536 134.57255597125962  151.08443640372133 -172.48623838870429 134.59594580429112  151.12663240855093 -172.49000000000001 134.61535276595055  151.16999999999999 -172.49000000000001 134.63068552494923 
 0 7 0.23402616563993683 5 0.60507007475516972 5 1 7
1 150.76999999999998 -172.33721359549997 127.96500009999998 2.8593908561087489e-32 2.33486982377251e-16 1 
1 160.36999999999998 -172.49000000000001 127.96500009999998 2.8593908561087489e-32 2.33486982377251e-16 1 
7 0 0  6 17 4  160.76999999999998 -172.33721359549997 134.06500009999999  160.76999999999998 -172.33721359549997 134.0965416561898  160.7680102323946 -172.33899322388504 134.12792486459603  160.76406834986378 -172.34251929051908 134.15897090197944  160.75823652097574 -172.34761513653456 134.18948245242603  160.7506235713501 -172.35396268196791 134.21920022556952  160.7269742459797 -172.37260795299301 134.29313516515512  160.70849737959799 -172.38630776614406 134.33602672755381  160.68649565243572 -172.40111343800953 134.3763613716936  160.66133995065897 -172.41596410386626 134.41396149601826  160.63334785219061 -172.4301422876689 134.44875299109191  160.57007348206713 -172.45676568027443 134.51462090167962  160.53439189991241 -172.46906105502637 134.54536275794788  160.49606822922578 -172.47909698536 134.57255597125967  160.45556359627872 -172.48623838870424 134.59594580429109  160.41336759144897 -172.49000000000001 134.61535276595058  160.36999999999998 -172.49000000000001 134.63068552494923 
 0 7 0.23402616563974965 5 0.60507007475529639 5 1 7
1 160.76999999999998 -172.33721359549997 127.96500009999998 2.8593908561087489e-32 2.33486982377251e-16 1 
1 160.76999999999998 -172.28999999999996 73.365000099999975 2.8593908561087489e-32 2.33486982377251e-16 1 
1 160.76999999999998 -173.49000000000001 134.06500009999999 1.2246467991473532e-16 1 -2.33486982377251e-16 
8 1.5707963267948966 3.1415926535897931
2 160.16999999999999 -172.29000000000002 134.06500009999999 -1.2246467991473532e-16 -1 2.33486982377251e-16 -2.8593908561087489e-32 -2.33486982377251e-16 -1 1 -1.2246467991473532e-16 0 0.59999999999999998
1 160.76999999999998 -172.28999999999996 79.865000099999975 -1 1.2246467991473532e-16 0 
8 1.5707963267948966 3.1415926535897931
2 151.36999999999998 -172.29000000000002 134.06500009999999 1.2246467991473532e-16 1 -2.33486982377251e-16 -2.8593908561087489e-32 -2.33486982377251e-16 -1 -1 1.2246467991473532e-16 0 0.59999999999999998
1 150.76999999999998 -172.28999999999996 73.365000099999975 2.8593908561087489e-32 2.33486982377251e-16 1 
1 150.76999999999998 -173.49000000000001 134.06500009999999 1.2246467991473532e-16 1 -2.33486982377251e-16 
1 168.06999999999999 -173.99000000000001 130.16500009999999 2.8593908561087489e-32 2.33486982377251e-16 1 
8 4.7123889803846897 6.2831853071795862
2 165.06999999999999 -173.99000000000001 136.36500009999997 2.8593908561087489e-32 2.33486982377251e-16 1 1.2246467991473532e-16 1 -2.33486982377251e-16 -1 1.2246467991473532e-16 0 3
1 168.06999999999999 -175.29000000000002 130.16500009999999 2.8593908561087489e-32 2.33486982377251e-16 1 
1 168.06999999999999 -178.29000000000002 136.36500009999997 1.2246467991473532e-16 1 -2.33486982377251e-16 
8 1.5707963267948966 3.1415926535897931
2 165.06999999999999 -175.29000000000002 136.36500009999997 -2.8593908561087489e-32 -2.33486982377251e-16 -1 1.2246467991473532e-16 1 -2.33486982377251e-16 1 -1.2246467991473532e-16 0 3
2 144.21999999999997 -199.49000000000001 120.06500009999999 2.8593908561087489e-32 2.33486982377251e-16 1 -1 1.2246467991473532e-16 0 -1.2246467991473532e-16 -1 2.33486982377251e-16 0.59999999999999998
2 155.76999999999998 -200.08999999999997 120.06500009999999 1.2246467991473532e-16 1 -2.33486982377251e-16 -1 1.2246467991473532e-16 0 2.8593908561087489e-32 2.33486982377251e-16 1 11.550000000000001
1 156.91999999999999 -176.62931103209621 136.36500009999997 -1.2246467991473532e-16 -1 2.33486982377251e-16 
1 156.91999999999999 -171.19 136.36500009999997 -1 1.2246467991473532e-16 0 
1 154.71999999999997 -176.62931103209621 136.36500009999997 -1.2246467991473532e-16 -1 2.33486982377251e-16 
1 167.64499999999998 -175.19 136.36500009999997 -1 1.2246467991473532e-16 0 
1 167.2174937185533 -176.99000000000001 136.36500009999997 1.2246467991473532e-16 1 -2.33486982377251e-16 
1 159.52250628144668 -176.99000000000001 136.36500009999997 1.2246467991473532e-16 1 -2.33486982377251e-16 
1 167.64499999999998 -176.99000000000001 136.36500009999997 -1 1.2246467991473532e-16 0 
1 160.19499999999999 -175.19 136.36500009999997 -1 1.2246467991473532e-16 0 
1 144.62250628144668 -176.99000000000001 136.36500009999997 1.2246467991473532e-16 1 -2.33486982377251e-16 
1 160.19499999999999 -176.99000000000001 136.36500009999997 -1 1.2246467991473532e-16 0 
1 152.31749371855329 -176.99000000000001 136.36500009999997 1.2246467991473532e-16 1 -2.33486982377251e-16 
1 156.91999999999999 -171.19 135.66500009999999 -1.2246467991473532e-16 -1 2.33486982377251e-16 
2 156.91999999999999 -173.25818181818181 136.59681828181817 -1 1.2246467991473532e-16 7.3902203856751048e-34 -1.3641384621990304e-17 -0.1113903586853611 0.99377672944779027 1.2170254907853616e-16 0.99377672944779027 0.1113903586853611 2.0811332735986241
1 156.91999999999999 -177.08999999999997 138.66500009999999 1.2246467991473532e-16 1 -2.33486982377251e-16 
2 156.91999999999999 -177.28516574585637 137.37480672983423 -1 1.2246467991473532e-16 -8.1124635351900479e-36 -1.2246122138650397e-16 -0.99997175897382207 -0.0075154011736128651 -9.2037119915732562e-19 -0.0075154011736128651 0.99997175897382207 1.3048711050426864
1 156.91999999999999 -178.58999999999997 135.66500009999999 2.8593908561087489e-32 2.33486982377251e-16 1 
1 156.91999999999999 -178.58999999999997 135.66500009999999 -1 1.2246467991473532e-16 0 
1 154.71999999999997 -171.19 135.66500009999999 -1.2246467991473532e-16 -1 2.33486982377251e-16 
2 154.71999999999997 -173.25818181818181 136.59681828181817 -1 1.2246467991473532e-16 7.3902203856751048e-34 -1.3641384621990304e-17 -0.1113903586853611 0.99377672944779027 1.2170254907853616e-16 0.99377672944779027 0.1113903586853611 2.0811332735986241
1 154.71999999999997 -177.08999999999997 138.66500009999999 1.2246467991473532e-16 1 -2.33486982377251e-16 
2 154.71999999999997 -177.28516574585637 137.37480672983423 -1 1.2246467991473532e-16 -8.1124635351900479e-36 -1.2246122138650397e-16 -0.99997175897382207 -0.0075154011736128651 -9.2037119915732562e-19 -0.0075154011736128651 0.99997175897382207 1.3048711050426864
1 154.71999999999997 -178.58999999999997 135.66500009999999 2.8593908561087489e-32 2.33486982377251e-16 1 
2 151.36999999999998 -172.49000000000001 134.06500009999999 1.2246467991473532e-16 1 -2.33486982377251e-16 -1 1.2246467991473532e-16 0 2.8593908561087489e-32 2.33486982377251e-16 1 0.59999999999999998
1 160.86999999999998 -172.49000000000001 134.66500009999999 1 -1.2246467991473532e-16 0 
2 160.16999999999999 -172.49000000000001 134.06500009999999 1.2246467991473532e-16 1 -2.33486982377251e-16 1 -1.2246467991473532e-16 0 -2.8593908561087489e-32 -2.33486982377251e-16 -1 0.59999999999999998
1 151.36999999999998 -173.49000000000001 134.66500009999999 1.2246467991473532e-16 1 -2.33486982377251e-16 
1 160.16999999999999 -173.49000000000001 134.66500009999999 1.2246467991473532e-16 1 -2.33486982377251e-16 
1 156.91999999999999 -173.49000000000001 138.66500009999999 -1 1.2246467991473532e-16 0 
1 167.21999999999997 -175.19 135.91500009999999 2.8593908561087489e-32 2.33486982377251e-16 1 
8 1.5707963267948966 3.1415926535897931
2 166.71999999999997 -175.19 138.51500009999998 -1.2246467991473532e-16 -1 2.33486982377251e-16 -2.8593908561087489e-32 -2.33486982377251e-16 -1 1 -1.2246467991473532e-16 0 0.5
1 167.21999999999997 -175.19 139.01500009999998 -1 1.2246467991473532e-16 0 
8 1.5707963267948966 3.1415926535897931
2 160.01999999999998 -175.19 138.51500009999998 1.2246467991473532e-16 1 -2.33486982377251e-16 -2.8593908561087489e-32 -2.33486982377251e-16 -1 -1 1.2246467991473532e-16 0 0.5
1 159.51999999999998 -175.19 135.91500009999999 2.8593908561087489e-32 2.33486982377251e-16 1 
8 4.7123889803846897 6.2831853071795862
2 160.01999999999998 -175.19 136.41500009999999 -1.2246467991473532e-16 -1 2.33486982377251e-16 -2.8593908561087489e-32 -2.33486982377251e-16 -1 1 -1.2246467991473532e-16 0 0.5
8 4.7123889803846897 6.2831853071795862
2 166.71999999999997 -175.19 136.41500009999999 1.2246467991473532e-16 1 -2.33486982377251e-16 -2.8593908561087489e-32 -2.33486982377251e-16 -1 -1 1.2246467991473532e-16 0 0.5
1 167.21999999999997 -176.99000000000001 136.41500009999999 1.2246467991473532e-16 1 -2.33486982377251e-16 
8 4.7123889803846897 6.2831853071795862
2 166.71999999999997 -176.99000000000001 136.41500009999999 1.2246467991473532e-16 1 -2.33486982377251e-16 -2.8593908561087489e-32 -2.33486982377251e-16 -1 -1 1.2246467991473532e-16 0 0.5
1 159.51999999999998 -176.99000000000001 136.41500009999999 1.2246467991473532e-16 1 -2.33486982377251e-16 
8 4.7123889803846897 6.2831853071795862
2 160.01999999999998 -176.99000000000001 136.41500009999999 -1.2246467991473532e-16 -1 2.33486982377251e-16 -2.8593908561087489e-32 -2.33486982377251e-16 -1 1 -1.2246467991473532e-16 0 0.5
1 167.21999999999997 -176.99000000000001 135.91500009999999 2.8593908561087489e-32 2.33486982377251e-16 1 
8 1.5707963267948966 3.1415926535897931
2 166.71999999999997 -176.99000000000001 138.51500009999998 -1.2246467991473532e-16 -1 2.33486982377251e-16 -2.8593908561087489e-32 -2.33486982377251e-16 -1 1 -1.2246467991473532e-16 0 0.5
1 167.21999999999997 -176.99000000000001 139.01500009999998 -1 1.2246467991473532e-16 0 
8 1.5707963267948966 3.1415926535897931
2 160.01999999999998 -176.99000000000001 138.51500009999998 1.2246467991473532e-16 1 -2.33486982377251e-16 -2.8593908561087489e-32 -2.33486982377251e-16 -1 -1 1.2246467991473532e-16 0 0.5
1 159.51999999999998 -176.99000000000001 135.91500009999999 2.8593908561087489e-32 2.33486982377251e-16 1 
1 152.31999999999999 -175.19 135.91500009999999 2.8593908561087489e-32 2.33486982377251e-16 1 
8 1.5707963267948966 3.1415926535897931
2 151.81999999999999 -175.19 138.51500009999998 -1.2246467991473532e-16 -1 2.33486982377251e-16 -2.8593908561087489e-32 -2.33486982377251e-16 -1 1 -1.2246467991473532e-16 0 0.5
1 152.31999999999999 -175.19 139.01500009999998 -1 1.2246467991473532e-16 0 
8 1.5707963267948966 3.1415926535897931
2 145.11999999999998 -175.19 138.51500009999998 1.2246467991473532e-16 1 -2.33486982377251e-16 -2.8593908561087489e-32 -2.33486982377251e-16 -1 -1 1.2246467991473532e-16 0 0.5
1 144.61999999999998 -175.19 135.91500009999999 2.8593908561087489e-32 2.33486982377251e-16 1 
8 4.7123889803846897 6.2831853071795862
2 145.11999999999998 -175.19 136.41500009999999 -1.2246467991473532e-16 -1 2.33486982377251e-16 -2.8593908561087489e-32 -2.33486982377251e-16 -1 1 -1.2246467991473532e-16 0 0.5
8 4.7123889803846897 6.2831853071795862
2 151.81999999999999 -175.19 136.41500009999999 1.2246467991473532e-16 1 -2.33486982377251e-16 -2.8593908561087489e-32 -2.33486982377251e-16 -1 -1 1.2246467991473532e-16 0 0.5
1 144.61999999999998 -176.99000000000001 136.41500009999999 1.2246467991473532e-16 1 -2.33486982377251e-16 
8 4.7123889803846897 6.2831853071795862
2 145.11999999999998 -176.99000000000001 136.41500009999999 -1.2246467991473532e-16 -1 2.33486982377251e-16 -2.8593908561087489e-32 -2.33486982377251e-16 -1 1 -1.2246467991473532e-16 0 0.5
1 152.31999999999999 -176.99000000000001 135.91500009999999 2.8593908561087489e-32 2.33486982377251e-16 1 
8 1.5707963267948966 3.1415926535897931
2 151.81999999999999 -176.99000000000001 138.51500009999998 -1.2246467991473532e-16 -1 2.33486982377251e-16 -2.8593908561087489e-32 -2.33486982377251e-16 -1 1 -1.2246467991473532e-16 0 0.5
1 152.31999999999999 -176.99000000000001 139.01500009999998 -1 1.2246467991473532e-16 0 
8 1.5707963267948966 3.1415926535897931
2 145.11999999999998 -176.99000000000001 138.51500009999998 1.2246467991473532e-16 1 -2.33486982377251e-16 -2.8593908561087489e-32 -2.33486982377251e-16 -1 -1 1.2246467991473532e-16 0 0.5
1 144.61999999999998 -176.99000000000001 135.91500009999999 2.8593908561087489e-32 2.33486982377251e-16 1 
8 4.7123889803846897 6.2831853071795862
2 151.81999999999999 -176.99000000000001 136.41500009999999 1.2246467991473532e-16 1 -2.33486982377251e-16 -2.8593908561087489e-32 -2.33486982377251e-16 -1 -1 1.2246467991473532e-16 0 0.5
1 152.31999999999999 -176.99000000000001 136.41500009999999 1.2246467991473532e-16 1 -2.33486982377251e-16 
1 156.91999999999999 -177.08999999999997 138.66500009999999 -1 1.2246467991473532e-16 0 
1 156.91999999999999 -178.58999999999997 137.36500009999997 -1 1.2246467991473532e-16 0 
1 167.21999999999997 -176.99000000000001 138.51500009999998 1.2246467991473532e-16 1 -2.33486982377251e-16 
1 166.71999999999997 -176.99000000000001 139.01500009999998 1.2246467991473532e-16 1 -2.33486982377251e-16 
1 160.01999999999998 -176.99000000000001 139.01500009999998 1.2246467991473532e-16 1 -2.33486982377251e-16 
1 159.51999999999998 -176.99000000000001 138.51500009999998 1.2246467991473532e-16 1 -2.33486982377251e-16 
1 152.31999999999999 -176.99000000000001 138.51500009999998 1.2246467991473532e-16 1 -2.33486982377251e-16 
1 151.81999999999999 -176.99000000000001 139.01500009999998 1.2246467991473532e-16 1 -2.33486982377251e-16 
1 145.11999999999998 -176.99000000000001 139.01500009999998 1.2246467991473532e-16 1 -2.33486982377251e-16 
1 144.61999999999998 -176.99000000000001 138.51500009999998 1.2246467991473532e-16 1 -2.33486982377251e-16 
1 166.51999999999998 -175.69 138.66500009999999 2.8593908561087489e-32 2.33486982377251e-16 1 
1 166.51999999999998 -176.49000000000001 139.41500009999999 1.2246467991473532e-16 1 -2.33486982377251e-16 
1 166.51999999999998 -176.49000000000001 146.51500009999998 1.2246467991473532e-16 1 -2.33486982377251e-16 
1 166.51999999999998 -176.49000000000001 138.66500009999999 2.8593908561087489e-32 2.33486982377251e-16 1 
8 4.7123889803846897 6.2831853071795862
2 165.76999999999998 -175.69 139.41500009999999 1.2246467991473532e-16 1 -2.33486982377251e-16 -2.8593908561087489e-32 -2.33486982377251e-16 -1 -1 1.2246467991473532e-16 0 0.75
8 1.5707963267948966 3.1415926535897931
2 165.76999999999998 -175.69 146.51500009999998 -1.2246467991473532e-16 -1 2.33486982377251e-16 -2.8593908561087489e-32 -2.33486982377251e-16 -1 1 -1.2246467991473532e-16 0 0.75
1 166.51999999999998 -175.69 138.66500009999999 -1 1.2246467991473532e-16 0 
1 166.51999999999998 -175.69 147.26500009999998 -1 1.2246467991473532e-16 0 
8 4.7123889803846897 6.2831853071795862
2 160.96999999999997 -175.69 139.41500009999999 -1.2246467991473532e-16 -1 2.33486982377251e-16 -2.8593908561087489e-32 -2.33486982377251e-16 -1 1 -1.2246467991473532e-16 0 0.75
8 1.5707963267948966 3.1415926535897931
2 160.96999999999997 -175.69 146.51500009999998 1.2246467991473532e-16 1 -2.33486982377251e-16 -2.8593908561087489e-32 -2.33486982377251e-16 -1 -1 1.2246467991473532e-16 0 0.75
1 160.21999999999997 -175.69 138.66500009999999 2.8593908561087489e-32 2.33486982377251e-16 1 
2 163.36999999999998 -175.69 143.76500009999998 -1.2246467991473532e-16 -1 2.33486982377251e-16 -1 1.2246467991473532e-16 0 -2.8593908561087489e-32 -2.33486982377251e-16 -1 0.90000000000000002
8 4.7123889803846897 6.2831853071795862
2 165.76999999999998 -176.49000000000001 139.41500009999999 1.2246467991473532e-16 1 -2.33486982377251e-16 -2.8593908561087489e-32 -2.33486982377251e-16 -1 -1 1.2246467991473532e-16 0 0.75
1 165.76999999999998 -176.49000000000001 138.66500009999999 1.2246467991473532e-16 1 -2.33486982377251e-16 
8 1.5707963267948966 3.1415926535897931
2 165.76999999999998 -176.49000000000001 146.51500009999998 -1.2246467991473532e-16 -1 2.33486982377251e-16 -2.8593908561087489e-32 -2.33486982377251e-16 -1 1 -1.2246467991473532e-16 0 0.75
1 165.76999999999998 -176.49000000000001 147.26500009999998 1.2246467991473532e-16 1 -2.33486982377251e-16 
1 166.51999999999998 -176.49000000000001 138.66500009999999 -1 1.2246467991473532e-16 0 
1 166.51999999999998 -176.49000000000001 147.26500009999998 -1 1.2246467991473532e-16 0 
8 4.7123889803846897 6.2831853071795862
2 160.96999999999997 -176.49000000000001 139.41500009999999 -1.2246467991473532e-16 -1 2.33486982377251e-16 -2.8593908561087489e-32 -2.33486982377251e-16 -1 1 -1.2246467991473532e-16 0 0.75
8 1.5707963267948966 3.1415926535897931
2 160.96999999999997 -176.49000000000001 146.51500009999998 1.2246467991473532e-16 1 -2.33486982377251e-16 -2.8593908561087489e-32 -2.33486982377251e-16 -1 -1 1.2246467991473532e-16 0 0.75
1 160.21999999999997 -176.49000000000001 138.66500009999999 2.8593908561087489e-32 2.33486982377251e-16 1 
2 163.36999999999998 -176.49000000000001 143.76500009999998 -1.2246467991473532e-16 -1 2.33486982377251e-16 -1 1.2246467991473532e-16 0 -2.8593908561087489e-32 -2.33486982377251e-16 -1 0.90000000000000002
1 160.96999999999997 -176.49000000000001 138.66500009999999 1.2246467991473532e-16 1 -2.33486982377251e-16 
1 160.96999999999997 -176.49000000000001 147.26500009999998 1.2246467991473532e-16 1 -2.33486982377251e-16 
1 160.21999999999997 -176.49000000000001 139.41500009999999 1.2246467991473532e-16 1 -2.33486982377251e-16 
1 160.21999999999997 -176.49000000000001 146.51500009999998 1.2246467991473532e-16 1 -2.33486982377251e-16 
1 162.46999999999997 -177.08999999999997 143.76500009999998 1.2246467991473532e-16 1 -2.33486982377251e-16 
1 151.61999999999998 -175.69 138.66500009999999 2.8593908561087489e-32 2.33486982377251e-16 1 
1 151.61999999999998 -176.49000000000001 139.41500009999999 1.2246467991473532e-16 1 -2.33486982377251e-16 
1 151.61999999999998 -176.49000000000001 146.51500009999998 1.2246467991473532e-16 1 -2.33486982377251e-16 
1 151.61999999999998 -176.49000000000001 138.66500009999999 2.8593908561087489e-32 2.33486982377251e-16 1 
8 4.7123889803846897 6.2831853071795862
2 150.86999999999998 -175.69 139.41500009999999 1.2246467991473532e-16 1 -2.33486982377251e-16 -2.8593908561087489e-32 -2.33486982377251e-16 -1 -1 1.2246467991473532e-16 0 0.75
8 1.5707963267948966 3.1415926535897931
2 150.86999999999998 -175.69 146.51500009999998 -1.2246467991473532e-16 -1 2.33486982377251e-16 -2.8593908561087489e-32 -2.33486982377251e-16 -1 1 -1.2246467991473532e-16 0 0.75
1 151.61999999999998 -175.69 138.66500009999999 -1 1.2246467991473532e-16 0 
1 151.61999999999998 -175.69 147.26500009999998 -1 1.2246467991473532e-16 0 
8 4.7123889803846897 6.2831853071795862
2 146.06999999999999 -175.69 139.41500009999999 -1.2246467991473532e-16 -1 2.33486982377251e-16 -2.8593908561087489e-32 -2.33486982377251e-16 -1 1 -1.2246467991473532e-16 0 0.75
8 1.5707963267948966 3.1415926535897931
2 146.06999999999999 -175.69 146.51500009999998 1.2246467991473532e-16 1 -2.33486982377251e-16 -2.8593908561087489e-32 -2.33486982377251e-16 -1 -1 1.2246467991473532e-16 0 0.75
1 145.31999999999999 -175.69 138.66500009999999 2.8593908561087489e-32 2.33486982377251e-16 1 
2 148.46999999999997 -175.69 143.76500009999998 -1.2246467991473532e-16 -1 2.33486982377251e-16 -1 1.2246467991473532e-16 0 -2.8593908561087489e-32 -2.33486982377251e-16 -1 0.90000000000000002
8 4.7123889803846897 6.2831853071795862
2 150.86999999999998 -176.49000000000001 139.41500009999999 1.2246467991473532e-16 1 -2.33486982377251e-16 -2.8593908561087489e-32 -2.33486982377251e-16 -1 -1 1.2246467991473532e-16 0 0.75
1 150.86999999999998 -176.49000000000001 138.66500009999999 1.2246467991473532e-16 1 -2.33486982377251e-16 
8 1.5707963267948966 3.1415926535897931
2 150.86999999999998 -176.49000000000001 146.51500009999998 -1.2246467991473532e-16 -1 2.33486982377251e-16 -2.8593908561087489e-32 -2.33486982377251e-16 -1 1 -1.2246467991473532e-16 0 0.75
1 150.86999999999998 -176.49000000000001 147.26500009999998 1.2246467991473532e-16 1 -2.33486982377251e-16 
1 151.61999999999998 -176.49000000000001 138.66500009999999 -1 1.2246467991473532e-16 0 
1 151.61999999999998 -176.49000000000001 147.26500009999998 -1 1.2246467991473532e-16 0 
8 4.7123889803846897 6.2831853071795862
2 146.06999999999999 -176.49000000000001 139.41500009999999 -1.2246467991473532e-16 -1 2.33486982377251e-16 -2.8593908561087489e-32 -2.33486982377251e-16 -1 1 -1.2246467991473532e-16 0 0.75
8 1.5707963267948966 3.1415926535897931
2 146.06999999999999 -176.49000000000001 146.51500009999998 1.2246467991473532e-16 1 -2.33486982377251e-16 -2.8593908561087489e-32 -2.33486982377251e-16 -1 -1 1.2246467991473532e-16 0 0.75
1 145.31999999999999 -176.49000000000001 138.66500009999999 2.8593908561087489e-32 2.33486982377251e-16 1 
2 148.46999999999997 -176.49000000000001 143.76500009999998 -1.2246467991473532e-16 -1 2.33486982377251e-16 -1 1.2246467991473532e-16 0 -2.8593908561087489e-32 -2.33486982377251e-16 -1 0.90000000000000002
1 146.06999999999999 -176.49000000000001 138.66500009999999 1.2246467991473532e-16 1 -2.33486982377251e-16 
1 146.06999999999999 -176.49000000000001 147.26500009999998 1.2246467991473532e-16 1 -2.33486982377251e-16 
1 145.31999999999999 -176.49000000000001 139.41500009999999 1.2246467991473532e-16 1 -2.33486982377251e-16 
1 145.31999999999999 -176.49000000000001 146.51500009999998 1.2246467991473532e-16 1 -2.33486982377251e-16 
1 147.56999999999999 -177.08999999999997 143.76500009999998 1.2246467991473532e-16 1 -2.33486982377251e-16 
Polygon3D 0
PolygonOnTriangulations 0
Surfaces 131
1 172.66999999999999 -202.29000000000002 77.26500009999998 -1 1.2246467991473532e-16 0 1.2246467991473532e-16 1 -2.33486982377251e-16 -2.8593908561087489e-32 -2.33486982377251e-16 -1 
2 168.16999999999999 -202.29000000000002 107.76500010000001 1.2246467991473532e-16 1 -2.33486982377251e-16 1 -1.2246467991473532e-16 0 -2.8593908561087489e-32 -2.33486982377251e-16 -1 4.5
2 168.16999999999999 -202.29000000000002 132.56500009999999 1.2246467991473532e-16 1 -2.33486982377251e-16 1 -1.2246467991473532e-16 0 2.8593908561087489e-32 2.33486982377251e-16 1 4.5
1 172.66999999999999 -200.38999999999999 77.26500009999998 1.2246467991473532e-16 1 -2.33486982377251e-16 -1 1.2246467991473532e-16 0 2.8593908561087489e-32 2.33486982377251e-16 1 
2 160.46999999999997 -203.29000000000002 104.4650001 1.2246467991473532e-16 1 -2.33486982377251e-16 1 -1.2246467991473532e-16 0 2.8593908561087489e-32 2.33486982377251e-16 1 0.69999999999999996
2 160.46999999999997 -203.29000000000002 135.86500009999997 1.2246467991473532e-16 1 -2.33486982377251e-16 1 -1.2246467991473532e-16 0 -2.8593908561087489e-32 -2.33486982377251e-16 -1 0.69999999999999996
2 151.36999999999998 -203.29000000000002 104.4650001 1.2246467991473532e-16 1 -2.33486982377251e-16 -1 1.2246467991473532e-16 0 2.8593908561087489e-32 2.33486982377251e-16 1 0.69999999999999996
2 151.36999999999998 -203.29000000000002 135.86500009999997 1.2246467991473532e-16 1 -2.33486982377251e-16 -1 1.2246467991473532e-16 0 -2.8593908561087489e-32 -2.33486982377251e-16 -1 0.69999999999999996
2 143.66999999999999 -202.29000000000002 107.76500010000001 1.2246467991473532e-16 1 -2.33486982377251e-16 -1 1.2246467991473532e-16 0 -2.8593908561087489e-32 -2.33486982377251e-16 -1 4.5
2 143.66999999999999 -202.29000000000002 132.56500009999999 1.2246467991473532e-16 1 -2.33486982377251e-16 -1 1.2246467991473532e-16 0 2.8593908561087489e-32 2.33486982377251e-16 1 4.5
2 168.11999999999998 -200.38999999999999 107.7400001 -1.2246467991473532e-16 -1 2.33486982377251e-16 -1 1.2246467991473532e-16 0 2.8593908561087489e-32 2.33486982377251e-16 1 3.2000000000000002
2 143.71999999999997 -200.38999999999999 107.7400001 -1.2246467991473532e-16 -1 2.33486982377251e-16 -1 1.2246467991473532e-16 0 2.8593908561087489e-32 2.33486982377251e-16 1 3.2000000000000002
2 168.11999999999998 -200.38999999999999 132.5900001 -1.2246467991473532e-16 -1 2.33486982377251e-16 -1 1.2246467991473532e-16 0 2.8593908561087489e-32 2.33486982377251e-16 1 3.2000000000000002
2 143.71999999999997 -200.38999999999999 132.5900001 -1.2246467991473532e-16 -1 2.33486982377251e-16 -1 1.2246467991473532e-16 0 2.8593908561087489e-32 2.33486982377251e-16 1 3.2000000000000002
1 172.66999999999999 -202.29000000000002 77.26500009999998 2.8593908561087489e-32 2.33486982377251e-16 1 1.2246467991473532e-16 1 -2.33486982377251e-16 -1 1.2246467991473532e-16 0 
1 172.66999999999999 -202.29000000000002 111.06500009999999 2.8593908561087489e-32 2.33486982377251e-16 1 1.2246467991473532e-16 1 -2.33486982377251e-16 -1 1.2246467991473532e-16 0 
1 172.66999999999999 -202.29000000000002 77.26500009999998 1.2246467991473532e-16 1 -2.33486982377251e-16 -1 1.2246467991473532e-16 0 2.8593908561087489e-32 2.33486982377251e-16 1 
1 161.16999999999999 -203.29000000000002 76.165000099999986 -1 1.2246467991473532e-16 0 1.2246467991473532e-16 1 -2.33486982377251e-16 -2.8593908561087489e-32 -2.33486982377251e-16 -1 
1 161.16999999999999 -203.29000000000002 110.16500009999999 -1 1.2246467991473532e-16 0 1.2246467991473532e-16 1 -2.33486982377251e-16 -2.8593908561087489e-32 -2.33486982377251e-16 -1 
1 161.16999999999999 -203.29000000000002 80.165000099999986 2.8593908561087489e-32 2.33486982377251e-16 1 1.2246467991473532e-16 1 -2.33486982377251e-16 -1 1.2246467991473532e-16 0 
1 161.16999999999999 -203.29000000000002 110.16500009999999 2.8593908561087489e-32 2.33486982377251e-16 1 1.2246467991473532e-16 1 -2.33486982377251e-16 -1 1.2246467991473532e-16 0 
1 150.66999999999999 -203.29000000000002 76.165000099999986 -1 1.2246467991473532e-16 0 1.2246467991473532e-16 1 -2.33486982377251e-16 -2.8593908561087489e-32 -2.33486982377251e-16 -1 
1 150.66999999999999 -203.29000000000002 110.16500009999999 -1 1.2246467991473532e-16 0 1.2246467991473532e-16 1 -2.33486982377251e-16 -2.8593908561087489e-32 -2.33486982377251e-16 -1 
1 172.66999999999999 -202.29000000000002 77.26500009999998 2.8593908561087489e-32 2.33486982377251e-16 1 1.2246467991473532e-16 1 -2.33486982377251e-16 -1 1.2246467991473532e-16 0 
1 172.66999999999999 -202.29000000000002 111.06500009999999 2.8593908561087489e-32 2.33486982377251e-16 1 1.2246467991473532e-16 1 -2.33486982377251e-16 -1 1.2246467991473532e-16 0 
1 139.16999999999999 -202.29000000000002 77.26500009999998 -1 1.2246467991473532e-16 0 1.2246467991473532e-16 1 -2.33486982377251e-16 -2.8593908561087489e-32 -2.33486982377251e-16 -1 
5 168.11999999999998 -198.74000000000001 107.7400001 1.2246467991473532e-16 1 -2.33486982377251e-16 -1 1.2246467991473532e-16 0 2.8593908561087489e-32 2.33486982377251e-16 1 2.5500000000000003 0.65000000000000002
5 143.71999999999997 -198.74000000000001 107.7400001 1.2246467991473532e-16 1 -2.33486982377251e-16 -1 1.2246467991473532e-16 0 2.8593908561087489e-32 2.33486982377251e-16 1 2.5500000000000003 0.65000000000000002
1 171.96999999999997 -200.38999999999999 111.56500009999999 -1 1.2246467991473532e-16 0 1.2246467991473532e-16 1 -2.33486982377251e-16 -2.8593908561087489e-32 -2.33486982377251e-16 -1 
2 169.56999999999999 -174.29000000000002 111.56500009999999 2.8593908561087489e-32 2.33486982377251e-16 1 1 -1.2246467991473532e-16 0 1.2246467991473532e-16 1 -2.33486982377251e-16 2.3999999999999999
1 171.96999999999997 -200.38999999999999 128.76500010000001 2.8593908561087489e-32 2.33486982377251e-16 1 1.2246467991473532e-16 1 -2.33486982377251e-16 -1 1.2246467991473532e-16 0 
2 169.56999999999999 -174.29000000000002 110.56500009999999 2.8593908561087489e-32 2.33486982377251e-16 1 1 -1.2246467991473532e-16 0 1.2246467991473532e-16 1 -2.33486982377251e-16 0.79999999999999982
10 1.570796326794897 7.8539816339744828 -2e+100 2e+100
2 155.76999999999998 -173.49000000000001 120.06500009999999 -1.2246467991473532e-16 -1 2.33486982377251e-16 -1 1.2246467991473532e-16 0 2.8593908561087489e-32 2.33486982377251e-16 1 12.199999999999999
10 1.5707963267948961 7.8539816339744828 0 6.2831853071795862
5 155.76999999999998 -172.54000000000002 120.06500009999999 1.2246467991473532e-16 1 -2.33486982377251e-16 -1 1.2246467991473532e-16 0 2.8593908561087489e-32 2.33486982377251e-16 1 11.549999999999999 0.65000000000000002
1 171.96999999999997 -200.38999999999999 111.56500009999999 2.8593908561087489e-32 2.33486982377251e-16 1 1.2246467991473532e-16 1 -2.33486982377251e-16 -1 1.2246467991473532e-16 0 
10 1.570796326794897 7.8539816339744828 -2e+100 2e+100
2 155.76999999999998 -173.49000000000001 120.06500009999999 -1.2246467991473532e-16 -1 2.33486982377251e-16 -1 1.2246467991473532e-16 0 2.8593908561087489e-32 2.33486982377251e-16 1 12.199999999999999
10 1.5707963267948961 7.8539816339744828 0 6.2831853071795862
5 155.76999999999998 -172.54000000000002 120.06500009999999 1.2246467991473532e-16 1 -2.33486982377251e-16 -1 1.2246467991473532e-16 0 2.8593908561087489e-32 2.33486982377251e-16 1 11.549999999999999 0.65000000000000002
1 170.36999999999998 -202.38999999999999 110.56500009999999 -1 1.2246467991473532e-16 0 1.2246467991473532e-16 1 -2.33486982377251e-16 -2.8593908561087489e-32 -2.33486982377251e-16 -1 
5 168.11999999999998 -198.74000000000001 132.5900001 1.2246467991473532e-16 1 -2.33486982377251e-16 -1 1.2246467991473532e-16 0 2.8593908561087489e-32 2.33486982377251e-16 1 2.5500000000000003 0.65000000000000002
1 171.96999999999997 -200.38999999999999 111.56500009999999 2.8593908561087489e-32 2.33486982377251e-16 1 1.2246467991473532e-16 1 -2.33486982377251e-16 -1 1.2246467991473532e-16 0 
2 141.96999999999997 -174.29000000000002 111.56500009999999 2.8593908561087489e-32 2.33486982377251e-16 1 -1 1.2246467991473532e-16 0 1.2246467991473532e-16 1 -2.33486982377251e-16 2.3999999999999999
2 141.96999999999997 -174.29000000000002 110.56500009999999 2.8593908561087489e-32 2.33486982377251e-16 1 -1 1.2246467991473532e-16 0 1.2246467991473532e-16 1 -2.33486982377251e-16 0.79999999999999982
1 141.16999999999999 -202.38999999999999 110.56500009999999 -1 1.2246467991473532e-16 0 1.2246467991473532e-16 1 -2.33486982377251e-16 -2.8593908561087489e-32 -2.33486982377251e-16 -1 
1 139.56999999999999 -200.38999999999999 111.56500009999999 -1 1.2246467991473532e-16 0 1.2246467991473532e-16 1 -2.33486982377251e-16 -2.8593908561087489e-32 -2.33486982377251e-16 -1 
1 171.96999999999997 -200.38999999999999 128.76500010000001 2.8593908561087489e-32 2.33486982377251e-16 1 1.2246467991473532e-16 1 -2.33486982377251e-16 -1 1.2246467991473532e-16 0 
10 1.5707963267948961 7.8539816339744828 0 6.2831853071795862
5 155.76999999999998 -172.54000000000002 120.06500009999999 1.2246467991473532e-16 1 -2.33486982377251e-16 -1 1.2246467991473532e-16 0 2.8593908561087489e-32 2.33486982377251e-16 1 11.549999999999999 0.65000000000000002
10 1.570796326794897 7.8539816339744828 -2e+100 2e+100
2 155.76999999999998 -173.49000000000001 120.06500009999999 -1.2246467991473532e-16 -1 2.33486982377251e-16 -1 1.2246467991473532e-16 0 2.8593908561087489e-32 2.33486982377251e-16 1 12.199999999999999
5 143.71999999999997 -198.74000000000001 132.5900001 1.2246467991473532e-16 1 -2.33486982377251e-16 -1 1.2246467991473532e-16 0 2.8593908561087489e-32 2.33486982377251e-16 1 2.5500000000000003 0.65000000000000002
1 168.11999999999998 -198.08999999999997 107.7400001 1.2246467991473532e-16 1 -2.33486982377251e-16 -1 1.2246467991473532e-16 0 2.8593908561087489e-32 2.33486982377251e-16 1 
1 143.71999999999997 -198.08999999999997 107.7400001 1.2246467991473532e-16 1 -2.33486982377251e-16 -1 1.2246467991473532e-16 0 2.8593908561087489e-32 2.33486982377251e-16 1 
1 171.96999999999997 -171.88999999999999 111.56500009999999 1.2246467991473532e-16 1 -2.33486982377251e-16 -1 1.2246467991473532e-16 0 2.8593908561087489e-32 2.33486982377251e-16 1 
5 155.76999999999998 -172.54000000000002 120.06500009999999 1.2246467991473532e-16 1 -2.33486982377251e-16 -1 1.2246467991473532e-16 0 2.8593908561087489e-32 2.33486982377251e-16 1 11.549999999999999 0.65000000000000002
1 170.36999999999998 -173.49000000000001 110.56500009999999 1.2246467991473532e-16 1 -2.33486982377251e-16 -1 1.2246467991473532e-16 0 2.8593908561087489e-32 2.33486982377251e-16 1 
10 1.5707963267948966 7.8539816339744828 0 6.2831853071795862
5 155.76999999999998 -173.99000000000001 120.06500009999999 1.2246467991473532e-16 1 -2.33486982377251e-16 -1 1.2246467991473532e-16 0 2.8593908561087489e-32 2.33486982377251e-16 1 12.15 0.5
1 168.11999999999998 -198.08999999999997 132.5900001 1.2246467991473532e-16 1 -2.33486982377251e-16 -1 1.2246467991473532e-16 0 2.8593908561087489e-32 2.33486982377251e-16 1 
1 143.71999999999997 -198.08999999999997 132.5900001 1.2246467991473532e-16 1 -2.33486982377251e-16 -1 1.2246467991473532e-16 0 2.8593908561087489e-32 2.33486982377251e-16 1 
1 168.06999999999999 -178.29000000000002 130.16500009999999 2.8593908561087489e-32 2.33486982377251e-16 1 1.2246467991473532e-16 1 -2.33486982377251e-16 -1 1.2246467991473532e-16 0 
10 1.570796326794897 7.8539816339744828 -2e+100 2e+100
2 155.76999999999998 -178.08999999999997 120.06500009999999 -1.2246467991473532e-16 -1 2.33486982377251e-16 -1 1.2246467991473532e-16 0 2.8593908561087489e-32 2.33486982377251e-16 1 12.65
10 1.5707963267948966 7.8539816339744828 0 6.2831853071795862
5 155.76999999999998 -177.58999999999997 120.06500009999999 -1.2246467991473532e-16 -1 2.33486982377251e-16 -1 1.2246467991473532e-16 0 2.8593908561087489e-32 2.33486982377251e-16 1 12.15 0.5
2 155.76999999999998 -200.08999999999997 120.06500009999999 -1.2246467991473532e-16 -1 2.33486982377251e-16 -1 1.2246467991473532e-16 0 2.8593908561087489e-32 2.33486982377251e-16 1 12.15
2 146.46999999999997 -175.29000000000002 130.16500009999999 2.8593908561087489e-32 2.33486982377251e-16 1 -1 1.2246467991473532e-16 0 -1.2246467991473532e-16 -1 2.33486982377251e-16 3
2 146.46999999999997 -173.99000000000001 130.16500009999999 2.8593908561087489e-32 2.33486982377251e-16 1 -1 1.2246467991473532e-16 0 1.2246467991473532e-16 1 -2.33486982377251e-16 3
1 150.56999999999999 -172.49000000000001 127.96500009999998 -1 1.2246467991473532e-16 0 1.2246467991473532e-16 1 -2.33486982377251e-16 -2.8593908561087489e-32 -2.33486982377251e-16 -1 
2 151.16999999999999 -171.88999999999999 127.96500009999998 2.8593908561087489e-32 2.33486982377251e-16 1 -1 1.2246467991473532e-16 0 -1.2246467991473532e-16 -1 2.33486982377251e-16 0.59999999999999998
2 160.36999999999998 -171.88999999999999 127.96500009999998 2.8593908561087489e-32 2.33486982377251e-16 1 1 -1.2246467991473532e-16 0 -1.2246467991473532e-16 -1 2.33486982377251e-16 0.59999999999999998
1 160.96999999999997 -172.49000000000001 127.96500009999998 -1 1.2246467991473532e-16 0 1.2246467991473532e-16 1 -2.33486982377251e-16 -2.8593908561087489e-32 -2.33486982377251e-16 -1 
1 168.06999999999999 -178.29000000000002 130.16500009999999 2.8593908561087489e-32 2.33486982377251e-16 1 1.2246467991473532e-16 1 -2.33486982377251e-16 -1 1.2246467991473532e-16 0 
2 165.06999999999999 -173.99000000000001 130.16500009999999 2.8593908561087489e-32 2.33486982377251e-16 1 1 -1.2246467991473532e-16 0 1.2246467991473532e-16 1 -2.33486982377251e-16 3
2 165.06999999999999 -175.29000000000002 130.16500009999999 2.8593908561087489e-32 2.33486982377251e-16 1 1 -1.2246467991473532e-16 0 -1.2246467991473532e-16 -1 2.33486982377251e-16 3
5 155.76999999999998 -199.49000000000001 120.06500009999999 -1.2246467991473532e-16 -1 2.33486982377251e-16 -1 1.2246467991473532e-16 0 2.8593908561087489e-32 2.33486982377251e-16 1 11.550000000000001 0.59999999999999998
1 168.06999999999999 -178.29000000000002 130.16500009999999 1.2246467991473532e-16 1 -2.33486982377251e-16 -1 1.2246467991473532e-16 0 2.8593908561087489e-32 2.33486982377251e-16 1 
1 143.46999999999997 -178.29000000000002 130.16500009999999 -1 1.2246467991473532e-16 0 1.2246467991473532e-16 1 -2.33486982377251e-16 -2.8593908561087489e-32 -2.33486982377251e-16 -1 
1 168.06999999999999 -170.99000000000001 130.16500009999999 1.2246467991473532e-16 1 -2.33486982377251e-16 -1 1.2246467991473532e-16 0 2.8593908561087489e-32 2.33486982377251e-16 1 
1 160.96999999999997 -172.49000000000001 134.9650001 2.8593908561087489e-32 2.33486982377251e-16 1 1.2246467991473532e-16 1 -2.33486982377251e-16 -1 1.2246467991473532e-16 0 
1 160.96999999999997 -172.49000000000001 127.96500009999998 1.2246467991473532e-16 1 -2.33486982377251e-16 -1 1.2246467991473532e-16 0 2.8593908561087489e-32 2.33486982377251e-16 1 
2 151.36999999999998 -173.49000000000001 134.06500009999999 1.2246467991473532e-16 1 -2.33486982377251e-16 -1 1.2246467991473532e-16 0 2.8593908561087489e-32 2.33486982377251e-16 1 0.59999999999999998
2 160.16999999999999 -173.49000000000001 134.06500009999999 1.2246467991473532e-16 1 -2.33486982377251e-16 1 -1.2246467991473532e-16 0 2.8593908561087489e-32 2.33486982377251e-16 1 0.59999999999999998
1 160.76999999999998 -173.49000000000001 73.365000099999975 -1 1.2246467991473532e-16 0 1.2246467991473532e-16 1 -2.33486982377251e-16 -2.8593908561087489e-32 -2.33486982377251e-16 -1 
1 160.76999999999998 -172.28999999999996 73.365000099999975 1.2246467991473532e-16 1 -2.33486982377251e-16 -1 1.2246467991473532e-16 0 2.8593908561087489e-32 2.33486982377251e-16 1 
1 150.76999999999998 -173.49000000000001 73.365000099999975 -1 1.2246467991473532e-16 0 1.2246467991473532e-16 1 -2.33486982377251e-16 -2.8593908561087489e-32 -2.33486982377251e-16 -1 
1 168.06999999999999 -178.29000000000002 130.16500009999999 -1 1.2246467991473532e-16 0 1.2246467991473532e-16 1 -2.33486982377251e-16 -2.8593908561087489e-32 -2.33486982377251e-16 -1 
1 155.76999999999998 -200.08999999999997 120.06500009999999 1.2246467991473532e-16 1 -2.33486982377251e-16 -1 1.2246467991473532e-16 0 2.8593908561087489e-32 2.33486982377251e-16 1 
1 168.06999999999999 -178.29000000000002 136.36500009999997 2.8593908561087489e-32 2.33486982377251e-16 1 1.2246467991473532e-16 1 -2.33486982377251e-16 -1 1.2246467991473532e-16 0 
2 156.91999999999999 -173.25818181818181 136.59681828181817 1 -1.2246467991473532e-16 0 -1.3641384621990304e-17 -0.1113903586853611 0.99377672944779027 1.2170254907853616e-16 0.99377672944779027 0.1113903586853611 2.0811332735986241
2 166.71999999999997 -176.99000000000001 136.41500009999999 1.2246467991473532e-16 1 -2.33486982377251e-16 1 -1.2246467991473532e-16 0 -2.8593908561087489e-32 -2.33486982377251e-16 -1 0.5
2 160.01999999999998 -176.99000000000001 136.41500009999999 1.2246467991473532e-16 1 -2.33486982377251e-16 -1 1.2246467991473532e-16 0 -2.8593908561087489e-32 -2.33486982377251e-16 -1 0.5
2 145.11999999999998 -176.99000000000001 136.41500009999999 1.2246467991473532e-16 1 -2.33486982377251e-16 -1 1.2246467991473532e-16 0 -2.8593908561087489e-32 -2.33486982377251e-16 -1 0.5
2 151.81999999999999 -176.99000000000001 136.41500009999999 1.2246467991473532e-16 1 -2.33486982377251e-16 1 -1.2246467991473532e-16 0 -2.8593908561087489e-32 -2.33486982377251e-16 -1 0.5
1 156.91999999999999 -174.96862206419246 137.02085553894477 -1 1.2246467991473532e-16 0 1.2246467991473532e-16 1 -2.33486982377251e-16 -2.8593908561087489e-32 -2.33486982377251e-16 -1 
2 156.91999999999999 -177.28516574585637 137.37480672983423 1 -1.2246467991473532e-16 0 -1.2246122138650397e-16 -0.99997175897382207 -0.0075154011736128651 -9.2037119915732562e-19 -0.0075154011736128651 0.99997175897382207 1.3048711050426864
1 156.91999999999999 -171.19 135.66500009999999 2.8593908561087489e-32 2.33486982377251e-16 1 -1.2246467991473532e-16 -1 2.33486982377251e-16 1 -1.2246467991473532e-16 0 
1 154.71999999999997 -174.96862206419246 137.02085553894477 -1 1.2246467991473532e-16 0 1.2246467991473532e-16 1 -2.33486982377251e-16 -2.8593908561087489e-32 -2.33486982377251e-16 -1 
1 160.76999999999998 -173.49000000000001 79.865000099999975 2.8593908561087489e-32 2.33486982377251e-16 1 1.2246467991473532e-16 1 -2.33486982377251e-16 -1 1.2246467991473532e-16 0 
1 167.21999999999997 -175.19 135.91500009999999 1.2246467991473532e-16 1 -2.33486982377251e-16 -1 1.2246467991473532e-16 0 2.8593908561087489e-32 2.33486982377251e-16 1 
2 166.71999999999997 -176.99000000000001 138.51500009999998 1.2246467991473532e-16 1 -2.33486982377251e-16 1 -1.2246467991473532e-16 0 2.8593908561087489e-32 2.33486982377251e-16 1 0.5
2 160.01999999999998 -176.99000000000001 138.51500009999998 1.2246467991473532e-16 1 -2.33486982377251e-16 -1 1.2246467991473532e-16 0 2.8593908561087489e-32 2.33486982377251e-16 1 0.5
1 167.21999999999997 -176.99000000000001 135.91500009999999 -1 1.2246467991473532e-16 0 1.2246467991473532e-16 1 -2.33486982377251e-16 -2.8593908561087489e-32 -2.33486982377251e-16 -1 
1 159.51999999999998 -176.99000000000001 135.91500009999999 -1 1.2246467991473532e-16 0 1.2246467991473532e-16 1 -2.33486982377251e-16 -2.8593908561087489e-32 -2.33486982377251e-16 -1 
1 167.21999999999997 -176.99000000000001 135.91500009999999 1.2246467991473532e-16 1 -2.33486982377251e-16 -1 1.2246467991473532e-16 0 2.8593908561087489e-32 2.33486982377251e-16 1 
1 152.31999999999999 -175.19 135.91500009999999 1.2246467991473532e-16 1 -2.33486982377251e-16 -1 1.2246467991473532e-16 0 2.8593908561087489e-32 2.33486982377251e-16 1 
2 151.81999999999999 -176.99000000000001 138.51500009999998 1.2246467991473532e-16 1 -2.33486982377251e-16 1 -1.2246467991473532e-16 0 2.8593908561087489e-32 2.33486982377251e-16 1 0.5
2 145.11999999999998 -176.99000000000001 138.51500009999998 1.2246467991473532e-16 1 -2.33486982377251e-16 -1 1.2246467991473532e-16 0 2.8593908561087489e-32 2.33486982377251e-16 1 0.5
1 144.61999999999998 -176.99000000000001 135.91500009999999 -1 1.2246467991473532e-16 0 1.2246467991473532e-16 1 -2.33486982377251e-16 -2.8593908561087489e-32 -2.33486982377251e-16 -1 
1 152.31999999999999 -176.99000000000001 135.91500009999999 1.2246467991473532e-16 1 -2.33486982377251e-16 -1 1.2246467991473532e-16 0 2.8593908561087489e-32 2.33486982377251e-16 1 
1 152.31999999999999 -176.99000000000001 135.91500009999999 -1 1.2246467991473532e-16 0 1.2246467991473532e-16 1 -2.33486982377251e-16 -2.8593908561087489e-32 -2.33486982377251e-16 -1 
1 156.91999999999999 -177.08999999999997 138.66500009999999 -2.8593908561087489e-32 -2.33486982377251e-16 -1 1.2246467991473532e-16 1 -2.33486982377251e-16 1 -1.2246467991473532e-16 0 
1 156.91999999999999 -178.58999999999997 135.66500009999999 1.2246467991473532e-16 1 -2.33486982377251e-16 2.8593908561087489e-32 2.33486982377251e-16 1 1 -1.2246467991473532e-16 0 
1 167.21999999999997 -176.99000000000001 139.01500009999998 2.8593908561087489e-32 2.33486982377251e-16 1 1.2246467991473532e-16 1 -2.33486982377251e-16 -1 1.2246467991473532e-16 0 
1 152.31999999999999 -176.99000000000001 139.01500009999998 2.8593908561087489e-32 2.33486982377251e-16 1 1.2246467991473532e-16 1 -2.33486982377251e-16 -1 1.2246467991473532e-16 0 
1 166.51999999999998 -176.49000000000001 138.66500009999999 -1 1.2246467991473532e-16 0 1.2246467991473532e-16 1 -2.33486982377251e-16 -2.8593908561087489e-32 -2.33486982377251e-16 -1 
2 165.76999999999998 -176.49000000000001 139.41500009999999 1.2246467991473532e-16 1 -2.33486982377251e-16 1 -1.2246467991473532e-16 0 -2.8593908561087489e-32 -2.33486982377251e-16 -1 0.75
2 165.76999999999998 -176.49000000000001 146.51500009999998 1.2246467991473532e-16 1 -2.33486982377251e-16 1 -1.2246467991473532e-16 0 2.8593908561087489e-32 2.33486982377251e-16 1 0.75
1 166.51999999999998 -175.69 138.66500009999999 1.2246467991473532e-16 1 -2.33486982377251e-16 -1 1.2246467991473532e-16 0 2.8593908561087489e-32 2.33486982377251e-16 1 
2 160.96999999999997 -176.49000000000001 139.41500009999999 1.2246467991473532e-16 1 -2.33486982377251e-16 -1 1.2246467991473532e-16 0 -2.8593908561087489e-32 -2.33486982377251e-16 -1 0.75
2 160.96999999999997 -176.49000000000001 146.51500009999998 1.2246467991473532e-16 1 -2.33486982377251e-16 -1 1.2246467991473532e-16 0 2.8593908561087489e-32 2.33486982377251e-16 1 0.75
2 163.36999999999998 -177.08999999999997 143.76500009999998 -1.2246467991473532e-16 -1 2.33486982377251e-16 -1 1.2246467991473532e-16 0 2.8593908561087489e-32 2.33486982377251e-16 1 0.90000000000000002
1 166.51999999999998 -176.49000000000001 138.66500009999999 2.8593908561087489e-32 2.33486982377251e-16 1 1.2246467991473532e-16 1 -2.33486982377251e-16 -1 1.2246467991473532e-16 0 
1 166.51999999999998 -176.49000000000001 147.26500009999998 2.8593908561087489e-32 2.33486982377251e-16 1 1.2246467991473532e-16 1 -2.33486982377251e-16 -1 1.2246467991473532e-16 0 
1 166.51999999999998 -176.49000000000001 138.66500009999999 1.2246467991473532e-16 1 -2.33486982377251e-16 -1 1.2246467991473532e-16 0 2.8593908561087489e-32 2.33486982377251e-16 1 
1 160.21999999999997 -176.49000000000001 138.66500009999999 -1 1.2246467991473532e-16 0 1.2246467991473532e-16 1 -2.33486982377251e-16 -2.8593908561087489e-32 -2.33486982377251e-16 -1 
1 151.61999999999998 -176.49000000000001 138.66500009999999 -1 1.2246467991473532e-16 0 1.2246467991473532e-16 1 -2.33486982377251e-16 -2.8593908561087489e-32 -2.33486982377251e-16 -1 
2 150.86999999999998 -176.49000000000001 139.41500009999999 1.2246467991473532e-16 1 -2.33486982377251e-16 1 -1.2246467991473532e-16 0 -2.8593908561087489e-32 -2.33486982377251e-16 -1 0.75
2 150.86999999999998 -176.49000000000001 146.51500009999998 1.2246467991473532e-16 1 -2.33486982377251e-16 1 -1.2246467991473532e-16 0 2.8593908561087489e-32 2.33486982377251e-16 1 0.75
1 151.61999999999998 -175.69 138.66500009999999 1.2246467991473532e-16 1 -2.33486982377251e-16 -1 1.2246467991473532e-16 0 2.8593908561087489e-32 2.33486982377251e-16 1 
2 146.06999999999999 -176.49000000000001 139.41500009999999 1.2246467991473532e-16 1 -2.33486982377251e-16 -1 1.2246467991473532e-16 0 -2.8593908561087489e-32 -2.33486982377251e-16 -1 0.75
2 146.06999999999999 -176.49000000000001 146.51500009999998 1.2246467991473532e-16 1 -2.33486982377251e-16 -1 1.2246467991473532e-16 0 2.8593908561087489e-32 2.33486982377251e-16 1 0.75
2 148.46999999999997 -177.08999999999997 143.76500009999998 -1.2246467991473532e-16 -1 2.33486982377251e-16 -1 1.2246467991473532e-16 0 2.8593908561087489e-32 2.33486982377251e-16 1 0.90000000000000002
1 151.61999999999998 -176.49000000000001 138.66500009999999 2.8593908561087489e-32 2.33486982377251e-16 1 1.2246467991473532e-16 1 -2.33486982377251e-16 -1 1.2246467991473532e-16 0 
1 151.61999999999998 -176.49000000000001 147.26500009999998 2.8593908561087489e-32 2.33486982377251e-16 1 1.2246467991473532e-16 1 -2.33486982377251e-16 -1 1.2246467991473532e-16 0 
1 151.61999999999998 -176.49000000000001 138.66500009999999 1.2246467991473532e-16 1 -2.33486982377251e-16 -1 1.2246467991473532e-16 0 2.8593908561087489e-32 2.33486982377251e-16 1 
1 145.31999999999999 -176.49000000000001 138.66500009999999 -1 1.2246467991473532e-16 0 1.2246467991473532e-16 1 -2.33486982377251e-16 -2.8593908561087489e-32 -2.33486982377251e-16 -1 
Triangulations 0

TShapes 865
Ve
1e-07
-90.57 149.39 187.5250001
0 0

0101101
*
Ve
1e-07
-90.57 149.39 212.3250001
0 0

0101101
*
Ed
 1e-07 1 1 0
1  1 0 4.5 29.3
0

0101000
+865 6 -864 6 *
Ve
1e-07
-90.57 151.29 187.5250001
0 0

0101101
*
Ed
 1e-07 1 1 0
1  2 0 0 1.9
2  1 2 0 0 1.9
4 G1 1 4 2 0
0

0101000
+862 7 -865 7 *
Ve
1e-07
-90.57 151.29 212.3250001
0 0

0101101
*
Ed
 1e-07 1 1 0
1  3 0 0 1.9
2  2 3 0 0 1.9
4 G1 1 4 3 0
0

0101000
+860 7 -864 7 *
Ed
 1e-07 1 1 0
1  4 0 4.5 29.3
0

0101000
+862 6 -860 6 *
Wi

0101100
-863 4 -861 0 +859 0 +858 4 *
Fa
0  1e-07 1 0

0101000
+857 5 *
Ve
1e-07
-86.07 149.39 183.0250001
0 0

0101101
*
Ed
 1e-07 1 1 0
1  5 0 4.71238898038469 6.28318530717959
2  3 2 0 4.71238898038469 6.28318530717959
0

0101000
+865 7 -855 7 *
Ve
1e-07
-86.07 149.39 216.8250001
0 0

0101101
*
Ed
 1e-07 1 1 0
1  6 0 1.5707963267949 3.14159265358979
2  4 3 0 1.5707963267949 3.14159265358979
0

0101000
+864 7 -853 7 *
Ve
1.5e-07
-79.07 149.39 183.0250001
0 0

0101101
*
Ed
 1e-07 1 1 0
1  7 0 4.5 11.5
0

0101000
+855 6 -851 6 *
Ve
1.5e-07
-79.07 149.39 216.8250001
0 0

0101101
*
Ed
 1e-07 1 1 0
1  8 0 4.5 11.5
0

0101000
+853 6 -849 6 *
Ve
1.5e-07
-79.07 149.39 184.2250001
0 0

0101101
*
Ed
 1.5e-07 1 1 0
1  9 0 1.05 2.25
0

0101000
+851 7 -847 7 *
Ve
1.5e-07
-79.07 149.39 215.6250001
0 0

0101101
*
Ed
 1.5e-07 1 1 0
1  10 0 16.65 17.85
0

0101000
+845 7 -849 7 *
Ve
1.5e-07
-78.37 149.39 184.9250001
0 0

0101101
*
Ed
 1e-07 1 1 0
1  11 0 4.71238898038469 6.28318530717959
2  5 5 0 4.71238898038469 6.28318530717959
0

0101000
+843 7 -847 7 *
Ve
1.5e-07
-78.37 149.39 214.9250001
0 0

0101101
*
Ed
 1e-07 1 1 0
1  12 0 0 1.5707963267949
2  6 6 0 0 1.5707963267949
0

0101000
+845 7 -841 7 *
Ve
1.50000000888178e-07
-69.27 149.39 184.9250001
0 0

0101101
*
Ed
 1.5e-07 1 1 0
1  13 0 -15.55 -6.45
0

0101000
+839 7 -843 7 *
Ve
1.50000000888178e-07
-69.27 149.39 214.9250001
0 0

0101101
*
Ed
 1.5e-07 1 1 0
1  14 0 -15.55 -6.45
0

0101000
+837 7 -841 7 *
Ve
1.5e-07
-68.57 149.39 184.2250001
0 0

0101101
*
Ed
 1e-07 1 1 0
1  15 0 0 1.5707963267949
2  7 7 0 0 1.5707963267949
0

0101000
+835 7 -839 7 *
Ve
1.5e-07
-68.57 149.39 215.6250001
0 0

0101101
*
Ed
 1e-07 1 1 0
1  16 0 4.71238898038469 6.28318530717959
2  8 8 0 4.71238898038469 6.28318530717959
0

0101000
+837 7 -833 7 *
Ve
1.5e-07
-68.57 149.39 183.0250001
0 0

0101101
*
Ed
 1.5e-07 1 1 0
1  17 0 1.05 2.25
0

0101000
+831 7 -835 7 *
Ve
1.5e-07
-68.57 149.39 216.8250001
0 0

0101101
*
Ed
 1.5e-07 1 1 0
1  18 0 16.65 17.85
0

0101000
+833 7 -829 7 *
Ve
1e-07
-61.57 149.39 183.0250001
0 0

0101101
*
Ed
 1e-07 1 1 0
1  19 0 22 29
0

0101000
+831 6 -827 6 *
Ve
1e-07
-61.57 149.39 216.8250001
0 0

0101101
*
Ed
 1e-07 1 1 0
1  20 0 22 29
0

0101000
+829 6 -825 6 *
Ve
1e-07
-57.07 149.39 187.5250001
0 0

0101101
*
Ed
 1e-07 1 1 0
1  21 0 4.71238898038469 6.28318530717959
2  9 9 0 4.71238898038469 6.28318530717959
0

0101000
+823 7 -827 7 *
Ve
1e-07
-57.07 149.39 212.3250001
0 0

0101101
*
Ed
 1e-07 1 1 0
1  22 0 1.5707963267949 3.14159265358979
2  10 10 0 1.5707963267949 3.14159265358979
0

0101000
+821 7 -825 7 *
Ed
 1e-07 1 1 0
1  23 0 4.5 29.3
0

0101000
+823 6 -821 6 *
Wi

0101100
-863 4 +854 0 -852 0 +850 4 -848 4 +846 0 +844 0 -842 0 -840 0 -838 0 
+836 0 -834 0 -832 0 -830 0 -828 0 +826 4 -824 4 -822 0 +820 0 +819 4 
*
Ve
1e-07
-82.82 149.39 187.5000001
0 0

0101101
*
Ed
 1e-07 1 1 0
1  24 0 0 6.28318530717959
2  11 11 0 0 6.28318530717959
0

0101000
+817 7 -817 7 *
Wi

0101100
-816 0 *
Ve
1e-07
-58.42 149.39 187.5000001
0 0

0101101
*
Ed
 1e-07 1 1 0
1  25 0 0 6.28318530717959
2  12 12 0 0 6.28318530717959
0

0101000
+814 7 -814 7 *
Wi

0101100
-813 0 *
Ve
1e-07
-89.87 149.39 208.5250001
0 0

0101101
*
Ve
1e-07
-89.87 149.39 191.3250001
0 0

0101101
*
Ed
 1e-07 1 1 0
1  26 0 0 17.2
0

0101000
-811 9 +810 9 *
Ve
1.5e-07
-88.27 149.39 208.5250001
0 0

0101101
*
Ed
 1e-07 1 1 0
1  27 0 0 1.6
0

0101000
+811 9 -808 9 *
Ve
1.5e-07
-88.27 149.39 191.3250001
0 0

0101101
*
Ed
 1e-07 1 1 0
1  28 0 0 1.6
0

0101000
+810 9 -806 9 *
Ed
 1.5e-07 1 1 0
1  29 0 0.5 17.7
0

0101000
+806 7 -808 7 *
Wi

0101100
+809 8 +807 8 -805 8 -804 0 *
Ve
1e-07
-82.82 149.39 212.3500001
0 0

0101101
*
Ed
 1e-07 1 1 0
1  30 0 0 6.28318530717959
2  13 13 0 0 6.28318530717959
0

0101000
+802 7 -802 7 *
Wi

0101100
-801 0 *
Ve
1.5e-07
-59.07 149.39 191.3250001
0 0

0101101
*
Ve
1e-07
-57.47 149.39 191.3250001
0 0

0101101
*
Ed
 1e-07 1 1 0
1  31 0 30.8 32.4
0

0101000
+799 9 -798 9 *
Ve
1.5e-07
-59.07 149.39 208.5250001
0 0

0101101
*
Ed
 1.5e-07 1 1 0
1  32 0 0.5 17.7
0

0101000
+799 7 -796 7 *
Ve
1e-07
-57.47 149.39 208.5250001
0 0

0101101
*
Ed
 1e-07 1 1 0
1  33 0 0 17.2
0

0101000
-794 9 +798 9 *
Ed
 1e-07 1 1 0
1  34 0 30.8 32.4
0

0101000
+796 9 -794 9 *
Wi

0101100
-797 8 +795 0 -793 8 +792 8 *
Ve
1e-07
-58.42 149.39 212.3500001
0 0

0101101
*
Ed
 1e-07 1 1 0
1  35 0 0 6.28318530717959
2  14 14 0 0 6.28318530717959
0

0101000
+790 7 -790 7 *
Wi

0101100
-789 0 *
Fa
0  1e-07 4 4

0101000
+818 0 +815 0 +812 0 +803 0 +800 0 +791 0 +788 0 *
Ve
1e-07
-86.07 151.29 183.0250001
0 0

0101101
*
Ed
 1e-07 1 1 0
1  36 0 4.71238898038469 6.28318530717959
2  15 2 0 4.71238898038469 6.28318530717959
0

0101000
+862 7 -786 7 *
Ed
 1e-07 1 1 0
1  37 0 0 1.9
2  16 2 0 0 1.9
4 G1 2 0 15 4
0

0101000
+786 7 -855 7 *
Wi

0101100
+785 0 -861 0 +784 0 -854 0 *
Fa
0  1e-07 2 0

0101000
+783 0 *
Ve
1e-07
-86.07 151.29 216.8250001
0 0

0101101
*
Ed
 1e-07 1 1 0
1  38 0 1.5707963267949 3.14159265358979
2  17 3 0 1.5707963267949 3.14159265358979
0

0101000
+860 7 -781 7 *
Ed
 1e-07 1 1 0
1  39 0 0 1.9
2  18 3 0 0 1.9
4 G1 3 0 16 4
0

0101000
+781 7 -853 7 *
Wi

0101100
+780 0 -859 0 +779 0 -852 0 *
Fa
0  1e-07 3 0

0101000
+778 0 *
Ve
1.5e-07
-79.07 151.29 216.8250001
0 0

0101101
*
Ed
 1e-07 1 1 0
1  40 0 4.5 11.5
0

0101000
+781 6 -776 6 *
Ve
1.5e-07
-79.07 151.29 215.6250001
0 0

0101101
*
Ed
 1.5e-07 1 1 0
1  41 0 16.65 17.85
0

0101000
+774 7 -776 7 *
Ve
1.5e-07
-78.37 151.29 214.9250001
0 0

0101101
*
Ed
 1e-07 1 1 0
1  42 0 0 1.5707963267949
2  19 6 0 0 1.5707963267949
0

0101000
+774 7 -772 7 *
Ve
1.50000000888178e-07
-69.27 151.29 214.9250001
0 0

0101101
*
Ed
 1.5e-07 1 1 0
1  43 0 -15.55 -6.45
0

0101000
+770 7 -772 7 *
Ve
1.5e-07
-68.57 151.29 215.6250001
0 0

0101101
*
Ed
 1e-07 1 1 0
1  44 0 4.71238898038469 6.28318530717959
2  20 8 0 4.71238898038469 6.28318530717959
0

0101000
+770 7 -768 7 *
Ve
1.5e-07
-68.57 151.29 216.8250001
0 0

0101101
*
Ed
 1.5e-07 1 1 0
1  45 0 16.65 17.85
0

0101000
+768 7 -766 7 *
Ve
1e-07
-61.57 151.29 216.8250001
0 0

0101101
*
Ed
 1e-07 1 1 0
1  46 0 22 29
0

0101000
+766 6 -764 6 *
Ve
1e-07
-57.07 151.29 212.3250001
0 0

0101101
*
Ed
 1e-07 1 1 0
1  47 0 1.5707963267949 3.14159265358979
2  21 10 0 1.5707963267949 3.14159265358979
0

0101000
+762 7 -764 7 *
Ve
1e-07
-57.07 151.29 187.5250001
0 0

0101101
*
Ed
 1e-07 1 1 0
1  48 0 4.5 29.3
0

0101000
+760 6 -762 6 *
Ve
1e-07
-61.57 151.29 183.0250001
0 0

0101101
*
Ed
 1e-07 1 1 0
1  49 0 4.71238898038469 6.28318530717959
2  22 9 0 4.71238898038469 6.28318530717959
0

0101000
+760 7 -758 7 *
Ve
1.5e-07
-68.57 151.29 183.0250001
0 0

0101101
*
Ed
 1e-07 1 1 0
1  50 0 22 29
0

0101000
+756 6 -758 6 *
Ve
1.5e-07
-68.57 151.29 184.2250001
0 0

0101101
*
Ed
 1.5e-07 1 1 0
1  51 0 1.05 2.25
0

0101000
+756 7 -754 7 *
Ve
1.50000000888178e-07
-69.27 151.29 184.9250001
0 0

0101101
*
Ed
 1e-07 1 1 0
1  52 0 0 1.5707963267949
2  23 7 0 0 1.5707963267949
0

0101000
+754 7 -752 7 *
Ve
1.5e-07
-78.37 151.29 184.9250001
0 0

0101101
*
Ed
 1.5e-07 1 1 0
1  53 0 -15.55 -6.45
0

0101000
+752 7 -750 7 *
Ve
1.5e-07
-79.07 151.29 184.2250001
0 0

0101101
*
Ed
 1e-07 1 1 0
1  54 0 4.71238898038469 6.28318530717959
2  24 5 0 4.71238898038469 6.28318530717959
0

0101000
+750 7 -748 7 *
Ve
1.5e-07
-79.07 151.29 183.0250001
0 0

0101101
*
Ed
 1.5e-07 1 1 0
1  55 0 1.05 2.25
0

0101000
+746 7 -748 7 *
Ed
 1e-07 1 1 0
1  56 0 4.5 11.5
0

0101000
+786 6 -746 6 *
Wi

0101100
-858 4 -780 0 -775 4 +773 0 -771 0 +769 0 -767 0 -765 0 -763 4 +761 0 
+759 4 -757 0 +755 4 -753 0 -751 0 -749 0 -747 0 +745 0 +744 4 +785 0 
*
Fa
0  1e-07 17 4

0101000
+743 0 *
Ed
 1.5e-07 1 1 0
1  57 0 -2.4 -0.5
0

0101000
+851 7 -746 7 *
Wi

0101100
-744 4 +741 0 +850 4 +784 0 *
Fa
0  1e-07 15 4

0101000
+740 0 *
Ed
 1.5e-07 1 1 0
1  58 0 -2.4 -0.5
0

0101000
+849 7 -776 7 *
Wi

0101100
-775 4 +738 0 +848 4 +779 0 *
Fa
0  1e-07 16 4

0101000
+737 0 *
Ed
 1e-07 1 1 0
1  59 0 1 2.9
2  25 5 0 1 2.9
4 G1 18 10 5 0
0

0101000
+748 7 -847 7 *
Wi

0101100
+735 0 +745 0 +741 0 -846 0 *
Fa
0  1e-07 18 10

0101000
+734 0 *
Ed
 1e-07 1 1 0
1  60 0 1 2.9
2  26 6 0 1 2.9
4 G1 19 11 6 0
0

0101000
+774 7 -845 7 *
Wi

0101100
-844 0 -738 0 +773 0 -732 0 *
Fa
0  1e-07 19 11

0101000
+731 0 *
Ed
 1e-07 1 1 0
1  61 0 1 2.9
2  27 5 0 1 2.9
4 G1 5 0 20 10
0

0101000
+750 7 -843 7 *
Wi

0101100
-735 0 +842 0 +729 0 -747 0 *
Fa
0  1e-07 5 0

0101000
+728 0 *
Ed
 1e-07 1 1 0
1  62 0 1 2.9
2  28 6 0 1 2.9
4 G1 6 0 21 11
0

0101000
+772 7 -841 7 *
Wi

0101100
-732 0 -840 0 +726 0 +771 0 *
Fa
0  1e-07 6 0

0101000
+725 0 *
Ed
 1e-07 1 1 0
1  63 0 1 2.9
2  29 7 0 1 2.9
4 G1 20 10 7 0
0

0101000
+752 7 -839 7 *
Wi

0101100
+749 0 -723 0 -838 0 +729 0 *
Fa
0  1e-07 20 10

0101000
+722 0 *
Ed
 1e-07 1 1 0
1  64 0 1 2.9
2  30 8 0 1 2.9
4 G1 21 11 8 0
0

0101000
+770 7 -837 7 *
Wi

0101100
+769 0 -720 0 -836 0 +726 0 *
Fa
0  1e-07 21 11

0101000
+719 0 *
Ed
 1e-07 1 1 0
1  65 0 1 2.9
2  31 7 0 1 2.9
4 G1 7 0 22 10
0

0101000
+754 7 -835 7 *
Wi

0101100
-717 0 -834 0 +723 0 +751 0 *
Fa
0  1e-07 7 0

0101000
+716 0 *
Ed
 1e-07 1 1 0
1  66 0 1 2.9
2  32 8 0 1 2.9
4 G1 8 0 23 11
0

0101000
+768 7 -833 7 *
Wi

0101100
-714 0 +832 0 +720 0 -767 0 *
Fa
0  1e-07 8 0

0101000
+713 0 *
Ed
 1.5e-07 1 1 0
1  67 0 -2.4 -0.5
0

0101000
+831 7 -756 7 *
Wi

0101100
+717 0 +753 0 +711 0 -830 0 *
Fa
0  1e-07 22 10

0101000
+710 0 *
Ed
 1.5e-07 1 1 0
1  68 0 -2.4 -0.5
0

0101000
+829 7 -766 7 *
Wi

0101100
-828 0 -708 0 +765 0 -714 0 *
Fa
0  1e-07 23 11

0101000
+707 0 *
Ed
 1e-07 1 1 0
1  69 0 0 1.9
2  33 9 0 0 1.9
4 G1 24 4 9 0
0

0101000
+758 7 -827 7 *
Wi

0101100
-755 4 -705 0 +826 4 -711 0 *
Fa
0  1e-07 24 4

0101000
+704 0 *
Ed
 1e-07 1 1 0
1  70 0 0 1.9
2  34 10 0 0 1.9
4 G1 25 4 10 0
0

0101000
+764 7 -825 7 *
Wi

0101100
-763 4 -702 0 +824 4 -708 0 *
Fa
0  1e-07 25 4

0101000
+701 0 *
Ed
 1e-07 1 1 0
1  71 0 0 1.9
2  35 9 0 0 1.9
4 G1 9 0 26 4
0

0101000
+760 7 -823 7 *
Wi

0101100
+757 0 -699 0 +705 0 -822 0 *
Fa
0  1e-07 9 0

0101000
+698 0 *
Ed
 1e-07 1 1 0
1  72 0 0 1.9
2  36 10 0 0 1.9
4 G1 10 0 26 4
0

0101000
+762 7 -821 7 *
Wi

0101100
+761 0 -696 0 +702 0 -820 0 *
Fa
0  1e-07 10 0

0101000
+695 0 *
Wi

0101100
-819 4 -699 0 +696 0 +759 4 *
Fa
0  1e-07 26 0

0101000
+693 5 *
Ve
1e-07
-82.82 147.74 187.5000001
0 0

0101101
*
Ed
 1e-07 1 1 0
1  73 0 0 1.65000000000001
3  37 38CN 11 0 0 1.65000000000001
0

0101000
-691 7 +817 7 *
Ed
 1e-07 1 1 0
1  74 0 0 6.28318530717959
2  39 11 0 0 6.28318530717959
2  40 27 0 0 6.28318530717959
4 G1 11 0 27 0
0

0101000
+691 7 -691 7 *
Wi

0101100
+690 0 +689 0 -816 0 -690 0 *
Fa
0  1e-07 11 0

0101000
+688 0 *
Ve
1e-07
-58.42 147.74 187.5000001
0 0

0101101
*
Ed
 1e-07 1 1 0
1  75 0 0 1.65000000000001
3  41 42CN 12 0 0 1.65000000000001
0

0101000
-686 7 +814 7 *
Ed
 1e-07 1 1 0
1  76 0 0 6.28318530717959
2  43 12 0 0 6.28318530717959
2  44 28 0 0 6.28318530717959
4 G1 12 0 28 0
0

0101000
+686 7 -686 7 *
Wi

0101100
+685 0 +684 0 -813 0 -685 0 *
Fa
0  1e-07 12 0

0101000
+683 0 *
Ve
1e-07
-89.87 123.29 191.3250001
0 0

0101101
*
Ed
 1e-07 1 1 0
1  77 0 0 26.1
0

0101000
-681 9 +810 9 *
Ve
1e-07
-89.87 123.29 208.5250001
0 0

0101101
*
Ed
 1e-07 1 1 0
1  78 0 -0 17.2
2  45 30 0 -0 17.2
4 G1 29 8 30 0
0

0101000
+681 7 -679 7 *
Ed
 1e-07 1 1 0
1  79 0 0 26.1
0

0101000
-679 9 +811 9 *
Wi

0101100
-680 8 -678 0 +809 8 +677 8 *
Fa
0  1e-07 29 0

0101000
+676 12 *
Ve
1e-07
-87.47 120.89 208.5250001
0 0

0101101
*
Ve
1.000001e-06
-81.2668743572598 120.89 208.5250001
0 0

0101101
*
Ed
 1e-07 1 1 0
1  80 0 2.4 8.60312564274022
0

0101000
+674 9 -673 9 *
Ed
 1e-07 1 1 0
1  81 0 4.71238898038469 6.28318530717959
2  46 30 0 4.71238898038469 6.28318530717959
0

0101000
+679 7 -674 7 *
Ve
1.5e-07
-88.27 123.29 208.5250001
0 0

0101101
*
Ed
 1.5e-07 1 1 0
1  82 0 -27.1 -1
0

0101000
+670 7 -808 7 *
Ve
1.5e-07
-87.47 122.49 208.5250001
0 0

0101101
*
Ed
 1e-07 1 1 0
1  83 0 0 1.5707963267949
2  47 32 0 0 1.5707963267949
0

0101000
+670 7 -668 7 *
Ve
1.50001e-07
-82.2227773266941 122.49 208.5250001
0 0

0101101
*
Ed
 1.5e-07 1 1 0
1  84 0 1.6 6.84722267330592
0

0101000
+668 7 -666 7 *
Ve
1.00000000177636e-06
-82.2227773266933 121.54 208.5250001
0 0

0101101
*
Ed
 1e-07 1 1 0
1  85 0 -0.949999999999996 0
2  48 33 0 -0.949999999999996 0
0

0101000
+664 7 -666 7 *
Ed
 1e-06 1 1 0
1  86 0 0 1
2  49 34 0 0 1
0

0101000
+664 7 -673 7 *
Wi

0101100
+672 8 +671 0 +677 8 -807 8 +669 0 -667 0 -665 0 +663 0 -662 0 *
Fa
0  1e-07 31 8

0101000
+661 0 *
Ve
1e-07
-87.47 120.89 191.3250001
0 0

0101101
*
Ve
1.000001e-06
-81.4900063938595 120.89 191.3250001
0 0

0101101
*
Ed
 1e-07 1 1 0
1  87 0 2.4 8.37999360614048
0

0101000
+659 9 -658 9 *
Ed
 1e-07 1 1 0
1  88 0 4.71238898038469 6.28318530717959
2  50 30 0 4.71238898038469 6.28318530717959
0

0101000
+681 7 -659 7 *
Ve
1.5e-07
-88.27 123.29 191.3250001
0 0

0101101
*
Ed
 1.5e-07 1 1 0
1  89 0 -27.1 -1
0

0101000
+655 7 -806 7 *
Ve
1.5e-07
-87.47 122.49 191.3250001
0 0

0101101
*
Ed
 1e-07 1 1 0
1  90 0 0 1.5707963267949
2  51 32 0 0 1.5707963267949
0

0101000
+655 7 -653 7 *
Ve
1.50001e-07
-82.4215712874884 122.49 191.3250001
0 0

0101101
*
Ed
 1.5e-07 1 1 0
1  91 0 1.6 6.64842871251153
0

0101000
+653 7 -651 7 *
Ve
1.00000000177636e-06
-82.4215712874889 121.54 191.3250001
0 0

0101101
*
Ed
 1e-07 1 1 0
1  92 0 -0.949999999999996 0
2  52 36 0 -0.949999999999996 0
0

0101000
+649 7 -651 7 *
Ed
 1e-06 1 1 0
1  93 0 0 1
2  53 37 0 0 1
0

0101000
+649 7 -658 7 *
Wi

0101100
+657 8 +656 0 +680 8 -805 8 +654 0 -652 0 -650 0 +648 0 -647 0 *
Fa
0  1e-07 35 8

0101000
+646 0 *
Ed
 1e-07 1 1 0
1  94 0 1 18.2
2  54 32 0 1 18.2
4 G1 38 13 32 0
0

0101000
+655 7 -670 7 *
Wi

0101100
-644 0 -669 0 +804 0 +654 0 *
Fa
0  1e-07 38 13

0101000
+643 0 *
Ve
1e-07
-82.82 147.74 212.3500001
0 0

0101101
*
Ed
 1e-07 1 1 0
1  95 0 0 1.65000000000001
3  55 56CN 13 0 0 1.65000000000001
0

0101000
-641 7 +802 7 *
Ed
 1e-07 1 1 0
1  96 0 0 6.28318530717959
2  57 13 0 0 6.28318530717959
2  58 39 0 0 6.28318530717959
4 G1 13 0 39 0
0

0101000
+641 7 -641 7 *
Wi

0101100
+640 0 +639 0 -801 0 -640 0 *
Fa
0  1e-07 13 0

0101000
+638 0 *
Ve
1e-07
-57.47 123.29 191.3250001
0 0

0101101
*
Ve
1e-07
-59.87 120.89 191.3250001
0 0

0101101
*
Ed
 1e-07 1 1 0
1  97 0 4.71238898038469 6.28318530717959
2  59 41 0 4.71238898038469 6.28318530717959
0

0101000
+636 7 -635 7 *
Ve
1.000001e-06
-65.8499936061405 120.89 191.3250001
0 0

0101101
*
Ed
 1e-07 1 1 0
1  98 0 24.0200063938595 30
0

0101000
+633 9 -635 9 *
Ve
1e-06
-64.9184287125111 121.54 191.3250001
0 0

0101101
*
Ed
 1e-06 1 1 0
1  99 0 0 1
2  60 37 0 0 1
0

0101000
+631 7 -633 7 *
Ve
1.50001e-07
-64.9184287125115 122.49 191.3250001
0 0

0101101
*
Ed
 1e-07 1 1 0
1  100 0 -0.949999999999996 0
2  61 36 0 -0.949999999999996 0
0

0101000
+631 7 -629 7 *
Ve
1.50000001776357e-07
-59.87 122.49 191.3250001
0 0

0101101
*
Ed
 1.5e-07 1 1 0
1  101 0 24.1515712874885 29.2
0

0101000
+629 7 -627 7 *
Ve
1.5e-07
-59.07 123.29 191.3250001
0 0

0101101
*
Ed
 1e-07 1 1 0
1  102 0 4.71238898038469 6.28318530717959
2  62 42 0 4.71238898038469 6.28318530717959
0

0101000
+627 7 -625 7 *
Ed
 1.5e-07 1 1 0
1  103 0 -27.1 -1
0

0101000
+625 7 -799 7 *
Ed
 1e-07 1 1 0
1  104 0 0 26.1
0

0101000
-636 9 +798 9 *
Wi

0101100
-634 0 +632 8 +630 0 -628 0 -626 0 -624 0 -623 0 -797 8 -622 8 *
Fa
0  1e-07 40 8

0101000
+621 0 *
Ve
1.5e-07
-59.07 123.29 208.5250001
0 0

0101101
*
Ed
 1e-07 1 1 0
1  105 0 1 18.2
2  63 42 0 1 18.2
4 G1 43 13 42 0
0

0101000
+625 7 -619 7 *
Ed
 1.5e-07 1 1 0
1  106 0 -27.1 -1
0

0101000
+619 7 -796 7 *
Wi

0101100
-618 0 -617 0 +795 0 +623 0 *
Fa
0  1e-07 43 13

0101000
+616 0 *
Ve
1e-07
-57.47 123.29 208.5250001
0 0

0101101
*
Ed
 1e-07 1 1 0
1  107 0 -0 17.2
2  64 41 0 -0 17.2
4 G1 44 8 41 0
0

0101000
+636 7 -614 7 *
Ed
 1e-07 1 1 0
1  108 0 0 26.1
0

0101000
-614 9 +794 9 *
Wi

0101100
-622 8 -613 0 +793 8 +612 8 *
Fa
0  1e-07 44 0

0101000
+611 12 *
Ve
1e-07
-59.87 120.89 208.5250001
0 0

0101101
*
Ed
 1e-07 1 1 0
1  109 0 4.71238898038469 6.28318530717959
2  65 41 0 4.71238898038469 6.28318530717959
0

0101000
+614 7 -609 7 *
Ve
1.000001e-06
-66.0731256427402 120.89 208.5250001
0 0

0101101
*
Ed
 1e-07 1 1 0
1  110 0 23.7968743572598 30
0

0101000
+607 9 -609 9 *
Ve
1.00000000177636e-06
-65.1172226733066 121.54 208.5250001
0 0

0101101
*
Ed
 1e-06 1 1 0
1  111 0 0 1
2  66 46 0 0 1
0

0101000
+605 7 -607 7 *
Ve
1.50001e-07
-65.1172226733059 122.49 208.5250001
0 0

0101101
*
Ed
 1e-07 1 1 0
1  112 0 -0.949999999999996 0
2  67 47 0 -0.949999999999996 0
0

0101000
+605 7 -603 7 *
Ve
1.50000001776357e-07
-59.87 122.49 208.5250001
0 0

0101101
*
Ed
 1.5e-07 1 1 0
1  113 0 23.9527773266941 29.2
0

0101000
+603 7 -601 7 *
Ed
 1e-07 1 1 0
1  114 0 4.71238898038469 6.28318530717959
2  68 42 0 4.71238898038469 6.28318530717959
0

0101000
+601 7 -619 7 *
Wi

0101100
-608 0 +606 8 +604 0 -602 0 -600 0 -599 0 -617 0 -792 8 -612 8 *
Fa
0  1e-07 45 8

0101000
+598 0 *
Ve
1e-07
-58.42 147.74 212.3500001
0 0

0101101
*
Ed
 1e-07 1 1 0
1  115 0 0 1.65000000000001
3  69 70CN 14 0 0 1.65000000000001
0

0101000
-596 7 +790 7 *
Ed
 1e-07 1 1 0
1  116 0 0 6.28318530717959
2  71 14 0 0 6.28318530717959
2  72 48 0 0 6.28318530717959
4 G1 14 0 48 0
0

0101000
+596 7 -596 7 *
Wi

0101100
+595 0 +594 0 -789 0 -595 0 *
Fa
0  1e-07 14 0

0101000
+593 0 *
Ve
1e-07
-83.47 147.09 187.5000001
0 0

0101101
*
Ed
 1e-07 1 1 0
1  117 0 0 1.5707963267949
3  73 74CN 27 0 0 1.5707963267949
0

0101000
+691 7 -591 7 *
Ed
 1e-07 1 1 0
1  118 0 0 6.28318530717959
2  75 27 0 0 6.28318530717959
4 G1 27 0 49 0
0

0101000
+591 7 -591 7 *
Wi

0101100
-590 0 +689 0 -589 0 +590 0 *
Fa
0  1e-07 27 0

0101000
+588 0 *
Ve
1e-07
-59.07 147.09 187.5000001
0 0

0101101
*
Ed
 1e-07 1 1 0
1  119 0 0 1.5707963267949
3  76 77CN 28 0 0 1.5707963267949
0

0101000
+686 7 -586 7 *
Ed
 1e-07 1 1 0
1  120 0 0 6.28318530717959
2  78 28 0 0 6.28318530717959
4 G1 28 0 50 0
0

0101000
+586 7 -586 7 *
Wi

0101100
-585 0 +684 0 -584 0 +585 0 *
Fa
0  1e-07 28 0

0101000
+583 0 *
Ed
 1e-07 1 1 0
1  121 0 0 17.2
2  79 30 0 0 17.2
0

0101000
+659 7 -674 7 *
Wi

0101100
+656 0 -678 0 +581 0 -671 0 *
Fa
0  1e-07 30 0

0101000
+580 0 *
Ed
 1e-07 1 1 0
1  122 0 1.89135953402558 3.37887151741803
2  80 37 0 1.89135953402558 3.37887151741803
0

0101000
+633 7 -658 7 *
Ed
 1e-07 1 1 0
1  123 0 0 17.2
2  81 41 0 0 17.2
0

0101000
+635 7 -609 7 *
Ve
1.00000000088818e-06
-68.0670989657143 120.89 209.9250001
0 0

0101101
*
Ed
 1e-07 1 1 0
1  124 0 0 0.211334733520053
2  80 46 0 0 0.211334733520053
0

0101000
+576 7 -607 7 *
Ve
1.50000007105427e-07
-68.47 120.89 209.9250001
0 0

0101101
*
Ed
 1.5e-07 1 1 0
1  125 0 11.35 11.7529010342857
0

0101000
+574 7 -576 7 *
Ve
1.00000193758188e-07
-68.4700000000002 120.89 210.138219771858
0 0

0101101
*
Ed
 1.00000007105427e-07 1 1 0
1  126 0 2.2 2.41321967185824
0

0101000
+574 7 -572 7 *
Ve
1.00000738268093e-07
-78.8699999999999 120.89 210.138219771858
0 0

0101101
*
Ed
 1e-07 1 1 0
1  127 0 1.10378859523168 2.03780405835813
2  82 52 0 1.10378859523168 2.03780405835813
0

0101000
+572 7 -570 7 *
Ve
1.50000007105427e-07
-78.87 120.89 209.9250001
0 0

0101101
*
Ed
 1.00000007105427e-07 1 1 0
1  128 0 2.2 2.41321967185809
0

0101000
+568 7 -570 7 *
Ve
1e-06
-79.2729010342857 120.89 209.9250001
0 0

0101101
*
Ed
 1.5e-07 1 1 0
1  129 0 0.547098965714282 0.950000000000001
0

0101000
+566 7 -568 7 *
Ed
 1e-07 1 1 0
1  130 0 5.05889631792357 5.27023105144362
2  80 34 0 5.05889631792357 5.27023105144362
0

0101000
+673 7 -566 7 *
Wi

0101100
-672 8 -581 0 +657 8 -578 0 +632 8 +577 0 -606 8 -575 0 -573 0 +571 0 
+569 0 -567 0 -565 0 -564 0 *
Fa
0  1e-07 51 0

0101000
+563 0 *
Ed
 1e-07 1 1 0
1  131 0 1 18.2
2  83 32 0 1 18.2
0

0101000
+653 7 -668 7 *
Wi

0101100
-644 0 -667 0 +561 0 +652 0 *
Fa
0  1e-07 32 0

0101000
+560 0 *
Ed
 1e-07 1 1 0
1  132 0 1.74611427772512 3.34607356636071
2  84 36 0 1.74611427772512 3.34607356636071
0

0101000
+629 7 -651 7 *
Ed
 1e-07 1 1 0
1  133 0 1 18.2
2  85 42 0 1 18.2
0

0101000
+627 7 -601 7 *
Ve
1.50000007105427e-07
-66.8267551556297 122.49 209.9250001
0 0

0101101
*
Ed
 1e-07 1 1 0
1  134 0 0 0.181366365130481
2  84 47 0 0 0.181366365130481
0

0101000
+556 7 -603 7 *
Ve
1.00000000088818e-06
-66.9162973118444 122.49 209.9250001
0 0

0101101
*
Ed
 1.5e-07 1 1 0
1  135 0 12.9037026881556 12.9932448443703
0

0101000
+554 7 -556 7 *
Ve
1e-06
-80.4237026881556 122.49 209.9250001
0 0

0101101
*
Ed
 1e-07 1 1 0
1  136 0 0 5.10439025100269
2  86 54 0 0 5.10439025100269
0

0101000
+552 7 -554 7 *
Ve
1.50000007324107e-07
-80.5132448443702 122.49 209.9250001
0 0

0101101
*
Ed
 1.5e-07 1 1 0
1  137 0 -0.693244844370249 -0.603702688155586
0

0101000
+550 7 -552 7 *
Ed
 1e-07 1 1 0
1  138 0 4.91082147895535 5.09218784408583
2  84 33 0 4.91082147895535 5.09218784408583
0

0101000
+666 7 -550 7 *
Wi

0101100
-665 0 -561 0 +650 0 -558 0 +626 0 +557 0 -600 0 -555 0 -553 0 -551 0 
-549 0 -548 0 *
Fa
0  1e-07 53 0

0111000
+547 0 *
Ve
1.00000000177636e-06
-80.5132448443702 121.54 209.9250001
0 0

0101101
*
Ed
 1e-07 1 1 0
1  139 0 4.91082147895541 5.09218784408583
2  87 33 0 4.91082147895541 5.09218784408583
2  88 34 0 4.91082147895541 5.09218784408583
0

0101000
+664 7 -545 7 *
Ed
 1e-07 1 1 0
1  140 0 -0.949999999999996 0
2  89 33 0 -0.949999999999996 0
0

0101000
+545 7 -550 7 *
Wi

0101100
-544 0 -543 0 +548 0 +663 0 *
Fa
0  1e-07 33 0

0101000
+542 0 *
Ed
 1e-06 1 1 0
1  141 0 0 1
2  90 34 0 0 1
0

0101000
+545 7 -566 7 *
Wi

0101100
-544 0 -540 0 +564 0 +662 0 *
Fa
0  1e-07 34 0

0101000
+539 0 *
Ed
 1e-07 1 1 0
1  142 0 1.74611427772508 3.34607356636075
2  87 36 0 1.74611427772508 3.34607356636075
2  88 37 0 1.74611427772508 3.34607356636075
0

0101000
+631 7 -649 7 *
Wi

0101100
-537 0 -648 0 +558 0 +628 0 *
Fa
0  1e-07 36 0

0101000
+536 0 *
Wi

0101100
-537 0 -647 0 +578 0 +630 0 *
Fa
0  1e-07 37 0

0101000
+534 0 *
Ve
1e-07
-83.47 147.09 212.3500001
0 0

0101101
*
Ed
 1e-07 1 1 0
1  143 0 0 1.5707963267949
3  91 92CN 39 0 0 1.5707963267949
0

0101000
+641 7 -532 7 *
Ed
 1e-07 1 1 0
1  144 0 0 6.28318530717959
2  93 39 0 0 6.28318530717959
4 G1 39 0 55 0
0

0101000
+532 7 -532 7 *
Wi

0101100
-531 0 +639 0 -530 0 +531 0 *
Fa
0  1e-07 39 0

0101000
+529 0 *
Wi

0101100
+634 0 -613 0 +577 0 -608 0 *
Fa
0  1e-07 41 0

0101000
+527 0 *
Wi

0101100
-618 0 +599 0 +557 0 -624 0 *
Fa
0  1e-07 42 0

0101000
+525 0 *
Ve
1.00000000088818e-06
-66.8267551556297 121.54 209.9250001
0 0

0101101
*
Ed
 1e-07 1 1 0
1  145 0 0 0.181366365130418
2  88 46 0 0 0.181366365130418
2  87 47 0 0 0.181366365130418
0

0101000
+523 7 -605 7 *
Ed
 1e-06 1 1 0
1  146 0 0 1
2  94 46 0 0 1
0

0101000
+523 7 -576 7 *
Wi

0101100
-522 0 -604 0 +575 0 +521 0 *
Fa
0  1e-07 46 0

0101000
+520 0 *
Ed
 1e-07 1 1 0
1  147 0 -0.949999999999996 0
2  95 47 0 -0.949999999999996 0
0

0101000
+523 7 -556 7 *
Wi

0101100
-522 0 -602 0 +555 0 +518 0 *
Fa
0  1e-07 47 0

0101000
+517 0 *
Ve
1e-07
-59.07 147.09 212.3500001
0 0

0101101
*
Ed
 1e-07 1 1 0
1  148 0 0 1.5707963267949
3  96 97CN 48 0 0 1.5707963267949
0

0101000
+596 7 -515 7 *
Ed
 1e-07 1 1 0
1  149 0 0 6.28318530717959
2  98 48 0 0 6.28318530717959
4 G1 48 0 56 0
0

0101000
+515 7 -515 7 *
Wi

0101100
-514 0 +594 0 -513 0 +514 0 *
Fa
0  1e-07 48 0

0101000
+512 0 *
Wi

0101100
+589 0 *
Fa
0  1e-07 49 0

0101000
+510 0 *
Wi

0101100
+584 0 *
Fa
0  1e-07 50 0

0101000
+508 0 *
Ve
1e-06
-66.0534062731428 122.99 209.9250001
0 0

0101101
*
Ed
 1e-06 1 1 0
1  150 0 0 1
2  99 54 0 0 1
0

0101000
+506 7 -554 7 *
Ve
1e-06
-66.0534062731428 126.59 209.9250001
0 0

0101101
*
Ed
 1e-07 1 1 0
1  151 0 -4.1 -0.499999400000007
2  100 58 0 -4.1 -0.499999400000007
0

0101000
+506 7 -504 7 *
Ve
1.00000000088818e-06
-66.9162973118444 127.09 209.9250001
0 0

0101101
*
Ed
 1e-06 1 1 0
1  152 0 0 1
2  101 59 0 0 1
0

0101000
+504 7 -502 7 *
Ve
1.00000001776357e-07
-66.9162973118444 127.29 209.9250001
0 0

0101101
*
Ed
 1e-07 1 1 0
1  153 0 -22 -21.8
2  102 60 0 -22 -21.8
0

0101000
+502 7 -500 7 *
Ve
1e-07
-64.37 127.29 209.9250001
0 0

0101101
*
Ed
 1e-07 1 1 0
1  154 0 19.0537026881556 21.6
0

0101000
+500 15 -498 15 *
Ve
1e-07
-61.37 124.29 209.9250001
0 0

0101101
*
Ed
 1e-07 1 1 0
1  155 0 1.5707963267949 3.14159265358979
2  103 61 0 1.5707963267949 3.14159265358979
0

0101000
+496 7 -498 7 *
Ve
1e-07
-61.37 122.99 209.9250001
0 0

0101101
*
Ed
 1e-07 1 1 0
1  156 0 3 4.3
0

0101000
+496 15 -494 15 *
Ve
1e-07
-64.37 119.99 209.9250001
0 0

0101101
*
Ed
 1e-07 1 1 0
1  157 0 4.71238898038469 6.28318530717959
2  104 62 0 4.71238898038469 6.28318530717959
0

0101000
+494 7 -492 7 *
Ve
1.5e-07
-68.47 119.99 209.9250001
0 0

0101101
*
Ed
 1e-07 1 1 0
1  158 0 17.5 21.6
0

0101000
+490 15 -492 15 *
Ed
 1.5e-07 1 1 0
1  159 0 -4.4 -3.5
0

0101000
+490 7 -574 7 *
Wi

0101100
+505 0 -503 0 -501 0 -499 0 -497 14 +495 0 -493 14 -491 0 +489 14 -488 0 
-573 0 +521 0 -518 0 +553 0 *
Fa
0  1e-07 57 14

0101000
+487 0 *
Ve
1.50000000888178e-07
-68.47 119.99 214.7250001
0 0

0101101
*
Ed
 1.5e-07 1 1 0
1  160 0 1.1 5.9
0

0101000
+490 7 -485 7 *
Ve
1e-07
-68.47 120.89 214.7250001
0 0

0101101
*
Ed
 1e-07 1 1 0
1  161 0 0.600000000000001 1.5
0

0101000
+483 17 -485 17 *
Ed
 1e-07 1 1 0
1  162 0 2.41321967185824 7
2  105 64 0 2.41321967185824 7
4 G1 63 16 64 0
0

0101000
+572 7 -483 7 *
Wi

0101100
+488 0 -484 0 +482 16 +571 0 +481 0 *
Fa
0  1e-07 63 16

0101000
+480 0 *
Ve
1.000001e-06
-78.67 121.337213598306 210.917766377756
0 0

0101101
*
Ed
 1e-07 1 1 0
1  163 0 0 0.681740498796047
2  106 52 0 0 0.681740498796047
2  107 65 0 0 0.681740498796047
0

0101000
+570 7 -478 7 *
Ve
1.000001e-06
-78.67 121.29 210.898504513689
0 0

0101101
*
Ed
 1e-06 1 1 0
1  164 0 0.453370237137134 0.599984907603299
2  108 52 0 0.453370237137134 0.599984907603299
0

0101000
+478 7 -476 7 *
Ve
1.000001e-06
-68.67 121.29 210.898504513689
0 0

0101101
*
Ed
 1e-07 1 1 0
1  165 0 1.14667223898275 1.99492041460705
2  109 52 0 1.14667223898275 1.99492041460705
0

0101000
+474 7 -476 7 *
Ve
1.000001e-06
-68.67 121.337213598268 210.917766377669
0 0

0101101
*
Ed
 1e-06 1 1 0
1  166 0 0.453370237325647 0.599984907603308
2  110 52 0 0.453370237325647 0.599984907603308
0

0101000
+472 7 -474 7 *
Ed
 1e-07 1 1 0
1  167 0 0.318264730152383 1
2  111 52 0 0.318264730152383 1
2  112 64 0 0.318264730152383 1
0

0101000
+472 7 -572 7 *
Wi

0101100
-569 0 -477 0 -475 0 +473 0 +471 0 -470 0 *
Fa
0  1e-07 52 0

0101000
+469 0 *
Ve
1.5e-07
-78.87 119.99 209.9250001
0 0

0101101
*
Ed
 1.5e-07 1 1 0
1  168 0 -4.4 -3.5
0

0101000
+467 7 -568 7 *
Ve
1.50000000888178e-07
-78.87 119.99 214.7250001
0 0

0101101
*
Ed
 1.5e-07 1 1 0
1  169 0 1.1 5.9
0

0101000
+467 7 -465 7 *
Ve
1e-07
-78.87 120.89 214.7250001
0 0

0101101
*
Ed
 1e-07 1 1 0
1  170 0 0.600000000000001 1.5
0

0101000
+463 17 -465 17 *
Ed
 1e-07 1 1 0
1  171 0 2.41321967185809 7
2  113 65 0 2.41321967185809 7
4 G1 66 16 65 0
0

0101000
+570 7 -463 7 *
Wi

0101100
+466 0 -464 0 +462 16 +567 0 +461 0 *
Fa
0  1e-07 66 16

0101000
+460 0 *
Ve
1e-07
-82.97 127.29 209.9250001
0 0

0101101
*
Ve
1.00000001776357e-07
-80.4237026881556 127.29 209.9250001
0 0

0101101
*
Ed
 1e-07 1 1 0
1  172 0 3 5.54629731184441
0

0101000
+458 15 -457 15 *
Ve
1e-06
-80.4237026881556 127.09 209.9250001
0 0

0101101
*
Ed
 1e-07 1 1 0
1  173 0 -22 -21.8
2  114 60 0 -22 -21.8
0

0101000
+455 7 -457 7 *
Ve
1e-06
-81.2865937268571 126.59 209.9250001
0 0

0101101
*
Ed
 1e-06 1 1 0
1  174 0 0 1
2  115 59 0 0 1
0

0101000
+453 7 -455 7 *
Ve
1e-06
-81.2865937268571 122.99 209.9250001
0 0

0101101
*
Ed
 1e-07 1 1 0
1  175 0 -4.1 -0.499999400000007
2  116 58 0 -4.1 -0.499999400000007
0

0101000
+451 7 -453 7 *
Ed
 1e-06 1 1 0
1  176 0 0 1
2  117 54 0 0 1
0

0101000
+451 7 -552 7 *
Ve
1e-07
-82.97 119.99 209.9250001
0 0

0101101
*
Ed
 1e-07 1 1 0
1  177 0 3 7.1
0

0101000
+448 15 -467 15 *
Ve
1e-07
-85.97 122.99 209.9250001
0 0

0101101
*
Ed
 1e-07 1 1 0
1  178 0 4.71238898038469 6.28318530717959
2  118 68 0 4.71238898038469 6.28318530717959
0

0101000
+446 7 -448 7 *
Ve
1e-07
-85.97 124.29 209.9250001
0 0

0101101
*
Ed
 1e-07 1 1 0
1  179 0 3 4.3
0

0101000
+444 15 -446 15 *
Ed
 1e-07 1 1 0
1  180 0 1.5707963267949 3.14159265358979
2  119 69 0 1.5707963267949 3.14159265358979
0

0101000
+444 7 -458 7 *
Wi

0101100
-456 14 +454 0 +452 0 +450 0 -449 0 +549 0 +543 0 -540 0 -565 0 +466 0 
+447 14 +445 0 +443 14 -442 0 *
Fa
0  1e-07 67 14

0101000
+441 0 *
Ed
 1e-07 1 1 0
1  181 0 0 4.99092221688812
2  120 54 0 0 4.99092221688812
2  121 58 0 0 4.99092221688812
0

0101000
+506 7 -451 7 *
Wi

0101100
-439 0 +505 0 -551 0 -449 0 *
Fa
0  1e-07 54 0

0111000
+438 0 *
Wi

0101100
+530 0 *
Fa
0  1e-07 55 0

0101000
+436 0 *
Wi

0101100
+513 0 *
Fa
0  1e-07 56 0

0101000
+434 0 *
Ed
 1e-07 1 1 0
1  182 0 0 4.99092221688812
2  122 58 0 0 4.99092221688812
2  123 59 0 0 4.99092221688812
0

0101000
+504 7 -453 7 *
Wi

0101100
-439 0 +503 0 +432 0 -450 0 *
Fa
0  1e-07 58 0

0111000
+431 0 *
Ve
1.00000000888178e-07
-61.52 127.09 199.8250001
0 0

0101101
*
Ed
 1.00000000888178e-07 1 1 0
1  183 0 0 0.981398798706447
2  124 59 0 0 0.981398798706447
2  125 60 0 0 0.981398798706447
0

0101000
+429 7 -502 7 *
Ed
 1.00000000888178e-07 1 1 0
1  184 0 2.16019385488335 6.28318530717959
2  126 59 0 2.16019385488335 6.28318530717959
2  125 60 0 2.16019385488335 6.28318530717959
0

0101000
+455 7 -429 7 *
Wi

0101100
-432 0 +501 0 -428 0 -427 0 -452 0 *
Fa
0  1e-07 59 0

0111000
+426 0 *
Ve
1e-07
-61.52 148.49 199.8250001
0 0

0101101
*
Ed
 1e-07 1 1 0
1  185 0 0.600000000000001 22
3  127 128CN 60 0 0.600000000000001 22
0

0101000
+424 7 -429 7 *
Ed
 1e-07 1 1 0
1  186 0 4.12299145229624 5.30178650847314
2  129 60 0 4.12299145229624 5.30178650847314
0

0101000
+457 7 -500 7 *
Ed
 1e-07 1 1 0
1  187 0 0 6.28318530717959
2  130 60 0 0 6.28318530717959
2  131 70 0 0 6.28318530717959
4 G1 60 0 70 0
0

0101000
+424 7 -424 7 *
Wi

0101100
-423 0 +427 0 -454 0 -422 0 +499 0 +428 0 +423 0 -421 0 *
Fa
0  1e-07 60 0

0101000
+420 0 *
Ve
1e-07
-82.97 127.29 216.1250001
0 0

0101101
*
Ve
1.5e-07
-74.82 127.29 216.1250001
0 0

0101101
*
Ed
 1e-07 1 1 0
1  188 0 3 11.15
0

0101000
+418 15 -417 15 *
Ve
1.5e-07
-74.82 127.29 215.4250001
0 0

0101101
*
Ed
 1.5e-07 1 1 0
1  189 0 2.0720722805276 2.7720722805276
0

0101000
+415 7 -417 7 *
Ve
1.50000000444089e-07
-72.62 127.29 215.4250001
0 0

0101101
*
Ed
 1.5e-07 1 1 0
1  190 0 -7.775 -5.575
0

0101000
+413 7 -415 7 *
Ve
1.50000000444089e-07
-72.62 127.29 216.1250001
0 0

0101101
*
Ed
 1.5e-07 1 1 0
1  191 0 2.0720722805276 2.7720722805276
0

0101000
+413 7 -411 7 *
Ve
1e-07
-64.37 127.29 216.1250001
0 0

0101101
*
Ed
 1e-07 1 1 0
1  192 0 13.35 21.6
0

0101000
+411 15 -409 15 *
Ed
 1e-07 1 1 0
1  193 0 0 6.2
2  132 61 0 0 6.2
4 G1 71 14 61 0
0

0101000
+498 7 -409 7 *
Ed
 1e-07 1 1 0
1  194 0 0 6.2
2  133 69 0 0 6.2
4 G1 71 14 69 0
0

0101000
+458 7 -418 7 *
Wi

0101100
-416 14 +414 0 +412 0 -410 0 -408 14 +407 0 +497 14 +422 0 +456 14 -406 0 
*
Fa
0  1e-07 71 14

0101000
+405 0 *
Ve
1e-07
-61.37 124.29 216.1250001
0 0

0101101
*
Ed
 1e-07 1 1 0
1  195 0 -0 6.2
2  134 61 0 -0 6.2
4 G1 61 0 72 14
0

0101000
+496 7 -403 7 *
Ed
 1e-07 1 1 0
1  196 0 1.5707963267949 3.14159265358979
2  135 61 0 1.5707963267949 3.14159265358979
0

0101000
+403 7 -409 7 *
Wi

0101100
+495 0 -402 0 +407 0 -401 0 *
Fa
0  1e-07 61 0

0101000
+400 0 *
Ve
1e-07
-61.37 122.99 216.1250001
0 0

0101101
*
Ed
 1e-07 1 1 0
1  197 0 -0 6.2
2  136 62 0 -0 6.2
4 G1 72 14 62 0
0

0101000
+494 7 -398 7 *
Ed
 1e-07 1 1 0
1  198 0 3 4.3
0

0101000
+403 15 -398 15 *
Wi

0101100
-493 14 +402 0 -397 0 +396 14 *
Fa
0  1e-07 72 0

0101000
+395 18 *
Ve
1e-07
-64.37 119.99 216.1250001
0 0

0101101
*
Ed
 1e-07 1 1 0
1  199 0 0 6.2
2  137 62 0 0 6.2
4 G1 62 0 73 14
0

0101000
+492 7 -393 7 *
Ed
 1e-07 1 1 0
1  200 0 4.71238898038469 6.28318530717959
2  138 62 0 4.71238898038469 6.28318530717959
0

0101000
+398 7 -393 7 *
Wi

0101100
+491 0 -397 0 +392 0 -391 0 *
Fa
0  1e-07 62 0

0101000
+390 0 *
Ve
1e-07
-82.97 119.99 216.1250001
0 0

0101101
*
Ed
 1e-07 1 1 0
1  201 0 3 21.6
0

0101000
+388 15 -393 15 *
Ed
 1.5e-07 1 1 0
1  202 0 -13.95 -3.55
0

0101000
+485 7 -465 7 *
Ed
 1e-07 1 1 0
1  203 0 0 6.2
2  139 68 0 0 6.2
4 G1 73 14 68 0
0

0101000
+448 7 -388 7 *
Wi

0101100
-387 14 +392 0 +489 14 -484 0 -386 0 +464 0 +447 14 -385 0 *
Fa
0  1e-07 73 14

0101000
+384 0 *
Ve
1e-07
-78.27 121.49 214.7250001
0 0

0101101
*
Ve
1e-07
-69.07 121.49 214.7250001
0 0

0101101
*
Ed
 1e-07 1 1 0
1  204 0 0.6 9.8
0

0101000
+382 17 -381 17 *
Ed
 1e-07 1 1 0
1  205 0 1.5707963267949 3.14159265358979
2  140 64 0 1.5707963267949 3.14159265358979
0

0101000
+483 7 -381 7 *
Ed
 1e-07 1 1 0
1  206 0 1.5707963267949 3.14159265358979
2  141 65 0 1.5707963267949 3.14159265358979
0

0101000
+463 7 -382 7 *
Wi

0101100
-380 16 +379 0 -482 16 -386 0 +462 16 -378 0 *
Fa
0  1e-07 74 16

0101000
+377 0 *
Ve
1.000000075886e-07
-69.07 121.49 214.390685524949
0 0

0101101
*
Ed
 1e-07 1 1 0
1  207 0 6.66568542494925 7
2  142 64 0 6.66568542494925 7
4 G1 64 0 75 16
0

0101000
+375 7 -381 7 *
Ve
1.00000369482223e-07
-68.67 121.3372135955 213.8250001
0 0

0101101
*
Ed
 1e-07 1 1 0
1  208 0 0 1
2  143 64 0 0 1
2  144 76 0 0 1
0

0101000
+373 7 -375 7 *
Ed
 1e-07 1 1 0
1  209 0 3.19276627766869 6.1
2  145 64 0 3.19276627766869 6.1
0

0101000
+472 7 -373 7 *
Wi

0101100
-481 0 -379 0 +374 0 +372 0 +371 0 -470 0 *
Fa
0  1e-07 64 0

0101000
+370 0 *
Ve
1.000000075886e-07
-78.27 121.49 214.390685524949
0 0

0101101
*
Ed
 1e-07 1 1 0
1  210 0 6.66568542494925 7
2  146 65 0 6.66568542494925 7
4 G1 65 0 75 16
0

0101000
+368 7 -382 7 *
Ve
1.00000369482223e-07
-78.67 121.3372135955 213.8250001
0 0

0101101
*
Ed
 1e-07 1 1 0
1  211 0 0 1
2  147 65 0 0 1
2  148 77 0 0 1
0

0101000
+366 7 -368 7 *
Ed
 1e-07 1 1 0
1  212 0 3.19276627775614 6.1
2  149 65 0 3.19276627775614 6.1
0

0101000
+478 7 -366 7 *
Wi

0101100
-461 0 -378 0 +367 0 +365 0 +364 0 +477 0 *
Fa
0  1e-07 65 0

0101000
+363 0 *
Ve
1e-07
-78.67 121.29 213.8250001
0 0

0101101
*
Ed
 1e-07 1 1 0
1  213 0 2.97350441368946 5.9
0

0101000
+476 20 -361 20 *
Ed
 1e-07 1 1 0
1  214 0 1.15278640449967 1.2
2  150 77 0 1.15278640449967 1.2
4 G1 78 19 77 0
0

0101000
+366 7 -361 7 *
Wi

0101100
-360 19 +359 0 +364 0 -475 0 *
Fa
0  1e-07 78 19

0101000
+358 0 *
Ve
1e-07
-78.07 121.29 214.4250001
0 0

0101101
*
Ed
 1e-07 1 1 0
1  215 0 1.5707963267949 3.14159265358979
2  151 77 0 1.5707963267949 3.14159265358979
0

0101000
+361 7 -356 7 *
Ve
1e-07
-69.27 121.29 214.4250001
0 0

0101101
*
Ed
 1e-07 1 1 0
1  216 0 0.6 9.4
0

0101000
+356 20 -354 20 *
Ve
1e-07
-68.67 121.29 213.8250001
0 0

0101101
*
Ed
 1e-07 1 1 0
1  217 0 1.5707963267949 3.14159265358979
2  152 76 0 1.5707963267949 3.14159265358979
0

0101000
+352 7 -354 7 *
Ed
 1e-07 1 1 0
1  218 0 2.97350441368946 5.9
0

0101000
+474 20 -352 20 *
Wi

0101100
-360 19 -355 0 -353 19 +351 0 +350 19 -473 0 *
Fa
0  1e-07 79 19

0101000
+349 0 *
Ed
 1e-07 1 1 0
1  219 0 1.15278640449967 1.2
2  153 76 0 1.15278640449967 1.2
4 G1 80 19 76 0
0

0101000
+373 7 -352 7 *
Wi

0101100
-350 19 +347 0 +371 0 -471 0 *
Fa
0  1e-07 80 19

0101000
+346 0 *
Ve
1e-07
-85.97 122.99 216.1250001
0 0

0101101
*
Ed
 1e-07 1 1 0
1  220 0 -0 6.2
2  154 68 0 -0 6.2
4 G1 68 0 81 14
0

0101000
+446 7 -344 7 *
Ed
 1e-07 1 1 0
1  221 0 4.71238898038469 6.28318530717959
2  155 68 0 4.71238898038469 6.28318530717959
0

0101000
+344 7 -388 7 *
Wi

0101100
+445 0 -343 0 +385 0 -342 0 *
Fa
0  1e-07 68 0

0101000
+341 0 *
Ve
1e-07
-85.97 124.29 216.1250001
0 0

0101101
*
Ed
 1e-07 1 1 0
1  222 0 -0 6.2
2  156 69 0 -0 6.2
4 G1 81 14 69 0
0

0101000
+444 7 -339 7 *
Ed
 1e-07 1 1 0
1  223 0 3 4.3
0

0101000
+339 15 -344 15 *
Wi

0101100
-443 14 +338 0 -343 0 +337 14 *
Fa
0  1e-07 81 0

0101000
+336 18 *
Ed
 1e-07 1 1 0
1  224 0 1.5707963267949 3.14159265358979
2  157 69 0 1.5707963267949 3.14159265358979
0

0101000
+339 7 -418 7 *
Wi

0101100
+442 0 -338 0 +406 0 -334 0 *
Fa
0  1e-07 69 0

0101000
+333 0 *
Ve
1e-07
-62.12 149.09 199.8250001
0 0

0101101
*
Ed
 1e-07 1 1 0
1  225 0 0 1.5707963267949
3  158 159CN 70 0 0 1.5707963267949
0

0101000
+424 7 -331 7 *
Ed
 1e-07 1 1 0
1  226 0 0 6.28318530717959
2  160 70 0 0 6.28318530717959
4 G1 70 0 82 0
0

0101000
+331 7 -331 7 *
Wi

0101100
-330 0 +421 0 -329 0 +330 0 *
Fa
0  1e-07 70 0

0101000
+328 0 *
Ve
1.5e-07
-74.82 120.19 216.1250001
0 0

0101101
*
Ed
 1.5e-07 1 1 0
1  227 0 -5.43931103209622 1.66068896790378
0

0101000
+326 7 -417 7 *
Ve
1.50000000444089e-07
-72.62 120.19 216.1250001
0 0

0101101
*
Ed
 1e-07 1 1 0
1  228 0 0 2.2
2  161 84 0 0 2.2
0

0101000
+326 7 -324 7 *
Ed
 1.5e-07 1 1 0
1  229 0 -5.43931103209622 1.66068896790378
0

0101000
+324 7 -411 7 *
Wi

0101100
-416 14 -334 0 +325 0 +337 14 -323 0 +342 0 -322 0 +387 14 -408 14 -391 0 
+401 0 -396 14 *
Ve
1.5e-07
-85.1174937185533 124.19 216.1250001
0 0

0101101
*
Ve
1.5e-07
-77.4225062814467 124.19 216.1250001
0 0

0101101
*
Ed
 1.5e-07 1 1 0
1  230 0 0.427506281446691 8.12249371855331
0

0101000
+320 7 -319 7 *
Ve
1.5e-07
-85.1174937185533 125.99 216.1250001
0 0

0101101
*
Ed
 1e-07 1 1 0
1  231 0 0 1.8
2  162 85 0 0 1.8
0

0101000
+317 7 -320 7 *
Ve
1.5e-07
-77.4225062814467 125.99 216.1250001
0 0

0101101
*
Ed
 1e-07 1 1 0
1  232 0 0 1.8
2  163 86 0 0 1.8
0

0101000
+315 7 -319 7 *
Ed
 1.5e-07 1 1 0
1  233 0 0.427506281446691 8.12249371855331
0

0101000
+317 7 -315 7 *
Wi

0101100
-318 0 -316 0 +314 0 +313 0 *
Ve
1.5e-07
-70.2174937185533 124.19 216.1250001
0 0

0101101
*
Ve
1.5e-07
-62.5225062814467 124.19 216.1250001
0 0

0101101
*
Ed
 1.5e-07 1 1 0
1  234 0 7.87750628144669 15.5724937185533
0

0101000
+311 7 -310 7 *
Ve
1.5e-07
-62.5225062814467 125.99 216.1250001
0 0

0101101
*
Ed
 1e-07 1 1 0
1  235 0 0 1.8
2  164 87 0 0 1.8
0

0101000
+308 7 -310 7 *
Ve
1.5e-07
-70.2174937185533 125.99 216.1250001
0 0

0101101
*
Ed
 1.5e-07 1 1 0
1  236 0 7.87750628144669 15.5724937185533
0

0101000
+306 7 -308 7 *
Ed
 1e-07 1 1 0
1  237 0 0 1.8
2  165 88 0 0 1.8
0

0101000
+306 7 -311 7 *
Wi

0101100
-309 0 +307 0 +305 0 -304 0 *
Fa
0  1e-07 83 14

0101000
+321 0 +312 0 +303 0 *
Ve
1e-07
-74.82 127.59 215.4250001
0 0

0101101
*
Ed
 1e-07 1 1 0
1  238 0 7.1 7.4
0

0101000
+415 7 -301 7 *
Ve
1.00000001776357e-07
-74.82 122.49 218.4250001
0 0

0101101
*
Ed
 1e-07 1 1 0
1  239 0 0 1.79404033921453
2  166 84 0 0 1.79404033921453
0

0101000
+299 7 -326 7 *
Ve
1e-07
-74.82 126.09 218.4250001
0 0

0101101
*
Ed
 1e-07 1 1 0
1  240 0 0 3.59999999999999
0

0101000
+297 7 -299 7 *
Ve
1e-07
-74.82 127.59 217.1250001
0 0

0101101
*
Ed
 1e-07 1 1 0
1  241 0 0 1.7284422002094
2  167 90 0 0 1.7284422002094
0

0101000
+295 7 -297 7 *
Ed
 1e-07 1 1 0
1  242 0 0 1.7
0

0101000
+301 7 -295 7 *
Wi

0101100
+300 0 -414 0 +325 0 +298 0 +296 0 +294 0 +293 0 *
Fa
0  1e-07 89 0

0101000
+292 0 *
Ve
1e-07
-72.62 127.59 215.4250001
0 0

0101101
*
Ed
 1e-07 1 1 0
1  243 0 0 2.2
0

0101000
+301 7 -290 7 *
Ed
 1e-07 1 1 0
1  244 0 7.1 7.4
0

0101000
+413 7 -290 7 *
Wi

0101100
-300 0 -289 0 +288 0 -412 0 *
Fa
0  1e-07 91 0

0101000
+287 0 *
Ve
1.00000001776357e-07
-72.62 122.49 218.4250001
0 0

0101101
*
Ed
 1e-07 1 1 0
1  245 0 0 1.79404033921453
2  168 84 0 0 1.79404033921453
0

0101000
+285 7 -324 7 *
Ve
1e-07
-72.62 126.09 218.4250001
0 0

0101101
*
Ed
 1e-07 1 1 0
1  246 0 0 3.59999999999999
0

0101000
+283 7 -285 7 *
Ve
1e-07
-72.62 127.59 217.1250001
0 0

0101101
*
Ed
 1e-07 1 1 0
1  247 0 0 1.7284422002094
2  169 90 0 0 1.7284422002094
0

0101000
+281 7 -283 7 *
Ed
 1e-07 1 1 0
1  248 0 0 1.7
0

0101000
+290 7 -281 7 *
Wi

0101100
+288 0 -410 0 +322 0 +284 0 +282 0 +280 0 +279 0 *
Fa
0  1e-07 92 0

0101000
+278 0 *
Ve
1.5e-07
-69.27 121.49 214.4250001
0 0

0101101
*
Ed
 1e-07 1 1 0
1  249 0 1.23095941734078 1.5707963267949
2  170 76 0 1.23095941734078 1.5707963267949
0

0101000
+375 7 -276 7 *
Ve
1.5e-07
-78.07 121.49 214.4250001
0 0

0101101
*
Ed
 1.5e-07 1 1 0
1  250 0 -9.5 -0.699999999999999
0

0101000
+276 7 -274 7 *
Ed
 1e-07 1 1 0
1  251 0 4.71238898038469 5.05222588983881
2  171 77 0 4.71238898038469 5.05222588983881
0

0101000
+274 7 -368 7 *
Wi

0101100
-380 16 +374 0 -275 0 -273 0 -272 0 -367 0 *
Fa
0  1e-07 75 16

0101000
+271 0 *
Ed
 1e-07 1 1 0
1  252 0 1 1.2
2  172 76 0 1 1.2
4 G1 76 0 93 19
0

0101000
+276 7 -354 7 *
Wi

0101100
-347 0 -351 0 +269 0 +275 0 +372 0 *
Fa
0  1e-07 76 0

0101000
+268 0 *
Ed
 1e-07 1 1 0
1  253 0 1 1.2
2  173 77 0 1 1.2
4 G1 77 0 93 19
0

0101000
+274 7 -356 7 *
Wi

0101100
-359 0 -355 0 +266 0 -272 0 +365 0 *
Fa
0  1e-07 77 0

0101000
+265 0 *
Wi

0101100
+273 0 -269 0 +353 19 +266 0 *
Fa
0  1e-07 93 19

0101000
+263 0 *
Wi

0101100
+329 0 *
Fa
0  1e-07 82 0

0101000
+261 0 *
Ed
 1.00000001776357e-07 1 1 0
1  254 0 0 2.2
2  174 84 0 0 2.2
0

0101000
+299 7 -285 7 *
Wi

0101100
+259 0 -323 0 -298 0 +284 0 *
Fa
0  1e-07 84 0

0101000
+258 0 *
Ve
1e-07
-85.12 124.19 216.1750001
0 0

0101101
*
Ve
1e-07
-85.12 124.19 218.2750001
0 0

0101101
*
Ed
 1e-07 1 1 0
1  255 0 0.5 2.6
0

0101000
+256 22 -255 22 *
Ve
1e-07
-84.62 124.19 218.7750001
0 0

0101101
*
Ed
 1e-07 1 1 0
1  256 0 1.5707963267949 3.14159265358979
2  175 95 0 1.5707963267949 3.14159265358979
0

0101000
+255 7 -253 7 *
Ve
1e-07
-77.92 124.19 218.7750001
0 0

0101101
*
Ed
 1e-07 1 1 0
1  257 0 0.5 7.2
0

0101000
+253 22 -251 22 *
Ve
1e-07
-77.42 124.19 218.2750001
0 0

0101101
*
Ed
 1e-07 1 1 0
1  258 0 1.5707963267949 3.14159265358979
2  176 96 0 1.5707963267949 3.14159265358979
0

0101000
+249 7 -251 7 *
Ve
1e-07
-77.42 124.19 216.1750001
0 0

0101101
*
Ed
 1e-07 1 1 0
1  259 0 0.5 2.6
0

0101000
+247 22 -249 22 *
Ed
 1e-07 1 1 0
1  260 0 4.71238898038469 4.81255640154625
2  177 86 0 4.71238898038469 4.81255640154625
0

0101000
+247 7 -319 7 *
Ed
 1e-07 1 1 0
1  261 0 4.71238898038469 4.81255640154625
2  178 85 0 4.71238898038469 4.81255640154625
0

0101000
+256 7 -320 7 *
Wi

0101100
-254 21 -252 0 -250 21 +248 0 +246 21 -245 0 +318 0 +244 0 *
Fa
0  1e-07 94 21

0101000
+243 0 *
Ve
1e-07
-85.12 125.99 216.1750001
0 0

0101101
*
Ed
 1e-07 1 1 0
1  262 0 0 1.8
2  179 85 0 0 1.8
4 G1 85 0 97 21
0

0101000
+241 7 -256 7 *
Ed
 1e-07 1 1 0
1  263 0 4.71238898038469 4.81255640154625
2  180 85 0 4.71238898038469 4.81255640154625
0

0101000
+241 7 -317 7 *
Wi

0101100
-240 0 -244 0 +316 0 +239 0 *
Fa
0  1e-07 85 0

0101000
+238 0 *
Ve
1e-07
-77.42 125.99 216.1750001
0 0

0101101
*
Ed
 1e-07 1 1 0
1  264 0 0 1.8
2  181 86 0 0 1.8
4 G1 86 0 98 21
0

0101000
+236 7 -247 7 *
Ed
 1e-07 1 1 0
1  265 0 4.71238898038469 4.81255640154625
2  182 86 0 4.71238898038469 4.81255640154625
0

0101000
+236 7 -315 7 *
Wi

0101100
-235 0 -245 0 +314 0 +234 0 *
Fa
0  1e-07 86 0

0101000
+233 0 *
Ve
1e-07
-85.12 125.99 218.2750001
0 0

0101101
*
Ed
 1e-07 1 1 0
1  266 0 0.5 2.6
0

0101000
+241 22 -231 22 *
Ve
1e-07
-84.62 125.99 218.7750001
0 0

0101101
*
Ed
 1e-07 1 1 0
1  267 0 1.5707963267949 3.14159265358979
2  183 95 0 1.5707963267949 3.14159265358979
0

0101000
+231 7 -229 7 *
Ve
1e-07
-77.92 125.99 218.7750001
0 0

0101101
*
Ed
 1e-07 1 1 0
1  268 0 0.5 7.2
0

0101000
+229 22 -227 22 *
Ve
1e-07
-77.42 125.99 218.2750001
0 0

0101101
*
Ed
 1e-07 1 1 0
1  269 0 1.5707963267949 3.14159265358979
2  184 96 0 1.5707963267949 3.14159265358979
0

0101000
+225 7 -227 7 *
Ed
 1e-07 1 1 0
1  270 0 0.5 2.6
0

0101000
+236 22 -225 22 *
Wi

0101100
-230 21 -228 0 -226 21 +224 0 +223 21 -234 0 +313 0 +239 0 *
Fa
0  1e-07 99 21

0101000
+222 0 *
Ve
1e-07
-70.22 124.19 216.1750001
0 0

0101101
*
Ve
1e-07
-70.22 124.19 218.2750001
0 0

0101101
*
Ed
 1e-07 1 1 0
1  271 0 0.5 2.6
0

0101000
+220 24 -219 24 *
Ve
1e-07
-69.72 124.19 218.7750001
0 0

0101101
*
Ed
 1e-07 1 1 0
1  272 0 1.5707963267949 3.14159265358979
2  185 101 0 1.5707963267949 3.14159265358979
0

0101000
+219 7 -217 7 *
Ve
1e-07
-63.02 124.19 218.7750001
0 0

0101101
*
Ed
 1e-07 1 1 0
1  273 0 0.5 7.2
0

0101000
+217 24 -215 24 *
Ve
1e-07
-62.52 124.19 218.2750001
0 0

0101101
*
Ed
 1e-07 1 1 0
1  274 0 1.5707963267949 3.14159265358979
2  186 102 0 1.5707963267949 3.14159265358979
0

0101000
+213 7 -215 7 *
Ve
1e-07
-62.52 124.19 216.1750001
0 0

0101101
*
Ed
 1e-07 1 1 0
1  275 0 0.5 2.6
0

0101000
+211 24 -213 24 *
Ed
 1e-07 1 1 0
1  276 0 4.71238898038469 4.81255640154625
2  187 87 0 4.71238898038469 4.81255640154625
0

0101000
+211 7 -310 7 *
Ed
 1e-07 1 1 0
1  277 0 4.71238898038469 4.81255640154625
2  188 88 0 4.71238898038469 4.81255640154625
0

0101000
+220 7 -311 7 *
Wi

0101100
-218 23 -216 0 -214 23 +212 0 +210 23 -209 0 +309 0 +208 0 *
Fa
0  1e-07 100 23

0101000
+207 0 *
Ve
1e-07
-62.52 125.99 216.1750001
0 0

0101101
*
Ed
 1e-07 1 1 0
1  278 0 0 1.8
2  189 87 0 0 1.8
4 G1 87 0 103 23
0

0101000
+205 7 -211 7 *
Ed
 1e-07 1 1 0
1  279 0 4.71238898038469 4.81255640154625
2  190 87 0 4.71238898038469 4.81255640154625
0

0101000
+205 7 -308 7 *
Wi

0101100
-204 0 -209 0 +307 0 +203 0 *
Fa
0  1e-07 87 0

0101000
+202 0 *
Ve
1e-07
-70.22 125.99 216.1750001
0 0

0101101
*
Ve
1e-07
-70.22 125.99 218.2750001
0 0

0101101
*
Ed
 1e-07 1 1 0
1  280 0 0.5 2.6
0

0101000
+200 24 -199 24 *
Ve
1e-07
-69.72 125.99 218.7750001
0 0

0101101
*
Ed
 1e-07 1 1 0
1  281 0 1.5707963267949 3.14159265358979
2  191 101 0 1.5707963267949 3.14159265358979
0

0101000
+199 7 -197 7 *
Ve
1e-07
-63.02 125.99 218.7750001
0 0

0101101
*
Ed
 1e-07 1 1 0
1  282 0 0.5 7.2
0

0101000
+197 24 -195 24 *
Ve
1e-07
-62.52 125.99 218.2750001
0 0

0101101
*
Ed
 1e-07 1 1 0
1  283 0 1.5707963267949 3.14159265358979
2  192 102 0 1.5707963267949 3.14159265358979
0

0101000
+193 7 -195 7 *
Ed
 1e-07 1 1 0
1  284 0 0.5 2.6
0

0101000
+205 24 -193 24 *
Ed
 1e-07 1 1 0
1  285 0 4.71238898038469 4.81255640154625
2  193 88 0 4.71238898038469 4.81255640154625
0

0101000
+200 7 -306 7 *
Wi

0101100
-198 23 -196 0 -194 23 +192 0 +191 23 -203 0 +305 0 +190 0 *
Fa
0  1e-07 104 23

0101000
+189 0 *
Ed
 1e-07 1 1 0
1  286 0 0 1.8
2  194 88 0 0 1.8
4 G1 88 0 105 23
0

0101000
+200 7 -220 7 *
Wi

0101100
-187 0 -208 0 +304 0 +190 0 *
Fa
0  1e-07 88 0

0101000
+186 0 *
Ed
 1e-07 1 1 0
1  287 0 0 2.2
2  195 90 0 0 2.2
0

0101000
+297 7 -283 7 *
Wi

0101100
+184 0 -259 0 -296 0 +282 0 *
Fa
0  1e-07 106 0

0101000
+183 0 *
Ed
 1e-07 1 1 0
1  288 0 0 2.2
2  196 90 0 0 2.2
0

0101000
+295 7 -281 7 *
Wi

0101100
+181 0 -184 0 -294 0 +280 0 *
Fa
0  1e-07 90 0

0101000
+180 0 *
Wi

0101100
+289 0 -181 0 -293 0 +279 0 *
Fa
0  1e-07 107 0

0101000
+178 0 *
Ed
 1e-07 1 1 0
1  289 0 0 1.8
2  197 95 0 0 1.8
4 G1 97 21 95 0
0

0101000
+231 7 -255 7 *
Wi

0101100
-254 21 -240 0 +176 0 +230 21 *
Fa
0  1e-07 97 0

0101000
+175 25 *
Ed
 1e-07 1 1 0
1  290 0 0 1.8
2  198 95 0 0 1.8
4 G1 95 0 108 21
0

0101000
+229 7 -253 7 *
Wi

0101100
+228 0 -176 0 +173 0 -252 0 *
Fa
0  1e-07 95 0

0101000
+172 0 *
Ed
 1e-07 1 1 0
1  291 0 0 1.8
2  199 96 0 0 1.8
4 G1 108 21 96 0
0

0101000
+227 7 -251 7 *
Wi

0101100
-226 21 +173 0 -170 0 +250 21 *
Fa
0  1e-07 108 0

0101000
+169 25 *
Ed
 1e-07 1 1 0
1  292 0 0 1.8
2  200 96 0 0 1.8
4 G1 96 0 98 21
0

0101000
+225 7 -249 7 *
Wi

0101100
+224 0 -167 0 +170 0 -248 0 *
Fa
0  1e-07 96 0

0101000
+166 0 *
Wi

0101100
-246 21 -235 0 +167 0 +223 21 *
Fa
0  1e-07 98 0

0101000
+164 25 *
Ed
 1e-07 1 1 0
1  293 0 0 1.8
2  201 101 0 0 1.8
4 G1 105 23 101 0
0

0101000
+199 7 -219 7 *
Wi

0101100
-218 23 -187 0 +162 0 +198 23 *
Fa
0  1e-07 105 0

0101000
+161 26 *
Ed
 1e-07 1 1 0
1  294 0 0 1.8
2  202 101 0 0 1.8
4 G1 101 0 109 23
0

0101000
+197 7 -217 7 *
Wi

0101100
+196 0 -162 0 +159 0 -216 0 *
Fa
0  1e-07 101 0

0101000
+158 0 *
Ed
 1e-07 1 1 0
1  295 0 0 1.8
2  203 102 0 0 1.8
4 G1 109 23 102 0
0

0101000
+195 7 -215 7 *
Wi

0101100
-194 23 +159 0 -156 0 +214 23 *
Fa
0  1e-07 109 0

0101000
+155 26 *
Ed
 1e-07 1 1 0
1  296 0 0 1.8
2  204 102 0 0 1.8
4 G1 102 0 103 23
0

0101000
+193 7 -213 7 *
Wi

0101100
+192 0 -153 0 +156 0 -212 0 *
Fa
0  1e-07 102 0

0101000
+152 0 *
Wi

0101100
-210 23 -204 0 +153 0 +191 23 *
Fa
0  1e-07 103 0

0101000
+150 26 *
Sh

0101100
-856 4 +787 0 +782 0 -777 0 -742 0 -739 0 +736 0 +733 0 +730 0 +727 0 
-724 0 -721 0 +718 0 -715 0 +712 0 -709 0 -706 0 -703 0 +700 0 -697 0 
+694 0 +692 4 -687 0 -682 0 -675 8 +660 0 -645 0 +642 0 -637 0 -620 0 
-615 0 +610 8 +597 0 -592 0 +587 0 +582 0 +579 0 +562 0 -559 0 -546 0 
-541 0 +538 0 -535 0 +533 0 +528 0 -526 0 +524 0 +519 0 -516 0 +511 0 
+509 0 +507 0 -486 0 -479 0 +468 0 +459 0 -440 0 +437 0 +435 0 +433 0 
-430 0 -425 0 -419 0 -404 0 +399 0 +394 14 -389 0 +383 0 -376 0 -369 0 
+362 0 -357 0 +348 0 +345 0 +340 0 -335 14 -332 0 -327 0 +302 0 -291 0 
-286 0 +277 0 +270 0 +267 0 -264 0 +262 0 -260 0 -257 0 +242 0 +237 0 
-232 0 -221 0 +206 0 -201 0 -188 0 +185 0 -182 0 -179 0 -177 0 -174 21 
-171 0 +168 21 +165 0 +163 21 -160 23 -157 0 +154 23 +151 0 +149 23 *
So

0100000
+148 0 *
Co

0100000
+147 0 *
Ve
1e-07
-84.42 124.69 219.1750001
0 0

0101101
*
Ve
1e-07
-84.42 124.69 226.2750001
0 0

0101101
*
Ed
 1e-07 1 1 0
1  297 0 0.75 7.85
0

0101000
+145 29 -144 29 *
Ve
1e-07
-84.42 125.49 219.1750001
0 0

0101101
*
Ed
 1e-07 1 1 0
1  298 0 0 0.799999999999997
2  205 111 0 0 0.799999999999997
4 G1 110 27 111 0
0

0101000
+142 7 -145 7 *
Ve
1e-07
-84.42 125.49 226.2750001
0 0

0101101
*
Ed
 1e-07 1 1 0
1  299 0 0 0.799999999999997
2  206 112 0 0 0.799999999999997
4 G1 110 27 112 0
0

0101000
+140 7 -144 7 *
Ed
 1e-07 1 1 0
1  300 0 0.75 7.85
0

0101000
+142 29 -140 29 *
Wi

0101100
-143 27 -141 0 +139 0 +138 27 *
Fa
0  1e-07 110 0

0101000
+137 28 *
Ve
1e-07
-83.67 124.69 218.4250001
0 0

0101101
*
Ed
 1e-07 1 1 0
1  301 0 4.71238898038469 6.28318530717959
2  207 111 0 4.71238898038469 6.28318530717959
0

0101000
+145 7 -135 7 *
Ve
1e-07
-83.67 124.69 227.0250001
0 0

0101101
*
Ed
 1e-07 1 1 0
1  302 0 1.5707963267949 3.14159265358979
2  208 112 0 1.5707963267949 3.14159265358979
0

0101000
+144 7 -133 7 *
Ve
1e-07
-78.87 124.69 218.4250001
0 0

0101101
*
Ed
 1e-07 1 1 0
1  303 0 0.75 5.55
0

0101000
+135 29 -131 29 *
Ve
1e-07
-78.87 124.69 227.0250001
0 0

0101101
*
Ed
 1e-07 1 1 0
1  304 0 0.75 5.55
0

0101000
+133 29 -129 29 *
Ve
1e-07
-78.12 124.69 219.1750001
0 0

0101101
*
Ed
 1e-07 1 1 0
1  305 0 4.71238898038469 6.28318530717959
2  209 114 0 4.71238898038469 6.28318530717959
0

0101000
+127 7 -131 7 *
Ve
1e-07
-78.12 124.69 226.2750001
0 0

0101101
*
Ed
 1e-07 1 1 0
1  306 0 1.5707963267949 3.14159265358979
2  210 115 0 1.5707963267949 3.14159265358979
0

0101000
+125 7 -129 7 *
Ed
 1e-07 1 1 0
1  307 0 0.75 7.85
0

0101000
+127 29 -125 29 *
Wi

0101100
-143 27 +134 0 -132 0 +130 27 -128 27 -126 0 +124 0 +123 27 *
Ve
1e-07
-80.37 124.69 223.5250001
0 0

0101101
*
Ed
 1e-07 1 1 0
1  308 0 0 6.28318530717959
2  211 116 0 0 6.28318530717959
0

0101100
+121 7 -121 7 *
Wi

0101100
+120 0 *
Fa
0  1e-07 113 27

0101000
+122 0 +119 0 *
Ve
1e-07
-83.67 125.49 218.4250001
0 0

0101101
*
Ed
 1e-07 1 1 0
1  309 0 4.71238898038469 6.28318530717959
2  212 111 0 4.71238898038469 6.28318530717959
0

0101000
+142 7 -117 7 *
Ed
 1e-07 1 1 0
1  310 0 0 0.799999999999997
2  213 111 0 0 0.799999999999997
4 G1 111 0 117 27
0

0101000
+117 7 -135 7 *
Wi

0101100
+116 0 -141 0 +115 0 -134 0 *
Fa
0  1e-07 111 0

0101000
+114 0 *
Ve
1e-07
-83.67 125.49 227.0250001
0 0

0101101
*
Ed
 1e-07 1 1 0
1  311 0 1.5707963267949 3.14159265358979
2  214 112 0 1.5707963267949 3.14159265358979
0

0101000
+140 7 -112 7 *
Ed
 1e-07 1 1 0
1  312 0 0 0.799999999999997
2  215 112 0 0 0.799999999999997
4 G1 112 0 118 27
0

0101000
+112 7 -133 7 *
Wi

0101100
+111 0 -139 0 +110 0 -132 0 *
Fa
0  1e-07 112 0

0101000
+109 0 *
Ve
1e-07
-78.87 125.49 218.4250001
0 0

0101101
*
Ed
 1e-07 1 1 0
1  313 0 0.75 5.55
0

0101000
+117 29 -107 29 *
Ve
1e-07
-78.87 125.49 227.0250001
0 0

0101101
*
Ed
 1e-07 1 1 0
1  314 0 0.75 5.55
0

0101000
+112 29 -105 29 *
Ve
1e-07
-78.12 125.49 219.1750001
0 0

0101101
*
Ed
 1e-07 1 1 0
1  315 0 4.71238898038469 6.28318530717959
2  216 114 0 4.71238898038469 6.28318530717959
0

0101000
+103 7 -107 7 *
Ve
1e-07
-78.12 125.49 226.2750001
0 0

0101101
*
Ed
 1e-07 1 1 0
1  316 0 1.5707963267949 3.14159265358979
2  217 115 0 1.5707963267949 3.14159265358979
0

0101000
+101 7 -105 7 *
Ed
 1e-07 1 1 0
1  317 0 0.75 7.85
0

0101000
+103 29 -101 29 *
Wi

0101100
-138 27 +116 0 -111 0 +106 27 -104 27 -102 0 +100 0 +99 27 *
Ve
1e-07
-80.37 125.49 223.5250001
0 0

0101101
*
Ed
 1e-07 1 1 0
1  318 0 0 6.28318530717959
2  218 116 0 0 6.28318530717959
0

0101100
+97 7 -97 7 *
Wi

0101100
+96 0 *
Fa
0  1e-07 119 27

0101000
+98 0 +95 0 *
Ed
 1e-07 1 1 0
1  319 0 0 0.799999999999997
2  219 114 0 0 0.799999999999997
4 G1 117 27 114 0
0

0101000
+107 7 -131 7 *
Wi

0101100
-106 27 +115 0 -93 0 +130 27 *
Fa
0  1e-07 117 0

0101000
+92 28 *
Ed
 1e-07 1 1 0
1  320 0 0 0.799999999999997
2  220 115 0 0 0.799999999999997
4 G1 118 27 115 0
0

0101000
+105 7 -129 7 *
Wi

0101100
-104 27 +110 0 -90 0 +128 27 *
Fa
0  1e-07 118 0

0101000
+89 28 *
Ed
 1e-07 1 1 0
1  321 0 0 0.799999999999997
2  221 114 0 0 0.799999999999997
4 G1 114 0 120 27
0

0101000
+103 7 -127 7 *
Wi

0101100
+102 0 -87 0 +93 0 -126 0 *
Fa
0  1e-07 114 0

0101000
+86 0 *
Ed
 1e-07 1 1 0
1  322 0 0 0.799999999999997
2  222 115 0 0 0.799999999999997
4 G1 115 0 120 27
0

0101000
+101 7 -125 7 *
Wi

0101100
+100 0 -84 0 +90 0 -124 0 *
Fa
0  1e-07 115 0

0101000
+83 0 *
Wi

0101100
-123 27 -87 0 +84 0 +99 27 *
Fa
0  1e-07 120 0

0101000
+81 28 *
Ed
 1e-07 1 1 0
1  323 0 0.600000000000001 1.4
3  223 224CN 116 0 0.600000000000001 1.4
0

0101000
+97 7 -121 7 *
Wi

0101100
+96 0 -79 0 -120 0 +79 0 *
Fa
0  1e-07 116 0

0101000
+78 0 *
Sh

0101100
-136 27 +118 0 +113 0 -108 0 -94 0 -91 27 +88 27 -85 0 +82 0 +80 27 
+77 0 *
So

0100000
+76 0 *
Co

0100000
+75 0 *
Ve
1e-07
-69.52 124.69 219.1750001
0 0

0101101
*
Ve
1e-07
-69.52 124.69 226.2750001
0 0

0101101
*
Ed
 1e-07 1 1 0
1  324 0 0.75 7.85
0

0101000
+73 32 -72 32 *
Ve
1e-07
-69.52 125.49 219.1750001
0 0

0101101
*
Ed
 1e-07 1 1 0
1  325 0 0 0.799999999999997
2  225 122 0 0 0.799999999999997
4 G1 121 30 122 0
0

0101000
+70 7 -73 7 *
Ve
1e-07
-69.52 125.49 226.2750001
0 0

0101101
*
Ed
 1e-07 1 1 0
1  326 0 0 0.799999999999997
2  226 123 0 0 0.799999999999997
4 G1 121 30 123 0
0

0101000
+68 7 -72 7 *
Ed
 1e-07 1 1 0
1  327 0 0.75 7.85
0

0101000
+70 32 -68 32 *
Wi

0101100
-71 30 -69 0 +67 0 +66 30 *
Fa
0  1e-07 121 0

0101000
+65 31 *
Ve
1e-07
-68.77 124.69 218.4250001
0 0

0101101
*
Ed
 1e-07 1 1 0
1  328 0 4.71238898038469 6.28318530717959
2  227 122 0 4.71238898038469 6.28318530717959
0

0101000
+73 7 -63 7 *
Ve
1e-07
-68.77 124.69 227.0250001
0 0

0101101
*
Ed
 1e-07 1 1 0
1  329 0 1.5707963267949 3.14159265358979
2  228 123 0 1.5707963267949 3.14159265358979
0

0101000
+72 7 -61 7 *
Ve
1e-07
-63.97 124.69 218.4250001
0 0

0101101
*
Ed
 1e-07 1 1 0
1  330 0 0.75 5.55
0

0101000
+63 32 -59 32 *
Ve
1e-07
-63.97 124.69 227.0250001
0 0

0101101
*
Ed
 1e-07 1 1 0
1  331 0 0.75 5.55
0

0101000
+61 32 -57 32 *
Ve
1e-07
-63.22 124.69 219.1750001
0 0

0101101
*
Ed
 1e-07 1 1 0
1  332 0 4.71238898038469 6.28318530717959
2  229 125 0 4.71238898038469 6.28318530717959
0

0101000
+55 7 -59 7 *
Ve
1e-07
-63.22 124.69 226.2750001
0 0

0101101
*
Ed
 1e-07 1 1 0
1  333 0 1.5707963267949 3.14159265358979
2  230 126 0 1.5707963267949 3.14159265358979
0

0101000
+53 7 -57 7 *
Ed
 1e-07 1 1 0
1  334 0 0.75 7.85
0

0101000
+55 32 -53 32 *
Wi

0101100
-71 30 +62 0 -60 0 +58 30 -56 30 -54 0 +52 0 +51 30 *
Ve
1e-07
-65.47 124.69 223.5250001
0 0

0101101
*
Ed
 1e-07 1 1 0
1  335 0 0 6.28318530717959
2  231 127 0 0 6.28318530717959
0

0101100
+49 7 -49 7 *
Wi

0101100
+48 0 *
Fa
0  1e-07 124 30

0101000
+50 0 +47 0 *
Ve
1e-07
-68.77 125.49 218.4250001
0 0

0101101
*
Ed
 1e-07 1 1 0
1  336 0 4.71238898038469 6.28318530717959
2  232 122 0 4.71238898038469 6.28318530717959
0

0101000
+70 7 -45 7 *
Ed
 1e-07 1 1 0
1  337 0 0 0.799999999999997
2  233 122 0 0 0.799999999999997
4 G1 122 0 128 30
0

0101000
+45 7 -63 7 *
Wi

0101100
+44 0 -69 0 +43 0 -62 0 *
Fa
0  1e-07 122 0

0101000
+42 0 *
Ve
1e-07
-68.77 125.49 227.0250001
0 0

0101101
*
Ed
 1e-07 1 1 0
1  338 0 1.5707963267949 3.14159265358979
2  234 123 0 1.5707963267949 3.14159265358979
0

0101000
+68 7 -40 7 *
Ed
 1e-07 1 1 0
1  339 0 0 0.799999999999997
2  235 123 0 0 0.799999999999997
4 G1 123 0 129 30
0

0101000
+40 7 -61 7 *
Wi

0101100
+39 0 -67 0 +38 0 -60 0 *
Fa
0  1e-07 123 0

0101000
+37 0 *
Ve
1e-07
-63.97 125.49 218.4250001
0 0

0101101
*
Ed
 1e-07 1 1 0
1  340 0 0.75 5.55
0

0101000
+45 32 -35 32 *
Ve
1e-07
-63.97 125.49 227.0250001
0 0

0101101
*
Ed
 1e-07 1 1 0
1  341 0 0.75 5.55
0

0101000
+40 32 -33 32 *
Ve
1e-07
-63.22 125.49 219.1750001
0 0

0101101
*
Ed
 1e-07 1 1 0
1  342 0 4.71238898038469 6.28318530717959
2  236 125 0 4.71238898038469 6.28318530717959
0

0101000
+31 7 -35 7 *
Ve
1e-07
-63.22 125.49 226.2750001
0 0

0101101
*
Ed
 1e-07 1 1 0
1  343 0 1.5707963267949 3.14159265358979
2  237 126 0 1.5707963267949 3.14159265358979
0

0101000
+29 7 -33 7 *
Ed
 1e-07 1 1 0
1  344 0 0.75 7.85
0

0101000
+31 32 -29 32 *
Wi

0101100
-66 30 +44 0 -39 0 +34 30 -32 30 -30 0 +28 0 +27 30 *
Ve
1e-07
-65.47 125.49 223.5250001
0 0

0101101
*
Ed
 1e-07 1 1 0
1  345 0 0 6.28318530717959
2  238 127 0 0 6.28318530717959
0

0101100
+25 7 -25 7 *
Wi

0101100
+24 0 *
Fa
0  1e-07 130 30

0101000
+26 0 +23 0 *
Ed
 1e-07 1 1 0
1  346 0 0 0.799999999999997
2  239 125 0 0 0.799999999999997
4 G1 128 30 125 0
0

0101000
+35 7 -59 7 *
Wi

0101100
-34 30 +43 0 -21 0 +58 30 *
Fa
0  1e-07 128 0

0101000
+20 31 *
Ed
 1e-07 1 1 0
1  347 0 0 0.799999999999997
2  240 126 0 0 0.799999999999997
4 G1 129 30 126 0
0

0101000
+33 7 -57 7 *
Wi

0101100
-32 30 +38 0 -18 0 +56 30 *
Fa
0  1e-07 129 0

0101000
+17 31 *
Ed
 1e-07 1 1 0
1  348 0 0 0.799999999999997
2  241 125 0 0 0.799999999999997
4 G1 125 0 131 30
0

0101000
+31 7 -55 7 *
Wi

0101100
+30 0 -15 0 +21 0 -54 0 *
Fa
0  1e-07 125 0

0101000
+14 0 *
Ed
 1e-07 1 1 0
1  349 0 0 0.799999999999997
2  242 126 0 0 0.799999999999997
4 G1 126 0 131 30
0

0101000
+29 7 -53 7 *
Wi

0101100
+28 0 -12 0 +18 0 -52 0 *
Fa
0  1e-07 126 0

0101000
+11 0 *
Wi

0101100
-51 30 -15 0 +12 0 +27 30 *
Fa
0  1e-07 131 0

0101000
+9 31 *
Ed
 1e-07 1 1 0
1  350 0 0.600000000000001 1.4
3  243 244CN 127 0 0.600000000000001 1.4
0

0101000
+25 7 -49 7 *
Wi

0101100
+24 0 -7 0 -48 0 +7 0 *
Fa
0  1e-07 127 0

0101000
+6 0 *
Sh

0101100
-64 30 +46 0 +41 0 -36 0 -22 0 -19 30 +16 30 -13 0 +10 0 +8 30 
+5 0 *
So

0100000
+4 0 *
Co

0100000
+3 0 *
Co

0100000
+146 0 +74 0 +2 0 *

+1 3 