DBRep_DrawableShape

CASCADE Topology V3, (c) Open Cascade
Locations 9
1
              1              -0               0          -22.35 
              0               1               0             -51 
             -0               0               1           79.76 
1
              1               0               0               0 
              0               1               0               0 
              0               0               1               0 
2  1 1 2 1 0
2  2 -1 1 -1 0
1
              1              -0               0              -0 
              0               1               0              -0 
             -0               0               1            24.3 
1
              1              -0               0              -0 
              0               1               0              -0 
             -0               0               1            23.3 
1
              1              -0               0              -0 
              0               1               0              -0 
             -0               0               1            23.3 
2  5 -1 0
1
              1              -0               0              -0 
              0               1               0              -0 
             -0               0               1             4.5 
Curve2ds 607
1 4.1363073339817831 0 1 0 
7 0 0  7 110 19  5.1168772618776668 -0.049999999999998934  5.1168772618776668 -0.6765619731301058  5.1116079440538957 -1.300984943831093  5.1011340986597506 -1.91769369772092  5.0854675542449419 -2.5209431078068465  5.0646006535651411 -3.1036141721444293  5.0384994937967642 -3.6564425909164653  5.0011286006028763 -4.2627465112121046  4.9949606525649513 -4.3581343528044743  4.988595678489574 -4.4519267833910536  4.9820321337543971 -4.5440276764144567  4.9752684778557237 -4.6343308979229594  4.9683031744085016 -4.722720306570503  4.9522809403022157 -4.9157194397095338  4.943115595127475 -5.0192771404812957  4.9336373527488027 -5.1194803634461836  4.9238454570746644 -5.2160448497762362  4.9137396304467336 -5.3086642717138961  4.9033200052913122 -5.3970099299845842  4.8792063463884761 -5.585104366478129  4.8653193214549901 -5.6824397424509616  4.8509559100866317 -5.7717732067936689  4.8361483667358822 -5.8522137943493613  4.8209312341471504 -5.9229379631279304  4.8053413063125214 -5.983184610295635  4.7677133844046988 -6.0991269003302842  4.7454064953599797 -6.1451782899640914  4.7227383034808517 -6.1682524495048412  4.6999544934346904 -6.1673090360740064  4.6773021811194315 -6.1423755284009571  4.6550269901815833 -6.0945479027923986  4.6181986783107885 -5.9780404548174015  4.6033350745449795 -5.9199079007667832  4.5888131995550552 -5.8522552963427419  4.5746651417490272 -5.7757484298020287  4.5609211169084176 -5.6911055125580727  4.5476094387046642 -5.5991011444293788  4.5237358814606399 -5.4160861671439848  4.5130412223019958 -5.3267175245556588  4.502673245572419 -5.2328418796731428  4.4926323001463926 -5.1348124408976696  4.482918274233163 -5.0329584527192548  4.4735305196698434 -4.9275855519543805  4.4572120735979039 -4.7320225745865017  4.4501634859515136 -4.6429800174237945  4.443320446508161 -4.5519789734526173  4.4366813802867835 -4.4591395177604989  4.4302447040924493 -4.3645712795654505  4.4240088265163484 -4.2683734422159638  4.3893155756962345 -3.7066617070521342  4.365073711254067 -3.2067673125115506  4.3451861301381989 -2.68122151953084  4.3296170771347047 -2.137273586389588  4.3183504708771858 -1.5803783639240185  4.3113951890665296 -1.0150071416823616  4.3085407159660951 -0.38829534331977961  4.3083250526592467 -0.33134895348598725  4.3081529834640131 -0.27438038745035953  4.3080245167710647 -0.21739524615548395  4.3079396581694684 -0.16039913747949391  4.3078984104466818 -0.1033976762360691  4.3079008148496651 -0.045401227709605356  4.3079008694060121 -0.04440597132196876  4.3079009372576014 -0.0434107150413943  4.3079010184044311 -0.042415458897743487  4.3079011128465021 -0.041420202920870529  4.3079012205838101 -0.040424947140622357  4.3079014626488261 -0.038434436643878522  4.3079015969765164 -0.037439181927391756  4.3079017445994241 -0.036443927467235807  4.3079019055175509 -0.035448673293266883  4.3079020797308916 -0.03445341943533986  4.3079022672394442 -0.033458165923308289  4.3079026688467641 -0.031467660664136358  4.3079028829455028 -0.030472408916994733  4.3079031103394234 -0.029477157575452471  4.3079033510285196 -0.028481906669363434  4.3079036050127888 -0.027486656228582391  4.3079038722922283 -0.026491406282965028  4.3079044165302429 -0.024560894549284309  4.3079046919344277 -0.023625632699828029  4.3079049790793835 -0.022690371338779287  4.3079052779651077 -0.021755110490915896  4.3079055885915976 -0.020819850181013323  4.3079059109588504 -0.019884590433844655  4.3079064676518337 -0.018326255410802666  4.3079066954477225 -0.017703179808197942  4.3079069284545266 -0.01708010447367338  4.307907166672245 -0.016457029414544751  4.3079074101008734 -0.015833954638136687  4.3079076587404135 -0.015210880151782671  4.3079081664409848 -0.013964732575912844  4.3079084255020019 -0.013341659486385615  4.3079086897739156 -0.012718586701563466  4.3079089592567197 -0.012095514228769005  4.3079092339504168 -0.011472442075327318  4.3079095138550043 -0.010849370248565979  4.3079100840855471 -0.009603228163912016  4.3079103744114828 -0.0089801579060100039  4.3079106699482912 -0.0083570879894369361  4.3079109706959722 -0.0077340184215196764  4.3079112766545222 -0.0071109492095840247  4.3079115878239396 -0.006487880360954712  4.3079123296803425 -0.0050268937996747563  4.3079127645805988 -0.0041889763867018551  4.3079132089049841 -0.0033510596618521403  4.3079136626534948 -0.0025131436429412244  4.3079141258261275 -0.0016752283477849007  4.3079145984228786 -0.00083731379419914136  4.3079150804437409 5.999999999062311e-07 
 0 8 0.26030394580524807 6 0.30981782512716471 6 0.37097212162308724 6 0.44721284811907203 6 0.55112983755205835 6 0.62392721503488036 6 0.68634645534228533 6 0.73631978267507303 6 0.97354696740195568 6 0.99724441481975878 6 0.99765817875853935 6 0.99807194244337694 6 0.99848570570690831 6 0.99887453003466808 6 0.99913356738406933 6 0.99939260440002642 6 0.99965164104146265 6 1 8
7 0 0  7 110 19  0 4.749210504445502  0.10271507756231267 4.749210504445502  0.20507937357840411 4.7813535148659945  0.30794979091552582 4.8452429135322275  0.41209747462488566 4.9383200232114612  0.51831478611801796 5.0557965914756515  0.62745176412541892 5.1903681395373251  0.76212020032979844 5.3586192879654311  0.78380127943506051 5.3857712804191999  0.80565130483309721 5.4131189407186877  0.82768044876709634 5.4405899303020231  0.84989900305173371 5.4681066527708424  0.87231737907317175 5.4955862538902869  0.92289471541521961 5.5567258376863018  0.95116955576617634 5.5903261609560788  0.97978539095654593 5.6235682024378644  1.0087569985033531 5.6562648990623172  1.0380998021159822 5.6882164713012378  1.0678305024861252 5.7192113808175886  1.1355395972256361 5.7861986164404566  1.1737974701986962 5.8215911747130722  1.2126925261440042 5.8546771644834674  1.252186335197049 5.8849378265696046  1.2922490237447535 5.9118788212824311  1.3328574596885119 5.9350456086509933  1.4300622501327105 5.9799268065353965  1.4870661679764556 5.9980403008834582  1.5445940716185671 6.0072226998714253  1.6022838298939315 6.0068473843265968  1.6597892490163038 5.9969309798706254  1.7167469286190349 5.9781319138368536  1.8119701905730197 5.9330717831372013  1.850714162919475 5.9107366087117033  1.8889584827846047 5.884980278900743  1.9266824881053226 5.8561996779729766  1.9638598636748372 5.8248247995314504  2.0004571908948292 5.7913064967983265  2.067279093758033 5.7259204729121  2.0976999734172375 5.6944676950213511  2.1277147651145922 5.661984106057913  2.1573409872804015 5.6286964767296999  2.1865947384409412 5.5948190109214604  2.2154913874934818 5.5605522149942761  2.2669075193033215 5.498484459456999  2.2895536070292173 5.4707521283612932  2.3119953500780674 5.442975785212913  2.3342434540063448 5.4152409611226702  2.3563085070079244 5.387627706897236  2.3782009799140851 5.3602105930391257  2.5030863576091269 5.2041666551793453  2.602854757887608 5.0809202025402485  2.7000880126978846 4.9711011970749945  2.7954576809674436 4.8803936535229626  2.8896101708772433 4.8127140660114174  2.9831526814493015 4.7704878711923993  3.0861086336271137 4.7531121689400351  3.0954571404938642 4.7517982690121965  3.1048040075715488 4.7507492934304869  3.1141496526193002 4.7499657992931246  3.1234944907795281 4.7494481559361237  3.132838934577916 4.7491965449332909  3.1423465507494073 4.7492112117889276  3.1425097075810808 4.7492115445825638  3.1426728644206441 4.7492119584770967  3.1428360212702953 4.7492124534724756  3.1429991781322344 4.7492130295686277  3.1431623350086615 4.7492136867654642  3.1434886486947646 4.7492151633598372  3.1436518055044393 4.749215982757276  3.1438149623330012 4.7492168832550856  3.1439781191826524 4.7492178648531445  3.1441412760555925 4.749218927551313  3.1443044329540202 4.7492200713494315  3.144630746640122 4.7492225211439569  3.1447939034277952 4.7492238271402005  3.1449570602453578 4.7492252142358735  3.1451202170950094 4.7492266824307867  3.1452833739789492 4.749228231724727  3.1454465308993771 4.7492298621174651  3.1457630107862129 4.7492331819425688  3.1459163337481 4.7492348618933828  3.1460696567459778 4.7492366134609858  3.1462229797816712 4.7492384366451619  3.1463763028570066 4.7492403314456775  3.1465296259738098 4.7492422978622892  3.1467850940414097 4.7492456936454914  3.1468872389681222 4.7492470831815936  3.1469893839145904 4.7492485045029706  3.1470915288813548 4.7492499576095382  3.1471936738689554 4.7492514425012171  3.1472958188779319 4.7492529591779213  3.1475001088082211 4.7492560560992194  3.1476022537295356 4.7492576363437289  3.147704398673306 4.7492592483730078  3.1478065436400704 4.7492608921869692  3.1479086886303702 4.7492625677855198  3.1480108336447437 4.749264275168561  3.1482151235750324 4.749267753500912  3.1483172684909499 4.7492695244501322  3.1484194134320211 4.7492713271835569  3.148521558398786 4.749273161701085  3.1486237033917841 4.7492750280026126  3.148725848411555 4.7492769260880348  3.1489653606744312 4.749281451293653  3.1491027279396193 4.7492841041127667  3.1492400952555175 4.749286814414317  3.1493774626234399 4.7492895821980312  3.1495148300447009 4.7492924074636278  3.1496521975206115 4.7492952902108145  3.1497895650524859 4.749298230439293 
 0 8 0.26030394580524807 6 0.30981782512716471 6 0.37097212162308724 6 0.44721284811907203 6 0.55112983755205835 6 0.62392721503488036 6 0.68634645534228533 6 0.73631978267507303 6 0.97354696740195568 6 0.99724441481975878 6 0.99765817875853935 6 0.99807194244337694 6 0.99848570570690831 6 0.99887453003466808 6 0.99913356738406933 6 0.99939260440002642 6 0.99965164104146265 6 1 8
7 0 0  4 29 10  5.1168628803256393 6.0000000000337561e-07  5.1168636668108043 -0.0013665747867370043  5.1168644246223982 -0.0027337518839739422  5.1168651537603864 -0.0041009311653423808  5.1168665797071773 -0.0068841246698586878  5.1168672744311632 -0.008300139042621793  5.1168679383966653 -0.0097161554824106711  5.1168692048118087 -0.012548194813458743  5.1168698072613372 -0.013964217704724891  5.116870378952215 -0.015380242382260496  5.1168714608174639 -0.018212297248642421  5.1168719709917392 -0.019628327437494063  5.1168724504072181 -0.021044359131853544  5.1168733477211266 -0.023876427091723225  5.1168737656194763 -0.025292463357237296  5.1168741527589097 -0.026708500847493245  5.1168748532312778 -0.029491750471991571  5.1168751686488854 -0.03085896253274107  5.116875455392222 -0.032226175478000336  5.1168759807472775 -0.035009433019166834  5.1168762172742142 -0.036425477670196299  5.1168764230420711 -0.037841522994112115  5.1168767730596967 -0.040673615425022548  5.1168769173094359 -0.042089662532018769  5.1168770308000457 -0.043505710031126577  5.1168771877045947 -0.046191318134132041  5.1168772371533109 -0.047460878688641808  5.1168772618776668 -0.048730439344320316  5.1168772618776668 -0.049999999999999219 
 0 5 0.10937436042294066 3 0.22265518170152826 3 0.33593621083342473 3 0.44921741752684197 3 0.56249877149059313 3 0.67187398319862768 3 0.785155538347175 3 0.89843715094089383 3 1 5
7 0 0  4 29 10  6.2749883957168962 4.7492982304392903  6.2752125302608013 4.7492934330409531  6.2754366646344302 4.7492888105337787  6.2756607988471034 4.7492843629198926  6.2761170722359489 4.7492756648762562  6.2763492114010973 4.7492714271628698  6.2765813504139185 4.7492673770631457  6.2770456285815435 4.7492596520875878  6.2772777677363454 4.7492559772124467  6.277509906759513 4.7492524899553166  6.277974184927138 4.7492458906750645  6.2782063240715944 4.749242778652528  6.2784384631051093 4.7492398542517353  6.2789027412727343 4.7492343806926769  6.2791348804068461 4.7492318315348978  6.2793670194507056 4.7492294700019553  6.2798232928148909 4.7492251971479842  6.2800474271406328 4.7492232731107018  6.2802715614011957 4.7492215239839402  6.2807278347795981 4.7492183193296889  6.2809599738933759 4.7492168765192408  6.2811921129575685 4.749215621337842  6.2816563911251952 4.7492134862336348  6.2818885302286285 4.7492126063110085  6.2821206693031675 4.7492119140186588  6.2825609330791741 4.7492109569012397  6.2827690577842814 4.7492106552640703  6.2829771824819343 4.749210504445502  6.2831853071795862 4.749210504445502 
 0 5 0.10937436042294066 3 0.22265518170152826 3 0.33593621083342473 3 0.44921741752684197 3 0.56249877149059313 3 0.67187398319862768 3 0.785155538347175 3 0.89843715094089383 3 1 5
7 0 0  1 2 2  5.2229468530304661 -13.5  5.2229468530304661 0 
 -1.0466698812367707e-14 2 13.499999999999996 2
1 0 0 0 1 
1 6.2831853071795862 -13.300000000000001 -1 0 
7 0 0  8 9 2  5.0335422722311529 -13.300000000000001  5.0308815418827058 -13.300000000000001  5.0281586967534375 -13.302053700524844  5.0253736067984729 -13.305966350903166  5.0225249112078423 -13.311514136970354  5.0196106270204925 -13.318409583043042  5.0166215508112328 -13.326252818375837  5.013542831972793 -13.334528586811828  5.0103256321182315 -13.34248451330501 
 0 9 1 9
7 0 0  8 9 2  1.2382766561824308 1.5707963267948966  1.269457278497113 1.6424509178675089  1.3031407461968147 1.712159834064698  1.3395383734378874 1.7798501866840566  1.3788732537918706 1.8452233476343223  1.4213536650736223 1.9077942376775328  1.4672391014911914 1.9667554036444717  1.51680199625825 2.0210354596076257  1.5707963267948966 2.0686371576410396 
 0 9 1 9
7 0 0  6 12 3  5.0103256726118914 -13.342484413166881  5.0049818768970828 -13.355699256110485  4.9997999058648936 -13.371225562901506  4.9946925265425204 -13.389319667685676  4.9896826281303266 -13.410450358194309  4.984901049412966 -13.434979351115183  4.9796984048453021 -13.468806419985611  4.9788340130575159 -13.47469958600359  4.9779883953452071 -13.480760227005101  4.9771635751019874 -13.486993819019856  4.9763619294446029 -13.493405606035973  4.9755861892129358 -13.500000599999998 
 0 7 0.8305676697060892 5 1 7
7 0 0  6 12 3  0.49784023170188352 -5.9999999999999997e-07  0.57690703270229204 0.07917914340806724  0.65600556224958817 0.15611706989831015  0.73750558989848813 0.23208367799532986  0.82270765844880844 0.30673781073632417  0.912438696562204 0.37811085343988721  1.0267564922766523 0.45586907859510539  1.0463880371613721 0.46879202318947205  1.0662995660678787 0.48143790869639208  1.0865084770937736 0.49377615625522697  1.1070319967752302 0.50577085453894455  1.127887180086991 0.51738075975411846 
 0 7 0.8305676697060892 5 1 7
1 10.019133210329988 -13.5 -1 -0 
7 0 0  6 12 3  4.4144522881574906 -13.342484413166888  4.4197960838723107 -13.355699256110521  4.4249780549044742 -13.371225562901497  4.4300854342268599 -13.389319667685632  4.4350953326390608 -13.410450358194373  4.4398769113564098 -13.434979351115159  4.4450795559240772 -13.468806419985611  4.4459439477118634 -13.474699586003588  4.4467895654241696 -13.480760227005101  4.4476143856673911 -13.486993819019856  4.4484160313247765 -13.493405606035976  4.4491917715564435 -13.500000599999998 
 0 7 0.83056766970620133 5 1 7
7 0 0  6 12 3  0.4978402317019297 9.1000006000000013  0.57690703270250077 9.0208208565917722  0.65600556224941775 8.9438829301017382  0.73750558989845239 8.8679163220048078  0.82270765844899041 8.7932621892635083  0.91243869656211618 8.72188914656018  1.0267564922766554 8.6441309214048996  1.046388037161371 8.6312079768105345  1.0662995660678751 8.6185620913036161  1.0865084770937739 8.6062238437447807  1.1070319967752356 8.5942291454610622  1.1278871800869936 8.5826192402458901 
 0 7 0.83056766970620133 5 1 7
7 0 0  8 9 2  4.3912356885382264 -13.300000000000001  4.3938964188866718 -13.300000000000001  4.3966192640159445 -13.302053700524839  4.3994043539709065 -13.305966350903184  4.4022530495615335 -13.311514136970327  4.4051673337488877 -13.318409583043064  4.4081564099581483 -13.326252818375828  4.4112351287965854 -13.334528586811826  4.4144523286511479 -13.342484513305013 
 0 9 1 9
7 0 0  8 9 2  0.33251967061246712 1.5707963267948966  0.30133904829780545 1.642450917867462  0.26765558059790756 1.7121598340648989  0.23125795335745991 1.7798501866836529  0.19192307300244421 1.8452233476348054  0.14944266172169848 1.9077942376771904  0.10355722530353891 1.9667554036446093  0.053994330536673081 2.0210354596076052  0 2.0686371576410423 
 0 9 1 9
7 0 0  1 2 2  4.2018311077389132 -13.5  4.2018311077389132 0 
 -1.0974171438249413e-14 2 13.499999999999996 2
1 0 0 0 1 
7 0 0  6 22 5  0 13.499999999999996  0.56284617009308813 13.499999999999996  1.1255495037526975 13.500000000000014  1.6881072253307112 13.499999999999984  2.250524120948076 13.500000000000007  2.8128159907395891 13.5  3.9376890303215091 13.5  4.5002738077876439 13.5  5.0627670008495551 13.5  5.6251970314605746 13.5  6.187599772421656 13.5  7.3101513888106009 13.5  7.870305246142614 13.500000000000002  8.4304860970110465 13.499999999999998  8.9907293405519759 13.500000000000002  9.5510630931420089 13.5  10.675931860099421 13.5  11.240472139528512 13.500000000000007  11.805138265639133 13.499999999999986  12.369946330365375 13.500000000000012  12.934901189451734 13.499999999999996  13.500000000000007 13.499999999999996 
 0 7 0.24988776017411629 5 0.49999999948631946 5 0.74911212878364708 5 1 7
1 6.274988494080854 -6.7721329416738691e-16 0 1 
1 4.0614585422815264 0.49999999999999822 1 0 
1 6.2831853071795862 -10.999999999999998 -1 0 
1 6.2831853071795862 -10.999999999999998 -1 0 
1 3.1497894666885253 -3.521340933957995e-16 0 1 
7 0 0  6 22 5  0 13.499999999999998  0.5628461700929972 13.499999999999998  1.1255495037530157 13.499999999999996  1.6881072253302092 13.5  2.2505241209484672 13.499999999999996  2.8128159907394537 13.499999999999998  3.9376890303217951 13.499999999999998  4.5002738077870186 13.499999999999998  5.0627670008500685 13.499999999999996  5.6251970314604529 13.499999999999998  6.1875997724216081 13.499999999999998  7.3101513888108096 13.499999999999998  7.870305246141724 13.499999999999998  8.4304860970127926 13.499999999999995  8.9907293405504554 13.500000000000002  9.5510630931425364 13.499999999999996  10.675931860098281 13.499999999999996  11.240472139532372 13.500000000000002  11.805138265633422 13.499999999999996  12.369946330369611 13.499999999999995  12.934901189450375 13.499999999999998  13.500000000000007 13.499999999999998 
 0 7 0.24988776017409797 5 0.49999999948634966 5 0.74911212878379718 5 1 7
1 0 0 1 0 
7 0 0  6 22 5  0 13.499999999999996  0.56284617009310423 13.499999999999996  1.1255495037526189 13.500000000000014  1.6881072253308234 13.499999999999984  2.2505241209480085 13.500000000000007  2.8128159907395962 13.5  3.9376890303210126 13.5  4.5002738077889761 13.5  5.0627670008479368 13.5  5.6251970314615525 13.5  6.1875997724213958 13.5  7.3101513888106497 13.5  7.8703052461421938 13.500000000000002  8.4304860970120554 13.499999999999998  8.9907293405510398 13.500000000000002  9.5510630931423446 13.5  10.67593186009919 13.5  11.240472139529183 13.500000000000007  11.805138265638448 13.499999999999986  12.3699463303656 13.500000000000012  12.934901189451763 13.499999999999996  13.500000000000007 13.499999999999996 
 0 7 0.24988776017431424 5 0.49999999948649809 5 0.74911212878371303 5 1 7
7 0 0  6 22 5  0 13.499999999999998  0.56284617009311666 13.499999999999998  1.1255495037525678 13.499999999999996  1.6881072253309339 13.5  2.2505241209478841 13.499999999999996  2.8128159907396597 13.499999999999998  3.9376890303212506 13.499999999999998  4.5002738077885809 13.499999999999998  5.0627670008480816 13.499999999999996  5.6251970314617159 13.499999999999998  6.1875997724212599 13.499999999999998  7.310151388810838 13.499999999999998  7.8703052461422383 13.499999999999998  8.4304860970112436 13.499999999999995  8.9907293405520505 13.500000000000002  9.5510630931419378 13.499999999999996  10.675931860099666 13.499999999999996  11.240472139527798 13.500000000000002  11.805138265640112 13.499999999999996  12.369946330364668 13.499999999999995  12.934901189451992 13.499999999999998  13.500000000000007 13.499999999999998 
 0 7 0.24988776017419467 5 0.49999999948639284 5 0.74911212878364553 5 1 7
1 0 0 1 0 
7 0 0  7 50 9  3.7229757585318848 1.5288258667910792  3.731441555658003 1.5419347482223302  3.7399688138269087 1.5542750272492747  3.7485534778507232 1.5658383989977358  3.7571913941273847 1.5766180937235876  3.7658783106406468 1.5866088768127522  3.7746098769600782 1.5958070487811995  3.8144613882760745 1.6339849939700957  3.8460545532181691 1.6537899376179901  3.8779445730455206 1.6635028133026624  3.9099409959877272 1.6633145494438992  3.941873268907627 1.6535994156443834  3.9735849109117418 1.6348312289655025  4.0342531889081696 1.5820171954737734  4.0632624491051388 1.5490260799585225  4.0918617029888606 1.5089829527950809  4.119966671668978 1.4622859881504251  4.147498848656392 1.4092983276539577  4.1743776495691902 1.3502914807653508  4.2188287398002924 1.2398293519849328  4.2367749705638449 1.1914040909604291  4.2543198574391354 1.1401022535834604  4.271420711967278 1.0859178180816706  4.2880200152605203 1.0288183087286984  4.3040400248301882 0.96871985657295812  4.3239283301955815 0.88662636859381883  4.3284237177901055 0.8675381302574604  4.3328549516462642 0.84816568210538379  4.3372186334833422 0.82850460589741837  4.3415109569855579 0.8085502339643863  4.3457277078020562 0.78829764920810297  4.3550567457721927 0.7419384601888136  4.3601226691670263 0.71565800734275953  4.3650530272657306 0.68888944128221874  4.3698372461753454 0.66162288574432282  4.3744633041209458 0.63384984848319015  4.3789178509909688 0.60556359626878586  4.3916864341661519 0.51940004736431378  4.3994559098940149 0.4599390359244182  4.4063689378880806 0.39839192418676206  4.412283239127933 0.33485231638557189  4.4170502551667861 0.26951078209975815  4.420562227316422 0.20272078128313734  4.4234343682811277 0.11593211471797783  4.4239660623983541 0.096711476010045025  4.4243952808190192 0.077434309546693531  4.4247221908308179 0.058112702803594991  4.4249474952751031 0.038758562212918825  4.4250724325468829 0.019383613163332179  4.4250987765948304 -6.0000000000000008e-07 
 0 8 0.071656501089647343 6 0.32554669686999471 6 0.56308998720218462 6 0.72962582784155627 6 0.77911977693341938 6 0.84124790157877383 6 0.9649678316852266 6 1 8
7 0 0  7 50 9  4.2794157801948609 0  4.2819872615760195 0.017262754700140742  4.2845794234640682 0.034538782785804349  4.2871923607113818 0.051823291043895152  4.2898261015485781 0.069111492602330002  4.2924806075845146 0.086398606930038285  4.2951557738062958 0.10367985983696182  4.307402555241298 0.18214300543357018  4.317213491407534 0.24321908598545816  4.3272706014807936 0.30392836082642422  4.3375594622494855 0.36410198766035251  4.3480598618069637 0.4236188606315599  4.3587427191112189 0.48238828140504275  4.379698076148058 0.59457804364318112  4.3899549849124231 0.6481117232441217  4.4003171286494647 0.70094816793806491  4.4107560910536563 0.75311675351414098  4.4212374972548485 0.80466989264635091  4.4317173654178417 0.85569430051278617  4.4494383367011974 0.94184957234285882  4.4567086401660738 0.97716032023639343  4.4639266438524805 1.0123350333392378  4.4710642684490001 1.0474322675064409  4.478083800453514 1.0825130512674643  4.4849332187481457 1.1176527061747998  4.493500328489259 1.163452707084345  4.4954412969594673 1.1739597782352456  4.4973584361800452 1.1844832598218582  4.4992494611728162 1.1950255743801439  4.5011118144117042 1.205589124332882  4.5029426658227276 1.2161762919896719  4.5069936824508394 1.2401117742245131  4.5091938286569357 1.2534746341220817  4.5113332480270696 1.2668830760070757  4.5134048560959394 1.2803412505292269  4.5154006106829678 1.2938523685429775  4.5173115352670896 1.3074186674298962  4.5227444781968531 1.3481691997655136  4.5259887070926297 1.3755434884130482  4.528777539175926 1.4031471713318131  4.5310156716239458 1.4309310734527554  4.5325997717318289 1.4588128783775285  4.5334472008269602 1.4866577558078273  4.5335577783366894 1.5220708673106844  4.533521138148445 1.5298661521397137  4.5334228918148218 1.5376378580021755  4.5332628082376036 1.5453820026799499  4.533040989799674 1.5530947977578342  4.5327578723650204 1.5607726486235447  4.5324142252787309 1.5684121544677165 
 0 8 0.071656501089647343 6 0.32554669686999471 6 0.56308998720218462 6 0.72962582784155627 6 0.77911977693341938 6 0.84124790157877383 6 0.9649678316852266 6 1 8
1 0 0 1 0 
7 0 0  7 50 9  5.701802202237495 1.5288258667910775  5.6933364051113786 1.541934748222328  5.6848091469424711 1.5542750272492722  5.6762244829186539 1.5658383989977342  5.6675865666419929 1.5766180937235867  5.658899650128733 1.5866088768127506  5.6501680838092998 1.5958070487811977  5.6103165724932991 1.633984993970099  5.578723407551216 1.6537899376179939  5.5468333877238507 1.6635028133026493  5.5148369647816553 1.6633145494438932  5.4829046918617701 1.6535994156443932  5.4511930498576175 1.6348312289654867  5.3905247718611902 1.5820171954737607  5.3615155116642645 1.5490260799585793  5.3329162577805089 1.5089829527950285  5.3048112891003916 1.4622859881503942  5.2772791121130114 1.4092983276540427  5.250400311200174 1.3502914807653159  5.2059492209690932 1.2398293519849515  5.1880029902055185 1.1914040909604047  5.1704581033302492 1.1401022535834635  5.1533572488021138 1.0859178180816935  5.1367579455088537 1.0288183087287008  5.1207379359391894 0.96871985657295523  5.1008496305737978 0.88662636859382382  5.0963542429792739 0.86753813025746584  5.0919230091231151 0.84816568210538879  5.087559327286038 0.82850460589742292  5.0832670037838223 0.80855023396439063  5.0790502529673249 0.78829764920810741  5.0697212149971902 0.74193846018882559  5.0646552916023539 0.71565800734275786  5.059724933503646 0.68888944128222018  5.0549407145940322 0.66162288574433659  5.0503146566484345 0.63384984848320347  5.0458601097784106 0.60556359626878098  5.0330915266032097 0.51940004736419232  5.0253220508754284 0.45993903592491708  5.0184090228811895 0.3983919241858484  5.0124947216415432 0.33485231638651447  5.0077277056025533 0.26951078209923979  5.0042157334529618 0.20272078128327081  5.0013435924882517 0.11593211471797729  5.000811898371027 0.096711476010046468  5.0003826799503601 0.077434309546697319  5.0000557699385615 0.058112702803598641  4.9998304654942771 0.038758562212919616  4.9997055282224965 0.019383613163329993  4.9996791841745472 -6.0000000000000008e-07 
 0 8 0.071656501089547603 6 0.32554669686957727 6 0.56308998720175929 6 0.72962582784117558 6 0.77911977693305656 6 0.84124790157842744 6 0.96496783168519507 6 1 8
7 0 0  7 50 9  5.1453621805745167 0  5.1427906991933598 0.017262754700140003  5.1401985373053103 0.034538782785804065  5.1375856000579958 0.051823291043895561  5.1349518592208003 0.069111492602330835  5.1322973531848648 0.086398606930039021  5.1296221869630836 0.10367985983696225  5.1173754055280787 0.18214300543358095  5.1075644693618498 0.243219085985413  5.0975073592885805 0.30392836082646613  5.0872184985198929 0.36410198766037921  5.0767180989624245 0.42361886063149784  5.0660352416581533 0.48238828140507956  5.0450798846213134 0.59457804364321232  5.0348229758569705 0.64811172324407573  5.0244608321199058 0.70094816793809056  5.0140218697157168 0.75311675351416441  5.0035404635145451 0.80466989264630107  4.9930605953515315 0.85569430051281448  4.9753396240681846 0.94184957234284628  4.9680693206033011 0.97716032023641464  4.9608513169168988 1.0123350333392347  4.9537136923203828 1.0474322675064247  4.9466941603158645 1.0825130512674686  4.9398447420212337 1.1176527061748021  4.9312776322801204 1.1634527070843432  4.929336663809913 1.1739597782352436  4.9274195245893351 1.1844832598218564  4.9255284995965622 1.1950255743801421  4.9236661463576752 1.20558912433288  4.9218352949466517 1.2161762919896693  4.9177842783185417 1.2401117742245067  4.9155841321124436 1.2534746341220833  4.9134447127423098 1.2668830760070759  4.911373104673439 1.2803412505292204  4.9093773500864115 1.2938523685429704  4.9074664255022906 1.3074186674298975  4.9020334825725191 1.34816919976557  4.8987892536767701 1.3755434884128082  4.896000421593425 1.4031471713322705  4.893762289145454 1.4309310734522804  4.8921781890375442 1.4588128783777803  4.8913307599424192 1.4866577558077727  4.8912201824326873 1.5220708673106844  4.8912568226209325 1.5298661521397128  4.8913550689545575 1.5376378580021739  4.8915151525317757 1.5453820026799481  4.8917369709697045 1.553094797757834  4.8920200884043581 1.5607726486235467  4.8923637354906484 1.568412154467717 
 0 8 0.071656501089547603 6 0.32554669686957727 6 0.56308998720175929 6 0.72962582784117558 6 0.77911977693305656 6 0.84124790157842744 6 0.96496783168519507 6 1 8
7 0 0  6 12 3  5.7018020845395121 1.5288260490407772  5.722443361553939 1.4968640173497378  5.7429856917698885 1.4656285922368972  5.7634380149308795 1.4352009388208391  5.7838091782236285 1.4056581357949336  5.804107936278073 1.3770731754273353  5.8866812568817455 1.2646159780318513  5.9484826489047578 1.1893696484059626  6.0098692666862528 1.1260104357761391  6.0709728403929732 1.0763117623843057  6.1319316485832855 1.0414798506984624  6.1928988572814783 1.0221195269774608 
 0 7 0.24505511878829195 5 1 7
7 0 0  6 12 3  5.1453621448238147 -2.4999993999999996  5.1516319227743983 -2.6052243625550511  5.1576571219734619 -2.7116574758561014  5.1634371644922226 -2.8192334555907319  5.168971255713128 -2.9278923641216807  5.1742583843298542 -3.0375796104868482  5.1948208522447086 -3.4891773590246009  5.2080057511944498 -3.8397714276004598  5.2187742998556921 -4.1979041067142102  5.2270610185356725 -4.5617344236339905  5.2328156236550178 -4.9296153954464046  5.236002427237481 -5.3000005999999997 
 0 7 0.24505511878829195 5 1 7
1 6.192898758518556 3.5788738997436726e-16 0 1 
7 0 0  4 5 2  6.1928986597556319 0.9064883923444782  6.2154796956280967 0.89923802300993483  6.2380512134985464 0.89437539444333936  6.2606182748477934 0.891943995230152  6.2831853071795862 0.891943995230152 
 0 5 1 5
7 0 0  4 5 2  5.2408005321537647 3.9000006000000003  5.2419939782818181 3.7628173236178735  5.2427911355515571 3.6253179568927969  5.2431897240899872 3.4876588972239393  5.2431897240899872 3.350000000000001 
 0 5 1 5
1 6.2831853071795862 0 0 1 
1 0 0 0 1 
7 0 0  4 29 10  6.2749883957168944 3.7647088192692859  6.2752205350507033 3.7647034817252205  6.2754526742184744 3.7646983457121461  6.2756848132296135 3.7646934112327579  6.2761490913991187 3.7646839453371137  6.276381230557484 3.76467941392163  6.2766133695780297 3.7646750840453538  6.27706964293907 3.7646669697252846  6.2772937772882678 3.7646631716223444  6.2775179115262203 3.7646595614034388  6.2779741849115256 3.7646525945057574  6.2782063240514061 3.7646492514875991  6.2784384630904375 3.7646461100174817  6.2789027412599454 3.7646402301728288  6.2791348803904219 3.7646374917987724  6.2793670194388582 3.7646349549761888  6.279831297608367 3.7646302844341504  6.2800634367294386 3.7646281507150681  6.2802955757872798 3.7646262185502053  6.2807598539567886 3.7646227573294451  6.2809919930684561 3.7646212282738341  6.2812241321357014 3.7646199007744539  6.2816884103052102 3.7646176488888021  6.2819205494074746 3.7646167245027056  6.282152688484123 3.7646160016741743  6.2825849474653639 3.7646150310320556  6.282785067374121 3.7646147314510023  6.2829851872768536 3.7646145816604832  6.2831853071795862 3.7646145816604832 
 0 5 0.11328065172478047 3 0.22656151898181076 3 0.33593632811976815 3 0.44921753875448323 3 0.56249888326070974 3 0.67578033410355876 3 0.78906186374876519 3 0.90234344466277872 3 1 5
7 0 0  4 29 10  5.143405075933897 0.49999939999999821  5.143405950970517 0.50141540236475579  5.1434067929659397 0.50283140730933962  5.1434076019201012 0.50424741468762668  5.143409153747263 0.50707943671353717  5.1434098966201374 0.50849545136116781  5.1434106064515133 0.50991146815027577  5.1434119366946511 0.51269467971880733  5.1434125593457525 0.51406187436299888  5.143413151194598 0.51542907073579391  5.1434142933258915 0.518212297153407  5.1434148413687959 0.5196283273143435  5.1434153563698191 0.52104435904235824  5.1434163202886021 0.52387642701371029  5.1434167692062829 0.52529246325705203  5.1434171850819368 0.5267085007752238  5.1434179507494893 0.52954057939820831  5.1434183005413274 0.53095662050302217  5.143418617291017 0.53237266259041838  5.1434191847062607 0.53520474942316587  5.1434194353717668 0.53662079416851749  5.14341965299504 0.53803683960420023  5.1434200221571738 0.54086893220483634  5.1434201736960059 0.54228497936979159  5.1434202921925456 0.54370102693282096  5.1434204513142561 0.54633780587361003  5.1434205004259033 0.54755853718666059  5.1434205249817264 0.54877926859333004  5.1434205249817264 0.54999999999999927 
 0 5 0.11328065172478047 3 0.22656151898181076 3 0.33593632811976815 3 0.44921753875448323 3 0.56249888326070974 3 0.67578033410355876 3 0.78906186374876519 3 0.90234344466277872 3 1 5
1 6.274988494080854 3.521340933957995e-16 0 1 
1 0 6.5 1 0 
1 0 0 1 0 
7 0 0  4 50 17  3.1333957421270995 3.7647088192692859  3.133627881460908 3.7647034817252205  3.1338600206286813 3.7646983457121523  3.134092159639819 3.7646934112327597  3.1345564378093242 3.7646839453371155  3.1347885769676895 3.7646794139216264  3.1350207159882348 3.7646750840453609  3.135476989349276 3.7646669697252917  3.1357011236984738 3.7646631716223391  3.1359252579364263 3.7646595614034406  3.1363735265151123 3.764652716732193  3.1365976608558461 3.7646494822803627  3.1368217951022639 3.7646464357163127  3.1372780684857235 3.7646406162674255  3.1375102076165242 3.7646378570433709  3.1377423466646359 3.7646352993706893  3.1382066248341447 3.7646305871282224  3.1384387639555409 3.7646284325588208  3.1386709030130571 3.7646264795435433  3.1391351811825658 3.7646229766217911  3.1393673202945589 3.7646214267156068  3.1395994593614787 3.764620078365581  3.1400637375309879 3.7646177847785411  3.1402958766335769 3.7646168395417088  3.1405280157099011 3.7646160958623862  3.1409990175648086 3.7646149959171931  3.141237880342405 3.7646146514963545  3.1414767431123849 3.7646145204786472  3.1420127406576155 3.7646147053478085  3.1423098754342984 3.7646151380571733  3.1426070102347814 3.7646159009920366  3.1432012802414491 3.7646180873121269  3.1434984154476342 3.7646195106980596  3.1437955507170594 3.7646212643083996  3.1443898220403512 3.7646254319787711  3.1446869580942178 3.7646278460401761  3.1449840942507672 3.7646305903239266  3.1455783677311855 3.764636739340554  3.1458755050550553 3.7646401440754835  3.1461726425210514 3.7646438790297281  3.1467669189971295 3.7646520093868117  3.1470640580072118 3.7646564047923676  3.1473611971988684 3.764661130413228  3.1479554775111729 3.7646712421031912  3.1482526186318225 3.764676628175684  3.1485497599734975 3.7646823444585329  3.1490825671930662 3.764693186470419  3.1493182329816451 3.7646981897004475  3.1495538989315057 3.7647034006343443  3.1497895650524863 3.7647088192692859 
 0 5 0.056640325862900159 3 0.11328075949213839 3 0.16796816406181769 3 0.22265564386532807 3 0.27929631404028765 3 0.33593703785834034 3 0.39257780155227945 3 0.44921859135532771 3 0.50749993969849827 3 0.57999937105157862 3 0.65249888015641921 3 0.72499854017642995 3 0.79749842528415715 3 0.86999860815887253 3 0.94249916346415019 3 1 5
7 0 0  4 50 17  4.2813728848354824 0.60000059999999966  4.2813720097988623 0.59858459763524507  4.2813711678034396 0.59716859269067435  4.2813703588492782 0.59575258531238462  4.2813688070221163 0.59292056328647491  4.281368064149242 0.59150454863884294  4.281367354317867 0.59008853184973209  4.2813660240747291 0.58730532028119808  4.281365401423626 0.5859381256370082  4.2813648095747814 0.58457092926421206  4.2813636874809049 0.58183653144359448  4.2813631572359574 0.58046932999576595  4.2813626577934283 0.57910212708237618  4.2813617037755529 0.57631888821205146  4.2813612514397477 0.57490285215812487  4.2813608321459675 0.57348681481928909  4.2813600596421466 0.57065473652295418  4.281359706432168 0.56923869556545337  4.2813593862643318 0.56782265361529238  4.2813588120127877 0.56499056702499129  4.281358557929126 0.56357452238484806  4.2813583368876937 0.56215847704430033  4.2813579608892356 0.55932638460190542  4.281357805932239 0.55791033750005992  4.2813576840175314 0.5564942899900609  4.2813575036985849 0.55362117967073687  4.2813574472361573 0.55216411684598821  4.2813574257578431 0.55070705390306696  4.2813574560642635 0.54743746890187373  4.2813575270002264 0.54562494686609952  4.28135765207153 0.54381242520016915  4.2813580104849676 0.54018738127705401  4.2813582438272171 0.53837485901987014  4.2813585313048828 0.53656233774541984  4.281359214531669 0.53293729400192535  4.2813596102810152 0.53112477153288684  4.2813600601659214 0.52931225065947429  4.281361068208291 0.52568720708950933  4.2813616263660919 0.52387468439296814  4.2813622386596677 0.52206216390495486  4.2813635715209433 0.51843712051460789  4.2813642920890889 0.51662459761229562  4.2813650667932928 0.51481207753142066  4.2813667244778797 0.51118703431460699  4.2813676074588196 0.50937451117870103  4.2813685445761767 0.50756199147715531  4.2813703220019415 0.50431195295485942  4.2813711422269591 0.50287443274634946  4.2813719965048289 0.50143691504377086  4.2813728848354824 0.49999939999999821 
 0 5 0.056640325862900159 3 0.11328075949213839 3 0.16796816406181769 3 0.22265564386532807 3 0.27929631404028765 3 0.33593703785834034 3 0.39257780155227945 3 0.44921859135532771 3 0.50749993969849827 3 0.57999937105157862 3 0.65249888015641921 3 0.72499854017642995 3 0.79749842528415715 3 0.86999860815887253 3 0.94249916346415019 3 1 5
7 0 0  8 9 2  2.560209548647701 1.4185621764039933  2.6424204691805118 1.6473810929184109  2.7200667942176251 1.9015038163071918  2.794244270687305 2.1774029691608576  2.8656054575891772 2.4711231507063345  2.9347190968440429 2.7791287159763081  3.0020605363032393 3.098599074790124  3.0681103264207588 3.4275112619037342  3.1333958404910622 3.7647088170076373 
 0 9 1 9
7 0 0  8 9 2  4.2755764760571386 4.1704316323373591  4.2629005765964649 3.6407940085666319  4.2560023822953621 3.1078643057678867  4.2535048324460512 2.5763759153616728  4.2544657056471404 2.0489989687910484  4.2581709600140352 1.5273464152866982  4.2641141091543187 1.0121177628256477  4.27192675798503 0.50326779444117808  4.281372884464707 -4.9835069492158811e-15 
 0 9 1 9
7 0 0  6 17 4  2.5602094309497208 1.4185623604941853  2.5796380277381674 1.3881742932504897  2.5989787589918989 1.3584347141837327  2.6182399588909497 1.3294108612564861  2.6374293608574715 1.3011675666678695  2.6565540975557371 1.2737672568535521  2.7472050288589713 1.1477875385163783  2.8181130878639316 1.06083497790068  2.8885019314612723 0.98993468265182605  2.9585543680490476 0.93779815965286939  3.0284639163852809 0.90606802101981132  3.120688574760266 0.89184374626628582  3.1429225504835592 0.89052942603446927  3.165155606769432 0.89134408929761866  3.1873906910918688 0.89428731902988323  3.2096308643791276 0.8993448147146369  3.2318793010137479 0.9064883923444782 
 0 7 0.16814143683068208 5 0.79941757692445981 5 1 7
7 0 0  6 17 4  4.275576512168878 -6.0000000000000008e-07  4.2696154882950799 0.099042369489373061  4.2638729898866687 0.19915459495404422  4.2583493090577598 0.30028630664888373  4.2530450651951215 0.40238921172733194  4.2479612049581759 0.50541649424139934  4.2248441770704126 0.99943237067805279  4.2096771846815884 1.4027096477344461  4.1977331103129041 1.8158134716529808  4.1891184671551391 2.2358883249561998  4.1839055528501943 2.6603935636458638  4.1815715328095591 3.2224405285119926  4.1813565165173534 3.3580976644439495  4.1814899856367695 3.4937846551977274  4.181971918258796 3.6293987734750033  4.1828015609226172 3.764837915296102  4.1839774286156137 3.9000005999999998 
 0 7 0.16814143683068208 5 0.79941757692445981 5 1 7
1 3.2318792022508234 -3.5788738997436726e-16 0 1 
7 0 0  6 12 3  3.2318791034879011 1.0221195269774626  3.2928336550572532 1.041475831388462  3.3537798518571322 1.0762973139396284  3.4148707362851516 1.1259795559105903  3.4762444812487252 1.1893171919427368  3.5380327160050244 1.2645380828107116  3.6206052159661923 1.3769819146511917  3.6409167511325724 1.4055826803650133  3.6613007675721314 1.4351426527999502  3.6817660354105164 1.4655887032794881  3.7023214188620766 1.4968436082020069  3.7229758762298668 1.5288260490407772 
 0 7 0.75478845935792627 5 1 7
7 0 0  6 12 3  4.1887755335318984 -5.3000005999999997  4.1919616755163585 -4.9296922894580311  4.1977145551956294 -4.5618869152687926  4.2059985119151131 -4.1981301149259904  4.216763293913246 -3.8400679772324153  4.229943460227326 -3.489540373046947  4.2505026969893942 -3.037929819224626  4.2557925706116597 -2.9281699014054841  4.2613297243468837 -2.819439528567012  4.2671131443799366 -2.7117933964224403  4.2731420344689957 -2.605291553271416  4.2794158159455646 -2.4999993999999996 
 0 7 0.75478845935792627 5 1 7
7 0 0  6 22 5  0 13.499999999999998  0.56284617009320181 13.499999999999998  1.125549503752316 13.499999999999996  1.6881072253312703 13.5  2.2505241209476594 13.499999999999996  2.8128159907397179 13.499999999999998  3.9376890303217174 13.499999999999998  4.500273807787095 13.499999999999998  5.0627670008501298 13.499999999999996  5.6251970314603126 13.499999999999998  6.1875997724216809 13.499999999999998  7.3101513888109215 13.499999999999998  7.8703052461411325 13.499999999999998  8.4304860970136044 13.499999999999995  8.9907293405499686 13.500000000000002  9.5510630931426768 13.499999999999996  10.675931860100311 13.499999999999996  11.240472139525647 13.500000000000002  11.805138265643194 13.499999999999996  12.369946330362412 13.499999999999995  12.93490118945275 13.499999999999998  13.500000000000007 13.499999999999998 
 0 7 0.24988776017375347 5 0.49999999948574325 5 0.74911212878301192 5 1 7
1 9.2733165207629042 0 -1 -0 
7 0 0  6 22 5  0 13.499999999999998  0.56284617009310822 13.499999999999998  1.1255495037526657 13.499999999999996  1.6881072253307505 13.5  2.2505241209480373 13.499999999999996  2.8128159907396078 13.499999999999998  3.9376890303213354 13.499999999999998  4.5002738077884263 13.499999999999998  5.0627670008481545 13.499999999999996  5.6251970314617461 13.499999999999998  6.1875997724212217 13.499999999999998  7.310151388810584 13.499999999999998  7.870305246142661 13.499999999999998  8.4304860970112188 13.499999999999995  8.9907293405516597 13.500000000000002  9.5510630931421634 13.499999999999996  10.675931860099704 13.499999999999996  11.240472139527482 13.500000000000002  11.805138265640583 13.499999999999996  12.369946330364371 13.499999999999995  12.934901189452068 13.499999999999998  13.500000000000007 13.499999999999998 
 0 7 0.24988776017421954 5 0.49999999948645724 5 0.74911212878361921 5 1 7
7 0 0  6 22 5  0 13.499999999999998  0.56284617009313886 13.499999999999998  1.1255495037524834 13.499999999999996  1.6881072253310507 13.5  2.250524120947818 13.499999999999996  2.8128159907396655 13.499999999999998  3.9376890303209691 13.499999999999998  4.5002738077891937 13.499999999999998  5.0627670008474883 13.499999999999996  5.6251970314620205 13.499999999999998  6.1875997724211773 13.499999999999998  7.3101513888105947 13.499999999999998  7.8703052461425367 13.499999999999998  8.4304860970114657 13.499999999999995  8.990729340551459 13.500000000000002  9.5510630931422345 13.499999999999996  10.675931860099297 13.499999999999996  11.240472139529082 13.500000000000002  11.805138265638059 13.499999999999996  12.369946330366261 13.499999999999995  12.934901189451459 13.499999999999998  13.500000000000007 13.499999999999998 
 0 7 0.24988776017436698 5 0.49999999948661517 5 0.74911212878377276 5 1 7
1 7.6842465908102655 0 -1 -0 
7 0 0  6 22 5  0 13.499999999999996  0.56284617009303217 13.499999999999996  1.1255495037529226 13.500000000000014  1.6881072253303251 13.499999999999984  2.2505241209483926 13.500000000000007  2.8128159907394727 13.5  3.9376890303213186 13.5  4.5002738077884956 13.5  5.0627670008480532 13.5  5.6251970314618545 13.5  6.1875997724211773 13.5  7.3101513888107821 13.5  7.8703052461423617 13.500000000000002  8.4304860970112454 13.499999999999998  8.9907293405517752 13.500000000000002  9.5510630931421794 13.5  10.675931860099308 13.5  11.240472139529055 13.500000000000007  11.805138265638201 13.499999999999986  12.369946330366155 13.500000000000012  12.934901189451486 13.499999999999996  13.500000000000007 13.499999999999996 
 0 7 0.24988776017427816 5 0.4999999994865067 5 0.74911212878372813 5 1 7
1 6.2831853071795862 -10.999999999999998 -1 0 
1 6.2831853071795862 -10.999999999999998 -1 0 
1 3.1497894666885253 6.7721329416738691e-16 0 1 
1 13.500000000000007 0 0 1 
7 0 0  1 2 2  3.5427659145752282 -13.500000000000002  3.5427659145752282 -8.437694986953979e-16 
 -1.0466698812367707e-14 2 13.499999999999996 2
7 0 0  6 22 5  13.500000000000007 0.1999999999999886  12.934901189452855 0.19999999999998855  12.369946330362097 0.19999999999996979  11.805138265643455 0.20000000000000151  11.240472139525641 0.19999999999998008  10.675931860100267 0.19999999999998883  9.5510630931420497 0.19999999999998838  8.9907293405522868 0.19999999999997298  8.430486097010327 0.2000000000000014  7.8703052461431691 0.19999999999997825  7.310151388810497 0.19999999999998858  6.1875997724210769 0.19999999999998863  5.6251970314623039 0.19999999999997561  5.0627670008473071 0.19999999999998658  4.5002738077890854 0.19999999999998933  3.9376890303211116 0.19999999999998486  2.8128159907394612 0.19999999999998525  2.2505241209484415 0.19999999999999982  1.6881072253302383 0.1999999999999843  1.1255495037530141 0.19999999999998028  0.56284617009299254 0.1999999999999873  0 0.19999999999998749 
 0 7 0.25088787121643713 5 0.50000000051345705 5 0.75011223982565522 5 1 7
1 12.566370614359171 -13.300000000000001 -1 0 
7 0 0  6 22 5  13.500000000000007 0.19999999999998461  12.934901189450764 0.19999999999998466  12.369946330368666 0.19999999999998544  11.805138265634405 0.19999999999997647  11.240472139531921 0.19999999999999155  10.675931860098334 0.1999999999999813  9.5510630931421705 0.1999999999999808  8.9907293405513862 0.19999999999999649  8.4304860970119595 0.19999999999996471  7.8703052461419398 0.19999999999999346  7.310151388810862 0.19999999999998108  6.1875997724217546 0.19999999999998103  5.6251970314601731 0.1999999999999976  5.0627670008501306 0.19999999999995985  4.5002738077872548 0.1999999999999981  3.9376890303216077 0.1999999999999808  2.812815990739665 0.1999999999999813  2.2505241209478526 0.19999999999998561  1.688107225330953 0.19999999999998577  1.1255495037525889 0.19999999999997695  0.56284617009309701 0.19999999999998672  0 0.19999999999998688 
 0 7 0.25088787121614503 5 0.50000000051367421 5 0.75011223982591935 5 1 7
1 12.566370614359172 -13.300000000000001 -1 0 
7 0 0  6 22 5  13.500000000000007 0.19999999999998461  12.934901189451571 0.19999999999998466  12.369946330366121 0.19999999999998544  11.80513826563789 0.19999999999997647  11.24047213952954 0.19999999999999155  10.675931860099032 0.1999999999999813  9.5510630931418312 0.1999999999999808  8.9907293405527238 0.19999999999999649  8.4304860970098616 0.19999999999996471  7.8703052461435021 0.19999999999999346  7.3101513888103611 0.19999999999998108  6.1875997724213425 0.19999999999998103  5.6251970314613287 0.1999999999999976  5.0627670008487895 0.19999999999995985  4.5002738077879627 0.1999999999999981  3.9376890303214753 0.1999999999999808  2.8128159907394723 0.1999999999999813  2.250524120948409 0.19999999999998561  1.68810722533028 0.19999999999998577  1.1255495037529717 0.19999999999997695  0.56284617009302007 0.19999999999998672  0 0.19999999999998688 
 0 7 0.25088787121602335 5 0.50000000051327442 5 0.75011223982564723 5 1 7
1 12.566370614359172 -13.300000000000001 -1 0 
7 0 0  6 22 5  13.500000000000007 0.19999999999998461  12.934901189451718 0.19999999999998466  12.369946330365345 0.19999999999998544  11.805138265639572 0.19999999999997647  11.240472139527817 0.19999999999999155  10.67593186009978 0.1999999999999813  9.5510630931415736 0.1999999999999808  8.9907293405534698 0.19999999999999649  8.430486097008707 0.19999999999996471  7.8703052461445644 0.19999999999999346  7.3101513888098779 0.19999999999998108  6.1875997724213443 0.19999999999998103  5.6251970314615658 0.1999999999999976  5.0627670008480896 0.19999999999995985  4.500273807788731 0.1999999999999981  3.9376890303211587 0.1999999999999808  2.8128159907394434 0.1999999999999813  2.250524120948481 0.19999999999998561  1.6881072253302374 0.19999999999998577  1.1255495037529617 0.19999999999997695  0.56284617009302718 0.19999999999998672  0 0.19999999999998688 
 0 7 0.25088787121603967 5 0.50000000051309135 5 0.75011223982547892 5 1 7
1 12.566370614359172 -13.300000000000001 -1 0 
1 0 1.5707963267948966 1 0 
1 0 0 0 1 
1 0 0 0 1 
1 0 4.7123889803846897 1 0 
1 0 0 0 1 
1 0 4.7123889803846897 1 0 
1 0 0 0 1 
1 0 0 0 1 
1 0 1.5707963267948966 1 0 
1 0 1.5707963267948966 0 1 
1 0 1.1999999999999993 1 0 
1 0 3.1415926535897931 1 0 
1 0 1.3500000000000014 1 0 
1 1.5707963267948966 0 0 1 
1 -1.5707963267948966 0 1 0 
1 1.1278852827212511 0 0 1 
1 0 9.1000000000000014 1 0 
1 0 1.5707963267948966 0 1 
1 1.5707963267948966 0 0 1 
1 0 3.1415926535897931 1 0 
1 1.5707963267948966 1.3500000000000014 -1 -0 
1 1.5707963267948966 0 0 1 
1 -1.5707963267948966 0 1 0 
1 0 1.5707963267948966 1 0 
1 1.5707963267948966 0 0 1 
1 0 1.5707963267948966 1 0 
1 1.5707963267948966 0 0 1 
1 0 1.5707963267948966 1 0 
1 1.5707963267948966 0 0 1 
1 0 0 0 1 
1 0 1.5707963267948966 1 0 
7 0 0  6 22 5  13.500000000000007 0.19999999999998319  12.934901189451216 0.19999999999998302  12.369946330366854 0.19999999999999785  11.805138265637392 0.199999999999979  11.240472139529496 0.1999999999999871  10.675931860099201 0.19999999999998697  9.5510630931416305 0.19999999999998652  8.9907293405528161 0.19999999999998835  8.4304860970103377 0.19999999999997692  7.8703052461428902 0.19999999999999482  7.310151388810592 0.19999999999998316  6.1875997724216791 0.19999999999998322  5.6251970314605275 0.19999999999999216  5.0627670008496084 0.19999999999998305  4.5002738077875941 0.19999999999998597  3.9376890303215282 0.19999999999998655  2.8128159907395598 0.19999999999998694  2.2505241209481901 0.19999999999998247  1.6881072253304976 0.19999999999999257  1.125549503752878 0.19999999999998386  0.56284617009301974 0.1999999999999873  0 0.19999999999998749 
 0 7 0.25088787121615463 5 0.50000000051355087 5 0.75011223982581665 5 1 7
1 6.2831853071795862 -13.300000000000001 -1 0 
7 0 0  6 22 5  13.500000000000007 0.19999999999998461  12.934901189450898 0.19999999999998466  12.36994633036826 0.19999999999998544  11.805138265635197 0.19999999999997647  11.240472139531096 0.19999999999999155  10.675931860098698 0.1999999999999813  9.5510630931421101 0.1999999999999808  8.9907293405516953 0.19999999999999649  8.4304860970114888 0.19999999999996471  7.870305246142177 0.19999999999999346  7.310151388810838 0.19999999999998108  6.1875997724212617 0.19999999999998103  5.6251970314616493 0.1999999999999976  5.0627670008482308 0.19999999999995985  4.5002738077884645 0.1999999999999981  3.9376890303212861 0.1999999999999808  2.8128159907395363 0.1999999999999813  2.2505241209482572 0.19999999999998561  1.6881072253304281 0.19999999999998577  1.1255495037529166 0.19999999999997695  0.56284617009300852 0.19999999999998672  0 0.19999999999998688 
 0 7 0.25088787121608047 5 0.50000000051341176 5 0.75011223982568809 5 1 7
1 12.566370614359172 -13.300000000000001 -1 0 
7 0 0  6 22 5  13.500000000000007 0.19999999999998319  12.934901189451308 0.19999999999998302  12.369946330366835 0.19999999999999785  11.805138265636961 0.199999999999979  11.240472139530155 0.1999999999999871  10.675931860098883 0.19999999999998697  9.5510630931423446 0.19999999999998652  8.9907293405510398 0.19999999999998835  8.4304860970120554 0.19999999999997692  7.8703052461421938 0.19999999999999482  7.3101513888106497 0.19999999999998316  6.1875997724213079 0.19999999999998322  5.6251970314617221 0.19999999999999216  5.0627670008478702 0.19999999999998305  4.5002738077888944 0.19999999999998597  3.9376890303210845 0.19999999999998655  2.8128159907395163 0.19999999999998694  2.2505241209483118 0.19999999999998247  1.6881072253303497 0.19999999999999257  1.1255495037529866 0.19999999999998386  0.56284617009298032 0.1999999999999873  0 0.19999999999998749 
 0 7 0.25088787121616407 5 0.50000000051339255 5 0.75011223982562925 5 1 7
1 6.2831853071795862 -13.300000000000001 -1 0 
7 0 0  6 22 5  13.500000000000007 0.19999999999998461  12.934901189450514 0.19999999999998466  12.369946330368856 0.19999999999998544  11.805138265634969 0.19999999999997647  11.240472139530977 0.19999999999999155  10.675931860098805 0.1999999999999813  9.5510630931422469 0.1999999999999808  8.990729340551205 0.19999999999999649  8.4304860970119879 0.19999999999996471  7.8703052461421628 0.19999999999999346  7.3101513888106942 0.19999999999998108  6.1875997724213452 0.19999999999998103  5.6251970314613207 0.1999999999999976  5.0627670008488472 0.19999999999995985  4.5002738077878659 0.1999999999999981  3.9376890303215415 0.1999999999999808  2.8128159907395975 0.1999999999999813  2.2505241209480626 0.19999999999998561  1.6881072253306875 0.19999999999998577  1.1255495037527412 0.19999999999997695  0.56284617009306537 0.19999999999998672  0 0.19999999999998688 
 0 7 0.25088787121618356 5 0.50000000051350924 5 0.7501122398258071 5 1 7
1 0 0 0 1 
1 13.500000000000007 0 0 1 
7 0 0  1 2 2  5.8820120461941521 -13.500000000000002  5.8820120461941521 -8.437694986953979e-16 
 -1.0974171438249413e-14 2 13.499999999999996 2
1 0 0 0 1 
7 0 0  1 2 2  0.40117326098543449 -13.500000000000002  0.4011732609854346 -8.437694986953979e-16 
 -1.0974171438249413e-14 2 13.499999999999996 2
1 13.500000000000007 0 0 1 
7 0 0  1 2 2  8.3645395066202592 -13.5  8.3645395066202592 0 
 -1.0974171438249413e-14 2 13.499999999999996 2
7 0 0  7 110 19  8.2584699154674617 -0.050000000000000711  8.2584699154674617 -0.67656197313067068  8.2532005976437688 -1.3009849438299135  8.2427267522493555 -1.917693697721524  8.227060207834878 -2.5209431078077169  8.2061933071549369 -3.103614172142942  8.1800921473865138 -3.6564425909171896  8.1427212541926739 -4.2627465112121001  8.136553306154747 -4.358134352804468  8.1301883320793653 -4.4519267833910448  8.1236247873441894 -4.5440276764144478  8.1168611314455177 -4.6343308979229532  8.1098958279982956 -4.7227203065705003  8.0938735938920061 -4.9157194397095534  8.0847082487172717 -5.0192771404812886  8.0752300063385967 -5.1194803634461961  8.0654381106644539 -5.2160448497762815  8.0553322840365222 -5.3086642717139236  8.0449126588811115 -5.3970099299845424  8.0207989999782718 -5.5851043664781139  8.0069119750447832 -5.6824397424509838  7.9925485636764249 -5.7717732067936947  7.977741020325678 -5.8522137943493666  7.9625238877369426 -5.9229379631279349  7.9469339599023057 -5.9831846102956661  7.909306037994507 -6.0991269003302353  7.8869991489497595 -6.1451782899641305  7.8643309570706412 -6.1682524495048741  7.8415471470244791 -6.1673090360739744  7.8188948347092104 -6.142375528400918  7.7966196437713862 -6.094547902792435  7.759791331905781 -5.978040454833855  7.7449277281351838 -5.9199079007747457  7.7304058531409101 -5.8522552963277361  7.7162577953352356 -5.7757484297775239  7.7025137704989275 -5.6911055125558363  7.6892020922988076 -5.5991011444627361  7.6653285350504268 -5.4160861671439209  7.6546338758917898 -5.3267175245556517  7.644265899162213 -5.2328418796731322  7.6342249537361822 -5.1348124408976217  7.6245109278229526 -5.0329584527192139  7.6151231732596409 -4.9275855519544063  7.5988047271876962 -4.732022574586467  7.5917561395413058 -4.6429800174237688  7.5849131000979542 -4.5519789734526031  7.5782740338765775 -4.4591395177604873  7.5718373576822415 -4.3645712795654319  7.5656014801061406 -4.268373442215939  7.5309082292859726 -3.7066617070512251  7.5066663648438672 -3.2067673125107929  7.4867787837280861 -2.6812215195343239  7.4712097307244063 -2.137273586386649  7.4599431244670082 -1.5803783639245648  7.4529878426563254 -1.0150071416826627  7.4501332134685452 -0.38826107367455542  7.4499174465716909 -0.33128038107145519  7.4497453263034901 -0.2742774888904162  7.4496168610677183 -0.21725800803871437  7.4495320564599652 -0.16022755657592405  7.4494909152676296 -0.10319175971391774  7.4494934814817615 -0.045160993382895018  7.4494935387888495 -0.044165737031282175  7.449493609391177 -0.043170480791878289  7.449493693288745 -0.04217522469453578  7.4494937904815526 -0.041179968769109267  7.449493900969598 -0.040184713045455567  7.4494941485360808 -0.038194202686093658  7.4494942856145041 -0.03719894805039381  7.449494435988143 -0.036203693676175576  7.4494945996569992 -0.035208439593285921  7.4494947766210675 -0.034213185831577446  7.449494966880347 -0.033217932420908348  7.4494953739891114 -0.031227427388647727  7.4494955908385707 -0.030232175767053931  7.4494958209832083 -0.029236924556208497  7.4494960644230206 -0.028241673785961905  7.4494963211580032 -0.027246423486167664  7.4494965911881552 -0.0262511736866823  7.4494971371084073 -0.024333495668716103  7.4494974111241179 -0.023411067375502168  7.449497696560603 -0.022488639561475159  7.4494979934178565 -0.021566212250395799  7.4494983016958782 -0.020643785466033928  7.4494986213946666 -0.019721359232168494  7.4494991684647802 -0.018197343148306011  7.449499389273087 -0.017595752968289774  7.4494996149391328 -0.016994163039124262  7.4494998454629116 -0.016392573367399011  7.4495000808444258 -0.015790983959707714  7.4495003210836739 -0.015189394822648186  7.4495008200307771 -0.013964732575905612  7.449501079091795 -0.013341659486383453  7.449501343363707 -0.012718586701565877  7.4495016128465137 -0.012095514228770605  7.4495018875402108 -0.011472442075323133  7.4495021674447983 -0.010849370248556716  7.4495027376753384 -0.0096032281639032574  7.449503028001276 -0.0089801579060055613  7.4495033235380861 -0.0083570879894372656  7.4495036242857653 -0.0077340184215202107  7.4495039302443145 -0.0071109492095800938  7.4495042414137318 -0.0064878803609464642  7.4495049832701357 -0.0050268937996791963  7.4495054181703919 -0.0041889763867007136  7.4495058624947772 -0.0033510596618448068  7.4495063162432889 -0.0025131436429333574  7.4495067794159224 -0.0016752283477826171  7.4495072520126717 -0.00083731379420320148  7.4495077340335332 5.999999999062311e-07 
 0 8 0.26030394585300193 6 0.3098178251840723 6 0.37097212169131399 6 0.44721284820136464 6 0.55112983765346868 6 0.62392721512465232 6 0.68634645540096795 6 0.73631978270884502 6 0.97354696731796286 6 0.99725868251758321 6 0.99767244645439124 6 0.99808621013149679 6 0.99849997338152696 6 0.99888346235130399 6 0.99913356737563741 6 0.99939260439411115 6 0.99965164103807069 6 1 8
7 0 0  7 110 19  0 4.7492105044454931  0.10271507756240494 4.7492105044454931  0.20507937357824935 4.7813535148661037  0.30794979091550556 4.8452429135318713  0.41209747462519153 4.9383200232120101  0.51831478611765247 5.0557965914751675  0.62745176412557957 5.1903681395375196  0.76212020032979744 5.3586192879654231  0.78380127943505884 5.3857712804191964  0.80565130483309499 5.4131189407186895  0.82768044876709435 5.4405899303020258  0.84989900305173249 5.4681066527708424  0.87231737907317108 5.495586253890286  0.9228947154152245 5.5567258376863071  0.95116955576617213 5.5903261609560735  0.97978539095654893 5.6235682024378661  1.0087569985033682 5.6562648990623297  1.0380998021159915 5.6882164713012449  1.0678305024861106 5.7192113808175753  1.1355395972256306 5.7861986164404522  1.1737974701987066 5.8215911747130757  1.2126925261440136 5.8546771644834701  1.2521863351970488 5.8849378265696073  1.292249023744757 5.9118788212824365  1.3328574596885345 5.9350456086510031  1.4300622501326727 5.9799268065353788  1.4870661679764976 5.99804030088346  1.5445940716185771 6.0072226998714502  1.6022838298939404 6.0068473843265977  1.6597892490163473 5.9969309798705961  1.7167469286190076 5.9781319138368678  1.8119701905595686 5.9330717831435651  1.8507141629180908 5.9107366087144388  1.8889584827948955 5.8849802788950418  1.9266824881151976 5.856199677964125  1.9638598636731841 5.8248247995307878  2.0004571908826505 5.791306496810245  2.067279093758057 5.7259204729120787  2.0976999734172419 5.6944676950213511  2.1277147651145945 5.661984106057913  2.1573409872804139 5.6286964767296848  2.1865947384409523 5.5948190109214462  2.2154913874934752 5.5605522149942903  2.2669075193033303 5.4984844594569955  2.2895536070292231 5.4707521283612897  2.3119953500780706 5.4429757852129104  2.334243454006347 5.4152409611226693  2.3563085070079284 5.3876277068972298  2.3782009799140913 5.3602105930391195  2.5030863576093285 5.2041666551790939  2.6028547578880343 5.0809202025402094  2.7000880126964595 4.9711011970755825  2.7954576809687741 4.8803936535224182  2.8896101708768254 4.8127140660115817  2.9831526814492517 4.7704878711924117  3.0861142634301006 4.7531112188076907  3.0954683975657766 4.7517966869620532  3.1048208901960526 4.7507473990201374  3.1141721598595877 4.7499639129715785  3.1235226224401083 4.7494465985921659  3.132872691166404 4.7491956374438535  3.1423859334371795 4.7492112913469624  3.1425490902680928 4.749211640920092  3.1427122471072759 4.7492120715941075  3.1428754039569275 4.749212583368954  3.1430385608192464 4.7492131762445577  3.1432017176964342 4.7492138502208281  3.1435280313825382 4.7492153603740048  3.1436911881914518 4.7492161965508135  3.1438543450196335 4.74921711382797  3.1440175018692833 4.7492181122053436  3.1441806587426036 4.7492191916827933  3.1443438156417907 4.7492203522601608  3.1446701293278929 4.749222835613085  3.1448332861148089 4.7492241583884782  3.1449964429319914 4.74922556226326  3.1451595997816422 4.7492270472372367  3.1453227566659607 4.7492286133101951  3.1454859135871471 4.7492302604819026  3.1458002896191664 4.7492335905680338  3.1459515087244867 4.7492352620489724  3.1461027278651192 4.7492370031947333  3.1462539470428164 4.7492388140051007  3.14640516625933 4.7492406944798535  3.1465563855164089 4.7492426446187563  3.1468062274869482 4.7492459817028054  3.1469048501760923 4.7492473286150885  3.1470034728837222 4.7492487051583421  3.1471020956103244 4.7492501113324916  3.1472007183563844 4.7492515471374634  3.147299341122388 4.749253012573182  3.1475001088082224 4.7492560560992194  3.1476022537295369 4.7492576363437289  3.1477043986733055 4.7492592483730078  3.14780654364007 4.7492608921869683  3.1479086886303702 4.7492625677855154  3.148010833644745 4.7492642751685548  3.1482151235750342 4.7492677535009076  3.1483172684909513 4.7492695244501295  3.1484194134320207 4.749271327183556  3.148521558398786 4.749273161701085  3.148623703391785 4.7492750280026126  3.1487258484115563 4.7492769260880348  3.1489653606744308 4.749281451293653  3.1491027279396198 4.7492841041127658  3.1492400952555202 4.7492868144143161  3.1493774626234434 4.7492895821980303  3.1495148300447018 4.7492924074636269  3.149652197520612 4.7492952902108145  3.1497895650524863 4.749298230439293 
 0 8 0.26030394585300193 6 0.3098178251840723 6 0.37097212169131399 6 0.44721284820136464 6 0.55112983765346868 6 0.62392721512465232 6 0.68634645540096795 6 0.73631978270884502 6 0.97354696731796286 6 0.99725868251758321 6 0.99767244645439124 6 0.99808621013149679 6 0.99849997338152696 6 0.99888346235130399 6 0.99913356737563741 6 0.99939260439411115 6 0.99965164103807069 6 1 8
7 0 0  4 29 10  8.2584555339154324 6.0000000000337561e-07  8.2584563484893838 -0.001415402511043308  8.2584571323050753 -0.0028314075005691636  8.258457885362473 -0.0042474148281818058  8.2584593299621183 -0.0070794368426163115  8.2584600215042396 -0.0084954515294438024  8.2584606822878737 -0.0099114682736161849  8.2584619206141934 -0.012694679823272478  8.25846250024148 -0.014061874498837452  8.2584630511948269 -0.015429070835093026  8.258464114407257 -0.018212297248642477  8.2584646245815296 -0.019628327437494035  8.2584651039970129 -0.021044359131853586  8.2584660013109215 -0.023876427091723221  8.2584664192092685 -0.025292463357237286  8.2584668063487019 -0.026708500847493252  8.25846751911007 -0.029540579458992952  8.2584678447319462 -0.030956620580238264  8.2584681395948039 -0.032372662645459196  8.2584686678026813 -0.035204749466722626  8.2584689011476513 -0.036620794222766026  8.2584691037335372 -0.038036839642015506  8.2584694473872151 -0.04086893223116881  8.2584695884549788 -0.042284979401073772  8.2584696987636121 -0.043701026953411888  8.2584698468902857 -0.046337805880966969  8.2584698926083995 -0.047558537194017342  8.2584699154674617 -0.048779268597008499  8.2584699154674617 -0.049999999999999219 
 0 5 0.11328059184895363 3 0.22656142079912467 3 0.33593621083350278 3 0.44921741752690841 3 0.56249877149064798 3 0.67578024243436552 3 0.78906180006805615 3 0.9023434141022959 3 1 5
7 0 0  4 29 10  6.2749883957168962 4.7492982304392921  6.2752205350746868 4.7492932617051125  6.2754526742498218 4.7492884805774143  6.2756848132526564 4.7492838870585476  6.2761490914202804 4.7492750752334691  6.2763812305850708 4.7492708569280397  6.2766133695982491 4.7492668262364273  6.2770696429561958 4.7492592725976781  6.2772937773105371 4.7492557369352477  6.2775179115424988 4.7492523761748098  6.277974184927138 4.7492458906750663  6.2782063240715944 4.7492427786525271  6.2784384631051093 4.7492398542517353  6.2789027412727343 4.7492343806926769  6.2791348804068461 4.7492318315348969  6.2793670194507056 4.7492294700019571  6.2798312976183315 4.7492251221855648  6.2800634367420969 4.7492231359025023  6.2802955757963028 4.7492213372467278  6.2807598539639287 4.7492181151900565  6.2809919930773495 4.7492166917894485  6.2812241321419 4.7492154560179465  6.2816884103095267 4.7492133597336377  6.2819205494126029 4.7492124992210174  6.2821526884874981 4.7492118263386898  6.28258494746657 4.7492109227662676  6.2827850673753272 4.7492106438857649  6.2829851872774567 4.7492105044454931  6.2831853071795862 4.7492105044454931 
 0 5 0.11328059184895363 3 0.22656142079912467 3 0.33593621083350278 3 0.44921741752690841 3 0.56249877149064798 3 0.67578024243436552 3 0.78906180006805615 3 0.9023434141022959 3 1 5
7 0 0  8 9 2  8.1751349258209469 -13.300000000000001  8.1724741954725015 -13.300000000000001  8.1697513503432315 -13.302053700524826  8.1669662603882536 -13.305966350903221  8.1641175647976549 -13.311514136970285  8.1612032806102768 -13.318409583043081  8.1582142044010233 -13.326252818375838  8.1551354855625888 -13.334528586811821  8.1519182857080246 -13.342484513305013 
 0 9 1 9
7 0 0  8 9 2  0.33251967061247251 1.5707963267948966  0.30133904829782093 1.6424509178674396  0.26765558059793226 1.7121598340650166  0.23125795335739188 1.7798501866834233  0.19192307300248104 1.8452233476350963  0.14944266172177037 1.9077942376769688  0.10355722530344943 1.9667554036447388  0.053994330536712098 2.0210354596075804  0 2.068637157641052 
 0 9 1 9
7 0 0  6 12 3  8.151918326201681 -13.342484413166892  8.1465745304868555 -13.35569925611054  8.1413925594547081 -13.371225562901481  8.1362851801323099 -13.389319667685625  8.1312752817201126 -13.410450358194383  8.1264937030027617 -13.434979351115169  8.1212910584350944 -13.468806419985611  8.1204266666473099 -13.47469958600359  8.119581048935002 -13.480760227005101  8.1187562286917814 -13.486993819019856  8.1179545830343969 -13.493405606035973  8.1171788428027298 -13.500000599999998 
 0 7 0.8305676697061577 5 1 7
7 0 0  6 12 3  0.49784023170194835 9.1000006000000013  0.57690703270261523 9.0208208565916781  0.65600556224927975 8.9438829301018092  0.73750558989848192 8.867916322004822  0.82270765844900728 8.7932621892634781  0.91243869656215137 8.7218891465601516  1.0267564922766559 8.6441309214048925  1.0463880371613763 8.6312079768105328  1.0662995660678825 8.6185620913036178  1.0865084770937772 8.6062238437447771  1.1070319967752331 8.5942291454610515  1.1278871800869918 8.5826192402458776 
 0 7 0.8305676697061577 5 1 7
7 0 0  6 12 3  7.5560449417472828 -13.342484413166884  7.5613887374620967 -13.355699256110503  7.5665707084942735 -13.371225562901511  7.571678087816653 -13.389319667685639  7.576687986228853 -13.410450358194366  7.5814695649462021 -13.434979351115151  7.5866722095138686 -13.468806419985611  7.5875366013016565 -13.47469958600359  7.5883822190139645 -13.480760227005105  7.5892070392571851 -13.486993819019858  7.5900086849145714 -13.493405606035973  7.5907844251462384 -13.500000599999998 
 0 7 0.83056766970622853 5 1 7
7 0 0  6 12 3  0.49784023170190839 -5.9999999999999997e-07  0.57690703270239341 0.079179143408142943  0.65600556224951589 0.15611706989829799  0.73750558989845627 0.2320836779952474  0.82270765844896188 0.30673781073645617  0.91243869656209253 0.37811085343980355  1.0267564922766559 0.45586907859509984  1.0463880371613772 0.46879202318946339  1.0662995660678833 0.48143790869638364  1.086508477093777 0.49377615625522475  1.1070319967752316 0.50577085453895065  1.1278871800869927 0.51738075975412467 
 0 7 0.83056766970622853 5 1 7
7 0 0  8 9 2  7.5328283421280195 -13.300000000000001  7.5354890724764694 -13.300000000000001  7.5382119176057145 -13.302053700524823  7.540997007560752 -13.30596635090324  7.5438457031512574 -13.311514136970235  7.546759987338735 -13.318409583043147  7.5497490635479174 -13.326252818375787  7.552827782386383 -13.334528586811839  7.556044982240941 -13.342484513305013 
 0 9 1 9
7 0 0  8 9 2  1.2382766561824305 1.5707963267948966  1.2694572784971447 1.6424509178675835  1.3031407461966296 1.7121598340643474  1.3395383734383415 1.7798501866848482  1.3788732537912487 1.845223347633328  1.4213536650741283 1.9077942376782744  1.4672391014909547 1.9667554036441808  1.5168019962583028 2.0210354596076785  1.5707963267948966 2.0686371576410467 
 0 9 1 9
7 0 0  1 2 2  7.3434237613287063 -13.5  7.3434237613287063 0 
 -1.0974171438249413e-14 2 13.499999999999996 2
1 0 0 0 1 
7 0 0  4 5 2  6.1928986597556328 0.9064883923444782  6.2154796956280975 0.89923802300993483  6.2380512134985455 0.89437539444334468  6.2606182748477934 0.891943995230152  6.2831853071795862 0.891943995230152 
 0 5 1 5
7 0 0  4 5 2  2.0992078785639716 3.9000006000000003  2.100401324692025 3.7628173236178726  2.101198481961764 3.6253179568927965  2.1015970705001941 3.4876588972239384  2.1015970705001941 3.350000000000001 
 0 5 1 5
1 6.2831853071795862 0 0 1 
1 0 0 0 1 
7 0 0  4 29 10  6.274988395716897 3.7647088192692859  6.275220535050706 3.7647034817252205  6.2754526742184726 3.764698345712151  6.2756848132296152 3.7646934112327597  6.2761490913991205 3.7646839453371155  6.2763812305574858 3.7646794139216286  6.2766133695780315 3.7646750840453573  6.2770776477475376 3.7646668273685706  6.277309786896498 3.7646629005687244  6.2775419259264487 3.7646591753129215  6.2780062040959566 3.764652127887985  6.278238343235512 3.7646488057194203  6.2784704822748676 3.7646456850990244  6.2789347604443755 3.7646398469540983  6.2791668995745269 3.7646371294300387  6.2793990386232874 3.7646346134575701  6.2798553119900671 3.7646300644236632  6.2800794463129641 3.7646280177020381  6.2803035805772183 3.7646261588740324  6.2807598539567886 3.7646227573294468  6.280991993068457 3.7646212282738354  6.2812241321357014 3.7646199007744556  6.2816884103052102 3.7646176488888039  6.2819205494074746 3.7646167245027109  6.282152688484123 3.7646160016741761  6.2825849474653639 3.7646150310320574  6.282785067374121 3.7646147314510108  6.2829851872768536 3.764614581660485  6.2831853071795862 3.764614581660485 
 0 5 0.11328065172482021 3 0.22656151898174814 3 0.33984257423344483 3 0.45312378994263658 3 0.56640513857405295 3 0.67578033410334215 3 0.7890618637486243 3 0.90234344466271355 3 1 5
7 0 0  4 29 10  8.2849977295236901 0.49999939999999821  8.284998604560311 0.50141540236475746  8.284999446555732 0.50283140730935116  8.2850002555098943 0.50424741468763579  8.285001807337057 0.50707943671354783  8.2850025502099296 0.50849545136117824  8.2850032600413055 0.50991146815028654  8.2850046136220801 0.51274350806916391  8.2850052573713686 0.51415953119893953  8.2850058680789491 0.51557555617795692  8.2850070234114277 0.51840761154796777  8.2850075680362316 0.51982364193896635  8.2850080796191499 0.52123967388696435  8.2850090367017053 0.52407174226626208  8.2850094822012625 0.5254877786975648  8.2850098946587902 0.52690381639362116  8.2850106404067638 0.52968706635210128  8.2850109759366255 0.5310542785387109  8.2850112806638236 0.53242149163660812  8.2850118382960538 0.53520474942316576  8.2850120889615599 0.53662079416851771  8.2850123065848322 0.53803683960420001  8.2850126757469678 0.54086893220483634  8.2850128272857972 0.54228497936979159  8.2850129457823396 0.54370102693282096  8.2850131049040492 0.54633780587361014  8.2850131540156955 0.54755853718666048  8.2850131785715195 0.54877926859333015  8.2850131785715195 0.54999999999999927 
 0 5 0.11328065172482021 3 0.22656151898174814 3 0.33984257423344483 3 0.45312378994263658 3 0.56640513857405295 3 0.67578033410334215 3 0.7890618637486243 3 0.90234344466271355 3 1 5
1 0 6.5 1 0 
1 0 0 1 0 
7 0 0  4 50 17  3.1333957421271017 3.7647088192692841  3.1336278814609102 3.7647034817252187  3.1338600206286809 3.7646983457121501  3.1340921596398208 3.7646934112327579  3.134556437809326 3.7646839453371137  3.1347885769676913 3.7646794139216273  3.1350207159882371 3.7646750840453556  3.1354769893492773 3.7646669697252864  3.1357011236984755 3.7646631716223453  3.1359252579364281 3.764659561403437  3.1363815313217334 3.7646525945057556  3.1366136704616139 3.7646492514875987  3.1368458095006453 3.7646461100174835  3.1373020828654457 3.7646403315495727  3.1375262171974123 3.764637680891906  3.1377503514525973 3.7646352181252096  3.1382066248341451 3.7646305871282206  3.1384387639555418 3.7646284325588191  3.1386709030130575 3.7646264795435416  3.1391351811825663 3.7646229766217894  3.1393673202945598 3.7646214267155957  3.1395994593614791 3.7646200783655845  3.1400557327319514 3.7646178243231638  3.1402798670379215 3.7646169049701204  3.1405040013191035 3.7646161735137316  3.1409647571519295 3.7646150561111549  3.1412013787017075 3.7646146916849812  3.141438000243244 3.7646145366760395  3.1419717565534473 3.7646146594068028  3.1422688913230994 3.7646150579548885  3.1425660261151926 3.7646157867285153  3.1431602960909162 3.7646179047261317  3.1434574312745474 3.7646192939508096  3.1437545665200588 3.7646210133999505  3.1443488377844568 3.7646251127479555  3.1446459738033434 3.7646274926481786  3.144943109923553 3.7646302027708267  3.1455373833151299 3.764636283465256  3.1458345205864986 3.7646396540390588  3.1461316579986343 3.7646433548322848  3.1467259343579195 3.7646514168673999  3.1470230733050699 3.7646557781119845  3.1473202124324349 3.7646604695720414  3.1479042463351665 3.7646703397779078  3.1481911410969841 3.764675496146237  3.148478036062945 3.7646809603446787  3.1490210894232384 3.7646918859970371  3.1492772477725701 3.7646972850253859  3.1495334063114422 3.7647029294506753  3.1497895650524872 3.7647088192692841 
 0 5 0.056640325863140578 3 0.11328075949247712 3 0.16796816406218029 3 0.22460876938028818 3 0.27929631404053601 3 0.3359370378583571 3 0.39257780155213573 3 0.44726546038762521 3 0.50499995979690482 3 0.57749938985243654 3 0.64999889486756013 3 0.72249854876146369 3 0.79499842446367053 3 0.86749859638343152 3 0.93749911173155998 3 1 5
7 0 0  4 50 17  7.4229655384252755 0.60000059999999966  7.4229646633886555 0.59858459763524297  7.422963821393231 0.59716859269066092  7.4229630124390722 0.59575258531237296  7.4229614606119103 0.59292056328646259  7.4229607177390351 0.59150454863883117  7.4229600079076592 0.59008853184972121  7.4229586776645213 0.5873053202811882  7.42295805501342 0.58593812563699621  7.4229574631645745 0.58457092926420184  7.422956321033281 0.58178770284658854  7.4229557729903757 0.58037167268565104  7.4229552579893534 0.57895564095763696  7.4229543106898781 0.57617240179736784  7.4229538761520324 0.57480519446141642  7.4229534724167436 0.57343798593234119  7.4229527132319406 0.5706547365229494  7.4229523600219585 0.56923869556544848  7.4229520398541249 0.56782265361528927  7.4229514656025808 0.56499056702498884  7.4229512115189191 0.56357452238484351  7.4229509904774869 0.56215847704429778  7.4229506209617631 0.55937521380031097  7.4229504702480122 0.55800799593443784  7.42295035033706 0.55664077768338227  7.422950167156241 0.55383016815345565  7.4229501074142492 0.55238677684551218  7.4229500820029468 0.55094338540966104  7.4229501021227442 0.5476874719283612  7.422950167458497 0.54587494989843111  7.4229502869295914 0.54406242821720796  7.4229506341425964 0.54043738429104859  7.4229508618846181 0.53862486204611049  7.4229511437620515 0.53681234076277329  7.4229518157883465 0.53318729701014489  7.4229522059374293 0.53137477454086002  7.4229526502220686 0.52956225364606635  7.422953647063852 0.5259372100730576  7.4229541996213291 0.52412468739485407  7.4229548063145723 0.52231216690404092  7.4229561279751293 0.5186871235045607  7.4229568429428845 0.5168746005959135  7.42295761204669 0.51506208048756874  7.4229592301425917 0.51149953833665807  7.4229600754660474 0.50974951608355712  7.422960971256729 0.50799949700249369  7.4229627623933494 0.50468695670766017  7.4229636475047984 0.50312443479467661  7.4229645728488034 0.50156191582668463  7.4229655384252755 0.49999939999999821 
 0 5 0.056640325863140578 3 0.11328075949247712 3 0.16796816406218029 3 0.22460876938028818 3 0.27929631404053601 3 0.3359370378583571 3 0.39257780155213573 3 0.44726546038762521 3 0.50499995979690482 3 0.57749938985243654 3 0.64999889486756013 3 0.72249854876146369 3 0.79499842446367053 3 0.86749859638343152 3 0.93749911173155998 3 1 5
7 0 0  8 9 2  2.560209548647701 1.4185621764039933  2.6424204691805393 1.647381092918488  2.7200667942173213 1.9015038163067228  2.7942442706881812 2.1774029691622356  2.865605457587912 2.4711231507039986  2.9347190968450589 2.7791287159786586  3.0020605363028117 3.0985990747887922  3.0681103264208236 3.4275112619040677  3.1333958404910622 3.7647088170076355 
 0 9 1 9
7 0 0  8 9 2  7.4171691296469318 4.1704316323373583  7.4044932301862536 3.640794008566453  7.3975950358851623 3.1078643057685498  7.3950974860358478 2.5763759153602774  7.3960583592369105 2.0489989687931565  7.3997636136038647 1.5273464152844138  7.4057067627440851 1.0121177628271936  7.413519411574832 0.50326779444067749  7.4229655380545001 -4.9835069492158811e-15 
 0 9 1 9
7 0 0  6 17 4  2.5602094309497194 1.4185623604941853  2.5796380277381656 1.3881742932504899  2.598978758991898 1.3584347141837314  2.6182399588909511 1.3294108612564826  2.6374293608574733 1.3011675666678653  2.656554097555738 1.2737672568535476  2.7472050288589802 1.1477875385163623  2.8181130878639249 1.060834977900688  2.888501931461295 0.98993468265180429  2.9585543680490365 0.93779815965287372  3.0284639163853013 0.90606802101980177  3.1206885747602739 0.89184374626628182  3.1429225504835649 0.89052942603446628  3.1651556067694382 0.89134408929761699  3.1873906910918728 0.89428731902988323  3.2096308643791303 0.89934481471463779  3.2318793010137479 0.9064883923444782 
 0 7 0.16814143683067076 5 0.79941757692446136 5 1 7
7 0 0  6 17 4  7.4171691657586711 -6.0000000000000008e-07  7.411208141884873 0.099042369489372437  7.4054656434764627 0.19915459495404539  7.3999419626475529 0.30028630664888695  7.3946377187849146 0.40238921172733649  7.389553858547969 0.50541649424140511  7.3664368306602031 0.99943237067810275  7.3512698382713833 1.4027096477344319  7.3393257639026936 1.8158134716530894  7.3307111207449331 2.2358883249561408  7.3254982064399856 2.6603935636459872  7.3231641863993513 3.2224405285120454  7.3229491701071456 3.3580976644439935  7.3230826392265627 3.4937846551977656  7.3235645718485891 3.6293987734750313  7.3243942145124112 3.7648379152961176  7.3255700822054077 3.9000005999999998 
 0 7 0.16814143683067076 5 0.79941757692446136 5 1 7
1 3.2318792022508234 6.7447762031354322e-16 0 1 
7 0 0  6 12 3  3.2318791034879015 1.0221195269774608  3.2928336550572586 1.041475831388462  3.3537798518571198 1.0762973139396192  3.4148707362851649 1.1259795559105998  3.4762444812487203 1.1893171919427279  3.5380327160050262 1.2645380828107124  3.6206052159661861 1.3769819146511804  3.6409167511325644 1.4055826803649982  3.6613007675721327 1.4351426527999482  3.6817660354105328 1.4655887032795123  3.7023214188621019 1.4968436082020444  3.7229758762298668 1.5288260490407755 
 0 7 0.75478845935798278 5 1 7
7 0 0  6 12 3  7.3303681871216915 -5.3000005999999997  7.3335543291061516 -4.9296922894580018  7.3393072087854199 -4.5618869152688912  7.3475911655049106 -4.1981301149258643  7.3583559475030365 -3.8400679772324695  7.3715361138171192 -3.4895403730469363  7.3920953505791855 -3.0379298192246638  7.3973852242014493 -2.9281699014055298  7.4029223779366777 -2.8194395285670066  7.4087057979697342 -2.7117933964223506  7.4147346880587959 -2.6052915532712859  7.4210084695353569 -2.4999993999999996 
 0 7 0.75478845935798278 5 1 7
7 0 0  7 50 9  3.7229757585318848 1.5288258667910792  3.7314415556580016 1.5419347482223293  3.7399688138269087 1.5542750272492734  3.7485534778507237 1.5658383989977351  3.7571913941273851 1.5766180937235874  3.7658783106406468 1.5866088768127511  3.7746098769600782 1.5958070487811977  3.8144613882760745 1.633984993970095  3.8460545532181647 1.6537899376179801  3.8779445730455322 1.6635028133026672  3.9099409959877214 1.6633145494439103  3.9418732689076035 1.6535994156443772  3.9735849109117671 1.6348312289654816  4.0342531889081883 1.5820171954737596  4.0632624491050988 1.549026079958576  4.091861702988882 1.5089829527950334  4.1199666716690002 1.4622859881503962  4.1474988486563538 1.4092983276540367  4.1743776495692035 1.3502914807653197  4.2188287398002862 1.239829351984955  4.2367749705638635 1.1914040909604335  4.254319857439123 1.1401022535834426  4.2714207119672594 1.0859178180816798  4.2880200152605301 1.0288183087287381  4.3040400248301909 0.96871985657295012  4.3239283301955806 0.88662636859383093  4.3284237177901028 0.86753813025747128  4.3328549516462607 0.848165682105393  4.3372186334833405 0.82850460589742714  4.341510956985557 0.80855023396439607  4.3457277078020544 0.78829764920811385  4.3550567457721865 0.74193846018883136  4.3601226691670245 0.71565800734276164  4.3650530272657306 0.68888944128222407  4.3698372461753445 0.66162288574434192  4.3744633041209431 0.63384984848320902  4.3789178509909679 0.60556359626878531  4.3916864341661652 0.51940004736422352  4.3994559098939954 0.45993903592489466  4.4063689378880877 0.39839192418581698  4.4122832391279276 0.33485231638663415  4.4170502551667932 0.26951078209914286  4.4205622273164149 0.20272078128332072  4.423434368281125 0.11593211471798551  4.4239660623983541 0.096711476010053352  4.4243952808190201 0.077434309546702634  4.4247221908308187 0.058112702803602367  4.4249474952751031 0.038758562212921913  4.4250724325468829 0.019383613163330989  4.4250987765948304 -6.0000000033306699e-07 
 0 8 0.071656501089551267 6 0.3255466968695615 6 0.56308998720177728 6 0.72962582784121355 6 0.77911977693310508 6 0.84124790157848084 6 0.96496783168521771 6 1 8
7 0 0  7 50 9  7.4210084337846549 0  7.4235799151658135 0.017262754700139455  7.4261720770538631 0.034538782785803766  7.4287850143011758 0.051823291043895617  7.4314187551383712 0.069111492602330876  7.4340732611743086 0.08639860693003866  7.4367484273960898 0.10367985983696133  7.4489952088310911 0.18214300543357115  7.4588061449973244 0.24321908598543907  7.4688632550705911 0.3039283608264548  7.4791521158392777 0.36410198766035379  7.4896525153967479 0.42361886063150722  7.5003353727010209 0.48238828140508977  7.5212907297378582 0.59457804364321454  7.5315476385021984 0.64811172324406796  7.5419097822392684 0.7009481679380889  7.5523487446434592 0.75311675351416629  7.5628301508446238 0.80466989264629674  7.5733100190076401 0.85569430051281081  7.5910309902909869 0.94184957234284306  7.5983012937558669 0.97716032023640798  7.6055192974422745 1.0123350333392349  7.6126569220387914 1.0474322675064227  7.6196764540433044 1.0825130512674603  7.6265258723379397 1.1176527061748052  7.635092982079053 1.1634527070843397  7.6370339505492586 1.1739597782352404  7.6389510897698365 1.1844832598218538  7.6408421147626084 1.1950255743801392  7.6427044680014964 1.2055891243328769  7.6445353194125198 1.2161762919896664  7.6485863360406317 1.240111774224504  7.6507864822467297 1.2534746341220804  7.6529259016168627 1.2668830760070726  7.6549975096857317 1.2803412505292167  7.6569932642727592 1.2938523685429677  7.6589041888568818 1.3074186674298962  7.6643371317866515 1.348169199765556  7.6675813606824104 1.3755434884129178  7.6703701927657333 1.403147171332038  7.6726083252137292 1.4309310734524632  7.6741924253216247 1.4588128783777312  7.6750398544167524 1.4866577558077521  7.6751504319264843 1.5220708673106809  7.675113791738239 1.5298661521397101  7.6750155454046158 1.5376378580021712  7.6748554618273959 1.5453820026799465  7.6746336433894671 1.5530947977578329  7.6743505259548144 1.560772648623546  7.6740068788685241 1.5684121544677168 
 0 8 0.071656501089551267 6 0.3255466968695615 6 0.56308998720177728 6 0.72962582784121355 6 0.77911977693310508 6 0.84124790157848084 6 0.96496783168521771 6 1 8
7 0 0  6 12 3  4.2901146467443487 0.60000000000000153  4.2901146467443487 0.71572481931410437  4.2933236849491045 0.83140766585177417  4.2997382297718332 0.94429529980029736  4.3092848189535848 1.0515447858819564  4.3218013279446597 1.1500657002163697  4.3508809664904602 1.3151000979747014  4.3671300258227008 1.3844730427438718  4.3854477668214553 1.4404349687956159  4.405294415099493 1.4797184510052066  4.4260368117878448 1.5000000000000018  4.446989189941382 1.5000000000000018 
 0 7 0.52310551027028651 5 1 7
7 0 0  6 12 3  0 0.98582890270257995  0.12858313257122533 0.98582890270257995  0.25712006825238448 0.97780609370402738  0.3863751596809335 0.96177077556298896  0.51701478904398057 0.93833121617671478  0.64974302277771667 0.9087632704577987  0.90906956007539164 0.84372968013534777  1.0364322027948814 0.8087010614244291  1.1665343533531971 0.77120405785681223  1.2990299691609821 0.73338677478587067  1.4337578780696518 0.69709874394108606  1.5707963267948966 0.66357493889542685 
 0 7 0.52310551027028651 5 1 7
1 0 1.5 1 0 
7 0 0  6 12 3  5.2265485775157057 0.60000000000000109  5.2265485775157057 0.73462779896646591  5.2219987520915359 0.86893242803001214  5.2129392857664314 0.99841126421068327  5.1995990348132359 1.1185513436969958  5.182426051642314 1.2244589606759821  5.1484289237859482 1.3693282977550632  5.1332600430044417 1.4192165789581488  5.1168445757650591 1.4586695256156714  5.0995386945908701 1.4859983583265055  5.0817350803749184 1.5000000000000013  5.0638419180966618 1.5000000000000013 
 0 7 0.59833607449189563 5 1 7
7 0 0  6 12 3  0 1.2386913100442021  0.14958644329607207 1.2386913100442021  0.29881436149917762 1.2250419171403177  0.44870211028083751 1.1978633119835571  0.6001273831880779 1.1586667485484012  0.75392267174312666 1.110403046469868  1.0165496542986343 1.0202557064511031  1.1242050170492326 0.98126317359622006  1.2335952261842809 0.94071595592187207  1.344537471921597 0.90003497448076153  1.456933617569897 0.86044721547379832  1.5707963267948966 0.82287157468945882 
 0 7 0.59833607449189563 5 1 7
7 0 0  7 50 9  5.701802202237495 1.5288258667910792  5.693336405111376 1.5419347482223313  5.684809146942472 1.5542750272492742  5.6762244829186574 1.5658383989977354  5.6675865666419947 1.5766180937235872  5.6588996501287321 1.586608876812752  5.6501680838092989 1.5958070487811988  5.6103165724932893 1.6339849939701092  5.5787234075512373 1.6537899376179526  5.5468333877238436 1.6635028133026757  5.5148369647816411 1.6633145494439279  5.4829046918617834 1.6535994156443632  5.4511930498576202 1.6348312289654892  5.3905247718612133 1.5820171954737812  5.3615155116642308 1.5490260799584878  5.3329162577805223 1.5089829527951053  5.3048112891004111 1.4622859881504537  5.2772791121129847 1.4092983276539321  5.2504003112001927 1.3502914807653625  5.2059492209690879 1.2398293519849422  5.18800299020553 1.1914040909604295  5.1704581033302519 1.1401022535834702  5.1533572488021111 1.0859178180816946  5.136757945508859 1.0288183087287199  5.1207379359391902 0.96871985657295867  5.1008496305738023 0.88662636859384036  5.0963542429792765 0.86753813025747939  5.0919230091231187 0.84816568210539933  5.0875593272860398 0.82850460589743324  5.083267003783825 0.80855023396440373  5.0790502529673276 0.78829764920812351  5.0697212149971955 0.7419384601888499  5.0646552916023539 0.71565800734276064  5.0597249335036469 0.68888944128222296  5.0549407145940375 0.66162288574435468  5.0503146566484398 0.63384984848322534  5.0458601097784115 0.60556359626878498  5.033091526603223 0.51940004736428191  5.0253220508753991 0.45993903592463259  5.0184090228812321 0.39839192418637343  5.012494721641513 0.3348523163860489  5.0077277056025666 0.26951078209949786  5.0042157334529609 0.20272078128323706  5.0013435924882543 0.11593211471799239  5.0008118983710261 0.096711476010059555  5.0003826799503601 0.077434309546708255  5.0000557699385615 0.058112702803606808  4.9998304654942771 0.038758562212924549  4.9997055282224965 0.019383613163331759  4.9996791841745472 -6.0000000033306699e-07 
 0 8 0.07165650108957769 6 0.32554669686983873 6 0.5630899872020545 6 0.72962582784144936 6 0.77911977693332413 6 0.84124790157865736 6 0.96496783168522238 6 1 8
7 0 0  7 50 9  2.0037695269847244 0  2.001198045603565 0.017262754700142279  1.998605883715517 0.034538782785804176  1.9959929464682038 0.051823291043893431  1.9933592056310085 0.069111492602328503  1.9907046995950708 0.086398606930038632  1.98802953337329 0.10367985983696375  1.9757827519382831 0.18214300543360085  1.9659718157720587 0.24321908598538361  1.9559147056987893 0.30392836082646962  1.9456258449300994 0.36410198766039675  1.9351254453726316 0.4236188606314843  1.9244425880683609 0.48238828140507717  1.9034872310315285 0.59457804364317257  1.8932303222671618 0.64811172324413835  1.8828681785301222 0.70094816793805614  1.8724292161259324 0.75311675351412621  1.8619478099247377 0.80466989264635835  1.8514679417617457 0.85569430051277817  1.8337469704783904 0.94184957234285405  1.8264766670135135 0.97716032023639043  1.8192586633271068 1.0123350333392318  1.8121210387305884 1.0474322675064287  1.8051015067260749 1.0825130512674528  1.7982520884314397 1.1176527061748005  1.7896849786903277 1.1634527070843348  1.7877440102201212 1.1739597782352362  1.7858268709995433 1.18448325982185  1.7839358460067716 1.1950255743801359  1.7820734927678836 1.2055891243328734  1.7802426413568602 1.2161762919896622  1.7761916247287495 1.2401117742244954  1.7739914785226496 1.2534746341220804  1.7718520591525162 1.2668830760070731  1.7697804510836481 1.2803412505292122  1.7677846964966208 1.2938523685429613  1.7658737719124975 1.3074186674298951  1.7604408289827314 1.3481691997655278  1.7571966000869663 1.3755434884128486  1.754407768003647 1.4031471713322559  1.7521696355556504 1.4309310734522773  1.7505855354477546 1.4588128783777463  1.7497381063526265 1.4866577558077867  1.7496275288428953 1.5220708673106784  1.7496641690311401 1.5298661521397072  1.749762415364764 1.537637858002169  1.7499224989419828 1.5453820026799447  1.7501443173799121 1.5530947977578322  1.7504274348145652 1.5607726486235458  1.7507710819008548 1.568412154467717 
 0 8 0.07165650108957769 6 0.32554669686983873 6 0.5630899872020545 6 0.72962582784144936 6 0.77911977693332413 6 0.84124790157865736 6 0.96496783168522238 6 1 8
7 0 0  6 12 3  5.7018020845395148 1.5288260490407755  5.7224433622742268 1.4968640162344053  5.7429856915918682 1.4656285924438037  5.763438014223869 1.4352009398513379  5.7838091780247964 1.4056581361376803  5.8041079369723461 1.3770731744818054  5.8866812568817526 1.2646159780318469  5.9484826489047693 1.1893696484059519  6.0098692666862101 1.1260104357761771  6.0709728403930026 1.0763117623842853  6.1319316485832855 1.0414798506984644  6.1928988572814783 1.0221195269774626 
 0 7 0.24505511244072845 5 1 7
7 0 0  6 12 3  2.003769491234022 -2.4999993999999996  2.0100392694033924 -2.6052243662269277  2.016064468349954 -2.7116574748094213  2.0218445107068157 -2.8192334518551263  2.027378602052901 -2.9278923631751099  2.0326657309129494 -3.037579614283862  2.0532281986549163 -3.4891773590246404  2.0664130976046571 -3.8397714276004948  2.0771816462658954 -4.1979041067140219  2.0854683649458816 -4.5617344236341264  2.0912229700652243 -4.9296153954464028  2.0944097736476879 -5.3000005999999997 
 0 7 0.24505511244072845 5 1 7
1 6.192898758518556 -6.7447762031354322e-16 0 1 
1 6.2831853071795862 0.59999999999999964 1 0 
1 0 0 1 0 
1 8.5049120720776461 0 0 1 
1 6.0460703158453084 -10.5 0 -1 
7 0 0  4 23 8  8.2850131785715195 0.55000000000000071  8.2850131785715195 0.55181252201478326  8.2850131244361815 0.55362504402956547  8.2850130161655073 0.55543756573790548  8.2850126913533657 0.55906260967624277  8.285012474811797 0.56087513190623894  8.2850122041348211 0.56268765321690473  8.2850115657099632 0.56625019608100335  8.28501120163099 0.56800021771751064  8.2850107870855894 0.56975023793549406  8.2850098404530854 0.57331278094291305  8.2850093046965547 0.57512530360915337  8.2850087148042757 0.57693782415140338  8.285007426745846 0.58056286756610409  8.2850067285792619 0.58237539043853492  8.2850059762766595 0.58418791057406705  8.2850043633955899 0.58781295381523591  8.2850035028165792 0.58962547692084177  8.2850025881012073 0.59143799667662789  8.2850007172089981 0.59493803958351066  8.2849997682410859 0.59662556322148519  8.2849987723459488 0.59831308344275425  8.2849977295236901 0.60000059999999966 
 0 5 0.14499885516954203 3 0.28999785013080487 3 0.42999715069554001 3 0.57499685016073609 3 0.71999712490394918 3 0.86499812418468802 3 1 5
7 0 0  4 23 8  0 3.764614581660485  0.00029713475652173187 3.764614581660485  0.00059426951304341875 3.7646149118860506  0.00089140428928530658 3.7646155723371577  0.0014856742071136571 3.7646175536898188  0.0017828093487002202 3.7646188745919975  0.0020799445494474956 3.7646205257187528  0.0026639696198100756 3.7646244200993806  0.0029508594840794195 3.7646266409730931  0.0032377494396342689 3.764629169688158  0.0038217765111782666 3.7646349441105671  0.004118913635095727 3.7646382122010147  0.0044160508956989919 3.764641810511264  0.0050103269085992677 3.7646496675804189  0.0053074656608974253 3.7646539263419472  0.005604604589328448 3.7646585153194043  0.0061988843226501418 3.7646683537225898  0.0064960251275427063 3.7646736031516221  0.0067931661480190846 3.7646791827917507  0.0073669580966432939 3.7646905949473659  0.0076436089934566005 3.7646963834917195  0.0079202601101656615 3.7647024582672071  0.0081969114626917559 3.7647088192692859 
 0 5 0.14499885516954203 3 0.28999785013080487 3 0.42999715069554001 3 0.57499685016073609 3 0.71999712490394918 3 0.86499812418468802 3 1 5
1 0 -0.45000000000000001 1 0 
1 0 0 1 0 
1 0 0 0 -1 
1 6.2831853071795862 0 0 -1 
7 0 0  8 65 10  4.9312303685612475 -11.099999999999998  4.9614539932515624 -11.185137393415603  4.9926458872436585 -11.268722446403606  5.0250381406232485 -11.350739094511871  5.0588607696596668 -11.430889729848266  5.0943352099182091 -11.508621083194706  5.1317404818308248 -11.58302180191142  5.1713755707602171 -11.652895369571729  5.2271223046414761 -11.736163597630943  5.2406596266512055 -11.755342156425565  5.2544754474868647 -11.773811915939508  5.2685802570671401 -11.791497145788023  5.2829815773328468 -11.808309856648311  5.2976835760218206 -11.824151335717033  5.3126863650806806 -11.838914562969245  5.3346752652610459 -11.858423130730131  5.3414216423084397 -11.864130694076991  5.3482234019874095 -11.869600663848022  5.3550795166910712 -11.874823256855416  5.3619886145662639 -11.879788582710191  5.3689489500059473 -11.884486785397566  5.3759583741415993 -11.888908184852262  5.3957888066930684 -11.900530105524759  5.4087183807539194 -11.907080306159166  5.4217845319015812 -11.912636178133811  5.4349661949544172 -11.917145881818392  5.4482393887440193 -11.920566383160732  5.4615768696935492 -11.92286625659195  5.4749477853960506 -11.924028487931608  5.5001800342691167 -11.924075272727656  5.5120444342777466 -11.923201798793594  5.5238865709620146 -11.921432392818792  5.5356847162002989 -11.918777187906217  5.5474191950643226 -11.915255470820357  5.5590722098774608 -11.910894239873899  5.5706276642730526 -11.90572676281443  5.5878700250347482 -11.896783185735735  5.5936406532354814 -11.893577709161731  5.5993812439917585 -11.890179614862264  5.6050903466862048 -11.886593913108756  5.6107666879472307 -11.882825714570888  5.616409171649031 -11.878880230316588  5.6220168789115847 -11.874762771812025  5.6388169844221183 -11.861846483343367  5.6499001856305764 -11.852537990101487  5.6608332398012626 -11.842596368327481  5.6716127974346575 -11.832064225799185  5.682237382127572 -11.820982846634703  5.6927071812441872 -11.809391356986323  5.7030238365871115 -11.797325890734436  5.7540459996000308 -11.734556257006039  5.7923390034917688 -11.67732987862737  5.8285058274488293 -11.615059782046536  5.8627909262509013 -11.549057545554883  5.8954287529508314 -11.480321262376989  5.926627556615653 -11.409489437272475  5.9566114097763236 -11.336910874278406  5.993424911387252 -11.242638666833994  6.0011538012421619 -11.222542193672494  6.0088089385232006 -11.202343729548964  6.0163930987952812 -11.182048798358871  6.0239089100448355 -11.161662498830765  6.0313588526798005 -11.141189504526274  6.0387452595296338 -11.120634063840093  6.0460703158453066 -11.099999999999996 
 0 9 0.29458407063809716 7 0.38663411323602498 7 0.42688877388415425 7 0.49976834186116442 7 0.56443389602608396 7 0.59720392204603423 7 0.66323526045165671 7 0.92859578301663082 7 1 9
7 0 0  8 65 10  2.4723886123289107 -1.4056045241378131e-15  2.4668476528700567 0.10759384199854108  2.4609164572595725 0.21322588714153506  2.4545373310565575 0.31687583370167421  2.4476461100967857 0.41816757459861248  2.440176123901646 0.51640190636201333  2.4320450910041522 0.6104270914545904  2.4231674015384592 0.69873101170751228  2.4103348430416656 0.80396266390958193  2.4071946076922655 0.82819989671557126  2.4039659275414569 0.85154137226665616  2.4006461621270385 0.87389138498949581  2.3972335350327287 0.89513873686740808  2.3937273224788393 0.91515867790111882  2.3901281173774804 0.93381595969747899  2.3848245071798289 0.95847024699796302  2.383193607249976 0.96568327812684329  2.3815457294897793 0.97259604629685747  2.3798812272768188 0.97919618783650919  2.378200555264987 0.98547120359700402  2.3765042777102647 0.99140863787050637  2.3747930767964909 0.99699625730840036  2.3699441407223745 1.0116836590056997  2.3667736168481155 1.019961587467491  2.3635617349775782 1.026982916021514  2.3603149290606598 1.0326821314453407  2.3570405523235047 1.0370048487170189  2.3537469082340898 1.039911353234569  2.3504432814677982 1.0413801430354808  2.3442089616586048 1.0414392681243829  2.3412775083741986 1.0403354004502434  2.3383527086482769 1.0380992832842584  2.3354410967529229 1.0347437225091884  2.3325486515704283 1.0302930921046374  2.3296808065599097 1.0247815116515959  2.3268424597239226 1.0182510238369877  2.3226167824803623 1.0069484248202523  2.321204185758666 1.0028974487896662  2.3198006980288453 0.99860304880294748  2.3184067720836357 0.9940715566765983  2.3170228088896585 0.98930943110712954  2.315649157587421 0.98432325767106121  2.3142861154913184 0.97911974882492192  2.3102092813696582 0.96279656761216414  2.3075288296450789 0.95103279953175945  2.3048944328047285 0.93846890440356223  2.3023073092574555 0.92515872853802106  2.2997681071674894 0.91115444544787849  2.2972769756898108 0.89650550147954255  2.2948336362055244 0.88125756144445921  2.2828079004531112 0.80193135961078077  2.2739720196873718 0.72961054185454755  2.2658277020471425 0.65091563866522484  2.2583078616760166 0.56750417961109845  2.251344111950607 0.48063752214283278  2.244874619441902 0.39112258759823432  2.2388374897412744 0.2994001830713221  2.2316496911845505 0.18026206307846665  2.2301538691870411 0.15486480023872562  2.2286854080877787 0.1293386445704181  2.2272435028257673 0.10369057699124389  2.2258273890819469 0.077927041106906431  2.2244363432791934 0.052053943211112487  2.2230696825823166 0.026076652285572405  2.2217267648980594 0 
 0 9 0.29458407063809716 7 0.38663411323602498 7 0.42688877388415425 7 0.49976834186116442 7 0.56443389602608396 7 0.59720392204603423 7 0.66323526045165671 7 0.92859578301663082 7 1 9
1 4.9312303685612475 -10.5 0 -1 
1 8.7555739195084961 0 0 1 
1 10.093982002030263 0 0 1 
1 1.3519549386183387 -10.5 0 -1 
1 0 -0.45000000000000001 1 0 
1 0 0 1 0 
1 0 0 0 -1 
1 6.2831853071795862 0 0 -1 
7 0 0  8 65 10  0.23711499133428013 -11.100000000000005  0.26760466131058813 -11.18588682047514  0.2990764586107455 -11.270184605015432  0.33177106253385713 -11.352885625117642  0.36592643824276549 -11.433685948000891  0.4017701595740325 -11.512014610684144  0.43959010635676893 -11.58692308592202  0.47969197390301177 -11.657167381029382  0.535796662847559 -11.740106094841298  0.5491427271999233 -11.75882046260767  0.56275897071684744 -11.776839920684615  0.57665511583492279 -11.794091469809308  0.59083801267897751 -11.810490659822795  0.60531126219555953 -11.825943079277316  0.6200745420435182 -11.840346679350112  0.64177353027987816 -11.859450340923628  0.64847961080497474 -11.865079663100547  0.65524014298307687 -11.870473545329107  0.66205408462771831 -11.875622402466663  0.6689200566042901 -11.880516555522695  0.67583631423446777 -11.885146369688282  0.68280071870063941 -11.889502392365515  0.70235032071610615 -11.900861533244088  0.71503819024573456 -11.907243604868793  0.72785677231853219 -11.912667387584378  0.7407861193550046 -11.91708419069877  0.75380356478826538 -11.920453507926851  0.7668834069354592 -11.922745574002722  0.77999659286918055 -11.923943921291983  0.80502391541654006 -11.924142431097611  0.81694069088129506 -11.923333795054891  0.82883642607645602 -11.921620965582758  0.84068905308313735 -11.919013694212214  0.85247856156916946 -11.915531094088591  0.86418682168800132 -11.911200187361802  0.87579740697759922 -11.906054452576583  0.89310111878023513 -11.897142130185767  0.89887851437302846 -11.893953690201672  0.90462595908229038 -11.890571955972385  0.91034198603350613 -11.887001935490597  0.91602530643308278 -11.883248740879697  0.92167480956835035 -11.879317588393786  0.92728956280756092 -11.875213798417688  0.9440223799998505 -11.862404562934103  0.95503357256305144 -11.853198105641191  0.96589697303880206 -11.843365607985517  0.97660920921401639 -11.832948816455758  0.9871687482656829 -11.821988222107906  0.99757569211333297 -11.810522243041147  1.0078315727715093 -11.798586406873797  1.0412948876356811 -11.757620019483079  1.0638433417404096 -11.726708014867816  1.0856381331439184 -11.69385510288356  1.1067285343818698 -11.659378571513466  1.1271628370760614 -11.623538841988825  1.1469907742543299 -11.586542252949894  1.1662649953123831 -11.548542199992486  1.2080999417100931 -11.461863627348491  1.2303886488731357 -11.412766314524429  1.2519979918256621 -11.36256766273544  1.2729974629661673 -11.3114420858779  1.2934442199077529 -11.259527592189452  1.3133887756736577 -11.206932443167984  1.3328779295532296 -11.153738320357379  1.3519549386183396 -11.099999999999996 
 0 9 0.29722095963169948 7 0.3876552352201551 7 0.42762500859100849 7 0.49912375228649974 7 0.5640782742231969 7 0.59687582419538177 7 0.6624419479841227 7 0.81394667054610959 7 1 9
7 0 0  8 65 10  4.0614585422815264 8.5614093742939487e-15  4.055868808191601 0.10854094330618448  4.0498825353292123 0.21507371517960133  4.0434401359187637 0.3195885485926015  4.0364753131060862 0.42170134327494763  4.0289194540171751 0.5206905349647506  4.0206876230374373 0.61535740607398082  4.0116922168882843 0.7041298395004516  3.99875744443611 0.80894506241760145  3.9956574069624358 0.83259566584550815  3.9924716637911759 0.85536806522782316  3.9891977827510945 0.87717000649340593  3.9858341692684172 0.89789476430461157  3.9823802459605457 0.91742302457409919  3.9788367028090583 0.93562582135079631  3.9736010541702527 0.95976840150826126  3.9719793376512369 0.96688255401591938  3.9703409338200832 0.97369916524837641  3.968686199231533 0.98020612181711331  3.9670155895643209 0.98639119173177225  3.9653296676555918 0.99224219883722775  3.9636291115353157 0.99774719725065542  3.9588479884088748 1.012102506473733  3.9557364112066082 1.0201679590142017  3.9525852568079323 1.0270223575002568  3.9494006177449772 1.0326041682342157  3.9461894416989747 1.0368622007031167  3.942959560071253 1.0397588385413656  3.9397197165542379 1.0412732704933856  3.9335360404724269 1.0415241406669318  3.930591569894816 1.0405022129906878  3.9276533840397132 1.0383375953508795  3.9247281184540914 1.0350426114121498  3.9218218532392748 1.0306414157399237  3.9189401221284039 1.025168158039893  3.9160879215639133 1.018665147397501  3.9118467224031805 1.0074020470289449  3.9104322970910719 1.0033726012812192  3.9090269534796604 0.99909887661395957  3.9076311491460642 0.99458720196385475  3.9062452896035293 0.98984403786457187  3.9048697283014313 0.98487597644675784  3.9035047666252738 0.97968974143803822  3.8994436247783133 0.96350185027233681  3.8967800707495743 0.95186703187351263  3.8941618406906811 0.93944104422257046  3.8915901546867846 0.92627664516100894  3.8890656734050775 0.91242500595570342  3.8865885674718785 0.89793467813881367  3.8841585868497193 0.88285056034768938  3.8762676376954111 0.8310785852456235  3.871012195490775 0.79201300892245186  3.865996629500263 0.75049457760319982  3.861208337932037 0.70692426942165321  3.8566341071567409 0.66163119617801758  3.8522600642772469 0.61487612186996998  3.848071766414122 0.5668529028141972  3.8391209869073393 0.45731136911711534  3.834449468133077 0.39526379746129203  3.8300151284072963 0.33182438978811113  3.8257982102418659 0.26721356465229679  3.8217820529424711 0.20160573233257589  3.8179518601008553 0.1351377101548141  3.8142941222740601 0.067912724571846425  3.810796694850676 0 
 0 9 0.29722095963169948 7 0.3876552352201551 7 0.42762500859100849 7 0.49912375228649974 7 0.5640782742231969 7 0.59687582419538177 7 0.6624419479841227 7 0.81394667054610959 7 1 9
1 0.23711499133427763 -10.5 0 -1 
1 4.0614585422815264 0 0 1 
1 0 0.59999999999999964 1 0 
7 0 0  1 2 2  1.9902431909380511 -13.500000000000002  1.9902431909380511 -8.437694986953979e-16 
 -1.0974171438249413e-14 2 13.499999999999996 2
1 0 0 0 1 
1 13.500000000000007 0 0 1 
7 0 0  1 2 2  9.9536094365728758 -13.5  9.9536094365728758 0 
 -1.0974171438249413e-14 2 13.499999999999996 2
7 0 0  1 2 2  8.8959464849658829 -13.5  8.8959464849658829 0 
 -1.0974171438249413e-14 2 13.499999999999996 2
1 13.500000000000007 0 0 1 
1 0 0 0 1 
7 0 0  1 2 2  4.2929421162415355 -13.500000000000002  4.2929421162415355 -8.437694986953979e-16 
 -1.0974171438249413e-14 2 13.499999999999996 2
7 0 0  7 20 4  1.8595258553072935 1.2084690925716555  1.8582768342841547 1.1895166708114537  1.8567936531594122 1.1708182774300735  1.8550885036808054 1.1524277580354672  1.8531729097670582 1.1343949964888154  1.851057402750754 1.1167678010014812  1.8487511966212187 1.0995937902319648  1.8423419558612935 1.056669958154794  1.8379709345193753 1.0316835569778557  1.8331755126325153 1.0081245755713073  1.8279768068813045 0.98622348974263629  1.8223962623848269 0.96627533780321784  1.8164564263063865 0.9486486166766428  1.8035736938687674 0.91803182195478261  1.796577310787838 0.90531344375146927  1.7892798557673049 0.89621670511606355  1.7817828153649868 0.89127261817449788  1.7742075604932186 0.89082556452402517  1.7667028351045855 0.89481960720732467  1.7594355430193998 0.90273626527732109 
 0 8 0.23604801829596692 6 0.60774848729609865 6 1 8
7 0 0  7 20 4  0 0.86231383662521133  0.051353268066176967 0.87910811430154012  0.10247929851244406 0.89665703092936033  0.15341463720209944 0.91485532355734089  0.20420222865322821 0.93358677459131312  0.2548929167642543 0.95272506592861916  0.30554694553949241 0.97213463309246329  0.43605373011846132 1.0224358945268581  0.51589754654410103 1.0534923525944493  0.59613048923202494 1.0843089480966259  0.67703860536686511 1.1142407899922824  0.75887486425923745 1.1425128528784059  0.84188540420078473 1.1682044929233228  1.0153436051272147 1.2137333566649613  1.106166696698504 1.233225708493642  1.1983729764707274 1.2475039581143736  1.2915671630693144 1.2553649623375405  1.3852588780221804 1.2560268758245694  1.4787366196834679 1.2496980546150853  1.5707963267948966 1.2374378379076532 
 0 8 0.23604801829596692 6 0.60774848729609865 6 1 8
7 0 0  6 7 2  1.8506134356085553 1.0644395997664198  1.855541410744358 1.1496452856167825  1.8609399152112442 1.2345031621194125  1.8667985925812993 1.3190040932817819  1.8731019682579768 1.403187799857522  1.8798237886269382 1.4871008598626823  1.8869159694722057 1.5707963267948966 
 0 7 1 7
1 0 1.5707963267948966 1 0 
7 0 0  8 23 4  4.0558799328685637 0.35626552609944417  4.0619536554369686 0.42063549714017179  4.0691444965779171 0.48285133818286163  4.0773355092640564 0.54278720823220106  4.0864146851270471 0.60040118401861586  4.096279409757603 0.65569641418544355  4.1068402279818512 0.70871776394702934  4.1180265727800407 0.75955990938646367  4.1508801752698101 0.8957773024434581  4.1737677343537074 0.9763612934660133  4.1982252138736085 1.0510962032543496  4.2240681936129114 1.1203139697822275  4.2511258115614741 1.1843262393416709  4.2792669713839819 1.2433263176895117  4.3084158973288567 1.2975204397508147  4.3615855711101768 1.3848296103999289  4.3851428804470229 1.4198287656665503  4.4092133772533577 1.452069244005183  4.4337596264146333 1.4815382301815838  4.4587405521199583 1.5081979896771909  4.4841120584357652 1.5319977755597693  4.50982802198281 1.5528822366229817  4.5358416567165145 1.5707963267948966 
 0 9 0.24051247784117885 7 0.67131178272012437 7 1 9
1 0 0 1 0 
1 0 -2.4999999999999991 1 0 
1 6.2831853071795862 -5.2999999999999998 -1 0 
1 0 3.9000000000000004 1 0 
7 0 0  6 12 3  2.1015970705001941 3.3499999999999996  2.1015970705001941 2.8795299670113974  2.0974071536029908 2.4099959822696744  2.0890577284015306 1.9447255339050973  2.0766333202690799 1.4871615336496147  2.0602768019942004 1.041174523308076  2.035306280958034 0.50708246382816113  2.0302088407186161 0.40371001519409622  2.0248895796792183 0.30126747127534548  2.0193494555727636 0.19980209466436935  2.0135890953162403 0.099362649206511777  2.0076087950107078 -6.0000000000000008e-07 
 0 7 0.80479658860435965 5 1 7
7 0 0  6 12 3  0 0.891943995230152  0.077126234916164285 0.891943995230152  0.15409895562383283 0.91750266084592136  0.23119887983881487 0.96843331950305411  0.30866984083937316 1.0428561769510638  0.3867427232395903 1.1372183879745774  0.48472933106038013 1.2733243039063169  0.5039150746473432 1.3008022772812691  0.52316583355779744 1.3291293071139576  0.54248880643715125 1.3582423758080282  0.56189179872198947 1.388076025986984  0.58138322264007336 1.4185623604941853 
 0 7 0.80479658860435965 5 1 7
1 0 0 1 0 
1 0 4.1704316323373529 1 0 
7 0 0  8 9 2  2.0018124227148797 -1.7250600978054987e-15  2.011258548778454 0.50326777227220176  2.0190711973463764 1.0121177184991821  2.0250143464833958 1.5273463530149722  2.0287196011277748 2.048998895939758  2.0296804748358741 2.5763758419822445  2.0271829255397522 3.1078642436060298  2.0202847314837329 3.6407939709363082  2.0076088311224467 4.1704316323373529 
 0 9 1 9
7 0 0  8 9 2  0.0081968130987309842 3.7647088170076302  0.073482324293203449 3.4275112767573015  0.13953211153331971 3.0985991034297866  0.20687354859918244 2.7791287543426106  0.27598718630619329 2.471123192950111  0.34734837283148517 2.1774030085793368  0.4215258504445436 1.9015038465580139  0.49917217856826329 1.6473811091758157  0.58138310494209233 1.4185621764040022 
 0 9 1 9
1 0 2.0303940504246967 1 0 
1 0 0 1 0 
1 6.2831853071795862 0 0 1 
1 0 0 0 1 
7 0 0  4 23 8  5.1434205249817264 0.54999999999999927  5.1434205249817264 0.55181252201478348  5.1434204708463893 0.5536250440295668  5.1434203625757142 0.55543756573790892  5.1434200377635726 0.55906260967624744  5.1434198212220021 0.5608751319062435  5.1434195505450289 0.56268765321690839  5.1434189009197091 0.56631269698171371  5.1434185219711459 0.56812521943584982  5.1434180888870467 0.56993774035776112  5.1434171144464242 0.57356278394294491  5.1434165730895769 0.57537530660620639  5.1434159775969857 0.5771878271243438  5.1434147007389699 0.58075036951371173  5.1434140230422738 0.58250039155108246  5.1434132948787026 0.5842504110272011  5.1434117654226705 0.58768795168408128  5.1434109676701656 0.58937547306384741  5.1434101229909048 0.59106299155822584  5.1434082737275792 0.5945630359174443  5.1434072619331834 0.59637556130094194  5.1434061960019113 0.59818808276394209  5.143405075933897 0.60000059999999966 
 0 5 0.14499885516972139 3 0.28999785013102153 3 0.43499713268897694 3 0.57999684873566748 3 0.71999712490400203 3 0.85499802904789035 3 1 5
7 0 0  4 23 8  0 3.7646145816604832  0.00029713475652200694 3.7646145816604832  0.00059426951304377416 3.7646149118860417  0.00089140428928586517 3.7646155723371595  0.0014856742071144298 3.7646175536898205  0.0017828093487011144 3.764618874592002  0.0020799445494483213 3.7646205257187404  0.0026742156980548333 3.7646244884219979  0.002971351645914542 3.7646267999998373  0.0032684876923763906 3.7646294418002424  0.0038627609102642856 3.7646353858502546  0.004159898081691025 3.7646386881018388  0.0044570353911639396 3.7646423205730501  0.0050410653338398134 3.7646501093189273  0.0053279579563505729 3.7646542432150998  0.0056148507436915417 3.764658684946248  0.0061783918131201364 3.7646680144655669  0.0064550400824009459 3.7646728806611267  0.0067316885373759627 3.7646780330921414  0.0073054803925316917 3.7646893133213997  0.0076026238236908544 3.7646954850994176  0.0078997675071678167 3.7647019870839324  0.0081969114626918582 3.7647088192692859 
 0 5 0.14499885516972139 3 0.28999785013102153 3 0.43499713268897694 3 0.57999684873566748 3 0.71999712490400203 3 0.85499802904789035 3 1 5
1 0 0 1 0 
1 5.363319418487853 0 0 1 
1 2.9044776622555157 -10.5 0 -1 
7 0 0  6 12 3  0 0.891943995230152  0.077126234916156541 0.891943995230152  0.15409895562385076 0.91750266084592036  0.23119887983879145 0.96843331950303679  0.30866984083938903 1.0428561769510809  0.38674272323960035 1.1372183879745841  0.48472933106038524 1.2733243039063178  0.50391507464734808 1.300802277281276  0.52316583355780122 1.3291293071139665  0.54248880643715269 1.3582423758080315  0.56189179872198836 1.3880760259869784  0.58138322264007236 1.4185623604941799 
 0 7 0.80479658860437164 5 1 7
7 0 0  6 12 3  5.2431897240899872 3.350000000000001  5.2431897240899872 2.8795299670114463  5.2389998071927844 2.4099959822695545  5.2306503819913246 1.9447255339052327  5.2182259738588712 1.4871615336495299  5.2018694555839922 1.0411745233080201  5.1768989345478271 0.50708246382813427  5.1718014943084079 0.40371001519407379  5.1664822332690088 0.30126747127532855  5.1609421091625549 0.19980209466436147  5.1551817489060339 0.099362649206512652  5.1492014486005013 -6.0000000000000008e-07 
 0 7 0.80479658860437164 5 1 7
7 0 0  8 9 2  0.0081968130987309859 3.7647088170076302  0.073482324293172585 3.4275112767574609  0.13953211153343331 3.0985991034294864  0.20687354859900026 2.7791287543427852  0.27598718630636254 2.4711231929501269  0.34734837283136655 2.177403008579363  0.42152585044461843 1.9015038465578828  0.49917217856823282 1.6473811091758988  0.58138310494209222 1.4185621764040004 
 0 9 1 9
7 0 0  8 9 2  5.1434050763046724 -1.7250600978054987e-15  5.1528512023682422 0.50326777227196384  5.1606638509361824 1.0121177185002121  5.1666070000731761 1.5273463530129245  5.1703122547175626 2.0489988959421863  5.1712731284256863 2.5763758419803948  5.1687755791295293 3.1078642436068962  5.1618773850735309 3.6407939709361119  5.1492014847122398 4.1704316323373529 
 0 9 1 9
1 7.4171691296469326 0 -1 -0 
1 7.4171691296469326 4.1704316323373529 -1 -0 
1 5.2408005373735485 3.9000000000000004 1 0 
1 5.2360024220750629 -5.2999999999999998 1 -0 
1 5.1453621805745176 -2.4999999999999991 1 0 
1 5.1453621805745176 0 1 0 
7 0 0  7 20 4  7.709540055599839 0.94431018308177095  7.7026920393098512 0.93884309195996307  7.695695126016183 0.93674604808525941  7.6886743215500601 0.93829568520905215  7.6817389677095971 0.9434688361938911  7.6749788016717249 0.95200949387611922  7.668468329690115 0.96355102206759391  7.6559963521140828 0.99196567324767881  7.650035784630302 1.0089121559930831  7.6444217577814175 1.0281577702332541  7.639182028472348 1.0493683144063228  7.6343409803990614 1.0722606139699598  7.629923606362162 1.0966116273341335  7.6230795237172559 1.1408695456842242  7.6204402814455179 1.1601589854691592  7.6180528453058161 1.1800457599845113  7.6159316644757133 1.2004579853687469  7.6140930488715881 1.221322392162826  7.6125544878579463 1.2425609622237985  7.6113339689567452 1.2640875656383994 
 0 8 0.36420094787343482 6 0.73253460305836637 6 1 8
7 0 0  7 20 4  1.570796326794897 1.174768285910595  1.4853275497453124 1.1827816997904859  1.3990414682023995 1.185926074815471  1.3127414891310731 1.1836388644237934  1.2269092218416915 1.1759220385253242  1.1418699448379492 1.1633468763831514  1.0578637347060049 1.1467363449205887  0.8913686800238142 1.1070304716858543  0.80882559350316652 1.0838434427130965  0.72730123793698842 1.0582754745454965  0.64659588739763418 1.0311578344896919  0.56649004857674701 1.0032271578004723  0.48673642674878098 0.97509939659380573  0.34913266301928175 0.92711773361520522  0.29129115999031552 0.9071165689471099  0.23340029054590508 0.88750788042922935  0.17538220354930362 0.86848787308084419  0.11717397864695001 0.85023707199725007  0.058725944997357109 0.83291734455530853  0 0.81666892261899904 
 0 8 0.36420094787343482 6 0.73253460305836637 6 1 8
7 0 0  6 7 2  7.6189438995869265 1.1217985376297559  7.6151629451884446 1.1970581784082903  7.6110792921095838 1.2721344404448687  7.606699642730038 1.3470231144674367  7.602034219323067 1.4217458894997819  7.5970997762514854 1.49632893358764  7.5919251653942288 1.5707963267948966 
 0 7 1 7
1 4.8889363040528639 1.5707963267948966 1 0 
7 0 0  8 23 4  5.3688980279008156 0.35626552609944578  5.3628243053325422 0.42063549713878273  5.3556334641916514 0.4828513381809808  5.3474424515058807 0.5427872082284978  5.3383632756430011 0.60040118401427711  5.32849855101259 0.65569641418066715  5.3179377327887991 0.70871776394079955  5.3067513879907686 0.75955990937995121  5.2738977855014699 0.89577730243661791  5.2510102264186367 0.97636129345585954  5.2265527468970934 1.0510962032518583  5.2007097671615341 1.1203139697679441  5.173652149209266 1.1843262393391352  5.1455109893902788 1.2433263176794465  5.1163620634442388 1.2975204397439017  5.0631923896631443 1.3848296103940758  5.0396350803258585 1.4198287656618551  5.0155645835189704 1.4520692440016412  4.9910183343571166 1.4815382301790696  4.9660374086512489 1.5081979896754858  4.9406659023348807 1.5319977755587229  4.9149499387871742 1.5528822366225656  4.8889363040528631 1.5707963267948966 
 0 9 0.24051247783400739 7 0.671311782708788 7 1 9
1 13.500000000000007 0 0 1 
7 0 0  1 2 2  9.0236046997839452 -13.500000000000002  9.0236046997839452 -8.437694986953979e-16 
 -1.0974171438249413e-14 2 13.499999999999996 2
7 0 0  1 2 2  5.1318358445278438 -13.500000000000002  5.1318358445278438 -8.437694986953979e-16 
 -1.0974171438249413e-14 2 13.499999999999996 2
1 13.500000000000007 0 0 1 
1 0 0 0 1 
7 0 0  1 2 2  6.8120167829830827 -13.5  6.8120167829830827 0 
 -1.0974171438249413e-14 2 13.499999999999996 2
7 0 0  1 2 2  5.7543538313760898 -13.5  5.7543538313760898 0 
 -1.0974171438249413e-14 2 13.499999999999996 2
1 13.500000000000007 0 0 1 
1 0 0 0 1 
7 0 0  1 2 2  7.4345347698313287 -13.500000000000002  7.4345347698313287 -8.437694986953979e-16 
 -1.0974171438249413e-14 2 13.499999999999996 2
1 0 -0.45000000000000001 1 0 
1 0 0 1 0 
1 0 0 0 -1 
1 6.2831853071795862 0 0 -1 
7 0 0  8 65 10  1.7896377149714551 -11.100000000000001  1.8200311163804759 -11.185615640066741  1.8514016391695693 -11.269655623788998  1.8839868208707116 -11.352109127182096  1.9180217221113891 -11.432674506446682  1.9537316838549081 -11.51078724596174  1.9914013548676581 -11.585512427243604  2.0313340074915236 -11.655623412176858  2.0872942233727394 -11.738660963947073  2.1006944349413308 -11.757522684288443  2.114367208516938 -11.775686075168919  2.1283225086045889 -11.793077408805104  2.142567407681911 -11.809611273429738  2.157105708396406 -11.825192069428104  2.1719372643553707 -11.839716349607942  2.1936487412515357 -11.858900403833506  2.200294806830609 -11.864503045688934  2.2069944976007476 -11.869874816745154  2.2137468176835702 -11.875006376331116  2.2205504466084154 -11.879888286893154  2.2274037119535173 -11.884511145359394  2.2343045619871802 -11.888865714504137  2.2541227945587319 -11.900499164554535  2.2671527790504387 -11.907104744986126  2.280321543959118 -11.912700503543455  2.2936075088429901 -11.917233349200664  2.3069861023235791 -11.920659293380165  2.3204294037658491 -11.922946351363194  2.3339057849583318 -11.924077443700364  2.3590932937380726 -11.924032305650808  2.3708077615866512 -11.923138188621728  2.3824999397338655 -11.921370843110608  2.394148934250214 -11.918740210349352  2.4057358072481372 -11.915264918441105  2.4172434112483279 -11.910970924575176  2.4286562235460494 -11.905890157241988  2.4457124003817747 -11.897091950889775  2.4514367983342606 -11.893930226833222  2.4571317763749017 -11.890578758748322  2.4627959082595674 -11.887042419767795  2.4684279395599931 -11.883326183687087  2.4740267876637816 -11.87943512496439  2.4795915417744028 -11.875374418720639  2.4963761249412442 -11.862550334794944  2.5074859950131683 -11.853270527660074  2.5184454858129071 -11.843353228923302  2.5292511263883175 -11.832841304870181  2.5399013489219269 -11.821776326191575  2.5503962755036964 -11.810197715691929  2.5607375049037855 -11.798141895997471  2.5942830873842899 -11.756991852995732  2.6168305672454326 -11.726026117642885  2.6386242670635998 -11.693122498984806  2.6597136411825222 -11.658597875512363  2.6801470851528602 -11.62271225444236  2.6999743871316189 -11.585671613868344  2.7192482156829274 -11.54762906904825  2.7610120865473515 -11.46100547612364  2.7832349975126069 -11.412014315587712  2.8047827753806684 -11.361929510688272  2.8257243051676793 -11.310923746237615  2.8461162792799839 -11.259133750622562  2.8660088048684838 -11.206666853066217  2.8854482976585514 -11.153604109921995  2.9044776622555166 -11.099999999999996 
 0 9 0.29628808130187168 7 0.38721223226088597 7 0.42685237907974405 7 0.50031334467960087 7 0.56417839478739873 7 0.59667726266300325 7 0.66281993726029265 7 0.81441118443770366 7 1 9
7 0 0  8 65 10  5.6139812659187038 2.4917534746079409e-15  5.6084091809437986 0.1081982344112575  5.6024428400383233 0.21440520607693575  5.596023346695846 0.31860723600005564  5.5890851828805577 0.42042311665418186  5.581560443072469 0.51913943173292809  5.5733651598909439 0.61357466196057497  5.5644124508124362 0.70217862236653916  5.5515181238188331 0.8071187534496792  5.5484070457285375 0.83095557622299432  5.5452094697517254 0.85390987315585754  5.5419228973591981 0.87588846949672994  5.5385456728999891 0.89678342465896299  5.5350771652822202 0.91647392298883601  5.5315180214412969 0.93482923132184226  5.5262802802259667 0.95907340907298078  5.5246733780307213 0.96615384386647618  5.5230500389598429 0.97294251172543078  5.5214106047333589 0.97942760821649844  5.5197555125532167 0.98559720646927651  5.5180853028152823 0.99143942319031331  5.5164006268213521 0.99694258467711161  5.5115548375077212 1.0116445568235966  5.5083597164620466 1.0199924724544567  5.5051225692438432 1.027064208361852  5.5018499864017789 1.0327926698507421  5.4985495026476139 1.0371222656012937  5.4952296283602999 1.0400125743762654  5.4918998810900872 1.041442011728392  5.485676615506903 1.0413849677436415  5.4827822551558247 1.0402550120039189  5.4798945587801056 1.0380214987842671  5.4770198100673202 1.0346969914871156  5.4741637631172617 1.0303050316974898  5.4713316519372928 1.0248784232588417  5.4685281999376798 1.0184575163488816  5.4643477752920537 1.0073386320824909  5.4629463468507877 1.0033429490466763  5.4615538392449237 0.99910747373878972  5.4601706973887012 0.99463836466392219  5.4587973159687859 0.98994190754143196  5.4574340394442871 0.98502451530494373  5.4560811620467558 0.97989272810234862  5.4520071721797256 0.96368607196311229  5.4493196257210803 0.9519585564427312  5.4466781950623213 0.93942539997026298  5.4440841355591107 0.92614077554969265  5.4415381235932259 0.91215721885502599  5.4390403289010845 0.89752455113192375  5.4365904869022845 0.88228880209933935  5.4286816866218182 0.83028472906706974  5.4234276306934293 0.79115124960219629  5.4184135370321638 0.74956873685370395  5.4136267473572337 0.70593765145248621  5.4090540148528605 0.66058658198084708  5.404681448412842 0.61377583678935899  5.4004945975946947 0.56569891791288984  5.3915621034661045 0.45622686577970334  5.3869057910866402 0.39431344589972711  5.3824852334669666 0.33101791418697779  5.3782808442809431 0.26655850403649567  5.3742760993194088 0.20110800829358041  5.3704563216472669 0.1348020661058314  5.3668081111526131 0.067743113830906476  5.3633194184878539 -1.4056045241378133e-15 
 0 9 0.29628808130187168 7 0.38721223226088597 7 0.42685237907974405 7 0.50031334467960087 7 0.56417839478739873 7 0.59667726266300325 7 0.66281993726029265 7 0.81441118443770366 7 1 9
1 1.7896377149714544 -10.5 0 -1 
1 5.6139812659187038 0 0 1 
1 6.9523893484404686 0 0 1 
1 4.4935475922081318 -10.5 0 -1 
1 5.6139812659187038 0.59999999999999964 1 0 
1 5.6139812659187038 0 1 0 
1 0 -0.45000000000000001 1 0 
1 0 0 1 0 
1 0 0 0 -1 
1 6.2831853071795862 0 0 -1 
7 0 0  8 65 10  3.3787076449240701 -11.099999999999996  3.4089787893335708 -11.185271252443723  3.4402206837185312 -11.268983674354821  3.4726669310520148 -11.351122640467091  3.5065489495925495 -11.431389413470216  3.5420892640097867 -11.509227592573398  3.5795684613024719 -11.583719284468934  3.6192867287413031 -11.653659603941417  3.6750989027260976 -11.736872346864086  3.6886039244481674 -11.755970155002897  3.7023860285195962 -11.774361444676787  3.7164555694949901 -11.791970944552441  3.7308199491786809 -11.808711264441181  3.7454832316837381 -11.824484423953722  3.7604454460826156 -11.839184254484085  3.7822703451079831 -11.858518952514842  3.7888931422124292 -11.864118248457112  3.7955692877335232 -11.869488540332886  3.8022978085871335 -11.874620577722746  3.8090774119401933 -11.879505010533233  3.8159064583166473 -11.884132517725632  3.8227829347033899 -11.888493936044762  3.8426234052297636 -11.90020775919875  3.855702007528012 -11.906878798587883  3.8689211884846251 -11.912533344754955  3.8822592166316174 -11.917117435570461  3.8956913074288142 -11.920586282866354  3.9091892555933283 -11.922907246366824  3.9227210674290323 -11.924062807619084  3.9480709142723938 -11.924045450525233  3.9598922738538591 -11.923148271107642  3.9716909911049805 -11.921361790800917  3.983445592985305 -11.918696223515244  3.9951366405061304 -11.915170788543604  4.0067465550272532 -11.910812287163923  4.0182594445537223 -11.905653679241231  4.0354246197612955 -11.896739460493782  4.0411602171020409 -11.893551171702256  4.0468661253451419 -11.890172616647387  4.0525409208766332 -11.886608716611228  4.0581833531782614 -11.88286449096568  4.0637923448274904 -11.878945057172533  4.069366991497497 -11.874855630783445  4.0862048277386069 -11.861925038123324  4.0973566613289361 -11.852563582570108  4.1083565163945392 -11.842561051878942  4.1192009791783919 -11.831960843218743  4.1298885532095033 -11.820804999439927  4.1404194440123598 -11.809133350685588  4.1507953438163607 -11.796982656002742  4.2019636491037282 -11.733937797661003  4.2403328529240225 -11.676503714133849  4.2765678998282919 -11.61401445069227  4.3109148126640706 -11.547786576782789  4.3436096239215694 -11.478821933584371  4.3748615833346047 -11.407760392519823  4.4048958601237498 -11.334950929358705  4.4416438201152371 -11.240709124835689  4.4492607438045066 -11.220879982162806  4.4568061092375313 -11.200951996327365  4.4642825709023626 -11.180930441730538  4.471692643931835 -11.160820192094841  4.4790387041035613 -11.140625720464142  4.4863229878399355 -11.120351099203669  4.4935475922081309 -11.099999999999996 
 0 9 0.29504549690202947 7 0.38681568834371499 7 0.42632879662076539 7 0.50008007588558334 7 0.56451424905936265 7 0.59708707325737054 7 0.66352118177166708 7 0.92957564477922316 7 1 9
7 0 0  8 65 10  7.2030511958713204 -4.9835069492158811e-15  7.1975015245243252 0.10776300864252211  7.1915604927094288 0.21355601844786992  7.1851700716947642 0.31736054648484757  7.1782657208677358 0.41879905835090053  7.1707804256195793 0.5171683929979729  7.1626314353280698 0.61130854700631976  7.1537327836570199 0.69969682600747385  7.1408816315983108 0.80485835791602822  7.137748130589733 0.82899354069494613  7.1345266525611013 0.85223584863903379  7.1312145939006983 0.87449015630905402  7.127810210871802 0.89564602285433581  7.1243128067316102 0.91557962387645464  7.1207229935012579 0.9341567869776175  7.1154585611679879 0.95859134342281505  7.1138574918558248 0.96566754976114255  7.1122400685731852 0.97245434828042132  7.1106066259012666 0.97894004860436157  7.1089575924760746 0.98511283439189823  7.1072934985847578 0.99096092602039809  7.1056149837619387 0.99647274326886659  7.1007643488972638 1.0112762883043189  7.0975576113917516 1.01970692881614  7.0943082996950642 1.026852958574223  7.0910230521287669 1.0326461820113435  7.0877094705630324 1.0370299973115071  7.0843761534692264 1.0399631547660122  7.0810327289724873 1.0414235151295077  7.0747693527973174 1.0414015798042808  7.071848567317212 1.0402677539185226  7.068934550140483 1.0380100587725494  7.0660337591558458 1.034641402370641  7.0631521016122623 1.0301860734241302  7.060294944266956 1.0246779425079446  7.0574671235334225 1.0181586632171495  7.0532604452264565 1.0068931662953493  7.0518564432966642 1.0028639116198315  7.050461444830268 0.99859420468880389  7.049075894207455 0.99409026485689678  7.0477001851983978 0.98935843544150259  7.0463346609632547 0.98440518372277652  7.0449796140521705 0.9792371009436357  7.0408934544956585 0.96289584256344396  7.0381963395696863 0.95106514245318274  7.0355458404803208 0.93842427263564732  7.032943198940842 0.92502807702781198  7.0303890728294771 0.91092968800338747  7.0278836094940376 0.89617944158925911  7.025426519056551 0.8808237926619219  7.013368128380856 0.80114977099991591  7.0045167292127832 0.72856646229800448  6.9963597043883832 0.64959458322627039  6.9888294865342644 0.56589797101500916  6.9818572084591235 0.47874271964981796  6.975380716406451 0.38893747761969127  6.9693378126706413 0.29692326904381822  6.9621687935501431 0.17782357126462492  6.9606957023638838 0.1527641519176183  6.9592491730476489 0.12757981782765307  6.9578284355237914 0.10227723460972006  6.956432758190128 0.076862561514292105  6.9550614479199435 0.051341451427324165  6.9537138500619857 0.025719050870253269  6.9523893484404686 -1.4056045241378135e-15 
 0 9 0.29504549690202947 7 0.38681568834371499 7 0.42632879662076539 7 0.50008007588558334 7 0.56451424905936265 7 0.59708707325737054 7 0.66352118177166708 7 0.92957564477922316 7 1 9
1 3.3787076449240705 -10.5 0 -1 
1 7.2030511958713195 0 0 1 
1 6.2831853071795862 0 1 0 
1 0 1.5707963267948966 0 1 
1 0 1.1999999999999993 1 0 
1 0 3.1415926535897931 1 0 
1 0 1.3500000000000014 1 0 
1 1.5707963267948966 0 0 1 
1 -1.5707963267948966 0 1 0 
7 0 0  6 7 2  0 0.35000000000000148  0.26179938779915063 0.25837021427029877  0.52359764891982019 0.16674732632263525  0.78539828063453887 0.086384399367619963  1.0471984818559668 0.028779617934268253  1.3089969389957516 6.3960799228808538e-18  1.5707963267948966 1.3877787807814457e-17 
 1.5707963267948966 7 3.1415926535897931 7
7 0 0  7 8 2  0 0.34999999999999964  0.22439947525641379 0.27146018366025482  0.44879895051282936 0.19292068623835557  0.67319842576930977 0.12083861097917971  0.89759790102564818 0.061683123381205587  1.1219973762820263 0.020562035413486068  1.3463968515384828 -9.6183534686089489e-18  1.5707963267948966 0 
 1.5707963267948966 8 3.1415926535897931 8
1 1.5707963267948966 0 0 1 
1 1.5707963267948966 0 0 1 
1 0 7 1 0 
1 0 4.7123889803846897 0 1 
1 0 6.2831853071795862 1 0 
1 1.5707963267948966 0.35000000000000142 -1 -0 
1 1.5707963267948966 0 0 1 
1 -4.7123889803846897 0 1 0 
1 1.5707963267948966 0 0 1 
1 0 24.799999999999997 1 0 
1 0 4.7123889803846897 0 1 
1 0 6.2831853071795862 1 0 
1 0 0.35000000000000142 1 0 
1 1.5707963267948966 0 0 1 
1 -4.7123889803846897 0 1 0 
1 1.5707963267948966 0 0 1 
7 0 0  6 7 2  -3.8022672223029794e-16 6.6499999999999941  0.26179938779915879 6.7416297857297085  0.52359764891982263 6.8332526736774035  0.78539828063479722 6.9136156006322214  1.0471984818559514 6.9712203820657521  1.3089969389957321 6.9999999999999849  1.5707963267948966 7.0000000000000009 
 4.7123889803846897 7 6.2831853071795862 7
7 0 0  6 7 2  -2.692044197676928e-16 0.35000000000000114  0.26179938779915507 0.25837021427029688  0.52359764891980787 0.16674732632263839  0.78539828063455819 0.086384399367613746  1.047198481855947 0.028779617934269301  1.3089969389957601 -2.0085666861345923e-16  1.5707963267948966 0 
 4.7123889803846897 7 6.2831853071795862 7
1 1.5707963267948966 0 0 1 
1 0 0 0 1 
1 0 2.3499999999999979 1 0 
1 0 3.1415926535897931 1 0 
1 1.5707963267948966 0 0 1 
1 1.5707963267948966 0 0 1 
1 1.5707963267948966 0 0 1 
1 0 0 0 1 
1 1.5707963267948966 2.3499999999999979 -1 -0 
1 0 3.1415926535897931 1 0 
1 1.5707963267948966 0 0 1 
7 0 0  7 8 2  1.5707963267948966 1.1999999999999993  1.3463968515384828 1.1999999999999993  1.1219973762820687 1.1794379645863451  0.89759790102575121 1.1383168766193474  0.6731984257691529 1.0791613890205327  0.4487989505128645 1.0070793137618068  0.22439947525641379 0.9285398163397427  0 0.84999999999999787 
 3.1415926535897931 8 4.7123889803846897 8
7 0 0  6 7 2  1.1102230246251565e-16 2.7755575615628914e-17  0.26179938779914469 7.366269100184602e-16  0.52359784493893957 0.028779617934245195  0.78539804616035647 0.086384399367660597  1.0471986778750415 0.16674732632260614  1.3089969389957639 0.25837021427030415  1.5707963267948963 0.3499999999999997 
 3.1415926535897931 7 4.7123889803846897 7
1 0 0 0 1 
1 0 7 1 0 
1 -4.4408920985006262e-16 0 0 1 
1 0 0 1 0 
1 1.5707963267948961 0.35000000000000142 -1 -0 
1 1.5707963267948961 0 0 1 
1 0 0 1 0 
1 0 0 0 1 
1 0 24.799999999999997 1 0 
1 0 0 0 1 
1 0 0 1 0 
1 0 0.35000000000000142 1 0 
1 1.5707963267948966 0 0 1 
1 0 0 1 0 
1 0 0 0 1 
7 0 0  6 7 2  -2.2204460492503131e-16 7.0000000000000009  0.26179938779914946 7.0000000000000266  0.52359784493895356 6.971220382065626  0.78539804616010522 6.9136156006323661  1.0471986778750164 6.8332526736772987  1.3089969389957721 6.7416297857297289  1.5707963267948966 6.6500000000000012 
 0 7 1.5707963267948966 7
7 0 0  6 7 2  1.5707963267948966 1.1999999999999991  1.3089969389957483 1.2000000000000006  1.0471984818559736 1.171220382065715  0.78539828063458161 1.1136156006323557  0.52359764891983873 1.0332526736773688  0.26179938779914136 0.94162978572969869  0 0.84999999999999765 
 0 7 1.5707963267948966 7
1 -1.5707963267948966 0 1 0 
1 1.5707963267948966 0 0 1 
1 1.5707963267948966 0 0 1 
1 0 1.5707963267948966 0 1 
1 0 9.1000000000000014 1 0 
1 0 3.1415926535897931 1 0 
1 1.5707963267948966 1.3500000000000014 -1 -0 
1 1.1278852827212511 0 0 1 
1 1.5707963267948966 0 0 1 
7 0 0  10 29 4  0.70623253850966516 1.1227287485647472  0.72674517140647077 1.1298066801908138  0.74731451137594374 1.1367751514936968  0.76794392229061403 1.1436229857044435  0.788636712792399 1.1503386708663523  0.80939613176409719 1.1569103911388108  0.83022536380088374 1.163326058101134  0.85112752468180697 1.1695733420564007  0.87210565684128161 1.1756397033352954  0.89316272484058479 1.1815124235999401  0.94600993983749937 1.1956779574694327  0.977892824049307 1.203710208761259  1.0100843391305883 1.2112646401353344  1.0422835694072219 1.2182113487340072  1.0748771685551775 1.2246142105320383  1.1074375646378551 1.2303120619826839  1.1402541820018615 1.2353500991798463  1.1731486527501904 1.2396467119129981  1.2061582709907317 1.2431882819938387  1.2723410451927775 1.2487093831549432  1.3055154459528542 1.2506895070578599  1.3387513554371588 1.2518660621684041  1.3720254856853229 1.2522238628264843  1.4053121792454755 1.2517561119628213  1.4385828227082871 1.2504648332351174  1.4718052602410143 1.2483613031642222  1.5049432071215381 1.245466483270304  1.5379556632724107 1.2418114522090133  1.5707963267948963 1.2374378379076538 
 0.46693808682009874 11 0.600203565115074 9 0.80010178255753617 9 1 11
1 1.5707963267948966 0 0 1 
1 1.5707963267948966 0 0 1 
1 1.5707963267948966 0 0 1 
1 1.5707963267948966 0 0 1 
1 1.5707963267948966 0 0 1 
7 0 0  10 20 3  1.5707963267948981 1.174768285910595  1.5112800471165893 1.1803484357397767  1.4513863152523174 1.1836799943341847  1.391345843858534 1.1846014380836964  1.3313367656350954 1.1830433829855824  1.2714981371143708 1.1790289737480042  1.2119403346306294 1.1726638575203392  1.1527528824189095 1.1641195210239115  1.0940102527925859 1.1536137698567495  1.0357761783488419 1.1413921287459685  0.92043785395368749 1.1140357542967878  0.86331371676495783 1.098896179010953  0.80662945969131028 1.0825135151069352  0.75049523640353921 1.0651591515906229  0.69458194074841095 1.0469901700389479  0.63915627123904062 1.0282981258603228  0.58388387598971403 1.009212498703512  0.52885214826947158 0.98995058644304013  0.47392604447114334 0.97066058950535472  0.41903299420594664 0.95149446100942559 
 0 11 0.3623024892163712 9 0.72460497843274374 11
1 0 2.0303940504246967 1 0 
1 0 0 1 0 
1 6.2831853071795862 0 0 1 
1 0 0 0 1 
1 6.2831853071795862 0 0 1 
1 0 0 0 1 
1 0 1.5707963267948966 1 0 
1 6.2831853071795862 0 0 1 
1 0 0 0 1 
1 0 1.5707963267948966 1 0 
1 1.5707963267948966 1.9500000000000002 -1 -0 
1 0 6.2831853071795862 1 0 
1 0 1.9500000000000002 -0 -1 
1 0 0 0 1 
1 1.5707963267948966 0 0 1 
1 6.2831853071795862 0.69999999999999929 -1 0 
1 0 0.69999999999999929 1 0 
1 0 0.8381527307120078 1 0 
1 0 0 1 0 
1 6.2831853071795862 0 0 1 
1 0 0 0 1 
1 6.2831853071795862 0 0 1 
1 0 0 0 1 
1 0 1.5707963267948966 1 0 
1 6.2831853071795862 0 0 1 
1 0 0 0 1 
1 0 1.5707963267948966 1 0 
1 0 0 0 1 
1 0 2.3499999999999979 1 0 
1 0 3.1415926535897931 1 0 
1 1.5707963267948966 0 0 1 
1 1.5707963267948966 0 0 1 
1 1.5707963267948966 0 0 1 
1 1.5707963267948966 0 0 1 
1 0 0 0 1 
1 1.5707963267948966 1.3499999999999979 -1 -0 
1 0 6.2831853071795862 1 0 
1 0 0 0 1 
1 1.5707963267948966 0 0 1 
1 0 1.3499999999999979 1 0 
1 0 6.2831853071795862 1 0 
1 1.5707963267948966 0 0 1 
1 1.5707963267948966 0 0 1 
1 1.5707963267948966 0 0 1 
1 0 1.5707963267948966 0 1 
1 0 1.1999999999999993 1 0 
1 0 1.5707963267948966 1 0 
1 1.5707963267948966 0 0 1 
1 -1.5707963267948966 0 1 0 
1 0 0 0 1 
1 0 9.1000000000000014 1 0 
1 0 1.5707963267948966 0 1 
1 1.5707963267948966 0 0 1 
1 0 1.5707963267948966 1 0 
1 1.5707963267948966 0 0 1 
1 -1.5707963267948966 0 1 0 
1 0 0 0 1 
1 1.5707963267948966 0 0 1 
1 0 0 0 1 
1 1.5707963267948961 1.3499999999999979 -1 -0 
1 0 0 1 0 
1 0 0 0 1 
1 0 0 0 1 
1 0 1.3499999999999979 1 0 
1 0 0 1 0 
1 1.5707963267948966 0 0 1 
1 0 0 0 1 
1 1.5707963267948966 0 0 1 
1 0 0 0 1 
1 1.5707963267948966 2.3499999999999979 -1 -0 
1 0 3.1415926535897931 1 0 
1 1.5707963267948966 0 0 1 
1 1.5707963267948966 0 0 1 
1 0 0.81666892261899893 0 1 
1 0 1.9500000000000002 1 0 
1 0 6.2831853071795862 1 0 
1 0 0 0 1 
1 1.5707963267948966 0 0 1 
1 0 0.8381527307120078 1 0 
1 0 0 1 0 
1 6.2831853071795862 0 0 1 
1 0 0 0 1 
1 6.2831853071795862 -0.10000000000000001 -1 0 
1 6.2831853071795862 -0.10000000000000001 -1 0 
1 0 1.9500000000000002 1 0 
1 0 6.2831853071795862 1 0 
1 1.5707963267948966 0 0 1 
1 0 0 0 1 
1 -4.7123889803846897 0 1 0 
1 1.5707963267948966 0 0 1 
1 0 3.4000000000000012 1 0 
1 0 4.7123889803846897 0 1 
1 1.5707963267948966 0 0 1 
1 1.5707963267948966 0 0 1 
1 1.5707963267948963 1.9500000000000002 -1 -0 
1 0 6.2831853071795862 1 0 
1 0 7.4000000000000021 1 0 
1 0 0 1 0 
1 6.2831853071795862 0 0 1 
1 0 0 0 1 
1 6.2831853071795862 -0.10000000000000001 -1 0 
1 6.2831853071795862 -0.10000000000000001 -1 0 
1 0 1.5707963267948966 0 1 
1 0 1.1999999999999993 1 0 
1 0 1.5707963267948966 1 0 
1 1.5707963267948966 0 0 1 
1 -1.5707963267948966 0 1 0 
7 0 0  6 7 2  0 0.35000000000000142  0.26179938779915041 0.25837021427029822  0.52359764891982064 0.16674732632263525  0.78539828063452866 0.086384399367618839  1.0471984818559699 0.028779617934267122  1.3089969389957525 -2.4785574557799662e-17  1.5707963267948963 2.7755575615628914e-17 
 1.5707963267948966 7 3.1415926535897931 7
7 0 0  7 8 2  0 0.34999999999999964  0.22439947525641379 0.27146018366025482  0.44879895051279112 0.19292068623836126  0.67319842576932298 0.12083861097917219  0.89759790102538872 0.061683123381227521  1.1219973762821431 0.020562035413480055  1.3463968515384828 9.6183534686089489e-18  1.5707963267948966 0 
 1.5707963267948966 8 3.1415926535897931 8
1 0 0 0 1 
1 0 0 0 1 
1 0 7 1 0 
1 0 4.7123889803846897 0 1 
1 0 4.7123889803846897 1 0 
1 1.5707963267948966 0 0 1 
1 -4.7123889803846897 0 1 0 
1 0 0 0 1 
1 0 24.799999999999997 1 0 
1 0 4.7123889803846897 0 1 
1 0 4.7123889803846897 1 0 
1 1.5707963267948966 0 0 1 
1 -4.7123889803846897 0 1 0 
1 0 0 0 1 
7 0 0  6 7 2  -2.6920441976783839e-16 6.6499999999999932  0.26179938779913836 6.7416297857297049  0.52359764892003346 6.833252673677281  0.78539828063449135 6.9136156006324558  1.0471984818561022 6.971220382065586  1.3089969389957588 6.9999999999999885  1.5707963267948966 7.0000000000000018 
 4.7123889803846897 7 6.2831853071795862 7
7 0 0  6 7 2  -3.8022672223020594e-16 0.3500000000000012  0.26179938779915579 0.25837021427029683  0.52359764891980864 0.16674732632263534  0.78539828063455841 0.086384399367619547  1.0471984818559466 0.028779617934268014  1.3089969389957601 -1.3198814661717365e-16  1.5707963267948966 -2.7755575615628914e-17 
 4.7123889803846897 7 6.2831853071795862 7
1 0 0 0 1 
1 1.5707963267948966 0 0 1 
1 0 0 0 1 
1 0 1.5707963267948966 1 0 
1 1.5707963267948966 0 0 1 
1 0 1.5707963267948966 1 0 
1 1.5707963267948966 0 0 1 
1 0 0 0 1 
1 0 1.5707963267948966 1 0 
1 0 0 0 1 
7 0 0  7 8 2  1.5707963267948966 1.1999999999999993  1.3463968515384828 1.1999999999999993  1.1219973762821041 1.179437964586548  0.89759790102554937 1.138316876618614  0.67319842576962086 1.0791613890211524  0.44879895051272917 1.007079313761541  0.22439947525641379 0.9285398163397427  0 0.84999999999999787 
 3.1415926535897931 8 4.7123889803846897 8
7 0 0  6 7 2  1.1102230246251565e-16 4.163336342344337e-17  0.26179938779914524 4.1520957282830761e-16  0.52359784493892281 0.028779617934239027  0.78539804616038378 0.086384399367666398  1.047198677875032 0.16674732632260403  1.3089969389957679 0.25837021427030343  1.5707963267948968 0.34999999999999976 
 3.1415926535897931 7 4.7123889803846897 7
1 0 7 1 0 
1 -4.4408920985006262e-16 0 0 1 
1 1.5707963267948961 0 0 1 
1 0 0 1 0 
1 0 24.799999999999997 1 0 
1 0 0 0 1 
1 1.5707963267948966 0 0 1 
1 0 0 1 0 
7 0 0  6 7 2  0 7.0000000000000018  0.26179938779915074 7.0000000000000142  0.5235978449387767 6.9712203820654954  0.78539804616037767 6.9136156006325686  1.0471986778748636 6.8332526736771912  1.3089969389957561 6.7416297857297307  1.5707963267948966 6.6500000000000021 
 0 7 1.5707963267948966 7
7 0 0  6 7 2  1.5707963267948966 1.1999999999999993  1.3089969389957479 1.1999999999999993  1.0471984818559574 1.1712203820657485  0.78539828063457262 1.1136156006323383  0.52359764891982241 1.0332526736773828  0.26179938779913875 0.94162978572969636  -1.1102230246251565e-16 0.84999999999999787 
 0 7 1.5707963267948966 7
1 -1.5707963267948966 0 1 0 
1 1.5707963267948966 0 0 1 
1 0 1.5707963267948966 0 1 
1 0 9.1000000000000014 1 0 
1 0 4.7123889803846897 0 1 
1 0 3.6999999999999997 1 0 
1 0 4.7123889803846897 1 0 
1 -4.7123889803846897 0 1 0 
1 1.5707963267948966 0 0 1 
1 0 0 0 1 
1 0 0 0 1 
1 -4.7123889803846897 3.4000000000000004 1 0 
1 0 4.7123889803846897 1 0 
1 0 0 0 1 
1 -4.7123889803846897 -8.8817841970012523e-16 1 0 
1 1.5707963267948963 0 0 1 
1 0 7.4000000000000021 1 0 
1 0 0 1 0 
1 6.2831853071795862 0 0 1 
1 0 0 0 1 
1 0 0 0 -1 
1 6.2831853071795862 0 0 -1 
1 0 -3.1000000000000001 1 0 
1 0 0 0 -1 
1 6.2831853071795862 0 0 -1 
1 0 -3.1000000000000001 1 0 
1 0 4.7123889803846897 1 0 
1 1.5707963267948966 0 0 1 
1 -4.7123889803846897 0 1 0 
1 0 0 0 1 
1 0 4.7123889803846897 1 0 
1 0 3.6999999999999997 1 0 
1 -2.2204460492503131e-16 4.7123889803846897 0 1 
1 0 0.78262379212492561 1 0 
1 6.2831853071795862 0 0 1 
1 0 0 0 1 
1 0 0 0 -1 
1 6.2831853071795862 0 0 -1 
1 0 -3.1000000000000001 1 0 
1 0 0 0 -1 
1 6.2831853071795862 0 0 -1 
1 0 -3.1000000000000001 1 0 
1 0 0.78262379212492561 1 0 
1 6.2831853071795862 0 0 1 
1 0 0 0 1 
1 0 0.19999999999999929 1 0 
1 0 0.19999999999999929 1 0 
1 0 0.5 1 0 
1 6.2831853071795862 -0 0 1 
1 0 -0 0 1 
1 0.87266462599716454 4.5968559888243376e-16 0 1 
1 9.4247779607693793 1.8050510257216814 -1 0 
1 15.707963267948966 1.3694384060045957 -1 0 
1 2.4434609527920621 3.8572201647975713e-16 0 1 
1 6.2831853071795862 -0 0 1 
1 0 -0 0 1 
1 9.4247779607693793 1.8050510257216814 -1 0 
1 15.707963267948966 1.3694384060045957 -1 0 
1 1.2217304763960306 0 0 1 
1 0 0.50000000000000355 1 0 
1 5.4105206811824216 0 0 1 
1 9.4247779607693793 1.3694384060045957 -1 0 
1 0 0 1 0 
1 7.15584993317675 6.2831853071795862 -0 -1 
1 4.7123889803846897 0 0 -1 
1 5.2883476335428181 0.64350110879329503 1 -0 
1 5.2883476335428181 6.2831853071795862 -0 -1 
1 11.030480872604162 0 -1 -0 
1 11.030480872604162 0.25 -1 -0 
1 11.030480872604162 -3.1415926535897931 0 1 
1 12.566370614359172 0.64350110879329503 -1 0 
1 8.7266462599716483 -3.1415926535897931 0 1 
1 0 0 0 -1 
1 5.4105206811824216 9.3296232319758837e-17 0 1 
1 6.2831853071795862 0.64350110879327727 -1 0 
1 3.5779249665883754 4.3221851599487373e-18 0 1 
1 9.1804318654901742 0 -1 -0 
1 9.1804318654901742 0.25 -1 -0 
1 9.1804318654901742 3.1415926535897931 -0 -1 
1 12.566370614359172 0.64350110879327727 -1 0 
1 7.5049157835756173 3.1415926535897931 -0 -1 
1 4.1887902047863914 0 0 -1 
1 0 0 1 0 
1 0 0 0 -1 
1 0 -1.3999999999999986 1 0 
1 2.8448866807507578 0 0 1 
1 6.2831853071795862 -0.5 -1 0 
1 2.3038346126325151 0 0 1 
1 5.2883476335428181 -5.2380836555246288e-16 0 1 
1 5.2883476335428181 2.322328165695795e-16 0 1 
1 0.54105206811824258 0 0 -1 
1 11.030480872604162 1.3999999999999986 -1 -0 
1 11.030480872604162 0 -1 -0 
1 11.030480872604162 -6.2418939647714254e-16 0 1 
1 0 0 0 -1 
1 11.030480872604162 3.1415926535897931 -0 -1 
1 0 -1.3999999999999986 1 0 
1 0 0 0 -1 
1 3.5779249665883754 6.2831853071795862 -0 -1 
1 3.577924966588375 0 0 1 
1 1.8325957145940464 0 0 1 
1 9.1804318654901742 1.3999999999999986 -1 -0 
1 9.1804318654901742 0 -1 -0 
1 9.1804318654901742 0 0 1 
1 2.5132741228718349 0 0 1 
1 9.1804318654901742 -3.1415926535897931 0 1 
1 0.68067840827778769 0 0 -1 
1 -8.2482144560743039e-18 -0.5 1 0 
1 0 0 1 0 
1 5.288347633542827 1.5707963267948966 1 0 
1 0 -2.4499999999999993 1 0 
1 0 7.5 1 0 
1 0 0 1 0 
1 0 -2.4499999999999993 1 0 
1 3.5779249665883777 1.5707963267948966 1 0 
1 0 7.5 1 0 
1 6.2831853071795862 -0 0 1 
1 0 -0 0 1 
1 0 0 1 0 
1 6.2831853071795862 -0 0 1 
1 0 -0 0 1 
1 0 0 1 0 
Curves 472
8 0 5.8828258763482051
2 44.700000000000024 217.29000000000002 112.1650001 -1.2246467991473532e-16 -1 -2.3348698237725095e-16 0.54474218170974931 -2.6251469498195179e-16 0.83860357468001678 -0.83860357468001678 -2.4490889832468391e-17 0.54474218170974931 15.5
7 0 0  7 110 19  38.600000000000023 217.24000000000001 126.41421060444551  38.600000000000023 216.61343802686991 126.41421060444551  38.675083678931749 215.98901505616897 126.44635361486606  38.824327417293304 215.37230630227896 126.51024301353213  39.048630971691651 214.76905689219325 126.60332012321157  39.350162448941042 214.18638582785553 126.72079669147561  39.732109399966646 213.63355740908355 126.85536823953733  40.286384399324639 213.02725348878789 127.02361938796544  40.378052957552356 212.93186564719554 127.05077138041921  40.472848224915452 212.83807321660896 127.07811904071869  40.570809793459013 212.74597232358553 127.10559003030203  40.67197662263203 212.65566910207701 127.13310675277084  40.776387039287414 212.5672796934295 127.1605863538903  41.017088110891351 212.37428056029046 127.2217259376863  41.1551275313102 212.27072285951868 127.25532626095608  41.298243740758451 212.17051963655382 127.28856830243787  41.446472486243856 212.07395515022375 127.32126499906232  41.599838263468612 211.98133572828607 127.35321657130125  41.758354060335925 211.8929900700154 127.3842114808176  42.126063902961597 211.70489563352186 127.45119871644046  42.338407557767368 211.60756025754904 127.48659127471308  42.558615972977769 211.51822679320634 127.51967726448348  42.786191718464607 211.43778620565064 127.54993792656961  43.020576421527821 211.36706203687208 127.57687892128244  43.261151162555656 211.30681538970435 127.600045708651  43.842654528760491 211.19087309966972 127.6449269065354  44.188041088927697 211.14482171003584 127.66304040088345  44.539476395436793 211.12174755049517 127.67222279987143  44.892858627982186 211.122690963926 127.67184748432662  45.244026957497333 211.14762447159899 127.66193107987063  45.588884099666444 211.19545209720758 127.64313201383686  46.157941705731751 211.31195954518262 127.59807188313721  46.387280307756129 211.3700920992332 127.57573670871172  46.610945412211173 211.43774470365724 127.54998037890074  46.828397929045877 211.51425157019798 127.52119977797298  47.039149173093158 211.5988944874419 127.48982489953146  47.24276119898979 211.69089885557059 127.45630659679833  47.606978676714704 211.87391383285603 127.39092057291211  47.769749424540947 211.96328247544432 127.35946779502136  47.927156162960408 212.05715812032685 127.32698420605792  48.079208843566789 212.15518755910233 127.2936965767297  48.225930294520872 212.25704154728072 127.25981911092147  48.367355928909234 212.36241444804563 127.22555231499427  48.612558233897964 212.55797742541347 127.163484559457  48.718237116190295 212.64701998257618 127.1357522283613  48.820608665929548 212.73802102654736 127.10797588521292  48.919712175503989 212.83086048223947 127.08024106112268  49.015587663740646 212.92542872043452 127.05262780689723  49.108275875905278 213.02162655778403 127.02521069303913  49.622882902152 213.58333829294787 126.86916675517935  49.978154656232491 214.08323268748831 126.74592030254026  50.266349861704491 214.60877848046954 126.636101297075  50.490009957088205 215.15272641361003 126.54539375352297  50.650996345054708 215.70962163607612 126.47771416601142  50.7501895879847 216.27499285831766 126.4354879711924  50.790879217853643 216.90170465668024 126.41811226894004  50.793952954002052 216.95865104651403 126.4167983690122  50.796405081061565 217.01561961254964 126.41574939343049  50.79823569555915 217.07260475384453 126.41496589929314  50.799444861133708 217.12960086252048 126.41444825593614  50.800032608536057 217.18660232376391 126.4141966449333  50.799998347690718 217.24459877229037 126.41421131178893  50.799997570305798 217.24559402867806 126.41421164458256  50.799996603474142 217.24658928495859 126.4142120584771  50.799995447195755 217.24758454110224 126.41421255347248  50.799994101470617 217.24857979707912 126.41421312956864  50.79999256629872 217.24957505285937 126.41421378676547  50.799989117062417 217.25156556335611 126.41421526335984  50.799987202998246 217.2525608180726 126.41421608275728  50.799985099487515 217.25355607253277 126.41421698325509  50.799982806530188 217.25455132670675 126.41421796485315  50.799980324126253 217.25554658056467 126.41421902755131  50.799977652275672 217.2565418340767 126.41422017134944  50.799971929684098 217.25853233933589 126.41422262114396  50.799968878943488 217.25952759108299 126.4142239271402  50.799965638756568 217.26052284242456 126.41422531423588  50.799962209123301 217.26151809333061 126.41422678243079  50.799958590043651 217.26251334377139 126.41422833172473  50.799954781517577 217.26350859371701 126.41422996211747  50.799947026544075 217.2654391054507 126.41423328194257  50.799943102245585 217.26637436730016 126.41423496189338  50.799939010649538 217.26730962866122 126.41423671346099  50.799934751755906 217.26824488950911 126.41423853664517  50.799930325564638 217.26918014981896 126.41424043144568  50.799925732075707 217.27011540956613 126.4142423978623  50.799917799621369 217.27167374458918 126.41424579364549  50.799914553701726 217.2722968201918 126.4142471831816  50.799911233530104 217.27291989552634 126.41424860450297  50.799907839106496 217.27354297058548 126.41425005760955  50.799904370430887 217.27416604536188 126.41425154250122  50.799900827503265 217.27478911984821 126.41425305917792  50.799893593148617 217.27603526742411 126.41425615609923  50.799889901721777 217.27665834051362 126.41425773634373  50.799886136043085 217.27728141329845 126.41425934837302  50.799882296112528 217.27790448577122 126.41426099218698  50.799878381930078 217.27852755792469 126.41426266778552  50.799874393495735 217.27915062975143 126.41426437516856  50.79986626812908 217.28039677183608 126.41426785350092  50.799862131196988 217.281019842094 126.41426962445014  50.799857920013174 217.28164291201057 126.41427142718355  50.799853634577623 217.28226598157846 126.41427326170108  50.79984927489032 217.2828890507904 126.41427512800261  50.799844840951245 217.28351211963906 126.41427702608804  50.799834270032463 217.28497310620031 126.41428155129366  50.799828073016151 217.28581102361329 126.41428420411278  50.799821741711398 217.28664894033813 126.41428691441432  50.799815276118153 217.28748685635708 126.41428968219803  50.799808676236367 217.28832477165219 126.41429250746363  50.79980194206599 217.28916268620577 126.41429539021082  50.79979507360698 217.29000059999998 126.41429833043929 
 0 8 0.26030394580524807 6 0.30981782512716471 6 0.37097212162308724 6 0.44721284811907203 6 0.55112983755205835 6 0.62392721503488036 6 0.68634645534228533 6 0.73631978267507303 6 0.97354696740195568 6 0.99724441481975878 6 0.99765817875853935 6 0.99807194244337694 6 0.99848570570690831 6 0.99887453003466808 6 0.99913356738406933 6 0.99939260440002642 6 0.99965164104146265 6 1 8
7 0 0  4 29 10  38.600204926393076 217.29000059999998 126.41429833043929  38.600193719531397 217.28863342521328 126.41429353304096  38.60018292125303 217.28726624811605 126.41428891053378  38.600172531557618 217.28589906883468 126.41428446291989  38.600152212842396 217.28311587533011 126.41427576487627  38.600142313530021 217.28169986095736 126.41427152716288  38.600132852507357 217.28028384451761 126.41426747706315  38.600114807024255 217.27745180518656 126.4142597520876  38.600106222565429 217.27603578229525 126.41425607721246  38.600098076397281 217.27461975761776 126.41425258995532  38.600082660629759 217.27178770275134 126.41424599067507  38.600075391031751 217.27037167256248 126.41424287865253  38.600068559725273 217.26895564086811 126.41423995425174  38.600055773686627 217.26612357290827 126.41423448069268  38.60004981895559 217.26470753664273 126.4142319315349  38.600044302516778 217.2632914991525 126.41422957000196  38.600034321326788 217.26050824952802 126.41422529714799  38.600029826870568 217.25914103746726 126.41422337311072  38.600025741001161 217.25777382452202 126.41422162398395  38.600018255101418 217.25499056698084 126.4142184193297  38.60001488477765 217.25357452232981 126.41421697651924  38.600011952747067 217.25215847700588 126.41421572133785  38.600006965270815 217.249326384575 126.41421358623364  38.600004909825593 217.247910337468 126.41421270631102  38.600003292673833 217.24649428996889 126.41421201401867  38.600001056907743 217.24380868186586 126.41421105690125  38.600000352302587 217.24253912131138 126.41421075526408  38.600000000000023 217.24126956065567 126.41421060444551  38.600000000000023 217.24000000000001 126.41421060444551 
 0 5 0.10937436042294066 3 0.22265518170152826 3 0.33593621083342473 3 0.44921741752684197 3 0.56249877149059313 3 0.67187398319862768 3 0.785155538347175 3 0.89843715094089383 3 1 5
8 0 5.8828258763482051
2 44.700000000000024 217.29000000000002 112.1650001 -1.2246467991473532e-16 -1 -2.3348698237725095e-16 0.54474218170974931 -2.6251469498195179e-16 0.83860357468001678 -0.83860357468001678 -2.4490889832468391e-17 0.54474218170974931 15.5
7 0 0  2 5 4  37.125707206717777 202.96379999999999 125.68831658234383  37.125707206717777 203.37689999999998 125.68831658234383  37.125707206717777 210.54000000000002 125.68831658234386  37.125707206717777 217.70310000000001 125.68831658234386  37.125707206717777 218.11619999999999 125.68831658234386 
 -0.82620000000001026 3 -1.0466698812367707e-14 1 13.499999999999996 1 14.326199999999996 3
2 44.700000000000024 203.99000000000001 112.1650001 1.2246467991473532e-16 1 2.33486982377251e-16 -1 1.2246467991473532e-16 0 -2.8593908561087489e-32 -2.33486982377251e-16 1 15.5
7 0 0  8 9 2  39.80725300205161 203.99000000000001 126.87251609740984  39.846385736216192 203.99000000000001 126.88553437783456  39.886471614735719 203.98794629947514 126.898737561332  39.927515332764244 203.98403364909683 126.91211652045028  39.969539865413971 203.97848586302968 126.92566729030847  40.012577104205498 203.97159041695693 126.93938947027742  40.056766338418335 203.96374718162417 126.95331376300933  40.102330314304837 203.95547141318815 126.96749719132922  40.15000000000002 203.94751548669501 126.98213545066747 
 0 9 1 9
7 0 0  6 12 3  40.149999399999999 203.94751558683311 126.98213526642131  40.229179143408068 203.93430074388954 127.00644954012996  40.306117069898384 203.91877443709848 127.02951955408444  40.382083677995311 203.90068033231432 127.05179993734515  40.456737810736357 203.87954964180568 127.07318158598605  40.528110853439905 203.85502064888482 127.09315561146494  40.605869078595127 203.82119358001438 127.11452446304192  40.618792023189492 203.8153004139964 127.11806085507969  40.631437908696412 203.80923977299489 127.12150719425563  40.64377615625525 203.80300618098016 127.1248563407766  40.655770854538964 203.79659439396403 127.12809988563747  40.667380759754138 203.7899994 127.13122815062111 
 0 7 0.8305676697060892 5 1 7
8 0 5.8828258763482051
2 44.700000000000024 203.79000000000002 112.1650001 1.224646799147353e-16 1 2.3348698237725095e-16 0.82850971494834247 -2.3220997737204492e-16 0.55997468892461244 0.55997468892461244 1.2486911217401872e-16 -0.82850971494834247 15.5
7 0 0  6 12 3  49.250000600000021 203.94751558683311 126.98213526642132  49.170820856591796 203.93430074388948 127.00644954013003  49.093882930101771 203.91877443709848 127.02951955408439  49.017916322004801 203.90068033231438 127.05179993734517  48.943262189263542 203.87954964180562 127.07318158598608  48.8718891465602 203.85502064888482 127.09315561146492  48.794130921404921 203.82119358001438 127.11452446304192  48.781207976810556 203.8153004139964 127.11806085507968  48.768562091303636 203.80923977299489 127.12150719425563  48.756223843744799 203.80300618098016 127.1248563407766  48.744229145461084 203.79659439396403 127.12809988563747  48.73261924024591 203.7899994 127.13122815062111 
 0 7 0.83056766970620133 5 1 7
7 0 0  8 9 2  49.592746997948431 203.99000000000001 126.87251609740984  49.553614263783878 203.99000000000001 126.88553437783455  49.51352838526428 203.98794629947514 126.898737561332  49.472484667235847 203.98403364909677 126.91211652045033  49.430460134585999 203.97848586302973 126.9256672903084  49.387422895794636 203.97159041695693 126.93938947027746  49.343233661581635 203.96374718162417 126.95331376300933  49.297669685695226 203.95547141318815 126.96749719132922  49.250000000000021 203.94751548669501 126.98213545066747 
 0 9 1 9
2 44.700000000000024 203.99000000000001 112.1650001 1.2246467991473532e-16 1 2.33486982377251e-16 -1 1.2246467991473532e-16 0 -2.8593908561087489e-32 -2.33486982377251e-16 1 15.5
7 0 0  2 5 4  52.274292793282264 202.96379999999999 125.68831658234383  52.274292793282264 203.37689999999998 125.68831658234383  52.274292793282271 210.54000000000002 125.68831658234384  52.274292793282271 217.70310000000001 125.68831658234384  52.274292793282271 218.11619999999999 125.68831658234384 
 -0.82620000000001081 3 -1.0974171438249413e-14 1 13.499999999999996 1 14.326199999999996 3
8 0 1
7 0 0  6 22 5  53.401706810882246 217.29000000000002 98.256104967932998  53.38230782893276 217.29000000000002 98.301838204037864  53.358860121769148 217.29000000000002 98.347636310491566  53.331105147963427 217.29000000000002 98.392937594241118  53.298890086870372 217.29000000000002 98.437054043897007  53.262268274108209 217.29000000000002 98.479198197723377  53.180752491762689 217.29000000000002 98.558075516682038  53.135850744853222 217.29000000000002 98.594803758990452  53.087111840036478 217.29000000000002 98.628051748142411  53.035056225710122 217.29000000000002 98.657095567552119  52.980440749857124 217.29000000000002 98.681393864029872  52.867993881865544 217.29000000000002 98.719850997655101  52.810176052337113 217.29000000000002 98.734050044379757  52.75147963775995 217.29000000000002 98.742973454903932  52.692822965389134 217.29000000000002 98.746585115031849  52.635051242693379 217.29000000000002 98.745133349928409  52.522241611873952 217.29000000000002 98.732881488071712  52.467225843597753 217.29000000000002 98.722015082436172  52.414497987280221 217.29000000000002 98.706849590239841  52.364590602206228 217.29000000000002 98.687981559685525  52.31780844748635 217.29000000000002 98.666056359835437  52.274292793282264 217.29000000000002 98.641683617656156 
 0 7 0.24988776017411629 5 0.49999999948631946 5 0.74911212878364708 5 1 7
8 0 5.8828258763482051
2 44.700000000000024 217.29000000000002 112.1650001 -1.2246467991473532e-16 -1 -2.3348698237725095e-16 0.54474218170974931 -2.6251469498195179e-16 0.83860357468001678 -0.83860357468001678 -2.4490889832468391e-17 0.54474218170974931 15.5
1 50.7997950785252 217.29000000000002 102.6650001 -1.1102230246251563e-16 2.33486982377251e-16 -1 
8 0 6.0325234597487354
2 44.700000000000024 217.29000000000002 112.1650001 -1.224646799147353e-16 -1 -2.3348698237725095e-16 0.60592685036917227 -2.59948287353665e-16 0.79552036554804484 -0.79552036554804484 -4.4052884901555571e-17 0.60592685036917227 14.6
2 56.90000000000002 217.29000000000002 99.740000100000003 1.2246467991473532e-16 1 2.33486982377251e-16 -1 1.2246467991473532e-16 0 -2.8593908561087489e-32 -2.33486982377251e-16 1 3.4500000000000002
2 56.90000000000002 217.29000000000002 99.740000100000003 1.2246467991473532e-16 1 2.33486982377251e-16 -1 1.2246467991473532e-16 0 -2.8593908561087489e-32 -2.33486982377251e-16 1 3.4500000000000002
8 0 6.0325234597487354
2 44.700000000000024 217.29000000000002 112.1650001 -1.224646799147353e-16 -1 -2.3348698237725095e-16 0.60592685036917227 -2.59948287353665e-16 0.79552036554804484 -0.79552036554804484 -4.4052884901555571e-17 0.60592685036917227 14.6
2 56.90000000000002 217.29000000000002 124.5900001 1.2246467991473532e-16 1 2.33486982377251e-16 -1 1.2246467991473532e-16 0 -2.8593908561087489e-32 -2.33486982377251e-16 1 3.4500000000000002
2 56.90000000000002 217.29000000000002 124.5900001 1.2246467991473532e-16 1 2.33486982377251e-16 -1 1.2246467991473532e-16 0 -2.8593908561087489e-32 -2.33486982377251e-16 1 3.4500000000000002
8 0 6.0325234597487354
2 44.700000000000024 217.29000000000002 112.1650001 -1.224646799147353e-16 -1 -2.3348698237725095e-16 0.60592685036917227 -2.59948287353665e-16 0.79552036554804484 -0.79552036554804484 -4.4052884901555571e-17 0.60592685036917227 14.6
1 50.799795078525207 217.29000000000002 121.66500009999999 2.3348698237725095e-16 -2.3348698237725105e-16 1 
8 0 1
7 0 0  6 22 5  52.274292793282271 217.29000000000002 125.68831658234384  52.317634982029929 217.29000000000002 125.6640409966689  52.364217676536967 217.29000000000002 125.6421934773945  52.41390130209421 217.29000000000002 125.62337640451406  52.466385350256985 217.29000000000002 125.60822727978915  52.521145431433176 217.29000000000002 125.59733598136803  52.63389170076492 217.29000000000002 125.58489681060412  52.69188102277284 217.29000000000002 125.58335759273791  52.750772636850144 217.29000000000002 125.58691953276565  52.809711784033354 217.29000000000002 125.59583622262868  52.867768613938118 217.29000000000002 125.61007216010317  52.980215481929726 217.29000000000002 125.6485292937284  53.034619421355359 217.29000000000002 125.67271039614801  53.086487255357142 217.29000000000002 125.70160025830741  53.135070870976101 217.29000000000002 125.73466506733229  53.179854145634664 217.29000000000002 125.77119091949247  53.26153472322823 217.29000000000002 125.84995895976589  53.29837391706765 217.29000000000002 125.89224001140576  53.33077170128103 217.29000000000002 125.93651870338466  53.358672366173451 217.29000000000002 125.98199729791638  53.382230189723543 217.29000000000002 126.02797896098149  53.401706810882246 217.29000000000002 126.07389523206702 
 0 7 0.24988776017409797 5 0.49999999948634966 5 0.74911212878379718 5 1 7
2 56.90000000000002 217.29000000000002 124.5900001 -1.2246467991473532e-16 -1 -2.33486982377251e-16 -1 1.2246467991473532e-16 0 2.8593908561087489e-32 2.33486982377251e-16 -1 3.7999999999999998
8 0 1
7 0 0  6 22 5  58.44757024819706 217.29000000000002 121.11940557933133  58.402199117174725 217.29000000000002 121.09917417169237  58.356837107314533 217.29000000000002 121.07489352945584  58.312050542110981 217.29000000000002 121.04631541794393  58.26853011051341 217.29000000000002 121.01329961377346  58.227062168205009 217.29000000000002 120.97591383262019  58.149687522574851 217.29000000000002 120.89297036734953  58.113785883366745 217.29000000000002 120.84740499715704  58.081434031059061 217.29000000000002 120.79806670292618  58.053346251435379 217.29000000000002 120.74548907398915  58.030049977732872 217.29000000000002 120.69043872389096  57.993653959905267 217.29000000000002 120.5773079184749  57.980513765092383 217.29000000000002 120.51924028877005  57.972664379693214 217.29000000000002 120.46039062021981  57.97012513166014 217.29000000000002 120.4016777466579  57.972632293161659 217.29000000000002 120.34394219689545  57.986943433176798 217.29000000000002 120.23137527370741  57.998813304949671 217.29000000000002 120.1765672480673  58.014939739449481 217.29000000000002 120.12412530783146  58.034716556836457 217.29000000000002 120.07457102289081  58.057492927060437 217.29000000000002 120.02819730891275  58.082656743565551 217.29000000000002 119.98513427301137 
 0 7 0.24988776017431424 5 0.49999999948649809 5 0.74911212878371303 5 1 7
8 0 5.8828258763482051
2 44.700000000000024 217.29000000000002 112.1650001 -1.2246467991473532e-16 -1 -2.3348698237725095e-16 0.54474218170974931 -2.6251469498195179e-16 0.83860357468001678 -0.83860357468001678 -2.4490889832468391e-17 0.54474218170974931 15.5
8 0 1
7 0 0  6 22 5  58.447570248197053 217.29000000000002 103.21059462066867  58.402199117174717 217.29000000000002 103.23082602830763  58.356837107314526 217.29000000000002 103.25510667054412  58.312050542110974 217.29000000000002 103.28368478205613  58.26853011051341 217.29000000000002 103.31670058622652  58.227062168205002 217.29000000000002 103.35408636737979  58.14968752257483 217.29000000000002 103.43702983265047  58.113785883366788 217.29000000000002 103.48259520284293  58.081434031059018 217.29000000000002 103.53193349707379  58.053346251435379 217.29000000000002 103.58451112601085  58.030049977732865 217.29000000000002 103.63956147610901  57.993653959905252 217.29000000000002 103.7526922815251  57.980513765092368 217.29000000000002 103.81075991122995  57.972664379693228 217.29000000000002 103.86960957978008  57.970125131660126 217.29000000000002 103.92832245334219  57.972632293161645 217.29000000000002 103.98605800310449  57.986943433176798 217.29000000000002 104.09862492629263  57.998813304949621 217.29000000000002 104.15343295193249  58.014939739449552 217.29000000000002 104.20587489216879  58.034716556836393 217.29000000000002 104.25542917710905  58.057492927060437 217.29000000000002 104.30180289108725  58.082656743565543 217.29000000000002 104.34486592698863 
 0 7 0.24988776017419467 5 0.49999999948639284 5 0.74911212878364553 5 1 7
2 56.90000000000002 217.29000000000002 99.740000100000003 -1.2246467991473532e-16 -1 -2.33486982377251e-16 -1 1.2246467991473532e-16 0 2.8593908561087489e-32 2.33486982377251e-16 -1 3.7999999999999998
7 0 0  7 50 9  49.797793640389955 220.59000000000003 123.19382596679108  49.769433220017461 220.63315688675038 123.20693484822232  49.740440684177344 220.67634704251861 123.21927512724926  49.7108217250614 220.71953727280123 123.23083849899774  49.680583854780707 220.76269451035682 123.24161819372358  49.649736405365587 220.80578581520638 123.25160897681275  49.618290528765613 220.84877837463313 123.2608071487812  49.472767175782607 221.04350318830927 123.29898509397009  49.351893924282173 221.19376043121815 123.31879003761799  49.224281106234059 221.34086850413888 123.32850291330266  49.09073941579129 221.48355303883233 123.32831464944388  48.952211140426897 221.62079865128368 123.31859951564437  48.809737008668762 221.75183073714834 123.2998313289655  48.528473506499239 221.9923457160474 123.24701729547377  48.390006564481965 222.10269962407841 123.21402617995855  48.249808061717253 222.20679316850459 123.17398305279508  48.108678275297528 222.30442349827246 123.12728608815041  47.967419234913699 222.39550869800081 123.07429842765399  47.826854468992742 222.48005625186141 123.01529158076536  47.590457651229769 222.61287101787576 122.90482945198494  47.493847315546581 222.66441000895622 122.85640419096043  47.398340610431553 222.71279012062712 122.80510235358346  47.304303511737871 222.7580289424003 122.75091791808165  47.21218569436526 222.80013411135423 122.6938184087287  47.122554878079953 222.839104798569 122.63371995657295  47.010485823568111 222.88556709454269 122.55162646859381  46.985098085614048 222.8959325894391 122.53253823025747  46.960018852271851 222.90601790247081 122.51316578210538  46.935270952108297 222.91582181220764 122.49350470589741  46.910879610817275 222.92534271271398 122.4735503339644  46.886872451219773 222.93457861354841 122.4532977492081  46.833664029969214 222.95475993008108 122.40693856018882  46.804702357999517 222.96553955125893 122.38065810734275  46.776453095235077 222.97586168975283 122.35388954128223  46.748984065129157 222.98572022211613 122.32662298574431  46.722371619424166 222.99510753635053 122.29884994848319  46.696699960867839 223.00401485325659 122.27056369626879  46.622994175758322 223.0291952713423 122.1844001473643  46.577979150146909 223.04403048285087 122.12493913592439  46.537799029299066 223.05683927982307 122.06339202418684  46.503335492651473 223.06751275947835 121.99985241638549  46.475508738388854 223.07595435159351 121.9345108820998  46.454987928464845 223.08210610988203 121.86772088128313  46.438197377797295 223.08710909965254 121.78093221471798  46.43508827541234 223.08803251778869 121.76171157601004  46.432577906274993 223.08877628748479 121.74243440954669  46.430665650850358 223.08934190366824 121.7231128028036  46.429347641503803 223.08973140221576 121.70375866221292  46.42861676250093 223.08994735995333 121.68438371316333  46.428462650007617 223.08999289465629 121.66499949999999 
 0 8 0.071656501089647343 6 0.32554669686999471 6 0.56308998720218462 6 0.72962582784155627 6 0.77911977693341938 6 0.84124790157877383 6 0.9649678316852266 6 1 8
2 44.700000000000024 217.24000000000001 121.66500009999999 2.3348698237725095e-16 -2.3348698237725105e-16 1 -1 1.2246467991473527e-16 2.33486982377251e-16 -1.2246467991473532e-16 -1 -2.33486982377251e-16 6.0999999999999996
7 0 0  7 50 9  39.602206359610094 220.59000000000003 123.19382596679108  39.630566779982587 220.63315688675038 123.20693484822232  39.659559315822712 220.67634704251861 123.21927512724926  39.689178274938648 220.71953727280123 123.23083849899774  39.719416145219341 220.76269451035682 123.24161819372358  39.750263594634461 220.80578581520638 123.25160897681275  39.781709471234436 220.84877837463313 123.2608071487812  39.927232824217462 221.04350318830927 123.29898509397009  40.048106075717769 221.19376043121804 123.31879003761799  40.17571889376611 221.34086850413894 123.32850291330266  40.309260584208822 221.48355303883233 123.32831464944391  40.447788859572974 221.62079865128356 123.31859951564439  40.590262991331393 221.75183073714845 123.2998313289655  40.871526493500902 221.99234571604751 123.24701729547377  41.009993435517927 222.1026996240783 123.21402617995858  41.150191938282894 222.20679316850465 123.17398305279502  41.291321724702613 222.30442349827251 123.12728608815041  41.432580765086172 222.3955086980007 123.07429842765401  41.573145531007384 222.48005625186147 123.01529158076531  41.80954234877025 222.61287101787576 122.90482945198494  41.906152684453517 222.66441000895622 122.85640419096043  42.001659389568488 222.71279012062712 122.80510235358344  42.095696488262142 222.7580289424003 122.75091791808168  42.187814305634795 222.80013411135423 122.69381840872873  42.277445121920103 222.839104798569 122.63371995657295  42.389514176431938 222.88556709454269 122.55162646859381  42.414901914386 222.8959325894391 122.53253823025747  42.439981147728197 222.90601790247081 122.51316578210538  42.464729047891744 222.91582181220764 122.49350470589744  42.489120389182766 222.92534271271398 122.4735503339644  42.513127548780268 222.93457861354841 122.4532977492081  42.566335970030813 222.95475993008108 122.40693856018882  42.595297642000531 222.96553955125893 122.38065810734275  42.623546904764979 222.97586168975283 122.35388954128223  42.651015934870891 222.98572022211613 122.32662298574434  42.677628380575882 222.99510753635047 122.29884994848319  42.703300039132209 223.00401485325659 122.27056369626879  42.777005824241826 223.02919527134236 122.18440014736419  42.822020849852883 223.04403048285076 122.12493913592482  42.862200970701409 223.05683927982318 122.06339202418613  42.896664507348149 223.06751275947823 121.99985241638623  42.924491261611401 223.07595435159357 121.93451088209935  42.945012071535182 223.08210610988203 121.86772088128328  42.961802622202754 223.08710909965254 121.78093221471798  42.964911724587708 223.08803251778869 121.76171157601004  42.967422093725055 223.08877628748479 121.74243440954669  42.96933434914969 223.08934190366824 121.7231128028036  42.970652358496245 223.08973140221576 121.70375866221292  42.971383237499118 223.08994735995333 121.68438371316333  42.971537349992438 223.08999289465629 121.66499949999999 
 0 8 0.071656501089547603 6 0.32554669686957727 6 0.56308998720175929 6 0.72962582784117558 6 0.77911977693305656 6 0.84124790157842744 6 0.96496783168519507 6 1 8
7 0 0  6 12 3  39.602206753898372 220.5900006 123.19382614904077  39.533058463515282 220.48477563744495 123.16186411734972  39.466848141296481 220.37834252414393 123.13062869223688  39.40355164194991 220.2707665444093 123.10020103882084  39.34314780708965 220.16210763587833 123.07065823579492  39.285618465235913 220.05242038951314 123.04207327542733  39.062525661905966 219.60082264097542 122.92961607803184  38.921057333459324 219.25022857239952 122.85436974840596  38.806566901945949 218.89209589328584 122.79101053577617  38.719002329355874 218.52826557636598 122.74131186238429  38.658377554856507 218.1603846045536 122.70647995069845  38.624845626652821 217.7899994 122.68711962697745 
 0 7 0.24505511878829195 5 1 7
1 38.624845680972399 217.79000000000002 121.66500009999999 2.3348698237725095e-16 -2.3348698237725105e-16 1 
7 0 0  4 5 2  38.624845735292041 217.79000060000004 122.57148849234449  38.612426152013562 217.65281732361791 122.56423812300994  38.604142097710259 217.51531795689283 122.55937549444334  38.600000000000023 217.37765889722397 122.55694409523016  38.600000000000023 217.24000000000001 122.55694409523016 
 0 5 1 5
1 38.600000000000023 217.24000000000001 121.66500009999999 2.3348698237725095e-16 -2.3348698237725105e-16 1 
7 0 0  4 29 10  38.600204926393076 217.29000059999998 125.42970891926929  38.600193319287101 217.28858459763524 125.42970358172524  38.600182150469223 217.28716859269065 125.42969844571215  38.600171419939223 217.28575258531237 125.42969351123277  38.600150835435045 217.28292056328644 125.42968404533713  38.60014098146253 217.28150454863885 125.42967951392164  38.600131565779172 217.28008853184974 125.42967518404537  38.600113920541659 217.27730532028119 125.4296670697253  38.600105661283152 217.27593812563703 125.42966327162235  38.600097810609164 217.2745709292642 125.42965966140345  38.600082660630278 217.27178770284661 125.42965269450576  38.600075391032362 217.27037167268566 125.42964935148761  38.600068559725671 217.26895564095764 125.42964621001749  38.600055773686968 217.26612357298626 125.42964033017283  38.600049818955995 217.26470753674295 125.42963759179878  38.600044302517041 217.26329149922475 125.4296350549762  38.600034146218249 217.26045942060176 125.42963038443416  38.60002950635922 217.25904337949697 125.42962825071507  38.600025304792872 217.25762733740959 125.42962631855021  38.600017778242744 217.25479525057682 125.42962285732945  38.600014453259583 217.25337920583149 125.42962132827384  38.600011566569556 217.2519631603958 125.42962000077446  38.600006669774579 217.24913106779513 125.42961774888882  38.60000465967002 217.24771502063021 125.42961682450272  38.600003087858923 217.24629897306716 125.42961610167418  38.600000977170623 217.24366219412639 125.42961513103207  38.600000325723556 217.24244146281336 125.429614831451  38.600000000000023 217.24122073140666 125.4296146816605  38.600000000000023 217.24000000000001 125.4296146816605 
 0 5 0.11328065172478047 3 0.22656151898181076 3 0.33593632811976815 3 0.44921753875448323 3 0.56249888326070974 3 0.67578033410355876 3 0.78906186374876519 3 0.90234344466277872 3 1 5
1 38.600204921474841 217.29000000000002 121.66500009999999 2.3348698237725095e-16 -2.3348698237725105e-16 1 
1 38.600000000000023 217.24000000000001 121.66500009999999 2.3348698237725095e-16 -2.3348698237725105e-16 1 
2 44.700000000000024 217.24000000000001 128.16500009999999 2.3348698237725095e-16 -2.3348698237725105e-16 1 -1 1.2246467991473527e-16 2.33486982377251e-16 -1.2246467991473532e-16 -1 -2.33486982377251e-16 6.0999999999999996
7 0 0  4 50 17  50.799795073606973 217.18999939999998 125.42970891926929  50.799806680712948 217.19141540236473 125.42970358172522  50.799817849530825 217.19283140730931 125.42969844571216  50.799828580060826 217.1942474146876 125.42969351123277  50.799849164565003 217.19707943671352 125.42968404533711  50.799859018537532 217.19849545136117 125.42967951392163  50.799868434220869 217.19991146815028 125.42967518404537  50.799886079458389 217.20269467971877 125.4296670697253  50.799894338716911 217.20406187436299 125.42966327162235  50.799902189390885 217.20542907073576 125.42965966140345  50.799917073580318 217.20816346855639 125.4296528167322  50.799924107094654 217.20953067000426 125.42964958228036  50.799930732023576 217.2108978729176 125.42964653571632  50.799943386730654 217.21368111178793 125.42964071626743  50.79994938680197 217.21509714784185 125.42963795704337  50.799954948581274 217.2165131851807 125.4296353993707  50.799965195560915 217.21934526347707 125.42963068712822  50.799969880760415 217.22076130443452 125.42962853255882  50.799974127667276 217.22217734638468 125.42962657954355  50.799981744898517 217.22500943297501 125.42962307662179  50.79998511522227 217.22642547761512 125.42962152671561  50.799988047252917 217.22784152295571 125.42962017836558  50.799993034729191 217.23067361539808 125.42961788477855  50.799995090174406 217.23208966249996 125.42961693954172  50.799996707326201 217.23350571000992 125.42961619586239  50.799999099187708 217.23637882032926 125.4296150959172  50.799999848140033 217.23783588315399 125.42961475149636  50.800000133041593 217.23929294609695 125.42961462047865  50.799999731038611 217.24256253109814 125.42961480534781  50.799998790100396 217.24437505313392 125.42961523805718  50.799997131077717 217.24618757479982 125.42961600099204  50.799992376860736 217.24981261872296 125.42961818731213  50.799989281664907 217.25162514098014 125.42961961069807  50.799985468382907 217.25343766225456 125.4296213643084  50.799976405636926 217.25706270599807 125.42962553197877  50.799971156169953 217.2588752284671 125.42962794604018  50.799965188613555 217.26068774934055 125.42963069032393  50.799951817300794 217.26431279291046 125.42963683934056  50.799944413539968 217.26612531560704 125.42964024407549  50.799936291684872 217.26793783609503 125.42964397902973  50.799918611749291 217.27156287948537 125.42965210938682  50.799909053662915 217.27337540238773 125.42965650479238  50.799898777475839 217.27518792246855 125.42966123041323  50.799876788843143 217.2788129656854 125.42967134210319  50.799865076390148 217.28062548882127 125.42967672817569  50.799852645828416 217.28243800852283 125.42968244445854  50.799829068829496 217.28568804704514 125.42969328647042  50.7998181887952 217.28712556725367 125.42969828970045  50.799806857054421 217.28856308495625 125.42970350063435  50.799795073606973 217.29000059999998 125.42970891926929 
 0 5 0.056640325862900159 3 0.11328075949213839 3 0.16796816406181769 3 0.22265564386532807 3 0.27929631404028765 3 0.33593703785834034 3 0.39257780155227945 3 0.44921859135532771 3 0.50749993969849827 3 0.57999937105157862 3 0.65249888015641921 3 0.72499854017642995 3 0.79749842528415715 3 0.86999860815887253 3 0.94249916346415019 3 1 5
7 0 0  8 9 2  49.797793640389948 213.88999999999999 123.083562276404  50.073200224174869 214.30909430786278 123.31238119291839  50.29393989674702 214.73079358848395 123.56650391630677  50.468493942896522 215.15135238022572 123.8424030691622  50.602240360310589 215.56865784812874 124.13612325070446  50.699531979664229 215.98143368965265 124.44412881597762  50.763514709156262 216.38912639463382 124.76359917478973  50.796530802821685 216.79177174257495 125.09251136190373  50.7997950785252 217.19 125.42970891700764 
 0 9 1 9
7 0 0  6 17 4  49.797793246101676 213.88999940000002 123.08356246049419  49.862879057000129 213.98904236948937 123.05317439325049  49.925361465914818 214.08915459495404 123.02343481418373  49.985263138596927 214.19028630664889 122.99441096125648  50.042602735424182 214.29238921172737 122.96616766666787  50.097394911400841 214.39541649424143 122.93876735685356  50.345839850609771 214.88943237067804 122.81278763851637  50.506664665285641 215.29270964773445 122.72583507790068  50.631935558079306 215.70581347165302 122.65493478265182  50.72169891113937 216.12588832495624 122.60279825965287  50.775911773408382 216.55039356364586 122.57106812101981  50.800174550280225 217.11244052851202 122.55684384626628  50.80240740004934 217.24809766444395 122.55552952603446  50.801020688379857 217.38378465519776 122.55634418929762  50.796014476015472 217.51939877347502 122.55928741902989  50.787390918206114 217.65483791529613 122.56434491471464  50.775154264708014 217.79000059999998 122.57148849234449 
 0 7 0.16814143683068208 5 0.79941757692445981 5 1 7
1 50.775154319027649 217.79000000000002 121.66500009999999 2.3348698237725095e-16 -2.3348698237725105e-16 1 
7 0 0  6 12 3  50.775154373347227 217.7899994 122.68711962697745  50.741629406556811 218.16030771054199 122.70647593138847  50.681022818163584 218.52811308473122 122.74129741393963  50.593487507047215 218.89186988507402 122.79097965591058  50.47903745773673 219.24993202276761 122.85431729194272  50.337620776194946 219.60045962695307 122.92953818281072  50.114565199829471 220.05207018077539 123.04198201465118  50.05700646793057 220.16183009859452 123.07058278036502  49.996569604913873 220.27056047143299 123.10014275279994  49.933236411659593 220.37820660357755 123.13058880327949  49.866985690676451 220.48470844672858 123.16184370820201  49.797793246101676 220.5900006 123.19382614904077 
 0 7 0.75478845935792627 5 1 7
8 0 5.8828258763482051
2 44.700000000000024 217.29000000000002 112.1650001 -1.2246467991473532e-16 -1 -2.3348698237725095e-16 0.54474218170974931 -2.6251469498195179e-16 0.83860357468001678 -0.83860357468001678 -2.4490889832468391e-17 0.54474218170974931 15.5
8 0 1
7 0 0  6 22 5  37.125707206717777 217.29000000000002 98.641683617656156  37.082365017970098 217.29000000000002 98.665959203331113  37.035782323463152 217.29000000000002 98.687806722605472  36.986098697905703 217.29000000000002 98.706623795485996  36.933614649743149 217.29000000000002 98.721772920210839  36.878854568566844 217.29000000000002 98.732664218631982  36.766108299235135 217.29000000000002 98.745103389395879  36.708118977227201 217.29000000000002 98.746642607262103  36.649227363149876 217.29000000000002 98.743080667234324  36.590288215966716 217.29000000000002 98.734163977371338  36.532231386061923 217.29000000000002 98.719928039896843  36.419784518070308 217.29000000000002 98.681470906271613  36.365380578644775 217.29000000000002 98.657289803852009  36.313512744642772 217.29000000000002 98.628399941692578  36.264929129024026 217.29000000000002 98.595335132667742  36.22014585436537 217.29000000000002 98.558809280507518  36.138465276771669 217.29000000000002 98.480041240233973  36.101626082932768 217.29000000000002 98.437760188594723  36.069228298718571 217.29000000000002 98.39348149661464  36.041327633826874 217.29000000000002 98.348002902084161  36.01776981027642 217.29000000000002 98.30202123901833  35.998293189117803 217.29000000000002 98.256104967932998 
 0 7 0.24988776017375347 5 0.49999999948574325 5 0.74911212878301192 5 1 7
8 0 4.3911924972139964
2 32.500000000000021 217.29000000000002 99.740000100000003 1.2246467991473532e-16 1 2.3348698237725095e-16 0.98855162723664014 -8.5833441783393518e-17 -0.15088300198428881 -0.15088300198428881 2.4929177491018447e-16 -0.98855162723664014 3.7999999999999998
8 0 1
7 0 0  6 22 5  31.317343256434498 217.29000000000002 104.34486592698863  31.3424067629938 217.29000000000002 104.30197455228168  31.365101820957506 217.29000000000002 104.25579884579008  31.38482360051335 217.29000000000002 104.20646735187933  31.400929215268896 217.29000000000002 104.15426888001652  31.412819303606728 217.29000000000002 104.09971695364312  31.427316563478179 217.29000000000002 103.98721680398222  31.429915139243775 217.29000000000002 103.92926528922558  31.427429896002259 217.29000000000002 103.87031842169739  31.419591665494657 217.29000000000002 103.8112261838709  31.406418953246128 217.29000000000002 103.75291891960335  31.370022935418525 217.29000000000002 103.63978811418728  31.346839970890017 217.29000000000002 103.58495140663717  31.318902691580398 217.29000000000002 103.53256433987085  31.28673115128089 217.29000000000002 103.48338465608529  31.25102970363622 217.29000000000002 103.43794143655552  31.173767329681624 217.29000000000002 103.35483520035467  31.132166484530817 217.29000000000002 103.3172295729409  31.088487176520822 217.29000000000002 103.28402811156963  31.04352599229242 217.29000000000002 103.2553010933693  30.997982468577622 217.29000000000002 103.23090699907678  30.952429751802988 217.29000000000002 103.21059462066867 
 0 7 0.24988776017421954 5 0.49999999948645724 5 0.74911212878361921 5 1 7
8 0 5.8828258763482051
2 44.700000000000024 217.29000000000002 112.1650001 -1.2246467991473532e-16 -1 -2.3348698237725095e-16 0.54474218170974931 -2.6251469498195179e-16 0.83860357468001678 -0.83860357468001678 -2.4490889832468391e-17 0.54474218170974931 15.5
8 0 1
7 0 0  6 22 5  30.952429751802988 217.29000000000002 121.11940557933133  30.997800882825324 217.29000000000002 121.09917417169237  31.043162892685505 217.29000000000002 121.07489352945584  31.087949457889081 217.29000000000002 121.04631541794393  31.131469889486631 217.29000000000002 121.01329961377346  31.172937831795039 217.29000000000002 120.97591383262019  31.250312477425194 217.29000000000002 120.89297036734953  31.28621411663331 217.29000000000002 120.84740499715704  31.31856596894098 217.29000000000002 120.79806670292621  31.346653748564687 217.29000000000002 120.74548907398912  31.369950022267176 217.29000000000002 120.69043872389099  31.406346040094782 217.29000000000002 120.57730791847493  31.419486234907673 217.29000000000002 120.51924028877002  31.427335620306842 217.29000000000002 120.4603906202199  31.429874868339901 217.29000000000002 120.40167774665784  31.427367706838396 217.29000000000002 120.34394219689545  31.413056566823251 217.29000000000002 120.23137527370739  31.401186695050363 217.29000000000002 120.17656724806736  31.385060260550606 217.29000000000002 120.12412530783143  31.365283443163563 217.29000000000002 120.07457102289078  31.342507072939632 217.29000000000002 120.02819730891278  31.317343256434501 217.29000000000002 119.98513427301137 
 0 7 0.24988776017436698 5 0.49999999948661517 5 0.74911212878377276 5 1 7
8 0 4.3911924972139307
2 32.500000000000021 217.29000000000002 124.5900001 1.2246467991473532e-16 1 2.33486982377251e-16 -0.168921205710335 2.5081855270531906e-16 -0.98562955833384325 -0.98562955833384325 8.126390579502308e-17 0.168921205710335 3.7999999999999998
8 0 1
7 0 0  6 22 5  37.125707206717777 217.29000000000002 125.68831658234386  37.082365017970119 217.29000000000002 125.6640409966689  37.03578232346311 217.29000000000002 125.64219347739451  36.986098697905788 217.29000000000002 125.62337640451405  36.933614649743092 217.29000000000002 125.60822727978915  36.878854568566872 217.29000000000002 125.59733598136803  36.766108299235178 217.29000000000002 125.58489681060414  36.708118977227073 217.29000000000002 125.58335759273788  36.649227363150075 217.29000000000002 125.58691953276571  36.590288215966567 217.29000000000002 125.59583622262868  36.532231386061973 217.29000000000002 125.61007216010316  36.419784518070323 217.29000000000002 125.6485292937284  36.365380578644661 217.29000000000002 125.67271039614805  36.313512744642971 217.29000000000002 125.70160025830732  36.264929129023884 217.29000000000002 125.73466506733237  36.220145854365398 217.29000000000002 125.77119091949245  36.13846527677174 217.29000000000002 125.84995895976596  36.101626082932569 217.29000000000002 125.89224001140551  36.069228298718819 217.29000000000002 125.93651870338505  36.041327633826711 217.29000000000002 125.98199729791611  36.017769810276455 217.29000000000002 126.02797896098157  35.998293189117803 217.29000000000002 126.07389523206702 
 0 7 0.24988776017427816 5 0.4999999994865067 5 0.74911212878372813 5 1 7
8 0 6.0325234597487354
2 44.700000000000024 217.29000000000002 112.1650001 -1.224646799147353e-16 -1 -2.3348698237725095e-16 0.60592685036917227 -2.59948287353665e-16 0.79552036554804484 -0.79552036554804484 -4.4052884901555571e-17 0.60592685036917227 14.6
2 32.500000000000021 217.29000000000002 124.5900001 1.2246467991473532e-16 1 2.33486982377251e-16 -1 1.2246467991473532e-16 0 -2.8593908561087489e-32 -2.33486982377251e-16 1 3.4500000000000002
2 32.500000000000021 217.29000000000002 124.5900001 1.2246467991473532e-16 1 2.33486982377251e-16 -1 1.2246467991473532e-16 0 -2.8593908561087489e-32 -2.33486982377251e-16 1 3.4500000000000002
8 0 6.0325234597487354
2 44.700000000000024 217.29000000000002 112.1650001 -1.224646799147353e-16 -1 -2.3348698237725095e-16 0.60592685036917227 -2.59948287353665e-16 0.79552036554804484 -0.79552036554804484 -4.4052884901555571e-17 0.60592685036917227 14.6
2 32.500000000000021 217.29000000000002 99.740000100000003 1.2246467991473532e-16 1 2.33486982377251e-16 -1 1.2246467991473532e-16 0 -2.8593908561087489e-32 -2.33486982377251e-16 1 3.4500000000000002
2 32.500000000000021 217.29000000000002 99.740000100000003 1.2246467991473532e-16 1 2.33486982377251e-16 -1 1.2246467991473532e-16 0 -2.8593908561087489e-32 -2.33486982377251e-16 1 3.4500000000000002
8 0 6.0325234597487354
2 44.700000000000024 217.29000000000002 112.1650001 -1.224646799147353e-16 -1 -2.3348698237725095e-16 0.60592685036917227 -2.59948287353665e-16 0.79552036554804484 -0.79552036554804484 -4.4052884901555571e-17 0.60592685036917227 14.6
1 38.600204921474841 217.29000000000002 102.6650001 -1.1102230246251563e-16 2.33486982377251e-16 -1 
7 0 0  2 5 4  35.998293189117803 202.96379999999999 126.073895232067  35.998293189117803 203.37689999999998 126.073895232067  35.998293189117803 210.54000000000002 126.07389523206702  35.998293189117803 217.70310000000001 126.07389523206702  35.998293189117803 218.11619999999999 126.07389523206702 
 -0.82620000000001026 3 -1.0466698812367707e-14 1 13.499999999999996 1 14.326199999999996 3
7 0 0  6 22 5  35.998293189117803 203.99000000000001 126.073895232067  36.017769810276405 203.99000000000001 126.02797896098167  36.041327633826867 203.99000000000001 125.98199729791581  36.069228298718585 203.99000000000001 125.93651870338536  36.101626082932754 203.99000000000001 125.89224001140528  36.138465276771669 203.99000000000001 125.84995895976601  36.220145854365413 203.99000000000001 125.77119091949243  36.264929129023841 203.99000000000001 125.73466506733237  36.313512744643063 203.99000000000001 125.70160025830727  36.365380578644576 203.99000000000001 125.67271039614806  36.419784518070344 203.99000000000001 125.64852929372837  36.53223138606198 203.99000000000001 125.61007216010313  36.590288215966524 203.99000000000001 125.59583622262868  36.649227363150132 203.99000000000001 125.58691953276566  36.708118977227024 203.99000000000001 125.58335759273788  36.766108299235199 203.99000000000001 125.58489681060412  36.878854568566872 203.99000000000001 125.59733598136802  36.933614649743078 203.99000000000001 125.60822727978915  36.986098697905803 203.99000000000001 125.62337640451403  37.035782323463081 203.99000000000001 125.6421934773945  37.082365017970119 203.99000000000001 125.66404099666889  37.125707206717777 203.99000000000001 125.68831658234383 
 0 7 0.25088787121643713 5 0.50000000051345705 5 0.75011223982565522 5 1 7
2 32.500000000000021 203.99000000000001 124.5900001 1.2246467991473532e-16 1 2.33486982377251e-16 -1 1.2246467991473532e-16 0 -2.8593908561087489e-32 -2.33486982377251e-16 1 3.7999999999999998
7 0 0  6 22 5  31.317343256434501 203.99000000000001 119.98513427301137  31.342507072939661 203.99000000000001 120.02819730891284  31.365283443163467 203.99000000000001 120.07457102289058  31.385060260550713 203.99000000000001 120.12412530783178  31.401186695050303 203.99000000000001 120.17656724806707  31.413056566823261 203.99000000000001 120.2313752737075  31.427367706838396 203.99000000000001 120.34394219689548  31.429874868339898 203.99000000000001 120.40167774665787  31.427335620306849 203.99000000000001 120.46039062021981  31.419486234907662 203.99000000000001 120.51924028877008  31.406346040094789 203.99000000000001 120.5773079184749  31.36995002226719 203.99000000000001 120.69043872389094  31.346653748564613 203.99000000000001 120.74548907398926  31.318565968941108 203.99000000000001 120.79806670292601  31.286214116633193 203.99000000000001 120.84740499715716  31.250312477425236 203.99000000000001 120.89297036734951  31.172937831795043 203.99000000000001 120.97591383262019  31.131469889486628 203.99000000000001 121.01329961377346  31.087949457889074 203.99000000000001 121.04631541794393  31.043162892685512 203.99000000000001 121.07489352945584  30.99780088282532 203.99000000000001 121.09917417169237  30.952429751802985 203.99000000000001 121.11940557933133 
 0 7 0.25088787121614503 5 0.50000000051367421 5 0.75011223982591935 5 1 7
2 44.700000000000024 203.99000000000001 112.1650001 1.2246467991473532e-16 1 2.33486982377251e-16 -1 1.2246467991473532e-16 0 -2.8593908561087489e-32 -2.33486982377251e-16 1 15.5
7 0 0  6 22 5  30.952429751802988 203.99000000000001 103.21059462066867  30.997982468577661 203.99000000000001 103.23090699907681  31.043525992292288 203.99000000000001 103.25530109336924  31.088487176521014 203.99000000000001 103.28402811156974  31.132166484530664 203.99000000000001 103.31722957294079  31.17376732968167 203.99000000000001 103.35483520035473  31.251029703636242 203.99000000000001 103.43794143655555  31.286731151280808 203.99000000000001 103.48338465608518  31.318902691580487 203.99000000000001 103.53256433987102  31.346839970889963 203.99000000000001 103.58495140663706  31.370022935418532 203.99000000000001 103.6397881141873  31.406418953246121 203.99000000000001 103.75291891960333  31.419591665494664 203.99000000000001 103.81122618387093  31.427429896002256 203.99000000000001 103.87031842169733  31.429915139243771 203.99000000000001 103.92926528922561  31.427316563478183 203.99000000000001 103.98721680398219  31.412819303606724 203.99000000000001 104.09971695364314  31.400929215268903 203.99000000000001 104.1542688800165  31.384823600513332 203.99000000000001 104.20646735187934  31.36510182095752 203.99000000000001 104.25579884579005  31.342406762993793 203.99000000000001 104.30197455228168  31.317343256434494 203.99000000000001 104.34486592698863 
 0 7 0.25088787121602335 5 0.50000000051327442 5 0.75011223982564723 5 1 7
2 32.500000000000021 203.99000000000001 99.740000100000003 1.2246467991473532e-16 1 2.33486982377251e-16 -1 1.2246467991473532e-16 0 -2.8593908561087489e-32 -2.33486982377251e-16 1 3.7999999999999998
7 0 0  6 22 5  35.998293189117803 203.99000000000001 98.256104967932998  36.017769810276448 203.99000000000001 98.302021239018416  36.041327633826768 203.99000000000001 98.348002902083962  36.069228298718727 203.99000000000001 98.393481496614854  36.101626082932654 203.99000000000001 98.437760188594581  36.138465276771704 203.99000000000001 98.480041240234016  36.220145854365448 203.99000000000001 98.558809280507603  36.264929129023706 203.99000000000001 98.595335132667543  36.313512744643255 203.99000000000001 98.628399941692805  36.36538057864442 203.99000000000001 98.657289803851867  36.419784518070415 203.99000000000001 98.681470906271642  36.532231386061952 203.99000000000001 98.719928039896843  36.590288215966595 203.99000000000001 98.73416397737131  36.649227363150068 203.99000000000001 98.743080667234324  36.708118977227045 203.99000000000001 98.746642607262103  36.766108299235185 203.99000000000001 98.745103389395865  36.878854568566865 203.99000000000001 98.732664218631967  36.933614649743078 203.99000000000001 98.721772920210839  36.986098697905788 203.99000000000001 98.706623795485967  37.035782323463096 203.99000000000001 98.687806722605501  37.082365017970112 203.99000000000001 98.665959203331084  37.125707206717777 203.99000000000001 98.641683617656156 
 0 7 0.25088787121603967 5 0.50000000051309135 5 0.75011223982547892 5 1 7
2 44.700000000000024 203.99000000000001 112.1650001 1.2246467991473532e-16 1 2.33486982377251e-16 -1 1.2246467991473532e-16 0 -2.8593908561087489e-32 -2.33486982377251e-16 1 15.5
2 40.15000000000002 203.99000000000001 96.465000099999997 1.2246467991473532e-16 1 2.33486982377251e-16 -1 1.224646799147365e-16 -5.0753052554292927e-15 -5.0753052554292927e-15 -2.3348698237725036e-16 1 1.0499999999999998
1 39.100000000000023 203.99000000000001 95.265000100000009 -2.8593908561087489e-32 -2.33486982377251e-16 1 
1 39.450000000000017 203.99000000000001 95.615000100000003 -1 1.2246467991473532e-16 0 
2 32.450000000000017 203.99000000000001 99.765000100000009 1.2246467991473532e-16 1 2.33486982377251e-16 2.8593908561087489e-32 2.33486982377251e-16 -1 -1 1.2246467991473532e-16 0 4.1500000000000004
1 28.300000000000022 203.99000000000001 99.765000100000009 -2.8593908561087489e-32 -2.33486982377251e-16 1 
2 32.450000000000017 203.99000000000001 124.56500009999999 1.2246467991473532e-16 1 2.33486982377251e-16 -1 1.2246467991473532e-16 0 -2.8593908561087489e-32 -2.33486982377251e-16 1 4.1500000000000004
1 32.450000000000017 203.99000000000001 128.7150001 1 -1.2246467991473532e-16 0 
1 39.100000000000023 203.99000000000001 129.06500009999999 2.8593908561087489e-32 2.33486982377251e-16 -1 
2 40.15000000000002 203.99000000000001 127.86500009999999 -1.2246467991473532e-16 -1 -2.33486982377251e-16 -1 1.2246467991473532e-16 0 2.8593908561087489e-32 2.33486982377251e-16 -1 1.0499999999999998
2 39.100000000000023 203.63999999999999 127.86500009999999 2.8593908561087489e-32 2.33486982377251e-16 -1 1.2246467991473532e-16 1 2.33486982377251e-16 1 -1.2246467991473532e-16 0 0.34999999999999998
2 40.15000000000002 203.63999999999999 127.86500009999999 -1.2246467991473532e-16 -1 -2.33486982377251e-16 -1 1.2246467991473532e-16 0 2.8593908561087489e-32 2.33486982377251e-16 -1 0.69999999999999996
2 40.15000000000002 203.63999999999999 126.81500009999999 1 -1.224646799147353e-16 -6.123233995736766e-17 -6.1232339957367636e-17 2.33486982377251e-16 -1 1.2246467991473532e-16 1 2.33486982377251e-16 0.34999999999999998
1 40.15000000000002 203.79000000000002 127.13122786601683 1 -1.2246467991473532e-16 0 
2 49.250000000000021 203.63999999999999 126.81500009999999 1 -1.2246467991473532e-16 -8.8369196010906508e-49 1.2246467991473532e-16 1 2.33486982377251e-16 -2.8593908561087489e-32 -2.33486982377251e-16 1 0.34999999999999998
1 40.15000000000002 203.63999999999999 127.16500009999999 1 -1.2246467991473532e-16 0 
2 49.250000000000021 203.63999999999999 127.86500009999999 -1.2246467991473532e-16 -1 -2.33486982377251e-16 -1.2688263138573232e-15 2.3348698237725115e-16 -1 1 -1.2246467991473502e-16 -1.2688263138573232e-15 0.69999999999999996
2 50.300000000000018 203.63999999999999 127.86500009999999 1.3300586538146907e-15 -2.3348698237725115e-16 1 1 -1.22464679914735e-16 -1.3300586538146907e-15 1.2246467991473532e-16 1 2.33486982377251e-16 0.34999999999999998
2 49.250000000000021 203.99000000000001 127.86500009999999 -1.2246467991473532e-16 -1 -2.33486982377251e-16 -1.2688263138573232e-15 2.3348698237725115e-16 -1 1 -1.2246467991473502e-16 -1.2688263138573232e-15 1.0499999999999998
1 49.950000000000017 203.99000000000001 128.7150001 1 -1.2246467991473532e-16 0 
2 56.950000000000017 203.99000000000001 124.56500009999999 1.2246467991473532e-16 1 2.33486982377251e-16 3.9474596431116675e-16 -2.3348698237725105e-16 1 1 -1.2246467991473522e-16 -3.947459643111668e-16 4.1500000000000004
1 61.100000000000023 203.99000000000001 124.56500009999999 2.8593908561087489e-32 2.33486982377251e-16 -1 
2 56.950000000000017 203.99000000000001 99.765000100000009 1.2246467991473532e-16 1 2.33486982377251e-16 1 -1.2246467991473532e-16 0 2.8593908561087489e-32 2.33486982377251e-16 -1 4.1500000000000004
1 56.950000000000017 203.99000000000001 95.615000100000003 -1 1.2246467991473532e-16 0 
1 50.300000000000018 203.99000000000001 96.465000099999997 2.8593908561087489e-32 2.33486982377251e-16 -1 
2 49.250000000000021 203.99000000000001 96.465000099999997 1.2246467991473532e-16 1 2.33486982377251e-16 -1.2688263138573297e-15 -2.3348698237725085e-16 1 1 -1.2246467991473562e-16 1.2688263138573297e-15 1.0499999999999998
2 44.700000000000024 203.99000000000001 112.1650001 1.2246467991473532e-16 1 2.33486982377251e-16 -1 1.2246467991473532e-16 0 -2.8593908561087489e-32 -2.33486982377251e-16 1 15.5
7 0 0  6 22 5  52.274292793282257 203.99000000000001 98.641683617656156  52.317808447486385 203.99000000000001 98.666056359835466  52.364590602206142 203.99000000000001 98.687981559685454  52.414497987280299 203.99000000000001 98.706849590239926  52.467225843597696 203.99000000000001 98.722015082436144  52.522241611873973 203.99000000000001 98.732881488071712  52.635051242693407 203.99000000000001 98.745133349928409  52.692822965389041 203.99000000000001 98.74658511503182  52.751479637760028 203.99000000000001 98.742973454903961  52.810176052337077 203.99000000000001 98.734050044379757  52.867993881865544 203.99000000000001 98.719850997655101  52.980440749857124 203.99000000000001 98.681393864029872  53.035056225710129 203.99000000000001 98.657095567552119  53.087111840036478 203.99000000000001 98.628051748142411  53.135850744853222 203.99000000000001 98.594803758990452  53.180752491762689 203.99000000000001 98.558075516682038  53.262268274108216 203.99000000000001 98.479198197723377  53.298890086870365 203.99000000000001 98.437054043896993  53.331105147963427 203.99000000000001 98.392937594241118  53.358860121769141 203.99000000000001 98.347636310491595  53.38230782893276 203.99000000000001 98.30183820403785  53.401706810882239 203.99000000000001 98.256104967932998 
 0 7 0.25088787121615463 5 0.50000000051355087 5 0.75011223982581665 5 1 7
2 56.90000000000002 203.99000000000001 99.740000100000003 1.2246467991473532e-16 1 2.33486982377251e-16 -1 1.2246467991473532e-16 0 -2.8593908561087489e-32 -2.33486982377251e-16 1 3.7999999999999998
7 0 0  6 22 5  58.082656743565536 203.99000000000001 104.34486592698863  58.057492927060387 203.99000000000001 104.30180289108716  58.034716556836557 203.99000000000001 104.25542917710936  58.014939739449346 203.99000000000001 104.20587489216834  57.998813304949721 203.99000000000001 104.15343295193281  57.986943433176783 203.99000000000001 104.09862492629253  57.972632293161645 203.99000000000001 103.98605800310452  57.97012513166014 203.99000000000001 103.92832245334216  57.972664379693207 203.99000000000001 103.86960957978008  57.980513765092368 203.99000000000001 103.81075991122995  57.993653959905252 203.99000000000001 103.7526922815251  58.030049977732865 203.99000000000001 103.63956147610901  58.053346251435372 203.99000000000001 103.58451112601085  58.081434031059018 203.99000000000001 103.53193349707382  58.113785883366781 203.99000000000001 103.4825952028429  58.149687522574823 203.99000000000001 103.43702983265047  58.227062168205009 203.99000000000001 103.35408636737978  58.268530110513382 203.99000000000001 103.31670058622655  58.312050542111002 203.99000000000001 103.28368478205607  58.356837107314504 203.99000000000001 103.25510667054417  58.402199117174725 203.99000000000001 103.23082602830763  58.447570248197053 203.99000000000001 103.21059462066867 
 0 7 0.25088787121608047 5 0.50000000051341176 5 0.75011223982568809 5 1 7
2 44.700000000000024 203.99000000000001 112.1650001 1.2246467991473532e-16 1 2.33486982377251e-16 -1 1.2246467991473532e-16 0 -2.8593908561087489e-32 -2.33486982377251e-16 1 15.5
7 0 0  6 22 5  58.082656743565551 203.99000000000001 119.98513427301137  58.057492927060409 203.99000000000001 120.02819730891278  58.034716556836514 203.99000000000001 120.07457102289069  58.014939739449403 203.99000000000001 120.12412530783158  57.998813304949707 203.99000000000001 120.17656724806722  57.986943433176791 203.99000000000001 120.23137527370744  57.972632293161652 203.99000000000001 120.34394219689545  57.97012513166014 203.99000000000001 120.4016777466579  57.972664379693214 203.99000000000001 120.46039062021981  57.980513765092383 203.99000000000001 120.51924028877005  57.993653959905259 203.99000000000001 120.5773079184749  58.030049977732872 203.99000000000001 120.69043872389096  58.0533462514354 203.99000000000001 120.74548907398915  58.081434031059011 203.99000000000001 120.79806670292618  58.113785883366781 203.99000000000001 120.84740499715704  58.149687522574844 203.99000000000001 120.89297036734953  58.227062168205016 203.99000000000001 120.97591383262022  58.268530110513382 203.99000000000001 121.01329961377343  58.312050542111017 203.99000000000001 121.04631541794396  58.356837107314504 203.99000000000001 121.07489352945581  58.402199117174732 203.99000000000001 121.09917417169237  58.447570248197053 203.99000000000001 121.11940557933133 
 0 7 0.25088787121616407 5 0.50000000051339255 5 0.75011223982562925 5 1 7
2 56.90000000000002 203.99000000000001 124.5900001 1.2246467991473532e-16 1 2.33486982377251e-16 -1 1.2246467991473532e-16 0 -2.8593908561087489e-32 -2.33486982377251e-16 1 3.7999999999999998
7 0 0  6 22 5  53.401706810882239 203.99000000000001 126.073895232067  53.38223018972355 203.99000000000001 126.02797896098147  53.358672366173401 203.99000000000001 125.98199729791629  53.330771701281137 203.99000000000001 125.93651870338479  53.298373917067551 203.99000000000001 125.89224001140562  53.261534723228266 203.99000000000001 125.8499589597659  53.179854145634643 203.99000000000001 125.77119091949244  53.135070870976158 203.99000000000001 125.73466506733233  53.086487255357071 203.99000000000001 125.70160025830731  53.034619421355401 203.99000000000001 125.67271039614803  52.980215481929712 203.99000000000001 125.64852929372837  52.86776861393809 203.99000000000001 125.61007216010314  52.809711784033418 203.99000000000001 125.59583622262865  52.750772636850044 203.99000000000001 125.58691953276568  52.691881022772911 203.99000000000001 125.58335759273787  52.633891700764892 203.99000000000001 125.58489681060411  52.521145431433183 203.99000000000001 125.59733598136802  52.466385350256935 203.99000000000001 125.60822727978915  52.413901302094274 203.99000000000001 125.62337640451402  52.364217676536931 203.99000000000001 125.6421934773945  52.317634982029929 203.99000000000001 125.66404099666889  52.274292793282271 203.99000000000001 125.68831658234383 
 0 7 0.25088787121618356 5 0.50000000051350924 5 0.7501122398258071 5 1 7
1 50.300000000000018 203.99000000000001 127.86500009999999 -2.8593908561087489e-32 -2.33486982377251e-16 1 
7 0 0  2 5 4  53.401706810882239 202.96379999999999 126.073895232067  53.401706810882239 203.37689999999998 126.073895232067  53.401706810882239 210.54000000000002 126.07389523206702  53.401706810882246 217.70310000000001 126.07389523206702  53.401706810882246 218.11619999999999 126.07389523206702 
 -0.82620000000001081 3 -1.0974171438249413e-14 1 13.499999999999996 1 14.326199999999996 3
7 0 0  2 5 4  53.401706810882239 202.96379999999999 98.256104967932998  53.401706810882239 203.37689999999998 98.256104967932998  53.401706810882239 210.54000000000002 98.256104967932998  53.401706810882246 217.70310000000001 98.256104967932998  53.401706810882246 218.11619999999999 98.256104967932998 
 -0.82620000000001081 3 -1.0974171438249413e-14 1 13.499999999999996 1 14.326199999999996 3
7 0 0  2 5 4  52.274292793282257 202.96379999999999 98.641683617656156  52.274292793282257 203.37689999999998 98.641683617656156  52.274292793282264 210.54000000000002 98.641683617656156  52.274292793282264 217.70310000000001 98.641683617656156  52.274292793282264 218.11619999999999 98.641683617656156 
 -0.82620000000001081 3 -1.0974171438249413e-14 1 13.499999999999996 1 14.326199999999996 3
7 0 0  7 110 19  50.800000000000033 217.24000000000001 97.915789595554514  50.800000000000033 216.61343802686935 97.915789595554514  50.724916321068065 215.98901505617016 97.883646585133889  50.575672582707803 215.37230630227833 97.819757186468138  50.35136902830655 214.76905689219245 97.726680076787972  50.049837551060655 214.18638582785701 97.609203508524843  49.667890600032749 213.63355740908281 97.474631960462474  49.113615600675416 213.02725348878789 97.306380812034575  49.0219470424477 212.93186564719554 97.279228819580794  48.927151775084596 212.83807321660896 97.251881159281311  48.829190206541035 212.74597232358559 97.224410169697961  48.728023377368018 212.65566910207707 97.196893447229158  48.623612960712634 212.5672796934295 97.169413846109705  48.382911889108669 212.37428056029046 97.108274262313699  48.244872468689863 212.27072285951874 97.074673939043919  48.101756259241576 212.17051963655382 97.041431897562134  47.953527513756107 212.07395515022375 97.008735200937679  47.800161736531386 211.98133572828613 96.976783628698755  47.641645939664194 211.89299007001546 96.945788719182417  47.273936097038472 211.70489563352191 96.878801483559542  47.061592442232623 211.60756025754904 96.843408925286923  46.841384027022244 211.51822679320634 96.810322935516524  46.613808281535455 211.43778620565064 96.780062273430389  46.379423578472206 211.36706203687208 96.753121278717572  46.13884883744425 211.30681538970435 96.729954491348991  45.557345471239778 211.19087309966977 96.685073293464626  45.211958911072117 211.14482171003584 96.66695979911654  44.860523604563177 211.12174755049517 96.657777400128552  44.507141372017792 211.12269096392606 96.658152715673396  44.155973042502467 211.1476244715991 96.668069120129402  43.811115900333753 211.19545209720758 96.686868186163139  43.242058294348674 211.31195954516619 96.731928316856425  43.012719692249995 211.37009209922525 96.75426349128557  42.789054587728138 211.43774470367231 96.780019821104958  42.571602070899345 211.51425157022248 96.808800422035873  42.360850826918153 211.59889448744417 96.840175300469213  42.157238801076637 211.69089885553728 96.87369360318975  41.793021323285217 211.87391383285609 96.939079627087921  41.630250575459087 211.96328247544437 96.970532404978655  41.472843837039633 212.0571581203269 97.003015993942086  41.320791156433195 212.15518755910239 97.036303623270314  41.174069705479113 212.25704154728083 97.070181089078545  41.032644071090843 212.36241444804563 97.104447885005698  40.787441766102049 212.55797742541353 97.166515640542997  40.681762883809725 212.64701998257624 97.194247971638703  40.579391334070486 212.73802102654741 97.222024314787092  40.480287824496045 212.83086048223953 97.249759138877323  40.384412336259381 212.92542872043458 97.27737239310278  40.291724124094749 213.02162655778409 97.304789506960873  39.777117097847224 213.58333829294878 97.460833444820906  39.421845343767835 214.0832326874891 97.584079897459773  39.133650138296453 214.60877848046596 97.693898902924445  38.909990042910984 215.15272641361315 97.78460644647754  38.749003654945554 215.70962163607555 97.852286033988435  38.64981041201537 216.27499285831738 97.894512228807599  38.609118557169658 216.90173892632544 97.911888881192311  38.606043344953243 216.95871961892857 97.913203413037934  38.603590490492543 217.01572251110957 97.914252700979858  38.601759897100592 217.07274199196132 97.91503618702842  38.600551501060451 217.12977244342409 97.915553501407828  38.599965271625159 217.1868082402861 97.915804462556139  38.600001838151876 217.2448390066171 97.915788808653048  38.60000265473267 217.24583426296874 97.915788459079906  38.600003660760187 217.24682951920812 97.915788028405885  38.600004856234428 217.2478247753055 97.915787516631042  38.60000624115542 217.24882003123093 97.915786923755434  38.600007815523171 217.24981528695457 97.915786249779174  38.600011343151124 217.25180579731392 97.915784739625991  38.600013296411092 217.25280105194963 97.915783903449181  38.600015439117627 217.25379630632386 97.915782986172033  38.600017771270728 217.25479156040672 97.915781987794645  38.60002029287044 217.25578681416846 97.915780908317203  38.600023003916775 217.25678206757908 97.915779747739833  38.600028804899793 217.25877257261135 97.915777264386918  38.600031894836079 217.25976782423294 97.915775941611514  38.600035174218661 217.26076307544383 97.915774537736752  38.600038643047583 217.26175832621408 97.915773052762773  38.600042301322873 217.26275357651383 97.915771486689806  38.60004614904458 217.26374882631336 97.915769839518106  38.600053927988874 217.26566650433131 97.915766509431961  38.600057832502799 217.26658893262453 97.915764837951031  38.60006189975455 217.26751136043856 97.915763096805279  38.60006612974415 217.26843378774964 97.915761285994904  38.600070522471647 217.26935621453396 97.915759405520134  38.600075077937085 217.27027864076786 97.91575745538124  38.600082873273003 217.27180265685172 97.915754118297201  38.600086019624939 217.27240424703172 97.915752771384916  38.600089235196315 217.27300583696092 97.915751394841664  38.600092519987136 217.27360742663262 97.9157499886675  38.600095873997418 217.27420901604029 97.915748552862539  38.600099297227182 217.27481060517738 97.915747087426809  38.600106406851431 217.27603526742411 97.915744043900787  38.600110098278265 217.27665834051362 97.915742463656272  38.600113863956956 217.27728141329845 97.915740851626992  38.60011770388752 217.27790448577122 97.915739207813033  38.600121618069963 217.27852755792469 97.915737532214479  38.600125606504314 217.27915062975148 97.915735824831444  38.600133731870969 217.28039677183614 97.915732346499084  38.60013786880306 217.281019842094 97.915730575549873  38.600142079986867 217.28164291201057 97.915728772816436  38.600146365422418 217.28226598157852 97.915726938298917  38.600150725109721 217.28288905079046 97.915725071997386  38.600155159048803 217.28351211963906 97.915723173911971  38.600165729967578 217.28497310620031 97.91571864870636  38.60017192698389 217.28581102361329 97.91571599588724  38.600178258288651 217.28664894033818 97.915713285585682  38.600184723881895 217.28748685635708 97.915710517801969  38.600191323763681 217.28832477165224 97.915707692536373  38.600198057934051 217.28916268620583 97.91570480978919  38.600204926393069 217.29000060000004 97.915701869560706 
 0 8 0.26030394585300193 6 0.3098178251840723 6 0.37097212169131399 6 0.44721284820136464 6 0.55112983765346868 6 0.62392721512465232 6 0.68634645540096795 6 0.73631978270884502 6 0.97354696731796286 6 0.99725868251758321 6 0.99767244645439124 6 0.99808621013149679 6 0.99849997338152696 6 0.99888346235130399 6 0.99913356737563741 6 0.99939260439411115 6 0.99965164103807069 6 1 8
7 0 0  4 29 10  50.799795073606973 217.29000059999998 97.915701869560706  50.799806680714148 217.28858459748898 97.915706838294881  50.799817849532289 217.28716859249943 97.915711619422581  50.799828580061842 217.28575258517185 97.915716212941447  50.799849164565941 217.2829205631574 97.91572502476653  50.799859018538655 217.28150454847059 97.915729243071951  50.799868434221651 217.28008853172639 97.915733273763578  50.79988607945905 217.27730532017677 97.915740827402317  50.799894338717685 217.27593812550117 97.915744363064732  50.799902189391432 217.27457092916495 97.915747723825191  50.799917339370296 217.2717877027514 97.915754209324945  50.799924608968276 217.27037167256253 97.915757321347456  50.799931440274776 217.26895564086817 97.91576024574826  50.799944226313428 217.26612357290827 97.915765719307331  50.799950181044451 217.26470753664279 97.915768268465101  50.799955697483256 217.2632914991525 97.915770629998036  50.799965853782012 217.260459420541 97.915774977814436  50.799970493641069 217.25904337941978 97.915776964097503  50.799974695207311 217.25762733735456 97.915778762753263  50.799982221757411 217.25479525053328 97.915781984809939  50.799985546740587 217.25337920577726 97.915783408210558  50.799988433430556 217.251963160358 97.91578464398205  50.799993330225512 217.24913106776887 97.915786740266356  50.799995340330057 217.24771502059895 97.91578760077897  50.79999691214114 217.24629897304658 97.91578827366132  50.799999022829425 217.24366219411905 97.915789177233734  50.799999674276471 217.24244146280597 97.915789456114226  50.800000000000033 217.24122073140302 97.915789595554514  50.800000000000033 217.24000000000001 97.915789595554514 
 0 5 0.11328059184895363 3 0.22656142079912467 3 0.33593621083350278 3 0.44921741752690841 3 0.56249877149064798 3 0.67578024243436552 3 0.78906180006805615 3 0.9023434141022959 3 1 5
7 0 0  8 9 2  49.592746997948439 203.99000000000001 97.457484102590143  49.553614263783892 203.99000000000001 97.444465822165441  49.513528385264209 203.98794629947514 97.43126263866796  49.472484667236017 203.98403364909683 97.41788367954976  49.430460134585779 203.97848586302968 97.404332909691419  49.387422895794835 203.97159041695699 97.390610729722653  49.343233661581529 203.96374718162417 97.376686436990596  49.297669685695261 203.95547141318821 97.362503008670785  49.250000000000021 203.94751548669501 97.347864749332501 
 0 9 1 9
7 0 0  6 12 3  49.250000600000007 203.94751558683311 97.347864933578649  49.170820856591682 203.93430074388948 97.323550659869923  49.093882930101863 203.91877443709853 97.300480645915641  49.017916322004808 203.90068033231438 97.278200262654821  48.943262189263507 203.87954964180562 97.256818614013895  48.871889146560171 203.85502064888482 97.236844588535064  48.794130921404914 203.82119358001438 97.215475736958069  48.781207976810556 203.8153004139964 97.211939344920296  48.768562091303636 203.80923977299489 97.208493005744344  48.756223843744799 203.80300618098016 97.205143859223384  48.74422914546107 203.79659439396403 97.201900314362518  48.732619240245896 203.7899994 97.198772049378874 
 0 7 0.8305676697061577 5 1 7
8 0 5.8828258763482051
2 44.700000000000024 203.79000000000002 112.1650001 1.224646799147353e-16 1 2.3348698237725095e-16 0.82850971494834247 -2.3220997737204492e-16 0.55997468892461244 0.55997468892461244 1.2486911217401872e-16 -0.82850971494834247 15.5
7 0 0  6 12 3  40.149999400000013 203.94751558683311 97.347864933578677  40.229179143408153 203.93430074388948 97.323550659869994  40.306117069898342 203.91877443709853 97.30048064591557  40.382083677995247 203.90068033231432 97.278200262654835  40.456737810736485 203.87954964180562 97.256818614013923  40.528110853439827 203.85502064888487 97.236844588535064  40.60586907859512 203.82119358001438 97.215475736958069  40.618792023189485 203.8153004139964 97.211939344920296  40.631437908696405 203.80923977299489 97.208493005744344  40.643776156255242 203.80300618098016 97.205143859223384  40.655770854538972 203.79659439396403 97.201900314362518  40.667380759754145 203.7899994 97.198772049378874 
 0 7 0.83056766970622853 5 1 7
7 0 0  8 9 2  39.807253002051603 203.99000000000001 97.457484102590143  39.846385736216227 203.99000000000001 97.444465822165427  39.886471614735527 203.9879462994752 97.431262638668073  39.927515332764628 203.98403364909672 97.417883679549533  39.969539865413481 203.97848586302979 97.404332909691746  40.012577104205867 203.97159041695681 97.390610729722397  40.05676633841815 203.96374718162423 97.376686436990724  40.102330314304879 203.95547141318815 97.362503008670757  40.150000000000013 203.94751548669501 97.347864749332516 
 0 9 1 9
7 0 0  2 5 4  37.12570720671777 202.96379999999999 98.641683617656156  37.12570720671777 203.37689999999998 98.641683617656156  37.125707206717777 210.54000000000002 98.641683617656156  37.125707206717777 217.70310000000001 98.641683617656156  37.125707206717777 218.11619999999999 98.641683617656156 
 -0.82620000000001081 3 -1.0974171438249413e-14 1 13.499999999999996 1 14.326199999999996 3
7 0 0  4 5 2  50.775154264708007 217.79000060000004 101.75851170765552  50.787573847986486 217.65281732361791 101.76576207699006  50.795857902289782 217.51531795689283 101.77062470555666  50.800000000000026 217.37765889722397 101.77305610476984  50.800000000000026 217.24000000000001 101.77305610476984 
 0 5 1 5
1 50.800000000000018 217.24000000000001 102.6650001 -1.1102230246251563e-16 2.33486982377251e-16 -1 
7 0 0  4 29 10  50.799795073606973 217.29000059999998 98.900291280730713  50.799806680712948 217.28858459763524 98.90029661827478  50.799817849530811 217.28716859269065 98.900301754287852  50.799828580060826 217.28575258531237 98.900306688767245  50.799849164565011 217.2829205632865 98.900316154662875  50.799859018537511 217.28150454863885 98.900320686078373  50.799868434220869 217.28008853184974 98.90032501595465  50.799886389024451 217.27725649193087 98.900333272631428  50.799894928143217 217.27584046880105 98.900337199431277  50.799903028971691 217.27442444382206 98.900340924687072  50.79991835405918 217.27159238845206 98.900347972112002  50.799925578316952 217.27017635806106 98.900351294280583  50.799932364283471 217.26876032611307 98.900354414900974  50.799945059641658 217.26592825773378 98.900360253045903  50.799950969032281 217.26451222130243 98.900362970569944  50.799956440130892 217.26309618360642 98.900365486542427  50.799966332203546 217.26031293364792 98.900370035576344  50.799970782882724 217.25894572146132 98.900372082297963  50.79997482497518 217.25757850836339 98.900373941125963  50.799982221757304 217.25479525057688 98.900377342670552  50.799985546740466 217.25337920583149 98.900378871726161  50.799988433430492 217.2519631603958 98.900380199225538  50.799993330225469 217.24913106779519 98.900382451111199  50.799995340330014 217.24771502063021 98.900383375497285  50.799996912141125 217.24629897306721 98.900384098325816  50.799999022829418 217.24366219412639 98.90038506896795  50.799999674276478 217.24244146281336 98.900385368548996  50.800000000000026 217.24122073140671 98.900385518339505  50.800000000000026 217.24000000000001 98.900385518339505 
 0 5 0.11328065172482021 3 0.22656151898174814 3 0.33984257423344483 3 0.45312378994263658 3 0.56640513857405295 3 0.67578033410334215 3 0.7890618637486243 3 0.90234344466271355 3 1 5
1 50.800000000000018 217.24000000000001 102.6650001 -1.1102230246251563e-16 2.33486982377251e-16 -1 
2 44.700000000000017 217.24000000000001 96.1650001 -1.1102230246251563e-16 2.33486982377251e-16 -1 1 -1.224646799147353e-16 -1.1102230246251565e-16 -1.2246467991473532e-16 -1 -2.33486982377251e-16 6.0999999999999996
7 0 0  4 50 17  38.600204926393069 217.18999940000003 98.900291280730713  38.600193319287094 217.19141540236478 98.90029661827478  38.600182150469209 217.19283140730937 98.900301754287852  38.60017141993923 217.19424741468765 98.900306688767245  38.600150835435045 217.19707943671358 98.900316154662875  38.600140981462516 217.19849545136117 98.900320686078373  38.600131565779165 217.19991146815028 98.90032501595465  38.600113920541652 217.20269467971883 98.900333130274703  38.600105661283145 217.20406187436299 98.900336928377655  38.600097810609157 217.20542907073582 98.900340538596566  38.600082660630278 217.20821229715341 98.900347505494238  38.600075391032348 217.20962832731436 98.900350848512403  38.600068559725671 217.21104435904238 98.900353989982506  38.600055994136149 217.21382759820267 98.900359768450429  38.600050230148447 217.2151948055386 98.900362419108092  38.600044874746892 217.21656201406768 98.900364881874793  38.60003480443914 217.21934526347707 98.900369512871777  38.600030119239612 217.22076130443457 98.900371667441192  38.600025872332772 217.22217734638474 98.900373620456463  38.600018255101531 217.22500943297501 98.900377123378206  38.600014884777771 217.22642547761518 98.900378673284393  38.600011952747124 217.22784152295571 98.900380021634419  38.600007051261855 217.23062478619971 98.900382275676833  38.600005052101658 217.2319920040656 98.900383195029875  38.6000034615289 217.23335922231661 98.900383926486271  38.600001031705744 217.23616983184655 98.900385043888846  38.600000239251258 217.23761322315448 98.900385408315032  38.59999990218013 217.23905661459037 98.900385563323965  38.600000169061488 217.24231252807164 98.900385440593197  38.600001035715074 217.24412505010162 98.900385042045116  38.600002620453118 217.2459375717828 98.900384313271488  38.60000722610058 217.24956261570895 98.900382195273863  38.60001024701149 217.25137513795391 98.900380806049185  38.60001398600847 217.25318765923726 98.900379086600054  38.600022900183966 217.25681270298986 98.900374987252036  38.600028075365415 217.25862522545918 98.900372607351827  38.600033968636176 217.26043774635394 98.900369897229169  38.600047191376838 217.26406278992698 98.900363816534735  38.600054520851145 217.26587531260515 98.900360445960942  38.600062568419531 217.26768783309598 98.900356745167713  38.600080099780776 217.27131287649547 98.900348683132592  38.600089583579503 217.27312539940408 98.900344321888014  38.600099785478697 217.27493791951247 98.900339630427965  38.600121248979562 217.27850046166338 98.900329760222093  38.600132461917582 217.28025048391646 98.900324603853761  38.600144344293057 217.28200050299751 98.900319139655323  38.60016810315922 217.28531304329238 98.900308214002962  38.600179843891127 217.28687556520532 98.900302814974623  38.600192118302324 217.28843808417332 98.900297170549322  38.600204926393069 217.29000060000004 98.900291280730713 
 0 5 0.056640325863140578 3 0.11328075949247712 3 0.16796816406218029 3 0.22460876938028818 3 0.27929631404053601 3 0.3359370378583571 3 0.39257780155213573 3 0.44726546038762521 3 0.50499995979690482 3 0.57749938985243654 3 0.64999889486756013 3 0.72249854876146369 3 0.79499842446367053 3 0.86749859638343152 3 0.93749911173155998 3 1 5
7 0 0  8 9 2  39.602206359610094 213.88999999999999 101.24643792359601  39.326799775825087 214.30909430786289 101.01761900708152  39.106060103252851 214.73079358848315 100.76349628369329  38.931506057104535 215.15135238022805 100.48759713083777  38.797759639687868 215.56865784812481 100.193876949296  38.700468020336977 215.98143368965634 99.885871384021328  38.636485290843432 216.38912639463194 99.566401025211206  38.603469197178356 216.79177174257541 99.237488838095942  38.600204921474841 217.19 98.900291282992356 
 0 9 1 9
7 0 0  6 17 4  39.602206753898365 213.88999940000002 101.24643773950581  39.537120942999913 213.98904236948937 101.27682580674951  39.47463853408523 214.08915459495404 101.30656538581627  39.414736861403114 214.19028630664889 101.33558923874352  39.357397264575852 214.29238921172737 101.36383253333213  39.302605088599201 214.39541649424143 101.39123284314644  39.054160149390249 214.88943237067809 101.51721256148363  38.893335334714443 215.29270964773451 101.60416512209932  38.768064441920664 215.70581347165302 101.67506541734819  38.678301088860707 216.12588832495618 101.72720194034713  38.624088226591653 216.55039356364603 101.75893207898019  38.599825449719816 217.11244052851208 101.77315635373373  38.597592599950708 217.248097664444 101.77447067396554  38.598979311620191 217.38378465519776 101.77365601070238  38.603985523984576 217.51939877347507 101.77071278097011  38.612609081793934 217.65483791529613 101.76565528528536  38.624845735292034 217.79000060000004 101.75851170765552 
 0 7 0.16814143683067076 5 0.79941757692446136 5 1 7
1 38.624845680972399 217.79000000000002 102.6650001 -1.1102230246251563e-16 2.33486982377251e-16 -1 
7 0 0  6 12 3  38.624845626652821 217.7899994 101.64288057302254  38.658370593443237 218.16030771054204 101.62352426861153  38.718977181836429 218.5281130847311 101.58870278606038  38.806512492952869 218.89186988507413 101.5390205440894  38.920962542263297 219.24993202276755 101.47568290805728  39.062379223805102 219.60045962695307 101.40046201718928  39.285434800170556 220.05207018077533 101.28801818534882  39.34299353206945 220.16183009859446 101.259417419635  39.403430395086176 220.27056047143299 101.22985744720006  39.466763588340505 220.37820660357767 101.19941139672048  39.533014309323683 220.48470844672875 101.16815649179796  39.602206753898365 220.5900006 101.13617405095923 
 0 7 0.75478845935798278 5 1 7
7 0 0  7 50 9  39.602206359610094 220.59000000000003 101.13617423320892  39.630566779982587 220.63315688675038 101.12306535177767  39.659559315822705 220.67634704251861 101.11072507275072  39.689178274938648 220.71953727280123 101.09916170100226  39.719416145219341 220.76269451035682 101.08838200627642  39.750263594634461 220.80578581520638 101.07839122318725  39.781709471234429 220.84877837463313 101.0691930512188  39.927232824217441 221.04350318830927 101.03101510602991  40.048106075717875 221.1937604312181 101.01121016238201  40.175718893766025 221.34086850413894 101.00149728669734  40.309260584208715 221.48355303883227 101.00168555055609  40.447788859573052 221.62079865128362 101.01140068435562  40.590262991331407 221.75183073714845 101.03016887103452  40.871526493500895 221.99234571604751 101.08298290452623  41.009993435517913 222.10269962407824 101.11597402004143  41.150191938282887 222.2067931685047 101.15601714720496  41.291321724702605 222.30442349827251 101.20271411184959  41.432580765086158 222.3955086980007 101.25570177234597  41.573145531007377 222.48005625186141 101.31470861923468  41.809542348770243 222.61287101787576 101.42517074801503  41.906152684453502 222.66441000895622 101.47359600903957  42.001659389568481 222.71279012062712 101.52489784641656  42.095696488262121 222.7580289424003 101.57908228191832  42.187814305634774 222.80013411135423 101.63618179127127  42.27744512192011 222.839104798569 101.69628024342705  42.389514176431931 222.88556709454269 101.77837373140616  42.414901914385986 222.8959325894391 101.79746196974253  42.439981147728183 222.90601790247081 101.8168344178946  42.464729047891737 222.91582181220764 101.83649549410256  42.489120389182759 222.92534271271398 101.8564498660356  42.513127548780261 222.93457861354841 101.8767024507919  42.566335970030806 222.95475993008108 101.92306163981117  42.595297642000524 222.96553955125893 101.94934209265725  42.623546904764972 222.97586168975283 101.97611065871777  42.651015934870877 222.98572022211613 102.00337721425566  42.677628380575868 222.99510753635047 102.03115025151679  42.703300039132202 223.00401485325659 102.05943650373121  42.777005824241797 223.0291952713423 102.14560005263579  42.822020849852876 223.04403048285076 102.20506106407512  42.862200970701458 223.05683927982318 102.26660817581416  42.896664507348078 223.06751275947823 102.3301477836134  42.924491261611429 223.07595435159357 102.39548931790085  42.94501207153516 223.08210610988203 102.46227931871668  42.961802622202747 223.08710909965254 102.54906798528202  42.964911724587701 223.08803251778869 102.56828862398996  42.967422093725048 223.08877628748479 102.5875657904533  42.969334349149683 223.08934190366824 102.6068873971964  42.970652358496245 223.08973140221576 102.62624153778708  42.971383237499118 223.08994735995333 102.64561648683667  42.971537349992431 223.08999289465629 102.66500070000001 
 0 8 0.071656501089551267 6 0.3255466968695615 6 0.56308998720177728 6 0.72962582784121355 6 0.77911977693310508 6 0.84124790157848084 6 0.96496783168521771 6 1 8
7 0 0  6 12 3  42.200000000000024 222.80417109729746 102.06500009999999  42.200000000000024 222.80417109729746 101.9492752806859  42.217855760022907 222.81219390629599 101.83359243414823  42.253546845447921 222.82822922443705 101.7207048001997  42.306859915648431 222.8516687838233 101.61345531411806  42.377273494080605 222.8812367295422 101.51493439978364  42.542307891838938 222.94627031986465 101.34990000202529  42.635041846256797 222.98129893857561 101.28052705725614  42.740335567509888 223.01879594214319 101.22456513120437  42.855409640086059 223.05661322521416 101.18528164899479  42.976665396147297 223.09290125605895 101.1650001  43.100000000000023 223.12642506110461 101.1650001 
 0 7 0.52310551027028651 5 1 7
2 44.700000000000024 217.24000000000001 101.1650001 -1.1102230246251563e-16 2.33486982377251e-16 -1 1 -1.224646799147353e-16 -1.1102230246251565e-16 -1.2246467991473532e-16 -1 -2.33486982377251e-16 6.0999999999999996
7 0 0  6 12 3  47.700000000000024 222.55130868995582 102.06500009999999  47.700000000000024 222.55130868995582 101.93037230103354  47.675833295098172 222.56495808285968 101.79606767196998  47.627720891367233 222.59213668801647 101.66658883578933  47.556389119621286 222.63133325145162 101.54644875630299  47.463364240590344 222.67959695353017 101.44054113932401  47.276599816604147 222.76974429354891 101.29567180224494  47.192675668871708 222.80873682640379 101.24578352104186  47.101088808869591 222.84928404407816 101.20633057438431  47.003633182313628 222.88996502551925 101.1790017416735  46.902476438302521 222.92955278452621 101.1650001  46.800000000000018 222.96712842531053 101.1650001 
 0 7 0.59833607449189563 5 1 7
7 0 0  7 50 9  49.797793640389955 220.59000000000003 101.13617423320892  49.769433220017454 220.63315688675038 101.12306535177765  49.740440684177337 220.67634704251861 101.11072507275072  49.7108217250614 220.71953727280123 101.09916170100226  49.680583854780707 220.76269451035682 101.08838200627642  49.64973640536558 220.80578581520638 101.07839122318725  49.618290528765606 220.84877837463313 101.0691930512188  49.472767175782543 221.04350318830933 101.03101510602988  49.351893924282336 221.19376043121798 101.01121016238204  49.224281106233938 221.340868504139 101.00149728669733  49.090739415791191 221.48355303883244 101.00168555055608  48.952211140427089 221.62079865128351 101.01140068435564  48.809737008668662 221.75183073714845 101.0301688710345  48.528473506499253 221.9923457160474 101.08298290452622  48.390006564481936 222.10269962407841 101.11597402004151  48.24980806171726 222.20679316850459 101.15601714720489  48.108678275297549 222.3044234982724 101.20271411184956  47.967419234913699 222.39550869800081 101.25570177234607  47.826854468992757 222.48005625186141 101.31470861923464  47.590457651229769 222.61287101787576 101.42517074801506  47.493847315546645 222.66441000895622 101.47359600903957  47.398340610431525 222.71279012062712 101.52489784641652  47.304303511737849 222.7580289424003 101.5790822819183  47.212185694365346 222.80013411135423 101.63618179127128  47.122554878079946 222.839104798569 101.69628024342704  47.010485823568125 222.88556709454269 101.77837373140616  46.985098085614062 222.8959325894391 101.79746196974253  46.960018852271865 222.90601790247081 101.8168344178946  46.935270952108318 222.91582181220764 101.83649549410256  46.910879610817297 222.92534271271398 101.8564498660356  46.886872451219794 222.93457861354841 101.87670245079187  46.833664029969256 222.95475993008108 101.92306163981115  46.804702357999517 222.96553955125893 101.94934209265725  46.77645309523507 222.97586168975283 101.97611065871777  46.748984065129179 222.98572022211607 102.00337721425564  46.722371619424194 222.99510753635047 102.03115025151678  46.696699960867839 223.00401485325659 102.05943650373121  46.622994175758294 223.0291952713423 102.14560005263573  46.577979150146888 223.04403048285081 102.20506106407538  46.537799029299201 223.05683927982312 102.26660817581362  46.503335492651345 223.06751275947829 102.33014778361397  46.475508738388889 223.07595435159351 102.3954893179005  46.454987928464867 223.08210610988203 102.46227931871675  46.438197377797295 223.08710909965254 102.54906798528201  46.43508827541234 223.08803251778869 102.56828862398994  46.432577906274993 223.08877628748479 102.5875657904533  46.430665650850358 223.08934190366824 102.6068873971964  46.429347641503796 223.08973140221576 102.62624153778708  46.42861676250093 223.08994735995333 102.64561648683667  46.42846265000761 223.08999289465629 102.66500070000001 
 0 8 0.07165650108957769 6 0.32554669686983873 6 0.5630899872020545 6 0.72962582784144936 6 0.77911977693332413 6 0.84124790157865736 6 0.96496783168522238 6 1 8
7 0 0  6 12 3  49.797793246101676 220.5900006 101.13617405095923  49.866941538897734 220.4847756337731 101.16813608376559  49.933151858348609 220.37834252519059 101.19937150755619  49.996448355908761 220.27076654814488 101.22979916014867  50.056852192125675 220.16210763682489 101.25934196386231  50.114381536639883 220.05242038571618 101.28792692551819  50.337474338094097 219.60082264097537 101.40038412196816  50.478942666540739 219.25022857239946 101.47563045159404  50.593433098054028 218.89209589328607 101.53898966422382  50.680997670644217 218.52826557636587 101.58868833761571  50.741622445143541 218.1603846045536 101.62352024930154  50.77515437334722 217.7899994 101.64288057302254 
 0 7 0.24505511244072845 5 1 7
1 50.775154319027649 217.79000000000002 102.6650001 -1.1102230246251563e-16 2.33486982377251e-16 -1 
2 44.700000000000024 217.19 112.1650001 -1.2246467991473532e-16 -1 -2.33486982377251e-16 -1 1.2246467991473532e-16 0 2.8593908561087489e-32 2.33486982377251e-16 -1 14.6
1 53.546532015389928 217.79000000000002 100.55040276299854 -1.2246467991473532e-16 -1 -2.33486982377251e-16 
7 0 0  4 23 8  50.800000000000026 217.24000000000001 98.900385518339505  50.800000000000026 217.23818747798521 98.900385518339505  50.799999281915632 217.23637495597046 98.900385188113944  50.799997845746866 217.2345624342621 98.900384527662837  50.799993537238358 217.23093739032379 98.900382546310169  50.799990664897251 217.22912486809378 98.900381225407997  50.799987074470209 217.22731234678309 98.900379574281246  50.799978606005475 217.22374980391902 98.90037567990062  50.799973776634523 217.22199978228252 98.900373459026895  50.799968277844116 217.2202497620645 98.900370930311851  50.799955721112298 217.21668721905712 98.900365155889432  50.799948614497154 217.21487469639084 98.900361887798994  50.799940789788458 217.21306217584862 98.900358289488736  50.799923704149691 217.20943713243389 98.900350432419572  50.799914443213908 217.20762460956149 98.90034617365805  50.799904464178383 217.20581208942593 98.900341584680604  50.799883069853834 217.2021870461848 98.900331746277402  50.799871654557606 217.20037452307918 98.900326496848379  50.79985952115387 217.19856200332339 98.900320917208248  50.799834704357863 217.19506196041652 98.900309505052633  50.799822116590754 217.19337443677853 98.900303716508276  50.799808906340587 217.19168691655727 98.900297641732791  50.799795073606973 217.18999940000003 98.900291280730713 
 0 5 0.14499885516954203 3 0.28999785013080487 3 0.42999715069554001 3 0.57499685016073609 3 0.71999712490394918 3 0.86499812418468802 3 1 5
2 56.90000000000002 227.84000000000003 99.740000100000003 -1.2246467991473532e-16 -1 -2.33486982377251e-16 -1 1.2246467991473532e-16 0 2.8593908561087489e-32 2.33486982377251e-16 -1 3.4500000000000002
1 53.450000000000024 228.29000000000002 99.740000100000003 -1.2246467991473532e-16 -1 -2.33486982377251e-16 
7 0 0  8 65 10  56.151009172647704 217.19 103.10771635000415  56.049224580644101 217.10486260658439 103.08507913234178  55.94496132868975 217.02127755359652 103.0582005383921  55.837665043330901 216.9392609054878 103.02654697073257  55.726872368292099 216.85911027015226 102.98941874520406  55.612227730532311 216.78137891680495 102.94599984988866  55.493380248910384 216.70697819808873 102.89517673043511  55.370055526294074 216.63710463042827 102.83568145165719  55.201408282745518 216.55383640236909 102.74322883289162  55.160788494493119 216.53465784357445 102.7201689766766  55.119694213193284 216.5161880840605 102.69600150842246  55.078131955770594 216.49850285421201 102.6706690334596  55.036121430916921 216.48169014335173 102.64411669178887  54.993696297258808 216.46584866428299 102.61629425848955  54.950905329538266 216.45108543703077 102.58715933662666  54.8889696002569 216.43157686926986 102.54335335737377  54.87006911622376 216.42586930592302 102.52976923244987  54.851118814631448 216.420399336152 102.51592737540184  54.832125928403876 216.41517674314463 102.50182662301816  54.813098667481007 216.41021141728982 102.48746667887789  54.794046236834646 216.40551321460242 102.47284825086916  54.774978854484246 216.40109181514777 102.45797318870783  54.721380278504412 216.38946989447527 102.415454912347  54.686833584913856 216.38291969384085 102.38722863132824  54.652343059065764 216.3773638218662 102.35819083288402  54.617989152448565 216.37285411818164 102.32837665317545  54.583856787789273 216.36943361683927 102.29783307524586  54.550034749128166 216.36713374340809 102.26662069422632  54.516615071893554 216.36597151206843 102.23481548254122  54.454480395237596 216.36592472727239 102.17384660865622  54.425652787552046 216.36679820120645 102.14478250793655  54.397275086186966 216.36856760718121 102.11538216020807  54.369402727494702 216.37122281209378 102.08570857231371  54.342081977109515 216.37474452917968 102.05582348749093  54.31535079914434 216.37910576012609 102.02578702217693  54.289239725387418 216.3842732371856 101.99565730281353  54.250867023890137 216.39321681426429 101.95020252107952  54.238125894994901 216.3964222908383 101.93490427388002  54.225551827800565 216.39982038513773 101.91960195827133  54.213146792624251 216.40340608689127 101.90430174544821  54.200912240112956 216.40717428542911 101.88900938058239  54.188849101243562 216.41111976968341 101.87373018282278  54.176957787322841 216.415237228188 101.85846904529527  54.141623295780157 216.42815351665666 101.81252475834089  54.118706810113018 216.43746200989852 101.78191178366414  54.096486833139302 216.44740363167256 101.75142604914365  54.074955894029699 216.45793577420085 101.72109620633202  54.054101921437805 216.46901715336531 101.69094526311503  54.033909213965664 216.48060864301368 101.66099082656311  54.014359410629297 216.49267410926558 101.6312453457829  53.919370620394673 216.55544374299399 101.48304802734256  53.853620638951625 216.61267012137262 101.36827210030569  53.796348137779361 216.67494021795358 101.25720042859493  53.746385893795903 216.74094245444508 101.14978404305938  53.702697574764727 216.80967873762307 101.0458478540267  53.664460755354931 216.88051056272752 100.94512400629527  53.630959355044098 216.95308912572159 100.84719870164309  53.593721786695994 217.04736133316601 100.72577368359293  53.586133490671365 217.06745780632752 100.70021045017259  53.578842346155909 217.08765627045108 100.67482482222397  53.571838881261662 217.10795120164113 100.64961209067614  53.565114185107888 217.12833750116926 100.62456774119889  53.558659907821038 217.14881049547375 100.59968745420267  53.552468260534766 217.16936593615992 100.57496710483861  53.546532015389928 217.19 100.55040276299854 
 0 9 0.29458407063809716 7 0.38663411323602498 7 0.42688877388415425 7 0.49976834186116442 7 0.56443389602608396 7 0.59720392204603423 7 0.66323526045165671 7 0.92859578301663082 7 1 9
1 56.151009172647704 217.79000000000002 103.10771635000415 -1.2246467991473532e-16 -1 -2.33486982377251e-16 
2 44.700000000000024 217.19 112.1650001 -1.2246467991473532e-16 -1 -2.33486982377251e-16 -1 1.2246467991473532e-16 0 2.8593908561087489e-32 2.33486982377251e-16 -1 14.6
1 56.151009172647704 217.79000000000002 121.22228384999585 -1.2246467991473532e-16 -1 -2.33486982377251e-16 
2 56.90000000000002 227.84000000000003 124.5900001 -1.2246467991473532e-16 -1 -2.33486982377251e-16 -1 1.2246467991473532e-16 0 2.8593908561087489e-32 2.33486982377251e-16 -1 3.4500000000000002
1 53.450000000000024 228.29000000000002 124.5900001 -1.2246467991473532e-16 -1 -2.33486982377251e-16 
7 0 0  8 65 10  53.546532015389928 217.19 123.77959743700146  53.571240925132678 217.10411317952486 123.67735130487458  53.600308963571514 217.01981539498468 123.57267294125012  53.634294686551328 216.93711437488201 123.46499477701812  53.673928671737166 216.85631405199962 123.35384931315289  53.720057733525451 216.77798538931552 123.23888704518657  53.773841090783037 216.70307691407811 123.11977037808978  53.836588790194597 216.63283261897061 122.99625101103257  53.933220064547527 216.54989390515874 122.82853599678566  53.956791742497167 216.53117953739235 122.78897749048539  53.98144848086239 216.51316007931541 122.74898201586879  54.007244448531196 216.49590853019072 122.7085578835682  54.034230946160591 216.47950934017723 122.66772595195607  54.062454372472175 216.46405692072267 122.6265203121817  54.091953153739325 216.44965332064987 122.58498933391567  54.136366708570321 216.43054965907641 122.52472589774388  54.150233136233595 216.42492033689945 122.50620493631345  54.164354571053302 216.41952645467092 122.48764046589653  54.178731927948256 216.41437759753336 122.46903968620899  54.193365251421056 216.4094834444773 122.45041073279302  54.208253581820721 216.40485363031172 122.43176269151255  54.223394821605233 216.40049760763452 122.41310561304849  54.266316941954912 216.38913846675592 122.361079930682  54.294652021157901 216.3827563951312 122.32770939522345  54.323765511009583 216.37733261241561 122.29440975839012  54.353622585769244 216.37291580930122 122.26125640939006  54.384177320569947 216.36954649207314 122.22832870537241  54.415371089829655 216.36725442599726 122.19570938753171  54.447130965662168 216.36605607870803 122.16348399721255  54.508654626781841 216.36585756890241 122.1029020622905  54.538341824740677 216.36666620494515 122.07445467777728  54.568363940053182 216.36837903441727 122.04646360870558  54.598656196258304 216.37098630578782 122.01898420708645  54.629155165390515 216.37446890591144 121.99206258377532  54.659799122824921 216.37879981263819 121.96573648553607  54.690528402122268 216.38394554742342 121.94003617210524  54.736816087405941 216.39285786981424 121.90233632862078  54.752354660422256 216.39604630979835 121.88985210875475  54.767894783587217 216.39942804402762 121.87753505065209  54.783430207649801 216.4029980645094 121.86538705572278  54.79895511944369 216.40675125912031 121.85340950979281  54.814464141887292 216.41068241160622 121.84160328310426  54.829952333983748 216.41478620158233 121.82996873031524  54.876327243287363 216.42759543706592 121.7955897382972  54.90713684380394 216.43680189435884 121.77336037002067  54.937809960816914 216.44663439201452 121.75181536758831  54.968318417437906 216.45705118354425 121.73094713733622  54.998639638836593 216.46801177789212 121.71074365369114  55.028756399633494 216.47947775695889 121.69118940284287  55.05865657129273 216.4914135931262 121.67226632641666  55.156906380788442 216.53237998051691 121.61164193880018  55.22423903421906 216.5632919851322 121.57262198498481  55.290294901725261 216.59614489711646 121.53661169969283  55.355060894986337 216.63062142848656 121.50335710167988  55.418549871884821 216.6664611580112 121.47262639108476  55.480802686193215 216.70345774705015 121.44420576065085  55.541889180505017 216.74145780000754 121.41789805954878  55.675613573849603 216.8281363726515 121.36359245543048  55.747647525123377 216.87723368547557 121.33660180945466  55.818147342544826 216.92743233726458 121.31223333745729  55.887219512213925 216.97855791412212 121.2902369290041  55.954955252949247 217.03047240781058 121.27040769297597  56.021440922811401 217.08306755683202 121.25257044040296  56.086763219217659 217.13626167964264 121.23657235479891  56.151009172647704 217.19 121.22228384999582 
 0 9 0.29722095963169948 7 0.3876552352201551 7 0.42762500859100849 7 0.49912375228649974 7 0.5640782742231969 7 0.59687582419538177 7 0.6624419479841227 7 0.81394667054610959 7 1 9
1 53.546532015389928 217.79000000000002 123.77959743700146 -1.2246467991473532e-16 -1 -2.33486982377251e-16 
2 44.700000000000024 217.19 112.1650001 -1.2246467991473532e-16 -1 -2.33486982377251e-16 -1 1.2246467991473532e-16 0 2.8593908561087489e-32 2.33486982377251e-16 -1 14.6
7 0 0  2 5 4  58.447570248197053 202.96379999999999 121.11940557933133  58.447570248197053 203.37689999999998 121.11940557933133  58.447570248197053 210.54000000000002 121.11940557933133  58.44757024819706 217.70310000000001 121.11940557933133  58.44757024819706 218.11619999999999 121.11940557933133 
 -0.82620000000001081 3 -1.0974171438249413e-14 1 13.499999999999996 1 14.326199999999996 3
7 0 0  2 5 4  58.082656743565551 202.96379999999999 119.98513427301137  58.082656743565551 203.37689999999998 119.98513427301137  58.082656743565551 210.54000000000002 119.98513427301137  58.082656743565551 217.70310000000001 119.98513427301137  58.082656743565551 218.11619999999999 119.98513427301137 
 -0.82620000000001081 3 -1.0974171438249413e-14 1 13.499999999999996 1 14.326199999999996 3
7 0 0  2 5 4  58.082656743565536 202.96379999999999 104.34486592698863  58.082656743565536 203.37689999999998 104.34486592698863  58.082656743565536 210.54000000000002 104.34486592698863  58.082656743565543 217.70310000000001 104.34486592698863  58.082656743565543 218.11619999999999 104.34486592698863 
 -0.82620000000001081 3 -1.0974171438249413e-14 1 13.499999999999996 1 14.326199999999996 3
7 0 0  2 5 4  58.447570248197053 202.96379999999999 103.21059462066867  58.447570248197053 203.37689999999998 103.21059462066867  58.447570248197053 210.54000000000002 103.21059462066867  58.447570248197053 217.70310000000001 103.21059462066867  58.447570248197053 218.11619999999999 103.21059462066867 
 -0.82620000000001081 3 -1.0974171438249413e-14 1 13.499999999999996 1 14.326199999999996 3
7 0 0  7 20 4  47.700000000000024 222.9276861633748 102.06500009999999  47.700000000000024 222.91089188569845 102.01878215874044  47.697230972159907 222.89334296907066 101.97276855035113  47.691737065139797 222.87514467644269 101.92712615087785  47.68356815347714 222.85641322540869 101.88200664082817  47.672775012886603 222.83727493407139 101.83754898655113  47.659404495560032 222.81786536690754 101.79388192161724  47.61844185188918 222.76756410547318 101.68380013979746  47.587111460215176 222.73650764740557 101.61878533926301  47.549642945564713 222.70569105190339 101.55647802189262  47.506126989314843 222.6757592100077 101.49737177877637  47.45667732148344 222.64748714712164 101.44204820757709  47.401448553883299 222.62179550707668 101.39118335020575  47.276653674322318 222.57626664333503 101.29738935527561  47.206306922700726 222.55677429150637 101.25493638219686  47.130434490658885 222.54249604188561 101.2194918616986  47.050159134970833 222.5346350376625 101.19219081044554  46.966983770988584 222.53397312417542 101.17389861318662  46.882853736400307 222.54030194538495 101.16500009999999  46.800000000000026 222.55256216209239 101.16500009999999 
 0 8 0.23604801829596692 6 0.60774848729609865 6 1 8
7 0 0  6 7 2  47.700000000000024 222.77629319493769 101.72500009999999  47.700000000000024 222.87960388923926 101.9188232757428  47.700000000000024 222.96344569778239 102.12317556841293  47.700000000000024 223.02674998018017 102.33542534303618  47.700000000000024 223.06898539174978 102.55291395684253  47.700000000000024 223.09000000000003 102.77302101831935  47.700000000000024 223.09000000000003 102.99316822190715 
 0 7 1 7
2 44.700000000000024 223.09000000000003 112.1650001 -1.2246467991473532e-16 -1 -2.33486982377251e-16 -1 1.2246467991473532e-16 0 2.8593908561087489e-32 2.33486982377251e-16 -1 9.6500000000000004
7 0 0  8 23 4  52.020000000000024 221.4619417566999 121.66500009999999  51.928042305900256 221.61276154080809 121.66500009999999  51.82015486343434 221.7544051922294 121.66500009999999  51.698712542962824 221.88610895029296 121.66500009999999  51.566030119861544 222.00763370158694 121.66500009999999  51.424192759856041 222.11910624616661 121.66500009999999  51.274963048097717 222.22091442672348 121.66500009999999  51.119715834692109 222.31362504170744 121.66500009999999  50.672113202994268 222.54883273195503 121.66500009999999  50.369409840305707 222.67219001649124 121.66500009999999  50.056273204937106 222.77221705229368 121.66500009999999  49.736285148472973 222.85200487672654 121.66500009999999  49.412150109712066 222.91476848121636 121.66500009999999  49.085503192884552 222.96331103689016 121.66500009999999  48.757041412389015 223.00020736013408 121.66500009999999  48.174210016086285 223.0486398748746 121.66500009999999  47.921185093772976 223.06407757795336 121.66500009999999  47.667576576817545 223.07498697846557 121.66500009999999  47.413543522337065 223.08226312892634 121.66500009999999  47.159201152796527 223.08671778533261 121.66500009999999  46.90462271020693 223.08908268339036 121.66500009999999  46.649840357298331 223.09000000000003 121.66500009999999  46.394845125667857 223.09000000000003 121.66500009999999 
 0 9 0.24051247784117885 7 0.67131178272012437 7 1 9
2 44.700000000000024 220.59000000000003 112.1650001 -1.2246467991473532e-16 -1 -2.33486982377251e-16 -1 1.2246467991473532e-16 0 2.8593908561087489e-32 2.33486982377251e-16 -1 12.15
2 44.700000000000024 217.79000000000002 112.1650001 1.2246467991473532e-16 1 2.33486982377251e-16 -1 1.2246467991473532e-16 0 -2.8593908561087489e-32 -2.33486982377251e-16 1 12.15
2 44.700000000000024 217.79000000000002 112.1650001 -1.2246467991473532e-16 -1 -2.33486982377251e-16 -1 1.2246467991473532e-16 0 2.8593908561087489e-32 2.33486982377251e-16 -1 12.050000000000001
7 0 0  6 12 3  50.800000000000026 217.24000000000001 101.77305610476984  50.800000000000026 216.76952996701141 101.77305610476984  50.756458140645265 216.29999598226971 101.74749743915407  50.669693623386628 215.8347255339051 101.69656678049694  50.539771238880661 215.3771615336496 101.62214392304892  50.366632685467877 214.93117452330807 101.52778171202542  50.09828058957816 214.39708246382816 101.39167579609369  50.043344285326157 214.29371001519411 101.36419782271872  49.985844197965555 214.19126747127535 101.33587079288604  49.925765553611186 214.08980209466438 101.30675772419198  49.863089527922114 213.98936264920656 101.27692407401301  49.797793246101676 213.88999940000002 101.24643773950581 
 0 7 0.80479658860435965 5 1 7
2 44.700000000000024 213.88999999999999 112.1650001 -1.2246467991473532e-16 -1 -2.33486982377251e-16 -1 1.2246467991473532e-16 0 2.8593908561087489e-32 2.33486982377251e-16 -1 12.050000000000001
7 0 0  8 9 2  50.7997950785252 217.19 98.90029128299237  50.796530802965478 216.791771760117 99.2374888232427  50.763514712061443 216.3891264297086 99.566400996570209  50.699531987978659 215.98143373892765 99.885871345657392  50.602240375486218 215.56865790577439 100.19387690704988  50.468493964404267 215.15135243829008 100.48759709142067  50.293939921059618 214.73079363767164 100.76349625344199  50.073200243742271 214.30909433763907 101.01761899082419  49.797793640389941 213.89000000000004 101.24643792359601 
 0 9 1 9
2 44.700000000000024 217.24000000000001 129.76500010000001 2.3348698237725095e-16 -2.3348698237725105e-16 1 -1 1.2246467991473527e-16 2.33486982377251e-16 -1.2246467991473532e-16 -1 -2.33486982377251e-16 7.3499999999999996
1 38.600000000000023 217.24000000000001 128.16500009999999 -0.61564404197231459 -1.085987825191181e-16 0.78802437372456391 
7 0 0  4 23 8  38.600000000000023 217.24000000000001 125.4296146816605  38.600000000000023 217.23818747798521 125.4296146816605  38.600000718084409 217.2363749559704 125.42961501188604  38.600002154253175 217.2345624342621 125.42961567233716  38.600006462761684 217.23093739032373 125.42961765368983  38.600009335102804 217.22912486809378 125.429618974592  38.600012925529825 217.22731234678309 125.42962062571875  38.60002154256447 217.22368730301827 125.429624588422  38.60002656917495 217.22187478056412 125.42962689999985  38.600032313874408 217.22006225964225 125.42962954180025  38.600045239471079 217.21643721605705 125.42963548585026  38.600052420372577 217.21462469339377 125.42963878810184  38.600060319367742 217.21281217287566 125.42964242057306  38.600077256437679 217.20924963048628 125.42965020931894  38.600086245847848 217.20749960844893 125.42965434321511  38.600095904687599 217.20574958897282 125.42965878494626  38.600116192407107 217.20231204831589 125.42966811446557  38.600126774330178 217.20062452693617 125.42967298066114  38.600137978726735 217.19893700844176 125.42967813309215  38.600162508619412 217.19543696408255 125.42968941332141  38.600175929759267 217.19362443869903 125.42969558509942  38.60019006901701 217.19181191723607 125.42970208708394  38.600204926393076 217.18999939999998 125.42970891926929 
 0 5 0.14499885516972139 3 0.28999785013102153 3 0.43499713268897694 3 0.57999684873566748 3 0.71999712490400203 3 0.85499802904789035 3 1 5
2 44.700000000000024 217.19 112.1650001 -1.2246467991473532e-16 -1 -2.33486982377251e-16 -1 1.2246467991473532e-16 0 2.8593908561087489e-32 2.33486982377251e-16 -1 14.6
1 35.853467984610113 217.79000000000002 123.77959743700146 -1.2246467991473532e-16 -1 -2.33486982377251e-16 
7 0 0  6 12 3  38.600000000000023 217.24000000000001 122.55694409523016  38.600000000000023 216.76952996701147 122.55694409523016  38.643541859354769 216.29999598226948 122.58250276084593  38.73030637661342 215.83472553390538 122.63343341950304  38.860228761119394 215.37716153364948 122.70785627695108  39.033367314532185 214.93117452330802 122.80221848797459  39.301719410421896 214.39708246382816 122.93832440390631  39.356655714673906 214.29371001519411 122.96580237728128  39.4141558020345 214.19126747127535 122.99412940711397  39.47423444638887 214.08980209466438 123.02324247580802  39.536910472077928 213.98936264920656 123.05307612598696  39.602206753898358 213.88999940000002 123.08356246049416 
 0 7 0.80479658860437164 5 1 7
7 0 0  8 9 2  38.600204921474848 217.19 125.42970891700763  38.60346919703457 216.79177176011717 125.09251137675747  38.636485287938861 216.38912642970769 124.7635992034287  38.700468012020565 215.98143373892924 124.44412885434517  38.797759624515031 215.56865790577274 124.13612329294708  38.931506035594801 215.15135243829121 123.84240310858138  39.106060078940885 214.73079363767107 123.5665039465573  39.326799756257671 214.30909433763924 123.3123812091759  39.602206359610101 213.88999999999999 123.083562276404 
 0 9 1 9
8 0 2.2679676449346928
2 44.700000000000024 213.88999999999999 112.1650001 1.2246467991473535e-16 1 2.33486982377251e-16 -0.42305341414024267 2.6337276356088674e-16 -0.90610474492979254 -0.90610474492979254 1.2188362505051244e-17 0.42305341414024267 12.050000000000001
8 0 2.0847695396120747
2 44.700000000000024 217.79000000000002 112.1650001 -1.224646799147353e-16 -1 -2.33486982377251e-16 -0.50416218415166836 -1.3989939712497604e-16 0.86360899258369195 -0.86360899258369195 2.234769058545458e-16 -0.50416218415166836 12.050000000000001
8 0 2.094365770209047
2 44.700000000000024 217.79000000000002 112.1650001 -1.2246467991473532e-16 -1 -2.33486982377251e-16 -0.50001270115453678 -1.4097005059893891e-16 0.86601807064526326 -0.86601807064526326 2.2280308256481979e-16 -0.50001270115453678 12.15
8 0 2.2756462532101378
2 44.700000000000024 220.59000000000003 112.1650001 -1.2246467991473532e-16 -1 -2.3348698237725095e-16 -0.41957149303620811 -1.605586505645673e-16 0.9077222935630519 -0.9077222935630519 2.0912840193321056e-16 -0.41957149303620811 12.15
7 0 0  7 20 4  43.100000000000023 222.61523171408942 101.1650001  43.023078100655397 222.60721830020952 101.1650001  42.945420578461359 222.60407392518454 101.17267017109438  42.868668610543175 222.60636113557621 101.18827502507162  42.794251446600839 222.61407796147466 101.21151003994143  42.723299627912439 222.62665312361685 101.24175664512772  42.656680165752839 222.64326365507941 101.27822326543762  42.532645502252002 222.68296952831417 101.36230115117144  42.475282402101797 222.70615655728693 101.41007611237276  42.423311415284836 222.73172452545452 101.46263491413379  42.376982154088317 222.75884216551032 101.51932280643598  42.336469956817744 222.78677284219953 101.57955637758401  42.3019277407803 222.81490060340622 101.64282942562107  42.252901380357748 222.86288226638482 101.75655541462825  42.235524346492063 222.8828834310529 101.80575238912192  42.221464071922497 222.90249211957081 101.85611836517458  42.210801768279666 222.9215121269192 101.90745415990554  42.203621265690039 222.93976292800278 101.95954313584063  42.200000000000024 222.95708265544471 102.01214674950238  42.200000000000024 222.97333107738103 102.06500009999999 
 0 8 0.36420094787343482 6 0.73253460305836637 6 1 8
7 0 0  6 7 2  42.200000000000024 222.84220644308584 101.72500009999999  42.200000000000024 222.92387498376502 101.89929241852676  42.200000000000024 222.99003666934675 102.08093371253329  42.200000000000024 223.03999434677252 102.2681102772697  42.200000000000024 223.07336387898954 102.45898164891466  42.200000000000024 223.09000000000003 102.65170919043446  42.200000000000024 223.09000000000003 102.84445827025641 
 0 7 1 7
8 0 2.7029888613413648
2 44.700000000000024 223.09000000000003 112.1650001 -1.2246467991473532e-16 -1 -2.3348698237725095e-16 -0.1756316192401898 -2.083489810118056e-16 0.98445595854922285 -0.98445595854922285 1.6156878064030676e-16 -0.1756316192401898 9.6500000000000004
7 0 0  8 23 4  37.380000000000024 221.4619417566999 121.66500010000001  37.47195769409781 221.6127615408048 121.66500010000001  37.579845136562838 221.75440519222519 121.66500010000001  37.701287457029061 221.88610895028478 121.66500010000001  37.83396988012867 222.00763370157767 121.66500010000001  37.975807240132205 222.11910624615706 121.66500010000001  38.125036951884454 222.22091442671154 121.66500010000001  38.280284165288087 222.31362504169556 121.66500010000001  38.727886796980556 222.5488327319444 121.66500010000001  39.03059015965318 222.67219001647675 121.66500010000001  39.343726795054486 222.77221705229073 121.66500010000001  39.663714851454294 222.85200487671085 121.66500010000001  39.987849890279058 222.91476848121397 121.66500010000001  40.314496807057068 222.96331103688215 121.66500010000001  40.642958587569154 223.00020736012937 121.66500010000001  41.225789983871437 223.04863987487204 121.66500009999999  41.478814906190159 223.06407757795176 121.66500009999999  41.732423423151992 223.07498697846466 121.66500009999999  41.986456477638889 223.08226312892594 121.66500009999999  42.240798847185189 223.08671778533244 121.66500009999999  42.495377289780535 223.0890826833903 121.66500009999999  42.750159642695799 223.09000000000003 121.66500009999999  43.005154874332192 223.09000000000003 121.66500009999999 
 0 9 0.24051247783400739 7 0.671311782708788 7 1 9
1 44.700000000000024 223.09000000000003 121.66500009999999 1 -1.2246467991473527e-16 -2.33486982377251e-16 
7 0 0  2 5 4  35.998293189117803 202.96379999999999 98.256104967932998  35.998293189117803 203.37689999999998 98.256104967932998  35.998293189117803 210.54000000000002 98.256104967932998  35.998293189117803 217.70310000000001 98.256104967932998  35.998293189117803 218.11619999999999 98.256104967932998 
 -0.82620000000001081 3 -1.0974171438249413e-14 1 13.499999999999996 1 14.326199999999996 3
7 0 0  2 5 4  30.952429751802988 202.96379999999999 103.21059462066867  30.952429751802988 203.37689999999998 103.21059462066867  30.952429751802988 210.54000000000002 103.21059462066867  30.952429751802988 217.70310000000001 103.21059462066867  30.952429751802988 218.11619999999999 103.21059462066867 
 -0.82620000000001081 3 -1.0974171438249413e-14 1 13.499999999999996 1 14.326199999999996 3
7 0 0  2 5 4  31.317343256434498 202.96379999999999 104.34486592698863  31.317343256434498 203.37689999999998 104.34486592698863  31.317343256434498 210.54000000000002 104.34486592698863  31.317343256434498 217.70310000000001 104.34486592698863  31.317343256434498 218.11619999999999 104.34486592698863 
 -0.82620000000001081 3 -1.0974171438249413e-14 1 13.499999999999996 1 14.326199999999996 3
7 0 0  2 5 4  31.317343256434498 202.96379999999999 119.98513427301137  31.317343256434498 203.37689999999998 119.98513427301137  31.317343256434498 210.54000000000002 119.98513427301137  31.317343256434501 217.70310000000001 119.98513427301137  31.317343256434501 218.11619999999999 119.98513427301137 
 -0.82620000000001081 3 -1.0974171438249413e-14 1 13.499999999999996 1 14.326199999999996 3
7 0 0  2 5 4  30.952429751802985 202.96379999999999 121.11940557933133  30.952429751802985 203.37689999999998 121.11940557933133  30.952429751802985 210.54000000000002 121.11940557933133  30.952429751802988 217.70310000000001 121.11940557933133  30.952429751802988 218.11619999999999 121.11940557933133 
 -0.82620000000001081 3 -1.0974171438249413e-14 1 13.499999999999996 1 14.326199999999996 3
2 32.500000000000028 227.84000000000003 124.5900001 -1.2246467991473532e-16 -1 -2.33486982377251e-16 -1 1.2246467991473532e-16 0 2.8593908561087489e-32 2.33486982377251e-16 -1 3.4500000000000002
1 29.050000000000026 228.29000000000002 124.5900001 -1.2246467991473532e-16 -1 -2.33486982377251e-16 
7 0 0  8 65 10  33.248990827352344 217.19 121.22228384999585  33.351347179170403 217.10438435993325 121.24504822886323  33.456203176877111 217.02034437621103 121.27210024509733  33.564127961429406 216.93789087281789 121.30398271621962  33.675595932368182 216.85732549355339 121.34140944371291  33.790968610071822 216.77921275403821 121.3852118742237  33.910601876904209 216.70448757275642 121.43652850625696  34.034768809129375 216.63437658782317 121.49665105050451  34.203885588460906 216.55133903605292 121.589778588722  34.244053833308165 216.53247731571156 121.61267523626694  34.284684166946832 216.51431392483107 121.63665739583413  34.325769583344879 216.4969225911949 121.66178029839506  34.367290328605563 216.48038872657025 121.68809658746491  34.409213170360118 216.46480793057191 121.71565428278501  34.451490280176465 216.45028365039207 121.74449369973539  34.512615833762688 216.43109959616652 121.78778763804783  34.531227855043362 216.42549695431109 121.80118008434758  34.549887749997161 216.42012518325487 121.81482242648573  34.568588573026489 216.41499362366892 121.8287157360293  34.587322459140751 216.41011171310686 121.84286026549421  34.606080607332174 216.40548885464062 121.85725532083657  34.624853263951699 216.40113428549586 121.87189913394366  34.678426135470865 216.38950083544546 121.91438208600613  34.713242944630714 216.38289525501386 121.94282544308891  34.748002922594196 216.37729949645654 121.97209317212122  34.78262366123618 216.37276665079935 122.0021492747081  34.817018189759452 216.36934070661982 122.03294556420127  34.851095609177506 216.36705364863684 122.06441984158911  34.88476172679735 216.36592255629967 122.09649407138647  34.94674636087975 216.36596769434919 122.15739544482474  34.975195661238331 216.36686181137827 122.18610601481708  35.003204821491636 216.36862915688943 122.21514271367423  35.030720615305697 216.37125978965065 122.24444486684885  35.057698541358363 216.37473508155892 122.27395302050752  35.084102004398659 216.37902907542485 122.30360928296406  35.109901496306179 216.38410984275805 122.33335766611336  35.147883140454809 216.39290804911025 122.37830195043162  35.160530876141571 216.3960697731668 122.39347039625954  35.1730145211897 216.39942124125167 122.40864330977789  35.185332117686769 216.40295758023223 122.42381464789142  35.19748221282893 216.40667381631295 122.43897877898044  35.209463858920905 216.41056487503562 122.45413048290075  35.221276613375998 216.41462558127938 122.46926495098359  35.256618606222688 216.42744966520507 122.51513588305403  35.279616143945148 216.43672947233995 122.54580312682674  35.301914715120255 216.4466467710767 122.5763444684909  35.323521564253696 216.45715869512981 122.60673081520267  35.344448628806617 216.46822367380844 122.63693878495044  35.364711550882241 216.47980228430811 122.66695046136817  35.384328688912412 216.49185810400252 122.69675314854862  35.446846281836237 216.5330081470043 122.79414671341485  35.48705728767964 216.56397388235712 122.8607709927648  35.52423634249314 216.59687750101523 122.92617182251976  35.558637474033361 216.63140212448764 122.99033214669598  35.590492792911547 216.66728774555764 123.0532610496092  35.620016819313818 216.70432838613169 123.11499578008133  35.647407885725087 216.74237093095178 123.1756027449577  35.703990523007803 216.82899452387636 123.30811310128661  35.73218267310537 216.87798568441229 123.37944104399728  35.75774137190502 216.92807048931172 123.44929163967731  35.780916347879646 216.9790762537624 123.51776598708935  35.8019123698257 217.03086624937742 123.5849508953039  35.820904722039828 217.0833331469338 123.65092886102116  35.838046536865569 217.13639589007801 123.71578307205806  35.85346798461012 217.19 123.77959743700146 
 0 9 0.29628808130187168 7 0.38721223226088597 7 0.42685237907974405 7 0.50031334467960087 7 0.56417839478739873 7 0.59667726266300325 7 0.66281993726029265 7 0.81441118443770366 7 1 9
1 33.248990827352344 217.79000000000002 121.22228384999585 -1.2246467991473532e-16 -1 -2.33486982377251e-16 
1 33.248990827352344 217.79000000000002 103.10771635000415 -1.2246467991473532e-16 -1 -2.33486982377251e-16 
8 0 1.3384080825217652
2 44.700000000000024 217.19 112.1650001 -1.2246467991473535e-16 -1 -2.33486982377251e-16 -0.78431569675669044 -4.8795457417263317e-17 0.62036190068464669 -0.62036190068464669 2.590999268654728e-16 -0.78431569675669044 14.6
2 32.500000000000028 227.84000000000003 99.740000100000003 -1.2246467991473532e-16 -1 -2.33486982377251e-16 -1 1.2246467991473532e-16 0 2.8593908561087489e-32 2.33486982377251e-16 -1 3.4500000000000002
1 29.050000000000026 228.29000000000002 99.740000100000003 -1.2246467991473532e-16 -1 -2.33486982377251e-16 
7 0 0  8 65 10  35.853467984610113 217.19 100.55040276299854  35.828936168568646 217.10472874755629 100.65191607663331  35.800105359328526 217.02101632564512 100.75583578734202  35.766429273982688 216.93887735953314 100.8627104744518  35.727195895682719 216.85861058652949 100.97299362612364  35.681578521467117 216.78077240742687 101.08702742564111  35.628450412970437 216.70628071553102 101.20514362069093  35.566532207197405 216.63634039605859 101.3275929332768  35.470812652018552 216.5531276531359 101.49466788518669  35.447051315645382 216.53402984499712 101.53475182230684  35.422179142394974 216.51563855532322 101.57528696137612  35.396139403624048 216.49802905544755 101.61626559581012  35.368878165843562 216.48128873555885 101.65766697533779  35.340346392049838 216.4655155760463 101.69945659199188  35.310503132563504 216.45081574551591 101.74158508271023  35.265893330349748 216.43148104748519 101.80224345682177  35.252219363590996 216.42588175154293 101.82054953040344  35.238296238510024 216.42051145966713 101.83889898565027  35.224122984421079 216.41537942227728 101.85728496061779  35.209699452073174 216.41049498946677 101.8756997007616  35.195026439180594 216.4058674822744 101.89413454463914  35.180105815953333 216.40150606395525 101.91257990961132  35.13663484549572 216.38979224080128 101.96545358604465  35.107470981214256 216.38312120141211 101.9998892973384  35.077476005999983 216.37746665524509 102.03425503640524  35.046687479781951 216.37288256442957 102.06846826926659  35.015155436069413 216.36941371713368 102.10244198308224  34.98294424381988 216.36709275363319 102.13608536624702  34.95013446930713 216.36593719238095 102.16930448848726  34.88772307334694 216.36595454947479 102.23057062544254  34.858232911016415 216.36685172889236 102.25874765304442  34.828418700654346 216.3686382091991 102.28647060750166  34.798343786565638 216.37130377648475 102.3136859343623  34.76807006659908 216.37482921145642 102.34034911503491  34.737657651043016 216.37918771283609 102.36642380083933  34.707164521520966 216.38434632075877 102.39188094705747  34.661218533999744 216.39326053950623 102.42924346027179  34.6457834084665 216.39644882829776 102.44162617514874  34.630347331059539 216.3998273833526 102.45384377087923  34.614916394330322 216.40339128338877 102.46589442654772  34.599496265609694 216.40713550903433 102.47777682105874  34.584092187007919 216.41105494282749 102.48949013313705  34.568708975414673 216.41514436921659 102.5010340413275  34.522027613010408 216.42807496187669 102.53560802958984  34.49081058098114 216.43743641742992 102.55810217249527  34.459735101611926 216.44743894812109 102.57989369029193  34.428830219729157 216.4580391567813 102.60099071795037  34.398119117816094 216.46919500056009 102.62140599410895  34.367619384043927 216.48086664931441 102.64115586735161  34.337343280302953 216.49301734399728 102.66025930248563  34.186973099235757 216.55606220233904 102.75273567881851  34.070753628121714 216.6134962858664 102.81645000265281  33.95841141343432 216.67598554930709 102.87172594786364  33.849874018875646 216.74221342321817 102.91973588050114  33.744944799745603 216.81117806641498 102.96151854510882  33.643338751691587 216.88223960748041 102.99789462663  33.544626346482076 216.95504907064134 103.02957529577154  33.422728661189737 217.04929087516433 103.06442124041153  33.397398276290986 217.06912001783724 103.07141970568154  33.372245586447839 217.08904800367264 103.07813294568106  33.347265919600382 217.10906955826948 103.08456993161695  33.322454797585372 217.12917980790519 103.09073910872871  33.297807936136216 217.14937427953589 103.09664839628849  33.273321244882972 217.16964890079635 103.10230518760113  33.248990827352344 217.19 103.10771635000415 
 0 9 0.29504549690202947 7 0.38681568834371499 7 0.42632879662076539 7 0.50008007588558334 7 0.56451424905936265 7 0.59708707325737054 7 0.66352118177166708 7 0.92957564477922316 7 1 9
1 35.853467984610113 217.79000000000002 100.55040276299854 -1.2246467991473532e-16 -1 -2.33486982377251e-16 
2 44.700000000000024 217.19 112.1650001 -1.2246467991473532e-16 -1 -2.33486982377251e-16 -1 1.2246467991473532e-16 0 2.8593908561087489e-32 2.33486982377251e-16 -1 14.6
2 39.100000000000023 203.63999999999999 96.465000099999997 2.8593908561087489e-32 2.33486982377251e-16 -1 1.2246467991473532e-16 1 2.33486982377251e-16 1 -1.2246467991473532e-16 0 0.34999999999999998
2 40.15000000000002 203.63999999999999 96.465000099999997 1.2246467991473532e-16 1 2.33486982377251e-16 -1 1.224646799147365e-16 -5.0753052554292927e-15 -5.0753052554292927e-15 -2.3348698237725036e-16 1 0.69999999999999996
2 40.150000000000013 203.63999999999999 97.515000100000009 -1 1.2246467991473653e-16 -5.1365375953866603e-15 -5.1365375953866603e-15 -2.3348698237725036e-16 1 1.2246467991473532e-16 1 2.33486982377251e-16 0.34999999999999998
8 1.5707963267948966 3.1415926535897931
3 39.100000000000023 203.63999999999999 95.615000100000003 -0.70710678118654757 2.5169583418128745e-16 -0.70710678118654757 -0.70710678118654757 -7.8504622934188758e-17 0.70710678118654757 1.2246467991473532e-16 1 2.33486982377251e-16 0.49497474683058329 0.34999999999999998
1 39.450000000000017 203.63999999999999 95.265000100000009 -2.8593908561087489e-32 -2.33486982377251e-16 1 
1 39.450000000000017 203.63999999999999 95.265000100000009 -1 1.2246467991473532e-16 0 
2 32.450000000000017 203.63999999999999 95.615000100000003 -1 1.2246467991473532e-16 8.8369196010906508e-49 1.2246467991473532e-16 1 2.33486982377251e-16 2.8593908561087489e-32 2.33486982377251e-16 -1 0.34999999999999998
2 32.450000000000017 203.63999999999999 99.765000100000009 1.2246467991473532e-16 1 2.33486982377251e-16 2.8593908561087489e-32 2.33486982377251e-16 -1 -1 1.2246467991473532e-16 0 4.5
2 28.300000000000022 203.63999999999999 99.765000100000009 -6.1232339957367685e-17 -2.33486982377251e-16 1 -1 1.2246467991473535e-16 -6.123233995736766e-17 -1.2246467991473532e-16 -1 -2.33486982377251e-16 0.34999999999999998
1 27.950000000000021 203.63999999999999 99.765000100000009 -2.8593908561087489e-32 -2.33486982377251e-16 1 
2 28.300000000000022 203.63999999999999 124.56500009999999 -2.8593908561087489e-32 -2.33486982377251e-16 1 1.2246467991473532e-16 1 2.33486982377251e-16 -1 1.2246467991473532e-16 0 0.34999999999999998
2 32.450000000000017 203.63999999999999 124.56500009999999 1.2246467991473532e-16 1 2.33486982377251e-16 -1 1.2246467991473532e-16 0 -2.8593908561087489e-32 -2.33486982377251e-16 1 4.5
2 32.450000000000017 203.63999999999999 128.7150001 1 -1.2246467991473535e-16 6.123233995736766e-17 -6.1232339957367685e-17 -2.33486982377251e-16 1 -1.2246467991473532e-16 -1 -2.33486982377251e-16 0.34999999999999998
1 32.450000000000017 203.63999999999999 129.06500009999999 1 -1.2246467991473532e-16 0 
8 4.7123889803846897 6.2831853071795862
3 39.100000000000023 203.63999999999999 128.7150001 0.70710678118654757 7.8504622934188783e-17 -0.70710678118654757 0.70710678118654757 -2.5169583418128745e-16 0.70710678118654757 -1.2246467991473532e-16 -1 -2.33486982377251e-16 0.49497474683058329 0.34999999999999998
1 39.450000000000017 203.63999999999999 129.06500009999999 2.8593908561087489e-32 2.33486982377251e-16 -1 
1 39.450000000000017 204.99000000000001 127.86500009999999 -1.2246467991473532e-16 -1 -2.33486982377251e-16 
2 40.15000000000002 202.63999999999999 127.86500009999999 -1.2246467991473532e-16 -1 -2.33486982377251e-16 -1 1.2246467991473532e-16 0 2.8593908561087489e-32 2.33486982377251e-16 -1 0.69999999999999996
1 40.15000000000002 204.99000000000001 127.16500009999999 -1.2246467991473532e-16 -1 -2.33486982377251e-16 
1 40.15000000000002 202.63999999999999 127.16500009999999 1 -1.2246467991473532e-16 0 
1 49.250000000000021 204.99000000000001 127.16500009999999 -1.2246467991473532e-16 -1 -2.33486982377251e-16 
1 49.950000000000017 204.99000000000001 127.86500009999999 -1.2246467991473532e-16 -1 -2.33486982377251e-16 
2 49.250000000000021 202.63999999999999 127.86500009999999 -1.2246467991473532e-16 -1 -2.33486982377251e-16 -1.2688263138573232e-15 2.3348698237725115e-16 -1 1 -1.2246467991473502e-16 -1.2688263138573232e-15 0.69999999999999996
1 49.950000000000017 203.63999999999999 127.86500009999999 -2.8593908561087489e-32 -2.33486982377251e-16 1 
8 3.1415926535897931 4.7123889803846897
3 50.300000000000018 203.63999999999999 128.7150001 -0.70710678118654757 2.5169583418128745e-16 -0.70710678118654757 0.70710678118654757 7.8504622934188758e-17 -0.70710678118654757 -1.2246467991473532e-16 -1 -2.33486982377251e-16 0.49497474683058329 0.34999999999999998
1 49.950000000000017 203.63999999999999 129.06500009999999 1 -1.2246467991473532e-16 0 
2 56.950000000000017 203.63999999999999 128.7150001 -1 1.2246467991473532e-16 0 -2.8593908561087489e-32 -2.33486982377251e-16 1 1.2246467991473532e-16 1 2.33486982377251e-16 0.34999999999999998
2 56.950000000000017 203.63999999999999 124.56500009999999 1.2246467991473532e-16 1 2.33486982377251e-16 3.9474596431116675e-16 -2.3348698237725105e-16 1 1 -1.2246467991473522e-16 -3.947459643111668e-16 4.5
2 61.100000000000023 203.63999999999999 124.56500009999999 -1.1057558549626352e-16 -2.33486982377251e-16 1 1 -1.2246467991473535e-16 1.1057558549626349e-16 1.2246467991473532e-16 1 2.33486982377251e-16 0.34999999999999998
1 61.450000000000017 203.63999999999999 124.56500009999999 2.8593908561087489e-32 2.33486982377251e-16 -1 
2 61.100000000000023 203.63999999999999 99.765000100000009 -2.8593908561087489e-32 -2.33486982377251e-16 1 1 -1.2246467991473532e-16 0 1.2246467991473532e-16 1 2.33486982377251e-16 0.34999999999999998
2 56.950000000000017 203.63999999999999 99.765000100000009 1.2246467991473532e-16 1 2.33486982377251e-16 1 -1.2246467991473532e-16 0 2.8593908561087489e-32 2.33486982377251e-16 -1 4.5
2 56.950000000000017 203.63999999999999 95.615000100000003 1 -1.2246467991473535e-16 6.123233995736766e-17 6.1232339957367685e-17 2.33486982377251e-16 -1 1.2246467991473532e-16 1 2.33486982377251e-16 0.34999999999999998
1 56.950000000000017 203.63999999999999 95.265000100000009 -1 1.2246467991473532e-16 0 
8 0 1.5707963267948966
3 50.300000000000018 203.63999999999999 95.615000100000003 0.70710678118654757 7.8504622934188783e-17 -0.70710678118654757 -0.70710678118654757 2.5169583418128745e-16 -0.70710678118654757 1.2246467991473532e-16 1 2.33486982377251e-16 0.49497474683058329 0.34999999999999998
2 50.300000000000018 203.63999999999999 96.465000099999997 -1.3300586538146973e-15 -2.3348698237725085e-16 1 1 -1.2246467991473564e-16 1.3300586538146973e-15 1.2246467991473532e-16 1 2.33486982377251e-16 0.34999999999999998
1 49.950000000000017 203.63999999999999 96.465000099999997 2.8593908561087489e-32 2.33486982377251e-16 -1 
2 49.250000000000021 203.63999999999999 97.515000099999995 -1 1.2246467991473532e-16 8.8369196010906508e-49 1.2246467991473532e-16 1 2.33486982377251e-16 2.8593908561087489e-32 2.33486982377251e-16 -1 0.34999999999999998
2 49.250000000000021 203.63999999999999 96.465000099999997 1.2246467991473532e-16 1 2.33486982377251e-16 -1.2688263138573297e-15 -2.3348698237725085e-16 1 1 -1.2246467991473562e-16 1.2688263138573297e-15 0.69999999999999996
1 40.15000000000002 203.79000000000002 97.198772333983158 1 -1.2246467991473532e-16 0 
1 40.15000000000002 203.63999999999999 97.165000099999986 1 -1.2246467991473532e-16 0 
7 0 0  7 20 4  47.700000000000024 222.9276861633748 102.06500009999999  47.700000000000024 222.91089188569845 102.01878215874044  47.697230972159907 222.89334296907066 101.97276855035113  47.691737065139797 222.87514467644269 101.92712615087785  47.68356815347714 222.85641322540869 101.88200664082817  47.672775012886603 222.83727493407139 101.83754898655113  47.659404495560032 222.81786536690754 101.79388192161724  47.61844185188918 222.76756410547318 101.68380013979746  47.587111460215176 222.73650764740557 101.61878533926301  47.549642945564713 222.70569105190339 101.55647802189262  47.506126989314843 222.6757592100077 101.49737177877637  47.45667732148344 222.64748714712164 101.44204820757709  47.401448553883299 222.62179550707668 101.39118335020575  47.276653674322318 222.57626664333503 101.29738935527561  47.206306922700726 222.55677429150637 101.25493638219686  47.130434490658885 222.54249604188561 101.2194918616986  47.050159134970833 222.5346350376625 101.19219081044554  46.966983770988584 222.53397312417542 101.17389861318662  46.882853736400307 222.54030194538495 101.16500009999999  46.800000000000026 222.55256216209239 101.16500009999999 
 0 8 0.23604801829596692 6 0.60774848729609865 6 1 8
1 46.800000000000026 223.79000000000002 101.1650001 -1.2246467991473532e-16 -1 -2.33486982377251e-16 
1 43.100000000000023 223.79000000000002 101.1650001 -1.2246467991473532e-16 -1 -2.33486982377251e-16 
1 46.800000000000026 223.79000000000002 101.1650001 -1.2246467991473532e-16 -1 -2.33486982377251e-16 
1 43.100000000000023 221.84000000000003 101.1650001 1 -1.2246467991473532e-16 0 
1 43.100000000000023 223.79000000000002 101.1650001 -1.2246467991473532e-16 -1 -2.33486982377251e-16 
7 0 0  7 20 4  43.100000000000023 222.61523171408942 101.1650001  43.023078100655397 222.60721830020952 101.1650001  42.945420578461359 222.60407392518454 101.17267017109438  42.868668610543175 222.60636113557621 101.18827502507162  42.794251446600839 222.61407796147466 101.21151003994143  42.723299627912439 222.62665312361685 101.24175664512772  42.656680165752839 222.64326365507941 101.27822326543762  42.532645502252002 222.68296952831417 101.36230115117144  42.475282402101797 222.70615655728693 101.41007611237276  42.423311415284836 222.73172452545452 101.46263491413379  42.376982154088317 222.75884216551032 101.51932280643598  42.336469956817744 222.78677284219953 101.57955637758401  42.3019277407803 222.81490060340622 101.64282942562107  42.252901380357748 222.86288226638482 101.75655541462825  42.235524346492063 222.8828834310529 101.80575238912192  42.221464071922497 222.90249211957081 101.85611836517458  42.210801768279666 222.9215121269192 101.90745415990554  42.203621265690039 222.93976292800278 101.95954313584063  42.200000000000024 222.95708265544471 102.01214674950238  42.200000000000024 222.97333107738103 102.06500009999999 
 0 8 0.36420094787343482 6 0.73253460305836637 6 1 8
2 44.700000000000017 217.24000000000001 94.565000099999992 -1.1102230246251563e-16 2.33486982377251e-16 -1 1 -1.224646799147353e-16 -1.1102230246251565e-16 -1.2246467991473532e-16 -1 -2.33486982377251e-16 7.3499999999999996
1 50.800000000000018 217.24000000000001 96.1650001 0.6156440419723147 1.0859878251911808e-16 -0.7880243737245638 
2 53.90000000000002 227.84000000000003 99.740000100000003 2.8593908561087489e-32 2.33486982377251e-16 -1 -1 1.2246467991473532e-16 0 1.2246467991473532e-16 1 2.33486982377251e-16 0.45000000000000001
2 56.90000000000002 228.29000000000002 99.740000100000003 -1.2246467991473532e-16 -1 -2.33486982377251e-16 -1 1.2246467991473532e-16 0 2.8593908561087489e-32 2.33486982377251e-16 -1 3
2 53.90000000000002 227.84000000000003 124.5900001 2.8593908561087489e-32 2.33486982377251e-16 -1 -1 1.2246467991473532e-16 0 1.2246467991473532e-16 1 2.33486982377251e-16 0.45000000000000001
2 56.90000000000002 228.29000000000002 124.5900001 -1.2246467991473532e-16 -1 -2.33486982377251e-16 -1 1.2246467991473532e-16 0 2.8593908561087489e-32 2.33486982377251e-16 -1 3
2 46.800000000000026 221.84000000000003 102.06500009999999 -1.2246467991473532e-16 -1 -2.33486982377251e-16 2.8593908561087489e-32 2.33486982377251e-16 -1 1 -1.2246467991473532e-16 0 0.90000000000000002
8 0 1.0876861633747898
1 47.700000000000024 221.84000000000003 102.06500009999999 1.2246467991473532e-16 1 2.33486982377251e-16 
1 47.700000000000024 223.79000000000002 105.4650001 -1.2246467991473532e-16 -1 -2.33486982377251e-16 
1 47.700000000000024 223.09000000000003 109.26500010000001 2.8593908561087489e-32 2.33486982377251e-16 -1 
8 0 3.4000000000000012
1 47.700000000000024 221.84000000000003 102.06500009999999 1.3061447348531246e-16 -2.33486982377251e-16 1 
1 42.200000000000024 223.09000000000003 109.26500010000001 2.8593908561087489e-32 2.33486982377251e-16 -1 
2 43.100000000000023 223.09000000000003 105.4650001 -1.2246467991473532e-16 -1 -2.33486982377251e-16 -1 1.2246467991473532e-16 0 2.8593908561087489e-32 2.33486982377251e-16 -1 0.90000000000000002
1 46.200000000000024 223.09000000000003 106.3650001 1 -1.2246467991473532e-16 0 
2 46.800000000000026 223.09000000000003 105.4650001 -1.2246467991473532e-16 -1 -2.33486982377251e-16 1 -1.2246467991473532e-16 0 -2.8593908561087489e-32 -2.33486982377251e-16 1 0.90000000000000002
2 44.700000000000024 217.24000000000001 130.56500010000002 2.3348698237725095e-16 -2.3348698237725105e-16 1 -1 1.2246467991473527e-16 2.33486982377251e-16 -1.2246467991473532e-16 -1 -2.33486982377251e-16 7.5999999999999996
1 37.350000000000023 217.24000000000001 129.76500010000001 -0.29827499313594757 -1.8633049824994016e-16 0.9544799780350296 
2 29.500000000000025 227.84000000000003 124.5900001 2.8593908561087489e-32 2.33486982377251e-16 -1 -1 1.2246467991473532e-16 0 1.2246467991473532e-16 1 2.33486982377251e-16 0.45000000000000001
2 32.500000000000028 228.29000000000002 124.5900001 -1.2246467991473532e-16 -1 -2.33486982377251e-16 -1 1.2246467991473532e-16 0 2.8593908561087489e-32 2.33486982377251e-16 -1 3
2 29.500000000000025 227.84000000000003 99.740000100000003 2.8593908561087489e-32 2.33486982377251e-16 -1 -1 1.2246467991473532e-16 0 1.2246467991473532e-16 1 2.33486982377251e-16 0.45000000000000001
2 32.500000000000028 228.29000000000002 99.740000100000003 -1.2246467991473532e-16 -1 -2.33486982377251e-16 -1 1.2246467991473532e-16 0 2.8593908561087489e-32 2.33486982377251e-16 -1 3
1 39.450000000000017 204.99000000000001 96.465000099999997 -1.2246467991473532e-16 -1 -2.33486982377251e-16 
2 40.15000000000002 202.63999999999999 96.465000099999997 1.2246467991473532e-16 1 2.33486982377251e-16 -1 1.224646799147365e-16 -5.0753052554292927e-15 -5.0753052554292927e-15 -2.3348698237725036e-16 1 0.69999999999999996
1 40.15000000000002 204.99000000000001 97.165000099999986 -1.2246467991473532e-16 -1 -2.33486982377251e-16 
1 39.450000000000017 204.49000000000001 95.265000100000009 1.2246467991473532e-16 1 2.33486982377251e-16 
1 39.450000000000017 202.63999999999999 95.265000100000009 -2.8593908561087489e-32 -2.33486982377251e-16 1 
1 32.450000000000017 203.99000000000001 95.265000100000009 -1.2246467991473532e-16 -1 -2.33486982377251e-16 
1 39.450000000000017 202.63999999999999 95.265000100000009 -1 1.2246467991473532e-16 0 
1 27.950000000000021 203.99000000000001 99.765000100000009 -1.2246467991473532e-16 -1 -2.33486982377251e-16 
2 32.450000000000017 202.63999999999999 99.765000100000009 1.2246467991473532e-16 1 2.33486982377251e-16 2.8593908561087489e-32 2.33486982377251e-16 -1 -1 1.2246467991473532e-16 0 4.5
1 27.950000000000021 203.99000000000001 124.56500009999999 -1.2246467991473532e-16 -1 -2.33486982377251e-16 
1 27.950000000000021 202.63999999999999 99.765000100000009 -2.8593908561087489e-32 -2.33486982377251e-16 1 
2 32.450000000000017 202.63999999999999 124.56500009999999 1.2246467991473532e-16 1 2.33486982377251e-16 -1 1.2246467991473532e-16 0 -2.8593908561087489e-32 -2.33486982377251e-16 1 4.5
1 32.450000000000017 203.99000000000001 129.06500009999999 -1.2246467991473532e-16 -1 -2.33486982377251e-16 
1 32.450000000000017 202.63999999999999 129.06500009999999 1 -1.2246467991473532e-16 0 
1 39.450000000000017 204.49000000000001 129.06500009999999 1.2246467991473532e-16 1 2.33486982377251e-16 
1 39.450000000000017 202.63999999999999 129.06500009999999 2.8593908561087489e-32 2.33486982377251e-16 -1 
2 39.100000000000023 202.63999999999999 127.86500009999999 -2.8593908561087489e-32 -2.33486982377251e-16 1 -1.2246467991473532e-16 -1 -2.33486982377251e-16 1 -1.2246467991473532e-16 0 0.34999999999999998
2 40.15000000000002 202.29000000000002 127.86500009999999 -1.2246467991473532e-16 -1 -2.33486982377251e-16 -1 1.2246467991473532e-16 0 2.8593908561087489e-32 2.33486982377251e-16 -1 1.0499999999999998
2 40.15000000000002 202.63999999999999 126.81500009999999 -1 1.224646799147353e-16 6.123233995736766e-17 -6.1232339957367636e-17 2.33486982377251e-16 -1 -1.2246467991473532e-16 -1 -2.33486982377251e-16 0.34999999999999998
1 40.15000000000002 202.29000000000002 126.81500009999999 1 -1.2246467991473532e-16 0 
2 49.250000000000021 202.63999999999999 126.81500009999999 -1 1.2246467991473532e-16 8.8369196010906508e-49 -1.2246467991473532e-16 -1 -2.33486982377251e-16 -2.8593908561087489e-32 -2.33486982377251e-16 1 0.34999999999999998
1 49.950000000000017 202.63999999999999 127.86500009999999 -2.8593908561087489e-32 -2.33486982377251e-16 1 
1 49.950000000000017 204.49000000000001 129.06500009999999 1.2246467991473532e-16 1 2.33486982377251e-16 
2 49.250000000000021 202.29000000000002 127.86500009999999 -1.2246467991473532e-16 -1 -2.33486982377251e-16 -1.2688263138573232e-15 2.3348698237725115e-16 -1 1 -1.2246467991473502e-16 -1.2688263138573232e-15 1.0499999999999998
2 50.300000000000018 202.63999999999999 127.86500009999999 -1.3300586538146907e-15 2.3348698237725115e-16 -1 1 -1.22464679914735e-16 -1.3300586538146907e-15 -1.2246467991473532e-16 -1 -2.33486982377251e-16 0.34999999999999998
1 49.950000000000017 202.63999999999999 129.06500009999999 1 -1.2246467991473532e-16 0 
1 56.950000000000017 203.99000000000001 129.06500009999999 -1.2246467991473532e-16 -1 -2.33486982377251e-16 
1 61.450000000000017 203.99000000000001 124.56500009999999 -1.2246467991473532e-16 -1 -2.33486982377251e-16 
2 56.950000000000017 202.63999999999999 124.56500009999999 1.2246467991473532e-16 1 2.33486982377251e-16 3.9474596431116675e-16 -2.3348698237725105e-16 1 1 -1.2246467991473522e-16 -3.947459643111668e-16 4.5
1 61.450000000000017 202.63999999999999 124.56500009999999 2.8593908561087489e-32 2.33486982377251e-16 -1 
1 61.450000000000017 203.99000000000001 99.765000100000009 -1.2246467991473532e-16 -1 -2.33486982377251e-16 
2 56.950000000000017 202.63999999999999 99.765000100000009 1.2246467991473532e-16 1 2.33486982377251e-16 1 -1.2246467991473532e-16 0 2.8593908561087489e-32 2.33486982377251e-16 -1 4.5
1 56.950000000000017 203.99000000000001 95.265000100000009 -1.2246467991473532e-16 -1 -2.33486982377251e-16 
1 49.950000000000017 204.49000000000001 95.265000100000009 1.2246467991473532e-16 1 2.33486982377251e-16 
1 56.950000000000017 202.63999999999999 95.265000100000009 -1 1.2246467991473532e-16 0 
1 49.950000000000017 202.63999999999999 96.465000099999997 2.8593908561087489e-32 2.33486982377251e-16 -1 
1 49.950000000000017 204.99000000000001 96.465000099999997 -1.2246467991473532e-16 -1 -2.33486982377251e-16 
2 49.250000000000021 202.63999999999999 96.465000099999997 1.2246467991473532e-16 1 2.33486982377251e-16 -1.2688263138573297e-15 -2.3348698237725085e-16 1 1 -1.2246467991473562e-16 1.2688263138573297e-15 0.69999999999999996
1 49.250000000000021 204.99000000000001 97.165000099999986 -1.2246467991473532e-16 -1 -2.33486982377251e-16 
1 40.15000000000002 202.63999999999999 97.165000099999986 1 -1.2246467991473532e-16 0 
8 0 1.1333310773810013
1 42.200000000000024 222.97333107738103 102.06500009999999 2.6937952052517679e-16 -1 -2.33486982377251e-16 
2 43.100000000000023 221.84000000000003 102.06500009999999 -1.2246467991473532e-16 -1 -2.33486982377251e-16 -1 1.2246467991473532e-16 0 2.8593908561087489e-32 2.33486982377251e-16 -1 0.90000000000000002
1 42.200000000000024 223.79000000000002 105.4650001 -1.2246467991473532e-16 -1 -2.33486982377251e-16 
8 0 3.4000000000000004
1 42.200000000000024 221.84000000000003 105.4650001 2.8593908561087489e-32 2.33486982377251e-16 -1 
2 44.700000000000017 217.24000000000001 93.765000100000009 -1.1102230246251563e-16 2.33486982377251e-16 -1 1 -1.224646799147353e-16 -1.1102230246251565e-16 -1.2246467991473532e-16 -1 -2.33486982377251e-16 7.5999999999999996
1 52.050000000000018 217.24000000000001 94.565000099999992 0.29827499313594763 1.8633049824994011e-16 -0.95447997803502949 
2 56.90000000000002 228.29000000000002 99.740000100000003 1.2246467991473532e-16 1 2.33486982377251e-16 -1 1.2246467991473532e-16 0 -2.8593908561087489e-32 -2.33486982377251e-16 1 1.6000000000000001
2 56.90000000000002 228.29000000000002 124.5900001 1.2246467991473532e-16 1 2.33486982377251e-16 -1 1.2246467991473532e-16 0 -2.8593908561087489e-32 -2.33486982377251e-16 1 1.6000000000000001
2 46.800000000000026 221.84000000000003 105.4650001 -1.2246467991473532e-16 -1 -2.33486982377251e-16 1 -1.2246467991473532e-16 0 -2.8593908561087489e-32 -2.33486982377251e-16 1 0.90000000000000002
1 46.800000000000026 223.79000000000002 106.3650001 -1.2246467991473532e-16 -1 -2.33486982377251e-16 
8 0 3.4000000000000012
1 47.250000000000021 221.38999999999999 102.06500009999999 1.3061447348531249e-16 2.7741964593373988e-17 1 
2 47.250000000000021 221.84000000000003 102.06500009999999 6.1232339957367636e-17 -2.33486982377251e-16 1 1 -1.224646799147353e-16 -6.123233995736766e-17 1.2246467991473532e-16 1 2.33486982377251e-16 0.45000000000000001
2 47.250000000000021 221.84000000000003 105.4650001 -2.8593908561087489e-32 -2.33486982377251e-16 1 -1.2246467991473532e-16 -1 -2.33486982377251e-16 1 -1.2246467991473532e-16 0 0.45000000000000001
1 43.100000000000023 223.79000000000002 106.3650001 -1.2246467991473532e-16 -1 -2.33486982377251e-16 
1 46.800000000000026 221.84000000000003 106.3650001 -1 1.2246467991473532e-16 0 
2 43.100000000000023 221.84000000000003 105.4650001 -1.2246467991473532e-16 -1 -2.33486982377251e-16 -7.4014868308343733e-16 -2.334869823772509e-16 1 -1 1.2246467991473549e-16 -7.4014868308343733e-16 0.90000000000000002
2 44.700000000000031 217.24000000000001 137.9650001 2.3348698237725095e-16 -2.3348698237725105e-16 1 -1 1.2246467991473527e-16 2.33486982377251e-16 -1.2246467991473532e-16 -1 -2.33486982377251e-16 7.5999999999999996
1 37.10000000000003 217.24000000000001 130.56500010000002 2.3348698237725095e-16 -2.3348698237725105e-16 1 
2 32.500000000000028 228.29000000000002 124.5900001 1.2246467991473532e-16 1 2.33486982377251e-16 -1 1.2246467991473532e-16 0 -2.8593908561087489e-32 -2.33486982377251e-16 1 1.6000000000000001
2 32.500000000000028 228.29000000000002 99.740000100000003 1.2246467991473532e-16 1 2.33486982377251e-16 -1 1.2246467991473532e-16 0 -2.8593908561087489e-32 -2.33486982377251e-16 1 1.6000000000000001
2 39.100000000000023 202.63999999999999 96.465000099999997 -2.8593908561087489e-32 -2.33486982377251e-16 1 -1.2246467991473532e-16 -1 -2.33486982377251e-16 1 -1.2246467991473532e-16 0 0.34999999999999998
2 40.15000000000002 202.29000000000002 96.465000099999997 1.2246467991473532e-16 1 2.33486982377251e-16 -1 1.224646799147365e-16 -5.0753052554292927e-15 -5.0753052554292927e-15 -2.3348698237725036e-16 1 1.0499999999999998
2 40.150000000000013 202.63999999999999 97.515000100000009 1 -1.2246467991473653e-16 5.1365375953866603e-15 -5.1365375953866603e-15 -2.3348698237725036e-16 1 -1.2246467991473532e-16 -1 -2.33486982377251e-16 0.34999999999999998
8 1.5707963267948966 3.1415926535897931
3 39.100000000000023 202.63999999999999 95.615000100000003 0.70710678118654757 -2.5169583418128745e-16 0.70710678118654757 -0.70710678118654757 -7.8504622934188758e-17 0.70710678118654757 -1.2246467991473532e-16 -1 -2.33486982377251e-16 0.49497474683058329 0.34999999999999998
1 39.100000000000023 202.29000000000002 95.265000100000009 -2.8593908561087489e-32 -2.33486982377251e-16 1 
1 39.450000000000017 202.29000000000002 95.615000100000003 -1 1.2246467991473532e-16 0 
2 32.450000000000017 202.63999999999999 95.615000100000003 1 -1.2246467991473532e-16 -8.8369196010906508e-49 -1.2246467991473532e-16 -1 -2.33486982377251e-16 2.8593908561087489e-32 2.33486982377251e-16 -1 0.34999999999999998
2 32.450000000000017 202.29000000000002 99.765000100000009 1.2246467991473532e-16 1 2.33486982377251e-16 2.8593908561087489e-32 2.33486982377251e-16 -1 -1 1.2246467991473532e-16 0 4.1500000000000004
2 28.300000000000022 202.63999999999999 99.765000100000009 6.1232339957367685e-17 2.33486982377251e-16 -1 -1 1.2246467991473535e-16 -6.123233995736766e-17 1.2246467991473532e-16 1 2.33486982377251e-16 0.34999999999999998
1 28.300000000000022 202.29000000000002 99.765000100000009 -2.8593908561087489e-32 -2.33486982377251e-16 1 
2 28.300000000000022 202.63999999999999 124.56500009999999 2.8593908561087489e-32 2.33486982377251e-16 -1 -1.2246467991473532e-16 -1 -2.33486982377251e-16 -1 1.2246467991473532e-16 0 0.34999999999999998
2 32.450000000000017 202.29000000000002 124.56500009999999 1.2246467991473532e-16 1 2.33486982377251e-16 -1 1.2246467991473532e-16 0 -2.8593908561087489e-32 -2.33486982377251e-16 1 4.1500000000000004
2 32.450000000000017 202.63999999999999 128.7150001 -1 1.2246467991473535e-16 -6.123233995736766e-17 -6.1232339957367685e-17 -2.33486982377251e-16 1 1.2246467991473532e-16 1 2.33486982377251e-16 0.34999999999999998
1 32.450000000000017 202.29000000000002 128.7150001 1 -1.2246467991473532e-16 0 
8 4.7123889803846897 6.2831853071795862
3 39.100000000000023 202.63999999999999 128.7150001 -0.70710678118654757 -7.8504622934188783e-17 0.70710678118654757 0.70710678118654757 -2.5169583418128745e-16 0.70710678118654757 1.2246467991473532e-16 1 2.33486982377251e-16 0.49497474683058329 0.34999999999999998
1 39.100000000000023 202.29000000000002 129.06500009999999 2.8593908561087489e-32 2.33486982377251e-16 -1 
1 49.950000000000017 202.29000000000002 128.7150001 1 -1.2246467991473532e-16 0 
1 50.300000000000018 202.29000000000002 127.86500009999999 -2.8593908561087489e-32 -2.33486982377251e-16 1 
2 56.950000000000017 202.29000000000002 124.56500009999999 1.2246467991473532e-16 1 2.33486982377251e-16 3.9474596431116675e-16 -2.3348698237725105e-16 1 1 -1.2246467991473522e-16 -3.947459643111668e-16 4.1500000000000004
1 61.100000000000023 202.29000000000002 124.56500009999999 2.8593908561087489e-32 2.33486982377251e-16 -1 
2 56.950000000000017 202.29000000000002 99.765000100000009 1.2246467991473532e-16 1 2.33486982377251e-16 1 -1.2246467991473532e-16 0 2.8593908561087489e-32 2.33486982377251e-16 -1 4.1500000000000004
1 56.950000000000017 202.29000000000002 95.615000100000003 -1 1.2246467991473532e-16 0 
1 50.300000000000018 202.29000000000002 96.465000099999997 2.8593908561087489e-32 2.33486982377251e-16 -1 
2 49.250000000000021 202.29000000000002 96.465000099999997 1.2246467991473532e-16 1 2.33486982377251e-16 -1.2688263138573297e-15 -2.3348698237725085e-16 1 1 -1.2246467991473562e-16 1.2688263138573297e-15 1.0499999999999998
1 40.15000000000002 202.29000000000002 97.515000099999995 1 -1.2246467991473532e-16 0 
8 3.1415926535897931 4.7123889803846897
3 50.300000000000018 202.63999999999999 128.7150001 0.70710678118654757 -2.5169583418128745e-16 0.70710678118654757 0.70710678118654757 7.8504622934188758e-17 -0.70710678118654757 1.2246467991473532e-16 1 2.33486982377251e-16 0.49497474683058329 0.34999999999999998
2 56.950000000000017 202.63999999999999 128.7150001 1 -1.2246467991473532e-16 0 -2.8593908561087489e-32 -2.33486982377251e-16 1 -1.2246467991473532e-16 -1 -2.33486982377251e-16 0.34999999999999998
2 61.100000000000023 202.63999999999999 124.56500009999999 1.1057558549626352e-16 2.33486982377251e-16 -1 1 -1.2246467991473535e-16 1.1057558549626349e-16 -1.2246467991473532e-16 -1 -2.33486982377251e-16 0.34999999999999998
2 61.100000000000023 202.63999999999999 99.765000100000009 2.8593908561087489e-32 2.33486982377251e-16 -1 1 -1.2246467991473532e-16 0 -1.2246467991473532e-16 -1 -2.33486982377251e-16 0.34999999999999998
2 56.950000000000017 202.63999999999999 95.615000100000003 -1 1.2246467991473535e-16 -6.123233995736766e-17 6.1232339957367685e-17 2.33486982377251e-16 -1 -1.2246467991473532e-16 -1 -2.33486982377251e-16 0.34999999999999998
8 0 1.5707963267948966
3 50.300000000000018 202.63999999999999 95.615000100000003 -0.70710678118654757 -7.8504622934188783e-17 0.70710678118654757 -0.70710678118654757 2.5169583418128745e-16 -0.70710678118654757 -1.2246467991473532e-16 -1 -2.33486982377251e-16 0.49497474683058329 0.34999999999999998
2 50.300000000000018 202.63999999999999 96.465000099999997 1.3300586538146973e-15 2.3348698237725085e-16 -1 1 -1.2246467991473564e-16 1.3300586538146973e-15 -1.2246467991473532e-16 -1 -2.33486982377251e-16 0.34999999999999998
2 49.250000000000021 202.63999999999999 97.515000099999995 1 -1.2246467991473532e-16 -8.8369196010906508e-49 -1.2246467991473532e-16 -1 -2.33486982377251e-16 2.8593908561087489e-32 2.33486982377251e-16 -1 0.34999999999999998
2 46.800000000000026 221.84000000000003 101.6150001 1 -1.2246467991473532e-16 -8.8369196010906508e-49 -1.2246467991473532e-16 -1 -2.33486982377251e-16 2.8593908561087489e-32 2.33486982377251e-16 -1 0.45000000000000001
2 46.800000000000026 221.38999999999999 102.06500009999999 -1.2246467991473532e-16 -1 -2.33486982377251e-16 2.8593908561087489e-32 2.33486982377251e-16 -1 1 -1.2246467991473532e-16 0 0.45000000000000001
2 43.100000000000023 221.84000000000003 101.6150001 1 -1.224646799147353e-16 -6.123233995736766e-17 -6.1232339957367636e-17 2.33486982377251e-16 -1 1.2246467991473532e-16 1 2.33486982377251e-16 0.45000000000000001
1 43.100000000000023 221.38999999999999 101.6150001 1 -1.2246467991473532e-16 0 
2 42.65000000000002 221.84000000000003 102.06500009999999 2.8593908561087489e-32 2.33486982377251e-16 -1 -1 1.2246467991473532e-16 0 1.2246467991473532e-16 1 2.33486982377251e-16 0.45000000000000001
2 43.100000000000023 221.38999999999999 102.06500009999999 -1.2246467991473532e-16 -1 -2.33486982377251e-16 -1 1.2246467991473532e-16 0 2.8593908561087489e-32 2.33486982377251e-16 -1 0.45000000000000001
8 0 3.4000000000000012
1 42.65000000000002 221.38999999999999 105.4650001 -3.3974108141334677e-33 -2.7741964593374004e-17 -1 
2 42.65000000000002 221.84000000000003 105.4650001 4.5687173820103835e-16 2.3348698237725095e-16 -1 -1 1.2246467991473542e-16 -4.5687173820103835e-16 1.2246467991473532e-16 1 2.33486982377251e-16 0.45000000000000001
2 44.700000000000017 217.24000000000001 86.365000100000003 -1.1102230246251563e-16 2.33486982377251e-16 -1 1 -1.224646799147353e-16 -1.1102230246251565e-16 -1.2246467991473532e-16 -1 -2.33486982377251e-16 7.5999999999999996
1 52.300000000000018 217.24000000000001 93.765000100000009 -1.1102230246251563e-16 2.33486982377251e-16 -1 
1 55.300000000000026 228.39000000000004 99.740000100000003 -1.2246467991473532e-16 -1 -2.33486982377251e-16 
2 56.90000000000002 225.29000000000002 99.740000100000003 -1.2246467991473532e-16 -1 -2.33486982377251e-16 -1 1.2246467991473532e-16 0 2.8593908561087489e-32 2.33486982377251e-16 -1 1.6000000000000001
1 55.300000000000026 228.38999999999999 124.5900001 -1.2246467991473532e-16 -1 -2.33486982377251e-16 
2 56.90000000000002 225.29000000000002 124.5900001 -1.2246467991473532e-16 -1 -2.33486982377251e-16 -1 1.2246467991473532e-16 0 2.8593908561087489e-32 2.33486982377251e-16 -1 1.6000000000000001
2 46.800000000000026 221.38999999999999 105.4650001 -1.2246467991473532e-16 -1 -2.33486982377251e-16 1 -1.2246467991473532e-16 0 -2.8593908561087489e-32 -2.33486982377251e-16 1 0.45000000000000001
2 46.800000000000026 221.84000000000003 105.9150001 -1 1.224646799147353e-16 6.123233995736766e-17 6.1232339957367636e-17 -2.33486982377251e-16 1 1.2246467991473532e-16 1 2.33486982377251e-16 0.45000000000000001
1 46.800000000000026 221.38999999999999 105.9150001 -1 1.2246467991473532e-16 0 
2 43.100000000000023 221.38999999999999 105.4650001 -1.2246467991473532e-16 -1 -2.33486982377251e-16 -7.4014868308343733e-16 -2.334869823772509e-16 1 -1 1.2246467991473549e-16 -7.4014868308343733e-16 0.45000000000000001
2 43.100000000000023 221.84000000000003 105.9150001 -1 1.2246467991473532e-16 8.8369196010906508e-49 -1.2246467991473532e-16 -1 -2.33486982377251e-16 -2.8593908561087489e-32 -2.33486982377251e-16 1 0.45000000000000001
2 44.700000000000031 217.24000000000001 138.66500009999999 2.3348698237725095e-16 -2.3348698237725105e-16 1 -1 1.2246467991473527e-16 2.33486982377251e-16 -1.2246467991473532e-16 -1 -2.33486982377251e-16 7.25
1 37.10000000000003 217.24000000000001 137.9650001 0.44721359549995815 -2.6360497560915171e-16 0.89442719099991586 
1 30.900000000000027 228.38999999999999 124.5900001 -1.2246467991473532e-16 -1 -2.33486982377251e-16 
2 32.500000000000028 225.29000000000002 124.5900001 -1.2246467991473532e-16 -1 -2.33486982377251e-16 -1 1.2246467991473532e-16 0 2.8593908561087489e-32 2.33486982377251e-16 -1 1.6000000000000001
1 30.900000000000027 228.39000000000004 99.740000100000003 -1.2246467991473532e-16 -1 -2.33486982377251e-16 
2 32.500000000000028 225.29000000000002 99.740000100000003 -1.2246467991473532e-16 -1 -2.33486982377251e-16 -1 1.2246467991473532e-16 0 2.8593908561087489e-32 2.33486982377251e-16 -1 1.6000000000000001
2 44.700000000000017 217.24000000000001 85.6650001 -1.1102230246251563e-16 2.33486982377251e-16 -1 1 -1.224646799147353e-16 -1.1102230246251565e-16 -1.2246467991473532e-16 -1 -2.33486982377251e-16 7.25
1 52.300000000000018 217.24000000000001 86.365000100000003 -0.44721359549995804 2.6360497560915171e-16 -0.89442719099991586 
2 44.700000000000024 217.24000000000001 138.66500009999999 1.224646799147353e-16 -2.33486982377251e-16 1 -1.2246467991473532e-16 -1 -2.33486982377251e-16 1 -1.224646799147353e-16 -1.2246467991473532e-16 4.9000000000000004
2 44.700000000000024 217.24000000000001 85.6650001 2.8593908561087489e-32 2.33486982377251e-16 -1 -1.2246467991473532e-16 -1 -2.33486982377251e-16 -1 1.2246467991473532e-16 0 4.9000000000000004
2 44.700000000000024 217.24000000000001 138.9650001 1.224646799147353e-16 -2.33486982377251e-16 1 -1.2246467991473532e-16 -1 -2.33486982377251e-16 1 -1.224646799147353e-16 -1.2246467991473532e-16 4.9000000000000004
1 44.700000000000024 212.33999999999997 138.4650001 1.224646799147353e-16 -2.33486982377251e-16 1 
2 44.700000000000024 217.24000000000001 138.9650001 1.224646799147353e-16 -2.33486982377251e-16 1 -1.2246467991473532e-16 -1 -2.33486982377251e-16 1 -1.224646799147353e-16 -1.2246467991473532e-16 4.9000000000000004
1 48.453617771283014 214.09034071253598 138.4650001 1.224646799147353e-16 -2.33486982377251e-16 1 
2 44.700000000000024 217.24000000000001 140.27005112572169 -1.224646799147353e-16 2.33486982377251e-16 -1 1.2246467991473532e-16 1 2.33486982377251e-16 1 -1.224646799147353e-16 -1.2246467991473532e-16 4.9000000000000004
1 47.849659287464064 220.99361777128297 138.4650001 1.224646799147353e-16 -2.33486982377251e-16 1 
1 44.700000000000024 212.34000000000003 85.865000100000003 2.8593908561087489e-32 2.33486982377251e-16 -1 
2 44.700000000000024 217.24000000000001 84.059949074278322 -2.8593908561087489e-32 -2.33486982377251e-16 1 1.2246467991473532e-16 1 2.33486982377251e-16 -1 1.2246467991473532e-16 0 4.9000000000000004
1 40.095506158149071 215.56410129770421 85.865000100000003 2.8593908561087489e-32 2.33486982377251e-16 -1 
2 44.700000000000024 217.24000000000001 85.365000100000003 2.8593908561087489e-32 2.33486982377251e-16 -1 -1.2246467991473532e-16 -1 -2.33486982377251e-16 -1 1.2246467991473532e-16 0 4.9000000000000004
1 48.453617771283014 214.09034071253598 85.865000100000003 2.8593908561087489e-32 2.33486982377251e-16 -1 
2 44.700000000000024 217.24000000000001 84.059949074278322 -2.8593908561087489e-32 -2.33486982377251e-16 1 1.2246467991473532e-16 1 2.33486982377251e-16 -1 1.2246467991473532e-16 0 4.9000000000000004
1 49.870799991053119 212.90118363461585 138.9650001 -0.76604444311897724 0.64278760968654036 1.5008253929519652e-16 
2 44.700000000000024 217.24000000000001 138.9650001 -5.2544314294370398e-32 -2.33486982377251e-16 1 0.64278760968653958 0.7660444431189779 1.7886140539071187e-16 -0.7660444431189779 0.64278760968653958 1.5008253929519632e-16 6.75
1 47.785380526495409 220.91701332697107 138.9650001 0.64278760968653936 0.76604444311897801 1.7886140539071187e-16 
2 48.415315549127065 214.12248009302027 140.51500010000001 -0.64278760968654036 -0.76604444311897724 -1.7886140539071172e-16 0.76604444311897724 -0.64278760968654036 -1.5008253929519652e-16 -2.8593908561087489e-32 -2.33486982377251e-16 1 0.25
1 49.870799991053119 212.90118363461585 140.3650001 -0.76604444311897724 0.64278760968654036 1.5008253929519652e-16 
1 49.870799991053119 212.90118363461585 138.9650001 -2.8593908561087489e-32 -2.33486982377251e-16 1 
8 0 1.8675022996339321
2 44.700000000000024 217.24000000000001 140.3650001 -3.975516110890092e-32 -2.33486982377251e-16 1 -0.83867056794542427 -0.54463903501502697 -1.271661247705166e-16 0.54463903501502697 -0.83867056794542427 -1.9581866011819231e-16 5.049999999999998
2 40.632447745464717 214.5985006801771 140.51500010000001 -0.54463903501502708 0.83867056794542416 1.9581866011819233e-16 -0.83867056794542416 -0.54463903501502708 -1.2716612477051663e-16 -2.8593908561087489e-32 -2.33486982377251e-16 1 0.25
8 0 5.742133239061344
2 44.700000000000024 217.24000000000001 140.51500010000001 2.9195264964449614e-32 2.33486982377251e-16 -1 -0.99939082701909576 -0.034899496702500227 -8.1485781715516288e-18 -0.034899496702500227 0.99939082701909576 2.333447484161939e-16 5.0999999999999996
2 39.852954488957408 217.07073744099284 140.51500010000001 0.034899496702500581 -0.99939082701909587 -2.3334474841619395e-16 0.99939082701909587 0.034899496702500581 8.1485781715517105e-18 -2.8593908561087489e-32 -2.33486982377251e-16 1 0.25
2 44.700000000000024 217.24000000000001 140.3650001 -1.224646799147353e-16 2.33486982377251e-16 -1 -1.2246467991473532e-16 -1 -2.33486982377251e-16 -1 1.224646799147353e-16 1.2246467991473532e-16 5.049999999999998
2 47.81751990697974 220.95531554912702 140.51500010000001 -0.76604444311897801 0.64278760968653936 1.5008253929519629e-16 -0.64278760968653936 -0.76604444311897801 -1.7886140539071187e-16 -2.8593908561087489e-32 -2.33486982377251e-16 1 0.25
1 49.038816365384164 222.41079999105307 138.9650001 -2.8593908561087489e-32 -2.33486982377251e-16 1 
1 47.785380526495409 220.91701332697107 140.3650001 0.64278760968653936 0.76604444311897801 1.7886140539071187e-16 
2 48.415315549127065 214.12248009302033 83.815000099999992 -0.64278760968653958 -0.76604444311897779 -1.7886140539071184e-16 0.76604444311897779 -0.64278760968653958 -1.5008253929519632e-16 -2.8593908561087489e-32 -2.33486982377251e-16 1 0.25
2 44.700000000000024 217.24000000000001 83.965000099999997 -2.8593908561087489e-32 -2.33486982377251e-16 1 -1.2246467991473532e-16 -1 -2.33486982377251e-16 1 -1.2246467991473532e-16 0 5.0500000000000007
2 46.749698569442415 221.63559276712778 83.815000099999992 0.90630778703665005 -0.42261826174069955 -9.8675862631355141e-17 0.42261826174069955 0.90630778703665005 2.1161107030019166e-16 -2.8593908561087489e-32 -2.33486982377251e-16 1 0.25
8 0 5.6025068989017974
2 44.700000000000024 217.24000000000001 83.815000099999992 -3.1374835071045783e-32 -2.33486982377251e-16 1 -0.24192189559966765 0.97029572627599647 2.2655142114172553e-16 -0.97029572627599647 -0.24192189559966765 -5.6485613374550781e-17 5.0999999999999996
2 43.526678806341636 221.94593427243859 83.815000099999992 -0.97029572627599658 -0.24192189559966767 -5.6485613374550793e-17 0.24192189559966767 -0.97029572627599658 -2.2655142114172553e-16 -2.8593908561087489e-32 -2.33486982377251e-16 1 0.25
2 44.700000000000024 217.24000000000001 83.965000099999997 -2.8593908561087489e-32 -2.33486982377251e-16 1 -1.2246467991473532e-16 -1 -2.33486982377251e-16 1 -1.2246467991473532e-16 0 5.0500000000000007
2 40.142490789188365 215.58120230487054 83.815000099999992 0.34202014332566871 -0.93969262078590843 -2.194059943894722e-16 0.93969262078590843 0.34202014332566871 7.9857251177345289e-17 -2.8593908561087489e-32 -2.33486982377251e-16 1 0.25
1 38.357074809695142 214.93136403255176 85.365000100000003 0.93969262078590843 0.34202014332566871 7.9857251177345289e-17 
1 38.357074809695142 214.93136403255176 83.965000099999997 0.93969262078590843 0.34202014332566871 7.9857251177345289e-17 
1 38.357074809695142 214.93136403255176 85.365000100000003 2.8593908561087489e-32 2.33486982377251e-16 -1 
2 44.700000000000024 217.24000000000001 85.365000100000003 -3.4147158589869637e-32 -2.3348698237725095e-16 1 0.76604444311897779 -0.64278760968653958 -1.5008253929519632e-16 0.64278760968653958 0.76604444311897779 1.7886140539071182e-16 6.7499999999999991
1 48.377013326971117 214.15461947350462 85.365000100000003 0.76604444311897779 -0.64278760968653958 -1.5008253929519632e-16 
1 49.870799991053119 212.9011836346159 85.365000100000003 2.8593908561087489e-32 2.33486982377251e-16 -1 
1 48.377013326971117 214.15461947350462 83.965000099999997 0.76604444311897779 -0.64278760968653958 -1.5008253929519632e-16 
2 44.700000000000024 217.24000000000001 140.3650001 -5.2544314294370398e-32 -2.33486982377251e-16 1 0.64278760968653958 0.7660444431189779 1.7886140539071187e-16 -0.7660444431189779 0.64278760968653958 1.5008253929519632e-16 6.75
1 39.038973666368406 213.56368651364858 138.9650001 2.8593908561087489e-32 2.33486982377251e-16 -1 
2 44.700000000000024 217.24000000000001 139.4650001 5.2544314294370398e-32 2.33486982377251e-16 -1 0.64278760968653958 0.7660444431189779 1.7886140539071187e-16 0.7660444431189779 -0.64278760968653958 -1.5008253929519632e-16 6.75
1 37.954111917621127 217.0044283972581 138.9650001 2.8593908561087489e-32 2.33486982377251e-16 -1 
2 44.700000000000024 217.24000000000001 140.3650001 -5.2544314294370398e-32 -2.33486982377251e-16 1 0.64278760968653958 0.7660444431189779 1.7886140539071187e-16 -0.7660444431189779 0.64278760968653958 1.5008253929519632e-16 6.75
1 41.437915864401056 215.1215777926929 140.3650001 -0.83867056794542416 -0.54463903501502708 -1.2716612477051663e-16 
1 38.913173081176595 213.48199065839628 139.4650001 0.83867056794542416 0.54463903501502708 1.2716612477051663e-16 
1 40.42278010347836 214.46234092142333 140.26500010000001 1.224646799147353e-16 -2.33486982377251e-16 1 
2 40.632447745464717 214.5985006801771 141.66500009999999 -0.54463903501502708 0.83867056794542416 1.9581866011819233e-16 -0.83867056794542416 -0.54463903501502708 -1.2716612477051663e-16 -2.8593908561087489e-32 -2.33486982377251e-16 1 0.25
1 38.913173081176595 213.48199065839628 141.91500009999999 0.83867056794542416 0.54463903501502708 1.2716612477051663e-16 
1 38.913173081176595 213.48199065839628 139.4650001 -2.8593908561087489e-32 -2.33486982377251e-16 1 
8 0 5.742133239061344
2 44.700000000000024 217.24000000000001 141.66500009999999 2.9195264964449614e-32 2.33486982377251e-16 -1 -0.99939082701909576 -0.034899496702500227 -8.1485781715516288e-18 -0.034899496702500227 0.99939082701909576 2.333447484161939e-16 5.0999999999999996
1 39.603106782202637 217.06201256681726 140.26500010000001 1.224646799147353e-16 -2.33486982377251e-16 1 
1 39.902924030308363 217.07248241582801 139.4650001 -0.99939082701909587 -0.034899496702500581 -8.1485781715517105e-18 
1 37.804203293568264 216.99919347275272 139.4650001 -2.8593908561087489e-32 -2.33486982377251e-16 1 
1 39.902924030308363 217.07248241582801 141.91500009999999 -0.99939082701909587 -0.034899496702500581 -8.1485781715517105e-18 
2 39.852954488957408 217.07073744099284 141.66500009999999 0.034899496702500581 -0.99939082701909587 -2.3334474841619395e-16 0.99939082701909587 0.034899496702500581 8.1485781715517105e-18 -2.8593908561087489e-32 -2.33486982377251e-16 1 0.25
1 41.804581425607367 217.13888975538151 140.3650001 0.99939082701909587 0.034899496702500581 8.1485781715517105e-18 
1 46.050338548349139 220.13581036196553 83.965000099999997 0.42261826174069955 0.90630778703665005 2.1161107030019166e-16 
2 44.700000000000024 217.24000000000001 83.965000099999997 -3.4147158589869637e-32 -2.3348698237725095e-16 1 0.76604444311897779 -0.64278760968653958 -1.5008253929519632e-16 0.64278760968653958 0.76604444311897779 1.7886140539071182e-16 6.7499999999999991
1 46.728567656355381 221.59027737777592 84.865000100000003 0.42261826174069955 0.90630778703665005 2.1161107030019166e-16 
1 47.616066006010847 223.49352373055291 84.865000100000003 2.8593908561087489e-32 2.33486982377251e-16 -1 
1 46.728567656355381 221.59027737777592 82.4150001 0.42261826174069955 0.90630778703665005 2.1161107030019166e-16 
2 46.749698569442415 221.63559276712778 82.6650001 0.90630778703665005 -0.42261826174069955 -9.8675862631355141e-17 0.42261826174069955 0.90630778703665005 2.1161107030019166e-16 -2.8593908561087489e-32 -2.33486982377251e-16 1 0.25
1 46.855353134877589 221.86216971388694 84.065000099999992 2.8593908561087489e-32 2.33486982377251e-16 -1 
1 47.552673266749743 223.3575775624974 85.365000100000003 -2.8593908561087489e-32 -2.33486982377251e-16 1 
8 0 5.6025068989017974
2 44.700000000000024 217.24000000000001 82.6650001 -3.1374835071045783e-32 -2.33486982377251e-16 1 -0.24192189559966765 0.97029572627599647 2.2655142114172553e-16 -0.97029572627599647 -0.24192189559966765 -5.6485613374550781e-17 5.0999999999999996
1 43.466198332441721 222.18850820400758 84.065000099999992 2.8593908561087489e-32 2.33486982377251e-16 -1 
1 43.030738920362317 223.93504051130441 84.865000100000003 0.24192189559966767 -0.97029572627599658 -2.2655142114172553e-16 
1 43.067027204702264 223.78949615236297 85.365000100000003 -2.8593908561087489e-32 -2.33486982377251e-16 1 
1 43.683431508222618 221.31723352445414 83.965000099999997 0.24192189559966767 -0.97029572627599658 -2.2655142114172553e-16 
2 43.526678806341636 221.94593427243859 82.6650001 -0.97029572627599658 -0.24192189559966767 -5.6485613374550793e-17 0.24192189559966767 -0.97029572627599658 -2.2655142114172553e-16 -2.8593908561087489e-32 -2.33486982377251e-16 1 0.25
1 43.030738920362317 223.93504051130441 82.4150001 0.24192189559966767 -0.97029572627599658 -2.2655142114172553e-16 
1 43.030738920362317 223.93504051130441 84.865000100000003 2.8593908561087489e-32 2.33486982377251e-16 -1 
2 44.700000000000024 217.24000000000001 83.965000099999997 -3.4147158589869637e-32 -2.3348698237725095e-16 1 0.76604444311897779 -0.64278760968653958 -1.5008253929519632e-16 0.64278760968653958 0.76604444311897779 1.7886140539071182e-16 6.7499999999999991
2 44.700000000000024 217.24000000000001 84.865000100000003 -3.4147158589869637e-32 -2.3348698237725095e-16 1 0.76604444311897779 -0.64278760968653958 -1.5008253929519632e-16 0.64278760968653958 0.76604444311897779 1.7886140539071182e-16 6.7499999999999991
2 44.700000000000017 217.24000000000001 139.4650001 -2.8301296075919315e-32 -2.33486982377251e-16 1 -0.99939082701909576 -0.034899496702500851 -8.1485781715517736e-18 0.034899496702500851 -0.99939082701909576 -2.333447484161939e-16 6.8999999999999959
8 0 5.7421332390613404
2 44.700000000000024 217.24000000000001 141.91500009999999 -3.3404094512332378e-32 -2.33486982377251e-16 1 -0.83867056794541983 -0.54463903501503386 -1.271661247705182e-16 0.54463903501503386 -0.83867056794541972 -1.9581866011819125e-16 4.8499999999999996
2 44.700000000000017 217.24000000000001 141.91500009999999 -2.8301296075919315e-32 -2.33486982377251e-16 1 -0.99939082701909576 -0.034899496702500851 -8.1485781715517736e-18 0.034899496702500851 -0.99939082701909576 -2.333447484161939e-16 6.8999999999999959
2 44.700000000000024 217.24000000000001 141.91500009999999 1.224646799147353e-16 -2.33486982377251e-16 1 -1.2246467991473532e-16 -1 -2.33486982377251e-16 1 -1.224646799147353e-16 -1.2246467991473532e-16 3.2000000000000002
2 44.700000000000024 217.24000000000001 84.865000100000003 -1.34853442811879e-32 -2.3348698237725095e-16 1 0.42261826174069922 0.90630778703665016 2.1161107030019166e-16 -0.90630778703665016 0.42261826174069922 9.8675862631355055e-17 6.9000000000000083
2 44.700000000000024 217.24000000000001 82.4150001 -1.34853442811879e-32 -2.3348698237725095e-16 1 0.42261826174069922 0.90630778703665016 2.1161107030019166e-16 -0.90630778703665016 0.42261826174069922 9.8675862631355055e-17 6.9000000000000083
8 0 5.6025068989018063
2 44.700000000000024 217.24000000000001 82.4150001 2.5000388226941889e-32 2.3348698237725095e-16 -1 0.42261826174070144 0.90630778703664916 2.1161107030019143e-16 0.90630778703664916 -0.42261826174070144 -9.8675862631355572e-17 4.8499999999999996
2 44.700000000000024 217.24000000000001 82.4150001 2.8593908561087489e-32 2.33486982377251e-16 -1 -1.2246467991473532e-16 -1 -2.33486982377251e-16 -1 1.2246467991473532e-16 0 3.2000000000000002
8 0 7.5
1 44.700000000000024 214.04000000000002 134.41500009999999 1.2246467991473535e-16 -2.33486982377251e-16 1 
2 44.700000000000024 217.24000000000001 134.41500009999999 1.224646799147353e-16 -2.33486982377251e-16 1 -1.2246467991473532e-16 -1 -2.33486982377251e-16 1 -1.224646799147353e-16 -1.2246467991473532e-16 3.2000000000000002
8 0 7.5
1 44.700000000000024 214.04000000000002 89.9150001 2.8593908561087489e-32 2.33486982377251e-16 -1 
2 44.700000000000024 217.24000000000001 89.9150001 2.8593908561087489e-32 2.33486982377251e-16 -1 -1.2246467991473532e-16 -1 -2.33486982377251e-16 -1 1.2246467991473532e-16 0 3.2000000000000002
Polygon3D 0
PolygonOnTriangulations 0
Surfaces 188
10 3.9361276185660925 10.21931292574568 -2e+100 2e+100
2 44.700000000000024 217.29000000000002 112.1650001 1.2246467991473532e-16 1 2.33486982377251e-16 -1 1.2246467991473532e-16 0 2.8593908561087489e-32 2.33486982377251e-16 -1 15.5
2 44.700000000000024 217.24000000000001 121.66500009999999 2.3348698237725095e-16 -2.3348698237725105e-16 1 -1 1.2246467991473527e-16 2.33486982377251e-16 -1.2246467991473532e-16 -1 -2.33486982377251e-16 6.0999999999999996
9 0 1 0 0 2 2 3 5 2 4 37.125707206717777 202.96379999999999 125.68831658234383  1 37.125707206717777 203.37689999999998 125.68831658234383  1 37.125707206717777 210.54000000000002 125.68831658234386  1 37.125707206717777 217.70310000000001 125.68831658234386  1 37.125707206717777 218.11619999999999 125.68831658234386  1 
36.346879036879287 202.96379999999999 125.2521016492899  0.66739545582199922 36.346879036879287 203.37689999999998 125.2521016492899  0.66739545582199922 36.346879036879287 210.54000000000002 125.25210164928991  0.66739545582199922 36.346879036879287 217.70310000000001 125.25210164928991  0.66739545582199922 36.346879036879287 218.11619999999999 125.25210164928991  0.66739545582199922 
35.998293189117803 202.96379999999999 126.073895232067  1 35.998293189117803 203.37689999999998 126.073895232067  1 35.998293189117803 210.54000000000002 126.07389523206702  1 35.998293189117803 217.70310000000001 126.07389523206702  1 35.998293189117803 218.11619999999999 126.07389523206702  1 

0 3
13.500000000000007 3

-0.82620000000001026 3
-1.0466698812367707e-14 1
13.499999999999996 1
14.326199999999996 3

5 40.15000000000002 203.63999999999999 127.86500009999999 1.2246467991473532e-16 1 2.33486982377251e-16 -1 1.2246467991473532e-16 0 2.8593908561087489e-32 2.33486982377251e-16 -1 1.0499999999999998 0.34999999999999998
2 40.15000000000002 203.63999999999999 126.81500009999999 1 -1.2246467991473532e-16 0 1.2246467991473532e-16 1 2.33486982377251e-16 -2.8593908561087489e-32 -2.33486982377251e-16 1 0.34999999999999998
5 49.250000000000021 203.63999999999999 127.86500009999999 1.2246467991473532e-16 1 2.33486982377251e-16 -1.2688263138573232e-15 2.3348698237725115e-16 -1 1 -1.2246467991473502e-16 -1.2688263138573232e-15 1.0499999999999998 0.34999999999999998
9 0 1 0 0 2 2 3 5 2 4 52.274292793282264 202.96379999999999 125.68831658234383  1 52.274292793282264 203.37689999999998 125.68831658234383  1 52.274292793282271 210.54000000000002 125.68831658234384  1 52.274292793282271 217.70310000000001 125.68831658234384  1 52.274292793282271 218.11619999999999 125.68831658234384  1 
53.053120963120755 202.96379999999999 125.25210164928988  0.66739545582199888 53.053120963120755 203.37689999999998 125.25210164928988  0.66739545582199888 53.053120963120755 210.54000000000002 125.2521016492899  0.66739545582199888 53.053120963120755 217.70310000000001 125.2521016492899  0.66739545582199888 53.053120963120755 218.11619999999999 125.2521016492899  0.66739545582199888 
53.401706810882239 202.96379999999999 126.073895232067  1 53.401706810882239 203.37689999999998 126.073895232067  1 53.401706810882239 210.54000000000002 126.07389523206702  1 53.401706810882246 217.70310000000001 126.07389523206702  1 53.401706810882246 218.11619999999999 126.07389523206702  1 

0 3
13.500000000000007 3

-0.82620000000001081 3
-1.0974171438249413e-14 1
13.499999999999996 1
14.326199999999996 3

1 44.700000000000024 217.29000000000002 112.1650001 -1.2246467991473532e-16 -1 -2.33486982377251e-16 -1 1.2246467991473532e-16 0 2.8593908561087489e-32 2.33486982377251e-16 -1 
9 0 1 0 0 2 2 3 5 2 4 53.401706810882239 202.96379999999999 98.256104967932998  1 53.401706810882239 203.37689999999998 98.256104967932998  1 53.401706810882239 210.54000000000002 98.256104967932998  1 53.401706810882246 217.70310000000001 98.256104967932998  1 53.401706810882246 218.11619999999999 98.256104967932998  1 
53.053120963120747 202.96379999999999 99.077898550710088  0.66739545582199922 53.053120963120747 203.37689999999998 99.077898550710088  0.66739545582199922 53.053120963120747 210.54000000000002 99.077898550710103  0.66739545582199922 53.053120963120755 217.70310000000001 99.077898550710103  0.66739545582199922 53.053120963120755 218.11619999999999 99.077898550710103  0.66739545582199922 
52.274292793282257 202.96379999999999 98.641683617656156  1 52.274292793282257 203.37689999999998 98.641683617656156  1 52.274292793282264 210.54000000000002 98.641683617656156  1 52.274292793282264 217.70310000000001 98.641683617656156  1 52.274292793282264 218.11619999999999 98.641683617656156  1 

0 3
13.500000000000007 3

-0.82620000000001081 3
-1.0974171438249413e-14 1
13.499999999999996 1
14.326199999999996 3

10 3.9361276185660925 10.21931292574568 -2e+100 2e+100
2 44.700000000000024 217.29000000000002 112.1650001 1.2246467991473532e-16 1 2.33486982377251e-16 -1 1.2246467991473532e-16 0 2.8593908561087489e-32 2.33486982377251e-16 -1 15.5
2 44.700000000000024 217.24000000000001 102.6650001 -1.1102230246251563e-16 2.33486982377251e-16 -1 1 -1.224646799147353e-16 -1.1102230246251565e-16 -1.2246467991473532e-16 -1 -2.33486982377251e-16 6.0999999999999996
10 3.9361276185661014 10.219312925745687 -2e+100 2e+100
2 44.700000000000024 217.79000000000002 112.1650001 -1.2246467991473532e-16 -1 -2.33486982377251e-16 -1 1.2246467991473532e-16 0 2.8593908561087489e-32 2.33486982377251e-16 -1 14.6
2 56.90000000000002 228.29000000000002 99.740000100000003 1.2246467991473532e-16 1 2.33486982377251e-16 -1 1.2246467991473532e-16 0 2.8593908561087489e-32 2.33486982377251e-16 -1 3.4500000000000002
10 3.9361276185661014 10.219312925745687 -2e+100 2e+100
2 44.700000000000024 217.79000000000002 112.1650001 -1.2246467991473532e-16 -1 -2.33486982377251e-16 -1 1.2246467991473532e-16 0 2.8593908561087489e-32 2.33486982377251e-16 -1 14.6
2 56.90000000000002 228.29000000000002 124.5900001 1.2246467991473532e-16 1 2.33486982377251e-16 -1 1.2246467991473532e-16 0 2.8593908561087489e-32 2.33486982377251e-16 -1 3.4500000000000002
10 3.9361276185661014 10.219312925745687 -2e+100 2e+100
2 44.700000000000024 217.79000000000002 112.1650001 -1.2246467991473532e-16 -1 -2.33486982377251e-16 -1 1.2246467991473532e-16 0 2.8593908561087489e-32 2.33486982377251e-16 -1 14.6
2 56.90000000000002 217.29000000000002 124.5900001 1.2246467991473532e-16 1 2.33486982377251e-16 -1 1.2246467991473532e-16 0 2.8593908561087489e-32 2.33486982377251e-16 -1 3.7999999999999998
9 0 1 0 0 2 2 3 5 2 4 58.447570248197053 202.96379999999999 121.11940557933133  1 58.447570248197053 203.37689999999998 121.11940557933133  1 58.447570248197053 210.54000000000002 121.11940557933133  1 58.44757024819706 217.70310000000001 121.11940557933133  1 58.44757024819706 218.11619999999999 121.11940557933133  1 
57.632283435079444 202.96379999999999 120.75586163658198  0.66739545582199922 57.632283435079444 203.37689999999998 120.75586163658198  0.66739545582199922 57.632283435079444 210.54000000000002 120.75586163658198  0.66739545582199922 57.632283435079444 217.70310000000001 120.75586163658198  0.66739545582199922 57.632283435079444 218.11619999999999 120.75586163658198  0.66739545582199922 
58.082656743565551 202.96379999999999 119.98513427301137  1 58.082656743565551 203.37689999999998 119.98513427301137  1 58.082656743565551 210.54000000000002 119.98513427301137  1 58.082656743565551 217.70310000000001 119.98513427301137  1 58.082656743565551 218.11619999999999 119.98513427301137  1 

0 3
13.500000000000007 3

-0.82620000000001081 3
-1.0974171438249413e-14 1
13.499999999999996 1
14.326199999999996 3

10 3.9361276185660925 10.21931292574568 -2e+100 2e+100
2 44.700000000000024 217.29000000000002 112.1650001 1.2246467991473532e-16 1 2.33486982377251e-16 -1 1.2246467991473532e-16 0 2.8593908561087489e-32 2.33486982377251e-16 -1 15.5
9 0 1 0 0 2 2 3 5 2 4 58.447570248197053 202.96379999999999 103.21059462066867  1 58.447570248197053 203.37689999999998 103.21059462066867  1 58.447570248197053 210.54000000000002 103.21059462066867  1 58.447570248197053 217.70310000000001 103.21059462066867  1 58.447570248197053 218.11619999999999 103.21059462066867  1 
57.632283435079437 202.96379999999999 103.57413856341802  0.66739545582199888 57.632283435079437 203.37689999999998 103.57413856341802  0.66739545582199888 57.632283435079437 210.54000000000002 103.57413856341802  0.66739545582199888 57.632283435079437 217.70310000000001 103.57413856341802  0.66739545582199888 57.632283435079437 218.11619999999999 103.57413856341802  0.66739545582199888 
58.082656743565536 202.96379999999999 104.34486592698863  1 58.082656743565536 203.37689999999998 104.34486592698863  1 58.082656743565536 210.54000000000002 104.34486592698863  1 58.082656743565543 217.70310000000001 104.34486592698863  1 58.082656743565543 218.11619999999999 104.34486592698863  1 

0 3
13.500000000000007 3

-0.82620000000001081 3
-1.0974171438249413e-14 1
13.499999999999996 1
14.326199999999996 3

2 56.90000000000002 217.29000000000002 99.740000100000003 1.2246467991473532e-16 1 2.33486982377251e-16 -1 1.2246467991473532e-16 0 2.8593908561087489e-32 2.33486982377251e-16 -1 3.7999999999999998
5 44.700000000000024 220.59000000000003 112.1650001 1.2246467991473532e-16 1 2.33486982377251e-16 -1 1.2246467991473532e-16 0 2.8593908561087489e-32 2.33486982377251e-16 -1 9.6500000000000004 2.5
10 3.1161557844967818 9.3993410916763676 0 6.2831853071795862
5 44.700000000000024 220.59000000000003 112.1650001 1.2246467991473532e-16 1 2.33486982377251e-16 -1 1.2246467991473532e-16 0 2.8593908561087489e-32 2.33486982377251e-16 -1 9.6500000000000004 2.5
10 3.1415926535897931 9.4247779607693793 -2e+100 2e+100
2 44.700000000000024 223.09000000000003 112.1650001 1.2246467991473532e-16 1 2.33486982377251e-16 -1 1.2246467991473532e-16 0 2.8593908561087489e-32 2.33486982377251e-16 -1 12.15
10 3.1415926535897927 9.4247779607693793 -2e+100 2e+100
2 44.700000000000024 213.88999999999999 112.1650001 1.2246467991473532e-16 1 2.33486982377251e-16 -1 1.2246467991473532e-16 0 2.8593908561087489e-32 2.33486982377251e-16 -1 12.050000000000001
2 44.700000000000024 217.24000000000001 121.66500009999999 2.3348698237725095e-16 -2.3348698237725105e-16 1 -1 1.2246467991473527e-16 2.33486982377251e-16 -1.2246467991473532e-16 -1 -2.33486982377251e-16 6.0999999999999996
10 3.9361276185661014 10.219312925745687 -2e+100 2e+100
2 44.700000000000024 217.79000000000002 112.1650001 -1.2246467991473532e-16 -1 -2.33486982377251e-16 -1 1.2246467991473532e-16 0 2.8593908561087489e-32 2.33486982377251e-16 -1 14.6
3 44.700000000000024 217.24000000000001 128.16500009999999 2.3348698237725095e-16 -2.3348698237725105e-16 1 -1 1.2246467991473527e-16 2.33486982377251e-16 -1.2246467991473532e-16 -1 -2.33486982377251e-16 6.0999999999999996
0.66320299270609273
3 44.700000000000024 217.19 112.1650001 -1.2246467991473532e-16 -1 -2.33486982377251e-16 -1 1.2246467991473532e-16 0 2.8593908561087489e-32 2.33486982377251e-16 -1 14.6
-0.65788860518220971
2 44.700000000000024 213.88999999999999 112.1650001 1.2246467991473532e-16 1 2.33486982377251e-16 -1 1.2246467991473532e-16 0 2.8593908561087489e-32 2.33486982377251e-16 -1 12.050000000000001
2 44.700000000000024 223.09000000000003 112.1650001 1.2246467991473532e-16 1 2.33486982377251e-16 -1 1.2246467991473532e-16 0 2.8593908561087489e-32 2.33486982377251e-16 -1 12.15
1 44.700000000000024 217.29000000000002 112.1650001 -1.2246467991473532e-16 -1 -2.33486982377251e-16 -1 1.2246467991473532e-16 0 2.8593908561087489e-32 2.33486982377251e-16 -1 
9 0 1 0 0 2 2 3 5 2 4 37.12570720671777 202.96379999999999 98.641683617656156  1 37.12570720671777 203.37689999999998 98.641683617656156  1 37.125707206717777 210.54000000000002 98.641683617656156  1 37.125707206717777 217.70310000000001 98.641683617656156  1 37.125707206717777 218.11619999999999 98.641683617656156  1 
36.346879036879287 202.96379999999999 99.077898550710103  0.66739545582199888 36.346879036879287 203.37689999999998 99.077898550710103  0.66739545582199888 36.346879036879287 210.54000000000002 99.077898550710103  0.66739545582199888 36.346879036879287 217.70310000000001 99.077898550710103  0.66739545582199888 36.346879036879287 218.11619999999999 99.077898550710103  0.66739545582199888 
35.998293189117803 202.96379999999999 98.256104967932998  1 35.998293189117803 203.37689999999998 98.256104967932998  1 35.998293189117803 210.54000000000002 98.256104967932998  1 35.998293189117803 217.70310000000001 98.256104967932998  1 35.998293189117803 218.11619999999999 98.256104967932998  1 

0 3
13.500000000000007 3

-0.82620000000001081 3
-1.0974171438249413e-14 1
13.499999999999996 1
14.326199999999996 3

10 3.9361276185661116 10.219312925745697 -2e+100 2e+100
2 32.500000000000021 217.29000000000002 99.740000100000003 1.2246467991473532e-16 1 2.33486982377251e-16 -1 1.2246467991473532e-16 0 2.8593908561087489e-32 2.33486982377251e-16 -1 3.7999999999999998
9 0 1 0 0 2 2 3 5 2 4 31.317343256434498 202.96379999999999 104.34486592698863  1 31.317343256434498 203.37689999999998 104.34486592698863  1 31.317343256434498 210.54000000000002 104.34486592698863  1 31.317343256434498 217.70310000000001 104.34486592698863  1 31.317343256434498 218.11619999999999 104.34486592698863  1 
31.767716564920605 202.96379999999999 103.57413856341802  0.66739545582199888 31.767716564920605 203.37689999999998 103.57413856341802  0.66739545582199888 31.767716564920605 210.54000000000002 103.57413856341802  0.66739545582199888 31.767716564920608 217.70310000000001 103.57413856341802  0.66739545582199888 31.767716564920608 218.11619999999999 103.57413856341802  0.66739545582199888 
30.952429751802988 202.96379999999999 103.21059462066867  1 30.952429751802988 203.37689999999998 103.21059462066867  1 30.952429751802988 210.54000000000002 103.21059462066867  1 30.952429751802988 217.70310000000001 103.21059462066867  1 30.952429751802988 218.11619999999999 103.21059462066867  1 

0 3
13.500000000000007 3

-0.82620000000001081 3
-1.0974171438249413e-14 1
13.499999999999996 1
14.326199999999996 3

10 3.9361276185660925 10.21931292574568 -2e+100 2e+100
2 44.700000000000024 217.29000000000002 112.1650001 1.2246467991473532e-16 1 2.33486982377251e-16 -1 1.2246467991473532e-16 0 2.8593908561087489e-32 2.33486982377251e-16 -1 15.5
9 0 1 0 0 2 2 3 5 2 4 30.952429751802985 202.96379999999999 121.11940557933133  1 30.952429751802985 203.37689999999998 121.11940557933133  1 30.952429751802985 210.54000000000002 121.11940557933133  1 30.952429751802988 217.70310000000001 121.11940557933133  1 30.952429751802988 218.11619999999999 121.11940557933133  1 
31.767716564920605 202.96379999999999 120.75586163658198  0.66739545582199888 31.767716564920605 203.37689999999998 120.75586163658198  0.66739545582199888 31.767716564920605 210.54000000000002 120.75586163658198  0.66739545582199888 31.767716564920608 217.70310000000001 120.75586163658198  0.66739545582199888 31.767716564920608 218.11619999999999 120.75586163658198  0.66739545582199888 
31.317343256434498 202.96379999999999 119.98513427301137  1 31.317343256434498 203.37689999999998 119.98513427301137  1 31.317343256434498 210.54000000000002 119.98513427301137  1 31.317343256434501 217.70310000000001 119.98513427301137  1 31.317343256434501 218.11619999999999 119.98513427301137  1 

0 3
13.500000000000007 3

-0.82620000000001081 3
-1.0974171438249413e-14 1
13.499999999999996 1
14.326199999999996 3

10 2.347057688613496 8.6302429957930826 -2e+100 2e+100
2 32.500000000000021 217.29000000000002 124.5900001 1.2246467991473532e-16 1 2.33486982377251e-16 -1 1.2246467991473532e-16 0 2.8593908561087489e-32 2.33486982377251e-16 -1 3.7999999999999998
2 32.500000000000028 228.29000000000002 124.5900001 1.2246467991473532e-16 1 2.33486982377251e-16 -1 1.2246467991473532e-16 0 2.8593908561087489e-32 2.33486982377251e-16 -1 3.4500000000000002
10 3.9361276185661014 10.219312925745687 -2e+100 2e+100
2 44.700000000000024 217.79000000000002 112.1650001 -1.2246467991473532e-16 -1 -2.33486982377251e-16 -1 1.2246467991473532e-16 0 2.8593908561087489e-32 2.33486982377251e-16 -1 14.6
2 32.500000000000028 228.29000000000002 99.740000100000003 1.2246467991473532e-16 1 2.33486982377251e-16 -1 1.2246467991473532e-16 0 2.8593908561087489e-32 2.33486982377251e-16 -1 3.4500000000000002
10 3.9361276185661014 10.219312925745687 -2e+100 2e+100
2 44.700000000000024 217.79000000000002 112.1650001 -1.2246467991473532e-16 -1 -2.33486982377251e-16 -1 1.2246467991473532e-16 0 2.8593908561087489e-32 2.33486982377251e-16 -1 14.6
1 61.450000000000017 203.99000000000001 104.76500009999998 -1.2246467991473532e-16 -1 -2.33486982377251e-16 -1 1.2246467991473532e-16 0 2.8593908561087489e-32 2.33486982377251e-16 -1 
5 40.15000000000002 203.63999999999999 96.465000099999997 1.2246467991473532e-16 1 2.33486982377251e-16 -1 1.224646799147365e-16 -5.0753052554292927e-15 -5.0753052554292927e-15 -2.3348698237725036e-16 1 1.0499999999999998 0.34999999999999998
2 39.100000000000023 203.63999999999999 95.265000100000009 -2.8593908561087489e-32 -2.33486982377251e-16 1 1.2246467991473532e-16 1 2.33486982377251e-16 1 -1.2246467991473532e-16 0 0.34999999999999998
2 39.450000000000017 203.63999999999999 95.615000100000003 -1 1.2246467991473532e-16 0 1.2246467991473532e-16 1 2.33486982377251e-16 2.8593908561087489e-32 2.33486982377251e-16 -1 0.34999999999999998
5 32.450000000000017 203.63999999999999 99.765000100000009 -1.2246467991473532e-16 -1 -2.33486982377251e-16 2.8593908561087489e-32 2.33486982377251e-16 -1 -1 1.2246467991473532e-16 0 4.1500000000000004 0.34999999999999998
2 28.300000000000022 203.63999999999999 99.765000100000009 -2.8593908561087489e-32 -2.33486982377251e-16 1 1.2246467991473532e-16 1 2.33486982377251e-16 -1 1.2246467991473532e-16 0 0.34999999999999998
5 32.450000000000017 203.63999999999999 124.56500009999999 -1.2246467991473532e-16 -1 -2.33486982377251e-16 -1 1.2246467991473532e-16 0 -2.8593908561087489e-32 -2.33486982377251e-16 1 4.1500000000000004 0.34999999999999998
2 32.450000000000017 203.63999999999999 128.7150001 1 -1.2246467991473532e-16 0 1.2246467991473532e-16 1 2.33486982377251e-16 -2.8593908561087489e-32 -2.33486982377251e-16 1 0.34999999999999998
2 39.100000000000023 203.63999999999999 129.06500009999999 2.8593908561087489e-32 2.33486982377251e-16 -1 1.2246467991473532e-16 1 2.33486982377251e-16 1 -1.2246467991473532e-16 0 0.34999999999999998
2 40.15000000000002 204.99000000000001 127.86500009999999 -1.2246467991473532e-16 -1 -2.33486982377251e-16 -1 1.2246467991473532e-16 0 2.8593908561087489e-32 2.33486982377251e-16 -1 0.69999999999999996
1 49.950000000000017 204.99000000000001 103.86500009999997 2.8593908561087489e-32 2.33486982377251e-16 -1 -1.2246467991473532e-16 -1 -2.33486982377251e-16 -1 1.2246467991473532e-16 0 
1 44.700000000000024 203.79000000000002 112.16500009999999 -1.2246467991473532e-16 -1 -2.33486982377251e-16 -1 1.2246467991473532e-16 0 2.8593908561087489e-32 2.33486982377251e-16 -1 
2 49.250000000000021 204.99000000000001 127.86500009999999 -1.2246467991473532e-16 -1 -2.33486982377251e-16 1 -1.2246467991473532e-16 0 2.8593908561087489e-32 2.33486982377251e-16 -1 0.69999999999999996
2 50.300000000000018 203.63999999999999 127.86500009999999 -2.8593908561087489e-32 -2.33486982377251e-16 1 1.2246467991473532e-16 1 2.33486982377251e-16 -1 1.2246467991473532e-16 0 0.34999999999999998
1 61.450000000000017 203.99000000000001 104.76500009999998 -1.2246467991473532e-16 -1 -2.33486982377251e-16 -1 1.2246467991473532e-16 0 2.8593908561087489e-32 2.33486982377251e-16 -1 
2 49.950000000000017 203.63999999999999 128.7150001 1 -1.2246467991473532e-16 0 -2.8593908561087489e-32 -2.33486982377251e-16 1 1.2246467991473532e-16 1 2.33486982377251e-16 0.34999999999999998
5 56.950000000000017 203.63999999999999 124.56500009999999 1.2246467991473532e-16 1 2.33486982377251e-16 3.9474596431116675e-16 -2.3348698237725105e-16 1 1 -1.2246467991473522e-16 -3.947459643111668e-16 4.1500000000000004 0.34999999999999998
2 61.100000000000023 203.63999999999999 124.56500009999999 2.8593908561087489e-32 2.33486982377251e-16 -1 1 -1.2246467991473532e-16 0 1.2246467991473532e-16 1 2.33486982377251e-16 0.34999999999999998
5 56.950000000000017 203.63999999999999 99.765000100000009 1.2246467991473532e-16 1 2.33486982377251e-16 1 -1.2246467991473532e-16 0 2.8593908561087489e-32 2.33486982377251e-16 -1 4.1500000000000004 0.34999999999999998
2 56.950000000000017 203.63999999999999 95.615000100000003 -1 1.2246467991473532e-16 0 2.8593908561087489e-32 2.33486982377251e-16 -1 1.2246467991473532e-16 1 2.33486982377251e-16 0.34999999999999998
2 50.300000000000018 203.63999999999999 96.465000099999997 2.8593908561087489e-32 2.33486982377251e-16 -1 1.2246467991473532e-16 1 2.33486982377251e-16 -1 1.2246467991473532e-16 0 0.34999999999999998
5 49.250000000000021 203.63999999999999 96.465000099999997 1.2246467991473532e-16 1 2.33486982377251e-16 -1.2688263138573297e-15 -2.3348698237725085e-16 1 1 -1.2246467991473562e-16 1.2688263138573297e-15 1.0499999999999998 0.34999999999999998
2 40.15000000000002 203.63999999999999 97.515000099999995 1 -1.2246467991473532e-16 0 1.2246467991473532e-16 1 2.33486982377251e-16 2.8593908561087489e-32 2.33486982377251e-16 -1 0.34999999999999998
2 44.700000000000024 217.24000000000001 102.6650001 -1.1102230246251563e-16 2.33486982377251e-16 -1 1 -1.224646799147353e-16 -1.1102230246251565e-16 -1.2246467991473532e-16 -1 -2.33486982377251e-16 6.0999999999999996
3 44.700000000000017 217.24000000000001 96.1650001 -1.1102230246251563e-16 2.33486982377251e-16 -1 1 -1.224646799147353e-16 -1.1102230246251565e-16 -1.2246467991473532e-16 -1 -2.33486982377251e-16 6.0999999999999996
0.66320299270609273
10 3.1415926535897931 9.4247779607693793 -2e+100 2e+100
3 44.700000000000024 217.19 112.1650001 -1.2246467991473532e-16 -1 -2.33486982377251e-16 -1 1.2246467991473532e-16 0 2.8593908561087489e-32 2.33486982377251e-16 -1 14.6
-0.65788860518220971
2 43.100000000000023 223.79000000000002 102.06500009999999 -1.2246467991473532e-16 -1 -2.33486982377251e-16 -1 1.2246467991473532e-16 0 2.8593908561087489e-32 2.33486982377251e-16 -1 0.90000000000000002
2 46.800000000000026 223.79000000000002 102.06500009999999 -1.2246467991473532e-16 -1 -2.33486982377251e-16 1 -1.2246467991473532e-16 0 2.8593908561087489e-32 2.33486982377251e-16 -1 0.90000000000000002
5 56.90000000000002 227.84000000000003 99.740000100000003 1.2246467991473532e-16 1 2.33486982377251e-16 -1 1.2246467991473532e-16 0 2.8593908561087489e-32 2.33486982377251e-16 -1 3 0.45000000000000001
5 56.90000000000002 227.84000000000003 124.5900001 1.2246467991473532e-16 1 2.33486982377251e-16 -1 1.2246467991473532e-16 0 2.8593908561087489e-32 2.33486982377251e-16 -1 3 0.45000000000000001
2 46.800000000000026 223.79000000000002 102.06500009999999 -1.2246467991473532e-16 -1 -2.33486982377251e-16 1 -1.2246467991473532e-16 0 2.8593908561087489e-32 2.33486982377251e-16 -1 0.90000000000000002
1 44.700000000000024 223.09000000000003 112.1650001 -1.2246467991473532e-16 -1 -2.33486982377251e-16 -1 1.2246467991473532e-16 0 2.8593908561087489e-32 2.33486982377251e-16 -1 
1 44.700000000000024 217.79000000000002 112.1650001 -1.2246467991473532e-16 -1 -2.33486982377251e-16 1 -1.2246467991473532e-16 0 2.8593908561087489e-32 2.33486982377251e-16 -1 
3 44.700000000000024 217.24000000000001 129.76500010000001 2.3348698237725095e-16 -2.3348698237725105e-16 1 -1 1.2246467991473527e-16 2.33486982377251e-16 -1.2246467991473532e-16 -1 -2.33486982377251e-16 7.3499999999999996
0.30288486837497236
1 44.700000000000024 217.79000000000002 112.1650001 -1.2246467991473532e-16 -1 -2.33486982377251e-16 1 -1.2246467991473532e-16 0 2.8593908561087489e-32 2.33486982377251e-16 -1 
2 43.100000000000023 223.79000000000002 102.06500009999999 -1.2246467991473532e-16 -1 -2.33486982377251e-16 -1 1.2246467991473532e-16 0 2.8593908561087489e-32 2.33486982377251e-16 -1 0.90000000000000002
1 44.700000000000024 217.24000000000001 121.66500009999999 2.3348698237725095e-16 -2.3348698237725105e-16 1 1 -1.2246467991473527e-16 -2.33486982377251e-16 -1.2246467991473532e-16 -1 -2.33486982377251e-16 
5 32.500000000000028 227.84000000000003 124.5900001 1.2246467991473532e-16 1 2.33486982377251e-16 -1 1.2246467991473532e-16 0 2.8593908561087489e-32 2.33486982377251e-16 -1 3 0.45000000000000001
5 32.500000000000028 227.84000000000003 99.740000100000003 1.2246467991473532e-16 1 2.33486982377251e-16 -1 1.2246467991473532e-16 0 2.8593908561087489e-32 2.33486982377251e-16 -1 3 0.45000000000000001
2 40.15000000000002 204.99000000000001 96.465000099999997 -1.2246467991473532e-16 -1 -2.33486982377251e-16 -1 1.2246467991473532e-16 0 -2.8593908561087489e-32 -2.33486982377251e-16 1 0.69999999999999996
1 39.450000000000017 204.99000000000001 73.865000099999975 -1 1.2246467991473532e-16 0 -1.2246467991473532e-16 -1 -2.33486982377251e-16 -2.8593908561087489e-32 -2.33486982377251e-16 1 
1 61.450000000000017 203.99000000000001 70.965000099999983 2.8593908561087489e-32 2.33486982377251e-16 -1 -1.2246467991473532e-16 -1 -2.33486982377251e-16 -1 1.2246467991473532e-16 0 
2 32.450000000000017 203.99000000000001 99.765000100000009 -1.2246467991473532e-16 -1 -2.33486982377251e-16 -1 1.2246467991473532e-16 0 2.8593908561087489e-32 2.33486982377251e-16 -1 4.5
1 27.950000000000021 203.99000000000001 104.76500009999998 -1 1.2246467991473532e-16 0 -1.2246467991473532e-16 -1 -2.33486982377251e-16 -2.8593908561087489e-32 -2.33486982377251e-16 1 
2 32.450000000000017 203.99000000000001 124.56500009999999 -1.2246467991473532e-16 -1 -2.33486982377251e-16 -1 1.2246467991473532e-16 0 -2.8593908561087489e-32 -2.33486982377251e-16 1 4.5
1 61.450000000000017 203.99000000000001 104.76500009999998 2.8593908561087489e-32 2.33486982377251e-16 -1 -1.2246467991473532e-16 -1 -2.33486982377251e-16 -1 1.2246467991473532e-16 0 
1 39.450000000000017 204.99000000000001 107.86500009999997 -1 1.2246467991473532e-16 0 -1.2246467991473532e-16 -1 -2.33486982377251e-16 -2.8593908561087489e-32 -2.33486982377251e-16 1 
5 40.15000000000002 202.63999999999999 127.86500009999999 -1.2246467991473532e-16 -1 -2.33486982377251e-16 -1 1.2246467991473532e-16 0 2.8593908561087489e-32 2.33486982377251e-16 -1 1.0499999999999998 0.34999999999999998
2 40.15000000000002 202.63999999999999 126.81500009999999 1 -1.2246467991473532e-16 0 -1.2246467991473532e-16 -1 -2.33486982377251e-16 -2.8593908561087489e-32 -2.33486982377251e-16 1 0.34999999999999998
1 49.950000000000017 204.99000000000001 107.86500009999997 -1 1.2246467991473532e-16 0 -1.2246467991473532e-16 -1 -2.33486982377251e-16 -2.8593908561087489e-32 -2.33486982377251e-16 1 
5 49.250000000000021 202.63999999999999 127.86500009999999 -1.2246467991473532e-16 -1 -2.33486982377251e-16 -1.2688263138573232e-15 2.3348698237725115e-16 -1 1 -1.2246467991473502e-16 -1.2688263138573232e-15 1.0499999999999998 0.34999999999999998
1 61.450000000000017 203.99000000000001 104.76500009999998 2.8593908561087489e-32 2.33486982377251e-16 -1 -1.2246467991473532e-16 -1 -2.33486982377251e-16 -1 1.2246467991473532e-16 0 
2 56.950000000000017 203.99000000000001 124.56500009999999 -1.2246467991473532e-16 -1 -2.33486982377251e-16 1 -1.2246467991473532e-16 0 -2.8593908561087489e-32 -2.33486982377251e-16 1 4.5
1 61.450000000000017 203.99000000000001 104.76500009999998 -1 1.2246467991473532e-16 0 -1.2246467991473532e-16 -1 -2.33486982377251e-16 -2.8593908561087489e-32 -2.33486982377251e-16 1 
2 56.950000000000017 203.99000000000001 99.765000100000009 -1.2246467991473532e-16 -1 -2.33486982377251e-16 1 -1.2246467991473532e-16 0 2.8593908561087489e-32 2.33486982377251e-16 -1 4.5
1 61.450000000000017 203.99000000000001 70.965000099999983 2.8593908561087489e-32 2.33486982377251e-16 -1 -1.2246467991473532e-16 -1 -2.33486982377251e-16 -1 1.2246467991473532e-16 0 
1 49.950000000000017 204.99000000000001 73.865000099999975 -1 1.2246467991473532e-16 0 -1.2246467991473532e-16 -1 -2.33486982377251e-16 -2.8593908561087489e-32 -2.33486982377251e-16 1 
2 49.250000000000021 204.99000000000001 96.465000099999997 -1.2246467991473532e-16 -1 -2.33486982377251e-16 1 -1.2246467991473532e-16 0 -2.8593908561087489e-32 -2.33486982377251e-16 1 0.69999999999999996
1 49.950000000000017 204.99000000000001 73.865000099999975 2.8593908561087489e-32 2.33486982377251e-16 -1 -1.2246467991473532e-16 -1 -2.33486982377251e-16 -1 1.2246467991473532e-16 0 
1 44.700000000000024 203.79000000000002 112.16500009999999 -1.2246467991473532e-16 -1 -2.33486982377251e-16 -1 1.2246467991473532e-16 0 2.8593908561087489e-32 2.33486982377251e-16 -1 
1 47.700000000000024 223.79000000000002 101.1650001 2.8593908561087489e-32 2.33486982377251e-16 -1 -1.2246467991473532e-16 -1 -2.33486982377251e-16 -1 1.2246467991473532e-16 0 
2 43.100000000000023 221.84000000000003 101.6150001 1 -1.2246467991473532e-16 0 -1.2246467991473532e-16 -1 -2.33486982377251e-16 2.8593908561087489e-32 2.33486982377251e-16 -1 0.45000000000000001
3 44.700000000000017 217.24000000000001 94.565000099999992 -1.1102230246251563e-16 2.33486982377251e-16 -1 1 -1.224646799147353e-16 -1.1102230246251565e-16 -1.2246467991473532e-16 -1 -2.33486982377251e-16 7.3499999999999996
0.30288486837497236
1 56.90000000000002 228.29000000000002 99.740000100000003 -1.2246467991473532e-16 -1 -2.33486982377251e-16 -1 1.2246467991473532e-16 0 2.8593908561087489e-32 2.33486982377251e-16 -1 
1 56.90000000000002 228.29000000000002 124.5900001 -1.2246467991473532e-16 -1 -2.33486982377251e-16 -1 1.2246467991473532e-16 0 2.8593908561087489e-32 2.33486982377251e-16 -1 
5 46.800000000000026 221.84000000000003 102.06500009999999 1.2246467991473532e-16 1 2.33486982377251e-16 2.8593908561087489e-32 2.33486982377251e-16 -1 1 -1.2246467991473532e-16 0 0.45000000000000001 0.45000000000000001
1 47.700000000000024 223.79000000000002 106.3650001 -1 1.2246467991473532e-16 0 -1.2246467991473532e-16 -1 -2.33486982377251e-16 -2.8593908561087489e-32 -2.33486982377251e-16 1 
2 46.800000000000026 223.79000000000002 105.4650001 -1.2246467991473532e-16 -1 -2.33486982377251e-16 1 -1.2246467991473532e-16 0 -2.8593908561087489e-32 -2.33486982377251e-16 1 0.90000000000000002
2 47.250000000000021 221.84000000000003 102.06500009999999 -2.8593908561087489e-32 -2.33486982377251e-16 1 -1.2246467991473532e-16 -1 -2.33486982377251e-16 1 -1.2246467991473532e-16 0 0.45000000000000001
2 43.100000000000023 223.79000000000002 105.4650001 -1.2246467991473532e-16 -1 -2.33486982377251e-16 -1 1.2246467991473532e-16 0 -2.8593908561087489e-32 -2.33486982377251e-16 1 0.90000000000000002
2 44.700000000000024 217.24000000000001 130.56500010000002 2.3348698237725095e-16 -2.3348698237725105e-16 1 -1 1.2246467991473527e-16 2.33486982377251e-16 -1.2246467991473532e-16 -1 -2.33486982377251e-16 7.5999999999999996
1 32.500000000000028 228.29000000000002 124.5900001 -1.2246467991473532e-16 -1 -2.33486982377251e-16 -1 1.2246467991473532e-16 0 2.8593908561087489e-32 2.33486982377251e-16 -1 
1 32.500000000000028 228.29000000000002 99.740000100000003 -1.2246467991473532e-16 -1 -2.33486982377251e-16 -1 1.2246467991473532e-16 0 2.8593908561087489e-32 2.33486982377251e-16 -1 
5 40.15000000000002 202.63999999999999 96.465000099999997 -1.2246467991473532e-16 -1 -2.33486982377251e-16 -1 1.224646799147365e-16 -5.0753052554292927e-15 -5.0753052554292927e-15 -2.3348698237725036e-16 1 1.0499999999999998 0.34999999999999998
2 39.100000000000023 202.63999999999999 95.265000100000009 -2.8593908561087489e-32 -2.33486982377251e-16 1 -1.2246467991473532e-16 -1 -2.33486982377251e-16 1 -1.2246467991473532e-16 0 0.34999999999999998
2 39.450000000000017 202.63999999999999 95.615000100000003 -1 1.2246467991473532e-16 0 -1.2246467991473532e-16 -1 -2.33486982377251e-16 2.8593908561087489e-32 2.33486982377251e-16 -1 0.34999999999999998
5 32.450000000000017 202.63999999999999 99.765000100000009 1.2246467991473532e-16 1 2.33486982377251e-16 2.8593908561087489e-32 2.33486982377251e-16 -1 -1 1.2246467991473532e-16 0 4.1500000000000004 0.34999999999999998
2 28.300000000000022 202.63999999999999 99.765000100000009 -2.8593908561087489e-32 -2.33486982377251e-16 1 -1.2246467991473532e-16 -1 -2.33486982377251e-16 -1 1.2246467991473532e-16 0 0.34999999999999998
5 32.450000000000017 202.63999999999999 124.56500009999999 1.2246467991473532e-16 1 2.33486982377251e-16 -1 1.2246467991473532e-16 0 -2.8593908561087489e-32 -2.33486982377251e-16 1 4.1500000000000004 0.34999999999999998
2 32.450000000000017 202.63999999999999 128.7150001 1 -1.2246467991473532e-16 0 -1.2246467991473532e-16 -1 -2.33486982377251e-16 -2.8593908561087489e-32 -2.33486982377251e-16 1 0.34999999999999998
2 39.100000000000023 202.63999999999999 129.06500009999999 2.8593908561087489e-32 2.33486982377251e-16 -1 -1.2246467991473532e-16 -1 -2.33486982377251e-16 1 -1.2246467991473532e-16 0 0.34999999999999998
1 61.450000000000017 202.28999999999996 104.76500009999998 -1.2246467991473532e-16 -1 -2.33486982377251e-16 -1 1.2246467991473532e-16 0 2.8593908561087489e-32 2.33486982377251e-16 -1 
2 50.300000000000018 202.63999999999999 127.86500009999999 -2.8593908561087489e-32 -2.33486982377251e-16 1 -1.2246467991473532e-16 -1 -2.33486982377251e-16 -1 1.2246467991473532e-16 0 0.34999999999999998
2 49.950000000000017 202.63999999999999 128.7150001 1 -1.2246467991473532e-16 0 -2.8593908561087489e-32 -2.33486982377251e-16 1 -1.2246467991473532e-16 -1 -2.33486982377251e-16 0.34999999999999998
5 56.950000000000017 202.63999999999999 124.56500009999999 -1.2246467991473532e-16 -1 -2.33486982377251e-16 3.9474596431116675e-16 -2.3348698237725105e-16 1 1 -1.2246467991473522e-16 -3.947459643111668e-16 4.1500000000000004 0.34999999999999998
2 61.100000000000023 202.63999999999999 124.56500009999999 2.8593908561087489e-32 2.33486982377251e-16 -1 1 -1.2246467991473532e-16 0 -1.2246467991473532e-16 -1 -2.33486982377251e-16 0.34999999999999998
5 56.950000000000017 202.63999999999999 99.765000100000009 -1.2246467991473532e-16 -1 -2.33486982377251e-16 1 -1.2246467991473532e-16 0 2.8593908561087489e-32 2.33486982377251e-16 -1 4.1500000000000004 0.34999999999999998
2 56.950000000000017 202.63999999999999 95.615000100000003 -1 1.2246467991473532e-16 0 2.8593908561087489e-32 2.33486982377251e-16 -1 -1.2246467991473532e-16 -1 -2.33486982377251e-16 0.34999999999999998
2 50.300000000000018 202.63999999999999 96.465000099999997 2.8593908561087489e-32 2.33486982377251e-16 -1 -1.2246467991473532e-16 -1 -2.33486982377251e-16 -1 1.2246467991473532e-16 0 0.34999999999999998
5 49.250000000000021 202.63999999999999 96.465000099999997 -1.2246467991473532e-16 -1 -2.33486982377251e-16 -1.2688263138573297e-15 -2.3348698237725085e-16 1 1 -1.2246467991473562e-16 1.2688263138573297e-15 1.0499999999999998 0.34999999999999998
2 40.15000000000002 202.63999999999999 97.515000099999995 1 -1.2246467991473532e-16 0 -1.2246467991473532e-16 -1 -2.33486982377251e-16 2.8593908561087489e-32 2.33486982377251e-16 -1 0.34999999999999998
5 43.100000000000023 221.84000000000003 102.06500009999999 1.2246467991473532e-16 1 2.33486982377251e-16 -1 1.2246467991473532e-16 0 2.8593908561087489e-32 2.33486982377251e-16 -1 0.45000000000000001 0.45000000000000001
1 42.200000000000024 223.79000000000002 106.3650001 -1 1.2246467991473532e-16 0 -1.2246467991473532e-16 -1 -2.33486982377251e-16 -2.8593908561087489e-32 -2.33486982377251e-16 1 
2 42.65000000000002 221.84000000000003 105.4650001 2.8593908561087489e-32 2.33486982377251e-16 -1 -1.2246467991473532e-16 -1 -2.33486982377251e-16 -1 1.2246467991473532e-16 0 0.45000000000000001
2 44.700000000000017 217.24000000000001 93.765000100000009 -1.1102230246251563e-16 2.33486982377251e-16 -1 1 -1.224646799147353e-16 -1.1102230246251565e-16 -1.2246467991473532e-16 -1 -2.33486982377251e-16 7.5999999999999996
2 56.90000000000002 228.39000000000004 99.740000100000003 1.2246467991473532e-16 1 2.33486982377251e-16 -1 1.2246467991473532e-16 0 2.8593908561087489e-32 2.33486982377251e-16 -1 1.6000000000000001
2 56.90000000000002 228.38999999999999 124.5900001 1.2246467991473532e-16 1 2.33486982377251e-16 -1 1.2246467991473532e-16 0 2.8593908561087489e-32 2.33486982377251e-16 -1 1.6000000000000001
5 46.800000000000026 221.84000000000003 105.4650001 1.2246467991473532e-16 1 2.33486982377251e-16 1 -1.2246467991473532e-16 0 -2.8593908561087489e-32 -2.33486982377251e-16 1 0.45000000000000001 0.45000000000000001
1 47.700000000000024 223.79000000000002 101.8650001 2.8593908561087489e-32 2.33486982377251e-16 -1 -1.2246467991473532e-16 -1 -2.33486982377251e-16 -1 1.2246467991473532e-16 0 
2 46.800000000000026 221.84000000000003 105.9150001 -1 1.2246467991473532e-16 0 -1.2246467991473532e-16 -1 -2.33486982377251e-16 -2.8593908561087489e-32 -2.33486982377251e-16 1 0.45000000000000001
5 43.100000000000023 221.84000000000003 105.4650001 1.2246467991473532e-16 1 2.33486982377251e-16 -7.4014868308343733e-16 -2.334869823772509e-16 1 -1 1.2246467991473549e-16 -7.4014868308343733e-16 0.45000000000000001 0.45000000000000001
3 44.700000000000031 217.24000000000001 137.9650001 2.3348698237725095e-16 -2.3348698237725105e-16 1 -1 1.2246467991473527e-16 2.33486982377251e-16 -1.2246467991473532e-16 -1 -2.33486982377251e-16 7.5999999999999996
-0.46364760900080609
2 32.500000000000028 228.38999999999999 124.5900001 1.2246467991473532e-16 1 2.33486982377251e-16 -1 1.2246467991473532e-16 0 2.8593908561087489e-32 2.33486982377251e-16 -1 1.6000000000000001
2 32.500000000000028 228.39000000000004 99.740000100000003 1.2246467991473532e-16 1 2.33486982377251e-16 -1 1.2246467991473532e-16 0 2.8593908561087489e-32 2.33486982377251e-16 -1 1.6000000000000001
3 44.700000000000017 217.24000000000001 86.365000100000003 -1.1102230246251563e-16 2.33486982377251e-16 -1 1 -1.224646799147353e-16 -1.1102230246251565e-16 -1.2246467991473532e-16 -1 -2.33486982377251e-16 7.5999999999999996
-0.46364760900080609
1 47.700000000000024 221.38999999999999 106.3650001 -1.2246467991473532e-16 -1 -2.33486982377251e-16 -1 1.2246467991473532e-16 0 2.8593908561087489e-32 2.33486982377251e-16 -1 
1 56.90000000000002 225.29000000000002 99.740000100000003 -1.2246467991473532e-16 -1 -2.33486982377251e-16 -1 1.2246467991473532e-16 0 2.8593908561087489e-32 2.33486982377251e-16 -1 
1 56.90000000000002 225.29000000000002 124.5900001 -1.2246467991473532e-16 -1 -2.33486982377251e-16 -1 1.2246467991473532e-16 0 2.8593908561087489e-32 2.33486982377251e-16 -1 
1 44.700000000000031 217.24000000000001 138.66500009999999 2.3348698237725095e-16 -2.3348698237725105e-16 1 -1 1.2246467991473527e-16 2.33486982377251e-16 -1.2246467991473532e-16 -1 -2.33486982377251e-16 
2 44.700000000000024 217.24000000000001 138.4650001 1.224646799147353e-16 -2.33486982377251e-16 1 -1.2246467991473532e-16 -1 -2.33486982377251e-16 1 -1.224646799147353e-16 -1.2246467991473532e-16 4.9000000000000004
1 32.500000000000028 225.29000000000002 124.5900001 -1.2246467991473532e-16 -1 -2.33486982377251e-16 -1 1.2246467991473532e-16 0 2.8593908561087489e-32 2.33486982377251e-16 -1 
1 32.500000000000028 225.29000000000002 99.740000100000003 -1.2246467991473532e-16 -1 -2.33486982377251e-16 -1 1.2246467991473532e-16 0 2.8593908561087489e-32 2.33486982377251e-16 -1 
1 44.700000000000017 217.24000000000001 85.6650001 -1.1102230246251563e-16 2.33486982377251e-16 -1 1 -1.224646799147353e-16 -1.1102230246251565e-16 -1.2246467991473532e-16 -1 -2.33486982377251e-16 
2 44.700000000000024 217.24000000000001 85.865000100000003 2.8593908561087489e-32 2.33486982377251e-16 -1 -1.2246467991473532e-16 -1 -2.33486982377251e-16 -1 1.2246467991473532e-16 0 4.9000000000000004
10 5.017821599483697 11.301006906663282 0 6.2831853071795862
5 44.700000000000024 217.24000000000001 140.51500010000001 -1.224646799147353e-16 2.33486982377251e-16 -1 -1.2246467991473532e-16 -1 -2.33486982377251e-16 1 -1.224646799147353e-16 -1.2246467991473532e-16 4.8499999999999996 0.25
10 3.2375857624494815 9.5207710696290668 0 6.2831853071795862
5 44.700000000000024 217.24000000000001 83.815000099999992 -2.8593908561087489e-32 -2.33486982377251e-16 1 -1.2246467991473532e-16 -1 -2.33486982377251e-16 -1 1.2246467991473532e-16 0 4.8499999999999996 0.25
1 43.708057523095505 217.15321627840103 138.9650001 -2.8593908561087489e-32 -2.33486982377251e-16 1 1.2246467991473532e-16 1 2.33486982377251e-16 -1 1.2246467991473532e-16 0 
2 44.700000000000024 217.24000000000001 138.9650001 2.8593908561087489e-32 2.33486982377251e-16 -1 0.64278760968653958 0.7660444431189779 1.7886140539071187e-16 -0.7660444431189779 0.64278760968653958 1.5008253929519632e-16 6.75
1 49.870799991053119 212.90118363461585 138.9650001 -0.64278760968654036 -0.76604444311897724 -1.7886140539071172e-16 -0.76604444311897724 0.64278760968654036 1.5008253929519652e-16 2.8593908561087489e-32 2.33486982377251e-16 -1 
10 5.017821599483697 11.301006906663282 -2e+100 2e+100
2 44.700000000000024 217.24000000000001 140.26500010000001 1.224646799147353e-16 -2.33486982377251e-16 1 -1.2246467991473532e-16 -1 -2.33486982377251e-16 1 -1.224646799147353e-16 -1.2246467991473532e-16 5.0999999999999996
1 47.785380526495409 220.91701332697107 138.9650001 -0.76604444311897801 0.64278760968653936 1.5008253929519627e-16 0.64278760968653936 0.76604444311897801 1.7886140539071187e-16 2.8593908561087489e-32 2.33486982377251e-16 -1 
10 3.2375857624494815 9.5207710696290668 -2e+100 2e+100
2 44.700000000000024 217.24000000000001 84.065000099999992 2.8593908561087489e-32 2.33486982377251e-16 -1 -1.2246467991473532e-16 -1 -2.33486982377251e-16 -1 1.2246467991473532e-16 0 5.0999999999999996
1 38.357074809695142 214.93136403255176 85.365000100000003 0.34202014332566871 -0.93969262078590843 -2.1940599438947218e-16 0.93969262078590843 0.34202014332566871 7.9857251177345289e-17 -2.8593908561087489e-32 -2.33486982377251e-16 1 
2 44.700000000000024 217.24000000000001 85.365000100000003 -2.8593908561087489e-32 -2.33486982377251e-16 1 0.76604444311897779 -0.64278760968653958 -1.5008253929519632e-16 0.64278760968653958 0.76604444311897779 1.7886140539071182e-16 6.7499999999999991
1 44.985902654724669 218.86143452792032 85.365000100000003 -2.8593908561087489e-32 -2.33486982377251e-16 1 1.2246467991473532e-16 1 2.33486982377251e-16 -1 1.2246467991473532e-16 0 
1 48.377013326971117 214.15461947350462 85.365000100000003 -0.64278760968653958 -0.76604444311897779 -1.7886140539071182e-16 0.76604444311897779 -0.64278760968653958 -1.5008253929519632e-16 -2.8593908561087489e-32 -2.33486982377251e-16 1 
1 43.708057523095505 217.15321627840103 140.3650001 -2.8593908561087489e-32 -2.33486982377251e-16 1 1.2246467991473532e-16 1 2.33486982377251e-16 -1 1.2246467991473532e-16 0 
1 38.913173081176595 213.48199065839628 139.4650001 -0.54463903501502708 0.83867056794542416 1.9581866011819231e-16 0.83867056794542416 0.54463903501502708 1.2716612477051663e-16 2.8593908561087489e-32 2.33486982377251e-16 -1 
10 5.0178215994836988 11.301006906663286 0 6.2831853071795862
5 44.700000000000024 217.24000000000001 141.66500009999999 1.224646799147353e-16 -2.33486982377251e-16 1 -1.2246467991473532e-16 -1 -2.33486982377251e-16 1 -1.224646799147353e-16 -1.2246467991473532e-16 4.8499999999999996 0.25
2 44.700000000000017 217.24000000000001 139.4650001 2.8593908561087489e-32 2.33486982377251e-16 -1 -0.99939082701909576 -0.034899496702500851 -8.1485781715517736e-18 0.034899496702500851 -0.99939082701909576 -2.333447484161939e-16 6.8999999999999959
1 39.902924030308363 217.07248241582801 139.4650001 0.034899496702500581 -0.99939082701909587 -2.333447484161939e-16 -0.99939082701909587 -0.034899496702500581 -8.1485781715517105e-18 2.8593908561087489e-32 2.33486982377251e-16 -1 
1 43.708057523095505 217.15321627840103 140.3650001 -2.8593908561087489e-32 -2.33486982377251e-16 1 1.2246467991473532e-16 1 2.33486982377251e-16 -1 1.2246467991473532e-16 0 
1 44.985902654724669 218.86143452792032 83.965000099999997 -2.8593908561087489e-32 -2.33486982377251e-16 1 1.2246467991473532e-16 1 2.33486982377251e-16 -1 1.2246467991473532e-16 0 
1 46.728567656355381 221.59027737777592 84.865000100000003 0.90630778703665005 -0.42261826174069955 -9.8675862631355129e-17 0.42261826174069955 0.90630778703665005 2.1161107030019166e-16 -2.8593908561087489e-32 -2.33486982377251e-16 1 
2 44.700000000000024 217.24000000000001 84.865000100000003 -2.8593908561087489e-32 -2.33486982377251e-16 1 0.42261826174069922 0.90630778703665016 2.1161107030019166e-16 -0.90630778703665016 0.42261826174069922 9.8675862631355055e-17 6.9000000000000083
10 3.2375857624494864 9.5207710696290722 0 6.2831853071795862
5 44.700000000000024 217.24000000000001 82.6650001 2.8593908561087489e-32 2.33486982377251e-16 -1 -1.2246467991473532e-16 -1 -2.33486982377251e-16 -1 1.2246467991473532e-16 0 4.8499999999999996 0.25
1 43.030738920362317 223.93504051130441 84.865000100000003 -0.97029572627599658 -0.24192189559966767 -5.6485613374550781e-17 0.24192189559966767 -0.97029572627599658 -2.2655142114172553e-16 -2.8593908561087489e-32 -2.33486982377251e-16 1 
1 44.985902654724669 218.86143452792032 83.965000099999997 -2.8593908561087489e-32 -2.33486982377251e-16 1 1.2246467991473532e-16 1 2.33486982377251e-16 -1 1.2246467991473532e-16 0 
1 39.145082623721834 215.48854127893668 139.4650001 -2.8593908561087489e-32 -2.33486982377251e-16 1 1.2246467991473532e-16 1 2.33486982377251e-16 -1 1.2246467991473532e-16 0 
1 44.700000000000024 217.24000000000001 141.91500009999999 1.224646799147353e-16 -2.33486982377251e-16 1 -1.2246467991473532e-16 -1 -2.33486982377251e-16 1 -1.224646799147353e-16 -1.2246467991473532e-16 
2 44.700000000000024 217.24000000000001 134.41500009999999 1.224646799147353e-16 -2.33486982377251e-16 1 -1.2246467991473532e-16 -1 -2.33486982377251e-16 1 -1.224646799147353e-16 -1.2246467991473532e-16 3.2000000000000002
1 45.25253288895447 222.97827345162784 84.865000100000003 -2.8593908561087489e-32 -2.33486982377251e-16 1 1.2246467991473532e-16 1 2.33486982377251e-16 -1 1.2246467991473532e-16 0 
1 44.700000000000024 217.24000000000001 82.4150001 2.8593908561087489e-32 2.33486982377251e-16 -1 -1.2246467991473532e-16 -1 -2.33486982377251e-16 -1 1.2246467991473532e-16 0 
2 44.700000000000024 217.24000000000001 89.9150001 2.8593908561087489e-32 2.33486982377251e-16 -1 -1.2246467991473532e-16 -1 -2.33486982377251e-16 -1 1.2246467991473532e-16 0 3.2000000000000002
1 44.700000000000024 217.24000000000001 134.41500009999999 1.224646799147353e-16 -2.33486982377251e-16 1 -1.2246467991473532e-16 -1 -2.33486982377251e-16 1 -1.224646799147353e-16 -1.2246467991473532e-16 
1 44.700000000000024 217.24000000000001 89.9150001 2.8593908561087489e-32 2.33486982377251e-16 -1 -1.2246467991473532e-16 -1 -2.33486982377251e-16 -1 1.2246467991473532e-16 0 
Triangulations 0

TShapes 1153
Ve
1e-07
29.9242927932823 166.29 205.448316582344
0 0

0101101
*
Ve
2.76143402057469e-07
28.4497950785252 166.29 206.174298328334
0 0

0101101
*
Ed
 1e-07 1 1 0
1  1 0 0.0655237737571305 0.171607746116802
2  1 1 0 0.0655237737571305 0.171607746116802
0

0101000
+1153 4 -1152 4 *
Ve
2.7614340074995e-07
16.25 166.24 206.174210604446
0 0

0101101
*
Ed
 2.76143398085415e-07 1 1 0
1  2 0 0 0.999999964364664
2  2 1 0 0 0.999999964364664
2  3 2 0 0 0.999999964364664
0

0101000
+1150 4 -1152 4 *
Ve
1.00000004440892e-07
16.2502049214748 166.29 206.174298328334
0 0

0101101
*
Ed
 1e-07 1 1 0
1  3 0 1.20000413008761e-05 1
2  4 1 0 1.20000413008761e-05 1
2  5 2 0 1.20000413008761e-05 1
0

0101000
+1148 4 -1150 4 *
Ve
1e-07
14.7757072067178 166.29 205.448316582344
0 0

0101101
*
Ed
 1e-07 1 1 0
1  4 0 0.980555546689012 1.08663951904868
2  1 1 0 0.980555546689012 1.08663951904868
0

0101000
+1148 4 -1146 4 *
Ve
5.00000000397205e-06
14.7757072067178 152.99 205.448316582344
0 0

0101101
*
Ed
 1e-07 1 1 0
1  5 0 0.199999999999991 13.5
2  6 1 0 0.199999999999991 13.5
2  7 3 0 0.199999999999991 13.5
4 G1 1 0 3 0
0

0101000
+1144 4 -1146 4 *
Ve
1.00000001986027e-07
17.4572530020516 152.99 206.63251609741
0 0

0101101
*
Ed
 1e-07 1 1 0
1  6 0 1.06023845414912 1.24964303494843
2  8 1 0 1.06023845414912 1.24964303494843
0

0101000
+1144 4 -1142 4 *
Ve
1.00000006936895e-07
17.8 152.947515486695 206.742135450667
0 0

0101101
*
Ed
 1e-07 1 1 0
1  7 0 0 1
2  9 1 0 0 1
2  10 4 0 0 1
0

0101000
+1142 4 -1140 4 *
Ve
1.00000291821694e-07
18.317379703504 152.79 206.891227866017
0 0

0101101
*
Ed
 1e-07 1 1 0
1  8 0 1.04896497020177e-06 0.999997430891067
2  11 1 0 1.04896497020177e-06 0.999997430891067
2  12 5 0 1.04896497020177e-06 0.999997430891067
0

0101000
+1140 4 -1138 4 *
Ve
1.0000020630991e-07
26.3826202964958 152.79 206.891227866017
0 0

0101101
*
Ed
 1e-07 1 1 0
1  9 0 5.04354695054148 5.56994150934911
2  13 1 0 5.04354695054148 5.56994150934911
0

0101000
+1138 4 -1136 4 *
Ve
1.00000004070145e-07
26.9 152.947515486695 206.742135450667
0 0

0101101
*
Ed
 1e-07 1 1 0
1  10 0 1.04896493586624e-06 0.999997430891388
2  14 1 0 1.04896493586624e-06 0.999997430891388
2  15 5 0 1.04896493586624e-06 0.999997430891388
0

0101000
+1134 4 -1136 4 *
Ve
1.00000001986027e-07
27.2427469979484 152.99 206.63251609741
0 0

0101101
*
Ed
 1e-07 1 1 0
1  11 0 0 1
2  16 1 0 0 1
2  17 6 0 0 1
0

0101000
+1132 4 -1134 4 *
Ve
5.00000000407015e-06
29.9242927932823 152.99 205.448316582344
0 0

0101101
*
Ed
 1e-07 1 1 0
1  12 0 1.89194961864136 2.08135419944067
2  8 1 0 1.89194961864136 2.08135419944067
0

0101000
+1132 4 -1130 4 *
Ed
 1e-07 1 1 0
1  13 0 0.199999999999991 13.5
2  18 1 0 0.199999999999991 13.5
2  19 7 0 0.199999999999991 13.5
4 G1 1 0 7 0
0

0101000
+1130 4 -1153 4 *
Wi

0101100
-1151 0 +1149 0 +1147 0 -1145 0 +1143 0 -1141 0 -1139 0 -1137 0 -1135 0 +1133 0 
+1131 0 -1129 0 -1128 0 *
Fa
0  1e-07 1 0

0101000
+1127 0 *
Ve
1e-07
31.0517068108822 166.29 178.016104967933
0 0

0101101
*
Ve
1e-07
29.9242927932823 166.29 178.401683617656
0 0

0101101
*
Ed
 1e-07 1 1 0
1  14 0 0 1
2  20 9 0 0 1
0

0101000
+1125 4 -1124 4 *
Ve
1.00000016687357e-07
28.4497950785252 166.29 177.675701871666
0 0

0101101
*
Ed
 1e-07 1 1 0
1  15 0 4.1221482002788 4.22823217263848
2  1 10 0 4.1221482002788 4.22823217263848
0

0101000
+1122 4 -1124 4 *
Ve
1.00000006217249e-07
28.4497950785252 166.29 178.660291282992
0 0

0101101
*
Ed
 1e-07 1 1 0
1  16 0 3.76470881700764 4.74929822833392
2  21 11 0 3.76470881700764 4.74929822833392
0

0101000
+1120 4 -1122 4 *
Ve
1.00000015280799e-07
31.1965320153899 166.29 180.310402762999
0 0

0101101
*
Ed
 1e-07 1 1 0
1  17 0 4.22353918761294 4.44345352979612
2  22 12 0 4.22353918761294 4.44345352979612
0

0101000
+1120 4 -1118 4 *
Ve
1e-07
31.1 166.29 179.5000001
0 0

0101101
*
Ed
 1e-07 1 1 0
1  18 0 0 0.237114991334281
2  23 13 0 0 0.237114991334281
0

0101000
+1116 4 -1118 4 *
Ve
1.00000029134418e-07
33.8010091726477 166.29 182.867716350004
0 0

0101101
*
Ed
 1e-07 1 1 0
1  19 0 1.35195493861833 6.28318530717959
2  23 13 0 1.35195493861833 6.28318530717959
0

0101000
+1114 4 -1116 4 *
Ve
1.00000003972055e-07
33.8010091726477 166.29 200.982283849996
0 0

0101101
*
Ed
 1e-07 1 1 0
1  20 0 4.69411537722697 6.03252345974874
2  22 14 0 4.69411537722697 6.03252345974874
0

0101000
+1114 4 -1112 4 *
Ve
1e-07
31.1 166.29 204.3500001
0 0

0101101
*
Ed
 1e-07 1 1 0
1  21 0 0 4.93123036856125
2  24 15 0 0 4.93123036856125
0

0101000
+1110 4 -1112 4 *
Ve
1.00000008881784e-07
31.1965320153899 166.29 203.539597437001
0 0

0101101
*
Ed
 1e-07 1 1 0
1  22 0 6.04607031584531 6.28318530717959
2  24 15 0 6.04607031584531 6.28318530717959
0

0101000
+1108 4 -1110 4 *
Ve
1.00000002664535e-07
28.4497950785252 166.29 205.189708917008
0 0

0101101
*
Ed
 1e-07 1 1 0
1  23 0 0 0.219914342183181
2  22 16 0 0 0.219914342183181
0

0101000
+1108 4 -1106 4 *
Ed
 1e-07 1 1 0
1  24 0 3.76470881700763 4.74929822833391
2  25 2 0 3.76470881700763 4.74929822833391
0

0101000
+1106 4 -1152 4 *
Ve
1e-07
31.0517068108822 166.29 205.833895232067
0 0

0101101
*
Ed
 1e-07 1 1 0
1  25 0 0 1
2  26 7 0 0 1
0

0101000
+1153 4 -1103 4 *
Ve
1e-07
36.0975702481971 166.29 200.879405579331
0 0

0101101
*
Ed
 1e-07 1 1 0
1  26 0 1.99024319093805 5.88201204619415
2  27 17 0 1.99024319093805 5.88201204619415
0

0101000
+1101 4 -1103 4 *
Ve
1e-07
35.7326567435655 166.29 199.745134273011
0 0

0101101
*
Ed
 1e-07 1 1 0
1  27 0 0 1
2  28 18 0 0 1
0

0101000
+1101 4 -1099 4 *
Ve
1e-07
35.7326567435655 166.29 184.104865926989
0 0

0101101
*
Ed
 1e-07 1 1 0
1  28 0 4.7596391509841 5.81730210259109
2  1 19 0 4.7596391509841 5.81730210259109
0

0101000
+1097 4 -1099 4 *
Ve
1e-07
36.0975702481971 166.29 182.970594620669
0 0

0101101
*
Ed
 1e-07 1 1 0
1  29 0 0 1
2  29 20 0 0 1
0

0101000
+1095 4 -1097 4 *
Ed
 1e-07 1 1 0
1  30 0 0.401173260985435 4.29294211624154
2  30 21 0 0.401173260985435 4.29294211624154
0

0101000
+1125 4 -1095 4 *
Wi

0101100
-1123 0 +1121 0 +1119 0 -1117 0 +1115 0 +1113 0 -1111 0 +1109 0 +1107 0 -1105 0 
-1104 0 +1151 0 -1102 0 +1100 0 -1098 0 +1096 0 +1094 0 +1093 0 *
Fa
0  1e-07 8 0

0101000
+1092 0 *
Ve
1.00000006646519e-07
27.4477936403899 169.59 202.953825966791
0 0

0101101
*
Ve
1.000001e-06
24.0784626547781 172.089992893247 201.4250001
0 0

0101101
*
Ed
 1e-07 1 1 0
1  31 0 0 1
2  31 2 0 0 1
2  32 22 0 0 1
0

0101000
+1090 4 -1089 4 *
Ve
1.000001e-06
20.621537345222 172.089992893247 201.4250001
0 0

0101101
*
Ed
 1e-07 1 1 0
1  32 0 4.42509877577936 4.99967918499002
2  33 2 0 4.42509877577936 4.99967918499002
0

0101000
+1089 4 -1087 4 *
Ve
1.0000000307674e-07
17.2522063596101 169.59 202.953825966791
0 0

0101101
*
Ed
 1e-07 1 1 0
1  33 0 0 1
2  34 2 0 0 1
2  35 23 0 0 1
0

0101000
+1085 4 -1087 4 *
Ve
1.00000001776357e-07
16.2748456809724 166.79 202.44711965834
0 0

0101101
*
Ed
 1e-07 1 1 0
1  34 0 2.32886862522725e-07 0.999999796173046
2  36 2 0 2.32886862522725e-07 0.999999796173046
2  37 24 0 2.32886862522725e-07 0.999999796173046
0

0101000
+1085 4 -1083 4 *
Ve
1.00000021972321e-07
16.2748456809724 166.79 202.331488460633
0 0

0101101
*
Ed
 1e-07 1 1 0
1  35 0 0.906488360633487 1.02211955833994
2  38 2 0 0.906488360633487 1.02211955833994
0

0101000
+1081 4 -1083 4 *
Ve
1.00000001776357e-07
16.25 166.24 202.31694409523
0 0

0101101
*
Ed
 1e-07 1 1 0
1  36 0 1.09342773574369e-06 1
2  39 2 0 1.09342773574369e-06 1
2  40 25 0 1.09342773574369e-06 1
0

0101000
+1081 4 -1079 4 *
Ve
1.00000003662053e-07
16.25 166.24 205.18961468166
0 0

0101101
*
Ed
 1e-07 1 1 0
1  37 0 0.891943995230154 3.76461458166049
2  41 2 0 0.891943995230154 3.76461458166049
2  42 26 0 0.891943995230154 3.76461458166049
4 CN 2 0 26 0
0

0101000
+1079 4 -1077 4 *
Ve
1.00000004440892e-07
16.2502049214748 166.29 205.189708917008
0 0

0101101
*
Ed
 1e-07 1 1 0
1  38 0 1.20000489547085e-05 1
2  43 2 0 1.20000489547085e-05 1
2  44 27 0 1.20000489547085e-05 1
0

0101000
+1075 4 -1077 4 *
Ed
 1e-07 1 1 0
1  39 0 3.76470881700763 4.74929822833391
2  45 2 0 3.76470881700763 4.74929822833391
0

0101000
+1075 4 -1148 4 *
Ve
1e-07
16.25 166.24 207.9250001
0 0

0101101
*
Ed
 1e-07 1 1 0
1  40 0 4.7492105044455 6.5
3  41 42CN 2 0 4.7492105044455 6.5
0

0101000
+1150 4 -1072 4 *
Ed
 1e-07 1 1 0
1  41 0 0 6.28318530717959
2  46 2 0 0 6.28318530717959
2  47 28 0 0 6.28318530717959
0

0101000
+1072 4 -1072 4 *
Ve
1.00000005329071e-07
28.4497950785252 166.19 205.189708917008
0 0

0101101
*
Ed
 1e-07 1 1 0
1  42 0 6.00002456624012e-06 0.999993999975487
2  48 2 0 6.00002456624012e-06 0.999993999975487
2  49 16 0 6.00002456624012e-06 0.999993999975487
0

0101000
+1069 4 -1106 4 *
Ve
1.00000010950199e-07
27.4477936403899 162.89 202.843562276404
0 0

0101101
*
Ed
 1e-07 1 1 0
1  43 0 0 1
2  50 2 0 0 1
2  51 29 0 0 1
0

0101000
+1067 4 -1069 4 *
Ve
1.00000004070145e-07
28.4251543190276 166.79 202.331488460633
0 0

0101101
*
Ed
 1e-07 1 1 0
1  44 0 1.69766144127338e-07 0.999999851599261
2  52 2 0 1.69766144127338e-07 0.999999851599261
2  53 30 0 1.69766144127338e-07 0.999999851599261
0

0101000
+1067 4 -1065 4 *
Ve
1.00000004440892e-07
28.4251543190276 166.79 202.44711965834
0 0

0101101
*
Ed
 1e-07 1 1 0
1  45 0 0.906488360633476 1.02211955833995
2  54 2 0 0.906488360633476 1.02211955833995
0

0101000
+1065 4 -1063 4 *
Ed
 1e-07 1 1 0
1  46 0 2.03827038761393e-07 0.999999767113192
2  55 2 0 2.03827038761393e-07 0.999999767113192
2  56 31 0 2.03827038761393e-07 0.999999767113192
0

0101000
+1063 4 -1090 4 *
Wi

0101100
+1088 0 +1086 0 -1084 0 +1082 0 -1080 0 +1078 0 +1076 0 -1074 0 +1073 0 +1147 0 
+1071 0 -1070 0 -1071 0 +1149 0 -1104 0 -1068 0 -1066 0 +1064 0 +1062 0 +1061 0 
*
Fa
0  1e-07 2 0

0101000
+1060 0 *
Ve
1e-07
14.7757072067178 166.29 178.401683617656
0 0

0101101
*
Ve
2.76143410238902e-07
16.2502049214748 166.29 177.675701871666
0 0

0101101
*
Ed
 1e-07 1 1 0
1  47 0 3.20711642734692 3.3132003997066
2  1 10 0 3.20711642734692 3.3132003997066
0

0101000
+1058 4 -1057 4 *
Ve
1e-07
13.6482931891178 166.29 178.016104967933
0 0

0101101
*
Ed
 1e-07 1 1 0
1  48 0 0 1
2  57 33 0 0 1
0

0101000
+1058 4 -1055 4 *
Ve
1e-07
8.60242975180299 166.29 182.970594620669
0 0

0101101
*
Ed
 1e-07 1 1 0
1  49 0 0.249711820978959 4.14148067623506
2  58 34 0 0.249711820978959 4.14148067623506
0

0101000
+1055 4 -1053 4 *
Ve
1e-07
8.96734325643449 166.29 184.104865926989
0 0

0101101
*
Ed
 1e-07 1 1 0
1  50 0 0 1
2  59 35 0 0 1
0

0101000
+1051 4 -1053 4 *
Ve
1e-07
8.9673432564345 166.29 199.745134273011
0 0

0101101
*
Ed
 1e-07 1 1 0
1  51 0 1.61804649739431 2.6757094490013
2  1 36 0 1.61804649739431 2.6757094490013
0

0101000
+1049 4 -1051 4 *
Ve
1e-07
8.60242975180298 166.29 200.879405579331
0 0

0101101
*
Ed
 1e-07 1 1 0
1  52 0 0 1
2  60 37 0 0 1
0

0101000
+1047 4 -1049 4 *
Ve
1e-07
13.6482931891178 166.29 205.833895232067
0 0

0101101
*
Ed
 1e-07 1 1 0
1  53 0 0.249711820978938 4.14148067623504
2  61 38 0 0.249711820978938 4.14148067623504
0

0101000
+1047 4 -1045 4 *
Ed
 1e-07 1 1 0
1  54 0 0 1
2  62 3 0 0 1
0

0101000
+1146 4 -1045 4 *
Ve
1.00000015280799e-07
13.5034679846101 166.29 203.539597437001
0 0

0101101
*
Ed
 1e-07 1 1 0
1  55 0 1.08194653402315 1.30186087620633
2  22 27 0 1.08194653402315 1.30186087620633
0

0101000
+1075 4 -1042 4 *
Ve
1e-07
6.70000000000002 166.29 204.3500001
0 0

0101101
*
Ed
 1e-07 1 1 0
1  56 0 0 3.37870764492407
2  63 39 0 0 3.37870764492407
0

0101000
+1040 4 -1042 4 *
Ve
1.00000024161065e-07
10.8989908273524 166.29 200.982283849996
0 0

0101101
*
Ed
 1e-07 1 1 0
1  57 0 4.49354759220813 6.28318530717959
2  63 39 0 4.49354759220813 6.28318530717959
0

0101000
+1038 4 -1040 4 *
Ve
1.00000006404746e-07
10.8989908273523 166.29 182.867716350004
0 0

0101101
*
Ed
 1e-07 1 1 0
1  58 0 1.55252272363718 2.89093080615894
2  22 40 0 1.55252272363718 2.89093080615894
0

0101000
+1038 4 -1036 4 *
Ve
1e-07
6.70000000000002 166.29 179.5000001
0 0

0101101
*
Ed
 1e-07 1 1 0
1  59 0 0 1.78963771497146
2  64 41 0 0 1.78963771497146
0

0101000
+1034 4 -1036 4 *
Ve
1.00000010357851e-07
13.5034679846101 166.29 180.310402762999
0 0

0101101
*
Ed
 1e-07 1 1 0
1  60 0 2.90447766225551 6.28318530717959
2  64 41 0 2.90447766225551 6.28318530717959
0

0101000
+1032 4 -1034 4 *
Ve
1.00000002664535e-07
16.2502049214748 166.29 178.660291282992
0 0

0101101
*
Ed
 1e-07 1 1 0
1  61 0 3.14159265358979 3.36150699577297
2  22 42 0 3.14159265358979 3.36150699577297
0

0101000
+1032 4 -1030 4 *
Ed
 1e-07 1 1 0
1  62 0 3.76470881700763 4.74929822833391
2  65 11 0 3.76470881700763 4.74929822833391
0

0101000
+1030 4 -1057 4 *
Wi

0101100
+1056 0 -1054 0 -1052 0 +1050 0 +1048 0 +1046 0 -1044 0 +1043 0 +1145 0 +1073 0 
-1041 0 +1039 0 +1037 0 -1035 0 +1033 0 +1031 0 -1029 0 -1028 0 *
Fa
0  1e-07 32 0

0101000
+1027 0 *
Ve
5.00000000355271e-06
13.6482931891178 152.99 205.833895232067
0 0

0101101
*
Ed
 1e-07 1 1 0
1  63 0 0.199999999999991 13.5
2  66 3 0 0.199999999999991 13.5
2  67 38 0 0.199999999999991 13.5
4 G1 3 0 38 0
0

0101000
+1025 4 -1045 4 *
Ed
 5e-06 1 1 0
1  64 0 0 1
2  68 3 0 0 1
0

0101000
+1025 4 -1144 4 *
Wi

0101100
-1143 0 -1043 0 +1024 0 -1023 0 *
Fa
0  1e-07 3 0

0101000
+1022 0 *
Ve
5.00000000355271e-06
8.60242975180298 152.99 200.879405579331
0 0

0101101
*
Ed
 1e-07 1 1 0
1  65 0 5.13183584452784 9.02360469978395
2  69 38 0 5.13183584452784 9.02360469978395
0

0101000
+1020 4 -1025 4 *
Ve
5.00000000407015e-06
8.9673432564345 152.99 199.745134273011
0 0

0101101
*
Ed
 5e-06 1 1 0
1  66 0 0 1
2  70 37 0 0 1
0

0101000
+1018 4 -1020 4 *
Ve
5.00000000407015e-06
8.96734325643449 152.99 184.104865926989
0 0

0101101
*
Ed
 1e-07 1 1 0
1  67 0 5.75435383137609 6.81201678298308
2  71 36 0 5.75435383137609 6.81201678298308
0

0101000
+1016 4 -1018 4 *
Ve
5.00000000355271e-06
8.60242975180299 152.99 182.970594620669
0 0

0101101
*
Ed
 5e-06 1 1 0
1  68 0 0 1
2  72 35 0 0 1
0

0101000
+1014 4 -1016 4 *
Ve
5.00000000435117e-06
13.6482931891178 152.99 178.016104967933
0 0

0101101
*
Ed
 1e-07 1 1 0
1  69 0 3.54276591457523 7.43453476983133
2  73 34 0 3.54276591457523 7.43453476983133
0

0101000
+1012 4 -1014 4 *
Ve
5.00000000407015e-06
14.7757072067178 152.99 178.401683617656
0 0

0101101
*
Ed
 5e-06 1 1 0
1  70 0 0 1
2  74 33 0 0 1
0

0101000
+1012 4 -1010 4 *
Ve
1.00000005329071e-07
17.4572530020516 152.99 177.21748410259
0 0

0101101
*
Ed
 1e-07 1 1 0
1  71 0 5.03354227223115 5.22294685303047
2  75 10 0 5.03354227223115 5.22294685303047
0

0101000
+1008 4 -1010 4 *
Ve
1e-07
16.75 152.99 176.2250001
0 0

0101101
*
Ed
 1e-07 1 1 0
1  72 0 0 1.23827665618243
2  76 44 0 0 1.23827665618243
4 G1 43 5 44 0
0

0101000
+1006 4 -1008 4 *
Ve
7.2108142497892e-07
16.75 152.99 175.3750001
0 0

0101101
*
Ed
 1e-07 1 1 0
1  73 0 0.350000000000001 1.2
2  77 45 0 0.350000000000001 1.2
4 G1 43 5 45 0
0

0101000
+1004 4 -1006 4 *
Ve
1e-07
10.1 152.99 175.3750001
0 0

0101101
*
Ed
 1e-07 1 1 0
1  74 0 0.35 7
2  78 46 0 0.35 7
4 G1 43 5 46 0
0

0101000
+1004 4 -1002 4 *
Ve
1e-07
5.95000000000002 152.99 179.5250001
0 0

0101101
*
Ed
 1e-07 1 1 0
1  75 0 -0 1.5707963267949
2  79 47 0 -0 1.5707963267949
4 G1 43 5 47 0
0

0101000
+1002 4 -1000 4 *
Ve
1e-07
5.95000000000002 152.99 204.3250001
0 0

0101101
*
Ed
 1e-07 1 1 0
1  76 0 0 24.8
2  80 48 0 0 24.8
4 G1 43 5 48 0
0

0101000
+1000 4 -998 4 *
Ve
1e-07
10.1 152.99 208.4750001
0 0

0101101
*
Ed
 1e-07 1 1 0
1  77 0 0 1.5707963267949
2  81 49 0 0 1.5707963267949
4 G1 43 5 49 0
0

0101000
+998 4 -996 4 *
Ve
1.01969410203018e-06
16.75 152.99 208.4750001
0 0

0101101
*
Ed
 1e-07 1 1 0
1  78 0 -0 6.65
2  82 50 0 -0 6.65
4 G1 43 5 50 0
0

0101000
+996 4 -994 4 *
Ve
1e-07
16.75 152.99 207.6250001
0 0

0101101
*
Ed
 1e-07 1 1 0
1  79 0 0.350000000000001 1.2
2  83 51 0 0.350000000000001 1.2
4 G1 43 5 51 0
0

0101000
+994 4 -992 4 *
Ed
 1e-07 1 1 0
1  80 0 0 1.23827665618243
2  84 4 0 0 1.23827665618243
4 G1 43 5 4 0
0

0101000
+992 4 -1142 4 *
Wi

0101100
+1141 0 +1023 0 +1019 0 +1017 0 +1015 0 +1013 0 +1011 0 -1009 0 +1007 0 +1005 0 
+1003 0 -1001 0 -999 0 -997 0 -995 0 -993 0 -991 0 -990 0 *
Fa
0  1e-07 43 5

0101000
+989 0 *
Ve
1e-07
17.1 152.64 207.6250001
0 0

0101101
*
Ed
 1e-07 1 1 0
1  81 0 0 1.5707963267949
2  85 4 0 0 1.5707963267949
2  86 51 0 0 1.5707963267949
4 G1 4 0 51 0
0

0101000
+992 4 -987 4 *
Ve
1e-07
17.8 152.64 206.9250001
0 0

0101101
*
Ed
 1e-07 1 1 0
1  82 0 0 1.5707963267949
2  87 4 0 0 1.5707963267949
2  88 52 0 0 1.5707963267949
4 G1 4 0 52 0
0

0101000
+987 4 -985 4 *
Ed
 1e-07 1 1 0
1  83 0 2.06863715764104 3.14159265358979
2  89 4 0 2.06863715764104 3.14159265358979
2  90 5 0 2.06863715764104 3.14159265358979
4 G1 4 0 5 0
0

0101000
+1140 4 -985 4 *
Wi

0101100
-986 0 -984 0 +983 0 +1139 0 +990 0 *
Fa
0  1e-07 4 0

0101000
+982 0 *
Ed
 1e-07 1 1 0
1  84 0 0.517379703504024 8.58262029649581
2  91 5 0 0.517379703504024 8.58262029649581
0

0101000
+1138 4 -1136 4 *
Ve
1e-07
26.9 152.64 206.9250001
0 0

0101101
*
Ed
 1e-07 1 1 0
1  85 0 0.497840830846136 1.5707963267949
2  92 5 0 0.497840830846136 1.5707963267949
2  93 6 0 0.497840830846136 1.5707963267949
4 G1 5 0 6 0
0

0101000
+1134 4 -979 4 *
Ed
 1e-07 1 1 0
1  86 0 -0 9.1
2  94 5 0 -0 9.1
4 G1 5 0 53 6
0

0101000
+985 4 -979 4 *
Wi

0101100
-1137 0 -980 0 +1133 0 -978 0 +977 0 +983 0 *
Fa
0  1e-07 5 0

0101000
+976 0 *
Wi

0101100
+980 0 -1135 0 *
Fa
0  1e-07 54 0

0101000
+974 0 *
Ve
1e-07
27.6 152.64 207.6250001
0 0

0101101
*
Ed
 1e-07 1 1 0
1  87 0 -0 1.5707963267949
2  95 6 0 -0 1.5707963267949
2  96 55 0 -0 1.5707963267949
4 G1 6 0 55 0
0

0101000
+979 4 -972 4 *
Ve
1e-07
27.95 152.99 207.6250001
0 0

0101101
*
Ed
 1e-07 1 1 0
1  88 0 1.5707963267949 3.14159265358979
2  97 6 0 1.5707963267949 3.14159265358979
2  98 56 0 1.5707963267949 3.14159265358979
4 G1 6 0 56 0
0

0101000
+970 4 -972 4 *
Ed
 1e-07 1 1 0
1  89 0 0.332519670612467 1.5707963267949
2  99 6 0 0.332519670612467 1.5707963267949
4 G1 6 0 57 5
0

0101000
+1132 4 -970 4 *
Wi

0101100
-978 0 -971 0 +969 0 +968 0 -1131 0 *
Fa
0  1e-07 6 0

0101000
+967 0 *
Ve
7.21081432445646e-07
27.95 152.99 208.4750001
0 0

0101101
*
Ve
1e-07
34.6 152.99 208.4750001
0 0

0101101
*
Ed
 1e-07 1 1 0
1  90 0 0.35 7
2  100 58 0 0.35 7
4 G1 57 5 58 0
0

0101000
+965 4 -964 4 *
Ve
1e-07
38.75 152.99 204.3250001
0 0

0101101
*
Ed
 1e-07 1 1 0
1  91 0 -4.44089209850063e-16 1.5707963267949
2  101 59 0 -4.44089209850063e-16 1.5707963267949
4 G1 57 5 59 0
0

0101000
+964 4 -962 4 *
Ve
1e-07
38.75 152.99 179.5250001
0 0

0101101
*
Ed
 1e-07 1 1 0
1  92 0 -0 24.8
2  102 60 0 -0 24.8
4 G1 57 5 60 0
0

0101000
+962 4 -960 4 *
Ve
1e-07
34.6 152.99 175.3750001
0 0

0101101
*
Ed
 1e-07 1 1 0
1  93 0 0 1.5707963267949
2  103 61 0 0 1.5707963267949
4 G1 57 5 61 0
0

0101000
+960 4 -958 4 *
Ve
1.0196940869573e-06
27.95 152.99 175.3750001
0 0

0101101
*
Ed
 1e-07 1 1 0
1  94 0 0 6.65
2  104 62 0 0 6.65
4 G1 57 5 62 0
0

0101000
+958 4 -956 4 *
Ve
1e-07
27.95 152.99 176.2250001
0 0

0101101
*
Ed
 1e-07 1 1 0
1  95 0 -0 0.849999999999998
2  105 63 0 -0 0.849999999999998
4 G1 57 5 63 0
0

0101000
+954 4 -956 4 *
Ve
1.00000010805157e-07
27.2427469979484 152.99 177.21748410259
0 0

0101101
*
Ed
 1e-07 1 1 0
1  96 0 0.332519670612472 1.5707963267949
2  106 64 0 0.332519670612472 1.5707963267949
4 G1 57 5 64 0
0

0101000
+952 4 -954 4 *
Ve
5.00000000397205e-06
29.9242927932823 152.99 178.401683617656
0 0

0101101
*
Ed
 1e-07 1 1 0
1  97 0 4.20183110773891 4.39123568853823
2  75 10 0 4.20183110773891 4.39123568853823
0

0101000
+950 4 -952 4 *
Ve
5.00000000397205e-06
31.0517068108822 152.99 178.016104967933
0 0

0101101
*
Ed
 5e-06 1 1 0
1  98 0 0 1
2  107 9 0 0 1
0

0101000
+950 4 -948 4 *
Ve
5.00000000355271e-06
36.0975702481971 152.99 182.970594620669
0 0

0101101
*
Ed
 1e-07 1 1 0
1  99 0 1.99024319093805 5.88201204619415
2  108 21 0 1.99024319093805 5.88201204619415
0

0101000
+946 4 -948 4 *
Ve
5.00000000366205e-06
35.7326567435655 152.99 184.104865926989
0 0

0101101
*
Ed
 5e-06 1 1 0
1  100 0 0 1
2  109 20 0 0 1
0

0101000
+944 4 -946 4 *
Ve
5.00000000366205e-06
35.7326567435655 152.99 199.745134273011
0 0

0101101
*
Ed
 1e-07 1 1 0
1  101 0 2.6127611777863 3.67042412939329
2  110 19 0 2.6127611777863 3.67042412939329
0

0101000
+942 4 -944 4 *
Ve
5.00000000355271e-06
36.0975702481971 152.99 200.879405579331
0 0

0101101
*
Ed
 5e-06 1 1 0
1  102 0 0 1
2  111 18 0 0 1
0

0101000
+942 4 -940 4 *
Ve
5.00000000355271e-06
31.0517068108822 152.99 205.833895232067
0 0

0101101
*
Ed
 1e-07 1 1 0
1  103 0 0.401173260985434 4.29294211624153
2  112 17 0 0.401173260985434 4.29294211624153
0

0101000
+938 4 -940 4 *
Ed
 5e-06 1 1 0
1  104 0 0 1
2  113 7 0 0 1
0

0101000
+938 4 -1130 4 *
Ed
 1e-07 1 1 0
1  105 0 0 0.849999999999998
2  114 56 0 0 0.849999999999998
4 G1 57 5 56 0
0

0101000
+970 4 -965 4 *
Wi

0101100
-963 0 -961 0 -959 0 -957 0 -955 0 +953 0 +951 0 +949 0 -947 0 +945 0 
+943 0 +941 0 -939 0 +937 0 -936 0 +1129 0 -968 0 -935 0 *
Fa
0  1e-07 57 5

0101000
+934 0 *
Ed
 1e-07 1 1 0
1  106 0 0.199999999999991 13.5
2  115 7 0 0.199999999999991 13.5
2  116 17 0 0.199999999999991 13.5
4 G1 7 0 17 0
0

0101000
+938 4 -1103 4 *
Wi

0101100
-1128 0 -1102 0 +932 0 -936 0 *
Fa
0  1e-07 7 0

0101000
+931 0 *
Ed
 1e-07 1 1 0
1  107 0 0.199999999999991 13.5
2  117 9 0 0.199999999999991 13.5
2  118 21 0 0.199999999999991 13.5
4 G1 9 0 21 0
0

0101000
+948 4 -1125 4 *
Ed
 1e-07 1 1 0
1  108 0 0.199999999999991 13.5
2  119 9 0 0.199999999999991 13.5
2  120 10 0 0.199999999999991 13.5
4 G1 9 0 10 0
0

0101000
+950 4 -1124 4 *
Wi

0101100
-929 0 -1123 0 +928 0 -947 0 *
Fa
0  1e-07 9 0

0101000
+927 0 *
Ve
2.76143415449017e-07
28.45 166.24 177.675789595555
0 0

0101101
*
Ed
 2.76143402245296e-07 1 1 0
1  109 0 0 0.999999964364664
2  121 10 0 0 0.999999964364664
2  122 11 0 0 0.999999964364664
0

0101000
+925 4 -1057 4 *
Ed
 1e-07 1 1 0
1  110 0 1.20000412985996e-05 1
2  123 10 0 1.20000412985996e-05 1
2  124 11 0 1.20000412985996e-05 1
0

0101000
+1122 4 -925 4 *
Ve
1.00000011374234e-07
26.9 152.947515486695 177.107864749333
0 0

0101101
*
Ed
 1e-07 1 1 0
1  111 0 0 1
2  125 10 0 0 1
2  126 64 0 0 1
0

0101000
+952 4 -922 4 *
Ve
1.00000287879439e-07
26.382620296496 152.79 176.958772333983
0 0

0101101
*
Ed
 1e-07 1 1 0
1  112 0 1.04896490723826e-06 0.999997430891082
2  127 10 0 1.04896490723826e-06 0.999997430891082
2  128 65 0 1.04896490723826e-06 0.999997430891082
0

0101000
+922 4 -920 4 *
Ve
1.00000231078354e-07
18.3173797035042 152.79 176.958772333983
0 0

0101101
*
Ed
 1e-07 1 1 0
1  113 0 1.90195429695169 2.42834885575931
2  13 10 0 1.90195429695169 2.42834885575931
0

0101000
+920 4 -918 4 *
Ve
1.0000000814029e-07
17.8 152.947515486695 177.107864749333
0 0

0101101
*
Ed
 1e-07 1 1 0
1  114 0 1.0489649433479e-06 0.999997430891285
2  129 10 0 1.0489649433479e-06 0.999997430891285
2  130 65 0 1.0489649433479e-06 0.999997430891285
0

0101000
+916 4 -918 4 *
Ed
 1e-07 1 1 0
1  115 0 0 1
2  131 10 0 0 1
2  132 44 0 0 1
0

0101000
+1008 4 -916 4 *
Ed
 1e-07 1 1 0
1  116 0 0.199999999999991 13.5
2  133 10 0 0.199999999999991 13.5
2  134 33 0 0.199999999999991 13.5
4 G1 10 0 33 0
0

0101000
+1010 4 -1058 4 *
Wi

0101100
-1056 0 +924 0 +923 0 -1121 0 +928 0 -949 0 -921 0 -919 0 -917 0 +915 0 
+914 0 -1007 0 -913 0 *
Fa
0  1e-07 10 0

0101000
+912 0 *
Ve
1.00000005329071e-07
28.4251543190276 166.79 181.518511739367
0 0

0101101
*
Ve
1.00000002664535e-07
28.45 166.24 181.53305610477
0 0

0101101
*
Ed
 1e-07 1 1 0
1  117 0 1.0934277353317e-06 1
2  135 11 0 1.0934277353317e-06 1
2  136 30 0 1.0934277353317e-06 1
0

0101000
+910 4 -909 4 *
Ve
1.00000002664535e-07
28.45 166.24 178.660385518339
0 0

0101101
*
Ed
 1e-07 1 1 0
1  118 0 0.891943995230154 3.76461458166049
2  137 11 0 0.891943995230154 3.76461458166049
2  138 66 0 0.891943995230154 3.76461458166049
4 CN 11 0 66 0
0

0101000
+909 4 -907 4 *
Ed
 1e-07 1 1 0
1  119 0 1.20000488121749e-05 1
2  139 11 0 1.20000488121749e-05 1
2  140 12 0 1.20000488121749e-05 1
0

0101000
+1120 4 -907 4 *
Ve
1e-07
28.45 166.24 175.9250001
0 0

0101101
*
Ed
 1e-07 1 1 0
1  120 0 4.7492105044455 6.5
3  137 138CN 11 0 4.7492105044455 6.5
0

0101000
+925 4 -904 4 *
Ed
 1e-07 1 1 0
1  121 0 0 6.28318530717959
2  141 11 0 0 6.28318530717959
2  142 67 0 0 6.28318530717959
0

0101000
+904 4 -904 4 *
Ve
1.00000005102197e-07
16.2502049214748 166.19 178.660291282992
0 0

0101101
*
Ed
 1e-07 1 1 0
1  122 0 6.00002447737428e-06 0.999993999975452
2  143 11 0 6.00002447737428e-06 0.999993999975452
2  144 42 0 6.00002447737428e-06 0.999993999975452
0

0101000
+901 4 -1030 4 *
Ve
1.00000008379058e-07
17.2522063596101 162.89 181.006437923596
0 0

0101101
*
Ed
 1e-07 1 1 0
1  123 0 0 1
2  145 11 0 0 1
2  146 68 0 0 1
0

0101000
+899 4 -901 4 *
Ve
1.00000005329071e-07
16.2748456809724 166.79 181.518511739367
0 0

0101101
*
Ed
 1e-07 1 1 0
1  124 0 1.69766144985938e-07 0.999999851599262
2  147 11 0 1.69766144985938e-07 0.999999851599262
2  148 25 0 1.69766144985938e-07 0.999999851599262
0

0101000
+899 4 -897 4 *
Ve
1.00000006217249e-07
16.2748456809724 166.79 181.40288054166
0 0

0101101
*
Ed
 1e-07 1 1 0
1  125 0 0.906488360633476 1.02211955833995
2  149 11 0 0.906488360633476 1.02211955833995
0

0101000
+897 4 -895 4 *
Ve
1.00000001986027e-07
17.2522063596101 169.59 180.896174233209
0 0

0101101
*
Ed
 1e-07 1 1 0
1  126 0 2.03827037334427e-07 0.999999767113194
2  150 11 0 2.03827037334427e-07 0.999999767113194
2  151 24 0 2.03827037334427e-07 0.999999767113194
0

0101000
+895 4 -893 4 *
Ve
1.41143073393839e-07
19.9278654559054 171.838505538991 181.45881052708
0 0

0101101
*
Ed
 1e-07 1 1 0
1  127 0 0 0.706298868024158
2  152 11 0 0 0.706298868024158
2  153 23 0 0 0.706298868024158
0

0101000
+893 4 -891 4 *
Ve
1.00000006040266e-07
20.75 172.126425061105 180.9250001
0 0

0101101
*
Ed
 1e-07 1 1 0
1  128 0 0.282682012217401 1
2  154 11 0 0.282682012217401 1
2  155 69 0 0.282682012217401 1
0

0101000
+891 4 -889 4 *
Ve
1.00000006894118e-07
24.45 171.967128425311 180.9250001
0 0

0101101
*
Ed
 1e-07 1 1 0
1  129 0 4.44698918994138 5.06384191809666
2  156 11 0 4.44698918994138 5.06384191809666
0

0101000
+889 4 -887 4 *
Ve
1.34475455348551e-07
25.1347310252135 171.667271251434 181.24092525
0 0

0101101
*
Ed
 1e-07 1 1 0
1  130 0 0.466941676882988 1
2  157 11 0 0.466941676882988 1
2  158 70 0 0.466941676882988 1
0

0101000
+885 4 -887 4 *
Ve
1.00000004440892e-07
27.4477936403899 169.59 180.896174233209
0 0

0101101
*
Ed
 1e-07 1 1 0
1  131 0 0 0.613148985888592
2  159 11 0 0 0.613148985888592
2  160 22 0 0 0.613148985888592
0

0101000
+883 4 -885 4 *
Ve
1.00000003972055e-07
28.4251543190276 166.79 181.40288054166
0 0

0101101
*
Ed
 1e-07 1 1 0
1  132 0 2.32886846077247e-07 0.999999796173044
2  161 11 0 2.32886846077247e-07 0.999999796173044
2  162 31 0 2.32886846077247e-07 0.999999796173044
0

0101000
+883 4 -881 4 *
Ed
 1e-07 1 1 0
1  133 0 0.90648836063348 1.02211955833995
2  163 11 0 0.90648836063348 1.02211955833995
0

0101000
+910 4 -881 4 *
Wi

0101100
+908 0 +906 0 -905 0 +1119 0 +923 0 +903 0 -902 0 -903 0 +924 0 -1028 0 
-900 0 -898 0 +896 0 +894 0 +892 0 +890 0 +888 0 +886 0 -884 0 -882 0 
+880 0 -879 0 *
Fa
0  1e-07 11 0

0101000
+878 0 *
Ve
1.00000005687117e-07
28.4497950785252 166.19 178.660291282992
0 0

0101101
*
Ve
1.00000003972055e-07
31.1965320153899 166.19 180.310402762999
0 0

0101101
*
Ed
 1e-07 1 1 0
1  134 0 2.00181242271488 2.22172676489806
2  164 12 0 2.00181242271488 2.22172676489806
2  165 29 0 2.00181242271488 2.22172676489806
0

0101000
+876 4 -875 4 *
Ed
 1e-07 1 1 0
1  135 0 0.499999999999998 0.6
2  166 12 0 0.499999999999998 0.6
2  167 13 0 0.499999999999998 0.6
0

0101000
+1118 4 -875 4 *
Ed
 1e-07 1 1 0
1  136 0 0 0.99998799995101
2  168 12 0 0 0.99998799995101
2  169 66 0 0 0.99998799995101
0

0101000
+907 4 -876 4 *
Wi

0101100
-874 0 +873 0 +1117 0 -905 0 -872 0 *
Fa
0  1e-07 12 0

0101000
+871 0 *
Ve
1e-07
31.1 176.84 179.5000001
0 0

0101101
*
Ed
 1e-07 1 1 0
1  137 0 0 6.28318530717959
2  170 13 0 0 6.28318530717959
2  171 71 0 0 6.28318530717959
4 G1 13 0 71 0
0

0101000
+869 4 -869 4 *
Ed
 1e-07 1 1 0
1  138 0 0.45 11
3  172 173CN 13 0 0.45 11
0

0101000
+869 4 -1116 4 *
Ve
1.00000002512148e-07
33.8010091726477 166.19 182.867716350004
0 0

0101101
*
Ed
 1e-07 1 1 0
1  139 0 0 1
2  174 13 0 0 1
2  175 29 0 0 1
0

0101000
+866 4 -875 4 *
Ed
 1e-07 1 1 0
1  140 0 0.499999999999998 0.6
2  176 13 0 0.499999999999998 0.6
2  177 14 0 0.499999999999998 0.6
0

0101000
+1114 4 -866 4 *
Wi

0101100
-868 0 -867 0 -1115 0 -873 0 +865 0 +864 0 -1113 0 +867 0 *
Fa
0  1e-07 13 0

0101000
+863 0 *
Ve
1.00000005329071e-07
33.8010091726477 166.19 200.982283849996
0 0

0101101
*
Ed
 1e-07 1 1 0
1  141 0 2.47238861232891 3.81079669485068
2  164 14 0 2.47238861232891 3.81079669485068
2  165 29 0 2.47238861232891 3.81079669485068
0

0101000
+866 4 -861 4 *
Ed
 1e-07 1 1 0
1  142 0 0.499999999999998 0.6
2  178 14 0 0.499999999999998 0.6
2  179 15 0 0.499999999999998 0.6
0

0101000
+1112 4 -861 4 *
Wi

0101100
-860 0 +859 0 +1111 0 -864 0 *
Fa
0  1e-07 14 0

0101000
+858 0 *
Ve
1e-07
31.1 176.84 204.3500001
0 0

0101101
*
Ed
 1e-07 1 1 0
1  143 0 0 6.28318530717959
2  180 15 0 0 6.28318530717959
2  181 72 0 0 6.28318530717959
4 G1 15 0 72 0
0

0101000
+856 4 -856 4 *
Ed
 1e-07 1 1 0
1  144 0 0.45 11
3  182 183CN 15 0 0.45 11
0

0101000
+856 4 -1110 4 *
Ve
1.00000008881784e-07
31.1965320153899 166.19 203.539597437001
0 0

0101101
*
Ed
 1e-07 1 1 0
1  145 0 0 1
2  184 15 0 0 1
2  185 29 0 0 1
0

0101000
+853 4 -861 4 *
Ed
 1e-07 1 1 0
1  146 0 0.499999999999998 0.6
2  186 15 0 0.499999999999998 0.6
2  187 16 0 0.499999999999998 0.6
0

0101000
+1108 4 -853 4 *
Wi

0101100
-855 0 -854 0 -1109 0 -859 0 +852 0 +851 0 -1107 0 +854 0 *
Fa
0  1e-07 15 0

0101000
+850 0 *
Ed
 1e-07 1 1 0
1  147 0 4.06145854228153 4.28137288446471
2  188 16 0 4.06145854228153 4.28137288446471
2  165 29 0 4.06145854228153 4.28137288446471
0

0101000
+853 4 -1069 4 *
Wi

0101100
+1105 0 -851 0 -848 0 -1068 0 *
Fa
0  1e-07 16 0

0101000
+847 0 *
Ed
 1e-07 1 1 0
1  148 0 0.199999999999991 13.5
2  189 17 0 0.199999999999991 13.5
2  190 18 0 0.199999999999991 13.5
4 G1 17 0 18 0
0

0101000
+940 4 -1101 4 *
Wi

0101100
-1100 0 +932 0 -937 0 -845 0 *
Fa
0  1e-07 17 0

0101000
+844 0 *
Ed
 1e-07 1 1 0
1  149 0 0.199999999999991 13.5
2  191 18 0 0.199999999999991 13.5
2  192 19 0 0.199999999999991 13.5
4 G1 18 0 19 0
0

0101000
+942 4 -1099 4 *
Wi

0101100
-845 0 -1098 0 +842 0 -939 0 *
Fa
0  1e-07 18 0

0101000
+841 0 *
Ed
 1e-07 1 1 0
1  150 0 0.199999999999991 13.5
2  193 19 0 0.199999999999991 13.5
2  194 20 0 0.199999999999991 13.5
4 G1 19 0 20 0
0

0101000
+944 4 -1097 4 *
Wi

0101100
-1096 0 +842 0 -941 0 -839 0 *
Fa
0  1e-07 19 0

0101000
+838 0 *
Ed
 1e-07 1 1 0
1  151 0 0.199999999999991 13.5
2  195 20 0 0.199999999999991 13.5
2  196 21 0 0.199999999999991 13.5
4 G1 20 0 21 0
0

0101000
+946 4 -1095 4 *
Wi

0101100
-836 0 -1094 0 +839 0 -943 0 *
Fa
0  1e-07 20 0

0101000
+835 0 *
Wi

0101100
-1093 0 +836 0 -945 0 -929 0 *
Fa
0  1e-07 21 0

0101000
+833 0 *
Ve
1.000001e-06
25.35 171.927686163375 181.8250001
0 0

0101101
*
Ed
 1e-07 1 1 0
1  152 0 0 0.466938086820099
2  197 22 0 0 0.466938086820099
2  198 73 0 0 0.466938086820099
0

0101000
+831 4 -885 4 *
Ve
1.00000000198603e-06
25.35 172.09 182.753168221907
0 0

0101101
*
Ed
 1e-06 1 1 0
1  153 0 0.282543484065398 1
2  199 22 0 0.282543484065398 1
0

0101000
+831 4 -829 4 *
Ve
1e-06
24.0448451256679 172.09 201.4250001
0 0

0101101
*
Ed
 1e-07 1 1 0
1  154 0 1.88691596947221 4.53584165671652
2  200 22 0 1.88691596947221 4.53584165671652
4 G1 22 0 74 0
0

0101000
+829 4 -827 4 *
Ed
 1e-06 1 1 0
1  155 0 0.994583125591582 1
2  201 22 0 0.994583125591582 1
0

0101000
+1089 4 -827 4 *
Ed
 1e-07 1 1 0
1  156 0 2.00376952698472 4.27941578019486
2  202 22 0 2.00376952698472 4.27941578019486
2  203 31 0 2.00376952698472 4.27941578019486
4 G1 22 0 31 0
0

0101000
+883 4 -1090 4 *
Wi

0101100
-882 0 +830 0 -828 0 -826 0 +825 0 +1088 0 +824 0 *
Fa
0  1e-07 22 0

0101000
+823 0 *
Ed
 1e-07 1 1 0
1  157 0 2.09440976848527 4.18877553869432
2  204 31 0 2.09440976848527 4.18877553869432
0

0101000
+1063 4 -881 4 *
Wi

0101100
-824 0 +1061 0 -821 0 +880 0 *
Fa
0  1e-07 31 0

0101000
+820 0 *
Ed
 1e-07 1 1 0
1  158 0 2.09920788378376 4.18397742339583
2  205 30 0 2.09920788378376 4.18397742339583
0

0101000
+910 4 -1065 4 *
Wi

0101100
+1062 0 +818 0 -879 0 +821 0 *
Fa
0  1e-07 75 0

0101000
+817 0 *
Ve
1.00000007160723e-07
27.4477936403899 162.89 181.006437923596
0 0

0101101
*
Ed
 1e-07 1 1 0
1  159 0 0 0.99999980354567
2  206 30 0 0 0.99999980354567
2  207 66 0 0 0.99999980354567
0

0101000
+909 4 -815 4 *
Ed
 1e-07 1 1 0
1  160 0 2.00760883112245 4.27557647605714
2  208 30 0 2.00760883112245 4.27557647605714
2  209 29 0 2.00760883112245 4.27557647605714
0

0101000
+815 4 -1067 4 *
Wi

0101100
+814 0 +908 0 -818 0 +1064 0 +813 0 *
Fa
0  1e-07 30 0

0101000
+812 0 *
Ed
 1e-07 1 1 0
1  161 0 0 1
2  210 29 0 0 1
2  211 66 0 0 1
0

0101000
+876 4 -815 4 *
Wi

0101100
-852 0 +860 0 -865 0 +874 0 -810 0 -813 0 -1066 0 +848 0 *
Fa
0  1e-07 29 0

0101000
+809 0 *
Ve
1e-07
15 166.24 209.5250001
0 0

0101101
*
Ed
 1e-07 1 1 0
1  162 0 0 6.28318530717959
2  212 28 0 0 6.28318530717959
2  213 76 0 0 6.28318530717959
0

0101000
+807 4 -807 4 *
Ed
 1e-07 1 1 0
1  163 0 0 2.0303940504247
3  214 215CN 28 0 0 2.0303940504247
0

0101000
+1072 4 -807 4 *
Wi

0101100
+1070 0 -806 0 -805 0 +805 0 *
Fa
0  1e-07 28 0

0101000
+804 0 *
Ve
1.00000004351168e-07
16.2502049214748 166.19 205.189708917008
0 0

0101101
*
Ed
 1e-07 1 1 0
1  164 0 0 0.99998799995101
2  216 27 0 0 0.99998799995101
2  217 26 0 0 0.99998799995101
0

0101000
+1077 4 -802 4 *
Ve
1.00000008881784e-07
13.5034679846101 166.19 203.539597437001
0 0

0101101
*
Ed
 1e-07 1 1 0
1  165 0 5.14340507630467 5.36331941848785
2  188 27 0 5.14340507630467 5.36331941848785
2  218 68 0 5.14340507630467 5.36331941848785
0

0101000
+802 4 -800 4 *
Ed
 1e-07 1 1 0
1  166 0 0.499999999999998 0.6
2  219 27 0 0.499999999999998 0.6
2  220 39 0 0.499999999999998 0.6
0

0101000
+1042 4 -800 4 *
Wi

0101100
+1041 0 -1074 0 -801 0 -799 0 +798 0 *
Fa
0  1e-07 27 0

0101000
+797 0 *
Ve
1.00000013203721e-07
17.2522063596101 162.89 202.843562276404
0 0

0101101
*
Ed
 1e-07 1 1 0
1  167 0 0 0.999999803545673
2  221 26 0 0 0.999999803545673
2  222 25 0 0 0.999999803545673
0

0101000
+1079 4 -795 4 *
Ed
 1e-07 1 1 0
1  168 0 0 1
2  223 26 0 0 1
2  224 68 0 0 1
0

0101000
+802 4 -795 4 *
Wi

0101100
+794 0 -793 0 -801 0 -1076 0 *
Fa
0  1e-07 26 0

0101000
+792 0 *
Ed
 1e-07 1 1 0
1  169 0 0 2.26796764493469
2  225 25 0 0 2.26796764493469
2  226 68 0 0 2.26796764493469
0

0101000
+899 4 -795 4 *
Ed
 1e-07 1 1 0
1  170 0 0 2.08476953961207
2  227 25 0 0 2.08476953961207
0

0101000
+1081 4 -897 4 *
Wi

0101100
-790 0 +896 0 -789 0 +1078 0 +794 0 *
Fa
0  1e-07 25 0

0111000
+788 0 *
Ed
 1e-07 1 1 0
1  171 0 0 2.09436577020905
2  228 24 0 0 2.09436577020905
0

0101000
+1083 4 -895 4 *
Wi

0101100
+894 0 -786 0 -1080 0 +789 0 *
Fa
0  1e-07 77 0

0111000
+785 0 *
Ed
 1e-07 1 1 0
1  172 0 0 2.27564625321014
2  229 24 0 0 2.27564625321014
2  230 23 0 0 2.27564625321014
0

0101000
+1085 4 -893 4 *
Wi

0101100
+786 0 +892 0 -783 0 +1082 0 *
Fa
0  1e-07 24 0

0111000
+782 0 *
Ve
1.000001e-06
19.85 171.973331077381 181.8250001
0 0

0101101
*
Ed
 1e-07 1 1 0
1  173 0 0.724604978432744 1
2  231 23 0 0.724604978432744 1
2  232 78 0 0.724604978432744 1
0

0101000
+891 4 -780 4 *
Ve
1.00000000044409e-06
19.85 172.09 182.604458270256
0 0

0101101
*
Ed
 1e-06 1 1 0
1  174 0 0.315712331627038 1
2  233 23 0 0.315712331627038 1
0

0101000
+780 4 -778 4 *
Ve
1.00000000088818e-06
20.6551548743322 172.09 201.4250001
0 0

0101101
*
Ed
 1e-07 1 1 0
1  175 0 0 2.70298886134136
2  234 23 0 0 2.70298886134136
0

0101000
+776 4 -778 4 *
Ed
 1e-06 1 1 0
1  176 0 0.994583125591523 1
2  235 23 0 0.994583125591523 1
0

0101000
+1087 4 -776 4 *
Wi

0101100
+783 0 +890 0 +779 0 +777 0 -775 0 -774 0 -1084 0 *
Fa
0  1e-07 23 0

0111000
+773 0 *
Ed
 1.5e-07 1 1 0
1  177 0 -1.69484512566783 1.69484512566783
0

0101000
+776 4 -827 4 *
Wi

0101100
-1086 0 -774 0 -771 0 +825 0 *
Fa
0  1e-07 79 0

0101000
+770 0 *
Ed
 1e-07 1 1 0
1  178 0 0.199999999999991 13.5
2  236 33 0 0.199999999999991 13.5
2  237 34 0 0.199999999999991 13.5
4 G1 33 0 34 0
0

0101000
+1012 4 -1055 4 *
Wi

0101100
-913 0 -1054 0 +768 0 -1009 0 *
Fa
0  1e-07 33 0

0101000
+767 0 *
Ed
 1e-07 1 1 0
1  179 0 0.199999999999991 13.5
2  238 34 0 0.199999999999991 13.5
2  239 35 0 0.199999999999991 13.5
4 G1 34 0 35 0
0

0101000
+1014 4 -1053 4 *
Wi

0101100
+768 0 -1011 0 -765 0 +1052 0 *
Fa
0  1e-07 34 0

0101000
+764 0 *
Ed
 1e-07 1 1 0
1  180 0 0.199999999999991 13.5
2  240 35 0 0.199999999999991 13.5
2  241 36 0 0.199999999999991 13.5
4 G1 35 0 36 0
0

0101000
+1016 4 -1051 4 *
Wi

0101100
-762 0 -1050 0 +765 0 -1013 0 *
Fa
0  1e-07 35 0

0101000
+761 0 *
Ed
 1e-07 1 1 0
1  181 0 0.199999999999991 13.5
2  242 36 0 0.199999999999991 13.5
2  243 37 0 0.199999999999991 13.5
4 G1 36 0 37 0
0

0101000
+1018 4 -1049 4 *
Wi

0101100
-1048 0 +762 0 -1015 0 -759 0 *
Fa
0  1e-07 36 0

0101000
+758 0 *
Ed
 1e-07 1 1 0
1  182 0 0.199999999999991 13.5
2  244 37 0 0.199999999999991 13.5
2  245 38 0 0.199999999999991 13.5
4 G1 37 0 38 0
0

0101000
+1020 4 -1047 4 *
Wi

0101100
-756 0 -1046 0 +759 0 -1017 0 *
Fa
0  1e-07 37 0

0101000
+755 0 *
Wi

0101100
-1019 0 -1024 0 +1044 0 +756 0 *
Fa
0  1e-07 38 0

0101000
+753 0 *
Ve
1e-07
6.70000000000002 176.84 204.3500001
0 0

0101101
*
Ed
 1e-07 1 1 0
1  183 0 0 6.28318530717959
2  246 39 0 0 6.28318530717959
2  247 80 0 0 6.28318530717959
4 G1 39 0 80 0
0

0101000
+751 4 -751 4 *
Ed
 1e-07 1 1 0
1  184 0 0.45 11
3  248 249CN 39 0 0.45 11
0

0101000
+751 4 -1040 4 *
Ve
1.00000001776357e-07
10.8989908273523 166.19 200.982283849996
0 0

0101101
*
Ed
 1e-07 1 1 0
1  185 0 0 1
2  250 39 0 0 1
2  251 68 0 0 1
0

0101000
+748 4 -800 4 *
Ed
 1e-07 1 1 0
1  186 0 0.499999999999998 0.6
2  252 39 0 0.499999999999998 0.6
2  253 40 0 0.499999999999998 0.6
0

0101000
+1038 4 -748 4 *
Wi

0101100
-750 0 -749 0 -1039 0 -798 0 +747 0 +746 0 -1037 0 +749 0 *
Fa
0  1e-07 39 0

0101000
+745 0 *
Ve
1.00000005024296e-07
10.8989908273523 166.19 182.867716350004
0 0

0101101
*
Ed
 1e-07 1 1 0
1  187 0 0.499999999999998 0.6
2  254 40 0 0.499999999999998 0.6
2  255 41 0 0.499999999999998 0.6
0

0101000
+1036 4 -743 4 *
Ed
 1e-07 1 1 0
1  188 0 0 1.33840808252177
2  256 40 0 0 1.33840808252177
2  257 68 0 0 1.33840808252177
0

0101000
+748 4 -743 4 *
Wi

0101100
+742 0 -741 0 -746 0 +1035 0 *
Fa
0  1e-07 40 0

0111000
+740 0 *
Ve
1e-07
6.70000000000002 176.84 179.5000001
0 0

0101101
*
Ed
 1e-07 1 1 0
1  189 0 0 6.28318530717959
2  258 41 0 0 6.28318530717959
2  259 81 0 0 6.28318530717959
4 G1 41 0 81 0
0

0101000
+738 4 -738 4 *
Ed
 1e-07 1 1 0
1  190 0 0.45 11
3  260 261CN 41 0 0.45 11
0

0101000
+738 4 -1034 4 *
Ve
1.00000004351168e-07
13.5034679846101 166.19 180.310402762999
0 0

0101101
*
Ed
 1e-07 1 1 0
1  191 0 0 1
2  262 41 0 0 1
2  263 68 0 0 1
0

0101000
+735 4 -743 4 *
Ed
 1e-07 1 1 0
1  192 0 0.499999999999998 0.6
2  264 41 0 0.499999999999998 0.6
2  265 42 0 0.499999999999998 0.6
0

0101000
+1032 4 -735 4 *
Wi

0101100
-737 0 -736 0 -1033 0 -742 0 +734 0 +733 0 -1031 0 +736 0 *
Fa
0  1e-07 41 0

0101000
+732 0 *
Ed
 1e-07 1 1 0
1  193 0 0.919865888691734 1.13978023087491
2  164 42 0 0.919865888691734 1.13978023087491
2  266 68 0 0.919865888691734 1.13978023087491
0

0101000
+735 4 -901 4 *
Wi

0101100
-730 0 -900 0 +1029 0 -733 0 *
Fa
0  1e-07 42 0

0101000
+729 0 *
Ve
1e-07
17.1 152.64 176.2250001
0 0

0101101
*
Ed
 1e-07 1 1 0
1  194 0 0 1.5707963267949
2  267 44 0 0 1.5707963267949
2  268 45 0 0 1.5707963267949
4 G1 44 0 45 0
0

0101000
+1006 4 -727 4 *
Ve
1e-07
17.8 152.64 176.9250001
0 0

0101101
*
Ed
 1e-07 1 1 0
1  195 0 0 1.5707963267949
2  269 44 0 0 1.5707963267949
2  270 82 0 0 1.5707963267949
4 G1 44 0 82 0
0

0101000
+727 4 -725 4 *
Ed
 1e-07 1 1 0
1  196 0 2.06863715764105 3.14159265358979
2  271 44 0 2.06863715764105 3.14159265358979
2  272 65 0 2.06863715764105 3.14159265358979
4 G1 44 0 65 0
0

0101000
+916 4 -725 4 *
Wi

0101100
-726 0 -724 0 +723 0 +914 0 +1005 0 *
Fa
0  1e-07 44 0

0101000
+722 0 *
Ve
7.2108142497892e-07
17.1 152.64 175.0250001
0 0

0101101
*
Ed
 4.67221582828229e-07 1 1 0
1  197 0 1.5707963267949 3.14159265358979
2  273 45 0 1.5707963267949 3.14159265358979
2  274 46 0 1.5707963267949 3.14159265358979
0

0101000
+1004 4 -720 4 *
Ed
 1e-07 1 1 0
1  198 0 -0 1.2
2  275 45 0 -0 1.2
4 G1 45 0 83 7
0

0101000
+720 4 -727 4 *
Wi

0101100
+719 0 -1003 0 +718 0 -726 0 *
Fa
0  1e-07 45 0

0101000
+717 0 *
Ve
1e-07
10.1 152.64 175.0250001
0 0

0101101
*
Ed
 1e-07 1 1 0
1  199 0 -0 7
2  276 46 0 -0 7
4 G1 46 0 84 5
0

0101000
+720 4 -715 4 *
Ed
 1e-07 1 1 0
1  200 0 0 1.5707963267949
2  277 46 0 0 1.5707963267949
2  278 47 0 0 1.5707963267949
4 G1 46 0 47 0
0

0101000
+1002 4 -715 4 *
Wi

0101100
+719 0 -1001 0 +714 0 -713 0 *
Fa
0  1e-07 46 0

0101000
+712 0 *
Ve
1e-07
5.60000000000002 152.64 179.5250001
0 0

0101101
*
Ed
 1e-07 1 1 0
1  201 0 -0 1.5707963267949
2  279 47 0 -0 1.5707963267949
2  280 85 0 -0 1.5707963267949
4 G1 47 0 85 0
0

0101000
+715 4 -710 4 *
Ed
 1e-07 1 1 0
1  202 0 4.71238898038469 6.28318530717959
2  281 47 0 4.71238898038469 6.28318530717959
2  282 48 0 4.71238898038469 6.28318530717959
4 G1 47 0 48 0
0

0101000
+1000 4 -710 4 *
Wi

0101100
-713 0 +999 0 -709 0 +708 0 *
Fa
0  1e-07 47 0

0101000
+707 0 *
Ve
1e-07
5.60000000000002 152.64 204.3250001
0 0

0101101
*
Ed
 1e-07 1 1 0
1  203 0 0 24.8
2  283 48 0 0 24.8
4 G1 48 0 86 5
0

0101000
+710 4 -705 4 *
Ed
 1e-07 1 1 0
1  204 0 0 1.5707963267949
2  284 48 0 0 1.5707963267949
2  285 49 0 0 1.5707963267949
4 G1 48 0 49 0
0

0101000
+998 4 -705 4 *
Wi

0101100
+708 0 -997 0 +704 0 -703 0 *
Fa
0  1e-07 48 0

0101000
+702 0 *
Ve
1e-07
10.1 152.64 208.8250001
0 0

0101101
*
Ed
 1e-07 1 1 0
1  205 0 0 1.5707963267949
2  286 49 0 0 1.5707963267949
2  287 87 0 0 1.5707963267949
4 G1 49 0 87 0
0

0101000
+705 4 -700 4 *
Ed
 1e-07 1 1 0
1  206 0 4.71238898038469 6.28318530717959
2  288 49 0 4.71238898038469 6.28318530717959
2  289 50 0 4.71238898038469 6.28318530717959
4 G1 49 0 50 0
0

0101000
+996 4 -700 4 *
Wi

0101100
-703 0 +995 0 -699 0 +698 0 *
Fa
0  1e-07 49 0

0101000
+697 0 *
Ve
1.01969410203018e-06
17.1 152.64 208.8250001
0 0

0101101
*
Ed
 1e-07 1 1 0
1  207 0 -0 7
2  290 50 0 -0 7
4 G1 50 0 88 5
0

0101000
+700 4 -695 4 *
Ed
 4.67221623123817e-07 1 1 0
1  208 0 4.71238898038469 6.28318530717959
2  291 50 0 4.71238898038469 6.28318530717959
2  292 51 0 4.71238898038469 6.28318530717959
0

0101000
+994 4 -695 4 *
Wi

0101100
+698 0 -993 0 +694 0 -693 0 *
Fa
0  1e-07 50 0

0101000
+692 0 *
Ed
 1e-07 1 1 0
1  209 0 0 1.2
2  293 51 0 0 1.2
4 G1 51 0 89 6
0

0101000
+695 4 -987 4 *
Wi

0101100
+693 0 -991 0 +690 0 -986 0 *
Fa
0  1e-07 51 0

0101000
+689 0 *
Ve
1e-07
17.1 151.64 207.6250001
0 0

0101101
*
Ed
 1e-07 1 1 0
1  210 0 1.35 2.35
2  294 52 0 1.35 2.35
4 G1 52 0 89 6
0

0101000
+987 4 -687 4 *
Ve
1e-07
17.8 151.64 206.9250001
0 0

0101101
*
Ed
 1e-07 1 1 0
1  211 0 0 1.5707963267949
2  295 52 0 0 1.5707963267949
2  296 90 0 0 1.5707963267949
4 G1 52 0 90 0
0

0101000
+687 4 -685 4 *
Ed
 1e-07 1 1 0
1  212 0 1.35 2.35
2  297 52 0 1.35 2.35
4 G1 52 0 53 6
0

0101000
+985 4 -685 4 *
Wi

0101100
-686 0 +984 0 -684 0 +683 0 *
Fa
0  1e-07 52 0

0101000
+682 0 *
Ve
1e-07
26.9 151.64 206.9250001
0 0

0101101
*
Ed
 1e-07 1 1 0
1  213 0 -0 9.1
2  298 91 0 -0 9.1
4 G1 53 6 91 0
0

0101000
+685 4 -680 4 *
Ed
 1e-07 1 1 0
1  214 0 1.35 2.35
2  299 55 0 1.35 2.35
4 G1 53 6 55 0
0

0101000
+979 4 -680 4 *
Wi

0101100
-683 0 +977 0 -679 0 +678 0 *
Fa
0  1e-07 53 6

0101000
+677 0 *
Ve
1e-07
27.6 151.64 207.6250001
0 0

0101101
*
Ed
 1e-07 1 1 0
1  215 0 1.35 2.35
2  300 55 0 1.35 2.35
4 G1 55 0 92 6
0

0101000
+972 4 -675 4 *
Ed
 1e-07 1 1 0
1  216 0 -0 1.5707963267949
2  301 55 0 -0 1.5707963267949
2  302 93 0 -0 1.5707963267949
4 G1 55 0 93 0
0

0101000
+680 4 -675 4 *
Wi

0101100
-674 0 -971 0 +673 0 +678 0 *
Fa
0  1e-07 55 0

0101000
+672 0 *
Ve
7.21081432445646e-07
27.6 152.64 208.8250001
0 0

0101101
*
Ed
 1e-07 1 1 0
1  217 0 0 1.2
2  303 56 0 0 1.2
4 G1 56 0 92 6
0

0101000
+972 4 -670 4 *
Ed
 4.6722158459621e-07 1 1 0
1  218 0 3.14159265358979 4.71238898038469
2  304 56 0 3.14159265358979 4.71238898038469
2  305 58 0 3.14159265358979 4.71238898038469
0

0101000
+670 4 -965 4 *
Wi

0101100
+969 0 -935 0 +669 0 +668 0 *
Fa
0  1e-07 56 0

0101000
+667 0 *
Ve
1e-07
34.6 152.64 208.8250001
0 0

0101101
*
Ed
 1e-07 1 1 0
1  219 0 0 7
2  306 58 0 0 7
4 G1 58 0 94 5
0

0101000
+670 4 -665 4 *
Ed
 1e-07 1 1 0
1  220 0 0 1.5707963267949
2  307 58 0 0 1.5707963267949
2  308 59 0 0 1.5707963267949
4 G1 58 0 59 0
0

0101000
+665 4 -964 4 *
Wi

0101100
+668 0 -664 0 +963 0 -663 0 *
Fa
0  1e-07 58 0

0101000
+662 0 *
Ve
1e-07
39.1 152.64 204.3250001
0 0

0101101
*
Ed
 1e-07 1 1 0
1  221 0 -4.44089209850063e-16 1.5707963267949
2  309 59 0 -4.44089209850063e-16 1.5707963267949
2  310 95 0 -4.44089209850063e-16 1.5707963267949
4 G1 59 0 95 0
0

0101000
+665 4 -660 4 *
Ed
 1e-07 1 1 0
1  222 0 0 1.5707963267949
2  311 59 0 0 1.5707963267949
2  312 60 0 0 1.5707963267949
4 G1 59 0 60 0
0

0101000
+660 4 -962 4 *
Wi

0101100
-663 0 +659 0 -961 0 +658 0 *
Fa
0  1e-07 59 0

0101000
+657 0 *
Ve
1e-07
39.1 152.64 179.5250001
0 0

0101101
*
Ed
 1e-07 1 1 0
1  223 0 -0 24.8
2  313 60 0 -0 24.8
4 G1 60 0 96 5
0

0101000
+660 4 -655 4 *
Ed
 1e-07 1 1 0
1  224 0 0 1.5707963267949
2  314 60 0 0 1.5707963267949
2  315 61 0 0 1.5707963267949
4 G1 60 0 61 0
0

0101000
+655 4 -960 4 *
Wi

0101100
+658 0 -654 0 +959 0 -653 0 *
Fa
0  1e-07 60 0

0101000
+652 0 *
Ve
1e-07
34.6 152.64 175.0250001
0 0

0101101
*
Ed
 1e-07 1 1 0
1  225 0 0 1.5707963267949
2  316 61 0 0 1.5707963267949
2  317 97 0 0 1.5707963267949
4 G1 61 0 97 0
0

0101000
+655 4 -650 4 *
Ed
 1e-07 1 1 0
1  226 0 0 1.5707963267949
2  318 61 0 0 1.5707963267949
2  319 62 0 0 1.5707963267949
4 G1 61 0 62 0
0

0101000
+650 4 -958 4 *
Wi

0101100
-653 0 +649 0 -957 0 +648 0 *
Fa
0  1e-07 61 0

0101000
+647 0 *
Ve
1.0196940869573e-06
27.6 152.64 175.0250001
0 0

0101101
*
Ed
 1e-07 1 1 0
1  227 0 0 7
2  320 62 0 0 7
4 G1 62 0 98 5
0

0101000
+650 4 -645 4 *
Ed
 4.67221628659839e-07 1 1 0
1  228 0 0 1.5707963267949
2  321 62 0 0 1.5707963267949
2  322 63 0 0 1.5707963267949
0

0101000
+645 4 -956 4 *
Wi

0101100
+648 0 -644 0 +955 0 -643 0 *
Fa
0  1e-07 62 0

0101000
+642 0 *
Ve
1e-07
27.6 152.64 176.2250001
0 0

0101101
*
Ed
 1e-07 1 1 0
1  229 0 1.5707963267949 3.14159265358979
2  323 63 0 1.5707963267949 3.14159265358979
2  324 64 0 1.5707963267949 3.14159265358979
4 G1 63 0 64 0
0

0101000
+954 4 -640 4 *
Ed
 1e-07 1 1 0
1  230 0 -0 1.2
2  325 63 0 -0 1.2
4 G1 63 0 99 7
0

0101000
+640 4 -645 4 *
Wi

0101100
+639 0 -953 0 +638 0 +643 0 *
Fa
0  1e-07 63 0

0101000
+637 0 *
Ve
1e-07
26.9 152.64 176.9250001
0 0

0101101
*
Ed
 1e-07 1 1 0
1  231 0 0.497840830846136 1.5707963267949
2  326 64 0 0.497840830846136 1.5707963267949
2  327 65 0 0.497840830846136 1.5707963267949
4 G1 64 0 65 0
0

0101000
+922 4 -635 4 *
Ed
 1e-07 1 1 0
1  232 0 -0 1.5707963267949
2  328 64 0 -0 1.5707963267949
2  329 100 0 -0 1.5707963267949
4 G1 64 0 100 0
0

0101000
+635 4 -640 4 *
Wi

0101100
-634 0 -633 0 +639 0 +951 0 -921 0 *
Fa
0  1e-07 64 0

0101000
+632 0 *
Ed
 1e-07 1 1 0
1  233 0 0.517379703504146 8.58262029649597
2  330 65 0 0.517379703504146 8.58262029649597
0

0101000
+918 4 -920 4 *
Ed
 1e-07 1 1 0
1  234 0 -0 9.1
2  331 65 0 -0 9.1
4 G1 65 0 101 7
0

0101000
+725 4 -635 4 *
Wi

0101100
-915 0 -630 0 +919 0 -634 0 +629 0 +723 0 *
Fa
0  1e-07 65 0

0101000
+628 0 *
Wi

0101100
-917 0 -630 0 *
Fa
0  1e-07 102 0

0101000
+626 0 *
Ve
1.000001e-06
24.45 171.552562162092 180.9250001
0 0

0101101
*
Ed
 1.27696971352865e-07 1 1 0
1  235 0 0.466938086820099 1
2  332 70 0 0.466938086820099 1
2  198 73 0 0.466938086820099 1
0

0101000
+885 4 -624 4 *
Ed
 1e-07 1 1 0
1  236 0 0.822871574689461 1.23743783790765
2  333 70 0 0.822871574689461 1.23743783790765
0

0101000
+887 4 -624 4 *
Wi

0101100
-623 0 +622 0 +884 0 *
Fa
0  1e-07 70 0

0101000
+621 0 *
Ve
1.000001e-06
20.75 171.615231714089 180.9250001
0 0

0101101
*
Ed
 1e-07 1 1 0
1  237 0 0.663574938895426 1.17476828591059
2  334 69 0 0.663574938895426 1.17476828591059
0

0101000
+889 4 -619 4 *
Ve
1.00000000888178e-07
24.45 170.84 180.9250001
0 0

0101101
*
Ed
 1e-07 1 1 0
1  238 0 1.23743783790765 1.95
2  335 73 0 1.23743783790765 1.95
0

0101000
+624 4 -617 4 *
Ve
1.00000000444089e-07
20.75 170.84 180.9250001
0 0

0101101
*
Ed
 1e-07 1 1 0
1  239 0 -0 3.7
2  336 104 0 -0 3.7
0

0101000
+615 4 -617 4 *
Ed
 1e-07 1 1 0
1  240 0 1.17476828591059 1.95
2  337 78 0 1.17476828591059 1.95
0

0101000
+619 4 -615 4 *
Wi

0101100
-618 0 +886 0 +622 0 +616 0 -614 0 -613 0 *
Fa
0  1e-07 103 0

0101000
+612 0 *
Ed
 1.37918312415936e-07 1 1 0
1  241 0 0 0.724604978432744
2  338 69 0 0 0.724604978432744
2  232 78 0 0 0.724604978432744
0

0101000
+619 4 -891 4 *
Wi

0101100
+610 0 +618 0 +888 0 *
Fa
0  1e-07 69 0

0101000
+609 0 *
Wi

0101100
+790 0 -793 0 +799 0 -747 0 +741 0 -734 0 +730 0 -898 0 *
Fa
0  1e-07 68 0

0111000
+607 0 *
Ve
1e-07
29.7 166.24 174.3250001
0 0

0101101
*
Ed
 1e-07 1 1 0
1  242 0 0 6.28318530717959
2  339 67 0 0 6.28318530717959
2  340 105 0 0 6.28318530717959
0

0101000
+605 4 -605 4 *
Ed
 1e-07 1 1 0
1  243 0 0 2.0303940504247
3  341 342CN 67 0 0 2.0303940504247
0

0101000
+904 4 -605 4 *
Wi

0101100
+902 0 -604 0 -603 0 +603 0 *
Fa
0  1e-07 67 0

0101000
+602 0 *
Wi

0101100
+814 0 -810 0 -872 0 -906 0 *
Fa
0  1e-07 66 0

0101000
+600 0 *
Ve
1e-07
31.55 177.29 179.5000001
0 0

0101101
*
Ed
 1e-07 1 1 0
1  244 0 0 1.5707963267949
3  343 344CN 71 0 0 1.5707963267949
0

0101000
+869 4 -598 4 *
Ed
 1e-07 1 1 0
1  245 0 0 6.28318530717959
2  345 71 0 0 6.28318530717959
4 G1 71 0 106 0
0

0101000
+598 4 -598 4 *
Wi

0101100
-597 0 +868 0 -596 0 +597 0 *
Fa
0  1e-07 71 0

0101000
+595 0 *
Ve
1e-07
31.55 177.29 204.3500001
0 0

0101101
*
Ed
 1e-07 1 1 0
1  246 0 0 1.5707963267949
3  346 347CN 72 0 0 1.5707963267949
0

0101000
+856 4 -593 4 *
Ed
 1e-07 1 1 0
1  247 0 0 6.28318530717959
2  348 72 0 0 6.28318530717959
4 G1 72 0 107 0
0

0101000
+593 4 -593 4 *
Wi

0101100
-592 0 +855 0 -591 0 +592 0 *
Fa
0  1e-07 72 0

0101000
+590 0 *
Ve
1.00000000444089e-07
25.35 170.84 181.8250001
0 0

0101101
*
Ed
 1.00000000444089e-07 1 1 0
1  248 0 0 1.5707963267949
2  349 73 0 0 1.5707963267949
2  350 108 0 0 1.5707963267949
4 G1 73 0 108 0
0

0101000
+617 4 -588 4 *
Ed
 1e-07 1 1 0
1  249 0 0 1.08768616337479
2  351 73 0 0 1.08768616337479
0

0101000
+588 4 -831 4 *
Wi

0101100
+830 0 +623 0 +616 0 +587 0 +586 0 *
Fa
0  1e-07 73 0

0111000
+585 0 *
Ve
1.5e-07
25.35 172.09 185.2250001
0 0

0101101
*
Ve
1e-07
25.35 170.84 185.2250001
0 0

0101101
*
Ed
 1e-07 1 1 0
1  250 0 0.699999999999999 1.95
2  352 110 0 0.699999999999999 1.95
0

0101000
+583 4 -582 4 *
Ed
 1.5e-07 1 1 0
1  251 0 3.8 6.27183187809284
0

0101000
+583 4 -829 4 *
Ed
 1e-07 1 1 0
1  252 0 0 3.4
2  353 111 0 0 3.4
0

0101000
+588 4 -582 4 *
Wi

0101100
-581 0 +580 0 -828 0 -586 0 +579 0 *
Fa
0  1e-07 109 0

0111000
+578 0 *
Ve
1.5e-07
19.85 172.09 185.2250001
0 0

0101101
*
Ed
 1.5e-07 1 1 0
1  253 0 3.8 6.42054182974359
0

0101000
+576 4 -778 4 *
Ve
1.50000000444089e-07
20.75 172.09 186.1250001
0 0

0101101
*
Ed
 1e-07 1 1 0
1  254 0 4.71238898038469 6.28318530717959
2  354 112 0 4.71238898038469 6.28318530717959
0

0101000
+574 4 -576 4 *
Ve
1.5e-07
24.45 172.09 186.1250001
0 0

0101101
*
Ed
 1.5e-07 1 1 0
1  255 0 -3.1 0.6
0

0101000
+574 4 -572 4 *
Ed
 1e-07 1 1 0
1  256 0 0 1.5707963267949
2  355 110 0 0 1.5707963267949
0

0101000
+583 4 -572 4 *
Wi

0101100
+580 0 +826 0 -771 0 +775 0 -575 0 -573 0 +571 0 -570 0 *
Fa
0  1e-07 74 0

0111000
+569 0 *
Ve
1e-07
14.75 166.24 210.3250001
0 0

0101101
*
Ed
 1e-07 1 1 0
1  257 0 0 6.28318530717959
2  356 76 0 0 6.28318530717959
2  357 113 0 0 6.28318530717959
0

0101000
+567 4 -567 4 *
Ed
 1e-07 1 1 0
1  258 0 0 0.838152730712008
3  358 359CN 76 0 0 0.838152730712008
0

0101000
+807 4 -567 4 *
Wi

0101100
+806 0 -566 0 -565 0 +565 0 *
Fa
0  1e-07 76 0

0101000
+564 0 *
Ve
1e-07
7.15000000000002 177.29 204.3500001
0 0

0101101
*
Ed
 1e-07 1 1 0
1  259 0 0 1.5707963267949
3  360 361CN 80 0 0 1.5707963267949
0

0101000
+751 4 -562 4 *
Ed
 1e-07 1 1 0
1  260 0 0 6.28318530717959
2  362 80 0 0 6.28318530717959
4 G1 80 0 114 0
0

0101000
+562 4 -562 4 *
Wi

0101100
-561 0 +750 0 -560 0 +561 0 *
Fa
0  1e-07 80 0

0101000
+559 0 *
Ve
1e-07
7.15000000000002 177.29 179.5000001
0 0

0101101
*
Ed
 1e-07 1 1 0
1  261 0 0 1.5707963267949
3  363 364CN 81 0 0 1.5707963267949
0

0101000
+738 4 -557 4 *
Ed
 1e-07 1 1 0
1  262 0 0 6.28318530717959
2  365 81 0 0 6.28318530717959
4 G1 81 0 115 0
0

0101000
+557 4 -557 4 *
Wi

0101100
-556 0 +737 0 -555 0 +556 0 *
Fa
0  1e-07 81 0

0101000
+554 0 *
Ve
1e-07
17.1 151.64 176.2250001
0 0

0101101
*
Ed
 1e-07 1 1 0
1  263 0 1.35 2.35
2  366 82 0 1.35 2.35
4 G1 82 0 83 7
0

0101000
+727 4 -552 4 *
Ve
1e-07
17.8 151.64 176.9250001
0 0

0101101
*
Ed
 1e-07 1 1 0
1  264 0 0 1.5707963267949
2  367 82 0 0 1.5707963267949
2  368 116 0 0 1.5707963267949
4 G1 82 0 116 0
0

0101000
+552 4 -550 4 *
Ed
 1e-07 1 1 0
1  265 0 1.35 2.35
2  369 82 0 1.35 2.35
4 G1 82 0 101 7
0

0101000
+725 4 -550 4 *
Wi

0101100
-551 0 +724 0 -549 0 +548 0 *
Fa
0  1e-07 82 0

0101000
+547 0 *
Ve
7.21081446262767e-07
17.1 151.64 175.0250001
0 0

0101101
*
Ed
 1.5e-07 1 1 0
1  266 0 -1.85 -0.850000000000001
0

0101000
+545 4 -720 4 *
Ed
 1e-07 1 1 0
1  267 0 -0 1.2
2  370 117 0 -0 1.2
4 G1 83 7 117 0
0

0101000
+545 4 -552 4 *
Wi

0101100
-544 0 +543 0 -718 0 -551 0 *
Fa
0  1e-07 83 7

0101000
+542 0 *
Ve
1e-07
10.1 151.64 175.0250001
0 0

0101101
*
Ed
 1e-07 1 1 0
1  268 0 0.350000000000001 1.35
2  371 85 0 0.350000000000001 1.35
4 G1 84 5 85 0
0

0101000
+715 4 -540 4 *
Ed
 1e-07 1 1 0
1  269 0 -0 7
2  372 118 0 -0 7
4 G1 84 5 118 0
0

0101000
+545 4 -540 4 *
Wi

0101100
-539 0 -714 0 +538 0 -544 0 *
Fa
0  1e-07 84 5

0101000
+537 0 *
Ve
1e-07
5.60000000000002 151.64 179.5250001
0 0

0101101
*
Ed
 1e-07 1 1 0
1  270 0 0.350000000000001 1.35
2  373 85 0 0.350000000000001 1.35
4 G1 85 0 86 5
0

0101000
+710 4 -535 4 *
Ed
 1e-07 1 1 0
1  271 0 -0 1.5707963267949
2  374 85 0 -0 1.5707963267949
2  375 119 0 -0 1.5707963267949
4 G1 85 0 119 0
0

0101000
+540 4 -535 4 *
Wi

0101100
-534 0 -709 0 +533 0 +539 0 *
Fa
0  1e-07 85 0

0101000
+532 0 *
Ve
1e-07
5.60000000000002 151.64 204.3250001
0 0

0101101
*
Ed
 1e-07 1 1 0
1  272 0 0.350000000000001 1.35
2  376 87 0 0.350000000000001 1.35
4 G1 86 5 87 0
0

0101000
+705 4 -530 4 *
Ed
 1e-07 1 1 0
1  273 0 0 24.8
2  377 120 0 0 24.8
4 G1 86 5 120 0
0

0101000
+535 4 -530 4 *
Wi

0101100
-529 0 -704 0 +528 0 +534 0 *
Fa
0  1e-07 86 0

0101000
+527 8 *
Ve
1e-07
10.1 151.64 208.8250001
0 0

0101101
*
Ed
 1e-07 1 1 0
1  274 0 0 1.5707963267949
2  378 87 0 0 1.5707963267949
2  379 121 0 0 1.5707963267949
4 G1 87 0 121 0
0

0101000
+530 4 -525 4 *
Ed
 1e-07 1 1 0
1  275 0 0.350000000000001 1.35
2  380 87 0 0.350000000000001 1.35
4 G1 87 0 88 5
0

0101000
+700 4 -525 4 *
Wi

0101100
-529 0 +699 0 -524 0 +523 0 *
Fa
0  1e-07 87 0

0101000
+522 0 *
Ve
1.01969410203018e-06
17.1 151.64 208.8250001
0 0

0101101
*
Ed
 1e-07 1 1 0
1  276 0 -0 7
2  381 122 0 -0 7
4 G1 88 5 122 0
0

0101000
+525 4 -520 4 *
Ed
 1.5e-07 1 1 0
1  277 0 -1.85 -0.850000000000001
0

0101000
+520 4 -695 4 *
Wi

0101100
-523 0 +694 0 -519 0 -518 0 *
Fa
0  1e-07 88 5

0101000
+517 0 *
Ed
 1e-07 1 1 0
1  278 0 0 1.2
2  382 123 0 0 1.2
4 G1 89 6 123 0
0

0101000
+520 4 -687 4 *
Wi

0101100
+686 0 +690 0 -515 0 +518 0 *
Fa
0  1e-07 89 6

0101000
+514 0 *
Ve
1e-07
16.75 151.29 207.6250001
0 0

0101101
*
Ed
 1e-07 1 1 0
1  279 0 0 1.5707963267949
2  383 90 0 0 1.5707963267949
2  384 123 0 0 1.5707963267949
4 G1 90 0 123 0
0

0101000
+512 4 -687 4 *
Ve
1e-07
17.8 151.29 206.5750001
0 0

0101101
*
Ed
 1e-07 1 1 0
1  280 0 0 1.5707963267949
2  385 90 0 0 1.5707963267949
4 G1 90 0 124 5
0

0101000
+512 4 -510 4 *
Ed
 1e-07 1 1 0
1  281 0 1.5707963267949 3.14159265358979
2  386 90 0 1.5707963267949 3.14159265358979
2  387 91 0 1.5707963267949 3.14159265358979
4 G1 90 0 91 0
0

0101000
+510 4 -685 4 *
Wi

0101100
-511 0 +509 0 -684 0 +508 0 *
Fa
0  1e-07 90 0

0101000
+507 0 *
Ve
1e-07
26.9 151.29 206.5750001
0 0

0101101
*
Ed
 1e-07 1 1 0
1  282 0 -0 9.1
2  388 91 0 -0 9.1
4 G1 91 0 124 5
0

0101000
+510 4 -505 4 *
Ed
 1e-07 1 1 0
1  283 0 0 1.5707963267949
2  389 91 0 0 1.5707963267949
2  390 93 0 0 1.5707963267949
4 G1 91 0 93 0
0

0101000
+505 4 -680 4 *
Wi

0101100
+508 0 -504 0 +679 0 -503 0 *
Fa
0  1e-07 91 0

0101000
+502 0 *
Ve
7.21081406948311e-07
27.6 151.64 208.8250001
0 0

0101101
*
Ed
 1e-07 1 1 0
1  284 0 0 1.2
2  391 125 0 0 1.2
4 G1 92 6 125 0
0

0101000
+675 4 -500 4 *
Ed
 1.5e-07 1 1 0
1  285 0 -1.85 -0.850000000000001
0

0101000
+500 4 -670 4 *
Wi

0101100
+674 0 -669 0 +499 0 +498 0 *
Fa
0  1e-07 92 6

0101000
+497 0 *
Ve
1e-07
27.95 151.29 207.6250001
0 0

0101101
*
Ed
 1e-07 1 1 0
1  286 0 -0 1.5707963267949
2  392 93 0 -0 1.5707963267949
4 G1 93 0 124 5
0

0101000
+505 4 -495 4 *
Ed
 1e-07 1 1 0
1  287 0 1.5707963267949 3.14159265358979
2  393 93 0 1.5707963267949 3.14159265358979
2  394 125 0 1.5707963267949 3.14159265358979
4 G1 93 0 125 0
0

0101000
+495 4 -675 4 *
Wi

0101100
-503 0 +494 0 -673 0 +493 0 *
Fa
0  1e-07 93 0

0101000
+492 0 *
Ve
1e-07
34.6 151.64 208.8250001
0 0

0101101
*
Ed
 1e-07 1 1 0
1  288 0 0 7
2  395 126 0 0 7
4 G1 94 5 126 0
0

0101000
+500 4 -490 4 *
Ed
 1e-07 1 1 0
1  289 0 0.350000000000001 1.35
2  396 95 0 0.350000000000001 1.35
4 G1 94 5 95 0
0

0101000
+665 4 -490 4 *
Wi

0101100
+498 0 -489 0 +664 0 +488 0 *
Fa
0  1e-07 94 5

0101000
+487 0 *
Ve
1e-07
39.1 151.64 204.3250001
0 0

0101101
*
Ed
 1e-07 1 1 0
1  290 0 0.350000000000001 1.35
2  397 95 0 0.350000000000001 1.35
4 G1 95 0 96 5
0

0101000
+660 4 -485 4 *
Ed
 1e-07 1 1 0
1  291 0 -4.44089209850063e-16 1.5707963267949
2  398 95 0 -4.44089209850063e-16 1.5707963267949
2  399 127 0 -4.44089209850063e-16 1.5707963267949
4 G1 95 0 127 0
0

0101000
+490 4 -485 4 *
Wi

0101100
-484 0 -659 0 +483 0 +488 0 *
Fa
0  1e-07 95 0

0101000
+482 0 *
Ve
1e-07
39.1 151.64 179.5250001
0 0

0101101
*
Ed
 1e-07 1 1 0
1  292 0 -0 24.8
2  400 128 0 -0 24.8
4 G1 96 5 128 0
0

0101000
+485 4 -480 4 *
Ed
 1e-07 1 1 0
1  293 0 0.350000000000001 1.35
2  401 97 0 0.350000000000001 1.35
4 G1 96 5 97 0
0

0101000
+655 4 -480 4 *
Wi

0101100
-484 0 +654 0 -479 0 +478 0 *
Fa
0  1e-07 96 0

0101000
+477 8 *
Ve
1e-07
34.6 151.64 175.0250001
0 0

0101101
*
Ed
 1e-07 1 1 0
1  294 0 0 1.5707963267949
2  402 97 0 0 1.5707963267949
2  403 129 0 0 1.5707963267949
4 G1 97 0 129 0
0

0101000
+480 4 -475 4 *
Ed
 1e-07 1 1 0
1  295 0 0.350000000000001 1.35
2  404 97 0 0.350000000000001 1.35
4 G1 97 0 98 5
0

0101000
+650 4 -475 4 *
Wi

0101100
-478 0 +649 0 -474 0 +473 0 *
Fa
0  1e-07 97 0

0101000
+472 0 *
Ve
1.01969409072552e-06
27.6 151.64 175.0250001
0 0

0101101
*
Ed
 1.5e-07 1 1 0
1  296 0 -1.85 -0.850000000000001
0

0101000
+470 4 -645 4 *
Ed
 1e-07 1 1 0
1  297 0 0 7
2  405 130 0 0 7
4 G1 98 5 130 0
0

0101000
+475 4 -470 4 *
Wi

0101100
+469 0 +468 0 -644 0 +473 0 *
Fa
0  1e-07 98 5

0101000
+467 0 *
Ve
1e-07
27.6 151.64 176.2250001
0 0

0101101
*
Ed
 1e-07 1 1 0
1  298 0 -0 1.2
2  406 131 0 -0 1.2
4 G1 99 7 131 0
0

0101000
+465 4 -470 4 *
Ed
 1e-07 1 1 0
1  299 0 1.35 2.35
2  407 100 0 1.35 2.35
4 G1 99 7 100 0
0

0101000
+640 4 -465 4 *
Wi

0101100
-469 0 -464 0 +638 0 -463 0 *
Fa
0  1e-07 99 7

0101000
+462 0 *
Ve
1e-07
26.9 151.64 176.9250001
0 0

0101101
*
Ed
 1e-07 1 1 0
1  300 0 -0 1.5707963267949
2  408 100 0 -0 1.5707963267949
2  409 132 0 -0 1.5707963267949
4 G1 100 0 132 0
0

0101000
+460 4 -465 4 *
Ed
 1e-07 1 1 0
1  301 0 1.35 2.35
2  410 100 0 1.35 2.35
4 G1 100 0 101 7
0

0101000
+635 4 -460 4 *
Wi

0101100
-463 0 -633 0 +459 0 +458 0 *
Fa
0  1e-07 100 0

0101000
+457 0 *
Ed
 1e-07 1 1 0
1  302 0 -0 9.1
2  411 133 0 -0 9.1
4 G1 101 7 133 0
0

0101000
+550 4 -460 4 *
Wi

0101100
-548 0 +629 0 -455 0 +458 0 *
Fa
0  1e-07 101 7

0101000
+454 0 *
Ve
1.00000000444089e-07
19.85 170.84 181.8250001
0 0

0101101
*
Ed
 1e-07 1 1 0
1  303 0 0 1.133331077381
2  412 78 0 0 1.133331077381
0

0101000
+780 4 -452 4 *
Ed
 1.00000000444089e-07 1 1 0
1  304 0 0 1.5707963267949
2  413 78 0 0 1.5707963267949
2  414 134 0 0 1.5707963267949
4 G1 78 0 134 0
0

0101000
+452 4 -615 4 *
Wi

0101100
-451 0 -779 0 -610 0 +613 0 -450 0 *
Fa
0  1e-07 78 0

0111000
+449 0 *
Ve
1e-07
19.85 170.84 185.2250001
0 0

0101101
*
Ed
 1e-07 1 1 0
1  305 0 0.699999999999999 1.95
2  415 112 0 0.699999999999999 1.95
0

0101000
+576 4 -447 4 *
Ed
 1e-07 1 1 0
1  306 0 0 3.4
2  416 136 0 0 3.4
0

0101000
+447 4 -452 4 *
Wi

0101100
-446 0 +575 0 -777 0 +451 0 -445 0 *
Fa
0  1e-07 135 0

0111000
+444 0 *
Ve
1e-07
29.95 166.24 173.5250001
0 0

0101101
*
Ed
 1e-07 1 1 0
1  307 0 0 6.28318530717959
2  417 105 0 0 6.28318530717959
2  418 137 0 0 6.28318530717959
0

0101000
+442 4 -442 4 *
Ed
 1e-07 1 1 0
1  308 0 0 0.838152730712008
3  419 420CN 105 0 0 0.838152730712008
0

0101000
+605 4 -442 4 *
Wi

0101100
+604 0 -441 0 -440 0 +440 0 *
Fa
0  1e-07 105 0

0101000
+439 0 *
Wi

0101100
+596 0 *
Ve
1e-07
32.95 177.29 179.5000001
0 0

0101101
*
Ed
 1e-07 1 1 0
1  309 0 0 6.28318530717959
2  421 138 0 0 6.28318530717959
0

0101100
+436 4 -436 4 *
Wi

0101100
+435 0 *
Fa
0  1e-07 106 0

0101000
+437 0 +434 0 *
Wi

0101100
+591 0 *
Ve
1e-07
32.95 177.29 204.3500001
0 0

0101101
*
Ed
 1e-07 1 1 0
1  310 0 0 6.28318530717959
2  422 139 0 0 6.28318530717959
0

0101100
+431 4 -431 4 *
Wi

0101100
+430 0 *
Fa
0  1e-07 107 0

0101000
+432 0 +429 0 *
Ve
1e-07
24.45 170.84 186.1250001
0 0

0101101
*
Ed
 1e-07 1 1 0
1  311 0 0 1.5707963267949
2  423 110 0 0 1.5707963267949
2  424 140 0 0 1.5707963267949
4 G1 110 0 140 0
0

0101000
+582 4 -427 4 *
Ed
 1e-07 1 1 0
1  312 0 0.699999999999999 1.95
2  425 110 0 0.699999999999999 1.95
4 G1 110 0 141 9
0

0101000
+572 4 -427 4 *
Wi

0101100
-581 0 -426 0 +425 0 +570 0 *
Fa
0  1e-07 110 0

0101000
+424 0 *
Ve
1.00000001332268e-07
24.9 170.39 181.8250001
0 0

0101101
*
Ve
1e-07
24.9 170.39 185.2250001
0 0

0101101
*
Ed
 1e-07 1 1 0
1  313 0 0 3.4
2  426 111 0 0 3.4
0

0101000
+422 4 -421 4 *
Ed
 1.00000000444089e-07 1 1 0
1  314 0 4.71238898038469 6.28318530717959
2  427 111 0 4.71238898038469 6.28318530717959
2  428 108 0 4.71238898038469 6.28318530717959
4 G1 111 0 108 0
0

0101000
+422 4 -588 4 *
Ed
 1e-07 1 1 0
1  315 0 0 1.5707963267949
2  429 111 0 0 1.5707963267949
2  430 140 0 0 1.5707963267949
4 G1 111 0 140 0
0

0101000
+421 4 -582 4 *
Wi

0101100
-420 0 +419 0 +579 0 -418 0 *
Fa
0  1e-07 111 0

0111000
+417 0 *
Ve
1e-07
20.75 170.84 186.1250001
0 0

0101101
*
Ed
 1e-07 1 1 0
1  316 0 0.699999999999999 1.95
2  431 112 0 0.699999999999999 1.95
4 G1 141 9 112 0
0

0101000
+574 4 -415 4 *
Ed
 1e-07 1 1 0
1  317 0 0 3.7
2  432 142 0 0 3.7
4 G1 141 9 142 0
0

0101000
+427 4 -415 4 *
Wi

0101100
+571 0 -414 0 +413 0 +425 0 *
Fa
0  1e-07 141 9

0101000
+412 0 *
Ed
 1e-07 1 1 0
1  318 0 -2.22044604925031e-16 1.5707963267949
2  433 112 0 -2.22044604925031e-16 1.5707963267949
2  434 143 0 -2.22044604925031e-16 1.5707963267949
4 G1 112 0 143 0
0

0101000
+415 4 -447 4 *
Wi

0101100
-446 0 +410 0 +414 0 -573 0 *
Fa
0  1e-07 112 0

0101000
+409 0 *
Ve
1e-07
14.75 166.24 217.7250001
0 0

0101101
*
Ed
 1e-07 1 1 0
1  319 0 0 6.28318530717959
2  435 113 0 0 6.28318530717959
2  436 144 0 0 6.28318530717959
0

0101000
+407 4 -407 4 *
Ed
 1e-07 1 1 0
1  320 0 0 7.4
3  437 438CN 113 0 0 7.4
0

0101000
+567 4 -407 4 *
Wi

0101100
+566 0 -406 0 -405 0 +405 0 *
Fa
0  1e-07 113 0

0101000
+404 0 *
Wi

0101100
+560 0 *
Ve
1e-07
8.55000000000002 177.29 204.3500001
0 0

0101101
*
Ed
 1e-07 1 1 0
1  321 0 0 6.28318530717959
2  439 145 0 0 6.28318530717959
0

0101100
+401 4 -401 4 *
Wi

0101100
+400 0 *
Fa
0  1e-07 114 0

0101000
+402 0 +399 0 *
Wi

0101100
+555 0 *
Ve
1e-07
8.55000000000002 177.29 179.5000001
0 0

0101101
*
Ed
 1e-07 1 1 0
1  322 0 0 6.28318530717959
2  440 146 0 0 6.28318530717959
0

0101100
+396 4 -396 4 *
Wi

0101100
+395 0 *
Fa
0  1e-07 115 0

0101000
+397 0 +394 0 *
Ve
1e-07
16.75 151.29 176.2250001
0 0

0101101
*
Ed
 1e-07 1 1 0
1  323 0 0 1.5707963267949
2  441 116 0 0 1.5707963267949
2  442 117 0 0 1.5707963267949
4 G1 116 0 117 0
0

0101000
+392 4 -552 4 *
Ve
1e-07
17.8 151.29 177.2750001
0 0

0101101
*
Ed
 1e-07 1 1 0
1  324 0 0 1.5707963267949
2  443 116 0 0 1.5707963267949
4 G1 116 0 124 5
0

0101000
+392 4 -390 4 *
Ed
 1e-07 1 1 0
1  325 0 1.5707963267949 3.14159265358979
2  444 116 0 1.5707963267949 3.14159265358979
2  445 133 0 1.5707963267949 3.14159265358979
4 G1 116 0 133 0
0

0101000
+390 4 -550 4 *
Wi

0101100
-391 0 +389 0 -549 0 +388 0 *
Fa
0  1e-07 116 0

0101000
+387 0 *
Ve
7.21081446262767e-07
16.75 151.29 175.3750001
0 0

0101101
*
Ed
 4.6722158275087e-07 1 1 0
1  326 0 1.5707963267949 3.14159265358979
2  446 117 0 1.5707963267949 3.14159265358979
2  447 118 0 1.5707963267949 3.14159265358979
0

0101000
+385 4 -545 4 *
Ed
 1e-07 1 1 0
1  327 0 0.350000000000001 1.2
2  448 117 0 0.350000000000001 1.2
4 G1 117 0 124 5
0

0101000
+385 4 -392 4 *
Wi

0101100
+384 0 -383 0 +543 0 -391 0 *
Fa
0  1e-07 117 0

0101000
+382 0 *
Ve
1e-07
10.1 151.29 175.3750001
0 0

0101101
*
Ed
 1e-07 1 1 0
1  328 0 0.35 7
2  449 118 0 0.35 7
4 G1 118 0 124 5
0

0101000
+385 4 -380 4 *
Ed
 1e-07 1 1 0
1  329 0 0 1.5707963267949
2  450 118 0 0 1.5707963267949
2  451 119 0 0 1.5707963267949
4 G1 118 0 119 0
0

0101000
+380 4 -540 4 *
Wi

0101100
+384 0 -379 0 +538 0 -378 0 *
Fa
0  1e-07 118 0

0101000
+377 0 *
Ve
1e-07
5.95000000000002 151.29 179.5250001
0 0

0101101
*
Ed
 1e-07 1 1 0
1  330 0 -0 1.5707963267949
2  452 119 0 -0 1.5707963267949
4 G1 119 0 124 5
0

0101000
+380 4 -375 4 *
Ed
 1e-07 1 1 0
1  331 0 4.71238898038469 6.28318530717959
2  453 119 0 4.71238898038469 6.28318530717959
2  454 120 0 4.71238898038469 6.28318530717959
4 G1 119 0 120 0
0

0101000
+375 4 -535 4 *
Wi

0101100
-378 0 +374 0 -533 0 +373 0 *
Fa
0  1e-07 119 0

0101000
+372 0 *
Ve
1e-07
5.95000000000002 151.29 204.3250001
0 0

0101101
*
Ed
 1e-07 1 1 0
1  332 0 0 24.8
2  455 120 0 0 24.8
4 G1 120 0 124 5
0

0101000
+375 4 -370 4 *
Ed
 1e-07 1 1 0
1  333 0 0 1.5707963267949
2  456 120 0 0 1.5707963267949
2  457 121 0 0 1.5707963267949
4 G1 120 0 121 0
0

0101000
+370 4 -530 4 *
Wi

0101100
+373 0 -369 0 +528 0 -368 0 *
Fa
0  1e-07 120 0

0101000
+367 0 *
Ve
1e-07
10.1 151.29 208.4750001
0 0

0101101
*
Ed
 1e-07 1 1 0
1  334 0 0 1.5707963267949
2  458 121 0 0 1.5707963267949
4 G1 121 0 124 5
0

0101000
+370 4 -365 4 *
Ed
 1e-07 1 1 0
1  335 0 4.71238898038469 6.28318530717959
2  459 121 0 4.71238898038469 6.28318530717959
2  460 122 0 4.71238898038469 6.28318530717959
4 G1 121 0 122 0
0

0101000
+365 4 -525 4 *
Wi

0101100
-368 0 +364 0 -524 0 +363 0 *
Fa
0  1e-07 121 0

0101000
+362 0 *
Ve
1.01969410203018e-06
16.75 151.29 208.4750001
0 0

0101101
*
Ed
 1e-07 1 1 0
1  336 0 -0 6.65
2  461 122 0 -0 6.65
4 G1 122 0 124 5
0

0101000
+365 4 -360 4 *
Ed
 4.67221628214162e-07 1 1 0
1  337 0 4.71238898038469 6.28318530717959
2  462 122 0 4.71238898038469 6.28318530717959
2  463 123 0 4.71238898038469 6.28318530717959
0

0101000
+360 4 -520 4 *
Wi

0101100
+363 0 -359 0 +519 0 -358 0 *
Fa
0  1e-07 122 0

0101000
+357 0 *
Ed
 1e-07 1 1 0
1  338 0 0.350000000000001 1.2
2  464 123 0 0.350000000000001 1.2
4 G1 123 0 124 5
0

0101000
+360 4 -512 4 *
Wi

0101100
+358 0 -355 0 +515 0 -511 0 *
Fa
0  1e-07 123 0

0101000
+354 0 *
Ve
7.21081406948311e-07
27.95 151.29 208.4750001
0 0

0101101
*
Ve
1e-07
34.6 151.29 208.4750001
0 0

0101101
*
Ed
 1e-07 1 1 0
1  339 0 0.35 7
2  465 126 0 0.35 7
4 G1 124 5 126 0
0

0101000
+352 4 -351 4 *
Ed
 1e-07 1 1 0
1  340 0 0 0.849999999999998
2  466 125 0 0 0.849999999999998
4 G1 124 5 125 0
0

0101000
+495 4 -352 4 *
Ve
1e-07
38.75 151.29 204.3250001
0 0

0101101
*
Ed
 1e-07 1 1 0
1  341 0 -4.44089209850063e-16 1.5707963267949
2  467 127 0 -4.44089209850063e-16 1.5707963267949
4 G1 124 5 127 0
0

0101000
+351 4 -348 4 *
Ve
1e-07
38.75 151.29 179.5250001
0 0

0101101
*
Ed
 1e-07 1 1 0
1  342 0 -0 24.8
2  468 128 0 -0 24.8
4 G1 124 5 128 0
0

0101000
+348 4 -346 4 *
Ve
1e-07
34.6 151.29 175.3750001
0 0

0101101
*
Ed
 1e-07 1 1 0
1  343 0 0 1.5707963267949
2  469 129 0 0 1.5707963267949
4 G1 124 5 129 0
0

0101000
+346 4 -344 4 *
Ve
1.01969409072552e-06
27.95 151.29 175.3750001
0 0

0101101
*
Ed
 1e-07 1 1 0
1  344 0 0 6.65
2  470 130 0 0 6.65
4 G1 124 5 130 0
0

0101000
+344 4 -342 4 *
Ve
1e-07
27.95 151.29 176.2250001
0 0

0101101
*
Ed
 1e-07 1 1 0
1  345 0 -0 0.849999999999998
2  471 131 0 -0 0.849999999999998
4 G1 124 5 131 0
0

0101000
+340 4 -342 4 *
Ve
1e-07
26.9 151.29 177.2750001
0 0

0101101
*
Ed
 1e-07 1 1 0
1  346 0 -0 1.5707963267949
2  472 132 0 -0 1.5707963267949
4 G1 124 5 132 0
0

0101000
+338 4 -340 4 *
Ed
 1e-07 1 1 0
1  347 0 -0 9.1
2  473 133 0 -0 9.1
4 G1 124 5 133 0
0

0101000
+390 4 -338 4 *
Wi

0101100
-350 0 -349 0 -347 0 -494 0 -345 0 -504 0 -343 0 -509 0 -341 0 -355 0 
+339 0 -359 0 +337 0 -364 0 +336 0 -369 0 +389 0 -374 0 +383 0 -379 0 
*
Fa
0  1e-07 124 5

0101000
+335 0 *
Ed
 4.6722158367354e-07 1 1 0
1  348 0 3.14159265358979 4.71238898038469
2  474 125 0 3.14159265358979 4.71238898038469
2  475 126 0 3.14159265358979 4.71238898038469
0

0101000
+500 4 -352 4 *
Wi

0101100
+493 0 -349 0 +499 0 +333 0 *
Fa
0  1e-07 125 0

0101000
+332 0 *
Ed
 1e-07 1 1 0
1  349 0 0 1.5707963267949
2  476 126 0 0 1.5707963267949
2  477 127 0 0 1.5707963267949
4 G1 126 0 127 0
0

0101000
+490 4 -351 4 *
Wi

0101100
+333 0 -489 0 +350 0 -330 0 *
Fa
0  1e-07 126 0

0101000
+329 0 *
Ed
 1e-07 1 1 0
1  350 0 0 1.5707963267949
2  478 127 0 0 1.5707963267949
2  479 128 0 0 1.5707963267949
4 G1 127 0 128 0
0

0101000
+485 4 -348 4 *
Wi

0101100
-330 0 +483 0 -347 0 +327 0 *
Fa
0  1e-07 127 0

0101000
+326 0 *
Ed
 1e-07 1 1 0
1  351 0 0 1.5707963267949
2  480 128 0 0 1.5707963267949
2  481 129 0 0 1.5707963267949
4 G1 128 0 129 0
0

0101000
+480 4 -346 4 *
Wi

0101100
+327 0 -479 0 +345 0 -324 0 *
Fa
0  1e-07 128 0

0101000
+323 0 *
Ed
 1e-07 1 1 0
1  352 0 0 1.5707963267949
2  482 129 0 0 1.5707963267949
2  483 130 0 0 1.5707963267949
4 G1 129 0 130 0
0

0101000
+475 4 -344 4 *
Wi

0101100
-324 0 +474 0 -343 0 +321 0 *
Fa
0  1e-07 129 0

0101000
+320 0 *
Ed
 4.6722163235052e-07 1 1 0
1  353 0 0 1.5707963267949
2  484 130 0 0 1.5707963267949
2  485 131 0 0 1.5707963267949
0

0101000
+470 4 -342 4 *
Wi

0101100
+321 0 -468 0 +341 0 -318 0 *
Fa
0  1e-07 130 0

0101000
+317 0 *
Ed
 1e-07 1 1 0
1  354 0 1.5707963267949 3.14159265358979
2  486 131 0 1.5707963267949 3.14159265358979
2  487 132 0 1.5707963267949 3.14159265358979
4 G1 131 0 132 0
0

0101000
+340 4 -465 4 *
Wi

0101100
+315 0 -339 0 +464 0 +318 0 *
Fa
0  1e-07 131 0

0101000
+314 0 *
Ed
 1e-07 1 1 0
1  355 0 0 1.5707963267949
2  488 132 0 0 1.5707963267949
2  489 133 0 0 1.5707963267949
4 G1 132 0 133 0
0

0101000
+338 4 -460 4 *
Wi

0101100
-312 0 +337 0 -459 0 +315 0 *
Fa
0  1e-07 132 0

0101000
+311 0 *
Wi

0101100
+388 0 -336 0 +455 0 -312 0 *
Fa
0  1e-07 133 0

0101000
+309 0 *
Ve
1.00000001776357e-07
24.45 170.39 181.3750001
0 0

0101101
*
Ed
 1.00000000888178e-07 1 1 0
1  356 0 0 1.5707963267949
2  490 108 0 0 1.5707963267949
2  491 104 0 0 1.5707963267949
4 G1 108 0 104 0
0

0101000
+307 4 -617 4 *
Ed
 1.00000000444089e-07 1 1 0
1  357 0 0 1.5707963267949
2  492 108 0 0 1.5707963267949
0

0101000
+307 4 -422 4 *
Wi

0101100
-306 0 +305 0 -587 0 +419 0 *
Fa
0  1e-07 108 0

0101000
+304 0 *
Ve
1.00000001110223e-07
20.75 170.39 181.3750001
0 0

0101101
*
Ed
 1e-07 1 1 0
1  358 0 4.71238898038469 6.28318530717959
2  493 104 0 4.71238898038469 6.28318530717959
2  494 134 0 4.71238898038469 6.28318530717959
4 G1 104 0 134 0
0

0101000
+302 4 -615 4 *
Ed
 1e-07 1 1 0
1  359 0 -0 3.7
2  495 104 0 -0 3.7
0

0101000
+302 4 -307 4 *
Wi

0101100
+301 0 -300 0 +614 0 -306 0 *
Fa
0  1e-07 104 0

0101000
+299 0 *
Ve
1.00000001332268e-07
20.3 170.39 181.8250001
0 0

0101101
*
Ed
 1.00000000444089e-07 1 1 0
1  360 0 4.71238898038469 6.28318530717959
2  496 134 0 4.71238898038469 6.28318530717959
2  497 136 0 4.71238898038469 6.28318530717959
4 G1 134 0 136 0
0

0101000
+297 4 -452 4 *
Ed
 1.00000000222045e-07 1 1 0
1  361 0 0 1.5707963267949
2  498 134 0 0 1.5707963267949
0

0101000
+297 4 -302 4 *
Wi

0101100
-296 0 +295 0 -450 0 +301 0 *
Fa
0  1e-07 134 0

0101000
+294 0 *
Ve
1e-07
20.3 170.39 185.2250001
0 0

0101101
*
Ed
 1e-07 1 1 0
1  362 0 0 3.4
2  499 136 0 0 3.4
0

0101000
+292 4 -297 4 *
Ed
 1e-07 1 1 0
1  363 0 4.71238898038469 6.28318530717959
2  500 136 0 4.71238898038469 6.28318530717959
2  501 143 0 4.71238898038469 6.28318530717959
4 G1 136 0 143 0
0

0101000
+292 4 -447 4 *
Wi

0101100
-291 0 +290 0 +445 0 -296 0 *
Fa
0  1e-07 136 0

0111000
+289 0 *
Ve
1e-07
29.95 166.24 166.1250001
0 0

0101101
*
Ed
 1e-07 1 1 0
1  364 0 0 6.28318530717959
2  502 137 0 0 6.28318530717959
2  503 147 0 0 6.28318530717959
0

0101000
+287 4 -287 4 *
Ed
 1e-07 1 1 0
1  365 0 0 7.4
3  504 505CN 137 0 0 7.4
0

0101000
+442 4 -287 4 *
Wi

0101100
+441 0 -286 0 -285 0 +285 0 *
Fa
0  1e-07 137 0

0101000
+284 0 *
Ve
1e-07
32.95 174.29 179.5000001
0 0

0101101
*
Ed
 1e-07 1 1 0
1  366 0 0.1 3.1
3  506 507CN 138 0 0.1 3.1
0

0101000
+436 4 -282 4 *
Ed
 1e-07 1 1 0
1  367 0 0 6.28318530717959
2  508 138 0 0 6.28318530717959
0

0101000
+282 4 -282 4 *
Wi

0101100
+435 0 -281 0 +280 0 +281 0 *
Fa
0  1e-07 138 0

0101000
+279 0 *
Ve
1e-07
32.95 174.29 204.3500001
0 0

0101101
*
Ed
 1e-07 1 1 0
1  368 0 0.1 3.1
3  509 510CN 139 0 0.1 3.1
0

0101000
+431 4 -277 4 *
Ed
 1e-07 1 1 0
1  369 0 0 6.28318530717959
2  511 139 0 0 6.28318530717959
0

0101000
+277 4 -277 4 *
Wi

0101100
+430 0 -276 0 +275 0 +276 0 *
Fa
0  1e-07 139 0

0101000
+274 0 *
Ve
1e-07
24.45 170.39 185.6750001
0 0

0101101
*
Ed
 1e-07 1 1 0
1  370 0 0 1.5707963267949
2  512 140 0 0 1.5707963267949
0

0101000
+421 4 -272 4 *
Ed
 1e-07 1 1 0
1  371 0 4.71238898038469 6.28318530717959
2  513 140 0 4.71238898038469 6.28318530717959
2  514 142 0 4.71238898038469 6.28318530717959
4 G1 140 0 142 0
0

0101000
+272 4 -427 4 *
Wi

0101100
-418 0 +271 0 -426 0 +270 0 *
Fa
0  1e-07 140 0

0101000
+269 0 *
Ve
1e-07
20.75 170.39 185.6750001
0 0

0101101
*
Ed
 1e-07 1 1 0
1  372 0 0 3.7
2  515 142 0 0 3.7
0

0101000
+272 4 -267 4 *
Ed
 1e-07 1 1 0
1  373 0 -2.22044604925031e-16 1.5707963267949
2  516 143 0 -2.22044604925031e-16 1.5707963267949
0

0101000
+267 4 -292 4 *
Wi

0101100
+291 0 +295 0 +300 0 +305 0 +420 0 +271 0 +266 0 +265 0 *
Fa
0  1e-07 148 0

0111000
+264 0 *
Ed
 1e-07 1 1 0
1  374 0 0 1.5707963267949
2  517 142 0 0 1.5707963267949
2  518 143 0 0 1.5707963267949
4 G1 142 0 143 0
0

0101000
+267 4 -415 4 *
Wi

0101100
+270 0 -266 0 +413 0 -262 0 *
Fa
0  1e-07 142 0

0101000
+261 0 *
Wi

0101100
-262 0 +265 0 -410 0 +290 0 *
Fa
0  1e-07 143 0

0101000
+259 0 *
Ve
1e-07
15.1 166.24 218.4250001
0 0

0101101
*
Ed
 1e-07 1 1 0
1  375 0 0 6.28318530717959
2  519 144 0 0 6.28318530717959
0

0101000
+257 4 -257 4 *
Ed
 1e-07 1 1 0
1  376 0 0 0.782623792124926
3  520 521CN 144 0 0 0.782623792124926
0

0101000
+407 4 -257 4 *
Wi

0101100
+406 0 -256 0 -255 0 +255 0 *
Fa
0  1e-07 144 0

0101000
+254 0 *
Ve
1e-07
8.55000000000002 174.29 204.3500001
0 0

0101101
*
Ed
 1e-07 1 1 0
1  377 0 0.1 3.1
3  522 523CN 145 0 0.1 3.1
0

0101000
+401 4 -252 4 *
Ed
 1e-07 1 1 0
1  378 0 0 6.28318530717959
2  524 145 0 0 6.28318530717959
0

0101000
+252 4 -252 4 *
Wi

0101100
+400 0 -251 0 +250 0 +251 0 *
Fa
0  1e-07 145 0

0101000
+249 0 *
Ve
1e-07
8.55000000000002 174.29 179.5000001
0 0

0101101
*
Ed
 1e-07 1 1 0
1  379 0 0.1 3.1
3  525 526CN 146 0 0.1 3.1
0

0101000
+396 4 -247 4 *
Ed
 1e-07 1 1 0
1  380 0 0 6.28318530717959
2  527 146 0 0 6.28318530717959
0

0101000
+247 4 -247 4 *
Wi

0101100
+395 0 -246 0 +245 0 +246 0 *
Fa
0  1e-07 146 0

0101000
+244 0 *
Ve
1e-07
29.6 166.24 165.4250001
0 0

0101101
*
Ed
 1e-07 1 1 0
1  381 0 0 6.28318530717959
2  528 147 0 0 6.28318530717959
0

0101000
+242 4 -242 4 *
Ed
 1e-07 1 1 0
1  382 0 0 0.782623792124926
3  529 530CN 147 0 0 0.782623792124926
0

0101000
+287 4 -242 4 *
Wi

0101100
+286 0 -241 0 -240 0 +240 0 *
Fa
0  1e-07 147 0

0101000
+239 0 *
Wi

0101100
+280 0 *
Fa
0  1e-07 149 0

0101000
+237 0 *
Wi

0101100
+275 0 *
Fa
0  1e-07 150 0

0101000
+235 0 *
Wi

0101100
+256 0 *
Ve
1.00000001200154e-07
22.35 161.34 218.4250001
0 0

0101101
*
Ed
 1e-07 1 1 0
1  383 0 0 6.28318530717959
2  531 152 0 0 6.28318530717959
0

0101100
+232 4 -232 4 *
Wi

0101100
-231 0 *
Fa
0  1e-07 151 0

0101000
+233 0 +230 0 *
Wi

0101100
+250 0 *
Fa
0  1e-07 153 0

0101000
+228 0 *
Wi

0101100
+245 0 *
Fa
0  1e-07 154 0

0101000
+226 0 *
Wi

0101100
+241 0 *
Ve
1.00000001200154e-07
22.35 161.34 165.4250001
0 0

0101101
*
Ed
 1e-07 1 1 0
1  384 0 0 6.28318530717959
2  532 156 0 0 6.28318530717959
0

0101100
+223 4 -223 4 *
Wi

0101100
-222 0 *
Fa
0  1e-07 155 0

0101000
+224 0 +221 0 *
Ve
1.00000003202373e-07
25.4996592874641 169.993617771283 218.7250001
0 0

0101101
*
Ve
1.00000001200154e-07
22.35 161.34 218.7250001
0 0

0101101
*
Ed
 1e-07 1 1 0
1  385 0 2.44346095279206 6.28318530717959
2  533 152 0 2.44346095279206 6.28318530717959
0

0101000
+219 4 -218 4 *
Ed
 1e-07 1 1 0
1  386 0 0.199999999999999 0.5
3  534 535CN 152 0 0.199999999999999 0.5
0

0101000
+232 4 -218 4 *
Ve
1.00000005347542e-07
26.103617771283 163.090340712536 218.7250001
0 0

0101101
*
Ed
 1e-07 1 1 0
1  387 0 0 0.872664625997164
2  533 152 0 0 0.872664625997164
0

0101000
+218 4 -215 4 *
Ve
1.00000008343679e-07
26.103617771283 163.090340712536 220.030051125722
0 0

0101101
*
Ed
 1e-07 1 1 0
1  388 0 0.5 1.80505102572168
2  536 152 0 0.5 1.80505102572168
0

0101000
+215 4 -213 4 *
Ve
1.00000008981148e-07
25.4996592874641 169.993617771283 220.030051125722
0 0

0101101
*
Ed
 1e-07 1 1 0
1  389 0 6.98131700797732 8.55211333477222
2  537 152 0 6.98131700797732 8.55211333477222
2  538 157 0 6.98131700797732 8.55211333477222
0

0101000
+211 4 -213 4 *
Ed
 1e-07 1 1 0
1  390 0 0.5 1.80505102572168
2  539 152 0 0.5 1.80505102572168
0

0101000
+219 4 -211 4 *
Wi

0101100
-217 0 +216 0 +231 0 -216 0 -214 0 -212 0 +210 0 +209 0 *
Fa
0  1e-07 152 0

0101000
+208 0 *
Ve
1.00000002400308e-07
22.35 161.34 163.819949074278
0 0

0101101
*
Ed
 1e-07 1 1 0
1  391 0 0.199999999999999 1.80505102572168
3  540 541CN 156 0 0.199999999999999 1.80505102572168
0

0101000
+223 4 -206 4 *
Ve
1.00000009769963e-07
17.7455061581491 164.564101297704 163.819949074278
0 0

0101101
*
Ed
 1e-07 1 1 0
1  392 0 8.20304748437335 9.42477796076938
2  542 156 0 8.20304748437335 9.42477796076938
2  543 158 0 8.20304748437335 9.42477796076938
0

0101000
+204 4 -206 4 *
Ve
1.00000003662053e-07
17.7455061581491 164.564101297704 165.1250001
0 0

0101101
*
Ed
 1e-07 1 1 0
1  393 0 0.5 1.80505102572168
2  544 156 0 0.5 1.80505102572168
0

0101000
+202 4 -204 4 *
Ve
1.00000003580362e-07
26.103617771283 163.090340712536 165.1250001
0 0

0101101
*
Ed
 1e-07 1 1 0
1  394 0 1.22173047639603 5.41052068118242
2  545 156 0 1.22173047639603 5.41052068118242
0

0101000
+202 4 -200 4 *
Ve
1.000000081886e-07
26.103617771283 163.090340712536 163.819949074278
0 0

0101101
*
Ed
 1e-07 1 1 0
1  395 0 0.5 1.80505102572168
2  546 156 0 0.5 1.80505102572168
0

0101000
+200 4 -198 4 *
Ed
 1e-07 1 1 0
1  396 0 3.14159265358979 4.01425727958696
2  542 156 0 3.14159265358979 4.01425727958696
2  547 158 0 3.14159265358979 4.01425727958696
0

0101000
+206 4 -198 4 *
Wi

0101100
+222 0 -205 0 +203 0 +201 0 -199 0 -197 0 +196 0 +205 0 *
Fa
0  1e-07 156 0

0101000
+195 0 *
Ve
1e-07
27.5207999910531 161.901183634616 218.7250001
0 0

0101101
*
Ed
 1e-07 1 1 0
1  397 0 0 1.85
0

0101000
+193 4 -215 4 *
Ve
1e-07
26.6888163653842 171.410799991053 218.7250001
0 0

0101101
*
Ed
 1e-07 1 1 0
1  398 0 0 4.71238898038469
2  548 160 0 0 4.71238898038469
0

0101000
+191 4 -193 4 *
Ed
 1e-07 1 1 0
1  399 0 0.1 1.95
0

0101000
+219 4 -191 4 *
Wi

0101100
-217 0 -214 0 +192 0 +190 0 +189 0 *
Fa
0  1e-07 159 0

0101000
+188 0 *
Ve
1.00000003202373e-07
26.2185244377509 162.993922571083 220.1250001
0 0

0101101
*
Ed
 1e-07 1 1 0
1  400 0 4.91374690117499 5.6396841983863
2  549 157 0 4.91374690117499 5.6396841983863
0

0101000
+213 4 -186 4 *
Ve
1e-07
27.5207999910531 161.901183634616 220.1250001
0 0

0101101
*
Ed
 1e-07 1 1 0
1  401 0 0 1.7
0

0101000
+184 4 -186 4 *
Ed
 1e-07 1 1 0
1  402 0 0 1.4
2  550 160 0 0 1.4
0

0101000
+193 4 -184 4 *
Wi

0101100
-192 0 -212 0 -185 0 +183 0 +182 0 *
Fa
0  1e-07 161 0

0101000
+181 0 *
Ve
1.50000000888178e-07
18.1147136318756 163.489572873174 220.1250001
0 0

0101101
*
Ed
 1e-07 1 1 0
1  403 0 0 1.86750229963393
2  551 157 0 0 1.86750229963393
0

0101000
+179 4 -186 4 *
Ve
1.00000000888178e-07
18.0727801034784 163.462340921423 220.2750001
0 0

0101101
*
Ed
 1e-07 1 1 0
1  404 0 5.63968419838629 6.28318530717959
2  552 157 0 5.63968419838629 6.28318530717959
0

0101000
+179 4 -177 4 *
Ve
1.00000003662053e-07
17.2531067822026 166.062012566817 220.2750001
0 0

0101101
*
Ed
 1e-07 1 1 0
1  405 0 0 5.74213323906134
2  553 157 0 0 5.74213323906134
2  554 162 0 0 5.74213323906134
0

0101000
+175 4 -177 4 *
Ve
1.50000000888178e-07
17.3030763235536 166.063757541652 220.1250001
0 0

0101101
*
Ed
 1e-07 1 1 0
1  406 0 3.14159265358979 3.78509376238309
2  555 157 0 3.14159265358979 3.78509376238309
0

0101000
+175 4 -173 4 *
Ve
1.00000002220446e-07
25.596077428917 170.108524437751 220.1250001
0 0

0101101
*
Ed
 1e-07 1 1 0
1  407 0 1.53588974175501 3.83972435438752
2  556 157 0 1.53588974175501 3.83972435438752
0

0101000
+173 4 -171 4 *
Ed
 1e-07 1 1 0
1  408 0 3.78509376238309 4.51103105959439
2  557 157 0 3.78509376238309 4.51103105959439
0

0101000
+171 4 -211 4 *
Wi

0101100
-178 0 +176 0 -174 0 +172 0 +170 0 +169 0 +210 0 +185 0 *
Fa
0  1e-07 157 0

0111000
+168 0 *
Ve
1e-07
26.6888163653842 171.410799991053 220.1250001
0 0

0101101
*
Ed
 1e-07 1 1 0
1  409 0 0 1.4
2  558 160 0 0 1.4
0

0101000
+191 4 -166 4 *
Ed
 1e-07 1 1 0
1  410 0 0.250000000000001 1.95
0

0101000
+171 4 -166 4 *
Wi

0101100
-189 0 -165 0 +164 0 -169 0 +209 0 *
Fa
0  1e-07 163 0

0101000
+163 0 *
Ve
1.00000004189529e-07
26.2185244377509 162.993922571083 163.7250001
0 0

0101101
*
Ed
 1e-07 1 1 0
1  411 0 0.643501108793295 1.3694384060046
2  559 158 0 0.643501108793295 1.3694384060046
0

0101000
+161 4 -198 4 *
Ve
1.50000001776357e-07
24.4842222217905 170.816854324535 163.7250001
0 0

0101101
*
Ed
 1e-07 1 1 0
1  412 0 0.872664625997165 2.70526034059121
2  560 158 0 0.872664625997165 2.70526034059121
0

0101000
+161 4 -159 4 *
Ve
1.00000001256074e-07
24.5053531348776 170.862169713887 163.5750001
0 0

0101101
*
Ed
 1e-07 1 1 0
1  413 0 4.32218515994874e-18 0.643501108793277
2  561 158 0 4.32218515994874e-18 0.643501108793277
0

0101000
+157 4 -159 4 *
Ve
1.00000000222045e-07
21.1161983324417 171.188508204008 163.5750001
0 0

0101101
*
Ed
 1e-07 1 1 0
1  414 0 0 5.6025068989018
2  562 158 0 0 5.6025068989018
2  563 164 0 0 5.6025068989018
0

0101000
+155 4 -157 4 *
Ve
1.50000001110223e-07
21.1282944272217 171.139993417694 163.7250001
0 0

0101101
*
Ed
 1e-07 1 1 0
1  415 0 2.49809154479652 3.14159265358979
2  564 158 0 2.49809154479652 3.14159265358979
0

0101000
+153 4 -155 4 *
Ve
1.00000005329071e-07
17.6045522650312 164.512798276205 163.7250001
0 0

0101101
*
Ed
 1e-07 1 1 0
1  416 0 3.385938748869 5.06145483078356
2  565 158 0 3.385938748869 5.06145483078356
0

0101000
+153 4 -151 4 *
Ed
 1e-07 1 1 0
1  417 0 1.77215424758519 2.4980915447965
2  566 158 0 1.77215424758519 2.4980915447965
0

0101000
+204 4 -151 4 *
Wi

0101100
+203 0 +196 0 -160 0 +158 0 -156 0 -154 0 -152 0 +150 0 -149 0 *
Fa
0  1e-07 158 0

0111000
+148 0 *
Ve
1e-07
16.0070748096951 163.931364032552 165.1250001
0 0

0101101
*
Ed
 1e-07 1 1 0
1  418 0 0 1.85
0

0101000
+146 4 -202 4 *
Ve
1e-07
16.0070748096951 163.931364032552 163.7250001
0 0

0101101
*
Ed
 1e-07 1 1 0
1  419 0 0 1.7
0

0101000
+144 4 -151 4 *
Ed
 1e-07 1 1 0
1  420 0 0 1.4
2  567 166 0 0 1.4
0

0101000
+146 4 -144 4 *
Wi

0101100
-145 0 -201 0 -149 0 +143 0 +142 0 *
Fa
0  1e-07 165 0

0101000
+141 0 *
Ve
1e-07
27.5207999910531 161.901183634616 165.1250001
0 0

0101101
*
Ed
 1e-07 1 1 0
1  421 0 0 4.18879020478639
2  568 166 0 0 4.18879020478639
0

0101000
+139 4 -146 4 *
Ed
 1e-07 1 1 0
1  422 0 0.100000000000002 1.95
0

0101000
+200 4 -139 4 *
Wi

0101100
+199 0 +145 0 +138 0 +137 0 *
Fa
0  1e-07 167 0

0101000
+136 0 *
Ve
1e-07
27.5207999910531 161.901183634616 163.7250001
0 0

0101101
*
Ed
 1e-07 1 1 0
1  423 0 0 1.4
2  569 166 0 0 1.4
0

0101000
+139 4 -134 4 *
Ed
 1e-07 1 1 0
1  424 0 0.249999999999999 1.95
0

0101000
+161 4 -134 4 *
Wi

0101100
-137 0 -133 0 +132 0 -160 0 +197 0 *
Fa
0  1e-07 168 0

0101000
+131 0 *
Ve
1.50000001776357e-07
16.6889736663684 162.563686513649 220.1250001
0 0

0101101
*
Ed
 1e-07 1 1 0
1  425 0 2.84488668075076 4.71238898038469
2  570 160 0 2.84488668075076 4.71238898038469
0

0101000
+129 4 -184 4 *
Ve
1.00000007160723e-07
16.6889736663684 162.563686513649 219.2250001
0 0

0101101
*
Ed
 1e-07 1 1 0
1  426 0 -1.4 -0.5
2  571 160 0 -1.4 -0.5
0

0101000
+129 4 -127 4 *
Ve
1.00000007160723e-07
15.6041119176211 166.004428397258 219.2250001
0 0

0101101
*
Ed
 1e-07 1 1 0
1  427 0 3.43829862642883 3.97935069454707
2  572 160 0 3.43829862642883 3.97935069454707
0

0101000
+127 4 -125 4 *
Ve
1.50000001986027e-07
15.6041119176211 166.004428397258 220.1250001
0 0

0101101
*
Ed
 1e-07 1 1 0
1  428 0 -1.4 -0.5
2  573 160 0 -1.4 -0.5
0

0101000
+123 4 -125 4 *
Ed
 1e-07 1 1 0
1  429 0 0 2.30383461263252
2  570 160 0 0 2.30383461263252
0

0101000
+166 4 -123 4 *
Wi

0101100
-190 0 -182 0 +128 0 -126 0 -124 0 +122 0 +121 0 +165 0 *
Fa
0  1e-07 160 0

0101000
+120 0 *
Ed
 1.5e-07 1 1 0
1  430 0 1.16041061856931 2.86041061856931
0

0101000
+179 4 -129 4 *
Wi

0101100
+183 0 -178 0 +118 0 +128 0 *
Fa
0  1e-07 169 0

0111000
+117 0 *
Ve
1e-07
16.5631730811766 162.481990658396 219.2250001
0 0

0101101
*
Ed
 1e-07 1 1 0
1  431 0 0 0.150000000000001
0

0101000
+115 4 -127 4 *
Ve
1.00000000888178e-07
18.0727801034784 163.462340921423 221.4250001
0 0

0101101
*
Ed
 1e-07 1 1 0
1  432 0 0.25 1.4
2  574 162 0 0.25 1.4
0

0101000
+177 4 -113 4 *
Ve
1.00000040399916e-07
18.2824477454647 163.598500680177 221.6750001
0 0

0101101
*
Ed
 1e-07 1 1 0
1  433 0 9.50060958337164e-18 1.5707963267949
2  575 171 0 9.50060958337164e-18 1.5707963267949
0

0101000
+113 4 -111 4 *
Ve
1e-07
16.5631730811766 162.481990658396 221.6750001
0 0

0101101
*
Ed
 1e-07 1 1 0
1  434 0 0 2.05
0

0101000
+109 4 -111 4 *
Ed
 1e-07 1 1 0
1  435 0 0 2.45
2  576 172 0 0 2.45
0

0101000
+115 4 -109 4 *
Wi

0101100
-114 0 +126 0 +118 0 -176 0 -112 0 -110 0 +108 0 +107 0 *
Fa
0  1e-07 170 0

0101000
+106 0 *
Ve
1.00000003662053e-07
17.2531067822026 166.062012566817 221.4250001
0 0

0101101
*
Ed
 1e-07 1 1 0
1  436 0 0 5.74213323906134
2  577 162 0 0 5.74213323906134
2  578 171 0 0 5.74213323906134
0

0101000
+104 4 -113 4 *
Ed
 1e-07 1 1 0
1  437 0 0.25 1.4
2  579 162 0 0.25 1.4
0

0101000
+175 4 -104 4 *
Wi

0101100
+103 0 -112 0 -174 0 +102 0 *
Fa
0  1e-07 162 0

0111000
+101 0 *
Ve
1e-07
15.4542032935683 165.999193472753 219.2250001
0 0

0101101
*
Ed
 1e-07 1 1 0
1  438 0 1.95 2.1
0

0101000
+125 4 -99 4 *
Ve
1e-07
15.4542032935683 165.999193472753 221.6750001
0 0

0101101
*
Ed
 1e-07 1 1 0
1  439 0 0 2.45
2  580 172 0 0 2.45
0

0101000
+99 4 -97 4 *
Ve
1.00000021334778e-07
17.5029544889574 166.070737440993 221.6750001
0 0

0101101
*
Ed
 1e-07 1 1 0
1  440 0 0.0499999999999957 2.1
0

0101000
+95 4 -97 4 *
Ed
 1e-07 1 1 0
1  441 0 1.57079632679489 3.14159265358979
2  581 171 0 1.57079632679489 3.14159265358979
0

0101000
+95 4 -104 4 *
Ed
 1.5e-07 1 1 0
1  442 0 -3.85281653972263 -2.15281653972262
0

0101000
+123 4 -173 4 *
Wi

0101100
-98 0 -96 0 +94 0 -93 0 +102 0 -172 0 +92 0 -122 0 *
Fa
0  1e-07 173 0

0101000
+91 0 *
Wi

0101100
+92 0 +121 0 +164 0 +170 0 *
Fa
0  1e-07 174 0

0101000
+89 0 *
Ve
1.50000003768222e-07
25.2026732667497 172.357577562497 163.7250001
0 0

0101101
*
Ed
 1.5e-07 1 1 0
1  443 0 1.85482678910448 3.55482678910448
0

0101000
+159 4 -87 4 *
Ed
 1e-07 1 1 0
1  444 0 0 1.83259571459405
2  582 166 0 0 1.83259571459405
0

0101000
+134 4 -87 4 *
Wi

0101100
-158 0 -86 0 +85 0 +132 0 *
Fa
0  1e-07 175 0

0101000
+84 0 *
Ve
1.00000001332268e-07
25.2026732667497 172.357577562497 164.6250001
0 0

0101101
*
Ve
1.00000000496507e-07
25.2660660060108 172.493523730553 164.6250001
0 0

0101101
*
Ed
 1e-07 1 1 0
1  445 0 1.95 2.1
0

0101000
+82 4 -81 4 *
Ve
1.00000000496507e-07
25.2660660060108 172.493523730553 162.1750001
0 0

0101101
*
Ed
 1.00000000496507e-07 1 1 0
1  446 0 0 2.45
2  583 177 0 0 2.45
0

0101000
+81 4 -79 4 *
Ve
1.00000010731901e-07
24.3996985694424 170.635592767128 162.1750001
0 0

0101101
*
Ed
 1e-07 1 1 0
1  447 0 0.0499999999999996 2.1
0

0101000
+77 4 -79 4 *
Ve
1.00000001256074e-07
24.5053531348776 170.862169713887 162.4250001
0 0

0101101
*
Ed
 1e-07 1 1 0
1  448 0 4.71238898038469 6.28318530717959
2  584 178 0 4.71238898038469 6.28318530717959
0

0101000
+77 4 -75 4 *
Ed
 1e-07 1 1 0
1  449 0 0.25 1.4
2  585 164 0 0.25 1.4
0

0101000
+157 4 -75 4 *
Ed
 1e-07 1 1 0
1  450 0 -1.4 -0.5
2  586 166 0 -1.4 -0.5
0

0101000
+87 4 -82 4 *
Wi

0101100
-80 0 -78 0 +76 0 -74 0 +73 0 -156 0 -86 0 -72 0 *
Fa
0  1e-07 176 0

0101000
+71 0 *
Ve
1.00000000222045e-07
21.1161983324417 171.188508204008 162.4250001
0 0

0101101
*
Ed
 1e-07 1 1 0
1  451 0 0 5.6025068989018
2  587 164 0 0 5.6025068989018
2  588 178 0 0 5.6025068989018
0

0101000
+69 4 -75 4 *
Ed
 1e-07 1 1 0
1  452 0 0.25 1.4
2  589 164 0 0.25 1.4
0

0101000
+155 4 -69 4 *
Wi

0101100
+68 0 -73 0 -154 0 +67 0 *
Fa
0  1e-07 164 0

0111000
+66 0 *
Ve
1e-07
20.6807389203623 172.935040511304 164.6250001
0 0

0101101
*
Ve
1.00000002808667e-07
20.7170272047023 172.789496152363 164.6250001
0 0

0101101
*
Ed
 1e-07 1 1 0
1  453 0 0 0.150000000000003
0

0101000
+64 4 -63 4 *
Ve
1.50000004720733e-07
20.7170272047023 172.789496152363 163.7250001
0 0

0101101
*
Ed
 1e-07 1 1 0
1  454 0 -1.4 -0.5
2  590 166 0 -1.4 -0.5
0

0101000
+61 4 -63 4 *
Ed
 1.5e-07 1 1 0
1  455 0 -2.54794755965528 -0.847947559655277
0

0101000
+61 4 -153 4 *
Ve
1.00000050844336e-07
21.1766788063417 170.945934272439 162.1750001
0 0

0101101
*
Ed
 1e-07 1 1 0
1  456 0 3.14159265358979 4.71238898038469
2  591 178 0 3.14159265358979 4.71238898038469
0

0101000
+69 4 -58 4 *
Ve
1e-07
20.6807389203623 172.935040511304 162.1750001
0 0

0101101
*
Ed
 1e-07 1 1 0
1  457 0 0 2.05
0

0101000
+56 4 -58 4 *
Ed
 1e-07 1 1 0
1  458 0 0 2.45
2  592 177 0 0 2.45
0

0101000
+64 4 -56 4 *
Wi

0101100
-62 0 +60 0 -59 0 -152 0 -67 0 -57 0 +55 0 +54 0 *
Fa
0  1e-07 179 0

0101000
+53 0 *
Ed
 1e-07 1 1 0
1  459 0 2.51327412287183 4.18879020478639
2  582 166 0 2.51327412287183 4.18879020478639
0

0101000
+61 4 -144 4 *
Wi

0101100
-150 0 +143 0 +51 0 -59 0 *
Fa
0  1e-07 180 0

0101000
+50 0 *
Ed
 1e-07 1 1 0
1  460 0 1.83259571459405 2.51327412287183
2  593 166 0 1.83259571459405 2.51327412287183
0

0101000
+82 4 -63 4 *
Wi

0101100
-138 0 -142 0 +51 0 -60 0 +48 0 +72 0 +85 0 +133 0 *
Fa
0  1e-07 166 0

0101000
+47 0 *
Ed
 1e-07 1 1 0
1  461 0 0 0.541052068118243
2  594 172 0 0 0.541052068118243
0

0101000
+99 4 -115 4 *
Wi

0101100
+124 0 +114 0 +45 0 +98 0 *
Fa
0  1e-07 181 0

0101000
+44 0 *
Ed
 1e-07 1 1 0
1  462 0 0 5.74213323906134
2  595 171 0 0 5.74213323906134
0

0101000
+111 4 -95 4 *
Wi

0101100
-42 0 -110 0 -103 0 -93 0 *
Fa
0  1e-07 171 0

0111000
+41 0 *
Ed
 1e-07 1 1 0
1  463 0 0 0.541052068118243
2  596 172 0 0 0.541052068118243
0

0101000
+97 4 -109 4 *
Wi

0101100
+42 0 +94 0 +39 0 +108 0 *
Ve
1.00000000783774e-07
22.35 163.04 221.6750001
0 0

0101101
*
Ed
 1e-07 1 1 0
1  464 0 0 6.28318530717959
2  597 183 0 0 6.28318530717959
0

0101000
+37 4 -37 4 *
Wi

0101100
-36 0 *
Fa
0  1e-07 182 0

0101000
+38 0 +35 0 *
Wi

0101100
+96 0 -107 0 -45 0 +39 0 *
Fa
0  1e-07 172 0

0101000
+33 0 *
Ed
 1e-07 1 1 0
1  465 0 0 0.680678408277788
2  598 177 0 0 0.680678408277788
0

0101000
+81 4 -64 4 *
Wi

0101100
-48 0 +62 0 +31 0 +80 0 *
Fa
0  1e-07 184 0

0101000
+30 0 *
Ed
 1e-07 1 1 0
1  466 0 0 0.680678408277788
2  599 177 0 0 0.680678408277788
0

0101000
+79 4 -56 4 *
Wi

0101100
+78 0 -54 0 -31 0 +28 0 *
Fa
0  1e-07 177 0

0101000
+27 0 *
Ed
 1e-07 1 1 0
1  467 0 0 5.60250689890181
2  600 178 0 0 5.60250689890181
0

0101000
+77 4 -58 4 *
Wi

0101100
+25 0 -55 0 -28 0 -76 0 *
Ve
1.00000000783774e-07
22.35 163.04 162.1750001
0 0

0101101
*
Ed
 1e-07 1 1 0
1  468 0 0 6.28318530717959
2  601 186 0 0 6.28318530717959
0

0101000
+23 4 -23 4 *
Wi

0101100
-22 0 *
Fa
0  1e-07 185 0

0101000
+24 0 +21 0 *
Wi

0101100
-25 0 +74 0 -68 0 +57 0 *
Fa
0  1e-07 178 0

0111000
+19 0 *
Ve
1e-07
22.35 163.04 214.1750001
0 0

0101101
*
Ed
 1e-07 1 1 0
1  469 0 0 7.5
3  602 603C0 183 0 0 7.5
0

0101000
+17 4 -37 4 *
Ed
 1e-07 1 1 0
1  470 0 0 6.28318530717959
2  604 183 0 0 6.28318530717959
0

0101000
+17 4 -17 4 *
Wi

0101100
-36 0 -16 0 +15 0 +16 0 *
Fa
0  1e-07 183 0

0111000
+14 0 *
Ve
1e-07
22.35 163.04 169.6750001
0 0

0101101
*
Ed
 1e-07 1 1 0
1  471 0 0 7.5
3  605 606C0 186 0 0 7.5
0

0101000
+12 4 -23 4 *
Ed
 1e-07 1 1 0
1  472 0 0 6.28318530717959
2  607 186 0 0 6.28318530717959
0

0101000
+12 4 -12 4 *
Wi

0101100
-22 0 -11 0 +10 0 +11 0 *
Fa
0  1e-07 186 0

0111000
+9 0 *
Wi

0101100
-15 0 *
Fa
0  1e-07 187 0

0101000
-7 0 *
Wi

0101100
-10 0 *
Fa
0  1e-07 188 0

0101000
-5 0 *
Sh

0101100
-1126 0 -1091 0 +1059 0 -1026 0 -1021 0 -988 0 -981 0 +975 0 +973 0 -966 0 
-933 0 +930 0 +926 0 -911 0 +877 0 -870 0 -862 0 -857 0 -849 0 -846 0 
-843 0 +840 0 -837 0 -834 0 -832 0 -822 0 -819 0 -816 0 -811 0 -808 0 
+803 0 -796 0 +791 0 -787 0 -784 0 -781 0 -772 0 +769 0 +766 0 -763 0 
-760 0 -757 0 -754 0 -752 0 -744 0 -739 0 -731 0 -728 0 +721 0 -716 0 
+711 0 -706 0 +701 0 -696 0 +691 0 +688 0 -681 0 -676 0 +671 0 +666 0 
-661 0 +656 0 -651 0 +646 0 -641 0 -636 0 +631 0 -627 0 +625 0 +620 0 
-611 0 -608 0 -606 0 +601 0 +599 0 -594 0 -589 0 +584 0 +577 0 -568 0 
+563 0 -558 0 -553 0 +546 0 -541 0 +536 0 +531 0 +526 5 -521 0 -516 0 
-513 0 +506 0 -501 0 +496 0 +491 0 -486 0 +481 0 -476 5 -471 0 +466 0 
+461 0 -456 0 +453 0 -448 0 -443 0 +438 0 -433 0 -428 0 -423 0 -416 0 
+411 0 +408 0 +403 0 -398 0 -393 0 -386 0 +381 0 -376 0 +371 0 -366 0 
+361 0 -356 0 -353 0 +334 0 -331 0 +328 0 -325 0 +322 0 -319 0 +316 0 
+313 0 -310 0 +308 0 +303 0 -298 0 +293 0 -288 0 +283 0 +278 0 +273 0 
+268 0 -263 0 -260 0 +258 0 +253 0 +248 0 +243 0 +238 0 -236 0 -234 0 
+229 0 -227 0 -225 0 +220 0 +207 0 +194 0 -187 0 -180 0 -167 0 -162 0 
-147 0 +140 0 +135 0 +130 0 -119 0 +116 0 -105 0 +100 0 -90 0 +88 0 
-83 0 +70 0 +65 0 +52 0 -49 0 +46 0 -43 0 +40 0 +34 0 -32 0 
+29 0 +26 0 +20 0 +18 0 -13 0 -8 0 +6 0 +4 0 *
So

0100000
+3 0 *
Co

0100000
+2 0 *

+1 3 