DBRep_DrawableShape

CASCADE Topology V3, (c) Open Cascade
Locations 9
1
             -1               0               0           -82.1 
              0              -1               0             -51 
              0               0               1           79.76 
1
              1               0               0               0 
              0               1               0               0 
              0               0               1               0 
2  1 1 2 1 0
2  2 -1 1 -1 0
1
              1              -0               0              -0 
              0               1               0              -0 
             -0               0               1            24.3 
1
              1              -0               0              -0 
              0               1               0              -0 
             -0               0               1            23.3 
1
              1              -0               0              -0 
              0               1               0              -0 
             -0               0               1            23.3 
2  5 -1 0
1
              1              -0               0              -0 
              0               1               0              -0 
             -0               0               1             4.5 
Curve2ds 607
1 4.1363073339817831 0 1 0 
7 0 0  7 110 19  5.1168772618776668 -0.049999999999998934  5.1168772618776668 -0.6765619731301058  5.1116079440538957 -1.300984943831093  5.1011340986597506 -1.91769369772092  5.0854675542449419 -2.5209431078068465  5.0646006535651411 -3.1036141721444293  5.0384994937967642 -3.6564425909164653  5.0011286006028763 -4.2627465112121046  4.9949606525649513 -4.3581343528044743  4.988595678489574 -4.4519267833910536  4.9820321337543971 -4.5440276764144567  4.9752684778557237 -4.6343308979229594  4.9683031744085016 -4.722720306570503  4.9522809403022157 -4.9157194397095338  4.943115595127475 -5.0192771404812957  4.9336373527488027 -5.1194803634461836  4.9238454570746644 -5.2160448497762362  4.9137396304467336 -5.3086642717138961  4.9033200052913122 -5.3970099299845842  4.8792063463884761 -5.585104366478129  4.8653193214549901 -5.6824397424509616  4.8509559100866317 -5.7717732067936689  4.8361483667358822 -5.8522137943493613  4.8209312341471504 -5.9229379631279304  4.8053413063125214 -5.983184610295635  4.7677133844046988 -6.0991269003302842  4.7454064953599797 -6.1451782899640914  4.7227383034808517 -6.1682524495048412  4.6999544934346904 -6.1673090360740064  4.6773021811194315 -6.1423755284009571  4.6550269901815833 -6.0945479027923986  4.6181986783107885 -5.9780404548174015  4.6033350745449795 -5.9199079007667832  4.5888131995550552 -5.8522552963427419  4.5746651417490272 -5.7757484298020287  4.5609211169084176 -5.6911055125580727  4.5476094387046642 -5.5991011444293788  4.5237358814606399 -5.4160861671439848  4.5130412223019958 -5.3267175245556588  4.502673245572419 -5.2328418796731428  4.4926323001463926 -5.1348124408976696  4.482918274233163 -5.0329584527192548  4.4735305196698434 -4.9275855519543805  4.4572120735979039 -4.7320225745865017  4.4501634859515136 -4.6429800174237945  4.443320446508161 -4.5519789734526173  4.4366813802867835 -4.4591395177604989  4.4302447040924493 -4.3645712795654505  4.4240088265163484 -4.2683734422159638  4.3893155756962345 -3.7066617070521342  4.365073711254067 -3.2067673125115506  4.3451861301381989 -2.68122151953084  4.3296170771347047 -2.137273586389588  4.3183504708771858 -1.5803783639240185  4.3113951890665296 -1.0150071416823616  4.3085407159660951 -0.38829534331977961  4.3083250526592467 -0.33134895348598725  4.3081529834640131 -0.27438038745035953  4.3080245167710647 -0.21739524615548395  4.3079396581694684 -0.16039913747949391  4.3078984104466818 -0.1033976762360691  4.3079008148496651 -0.045401227709605356  4.3079008694060121 -0.04440597132196876  4.3079009372576014 -0.0434107150413943  4.3079010184044311 -0.042415458897743487  4.3079011128465021 -0.041420202920870529  4.3079012205838101 -0.040424947140622357  4.3079014626488261 -0.038434436643878522  4.3079015969765164 -0.037439181927391756  4.3079017445994241 -0.036443927467235807  4.3079019055175509 -0.035448673293266883  4.3079020797308916 -0.03445341943533986  4.3079022672394442 -0.033458165923308289  4.3079026688467641 -0.031467660664136358  4.3079028829455028 -0.030472408916994733  4.3079031103394234 -0.029477157575452471  4.3079033510285196 -0.028481906669363434  4.3079036050127888 -0.027486656228582391  4.3079038722922283 -0.026491406282965028  4.3079044165302429 -0.024560894549284309  4.3079046919344277 -0.023625632699828029  4.3079049790793835 -0.022690371338779287  4.3079052779651077 -0.021755110490915896  4.3079055885915976 -0.020819850181013323  4.3079059109588504 -0.019884590433844655  4.3079064676518337 -0.018326255410802666  4.3079066954477225 -0.017703179808197942  4.3079069284545266 -0.01708010447367338  4.307907166672245 -0.016457029414544751  4.3079074101008734 -0.015833954638136687  4.3079076587404135 -0.015210880151782671  4.3079081664409848 -0.013964732575912844  4.3079084255020019 -0.013341659486385615  4.3079086897739156 -0.012718586701563466  4.3079089592567197 -0.012095514228769005  4.3079092339504168 -0.011472442075327318  4.3079095138550043 -0.010849370248565979  4.3079100840855471 -0.009603228163912016  4.3079103744114828 -0.0089801579060100039  4.3079106699482912 -0.0083570879894369361  4.3079109706959722 -0.0077340184215196764  4.3079112766545222 -0.0071109492095840247  4.3079115878239396 -0.006487880360954712  4.3079123296803425 -0.0050268937996747563  4.3079127645805988 -0.0041889763867018551  4.3079132089049841 -0.0033510596618521403  4.3079136626534948 -0.0025131436429412244  4.3079141258261275 -0.0016752283477849007  4.3079145984228786 -0.00083731379419914136  4.3079150804437409 5.999999999062311e-07 
 0 8 0.26030394580524807 6 0.30981782512716471 6 0.37097212162308724 6 0.44721284811907203 6 0.55112983755205835 6 0.62392721503488036 6 0.68634645534228533 6 0.73631978267507303 6 0.97354696740195568 6 0.99724441481975878 6 0.99765817875853935 6 0.99807194244337694 6 0.99848570570690831 6 0.99887453003466808 6 0.99913356738406933 6 0.99939260440002642 6 0.99965164104146265 6 1 8
7 0 0  7 110 19  0 4.749210504445502  0.10271507756231267 4.749210504445502  0.20507937357840411 4.7813535148659945  0.30794979091552582 4.8452429135322275  0.41209747462488566 4.9383200232114612  0.51831478611801796 5.0557965914756515  0.62745176412541892 5.1903681395373251  0.76212020032979844 5.3586192879654311  0.78380127943506051 5.3857712804191999  0.80565130483309721 5.4131189407186877  0.82768044876709634 5.4405899303020231  0.84989900305173371 5.4681066527708424  0.87231737907317175 5.4955862538902869  0.92289471541521961 5.5567258376863018  0.95116955576617634 5.5903261609560788  0.97978539095654593 5.6235682024378644  1.0087569985033531 5.6562648990623172  1.0380998021159822 5.6882164713012378  1.0678305024861252 5.7192113808175886  1.1355395972256361 5.7861986164404566  1.1737974701986962 5.8215911747130722  1.2126925261440042 5.8546771644834674  1.252186335197049 5.8849378265696046  1.2922490237447535 5.9118788212824311  1.3328574596885119 5.9350456086509933  1.4300622501327105 5.9799268065353965  1.4870661679764556 5.9980403008834582  1.5445940716185671 6.0072226998714253  1.6022838298939315 6.0068473843265968  1.6597892490163038 5.9969309798706254  1.7167469286190349 5.9781319138368536  1.8119701905730197 5.9330717831372013  1.850714162919475 5.9107366087117033  1.8889584827846047 5.884980278900743  1.9266824881053226 5.8561996779729766  1.9638598636748372 5.8248247995314504  2.0004571908948292 5.7913064967983265  2.067279093758033 5.7259204729121  2.0976999734172375 5.6944676950213511  2.1277147651145922 5.661984106057913  2.1573409872804015 5.6286964767296999  2.1865947384409412 5.5948190109214604  2.2154913874934818 5.5605522149942761  2.2669075193033215 5.498484459456999  2.2895536070292173 5.4707521283612932  2.3119953500780674 5.442975785212913  2.3342434540063448 5.4152409611226702  2.3563085070079244 5.387627706897236  2.3782009799140851 5.3602105930391257  2.5030863576091269 5.2041666551793453  2.602854757887608 5.0809202025402485  2.7000880126978846 4.9711011970749945  2.7954576809674436 4.8803936535229626  2.8896101708772433 4.8127140660114174  2.9831526814493015 4.7704878711923993  3.0861086336271137 4.7531121689400351  3.0954571404938642 4.7517982690121965  3.1048040075715488 4.7507492934304869  3.1141496526193002 4.7499657992931246  3.1234944907795281 4.7494481559361237  3.132838934577916 4.7491965449332909  3.1423465507494073 4.7492112117889276  3.1425097075810808 4.7492115445825638  3.1426728644206441 4.7492119584770967  3.1428360212702953 4.7492124534724756  3.1429991781322344 4.7492130295686277  3.1431623350086615 4.7492136867654642  3.1434886486947646 4.7492151633598372  3.1436518055044393 4.749215982757276  3.1438149623330012 4.7492168832550856  3.1439781191826524 4.7492178648531445  3.1441412760555925 4.749218927551313  3.1443044329540202 4.7492200713494315  3.144630746640122 4.7492225211439569  3.1447939034277952 4.7492238271402005  3.1449570602453578 4.7492252142358735  3.1451202170950094 4.7492266824307867  3.1452833739789492 4.749228231724727  3.1454465308993771 4.7492298621174651  3.1457630107862129 4.7492331819425688  3.1459163337481 4.7492348618933828  3.1460696567459778 4.7492366134609858  3.1462229797816712 4.7492384366451619  3.1463763028570066 4.7492403314456775  3.1465296259738098 4.7492422978622892  3.1467850940414097 4.7492456936454914  3.1468872389681222 4.7492470831815936  3.1469893839145904 4.7492485045029706  3.1470915288813548 4.7492499576095382  3.1471936738689554 4.7492514425012171  3.1472958188779319 4.7492529591779213  3.1475001088082211 4.7492560560992194  3.1476022537295356 4.7492576363437289  3.147704398673306 4.7492592483730078  3.1478065436400704 4.7492608921869692  3.1479086886303702 4.7492625677855198  3.1480108336447437 4.749264275168561  3.1482151235750324 4.749267753500912  3.1483172684909499 4.7492695244501322  3.1484194134320211 4.7492713271835569  3.148521558398786 4.749273161701085  3.1486237033917841 4.7492750280026126  3.148725848411555 4.7492769260880348  3.1489653606744312 4.749281451293653  3.1491027279396193 4.7492841041127667  3.1492400952555175 4.749286814414317  3.1493774626234399 4.7492895821980312  3.1495148300447009 4.7492924074636278  3.1496521975206115 4.7492952902108145  3.1497895650524859 4.749298230439293 
 0 8 0.26030394580524807 6 0.30981782512716471 6 0.37097212162308724 6 0.44721284811907203 6 0.55112983755205835 6 0.62392721503488036 6 0.68634645534228533 6 0.73631978267507303 6 0.97354696740195568 6 0.99724441481975878 6 0.99765817875853935 6 0.99807194244337694 6 0.99848570570690831 6 0.99887453003466808 6 0.99913356738406933 6 0.99939260440002642 6 0.99965164104146265 6 1 8
7 0 0  4 29 10  5.1168628803256393 6.0000000000337561e-07  5.1168636668108043 -0.0013665747867370043  5.1168644246223982 -0.0027337518839739422  5.1168651537603864 -0.0041009311653423808  5.1168665797071773 -0.0068841246698586878  5.1168672744311632 -0.008300139042621793  5.1168679383966653 -0.0097161554824106711  5.1168692048118087 -0.012548194813458743  5.1168698072613372 -0.013964217704724891  5.116870378952215 -0.015380242382260496  5.1168714608174639 -0.018212297248642421  5.1168719709917392 -0.019628327437494063  5.1168724504072181 -0.021044359131853544  5.1168733477211266 -0.023876427091723225  5.1168737656194763 -0.025292463357237296  5.1168741527589097 -0.026708500847493245  5.1168748532312778 -0.029491750471991571  5.1168751686488854 -0.03085896253274107  5.116875455392222 -0.032226175478000336  5.1168759807472775 -0.035009433019166834  5.1168762172742142 -0.036425477670196299  5.1168764230420711 -0.037841522994112115  5.1168767730596967 -0.040673615425022548  5.1168769173094359 -0.042089662532018769  5.1168770308000457 -0.043505710031126577  5.1168771877045947 -0.046191318134132041  5.1168772371533109 -0.047460878688641808  5.1168772618776668 -0.048730439344320316  5.1168772618776668 -0.049999999999999219 
 0 5 0.10937436042294066 3 0.22265518170152826 3 0.33593621083342473 3 0.44921741752684197 3 0.56249877149059313 3 0.67187398319862768 3 0.785155538347175 3 0.89843715094089383 3 1 5
7 0 0  4 29 10  6.2749883957168962 4.7492982304392903  6.2752125302608013 4.7492934330409531  6.2754366646344302 4.7492888105337787  6.2756607988471034 4.7492843629198926  6.2761170722359489 4.7492756648762562  6.2763492114010973 4.7492714271628698  6.2765813504139185 4.7492673770631457  6.2770456285815435 4.7492596520875878  6.2772777677363454 4.7492559772124467  6.277509906759513 4.7492524899553166  6.277974184927138 4.7492458906750645  6.2782063240715944 4.749242778652528  6.2784384631051093 4.7492398542517353  6.2789027412727343 4.7492343806926769  6.2791348804068461 4.7492318315348978  6.2793670194507056 4.7492294700019553  6.2798232928148909 4.7492251971479842  6.2800474271406328 4.7492232731107018  6.2802715614011957 4.7492215239839402  6.2807278347795981 4.7492183193296889  6.2809599738933759 4.7492168765192408  6.2811921129575685 4.749215621337842  6.2816563911251952 4.7492134862336348  6.2818885302286285 4.7492126063110085  6.2821206693031675 4.7492119140186588  6.2825609330791741 4.7492109569012397  6.2827690577842814 4.7492106552640703  6.2829771824819343 4.749210504445502  6.2831853071795862 4.749210504445502 
 0 5 0.10937436042294066 3 0.22265518170152826 3 0.33593621083342473 3 0.44921741752684197 3 0.56249877149059313 3 0.67187398319862768 3 0.785155538347175 3 0.89843715094089383 3 1 5
7 0 0  1 2 2  5.2229468530304661 -13.5  5.2229468530304661 0 
 -1.0466698812367707e-14 2 13.499999999999996 2
1 0 0 0 1 
1 6.2831853071795862 -13.300000000000001 -1 0 
7 0 0  8 9 2  5.0335422722311529 -13.300000000000001  5.0308815418827058 -13.300000000000001  5.0281586967534375 -13.302053700524844  5.0253736067984729 -13.305966350903166  5.0225249112078423 -13.311514136970354  5.0196106270204925 -13.318409583043042  5.0166215508112328 -13.326252818375837  5.013542831972793 -13.334528586811828  5.0103256321182315 -13.34248451330501 
 0 9 1 9
7 0 0  8 9 2  1.2382766561824308 1.5707963267948966  1.269457278497113 1.6424509178675089  1.3031407461968147 1.712159834064698  1.3395383734378874 1.7798501866840566  1.3788732537918706 1.8452233476343223  1.4213536650736223 1.9077942376775328  1.4672391014911914 1.9667554036444717  1.51680199625825 2.0210354596076257  1.5707963267948966 2.0686371576410396 
 0 9 1 9
7 0 0  6 12 3  5.0103256726118914 -13.342484413166881  5.0049818768970828 -13.355699256110485  4.9997999058648936 -13.371225562901506  4.9946925265425204 -13.389319667685676  4.9896826281303266 -13.410450358194309  4.984901049412966 -13.434979351115183  4.9796984048453021 -13.468806419985611  4.9788340130575159 -13.47469958600359  4.9779883953452071 -13.480760227005101  4.9771635751019874 -13.486993819019856  4.9763619294446029 -13.493405606035973  4.9755861892129358 -13.500000599999998 
 0 7 0.8305676697060892 5 1 7
7 0 0  6 12 3  0.49784023170188352 -5.9999999999999997e-07  0.57690703270229204 0.07917914340806724  0.65600556224958817 0.15611706989831015  0.73750558989848813 0.23208367799532986  0.82270765844880844 0.30673781073632417  0.912438696562204 0.37811085343988721  1.0267564922766523 0.45586907859510539  1.0463880371613721 0.46879202318947205  1.0662995660678787 0.48143790869639208  1.0865084770937736 0.49377615625522697  1.1070319967752302 0.50577085453894455  1.127887180086991 0.51738075975411846 
 0 7 0.8305676697060892 5 1 7
1 10.019133210329988 -13.5 -1 -0 
7 0 0  6 12 3  4.4144522881574906 -13.342484413166888  4.4197960838723107 -13.355699256110521  4.4249780549044742 -13.371225562901497  4.4300854342268599 -13.389319667685632  4.4350953326390608 -13.410450358194373  4.4398769113564098 -13.434979351115159  4.4450795559240772 -13.468806419985611  4.4459439477118634 -13.474699586003588  4.4467895654241696 -13.480760227005101  4.4476143856673911 -13.486993819019856  4.4484160313247765 -13.493405606035976  4.4491917715564435 -13.500000599999998 
 0 7 0.83056766970620133 5 1 7
7 0 0  6 12 3  0.4978402317019297 9.1000006000000013  0.57690703270250077 9.0208208565917722  0.65600556224941775 8.9438829301017382  0.73750558989845239 8.8679163220048078  0.82270765844899041 8.7932621892635083  0.91243869656211618 8.72188914656018  1.0267564922766554 8.6441309214048996  1.046388037161371 8.6312079768105345  1.0662995660678751 8.6185620913036161  1.0865084770937739 8.6062238437447807  1.1070319967752356 8.5942291454610622  1.1278871800869936 8.5826192402458901 
 0 7 0.83056766970620133 5 1 7
7 0 0  8 9 2  4.3912356885382264 -13.300000000000001  4.3938964188866718 -13.300000000000001  4.3966192640159445 -13.302053700524839  4.3994043539709065 -13.305966350903184  4.4022530495615335 -13.311514136970327  4.4051673337488877 -13.318409583043064  4.4081564099581483 -13.326252818375828  4.4112351287965854 -13.334528586811826  4.4144523286511479 -13.342484513305013 
 0 9 1 9
7 0 0  8 9 2  0.33251967061246712 1.5707963267948966  0.30133904829780545 1.642450917867462  0.26765558059790756 1.7121598340648989  0.23125795335745991 1.7798501866836529  0.19192307300244421 1.8452233476348054  0.14944266172169848 1.9077942376771904  0.10355722530353891 1.9667554036446093  0.053994330536673081 2.0210354596076052  0 2.0686371576410423 
 0 9 1 9
7 0 0  1 2 2  4.2018311077389132 -13.5  4.2018311077389132 0 
 -1.0974171438249413e-14 2 13.499999999999996 2
1 0 0 0 1 
7 0 0  6 22 5  0 13.499999999999996  0.56284617009308813 13.499999999999996  1.1255495037526975 13.500000000000014  1.6881072253307112 13.499999999999984  2.250524120948076 13.500000000000007  2.8128159907395891 13.5  3.9376890303215091 13.5  4.5002738077876439 13.5  5.0627670008495551 13.5  5.6251970314605746 13.5  6.187599772421656 13.5  7.3101513888106009 13.5  7.870305246142614 13.500000000000002  8.4304860970110465 13.499999999999998  8.9907293405519759 13.500000000000002  9.5510630931420089 13.5  10.675931860099421 13.5  11.240472139528512 13.500000000000007  11.805138265639133 13.499999999999986  12.369946330365375 13.500000000000012  12.934901189451734 13.499999999999996  13.500000000000007 13.499999999999996 
 0 7 0.24988776017411629 5 0.49999999948631946 5 0.74911212878364708 5 1 7
1 6.274988494080854 -6.7721329416738691e-16 0 1 
1 4.0614585422815264 0.49999999999999822 1 0 
1 6.2831853071795862 -10.999999999999998 -1 0 
1 6.2831853071795862 -10.999999999999998 -1 0 
1 3.1497894666885253 -3.521340933957995e-16 0 1 
7 0 0  6 22 5  0 13.499999999999998  0.5628461700929972 13.499999999999998  1.1255495037530157 13.499999999999996  1.6881072253302092 13.5  2.2505241209484672 13.499999999999996  2.8128159907394537 13.499999999999998  3.9376890303217951 13.499999999999998  4.5002738077870186 13.499999999999998  5.0627670008500685 13.499999999999996  5.6251970314604529 13.499999999999998  6.1875997724216081 13.499999999999998  7.3101513888108096 13.499999999999998  7.870305246141724 13.499999999999998  8.4304860970127926 13.499999999999995  8.9907293405504554 13.500000000000002  9.5510630931425364 13.499999999999996  10.675931860098281 13.499999999999996  11.240472139532372 13.500000000000002  11.805138265633422 13.499999999999996  12.369946330369611 13.499999999999995  12.934901189450375 13.499999999999998  13.500000000000007 13.499999999999998 
 0 7 0.24988776017409797 5 0.49999999948634966 5 0.74911212878379718 5 1 7
1 0 0 1 0 
7 0 0  6 22 5  0 13.499999999999996  0.56284617009310423 13.499999999999996  1.1255495037526189 13.500000000000014  1.6881072253308234 13.499999999999984  2.2505241209480085 13.500000000000007  2.8128159907395962 13.5  3.9376890303210126 13.5  4.5002738077889761 13.5  5.0627670008479368 13.5  5.6251970314615525 13.5  6.1875997724213958 13.5  7.3101513888106497 13.5  7.8703052461421938 13.500000000000002  8.4304860970120554 13.499999999999998  8.9907293405510398 13.500000000000002  9.5510630931423446 13.5  10.67593186009919 13.5  11.240472139529183 13.500000000000007  11.805138265638448 13.499999999999986  12.3699463303656 13.500000000000012  12.934901189451763 13.499999999999996  13.500000000000007 13.499999999999996 
 0 7 0.24988776017431424 5 0.49999999948649809 5 0.74911212878371303 5 1 7
7 0 0  6 22 5  0 13.499999999999998  0.56284617009311666 13.499999999999998  1.1255495037525678 13.499999999999996  1.6881072253309339 13.5  2.2505241209478841 13.499999999999996  2.8128159907396597 13.499999999999998  3.9376890303212506 13.499999999999998  4.5002738077885809 13.499999999999998  5.0627670008480816 13.499999999999996  5.6251970314617159 13.499999999999998  6.1875997724212599 13.499999999999998  7.310151388810838 13.499999999999998  7.8703052461422383 13.499999999999998  8.4304860970112436 13.499999999999995  8.9907293405520505 13.500000000000002  9.5510630931419378 13.499999999999996  10.675931860099666 13.499999999999996  11.240472139527798 13.500000000000002  11.805138265640112 13.499999999999996  12.369946330364668 13.499999999999995  12.934901189451992 13.499999999999998  13.500000000000007 13.499999999999998 
 0 7 0.24988776017419467 5 0.49999999948639284 5 0.74911212878364553 5 1 7
1 0 0 1 0 
7 0 0  7 50 9  3.7229757585318848 1.5288258667910792  3.731441555658003 1.5419347482223302  3.7399688138269087 1.5542750272492747  3.7485534778507232 1.5658383989977358  3.7571913941273847 1.5766180937235876  3.7658783106406468 1.5866088768127522  3.7746098769600782 1.5958070487811995  3.8144613882760745 1.6339849939700957  3.8460545532181691 1.6537899376179901  3.8779445730455206 1.6635028133026624  3.9099409959877272 1.6633145494438992  3.941873268907627 1.6535994156443834  3.9735849109117418 1.6348312289655025  4.0342531889081696 1.5820171954737734  4.0632624491051388 1.5490260799585225  4.0918617029888606 1.5089829527950809  4.119966671668978 1.4622859881504251  4.147498848656392 1.4092983276539577  4.1743776495691902 1.3502914807653508  4.2188287398002924 1.2398293519849328  4.2367749705638449 1.1914040909604291  4.2543198574391354 1.1401022535834604  4.271420711967278 1.0859178180816706  4.2880200152605203 1.0288183087286984  4.3040400248301882 0.96871985657295812  4.3239283301955815 0.88662636859381883  4.3284237177901055 0.8675381302574604  4.3328549516462642 0.84816568210538379  4.3372186334833422 0.82850460589741837  4.3415109569855579 0.8085502339643863  4.3457277078020562 0.78829764920810297  4.3550567457721927 0.7419384601888136  4.3601226691670263 0.71565800734275953  4.3650530272657306 0.68888944128221874  4.3698372461753454 0.66162288574432282  4.3744633041209458 0.63384984848319015  4.3789178509909688 0.60556359626878586  4.3916864341661519 0.51940004736431378  4.3994559098940149 0.4599390359244182  4.4063689378880806 0.39839192418676206  4.412283239127933 0.33485231638557189  4.4170502551667861 0.26951078209975815  4.420562227316422 0.20272078128313734  4.4234343682811277 0.11593211471797783  4.4239660623983541 0.096711476010045025  4.4243952808190192 0.077434309546693531  4.4247221908308179 0.058112702803594991  4.4249474952751031 0.038758562212918825  4.4250724325468829 0.019383613163332179  4.4250987765948304 -6.0000000000000008e-07 
 0 8 0.071656501089647343 6 0.32554669686999471 6 0.56308998720218462 6 0.72962582784155627 6 0.77911977693341938 6 0.84124790157877383 6 0.9649678316852266 6 1 8
7 0 0  7 50 9  4.2794157801948609 0  4.2819872615760195 0.017262754700140742  4.2845794234640682 0.034538782785804349  4.2871923607113818 0.051823291043895152  4.2898261015485781 0.069111492602330002  4.2924806075845146 0.086398606930038285  4.2951557738062958 0.10367985983696182  4.307402555241298 0.18214300543357018  4.317213491407534 0.24321908598545816  4.3272706014807936 0.30392836082642422  4.3375594622494855 0.36410198766035251  4.3480598618069637 0.4236188606315599  4.3587427191112189 0.48238828140504275  4.379698076148058 0.59457804364318112  4.3899549849124231 0.6481117232441217  4.4003171286494647 0.70094816793806491  4.4107560910536563 0.75311675351414098  4.4212374972548485 0.80466989264635091  4.4317173654178417 0.85569430051278617  4.4494383367011974 0.94184957234285882  4.4567086401660738 0.97716032023639343  4.4639266438524805 1.0123350333392378  4.4710642684490001 1.0474322675064409  4.478083800453514 1.0825130512674643  4.4849332187481457 1.1176527061747998  4.493500328489259 1.163452707084345  4.4954412969594673 1.1739597782352456  4.4973584361800452 1.1844832598218582  4.4992494611728162 1.1950255743801439  4.5011118144117042 1.205589124332882  4.5029426658227276 1.2161762919896719  4.5069936824508394 1.2401117742245131  4.5091938286569357 1.2534746341220817  4.5113332480270696 1.2668830760070757  4.5134048560959394 1.2803412505292269  4.5154006106829678 1.2938523685429775  4.5173115352670896 1.3074186674298962  4.5227444781968531 1.3481691997655136  4.5259887070926297 1.3755434884130482  4.528777539175926 1.4031471713318131  4.5310156716239458 1.4309310734527554  4.5325997717318289 1.4588128783775285  4.5334472008269602 1.4866577558078273  4.5335577783366894 1.5220708673106844  4.533521138148445 1.5298661521397137  4.5334228918148218 1.5376378580021755  4.5332628082376036 1.5453820026799499  4.533040989799674 1.5530947977578342  4.5327578723650204 1.5607726486235447  4.5324142252787309 1.5684121544677165 
 0 8 0.071656501089647343 6 0.32554669686999471 6 0.56308998720218462 6 0.72962582784155627 6 0.77911977693341938 6 0.84124790157877383 6 0.9649678316852266 6 1 8
1 0 0 1 0 
7 0 0  7 50 9  5.701802202237495 1.5288258667910775  5.6933364051113786 1.541934748222328  5.6848091469424711 1.5542750272492722  5.6762244829186539 1.5658383989977342  5.6675865666419929 1.5766180937235867  5.658899650128733 1.5866088768127506  5.6501680838092998 1.5958070487811977  5.6103165724932991 1.633984993970099  5.578723407551216 1.6537899376179939  5.5468333877238507 1.6635028133026493  5.5148369647816553 1.6633145494438932  5.4829046918617701 1.6535994156443932  5.4511930498576175 1.6348312289654867  5.3905247718611902 1.5820171954737607  5.3615155116642645 1.5490260799585793  5.3329162577805089 1.5089829527950285  5.3048112891003916 1.4622859881503942  5.2772791121130114 1.4092983276540427  5.250400311200174 1.3502914807653159  5.2059492209690932 1.2398293519849515  5.1880029902055185 1.1914040909604047  5.1704581033302492 1.1401022535834635  5.1533572488021138 1.0859178180816935  5.1367579455088537 1.0288183087287008  5.1207379359391894 0.96871985657295523  5.1008496305737978 0.88662636859382382  5.0963542429792739 0.86753813025746584  5.0919230091231151 0.84816568210538879  5.087559327286038 0.82850460589742292  5.0832670037838223 0.80855023396439063  5.0790502529673249 0.78829764920810741  5.0697212149971902 0.74193846018882559  5.0646552916023539 0.71565800734275786  5.059724933503646 0.68888944128222018  5.0549407145940322 0.66162288574433659  5.0503146566484345 0.63384984848320347  5.0458601097784106 0.60556359626878098  5.0330915266032097 0.51940004736419232  5.0253220508754284 0.45993903592491708  5.0184090228811895 0.3983919241858484  5.0124947216415432 0.33485231638651447  5.0077277056025533 0.26951078209923979  5.0042157334529618 0.20272078128327081  5.0013435924882517 0.11593211471797729  5.000811898371027 0.096711476010046468  5.0003826799503601 0.077434309546697319  5.0000557699385615 0.058112702803598641  4.9998304654942771 0.038758562212919616  4.9997055282224965 0.019383613163329993  4.9996791841745472 -6.0000000000000008e-07 
 0 8 0.071656501089547603 6 0.32554669686957727 6 0.56308998720175929 6 0.72962582784117558 6 0.77911977693305656 6 0.84124790157842744 6 0.96496783168519507 6 1 8
7 0 0  7 50 9  5.1453621805745167 0  5.1427906991933598 0.017262754700140003  5.1401985373053103 0.034538782785804065  5.1375856000579958 0.051823291043895561  5.1349518592208003 0.069111492602330835  5.1322973531848648 0.086398606930039021  5.1296221869630836 0.10367985983696225  5.1173754055280787 0.18214300543358095  5.1075644693618498 0.243219085985413  5.0975073592885805 0.30392836082646613  5.0872184985198929 0.36410198766037921  5.0767180989624245 0.42361886063149784  5.0660352416581533 0.48238828140507956  5.0450798846213134 0.59457804364321232  5.0348229758569705 0.64811172324407573  5.0244608321199058 0.70094816793809056  5.0140218697157168 0.75311675351416441  5.0035404635145451 0.80466989264630107  4.9930605953515315 0.85569430051281448  4.9753396240681846 0.94184957234284628  4.9680693206033011 0.97716032023641464  4.9608513169168988 1.0123350333392347  4.9537136923203828 1.0474322675064247  4.9466941603158645 1.0825130512674686  4.9398447420212337 1.1176527061748021  4.9312776322801204 1.1634527070843432  4.929336663809913 1.1739597782352436  4.9274195245893351 1.1844832598218564  4.9255284995965622 1.1950255743801421  4.9236661463576752 1.20558912433288  4.9218352949466517 1.2161762919896693  4.9177842783185417 1.2401117742245067  4.9155841321124436 1.2534746341220833  4.9134447127423098 1.2668830760070759  4.911373104673439 1.2803412505292204  4.9093773500864115 1.2938523685429704  4.9074664255022906 1.3074186674298975  4.9020334825725191 1.34816919976557  4.8987892536767701 1.3755434884128082  4.896000421593425 1.4031471713322705  4.893762289145454 1.4309310734522804  4.8921781890375442 1.4588128783777803  4.8913307599424192 1.4866577558077727  4.8912201824326873 1.5220708673106844  4.8912568226209325 1.5298661521397128  4.8913550689545575 1.5376378580021739  4.8915151525317757 1.5453820026799481  4.8917369709697045 1.553094797757834  4.8920200884043581 1.5607726486235467  4.8923637354906484 1.568412154467717 
 0 8 0.071656501089547603 6 0.32554669686957727 6 0.56308998720175929 6 0.72962582784117558 6 0.77911977693305656 6 0.84124790157842744 6 0.96496783168519507 6 1 8
7 0 0  6 12 3  5.7018020845395121 1.5288260490407772  5.722443361553939 1.4968640173497378  5.7429856917698885 1.4656285922368972  5.7634380149308795 1.4352009388208391  5.7838091782236285 1.4056581357949336  5.804107936278073 1.3770731754273353  5.8866812568817455 1.2646159780318513  5.9484826489047578 1.1893696484059626  6.0098692666862528 1.1260104357761391  6.0709728403929732 1.0763117623843057  6.1319316485832855 1.0414798506984624  6.1928988572814783 1.0221195269774608 
 0 7 0.24505511878829195 5 1 7
7 0 0  6 12 3  5.1453621448238147 -2.4999993999999996  5.1516319227743983 -2.6052243625550511  5.1576571219734619 -2.7116574758561014  5.1634371644922226 -2.8192334555907319  5.168971255713128 -2.9278923641216807  5.1742583843298542 -3.0375796104868482  5.1948208522447086 -3.4891773590246009  5.2080057511944498 -3.8397714276004598  5.2187742998556921 -4.1979041067142102  5.2270610185356725 -4.5617344236339905  5.2328156236550178 -4.9296153954464046  5.236002427237481 -5.3000005999999997 
 0 7 0.24505511878829195 5 1 7
1 6.192898758518556 3.5788738997436726e-16 0 1 
7 0 0  4 5 2  6.1928986597556319 0.9064883923444782  6.2154796956280967 0.89923802300993483  6.2380512134985464 0.89437539444333936  6.2606182748477934 0.891943995230152  6.2831853071795862 0.891943995230152 
 0 5 1 5
7 0 0  4 5 2  5.2408005321537647 3.9000006000000003  5.2419939782818181 3.7628173236178735  5.2427911355515571 3.6253179568927969  5.2431897240899872 3.4876588972239393  5.2431897240899872 3.350000000000001 
 0 5 1 5
1 6.2831853071795862 0 0 1 
1 0 0 0 1 
7 0 0  4 29 10  6.2749883957168944 3.7647088192692859  6.2752205350507033 3.7647034817252205  6.2754526742184744 3.7646983457121461  6.2756848132296135 3.7646934112327579  6.2761490913991187 3.7646839453371137  6.276381230557484 3.76467941392163  6.2766133695780297 3.7646750840453538  6.27706964293907 3.7646669697252846  6.2772937772882678 3.7646631716223444  6.2775179115262203 3.7646595614034388  6.2779741849115256 3.7646525945057574  6.2782063240514061 3.7646492514875991  6.2784384630904375 3.7646461100174817  6.2789027412599454 3.7646402301728288  6.2791348803904219 3.7646374917987724  6.2793670194388582 3.7646349549761888  6.279831297608367 3.7646302844341504  6.2800634367294386 3.7646281507150681  6.2802955757872798 3.7646262185502053  6.2807598539567886 3.7646227573294451  6.2809919930684561 3.7646212282738341  6.2812241321357014 3.7646199007744539  6.2816884103052102 3.7646176488888021  6.2819205494074746 3.7646167245027056  6.282152688484123 3.7646160016741743  6.2825849474653639 3.7646150310320556  6.282785067374121 3.7646147314510023  6.2829851872768536 3.7646145816604832  6.2831853071795862 3.7646145816604832 
 0 5 0.11328065172478047 3 0.22656151898181076 3 0.33593632811976815 3 0.44921753875448323 3 0.56249888326070974 3 0.67578033410355876 3 0.78906186374876519 3 0.90234344466277872 3 1 5
7 0 0  4 29 10  5.143405075933897 0.49999939999999821  5.143405950970517 0.50141540236475579  5.1434067929659397 0.50283140730933962  5.1434076019201012 0.50424741468762668  5.143409153747263 0.50707943671353717  5.1434098966201374 0.50849545136116781  5.1434106064515133 0.50991146815027577  5.1434119366946511 0.51269467971880733  5.1434125593457525 0.51406187436299888  5.143413151194598 0.51542907073579391  5.1434142933258915 0.518212297153407  5.1434148413687959 0.5196283273143435  5.1434153563698191 0.52104435904235824  5.1434163202886021 0.52387642701371029  5.1434167692062829 0.52529246325705203  5.1434171850819368 0.5267085007752238  5.1434179507494893 0.52954057939820831  5.1434183005413274 0.53095662050302217  5.143418617291017 0.53237266259041838  5.1434191847062607 0.53520474942316587  5.1434194353717668 0.53662079416851749  5.14341965299504 0.53803683960420023  5.1434200221571738 0.54086893220483634  5.1434201736960059 0.54228497936979159  5.1434202921925456 0.54370102693282096  5.1434204513142561 0.54633780587361003  5.1434205004259033 0.54755853718666059  5.1434205249817264 0.54877926859333004  5.1434205249817264 0.54999999999999927 
 0 5 0.11328065172478047 3 0.22656151898181076 3 0.33593632811976815 3 0.44921753875448323 3 0.56249888326070974 3 0.67578033410355876 3 0.78906186374876519 3 0.90234344466277872 3 1 5
1 6.274988494080854 3.521340933957995e-16 0 1 
1 0 6.5 1 0 
1 0 0 1 0 
7 0 0  4 50 17  3.1333957421270995 3.7647088192692859  3.133627881460908 3.7647034817252205  3.1338600206286813 3.7646983457121523  3.134092159639819 3.7646934112327597  3.1345564378093242 3.7646839453371155  3.1347885769676895 3.7646794139216264  3.1350207159882348 3.7646750840453609  3.135476989349276 3.7646669697252917  3.1357011236984738 3.7646631716223391  3.1359252579364263 3.7646595614034406  3.1363735265151123 3.764652716732193  3.1365976608558461 3.7646494822803627  3.1368217951022639 3.7646464357163127  3.1372780684857235 3.7646406162674255  3.1375102076165242 3.7646378570433709  3.1377423466646359 3.7646352993706893  3.1382066248341447 3.7646305871282224  3.1384387639555409 3.7646284325588208  3.1386709030130571 3.7646264795435433  3.1391351811825658 3.7646229766217911  3.1393673202945589 3.7646214267156068  3.1395994593614787 3.764620078365581  3.1400637375309879 3.7646177847785411  3.1402958766335769 3.7646168395417088  3.1405280157099011 3.7646160958623862  3.1409990175648086 3.7646149959171931  3.141237880342405 3.7646146514963545  3.1414767431123849 3.7646145204786472  3.1420127406576155 3.7646147053478085  3.1423098754342984 3.7646151380571733  3.1426070102347814 3.7646159009920366  3.1432012802414491 3.7646180873121269  3.1434984154476342 3.7646195106980596  3.1437955507170594 3.7646212643083996  3.1443898220403512 3.7646254319787711  3.1446869580942178 3.7646278460401761  3.1449840942507672 3.7646305903239266  3.1455783677311855 3.764636739340554  3.1458755050550553 3.7646401440754835  3.1461726425210514 3.7646438790297281  3.1467669189971295 3.7646520093868117  3.1470640580072118 3.7646564047923676  3.1473611971988684 3.764661130413228  3.1479554775111729 3.7646712421031912  3.1482526186318225 3.764676628175684  3.1485497599734975 3.7646823444585329  3.1490825671930662 3.764693186470419  3.1493182329816451 3.7646981897004475  3.1495538989315057 3.7647034006343443  3.1497895650524863 3.7647088192692859 
 0 5 0.056640325862900159 3 0.11328075949213839 3 0.16796816406181769 3 0.22265564386532807 3 0.27929631404028765 3 0.33593703785834034 3 0.39257780155227945 3 0.44921859135532771 3 0.50749993969849827 3 0.57999937105157862 3 0.65249888015641921 3 0.72499854017642995 3 0.79749842528415715 3 0.86999860815887253 3 0.94249916346415019 3 1 5
7 0 0  4 50 17  4.2813728848354824 0.60000059999999966  4.2813720097988623 0.59858459763524507  4.2813711678034396 0.59716859269067435  4.2813703588492782 0.59575258531238462  4.2813688070221163 0.59292056328647491  4.281368064149242 0.59150454863884294  4.281367354317867 0.59008853184973209  4.2813660240747291 0.58730532028119808  4.281365401423626 0.5859381256370082  4.2813648095747814 0.58457092926421206  4.2813636874809049 0.58183653144359448  4.2813631572359574 0.58046932999576595  4.2813626577934283 0.57910212708237618  4.2813617037755529 0.57631888821205146  4.2813612514397477 0.57490285215812487  4.2813608321459675 0.57348681481928909  4.2813600596421466 0.57065473652295418  4.281359706432168 0.56923869556545337  4.2813593862643318 0.56782265361529238  4.2813588120127877 0.56499056702499129  4.281358557929126 0.56357452238484806  4.2813583368876937 0.56215847704430033  4.2813579608892356 0.55932638460190542  4.281357805932239 0.55791033750005992  4.2813576840175314 0.5564942899900609  4.2813575036985849 0.55362117967073687  4.2813574472361573 0.55216411684598821  4.2813574257578431 0.55070705390306696  4.2813574560642635 0.54743746890187373  4.2813575270002264 0.54562494686609952  4.28135765207153 0.54381242520016915  4.2813580104849676 0.54018738127705401  4.2813582438272171 0.53837485901987014  4.2813585313048828 0.53656233774541984  4.281359214531669 0.53293729400192535  4.2813596102810152 0.53112477153288684  4.2813600601659214 0.52931225065947429  4.281361068208291 0.52568720708950933  4.2813616263660919 0.52387468439296814  4.2813622386596677 0.52206216390495486  4.2813635715209433 0.51843712051460789  4.2813642920890889 0.51662459761229562  4.2813650667932928 0.51481207753142066  4.2813667244778797 0.51118703431460699  4.2813676074588196 0.50937451117870103  4.2813685445761767 0.50756199147715531  4.2813703220019415 0.50431195295485942  4.2813711422269591 0.50287443274634946  4.2813719965048289 0.50143691504377086  4.2813728848354824 0.49999939999999821 
 0 5 0.056640325862900159 3 0.11328075949213839 3 0.16796816406181769 3 0.22265564386532807 3 0.27929631404028765 3 0.33593703785834034 3 0.39257780155227945 3 0.44921859135532771 3 0.50749993969849827 3 0.57999937105157862 3 0.65249888015641921 3 0.72499854017642995 3 0.79749842528415715 3 0.86999860815887253 3 0.94249916346415019 3 1 5
7 0 0  8 9 2  2.560209548647701 1.4185621764039933  2.6424204691805118 1.6473810929184109  2.7200667942176251 1.9015038163071918  2.794244270687305 2.1774029691608576  2.8656054575891772 2.4711231507063345  2.9347190968440429 2.7791287159763081  3.0020605363032393 3.098599074790124  3.0681103264207588 3.4275112619037342  3.1333958404910622 3.7647088170076373 
 0 9 1 9
7 0 0  8 9 2  4.2755764760571386 4.1704316323373591  4.2629005765964649 3.6407940085666319  4.2560023822953621 3.1078643057678867  4.2535048324460512 2.5763759153616728  4.2544657056471404 2.0489989687910484  4.2581709600140352 1.5273464152866982  4.2641141091543187 1.0121177628256477  4.27192675798503 0.50326779444117808  4.281372884464707 -4.9835069492158811e-15 
 0 9 1 9
7 0 0  6 17 4  2.5602094309497208 1.4185623604941853  2.5796380277381674 1.3881742932504897  2.5989787589918989 1.3584347141837327  2.6182399588909497 1.3294108612564861  2.6374293608574715 1.3011675666678695  2.6565540975557371 1.2737672568535521  2.7472050288589713 1.1477875385163783  2.8181130878639316 1.06083497790068  2.8885019314612723 0.98993468265182605  2.9585543680490476 0.93779815965286939  3.0284639163852809 0.90606802101981132  3.120688574760266 0.89184374626628582  3.1429225504835592 0.89052942603446927  3.165155606769432 0.89134408929761866  3.1873906910918688 0.89428731902988323  3.2096308643791276 0.8993448147146369  3.2318793010137479 0.9064883923444782 
 0 7 0.16814143683068208 5 0.79941757692445981 5 1 7
7 0 0  6 17 4  4.275576512168878 -6.0000000000000008e-07  4.2696154882950799 0.099042369489373061  4.2638729898866687 0.19915459495404422  4.2583493090577598 0.30028630664888373  4.2530450651951215 0.40238921172733194  4.2479612049581759 0.50541649424139934  4.2248441770704126 0.99943237067805279  4.2096771846815884 1.4027096477344461  4.1977331103129041 1.8158134716529808  4.1891184671551391 2.2358883249561998  4.1839055528501943 2.6603935636458638  4.1815715328095591 3.2224405285119926  4.1813565165173534 3.3580976644439495  4.1814899856367695 3.4937846551977274  4.181971918258796 3.6293987734750033  4.1828015609226172 3.764837915296102  4.1839774286156137 3.9000005999999998 
 0 7 0.16814143683068208 5 0.79941757692445981 5 1 7
1 3.2318792022508234 -3.5788738997436726e-16 0 1 
7 0 0  6 12 3  3.2318791034879011 1.0221195269774626  3.2928336550572532 1.041475831388462  3.3537798518571322 1.0762973139396284  3.4148707362851516 1.1259795559105903  3.4762444812487252 1.1893171919427368  3.5380327160050244 1.2645380828107116  3.6206052159661923 1.3769819146511917  3.6409167511325724 1.4055826803650133  3.6613007675721314 1.4351426527999502  3.6817660354105164 1.4655887032794881  3.7023214188620766 1.4968436082020069  3.7229758762298668 1.5288260490407772 
 0 7 0.75478845935792627 5 1 7
7 0 0  6 12 3  4.1887755335318984 -5.3000005999999997  4.1919616755163585 -4.9296922894580311  4.1977145551956294 -4.5618869152687926  4.2059985119151131 -4.1981301149259904  4.216763293913246 -3.8400679772324153  4.229943460227326 -3.489540373046947  4.2505026969893942 -3.037929819224626  4.2557925706116597 -2.9281699014054841  4.2613297243468837 -2.819439528567012  4.2671131443799366 -2.7117933964224403  4.2731420344689957 -2.605291553271416  4.2794158159455646 -2.4999993999999996 
 0 7 0.75478845935792627 5 1 7
7 0 0  6 22 5  0 13.499999999999998  0.56284617009320181 13.499999999999998  1.125549503752316 13.499999999999996  1.6881072253312703 13.5  2.2505241209476594 13.499999999999996  2.8128159907397179 13.499999999999998  3.9376890303217174 13.499999999999998  4.500273807787095 13.499999999999998  5.0627670008501298 13.499999999999996  5.6251970314603126 13.499999999999998  6.1875997724216809 13.499999999999998  7.3101513888109215 13.499999999999998  7.8703052461411325 13.499999999999998  8.4304860970136044 13.499999999999995  8.9907293405499686 13.500000000000002  9.5510630931426768 13.499999999999996  10.675931860100311 13.499999999999996  11.240472139525647 13.500000000000002  11.805138265643194 13.499999999999996  12.369946330362412 13.499999999999995  12.93490118945275 13.499999999999998  13.500000000000007 13.499999999999998 
 0 7 0.24988776017375347 5 0.49999999948574325 5 0.74911212878301192 5 1 7
1 9.2733165207629042 0 -1 -0 
7 0 0  6 22 5  0 13.499999999999998  0.56284617009310822 13.499999999999998  1.1255495037526657 13.499999999999996  1.6881072253307505 13.5  2.2505241209480373 13.499999999999996  2.8128159907396078 13.499999999999998  3.9376890303213354 13.499999999999998  4.5002738077884263 13.499999999999998  5.0627670008481545 13.499999999999996  5.6251970314617461 13.499999999999998  6.1875997724212217 13.499999999999998  7.310151388810584 13.499999999999998  7.870305246142661 13.499999999999998  8.4304860970112188 13.499999999999995  8.9907293405516597 13.500000000000002  9.5510630931421634 13.499999999999996  10.675931860099704 13.499999999999996  11.240472139527482 13.500000000000002  11.805138265640583 13.499999999999996  12.369946330364371 13.499999999999995  12.934901189452068 13.499999999999998  13.500000000000007 13.499999999999998 
 0 7 0.24988776017421954 5 0.49999999948645724 5 0.74911212878361921 5 1 7
7 0 0  6 22 5  0 13.499999999999998  0.56284617009313886 13.499999999999998  1.1255495037524834 13.499999999999996  1.6881072253310507 13.5  2.250524120947818 13.499999999999996  2.8128159907396655 13.499999999999998  3.9376890303209691 13.499999999999998  4.5002738077891937 13.499999999999998  5.0627670008474883 13.499999999999996  5.6251970314620205 13.499999999999998  6.1875997724211773 13.499999999999998  7.3101513888105947 13.499999999999998  7.8703052461425367 13.499999999999998  8.4304860970114657 13.499999999999995  8.990729340551459 13.500000000000002  9.5510630931422345 13.499999999999996  10.675931860099297 13.499999999999996  11.240472139529082 13.500000000000002  11.805138265638059 13.499999999999996  12.369946330366261 13.499999999999995  12.934901189451459 13.499999999999998  13.500000000000007 13.499999999999998 
 0 7 0.24988776017436698 5 0.49999999948661517 5 0.74911212878377276 5 1 7
1 7.6842465908102655 0 -1 -0 
7 0 0  6 22 5  0 13.499999999999996  0.56284617009303217 13.499999999999996  1.1255495037529226 13.500000000000014  1.6881072253303251 13.499999999999984  2.2505241209483926 13.500000000000007  2.8128159907394727 13.5  3.9376890303213186 13.5  4.5002738077884956 13.5  5.0627670008480532 13.5  5.6251970314618545 13.5  6.1875997724211773 13.5  7.3101513888107821 13.5  7.8703052461423617 13.500000000000002  8.4304860970112454 13.499999999999998  8.9907293405517752 13.500000000000002  9.5510630931421794 13.5  10.675931860099308 13.5  11.240472139529055 13.500000000000007  11.805138265638201 13.499999999999986  12.369946330366155 13.500000000000012  12.934901189451486 13.499999999999996  13.500000000000007 13.499999999999996 
 0 7 0.24988776017427816 5 0.4999999994865067 5 0.74911212878372813 5 1 7
1 6.2831853071795862 -10.999999999999998 -1 0 
1 6.2831853071795862 -10.999999999999998 -1 0 
1 3.1497894666885253 6.7721329416738691e-16 0 1 
1 13.500000000000007 0 0 1 
7 0 0  1 2 2  3.5427659145752282 -13.500000000000002  3.5427659145752282 -8.437694986953979e-16 
 -1.0466698812367707e-14 2 13.499999999999996 2
7 0 0  6 22 5  13.500000000000007 0.1999999999999886  12.934901189452855 0.19999999999998855  12.369946330362097 0.19999999999996979  11.805138265643455 0.20000000000000151  11.240472139525641 0.19999999999998008  10.675931860100267 0.19999999999998883  9.5510630931420497 0.19999999999998838  8.9907293405522868 0.19999999999997298  8.430486097010327 0.2000000000000014  7.8703052461431691 0.19999999999997825  7.310151388810497 0.19999999999998858  6.1875997724210769 0.19999999999998863  5.6251970314623039 0.19999999999997561  5.0627670008473071 0.19999999999998658  4.5002738077890854 0.19999999999998933  3.9376890303211116 0.19999999999998486  2.8128159907394612 0.19999999999998525  2.2505241209484415 0.19999999999999982  1.6881072253302383 0.1999999999999843  1.1255495037530141 0.19999999999998028  0.56284617009299254 0.1999999999999873  0 0.19999999999998749 
 0 7 0.25088787121643713 5 0.50000000051345705 5 0.75011223982565522 5 1 7
1 12.566370614359171 -13.300000000000001 -1 0 
7 0 0  6 22 5  13.500000000000007 0.19999999999998461  12.934901189450764 0.19999999999998466  12.369946330368666 0.19999999999998544  11.805138265634405 0.19999999999997647  11.240472139531921 0.19999999999999155  10.675931860098334 0.1999999999999813  9.5510630931421705 0.1999999999999808  8.9907293405513862 0.19999999999999649  8.4304860970119595 0.19999999999996471  7.8703052461419398 0.19999999999999346  7.310151388810862 0.19999999999998108  6.1875997724217546 0.19999999999998103  5.6251970314601731 0.1999999999999976  5.0627670008501306 0.19999999999995985  4.5002738077872548 0.1999999999999981  3.9376890303216077 0.1999999999999808  2.812815990739665 0.1999999999999813  2.2505241209478526 0.19999999999998561  1.688107225330953 0.19999999999998577  1.1255495037525889 0.19999999999997695  0.56284617009309701 0.19999999999998672  0 0.19999999999998688 
 0 7 0.25088787121614503 5 0.50000000051367421 5 0.75011223982591935 5 1 7
1 12.566370614359172 -13.300000000000001 -1 0 
7 0 0  6 22 5  13.500000000000007 0.19999999999998461  12.934901189451571 0.19999999999998466  12.369946330366121 0.19999999999998544  11.80513826563789 0.19999999999997647  11.24047213952954 0.19999999999999155  10.675931860099032 0.1999999999999813  9.5510630931418312 0.1999999999999808  8.9907293405527238 0.19999999999999649  8.4304860970098616 0.19999999999996471  7.8703052461435021 0.19999999999999346  7.3101513888103611 0.19999999999998108  6.1875997724213425 0.19999999999998103  5.6251970314613287 0.1999999999999976  5.0627670008487895 0.19999999999995985  4.5002738077879627 0.1999999999999981  3.9376890303214753 0.1999999999999808  2.8128159907394723 0.1999999999999813  2.250524120948409 0.19999999999998561  1.68810722533028 0.19999999999998577  1.1255495037529717 0.19999999999997695  0.56284617009302007 0.19999999999998672  0 0.19999999999998688 
 0 7 0.25088787121602335 5 0.50000000051327442 5 0.75011223982564723 5 1 7
1 12.566370614359172 -13.300000000000001 -1 0 
7 0 0  6 22 5  13.500000000000007 0.19999999999998461  12.934901189451718 0.19999999999998466  12.369946330365345 0.19999999999998544  11.805138265639572 0.19999999999997647  11.240472139527817 0.19999999999999155  10.67593186009978 0.1999999999999813  9.5510630931415736 0.1999999999999808  8.9907293405534698 0.19999999999999649  8.430486097008707 0.19999999999996471  7.8703052461445644 0.19999999999999346  7.3101513888098779 0.19999999999998108  6.1875997724213443 0.19999999999998103  5.6251970314615658 0.1999999999999976  5.0627670008480896 0.19999999999995985  4.500273807788731 0.1999999999999981  3.9376890303211587 0.1999999999999808  2.8128159907394434 0.1999999999999813  2.250524120948481 0.19999999999998561  1.6881072253302374 0.19999999999998577  1.1255495037529617 0.19999999999997695  0.56284617009302718 0.19999999999998672  0 0.19999999999998688 
 0 7 0.25088787121603967 5 0.50000000051309135 5 0.75011223982547892 5 1 7
1 12.566370614359172 -13.300000000000001 -1 0 
1 0 1.5707963267948966 1 0 
1 0 0 0 1 
1 0 0 0 1 
1 0 4.7123889803846897 1 0 
1 0 0 0 1 
1 0 4.7123889803846897 1 0 
1 0 0 0 1 
1 0 0 0 1 
1 0 1.5707963267948966 1 0 
1 0 1.5707963267948966 0 1 
1 0 1.1999999999999993 1 0 
1 0 3.1415926535897931 1 0 
1 0 1.3500000000000014 1 0 
1 1.5707963267948966 0 0 1 
1 -1.5707963267948966 0 1 0 
1 1.1278852827212511 0 0 1 
1 0 9.1000000000000014 1 0 
1 0 1.5707963267948966 0 1 
1 1.5707963267948966 0 0 1 
1 0 3.1415926535897931 1 0 
1 1.5707963267948966 1.3500000000000014 -1 -0 
1 1.5707963267948966 0 0 1 
1 -1.5707963267948966 0 1 0 
1 0 1.5707963267948966 1 0 
1 1.5707963267948966 0 0 1 
1 0 1.5707963267948966 1 0 
1 1.5707963267948966 0 0 1 
1 0 1.5707963267948966 1 0 
1 1.5707963267948966 0 0 1 
1 0 0 0 1 
1 0 1.5707963267948966 1 0 
7 0 0  6 22 5  13.500000000000007 0.19999999999998319  12.934901189451216 0.19999999999998302  12.369946330366854 0.19999999999999785  11.805138265637392 0.199999999999979  11.240472139529496 0.1999999999999871  10.675931860099201 0.19999999999998697  9.5510630931416305 0.19999999999998652  8.9907293405528161 0.19999999999998835  8.4304860970103377 0.19999999999997692  7.8703052461428902 0.19999999999999482  7.310151388810592 0.19999999999998316  6.1875997724216791 0.19999999999998322  5.6251970314605275 0.19999999999999216  5.0627670008496084 0.19999999999998305  4.5002738077875941 0.19999999999998597  3.9376890303215282 0.19999999999998655  2.8128159907395598 0.19999999999998694  2.2505241209481901 0.19999999999998247  1.6881072253304976 0.19999999999999257  1.125549503752878 0.19999999999998386  0.56284617009301974 0.1999999999999873  0 0.19999999999998749 
 0 7 0.25088787121615463 5 0.50000000051355087 5 0.75011223982581665 5 1 7
1 6.2831853071795862 -13.300000000000001 -1 0 
7 0 0  6 22 5  13.500000000000007 0.19999999999998461  12.934901189450898 0.19999999999998466  12.36994633036826 0.19999999999998544  11.805138265635197 0.19999999999997647  11.240472139531096 0.19999999999999155  10.675931860098698 0.1999999999999813  9.5510630931421101 0.1999999999999808  8.9907293405516953 0.19999999999999649  8.4304860970114888 0.19999999999996471  7.870305246142177 0.19999999999999346  7.310151388810838 0.19999999999998108  6.1875997724212617 0.19999999999998103  5.6251970314616493 0.1999999999999976  5.0627670008482308 0.19999999999995985  4.5002738077884645 0.1999999999999981  3.9376890303212861 0.1999999999999808  2.8128159907395363 0.1999999999999813  2.2505241209482572 0.19999999999998561  1.6881072253304281 0.19999999999998577  1.1255495037529166 0.19999999999997695  0.56284617009300852 0.19999999999998672  0 0.19999999999998688 
 0 7 0.25088787121608047 5 0.50000000051341176 5 0.75011223982568809 5 1 7
1 12.566370614359172 -13.300000000000001 -1 0 
7 0 0  6 22 5  13.500000000000007 0.19999999999998319  12.934901189451308 0.19999999999998302  12.369946330366835 0.19999999999999785  11.805138265636961 0.199999999999979  11.240472139530155 0.1999999999999871  10.675931860098883 0.19999999999998697  9.5510630931423446 0.19999999999998652  8.9907293405510398 0.19999999999998835  8.4304860970120554 0.19999999999997692  7.8703052461421938 0.19999999999999482  7.3101513888106497 0.19999999999998316  6.1875997724213079 0.19999999999998322  5.6251970314617221 0.19999999999999216  5.0627670008478702 0.19999999999998305  4.5002738077888944 0.19999999999998597  3.9376890303210845 0.19999999999998655  2.8128159907395163 0.19999999999998694  2.2505241209483118 0.19999999999998247  1.6881072253303497 0.19999999999999257  1.1255495037529866 0.19999999999998386  0.56284617009298032 0.1999999999999873  0 0.19999999999998749 
 0 7 0.25088787121616407 5 0.50000000051339255 5 0.75011223982562925 5 1 7
1 6.2831853071795862 -13.300000000000001 -1 0 
7 0 0  6 22 5  13.500000000000007 0.19999999999998461  12.934901189450514 0.19999999999998466  12.369946330368856 0.19999999999998544  11.805138265634969 0.19999999999997647  11.240472139530977 0.19999999999999155  10.675931860098805 0.1999999999999813  9.5510630931422469 0.1999999999999808  8.990729340551205 0.19999999999999649  8.4304860970119879 0.19999999999996471  7.8703052461421628 0.19999999999999346  7.3101513888106942 0.19999999999998108  6.1875997724213452 0.19999999999998103  5.6251970314613207 0.1999999999999976  5.0627670008488472 0.19999999999995985  4.5002738077878659 0.1999999999999981  3.9376890303215415 0.1999999999999808  2.8128159907395975 0.1999999999999813  2.2505241209480626 0.19999999999998561  1.6881072253306875 0.19999999999998577  1.1255495037527412 0.19999999999997695  0.56284617009306537 0.19999999999998672  0 0.19999999999998688 
 0 7 0.25088787121618356 5 0.50000000051350924 5 0.7501122398258071 5 1 7
1 0 0 0 1 
1 13.500000000000007 0 0 1 
7 0 0  1 2 2  5.8820120461941521 -13.500000000000002  5.8820120461941521 -8.437694986953979e-16 
 -1.0974171438249413e-14 2 13.499999999999996 2
1 0 0 0 1 
7 0 0  1 2 2  0.40117326098543449 -13.500000000000002  0.4011732609854346 -8.437694986953979e-16 
 -1.0974171438249413e-14 2 13.499999999999996 2
1 13.500000000000007 0 0 1 
7 0 0  1 2 2  8.3645395066202592 -13.5  8.3645395066202592 0 
 -1.0974171438249413e-14 2 13.499999999999996 2
7 0 0  7 110 19  8.2584699154674617 -0.050000000000000711  8.2584699154674617 -0.67656197313067068  8.2532005976437688 -1.3009849438299135  8.2427267522493555 -1.917693697721524  8.227060207834878 -2.5209431078077169  8.2061933071549369 -3.103614172142942  8.1800921473865138 -3.6564425909171896  8.1427212541926739 -4.2627465112121001  8.136553306154747 -4.358134352804468  8.1301883320793653 -4.4519267833910448  8.1236247873441894 -4.5440276764144478  8.1168611314455177 -4.6343308979229532  8.1098958279982956 -4.7227203065705003  8.0938735938920061 -4.9157194397095534  8.0847082487172717 -5.0192771404812886  8.0752300063385967 -5.1194803634461961  8.0654381106644539 -5.2160448497762815  8.0553322840365222 -5.3086642717139236  8.0449126588811115 -5.3970099299845424  8.0207989999782718 -5.5851043664781139  8.0069119750447832 -5.6824397424509838  7.9925485636764249 -5.7717732067936947  7.977741020325678 -5.8522137943493666  7.9625238877369426 -5.9229379631279349  7.9469339599023057 -5.9831846102956661  7.909306037994507 -6.0991269003302353  7.8869991489497595 -6.1451782899641305  7.8643309570706412 -6.1682524495048741  7.8415471470244791 -6.1673090360739744  7.8188948347092104 -6.142375528400918  7.7966196437713862 -6.094547902792435  7.759791331905781 -5.978040454833855  7.7449277281351838 -5.9199079007747457  7.7304058531409101 -5.8522552963277361  7.7162577953352356 -5.7757484297775239  7.7025137704989275 -5.6911055125558363  7.6892020922988076 -5.5991011444627361  7.6653285350504268 -5.4160861671439209  7.6546338758917898 -5.3267175245556517  7.644265899162213 -5.2328418796731322  7.6342249537361822 -5.1348124408976217  7.6245109278229526 -5.0329584527192139  7.6151231732596409 -4.9275855519544063  7.5988047271876962 -4.732022574586467  7.5917561395413058 -4.6429800174237688  7.5849131000979542 -4.5519789734526031  7.5782740338765775 -4.4591395177604873  7.5718373576822415 -4.3645712795654319  7.5656014801061406 -4.268373442215939  7.5309082292859726 -3.7066617070512251  7.5066663648438672 -3.2067673125107929  7.4867787837280861 -2.6812215195343239  7.4712097307244063 -2.137273586386649  7.4599431244670082 -1.5803783639245648  7.4529878426563254 -1.0150071416826627  7.4501332134685452 -0.38826107367455542  7.4499174465716909 -0.33128038107145519  7.4497453263034901 -0.2742774888904162  7.4496168610677183 -0.21725800803871437  7.4495320564599652 -0.16022755657592405  7.4494909152676296 -0.10319175971391774  7.4494934814817615 -0.045160993382895018  7.4494935387888495 -0.044165737031282175  7.449493609391177 -0.043170480791878289  7.449493693288745 -0.04217522469453578  7.4494937904815526 -0.041179968769109267  7.449493900969598 -0.040184713045455567  7.4494941485360808 -0.038194202686093658  7.4494942856145041 -0.03719894805039381  7.449494435988143 -0.036203693676175576  7.4494945996569992 -0.035208439593285921  7.4494947766210675 -0.034213185831577446  7.449494966880347 -0.033217932420908348  7.4494953739891114 -0.031227427388647727  7.4494955908385707 -0.030232175767053931  7.4494958209832083 -0.029236924556208497  7.4494960644230206 -0.028241673785961905  7.4494963211580032 -0.027246423486167664  7.4494965911881552 -0.0262511736866823  7.4494971371084073 -0.024333495668716103  7.4494974111241179 -0.023411067375502168  7.449497696560603 -0.022488639561475159  7.4494979934178565 -0.021566212250395799  7.4494983016958782 -0.020643785466033928  7.4494986213946666 -0.019721359232168494  7.4494991684647802 -0.018197343148306011  7.449499389273087 -0.017595752968289774  7.4494996149391328 -0.016994163039124262  7.4494998454629116 -0.016392573367399011  7.4495000808444258 -0.015790983959707714  7.4495003210836739 -0.015189394822648186  7.4495008200307771 -0.013964732575905612  7.449501079091795 -0.013341659486383453  7.449501343363707 -0.012718586701565877  7.4495016128465137 -0.012095514228770605  7.4495018875402108 -0.011472442075323133  7.4495021674447983 -0.010849370248556716  7.4495027376753384 -0.0096032281639032574  7.449503028001276 -0.0089801579060055613  7.4495033235380861 -0.0083570879894372656  7.4495036242857653 -0.0077340184215202107  7.4495039302443145 -0.0071109492095800938  7.4495042414137318 -0.0064878803609464642  7.4495049832701357 -0.0050268937996791963  7.4495054181703919 -0.0041889763867007136  7.4495058624947772 -0.0033510596618448068  7.4495063162432889 -0.0025131436429333574  7.4495067794159224 -0.0016752283477826171  7.4495072520126717 -0.00083731379420320148  7.4495077340335332 5.999999999062311e-07 
 0 8 0.26030394585300193 6 0.3098178251840723 6 0.37097212169131399 6 0.44721284820136464 6 0.55112983765346868 6 0.62392721512465232 6 0.68634645540096795 6 0.73631978270884502 6 0.97354696731796286 6 0.99725868251758321 6 0.99767244645439124 6 0.99808621013149679 6 0.99849997338152696 6 0.99888346235130399 6 0.99913356737563741 6 0.99939260439411115 6 0.99965164103807069 6 1 8
7 0 0  7 110 19  0 4.7492105044454931  0.10271507756240494 4.7492105044454931  0.20507937357824935 4.7813535148661037  0.30794979091550556 4.8452429135318713  0.41209747462519153 4.9383200232120101  0.51831478611765247 5.0557965914751675  0.62745176412557957 5.1903681395375196  0.76212020032979744 5.3586192879654231  0.78380127943505884 5.3857712804191964  0.80565130483309499 5.4131189407186895  0.82768044876709435 5.4405899303020258  0.84989900305173249 5.4681066527708424  0.87231737907317108 5.495586253890286  0.9228947154152245 5.5567258376863071  0.95116955576617213 5.5903261609560735  0.97978539095654893 5.6235682024378661  1.0087569985033682 5.6562648990623297  1.0380998021159915 5.6882164713012449  1.0678305024861106 5.7192113808175753  1.1355395972256306 5.7861986164404522  1.1737974701987066 5.8215911747130757  1.2126925261440136 5.8546771644834701  1.2521863351970488 5.8849378265696073  1.292249023744757 5.9118788212824365  1.3328574596885345 5.9350456086510031  1.4300622501326727 5.9799268065353788  1.4870661679764976 5.99804030088346  1.5445940716185771 6.0072226998714502  1.6022838298939404 6.0068473843265977  1.6597892490163473 5.9969309798705961  1.7167469286190076 5.9781319138368678  1.8119701905595686 5.9330717831435651  1.8507141629180908 5.9107366087144388  1.8889584827948955 5.8849802788950418  1.9266824881151976 5.856199677964125  1.9638598636731841 5.8248247995307878  2.0004571908826505 5.791306496810245  2.067279093758057 5.7259204729120787  2.0976999734172419 5.6944676950213511  2.1277147651145945 5.661984106057913  2.1573409872804139 5.6286964767296848  2.1865947384409523 5.5948190109214462  2.2154913874934752 5.5605522149942903  2.2669075193033303 5.4984844594569955  2.2895536070292231 5.4707521283612897  2.3119953500780706 5.4429757852129104  2.334243454006347 5.4152409611226693  2.3563085070079284 5.3876277068972298  2.3782009799140913 5.3602105930391195  2.5030863576093285 5.2041666551790939  2.6028547578880343 5.0809202025402094  2.7000880126964595 4.9711011970755825  2.7954576809687741 4.8803936535224182  2.8896101708768254 4.8127140660115817  2.9831526814492517 4.7704878711924117  3.0861142634301006 4.7531112188076907  3.0954683975657766 4.7517966869620532  3.1048208901960526 4.7507473990201374  3.1141721598595877 4.7499639129715785  3.1235226224401083 4.7494465985921659  3.132872691166404 4.7491956374438535  3.1423859334371795 4.7492112913469624  3.1425490902680928 4.749211640920092  3.1427122471072759 4.7492120715941075  3.1428754039569275 4.749212583368954  3.1430385608192464 4.7492131762445577  3.1432017176964342 4.7492138502208281  3.1435280313825382 4.7492153603740048  3.1436911881914518 4.7492161965508135  3.1438543450196335 4.74921711382797  3.1440175018692833 4.7492181122053436  3.1441806587426036 4.7492191916827933  3.1443438156417907 4.7492203522601608  3.1446701293278929 4.749222835613085  3.1448332861148089 4.7492241583884782  3.1449964429319914 4.74922556226326  3.1451595997816422 4.7492270472372367  3.1453227566659607 4.7492286133101951  3.1454859135871471 4.7492302604819026  3.1458002896191664 4.7492335905680338  3.1459515087244867 4.7492352620489724  3.1461027278651192 4.7492370031947333  3.1462539470428164 4.7492388140051007  3.14640516625933 4.7492406944798535  3.1465563855164089 4.7492426446187563  3.1468062274869482 4.7492459817028054  3.1469048501760923 4.7492473286150885  3.1470034728837222 4.7492487051583421  3.1471020956103244 4.7492501113324916  3.1472007183563844 4.7492515471374634  3.147299341122388 4.749253012573182  3.1475001088082224 4.7492560560992194  3.1476022537295369 4.7492576363437289  3.1477043986733055 4.7492592483730078  3.14780654364007 4.7492608921869683  3.1479086886303702 4.7492625677855154  3.148010833644745 4.7492642751685548  3.1482151235750342 4.7492677535009076  3.1483172684909513 4.7492695244501295  3.1484194134320207 4.749271327183556  3.148521558398786 4.749273161701085  3.148623703391785 4.7492750280026126  3.1487258484115563 4.7492769260880348  3.1489653606744308 4.749281451293653  3.1491027279396198 4.7492841041127658  3.1492400952555202 4.7492868144143161  3.1493774626234434 4.7492895821980303  3.1495148300447018 4.7492924074636269  3.149652197520612 4.7492952902108145  3.1497895650524863 4.749298230439293 
 0 8 0.26030394585300193 6 0.3098178251840723 6 0.37097212169131399 6 0.44721284820136464 6 0.55112983765346868 6 0.62392721512465232 6 0.68634645540096795 6 0.73631978270884502 6 0.97354696731796286 6 0.99725868251758321 6 0.99767244645439124 6 0.99808621013149679 6 0.99849997338152696 6 0.99888346235130399 6 0.99913356737563741 6 0.99939260439411115 6 0.99965164103807069 6 1 8
7 0 0  4 29 10  8.2584555339154324 6.0000000000337561e-07  8.2584563484893838 -0.001415402511043308  8.2584571323050753 -0.0028314075005691636  8.258457885362473 -0.0042474148281818058  8.2584593299621183 -0.0070794368426163115  8.2584600215042396 -0.0084954515294438024  8.2584606822878737 -0.0099114682736161849  8.2584619206141934 -0.012694679823272478  8.25846250024148 -0.014061874498837452  8.2584630511948269 -0.015429070835093026  8.258464114407257 -0.018212297248642477  8.2584646245815296 -0.019628327437494035  8.2584651039970129 -0.021044359131853586  8.2584660013109215 -0.023876427091723221  8.2584664192092685 -0.025292463357237286  8.2584668063487019 -0.026708500847493252  8.25846751911007 -0.029540579458992952  8.2584678447319462 -0.030956620580238264  8.2584681395948039 -0.032372662645459196  8.2584686678026813 -0.035204749466722626  8.2584689011476513 -0.036620794222766026  8.2584691037335372 -0.038036839642015506  8.2584694473872151 -0.04086893223116881  8.2584695884549788 -0.042284979401073772  8.2584696987636121 -0.043701026953411888  8.2584698468902857 -0.046337805880966969  8.2584698926083995 -0.047558537194017342  8.2584699154674617 -0.048779268597008499  8.2584699154674617 -0.049999999999999219 
 0 5 0.11328059184895363 3 0.22656142079912467 3 0.33593621083350278 3 0.44921741752690841 3 0.56249877149064798 3 0.67578024243436552 3 0.78906180006805615 3 0.9023434141022959 3 1 5
7 0 0  4 29 10  6.2749883957168962 4.7492982304392921  6.2752205350746868 4.7492932617051125  6.2754526742498218 4.7492884805774143  6.2756848132526564 4.7492838870585476  6.2761490914202804 4.7492750752334691  6.2763812305850708 4.7492708569280397  6.2766133695982491 4.7492668262364273  6.2770696429561958 4.7492592725976781  6.2772937773105371 4.7492557369352477  6.2775179115424988 4.7492523761748098  6.277974184927138 4.7492458906750663  6.2782063240715944 4.7492427786525271  6.2784384631051093 4.7492398542517353  6.2789027412727343 4.7492343806926769  6.2791348804068461 4.7492318315348969  6.2793670194507056 4.7492294700019571  6.2798312976183315 4.7492251221855648  6.2800634367420969 4.7492231359025023  6.2802955757963028 4.7492213372467278  6.2807598539639287 4.7492181151900565  6.2809919930773495 4.7492166917894485  6.2812241321419 4.7492154560179465  6.2816884103095267 4.7492133597336377  6.2819205494126029 4.7492124992210174  6.2821526884874981 4.7492118263386898  6.28258494746657 4.7492109227662676  6.2827850673753272 4.7492106438857649  6.2829851872774567 4.7492105044454931  6.2831853071795862 4.7492105044454931 
 0 5 0.11328059184895363 3 0.22656142079912467 3 0.33593621083350278 3 0.44921741752690841 3 0.56249877149064798 3 0.67578024243436552 3 0.78906180006805615 3 0.9023434141022959 3 1 5
7 0 0  8 9 2  8.1751349258209469 -13.300000000000001  8.1724741954725015 -13.300000000000001  8.1697513503432315 -13.302053700524826  8.1669662603882536 -13.305966350903221  8.1641175647976549 -13.311514136970285  8.1612032806102768 -13.318409583043081  8.1582142044010233 -13.326252818375838  8.1551354855625888 -13.334528586811821  8.1519182857080246 -13.342484513305013 
 0 9 1 9
7 0 0  8 9 2  0.33251967061247251 1.5707963267948966  0.30133904829782093 1.6424509178674396  0.26765558059793226 1.7121598340650166  0.23125795335739188 1.7798501866834233  0.19192307300248104 1.8452233476350963  0.14944266172177037 1.9077942376769688  0.10355722530344943 1.9667554036447388  0.053994330536712098 2.0210354596075804  0 2.068637157641052 
 0 9 1 9
7 0 0  6 12 3  8.151918326201681 -13.342484413166892  8.1465745304868555 -13.35569925611054  8.1413925594547081 -13.371225562901481  8.1362851801323099 -13.389319667685625  8.1312752817201126 -13.410450358194383  8.1264937030027617 -13.434979351115169  8.1212910584350944 -13.468806419985611  8.1204266666473099 -13.47469958600359  8.119581048935002 -13.480760227005101  8.1187562286917814 -13.486993819019856  8.1179545830343969 -13.493405606035973  8.1171788428027298 -13.500000599999998 
 0 7 0.8305676697061577 5 1 7
7 0 0  6 12 3  0.49784023170194835 9.1000006000000013  0.57690703270261523 9.0208208565916781  0.65600556224927975 8.9438829301018092  0.73750558989848192 8.867916322004822  0.82270765844900728 8.7932621892634781  0.91243869656215137 8.7218891465601516  1.0267564922766559 8.6441309214048925  1.0463880371613763 8.6312079768105328  1.0662995660678825 8.6185620913036178  1.0865084770937772 8.6062238437447771  1.1070319967752331 8.5942291454610515  1.1278871800869918 8.5826192402458776 
 0 7 0.8305676697061577 5 1 7
7 0 0  6 12 3  7.5560449417472828 -13.342484413166884  7.5613887374620967 -13.355699256110503  7.5665707084942735 -13.371225562901511  7.571678087816653 -13.389319667685639  7.576687986228853 -13.410450358194366  7.5814695649462021 -13.434979351115151  7.5866722095138686 -13.468806419985611  7.5875366013016565 -13.47469958600359  7.5883822190139645 -13.480760227005105  7.5892070392571851 -13.486993819019858  7.5900086849145714 -13.493405606035973  7.5907844251462384 -13.500000599999998 
 0 7 0.83056766970622853 5 1 7
7 0 0  6 12 3  0.49784023170190839 -5.9999999999999997e-07  0.57690703270239341 0.079179143408142943  0.65600556224951589 0.15611706989829799  0.73750558989845627 0.2320836779952474  0.82270765844896188 0.30673781073645617  0.91243869656209253 0.37811085343980355  1.0267564922766559 0.45586907859509984  1.0463880371613772 0.46879202318946339  1.0662995660678833 0.48143790869638364  1.086508477093777 0.49377615625522475  1.1070319967752316 0.50577085453895065  1.1278871800869927 0.51738075975412467 
 0 7 0.83056766970622853 5 1 7
7 0 0  8 9 2  7.5328283421280195 -13.300000000000001  7.5354890724764694 -13.300000000000001  7.5382119176057145 -13.302053700524823  7.540997007560752 -13.30596635090324  7.5438457031512574 -13.311514136970235  7.546759987338735 -13.318409583043147  7.5497490635479174 -13.326252818375787  7.552827782386383 -13.334528586811839  7.556044982240941 -13.342484513305013 
 0 9 1 9
7 0 0  8 9 2  1.2382766561824305 1.5707963267948966  1.2694572784971447 1.6424509178675835  1.3031407461966296 1.7121598340643474  1.3395383734383415 1.7798501866848482  1.3788732537912487 1.845223347633328  1.4213536650741283 1.9077942376782744  1.4672391014909547 1.9667554036441808  1.5168019962583028 2.0210354596076785  1.5707963267948966 2.0686371576410467 
 0 9 1 9
7 0 0  1 2 2  7.3434237613287063 -13.5  7.3434237613287063 0 
 -1.0974171438249413e-14 2 13.499999999999996 2
1 0 0 0 1 
7 0 0  4 5 2  6.1928986597556328 0.9064883923444782  6.2154796956280975 0.89923802300993483  6.2380512134985455 0.89437539444334468  6.2606182748477934 0.891943995230152  6.2831853071795862 0.891943995230152 
 0 5 1 5
7 0 0  4 5 2  2.0992078785639716 3.9000006000000003  2.100401324692025 3.7628173236178726  2.101198481961764 3.6253179568927965  2.1015970705001941 3.4876588972239384  2.1015970705001941 3.350000000000001 
 0 5 1 5
1 6.2831853071795862 0 0 1 
1 0 0 0 1 
7 0 0  4 29 10  6.274988395716897 3.7647088192692859  6.275220535050706 3.7647034817252205  6.2754526742184726 3.764698345712151  6.2756848132296152 3.7646934112327597  6.2761490913991205 3.7646839453371155  6.2763812305574858 3.7646794139216286  6.2766133695780315 3.7646750840453573  6.2770776477475376 3.7646668273685706  6.277309786896498 3.7646629005687244  6.2775419259264487 3.7646591753129215  6.2780062040959566 3.764652127887985  6.278238343235512 3.7646488057194203  6.2784704822748676 3.7646456850990244  6.2789347604443755 3.7646398469540983  6.2791668995745269 3.7646371294300387  6.2793990386232874 3.7646346134575701  6.2798553119900671 3.7646300644236632  6.2800794463129641 3.7646280177020381  6.2803035805772183 3.7646261588740324  6.2807598539567886 3.7646227573294468  6.280991993068457 3.7646212282738354  6.2812241321357014 3.7646199007744556  6.2816884103052102 3.7646176488888039  6.2819205494074746 3.7646167245027109  6.282152688484123 3.7646160016741761  6.2825849474653639 3.7646150310320574  6.282785067374121 3.7646147314510108  6.2829851872768536 3.764614581660485  6.2831853071795862 3.764614581660485 
 0 5 0.11328065172482021 3 0.22656151898174814 3 0.33984257423344483 3 0.45312378994263658 3 0.56640513857405295 3 0.67578033410334215 3 0.7890618637486243 3 0.90234344466271355 3 1 5
7 0 0  4 29 10  8.2849977295236901 0.49999939999999821  8.284998604560311 0.50141540236475746  8.284999446555732 0.50283140730935116  8.2850002555098943 0.50424741468763579  8.285001807337057 0.50707943671354783  8.2850025502099296 0.50849545136117824  8.2850032600413055 0.50991146815028654  8.2850046136220801 0.51274350806916391  8.2850052573713686 0.51415953119893953  8.2850058680789491 0.51557555617795692  8.2850070234114277 0.51840761154796777  8.2850075680362316 0.51982364193896635  8.2850080796191499 0.52123967388696435  8.2850090367017053 0.52407174226626208  8.2850094822012625 0.5254877786975648  8.2850098946587902 0.52690381639362116  8.2850106404067638 0.52968706635210128  8.2850109759366255 0.5310542785387109  8.2850112806638236 0.53242149163660812  8.2850118382960538 0.53520474942316576  8.2850120889615599 0.53662079416851771  8.2850123065848322 0.53803683960420001  8.2850126757469678 0.54086893220483634  8.2850128272857972 0.54228497936979159  8.2850129457823396 0.54370102693282096  8.2850131049040492 0.54633780587361014  8.2850131540156955 0.54755853718666048  8.2850131785715195 0.54877926859333015  8.2850131785715195 0.54999999999999927 
 0 5 0.11328065172482021 3 0.22656151898174814 3 0.33984257423344483 3 0.45312378994263658 3 0.56640513857405295 3 0.67578033410334215 3 0.7890618637486243 3 0.90234344466271355 3 1 5
1 0 6.5 1 0 
1 0 0 1 0 
7 0 0  4 50 17  3.1333957421271017 3.7647088192692841  3.1336278814609102 3.7647034817252187  3.1338600206286809 3.7646983457121501  3.1340921596398208 3.7646934112327579  3.134556437809326 3.7646839453371137  3.1347885769676913 3.7646794139216273  3.1350207159882371 3.7646750840453556  3.1354769893492773 3.7646669697252864  3.1357011236984755 3.7646631716223453  3.1359252579364281 3.764659561403437  3.1363815313217334 3.7646525945057556  3.1366136704616139 3.7646492514875987  3.1368458095006453 3.7646461100174835  3.1373020828654457 3.7646403315495727  3.1375262171974123 3.764637680891906  3.1377503514525973 3.7646352181252096  3.1382066248341451 3.7646305871282206  3.1384387639555418 3.7646284325588191  3.1386709030130575 3.7646264795435416  3.1391351811825663 3.7646229766217894  3.1393673202945598 3.7646214267155957  3.1395994593614791 3.7646200783655845  3.1400557327319514 3.7646178243231638  3.1402798670379215 3.7646169049701204  3.1405040013191035 3.7646161735137316  3.1409647571519295 3.7646150561111549  3.1412013787017075 3.7646146916849812  3.141438000243244 3.7646145366760395  3.1419717565534473 3.7646146594068028  3.1422688913230994 3.7646150579548885  3.1425660261151926 3.7646157867285153  3.1431602960909162 3.7646179047261317  3.1434574312745474 3.7646192939508096  3.1437545665200588 3.7646210133999505  3.1443488377844568 3.7646251127479555  3.1446459738033434 3.7646274926481786  3.144943109923553 3.7646302027708267  3.1455373833151299 3.764636283465256  3.1458345205864986 3.7646396540390588  3.1461316579986343 3.7646433548322848  3.1467259343579195 3.7646514168673999  3.1470230733050699 3.7646557781119845  3.1473202124324349 3.7646604695720414  3.1479042463351665 3.7646703397779078  3.1481911410969841 3.764675496146237  3.148478036062945 3.7646809603446787  3.1490210894232384 3.7646918859970371  3.1492772477725701 3.7646972850253859  3.1495334063114422 3.7647029294506753  3.1497895650524872 3.7647088192692841 
 0 5 0.056640325863140578 3 0.11328075949247712 3 0.16796816406218029 3 0.22460876938028818 3 0.27929631404053601 3 0.3359370378583571 3 0.39257780155213573 3 0.44726546038762521 3 0.50499995979690482 3 0.57749938985243654 3 0.64999889486756013 3 0.72249854876146369 3 0.79499842446367053 3 0.86749859638343152 3 0.93749911173155998 3 1 5
7 0 0  4 50 17  7.4229655384252755 0.60000059999999966  7.4229646633886555 0.59858459763524297  7.422963821393231 0.59716859269066092  7.4229630124390722 0.59575258531237296  7.4229614606119103 0.59292056328646259  7.4229607177390351 0.59150454863883117  7.4229600079076592 0.59008853184972121  7.4229586776645213 0.5873053202811882  7.42295805501342 0.58593812563699621  7.4229574631645745 0.58457092926420184  7.422956321033281 0.58178770284658854  7.4229557729903757 0.58037167268565104  7.4229552579893534 0.57895564095763696  7.4229543106898781 0.57617240179736784  7.4229538761520324 0.57480519446141642  7.4229534724167436 0.57343798593234119  7.4229527132319406 0.5706547365229494  7.4229523600219585 0.56923869556544848  7.4229520398541249 0.56782265361528927  7.4229514656025808 0.56499056702498884  7.4229512115189191 0.56357452238484351  7.4229509904774869 0.56215847704429778  7.4229506209617631 0.55937521380031097  7.4229504702480122 0.55800799593443784  7.42295035033706 0.55664077768338227  7.422950167156241 0.55383016815345565  7.4229501074142492 0.55238677684551218  7.4229500820029468 0.55094338540966104  7.4229501021227442 0.5476874719283612  7.422950167458497 0.54587494989843111  7.4229502869295914 0.54406242821720796  7.4229506341425964 0.54043738429104859  7.4229508618846181 0.53862486204611049  7.4229511437620515 0.53681234076277329  7.4229518157883465 0.53318729701014489  7.4229522059374293 0.53137477454086002  7.4229526502220686 0.52956225364606635  7.422953647063852 0.5259372100730576  7.4229541996213291 0.52412468739485407  7.4229548063145723 0.52231216690404092  7.4229561279751293 0.5186871235045607  7.4229568429428845 0.5168746005959135  7.42295761204669 0.51506208048756874  7.4229592301425917 0.51149953833665807  7.4229600754660474 0.50974951608355712  7.422960971256729 0.50799949700249369  7.4229627623933494 0.50468695670766017  7.4229636475047984 0.50312443479467661  7.4229645728488034 0.50156191582668463  7.4229655384252755 0.49999939999999821 
 0 5 0.056640325863140578 3 0.11328075949247712 3 0.16796816406218029 3 0.22460876938028818 3 0.27929631404053601 3 0.3359370378583571 3 0.39257780155213573 3 0.44726546038762521 3 0.50499995979690482 3 0.57749938985243654 3 0.64999889486756013 3 0.72249854876146369 3 0.79499842446367053 3 0.86749859638343152 3 0.93749911173155998 3 1 5
7 0 0  8 9 2  2.560209548647701 1.4185621764039933  2.6424204691805393 1.647381092918488  2.7200667942173213 1.9015038163067228  2.7942442706881812 2.1774029691622356  2.865605457587912 2.4711231507039986  2.9347190968450589 2.7791287159786586  3.0020605363028117 3.0985990747887922  3.0681103264208236 3.4275112619040677  3.1333958404910622 3.7647088170076355 
 0 9 1 9
7 0 0  8 9 2  7.4171691296469318 4.1704316323373583  7.4044932301862536 3.640794008566453  7.3975950358851623 3.1078643057685498  7.3950974860358478 2.5763759153602774  7.3960583592369105 2.0489989687931565  7.3997636136038647 1.5273464152844138  7.4057067627440851 1.0121177628271936  7.413519411574832 0.50326779444067749  7.4229655380545001 -4.9835069492158811e-15 
 0 9 1 9
7 0 0  6 17 4  2.5602094309497194 1.4185623604941853  2.5796380277381656 1.3881742932504899  2.598978758991898 1.3584347141837314  2.6182399588909511 1.3294108612564826  2.6374293608574733 1.3011675666678653  2.656554097555738 1.2737672568535476  2.7472050288589802 1.1477875385163623  2.8181130878639249 1.060834977900688  2.888501931461295 0.98993468265180429  2.9585543680490365 0.93779815965287372  3.0284639163853013 0.90606802101980177  3.1206885747602739 0.89184374626628182  3.1429225504835649 0.89052942603446628  3.1651556067694382 0.89134408929761699  3.1873906910918728 0.89428731902988323  3.2096308643791303 0.89934481471463779  3.2318793010137479 0.9064883923444782 
 0 7 0.16814143683067076 5 0.79941757692446136 5 1 7
7 0 0  6 17 4  7.4171691657586711 -6.0000000000000008e-07  7.411208141884873 0.099042369489372437  7.4054656434764627 0.19915459495404539  7.3999419626475529 0.30028630664888695  7.3946377187849146 0.40238921172733649  7.389553858547969 0.50541649424140511  7.3664368306602031 0.99943237067810275  7.3512698382713833 1.4027096477344319  7.3393257639026936 1.8158134716530894  7.3307111207449331 2.2358883249561408  7.3254982064399856 2.6603935636459872  7.3231641863993513 3.2224405285120454  7.3229491701071456 3.3580976644439935  7.3230826392265627 3.4937846551977656  7.3235645718485891 3.6293987734750313  7.3243942145124112 3.7648379152961176  7.3255700822054077 3.9000005999999998 
 0 7 0.16814143683067076 5 0.79941757692446136 5 1 7
1 3.2318792022508234 6.7447762031354322e-16 0 1 
7 0 0  6 12 3  3.2318791034879015 1.0221195269774608  3.2928336550572586 1.041475831388462  3.3537798518571198 1.0762973139396192  3.4148707362851649 1.1259795559105998  3.4762444812487203 1.1893171919427279  3.5380327160050262 1.2645380828107124  3.6206052159661861 1.3769819146511804  3.6409167511325644 1.4055826803649982  3.6613007675721327 1.4351426527999482  3.6817660354105328 1.4655887032795123  3.7023214188621019 1.4968436082020444  3.7229758762298668 1.5288260490407755 
 0 7 0.75478845935798278 5 1 7
7 0 0  6 12 3  7.3303681871216915 -5.3000005999999997  7.3335543291061516 -4.9296922894580018  7.3393072087854199 -4.5618869152688912  7.3475911655049106 -4.1981301149258643  7.3583559475030365 -3.8400679772324695  7.3715361138171192 -3.4895403730469363  7.3920953505791855 -3.0379298192246638  7.3973852242014493 -2.9281699014055298  7.4029223779366777 -2.8194395285670066  7.4087057979697342 -2.7117933964223506  7.4147346880587959 -2.6052915532712859  7.4210084695353569 -2.4999993999999996 
 0 7 0.75478845935798278 5 1 7
7 0 0  7 50 9  3.7229757585318848 1.5288258667910792  3.7314415556580016 1.5419347482223293  3.7399688138269087 1.5542750272492734  3.7485534778507237 1.5658383989977351  3.7571913941273851 1.5766180937235874  3.7658783106406468 1.5866088768127511  3.7746098769600782 1.5958070487811977  3.8144613882760745 1.633984993970095  3.8460545532181647 1.6537899376179801  3.8779445730455322 1.6635028133026672  3.9099409959877214 1.6633145494439103  3.9418732689076035 1.6535994156443772  3.9735849109117671 1.6348312289654816  4.0342531889081883 1.5820171954737596  4.0632624491050988 1.549026079958576  4.091861702988882 1.5089829527950334  4.1199666716690002 1.4622859881503962  4.1474988486563538 1.4092983276540367  4.1743776495692035 1.3502914807653197  4.2188287398002862 1.239829351984955  4.2367749705638635 1.1914040909604335  4.254319857439123 1.1401022535834426  4.2714207119672594 1.0859178180816798  4.2880200152605301 1.0288183087287381  4.3040400248301909 0.96871985657295012  4.3239283301955806 0.88662636859383093  4.3284237177901028 0.86753813025747128  4.3328549516462607 0.848165682105393  4.3372186334833405 0.82850460589742714  4.341510956985557 0.80855023396439607  4.3457277078020544 0.78829764920811385  4.3550567457721865 0.74193846018883136  4.3601226691670245 0.71565800734276164  4.3650530272657306 0.68888944128222407  4.3698372461753445 0.66162288574434192  4.3744633041209431 0.63384984848320902  4.3789178509909679 0.60556359626878531  4.3916864341661652 0.51940004736422352  4.3994559098939954 0.45993903592489466  4.4063689378880877 0.39839192418581698  4.4122832391279276 0.33485231638663415  4.4170502551667932 0.26951078209914286  4.4205622273164149 0.20272078128332072  4.423434368281125 0.11593211471798551  4.4239660623983541 0.096711476010053352  4.4243952808190201 0.077434309546702634  4.4247221908308187 0.058112702803602367  4.4249474952751031 0.038758562212921913  4.4250724325468829 0.019383613163330989  4.4250987765948304 -6.0000000033306699e-07 
 0 8 0.071656501089551267 6 0.3255466968695615 6 0.56308998720177728 6 0.72962582784121355 6 0.77911977693310508 6 0.84124790157848084 6 0.96496783168521771 6 1 8
7 0 0  7 50 9  7.4210084337846549 0  7.4235799151658135 0.017262754700139455  7.4261720770538631 0.034538782785803766  7.4287850143011758 0.051823291043895617  7.4314187551383712 0.069111492602330876  7.4340732611743086 0.08639860693003866  7.4367484273960898 0.10367985983696133  7.4489952088310911 0.18214300543357115  7.4588061449973244 0.24321908598543907  7.4688632550705911 0.3039283608264548  7.4791521158392777 0.36410198766035379  7.4896525153967479 0.42361886063150722  7.5003353727010209 0.48238828140508977  7.5212907297378582 0.59457804364321454  7.5315476385021984 0.64811172324406796  7.5419097822392684 0.7009481679380889  7.5523487446434592 0.75311675351416629  7.5628301508446238 0.80466989264629674  7.5733100190076401 0.85569430051281081  7.5910309902909869 0.94184957234284306  7.5983012937558669 0.97716032023640798  7.6055192974422745 1.0123350333392349  7.6126569220387914 1.0474322675064227  7.6196764540433044 1.0825130512674603  7.6265258723379397 1.1176527061748052  7.635092982079053 1.1634527070843397  7.6370339505492586 1.1739597782352404  7.6389510897698365 1.1844832598218538  7.6408421147626084 1.1950255743801392  7.6427044680014964 1.2055891243328769  7.6445353194125198 1.2161762919896664  7.6485863360406317 1.240111774224504  7.6507864822467297 1.2534746341220804  7.6529259016168627 1.2668830760070726  7.6549975096857317 1.2803412505292167  7.6569932642727592 1.2938523685429677  7.6589041888568818 1.3074186674298962  7.6643371317866515 1.348169199765556  7.6675813606824104 1.3755434884129178  7.6703701927657333 1.403147171332038  7.6726083252137292 1.4309310734524632  7.6741924253216247 1.4588128783777312  7.6750398544167524 1.4866577558077521  7.6751504319264843 1.5220708673106809  7.675113791738239 1.5298661521397101  7.6750155454046158 1.5376378580021712  7.6748554618273959 1.5453820026799465  7.6746336433894671 1.5530947977578329  7.6743505259548144 1.560772648623546  7.6740068788685241 1.5684121544677168 
 0 8 0.071656501089551267 6 0.3255466968695615 6 0.56308998720177728 6 0.72962582784121355 6 0.77911977693310508 6 0.84124790157848084 6 0.96496783168521771 6 1 8
7 0 0  6 12 3  4.2901146467443487 0.60000000000000153  4.2901146467443487 0.71572481931410437  4.2933236849491045 0.83140766585177417  4.2997382297718332 0.94429529980029736  4.3092848189535848 1.0515447858819564  4.3218013279446597 1.1500657002163697  4.3508809664904602 1.3151000979747014  4.3671300258227008 1.3844730427438718  4.3854477668214553 1.4404349687956159  4.405294415099493 1.4797184510052066  4.4260368117878448 1.5000000000000018  4.446989189941382 1.5000000000000018 
 0 7 0.52310551027028651 5 1 7
7 0 0  6 12 3  0 0.98582890270257995  0.12858313257122533 0.98582890270257995  0.25712006825238448 0.97780609370402738  0.3863751596809335 0.96177077556298896  0.51701478904398057 0.93833121617671478  0.64974302277771667 0.9087632704577987  0.90906956007539164 0.84372968013534777  1.0364322027948814 0.8087010614244291  1.1665343533531971 0.77120405785681223  1.2990299691609821 0.73338677478587067  1.4337578780696518 0.69709874394108606  1.5707963267948966 0.66357493889542685 
 0 7 0.52310551027028651 5 1 7
1 0 1.5 1 0 
7 0 0  6 12 3  5.2265485775157057 0.60000000000000109  5.2265485775157057 0.73462779896646591  5.2219987520915359 0.86893242803001214  5.2129392857664314 0.99841126421068327  5.1995990348132359 1.1185513436969958  5.182426051642314 1.2244589606759821  5.1484289237859482 1.3693282977550632  5.1332600430044417 1.4192165789581488  5.1168445757650591 1.4586695256156714  5.0995386945908701 1.4859983583265055  5.0817350803749184 1.5000000000000013  5.0638419180966618 1.5000000000000013 
 0 7 0.59833607449189563 5 1 7
7 0 0  6 12 3  0 1.2386913100442021  0.14958644329607207 1.2386913100442021  0.29881436149917762 1.2250419171403177  0.44870211028083751 1.1978633119835571  0.6001273831880779 1.1586667485484012  0.75392267174312666 1.110403046469868  1.0165496542986343 1.0202557064511031  1.1242050170492326 0.98126317359622006  1.2335952261842809 0.94071595592187207  1.344537471921597 0.90003497448076153  1.456933617569897 0.86044721547379832  1.5707963267948966 0.82287157468945882 
 0 7 0.59833607449189563 5 1 7
7 0 0  7 50 9  5.701802202237495 1.5288258667910792  5.693336405111376 1.5419347482223313  5.684809146942472 1.5542750272492742  5.6762244829186574 1.5658383989977354  5.6675865666419947 1.5766180937235872  5.6588996501287321 1.586608876812752  5.6501680838092989 1.5958070487811988  5.6103165724932893 1.6339849939701092  5.5787234075512373 1.6537899376179526  5.5468333877238436 1.6635028133026757  5.5148369647816411 1.6633145494439279  5.4829046918617834 1.6535994156443632  5.4511930498576202 1.6348312289654892  5.3905247718612133 1.5820171954737812  5.3615155116642308 1.5490260799584878  5.3329162577805223 1.5089829527951053  5.3048112891004111 1.4622859881504537  5.2772791121129847 1.4092983276539321  5.2504003112001927 1.3502914807653625  5.2059492209690879 1.2398293519849422  5.18800299020553 1.1914040909604295  5.1704581033302519 1.1401022535834702  5.1533572488021111 1.0859178180816946  5.136757945508859 1.0288183087287199  5.1207379359391902 0.96871985657295867  5.1008496305738023 0.88662636859384036  5.0963542429792765 0.86753813025747939  5.0919230091231187 0.84816568210539933  5.0875593272860398 0.82850460589743324  5.083267003783825 0.80855023396440373  5.0790502529673276 0.78829764920812351  5.0697212149971955 0.7419384601888499  5.0646552916023539 0.71565800734276064  5.0597249335036469 0.68888944128222296  5.0549407145940375 0.66162288574435468  5.0503146566484398 0.63384984848322534  5.0458601097784115 0.60556359626878498  5.033091526603223 0.51940004736428191  5.0253220508753991 0.45993903592463259  5.0184090228812321 0.39839192418637343  5.012494721641513 0.3348523163860489  5.0077277056025666 0.26951078209949786  5.0042157334529609 0.20272078128323706  5.0013435924882543 0.11593211471799239  5.0008118983710261 0.096711476010059555  5.0003826799503601 0.077434309546708255  5.0000557699385615 0.058112702803606808  4.9998304654942771 0.038758562212924549  4.9997055282224965 0.019383613163331759  4.9996791841745472 -6.0000000033306699e-07 
 0 8 0.07165650108957769 6 0.32554669686983873 6 0.5630899872020545 6 0.72962582784144936 6 0.77911977693332413 6 0.84124790157865736 6 0.96496783168522238 6 1 8
7 0 0  7 50 9  2.0037695269847244 0  2.001198045603565 0.017262754700142279  1.998605883715517 0.034538782785804176  1.9959929464682038 0.051823291043893431  1.9933592056310085 0.069111492602328503  1.9907046995950708 0.086398606930038632  1.98802953337329 0.10367985983696375  1.9757827519382831 0.18214300543360085  1.9659718157720587 0.24321908598538361  1.9559147056987893 0.30392836082646962  1.9456258449300994 0.36410198766039675  1.9351254453726316 0.4236188606314843  1.9244425880683609 0.48238828140507717  1.9034872310315285 0.59457804364317257  1.8932303222671618 0.64811172324413835  1.8828681785301222 0.70094816793805614  1.8724292161259324 0.75311675351412621  1.8619478099247377 0.80466989264635835  1.8514679417617457 0.85569430051277817  1.8337469704783904 0.94184957234285405  1.8264766670135135 0.97716032023639043  1.8192586633271068 1.0123350333392318  1.8121210387305884 1.0474322675064287  1.8051015067260749 1.0825130512674528  1.7982520884314397 1.1176527061748005  1.7896849786903277 1.1634527070843348  1.7877440102201212 1.1739597782352362  1.7858268709995433 1.18448325982185  1.7839358460067716 1.1950255743801359  1.7820734927678836 1.2055891243328734  1.7802426413568602 1.2161762919896622  1.7761916247287495 1.2401117742244954  1.7739914785226496 1.2534746341220804  1.7718520591525162 1.2668830760070731  1.7697804510836481 1.2803412505292122  1.7677846964966208 1.2938523685429613  1.7658737719124975 1.3074186674298951  1.7604408289827314 1.3481691997655278  1.7571966000869663 1.3755434884128486  1.754407768003647 1.4031471713322559  1.7521696355556504 1.4309310734522773  1.7505855354477546 1.4588128783777463  1.7497381063526265 1.4866577558077867  1.7496275288428953 1.5220708673106784  1.7496641690311401 1.5298661521397072  1.749762415364764 1.537637858002169  1.7499224989419828 1.5453820026799447  1.7501443173799121 1.5530947977578322  1.7504274348145652 1.5607726486235458  1.7507710819008548 1.568412154467717 
 0 8 0.07165650108957769 6 0.32554669686983873 6 0.5630899872020545 6 0.72962582784144936 6 0.77911977693332413 6 0.84124790157865736 6 0.96496783168522238 6 1 8
7 0 0  6 12 3  5.7018020845395148 1.5288260490407755  5.7224433622742268 1.4968640162344053  5.7429856915918682 1.4656285924438037  5.763438014223869 1.4352009398513379  5.7838091780247964 1.4056581361376803  5.8041079369723461 1.3770731744818054  5.8866812568817526 1.2646159780318469  5.9484826489047693 1.1893696484059519  6.0098692666862101 1.1260104357761771  6.0709728403930026 1.0763117623842853  6.1319316485832855 1.0414798506984644  6.1928988572814783 1.0221195269774626 
 0 7 0.24505511244072845 5 1 7
7 0 0  6 12 3  2.003769491234022 -2.4999993999999996  2.0100392694033924 -2.6052243662269277  2.016064468349954 -2.7116574748094213  2.0218445107068157 -2.8192334518551263  2.027378602052901 -2.9278923631751099  2.0326657309129494 -3.037579614283862  2.0532281986549163 -3.4891773590246404  2.0664130976046571 -3.8397714276004948  2.0771816462658954 -4.1979041067140219  2.0854683649458816 -4.5617344236341264  2.0912229700652243 -4.9296153954464028  2.0944097736476879 -5.3000005999999997 
 0 7 0.24505511244072845 5 1 7
1 6.192898758518556 -6.7447762031354322e-16 0 1 
1 6.2831853071795862 0.59999999999999964 1 0 
1 0 0 1 0 
1 8.5049120720776461 0 0 1 
1 6.0460703158453084 -10.5 0 -1 
7 0 0  4 23 8  8.2850131785715195 0.55000000000000071  8.2850131785715195 0.55181252201478326  8.2850131244361815 0.55362504402956547  8.2850130161655073 0.55543756573790548  8.2850126913533657 0.55906260967624277  8.285012474811797 0.56087513190623894  8.2850122041348211 0.56268765321690473  8.2850115657099632 0.56625019608100335  8.28501120163099 0.56800021771751064  8.2850107870855894 0.56975023793549406  8.2850098404530854 0.57331278094291305  8.2850093046965547 0.57512530360915337  8.2850087148042757 0.57693782415140338  8.285007426745846 0.58056286756610409  8.2850067285792619 0.58237539043853492  8.2850059762766595 0.58418791057406705  8.2850043633955899 0.58781295381523591  8.2850035028165792 0.58962547692084177  8.2850025881012073 0.59143799667662789  8.2850007172089981 0.59493803958351066  8.2849997682410859 0.59662556322148519  8.2849987723459488 0.59831308344275425  8.2849977295236901 0.60000059999999966 
 0 5 0.14499885516954203 3 0.28999785013080487 3 0.42999715069554001 3 0.57499685016073609 3 0.71999712490394918 3 0.86499812418468802 3 1 5
7 0 0  4 23 8  0 3.764614581660485  0.00029713475652173187 3.764614581660485  0.00059426951304341875 3.7646149118860506  0.00089140428928530658 3.7646155723371577  0.0014856742071136571 3.7646175536898188  0.0017828093487002202 3.7646188745919975  0.0020799445494474956 3.7646205257187528  0.0026639696198100756 3.7646244200993806  0.0029508594840794195 3.7646266409730931  0.0032377494396342689 3.764629169688158  0.0038217765111782666 3.7646349441105671  0.004118913635095727 3.7646382122010147  0.0044160508956989919 3.764641810511264  0.0050103269085992677 3.7646496675804189  0.0053074656608974253 3.7646539263419472  0.005604604589328448 3.7646585153194043  0.0061988843226501418 3.7646683537225898  0.0064960251275427063 3.7646736031516221  0.0067931661480190846 3.7646791827917507  0.0073669580966432939 3.7646905949473659  0.0076436089934566005 3.7646963834917195  0.0079202601101656615 3.7647024582672071  0.0081969114626917559 3.7647088192692859 
 0 5 0.14499885516954203 3 0.28999785013080487 3 0.42999715069554001 3 0.57499685016073609 3 0.71999712490394918 3 0.86499812418468802 3 1 5
1 0 -0.45000000000000001 1 0 
1 0 0 1 0 
1 0 0 0 -1 
1 6.2831853071795862 0 0 -1 
7 0 0  8 65 10  4.9312303685612475 -11.099999999999998  4.9614539932515624 -11.185137393415603  4.9926458872436585 -11.268722446403606  5.0250381406232485 -11.350739094511871  5.0588607696596668 -11.430889729848266  5.0943352099182091 -11.508621083194706  5.1317404818308248 -11.58302180191142  5.1713755707602171 -11.652895369571729  5.2271223046414761 -11.736163597630943  5.2406596266512055 -11.755342156425565  5.2544754474868647 -11.773811915939508  5.2685802570671401 -11.791497145788023  5.2829815773328468 -11.808309856648311  5.2976835760218206 -11.824151335717033  5.3126863650806806 -11.838914562969245  5.3346752652610459 -11.858423130730131  5.3414216423084397 -11.864130694076991  5.3482234019874095 -11.869600663848022  5.3550795166910712 -11.874823256855416  5.3619886145662639 -11.879788582710191  5.3689489500059473 -11.884486785397566  5.3759583741415993 -11.888908184852262  5.3957888066930684 -11.900530105524759  5.4087183807539194 -11.907080306159166  5.4217845319015812 -11.912636178133811  5.4349661949544172 -11.917145881818392  5.4482393887440193 -11.920566383160732  5.4615768696935492 -11.92286625659195  5.4749477853960506 -11.924028487931608  5.5001800342691167 -11.924075272727656  5.5120444342777466 -11.923201798793594  5.5238865709620146 -11.921432392818792  5.5356847162002989 -11.918777187906217  5.5474191950643226 -11.915255470820357  5.5590722098774608 -11.910894239873899  5.5706276642730526 -11.90572676281443  5.5878700250347482 -11.896783185735735  5.5936406532354814 -11.893577709161731  5.5993812439917585 -11.890179614862264  5.6050903466862048 -11.886593913108756  5.6107666879472307 -11.882825714570888  5.616409171649031 -11.878880230316588  5.6220168789115847 -11.874762771812025  5.6388169844221183 -11.861846483343367  5.6499001856305764 -11.852537990101487  5.6608332398012626 -11.842596368327481  5.6716127974346575 -11.832064225799185  5.682237382127572 -11.820982846634703  5.6927071812441872 -11.809391356986323  5.7030238365871115 -11.797325890734436  5.7540459996000308 -11.734556257006039  5.7923390034917688 -11.67732987862737  5.8285058274488293 -11.615059782046536  5.8627909262509013 -11.549057545554883  5.8954287529508314 -11.480321262376989  5.926627556615653 -11.409489437272475  5.9566114097763236 -11.336910874278406  5.993424911387252 -11.242638666833994  6.0011538012421619 -11.222542193672494  6.0088089385232006 -11.202343729548964  6.0163930987952812 -11.182048798358871  6.0239089100448355 -11.161662498830765  6.0313588526798005 -11.141189504526274  6.0387452595296338 -11.120634063840093  6.0460703158453066 -11.099999999999996 
 0 9 0.29458407063809716 7 0.38663411323602498 7 0.42688877388415425 7 0.49976834186116442 7 0.56443389602608396 7 0.59720392204603423 7 0.66323526045165671 7 0.92859578301663082 7 1 9
7 0 0  8 65 10  2.4723886123289107 -1.4056045241378131e-15  2.4668476528700567 0.10759384199854108  2.4609164572595725 0.21322588714153506  2.4545373310565575 0.31687583370167421  2.4476461100967857 0.41816757459861248  2.440176123901646 0.51640190636201333  2.4320450910041522 0.6104270914545904  2.4231674015384592 0.69873101170751228  2.4103348430416656 0.80396266390958193  2.4071946076922655 0.82819989671557126  2.4039659275414569 0.85154137226665616  2.4006461621270385 0.87389138498949581  2.3972335350327287 0.89513873686740808  2.3937273224788393 0.91515867790111882  2.3901281173774804 0.93381595969747899  2.3848245071798289 0.95847024699796302  2.383193607249976 0.96568327812684329  2.3815457294897793 0.97259604629685747  2.3798812272768188 0.97919618783650919  2.378200555264987 0.98547120359700402  2.3765042777102647 0.99140863787050637  2.3747930767964909 0.99699625730840036  2.3699441407223745 1.0116836590056997  2.3667736168481155 1.019961587467491  2.3635617349775782 1.026982916021514  2.3603149290606598 1.0326821314453407  2.3570405523235047 1.0370048487170189  2.3537469082340898 1.039911353234569  2.3504432814677982 1.0413801430354808  2.3442089616586048 1.0414392681243829  2.3412775083741986 1.0403354004502434  2.3383527086482769 1.0380992832842584  2.3354410967529229 1.0347437225091884  2.3325486515704283 1.0302930921046374  2.3296808065599097 1.0247815116515959  2.3268424597239226 1.0182510238369877  2.3226167824803623 1.0069484248202523  2.321204185758666 1.0028974487896662  2.3198006980288453 0.99860304880294748  2.3184067720836357 0.9940715566765983  2.3170228088896585 0.98930943110712954  2.315649157587421 0.98432325767106121  2.3142861154913184 0.97911974882492192  2.3102092813696582 0.96279656761216414  2.3075288296450789 0.95103279953175945  2.3048944328047285 0.93846890440356223  2.3023073092574555 0.92515872853802106  2.2997681071674894 0.91115444544787849  2.2972769756898108 0.89650550147954255  2.2948336362055244 0.88125756144445921  2.2828079004531112 0.80193135961078077  2.2739720196873718 0.72961054185454755  2.2658277020471425 0.65091563866522484  2.2583078616760166 0.56750417961109845  2.251344111950607 0.48063752214283278  2.244874619441902 0.39112258759823432  2.2388374897412744 0.2994001830713221  2.2316496911845505 0.18026206307846665  2.2301538691870411 0.15486480023872562  2.2286854080877787 0.1293386445704181  2.2272435028257673 0.10369057699124389  2.2258273890819469 0.077927041106906431  2.2244363432791934 0.052053943211112487  2.2230696825823166 0.026076652285572405  2.2217267648980594 0 
 0 9 0.29458407063809716 7 0.38663411323602498 7 0.42688877388415425 7 0.49976834186116442 7 0.56443389602608396 7 0.59720392204603423 7 0.66323526045165671 7 0.92859578301663082 7 1 9
1 4.9312303685612475 -10.5 0 -1 
1 8.7555739195084961 0 0 1 
1 10.093982002030263 0 0 1 
1 1.3519549386183387 -10.5 0 -1 
1 0 -0.45000000000000001 1 0 
1 0 0 1 0 
1 0 0 0 -1 
1 6.2831853071795862 0 0 -1 
7 0 0  8 65 10  0.23711499133428013 -11.100000000000005  0.26760466131058813 -11.18588682047514  0.2990764586107455 -11.270184605015432  0.33177106253385713 -11.352885625117642  0.36592643824276549 -11.433685948000891  0.4017701595740325 -11.512014610684144  0.43959010635676893 -11.58692308592202  0.47969197390301177 -11.657167381029382  0.535796662847559 -11.740106094841298  0.5491427271999233 -11.75882046260767  0.56275897071684744 -11.776839920684615  0.57665511583492279 -11.794091469809308  0.59083801267897751 -11.810490659822795  0.60531126219555953 -11.825943079277316  0.6200745420435182 -11.840346679350112  0.64177353027987816 -11.859450340923628  0.64847961080497474 -11.865079663100547  0.65524014298307687 -11.870473545329107  0.66205408462771831 -11.875622402466663  0.6689200566042901 -11.880516555522695  0.67583631423446777 -11.885146369688282  0.68280071870063941 -11.889502392365515  0.70235032071610615 -11.900861533244088  0.71503819024573456 -11.907243604868793  0.72785677231853219 -11.912667387584378  0.7407861193550046 -11.91708419069877  0.75380356478826538 -11.920453507926851  0.7668834069354592 -11.922745574002722  0.77999659286918055 -11.923943921291983  0.80502391541654006 -11.924142431097611  0.81694069088129506 -11.923333795054891  0.82883642607645602 -11.921620965582758  0.84068905308313735 -11.919013694212214  0.85247856156916946 -11.915531094088591  0.86418682168800132 -11.911200187361802  0.87579740697759922 -11.906054452576583  0.89310111878023513 -11.897142130185767  0.89887851437302846 -11.893953690201672  0.90462595908229038 -11.890571955972385  0.91034198603350613 -11.887001935490597  0.91602530643308278 -11.883248740879697  0.92167480956835035 -11.879317588393786  0.92728956280756092 -11.875213798417688  0.9440223799998505 -11.862404562934103  0.95503357256305144 -11.853198105641191  0.96589697303880206 -11.843365607985517  0.97660920921401639 -11.832948816455758  0.9871687482656829 -11.821988222107906  0.99757569211333297 -11.810522243041147  1.0078315727715093 -11.798586406873797  1.0412948876356811 -11.757620019483079  1.0638433417404096 -11.726708014867816  1.0856381331439184 -11.69385510288356  1.1067285343818698 -11.659378571513466  1.1271628370760614 -11.623538841988825  1.1469907742543299 -11.586542252949894  1.1662649953123831 -11.548542199992486  1.2080999417100931 -11.461863627348491  1.2303886488731357 -11.412766314524429  1.2519979918256621 -11.36256766273544  1.2729974629661673 -11.3114420858779  1.2934442199077529 -11.259527592189452  1.3133887756736577 -11.206932443167984  1.3328779295532296 -11.153738320357379  1.3519549386183396 -11.099999999999996 
 0 9 0.29722095963169948 7 0.3876552352201551 7 0.42762500859100849 7 0.49912375228649974 7 0.5640782742231969 7 0.59687582419538177 7 0.6624419479841227 7 0.81394667054610959 7 1 9
7 0 0  8 65 10  4.0614585422815264 8.5614093742939487e-15  4.055868808191601 0.10854094330618448  4.0498825353292123 0.21507371517960133  4.0434401359187637 0.3195885485926015  4.0364753131060862 0.42170134327494763  4.0289194540171751 0.5206905349647506  4.0206876230374373 0.61535740607398082  4.0116922168882843 0.7041298395004516  3.99875744443611 0.80894506241760145  3.9956574069624358 0.83259566584550815  3.9924716637911759 0.85536806522782316  3.9891977827510945 0.87717000649340593  3.9858341692684172 0.89789476430461157  3.9823802459605457 0.91742302457409919  3.9788367028090583 0.93562582135079631  3.9736010541702527 0.95976840150826126  3.9719793376512369 0.96688255401591938  3.9703409338200832 0.97369916524837641  3.968686199231533 0.98020612181711331  3.9670155895643209 0.98639119173177225  3.9653296676555918 0.99224219883722775  3.9636291115353157 0.99774719725065542  3.9588479884088748 1.012102506473733  3.9557364112066082 1.0201679590142017  3.9525852568079323 1.0270223575002568  3.9494006177449772 1.0326041682342157  3.9461894416989747 1.0368622007031167  3.942959560071253 1.0397588385413656  3.9397197165542379 1.0412732704933856  3.9335360404724269 1.0415241406669318  3.930591569894816 1.0405022129906878  3.9276533840397132 1.0383375953508795  3.9247281184540914 1.0350426114121498  3.9218218532392748 1.0306414157399237  3.9189401221284039 1.025168158039893  3.9160879215639133 1.018665147397501  3.9118467224031805 1.0074020470289449  3.9104322970910719 1.0033726012812192  3.9090269534796604 0.99909887661395957  3.9076311491460642 0.99458720196385475  3.9062452896035293 0.98984403786457187  3.9048697283014313 0.98487597644675784  3.9035047666252738 0.97968974143803822  3.8994436247783133 0.96350185027233681  3.8967800707495743 0.95186703187351263  3.8941618406906811 0.93944104422257046  3.8915901546867846 0.92627664516100894  3.8890656734050775 0.91242500595570342  3.8865885674718785 0.89793467813881367  3.8841585868497193 0.88285056034768938  3.8762676376954111 0.8310785852456235  3.871012195490775 0.79201300892245186  3.865996629500263 0.75049457760319982  3.861208337932037 0.70692426942165321  3.8566341071567409 0.66163119617801758  3.8522600642772469 0.61487612186996998  3.848071766414122 0.5668529028141972  3.8391209869073393 0.45731136911711534  3.834449468133077 0.39526379746129203  3.8300151284072963 0.33182438978811113  3.8257982102418659 0.26721356465229679  3.8217820529424711 0.20160573233257589  3.8179518601008553 0.1351377101548141  3.8142941222740601 0.067912724571846425  3.810796694850676 0 
 0 9 0.29722095963169948 7 0.3876552352201551 7 0.42762500859100849 7 0.49912375228649974 7 0.5640782742231969 7 0.59687582419538177 7 0.6624419479841227 7 0.81394667054610959 7 1 9
1 0.23711499133427763 -10.5 0 -1 
1 4.0614585422815264 0 0 1 
1 0 0.59999999999999964 1 0 
7 0 0  1 2 2  1.9902431909380511 -13.500000000000002  1.9902431909380511 -8.437694986953979e-16 
 -1.0974171438249413e-14 2 13.499999999999996 2
1 0 0 0 1 
1 13.500000000000007 0 0 1 
7 0 0  1 2 2  9.9536094365728758 -13.5  9.9536094365728758 0 
 -1.0974171438249413e-14 2 13.499999999999996 2
7 0 0  1 2 2  8.8959464849658829 -13.5  8.8959464849658829 0 
 -1.0974171438249413e-14 2 13.499999999999996 2
1 13.500000000000007 0 0 1 
1 0 0 0 1 
7 0 0  1 2 2  4.2929421162415355 -13.500000000000002  4.2929421162415355 -8.437694986953979e-16 
 -1.0974171438249413e-14 2 13.499999999999996 2
7 0 0  7 20 4  1.8595258553072935 1.2084690925716555  1.8582768342841547 1.1895166708114537  1.8567936531594122 1.1708182774300735  1.8550885036808054 1.1524277580354672  1.8531729097670582 1.1343949964888154  1.851057402750754 1.1167678010014812  1.8487511966212187 1.0995937902319648  1.8423419558612935 1.056669958154794  1.8379709345193753 1.0316835569778557  1.8331755126325153 1.0081245755713073  1.8279768068813045 0.98622348974263629  1.8223962623848269 0.96627533780321784  1.8164564263063865 0.9486486166766428  1.8035736938687674 0.91803182195478261  1.796577310787838 0.90531344375146927  1.7892798557673049 0.89621670511606355  1.7817828153649868 0.89127261817449788  1.7742075604932186 0.89082556452402517  1.7667028351045855 0.89481960720732467  1.7594355430193998 0.90273626527732109 
 0 8 0.23604801829596692 6 0.60774848729609865 6 1 8
7 0 0  7 20 4  0 0.86231383662521133  0.051353268066176967 0.87910811430154012  0.10247929851244406 0.89665703092936033  0.15341463720209944 0.91485532355734089  0.20420222865322821 0.93358677459131312  0.2548929167642543 0.95272506592861916  0.30554694553949241 0.97213463309246329  0.43605373011846132 1.0224358945268581  0.51589754654410103 1.0534923525944493  0.59613048923202494 1.0843089480966259  0.67703860536686511 1.1142407899922824  0.75887486425923745 1.1425128528784059  0.84188540420078473 1.1682044929233228  1.0153436051272147 1.2137333566649613  1.106166696698504 1.233225708493642  1.1983729764707274 1.2475039581143736  1.2915671630693144 1.2553649623375405  1.3852588780221804 1.2560268758245694  1.4787366196834679 1.2496980546150853  1.5707963267948966 1.2374378379076532 
 0 8 0.23604801829596692 6 0.60774848729609865 6 1 8
7 0 0  6 7 2  1.8506134356085553 1.0644395997664198  1.855541410744358 1.1496452856167825  1.8609399152112442 1.2345031621194125  1.8667985925812993 1.3190040932817819  1.8731019682579768 1.403187799857522  1.8798237886269382 1.4871008598626823  1.8869159694722057 1.5707963267948966 
 0 7 1 7
1 0 1.5707963267948966 1 0 
7 0 0  8 23 4  4.0558799328685637 0.35626552609944417  4.0619536554369686 0.42063549714017179  4.0691444965779171 0.48285133818286163  4.0773355092640564 0.54278720823220106  4.0864146851270471 0.60040118401861586  4.096279409757603 0.65569641418544355  4.1068402279818512 0.70871776394702934  4.1180265727800407 0.75955990938646367  4.1508801752698101 0.8957773024434581  4.1737677343537074 0.9763612934660133  4.1982252138736085 1.0510962032543496  4.2240681936129114 1.1203139697822275  4.2511258115614741 1.1843262393416709  4.2792669713839819 1.2433263176895117  4.3084158973288567 1.2975204397508147  4.3615855711101768 1.3848296103999289  4.3851428804470229 1.4198287656665503  4.4092133772533577 1.452069244005183  4.4337596264146333 1.4815382301815838  4.4587405521199583 1.5081979896771909  4.4841120584357652 1.5319977755597693  4.50982802198281 1.5528822366229817  4.5358416567165145 1.5707963267948966 
 0 9 0.24051247784117885 7 0.67131178272012437 7 1 9
1 0 0 1 0 
1 0 -2.4999999999999991 1 0 
1 6.2831853071795862 -5.2999999999999998 -1 0 
1 0 3.9000000000000004 1 0 
7 0 0  6 12 3  2.1015970705001941 3.3499999999999996  2.1015970705001941 2.8795299670113974  2.0974071536029908 2.4099959822696744  2.0890577284015306 1.9447255339050973  2.0766333202690799 1.4871615336496147  2.0602768019942004 1.041174523308076  2.035306280958034 0.50708246382816113  2.0302088407186161 0.40371001519409622  2.0248895796792183 0.30126747127534548  2.0193494555727636 0.19980209466436935  2.0135890953162403 0.099362649206511777  2.0076087950107078 -6.0000000000000008e-07 
 0 7 0.80479658860435965 5 1 7
7 0 0  6 12 3  0 0.891943995230152  0.077126234916164285 0.891943995230152  0.15409895562383283 0.91750266084592136  0.23119887983881487 0.96843331950305411  0.30866984083937316 1.0428561769510638  0.3867427232395903 1.1372183879745774  0.48472933106038013 1.2733243039063169  0.5039150746473432 1.3008022772812691  0.52316583355779744 1.3291293071139576  0.54248880643715125 1.3582423758080282  0.56189179872198947 1.388076025986984  0.58138322264007336 1.4185623604941853 
 0 7 0.80479658860435965 5 1 7
1 0 0 1 0 
1 0 4.1704316323373529 1 0 
7 0 0  8 9 2  2.0018124227148797 -1.7250600978054987e-15  2.011258548778454 0.50326777227220176  2.0190711973463764 1.0121177184991821  2.0250143464833958 1.5273463530149722  2.0287196011277748 2.048998895939758  2.0296804748358741 2.5763758419822445  2.0271829255397522 3.1078642436060298  2.0202847314837329 3.6407939709363082  2.0076088311224467 4.1704316323373529 
 0 9 1 9
7 0 0  8 9 2  0.0081968130987309842 3.7647088170076302  0.073482324293203449 3.4275112767573015  0.13953211153331971 3.0985991034297866  0.20687354859918244 2.7791287543426106  0.27598718630619329 2.471123192950111  0.34734837283148517 2.1774030085793368  0.4215258504445436 1.9015038465580139  0.49917217856826329 1.6473811091758157  0.58138310494209233 1.4185621764040022 
 0 9 1 9
1 0 2.0303940504246967 1 0 
1 0 0 1 0 
1 6.2831853071795862 0 0 1 
1 0 0 0 1 
7 0 0  4 23 8  5.1434205249817264 0.54999999999999927  5.1434205249817264 0.55181252201478348  5.1434204708463893 0.5536250440295668  5.1434203625757142 0.55543756573790892  5.1434200377635726 0.55906260967624744  5.1434198212220021 0.5608751319062435  5.1434195505450289 0.56268765321690839  5.1434189009197091 0.56631269698171371  5.1434185219711459 0.56812521943584982  5.1434180888870467 0.56993774035776112  5.1434171144464242 0.57356278394294491  5.1434165730895769 0.57537530660620639  5.1434159775969857 0.5771878271243438  5.1434147007389699 0.58075036951371173  5.1434140230422738 0.58250039155108246  5.1434132948787026 0.5842504110272011  5.1434117654226705 0.58768795168408128  5.1434109676701656 0.58937547306384741  5.1434101229909048 0.59106299155822584  5.1434082737275792 0.5945630359174443  5.1434072619331834 0.59637556130094194  5.1434061960019113 0.59818808276394209  5.143405075933897 0.60000059999999966 
 0 5 0.14499885516972139 3 0.28999785013102153 3 0.43499713268897694 3 0.57999684873566748 3 0.71999712490400203 3 0.85499802904789035 3 1 5
7 0 0  4 23 8  0 3.7646145816604832  0.00029713475652200694 3.7646145816604832  0.00059426951304377416 3.7646149118860417  0.00089140428928586517 3.7646155723371595  0.0014856742071144298 3.7646175536898205  0.0017828093487011144 3.764618874592002  0.0020799445494483213 3.7646205257187404  0.0026742156980548333 3.7646244884219979  0.002971351645914542 3.7646267999998373  0.0032684876923763906 3.7646294418002424  0.0038627609102642856 3.7646353858502546  0.004159898081691025 3.7646386881018388  0.0044570353911639396 3.7646423205730501  0.0050410653338398134 3.7646501093189273  0.0053279579563505729 3.7646542432150998  0.0056148507436915417 3.764658684946248  0.0061783918131201364 3.7646680144655669  0.0064550400824009459 3.7646728806611267  0.0067316885373759627 3.7646780330921414  0.0073054803925316917 3.7646893133213997  0.0076026238236908544 3.7646954850994176  0.0078997675071678167 3.7647019870839324  0.0081969114626918582 3.7647088192692859 
 0 5 0.14499885516972139 3 0.28999785013102153 3 0.43499713268897694 3 0.57999684873566748 3 0.71999712490400203 3 0.85499802904789035 3 1 5
1 0 0 1 0 
1 5.363319418487853 0 0 1 
1 2.9044776622555157 -10.5 0 -1 
7 0 0  6 12 3  0 0.891943995230152  0.077126234916156541 0.891943995230152  0.15409895562385076 0.91750266084592036  0.23119887983879145 0.96843331950303679  0.30866984083938903 1.0428561769510809  0.38674272323960035 1.1372183879745841  0.48472933106038524 1.2733243039063178  0.50391507464734808 1.300802277281276  0.52316583355780122 1.3291293071139665  0.54248880643715269 1.3582423758080315  0.56189179872198836 1.3880760259869784  0.58138322264007236 1.4185623604941799 
 0 7 0.80479658860437164 5 1 7
7 0 0  6 12 3  5.2431897240899872 3.350000000000001  5.2431897240899872 2.8795299670114463  5.2389998071927844 2.4099959822695545  5.2306503819913246 1.9447255339052327  5.2182259738588712 1.4871615336495299  5.2018694555839922 1.0411745233080201  5.1768989345478271 0.50708246382813427  5.1718014943084079 0.40371001519407379  5.1664822332690088 0.30126747127532855  5.1609421091625549 0.19980209466436147  5.1551817489060339 0.099362649206512652  5.1492014486005013 -6.0000000000000008e-07 
 0 7 0.80479658860437164 5 1 7
7 0 0  8 9 2  0.0081968130987309859 3.7647088170076302  0.073482324293172585 3.4275112767574609  0.13953211153343331 3.0985991034294864  0.20687354859900026 2.7791287543427852  0.27598718630636254 2.4711231929501269  0.34734837283136655 2.177403008579363  0.42152585044461843 1.9015038465578828  0.49917217856823282 1.6473811091758988  0.58138310494209222 1.4185621764040004 
 0 9 1 9
7 0 0  8 9 2  5.1434050763046724 -1.7250600978054987e-15  5.1528512023682422 0.50326777227196384  5.1606638509361824 1.0121177185002121  5.1666070000731761 1.5273463530129245  5.1703122547175626 2.0489988959421863  5.1712731284256863 2.5763758419803948  5.1687755791295293 3.1078642436068962  5.1618773850735309 3.6407939709361119  5.1492014847122398 4.1704316323373529 
 0 9 1 9
1 7.4171691296469326 0 -1 -0 
1 7.4171691296469326 4.1704316323373529 -1 -0 
1 5.2408005373735485 3.9000000000000004 1 0 
1 5.2360024220750629 -5.2999999999999998 1 -0 
1 5.1453621805745176 -2.4999999999999991 1 0 
1 5.1453621805745176 0 1 0 
7 0 0  7 20 4  7.709540055599839 0.94431018308177095  7.7026920393098512 0.93884309195996307  7.695695126016183 0.93674604808525941  7.6886743215500601 0.93829568520905215  7.6817389677095971 0.9434688361938911  7.6749788016717249 0.95200949387611922  7.668468329690115 0.96355102206759391  7.6559963521140828 0.99196567324767881  7.650035784630302 1.0089121559930831  7.6444217577814175 1.0281577702332541  7.639182028472348 1.0493683144063228  7.6343409803990614 1.0722606139699598  7.629923606362162 1.0966116273341335  7.6230795237172559 1.1408695456842242  7.6204402814455179 1.1601589854691592  7.6180528453058161 1.1800457599845113  7.6159316644757133 1.2004579853687469  7.6140930488715881 1.221322392162826  7.6125544878579463 1.2425609622237985  7.6113339689567452 1.2640875656383994 
 0 8 0.36420094787343482 6 0.73253460305836637 6 1 8
7 0 0  7 20 4  1.570796326794897 1.174768285910595  1.4853275497453124 1.1827816997904859  1.3990414682023995 1.185926074815471  1.3127414891310731 1.1836388644237934  1.2269092218416915 1.1759220385253242  1.1418699448379492 1.1633468763831514  1.0578637347060049 1.1467363449205887  0.8913686800238142 1.1070304716858543  0.80882559350316652 1.0838434427130965  0.72730123793698842 1.0582754745454965  0.64659588739763418 1.0311578344896919  0.56649004857674701 1.0032271578004723  0.48673642674878098 0.97509939659380573  0.34913266301928175 0.92711773361520522  0.29129115999031552 0.9071165689471099  0.23340029054590508 0.88750788042922935  0.17538220354930362 0.86848787308084419  0.11717397864695001 0.85023707199725007  0.058725944997357109 0.83291734455530853  0 0.81666892261899904 
 0 8 0.36420094787343482 6 0.73253460305836637 6 1 8
7 0 0  6 7 2  7.6189438995869265 1.1217985376297559  7.6151629451884446 1.1970581784082903  7.6110792921095838 1.2721344404448687  7.606699642730038 1.3470231144674367  7.602034219323067 1.4217458894997819  7.5970997762514854 1.49632893358764  7.5919251653942288 1.5707963267948966 
 0 7 1 7
1 4.8889363040528639 1.5707963267948966 1 0 
7 0 0  8 23 4  5.3688980279008156 0.35626552609944578  5.3628243053325422 0.42063549713878273  5.3556334641916514 0.4828513381809808  5.3474424515058807 0.5427872082284978  5.3383632756430011 0.60040118401427711  5.32849855101259 0.65569641418066715  5.3179377327887991 0.70871776394079955  5.3067513879907686 0.75955990937995121  5.2738977855014699 0.89577730243661791  5.2510102264186367 0.97636129345585954  5.2265527468970934 1.0510962032518583  5.2007097671615341 1.1203139697679441  5.173652149209266 1.1843262393391352  5.1455109893902788 1.2433263176794465  5.1163620634442388 1.2975204397439017  5.0631923896631443 1.3848296103940758  5.0396350803258585 1.4198287656618551  5.0155645835189704 1.4520692440016412  4.9910183343571166 1.4815382301790696  4.9660374086512489 1.5081979896754858  4.9406659023348807 1.5319977755587229  4.9149499387871742 1.5528822366225656  4.8889363040528631 1.5707963267948966 
 0 9 0.24051247783400739 7 0.671311782708788 7 1 9
1 13.500000000000007 0 0 1 
7 0 0  1 2 2  9.0236046997839452 -13.500000000000002  9.0236046997839452 -8.437694986953979e-16 
 -1.0974171438249413e-14 2 13.499999999999996 2
7 0 0  1 2 2  5.1318358445278438 -13.500000000000002  5.1318358445278438 -8.437694986953979e-16 
 -1.0974171438249413e-14 2 13.499999999999996 2
1 13.500000000000007 0 0 1 
1 0 0 0 1 
7 0 0  1 2 2  6.8120167829830827 -13.5  6.8120167829830827 0 
 -1.0974171438249413e-14 2 13.499999999999996 2
7 0 0  1 2 2  5.7543538313760898 -13.5  5.7543538313760898 0 
 -1.0974171438249413e-14 2 13.499999999999996 2
1 13.500000000000007 0 0 1 
1 0 0 0 1 
7 0 0  1 2 2  7.4345347698313287 -13.500000000000002  7.4345347698313287 -8.437694986953979e-16 
 -1.0974171438249413e-14 2 13.499999999999996 2
1 0 -0.45000000000000001 1 0 
1 0 0 1 0 
1 0 0 0 -1 
1 6.2831853071795862 0 0 -1 
7 0 0  8 65 10  1.7896377149714551 -11.100000000000001  1.8200311163804759 -11.185615640066741  1.8514016391695693 -11.269655623788998  1.8839868208707116 -11.352109127182096  1.9180217221113891 -11.432674506446682  1.9537316838549081 -11.51078724596174  1.9914013548676581 -11.585512427243604  2.0313340074915236 -11.655623412176858  2.0872942233727394 -11.738660963947073  2.1006944349413308 -11.757522684288443  2.114367208516938 -11.775686075168919  2.1283225086045889 -11.793077408805104  2.142567407681911 -11.809611273429738  2.157105708396406 -11.825192069428104  2.1719372643553707 -11.839716349607942  2.1936487412515357 -11.858900403833506  2.200294806830609 -11.864503045688934  2.2069944976007476 -11.869874816745154  2.2137468176835702 -11.875006376331116  2.2205504466084154 -11.879888286893154  2.2274037119535173 -11.884511145359394  2.2343045619871802 -11.888865714504137  2.2541227945587319 -11.900499164554535  2.2671527790504387 -11.907104744986126  2.280321543959118 -11.912700503543455  2.2936075088429901 -11.917233349200664  2.3069861023235791 -11.920659293380165  2.3204294037658491 -11.922946351363194  2.3339057849583318 -11.924077443700364  2.3590932937380726 -11.924032305650808  2.3708077615866512 -11.923138188621728  2.3824999397338655 -11.921370843110608  2.394148934250214 -11.918740210349352  2.4057358072481372 -11.915264918441105  2.4172434112483279 -11.910970924575176  2.4286562235460494 -11.905890157241988  2.4457124003817747 -11.897091950889775  2.4514367983342606 -11.893930226833222  2.4571317763749017 -11.890578758748322  2.4627959082595674 -11.887042419767795  2.4684279395599931 -11.883326183687087  2.4740267876637816 -11.87943512496439  2.4795915417744028 -11.875374418720639  2.4963761249412442 -11.862550334794944  2.5074859950131683 -11.853270527660074  2.5184454858129071 -11.843353228923302  2.5292511263883175 -11.832841304870181  2.5399013489219269 -11.821776326191575  2.5503962755036964 -11.810197715691929  2.5607375049037855 -11.798141895997471  2.5942830873842899 -11.756991852995732  2.6168305672454326 -11.726026117642885  2.6386242670635998 -11.693122498984806  2.6597136411825222 -11.658597875512363  2.6801470851528602 -11.62271225444236  2.6999743871316189 -11.585671613868344  2.7192482156829274 -11.54762906904825  2.7610120865473515 -11.46100547612364  2.7832349975126069 -11.412014315587712  2.8047827753806684 -11.361929510688272  2.8257243051676793 -11.310923746237615  2.8461162792799839 -11.259133750622562  2.8660088048684838 -11.206666853066217  2.8854482976585514 -11.153604109921995  2.9044776622555166 -11.099999999999996 
 0 9 0.29628808130187168 7 0.38721223226088597 7 0.42685237907974405 7 0.50031334467960087 7 0.56417839478739873 7 0.59667726266300325 7 0.66281993726029265 7 0.81441118443770366 7 1 9
7 0 0  8 65 10  5.6139812659187038 2.4917534746079409e-15  5.6084091809437986 0.1081982344112575  5.6024428400383233 0.21440520607693575  5.596023346695846 0.31860723600005564  5.5890851828805577 0.42042311665418186  5.581560443072469 0.51913943173292809  5.5733651598909439 0.61357466196057497  5.5644124508124362 0.70217862236653916  5.5515181238188331 0.8071187534496792  5.5484070457285375 0.83095557622299432  5.5452094697517254 0.85390987315585754  5.5419228973591981 0.87588846949672994  5.5385456728999891 0.89678342465896299  5.5350771652822202 0.91647392298883601  5.5315180214412969 0.93482923132184226  5.5262802802259667 0.95907340907298078  5.5246733780307213 0.96615384386647618  5.5230500389598429 0.97294251172543078  5.5214106047333589 0.97942760821649844  5.5197555125532167 0.98559720646927651  5.5180853028152823 0.99143942319031331  5.5164006268213521 0.99694258467711161  5.5115548375077212 1.0116445568235966  5.5083597164620466 1.0199924724544567  5.5051225692438432 1.027064208361852  5.5018499864017789 1.0327926698507421  5.4985495026476139 1.0371222656012937  5.4952296283602999 1.0400125743762654  5.4918998810900872 1.041442011728392  5.485676615506903 1.0413849677436415  5.4827822551558247 1.0402550120039189  5.4798945587801056 1.0380214987842671  5.4770198100673202 1.0346969914871156  5.4741637631172617 1.0303050316974898  5.4713316519372928 1.0248784232588417  5.4685281999376798 1.0184575163488816  5.4643477752920537 1.0073386320824909  5.4629463468507877 1.0033429490466763  5.4615538392449237 0.99910747373878972  5.4601706973887012 0.99463836466392219  5.4587973159687859 0.98994190754143196  5.4574340394442871 0.98502451530494373  5.4560811620467558 0.97989272810234862  5.4520071721797256 0.96368607196311229  5.4493196257210803 0.9519585564427312  5.4466781950623213 0.93942539997026298  5.4440841355591107 0.92614077554969265  5.4415381235932259 0.91215721885502599  5.4390403289010845 0.89752455113192375  5.4365904869022845 0.88228880209933935  5.4286816866218182 0.83028472906706974  5.4234276306934293 0.79115124960219629  5.4184135370321638 0.74956873685370395  5.4136267473572337 0.70593765145248621  5.4090540148528605 0.66058658198084708  5.404681448412842 0.61377583678935899  5.4004945975946947 0.56569891791288984  5.3915621034661045 0.45622686577970334  5.3869057910866402 0.39431344589972711  5.3824852334669666 0.33101791418697779  5.3782808442809431 0.26655850403649567  5.3742760993194088 0.20110800829358041  5.3704563216472669 0.1348020661058314  5.3668081111526131 0.067743113830906476  5.3633194184878539 -1.4056045241378133e-15 
 0 9 0.29628808130187168 7 0.38721223226088597 7 0.42685237907974405 7 0.50031334467960087 7 0.56417839478739873 7 0.59667726266300325 7 0.66281993726029265 7 0.81441118443770366 7 1 9
1 1.7896377149714544 -10.5 0 -1 
1 5.6139812659187038 0 0 1 
1 6.9523893484404686 0 0 1 
1 4.4935475922081318 -10.5 0 -1 
1 5.6139812659187038 0.59999999999999964 1 0 
1 5.6139812659187038 0 1 0 
1 0 -0.45000000000000001 1 0 
1 0 0 1 0 
1 0 0 0 -1 
1 6.2831853071795862 0 0 -1 
7 0 0  8 65 10  3.3787076449240701 -11.099999999999996  3.4089787893335708 -11.185271252443723  3.4402206837185312 -11.268983674354821  3.4726669310520148 -11.351122640467091  3.5065489495925495 -11.431389413470216  3.5420892640097867 -11.509227592573398  3.5795684613024719 -11.583719284468934  3.6192867287413031 -11.653659603941417  3.6750989027260976 -11.736872346864086  3.6886039244481674 -11.755970155002897  3.7023860285195962 -11.774361444676787  3.7164555694949901 -11.791970944552441  3.7308199491786809 -11.808711264441181  3.7454832316837381 -11.824484423953722  3.7604454460826156 -11.839184254484085  3.7822703451079831 -11.858518952514842  3.7888931422124292 -11.864118248457112  3.7955692877335232 -11.869488540332886  3.8022978085871335 -11.874620577722746  3.8090774119401933 -11.879505010533233  3.8159064583166473 -11.884132517725632  3.8227829347033899 -11.888493936044762  3.8426234052297636 -11.90020775919875  3.855702007528012 -11.906878798587883  3.8689211884846251 -11.912533344754955  3.8822592166316174 -11.917117435570461  3.8956913074288142 -11.920586282866354  3.9091892555933283 -11.922907246366824  3.9227210674290323 -11.924062807619084  3.9480709142723938 -11.924045450525233  3.9598922738538591 -11.923148271107642  3.9716909911049805 -11.921361790800917  3.983445592985305 -11.918696223515244  3.9951366405061304 -11.915170788543604  4.0067465550272532 -11.910812287163923  4.0182594445537223 -11.905653679241231  4.0354246197612955 -11.896739460493782  4.0411602171020409 -11.893551171702256  4.0468661253451419 -11.890172616647387  4.0525409208766332 -11.886608716611228  4.0581833531782614 -11.88286449096568  4.0637923448274904 -11.878945057172533  4.069366991497497 -11.874855630783445  4.0862048277386069 -11.861925038123324  4.0973566613289361 -11.852563582570108  4.1083565163945392 -11.842561051878942  4.1192009791783919 -11.831960843218743  4.1298885532095033 -11.820804999439927  4.1404194440123598 -11.809133350685588  4.1507953438163607 -11.796982656002742  4.2019636491037282 -11.733937797661003  4.2403328529240225 -11.676503714133849  4.2765678998282919 -11.61401445069227  4.3109148126640706 -11.547786576782789  4.3436096239215694 -11.478821933584371  4.3748615833346047 -11.407760392519823  4.4048958601237498 -11.334950929358705  4.4416438201152371 -11.240709124835689  4.4492607438045066 -11.220879982162806  4.4568061092375313 -11.200951996327365  4.4642825709023626 -11.180930441730538  4.471692643931835 -11.160820192094841  4.4790387041035613 -11.140625720464142  4.4863229878399355 -11.120351099203669  4.4935475922081309 -11.099999999999996 
 0 9 0.29504549690202947 7 0.38681568834371499 7 0.42632879662076539 7 0.50008007588558334 7 0.56451424905936265 7 0.59708707325737054 7 0.66352118177166708 7 0.92957564477922316 7 1 9
7 0 0  8 65 10  7.2030511958713204 -4.9835069492158811e-15  7.1975015245243252 0.10776300864252211  7.1915604927094288 0.21355601844786992  7.1851700716947642 0.31736054648484757  7.1782657208677358 0.41879905835090053  7.1707804256195793 0.5171683929979729  7.1626314353280698 0.61130854700631976  7.1537327836570199 0.69969682600747385  7.1408816315983108 0.80485835791602822  7.137748130589733 0.82899354069494613  7.1345266525611013 0.85223584863903379  7.1312145939006983 0.87449015630905402  7.127810210871802 0.89564602285433581  7.1243128067316102 0.91557962387645464  7.1207229935012579 0.9341567869776175  7.1154585611679879 0.95859134342281505  7.1138574918558248 0.96566754976114255  7.1122400685731852 0.97245434828042132  7.1106066259012666 0.97894004860436157  7.1089575924760746 0.98511283439189823  7.1072934985847578 0.99096092602039809  7.1056149837619387 0.99647274326886659  7.1007643488972638 1.0112762883043189  7.0975576113917516 1.01970692881614  7.0943082996950642 1.026852958574223  7.0910230521287669 1.0326461820113435  7.0877094705630324 1.0370299973115071  7.0843761534692264 1.0399631547660122  7.0810327289724873 1.0414235151295077  7.0747693527973174 1.0414015798042808  7.071848567317212 1.0402677539185226  7.068934550140483 1.0380100587725494  7.0660337591558458 1.034641402370641  7.0631521016122623 1.0301860734241302  7.060294944266956 1.0246779425079446  7.0574671235334225 1.0181586632171495  7.0532604452264565 1.0068931662953493  7.0518564432966642 1.0028639116198315  7.050461444830268 0.99859420468880389  7.049075894207455 0.99409026485689678  7.0477001851983978 0.98935843544150259  7.0463346609632547 0.98440518372277652  7.0449796140521705 0.9792371009436357  7.0408934544956585 0.96289584256344396  7.0381963395696863 0.95106514245318274  7.0355458404803208 0.93842427263564732  7.032943198940842 0.92502807702781198  7.0303890728294771 0.91092968800338747  7.0278836094940376 0.89617944158925911  7.025426519056551 0.8808237926619219  7.013368128380856 0.80114977099991591  7.0045167292127832 0.72856646229800448  6.9963597043883832 0.64959458322627039  6.9888294865342644 0.56589797101500916  6.9818572084591235 0.47874271964981796  6.975380716406451 0.38893747761969127  6.9693378126706413 0.29692326904381822  6.9621687935501431 0.17782357126462492  6.9606957023638838 0.1527641519176183  6.9592491730476489 0.12757981782765307  6.9578284355237914 0.10227723460972006  6.956432758190128 0.076862561514292105  6.9550614479199435 0.051341451427324165  6.9537138500619857 0.025719050870253269  6.9523893484404686 -1.4056045241378135e-15 
 0 9 0.29504549690202947 7 0.38681568834371499 7 0.42632879662076539 7 0.50008007588558334 7 0.56451424905936265 7 0.59708707325737054 7 0.66352118177166708 7 0.92957564477922316 7 1 9
1 3.3787076449240705 -10.5 0 -1 
1 7.2030511958713195 0 0 1 
1 6.2831853071795862 0 1 0 
1 0 1.5707963267948966 0 1 
1 0 1.1999999999999993 1 0 
1 0 3.1415926535897931 1 0 
1 0 1.3500000000000014 1 0 
1 1.5707963267948966 0 0 1 
1 -1.5707963267948966 0 1 0 
7 0 0  6 7 2  0 0.35000000000000148  0.26179938779915063 0.25837021427029877  0.52359764891982019 0.16674732632263525  0.78539828063453887 0.086384399367619963  1.0471984818559668 0.028779617934268253  1.3089969389957516 6.3960799228808538e-18  1.5707963267948966 1.3877787807814457e-17 
 1.5707963267948966 7 3.1415926535897931 7
7 0 0  7 8 2  0 0.34999999999999964  0.22439947525641379 0.27146018366025482  0.44879895051282936 0.19292068623835557  0.67319842576930977 0.12083861097917971  0.89759790102564818 0.061683123381205587  1.1219973762820263 0.020562035413486068  1.3463968515384828 -9.6183534686089489e-18  1.5707963267948966 0 
 1.5707963267948966 8 3.1415926535897931 8
1 1.5707963267948966 0 0 1 
1 1.5707963267948966 0 0 1 
1 0 7 1 0 
1 0 4.7123889803846897 0 1 
1 0 6.2831853071795862 1 0 
1 1.5707963267948966 0.35000000000000142 -1 -0 
1 1.5707963267948966 0 0 1 
1 -4.7123889803846897 0 1 0 
1 1.5707963267948966 0 0 1 
1 0 24.799999999999997 1 0 
1 0 4.7123889803846897 0 1 
1 0 6.2831853071795862 1 0 
1 0 0.35000000000000142 1 0 
1 1.5707963267948966 0 0 1 
1 -4.7123889803846897 0 1 0 
1 1.5707963267948966 0 0 1 
7 0 0  6 7 2  -3.8022672223029794e-16 6.6499999999999941  0.26179938779915879 6.7416297857297085  0.52359764891982263 6.8332526736774035  0.78539828063479722 6.9136156006322214  1.0471984818559514 6.9712203820657521  1.3089969389957321 6.9999999999999849  1.5707963267948966 7.0000000000000009 
 4.7123889803846897 7 6.2831853071795862 7
7 0 0  6 7 2  -2.692044197676928e-16 0.35000000000000114  0.26179938779915507 0.25837021427029688  0.52359764891980787 0.16674732632263839  0.78539828063455819 0.086384399367613746  1.047198481855947 0.028779617934269301  1.3089969389957601 -2.0085666861345923e-16  1.5707963267948966 0 
 4.7123889803846897 7 6.2831853071795862 7
1 1.5707963267948966 0 0 1 
1 0 0 0 1 
1 0 2.3499999999999979 1 0 
1 0 3.1415926535897931 1 0 
1 1.5707963267948966 0 0 1 
1 1.5707963267948966 0 0 1 
1 1.5707963267948966 0 0 1 
1 0 0 0 1 
1 1.5707963267948966 2.3499999999999979 -1 -0 
1 0 3.1415926535897931 1 0 
1 1.5707963267948966 0 0 1 
7 0 0  7 8 2  1.5707963267948966 1.1999999999999993  1.3463968515384828 1.1999999999999993  1.1219973762820687 1.1794379645863451  0.89759790102575121 1.1383168766193474  0.6731984257691529 1.0791613890205327  0.4487989505128645 1.0070793137618068  0.22439947525641379 0.9285398163397427  0 0.84999999999999787 
 3.1415926535897931 8 4.7123889803846897 8
7 0 0  6 7 2  1.1102230246251565e-16 2.7755575615628914e-17  0.26179938779914469 7.366269100184602e-16  0.52359784493893957 0.028779617934245195  0.78539804616035647 0.086384399367660597  1.0471986778750415 0.16674732632260614  1.3089969389957639 0.25837021427030415  1.5707963267948963 0.3499999999999997 
 3.1415926535897931 7 4.7123889803846897 7
1 0 0 0 1 
1 0 7 1 0 
1 -4.4408920985006262e-16 0 0 1 
1 0 0 1 0 
1 1.5707963267948961 0.35000000000000142 -1 -0 
1 1.5707963267948961 0 0 1 
1 0 0 1 0 
1 0 0 0 1 
1 0 24.799999999999997 1 0 
1 0 0 0 1 
1 0 0 1 0 
1 0 0.35000000000000142 1 0 
1 1.5707963267948966 0 0 1 
1 0 0 1 0 
1 0 0 0 1 
7 0 0  6 7 2  -2.2204460492503131e-16 7.0000000000000009  0.26179938779914946 7.0000000000000266  0.52359784493895356 6.971220382065626  0.78539804616010522 6.9136156006323661  1.0471986778750164 6.8332526736772987  1.3089969389957721 6.7416297857297289  1.5707963267948966 6.6500000000000012 
 0 7 1.5707963267948966 7
7 0 0  6 7 2  1.5707963267948966 1.1999999999999991  1.3089969389957483 1.2000000000000006  1.0471984818559736 1.171220382065715  0.78539828063458161 1.1136156006323557  0.52359764891983873 1.0332526736773688  0.26179938779914136 0.94162978572969869  0 0.84999999999999765 
 0 7 1.5707963267948966 7
1 -1.5707963267948966 0 1 0 
1 1.5707963267948966 0 0 1 
1 1.5707963267948966 0 0 1 
1 0 1.5707963267948966 0 1 
1 0 9.1000000000000014 1 0 
1 0 3.1415926535897931 1 0 
1 1.5707963267948966 1.3500000000000014 -1 -0 
1 1.1278852827212511 0 0 1 
1 1.5707963267948966 0 0 1 
7 0 0  10 29 4  0.70623253850966516 1.1227287485647472  0.72674517140647077 1.1298066801908138  0.74731451137594374 1.1367751514936968  0.76794392229061403 1.1436229857044435  0.788636712792399 1.1503386708663523  0.80939613176409719 1.1569103911388108  0.83022536380088374 1.163326058101134  0.85112752468180697 1.1695733420564007  0.87210565684128161 1.1756397033352954  0.89316272484058479 1.1815124235999401  0.94600993983749937 1.1956779574694327  0.977892824049307 1.203710208761259  1.0100843391305883 1.2112646401353344  1.0422835694072219 1.2182113487340072  1.0748771685551775 1.2246142105320383  1.1074375646378551 1.2303120619826839  1.1402541820018615 1.2353500991798463  1.1731486527501904 1.2396467119129981  1.2061582709907317 1.2431882819938387  1.2723410451927775 1.2487093831549432  1.3055154459528542 1.2506895070578599  1.3387513554371588 1.2518660621684041  1.3720254856853229 1.2522238628264843  1.4053121792454755 1.2517561119628213  1.4385828227082871 1.2504648332351174  1.4718052602410143 1.2483613031642222  1.5049432071215381 1.245466483270304  1.5379556632724107 1.2418114522090133  1.5707963267948963 1.2374378379076538 
 0.46693808682009874 11 0.600203565115074 9 0.80010178255753617 9 1 11
1 1.5707963267948966 0 0 1 
1 1.5707963267948966 0 0 1 
1 1.5707963267948966 0 0 1 
1 1.5707963267948966 0 0 1 
1 1.5707963267948966 0 0 1 
7 0 0  10 20 3  1.5707963267948981 1.174768285910595  1.5112800471165893 1.1803484357397767  1.4513863152523174 1.1836799943341847  1.391345843858534 1.1846014380836964  1.3313367656350954 1.1830433829855824  1.2714981371143708 1.1790289737480042  1.2119403346306294 1.1726638575203392  1.1527528824189095 1.1641195210239115  1.0940102527925859 1.1536137698567495  1.0357761783488419 1.1413921287459685  0.92043785395368749 1.1140357542967878  0.86331371676495783 1.098896179010953  0.80662945969131028 1.0825135151069352  0.75049523640353921 1.0651591515906229  0.69458194074841095 1.0469901700389479  0.63915627123904062 1.0282981258603228  0.58388387598971403 1.009212498703512  0.52885214826947158 0.98995058644304013  0.47392604447114334 0.97066058950535472  0.41903299420594664 0.95149446100942559 
 0 11 0.3623024892163712 9 0.72460497843274374 11
1 0 2.0303940504246967 1 0 
1 0 0 1 0 
1 6.2831853071795862 0 0 1 
1 0 0 0 1 
1 6.2831853071795862 0 0 1 
1 0 0 0 1 
1 0 1.5707963267948966 1 0 
1 6.2831853071795862 0 0 1 
1 0 0 0 1 
1 0 1.5707963267948966 1 0 
1 1.5707963267948966 1.9500000000000002 -1 -0 
1 0 6.2831853071795862 1 0 
1 0 1.9500000000000002 -0 -1 
1 0 0 0 1 
1 1.5707963267948966 0 0 1 
1 6.2831853071795862 0.69999999999999929 -1 0 
1 0 0.69999999999999929 1 0 
1 0 0.8381527307120078 1 0 
1 0 0 1 0 
1 6.2831853071795862 0 0 1 
1 0 0 0 1 
1 6.2831853071795862 0 0 1 
1 0 0 0 1 
1 0 1.5707963267948966 1 0 
1 6.2831853071795862 0 0 1 
1 0 0 0 1 
1 0 1.5707963267948966 1 0 
1 0 0 0 1 
1 0 2.3499999999999979 1 0 
1 0 3.1415926535897931 1 0 
1 1.5707963267948966 0 0 1 
1 1.5707963267948966 0 0 1 
1 1.5707963267948966 0 0 1 
1 1.5707963267948966 0 0 1 
1 0 0 0 1 
1 1.5707963267948966 1.3499999999999979 -1 -0 
1 0 6.2831853071795862 1 0 
1 0 0 0 1 
1 1.5707963267948966 0 0 1 
1 0 1.3499999999999979 1 0 
1 0 6.2831853071795862 1 0 
1 1.5707963267948966 0 0 1 
1 1.5707963267948966 0 0 1 
1 1.5707963267948966 0 0 1 
1 0 1.5707963267948966 0 1 
1 0 1.1999999999999993 1 0 
1 0 1.5707963267948966 1 0 
1 1.5707963267948966 0 0 1 
1 -1.5707963267948966 0 1 0 
1 0 0 0 1 
1 0 9.1000000000000014 1 0 
1 0 1.5707963267948966 0 1 
1 1.5707963267948966 0 0 1 
1 0 1.5707963267948966 1 0 
1 1.5707963267948966 0 0 1 
1 -1.5707963267948966 0 1 0 
1 0 0 0 1 
1 1.5707963267948966 0 0 1 
1 0 0 0 1 
1 1.5707963267948961 1.3499999999999979 -1 -0 
1 0 0 1 0 
1 0 0 0 1 
1 0 0 0 1 
1 0 1.3499999999999979 1 0 
1 0 0 1 0 
1 1.5707963267948966 0 0 1 
1 0 0 0 1 
1 1.5707963267948966 0 0 1 
1 0 0 0 1 
1 1.5707963267948966 2.3499999999999979 -1 -0 
1 0 3.1415926535897931 1 0 
1 1.5707963267948966 0 0 1 
1 1.5707963267948966 0 0 1 
1 0 0.81666892261899893 0 1 
1 0 1.9500000000000002 1 0 
1 0 6.2831853071795862 1 0 
1 0 0 0 1 
1 1.5707963267948966 0 0 1 
1 0 0.8381527307120078 1 0 
1 0 0 1 0 
1 6.2831853071795862 0 0 1 
1 0 0 0 1 
1 6.2831853071795862 -0.10000000000000001 -1 0 
1 6.2831853071795862 -0.10000000000000001 -1 0 
1 0 1.9500000000000002 1 0 
1 0 6.2831853071795862 1 0 
1 1.5707963267948966 0 0 1 
1 0 0 0 1 
1 -4.7123889803846897 0 1 0 
1 1.5707963267948966 0 0 1 
1 0 3.4000000000000012 1 0 
1 0 4.7123889803846897 0 1 
1 1.5707963267948966 0 0 1 
1 1.5707963267948966 0 0 1 
1 1.5707963267948963 1.9500000000000002 -1 -0 
1 0 6.2831853071795862 1 0 
1 0 7.4000000000000021 1 0 
1 0 0 1 0 
1 6.2831853071795862 0 0 1 
1 0 0 0 1 
1 6.2831853071795862 -0.10000000000000001 -1 0 
1 6.2831853071795862 -0.10000000000000001 -1 0 
1 0 1.5707963267948966 0 1 
1 0 1.1999999999999993 1 0 
1 0 1.5707963267948966 1 0 
1 1.5707963267948966 0 0 1 
1 -1.5707963267948966 0 1 0 
7 0 0  6 7 2  0 0.35000000000000142  0.26179938779915041 0.25837021427029822  0.52359764891982064 0.16674732632263525  0.78539828063452866 0.086384399367618839  1.0471984818559699 0.028779617934267122  1.3089969389957525 -2.4785574557799662e-17  1.5707963267948963 2.7755575615628914e-17 
 1.5707963267948966 7 3.1415926535897931 7
7 0 0  7 8 2  0 0.34999999999999964  0.22439947525641379 0.27146018366025482  0.44879895051279112 0.19292068623836126  0.67319842576932298 0.12083861097917219  0.89759790102538872 0.061683123381227521  1.1219973762821431 0.020562035413480055  1.3463968515384828 9.6183534686089489e-18  1.5707963267948966 0 
 1.5707963267948966 8 3.1415926535897931 8
1 0 0 0 1 
1 0 0 0 1 
1 0 7 1 0 
1 0 4.7123889803846897 0 1 
1 0 4.7123889803846897 1 0 
1 1.5707963267948966 0 0 1 
1 -4.7123889803846897 0 1 0 
1 0 0 0 1 
1 0 24.799999999999997 1 0 
1 0 4.7123889803846897 0 1 
1 0 4.7123889803846897 1 0 
1 1.5707963267948966 0 0 1 
1 -4.7123889803846897 0 1 0 
1 0 0 0 1 
7 0 0  6 7 2  -2.6920441976783839e-16 6.6499999999999932  0.26179938779913836 6.7416297857297049  0.52359764892003346 6.833252673677281  0.78539828063449135 6.9136156006324558  1.0471984818561022 6.971220382065586  1.3089969389957588 6.9999999999999885  1.5707963267948966 7.0000000000000018 
 4.7123889803846897 7 6.2831853071795862 7
7 0 0  6 7 2  -3.8022672223020594e-16 0.3500000000000012  0.26179938779915579 0.25837021427029683  0.52359764891980864 0.16674732632263534  0.78539828063455841 0.086384399367619547  1.0471984818559466 0.028779617934268014  1.3089969389957601 -1.3198814661717365e-16  1.5707963267948966 -2.7755575615628914e-17 
 4.7123889803846897 7 6.2831853071795862 7
1 0 0 0 1 
1 1.5707963267948966 0 0 1 
1 0 0 0 1 
1 0 1.5707963267948966 1 0 
1 1.5707963267948966 0 0 1 
1 0 1.5707963267948966 1 0 
1 1.5707963267948966 0 0 1 
1 0 0 0 1 
1 0 1.5707963267948966 1 0 
1 0 0 0 1 
7 0 0  7 8 2  1.5707963267948966 1.1999999999999993  1.3463968515384828 1.1999999999999993  1.1219973762821041 1.179437964586548  0.89759790102554937 1.138316876618614  0.67319842576962086 1.0791613890211524  0.44879895051272917 1.007079313761541  0.22439947525641379 0.9285398163397427  0 0.84999999999999787 
 3.1415926535897931 8 4.7123889803846897 8
7 0 0  6 7 2  1.1102230246251565e-16 4.163336342344337e-17  0.26179938779914524 4.1520957282830761e-16  0.52359784493892281 0.028779617934239027  0.78539804616038378 0.086384399367666398  1.047198677875032 0.16674732632260403  1.3089969389957679 0.25837021427030343  1.5707963267948968 0.34999999999999976 
 3.1415926535897931 7 4.7123889803846897 7
1 0 7 1 0 
1 -4.4408920985006262e-16 0 0 1 
1 1.5707963267948961 0 0 1 
1 0 0 1 0 
1 0 24.799999999999997 1 0 
1 0 0 0 1 
1 1.5707963267948966 0 0 1 
1 0 0 1 0 
7 0 0  6 7 2  0 7.0000000000000018  0.26179938779915074 7.0000000000000142  0.5235978449387767 6.9712203820654954  0.78539804616037767 6.9136156006325686  1.0471986778748636 6.8332526736771912  1.3089969389957561 6.7416297857297307  1.5707963267948966 6.6500000000000021 
 0 7 1.5707963267948966 7
7 0 0  6 7 2  1.5707963267948966 1.1999999999999993  1.3089969389957479 1.1999999999999993  1.0471984818559574 1.1712203820657485  0.78539828063457262 1.1136156006323383  0.52359764891982241 1.0332526736773828  0.26179938779913875 0.94162978572969636  -1.1102230246251565e-16 0.84999999999999787 
 0 7 1.5707963267948966 7
1 -1.5707963267948966 0 1 0 
1 1.5707963267948966 0 0 1 
1 0 1.5707963267948966 0 1 
1 0 9.1000000000000014 1 0 
1 0 4.7123889803846897 0 1 
1 0 3.6999999999999997 1 0 
1 0 4.7123889803846897 1 0 
1 -4.7123889803846897 0 1 0 
1 1.5707963267948966 0 0 1 
1 0 0 0 1 
1 0 0 0 1 
1 -4.7123889803846897 3.4000000000000004 1 0 
1 0 4.7123889803846897 1 0 
1 0 0 0 1 
1 -4.7123889803846897 -8.8817841970012523e-16 1 0 
1 1.5707963267948963 0 0 1 
1 0 7.4000000000000021 1 0 
1 0 0 1 0 
1 6.2831853071795862 0 0 1 
1 0 0 0 1 
1 0 0 0 -1 
1 6.2831853071795862 0 0 -1 
1 0 -3.1000000000000001 1 0 
1 0 0 0 -1 
1 6.2831853071795862 0 0 -1 
1 0 -3.1000000000000001 1 0 
1 0 4.7123889803846897 1 0 
1 1.5707963267948966 0 0 1 
1 -4.7123889803846897 0 1 0 
1 0 0 0 1 
1 0 4.7123889803846897 1 0 
1 0 3.6999999999999997 1 0 
1 -2.2204460492503131e-16 4.7123889803846897 0 1 
1 0 0.78262379212492561 1 0 
1 6.2831853071795862 0 0 1 
1 0 0 0 1 
1 0 0 0 -1 
1 6.2831853071795862 0 0 -1 
1 0 -3.1000000000000001 1 0 
1 0 0 0 -1 
1 6.2831853071795862 0 0 -1 
1 0 -3.1000000000000001 1 0 
1 0 0.78262379212492561 1 0 
1 6.2831853071795862 0 0 1 
1 0 0 0 1 
1 0 0.19999999999999929 1 0 
1 0 0.19999999999999929 1 0 
1 0 0.5 1 0 
1 6.2831853071795862 -0 0 1 
1 0 -0 0 1 
1 0.87266462599716454 4.5968559888243376e-16 0 1 
1 9.4247779607693793 1.8050510257216814 -1 0 
1 15.707963267948966 1.3694384060045957 -1 0 
1 2.4434609527920621 3.8572201647975713e-16 0 1 
1 6.2831853071795862 -0 0 1 
1 0 -0 0 1 
1 9.4247779607693793 1.8050510257216814 -1 0 
1 15.707963267948966 1.3694384060045957 -1 0 
1 1.2217304763960306 0 0 1 
1 0 0.50000000000000355 1 0 
1 5.4105206811824216 0 0 1 
1 9.4247779607693793 1.3694384060045957 -1 0 
1 0 0 1 0 
1 7.15584993317675 6.2831853071795862 -0 -1 
1 4.7123889803846897 0 0 -1 
1 5.2883476335428181 0.64350110879329503 1 -0 
1 5.2883476335428181 6.2831853071795862 -0 -1 
1 11.030480872604162 0 -1 -0 
1 11.030480872604162 0.25 -1 -0 
1 11.030480872604162 -3.1415926535897931 0 1 
1 12.566370614359172 0.64350110879329503 -1 0 
1 8.7266462599716483 -3.1415926535897931 0 1 
1 0 0 0 -1 
1 5.4105206811824216 9.3296232319758837e-17 0 1 
1 6.2831853071795862 0.64350110879327727 -1 0 
1 3.5779249665883754 4.3221851599487373e-18 0 1 
1 9.1804318654901742 0 -1 -0 
1 9.1804318654901742 0.25 -1 -0 
1 9.1804318654901742 3.1415926535897931 -0 -1 
1 12.566370614359172 0.64350110879327727 -1 0 
1 7.5049157835756173 3.1415926535897931 -0 -1 
1 4.1887902047863914 0 0 -1 
1 0 0 1 0 
1 0 0 0 -1 
1 0 -1.3999999999999986 1 0 
1 2.8448866807507578 0 0 1 
1 6.2831853071795862 -0.5 -1 0 
1 2.3038346126325151 0 0 1 
1 5.2883476335428181 -5.2380836555246288e-16 0 1 
1 5.2883476335428181 2.322328165695795e-16 0 1 
1 0.54105206811824258 0 0 -1 
1 11.030480872604162 1.3999999999999986 -1 -0 
1 11.030480872604162 0 -1 -0 
1 11.030480872604162 -6.2418939647714254e-16 0 1 
1 0 0 0 -1 
1 11.030480872604162 3.1415926535897931 -0 -1 
1 0 -1.3999999999999986 1 0 
1 0 0 0 -1 
1 3.5779249665883754 6.2831853071795862 -0 -1 
1 3.577924966588375 0 0 1 
1 1.8325957145940464 0 0 1 
1 9.1804318654901742 1.3999999999999986 -1 -0 
1 9.1804318654901742 0 -1 -0 
1 9.1804318654901742 0 0 1 
1 2.5132741228718349 0 0 1 
1 9.1804318654901742 -3.1415926535897931 0 1 
1 0.68067840827778769 0 0 -1 
1 -8.2482144560743039e-18 -0.5 1 0 
1 0 0 1 0 
1 5.288347633542827 1.5707963267948966 1 0 
1 0 -2.4499999999999993 1 0 
1 0 7.5 1 0 
1 0 0 1 0 
1 0 -2.4499999999999993 1 0 
1 3.5779249665883777 1.5707963267948966 1 0 
1 0 7.5 1 0 
1 6.2831853071795862 -0 0 1 
1 0 -0 0 1 
1 0 0 1 0 
1 6.2831853071795862 -0 0 1 
1 0 -0 0 1 
1 0 0 1 0 
Curves 472
8 0 5.8828258763482051
2 -155.91999999999999 -217.29000000000002 120.1650001 1.2246467991473532e-16 1 -2.3348698237725095e-16 0.54474218170974931 -2.6251469498195179e-16 -0.83860357468001678 -0.83860357468001678 -2.4490889832468391e-17 -0.54474218170974931 15.5
7 0 0  7 110 19  -162.01999999999998 -217.24000000000001 105.91578959555449  -162.01999999999998 -216.61343802686991 105.91578959555449  -161.94491632106826 -215.98901505616897 105.88364658513396  -161.79567258270671 -215.37230630227901 105.81975718646788  -161.57136902830837 -214.76905689219325 105.72668007678843  -161.26983755105897 -214.18638582785553 105.60920350852439  -160.88789060003339 -213.63355740908355 105.47463196046267  -160.33361560067539 -213.02725348878789 105.30638081203458  -160.24194704244766 -212.93186564719554 105.27922881958079  -160.14715177508455 -212.83807321660896 105.25188115928131  -160.049190206541 -212.74597232358559 105.22441016969799  -159.948023377368 -212.65566910207707 105.19689344722916  -159.84361296071262 -212.5672796934295 105.16941384610971  -159.60291188910867 -212.37428056029046 105.1082742623137  -159.4648724686898 -212.27072285951874 105.07467393904392  -159.32175625924157 -212.17051963655382 105.04143189756213  -159.17352751375617 -212.07395515022381 105.00873520093768  -159.02016173653141 -211.98133572828613 104.97678362869877  -158.8616459396641 -211.89299007001546 104.94578871918242  -158.49393609703841 -211.70489563352191 104.87880148355954  -158.28159244223266 -211.60756025754904 104.84340892528692  -158.06138402702226 -211.51822679320634 104.81032293551652  -157.83380828153543 -211.43778620565064 104.78006227343039  -157.5994235784722 -211.36706203687208 104.75312127871757  -157.35884883744436 -211.30681538970435 104.72995449134901  -156.77734547123953 -211.19087309966972 104.6850732934646  -156.43195891107231 -211.1448217100359 104.66695979911654  -156.08052360456324 -211.12174755049517 104.65777740012857  -155.72714137201783 -211.12269096392606 104.6581527156734  -155.37597304250269 -211.14762447159904 104.66806912012939  -155.03111590033359 -211.19545209720764 104.68686818616314  -154.46205829426827 -211.31195954518262 104.73192831686279  -154.2327196922439 -211.37009209923326 104.7542634912883  -154.00905458778885 -211.4377447036573 104.78001982109926  -153.79160207095416 -211.51425157019798 104.80880042202702  -153.58085082690687 -211.59889448744195 104.84017530046856  -153.37723880101024 -211.69089885557065 104.87369360320167  -153.01302132328533 -211.87391383285603 104.93907962708789  -152.85025057545909 -211.96328247544437 104.97053240497866  -152.69284383703962 -212.0571581203269 105.00301599394209  -152.54079115643324 -212.15518755910233 105.0363036232703  -152.39406970547915 -212.25704154728078 105.07018108907855  -152.2526440710908 -212.36241444804563 105.10444788500573  -152.00744176610206 -212.55797742541353 105.166515640543  -151.90176288380971 -212.64701998257624 105.1942479716387  -151.79939133407046 -212.73802102654741 105.22202431478709  -151.70028782449603 -212.83086048223953 105.24975913887732  -151.60441233625937 -212.92542872043458 105.27737239310275  -151.51172412409474 -213.02162655778403 105.30478950696087  -150.99711709784802 -213.58333829294787 105.46083344482065  -150.64184534376753 -214.08323268748831 105.58407989745976  -150.35365013829554 -214.60877848046954 105.69389890292501  -150.12999004291183 -215.15272641361008 105.78460644647703  -149.96900365494531 -215.70962163607612 105.85228603398858  -149.86981041201531 -216.27499285831766 105.8945122288076  -149.82912078214639 -216.90170465668024 105.91188793105997  -149.82604704599797 -216.95865104651403 105.9132018309878  -149.82359491893845 -217.01561961254964 105.91425080656951  -149.82176430444088 -217.07260475384453 105.91503430070688  -149.82055513886633 -217.12960086252053 105.91555194406388  -149.81996739146396 -217.18660232376396 105.9158035550667  -149.82000165230932 -217.24459877229043 105.91578888821107  -149.82000242969423 -217.24559402867806 105.91578855541744  -149.82000339652589 -217.24658928495865 105.91578814152291  -149.82000455280428 -217.24758454110224 105.91578764652752  -149.82000589852942 -217.24857979707912 105.91578707043138  -149.82000743370131 -217.24957505285937 105.91578641323454  -149.82001088293759 -217.25156556335611 105.91578493664016  -149.82001279700177 -217.25256081807265 105.91578411724272  -149.82001490051252 -217.25355607253277 105.91578321674491  -149.82001719346982 -217.25455132670675 105.91578223514685  -149.82001967587377 -217.25554658056467 105.91578117244867  -149.82002234772435 -217.2565418340767 105.91578002865057  -149.82002807031591 -217.25853233933589 105.91577757885605  -149.82003112105653 -217.25952759108304 105.9157762728598  -149.82003436124344 -217.26052284242456 105.91577488576414  -149.82003779087671 -217.26151809333066 105.91577341756921  -149.82004140995636 -217.26251334377145 105.91577186827527  -149.82004521848245 -217.26350859371706 105.91577023788253  -149.82005297345594 -217.26543910545075 105.91576691805744  -149.82005689775443 -217.26637436730022 105.91576523810662  -149.82006098935048 -217.26730962866122 105.91576348653902  -149.82006524824411 -217.26824488950911 105.91576166335483  -149.82006967443539 -217.26918014981902 105.91575976855432  -149.82007426792433 -217.27011540956619 105.9157578021377  -149.82008220037866 -217.27167374458924 105.91575440635451  -149.82008544629829 -217.2722968201918 105.9157530168184  -149.82008876646992 -217.27291989552634 105.91575159549703  -149.82009216089352 -217.27354297058548 105.91575014239046  -149.82009562956912 -217.27416604536188 105.91574865749878  -149.82009917249675 -217.27478911984821 105.91574714082208  -149.82010640685141 -217.27603526742411 105.91574404390079  -149.82011009827824 -217.27665834051362 105.91574246365627  -149.82011386395695 -217.27728141329845 105.91574085162699  -149.82011770388749 -217.27790448577122 105.91573920781303  -149.82012161806995 -217.27852755792469 105.91573753221448  -149.82012560650429 -217.27915062975143 105.91573582483144  -149.82013373187095 -217.28039677183608 105.91573234649908  -149.82013786880304 -217.281019842094 105.91573057554987  -149.82014207998685 -217.28164291201057 105.91572877281644  -149.8201463654224 -217.28226598157852 105.91572693829892  -149.8201507251097 -217.28288905079046 105.91572507199739  -149.82015515904877 -217.28351211963906 105.91572317391197  -149.82016572996756 -217.28497310620037 105.91571864870636  -149.82017192698387 -217.28581102361329 105.91571599588724  -149.82017825828862 -217.28664894033818 105.9157132855857  -149.82018472388188 -217.28748685635708 105.91571051780197  -149.82019132376365 -217.28832477165224 105.91570769253637  -149.82019805793402 -217.28916268620583 105.91570480978919  -149.82020492639305 -217.29000060000004 105.91570186956071 
 0 8 0.26030394580524807 6 0.30981782512716471 6 0.37097212162308724 6 0.44721284811907203 6 0.55112983755205835 6 0.62392721503488036 6 0.68634645534228533 6 0.73631978267507303 6 0.97354696740195568 6 0.99724441481975878 6 0.99765817875853935 6 0.99807194244337694 6 0.99848570570690831 6 0.99887453003466808 6 0.99913356738406933 6 0.99939260440002642 6 0.99965164104146265 6 1 8
7 0 0  4 29 10  -162.01979507360696 -217.29000059999998 105.91570186956071  -162.01980628046863 -217.28863342521328 105.91570666695904  -162.019817078747 -217.28726624811605 105.91571128946622  -162.0198274684424 -217.28589906883468 105.91571573708011  -162.01984778715763 -217.28311587533017 105.91572443512374  -162.01985768647 -217.28169986095742 105.91572867283713  -162.01986714749268 -217.28028384451761 105.91573272293685  -162.01988519297578 -217.27745180518656 105.91574044791241  -162.01989377743459 -217.27603578229531 105.91574412278754  -162.01990192360273 -217.27461975761776 105.91574761004469  -162.01991733937027 -217.2717877027514 105.91575420932493  -162.01992460896827 -217.27037167256253 105.91575732134747  -162.01993144027475 -217.26895564086817 105.91576024574826  -162.01994422631338 -217.26612357290827 105.91576571930733  -162.01995018104444 -217.26470753664279 105.9157682684651  -162.01995569748323 -217.2632914991525 105.91577062999804  -162.01996567867323 -217.26050824952802 105.91577490285201  -162.01997017312945 -217.25914103746726 105.9157768268893  -162.01997425899887 -217.25777382452202 105.91577857601607  -162.01998174489862 -217.25499056698084 105.9157817806703  -162.01998511522237 -217.25357452232981 105.91578322348076  -162.01998804725295 -217.25215847700588 105.91578447866215  -162.0199930347292 -217.249326384575 105.91578661376636  -162.01999509017443 -217.247910337468 105.91578749368898  -162.01999670732619 -217.24649428996889 105.91578818598134  -162.01999894309228 -217.24380868186586 105.91578914309875  -162.01999964769743 -217.24253912131138 105.91578944473594  -162.01999999999998 -217.24126956065572 105.91578959555449  -162.01999999999998 -217.24000000000001 105.91578959555449 
 0 5 0.10937436042294066 3 0.22265518170152826 3 0.33593621083342473 3 0.44921741752684197 3 0.56249877149059313 3 0.67187398319862768 3 0.785155538347175 3 0.89843715094089383 3 1 5
8 0 5.8828258763482051
2 -155.91999999999999 -217.29000000000002 120.1650001 1.2246467991473532e-16 1 -2.3348698237725095e-16 0.54474218170974931 -2.6251469498195179e-16 -0.83860357468001678 -0.83860357468001678 -2.4490889832468391e-17 -0.54474218170974931 15.5
7 0 0  2 5 4  -163.49429279328223 -202.96379999999999 106.64168361765616  -163.49429279328223 -203.37689999999998 106.64168361765616  -163.49429279328223 -210.54000000000002 106.64168361765616  -163.49429279328223 -217.70310000000001 106.64168361765616  -163.49429279328223 -218.11619999999999 106.64168361765616 
 -0.82620000000001026 3 -1.0466698812367707e-14 1 13.499999999999996 1 14.326199999999996 3
2 -155.91999999999999 -203.99000000000001 120.1650001 -1.2246467991473532e-16 -1 2.33486982377251e-16 -1 1.2246467991473532e-16 0 -2.8593908561087489e-32 -2.33486982377251e-16 -1 15.5
7 0 0  8 9 2  -160.81274699794841 -203.99000000000001 105.45748410259014  -160.77361426378383 -203.99000000000001 105.44446582216543  -160.73352838526429 -203.9879462994752 105.43126263866799  -160.69248466723576 -203.98403364909683 105.4178836795497  -160.65046013458604 -203.97848586302968 105.4043329096915  -160.60742289579451 -203.97159041695693 105.39061072972257  -160.56323366158168 -203.96374718162417 105.37668643699065  -160.51766968569518 -203.95547141318815 105.36250300867076  -160.47 -203.94751548669501 105.3478647493325 
 0 9 1 9
7 0 0  6 12 3  -160.47000060000002 -203.94751558683311 105.34786493357868  -160.39082085659194 -203.93430074388954 105.32355065987002  -160.31388293010164 -203.91877443709848 105.30048064591554  -160.23791632200471 -203.90068033231432 105.27820026265483  -160.16326218926366 -203.87954964180568 105.25681861401394  -160.09188914656011 -203.85502064888482 105.23684458853505  -160.0141309214049 -203.82119358001438 105.21547573695807  -160.00120797681052 -203.8153004139964 105.2119393449203  -159.98856209130361 -203.80923977299489 105.20849300574434  -159.97622384374478 -203.80300618098016 105.20514385922338  -159.96422914546105 -203.79659439396403 105.20190031436252  -159.95261924024589 -203.7899994 105.19877204937887 
 0 7 0.8305676697060892 5 1 7
8 0 5.8828258763482051
2 -155.91999999999999 -203.79000000000002 120.1650001 -1.224646799147353e-16 -1 2.3348698237725095e-16 0.82850971494834247 -2.3220997737204492e-16 -0.55997468892461244 0.55997468892461244 1.2486911217401872e-16 0.82850971494834247 15.5
7 0 0  6 12 3  -151.36999939999998 -203.94751558683311 105.34786493357868  -151.44917914340823 -203.93430074388948 105.32355065986997  -151.52611706989825 -203.91877443709853 105.3004806459156  -151.60208367799521 -203.90068033231438 105.27820026265482  -151.67673781073648 -203.87954964180562 105.25681861401391  -151.74811085343981 -203.85502064888482 105.23684458853506  -151.8258690785951 -203.82119358001438 105.21547573695807  -151.83879202318946 -203.8153004139964 105.2119393449203  -151.85143790869637 -203.80923977299489 105.20849300574434  -151.86377615625523 -203.80300618098016 105.20514385922338  -151.87577085453893 -203.79659439396403 105.20190031436252  -151.88738075975411 -203.7899994 105.19877204937887 
 0 7 0.83056766970620133 5 1 7
7 0 0  8 9 2  -151.02725300205159 -203.99000000000001 105.45748410259014  -151.06638573621615 -203.99000000000001 105.44446582216543  -151.10647161473574 -203.9879462994752 105.43126263866799  -151.14751533276416 -203.98403364909677 105.41788367954966  -151.18953986541402 -203.97848586302973 105.40433290969159  -151.23257710420538 -203.97159041695693 105.39061072972252  -151.27676633841838 -203.96374718162417 105.37668643699067  -151.32233031430479 -203.95547141318815 105.36250300867077  -151.37 -203.94751548669501 105.3478647493325 
 0 9 1 9
2 -155.91999999999999 -203.99000000000001 120.1650001 -1.2246467991473532e-16 -1 2.33486982377251e-16 -1 1.2246467991473532e-16 0 -2.8593908561087489e-32 -2.33486982377251e-16 -1 15.5
7 0 0  2 5 4  -148.34570720671775 -202.96379999999999 106.64168361765616  -148.34570720671775 -203.37689999999998 106.64168361765616  -148.34570720671775 -210.54000000000002 106.64168361765616  -148.34570720671775 -217.70310000000001 106.64168361765616  -148.34570720671775 -218.11619999999999 106.64168361765616 
 -0.82620000000001081 3 -1.0974171438249413e-14 1 13.499999999999996 1 14.326199999999996 3
8 0 1
7 0 0  6 22 5  -147.21829318911779 -217.29000000000002 134.073895232067  -147.23769217106727 -217.29000000000002 134.02816199596214  -147.26113987823086 -217.29000000000002 133.98236388950841  -147.28889485203661 -217.29000000000002 133.93706260575888  -147.32110991312965 -217.29000000000002 133.89294615610299  -147.3577317258918 -217.29000000000002 133.85080200227662  -147.43924750823734 -217.29000000000002 133.77192468331796  -147.4841492551468 -217.29000000000002 133.73519644100955  -147.53288815996353 -217.29000000000002 133.70194845185759  -147.58494377428988 -217.29000000000002 133.67290463244788  -147.6395592501429 -217.29000000000002 133.64860633597016  -147.75200611813449 -217.29000000000002 133.61014920234493  -147.80982394766292 -217.29000000000002 133.59595015562024  -147.86852036224008 -217.29000000000002 133.58702674509607  -147.92717703461088 -217.29000000000002 133.58341508496818  -147.98494875730665 -217.29000000000002 133.58486685007159  -148.09775838812607 -217.29000000000002 133.59711871192829  -148.15277415640227 -217.29000000000002 133.60798511756383  -148.20550201271979 -217.29000000000002 133.62315060976016  -148.25540939779378 -217.29000000000002 133.64201864031446  -148.30219155251368 -217.29000000000002 133.66394384016456  -148.34570720671775 -217.29000000000002 133.68831658234384 
 0 7 0.24988776017411629 5 0.49999999948631946 5 0.74911212878364708 5 1 7
8 0 5.8828258763482051
2 -155.91999999999999 -217.29000000000002 120.1650001 1.2246467991473532e-16 1 -2.3348698237725095e-16 0.54474218170974931 -2.6251469498195179e-16 -0.83860357468001678 -0.83860357468001678 -2.4490889832468391e-17 -0.54474218170974931 15.5
1 -149.82020492147481 -217.29000000000002 129.66500009999999 -1.1102230246251563e-16 2.33486982377251e-16 1 
8 0 6.0325234597487354
2 -155.91999999999999 -217.29000000000002 120.1650001 1.224646799147353e-16 1 -2.3348698237725095e-16 0.60592685036917227 -2.59948287353665e-16 -0.79552036554804484 -0.79552036554804484 -4.4052884901555571e-17 -0.60592685036917227 14.6
2 -143.72 -217.29000000000002 132.5900001 -1.2246467991473532e-16 -1 2.33486982377251e-16 -1 1.2246467991473532e-16 0 -2.8593908561087489e-32 -2.33486982377251e-16 -1 3.4500000000000002
2 -143.72 -217.29000000000002 132.5900001 -1.2246467991473532e-16 -1 2.33486982377251e-16 -1 1.2246467991473532e-16 0 -2.8593908561087489e-32 -2.33486982377251e-16 -1 3.4500000000000002
8 0 6.0325234597487354
2 -155.91999999999999 -217.29000000000002 120.1650001 1.224646799147353e-16 1 -2.3348698237725095e-16 0.60592685036917227 -2.59948287353665e-16 -0.79552036554804484 -0.79552036554804484 -4.4052884901555571e-17 -0.60592685036917227 14.6
2 -143.72 -217.29000000000002 107.7400001 -1.2246467991473532e-16 -1 2.33486982377251e-16 -1 1.2246467991473532e-16 0 -2.8593908561087489e-32 -2.33486982377251e-16 -1 3.4500000000000002
2 -143.72 -217.29000000000002 107.7400001 -1.2246467991473532e-16 -1 2.33486982377251e-16 -1 1.2246467991473532e-16 0 -2.8593908561087489e-32 -2.33486982377251e-16 -1 3.4500000000000002
8 0 6.0325234597487354
2 -155.91999999999999 -217.29000000000002 120.1650001 1.224646799147353e-16 1 -2.3348698237725095e-16 0.60592685036917227 -2.59948287353665e-16 -0.79552036554804484 -0.79552036554804484 -4.4052884901555571e-17 -0.60592685036917227 14.6
1 -149.82020492147481 -217.29000000000002 110.6650001 2.3348698237725095e-16 -2.3348698237725105e-16 -1 
8 0 1
7 0 0  6 22 5  -148.34570720671775 -217.29000000000002 106.64168361765616  -148.30236501797009 -217.29000000000002 106.66595920333108  -148.25578232346305 -217.29000000000002 106.6878067226055  -148.20609869790582 -217.29000000000002 106.70662379548594  -148.15361464974302 -217.29000000000002 106.72177292021085  -148.09885456856685 -217.29000000000002 106.73266421863198  -147.9861082992351 -217.29000000000002 106.74510338939589  -147.92811897722717 -217.29000000000002 106.74664260726209  -147.86922736314989 -217.29000000000002 106.74308066723435  -147.81028821596666 -217.29000000000002 106.73416397737134  -147.75223138606191 -217.29000000000002 106.71992803989684  -147.63978451807029 -217.29000000000002 106.68147090627161  -147.58538057864467 -217.29000000000002 106.657289803852  -147.53351274464288 -217.29000000000002 106.62839994169261  -147.48492912902393 -217.29000000000002 106.59533513266771  -147.44014585436537 -217.29000000000002 106.55880928050753  -147.3584652767718 -217.29000000000002 106.48004124023413  -147.32162608293237 -217.29000000000002 106.43776018859424  -147.289228298719 -217.29000000000002 106.39348149661535  -147.26132763382657 -217.29000000000002 106.34800290208364  -147.23776981027646 -217.29000000000002 106.30202123901853  -147.21829318911779 -217.29000000000002 106.256104967933 
 0 7 0.24988776017409797 5 0.49999999948634966 5 0.74911212878379718 5 1 7
2 -143.72 -217.29000000000002 107.7400001 1.2246467991473532e-16 1 -2.33486982377251e-16 -1 1.2246467991473532e-16 0 2.8593908561087489e-32 2.33486982377251e-16 1 3.7999999999999998
8 0 1
7 0 0  6 22 5  -142.17242975180295 -217.29000000000002 111.21059462066867  -142.21780088282529 -217.29000000000002 111.23082602830763  -142.2631628926855 -217.29000000000002 111.25510667054417  -142.30794945788904 -217.29000000000002 111.28368478205607  -142.35146988948662 -217.29000000000002 111.31670058622655  -142.392937831795 -217.29000000000002 111.35408636737979  -142.47031247742518 -217.29000000000002 111.43702983265045  -142.50621411663326 -217.29000000000002 111.48259520284296  -142.53856596894096 -217.29000000000002 111.53193349707382  -142.56665374856465 -217.29000000000002 111.58451112601085  -142.58995002226715 -217.29000000000002 111.63956147610904  -142.62634604009475 -217.29000000000002 111.75269228152509  -142.63948623490765 -217.29000000000002 111.81075991122995  -142.64733562030682 -217.29000000000002 111.86960957978019  -142.64987486833988 -217.29000000000002 111.9283224533421  -142.64736770683837 -217.29000000000002 111.98605800310455  -142.63305656682323 -217.29000000000002 112.09862492629259  -142.62118669505034 -217.29000000000002 112.15343295193269  -142.60506026055054 -217.29000000000002 112.20587489216854  -142.58528344316358 -217.29000000000002 112.25542917710919  -142.56250707293958 -217.29000000000002 112.30180289108725  -142.53734325643447 -217.29000000000002 112.34486592698863 
 0 7 0.24988776017431424 5 0.49999999948649809 5 0.74911212878371303 5 1 7
8 0 5.8828258763482051
2 -155.91999999999999 -217.29000000000002 120.1650001 1.2246467991473532e-16 1 -2.3348698237725095e-16 0.54474218170974931 -2.6251469498195179e-16 -0.83860357468001678 -0.83860357468001678 -2.4490889832468391e-17 -0.54474218170974931 15.5
8 0 1
7 0 0  6 22 5  -142.17242975180295 -217.29000000000002 129.11940557933133  -142.21780088282532 -217.29000000000002 129.09917417169237  -142.2631628926855 -217.29000000000002 129.07489352945589  -142.30794945788904 -217.29000000000002 129.0463154179439  -142.35146988948662 -217.29000000000002 129.01329961377348  -142.39293783179502 -217.29000000000002 128.97591383262022  -142.47031247742518 -217.29000000000002 128.89297036734953  -142.50621411663323 -217.29000000000002 128.84740499715707  -142.53856596894101 -217.29000000000002 128.79806670292621  -142.56665374856465 -217.29000000000002 128.74548907398912  -142.58995002226715 -217.29000000000002 128.69043872389099  -142.62634604009477 -217.29000000000002 128.5773079184749  -142.63948623490765 -217.29000000000002 128.51924028877005  -142.64733562030679 -217.29000000000002 128.46039062021993  -142.64987486833988 -217.29000000000002 128.40167774665781  -142.64736770683837 -217.29000000000002 128.34394219689551  -142.63305656682323 -217.29000000000002 128.23137527370739  -142.6211866950504 -217.29000000000002 128.1765672480675  -142.60506026055046 -217.29000000000002 128.12412530783121  -142.58528344316363 -217.29000000000002 128.07457102289095  -142.56250707293958 -217.29000000000002 128.02819730891275  -142.53734325643447 -217.29000000000002 127.98513427301138 
 0 7 0.24988776017419467 5 0.49999999948639284 5 0.74911212878364553 5 1 7
2 -143.72 -217.29000000000002 132.5900001 1.2246467991473532e-16 1 -2.33486982377251e-16 -1 1.2246467991473532e-16 0 2.8593908561087489e-32 2.33486982377251e-16 1 3.7999999999999998
7 0 0  7 50 9  -150.82220635961008 -220.59000000000003 109.13617423320892  -150.85056677998256 -220.63315688675038 109.12306535177767  -150.87955931582269 -220.67634704251861 109.11072507275072  -150.90917827493863 -220.71953727280123 109.09916170100226  -150.93941614521933 -220.76269451035682 109.08838200627642  -150.97026359463445 -220.80578581520638 109.07839122318725  -151.00170947123442 -220.84877837463313 109.0691930512188  -151.14723282421741 -221.04350318830927 109.03101510602991  -151.26810607571784 -221.19376043121815 109.01121016238201  -151.39571889376597 -221.34086850413888 109.00149728669734  -151.52926058420874 -221.48355303883233 109.0016855505561  -151.66778885957314 -221.62079865128368 109.01140068435562  -151.81026299133126 -221.75183073714834 109.0301688710345  -152.09152649350079 -221.99234571604745 109.08298290452623  -152.22999343551805 -222.10269962407841 109.11597402004146  -152.37019193828277 -222.20679316850459 109.15601714720492  -152.5113217247025 -222.30442349827246 109.20271411184959  -152.65258076508633 -222.39550869800081 109.25570177234603  -152.79314553100727 -222.48005625186141 109.31470861923465  -153.02954234877026 -222.61287101787576 109.42517074801506  -153.12615268445344 -222.66441000895622 109.47359600903957  -153.22165938956846 -222.71279012062712 109.52489784641654  -153.31569648826215 -222.7580289424003 109.57908228191835  -153.40781430563476 -222.80013411135423 109.6361817912713  -153.49744512192007 -222.839104798569 109.69628024342704  -153.6095141764319 -222.88556709454269 109.77837373140619  -153.63490191438598 -222.8959325894391 109.79746196974254  -153.65998114772816 -222.90601790247081 109.81683441789463  -153.68472904789172 -222.91582181220764 109.83649549410259  -153.70912038918274 -222.92534271271398 109.8564498660356  -153.73312754878026 -222.93457861354841 109.8767024507919  -153.78633597003082 -222.95475993008108 109.92306163981118  -153.8152976420005 -222.96553955125893 109.94934209265725  -153.84354690476493 -222.97586168975283 109.97611065871777  -153.87101593487085 -222.98572022211613 110.00337721425568  -153.89762838057587 -222.99510753635053 110.03115025151681  -153.92330003913219 -223.00401485325659 110.05943650373121  -153.99700582424171 -223.0291952713423 110.14560005263569  -154.04202084985312 -223.04403048285087 110.20506106407561  -154.08220097070097 -223.05683927982307 110.26660817581316  -154.11666450734856 -223.06751275947835 110.33014778361451  -154.14449126161117 -223.07595435159351 110.3954893179002  -154.16501207153519 -223.08210610988203 110.46227931871687  -154.18180262220272 -223.08710909965254 110.54906798528202  -154.18491172458769 -223.08803251778869 110.56828862398996  -154.18742209372502 -223.08877628748479 110.58756579045331  -154.18933434914965 -223.08934190366824 110.6068873971964  -154.19065235849621 -223.08973140221576 110.62624153778708  -154.19138323749908 -223.08994735995333 110.64561648683667  -154.19153734999242 -223.08999289465629 110.66500070000001 
 0 8 0.071656501089647343 6 0.32554669686999471 6 0.56308998720218462 6 0.72962582784155627 6 0.77911977693341938 6 0.84124790157877383 6 0.9649678316852266 6 1 8
2 -155.91999999999999 -217.24000000000001 110.6650001 2.3348698237725095e-16 -2.3348698237725105e-16 -1 -1 1.2246467991473527e-16 -2.33486982377251e-16 1.2246467991473532e-16 1 -2.33486982377251e-16 6.0999999999999996
7 0 0  7 50 9  -161.01779364038993 -220.59000000000003 109.13617423320892  -160.98943322001745 -220.63315688675038 109.12306535177767  -160.96044068417731 -220.67634704251861 109.11072507275072  -160.93082172506138 -220.71953727280123 109.09916170100226  -160.90058385478068 -220.76269451035682 109.08838200627642  -160.86973640536556 -220.80578581520638 109.07839122318725  -160.83829052876558 -220.84877837463313 109.0691930512188  -160.69276717578256 -221.04350318830927 109.0310151060299  -160.57189392428225 -221.19376043121804 109.01121016238201  -160.44428110623392 -221.34086850413894 109.00149728669734  -160.3107394157912 -221.48355303883233 109.00168555055609  -160.17221114042704 -221.62079865128356 109.01140068435561  -160.02973700866863 -221.75183073714845 109.0301688710345  -159.74847350649912 -221.99234571604751 109.08298290452623  -159.61000656448209 -222.1026996240783 109.11597402004143  -159.46980806171712 -222.20679316850465 109.15601714720496  -159.32867827529742 -222.30442349827251 109.20271411184959  -159.18741923491385 -222.3955086980007 109.25570177234597  -159.04685446899265 -222.48005625186147 109.31470861923469  -158.81045765122977 -222.61287101787576 109.42517074801505  -158.7138473155465 -222.66441000895622 109.47359600903957  -158.61834061043155 -222.71279012062712 109.52489784641655  -158.52430351173788 -222.7580289424003 109.57908228191832  -158.43218569436522 -222.80013411135428 109.63618179127128  -158.34255487807991 -222.839104798569 109.69628024342705  -158.23048582356807 -222.88556709454269 109.77837373140618  -158.20509808561403 -222.8959325894391 109.79746196974253  -158.18001885227181 -222.90601790247081 109.81683441789461  -158.15527095210828 -222.91582181220764 109.83649549410256  -158.13087961081726 -222.92534271271398 109.8564498660356  -158.10687245121974 -222.93457861354841 109.8767024507919  -158.05366402996921 -222.95475993008108 109.92306163981118  -158.0247023579995 -222.96553955125893 109.94934209265725  -157.99645309523504 -222.97586168975283 109.97611065871777  -157.96898406512912 -222.98572022211613 110.00337721425566  -157.94237161942414 -222.99510753635053 110.03115025151681  -157.91669996086782 -223.00401485325659 110.05943650373122  -157.84299417575821 -223.02919527134236 110.14560005263581  -157.79797915014714 -223.04403048285076 110.2050610640752  -157.75779902929861 -223.05683927982318 110.26660817581387  -157.72333549265187 -223.06751275947823 110.33014778361377  -157.69550873838861 -223.07595435159357 110.39548931790065  -157.67498792846484 -223.08210610988203 110.46227931871672  -157.65819737779728 -223.08710909965254 110.54906798528202  -157.65508827541231 -223.08803251778869 110.56828862398996  -157.65257790627496 -223.08877628748479 110.58756579045331  -157.65066565085033 -223.08934190366824 110.6068873971964  -157.64934764150377 -223.08973140221576 110.62624153778708  -157.64861676250089 -223.08994735995333 110.64561648683667  -157.64846265000759 -223.08999289465629 110.66500070000001 
 0 8 0.071656501089547603 6 0.32554669686957727 6 0.56308998720175929 6 0.72962582784117558 6 0.77911977693305656 6 0.84124790157842744 6 0.96496783168519507 6 1 8
7 0 0  6 12 3  -161.01779324610166 -220.5900006 109.13617405095923  -161.08694153648474 -220.48477563744495 109.16813608265025  -161.15315185870355 -220.37834252414393 109.19937150776309  -161.21644835805012 -220.2707665444093 109.22979916117916  -161.27685219291038 -220.16210763587833 109.25934196420506  -161.33438153476411 -220.05242038951314 109.28792692457267  -161.55747433809407 -219.60082264097542 109.40038412196814  -161.69894266654069 -219.25022857239952 109.47563045159404  -161.81343309805408 -218.89209589328584 109.53898966422383  -161.90099767064416 -218.52826557636598 109.58868833761571  -161.96162244514352 -218.1603846045536 109.62352024930154  -161.99515437334719 -217.7899994 109.64288057302254 
 0 7 0.24505511878829195 5 1 7
1 -161.99515431902762 -217.79000000000002 110.66500009999999 2.3348698237725095e-16 -2.3348698237725105e-16 -1 
7 0 0  4 5 2  -161.99515426470799 -217.79000060000004 109.75851170765552  -162.00757384798646 -217.65281732361791 109.76576207699006  -162.01585790228975 -217.51531795689283 109.77062470555666  -162.02000000000001 -217.37765889722397 109.77305610476984  -162.02000000000001 -217.24000000000001 109.77305610476984 
 0 5 1 5
1 -162.02000000000001 -217.24000000000001 110.6650001 2.3348698237725095e-16 -2.3348698237725105e-16 -1 
7 0 0  4 29 10  -162.01979507360696 -217.29000060000004 106.90029128073071  -162.01980668071292 -217.28858459763524 106.90029661827478  -162.0198178495308 -217.2871685926907 106.90030175428785  -162.01982858006079 -217.28575258531237 106.90030668876724  -162.01984916456499 -217.2829205632865 106.90031615466287  -162.01985901853749 -217.28150454863885 106.90032068607837  -162.01986843422085 -217.28008853184974 106.90032501595465  -162.01988607945836 -217.27730532028119 106.9003331302747  -162.01989433871688 -217.27593812563703 106.90033692837764  -162.01990218939085 -217.2745709292642 106.90034053859657  -162.01991733936975 -217.27178770284661 106.90034750549424  -162.01992460896767 -217.27037167268566 106.9003508485124  -162.01993144027435 -217.26895564095764 106.90035398998251  -162.01994422631304 -217.26612357298632 106.90035986982717  -162.01995018104401 -217.26470753674295 106.90036260820122  -162.01995569748297 -217.26329149922481 106.90036514502381  -162.01996585378177 -217.26045942060182 106.90036981556585  -162.01997049364081 -217.25904337949697 106.90037194928493  -162.01997469520714 -217.25762733740959 106.90037388144978  -162.01998222175729 -217.25479525057688 106.90037734267055  -162.01998554674043 -217.25337920583149 106.90037887172616  -162.01998843343046 -217.2519631603958 106.90038019922554  -162.01999333022545 -217.24913106779519 106.9003824511112  -162.01999534033001 -217.24771502063021 106.90038337549728  -162.0199969121411 -217.24629897306721 106.90038409832582  -162.01999902282938 -217.24366219412639 106.90038506896795  -162.01999967427648 -217.24244146281336 106.900385368549  -162.02000000000001 -217.24122073140671 106.9003855183395  -162.02000000000001 -217.24000000000001 106.9003855183395 
 0 5 0.11328065172478047 3 0.22656151898181076 3 0.33593632811976815 3 0.44921753875448323 3 0.56249888326070974 3 0.67578033410355876 3 0.78906186374876519 3 0.90234344466277872 3 1 5
1 -162.01979507852519 -217.29000000000002 110.66500009999999 2.3348698237725095e-16 -2.3348698237725105e-16 -1 
1 -162.02000000000001 -217.24000000000001 110.6650001 2.3348698237725095e-16 -2.3348698237725105e-16 -1 
2 -155.91999999999999 -217.24000000000001 104.1650001 2.3348698237725095e-16 -2.3348698237725105e-16 -1 -1 1.2246467991473527e-16 -2.33486982377251e-16 1.2246467991473532e-16 1 -2.33486982377251e-16 6.0999999999999996
7 0 0  4 50 17  -149.82020492639305 -217.18999940000003 106.90029128073071  -149.82019331928709 -217.19141540236478 106.90029661827478  -149.82018215046921 -217.19283140730937 106.90030175428785  -149.82017141993919 -217.19424741468765 106.90030668876724  -149.82015083543502 -217.19707943671352 106.90031615466287  -149.82014098146249 -217.19849545136117 106.90032068607837  -149.82013156577915 -217.19991146815028 106.90032501595465  -149.82011392054164 -217.20269467971883 106.9003331302747  -149.82010566128312 -217.20406187436299 106.90033692837767  -149.82009781060913 -217.20542907073582 106.90034053859657  -149.8200829264197 -217.20816346855645 106.90034738326781  -149.82007589290538 -217.20953067000426 106.90035061771964  -149.82006926797644 -217.21089787291766 106.9003536642837  -149.82005661326937 -217.21368111178799 106.90035948373257  -149.82005061319805 -217.2150971478419 106.90036224295662  -149.82004505141876 -217.2165131851807 106.90036480062932  -149.8200348044391 -217.21934526347707 106.90036951287178  -149.82003011923962 -217.22076130443457 106.90037166744118  -149.82002587233274 -217.22217734638474 106.90037362045646  -149.8200182551015 -217.22500943297501 106.90037712337821  -149.82001488477775 -217.22642547761518 106.90037867328439  -149.82001195274711 -217.22784152295571 106.90038002163442  -149.82000696527084 -217.23067361539813 106.90038231522146  -149.82000490982563 -217.23208966249996 106.90038326045828  -149.82000329267382 -217.23350571000998 106.90038400413761  -149.82000090081232 -217.23637882032926 106.9003851040828  -149.82000015186 -217.23783588315405 106.90038544850364  -149.81999986695843 -217.23929294609695 106.90038557952136  -149.82000026896142 -217.24256253109814 106.90038539465219  -149.82000120989963 -217.24437505313392 106.90038496194282  -149.8200028689223 -217.24618757479982 106.90038419900796  -149.82000762313928 -217.24981261872296 106.90038201268787  -149.82001071833511 -217.25162514098014 106.90038058930193  -149.82001453161712 -217.25343766225461 106.90037883569161  -149.82002359436311 -217.25706270599807 106.90037466802123  -149.82002884383007 -217.2588752284671 106.90037225395983  -149.82003481138648 -217.26068774934055 106.90036950967607  -149.82004818269922 -217.26431279291052 106.90036336065944  -149.82005558646006 -217.26612531560704 106.90035995592451  -149.82006370831516 -217.26793783609509 106.90035622097028  -149.82008138825074 -217.27156287948543 106.90034809061319  -149.8200909463371 -217.27337540238773 106.90034369520762  -149.82010122252419 -217.2751879224686 106.90033896958678  -149.82012321115687 -217.2788129656854 106.90032885789681  -149.82013492360988 -217.28062548882133 106.90032347182432  -149.82014735417161 -217.28243800852289 106.90031775554147  -149.82017093117054 -217.28568804704514 106.90030691352959  -149.82018181120483 -217.28712556725367 106.90030191029956  -149.82019314294561 -217.28856308495625 106.90029669936565  -149.82020492639305 -217.29000060000004 106.90029128073071 
 0 5 0.056640325862900159 3 0.11328075949213839 3 0.16796816406181769 3 0.22265564386532807 3 0.27929631404028765 3 0.33593703785834034 3 0.39257780155227945 3 0.44921859135532771 3 0.50749993969849827 3 0.57999937105157862 3 0.65249888015641921 3 0.72499854017642995 3 0.79749842528415715 3 0.86999860815887253 3 0.94249916346415019 3 1 5
7 0 0  8 9 2  -150.82220635961008 -213.88999999999999 109.24643792359601  -150.54679977582515 -214.30909430786278 109.01761900708159  -150.32606010325301 -214.73079358848395 108.76349628369323  -150.15150605710349 -215.15135238022572 108.48759713083778  -150.01775963968944 -215.56865784812874 108.19387694929554  -149.92046802033579 -215.98143368965265 107.88587138402238  -149.85648529084375 -216.38912639463382 107.56640102521027  -149.82346919717833 -216.79177174257501 107.23748883809627  -149.82020492147481 -217.19 106.90029128299236 
 0 9 1 9
7 0 0  6 17 4  -150.82220675389834 -213.88999940000002 109.24643773950581  -150.75712094299988 -213.98904236948937 109.27682580674951  -150.69463853408521 -214.08915459495404 109.30656538581627  -150.6347368614031 -214.19028630664889 109.33558923874352  -150.57739726457584 -214.29238921172737 109.36383253333213  -150.52260508859919 -214.39541649424143 109.39123284314644  -150.27416014939024 -214.88943237067809 109.51721256148363  -150.11333533471438 -215.29270964773445 109.60416512209932  -149.98806444192073 -215.70581347165302 109.67506541734818  -149.89830108886065 -216.12588832495624 109.72720194034713  -149.84408822659165 -216.55039356364586 109.75893207898019  -149.81982544971979 -217.11244052851202 109.77315635373373  -149.81759259995067 -217.24809766444395 109.77447067396554  -149.81897931162015 -217.38378465519776 109.77365601070238  -149.82398552398456 -217.51939877347502 109.77071278097011  -149.83260908179392 -217.65483791529613 109.76565528528536  -149.84484573529201 -217.79000060000004 109.75851170765552 
 0 7 0.16814143683068208 5 0.79941757692445981 5 1 7
1 -149.84484568097238 -217.79000000000002 110.6650001 2.3348698237725095e-16 -2.3348698237725105e-16 -1 
7 0 0  6 12 3  -149.84484562665278 -217.7899994 109.64288057302254  -149.87837059344321 -218.16030771054199 109.62352426861153  -149.93897718183644 -218.52811308473122 109.58870278606037  -150.0265124929528 -218.89186988507402 109.53902054408941  -150.14096254226328 -219.24993202276761 109.47568290805725  -150.28237922380507 -219.60045962695307 109.40046201718928  -150.50543480017055 -220.05207018077539 109.28801818534882  -150.56299353206944 -220.16183009859452 109.25941741963499  -150.62343039508616 -220.27056047143299 109.22985744720006  -150.68676358834043 -220.37820660357755 109.19941139672051  -150.75301430932356 -220.48470844672858 109.16815649179799  -150.82220675389834 -220.5900006 109.13617405095923 
 0 7 0.75478845935792627 5 1 7
8 0 5.8828258763482051
2 -155.91999999999999 -217.29000000000002 120.1650001 1.2246467991473532e-16 1 -2.3348698237725095e-16 0.54474218170974931 -2.6251469498195179e-16 -0.83860357468001678 -0.83860357468001678 -2.4490889832468391e-17 -0.54474218170974931 15.5
8 0 1
7 0 0  6 22 5  -163.49429279328226 -217.29000000000002 133.68831658234384  -163.53763498202991 -217.29000000000002 133.66404099666892  -163.58421767653687 -217.29000000000002 133.64219347739453  -163.63390130209433 -217.29000000000002 133.62337640451403  -163.68638535025687 -217.29000000000002 133.60822727978916  -163.74114543143318 -217.29000000000002 133.59733598136802  -163.85389170076488 -217.29000000000002 133.58489681060411  -163.91188102277283 -217.29000000000002 133.58335759273791  -163.97077263685014 -217.29000000000002 133.58691953276571  -164.02971178403331 -217.29000000000002 133.59583622262863  -164.0877686139381 -217.29000000000002 133.61007216010319  -164.20021548192972 -217.29000000000002 133.64852929372842  -164.25461942135524 -217.29000000000002 133.67271039614798  -164.30648725535724 -217.29000000000002 133.70160025830745  -164.35507087097599 -217.29000000000002 133.73466506733226  -164.39985414563466 -217.29000000000002 133.77119091949248  -164.48153472322835 -217.29000000000002 133.84995895976601  -164.51837391706724 -217.29000000000002 133.89224001140528  -164.55077170128146 -217.29000000000002 133.93651870338539  -164.57867236617315 -217.29000000000002 133.98199729791583  -164.6022301897236 -217.29000000000002 134.02797896098167  -164.62170681088222 -217.29000000000002 134.073895232067 
 0 7 0.24988776017375347 5 0.49999999948574325 5 0.74911212878301192 5 1 7
8 0 4.3911924972139964
2 -168.12 -217.29000000000002 132.5900001 -1.2246467991473532e-16 -1 2.3348698237725095e-16 0.98855162723664014 -8.5833441783393518e-17 0.15088300198428881 -0.15088300198428881 2.4929177491018447e-16 0.98855162723664014 3.7999999999999998
8 0 1
7 0 0  6 22 5  -169.30265674356554 -217.29000000000002 127.98513427301137  -169.27759323700622 -217.29000000000002 128.02802564771832  -169.25489817904253 -217.29000000000002 128.07420135420995  -169.23517639948668 -217.29000000000002 128.1235328481207  -169.21907078473112 -217.29000000000002 128.17573131998347  -169.20718069639329 -217.29000000000002 128.23028324635686  -169.19268343652183 -217.29000000000002 128.34278339601778  -169.19008486075626 -217.29000000000002 128.40073491077442  -169.19257010399775 -217.29000000000002 128.45968177830261  -169.20040833450537 -217.29000000000002 128.5187740161291  -169.21358104675389 -217.29000000000002 128.57708128039667  -169.24997706458149 -217.29000000000002 128.69021208581273  -169.27316002911002 -217.29000000000002 128.74504879336286  -169.30109730841963 -217.29000000000002 128.79743586012916  -169.33326884871914 -217.29000000000002 128.84661554391471  -169.36897029636381 -217.29000000000002 128.89205876344448  -169.44623267031841 -217.29000000000002 128.97516499964533  -169.48783351546922 -217.29000000000002 129.0127706270591  -169.5315128234792 -217.29000000000002 129.04597208843037  -169.57647400770759 -217.29000000000002 129.0746991066307  -169.62201753142239 -217.29000000000002 129.09909320092322  -169.66757024819702 -217.29000000000002 129.11940557933133 
 0 7 0.24988776017421954 5 0.49999999948645724 5 0.74911212878361921 5 1 7
8 0 5.8828258763482051
2 -155.91999999999999 -217.29000000000002 120.1650001 1.2246467991473532e-16 1 -2.3348698237725095e-16 0.54474218170974931 -2.6251469498195179e-16 -0.83860357468001678 -0.83860357468001678 -2.4490889832468391e-17 -0.54474218170974931 15.5
8 0 1
7 0 0  6 22 5  -169.66757024819702 -217.29000000000002 111.21059462066867  -169.62219911717469 -217.29000000000002 111.23082602830763  -169.57683710731453 -217.29000000000002 111.25510667054417  -169.53205054211094 -217.29000000000002 111.28368478205607  -169.48853011051338 -217.29000000000002 111.31670058622655  -169.44706216820498 -217.29000000000002 111.35408636737979  -169.36968752257482 -217.29000000000002 111.43702983265044  -169.33378588336672 -217.29000000000002 111.48259520284296  -169.30143403105905 -217.29000000000002 111.53193349707378  -169.27334625143533 -217.29000000000002 111.58451112601088  -169.25004997773286 -217.29000000000002 111.63956147610901  -169.21365395990523 -217.29000000000002 111.75269228152507  -169.20051376509235 -217.29000000000002 111.81075991122998  -169.19266437969318 -217.29000000000002 111.86960957978009  -169.19012513166012 -217.29000000000002 111.92832245334215  -169.19263229316164 -217.29000000000002 111.98605800310453  -169.20694343317678 -217.29000000000002 112.09862492629259  -169.21881330494966 -217.29000000000002 112.15343295193264  -169.23493973944943 -217.29000000000002 112.20587489216857  -169.25471655683646 -217.29000000000002 112.25542917710922  -169.27749292706039 -217.29000000000002 112.30180289108722  -169.30265674356554 -217.29000000000002 112.34486592698863 
 0 7 0.24988776017436698 5 0.49999999948661517 5 0.74911212878377276 5 1 7
8 0 4.3911924972139307
2 -168.12 -217.29000000000002 107.7400001 -1.2246467991473532e-16 -1 2.33486982377251e-16 -0.168921205710335 2.5081855270531906e-16 0.98562955833384325 -0.98562955833384325 8.126390579502308e-17 -0.168921205710335 3.7999999999999998
8 0 1
7 0 0  6 22 5  -163.49429279328223 -217.29000000000002 106.64168361765616  -163.53763498202991 -217.29000000000002 106.66595920333108  -163.58421767653692 -217.29000000000002 106.68780672260549  -163.63390130209424 -217.29000000000002 106.70662379548594  -163.68638535025693 -217.29000000000002 106.72177292021085  -163.74114543143315 -217.29000000000002 106.73266421863195  -163.85389170076485 -217.29000000000002 106.74510338939587  -163.91188102277295 -217.29000000000002 106.74664260726212  -163.97077263684994 -217.29000000000002 106.7430806672343  -164.02971178403345 -217.29000000000002 106.73416397737134  -164.08776861393804 -217.29000000000002 106.71992803989684  -164.20021548192969 -217.29000000000002 106.68147090627161  -164.25461942135536 -217.29000000000002 106.65728980385195  -164.30648725535704 -217.29000000000002 106.62839994169269  -164.35507087097614 -217.29000000000002 106.59533513266763  -164.39985414563461 -217.29000000000002 106.55880928050755  -164.48153472322829 -217.29000000000002 106.48004124023404  -164.51837391706746 -217.29000000000002 106.4377601885945  -164.55077170128121 -217.29000000000002 106.39348149661495  -164.57867236617332 -217.29000000000002 106.34800290208389  -164.60223018972357 -217.29000000000002 106.30202123901843  -164.62170681088222 -217.29000000000002 106.256104967933 
 0 7 0.24988776017427816 5 0.4999999994865067 5 0.74911212878372813 5 1 7
8 0 6.0325234597487354
2 -155.91999999999999 -217.29000000000002 120.1650001 1.224646799147353e-16 1 -2.3348698237725095e-16 0.60592685036917227 -2.59948287353665e-16 -0.79552036554804484 -0.79552036554804484 -4.4052884901555571e-17 -0.60592685036917227 14.6
2 -168.12 -217.29000000000002 107.7400001 -1.2246467991473532e-16 -1 2.33486982377251e-16 -1 1.2246467991473532e-16 0 -2.8593908561087489e-32 -2.33486982377251e-16 -1 3.4500000000000002
2 -168.12 -217.29000000000002 107.7400001 -1.2246467991473532e-16 -1 2.33486982377251e-16 -1 1.2246467991473532e-16 0 -2.8593908561087489e-32 -2.33486982377251e-16 -1 3.4500000000000002
8 0 6.0325234597487354
2 -155.91999999999999 -217.29000000000002 120.1650001 1.224646799147353e-16 1 -2.3348698237725095e-16 0.60592685036917227 -2.59948287353665e-16 -0.79552036554804484 -0.79552036554804484 -4.4052884901555571e-17 -0.60592685036917227 14.6
2 -168.12 -217.29000000000002 132.5900001 -1.2246467991473532e-16 -1 2.33486982377251e-16 -1 1.2246467991473532e-16 0 -2.8593908561087489e-32 -2.33486982377251e-16 -1 3.4500000000000002
2 -168.12 -217.29000000000002 132.5900001 -1.2246467991473532e-16 -1 2.33486982377251e-16 -1 1.2246467991473532e-16 0 -2.8593908561087489e-32 -2.33486982377251e-16 -1 3.4500000000000002
8 0 6.0325234597487354
2 -155.91999999999999 -217.29000000000002 120.1650001 1.224646799147353e-16 1 -2.3348698237725095e-16 0.60592685036917227 -2.59948287353665e-16 -0.79552036554804484 -0.79552036554804484 -4.4052884901555571e-17 -0.60592685036917227 14.6
1 -162.01979507852519 -217.29000000000002 129.66500009999999 -1.1102230246251563e-16 2.33486982377251e-16 1 
7 0 0  2 5 4  -164.62170681088222 -202.96379999999999 106.256104967933  -164.62170681088222 -203.37689999999998 106.256104967933  -164.62170681088222 -210.54000000000002 106.256104967933  -164.62170681088222 -217.70310000000001 106.256104967933  -164.62170681088222 -218.11619999999999 106.256104967933 
 -0.82620000000001026 3 -1.0466698812367707e-14 1 13.499999999999996 1 14.326199999999996 3
7 0 0  6 22 5  -164.62170681088222 -203.99000000000001 106.256104967933  -164.6022301897236 -203.99000000000001 106.30202123901832  -164.57867236617315 -203.99000000000001 106.34800290208418  -164.55077170128143 -203.99000000000001 106.39348149661463  -164.51837391706727 -203.99000000000001 106.43776018859472  -164.48153472322835 -203.99000000000001 106.48004124023397  -164.39985414563461 -203.99000000000001 106.55880928050755  -164.35507087097619 -203.99000000000001 106.5953351326676  -164.30648725535696 -203.99000000000001 106.62839994169272  -164.25461942135544 -203.99000000000001 106.65728980385191  -164.20021548192966 -203.99000000000001 106.68147090627161  -164.08776861393804 -203.99000000000001 106.71992803989684  -164.02971178403348 -203.99000000000001 106.73416397737131  -163.97077263684989 -203.99000000000001 106.74308066723432  -163.911881022773 -203.99000000000001 106.74664260726212  -163.85389170076482 -203.99000000000001 106.74510338939587  -163.74114543143315 -203.99000000000001 106.73266421863195  -163.68638535025696 -203.99000000000001 106.72177292021084  -163.63390130209422 -203.99000000000001 106.70662379548597  -163.58421767653692 -203.99000000000001 106.68780672260547  -163.53763498202989 -203.99000000000001 106.66595920333108  -163.49429279328223 -203.99000000000001 106.64168361765616 
 0 7 0.25088787121643713 5 0.50000000051345705 5 0.75011223982565522 5 1 7
2 -168.12 -203.99000000000001 107.7400001 -1.2246467991473532e-16 -1 2.33486982377251e-16 -1 1.2246467991473532e-16 0 -2.8593908561087489e-32 -2.33486982377251e-16 -1 3.7999999999999998
7 0 0  6 22 5  -169.30265674356551 -203.99000000000001 112.34486592698863  -169.27749292706036 -203.99000000000001 112.30180289108716  -169.25471655683654 -203.99000000000001 112.25542917710942  -169.23493973944932 -203.99000000000001 112.20587489216823  -169.21881330494972 -203.99000000000001 112.1534329519329  -169.20694343317675 -203.99000000000001 112.0986249262925  -169.19263229316164 -203.99000000000001 111.98605800310452  -169.19012513166012 -203.99000000000001 111.9283224533421  -169.19266437969316 -203.99000000000001 111.86960957978019  -169.20051376509235 -203.99000000000001 111.81075991122989  -169.21365395990523 -203.99000000000001 111.7526922815251  -169.25004997773283 -203.99000000000001 111.63956147610907  -169.27334625143541 -203.99000000000001 111.58451112601072  -169.3014340310589 -203.99000000000001 111.53193349707396  -169.33378588336683 -203.99000000000001 111.48259520284282  -169.36968752257479 -203.99000000000001 111.4370298326505  -169.44706216820498 -203.99000000000001 111.35408636737979  -169.48853011051338 -203.99000000000001 111.31670058622655  -169.53205054211094 -203.99000000000001 111.28368478205607  -169.5768371073145 -203.99000000000001 111.25510667054417  -169.62219911717469 -203.99000000000001 111.23082602830763  -169.66757024819702 -203.99000000000001 111.21059462066867 
 0 7 0.25088787121614503 5 0.50000000051367421 5 0.75011223982591935 5 1 7
2 -155.91999999999999 -203.99000000000001 120.1650001 -1.2246467991473532e-16 -1 2.33486982377251e-16 -1 1.2246467991473532e-16 0 -2.8593908561087489e-32 -2.33486982377251e-16 -1 15.5
7 0 0  6 22 5  -169.66757024819702 -203.99000000000001 129.11940557933133  -169.62201753142236 -203.99000000000001 129.09909320092319  -169.57647400770773 -203.99000000000001 129.07469910663076  -169.53151282347901 -203.99000000000001 129.04597208843023  -169.48783351546936 -203.99000000000001 129.01277062705918  -169.44623267031835 -203.99000000000001 128.97516499964527  -169.36897029636378 -203.99000000000001 128.89205876344442  -169.3332688487192 -203.99000000000001 128.84661554391482  -169.30109730841954 -203.99000000000001 128.79743586012896  -169.27316002911004 -203.99000000000001 128.74504879336294  -169.24997706458149 -203.99000000000001 128.69021208581268  -169.21358104675389 -203.99000000000001 128.57708128039667  -169.20040833450537 -203.99000000000001 128.51877401612904  -169.19257010399775 -203.99000000000001 128.45968177830264  -169.19008486075626 -203.99000000000001 128.40073491077436  -169.19268343652183 -203.99000000000001 128.34278339601778  -169.20718069639329 -203.99000000000001 128.23028324635686  -169.21907078473112 -203.99000000000001 128.1757313199835  -169.23517639948668 -203.99000000000001 128.12353284812065  -169.2548981790425 -203.99000000000001 128.07420135420995  -169.27759323700622 -203.99000000000001 128.02802564771832  -169.30265674356554 -203.99000000000001 127.98513427301135 
 0 7 0.25088787121602335 5 0.50000000051327442 5 0.75011223982564723 5 1 7
2 -168.12 -203.99000000000001 132.5900001 -1.2246467991473532e-16 -1 2.33486982377251e-16 -1 1.2246467991473532e-16 0 -2.8593908561087489e-32 -2.33486982377251e-16 -1 3.7999999999999998
7 0 0  6 22 5  -164.62170681088222 -203.99000000000001 134.073895232067  -164.60223018972357 -203.99000000000001 134.02797896098159  -164.57867236617327 -203.99000000000001 133.98199729791602  -164.55077170128129 -203.99000000000001 133.93651870338513  -164.51837391706738 -203.99000000000001 133.89224001140539  -164.48153472322832 -203.99000000000001 133.84995895976596  -164.39985414563458 -203.99000000000001 133.7711909194924  -164.35507087097631 -203.99000000000001 133.73466506733246  -164.30648725535676 -203.99000000000001 133.70160025830717  -164.25461942135561 -203.99000000000001 133.67271039614812  -164.2002154819296 -203.99000000000001 133.64852929372836  -164.08776861393807 -203.99000000000001 133.61007216010313  -164.02971178403342 -203.99000000000001 133.59583622262866  -163.97077263684994 -203.99000000000001 133.58691953276565  -163.91188102277297 -203.99000000000001 133.58335759273788  -163.85389170076482 -203.99000000000001 133.58489681060411  -163.74114543143315 -203.99000000000001 133.59733598136802  -163.68638535025696 -203.99000000000001 133.60822727978913  -163.63390130209422 -203.99000000000001 133.62337640451403  -163.58421767653692 -203.99000000000001 133.6421934773945  -163.53763498202991 -203.99000000000001 133.66404099666889  -163.49429279328226 -203.99000000000001 133.68831658234382 
 0 7 0.25088787121603967 5 0.50000000051309135 5 0.75011223982547892 5 1 7
2 -155.91999999999999 -203.99000000000001 120.1650001 -1.2246467991473532e-16 -1 2.33486982377251e-16 -1 1.2246467991473532e-16 0 -2.8593908561087489e-32 -2.33486982377251e-16 -1 15.5
2 -160.47 -203.99000000000001 135.86500009999997 -1.2246467991473532e-16 -1 2.33486982377251e-16 -1 1.224646799147365e-16 5.0753052554292927e-15 -5.0753052554292927e-15 -2.3348698237725036e-16 -1 1.0499999999999998
1 -161.52000000000001 -203.99000000000001 137.06500009999999 -2.8593908561087489e-32 -2.33486982377251e-16 -1 
1 -161.16999999999999 -203.99000000000001 136.7150001 -1 1.2246467991473532e-16 0 
2 -168.16999999999999 -203.99000000000001 132.56500009999999 -1.2246467991473532e-16 -1 2.33486982377251e-16 2.8593908561087489e-32 2.33486982377251e-16 1 -1 1.2246467991473532e-16 0 4.1500000000000004
1 -172.31999999999999 -203.99000000000001 132.56500009999999 -2.8593908561087489e-32 -2.33486982377251e-16 -1 
2 -168.16999999999999 -203.99000000000001 107.76500010000001 -1.2246467991473532e-16 -1 2.33486982377251e-16 -1 1.2246467991473532e-16 0 -2.8593908561087489e-32 -2.33486982377251e-16 -1 4.1500000000000004
1 -168.16999999999999 -203.99000000000001 103.6150001 1 -1.2246467991473532e-16 0 
1 -161.52000000000001 -203.99000000000001 103.26500010000001 2.8593908561087489e-32 2.33486982377251e-16 1 
2 -160.47 -203.99000000000001 104.4650001 1.2246467991473532e-16 1 -2.33486982377251e-16 -1 1.2246467991473532e-16 0 2.8593908561087489e-32 2.33486982377251e-16 1 1.0499999999999998
2 -161.52000000000001 -203.63999999999999 104.4650001 2.8593908561087489e-32 2.33486982377251e-16 1 -1.2246467991473532e-16 -1 2.33486982377251e-16 1 -1.2246467991473532e-16 0 0.34999999999999998
2 -160.47 -203.63999999999999 104.4650001 1.2246467991473532e-16 1 -2.33486982377251e-16 -1 1.2246467991473532e-16 0 2.8593908561087489e-32 2.33486982377251e-16 1 0.69999999999999996
2 -160.47 -203.63999999999999 105.51500010000001 1 -1.224646799147353e-16 6.123233995736766e-17 -6.1232339957367636e-17 2.33486982377251e-16 1 -1.2246467991473532e-16 -1 2.33486982377251e-16 0.34999999999999998
1 -160.47 -203.79000000000002 105.19877233398316 1 -1.2246467991473532e-16 0 
2 -151.37 -203.63999999999999 105.51500009999999 1 -1.2246467991473532e-16 8.8369196010906508e-49 -1.2246467991473532e-16 -1 2.33486982377251e-16 -2.8593908561087489e-32 -2.33486982377251e-16 -1 0.34999999999999998
1 -160.47 -203.63999999999999 105.16500009999999 1 -1.2246467991473532e-16 0 
2 -151.37 -203.63999999999999 104.4650001 1.2246467991473532e-16 1 -2.33486982377251e-16 -1.2688263138573232e-15 2.3348698237725115e-16 1 1 -1.2246467991473502e-16 1.2688263138573232e-15 0.69999999999999996
2 -150.31999999999999 -203.63999999999999 104.4650001 1.3300586538146907e-15 -2.3348698237725115e-16 -1 1 -1.22464679914735e-16 1.3300586538146907e-15 -1.2246467991473532e-16 -1 2.33486982377251e-16 0.34999999999999998
2 -151.37 -203.99000000000001 104.4650001 1.2246467991473532e-16 1 -2.33486982377251e-16 -1.2688263138573232e-15 2.3348698237725115e-16 1 1 -1.2246467991473502e-16 1.2688263138573232e-15 1.0499999999999998
1 -150.66999999999999 -203.99000000000001 103.6150001 1 -1.2246467991473532e-16 0 
2 -143.66999999999999 -203.99000000000001 107.76500010000001 -1.2246467991473532e-16 -1 2.33486982377251e-16 3.9474596431116675e-16 -2.3348698237725105e-16 -1 1 -1.2246467991473522e-16 3.947459643111668e-16 4.1500000000000004
1 -139.52000000000001 -203.99000000000001 107.76500010000001 2.8593908561087489e-32 2.33486982377251e-16 1 
2 -143.66999999999999 -203.99000000000001 132.56500009999999 -1.2246467991473532e-16 -1 2.33486982377251e-16 1 -1.2246467991473532e-16 0 2.8593908561087489e-32 2.33486982377251e-16 1 4.1500000000000004
1 -143.66999999999999 -203.99000000000001 136.7150001 -1 1.2246467991473532e-16 0 
1 -150.31999999999999 -203.99000000000001 135.86500009999997 2.8593908561087489e-32 2.33486982377251e-16 1 
2 -151.37 -203.99000000000001 135.86500009999997 -1.2246467991473532e-16 -1 2.33486982377251e-16 -1.2688263138573297e-15 -2.3348698237725085e-16 -1 1 -1.2246467991473562e-16 -1.2688263138573297e-15 1.0499999999999998
2 -155.91999999999999 -203.99000000000001 120.1650001 -1.2246467991473532e-16 -1 2.33486982377251e-16 -1 1.2246467991473532e-16 0 -2.8593908561087489e-32 -2.33486982377251e-16 -1 15.5
7 0 0  6 22 5  -148.34570720671775 -203.99000000000001 133.68831658234382  -148.30219155251362 -203.99000000000001 133.66394384016454  -148.25540939779387 -203.99000000000001 133.64201864031452  -148.20550201271971 -203.99000000000001 133.62315060976005  -148.15277415640233 -203.99000000000001 133.60798511756386  -148.09775838812604 -203.99000000000001 133.59711871192826  -147.9849487573066 -203.99000000000001 133.58486685007156  -147.92717703461096 -203.99000000000001 133.58341508496818  -147.86852036223999 -203.99000000000001 133.58702674509604  -147.80982394766295 -203.99000000000001 133.59595015562024  -147.75200611813449 -203.99000000000001 133.6101492023449  -147.6395592501429 -203.99000000000001 133.6486063359701  -147.58494377428988 -203.99000000000001 133.67290463244788  -147.53288815996353 -203.99000000000001 133.70194845185756  -147.4841492551468 -203.99000000000001 133.73519644100955  -147.43924750823734 -203.99000000000001 133.77192468331793  -147.3577317258918 -203.99000000000001 133.85080200227662  -147.32110991312965 -203.99000000000001 133.89294615610299  -147.28889485203658 -203.99000000000001 133.93706260575885  -147.26113987823089 -203.99000000000001 133.98236388950841  -147.23769217106727 -203.99000000000001 134.02816199596214  -147.21829318911779 -203.99000000000001 134.073895232067 
 0 7 0.25088787121615463 5 0.50000000051355087 5 0.75011223982581665 5 1 7
2 -143.72 -203.99000000000001 132.5900001 -1.2246467991473532e-16 -1 2.33486982377251e-16 -1 1.2246467991473532e-16 0 -2.8593908561087489e-32 -2.33486982377251e-16 -1 3.7999999999999998
7 0 0  6 22 5  -142.53734325643447 -203.99000000000001 127.98513427301137  -142.56250707293964 -203.99000000000001 128.02819730891281  -142.58528344316346 -203.99000000000001 128.07457102289061  -142.60506026055066 -203.99000000000001 128.12412530783166  -142.62118669505031 -203.99000000000001 128.17656724806719  -142.63305656682323 -203.99000000000001 128.23137527370744  -142.64736770683837 -203.99000000000001 128.34394219689548  -142.64987486833988 -203.99000000000001 128.40167774665781  -142.64733562030682 -203.99000000000001 128.4603906202199  -142.63948623490765 -203.99000000000001 128.51924028877005  -142.62634604009477 -203.99000000000001 128.5773079184749  -142.58995002226715 -203.99000000000001 128.69043872389096  -142.56665374856465 -203.99000000000001 128.74548907398912  -142.53856596894099 -203.99000000000001 128.79806670292618  -142.50621411663323 -203.99000000000001 128.84740499715707  -142.47031247742518 -203.99000000000001 128.89297036734951  -142.392937831795 -203.99000000000001 128.97591383262022  -142.35146988948662 -203.99000000000001 129.01329961377343  -142.30794945788901 -203.99000000000001 129.0463154179439  -142.2631628926855 -203.99000000000001 129.07489352945584  -142.21780088282529 -203.99000000000001 129.09917417169237  -142.17242975180295 -203.99000000000001 129.11940557933133 
 0 7 0.25088787121608047 5 0.50000000051341176 5 0.75011223982568809 5 1 7
2 -155.91999999999999 -203.99000000000001 120.1650001 -1.2246467991473532e-16 -1 2.33486982377251e-16 -1 1.2246467991473532e-16 0 -2.8593908561087489e-32 -2.33486982377251e-16 -1 15.5
7 0 0  6 22 5  -142.53734325643447 -203.99000000000001 112.34486592698863  -142.56250707293961 -203.99000000000001 112.30180289108722  -142.58528344316349 -203.99000000000001 112.25542917710931  -142.6050602605506 -203.99000000000001 112.20587489216841  -142.62118669505031 -203.99000000000001 112.15343295193279  -142.63305656682323 -203.99000000000001 112.09862492629256  -142.64736770683837 -203.99000000000001 111.98605800310455  -142.64987486833988 -203.99000000000001 111.9283224533421  -142.64733562030682 -203.99000000000001 111.86960957978017  -142.63948623490765 -203.99000000000001 111.81075991122995  -142.62634604009475 -203.99000000000001 111.75269228152509  -142.58995002226715 -203.99000000000001 111.63956147610902  -142.56665374856462 -203.99000000000001 111.58451112601085  -142.53856596894101 -203.99000000000001 111.53193349707382  -142.50621411663323 -203.99000000000001 111.48259520284293  -142.47031247742518 -203.99000000000001 111.43702983265047  -142.392937831795 -203.99000000000001 111.35408636737978  -142.35146988948662 -203.99000000000001 111.31670058622657  -142.30794945788901 -203.99000000000001 111.28368478205604  -142.26316289268553 -203.99000000000001 111.25510667054417  -142.21780088282529 -203.99000000000001 111.23082602830763  -142.17242975180295 -203.99000000000001 111.21059462066867 
 0 7 0.25088787121616407 5 0.50000000051339255 5 0.75011223982562925 5 1 7
2 -143.72 -203.99000000000001 107.7400001 -1.2246467991473532e-16 -1 2.33486982377251e-16 -1 1.2246467991473532e-16 0 -2.8593908561087489e-32 -2.33486982377251e-16 -1 3.7999999999999998
7 0 0  6 22 5  -147.21829318911779 -203.99000000000001 106.256104967933  -147.23776981027646 -203.99000000000001 106.3020212390185  -147.26132763382662 -203.99000000000001 106.34800290208369  -147.28922829871888 -203.99000000000001 106.39348149661521  -147.32162608293245 -203.99000000000001 106.43776018859435  -147.35846527677177 -203.99000000000001 106.48004124023407  -147.44014585436537 -203.99000000000001 106.55880928050755  -147.48492912902387 -203.99000000000001 106.59533513266766  -147.53351274464296 -203.99000000000001 106.62839994169266  -147.58538057864462 -203.99000000000001 106.65728980385197  -147.63978451807031 -203.99000000000001 106.68147090627161  -147.75223138606194 -203.99000000000001 106.71992803989684  -147.81028821596661 -203.99000000000001 106.73416397737134  -147.86922736314997 -203.99000000000001 106.7430806672343  -147.92811897722711 -203.99000000000001 106.74664260726212  -147.98610829923513 -203.99000000000001 106.74510338939588  -148.09885456856682 -203.99000000000001 106.73266421863198  -148.15361464974308 -203.99000000000001 106.72177292021084  -148.20609869790576 -203.99000000000001 106.70662379548597  -148.25578232346308 -203.99000000000001 106.68780672260549  -148.30236501797009 -203.99000000000001 106.6659592033311  -148.34570720671775 -203.99000000000001 106.64168361765616 
 0 7 0.25088787121618356 5 0.50000000051350924 5 0.7501122398258071 5 1 7
1 -150.31999999999999 -203.99000000000001 104.4650001 -2.8593908561087489e-32 -2.33486982377251e-16 -1 
7 0 0  2 5 4  -147.21829318911779 -202.96379999999999 106.256104967933  -147.21829318911779 -203.37689999999998 106.256104967933  -147.21829318911779 -210.54000000000002 106.256104967933  -147.21829318911779 -217.70310000000001 106.256104967933  -147.21829318911779 -218.11619999999999 106.256104967933 
 -0.82620000000001081 3 -1.0974171438249413e-14 1 13.499999999999996 1 14.326199999999996 3
7 0 0  2 5 4  -147.21829318911779 -202.96379999999999 134.073895232067  -147.21829318911779 -203.37689999999998 134.073895232067  -147.21829318911779 -210.54000000000002 134.073895232067  -147.21829318911779 -217.70310000000001 134.073895232067  -147.21829318911779 -218.11619999999999 134.073895232067 
 -0.82620000000001081 3 -1.0974171438249413e-14 1 13.499999999999996 1 14.326199999999996 3
7 0 0  2 5 4  -148.34570720671775 -202.96379999999999 133.68831658234382  -148.34570720671775 -203.37689999999998 133.68831658234382  -148.34570720671775 -210.54000000000002 133.68831658234387  -148.34570720671775 -217.70310000000001 133.68831658234387  -148.34570720671775 -218.11619999999999 133.68831658234387 
 -0.82620000000001081 3 -1.0974171438249413e-14 1 13.499999999999996 1 14.326199999999996 3
7 0 0  7 110 19  -149.81999999999999 -217.24000000000001 134.41421060444549  -149.81999999999999 -216.61343802686935 134.41421060444549  -149.89508367893197 -215.98901505617016 134.4463536148661  -150.04432741729221 -215.37230630227833 134.51024301353186  -150.26863097169348 -214.7690568921924 134.60332012321203  -150.57016244893936 -214.18638582785701 134.72079669147516  -150.95210939996727 -213.63355740908281 134.85536823953754  -151.50638439932459 -213.02725348878789 135.02361938796543  -151.59805295755231 -212.93186564719554 135.05077138041921  -151.69284822491542 -212.83807321660896 135.07811904071869  -151.79080979345898 -212.74597232358553 135.10559003030204  -151.891976622632 -212.65566910207707 135.13310675277086  -151.99638703928738 -212.5672796934295 135.1605863538903  -152.23708811089136 -212.37428056029046 135.2217259376863  -152.37512753131017 -212.27072285951868 135.25532626095608  -152.51824374075844 -212.17051963655382 135.28856830243785  -152.66647248624392 -212.0739551502237 135.32126499906235  -152.81983826346863 -211.98133572828607 135.35321657130123  -152.97835406033582 -211.89299007001546 135.38421148081758  -153.34606390296156 -211.70489563352186 135.45119871644044  -153.5584075577674 -211.60756025754904 135.48659127471308  -153.77861597297778 -211.51822679320628 135.51967726448348  -154.00619171846458 -211.43778620565064 135.54993792656961  -154.24057642152781 -211.36706203687203 135.57687892128246  -154.48115116255576 -211.30681538970435 135.60004570865101  -155.06265452876025 -211.19087309966977 135.64492690653537  -155.40804108892792 -211.14482171003584 135.66304040088346  -155.75947639543685 -211.12174755049512 135.67222279987146  -156.11285862798223 -211.122690963926 135.67184748432661  -156.46402695749754 -211.14762447159904 135.66193107987061  -156.80888409966627 -211.19545209720758 135.64313201383686  -157.37794170565135 -211.31195954516613 135.59807188314358  -157.60728030775002 -211.37009209922525 135.57573670871443  -157.83094541227189 -211.43774470367225 135.54998037889504  -158.04839792910067 -211.51425157022248 135.52119977796411  -158.25914917308185 -211.59889448744417 135.48982489953079  -158.46276119892337 -211.69089885553728 135.45630659681024  -158.82697867671482 -211.87391383285609 135.39092057291208  -158.98974942454095 -211.96328247544432 135.35946779502137  -159.14715616296039 -212.05715812032685 135.32698420605792  -159.29920884356682 -212.15518755910239 135.2936965767297  -159.44593029452091 -212.25704154728078 135.25981911092146  -159.58735592890918 -212.36241444804557 135.22555231499427  -159.83255823389797 -212.55797742541353 135.163484559457  -159.93823711619029 -212.64701998257624 135.1357522283613  -160.04060866592954 -212.73802102654741 135.10797588521291  -160.13971217550397 -212.83086048223953 135.08024106112268  -160.23558766374063 -212.92542872043458 135.05262780689725  -160.32827587590526 -213.02162655778403 135.02521069303913  -160.84288290215281 -213.58333829294878 134.86916675517909  -161.19815465623219 -214.0832326874891 134.74592030254024  -161.48634986170356 -214.6087784804659 134.63610129707556  -161.71000995708903 -215.15272641361315 134.54539375352243  -161.87099634505446 -215.7096216360755 134.47771416601159  -161.97018958798466 -216.27499285831732 134.4354879711924  -162.01088144283037 -216.90173892632544 134.41811131880769  -162.01395665504677 -216.95871961892857 134.41679678696204  -162.01640950950747 -217.01572251110957 134.41574749902014  -162.01824010289943 -217.07274199196127 134.41496401297158  -162.01944849893957 -217.12977244342409 134.41444669859217  -162.02003472837487 -217.1868082402861 134.41419573744386  -162.01999816184815 -217.2448390066171 134.41421139134695  -162.01999734526734 -217.24583426296874 134.41421174092011  -162.01999633923984 -217.24682951920812 134.4142121715941  -162.01999514376558 -217.24782477530545 134.41421268336896  -162.01999375884461 -217.24882003123088 134.41421327624457  -162.01999218447685 -217.24981528695452 134.41421395022081  -162.01998865684891 -217.25180579731392 134.41421546037401  -162.01998670358893 -217.25280105194958 134.41421629655082  -162.01998456088239 -217.25379630632381 134.41421721382795  -162.0199822287293 -217.25479156040672 134.41421821220536  -162.01997970712958 -217.2557868141684 134.4142192916828  -162.01997699608324 -217.25678206757908 134.41422045226017  -162.01997119510023 -217.25877257261135 134.41422293561311  -162.01996810516394 -217.25976782423294 134.41422425838849  -162.01996482578136 -217.26076307544378 134.41422566226328  -162.01996135695245 -217.26175832621402 134.41422714723723  -162.01995769867716 -217.26275357651383 134.41422871331019  -162.01995385095543 -217.2637488263133 134.41423036048189  -162.01994607201115 -217.26566650433131 134.41423369056804  -162.01994216749722 -217.26658893262447 134.414235362049  -162.01993810024547 -217.2675113604385 134.41423710319475  -162.01993387025587 -217.26843378774959 134.41423891400513  -162.01992947752836 -217.26935621453396 134.41424079447984  -162.01992492206293 -217.27027864076786 134.41424274461878  -162.01991712672702 -217.27180265685172 134.4142460817028  -162.01991398037509 -217.27240424703172 134.41424742861511  -162.01991076480371 -217.27300583696086 134.41424880515837  -162.01990748001288 -217.27360742663262 134.4142502113325  -162.01990412600261 -217.27420901604029 134.41425164713746  -162.01990070277284 -217.27481060517732 134.41425311257319  -162.01989359314859 -217.27603526742411 134.41425615609921  -162.01988990172177 -217.27665834051362 134.41425773634376  -162.01988613604306 -217.27728141329845 134.41425934837304  -162.01988229611251 -217.27790448577122 134.414260992187  -162.01987838193006 -217.27852755792469 134.41426266778552  -162.01987439349571 -217.27915062975143 134.41426437516856  -162.01986626812905 -217.28039677183608 134.41426785350092  -162.01986213119696 -217.281019842094 134.41426962445013  -162.01985792001315 -217.28164291201057 134.41427142718356  -162.0198536345776 -217.28226598157846 134.41427326170108  -162.0198492748903 -217.2828890507904 134.4142751280026  -162.01984484095121 -217.28351211963906 134.41427702608803  -162.01983427003245 -217.28497310620031 134.41428155129364  -162.01982807301613 -217.28581102361329 134.41428420411279  -162.01982174171138 -217.28664894033813 134.41428691441433  -162.01981527611812 -217.28748685635708 134.41428968219805  -162.01980867623635 -217.28832477165224 134.41429250746364  -162.01980194206595 -217.28916268620577 134.41429539021084  -162.01979507360696 -217.29000059999998 134.41429833043929 
 0 8 0.26030394585300193 6 0.3098178251840723 6 0.37097212169131399 6 0.44721284820136464 6 0.55112983765346868 6 0.62392721512465232 6 0.68634645540096795 6 0.73631978270884502 6 0.97354696731796286 6 0.99725868251758321 6 0.99767244645439124 6 0.99808621013149679 6 0.99849997338152696 6 0.99888346235130399 6 0.99913356737563741 6 0.99939260439411115 6 0.99965164103807069 6 1 8
7 0 0  4 29 10  -149.82020492639305 -217.29000059999998 134.41429833043929  -149.82019331928586 -217.28858459748892 134.41429336170512  -149.82018215046773 -217.28716859249943 134.41428858057742  -149.82017141993819 -217.28575258517179 134.41428398705855  -149.82015083543408 -217.2829205631574 134.41427517523346  -149.82014098146138 -217.28150454847054 134.41427095692805  -149.82013156577838 -217.28008853172639 134.41426692623645  -149.82011392054096 -217.27730532017671 134.41425937259768  -149.82010566128233 -217.27593812550117 134.41425583693524  -149.82009781060859 -217.2745709291649 134.41425247617479  -149.82008266062974 -217.27178770275134 134.41424599067506  -149.82007539103174 -217.27037167256248 134.41424287865254  -149.82006855972526 -217.26895564086811 134.41423995425174  -149.82005577368659 -217.26612357290827 134.4142344806927  -149.82004981895557 -217.26470753664273 134.41423193153491  -149.82004430251678 -217.2632914991525 134.41422957000196  -149.82003414621801 -217.260459420541 134.41422522218556  -149.82002950635896 -217.25904337941978 134.41422323590251  -149.82002530479272 -217.25762733735456 134.41422143724674  -149.8200177782426 -217.25479525053328 134.41421821519009  -149.82001445325943 -217.25337920577721 134.41421679178944  -149.82001156656946 -217.251963160358 134.41421555601795  -149.8200066697745 -217.24913106776881 134.41421345973365  -149.82000465966996 -217.24771502059895 134.414212599221  -149.82000308785888 -217.24629897304658 134.41421192633868  -149.82000097717059 -217.24366219411905 134.41421102276627  -149.82000032572356 -217.24244146280597 134.41421074388577  -149.81999999999999 -217.24122073140296 134.41421060444549  -149.81999999999999 -217.24000000000001 134.41421060444549 
 0 5 0.11328059184895363 3 0.22656142079912467 3 0.33593621083350278 3 0.44921741752690841 3 0.56249877149064798 3 0.67578024243436552 3 0.78906180006805615 3 0.9023434141022959 3 1 5
7 0 0  8 9 2  -151.02725300205159 -203.99000000000001 134.87251609740986  -151.06638573621612 -203.99000000000001 134.88553437783455  -151.10647161473582 -203.98794629947514 134.89873756133204  -151.14751533276399 -203.98403364909683 134.91211652045021  -151.18953986541425 -203.97848586302968 134.92566729030855  -151.23257710420518 -203.97159041695693 134.93938947027732  -151.2767663384185 -203.96374718162417 134.95331376300939  -151.32233031430476 -203.95547141318815 134.96749719132919  -151.37 -203.94751548669501 134.98213545066747 
 0 9 1 9
7 0 0  6 12 3  -151.36999940000001 -203.94751558683311 134.98213526642132  -151.44917914340834 -203.93430074388948 135.00644954013006  -151.52611706989816 -203.91877443709853 135.02951955408435  -151.60208367799521 -203.90068033231438 135.05179993734518  -151.67673781073651 -203.87954964180562 135.07318158598608  -151.74811085343984 -203.85502064888482 135.09315561146494  -151.8258690785951 -203.82119358001438 135.1145244630419  -151.83879202318946 -203.8153004139964 135.1180608550797  -151.85143790869637 -203.80923977299489 135.12150719425563  -151.86377615625523 -203.80300618098016 135.1248563407766  -151.87577085453896 -203.79659439396403 135.12809988563748  -151.88738075975411 -203.7899994 135.1312281506211 
 0 7 0.8305676697061577 5 1 7
8 0 5.8828258763482051
2 -155.91999999999999 -203.79000000000002 120.1650001 -1.224646799147353e-16 -1 2.3348698237725095e-16 0.82850971494834247 -2.3220997737204492e-16 -0.55997468892461244 0.55997468892461244 1.2486911217401872e-16 0.82850971494834247 15.5
7 0 0  6 12 3  -160.47000060000002 -203.94751558683311 134.98213526642132  -160.39082085659186 -203.93430074388948 135.00644954013001  -160.31388293010167 -203.91877443709848 135.02951955408443  -160.23791632200476 -203.90068033231432 135.05179993734515  -160.16326218926355 -203.87954964180562 135.07318158598608  -160.09188914656019 -203.85502064888482 135.09315561146491  -160.0141309214049 -203.82119358001438 135.1145244630419  -160.00120797681055 -203.8153004139964 135.1180608550797  -159.98856209130361 -203.80923977299489 135.12150719425563  -159.97622384374478 -203.80300618098016 135.1248563407766  -159.96422914546105 -203.79659439396403 135.12809988563748  -159.95261924024587 -203.7899994 135.1312281506211 
 0 7 0.83056766970622853 5 1 7
7 0 0  8 9 2  -160.81274699794841 -203.99000000000001 134.87251609740986  -160.7736142637838 -203.99000000000001 134.88553437783457  -160.73352838526449 -203.9879462994752 134.89873756133193  -160.69248466723539 -203.98403364909672 134.91211652045047  -160.65046013458652 -203.97848586302979 134.92566729030824  -160.60742289579414 -203.97159041695681 134.9393894702776  -160.56323366158188 -203.96374718162423 134.95331376300925  -160.51766968569513 -203.95547141318815 134.96749719132924  -160.47 -203.94751548669501 134.98213545066747 
 0 9 1 9
7 0 0  2 5 4  -163.49429279328226 -202.96379999999999 133.68831658234382  -163.49429279328226 -203.37689999999998 133.68831658234382  -163.49429279328226 -210.54000000000002 133.68831658234384  -163.49429279328226 -217.70310000000001 133.68831658234384  -163.49429279328226 -218.11619999999999 133.68831658234384 
 -0.82620000000001081 3 -1.0974171438249413e-14 1 13.499999999999996 1 14.326199999999996 3
7 0 0  4 5 2  -149.84484573529201 -217.79000059999998 130.57148849234449  -149.83242615201354 -217.65281732361785 130.56423812300994  -149.82414209771025 -217.51531795689277 130.55937549444334  -149.81999999999999 -217.37765889722391 130.55694409523016  -149.81999999999999 -217.24000000000001 130.55694409523016 
 0 5 1 5
1 -149.81999999999999 -217.24000000000001 129.66500009999999 -1.1102230246251563e-16 2.33486982377251e-16 1 
7 0 0  4 29 10  -149.82020492639305 -217.29000059999998 133.42970891926927  -149.82019331928709 -217.28858459763524 133.42970358172522  -149.82018215046921 -217.28716859269065 133.42969844571218  -149.82017141993919 -217.28575258531237 133.42969351123276  -149.82015083543502 -217.28292056328644 133.42968404533713  -149.82014098146252 -217.28150454863879 133.42967951392166  -149.82013156577915 -217.28008853184969 133.42967518404538  -149.82011361097557 -217.27725649193081 133.42966692736857  -149.8201050718568 -217.27584046880105 133.42966300056872  -149.82009697102833 -217.27442444382206 133.42965927531293  -149.82008164594083 -217.27159238845201 133.429652227888  -149.82007442168307 -217.27017635806101 133.42964890571943  -149.82006763571655 -217.26876032611301 133.42964578509901  -149.82005494035838 -217.26592825773372 133.42963994695413  -149.82004903096774 -217.26451222130243 133.42963722943006  -149.82004355986913 -217.26309618360636 133.42963471345757  -149.82003366779648 -217.26031293364787 133.42963016442366  -149.82002921711731 -217.25894572146126 133.42962811770207  -149.82002517502485 -217.25757850836339 133.42962625887404  -149.82001777824271 -217.25479525057682 133.42962285732943  -149.82001445325955 -217.25337920583149 133.42962132827384  -149.82001156656952 -217.2519631603958 133.42962000077446  -149.82000666977456 -217.24913106779513 133.4296177488888  -149.82000465967002 -217.24771502063021 133.42961682450272  -149.82000308785891 -217.24629897306716 133.42961610167418  -149.82000097717059 -217.24366219412639 133.42961513103205  -149.82000032572356 -217.24244146281336 133.42961483145103  -149.81999999999999 -217.24122073140666 133.4296146816605  -149.81999999999999 -217.24000000000001 133.4296146816605 
 0 5 0.11328065172482021 3 0.22656151898174814 3 0.33984257423344483 3 0.45312378994263658 3 0.56640513857405295 3 0.67578033410334215 3 0.7890618637486243 3 0.90234344466271355 3 1 5
1 -149.81999999999999 -217.24000000000001 129.66500009999999 -1.1102230246251563e-16 2.33486982377251e-16 1 
2 -155.92000000000002 -217.24000000000001 136.16500009999999 -1.1102230246251563e-16 2.33486982377251e-16 1 1 -1.224646799147353e-16 1.1102230246251565e-16 1.2246467991473532e-16 1 -2.33486982377251e-16 6.0999999999999996
7 0 0  4 50 17  -162.01979507360696 -217.18999939999998 133.42970891926927  -162.01980668071292 -217.19141540236478 133.42970358172522  -162.01981784953082 -217.19283140730931 133.42969844571215  -162.01982858006079 -217.1942474146876 133.42969351123276  -162.01984916456499 -217.19707943671352 133.42968404533713  -162.01985901853752 -217.19849545136117 133.42967951392163  -162.01986843422085 -217.19991146815028 133.42967518404538  -162.01988607945836 -217.20269467971883 133.42966706972527  -162.01989433871688 -217.20406187436299 133.42966327162236  -162.01990218939088 -217.20542907073582 133.42965966140343  -162.01991733936975 -217.20821229715341 133.42965269450576  -162.01992460896767 -217.20962832731436 133.4296493514876  -162.01993144027435 -217.21104435904238 133.42964621001749  -162.01994400586386 -217.21382759820261 133.42964043154956  -162.01994976985156 -217.2151948055386 133.42963778089191  -162.01995512525312 -217.21656201406768 133.42963531812524  -162.01996519556087 -217.21934526347707 133.42963068712822  -162.01996988076041 -217.22076130443457 133.42962853255881  -162.01997412766724 -217.22217734638468 133.42962657954354  -162.0199817448985 -217.22500943297501 133.42962307662179  -162.01998511522225 -217.22642547761512 133.42962152671561  -162.01998804725289 -217.22784152295571 133.42962017836558  -162.01999294873815 -217.23062478619971 133.42961792432317  -162.01999494789837 -217.23199200406555 133.42961700497011  -162.01999653847113 -217.23335922231661 133.42961627351372  -162.01999896829426 -217.23616983184655 133.42961515611114  -162.01999976074876 -217.23761322315448 133.42961479168497  -162.02000009781989 -217.23905661459031 133.42961463667604  -162.01999983093853 -217.24231252807164 133.4296147594068  -162.01999896428495 -217.24412505010156 133.42961515795491  -162.01999737954691 -217.2459375717828 133.42961588672853  -162.01999277389945 -217.24956261570895 133.42961800472614  -162.01998975298852 -217.25137513795391 133.42961939395082  -162.01998601399154 -217.2531876592372 133.42962111339995  -162.01997709981606 -217.25681270298986 133.42962521274796  -162.0199719246346 -217.25862522545913 133.42962759264816  -162.01996603136385 -217.26043774635394 133.42963030277082  -162.01995280862317 -217.26406278992692 133.42963638346527  -162.01994547914887 -217.26587531260515 133.42963975403904  -162.0199374315805 -217.26768783309598 133.42964345483227  -162.01991990021924 -217.27131287649541 133.42965151686741  -162.01991041642052 -217.27312539940408 133.42965587811199  -162.01990021452133 -217.27493791951241 133.42966056957204  -162.01987875102046 -217.27850046166333 133.42967043977791  -162.01986753808245 -217.28025048391646 133.42967559614624  -162.01985565570698 -217.28200050299751 133.42968106034471  -162.0198318968408 -217.28531304329232 133.42969198599704  -162.01982015610889 -217.28687556520532 133.42969738502541  -162.01980788169769 -217.28843808417332 133.42970302945068  -162.01979507360696 -217.29000059999998 133.42970891926927 
 0 5 0.056640325863140578 3 0.11328075949247712 3 0.16796816406218029 3 0.22460876938028818 3 0.27929631404053601 3 0.3359370378583571 3 0.39257780155213573 3 0.44726546038762521 3 0.50499995979690482 3 0.57749938985243654 3 0.64999889486756013 3 0.72249854876146369 3 0.79499842446367053 3 0.86749859638343152 3 0.93749911173155998 3 1 5
7 0 0  8 9 2  -161.01779364038993 -213.88999999999999 131.083562276404  -161.29320022417494 -214.30909430786289 131.31238119291851  -161.51393989674716 -214.7307935884831 131.56650391630671  -161.68849394289549 -215.15135238022805 131.84240306916223  -161.82224036031215 -215.56865784812481 132.136123250704  -161.91953197966305 -215.98143368965628 132.44412881597867  -161.98351470915659 -216.38912639463194 132.76359917478879  -162.01653080282168 -216.79177174257535 133.09251136190409  -162.01979507852519 -217.19 133.42970891700764 
 0 9 1 9
7 0 0  6 17 4  -161.01779324610166 -213.88999940000002 131.08356246049419  -161.0828790570001 -213.98904236948937 131.05317439325052  -161.14536146591479 -214.08915459495404 131.02343481418376  -161.20526313859691 -214.19028630664889 130.99441096125651  -161.26260273542417 -214.29238921172731 130.96616766666787  -161.31739491140081 -214.39541649424137 130.93876735685353  -161.56583985060976 -214.88943237067809 130.81278763851637  -161.72666466528557 -215.29270964773445 130.72583507790068  -161.85193555807936 -215.70581347165302 130.65493478265182  -161.94169891113933 -216.12588832495618 130.6027982596529  -161.99591177340838 -216.55039356364597 130.57106812101981  -162.02017455028022 -217.11244052851202 130.5568438462663  -162.0224074000493 -217.248097664444 130.55552952603449  -162.02102068837982 -217.38378465519776 130.55634418929762  -162.01601447601544 -217.51939877347502 130.55928741902989  -162.00739091820608 -217.65483791529613 130.56434491471464  -161.99515426470799 -217.79000059999998 130.57148849234449 
 0 7 0.16814143683067076 5 0.79941757692446136 5 1 7
1 -161.99515431902762 -217.79000000000002 129.66500009999999 -1.1102230246251563e-16 2.33486982377251e-16 1 
7 0 0  6 12 3  -161.99515437334719 -217.7899994 130.68711962697745  -161.9616294065568 -218.16030771054199 130.70647593138847  -161.9010228181636 -218.5281130847311 130.74129741393961  -161.81348750704714 -218.89186988507413 130.7909796559106  -161.69903745773672 -219.24993202276755 130.85431729194272  -161.55762077619491 -219.60045962695307 130.92953818281072  -161.33456519982946 -220.05207018077533 131.04198201465118  -161.27700646793056 -220.16183009859446 131.07058278036499  -161.21656960491384 -220.27056047143299 131.10014275279997  -161.15323641165952 -220.37820660357767 131.13058880327952  -161.08698569067633 -220.48470844672869 131.16184370820207  -161.01779324610166 -220.5900006 131.19382614904077 
 0 7 0.75478845935798278 5 1 7
7 0 0  7 50 9  -161.01779364038993 -220.58999999999997 131.19382596679108  -160.98943322001745 -220.63315688675033 131.20693484822232  -160.96044068417731 -220.67634704251861 131.21927512724926  -160.93082172506138 -220.71953727280118 131.23083849899774  -160.90058385478068 -220.76269451035682 131.24161819372358  -160.86973640536556 -220.80578581520638 131.25160897681275  -160.83829052876558 -220.84877837463307 131.2608071487812  -160.69276717578259 -221.04350318830922 131.29898509397009  -160.57189392428214 -221.1937604312181 131.31879003761799  -160.444281106234 -221.34086850413894 131.32850291330266  -160.31073941579132 -221.48355303883227 131.32831464944394  -160.17221114042698 -221.62079865128362 131.31859951564439  -160.0297370086686 -221.75183073714845 131.29983132896547  -159.74847350649912 -221.99234571604745 131.24701729547377  -159.61000656448212 -222.10269962407824 131.21402617995858  -159.46980806171715 -222.20679316850465 131.17398305279505  -159.32867827529742 -222.30442349827251 131.12728608815041  -159.18741923491388 -222.39550869800064 131.07429842765404  -159.04685446899265 -222.48005625186141 131.01529158076534  -158.81045765122977 -222.61287101787576 130.90482945198497  -158.71384731554653 -222.66441000895622 130.85640419096046  -158.61834061043155 -222.71279012062706 130.80510235358344  -158.52430351173791 -222.75802894240024 130.75091791808168  -158.43218569436524 -222.80013411135423 130.69381840872876  -158.34255487807991 -222.83910479856894 130.63371995657297  -158.2304858235681 -222.88556709454269 130.55162646859384  -158.20509808561403 -222.89593258943904 130.5325382302575  -158.18001885227184 -222.90601790247075 130.5131657821054  -158.15527095210828 -222.91582181220764 130.49350470589744  -158.13087961081726 -222.92534271271398 130.4735503339644  -158.10687245121977 -222.93457861354835 130.4532977492081  -158.05366402996921 -222.95475993008102 130.40693856018885  -158.0247023579995 -222.96553955125887 130.38065810734275  -157.99645309523507 -222.97586168975278 130.35388954128223  -157.96898406512915 -222.98572022211607 130.32662298574434  -157.94237161942416 -222.99510753635047 130.29884994848322  -157.91669996086782 -223.00401485325659 130.27056369626879  -157.84299417575824 -223.0291952713423 130.18440014736422  -157.79797915014714 -223.04403048285076 130.12493913592488  -157.75779902929855 -223.05683927982318 130.06339202418584  -157.72333549265196 -223.06751275947823 129.9998524163866  -157.69550873838858 -223.07595435159357 129.93451088209918  -157.67498792846487 -223.08210610988203 129.86772088128333  -157.65819737779728 -223.08710909965254 129.78093221471801  -157.65508827541231 -223.08803251778869 129.76171157601004  -157.65257790627498 -223.08877628748479 129.74243440954672  -157.65066565085033 -223.08934190366818 129.7231128028036  -157.64934764150377 -223.0897314022157 129.70375866221292  -157.64861676250092 -223.08994735995333 129.68438371316336  -157.64846265000759 -223.08999289465623 129.66499950000002 
 0 8 0.071656501089551267 6 0.3255466968695615 6 0.56308998720177728 6 0.72962582784121355 6 0.77911977693310508 6 0.84124790157848084 6 0.96496783168521771 6 1 8
7 0 0  6 12 3  -158.42000000000002 -222.8041710972974 130.26500010000001  -158.42000000000002 -222.8041710972974 130.3807249193141  -158.40214423997713 -222.81219390629599 130.49640776585179  -158.36645315455209 -222.828229224437 130.60929539980032  -158.3131400843516 -222.8516687838233 130.71654488588194  -158.24272650591942 -222.8812367295422 130.81506580021636  -158.0776921081611 -222.94627031986465 130.98010019797471  -157.98495815374324 -222.98129893857555 131.04947314274386  -157.87966443249013 -223.01879594214319 131.10543506879563  -157.76459035991397 -223.05661322521411 131.14471855100521  -157.64333460385274 -223.09290125605889 131.16500010000001  -157.52000000000001 -223.12642506110456 131.16500010000001 
 0 7 0.52310551027028651 5 1 7
2 -155.92000000000002 -217.24000000000001 131.16500009999999 -1.1102230246251563e-16 2.33486982377251e-16 1 1 -1.224646799147353e-16 1.1102230246251565e-16 1.2246467991473532e-16 1 -2.33486982377251e-16 6.0999999999999996
7 0 0  6 12 3  -152.91999999999999 -222.55130868995582 130.26500010000001  -152.91999999999999 -222.55130868995582 130.39962789896646  -152.94416670490185 -222.56495808285968 130.53393252803002  -152.9922791086328 -222.59213668801647 130.66341136421067  -153.06361088037875 -222.63133325145162 130.78355144369701  -153.15663575940968 -222.67959695353011 130.88945906067599  -153.34340018339589 -222.76974429354891 131.03432839775508  -153.42732433112832 -222.80873682640379 131.08421667895817  -153.51891119113043 -222.8492840440781 131.12366962561569  -153.61636681768638 -222.88996502551925 131.15099845832651  -153.7175235616975 -222.92955278452621 131.16500010000001  -153.81999999999999 -222.96712842531053 131.16500010000001 
 0 7 0.59833607449189563 5 1 7
7 0 0  7 50 9  -150.82220635961008 -220.58999999999997 131.19382596679108  -150.85056677998256 -220.63315688675033 131.20693484822232  -150.87955931582269 -220.67634704251861 131.21927512724926  -150.90917827493863 -220.71953727280118 131.23083849899774  -150.93941614521933 -220.76269451035682 131.24161819372358  -150.97026359463445 -220.80578581520638 131.25160897681275  -151.00170947123442 -220.84877837463313 131.2608071487812  -151.14723282421747 -221.04350318830933 131.29898509397012  -151.2681060757177 -221.19376043121792 131.31879003761796  -151.39571889376609 -221.340868504139 131.32850291330269  -151.52926058420883 -221.48355303883238 131.32831464944394  -151.66778885957294 -221.62079865128351 131.31859951564439  -151.81026299133137 -221.7518307371484 131.2998313289655  -152.09152649350077 -221.9923457160474 131.24701729547377  -152.22999343551808 -222.10269962407841 131.21402617995849  -152.37019193828277 -222.20679316850459 131.17398305279511  -152.51132172470247 -222.3044234982724 131.12728608815047  -152.65258076508633 -222.39550869800081 131.07429842765396  -152.79314553100727 -222.48005625186136 131.01529158076536  -153.02954234877026 -222.61287101787576 130.90482945198494  -153.12615268445339 -222.66441000895617 130.85640419096043  -153.22165938956849 -222.71279012062706 130.80510235358349  -153.31569648826218 -222.7580289424003 130.75091791808171  -153.40781430563467 -222.80013411135423 130.6938184087287  -153.49744512192007 -222.83910479856894 130.63371995657297  -153.6095141764319 -222.88556709454264 130.55162646859384  -153.63490191438595 -222.89593258943904 130.5325382302575  -153.65998114772816 -222.90601790247075 130.5131657821054  -153.68472904789169 -222.91582181220764 130.49350470589744  -153.70912038918271 -222.92534271271398 130.4735503339644  -153.73312754878023 -222.93457861354835 130.45329774920813  -153.78633597003076 -222.95475993008102 130.40693856018885  -153.8152976420005 -222.96553955125887 130.38065810734275  -153.84354690476496 -222.97586168975278 130.35388954128223  -153.87101593487085 -222.98572022211607 130.32662298574436  -153.89762838057584 -222.99510753635047 130.29884994848322  -153.92330003913219 -223.00401485325659 130.27056369626879  -153.99700582424174 -223.0291952713423 130.18440014736427  -154.04202084985315 -223.04403048285081 130.12493913592465  -154.08220097070082 -223.05683927982307 130.06339202418638  -154.11666450734867 -223.06751275947829 129.99985241638603  -154.14449126161114 -223.07595435159351 129.93451088209952  -154.16501207153516 -223.08210610988203 129.86772088128325  -154.18180262220272 -223.08710909965254 129.78093221471801  -154.18491172458769 -223.08803251778869 129.76171157601004  -154.18742209372502 -223.08877628748479 129.74243440954672  -154.18933434914968 -223.08934190366818 129.7231128028036  -154.19065235849624 -223.0897314022157 129.70375866221292  -154.19138323749911 -223.08994735995333 129.68438371316336  -154.19153734999242 -223.08999289465623 129.66499950000002 
 0 8 0.07165650108957769 6 0.32554669686983873 6 0.5630899872020545 6 0.72962582784144936 6 0.77911977693332413 6 0.84124790157865736 6 0.96496783168522238 6 1 8
7 0 0  6 12 3  -150.82220675389834 -220.5900006 131.19382614904077  -150.75305846110228 -220.48477563377304 131.16186411623443  -150.68684814165141 -220.37834252519059 131.13062869244379  -150.62355164409126 -220.27076654814488 131.10020103985136  -150.56314780787434 -220.16210763682489 131.07065823613769  -150.50561846336015 -220.05242038571612 131.04207327448182  -150.28252566190594 -219.60082264097537 130.92961607803187  -150.14105733345929 -219.25022857239946 130.85436974840596  -150.02656690194598 -218.89209589328607 130.79101053577619  -149.93900232935582 -218.52826557636581 130.74131186238429  -149.87837755485648 -218.1603846045536 130.70647995069845  -149.84484562665281 -217.7899994 130.68711962697745 
 0 7 0.24505511244072845 5 1 7
1 -149.84484568097238 -217.79000000000002 129.66500009999999 -1.1102230246251563e-16 2.33486982377251e-16 1 
2 -155.91999999999999 -217.19 120.1650001 1.2246467991473532e-16 1 -2.33486982377251e-16 -1 1.2246467991473532e-16 0 2.8593908561087489e-32 2.33486982377251e-16 1 14.6
1 -147.07346798461009 -217.79000000000002 131.77959743700148 1.2246467991473532e-16 1 -2.33486982377251e-16 
7 0 0  4 23 8  -149.81999999999999 -217.24000000000001 133.4296146816605  -149.81999999999999 -217.23818747798521 133.4296146816605  -149.8200007180844 -217.2363749559704 133.42961501188606  -149.82000215425316 -217.2345624342621 133.42961567233715  -149.82000646276165 -217.23093739032373 133.42961765368983  -149.82000933510278 -217.22912486809378 133.42961897459202  -149.82001292552982 -217.22731234678309 133.42962062571877  -149.82002139399455 -217.22374980391902 133.42962452009937  -149.82002622336549 -217.22199978228247 133.42962674097311  -149.8200317221559 -217.2202497620645 133.42962926968818  -149.82004427888774 -217.21668721905706 133.42963504411057  -149.82005138550286 -217.21487469639084 133.42963831220101  -149.82005921021155 -217.21306217584862 133.42964191051129  -149.82007629585033 -217.20943713243389 133.42964976758043  -149.82008555678613 -217.20762460956144 133.42965402634195  -149.82009553582162 -217.20581208942593 133.4296586153194  -149.82011693014618 -217.20218704618475 133.4296684537226  -149.82012834544241 -217.20037452307918 133.42967370315165  -149.82014047884616 -217.19856200332339 133.42967928279177  -149.82016529564217 -217.19506196041647 133.42969069494737  -149.82017788340926 -217.19337443677853 133.42969648349174  -149.82019109365945 -217.19168691655722 133.42970255826719  -149.82020492639305 -217.18999939999998 133.42970891926927 
 0 5 0.14499885516954203 3 0.28999785013080487 3 0.42999715069554001 3 0.57499685016073609 3 0.71999712490394918 3 0.86499812418468802 3 1 5
2 -143.72 -227.83999999999997 132.5900001 1.2246467991473532e-16 1 -2.33486982377251e-16 -1 1.2246467991473532e-16 0 2.8593908561087489e-32 2.33486982377251e-16 1 3.4500000000000002
1 -147.17000000000002 -228.29000000000002 132.5900001 1.2246467991473532e-16 1 -2.33486982377251e-16 
7 0 0  8 65 10  -144.46899082735231 -217.19 129.22228384999585  -144.57077541935593 -217.10486260658439 129.24492106765823  -144.67503867131026 -217.02127755359652 129.27179966160793  -144.7823349566691 -216.93926090548774 129.30345322926746  -144.89312763170793 -216.85911027015226 129.34058145479594  -145.00777226946772 -216.78137891680495 129.38400035011134  -145.12661975108963 -216.70697819808868 129.43482346956489  -145.24994447370594 -216.63710463042827 129.49431874834281  -145.41859171725451 -216.55383640236903 129.58677136710838  -145.45921150550691 -216.53465784357445 129.6098312233234  -145.50030578680673 -216.5161880840605 129.63399869157757  -145.54186804422943 -216.49850285421201 129.6593311665404  -145.58387856908311 -216.48169014335167 129.68588350821113  -145.62630370274121 -216.46584866428293 129.71370594151045  -145.66909467046176 -216.45108543703077 129.74284086337332  -145.73103039974313 -216.43157686926986 129.78664684262623  -145.74993088377627 -216.42586930592302 129.80023096755014  -145.76888118536857 -216.420399336152 129.81407282459816  -145.78787407159615 -216.41517674314457 129.82817357698184  -145.806901332519 -216.41021141728982 129.84253352112211  -145.82595376316539 -216.40551321460242 129.85715194913081  -145.84502114551577 -216.40109181514771 129.87202701129218  -145.89861972149561 -216.38946989447521 129.914545287653  -145.93316641508616 -216.38291969384085 129.94277156867179  -145.96765694093426 -216.3773638218662 129.97180936711601  -146.00201084755145 -216.37285411818158 130.00162354682453  -146.03614321221076 -216.36943361683927 130.03216712475415  -146.06996525087186 -216.36713374340803 130.0633795057737  -146.10338492810646 -216.36597151206837 130.09518471745878  -146.16551960476244 -216.36592472727233 130.15615359134381  -146.19434721244798 -216.36679820120639 130.18521769206347  -146.22272491381307 -216.36856760718121 130.21461803979193  -146.25059727250533 -216.37122281209378 130.24429162768632  -146.2779180228905 -216.37474452917962 130.27417671250907  -146.30464920085569 -216.37910576012609 130.30421317782304  -146.3307602746126 -216.38427323718554 130.33434289718647  -146.36913297610988 -216.39321681426424 130.37979767892051  -146.38187410500512 -216.39642229083825 130.39509592612001  -146.39444817219945 -216.39982038513773 130.41039824172867  -146.40685320737578 -216.40340608689127 130.42569845455182  -146.41908775988708 -216.40717428542911 130.44099081941761  -146.43115089875644 -216.41111976968341 130.45627001717722  -146.44304221267717 -216.41523722818795 130.47153115470473  -146.47837670421987 -216.42815351665661 130.51747544165912  -146.50129318988701 -216.43746200989852 130.54808841633587  -146.52351316686071 -216.4474036316725 130.57857415085635  -146.54504410597033 -216.45793577420079 130.60890399366798  -146.56589807856221 -216.46901715336531 130.63905493688497  -146.58609078603436 -216.48060864301368 130.66900937343689  -146.60564058937072 -216.49267410926558 130.6987548542171  -146.70062937960535 -216.55544374299393 130.84695217265744  -146.76637936104839 -216.61267012137262 130.96172809969431  -146.82365186222066 -216.67494021795352 131.07279977140507  -146.87361410620412 -216.74094245444502 131.18021615694062  -146.91730242523528 -216.80967873762302 131.28415234597333  -146.95553924464508 -216.88051056272752 131.38487619370471  -146.98904064495594 -216.95308912572159 131.48280149835691  -147.02627821330404 -217.04736133316601 131.60422651640707  -147.03386650932865 -217.06745780632752 131.62978974982741  -147.04115765384412 -217.08765627045102 131.65517537777603  -147.04816111873836 -217.10795120164113 131.68038810932387  -147.05488581489215 -217.12833750116926 131.70543245880111  -147.06134009217899 -217.1488104954737 131.73031274579733  -147.06753173946527 -217.16936593615992 131.75503309516137  -147.07346798461009 -217.19 131.77959743700148 
 0 9 0.29458407063809716 7 0.38663411323602498 7 0.42688877388415425 7 0.49976834186116442 7 0.56443389602608396 7 0.59720392204603423 7 0.66323526045165671 7 0.92859578301663082 7 1 9
1 -144.46899082735231 -217.79000000000002 129.22228384999585 1.2246467991473532e-16 1 -2.33486982377251e-16 
2 -155.91999999999999 -217.19 120.1650001 1.2246467991473532e-16 1 -2.33486982377251e-16 -1 1.2246467991473532e-16 0 2.8593908561087489e-32 2.33486982377251e-16 1 14.6
1 -144.46899082735231 -217.79000000000002 111.10771635000415 1.2246467991473532e-16 1 -2.33486982377251e-16 
2 -143.72 -227.84000000000003 107.7400001 1.2246467991473532e-16 1 -2.33486982377251e-16 -1 1.2246467991473532e-16 0 2.8593908561087489e-32 2.33486982377251e-16 1 3.4500000000000002
1 -147.17000000000002 -228.29000000000002 107.7400001 1.2246467991473532e-16 1 -2.33486982377251e-16 
7 0 0  8 65 10  -147.07346798461009 -217.19 108.55040276299854  -147.04875907486735 -217.10411317952486 108.65264889512542  -147.0196910364285 -217.01981539498473 108.75732725874988  -146.9857053134487 -216.93711437488201 108.86500542298187  -146.94607132826286 -216.85631405199962 108.97615088684711  -146.89994226647457 -216.77798538931552 109.09111315481343  -146.846158909217 -216.70307691407811 109.21022982191022  -146.78341120980542 -216.63283261897061 109.3337491889674  -146.68677993545248 -216.54989390515874 109.50146420321434  -146.66320825750284 -216.53117953739235 109.54102270951461  -146.63855151913762 -216.51316007931541 109.5810181841312  -146.61275555146884 -216.49590853019072 109.6214423164318  -146.58576905383944 -216.47950934017723 109.66227424804391  -146.55754562752784 -216.46405692072273 109.7034798878183  -146.52804684626068 -216.44965332064993 109.74501086608433  -146.4836332914297 -216.43054965907641 109.80527430225612  -146.46976686376644 -216.42492033689945 109.82379526368655  -146.45564542894672 -216.41952645467092 109.84235973410347  -146.44126807205177 -216.41437759753336 109.86096051379101  -146.42663474857895 -216.4094834444773 109.87958946720698  -146.41174641817929 -216.40485363031172 109.89823750848744  -146.39660517839479 -216.40049760763452 109.91689458695151  -146.35368305804511 -216.38913846675592 109.96892026931799  -146.32534797884213 -216.3827563951312 110.00229080477654  -146.29623448899042 -216.37733261241561 110.03559044160988  -146.26637741423079 -216.37291580930122 110.06874379060993  -146.23582267943007 -216.36954649207314 110.1016714946276  -146.20462891017036 -216.36725442599732 110.13429081246829  -146.17286903433785 -216.36605607870803 110.16651620278743  -146.11134537321817 -216.36585756890241 110.2270981377095  -146.08165817525935 -216.36666620494515 110.25554552222272  -146.05163605994684 -216.36837903441727 110.28353659129442  -146.02134380374173 -216.37098630578782 110.31101599291354  -145.9908448346095 -216.37446890591144 110.33793761622468  -145.96020087717511 -216.37879981263819 110.36426371446393  -145.92947159787775 -216.38394554742342 110.38996402789473  -145.88318391259409 -216.39285786981424 110.42766387137922  -145.86764533957776 -216.39604630979835 110.44014809124525  -145.85210521641281 -216.39942804402762 110.4524651493479  -145.83656979235022 -216.4029980645094 110.46461314427721  -145.82104488055634 -216.40675125912031 110.47659069020716  -145.80553585811273 -216.41068241160622 110.48839691689574  -145.79004766601628 -216.41478620158233 110.50003146968476  -145.74367275671264 -216.42759543706592 110.53441046170281  -145.71286315619608 -216.43680189435884 110.55663982997932  -145.6821900391831 -216.44663439201452 110.57818483241169  -145.65168158256211 -216.45705118354425 110.59905306266378  -145.62136036116343 -216.46801177789212 110.61925654630886  -145.59124360036651 -216.47947775695889 110.63881079715713  -145.56134342870729 -216.4914135931262 110.65773387358333  -145.46309361921158 -216.53237998051696 110.71835826119982  -145.39576096578097 -216.5632919851322 110.75737821501519  -145.32970509827476 -216.59614489711646 110.79338850030717  -145.26493910501367 -216.63062142848656 110.82664309832009  -145.2014501281152 -216.6664611580112 110.85737380891524  -145.13919731380679 -216.70345774705015 110.88579443934916  -145.07811081949501 -216.74145780000754 110.91210214045122  -144.94438642615043 -216.8281363726515 110.96640774456951  -144.87235247487664 -216.87723368547557 110.99339839054534  -144.80185265745519 -216.92743233726458 111.01776686254271  -144.7327804877861 -216.97855791412212 111.03976327099589  -144.66504474705079 -217.03047240781058 111.05959250702404  -144.59855907718861 -217.08306755683202 111.07742975959702  -144.53323678078237 -217.13626167964264 111.09342784520108  -144.46899082735231 -217.19 111.10771635000415 
 0 9 0.29722095963169948 7 0.3876552352201551 7 0.42762500859100849 7 0.49912375228649974 7 0.5640782742231969 7 0.59687582419538177 7 0.6624419479841227 7 0.81394667054610959 7 1 9
1 -147.07346798461009 -217.79000000000002 108.55040276299854 1.2246467991473532e-16 1 -2.33486982377251e-16 
2 -155.91999999999999 -217.19 120.1650001 1.2246467991473532e-16 1 -2.33486982377251e-16 -1 1.2246467991473532e-16 0 2.8593908561087489e-32 2.33486982377251e-16 1 14.6
7 0 0  2 5 4  -142.17242975180295 -202.96379999999999 111.21059462066867  -142.17242975180295 -203.37689999999998 111.21059462066867  -142.17242975180295 -210.54000000000002 111.21059462066867  -142.17242975180295 -217.70310000000001 111.21059462066867  -142.17242975180295 -218.11619999999999 111.21059462066867 
 -0.82620000000001081 3 -1.0974171438249413e-14 1 13.499999999999996 1 14.326199999999996 3
7 0 0  2 5 4  -142.53734325643447 -202.96379999999999 112.34486592698863  -142.53734325643447 -203.37689999999998 112.34486592698863  -142.53734325643447 -210.54000000000002 112.34486592698863  -142.53734325643447 -217.70310000000001 112.34486592698863  -142.53734325643447 -218.11619999999999 112.34486592698863 
 -0.82620000000001081 3 -1.0974171438249413e-14 1 13.499999999999996 1 14.326199999999996 3
7 0 0  2 5 4  -142.53734325643447 -202.96379999999999 127.98513427301137  -142.53734325643447 -203.37689999999998 127.98513427301137  -142.53734325643447 -210.54000000000002 127.98513427301138  -142.53734325643447 -217.70310000000001 127.98513427301138  -142.5373432564345 -218.11619999999999 127.98513427301138 
 -0.82620000000001081 3 -1.0974171438249413e-14 1 13.499999999999996 1 14.326199999999996 3
7 0 0  2 5 4  -142.17242975180295 -202.96379999999999 129.11940557933133  -142.17242975180295 -203.37689999999998 129.11940557933133  -142.17242975180295 -210.54000000000002 129.11940557933133  -142.17242975180295 -217.70310000000001 129.11940557933133  -142.17242975180295 -218.11619999999999 129.11940557933133 
 -0.82620000000001081 3 -1.0974171438249413e-14 1 13.499999999999996 1 14.326199999999996 3
7 0 0  7 20 4  -152.91999999999999 -222.9276861633748 130.26500010000001  -152.91999999999999 -222.91089188569845 130.31121804125956  -152.9227690278401 -222.89334296907066 130.3572316496489  -152.92826293486021 -222.87514467644263 130.40287404912215  -152.93643184652288 -222.85641322540869 130.44799355917183  -152.94722498711343 -222.83727493407139 130.49245121344887  -152.96059550443999 -222.81786536690754 130.53611827838276  -153.00155814811083 -222.76756410547313 130.64620006020255  -153.03288853978484 -222.73650764740552 130.71121486073699  -153.07035705443531 -222.70569105190339 130.77352217810738  -153.11387301068518 -222.6757592100077 130.83262842122366  -153.16332267851658 -222.64748714712158 130.88795199242293  -153.21855144611672 -222.62179550707668 130.93881684979425  -153.34334632567771 -222.57626664333503 131.03261084472439  -153.41369307729929 -222.55677429150637 131.07506381780314  -153.48956550934113 -222.54249604188561 131.1105083383014  -153.56984086502919 -222.5346350376625 131.13780938955449  -153.65301622901143 -222.53397312417542 131.15610158681341  -153.73714626359973 -222.5403019453849 131.16500010000001  -153.81999999999999 -222.55256216209233 131.16500010000001 
 0 8 0.23604801829596692 6 0.60774848729609865 6 1 8
7 0 0  6 7 2  -152.91999999999999 -222.77629319493769 130.60500010000001  -152.91999999999999 -222.87960388923926 130.41117692425723  -152.91999999999999 -222.96344569778239 130.20682463158707  -152.91999999999999 -223.02674998018017 129.99457485696382  -152.91999999999999 -223.06898539174978 129.77708624315747  -152.91999999999999 -223.08999999999997 129.55697918168067  -152.91999999999999 -223.08999999999997 129.33683197809285 
 0 7 1 7
2 -155.91999999999999 -223.09000000000003 120.1650001 1.2246467991473532e-16 1 -2.33486982377251e-16 -1 1.2246467991473532e-16 0 2.8593908561087489e-32 2.33486982377251e-16 1 9.6500000000000004
7 0 0  8 23 4  -148.59999999999999 -221.4619417566999 110.6650001  -148.69195769409976 -221.61276154080809 110.6650001  -148.79984513656569 -221.7544051922294 110.6650001  -148.92128745703721 -221.88610895029296 110.6650001  -149.05396988013848 -222.00763370158694 110.6650001  -149.19580724014398 -222.11910624616661 110.6650001  -149.3450369519023 -222.22091442672348 110.6650001  -149.5002841653079 -222.31362504170744 110.6650001  -149.94788679700576 -222.54883273195503 110.6650001  -150.25059015969433 -222.67219001649124 110.6650001  -150.56372679506291 -222.77221705229368 110.6650001  -150.88371485152706 -222.85200487672654 110.6650001  -151.20784989028795 -222.91476848121636 110.6650001  -151.53449680711546 -222.96331103689016 110.6650001  -151.86295858761102 -223.00020736013408 110.6650001  -152.44578998391373 -223.0486398748746 110.6650001  -152.69881490622706 -223.06407757795336 110.6650001  -152.95242342318247 -223.07498697846557 110.6650001  -153.20645647766295 -223.08226312892634 110.6650001  -153.46079884720351 -223.08671778533261 110.6650001  -153.71537728979308 -223.08908268339036 110.6650001  -153.9701596427017 -223.09000000000003 110.6650001  -154.22515487433216 -223.09000000000003 110.6650001 
 0 9 0.24051247784117885 7 0.67131178272012437 7 1 9
2 -155.91999999999999 -220.59000000000003 120.1650001 1.2246467991473532e-16 1 -2.33486982377251e-16 -1 1.2246467991473532e-16 0 2.8593908561087489e-32 2.33486982377251e-16 1 12.15
2 -155.91999999999999 -217.79000000000002 120.1650001 -1.2246467991473532e-16 -1 2.33486982377251e-16 -1 1.2246467991473532e-16 0 -2.8593908561087489e-32 -2.33486982377251e-16 -1 12.15
2 -155.91999999999999 -217.79000000000002 120.1650001 1.2246467991473532e-16 1 -2.33486982377251e-16 -1 1.2246467991473532e-16 0 2.8593908561087489e-32 2.33486982377251e-16 1 12.050000000000001
7 0 0  6 12 3  -149.81999999999999 -217.24000000000001 130.55694409523016  -149.81999999999999 -216.76952996701141 130.55694409523016  -149.86354185935477 -216.29999598226965 130.58250276084593  -149.95030637661338 -215.8347255339051 130.63343341950306  -150.08022876111937 -215.3771615336496 130.70785627695108  -150.25336731453214 -214.93117452330807 130.80221848797459  -150.52171941042187 -214.39708246382816 130.93832440390634  -150.57665571467388 -214.29371001519411 130.96580237728125  -150.63415580203446 -214.19126747127535 130.99412940711397  -150.69423444638883 -214.08980209466438 131.02324247580805  -150.75691047207792 -213.9893626492065 131.05307612598699  -150.82220675389834 -213.88999940000002 131.08356246049419 
 0 7 0.80479658860435965 5 1 7
2 -155.91999999999999 -213.88999999999999 120.1650001 1.2246467991473532e-16 1 -2.33486982377251e-16 -1 1.2246467991473532e-16 0 2.8593908561087489e-32 2.33486982377251e-16 1 12.050000000000001
7 0 0  8 9 2  -149.82020492147481 -217.19 133.42970891700764  -149.82346919703454 -216.79177176011694 133.0925113767573  -149.85648528793857 -216.38912642970854 132.76359920342981  -149.92046801202136 -215.98143373892765 132.44412885434264  -150.01775962451381 -215.56865790577433 132.13612329295012  -150.15150603559576 -215.15135243829002 131.84240310857933  -150.3260600789404 -214.73079363767158 131.56650394655802  -150.54679975625774 -214.30909433763907 131.31238120917584  -150.82220635961008 -213.88999999999999 131.083562276404 
 0 9 1 9
2 -155.91999999999999 -217.24000000000001 102.56500009999999 2.3348698237725095e-16 -2.3348698237725105e-16 -1 -1 1.2246467991473527e-16 -2.33486982377251e-16 1.2246467991473532e-16 1 -2.33486982377251e-16 7.3499999999999996
1 -162.01999999999998 -217.24000000000001 104.1650001 -0.61564404197231459 -1.085987825191181e-16 -0.78802437372456391 
7 0 0  4 23 8  -162.02000000000001 -217.24000000000001 106.9003855183395  -162.02000000000001 -217.23818747798521 106.9003855183395  -162.0199992819156 -217.23637495597046 106.90038518811394  -162.01999784574684 -217.2345624342621 106.90038452766284  -162.01999353723835 -217.23093739032379 106.90038254631017  -162.01999066489722 -217.22912486809378 106.900381225408  -162.01998707447021 -217.22731234678309 106.90037957428126  -162.01997845743554 -217.22368730301832 106.900375611578  -162.01997343082508 -217.22187478056418 106.90037330000015  -162.0199676861256 -217.22006225964225 106.90037065819976  -162.01995476052895 -217.21643721605705 106.90036471414973  -162.01994757962746 -217.21462469339383 106.90036141189816  -162.01993968063229 -217.21281217287566 106.90035777942694  -162.01992274356235 -217.20924963048628 106.90034999068106  -162.01991375415218 -217.20749960844893 106.9003458567849  -162.01990409531243 -217.20574958897282 106.90034141505376  -162.01988380759292 -217.20231204831595 106.90033208553443  -162.01987322566984 -217.20062452693617 106.90032721933886  -162.0198620212733 -217.19893700844182 106.90032206690785  -162.0198374913806 -217.19543696408255 106.9003107866786  -162.01982407024076 -217.19362443869909 106.90030461490058  -162.019809930983 -217.19181191723607 106.90029811291606  -162.01979507360696 -217.18999940000003 106.90029128073071 
 0 5 0.14499885516972139 3 0.28999785013102153 3 0.43499713268897694 3 0.57999684873566748 3 0.71999712490400203 3 0.85499802904789035 3 1 5
2 -155.91999999999999 -217.19 120.1650001 1.2246467991473532e-16 1 -2.33486982377251e-16 -1 1.2246467991473532e-16 0 2.8593908561087489e-32 2.33486982377251e-16 1 14.6
1 -164.76653201538991 -217.79000000000002 108.55040276299854 1.2246467991473532e-16 1 -2.33486982377251e-16 
7 0 0  6 12 3  -162.02000000000001 -217.24000000000001 109.77305610476984  -162.02000000000001 -216.76952996701147 109.77305610476984  -161.97645814064526 -216.29999598226948 109.74749743915407  -161.88969362338659 -215.83472553390538 109.69656678049697  -161.75977123888063 -215.37716153364948 109.62214392304891  -161.58663268546783 -214.93117452330802 109.52778171202542  -161.31828058957814 -214.39708246382816 109.39167579609366  -161.26334428532613 -214.29371001519411 109.36419782271872  -161.20584419796552 -214.19126747127535 109.33587079288603  -161.14576555361114 -214.08980209466438 109.30675772419197  -161.08308952792208 -213.98936264920656 109.27692407401301  -161.01779324610166 -213.88999940000002 109.24643773950581 
 0 7 0.80479658860437164 5 1 7
7 0 0  8 9 2  -162.01979507852516 -217.19 106.90029128299236  -162.01653080296546 -216.79177176011717 107.23748882324253  -161.98351471206115 -216.38912642970774 107.5664009965713  -161.91953198797947 -215.98143373892924 107.88587134565483  -161.82224037548499 -215.56865790577274 108.19387690705292  -161.68849396440521 -215.15135243829121 108.48759709141862  -161.51393992105915 -214.73079363767107 108.7634962534427  -161.29320024374235 -214.30909433763924 109.0176189908241  -161.01779364038993 -213.89000000000004 109.24643792359601 
 0 9 1 9
8 0 2.2679676449346928
2 -155.91999999999999 -213.88999999999999 120.1650001 -1.2246467991473535e-16 -1 2.33486982377251e-16 -0.42305341414024267 2.6337276356088674e-16 0.90610474492979254 -0.90610474492979254 1.2188362505051244e-17 -0.42305341414024267 12.050000000000001
8 0 2.0847695396120747
2 -155.91999999999999 -217.79000000000002 120.1650001 1.224646799147353e-16 1 -2.33486982377251e-16 -0.50416218415166836 -1.3989939712497604e-16 -0.86360899258369195 -0.86360899258369195 2.234769058545458e-16 0.50416218415166836 12.050000000000001
8 0 2.094365770209047
2 -155.91999999999999 -217.79000000000002 120.1650001 1.2246467991473532e-16 1 -2.33486982377251e-16 -0.50001270115453678 -1.4097005059893891e-16 -0.86601807064526326 -0.86601807064526326 2.2280308256481979e-16 0.50001270115453678 12.15
8 0 2.2756462532101378
2 -155.91999999999999 -220.59000000000003 120.1650001 1.2246467991473532e-16 1 -2.3348698237725095e-16 -0.41957149303620811 -1.605586505645673e-16 -0.9077222935630519 -0.9077222935630519 2.0912840193321056e-16 0.41957149303620811 12.15
7 0 0  7 20 4  -157.52000000000001 -222.61523171408942 131.16500010000001  -157.59692189934464 -222.60721830020952 131.16500010000001  -157.67457942153868 -222.60407392518454 131.15733002890562  -157.75133138945685 -222.60636113557621 131.14172517492838  -157.82574855339919 -222.61407796147466 131.11849016005857  -157.89670037208759 -222.62665312361685 131.08824355487229  -157.96331983424719 -222.64326365507941 131.05177693456238  -158.08735449774801 -222.68296952831412 130.96769904882856  -158.14471759789822 -222.70615655728693 130.91992408762724  -158.19668858471519 -222.73172452545452 130.86736528586621  -158.24301784591171 -222.75884216551032 130.81067739356405  -158.28353004318228 -222.78677284219953 130.750443822416  -158.31807225921972 -222.81490060340622 130.68717077437896  -158.36709861964226 -222.86288226638482 130.57344478537175  -158.38447565350796 -222.8828834310529 130.52424781087808  -158.39853592807754 -222.90249211957075 130.47388183482542  -158.40919823172035 -222.92151212691914 130.42254604009446  -158.41637873430997 -222.93976292800272 130.37045706415938  -158.41999999999999 -222.95708265544471 130.31785345049764  -158.41999999999999 -222.97333107738098 130.26500010000001 
 0 8 0.36420094787343482 6 0.73253460305836637 6 1 8
7 0 0  6 7 2  -158.41999999999999 -222.84220644308579 130.60500010000001  -158.41999999999999 -222.92387498376496 130.43070778147325  -158.41999999999999 -222.99003666934675 130.24906648746673  -158.41999999999999 -223.03999434677252 130.0618899227303  -158.41999999999999 -223.07336387898954 129.87101855108534  -158.41999999999999 -223.08999999999997 129.67829100956556  -158.41999999999999 -223.08999999999997 129.48554192974359 
 0 7 1 7
8 0 2.7029888613413648
2 -155.91999999999999 -223.09000000000003 120.1650001 1.2246467991473532e-16 1 -2.3348698237725095e-16 -0.1756316192401898 -2.083489810118056e-16 -0.98445595854922285 -0.98445595854922285 1.6156878064030676e-16 0.1756316192401898 9.6500000000000004
7 0 0  8 23 4  -163.24000000000001 -221.46194175669996 110.6650001  -163.14804230590221 -221.61276154080485 110.6650001  -163.04015486343718 -221.75440519222519 110.6650001  -162.91871254297095 -221.88610895028478 110.6650001  -162.78603011987136 -222.00763370157767 110.6650001  -162.64419275986782 -222.11910624615706 110.6650001  -162.49496304811558 -222.22091442671154 110.6650001  -162.33971583471194 -222.31362504169556 110.6650001  -161.89211320301948 -222.5488327319444 110.6650001  -161.58940984034683 -222.67219001647675 110.6650001  -161.27627320494554 -222.77221705229073 110.6650001  -160.95628514854573 -222.85200487671085 110.6650001  -160.63215010972095 -222.91476848121403 110.6650001  -160.30550319294295 -222.96331103688215 110.6650001  -159.97704141243088 -223.00020736012937 110.6650001  -159.3942100161286 -223.04863987487204 110.6650001  -159.14118509380987 -223.06407757795176 110.6650001  -158.88757657684803 -223.07498697846466 110.6650001  -158.63354352236112 -223.08226312892594 110.6650001  -158.37920115281483 -223.08671778533244 110.6650001  -158.12462271021948 -223.0890826833903 110.6650001  -157.86984035730421 -223.09000000000003 110.6650001  -157.61484512566784 -223.09000000000003 110.6650001 
 0 9 0.24051247783400739 7 0.671311782708788 7 1 9
1 -155.91999999999999 -223.09000000000003 110.6650001 1 -1.2246467991473527e-16 2.33486982377251e-16 
7 0 0  2 5 4  -164.62170681088222 -202.96379999999999 134.073895232067  -164.62170681088222 -203.37689999999998 134.073895232067  -164.62170681088222 -210.54000000000002 134.073895232067  -164.62170681088222 -217.70310000000001 134.073895232067  -164.62170681088222 -218.11619999999999 134.073895232067 
 -0.82620000000001081 3 -1.0974171438249413e-14 1 13.499999999999996 1 14.326199999999996 3
7 0 0  2 5 4  -169.66757024819702 -202.96379999999999 129.11940557933133  -169.66757024819702 -203.37689999999998 129.11940557933133  -169.66757024819702 -210.54000000000002 129.11940557933133  -169.66757024819702 -217.70310000000001 129.11940557933133  -169.66757024819702 -218.11619999999999 129.11940557933133 
 -0.82620000000001081 3 -1.0974171438249413e-14 1 13.499999999999996 1 14.326199999999996 3
7 0 0  2 5 4  -169.30265674356554 -202.96379999999999 127.98513427301135  -169.30265674356554 -203.37689999999998 127.98513427301135  -169.30265674356554 -210.54000000000002 127.98513427301137  -169.30265674356554 -217.70310000000001 127.98513427301137  -169.30265674356554 -218.11619999999999 127.98513427301137 
 -0.82620000000001081 3 -1.0974171438249413e-14 1 13.499999999999996 1 14.326199999999996 3
7 0 0  2 5 4  -169.30265674356551 -202.96379999999999 112.34486592698863  -169.30265674356551 -203.37689999999998 112.34486592698863  -169.30265674356551 -210.54000000000002 112.34486592698863  -169.30265674356554 -217.70310000000001 112.34486592698863  -169.30265674356554 -218.11619999999999 112.34486592698863 
 -0.82620000000001081 3 -1.0974171438249413e-14 1 13.499999999999996 1 14.326199999999996 3
7 0 0  2 5 4  -169.66757024819702 -202.96379999999999 111.21059462066867  -169.66757024819702 -203.37689999999998 111.21059462066867  -169.66757024819702 -210.54000000000002 111.21059462066867  -169.66757024819702 -217.70310000000001 111.21059462066867  -169.66757024819702 -218.11619999999999 111.21059462066867 
 -0.82620000000001081 3 -1.0974171438249413e-14 1 13.499999999999996 1 14.326199999999996 3
2 -168.12 -227.84000000000003 107.7400001 1.2246467991473532e-16 1 -2.33486982377251e-16 -1 1.2246467991473532e-16 0 2.8593908561087489e-32 2.33486982377251e-16 1 3.4500000000000002
1 -171.56999999999999 -228.29000000000002 107.7400001 1.2246467991473532e-16 1 -2.33486982377251e-16 
7 0 0  8 65 10  -167.37100917264769 -217.19 111.10771635000415  -167.26865282082963 -217.10438435993325 111.08495197113677  -167.16379682312291 -217.02034437621103 111.05789995490267  -167.05587203857061 -216.93789087281789 111.02601748378038  -166.94440406763184 -216.85732549355339 110.9885907562871  -166.82903138992819 -216.77921275403827 110.9447883257763  -166.70939812309581 -216.70448757275642 110.89347169374301  -166.58523119087064 -216.63437658782317 110.83334914949549  -166.41611441153913 -216.55133903605292 110.740221611278  -166.37594616669185 -216.53247731571156 110.71732496373305  -166.33531583305319 -216.51431392483107 110.69334280416587  -166.29423041665513 -216.4969225911949 110.66821990160494  -166.25270967139446 -216.48038872657025 110.64190361253509  -166.21078682963991 -216.46480793057191 110.61434591721499  -166.16850971982356 -216.45028365039207 110.58550650026461  -166.10738416623732 -216.43109959616652 110.54221256195217  -166.08877214495666 -216.42549695431109 110.52882011565242  -166.07011225000286 -216.42012518325487 110.51517777351424  -166.05141142697352 -216.41499362366892 110.50128446397071  -166.03267754085928 -216.41011171310686 110.48713993450579  -166.01391939266784 -216.40548885464062 110.47274487916341  -165.99514673604833 -216.40113428549586 110.45810106605634  -165.94157386452915 -216.38950083544546 110.41561811399386  -165.9067570553693 -216.38289525501386 110.38717475691109  -165.87199707740584 -216.37729949645654 110.35790702787878  -165.83737633876385 -216.37276665079935 110.3278509252919  -165.80298181024057 -216.36934070661982 110.29705463579872  -165.76890439082251 -216.36705364863684 110.26558035841089  -165.73523827320267 -216.36592255629967 110.23350612861353  -165.67325363912028 -216.36596769434919 110.17260475517526  -165.6448043387617 -216.36686181137827 110.14389418518292  -165.6167951785084 -216.36862915688943 110.11485748632577  -165.58927938469432 -216.37125978965065 110.08555533315115  -165.56230145864166 -216.37473508155892 110.05604717949248  -165.53589799560137 -216.37902907542485 110.02639091703594  -165.51009850369385 -216.38410984275805 109.99664253388664  -165.47211685954522 -216.39290804911025 109.95169824956838  -165.45946912385844 -216.3960697731668 109.93652980374046  -165.44698547881032 -216.39942124125167 109.92135689022211  -165.43466788231325 -216.40295758023223 109.90618555210857  -165.4225177871711 -216.40667381631295 109.89102142101954  -165.41053614107912 -216.41056487503562 109.87586971709925  -165.39872338662403 -216.41462558127938 109.8607352490164  -165.36338139377733 -216.42744966520507 109.81486431694594  -165.34038385605487 -216.43672947233995 109.78419707317326  -165.31808528487977 -216.4466467710767 109.7536557315091  -165.29647843574634 -216.45715869512986 109.72326938479732  -165.27555137119342 -216.46822367380844 109.69306141504956  -165.25528844911778 -216.47980228430811 109.66304973863183  -165.2356713110876 -216.49185810400252 109.63324705145136  -165.17315371816377 -216.5330081470043 109.53585348658514  -165.13294271232039 -216.56397388235712 109.46922920723519  -165.09576365750686 -216.59687750101523 109.40382837748024  -165.06136252596664 -216.63140212448764 109.33966805330402  -165.02950720708847 -216.66728774555764 109.2767391503908  -164.9999831806862 -216.70432838613169 109.21500441991867  -164.97259211427493 -216.74237093095178 109.15439745504229  -164.91600947699223 -216.82899452387636 109.02188709871338  -164.88781732689466 -216.87798568441229 108.95055915600273  -164.86225862809499 -216.92807048931172 108.88070856032269  -164.83908365212037 -216.9790762537624 108.81223421291065  -164.81808763017432 -217.03086624937748 108.74504930469608  -164.79909527796019 -217.0833331469338 108.67907133897884  -164.78195346313444 -217.13639589007801 108.61421712794194  -164.76653201538988 -217.19 108.55040276299853 
 0 9 0.29628808130187168 7 0.38721223226088597 7 0.42685237907974405 7 0.50031334467960087 7 0.56417839478739873 7 0.59667726266300325 7 0.66281993726029265 7 0.81441118443770366 7 1 9
1 -167.37100917264769 -217.79000000000002 111.10771635000415 1.2246467991473532e-16 1 -2.33486982377251e-16 
1 -167.37100917264769 -217.79000000000002 129.22228384999585 1.2246467991473532e-16 1 -2.33486982377251e-16 
8 0 1.3384080825217652
2 -155.91999999999999 -217.19 120.1650001 1.2246467991473535e-16 1 -2.33486982377251e-16 -0.78431569675669044 -4.8795457417263317e-17 -0.62036190068464669 -0.62036190068464669 2.590999268654728e-16 0.78431569675669044 14.6
2 -168.12 -227.83999999999997 132.5900001 1.2246467991473532e-16 1 -2.33486982377251e-16 -1 1.2246467991473532e-16 0 2.8593908561087489e-32 2.33486982377251e-16 1 3.4500000000000002
1 -171.56999999999999 -228.29000000000002 132.5900001 1.2246467991473532e-16 1 -2.33486982377251e-16 
7 0 0  8 65 10  -164.76653201538991 -217.19 131.77959743700148  -164.79106383143139 -217.10472874755629 131.67808412336672  -164.81989464067149 -217.02101632564512 131.57416441265798  -164.85357072601732 -216.93887735953308 131.4672897255482  -164.89280410431729 -216.85861058652949 131.35700657387636  -164.93842147853289 -216.78077240742681 131.24297277435892  -164.9915495870296 -216.70628071553097 131.12485657930907  -165.05346779280262 -216.63634039605859 131.0024072667232  -165.14918734798147 -216.5531276531359 130.83533231481334  -165.17294868435462 -216.53402984499712 130.79524837769316  -165.19782085760505 -216.51563855532322 130.75471323862388  -165.22386059637597 -216.49802905544755 130.71373460418988  -165.25112183415646 -216.48128873555879 130.67233322466222  -165.27965360795019 -216.4655155760463 130.63054360800811  -165.30949686743651 -216.45081574551591 130.58841511728977  -165.35410666965026 -216.43148104748514 130.52775674317823  -165.36778063640904 -216.42588175154287 130.50945066959656  -165.38170376149 -216.42051145966713 130.49110121434973  -165.39587701557895 -216.41537942227723 130.47271523938221  -165.41030054792685 -216.41049498946677 130.4543004992384  -165.42497356081941 -216.40586748227435 130.43586565536086  -165.43989418404669 -216.40150606395525 130.41742029038869  -165.4833651545043 -216.38979224080123 130.36454661395538  -165.51252901878576 -216.38312120141211 130.3301109026616  -165.54252399400005 -216.37746665524503 130.29574516359475  -165.57331252021808 -216.37288256442952 130.26153193073344  -165.60484456393061 -216.36941371713363 130.22755821691777  -165.63705575618013 -216.36709275363319 130.19391483375301  -165.6698655306929 -216.3659371923809 130.16069571151274  -165.73227692665307 -216.36595454947474 130.09942957455746  -165.76176708898359 -216.36685172889236 130.07125254695558  -165.79158129934567 -216.3686382091991 130.04352959249837  -165.82165621343438 -216.37130377648475 130.01631426563773  -165.85192993340095 -216.37482921145642 129.98965108496509  -165.882342348957 -216.37918771283609 129.96357639916067  -165.91283547847905 -216.38434632075877 129.93811925294253  -165.95878146600029 -216.39326053950623 129.90075673972819  -165.97421659153352 -216.39644882829776 129.88837402485126  -165.98965266894049 -216.3998273833526 129.87615642912078  -166.00508360566971 -216.40339128338877 129.86410577345231  -166.02050373439033 -216.40713550903433 129.85222337894126  -166.03590781299209 -216.41105494282749 129.84051006686298  -166.05129102458534 -216.41514436921653 129.82896615867253  -166.09797238698962 -216.42807496187669 129.79439217041016  -166.12918941901887 -216.43743641742986 129.77189802750473  -166.16026489838811 -216.44743894812103 129.75010650970808  -166.19116978027085 -216.45803915678124 129.72900948204966  -166.22188088218394 -216.46919500056009 129.70859420589107  -166.2523806159561 -216.48086664931441 129.68884433264839  -166.28265671969706 -216.49301734399728 129.66974089751437  -166.43302690076428 -216.55606220233898 129.57726452118149  -166.5492463718783 -216.61349628586635 129.51355019734717  -166.6615885865657 -216.67598554930703 129.45827425213636  -166.77012598112438 -216.74221342321812 129.41026431949888  -166.87505520025442 -216.81117806641498 129.36848165489118  -166.97666124830843 -216.88223960748036 129.33210557337003  -167.07537365351794 -216.95504907064128 129.30042490422846  -167.19727133881028 -217.04929087516433 129.26557895958848  -167.22260172370903 -217.06912001783718 129.25858049431849  -167.24775441355217 -217.08904800367264 129.25186725431894  -167.27273408039963 -217.10906955826948 129.24543026838307  -167.29754520241465 -217.12917980790513 129.23926109127132  -167.32219206386381 -217.14937427953583 129.23335180371151  -167.34667875511704 -217.16964890079635 129.22769501239887  -167.37100917264769 -217.19 129.22228384999585 
 0 9 0.29504549690202947 7 0.38681568834371499 7 0.42632879662076539 7 0.50008007588558334 7 0.56451424905936265 7 0.59708707325737054 7 0.66352118177166708 7 0.92957564477922316 7 1 9
1 -164.76653201538991 -217.79000000000002 131.77959743700148 1.2246467991473532e-16 1 -2.33486982377251e-16 
2 -155.91999999999999 -217.19 120.1650001 1.2246467991473532e-16 1 -2.33486982377251e-16 -1 1.2246467991473532e-16 0 2.8593908561087489e-32 2.33486982377251e-16 1 14.6
2 -161.52000000000001 -203.63999999999999 135.86500009999997 2.8593908561087489e-32 2.33486982377251e-16 1 -1.2246467991473532e-16 -1 2.33486982377251e-16 1 -1.2246467991473532e-16 0 0.34999999999999998
2 -160.47 -203.63999999999999 135.86500009999997 -1.2246467991473532e-16 -1 2.33486982377251e-16 -1 1.224646799147365e-16 5.0753052554292927e-15 -5.0753052554292927e-15 -2.3348698237725036e-16 -1 0.69999999999999996
2 -160.47 -203.63999999999999 134.81500009999999 -1 1.2246467991473653e-16 5.1365375953866603e-15 -5.1365375953866603e-15 -2.3348698237725036e-16 -1 -1.2246467991473532e-16 -1 2.33486982377251e-16 0.34999999999999998
8 1.5707963267948966 3.1415926535897931
3 -161.52000000000001 -203.63999999999999 136.7150001 -0.70710678118654757 2.5169583418128745e-16 0.70710678118654757 -0.70710678118654757 -7.8504622934188758e-17 -0.70710678118654757 -1.2246467991473532e-16 -1 2.33486982377251e-16 0.49497474683058329 0.34999999999999998
1 -161.16999999999999 -203.63999999999999 137.06500009999999 -2.8593908561087489e-32 -2.33486982377251e-16 -1 
1 -161.16999999999999 -203.63999999999999 137.06500009999999 -1 1.2246467991473532e-16 0 
2 -168.16999999999999 -203.63999999999999 136.7150001 -1 1.2246467991473532e-16 -8.8369196010906508e-49 -1.2246467991473532e-16 -1 2.33486982377251e-16 2.8593908561087489e-32 2.33486982377251e-16 1 0.34999999999999998
2 -168.16999999999999 -203.63999999999999 132.56500009999999 -1.2246467991473532e-16 -1 2.33486982377251e-16 2.8593908561087489e-32 2.33486982377251e-16 1 -1 1.2246467991473532e-16 0 4.5
2 -172.31999999999999 -203.63999999999999 132.56500009999999 -6.1232339957367685e-17 -2.33486982377251e-16 -1 -1 1.2246467991473535e-16 6.123233995736766e-17 1.2246467991473532e-16 1 -2.33486982377251e-16 0.34999999999999998
1 -172.66999999999999 -203.63999999999999 132.56500009999999 -2.8593908561087489e-32 -2.33486982377251e-16 -1 
2 -172.31999999999999 -203.63999999999999 107.76500010000001 -2.8593908561087489e-32 -2.33486982377251e-16 -1 -1.2246467991473532e-16 -1 2.33486982377251e-16 -1 1.2246467991473532e-16 0 0.34999999999999998
2 -168.16999999999999 -203.63999999999999 107.76500010000001 -1.2246467991473532e-16 -1 2.33486982377251e-16 -1 1.2246467991473532e-16 0 -2.8593908561087489e-32 -2.33486982377251e-16 -1 4.5
2 -168.16999999999999 -203.63999999999999 103.6150001 1 -1.2246467991473535e-16 -6.123233995736766e-17 -6.1232339957367685e-17 -2.33486982377251e-16 -1 1.2246467991473532e-16 1 -2.33486982377251e-16 0.34999999999999998
1 -168.16999999999999 -203.63999999999999 103.26500010000001 1 -1.2246467991473532e-16 0 
8 4.7123889803846897 6.2831853071795862
3 -161.52000000000001 -203.63999999999999 103.6150001 0.70710678118654757 7.8504622934188783e-17 0.70710678118654757 0.70710678118654757 -2.5169583418128745e-16 -0.70710678118654757 1.2246467991473532e-16 1 -2.33486982377251e-16 0.49497474683058329 0.34999999999999998
1 -161.16999999999999 -203.63999999999999 103.26500010000001 2.8593908561087489e-32 2.33486982377251e-16 1 
1 -161.16999999999999 -204.99000000000001 104.4650001 1.2246467991473532e-16 1 -2.33486982377251e-16 
2 -160.47 -202.63999999999999 104.4650001 1.2246467991473532e-16 1 -2.33486982377251e-16 -1 1.2246467991473532e-16 0 2.8593908561087489e-32 2.33486982377251e-16 1 0.69999999999999996
1 -160.47 -204.99000000000001 105.16500009999999 1.2246467991473532e-16 1 -2.33486982377251e-16 
1 -160.47 -202.63999999999999 105.16500009999999 1 -1.2246467991473532e-16 0 
1 -151.37 -204.99000000000001 105.16500009999999 1.2246467991473532e-16 1 -2.33486982377251e-16 
1 -150.66999999999999 -204.99000000000001 104.4650001 1.2246467991473532e-16 1 -2.33486982377251e-16 
2 -151.37 -202.63999999999999 104.4650001 1.2246467991473532e-16 1 -2.33486982377251e-16 -1.2688263138573232e-15 2.3348698237725115e-16 1 1 -1.2246467991473502e-16 1.2688263138573232e-15 0.69999999999999996
1 -150.66999999999999 -203.63999999999999 104.4650001 -2.8593908561087489e-32 -2.33486982377251e-16 -1 
8 3.1415926535897931 4.7123889803846897
3 -150.31999999999999 -203.63999999999999 103.6150001 -0.70710678118654757 2.5169583418128745e-16 0.70710678118654757 0.70710678118654757 7.8504622934188758e-17 0.70710678118654757 1.2246467991473532e-16 1 -2.33486982377251e-16 0.49497474683058329 0.34999999999999998
1 -150.66999999999999 -203.63999999999999 103.26500010000001 1 -1.2246467991473532e-16 0 
2 -143.66999999999999 -203.63999999999999 103.6150001 -1 1.2246467991473532e-16 0 -2.8593908561087489e-32 -2.33486982377251e-16 -1 -1.2246467991473532e-16 -1 2.33486982377251e-16 0.34999999999999998
2 -143.66999999999999 -203.63999999999999 107.76500010000001 -1.2246467991473532e-16 -1 2.33486982377251e-16 3.9474596431116675e-16 -2.3348698237725105e-16 -1 1 -1.2246467991473522e-16 3.947459643111668e-16 4.5
2 -139.52000000000001 -203.63999999999999 107.76500010000001 -1.1057558549626352e-16 -2.33486982377251e-16 -1 1 -1.2246467991473535e-16 -1.1057558549626349e-16 -1.2246467991473532e-16 -1 2.33486982377251e-16 0.34999999999999998
1 -139.16999999999999 -203.63999999999999 107.76500010000001 2.8593908561087489e-32 2.33486982377251e-16 1 
2 -139.52000000000001 -203.63999999999999 132.56500009999999 -2.8593908561087489e-32 -2.33486982377251e-16 -1 1 -1.2246467991473532e-16 0 -1.2246467991473532e-16 -1 2.33486982377251e-16 0.34999999999999998
2 -143.66999999999999 -203.63999999999999 132.56500009999999 -1.2246467991473532e-16 -1 2.33486982377251e-16 1 -1.2246467991473532e-16 0 2.8593908561087489e-32 2.33486982377251e-16 1 4.5
2 -143.66999999999999 -203.63999999999999 136.7150001 1 -1.2246467991473535e-16 -6.123233995736766e-17 6.1232339957367685e-17 2.33486982377251e-16 1 -1.2246467991473532e-16 -1 2.33486982377251e-16 0.34999999999999998
1 -143.66999999999999 -203.63999999999999 137.06500009999999 -1 1.2246467991473532e-16 0 
8 0 1.5707963267948966
3 -150.31999999999999 -203.63999999999999 136.7150001 0.70710678118654757 7.8504622934188783e-17 0.70710678118654757 -0.70710678118654757 2.5169583418128745e-16 0.70710678118654757 -1.2246467991473532e-16 -1 2.33486982377251e-16 0.49497474683058329 0.34999999999999998
2 -150.31999999999999 -203.63999999999999 135.86500009999997 -1.3300586538146973e-15 -2.3348698237725085e-16 -1 1 -1.2246467991473564e-16 -1.3300586538146973e-15 -1.2246467991473532e-16 -1 2.33486982377251e-16 0.34999999999999998
1 -150.66999999999999 -203.63999999999999 135.86500009999997 2.8593908561087489e-32 2.33486982377251e-16 1 
2 -151.37 -203.63999999999999 134.81500009999999 -1 1.2246467991473532e-16 -8.8369196010906508e-49 -1.2246467991473532e-16 -1 2.33486982377251e-16 2.8593908561087489e-32 2.33486982377251e-16 1 0.34999999999999998
2 -151.37 -203.63999999999999 135.86500009999997 -1.2246467991473532e-16 -1 2.33486982377251e-16 -1.2688263138573297e-15 -2.3348698237725085e-16 -1 1 -1.2246467991473562e-16 -1.2688263138573297e-15 0.69999999999999996
1 -160.47 -203.79000000000002 135.13122786601684 1 -1.2246467991473532e-16 0 
1 -160.47 -203.63999999999999 135.16500009999999 1 -1.2246467991473532e-16 0 
7 0 0  7 20 4  -152.91999999999999 -222.9276861633748 130.26500010000001  -152.91999999999999 -222.91089188569845 130.31121804125956  -152.9227690278401 -222.89334296907066 130.3572316496489  -152.92826293486021 -222.87514467644263 130.40287404912215  -152.93643184652288 -222.85641322540869 130.44799355917183  -152.94722498711343 -222.83727493407139 130.49245121344887  -152.96059550443999 -222.81786536690754 130.53611827838276  -153.00155814811083 -222.76756410547313 130.64620006020255  -153.03288853978484 -222.73650764740552 130.71121486073699  -153.07035705443531 -222.70569105190339 130.77352217810738  -153.11387301068518 -222.6757592100077 130.83262842122366  -153.16332267851658 -222.64748714712158 130.88795199242293  -153.21855144611672 -222.62179550707668 130.93881684979425  -153.34334632567771 -222.57626664333503 131.03261084472439  -153.41369307729929 -222.55677429150637 131.07506381780314  -153.48956550934113 -222.54249604188561 131.1105083383014  -153.56984086502919 -222.5346350376625 131.13780938955449  -153.65301622901143 -222.53397312417542 131.15610158681341  -153.73714626359973 -222.5403019453849 131.16500010000001  -153.81999999999999 -222.55256216209233 131.16500010000001 
 0 8 0.23604801829596692 6 0.60774848729609865 6 1 8
1 -153.81999999999999 -223.79000000000002 131.16500009999999 1.2246467991473532e-16 1 -2.33486982377251e-16 
1 -157.52000000000001 -223.79000000000002 131.16500009999999 1.2246467991473532e-16 1 -2.33486982377251e-16 
1 -153.81999999999999 -223.79000000000002 131.16500009999999 1.2246467991473532e-16 1 -2.33486982377251e-16 
1 -157.52000000000001 -221.83999999999997 131.16500009999999 1 -1.2246467991473532e-16 0 
1 -157.52000000000001 -223.79000000000002 131.16500009999999 1.2246467991473532e-16 1 -2.33486982377251e-16 
7 0 0  7 20 4  -157.52000000000001 -222.61523171408942 131.16500010000001  -157.59692189934464 -222.60721830020952 131.16500010000001  -157.67457942153868 -222.60407392518454 131.15733002890562  -157.75133138945685 -222.60636113557621 131.14172517492838  -157.82574855339919 -222.61407796147466 131.11849016005857  -157.89670037208759 -222.62665312361685 131.08824355487229  -157.96331983424719 -222.64326365507941 131.05177693456238  -158.08735449774801 -222.68296952831412 130.96769904882856  -158.14471759789822 -222.70615655728693 130.91992408762724  -158.19668858471519 -222.73172452545452 130.86736528586621  -158.24301784591171 -222.75884216551032 130.81067739356405  -158.28353004318228 -222.78677284219953 130.750443822416  -158.31807225921972 -222.81490060340622 130.68717077437896  -158.36709861964226 -222.86288226638482 130.57344478537175  -158.38447565350796 -222.8828834310529 130.52424781087808  -158.39853592807754 -222.90249211957075 130.47388183482542  -158.40919823172035 -222.92151212691914 130.42254604009446  -158.41637873430997 -222.93976292800272 130.37045706415938  -158.41999999999999 -222.95708265544471 130.31785345049764  -158.41999999999999 -222.97333107738098 130.26500010000001 
 0 8 0.36420094787343482 6 0.73253460305836637 6 1 8
2 -155.92000000000002 -217.24000000000001 137.76500010000001 -1.1102230246251563e-16 2.33486982377251e-16 1 1 -1.224646799147353e-16 1.1102230246251565e-16 1.2246467991473532e-16 1 -2.33486982377251e-16 7.3499999999999996
1 -149.81999999999999 -217.24000000000001 136.16500009999999 0.6156440419723147 1.0859878251911808e-16 0.7880243737245638 
2 -146.72 -227.83999999999997 132.5900001 2.8593908561087489e-32 2.33486982377251e-16 1 -1 1.2246467991473532e-16 0 -1.2246467991473532e-16 -1 2.33486982377251e-16 0.45000000000000001
2 -143.72 -228.29000000000002 132.5900001 1.2246467991473532e-16 1 -2.33486982377251e-16 -1 1.2246467991473532e-16 0 2.8593908561087489e-32 2.33486982377251e-16 1 3
2 -146.72 -227.84000000000003 107.7400001 2.8593908561087489e-32 2.33486982377251e-16 1 -1 1.2246467991473532e-16 0 -1.2246467991473532e-16 -1 2.33486982377251e-16 0.45000000000000001
2 -143.72 -228.29000000000002 107.7400001 1.2246467991473532e-16 1 -2.33486982377251e-16 -1 1.2246467991473532e-16 0 2.8593908561087489e-32 2.33486982377251e-16 1 3
2 -153.81999999999999 -221.83999999999997 130.26500010000001 1.2246467991473532e-16 1 -2.33486982377251e-16 2.8593908561087489e-32 2.33486982377251e-16 1 1 -1.2246467991473532e-16 0 0.90000000000000002
8 0 1.0876861633747898
1 -152.91999999999999 -221.83999999999997 130.26500010000001 -1.2246467991473532e-16 -1 2.33486982377251e-16 
1 -152.91999999999999 -223.79000000000002 126.8650001 1.2246467991473532e-16 1 -2.33486982377251e-16 
1 -152.91999999999999 -223.09000000000003 123.06500009999999 2.8593908561087489e-32 2.33486982377251e-16 1 
8 0 3.4000000000000012
1 -152.91999999999999 -221.83999999999997 130.26500010000001 1.3061447348531246e-16 -2.33486982377251e-16 -1 
1 -158.41999999999999 -223.09000000000003 123.06500009999999 2.8593908561087489e-32 2.33486982377251e-16 1 
2 -157.52000000000001 -223.08999999999997 126.8650001 1.2246467991473532e-16 1 -2.33486982377251e-16 -1 1.2246467991473532e-16 0 2.8593908561087489e-32 2.33486982377251e-16 1 0.90000000000000002
1 -154.41999999999999 -223.08999999999997 125.96500010000001 1 -1.2246467991473532e-16 0 
2 -153.81999999999999 -223.08999999999997 126.8650001 1.2246467991473532e-16 1 -2.33486982377251e-16 1 -1.2246467991473532e-16 0 -2.8593908561087489e-32 -2.33486982377251e-16 -1 0.90000000000000002
2 -155.91999999999999 -217.24000000000001 101.76500010000001 2.3348698237725095e-16 -2.3348698237725105e-16 -1 -1 1.2246467991473527e-16 -2.33486982377251e-16 1.2246467991473532e-16 1 -2.33486982377251e-16 7.5999999999999996
1 -163.26999999999998 -217.24000000000001 102.56500009999999 -0.29827499313594757 -1.8633049824994016e-16 -0.9544799780350296 
2 -171.12 -227.84000000000003 107.7400001 2.8593908561087489e-32 2.33486982377251e-16 1 -1 1.2246467991473532e-16 0 -1.2246467991473532e-16 -1 2.33486982377251e-16 0.45000000000000001
2 -168.12 -228.29000000000002 107.7400001 1.2246467991473532e-16 1 -2.33486982377251e-16 -1 1.2246467991473532e-16 0 2.8593908561087489e-32 2.33486982377251e-16 1 3
2 -171.12 -227.83999999999997 132.5900001 2.8593908561087489e-32 2.33486982377251e-16 1 -1 1.2246467991473532e-16 0 -1.2246467991473532e-16 -1 2.33486982377251e-16 0.45000000000000001
2 -168.12 -228.29000000000002 132.5900001 1.2246467991473532e-16 1 -2.33486982377251e-16 -1 1.2246467991473532e-16 0 2.8593908561087489e-32 2.33486982377251e-16 1 3
1 -161.16999999999999 -204.99000000000001 135.86500009999997 1.2246467991473532e-16 1 -2.33486982377251e-16 
2 -160.47 -202.63999999999999 135.86500009999997 -1.2246467991473532e-16 -1 2.33486982377251e-16 -1 1.224646799147365e-16 5.0753052554292927e-15 -5.0753052554292927e-15 -2.3348698237725036e-16 -1 0.69999999999999996
1 -160.47 -204.99000000000001 135.16500009999999 1.2246467991473532e-16 1 -2.33486982377251e-16 
1 -161.16999999999999 -204.49000000000001 137.06500009999999 -1.2246467991473532e-16 -1 2.33486982377251e-16 
1 -161.16999999999999 -202.63999999999999 137.06500009999999 -2.8593908561087489e-32 -2.33486982377251e-16 -1 
1 -168.16999999999999 -203.99000000000001 137.06500009999999 1.2246467991473532e-16 1 -2.33486982377251e-16 
1 -161.16999999999999 -202.63999999999999 137.06500009999999 -1 1.2246467991473532e-16 0 
1 -172.66999999999999 -203.99000000000001 132.56500009999999 1.2246467991473532e-16 1 -2.33486982377251e-16 
2 -168.16999999999999 -202.63999999999999 132.56500009999999 -1.2246467991473532e-16 -1 2.33486982377251e-16 2.8593908561087489e-32 2.33486982377251e-16 1 -1 1.2246467991473532e-16 0 4.5
1 -172.66999999999999 -203.99000000000001 107.76500010000001 1.2246467991473532e-16 1 -2.33486982377251e-16 
1 -172.66999999999999 -202.63999999999999 132.56500009999999 -2.8593908561087489e-32 -2.33486982377251e-16 -1 
2 -168.16999999999999 -202.63999999999999 107.76500010000001 -1.2246467991473532e-16 -1 2.33486982377251e-16 -1 1.2246467991473532e-16 0 -2.8593908561087489e-32 -2.33486982377251e-16 -1 4.5
1 -168.16999999999999 -203.99000000000001 103.26500010000001 1.2246467991473532e-16 1 -2.33486982377251e-16 
1 -168.16999999999999 -202.63999999999999 103.26500010000001 1 -1.2246467991473532e-16 0 
1 -161.16999999999999 -204.49000000000001 103.26500010000001 -1.2246467991473532e-16 -1 2.33486982377251e-16 
1 -161.16999999999999 -202.63999999999999 103.26500010000001 2.8593908561087489e-32 2.33486982377251e-16 1 
2 -161.52000000000001 -202.63999999999999 104.4650001 -2.8593908561087489e-32 -2.33486982377251e-16 -1 1.2246467991473532e-16 1 -2.33486982377251e-16 1 -1.2246467991473532e-16 0 0.34999999999999998
2 -160.47 -202.29000000000002 104.4650001 1.2246467991473532e-16 1 -2.33486982377251e-16 -1 1.2246467991473532e-16 0 2.8593908561087489e-32 2.33486982377251e-16 1 1.0499999999999998
2 -160.47 -202.63999999999999 105.51500010000001 -1 1.224646799147353e-16 -6.123233995736766e-17 -6.1232339957367636e-17 2.33486982377251e-16 1 1.2246467991473532e-16 1 -2.33486982377251e-16 0.34999999999999998
1 -160.47 -202.29000000000002 105.51500009999999 1 -1.2246467991473532e-16 0 
2 -151.37 -202.63999999999999 105.51500009999999 -1 1.2246467991473532e-16 -8.8369196010906508e-49 1.2246467991473532e-16 1 -2.33486982377251e-16 -2.8593908561087489e-32 -2.33486982377251e-16 -1 0.34999999999999998
1 -150.66999999999999 -202.63999999999999 104.4650001 -2.8593908561087489e-32 -2.33486982377251e-16 -1 
1 -150.66999999999999 -204.49000000000001 103.26500010000001 -1.2246467991473532e-16 -1 2.33486982377251e-16 
2 -151.37 -202.29000000000002 104.4650001 1.2246467991473532e-16 1 -2.33486982377251e-16 -1.2688263138573232e-15 2.3348698237725115e-16 1 1 -1.2246467991473502e-16 1.2688263138573232e-15 1.0499999999999998
2 -150.31999999999999 -202.63999999999999 104.4650001 -1.3300586538146907e-15 2.3348698237725115e-16 1 1 -1.22464679914735e-16 1.3300586538146907e-15 1.2246467991473532e-16 1 -2.33486982377251e-16 0.34999999999999998
1 -150.66999999999999 -202.63999999999999 103.26500010000001 1 -1.2246467991473532e-16 0 
1 -143.66999999999999 -203.99000000000001 103.26500010000001 1.2246467991473532e-16 1 -2.33486982377251e-16 
1 -139.16999999999999 -203.99000000000001 107.76500010000001 1.2246467991473532e-16 1 -2.33486982377251e-16 
2 -143.66999999999999 -202.63999999999999 107.76500010000001 -1.2246467991473532e-16 -1 2.33486982377251e-16 3.9474596431116675e-16 -2.3348698237725105e-16 -1 1 -1.2246467991473522e-16 3.947459643111668e-16 4.5
1 -139.16999999999999 -202.63999999999999 107.76500010000001 2.8593908561087489e-32 2.33486982377251e-16 1 
1 -139.16999999999999 -203.99000000000001 132.56500009999999 1.2246467991473532e-16 1 -2.33486982377251e-16 
2 -143.66999999999999 -202.63999999999999 132.56500009999999 -1.2246467991473532e-16 -1 2.33486982377251e-16 1 -1.2246467991473532e-16 0 2.8593908561087489e-32 2.33486982377251e-16 1 4.5
1 -143.66999999999999 -203.99000000000001 137.06500009999999 1.2246467991473532e-16 1 -2.33486982377251e-16 
1 -150.66999999999999 -204.49000000000001 137.06500009999999 -1.2246467991473532e-16 -1 2.33486982377251e-16 
1 -143.66999999999999 -202.63999999999999 137.06500009999999 -1 1.2246467991473532e-16 0 
1 -150.66999999999999 -202.63999999999999 135.86500009999997 2.8593908561087489e-32 2.33486982377251e-16 1 
1 -150.66999999999999 -204.99000000000001 135.86500009999997 1.2246467991473532e-16 1 -2.33486982377251e-16 
2 -151.37 -202.63999999999999 135.86500009999997 -1.2246467991473532e-16 -1 2.33486982377251e-16 -1.2688263138573297e-15 -2.3348698237725085e-16 -1 1 -1.2246467991473562e-16 -1.2688263138573297e-15 0.69999999999999996
1 -151.37 -204.99000000000001 135.16500009999999 1.2246467991473532e-16 1 -2.33486982377251e-16 
1 -160.47 -202.63999999999999 135.16500009999999 1 -1.2246467991473532e-16 0 
8 0 1.1333310773810013
1 -158.41999999999999 -222.97333107738098 130.26500010000001 5.1430888035464748e-16 1 -2.33486982377251e-16 
2 -157.52000000000001 -221.83999999999997 130.26500010000001 1.2246467991473532e-16 1 -2.33486982377251e-16 -1 1.2246467991473532e-16 0 2.8593908561087489e-32 2.33486982377251e-16 1 0.90000000000000002
1 -158.41999999999999 -223.79000000000002 126.8650001 1.2246467991473532e-16 1 -2.33486982377251e-16 
8 0 3.4000000000000004
1 -158.41999999999999 -221.83999999999997 126.8650001 2.8593908561087489e-32 2.33486982377251e-16 1 
2 -155.92000000000002 -217.24000000000001 138.56500010000002 -1.1102230246251563e-16 2.33486982377251e-16 1 1 -1.224646799147353e-16 1.1102230246251565e-16 1.2246467991473532e-16 1 -2.33486982377251e-16 7.5999999999999996
1 -148.56999999999999 -217.24000000000001 137.76500010000001 0.29827499313594763 1.8633049824994011e-16 0.95447997803502949 
2 -143.72 -228.29000000000002 132.5900001 -1.2246467991473532e-16 -1 2.33486982377251e-16 -1 1.2246467991473532e-16 0 -2.8593908561087489e-32 -2.33486982377251e-16 -1 1.6000000000000001
2 -143.72 -228.29000000000002 107.7400001 -1.2246467991473532e-16 -1 2.33486982377251e-16 -1 1.2246467991473532e-16 0 -2.8593908561087489e-32 -2.33486982377251e-16 -1 1.6000000000000001
2 -153.81999999999999 -221.83999999999997 126.8650001 1.2246467991473532e-16 1 -2.33486982377251e-16 1 -1.2246467991473532e-16 0 -2.8593908561087489e-32 -2.33486982377251e-16 -1 0.90000000000000002
1 -153.81999999999999 -223.79000000000002 125.96500010000001 1.2246467991473532e-16 1 -2.33486982377251e-16 
8 0 3.4000000000000012
1 -153.37 -221.38999999999999 130.26500010000001 1.3061447348531244e-16 -4.9471592934787593e-16 -1 
2 -153.37 -221.83999999999997 130.26500010000001 6.1232339957367636e-17 -2.33486982377251e-16 -1 1 -1.224646799147353e-16 6.123233995736766e-17 -1.2246467991473532e-16 -1 2.33486982377251e-16 0.45000000000000001
2 -153.37 -221.83999999999997 126.8650001 -2.8593908561087489e-32 -2.33486982377251e-16 -1 1.2246467991473532e-16 1 -2.33486982377251e-16 1 -1.2246467991473532e-16 0 0.45000000000000001
1 -157.52000000000001 -223.79000000000002 125.96500010000001 1.2246467991473532e-16 1 -2.33486982377251e-16 
1 -153.81999999999999 -221.83999999999997 125.96500010000001 -1 1.2246467991473532e-16 0 
2 -157.52000000000001 -221.83999999999997 126.8650001 1.2246467991473532e-16 1 -2.33486982377251e-16 -7.4014868308343733e-16 -2.334869823772509e-16 -1 -1 1.2246467991473549e-16 7.4014868308343733e-16 0.90000000000000002
2 -155.91999999999999 -217.24000000000001 94.365000100000003 2.3348698237725095e-16 -2.3348698237725105e-16 -1 -1 1.2246467991473527e-16 -2.33486982377251e-16 1.2246467991473532e-16 1 -2.33486982377251e-16 7.5999999999999996
1 -163.51999999999998 -217.24000000000001 101.76500010000001 2.3348698237725095e-16 -2.3348698237725105e-16 -1 
2 -168.12 -228.29000000000002 107.7400001 -1.2246467991473532e-16 -1 2.33486982377251e-16 -1 1.2246467991473532e-16 0 -2.8593908561087489e-32 -2.33486982377251e-16 -1 1.6000000000000001
2 -168.12 -228.29000000000002 132.5900001 -1.2246467991473532e-16 -1 2.33486982377251e-16 -1 1.2246467991473532e-16 0 -2.8593908561087489e-32 -2.33486982377251e-16 -1 1.6000000000000001
2 -161.52000000000001 -202.63999999999999 135.86500009999997 -2.8593908561087489e-32 -2.33486982377251e-16 -1 1.2246467991473532e-16 1 -2.33486982377251e-16 1 -1.2246467991473532e-16 0 0.34999999999999998
2 -160.47 -202.29000000000002 135.86500009999997 -1.2246467991473532e-16 -1 2.33486982377251e-16 -1 1.224646799147365e-16 5.0753052554292927e-15 -5.0753052554292927e-15 -2.3348698237725036e-16 -1 1.0499999999999998
2 -160.47 -202.63999999999999 134.81500009999999 1 -1.2246467991473653e-16 -5.1365375953866603e-15 -5.1365375953866603e-15 -2.3348698237725036e-16 -1 1.2246467991473532e-16 1 -2.33486982377251e-16 0.34999999999999998
8 1.5707963267948966 3.1415926535897931
3 -161.52000000000001 -202.63999999999999 136.7150001 0.70710678118654757 -2.5169583418128745e-16 -0.70710678118654757 -0.70710678118654757 -7.8504622934188758e-17 -0.70710678118654757 1.2246467991473532e-16 1 -2.33486982377251e-16 0.49497474683058329 0.34999999999999998
1 -161.52000000000001 -202.29000000000002 137.06500009999999 -2.8593908561087489e-32 -2.33486982377251e-16 -1 
1 -161.16999999999999 -202.29000000000002 136.7150001 -1 1.2246467991473532e-16 0 
2 -168.16999999999999 -202.63999999999999 136.7150001 1 -1.2246467991473532e-16 8.8369196010906508e-49 1.2246467991473532e-16 1 -2.33486982377251e-16 2.8593908561087489e-32 2.33486982377251e-16 1 0.34999999999999998
2 -168.16999999999999 -202.29000000000002 132.56500009999999 -1.2246467991473532e-16 -1 2.33486982377251e-16 2.8593908561087489e-32 2.33486982377251e-16 1 -1 1.2246467991473532e-16 0 4.1500000000000004
2 -172.31999999999999 -202.63999999999999 132.56500009999999 6.1232339957367685e-17 2.33486982377251e-16 1 -1 1.2246467991473535e-16 6.123233995736766e-17 -1.2246467991473532e-16 -1 2.33486982377251e-16 0.34999999999999998
1 -172.31999999999999 -202.29000000000002 132.56500009999999 -2.8593908561087489e-32 -2.33486982377251e-16 -1 
2 -172.31999999999999 -202.63999999999999 107.76500010000001 2.8593908561087489e-32 2.33486982377251e-16 1 1.2246467991473532e-16 1 -2.33486982377251e-16 -1 1.2246467991473532e-16 0 0.34999999999999998
2 -168.16999999999999 -202.29000000000002 107.76500010000001 -1.2246467991473532e-16 -1 2.33486982377251e-16 -1 1.2246467991473532e-16 0 -2.8593908561087489e-32 -2.33486982377251e-16 -1 4.1500000000000004
2 -168.16999999999999 -202.63999999999999 103.6150001 -1 1.2246467991473535e-16 6.123233995736766e-17 -6.1232339957367685e-17 -2.33486982377251e-16 -1 -1.2246467991473532e-16 -1 2.33486982377251e-16 0.34999999999999998
1 -168.16999999999999 -202.29000000000002 103.6150001 1 -1.2246467991473532e-16 0 
8 4.7123889803846897 6.2831853071795862
3 -161.52000000000001 -202.63999999999999 103.6150001 -0.70710678118654757 -7.8504622934188783e-17 -0.70710678118654757 0.70710678118654757 -2.5169583418128745e-16 -0.70710678118654757 -1.2246467991473532e-16 -1 2.33486982377251e-16 0.49497474683058329 0.34999999999999998
1 -161.52000000000001 -202.29000000000002 103.26500010000001 2.8593908561087489e-32 2.33486982377251e-16 1 
1 -150.66999999999999 -202.29000000000002 103.6150001 1 -1.2246467991473532e-16 0 
1 -150.31999999999999 -202.29000000000002 104.4650001 -2.8593908561087489e-32 -2.33486982377251e-16 -1 
2 -143.66999999999999 -202.29000000000002 107.76500010000001 -1.2246467991473532e-16 -1 2.33486982377251e-16 3.9474596431116675e-16 -2.3348698237725105e-16 -1 1 -1.2246467991473522e-16 3.947459643111668e-16 4.1500000000000004
1 -139.52000000000001 -202.29000000000002 107.76500010000001 2.8593908561087489e-32 2.33486982377251e-16 1 
2 -143.66999999999999 -202.29000000000002 132.56500009999999 -1.2246467991473532e-16 -1 2.33486982377251e-16 1 -1.2246467991473532e-16 0 2.8593908561087489e-32 2.33486982377251e-16 1 4.1500000000000004
1 -143.66999999999999 -202.29000000000002 136.7150001 -1 1.2246467991473532e-16 0 
1 -150.31999999999999 -202.29000000000002 135.86500009999997 2.8593908561087489e-32 2.33486982377251e-16 1 
2 -151.37 -202.29000000000002 135.86500009999997 -1.2246467991473532e-16 -1 2.33486982377251e-16 -1.2688263138573297e-15 -2.3348698237725085e-16 -1 1 -1.2246467991473562e-16 -1.2688263138573297e-15 1.0499999999999998
1 -160.47 -202.29000000000002 134.81500009999999 1 -1.2246467991473532e-16 0 
8 3.1415926535897931 4.7123889803846897
3 -150.31999999999999 -202.63999999999999 103.6150001 0.70710678118654757 -2.5169583418128745e-16 -0.70710678118654757 0.70710678118654757 7.8504622934188758e-17 0.70710678118654757 -1.2246467991473532e-16 -1 2.33486982377251e-16 0.49497474683058329 0.34999999999999998
2 -143.66999999999999 -202.63999999999999 103.6150001 1 -1.2246467991473532e-16 0 -2.8593908561087489e-32 -2.33486982377251e-16 -1 1.2246467991473532e-16 1 -2.33486982377251e-16 0.34999999999999998
2 -139.52000000000001 -202.63999999999999 107.76500010000001 1.1057558549626352e-16 2.33486982377251e-16 1 1 -1.2246467991473535e-16 -1.1057558549626349e-16 1.2246467991473532e-16 1 -2.33486982377251e-16 0.34999999999999998
2 -139.52000000000001 -202.63999999999999 132.56500009999999 2.8593908561087489e-32 2.33486982377251e-16 1 1 -1.2246467991473532e-16 0 1.2246467991473532e-16 1 -2.33486982377251e-16 0.34999999999999998
2 -143.66999999999999 -202.63999999999999 136.7150001 -1 1.2246467991473535e-16 6.123233995736766e-17 6.1232339957367685e-17 2.33486982377251e-16 1 1.2246467991473532e-16 1 -2.33486982377251e-16 0.34999999999999998
8 0 1.5707963267948966
3 -150.31999999999999 -202.63999999999999 136.7150001 -0.70710678118654757 -7.8504622934188783e-17 -0.70710678118654757 -0.70710678118654757 2.5169583418128745e-16 0.70710678118654757 1.2246467991473532e-16 1 -2.33486982377251e-16 0.49497474683058329 0.34999999999999998
2 -150.31999999999999 -202.63999999999999 135.86500009999997 1.3300586538146973e-15 2.3348698237725085e-16 1 1 -1.2246467991473564e-16 -1.3300586538146973e-15 1.2246467991473532e-16 1 -2.33486982377251e-16 0.34999999999999998
2 -151.37 -202.63999999999999 134.81500009999999 1 -1.2246467991473532e-16 8.8369196010906508e-49 1.2246467991473532e-16 1 -2.33486982377251e-16 2.8593908561087489e-32 2.33486982377251e-16 1 0.34999999999999998
2 -153.81999999999999 -221.83999999999997 130.7150001 1 -1.2246467991473532e-16 8.8369196010906508e-49 1.2246467991473532e-16 1 -2.33486982377251e-16 2.8593908561087489e-32 2.33486982377251e-16 1 0.45000000000000001
2 -153.81999999999999 -221.38999999999999 130.26500010000001 1.2246467991473532e-16 1 -2.33486982377251e-16 2.8593908561087489e-32 2.33486982377251e-16 1 1 -1.2246467991473532e-16 0 0.45000000000000001
2 -157.52000000000001 -221.83999999999997 130.7150001 1 -1.224646799147353e-16 6.123233995736766e-17 -6.1232339957367636e-17 2.33486982377251e-16 1 -1.2246467991473532e-16 -1 2.33486982377251e-16 0.45000000000000001
1 -157.52000000000001 -221.38999999999999 130.7150001 1 -1.2246467991473532e-16 0 
2 -157.97 -221.83999999999997 130.26500010000001 2.8593908561087489e-32 2.33486982377251e-16 1 -1 1.2246467991473532e-16 0 -1.2246467991473532e-16 -1 2.33486982377251e-16 0.45000000000000001
2 -157.52000000000001 -221.38999999999999 130.26500010000001 1.2246467991473532e-16 1 -2.33486982377251e-16 -1 1.2246467991473532e-16 0 2.8593908561087489e-32 2.33486982377251e-16 1 0.45000000000000001
8 0 3.4000000000000012
1 -157.97 -221.38999999999999 126.8650001 6.0585227936308444e-32 4.9471592934787593e-16 1 
2 -157.97 -221.83999999999997 126.8650001 4.5687173820103835e-16 2.3348698237725095e-16 1 -1 1.2246467991473542e-16 4.5687173820103835e-16 -1.2246467991473532e-16 -1 2.33486982377251e-16 0.45000000000000001
2 -155.92000000000002 -217.24000000000001 145.9650001 -1.1102230246251563e-16 2.33486982377251e-16 1 1 -1.224646799147353e-16 1.1102230246251565e-16 1.2246467991473532e-16 1 -2.33486982377251e-16 7.5999999999999996
1 -148.31999999999999 -217.24000000000001 138.56500010000002 -1.1102230246251563e-16 2.33486982377251e-16 1 
1 -145.31999999999999 -228.38999999999999 132.5900001 1.2246467991473532e-16 1 -2.33486982377251e-16 
2 -143.72 -225.29000000000002 132.5900001 1.2246467991473532e-16 1 -2.33486982377251e-16 -1 1.2246467991473532e-16 0 2.8593908561087489e-32 2.33486982377251e-16 1 1.6000000000000001
1 -145.31999999999999 -228.39000000000004 107.7400001 1.2246467991473532e-16 1 -2.33486982377251e-16 
2 -143.72 -225.29000000000002 107.7400001 1.2246467991473532e-16 1 -2.33486982377251e-16 -1 1.2246467991473532e-16 0 2.8593908561087489e-32 2.33486982377251e-16 1 1.6000000000000001
2 -153.81999999999999 -221.38999999999999 126.8650001 1.2246467991473532e-16 1 -2.33486982377251e-16 1 -1.2246467991473532e-16 0 -2.8593908561087489e-32 -2.33486982377251e-16 -1 0.45000000000000001
2 -153.81999999999999 -221.83999999999997 126.4150001 -1 1.224646799147353e-16 -6.123233995736766e-17 6.1232339957367636e-17 -2.33486982377251e-16 -1 -1.2246467991473532e-16 -1 2.33486982377251e-16 0.45000000000000001
1 -153.81999999999999 -221.38999999999999 126.4150001 -1 1.2246467991473532e-16 0 
2 -157.52000000000001 -221.38999999999999 126.8650001 1.2246467991473532e-16 1 -2.33486982377251e-16 -7.4014868308343733e-16 -2.334869823772509e-16 -1 -1 1.2246467991473549e-16 7.4014868308343733e-16 0.45000000000000001
2 -157.52000000000001 -221.83999999999997 126.4150001 -1 1.2246467991473532e-16 -8.8369196010906508e-49 1.2246467991473532e-16 1 -2.33486982377251e-16 -2.8593908561087489e-32 -2.33486982377251e-16 -1 0.45000000000000001
2 -155.91999999999999 -217.24000000000001 93.6650001 2.3348698237725095e-16 -2.3348698237725105e-16 -1 -1 1.2246467991473527e-16 -2.33486982377251e-16 1.2246467991473532e-16 1 -2.33486982377251e-16 7.25
1 -163.51999999999998 -217.24000000000001 94.365000100000003 0.44721359549995815 -2.6360497560915171e-16 -0.89442719099991586 
1 -169.72 -228.39000000000004 107.7400001 1.2246467991473532e-16 1 -2.33486982377251e-16 
2 -168.12 -225.29000000000002 107.7400001 1.2246467991473532e-16 1 -2.33486982377251e-16 -1 1.2246467991473532e-16 0 2.8593908561087489e-32 2.33486982377251e-16 1 1.6000000000000001
1 -169.72 -228.38999999999999 132.5900001 1.2246467991473532e-16 1 -2.33486982377251e-16 
2 -168.12 -225.29000000000002 132.5900001 1.2246467991473532e-16 1 -2.33486982377251e-16 -1 1.2246467991473532e-16 0 2.8593908561087489e-32 2.33486982377251e-16 1 1.6000000000000001
2 -155.92000000000002 -217.24000000000001 146.66500009999999 -1.1102230246251563e-16 2.33486982377251e-16 1 1 -1.224646799147353e-16 1.1102230246251565e-16 1.2246467991473532e-16 1 -2.33486982377251e-16 7.25
1 -148.31999999999999 -217.24000000000001 145.9650001 -0.44721359549995804 2.6360497560915171e-16 0.89442719099991586 
2 -155.91999999999999 -217.24000000000001 93.6650001 1.224646799147353e-16 -2.33486982377251e-16 -1 1.2246467991473532e-16 1 -2.33486982377251e-16 1 -1.224646799147353e-16 1.2246467991473532e-16 4.9000000000000004
2 -155.91999999999999 -217.24000000000001 146.66500009999999 2.8593908561087489e-32 2.33486982377251e-16 1 1.2246467991473532e-16 1 -2.33486982377251e-16 -1 1.2246467991473532e-16 0 4.9000000000000004
2 -155.91999999999999 -217.24000000000001 93.365000100000003 1.224646799147353e-16 -2.33486982377251e-16 -1 1.2246467991473532e-16 1 -2.33486982377251e-16 1 -1.224646799147353e-16 1.2246467991473532e-16 4.9000000000000004
1 -155.91999999999999 -212.34000000000003 93.865000100000003 1.224646799147353e-16 -2.33486982377251e-16 -1 
2 -155.91999999999999 -217.24000000000001 93.365000100000003 1.224646799147353e-16 -2.33486982377251e-16 -1 1.2246467991473532e-16 1 -2.33486982377251e-16 1 -1.224646799147353e-16 1.2246467991473532e-16 4.9000000000000004
1 -152.166382228717 -214.09034071253598 93.865000100000003 1.224646799147353e-16 -2.33486982377251e-16 -1 
2 -155.91999999999999 -217.24000000000001 92.059949074278322 -1.224646799147353e-16 2.33486982377251e-16 1 -1.2246467991473532e-16 -1 2.33486982377251e-16 1 -1.224646799147353e-16 1.2246467991473532e-16 4.9000000000000004
1 -152.77034071253595 -220.99361777128303 93.865000100000003 1.224646799147353e-16 -2.33486982377251e-16 -1 
1 -155.91999999999999 -212.33999999999997 146.4650001 2.8593908561087489e-32 2.33486982377251e-16 1 
2 -155.91999999999999 -217.24000000000001 148.27005112572169 -2.8593908561087489e-32 -2.33486982377251e-16 -1 -1.2246467991473532e-16 -1 2.33486982377251e-16 -1 1.2246467991473532e-16 0 4.9000000000000004
1 -160.52449384185095 -215.56410129770421 146.4650001 2.8593908561087489e-32 2.33486982377251e-16 1 
2 -155.91999999999999 -217.24000000000001 146.9650001 2.8593908561087489e-32 2.33486982377251e-16 1 1.2246467991473532e-16 1 -2.33486982377251e-16 -1 1.2246467991473532e-16 0 4.9000000000000004
1 -152.166382228717 -214.09034071253598 146.4650001 2.8593908561087489e-32 2.33486982377251e-16 1 
2 -155.91999999999999 -217.24000000000001 148.27005112572169 -2.8593908561087489e-32 -2.33486982377251e-16 -1 -1.2246467991473532e-16 -1 2.33486982377251e-16 -1 1.2246467991473532e-16 0 4.9000000000000004
1 -150.7492000089469 -212.90118363461585 93.365000100000003 -0.76604444311897746 -0.64278760968654014 1.5008253929519652e-16 
2 -155.91999999999999 -217.24000000000001 93.365000100000003 -3.0084510425890187e-32 -2.3348698237725095e-16 -1 0.64278760968653936 -0.76604444311897812 1.7886140539071187e-16 -0.76604444311897812 -0.64278760968653936 1.5008253929519632e-16 6.75
1 -152.8346194735046 -220.91701332697113 93.365000100000003 0.64278760968653914 -0.76604444311897824 1.7886140539071187e-16 
2 -152.20468445087295 -214.12248009302027 91.815000099999992 -0.64278760968654014 0.76604444311897746 -1.7886140539071172e-16 0.76604444311897746 0.64278760968654014 -1.5008253929519652e-16 -2.8593908561087489e-32 -2.33486982377251e-16 -1 0.25
1 -150.7492000089469 -212.90118363461585 91.965000099999997 -0.76604444311897746 -0.64278760968654014 1.5008253929519652e-16 
1 -150.7492000089469 -212.90118363461585 93.365000100000003 -2.8593908561087489e-32 -2.33486982377251e-16 -1 
8 0 1.8675022996339321
2 -155.91999999999999 -217.24000000000001 91.965000099999997 -2.8377219202148678e-32 -2.3348698237725095e-16 -1 -0.83867056794542405 0.5446390350150272 -1.271661247705166e-16 0.5446390350150272 0.83867056794542405 -1.9581866011819231e-16 5.049999999999998
2 -159.9875522545353 -214.59850068017715 91.815000099999992 -0.54463903501502731 -0.83867056794542394 1.9581866011819231e-16 -0.83867056794542394 0.54463903501502731 -1.2716612477051663e-16 -2.8593908561087489e-32 -2.33486982377251e-16 -1 0.25
8 0 5.742133239061344
2 -155.91999999999999 -217.24000000000001 91.815000099999992 2.9094295318130562e-32 2.33486982377251e-16 1 -0.99939082701909576 0.034899496702500477 -8.1485781715516288e-18 -0.034899496702500477 -0.99939082701909576 2.333447484161939e-16 5.0999999999999996
2 -160.76704551104262 -217.0707374409929 91.815000099999992 0.03489949670250083 0.99939082701909587 -2.3334474841619395e-16 0.99939082701909587 -0.03489949670250083 8.1485781715517105e-18 -2.8593908561087489e-32 -2.33486982377251e-16 -1 0.25
2 -155.91999999999999 -217.24000000000001 91.965000099999997 -1.224646799147353e-16 2.33486982377251e-16 1 1.2246467991473532e-16 1 -2.33486982377251e-16 -1 1.224646799147353e-16 -1.2246467991473532e-16 5.049999999999998
2 -152.80248009302028 -220.95531554912708 91.815000099999992 -0.76604444311897824 -0.64278760968653914 1.5008253929519627e-16 -0.64278760968653914 0.76604444311897824 -1.7886140539071187e-16 -2.8593908561087489e-32 -2.33486982377251e-16 -1 0.25
1 -151.58118363461585 -222.41079999105312 93.365000100000003 -2.8593908561087489e-32 -2.33486982377251e-16 -1 
1 -152.8346194735046 -220.91701332697113 91.965000099999997 0.64278760968653914 -0.76604444311897824 1.7886140539071187e-16 
2 -152.20468445087295 -214.12248009302027 148.51500010000001 -0.64278760968653936 0.76604444311897801 -1.7886140539071187e-16 0.76604444311897801 0.64278760968653936 -1.5008253929519632e-16 -2.8593908561087489e-32 -2.33486982377251e-16 -1 0.25
2 -155.91999999999999 -217.24000000000001 148.36500010000003 -2.8593908561087489e-32 -2.33486982377251e-16 -1 1.2246467991473532e-16 1 -2.33486982377251e-16 1 -1.2246467991473532e-16 0 5.0500000000000007
2 -153.87030143055762 -221.63559276712772 148.51500010000001 0.90630778703665005 0.42261826174069933 -9.8675862631355141e-17 0.42261826174069933 -0.90630778703665005 2.1161107030019166e-16 -2.8593908561087489e-32 -2.33486982377251e-16 -1 0.25
8 0 5.6025068989017974
2 -155.91999999999999 -217.24000000000001 148.51500010000001 -2.4091947327306609e-32 -2.33486982377251e-16 -1 -0.24192189559966787 -0.97029572627599647 2.2655142114172553e-16 -0.97029572627599647 0.24192189559966787 -5.6485613374550781e-17 5.0999999999999996
2 -157.0933211936584 -221.94593427243859 148.51500010000001 -0.97029572627599658 0.2419218955996679 -5.6485613374550781e-17 0.2419218955996679 0.97029572627599658 -2.2655142114172553e-16 -2.8593908561087489e-32 -2.33486982377251e-16 -1 0.25
2 -155.91999999999999 -217.24000000000001 148.36500010000003 -2.8593908561087489e-32 -2.33486982377251e-16 -1 1.2246467991473532e-16 1 -2.33486982377251e-16 1 -1.2246467991473532e-16 0 5.0500000000000007
2 -160.47750921081166 -215.58120230487049 148.51500010000001 0.34202014332566893 0.93969262078590843 -2.1940599438947223e-16 0.93969262078590843 -0.34202014332566893 7.9857251177345289e-17 -2.8593908561087489e-32 -2.33486982377251e-16 -1 0.25
1 -162.26292519030488 -214.93136403255176 146.9650001 0.93969262078590843 -0.34202014332566893 7.9857251177345289e-17 
1 -162.26292519030488 -214.93136403255176 148.3650001 0.93969262078590843 -0.34202014332566893 7.9857251177345289e-17 
1 -162.26292519030488 -214.93136403255176 146.9650001 2.8593908561087489e-32 2.33486982377251e-16 1 
2 -155.91999999999999 -217.24000000000001 146.9650001 -5.4871858082760072e-32 -2.3348698237725095e-16 -1 0.76604444311897801 0.64278760968653936 -1.5008253929519632e-16 0.64278760968653936 -0.76604444311897801 1.7886140539071182e-16 6.7499999999999991
1 -152.24298667302889 -214.15461947350462 146.9650001 0.76604444311897801 0.64278760968653936 -1.5008253929519632e-16 
1 -150.7492000089469 -212.90118363461585 146.9650001 2.8593908561087489e-32 2.33486982377251e-16 1 
1 -152.24298667302889 -214.15461947350462 148.3650001 0.76604444311897801 0.64278760968653936 -1.5008253929519632e-16 
2 -155.91999999999999 -217.24000000000001 91.965000099999997 -3.0084510425890187e-32 -2.3348698237725095e-16 -1 0.64278760968653936 -0.76604444311897812 1.7886140539071187e-16 -0.76604444311897812 -0.64278760968653936 1.5008253929519632e-16 6.75
1 -161.5810263336316 -213.56368651364858 93.365000100000003 2.8593908561087489e-32 2.33486982377251e-16 1 
2 -155.91999999999999 -217.24000000000001 92.865000100000003 3.0084510425890187e-32 2.3348698237725095e-16 1 0.64278760968653936 -0.76604444311897812 1.7886140539071187e-16 0.76604444311897812 0.64278760968653936 -1.5008253929519632e-16 6.75
1 -162.6658880823789 -217.00442839725815 93.365000100000003 2.8593908561087489e-32 2.33486982377251e-16 1 
2 -155.91999999999999 -217.24000000000001 91.965000099999997 -3.0084510425890187e-32 -2.3348698237725095e-16 -1 0.64278760968653936 -0.76604444311897812 1.7886140539071187e-16 -0.76604444311897812 -0.64278760968653936 1.5008253929519632e-16 6.75
1 -159.18208413559896 -215.1215777926929 91.965000099999997 -0.83867056794542394 0.54463903501502731 -1.2716612477051663e-16 
1 -161.70682691882342 -213.48199065839634 92.865000100000003 0.83867056794542394 -0.54463903501502731 1.2716612477051663e-16 
1 -160.19721989652166 -214.46234092142339 92.065000099999992 1.224646799147353e-16 -2.33486982377251e-16 -1 
2 -159.9875522545353 -214.59850068017715 90.6650001 -0.54463903501502731 -0.83867056794542394 1.9581866011819231e-16 -0.83867056794542394 0.54463903501502731 -1.2716612477051663e-16 -2.8593908561087489e-32 -2.33486982377251e-16 -1 0.25
1 -161.70682691882342 -213.48199065839634 90.4150001 0.83867056794542394 -0.54463903501502731 1.2716612477051663e-16 
1 -161.70682691882342 -213.48199065839634 92.865000100000003 -2.8593908561087489e-32 -2.33486982377251e-16 -1 
8 0 5.742133239061344
2 -155.91999999999999 -217.24000000000001 90.6650001 2.9094295318130562e-32 2.33486982377251e-16 1 -0.99939082701909576 0.034899496702500477 -8.1485781715516288e-18 -0.034899496702500477 -0.99939082701909576 2.333447484161939e-16 5.0999999999999996
1 -161.01689321779739 -217.06201256681726 92.065000099999992 1.224646799147353e-16 -2.33486982377251e-16 -1 
1 -160.71707596969165 -217.07248241582801 92.865000100000003 -0.99939082701909587 0.03489949670250083 -8.1485781715517105e-18 
1 -162.81579670643177 -216.99919347275278 92.865000100000003 -2.8593908561087489e-32 -2.33486982377251e-16 -1 
1 -160.71707596969165 -217.07248241582801 90.4150001 -0.99939082701909587 0.03489949670250083 -8.1485781715517105e-18 
2 -160.76704551104262 -217.0707374409929 90.6650001 0.03489949670250083 0.99939082701909587 -2.3334474841619395e-16 0.99939082701909587 -0.03489949670250083 8.1485781715517105e-18 -2.8593908561087489e-32 -2.33486982377251e-16 -1 0.25
1 -158.81541857439265 -217.13888975538151 91.965000099999997 0.99939082701909587 -0.03489949670250083 8.1485781715517105e-18 
1 -154.56966145165089 -220.13581036196553 148.36500010000003 0.42261826174069933 -0.90630778703665005 2.1161107030019166e-16 
2 -155.91999999999999 -217.24000000000001 148.3650001 -5.4871858082760072e-32 -2.3348698237725095e-16 -1 0.76604444311897801 0.64278760968653936 -1.5008253929519632e-16 0.64278760968653936 -0.76604444311897801 1.7886140539071182e-16 6.7499999999999991
1 -153.89143234364465 -221.59027737777592 147.4650001 0.42261826174069933 -0.90630778703665005 2.1161107030019166e-16 
1 -153.00393399398916 -223.49352373055285 147.4650001 2.8593908561087489e-32 2.33486982377251e-16 1 
1 -153.89143234364465 -221.59027737777592 149.91500009999999 0.42261826174069933 -0.90630778703665005 2.1161107030019166e-16 
2 -153.87030143055762 -221.63559276712772 149.66500009999999 0.90630778703665005 0.42261826174069933 -9.8675862631355141e-17 0.42261826174069933 -0.90630778703665005 2.1161107030019166e-16 -2.8593908561087489e-32 -2.33486982377251e-16 -1 0.25
1 -153.76464686512244 -221.86216971388689 148.26500010000001 2.8593908561087489e-32 2.33486982377251e-16 1 
1 -153.06732673325027 -223.3575775624974 146.9650001 -2.8593908561087489e-32 -2.33486982377251e-16 -1 
8 0 5.6025068989017974
2 -155.91999999999999 -217.24000000000001 149.66500009999999 -2.4091947327306609e-32 -2.33486982377251e-16 -1 -0.24192189559966787 -0.97029572627599647 2.2655142114172553e-16 -0.97029572627599647 0.24192189559966787 -5.6485613374550781e-17 5.0999999999999996
1 -157.1538016675583 -222.18850820400758 148.26500010000001 2.8593908561087489e-32 2.33486982377251e-16 1 
1 -157.58926107963771 -223.93504051130435 147.4650001 0.2419218955996679 0.97029572627599658 -2.2655142114172553e-16 
1 -157.55297279529776 -223.78949615236297 146.9650001 -2.8593908561087489e-32 -2.33486982377251e-16 -1 
1 -156.93656849177739 -221.31723352445408 148.36500010000003 0.2419218955996679 0.97029572627599658 -2.2655142114172553e-16 
2 -157.0933211936584 -221.94593427243859 149.66500009999999 -0.97029572627599658 0.2419218955996679 -5.6485613374550781e-17 0.2419218955996679 0.97029572627599658 -2.2655142114172553e-16 -2.8593908561087489e-32 -2.33486982377251e-16 -1 0.25
1 -157.58926107963771 -223.93504051130435 149.91500009999999 0.2419218955996679 0.97029572627599658 -2.2655142114172553e-16 
1 -157.58926107963771 -223.93504051130435 147.4650001 2.8593908561087489e-32 2.33486982377251e-16 1 
2 -155.91999999999999 -217.24000000000001 148.3650001 -5.4871858082760072e-32 -2.3348698237725095e-16 -1 0.76604444311897801 0.64278760968653936 -1.5008253929519632e-16 0.64278760968653936 -0.76604444311897801 1.7886140539071182e-16 6.7499999999999991
2 -155.91999999999999 -217.24000000000001 147.4650001 -5.4871858082760072e-32 -2.3348698237725095e-16 -1 0.76604444311897801 0.64278760968653936 -1.5008253929519632e-16 0.64278760968653936 -0.76604444311897801 1.7886140539071182e-16 6.7499999999999991
2 -155.92000000000002 -217.24000000000001 92.865000100000003 -2.9988264206660862e-32 -2.33486982377251e-16 -1 -0.99939082701909576 0.034899496702501101 -8.1485781715517736e-18 0.034899496702501101 0.99939082701909576 -2.333447484161939e-16 6.8999999999999959
8 0 5.7421332390613404
2 -155.91999999999999 -217.24000000000001 90.4150001 -3.5828722972784247e-32 -2.33486982377251e-16 -1 -0.83867056794541961 0.54463903501503408 -1.271661247705182e-16 0.54463903501503408 0.83867056794541961 -1.9581866011819127e-16 4.8499999999999996
2 -155.92000000000002 -217.24000000000001 90.4150001 -2.9988264206660862e-32 -2.33486982377251e-16 -1 -0.99939082701909576 0.034899496702501101 -8.1485781715517736e-18 0.034899496702501101 0.99939082701909576 -2.333447484161939e-16 6.8999999999999959
2 -155.91999999999999 -217.24000000000001 90.4150001 1.224646799147353e-16 -2.33486982377251e-16 -1 1.2246467991473532e-16 1 -2.33486982377251e-16 1 -1.224646799147353e-16 1.2246467991473532e-16 3.2000000000000002
2 -155.92000000000002 -217.24000000000001 147.4650001 -2.3492510651047026e-32 -2.3348698237725095e-16 -1 0.422618261740699 -0.90630778703665016 2.1161107030019166e-16 -0.90630778703665016 -0.422618261740699 9.8675862631355055e-17 6.9000000000000083
2 -155.92000000000002 -217.24000000000001 149.91500009999999 -2.3492510651047026e-32 -2.3348698237725095e-16 -1 0.422618261740699 -0.90630778703665016 2.1161107030019166e-16 -0.90630778703665016 -0.422618261740699 9.8675862631355055e-17 6.9000000000000083
8 0 5.6025068989018063
2 -155.91999999999999 -217.24000000000001 149.91500009999999 2.4303418349371343e-32 2.33486982377251e-16 1 0.42261826174070122 -0.90630778703664916 2.1161107030019143e-16 0.90630778703664916 0.42261826174070122 -9.8675862631355572e-17 4.8499999999999996
2 -155.91999999999999 -217.24000000000001 149.91500009999999 2.8593908561087489e-32 2.33486982377251e-16 1 1.2246467991473532e-16 1 -2.33486982377251e-16 -1 1.2246467991473532e-16 0 3.2000000000000002
8 0 7.5
1 -155.91999999999999 -214.04000000000002 97.9150001 1.2246467991473535e-16 -2.33486982377251e-16 -1 
2 -155.91999999999999 -217.24000000000001 97.9150001 1.224646799147353e-16 -2.33486982377251e-16 -1 1.2246467991473532e-16 1 -2.33486982377251e-16 1 -1.224646799147353e-16 1.2246467991473532e-16 3.2000000000000002
8 0 7.5
1 -155.91999999999999 -214.04000000000002 142.41500009999999 2.8593908561087489e-32 2.33486982377251e-16 1 
2 -155.91999999999999 -217.24000000000001 142.41500009999999 2.8593908561087489e-32 2.33486982377251e-16 1 1.2246467991473532e-16 1 -2.33486982377251e-16 -1 1.2246467991473532e-16 0 3.2000000000000002
Polygon3D 0
PolygonOnTriangulations 0
Surfaces 188
10 3.9361276185660925 10.21931292574568 -2e+100 2e+100
2 -155.91999999999999 -217.29000000000002 120.1650001 -1.2246467991473532e-16 -1 2.33486982377251e-16 -1 1.2246467991473532e-16 0 2.8593908561087489e-32 2.33486982377251e-16 1 15.5
2 -155.91999999999999 -217.24000000000001 110.6650001 2.3348698237725095e-16 -2.3348698237725105e-16 -1 -1 1.2246467991473527e-16 -2.33486982377251e-16 1.2246467991473532e-16 1 -2.33486982377251e-16 6.0999999999999996
9 0 1 0 0 2 2 3 5 2 4 -163.49429279328223 -202.96379999999999 106.64168361765616  1 -163.49429279328223 -203.37689999999998 106.64168361765616  1 -163.49429279328223 -210.54000000000002 106.64168361765616  1 -163.49429279328223 -217.70310000000001 106.64168361765616  1 -163.49429279328223 -218.11619999999999 106.64168361765616  1 
-164.27312096312073 -202.96379999999999 107.0778985507101  0.66739545582199922 -164.27312096312073 -203.37689999999998 107.0778985507101  0.66739545582199922 -164.27312096312073 -210.54000000000002 107.0778985507101  0.66739545582199922 -164.27312096312073 -217.70310000000001 107.0778985507101  0.66739545582199922 -164.27312096312073 -218.11619999999999 107.0778985507101  0.66739545582199922 
-164.62170681088222 -202.96379999999999 106.256104967933  1 -164.62170681088222 -203.37689999999998 106.256104967933  1 -164.62170681088222 -210.54000000000002 106.256104967933  1 -164.62170681088222 -217.70310000000001 106.256104967933  1 -164.62170681088222 -218.11619999999999 106.256104967933  1 

0 3
13.500000000000007 3

-0.82620000000001026 3
-1.0466698812367707e-14 1
13.499999999999996 1
14.326199999999996 3

5 -160.47 -203.63999999999999 104.4650001 -1.2246467991473532e-16 -1 2.33486982377251e-16 -1 1.2246467991473532e-16 0 2.8593908561087489e-32 2.33486982377251e-16 1 1.0499999999999998 0.34999999999999998
2 -160.47 -203.63999999999999 105.51500009999999 1 -1.2246467991473532e-16 0 -1.2246467991473532e-16 -1 2.33486982377251e-16 -2.8593908561087489e-32 -2.33486982377251e-16 -1 0.34999999999999998
5 -151.37 -203.63999999999999 104.4650001 -1.2246467991473532e-16 -1 2.33486982377251e-16 -1.2688263138573232e-15 2.3348698237725115e-16 1 1 -1.2246467991473502e-16 1.2688263138573232e-15 1.0499999999999998 0.34999999999999998
9 0 1 0 0 2 2 3 5 2 4 -148.34570720671775 -202.96379999999999 106.64168361765616  1 -148.34570720671775 -203.37689999999998 106.64168361765616  1 -148.34570720671775 -210.54000000000002 106.64168361765616  1 -148.34570720671775 -217.70310000000001 106.64168361765616  1 -148.34570720671775 -218.11619999999999 106.64168361765616  1 
-147.56687903687927 -202.96379999999999 107.0778985507101  0.66739545582199888 -147.56687903687927 -203.37689999999998 107.0778985507101  0.66739545582199888 -147.56687903687927 -210.54000000000002 107.0778985507101  0.66739545582199888 -147.56687903687927 -217.70310000000001 107.0778985507101  0.66739545582199888 -147.56687903687927 -218.11619999999999 107.0778985507101  0.66739545582199888 
-147.21829318911779 -202.96379999999999 106.256104967933  1 -147.21829318911779 -203.37689999999998 106.256104967933  1 -147.21829318911779 -210.54000000000002 106.256104967933  1 -147.21829318911779 -217.70310000000001 106.256104967933  1 -147.21829318911779 -218.11619999999999 106.256104967933  1 

0 3
13.500000000000007 3

-0.82620000000001081 3
-1.0974171438249413e-14 1
13.499999999999996 1
14.326199999999996 3

1 -155.91999999999999 -217.29000000000002 120.1650001 1.2246467991473532e-16 1 -2.33486982377251e-16 -1 1.2246467991473532e-16 0 2.8593908561087489e-32 2.33486982377251e-16 1 
9 0 1 0 0 2 2 3 5 2 4 -147.21829318911779 -202.96379999999999 134.073895232067  1 -147.21829318911779 -203.37689999999998 134.073895232067  1 -147.21829318911779 -210.54000000000002 134.073895232067  1 -147.21829318911779 -217.70310000000001 134.073895232067  1 -147.21829318911779 -218.11619999999999 134.073895232067  1 
-147.56687903687927 -202.96379999999999 133.2521016492899  0.66739545582199922 -147.56687903687927 -203.37689999999998 133.2521016492899  0.66739545582199922 -147.56687903687927 -210.54000000000002 133.2521016492899  0.66739545582199922 -147.56687903687927 -217.70310000000001 133.2521016492899  0.66739545582199922 -147.56687903687927 -218.11619999999999 133.2521016492899  0.66739545582199922 
-148.34570720671775 -202.96379999999999 133.68831658234382  1 -148.34570720671775 -203.37689999999998 133.68831658234382  1 -148.34570720671775 -210.54000000000002 133.68831658234387  1 -148.34570720671775 -217.70310000000001 133.68831658234387  1 -148.34570720671775 -218.11619999999999 133.68831658234387  1 

0 3
13.500000000000007 3

-0.82620000000001081 3
-1.0974171438249413e-14 1
13.499999999999996 1
14.326199999999996 3

10 3.9361276185660925 10.21931292574568 -2e+100 2e+100
2 -155.91999999999999 -217.29000000000002 120.1650001 -1.2246467991473532e-16 -1 2.33486982377251e-16 -1 1.2246467991473532e-16 0 2.8593908561087489e-32 2.33486982377251e-16 1 15.5
2 -155.92000000000002 -217.24000000000001 129.66500009999999 -1.1102230246251563e-16 2.33486982377251e-16 1 1 -1.224646799147353e-16 1.1102230246251565e-16 1.2246467991473532e-16 1 -2.33486982377251e-16 6.0999999999999996
10 3.9361276185661014 10.219312925745687 -2e+100 2e+100
2 -155.91999999999999 -217.79000000000002 120.1650001 1.2246467991473532e-16 1 -2.33486982377251e-16 -1 1.2246467991473532e-16 0 2.8593908561087489e-32 2.33486982377251e-16 1 14.6
2 -143.72 -228.29000000000002 132.5900001 -1.2246467991473532e-16 -1 2.33486982377251e-16 -1 1.2246467991473532e-16 0 2.8593908561087489e-32 2.33486982377251e-16 1 3.4500000000000002
10 3.9361276185661014 10.219312925745687 -2e+100 2e+100
2 -155.91999999999999 -217.79000000000002 120.1650001 1.2246467991473532e-16 1 -2.33486982377251e-16 -1 1.2246467991473532e-16 0 2.8593908561087489e-32 2.33486982377251e-16 1 14.6
2 -143.72 -228.29000000000002 107.7400001 -1.2246467991473532e-16 -1 2.33486982377251e-16 -1 1.2246467991473532e-16 0 2.8593908561087489e-32 2.33486982377251e-16 1 3.4500000000000002
10 3.9361276185661014 10.219312925745687 -2e+100 2e+100
2 -155.91999999999999 -217.79000000000002 120.1650001 1.2246467991473532e-16 1 -2.33486982377251e-16 -1 1.2246467991473532e-16 0 2.8593908561087489e-32 2.33486982377251e-16 1 14.6
2 -143.72 -217.29000000000002 107.7400001 -1.2246467991473532e-16 -1 2.33486982377251e-16 -1 1.2246467991473532e-16 0 2.8593908561087489e-32 2.33486982377251e-16 1 3.7999999999999998
9 0 1 0 0 2 2 3 5 2 4 -142.17242975180295 -202.96379999999999 111.21059462066867  1 -142.17242975180295 -203.37689999999998 111.21059462066867  1 -142.17242975180295 -210.54000000000002 111.21059462066867  1 -142.17242975180295 -217.70310000000001 111.21059462066867  1 -142.17242975180295 -218.11619999999999 111.21059462066867  1 
-142.98771656492056 -202.96379999999999 111.57413856341802  0.66739545582199922 -142.98771656492056 -203.37689999999998 111.57413856341802  0.66739545582199922 -142.98771656492056 -210.54000000000002 111.57413856341802  0.66739545582199922 -142.98771656492056 -217.70310000000001 111.57413856341802  0.66739545582199922 -142.98771656492059 -218.11619999999999 111.57413856341802  0.66739545582199922 
-142.53734325643447 -202.96379999999999 112.34486592698863  1 -142.53734325643447 -203.37689999999998 112.34486592698863  1 -142.53734325643447 -210.54000000000002 112.34486592698863  1 -142.53734325643447 -217.70310000000001 112.34486592698863  1 -142.53734325643447 -218.11619999999999 112.34486592698863  1 

0 3
13.500000000000007 3

-0.82620000000001081 3
-1.0974171438249413e-14 1
13.499999999999996 1
14.326199999999996 3

10 3.9361276185660925 10.21931292574568 -2e+100 2e+100
2 -155.91999999999999 -217.29000000000002 120.1650001 -1.2246467991473532e-16 -1 2.33486982377251e-16 -1 1.2246467991473532e-16 0 2.8593908561087489e-32 2.33486982377251e-16 1 15.5
9 0 1 0 0 2 2 3 5 2 4 -142.17242975180295 -202.96379999999999 129.11940557933133  1 -142.17242975180295 -203.37689999999998 129.11940557933133  1 -142.17242975180295 -210.54000000000002 129.11940557933133  1 -142.17242975180295 -217.70310000000001 129.11940557933133  1 -142.17242975180295 -218.11619999999999 129.11940557933133  1 
-142.98771656492059 -202.96379999999999 128.75586163658198  0.66739545582199888 -142.98771656492059 -203.37689999999998 128.75586163658198  0.66739545582199888 -142.98771656492059 -210.54000000000002 128.75586163658198  0.66739545582199888 -142.98771656492059 -217.70310000000001 128.75586163658198  0.66739545582199888 -142.98771656492059 -218.11619999999999 128.75586163658198  0.66739545582199888 
-142.53734325643447 -202.96379999999999 127.98513427301137  1 -142.53734325643447 -203.37689999999998 127.98513427301137  1 -142.53734325643447 -210.54000000000002 127.98513427301138  1 -142.53734325643447 -217.70310000000001 127.98513427301138  1 -142.5373432564345 -218.11619999999999 127.98513427301138  1 

0 3
13.500000000000007 3

-0.82620000000001081 3
-1.0974171438249413e-14 1
13.499999999999996 1
14.326199999999996 3

2 -143.72 -217.29000000000002 132.5900001 -1.2246467991473532e-16 -1 2.33486982377251e-16 -1 1.2246467991473532e-16 0 2.8593908561087489e-32 2.33486982377251e-16 1 3.7999999999999998
5 -155.91999999999999 -220.59000000000003 120.1650001 -1.2246467991473532e-16 -1 2.33486982377251e-16 -1 1.2246467991473532e-16 0 2.8593908561087489e-32 2.33486982377251e-16 1 9.6500000000000004 2.5
10 3.1161557844967818 9.3993410916763676 0 6.2831853071795862
5 -155.91999999999999 -220.59000000000003 120.1650001 -1.2246467991473532e-16 -1 2.33486982377251e-16 -1 1.2246467991473532e-16 0 2.8593908561087489e-32 2.33486982377251e-16 1 9.6500000000000004 2.5
10 3.1415926535897931 9.4247779607693793 -2e+100 2e+100
2 -155.91999999999999 -223.09000000000003 120.1650001 -1.2246467991473532e-16 -1 2.33486982377251e-16 -1 1.2246467991473532e-16 0 2.8593908561087489e-32 2.33486982377251e-16 1 12.15
10 3.1415926535897927 9.4247779607693793 -2e+100 2e+100
2 -155.91999999999999 -213.88999999999999 120.1650001 -1.2246467991473532e-16 -1 2.33486982377251e-16 -1 1.2246467991473532e-16 0 2.8593908561087489e-32 2.33486982377251e-16 1 12.050000000000001
2 -155.91999999999999 -217.24000000000001 110.6650001 2.3348698237725095e-16 -2.3348698237725105e-16 -1 -1 1.2246467991473527e-16 -2.33486982377251e-16 1.2246467991473532e-16 1 -2.33486982377251e-16 6.0999999999999996
10 3.9361276185661014 10.219312925745687 -2e+100 2e+100
2 -155.91999999999999 -217.79000000000002 120.1650001 1.2246467991473532e-16 1 -2.33486982377251e-16 -1 1.2246467991473532e-16 0 2.8593908561087489e-32 2.33486982377251e-16 1 14.6
3 -155.91999999999999 -217.24000000000001 104.1650001 2.3348698237725095e-16 -2.3348698237725105e-16 -1 -1 1.2246467991473527e-16 -2.33486982377251e-16 1.2246467991473532e-16 1 -2.33486982377251e-16 6.0999999999999996
0.66320299270609273
3 -155.91999999999999 -217.19 120.1650001 1.2246467991473532e-16 1 -2.33486982377251e-16 -1 1.2246467991473532e-16 0 2.8593908561087489e-32 2.33486982377251e-16 1 14.6
-0.65788860518220971
2 -155.91999999999999 -213.88999999999999 120.1650001 -1.2246467991473532e-16 -1 2.33486982377251e-16 -1 1.2246467991473532e-16 0 2.8593908561087489e-32 2.33486982377251e-16 1 12.050000000000001
2 -155.91999999999999 -223.09000000000003 120.1650001 -1.2246467991473532e-16 -1 2.33486982377251e-16 -1 1.2246467991473532e-16 0 2.8593908561087489e-32 2.33486982377251e-16 1 12.15
1 -155.91999999999999 -217.29000000000002 120.1650001 1.2246467991473532e-16 1 -2.33486982377251e-16 -1 1.2246467991473532e-16 0 2.8593908561087489e-32 2.33486982377251e-16 1 
9 0 1 0 0 2 2 3 5 2 4 -163.49429279328226 -202.96379999999999 133.68831658234382  1 -163.49429279328226 -203.37689999999998 133.68831658234382  1 -163.49429279328226 -210.54000000000002 133.68831658234384  1 -163.49429279328226 -217.70310000000001 133.68831658234384  1 -163.49429279328226 -218.11619999999999 133.68831658234384  1 
-164.27312096312073 -202.96379999999999 133.2521016492899  0.66739545582199888 -164.27312096312073 -203.37689999999998 133.2521016492899  0.66739545582199888 -164.27312096312073 -210.54000000000002 133.2521016492899  0.66739545582199888 -164.27312096312073 -217.70310000000001 133.2521016492899  0.66739545582199888 -164.27312096312073 -218.11619999999999 133.2521016492899  0.66739545582199888 
-164.62170681088222 -202.96379999999999 134.073895232067  1 -164.62170681088222 -203.37689999999998 134.073895232067  1 -164.62170681088222 -210.54000000000002 134.073895232067  1 -164.62170681088222 -217.70310000000001 134.073895232067  1 -164.62170681088222 -218.11619999999999 134.073895232067  1 

0 3
13.500000000000007 3

-0.82620000000001081 3
-1.0974171438249413e-14 1
13.499999999999996 1
14.326199999999996 3

10 3.9361276185661116 10.219312925745697 -2e+100 2e+100
2 -168.12 -217.29000000000002 132.5900001 -1.2246467991473532e-16 -1 2.33486982377251e-16 -1 1.2246467991473532e-16 0 2.8593908561087489e-32 2.33486982377251e-16 1 3.7999999999999998
9 0 1 0 0 2 2 3 5 2 4 -169.30265674356554 -202.96379999999999 127.98513427301135  1 -169.30265674356554 -203.37689999999998 127.98513427301135  1 -169.30265674356554 -210.54000000000002 127.98513427301137  1 -169.30265674356554 -217.70310000000001 127.98513427301137  1 -169.30265674356554 -218.11619999999999 127.98513427301137  1 
-168.85228343507941 -202.96379999999999 128.75586163658198  0.66739545582199888 -168.85228343507941 -203.37689999999998 128.75586163658198  0.66739545582199888 -168.85228343507941 -210.54000000000002 128.75586163658198  0.66739545582199888 -168.85228343507941 -217.70310000000001 128.75586163658198  0.66739545582199888 -168.85228343507941 -218.11619999999999 128.75586163658198  0.66739545582199888 
-169.66757024819702 -202.96379999999999 129.11940557933133  1 -169.66757024819702 -203.37689999999998 129.11940557933133  1 -169.66757024819702 -210.54000000000002 129.11940557933133  1 -169.66757024819702 -217.70310000000001 129.11940557933133  1 -169.66757024819702 -218.11619999999999 129.11940557933133  1 

0 3
13.500000000000007 3

-0.82620000000001081 3
-1.0974171438249413e-14 1
13.499999999999996 1
14.326199999999996 3

10 3.9361276185660925 10.21931292574568 -2e+100 2e+100
2 -155.91999999999999 -217.29000000000002 120.1650001 -1.2246467991473532e-16 -1 2.33486982377251e-16 -1 1.2246467991473532e-16 0 2.8593908561087489e-32 2.33486982377251e-16 1 15.5
9 0 1 0 0 2 2 3 5 2 4 -169.66757024819702 -202.96379999999999 111.21059462066867  1 -169.66757024819702 -203.37689999999998 111.21059462066867  1 -169.66757024819702 -210.54000000000002 111.21059462066867  1 -169.66757024819702 -217.70310000000001 111.21059462066867  1 -169.66757024819702 -218.11619999999999 111.21059462066867  1 
-168.85228343507941 -202.96379999999999 111.57413856341802  0.66739545582199888 -168.85228343507941 -203.37689999999998 111.57413856341802  0.66739545582199888 -168.85228343507941 -210.54000000000002 111.57413856341802  0.66739545582199888 -168.85228343507941 -217.70310000000001 111.57413856341802  0.66739545582199888 -168.85228343507941 -218.11619999999999 111.57413856341802  0.66739545582199888 
-169.30265674356551 -202.96379999999999 112.34486592698863  1 -169.30265674356551 -203.37689999999998 112.34486592698863  1 -169.30265674356551 -210.54000000000002 112.34486592698863  1 -169.30265674356554 -217.70310000000001 112.34486592698863  1 -169.30265674356554 -218.11619999999999 112.34486592698863  1 

0 3
13.500000000000007 3

-0.82620000000001081 3
-1.0974171438249413e-14 1
13.499999999999996 1
14.326199999999996 3

10 2.347057688613496 8.6302429957930826 -2e+100 2e+100
2 -168.12 -217.29000000000002 107.7400001 -1.2246467991473532e-16 -1 2.33486982377251e-16 -1 1.2246467991473532e-16 0 2.8593908561087489e-32 2.33486982377251e-16 1 3.7999999999999998
2 -168.12 -228.29000000000002 107.7400001 -1.2246467991473532e-16 -1 2.33486982377251e-16 -1 1.2246467991473532e-16 0 2.8593908561087489e-32 2.33486982377251e-16 1 3.4500000000000002
10 3.9361276185661014 10.219312925745687 -2e+100 2e+100
2 -155.91999999999999 -217.79000000000002 120.1650001 1.2246467991473532e-16 1 -2.33486982377251e-16 -1 1.2246467991473532e-16 0 2.8593908561087489e-32 2.33486982377251e-16 1 14.6
2 -168.12 -228.29000000000002 132.5900001 -1.2246467991473532e-16 -1 2.33486982377251e-16 -1 1.2246467991473532e-16 0 2.8593908561087489e-32 2.33486982377251e-16 1 3.4500000000000002
10 3.9361276185661014 10.219312925745687 -2e+100 2e+100
2 -155.91999999999999 -217.79000000000002 120.1650001 1.2246467991473532e-16 1 -2.33486982377251e-16 -1 1.2246467991473532e-16 0 2.8593908561087489e-32 2.33486982377251e-16 1 14.6
1 -139.16999999999999 -203.99000000000001 78.965000099999983 1.2246467991473532e-16 1 -2.33486982377251e-16 -1 1.2246467991473532e-16 0 2.8593908561087489e-32 2.33486982377251e-16 1 
5 -160.47 -203.63999999999999 135.86500009999997 -1.2246467991473532e-16 -1 2.33486982377251e-16 -1 1.224646799147365e-16 5.0753052554292927e-15 -5.0753052554292927e-15 -2.3348698237725036e-16 -1 1.0499999999999998 0.34999999999999998
2 -161.52000000000001 -203.63999999999999 137.06500009999999 -2.8593908561087489e-32 -2.33486982377251e-16 -1 -1.2246467991473532e-16 -1 2.33486982377251e-16 1 -1.2246467991473532e-16 0 0.34999999999999998
2 -161.16999999999999 -203.63999999999999 136.7150001 -1 1.2246467991473532e-16 0 -1.2246467991473532e-16 -1 2.33486982377251e-16 2.8593908561087489e-32 2.33486982377251e-16 1 0.34999999999999998
5 -168.16999999999999 -203.63999999999999 132.56500009999999 1.2246467991473532e-16 1 -2.33486982377251e-16 2.8593908561087489e-32 2.33486982377251e-16 1 -1 1.2246467991473532e-16 0 4.1500000000000004 0.34999999999999998
2 -172.31999999999999 -203.63999999999999 132.56500009999999 -2.8593908561087489e-32 -2.33486982377251e-16 -1 -1.2246467991473532e-16 -1 2.33486982377251e-16 -1 1.2246467991473532e-16 0 0.34999999999999998
5 -168.16999999999999 -203.63999999999999 107.76500010000001 1.2246467991473532e-16 1 -2.33486982377251e-16 -1 1.2246467991473532e-16 0 -2.8593908561087489e-32 -2.33486982377251e-16 -1 4.1500000000000004 0.34999999999999998
2 -168.16999999999999 -203.63999999999999 103.6150001 1 -1.2246467991473532e-16 0 -1.2246467991473532e-16 -1 2.33486982377251e-16 -2.8593908561087489e-32 -2.33486982377251e-16 -1 0.34999999999999998
2 -161.52000000000001 -203.63999999999999 103.26500010000001 2.8593908561087489e-32 2.33486982377251e-16 1 -1.2246467991473532e-16 -1 2.33486982377251e-16 1 -1.2246467991473532e-16 0 0.34999999999999998
2 -160.47 -204.99000000000001 104.4650001 1.2246467991473532e-16 1 -2.33486982377251e-16 -1 1.2246467991473532e-16 0 2.8593908561087489e-32 2.33486982377251e-16 1 0.69999999999999996
1 -150.66999999999999 -204.99000000000001 81.865000099999975 2.8593908561087489e-32 2.33486982377251e-16 1 1.2246467991473532e-16 1 -2.33486982377251e-16 -1 1.2246467991473532e-16 0 
1 -155.91999999999999 -203.79000000000002 120.1650001 1.2246467991473532e-16 1 -2.33486982377251e-16 -1 1.2246467991473532e-16 0 2.8593908561087489e-32 2.33486982377251e-16 1 
2 -151.37 -204.99000000000001 104.4650001 1.2246467991473532e-16 1 -2.33486982377251e-16 1 -1.2246467991473532e-16 0 2.8593908561087489e-32 2.33486982377251e-16 1 0.69999999999999996
2 -150.31999999999999 -203.63999999999999 104.4650001 -2.8593908561087489e-32 -2.33486982377251e-16 -1 -1.2246467991473532e-16 -1 2.33486982377251e-16 -1 1.2246467991473532e-16 0 0.34999999999999998
1 -139.16999999999999 -203.99000000000001 78.965000099999983 1.2246467991473532e-16 1 -2.33486982377251e-16 -1 1.2246467991473532e-16 0 2.8593908561087489e-32 2.33486982377251e-16 1 
2 -150.66999999999999 -203.63999999999999 103.6150001 1 -1.2246467991473532e-16 0 -2.8593908561087489e-32 -2.33486982377251e-16 -1 -1.2246467991473532e-16 -1 2.33486982377251e-16 0.34999999999999998
5 -143.66999999999999 -203.63999999999999 107.76500010000001 -1.2246467991473532e-16 -1 2.33486982377251e-16 3.9474596431116675e-16 -2.3348698237725105e-16 -1 1 -1.2246467991473522e-16 3.947459643111668e-16 4.1500000000000004 0.34999999999999998
2 -139.52000000000001 -203.63999999999999 107.76500010000001 2.8593908561087489e-32 2.33486982377251e-16 1 1 -1.2246467991473532e-16 0 -1.2246467991473532e-16 -1 2.33486982377251e-16 0.34999999999999998
5 -143.66999999999999 -203.63999999999999 132.56500009999999 -1.2246467991473532e-16 -1 2.33486982377251e-16 1 -1.2246467991473532e-16 0 2.8593908561087489e-32 2.33486982377251e-16 1 4.1500000000000004 0.34999999999999998
2 -143.66999999999999 -203.63999999999999 136.7150001 -1 1.2246467991473532e-16 0 2.8593908561087489e-32 2.33486982377251e-16 1 -1.2246467991473532e-16 -1 2.33486982377251e-16 0.34999999999999998
2 -150.31999999999999 -203.63999999999999 135.86500009999997 2.8593908561087489e-32 2.33486982377251e-16 1 -1.2246467991473532e-16 -1 2.33486982377251e-16 -1 1.2246467991473532e-16 0 0.34999999999999998
5 -151.37 -203.63999999999999 135.86500009999997 -1.2246467991473532e-16 -1 2.33486982377251e-16 -1.2688263138573297e-15 -2.3348698237725085e-16 -1 1 -1.2246467991473562e-16 -1.2688263138573297e-15 1.0499999999999998 0.34999999999999998
2 -160.47 -203.63999999999999 134.81500009999999 1 -1.2246467991473532e-16 0 -1.2246467991473532e-16 -1 2.33486982377251e-16 2.8593908561087489e-32 2.33486982377251e-16 1 0.34999999999999998
2 -155.92000000000002 -217.24000000000001 129.66500009999999 -1.1102230246251563e-16 2.33486982377251e-16 1 1 -1.224646799147353e-16 1.1102230246251565e-16 1.2246467991473532e-16 1 -2.33486982377251e-16 6.0999999999999996
3 -155.92000000000002 -217.24000000000001 136.16500009999999 -1.1102230246251563e-16 2.33486982377251e-16 1 1 -1.224646799147353e-16 1.1102230246251565e-16 1.2246467991473532e-16 1 -2.33486982377251e-16 6.0999999999999996
0.66320299270609273
10 3.1415926535897931 9.4247779607693793 -2e+100 2e+100
3 -155.91999999999999 -217.19 120.1650001 1.2246467991473532e-16 1 -2.33486982377251e-16 -1 1.2246467991473532e-16 0 2.8593908561087489e-32 2.33486982377251e-16 1 14.6
-0.65788860518220971
2 -157.52000000000001 -223.79000000000002 130.26500010000001 1.2246467991473532e-16 1 -2.33486982377251e-16 -1 1.2246467991473532e-16 0 2.8593908561087489e-32 2.33486982377251e-16 1 0.90000000000000002
2 -153.81999999999999 -223.79000000000002 130.26500010000001 1.2246467991473532e-16 1 -2.33486982377251e-16 1 -1.2246467991473532e-16 0 2.8593908561087489e-32 2.33486982377251e-16 1 0.90000000000000002
5 -143.72 -227.83999999999997 132.5900001 -1.2246467991473532e-16 -1 2.33486982377251e-16 -1 1.2246467991473532e-16 0 2.8593908561087489e-32 2.33486982377251e-16 1 3 0.45000000000000001
5 -143.72 -227.84000000000003 107.7400001 -1.2246467991473532e-16 -1 2.33486982377251e-16 -1 1.2246467991473532e-16 0 2.8593908561087489e-32 2.33486982377251e-16 1 3 0.45000000000000001
2 -153.81999999999999 -223.79000000000002 130.26500010000001 1.2246467991473532e-16 1 -2.33486982377251e-16 1 -1.2246467991473532e-16 0 2.8593908561087489e-32 2.33486982377251e-16 1 0.90000000000000002
1 -155.91999999999999 -223.09000000000003 120.1650001 1.2246467991473532e-16 1 -2.33486982377251e-16 -1 1.2246467991473532e-16 0 2.8593908561087489e-32 2.33486982377251e-16 1 
1 -155.91999999999999 -217.79000000000002 120.1650001 1.2246467991473532e-16 1 -2.33486982377251e-16 1 -1.2246467991473532e-16 0 2.8593908561087489e-32 2.33486982377251e-16 1 
3 -155.91999999999999 -217.24000000000001 102.56500009999999 2.3348698237725095e-16 -2.3348698237725105e-16 -1 -1 1.2246467991473527e-16 -2.33486982377251e-16 1.2246467991473532e-16 1 -2.33486982377251e-16 7.3499999999999996
0.30288486837497236
1 -155.91999999999999 -217.79000000000002 120.1650001 1.2246467991473532e-16 1 -2.33486982377251e-16 1 -1.2246467991473532e-16 0 2.8593908561087489e-32 2.33486982377251e-16 1 
2 -157.52000000000001 -223.79000000000002 130.26500010000001 1.2246467991473532e-16 1 -2.33486982377251e-16 -1 1.2246467991473532e-16 0 2.8593908561087489e-32 2.33486982377251e-16 1 0.90000000000000002
1 -155.91999999999999 -217.24000000000001 110.6650001 2.3348698237725095e-16 -2.3348698237725105e-16 -1 1 -1.2246467991473527e-16 2.33486982377251e-16 1.2246467991473532e-16 1 -2.33486982377251e-16 
5 -168.12 -227.84000000000003 107.7400001 -1.2246467991473532e-16 -1 2.33486982377251e-16 -1 1.2246467991473532e-16 0 2.8593908561087489e-32 2.33486982377251e-16 1 3 0.45000000000000001
5 -168.12 -227.83999999999997 132.5900001 -1.2246467991473532e-16 -1 2.33486982377251e-16 -1 1.2246467991473532e-16 0 2.8593908561087489e-32 2.33486982377251e-16 1 3 0.45000000000000001
2 -160.47 -204.99000000000001 135.86500009999997 1.2246467991473532e-16 1 -2.33486982377251e-16 -1 1.2246467991473532e-16 0 -2.8593908561087489e-32 -2.33486982377251e-16 -1 0.69999999999999996
1 -161.16999999999999 -204.99000000000001 111.86500009999997 -1 1.2246467991473532e-16 0 1.2246467991473532e-16 1 -2.33486982377251e-16 -2.8593908561087489e-32 -2.33486982377251e-16 -1 
1 -139.16999999999999 -203.99000000000001 112.76500009999998 2.8593908561087489e-32 2.33486982377251e-16 1 1.2246467991473532e-16 1 -2.33486982377251e-16 -1 1.2246467991473532e-16 0 
2 -168.16999999999999 -203.99000000000001 132.56500009999999 1.2246467991473532e-16 1 -2.33486982377251e-16 -1 1.2246467991473532e-16 0 2.8593908561087489e-32 2.33486982377251e-16 1 4.5
1 -172.66999999999999 -203.99000000000001 78.965000099999983 -1 1.2246467991473532e-16 0 1.2246467991473532e-16 1 -2.33486982377251e-16 -2.8593908561087489e-32 -2.33486982377251e-16 -1 
2 -168.16999999999999 -203.99000000000001 107.76500010000001 1.2246467991473532e-16 1 -2.33486982377251e-16 -1 1.2246467991473532e-16 0 -2.8593908561087489e-32 -2.33486982377251e-16 -1 4.5
1 -139.16999999999999 -203.99000000000001 78.965000099999983 2.8593908561087489e-32 2.33486982377251e-16 1 1.2246467991473532e-16 1 -2.33486982377251e-16 -1 1.2246467991473532e-16 0 
1 -161.16999999999999 -204.99000000000001 77.865000099999975 -1 1.2246467991473532e-16 0 1.2246467991473532e-16 1 -2.33486982377251e-16 -2.8593908561087489e-32 -2.33486982377251e-16 -1 
5 -160.47 -202.63999999999999 104.4650001 1.2246467991473532e-16 1 -2.33486982377251e-16 -1 1.2246467991473532e-16 0 2.8593908561087489e-32 2.33486982377251e-16 1 1.0499999999999998 0.34999999999999998
2 -160.47 -202.63999999999999 105.51500009999999 1 -1.2246467991473532e-16 0 1.2246467991473532e-16 1 -2.33486982377251e-16 -2.8593908561087489e-32 -2.33486982377251e-16 -1 0.34999999999999998
1 -150.66999999999999 -204.99000000000001 77.865000099999975 -1 1.2246467991473532e-16 0 1.2246467991473532e-16 1 -2.33486982377251e-16 -2.8593908561087489e-32 -2.33486982377251e-16 -1 
5 -151.37 -202.63999999999999 104.4650001 1.2246467991473532e-16 1 -2.33486982377251e-16 -1.2688263138573232e-15 2.3348698237725115e-16 1 1 -1.2246467991473502e-16 1.2688263138573232e-15 1.0499999999999998 0.34999999999999998
1 -139.16999999999999 -203.99000000000001 78.965000099999983 2.8593908561087489e-32 2.33486982377251e-16 1 1.2246467991473532e-16 1 -2.33486982377251e-16 -1 1.2246467991473532e-16 0 
2 -143.66999999999999 -203.99000000000001 107.76500010000001 1.2246467991473532e-16 1 -2.33486982377251e-16 1 -1.2246467991473532e-16 0 -2.8593908561087489e-32 -2.33486982377251e-16 -1 4.5
1 -139.16999999999999 -203.99000000000001 78.965000099999983 -1 1.2246467991473532e-16 0 1.2246467991473532e-16 1 -2.33486982377251e-16 -2.8593908561087489e-32 -2.33486982377251e-16 -1 
2 -143.66999999999999 -203.99000000000001 132.56500009999999 1.2246467991473532e-16 1 -2.33486982377251e-16 1 -1.2246467991473532e-16 0 2.8593908561087489e-32 2.33486982377251e-16 1 4.5
1 -139.16999999999999 -203.99000000000001 112.76500009999998 2.8593908561087489e-32 2.33486982377251e-16 1 1.2246467991473532e-16 1 -2.33486982377251e-16 -1 1.2246467991473532e-16 0 
1 -150.66999999999999 -204.99000000000001 111.86500009999997 -1 1.2246467991473532e-16 0 1.2246467991473532e-16 1 -2.33486982377251e-16 -2.8593908561087489e-32 -2.33486982377251e-16 -1 
2 -151.37 -204.99000000000001 135.86500009999997 1.2246467991473532e-16 1 -2.33486982377251e-16 1 -1.2246467991473532e-16 0 -2.8593908561087489e-32 -2.33486982377251e-16 -1 0.69999999999999996
1 -150.66999999999999 -204.99000000000001 111.86500009999997 2.8593908561087489e-32 2.33486982377251e-16 1 1.2246467991473532e-16 1 -2.33486982377251e-16 -1 1.2246467991473532e-16 0 
1 -155.91999999999999 -203.79000000000002 120.1650001 1.2246467991473532e-16 1 -2.33486982377251e-16 -1 1.2246467991473532e-16 0 2.8593908561087489e-32 2.33486982377251e-16 1 
1 -152.91999999999999 -223.79000000000002 131.16500009999999 2.8593908561087489e-32 2.33486982377251e-16 1 1.2246467991473532e-16 1 -2.33486982377251e-16 -1 1.2246467991473532e-16 0 
2 -157.52000000000001 -221.83999999999997 130.7150001 1 -1.2246467991473532e-16 0 1.2246467991473532e-16 1 -2.33486982377251e-16 2.8593908561087489e-32 2.33486982377251e-16 1 0.45000000000000001
3 -155.92000000000002 -217.24000000000001 137.76500010000001 -1.1102230246251563e-16 2.33486982377251e-16 1 1 -1.224646799147353e-16 1.1102230246251565e-16 1.2246467991473532e-16 1 -2.33486982377251e-16 7.3499999999999996
0.30288486837497236
1 -143.72 -228.29000000000002 132.5900001 1.2246467991473532e-16 1 -2.33486982377251e-16 -1 1.2246467991473532e-16 0 2.8593908561087489e-32 2.33486982377251e-16 1 
1 -143.72 -228.29000000000002 107.7400001 1.2246467991473532e-16 1 -2.33486982377251e-16 -1 1.2246467991473532e-16 0 2.8593908561087489e-32 2.33486982377251e-16 1 
5 -153.81999999999999 -221.83999999999997 130.26500010000001 -1.2246467991473532e-16 -1 2.33486982377251e-16 2.8593908561087489e-32 2.33486982377251e-16 1 1 -1.2246467991473532e-16 0 0.45000000000000001 0.45000000000000001
1 -152.91999999999999 -223.79000000000002 125.96500010000001 -1 1.2246467991473532e-16 0 1.2246467991473532e-16 1 -2.33486982377251e-16 -2.8593908561087489e-32 -2.33486982377251e-16 -1 
2 -153.81999999999999 -223.79000000000002 126.8650001 1.2246467991473532e-16 1 -2.33486982377251e-16 1 -1.2246467991473532e-16 0 -2.8593908561087489e-32 -2.33486982377251e-16 -1 0.90000000000000002
2 -153.37 -221.83999999999997 130.26500010000001 -2.8593908561087489e-32 -2.33486982377251e-16 -1 1.2246467991473532e-16 1 -2.33486982377251e-16 1 -1.2246467991473532e-16 0 0.45000000000000001
2 -157.52000000000001 -223.79000000000002 126.8650001 1.2246467991473532e-16 1 -2.33486982377251e-16 -1 1.2246467991473532e-16 0 -2.8593908561087489e-32 -2.33486982377251e-16 -1 0.90000000000000002
2 -155.91999999999999 -217.24000000000001 101.76500010000001 2.3348698237725095e-16 -2.3348698237725105e-16 -1 -1 1.2246467991473527e-16 -2.33486982377251e-16 1.2246467991473532e-16 1 -2.33486982377251e-16 7.5999999999999996
1 -168.12 -228.29000000000002 107.7400001 1.2246467991473532e-16 1 -2.33486982377251e-16 -1 1.2246467991473532e-16 0 2.8593908561087489e-32 2.33486982377251e-16 1 
1 -168.12 -228.29000000000002 132.5900001 1.2246467991473532e-16 1 -2.33486982377251e-16 -1 1.2246467991473532e-16 0 2.8593908561087489e-32 2.33486982377251e-16 1 
5 -160.47 -202.63999999999999 135.86500009999997 1.2246467991473532e-16 1 -2.33486982377251e-16 -1 1.224646799147365e-16 5.0753052554292927e-15 -5.0753052554292927e-15 -2.3348698237725036e-16 -1 1.0499999999999998 0.34999999999999998
2 -161.52000000000001 -202.63999999999999 137.06500009999999 -2.8593908561087489e-32 -2.33486982377251e-16 -1 1.2246467991473532e-16 1 -2.33486982377251e-16 1 -1.2246467991473532e-16 0 0.34999999999999998
2 -161.16999999999999 -202.63999999999999 136.7150001 -1 1.2246467991473532e-16 0 1.2246467991473532e-16 1 -2.33486982377251e-16 2.8593908561087489e-32 2.33486982377251e-16 1 0.34999999999999998
5 -168.16999999999999 -202.63999999999999 132.56500009999999 -1.2246467991473532e-16 -1 2.33486982377251e-16 2.8593908561087489e-32 2.33486982377251e-16 1 -1 1.2246467991473532e-16 0 4.1500000000000004 0.34999999999999998
2 -172.31999999999999 -202.63999999999999 132.56500009999999 -2.8593908561087489e-32 -2.33486982377251e-16 -1 1.2246467991473532e-16 1 -2.33486982377251e-16 -1 1.2246467991473532e-16 0 0.34999999999999998
5 -168.16999999999999 -202.63999999999999 107.76500010000001 -1.2246467991473532e-16 -1 2.33486982377251e-16 -1 1.2246467991473532e-16 0 -2.8593908561087489e-32 -2.33486982377251e-16 -1 4.1500000000000004 0.34999999999999998
2 -168.16999999999999 -202.63999999999999 103.6150001 1 -1.2246467991473532e-16 0 1.2246467991473532e-16 1 -2.33486982377251e-16 -2.8593908561087489e-32 -2.33486982377251e-16 -1 0.34999999999999998
2 -161.52000000000001 -202.63999999999999 103.26500010000001 2.8593908561087489e-32 2.33486982377251e-16 1 1.2246467991473532e-16 1 -2.33486982377251e-16 1 -1.2246467991473532e-16 0 0.34999999999999998
1 -139.16999999999999 -202.29000000000002 78.965000099999983 1.2246467991473532e-16 1 -2.33486982377251e-16 -1 1.2246467991473532e-16 0 2.8593908561087489e-32 2.33486982377251e-16 1 
2 -150.31999999999999 -202.63999999999999 104.4650001 -2.8593908561087489e-32 -2.33486982377251e-16 -1 1.2246467991473532e-16 1 -2.33486982377251e-16 -1 1.2246467991473532e-16 0 0.34999999999999998
2 -150.66999999999999 -202.63999999999999 103.6150001 1 -1.2246467991473532e-16 0 -2.8593908561087489e-32 -2.33486982377251e-16 -1 1.2246467991473532e-16 1 -2.33486982377251e-16 0.34999999999999998
5 -143.66999999999999 -202.63999999999999 107.76500010000001 1.2246467991473532e-16 1 -2.33486982377251e-16 3.9474596431116675e-16 -2.3348698237725105e-16 -1 1 -1.2246467991473522e-16 3.947459643111668e-16 4.1500000000000004 0.34999999999999998
2 -139.52000000000001 -202.63999999999999 107.76500010000001 2.8593908561087489e-32 2.33486982377251e-16 1 1 -1.2246467991473532e-16 0 1.2246467991473532e-16 1 -2.33486982377251e-16 0.34999999999999998
5 -143.66999999999999 -202.63999999999999 132.56500009999999 1.2246467991473532e-16 1 -2.33486982377251e-16 1 -1.2246467991473532e-16 0 2.8593908561087489e-32 2.33486982377251e-16 1 4.1500000000000004 0.34999999999999998
2 -143.66999999999999 -202.63999999999999 136.7150001 -1 1.2246467991473532e-16 0 2.8593908561087489e-32 2.33486982377251e-16 1 1.2246467991473532e-16 1 -2.33486982377251e-16 0.34999999999999998
2 -150.31999999999999 -202.63999999999999 135.86500009999997 2.8593908561087489e-32 2.33486982377251e-16 1 1.2246467991473532e-16 1 -2.33486982377251e-16 -1 1.2246467991473532e-16 0 0.34999999999999998
5 -151.37 -202.63999999999999 135.86500009999997 1.2246467991473532e-16 1 -2.33486982377251e-16 -1.2688263138573297e-15 -2.3348698237725085e-16 -1 1 -1.2246467991473562e-16 -1.2688263138573297e-15 1.0499999999999998 0.34999999999999998
2 -160.47 -202.63999999999999 134.81500009999999 1 -1.2246467991473532e-16 0 1.2246467991473532e-16 1 -2.33486982377251e-16 2.8593908561087489e-32 2.33486982377251e-16 1 0.34999999999999998
5 -157.52000000000001 -221.83999999999997 130.26500010000001 -1.2246467991473532e-16 -1 2.33486982377251e-16 -1 1.2246467991473532e-16 0 2.8593908561087489e-32 2.33486982377251e-16 1 0.45000000000000001 0.45000000000000001
1 -158.41999999999999 -223.79000000000002 125.96500010000001 -1 1.2246467991473532e-16 0 1.2246467991473532e-16 1 -2.33486982377251e-16 -2.8593908561087489e-32 -2.33486982377251e-16 -1 
2 -157.97 -221.83999999999997 126.8650001 2.8593908561087489e-32 2.33486982377251e-16 1 1.2246467991473532e-16 1 -2.33486982377251e-16 -1 1.2246467991473532e-16 0 0.45000000000000001
2 -155.92000000000002 -217.24000000000001 138.56500010000002 -1.1102230246251563e-16 2.33486982377251e-16 1 1 -1.224646799147353e-16 1.1102230246251565e-16 1.2246467991473532e-16 1 -2.33486982377251e-16 7.5999999999999996
2 -143.72 -228.38999999999999 132.5900001 -1.2246467991473532e-16 -1 2.33486982377251e-16 -1 1.2246467991473532e-16 0 2.8593908561087489e-32 2.33486982377251e-16 1 1.6000000000000001
2 -143.72 -228.39000000000004 107.7400001 -1.2246467991473532e-16 -1 2.33486982377251e-16 -1 1.2246467991473532e-16 0 2.8593908561087489e-32 2.33486982377251e-16 1 1.6000000000000001
5 -153.81999999999999 -221.83999999999997 126.8650001 -1.2246467991473532e-16 -1 2.33486982377251e-16 1 -1.2246467991473532e-16 0 -2.8593908561087489e-32 -2.33486982377251e-16 -1 0.45000000000000001 0.45000000000000001
1 -152.91999999999999 -223.79000000000002 121.46500010000001 2.8593908561087489e-32 2.33486982377251e-16 1 1.2246467991473532e-16 1 -2.33486982377251e-16 -1 1.2246467991473532e-16 0 
2 -153.81999999999999 -221.83999999999997 126.4150001 -1 1.2246467991473532e-16 0 1.2246467991473532e-16 1 -2.33486982377251e-16 -2.8593908561087489e-32 -2.33486982377251e-16 -1 0.45000000000000001
5 -157.52000000000001 -221.83999999999997 126.8650001 -1.2246467991473532e-16 -1 2.33486982377251e-16 -7.4014868308343733e-16 -2.334869823772509e-16 -1 -1 1.2246467991473549e-16 7.4014868308343733e-16 0.45000000000000001 0.45000000000000001
3 -155.91999999999999 -217.24000000000001 94.365000100000003 2.3348698237725095e-16 -2.3348698237725105e-16 -1 -1 1.2246467991473527e-16 -2.33486982377251e-16 1.2246467991473532e-16 1 -2.33486982377251e-16 7.5999999999999996
-0.46364760900080609
2 -168.12 -228.39000000000004 107.7400001 -1.2246467991473532e-16 -1 2.33486982377251e-16 -1 1.2246467991473532e-16 0 2.8593908561087489e-32 2.33486982377251e-16 1 1.6000000000000001
2 -168.12 -228.38999999999999 132.5900001 -1.2246467991473532e-16 -1 2.33486982377251e-16 -1 1.2246467991473532e-16 0 2.8593908561087489e-32 2.33486982377251e-16 1 1.6000000000000001
3 -155.92000000000002 -217.24000000000001 145.9650001 -1.1102230246251563e-16 2.33486982377251e-16 1 1 -1.224646799147353e-16 1.1102230246251565e-16 1.2246467991473532e-16 1 -2.33486982377251e-16 7.5999999999999996
-0.46364760900080609
1 -152.91999999999999 -221.38999999999999 125.96500010000001 1.2246467991473532e-16 1 -2.33486982377251e-16 -1 1.2246467991473532e-16 0 2.8593908561087489e-32 2.33486982377251e-16 1 
1 -143.72 -225.29000000000002 132.5900001 1.2246467991473532e-16 1 -2.33486982377251e-16 -1 1.2246467991473532e-16 0 2.8593908561087489e-32 2.33486982377251e-16 1 
1 -143.72 -225.29000000000002 107.7400001 1.2246467991473532e-16 1 -2.33486982377251e-16 -1 1.2246467991473532e-16 0 2.8593908561087489e-32 2.33486982377251e-16 1 
1 -155.91999999999999 -217.24000000000001 93.6650001 2.3348698237725095e-16 -2.3348698237725105e-16 -1 -1 1.2246467991473527e-16 -2.33486982377251e-16 1.2246467991473532e-16 1 -2.33486982377251e-16 
2 -155.91999999999999 -217.24000000000001 93.865000100000003 1.224646799147353e-16 -2.33486982377251e-16 -1 1.2246467991473532e-16 1 -2.33486982377251e-16 1 -1.224646799147353e-16 1.2246467991473532e-16 4.9000000000000004
1 -168.12 -225.29000000000002 107.7400001 1.2246467991473532e-16 1 -2.33486982377251e-16 -1 1.2246467991473532e-16 0 2.8593908561087489e-32 2.33486982377251e-16 1 
1 -168.12 -225.29000000000002 132.5900001 1.2246467991473532e-16 1 -2.33486982377251e-16 -1 1.2246467991473532e-16 0 2.8593908561087489e-32 2.33486982377251e-16 1 
1 -155.92000000000002 -217.24000000000001 146.66500009999999 -1.1102230246251563e-16 2.33486982377251e-16 1 1 -1.224646799147353e-16 1.1102230246251565e-16 1.2246467991473532e-16 1 -2.33486982377251e-16 
2 -155.91999999999999 -217.24000000000001 146.4650001 2.8593908561087489e-32 2.33486982377251e-16 1 1.2246467991473532e-16 1 -2.33486982377251e-16 -1 1.2246467991473532e-16 0 4.9000000000000004
10 5.017821599483697 11.301006906663282 0 6.2831853071795862
5 -155.91999999999999 -217.24000000000001 91.815000099999992 -1.224646799147353e-16 2.33486982377251e-16 1 1.2246467991473532e-16 1 -2.33486982377251e-16 1 -1.224646799147353e-16 1.2246467991473532e-16 4.8499999999999996 0.25
10 3.2375857624494815 9.5207710696290668 0 6.2831853071795862
5 -155.91999999999999 -217.24000000000001 148.51500010000001 -2.8593908561087489e-32 -2.33486982377251e-16 -1 1.2246467991473532e-16 1 -2.33486982377251e-16 -1 1.2246467991473532e-16 0 4.8499999999999996 0.25
1 -156.91194247690453 -217.15321627840103 93.365000100000003 -2.8593908561087489e-32 -2.33486982377251e-16 -1 -1.2246467991473532e-16 -1 2.33486982377251e-16 -1 1.2246467991473532e-16 0 
2 -155.91999999999999 -217.24000000000001 93.365000100000003 2.8593908561087489e-32 2.33486982377251e-16 1 0.64278760968653936 -0.76604444311897812 1.7886140539071187e-16 -0.76604444311897812 -0.64278760968653936 1.5008253929519632e-16 6.75
1 -150.7492000089469 -212.90118363461585 93.365000100000003 -0.64278760968654014 0.76604444311897746 -1.7886140539071172e-16 -0.76604444311897746 -0.64278760968654014 1.5008253929519652e-16 2.8593908561087489e-32 2.33486982377251e-16 1 
10 5.017821599483697 11.301006906663282 -2e+100 2e+100
2 -155.91999999999999 -217.24000000000001 92.065000099999992 1.224646799147353e-16 -2.33486982377251e-16 -1 1.2246467991473532e-16 1 -2.33486982377251e-16 1 -1.224646799147353e-16 1.2246467991473532e-16 5.0999999999999996
1 -152.8346194735046 -220.91701332697113 93.365000100000003 -0.76604444311897824 -0.64278760968653914 1.5008253929519627e-16 0.64278760968653914 -0.76604444311897824 1.7886140539071187e-16 2.8593908561087489e-32 2.33486982377251e-16 1 
10 3.2375857624494815 9.5207710696290668 -2e+100 2e+100
2 -155.91999999999999 -217.24000000000001 148.26500010000001 2.8593908561087489e-32 2.33486982377251e-16 1 1.2246467991473532e-16 1 -2.33486982377251e-16 -1 1.2246467991473532e-16 0 5.0999999999999996
1 -162.26292519030488 -214.93136403255176 146.9650001 0.34202014332566893 0.93969262078590843 -2.1940599438947218e-16 0.93969262078590843 -0.34202014332566893 7.9857251177345289e-17 -2.8593908561087489e-32 -2.33486982377251e-16 -1 
2 -155.91999999999999 -217.24000000000001 146.9650001 -2.8593908561087489e-32 -2.33486982377251e-16 -1 0.76604444311897801 0.64278760968653936 -1.5008253929519632e-16 0.64278760968653936 -0.76604444311897801 1.7886140539071182e-16 6.7499999999999991
1 -155.63409734527536 -218.86143452792032 146.9650001 -2.8593908561087489e-32 -2.33486982377251e-16 -1 -1.2246467991473532e-16 -1 2.33486982377251e-16 -1 1.2246467991473532e-16 0 
1 -152.24298667302889 -214.15461947350462 146.9650001 -0.64278760968653936 0.76604444311897801 -1.7886140539071182e-16 0.76604444311897801 0.64278760968653936 -1.5008253929519632e-16 -2.8593908561087489e-32 -2.33486982377251e-16 -1 
1 -156.91194247690453 -217.15321627840103 91.965000099999997 -2.8593908561087489e-32 -2.33486982377251e-16 -1 -1.2246467991473532e-16 -1 2.33486982377251e-16 -1 1.2246467991473532e-16 0 
1 -161.70682691882342 -213.48199065839634 92.865000100000003 -0.54463903501502731 -0.83867056794542394 1.9581866011819231e-16 0.83867056794542394 -0.54463903501502731 1.2716612477051663e-16 2.8593908561087489e-32 2.33486982377251e-16 1 
10 5.0178215994836988 11.301006906663286 0 6.2831853071795862
5 -155.91999999999999 -217.24000000000001 90.6650001 1.224646799147353e-16 -2.33486982377251e-16 -1 1.2246467991473532e-16 1 -2.33486982377251e-16 1 -1.224646799147353e-16 1.2246467991473532e-16 4.8499999999999996 0.25
2 -155.92000000000002 -217.24000000000001 92.865000100000003 2.8593908561087489e-32 2.33486982377251e-16 1 -0.99939082701909576 0.034899496702501101 -8.1485781715517736e-18 0.034899496702501101 0.99939082701909576 -2.333447484161939e-16 6.8999999999999959
1 -160.71707596969165 -217.07248241582801 92.865000100000003 0.03489949670250083 0.99939082701909587 -2.333447484161939e-16 -0.99939082701909587 0.03489949670250083 -8.1485781715517105e-18 2.8593908561087489e-32 2.33486982377251e-16 1 
1 -156.91194247690453 -217.15321627840103 91.965000099999997 -2.8593908561087489e-32 -2.33486982377251e-16 -1 -1.2246467991473532e-16 -1 2.33486982377251e-16 -1 1.2246467991473532e-16 0 
1 -155.63409734527536 -218.86143452792032 148.36500010000003 -2.8593908561087489e-32 -2.33486982377251e-16 -1 -1.2246467991473532e-16 -1 2.33486982377251e-16 -1 1.2246467991473532e-16 0 
1 -153.89143234364465 -221.59027737777592 147.4650001 0.90630778703665005 0.42261826174069933 -9.8675862631355129e-17 0.42261826174069933 -0.90630778703665005 2.1161107030019166e-16 -2.8593908561087489e-32 -2.33486982377251e-16 -1 
2 -155.92000000000002 -217.24000000000001 147.4650001 -2.8593908561087489e-32 -2.33486982377251e-16 -1 0.422618261740699 -0.90630778703665016 2.1161107030019166e-16 -0.90630778703665016 -0.422618261740699 9.8675862631355055e-17 6.9000000000000083
10 3.2375857624494864 9.5207710696290722 0 6.2831853071795862
5 -155.91999999999999 -217.24000000000001 149.66500009999999 2.8593908561087489e-32 2.33486982377251e-16 1 1.2246467991473532e-16 1 -2.33486982377251e-16 -1 1.2246467991473532e-16 0 4.8499999999999996 0.25
1 -157.58926107963771 -223.93504051130435 147.4650001 -0.97029572627599658 0.2419218955996679 -5.6485613374550781e-17 0.2419218955996679 0.97029572627599658 -2.2655142114172553e-16 -2.8593908561087489e-32 -2.33486982377251e-16 -1 
1 -155.63409734527536 -218.86143452792032 148.36500010000003 -2.8593908561087489e-32 -2.33486982377251e-16 -1 -1.2246467991473532e-16 -1 2.33486982377251e-16 -1 1.2246467991473532e-16 0 
1 -161.4749173762782 -215.48854127893668 92.865000100000003 -2.8593908561087489e-32 -2.33486982377251e-16 -1 -1.2246467991473532e-16 -1 2.33486982377251e-16 -1 1.2246467991473532e-16 0 
1 -155.91999999999999 -217.24000000000001 90.4150001 1.224646799147353e-16 -2.33486982377251e-16 -1 1.2246467991473532e-16 1 -2.33486982377251e-16 1 -1.224646799147353e-16 1.2246467991473532e-16 
2 -155.91999999999999 -217.24000000000001 97.9150001 1.224646799147353e-16 -2.33486982377251e-16 -1 1.2246467991473532e-16 1 -2.33486982377251e-16 1 -1.224646799147353e-16 1.2246467991473532e-16 3.2000000000000002
1 -155.36746711104556 -222.97827345162784 147.4650001 -2.8593908561087489e-32 -2.33486982377251e-16 -1 -1.2246467991473532e-16 -1 2.33486982377251e-16 -1 1.2246467991473532e-16 0 
1 -155.91999999999999 -217.24000000000001 149.91500009999999 2.8593908561087489e-32 2.33486982377251e-16 1 1.2246467991473532e-16 1 -2.33486982377251e-16 -1 1.2246467991473532e-16 0 
2 -155.91999999999999 -217.24000000000001 142.41500009999999 2.8593908561087489e-32 2.33486982377251e-16 1 1.2246467991473532e-16 1 -2.33486982377251e-16 -1 1.2246467991473532e-16 0 3.2000000000000002
1 -155.91999999999999 -217.24000000000001 97.9150001 1.224646799147353e-16 -2.33486982377251e-16 -1 1.2246467991473532e-16 1 -2.33486982377251e-16 1 -1.224646799147353e-16 1.2246467991473532e-16 
1 -155.91999999999999 -217.24000000000001 142.41500009999999 2.8593908561087489e-32 2.33486982377251e-16 1 1.2246467991473532e-16 1 -2.33486982377251e-16 -1 1.2246467991473532e-16 0 
Triangulations 0

TShapes 1153
Ve
1e-07
66.2457072067178 166.29 186.401683617656
0 0

0101101
*
Ve
2.76143402057469e-07
67.7202049214748 166.29 185.675701871666
0 0

0101101
*
Ed
 1e-07 1 1 0
1  1 0 0.0655237737571305 0.171607746116802
2  1 1 0 0.0655237737571305 0.171607746116802
0

0101000
+1153 4 -1152 4 *
Ve
2.7614340074995e-07
79.92 166.24 185.675789595555
0 0

0101101
*
Ed
 2.76143398085415e-07 1 1 0
1  2 0 0 0.999999964364664
2  2 1 0 0 0.999999964364664
2  3 2 0 0 0.999999964364664
0

0101000
+1150 4 -1152 4 *
Ve
1.00000004440892e-07
79.9197950785252 166.29 185.675701871666
0 0

0101101
*
Ed
 1e-07 1 1 0
1  3 0 1.20000413008761e-05 1
2  4 1 0 1.20000413008761e-05 1
2  5 2 0 1.20000413008761e-05 1
0

0101000
+1148 4 -1150 4 *
Ve
1e-07
81.3942927932822 166.29 186.401683617656
0 0

0101101
*
Ed
 1e-07 1 1 0
1  4 0 0.980555546689012 1.08663951904868
2  1 1 0 0.980555546689012 1.08663951904868
0

0101000
+1148 4 -1146 4 *
Ve
5.00000000397205e-06
81.3942927932822 152.99 186.401683617656
0 0

0101101
*
Ed
 1e-07 1 1 0
1  5 0 0.199999999999991 13.5
2  6 1 0 0.199999999999991 13.5
2  7 3 0 0.199999999999991 13.5
4 G1 1 0 3 0
0

0101000
+1144 4 -1146 4 *
Ve
1.00000001986027e-07
78.7127469979484 152.99 185.21748410259
0 0

0101101
*
Ed
 1e-07 1 1 0
1  6 0 1.06023845414912 1.24964303494843
2  8 1 0 1.06023845414912 1.24964303494843
0

0101000
+1144 4 -1142 4 *
Ve
1.00000006936895e-07
78.37 152.947515486695 185.107864749333
0 0

0101101
*
Ed
 1e-07 1 1 0
1  7 0 0 1
2  9 1 0 0 1
2  10 4 0 0 1
0

0101000
+1142 4 -1140 4 *
Ve
1.00000291821694e-07
77.852620296496 152.79 184.958772333983
0 0

0101101
*
Ed
 1e-07 1 1 0
1  8 0 1.04896497020177e-06 0.999997430891067
2  11 1 0 1.04896497020177e-06 0.999997430891067
2  12 5 0 1.04896497020177e-06 0.999997430891067
0

0101000
+1140 4 -1138 4 *
Ve
1.0000020630991e-07
69.7873797035042 152.79 184.958772333983
0 0

0101101
*
Ed
 1e-07 1 1 0
1  9 0 5.04354695054148 5.56994150934911
2  13 1 0 5.04354695054148 5.56994150934911
0

0101000
+1138 4 -1136 4 *
Ve
1.00000004070145e-07
69.27 152.947515486695 185.107864749333
0 0

0101101
*
Ed
 1e-07 1 1 0
1  10 0 1.04896493586624e-06 0.999997430891388
2  14 1 0 1.04896493586624e-06 0.999997430891388
2  15 5 0 1.04896493586624e-06 0.999997430891388
0

0101000
+1134 4 -1136 4 *
Ve
1.00000001986027e-07
68.9272530020516 152.99 185.21748410259
0 0

0101101
*
Ed
 1e-07 1 1 0
1  11 0 0 1
2  16 1 0 0 1
2  17 6 0 0 1
0

0101000
+1132 4 -1134 4 *
Ve
5.00000000407015e-06
66.2457072067178 152.99 186.401683617656
0 0

0101101
*
Ed
 1e-07 1 1 0
1  12 0 1.89194961864136 2.08135419944067
2  8 1 0 1.89194961864136 2.08135419944067
0

0101000
+1132 4 -1130 4 *
Ed
 1e-07 1 1 0
1  13 0 0.199999999999991 13.5
2  18 1 0 0.199999999999991 13.5
2  19 7 0 0.199999999999991 13.5
4 G1 1 0 7 0
0

0101000
+1130 4 -1153 4 *
Wi

0101100
-1151 0 +1149 0 +1147 0 -1145 0 +1143 0 -1141 0 -1139 0 -1137 0 -1135 0 +1133 0 
+1131 0 -1129 0 -1128 0 *
Fa
0  1e-07 1 0

0101000
+1127 0 *
Ve
1e-07
65.1182931891178 166.29 213.833895232067
0 0

0101101
*
Ve
1e-07
66.2457072067178 166.29 213.448316582344
0 0

0101101
*
Ed
 1e-07 1 1 0
1  14 0 0 1
2  20 9 0 0 1
0

0101000
+1125 4 -1124 4 *
Ve
1.00000016687357e-07
67.7202049214748 166.29 214.174298328334
0 0

0101101
*
Ed
 1e-07 1 1 0
1  15 0 4.1221482002788 4.22823217263848
2  1 10 0 4.1221482002788 4.22823217263848
0

0101000
+1122 4 -1124 4 *
Ve
1.00000006217249e-07
67.7202049214748 166.29 213.189708917008
0 0

0101101
*
Ed
 1e-07 1 1 0
1  16 0 3.76470881700764 4.74929822833392
2  21 11 0 3.76470881700764 4.74929822833392
0

0101000
+1120 4 -1122 4 *
Ve
1.00000015280799e-07
64.9734679846101 166.29 211.539597437001
0 0

0101101
*
Ed
 1e-07 1 1 0
1  17 0 4.22353918761294 4.44345352979612
2  22 12 0 4.22353918761294 4.44345352979612
0

0101000
+1120 4 -1118 4 *
Ve
1e-07
65.07 166.29 212.3500001
0 0

0101101
*
Ed
 1e-07 1 1 0
1  18 0 0 0.237114991334281
2  23 13 0 0 0.237114991334281
0

0101000
+1116 4 -1118 4 *
Ve
1.00000029134418e-07
62.3689908273524 166.29 208.982283849996
0 0

0101101
*
Ed
 1e-07 1 1 0
1  19 0 1.35195493861833 6.28318530717959
2  23 13 0 1.35195493861833 6.28318530717959
0

0101000
+1114 4 -1116 4 *
Ve
1.00000003972055e-07
62.3689908273523 166.29 190.867716350004
0 0

0101101
*
Ed
 1e-07 1 1 0
1  20 0 4.69411537722697 6.03252345974874
2  22 14 0 4.69411537722697 6.03252345974874
0

0101000
+1114 4 -1112 4 *
Ve
1e-07
65.07 166.29 187.5000001
0 0

0101101
*
Ed
 1e-07 1 1 0
1  21 0 0 4.93123036856125
2  24 15 0 0 4.93123036856125
0

0101000
+1110 4 -1112 4 *
Ve
1.00000008881784e-07
64.9734679846101 166.29 188.310402762999
0 0

0101101
*
Ed
 1e-07 1 1 0
1  22 0 6.04607031584531 6.28318530717959
2  24 15 0 6.04607031584531 6.28318530717959
0

0101000
+1108 4 -1110 4 *
Ve
1.00000002664535e-07
67.7202049214748 166.29 186.660291282992
0 0

0101101
*
Ed
 1e-07 1 1 0
1  23 0 0 0.219914342183181
2  22 16 0 0 0.219914342183181
0

0101000
+1108 4 -1106 4 *
Ed
 1e-07 1 1 0
1  24 0 3.76470881700763 4.74929822833391
2  25 2 0 3.76470881700763 4.74929822833391
0

0101000
+1106 4 -1152 4 *
Ve
1e-07
65.1182931891178 166.29 186.016104967933
0 0

0101101
*
Ed
 1e-07 1 1 0
1  25 0 0 1
2  26 7 0 0 1
0

0101000
+1153 4 -1103 4 *
Ve
1e-07
60.072429751803 166.29 190.970594620669
0 0

0101101
*
Ed
 1e-07 1 1 0
1  26 0 1.99024319093805 5.88201204619415
2  27 17 0 1.99024319093805 5.88201204619415
0

0101000
+1101 4 -1103 4 *
Ve
1e-07
60.4373432564345 166.29 192.104865926989
0 0

0101101
*
Ed
 1e-07 1 1 0
1  27 0 0 1
2  28 18 0 0 1
0

0101000
+1101 4 -1099 4 *
Ve
1e-07
60.4373432564345 166.29 207.745134273011
0 0

0101101
*
Ed
 1e-07 1 1 0
1  28 0 4.7596391509841 5.81730210259109
2  1 19 0 4.7596391509841 5.81730210259109
0

0101000
+1097 4 -1099 4 *
Ve
1e-07
60.072429751803 166.29 208.879405579331
0 0

0101101
*
Ed
 1e-07 1 1 0
1  29 0 0 1
2  29 20 0 0 1
0

0101000
+1095 4 -1097 4 *
Ed
 1e-07 1 1 0
1  30 0 0.401173260985435 4.29294211624154
2  30 21 0 0.401173260985435 4.29294211624154
0

0101000
+1125 4 -1095 4 *
Wi

0101100
-1123 0 +1121 0 +1119 0 -1117 0 +1115 0 +1113 0 -1111 0 +1109 0 +1107 0 -1105 0 
-1104 0 +1151 0 -1102 0 +1100 0 -1098 0 +1096 0 +1094 0 +1093 0 *
Fa
0  1e-07 8 0

0101000
+1092 0 *
Ve
1.00000006646519e-07
68.7222063596101 169.59 188.896174233209
0 0

0101101
*
Ve
1.000001e-06
72.0915373452219 172.089992893247 190.4250001
0 0

0101101
*
Ed
 1e-07 1 1 0
1  31 0 0 1
2  31 2 0 0 1
2  32 22 0 0 1
0

0101000
+1090 4 -1089 4 *
Ve
1.000001e-06
75.5484626547781 172.089992893247 190.4250001
0 0

0101101
*
Ed
 1e-07 1 1 0
1  32 0 4.42509877577936 4.99967918499002
2  33 2 0 4.42509877577936 4.99967918499002
0

0101000
+1089 4 -1087 4 *
Ve
1.0000000307674e-07
78.9177936403899 169.59 188.896174233209
0 0

0101101
*
Ed
 1e-07 1 1 0
1  33 0 0 1
2  34 2 0 0 1
2  35 23 0 0 1
0

0101000
+1085 4 -1087 4 *
Ve
1.00000001776357e-07
79.8951543190276 166.79 189.40288054166
0 0

0101101
*
Ed
 1e-07 1 1 0
1  34 0 2.32886862522725e-07 0.999999796173046
2  36 2 0 2.32886862522725e-07 0.999999796173046
2  37 24 0 2.32886862522725e-07 0.999999796173046
0

0101000
+1085 4 -1083 4 *
Ve
1.00000021972321e-07
79.8951543190276 166.79 189.518511739367
0 0

0101101
*
Ed
 1e-07 1 1 0
1  35 0 0.906488360633487 1.02211955833994
2  38 2 0 0.906488360633487 1.02211955833994
0

0101000
+1081 4 -1083 4 *
Ve
1.00000001776357e-07
79.92 166.24 189.53305610477
0 0

0101101
*
Ed
 1e-07 1 1 0
1  36 0 1.09342773574369e-06 1
2  39 2 0 1.09342773574369e-06 1
2  40 25 0 1.09342773574369e-06 1
0

0101000
+1081 4 -1079 4 *
Ve
1.00000003662053e-07
79.92 166.24 186.660385518339
0 0

0101101
*
Ed
 1e-07 1 1 0
1  37 0 0.891943995230154 3.76461458166049
2  41 2 0 0.891943995230154 3.76461458166049
2  42 26 0 0.891943995230154 3.76461458166049
4 CN 2 0 26 0
0

0101000
+1079 4 -1077 4 *
Ve
1.00000004440892e-07
79.9197950785252 166.29 186.660291282992
0 0

0101101
*
Ed
 1e-07 1 1 0
1  38 0 1.20000489547085e-05 1
2  43 2 0 1.20000489547085e-05 1
2  44 27 0 1.20000489547085e-05 1
0

0101000
+1075 4 -1077 4 *
Ed
 1e-07 1 1 0
1  39 0 3.76470881700763 4.74929822833391
2  45 2 0 3.76470881700763 4.74929822833391
0

0101000
+1075 4 -1148 4 *
Ve
1e-07
79.92 166.24 183.9250001
0 0

0101101
*
Ed
 1e-07 1 1 0
1  40 0 4.7492105044455 6.5
3  41 42CN 2 0 4.7492105044455 6.5
0

0101000
+1150 4 -1072 4 *
Ed
 1e-07 1 1 0
1  41 0 0 6.28318530717959
2  46 2 0 0 6.28318530717959
2  47 28 0 0 6.28318530717959
0

0101000
+1072 4 -1072 4 *
Ve
1.00000005329071e-07
67.7202049214748 166.19 186.660291282992
0 0

0101101
*
Ed
 1e-07 1 1 0
1  42 0 6.00002456624012e-06 0.999993999975487
2  48 2 0 6.00002456624012e-06 0.999993999975487
2  49 16 0 6.00002456624012e-06 0.999993999975487
0

0101000
+1069 4 -1106 4 *
Ve
1.00000010950199e-07
68.7222063596101 162.89 189.006437923596
0 0

0101101
*
Ed
 1e-07 1 1 0
1  43 0 0 1
2  50 2 0 0 1
2  51 29 0 0 1
0

0101000
+1067 4 -1069 4 *
Ve
1.00000004070145e-07
67.7448456809724 166.79 189.518511739367
0 0

0101101
*
Ed
 1e-07 1 1 0
1  44 0 1.69766144127338e-07 0.999999851599261
2  52 2 0 1.69766144127338e-07 0.999999851599261
2  53 30 0 1.69766144127338e-07 0.999999851599261
0

0101000
+1067 4 -1065 4 *
Ve
1.00000004440892e-07
67.7448456809724 166.79 189.40288054166
0 0

0101101
*
Ed
 1e-07 1 1 0
1  45 0 0.906488360633476 1.02211955833995
2  54 2 0 0.906488360633476 1.02211955833995
0

0101000
+1065 4 -1063 4 *
Ed
 1e-07 1 1 0
1  46 0 2.03827038761393e-07 0.999999767113192
2  55 2 0 2.03827038761393e-07 0.999999767113192
2  56 31 0 2.03827038761393e-07 0.999999767113192
0

0101000
+1063 4 -1090 4 *
Wi

0101100
+1088 0 +1086 0 -1084 0 +1082 0 -1080 0 +1078 0 +1076 0 -1074 0 +1073 0 +1147 0 
+1071 0 -1070 0 -1071 0 +1149 0 -1104 0 -1068 0 -1066 0 +1064 0 +1062 0 +1061 0 
*
Fa
0  1e-07 2 0

0101000
+1060 0 *
Ve
1e-07
81.3942927932823 166.29 213.448316582344
0 0

0101101
*
Ve
2.76143410238902e-07
79.9197950785252 166.29 214.174298328334
0 0

0101101
*
Ed
 1e-07 1 1 0
1  47 0 3.20711642734692 3.3132003997066
2  1 10 0 3.20711642734692 3.3132003997066
0

0101000
+1058 4 -1057 4 *
Ve
1e-07
82.5217068108822 166.29 213.833895232067
0 0

0101101
*
Ed
 1e-07 1 1 0
1  48 0 0 1
2  57 33 0 0 1
0

0101000
+1058 4 -1055 4 *
Ve
1e-07
87.567570248197 166.29 208.879405579331
0 0

0101101
*
Ed
 1e-07 1 1 0
1  49 0 0.249711820978959 4.14148067623506
2  58 34 0 0.249711820978959 4.14148067623506
0

0101000
+1055 4 -1053 4 *
Ve
1e-07
87.2026567435655 166.29 207.745134273011
0 0

0101101
*
Ed
 1e-07 1 1 0
1  50 0 0 1
2  59 35 0 0 1
0

0101000
+1051 4 -1053 4 *
Ve
1e-07
87.2026567435655 166.29 192.104865926989
0 0

0101101
*
Ed
 1e-07 1 1 0
1  51 0 1.61804649739431 2.6757094490013
2  1 36 0 1.61804649739431 2.6757094490013
0

0101000
+1049 4 -1051 4 *
Ve
1e-07
87.567570248197 166.29 190.970594620669
0 0

0101101
*
Ed
 1e-07 1 1 0
1  52 0 0 1
2  60 37 0 0 1
0

0101000
+1047 4 -1049 4 *
Ve
1e-07
82.5217068108822 166.29 186.016104967933
0 0

0101101
*
Ed
 1e-07 1 1 0
1  53 0 0.249711820978938 4.14148067623504
2  61 38 0 0.249711820978938 4.14148067623504
0

0101000
+1047 4 -1045 4 *
Ed
 1e-07 1 1 0
1  54 0 0 1
2  62 3 0 0 1
0

0101000
+1146 4 -1045 4 *
Ve
1.00000015280799e-07
82.6665320153899 166.29 188.310402762999
0 0

0101101
*
Ed
 1e-07 1 1 0
1  55 0 1.08194653402315 1.30186087620633
2  22 27 0 1.08194653402315 1.30186087620633
0

0101000
+1075 4 -1042 4 *
Ve
1e-07
89.47 166.29 187.5000001
0 0

0101101
*
Ed
 1e-07 1 1 0
1  56 0 0 3.37870764492407
2  63 39 0 0 3.37870764492407
0

0101000
+1040 4 -1042 4 *
Ve
1.00000024161065e-07
85.2710091726477 166.29 190.867716350004
0 0

0101101
*
Ed
 1e-07 1 1 0
1  57 0 4.49354759220813 6.28318530717959
2  63 39 0 4.49354759220813 6.28318530717959
0

0101000
+1038 4 -1040 4 *
Ve
1.00000006404746e-07
85.2710091726477 166.29 208.982283849996
0 0

0101101
*
Ed
 1e-07 1 1 0
1  58 0 1.55252272363718 2.89093080615894
2  22 40 0 1.55252272363718 2.89093080615894
0

0101000
+1038 4 -1036 4 *
Ve
1e-07
89.47 166.29 212.3500001
0 0

0101101
*
Ed
 1e-07 1 1 0
1  59 0 0 1.78963771497146
2  64 41 0 0 1.78963771497146
0

0101000
+1034 4 -1036 4 *
Ve
1.00000010357851e-07
82.6665320153899 166.29 211.539597437001
0 0

0101101
*
Ed
 1e-07 1 1 0
1  60 0 2.90447766225551 6.28318530717959
2  64 41 0 2.90447766225551 6.28318530717959
0

0101000
+1032 4 -1034 4 *
Ve
1.00000002664535e-07
79.9197950785252 166.29 213.189708917008
0 0

0101101
*
Ed
 1e-07 1 1 0
1  61 0 3.14159265358979 3.36150699577297
2  22 42 0 3.14159265358979 3.36150699577297
0

0101000
+1032 4 -1030 4 *
Ed
 1e-07 1 1 0
1  62 0 3.76470881700763 4.74929822833391
2  65 11 0 3.76470881700763 4.74929822833391
0

0101000
+1030 4 -1057 4 *
Wi

0101100
+1056 0 -1054 0 -1052 0 +1050 0 +1048 0 +1046 0 -1044 0 +1043 0 +1145 0 +1073 0 
-1041 0 +1039 0 +1037 0 -1035 0 +1033 0 +1031 0 -1029 0 -1028 0 *
Fa
0  1e-07 32 0

0101000
+1027 0 *
Ve
5.00000000355271e-06
82.5217068108822 152.99 186.016104967933
0 0

0101101
*
Ed
 1e-07 1 1 0
1  63 0 0.199999999999991 13.5
2  66 3 0 0.199999999999991 13.5
2  67 38 0 0.199999999999991 13.5
4 G1 3 0 38 0
0

0101000
+1025 4 -1045 4 *
Ed
 5e-06 1 1 0
1  64 0 0 1
2  68 3 0 0 1
0

0101000
+1025 4 -1144 4 *
Wi

0101100
-1143 0 -1043 0 +1024 0 -1023 0 *
Fa
0  1e-07 3 0

0101000
+1022 0 *
Ve
5.00000000355271e-06
87.567570248197 152.99 190.970594620669
0 0

0101101
*
Ed
 1e-07 1 1 0
1  65 0 5.13183584452784 9.02360469978395
2  69 38 0 5.13183584452784 9.02360469978395
0

0101000
+1020 4 -1025 4 *
Ve
5.00000000407015e-06
87.2026567435655 152.99 192.104865926989
0 0

0101101
*
Ed
 5e-06 1 1 0
1  66 0 0 1
2  70 37 0 0 1
0

0101000
+1018 4 -1020 4 *
Ve
5.00000000407015e-06
87.2026567435655 152.99 207.745134273011
0 0

0101101
*
Ed
 1e-07 1 1 0
1  67 0 5.75435383137609 6.81201678298308
2  71 36 0 5.75435383137609 6.81201678298308
0

0101000
+1016 4 -1018 4 *
Ve
5.00000000355271e-06
87.567570248197 152.99 208.879405579331
0 0

0101101
*
Ed
 5e-06 1 1 0
1  68 0 0 1
2  72 35 0 0 1
0

0101000
+1014 4 -1016 4 *
Ve
5.00000000435117e-06
82.5217068108822 152.99 213.833895232067
0 0

0101101
*
Ed
 1e-07 1 1 0
1  69 0 3.54276591457523 7.43453476983133
2  73 34 0 3.54276591457523 7.43453476983133
0

0101000
+1012 4 -1014 4 *
Ve
5.00000000407015e-06
81.3942927932823 152.99 213.448316582344
0 0

0101101
*
Ed
 5e-06 1 1 0
1  70 0 0 1
2  74 33 0 0 1
0

0101000
+1012 4 -1010 4 *
Ve
1.00000005329071e-07
78.7127469979484 152.99 214.63251609741
0 0

0101101
*
Ed
 1e-07 1 1 0
1  71 0 5.03354227223115 5.22294685303047
2  75 10 0 5.03354227223115 5.22294685303047
0

0101000
+1008 4 -1010 4 *
Ve
1e-07
79.42 152.99 215.6250001
0 0

0101101
*
Ed
 1e-07 1 1 0
1  72 0 0 1.23827665618243
2  76 44 0 0 1.23827665618243
4 G1 43 5 44 0
0

0101000
+1006 4 -1008 4 *
Ve
7.2108142497892e-07
79.42 152.99 216.4750001
0 0

0101101
*
Ed
 1e-07 1 1 0
1  73 0 0.350000000000001 1.2
2  77 45 0 0.350000000000001 1.2
4 G1 43 5 45 0
0

0101000
+1004 4 -1006 4 *
Ve
1e-07
86.07 152.99 216.4750001
0 0

0101101
*
Ed
 1e-07 1 1 0
1  74 0 0.35 7
2  78 46 0 0.35 7
4 G1 43 5 46 0
0

0101000
+1004 4 -1002 4 *
Ve
1e-07
90.22 152.99 212.3250001
0 0

0101101
*
Ed
 1e-07 1 1 0
1  75 0 -0 1.5707963267949
2  79 47 0 -0 1.5707963267949
4 G1 43 5 47 0
0

0101000
+1002 4 -1000 4 *
Ve
1e-07
90.22 152.99 187.5250001
0 0

0101101
*
Ed
 1e-07 1 1 0
1  76 0 0 24.8
2  80 48 0 0 24.8
4 G1 43 5 48 0
0

0101000
+1000 4 -998 4 *
Ve
1e-07
86.07 152.99 183.3750001
0 0

0101101
*
Ed
 1e-07 1 1 0
1  77 0 0 1.5707963267949
2  81 49 0 0 1.5707963267949
4 G1 43 5 49 0
0

0101000
+998 4 -996 4 *
Ve
1.01969410203018e-06
79.42 152.99 183.3750001
0 0

0101101
*
Ed
 1e-07 1 1 0
1  78 0 -0 6.65
2  82 50 0 -0 6.65
4 G1 43 5 50 0
0

0101000
+996 4 -994 4 *
Ve
1e-07
79.42 152.99 184.2250001
0 0

0101101
*
Ed
 1e-07 1 1 0
1  79 0 0.350000000000001 1.2
2  83 51 0 0.350000000000001 1.2
4 G1 43 5 51 0
0

0101000
+994 4 -992 4 *
Ed
 1e-07 1 1 0
1  80 0 0 1.23827665618243
2  84 4 0 0 1.23827665618243
4 G1 43 5 4 0
0

0101000
+992 4 -1142 4 *
Wi

0101100
+1141 0 +1023 0 +1019 0 +1017 0 +1015 0 +1013 0 +1011 0 -1009 0 +1007 0 +1005 0 
+1003 0 -1001 0 -999 0 -997 0 -995 0 -993 0 -991 0 -990 0 *
Fa
0  1e-07 43 5

0101000
+989 0 *
Ve
1e-07
79.07 152.64 184.2250001
0 0

0101101
*
Ed
 1e-07 1 1 0
1  81 0 0 1.5707963267949
2  85 4 0 0 1.5707963267949
2  86 51 0 0 1.5707963267949
4 G1 4 0 51 0
0

0101000
+992 4 -987 4 *
Ve
1e-07
78.37 152.64 184.9250001
0 0

0101101
*
Ed
 1e-07 1 1 0
1  82 0 0 1.5707963267949
2  87 4 0 0 1.5707963267949
2  88 52 0 0 1.5707963267949
4 G1 4 0 52 0
0

0101000
+987 4 -985 4 *
Ed
 1e-07 1 1 0
1  83 0 2.06863715764104 3.14159265358979
2  89 4 0 2.06863715764104 3.14159265358979
2  90 5 0 2.06863715764104 3.14159265358979
4 G1 4 0 5 0
0

0101000
+1140 4 -985 4 *
Wi

0101100
-986 0 -984 0 +983 0 +1139 0 +990 0 *
Fa
0  1e-07 4 0

0101000
+982 0 *
Ed
 1e-07 1 1 0
1  84 0 0.517379703504024 8.58262029649581
2  91 5 0 0.517379703504024 8.58262029649581
0

0101000
+1138 4 -1136 4 *
Ve
1e-07
69.27 152.64 184.9250001
0 0

0101101
*
Ed
 1e-07 1 1 0
1  85 0 0.497840830846136 1.5707963267949
2  92 5 0 0.497840830846136 1.5707963267949
2  93 6 0 0.497840830846136 1.5707963267949
4 G1 5 0 6 0
0

0101000
+1134 4 -979 4 *
Ed
 1e-07 1 1 0
1  86 0 -0 9.1
2  94 5 0 -0 9.1
4 G1 5 0 53 6
0

0101000
+985 4 -979 4 *
Wi

0101100
-1137 0 -980 0 +1133 0 -978 0 +977 0 +983 0 *
Fa
0  1e-07 5 0

0101000
+976 0 *
Wi

0101100
+980 0 -1135 0 *
Fa
0  1e-07 54 0

0101000
+974 0 *
Ve
1e-07
68.57 152.64 184.2250001
0 0

0101101
*
Ed
 1e-07 1 1 0
1  87 0 -0 1.5707963267949
2  95 6 0 -0 1.5707963267949
2  96 55 0 -0 1.5707963267949
4 G1 6 0 55 0
0

0101000
+979 4 -972 4 *
Ve
1e-07
68.22 152.99 184.2250001
0 0

0101101
*
Ed
 1e-07 1 1 0
1  88 0 1.5707963267949 3.14159265358979
2  97 6 0 1.5707963267949 3.14159265358979
2  98 56 0 1.5707963267949 3.14159265358979
4 G1 6 0 56 0
0

0101000
+970 4 -972 4 *
Ed
 1e-07 1 1 0
1  89 0 0.332519670612467 1.5707963267949
2  99 6 0 0.332519670612467 1.5707963267949
4 G1 6 0 57 5
0

0101000
+1132 4 -970 4 *
Wi

0101100
-978 0 -971 0 +969 0 +968 0 -1131 0 *
Fa
0  1e-07 6 0

0101000
+967 0 *
Ve
7.21081432445646e-07
68.22 152.99 183.3750001
0 0

0101101
*
Ve
1e-07
61.57 152.99 183.3750001
0 0

0101101
*
Ed
 1e-07 1 1 0
1  90 0 0.35 7
2  100 58 0 0.35 7
4 G1 57 5 58 0
0

0101000
+965 4 -964 4 *
Ve
1e-07
57.42 152.99 187.5250001
0 0

0101101
*
Ed
 1e-07 1 1 0
1  91 0 -4.44089209850063e-16 1.5707963267949
2  101 59 0 -4.44089209850063e-16 1.5707963267949
4 G1 57 5 59 0
0

0101000
+964 4 -962 4 *
Ve
1e-07
57.42 152.99 212.3250001
0 0

0101101
*
Ed
 1e-07 1 1 0
1  92 0 -0 24.8
2  102 60 0 -0 24.8
4 G1 57 5 60 0
0

0101000
+962 4 -960 4 *
Ve
1e-07
61.57 152.99 216.4750001
0 0

0101101
*
Ed
 1e-07 1 1 0
1  93 0 0 1.5707963267949
2  103 61 0 0 1.5707963267949
4 G1 57 5 61 0
0

0101000
+960 4 -958 4 *
Ve
1.0196940869573e-06
68.22 152.99 216.4750001
0 0

0101101
*
Ed
 1e-07 1 1 0
1  94 0 0 6.65
2  104 62 0 0 6.65
4 G1 57 5 62 0
0

0101000
+958 4 -956 4 *
Ve
1e-07
68.22 152.99 215.6250001
0 0

0101101
*
Ed
 1e-07 1 1 0
1  95 0 -0 0.849999999999998
2  105 63 0 -0 0.849999999999998
4 G1 57 5 63 0
0

0101000
+954 4 -956 4 *
Ve
1.00000010805157e-07
68.9272530020516 152.99 214.63251609741
0 0

0101101
*
Ed
 1e-07 1 1 0
1  96 0 0.332519670612472 1.5707963267949
2  106 64 0 0.332519670612472 1.5707963267949
4 G1 57 5 64 0
0

0101000
+952 4 -954 4 *
Ve
5.00000000397205e-06
66.2457072067178 152.99 213.448316582344
0 0

0101101
*
Ed
 1e-07 1 1 0
1  97 0 4.20183110773891 4.39123568853823
2  75 10 0 4.20183110773891 4.39123568853823
0

0101000
+950 4 -952 4 *
Ve
5.00000000397205e-06
65.1182931891178 152.99 213.833895232067
0 0

0101101
*
Ed
 5e-06 1 1 0
1  98 0 0 1
2  107 9 0 0 1
0

0101000
+950 4 -948 4 *
Ve
5.00000000355271e-06
60.072429751803 152.99 208.879405579331
0 0

0101101
*
Ed
 1e-07 1 1 0
1  99 0 1.99024319093805 5.88201204619415
2  108 21 0 1.99024319093805 5.88201204619415
0

0101000
+946 4 -948 4 *
Ve
5.00000000366205e-06
60.4373432564345 152.99 207.745134273011
0 0

0101101
*
Ed
 5e-06 1 1 0
1  100 0 0 1
2  109 20 0 0 1
0

0101000
+944 4 -946 4 *
Ve
5.00000000366205e-06
60.4373432564345 152.99 192.104865926989
0 0

0101101
*
Ed
 1e-07 1 1 0
1  101 0 2.6127611777863 3.67042412939329
2  110 19 0 2.6127611777863 3.67042412939329
0

0101000
+942 4 -944 4 *
Ve
5.00000000355271e-06
60.072429751803 152.99 190.970594620669
0 0

0101101
*
Ed
 5e-06 1 1 0
1  102 0 0 1
2  111 18 0 0 1
0

0101000
+942 4 -940 4 *
Ve
5.00000000355271e-06
65.1182931891178 152.99 186.016104967933
0 0

0101101
*
Ed
 1e-07 1 1 0
1  103 0 0.401173260985434 4.29294211624153
2  112 17 0 0.401173260985434 4.29294211624153
0

0101000
+938 4 -940 4 *
Ed
 5e-06 1 1 0
1  104 0 0 1
2  113 7 0 0 1
0

0101000
+938 4 -1130 4 *
Ed
 1e-07 1 1 0
1  105 0 0 0.849999999999998
2  114 56 0 0 0.849999999999998
4 G1 57 5 56 0
0

0101000
+970 4 -965 4 *
Wi

0101100
-963 0 -961 0 -959 0 -957 0 -955 0 +953 0 +951 0 +949 0 -947 0 +945 0 
+943 0 +941 0 -939 0 +937 0 -936 0 +1129 0 -968 0 -935 0 *
Fa
0  1e-07 57 5

0101000
+934 0 *
Ed
 1e-07 1 1 0
1  106 0 0.199999999999991 13.5
2  115 7 0 0.199999999999991 13.5
2  116 17 0 0.199999999999991 13.5
4 G1 7 0 17 0
0

0101000
+938 4 -1103 4 *
Wi

0101100
-1128 0 -1102 0 +932 0 -936 0 *
Fa
0  1e-07 7 0

0101000
+931 0 *
Ed
 1e-07 1 1 0
1  107 0 0.199999999999991 13.5
2  117 9 0 0.199999999999991 13.5
2  118 21 0 0.199999999999991 13.5
4 G1 9 0 21 0
0

0101000
+948 4 -1125 4 *
Ed
 1e-07 1 1 0
1  108 0 0.199999999999991 13.5
2  119 9 0 0.199999999999991 13.5
2  120 10 0 0.199999999999991 13.5
4 G1 9 0 10 0
0

0101000
+950 4 -1124 4 *
Wi

0101100
-929 0 -1123 0 +928 0 -947 0 *
Fa
0  1e-07 9 0

0101000
+927 0 *
Ve
2.76143415449017e-07
67.72 166.24 214.174210604446
0 0

0101101
*
Ed
 2.76143402245296e-07 1 1 0
1  109 0 0 0.999999964364664
2  121 10 0 0 0.999999964364664
2  122 11 0 0 0.999999964364664
0

0101000
+925 4 -1057 4 *
Ed
 1e-07 1 1 0
1  110 0 1.20000412985996e-05 1
2  123 10 0 1.20000412985996e-05 1
2  124 11 0 1.20000412985996e-05 1
0

0101000
+1122 4 -925 4 *
Ve
1.00000011374234e-07
69.27 152.947515486695 214.742135450667
0 0

0101101
*
Ed
 1e-07 1 1 0
1  111 0 0 1
2  125 10 0 0 1
2  126 64 0 0 1
0

0101000
+952 4 -922 4 *
Ve
1.00000287879439e-07
69.787379703504 152.79 214.891227866017
0 0

0101101
*
Ed
 1e-07 1 1 0
1  112 0 1.04896490723826e-06 0.999997430891082
2  127 10 0 1.04896490723826e-06 0.999997430891082
2  128 65 0 1.04896490723826e-06 0.999997430891082
0

0101000
+922 4 -920 4 *
Ve
1.00000231078354e-07
77.8526202964959 152.79 214.891227866017
0 0

0101101
*
Ed
 1e-07 1 1 0
1  113 0 1.90195429695169 2.42834885575931
2  13 10 0 1.90195429695169 2.42834885575931
0

0101000
+920 4 -918 4 *
Ve
1.0000000814029e-07
78.37 152.947515486695 214.742135450667
0 0

0101101
*
Ed
 1e-07 1 1 0
1  114 0 1.0489649433479e-06 0.999997430891285
2  129 10 0 1.0489649433479e-06 0.999997430891285
2  130 65 0 1.0489649433479e-06 0.999997430891285
0

0101000
+916 4 -918 4 *
Ed
 1e-07 1 1 0
1  115 0 0 1
2  131 10 0 0 1
2  132 44 0 0 1
0

0101000
+1008 4 -916 4 *
Ed
 1e-07 1 1 0
1  116 0 0.199999999999991 13.5
2  133 10 0 0.199999999999991 13.5
2  134 33 0 0.199999999999991 13.5
4 G1 10 0 33 0
0

0101000
+1010 4 -1058 4 *
Wi

0101100
-1056 0 +924 0 +923 0 -1121 0 +928 0 -949 0 -921 0 -919 0 -917 0 +915 0 
+914 0 -1007 0 -913 0 *
Fa
0  1e-07 10 0

0101000
+912 0 *
Ve
1.00000005329071e-07
67.7448456809724 166.79 210.331488460633
0 0

0101101
*
Ve
1.00000002664535e-07
67.72 166.24 210.31694409523
0 0

0101101
*
Ed
 1e-07 1 1 0
1  117 0 1.0934277353317e-06 1
2  135 11 0 1.0934277353317e-06 1
2  136 30 0 1.0934277353317e-06 1
0

0101000
+910 4 -909 4 *
Ve
1.00000002664535e-07
67.72 166.24 213.18961468166
0 0

0101101
*
Ed
 1e-07 1 1 0
1  118 0 0.891943995230154 3.76461458166049
2  137 11 0 0.891943995230154 3.76461458166049
2  138 66 0 0.891943995230154 3.76461458166049
4 CN 11 0 66 0
0

0101000
+909 4 -907 4 *
Ed
 1e-07 1 1 0
1  119 0 1.20000488121749e-05 1
2  139 11 0 1.20000488121749e-05 1
2  140 12 0 1.20000488121749e-05 1
0

0101000
+1120 4 -907 4 *
Ve
1e-07
67.72 166.24 215.9250001
0 0

0101101
*
Ed
 1e-07 1 1 0
1  120 0 4.7492105044455 6.5
3  137 138CN 11 0 4.7492105044455 6.5
0

0101000
+925 4 -904 4 *
Ed
 1e-07 1 1 0
1  121 0 0 6.28318530717959
2  141 11 0 0 6.28318530717959
2  142 67 0 0 6.28318530717959
0

0101000
+904 4 -904 4 *
Ve
1.00000005102197e-07
79.9197950785252 166.19 213.189708917008
0 0

0101101
*
Ed
 1e-07 1 1 0
1  122 0 6.00002447737428e-06 0.999993999975452
2  143 11 0 6.00002447737428e-06 0.999993999975452
2  144 42 0 6.00002447737428e-06 0.999993999975452
0

0101000
+901 4 -1030 4 *
Ve
1.00000008379058e-07
78.9177936403899 162.89 210.843562276404
0 0

0101101
*
Ed
 1e-07 1 1 0
1  123 0 0 1
2  145 11 0 0 1
2  146 68 0 0 1
0

0101000
+899 4 -901 4 *
Ve
1.00000005329071e-07
79.8951543190276 166.79 210.331488460633
0 0

0101101
*
Ed
 1e-07 1 1 0
1  124 0 1.69766144985938e-07 0.999999851599262
2  147 11 0 1.69766144985938e-07 0.999999851599262
2  148 25 0 1.69766144985938e-07 0.999999851599262
0

0101000
+899 4 -897 4 *
Ve
1.00000006217249e-07
79.8951543190276 166.79 210.44711965834
0 0

0101101
*
Ed
 1e-07 1 1 0
1  125 0 0.906488360633476 1.02211955833995
2  149 11 0 0.906488360633476 1.02211955833995
0

0101000
+897 4 -895 4 *
Ve
1.00000001986027e-07
78.9177936403899 169.59 210.953825966791
0 0

0101101
*
Ed
 1e-07 1 1 0
1  126 0 2.03827037334427e-07 0.999999767113194
2  150 11 0 2.03827037334427e-07 0.999999767113194
2  151 24 0 2.03827037334427e-07 0.999999767113194
0

0101000
+895 4 -893 4 *
Ve
1.41143073393839e-07
76.2421345440946 171.838505538991 210.39118967292
0 0

0101101
*
Ed
 1e-07 1 1 0
1  127 0 0 0.706298868024158
2  152 11 0 0 0.706298868024158
2  153 23 0 0 0.706298868024158
0

0101000
+893 4 -891 4 *
Ve
1.00000006040266e-07
75.42 172.126425061105 210.9250001
0 0

0101101
*
Ed
 1e-07 1 1 0
1  128 0 0.282682012217401 1
2  154 11 0 0.282682012217401 1
2  155 69 0 0.282682012217401 1
0

0101000
+891 4 -889 4 *
Ve
1.00000006894118e-07
71.72 171.967128425311 210.9250001
0 0

0101101
*
Ed
 1e-07 1 1 0
1  129 0 4.44698918994138 5.06384191809666
2  156 11 0 4.44698918994138 5.06384191809666
0

0101000
+889 4 -887 4 *
Ve
1.34475455348551e-07
71.0352689747865 171.667271251434 210.60907495
0 0

0101101
*
Ed
 1e-07 1 1 0
1  130 0 0.466941676882988 1
2  157 11 0 0.466941676882988 1
2  158 70 0 0.466941676882988 1
0

0101000
+885 4 -887 4 *
Ve
1.00000004440892e-07
68.7222063596101 169.59 210.953825966791
0 0

0101101
*
Ed
 1e-07 1 1 0
1  131 0 0 0.613148985888592
2  159 11 0 0 0.613148985888592
2  160 22 0 0 0.613148985888592
0

0101000
+883 4 -885 4 *
Ve
1.00000003972055e-07
67.7448456809724 166.79 210.44711965834
0 0

0101101
*
Ed
 1e-07 1 1 0
1  132 0 2.32886846077247e-07 0.999999796173044
2  161 11 0 2.32886846077247e-07 0.999999796173044
2  162 31 0 2.32886846077247e-07 0.999999796173044
0

0101000
+883 4 -881 4 *
Ed
 1e-07 1 1 0
1  133 0 0.90648836063348 1.02211955833995
2  163 11 0 0.90648836063348 1.02211955833995
0

0101000
+910 4 -881 4 *
Wi

0101100
+908 0 +906 0 -905 0 +1119 0 +923 0 +903 0 -902 0 -903 0 +924 0 -1028 0 
-900 0 -898 0 +896 0 +894 0 +892 0 +890 0 +888 0 +886 0 -884 0 -882 0 
+880 0 -879 0 *
Fa
0  1e-07 11 0

0101000
+878 0 *
Ve
1.00000005687117e-07
67.7202049214748 166.19 213.189708917008
0 0

0101101
*
Ve
1.00000003972055e-07
64.9734679846101 166.19 211.539597437001
0 0

0101101
*
Ed
 1e-07 1 1 0
1  134 0 2.00181242271488 2.22172676489806
2  164 12 0 2.00181242271488 2.22172676489806
2  165 29 0 2.00181242271488 2.22172676489806
0

0101000
+876 4 -875 4 *
Ed
 1e-07 1 1 0
1  135 0 0.499999999999998 0.6
2  166 12 0 0.499999999999998 0.6
2  167 13 0 0.499999999999998 0.6
0

0101000
+1118 4 -875 4 *
Ed
 1e-07 1 1 0
1  136 0 0 0.99998799995101
2  168 12 0 0 0.99998799995101
2  169 66 0 0 0.99998799995101
0

0101000
+907 4 -876 4 *
Wi

0101100
-874 0 +873 0 +1117 0 -905 0 -872 0 *
Fa
0  1e-07 12 0

0101000
+871 0 *
Ve
1e-07
65.07 176.84 212.3500001
0 0

0101101
*
Ed
 1e-07 1 1 0
1  137 0 0 6.28318530717959
2  170 13 0 0 6.28318530717959
2  171 71 0 0 6.28318530717959
4 G1 13 0 71 0
0

0101000
+869 4 -869 4 *
Ed
 1e-07 1 1 0
1  138 0 0.45 11
3  172 173CN 13 0 0.45 11
0

0101000
+869 4 -1116 4 *
Ve
1.00000002512148e-07
62.3689908273523 166.19 208.982283849996
0 0

0101101
*
Ed
 1e-07 1 1 0
1  139 0 0 1
2  174 13 0 0 1
2  175 29 0 0 1
0

0101000
+866 4 -875 4 *
Ed
 1e-07 1 1 0
1  140 0 0.499999999999998 0.6
2  176 13 0 0.499999999999998 0.6
2  177 14 0 0.499999999999998 0.6
0

0101000
+1114 4 -866 4 *
Wi

0101100
-868 0 -867 0 -1115 0 -873 0 +865 0 +864 0 -1113 0 +867 0 *
Fa
0  1e-07 13 0

0101000
+863 0 *
Ve
1.00000005329071e-07
62.3689908273523 166.19 190.867716350004
0 0

0101101
*
Ed
 1e-07 1 1 0
1  141 0 2.47238861232891 3.81079669485068
2  164 14 0 2.47238861232891 3.81079669485068
2  165 29 0 2.47238861232891 3.81079669485068
0

0101000
+866 4 -861 4 *
Ed
 1e-07 1 1 0
1  142 0 0.499999999999998 0.6
2  178 14 0 0.499999999999998 0.6
2  179 15 0 0.499999999999998 0.6
0

0101000
+1112 4 -861 4 *
Wi

0101100
-860 0 +859 0 +1111 0 -864 0 *
Fa
0  1e-07 14 0

0101000
+858 0 *
Ve
1e-07
65.07 176.84 187.5000001
0 0

0101101
*
Ed
 1e-07 1 1 0
1  143 0 0 6.28318530717959
2  180 15 0 0 6.28318530717959
2  181 72 0 0 6.28318530717959
4 G1 15 0 72 0
0

0101000
+856 4 -856 4 *
Ed
 1e-07 1 1 0
1  144 0 0.45 11
3  182 183CN 15 0 0.45 11
0

0101000
+856 4 -1110 4 *
Ve
1.00000008881784e-07
64.9734679846101 166.19 188.310402762999
0 0

0101101
*
Ed
 1e-07 1 1 0
1  145 0 0 1
2  184 15 0 0 1
2  185 29 0 0 1
0

0101000
+853 4 -861 4 *
Ed
 1e-07 1 1 0
1  146 0 0.499999999999998 0.6
2  186 15 0 0.499999999999998 0.6
2  187 16 0 0.499999999999998 0.6
0

0101000
+1108 4 -853 4 *
Wi

0101100
-855 0 -854 0 -1109 0 -859 0 +852 0 +851 0 -1107 0 +854 0 *
Fa
0  1e-07 15 0

0101000
+850 0 *
Ed
 1e-07 1 1 0
1  147 0 4.06145854228153 4.28137288446471
2  188 16 0 4.06145854228153 4.28137288446471
2  165 29 0 4.06145854228153 4.28137288446471
0

0101000
+853 4 -1069 4 *
Wi

0101100
+1105 0 -851 0 -848 0 -1068 0 *
Fa
0  1e-07 16 0

0101000
+847 0 *
Ed
 1e-07 1 1 0
1  148 0 0.199999999999991 13.5
2  189 17 0 0.199999999999991 13.5
2  190 18 0 0.199999999999991 13.5
4 G1 17 0 18 0
0

0101000
+940 4 -1101 4 *
Wi

0101100
-1100 0 +932 0 -937 0 -845 0 *
Fa
0  1e-07 17 0

0101000
+844 0 *
Ed
 1e-07 1 1 0
1  149 0 0.199999999999991 13.5
2  191 18 0 0.199999999999991 13.5
2  192 19 0 0.199999999999991 13.5
4 G1 18 0 19 0
0

0101000
+942 4 -1099 4 *
Wi

0101100
-845 0 -1098 0 +842 0 -939 0 *
Fa
0  1e-07 18 0

0101000
+841 0 *
Ed
 1e-07 1 1 0
1  150 0 0.199999999999991 13.5
2  193 19 0 0.199999999999991 13.5
2  194 20 0 0.199999999999991 13.5
4 G1 19 0 20 0
0

0101000
+944 4 -1097 4 *
Wi

0101100
-1096 0 +842 0 -941 0 -839 0 *
Fa
0  1e-07 19 0

0101000
+838 0 *
Ed
 1e-07 1 1 0
1  151 0 0.199999999999991 13.5
2  195 20 0 0.199999999999991 13.5
2  196 21 0 0.199999999999991 13.5
4 G1 20 0 21 0
0

0101000
+946 4 -1095 4 *
Wi

0101100
-836 0 -1094 0 +839 0 -943 0 *
Fa
0  1e-07 20 0

0101000
+835 0 *
Wi

0101100
-1093 0 +836 0 -945 0 -929 0 *
Fa
0  1e-07 21 0

0101000
+833 0 *
Ve
1.000001e-06
70.82 171.927686163375 210.0250001
0 0

0101101
*
Ed
 1e-07 1 1 0
1  152 0 0 0.466938086820099
2  197 22 0 0 0.466938086820099
2  198 73 0 0 0.466938086820099
0

0101000
+831 4 -885 4 *
Ve
1.00000000198603e-06
70.82 172.09 209.096831978093
0 0

0101101
*
Ed
 1e-06 1 1 0
1  153 0 0.282543484065398 1
2  199 22 0 0.282543484065398 1
0

0101000
+831 4 -829 4 *
Ve
1e-06
72.1251548743322 172.09 190.4250001
0 0

0101101
*
Ed
 1e-07 1 1 0
1  154 0 1.88691596947221 4.53584165671652
2  200 22 0 1.88691596947221 4.53584165671652
4 G1 22 0 74 0
0

0101000
+829 4 -827 4 *
Ed
 1e-06 1 1 0
1  155 0 0.994583125591582 1
2  201 22 0 0.994583125591582 1
0

0101000
+1089 4 -827 4 *
Ed
 1e-07 1 1 0
1  156 0 2.00376952698472 4.27941578019486
2  202 22 0 2.00376952698472 4.27941578019486
2  203 31 0 2.00376952698472 4.27941578019486
4 G1 22 0 31 0
0

0101000
+883 4 -1090 4 *
Wi

0101100
-882 0 +830 0 -828 0 -826 0 +825 0 +1088 0 +824 0 *
Fa
0  1e-07 22 0

0101000
+823 0 *
Ed
 1e-07 1 1 0
1  157 0 2.09440976848527 4.18877553869432
2  204 31 0 2.09440976848527 4.18877553869432
0

0101000
+1063 4 -881 4 *
Wi

0101100
-824 0 +1061 0 -821 0 +880 0 *
Fa
0  1e-07 31 0

0101000
+820 0 *
Ed
 1e-07 1 1 0
1  158 0 2.09920788378376 4.18397742339583
2  205 30 0 2.09920788378376 4.18397742339583
0

0101000
+910 4 -1065 4 *
Wi

0101100
+1062 0 +818 0 -879 0 +821 0 *
Fa
0  1e-07 75 0

0101000
+817 0 *
Ve
1.00000007160723e-07
68.7222063596101 162.89 210.843562276404
0 0

0101101
*
Ed
 1e-07 1 1 0
1  159 0 0 0.99999980354567
2  206 30 0 0 0.99999980354567
2  207 66 0 0 0.99999980354567
0

0101000
+909 4 -815 4 *
Ed
 1e-07 1 1 0
1  160 0 2.00760883112245 4.27557647605714
2  208 30 0 2.00760883112245 4.27557647605714
2  209 29 0 2.00760883112245 4.27557647605714
0

0101000
+815 4 -1067 4 *
Wi

0101100
+814 0 +908 0 -818 0 +1064 0 +813 0 *
Fa
0  1e-07 30 0

0101000
+812 0 *
Ed
 1e-07 1 1 0
1  161 0 0 1
2  210 29 0 0 1
2  211 66 0 0 1
0

0101000
+876 4 -815 4 *
Wi

0101100
-852 0 +860 0 -865 0 +874 0 -810 0 -813 0 -1066 0 +848 0 *
Fa
0  1e-07 29 0

0101000
+809 0 *
Ve
1e-07
81.17 166.24 182.3250001
0 0

0101101
*
Ed
 1e-07 1 1 0
1  162 0 0 6.28318530717959
2  212 28 0 0 6.28318530717959
2  213 76 0 0 6.28318530717959
0

0101000
+807 4 -807 4 *
Ed
 1e-07 1 1 0
1  163 0 0 2.0303940504247
3  214 215CN 28 0 0 2.0303940504247
0

0101000
+1072 4 -807 4 *
Wi

0101100
+1070 0 -806 0 -805 0 +805 0 *
Fa
0  1e-07 28 0

0101000
+804 0 *
Ve
1.00000004351168e-07
79.9197950785252 166.19 186.660291282992
0 0

0101101
*
Ed
 1e-07 1 1 0
1  164 0 0 0.99998799995101
2  216 27 0 0 0.99998799995101
2  217 26 0 0 0.99998799995101
0

0101000
+1077 4 -802 4 *
Ve
1.00000008881784e-07
82.6665320153899 166.19 188.310402762999
0 0

0101101
*
Ed
 1e-07 1 1 0
1  165 0 5.14340507630467 5.36331941848785
2  188 27 0 5.14340507630467 5.36331941848785
2  218 68 0 5.14340507630467 5.36331941848785
0

0101000
+802 4 -800 4 *
Ed
 1e-07 1 1 0
1  166 0 0.499999999999998 0.6
2  219 27 0 0.499999999999998 0.6
2  220 39 0 0.499999999999998 0.6
0

0101000
+1042 4 -800 4 *
Wi

0101100
+1041 0 -1074 0 -801 0 -799 0 +798 0 *
Fa
0  1e-07 27 0

0101000
+797 0 *
Ve
1.00000013203721e-07
78.9177936403899 162.89 189.006437923596
0 0

0101101
*
Ed
 1e-07 1 1 0
1  167 0 0 0.999999803545673
2  221 26 0 0 0.999999803545673
2  222 25 0 0 0.999999803545673
0

0101000
+1079 4 -795 4 *
Ed
 1e-07 1 1 0
1  168 0 0 1
2  223 26 0 0 1
2  224 68 0 0 1
0

0101000
+802 4 -795 4 *
Wi

0101100
+794 0 -793 0 -801 0 -1076 0 *
Fa
0  1e-07 26 0

0101000
+792 0 *
Ed
 1e-07 1 1 0
1  169 0 0 2.26796764493469
2  225 25 0 0 2.26796764493469
2  226 68 0 0 2.26796764493469
0

0101000
+899 4 -795 4 *
Ed
 1e-07 1 1 0
1  170 0 0 2.08476953961207
2  227 25 0 0 2.08476953961207
0

0101000
+1081 4 -897 4 *
Wi

0101100
-790 0 +896 0 -789 0 +1078 0 +794 0 *
Fa
0  1e-07 25 0

0111000
+788 0 *
Ed
 1e-07 1 1 0
1  171 0 0 2.09436577020905
2  228 24 0 0 2.09436577020905
0

0101000
+1083 4 -895 4 *
Wi

0101100
+894 0 -786 0 -1080 0 +789 0 *
Fa
0  1e-07 77 0

0111000
+785 0 *
Ed
 1e-07 1 1 0
1  172 0 0 2.27564625321014
2  229 24 0 0 2.27564625321014
2  230 23 0 0 2.27564625321014
0

0101000
+1085 4 -893 4 *
Wi

0101100
+786 0 +892 0 -783 0 +1082 0 *
Fa
0  1e-07 24 0

0111000
+782 0 *
Ve
1.000001e-06
76.32 171.973331077381 210.0250001
0 0

0101101
*
Ed
 1e-07 1 1 0
1  173 0 0.724604978432744 1
2  231 23 0 0.724604978432744 1
2  232 78 0 0.724604978432744 1
0

0101000
+891 4 -780 4 *
Ve
1.00000000044409e-06
76.32 172.09 209.245541929744
0 0

0101101
*
Ed
 1e-06 1 1 0
1  174 0 0.315712331627038 1
2  233 23 0 0.315712331627038 1
0

0101000
+780 4 -778 4 *
Ve
1.00000000088818e-06
75.5148451256678 172.09 190.4250001
0 0

0101101
*
Ed
 1e-07 1 1 0
1  175 0 0 2.70298886134136
2  234 23 0 0 2.70298886134136
0

0101000
+776 4 -778 4 *
Ed
 1e-06 1 1 0
1  176 0 0.994583125591523 1
2  235 23 0 0.994583125591523 1
0

0101000
+1087 4 -776 4 *
Wi

0101100
+783 0 +890 0 +779 0 +777 0 -775 0 -774 0 -1084 0 *
Fa
0  1e-07 23 0

0111000
+773 0 *
Ed
 1.5e-07 1 1 0
1  177 0 -1.69484512566783 1.69484512566783
0

0101000
+776 4 -827 4 *
Wi

0101100
-1086 0 -774 0 -771 0 +825 0 *
Fa
0  1e-07 79 0

0101000
+770 0 *
Ed
 1e-07 1 1 0
1  178 0 0.199999999999991 13.5
2  236 33 0 0.199999999999991 13.5
2  237 34 0 0.199999999999991 13.5
4 G1 33 0 34 0
0

0101000
+1012 4 -1055 4 *
Wi

0101100
-913 0 -1054 0 +768 0 -1009 0 *
Fa
0  1e-07 33 0

0101000
+767 0 *
Ed
 1e-07 1 1 0
1  179 0 0.199999999999991 13.5
2  238 34 0 0.199999999999991 13.5
2  239 35 0 0.199999999999991 13.5
4 G1 34 0 35 0
0

0101000
+1014 4 -1053 4 *
Wi

0101100
+768 0 -1011 0 -765 0 +1052 0 *
Fa
0  1e-07 34 0

0101000
+764 0 *
Ed
 1e-07 1 1 0
1  180 0 0.199999999999991 13.5
2  240 35 0 0.199999999999991 13.5
2  241 36 0 0.199999999999991 13.5
4 G1 35 0 36 0
0

0101000
+1016 4 -1051 4 *
Wi

0101100
-762 0 -1050 0 +765 0 -1013 0 *
Fa
0  1e-07 35 0

0101000
+761 0 *
Ed
 1e-07 1 1 0
1  181 0 0.199999999999991 13.5
2  242 36 0 0.199999999999991 13.5
2  243 37 0 0.199999999999991 13.5
4 G1 36 0 37 0
0

0101000
+1018 4 -1049 4 *
Wi

0101100
-1048 0 +762 0 -1015 0 -759 0 *
Fa
0  1e-07 36 0

0101000
+758 0 *
Ed
 1e-07 1 1 0
1  182 0 0.199999999999991 13.5
2  244 37 0 0.199999999999991 13.5
2  245 38 0 0.199999999999991 13.5
4 G1 37 0 38 0
0

0101000
+1020 4 -1047 4 *
Wi

0101100
-756 0 -1046 0 +759 0 -1017 0 *
Fa
0  1e-07 37 0

0101000
+755 0 *
Wi

0101100
-1019 0 -1024 0 +1044 0 +756 0 *
Fa
0  1e-07 38 0

0101000
+753 0 *
Ve
1e-07
89.47 176.84 187.5000001
0 0

0101101
*
Ed
 1e-07 1 1 0
1  183 0 0 6.28318530717959
2  246 39 0 0 6.28318530717959
2  247 80 0 0 6.28318530717959
4 G1 39 0 80 0
0

0101000
+751 4 -751 4 *
Ed
 1e-07 1 1 0
1  184 0 0.45 11
3  248 249CN 39 0 0.45 11
0

0101000
+751 4 -1040 4 *
Ve
1.00000001776357e-07
85.2710091726477 166.19 190.867716350004
0 0

0101101
*
Ed
 1e-07 1 1 0
1  185 0 0 1
2  250 39 0 0 1
2  251 68 0 0 1
0

0101000
+748 4 -800 4 *
Ed
 1e-07 1 1 0
1  186 0 0.499999999999998 0.6
2  252 39 0 0.499999999999998 0.6
2  253 40 0 0.499999999999998 0.6
0

0101000
+1038 4 -748 4 *
Wi

0101100
-750 0 -749 0 -1039 0 -798 0 +747 0 +746 0 -1037 0 +749 0 *
Fa
0  1e-07 39 0

0101000
+745 0 *
Ve
1.00000005024296e-07
85.2710091726477 166.19 208.982283849996
0 0

0101101
*
Ed
 1e-07 1 1 0
1  187 0 0.499999999999998 0.6
2  254 40 0 0.499999999999998 0.6
2  255 41 0 0.499999999999998 0.6
0

0101000
+1036 4 -743 4 *
Ed
 1e-07 1 1 0
1  188 0 0 1.33840808252177
2  256 40 0 0 1.33840808252177
2  257 68 0 0 1.33840808252177
0

0101000
+748 4 -743 4 *
Wi

0101100
+742 0 -741 0 -746 0 +1035 0 *
Fa
0  1e-07 40 0

0111000
+740 0 *
Ve
1e-07
89.47 176.84 212.3500001
0 0

0101101
*
Ed
 1e-07 1 1 0
1  189 0 0 6.28318530717959
2  258 41 0 0 6.28318530717959
2  259 81 0 0 6.28318530717959
4 G1 41 0 81 0
0

0101000
+738 4 -738 4 *
Ed
 1e-07 1 1 0
1  190 0 0.45 11
3  260 261CN 41 0 0.45 11
0

0101000
+738 4 -1034 4 *
Ve
1.00000004351168e-07
82.6665320153899 166.19 211.539597437001
0 0

0101101
*
Ed
 1e-07 1 1 0
1  191 0 0 1
2  262 41 0 0 1
2  263 68 0 0 1
0

0101000
+735 4 -743 4 *
Ed
 1e-07 1 1 0
1  192 0 0.499999999999998 0.6
2  264 41 0 0.499999999999998 0.6
2  265 42 0 0.499999999999998 0.6
0

0101000
+1032 4 -735 4 *
Wi

0101100
-737 0 -736 0 -1033 0 -742 0 +734 0 +733 0 -1031 0 +736 0 *
Fa
0  1e-07 41 0

0101000
+732 0 *
Ed
 1e-07 1 1 0
1  193 0 0.919865888691734 1.13978023087491
2  164 42 0 0.919865888691734 1.13978023087491
2  266 68 0 0.919865888691734 1.13978023087491
0

0101000
+735 4 -901 4 *
Wi

0101100
-730 0 -900 0 +1029 0 -733 0 *
Fa
0  1e-07 42 0

0101000
+729 0 *
Ve
1e-07
79.07 152.64 215.6250001
0 0

0101101
*
Ed
 1e-07 1 1 0
1  194 0 0 1.5707963267949
2  267 44 0 0 1.5707963267949
2  268 45 0 0 1.5707963267949
4 G1 44 0 45 0
0

0101000
+1006 4 -727 4 *
Ve
1e-07
78.37 152.64 214.9250001
0 0

0101101
*
Ed
 1e-07 1 1 0
1  195 0 0 1.5707963267949
2  269 44 0 0 1.5707963267949
2  270 82 0 0 1.5707963267949
4 G1 44 0 82 0
0

0101000
+727 4 -725 4 *
Ed
 1e-07 1 1 0
1  196 0 2.06863715764105 3.14159265358979
2  271 44 0 2.06863715764105 3.14159265358979
2  272 65 0 2.06863715764105 3.14159265358979
4 G1 44 0 65 0
0

0101000
+916 4 -725 4 *
Wi

0101100
-726 0 -724 0 +723 0 +914 0 +1005 0 *
Fa
0  1e-07 44 0

0101000
+722 0 *
Ve
7.2108142497892e-07
79.07 152.64 216.8250001
0 0

0101101
*
Ed
 4.67221582828229e-07 1 1 0
1  197 0 1.5707963267949 3.14159265358979
2  273 45 0 1.5707963267949 3.14159265358979
2  274 46 0 1.5707963267949 3.14159265358979
0

0101000
+1004 4 -720 4 *
Ed
 1e-07 1 1 0
1  198 0 -0 1.2
2  275 45 0 -0 1.2
4 G1 45 0 83 7
0

0101000
+720 4 -727 4 *
Wi

0101100
+719 0 -1003 0 +718 0 -726 0 *
Fa
0  1e-07 45 0

0101000
+717 0 *
Ve
1e-07
86.07 152.64 216.8250001
0 0

0101101
*
Ed
 1e-07 1 1 0
1  199 0 -0 7
2  276 46 0 -0 7
4 G1 46 0 84 5
0

0101000
+720 4 -715 4 *
Ed
 1e-07 1 1 0
1  200 0 0 1.5707963267949
2  277 46 0 0 1.5707963267949
2  278 47 0 0 1.5707963267949
4 G1 46 0 47 0
0

0101000
+1002 4 -715 4 *
Wi

0101100
+719 0 -1001 0 +714 0 -713 0 *
Fa
0  1e-07 46 0

0101000
+712 0 *
Ve
1e-07
90.57 152.64 212.3250001
0 0

0101101
*
Ed
 1e-07 1 1 0
1  201 0 -0 1.5707963267949
2  279 47 0 -0 1.5707963267949
2  280 85 0 -0 1.5707963267949
4 G1 47 0 85 0
0

0101000
+715 4 -710 4 *
Ed
 1e-07 1 1 0
1  202 0 4.71238898038469 6.28318530717959
2  281 47 0 4.71238898038469 6.28318530717959
2  282 48 0 4.71238898038469 6.28318530717959
4 G1 47 0 48 0
0

0101000
+1000 4 -710 4 *
Wi

0101100
-713 0 +999 0 -709 0 +708 0 *
Fa
0  1e-07 47 0

0101000
+707 0 *
Ve
1e-07
90.57 152.64 187.5250001
0 0

0101101
*
Ed
 1e-07 1 1 0
1  203 0 0 24.8
2  283 48 0 0 24.8
4 G1 48 0 86 5
0

0101000
+710 4 -705 4 *
Ed
 1e-07 1 1 0
1  204 0 0 1.5707963267949
2  284 48 0 0 1.5707963267949
2  285 49 0 0 1.5707963267949
4 G1 48 0 49 0
0

0101000
+998 4 -705 4 *
Wi

0101100
+708 0 -997 0 +704 0 -703 0 *
Fa
0  1e-07 48 0

0101000
+702 0 *
Ve
1e-07
86.07 152.64 183.0250001
0 0

0101101
*
Ed
 1e-07 1 1 0
1  205 0 0 1.5707963267949
2  286 49 0 0 1.5707963267949
2  287 87 0 0 1.5707963267949
4 G1 49 0 87 0
0

0101000
+705 4 -700 4 *
Ed
 1e-07 1 1 0
1  206 0 4.71238898038469 6.28318530717959
2  288 49 0 4.71238898038469 6.28318530717959
2  289 50 0 4.71238898038469 6.28318530717959
4 G1 49 0 50 0
0

0101000
+996 4 -700 4 *
Wi

0101100
-703 0 +995 0 -699 0 +698 0 *
Fa
0  1e-07 49 0

0101000
+697 0 *
Ve
1.01969410203018e-06
79.07 152.64 183.0250001
0 0

0101101
*
Ed
 1e-07 1 1 0
1  207 0 -0 7
2  290 50 0 -0 7
4 G1 50 0 88 5
0

0101000
+700 4 -695 4 *
Ed
 4.67221623123817e-07 1 1 0
1  208 0 4.71238898038469 6.28318530717959
2  291 50 0 4.71238898038469 6.28318530717959
2  292 51 0 4.71238898038469 6.28318530717959
0

0101000
+994 4 -695 4 *
Wi

0101100
+698 0 -993 0 +694 0 -693 0 *
Fa
0  1e-07 50 0

0101000
+692 0 *
Ed
 1e-07 1 1 0
1  209 0 0 1.2
2  293 51 0 0 1.2
4 G1 51 0 89 6
0

0101000
+695 4 -987 4 *
Wi

0101100
+693 0 -991 0 +690 0 -986 0 *
Fa
0  1e-07 51 0

0101000
+689 0 *
Ve
1e-07
79.07 151.64 184.2250001
0 0

0101101
*
Ed
 1e-07 1 1 0
1  210 0 1.35 2.35
2  294 52 0 1.35 2.35
4 G1 52 0 89 6
0

0101000
+987 4 -687 4 *
Ve
1e-07
78.37 151.64 184.9250001
0 0

0101101
*
Ed
 1e-07 1 1 0
1  211 0 0 1.5707963267949
2  295 52 0 0 1.5707963267949
2  296 90 0 0 1.5707963267949
4 G1 52 0 90 0
0

0101000
+687 4 -685 4 *
Ed
 1e-07 1 1 0
1  212 0 1.35 2.35
2  297 52 0 1.35 2.35
4 G1 52 0 53 6
0

0101000
+985 4 -685 4 *
Wi

0101100
-686 0 +984 0 -684 0 +683 0 *
Fa
0  1e-07 52 0

0101000
+682 0 *
Ve
1e-07
69.27 151.64 184.9250001
0 0

0101101
*
Ed
 1e-07 1 1 0
1  213 0 -0 9.1
2  298 91 0 -0 9.1
4 G1 53 6 91 0
0

0101000
+685 4 -680 4 *
Ed
 1e-07 1 1 0
1  214 0 1.35 2.35
2  299 55 0 1.35 2.35
4 G1 53 6 55 0
0

0101000
+979 4 -680 4 *
Wi

0101100
-683 0 +977 0 -679 0 +678 0 *
Fa
0  1e-07 53 6

0101000
+677 0 *
Ve
1e-07
68.57 151.64 184.2250001
0 0

0101101
*
Ed
 1e-07 1 1 0
1  215 0 1.35 2.35
2  300 55 0 1.35 2.35
4 G1 55 0 92 6
0

0101000
+972 4 -675 4 *
Ed
 1e-07 1 1 0
1  216 0 -0 1.5707963267949
2  301 55 0 -0 1.5707963267949
2  302 93 0 -0 1.5707963267949
4 G1 55 0 93 0
0

0101000
+680 4 -675 4 *
Wi

0101100
-674 0 -971 0 +673 0 +678 0 *
Fa
0  1e-07 55 0

0101000
+672 0 *
Ve
7.21081432445646e-07
68.57 152.64 183.0250001
0 0

0101101
*
Ed
 1e-07 1 1 0
1  217 0 0 1.2
2  303 56 0 0 1.2
4 G1 56 0 92 6
0

0101000
+972 4 -670 4 *
Ed
 4.6722158459621e-07 1 1 0
1  218 0 3.14159265358979 4.71238898038469
2  304 56 0 3.14159265358979 4.71238898038469
2  305 58 0 3.14159265358979 4.71238898038469
0

0101000
+670 4 -965 4 *
Wi

0101100
+969 0 -935 0 +669 0 +668 0 *
Fa
0  1e-07 56 0

0101000
+667 0 *
Ve
1e-07
61.57 152.64 183.0250001
0 0

0101101
*
Ed
 1e-07 1 1 0
1  219 0 0 7
2  306 58 0 0 7
4 G1 58 0 94 5
0

0101000
+670 4 -665 4 *
Ed
 1e-07 1 1 0
1  220 0 0 1.5707963267949
2  307 58 0 0 1.5707963267949
2  308 59 0 0 1.5707963267949
4 G1 58 0 59 0
0

0101000
+665 4 -964 4 *
Wi

0101100
+668 0 -664 0 +963 0 -663 0 *
Fa
0  1e-07 58 0

0101000
+662 0 *
Ve
1e-07
57.07 152.64 187.5250001
0 0

0101101
*
Ed
 1e-07 1 1 0
1  221 0 -4.44089209850063e-16 1.5707963267949
2  309 59 0 -4.44089209850063e-16 1.5707963267949
2  310 95 0 -4.44089209850063e-16 1.5707963267949
4 G1 59 0 95 0
0

0101000
+665 4 -660 4 *
Ed
 1e-07 1 1 0
1  222 0 0 1.5707963267949
2  311 59 0 0 1.5707963267949
2  312 60 0 0 1.5707963267949
4 G1 59 0 60 0
0

0101000
+660 4 -962 4 *
Wi

0101100
-663 0 +659 0 -961 0 +658 0 *
Fa
0  1e-07 59 0

0101000
+657 0 *
Ve
1e-07
57.07 152.64 212.3250001
0 0

0101101
*
Ed
 1e-07 1 1 0
1  223 0 -0 24.8
2  313 60 0 -0 24.8
4 G1 60 0 96 5
0

0101000
+660 4 -655 4 *
Ed
 1e-07 1 1 0
1  224 0 0 1.5707963267949
2  314 60 0 0 1.5707963267949
2  315 61 0 0 1.5707963267949
4 G1 60 0 61 0
0

0101000
+655 4 -960 4 *
Wi

0101100
+658 0 -654 0 +959 0 -653 0 *
Fa
0  1e-07 60 0

0101000
+652 0 *
Ve
1e-07
61.57 152.64 216.8250001
0 0

0101101
*
Ed
 1e-07 1 1 0
1  225 0 0 1.5707963267949
2  316 61 0 0 1.5707963267949
2  317 97 0 0 1.5707963267949
4 G1 61 0 97 0
0

0101000
+655 4 -650 4 *
Ed
 1e-07 1 1 0
1  226 0 0 1.5707963267949
2  318 61 0 0 1.5707963267949
2  319 62 0 0 1.5707963267949
4 G1 61 0 62 0
0

0101000
+650 4 -958 4 *
Wi

0101100
-653 0 +649 0 -957 0 +648 0 *
Fa
0  1e-07 61 0

0101000
+647 0 *
Ve
1.0196940869573e-06
68.57 152.64 216.8250001
0 0

0101101
*
Ed
 1e-07 1 1 0
1  227 0 0 7
2  320 62 0 0 7
4 G1 62 0 98 5
0

0101000
+650 4 -645 4 *
Ed
 4.67221628659839e-07 1 1 0
1  228 0 0 1.5707963267949
2  321 62 0 0 1.5707963267949
2  322 63 0 0 1.5707963267949
0

0101000
+645 4 -956 4 *
Wi

0101100
+648 0 -644 0 +955 0 -643 0 *
Fa
0  1e-07 62 0

0101000
+642 0 *
Ve
1e-07
68.57 152.64 215.6250001
0 0

0101101
*
Ed
 1e-07 1 1 0
1  229 0 1.5707963267949 3.14159265358979
2  323 63 0 1.5707963267949 3.14159265358979
2  324 64 0 1.5707963267949 3.14159265358979
4 G1 63 0 64 0
0

0101000
+954 4 -640 4 *
Ed
 1e-07 1 1 0
1  230 0 -0 1.2
2  325 63 0 -0 1.2
4 G1 63 0 99 7
0

0101000
+640 4 -645 4 *
Wi

0101100
+639 0 -953 0 +638 0 +643 0 *
Fa
0  1e-07 63 0

0101000
+637 0 *
Ve
1e-07
69.27 152.64 214.9250001
0 0

0101101
*
Ed
 1e-07 1 1 0
1  231 0 0.497840830846136 1.5707963267949
2  326 64 0 0.497840830846136 1.5707963267949
2  327 65 0 0.497840830846136 1.5707963267949
4 G1 64 0 65 0
0

0101000
+922 4 -635 4 *
Ed
 1e-07 1 1 0
1  232 0 -0 1.5707963267949
2  328 64 0 -0 1.5707963267949
2  329 100 0 -0 1.5707963267949
4 G1 64 0 100 0
0

0101000
+635 4 -640 4 *
Wi

0101100
-634 0 -633 0 +639 0 +951 0 -921 0 *
Fa
0  1e-07 64 0

0101000
+632 0 *
Ed
 1e-07 1 1 0
1  233 0 0.517379703504146 8.58262029649597
2  330 65 0 0.517379703504146 8.58262029649597
0

0101000
+918 4 -920 4 *
Ed
 1e-07 1 1 0
1  234 0 -0 9.1
2  331 65 0 -0 9.1
4 G1 65 0 101 7
0

0101000
+725 4 -635 4 *
Wi

0101100
-915 0 -630 0 +919 0 -634 0 +629 0 +723 0 *
Fa
0  1e-07 65 0

0101000
+628 0 *
Wi

0101100
-917 0 -630 0 *
Fa
0  1e-07 102 0

0101000
+626 0 *
Ve
1.000001e-06
71.72 171.552562162092 210.9250001
0 0

0101101
*
Ed
 1.27696971352865e-07 1 1 0
1  235 0 0.466938086820099 1
2  332 70 0 0.466938086820099 1
2  198 73 0 0.466938086820099 1
0

0101000
+885 4 -624 4 *
Ed
 1e-07 1 1 0
1  236 0 0.822871574689461 1.23743783790765
2  333 70 0 0.822871574689461 1.23743783790765
0

0101000
+887 4 -624 4 *
Wi

0101100
-623 0 +622 0 +884 0 *
Fa
0  1e-07 70 0

0101000
+621 0 *
Ve
1.000001e-06
75.42 171.615231714089 210.9250001
0 0

0101101
*
Ed
 1e-07 1 1 0
1  237 0 0.663574938895426 1.17476828591059
2  334 69 0 0.663574938895426 1.17476828591059
0

0101000
+889 4 -619 4 *
Ve
1.00000000888178e-07
71.72 170.84 210.9250001
0 0

0101101
*
Ed
 1e-07 1 1 0
1  238 0 1.23743783790765 1.95
2  335 73 0 1.23743783790765 1.95
0

0101000
+624 4 -617 4 *
Ve
1.00000000444089e-07
75.42 170.84 210.9250001
0 0

0101101
*
Ed
 1e-07 1 1 0
1  239 0 -0 3.7
2  336 104 0 -0 3.7
0

0101000
+615 4 -617 4 *
Ed
 1e-07 1 1 0
1  240 0 1.17476828591059 1.95
2  337 78 0 1.17476828591059 1.95
0

0101000
+619 4 -615 4 *
Wi

0101100
-618 0 +886 0 +622 0 +616 0 -614 0 -613 0 *
Fa
0  1e-07 103 0

0101000
+612 0 *
Ed
 1.37918312415936e-07 1 1 0
1  241 0 0 0.724604978432744
2  338 69 0 0 0.724604978432744
2  232 78 0 0 0.724604978432744
0

0101000
+619 4 -891 4 *
Wi

0101100
+610 0 +618 0 +888 0 *
Fa
0  1e-07 69 0

0101000
+609 0 *
Wi

0101100
+790 0 -793 0 +799 0 -747 0 +741 0 -734 0 +730 0 -898 0 *
Fa
0  1e-07 68 0

0111000
+607 0 *
Ve
1e-07
66.47 166.24 217.5250001
0 0

0101101
*
Ed
 1e-07 1 1 0
1  242 0 0 6.28318530717959
2  339 67 0 0 6.28318530717959
2  340 105 0 0 6.28318530717959
0

0101000
+605 4 -605 4 *
Ed
 1e-07 1 1 0
1  243 0 0 2.0303940504247
3  341 342CN 67 0 0 2.0303940504247
0

0101000
+904 4 -605 4 *
Wi

0101100
+902 0 -604 0 -603 0 +603 0 *
Fa
0  1e-07 67 0

0101000
+602 0 *
Wi

0101100
+814 0 -810 0 -872 0 -906 0 *
Fa
0  1e-07 66 0

0101000
+600 0 *
Ve
1e-07
64.62 177.29 212.3500001
0 0

0101101
*
Ed
 1e-07 1 1 0
1  244 0 0 1.5707963267949
3  343 344CN 71 0 0 1.5707963267949
0

0101000
+869 4 -598 4 *
Ed
 1e-07 1 1 0
1  245 0 0 6.28318530717959
2  345 71 0 0 6.28318530717959
4 G1 71 0 106 0
0

0101000
+598 4 -598 4 *
Wi

0101100
-597 0 +868 0 -596 0 +597 0 *
Fa
0  1e-07 71 0

0101000
+595 0 *
Ve
1e-07
64.62 177.29 187.5000001
0 0

0101101
*
Ed
 1e-07 1 1 0
1  246 0 0 1.5707963267949
3  346 347CN 72 0 0 1.5707963267949
0

0101000
+856 4 -593 4 *
Ed
 1e-07 1 1 0
1  247 0 0 6.28318530717959
2  348 72 0 0 6.28318530717959
4 G1 72 0 107 0
0

0101000
+593 4 -593 4 *
Wi

0101100
-592 0 +855 0 -591 0 +592 0 *
Fa
0  1e-07 72 0

0101000
+590 0 *
Ve
1.00000000444089e-07
70.82 170.84 210.0250001
0 0

0101101
*
Ed
 1.00000000444089e-07 1 1 0
1  248 0 0 1.5707963267949
2  349 73 0 0 1.5707963267949
2  350 108 0 0 1.5707963267949
4 G1 73 0 108 0
0

0101000
+617 4 -588 4 *
Ed
 1e-07 1 1 0
1  249 0 0 1.08768616337479
2  351 73 0 0 1.08768616337479
0

0101000
+588 4 -831 4 *
Wi

0101100
+830 0 +623 0 +616 0 +587 0 +586 0 *
Fa
0  1e-07 73 0

0111000
+585 0 *
Ve
1.5e-07
70.82 172.09 206.6250001
0 0

0101101
*
Ve
1e-07
70.82 170.84 206.6250001
0 0

0101101
*
Ed
 1e-07 1 1 0
1  250 0 0.699999999999999 1.95
2  352 110 0 0.699999999999999 1.95
0

0101000
+583 4 -582 4 *
Ed
 1.5e-07 1 1 0
1  251 0 3.8 6.27183187809284
0

0101000
+583 4 -829 4 *
Ed
 1e-07 1 1 0
1  252 0 0 3.4
2  353 111 0 0 3.4
0

0101000
+588 4 -582 4 *
Wi

0101100
-581 0 +580 0 -828 0 -586 0 +579 0 *
Fa
0  1e-07 109 0

0111000
+578 0 *
Ve
1.5e-07
76.32 172.09 206.6250001
0 0

0101101
*
Ed
 1.5e-07 1 1 0
1  253 0 3.8 6.42054182974359
0

0101000
+576 4 -778 4 *
Ve
1.50000000444089e-07
75.42 172.09 205.7250001
0 0

0101101
*
Ed
 1e-07 1 1 0
1  254 0 4.71238898038469 6.28318530717959
2  354 112 0 4.71238898038469 6.28318530717959
0

0101000
+574 4 -576 4 *
Ve
1.5e-07
71.72 172.09 205.7250001
0 0

0101101
*
Ed
 1.5e-07 1 1 0
1  255 0 -3.1 0.6
0

0101000
+574 4 -572 4 *
Ed
 1e-07 1 1 0
1  256 0 0 1.5707963267949
2  355 110 0 0 1.5707963267949
0

0101000
+583 4 -572 4 *
Wi

0101100
+580 0 +826 0 -771 0 +775 0 -575 0 -573 0 +571 0 -570 0 *
Fa
0  1e-07 74 0

0111000
+569 0 *
Ve
1e-07
81.42 166.24 181.5250001
0 0

0101101
*
Ed
 1e-07 1 1 0
1  257 0 0 6.28318530717959
2  356 76 0 0 6.28318530717959
2  357 113 0 0 6.28318530717959
0

0101000
+567 4 -567 4 *
Ed
 1e-07 1 1 0
1  258 0 0 0.838152730712008
3  358 359CN 76 0 0 0.838152730712008
0

0101000
+807 4 -567 4 *
Wi

0101100
+806 0 -566 0 -565 0 +565 0 *
Fa
0  1e-07 76 0

0101000
+564 0 *
Ve
1e-07
89.02 177.29 187.5000001
0 0

0101101
*
Ed
 1e-07 1 1 0
1  259 0 0 1.5707963267949
3  360 361CN 80 0 0 1.5707963267949
0

0101000
+751 4 -562 4 *
Ed
 1e-07 1 1 0
1  260 0 0 6.28318530717959
2  362 80 0 0 6.28318530717959
4 G1 80 0 114 0
0

0101000
+562 4 -562 4 *
Wi

0101100
-561 0 +750 0 -560 0 +561 0 *
Fa
0  1e-07 80 0

0101000
+559 0 *
Ve
1e-07
89.02 177.29 212.3500001
0 0

0101101
*
Ed
 1e-07 1 1 0
1  261 0 0 1.5707963267949
3  363 364CN 81 0 0 1.5707963267949
0

0101000
+738 4 -557 4 *
Ed
 1e-07 1 1 0
1  262 0 0 6.28318530717959
2  365 81 0 0 6.28318530717959
4 G1 81 0 115 0
0

0101000
+557 4 -557 4 *
Wi

0101100
-556 0 +737 0 -555 0 +556 0 *
Fa
0  1e-07 81 0

0101000
+554 0 *
Ve
1e-07
79.07 151.64 215.6250001
0 0

0101101
*
Ed
 1e-07 1 1 0
1  263 0 1.35 2.35
2  366 82 0 1.35 2.35
4 G1 82 0 83 7
0

0101000
+727 4 -552 4 *
Ve
1e-07
78.37 151.64 214.9250001
0 0

0101101
*
Ed
 1e-07 1 1 0
1  264 0 0 1.5707963267949
2  367 82 0 0 1.5707963267949
2  368 116 0 0 1.5707963267949
4 G1 82 0 116 0
0

0101000
+552 4 -550 4 *
Ed
 1e-07 1 1 0
1  265 0 1.35 2.35
2  369 82 0 1.35 2.35
4 G1 82 0 101 7
0

0101000
+725 4 -550 4 *
Wi

0101100
-551 0 +724 0 -549 0 +548 0 *
Fa
0  1e-07 82 0

0101000
+547 0 *
Ve
7.21081446262767e-07
79.07 151.64 216.8250001
0 0

0101101
*
Ed
 1.5e-07 1 1 0
1  266 0 -1.85 -0.850000000000001
0

0101000
+545 4 -720 4 *
Ed
 1e-07 1 1 0
1  267 0 -0 1.2
2  370 117 0 -0 1.2
4 G1 83 7 117 0
0

0101000
+545 4 -552 4 *
Wi

0101100
-544 0 +543 0 -718 0 -551 0 *
Fa
0  1e-07 83 7

0101000
+542 0 *
Ve
1e-07
86.07 151.64 216.8250001
0 0

0101101
*
Ed
 1e-07 1 1 0
1  268 0 0.350000000000001 1.35
2  371 85 0 0.350000000000001 1.35
4 G1 84 5 85 0
0

0101000
+715 4 -540 4 *
Ed
 1e-07 1 1 0
1  269 0 -0 7
2  372 118 0 -0 7
4 G1 84 5 118 0
0

0101000
+545 4 -540 4 *
Wi

0101100
-539 0 -714 0 +538 0 -544 0 *
Fa
0  1e-07 84 5

0101000
+537 0 *
Ve
1e-07
90.57 151.64 212.3250001
0 0

0101101
*
Ed
 1e-07 1 1 0
1  270 0 0.350000000000001 1.35
2  373 85 0 0.350000000000001 1.35
4 G1 85 0 86 5
0

0101000
+710 4 -535 4 *
Ed
 1e-07 1 1 0
1  271 0 -0 1.5707963267949
2  374 85 0 -0 1.5707963267949
2  375 119 0 -0 1.5707963267949
4 G1 85 0 119 0
0

0101000
+540 4 -535 4 *
Wi

0101100
-534 0 -709 0 +533 0 +539 0 *
Fa
0  1e-07 85 0

0101000
+532 0 *
Ve
1e-07
90.57 151.64 187.5250001
0 0

0101101
*
Ed
 1e-07 1 1 0
1  272 0 0.350000000000001 1.35
2  376 87 0 0.350000000000001 1.35
4 G1 86 5 87 0
0

0101000
+705 4 -530 4 *
Ed
 1e-07 1 1 0
1  273 0 0 24.8
2  377 120 0 0 24.8
4 G1 86 5 120 0
0

0101000
+535 4 -530 4 *
Wi

0101100
-529 0 -704 0 +528 0 +534 0 *
Fa
0  1e-07 86 0

0101000
+527 8 *
Ve
1e-07
86.07 151.64 183.0250001
0 0

0101101
*
Ed
 1e-07 1 1 0
1  274 0 0 1.5707963267949
2  378 87 0 0 1.5707963267949
2  379 121 0 0 1.5707963267949
4 G1 87 0 121 0
0

0101000
+530 4 -525 4 *
Ed
 1e-07 1 1 0
1  275 0 0.350000000000001 1.35
2  380 87 0 0.350000000000001 1.35
4 G1 87 0 88 5
0

0101000
+700 4 -525 4 *
Wi

0101100
-529 0 +699 0 -524 0 +523 0 *
Fa
0  1e-07 87 0

0101000
+522 0 *
Ve
1.01969410203018e-06
79.07 151.64 183.0250001
0 0

0101101
*
Ed
 1e-07 1 1 0
1  276 0 -0 7
2  381 122 0 -0 7
4 G1 88 5 122 0
0

0101000
+525 4 -520 4 *
Ed
 1.5e-07 1 1 0
1  277 0 -1.85 -0.850000000000001
0

0101000
+520 4 -695 4 *
Wi

0101100
-523 0 +694 0 -519 0 -518 0 *
Fa
0  1e-07 88 5

0101000
+517 0 *
Ed
 1e-07 1 1 0
1  278 0 0 1.2
2  382 123 0 0 1.2
4 G1 89 6 123 0
0

0101000
+520 4 -687 4 *
Wi

0101100
+686 0 +690 0 -515 0 +518 0 *
Fa
0  1e-07 89 6

0101000
+514 0 *
Ve
1e-07
79.42 151.29 184.2250001
0 0

0101101
*
Ed
 1e-07 1 1 0
1  279 0 0 1.5707963267949
2  383 90 0 0 1.5707963267949
2  384 123 0 0 1.5707963267949
4 G1 90 0 123 0
0

0101000
+512 4 -687 4 *
Ve
1e-07
78.37 151.29 185.2750001
0 0

0101101
*
Ed
 1e-07 1 1 0
1  280 0 0 1.5707963267949
2  385 90 0 0 1.5707963267949
4 G1 90 0 124 5
0

0101000
+512 4 -510 4 *
Ed
 1e-07 1 1 0
1  281 0 1.5707963267949 3.14159265358979
2  386 90 0 1.5707963267949 3.14159265358979
2  387 91 0 1.5707963267949 3.14159265358979
4 G1 90 0 91 0
0

0101000
+510 4 -685 4 *
Wi

0101100
-511 0 +509 0 -684 0 +508 0 *
Fa
0  1e-07 90 0

0101000
+507 0 *
Ve
1e-07
69.27 151.29 185.2750001
0 0

0101101
*
Ed
 1e-07 1 1 0
1  282 0 -0 9.1
2  388 91 0 -0 9.1
4 G1 91 0 124 5
0

0101000
+510 4 -505 4 *
Ed
 1e-07 1 1 0
1  283 0 0 1.5707963267949
2  389 91 0 0 1.5707963267949
2  390 93 0 0 1.5707963267949
4 G1 91 0 93 0
0

0101000
+505 4 -680 4 *
Wi

0101100
+508 0 -504 0 +679 0 -503 0 *
Fa
0  1e-07 91 0

0101000
+502 0 *
Ve
7.21081406948311e-07
68.57 151.64 183.0250001
0 0

0101101
*
Ed
 1e-07 1 1 0
1  284 0 0 1.2
2  391 125 0 0 1.2
4 G1 92 6 125 0
0

0101000
+675 4 -500 4 *
Ed
 1.5e-07 1 1 0
1  285 0 -1.85 -0.850000000000001
0

0101000
+500 4 -670 4 *
Wi

0101100
+674 0 -669 0 +499 0 +498 0 *
Fa
0  1e-07 92 6

0101000
+497 0 *
Ve
1e-07
68.22 151.29 184.2250001
0 0

0101101
*
Ed
 1e-07 1 1 0
1  286 0 -0 1.5707963267949
2  392 93 0 -0 1.5707963267949
4 G1 93 0 124 5
0

0101000
+505 4 -495 4 *
Ed
 1e-07 1 1 0
1  287 0 1.5707963267949 3.14159265358979
2  393 93 0 1.5707963267949 3.14159265358979
2  394 125 0 1.5707963267949 3.14159265358979
4 G1 93 0 125 0
0

0101000
+495 4 -675 4 *
Wi

0101100
-503 0 +494 0 -673 0 +493 0 *
Fa
0  1e-07 93 0

0101000
+492 0 *
Ve
1e-07
61.57 151.64 183.0250001
0 0

0101101
*
Ed
 1e-07 1 1 0
1  288 0 0 7
2  395 126 0 0 7
4 G1 94 5 126 0
0

0101000
+500 4 -490 4 *
Ed
 1e-07 1 1 0
1  289 0 0.350000000000001 1.35
2  396 95 0 0.350000000000001 1.35
4 G1 94 5 95 0
0

0101000
+665 4 -490 4 *
Wi

0101100
+498 0 -489 0 +664 0 +488 0 *
Fa
0  1e-07 94 5

0101000
+487 0 *
Ve
1e-07
57.07 151.64 187.5250001
0 0

0101101
*
Ed
 1e-07 1 1 0
1  290 0 0.350000000000001 1.35
2  397 95 0 0.350000000000001 1.35
4 G1 95 0 96 5
0

0101000
+660 4 -485 4 *
Ed
 1e-07 1 1 0
1  291 0 -4.44089209850063e-16 1.5707963267949
2  398 95 0 -4.44089209850063e-16 1.5707963267949
2  399 127 0 -4.44089209850063e-16 1.5707963267949
4 G1 95 0 127 0
0

0101000
+490 4 -485 4 *
Wi

0101100
-484 0 -659 0 +483 0 +488 0 *
Fa
0  1e-07 95 0

0101000
+482 0 *
Ve
1e-07
57.07 151.64 212.3250001
0 0

0101101
*
Ed
 1e-07 1 1 0
1  292 0 -0 24.8
2  400 128 0 -0 24.8
4 G1 96 5 128 0
0

0101000
+485 4 -480 4 *
Ed
 1e-07 1 1 0
1  293 0 0.350000000000001 1.35
2  401 97 0 0.350000000000001 1.35
4 G1 96 5 97 0
0

0101000
+655 4 -480 4 *
Wi

0101100
-484 0 +654 0 -479 0 +478 0 *
Fa
0  1e-07 96 0

0101000
+477 8 *
Ve
1e-07
61.57 151.64 216.8250001
0 0

0101101
*
Ed
 1e-07 1 1 0
1  294 0 0 1.5707963267949
2  402 97 0 0 1.5707963267949
2  403 129 0 0 1.5707963267949
4 G1 97 0 129 0
0

0101000
+480 4 -475 4 *
Ed
 1e-07 1 1 0
1  295 0 0.350000000000001 1.35
2  404 97 0 0.350000000000001 1.35
4 G1 97 0 98 5
0

0101000
+650 4 -475 4 *
Wi

0101100
-478 0 +649 0 -474 0 +473 0 *
Fa
0  1e-07 97 0

0101000
+472 0 *
Ve
1.01969409072552e-06
68.57 151.64 216.8250001
0 0

0101101
*
Ed
 1.5e-07 1 1 0
1  296 0 -1.85 -0.850000000000001
0

0101000
+470 4 -645 4 *
Ed
 1e-07 1 1 0
1  297 0 0 7
2  405 130 0 0 7
4 G1 98 5 130 0
0

0101000
+475 4 -470 4 *
Wi

0101100
+469 0 +468 0 -644 0 +473 0 *
Fa
0  1e-07 98 5

0101000
+467 0 *
Ve
1e-07
68.57 151.64 215.6250001
0 0

0101101
*
Ed
 1e-07 1 1 0
1  298 0 -0 1.2
2  406 131 0 -0 1.2
4 G1 99 7 131 0
0

0101000
+465 4 -470 4 *
Ed
 1e-07 1 1 0
1  299 0 1.35 2.35
2  407 100 0 1.35 2.35
4 G1 99 7 100 0
0

0101000
+640 4 -465 4 *
Wi

0101100
-469 0 -464 0 +638 0 -463 0 *
Fa
0  1e-07 99 7

0101000
+462 0 *
Ve
1e-07
69.27 151.64 214.9250001
0 0

0101101
*
Ed
 1e-07 1 1 0
1  300 0 -0 1.5707963267949
2  408 100 0 -0 1.5707963267949
2  409 132 0 -0 1.5707963267949
4 G1 100 0 132 0
0

0101000
+460 4 -465 4 *
Ed
 1e-07 1 1 0
1  301 0 1.35 2.35
2  410 100 0 1.35 2.35
4 G1 100 0 101 7
0

0101000
+635 4 -460 4 *
Wi

0101100
-463 0 -633 0 +459 0 +458 0 *
Fa
0  1e-07 100 0

0101000
+457 0 *
Ed
 1e-07 1 1 0
1  302 0 -0 9.1
2  411 133 0 -0 9.1
4 G1 101 7 133 0
0

0101000
+550 4 -460 4 *
Wi

0101100
-548 0 +629 0 -455 0 +458 0 *
Fa
0  1e-07 101 7

0101000
+454 0 *
Ve
1.00000000444089e-07
76.32 170.84 210.0250001
0 0

0101101
*
Ed
 1e-07 1 1 0
1  303 0 0 1.133331077381
2  412 78 0 0 1.133331077381
0

0101000
+780 4 -452 4 *
Ed
 1.00000000444089e-07 1 1 0
1  304 0 0 1.5707963267949
2  413 78 0 0 1.5707963267949
2  414 134 0 0 1.5707963267949
4 G1 78 0 134 0
0

0101000
+452 4 -615 4 *
Wi

0101100
-451 0 -779 0 -610 0 +613 0 -450 0 *
Fa
0  1e-07 78 0

0111000
+449 0 *
Ve
1e-07
76.32 170.84 206.6250001
0 0

0101101
*
Ed
 1e-07 1 1 0
1  305 0 0.699999999999999 1.95
2  415 112 0 0.699999999999999 1.95
0

0101000
+576 4 -447 4 *
Ed
 1e-07 1 1 0
1  306 0 0 3.4
2  416 136 0 0 3.4
0

0101000
+447 4 -452 4 *
Wi

0101100
-446 0 +575 0 -777 0 +451 0 -445 0 *
Fa
0  1e-07 135 0

0111000
+444 0 *
Ve
1e-07
66.22 166.24 218.3250001
0 0

0101101
*
Ed
 1e-07 1 1 0
1  307 0 0 6.28318530717959
2  417 105 0 0 6.28318530717959
2  418 137 0 0 6.28318530717959
0

0101000
+442 4 -442 4 *
Ed
 1e-07 1 1 0
1  308 0 0 0.838152730712008
3  419 420CN 105 0 0 0.838152730712008
0

0101000
+605 4 -442 4 *
Wi

0101100
+604 0 -441 0 -440 0 +440 0 *
Fa
0  1e-07 105 0

0101000
+439 0 *
Wi

0101100
+596 0 *
Ve
1e-07
63.22 177.29 212.3500001
0 0

0101101
*
Ed
 1e-07 1 1 0
1  309 0 0 6.28318530717959
2  421 138 0 0 6.28318530717959
0

0101100
+436 4 -436 4 *
Wi

0101100
+435 0 *
Fa
0  1e-07 106 0

0101000
+437 0 +434 0 *
Wi

0101100
+591 0 *
Ve
1e-07
63.22 177.29 187.5000001
0 0

0101101
*
Ed
 1e-07 1 1 0
1  310 0 0 6.28318530717959
2  422 139 0 0 6.28318530717959
0

0101100
+431 4 -431 4 *
Wi

0101100
+430 0 *
Fa
0  1e-07 107 0

0101000
+432 0 +429 0 *
Ve
1e-07
71.72 170.84 205.7250001
0 0

0101101
*
Ed
 1e-07 1 1 0
1  311 0 0 1.5707963267949
2  423 110 0 0 1.5707963267949
2  424 140 0 0 1.5707963267949
4 G1 110 0 140 0
0

0101000
+582 4 -427 4 *
Ed
 1e-07 1 1 0
1  312 0 0.699999999999999 1.95
2  425 110 0 0.699999999999999 1.95
4 G1 110 0 141 9
0

0101000
+572 4 -427 4 *
Wi

0101100
-581 0 -426 0 +425 0 +570 0 *
Fa
0  1e-07 110 0

0101000
+424 0 *
Ve
1.00000001332268e-07
71.27 170.39 210.0250001
0 0

0101101
*
Ve
1e-07
71.27 170.39 206.6250001
0 0

0101101
*
Ed
 1e-07 1 1 0
1  313 0 0 3.4
2  426 111 0 0 3.4
0

0101000
+422 4 -421 4 *
Ed
 1.00000000444089e-07 1 1 0
1  314 0 4.71238898038469 6.28318530717959
2  427 111 0 4.71238898038469 6.28318530717959
2  428 108 0 4.71238898038469 6.28318530717959
4 G1 111 0 108 0
0

0101000
+422 4 -588 4 *
Ed
 1e-07 1 1 0
1  315 0 0 1.5707963267949
2  429 111 0 0 1.5707963267949
2  430 140 0 0 1.5707963267949
4 G1 111 0 140 0
0

0101000
+421 4 -582 4 *
Wi

0101100
-420 0 +419 0 +579 0 -418 0 *
Fa
0  1e-07 111 0

0111000
+417 0 *
Ve
1e-07
75.42 170.84 205.7250001
0 0

0101101
*
Ed
 1e-07 1 1 0
1  316 0 0.699999999999999 1.95
2  431 112 0 0.699999999999999 1.95
4 G1 141 9 112 0
0

0101000
+574 4 -415 4 *
Ed
 1e-07 1 1 0
1  317 0 0 3.7
2  432 142 0 0 3.7
4 G1 141 9 142 0
0

0101000
+427 4 -415 4 *
Wi

0101100
+571 0 -414 0 +413 0 +425 0 *
Fa
0  1e-07 141 9

0101000
+412 0 *
Ed
 1e-07 1 1 0
1  318 0 -2.22044604925031e-16 1.5707963267949
2  433 112 0 -2.22044604925031e-16 1.5707963267949
2  434 143 0 -2.22044604925031e-16 1.5707963267949
4 G1 112 0 143 0
0

0101000
+415 4 -447 4 *
Wi

0101100
-446 0 +410 0 +414 0 -573 0 *
Fa
0  1e-07 112 0

0101000
+409 0 *
Ve
1e-07
81.42 166.24 174.1250001
0 0

0101101
*
Ed
 1e-07 1 1 0
1  319 0 0 6.28318530717959
2  435 113 0 0 6.28318530717959
2  436 144 0 0 6.28318530717959
0

0101000
+407 4 -407 4 *
Ed
 1e-07 1 1 0
1  320 0 0 7.4
3  437 438CN 113 0 0 7.4
0

0101000
+567 4 -407 4 *
Wi

0101100
+566 0 -406 0 -405 0 +405 0 *
Fa
0  1e-07 113 0

0101000
+404 0 *
Wi

0101100
+560 0 *
Ve
1e-07
87.62 177.29 187.5000001
0 0

0101101
*
Ed
 1e-07 1 1 0
1  321 0 0 6.28318530717959
2  439 145 0 0 6.28318530717959
0

0101100
+401 4 -401 4 *
Wi

0101100
+400 0 *
Fa
0  1e-07 114 0

0101000
+402 0 +399 0 *
Wi

0101100
+555 0 *
Ve
1e-07
87.62 177.29 212.3500001
0 0

0101101
*
Ed
 1e-07 1 1 0
1  322 0 0 6.28318530717959
2  440 146 0 0 6.28318530717959
0

0101100
+396 4 -396 4 *
Wi

0101100
+395 0 *
Fa
0  1e-07 115 0

0101000
+397 0 +394 0 *
Ve
1e-07
79.42 151.29 215.6250001
0 0

0101101
*
Ed
 1e-07 1 1 0
1  323 0 0 1.5707963267949
2  441 116 0 0 1.5707963267949
2  442 117 0 0 1.5707963267949
4 G1 116 0 117 0
0

0101000
+392 4 -552 4 *
Ve
1e-07
78.37 151.29 214.5750001
0 0

0101101
*
Ed
 1e-07 1 1 0
1  324 0 0 1.5707963267949
2  443 116 0 0 1.5707963267949
4 G1 116 0 124 5
0

0101000
+392 4 -390 4 *
Ed
 1e-07 1 1 0
1  325 0 1.5707963267949 3.14159265358979
2  444 116 0 1.5707963267949 3.14159265358979
2  445 133 0 1.5707963267949 3.14159265358979
4 G1 116 0 133 0
0

0101000
+390 4 -550 4 *
Wi

0101100
-391 0 +389 0 -549 0 +388 0 *
Fa
0  1e-07 116 0

0101000
+387 0 *
Ve
7.21081446262767e-07
79.42 151.29 216.4750001
0 0

0101101
*
Ed
 4.6722158275087e-07 1 1 0
1  326 0 1.5707963267949 3.14159265358979
2  446 117 0 1.5707963267949 3.14159265358979
2  447 118 0 1.5707963267949 3.14159265358979
0

0101000
+385 4 -545 4 *
Ed
 1e-07 1 1 0
1  327 0 0.350000000000001 1.2
2  448 117 0 0.350000000000001 1.2
4 G1 117 0 124 5
0

0101000
+385 4 -392 4 *
Wi

0101100
+384 0 -383 0 +543 0 -391 0 *
Fa
0  1e-07 117 0

0101000
+382 0 *
Ve
1e-07
86.07 151.29 216.4750001
0 0

0101101
*
Ed
 1e-07 1 1 0
1  328 0 0.35 7
2  449 118 0 0.35 7
4 G1 118 0 124 5
0

0101000
+385 4 -380 4 *
Ed
 1e-07 1 1 0
1  329 0 0 1.5707963267949
2  450 118 0 0 1.5707963267949
2  451 119 0 0 1.5707963267949
4 G1 118 0 119 0
0

0101000
+380 4 -540 4 *
Wi

0101100
+384 0 -379 0 +538 0 -378 0 *
Fa
0  1e-07 118 0

0101000
+377 0 *
Ve
1e-07
90.22 151.29 212.3250001
0 0

0101101
*
Ed
 1e-07 1 1 0
1  330 0 -0 1.5707963267949
2  452 119 0 -0 1.5707963267949
4 G1 119 0 124 5
0

0101000
+380 4 -375 4 *
Ed
 1e-07 1 1 0
1  331 0 4.71238898038469 6.28318530717959
2  453 119 0 4.71238898038469 6.28318530717959
2  454 120 0 4.71238898038469 6.28318530717959
4 G1 119 0 120 0
0

0101000
+375 4 -535 4 *
Wi

0101100
-378 0 +374 0 -533 0 +373 0 *
Fa
0  1e-07 119 0

0101000
+372 0 *
Ve
1e-07
90.22 151.29 187.5250001
0 0

0101101
*
Ed
 1e-07 1 1 0
1  332 0 0 24.8
2  455 120 0 0 24.8
4 G1 120 0 124 5
0

0101000
+375 4 -370 4 *
Ed
 1e-07 1 1 0
1  333 0 0 1.5707963267949
2  456 120 0 0 1.5707963267949
2  457 121 0 0 1.5707963267949
4 G1 120 0 121 0
0

0101000
+370 4 -530 4 *
Wi

0101100
+373 0 -369 0 +528 0 -368 0 *
Fa
0  1e-07 120 0

0101000
+367 0 *
Ve
1e-07
86.07 151.29 183.3750001
0 0

0101101
*
Ed
 1e-07 1 1 0
1  334 0 0 1.5707963267949
2  458 121 0 0 1.5707963267949
4 G1 121 0 124 5
0

0101000
+370 4 -365 4 *
Ed
 1e-07 1 1 0
1  335 0 4.71238898038469 6.28318530717959
2  459 121 0 4.71238898038469 6.28318530717959
2  460 122 0 4.71238898038469 6.28318530717959
4 G1 121 0 122 0
0

0101000
+365 4 -525 4 *
Wi

0101100
-368 0 +364 0 -524 0 +363 0 *
Fa
0  1e-07 121 0

0101000
+362 0 *
Ve
1.01969410203018e-06
79.42 151.29 183.3750001
0 0

0101101
*
Ed
 1e-07 1 1 0
1  336 0 -0 6.65
2  461 122 0 -0 6.65
4 G1 122 0 124 5
0

0101000
+365 4 -360 4 *
Ed
 4.67221628214162e-07 1 1 0
1  337 0 4.71238898038469 6.28318530717959
2  462 122 0 4.71238898038469 6.28318530717959
2  463 123 0 4.71238898038469 6.28318530717959
0

0101000
+360 4 -520 4 *
Wi

0101100
+363 0 -359 0 +519 0 -358 0 *
Fa
0  1e-07 122 0

0101000
+357 0 *
Ed
 1e-07 1 1 0
1  338 0 0.350000000000001 1.2
2  464 123 0 0.350000000000001 1.2
4 G1 123 0 124 5
0

0101000
+360 4 -512 4 *
Wi

0101100
+358 0 -355 0 +515 0 -511 0 *
Fa
0  1e-07 123 0

0101000
+354 0 *
Ve
7.21081406948311e-07
68.22 151.29 183.3750001
0 0

0101101
*
Ve
1e-07
61.57 151.29 183.3750001
0 0

0101101
*
Ed
 1e-07 1 1 0
1  339 0 0.35 7
2  465 126 0 0.35 7
4 G1 124 5 126 0
0

0101000
+352 4 -351 4 *
Ed
 1e-07 1 1 0
1  340 0 0 0.849999999999998
2  466 125 0 0 0.849999999999998
4 G1 124 5 125 0
0

0101000
+495 4 -352 4 *
Ve
1e-07
57.42 151.29 187.5250001
0 0

0101101
*
Ed
 1e-07 1 1 0
1  341 0 -4.44089209850063e-16 1.5707963267949
2  467 127 0 -4.44089209850063e-16 1.5707963267949
4 G1 124 5 127 0
0

0101000
+351 4 -348 4 *
Ve
1e-07
57.42 151.29 212.3250001
0 0

0101101
*
Ed
 1e-07 1 1 0
1  342 0 -0 24.8
2  468 128 0 -0 24.8
4 G1 124 5 128 0
0

0101000
+348 4 -346 4 *
Ve
1e-07
61.57 151.29 216.4750001
0 0

0101101
*
Ed
 1e-07 1 1 0
1  343 0 0 1.5707963267949
2  469 129 0 0 1.5707963267949
4 G1 124 5 129 0
0

0101000
+346 4 -344 4 *
Ve
1.01969409072552e-06
68.22 151.29 216.4750001
0 0

0101101
*
Ed
 1e-07 1 1 0
1  344 0 0 6.65
2  470 130 0 0 6.65
4 G1 124 5 130 0
0

0101000
+344 4 -342 4 *
Ve
1e-07
68.22 151.29 215.6250001
0 0

0101101
*
Ed
 1e-07 1 1 0
1  345 0 -0 0.849999999999998
2  471 131 0 -0 0.849999999999998
4 G1 124 5 131 0
0

0101000
+340 4 -342 4 *
Ve
1e-07
69.27 151.29 214.5750001
0 0

0101101
*
Ed
 1e-07 1 1 0
1  346 0 -0 1.5707963267949
2  472 132 0 -0 1.5707963267949
4 G1 124 5 132 0
0

0101000
+338 4 -340 4 *
Ed
 1e-07 1 1 0
1  347 0 -0 9.1
2  473 133 0 -0 9.1
4 G1 124 5 133 0
0

0101000
+390 4 -338 4 *
Wi

0101100
-350 0 -349 0 -347 0 -494 0 -345 0 -504 0 -343 0 -509 0 -341 0 -355 0 
+339 0 -359 0 +337 0 -364 0 +336 0 -369 0 +389 0 -374 0 +383 0 -379 0 
*
Fa
0  1e-07 124 5

0101000
+335 0 *
Ed
 4.6722158367354e-07 1 1 0
1  348 0 3.14159265358979 4.71238898038469
2  474 125 0 3.14159265358979 4.71238898038469
2  475 126 0 3.14159265358979 4.71238898038469
0

0101000
+500 4 -352 4 *
Wi

0101100
+493 0 -349 0 +499 0 +333 0 *
Fa
0  1e-07 125 0

0101000
+332 0 *
Ed
 1e-07 1 1 0
1  349 0 0 1.5707963267949
2  476 126 0 0 1.5707963267949
2  477 127 0 0 1.5707963267949
4 G1 126 0 127 0
0

0101000
+490 4 -351 4 *
Wi

0101100
+333 0 -489 0 +350 0 -330 0 *
Fa
0  1e-07 126 0

0101000
+329 0 *
Ed
 1e-07 1 1 0
1  350 0 0 1.5707963267949
2  478 127 0 0 1.5707963267949
2  479 128 0 0 1.5707963267949
4 G1 127 0 128 0
0

0101000
+485 4 -348 4 *
Wi

0101100
-330 0 +483 0 -347 0 +327 0 *
Fa
0  1e-07 127 0

0101000
+326 0 *
Ed
 1e-07 1 1 0
1  351 0 0 1.5707963267949
2  480 128 0 0 1.5707963267949
2  481 129 0 0 1.5707963267949
4 G1 128 0 129 0
0

0101000
+480 4 -346 4 *
Wi

0101100
+327 0 -479 0 +345 0 -324 0 *
Fa
0  1e-07 128 0

0101000
+323 0 *
Ed
 1e-07 1 1 0
1  352 0 0 1.5707963267949
2  482 129 0 0 1.5707963267949
2  483 130 0 0 1.5707963267949
4 G1 129 0 130 0
0

0101000
+475 4 -344 4 *
Wi

0101100
-324 0 +474 0 -343 0 +321 0 *
Fa
0  1e-07 129 0

0101000
+320 0 *
Ed
 4.6722163235052e-07 1 1 0
1  353 0 0 1.5707963267949
2  484 130 0 0 1.5707963267949
2  485 131 0 0 1.5707963267949
0

0101000
+470 4 -342 4 *
Wi

0101100
+321 0 -468 0 +341 0 -318 0 *
Fa
0  1e-07 130 0

0101000
+317 0 *
Ed
 1e-07 1 1 0
1  354 0 1.5707963267949 3.14159265358979
2  486 131 0 1.5707963267949 3.14159265358979
2  487 132 0 1.5707963267949 3.14159265358979
4 G1 131 0 132 0
0

0101000
+340 4 -465 4 *
Wi

0101100
+315 0 -339 0 +464 0 +318 0 *
Fa
0  1e-07 131 0

0101000
+314 0 *
Ed
 1e-07 1 1 0
1  355 0 0 1.5707963267949
2  488 132 0 0 1.5707963267949
2  489 133 0 0 1.5707963267949
4 G1 132 0 133 0
0

0101000
+338 4 -460 4 *
Wi

0101100
-312 0 +337 0 -459 0 +315 0 *
Fa
0  1e-07 132 0

0101000
+311 0 *
Wi

0101100
+388 0 -336 0 +455 0 -312 0 *
Fa
0  1e-07 133 0

0101000
+309 0 *
Ve
1.00000001776357e-07
71.72 170.39 210.4750001
0 0

0101101
*
Ed
 1.00000000888178e-07 1 1 0
1  356 0 0 1.5707963267949
2  490 108 0 0 1.5707963267949
2  491 104 0 0 1.5707963267949
4 G1 108 0 104 0
0

0101000
+307 4 -617 4 *
Ed
 1.00000000444089e-07 1 1 0
1  357 0 0 1.5707963267949
2  492 108 0 0 1.5707963267949
0

0101000
+307 4 -422 4 *
Wi

0101100
-306 0 +305 0 -587 0 +419 0 *
Fa
0  1e-07 108 0

0101000
+304 0 *
Ve
1.00000001110223e-07
75.42 170.39 210.4750001
0 0

0101101
*
Ed
 1e-07 1 1 0
1  358 0 4.71238898038469 6.28318530717959
2  493 104 0 4.71238898038469 6.28318530717959
2  494 134 0 4.71238898038469 6.28318530717959
4 G1 104 0 134 0
0

0101000
+302 4 -615 4 *
Ed
 1e-07 1 1 0
1  359 0 -0 3.7
2  495 104 0 -0 3.7
0

0101000
+302 4 -307 4 *
Wi

0101100
+301 0 -300 0 +614 0 -306 0 *
Fa
0  1e-07 104 0

0101000
+299 0 *
Ve
1.00000001332268e-07
75.87 170.39 210.0250001
0 0

0101101
*
Ed
 1.00000000444089e-07 1 1 0
1  360 0 4.71238898038469 6.28318530717959
2  496 134 0 4.71238898038469 6.28318530717959
2  497 136 0 4.71238898038469 6.28318530717959
4 G1 134 0 136 0
0

0101000
+297 4 -452 4 *
Ed
 1.00000000222045e-07 1 1 0
1  361 0 0 1.5707963267949
2  498 134 0 0 1.5707963267949
0

0101000
+297 4 -302 4 *
Wi

0101100
-296 0 +295 0 -450 0 +301 0 *
Fa
0  1e-07 134 0

0101000
+294 0 *
Ve
1e-07
75.87 170.39 206.6250001
0 0

0101101
*
Ed
 1e-07 1 1 0
1  362 0 0 3.4
2  499 136 0 0 3.4
0

0101000
+292 4 -297 4 *
Ed
 1e-07 1 1 0
1  363 0 4.71238898038469 6.28318530717959
2  500 136 0 4.71238898038469 6.28318530717959
2  501 143 0 4.71238898038469 6.28318530717959
4 G1 136 0 143 0
0

0101000
+292 4 -447 4 *
Wi

0101100
-291 0 +290 0 +445 0 -296 0 *
Fa
0  1e-07 136 0

0111000
+289 0 *
Ve
1e-07
66.22 166.24 225.7250001
0 0

0101101
*
Ed
 1e-07 1 1 0
1  364 0 0 6.28318530717959
2  502 137 0 0 6.28318530717959
2  503 147 0 0 6.28318530717959
0

0101000
+287 4 -287 4 *
Ed
 1e-07 1 1 0
1  365 0 0 7.4
3  504 505CN 137 0 0 7.4
0

0101000
+442 4 -287 4 *
Wi

0101100
+441 0 -286 0 -285 0 +285 0 *
Fa
0  1e-07 137 0

0101000
+284 0 *
Ve
1e-07
63.22 174.29 212.3500001
0 0

0101101
*
Ed
 1e-07 1 1 0
1  366 0 0.1 3.1
3  506 507CN 138 0 0.1 3.1
0

0101000
+436 4 -282 4 *
Ed
 1e-07 1 1 0
1  367 0 0 6.28318530717959
2  508 138 0 0 6.28318530717959
0

0101000
+282 4 -282 4 *
Wi

0101100
+435 0 -281 0 +280 0 +281 0 *
Fa
0  1e-07 138 0

0101000
+279 0 *
Ve
1e-07
63.22 174.29 187.5000001
0 0

0101101
*
Ed
 1e-07 1 1 0
1  368 0 0.1 3.1
3  509 510CN 139 0 0.1 3.1
0

0101000
+431 4 -277 4 *
Ed
 1e-07 1 1 0
1  369 0 0 6.28318530717959
2  511 139 0 0 6.28318530717959
0

0101000
+277 4 -277 4 *
Wi

0101100
+430 0 -276 0 +275 0 +276 0 *
Fa
0  1e-07 139 0

0101000
+274 0 *
Ve
1e-07
71.72 170.39 206.1750001
0 0

0101101
*
Ed
 1e-07 1 1 0
1  370 0 0 1.5707963267949
2  512 140 0 0 1.5707963267949
0

0101000
+421 4 -272 4 *
Ed
 1e-07 1 1 0
1  371 0 4.71238898038469 6.28318530717959
2  513 140 0 4.71238898038469 6.28318530717959
2  514 142 0 4.71238898038469 6.28318530717959
4 G1 140 0 142 0
0

0101000
+272 4 -427 4 *
Wi

0101100
-418 0 +271 0 -426 0 +270 0 *
Fa
0  1e-07 140 0

0101000
+269 0 *
Ve
1e-07
75.42 170.39 206.1750001
0 0

0101101
*
Ed
 1e-07 1 1 0
1  372 0 0 3.7
2  515 142 0 0 3.7
0

0101000
+272 4 -267 4 *
Ed
 1e-07 1 1 0
1  373 0 -2.22044604925031e-16 1.5707963267949
2  516 143 0 -2.22044604925031e-16 1.5707963267949
0

0101000
+267 4 -292 4 *
Wi

0101100
+291 0 +295 0 +300 0 +305 0 +420 0 +271 0 +266 0 +265 0 *
Fa
0  1e-07 148 0

0111000
+264 0 *
Ed
 1e-07 1 1 0
1  374 0 0 1.5707963267949
2  517 142 0 0 1.5707963267949
2  518 143 0 0 1.5707963267949
4 G1 142 0 143 0
0

0101000
+267 4 -415 4 *
Wi

0101100
+270 0 -266 0 +413 0 -262 0 *
Fa
0  1e-07 142 0

0101000
+261 0 *
Wi

0101100
-262 0 +265 0 -410 0 +290 0 *
Fa
0  1e-07 143 0

0101000
+259 0 *
Ve
1e-07
81.07 166.24 173.4250001
0 0

0101101
*
Ed
 1e-07 1 1 0
1  375 0 0 6.28318530717959
2  519 144 0 0 6.28318530717959
0

0101000
+257 4 -257 4 *
Ed
 1e-07 1 1 0
1  376 0 0 0.782623792124926
3  520 521CN 144 0 0 0.782623792124926
0

0101000
+407 4 -257 4 *
Wi

0101100
+406 0 -256 0 -255 0 +255 0 *
Fa
0  1e-07 144 0

0101000
+254 0 *
Ve
1e-07
87.62 174.29 187.5000001
0 0

0101101
*
Ed
 1e-07 1 1 0
1  377 0 0.1 3.1
3  522 523CN 145 0 0.1 3.1
0

0101000
+401 4 -252 4 *
Ed
 1e-07 1 1 0
1  378 0 0 6.28318530717959
2  524 145 0 0 6.28318530717959
0

0101000
+252 4 -252 4 *
Wi

0101100
+400 0 -251 0 +250 0 +251 0 *
Fa
0  1e-07 145 0

0101000
+249 0 *
Ve
1e-07
87.62 174.29 212.3500001
0 0

0101101
*
Ed
 1e-07 1 1 0
1  379 0 0.1 3.1
3  525 526CN 146 0 0.1 3.1
0

0101000
+396 4 -247 4 *
Ed
 1e-07 1 1 0
1  380 0 0 6.28318530717959
2  527 146 0 0 6.28318530717959
0

0101000
+247 4 -247 4 *
Wi

0101100
+395 0 -246 0 +245 0 +246 0 *
Fa
0  1e-07 146 0

0101000
+244 0 *
Ve
1e-07
66.57 166.24 226.4250001
0 0

0101101
*
Ed
 1e-07 1 1 0
1  381 0 0 6.28318530717959
2  528 147 0 0 6.28318530717959
0

0101000
+242 4 -242 4 *
Ed
 1e-07 1 1 0
1  382 0 0 0.782623792124926
3  529 530CN 147 0 0 0.782623792124926
0

0101000
+287 4 -242 4 *
Wi

0101100
+286 0 -241 0 -240 0 +240 0 *
Fa
0  1e-07 147 0

0101000
+239 0 *
Wi

0101100
+280 0 *
Fa
0  1e-07 149 0

0101000
+237 0 *
Wi

0101100
+275 0 *
Fa
0  1e-07 150 0

0101000
+235 0 *
Wi

0101100
+256 0 *
Ve
1.00000001200154e-07
73.82 161.34 173.4250001
0 0

0101101
*
Ed
 1e-07 1 1 0
1  383 0 0 6.28318530717959
2  531 152 0 0 6.28318530717959
0

0101100
+232 4 -232 4 *
Wi

0101100
-231 0 *
Fa
0  1e-07 151 0

0101000
+233 0 +230 0 *
Wi

0101100
+250 0 *
Fa
0  1e-07 153 0

0101000
+228 0 *
Wi

0101100
+245 0 *
Fa
0  1e-07 154 0

0101000
+226 0 *
Wi

0101100
+241 0 *
Ve
1.00000001200154e-07
73.82 161.34 226.4250001
0 0

0101101
*
Ed
 1e-07 1 1 0
1  384 0 0 6.28318530717959
2  532 156 0 0 6.28318530717959
0

0101100
+223 4 -223 4 *
Wi

0101100
-222 0 *
Fa
0  1e-07 155 0

0101000
+224 0 +221 0 *
Ve
1.00000003202373e-07
70.670340712536 169.993617771283 173.1250001
0 0

0101101
*
Ve
1.00000001200154e-07
73.82 161.34 173.1250001
0 0

0101101
*
Ed
 1e-07 1 1 0
1  385 0 2.44346095279206 6.28318530717959
2  533 152 0 2.44346095279206 6.28318530717959
0

0101000
+219 4 -218 4 *
Ed
 1e-07 1 1 0
1  386 0 0.199999999999999 0.5
3  534 535CN 152 0 0.199999999999999 0.5
0

0101000
+232 4 -218 4 *
Ve
1.00000005347542e-07
70.066382228717 163.090340712536 173.1250001
0 0

0101101
*
Ed
 1e-07 1 1 0
1  387 0 0 0.872664625997164
2  533 152 0 0 0.872664625997164
0

0101000
+218 4 -215 4 *
Ve
1.00000008343679e-07
70.066382228717 163.090340712536 171.819949074278
0 0

0101101
*
Ed
 1e-07 1 1 0
1  388 0 0.5 1.80505102572168
2  536 152 0 0.5 1.80505102572168
0

0101000
+215 4 -213 4 *
Ve
1.00000008981148e-07
70.670340712536 169.993617771283 171.819949074278
0 0

0101101
*
Ed
 1e-07 1 1 0
1  389 0 6.98131700797732 8.55211333477222
2  537 152 0 6.98131700797732 8.55211333477222
2  538 157 0 6.98131700797732 8.55211333477222
0

0101000
+211 4 -213 4 *
Ed
 1e-07 1 1 0
1  390 0 0.5 1.80505102572168
2  539 152 0 0.5 1.80505102572168
0

0101000
+219 4 -211 4 *
Wi

0101100
-217 0 +216 0 +231 0 -216 0 -214 0 -212 0 +210 0 +209 0 *
Fa
0  1e-07 152 0

0101000
+208 0 *
Ve
1.00000002400308e-07
73.82 161.34 228.030051125722
0 0

0101101
*
Ed
 1e-07 1 1 0
1  391 0 0.199999999999999 1.80505102572168
3  540 541CN 156 0 0.199999999999999 1.80505102572168
0

0101000
+223 4 -206 4 *
Ve
1.00000009769963e-07
78.424493841851 164.564101297704 228.030051125722
0 0

0101101
*
Ed
 1e-07 1 1 0
1  392 0 8.20304748437335 9.42477796076938
2  542 156 0 8.20304748437335 9.42477796076938
2  543 158 0 8.20304748437335 9.42477796076938
0

0101000
+204 4 -206 4 *
Ve
1.00000003662053e-07
78.424493841851 164.564101297704 226.7250001
0 0

0101101
*
Ed
 1e-07 1 1 0
1  393 0 0.5 1.80505102572168
2  544 156 0 0.5 1.80505102572168
0

0101000
+202 4 -204 4 *
Ve
1.00000003580362e-07
70.066382228717 163.090340712536 226.7250001
0 0

0101101
*
Ed
 1e-07 1 1 0
1  394 0 1.22173047639603 5.41052068118242
2  545 156 0 1.22173047639603 5.41052068118242
0

0101000
+202 4 -200 4 *
Ve
1.000000081886e-07
70.066382228717 163.090340712536 228.030051125722
0 0

0101101
*
Ed
 1e-07 1 1 0
1  395 0 0.5 1.80505102572168
2  546 156 0 0.5 1.80505102572168
0

0101000
+200 4 -198 4 *
Ed
 1e-07 1 1 0
1  396 0 3.14159265358979 4.01425727958696
2  542 156 0 3.14159265358979 4.01425727958696
2  547 158 0 3.14159265358979 4.01425727958696
0

0101000
+206 4 -198 4 *
Wi

0101100
+222 0 -205 0 +203 0 +201 0 -199 0 -197 0 +196 0 +205 0 *
Fa
0  1e-07 156 0

0101000
+195 0 *
Ve
1e-07
68.6492000089469 161.901183634616 173.1250001
0 0

0101101
*
Ed
 1e-07 1 1 0
1  397 0 0 1.85
0

0101000
+193 4 -215 4 *
Ve
1e-07
69.4811836346159 171.410799991053 173.1250001
0 0

0101101
*
Ed
 1e-07 1 1 0
1  398 0 0 4.71238898038469
2  548 160 0 0 4.71238898038469
0

0101000
+191 4 -193 4 *
Ed
 1e-07 1 1 0
1  399 0 0.1 1.95
0

0101000
+219 4 -191 4 *
Wi

0101100
-217 0 -214 0 +192 0 +190 0 +189 0 *
Fa
0  1e-07 159 0

0101000
+188 0 *
Ve
1.00000003202373e-07
69.9514755622492 162.993922571083 171.7250001
0 0

0101101
*
Ed
 1e-07 1 1 0
1  400 0 4.91374690117499 5.6396841983863
2  549 157 0 4.91374690117499 5.6396841983863
0

0101000
+213 4 -186 4 *
Ve
1e-07
68.6492000089469 161.901183634616 171.7250001
0 0

0101101
*
Ed
 1e-07 1 1 0
1  401 0 0 1.7
0

0101000
+184 4 -186 4 *
Ed
 1e-07 1 1 0
1  402 0 0 1.4
2  550 160 0 0 1.4
0

0101000
+193 4 -184 4 *
Wi

0101100
-192 0 -212 0 -185 0 +183 0 +182 0 *
Fa
0  1e-07 161 0

0101000
+181 0 *
Ve
1.50000000888178e-07
78.0552863681244 163.489572873174 171.7250001
0 0

0101101
*
Ed
 1e-07 1 1 0
1  403 0 0 1.86750229963393
2  551 157 0 0 1.86750229963393
0

0101000
+179 4 -186 4 *
Ve
1.00000000888178e-07
78.0972198965217 163.462340921423 171.5750001
0 0

0101101
*
Ed
 1e-07 1 1 0
1  404 0 5.63968419838629 6.28318530717959
2  552 157 0 5.63968419838629 6.28318530717959
0

0101000
+179 4 -177 4 *
Ve
1.00000003662053e-07
78.9168932177974 166.062012566817 171.5750001
0 0

0101101
*
Ed
 1e-07 1 1 0
1  405 0 0 5.74213323906134
2  553 157 0 0 5.74213323906134
2  554 162 0 0 5.74213323906134
0

0101000
+175 4 -177 4 *
Ve
1.50000000888178e-07
78.8669236764464 166.063757541652 171.7250001
0 0

0101101
*
Ed
 1e-07 1 1 0
1  406 0 3.14159265358979 3.78509376238309
2  555 157 0 3.14159265358979 3.78509376238309
0

0101000
+175 4 -173 4 *
Ve
1.00000002220446e-07
70.573922571083 170.108524437751 171.7250001
0 0

0101101
*
Ed
 1e-07 1 1 0
1  407 0 1.53588974175501 3.83972435438752
2  556 157 0 1.53588974175501 3.83972435438752
0

0101000
+173 4 -171 4 *
Ed
 1e-07 1 1 0
1  408 0 3.78509376238309 4.51103105959439
2  557 157 0 3.78509376238309 4.51103105959439
0

0101000
+171 4 -211 4 *
Wi

0101100
-178 0 +176 0 -174 0 +172 0 +170 0 +169 0 +210 0 +185 0 *
Fa
0  1e-07 157 0

0111000
+168 0 *
Ve
1e-07
69.4811836346159 171.410799991053 171.7250001
0 0

0101101
*
Ed
 1e-07 1 1 0
1  409 0 0 1.4
2  558 160 0 0 1.4
0

0101000
+191 4 -166 4 *
Ed
 1e-07 1 1 0
1  410 0 0.250000000000001 1.95
0

0101000
+171 4 -166 4 *
Wi

0101100
-189 0 -165 0 +164 0 -169 0 +209 0 *
Fa
0  1e-07 163 0

0101000
+163 0 *
Ve
1.00000004189529e-07
69.9514755622492 162.993922571083 228.1250001
0 0

0101101
*
Ed
 1e-07 1 1 0
1  411 0 0.643501108793295 1.3694384060046
2  559 158 0 0.643501108793295 1.3694384060046
0

0101000
+161 4 -198 4 *
Ve
1.50000001776357e-07
71.6857777782095 170.816854324535 228.1250001
0 0

0101101
*
Ed
 1e-07 1 1 0
1  412 0 0.872664625997165 2.70526034059121
2  560 158 0 0.872664625997165 2.70526034059121
0

0101000
+161 4 -159 4 *
Ve
1.00000001256074e-07
71.6646468651224 170.862169713887 228.2750001
0 0

0101101
*
Ed
 1e-07 1 1 0
1  413 0 4.32218515994874e-18 0.643501108793277
2  561 158 0 4.32218515994874e-18 0.643501108793277
0

0101000
+157 4 -159 4 *
Ve
1.00000000222045e-07
75.0538016675583 171.188508204008 228.2750001
0 0

0101101
*
Ed
 1e-07 1 1 0
1  414 0 0 5.6025068989018
2  562 158 0 0 5.6025068989018
2  563 164 0 0 5.6025068989018
0

0101000
+155 4 -157 4 *
Ve
1.50000001110223e-07
75.0417055727783 171.139993417694 228.1250001
0 0

0101101
*
Ed
 1e-07 1 1 0
1  415 0 2.49809154479652 3.14159265358979
2  564 158 0 2.49809154479652 3.14159265358979
0

0101000
+153 4 -155 4 *
Ve
1.00000005329071e-07
78.5654477349688 164.512798276205 228.1250001
0 0

0101101
*
Ed
 1e-07 1 1 0
1  416 0 3.385938748869 5.06145483078356
2  565 158 0 3.385938748869 5.06145483078356
0

0101000
+153 4 -151 4 *
Ed
 1e-07 1 1 0
1  417 0 1.77215424758519 2.4980915447965
2  566 158 0 1.77215424758519 2.4980915447965
0

0101000
+204 4 -151 4 *
Wi

0101100
+203 0 +196 0 -160 0 +158 0 -156 0 -154 0 -152 0 +150 0 -149 0 *
Fa
0  1e-07 158 0

0111000
+148 0 *
Ve
1e-07
80.1629251903049 163.931364032552 226.7250001
0 0

0101101
*
Ed
 1e-07 1 1 0
1  418 0 0 1.85
0

0101000
+146 4 -202 4 *
Ve
1e-07
80.1629251903049 163.931364032552 228.1250001
0 0

0101101
*
Ed
 1e-07 1 1 0
1  419 0 0 1.7
0

0101000
+144 4 -151 4 *
Ed
 1e-07 1 1 0
1  420 0 0 1.4
2  567 166 0 0 1.4
0

0101000
+146 4 -144 4 *
Wi

0101100
-145 0 -201 0 -149 0 +143 0 +142 0 *
Fa
0  1e-07 165 0

0101000
+141 0 *
Ve
1e-07
68.6492000089469 161.901183634616 226.7250001
0 0

0101101
*
Ed
 1e-07 1 1 0
1  421 0 0 4.18879020478639
2  568 166 0 0 4.18879020478639
0

0101000
+139 4 -146 4 *
Ed
 1e-07 1 1 0
1  422 0 0.100000000000002 1.95
0

0101000
+200 4 -139 4 *
Wi

0101100
+199 0 +145 0 +138 0 +137 0 *
Fa
0  1e-07 167 0

0101000
+136 0 *
Ve
1e-07
68.6492000089469 161.901183634616 228.1250001
0 0

0101101
*
Ed
 1e-07 1 1 0
1  423 0 0 1.4
2  569 166 0 0 1.4
0

0101000
+139 4 -134 4 *
Ed
 1e-07 1 1 0
1  424 0 0.249999999999999 1.95
0

0101000
+161 4 -134 4 *
Wi

0101100
-137 0 -133 0 +132 0 -160 0 +197 0 *
Fa
0  1e-07 168 0

0101000
+131 0 *
Ve
1.50000001776357e-07
79.4810263336316 162.563686513649 171.7250001
0 0

0101101
*
Ed
 1e-07 1 1 0
1  425 0 2.84488668075076 4.71238898038469
2  570 160 0 2.84488668075076 4.71238898038469
0

0101000
+129 4 -184 4 *
Ve
1.00000007160723e-07
79.4810263336316 162.563686513649 172.6250001
0 0

0101101
*
Ed
 1e-07 1 1 0
1  426 0 -1.4 -0.5
2  571 160 0 -1.4 -0.5
0

0101000
+129 4 -127 4 *
Ve
1.00000007160723e-07
80.5658880823789 166.004428397258 172.6250001
0 0

0101101
*
Ed
 1e-07 1 1 0
1  427 0 3.43829862642883 3.97935069454707
2  572 160 0 3.43829862642883 3.97935069454707
0

0101000
+127 4 -125 4 *
Ve
1.50000001986027e-07
80.5658880823789 166.004428397258 171.7250001
0 0

0101101
*
Ed
 1e-07 1 1 0
1  428 0 -1.4 -0.5
2  573 160 0 -1.4 -0.5
0

0101000
+123 4 -125 4 *
Ed
 1e-07 1 1 0
1  429 0 0 2.30383461263252
2  570 160 0 0 2.30383461263252
0

0101000
+166 4 -123 4 *
Wi

0101100
-190 0 -182 0 +128 0 -126 0 -124 0 +122 0 +121 0 +165 0 *
Fa
0  1e-07 160 0

0101000
+120 0 *
Ed
 1.5e-07 1 1 0
1  430 0 1.16041061856931 2.86041061856931
0

0101000
+179 4 -129 4 *
Wi

0101100
+183 0 -178 0 +118 0 +128 0 *
Fa
0  1e-07 169 0

0111000
+117 0 *
Ve
1e-07
79.6068269188234 162.481990658396 172.6250001
0 0

0101101
*
Ed
 1e-07 1 1 0
1  431 0 0 0.150000000000001
0

0101000
+115 4 -127 4 *
Ve
1.00000000888178e-07
78.0972198965217 163.462340921423 170.4250001
0 0

0101101
*
Ed
 1e-07 1 1 0
1  432 0 0.25 1.4
2  574 162 0 0.25 1.4
0

0101000
+177 4 -113 4 *
Ve
1.00000040399916e-07
77.8875522545353 163.598500680177 170.1750001
0 0

0101101
*
Ed
 1e-07 1 1 0
1  433 0 9.50060958337164e-18 1.5707963267949
2  575 171 0 9.50060958337164e-18 1.5707963267949
0

0101000
+113 4 -111 4 *
Ve
1e-07
79.6068269188234 162.481990658396 170.1750001
0 0

0101101
*
Ed
 1e-07 1 1 0
1  434 0 0 2.05
0

0101000
+109 4 -111 4 *
Ed
 1e-07 1 1 0
1  435 0 0 2.45
2  576 172 0 0 2.45
0

0101000
+115 4 -109 4 *
Wi

0101100
-114 0 +126 0 +118 0 -176 0 -112 0 -110 0 +108 0 +107 0 *
Fa
0  1e-07 170 0

0101000
+106 0 *
Ve
1.00000003662053e-07
78.9168932177974 166.062012566817 170.4250001
0 0

0101101
*
Ed
 1e-07 1 1 0
1  436 0 0 5.74213323906134
2  577 162 0 0 5.74213323906134
2  578 171 0 0 5.74213323906134
0

0101000
+104 4 -113 4 *
Ed
 1e-07 1 1 0
1  437 0 0.25 1.4
2  579 162 0 0.25 1.4
0

0101000
+175 4 -104 4 *
Wi

0101100
+103 0 -112 0 -174 0 +102 0 *
Fa
0  1e-07 162 0

0111000
+101 0 *
Ve
1e-07
80.7157967064318 165.999193472753 172.6250001
0 0

0101101
*
Ed
 1e-07 1 1 0
1  438 0 1.95 2.1
0

0101000
+125 4 -99 4 *
Ve
1e-07
80.7157967064318 165.999193472753 170.1750001
0 0

0101101
*
Ed
 1e-07 1 1 0
1  439 0 0 2.45
2  580 172 0 0 2.45
0

0101000
+99 4 -97 4 *
Ve
1.00000021334778e-07
78.6670455110426 166.070737440993 170.1750001
0 0

0101101
*
Ed
 1e-07 1 1 0
1  440 0 0.0499999999999957 2.1
0

0101000
+95 4 -97 4 *
Ed
 1e-07 1 1 0
1  441 0 1.57079632679489 3.14159265358979
2  581 171 0 1.57079632679489 3.14159265358979
0

0101000
+95 4 -104 4 *
Ed
 1.5e-07 1 1 0
1  442 0 -3.85281653972263 -2.15281653972262
0

0101000
+123 4 -173 4 *
Wi

0101100
-98 0 -96 0 +94 0 -93 0 +102 0 -172 0 +92 0 -122 0 *
Fa
0  1e-07 173 0

0101000
+91 0 *
Wi

0101100
+92 0 +121 0 +164 0 +170 0 *
Fa
0  1e-07 174 0

0101000
+89 0 *
Ve
1.50000003768222e-07
70.9673267332503 172.357577562497 228.1250001
0 0

0101101
*
Ed
 1.5e-07 1 1 0
1  443 0 1.85482678910448 3.55482678910448
0

0101000
+159 4 -87 4 *
Ed
 1e-07 1 1 0
1  444 0 0 1.83259571459405
2  582 166 0 0 1.83259571459405
0

0101000
+134 4 -87 4 *
Wi

0101100
-158 0 -86 0 +85 0 +132 0 *
Fa
0  1e-07 175 0

0101000
+84 0 *
Ve
1.00000001332268e-07
70.9673267332503 172.357577562497 227.2250001
0 0

0101101
*
Ve
1.00000000496507e-07
70.9039339939892 172.493523730553 227.2250001
0 0

0101101
*
Ed
 1e-07 1 1 0
1  445 0 1.95 2.1
0

0101000
+82 4 -81 4 *
Ve
1.00000000496507e-07
70.9039339939892 172.493523730553 229.6750001
0 0

0101101
*
Ed
 1.00000000496507e-07 1 1 0
1  446 0 0 2.45
2  583 177 0 0 2.45
0

0101000
+81 4 -79 4 *
Ve
1.00000010731901e-07
71.7703014305576 170.635592767128 229.6750001
0 0

0101101
*
Ed
 1e-07 1 1 0
1  447 0 0.0499999999999996 2.1
0

0101000
+77 4 -79 4 *
Ve
1.00000001256074e-07
71.6646468651224 170.862169713887 229.4250001
0 0

0101101
*
Ed
 1e-07 1 1 0
1  448 0 4.71238898038469 6.28318530717959
2  584 178 0 4.71238898038469 6.28318530717959
0

0101000
+77 4 -75 4 *
Ed
 1e-07 1 1 0
1  449 0 0.25 1.4
2  585 164 0 0.25 1.4
0

0101000
+157 4 -75 4 *
Ed
 1e-07 1 1 0
1  450 0 -1.4 -0.5
2  586 166 0 -1.4 -0.5
0

0101000
+87 4 -82 4 *
Wi

0101100
-80 0 -78 0 +76 0 -74 0 +73 0 -156 0 -86 0 -72 0 *
Fa
0  1e-07 176 0

0101000
+71 0 *
Ve
1.00000000222045e-07
75.0538016675583 171.188508204008 229.4250001
0 0

0101101
*
Ed
 1e-07 1 1 0
1  451 0 0 5.6025068989018
2  587 164 0 0 5.6025068989018
2  588 178 0 0 5.6025068989018
0

0101000
+69 4 -75 4 *
Ed
 1e-07 1 1 0
1  452 0 0.25 1.4
2  589 164 0 0.25 1.4
0

0101000
+155 4 -69 4 *
Wi

0101100
+68 0 -73 0 -154 0 +67 0 *
Fa
0  1e-07 164 0

0111000
+66 0 *
Ve
1e-07
75.4892610796377 172.935040511304 227.2250001
0 0

0101101
*
Ve
1.00000002808667e-07
75.4529727952978 172.789496152363 227.2250001
0 0

0101101
*
Ed
 1e-07 1 1 0
1  453 0 0 0.150000000000003
0

0101000
+64 4 -63 4 *
Ve
1.50000004720733e-07
75.4529727952978 172.789496152363 228.1250001
0 0

0101101
*
Ed
 1e-07 1 1 0
1  454 0 -1.4 -0.5
2  590 166 0 -1.4 -0.5
0

0101000
+61 4 -63 4 *
Ed
 1.5e-07 1 1 0
1  455 0 -2.54794755965528 -0.847947559655277
0

0101000
+61 4 -153 4 *
Ve
1.00000050844336e-07
74.9933211936583 170.945934272439 229.6750001
0 0

0101101
*
Ed
 1e-07 1 1 0
1  456 0 3.14159265358979 4.71238898038469
2  591 178 0 3.14159265358979 4.71238898038469
0

0101000
+69 4 -58 4 *
Ve
1e-07
75.4892610796377 172.935040511304 229.6750001
0 0

0101101
*
Ed
 1e-07 1 1 0
1  457 0 0 2.05
0

0101000
+56 4 -58 4 *
Ed
 1e-07 1 1 0
1  458 0 0 2.45
2  592 177 0 0 2.45
0

0101000
+64 4 -56 4 *
Wi

0101100
-62 0 +60 0 -59 0 -152 0 -67 0 -57 0 +55 0 +54 0 *
Fa
0  1e-07 179 0

0101000
+53 0 *
Ed
 1e-07 1 1 0
1  459 0 2.51327412287183 4.18879020478639
2  582 166 0 2.51327412287183 4.18879020478639
0

0101000
+61 4 -144 4 *
Wi

0101100
-150 0 +143 0 +51 0 -59 0 *
Fa
0  1e-07 180 0

0101000
+50 0 *
Ed
 1e-07 1 1 0
1  460 0 1.83259571459405 2.51327412287183
2  593 166 0 1.83259571459405 2.51327412287183
0

0101000
+82 4 -63 4 *
Wi

0101100
-138 0 -142 0 +51 0 -60 0 +48 0 +72 0 +85 0 +133 0 *
Fa
0  1e-07 166 0

0101000
+47 0 *
Ed
 1e-07 1 1 0
1  461 0 0 0.541052068118243
2  594 172 0 0 0.541052068118243
0

0101000
+99 4 -115 4 *
Wi

0101100
+124 0 +114 0 +45 0 +98 0 *
Fa
0  1e-07 181 0

0101000
+44 0 *
Ed
 1e-07 1 1 0
1  462 0 0 5.74213323906134
2  595 171 0 0 5.74213323906134
0

0101000
+111 4 -95 4 *
Wi

0101100
-42 0 -110 0 -103 0 -93 0 *
Fa
0  1e-07 171 0

0111000
+41 0 *
Ed
 1e-07 1 1 0
1  463 0 0 0.541052068118243
2  596 172 0 0 0.541052068118243
0

0101000
+97 4 -109 4 *
Wi

0101100
+42 0 +94 0 +39 0 +108 0 *
Ve
1.00000000783774e-07
73.82 163.04 170.1750001
0 0

0101101
*
Ed
 1e-07 1 1 0
1  464 0 0 6.28318530717959
2  597 183 0 0 6.28318530717959
0

0101000
+37 4 -37 4 *
Wi

0101100
-36 0 *
Fa
0  1e-07 182 0

0101000
+38 0 +35 0 *
Wi

0101100
+96 0 -107 0 -45 0 +39 0 *
Fa
0  1e-07 172 0

0101000
+33 0 *
Ed
 1e-07 1 1 0
1  465 0 0 0.680678408277788
2  598 177 0 0 0.680678408277788
0

0101000
+81 4 -64 4 *
Wi

0101100
-48 0 +62 0 +31 0 +80 0 *
Fa
0  1e-07 184 0

0101000
+30 0 *
Ed
 1e-07 1 1 0
1  466 0 0 0.680678408277788
2  599 177 0 0 0.680678408277788
0

0101000
+79 4 -56 4 *
Wi

0101100
+78 0 -54 0 -31 0 +28 0 *
Fa
0  1e-07 177 0

0101000
+27 0 *
Ed
 1e-07 1 1 0
1  467 0 0 5.60250689890181
2  600 178 0 0 5.60250689890181
0

0101000
+77 4 -58 4 *
Wi

0101100
+25 0 -55 0 -28 0 -76 0 *
Ve
1.00000000783774e-07
73.82 163.04 229.6750001
0 0

0101101
*
Ed
 1e-07 1 1 0
1  468 0 0 6.28318530717959
2  601 186 0 0 6.28318530717959
0

0101000
+23 4 -23 4 *
Wi

0101100
-22 0 *
Fa
0  1e-07 185 0

0101000
+24 0 +21 0 *
Wi

0101100
-25 0 +74 0 -68 0 +57 0 *
Fa
0  1e-07 178 0

0111000
+19 0 *
Ve
1e-07
73.82 163.04 177.6750001
0 0

0101101
*
Ed
 1e-07 1 1 0
1  469 0 0 7.5
3  602 603C0 183 0 0 7.5
0

0101000
+17 4 -37 4 *
Ed
 1e-07 1 1 0
1  470 0 0 6.28318530717959
2  604 183 0 0 6.28318530717959
0

0101000
+17 4 -17 4 *
Wi

0101100
-36 0 -16 0 +15 0 +16 0 *
Fa
0  1e-07 183 0

0111000
+14 0 *
Ve
1e-07
73.82 163.04 222.1750001
0 0

0101101
*
Ed
 1e-07 1 1 0
1  471 0 0 7.5
3  605 606C0 186 0 0 7.5
0

0101000
+12 4 -23 4 *
Ed
 1e-07 1 1 0
1  472 0 0 6.28318530717959
2  607 186 0 0 6.28318530717959
0

0101000
+12 4 -12 4 *
Wi

0101100
-22 0 -11 0 +10 0 +11 0 *
Fa
0  1e-07 186 0

0111000
+9 0 *
Wi

0101100
-15 0 *
Fa
0  1e-07 187 0

0101000
-7 0 *
Wi

0101100
-10 0 *
Fa
0  1e-07 188 0

0101000
-5 0 *
Sh

0101100
-1126 0 -1091 0 +1059 0 -1026 0 -1021 0 -988 0 -981 0 +975 0 +973 0 -966 0 
-933 0 +930 0 +926 0 -911 0 +877 0 -870 0 -862 0 -857 0 -849 0 -846 0 
-843 0 +840 0 -837 0 -834 0 -832 0 -822 0 -819 0 -816 0 -811 0 -808 0 
+803 0 -796 0 +791 0 -787 0 -784 0 -781 0 -772 0 +769 0 +766 0 -763 0 
-760 0 -757 0 -754 0 -752 0 -744 0 -739 0 -731 0 -728 0 +721 0 -716 0 
+711 0 -706 0 +701 0 -696 0 +691 0 +688 0 -681 0 -676 0 +671 0 +666 0 
-661 0 +656 0 -651 0 +646 0 -641 0 -636 0 +631 0 -627 0 +625 0 +620 0 
-611 0 -608 0 -606 0 +601 0 +599 0 -594 0 -589 0 +584 0 +577 0 -568 0 
+563 0 -558 0 -553 0 +546 0 -541 0 +536 0 +531 0 +526 5 -521 0 -516 0 
-513 0 +506 0 -501 0 +496 0 +491 0 -486 0 +481 0 -476 5 -471 0 +466 0 
+461 0 -456 0 +453 0 -448 0 -443 0 +438 0 -433 0 -428 0 -423 0 -416 0 
+411 0 +408 0 +403 0 -398 0 -393 0 -386 0 +381 0 -376 0 +371 0 -366 0 
+361 0 -356 0 -353 0 +334 0 -331 0 +328 0 -325 0 +322 0 -319 0 +316 0 
+313 0 -310 0 +308 0 +303 0 -298 0 +293 0 -288 0 +283 0 +278 0 +273 0 
+268 0 -263 0 -260 0 +258 0 +253 0 +248 0 +243 0 +238 0 -236 0 -234 0 
+229 0 -227 0 -225 0 +220 0 +207 0 +194 0 -187 0 -180 0 -167 0 -162 0 
-147 0 +140 0 +135 0 +130 0 -119 0 +116 0 -105 0 +100 0 -90 0 +88 0 
-83 0 +70 0 +65 0 +52 0 -49 0 +46 0 -43 0 +40 0 +34 0 -32 0 
+29 0 +26 0 +20 0 +18 0 -13 0 -8 0 +6 0 +4 0 *
So

0100000
+3 0 *
Co

0100000
+2 0 *

+1 3 