DBRep_DrawableShape

CASCADE Topology V3, (c) Open Cascade
Locations 9
1
             -1               0               0          -22.35 
              0              -1               0              51 
              0               0               1           79.76 
1
              1               0               0               0 
              0               1               0               0 
              0               0               1               0 
2  1 1 2 1 0
2  2 -1 1 -1 0
1
              1              -0               0              -0 
              0               1               0              -0 
             -0               0               1            24.3 
1
              1              -0               0              -0 
              0               1               0              -0 
             -0               0               1            23.3 
1
              1              -0               0              -0 
              0               1               0              -0 
             -0               0               1            23.3 
2  5 -1 0
1
              1              -0               0              -0 
              0               1               0              -0 
             -0               0               1             4.5 
Curve2ds 607
1 4.1363073339817831 0 1 0 
7 0 0  7 110 19  5.1168772618776668 -0.049999999999998934  5.1168772618776668 -0.6765619731301058  5.1116079440538957 -1.300984943831093  5.1011340986597506 -1.91769369772092  5.0854675542449419 -2.5209431078068465  5.0646006535651411 -3.1036141721444293  5.0384994937967642 -3.6564425909164653  5.0011286006028763 -4.2627465112121046  4.9949606525649513 -4.3581343528044743  4.988595678489574 -4.4519267833910536  4.9820321337543971 -4.5440276764144567  4.9752684778557237 -4.6343308979229594  4.9683031744085016 -4.722720306570503  4.9522809403022157 -4.9157194397095338  4.943115595127475 -5.0192771404812957  4.9336373527488027 -5.1194803634461836  4.9238454570746644 -5.2160448497762362  4.9137396304467336 -5.3086642717138961  4.9033200052913122 -5.3970099299845842  4.8792063463884761 -5.585104366478129  4.8653193214549901 -5.6824397424509616  4.8509559100866317 -5.7717732067936689  4.8361483667358822 -5.8522137943493613  4.8209312341471504 -5.9229379631279304  4.8053413063125214 -5.983184610295635  4.7677133844046988 -6.0991269003302842  4.7454064953599797 -6.1451782899640914  4.7227383034808517 -6.1682524495048412  4.6999544934346904 -6.1673090360740064  4.6773021811194315 -6.1423755284009571  4.6550269901815833 -6.0945479027923986  4.6181986783107885 -5.9780404548174015  4.6033350745449795 -5.9199079007667832  4.5888131995550552 -5.8522552963427419  4.5746651417490272 -5.7757484298020287  4.5609211169084176 -5.6911055125580727  4.5476094387046642 -5.5991011444293788  4.5237358814606399 -5.4160861671439848  4.5130412223019958 -5.3267175245556588  4.502673245572419 -5.2328418796731428  4.4926323001463926 -5.1348124408976696  4.482918274233163 -5.0329584527192548  4.4735305196698434 -4.9275855519543805  4.4572120735979039 -4.7320225745865017  4.4501634859515136 -4.6429800174237945  4.443320446508161 -4.5519789734526173  4.4366813802867835 -4.4591395177604989  4.4302447040924493 -4.3645712795654505  4.4240088265163484 -4.2683734422159638  4.3893155756962345 -3.7066617070521342  4.365073711254067 -3.2067673125115506  4.3451861301381989 -2.68122151953084  4.3296170771347047 -2.137273586389588  4.3183504708771858 -1.5803783639240185  4.3113951890665296 -1.0150071416823616  4.3085407159660951 -0.38829534331977961  4.3083250526592467 -0.33134895348598725  4.3081529834640131 -0.27438038745035953  4.3080245167710647 -0.21739524615548395  4.3079396581694684 -0.16039913747949391  4.3078984104466818 -0.1033976762360691  4.3079008148496651 -0.045401227709605356  4.3079008694060121 -0.04440597132196876  4.3079009372576014 -0.0434107150413943  4.3079010184044311 -0.042415458897743487  4.3079011128465021 -0.041420202920870529  4.3079012205838101 -0.040424947140622357  4.3079014626488261 -0.038434436643878522  4.3079015969765164 -0.037439181927391756  4.3079017445994241 -0.036443927467235807  4.3079019055175509 -0.035448673293266883  4.3079020797308916 -0.03445341943533986  4.3079022672394442 -0.033458165923308289  4.3079026688467641 -0.031467660664136358  4.3079028829455028 -0.030472408916994733  4.3079031103394234 -0.029477157575452471  4.3079033510285196 -0.028481906669363434  4.3079036050127888 -0.027486656228582391  4.3079038722922283 -0.026491406282965028  4.3079044165302429 -0.024560894549284309  4.3079046919344277 -0.023625632699828029  4.3079049790793835 -0.022690371338779287  4.3079052779651077 -0.021755110490915896  4.3079055885915976 -0.020819850181013323  4.3079059109588504 -0.019884590433844655  4.3079064676518337 -0.018326255410802666  4.3079066954477225 -0.017703179808197942  4.3079069284545266 -0.01708010447367338  4.307907166672245 -0.016457029414544751  4.3079074101008734 -0.015833954638136687  4.3079076587404135 -0.015210880151782671  4.3079081664409848 -0.013964732575912844  4.3079084255020019 -0.013341659486385615  4.3079086897739156 -0.012718586701563466  4.3079089592567197 -0.012095514228769005  4.3079092339504168 -0.011472442075327318  4.3079095138550043 -0.010849370248565979  4.3079100840855471 -0.009603228163912016  4.3079103744114828 -0.0089801579060100039  4.3079106699482912 -0.0083570879894369361  4.3079109706959722 -0.0077340184215196764  4.3079112766545222 -0.0071109492095840247  4.3079115878239396 -0.006487880360954712  4.3079123296803425 -0.0050268937996747563  4.3079127645805988 -0.0041889763867018551  4.3079132089049841 -0.0033510596618521403  4.3079136626534948 -0.0025131436429412244  4.3079141258261275 -0.0016752283477849007  4.3079145984228786 -0.00083731379419914136  4.3079150804437409 5.999999999062311e-07 
 0 8 0.26030394580524807 6 0.30981782512716471 6 0.37097212162308724 6 0.44721284811907203 6 0.55112983755205835 6 0.62392721503488036 6 0.68634645534228533 6 0.73631978267507303 6 0.97354696740195568 6 0.99724441481975878 6 0.99765817875853935 6 0.99807194244337694 6 0.99848570570690831 6 0.99887453003466808 6 0.99913356738406933 6 0.99939260440002642 6 0.99965164104146265 6 1 8
7 0 0  7 110 19  0 4.749210504445502  0.10271507756231267 4.749210504445502  0.20507937357840411 4.7813535148659945  0.30794979091552582 4.8452429135322275  0.41209747462488566 4.9383200232114612  0.51831478611801796 5.0557965914756515  0.62745176412541892 5.1903681395373251  0.76212020032979844 5.3586192879654311  0.78380127943506051 5.3857712804191999  0.80565130483309721 5.4131189407186877  0.82768044876709634 5.4405899303020231  0.84989900305173371 5.4681066527708424  0.87231737907317175 5.4955862538902869  0.92289471541521961 5.5567258376863018  0.95116955576617634 5.5903261609560788  0.97978539095654593 5.6235682024378644  1.0087569985033531 5.6562648990623172  1.0380998021159822 5.6882164713012378  1.0678305024861252 5.7192113808175886  1.1355395972256361 5.7861986164404566  1.1737974701986962 5.8215911747130722  1.2126925261440042 5.8546771644834674  1.252186335197049 5.8849378265696046  1.2922490237447535 5.9118788212824311  1.3328574596885119 5.9350456086509933  1.4300622501327105 5.9799268065353965  1.4870661679764556 5.9980403008834582  1.5445940716185671 6.0072226998714253  1.6022838298939315 6.0068473843265968  1.6597892490163038 5.9969309798706254  1.7167469286190349 5.9781319138368536  1.8119701905730197 5.9330717831372013  1.850714162919475 5.9107366087117033  1.8889584827846047 5.884980278900743  1.9266824881053226 5.8561996779729766  1.9638598636748372 5.8248247995314504  2.0004571908948292 5.7913064967983265  2.067279093758033 5.7259204729121  2.0976999734172375 5.6944676950213511  2.1277147651145922 5.661984106057913  2.1573409872804015 5.6286964767296999  2.1865947384409412 5.5948190109214604  2.2154913874934818 5.5605522149942761  2.2669075193033215 5.498484459456999  2.2895536070292173 5.4707521283612932  2.3119953500780674 5.442975785212913  2.3342434540063448 5.4152409611226702  2.3563085070079244 5.387627706897236  2.3782009799140851 5.3602105930391257  2.5030863576091269 5.2041666551793453  2.602854757887608 5.0809202025402485  2.7000880126978846 4.9711011970749945  2.7954576809674436 4.8803936535229626  2.8896101708772433 4.8127140660114174  2.9831526814493015 4.7704878711923993  3.0861086336271137 4.7531121689400351  3.0954571404938642 4.7517982690121965  3.1048040075715488 4.7507492934304869  3.1141496526193002 4.7499657992931246  3.1234944907795281 4.7494481559361237  3.132838934577916 4.7491965449332909  3.1423465507494073 4.7492112117889276  3.1425097075810808 4.7492115445825638  3.1426728644206441 4.7492119584770967  3.1428360212702953 4.7492124534724756  3.1429991781322344 4.7492130295686277  3.1431623350086615 4.7492136867654642  3.1434886486947646 4.7492151633598372  3.1436518055044393 4.749215982757276  3.1438149623330012 4.7492168832550856  3.1439781191826524 4.7492178648531445  3.1441412760555925 4.749218927551313  3.1443044329540202 4.7492200713494315  3.144630746640122 4.7492225211439569  3.1447939034277952 4.7492238271402005  3.1449570602453578 4.7492252142358735  3.1451202170950094 4.7492266824307867  3.1452833739789492 4.749228231724727  3.1454465308993771 4.7492298621174651  3.1457630107862129 4.7492331819425688  3.1459163337481 4.7492348618933828  3.1460696567459778 4.7492366134609858  3.1462229797816712 4.7492384366451619  3.1463763028570066 4.7492403314456775  3.1465296259738098 4.7492422978622892  3.1467850940414097 4.7492456936454914  3.1468872389681222 4.7492470831815936  3.1469893839145904 4.7492485045029706  3.1470915288813548 4.7492499576095382  3.1471936738689554 4.7492514425012171  3.1472958188779319 4.7492529591779213  3.1475001088082211 4.7492560560992194  3.1476022537295356 4.7492576363437289  3.147704398673306 4.7492592483730078  3.1478065436400704 4.7492608921869692  3.1479086886303702 4.7492625677855198  3.1480108336447437 4.749264275168561  3.1482151235750324 4.749267753500912  3.1483172684909499 4.7492695244501322  3.1484194134320211 4.7492713271835569  3.148521558398786 4.749273161701085  3.1486237033917841 4.7492750280026126  3.148725848411555 4.7492769260880348  3.1489653606744312 4.749281451293653  3.1491027279396193 4.7492841041127667  3.1492400952555175 4.749286814414317  3.1493774626234399 4.7492895821980312  3.1495148300447009 4.7492924074636278  3.1496521975206115 4.7492952902108145  3.1497895650524859 4.749298230439293 
 0 8 0.26030394580524807 6 0.30981782512716471 6 0.37097212162308724 6 0.44721284811907203 6 0.55112983755205835 6 0.62392721503488036 6 0.68634645534228533 6 0.73631978267507303 6 0.97354696740195568 6 0.99724441481975878 6 0.99765817875853935 6 0.99807194244337694 6 0.99848570570690831 6 0.99887453003466808 6 0.99913356738406933 6 0.99939260440002642 6 0.99965164104146265 6 1 8
7 0 0  4 29 10  5.1168628803256393 6.0000000000337561e-07  5.1168636668108043 -0.0013665747867370043  5.1168644246223982 -0.0027337518839739422  5.1168651537603864 -0.0041009311653423808  5.1168665797071773 -0.0068841246698586878  5.1168672744311632 -0.008300139042621793  5.1168679383966653 -0.0097161554824106711  5.1168692048118087 -0.012548194813458743  5.1168698072613372 -0.013964217704724891  5.116870378952215 -0.015380242382260496  5.1168714608174639 -0.018212297248642421  5.1168719709917392 -0.019628327437494063  5.1168724504072181 -0.021044359131853544  5.1168733477211266 -0.023876427091723225  5.1168737656194763 -0.025292463357237296  5.1168741527589097 -0.026708500847493245  5.1168748532312778 -0.029491750471991571  5.1168751686488854 -0.03085896253274107  5.116875455392222 -0.032226175478000336  5.1168759807472775 -0.035009433019166834  5.1168762172742142 -0.036425477670196299  5.1168764230420711 -0.037841522994112115  5.1168767730596967 -0.040673615425022548  5.1168769173094359 -0.042089662532018769  5.1168770308000457 -0.043505710031126577  5.1168771877045947 -0.046191318134132041  5.1168772371533109 -0.047460878688641808  5.1168772618776668 -0.048730439344320316  5.1168772618776668 -0.049999999999999219 
 0 5 0.10937436042294066 3 0.22265518170152826 3 0.33593621083342473 3 0.44921741752684197 3 0.56249877149059313 3 0.67187398319862768 3 0.785155538347175 3 0.89843715094089383 3 1 5
7 0 0  4 29 10  6.2749883957168962 4.7492982304392903  6.2752125302608013 4.7492934330409531  6.2754366646344302 4.7492888105337787  6.2756607988471034 4.7492843629198926  6.2761170722359489 4.7492756648762562  6.2763492114010973 4.7492714271628698  6.2765813504139185 4.7492673770631457  6.2770456285815435 4.7492596520875878  6.2772777677363454 4.7492559772124467  6.277509906759513 4.7492524899553166  6.277974184927138 4.7492458906750645  6.2782063240715944 4.749242778652528  6.2784384631051093 4.7492398542517353  6.2789027412727343 4.7492343806926769  6.2791348804068461 4.7492318315348978  6.2793670194507056 4.7492294700019553  6.2798232928148909 4.7492251971479842  6.2800474271406328 4.7492232731107018  6.2802715614011957 4.7492215239839402  6.2807278347795981 4.7492183193296889  6.2809599738933759 4.7492168765192408  6.2811921129575685 4.749215621337842  6.2816563911251952 4.7492134862336348  6.2818885302286285 4.7492126063110085  6.2821206693031675 4.7492119140186588  6.2825609330791741 4.7492109569012397  6.2827690577842814 4.7492106552640703  6.2829771824819343 4.749210504445502  6.2831853071795862 4.749210504445502 
 0 5 0.10937436042294066 3 0.22265518170152826 3 0.33593621083342473 3 0.44921741752684197 3 0.56249877149059313 3 0.67187398319862768 3 0.785155538347175 3 0.89843715094089383 3 1 5
7 0 0  1 2 2  5.2229468530304661 -13.5  5.2229468530304661 0 
 -1.0466698812367707e-14 2 13.499999999999996 2
1 0 0 0 1 
1 6.2831853071795862 -13.300000000000001 -1 0 
7 0 0  8 9 2  5.0335422722311529 -13.300000000000001  5.0308815418827058 -13.300000000000001  5.0281586967534375 -13.302053700524844  5.0253736067984729 -13.305966350903166  5.0225249112078423 -13.311514136970354  5.0196106270204925 -13.318409583043042  5.0166215508112328 -13.326252818375837  5.013542831972793 -13.334528586811828  5.0103256321182315 -13.34248451330501 
 0 9 1 9
7 0 0  8 9 2  1.2382766561824308 1.5707963267948966  1.269457278497113 1.6424509178675089  1.3031407461968147 1.712159834064698  1.3395383734378874 1.7798501866840566  1.3788732537918706 1.8452233476343223  1.4213536650736223 1.9077942376775328  1.4672391014911914 1.9667554036444717  1.51680199625825 2.0210354596076257  1.5707963267948966 2.0686371576410396 
 0 9 1 9
7 0 0  6 12 3  5.0103256726118914 -13.342484413166881  5.0049818768970828 -13.355699256110485  4.9997999058648936 -13.371225562901506  4.9946925265425204 -13.389319667685676  4.9896826281303266 -13.410450358194309  4.984901049412966 -13.434979351115183  4.9796984048453021 -13.468806419985611  4.9788340130575159 -13.47469958600359  4.9779883953452071 -13.480760227005101  4.9771635751019874 -13.486993819019856  4.9763619294446029 -13.493405606035973  4.9755861892129358 -13.500000599999998 
 0 7 0.8305676697060892 5 1 7
7 0 0  6 12 3  0.49784023170188352 -5.9999999999999997e-07  0.57690703270229204 0.07917914340806724  0.65600556224958817 0.15611706989831015  0.73750558989848813 0.23208367799532986  0.82270765844880844 0.30673781073632417  0.912438696562204 0.37811085343988721  1.0267564922766523 0.45586907859510539  1.0463880371613721 0.46879202318947205  1.0662995660678787 0.48143790869639208  1.0865084770937736 0.49377615625522697  1.1070319967752302 0.50577085453894455  1.127887180086991 0.51738075975411846 
 0 7 0.8305676697060892 5 1 7
1 10.019133210329988 -13.5 -1 -0 
7 0 0  6 12 3  4.4144522881574906 -13.342484413166888  4.4197960838723107 -13.355699256110521  4.4249780549044742 -13.371225562901497  4.4300854342268599 -13.389319667685632  4.4350953326390608 -13.410450358194373  4.4398769113564098 -13.434979351115159  4.4450795559240772 -13.468806419985611  4.4459439477118634 -13.474699586003588  4.4467895654241696 -13.480760227005101  4.4476143856673911 -13.486993819019856  4.4484160313247765 -13.493405606035976  4.4491917715564435 -13.500000599999998 
 0 7 0.83056766970620133 5 1 7
7 0 0  6 12 3  0.4978402317019297 9.1000006000000013  0.57690703270250077 9.0208208565917722  0.65600556224941775 8.9438829301017382  0.73750558989845239 8.8679163220048078  0.82270765844899041 8.7932621892635083  0.91243869656211618 8.72188914656018  1.0267564922766554 8.6441309214048996  1.046388037161371 8.6312079768105345  1.0662995660678751 8.6185620913036161  1.0865084770937739 8.6062238437447807  1.1070319967752356 8.5942291454610622  1.1278871800869936 8.5826192402458901 
 0 7 0.83056766970620133 5 1 7
7 0 0  8 9 2  4.3912356885382264 -13.300000000000001  4.3938964188866718 -13.300000000000001  4.3966192640159445 -13.302053700524839  4.3994043539709065 -13.305966350903184  4.4022530495615335 -13.311514136970327  4.4051673337488877 -13.318409583043064  4.4081564099581483 -13.326252818375828  4.4112351287965854 -13.334528586811826  4.4144523286511479 -13.342484513305013 
 0 9 1 9
7 0 0  8 9 2  0.33251967061246712 1.5707963267948966  0.30133904829780545 1.642450917867462  0.26765558059790756 1.7121598340648989  0.23125795335745991 1.7798501866836529  0.19192307300244421 1.8452233476348054  0.14944266172169848 1.9077942376771904  0.10355722530353891 1.9667554036446093  0.053994330536673081 2.0210354596076052  0 2.0686371576410423 
 0 9 1 9
7 0 0  1 2 2  4.2018311077389132 -13.5  4.2018311077389132 0 
 -1.0974171438249413e-14 2 13.499999999999996 2
1 0 0 0 1 
7 0 0  6 22 5  0 13.499999999999996  0.56284617009308813 13.499999999999996  1.1255495037526975 13.500000000000014  1.6881072253307112 13.499999999999984  2.250524120948076 13.500000000000007  2.8128159907395891 13.5  3.9376890303215091 13.5  4.5002738077876439 13.5  5.0627670008495551 13.5  5.6251970314605746 13.5  6.187599772421656 13.5  7.3101513888106009 13.5  7.870305246142614 13.500000000000002  8.4304860970110465 13.499999999999998  8.9907293405519759 13.500000000000002  9.5510630931420089 13.5  10.675931860099421 13.5  11.240472139528512 13.500000000000007  11.805138265639133 13.499999999999986  12.369946330365375 13.500000000000012  12.934901189451734 13.499999999999996  13.500000000000007 13.499999999999996 
 0 7 0.24988776017411629 5 0.49999999948631946 5 0.74911212878364708 5 1 7
1 6.274988494080854 -6.7721329416738691e-16 0 1 
1 4.0614585422815264 0.49999999999999822 1 0 
1 6.2831853071795862 -10.999999999999998 -1 0 
1 6.2831853071795862 -10.999999999999998 -1 0 
1 3.1497894666885253 -3.521340933957995e-16 0 1 
7 0 0  6 22 5  0 13.499999999999998  0.5628461700929972 13.499999999999998  1.1255495037530157 13.499999999999996  1.6881072253302092 13.5  2.2505241209484672 13.499999999999996  2.8128159907394537 13.499999999999998  3.9376890303217951 13.499999999999998  4.5002738077870186 13.499999999999998  5.0627670008500685 13.499999999999996  5.6251970314604529 13.499999999999998  6.1875997724216081 13.499999999999998  7.3101513888108096 13.499999999999998  7.870305246141724 13.499999999999998  8.4304860970127926 13.499999999999995  8.9907293405504554 13.500000000000002  9.5510630931425364 13.499999999999996  10.675931860098281 13.499999999999996  11.240472139532372 13.500000000000002  11.805138265633422 13.499999999999996  12.369946330369611 13.499999999999995  12.934901189450375 13.499999999999998  13.500000000000007 13.499999999999998 
 0 7 0.24988776017409797 5 0.49999999948634966 5 0.74911212878379718 5 1 7
1 0 0 1 0 
7 0 0  6 22 5  0 13.499999999999996  0.56284617009310423 13.499999999999996  1.1255495037526189 13.500000000000014  1.6881072253308234 13.499999999999984  2.2505241209480085 13.500000000000007  2.8128159907395962 13.5  3.9376890303210126 13.5  4.5002738077889761 13.5  5.0627670008479368 13.5  5.6251970314615525 13.5  6.1875997724213958 13.5  7.3101513888106497 13.5  7.8703052461421938 13.500000000000002  8.4304860970120554 13.499999999999998  8.9907293405510398 13.500000000000002  9.5510630931423446 13.5  10.67593186009919 13.5  11.240472139529183 13.500000000000007  11.805138265638448 13.499999999999986  12.3699463303656 13.500000000000012  12.934901189451763 13.499999999999996  13.500000000000007 13.499999999999996 
 0 7 0.24988776017431424 5 0.49999999948649809 5 0.74911212878371303 5 1 7
7 0 0  6 22 5  0 13.499999999999998  0.56284617009311666 13.499999999999998  1.1255495037525678 13.499999999999996  1.6881072253309339 13.5  2.2505241209478841 13.499999999999996  2.8128159907396597 13.499999999999998  3.9376890303212506 13.499999999999998  4.5002738077885809 13.499999999999998  5.0627670008480816 13.499999999999996  5.6251970314617159 13.499999999999998  6.1875997724212599 13.499999999999998  7.310151388810838 13.499999999999998  7.8703052461422383 13.499999999999998  8.4304860970112436 13.499999999999995  8.9907293405520505 13.500000000000002  9.5510630931419378 13.499999999999996  10.675931860099666 13.499999999999996  11.240472139527798 13.500000000000002  11.805138265640112 13.499999999999996  12.369946330364668 13.499999999999995  12.934901189451992 13.499999999999998  13.500000000000007 13.499999999999998 
 0 7 0.24988776017419467 5 0.49999999948639284 5 0.74911212878364553 5 1 7
1 0 0 1 0 
7 0 0  7 50 9  3.7229757585318848 1.5288258667910792  3.731441555658003 1.5419347482223302  3.7399688138269087 1.5542750272492747  3.7485534778507232 1.5658383989977358  3.7571913941273847 1.5766180937235876  3.7658783106406468 1.5866088768127522  3.7746098769600782 1.5958070487811995  3.8144613882760745 1.6339849939700957  3.8460545532181691 1.6537899376179901  3.8779445730455206 1.6635028133026624  3.9099409959877272 1.6633145494438992  3.941873268907627 1.6535994156443834  3.9735849109117418 1.6348312289655025  4.0342531889081696 1.5820171954737734  4.0632624491051388 1.5490260799585225  4.0918617029888606 1.5089829527950809  4.119966671668978 1.4622859881504251  4.147498848656392 1.4092983276539577  4.1743776495691902 1.3502914807653508  4.2188287398002924 1.2398293519849328  4.2367749705638449 1.1914040909604291  4.2543198574391354 1.1401022535834604  4.271420711967278 1.0859178180816706  4.2880200152605203 1.0288183087286984  4.3040400248301882 0.96871985657295812  4.3239283301955815 0.88662636859381883  4.3284237177901055 0.8675381302574604  4.3328549516462642 0.84816568210538379  4.3372186334833422 0.82850460589741837  4.3415109569855579 0.8085502339643863  4.3457277078020562 0.78829764920810297  4.3550567457721927 0.7419384601888136  4.3601226691670263 0.71565800734275953  4.3650530272657306 0.68888944128221874  4.3698372461753454 0.66162288574432282  4.3744633041209458 0.63384984848319015  4.3789178509909688 0.60556359626878586  4.3916864341661519 0.51940004736431378  4.3994559098940149 0.4599390359244182  4.4063689378880806 0.39839192418676206  4.412283239127933 0.33485231638557189  4.4170502551667861 0.26951078209975815  4.420562227316422 0.20272078128313734  4.4234343682811277 0.11593211471797783  4.4239660623983541 0.096711476010045025  4.4243952808190192 0.077434309546693531  4.4247221908308179 0.058112702803594991  4.4249474952751031 0.038758562212918825  4.4250724325468829 0.019383613163332179  4.4250987765948304 -6.0000000000000008e-07 
 0 8 0.071656501089647343 6 0.32554669686999471 6 0.56308998720218462 6 0.72962582784155627 6 0.77911977693341938 6 0.84124790157877383 6 0.9649678316852266 6 1 8
7 0 0  7 50 9  4.2794157801948609 0  4.2819872615760195 0.017262754700140742  4.2845794234640682 0.034538782785804349  4.2871923607113818 0.051823291043895152  4.2898261015485781 0.069111492602330002  4.2924806075845146 0.086398606930038285  4.2951557738062958 0.10367985983696182  4.307402555241298 0.18214300543357018  4.317213491407534 0.24321908598545816  4.3272706014807936 0.30392836082642422  4.3375594622494855 0.36410198766035251  4.3480598618069637 0.4236188606315599  4.3587427191112189 0.48238828140504275  4.379698076148058 0.59457804364318112  4.3899549849124231 0.6481117232441217  4.4003171286494647 0.70094816793806491  4.4107560910536563 0.75311675351414098  4.4212374972548485 0.80466989264635091  4.4317173654178417 0.85569430051278617  4.4494383367011974 0.94184957234285882  4.4567086401660738 0.97716032023639343  4.4639266438524805 1.0123350333392378  4.4710642684490001 1.0474322675064409  4.478083800453514 1.0825130512674643  4.4849332187481457 1.1176527061747998  4.493500328489259 1.163452707084345  4.4954412969594673 1.1739597782352456  4.4973584361800452 1.1844832598218582  4.4992494611728162 1.1950255743801439  4.5011118144117042 1.205589124332882  4.5029426658227276 1.2161762919896719  4.5069936824508394 1.2401117742245131  4.5091938286569357 1.2534746341220817  4.5113332480270696 1.2668830760070757  4.5134048560959394 1.2803412505292269  4.5154006106829678 1.2938523685429775  4.5173115352670896 1.3074186674298962  4.5227444781968531 1.3481691997655136  4.5259887070926297 1.3755434884130482  4.528777539175926 1.4031471713318131  4.5310156716239458 1.4309310734527554  4.5325997717318289 1.4588128783775285  4.5334472008269602 1.4866577558078273  4.5335577783366894 1.5220708673106844  4.533521138148445 1.5298661521397137  4.5334228918148218 1.5376378580021755  4.5332628082376036 1.5453820026799499  4.533040989799674 1.5530947977578342  4.5327578723650204 1.5607726486235447  4.5324142252787309 1.5684121544677165 
 0 8 0.071656501089647343 6 0.32554669686999471 6 0.56308998720218462 6 0.72962582784155627 6 0.77911977693341938 6 0.84124790157877383 6 0.9649678316852266 6 1 8
1 0 0 1 0 
7 0 0  7 50 9  5.701802202237495 1.5288258667910775  5.6933364051113786 1.541934748222328  5.6848091469424711 1.5542750272492722  5.6762244829186539 1.5658383989977342  5.6675865666419929 1.5766180937235867  5.658899650128733 1.5866088768127506  5.6501680838092998 1.5958070487811977  5.6103165724932991 1.633984993970099  5.578723407551216 1.6537899376179939  5.5468333877238507 1.6635028133026493  5.5148369647816553 1.6633145494438932  5.4829046918617701 1.6535994156443932  5.4511930498576175 1.6348312289654867  5.3905247718611902 1.5820171954737607  5.3615155116642645 1.5490260799585793  5.3329162577805089 1.5089829527950285  5.3048112891003916 1.4622859881503942  5.2772791121130114 1.4092983276540427  5.250400311200174 1.3502914807653159  5.2059492209690932 1.2398293519849515  5.1880029902055185 1.1914040909604047  5.1704581033302492 1.1401022535834635  5.1533572488021138 1.0859178180816935  5.1367579455088537 1.0288183087287008  5.1207379359391894 0.96871985657295523  5.1008496305737978 0.88662636859382382  5.0963542429792739 0.86753813025746584  5.0919230091231151 0.84816568210538879  5.087559327286038 0.82850460589742292  5.0832670037838223 0.80855023396439063  5.0790502529673249 0.78829764920810741  5.0697212149971902 0.74193846018882559  5.0646552916023539 0.71565800734275786  5.059724933503646 0.68888944128222018  5.0549407145940322 0.66162288574433659  5.0503146566484345 0.63384984848320347  5.0458601097784106 0.60556359626878098  5.0330915266032097 0.51940004736419232  5.0253220508754284 0.45993903592491708  5.0184090228811895 0.3983919241858484  5.0124947216415432 0.33485231638651447  5.0077277056025533 0.26951078209923979  5.0042157334529618 0.20272078128327081  5.0013435924882517 0.11593211471797729  5.000811898371027 0.096711476010046468  5.0003826799503601 0.077434309546697319  5.0000557699385615 0.058112702803598641  4.9998304654942771 0.038758562212919616  4.9997055282224965 0.019383613163329993  4.9996791841745472 -6.0000000000000008e-07 
 0 8 0.071656501089547603 6 0.32554669686957727 6 0.56308998720175929 6 0.72962582784117558 6 0.77911977693305656 6 0.84124790157842744 6 0.96496783168519507 6 1 8
7 0 0  7 50 9  5.1453621805745167 0  5.1427906991933598 0.017262754700140003  5.1401985373053103 0.034538782785804065  5.1375856000579958 0.051823291043895561  5.1349518592208003 0.069111492602330835  5.1322973531848648 0.086398606930039021  5.1296221869630836 0.10367985983696225  5.1173754055280787 0.18214300543358095  5.1075644693618498 0.243219085985413  5.0975073592885805 0.30392836082646613  5.0872184985198929 0.36410198766037921  5.0767180989624245 0.42361886063149784  5.0660352416581533 0.48238828140507956  5.0450798846213134 0.59457804364321232  5.0348229758569705 0.64811172324407573  5.0244608321199058 0.70094816793809056  5.0140218697157168 0.75311675351416441  5.0035404635145451 0.80466989264630107  4.9930605953515315 0.85569430051281448  4.9753396240681846 0.94184957234284628  4.9680693206033011 0.97716032023641464  4.9608513169168988 1.0123350333392347  4.9537136923203828 1.0474322675064247  4.9466941603158645 1.0825130512674686  4.9398447420212337 1.1176527061748021  4.9312776322801204 1.1634527070843432  4.929336663809913 1.1739597782352436  4.9274195245893351 1.1844832598218564  4.9255284995965622 1.1950255743801421  4.9236661463576752 1.20558912433288  4.9218352949466517 1.2161762919896693  4.9177842783185417 1.2401117742245067  4.9155841321124436 1.2534746341220833  4.9134447127423098 1.2668830760070759  4.911373104673439 1.2803412505292204  4.9093773500864115 1.2938523685429704  4.9074664255022906 1.3074186674298975  4.9020334825725191 1.34816919976557  4.8987892536767701 1.3755434884128082  4.896000421593425 1.4031471713322705  4.893762289145454 1.4309310734522804  4.8921781890375442 1.4588128783777803  4.8913307599424192 1.4866577558077727  4.8912201824326873 1.5220708673106844  4.8912568226209325 1.5298661521397128  4.8913550689545575 1.5376378580021739  4.8915151525317757 1.5453820026799481  4.8917369709697045 1.553094797757834  4.8920200884043581 1.5607726486235467  4.8923637354906484 1.568412154467717 
 0 8 0.071656501089547603 6 0.32554669686957727 6 0.56308998720175929 6 0.72962582784117558 6 0.77911977693305656 6 0.84124790157842744 6 0.96496783168519507 6 1 8
7 0 0  6 12 3  5.7018020845395121 1.5288260490407772  5.722443361553939 1.4968640173497378  5.7429856917698885 1.4656285922368972  5.7634380149308795 1.4352009388208391  5.7838091782236285 1.4056581357949336  5.804107936278073 1.3770731754273353  5.8866812568817455 1.2646159780318513  5.9484826489047578 1.1893696484059626  6.0098692666862528 1.1260104357761391  6.0709728403929732 1.0763117623843057  6.1319316485832855 1.0414798506984624  6.1928988572814783 1.0221195269774608 
 0 7 0.24505511878829195 5 1 7
7 0 0  6 12 3  5.1453621448238147 -2.4999993999999996  5.1516319227743983 -2.6052243625550511  5.1576571219734619 -2.7116574758561014  5.1634371644922226 -2.8192334555907319  5.168971255713128 -2.9278923641216807  5.1742583843298542 -3.0375796104868482  5.1948208522447086 -3.4891773590246009  5.2080057511944498 -3.8397714276004598  5.2187742998556921 -4.1979041067142102  5.2270610185356725 -4.5617344236339905  5.2328156236550178 -4.9296153954464046  5.236002427237481 -5.3000005999999997 
 0 7 0.24505511878829195 5 1 7
1 6.192898758518556 3.5788738997436726e-16 0 1 
7 0 0  4 5 2  6.1928986597556319 0.9064883923444782  6.2154796956280967 0.89923802300993483  6.2380512134985464 0.89437539444333936  6.2606182748477934 0.891943995230152  6.2831853071795862 0.891943995230152 
 0 5 1 5
7 0 0  4 5 2  5.2408005321537647 3.9000006000000003  5.2419939782818181 3.7628173236178735  5.2427911355515571 3.6253179568927969  5.2431897240899872 3.4876588972239393  5.2431897240899872 3.350000000000001 
 0 5 1 5
1 6.2831853071795862 0 0 1 
1 0 0 0 1 
7 0 0  4 29 10  6.2749883957168944 3.7647088192692859  6.2752205350507033 3.7647034817252205  6.2754526742184744 3.7646983457121461  6.2756848132296135 3.7646934112327579  6.2761490913991187 3.7646839453371137  6.276381230557484 3.76467941392163  6.2766133695780297 3.7646750840453538  6.27706964293907 3.7646669697252846  6.2772937772882678 3.7646631716223444  6.2775179115262203 3.7646595614034388  6.2779741849115256 3.7646525945057574  6.2782063240514061 3.7646492514875991  6.2784384630904375 3.7646461100174817  6.2789027412599454 3.7646402301728288  6.2791348803904219 3.7646374917987724  6.2793670194388582 3.7646349549761888  6.279831297608367 3.7646302844341504  6.2800634367294386 3.7646281507150681  6.2802955757872798 3.7646262185502053  6.2807598539567886 3.7646227573294451  6.2809919930684561 3.7646212282738341  6.2812241321357014 3.7646199007744539  6.2816884103052102 3.7646176488888021  6.2819205494074746 3.7646167245027056  6.282152688484123 3.7646160016741743  6.2825849474653639 3.7646150310320556  6.282785067374121 3.7646147314510023  6.2829851872768536 3.7646145816604832  6.2831853071795862 3.7646145816604832 
 0 5 0.11328065172478047 3 0.22656151898181076 3 0.33593632811976815 3 0.44921753875448323 3 0.56249888326070974 3 0.67578033410355876 3 0.78906186374876519 3 0.90234344466277872 3 1 5
7 0 0  4 29 10  5.143405075933897 0.49999939999999821  5.143405950970517 0.50141540236475579  5.1434067929659397 0.50283140730933962  5.1434076019201012 0.50424741468762668  5.143409153747263 0.50707943671353717  5.1434098966201374 0.50849545136116781  5.1434106064515133 0.50991146815027577  5.1434119366946511 0.51269467971880733  5.1434125593457525 0.51406187436299888  5.143413151194598 0.51542907073579391  5.1434142933258915 0.518212297153407  5.1434148413687959 0.5196283273143435  5.1434153563698191 0.52104435904235824  5.1434163202886021 0.52387642701371029  5.1434167692062829 0.52529246325705203  5.1434171850819368 0.5267085007752238  5.1434179507494893 0.52954057939820831  5.1434183005413274 0.53095662050302217  5.143418617291017 0.53237266259041838  5.1434191847062607 0.53520474942316587  5.1434194353717668 0.53662079416851749  5.14341965299504 0.53803683960420023  5.1434200221571738 0.54086893220483634  5.1434201736960059 0.54228497936979159  5.1434202921925456 0.54370102693282096  5.1434204513142561 0.54633780587361003  5.1434205004259033 0.54755853718666059  5.1434205249817264 0.54877926859333004  5.1434205249817264 0.54999999999999927 
 0 5 0.11328065172478047 3 0.22656151898181076 3 0.33593632811976815 3 0.44921753875448323 3 0.56249888326070974 3 0.67578033410355876 3 0.78906186374876519 3 0.90234344466277872 3 1 5
1 6.274988494080854 3.521340933957995e-16 0 1 
1 0 6.5 1 0 
1 0 0 1 0 
7 0 0  4 50 17  3.1333957421270995 3.7647088192692859  3.133627881460908 3.7647034817252205  3.1338600206286813 3.7646983457121523  3.134092159639819 3.7646934112327597  3.1345564378093242 3.7646839453371155  3.1347885769676895 3.7646794139216264  3.1350207159882348 3.7646750840453609  3.135476989349276 3.7646669697252917  3.1357011236984738 3.7646631716223391  3.1359252579364263 3.7646595614034406  3.1363735265151123 3.764652716732193  3.1365976608558461 3.7646494822803627  3.1368217951022639 3.7646464357163127  3.1372780684857235 3.7646406162674255  3.1375102076165242 3.7646378570433709  3.1377423466646359 3.7646352993706893  3.1382066248341447 3.7646305871282224  3.1384387639555409 3.7646284325588208  3.1386709030130571 3.7646264795435433  3.1391351811825658 3.7646229766217911  3.1393673202945589 3.7646214267156068  3.1395994593614787 3.764620078365581  3.1400637375309879 3.7646177847785411  3.1402958766335769 3.7646168395417088  3.1405280157099011 3.7646160958623862  3.1409990175648086 3.7646149959171931  3.141237880342405 3.7646146514963545  3.1414767431123849 3.7646145204786472  3.1420127406576155 3.7646147053478085  3.1423098754342984 3.7646151380571733  3.1426070102347814 3.7646159009920366  3.1432012802414491 3.7646180873121269  3.1434984154476342 3.7646195106980596  3.1437955507170594 3.7646212643083996  3.1443898220403512 3.7646254319787711  3.1446869580942178 3.7646278460401761  3.1449840942507672 3.7646305903239266  3.1455783677311855 3.764636739340554  3.1458755050550553 3.7646401440754835  3.1461726425210514 3.7646438790297281  3.1467669189971295 3.7646520093868117  3.1470640580072118 3.7646564047923676  3.1473611971988684 3.764661130413228  3.1479554775111729 3.7646712421031912  3.1482526186318225 3.764676628175684  3.1485497599734975 3.7646823444585329  3.1490825671930662 3.764693186470419  3.1493182329816451 3.7646981897004475  3.1495538989315057 3.7647034006343443  3.1497895650524863 3.7647088192692859 
 0 5 0.056640325862900159 3 0.11328075949213839 3 0.16796816406181769 3 0.22265564386532807 3 0.27929631404028765 3 0.33593703785834034 3 0.39257780155227945 3 0.44921859135532771 3 0.50749993969849827 3 0.57999937105157862 3 0.65249888015641921 3 0.72499854017642995 3 0.79749842528415715 3 0.86999860815887253 3 0.94249916346415019 3 1 5
7 0 0  4 50 17  4.2813728848354824 0.60000059999999966  4.2813720097988623 0.59858459763524507  4.2813711678034396 0.59716859269067435  4.2813703588492782 0.59575258531238462  4.2813688070221163 0.59292056328647491  4.281368064149242 0.59150454863884294  4.281367354317867 0.59008853184973209  4.2813660240747291 0.58730532028119808  4.281365401423626 0.5859381256370082  4.2813648095747814 0.58457092926421206  4.2813636874809049 0.58183653144359448  4.2813631572359574 0.58046932999576595  4.2813626577934283 0.57910212708237618  4.2813617037755529 0.57631888821205146  4.2813612514397477 0.57490285215812487  4.2813608321459675 0.57348681481928909  4.2813600596421466 0.57065473652295418  4.281359706432168 0.56923869556545337  4.2813593862643318 0.56782265361529238  4.2813588120127877 0.56499056702499129  4.281358557929126 0.56357452238484806  4.2813583368876937 0.56215847704430033  4.2813579608892356 0.55932638460190542  4.281357805932239 0.55791033750005992  4.2813576840175314 0.5564942899900609  4.2813575036985849 0.55362117967073687  4.2813574472361573 0.55216411684598821  4.2813574257578431 0.55070705390306696  4.2813574560642635 0.54743746890187373  4.2813575270002264 0.54562494686609952  4.28135765207153 0.54381242520016915  4.2813580104849676 0.54018738127705401  4.2813582438272171 0.53837485901987014  4.2813585313048828 0.53656233774541984  4.281359214531669 0.53293729400192535  4.2813596102810152 0.53112477153288684  4.2813600601659214 0.52931225065947429  4.281361068208291 0.52568720708950933  4.2813616263660919 0.52387468439296814  4.2813622386596677 0.52206216390495486  4.2813635715209433 0.51843712051460789  4.2813642920890889 0.51662459761229562  4.2813650667932928 0.51481207753142066  4.2813667244778797 0.51118703431460699  4.2813676074588196 0.50937451117870103  4.2813685445761767 0.50756199147715531  4.2813703220019415 0.50431195295485942  4.2813711422269591 0.50287443274634946  4.2813719965048289 0.50143691504377086  4.2813728848354824 0.49999939999999821 
 0 5 0.056640325862900159 3 0.11328075949213839 3 0.16796816406181769 3 0.22265564386532807 3 0.27929631404028765 3 0.33593703785834034 3 0.39257780155227945 3 0.44921859135532771 3 0.50749993969849827 3 0.57999937105157862 3 0.65249888015641921 3 0.72499854017642995 3 0.79749842528415715 3 0.86999860815887253 3 0.94249916346415019 3 1 5
7 0 0  8 9 2  2.560209548647701 1.4185621764039933  2.6424204691805118 1.6473810929184109  2.7200667942176251 1.9015038163071918  2.794244270687305 2.1774029691608576  2.8656054575891772 2.4711231507063345  2.9347190968440429 2.7791287159763081  3.0020605363032393 3.098599074790124  3.0681103264207588 3.4275112619037342  3.1333958404910622 3.7647088170076373 
 0 9 1 9
7 0 0  8 9 2  4.2755764760571386 4.1704316323373591  4.2629005765964649 3.6407940085666319  4.2560023822953621 3.1078643057678867  4.2535048324460512 2.5763759153616728  4.2544657056471404 2.0489989687910484  4.2581709600140352 1.5273464152866982  4.2641141091543187 1.0121177628256477  4.27192675798503 0.50326779444117808  4.281372884464707 -4.9835069492158811e-15 
 0 9 1 9
7 0 0  6 17 4  2.5602094309497208 1.4185623604941853  2.5796380277381674 1.3881742932504897  2.5989787589918989 1.3584347141837327  2.6182399588909497 1.3294108612564861  2.6374293608574715 1.3011675666678695  2.6565540975557371 1.2737672568535521  2.7472050288589713 1.1477875385163783  2.8181130878639316 1.06083497790068  2.8885019314612723 0.98993468265182605  2.9585543680490476 0.93779815965286939  3.0284639163852809 0.90606802101981132  3.120688574760266 0.89184374626628582  3.1429225504835592 0.89052942603446927  3.165155606769432 0.89134408929761866  3.1873906910918688 0.89428731902988323  3.2096308643791276 0.8993448147146369  3.2318793010137479 0.9064883923444782 
 0 7 0.16814143683068208 5 0.79941757692445981 5 1 7
7 0 0  6 17 4  4.275576512168878 -6.0000000000000008e-07  4.2696154882950799 0.099042369489373061  4.2638729898866687 0.19915459495404422  4.2583493090577598 0.30028630664888373  4.2530450651951215 0.40238921172733194  4.2479612049581759 0.50541649424139934  4.2248441770704126 0.99943237067805279  4.2096771846815884 1.4027096477344461  4.1977331103129041 1.8158134716529808  4.1891184671551391 2.2358883249561998  4.1839055528501943 2.6603935636458638  4.1815715328095591 3.2224405285119926  4.1813565165173534 3.3580976644439495  4.1814899856367695 3.4937846551977274  4.181971918258796 3.6293987734750033  4.1828015609226172 3.764837915296102  4.1839774286156137 3.9000005999999998 
 0 7 0.16814143683068208 5 0.79941757692445981 5 1 7
1 3.2318792022508234 -3.5788738997436726e-16 0 1 
7 0 0  6 12 3  3.2318791034879011 1.0221195269774626  3.2928336550572532 1.041475831388462  3.3537798518571322 1.0762973139396284  3.4148707362851516 1.1259795559105903  3.4762444812487252 1.1893171919427368  3.5380327160050244 1.2645380828107116  3.6206052159661923 1.3769819146511917  3.6409167511325724 1.4055826803650133  3.6613007675721314 1.4351426527999502  3.6817660354105164 1.4655887032794881  3.7023214188620766 1.4968436082020069  3.7229758762298668 1.5288260490407772 
 0 7 0.75478845935792627 5 1 7
7 0 0  6 12 3  4.1887755335318984 -5.3000005999999997  4.1919616755163585 -4.9296922894580311  4.1977145551956294 -4.5618869152687926  4.2059985119151131 -4.1981301149259904  4.216763293913246 -3.8400679772324153  4.229943460227326 -3.489540373046947  4.2505026969893942 -3.037929819224626  4.2557925706116597 -2.9281699014054841  4.2613297243468837 -2.819439528567012  4.2671131443799366 -2.7117933964224403  4.2731420344689957 -2.605291553271416  4.2794158159455646 -2.4999993999999996 
 0 7 0.75478845935792627 5 1 7
7 0 0  6 22 5  0 13.499999999999998  0.56284617009320181 13.499999999999998  1.125549503752316 13.499999999999996  1.6881072253312703 13.5  2.2505241209476594 13.499999999999996  2.8128159907397179 13.499999999999998  3.9376890303217174 13.499999999999998  4.500273807787095 13.499999999999998  5.0627670008501298 13.499999999999996  5.6251970314603126 13.499999999999998  6.1875997724216809 13.499999999999998  7.3101513888109215 13.499999999999998  7.8703052461411325 13.499999999999998  8.4304860970136044 13.499999999999995  8.9907293405499686 13.500000000000002  9.5510630931426768 13.499999999999996  10.675931860100311 13.499999999999996  11.240472139525647 13.500000000000002  11.805138265643194 13.499999999999996  12.369946330362412 13.499999999999995  12.93490118945275 13.499999999999998  13.500000000000007 13.499999999999998 
 0 7 0.24988776017375347 5 0.49999999948574325 5 0.74911212878301192 5 1 7
1 9.2733165207629042 0 -1 -0 
7 0 0  6 22 5  0 13.499999999999998  0.56284617009310822 13.499999999999998  1.1255495037526657 13.499999999999996  1.6881072253307505 13.5  2.2505241209480373 13.499999999999996  2.8128159907396078 13.499999999999998  3.9376890303213354 13.499999999999998  4.5002738077884263 13.499999999999998  5.0627670008481545 13.499999999999996  5.6251970314617461 13.499999999999998  6.1875997724212217 13.499999999999998  7.310151388810584 13.499999999999998  7.870305246142661 13.499999999999998  8.4304860970112188 13.499999999999995  8.9907293405516597 13.500000000000002  9.5510630931421634 13.499999999999996  10.675931860099704 13.499999999999996  11.240472139527482 13.500000000000002  11.805138265640583 13.499999999999996  12.369946330364371 13.499999999999995  12.934901189452068 13.499999999999998  13.500000000000007 13.499999999999998 
 0 7 0.24988776017421954 5 0.49999999948645724 5 0.74911212878361921 5 1 7
7 0 0  6 22 5  0 13.499999999999998  0.56284617009313886 13.499999999999998  1.1255495037524834 13.499999999999996  1.6881072253310507 13.5  2.250524120947818 13.499999999999996  2.8128159907396655 13.499999999999998  3.9376890303209691 13.499999999999998  4.5002738077891937 13.499999999999998  5.0627670008474883 13.499999999999996  5.6251970314620205 13.499999999999998  6.1875997724211773 13.499999999999998  7.3101513888105947 13.499999999999998  7.8703052461425367 13.499999999999998  8.4304860970114657 13.499999999999995  8.990729340551459 13.500000000000002  9.5510630931422345 13.499999999999996  10.675931860099297 13.499999999999996  11.240472139529082 13.500000000000002  11.805138265638059 13.499999999999996  12.369946330366261 13.499999999999995  12.934901189451459 13.499999999999998  13.500000000000007 13.499999999999998 
 0 7 0.24988776017436698 5 0.49999999948661517 5 0.74911212878377276 5 1 7
1 7.6842465908102655 0 -1 -0 
7 0 0  6 22 5  0 13.499999999999996  0.56284617009303217 13.499999999999996  1.1255495037529226 13.500000000000014  1.6881072253303251 13.499999999999984  2.2505241209483926 13.500000000000007  2.8128159907394727 13.5  3.9376890303213186 13.5  4.5002738077884956 13.5  5.0627670008480532 13.5  5.6251970314618545 13.5  6.1875997724211773 13.5  7.3101513888107821 13.5  7.8703052461423617 13.500000000000002  8.4304860970112454 13.499999999999998  8.9907293405517752 13.500000000000002  9.5510630931421794 13.5  10.675931860099308 13.5  11.240472139529055 13.500000000000007  11.805138265638201 13.499999999999986  12.369946330366155 13.500000000000012  12.934901189451486 13.499999999999996  13.500000000000007 13.499999999999996 
 0 7 0.24988776017427816 5 0.4999999994865067 5 0.74911212878372813 5 1 7
1 6.2831853071795862 -10.999999999999998 -1 0 
1 6.2831853071795862 -10.999999999999998 -1 0 
1 3.1497894666885253 6.7721329416738691e-16 0 1 
1 13.500000000000007 0 0 1 
7 0 0  1 2 2  3.5427659145752282 -13.500000000000002  3.5427659145752282 -8.437694986953979e-16 
 -1.0466698812367707e-14 2 13.499999999999996 2
7 0 0  6 22 5  13.500000000000007 0.1999999999999886  12.934901189452855 0.19999999999998855  12.369946330362097 0.19999999999996979  11.805138265643455 0.20000000000000151  11.240472139525641 0.19999999999998008  10.675931860100267 0.19999999999998883  9.5510630931420497 0.19999999999998838  8.9907293405522868 0.19999999999997298  8.430486097010327 0.2000000000000014  7.8703052461431691 0.19999999999997825  7.310151388810497 0.19999999999998858  6.1875997724210769 0.19999999999998863  5.6251970314623039 0.19999999999997561  5.0627670008473071 0.19999999999998658  4.5002738077890854 0.19999999999998933  3.9376890303211116 0.19999999999998486  2.8128159907394612 0.19999999999998525  2.2505241209484415 0.19999999999999982  1.6881072253302383 0.1999999999999843  1.1255495037530141 0.19999999999998028  0.56284617009299254 0.1999999999999873  0 0.19999999999998749 
 0 7 0.25088787121643713 5 0.50000000051345705 5 0.75011223982565522 5 1 7
1 12.566370614359171 -13.300000000000001 -1 0 
7 0 0  6 22 5  13.500000000000007 0.19999999999998461  12.934901189450764 0.19999999999998466  12.369946330368666 0.19999999999998544  11.805138265634405 0.19999999999997647  11.240472139531921 0.19999999999999155  10.675931860098334 0.1999999999999813  9.5510630931421705 0.1999999999999808  8.9907293405513862 0.19999999999999649  8.4304860970119595 0.19999999999996471  7.8703052461419398 0.19999999999999346  7.310151388810862 0.19999999999998108  6.1875997724217546 0.19999999999998103  5.6251970314601731 0.1999999999999976  5.0627670008501306 0.19999999999995985  4.5002738077872548 0.1999999999999981  3.9376890303216077 0.1999999999999808  2.812815990739665 0.1999999999999813  2.2505241209478526 0.19999999999998561  1.688107225330953 0.19999999999998577  1.1255495037525889 0.19999999999997695  0.56284617009309701 0.19999999999998672  0 0.19999999999998688 
 0 7 0.25088787121614503 5 0.50000000051367421 5 0.75011223982591935 5 1 7
1 12.566370614359172 -13.300000000000001 -1 0 
7 0 0  6 22 5  13.500000000000007 0.19999999999998461  12.934901189451571 0.19999999999998466  12.369946330366121 0.19999999999998544  11.80513826563789 0.19999999999997647  11.24047213952954 0.19999999999999155  10.675931860099032 0.1999999999999813  9.5510630931418312 0.1999999999999808  8.9907293405527238 0.19999999999999649  8.4304860970098616 0.19999999999996471  7.8703052461435021 0.19999999999999346  7.3101513888103611 0.19999999999998108  6.1875997724213425 0.19999999999998103  5.6251970314613287 0.1999999999999976  5.0627670008487895 0.19999999999995985  4.5002738077879627 0.1999999999999981  3.9376890303214753 0.1999999999999808  2.8128159907394723 0.1999999999999813  2.250524120948409 0.19999999999998561  1.68810722533028 0.19999999999998577  1.1255495037529717 0.19999999999997695  0.56284617009302007 0.19999999999998672  0 0.19999999999998688 
 0 7 0.25088787121602335 5 0.50000000051327442 5 0.75011223982564723 5 1 7
1 12.566370614359172 -13.300000000000001 -1 0 
7 0 0  6 22 5  13.500000000000007 0.19999999999998461  12.934901189451718 0.19999999999998466  12.369946330365345 0.19999999999998544  11.805138265639572 0.19999999999997647  11.240472139527817 0.19999999999999155  10.67593186009978 0.1999999999999813  9.5510630931415736 0.1999999999999808  8.9907293405534698 0.19999999999999649  8.430486097008707 0.19999999999996471  7.8703052461445644 0.19999999999999346  7.3101513888098779 0.19999999999998108  6.1875997724213443 0.19999999999998103  5.6251970314615658 0.1999999999999976  5.0627670008480896 0.19999999999995985  4.500273807788731 0.1999999999999981  3.9376890303211587 0.1999999999999808  2.8128159907394434 0.1999999999999813  2.250524120948481 0.19999999999998561  1.6881072253302374 0.19999999999998577  1.1255495037529617 0.19999999999997695  0.56284617009302718 0.19999999999998672  0 0.19999999999998688 
 0 7 0.25088787121603967 5 0.50000000051309135 5 0.75011223982547892 5 1 7
1 12.566370614359172 -13.300000000000001 -1 0 
1 0 1.5707963267948966 1 0 
1 0 0 0 1 
1 0 0 0 1 
1 0 4.7123889803846897 1 0 
1 0 0 0 1 
1 0 4.7123889803846897 1 0 
1 0 0 0 1 
1 0 0 0 1 
1 0 1.5707963267948966 1 0 
1 0 1.5707963267948966 0 1 
1 0 1.1999999999999993 1 0 
1 0 3.1415926535897931 1 0 
1 0 1.3500000000000014 1 0 
1 1.5707963267948966 0 0 1 
1 -1.5707963267948966 0 1 0 
1 1.1278852827212511 0 0 1 
1 0 9.1000000000000014 1 0 
1 0 1.5707963267948966 0 1 
1 1.5707963267948966 0 0 1 
1 0 3.1415926535897931 1 0 
1 1.5707963267948966 1.3500000000000014 -1 -0 
1 1.5707963267948966 0 0 1 
1 -1.5707963267948966 0 1 0 
1 0 1.5707963267948966 1 0 
1 1.5707963267948966 0 0 1 
1 0 1.5707963267948966 1 0 
1 1.5707963267948966 0 0 1 
1 0 1.5707963267948966 1 0 
1 1.5707963267948966 0 0 1 
1 0 0 0 1 
1 0 1.5707963267948966 1 0 
7 0 0  6 22 5  13.500000000000007 0.19999999999998319  12.934901189451216 0.19999999999998302  12.369946330366854 0.19999999999999785  11.805138265637392 0.199999999999979  11.240472139529496 0.1999999999999871  10.675931860099201 0.19999999999998697  9.5510630931416305 0.19999999999998652  8.9907293405528161 0.19999999999998835  8.4304860970103377 0.19999999999997692  7.8703052461428902 0.19999999999999482  7.310151388810592 0.19999999999998316  6.1875997724216791 0.19999999999998322  5.6251970314605275 0.19999999999999216  5.0627670008496084 0.19999999999998305  4.5002738077875941 0.19999999999998597  3.9376890303215282 0.19999999999998655  2.8128159907395598 0.19999999999998694  2.2505241209481901 0.19999999999998247  1.6881072253304976 0.19999999999999257  1.125549503752878 0.19999999999998386  0.56284617009301974 0.1999999999999873  0 0.19999999999998749 
 0 7 0.25088787121615463 5 0.50000000051355087 5 0.75011223982581665 5 1 7
1 6.2831853071795862 -13.300000000000001 -1 0 
7 0 0  6 22 5  13.500000000000007 0.19999999999998461  12.934901189450898 0.19999999999998466  12.36994633036826 0.19999999999998544  11.805138265635197 0.19999999999997647  11.240472139531096 0.19999999999999155  10.675931860098698 0.1999999999999813  9.5510630931421101 0.1999999999999808  8.9907293405516953 0.19999999999999649  8.4304860970114888 0.19999999999996471  7.870305246142177 0.19999999999999346  7.310151388810838 0.19999999999998108  6.1875997724212617 0.19999999999998103  5.6251970314616493 0.1999999999999976  5.0627670008482308 0.19999999999995985  4.5002738077884645 0.1999999999999981  3.9376890303212861 0.1999999999999808  2.8128159907395363 0.1999999999999813  2.2505241209482572 0.19999999999998561  1.6881072253304281 0.19999999999998577  1.1255495037529166 0.19999999999997695  0.56284617009300852 0.19999999999998672  0 0.19999999999998688 
 0 7 0.25088787121608047 5 0.50000000051341176 5 0.75011223982568809 5 1 7
1 12.566370614359172 -13.300000000000001 -1 0 
7 0 0  6 22 5  13.500000000000007 0.19999999999998319  12.934901189451308 0.19999999999998302  12.369946330366835 0.19999999999999785  11.805138265636961 0.199999999999979  11.240472139530155 0.1999999999999871  10.675931860098883 0.19999999999998697  9.5510630931423446 0.19999999999998652  8.9907293405510398 0.19999999999998835  8.4304860970120554 0.19999999999997692  7.8703052461421938 0.19999999999999482  7.3101513888106497 0.19999999999998316  6.1875997724213079 0.19999999999998322  5.6251970314617221 0.19999999999999216  5.0627670008478702 0.19999999999998305  4.5002738077888944 0.19999999999998597  3.9376890303210845 0.19999999999998655  2.8128159907395163 0.19999999999998694  2.2505241209483118 0.19999999999998247  1.6881072253303497 0.19999999999999257  1.1255495037529866 0.19999999999998386  0.56284617009298032 0.1999999999999873  0 0.19999999999998749 
 0 7 0.25088787121616407 5 0.50000000051339255 5 0.75011223982562925 5 1 7
1 6.2831853071795862 -13.300000000000001 -1 0 
7 0 0  6 22 5  13.500000000000007 0.19999999999998461  12.934901189450514 0.19999999999998466  12.369946330368856 0.19999999999998544  11.805138265634969 0.19999999999997647  11.240472139530977 0.19999999999999155  10.675931860098805 0.1999999999999813  9.5510630931422469 0.1999999999999808  8.990729340551205 0.19999999999999649  8.4304860970119879 0.19999999999996471  7.8703052461421628 0.19999999999999346  7.3101513888106942 0.19999999999998108  6.1875997724213452 0.19999999999998103  5.6251970314613207 0.1999999999999976  5.0627670008488472 0.19999999999995985  4.5002738077878659 0.1999999999999981  3.9376890303215415 0.1999999999999808  2.8128159907395975 0.1999999999999813  2.2505241209480626 0.19999999999998561  1.6881072253306875 0.19999999999998577  1.1255495037527412 0.19999999999997695  0.56284617009306537 0.19999999999998672  0 0.19999999999998688 
 0 7 0.25088787121618356 5 0.50000000051350924 5 0.7501122398258071 5 1 7
1 0 0 0 1 
1 13.500000000000007 0 0 1 
7 0 0  1 2 2  5.8820120461941521 -13.500000000000002  5.8820120461941521 -8.437694986953979e-16 
 -1.0974171438249413e-14 2 13.499999999999996 2
1 0 0 0 1 
7 0 0  1 2 2  0.40117326098543449 -13.500000000000002  0.4011732609854346 -8.437694986953979e-16 
 -1.0974171438249413e-14 2 13.499999999999996 2
1 13.500000000000007 0 0 1 
7 0 0  1 2 2  8.3645395066202592 -13.5  8.3645395066202592 0 
 -1.0974171438249413e-14 2 13.499999999999996 2
7 0 0  7 110 19  8.2584699154674617 -0.050000000000000711  8.2584699154674617 -0.67656197313067068  8.2532005976437688 -1.3009849438299135  8.2427267522493555 -1.917693697721524  8.227060207834878 -2.5209431078077169  8.2061933071549369 -3.103614172142942  8.1800921473865138 -3.6564425909171896  8.1427212541926739 -4.2627465112121001  8.136553306154747 -4.358134352804468  8.1301883320793653 -4.4519267833910448  8.1236247873441894 -4.5440276764144478  8.1168611314455177 -4.6343308979229532  8.1098958279982956 -4.7227203065705003  8.0938735938920061 -4.9157194397095534  8.0847082487172717 -5.0192771404812886  8.0752300063385967 -5.1194803634461961  8.0654381106644539 -5.2160448497762815  8.0553322840365222 -5.3086642717139236  8.0449126588811115 -5.3970099299845424  8.0207989999782718 -5.5851043664781139  8.0069119750447832 -5.6824397424509838  7.9925485636764249 -5.7717732067936947  7.977741020325678 -5.8522137943493666  7.9625238877369426 -5.9229379631279349  7.9469339599023057 -5.9831846102956661  7.909306037994507 -6.0991269003302353  7.8869991489497595 -6.1451782899641305  7.8643309570706412 -6.1682524495048741  7.8415471470244791 -6.1673090360739744  7.8188948347092104 -6.142375528400918  7.7966196437713862 -6.094547902792435  7.759791331905781 -5.978040454833855  7.7449277281351838 -5.9199079007747457  7.7304058531409101 -5.8522552963277361  7.7162577953352356 -5.7757484297775239  7.7025137704989275 -5.6911055125558363  7.6892020922988076 -5.5991011444627361  7.6653285350504268 -5.4160861671439209  7.6546338758917898 -5.3267175245556517  7.644265899162213 -5.2328418796731322  7.6342249537361822 -5.1348124408976217  7.6245109278229526 -5.0329584527192139  7.6151231732596409 -4.9275855519544063  7.5988047271876962 -4.732022574586467  7.5917561395413058 -4.6429800174237688  7.5849131000979542 -4.5519789734526031  7.5782740338765775 -4.4591395177604873  7.5718373576822415 -4.3645712795654319  7.5656014801061406 -4.268373442215939  7.5309082292859726 -3.7066617070512251  7.5066663648438672 -3.2067673125107929  7.4867787837280861 -2.6812215195343239  7.4712097307244063 -2.137273586386649  7.4599431244670082 -1.5803783639245648  7.4529878426563254 -1.0150071416826627  7.4501332134685452 -0.38826107367455542  7.4499174465716909 -0.33128038107145519  7.4497453263034901 -0.2742774888904162  7.4496168610677183 -0.21725800803871437  7.4495320564599652 -0.16022755657592405  7.4494909152676296 -0.10319175971391774  7.4494934814817615 -0.045160993382895018  7.4494935387888495 -0.044165737031282175  7.449493609391177 -0.043170480791878289  7.449493693288745 -0.04217522469453578  7.4494937904815526 -0.041179968769109267  7.449493900969598 -0.040184713045455567  7.4494941485360808 -0.038194202686093658  7.4494942856145041 -0.03719894805039381  7.449494435988143 -0.036203693676175576  7.4494945996569992 -0.035208439593285921  7.4494947766210675 -0.034213185831577446  7.449494966880347 -0.033217932420908348  7.4494953739891114 -0.031227427388647727  7.4494955908385707 -0.030232175767053931  7.4494958209832083 -0.029236924556208497  7.4494960644230206 -0.028241673785961905  7.4494963211580032 -0.027246423486167664  7.4494965911881552 -0.0262511736866823  7.4494971371084073 -0.024333495668716103  7.4494974111241179 -0.023411067375502168  7.449497696560603 -0.022488639561475159  7.4494979934178565 -0.021566212250395799  7.4494983016958782 -0.020643785466033928  7.4494986213946666 -0.019721359232168494  7.4494991684647802 -0.018197343148306011  7.449499389273087 -0.017595752968289774  7.4494996149391328 -0.016994163039124262  7.4494998454629116 -0.016392573367399011  7.4495000808444258 -0.015790983959707714  7.4495003210836739 -0.015189394822648186  7.4495008200307771 -0.013964732575905612  7.449501079091795 -0.013341659486383453  7.449501343363707 -0.012718586701565877  7.4495016128465137 -0.012095514228770605  7.4495018875402108 -0.011472442075323133  7.4495021674447983 -0.010849370248556716  7.4495027376753384 -0.0096032281639032574  7.449503028001276 -0.0089801579060055613  7.4495033235380861 -0.0083570879894372656  7.4495036242857653 -0.0077340184215202107  7.4495039302443145 -0.0071109492095800938  7.4495042414137318 -0.0064878803609464642  7.4495049832701357 -0.0050268937996791963  7.4495054181703919 -0.0041889763867007136  7.4495058624947772 -0.0033510596618448068  7.4495063162432889 -0.0025131436429333574  7.4495067794159224 -0.0016752283477826171  7.4495072520126717 -0.00083731379420320148  7.4495077340335332 5.999999999062311e-07 
 0 8 0.26030394585300193 6 0.3098178251840723 6 0.37097212169131399 6 0.44721284820136464 6 0.55112983765346868 6 0.62392721512465232 6 0.68634645540096795 6 0.73631978270884502 6 0.97354696731796286 6 0.99725868251758321 6 0.99767244645439124 6 0.99808621013149679 6 0.99849997338152696 6 0.99888346235130399 6 0.99913356737563741 6 0.99939260439411115 6 0.99965164103807069 6 1 8
7 0 0  7 110 19  0 4.7492105044454931  0.10271507756240494 4.7492105044454931  0.20507937357824935 4.7813535148661037  0.30794979091550556 4.8452429135318713  0.41209747462519153 4.9383200232120101  0.51831478611765247 5.0557965914751675  0.62745176412557957 5.1903681395375196  0.76212020032979744 5.3586192879654231  0.78380127943505884 5.3857712804191964  0.80565130483309499 5.4131189407186895  0.82768044876709435 5.4405899303020258  0.84989900305173249 5.4681066527708424  0.87231737907317108 5.495586253890286  0.9228947154152245 5.5567258376863071  0.95116955576617213 5.5903261609560735  0.97978539095654893 5.6235682024378661  1.0087569985033682 5.6562648990623297  1.0380998021159915 5.6882164713012449  1.0678305024861106 5.7192113808175753  1.1355395972256306 5.7861986164404522  1.1737974701987066 5.8215911747130757  1.2126925261440136 5.8546771644834701  1.2521863351970488 5.8849378265696073  1.292249023744757 5.9118788212824365  1.3328574596885345 5.9350456086510031  1.4300622501326727 5.9799268065353788  1.4870661679764976 5.99804030088346  1.5445940716185771 6.0072226998714502  1.6022838298939404 6.0068473843265977  1.6597892490163473 5.9969309798705961  1.7167469286190076 5.9781319138368678  1.8119701905595686 5.9330717831435651  1.8507141629180908 5.9107366087144388  1.8889584827948955 5.8849802788950418  1.9266824881151976 5.856199677964125  1.9638598636731841 5.8248247995307878  2.0004571908826505 5.791306496810245  2.067279093758057 5.7259204729120787  2.0976999734172419 5.6944676950213511  2.1277147651145945 5.661984106057913  2.1573409872804139 5.6286964767296848  2.1865947384409523 5.5948190109214462  2.2154913874934752 5.5605522149942903  2.2669075193033303 5.4984844594569955  2.2895536070292231 5.4707521283612897  2.3119953500780706 5.4429757852129104  2.334243454006347 5.4152409611226693  2.3563085070079284 5.3876277068972298  2.3782009799140913 5.3602105930391195  2.5030863576093285 5.2041666551790939  2.6028547578880343 5.0809202025402094  2.7000880126964595 4.9711011970755825  2.7954576809687741 4.8803936535224182  2.8896101708768254 4.8127140660115817  2.9831526814492517 4.7704878711924117  3.0861142634301006 4.7531112188076907  3.0954683975657766 4.7517966869620532  3.1048208901960526 4.7507473990201374  3.1141721598595877 4.7499639129715785  3.1235226224401083 4.7494465985921659  3.132872691166404 4.7491956374438535  3.1423859334371795 4.7492112913469624  3.1425490902680928 4.749211640920092  3.1427122471072759 4.7492120715941075  3.1428754039569275 4.749212583368954  3.1430385608192464 4.7492131762445577  3.1432017176964342 4.7492138502208281  3.1435280313825382 4.7492153603740048  3.1436911881914518 4.7492161965508135  3.1438543450196335 4.74921711382797  3.1440175018692833 4.7492181122053436  3.1441806587426036 4.7492191916827933  3.1443438156417907 4.7492203522601608  3.1446701293278929 4.749222835613085  3.1448332861148089 4.7492241583884782  3.1449964429319914 4.74922556226326  3.1451595997816422 4.7492270472372367  3.1453227566659607 4.7492286133101951  3.1454859135871471 4.7492302604819026  3.1458002896191664 4.7492335905680338  3.1459515087244867 4.7492352620489724  3.1461027278651192 4.7492370031947333  3.1462539470428164 4.7492388140051007  3.14640516625933 4.7492406944798535  3.1465563855164089 4.7492426446187563  3.1468062274869482 4.7492459817028054  3.1469048501760923 4.7492473286150885  3.1470034728837222 4.7492487051583421  3.1471020956103244 4.7492501113324916  3.1472007183563844 4.7492515471374634  3.147299341122388 4.749253012573182  3.1475001088082224 4.7492560560992194  3.1476022537295369 4.7492576363437289  3.1477043986733055 4.7492592483730078  3.14780654364007 4.7492608921869683  3.1479086886303702 4.7492625677855154  3.148010833644745 4.7492642751685548  3.1482151235750342 4.7492677535009076  3.1483172684909513 4.7492695244501295  3.1484194134320207 4.749271327183556  3.148521558398786 4.749273161701085  3.148623703391785 4.7492750280026126  3.1487258484115563 4.7492769260880348  3.1489653606744308 4.749281451293653  3.1491027279396198 4.7492841041127658  3.1492400952555202 4.7492868144143161  3.1493774626234434 4.7492895821980303  3.1495148300447018 4.7492924074636269  3.149652197520612 4.7492952902108145  3.1497895650524863 4.749298230439293 
 0 8 0.26030394585300193 6 0.3098178251840723 6 0.37097212169131399 6 0.44721284820136464 6 0.55112983765346868 6 0.62392721512465232 6 0.68634645540096795 6 0.73631978270884502 6 0.97354696731796286 6 0.99725868251758321 6 0.99767244645439124 6 0.99808621013149679 6 0.99849997338152696 6 0.99888346235130399 6 0.99913356737563741 6 0.99939260439411115 6 0.99965164103807069 6 1 8
7 0 0  4 29 10  8.2584555339154324 6.0000000000337561e-07  8.2584563484893838 -0.001415402511043308  8.2584571323050753 -0.0028314075005691636  8.258457885362473 -0.0042474148281818058  8.2584593299621183 -0.0070794368426163115  8.2584600215042396 -0.0084954515294438024  8.2584606822878737 -0.0099114682736161849  8.2584619206141934 -0.012694679823272478  8.25846250024148 -0.014061874498837452  8.2584630511948269 -0.015429070835093026  8.258464114407257 -0.018212297248642477  8.2584646245815296 -0.019628327437494035  8.2584651039970129 -0.021044359131853586  8.2584660013109215 -0.023876427091723221  8.2584664192092685 -0.025292463357237286  8.2584668063487019 -0.026708500847493252  8.25846751911007 -0.029540579458992952  8.2584678447319462 -0.030956620580238264  8.2584681395948039 -0.032372662645459196  8.2584686678026813 -0.035204749466722626  8.2584689011476513 -0.036620794222766026  8.2584691037335372 -0.038036839642015506  8.2584694473872151 -0.04086893223116881  8.2584695884549788 -0.042284979401073772  8.2584696987636121 -0.043701026953411888  8.2584698468902857 -0.046337805880966969  8.2584698926083995 -0.047558537194017342  8.2584699154674617 -0.048779268597008499  8.2584699154674617 -0.049999999999999219 
 0 5 0.11328059184895363 3 0.22656142079912467 3 0.33593621083350278 3 0.44921741752690841 3 0.56249877149064798 3 0.67578024243436552 3 0.78906180006805615 3 0.9023434141022959 3 1 5
7 0 0  4 29 10  6.2749883957168962 4.7492982304392921  6.2752205350746868 4.7492932617051125  6.2754526742498218 4.7492884805774143  6.2756848132526564 4.7492838870585476  6.2761490914202804 4.7492750752334691  6.2763812305850708 4.7492708569280397  6.2766133695982491 4.7492668262364273  6.2770696429561958 4.7492592725976781  6.2772937773105371 4.7492557369352477  6.2775179115424988 4.7492523761748098  6.277974184927138 4.7492458906750663  6.2782063240715944 4.7492427786525271  6.2784384631051093 4.7492398542517353  6.2789027412727343 4.7492343806926769  6.2791348804068461 4.7492318315348969  6.2793670194507056 4.7492294700019571  6.2798312976183315 4.7492251221855648  6.2800634367420969 4.7492231359025023  6.2802955757963028 4.7492213372467278  6.2807598539639287 4.7492181151900565  6.2809919930773495 4.7492166917894485  6.2812241321419 4.7492154560179465  6.2816884103095267 4.7492133597336377  6.2819205494126029 4.7492124992210174  6.2821526884874981 4.7492118263386898  6.28258494746657 4.7492109227662676  6.2827850673753272 4.7492106438857649  6.2829851872774567 4.7492105044454931  6.2831853071795862 4.7492105044454931 
 0 5 0.11328059184895363 3 0.22656142079912467 3 0.33593621083350278 3 0.44921741752690841 3 0.56249877149064798 3 0.67578024243436552 3 0.78906180006805615 3 0.9023434141022959 3 1 5
7 0 0  8 9 2  8.1751349258209469 -13.300000000000001  8.1724741954725015 -13.300000000000001  8.1697513503432315 -13.302053700524826  8.1669662603882536 -13.305966350903221  8.1641175647976549 -13.311514136970285  8.1612032806102768 -13.318409583043081  8.1582142044010233 -13.326252818375838  8.1551354855625888 -13.334528586811821  8.1519182857080246 -13.342484513305013 
 0 9 1 9
7 0 0  8 9 2  0.33251967061247251 1.5707963267948966  0.30133904829782093 1.6424509178674396  0.26765558059793226 1.7121598340650166  0.23125795335739188 1.7798501866834233  0.19192307300248104 1.8452233476350963  0.14944266172177037 1.9077942376769688  0.10355722530344943 1.9667554036447388  0.053994330536712098 2.0210354596075804  0 2.068637157641052 
 0 9 1 9
7 0 0  6 12 3  8.151918326201681 -13.342484413166892  8.1465745304868555 -13.35569925611054  8.1413925594547081 -13.371225562901481  8.1362851801323099 -13.389319667685625  8.1312752817201126 -13.410450358194383  8.1264937030027617 -13.434979351115169  8.1212910584350944 -13.468806419985611  8.1204266666473099 -13.47469958600359  8.119581048935002 -13.480760227005101  8.1187562286917814 -13.486993819019856  8.1179545830343969 -13.493405606035973  8.1171788428027298 -13.500000599999998 
 0 7 0.8305676697061577 5 1 7
7 0 0  6 12 3  0.49784023170194835 9.1000006000000013  0.57690703270261523 9.0208208565916781  0.65600556224927975 8.9438829301018092  0.73750558989848192 8.867916322004822  0.82270765844900728 8.7932621892634781  0.91243869656215137 8.7218891465601516  1.0267564922766559 8.6441309214048925  1.0463880371613763 8.6312079768105328  1.0662995660678825 8.6185620913036178  1.0865084770937772 8.6062238437447771  1.1070319967752331 8.5942291454610515  1.1278871800869918 8.5826192402458776 
 0 7 0.8305676697061577 5 1 7
7 0 0  6 12 3  7.5560449417472828 -13.342484413166884  7.5613887374620967 -13.355699256110503  7.5665707084942735 -13.371225562901511  7.571678087816653 -13.389319667685639  7.576687986228853 -13.410450358194366  7.5814695649462021 -13.434979351115151  7.5866722095138686 -13.468806419985611  7.5875366013016565 -13.47469958600359  7.5883822190139645 -13.480760227005105  7.5892070392571851 -13.486993819019858  7.5900086849145714 -13.493405606035973  7.5907844251462384 -13.500000599999998 
 0 7 0.83056766970622853 5 1 7
7 0 0  6 12 3  0.49784023170190839 -5.9999999999999997e-07  0.57690703270239341 0.079179143408142943  0.65600556224951589 0.15611706989829799  0.73750558989845627 0.2320836779952474  0.82270765844896188 0.30673781073645617  0.91243869656209253 0.37811085343980355  1.0267564922766559 0.45586907859509984  1.0463880371613772 0.46879202318946339  1.0662995660678833 0.48143790869638364  1.086508477093777 0.49377615625522475  1.1070319967752316 0.50577085453895065  1.1278871800869927 0.51738075975412467 
 0 7 0.83056766970622853 5 1 7
7 0 0  8 9 2  7.5328283421280195 -13.300000000000001  7.5354890724764694 -13.300000000000001  7.5382119176057145 -13.302053700524823  7.540997007560752 -13.30596635090324  7.5438457031512574 -13.311514136970235  7.546759987338735 -13.318409583043147  7.5497490635479174 -13.326252818375787  7.552827782386383 -13.334528586811839  7.556044982240941 -13.342484513305013 
 0 9 1 9
7 0 0  8 9 2  1.2382766561824305 1.5707963267948966  1.2694572784971447 1.6424509178675835  1.3031407461966296 1.7121598340643474  1.3395383734383415 1.7798501866848482  1.3788732537912487 1.845223347633328  1.4213536650741283 1.9077942376782744  1.4672391014909547 1.9667554036441808  1.5168019962583028 2.0210354596076785  1.5707963267948966 2.0686371576410467 
 0 9 1 9
7 0 0  1 2 2  7.3434237613287063 -13.5  7.3434237613287063 0 
 -1.0974171438249413e-14 2 13.499999999999996 2
1 0 0 0 1 
7 0 0  4 5 2  6.1928986597556328 0.9064883923444782  6.2154796956280975 0.89923802300993483  6.2380512134985455 0.89437539444334468  6.2606182748477934 0.891943995230152  6.2831853071795862 0.891943995230152 
 0 5 1 5
7 0 0  4 5 2  2.0992078785639716 3.9000006000000003  2.100401324692025 3.7628173236178726  2.101198481961764 3.6253179568927965  2.1015970705001941 3.4876588972239384  2.1015970705001941 3.350000000000001 
 0 5 1 5
1 6.2831853071795862 0 0 1 
1 0 0 0 1 
7 0 0  4 29 10  6.274988395716897 3.7647088192692859  6.275220535050706 3.7647034817252205  6.2754526742184726 3.764698345712151  6.2756848132296152 3.7646934112327597  6.2761490913991205 3.7646839453371155  6.2763812305574858 3.7646794139216286  6.2766133695780315 3.7646750840453573  6.2770776477475376 3.7646668273685706  6.277309786896498 3.7646629005687244  6.2775419259264487 3.7646591753129215  6.2780062040959566 3.764652127887985  6.278238343235512 3.7646488057194203  6.2784704822748676 3.7646456850990244  6.2789347604443755 3.7646398469540983  6.2791668995745269 3.7646371294300387  6.2793990386232874 3.7646346134575701  6.2798553119900671 3.7646300644236632  6.2800794463129641 3.7646280177020381  6.2803035805772183 3.7646261588740324  6.2807598539567886 3.7646227573294468  6.280991993068457 3.7646212282738354  6.2812241321357014 3.7646199007744556  6.2816884103052102 3.7646176488888039  6.2819205494074746 3.7646167245027109  6.282152688484123 3.7646160016741761  6.2825849474653639 3.7646150310320574  6.282785067374121 3.7646147314510108  6.2829851872768536 3.764614581660485  6.2831853071795862 3.764614581660485 
 0 5 0.11328065172482021 3 0.22656151898174814 3 0.33984257423344483 3 0.45312378994263658 3 0.56640513857405295 3 0.67578033410334215 3 0.7890618637486243 3 0.90234344466271355 3 1 5
7 0 0  4 29 10  8.2849977295236901 0.49999939999999821  8.284998604560311 0.50141540236475746  8.284999446555732 0.50283140730935116  8.2850002555098943 0.50424741468763579  8.285001807337057 0.50707943671354783  8.2850025502099296 0.50849545136117824  8.2850032600413055 0.50991146815028654  8.2850046136220801 0.51274350806916391  8.2850052573713686 0.51415953119893953  8.2850058680789491 0.51557555617795692  8.2850070234114277 0.51840761154796777  8.2850075680362316 0.51982364193896635  8.2850080796191499 0.52123967388696435  8.2850090367017053 0.52407174226626208  8.2850094822012625 0.5254877786975648  8.2850098946587902 0.52690381639362116  8.2850106404067638 0.52968706635210128  8.2850109759366255 0.5310542785387109  8.2850112806638236 0.53242149163660812  8.2850118382960538 0.53520474942316576  8.2850120889615599 0.53662079416851771  8.2850123065848322 0.53803683960420001  8.2850126757469678 0.54086893220483634  8.2850128272857972 0.54228497936979159  8.2850129457823396 0.54370102693282096  8.2850131049040492 0.54633780587361014  8.2850131540156955 0.54755853718666048  8.2850131785715195 0.54877926859333015  8.2850131785715195 0.54999999999999927 
 0 5 0.11328065172482021 3 0.22656151898174814 3 0.33984257423344483 3 0.45312378994263658 3 0.56640513857405295 3 0.67578033410334215 3 0.7890618637486243 3 0.90234344466271355 3 1 5
1 0 6.5 1 0 
1 0 0 1 0 
7 0 0  4 50 17  3.1333957421271017 3.7647088192692841  3.1336278814609102 3.7647034817252187  3.1338600206286809 3.7646983457121501  3.1340921596398208 3.7646934112327579  3.134556437809326 3.7646839453371137  3.1347885769676913 3.7646794139216273  3.1350207159882371 3.7646750840453556  3.1354769893492773 3.7646669697252864  3.1357011236984755 3.7646631716223453  3.1359252579364281 3.764659561403437  3.1363815313217334 3.7646525945057556  3.1366136704616139 3.7646492514875987  3.1368458095006453 3.7646461100174835  3.1373020828654457 3.7646403315495727  3.1375262171974123 3.764637680891906  3.1377503514525973 3.7646352181252096  3.1382066248341451 3.7646305871282206  3.1384387639555418 3.7646284325588191  3.1386709030130575 3.7646264795435416  3.1391351811825663 3.7646229766217894  3.1393673202945598 3.7646214267155957  3.1395994593614791 3.7646200783655845  3.1400557327319514 3.7646178243231638  3.1402798670379215 3.7646169049701204  3.1405040013191035 3.7646161735137316  3.1409647571519295 3.7646150561111549  3.1412013787017075 3.7646146916849812  3.141438000243244 3.7646145366760395  3.1419717565534473 3.7646146594068028  3.1422688913230994 3.7646150579548885  3.1425660261151926 3.7646157867285153  3.1431602960909162 3.7646179047261317  3.1434574312745474 3.7646192939508096  3.1437545665200588 3.7646210133999505  3.1443488377844568 3.7646251127479555  3.1446459738033434 3.7646274926481786  3.144943109923553 3.7646302027708267  3.1455373833151299 3.764636283465256  3.1458345205864986 3.7646396540390588  3.1461316579986343 3.7646433548322848  3.1467259343579195 3.7646514168673999  3.1470230733050699 3.7646557781119845  3.1473202124324349 3.7646604695720414  3.1479042463351665 3.7646703397779078  3.1481911410969841 3.764675496146237  3.148478036062945 3.7646809603446787  3.1490210894232384 3.7646918859970371  3.1492772477725701 3.7646972850253859  3.1495334063114422 3.7647029294506753  3.1497895650524872 3.7647088192692841 
 0 5 0.056640325863140578 3 0.11328075949247712 3 0.16796816406218029 3 0.22460876938028818 3 0.27929631404053601 3 0.3359370378583571 3 0.39257780155213573 3 0.44726546038762521 3 0.50499995979690482 3 0.57749938985243654 3 0.64999889486756013 3 0.72249854876146369 3 0.79499842446367053 3 0.86749859638343152 3 0.93749911173155998 3 1 5
7 0 0  4 50 17  7.4229655384252755 0.60000059999999966  7.4229646633886555 0.59858459763524297  7.422963821393231 0.59716859269066092  7.4229630124390722 0.59575258531237296  7.4229614606119103 0.59292056328646259  7.4229607177390351 0.59150454863883117  7.4229600079076592 0.59008853184972121  7.4229586776645213 0.5873053202811882  7.42295805501342 0.58593812563699621  7.4229574631645745 0.58457092926420184  7.422956321033281 0.58178770284658854  7.4229557729903757 0.58037167268565104  7.4229552579893534 0.57895564095763696  7.4229543106898781 0.57617240179736784  7.4229538761520324 0.57480519446141642  7.4229534724167436 0.57343798593234119  7.4229527132319406 0.5706547365229494  7.4229523600219585 0.56923869556544848  7.4229520398541249 0.56782265361528927  7.4229514656025808 0.56499056702498884  7.4229512115189191 0.56357452238484351  7.4229509904774869 0.56215847704429778  7.4229506209617631 0.55937521380031097  7.4229504702480122 0.55800799593443784  7.42295035033706 0.55664077768338227  7.422950167156241 0.55383016815345565  7.4229501074142492 0.55238677684551218  7.4229500820029468 0.55094338540966104  7.4229501021227442 0.5476874719283612  7.422950167458497 0.54587494989843111  7.4229502869295914 0.54406242821720796  7.4229506341425964 0.54043738429104859  7.4229508618846181 0.53862486204611049  7.4229511437620515 0.53681234076277329  7.4229518157883465 0.53318729701014489  7.4229522059374293 0.53137477454086002  7.4229526502220686 0.52956225364606635  7.422953647063852 0.5259372100730576  7.4229541996213291 0.52412468739485407  7.4229548063145723 0.52231216690404092  7.4229561279751293 0.5186871235045607  7.4229568429428845 0.5168746005959135  7.42295761204669 0.51506208048756874  7.4229592301425917 0.51149953833665807  7.4229600754660474 0.50974951608355712  7.422960971256729 0.50799949700249369  7.4229627623933494 0.50468695670766017  7.4229636475047984 0.50312443479467661  7.4229645728488034 0.50156191582668463  7.4229655384252755 0.49999939999999821 
 0 5 0.056640325863140578 3 0.11328075949247712 3 0.16796816406218029 3 0.22460876938028818 3 0.27929631404053601 3 0.3359370378583571 3 0.39257780155213573 3 0.44726546038762521 3 0.50499995979690482 3 0.57749938985243654 3 0.64999889486756013 3 0.72249854876146369 3 0.79499842446367053 3 0.86749859638343152 3 0.93749911173155998 3 1 5
7 0 0  8 9 2  2.560209548647701 1.4185621764039933  2.6424204691805393 1.647381092918488  2.7200667942173213 1.9015038163067228  2.7942442706881812 2.1774029691622356  2.865605457587912 2.4711231507039986  2.9347190968450589 2.7791287159786586  3.0020605363028117 3.0985990747887922  3.0681103264208236 3.4275112619040677  3.1333958404910622 3.7647088170076355 
 0 9 1 9
7 0 0  8 9 2  7.4171691296469318 4.1704316323373583  7.4044932301862536 3.640794008566453  7.3975950358851623 3.1078643057685498  7.3950974860358478 2.5763759153602774  7.3960583592369105 2.0489989687931565  7.3997636136038647 1.5273464152844138  7.4057067627440851 1.0121177628271936  7.413519411574832 0.50326779444067749  7.4229655380545001 -4.9835069492158811e-15 
 0 9 1 9
7 0 0  6 17 4  2.5602094309497194 1.4185623604941853  2.5796380277381656 1.3881742932504899  2.598978758991898 1.3584347141837314  2.6182399588909511 1.3294108612564826  2.6374293608574733 1.3011675666678653  2.656554097555738 1.2737672568535476  2.7472050288589802 1.1477875385163623  2.8181130878639249 1.060834977900688  2.888501931461295 0.98993468265180429  2.9585543680490365 0.93779815965287372  3.0284639163853013 0.90606802101980177  3.1206885747602739 0.89184374626628182  3.1429225504835649 0.89052942603446628  3.1651556067694382 0.89134408929761699  3.1873906910918728 0.89428731902988323  3.2096308643791303 0.89934481471463779  3.2318793010137479 0.9064883923444782 
 0 7 0.16814143683067076 5 0.79941757692446136 5 1 7
7 0 0  6 17 4  7.4171691657586711 -6.0000000000000008e-07  7.411208141884873 0.099042369489372437  7.4054656434764627 0.19915459495404539  7.3999419626475529 0.30028630664888695  7.3946377187849146 0.40238921172733649  7.389553858547969 0.50541649424140511  7.3664368306602031 0.99943237067810275  7.3512698382713833 1.4027096477344319  7.3393257639026936 1.8158134716530894  7.3307111207449331 2.2358883249561408  7.3254982064399856 2.6603935636459872  7.3231641863993513 3.2224405285120454  7.3229491701071456 3.3580976644439935  7.3230826392265627 3.4937846551977656  7.3235645718485891 3.6293987734750313  7.3243942145124112 3.7648379152961176  7.3255700822054077 3.9000005999999998 
 0 7 0.16814143683067076 5 0.79941757692446136 5 1 7
1 3.2318792022508234 6.7447762031354322e-16 0 1 
7 0 0  6 12 3  3.2318791034879015 1.0221195269774608  3.2928336550572586 1.041475831388462  3.3537798518571198 1.0762973139396192  3.4148707362851649 1.1259795559105998  3.4762444812487203 1.1893171919427279  3.5380327160050262 1.2645380828107124  3.6206052159661861 1.3769819146511804  3.6409167511325644 1.4055826803649982  3.6613007675721327 1.4351426527999482  3.6817660354105328 1.4655887032795123  3.7023214188621019 1.4968436082020444  3.7229758762298668 1.5288260490407755 
 0 7 0.75478845935798278 5 1 7
7 0 0  6 12 3  7.3303681871216915 -5.3000005999999997  7.3335543291061516 -4.9296922894580018  7.3393072087854199 -4.5618869152688912  7.3475911655049106 -4.1981301149258643  7.3583559475030365 -3.8400679772324695  7.3715361138171192 -3.4895403730469363  7.3920953505791855 -3.0379298192246638  7.3973852242014493 -2.9281699014055298  7.4029223779366777 -2.8194395285670066  7.4087057979697342 -2.7117933964223506  7.4147346880587959 -2.6052915532712859  7.4210084695353569 -2.4999993999999996 
 0 7 0.75478845935798278 5 1 7
7 0 0  7 50 9  3.7229757585318848 1.5288258667910792  3.7314415556580016 1.5419347482223293  3.7399688138269087 1.5542750272492734  3.7485534778507237 1.5658383989977351  3.7571913941273851 1.5766180937235874  3.7658783106406468 1.5866088768127511  3.7746098769600782 1.5958070487811977  3.8144613882760745 1.633984993970095  3.8460545532181647 1.6537899376179801  3.8779445730455322 1.6635028133026672  3.9099409959877214 1.6633145494439103  3.9418732689076035 1.6535994156443772  3.9735849109117671 1.6348312289654816  4.0342531889081883 1.5820171954737596  4.0632624491050988 1.549026079958576  4.091861702988882 1.5089829527950334  4.1199666716690002 1.4622859881503962  4.1474988486563538 1.4092983276540367  4.1743776495692035 1.3502914807653197  4.2188287398002862 1.239829351984955  4.2367749705638635 1.1914040909604335  4.254319857439123 1.1401022535834426  4.2714207119672594 1.0859178180816798  4.2880200152605301 1.0288183087287381  4.3040400248301909 0.96871985657295012  4.3239283301955806 0.88662636859383093  4.3284237177901028 0.86753813025747128  4.3328549516462607 0.848165682105393  4.3372186334833405 0.82850460589742714  4.341510956985557 0.80855023396439607  4.3457277078020544 0.78829764920811385  4.3550567457721865 0.74193846018883136  4.3601226691670245 0.71565800734276164  4.3650530272657306 0.68888944128222407  4.3698372461753445 0.66162288574434192  4.3744633041209431 0.63384984848320902  4.3789178509909679 0.60556359626878531  4.3916864341661652 0.51940004736422352  4.3994559098939954 0.45993903592489466  4.4063689378880877 0.39839192418581698  4.4122832391279276 0.33485231638663415  4.4170502551667932 0.26951078209914286  4.4205622273164149 0.20272078128332072  4.423434368281125 0.11593211471798551  4.4239660623983541 0.096711476010053352  4.4243952808190201 0.077434309546702634  4.4247221908308187 0.058112702803602367  4.4249474952751031 0.038758562212921913  4.4250724325468829 0.019383613163330989  4.4250987765948304 -6.0000000033306699e-07 
 0 8 0.071656501089551267 6 0.3255466968695615 6 0.56308998720177728 6 0.72962582784121355 6 0.77911977693310508 6 0.84124790157848084 6 0.96496783168521771 6 1 8
7 0 0  7 50 9  7.4210084337846549 0  7.4235799151658135 0.017262754700139455  7.4261720770538631 0.034538782785803766  7.4287850143011758 0.051823291043895617  7.4314187551383712 0.069111492602330876  7.4340732611743086 0.08639860693003866  7.4367484273960898 0.10367985983696133  7.4489952088310911 0.18214300543357115  7.4588061449973244 0.24321908598543907  7.4688632550705911 0.3039283608264548  7.4791521158392777 0.36410198766035379  7.4896525153967479 0.42361886063150722  7.5003353727010209 0.48238828140508977  7.5212907297378582 0.59457804364321454  7.5315476385021984 0.64811172324406796  7.5419097822392684 0.7009481679380889  7.5523487446434592 0.75311675351416629  7.5628301508446238 0.80466989264629674  7.5733100190076401 0.85569430051281081  7.5910309902909869 0.94184957234284306  7.5983012937558669 0.97716032023640798  7.6055192974422745 1.0123350333392349  7.6126569220387914 1.0474322675064227  7.6196764540433044 1.0825130512674603  7.6265258723379397 1.1176527061748052  7.635092982079053 1.1634527070843397  7.6370339505492586 1.1739597782352404  7.6389510897698365 1.1844832598218538  7.6408421147626084 1.1950255743801392  7.6427044680014964 1.2055891243328769  7.6445353194125198 1.2161762919896664  7.6485863360406317 1.240111774224504  7.6507864822467297 1.2534746341220804  7.6529259016168627 1.2668830760070726  7.6549975096857317 1.2803412505292167  7.6569932642727592 1.2938523685429677  7.6589041888568818 1.3074186674298962  7.6643371317866515 1.348169199765556  7.6675813606824104 1.3755434884129178  7.6703701927657333 1.403147171332038  7.6726083252137292 1.4309310734524632  7.6741924253216247 1.4588128783777312  7.6750398544167524 1.4866577558077521  7.6751504319264843 1.5220708673106809  7.675113791738239 1.5298661521397101  7.6750155454046158 1.5376378580021712  7.6748554618273959 1.5453820026799465  7.6746336433894671 1.5530947977578329  7.6743505259548144 1.560772648623546  7.6740068788685241 1.5684121544677168 
 0 8 0.071656501089551267 6 0.3255466968695615 6 0.56308998720177728 6 0.72962582784121355 6 0.77911977693310508 6 0.84124790157848084 6 0.96496783168521771 6 1 8
7 0 0  6 12 3  4.2901146467443487 0.60000000000000153  4.2901146467443487 0.71572481931410437  4.2933236849491045 0.83140766585177417  4.2997382297718332 0.94429529980029736  4.3092848189535848 1.0515447858819564  4.3218013279446597 1.1500657002163697  4.3508809664904602 1.3151000979747014  4.3671300258227008 1.3844730427438718  4.3854477668214553 1.4404349687956159  4.405294415099493 1.4797184510052066  4.4260368117878448 1.5000000000000018  4.446989189941382 1.5000000000000018 
 0 7 0.52310551027028651 5 1 7
7 0 0  6 12 3  0 0.98582890270257995  0.12858313257122533 0.98582890270257995  0.25712006825238448 0.97780609370402738  0.3863751596809335 0.96177077556298896  0.51701478904398057 0.93833121617671478  0.64974302277771667 0.9087632704577987  0.90906956007539164 0.84372968013534777  1.0364322027948814 0.8087010614244291  1.1665343533531971 0.77120405785681223  1.2990299691609821 0.73338677478587067  1.4337578780696518 0.69709874394108606  1.5707963267948966 0.66357493889542685 
 0 7 0.52310551027028651 5 1 7
1 0 1.5 1 0 
7 0 0  6 12 3  5.2265485775157057 0.60000000000000109  5.2265485775157057 0.73462779896646591  5.2219987520915359 0.86893242803001214  5.2129392857664314 0.99841126421068327  5.1995990348132359 1.1185513436969958  5.182426051642314 1.2244589606759821  5.1484289237859482 1.3693282977550632  5.1332600430044417 1.4192165789581488  5.1168445757650591 1.4586695256156714  5.0995386945908701 1.4859983583265055  5.0817350803749184 1.5000000000000013  5.0638419180966618 1.5000000000000013 
 0 7 0.59833607449189563 5 1 7
7 0 0  6 12 3  0 1.2386913100442021  0.14958644329607207 1.2386913100442021  0.29881436149917762 1.2250419171403177  0.44870211028083751 1.1978633119835571  0.6001273831880779 1.1586667485484012  0.75392267174312666 1.110403046469868  1.0165496542986343 1.0202557064511031  1.1242050170492326 0.98126317359622006  1.2335952261842809 0.94071595592187207  1.344537471921597 0.90003497448076153  1.456933617569897 0.86044721547379832  1.5707963267948966 0.82287157468945882 
 0 7 0.59833607449189563 5 1 7
7 0 0  7 50 9  5.701802202237495 1.5288258667910792  5.693336405111376 1.5419347482223313  5.684809146942472 1.5542750272492742  5.6762244829186574 1.5658383989977354  5.6675865666419947 1.5766180937235872  5.6588996501287321 1.586608876812752  5.6501680838092989 1.5958070487811988  5.6103165724932893 1.6339849939701092  5.5787234075512373 1.6537899376179526  5.5468333877238436 1.6635028133026757  5.5148369647816411 1.6633145494439279  5.4829046918617834 1.6535994156443632  5.4511930498576202 1.6348312289654892  5.3905247718612133 1.5820171954737812  5.3615155116642308 1.5490260799584878  5.3329162577805223 1.5089829527951053  5.3048112891004111 1.4622859881504537  5.2772791121129847 1.4092983276539321  5.2504003112001927 1.3502914807653625  5.2059492209690879 1.2398293519849422  5.18800299020553 1.1914040909604295  5.1704581033302519 1.1401022535834702  5.1533572488021111 1.0859178180816946  5.136757945508859 1.0288183087287199  5.1207379359391902 0.96871985657295867  5.1008496305738023 0.88662636859384036  5.0963542429792765 0.86753813025747939  5.0919230091231187 0.84816568210539933  5.0875593272860398 0.82850460589743324  5.083267003783825 0.80855023396440373  5.0790502529673276 0.78829764920812351  5.0697212149971955 0.7419384601888499  5.0646552916023539 0.71565800734276064  5.0597249335036469 0.68888944128222296  5.0549407145940375 0.66162288574435468  5.0503146566484398 0.63384984848322534  5.0458601097784115 0.60556359626878498  5.033091526603223 0.51940004736428191  5.0253220508753991 0.45993903592463259  5.0184090228812321 0.39839192418637343  5.012494721641513 0.3348523163860489  5.0077277056025666 0.26951078209949786  5.0042157334529609 0.20272078128323706  5.0013435924882543 0.11593211471799239  5.0008118983710261 0.096711476010059555  5.0003826799503601 0.077434309546708255  5.0000557699385615 0.058112702803606808  4.9998304654942771 0.038758562212924549  4.9997055282224965 0.019383613163331759  4.9996791841745472 -6.0000000033306699e-07 
 0 8 0.07165650108957769 6 0.32554669686983873 6 0.5630899872020545 6 0.72962582784144936 6 0.77911977693332413 6 0.84124790157865736 6 0.96496783168522238 6 1 8
7 0 0  7 50 9  2.0037695269847244 0  2.001198045603565 0.017262754700142279  1.998605883715517 0.034538782785804176  1.9959929464682038 0.051823291043893431  1.9933592056310085 0.069111492602328503  1.9907046995950708 0.086398606930038632  1.98802953337329 0.10367985983696375  1.9757827519382831 0.18214300543360085  1.9659718157720587 0.24321908598538361  1.9559147056987893 0.30392836082646962  1.9456258449300994 0.36410198766039675  1.9351254453726316 0.4236188606314843  1.9244425880683609 0.48238828140507717  1.9034872310315285 0.59457804364317257  1.8932303222671618 0.64811172324413835  1.8828681785301222 0.70094816793805614  1.8724292161259324 0.75311675351412621  1.8619478099247377 0.80466989264635835  1.8514679417617457 0.85569430051277817  1.8337469704783904 0.94184957234285405  1.8264766670135135 0.97716032023639043  1.8192586633271068 1.0123350333392318  1.8121210387305884 1.0474322675064287  1.8051015067260749 1.0825130512674528  1.7982520884314397 1.1176527061748005  1.7896849786903277 1.1634527070843348  1.7877440102201212 1.1739597782352362  1.7858268709995433 1.18448325982185  1.7839358460067716 1.1950255743801359  1.7820734927678836 1.2055891243328734  1.7802426413568602 1.2161762919896622  1.7761916247287495 1.2401117742244954  1.7739914785226496 1.2534746341220804  1.7718520591525162 1.2668830760070731  1.7697804510836481 1.2803412505292122  1.7677846964966208 1.2938523685429613  1.7658737719124975 1.3074186674298951  1.7604408289827314 1.3481691997655278  1.7571966000869663 1.3755434884128486  1.754407768003647 1.4031471713322559  1.7521696355556504 1.4309310734522773  1.7505855354477546 1.4588128783777463  1.7497381063526265 1.4866577558077867  1.7496275288428953 1.5220708673106784  1.7496641690311401 1.5298661521397072  1.749762415364764 1.537637858002169  1.7499224989419828 1.5453820026799447  1.7501443173799121 1.5530947977578322  1.7504274348145652 1.5607726486235458  1.7507710819008548 1.568412154467717 
 0 8 0.07165650108957769 6 0.32554669686983873 6 0.5630899872020545 6 0.72962582784144936 6 0.77911977693332413 6 0.84124790157865736 6 0.96496783168522238 6 1 8
7 0 0  6 12 3  5.7018020845395148 1.5288260490407755  5.7224433622742268 1.4968640162344053  5.7429856915918682 1.4656285924438037  5.763438014223869 1.4352009398513379  5.7838091780247964 1.4056581361376803  5.8041079369723461 1.3770731744818054  5.8866812568817526 1.2646159780318469  5.9484826489047693 1.1893696484059519  6.0098692666862101 1.1260104357761771  6.0709728403930026 1.0763117623842853  6.1319316485832855 1.0414798506984644  6.1928988572814783 1.0221195269774626 
 0 7 0.24505511244072845 5 1 7
7 0 0  6 12 3  2.003769491234022 -2.4999993999999996  2.0100392694033924 -2.6052243662269277  2.016064468349954 -2.7116574748094213  2.0218445107068157 -2.8192334518551263  2.027378602052901 -2.9278923631751099  2.0326657309129494 -3.037579614283862  2.0532281986549163 -3.4891773590246404  2.0664130976046571 -3.8397714276004948  2.0771816462658954 -4.1979041067140219  2.0854683649458816 -4.5617344236341264  2.0912229700652243 -4.9296153954464028  2.0944097736476879 -5.3000005999999997 
 0 7 0.24505511244072845 5 1 7
1 6.192898758518556 -6.7447762031354322e-16 0 1 
1 6.2831853071795862 0.59999999999999964 1 0 
1 0 0 1 0 
1 8.5049120720776461 0 0 1 
1 6.0460703158453084 -10.5 0 -1 
7 0 0  4 23 8  8.2850131785715195 0.55000000000000071  8.2850131785715195 0.55181252201478326  8.2850131244361815 0.55362504402956547  8.2850130161655073 0.55543756573790548  8.2850126913533657 0.55906260967624277  8.285012474811797 0.56087513190623894  8.2850122041348211 0.56268765321690473  8.2850115657099632 0.56625019608100335  8.28501120163099 0.56800021771751064  8.2850107870855894 0.56975023793549406  8.2850098404530854 0.57331278094291305  8.2850093046965547 0.57512530360915337  8.2850087148042757 0.57693782415140338  8.285007426745846 0.58056286756610409  8.2850067285792619 0.58237539043853492  8.2850059762766595 0.58418791057406705  8.2850043633955899 0.58781295381523591  8.2850035028165792 0.58962547692084177  8.2850025881012073 0.59143799667662789  8.2850007172089981 0.59493803958351066  8.2849997682410859 0.59662556322148519  8.2849987723459488 0.59831308344275425  8.2849977295236901 0.60000059999999966 
 0 5 0.14499885516954203 3 0.28999785013080487 3 0.42999715069554001 3 0.57499685016073609 3 0.71999712490394918 3 0.86499812418468802 3 1 5
7 0 0  4 23 8  0 3.764614581660485  0.00029713475652173187 3.764614581660485  0.00059426951304341875 3.7646149118860506  0.00089140428928530658 3.7646155723371577  0.0014856742071136571 3.7646175536898188  0.0017828093487002202 3.7646188745919975  0.0020799445494474956 3.7646205257187528  0.0026639696198100756 3.7646244200993806  0.0029508594840794195 3.7646266409730931  0.0032377494396342689 3.764629169688158  0.0038217765111782666 3.7646349441105671  0.004118913635095727 3.7646382122010147  0.0044160508956989919 3.764641810511264  0.0050103269085992677 3.7646496675804189  0.0053074656608974253 3.7646539263419472  0.005604604589328448 3.7646585153194043  0.0061988843226501418 3.7646683537225898  0.0064960251275427063 3.7646736031516221  0.0067931661480190846 3.7646791827917507  0.0073669580966432939 3.7646905949473659  0.0076436089934566005 3.7646963834917195  0.0079202601101656615 3.7647024582672071  0.0081969114626917559 3.7647088192692859 
 0 5 0.14499885516954203 3 0.28999785013080487 3 0.42999715069554001 3 0.57499685016073609 3 0.71999712490394918 3 0.86499812418468802 3 1 5
1 0 -0.45000000000000001 1 0 
1 0 0 1 0 
1 0 0 0 -1 
1 6.2831853071795862 0 0 -1 
7 0 0  8 65 10  4.9312303685612475 -11.099999999999998  4.9614539932515624 -11.185137393415603  4.9926458872436585 -11.268722446403606  5.0250381406232485 -11.350739094511871  5.0588607696596668 -11.430889729848266  5.0943352099182091 -11.508621083194706  5.1317404818308248 -11.58302180191142  5.1713755707602171 -11.652895369571729  5.2271223046414761 -11.736163597630943  5.2406596266512055 -11.755342156425565  5.2544754474868647 -11.773811915939508  5.2685802570671401 -11.791497145788023  5.2829815773328468 -11.808309856648311  5.2976835760218206 -11.824151335717033  5.3126863650806806 -11.838914562969245  5.3346752652610459 -11.858423130730131  5.3414216423084397 -11.864130694076991  5.3482234019874095 -11.869600663848022  5.3550795166910712 -11.874823256855416  5.3619886145662639 -11.879788582710191  5.3689489500059473 -11.884486785397566  5.3759583741415993 -11.888908184852262  5.3957888066930684 -11.900530105524759  5.4087183807539194 -11.907080306159166  5.4217845319015812 -11.912636178133811  5.4349661949544172 -11.917145881818392  5.4482393887440193 -11.920566383160732  5.4615768696935492 -11.92286625659195  5.4749477853960506 -11.924028487931608  5.5001800342691167 -11.924075272727656  5.5120444342777466 -11.923201798793594  5.5238865709620146 -11.921432392818792  5.5356847162002989 -11.918777187906217  5.5474191950643226 -11.915255470820357  5.5590722098774608 -11.910894239873899  5.5706276642730526 -11.90572676281443  5.5878700250347482 -11.896783185735735  5.5936406532354814 -11.893577709161731  5.5993812439917585 -11.890179614862264  5.6050903466862048 -11.886593913108756  5.6107666879472307 -11.882825714570888  5.616409171649031 -11.878880230316588  5.6220168789115847 -11.874762771812025  5.6388169844221183 -11.861846483343367  5.6499001856305764 -11.852537990101487  5.6608332398012626 -11.842596368327481  5.6716127974346575 -11.832064225799185  5.682237382127572 -11.820982846634703  5.6927071812441872 -11.809391356986323  5.7030238365871115 -11.797325890734436  5.7540459996000308 -11.734556257006039  5.7923390034917688 -11.67732987862737  5.8285058274488293 -11.615059782046536  5.8627909262509013 -11.549057545554883  5.8954287529508314 -11.480321262376989  5.926627556615653 -11.409489437272475  5.9566114097763236 -11.336910874278406  5.993424911387252 -11.242638666833994  6.0011538012421619 -11.222542193672494  6.0088089385232006 -11.202343729548964  6.0163930987952812 -11.182048798358871  6.0239089100448355 -11.161662498830765  6.0313588526798005 -11.141189504526274  6.0387452595296338 -11.120634063840093  6.0460703158453066 -11.099999999999996 
 0 9 0.29458407063809716 7 0.38663411323602498 7 0.42688877388415425 7 0.49976834186116442 7 0.56443389602608396 7 0.59720392204603423 7 0.66323526045165671 7 0.92859578301663082 7 1 9
7 0 0  8 65 10  2.4723886123289107 -1.4056045241378131e-15  2.4668476528700567 0.10759384199854108  2.4609164572595725 0.21322588714153506  2.4545373310565575 0.31687583370167421  2.4476461100967857 0.41816757459861248  2.440176123901646 0.51640190636201333  2.4320450910041522 0.6104270914545904  2.4231674015384592 0.69873101170751228  2.4103348430416656 0.80396266390958193  2.4071946076922655 0.82819989671557126  2.4039659275414569 0.85154137226665616  2.4006461621270385 0.87389138498949581  2.3972335350327287 0.89513873686740808  2.3937273224788393 0.91515867790111882  2.3901281173774804 0.93381595969747899  2.3848245071798289 0.95847024699796302  2.383193607249976 0.96568327812684329  2.3815457294897793 0.97259604629685747  2.3798812272768188 0.97919618783650919  2.378200555264987 0.98547120359700402  2.3765042777102647 0.99140863787050637  2.3747930767964909 0.99699625730840036  2.3699441407223745 1.0116836590056997  2.3667736168481155 1.019961587467491  2.3635617349775782 1.026982916021514  2.3603149290606598 1.0326821314453407  2.3570405523235047 1.0370048487170189  2.3537469082340898 1.039911353234569  2.3504432814677982 1.0413801430354808  2.3442089616586048 1.0414392681243829  2.3412775083741986 1.0403354004502434  2.3383527086482769 1.0380992832842584  2.3354410967529229 1.0347437225091884  2.3325486515704283 1.0302930921046374  2.3296808065599097 1.0247815116515959  2.3268424597239226 1.0182510238369877  2.3226167824803623 1.0069484248202523  2.321204185758666 1.0028974487896662  2.3198006980288453 0.99860304880294748  2.3184067720836357 0.9940715566765983  2.3170228088896585 0.98930943110712954  2.315649157587421 0.98432325767106121  2.3142861154913184 0.97911974882492192  2.3102092813696582 0.96279656761216414  2.3075288296450789 0.95103279953175945  2.3048944328047285 0.93846890440356223  2.3023073092574555 0.92515872853802106  2.2997681071674894 0.91115444544787849  2.2972769756898108 0.89650550147954255  2.2948336362055244 0.88125756144445921  2.2828079004531112 0.80193135961078077  2.2739720196873718 0.72961054185454755  2.2658277020471425 0.65091563866522484  2.2583078616760166 0.56750417961109845  2.251344111950607 0.48063752214283278  2.244874619441902 0.39112258759823432  2.2388374897412744 0.2994001830713221  2.2316496911845505 0.18026206307846665  2.2301538691870411 0.15486480023872562  2.2286854080877787 0.1293386445704181  2.2272435028257673 0.10369057699124389  2.2258273890819469 0.077927041106906431  2.2244363432791934 0.052053943211112487  2.2230696825823166 0.026076652285572405  2.2217267648980594 0 
 0 9 0.29458407063809716 7 0.38663411323602498 7 0.42688877388415425 7 0.49976834186116442 7 0.56443389602608396 7 0.59720392204603423 7 0.66323526045165671 7 0.92859578301663082 7 1 9
1 4.9312303685612475 -10.5 0 -1 
1 8.7555739195084961 0 0 1 
1 10.093982002030263 0 0 1 
1 1.3519549386183387 -10.5 0 -1 
1 0 -0.45000000000000001 1 0 
1 0 0 1 0 
1 0 0 0 -1 
1 6.2831853071795862 0 0 -1 
7 0 0  8 65 10  0.23711499133428013 -11.100000000000005  0.26760466131058813 -11.18588682047514  0.2990764586107455 -11.270184605015432  0.33177106253385713 -11.352885625117642  0.36592643824276549 -11.433685948000891  0.4017701595740325 -11.512014610684144  0.43959010635676893 -11.58692308592202  0.47969197390301177 -11.657167381029382  0.535796662847559 -11.740106094841298  0.5491427271999233 -11.75882046260767  0.56275897071684744 -11.776839920684615  0.57665511583492279 -11.794091469809308  0.59083801267897751 -11.810490659822795  0.60531126219555953 -11.825943079277316  0.6200745420435182 -11.840346679350112  0.64177353027987816 -11.859450340923628  0.64847961080497474 -11.865079663100547  0.65524014298307687 -11.870473545329107  0.66205408462771831 -11.875622402466663  0.6689200566042901 -11.880516555522695  0.67583631423446777 -11.885146369688282  0.68280071870063941 -11.889502392365515  0.70235032071610615 -11.900861533244088  0.71503819024573456 -11.907243604868793  0.72785677231853219 -11.912667387584378  0.7407861193550046 -11.91708419069877  0.75380356478826538 -11.920453507926851  0.7668834069354592 -11.922745574002722  0.77999659286918055 -11.923943921291983  0.80502391541654006 -11.924142431097611  0.81694069088129506 -11.923333795054891  0.82883642607645602 -11.921620965582758  0.84068905308313735 -11.919013694212214  0.85247856156916946 -11.915531094088591  0.86418682168800132 -11.911200187361802  0.87579740697759922 -11.906054452576583  0.89310111878023513 -11.897142130185767  0.89887851437302846 -11.893953690201672  0.90462595908229038 -11.890571955972385  0.91034198603350613 -11.887001935490597  0.91602530643308278 -11.883248740879697  0.92167480956835035 -11.879317588393786  0.92728956280756092 -11.875213798417688  0.9440223799998505 -11.862404562934103  0.95503357256305144 -11.853198105641191  0.96589697303880206 -11.843365607985517  0.97660920921401639 -11.832948816455758  0.9871687482656829 -11.821988222107906  0.99757569211333297 -11.810522243041147  1.0078315727715093 -11.798586406873797  1.0412948876356811 -11.757620019483079  1.0638433417404096 -11.726708014867816  1.0856381331439184 -11.69385510288356  1.1067285343818698 -11.659378571513466  1.1271628370760614 -11.623538841988825  1.1469907742543299 -11.586542252949894  1.1662649953123831 -11.548542199992486  1.2080999417100931 -11.461863627348491  1.2303886488731357 -11.412766314524429  1.2519979918256621 -11.36256766273544  1.2729974629661673 -11.3114420858779  1.2934442199077529 -11.259527592189452  1.3133887756736577 -11.206932443167984  1.3328779295532296 -11.153738320357379  1.3519549386183396 -11.099999999999996 
 0 9 0.29722095963169948 7 0.3876552352201551 7 0.42762500859100849 7 0.49912375228649974 7 0.5640782742231969 7 0.59687582419538177 7 0.6624419479841227 7 0.81394667054610959 7 1 9
7 0 0  8 65 10  4.0614585422815264 8.5614093742939487e-15  4.055868808191601 0.10854094330618448  4.0498825353292123 0.21507371517960133  4.0434401359187637 0.3195885485926015  4.0364753131060862 0.42170134327494763  4.0289194540171751 0.5206905349647506  4.0206876230374373 0.61535740607398082  4.0116922168882843 0.7041298395004516  3.99875744443611 0.80894506241760145  3.9956574069624358 0.83259566584550815  3.9924716637911759 0.85536806522782316  3.9891977827510945 0.87717000649340593  3.9858341692684172 0.89789476430461157  3.9823802459605457 0.91742302457409919  3.9788367028090583 0.93562582135079631  3.9736010541702527 0.95976840150826126  3.9719793376512369 0.96688255401591938  3.9703409338200832 0.97369916524837641  3.968686199231533 0.98020612181711331  3.9670155895643209 0.98639119173177225  3.9653296676555918 0.99224219883722775  3.9636291115353157 0.99774719725065542  3.9588479884088748 1.012102506473733  3.9557364112066082 1.0201679590142017  3.9525852568079323 1.0270223575002568  3.9494006177449772 1.0326041682342157  3.9461894416989747 1.0368622007031167  3.942959560071253 1.0397588385413656  3.9397197165542379 1.0412732704933856  3.9335360404724269 1.0415241406669318  3.930591569894816 1.0405022129906878  3.9276533840397132 1.0383375953508795  3.9247281184540914 1.0350426114121498  3.9218218532392748 1.0306414157399237  3.9189401221284039 1.025168158039893  3.9160879215639133 1.018665147397501  3.9118467224031805 1.0074020470289449  3.9104322970910719 1.0033726012812192  3.9090269534796604 0.99909887661395957  3.9076311491460642 0.99458720196385475  3.9062452896035293 0.98984403786457187  3.9048697283014313 0.98487597644675784  3.9035047666252738 0.97968974143803822  3.8994436247783133 0.96350185027233681  3.8967800707495743 0.95186703187351263  3.8941618406906811 0.93944104422257046  3.8915901546867846 0.92627664516100894  3.8890656734050775 0.91242500595570342  3.8865885674718785 0.89793467813881367  3.8841585868497193 0.88285056034768938  3.8762676376954111 0.8310785852456235  3.871012195490775 0.79201300892245186  3.865996629500263 0.75049457760319982  3.861208337932037 0.70692426942165321  3.8566341071567409 0.66163119617801758  3.8522600642772469 0.61487612186996998  3.848071766414122 0.5668529028141972  3.8391209869073393 0.45731136911711534  3.834449468133077 0.39526379746129203  3.8300151284072963 0.33182438978811113  3.8257982102418659 0.26721356465229679  3.8217820529424711 0.20160573233257589  3.8179518601008553 0.1351377101548141  3.8142941222740601 0.067912724571846425  3.810796694850676 0 
 0 9 0.29722095963169948 7 0.3876552352201551 7 0.42762500859100849 7 0.49912375228649974 7 0.5640782742231969 7 0.59687582419538177 7 0.6624419479841227 7 0.81394667054610959 7 1 9
1 0.23711499133427763 -10.5 0 -1 
1 4.0614585422815264 0 0 1 
1 0 0.59999999999999964 1 0 
7 0 0  1 2 2  1.9902431909380511 -13.500000000000002  1.9902431909380511 -8.437694986953979e-16 
 -1.0974171438249413e-14 2 13.499999999999996 2
1 0 0 0 1 
1 13.500000000000007 0 0 1 
7 0 0  1 2 2  9.9536094365728758 -13.5  9.9536094365728758 0 
 -1.0974171438249413e-14 2 13.499999999999996 2
7 0 0  1 2 2  8.8959464849658829 -13.5  8.8959464849658829 0 
 -1.0974171438249413e-14 2 13.499999999999996 2
1 13.500000000000007 0 0 1 
1 0 0 0 1 
7 0 0  1 2 2  4.2929421162415355 -13.500000000000002  4.2929421162415355 -8.437694986953979e-16 
 -1.0974171438249413e-14 2 13.499999999999996 2
7 0 0  7 20 4  1.8595258553072935 1.2084690925716555  1.8582768342841547 1.1895166708114537  1.8567936531594122 1.1708182774300735  1.8550885036808054 1.1524277580354672  1.8531729097670582 1.1343949964888154  1.851057402750754 1.1167678010014812  1.8487511966212187 1.0995937902319648  1.8423419558612935 1.056669958154794  1.8379709345193753 1.0316835569778557  1.8331755126325153 1.0081245755713073  1.8279768068813045 0.98622348974263629  1.8223962623848269 0.96627533780321784  1.8164564263063865 0.9486486166766428  1.8035736938687674 0.91803182195478261  1.796577310787838 0.90531344375146927  1.7892798557673049 0.89621670511606355  1.7817828153649868 0.89127261817449788  1.7742075604932186 0.89082556452402517  1.7667028351045855 0.89481960720732467  1.7594355430193998 0.90273626527732109 
 0 8 0.23604801829596692 6 0.60774848729609865 6 1 8
7 0 0  7 20 4  0 0.86231383662521133  0.051353268066176967 0.87910811430154012  0.10247929851244406 0.89665703092936033  0.15341463720209944 0.91485532355734089  0.20420222865322821 0.93358677459131312  0.2548929167642543 0.95272506592861916  0.30554694553949241 0.97213463309246329  0.43605373011846132 1.0224358945268581  0.51589754654410103 1.0534923525944493  0.59613048923202494 1.0843089480966259  0.67703860536686511 1.1142407899922824  0.75887486425923745 1.1425128528784059  0.84188540420078473 1.1682044929233228  1.0153436051272147 1.2137333566649613  1.106166696698504 1.233225708493642  1.1983729764707274 1.2475039581143736  1.2915671630693144 1.2553649623375405  1.3852588780221804 1.2560268758245694  1.4787366196834679 1.2496980546150853  1.5707963267948966 1.2374378379076532 
 0 8 0.23604801829596692 6 0.60774848729609865 6 1 8
7 0 0  6 7 2  1.8506134356085553 1.0644395997664198  1.855541410744358 1.1496452856167825  1.8609399152112442 1.2345031621194125  1.8667985925812993 1.3190040932817819  1.8731019682579768 1.403187799857522  1.8798237886269382 1.4871008598626823  1.8869159694722057 1.5707963267948966 
 0 7 1 7
1 0 1.5707963267948966 1 0 
7 0 0  8 23 4  4.0558799328685637 0.35626552609944417  4.0619536554369686 0.42063549714017179  4.0691444965779171 0.48285133818286163  4.0773355092640564 0.54278720823220106  4.0864146851270471 0.60040118401861586  4.096279409757603 0.65569641418544355  4.1068402279818512 0.70871776394702934  4.1180265727800407 0.75955990938646367  4.1508801752698101 0.8957773024434581  4.1737677343537074 0.9763612934660133  4.1982252138736085 1.0510962032543496  4.2240681936129114 1.1203139697822275  4.2511258115614741 1.1843262393416709  4.2792669713839819 1.2433263176895117  4.3084158973288567 1.2975204397508147  4.3615855711101768 1.3848296103999289  4.3851428804470229 1.4198287656665503  4.4092133772533577 1.452069244005183  4.4337596264146333 1.4815382301815838  4.4587405521199583 1.5081979896771909  4.4841120584357652 1.5319977755597693  4.50982802198281 1.5528822366229817  4.5358416567165145 1.5707963267948966 
 0 9 0.24051247784117885 7 0.67131178272012437 7 1 9
1 0 0 1 0 
1 0 -2.4999999999999991 1 0 
1 6.2831853071795862 -5.2999999999999998 -1 0 
1 0 3.9000000000000004 1 0 
7 0 0  6 12 3  2.1015970705001941 3.3499999999999996  2.1015970705001941 2.8795299670113974  2.0974071536029908 2.4099959822696744  2.0890577284015306 1.9447255339050973  2.0766333202690799 1.4871615336496147  2.0602768019942004 1.041174523308076  2.035306280958034 0.50708246382816113  2.0302088407186161 0.40371001519409622  2.0248895796792183 0.30126747127534548  2.0193494555727636 0.19980209466436935  2.0135890953162403 0.099362649206511777  2.0076087950107078 -6.0000000000000008e-07 
 0 7 0.80479658860435965 5 1 7
7 0 0  6 12 3  0 0.891943995230152  0.077126234916164285 0.891943995230152  0.15409895562383283 0.91750266084592136  0.23119887983881487 0.96843331950305411  0.30866984083937316 1.0428561769510638  0.3867427232395903 1.1372183879745774  0.48472933106038013 1.2733243039063169  0.5039150746473432 1.3008022772812691  0.52316583355779744 1.3291293071139576  0.54248880643715125 1.3582423758080282  0.56189179872198947 1.388076025986984  0.58138322264007336 1.4185623604941853 
 0 7 0.80479658860435965 5 1 7
1 0 0 1 0 
1 0 4.1704316323373529 1 0 
7 0 0  8 9 2  2.0018124227148797 -1.7250600978054987e-15  2.011258548778454 0.50326777227220176  2.0190711973463764 1.0121177184991821  2.0250143464833958 1.5273463530149722  2.0287196011277748 2.048998895939758  2.0296804748358741 2.5763758419822445  2.0271829255397522 3.1078642436060298  2.0202847314837329 3.6407939709363082  2.0076088311224467 4.1704316323373529 
 0 9 1 9
7 0 0  8 9 2  0.0081968130987309842 3.7647088170076302  0.073482324293203449 3.4275112767573015  0.13953211153331971 3.0985991034297866  0.20687354859918244 2.7791287543426106  0.27598718630619329 2.471123192950111  0.34734837283148517 2.1774030085793368  0.4215258504445436 1.9015038465580139  0.49917217856826329 1.6473811091758157  0.58138310494209233 1.4185621764040022 
 0 9 1 9
1 0 2.0303940504246967 1 0 
1 0 0 1 0 
1 6.2831853071795862 0 0 1 
1 0 0 0 1 
7 0 0  4 23 8  5.1434205249817264 0.54999999999999927  5.1434205249817264 0.55181252201478348  5.1434204708463893 0.5536250440295668  5.1434203625757142 0.55543756573790892  5.1434200377635726 0.55906260967624744  5.1434198212220021 0.5608751319062435  5.1434195505450289 0.56268765321690839  5.1434189009197091 0.56631269698171371  5.1434185219711459 0.56812521943584982  5.1434180888870467 0.56993774035776112  5.1434171144464242 0.57356278394294491  5.1434165730895769 0.57537530660620639  5.1434159775969857 0.5771878271243438  5.1434147007389699 0.58075036951371173  5.1434140230422738 0.58250039155108246  5.1434132948787026 0.5842504110272011  5.1434117654226705 0.58768795168408128  5.1434109676701656 0.58937547306384741  5.1434101229909048 0.59106299155822584  5.1434082737275792 0.5945630359174443  5.1434072619331834 0.59637556130094194  5.1434061960019113 0.59818808276394209  5.143405075933897 0.60000059999999966 
 0 5 0.14499885516972139 3 0.28999785013102153 3 0.43499713268897694 3 0.57999684873566748 3 0.71999712490400203 3 0.85499802904789035 3 1 5
7 0 0  4 23 8  0 3.7646145816604832  0.00029713475652200694 3.7646145816604832  0.00059426951304377416 3.7646149118860417  0.00089140428928586517 3.7646155723371595  0.0014856742071144298 3.7646175536898205  0.0017828093487011144 3.764618874592002  0.0020799445494483213 3.7646205257187404  0.0026742156980548333 3.7646244884219979  0.002971351645914542 3.7646267999998373  0.0032684876923763906 3.7646294418002424  0.0038627609102642856 3.7646353858502546  0.004159898081691025 3.7646386881018388  0.0044570353911639396 3.7646423205730501  0.0050410653338398134 3.7646501093189273  0.0053279579563505729 3.7646542432150998  0.0056148507436915417 3.764658684946248  0.0061783918131201364 3.7646680144655669  0.0064550400824009459 3.7646728806611267  0.0067316885373759627 3.7646780330921414  0.0073054803925316917 3.7646893133213997  0.0076026238236908544 3.7646954850994176  0.0078997675071678167 3.7647019870839324  0.0081969114626918582 3.7647088192692859 
 0 5 0.14499885516972139 3 0.28999785013102153 3 0.43499713268897694 3 0.57999684873566748 3 0.71999712490400203 3 0.85499802904789035 3 1 5
1 0 0 1 0 
1 5.363319418487853 0 0 1 
1 2.9044776622555157 -10.5 0 -1 
7 0 0  6 12 3  0 0.891943995230152  0.077126234916156541 0.891943995230152  0.15409895562385076 0.91750266084592036  0.23119887983879145 0.96843331950303679  0.30866984083938903 1.0428561769510809  0.38674272323960035 1.1372183879745841  0.48472933106038524 1.2733243039063178  0.50391507464734808 1.300802277281276  0.52316583355780122 1.3291293071139665  0.54248880643715269 1.3582423758080315  0.56189179872198836 1.3880760259869784  0.58138322264007236 1.4185623604941799 
 0 7 0.80479658860437164 5 1 7
7 0 0  6 12 3  5.2431897240899872 3.350000000000001  5.2431897240899872 2.8795299670114463  5.2389998071927844 2.4099959822695545  5.2306503819913246 1.9447255339052327  5.2182259738588712 1.4871615336495299  5.2018694555839922 1.0411745233080201  5.1768989345478271 0.50708246382813427  5.1718014943084079 0.40371001519407379  5.1664822332690088 0.30126747127532855  5.1609421091625549 0.19980209466436147  5.1551817489060339 0.099362649206512652  5.1492014486005013 -6.0000000000000008e-07 
 0 7 0.80479658860437164 5 1 7
7 0 0  8 9 2  0.0081968130987309859 3.7647088170076302  0.073482324293172585 3.4275112767574609  0.13953211153343331 3.0985991034294864  0.20687354859900026 2.7791287543427852  0.27598718630636254 2.4711231929501269  0.34734837283136655 2.177403008579363  0.42152585044461843 1.9015038465578828  0.49917217856823282 1.6473811091758988  0.58138310494209222 1.4185621764040004 
 0 9 1 9
7 0 0  8 9 2  5.1434050763046724 -1.7250600978054987e-15  5.1528512023682422 0.50326777227196384  5.1606638509361824 1.0121177185002121  5.1666070000731761 1.5273463530129245  5.1703122547175626 2.0489988959421863  5.1712731284256863 2.5763758419803948  5.1687755791295293 3.1078642436068962  5.1618773850735309 3.6407939709361119  5.1492014847122398 4.1704316323373529 
 0 9 1 9
1 7.4171691296469326 0 -1 -0 
1 7.4171691296469326 4.1704316323373529 -1 -0 
1 5.2408005373735485 3.9000000000000004 1 0 
1 5.2360024220750629 -5.2999999999999998 1 -0 
1 5.1453621805745176 -2.4999999999999991 1 0 
1 5.1453621805745176 0 1 0 
7 0 0  7 20 4  7.709540055599839 0.94431018308177095  7.7026920393098512 0.93884309195996307  7.695695126016183 0.93674604808525941  7.6886743215500601 0.93829568520905215  7.6817389677095971 0.9434688361938911  7.6749788016717249 0.95200949387611922  7.668468329690115 0.96355102206759391  7.6559963521140828 0.99196567324767881  7.650035784630302 1.0089121559930831  7.6444217577814175 1.0281577702332541  7.639182028472348 1.0493683144063228  7.6343409803990614 1.0722606139699598  7.629923606362162 1.0966116273341335  7.6230795237172559 1.1408695456842242  7.6204402814455179 1.1601589854691592  7.6180528453058161 1.1800457599845113  7.6159316644757133 1.2004579853687469  7.6140930488715881 1.221322392162826  7.6125544878579463 1.2425609622237985  7.6113339689567452 1.2640875656383994 
 0 8 0.36420094787343482 6 0.73253460305836637 6 1 8
7 0 0  7 20 4  1.570796326794897 1.174768285910595  1.4853275497453124 1.1827816997904859  1.3990414682023995 1.185926074815471  1.3127414891310731 1.1836388644237934  1.2269092218416915 1.1759220385253242  1.1418699448379492 1.1633468763831514  1.0578637347060049 1.1467363449205887  0.8913686800238142 1.1070304716858543  0.80882559350316652 1.0838434427130965  0.72730123793698842 1.0582754745454965  0.64659588739763418 1.0311578344896919  0.56649004857674701 1.0032271578004723  0.48673642674878098 0.97509939659380573  0.34913266301928175 0.92711773361520522  0.29129115999031552 0.9071165689471099  0.23340029054590508 0.88750788042922935  0.17538220354930362 0.86848787308084419  0.11717397864695001 0.85023707199725007  0.058725944997357109 0.83291734455530853  0 0.81666892261899904 
 0 8 0.36420094787343482 6 0.73253460305836637 6 1 8
7 0 0  6 7 2  7.6189438995869265 1.1217985376297559  7.6151629451884446 1.1970581784082903  7.6110792921095838 1.2721344404448687  7.606699642730038 1.3470231144674367  7.602034219323067 1.4217458894997819  7.5970997762514854 1.49632893358764  7.5919251653942288 1.5707963267948966 
 0 7 1 7
1 4.8889363040528639 1.5707963267948966 1 0 
7 0 0  8 23 4  5.3688980279008156 0.35626552609944578  5.3628243053325422 0.42063549713878273  5.3556334641916514 0.4828513381809808  5.3474424515058807 0.5427872082284978  5.3383632756430011 0.60040118401427711  5.32849855101259 0.65569641418066715  5.3179377327887991 0.70871776394079955  5.3067513879907686 0.75955990937995121  5.2738977855014699 0.89577730243661791  5.2510102264186367 0.97636129345585954  5.2265527468970934 1.0510962032518583  5.2007097671615341 1.1203139697679441  5.173652149209266 1.1843262393391352  5.1455109893902788 1.2433263176794465  5.1163620634442388 1.2975204397439017  5.0631923896631443 1.3848296103940758  5.0396350803258585 1.4198287656618551  5.0155645835189704 1.4520692440016412  4.9910183343571166 1.4815382301790696  4.9660374086512489 1.5081979896754858  4.9406659023348807 1.5319977755587229  4.9149499387871742 1.5528822366225656  4.8889363040528631 1.5707963267948966 
 0 9 0.24051247783400739 7 0.671311782708788 7 1 9
1 13.500000000000007 0 0 1 
7 0 0  1 2 2  9.0236046997839452 -13.500000000000002  9.0236046997839452 -8.437694986953979e-16 
 -1.0974171438249413e-14 2 13.499999999999996 2
7 0 0  1 2 2  5.1318358445278438 -13.500000000000002  5.1318358445278438 -8.437694986953979e-16 
 -1.0974171438249413e-14 2 13.499999999999996 2
1 13.500000000000007 0 0 1 
1 0 0 0 1 
7 0 0  1 2 2  6.8120167829830827 -13.5  6.8120167829830827 0 
 -1.0974171438249413e-14 2 13.499999999999996 2
7 0 0  1 2 2  5.7543538313760898 -13.5  5.7543538313760898 0 
 -1.0974171438249413e-14 2 13.499999999999996 2
1 13.500000000000007 0 0 1 
1 0 0 0 1 
7 0 0  1 2 2  7.4345347698313287 -13.500000000000002  7.4345347698313287 -8.437694986953979e-16 
 -1.0974171438249413e-14 2 13.499999999999996 2
1 0 -0.45000000000000001 1 0 
1 0 0 1 0 
1 0 0 0 -1 
1 6.2831853071795862 0 0 -1 
7 0 0  8 65 10  1.7896377149714551 -11.100000000000001  1.8200311163804759 -11.185615640066741  1.8514016391695693 -11.269655623788998  1.8839868208707116 -11.352109127182096  1.9180217221113891 -11.432674506446682  1.9537316838549081 -11.51078724596174  1.9914013548676581 -11.585512427243604  2.0313340074915236 -11.655623412176858  2.0872942233727394 -11.738660963947073  2.1006944349413308 -11.757522684288443  2.114367208516938 -11.775686075168919  2.1283225086045889 -11.793077408805104  2.142567407681911 -11.809611273429738  2.157105708396406 -11.825192069428104  2.1719372643553707 -11.839716349607942  2.1936487412515357 -11.858900403833506  2.200294806830609 -11.864503045688934  2.2069944976007476 -11.869874816745154  2.2137468176835702 -11.875006376331116  2.2205504466084154 -11.879888286893154  2.2274037119535173 -11.884511145359394  2.2343045619871802 -11.888865714504137  2.2541227945587319 -11.900499164554535  2.2671527790504387 -11.907104744986126  2.280321543959118 -11.912700503543455  2.2936075088429901 -11.917233349200664  2.3069861023235791 -11.920659293380165  2.3204294037658491 -11.922946351363194  2.3339057849583318 -11.924077443700364  2.3590932937380726 -11.924032305650808  2.3708077615866512 -11.923138188621728  2.3824999397338655 -11.921370843110608  2.394148934250214 -11.918740210349352  2.4057358072481372 -11.915264918441105  2.4172434112483279 -11.910970924575176  2.4286562235460494 -11.905890157241988  2.4457124003817747 -11.897091950889775  2.4514367983342606 -11.893930226833222  2.4571317763749017 -11.890578758748322  2.4627959082595674 -11.887042419767795  2.4684279395599931 -11.883326183687087  2.4740267876637816 -11.87943512496439  2.4795915417744028 -11.875374418720639  2.4963761249412442 -11.862550334794944  2.5074859950131683 -11.853270527660074  2.5184454858129071 -11.843353228923302  2.5292511263883175 -11.832841304870181  2.5399013489219269 -11.821776326191575  2.5503962755036964 -11.810197715691929  2.5607375049037855 -11.798141895997471  2.5942830873842899 -11.756991852995732  2.6168305672454326 -11.726026117642885  2.6386242670635998 -11.693122498984806  2.6597136411825222 -11.658597875512363  2.6801470851528602 -11.62271225444236  2.6999743871316189 -11.585671613868344  2.7192482156829274 -11.54762906904825  2.7610120865473515 -11.46100547612364  2.7832349975126069 -11.412014315587712  2.8047827753806684 -11.361929510688272  2.8257243051676793 -11.310923746237615  2.8461162792799839 -11.259133750622562  2.8660088048684838 -11.206666853066217  2.8854482976585514 -11.153604109921995  2.9044776622555166 -11.099999999999996 
 0 9 0.29628808130187168 7 0.38721223226088597 7 0.42685237907974405 7 0.50031334467960087 7 0.56417839478739873 7 0.59667726266300325 7 0.66281993726029265 7 0.81441118443770366 7 1 9
7 0 0  8 65 10  5.6139812659187038 2.4917534746079409e-15  5.6084091809437986 0.1081982344112575  5.6024428400383233 0.21440520607693575  5.596023346695846 0.31860723600005564  5.5890851828805577 0.42042311665418186  5.581560443072469 0.51913943173292809  5.5733651598909439 0.61357466196057497  5.5644124508124362 0.70217862236653916  5.5515181238188331 0.8071187534496792  5.5484070457285375 0.83095557622299432  5.5452094697517254 0.85390987315585754  5.5419228973591981 0.87588846949672994  5.5385456728999891 0.89678342465896299  5.5350771652822202 0.91647392298883601  5.5315180214412969 0.93482923132184226  5.5262802802259667 0.95907340907298078  5.5246733780307213 0.96615384386647618  5.5230500389598429 0.97294251172543078  5.5214106047333589 0.97942760821649844  5.5197555125532167 0.98559720646927651  5.5180853028152823 0.99143942319031331  5.5164006268213521 0.99694258467711161  5.5115548375077212 1.0116445568235966  5.5083597164620466 1.0199924724544567  5.5051225692438432 1.027064208361852  5.5018499864017789 1.0327926698507421  5.4985495026476139 1.0371222656012937  5.4952296283602999 1.0400125743762654  5.4918998810900872 1.041442011728392  5.485676615506903 1.0413849677436415  5.4827822551558247 1.0402550120039189  5.4798945587801056 1.0380214987842671  5.4770198100673202 1.0346969914871156  5.4741637631172617 1.0303050316974898  5.4713316519372928 1.0248784232588417  5.4685281999376798 1.0184575163488816  5.4643477752920537 1.0073386320824909  5.4629463468507877 1.0033429490466763  5.4615538392449237 0.99910747373878972  5.4601706973887012 0.99463836466392219  5.4587973159687859 0.98994190754143196  5.4574340394442871 0.98502451530494373  5.4560811620467558 0.97989272810234862  5.4520071721797256 0.96368607196311229  5.4493196257210803 0.9519585564427312  5.4466781950623213 0.93942539997026298  5.4440841355591107 0.92614077554969265  5.4415381235932259 0.91215721885502599  5.4390403289010845 0.89752455113192375  5.4365904869022845 0.88228880209933935  5.4286816866218182 0.83028472906706974  5.4234276306934293 0.79115124960219629  5.4184135370321638 0.74956873685370395  5.4136267473572337 0.70593765145248621  5.4090540148528605 0.66058658198084708  5.404681448412842 0.61377583678935899  5.4004945975946947 0.56569891791288984  5.3915621034661045 0.45622686577970334  5.3869057910866402 0.39431344589972711  5.3824852334669666 0.33101791418697779  5.3782808442809431 0.26655850403649567  5.3742760993194088 0.20110800829358041  5.3704563216472669 0.1348020661058314  5.3668081111526131 0.067743113830906476  5.3633194184878539 -1.4056045241378133e-15 
 0 9 0.29628808130187168 7 0.38721223226088597 7 0.42685237907974405 7 0.50031334467960087 7 0.56417839478739873 7 0.59667726266300325 7 0.66281993726029265 7 0.81441118443770366 7 1 9
1 1.7896377149714544 -10.5 0 -1 
1 5.6139812659187038 0 0 1 
1 6.9523893484404686 0 0 1 
1 4.4935475922081318 -10.5 0 -1 
1 5.6139812659187038 0.59999999999999964 1 0 
1 5.6139812659187038 0 1 0 
1 0 -0.45000000000000001 1 0 
1 0 0 1 0 
1 0 0 0 -1 
1 6.2831853071795862 0 0 -1 
7 0 0  8 65 10  3.3787076449240701 -11.099999999999996  3.4089787893335708 -11.185271252443723  3.4402206837185312 -11.268983674354821  3.4726669310520148 -11.351122640467091  3.5065489495925495 -11.431389413470216  3.5420892640097867 -11.509227592573398  3.5795684613024719 -11.583719284468934  3.6192867287413031 -11.653659603941417  3.6750989027260976 -11.736872346864086  3.6886039244481674 -11.755970155002897  3.7023860285195962 -11.774361444676787  3.7164555694949901 -11.791970944552441  3.7308199491786809 -11.808711264441181  3.7454832316837381 -11.824484423953722  3.7604454460826156 -11.839184254484085  3.7822703451079831 -11.858518952514842  3.7888931422124292 -11.864118248457112  3.7955692877335232 -11.869488540332886  3.8022978085871335 -11.874620577722746  3.8090774119401933 -11.879505010533233  3.8159064583166473 -11.884132517725632  3.8227829347033899 -11.888493936044762  3.8426234052297636 -11.90020775919875  3.855702007528012 -11.906878798587883  3.8689211884846251 -11.912533344754955  3.8822592166316174 -11.917117435570461  3.8956913074288142 -11.920586282866354  3.9091892555933283 -11.922907246366824  3.9227210674290323 -11.924062807619084  3.9480709142723938 -11.924045450525233  3.9598922738538591 -11.923148271107642  3.9716909911049805 -11.921361790800917  3.983445592985305 -11.918696223515244  3.9951366405061304 -11.915170788543604  4.0067465550272532 -11.910812287163923  4.0182594445537223 -11.905653679241231  4.0354246197612955 -11.896739460493782  4.0411602171020409 -11.893551171702256  4.0468661253451419 -11.890172616647387  4.0525409208766332 -11.886608716611228  4.0581833531782614 -11.88286449096568  4.0637923448274904 -11.878945057172533  4.069366991497497 -11.874855630783445  4.0862048277386069 -11.861925038123324  4.0973566613289361 -11.852563582570108  4.1083565163945392 -11.842561051878942  4.1192009791783919 -11.831960843218743  4.1298885532095033 -11.820804999439927  4.1404194440123598 -11.809133350685588  4.1507953438163607 -11.796982656002742  4.2019636491037282 -11.733937797661003  4.2403328529240225 -11.676503714133849  4.2765678998282919 -11.61401445069227  4.3109148126640706 -11.547786576782789  4.3436096239215694 -11.478821933584371  4.3748615833346047 -11.407760392519823  4.4048958601237498 -11.334950929358705  4.4416438201152371 -11.240709124835689  4.4492607438045066 -11.220879982162806  4.4568061092375313 -11.200951996327365  4.4642825709023626 -11.180930441730538  4.471692643931835 -11.160820192094841  4.4790387041035613 -11.140625720464142  4.4863229878399355 -11.120351099203669  4.4935475922081309 -11.099999999999996 
 0 9 0.29504549690202947 7 0.38681568834371499 7 0.42632879662076539 7 0.50008007588558334 7 0.56451424905936265 7 0.59708707325737054 7 0.66352118177166708 7 0.92957564477922316 7 1 9
7 0 0  8 65 10  7.2030511958713204 -4.9835069492158811e-15  7.1975015245243252 0.10776300864252211  7.1915604927094288 0.21355601844786992  7.1851700716947642 0.31736054648484757  7.1782657208677358 0.41879905835090053  7.1707804256195793 0.5171683929979729  7.1626314353280698 0.61130854700631976  7.1537327836570199 0.69969682600747385  7.1408816315983108 0.80485835791602822  7.137748130589733 0.82899354069494613  7.1345266525611013 0.85223584863903379  7.1312145939006983 0.87449015630905402  7.127810210871802 0.89564602285433581  7.1243128067316102 0.91557962387645464  7.1207229935012579 0.9341567869776175  7.1154585611679879 0.95859134342281505  7.1138574918558248 0.96566754976114255  7.1122400685731852 0.97245434828042132  7.1106066259012666 0.97894004860436157  7.1089575924760746 0.98511283439189823  7.1072934985847578 0.99096092602039809  7.1056149837619387 0.99647274326886659  7.1007643488972638 1.0112762883043189  7.0975576113917516 1.01970692881614  7.0943082996950642 1.026852958574223  7.0910230521287669 1.0326461820113435  7.0877094705630324 1.0370299973115071  7.0843761534692264 1.0399631547660122  7.0810327289724873 1.0414235151295077  7.0747693527973174 1.0414015798042808  7.071848567317212 1.0402677539185226  7.068934550140483 1.0380100587725494  7.0660337591558458 1.034641402370641  7.0631521016122623 1.0301860734241302  7.060294944266956 1.0246779425079446  7.0574671235334225 1.0181586632171495  7.0532604452264565 1.0068931662953493  7.0518564432966642 1.0028639116198315  7.050461444830268 0.99859420468880389  7.049075894207455 0.99409026485689678  7.0477001851983978 0.98935843544150259  7.0463346609632547 0.98440518372277652  7.0449796140521705 0.9792371009436357  7.0408934544956585 0.96289584256344396  7.0381963395696863 0.95106514245318274  7.0355458404803208 0.93842427263564732  7.032943198940842 0.92502807702781198  7.0303890728294771 0.91092968800338747  7.0278836094940376 0.89617944158925911  7.025426519056551 0.8808237926619219  7.013368128380856 0.80114977099991591  7.0045167292127832 0.72856646229800448  6.9963597043883832 0.64959458322627039  6.9888294865342644 0.56589797101500916  6.9818572084591235 0.47874271964981796  6.975380716406451 0.38893747761969127  6.9693378126706413 0.29692326904381822  6.9621687935501431 0.17782357126462492  6.9606957023638838 0.1527641519176183  6.9592491730476489 0.12757981782765307  6.9578284355237914 0.10227723460972006  6.956432758190128 0.076862561514292105  6.9550614479199435 0.051341451427324165  6.9537138500619857 0.025719050870253269  6.9523893484404686 -1.4056045241378135e-15 
 0 9 0.29504549690202947 7 0.38681568834371499 7 0.42632879662076539 7 0.50008007588558334 7 0.56451424905936265 7 0.59708707325737054 7 0.66352118177166708 7 0.92957564477922316 7 1 9
1 3.3787076449240705 -10.5 0 -1 
1 7.2030511958713195 0 0 1 
1 6.2831853071795862 0 1 0 
1 0 1.5707963267948966 0 1 
1 0 1.1999999999999993 1 0 
1 0 3.1415926535897931 1 0 
1 0 1.3500000000000014 1 0 
1 1.5707963267948966 0 0 1 
1 -1.5707963267948966 0 1 0 
7 0 0  6 7 2  0 0.35000000000000148  0.26179938779915063 0.25837021427029877  0.52359764891982019 0.16674732632263525  0.78539828063453887 0.086384399367619963  1.0471984818559668 0.028779617934268253  1.3089969389957516 6.3960799228808538e-18  1.5707963267948966 1.3877787807814457e-17 
 1.5707963267948966 7 3.1415926535897931 7
7 0 0  7 8 2  0 0.34999999999999964  0.22439947525641379 0.27146018366025482  0.44879895051282936 0.19292068623835557  0.67319842576930977 0.12083861097917971  0.89759790102564818 0.061683123381205587  1.1219973762820263 0.020562035413486068  1.3463968515384828 -9.6183534686089489e-18  1.5707963267948966 0 
 1.5707963267948966 8 3.1415926535897931 8
1 1.5707963267948966 0 0 1 
1 1.5707963267948966 0 0 1 
1 0 7 1 0 
1 0 4.7123889803846897 0 1 
1 0 6.2831853071795862 1 0 
1 1.5707963267948966 0.35000000000000142 -1 -0 
1 1.5707963267948966 0 0 1 
1 -4.7123889803846897 0 1 0 
1 1.5707963267948966 0 0 1 
1 0 24.799999999999997 1 0 
1 0 4.7123889803846897 0 1 
1 0 6.2831853071795862 1 0 
1 0 0.35000000000000142 1 0 
1 1.5707963267948966 0 0 1 
1 -4.7123889803846897 0 1 0 
1 1.5707963267948966 0 0 1 
7 0 0  6 7 2  -3.8022672223029794e-16 6.6499999999999941  0.26179938779915879 6.7416297857297085  0.52359764891982263 6.8332526736774035  0.78539828063479722 6.9136156006322214  1.0471984818559514 6.9712203820657521  1.3089969389957321 6.9999999999999849  1.5707963267948966 7.0000000000000009 
 4.7123889803846897 7 6.2831853071795862 7
7 0 0  6 7 2  -2.692044197676928e-16 0.35000000000000114  0.26179938779915507 0.25837021427029688  0.52359764891980787 0.16674732632263839  0.78539828063455819 0.086384399367613746  1.047198481855947 0.028779617934269301  1.3089969389957601 -2.0085666861345923e-16  1.5707963267948966 0 
 4.7123889803846897 7 6.2831853071795862 7
1 1.5707963267948966 0 0 1 
1 0 0 0 1 
1 0 2.3499999999999979 1 0 
1 0 3.1415926535897931 1 0 
1 1.5707963267948966 0 0 1 
1 1.5707963267948966 0 0 1 
1 1.5707963267948966 0 0 1 
1 0 0 0 1 
1 1.5707963267948966 2.3499999999999979 -1 -0 
1 0 3.1415926535897931 1 0 
1 1.5707963267948966 0 0 1 
7 0 0  7 8 2  1.5707963267948966 1.1999999999999993  1.3463968515384828 1.1999999999999993  1.1219973762820687 1.1794379645863451  0.89759790102575121 1.1383168766193474  0.6731984257691529 1.0791613890205327  0.4487989505128645 1.0070793137618068  0.22439947525641379 0.9285398163397427  0 0.84999999999999787 
 3.1415926535897931 8 4.7123889803846897 8
7 0 0  6 7 2  1.1102230246251565e-16 2.7755575615628914e-17  0.26179938779914469 7.366269100184602e-16  0.52359784493893957 0.028779617934245195  0.78539804616035647 0.086384399367660597  1.0471986778750415 0.16674732632260614  1.3089969389957639 0.25837021427030415  1.5707963267948963 0.3499999999999997 
 3.1415926535897931 7 4.7123889803846897 7
1 0 0 0 1 
1 0 7 1 0 
1 -4.4408920985006262e-16 0 0 1 
1 0 0 1 0 
1 1.5707963267948961 0.35000000000000142 -1 -0 
1 1.5707963267948961 0 0 1 
1 0 0 1 0 
1 0 0 0 1 
1 0 24.799999999999997 1 0 
1 0 0 0 1 
1 0 0 1 0 
1 0 0.35000000000000142 1 0 
1 1.5707963267948966 0 0 1 
1 0 0 1 0 
1 0 0 0 1 
7 0 0  6 7 2  -2.2204460492503131e-16 7.0000000000000009  0.26179938779914946 7.0000000000000266  0.52359784493895356 6.971220382065626  0.78539804616010522 6.9136156006323661  1.0471986778750164 6.8332526736772987  1.3089969389957721 6.7416297857297289  1.5707963267948966 6.6500000000000012 
 0 7 1.5707963267948966 7
7 0 0  6 7 2  1.5707963267948966 1.1999999999999991  1.3089969389957483 1.2000000000000006  1.0471984818559736 1.171220382065715  0.78539828063458161 1.1136156006323557  0.52359764891983873 1.0332526736773688  0.26179938779914136 0.94162978572969869  0 0.84999999999999765 
 0 7 1.5707963267948966 7
1 -1.5707963267948966 0 1 0 
1 1.5707963267948966 0 0 1 
1 1.5707963267948966 0 0 1 
1 0 1.5707963267948966 0 1 
1 0 9.1000000000000014 1 0 
1 0 3.1415926535897931 1 0 
1 1.5707963267948966 1.3500000000000014 -1 -0 
1 1.1278852827212511 0 0 1 
1 1.5707963267948966 0 0 1 
7 0 0  10 29 4  0.70623253850966516 1.1227287485647472  0.72674517140647077 1.1298066801908138  0.74731451137594374 1.1367751514936968  0.76794392229061403 1.1436229857044435  0.788636712792399 1.1503386708663523  0.80939613176409719 1.1569103911388108  0.83022536380088374 1.163326058101134  0.85112752468180697 1.1695733420564007  0.87210565684128161 1.1756397033352954  0.89316272484058479 1.1815124235999401  0.94600993983749937 1.1956779574694327  0.977892824049307 1.203710208761259  1.0100843391305883 1.2112646401353344  1.0422835694072219 1.2182113487340072  1.0748771685551775 1.2246142105320383  1.1074375646378551 1.2303120619826839  1.1402541820018615 1.2353500991798463  1.1731486527501904 1.2396467119129981  1.2061582709907317 1.2431882819938387  1.2723410451927775 1.2487093831549432  1.3055154459528542 1.2506895070578599  1.3387513554371588 1.2518660621684041  1.3720254856853229 1.2522238628264843  1.4053121792454755 1.2517561119628213  1.4385828227082871 1.2504648332351174  1.4718052602410143 1.2483613031642222  1.5049432071215381 1.245466483270304  1.5379556632724107 1.2418114522090133  1.5707963267948963 1.2374378379076538 
 0.46693808682009874 11 0.600203565115074 9 0.80010178255753617 9 1 11
1 1.5707963267948966 0 0 1 
1 1.5707963267948966 0 0 1 
1 1.5707963267948966 0 0 1 
1 1.5707963267948966 0 0 1 
1 1.5707963267948966 0 0 1 
7 0 0  10 20 3  1.5707963267948981 1.174768285910595  1.5112800471165893 1.1803484357397767  1.4513863152523174 1.1836799943341847  1.391345843858534 1.1846014380836964  1.3313367656350954 1.1830433829855824  1.2714981371143708 1.1790289737480042  1.2119403346306294 1.1726638575203392  1.1527528824189095 1.1641195210239115  1.0940102527925859 1.1536137698567495  1.0357761783488419 1.1413921287459685  0.92043785395368749 1.1140357542967878  0.86331371676495783 1.098896179010953  0.80662945969131028 1.0825135151069352  0.75049523640353921 1.0651591515906229  0.69458194074841095 1.0469901700389479  0.63915627123904062 1.0282981258603228  0.58388387598971403 1.009212498703512  0.52885214826947158 0.98995058644304013  0.47392604447114334 0.97066058950535472  0.41903299420594664 0.95149446100942559 
 0 11 0.3623024892163712 9 0.72460497843274374 11
1 0 2.0303940504246967 1 0 
1 0 0 1 0 
1 6.2831853071795862 0 0 1 
1 0 0 0 1 
1 6.2831853071795862 0 0 1 
1 0 0 0 1 
1 0 1.5707963267948966 1 0 
1 6.2831853071795862 0 0 1 
1 0 0 0 1 
1 0 1.5707963267948966 1 0 
1 1.5707963267948966 1.9500000000000002 -1 -0 
1 0 6.2831853071795862 1 0 
1 0 1.9500000000000002 -0 -1 
1 0 0 0 1 
1 1.5707963267948966 0 0 1 
1 6.2831853071795862 0.69999999999999929 -1 0 
1 0 0.69999999999999929 1 0 
1 0 0.8381527307120078 1 0 
1 0 0 1 0 
1 6.2831853071795862 0 0 1 
1 0 0 0 1 
1 6.2831853071795862 0 0 1 
1 0 0 0 1 
1 0 1.5707963267948966 1 0 
1 6.2831853071795862 0 0 1 
1 0 0 0 1 
1 0 1.5707963267948966 1 0 
1 0 0 0 1 
1 0 2.3499999999999979 1 0 
1 0 3.1415926535897931 1 0 
1 1.5707963267948966 0 0 1 
1 1.5707963267948966 0 0 1 
1 1.5707963267948966 0 0 1 
1 1.5707963267948966 0 0 1 
1 0 0 0 1 
1 1.5707963267948966 1.3499999999999979 -1 -0 
1 0 6.2831853071795862 1 0 
1 0 0 0 1 
1 1.5707963267948966 0 0 1 
1 0 1.3499999999999979 1 0 
1 0 6.2831853071795862 1 0 
1 1.5707963267948966 0 0 1 
1 1.5707963267948966 0 0 1 
1 1.5707963267948966 0 0 1 
1 0 1.5707963267948966 0 1 
1 0 1.1999999999999993 1 0 
1 0 1.5707963267948966 1 0 
1 1.5707963267948966 0 0 1 
1 -1.5707963267948966 0 1 0 
1 0 0 0 1 
1 0 9.1000000000000014 1 0 
1 0 1.5707963267948966 0 1 
1 1.5707963267948966 0 0 1 
1 0 1.5707963267948966 1 0 
1 1.5707963267948966 0 0 1 
1 -1.5707963267948966 0 1 0 
1 0 0 0 1 
1 1.5707963267948966 0 0 1 
1 0 0 0 1 
1 1.5707963267948961 1.3499999999999979 -1 -0 
1 0 0 1 0 
1 0 0 0 1 
1 0 0 0 1 
1 0 1.3499999999999979 1 0 
1 0 0 1 0 
1 1.5707963267948966 0 0 1 
1 0 0 0 1 
1 1.5707963267948966 0 0 1 
1 0 0 0 1 
1 1.5707963267948966 2.3499999999999979 -1 -0 
1 0 3.1415926535897931 1 0 
1 1.5707963267948966 0 0 1 
1 1.5707963267948966 0 0 1 
1 0 0.81666892261899893 0 1 
1 0 1.9500000000000002 1 0 
1 0 6.2831853071795862 1 0 
1 0 0 0 1 
1 1.5707963267948966 0 0 1 
1 0 0.8381527307120078 1 0 
1 0 0 1 0 
1 6.2831853071795862 0 0 1 
1 0 0 0 1 
1 6.2831853071795862 -0.10000000000000001 -1 0 
1 6.2831853071795862 -0.10000000000000001 -1 0 
1 0 1.9500000000000002 1 0 
1 0 6.2831853071795862 1 0 
1 1.5707963267948966 0 0 1 
1 0 0 0 1 
1 -4.7123889803846897 0 1 0 
1 1.5707963267948966 0 0 1 
1 0 3.4000000000000012 1 0 
1 0 4.7123889803846897 0 1 
1 1.5707963267948966 0 0 1 
1 1.5707963267948966 0 0 1 
1 1.5707963267948963 1.9500000000000002 -1 -0 
1 0 6.2831853071795862 1 0 
1 0 7.4000000000000021 1 0 
1 0 0 1 0 
1 6.2831853071795862 0 0 1 
1 0 0 0 1 
1 6.2831853071795862 -0.10000000000000001 -1 0 
1 6.2831853071795862 -0.10000000000000001 -1 0 
1 0 1.5707963267948966 0 1 
1 0 1.1999999999999993 1 0 
1 0 1.5707963267948966 1 0 
1 1.5707963267948966 0 0 1 
1 -1.5707963267948966 0 1 0 
7 0 0  6 7 2  0 0.35000000000000142  0.26179938779915041 0.25837021427029822  0.52359764891982064 0.16674732632263525  0.78539828063452866 0.086384399367618839  1.0471984818559699 0.028779617934267122  1.3089969389957525 -2.4785574557799662e-17  1.5707963267948963 2.7755575615628914e-17 
 1.5707963267948966 7 3.1415926535897931 7
7 0 0  7 8 2  0 0.34999999999999964  0.22439947525641379 0.27146018366025482  0.44879895051279112 0.19292068623836126  0.67319842576932298 0.12083861097917219  0.89759790102538872 0.061683123381227521  1.1219973762821431 0.020562035413480055  1.3463968515384828 9.6183534686089489e-18  1.5707963267948966 0 
 1.5707963267948966 8 3.1415926535897931 8
1 0 0 0 1 
1 0 0 0 1 
1 0 7 1 0 
1 0 4.7123889803846897 0 1 
1 0 4.7123889803846897 1 0 
1 1.5707963267948966 0 0 1 
1 -4.7123889803846897 0 1 0 
1 0 0 0 1 
1 0 24.799999999999997 1 0 
1 0 4.7123889803846897 0 1 
1 0 4.7123889803846897 1 0 
1 1.5707963267948966 0 0 1 
1 -4.7123889803846897 0 1 0 
1 0 0 0 1 
7 0 0  6 7 2  -2.6920441976783839e-16 6.6499999999999932  0.26179938779913836 6.7416297857297049  0.52359764892003346 6.833252673677281  0.78539828063449135 6.9136156006324558  1.0471984818561022 6.971220382065586  1.3089969389957588 6.9999999999999885  1.5707963267948966 7.0000000000000018 
 4.7123889803846897 7 6.2831853071795862 7
7 0 0  6 7 2  -3.8022672223020594e-16 0.3500000000000012  0.26179938779915579 0.25837021427029683  0.52359764891980864 0.16674732632263534  0.78539828063455841 0.086384399367619547  1.0471984818559466 0.028779617934268014  1.3089969389957601 -1.3198814661717365e-16  1.5707963267948966 -2.7755575615628914e-17 
 4.7123889803846897 7 6.2831853071795862 7
1 0 0 0 1 
1 1.5707963267948966 0 0 1 
1 0 0 0 1 
1 0 1.5707963267948966 1 0 
1 1.5707963267948966 0 0 1 
1 0 1.5707963267948966 1 0 
1 1.5707963267948966 0 0 1 
1 0 0 0 1 
1 0 1.5707963267948966 1 0 
1 0 0 0 1 
7 0 0  7 8 2  1.5707963267948966 1.1999999999999993  1.3463968515384828 1.1999999999999993  1.1219973762821041 1.179437964586548  0.89759790102554937 1.138316876618614  0.67319842576962086 1.0791613890211524  0.44879895051272917 1.007079313761541  0.22439947525641379 0.9285398163397427  0 0.84999999999999787 
 3.1415926535897931 8 4.7123889803846897 8
7 0 0  6 7 2  1.1102230246251565e-16 4.163336342344337e-17  0.26179938779914524 4.1520957282830761e-16  0.52359784493892281 0.028779617934239027  0.78539804616038378 0.086384399367666398  1.047198677875032 0.16674732632260403  1.3089969389957679 0.25837021427030343  1.5707963267948968 0.34999999999999976 
 3.1415926535897931 7 4.7123889803846897 7
1 0 7 1 0 
1 -4.4408920985006262e-16 0 0 1 
1 1.5707963267948961 0 0 1 
1 0 0 1 0 
1 0 24.799999999999997 1 0 
1 0 0 0 1 
1 1.5707963267948966 0 0 1 
1 0 0 1 0 
7 0 0  6 7 2  0 7.0000000000000018  0.26179938779915074 7.0000000000000142  0.5235978449387767 6.9712203820654954  0.78539804616037767 6.9136156006325686  1.0471986778748636 6.8332526736771912  1.3089969389957561 6.7416297857297307  1.5707963267948966 6.6500000000000021 
 0 7 1.5707963267948966 7
7 0 0  6 7 2  1.5707963267948966 1.1999999999999993  1.3089969389957479 1.1999999999999993  1.0471984818559574 1.1712203820657485  0.78539828063457262 1.1136156006323383  0.52359764891982241 1.0332526736773828  0.26179938779913875 0.94162978572969636  -1.1102230246251565e-16 0.84999999999999787 
 0 7 1.5707963267948966 7
1 -1.5707963267948966 0 1 0 
1 1.5707963267948966 0 0 1 
1 0 1.5707963267948966 0 1 
1 0 9.1000000000000014 1 0 
1 0 4.7123889803846897 0 1 
1 0 3.6999999999999997 1 0 
1 0 4.7123889803846897 1 0 
1 -4.7123889803846897 0 1 0 
1 1.5707963267948966 0 0 1 
1 0 0 0 1 
1 0 0 0 1 
1 -4.7123889803846897 3.4000000000000004 1 0 
1 0 4.7123889803846897 1 0 
1 0 0 0 1 
1 -4.7123889803846897 -8.8817841970012523e-16 1 0 
1 1.5707963267948963 0 0 1 
1 0 7.4000000000000021 1 0 
1 0 0 1 0 
1 6.2831853071795862 0 0 1 
1 0 0 0 1 
1 0 0 0 -1 
1 6.2831853071795862 0 0 -1 
1 0 -3.1000000000000001 1 0 
1 0 0 0 -1 
1 6.2831853071795862 0 0 -1 
1 0 -3.1000000000000001 1 0 
1 0 4.7123889803846897 1 0 
1 1.5707963267948966 0 0 1 
1 -4.7123889803846897 0 1 0 
1 0 0 0 1 
1 0 4.7123889803846897 1 0 
1 0 3.6999999999999997 1 0 
1 -2.2204460492503131e-16 4.7123889803846897 0 1 
1 0 0.78262379212492561 1 0 
1 6.2831853071795862 0 0 1 
1 0 0 0 1 
1 0 0 0 -1 
1 6.2831853071795862 0 0 -1 
1 0 -3.1000000000000001 1 0 
1 0 0 0 -1 
1 6.2831853071795862 0 0 -1 
1 0 -3.1000000000000001 1 0 
1 0 0.78262379212492561 1 0 
1 6.2831853071795862 0 0 1 
1 0 0 0 1 
1 0 0.19999999999999929 1 0 
1 0 0.19999999999999929 1 0 
1 0 0.5 1 0 
1 6.2831853071795862 -0 0 1 
1 0 -0 0 1 
1 0.87266462599716454 4.5968559888243376e-16 0 1 
1 9.4247779607693793 1.8050510257216814 -1 0 
1 15.707963267948966 1.3694384060045957 -1 0 
1 2.4434609527920621 3.8572201647975713e-16 0 1 
1 6.2831853071795862 -0 0 1 
1 0 -0 0 1 
1 9.4247779607693793 1.8050510257216814 -1 0 
1 15.707963267948966 1.3694384060045957 -1 0 
1 1.2217304763960306 0 0 1 
1 0 0.50000000000000355 1 0 
1 5.4105206811824216 0 0 1 
1 9.4247779607693793 1.3694384060045957 -1 0 
1 0 0 1 0 
1 7.15584993317675 6.2831853071795862 -0 -1 
1 4.7123889803846897 0 0 -1 
1 5.2883476335428181 0.64350110879329503 1 -0 
1 5.2883476335428181 6.2831853071795862 -0 -1 
1 11.030480872604162 0 -1 -0 
1 11.030480872604162 0.25 -1 -0 
1 11.030480872604162 -3.1415926535897931 0 1 
1 12.566370614359172 0.64350110879329503 -1 0 
1 8.7266462599716483 -3.1415926535897931 0 1 
1 0 0 0 -1 
1 5.4105206811824216 9.3296232319758837e-17 0 1 
1 6.2831853071795862 0.64350110879327727 -1 0 
1 3.5779249665883754 4.3221851599487373e-18 0 1 
1 9.1804318654901742 0 -1 -0 
1 9.1804318654901742 0.25 -1 -0 
1 9.1804318654901742 3.1415926535897931 -0 -1 
1 12.566370614359172 0.64350110879327727 -1 0 
1 7.5049157835756173 3.1415926535897931 -0 -1 
1 4.1887902047863914 0 0 -1 
1 0 0 1 0 
1 0 0 0 -1 
1 0 -1.3999999999999986 1 0 
1 2.8448866807507578 0 0 1 
1 6.2831853071795862 -0.5 -1 0 
1 2.3038346126325151 0 0 1 
1 5.2883476335428181 -5.2380836555246288e-16 0 1 
1 5.2883476335428181 2.322328165695795e-16 0 1 
1 0.54105206811824258 0 0 -1 
1 11.030480872604162 1.3999999999999986 -1 -0 
1 11.030480872604162 0 -1 -0 
1 11.030480872604162 -6.2418939647714254e-16 0 1 
1 0 0 0 -1 
1 11.030480872604162 3.1415926535897931 -0 -1 
1 0 -1.3999999999999986 1 0 
1 0 0 0 -1 
1 3.5779249665883754 6.2831853071795862 -0 -1 
1 3.577924966588375 0 0 1 
1 1.8325957145940464 0 0 1 
1 9.1804318654901742 1.3999999999999986 -1 -0 
1 9.1804318654901742 0 -1 -0 
1 9.1804318654901742 0 0 1 
1 2.5132741228718349 0 0 1 
1 9.1804318654901742 -3.1415926535897931 0 1 
1 0.68067840827778769 0 0 -1 
1 -8.2482144560743039e-18 -0.5 1 0 
1 0 0 1 0 
1 5.288347633542827 1.5707963267948966 1 0 
1 0 -2.4499999999999993 1 0 
1 0 7.5 1 0 
1 0 0 1 0 
1 0 -2.4499999999999993 1 0 
1 3.5779249665883777 1.5707963267948966 1 0 
1 0 7.5 1 0 
1 6.2831853071795862 -0 0 1 
1 0 -0 0 1 
1 0 0 1 0 
1 6.2831853071795862 -0 0 1 
1 0 -0 0 1 
1 0 0 1 0 
Curves 472
8 0 5.8828258763482051
2 -44.70000000000001 -54.239999999999995 172.66500009999999 -1.2246467991473532e-16 -1 1.1102230246251565e-16 0.54474218170974931 2.6392022795132625e-17 0.83860357468001678 -0.83860357468001678 1.6317784961041154e-16 0.54474218170974931 15.5
7 0 0  7 110 19  -50.800000000000011 -54.289999999999978 186.91421060444549  -50.800000000000011 -54.916561973130101 186.91421060444549  -50.724916321068292 -55.540984943831049 186.94635361486601  -50.57567258270673 -56.157693697721001 187.01024301353209  -50.35136902830839 -56.760943107806739 187.10332012321155  -50.049837551058992 -57.343614172144484 187.22079669147558  -49.667890600033388 -57.896442590916465 187.35536823953731  -49.113615600675395 -58.502746511212095 187.52361938796543  -49.021947042447678 -58.59813435280445 187.55077138041918  -48.927151775084582 -58.691926783391054 187.57811904071866  -48.829190206541021 -58.784027676414453 187.60559003030198  -48.728023377368004 -58.874330897922945 187.63310675277083  -48.62361296071262 -58.962720306570489 187.66058635389027  -48.382911889108684 -59.155719439709529 187.72172593768627  -48.244872468689834 -59.259277140481274 187.75532626095605  -48.101756259241583 -59.359480363446167 187.78856830243785  -47.953527513756178 -59.456044849776234 187.82126499906229  -47.800161736531422 -59.548664271713889 187.85321657130123  -47.641645939664109 -59.637009929984586 187.88421148081758  -47.273936097038437 -59.825104366478129 187.95119871644044  -47.061592442232666 -59.922439742450948 187.98659127471305  -46.841384027022265 -60.011773206793649 188.01967726448345  -46.613808281535427 -60.092213794349348 188.04993792656958  -46.379423578472213 -60.162937963127931 188.0768789212824  -46.138848837444378 -60.223184610295633 188.10004570865098  -45.557345471239543 -60.339126900330271 188.14492690653537  -45.211958911072337 -60.385178289964117 188.16304040088343  -44.860523604563241 -60.408252449504815 188.17222279987141  -44.507141372017848 -60.407309036073983 188.17184748432658  -44.155973042502701 -60.382375528400971 188.16193107987061  -43.81111590033359 -60.33454790279238 188.14313201383683  -43.24205829426829 -60.218040454817398 188.09807188313718  -43.012719692243905 -60.159907900766783 188.07573670871167  -42.789054587788861 -60.092255296342742 188.04998037890073  -42.571602070954157 -60.015748429802031 188.02119977797295  -42.360850826906884 -59.931105512558062 187.98982489953141  -42.157238801010244 -59.839101144429364 187.9563065967983  -41.79302132328533 -59.656086167143982 187.89092057291208  -41.630250575459094 -59.566717524555642 187.85946779502132  -41.472843837039626 -59.47284187967314 187.82698420605789  -41.320791156433245 -59.374812440897657 187.79369657672967  -41.174069705479162 -59.272958452719237 187.75981911092143  -41.0326440710908 -59.16758555195436 187.72555231499425  -40.787441766102077 -58.972022574586489 187.66348455945698  -40.681762883809739 -58.882980017423776 187.63575222836127  -40.579391334070486 -58.791978973452601 187.60797588521288  -40.480287824496045 -58.699139517760486 187.58024106112265  -40.384412336259388 -58.604571279565434 187.55262780689722  -40.291724124094756 -58.508373442215955 187.5252106930391  -39.777117097848034 -57.946661707052115 187.36916675517932  -39.421845343767544 -57.44676731251171 187.24592030254024  -39.133650138295543 -56.921221519530448 187.13610129707496  -38.909990042911829 -56.377273586389933 187.04539375352294  -38.749003654945327 -55.820378363923865 186.9777141660114  -38.649810412015334 -55.255007141682356 186.93548797119237  -38.609120782146398 -54.628295343319778 186.91811226894001  -38.606047045997983 -54.57134895348598 186.91679836901218  -38.60359491893847 -54.514380387450345 186.91574939343047  -38.601764304440884 -54.457395246155485 186.91496589929309  -38.600555138866326 -54.400399137479482 186.91444825593609  -38.599967391463977 -54.343397676236052 186.91419664493327  -38.600001652309317 -54.285401227709585 186.9142113117889  -38.600002429694243 -54.284405971321959 186.91421164458254  -38.600003396525892 -54.283410715041398 186.91421205847706  -38.600004552804279 -54.282415458897745 186.91421255347245  -38.600005898529417 -54.28142020292087 186.91421312956862  -38.600007433701322 -54.280424947140617 186.91421378676543  -38.600010882937617 -54.278434436643877 186.91421526335981  -38.600012797001789 -54.277439181927392 186.91421608275726  -38.600014900512527 -54.276443927467241 186.91421698325507  -38.600017193469846 -54.275448673293269 186.91421796485312  -38.600019675873789 -54.274453419435318 186.9142190275513  -38.600022347724362 -54.273458165923287 186.9142201713494  -38.600028070315936 -54.271467660664129 186.91422262114395  -38.600031121056546 -54.270472408916973 186.91422392714017  -38.600034361243466 -54.269477157575452 186.91422531423586  -38.600037790876733 -54.268481906669351 186.91422678243077  -38.60004140995639 -54.26748665622857 186.9142283317247  -38.600045218482457 -54.266491406282952 186.91422996211745  -38.600052973455959 -54.264560894549263 186.91423328194253  -38.600056897754456 -54.263625632699828 186.91423496189336  -38.600060989350496 -54.262690371338763 186.91423671346098  -38.600065248244135 -54.26175511049091 186.91423853664514  -38.600069674435396 -54.260819850180994 186.91424043144565  -38.600074267924327 -54.259884590433828 186.91424239786227  -38.600082200378665 -54.258326255410779 186.91424579364548  -38.600085446298316 -54.257703179808189 186.91424718318157  -38.600088766469938 -54.257080104473673 186.91424860450294  -38.600092160893539 -54.256457029414534 186.91425005760951  -38.600095629569147 -54.255833954638135 186.9142515425012  -38.600099172496769 -54.255210880151779 186.9142530591779  -38.600106406851424 -54.253964732575909 186.91425615609921  -38.600110098278257 -54.253341659486367 186.9142577363437  -38.600113863956949 -54.252718586701562 186.91425934837298  -38.600117703887513 -54.25209551422877 186.91426099218694  -38.600121618069956 -54.251472442075325 186.91426266778549  -38.600125606504307 -54.250849370248559 186.91426437516853  -38.600133731870955 -54.249603228163906 186.91426785350089  -38.600137868803053 -54.24898015790599 186.91426962445013  -38.60014207998686 -54.248357087989419 186.91427142718354  -38.600146365422411 -54.247734018421497 186.91427326170106  -38.600150725109714 -54.247110949209585 186.9142751280026  -38.600155159048796 -54.246487880360959 186.914277026088  -38.600165729967571 -54.245026893799675 186.91428155129364  -38.600171926983883 -54.244188976386695 186.91428420411273  -38.600178258288636 -54.243351059661833 186.91428691441428  -38.600184723881888 -54.242513143642938 186.91428968219802  -38.600191323763667 -54.241675228347773 186.91429250746361  -38.600198057934044 -54.240837313794188 186.91429539021078  -38.600204926393062 -54.239999400000002 186.91429833043927 
 0 8 0.26030394580524807 6 0.30981782512716471 6 0.37097212162308724 6 0.44721284811907203 6 0.55112983755205835 6 0.62392721503488036 6 0.68634645534228533 6 0.73631978267507303 6 0.97354696740195568 6 0.99724441481975878 6 0.99765817875853935 6 0.99807194244337694 6 0.99848570570690831 6 0.99887453003466808 6 0.99913356738406933 6 0.99939260440002642 6 0.99965164104146265 6 1 8
7 0 0  4 29 10  -50.799795073606965 -54.239999400000002 186.91429833043927  -50.799806280468637 -54.241366574786738 186.91429353304093  -50.799817078747004 -54.242733751883961 186.91428891053377  -50.799827468442416 -54.244100931165335 186.91428446291988  -50.799847787157638 -54.246884124669847 186.91427576487624  -50.799857686470013 -54.248300139042598 186.91427152716284  -50.799867147492677 -54.249716155482403 186.91426747706313  -50.799885192975779 -54.252548194813457 186.91425975208756  -50.799893777434612 -54.253964217704706 186.91425607721243  -50.799901923602754 -54.255380242382259 186.91425258995531  -50.799917339370282 -54.258212297248619 186.91424599067506  -50.799924608968283 -54.259628327437483 186.91424287865252  -50.799931440274761 -54.261044359131844 186.91423995425171  -50.799944226313414 -54.263876427091716 186.91423448069264  -50.799950181044444 -54.265292463357227 186.91423193153489  -50.799955697483256 -54.266708500847486 186.91422957000194  -50.799965678673246 -54.269491750471971 186.91422529714796  -50.799970173129473 -54.270858962532728 186.91422337311067  -50.799974258998873 -54.272226175477996 186.91422162398391  -50.799981744898616 -54.27500943301915 186.91421841932967  -50.799985115222384 -54.276425477670202 186.91421697651921  -50.799988047252967 -54.277841522994109 186.91421572133783  -50.799993034729219 -54.280673615425016 186.91421358623361  -50.799995090174448 -54.282089662532016 186.91421270631099  -50.799996707326201 -54.283505710031122 186.91421201401863  -50.799998943092298 -54.286191318134129 186.91421105690122  -50.799999647697447 -54.287460878688634 186.91421075526404  -50.800000000000011 -54.28873043934432 186.91421060444549  -50.800000000000011 -54.289999999999978 186.91421060444549 
 0 5 0.10937436042294066 3 0.22265518170152826 3 0.33593621083342473 3 0.44921741752684197 3 0.56249877149059313 3 0.67187398319862768 3 0.785155538347175 3 0.89843715094089383 3 1 5
8 0 5.8828258763482051
2 -44.70000000000001 -54.239999999999995 172.66500009999999 -1.2246467991473532e-16 -1 1.1102230246251565e-16 0.54474218170974931 2.6392022795132625e-17 0.83860357468001678 -0.83860357468001678 1.6317784961041154e-16 0.54474218170974931 15.5
7 0 0  2 5 4  -52.274292793282257 -68.566199999999995 186.18831658234382  -52.274292793282257 -68.153099999999981 186.18831658234382  -52.274292793282257 -60.989999999999995 186.18831658234382  -52.274292793282257 -53.826899999999981 186.18831658234382  -52.274292793282257 -53.413799999999995 186.18831658234382 
 -0.82620000000001026 3 -1.0466698812367707e-14 1 13.499999999999996 1 14.326199999999996 3
2 -44.700000000000017 -67.540000000000006 172.66500009999999 1.2246467991473532e-16 1 -1.1102230246251565e-16 -1 1.2246467991473532e-16 0 1.3596310734468911e-32 1.1102230246251565e-16 1 15.5
7 0 0  8 9 2  -49.592746997948424 -67.540000000000006 187.37251609740983  -49.553614263783842 -67.540000000000006 187.38553437783455  -49.513528385264316 -67.542053700524818 187.39873756133198  -49.47248466723579 -67.545966350903186 187.41211652045027  -49.430460134586063 -67.551514136970312 187.42566729030847  -49.387422895794536 -67.558409583043058 187.4393894702774  -49.343233661581699 -67.566252818375816 187.45331376300933  -49.297669685695197 -67.574528586811809 187.46749719132922  -49.250000000000014 -67.582484513305005 187.48213545066747 
 0 9 1 9
7 0 0  6 12 3  -49.250000600000035 -67.582484413166881 187.4821352664213  -49.170820856591966 -67.595699256110478 187.50644954012995  -49.093882930101657 -67.61122556290151 187.52951955408443  -49.01791632200473 -67.629319667685664 187.55179993734515  -48.943262189263677 -67.650450358194306 187.57318158598605  -48.871889146560129 -67.674979351115169 187.59315561146494  -48.794130921404907 -67.708806419985606 187.6145244630419  -48.781207976810542 -67.71469958600359 187.61806085507968  -48.768562091303622 -67.720760227005101 187.62150719425563  -48.756223843744792 -67.726993819019853 187.6248563407766  -48.74422914546107 -67.733405606035959 187.62809988563745  -48.732619240245896 -67.740000599999988 187.6312281506211 
 0 7 0.8305676697060892 5 1 7
8 0 5.8828258763482051
2 -44.700000000000017 -67.739999999999995 172.66500009999999 1.2246467991473532e-16 1 -1.1102230246251565e-16 0.82850971494834247 -3.9293497762255925e-17 0.55997468892461244 0.55997468892461244 -1.6056017720563365e-16 -0.82850971494834247 15.5
7 0 0  6 12 3  -40.149999400000013 -67.582484413166881 187.48213526642132  -40.229179143408238 -67.595699256110507 187.50644954013001  -40.306117069898264 -67.611225562901481 187.52951955408437  -40.382083677995233 -67.629319667685635 187.55179993734515  -40.456737810736492 -67.650450358194362 187.57318158598608  -40.528110853439834 -67.674979351115141 187.59315561146491  -40.605869078595113 -67.708806419985606 187.6145244630419  -40.618792023189478 -67.71469958600359 187.61806085507968  -40.631437908696398 -67.720760227005101 187.62150719425563  -40.643776156255235 -67.726993819019853 187.6248563407766  -40.65577085453895 -67.733405606035959 187.62809988563745  -40.667380759754124 -67.740000599999988 187.6312281506211 
 0 7 0.83056766970620133 5 1 7
7 0 0  8 9 2  -39.807253002051603 -67.540000000000006 187.37251609740983  -39.846385736216156 -67.540000000000006 187.38553437783455  -39.886471614735754 -67.542053700524818 187.39873756133198  -39.927515332764187 -67.545966350903214 187.41211652045033  -39.969539865414035 -67.551514136970283 187.42566729030838  -40.012577104205398 -67.558409583043087 187.43938947027746  -40.056766338418399 -67.566252818375816 187.45331376300933  -40.102330314304808 -67.574528586811809 187.46749719132922  -40.150000000000013 -67.582484513305005 187.48213545066747 
 0 9 1 9
2 -44.700000000000017 -67.540000000000006 172.66500009999999 1.2246467991473532e-16 1 -1.1102230246251565e-16 -1 1.2246467991473532e-16 0 1.3596310734468911e-32 1.1102230246251565e-16 1 15.5
7 0 0  2 5 4  -37.12570720671777 -68.566199999999995 186.18831658234382  -37.12570720671777 -68.153099999999981 186.18831658234382  -37.12570720671777 -60.989999999999995 186.18831658234382  -37.125707206717763 -53.826899999999981 186.18831658234382  -37.125707206717763 -53.413799999999995 186.18831658234382 
 -0.82620000000001081 3 -1.0974171438249413e-14 1 13.499999999999996 1 14.326199999999996 3
8 0 1
7 0 0  6 22 5  -35.998293189117796 -54.239999999999995 158.75610496793297  -36.017692171067274 -54.239999999999995 158.80183820403784  -36.041139878230894 -54.239999999999995 158.84763631049157  -36.068894852036607 -54.239999999999995 158.89293759424112  -36.101109913129662 -54.239999999999995 158.93705404389698  -36.137731725891825 -54.239999999999995 158.97919819772335  -36.219247508237345 -54.239999999999995 159.05807551668204  -36.264149255146812 -54.239999999999995 159.09480375899045  -36.312888159963556 -54.239999999999995 159.12805174814238  -36.364943774289912 -54.239999999999995 159.15709556755209  -36.41955925014291 -54.239999999999995 159.18139386402984  -36.53200611813449 -54.239999999999995 159.21985099765507  -36.589823947662921 -54.239999999999995 159.23405004437973  -36.648520362240092 -54.239999999999995 159.24297345490393  -36.707177034610901 -54.239999999999995 159.24658511503182  -36.764948757306662 -54.239999999999995 159.24513334992838  -36.877758388126082 -54.239999999999995 159.23288148807168  -36.932774156402289 -54.239999999999995 159.22201508243614  -36.98550201271982 -54.239999999999995 159.20684959023984  -37.035409397793806 -54.239999999999995 159.18798155968551  -37.082191552513692 -54.239999999999995 159.16605635983541  -37.125707206717777 -54.239999999999995 159.14168361765613 
 0 7 0.24988776017411629 5 0.49999999948631946 5 0.74911212878364708 5 1 7
8 0 5.8828258763482051
2 -44.70000000000001 -54.239999999999995 172.66500009999999 -1.2246467991473532e-16 -1 1.1102230246251565e-16 0.54474218170974931 2.6392022795132625e-17 0.83860357468001678 -0.83860357468001678 1.6317784961041154e-16 0.54474218170974931 15.5
1 -38.600204921474834 -54.239999999999995 163.16500009999999 -1.1102230246251568e-16 -1.1102230246251564e-16 -1 
8 0 6.0325234597487354
2 -44.70000000000001 -54.239999999999995 172.66500009999999 -1.2246467991473532e-16 -1 1.1102230246251565e-16 0.60592685036917227 1.4115864856761648e-17 0.79552036554804484 -0.79552036554804484 1.6469454098434026e-16 0.60592685036917227 14.6
2 -32.500000000000014 -54.239999999999995 160.24000009999997 1.2246467991473532e-16 1 -1.1102230246251565e-16 -1 1.2246467991473532e-16 0 1.3596310734468911e-32 1.1102230246251565e-16 1 3.4500000000000002
2 -32.500000000000014 -54.239999999999995 160.24000009999997 1.2246467991473532e-16 1 -1.1102230246251565e-16 -1 1.2246467991473532e-16 0 1.3596310734468911e-32 1.1102230246251565e-16 1 3.4500000000000002
8 0 6.0325234597487354
2 -44.70000000000001 -54.239999999999995 172.66500009999999 -1.2246467991473532e-16 -1 1.1102230246251565e-16 0.60592685036917227 1.4115864856761648e-17 0.79552036554804484 -0.79552036554804484 1.6469454098434026e-16 0.60592685036917227 14.6
2 -32.500000000000014 -54.239999999999995 185.09000009999997 1.2246467991473532e-16 1 -1.1102230246251565e-16 -1 1.2246467991473532e-16 0 1.3596310734468911e-32 1.1102230246251565e-16 1 3.4500000000000002
2 -32.500000000000014 -54.239999999999995 185.09000009999997 1.2246467991473532e-16 1 -1.1102230246251565e-16 -1 1.2246467991473532e-16 0 1.3596310734468911e-32 1.1102230246251565e-16 1 3.4500000000000002
8 0 6.0325234597487354
2 -44.70000000000001 -54.239999999999995 172.66500009999999 -1.2246467991473532e-16 -1 1.1102230246251565e-16 0.60592685036917227 1.4115864856761648e-17 0.79552036554804484 -0.79552036554804484 1.6469454098434026e-16 0.60592685036917227 14.6
1 -38.600204921474834 -54.239999999999995 182.16500009999999 2.33486982377251e-16 1.1102230246251563e-16 1 
8 0 1
7 0 0  6 22 5  -37.12570720671777 -54.239999999999995 186.18831658234382  -37.082365017970105 -54.239999999999995 186.16404099666889  -37.035782323463067 -54.239999999999995 186.14219347739447  -36.986098697905824 -54.239999999999995 186.12337640451403  -36.933614649743049 -54.239999999999995 186.10822727978913  -36.878854568566865 -54.239999999999995 186.09733598136802  -36.766108299235121 -54.239999999999995 186.08489681060411  -36.708118977227194 -54.239999999999995 186.08335759273788  -36.64922736314989 -54.239999999999995 186.08691953276562  -36.59028821596668 -54.239999999999995 186.09583622262863  -36.532231386061916 -54.239999999999995 186.11007216010313  -36.419784518070315 -54.239999999999995 186.14852929372836  -36.365380578644675 -54.239999999999995 186.17271039614798  -36.3135127446429 -54.239999999999995 186.20160025830737  -36.264929129023933 -54.239999999999995 186.23466506733226  -36.22014585436537 -54.239999999999995 186.27119091949245  -36.138465276771804 -54.239999999999995 186.34995895976584  -36.101626082932384 -54.239999999999995 186.39224001140573  -36.069228298719004 -54.239999999999995 186.43651870338465  -36.041327633826583 -54.239999999999995 186.48199729791634  -36.017769810276491 -54.239999999999995 186.52797896098144  -35.998293189117796 -54.239999999999995 186.57389523206697 
 0 7 0.24988776017409797 5 0.49999999948634966 5 0.74911212878379718 5 1 7
2 -32.500000000000014 -54.239999999999995 185.09000009999997 -1.2246467991473532e-16 -1 1.1102230246251565e-16 -1 1.2246467991473532e-16 0 -1.3596310734468911e-32 -1.1102230246251565e-16 -1 3.7999999999999998
8 0 1
7 0 0  6 22 5  -30.952429751802978 -54.239999999999995 181.61940557933133  -30.997800882825313 -54.239999999999995 181.59917417169234  -31.043162892685501 -54.239999999999995 181.57489352945581  -31.087949457889057 -54.239999999999995 181.5463154179439  -31.131469889486628 -54.239999999999995 181.51329961377343  -31.172937831795025 -54.239999999999995 181.47591383262019  -31.250312477425183 -54.239999999999995 181.39297036734953  -31.286214116633289 -54.239999999999995 181.34740499715701  -31.318565968940973 -54.239999999999995 181.29806670292618  -31.346653748564659 -54.239999999999995 181.24548907398912  -31.369950022267169 -54.239999999999995 181.19043872389094  -31.406346040094771 -54.239999999999995 181.0773079184749  -31.419486234907655 -54.239999999999995 181.01924028877005  -31.427335620306824 -54.239999999999995 180.96039062021981  -31.429874868339894 -54.239999999999995 180.90167774665787  -31.427367706838378 -54.239999999999995 180.84394219689543  -31.413056566823236 -54.239999999999995 180.73137527370739  -31.401186695050363 -54.239999999999995 180.6765672480673  -31.385060260550556 -54.239999999999995 180.62412530783143  -31.365283443163577 -54.239999999999995 180.57457102289078  -31.342507072939604 -54.239999999999995 180.52819730891272  -31.317343256434487 -54.239999999999995 180.48513427301134 
 0 7 0.24988776017431424 5 0.49999999948649809 5 0.74911212878371303 5 1 7
8 0 5.8828258763482051
2 -44.70000000000001 -54.239999999999995 172.66500009999999 -1.2246467991473532e-16 -1 1.1102230246251565e-16 0.54474218170974931 2.6392022795132625e-17 0.83860357468001678 -0.83860357468001678 1.6317784961041154e-16 0.54474218170974931 15.5
8 0 1
7 0 0  6 22 5  -30.952429751802981 -54.239999999999995 163.71059462066864  -30.997800882825317 -54.239999999999995 163.7308260283076  -31.043162892685508 -54.239999999999995 163.75510667054411  -31.08794945788906 -54.239999999999995 163.7836847820561  -31.131469889486628 -54.239999999999995 163.81670058622649  -31.172937831795032 -54.239999999999995 163.85408636737978  -31.250312477425204 -54.239999999999995 163.93702983265044  -31.286214116633253 -54.239999999999995 163.9825952028429  -31.318565968941019 -54.239999999999995 164.03193349707379  -31.346653748564655 -54.239999999999995 164.08451112601085  -31.369950022267169 -54.239999999999995 164.13956147610901  -31.406346040094782 -54.239999999999995 164.25269228152507  -31.419486234907673 -54.239999999999995 164.31075991122992  -31.42733562030681 -54.239999999999995 164.36960957978008  -31.429874868339908 -54.239999999999995 164.42832245334216  -31.427367706838393 -54.239999999999995 164.48605800310449  -31.41305656682324 -54.239999999999995 164.59862492629262  -31.401186695050416 -54.239999999999995 164.65343295193247  -31.385060260550485 -54.239999999999995 164.70587489216877  -31.365283443163641 -54.239999999999995 164.75542917710902  -31.342507072939597 -54.239999999999995 164.80180289108725  -31.317343256434494 -54.239999999999995 164.8448659269886 
 0 7 0.24988776017419467 5 0.49999999948639284 5 0.74911212878364553 5 1 7
2 -32.500000000000014 -54.239999999999995 160.24000009999997 -1.2246467991473532e-16 -1 1.1102230246251565e-16 -1 1.2246467991473532e-16 0 -1.3596310734468911e-32 -1.1102230246251565e-16 -1 3.7999999999999998
7 0 0  7 50 9  -39.602206359610079 -50.939999999999984 183.69382596679105  -39.630566779982573 -50.896843113249631 183.70693484822232  -39.659559315822698 -50.853652957481373 183.71927512724926  -39.689178274938634 -50.810462727198782 183.73083849899771  -39.719416145219327 -50.767305489643192 183.74161819372355  -39.750263594634447 -50.72421418479361 183.75160897681272  -39.781709471234421 -50.681221625366888 183.76080714878117  -39.927232824217427 -50.486496811690742 183.79898509397009  -40.048106075717861 -50.336239568781863 183.81879003761796  -40.175718893765975 -50.189131495861105 183.82850291330266  -40.309260584208744 -50.046446961167689 183.82831464944388  -40.447788859573137 -49.909201348716309 183.81859951564437  -40.590262991331279 -49.778169262851648 183.79983132896547  -40.871526493500795 -49.537654283952591 183.74701729547374  -41.009993435518076 -49.427300375921604 183.71402617995852  -41.150191938282781 -49.323206831495398 183.67398305279505  -41.291321724702506 -49.225576501727588 183.62728608815038  -41.432580765086335 -49.134491301999205 183.57429842765396  -41.573145531007292 -49.049943748138602 183.51529158076534  -41.809542348770265 -48.917128982124225 183.40482945198491  -41.906152684453453 -48.865589991043791 183.35640419096043  -42.001659389568481 -48.817209879372925 183.30510235358344  -42.095696488262163 -48.771971057599686 183.25091791808165  -42.187814305634774 -48.729865888645762 183.1938184087287  -42.277445121920081 -48.690895201431019 183.13371995657295  -42.389514176431931 -48.644432905457322 183.05162646859381  -42.414901914385993 -48.634067410560917 183.03253823025744  -42.439981147728183 -48.623982097529208 183.01316578210538  -42.464729047891737 -48.614178187792348 182.99350470589741  -42.489120389182759 -48.604657287286031 182.97355033396437  -42.513127548780268 -48.595421386451605 182.95329774920808  -42.566335970030821 -48.575240069918934 182.90693856018879  -42.595297642000517 -48.564460448741087 182.88065810734275  -42.623546904764957 -48.554138310247183 182.8538895412822  -42.651015934870877 -48.544279777883887 182.82662298574431  -42.677628380575875 -48.534892463649513 182.79884994848317  -42.703300039132195 -48.525985146743423 182.77056369626877  -42.777005824241719 -48.500804728657712 182.6844001473643  -42.822020849853125 -48.485969517149144 182.62493913592436  -42.862200970700968 -48.473160720176949 182.56339202418684  -42.896664507348561 -48.462487240521668 182.49985241638547  -42.92449126161118 -48.454045648406506 182.43451088209977  -42.945012071535189 -48.447893890117982 182.36772088128311  -42.96180262220274 -48.44289090034745 182.28093221471795  -42.964911724587694 -48.441967482211297 182.26171157601001  -42.967422093725041 -48.441223712515225 182.24243440954666  -42.969334349149676 -48.440658096331774 182.22311280280357  -42.970652358496231 -48.440268597784254 182.20375866221289  -42.971383237499104 -48.440052640046659 182.1843837131633  -42.971537349992417 -48.440007105343724 182.16499949999996 
 0 8 0.071656501089647343 6 0.32554669686999471 6 0.56308998720218462 6 0.72962582784155627 6 0.77911977693341938 6 0.84124790157877383 6 0.9649678316852266 6 1 8
2 -44.70000000000001 -54.290000000000006 182.16500009999999 2.33486982377251e-16 1.1102230246251563e-16 1 -1 1.2246467991473535e-16 2.33486982377251e-16 -1.2246467991473532e-16 -1 1.1102230246251565e-16 6.0999999999999996
7 0 0  7 50 9  -49.797793640389941 -50.939999999999984 183.69382596679105  -49.769433220017447 -50.896843113249631 183.70693484822232  -49.740440684177322 -50.853652957481373 183.71927512724926  -49.710821725061386 -50.810462727198782 183.73083849899771  -49.680583854780693 -50.767305489643192 183.74161819372355  -49.649736405365573 -50.72421418479361 183.75160897681275  -49.618290528765598 -50.681221625366888 183.76080714878117  -49.472767175782572 -50.486496811690742 183.79898509397009  -49.351893924282265 -50.336239568781949 183.81879003761796  -49.224281106233924 -50.189131495861048 183.82850291330263  -49.090739415791212 -50.046446961167661 183.82831464944388  -48.95221114042706 -49.909201348716422 183.81859951564437  -48.809737008668641 -49.778169262851563 183.79983132896547  -48.528473506499139 -49.537654283952506 183.74701729547374  -48.390006564482107 -49.427300375921718 183.71402617995855  -48.24980806171714 -49.323206831495341 183.67398305279502  -48.108678275297422 -49.225576501727502 183.62728608815038  -47.967419234913862 -49.134491301999319 183.57429842765401  -47.82685446899265 -49.049943748138574 183.51529158076531  -47.590457651229784 -48.917128982124254 183.40482945198494  -47.493847315546518 -48.865589991043791 183.3564041909604  -47.398340610431546 -48.817209879372896 183.30510235358344  -47.304303511737892 -48.771971057599714 183.25091791808165  -47.212185694365239 -48.729865888645762 183.1938184087287  -47.122554878079931 -48.690895201431019 183.13371995657295  -47.010485823568096 -48.644432905457322 183.05162646859381  -46.985098085614034 -48.634067410560917 183.03253823025744  -46.960018852271837 -48.623982097529208 183.01316578210538  -46.93527095210829 -48.614178187792348 182.99350470589741  -46.910879610817268 -48.604657287286031 182.97355033396437  -46.886872451219766 -48.595421386451605 182.95329774920808  -46.833664029969221 -48.575240069918934 182.90693856018879  -46.804702357999503 -48.564460448741087 182.88065810734273  -46.776453095235055 -48.554138310247183 182.8538895412822  -46.748984065129143 -48.544279777883915 182.82662298574431  -46.722371619424159 -48.534892463649513 182.79884994848319  -46.696699960867832 -48.525985146743423 182.77056369626877  -46.622994175758208 -48.500804728657684 182.68440014736416  -46.577979150147151 -48.485969517149229 182.62493913592479  -46.537799029298625 -48.473160720176836 182.5633920241861  -46.503335492651885 -48.462487240521781 182.4998524163862  -46.475508738388633 -48.454045648406449 182.43451088209935  -46.45498792846486 -48.447893890117982 182.36772088128325  -46.43819737779728 -48.44289090034745 182.28093221471795  -46.435088275412326 -48.441967482211297 182.26171157601001  -46.432577906274979 -48.441223712515225 182.24243440954666  -46.430665650850351 -48.440658096331774 182.22311280280357  -46.429347641503789 -48.440268597784254 182.20375866221289  -46.428616762500916 -48.440052640046659 182.1843837131633  -46.428462650007603 -48.440007105343724 182.16499949999996 
 0 8 0.071656501089547603 6 0.32554669686957727 6 0.56308998720175929 6 0.72962582784117558 6 0.77911977693305656 6 0.84124790157842744 6 0.96496783168519507 6 1 8
7 0 0  6 12 3  -49.797793246101662 -50.939999399999991 183.69382614904077  -49.866941536484752 -51.045224362555032 183.66186411734972  -49.933151858703553 -51.151657475856084 183.63062869223688  -49.996448358050124 -51.259233455590717 183.60020103882081  -50.056852192910384 -51.367892364121687 183.57065823579492  -50.114381534764121 -51.477579610486842 183.5420732754273  -50.337474338094069 -51.929177359024592 183.42961607803184  -50.478942666540711 -52.279771427600465 183.35436974840593  -50.593433098054085 -52.637904106714174 183.29101053577614  -50.680997670644167 -53.001734423634005 183.24131186238429  -50.741622445143534 -53.369615395446388 183.20647995069845  -50.775154373347213 -53.740000599999988 183.18711962697745 
 0 7 0.24505511878829195 5 1 7
1 -50.775154319027635 -53.739999999999995 182.16500009999999 2.33486982377251e-16 1.1102230246251563e-16 1 
7 0 0  4 5 2  -50.775154264708 -53.739999400000002 183.07148849234446  -50.787573847986472 -53.877182676382105 183.06423812300991  -50.795857902289782 -54.014682043107186 183.05937549444332  -50.800000000000011 -54.152341102776049 183.05694409523014  -50.800000000000011 -54.290000000000006 183.05694409523014 
 0 5 1 5
1 -50.800000000000011 -54.290000000000006 182.16500009999999 2.33486982377251e-16 1.1102230246251563e-16 1 
7 0 0  4 29 10  -50.799795073606958 -54.239999400000002 185.92970891926927  -50.799806680712933 -54.241415402364751 185.92970358172519  -50.799817849530818 -54.242831407309339 185.92969844571212  -50.799828580060812 -54.244247414687621 185.92969351123273  -50.799849164564996 -54.24707943671352 185.9296840453371  -50.799859018537511 -54.248495451361165 185.9296795139216  -50.799868434220862 -54.249911468150273 185.92967518404532  -50.799886079458382 -54.2526946797188 185.92966706972527  -50.799894338716889 -54.254061874362989 185.92966327162233  -50.79990218939087 -54.255429070735786 185.92965966140343  -50.799917339369756 -54.258212297153406 185.92965269450573  -50.799924608967672 -54.259628327314331 185.92964935148757  -50.799931440274364 -54.261044359042344 185.92964621001747  -50.799944226313066 -54.263876427013699 185.92964033017282  -50.799950181044039 -54.26529246325704 185.92963759179875  -50.799955697482993 -54.266708500775209 185.92963505497616  -50.799965853781785 -54.269540579398196 185.92963038443412  -50.799970493640814 -54.270956620503014 185.92962825071504  -50.799974695207162 -54.272372662590399 185.92962631855019  -50.79998222175729 -54.275204749423168 185.92962285732943  -50.799985546740459 -54.276620794168522 185.92962132827381  -50.799988433430485 -54.278036839604184 185.92962000077443  -50.799993330225455 -54.280868932204825 185.92961774888877  -50.799995340330014 -54.282284979369777 185.92961682450269  -50.799996912141111 -54.283701026932803 185.92961610167416  -50.799999022829411 -54.2863378058736 185.92961513103205  -50.799999674276478 -54.287558537186655 185.92961483145098  -50.800000000000011 -54.288779268593331 185.92961468166047  -50.800000000000011 -54.290000000000006 185.92961468166047 
 0 5 0.11328065172478047 3 0.22656151898181076 3 0.33593632811976815 3 0.44921753875448323 3 0.56249888326070974 3 0.67578033410355876 3 0.78906186374876519 3 0.90234344466277872 3 1 5
1 -50.799795078525193 -54.239999999999995 182.16500009999999 2.33486982377251e-16 1.1102230246251563e-16 1 
1 -50.800000000000011 -54.290000000000006 182.16500009999999 2.33486982377251e-16 1.1102230246251563e-16 1 
2 -44.70000000000001 -54.290000000000006 188.66500009999999 2.33486982377251e-16 1.1102230246251563e-16 1 -1 1.2246467991473535e-16 2.33486982377251e-16 -1.2246467991473532e-16 -1 1.1102230246251565e-16 6.0999999999999996
7 0 0  4 50 17  -38.600204926393062 -54.34000060000001 185.92970891926927  -38.600193319287087 -54.338584597635233 185.92970358172519  -38.600182150469209 -54.337168592690645 185.92969844571212  -38.600171419939215 -54.335752585312363 185.92969351123273  -38.600150835435031 -54.332920563286464 185.9296840453371  -38.600140981462509 -54.331504548638847 185.9296795139216  -38.600131565779165 -54.330088531849739 185.92967518404532  -38.600113920541645 -54.327305320281184 185.92966706972527  -38.600105661283123 -54.325938125636995 185.9296632716223  -38.600097810609149 -54.324570929264198 185.92965966140343  -38.600082926419717 -54.321836531443594 185.92965281673219  -38.600075892905387 -54.32046932999576 185.92964958228035  -38.600069267976465 -54.31910212708236 185.9296465357163  -38.600056613269381 -54.316318888212052 185.92964071626741  -38.600050613198064 -54.314902852158113 185.92963795704335  -38.600045051418761 -54.313486814819285 185.92963539937068  -38.600034804439126 -54.310654736522949 185.9296306871282  -38.600030119239619 -54.30923869556544 185.92962853255881  -38.600025872332765 -54.307822653615275 185.92962657954351  -38.600018255101524 -54.304990567024973 185.92962307662177  -38.600014884777764 -54.303574522384835 185.92962152671558  -38.600011952747117 -54.302158477044301 185.92962017836555  -38.60000696527085 -54.299326384601883 185.92961788477851  -38.600004909825628 -54.297910337500056 185.92961693954169  -38.600003292673833 -54.296494289990065 185.92961619586237  -38.600000900812333 -54.293621179670723 185.92961509591717  -38.600000151860002 -54.292164116845967 185.92961475149633  -38.599999866958449 -54.290707053903063 185.92961462047862  -38.600000268961431 -54.287437468901871 185.9296148053478  -38.600001209899638 -54.285624946866093 185.92961523805715  -38.600002868922317 -54.283812425200168 185.92961600099201  -38.600007623139298 -54.280187381277059 185.92961818731212  -38.600010718335135 -54.278374859019877 185.92961961069804  -38.600014531617127 -54.276562337745403 185.92962136430839  -38.600023594363108 -54.27293729400192 185.92962553197876  -38.600028843830088 -54.271124771532882 185.92962794604014  -38.600034811386479 -54.269312250659468 185.9296306903239  -38.60004818269924 -54.265687207089499 185.92963683934053  -38.600055586460066 -54.263874684392974 185.92964024407547  -38.600063708315169 -54.262062163904957 185.92964397902972  -38.600081388250743 -54.258437120514586 185.92965210938678  -38.600090946337126 -54.256624597612287 185.92965650479235  -38.600101222524195 -54.254812077531412 185.92966123041322  -38.600123211156891 -54.251187034314611 185.92967134210318  -38.600134923609886 -54.249374511178686 185.92967672817565  -38.600147354171625 -54.247561991477156 185.92968244445851  -38.600170931170538 -54.244311952954845 185.92969328647041  -38.600181811204841 -54.242874432746348 185.92969828970041  -38.600193142945614 -54.241436915043764 185.92970350063433  -38.600204926393062 -54.239999400000002 185.92970891926927 
 0 5 0.056640325862900159 3 0.11328075949213839 3 0.16796816406181769 3 0.22265564386532807 3 0.27929631404028765 3 0.33593703785834034 3 0.39257780155227945 3 0.44921859135532771 3 0.50749993969849827 3 0.57999937105157862 3 0.65249888015641921 3 0.72499854017642995 3 0.79749842528415715 3 0.86999860815887253 3 0.94249916346415019 3 1 5
7 0 0  8 9 2  -39.602206359610086 -57.640000000000001 183.58356227640397  -39.326799775825165 -57.220905692137237 183.81238119291839  -39.106060103253014 -56.799206411516067 184.06650391630674  -38.931506057103512 -56.378647619774299 184.3424030691622  -38.797759639689446 -55.961342151871278 184.63612325070443  -38.700468020335805 -55.548566310347368 184.94412881597759  -38.636485290843773 -55.140873605366195 185.2635991747897  -38.603469197178349 -54.738228257425007 185.59251136190372  -38.600204921474834 -54.339999999999989 185.92970891700762 
 0 9 1 9
7 0 0  6 17 4  -39.602206753898358 -57.640000599999993 183.58356246049416  -39.537120942999906 -57.540957630510619 183.55317439325046  -39.474638534085216 -57.440845405045948 183.5234348141837  -39.414736861403107 -57.339713693351101 183.49441096125645  -39.357397264575852 -57.237610788272647 183.46616766666784  -39.302605088599194 -57.134583505758584 183.43876735685353  -39.054160149390263 -56.64056762932195 183.31278763851634  -38.893335334714394 -56.237290352265561 183.22583507790065  -38.768064441920735 -55.824186528346999 183.15493478265182  -38.678301088860664 -55.404111675043808 183.10279825965284  -38.624088226591653 -54.979606436354132 183.07106812101978  -38.599825449719809 -54.417559471487991 183.05684384626625  -38.597592599950701 -54.28190233555604 183.05552952603443  -38.598979311620177 -54.146215344802258 183.05634418929759  -38.603985523984569 -54.010601226524997 183.05928741902986  -38.61260908179392 -53.875162084703888 183.06434491471461  -38.624845735292027 -53.739999400000002 183.07148849234446 
 0 7 0.16814143683068208 5 0.79941757692445981 5 1 7
1 -38.624845680972385 -53.739999999999995 182.16500009999999 2.33486982377251e-16 1.1102230246251563e-16 1 
7 0 0  6 12 3  -38.624845626652807 -53.740000599999988 183.18711962697745  -38.658370593443223 -53.36969228945803 183.20647593138844  -38.718977181836451 -53.00188691526877 183.24129741393961  -38.80651249295282 -52.638130114926 183.29097965591058  -38.920962542263304 -52.280067977232406 183.35431729194272  -39.062379223805088 -51.929540373046947 183.42953818281069  -39.285434800170563 -51.477929819224627 183.54198201465118  -39.342993532069464 -51.368169901405466 183.57058278036499  -39.403430395086161 -51.259439528567 183.60014275279991  -39.466763588340442 -51.151793396422434 183.63058880327947  -39.53301430932359 -51.045291553271412 183.66184370820199  -39.602206753898358 -50.939999399999991 183.69382614904075 
 0 7 0.75478845935792627 5 1 7
8 0 5.8828258763482051
2 -44.70000000000001 -54.239999999999995 172.66500009999999 -1.2246467991473532e-16 -1 1.1102230246251565e-16 0.54474218170974931 2.6392022795132625e-17 0.83860357468001678 -0.83860357468001678 1.6317784961041154e-16 0.54474218170974931 15.5
8 0 1
7 0 0  6 22 5  -52.274292793282264 -54.239999999999995 159.14168361765613  -52.317634982029936 -54.239999999999995 159.16595920333108  -52.364217676536889 -54.239999999999995 159.18780672260544  -52.413901302094331 -54.239999999999995 159.20662379548597  -52.466385350256886 -54.239999999999995 159.22177292021081  -52.52114543143319 -54.239999999999995 159.23266421863195  -52.633891700764899 -54.239999999999995 159.24510338939587  -52.691881022772833 -54.239999999999995 159.24664260726209  -52.750772636850158 -54.239999999999995 159.2430806672343  -52.809711784033325 -54.239999999999995 159.23416397737134  -52.867768613938118 -54.239999999999995 159.21992803989681  -52.980215481929726 -54.239999999999995 159.18147090627158  -53.034619421355259 -54.239999999999995 159.157289803852  -53.086487255357262 -54.239999999999995 159.12839994169255  -53.135070870976016 -54.239999999999995 159.09533513266771  -53.179854145634664 -54.239999999999995 159.05880928050749  -53.261534723228365 -54.239999999999995 158.98004124023396  -53.298373917067266 -54.239999999999995 158.93776018859469  -53.330771701281463 -54.239999999999995 158.89348149661461  -53.358672366173167 -54.239999999999995 158.84800290208415  -53.382230189723614 -54.239999999999995 158.8020212390183  -53.401706810882231 -54.239999999999995 158.75610496793297 
 0 7 0.24988776017375347 5 0.49999999948574325 5 0.74911212878301192 5 1 7
8 0 4.3911924972139964
2 -56.900000000000013 -54.239999999999995 160.24000009999997 1.2246467991473532e-16 1 -1.1102230246251565e-16 0.98855162723664014 -1.3781403689147795e-16 -0.15088300198428881 -0.15088300198428881 -9.1273439216297985e-17 -0.98855162723664014 3.7999999999999998
8 0 1
7 0 0  6 22 5  -58.082656743565536 -54.239999999999995 164.8448659269886  -58.057593237006238 -54.239999999999995 164.80197455228165  -58.034898179042528 -54.239999999999995 164.75579884579005  -58.015176399486684 -54.239999999999995 164.7064673518793  -57.999070784731138 -54.239999999999995 164.6542688800165  -57.98718069639331 -54.239999999999995 164.59971695364311  -57.972683436521855 -54.239999999999995 164.48721680398219  -57.970084860756259 -54.239999999999995 164.42926528922555  -57.972570103997775 -54.239999999999995 164.37031842169739  -57.980408334505377 -54.239999999999995 164.31122618387087  -57.99358104675391 -54.239999999999995 164.25291891960333  -58.029977064581509 -54.239999999999995 164.13978811418727  -58.053160029110018 -54.239999999999995 164.08495140663715  -58.081097308419643 -54.239999999999995 164.03256433987082  -58.113268848719144 -54.239999999999995 163.98338465608529  -58.148970296363814 -54.239999999999995 163.93794143655552  -58.22623267031841 -54.239999999999995 163.85483520035464  -58.267833515469221 -54.239999999999995 163.81722957294087  -58.311512823479219 -54.239999999999995 163.78402811156963  -58.356474007707618 -54.239999999999995 163.7553010933693  -58.402017531422416 -54.239999999999995 163.73090699907675  -58.447570248197046 -54.239999999999995 163.71059462066864 
 0 7 0.24988776017421954 5 0.49999999948645724 5 0.74911212878361921 5 1 7
8 0 5.8828258763482051
2 -44.70000000000001 -54.239999999999995 172.66500009999999 -1.2246467991473532e-16 -1 1.1102230246251565e-16 0.54474218170974931 2.6392022795132625e-17 0.83860357468001678 -0.83860357468001678 1.6317784961041154e-16 0.54474218170974931 15.5
8 0 1
7 0 0  6 22 5  -58.447570248197053 -54.239999999999995 181.61940557933133  -58.40219911717471 -54.239999999999995 181.59917417169234  -58.356837107314533 -54.239999999999995 181.57489352945584  -58.312050542110953 -54.239999999999995 181.5463154179439  -58.268530110513403 -54.239999999999995 181.51329961377343  -58.227062168204995 -54.239999999999995 181.47591383262019  -58.149687522574844 -54.239999999999995 181.39297036734953  -58.113785883366724 -54.239999999999995 181.34740499715701  -58.081434031059054 -54.239999999999995 181.29806670292621  -58.05334625143535 -54.239999999999995 181.24548907398909  -58.030049977732858 -54.239999999999995 181.19043872389096  -57.993653959905252 -54.239999999999995 181.0773079184749  -57.980513765092361 -54.239999999999995 181.01924028876999  -57.972664379693192 -54.239999999999995 180.9603906202199  -57.970125131660133 -54.239999999999995 180.90167774665784  -57.972632293161638 -54.239999999999995 180.84394219689545  -57.986943433176783 -54.239999999999995 180.73137527370739  -57.998813304949671 -54.239999999999995 180.67656724806733  -58.014939739449431 -54.239999999999995 180.62412530783141  -58.034716556836472 -54.239999999999995 180.57457102289078  -58.057492927060409 -54.239999999999995 180.52819730891275  -58.082656743565536 -54.239999999999995 180.48513427301134 
 0 7 0.24988776017436698 5 0.49999999948661517 5 0.74911212878377276 5 1 7
8 0 4.3911924972139307
2 -56.900000000000013 -54.239999999999995 185.09000009999997 1.2246467991473532e-16 1 -1.1102230246251565e-16 -0.168921205710335 -8.873998155320832e-17 -0.98562955833384325 -0.98562955833384325 1.3945882956856171e-16 0.168921205710335 3.7999999999999998
8 0 1
7 0 0  6 22 5  -52.274292793282257 -54.239999999999995 186.18831658234382  -52.317634982029915 -54.239999999999995 186.16404099666889  -52.364217676536931 -54.239999999999995 186.1421934773945  -52.413901302094253 -54.239999999999995 186.12337640451403  -52.466385350256942 -54.239999999999995 186.10822727978913  -52.521145431433169 -54.239999999999995 186.09733598136802  -52.633891700764856 -54.239999999999995 186.08489681060411  -52.691881022772961 -54.239999999999995 186.08335759273785  -52.750772636849959 -54.239999999999995 186.08691953276568  -52.809711784033468 -54.239999999999995 186.09583622262863  -52.867768613938068 -54.239999999999995 186.11007216010313  -52.980215481929712 -54.239999999999995 186.14852929372836  -53.034619421355373 -54.239999999999995 186.17271039614803  -53.086487255357063 -54.239999999999995 186.20160025830728  -53.135070870976151 -54.239999999999995 186.23466506733234  -53.179854145634636 -54.239999999999995 186.27119091949243  -53.261534723228301 -54.239999999999995 186.34995895976593  -53.298373917067465 -54.239999999999995 186.39224001140548  -53.330771701281215 -54.239999999999995 186.43651870338502  -53.358672366173323 -54.239999999999995 186.48199729791608  -53.382230189723579 -54.239999999999995 186.52797896098156  -53.401706810882231 -54.239999999999995 186.573895232067 
 0 7 0.24988776017427816 5 0.4999999994865067 5 0.74911212878372813 5 1 7
8 0 6.0325234597487354
2 -44.70000000000001 -54.239999999999995 172.66500009999999 -1.2246467991473532e-16 -1 1.1102230246251565e-16 0.60592685036917227 1.4115864856761648e-17 0.79552036554804484 -0.79552036554804484 1.6469454098434026e-16 0.60592685036917227 14.6
2 -56.900000000000013 -54.239999999999995 185.09000009999997 1.2246467991473532e-16 1 -1.1102230246251565e-16 -1 1.2246467991473532e-16 0 1.3596310734468911e-32 1.1102230246251565e-16 1 3.4500000000000002
2 -56.900000000000013 -54.239999999999995 185.09000009999997 1.2246467991473532e-16 1 -1.1102230246251565e-16 -1 1.2246467991473532e-16 0 1.3596310734468911e-32 1.1102230246251565e-16 1 3.4500000000000002
8 0 6.0325234597487354
2 -44.70000000000001 -54.239999999999995 172.66500009999999 -1.2246467991473532e-16 -1 1.1102230246251565e-16 0.60592685036917227 1.4115864856761648e-17 0.79552036554804484 -0.79552036554804484 1.6469454098434026e-16 0.60592685036917227 14.6
2 -56.900000000000013 -54.239999999999995 160.24000009999997 1.2246467991473532e-16 1 -1.1102230246251565e-16 -1 1.2246467991473532e-16 0 1.3596310734468911e-32 1.1102230246251565e-16 1 3.4500000000000002
2 -56.900000000000013 -54.239999999999995 160.24000009999997 1.2246467991473532e-16 1 -1.1102230246251565e-16 -1 1.2246467991473532e-16 0 1.3596310734468911e-32 1.1102230246251565e-16 1 3.4500000000000002
8 0 6.0325234597487354
2 -44.70000000000001 -54.239999999999995 172.66500009999999 -1.2246467991473532e-16 -1 1.1102230246251565e-16 0.60592685036917227 1.4115864856761648e-17 0.79552036554804484 -0.79552036554804484 1.6469454098434026e-16 0.60592685036917227 14.6
1 -50.799795078525193 -54.239999999999995 163.16500009999999 -1.1102230246251568e-16 -1.1102230246251564e-16 -1 
7 0 0  2 5 4  -53.401706810882239 -68.566199999999995 186.573895232067  -53.401706810882239 -68.153099999999981 186.573895232067  -53.401706810882231 -60.989999999999995 186.573895232067  -53.401706810882231 -53.826899999999981 186.573895232067  -53.401706810882231 -53.413799999999995 186.573895232067 
 -0.82620000000001026 3 -1.0466698812367707e-14 1 13.499999999999996 1 14.326199999999996 3
7 0 0  6 22 5  -53.401706810882239 -67.540000000000006 186.573895232067  -53.382230189723629 -67.540000000000006 186.52797896098167  -53.358672366173167 -67.540000000000006 186.4819972979158  -53.330771701281456 -67.540000000000006 186.43651870338536  -53.298373917067288 -67.540000000000006 186.39224001140528  -53.261534723228372 -67.540000000000006 186.34995895976601  -53.179854145634629 -67.540000000000006 186.27119091949243  -53.1350708709762 -67.540000000000006 186.23466506733237  -53.086487255356978 -67.540000000000006 186.20160025830725  -53.034619421355458 -67.540000000000006 186.17271039614806  -52.98021548192969 -67.540000000000006 186.14852929372836  -52.867768613938054 -67.540000000000006 186.11007216010313  -52.80971178403351 -67.540000000000006 186.09583622262866  -52.750772636849909 -67.540000000000006 186.08691953276565  -52.691881022773011 -67.540000000000006 186.08335759273785  -52.633891700764835 -67.540000000000006 186.08489681060411  -52.521145431433162 -67.540000000000006 186.09733598136802  -52.466385350256957 -67.540000000000006 186.10822727978913  -52.413901302094231 -67.540000000000006 186.12337640451403  -52.364217676536953 -67.540000000000006 186.1421934773945  -52.317634982029915 -67.540000000000006 186.16404099666889  -52.274292793282257 -67.540000000000006 186.18831658234382 
 0 7 0.25088787121643713 5 0.50000000051345705 5 0.75011223982565522 5 1 7
2 -56.900000000000013 -67.540000000000006 185.0900001 1.2246467991473532e-16 1 -1.1102230246251565e-16 -1 1.2246467991473532e-16 0 1.3596310734468911e-32 1.1102230246251565e-16 1 3.7999999999999998
7 0 0  6 22 5  -58.082656743565536 -67.540000000000006 180.48513427301134  -58.057492927060373 -67.540000000000006 180.52819730891281  -58.034716556836571 -67.540000000000006 180.57457102289055  -58.014939739449325 -67.540000000000006 180.62412530783175  -57.998813304949735 -67.540000000000006 180.67656724806707  -57.986943433176776 -67.540000000000006 180.73137527370747  -57.972632293161638 -67.540000000000006 180.84394219689545  -57.97012513166014 -67.540000000000006 180.90167774665787  -57.972664379693185 -67.540000000000006 180.96039062021981  -57.980513765092375 -67.540000000000006 181.01924028877008  -57.993653959905245 -67.540000000000006 181.07730791847487  -58.030049977732844 -67.540000000000006 181.19043872389091  -58.053346251435421 -67.540000000000006 181.24548907398926  -58.081434031058926 -67.540000000000006 181.29806670292601  -58.113785883366845 -67.540000000000006 181.34740499715716  -58.149687522574801 -67.540000000000006 181.39297036734948  -58.227062168204995 -67.540000000000006 181.47591383262019  -58.26853011051341 -67.540000000000006 181.51329961377343  -58.31205054211096 -67.540000000000006 181.5463154179439  -58.356837107314526 -67.540000000000006 181.57489352945584  -58.402199117174717 -67.540000000000006 181.59917417169234  -58.447570248197053 -67.540000000000006 181.61940557933133 
 0 7 0.25088787121614503 5 0.50000000051367421 5 0.75011223982591935 5 1 7
2 -44.700000000000017 -67.540000000000006 172.66500009999999 1.2246467991473532e-16 1 -1.1102230246251565e-16 -1 1.2246467991473532e-16 0 1.3596310734468911e-32 1.1102230246251565e-16 1 15.5
7 0 0  6 22 5  -58.447570248197046 -67.540000000000006 163.71059462066864  -58.402017531422374 -67.540000000000006 163.73090699907678  -58.356474007707746 -67.540000000000006 163.75530109336924  -58.311512823479021 -67.540000000000006 163.78402811156974  -58.26783351546937 -67.540000000000006 163.81722957294079  -58.226232670318367 -67.540000000000006 163.8548352003547  -58.148970296363792 -67.540000000000006 163.93794143655555  -58.11326884871923 -67.540000000000006 163.98338465608518  -58.081097308419551 -67.540000000000006 164.03256433987102  -58.053160029110074 -67.540000000000006 164.08495140663703  -58.029977064581502 -67.540000000000006 164.1397881141873  -57.993581046753917 -67.540000000000006 164.25291891960333  -57.98040833450537 -67.540000000000006 164.31122618387093  -57.972570103997782 -67.540000000000006 164.37031842169733  -57.970084860756266 -67.540000000000006 164.42926528922561  -57.972683436521855 -67.540000000000006 164.48721680398219  -57.98718069639331 -67.540000000000006 164.59971695364311  -57.999070784731131 -67.540000000000006 164.65426888001647  -58.015176399486705 -67.540000000000006 164.70646735187933  -58.034898179042514 -67.540000000000006 164.75579884579005  -58.057593237006245 -67.540000000000006 164.80197455228168  -58.082656743565543 -67.540000000000006 164.8448659269886 
 0 7 0.25088787121602335 5 0.50000000051327442 5 0.75011223982564723 5 1 7
2 -56.900000000000013 -67.540000000000006 160.24000009999997 1.2246467991473532e-16 1 -1.1102230246251565e-16 -1 1.2246467991473532e-16 0 1.3596310734468911e-32 1.1102230246251565e-16 1 3.7999999999999998
7 0 0  6 22 5  -53.401706810882231 -67.540000000000006 158.75610496793297  -53.382230189723586 -67.540000000000006 158.80202123901839  -53.358672366173273 -67.540000000000006 158.84800290208395  -53.330771701281307 -67.540000000000006 158.89348149661484  -53.298373917067387 -67.540000000000006 158.93776018859458  -53.26153472322833 -67.540000000000006 158.98004124023399  -53.179854145634586 -67.540000000000006 159.05880928050757  -53.135070870976328 -67.540000000000006 159.09533513266751  -53.086487255356779 -67.540000000000006 159.12839994169278  -53.034619421355615 -67.540000000000006 159.15728980385185  -52.980215481929626 -67.540000000000006 159.18147090627161  -52.867768613938082 -67.540000000000006 159.21992803989684  -52.809711784033439 -67.540000000000006 159.23416397737131  -52.750772636849966 -67.540000000000006 159.24308066723432  -52.691881022772989 -67.540000000000006 159.24664260726209  -52.633891700764849 -67.540000000000006 159.24510338939587  -52.521145431433169 -67.540000000000006 159.23266421863195  -52.466385350256957 -67.540000000000006 159.22177292021084  -52.413901302094246 -67.540000000000006 159.20662379548594  -52.364217676536946 -67.540000000000006 159.18780672260547  -52.317634982029922 -67.540000000000006 159.16595920333108  -52.274292793282264 -67.540000000000006 159.14168361765613 
 0 7 0.25088787121603967 5 0.50000000051309135 5 0.75011223982547892 5 1 7
2 -44.700000000000017 -67.540000000000006 172.66500009999999 1.2246467991473532e-16 1 -1.1102230246251565e-16 -1 1.2246467991473532e-16 0 1.3596310734468911e-32 1.1102230246251565e-16 1 15.5
2 -49.250000000000014 -67.540000000000006 156.9650001 1.2246467991473532e-16 1 -1.1102230246251565e-16 -1 1.2246467991473475e-16 -5.0753052554292927e-15 -5.0753052554292927e-15 1.1102230246251627e-16 1 1.0499999999999998
1 -50.300000000000011 -67.540000000000006 155.76500009999998 1.3596310734468911e-32 1.1102230246251565e-16 1 
1 -49.950000000000017 -67.540000000000006 156.11500009999997 -1 1.2246467991473532e-16 0 
2 -56.950000000000017 -67.540000000000006 160.26500009999998 1.2246467991473532e-16 1 -1.1102230246251565e-16 -1.3596310734468911e-32 -1.1102230246251565e-16 -1 -1 1.2246467991473532e-16 0 4.1500000000000004
1 -61.100000000000009 -67.540000000000006 160.26500009999998 1.3596310734468911e-32 1.1102230246251565e-16 1 
2 -56.950000000000017 -67.540000000000006 185.06500009999999 1.2246467991473532e-16 1 -1.1102230246251565e-16 -1 1.2246467991473532e-16 0 1.3596310734468911e-32 1.1102230246251565e-16 1 4.1500000000000004
1 -56.950000000000017 -67.540000000000006 189.21500009999997 1 -1.2246467991473532e-16 0 
1 -50.300000000000011 -67.540000000000006 189.56500009999999 -1.3596310734468911e-32 -1.1102230246251565e-16 -1 
2 -49.250000000000014 -67.540000000000006 188.36500009999997 -1.2246467991473532e-16 -1 1.1102230246251565e-16 -1 1.2246467991473532e-16 0 -1.3596310734468911e-32 -1.1102230246251565e-16 -1 1.0499999999999998
2 -50.300000000000011 -67.890000000000001 188.36500009999997 -1.3596310734468911e-32 -1.1102230246251565e-16 -1 1.2246467991473532e-16 1 -1.1102230246251565e-16 1 -1.2246467991473532e-16 0 0.34999999999999998
2 -49.250000000000014 -67.890000000000001 188.36500009999997 -1.2246467991473532e-16 -1 1.1102230246251565e-16 -1 1.2246467991473532e-16 0 -1.3596310734468911e-32 -1.1102230246251565e-16 -1 0.69999999999999996
2 -49.250000000000014 -67.890000000000001 187.31500009999999 1 -1.2246467991473532e-16 -6.123233995736766e-17 -6.1232339957367673e-17 -1.1102230246251564e-16 -1 1.2246467991473532e-16 1 -1.1102230246251565e-16 0.34999999999999998
1 -49.250000000000014 -67.739999999999995 187.63122786601681 1 -1.2246467991473532e-16 0 
2 -40.150000000000013 -67.890000000000001 187.31500009999999 1 -1.2246467991473532e-16 0 1.2246467991473532e-16 1 -1.1102230246251565e-16 1.3596310734468911e-32 1.1102230246251565e-16 1 0.34999999999999998
1 -49.250000000000014 -67.890000000000001 187.66500009999999 1 -1.2246467991473532e-16 0 
2 -40.150000000000013 -67.890000000000001 188.36500009999997 -1.2246467991473532e-16 -1 1.1102230246251565e-16 -1.2688263138573232e-15 -1.1102230246251549e-16 -1 1 -1.2246467991473547e-16 -1.2688263138573232e-15 0.69999999999999996
2 -39.100000000000016 -67.890000000000001 188.36500009999997 1.3300586538146907e-15 1.1102230246251549e-16 1 1 -1.2246467991473547e-16 -1.3300586538146907e-15 1.2246467991473532e-16 1 -1.1102230246251565e-16 0.34999999999999998
2 -40.150000000000013 -67.540000000000006 188.36500009999997 -1.2246467991473532e-16 -1 1.1102230246251565e-16 -1.2688263138573232e-15 -1.1102230246251549e-16 -1 1 -1.2246467991473547e-16 -1.2688263138573232e-15 1.0499999999999998
1 -39.450000000000017 -67.540000000000006 189.21500009999997 1 -1.2246467991473532e-16 0 
2 -32.450000000000017 -67.540000000000006 185.06500009999999 1.2246467991473532e-16 1 -1.1102230246251565e-16 3.947459643111668e-16 1.110223024625156e-16 1 1 -1.2246467991473537e-16 -3.947459643111668e-16 4.1500000000000004
1 -28.300000000000015 -67.540000000000006 185.06500009999999 -1.3596310734468911e-32 -1.1102230246251565e-16 -1 
2 -32.450000000000017 -67.540000000000006 160.26500009999998 1.2246467991473532e-16 1 -1.1102230246251565e-16 1 -1.2246467991473532e-16 0 -1.3596310734468911e-32 -1.1102230246251565e-16 -1 4.1500000000000004
1 -32.450000000000017 -67.540000000000006 156.11500009999997 -1 1.2246467991473532e-16 0 
1 -39.100000000000016 -67.540000000000006 156.9650001 -1.3596310734468911e-32 -1.1102230246251565e-16 -1 
2 -40.150000000000013 -67.540000000000006 156.9650001 1.2246467991473532e-16 1 -1.1102230246251564e-16 -1.2688263138573297e-15 1.110223024625158e-16 1 1 -1.2246467991473517e-16 1.2688263138573297e-15 1.0499999999999998
2 -44.700000000000017 -67.540000000000006 172.66500009999999 1.2246467991473532e-16 1 -1.1102230246251565e-16 -1 1.2246467991473532e-16 0 1.3596310734468911e-32 1.1102230246251565e-16 1 15.5
7 0 0  6 22 5  -37.125707206717777 -67.540000000000006 159.14168361765613  -37.082191552513649 -67.540000000000006 159.16605635983544  -37.035409397793892 -67.540000000000006 159.18798155968545  -36.985502012719735 -67.540000000000006 159.2068495902399  -36.932774156402338 -67.540000000000006 159.22201508243612  -36.877758388126061 -67.540000000000006 159.23288148807171  -36.764948757306627 -67.540000000000006 159.24513334992841  -36.707177034610993 -67.540000000000006 159.24658511503179  -36.648520362240006 -67.540000000000006 159.24297345490393  -36.589823947662957 -67.540000000000006 159.23405004437973  -36.53200611813449 -67.540000000000006 159.21985099765507  -36.419559250142918 -67.540000000000006 159.18139386402984  -36.364943774289912 -67.540000000000006 159.15709556755209  -36.312888159963563 -67.540000000000006 159.12805174814241  -36.264149255146812 -67.540000000000006 159.09480375899042  -36.219247508237352 -67.540000000000006 159.05807551668204  -36.137731725891825 -67.540000000000006 158.97919819772335  -36.101109913129676 -67.540000000000006 158.93705404389698  -36.068894852036607 -67.540000000000006 158.89293759424109  -36.041139878230894 -67.540000000000006 158.84763631049157  -36.017692171067274 -67.540000000000006 158.80183820403784  -35.998293189117796 -67.540000000000006 158.75610496793297 
 0 7 0.25088787121615463 5 0.50000000051355087 5 0.75011223982581665 5 1 7
2 -32.500000000000014 -67.540000000000006 160.24000009999997 1.2246467991473532e-16 1 -1.1102230246251565e-16 -1 1.2246467991473532e-16 0 1.3596310734468911e-32 1.1102230246251565e-16 1 3.7999999999999998
7 0 0  6 22 5  -31.317343256434498 -67.540000000000006 164.8448659269886  -31.34250707293965 -67.540000000000006 164.80180289108716  -31.365283443163484 -67.540000000000006 164.75542917710936  -31.385060260550688 -67.540000000000006 164.70587489216831  -31.401186695050313 -67.540000000000006 164.65343295193279  -31.413056566823251 -67.540000000000006 164.59862492629253  -31.427367706838389 -67.540000000000006 164.48605800310449  -31.429874868339901 -67.540000000000006 164.42832245334216  -31.427335620306827 -67.540000000000006 164.36960957978008  -31.419486234907666 -67.540000000000006 164.31075991122992  -31.406346040094782 -67.540000000000006 164.25269228152507  -31.369950022267169 -67.540000000000006 164.13956147610901  -31.346653748564663 -67.540000000000006 164.08451112601085  -31.318565968941016 -67.540000000000006 164.03193349707379  -31.286214116633253 -67.540000000000006 163.9825952028429  -31.250312477425211 -67.540000000000006 163.93702983265047  -31.172937831795025 -67.540000000000006 163.85408636737978  -31.131469889486652 -67.540000000000006 163.81670058622655  -31.087949457889032 -67.540000000000006 163.78368478205604  -31.04316289268553 -67.540000000000006 163.75510667054414  -30.99780088282531 -67.540000000000006 163.7308260283076  -30.952429751802981 -67.540000000000006 163.71059462066864 
 0 7 0.25088787121608047 5 0.50000000051341176 5 0.75011223982568809 5 1 7
2 -44.700000000000017 -67.540000000000006 172.66500009999999 1.2246467991473532e-16 1 -1.1102230246251565e-16 -1 1.2246467991473532e-16 0 1.3596310734468911e-32 1.1102230246251565e-16 1 15.5
7 0 0  6 22 5  -31.317343256434491 -67.540000000000006 180.48513427301134  -31.342507072939625 -67.540000000000006 180.52819730891275  -31.36528344316352 -67.540000000000006 180.57457102289069  -31.385060260550631 -67.540000000000006 180.62412530783158  -31.401186695050328 -67.540000000000006 180.67656724806722  -31.413056566823244 -67.540000000000006 180.73137527370741  -31.427367706838382 -67.540000000000006 180.84394219689543  -31.429874868339894 -67.540000000000006 180.90167774665787  -31.427335620306827 -67.540000000000006 180.96039062021981  -31.419486234907659 -67.540000000000006 181.01924028877005  -31.406346040094775 -67.540000000000006 181.0773079184749  -31.369950022267169 -67.540000000000006 181.19043872389096  -31.346653748564641 -67.540000000000006 181.24548907398912  -31.318565968941023 -67.540000000000006 181.29806670292618  -31.286214116633257 -67.540000000000006 181.34740499715704  -31.25031247742519 -67.540000000000006 181.39297036734953  -31.172937831795021 -67.540000000000006 181.47591383262019  -31.131469889486652 -67.540000000000006 181.51329961377343  -31.087949457889017 -67.540000000000006 181.54631541794393  -31.043162892685533 -67.540000000000006 181.57489352945581  -30.997800882825306 -67.540000000000006 181.59917417169237  -30.952429751802981 -67.540000000000006 181.61940557933133 
 0 7 0.25088787121616407 5 0.50000000051339255 5 0.75011223982562925 5 1 7
2 -32.500000000000014 -67.540000000000006 185.0900001 1.2246467991473532e-16 1 -1.1102230246251565e-16 -1 1.2246467991473532e-16 0 1.3596310734468911e-32 1.1102230246251565e-16 1 3.7999999999999998
7 0 0  6 22 5  -35.998293189117796 -67.540000000000006 186.573895232067  -36.017769810276484 -67.540000000000006 186.52797896098147  -36.041327633826633 -67.540000000000006 186.48199729791628  -36.069228298718897 -67.540000000000006 186.43651870338479  -36.101626082932484 -67.540000000000006 186.39224001140562  -36.138465276771768 -67.540000000000006 186.3499589597659  -36.220145854365398 -67.540000000000006 186.27119091949243  -36.264929129023884 -67.540000000000006 186.23466506733232  -36.313512744642971 -67.540000000000006 186.20160025830731  -36.36538057864464 -67.540000000000006 186.17271039614803  -36.419784518070323 -67.540000000000006 186.14852929372836  -36.532231386061945 -67.540000000000006 186.11007216010313  -36.590288215966616 -67.540000000000006 186.09583622262863  -36.64922736314999 -67.540000000000006 186.08691953276568  -36.708118977227123 -67.540000000000006 186.08335759273785  -36.766108299235142 -67.540000000000006 186.08489681060411  -36.878854568566851 -67.540000000000006 186.09733598136802  -36.933614649743099 -67.540000000000006 186.10822727978913  -36.98609869790576 -67.540000000000006 186.123376404514  -37.035782323463103 -67.540000000000006 186.1421934773945  -37.082365017970105 -67.540000000000006 186.16404099666889  -37.12570720671777 -67.540000000000006 186.18831658234382 
 0 7 0.25088787121618356 5 0.50000000051350924 5 0.7501122398258071 5 1 7
1 -39.100000000000016 -67.540000000000006 188.36500009999997 1.3596310734468911e-32 1.1102230246251565e-16 1 
7 0 0  2 5 4  -35.998293189117796 -68.566199999999995 186.573895232067  -35.998293189117796 -68.153099999999981 186.573895232067  -35.998293189117796 -60.989999999999995 186.573895232067  -35.998293189117796 -53.826899999999981 186.57389523206697  -35.998293189117796 -53.413799999999995 186.57389523206697 
 -0.82620000000001081 3 -1.0974171438249413e-14 1 13.499999999999996 1 14.326199999999996 3
7 0 0  2 5 4  -35.998293189117796 -68.566199999999995 158.75610496793297  -35.998293189117796 -68.153099999999981 158.75610496793297  -35.998293189117796 -60.989999999999995 158.75610496793297  -35.998293189117796 -53.826900000000009 158.75610496793297  -35.998293189117796 -53.413799999999995 158.75610496793297 
 -0.82620000000001081 3 -1.0974171438249413e-14 1 13.499999999999996 1 14.326199999999996 3
7 0 0  2 5 4  -37.125707206717777 -68.566199999999995 159.14168361765613  -37.125707206717777 -68.153099999999981 159.14168361765613  -37.125707206717777 -60.989999999999995 159.14168361765613  -37.12570720671777 -53.826900000000009 159.14168361765613  -37.12570720671777 -53.413799999999995 159.14168361765613 
 -0.82620000000001081 3 -1.0974171438249413e-14 1 13.499999999999996 1 14.326199999999996 3
7 0 0  7 110 19  -38.600000000000009 -54.290000000000006 158.41578959555449  -38.600000000000009 -54.916561973130669 158.41578959555449  -38.675083678931969 -55.540984943829855 158.38364658513387  -38.824327417292231 -56.157693697721683 158.31975718646811  -39.048630971693484 -56.760943107807563 158.22668007678794  -39.350162448939379 -57.343614172143006 158.10920350852481  -39.732109399967285 -57.896442590917175 157.97463196046246  -40.286384399324618 -58.502746511212095 157.80638081203455  -40.378052957552335 -58.59813435280445 157.77922881958079  -40.472848224915438 -58.691926783391025 157.75188115928128  -40.570809793459006 -58.784027676414453 157.72441016969796  -40.671976622632016 -58.874330897922945 157.69689344722914  -40.7763870392874 -58.962720306570489 157.66941384610971  -41.017088110891365 -59.155719439709557 157.60827426231367  -41.155127531310171 -59.259277140481274 157.57467393904392  -41.298243740758458 -59.359480363446195 157.54143189756212  -41.446472486243927 -59.456044849776262 157.50873520093765  -41.599838263468648 -59.548664271713918 157.47678362869874  -41.75835406033584 -59.637009929984529 157.44578871918242  -42.126063902961562 -59.825104366478101 157.37880148355953  -42.338407557767411 -59.922439742450976 157.34340892528689  -42.55861597297779 -60.011773206793677 157.31032293551652  -42.786191718464579 -60.092213794349377 157.28006227343036  -43.020576421527828 -60.162937963127931 157.25312127871754  -43.261151162555784 -60.223184610295661 157.22995449134896  -43.842654528760264 -60.339126900330243 157.1850732934646  -44.188041088927925 -60.385178289964145 157.16695979911651  -44.539476395436857 -60.408252449504872 157.15777740012854  -44.892858627982243 -60.407309036073954 157.1581527156734  -45.244026957497567 -60.382375528400914 157.16806912012939  -45.588884099666288 -60.334547902792437 157.18686818616311  -46.157941705651368 -60.218040454833854 157.23192831685643  -46.387280307750046 -60.159907900774741 157.25426349128554  -46.610945412271903 -60.092255296327735 157.28001982110493  -46.828397929100696 -60.015748429777531 157.30880042203586  -47.039149173081881 -59.931105512555845 157.34017530046918  -47.242761198923397 -59.839101144462731 157.37369360318974  -47.606978676714817 -59.656086167143926 157.43907962708789  -47.769749424540947 -59.566717524555642 157.47053240497863  -47.927156162960401 -59.47284187967314 157.50301599394209  -48.079208843566839 -59.374812440897628 157.5363036232703  -48.225930294520921 -59.272958452719209 157.57018108907855  -48.367355928909191 -59.167585551954389 157.6044478850057  -48.612558233897985 -58.972022574586461 157.666515640543  -48.718237116190309 -58.882980017423776 157.6942479716387  -48.820608665929548 -58.791978973452601 157.72202431478706  -48.919712175503989 -58.699139517760486 157.74975913887732  -49.015587663740654 -58.604571279565434 157.77737239310275  -49.108275875905285 -58.508373442215927 157.80478950696087  -49.622882902152817 -57.946661707051234 157.96083344482088  -49.978154656232199 -57.446767312510914 158.08407989745976  -50.266349861703581 -56.921221519534058 158.19389890292445  -50.49000995708905 -56.377273586386863 158.28460644647754  -50.65099634505448 -55.82037836392449 158.35228603398841  -50.750189587984664 -55.255007141682668 158.39451222880757  -50.790881442830376 -54.628261073674551 158.41188888119228  -50.793956655046799 -54.571280381071446 158.41320341303793  -50.796409509507491 -54.514277488890414 158.41425270097983  -50.798240102899442 -54.457258008038721 158.41503618702839  -50.79944849893959 -54.400227556575928 158.41555350140783  -50.800034728374882 -54.343191759713918 158.41580446255614  -50.799998161848158 -54.285160993382888 158.41578880865302  -50.799997345267364 -54.284165737031273 158.41578845907989  -50.799996339239854 -54.283170480791867 158.41578802840587  -50.799995143765607 -54.282175224694541 158.41578751663101  -50.799993758844614 -54.281179968769109 158.41578692375543  -50.799992184476871 -54.280184713045443 158.41578624977916  -50.79998865684891 -54.278194202686095 158.41578473962596  -50.799986703588942 -54.277198948050383 158.41578390344915  -50.799984560882415 -54.27620369367618 158.41578298617202  -50.799982228729306 -54.275208439593271 158.41578198779462  -50.799979707129594 -54.274213185831584 158.41578090831717  -50.799976996083259 -54.273217932420906 158.4157797477398  -50.799971195100241 -54.271227427388638 158.41577726438689  -50.799968105163963 -54.270232175767049 158.41577594161151  -50.799964825781373 -54.269236924556211 158.41577453773672  -50.799961356952451 -54.268241673785965 158.41577305276275  -50.799957698677161 -54.267246423486156 158.41577148668978  -50.799953850955461 -54.266251173686683 158.41576983951808  -50.79994607201116 -54.264333495668708 158.41576650943193  -50.799942167497235 -54.263411067375486 158.415764837951  -50.799938100245491 -54.262488639561454 158.41576309680525  -50.799933870255884 -54.261566212250401 158.41576128599488  -50.799929477528387 -54.26064378546603 158.41575940552013  -50.799924922062957 -54.259721359232159 158.41575745538123  -50.799917126727031 -54.258197343148296 158.41575411829717  -50.799913980375095 -54.257595752968271 158.41575277138489  -50.799910764803727 -54.256994163039124 158.41575139484164  -50.799907480012905 -54.256392573367393 158.4157499886675  -50.799904126002616 -54.255790983959699 158.41574855286251  -50.799900702772852 -54.255189394822636 158.41574708742681  -50.79989359314861 -54.253964732575909 158.41574404390076  -50.79988990172177 -54.253341659486367 158.41574246365624  -50.799886136043078 -54.252718586701562 158.41574085162696  -50.799882296112514 -54.25209551422877 158.415739207813  -50.799878381930071 -54.251472442075325 158.41573753221445  -50.79987439349572 -54.250849370248559 158.41573582483142  -50.799866268129065 -54.249603228163906 158.41573234649906  -50.799862131196974 -54.24898015790599 158.41573057554984  -50.799857920013167 -54.248357087989419 158.41572877281644  -50.799853634577616 -54.247734018421525 158.41572693829889  -50.799849274890313 -54.247110949209585 158.41572507199737  -50.799844840951238 -54.246487880360931 158.41572317391194  -50.799834270032456 -54.245026893799675 158.41571864870633  -50.799828073016144 -54.244188976386695 158.41571599588721  -50.799821741711384 -54.243351059661833 158.41571328558567  -50.799815276118139 -54.242513143642938 158.41571051780195  -50.799808676236353 -54.241675228347773 158.41570769253636  -50.799801942065983 -54.240837313794188 158.41570480978916  -50.799795073606965 -54.239999400000002 158.41570186956068 
 0 8 0.26030394585300193 6 0.3098178251840723 6 0.37097212169131399 6 0.44721284820136464 6 0.55112983765346868 6 0.62392721512465232 6 0.68634645540096795 6 0.73631978270884502 6 0.97354696731796286 6 0.99725868251758321 6 0.99767244645439124 6 0.99808621013149679 6 0.99849997338152696 6 0.99888346235130399 6 0.99913356737563741 6 0.99939260439411115 6 0.99965164103807069 6 1 8
7 0 0  4 29 10  -38.600204926393062 -54.239999400000002 158.41570186956068  -38.600193319285893 -54.241415402511038 158.41570683829485  -38.600182150467745 -54.24283140750056 158.41571161942255  -38.600171419938192 -54.244247414828166 158.41571621294145  -38.600150835434093 -54.247079436842611 158.41572502476652  -38.600140981461379 -54.24849545152945 158.41572924307192  -38.600131565778383 -54.249911468273623 158.41573327376355  -38.600113920540991 -54.252694679823279 158.41574082740232  -38.600105661282349 -54.254061874498845 158.41574436306473  -38.600097810608602 -54.255429070835092 158.41574772382518  -38.600082660629745 -54.258212297248647 158.41575420932492  -38.600075391031758 -54.259628327437483 158.41575732134743  -38.600068559725258 -54.261044359131844 158.41576024574823  -38.600055773686613 -54.263876427091716 158.4157657193073  -38.600049818955583 -54.265292463357227 158.41576826846509  -38.600044302516778 -54.266708500847486 158.41577062999801  -38.600034146218029 -54.26954057945899 158.41577497781441  -38.600029506358965 -54.270956620580236 158.41577696409749  -38.600025304792723 -54.272372662645452 158.41577876275323  -38.600017778242623 -54.27520474946671 158.41578198480991  -38.600014453259448 -54.276620794222751 158.41578340821053  -38.600011566569478 -54.278036839642013 158.41578464398202  -38.60000666977453 -54.280868932231172 158.41578674026636  -38.600004659669978 -54.282284979401069 158.41578760077897  -38.600003087858894 -54.283701026953409 158.41578827366129  -38.600000977170609 -54.286337805880962 158.41578917723371  -38.600000325723563 -54.287558537194016 158.41578945611423  -38.600000000000009 -54.288779268596997 158.41578959555449  -38.600000000000009 -54.290000000000006 158.41578959555449 
 0 5 0.11328059184895363 3 0.22656142079912467 3 0.33593621083350278 3 0.44921741752690841 3 0.56249877149064798 3 0.67578024243436552 3 0.78906180006805615 3 0.9023434141022959 3 1 5
7 0 0  8 9 2  -39.807253002051596 -67.540000000000006 157.95748410259012  -39.846385736216142 -67.540000000000006 157.94446582216543  -39.886471614735825 -67.542053700524818 157.93126263866793  -39.927515332764017 -67.545966350903186 157.91788367954976  -39.969539865414255 -67.55151413697034 157.90433290969142  -40.012577104205199 -67.55840958304303 157.89061072972265  -40.056766338418505 -67.566252818375844 157.87668643699058  -40.10233031430478 -67.574528586811809 157.86250300867079  -40.150000000000013 -67.582484513305005 157.8478647493325 
 0 9 1 9
7 0 0  6 12 3  -40.149999400000027 -67.582484413166881 157.84786493357865  -40.229179143408352 -67.595699256110535 157.82355065986991  -40.306117069898171 -67.611225562901453 157.80048064591563  -40.382083677995226 -67.629319667685635 157.77820026265479  -40.456737810736527 -67.650450358194362 157.75681861401389  -40.528110853439863 -67.674979351115169 157.73684458853504  -40.60586907859512 -67.708806419985606 157.71547573695807  -40.618792023189485 -67.71469958600359 157.7119393449203  -40.631437908696398 -67.720760227005101 157.70849300574434  -40.643776156255242 -67.726993819019853 157.70514385922337  -40.655770854538964 -67.733405606035959 157.70190031436249  -40.667380759754138 -67.740000599999988 157.69877204937885 
 0 7 0.8305676697061577 5 1 7
8 0 5.8828258763482051
2 -44.700000000000017 -67.739999999999995 172.66500009999999 1.2246467991473532e-16 1 -1.1102230246251565e-16 0.82850971494834247 -3.9293497762255925e-17 0.55997468892461244 0.55997468892461244 -1.6056017720563365e-16 -0.82850971494834247 15.5
7 0 0  6 12 3  -49.250000600000021 -67.582484413166881 157.84786493357865  -49.170820856591881 -67.595699256110507 157.82355065986997  -49.093882930101692 -67.611225562901481 157.80048064591554  -49.017916322004787 -67.629319667685664 157.77820026265482  -48.943262189263557 -67.650450358194334 157.75681861401389  -48.871889146560214 -67.674979351115141 157.73684458853506  -48.794130921404914 -67.708806419985606 157.71547573695807  -48.781207976810549 -67.71469958600359 157.7119393449203  -48.768562091303629 -67.720760227005101 157.70849300574434  -48.756223843744792 -67.726993819019853 157.70514385922337  -48.744229145461063 -67.733405606035959 157.70190031436249  -48.732619240245889 -67.740000599999988 157.69877204937885 
 0 7 0.83056766970622853 5 1 7
7 0 0  8 9 2  -49.592746997948431 -67.540000000000006 157.95748410259012  -49.553614263783807 -67.540000000000006 157.9444658221654  -49.513528385264507 -67.542053700524818 157.93126263866804  -49.472484667235406 -67.545966350903271 157.9178836795495  -49.430460134586554 -67.551514136970198 157.90433290969173  -49.387422895794167 -67.558409583043172 157.89061072972237  -49.343233661581891 -67.566252818375787 157.87668643699072  -49.297669685695155 -67.574528586811837 157.86250300867073  -49.250000000000021 -67.582484513305005 157.8478647493325 
 0 9 1 9
7 0 0  2 5 4  -52.274292793282264 -68.566199999999995 159.14168361765616  -52.274292793282264 -68.153099999999981 159.14168361765616  -52.274292793282264 -60.989999999999995 159.14168361765616  -52.274292793282257 -53.826900000000009 159.14168361765613  -52.274292793282257 -53.413799999999995 159.14168361765613 
 -0.82620000000001081 3 -1.0974171438249413e-14 1 13.499999999999996 1 14.326199999999996 3
7 0 0  4 5 2  -38.624845735292027 -53.739999400000002 162.25851170765549  -38.612426152013548 -53.877182676382134 162.26576207699003  -38.604142097710252 -54.014682043107186 162.27062470555663  -38.600000000000016 -54.152341102776049 162.27305610476984  -38.600000000000016 -54.290000000000006 162.27305610476984 
 0 5 1 5
1 -38.600000000000016 -54.290000000000006 163.16500009999999 -1.1102230246251568e-16 -1.1102230246251564e-16 -1 
7 0 0  4 29 10  -38.600204926393062 -54.239999400000002 159.4002912807307  -38.600193319287094 -54.241415402364751 159.40029661827475  -38.600182150469223 -54.242831407309339 159.40030175428782  -38.600171419939208 -54.244247414687621 159.40030668876722  -38.600150835435031 -54.247079436713548 159.40031615466287  -38.600140981462523 -54.248495451361165 159.40032068607835  -38.600131565779165 -54.249911468150273 159.40032501595462  -38.600113610975583 -54.252743508069145 159.4003332726314  -38.600105071856817 -54.254159531198937 159.40033719943125  -38.600096971028343 -54.255575556177959 159.40034092468704  -38.600081645940854 -54.258407611547952 159.400347972112  -38.600074421683082 -54.259823641938951 159.40035129428057  -38.600067635716563 -54.261239673886948 159.40035441490096  -38.600054940358376 -54.264071742266268 159.40036025304587  -38.600049030967753 -54.265487778697562 159.40036297056994  -38.600043559869142 -54.266903816393622 159.4003654865424  -38.600033667796488 -54.269687066352091 159.40037003557632  -38.60002921711731 -54.271054278538699 159.40037208229793  -38.600025175024854 -54.272421491636592 159.40037394112596  -38.600017778242737 -54.275204749423168 159.40037734267054  -38.600014453259575 -54.276620794168522 159.40037887172616  -38.600011566569542 -54.278036839604184 159.40038019922554  -38.600006669774572 -54.280868932204825 159.40038245111117  -38.60000465967002 -54.282284979369777 159.40038337549726  -38.600003087858916 -54.283701026932803 159.40038409832579  -38.600000977170616 -54.2863378058736 159.40038506896792  -38.600000325723556 -54.287558537186655 159.40038536854897  -38.600000000000016 -54.288779268593331 159.4003855183395  -38.600000000000016 -54.290000000000006 159.4003855183395 
 0 5 0.11328065172482021 3 0.22656151898174814 3 0.33984257423344483 3 0.45312378994263658 3 0.56640513857405295 3 0.67578033410334215 3 0.7890618637486243 3 0.90234344466271355 3 1 5
1 -38.600000000000016 -54.290000000000006 163.16500009999999 -1.1102230246251568e-16 -1.1102230246251564e-16 -1 
2 -44.700000000000017 -54.290000000000006 156.66500009999999 -1.1102230246251568e-16 -1.1102230246251564e-16 -1 1 -1.2246467991473535e-16 -1.1102230246251565e-16 -1.2246467991473532e-16 -1 1.1102230246251565e-16 6.0999999999999996
7 0 0  4 50 17  -50.799795073606965 -54.340000599999982 159.4002912807307  -50.79980668071294 -54.338584597635233 159.40029661827475  -50.799817849530832 -54.337168592690645 159.40030175428785  -50.799828580060812 -54.335752585312363 159.40030668876722  -50.799849164564989 -54.332920563286464 159.40031615466285  -50.799859018537518 -54.331504548638819 159.40032068607837  -50.799868434220869 -54.330088531849711 159.40032501595462  -50.799886079458389 -54.327305320281184 159.4003331302747  -50.799894338716889 -54.325938125636995 159.40033692837764  -50.799902189390878 -54.324570929264198 159.40034053859654  -50.799917339369763 -54.321787702846578 159.40034750549421  -50.799924608967686 -54.320371672685653 159.4003508485124  -50.799931440274371 -54.31895564095764 159.40035398998251  -50.799944005863885 -54.316172401797374 159.40035976845041  -50.799949769851594 -54.314805194461414 159.40036241910809  -50.799955125253142 -54.313437985932339 159.40036488187476  -50.799965195560901 -54.310654736522949 159.40036951287175  -50.799969880760422 -54.30923869556544 159.40037166744116  -50.799974127667269 -54.307822653615275 159.40037362045643  -50.799981744898503 -54.304990567024973 159.40037712337818  -50.799985115222263 -54.303574522384835 159.40037867328437  -50.79998804725291 -54.302158477044301 159.40038002163439  -50.799992948738179 -54.299375213800303 159.4003822756768  -50.799994947898384 -54.298007995934441 159.40038319502986  -50.799996538471134 -54.296640777683379 159.40038392648626  -50.79999896829429 -54.293830168153463 159.40038504388883  -50.799999760748776 -54.292386776845504 159.400385408315  -50.800000097819911 -54.290943385409648 159.40038556332394  -50.799999830938553 -54.287687471928351 159.40038544059317  -50.799998964284967 -54.285874949898428 159.40038504204509  -50.799997379546923 -54.284062428217212 159.40038431327147  -50.799992773899454 -54.280437384291034 159.40038219527383  -50.799989752988544 -54.278624862046101 159.40038080604916  -50.799986013991564 -54.27681234076276 159.40037908660003  -50.799977099816076 -54.273187297010153 159.40037498725201  -50.799971924634619 -54.27137477454086 159.40037260735181  -50.799966031363866 -54.269562253646072 159.40036989722915  -50.799952808623196 -54.265937210073062 159.40036381653471  -50.799945479148896 -54.26412468739484 159.40036044596093  -50.799937431580503 -54.262312166904039 159.4003567451677  -50.799919900219258 -54.258687123504544 159.40034868313259  -50.799910416420531 -54.256874600595907 159.40034432188799  -50.799900214521337 -54.255062080487576 159.40033963042794  -50.799878751020472 -54.25149953833666 159.40032976022206  -50.799867538082452 -54.249749516083554 159.40032460385373  -50.799855655706978 -54.247999497002482 159.40031913965529  -50.799831896840821 -54.244686956707667 159.40030821400293  -50.799820156108908 -54.243124434794666 159.40030281497459  -50.799807881697717 -54.241561915826665 159.40029717054929  -50.799795073606965 -54.239999399999974 159.4002912807307 
 0 5 0.056640325863140578 3 0.11328075949247712 3 0.16796816406218029 3 0.22460876938028818 3 0.27929631404053601 3 0.3359370378583571 3 0.39257780155213573 3 0.44726546038762521 3 0.50499995979690482 3 0.57749938985243654 3 0.64999889486756013 3 0.72249854876146369 3 0.79499842446367053 3 0.86749859638343152 3 0.93749911173155998 3 1 5
7 0 0  8 9 2  -49.797793640389941 -57.640000000000001 161.74643792359598  -50.073200224174947 -57.220905692137094 161.51761900708149  -50.293939896747183 -56.799206411516863 161.26349628369326  -50.468493942895499 -56.37864761977194 160.98759713083774  -50.602240360312166 -55.961342151875201 160.693876949296  -50.699531979663064 -55.548566310343674 160.38587138402133  -50.76351470915661 -55.140873605368071 160.06640102521118  -50.796530802821678 -54.738228257424609 159.73748883809591  -50.799795078525193 -54.339999999999989 159.40029128299233 
 0 9 1 9
7 0 0  6 17 4  -49.797793246101669 -57.640000599999993 161.74643773950578  -49.862879057000121 -57.540957630510619 161.77682580674949  -49.925361465914804 -57.440845405045948 161.80656538581624  -49.98526313859692 -57.339713693351101 161.83558923874349  -50.042602735424182 -57.237610788272647 161.86383253333213  -50.097394911400833 -57.134583505758584 161.89123284314644  -50.345839850609792 -56.640567629321893 162.01721256148363  -50.506664665285591 -56.237290352265532 162.10416512209929  -50.63193555807937 -55.824186528346971 162.17506541734818  -50.721698911139335 -55.404111675043808 162.2272019403471  -50.775911773408382 -54.979606436354018 162.25893207898017  -50.800174550280218 -54.417559471487962 162.2731563537337  -50.802407400049326 -54.281902335556012 162.27447067396551  -50.80102068837985 -54.146215344802229 162.27365601070235  -50.796014476015458 -54.010601226524969 162.27071278097009  -50.7873909182061 -53.875162084703888 162.26565528528533  -50.775154264708 -53.739999400000002 162.25851170765549 
 0 7 0.16814143683067076 5 0.79941757692446136 5 1 7
1 -50.775154319027635 -53.739999999999995 163.16500009999999 -1.1102230246251568e-16 -1.1102230246251564e-16 -1 
7 0 0  6 12 3  -50.775154373347213 -53.740000599999988 162.14288057302252  -50.741629406556797 -53.369692289458001 162.1235242686115  -50.681022818163605 -53.001886915268884 162.08870278606037  -50.593487507047165 -52.638130114925886 162.03902054408937  -50.479037457736737 -52.280067977232463 161.97568290805725  -50.337620776194932 -51.929540373046919 161.90046201718926  -50.114565199829478 -51.477929819224656 161.78801818534879  -50.057006467930591 -51.368169901405523 161.75941741963499  -49.996569604913859 -51.259439528567 161.72985744720003  -49.933236411659529 -51.151793396422349 161.69941139672048  -49.866985690676358 -51.045291553271269 161.66815649179793  -49.797793246101669 -50.939999399999991 161.6361740509592 
 0 7 0.75478845935798278 5 1 7
7 0 0  7 50 9  -49.797793640389941 -50.939999999999984 161.63617423320889  -49.769433220017447 -50.896843113249631 161.62306535177765  -49.740440684177329 -50.853652957481373 161.61072507275071  -49.710821725061386 -50.810462727198782 161.59916170100223  -49.680583854780693 -50.767305489643192 161.58838200627639  -49.649736405365573 -50.72421418479361 161.57839122318723  -49.618290528765606 -50.681221625366888 161.56919305121878  -49.472767175782593 -50.486496811690742 161.53101510602988  -49.351893924282159 -50.336239568781892 161.51121016238201  -49.22428110623401 -50.189131495861076 161.50149728669732  -49.090739415791319 -50.046446961167717 161.50168555055606  -48.952211140426982 -49.909201348716394 161.51140068435561  -48.809737008668627 -49.778169262851563 161.5301688710345  -48.528473506499139 -49.537654283952506 161.58298290452623  -48.390006564482121 -49.427300375921774 161.61597402004142  -48.249808061717147 -49.323206831495312 161.65601714720495  -48.108678275297429 -49.225576501727474 161.70271411184959  -47.967419234913876 -49.134491301999347 161.75570177234596  -47.826854468992657 -49.049943748138574 161.81470861923466  -47.590457651229791 -48.917128982124254 161.92517074801503  -47.493847315546532 -48.865589991043791 161.97359600903954  -47.398340610431553 -48.817209879372925 162.02489784641654  -47.304303511737913 -48.771971057599714 162.07908228191829  -47.21218569436526 -48.729865888645762 162.13618179127124  -47.122554878079924 -48.690895201431019 162.19628024342703  -47.010485823568111 -48.644432905457322 162.27837373140613  -46.985098085614048 -48.634067410560917 162.2974619697425  -46.960018852271851 -48.623982097529236 162.3168344178946  -46.935270952108304 -48.614178187792348 162.33649549410256  -46.910879610817283 -48.604657287286031 162.35644986603558  -46.886872451219773 -48.595421386451605 162.37670245079187  -46.833664029969228 -48.575240069918934 162.42306163981115  -46.80470235799951 -48.564460448741087 162.44934209265722  -46.77645309523507 -48.554138310247183 162.47611065871774  -46.748984065129157 -48.544279777883915 162.50337721425564  -46.722371619424166 -48.534892463649513 162.53115025151678  -46.696699960867832 -48.525985146743423 162.55943650373121  -46.622994175758237 -48.500804728657684 162.64560005263576  -46.577979150147165 -48.485969517149229 162.7050610640751  -46.537799029298583 -48.473160720176836 162.76660817581413  -46.503335492651964 -48.462487240521781 162.83014778361337  -46.475508738388605 -48.454045648406449 162.89548931790083  -46.454987928464874 -48.447893890117982 162.96227931871667  -46.438197377797287 -48.44289090034745 163.04906798528199  -46.435088275412333 -48.441967482211297 163.06828862398993  -46.432577906274986 -48.441223712515225 163.08756579045328  -46.430665650850351 -48.440658096331802 163.10688739719637  -46.429347641503789 -48.440268597784254 163.12624153778705  -46.428616762500923 -48.440052640046659 163.14561648683664  -46.428462650007603 -48.440007105343724 163.16500069999998 
 0 8 0.071656501089551267 6 0.3255466968695615 6 0.56308998720177728 6 0.72962582784121355 6 0.77911977693310508 6 0.84124790157848084 6 0.96496783168521771 6 1 8
7 0 0  6 12 3  -47.200000000000017 -48.725828902702588 162.56500009999996  -47.200000000000017 -48.725828902702588 162.44927528068587  -47.182144239977134 -48.717806093704027 162.33359243414822  -47.146453154552113 -48.701770775562991 162.22070480019968  -47.093140084351603 -48.678331216176716 162.11345531411803  -47.022726505919429 -48.648763270457792 162.01493439978361  -46.857692108161103 -48.583729680135335 161.84990000202527  -46.764958153743237 -48.54870106142441 161.78052705725611  -46.659664432490146 -48.511204057856801 161.72456513120434  -46.544590359913983 -48.473386774785851 161.68528164899479  -46.423334603852737 -48.437098743941092 161.66500009999999  -46.300000000000011 -48.403574938895432 161.66500009999999 
 0 7 0.52310551027028651 5 1 7
2 -44.700000000000017 -54.290000000000006 161.66500009999999 -1.1102230246251568e-16 -1.1102230246251564e-16 -1 1 -1.2246467991473535e-16 -1.1102230246251565e-16 -1.2246467991473532e-16 -1 1.1102230246251565e-16 6.0999999999999996
7 0 0  6 12 3  -41.70000000000001 -48.978691310044198 162.56500009999996  -41.70000000000001 -48.978691310044198 162.43037230103351  -41.724166704901862 -48.965041917140312 162.29606767196998  -41.772279108632802 -48.937863311983548 162.1665888357893  -41.843610880378748 -48.898666748548393 162.04644875630299  -41.93663575940969 -48.85040304646985 161.94054113932401  -42.123400183395894 -48.760255706451105 161.79567180224493  -42.207324331128326 -48.721263173596228 161.74578352104183  -42.298911191130443 -48.680715955921855 161.70633057438431  -42.396366817686406 -48.64003497448077 161.67900174167349  -42.497523561697513 -48.600447215473807 161.66500009999999  -42.600000000000016 -48.562871574689453 161.66500009999999 
 0 7 0.59833607449189563 5 1 7
7 0 0  7 50 9  -39.602206359610079 -50.939999999999984 161.63617423320889  -39.63056677998258 -50.896843113249631 161.62306535177765  -39.659559315822698 -50.853652957481373 161.61072507275071  -39.689178274938634 -50.810462727198782 161.59916170100223  -39.719416145219327 -50.767305489643192 161.58838200627639  -39.750263594634454 -50.72421418479361 161.57839122318723  -39.781709471234429 -50.681221625366888 161.56919305121878  -39.927232824217491 -50.486496811690685 161.53101510602988  -40.048106075717698 -50.336239568782062 161.51121016238201  -40.175718893766103 -50.18913149586102 161.50149728669732  -40.309260584208843 -50.046446961167575 161.50168555055606  -40.447788859572945 -49.909201348716479 161.51140068435561  -40.590262991331372 -49.778169262851591 161.5301688710345  -40.871526493500781 -49.537654283952591 161.5829829045262  -41.009993435518098 -49.427300375921575 161.61597402004148  -41.150191938282774 -49.323206831495398 161.65601714720486  -41.291321724702485 -49.225576501727588 161.70271411184953  -41.432580765086335 -49.134491301999205 161.75570177234604  -41.573145531007277 -49.049943748138631 161.81470861923461  -41.809542348770265 -48.917128982124225 161.92517074801503  -41.906152684453389 -48.865589991043819 161.97359600903957  -42.001659389568516 -48.817209879372925 162.02489784641651  -42.095696488262185 -48.771971057599714 162.07908228191829  -42.187814305634689 -48.729865888645762 162.13618179127127  -42.277445121920088 -48.690895201431019 162.19628024342703  -42.389514176431909 -48.644432905457322 162.27837373140613  -42.414901914385972 -48.634067410560917 162.2974619697425  -42.439981147728169 -48.623982097529236 162.31683441789457  -42.464729047891716 -48.614178187792348 162.33649549410254  -42.489120389182737 -48.604657287286031 162.35644986603558  -42.513127548780247 -48.595421386451605 162.37670245079187  -42.566335970030785 -48.575240069918962 162.42306163981112  -42.595297642000517 -48.564460448741087 162.44934209265722  -42.623546904764964 -48.554138310247183 162.47611065871774  -42.651015934870856 -48.544279777883915 162.50337721425564  -42.67762838057584 -48.534892463649513 162.53115025151675  -42.703300039132195 -48.525985146743423 162.55943650373121  -42.777005824241741 -48.500804728657712 162.6456000526357  -42.822020849853146 -48.485969517149172 162.70506106407535  -42.862200970700833 -48.473160720176921 162.76660817581359  -42.896664507348689 -48.462487240521725 162.83014778361394  -42.924491261611145 -48.454045648406478 162.89548931790048  -42.945012071535167 -48.447893890117982 162.96227931871675  -42.96180262220274 -48.44289090034745 163.04906798528199  -42.964911724587694 -48.441967482211297 163.06828862398993  -42.967422093725041 -48.441223712515225 163.08756579045328  -42.969334349149676 -48.440658096331802 163.10688739719637  -42.970652358496238 -48.440268597784254 163.12624153778705  -42.971383237499111 -48.440052640046659 163.14561648683664  -42.971537349992424 -48.440007105343724 163.16500069999998 
 0 8 0.07165650108957769 6 0.32554669686983873 6 0.5630899872020545 6 0.72962582784144936 6 0.77911977693332413 6 0.84124790157865736 6 0.96496783168522238 6 1 8
7 0 0  6 12 3  -39.602206753898358 -50.939999399999991 161.6361740509592  -39.5330584611023 -51.045224366226918 161.66813608376557  -39.466848141651425 -51.151657474809426 161.69937150755618  -39.403551644091273 -51.25923345185511 161.72979916014864  -39.34314780787436 -51.367892363175102 161.75934196386231  -39.285618463360152 -51.477579614283869 161.78792692551818  -39.062525661905937 -51.929177359024649 161.90038412196813  -38.921057333459295 -52.279771427600522 161.97563045159404  -38.806566901946006 -52.637904106713947 162.03898966422381  -38.719002329355817 -53.001734423634176 162.08868833761568  -38.658377554856493 -53.369615395446388 162.12352024930152  -38.624845626652814 -53.740000599999988 162.14288057302252 
 0 7 0.24505511244072845 5 1 7
1 -38.624845680972392 -53.739999999999995 163.16500009999999 -1.1102230246251568e-16 -1.1102230246251564e-16 -1 
2 -44.70000000000001 -54.339999999999989 172.66500009999999 -1.2246467991473532e-16 -1 1.1102230246251565e-16 -1 1.2246467991473532e-16 0 -1.3596310734468911e-32 -1.1102230246251565e-16 -1 14.6
1 -35.853467984610106 -53.739999999999995 161.05040276299852 -1.2246467991473532e-16 -1 1.1102230246251565e-16 
7 0 0  4 23 8  -38.600000000000016 -54.290000000000006 159.4003855183395  -38.600000000000016 -54.29181252201478 159.4003855183395  -38.600000718084402 -54.293625044029554 159.40038518811394  -38.600002154253168 -54.295437565737913 159.40038452766282  -38.600006462761677 -54.299062609676227 159.40038254631014  -38.600009335102783 -54.300875131906238 159.40038122540798  -38.600012925529825 -54.302687653216893 159.40037957428123  -38.60002139399456 -54.306250196080995 159.40037567990061  -38.600026223365511 -54.308000217717492 159.40037345902687  -38.600031722155919 -54.309750237935489 159.40037093031182  -38.600044278887736 -54.313312780942894 159.4003651558894  -38.60005138550288 -54.31512530360915 159.40036188779897  -38.600059210211576 -54.316937824151395 159.40035828948871  -38.600076295850343 -54.320562867566096 159.40035043241954  -38.600085556786127 -54.322375390438523 159.40034617365802  -38.600095535821652 -54.324187910574054 159.40034158468058  -38.6001169301462 -54.32781295381524 159.4003317462774  -38.600128345442428 -54.329625476920839 159.40032649684835  -38.600140478846164 -54.331437996676627 159.40032091720823  -38.600165295642171 -54.334938039583491 159.4003095050526  -38.60017788340928 -54.336625563221489 159.40030371650826  -38.600191093659447 -54.338313083442742 159.40029764173278  -38.600204926393062 -54.340000599999982 159.4002912807307 
 0 5 0.14499885516954203 3 0.28999785013080487 3 0.42999715069554001 3 0.57499685016073609 3 0.71999712490394918 3 0.86499812418468802 3 1 5
2 -32.500000000000014 -43.689999999999984 160.24000009999997 -1.2246467991473532e-16 -1 1.1102230246251565e-16 -1 1.2246467991473532e-16 0 -1.3596310734468911e-32 -1.1102230246251565e-16 -1 3.4500000000000002
1 -35.95000000000001 -43.239999999999995 160.24000009999997 -1.2246467991473532e-16 -1 1.1102230246251565e-16 
7 0 0  8 65 10  -33.24899082735233 -54.339999999999989 163.60771635000413  -33.350775419355934 -54.425137393415596 163.58507913234175  -33.455038671310291 -54.508722446403496 163.55820053839207  -33.562334956669133 -54.590739094512216 163.52654697073254  -33.673127631707935 -54.670889729847758 163.48941874520403  -33.787772269467723 -54.748621083195061 163.44599984988866  -33.90661975108965 -54.82302180191131 163.39517673043508  -34.029944473705967 -54.892895369571718 163.33568145165717  -34.198591717254523 -54.976163597630929 163.24322883289162  -34.239211505506923 -54.995342156425565 163.22016897667658  -34.28030578680675 -55.013811915939513 163.19600150842243  -34.321868044229447 -55.031497145788009 163.17066903345957  -34.363878569083113 -55.048309856648316 163.14411669178884  -34.406303702741234 -55.064151335717028 163.11629425848955  -34.449094670461776 -55.078914562969246 163.08715933662666  -34.511030399743134 -55.098423130730126 163.04335335737377  -34.529930883776274 -55.104130694076972 163.02976923244984  -34.548881185368593 -55.109600663848013 163.01592737540182  -34.567874071596158 -55.114823256855416 163.00182662301813  -34.586901332519027 -55.1197885827102 162.98746667887787  -34.605953763165395 -55.124486785397565 162.97284825086916  -34.625021145515788 -55.12890818485225 162.9579731887078  -34.678619721495629 -55.140530105524746 162.915454912347  -34.713166415086178 -55.147080306159168 162.88722863132821  -34.74765694093427 -55.152636178133818 162.85819083288399  -34.782010847551469 -55.15714588181838 162.82837665317544  -34.816143212210761 -55.160566383160742 162.79783307524585  -34.849965250871875 -55.162866256591954 162.7666206942263  -34.88338492810648 -55.164028487931589 162.73481548254119  -34.945519604762438 -55.164075272727658 162.67384660865619  -34.974347212447995 -55.163201798793594 162.64478250793653  -35.002724913813068 -55.161432392818782 162.61538216020807  -35.030597272505339 -55.15877718790621 162.58570857231368  -35.057918022890519 -55.155255470820364 162.5558234874909  -35.084649200855694 -55.150894239873892 162.52578702217693  -35.110760274612616 -55.145726762814419 162.49565730281353  -35.149132976109897 -55.136783185735723 162.45020252107949  -35.161874105005133 -55.133577709161713 162.43490427387999  -35.174448172199469 -55.130179614862257 162.4196019582713  -35.186853207375783 -55.126593913108749 162.40430174544818  -35.199087759887078 -55.12282571457088 162.38900938058239  -35.211150898756472 -55.118880230316577 162.37373018282278  -35.223042212677193 -55.114762771812011 162.35846904529527  -35.258376704219877 -55.101846483343351 162.31252475834086  -35.281293189887016 -55.092537990101491 162.28191178366413  -35.303513166860732 -55.082596368327458 162.25142604914362  -35.325044105970335 -55.072064225799167 162.22109620633199  -35.345898078562229 -55.060982846634701 162.190945263115  -35.36609078603437 -55.049391356986305 162.16099082656308  -35.385640589370745 -55.037325890734436 162.13124534578287  -35.480629379605361 -54.974556257006029 161.98304802734253  -35.546379361048409 -54.917329878627399 161.86827210030566  -35.603651862220673 -54.855059782046467 161.7572004285949  -35.653614106204131 -54.78905754555494 161.64978404305938  -35.697302425235307 -54.720321262376942 161.54584785402668  -35.735539244645103 -54.649489437272464 161.44512400629526  -35.769040644955936 -54.576910874278397 161.34719870164307  -35.806278213304047 -54.482638666833978 161.22577368359291  -35.813866509328669 -54.46254219367249 161.20021045017259  -35.821157653844125 -54.442343729548966 161.17482482222397  -35.828161118738372 -54.422048798358858 161.14961209067613  -35.834885814892147 -54.40166249883076 161.12456774119886  -35.841340092179003 -54.381189504526262 161.09968745420264  -35.847531739465275 -54.360634063840095 161.07496710483861  -35.853467984610106 -54.339999999999989 161.05040276299852 
 0 9 0.29458407063809716 7 0.38663411323602498 7 0.42688877388415425 7 0.49976834186116442 7 0.56443389602608396 7 0.59720392204603423 7 0.66323526045165671 7 0.92859578301663082 7 1 9
1 -33.24899082735233 -53.739999999999995 163.60771635000413 -1.2246467991473532e-16 -1 1.1102230246251565e-16 
2 -44.70000000000001 -54.339999999999989 172.66500009999999 -1.2246467991473532e-16 -1 1.1102230246251565e-16 -1 1.2246467991473532e-16 0 -1.3596310734468911e-32 -1.1102230246251565e-16 -1 14.6
1 -33.24899082735233 -53.739999999999995 181.72228384999582 -1.2246467991473532e-16 -1 1.1102230246251565e-16 
2 -32.500000000000014 -43.689999999999984 185.09000009999997 -1.2246467991473532e-16 -1 1.1102230246251565e-16 -1 1.2246467991473532e-16 0 -1.3596310734468911e-32 -1.1102230246251565e-16 -1 3.4500000000000002
1 -35.95000000000001 -43.239999999999995 185.09000009999997 -1.2246467991473532e-16 -1 1.1102230246251565e-16 
7 0 0  8 65 10  -35.853467984610106 -54.339999999999989 184.27959743700143  -35.828759074867357 -54.425886820475128 184.17735130487455  -35.79969103642852 -54.510184605015311 184.07267294125009  -35.765705313448713 -54.592885625118001 183.96499477701812  -35.726071328262869 -54.673685948000369 183.85384931315286  -35.679942266474583 -54.752014610684498 183.73888704518654  -35.626158909217004 -54.826923085921905 183.61977037808975  -35.563411209805437 -54.897167381029377 183.49625101103257  -35.466779935452507 -54.980106094841304 183.32853599678563  -35.443208257502867 -54.998820462607668 183.28897749048537  -35.418551519137644 -55.016839920684603 183.24898201586879  -35.392755551468838 -55.034091469809297 183.20855788356818  -35.36576905383945 -55.050490659822785 183.16772595195607  -35.337545627527859 -55.065943079277318 183.12652031218167  -35.308046846260709 -55.080346679350114 183.08498933391564  -35.263633291429713 -55.09945034092361 183.02472589774385  -35.249766863766446 -55.10507966310054 183.00620493631342  -35.235645428946732 -55.1104735453291 182.9876404658965  -35.221268072051778 -55.115622402466656 182.96903968620896  -35.206634748578978 -55.120516555522684 182.95041073279299  -35.191746418179314 -55.125146369688267 182.93176269151255  -35.176605178394809 -55.129502392365495 182.91310561304846  -35.133683058045129 -55.140861533244092 182.861079930682  -35.10534797884214 -55.147243604868791 182.82770939522345  -35.076234488990451 -55.152667387584373 182.79440975839009  -35.04637741423079 -55.157084190698768 182.76125640939006  -35.015822679430087 -55.160453507926846 182.72832870537241  -34.984628910170386 -55.162745574002727 182.69570938753168  -34.952869034337866 -55.163943921291988 182.66348399721255  -34.891345373218194 -55.164142431097602 182.60290206229047  -34.861658175259358 -55.163333795054896 182.57445467777725  -34.831636059946852 -55.161620965582742 182.54646360870555  -34.80134380374173 -55.15901369421222 182.51898420708645  -34.77084483460952 -55.155531094088573 182.49206258377529  -34.740200877175113 -55.151200187361795 182.46573648553604  -34.709471597877766 -55.146054452576564 182.44003617210524  -34.663183912594093 -55.137142130185751 182.40233632862078  -34.647645339577785 -55.133953690201665 182.38985210875472  -34.632105216412825 -55.130571955972371 182.37753505065209  -34.616569792350241 -55.127001935490583 182.36538705572278  -34.601044880556351 -55.123248740879703 182.35340950979281  -34.585535858112742 -55.11931758839377 182.34160328310423  -34.570047666016286 -55.115213798417685 182.32996873031522  -34.523672756712671 -55.102404562934097 182.29558973829717  -34.492863156196094 -55.093198105641179 182.27336037002067  -34.46219003918312 -55.083365607985499 182.25181536758828  -34.431681582562128 -55.072948816455764 182.23094713733619  -34.401360361163441 -55.0619882221079 182.21074365369111  -34.37124360036654 -55.050522243041129 182.19118940284284  -34.341343428707312 -55.03858640687379 182.17226632641666  -34.243093619211592 -54.99762001948308 182.11164193880015  -34.175760965780974 -54.96670801486782 182.07262198498478  -34.109705098274773 -54.933855102883555 182.0366116996928  -34.044939105013697 -54.899378571513452 182.00335710167988  -33.981450128115213 -54.863538841988813 181.97262639108476  -33.919197313806819 -54.826542252949892 181.94420576065082  -33.858110819495025 -54.788542199992477 181.91789805954875  -33.724386426150431 -54.701863627348487 181.86359245543048  -33.652352474876658 -54.652766314524413 181.83660180945463  -33.581852657455215 -54.602567662735439 181.81223333745726  -33.51278048778611 -54.551442085877895 181.7902369290041  -33.445044747050787 -54.499527592189438 181.77040769297594  -33.37855907718864 -54.446932443167967 181.75257044040296  -33.313236780782375 -54.393738320357372 181.73657235479891  -33.24899082735233 -54.339999999999989 181.72228384999582 
 0 9 0.29722095963169948 7 0.3876552352201551 7 0.42762500859100849 7 0.49912375228649974 7 0.5640782742231969 7 0.59687582419538177 7 0.6624419479841227 7 0.81394667054610959 7 1 9
1 -35.853467984610106 -53.739999999999995 184.27959743700143 -1.2246467991473532e-16 -1 1.1102230246251565e-16 
2 -44.70000000000001 -54.339999999999989 172.66500009999999 -1.2246467991473532e-16 -1 1.1102230246251565e-16 -1 1.2246467991473532e-16 0 -1.3596310734468911e-32 -1.1102230246251565e-16 -1 14.6
7 0 0  2 5 4  -30.952429751802981 -68.566199999999995 181.61940557933133  -30.952429751802981 -68.153099999999981 181.61940557933133  -30.952429751802978 -60.989999999999995 181.61940557933133  -30.952429751802978 -53.826899999999981 181.61940557933133  -30.952429751802978 -53.413799999999995 181.61940557933133 
 -0.82620000000001081 3 -1.0974171438249413e-14 1 13.499999999999996 1 14.326199999999996 3
7 0 0  2 5 4  -31.317343256434491 -68.566199999999995 180.48513427301134  -31.317343256434491 -68.153099999999981 180.48513427301134  -31.317343256434487 -60.989999999999995 180.48513427301134  -31.317343256434487 -53.826899999999981 180.48513427301134  -31.317343256434487 -53.413799999999995 180.48513427301134 
 -0.82620000000001081 3 -1.0974171438249413e-14 1 13.499999999999996 1 14.326199999999996 3
7 0 0  2 5 4  -31.317343256434498 -68.566199999999995 164.8448659269886  -31.317343256434498 -68.153099999999981 164.8448659269886  -31.317343256434494 -60.989999999999995 164.8448659269886  -31.317343256434494 -53.826900000000009 164.8448659269886  -31.317343256434494 -53.413799999999995 164.8448659269886 
 -0.82620000000001081 3 -1.0974171438249413e-14 1 13.499999999999996 1 14.326199999999996 3
7 0 0  2 5 4  -30.952429751802981 -68.566199999999995 163.71059462066864  -30.952429751802981 -68.153099999999981 163.71059462066864  -30.952429751802981 -60.989999999999995 163.71059462066864  -30.952429751802981 -53.826900000000009 163.71059462066864  -30.952429751802981 -53.413799999999995 163.71059462066864 
 -0.82620000000001081 3 -1.0974171438249413e-14 1 13.499999999999996 1 14.326199999999996 3
7 0 0  7 20 4  -41.70000000000001 -48.602313836625214 162.56500009999996  -41.70000000000001 -48.61910811430154 162.51878215874041  -41.702769027840127 -48.636657030929356 162.47276855035111  -41.708262934860237 -48.654855323557328 162.42712615087783  -41.716431846522902 -48.6735867745913 162.38200664082814  -41.727224987113431 -48.692725065928627 162.33754898655113  -41.740595504440002 -48.712134633092447 162.29388192161721  -41.781558148110861 -48.76243589452686 162.18380013979743  -41.812888539784858 -48.793492352594441 162.11878533926301  -41.850357054435321 -48.824308948096601 162.05647802189259  -41.893873010685198 -48.854240789992289 161.99737177877634  -41.943322678516601 -48.882512852878406 161.94204820757707  -41.998551446116736 -48.908204492923332 161.89118335020572  -42.123346325677716 -48.953733356664955 161.79738935527558  -42.193693077299308 -48.973225708493644 161.75493638219683  -42.269565509341149 -48.987503958114402 161.7194918616986  -42.349840865029201 -48.995364962337518 161.69219081044551  -42.433016229011457 -48.996026875824569 161.67389861318659  -42.517146263599727 -48.98969805461509 161.66500009999999  -42.600000000000009 -48.977437837907658 161.66500009999999 
 0 8 0.23604801829596692 6 0.60774848729609865 6 1 8
7 0 0  6 7 2  -41.70000000000001 -48.753706805062322 162.22500009999999  -41.70000000000001 -48.650396110760724 162.41882327574277  -41.70000000000001 -48.566554302217625 162.62317556841293  -41.70000000000001 -48.503250019819816 162.83542534303615  -41.70000000000001 -48.461014608250238 163.0529139568425  -41.70000000000001 -48.439999999999984 163.27302101831933  -41.70000000000001 -48.439999999999984 163.49316822190715 
 0 7 1 7
2 -44.70000000000001 -48.439999999999984 172.66500009999999 -1.2246467991473532e-16 -1 1.1102230246251565e-16 -1 1.2246467991473532e-16 0 -1.3596310734468911e-32 -1.1102230246251565e-16 -1 9.6500000000000004
7 0 0  8 23 4  -37.38000000000001 -50.068058243300086 182.16500009999999  -37.471957694099785 -49.917238459191921 182.16500009999999  -37.579845136565694 -49.775594807770588 182.16500009999999  -37.701287457037218 -49.643891049707051 182.16500009999999  -37.83396988013849 -49.522366298413104 182.16500009999999  -37.975807240143993 -49.410893753833406 182.16500009999999  -38.125036951902317 -49.309085573276505 182.16500009999999  -38.280284165307926 -49.216374958292548 182.16500009999999  -38.727886797005766 -48.981167268044956 182.16500009999999  -39.030590159694327 -48.857809983508773 182.16500009999999  -39.343726795062928 -48.757782947706303 182.16500009999999  -39.663714851527061 -48.677995123273448 182.16500009999999  -39.987849890287968 -48.615231518783659 182.16500009999999  -40.314496807115482 -48.566688963109826 182.16500009999999  -40.64295858761102 -48.529792639865931 182.16500009999999  -41.225789983913756 -48.481360125125391 182.16500009999999  -41.478814906227058 -48.465922422046631 182.16500009999999  -41.732423423182489 -48.455013021534441 182.16500009999999  -41.986456477662969 -48.447736871073644 182.16500009999999  -42.240798847203507 -48.443282214667406 182.16500009999999  -42.495377289793105 -48.440917316609685 182.16500009999999  -42.750159642701703 -48.439999999999984 182.16500009999999  -43.005154874332177 -48.439999999999984 182.16500009999999 
 0 9 0.24051247784117885 7 0.67131178272012437 7 1 9
2 -44.70000000000001 -50.939999999999984 172.66500009999999 -1.2246467991473532e-16 -1 1.1102230246251565e-16 -1 1.2246467991473532e-16 0 -1.3596310734468911e-32 -1.1102230246251565e-16 -1 12.15
2 -44.70000000000001 -53.739999999999995 172.66500009999999 1.2246467991473532e-16 1 -1.1102230246251565e-16 -1 1.2246467991473532e-16 0 1.3596310734468911e-32 1.1102230246251565e-16 1 12.15
2 -44.70000000000001 -53.739999999999995 172.66500009999999 -1.2246467991473532e-16 -1 1.1102230246251565e-16 -1 1.2246467991473532e-16 0 -1.3596310734468911e-32 -1.1102230246251565e-16 -1 12.050000000000001
7 0 0  6 12 3  -38.600000000000016 -54.290000000000006 162.27305610476984  -38.600000000000016 -54.760470032988607 162.27305610476984  -38.643541859354769 -55.230004017730337 162.24749743915407  -38.730306376613413 -55.695274466094887 162.19656678049694  -38.86022876111938 -56.152838466350389 162.12214392304892  -39.033367314532157 -56.598825476691914 162.02778171202539  -39.301719410421875 -57.132917536171831 161.89167579609366  -39.356655714673877 -57.236289984805907 161.86419782271872  -39.414155802034479 -57.338732528724663 161.83587079288603  -39.474234446388849 -57.440197905335637 161.80675772419195  -39.536910472077928 -57.540637350793489 161.77692407401298  -39.602206753898358 -57.640000599999993 161.74643773950578 
 0 7 0.80479658860435965 5 1 7
2 -44.700000000000017 -57.640000000000001 172.66500009999999 -1.2246467991473532e-16 -1 1.1102230246251565e-16 -1 1.2246467991473532e-16 0 -1.3596310734468911e-32 -1.1102230246251565e-16 -1 12.050000000000001
7 0 0  8 9 2  -38.600204921474834 -54.339999999999989 159.40029128299236  -38.603469197034556 -54.738228239883043 159.73748882324267  -38.636485287938591 -55.140873570291447 160.0664009965702  -38.700468012021375 -55.548566261072338 160.38587134565736  -38.797759624513816 -55.961342094225657 160.69387690704986  -38.931506035595767 -56.37864756170994 160.98759709142064  -39.106060078940416 -56.799206362328405 161.26349625344196  -39.326799756257763 -57.22090566236092 161.51761899082416  -39.602206359610094 -57.640000000000001 161.74643792359598 
 0 9 1 9
2 -44.70000000000001 -54.290000000000006 190.26500009999998 2.33486982377251e-16 1.1102230246251563e-16 1 -1 1.2246467991473535e-16 2.33486982377251e-16 -1.2246467991473532e-16 -1 1.1102230246251565e-16 7.3499999999999996
1 -50.800000000000011 -54.290000000000006 188.66500009999999 -0.61564404197231459 1.6288293090903638e-16 0.78802437372456391 
7 0 0  4 23 8  -50.800000000000011 -54.290000000000006 185.92961468166047  -50.800000000000011 -54.29181252201478 185.92961468166047  -50.799999281915632 -54.293625044029554 185.92961501188603  -50.799997845746859 -54.295437565737913 185.92961567233715  -50.79999353723835 -54.299062609676227 185.9296176536898  -50.79999066489723 -54.300875131906238 185.92961897459199  -50.799987074470209 -54.302687653216893 185.92962062571871  -50.799978457435564 -54.30631269698172 185.92962458842197  -50.799973430825084 -54.308125219435837 185.92962689999982  -50.799967686125626 -54.309937740357768 185.92962954180024  -50.799954760528955 -54.313562783942942 185.92963548585024  -50.799947579627457 -54.315375306606185 185.92963878810181  -50.799939680632292 -54.317187827124329 185.92964242057303  -50.799922743562355 -54.320750369513704 185.92965020931891  -50.799913754152193 -54.322500391551088 185.92965434321508  -50.799904095312442 -54.324250411027194 185.92965878494624  -50.799883807592934 -54.327687951684069 185.92966811446556  -50.799873225669856 -54.329375473063848 185.92967298066111  -50.799862021273299 -54.331062991558227 185.92967813309212  -50.799837491380622 -54.334563035917441 185.92968941332137  -50.799824070240767 -54.336375561300926 185.92969558509941  -50.799809930983024 -54.338188082763949 185.92970208708391  -50.799795073606958 -54.340000599999982 185.92970891926927 
 0 5 0.14499885516972139 3 0.28999785013102153 3 0.43499713268897694 3 0.57999684873566748 3 0.71999712490400203 3 0.85499802904789035 3 1 5
2 -44.70000000000001 -54.339999999999989 172.66500009999999 -1.2246467991473532e-16 -1 1.1102230246251565e-16 -1 1.2246467991473532e-16 0 -1.3596310734468911e-32 -1.1102230246251565e-16 -1 14.6
1 -53.546532015389921 -53.739999999999995 184.27959743700143 -1.2246467991473532e-16 -1 1.1102230246251565e-16 
7 0 0  6 12 3  -50.800000000000011 -54.290000000000006 183.05694409523014  -50.800000000000011 -54.76047003298855 183.05694409523014  -50.756458140645265 -55.230004017730508 183.0825027608459  -50.669693623386621 -55.695274466094631 183.13343341950301  -50.53977123888064 -56.152838466350531 183.20785627695108  -50.366632685467849 -56.598825476691971 183.30221848797456  -50.098280589578138 -57.13291753617186 183.43832440390631  -50.043344285326128 -57.236289984805907 183.46580237728125  -49.985844197965534 -57.338732528724663 183.49412940711395  -49.925765553611171 -57.440197905335637 183.52324247580802  -49.863089527922106 -57.540637350793489 183.55307612598696  -49.797793246101676 -57.640000599999993 183.58356246049416 
 0 7 0.80479658860437164 5 1 7
7 0 0  8 9 2  -50.799795078525193 -54.339999999999989 185.92970891700762  -50.796530802965471 -54.738228239882844 185.59251137675744  -50.763514712061173 -55.140873570292271 185.26359920342867  -50.699531987979476 -55.548566261070775 184.94412885434514  -50.60224037548501 -55.961342094227305 184.63612329294705  -50.468493964405241 -56.378647561708803 184.34240310858135  -50.293939921059149 -56.799206362328945 184.06650394655728  -50.073200243742363 -57.220905662360778 183.81238120917587  -49.797793640389934 -57.640000000000001 183.583562276404 
 0 9 1 9
8 0 2.2679676449346928
2 -44.700000000000017 -57.640000000000001 172.66500009999999 1.2246467991473535e-16 1 -1.1102230246251568e-16 -0.42305341414024267 -4.8788734104795246e-17 -0.90610474492979254 -0.90610474492979254 1.5793419165952786e-16 0.42305341414024267 12.050000000000001
8 0 2.0847695396120747
2 -44.70000000000001 -53.739999999999995 172.66500009999999 -1.2246467991473535e-16 -1 1.1102230246251568e-16 -0.50416218415166836 1.5762191929122301e-16 0.86360899258369195 -0.86360899258369195 4.9788352349199826e-17 -0.50416218415166836 12.050000000000001
8 0 2.094365770209047
2 -44.70000000000001 -53.739999999999995 172.66500009999999 -1.2246467991473532e-16 -1 1.1102230246251565e-16 -0.50001270115453678 1.5738121557737522e-16 0.86601807064526326 -0.86601807064526326 5.0544064479270376e-17 -0.50001270115453678 12.15
8 0 2.2756462532101378
2 -44.70000000000001 -50.939999999999984 172.66500009999999 -1.2246467991473532e-16 -1 1.1102230246251565e-16 -0.41957149303620811 1.521601076239524e-16 0.9077222935630519 -0.9077222935630519 6.4582126928153379e-17 -0.41957149303620811 12.15
7 0 0  7 20 4  -46.300000000000011 -48.914768285910597 161.66500009999999  -46.376921899344637 -48.922781699790491 161.66500009999999  -46.454579421538682 -48.925926074815479 161.67267017109438  -46.531331389456867 -48.923638864423779 161.68827502507162  -46.605748553399195 -48.915922038525324 161.7115100399414  -46.676700372087595 -48.903346876383139 161.74175664512771  -46.743319834247195 -48.886736344920578 161.77822326543759  -46.867354497748032 -48.847030471685841 161.86230115117141  -46.924717597898237 -48.823843442713084 161.91007611237274  -46.976688584715198 -48.798275474545491 161.96263491413379  -47.023017845911717 -48.771157834489699 162.01932280643595  -47.063530043182297 -48.743227157800462 162.079556377584  -47.098072259219734 -48.7150993965938 162.14282942562104  -47.147098619642286 -48.6671177336152 162.25655541462825  -47.164475653507971 -48.647116568947112 162.30575238912189  -47.178535928077537 -48.627507880429235 162.35611836517455  -47.189198231720368 -48.608487873080847 162.40745415990551  -47.196378734309995 -48.590237071997237 162.45954313584062  -47.20000000000001 -48.572917344555307 162.51214674950236  -47.20000000000001 -48.556668922618982 162.56500009999996 
 0 8 0.36420094787343482 6 0.73253460305836637 6 1 8
7 0 0  6 7 2  -47.20000000000001 -48.687793556914173 162.22500009999999  -47.20000000000001 -48.606125016234998 162.39929241852676  -47.20000000000001 -48.539963330653265 162.58093371253327  -47.20000000000001 -48.49000565322747 162.76811027726967  -47.20000000000001 -48.456636121010447 162.95898164891463  -47.20000000000001 -48.439999999999984 163.15170919043445  -47.20000000000001 -48.439999999999984 163.34445827025638 
 0 7 1 7
8 0 2.7029888613413648
2 -44.70000000000001 -48.439999999999984 172.66500009999999 -1.2246467991473532e-16 -1 1.1102230246251568e-16 -0.1756316192401898 1.3080523722423412e-16 0.98445595854922285 -0.98445595854922285 1.0106205710061879e-16 -0.1756316192401898 9.6500000000000004
7 0 0  8 23 4  -52.02000000000001 -50.068058243300086 182.16500009999999  -51.928042305902224 -49.91723845919519 182.16500009999999  -51.820154863437196 -49.775594807774851 182.16500009999999  -51.698712542970974 -49.643891049715208 182.16500009999999  -51.566030119871371 -49.522366298422313 182.16500009999999  -51.424192759867836 -49.410893753842956 182.16500009999999  -51.27496304811558 -49.309085573288471 182.16500009999999  -51.119715834711947 -49.216374958304456 182.16500009999999  -50.672113203019478 -48.981167268055643 182.16500009999999  -50.369409840346854 -48.857809983523268 182.16500009999999  -50.056273204945548 -48.757782947709288 182.16500009999999  -49.73628514854574 -48.677995123289165 182.16500009999999  -49.412150109720976 -48.615231518786018 182.16500009999999  -49.085503192942966 -48.566688963117841 182.16500009999999  -48.75704141243088 -48.529792639870649 182.16500009999999  -48.174210016128605 -48.481360125127978 182.16500009999999  -47.921185093809875 -48.465922422048223 182.16500009999999  -47.667576576848042 -48.455013021535322 182.16500009999999  -47.413543522361145 -48.447736871074071 182.16500009999999  -47.159201152814845 -48.443282214667576 182.16500009999999  -46.904622710219506 -48.440917316609713 182.16500009999999  -46.649840357304235 -48.439999999999984 182.16500009999999  -46.394845125667842 -48.439999999999984 182.16500009999999 
 0 9 0.24051247783400739 7 0.671311782708788 7 1 9
1 -44.70000000000001 -48.439999999999984 182.16500009999999 1 -1.2246467991473535e-16 -2.33486982377251e-16 
7 0 0  2 5 4  -53.401706810882231 -68.566199999999995 158.75610496793297  -53.401706810882231 -68.153099999999981 158.75610496793297  -53.401706810882231 -60.989999999999995 158.75610496793297  -53.401706810882231 -53.826900000000009 158.75610496793297  -53.401706810882231 -53.413799999999995 158.75610496793297 
 -0.82620000000001081 3 -1.0974171438249413e-14 1 13.499999999999996 1 14.326199999999996 3
7 0 0  2 5 4  -58.447570248197046 -68.566199999999995 163.71059462066864  -58.447570248197046 -68.153099999999981 163.71059462066864  -58.447570248197046 -60.989999999999995 163.71059462066864  -58.447570248197046 -53.826900000000009 163.71059462066864  -58.447570248197046 -53.413799999999995 163.71059462066864 
 -0.82620000000001081 3 -1.0974171438249413e-14 1 13.499999999999996 1 14.326199999999996 3
7 0 0  2 5 4  -58.082656743565536 -68.566199999999995 164.8448659269886  -58.082656743565536 -68.153099999999981 164.8448659269886  -58.082656743565536 -60.989999999999995 164.8448659269886  -58.082656743565536 -53.826900000000009 164.8448659269886  -58.082656743565536 -53.413799999999995 164.8448659269886 
 -0.82620000000001081 3 -1.0974171438249413e-14 1 13.499999999999996 1 14.326199999999996 3
7 0 0  2 5 4  -58.082656743565536 -68.566199999999995 180.48513427301134  -58.082656743565536 -68.153099999999981 180.48513427301134  -58.082656743565536 -60.989999999999995 180.48513427301134  -58.082656743565536 -53.826899999999981 180.48513427301134  -58.082656743565536 -53.413799999999995 180.48513427301134 
 -0.82620000000001081 3 -1.0974171438249413e-14 1 13.499999999999996 1 14.326199999999996 3
7 0 0  2 5 4  -58.447570248197053 -68.566199999999995 181.61940557933133  -58.447570248197053 -68.153099999999981 181.61940557933133  -58.447570248197053 -60.989999999999995 181.61940557933133  -58.447570248197053 -53.826899999999981 181.61940557933133  -58.447570248197053 -53.413799999999995 181.61940557933133 
 -0.82620000000001081 3 -1.0974171438249413e-14 1 13.499999999999996 1 14.326199999999996 3
2 -56.900000000000013 -43.689999999999984 185.09000009999997 -1.2246467991473532e-16 -1 1.1102230246251565e-16 -1 1.2246467991473532e-16 0 -1.3596310734468911e-32 -1.1102230246251565e-16 -1 3.4500000000000002
1 -60.350000000000009 -43.239999999999995 185.09000009999997 -1.2246467991473532e-16 -1 1.1102230246251565e-16 
7 0 0  8 65 10  -56.15100917264769 -54.339999999999989 181.72228384999582  -56.048652820829631 -54.425615640066738 181.7450482288632  -55.943796823122923 -54.509655623788959 181.77210024509731  -55.835872038570628 -54.592109127182127 181.80398271621959  -55.724404067631852 -54.672674506446626 181.84140944371288  -55.609031389928219 -54.750787245961774 181.88521187422367  -55.489398123095832 -54.825512427243595 181.93652850625696  -55.365231190870666 -54.895623412176846 181.99665105050448  -55.196114411539128 -54.978660963947064 182.08977858872197  -55.155946166691876 -54.997522684288427 182.11267523626694  -55.115315833053202 -55.015686075168915 182.13665739583411  -55.074230416655155 -55.033077408805084 182.16178029839503  -55.032709671394471 -55.049611273429733 182.18809658746488  -54.990786829639923 -55.065192069428107 182.21565428278498  -54.948509719823569 -55.079716349607949 182.24449369973536  -54.887384166237354 -55.098900403833497 182.2877876380478  -54.868772144956672 -55.104503045688929 182.30118008434755  -54.850112250002873 -55.109874816745148 182.31482242648573  -54.831411426973546 -55.115006376331095 182.32871573602927  -54.812677540859283 -55.119888286893158 182.34286026549418  -54.793919392667867 -55.124511145359392 182.35725532083657  -54.775146736048335 -55.12886571450413 182.37189913394363  -54.721573864529176 -55.140499164554527 182.41438208600613  -54.68675705536932 -55.147104744986123 182.44282544308888  -54.651997077405838 -55.152700503543443 182.47209317212122  -54.617376338763854 -55.157233349200666 182.50214927470807  -54.582981810240582 -55.160659293380164 182.53294556420127  -54.548904390822528 -55.162946351363175 182.56441984158909  -54.515238273202684 -55.16407744370035 182.59649407138645  -54.453253639120284 -55.164032305650792 182.65739544482472  -54.424804338761703 -55.163138188621716 182.68610601481708  -54.396795178508398 -55.161370843110589 182.7151427136742  -54.369279384694337 -55.158740210349336 182.74444486684882  -54.342301458641678 -55.155264918441091 182.77395302050749  -54.315897995601375 -55.150970924575162 182.80360928296403  -54.290098503693855 -55.145890157241993 182.83335766611333  -54.252116859545225 -55.137091950889769 182.87830195043159  -54.239469123858463 -55.133930226833215 182.89347039625952  -54.226985478810334 -55.130578758748314 182.90864330977786  -54.214667882313272 -55.12704241976779 182.92381464789142  -54.202517787171111 -55.12332618368707 182.93897877898044  -54.190536141079136 -55.119435124964397 182.95413048290072  -54.178723386624043 -55.115374418720634 182.96926495098359  -54.143381393777354 -55.102550334794941 183.01513588305403  -54.120383856054893 -55.093270527660067 183.04580312682671  -54.09808528487978 -55.083353228923286 183.0763444684909  -54.076478435746338 -55.072841304870181 183.10673081520267  -54.055551371193417 -55.061776326191577 183.13693878495042  -54.035288449117793 -55.050197715691908 183.16695046136815  -54.015671311087623 -55.03814189599747 183.19675314854862  -53.953153718163804 -54.99699185299572 183.29414671341485  -53.912942712320401 -54.966026117642869 183.3607709927648  -53.875763657506894 -54.933122498984787 183.42617182251973  -53.841362525966673 -54.898597875512351 183.49033214669595  -53.809507207088487 -54.862712254442343 183.55326104960918  -53.779983180686216 -54.825671613868352 183.6149957800813  -53.752592114274947 -54.787629069048236 183.6756027449577  -53.696009476992231 -54.701005476123626 183.80811310128661  -53.667817326894664 -54.652014315587692 183.87944104399725  -53.642258628095014 -54.601929510688265 183.94929163967731  -53.619083652120395 -54.550923746237615 184.01776598708932  -53.598087630174341 -54.499133750622562 184.0849508953039  -53.579095277960207 -54.446666853066219 184.15092886102113  -53.561953463134465 -54.393604109921981 184.21578307205806  -53.546532015389914 -54.339999999999989 184.27959743700146 
 0 9 0.29628808130187168 7 0.38721223226088597 7 0.42685237907974405 7 0.50031334467960087 7 0.56417839478739873 7 0.59667726266300325 7 0.66281993726029265 7 0.81441118443770366 7 1 9
1 -56.15100917264769 -53.739999999999995 181.72228384999582 -1.2246467991473532e-16 -1 1.1102230246251565e-16 
1 -56.15100917264769 -53.739999999999995 163.60771635000413 -1.2246467991473532e-16 -1 1.1102230246251565e-16 
8 0 1.3384080825217652
2 -44.70000000000001 -54.339999999999989 172.66500009999999 -1.2246467991473532e-16 -1 1.1102230246251565e-16 -0.78431569675669044 1.6492497732944264e-16 0.62036190068464669 -0.62036190068464669 -1.1104112912777914e-17 -0.78431569675669044 14.6
2 -56.900000000000013 -43.689999999999984 160.24000009999997 -1.2246467991473532e-16 -1 1.1102230246251565e-16 -1 1.2246467991473532e-16 0 -1.3596310734468911e-32 -1.1102230246251565e-16 -1 3.4500000000000002
1 -60.350000000000009 -43.239999999999995 160.24000009999997 -1.2246467991473532e-16 -1 1.1102230246251565e-16 
7 0 0  8 65 10  -53.546532015389921 -54.339999999999989 161.05040276299852  -53.571063831431395 -54.425271252443721 161.15191607663328  -53.599894640671515 -54.508983674354866 161.25583578734199  -53.633570726017346 -54.591122640466878 161.36271047445177  -53.672804104317322 -54.671389413470493 161.47299362612361  -53.718421478532917 -54.749227592573178 161.58702742564108  -53.771549587029604 -54.823719284468993 161.70514362069093  -53.83346779280263 -54.893659603941401 161.82759293327678  -53.929187347981483 -54.976872346864084 161.99466788518666  -53.952948684354652 -54.995970155002894 162.03475182230682  -53.97782085760506 -55.014361444676794 162.07528696137609  -54.003860596375986 -55.031970944552441 162.11626559581009  -54.031121834156473 -55.048711264441167 162.15766697533778  -54.059653607950196 -55.064484423953715 162.19945659199186  -54.08949686743653 -55.079184254484076 162.24158508271023  -54.134106669650293 -55.098518952514823 162.30224345682177  -54.147780636409038 -55.104118248457112 162.32054953040344  -54.16170376149001 -55.10948854033289 162.33889898565025  -54.175877015578962 -55.114620577722732 162.35728496061776  -54.19030054792686 -55.119505010533217 162.3756997007616  -54.20497356081944 -55.124132517725613 162.39413454463914  -54.219894184046709 -55.128493936044762 162.41257990961131  -54.263365154504314 -55.140207759198731 162.46545358604462  -54.292529018785785 -55.146878798587878 162.49988929733837  -54.322523994000051 -55.152533344754957 162.53425503640523  -54.353312520218083 -55.157117435570441 162.56846826926656  -54.384844563930621 -55.160586282866362 162.60244198308223  -54.417055756180162 -55.162907246366828 162.63608536624699  -54.449865530692904 -55.164062807619089 162.66930448848726  -54.512276926653094 -55.164045450525222 162.73057062544251  -54.541767088983619 -55.16314827110763 162.7587476530444  -54.571581299345688 -55.16136179080091 162.78647060750163  -54.601656213434403 -55.158696223515236 162.81368593436227  -54.631929933400954 -55.1551707885436 162.84034911503488  -54.662342348957019 -55.15081228716393 162.86642380083933  -54.692835478479068 -55.145653679241221 162.89188094705747  -54.73878146600029 -55.136739460493786 162.92924346027178  -54.754216591533535 -55.133551171702251 162.94162617514871  -54.769652668940495 -55.130172616647386 162.95384377087922  -54.785083605669712 -55.126608716611216 162.96589442654769  -54.80050373439034 -55.122864490965682 162.97777682105874  -54.815907812992116 -55.118945057172525 162.98949013313702  -54.831291024585369 -55.114855630783453 163.00103404132747  -54.877972386989633 -55.101925038123326 163.03560802958984  -54.909189419018894 -55.092563582570094 163.05810217249524  -54.940264898388108 -55.082561051878926 163.0798936902919  -54.971169780270877 -55.071960843218747 163.10099071795034  -55.001880882183947 -55.060804999439924 163.12140599410893  -55.032380615956107 -55.04913335068558 163.14115586735159  -55.062656719697088 -55.036982656002735 163.1602593024856  -55.213026900764277 -54.973937797661009 163.25273567881851  -55.329246371878327 -54.91650371413364 163.3164500026528  -55.441588586565715 -54.854014450692958 163.37172594786361  -55.550125981124388 -54.787786576781841 163.41973588050112  -55.655055200254431 -54.718821933585005 163.46151854510879  -55.756661248308447 -54.647760392519629 163.49789462662997  -55.855373653517958 -54.574950929358707 163.52957529577151  -55.977271338810304 -54.480709124835684 163.56442124041152  -56.002601723709049 -54.460879982162808 163.57141970568151  -56.027754413552202 -54.440951996327371 163.57813294568103  -56.052734080399652 -54.420930441730533 163.58456993161693  -56.077545202414662 -54.400820192094827 163.59073910872868  -56.102192063863818 -54.380625720464124 163.59664839628846  -56.126678755117069 -54.360351099203669 163.6023051876011  -56.15100917264769 -54.339999999999989 163.60771635000413 
 0 9 0.29504549690202947 7 0.38681568834371499 7 0.42632879662076539 7 0.50008007588558334 7 0.56451424905936265 7 0.59708707325737054 7 0.66352118177166708 7 0.92957564477922316 7 1 9
1 -53.546532015389921 -53.739999999999995 161.05040276299852 -1.2246467991473532e-16 -1 1.1102230246251565e-16 
2 -44.70000000000001 -54.339999999999989 172.66500009999999 -1.2246467991473532e-16 -1 1.1102230246251565e-16 -1 1.2246467991473532e-16 0 -1.3596310734468911e-32 -1.1102230246251565e-16 -1 14.6
2 -50.300000000000011 -67.890000000000001 156.9650001 -1.3596310734468911e-32 -1.1102230246251565e-16 -1 1.2246467991473532e-16 1 -1.1102230246251565e-16 1 -1.2246467991473532e-16 0 0.34999999999999998
2 -49.250000000000014 -67.890000000000001 156.9650001 1.2246467991473532e-16 1 -1.1102230246251565e-16 -1 1.2246467991473475e-16 -5.0753052554292927e-15 -5.0753052554292927e-15 1.1102230246251627e-16 1 0.69999999999999996
2 -49.250000000000021 -67.890000000000001 158.01500009999998 -1 1.2246467991473475e-16 -5.1365375953866603e-15 -5.1365375953866603e-15 1.1102230246251629e-16 1 1.2246467991473532e-16 1 -1.1102230246251565e-16 0.34999999999999998
8 1.5707963267948966 3.1415926535897931
3 -50.300000000000011 -67.890000000000001 156.11500009999997 -0.70710678118654757 8.0909826893605779e-18 -0.70710678118654757 -0.70710678118654757 1.651002285577381e-16 0.70710678118654757 1.2246467991473532e-16 1 -1.1102230246251565e-16 0.49497474683058329 0.34999999999999998
1 -49.950000000000017 -67.890000000000001 155.76500009999998 1.3596310734468911e-32 1.1102230246251565e-16 1 
1 -49.950000000000017 -67.890000000000001 155.76500009999998 -1 1.2246467991473532e-16 0 
2 -56.950000000000017 -67.890000000000001 156.11500009999997 -1 1.2246467991473532e-16 0 1.2246467991473532e-16 1 -1.1102230246251565e-16 -1.3596310734468911e-32 -1.1102230246251565e-16 -1 0.34999999999999998
2 -56.950000000000017 -67.890000000000001 160.26500009999998 1.2246467991473532e-16 1 -1.1102230246251565e-16 -1.3596310734468911e-32 -1.1102230246251565e-16 -1 -1 1.2246467991473532e-16 0 4.5
2 -61.100000000000009 -67.890000000000001 160.26500009999998 -6.1232339957367648e-17 1.1102230246251565e-16 1 -1 1.2246467991473532e-16 -6.123233995736766e-17 -1.2246467991473532e-16 -1 1.1102230246251565e-16 0.34999999999999998
1 -61.450000000000017 -67.890000000000001 160.26500009999998 1.3596310734468911e-32 1.1102230246251565e-16 1 
2 -61.100000000000009 -67.890000000000001 185.06500009999999 1.3596310734468911e-32 1.1102230246251565e-16 1 1.2246467991473532e-16 1 -1.1102230246251565e-16 -1 1.2246467991473532e-16 0 0.34999999999999998
2 -56.950000000000017 -67.890000000000001 185.06500009999999 1.2246467991473532e-16 1 -1.1102230246251565e-16 -1 1.2246467991473532e-16 0 1.3596310734468911e-32 1.1102230246251565e-16 1 4.5
2 -56.950000000000017 -67.890000000000001 189.21500009999997 1 -1.2246467991473532e-16 6.123233995736766e-17 -6.1232339957367648e-17 1.1102230246251565e-16 1 -1.2246467991473532e-16 -1 1.1102230246251565e-16 0.34999999999999998
1 -56.950000000000017 -67.890000000000001 189.56500009999999 1 -1.2246467991473532e-16 0 
8 4.7123889803846897 6.2831853071795862
3 -50.300000000000011 -67.890000000000001 189.21500009999997 0.70710678118654757 -1.651002285577381e-16 -0.70710678118654757 0.70710678118654757 -8.0909826893605779e-18 0.70710678118654757 -1.2246467991473532e-16 -1 1.1102230246251565e-16 0.49497474683058329 0.34999999999999998
1 -49.950000000000017 -67.890000000000001 189.56500009999999 -1.3596310734468911e-32 -1.1102230246251565e-16 -1 
1 -49.950000000000017 -66.540000000000006 188.36500009999997 -1.2246467991473532e-16 -1 1.1102230246251565e-16 
2 -49.250000000000014 -68.890000000000001 188.36500009999997 -1.2246467991473532e-16 -1 1.1102230246251565e-16 -1 1.2246467991473532e-16 0 -1.3596310734468911e-32 -1.1102230246251565e-16 -1 0.69999999999999996
1 -49.250000000000014 -66.540000000000006 187.66500009999999 -1.2246467991473532e-16 -1 1.1102230246251565e-16 
1 -49.250000000000014 -68.890000000000001 187.66500009999999 1 -1.2246467991473532e-16 0 
1 -40.150000000000013 -66.540000000000006 187.66500009999999 -1.2246467991473532e-16 -1 1.1102230246251565e-16 
1 -39.450000000000017 -66.540000000000006 188.36500009999997 -1.2246467991473532e-16 -1 1.1102230246251565e-16 
2 -40.150000000000013 -68.890000000000001 188.36500009999997 -1.2246467991473532e-16 -1 1.1102230246251565e-16 -1.2688263138573232e-15 -1.1102230246251549e-16 -1 1 -1.2246467991473547e-16 -1.2688263138573232e-15 0.69999999999999996
1 -39.450000000000017 -67.890000000000001 188.36500009999997 1.3596310734468911e-32 1.1102230246251565e-16 1 
8 3.1415926535897931 4.7123889803846897
3 -39.100000000000016 -67.890000000000001 189.21500009999997 -0.70710678118654757 8.0909826893605779e-18 -0.70710678118654757 0.70710678118654757 -1.651002285577381e-16 -0.70710678118654757 -1.2246467991473532e-16 -1 1.1102230246251565e-16 0.49497474683058329 0.34999999999999998
1 -39.450000000000017 -67.890000000000001 189.56500009999999 1 -1.2246467991473532e-16 0 
2 -32.450000000000017 -67.890000000000001 189.21500009999997 -1 1.2246467991473532e-16 0 1.3596310734468911e-32 1.1102230246251565e-16 1 1.2246467991473532e-16 1 -1.1102230246251565e-16 0.34999999999999998
2 -32.450000000000017 -67.890000000000001 185.06500009999999 1.2246467991473532e-16 1 -1.1102230246251565e-16 3.947459643111668e-16 1.110223024625156e-16 1 1 -1.2246467991473537e-16 -3.947459643111668e-16 4.5
2 -28.300000000000015 -67.890000000000001 185.06500009999999 -1.1057558549626348e-16 1.1102230246251568e-16 1 1 -1.2246467991473532e-16 1.1057558549626349e-16 1.2246467991473532e-16 1 -1.1102230246251565e-16 0.34999999999999998
1 -27.950000000000014 -67.890000000000001 185.06500009999999 -1.3596310734468911e-32 -1.1102230246251565e-16 -1 
2 -28.300000000000015 -67.890000000000001 160.26500009999998 1.3596310734468911e-32 1.1102230246251565e-16 1 1 -1.2246467991473532e-16 0 1.2246467991473532e-16 1 -1.1102230246251565e-16 0.34999999999999998
2 -32.450000000000017 -67.890000000000001 160.26500009999998 1.2246467991473532e-16 1 -1.1102230246251565e-16 1 -1.2246467991473532e-16 0 -1.3596310734468911e-32 -1.1102230246251565e-16 -1 4.5
2 -32.450000000000017 -67.890000000000001 156.11500009999997 1 -1.2246467991473532e-16 6.123233995736766e-17 6.1232339957367648e-17 -1.1102230246251565e-16 -1 1.2246467991473532e-16 1 -1.1102230246251565e-16 0.34999999999999998
1 -32.450000000000017 -67.890000000000001 155.76500009999998 -1 1.2246467991473532e-16 0 
8 0 1.5707963267948966
3 -39.100000000000016 -67.890000000000001 156.11500009999997 0.70710678118654757 -1.651002285577381e-16 -0.70710678118654757 -0.70710678118654757 8.0909826893605779e-18 -0.70710678118654757 1.2246467991473532e-16 1 -1.1102230246251565e-16 0.49497474683058329 0.34999999999999998
2 -39.100000000000016 -67.890000000000001 156.9650001 -1.3300586538146973e-15 1.1102230246251583e-16 1 1 -1.2246467991473517e-16 1.3300586538146973e-15 1.2246467991473532e-16 1 -1.1102230246251565e-16 0.34999999999999998
1 -39.450000000000017 -67.890000000000001 156.9650001 -1.3596310734468911e-32 -1.1102230246251565e-16 -1 
2 -40.150000000000013 -67.890000000000001 158.01500009999998 -1 1.2246467991473532e-16 0 1.2246467991473532e-16 1 -1.1102230246251565e-16 -1.3596310734468911e-32 -1.1102230246251565e-16 -1 0.34999999999999998
2 -40.150000000000013 -67.890000000000001 156.9650001 1.2246467991473532e-16 1 -1.1102230246251564e-16 -1.2688263138573297e-15 1.110223024625158e-16 1 1 -1.2246467991473517e-16 1.2688263138573297e-15 0.69999999999999996
1 -49.250000000000014 -67.739999999999995 157.69877233398313 1 -1.2246467991473532e-16 0 
1 -49.250000000000014 -67.890000000000001 157.66500009999999 1 -1.2246467991473532e-16 0 
7 0 0  7 20 4  -41.70000000000001 -48.602313836625214 162.56500009999996  -41.70000000000001 -48.61910811430154 162.51878215874041  -41.702769027840127 -48.636657030929356 162.47276855035111  -41.708262934860237 -48.654855323557328 162.42712615087783  -41.716431846522902 -48.6735867745913 162.38200664082814  -41.727224987113431 -48.692725065928627 162.33754898655113  -41.740595504440002 -48.712134633092447 162.29388192161721  -41.781558148110861 -48.76243589452686 162.18380013979743  -41.812888539784858 -48.793492352594441 162.11878533926301  -41.850357054435321 -48.824308948096601 162.05647802189259  -41.893873010685198 -48.854240789992289 161.99737177877634  -41.943322678516601 -48.882512852878406 161.94204820757707  -41.998551446116736 -48.908204492923332 161.89118335020572  -42.123346325677716 -48.953733356664955 161.79738935527558  -42.193693077299308 -48.973225708493644 161.75493638219683  -42.269565509341149 -48.987503958114402 161.7194918616986  -42.349840865029201 -48.995364962337518 161.69219081044551  -42.433016229011457 -48.996026875824569 161.67389861318659  -42.517146263599727 -48.98969805461509 161.66500009999999  -42.600000000000009 -48.977437837907658 161.66500009999999 
 0 8 0.23604801829596692 6 0.60774848729609865 6 1 8
1 -42.600000000000009 -47.739999999999995 161.66500009999999 -1.2246467991473532e-16 -1 1.1102230246251565e-16 
1 -46.300000000000011 -47.739999999999995 161.66500009999999 -1.2246467991473532e-16 -1 1.1102230246251565e-16 
1 -42.600000000000009 -47.739999999999995 161.66500009999999 -1.2246467991473532e-16 -1 1.1102230246251565e-16 
1 -46.300000000000011 -49.689999999999984 161.66500009999999 1 -1.2246467991473532e-16 0 
1 -46.300000000000011 -47.739999999999995 161.66500009999999 -1.2246467991473532e-16 -1 1.1102230246251565e-16 
7 0 0  7 20 4  -46.300000000000011 -48.914768285910597 161.66500009999999  -46.376921899344637 -48.922781699790491 161.66500009999999  -46.454579421538682 -48.925926074815479 161.67267017109438  -46.531331389456867 -48.923638864423779 161.68827502507162  -46.605748553399195 -48.915922038525324 161.7115100399414  -46.676700372087595 -48.903346876383139 161.74175664512771  -46.743319834247195 -48.886736344920578 161.77822326543759  -46.867354497748032 -48.847030471685841 161.86230115117141  -46.924717597898237 -48.823843442713084 161.91007611237274  -46.976688584715198 -48.798275474545491 161.96263491413379  -47.023017845911717 -48.771157834489699 162.01932280643595  -47.063530043182297 -48.743227157800462 162.079556377584  -47.098072259219734 -48.7150993965938 162.14282942562104  -47.147098619642286 -48.6671177336152 162.25655541462825  -47.164475653507971 -48.647116568947112 162.30575238912189  -47.178535928077537 -48.627507880429235 162.35611836517455  -47.189198231720368 -48.608487873080847 162.40745415990551  -47.196378734309995 -48.590237071997237 162.45954313584062  -47.20000000000001 -48.572917344555307 162.51214674950236  -47.20000000000001 -48.556668922618982 162.56500009999996 
 0 8 0.36420094787343482 6 0.73253460305836637 6 1 8
2 -44.700000000000017 -54.290000000000006 155.06500009999996 -1.1102230246251568e-16 -1.1102230246251564e-16 -1 1 -1.2246467991473535e-16 -1.1102230246251565e-16 -1.2246467991473532e-16 -1 1.1102230246251565e-16 7.3499999999999996
1 -38.600000000000016 -54.290000000000006 156.66500009999999 0.6156440419723147 -1.6288293090903638e-16 -0.7880243737245638 
2 -35.500000000000014 -43.689999999999984 160.24000009999997 -1.3596310734468911e-32 -1.1102230246251565e-16 -1 -1 1.2246467991473532e-16 0 1.2246467991473532e-16 1 -1.1102230246251565e-16 0.45000000000000001
2 -32.500000000000014 -43.239999999999995 160.24000009999997 -1.2246467991473532e-16 -1 1.1102230246251565e-16 -1 1.2246467991473532e-16 0 -1.3596310734468911e-32 -1.1102230246251565e-16 -1 3
2 -35.500000000000014 -43.689999999999984 185.09000009999997 -1.3596310734468911e-32 -1.1102230246251565e-16 -1 -1 1.2246467991473532e-16 0 1.2246467991473532e-16 1 -1.1102230246251565e-16 0.45000000000000001
2 -32.500000000000014 -43.239999999999995 185.09000009999997 -1.2246467991473532e-16 -1 1.1102230246251565e-16 -1 1.2246467991473532e-16 0 -1.3596310734468911e-32 -1.1102230246251565e-16 -1 3
2 -42.600000000000016 -49.689999999999984 162.56500009999996 -1.2246467991473532e-16 -1 1.1102230246251565e-16 -1.3596310734468911e-32 -1.1102230246251565e-16 -1 1 -1.2246467991473532e-16 0 0.90000000000000002
8 0 1.0876861633747898
1 -41.70000000000001 -49.689999999999984 162.56500009999996 1.2246467991473532e-16 1 -1.1102230246251565e-16 
1 -41.70000000000001 -47.739999999999995 165.96500009999997 -1.2246467991473532e-16 -1 1.1102230246251565e-16 
1 -41.70000000000001 -48.439999999999984 169.76500009999998 -1.3596310734468911e-32 -1.1102230246251565e-16 -1 
8 0 3.4000000000000012
1 -41.70000000000001 -49.689999999999984 162.56500009999996 1.3061447348531251e-16 1.1102230246251564e-16 1 
1 -47.20000000000001 -48.439999999999984 169.76500009999998 -1.3596310734468911e-32 -1.1102230246251565e-16 -1 
2 -46.300000000000011 -48.439999999999984 165.96500009999997 -1.2246467991473532e-16 -1 1.1102230246251565e-16 -1 1.2246467991473532e-16 0 -1.3596310734468911e-32 -1.1102230246251565e-16 -1 0.90000000000000002
1 -43.20000000000001 -48.439999999999984 166.86500009999997 1 -1.2246467991473532e-16 0 
2 -42.600000000000009 -48.439999999999984 165.96500009999997 -1.2246467991473532e-16 -1 1.1102230246251565e-16 1 -1.2246467991473532e-16 0 1.3596310734468911e-32 1.1102230246251565e-16 1 0.90000000000000002
2 -44.70000000000001 -54.290000000000006 191.06500009999996 2.33486982377251e-16 1.1102230246251563e-16 1 -1 1.2246467991473535e-16 2.33486982377251e-16 -1.2246467991473532e-16 -1 1.1102230246251565e-16 7.5999999999999996
1 -52.050000000000011 -54.290000000000006 190.26500009999998 -0.29827499313594757 1.4249671637678405e-16 0.9544799780350296 
2 -59.900000000000013 -43.689999999999984 185.09000009999997 -1.3596310734468911e-32 -1.1102230246251565e-16 -1 -1 1.2246467991473532e-16 0 1.2246467991473532e-16 1 -1.1102230246251565e-16 0.45000000000000001
2 -56.900000000000013 -43.239999999999995 185.09000009999997 -1.2246467991473532e-16 -1 1.1102230246251565e-16 -1 1.2246467991473532e-16 0 -1.3596310734468911e-32 -1.1102230246251565e-16 -1 3
2 -59.900000000000013 -43.689999999999984 160.24000009999997 -1.3596310734468911e-32 -1.1102230246251565e-16 -1 -1 1.2246467991473532e-16 0 1.2246467991473532e-16 1 -1.1102230246251565e-16 0.45000000000000001
2 -56.900000000000013 -43.239999999999995 160.24000009999997 -1.2246467991473532e-16 -1 1.1102230246251565e-16 -1 1.2246467991473532e-16 0 -1.3596310734468911e-32 -1.1102230246251565e-16 -1 3
1 -49.950000000000017 -66.540000000000006 156.9650001 -1.2246467991473532e-16 -1 1.1102230246251565e-16 
2 -49.250000000000014 -68.890000000000001 156.9650001 1.2246467991473532e-16 1 -1.1102230246251565e-16 -1 1.2246467991473475e-16 -5.0753052554292927e-15 -5.0753052554292927e-15 1.1102230246251627e-16 1 0.69999999999999996
1 -49.250000000000014 -66.540000000000006 157.66500009999999 -1.2246467991473532e-16 -1 1.1102230246251565e-16 
1 -49.950000000000017 -67.040000000000006 155.76500009999998 1.2246467991473532e-16 1 -1.1102230246251565e-16 
1 -49.950000000000017 -68.890000000000001 155.76500009999998 1.3596310734468911e-32 1.1102230246251565e-16 1 
1 -56.950000000000017 -67.540000000000006 155.76500009999998 -1.2246467991473532e-16 -1 1.1102230246251565e-16 
1 -49.950000000000017 -68.890000000000001 155.76500009999998 -1 1.2246467991473532e-16 0 
1 -61.450000000000017 -67.540000000000006 160.26500009999998 -1.2246467991473532e-16 -1 1.1102230246251565e-16 
2 -56.950000000000017 -68.890000000000001 160.26500009999998 1.2246467991473532e-16 1 -1.1102230246251565e-16 -1.3596310734468911e-32 -1.1102230246251565e-16 -1 -1 1.2246467991473532e-16 0 4.5
1 -61.450000000000017 -67.540000000000006 185.06500009999999 -1.2246467991473532e-16 -1 1.1102230246251565e-16 
1 -61.450000000000017 -68.890000000000001 160.26500009999998 1.3596310734468911e-32 1.1102230246251565e-16 1 
2 -56.950000000000017 -68.890000000000001 185.06500009999999 1.2246467991473532e-16 1 -1.1102230246251565e-16 -1 1.2246467991473532e-16 0 1.3596310734468911e-32 1.1102230246251565e-16 1 4.5
1 -56.950000000000017 -67.540000000000006 189.56500009999999 -1.2246467991473532e-16 -1 1.1102230246251565e-16 
1 -56.950000000000017 -68.890000000000001 189.56500009999999 1 -1.2246467991473532e-16 0 
1 -49.950000000000017 -67.040000000000006 189.56500009999999 1.2246467991473532e-16 1 -1.1102230246251565e-16 
1 -49.950000000000017 -68.890000000000001 189.56500009999999 -1.3596310734468911e-32 -1.1102230246251565e-16 -1 
2 -50.300000000000011 -68.890000000000001 188.36500009999997 1.3596310734468911e-32 1.1102230246251565e-16 1 -1.2246467991473532e-16 -1 1.1102230246251565e-16 1 -1.2246467991473532e-16 0 0.34999999999999998
2 -49.250000000000014 -69.239999999999995 188.36500009999997 -1.2246467991473532e-16 -1 1.1102230246251565e-16 -1 1.2246467991473532e-16 0 -1.3596310734468911e-32 -1.1102230246251565e-16 -1 1.0499999999999998
2 -49.250000000000014 -68.890000000000001 187.31500009999999 -1 1.2246467991473532e-16 6.123233995736766e-17 -6.1232339957367673e-17 -1.1102230246251564e-16 -1 -1.2246467991473532e-16 -1 1.1102230246251565e-16 0.34999999999999998
1 -49.250000000000014 -69.239999999999995 187.31500009999999 1 -1.2246467991473532e-16 0 
2 -40.150000000000013 -68.890000000000001 187.31500009999999 -1 1.2246467991473532e-16 0 -1.2246467991473532e-16 -1 1.1102230246251565e-16 1.3596310734468911e-32 1.1102230246251565e-16 1 0.34999999999999998
1 -39.450000000000017 -68.890000000000001 188.36500009999997 1.3596310734468911e-32 1.1102230246251565e-16 1 
1 -39.450000000000017 -67.040000000000006 189.56500009999999 1.2246467991473532e-16 1 -1.1102230246251565e-16 
2 -40.150000000000013 -69.239999999999995 188.36500009999997 -1.2246467991473532e-16 -1 1.1102230246251565e-16 -1.2688263138573232e-15 -1.1102230246251549e-16 -1 1 -1.2246467991473547e-16 -1.2688263138573232e-15 1.0499999999999998
2 -39.100000000000016 -68.890000000000001 188.36500009999997 -1.3300586538146907e-15 -1.1102230246251549e-16 -1 1 -1.2246467991473547e-16 -1.3300586538146907e-15 -1.2246467991473532e-16 -1 1.1102230246251565e-16 0.34999999999999998
1 -39.450000000000017 -68.890000000000001 189.56500009999999 1 -1.2246467991473532e-16 0 
1 -32.450000000000017 -67.540000000000006 189.56500009999999 -1.2246467991473532e-16 -1 1.1102230246251565e-16 
1 -27.950000000000014 -67.540000000000006 185.06500009999999 -1.2246467991473532e-16 -1 1.1102230246251565e-16 
2 -32.450000000000017 -68.890000000000001 185.06500009999999 1.2246467991473532e-16 1 -1.1102230246251565e-16 3.947459643111668e-16 1.110223024625156e-16 1 1 -1.2246467991473537e-16 -3.947459643111668e-16 4.5
1 -27.950000000000014 -68.890000000000001 185.06500009999999 -1.3596310734468911e-32 -1.1102230246251565e-16 -1 
1 -27.950000000000014 -67.540000000000006 160.26500009999998 -1.2246467991473532e-16 -1 1.1102230246251565e-16 
2 -32.450000000000017 -68.890000000000001 160.26500009999998 1.2246467991473532e-16 1 -1.1102230246251565e-16 1 -1.2246467991473532e-16 0 -1.3596310734468911e-32 -1.1102230246251565e-16 -1 4.5
1 -32.450000000000017 -67.540000000000006 155.76500009999998 -1.2246467991473532e-16 -1 1.1102230246251565e-16 
1 -39.450000000000017 -67.040000000000006 155.76500009999998 1.2246467991473532e-16 1 -1.1102230246251565e-16 
1 -32.450000000000017 -68.890000000000001 155.76500009999998 -1 1.2246467991473532e-16 0 
1 -39.450000000000017 -68.890000000000001 156.9650001 -1.3596310734468911e-32 -1.1102230246251565e-16 -1 
1 -39.450000000000017 -66.540000000000006 156.9650001 -1.2246467991473532e-16 -1 1.1102230246251565e-16 
2 -40.150000000000013 -68.890000000000001 156.9650001 1.2246467991473532e-16 1 -1.1102230246251564e-16 -1.2688263138573297e-15 1.110223024625158e-16 1 1 -1.2246467991473517e-16 1.2688263138573297e-15 0.69999999999999996
1 -40.150000000000013 -66.540000000000006 157.66500009999999 -1.2246467991473532e-16 -1 1.1102230246251565e-16 
1 -49.250000000000014 -68.890000000000001 157.66500009999999 1 -1.2246467991473532e-16 0 
8 0 1.1333310773810013
1 -47.20000000000001 -48.556668922618982 162.56500009999996 2.6937952052517679e-16 -1 1.1102230246251565e-16 
2 -46.300000000000011 -49.689999999999984 162.56500009999996 -1.2246467991473532e-16 -1 1.1102230246251565e-16 -1 1.2246467991473532e-16 0 -1.3596310734468911e-32 -1.1102230246251565e-16 -1 0.90000000000000002
1 -47.20000000000001 -47.739999999999995 165.96500009999997 -1.2246467991473532e-16 -1 1.1102230246251565e-16 
8 0 3.4000000000000004
1 -47.20000000000001 -49.689999999999984 165.96500009999997 -1.3596310734468911e-32 -1.1102230246251565e-16 -1 
2 -44.700000000000017 -54.290000000000006 154.26500009999998 -1.1102230246251568e-16 -1.1102230246251564e-16 -1 1 -1.2246467991473535e-16 -1.1102230246251565e-16 -1.2246467991473532e-16 -1 1.1102230246251565e-16 7.5999999999999996
1 -37.350000000000016 -54.290000000000006 155.06500009999996 0.29827499313594763 -1.4249671637678405e-16 -0.95447997803502949 
2 -32.500000000000014 -43.239999999999995 160.24000009999997 1.2246467991473532e-16 1 -1.1102230246251565e-16 -1 1.2246467991473532e-16 0 1.3596310734468911e-32 1.1102230246251565e-16 1 1.6000000000000001
2 -32.500000000000014 -43.239999999999995 185.09000009999997 1.2246467991473532e-16 1 -1.1102230246251565e-16 -1 1.2246467991473532e-16 0 1.3596310734468911e-32 1.1102230246251565e-16 1 1.6000000000000001
2 -42.600000000000016 -49.689999999999984 165.96500009999997 -1.2246467991473532e-16 -1 1.1102230246251565e-16 1 -1.2246467991473532e-16 0 1.3596310734468911e-32 1.1102230246251565e-16 1 0.90000000000000002
1 -42.600000000000009 -47.739999999999995 166.86500009999997 -1.2246467991473532e-16 -1 1.1102230246251565e-16 
8 0 3.4000000000000012
1 -42.150000000000013 -50.140000000000001 162.56500009999996 1.3061447348531254e-16 3.7225124943314063e-16 1 
2 -42.150000000000013 -49.689999999999984 162.56500009999996 6.1232339957367673e-17 1.1102230246251564e-16 1 1 -1.2246467991473532e-16 -6.123233995736766e-17 1.2246467991473532e-16 1 -1.1102230246251565e-16 0.45000000000000001
2 -42.150000000000013 -49.689999999999984 165.96500009999997 1.3596310734468911e-32 1.1102230246251565e-16 1 -1.2246467991473532e-16 -1 1.1102230246251565e-16 1 -1.2246467991473532e-16 0 0.45000000000000001
1 -46.300000000000011 -47.739999999999995 166.86500009999997 -1.2246467991473532e-16 -1 1.1102230246251565e-16 
1 -42.600000000000016 -49.689999999999984 166.86500009999997 -1 1.2246467991473532e-16 0 
2 -46.300000000000011 -49.689999999999984 165.96500009999997 -1.2246467991473532e-16 -1 1.1102230246251565e-16 -7.4014868308343733e-16 1.1102230246251575e-16 1 -1 1.2246467991473525e-16 -7.4014868308343733e-16 0.90000000000000002
2 -44.70000000000001 -54.290000000000006 198.46500009999997 2.33486982377251e-16 1.1102230246251563e-16 1 -1 1.2246467991473535e-16 2.33486982377251e-16 -1.2246467991473532e-16 -1 1.1102230246251565e-16 7.5999999999999996
1 -52.300000000000011 -54.290000000000006 191.06500009999996 2.33486982377251e-16 1.1102230246251563e-16 1 
2 -56.900000000000013 -43.239999999999995 185.09000009999997 1.2246467991473532e-16 1 -1.1102230246251565e-16 -1 1.2246467991473532e-16 0 1.3596310734468911e-32 1.1102230246251565e-16 1 1.6000000000000001
2 -56.900000000000013 -43.239999999999995 160.24000009999997 1.2246467991473532e-16 1 -1.1102230246251565e-16 -1 1.2246467991473532e-16 0 1.3596310734468911e-32 1.1102230246251565e-16 1 1.6000000000000001
2 -50.300000000000011 -68.890000000000001 156.9650001 1.3596310734468911e-32 1.1102230246251565e-16 1 -1.2246467991473532e-16 -1 1.1102230246251565e-16 1 -1.2246467991473532e-16 0 0.34999999999999998
2 -49.250000000000014 -69.239999999999995 156.9650001 1.2246467991473532e-16 1 -1.1102230246251565e-16 -1 1.2246467991473475e-16 -5.0753052554292927e-15 -5.0753052554292927e-15 1.1102230246251627e-16 1 1.0499999999999998
2 -49.250000000000021 -68.890000000000001 158.01500009999998 1 -1.2246467991473475e-16 5.1365375953866603e-15 -5.1365375953866603e-15 1.1102230246251629e-16 1 -1.2246467991473532e-16 -1 1.1102230246251565e-16 0.34999999999999998
8 1.5707963267948966 3.1415926535897931
3 -50.300000000000011 -68.890000000000001 156.11500009999997 0.70710678118654757 -8.0909826893605779e-18 0.70710678118654757 -0.70710678118654757 1.651002285577381e-16 0.70710678118654757 -1.2246467991473532e-16 -1 1.1102230246251565e-16 0.49497474683058329 0.34999999999999998
1 -50.300000000000011 -69.239999999999995 155.76500009999998 1.3596310734468911e-32 1.1102230246251565e-16 1 
1 -49.950000000000017 -69.239999999999995 156.11500009999997 -1 1.2246467991473532e-16 0 
2 -56.950000000000017 -68.890000000000001 156.11500009999997 1 -1.2246467991473532e-16 0 -1.2246467991473532e-16 -1 1.1102230246251565e-16 -1.3596310734468911e-32 -1.1102230246251565e-16 -1 0.34999999999999998
2 -56.950000000000017 -69.239999999999995 160.26500009999998 1.2246467991473532e-16 1 -1.1102230246251565e-16 -1.3596310734468911e-32 -1.1102230246251565e-16 -1 -1 1.2246467991473532e-16 0 4.1500000000000004
2 -61.100000000000009 -68.890000000000001 160.26500009999998 6.1232339957367648e-17 -1.1102230246251565e-16 -1 -1 1.2246467991473532e-16 -6.123233995736766e-17 1.2246467991473532e-16 1 -1.1102230246251565e-16 0.34999999999999998
1 -61.100000000000009 -69.239999999999995 160.26500009999998 1.3596310734468911e-32 1.1102230246251565e-16 1 
2 -61.100000000000009 -68.890000000000001 185.06500009999999 -1.3596310734468911e-32 -1.1102230246251565e-16 -1 -1.2246467991473532e-16 -1 1.1102230246251565e-16 -1 1.2246467991473532e-16 0 0.34999999999999998
2 -56.950000000000017 -69.239999999999995 185.06500009999999 1.2246467991473532e-16 1 -1.1102230246251565e-16 -1 1.2246467991473532e-16 0 1.3596310734468911e-32 1.1102230246251565e-16 1 4.1500000000000004
2 -56.950000000000017 -68.890000000000001 189.21500009999997 -1 1.2246467991473532e-16 -6.123233995736766e-17 -6.1232339957367648e-17 1.1102230246251565e-16 1 1.2246467991473532e-16 1 -1.1102230246251565e-16 0.34999999999999998
1 -56.950000000000017 -69.239999999999995 189.21500009999997 1 -1.2246467991473532e-16 0 
8 4.7123889803846897 6.2831853071795862
3 -50.300000000000011 -68.890000000000001 189.21500009999997 -0.70710678118654757 1.651002285577381e-16 0.70710678118654757 0.70710678118654757 -8.0909826893605779e-18 0.70710678118654757 1.2246467991473532e-16 1 -1.1102230246251565e-16 0.49497474683058329 0.34999999999999998
1 -50.300000000000011 -69.239999999999995 189.56500009999999 -1.3596310734468911e-32 -1.1102230246251565e-16 -1 
1 -39.450000000000017 -69.239999999999995 189.21500009999997 1 -1.2246467991473532e-16 0 
1 -39.100000000000016 -69.239999999999995 188.36500009999997 1.3596310734468911e-32 1.1102230246251565e-16 1 
2 -32.450000000000017 -69.239999999999995 185.06500009999999 1.2246467991473532e-16 1 -1.1102230246251565e-16 3.947459643111668e-16 1.110223024625156e-16 1 1 -1.2246467991473537e-16 -3.947459643111668e-16 4.1500000000000004
1 -28.300000000000015 -69.239999999999995 185.06500009999999 -1.3596310734468911e-32 -1.1102230246251565e-16 -1 
2 -32.450000000000017 -69.239999999999995 160.26500009999998 1.2246467991473532e-16 1 -1.1102230246251565e-16 1 -1.2246467991473532e-16 0 -1.3596310734468911e-32 -1.1102230246251565e-16 -1 4.1500000000000004
1 -32.450000000000017 -69.239999999999995 156.11500009999997 -1 1.2246467991473532e-16 0 
1 -39.100000000000016 -69.239999999999995 156.9650001 -1.3596310734468911e-32 -1.1102230246251565e-16 -1 
2 -40.150000000000013 -69.239999999999995 156.9650001 1.2246467991473532e-16 1 -1.1102230246251564e-16 -1.2688263138573297e-15 1.110223024625158e-16 1 1 -1.2246467991473517e-16 1.2688263138573297e-15 1.0499999999999998
1 -49.250000000000014 -69.239999999999995 158.01500009999998 1 -1.2246467991473532e-16 0 
8 3.1415926535897931 4.7123889803846897
3 -39.100000000000016 -68.890000000000001 189.21500009999997 0.70710678118654757 -8.0909826893605779e-18 0.70710678118654757 0.70710678118654757 -1.651002285577381e-16 -0.70710678118654757 1.2246467991473532e-16 1 -1.1102230246251565e-16 0.49497474683058329 0.34999999999999998
2 -32.450000000000017 -68.890000000000001 189.21500009999997 1 -1.2246467991473532e-16 0 1.3596310734468911e-32 1.1102230246251565e-16 1 -1.2246467991473532e-16 -1 1.1102230246251565e-16 0.34999999999999998
2 -28.300000000000015 -68.890000000000001 185.06500009999999 1.1057558549626348e-16 -1.1102230246251568e-16 -1 1 -1.2246467991473532e-16 1.1057558549626349e-16 -1.2246467991473532e-16 -1 1.1102230246251565e-16 0.34999999999999998
2 -28.300000000000015 -68.890000000000001 160.26500009999998 -1.3596310734468911e-32 -1.1102230246251565e-16 -1 1 -1.2246467991473532e-16 0 -1.2246467991473532e-16 -1 1.1102230246251565e-16 0.34999999999999998
2 -32.450000000000017 -68.890000000000001 156.11500009999997 -1 1.2246467991473532e-16 -6.123233995736766e-17 6.1232339957367648e-17 -1.1102230246251565e-16 -1 -1.2246467991473532e-16 -1 1.1102230246251565e-16 0.34999999999999998
8 0 1.5707963267948966
3 -39.100000000000016 -68.890000000000001 156.11500009999997 -0.70710678118654757 1.651002285577381e-16 0.70710678118654757 -0.70710678118654757 8.0909826893605779e-18 -0.70710678118654757 -1.2246467991473532e-16 -1 1.1102230246251565e-16 0.49497474683058329 0.34999999999999998
2 -39.100000000000016 -68.890000000000001 156.9650001 1.3300586538146973e-15 -1.1102230246251583e-16 -1 1 -1.2246467991473517e-16 1.3300586538146973e-15 -1.2246467991473532e-16 -1 1.1102230246251565e-16 0.34999999999999998
2 -40.150000000000013 -68.890000000000001 158.01500009999998 1 -1.2246467991473532e-16 0 -1.2246467991473532e-16 -1 1.1102230246251565e-16 -1.3596310734468911e-32 -1.1102230246251565e-16 -1 0.34999999999999998
2 -42.600000000000016 -49.689999999999984 162.11500009999997 1 -1.2246467991473532e-16 0 -1.2246467991473532e-16 -1 1.1102230246251565e-16 -1.3596310734468911e-32 -1.1102230246251565e-16 -1 0.45000000000000001
2 -42.600000000000016 -50.140000000000001 162.56500009999996 -1.2246467991473532e-16 -1 1.1102230246251565e-16 -1.3596310734468911e-32 -1.1102230246251565e-16 -1 1 -1.2246467991473532e-16 0 0.45000000000000001
2 -46.300000000000011 -49.689999999999984 162.11500009999997 1 -1.2246467991473532e-16 -6.123233995736766e-17 -6.1232339957367673e-17 -1.1102230246251564e-16 -1 1.2246467991473532e-16 1 -1.1102230246251565e-16 0.45000000000000001
1 -46.300000000000011 -50.140000000000001 162.11500009999997 1 -1.2246467991473532e-16 0 
2 -46.750000000000014 -49.689999999999984 162.56500009999996 -1.3596310734468911e-32 -1.1102230246251565e-16 -1 -1 1.2246467991473532e-16 0 1.2246467991473532e-16 1 -1.1102230246251565e-16 0.45000000000000001
2 -46.300000000000011 -50.140000000000001 162.56500009999996 -1.2246467991473532e-16 -1 1.1102230246251565e-16 -1 1.2246467991473532e-16 0 -1.3596310734468911e-32 -1.1102230246251565e-16 -1 0.45000000000000001
8 0 3.4000000000000012
1 -46.750000000000014 -50.140000000000001 165.96500009999997 -4.5587630109689863e-32 -3.7225124943314063e-16 -1 
2 -46.750000000000014 -49.689999999999984 165.96500009999997 4.5687173820103835e-16 -1.110223024625157e-16 -1 -1 1.2246467991473527e-16 -4.5687173820103835e-16 1.2246467991473532e-16 1 -1.1102230246251565e-16 0.45000000000000001
2 -44.700000000000017 -54.290000000000006 146.86500009999997 -1.1102230246251568e-16 -1.1102230246251564e-16 -1 1 -1.2246467991473535e-16 -1.1102230246251565e-16 -1.2246467991473532e-16 -1 1.1102230246251565e-16 7.5999999999999996
1 -37.100000000000016 -54.290000000000006 154.26500009999998 -1.1102230246251568e-16 -1.1102230246251564e-16 -1 
1 -34.100000000000009 -43.140000000000001 160.24000009999997 -1.2246467991473532e-16 -1 1.1102230246251565e-16 
2 -32.500000000000014 -46.239999999999995 160.24000009999997 -1.2246467991473532e-16 -1 1.1102230246251565e-16 -1 1.2246467991473532e-16 0 -1.3596310734468911e-32 -1.1102230246251565e-16 -1 1.6000000000000001
1 -34.100000000000009 -43.140000000000001 185.09000009999997 -1.2246467991473532e-16 -1 1.1102230246251565e-16 
2 -32.500000000000014 -46.239999999999995 185.09000009999997 -1.2246467991473532e-16 -1 1.1102230246251565e-16 -1 1.2246467991473532e-16 0 -1.3596310734468911e-32 -1.1102230246251565e-16 -1 1.6000000000000001
2 -42.600000000000016 -50.140000000000001 165.96500009999997 -1.2246467991473532e-16 -1 1.1102230246251565e-16 1 -1.2246467991473532e-16 0 1.3596310734468911e-32 1.1102230246251565e-16 1 0.45000000000000001
2 -42.600000000000016 -49.689999999999984 166.41500009999999 -1 1.2246467991473532e-16 6.123233995736766e-17 6.1232339957367673e-17 1.1102230246251564e-16 1 1.2246467991473532e-16 1 -1.1102230246251565e-16 0.45000000000000001
1 -42.600000000000016 -50.140000000000001 166.41500009999999 -1 1.2246467991473532e-16 0 
2 -46.300000000000011 -50.140000000000001 165.96500009999997 -1.2246467991473532e-16 -1 1.1102230246251565e-16 -7.4014868308343733e-16 1.1102230246251575e-16 1 -1 1.2246467991473525e-16 -7.4014868308343733e-16 0.45000000000000001
2 -46.300000000000011 -49.689999999999984 166.41500009999999 -1 1.2246467991473532e-16 0 -1.2246467991473532e-16 -1 1.1102230246251565e-16 1.3596310734468911e-32 1.1102230246251565e-16 1 0.45000000000000001
2 -44.70000000000001 -54.290000000000006 199.16500009999999 2.33486982377251e-16 1.1102230246251563e-16 1 -1 1.2246467991473535e-16 2.33486982377251e-16 -1.2246467991473532e-16 -1 1.1102230246251565e-16 7.25
1 -52.300000000000004 -54.290000000000006 198.46500009999997 0.44721359549995815 4.4533496303470624e-17 0.89442719099991586 
1 -58.500000000000014 -43.140000000000001 185.09000009999997 -1.2246467991473532e-16 -1 1.1102230246251565e-16 
2 -56.900000000000013 -46.239999999999995 185.09000009999997 -1.2246467991473532e-16 -1 1.1102230246251565e-16 -1 1.2246467991473532e-16 0 -1.3596310734468911e-32 -1.1102230246251565e-16 -1 1.6000000000000001
1 -58.500000000000014 -43.140000000000001 160.24000009999997 -1.2246467991473532e-16 -1 1.1102230246251565e-16 
2 -56.900000000000013 -46.239999999999995 160.24000009999997 -1.2246467991473532e-16 -1 1.1102230246251565e-16 -1 1.2246467991473532e-16 0 -1.3596310734468911e-32 -1.1102230246251565e-16 -1 1.6000000000000001
2 -44.700000000000017 -54.290000000000006 146.16500009999999 -1.1102230246251568e-16 -1.1102230246251564e-16 -1 1 -1.2246467991473535e-16 -1.1102230246251565e-16 -1.2246467991473532e-16 -1 1.1102230246251565e-16 7.25
1 -37.100000000000016 -54.290000000000006 146.86500009999997 -0.44721359549995804 -4.4533496303470643e-17 -0.89442719099991586 
2 -44.70000000000001 -54.290000000000006 199.16500009999999 1.2246467991473535e-16 1.1102230246251564e-16 1 -1.2246467991473532e-16 -1 1.1102230246251565e-16 1 -1.2246467991473535e-16 -1.2246467991473532e-16 4.9000000000000004
2 -44.70000000000001 -54.290000000000006 146.16500009999999 -1.3596310734468911e-32 -1.1102230246251565e-16 -1 -1.2246467991473532e-16 -1 1.1102230246251565e-16 -1 1.2246467991473532e-16 0 4.9000000000000004
2 -44.70000000000001 -54.290000000000006 199.46500009999997 1.2246467991473535e-16 1.1102230246251564e-16 1 -1.2246467991473532e-16 -1 1.1102230246251565e-16 1 -1.2246467991473535e-16 -1.2246467991473532e-16 4.9000000000000004
1 -44.70000000000001 -59.189999999999984 198.96500009999997 1.2246467991473535e-16 1.1102230246251564e-16 1 
2 -44.70000000000001 -54.290000000000006 199.46500009999997 1.2246467991473535e-16 1.1102230246251564e-16 1 -1.2246467991473532e-16 -1 1.1102230246251565e-16 1 -1.2246467991473535e-16 -1.2246467991473532e-16 4.9000000000000004
1 -40.94638222871702 -57.439659287464039 198.96500009999997 1.2246467991473535e-16 1.1102230246251564e-16 1 
2 -44.70000000000001 -54.290000000000006 200.77005112572166 -1.2246467991473535e-16 -1.1102230246251564e-16 -1 1.2246467991473532e-16 1 -1.1102230246251565e-16 1 -1.2246467991473535e-16 -1.2246467991473532e-16 4.9000000000000004
1 -41.55034071253597 -50.536382228716988 198.96500009999997 1.2246467991473535e-16 1.1102230246251564e-16 1 
1 -44.70000000000001 -59.189999999999984 146.36500009999997 -1.3596310734468911e-32 -1.1102230246251565e-16 -1 
2 -44.70000000000001 -54.290000000000006 144.55994907427828 1.3596310734468911e-32 1.1102230246251565e-16 1 1.2246467991473532e-16 1 -1.1102230246251565e-16 -1 1.2246467991473532e-16 0 4.9000000000000004
1 -49.304493841850963 -55.965898702295775 146.36500009999997 -1.3596310734468911e-32 -1.1102230246251565e-16 -1 
2 -44.70000000000001 -54.290000000000006 145.86500009999997 -1.3596310734468911e-32 -1.1102230246251565e-16 -1 -1.2246467991473532e-16 -1 1.1102230246251565e-16 -1 1.2246467991473532e-16 0 4.9000000000000004
1 -40.94638222871702 -57.439659287464039 146.36500009999997 -1.3596310734468911e-32 -1.1102230246251565e-16 -1 
2 -44.70000000000001 -54.290000000000006 144.55994907427828 1.3596310734468911e-32 1.1102230246251565e-16 1 1.2246467991473532e-16 1 -1.1102230246251565e-16 -1 1.2246467991473532e-16 0 4.9000000000000004
1 -39.529200008946916 -58.628816365384139 199.46500009999997 -0.76604444311897724 0.64278760968654036 -7.1363760421776529e-17 
2 -44.700000000000017 -54.290000000000006 199.46500009999997 1.940466322623544e-32 1.1102230246251568e-16 1 0.64278760968653958 0.7660444431189779 -8.5048017863684546e-17 -0.7660444431189779 0.64278760968653958 -7.1363760421776443e-17 6.75
1 -41.614619473504625 -50.612986673028885 199.46500009999997 0.64278760968653936 0.76604444311897801 -8.5048017863684558e-17 
2 -40.984684450872969 -57.407519906979715 201.01500009999998 -0.64278760968654036 -0.76604444311897724 8.5048017863684472e-17 0.76604444311897724 -0.64278760968654036 7.1363760421776529e-17 1.3596310734468911e-32 1.1102230246251565e-16 1 0.25
1 -39.529200008946916 -58.628816365384139 200.86500009999997 -0.76604444311897724 0.64278760968654036 -7.1363760421776529e-17 
1 -39.529200008946916 -58.628816365384139 199.46500009999997 1.3596310734468911e-32 1.1102230246251565e-16 1 
8 0 1.8675022996339321
2 -44.70000000000001 -54.290000000000006 200.86500009999997 1.9069827593837071e-32 1.1102230246251565e-16 1 -0.83867056794542427 -0.54463903501502697 6.0467079678330991e-17 0.54463903501502697 -0.83867056794542427 9.3111137460846667e-17 5.049999999999998
2 -48.767552254535318 -56.931499319822862 201.01500009999998 -0.54463903501502708 0.83867056794542416 -9.3111137460846655e-17 -0.83867056794542416 -0.54463903501502708 6.0467079678331003e-17 1.3596310734468911e-32 1.1102230246251565e-16 1 0.25
8 0 5.742133239061344
2 -44.70000000000001 -54.290000000000006 201.01500009999998 -1.4056649547103226e-32 -1.1102230246251565e-16 -1 -0.99939082701909576 -0.034899496702500227 3.8746224786945617e-18 -0.034899496702500227 0.99939082701909576 -1.1095467067557771e-16 5.0999999999999996
2 -49.547045511042626 -54.459262559007115 201.01500009999998 0.034899496702500581 -0.99939082701909587 1.1095467067557772e-16 0.99939082701909587 0.034899496702500581 -3.874622478694601e-18 1.3596310734468911e-32 1.1102230246251565e-16 1 0.25
2 -44.70000000000001 -54.290000000000006 200.86500009999997 -1.2246467991473535e-16 -1.1102230246251564e-16 -1 -1.2246467991473532e-16 -1 1.1102230246251565e-16 -1 1.2246467991473535e-16 1.2246467991473532e-16 5.049999999999998
2 -41.582480093020294 -50.574684450872937 201.01500009999998 -0.76604444311897801 0.64278760968653936 -7.1363760421776418e-17 -0.64278760968653936 -0.76604444311897801 8.5048017863684558e-17 1.3596310734468911e-32 1.1102230246251565e-16 1 0.25
1 -40.36118363461587 -49.119200008946891 199.46500009999997 1.3596310734468911e-32 1.1102230246251565e-16 1 
1 -41.614619473504625 -50.612986673028885 200.86500009999997 0.64278760968653936 0.76604444311897801 -8.5048017863684558e-17 
2 -40.984684450872969 -57.407519906979715 144.31500009999996 -0.64278760968653958 -0.76604444311897779 8.5048017863684533e-17 0.76604444311897779 -0.64278760968653958 7.1363760421776443e-17 1.3596310734468911e-32 1.1102230246251565e-16 1 0.25
2 -44.70000000000001 -54.290000000000006 144.46500009999997 1.3596310734468911e-32 1.1102230246251565e-16 1 -1.2246467991473532e-16 -1 1.1102230246251565e-16 1 -1.2246467991473532e-16 0 5.0500000000000007
2 -42.650301430557619 -49.89440723287224 144.31500009999996 0.90630778703665005 -0.42261826174069955 4.6920052481158541e-17 0.42261826174069955 0.90630778703665005 -1.0062037725651619e-16 1.3596310734468911e-32 1.1102230246251565e-16 1 0.25
8 0 5.6025068989017974
2 -44.70000000000001 -54.290000000000006 144.31500009999996 1.140148325514383e-32 1.1102230246251565e-16 1 -0.24192189559966765 0.97029572627599647 -1.0772446560069998e-16 -0.97029572627599647 -0.24192189559966765 2.6858725865571449e-17 5.0999999999999996
2 -45.873321193658398 -49.584065727561423 144.31500009999996 -0.97029572627599658 -0.24192189559966767 2.6858725865571452e-17 0.24192189559966767 -0.97029572627599658 1.0772446560069999e-16 1.3596310734468911e-32 1.1102230246251565e-16 1 0.25
2 -44.70000000000001 -54.290000000000006 144.46500009999997 1.3596310734468911e-32 1.1102230246251565e-16 1 -1.2246467991473532e-16 -1 1.1102230246251565e-16 1 -1.2246467991473532e-16 0 5.0500000000000007
2 -49.257509210811669 -55.9487976951295 144.31500009999996 0.34202014332566871 -0.93969262078590843 1.0432683836668715e-16 0.93969262078590843 0.34202014332566871 -3.7971863800575359e-17 1.3596310734468911e-32 1.1102230246251565e-16 1 0.25
1 -51.042925190304892 -56.59863596744826 145.86500009999997 0.93969262078590843 0.34202014332566871 -3.7971863800575359e-17 
1 -51.042925190304892 -56.59863596744826 144.4650001 0.93969262078590843 0.34202014332566871 -3.7971863800575359e-17 
1 -51.042925190304892 -56.59863596744826 145.86500009999997 -1.3596310734468911e-32 -1.1102230246251565e-16 -1 
2 -44.70000000000001 -54.290000000000006 145.86500009999997 1.4689466825020598e-32 1.1102230246251565e-16 1 0.76604444311897779 -0.64278760968653958 7.1363760421776443e-17 0.64278760968653958 0.76604444311897779 -8.5048017863684533e-17 6.7499999999999991
1 -41.022986673028917 -57.375380526495391 145.86500009999997 0.76604444311897779 -0.64278760968653958 7.1363760421776443e-17 
1 -39.529200008946916 -58.628816365384139 145.86500009999997 -1.3596310734468911e-32 -1.1102230246251565e-16 -1 
1 -41.022986673028917 -57.375380526495391 144.4650001 0.76604444311897779 -0.64278760968653958 7.1363760421776443e-17 
2 -44.700000000000017 -54.290000000000006 200.86500009999997 1.940466322623544e-32 1.1102230246251568e-16 1 0.64278760968653958 0.7660444431189779 -8.5048017863684546e-17 -0.7660444431189779 0.64278760968653958 -7.1363760421776443e-17 6.75
1 -50.361026333631628 -57.966313486351439 199.46500009999997 -1.3596310734468911e-32 -1.1102230246251565e-16 -1 
2 -44.700000000000017 -54.290000000000006 199.96500009999997 -1.940466322623544e-32 -1.1102230246251568e-16 -1 0.64278760968653958 0.7660444431189779 -8.5048017863684546e-17 0.7660444431189779 -0.64278760968653958 7.1363760421776443e-17 6.75
1 -51.445888082378914 -54.525571602741863 199.46500009999997 -1.3596310734468911e-32 -1.1102230246251565e-16 -1 
2 -44.700000000000017 -54.290000000000006 200.86500009999997 1.940466322623544e-32 1.1102230246251568e-16 1 0.64278760968653958 0.7660444431189779 -8.5048017863684546e-17 -0.7660444431189779 0.64278760968653958 -7.1363760421776443e-17 6.75
1 -47.962084135598978 -56.408422207307112 200.86500009999997 -0.83867056794542416 -0.54463903501502708 6.0467079678331003e-17 
1 -50.486826918823439 -58.048009341603674 199.96500009999997 0.83867056794542416 0.54463903501502708 -6.0467079678331003e-17 
1 -48.977219896521675 -57.067659078576625 200.76500009999998 1.2246467991473535e-16 1.1102230246251564e-16 1 
2 -48.767552254535318 -56.931499319822862 202.16500009999999 -0.54463903501502708 0.83867056794542416 -9.3111137460846655e-17 -0.83867056794542416 -0.54463903501502708 6.0467079678331003e-17 1.3596310734468911e-32 1.1102230246251565e-16 1 0.25
1 -50.486826918823439 -58.048009341603674 202.41500009999999 0.83867056794542416 0.54463903501502708 -6.0467079678331003e-17 
1 -50.486826918823439 -58.048009341603674 199.96500009999997 1.3596310734468911e-32 1.1102230246251565e-16 1 
8 0 5.742133239061344
2 -44.70000000000001 -54.290000000000006 202.16500009999999 -1.4056649547103226e-32 -1.1102230246251565e-16 -1 -0.99939082701909576 -0.034899496702500227 3.8746224786945617e-18 -0.034899496702500227 0.99939082701909576 -1.1095467067557771e-16 5.0999999999999996
1 -49.796893217797397 -54.467987433182756 200.76500009999998 1.2246467991473535e-16 1.1102230246251564e-16 1 
1 -49.497075969691672 -54.45751758417201 199.96500009999997 -0.99939082701909587 -0.034899496702500581 3.874622478694601e-18 
1 -51.595796706431777 -54.530806527247236 199.96500009999997 1.3596310734468911e-32 1.1102230246251565e-16 1 
1 -49.497075969691672 -54.45751758417201 202.41500009999999 -0.99939082701909587 -0.034899496702500581 3.874622478694601e-18 
2 -49.547045511042626 -54.459262559007115 202.16500009999999 0.034899496702500581 -0.99939082701909587 1.1095467067557772e-16 0.99939082701909587 0.034899496702500581 -3.874622478694601e-18 1.3596310734468911e-32 1.1102230246251565e-16 1 0.25
1 -47.595418574392667 -54.391110244618474 200.86500009999997 0.99939082701909587 0.034899496702500581 -3.874622478694601e-18 
1 -43.349661451650896 -51.39418963803449 144.46500009999997 0.42261826174069955 0.90630778703665005 -1.0062037725651619e-16 
2 -44.70000000000001 -54.290000000000006 144.4650001 1.4689466825020598e-32 1.1102230246251565e-16 1 0.76604444311897779 -0.64278760968653958 7.1363760421776443e-17 0.64278760968653958 0.76604444311897779 -8.5048017863684533e-17 6.7499999999999991
1 -42.671432343644653 -49.939722622224068 145.36500009999997 0.42261826174069955 0.90630778703665005 -1.0062037725651619e-16 
1 -41.783933993989187 -48.036476269447107 145.36500009999997 -1.3596310734468911e-32 -1.1102230246251565e-16 -1 
1 -42.671432343644653 -49.939722622224068 142.91500009999999 0.42261826174069955 0.90630778703665005 -1.0062037725651619e-16 
2 -42.650301430557619 -49.89440723287224 143.16500009999999 0.90630778703665005 -0.42261826174069955 4.6920052481158541e-17 0.42261826174069955 0.90630778703665005 -1.0062037725651619e-16 1.3596310734468911e-32 1.1102230246251565e-16 1 0.25
1 -42.544646865122445 -49.667830286113073 144.56500009999996 -1.3596310734468911e-32 -1.1102230246251565e-16 -1 
1 -41.847326733250291 -48.172422437502618 145.86500009999997 1.3596310734468911e-32 1.1102230246251565e-16 1 
8 0 5.6025068989017974
2 -44.70000000000001 -54.290000000000006 143.16500009999999 1.140148325514383e-32 1.1102230246251565e-16 1 -0.24192189559966765 0.97029572627599647 -1.0772446560069998e-16 -0.97029572627599647 -0.24192189559966765 2.6858725865571449e-17 5.0999999999999996
1 -45.933801667558321 -49.341491795992411 144.56500009999996 -1.3596310734468911e-32 -1.1102230246251565e-16 -1 
1 -46.369261079637717 -47.594959488695608 145.36500009999997 0.24192189559966767 -0.97029572627599658 1.0772446560069999e-16 
1 -46.332972795297771 -47.740503847637015 145.86500009999997 1.3596310734468911e-32 1.1102230246251565e-16 1 
1 -45.716568491777416 -50.212766475545877 144.46500009999997 0.24192189559966767 -0.97029572627599658 1.0772446560069999e-16 
2 -45.873321193658398 -49.584065727561423 143.16500009999999 -0.97029572627599658 -0.24192189559966767 2.6858725865571452e-17 0.24192189559966767 -0.97029572627599658 1.0772446560069999e-16 1.3596310734468911e-32 1.1102230246251565e-16 1 0.25
1 -46.369261079637717 -47.594959488695608 142.91500009999999 0.24192189559966767 -0.97029572627599658 1.0772446560069999e-16 
1 -46.369261079637717 -47.594959488695608 145.36500009999997 -1.3596310734468911e-32 -1.1102230246251565e-16 -1 
2 -44.70000000000001 -54.290000000000006 144.4650001 1.4689466825020598e-32 1.1102230246251565e-16 1 0.76604444311897779 -0.64278760968653958 7.1363760421776443e-17 0.64278760968653958 0.76604444311897779 -8.5048017863684533e-17 6.7499999999999991
2 -44.70000000000001 -54.290000000000006 145.36500009999997 1.4689466825020598e-32 1.1102230246251565e-16 1 0.76604444311897779 -0.64278760968653958 7.1363760421776443e-17 0.64278760968653958 0.76604444311897779 -8.5048017863684533e-17 6.7499999999999991
2 -44.700000000000017 -54.290000000000006 199.96500009999997 1.4098885628571689e-32 1.1102230246251565e-16 1 -0.99939082701909576 -0.034899496702500851 3.8746224786946311e-18 0.034899496702500851 -0.99939082701909576 1.1095467067557771e-16 6.8999999999999959
8 0 5.7421332390613404
2 -44.70000000000001 -54.290000000000006 202.41500009999999 1.7006774186097794e-32 1.1102230246251565e-16 1 -0.83867056794541983 -0.54463903501503386 6.0467079678331755e-17 0.54463903501503386 -0.83867056794541972 9.3111137460846162e-17 4.8499999999999996
2 -44.700000000000017 -54.290000000000006 202.41500009999999 1.4098885628571689e-32 1.1102230246251565e-16 1 -0.99939082701909576 -0.034899496702500851 3.8746224786946311e-18 0.034899496702500851 -0.99939082701909576 1.1095467067557771e-16 6.8999999999999959
2 -44.70000000000001 -54.290000000000006 202.41500009999999 1.2246467991473535e-16 1.1102230246251564e-16 1 -1.2246467991473532e-16 -1 1.1102230246251565e-16 1 -1.2246467991473535e-16 -1.2246467991473532e-16 3.2000000000000002
2 -44.700000000000017 -54.290000000000006 145.36500009999997 1.0295077096885185e-32 1.1102230246251565e-16 1 0.42261826174069922 0.90630778703665016 -1.006203772565162e-16 -0.90630778703665016 0.42261826174069922 -4.6920052481158504e-17 6.9000000000000083
2 -44.700000000000017 -54.290000000000006 142.91500009999999 1.0295077096885185e-32 1.1102230246251565e-16 1 0.42261826174069922 0.90630778703665016 -1.006203772565162e-16 -0.90630778703665016 0.42261826174069922 -4.6920052481158504e-17 6.9000000000000083
8 0 5.6025068989018063
2 -44.70000000000001 -54.290000000000006 142.91500009999999 -1.2481807105796057e-32 -1.1102230246251565e-16 -1 0.42261826174070144 0.90630778703664916 -1.0062037725651609e-16 0.90630778703664916 -0.42261826174070144 4.692005248115875e-17 4.8499999999999996
2 -44.70000000000001 -54.290000000000006 142.91500009999999 -1.3596310734468911e-32 -1.1102230246251565e-16 -1 -1.2246467991473532e-16 -1 1.1102230246251565e-16 -1 1.2246467991473532e-16 0 3.2000000000000002
8 0 7.5
1 -44.70000000000001 -57.489999999999995 194.91500009999999 1.2246467991473539e-16 1.1102230246251564e-16 1 
2 -44.70000000000001 -54.290000000000006 194.91500009999999 1.2246467991473535e-16 1.1102230246251564e-16 1 -1.2246467991473532e-16 -1 1.1102230246251565e-16 1 -1.2246467991473535e-16 -1.2246467991473532e-16 3.2000000000000002
8 0 7.5
1 -44.70000000000001 -57.489999999999995 150.41500009999999 -1.3596310734468911e-32 -1.1102230246251565e-16 -1 
2 -44.70000000000001 -54.290000000000006 150.41500009999999 -1.3596310734468911e-32 -1.1102230246251565e-16 -1 -1.2246467991473532e-16 -1 1.1102230246251565e-16 -1 1.2246467991473532e-16 0 3.2000000000000002
Polygon3D 0
PolygonOnTriangulations 0
Surfaces 188
10 3.9361276185660925 10.21931292574568 -2e+100 2e+100
2 -44.70000000000001 -54.239999999999995 172.66500009999999 1.2246467991473532e-16 1 -1.1102230246251565e-16 -1 1.2246467991473532e-16 0 -1.3596310734468911e-32 -1.1102230246251565e-16 -1 15.5
2 -44.70000000000001 -54.290000000000006 182.16500009999999 2.33486982377251e-16 1.1102230246251563e-16 1 -1 1.2246467991473535e-16 2.33486982377251e-16 -1.2246467991473532e-16 -1 1.1102230246251565e-16 6.0999999999999996
9 0 1 0 0 2 2 3 5 2 4 -52.274292793282257 -68.566199999999995 186.18831658234382  1 -52.274292793282257 -68.153099999999981 186.18831658234382  1 -52.274292793282257 -60.989999999999995 186.18831658234382  1 -52.274292793282257 -53.826899999999981 186.18831658234382  1 -52.274292793282257 -53.413799999999995 186.18831658234382  1 
-53.053120963120747 -68.566199999999995 185.7521016492899  0.66739545582199922 -53.053120963120747 -68.153099999999981 185.7521016492899  0.66739545582199922 -53.053120963120747 -60.989999999999995 185.7521016492899  0.66739545582199922 -53.053120963120747 -53.826899999999981 185.75210164928987  0.66739545582199922 -53.053120963120747 -53.413799999999995 185.75210164928987  0.66739545582199922 
-53.401706810882239 -68.566199999999995 186.573895232067  1 -53.401706810882239 -68.153099999999981 186.573895232067  1 -53.401706810882231 -60.989999999999995 186.573895232067  1 -53.401706810882231 -53.826899999999981 186.573895232067  1 -53.401706810882231 -53.413799999999995 186.573895232067  1 

0 3
13.500000000000007 3

-0.82620000000001026 3
-1.0466698812367707e-14 1
13.499999999999996 1
14.326199999999996 3

5 -49.250000000000014 -67.890000000000001 188.36500009999997 1.2246467991473532e-16 1 -1.1102230246251565e-16 -1 1.2246467991473532e-16 0 -1.3596310734468911e-32 -1.1102230246251565e-16 -1 1.0499999999999998 0.34999999999999998
2 -49.250000000000014 -67.890000000000001 187.31500009999999 1 -1.2246467991473532e-16 0 1.2246467991473532e-16 1 -1.1102230246251565e-16 1.3596310734468911e-32 1.1102230246251565e-16 1 0.34999999999999998
5 -40.150000000000013 -67.890000000000001 188.36500009999997 1.2246467991473532e-16 1 -1.1102230246251565e-16 -1.2688263138573232e-15 -1.1102230246251549e-16 -1 1 -1.2246467991473547e-16 -1.2688263138573232e-15 1.0499999999999998 0.34999999999999998
9 0 1 0 0 2 2 3 5 2 4 -37.12570720671777 -68.566199999999995 186.18831658234382  1 -37.12570720671777 -68.153099999999981 186.18831658234382  1 -37.12570720671777 -60.989999999999995 186.18831658234382  1 -37.125707206717763 -53.826899999999981 186.18831658234382  1 -37.125707206717763 -53.413799999999995 186.18831658234382  1 
-36.34687903687928 -68.566199999999995 185.75210164928987  0.66739545582199888 -36.34687903687928 -68.153099999999981 185.75210164928987  0.66739545582199888 -36.34687903687928 -60.989999999999995 185.75210164928987  0.66739545582199888 -36.34687903687928 -53.826900000000009 185.75210164928987  0.66739545582199888 -36.34687903687928 -53.413799999999995 185.75210164928987  0.66739545582199888 
-35.998293189117796 -68.566199999999995 186.573895232067  1 -35.998293189117796 -68.153099999999981 186.573895232067  1 -35.998293189117796 -60.989999999999995 186.573895232067  1 -35.998293189117796 -53.826899999999981 186.57389523206697  1 -35.998293189117796 -53.413799999999995 186.57389523206697  1 

0 3
13.500000000000007 3

-0.82620000000001081 3
-1.0974171438249413e-14 1
13.499999999999996 1
14.326199999999996 3

1 -44.70000000000001 -54.239999999999995 172.66500009999999 -1.2246467991473532e-16 -1 1.1102230246251565e-16 -1 1.2246467991473532e-16 0 -1.3596310734468911e-32 -1.1102230246251565e-16 -1 
9 0 1 0 0 2 2 3 5 2 4 -35.998293189117796 -68.566199999999995 158.75610496793297  1 -35.998293189117796 -68.153099999999981 158.75610496793297  1 -35.998293189117796 -60.989999999999995 158.75610496793297  1 -35.998293189117796 -53.826900000000009 158.75610496793297  1 -35.998293189117796 -53.413799999999995 158.75610496793297  1 
-36.346879036879287 -68.566199999999995 159.57789855071007  0.66739545582199922 -36.346879036879287 -68.153099999999981 159.57789855071007  0.66739545582199922 -36.346879036879287 -60.989999999999995 159.57789855071007  0.66739545582199922 -36.346879036879287 -53.826900000000009 159.57789855071007  0.66739545582199922 -36.346879036879287 -53.413799999999995 159.57789855071007  0.66739545582199922 
-37.125707206717777 -68.566199999999995 159.14168361765613  1 -37.125707206717777 -68.153099999999981 159.14168361765613  1 -37.125707206717777 -60.989999999999995 159.14168361765613  1 -37.12570720671777 -53.826900000000009 159.14168361765613  1 -37.12570720671777 -53.413799999999995 159.14168361765613  1 

0 3
13.500000000000007 3

-0.82620000000001081 3
-1.0974171438249413e-14 1
13.499999999999996 1
14.326199999999996 3

10 3.9361276185660925 10.21931292574568 -2e+100 2e+100
2 -44.70000000000001 -54.239999999999995 172.66500009999999 1.2246467991473532e-16 1 -1.1102230246251565e-16 -1 1.2246467991473532e-16 0 -1.3596310734468911e-32 -1.1102230246251565e-16 -1 15.5
2 -44.700000000000017 -54.290000000000006 163.16500009999999 -1.1102230246251568e-16 -1.1102230246251564e-16 -1 1 -1.2246467991473535e-16 -1.1102230246251565e-16 -1.2246467991473532e-16 -1 1.1102230246251565e-16 6.0999999999999996
10 3.9361276185661014 10.219312925745687 -2e+100 2e+100
2 -44.70000000000001 -53.739999999999995 172.66500009999999 -1.2246467991473532e-16 -1 1.1102230246251565e-16 -1 1.2246467991473532e-16 0 -1.3596310734468911e-32 -1.1102230246251565e-16 -1 14.6
2 -32.500000000000014 -43.239999999999995 160.24000009999997 1.2246467991473532e-16 1 -1.1102230246251565e-16 -1 1.2246467991473532e-16 0 -1.3596310734468911e-32 -1.1102230246251565e-16 -1 3.4500000000000002
10 3.9361276185661014 10.219312925745687 -2e+100 2e+100
2 -44.70000000000001 -53.739999999999995 172.66500009999999 -1.2246467991473532e-16 -1 1.1102230246251565e-16 -1 1.2246467991473532e-16 0 -1.3596310734468911e-32 -1.1102230246251565e-16 -1 14.6
2 -32.500000000000014 -43.239999999999995 185.09000009999997 1.2246467991473532e-16 1 -1.1102230246251565e-16 -1 1.2246467991473532e-16 0 -1.3596310734468911e-32 -1.1102230246251565e-16 -1 3.4500000000000002
10 3.9361276185661014 10.219312925745687 -2e+100 2e+100
2 -44.70000000000001 -53.739999999999995 172.66500009999999 -1.2246467991473532e-16 -1 1.1102230246251565e-16 -1 1.2246467991473532e-16 0 -1.3596310734468911e-32 -1.1102230246251565e-16 -1 14.6
2 -32.500000000000014 -54.239999999999995 185.09000009999997 1.2246467991473532e-16 1 -1.1102230246251565e-16 -1 1.2246467991473532e-16 0 -1.3596310734468911e-32 -1.1102230246251565e-16 -1 3.7999999999999998
9 0 1 0 0 2 2 3 5 2 4 -30.952429751802981 -68.566199999999995 181.61940557933133  1 -30.952429751802981 -68.153099999999981 181.61940557933133  1 -30.952429751802978 -60.989999999999995 181.61940557933133  1 -30.952429751802978 -53.826899999999981 181.61940557933133  1 -30.952429751802978 -53.413799999999995 181.61940557933133  1 
-31.76771656492059 -68.566199999999995 181.25586163658195  0.66739545582199922 -31.76771656492059 -68.153099999999981 181.25586163658195  0.66739545582199922 -31.76771656492059 -60.989999999999995 181.25586163658195  0.66739545582199922 -31.76771656492059 -53.826899999999981 181.25586163658195  0.66739545582199922 -31.76771656492059 -53.413799999999995 181.25586163658195  0.66739545582199922 
-31.317343256434491 -68.566199999999995 180.48513427301134  1 -31.317343256434491 -68.153099999999981 180.48513427301134  1 -31.317343256434487 -60.989999999999995 180.48513427301134  1 -31.317343256434487 -53.826899999999981 180.48513427301134  1 -31.317343256434487 -53.413799999999995 180.48513427301134  1 

0 3
13.500000000000007 3

-0.82620000000001081 3
-1.0974171438249413e-14 1
13.499999999999996 1
14.326199999999996 3

10 3.9361276185660925 10.21931292574568 -2e+100 2e+100
2 -44.70000000000001 -54.239999999999995 172.66500009999999 1.2246467991473532e-16 1 -1.1102230246251565e-16 -1 1.2246467991473532e-16 0 -1.3596310734468911e-32 -1.1102230246251565e-16 -1 15.5
9 0 1 0 0 2 2 3 5 2 4 -30.952429751802981 -68.566199999999995 163.71059462066864  1 -30.952429751802981 -68.153099999999981 163.71059462066864  1 -30.952429751802981 -60.989999999999995 163.71059462066864  1 -30.952429751802981 -53.826900000000009 163.71059462066864  1 -30.952429751802981 -53.413799999999995 163.71059462066864  1 
-31.767716564920597 -68.566199999999995 164.07413856341799  0.66739545582199888 -31.767716564920597 -68.153099999999981 164.07413856341799  0.66739545582199888 -31.767716564920597 -60.989999999999995 164.07413856341799  0.66739545582199888 -31.767716564920597 -53.826900000000009 164.07413856341799  0.66739545582199888 -31.767716564920597 -53.413799999999995 164.07413856341799  0.66739545582199888 
-31.317343256434498 -68.566199999999995 164.8448659269886  1 -31.317343256434498 -68.153099999999981 164.8448659269886  1 -31.317343256434494 -60.989999999999995 164.8448659269886  1 -31.317343256434494 -53.826900000000009 164.8448659269886  1 -31.317343256434494 -53.413799999999995 164.8448659269886  1 

0 3
13.500000000000007 3

-0.82620000000001081 3
-1.0974171438249413e-14 1
13.499999999999996 1
14.326199999999996 3

2 -32.500000000000014 -54.239999999999995 160.24000009999997 1.2246467991473532e-16 1 -1.1102230246251565e-16 -1 1.2246467991473532e-16 0 -1.3596310734468911e-32 -1.1102230246251565e-16 -1 3.7999999999999998
5 -44.70000000000001 -50.939999999999984 172.66500009999999 1.2246467991473532e-16 1 -1.1102230246251565e-16 -1 1.2246467991473532e-16 0 -1.3596310734468911e-32 -1.1102230246251565e-16 -1 9.6500000000000004 2.5
10 3.1161557844967818 9.3993410916763676 0 6.2831853071795862
5 -44.70000000000001 -50.939999999999984 172.66500009999999 1.2246467991473532e-16 1 -1.1102230246251565e-16 -1 1.2246467991473532e-16 0 -1.3596310734468911e-32 -1.1102230246251565e-16 -1 9.6500000000000004 2.5
10 3.1415926535897931 9.4247779607693793 -2e+100 2e+100
2 -44.70000000000001 -48.439999999999984 172.66500009999999 1.2246467991473532e-16 1 -1.1102230246251565e-16 -1 1.2246467991473532e-16 0 -1.3596310734468911e-32 -1.1102230246251565e-16 -1 12.15
10 3.1415926535897927 9.4247779607693793 -2e+100 2e+100
2 -44.700000000000017 -57.640000000000001 172.66500009999999 1.2246467991473532e-16 1 -1.1102230246251565e-16 -1 1.2246467991473532e-16 0 -1.3596310734468911e-32 -1.1102230246251565e-16 -1 12.050000000000001
2 -44.70000000000001 -54.290000000000006 182.16500009999999 2.33486982377251e-16 1.1102230246251563e-16 1 -1 1.2246467991473535e-16 2.33486982377251e-16 -1.2246467991473532e-16 -1 1.1102230246251565e-16 6.0999999999999996
10 3.9361276185661014 10.219312925745687 -2e+100 2e+100
2 -44.70000000000001 -53.739999999999995 172.66500009999999 -1.2246467991473532e-16 -1 1.1102230246251565e-16 -1 1.2246467991473532e-16 0 -1.3596310734468911e-32 -1.1102230246251565e-16 -1 14.6
3 -44.70000000000001 -54.290000000000006 188.66500009999999 2.33486982377251e-16 1.1102230246251563e-16 1 -1 1.2246467991473535e-16 2.33486982377251e-16 -1.2246467991473532e-16 -1 1.1102230246251565e-16 6.0999999999999996
0.66320299270609273
3 -44.70000000000001 -54.339999999999989 172.66500009999999 -1.2246467991473532e-16 -1 1.1102230246251565e-16 -1 1.2246467991473532e-16 0 -1.3596310734468911e-32 -1.1102230246251565e-16 -1 14.6
-0.65788860518220971
2 -44.700000000000017 -57.640000000000001 172.66500009999999 1.2246467991473532e-16 1 -1.1102230246251565e-16 -1 1.2246467991473532e-16 0 -1.3596310734468911e-32 -1.1102230246251565e-16 -1 12.050000000000001
2 -44.70000000000001 -48.439999999999984 172.66500009999999 1.2246467991473532e-16 1 -1.1102230246251565e-16 -1 1.2246467991473532e-16 0 -1.3596310734468911e-32 -1.1102230246251565e-16 -1 12.15
1 -44.70000000000001 -54.239999999999995 172.66500009999999 -1.2246467991473532e-16 -1 1.1102230246251565e-16 -1 1.2246467991473532e-16 0 -1.3596310734468911e-32 -1.1102230246251565e-16 -1 
9 0 1 0 0 2 2 3 5 2 4 -52.274292793282264 -68.566199999999995 159.14168361765616  1 -52.274292793282264 -68.153099999999981 159.14168361765616  1 -52.274292793282264 -60.989999999999995 159.14168361765616  1 -52.274292793282257 -53.826900000000009 159.14168361765613  1 -52.274292793282257 -53.413799999999995 159.14168361765613  1 
-53.053120963120747 -68.566199999999995 159.57789855071007  0.66739545582199888 -53.053120963120747 -68.153099999999981 159.57789855071007  0.66739545582199888 -53.053120963120747 -60.989999999999995 159.57789855071007  0.66739545582199888 -53.053120963120747 -53.826900000000009 159.57789855071007  0.66739545582199888 -53.053120963120747 -53.413799999999995 159.57789855071007  0.66739545582199888 
-53.401706810882231 -68.566199999999995 158.75610496793297  1 -53.401706810882231 -68.153099999999981 158.75610496793297  1 -53.401706810882231 -60.989999999999995 158.75610496793297  1 -53.401706810882231 -53.826900000000009 158.75610496793297  1 -53.401706810882231 -53.413799999999995 158.75610496793297  1 

0 3
13.500000000000007 3

-0.82620000000001081 3
-1.0974171438249413e-14 1
13.499999999999996 1
14.326199999999996 3

10 3.9361276185661116 10.219312925745697 -2e+100 2e+100
2 -56.900000000000013 -54.239999999999995 160.24000009999997 1.2246467991473532e-16 1 -1.1102230246251565e-16 -1 1.2246467991473532e-16 0 -1.3596310734468911e-32 -1.1102230246251565e-16 -1 3.7999999999999998
9 0 1 0 0 2 2 3 5 2 4 -58.082656743565536 -68.566199999999995 164.8448659269886  1 -58.082656743565536 -68.153099999999981 164.8448659269886  1 -58.082656743565536 -60.989999999999995 164.8448659269886  1 -58.082656743565536 -53.826900000000009 164.8448659269886  1 -58.082656743565536 -53.413799999999995 164.8448659269886  1 
-57.63228343507943 -68.566199999999995 164.07413856341799  0.66739545582199888 -57.63228343507943 -68.153099999999981 164.07413856341799  0.66739545582199888 -57.63228343507943 -60.989999999999995 164.07413856341799  0.66739545582199888 -57.63228343507943 -53.826900000000009 164.07413856341799  0.66739545582199888 -57.63228343507943 -53.413799999999995 164.07413856341799  0.66739545582199888 
-58.447570248197046 -68.566199999999995 163.71059462066864  1 -58.447570248197046 -68.153099999999981 163.71059462066864  1 -58.447570248197046 -60.989999999999995 163.71059462066864  1 -58.447570248197046 -53.826900000000009 163.71059462066864  1 -58.447570248197046 -53.413799999999995 163.71059462066864  1 

0 3
13.500000000000007 3

-0.82620000000001081 3
-1.0974171438249413e-14 1
13.499999999999996 1
14.326199999999996 3

10 3.9361276185660925 10.21931292574568 -2e+100 2e+100
2 -44.70000000000001 -54.239999999999995 172.66500009999999 1.2246467991473532e-16 1 -1.1102230246251565e-16 -1 1.2246467991473532e-16 0 -1.3596310734468911e-32 -1.1102230246251565e-16 -1 15.5
9 0 1 0 0 2 2 3 5 2 4 -58.447570248197053 -68.566199999999995 181.61940557933133  1 -58.447570248197053 -68.153099999999981 181.61940557933133  1 -58.447570248197053 -60.989999999999995 181.61940557933133  1 -58.447570248197053 -53.826899999999981 181.61940557933133  1 -58.447570248197053 -53.413799999999995 181.61940557933133  1 
-57.63228343507943 -68.566199999999995 181.25586163658195  0.66739545582199888 -57.63228343507943 -68.153099999999981 181.25586163658195  0.66739545582199888 -57.63228343507943 -60.989999999999995 181.25586163658195  0.66739545582199888 -57.63228343507943 -53.826900000000009 181.25586163658195  0.66739545582199888 -57.63228343507943 -53.413799999999995 181.25586163658195  0.66739545582199888 
-58.082656743565536 -68.566199999999995 180.48513427301134  1 -58.082656743565536 -68.153099999999981 180.48513427301134  1 -58.082656743565536 -60.989999999999995 180.48513427301134  1 -58.082656743565536 -53.826899999999981 180.48513427301134  1 -58.082656743565536 -53.413799999999995 180.48513427301134  1 

0 3
13.500000000000007 3

-0.82620000000001081 3
-1.0974171438249413e-14 1
13.499999999999996 1
14.326199999999996 3

10 2.347057688613496 8.6302429957930826 -2e+100 2e+100
2 -56.900000000000013 -54.239999999999995 185.09000009999997 1.2246467991473532e-16 1 -1.1102230246251565e-16 -1 1.2246467991473532e-16 0 -1.3596310734468911e-32 -1.1102230246251565e-16 -1 3.7999999999999998
2 -56.900000000000013 -43.239999999999995 185.09000009999997 1.2246467991473532e-16 1 -1.1102230246251565e-16 -1 1.2246467991473532e-16 0 -1.3596310734468911e-32 -1.1102230246251565e-16 -1 3.4500000000000002
10 3.9361276185661014 10.219312925745687 -2e+100 2e+100
2 -44.70000000000001 -53.739999999999995 172.66500009999999 -1.2246467991473532e-16 -1 1.1102230246251565e-16 -1 1.2246467991473532e-16 0 -1.3596310734468911e-32 -1.1102230246251565e-16 -1 14.6
2 -56.900000000000013 -43.239999999999995 160.24000009999997 1.2246467991473532e-16 1 -1.1102230246251565e-16 -1 1.2246467991473532e-16 0 -1.3596310734468911e-32 -1.1102230246251565e-16 -1 3.4500000000000002
10 3.9361276185661014 10.219312925745687 -2e+100 2e+100
2 -44.70000000000001 -53.739999999999995 172.66500009999999 -1.2246467991473532e-16 -1 1.1102230246251565e-16 -1 1.2246467991473532e-16 0 -1.3596310734468911e-32 -1.1102230246251565e-16 -1 14.6
1 -27.950000000000014 -67.540000000000006 165.26500009999998 -1.2246467991473532e-16 -1 1.1102230246251565e-16 -1 1.2246467991473532e-16 0 -1.3596310734468911e-32 -1.1102230246251565e-16 -1 
5 -49.250000000000014 -67.890000000000001 156.9650001 1.2246467991473532e-16 1 -1.1102230246251565e-16 -1 1.2246467991473475e-16 -5.0753052554292927e-15 -5.0753052554292927e-15 1.1102230246251627e-16 1 1.0499999999999998 0.34999999999999998
2 -50.300000000000011 -67.890000000000001 155.76500009999998 1.3596310734468911e-32 1.1102230246251565e-16 1 1.2246467991473532e-16 1 -1.1102230246251565e-16 1 -1.2246467991473532e-16 0 0.34999999999999998
2 -49.950000000000017 -67.890000000000001 156.11500009999997 -1 1.2246467991473532e-16 0 1.2246467991473532e-16 1 -1.1102230246251565e-16 -1.3596310734468911e-32 -1.1102230246251565e-16 -1 0.34999999999999998
5 -56.950000000000017 -67.890000000000001 160.26500009999998 -1.2246467991473532e-16 -1 1.1102230246251565e-16 -1.3596310734468911e-32 -1.1102230246251565e-16 -1 -1 1.2246467991473532e-16 0 4.1500000000000004 0.34999999999999998
2 -61.100000000000009 -67.890000000000001 160.26500009999998 1.3596310734468911e-32 1.1102230246251565e-16 1 1.2246467991473532e-16 1 -1.1102230246251565e-16 -1 1.2246467991473532e-16 0 0.34999999999999998
5 -56.950000000000017 -67.890000000000001 185.06500009999999 -1.2246467991473532e-16 -1 1.1102230246251565e-16 -1 1.2246467991473532e-16 0 1.3596310734468911e-32 1.1102230246251565e-16 1 4.1500000000000004 0.34999999999999998
2 -56.950000000000017 -67.890000000000001 189.21500009999997 1 -1.2246467991473532e-16 0 1.2246467991473532e-16 1 -1.1102230246251565e-16 1.3596310734468911e-32 1.1102230246251565e-16 1 0.34999999999999998
2 -50.300000000000011 -67.890000000000001 189.56500009999999 -1.3596310734468911e-32 -1.1102230246251565e-16 -1 1.2246467991473532e-16 1 -1.1102230246251565e-16 1 -1.2246467991473532e-16 0 0.34999999999999998
2 -49.250000000000014 -66.540000000000006 188.36500009999997 -1.2246467991473532e-16 -1 1.1102230246251565e-16 -1 1.2246467991473532e-16 0 -1.3596310734468911e-32 -1.1102230246251565e-16 -1 0.69999999999999996
1 -39.450000000000017 -66.540000000000006 164.36500009999997 -1.3596310734468911e-32 -1.1102230246251565e-16 -1 -1.2246467991473532e-16 -1 1.1102230246251565e-16 -1 1.2246467991473532e-16 0 
1 -44.700000000000017 -67.739999999999995 172.66500009999999 -1.2246467991473532e-16 -1 1.1102230246251565e-16 -1 1.2246467991473532e-16 0 -1.3596310734468911e-32 -1.1102230246251565e-16 -1 
2 -40.150000000000013 -66.540000000000006 188.36500009999997 -1.2246467991473532e-16 -1 1.1102230246251565e-16 1 -1.2246467991473532e-16 0 -1.3596310734468911e-32 -1.1102230246251565e-16 -1 0.69999999999999996
2 -39.100000000000016 -67.890000000000001 188.36500009999997 1.3596310734468911e-32 1.1102230246251565e-16 1 1.2246467991473532e-16 1 -1.1102230246251565e-16 -1 1.2246467991473532e-16 0 0.34999999999999998
1 -27.950000000000014 -67.540000000000006 165.26500009999998 -1.2246467991473532e-16 -1 1.1102230246251565e-16 -1 1.2246467991473532e-16 0 -1.3596310734468911e-32 -1.1102230246251565e-16 -1 
2 -39.450000000000017 -67.890000000000001 189.21500009999997 1 -1.2246467991473532e-16 0 1.3596310734468911e-32 1.1102230246251565e-16 1 1.2246467991473532e-16 1 -1.1102230246251565e-16 0.34999999999999998
5 -32.450000000000017 -67.890000000000001 185.06500009999999 1.2246467991473532e-16 1 -1.1102230246251565e-16 3.947459643111668e-16 1.110223024625156e-16 1 1 -1.2246467991473537e-16 -3.947459643111668e-16 4.1500000000000004 0.34999999999999998
2 -28.300000000000015 -67.890000000000001 185.06500009999999 -1.3596310734468911e-32 -1.1102230246251565e-16 -1 1 -1.2246467991473532e-16 0 1.2246467991473532e-16 1 -1.1102230246251565e-16 0.34999999999999998
5 -32.450000000000017 -67.890000000000001 160.26500009999998 1.2246467991473532e-16 1 -1.1102230246251565e-16 1 -1.2246467991473532e-16 0 -1.3596310734468911e-32 -1.1102230246251565e-16 -1 4.1500000000000004 0.34999999999999998
2 -32.450000000000017 -67.890000000000001 156.11500009999997 -1 1.2246467991473532e-16 0 -1.3596310734468911e-32 -1.1102230246251565e-16 -1 1.2246467991473532e-16 1 -1.1102230246251565e-16 0.34999999999999998
2 -39.100000000000016 -67.890000000000001 156.9650001 -1.3596310734468911e-32 -1.1102230246251565e-16 -1 1.2246467991473532e-16 1 -1.1102230246251565e-16 -1 1.2246467991473532e-16 0 0.34999999999999998
5 -40.150000000000013 -67.890000000000001 156.9650001 1.2246467991473532e-16 1 -1.1102230246251565e-16 -1.2688263138573297e-15 1.110223024625158e-16 1 1 -1.2246467991473517e-16 1.2688263138573297e-15 1.0499999999999998 0.34999999999999998
2 -49.250000000000014 -67.890000000000001 158.01500009999998 1 -1.2246467991473532e-16 0 1.2246467991473532e-16 1 -1.1102230246251565e-16 -1.3596310734468911e-32 -1.1102230246251565e-16 -1 0.34999999999999998
2 -44.700000000000017 -54.290000000000006 163.16500009999999 -1.1102230246251568e-16 -1.1102230246251564e-16 -1 1 -1.2246467991473535e-16 -1.1102230246251565e-16 -1.2246467991473532e-16 -1 1.1102230246251565e-16 6.0999999999999996
3 -44.700000000000017 -54.290000000000006 156.66500009999999 -1.1102230246251568e-16 -1.1102230246251564e-16 -1 1 -1.2246467991473535e-16 -1.1102230246251565e-16 -1.2246467991473532e-16 -1 1.1102230246251565e-16 6.0999999999999996
0.66320299270609273
10 3.1415926535897931 9.4247779607693793 -2e+100 2e+100
3 -44.70000000000001 -54.339999999999989 172.66500009999999 -1.2246467991473532e-16 -1 1.1102230246251565e-16 -1 1.2246467991473532e-16 0 -1.3596310734468911e-32 -1.1102230246251565e-16 -1 14.6
-0.65788860518220971
2 -46.300000000000011 -47.739999999999995 162.56500009999996 -1.2246467991473532e-16 -1 1.1102230246251565e-16 -1 1.2246467991473532e-16 0 -1.3596310734468911e-32 -1.1102230246251565e-16 -1 0.90000000000000002
2 -42.600000000000009 -47.739999999999995 162.56500009999996 -1.2246467991473532e-16 -1 1.1102230246251565e-16 1 -1.2246467991473532e-16 0 -1.3596310734468911e-32 -1.1102230246251565e-16 -1 0.90000000000000002
5 -32.500000000000014 -43.689999999999984 160.24000009999997 1.2246467991473532e-16 1 -1.1102230246251565e-16 -1 1.2246467991473532e-16 0 -1.3596310734468911e-32 -1.1102230246251565e-16 -1 3 0.45000000000000001
5 -32.500000000000014 -43.689999999999984 185.09000009999997 1.2246467991473532e-16 1 -1.1102230246251565e-16 -1 1.2246467991473532e-16 0 -1.3596310734468911e-32 -1.1102230246251565e-16 -1 3 0.45000000000000001
2 -42.600000000000009 -47.739999999999995 162.56500009999996 -1.2246467991473532e-16 -1 1.1102230246251565e-16 1 -1.2246467991473532e-16 0 -1.3596310734468911e-32 -1.1102230246251565e-16 -1 0.90000000000000002
1 -44.70000000000001 -48.439999999999984 172.66500009999999 -1.2246467991473532e-16 -1 1.1102230246251565e-16 -1 1.2246467991473532e-16 0 -1.3596310734468911e-32 -1.1102230246251565e-16 -1 
1 -44.70000000000001 -53.739999999999995 172.66500009999999 -1.2246467991473532e-16 -1 1.1102230246251565e-16 1 -1.2246467991473532e-16 0 -1.3596310734468911e-32 -1.1102230246251565e-16 -1 
3 -44.70000000000001 -54.290000000000006 190.26500009999998 2.33486982377251e-16 1.1102230246251563e-16 1 -1 1.2246467991473535e-16 2.33486982377251e-16 -1.2246467991473532e-16 -1 1.1102230246251565e-16 7.3499999999999996
0.30288486837497236
1 -44.70000000000001 -53.739999999999995 172.66500009999999 -1.2246467991473532e-16 -1 1.1102230246251565e-16 1 -1.2246467991473532e-16 0 -1.3596310734468911e-32 -1.1102230246251565e-16 -1 
2 -46.300000000000011 -47.739999999999995 162.56500009999996 -1.2246467991473532e-16 -1 1.1102230246251565e-16 -1 1.2246467991473532e-16 0 -1.3596310734468911e-32 -1.1102230246251565e-16 -1 0.90000000000000002
1 -44.70000000000001 -54.290000000000006 182.16500009999999 2.33486982377251e-16 1.1102230246251563e-16 1 1 -1.2246467991473535e-16 -2.33486982377251e-16 -1.2246467991473532e-16 -1 1.1102230246251565e-16 
5 -56.900000000000013 -43.689999999999984 185.09000009999997 1.2246467991473532e-16 1 -1.1102230246251565e-16 -1 1.2246467991473532e-16 0 -1.3596310734468911e-32 -1.1102230246251565e-16 -1 3 0.45000000000000001
5 -56.900000000000013 -43.689999999999984 160.24000009999997 1.2246467991473532e-16 1 -1.1102230246251565e-16 -1 1.2246467991473532e-16 0 -1.3596310734468911e-32 -1.1102230246251565e-16 -1 3 0.45000000000000001
2 -49.250000000000014 -66.540000000000006 156.9650001 -1.2246467991473532e-16 -1 1.1102230246251565e-16 -1 1.2246467991473532e-16 0 1.3596310734468911e-32 1.1102230246251565e-16 1 0.69999999999999996
1 -49.950000000000017 -66.540000000000006 134.36500009999997 -1 1.2246467991473532e-16 0 -1.2246467991473532e-16 -1 1.1102230246251565e-16 1.3596310734468911e-32 1.1102230246251565e-16 1 
1 -27.950000000000014 -67.540000000000006 131.4650001 -1.3596310734468911e-32 -1.1102230246251565e-16 -1 -1.2246467991473532e-16 -1 1.1102230246251565e-16 -1 1.2246467991473532e-16 0 
2 -56.950000000000017 -67.540000000000006 160.26500009999998 -1.2246467991473532e-16 -1 1.1102230246251565e-16 -1 1.2246467991473532e-16 0 -1.3596310734468911e-32 -1.1102230246251565e-16 -1 4.5
1 -61.450000000000017 -67.540000000000006 165.26500009999998 -1 1.2246467991473532e-16 0 -1.2246467991473532e-16 -1 1.1102230246251565e-16 1.3596310734468911e-32 1.1102230246251565e-16 1 
2 -56.950000000000017 -67.540000000000006 185.06500009999999 -1.2246467991473532e-16 -1 1.1102230246251565e-16 -1 1.2246467991473532e-16 0 1.3596310734468911e-32 1.1102230246251565e-16 1 4.5
1 -27.950000000000014 -67.540000000000006 165.26500009999998 -1.3596310734468911e-32 -1.1102230246251565e-16 -1 -1.2246467991473532e-16 -1 1.1102230246251565e-16 -1 1.2246467991473532e-16 0 
1 -49.950000000000017 -66.540000000000006 168.36500009999997 -1 1.2246467991473532e-16 0 -1.2246467991473532e-16 -1 1.1102230246251565e-16 1.3596310734468911e-32 1.1102230246251565e-16 1 
5 -49.250000000000014 -68.890000000000001 188.36500009999997 -1.2246467991473532e-16 -1 1.1102230246251565e-16 -1 1.2246467991473532e-16 0 -1.3596310734468911e-32 -1.1102230246251565e-16 -1 1.0499999999999998 0.34999999999999998
2 -49.250000000000014 -68.890000000000001 187.31500009999999 1 -1.2246467991473532e-16 0 -1.2246467991473532e-16 -1 1.1102230246251565e-16 1.3596310734468911e-32 1.1102230246251565e-16 1 0.34999999999999998
1 -39.450000000000017 -66.540000000000006 168.36500009999997 -1 1.2246467991473532e-16 0 -1.2246467991473532e-16 -1 1.1102230246251565e-16 1.3596310734468911e-32 1.1102230246251565e-16 1 
5 -40.150000000000013 -68.890000000000001 188.36500009999997 -1.2246467991473532e-16 -1 1.1102230246251565e-16 -1.2688263138573232e-15 -1.1102230246251549e-16 -1 1 -1.2246467991473547e-16 -1.2688263138573232e-15 1.0499999999999998 0.34999999999999998
1 -27.950000000000014 -67.540000000000006 165.26500009999998 -1.3596310734468911e-32 -1.1102230246251565e-16 -1 -1.2246467991473532e-16 -1 1.1102230246251565e-16 -1 1.2246467991473532e-16 0 
2 -32.450000000000017 -67.540000000000006 185.06500009999999 -1.2246467991473532e-16 -1 1.1102230246251565e-16 1 -1.2246467991473532e-16 0 1.3596310734468911e-32 1.1102230246251565e-16 1 4.5
1 -27.950000000000014 -67.540000000000006 165.26500009999998 -1 1.2246467991473532e-16 0 -1.2246467991473532e-16 -1 1.1102230246251565e-16 1.3596310734468911e-32 1.1102230246251565e-16 1 
2 -32.450000000000017 -67.540000000000006 160.26500009999998 -1.2246467991473532e-16 -1 1.1102230246251565e-16 1 -1.2246467991473532e-16 0 -1.3596310734468911e-32 -1.1102230246251565e-16 -1 4.5
1 -27.950000000000014 -67.540000000000006 131.4650001 -1.3596310734468911e-32 -1.1102230246251565e-16 -1 -1.2246467991473532e-16 -1 1.1102230246251565e-16 -1 1.2246467991473532e-16 0 
1 -39.450000000000017 -66.540000000000006 134.36500009999997 -1 1.2246467991473532e-16 0 -1.2246467991473532e-16 -1 1.1102230246251565e-16 1.3596310734468911e-32 1.1102230246251565e-16 1 
2 -40.150000000000013 -66.540000000000006 156.9650001 -1.2246467991473532e-16 -1 1.1102230246251565e-16 1 -1.2246467991473532e-16 0 1.3596310734468911e-32 1.1102230246251565e-16 1 0.69999999999999996
1 -39.450000000000017 -66.540000000000006 134.36500009999997 -1.3596310734468911e-32 -1.1102230246251565e-16 -1 -1.2246467991473532e-16 -1 1.1102230246251565e-16 -1 1.2246467991473532e-16 0 
1 -44.700000000000017 -67.739999999999995 172.66500009999999 -1.2246467991473532e-16 -1 1.1102230246251565e-16 -1 1.2246467991473532e-16 0 -1.3596310734468911e-32 -1.1102230246251565e-16 -1 
1 -41.70000000000001 -47.739999999999995 161.66500009999999 -1.3596310734468911e-32 -1.1102230246251565e-16 -1 -1.2246467991473532e-16 -1 1.1102230246251565e-16 -1 1.2246467991473532e-16 0 
2 -46.300000000000011 -49.689999999999984 162.11500009999997 1 -1.2246467991473532e-16 0 -1.2246467991473532e-16 -1 1.1102230246251565e-16 -1.3596310734468911e-32 -1.1102230246251565e-16 -1 0.45000000000000001
3 -44.700000000000017 -54.290000000000006 155.06500009999996 -1.1102230246251568e-16 -1.1102230246251564e-16 -1 1 -1.2246467991473535e-16 -1.1102230246251565e-16 -1.2246467991473532e-16 -1 1.1102230246251565e-16 7.3499999999999996
0.30288486837497236
1 -32.500000000000014 -43.239999999999995 160.24000009999997 -1.2246467991473532e-16 -1 1.1102230246251565e-16 -1 1.2246467991473532e-16 0 -1.3596310734468911e-32 -1.1102230246251565e-16 -1 
1 -32.500000000000014 -43.239999999999995 185.09000009999997 -1.2246467991473532e-16 -1 1.1102230246251565e-16 -1 1.2246467991473532e-16 0 -1.3596310734468911e-32 -1.1102230246251565e-16 -1 
5 -42.600000000000016 -49.689999999999984 162.56500009999996 1.2246467991473532e-16 1 -1.1102230246251565e-16 -1.3596310734468911e-32 -1.1102230246251565e-16 -1 1 -1.2246467991473532e-16 0 0.45000000000000001 0.45000000000000001
1 -41.70000000000001 -47.739999999999995 166.86500009999997 -1 1.2246467991473532e-16 0 -1.2246467991473532e-16 -1 1.1102230246251565e-16 1.3596310734468911e-32 1.1102230246251565e-16 1 
2 -42.600000000000009 -47.739999999999995 165.96500009999997 -1.2246467991473532e-16 -1 1.1102230246251565e-16 1 -1.2246467991473532e-16 0 1.3596310734468911e-32 1.1102230246251565e-16 1 0.90000000000000002
2 -42.150000000000013 -49.689999999999984 162.56500009999996 1.3596310734468911e-32 1.1102230246251565e-16 1 -1.2246467991473532e-16 -1 1.1102230246251565e-16 1 -1.2246467991473532e-16 0 0.45000000000000001
2 -46.300000000000011 -47.739999999999995 165.96500009999997 -1.2246467991473532e-16 -1 1.1102230246251565e-16 -1 1.2246467991473532e-16 0 1.3596310734468911e-32 1.1102230246251565e-16 1 0.90000000000000002
2 -44.70000000000001 -54.290000000000006 191.06500009999996 2.33486982377251e-16 1.1102230246251563e-16 1 -1 1.2246467991473535e-16 2.33486982377251e-16 -1.2246467991473532e-16 -1 1.1102230246251565e-16 7.5999999999999996
1 -56.900000000000006 -43.239999999999995 185.09000009999997 -1.2246467991473532e-16 -1 1.1102230246251565e-16 -1 1.2246467991473532e-16 0 -1.3596310734468911e-32 -1.1102230246251565e-16 -1 
1 -56.900000000000006 -43.239999999999995 160.24000009999997 -1.2246467991473532e-16 -1 1.1102230246251565e-16 -1 1.2246467991473532e-16 0 -1.3596310734468911e-32 -1.1102230246251565e-16 -1 
5 -49.250000000000014 -68.890000000000001 156.9650001 -1.2246467991473532e-16 -1 1.1102230246251565e-16 -1 1.2246467991473475e-16 -5.0753052554292927e-15 -5.0753052554292927e-15 1.1102230246251627e-16 1 1.0499999999999998 0.34999999999999998
2 -50.300000000000011 -68.890000000000001 155.76500009999998 1.3596310734468911e-32 1.1102230246251565e-16 1 -1.2246467991473532e-16 -1 1.1102230246251565e-16 1 -1.2246467991473532e-16 0 0.34999999999999998
2 -49.950000000000017 -68.890000000000001 156.11500009999997 -1 1.2246467991473532e-16 0 -1.2246467991473532e-16 -1 1.1102230246251565e-16 -1.3596310734468911e-32 -1.1102230246251565e-16 -1 0.34999999999999998
5 -56.950000000000017 -68.890000000000001 160.26500009999998 1.2246467991473532e-16 1 -1.1102230246251565e-16 -1.3596310734468911e-32 -1.1102230246251565e-16 -1 -1 1.2246467991473532e-16 0 4.1500000000000004 0.34999999999999998
2 -61.100000000000009 -68.890000000000001 160.26500009999998 1.3596310734468911e-32 1.1102230246251565e-16 1 -1.2246467991473532e-16 -1 1.1102230246251565e-16 -1 1.2246467991473532e-16 0 0.34999999999999998
5 -56.950000000000017 -68.890000000000001 185.06500009999999 1.2246467991473532e-16 1 -1.1102230246251565e-16 -1 1.2246467991473532e-16 0 1.3596310734468911e-32 1.1102230246251565e-16 1 4.1500000000000004 0.34999999999999998
2 -56.950000000000017 -68.890000000000001 189.21500009999997 1 -1.2246467991473532e-16 0 -1.2246467991473532e-16 -1 1.1102230246251565e-16 1.3596310734468911e-32 1.1102230246251565e-16 1 0.34999999999999998
2 -50.300000000000011 -68.890000000000001 189.56500009999999 -1.3596310734468911e-32 -1.1102230246251565e-16 -1 -1.2246467991473532e-16 -1 1.1102230246251565e-16 1 -1.2246467991473532e-16 0 0.34999999999999998
1 -27.950000000000014 -69.239999999999995 165.26500009999998 -1.2246467991473532e-16 -1 1.1102230246251565e-16 -1 1.2246467991473532e-16 0 -1.3596310734468911e-32 -1.1102230246251565e-16 -1 
2 -39.100000000000016 -68.890000000000001 188.36500009999997 1.3596310734468911e-32 1.1102230246251565e-16 1 -1.2246467991473532e-16 -1 1.1102230246251565e-16 -1 1.2246467991473532e-16 0 0.34999999999999998
2 -39.450000000000017 -68.890000000000001 189.21500009999997 1 -1.2246467991473532e-16 0 1.3596310734468911e-32 1.1102230246251565e-16 1 -1.2246467991473532e-16 -1 1.1102230246251565e-16 0.34999999999999998
5 -32.450000000000017 -68.890000000000001 185.06500009999999 -1.2246467991473532e-16 -1 1.1102230246251565e-16 3.947459643111668e-16 1.110223024625156e-16 1 1 -1.2246467991473537e-16 -3.947459643111668e-16 4.1500000000000004 0.34999999999999998
2 -28.300000000000015 -68.890000000000001 185.06500009999999 -1.3596310734468911e-32 -1.1102230246251565e-16 -1 1 -1.2246467991473532e-16 0 -1.2246467991473532e-16 -1 1.1102230246251565e-16 0.34999999999999998
5 -32.450000000000017 -68.890000000000001 160.26500009999998 -1.2246467991473532e-16 -1 1.1102230246251565e-16 1 -1.2246467991473532e-16 0 -1.3596310734468911e-32 -1.1102230246251565e-16 -1 4.1500000000000004 0.34999999999999998
2 -32.450000000000017 -68.890000000000001 156.11500009999997 -1 1.2246467991473532e-16 0 -1.3596310734468911e-32 -1.1102230246251565e-16 -1 -1.2246467991473532e-16 -1 1.1102230246251565e-16 0.34999999999999998
2 -39.100000000000016 -68.890000000000001 156.9650001 -1.3596310734468911e-32 -1.1102230246251565e-16 -1 -1.2246467991473532e-16 -1 1.1102230246251565e-16 -1 1.2246467991473532e-16 0 0.34999999999999998
5 -40.150000000000013 -68.890000000000001 156.9650001 -1.2246467991473532e-16 -1 1.1102230246251565e-16 -1.2688263138573297e-15 1.110223024625158e-16 1 1 -1.2246467991473517e-16 1.2688263138573297e-15 1.0499999999999998 0.34999999999999998
2 -49.250000000000014 -68.890000000000001 158.01500009999998 1 -1.2246467991473532e-16 0 -1.2246467991473532e-16 -1 1.1102230246251565e-16 -1.3596310734468911e-32 -1.1102230246251565e-16 -1 0.34999999999999998
5 -46.300000000000011 -49.689999999999984 162.56500009999996 1.2246467991473532e-16 1 -1.1102230246251565e-16 -1 1.2246467991473532e-16 0 -1.3596310734468911e-32 -1.1102230246251565e-16 -1 0.45000000000000001 0.45000000000000001
1 -47.20000000000001 -47.739999999999995 166.86500009999997 -1 1.2246467991473532e-16 0 -1.2246467991473532e-16 -1 1.1102230246251565e-16 1.3596310734468911e-32 1.1102230246251565e-16 1 
2 -46.750000000000014 -49.689999999999984 165.96500009999997 -1.3596310734468911e-32 -1.1102230246251565e-16 -1 -1.2246467991473532e-16 -1 1.1102230246251565e-16 -1 1.2246467991473532e-16 0 0.45000000000000001
2 -44.700000000000017 -54.290000000000006 154.26500009999998 -1.1102230246251568e-16 -1.1102230246251564e-16 -1 1 -1.2246467991473535e-16 -1.1102230246251565e-16 -1.2246467991473532e-16 -1 1.1102230246251565e-16 7.5999999999999996
2 -32.500000000000014 -43.140000000000001 160.24000009999997 1.2246467991473532e-16 1 -1.1102230246251565e-16 -1 1.2246467991473532e-16 0 -1.3596310734468911e-32 -1.1102230246251565e-16 -1 1.6000000000000001
2 -32.500000000000014 -43.140000000000001 185.09000009999997 1.2246467991473532e-16 1 -1.1102230246251565e-16 -1 1.2246467991473532e-16 0 -1.3596310734468911e-32 -1.1102230246251565e-16 -1 1.6000000000000001
5 -42.600000000000016 -49.689999999999984 165.96500009999997 1.2246467991473532e-16 1 -1.1102230246251565e-16 1 -1.2246467991473532e-16 0 1.3596310734468911e-32 1.1102230246251565e-16 1 0.45000000000000001 0.45000000000000001
1 -41.70000000000001 -47.739999999999995 162.36500009999997 -1.3596310734468911e-32 -1.1102230246251565e-16 -1 -1.2246467991473532e-16 -1 1.1102230246251565e-16 -1 1.2246467991473532e-16 0 
2 -42.600000000000016 -49.689999999999984 166.41500009999999 -1 1.2246467991473532e-16 0 -1.2246467991473532e-16 -1 1.1102230246251565e-16 1.3596310734468911e-32 1.1102230246251565e-16 1 0.45000000000000001
5 -46.300000000000011 -49.689999999999984 165.96500009999997 1.2246467991473532e-16 1 -1.1102230246251565e-16 -7.4014868308343733e-16 1.1102230246251575e-16 1 -1 1.2246467991473525e-16 -7.4014868308343733e-16 0.45000000000000001 0.45000000000000001
3 -44.70000000000001 -54.290000000000006 198.46500009999997 2.33486982377251e-16 1.1102230246251563e-16 1 -1 1.2246467991473535e-16 2.33486982377251e-16 -1.2246467991473532e-16 -1 1.1102230246251565e-16 7.5999999999999996
-0.46364760900080609
2 -56.900000000000013 -43.140000000000001 185.09000009999997 1.2246467991473532e-16 1 -1.1102230246251565e-16 -1 1.2246467991473532e-16 0 -1.3596310734468911e-32 -1.1102230246251565e-16 -1 1.6000000000000001
2 -56.900000000000013 -43.140000000000001 160.24000009999997 1.2246467991473532e-16 1 -1.1102230246251565e-16 -1 1.2246467991473532e-16 0 -1.3596310734468911e-32 -1.1102230246251565e-16 -1 1.6000000000000001
3 -44.700000000000017 -54.290000000000006 146.86500009999997 -1.1102230246251568e-16 -1.1102230246251564e-16 -1 1 -1.2246467991473535e-16 -1.1102230246251565e-16 -1.2246467991473532e-16 -1 1.1102230246251565e-16 7.5999999999999996
-0.46364760900080609
1 -41.70000000000001 -50.140000000000001 166.86500009999997 -1.2246467991473532e-16 -1 1.1102230246251565e-16 -1 1.2246467991473532e-16 0 -1.3596310734468911e-32 -1.1102230246251565e-16 -1 
1 -32.500000000000014 -46.239999999999995 160.24000009999997 -1.2246467991473532e-16 -1 1.1102230246251565e-16 -1 1.2246467991473532e-16 0 -1.3596310734468911e-32 -1.1102230246251565e-16 -1 
1 -32.500000000000014 -46.239999999999995 185.0900001 -1.2246467991473532e-16 -1 1.1102230246251565e-16 -1 1.2246467991473532e-16 0 -1.3596310734468911e-32 -1.1102230246251565e-16 -1 
1 -44.70000000000001 -54.290000000000006 199.16500009999999 2.33486982377251e-16 1.1102230246251563e-16 1 -1 1.2246467991473535e-16 2.33486982377251e-16 -1.2246467991473532e-16 -1 1.1102230246251565e-16 
2 -44.70000000000001 -54.290000000000006 198.96500009999997 1.2246467991473535e-16 1.1102230246251564e-16 1 -1.2246467991473532e-16 -1 1.1102230246251565e-16 1 -1.2246467991473535e-16 -1.2246467991473532e-16 4.9000000000000004
1 -56.900000000000013 -46.239999999999995 185.0900001 -1.2246467991473532e-16 -1 1.1102230246251565e-16 -1 1.2246467991473532e-16 0 -1.3596310734468911e-32 -1.1102230246251565e-16 -1 
1 -56.900000000000013 -46.239999999999995 160.24000009999997 -1.2246467991473532e-16 -1 1.1102230246251565e-16 -1 1.2246467991473532e-16 0 -1.3596310734468911e-32 -1.1102230246251565e-16 -1 
1 -44.700000000000017 -54.290000000000006 146.16500009999999 -1.1102230246251568e-16 -1.1102230246251564e-16 -1 1 -1.2246467991473535e-16 -1.1102230246251565e-16 -1.2246467991473532e-16 -1 1.1102230246251565e-16 
2 -44.70000000000001 -54.290000000000006 146.36500009999997 -1.3596310734468911e-32 -1.1102230246251565e-16 -1 -1.2246467991473532e-16 -1 1.1102230246251565e-16 -1 1.2246467991473532e-16 0 4.9000000000000004
10 5.017821599483697 11.301006906663282 0 6.2831853071795862
5 -44.70000000000001 -54.290000000000006 201.01500009999998 -1.2246467991473535e-16 -1.1102230246251564e-16 -1 -1.2246467991473532e-16 -1 1.1102230246251565e-16 1 -1.2246467991473535e-16 -1.2246467991473532e-16 4.8499999999999996 0.25
10 3.2375857624494815 9.5207710696290668 0 6.2831853071795862
5 -44.70000000000001 -54.290000000000006 144.31500009999996 1.3596310734468911e-32 1.1102230246251565e-16 1 -1.2246467991473532e-16 -1 1.1102230246251565e-16 -1 1.2246467991473532e-16 0 4.8499999999999996 0.25
1 -45.691942476904529 -54.376783721598954 199.46500009999997 1.3596310734468911e-32 1.1102230246251565e-16 1 1.2246467991473532e-16 1 -1.1102230246251565e-16 -1 1.2246467991473532e-16 0 
2 -44.700000000000017 -54.290000000000006 199.46500009999997 -1.3596310734468911e-32 -1.1102230246251565e-16 -1 0.64278760968653958 0.7660444431189779 -8.5048017863684546e-17 -0.7660444431189779 0.64278760968653958 -7.1363760421776443e-17 6.75
1 -39.529200008946916 -58.628816365384139 199.46500009999997 -0.64278760968654036 -0.76604444311897724 8.5048017863684472e-17 -0.76604444311897724 0.64278760968654036 -7.1363760421776529e-17 -1.3596310734468911e-32 -1.1102230246251565e-16 -1 
10 5.017821599483697 11.301006906663282 -2e+100 2e+100
2 -44.70000000000001 -54.290000000000006 200.76500009999998 1.2246467991473535e-16 1.1102230246251564e-16 1 -1.2246467991473532e-16 -1 1.1102230246251565e-16 1 -1.2246467991473535e-16 -1.2246467991473532e-16 5.0999999999999996
1 -41.614619473504625 -50.612986673028885 199.46500009999997 -0.76604444311897801 0.64278760968653936 -7.1363760421776418e-17 0.64278760968653936 0.76604444311897801 -8.5048017863684558e-17 -1.3596310734468911e-32 -1.1102230246251565e-16 -1 
10 3.2375857624494815 9.5207710696290668 -2e+100 2e+100
2 -44.70000000000001 -54.290000000000006 144.56500009999996 -1.3596310734468911e-32 -1.1102230246251565e-16 -1 -1.2246467991473532e-16 -1 1.1102230246251565e-16 -1 1.2246467991473532e-16 0 5.0999999999999996
1 -51.042925190304892 -56.59863596744826 145.86500009999997 0.34202014332566871 -0.93969262078590843 1.0432683836668715e-16 0.93969262078590843 0.34202014332566871 -3.7971863800575359e-17 1.3596310734468911e-32 1.1102230246251565e-16 1 
2 -44.70000000000001 -54.290000000000006 145.86500009999997 1.3596310734468911e-32 1.1102230246251565e-16 1 0.76604444311897779 -0.64278760968653958 7.1363760421776443e-17 0.64278760968653958 0.76604444311897779 -8.5048017863684533e-17 6.7499999999999991
1 -44.414097345275373 -52.668565472079692 145.86500009999997 1.3596310734468911e-32 1.1102230246251565e-16 1 1.2246467991473532e-16 1 -1.1102230246251565e-16 -1 1.2246467991473532e-16 0 
1 -41.022986673028917 -57.375380526495391 145.86500009999997 -0.64278760968653958 -0.76604444311897779 8.5048017863684533e-17 0.76604444311897779 -0.64278760968653958 7.1363760421776443e-17 1.3596310734468911e-32 1.1102230246251565e-16 1 
1 -45.691942476904529 -54.376783721598954 200.86500009999997 1.3596310734468911e-32 1.1102230246251565e-16 1 1.2246467991473532e-16 1 -1.1102230246251565e-16 -1 1.2246467991473532e-16 0 
1 -50.486826918823439 -58.048009341603674 199.96500009999997 -0.54463903501502708 0.83867056794542416 -9.3111137460846655e-17 0.83867056794542416 0.54463903501502708 -6.0467079678331003e-17 -1.3596310734468911e-32 -1.1102230246251565e-16 -1 
10 5.0178215994836988 11.301006906663286 0 6.2831853071795862
5 -44.70000000000001 -54.290000000000006 202.16500009999999 1.2246467991473535e-16 1.1102230246251564e-16 1 -1.2246467991473532e-16 -1 1.1102230246251565e-16 1 -1.2246467991473535e-16 -1.2246467991473532e-16 4.8499999999999996 0.25
2 -44.700000000000017 -54.290000000000006 199.96500009999997 -1.3596310734468911e-32 -1.1102230246251565e-16 -1 -0.99939082701909576 -0.034899496702500851 3.8746224786946311e-18 0.034899496702500851 -0.99939082701909576 1.1095467067557771e-16 6.8999999999999959
1 -49.497075969691672 -54.45751758417201 199.96500009999997 0.034899496702500581 -0.99939082701909587 1.1095467067557772e-16 -0.99939082701909587 -0.034899496702500581 3.874622478694601e-18 -1.3596310734468911e-32 -1.1102230246251565e-16 -1 
1 -45.691942476904529 -54.376783721598954 200.86500009999997 1.3596310734468911e-32 1.1102230246251565e-16 1 1.2246467991473532e-16 1 -1.1102230246251565e-16 -1 1.2246467991473532e-16 0 
1 -44.414097345275373 -52.668565472079692 144.46500009999997 1.3596310734468911e-32 1.1102230246251565e-16 1 1.2246467991473532e-16 1 -1.1102230246251565e-16 -1 1.2246467991473532e-16 0 
1 -42.671432343644653 -49.939722622224068 145.36500009999997 0.90630778703665005 -0.42261826174069955 4.6920052481158541e-17 0.42261826174069955 0.90630778703665005 -1.0062037725651619e-16 1.3596310734468911e-32 1.1102230246251565e-16 1 
2 -44.700000000000017 -54.290000000000006 145.36500009999997 1.3596310734468911e-32 1.1102230246251565e-16 1 0.42261826174069922 0.90630778703665016 -1.006203772565162e-16 -0.90630778703665016 0.42261826174069922 -4.6920052481158504e-17 6.9000000000000083
10 3.2375857624494864 9.5207710696290722 0 6.2831853071795862
5 -44.70000000000001 -54.290000000000006 143.16500009999999 -1.3596310734468911e-32 -1.1102230246251565e-16 -1 -1.2246467991473532e-16 -1 1.1102230246251565e-16 -1 1.2246467991473532e-16 0 4.8499999999999996 0.25
1 -46.369261079637717 -47.594959488695608 145.36500009999997 -0.97029572627599658 -0.24192189559966767 2.6858725865571452e-17 0.24192189559966767 -0.97029572627599658 1.0772446560069999e-16 1.3596310734468911e-32 1.1102230246251565e-16 1 
1 -44.414097345275373 -52.668565472079692 144.46500009999997 1.3596310734468911e-32 1.1102230246251565e-16 1 1.2246467991473532e-16 1 -1.1102230246251565e-16 -1 1.2246467991473532e-16 0 
1 -50.2549173762782 -56.041458721063336 199.96500009999997 1.3596310734468911e-32 1.1102230246251565e-16 1 1.2246467991473532e-16 1 -1.1102230246251565e-16 -1 1.2246467991473532e-16 0 
1 -44.70000000000001 -54.290000000000006 202.41500009999999 1.2246467991473535e-16 1.1102230246251564e-16 1 -1.2246467991473532e-16 -1 1.1102230246251565e-16 1 -1.2246467991473535e-16 -1.2246467991473532e-16 
2 -44.70000000000001 -54.290000000000006 194.91500009999999 1.2246467991473535e-16 1.1102230246251564e-16 1 -1.2246467991473532e-16 -1 1.1102230246251565e-16 1 -1.2246467991473535e-16 -1.2246467991473532e-16 3.2000000000000002
1 -44.147467111045565 -48.551726548372173 145.36500009999997 1.3596310734468911e-32 1.1102230246251565e-16 1 1.2246467991473532e-16 1 -1.1102230246251565e-16 -1 1.2246467991473532e-16 0 
1 -44.70000000000001 -54.290000000000006 142.91500009999999 -1.3596310734468911e-32 -1.1102230246251565e-16 -1 -1.2246467991473532e-16 -1 1.1102230246251565e-16 -1 1.2246467991473532e-16 0 
2 -44.70000000000001 -54.290000000000006 150.41500009999999 -1.3596310734468911e-32 -1.1102230246251565e-16 -1 -1.2246467991473532e-16 -1 1.1102230246251565e-16 -1 1.2246467991473532e-16 0 3.2000000000000002
1 -44.70000000000001 -54.290000000000006 194.91500009999999 1.2246467991473535e-16 1.1102230246251564e-16 1 -1.2246467991473532e-16 -1 1.1102230246251565e-16 1 -1.2246467991473535e-16 -1.2246467991473532e-16 
1 -44.70000000000001 -54.290000000000006 150.41500009999999 -1.3596310734468911e-32 -1.1102230246251565e-16 -1 -1.2246467991473532e-16 -1 1.1102230246251565e-16 -1 1.2246467991473532e-16 0 
Triangulations 0

TShapes 1153
Ve
1e-07
14.7757072067178 105.24 265.948316582344
0 0

0101101
*
Ve
2.76143402057469e-07
16.2502049214748 105.24 266.674298328334
0 0

0101101
*
Ed
 1e-07 1 1 0
1  1 0 0.0655237737571305 0.171607746116802
2  1 1 0 0.0655237737571305 0.171607746116802
0

0101000
+1153 4 -1152 4 *
Ve
2.7614340074995e-07
28.45 105.29 266.674210604445
0 0

0101101
*
Ed
 2.76143398085415e-07 1 1 0
1  2 0 0 0.999999964364664
2  2 1 0 0 0.999999964364664
2  3 2 0 0 0.999999964364664
0

0101000
+1150 4 -1152 4 *
Ve
1.00000004440892e-07
28.4497950785252 105.24 266.674298328334
0 0

0101101
*
Ed
 1e-07 1 1 0
1  3 0 1.20000413008761e-05 1
2  4 1 0 1.20000413008761e-05 1
2  5 2 0 1.20000413008761e-05 1
0

0101000
+1148 4 -1150 4 *
Ve
1e-07
29.9242927932823 105.24 265.948316582344
0 0

0101101
*
Ed
 1e-07 1 1 0
1  4 0 0.980555546689012 1.08663951904868
2  1 1 0 0.980555546689012 1.08663951904868
0

0101000
+1148 4 -1146 4 *
Ve
5.00000000397205e-06
29.9242927932823 118.54 265.948316582344
0 0

0101101
*
Ed
 1e-07 1 1 0
1  5 0 0.199999999999991 13.5
2  6 1 0 0.199999999999991 13.5
2  7 3 0 0.199999999999991 13.5
4 G1 1 0 3 0
0

0101000
+1144 4 -1146 4 *
Ve
1.00000001986027e-07
27.2427469979484 118.54 267.13251609741
0 0

0101101
*
Ed
 1e-07 1 1 0
1  6 0 1.06023845414912 1.24964303494843
2  8 1 0 1.06023845414912 1.24964303494843
0

0101000
+1144 4 -1142 4 *
Ve
1.00000006936895e-07
26.9 118.582484513305 267.242135450667
0 0

0101101
*
Ed
 1e-07 1 1 0
1  7 0 0 1
2  9 1 0 0 1
2  10 4 0 0 1
0

0101000
+1142 4 -1140 4 *
Ve
1.00000291821694e-07
26.382620296496 118.74 267.391227866017
0 0

0101101
*
Ed
 1e-07 1 1 0
1  8 0 1.04896497020177e-06 0.999997430891067
2  11 1 0 1.04896497020177e-06 0.999997430891067
2  12 5 0 1.04896497020177e-06 0.999997430891067
0

0101000
+1140 4 -1138 4 *
Ve
1.0000020630991e-07
18.3173797035042 118.74 267.391227866017
0 0

0101101
*
Ed
 1e-07 1 1 0
1  9 0 5.04354695054148 5.56994150934911
2  13 1 0 5.04354695054148 5.56994150934911
0

0101000
+1138 4 -1136 4 *
Ve
1.00000004070145e-07
17.8 118.582484513305 267.242135450667
0 0

0101101
*
Ed
 1e-07 1 1 0
1  10 0 1.04896493586624e-06 0.999997430891388
2  14 1 0 1.04896493586624e-06 0.999997430891388
2  15 5 0 1.04896493586624e-06 0.999997430891388
0

0101000
+1134 4 -1136 4 *
Ve
1.00000001986027e-07
17.4572530020516 118.54 267.13251609741
0 0

0101101
*
Ed
 1e-07 1 1 0
1  11 0 0 1
2  16 1 0 0 1
2  17 6 0 0 1
0

0101000
+1132 4 -1134 4 *
Ve
5.00000000407015e-06
14.7757072067178 118.54 265.948316582344
0 0

0101101
*
Ed
 1e-07 1 1 0
1  12 0 1.89194961864136 2.08135419944067
2  8 1 0 1.89194961864136 2.08135419944067
0

0101000
+1132 4 -1130 4 *
Ed
 1e-07 1 1 0
1  13 0 0.199999999999991 13.5
2  18 1 0 0.199999999999991 13.5
2  19 7 0 0.199999999999991 13.5
4 G1 1 0 7 0
0

0101000
+1130 4 -1153 4 *
Wi

0101100
-1151 0 +1149 0 +1147 0 -1145 0 +1143 0 -1141 0 -1139 0 -1137 0 -1135 0 +1133 0 
+1131 0 -1129 0 -1128 0 *
Fa
0  1e-07 1 0

0101000
+1127 0 *
Ve
1e-07
13.6482931891178 105.24 238.516104967933
0 0

0101101
*
Ve
1e-07
14.7757072067178 105.24 238.901683617656
0 0

0101101
*
Ed
 1e-07 1 1 0
1  14 0 0 1
2  20 9 0 0 1
0

0101000
+1125 4 -1124 4 *
Ve
1.00000016687357e-07
16.2502049214749 105.24 238.175701871666
0 0

0101101
*
Ed
 1e-07 1 1 0
1  15 0 4.1221482002788 4.22823217263848
2  1 10 0 4.1221482002788 4.22823217263848
0

0101000
+1122 4 -1124 4 *
Ve
1.00000006217249e-07
16.2502049214748 105.24 239.160291282992
0 0

0101101
*
Ed
 1e-07 1 1 0
1  16 0 3.76470881700764 4.74929822833392
2  21 11 0 3.76470881700764 4.74929822833392
0

0101000
+1120 4 -1122 4 *
Ve
1.00000015280799e-07
13.5034679846101 105.24 240.810402762999
0 0

0101101
*
Ed
 1e-07 1 1 0
1  17 0 4.22353918761294 4.44345352979612
2  22 12 0 4.22353918761294 4.44345352979612
0

0101000
+1120 4 -1118 4 *
Ve
1e-07
13.6 105.24 240.0000001
0 0

0101101
*
Ed
 1e-07 1 1 0
1  18 0 0 0.237114991334281
2  23 13 0 0 0.237114991334281
0

0101000
+1116 4 -1118 4 *
Ve
1.00000029134418e-07
10.8989908273523 105.24 243.367716350004
0 0

0101101
*
Ed
 1e-07 1 1 0
1  19 0 1.35195493861833 6.28318530717959
2  23 13 0 1.35195493861833 6.28318530717959
0

0101000
+1114 4 -1116 4 *
Ve
1.00000003972055e-07
10.8989908273523 105.24 261.482283849996
0 0

0101101
*
Ed
 1e-07 1 1 0
1  20 0 4.69411537722697 6.03252345974874
2  22 14 0 4.69411537722697 6.03252345974874
0

0101000
+1114 4 -1112 4 *
Ve
1e-07
13.6 105.24 264.8500001
0 0

0101101
*
Ed
 1e-07 1 1 0
1  21 0 0 4.93123036856125
2  24 15 0 0 4.93123036856125
0

0101000
+1110 4 -1112 4 *
Ve
1.00000008881784e-07
13.5034679846101 105.24 264.039597437001
0 0

0101101
*
Ed
 1e-07 1 1 0
1  22 0 6.04607031584531 6.28318530717959
2  24 15 0 6.04607031584531 6.28318530717959
0

0101000
+1108 4 -1110 4 *
Ve
1.00000002664535e-07
16.2502049214748 105.24 265.689708917008
0 0

0101101
*
Ed
 1e-07 1 1 0
1  23 0 0 0.219914342183181
2  22 16 0 0 0.219914342183181
0

0101000
+1108 4 -1106 4 *
Ed
 1e-07 1 1 0
1  24 0 3.76470881700763 4.74929822833391
2  25 2 0 3.76470881700763 4.74929822833391
0

0101000
+1106 4 -1152 4 *
Ve
1e-07
13.6482931891178 105.24 266.333895232067
0 0

0101101
*
Ed
 1e-07 1 1 0
1  25 0 0 1
2  26 7 0 0 1
0

0101000
+1153 4 -1103 4 *
Ve
1e-07
8.60242975180298 105.24 261.379405579331
0 0

0101101
*
Ed
 1e-07 1 1 0
1  26 0 1.99024319093805 5.88201204619415
2  27 17 0 1.99024319093805 5.88201204619415
0

0101000
+1101 4 -1103 4 *
Ve
1e-07
8.96734325643449 105.24 260.245134273011
0 0

0101101
*
Ed
 1e-07 1 1 0
1  27 0 0 1
2  28 18 0 0 1
0

0101000
+1101 4 -1099 4 *
Ve
1e-07
8.96734325643449 105.24 244.604865926989
0 0

0101101
*
Ed
 1e-07 1 1 0
1  28 0 4.7596391509841 5.81730210259109
2  1 19 0 4.7596391509841 5.81730210259109
0

0101000
+1097 4 -1099 4 *
Ve
1e-07
8.60242975180298 105.24 243.470594620669
0 0

0101101
*
Ed
 1e-07 1 1 0
1  29 0 0 1
2  29 20 0 0 1
0

0101000
+1095 4 -1097 4 *
Ed
 1e-07 1 1 0
1  30 0 0.401173260985435 4.29294211624154
2  30 21 0 0.401173260985435 4.29294211624154
0

0101000
+1125 4 -1095 4 *
Wi

0101100
-1123 0 +1121 0 +1119 0 -1117 0 +1115 0 +1113 0 -1111 0 +1109 0 +1107 0 -1105 0 
-1104 0 +1151 0 -1102 0 +1100 0 -1098 0 +1096 0 +1094 0 +1093 0 *
Fa
0  1e-07 8 0

0101000
+1092 0 *
Ve
1.00000006646519e-07
17.2522063596101 101.94 263.453825966791
0 0

0101101
*
Ve
1.000001e-06
20.6215373452219 99.4400071067532 261.9250001
0 0

0101101
*
Ed
 1e-07 1 1 0
1  31 0 0 1
2  31 2 0 0 1
2  32 22 0 0 1
0

0101000
+1090 4 -1089 4 *
Ve
1.000001e-06
24.0784626547781 99.4400071067532 261.9250001
0 0

0101101
*
Ed
 1e-07 1 1 0
1  32 0 4.42509877577936 4.99967918499002
2  33 2 0 4.42509877577936 4.99967918499002
0

0101000
+1089 4 -1087 4 *
Ve
1.0000000307674e-07
27.4477936403899 101.94 263.453825966791
0 0

0101101
*
Ed
 1e-07 1 1 0
1  33 0 0 1
2  34 2 0 0 1
2  35 23 0 0 1
0

0101000
+1085 4 -1087 4 *
Ve
1.00000001776357e-07
28.4251543190276 104.74 262.94711965834
0 0

0101101
*
Ed
 1e-07 1 1 0
1  34 0 2.32886862522725e-07 0.999999796173046
2  36 2 0 2.32886862522725e-07 0.999999796173046
2  37 24 0 2.32886862522725e-07 0.999999796173046
0

0101000
+1085 4 -1083 4 *
Ve
1.00000021972321e-07
28.4251543190276 104.74 262.831488460633
0 0

0101101
*
Ed
 1e-07 1 1 0
1  35 0 0.906488360633487 1.02211955833994
2  38 2 0 0.906488360633487 1.02211955833994
0

0101000
+1081 4 -1083 4 *
Ve
1.00000001776357e-07
28.45 105.29 262.81694409523
0 0

0101101
*
Ed
 1e-07 1 1 0
1  36 0 1.09342773574369e-06 1
2  39 2 0 1.09342773574369e-06 1
2  40 25 0 1.09342773574369e-06 1
0

0101000
+1081 4 -1079 4 *
Ve
1.00000003662053e-07
28.45 105.29 265.68961468166
0 0

0101101
*
Ed
 1e-07 1 1 0
1  37 0 0.891943995230154 3.76461458166049
2  41 2 0 0.891943995230154 3.76461458166049
2  42 26 0 0.891943995230154 3.76461458166049
4 CN 2 0 26 0
0

0101000
+1079 4 -1077 4 *
Ve
1.00000004440892e-07
28.4497950785252 105.24 265.689708917008
0 0

0101101
*
Ed
 1e-07 1 1 0
1  38 0 1.20000489547085e-05 1
2  43 2 0 1.20000489547085e-05 1
2  44 27 0 1.20000489547085e-05 1
0

0101000
+1075 4 -1077 4 *
Ed
 1e-07 1 1 0
1  39 0 3.76470881700763 4.74929822833391
2  45 2 0 3.76470881700763 4.74929822833391
0

0101000
+1075 4 -1148 4 *
Ve
1e-07
28.45 105.29 268.4250001
0 0

0101101
*
Ed
 1e-07 1 1 0
1  40 0 4.7492105044455 6.5
3  41 42CN 2 0 4.7492105044455 6.5
0

0101000
+1150 4 -1072 4 *
Ed
 1e-07 1 1 0
1  41 0 0 6.28318530717959
2  46 2 0 0 6.28318530717959
2  47 28 0 0 6.28318530717959
0

0101000
+1072 4 -1072 4 *
Ve
1.00000005329071e-07
16.2502049214748 105.34 265.689708917008
0 0

0101101
*
Ed
 1e-07 1 1 0
1  42 0 6.00002456624012e-06 0.999993999975487
2  48 2 0 6.00002456624012e-06 0.999993999975487
2  49 16 0 6.00002456624012e-06 0.999993999975487
0

0101000
+1069 4 -1106 4 *
Ve
1.00000010950199e-07
17.2522063596101 108.64 263.343562276404
0 0

0101101
*
Ed
 1e-07 1 1 0
1  43 0 0 1
2  50 2 0 0 1
2  51 29 0 0 1
0

0101000
+1067 4 -1069 4 *
Ve
1.00000004070145e-07
16.2748456809724 104.74 262.831488460633
0 0

0101101
*
Ed
 1e-07 1 1 0
1  44 0 1.69766144127338e-07 0.999999851599261
2  52 2 0 1.69766144127338e-07 0.999999851599261
2  53 30 0 1.69766144127338e-07 0.999999851599261
0

0101000
+1067 4 -1065 4 *
Ve
1.00000004440892e-07
16.2748456809724 104.74 262.94711965834
0 0

0101101
*
Ed
 1e-07 1 1 0
1  45 0 0.906488360633476 1.02211955833995
2  54 2 0 0.906488360633476 1.02211955833995
0

0101000
+1065 4 -1063 4 *
Ed
 1e-07 1 1 0
1  46 0 2.03827038761393e-07 0.999999767113192
2  55 2 0 2.03827038761393e-07 0.999999767113192
2  56 31 0 2.03827038761393e-07 0.999999767113192
0

0101000
+1063 4 -1090 4 *
Wi

0101100
+1088 0 +1086 0 -1084 0 +1082 0 -1080 0 +1078 0 +1076 0 -1074 0 +1073 0 +1147 0 
+1071 0 -1070 0 -1071 0 +1149 0 -1104 0 -1068 0 -1066 0 +1064 0 +1062 0 +1061 0 
*
Fa
0  1e-07 2 0

0101000
+1060 0 *
Ve
1e-07
29.9242927932823 105.24 238.901683617656
0 0

0101101
*
Ve
2.76143410238902e-07
28.4497950785252 105.24 238.175701871666
0 0

0101101
*
Ed
 1e-07 1 1 0
1  47 0 3.20711642734692 3.3132003997066
2  1 10 0 3.20711642734692 3.3132003997066
0

0101000
+1058 4 -1057 4 *
Ve
1e-07
31.0517068108822 105.24 238.516104967933
0 0

0101101
*
Ed
 1e-07 1 1 0
1  48 0 0 1
2  57 33 0 0 1
0

0101000
+1058 4 -1055 4 *
Ve
1e-07
36.097570248197 105.24 243.470594620669
0 0

0101101
*
Ed
 1e-07 1 1 0
1  49 0 0.249711820978959 4.14148067623506
2  58 34 0 0.249711820978959 4.14148067623506
0

0101000
+1055 4 -1053 4 *
Ve
1e-07
35.7326567435655 105.24 244.604865926989
0 0

0101101
*
Ed
 1e-07 1 1 0
1  50 0 0 1
2  59 35 0 0 1
0

0101000
+1051 4 -1053 4 *
Ve
1e-07
35.7326567435655 105.24 260.245134273011
0 0

0101101
*
Ed
 1e-07 1 1 0
1  51 0 1.61804649739431 2.6757094490013
2  1 36 0 1.61804649739431 2.6757094490013
0

0101000
+1049 4 -1051 4 *
Ve
1e-07
36.0975702481971 105.24 261.379405579331
0 0

0101101
*
Ed
 1e-07 1 1 0
1  52 0 0 1
2  60 37 0 0 1
0

0101000
+1047 4 -1049 4 *
Ve
1e-07
31.0517068108822 105.24 266.333895232067
0 0

0101101
*
Ed
 1e-07 1 1 0
1  53 0 0.249711820978938 4.14148067623504
2  61 38 0 0.249711820978938 4.14148067623504
0

0101000
+1047 4 -1045 4 *
Ed
 1e-07 1 1 0
1  54 0 0 1
2  62 3 0 0 1
0

0101000
+1146 4 -1045 4 *
Ve
1.00000015280799e-07
31.1965320153899 105.24 264.039597437001
0 0

0101101
*
Ed
 1e-07 1 1 0
1  55 0 1.08194653402315 1.30186087620633
2  22 27 0 1.08194653402315 1.30186087620633
0

0101000
+1075 4 -1042 4 *
Ve
1e-07
38 105.24 264.8500001
0 0

0101101
*
Ed
 1e-07 1 1 0
1  56 0 0 3.37870764492407
2  63 39 0 0 3.37870764492407
0

0101000
+1040 4 -1042 4 *
Ve
1.00000024161065e-07
33.8010091726477 105.24 261.482283849996
0 0

0101101
*
Ed
 1e-07 1 1 0
1  57 0 4.49354759220813 6.28318530717959
2  63 39 0 4.49354759220813 6.28318530717959
0

0101000
+1038 4 -1040 4 *
Ve
1.00000006404746e-07
33.8010091726477 105.24 243.367716350004
0 0

0101101
*
Ed
 1e-07 1 1 0
1  58 0 1.55252272363718 2.89093080615894
2  22 40 0 1.55252272363718 2.89093080615894
0

0101000
+1038 4 -1036 4 *
Ve
1e-07
38 105.24 240.0000001
0 0

0101101
*
Ed
 1e-07 1 1 0
1  59 0 0 1.78963771497146
2  64 41 0 0 1.78963771497146
0

0101000
+1034 4 -1036 4 *
Ve
1.00000010357851e-07
31.1965320153899 105.24 240.810402762999
0 0

0101101
*
Ed
 1e-07 1 1 0
1  60 0 2.90447766225551 6.28318530717959
2  64 41 0 2.90447766225551 6.28318530717959
0

0101000
+1032 4 -1034 4 *
Ve
1.00000002664535e-07
28.4497950785252 105.24 239.160291282992
0 0

0101101
*
Ed
 1e-07 1 1 0
1  61 0 3.14159265358979 3.36150699577297
2  22 42 0 3.14159265358979 3.36150699577297
0

0101000
+1032 4 -1030 4 *
Ed
 1e-07 1 1 0
1  62 0 3.76470881700763 4.74929822833391
2  65 11 0 3.76470881700763 4.74929822833391
0

0101000
+1030 4 -1057 4 *
Wi

0101100
+1056 0 -1054 0 -1052 0 +1050 0 +1048 0 +1046 0 -1044 0 +1043 0 +1145 0 +1073 0 
-1041 0 +1039 0 +1037 0 -1035 0 +1033 0 +1031 0 -1029 0 -1028 0 *
Fa
0  1e-07 32 0

0101000
+1027 0 *
Ve
5.00000000355271e-06
31.0517068108822 118.54 266.333895232067
0 0

0101101
*
Ed
 1e-07 1 1 0
1  63 0 0.199999999999991 13.5
2  66 3 0 0.199999999999991 13.5
2  67 38 0 0.199999999999991 13.5
4 G1 3 0 38 0
0

0101000
+1025 4 -1045 4 *
Ed
 5e-06 1 1 0
1  64 0 0 1
2  68 3 0 0 1
0

0101000
+1025 4 -1144 4 *
Wi

0101100
-1143 0 -1043 0 +1024 0 -1023 0 *
Fa
0  1e-07 3 0

0101000
+1022 0 *
Ve
5.00000000355271e-06
36.0975702481971 118.54 261.379405579331
0 0

0101101
*
Ed
 1e-07 1 1 0
1  65 0 5.13183584452784 9.02360469978395
2  69 38 0 5.13183584452784 9.02360469978395
0

0101000
+1020 4 -1025 4 *
Ve
5.00000000407015e-06
35.7326567435655 118.54 260.245134273011
0 0

0101101
*
Ed
 5e-06 1 1 0
1  66 0 0 1
2  70 37 0 0 1
0

0101000
+1018 4 -1020 4 *
Ve
5.00000000407015e-06
35.7326567435655 118.54 244.604865926989
0 0

0101101
*
Ed
 1e-07 1 1 0
1  67 0 5.75435383137609 6.81201678298308
2  71 36 0 5.75435383137609 6.81201678298308
0

0101000
+1016 4 -1018 4 *
Ve
5.00000000355271e-06
36.097570248197 118.54 243.470594620669
0 0

0101101
*
Ed
 5e-06 1 1 0
1  68 0 0 1
2  72 35 0 0 1
0

0101000
+1014 4 -1016 4 *
Ve
5.00000000435117e-06
31.0517068108822 118.54 238.516104967933
0 0

0101101
*
Ed
 1e-07 1 1 0
1  69 0 3.54276591457523 7.43453476983133
2  73 34 0 3.54276591457523 7.43453476983133
0

0101000
+1012 4 -1014 4 *
Ve
5.00000000407015e-06
29.9242927932823 118.54 238.901683617656
0 0

0101101
*
Ed
 5e-06 1 1 0
1  70 0 0 1
2  74 33 0 0 1
0

0101000
+1012 4 -1010 4 *
Ve
1.00000005329071e-07
27.2427469979484 118.54 237.71748410259
0 0

0101101
*
Ed
 1e-07 1 1 0
1  71 0 5.03354227223115 5.22294685303047
2  75 10 0 5.03354227223115 5.22294685303047
0

0101000
+1008 4 -1010 4 *
Ve
1e-07
27.95 118.54 236.7250001
0 0

0101101
*
Ed
 1e-07 1 1 0
1  72 0 0 1.23827665618243
2  76 44 0 0 1.23827665618243
4 G1 43 5 44 0
0

0101000
+1006 4 -1008 4 *
Ve
7.2108142497892e-07
27.95 118.54 235.8750001
0 0

0101101
*
Ed
 1e-07 1 1 0
1  73 0 0.350000000000001 1.2
2  77 45 0 0.350000000000001 1.2
4 G1 43 5 45 0
0

0101000
+1004 4 -1006 4 *
Ve
1e-07
34.6 118.54 235.8750001
0 0

0101101
*
Ed
 1e-07 1 1 0
1  74 0 0.35 7
2  78 46 0 0.35 7
4 G1 43 5 46 0
0

0101000
+1004 4 -1002 4 *
Ve
1e-07
38.75 118.54 240.0250001
0 0

0101101
*
Ed
 1e-07 1 1 0
1  75 0 -0 1.5707963267949
2  79 47 0 -0 1.5707963267949
4 G1 43 5 47 0
0

0101000
+1002 4 -1000 4 *
Ve
1e-07
38.75 118.54 264.8250001
0 0

0101101
*
Ed
 1e-07 1 1 0
1  76 0 0 24.8
2  80 48 0 0 24.8
4 G1 43 5 48 0
0

0101000
+1000 4 -998 4 *
Ve
1e-07
34.6 118.54 268.9750001
0 0

0101101
*
Ed
 1e-07 1 1 0
1  77 0 0 1.5707963267949
2  81 49 0 0 1.5707963267949
4 G1 43 5 49 0
0

0101000
+998 4 -996 4 *
Ve
1.01969410203018e-06
27.95 118.54 268.9750001
0 0

0101101
*
Ed
 1e-07 1 1 0
1  78 0 -0 6.65
2  82 50 0 -0 6.65
4 G1 43 5 50 0
0

0101000
+996 4 -994 4 *
Ve
1e-07
27.95 118.54 268.1250001
0 0

0101101
*
Ed
 1e-07 1 1 0
1  79 0 0.350000000000001 1.2
2  83 51 0 0.350000000000001 1.2
4 G1 43 5 51 0
0

0101000
+994 4 -992 4 *
Ed
 1e-07 1 1 0
1  80 0 0 1.23827665618243
2  84 4 0 0 1.23827665618243
4 G1 43 5 4 0
0

0101000
+992 4 -1142 4 *
Wi

0101100
+1141 0 +1023 0 +1019 0 +1017 0 +1015 0 +1013 0 +1011 0 -1009 0 +1007 0 +1005 0 
+1003 0 -1001 0 -999 0 -997 0 -995 0 -993 0 -991 0 -990 0 *
Fa
0  1e-07 43 5

0101000
+989 0 *
Ve
1e-07
27.6 118.89 268.1250001
0 0

0101101
*
Ed
 1e-07 1 1 0
1  81 0 0 1.5707963267949
2  85 4 0 0 1.5707963267949
2  86 51 0 0 1.5707963267949
4 G1 4 0 51 0
0

0101000
+992 4 -987 4 *
Ve
1e-07
26.9 118.89 267.4250001
0 0

0101101
*
Ed
 1e-07 1 1 0
1  82 0 0 1.5707963267949
2  87 4 0 0 1.5707963267949
2  88 52 0 0 1.5707963267949
4 G1 4 0 52 0
0

0101000
+987 4 -985 4 *
Ed
 1e-07 1 1 0
1  83 0 2.06863715764104 3.14159265358979
2  89 4 0 2.06863715764104 3.14159265358979
2  90 5 0 2.06863715764104 3.14159265358979
4 G1 4 0 5 0
0

0101000
+1140 4 -985 4 *
Wi

0101100
-986 0 -984 0 +983 0 +1139 0 +990 0 *
Fa
0  1e-07 4 0

0101000
+982 0 *
Ed
 1e-07 1 1 0
1  84 0 0.517379703504024 8.58262029649581
2  91 5 0 0.517379703504024 8.58262029649581
0

0101000
+1138 4 -1136 4 *
Ve
1e-07
17.8 118.89 267.4250001
0 0

0101101
*
Ed
 1e-07 1 1 0
1  85 0 0.497840830846136 1.5707963267949
2  92 5 0 0.497840830846136 1.5707963267949
2  93 6 0 0.497840830846136 1.5707963267949
4 G1 5 0 6 0
0

0101000
+1134 4 -979 4 *
Ed
 1e-07 1 1 0
1  86 0 -0 9.1
2  94 5 0 -0 9.1
4 G1 5 0 53 6
0

0101000
+985 4 -979 4 *
Wi

0101100
-1137 0 -980 0 +1133 0 -978 0 +977 0 +983 0 *
Fa
0  1e-07 5 0

0101000
+976 0 *
Wi

0101100
+980 0 -1135 0 *
Fa
0  1e-07 54 0

0101000
+974 0 *
Ve
1e-07
17.1 118.89 268.1250001
0 0

0101101
*
Ed
 1e-07 1 1 0
1  87 0 -0 1.5707963267949
2  95 6 0 -0 1.5707963267949
2  96 55 0 -0 1.5707963267949
4 G1 6 0 55 0
0

0101000
+979 4 -972 4 *
Ve
1e-07
16.75 118.54 268.1250001
0 0

0101101
*
Ed
 1e-07 1 1 0
1  88 0 1.5707963267949 3.14159265358979
2  97 6 0 1.5707963267949 3.14159265358979
2  98 56 0 1.5707963267949 3.14159265358979
4 G1 6 0 56 0
0

0101000
+970 4 -972 4 *
Ed
 1e-07 1 1 0
1  89 0 0.332519670612467 1.5707963267949
2  99 6 0 0.332519670612467 1.5707963267949
4 G1 6 0 57 5
0

0101000
+1132 4 -970 4 *
Wi

0101100
-978 0 -971 0 +969 0 +968 0 -1131 0 *
Fa
0  1e-07 6 0

0101000
+967 0 *
Ve
7.21081432445646e-07
16.75 118.54 268.9750001
0 0

0101101
*
Ve
1e-07
10.1 118.54 268.9750001
0 0

0101101
*
Ed
 1e-07 1 1 0
1  90 0 0.35 7
2  100 58 0 0.35 7
4 G1 57 5 58 0
0

0101000
+965 4 -964 4 *
Ve
1e-07
5.95000000000002 118.54 264.8250001
0 0

0101101
*
Ed
 1e-07 1 1 0
1  91 0 -4.44089209850063e-16 1.5707963267949
2  101 59 0 -4.44089209850063e-16 1.5707963267949
4 G1 57 5 59 0
0

0101000
+964 4 -962 4 *
Ve
1e-07
5.95000000000002 118.54 240.0250001
0 0

0101101
*
Ed
 1e-07 1 1 0
1  92 0 -0 24.8
2  102 60 0 -0 24.8
4 G1 57 5 60 0
0

0101000
+962 4 -960 4 *
Ve
1e-07
10.1 118.54 235.8750001
0 0

0101101
*
Ed
 1e-07 1 1 0
1  93 0 0 1.5707963267949
2  103 61 0 0 1.5707963267949
4 G1 57 5 61 0
0

0101000
+960 4 -958 4 *
Ve
1.0196940869573e-06
16.75 118.54 235.8750001
0 0

0101101
*
Ed
 1e-07 1 1 0
1  94 0 0 6.65
2  104 62 0 0 6.65
4 G1 57 5 62 0
0

0101000
+958 4 -956 4 *
Ve
1e-07
16.75 118.54 236.7250001
0 0

0101101
*
Ed
 1e-07 1 1 0
1  95 0 -0 0.849999999999998
2  105 63 0 -0 0.849999999999998
4 G1 57 5 63 0
0

0101000
+954 4 -956 4 *
Ve
1.00000010805157e-07
17.4572530020516 118.54 237.71748410259
0 0

0101101
*
Ed
 1e-07 1 1 0
1  96 0 0.332519670612472 1.5707963267949
2  106 64 0 0.332519670612472 1.5707963267949
4 G1 57 5 64 0
0

0101000
+952 4 -954 4 *
Ve
5.00000000397205e-06
14.7757072067178 118.54 238.901683617656
0 0

0101101
*
Ed
 1e-07 1 1 0
1  97 0 4.20183110773891 4.39123568853823
2  75 10 0 4.20183110773891 4.39123568853823
0

0101000
+950 4 -952 4 *
Ve
5.00000000397205e-06
13.6482931891178 118.54 238.516104967933
0 0

0101101
*
Ed
 5e-06 1 1 0
1  98 0 0 1
2  107 9 0 0 1
0

0101000
+950 4 -948 4 *
Ve
5.00000000355271e-06
8.60242975180298 118.54 243.470594620669
0 0

0101101
*
Ed
 1e-07 1 1 0
1  99 0 1.99024319093805 5.88201204619415
2  108 21 0 1.99024319093805 5.88201204619415
0

0101000
+946 4 -948 4 *
Ve
5.00000000366205e-06
8.96734325643449 118.54 244.604865926989
0 0

0101101
*
Ed
 5e-06 1 1 0
1  100 0 0 1
2  109 20 0 0 1
0

0101000
+944 4 -946 4 *
Ve
5.00000000366205e-06
8.96734325643449 118.54 260.245134273011
0 0

0101101
*
Ed
 1e-07 1 1 0
1  101 0 2.6127611777863 3.67042412939329
2  110 19 0 2.6127611777863 3.67042412939329
0

0101000
+942 4 -944 4 *
Ve
5.00000000355271e-06
8.60242975180298 118.54 261.379405579331
0 0

0101101
*
Ed
 5e-06 1 1 0
1  102 0 0 1
2  111 18 0 0 1
0

0101000
+942 4 -940 4 *
Ve
5.00000000355271e-06
13.6482931891178 118.54 266.333895232067
0 0

0101101
*
Ed
 1e-07 1 1 0
1  103 0 0.401173260985434 4.29294211624153
2  112 17 0 0.401173260985434 4.29294211624153
0

0101000
+938 4 -940 4 *
Ed
 5e-06 1 1 0
1  104 0 0 1
2  113 7 0 0 1
0

0101000
+938 4 -1130 4 *
Ed
 1e-07 1 1 0
1  105 0 0 0.849999999999998
2  114 56 0 0 0.849999999999998
4 G1 57 5 56 0
0

0101000
+970 4 -965 4 *
Wi

0101100
-963 0 -961 0 -959 0 -957 0 -955 0 +953 0 +951 0 +949 0 -947 0 +945 0 
+943 0 +941 0 -939 0 +937 0 -936 0 +1129 0 -968 0 -935 0 *
Fa
0  1e-07 57 5

0101000
+934 0 *
Ed
 1e-07 1 1 0
1  106 0 0.199999999999991 13.5
2  115 7 0 0.199999999999991 13.5
2  116 17 0 0.199999999999991 13.5
4 G1 7 0 17 0
0

0101000
+938 4 -1103 4 *
Wi

0101100
-1128 0 -1102 0 +932 0 -936 0 *
Fa
0  1e-07 7 0

0101000
+931 0 *
Ed
 1e-07 1 1 0
1  107 0 0.199999999999991 13.5
2  117 9 0 0.199999999999991 13.5
2  118 21 0 0.199999999999991 13.5
4 G1 9 0 21 0
0

0101000
+948 4 -1125 4 *
Ed
 1e-07 1 1 0
1  108 0 0.199999999999991 13.5
2  119 9 0 0.199999999999991 13.5
2  120 10 0 0.199999999999991 13.5
4 G1 9 0 10 0
0

0101000
+950 4 -1124 4 *
Wi

0101100
-929 0 -1123 0 +928 0 -947 0 *
Fa
0  1e-07 9 0

0101000
+927 0 *
Ve
2.76143415449017e-07
16.25 105.29 238.175789595554
0 0

0101101
*
Ed
 2.76143402245296e-07 1 1 0
1  109 0 0 0.999999964364664
2  121 10 0 0 0.999999964364664
2  122 11 0 0 0.999999964364664
0

0101000
+925 4 -1057 4 *
Ed
 1e-07 1 1 0
1  110 0 1.20000412985996e-05 1
2  123 10 0 1.20000412985996e-05 1
2  124 11 0 1.20000412985996e-05 1
0

0101000
+1122 4 -925 4 *
Ve
1.00000011374234e-07
17.8 118.582484513305 237.607864749333
0 0

0101101
*
Ed
 1e-07 1 1 0
1  111 0 0 1
2  125 10 0 0 1
2  126 64 0 0 1
0

0101000
+952 4 -922 4 *
Ve
1.00000287879439e-07
18.317379703504 118.74 237.458772333983
0 0

0101101
*
Ed
 1e-07 1 1 0
1  112 0 1.04896490723826e-06 0.999997430891082
2  127 10 0 1.04896490723826e-06 0.999997430891082
2  128 65 0 1.04896490723826e-06 0.999997430891082
0

0101000
+922 4 -920 4 *
Ve
1.00000231078354e-07
26.3826202964959 118.74 237.458772333983
0 0

0101101
*
Ed
 1e-07 1 1 0
1  113 0 1.90195429695169 2.42834885575931
2  13 10 0 1.90195429695169 2.42834885575931
0

0101000
+920 4 -918 4 *
Ve
1.0000000814029e-07
26.9 118.582484513305 237.607864749333
0 0

0101101
*
Ed
 1e-07 1 1 0
1  114 0 1.0489649433479e-06 0.999997430891285
2  129 10 0 1.0489649433479e-06 0.999997430891285
2  130 65 0 1.0489649433479e-06 0.999997430891285
0

0101000
+916 4 -918 4 *
Ed
 1e-07 1 1 0
1  115 0 0 1
2  131 10 0 0 1
2  132 44 0 0 1
0

0101000
+1008 4 -916 4 *
Ed
 1e-07 1 1 0
1  116 0 0.199999999999991 13.5
2  133 10 0 0.199999999999991 13.5
2  134 33 0 0.199999999999991 13.5
4 G1 10 0 33 0
0

0101000
+1010 4 -1058 4 *
Wi

0101100
-1056 0 +924 0 +923 0 -1121 0 +928 0 -949 0 -921 0 -919 0 -917 0 +915 0 
+914 0 -1007 0 -913 0 *
Fa
0  1e-07 10 0

0101000
+912 0 *
Ve
1.00000005329071e-07
16.2748456809724 104.74 242.018511739366
0 0

0101101
*
Ve
1.00000002664535e-07
16.25 105.29 242.03305610477
0 0

0101101
*
Ed
 1e-07 1 1 0
1  117 0 1.0934277353317e-06 1
2  135 11 0 1.0934277353317e-06 1
2  136 30 0 1.0934277353317e-06 1
0

0101000
+910 4 -909 4 *
Ve
1.00000002664535e-07
16.25 105.29 239.160385518339
0 0

0101101
*
Ed
 1e-07 1 1 0
1  118 0 0.891943995230154 3.76461458166049
2  137 11 0 0.891943995230154 3.76461458166049
2  138 66 0 0.891943995230154 3.76461458166049
4 CN 11 0 66 0
0

0101000
+909 4 -907 4 *
Ed
 1e-07 1 1 0
1  119 0 1.20000488121749e-05 1
2  139 11 0 1.20000488121749e-05 1
2  140 12 0 1.20000488121749e-05 1
0

0101000
+1120 4 -907 4 *
Ve
1e-07
16.25 105.29 236.4250001
0 0

0101101
*
Ed
 1e-07 1 1 0
1  120 0 4.7492105044455 6.5
3  137 138CN 11 0 4.7492105044455 6.5
0

0101000
+925 4 -904 4 *
Ed
 1e-07 1 1 0
1  121 0 0 6.28318530717959
2  141 11 0 0 6.28318530717959
2  142 67 0 0 6.28318530717959
0

0101000
+904 4 -904 4 *
Ve
1.00000005102197e-07
28.4497950785252 105.34 239.160291282992
0 0

0101101
*
Ed
 1e-07 1 1 0
1  122 0 6.00002447737428e-06 0.999993999975452
2  143 11 0 6.00002447737428e-06 0.999993999975452
2  144 42 0 6.00002447737428e-06 0.999993999975452
0

0101000
+901 4 -1030 4 *
Ve
1.00000008379058e-07
27.4477936403899 108.64 241.506437923596
0 0

0101101
*
Ed
 1e-07 1 1 0
1  123 0 0 1
2  145 11 0 0 1
2  146 68 0 0 1
0

0101000
+899 4 -901 4 *
Ve
1.00000005329071e-07
28.4251543190276 104.74 242.018511739367
0 0

0101101
*
Ed
 1e-07 1 1 0
1  124 0 1.69766144985938e-07 0.999999851599262
2  147 11 0 1.69766144985938e-07 0.999999851599262
2  148 25 0 1.69766144985938e-07 0.999999851599262
0

0101000
+899 4 -897 4 *
Ve
1.00000006217249e-07
28.4251543190276 104.74 241.90288054166
0 0

0101101
*
Ed
 1e-07 1 1 0
1  125 0 0.906488360633476 1.02211955833995
2  149 11 0 0.906488360633476 1.02211955833995
0

0101000
+897 4 -895 4 *
Ve
1.00000001986027e-07
27.4477936403899 101.94 241.396174233209
0 0

0101101
*
Ed
 1e-07 1 1 0
1  126 0 2.03827037334427e-07 0.999999767113194
2  150 11 0 2.03827037334427e-07 0.999999767113194
2  151 24 0 2.03827037334427e-07 0.999999767113194
0

0101000
+895 4 -893 4 *
Ve
1.41143073393839e-07
24.7721345440946 99.6914944610089 241.95881052708
0 0

0101101
*
Ed
 1e-07 1 1 0
1  127 0 0 0.706298868024158
2  152 11 0 0 0.706298868024158
2  153 23 0 0 0.706298868024158
0

0101000
+893 4 -891 4 *
Ve
1.00000006040266e-07
23.95 99.4035749388954 241.4250001
0 0

0101101
*
Ed
 1e-07 1 1 0
1  128 0 0.282682012217401 1
2  154 11 0 0.282682012217401 1
2  155 69 0 0.282682012217401 1
0

0101000
+891 4 -889 4 *
Ve
1.00000006894118e-07
20.25 99.5628715746895 241.4250001
0 0

0101101
*
Ed
 1e-07 1 1 0
1  129 0 4.44698918994138 5.06384191809666
2  156 11 0 4.44698918994138 5.06384191809666
0

0101000
+889 4 -887 4 *
Ve
1.34475455348551e-07
19.5652689747865 99.8627287485659 241.74092525
0 0

0101101
*
Ed
 1e-07 1 1 0
1  130 0 0.466941676882988 1
2  157 11 0 0.466941676882988 1
2  158 70 0 0.466941676882988 1
0

0101000
+885 4 -887 4 *
Ve
1.00000004440892e-07
17.2522063596101 101.94 241.396174233209
0 0

0101101
*
Ed
 1e-07 1 1 0
1  131 0 0 0.613148985888592
2  159 11 0 0 0.613148985888592
2  160 22 0 0 0.613148985888592
0

0101000
+883 4 -885 4 *
Ve
1.00000003972055e-07
16.2748456809724 104.74 241.90288054166
0 0

0101101
*
Ed
 1e-07 1 1 0
1  132 0 2.32886846077247e-07 0.999999796173044
2  161 11 0 2.32886846077247e-07 0.999999796173044
2  162 31 0 2.32886846077247e-07 0.999999796173044
0

0101000
+883 4 -881 4 *
Ed
 1e-07 1 1 0
1  133 0 0.90648836063348 1.02211955833995
2  163 11 0 0.90648836063348 1.02211955833995
0

0101000
+910 4 -881 4 *
Wi

0101100
+908 0 +906 0 -905 0 +1119 0 +923 0 +903 0 -902 0 -903 0 +924 0 -1028 0 
-900 0 -898 0 +896 0 +894 0 +892 0 +890 0 +888 0 +886 0 -884 0 -882 0 
+880 0 -879 0 *
Fa
0  1e-07 11 0

0101000
+878 0 *
Ve
1.00000005687117e-07
16.2502049214748 105.34 239.160291282992
0 0

0101101
*
Ve
1.00000003972055e-07
13.5034679846101 105.34 240.810402762999
0 0

0101101
*
Ed
 1e-07 1 1 0
1  134 0 2.00181242271488 2.22172676489806
2  164 12 0 2.00181242271488 2.22172676489806
2  165 29 0 2.00181242271488 2.22172676489806
0

0101000
+876 4 -875 4 *
Ed
 1e-07 1 1 0
1  135 0 0.499999999999998 0.6
2  166 12 0 0.499999999999998 0.6
2  167 13 0 0.499999999999998 0.6
0

0101000
+1118 4 -875 4 *
Ed
 1e-07 1 1 0
1  136 0 0 0.99998799995101
2  168 12 0 0 0.99998799995101
2  169 66 0 0 0.99998799995101
0

0101000
+907 4 -876 4 *
Wi

0101100
-874 0 +873 0 +1117 0 -905 0 -872 0 *
Fa
0  1e-07 12 0

0101000
+871 0 *
Ve
1e-07
13.6 94.69 240.0000001
0 0

0101101
*
Ed
 1e-07 1 1 0
1  137 0 0 6.28318530717959
2  170 13 0 0 6.28318530717959
2  171 71 0 0 6.28318530717959
4 G1 13 0 71 0
0

0101000
+869 4 -869 4 *
Ed
 1e-07 1 1 0
1  138 0 0.45 11
3  172 173CN 13 0 0.45 11
0

0101000
+869 4 -1116 4 *
Ve
1.00000002512148e-07
10.8989908273523 105.34 243.367716350004
0 0

0101101
*
Ed
 1e-07 1 1 0
1  139 0 0 1
2  174 13 0 0 1
2  175 29 0 0 1
0

0101000
+866 4 -875 4 *
Ed
 1e-07 1 1 0
1  140 0 0.499999999999998 0.6
2  176 13 0 0.499999999999998 0.6
2  177 14 0 0.499999999999998 0.6
0

0101000
+1114 4 -866 4 *
Wi

0101100
-868 0 -867 0 -1115 0 -873 0 +865 0 +864 0 -1113 0 +867 0 *
Fa
0  1e-07 13 0

0101000
+863 0 *
Ve
1.00000005329071e-07
10.8989908273523 105.34 261.482283849996
0 0

0101101
*
Ed
 1e-07 1 1 0
1  141 0 2.47238861232891 3.81079669485068
2  164 14 0 2.47238861232891 3.81079669485068
2  165 29 0 2.47238861232891 3.81079669485068
0

0101000
+866 4 -861 4 *
Ed
 1e-07 1 1 0
1  142 0 0.499999999999998 0.6
2  178 14 0 0.499999999999998 0.6
2  179 15 0 0.499999999999998 0.6
0

0101000
+1112 4 -861 4 *
Wi

0101100
-860 0 +859 0 +1111 0 -864 0 *
Fa
0  1e-07 14 0

0101000
+858 0 *
Ve
1e-07
13.6 94.69 264.8500001
0 0

0101101
*
Ed
 1e-07 1 1 0
1  143 0 0 6.28318530717959
2  180 15 0 0 6.28318530717959
2  181 72 0 0 6.28318530717959
4 G1 15 0 72 0
0

0101000
+856 4 -856 4 *
Ed
 1e-07 1 1 0
1  144 0 0.45 11
3  182 183CN 15 0 0.45 11
0

0101000
+856 4 -1110 4 *
Ve
1.00000008881784e-07
13.5034679846101 105.34 264.039597437001
0 0

0101101
*
Ed
 1e-07 1 1 0
1  145 0 0 1
2  184 15 0 0 1
2  185 29 0 0 1
0

0101000
+853 4 -861 4 *
Ed
 1e-07 1 1 0
1  146 0 0.499999999999998 0.6
2  186 15 0 0.499999999999998 0.6
2  187 16 0 0.499999999999998 0.6
0

0101000
+1108 4 -853 4 *
Wi

0101100
-855 0 -854 0 -1109 0 -859 0 +852 0 +851 0 -1107 0 +854 0 *
Fa
0  1e-07 15 0

0101000
+850 0 *
Ed
 1e-07 1 1 0
1  147 0 4.06145854228153 4.28137288446471
2  188 16 0 4.06145854228153 4.28137288446471
2  165 29 0 4.06145854228153 4.28137288446471
0

0101000
+853 4 -1069 4 *
Wi

0101100
+1105 0 -851 0 -848 0 -1068 0 *
Fa
0  1e-07 16 0

0101000
+847 0 *
Ed
 1e-07 1 1 0
1  148 0 0.199999999999991 13.5
2  189 17 0 0.199999999999991 13.5
2  190 18 0 0.199999999999991 13.5
4 G1 17 0 18 0
0

0101000
+940 4 -1101 4 *
Wi

0101100
-1100 0 +932 0 -937 0 -845 0 *
Fa
0  1e-07 17 0

0101000
+844 0 *
Ed
 1e-07 1 1 0
1  149 0 0.199999999999991 13.5
2  191 18 0 0.199999999999991 13.5
2  192 19 0 0.199999999999991 13.5
4 G1 18 0 19 0
0

0101000
+942 4 -1099 4 *
Wi

0101100
-845 0 -1098 0 +842 0 -939 0 *
Fa
0  1e-07 18 0

0101000
+841 0 *
Ed
 1e-07 1 1 0
1  150 0 0.199999999999991 13.5
2  193 19 0 0.199999999999991 13.5
2  194 20 0 0.199999999999991 13.5
4 G1 19 0 20 0
0

0101000
+944 4 -1097 4 *
Wi

0101100
-1096 0 +842 0 -941 0 -839 0 *
Fa
0  1e-07 19 0

0101000
+838 0 *
Ed
 1e-07 1 1 0
1  151 0 0.199999999999991 13.5
2  195 20 0 0.199999999999991 13.5
2  196 21 0 0.199999999999991 13.5
4 G1 20 0 21 0
0

0101000
+946 4 -1095 4 *
Wi

0101100
-836 0 -1094 0 +839 0 -943 0 *
Fa
0  1e-07 20 0

0101000
+835 0 *
Wi

0101100
-1093 0 +836 0 -945 0 -929 0 *
Fa
0  1e-07 21 0

0101000
+833 0 *
Ve
1.000001e-06
19.35 99.6023138366252 242.3250001
0 0

0101101
*
Ed
 1e-07 1 1 0
1  152 0 0 0.466938086820099
2  197 22 0 0 0.466938086820099
2  198 73 0 0 0.466938086820099
0

0101000
+831 4 -885 4 *
Ve
1.00000000198603e-06
19.35 99.44 243.253168221907
0 0

0101101
*
Ed
 1e-06 1 1 0
1  153 0 0.282543484065398 1
2  199 22 0 0.282543484065398 1
0

0101000
+831 4 -829 4 *
Ve
1e-06
20.6551548743322 99.44 261.9250001
0 0

0101101
*
Ed
 1e-07 1 1 0
1  154 0 1.88691596947221 4.53584165671652
2  200 22 0 1.88691596947221 4.53584165671652
4 G1 22 0 74 0
0

0101000
+829 4 -827 4 *
Ed
 1e-06 1 1 0
1  155 0 0.994583125591582 1
2  201 22 0 0.994583125591582 1
0

0101000
+1089 4 -827 4 *
Ed
 1e-07 1 1 0
1  156 0 2.00376952698472 4.27941578019486
2  202 22 0 2.00376952698472 4.27941578019486
2  203 31 0 2.00376952698472 4.27941578019486
4 G1 22 0 31 0
0

0101000
+883 4 -1090 4 *
Wi

0101100
-882 0 +830 0 -828 0 -826 0 +825 0 +1088 0 +824 0 *
Fa
0  1e-07 22 0

0101000
+823 0 *
Ed
 1e-07 1 1 0
1  157 0 2.09440976848527 4.18877553869432
2  204 31 0 2.09440976848527 4.18877553869432
0

0101000
+1063 4 -881 4 *
Wi

0101100
-824 0 +1061 0 -821 0 +880 0 *
Fa
0  1e-07 31 0

0101000
+820 0 *
Ed
 1e-07 1 1 0
1  158 0 2.09920788378376 4.18397742339583
2  205 30 0 2.09920788378376 4.18397742339583
0

0101000
+910 4 -1065 4 *
Wi

0101100
+1062 0 +818 0 -879 0 +821 0 *
Fa
0  1e-07 75 0

0101000
+817 0 *
Ve
1.00000007160723e-07
17.2522063596101 108.64 241.506437923596
0 0

0101101
*
Ed
 1e-07 1 1 0
1  159 0 0 0.99999980354567
2  206 30 0 0 0.99999980354567
2  207 66 0 0 0.99999980354567
0

0101000
+909 4 -815 4 *
Ed
 1e-07 1 1 0
1  160 0 2.00760883112245 4.27557647605714
2  208 30 0 2.00760883112245 4.27557647605714
2  209 29 0 2.00760883112245 4.27557647605714
0

0101000
+815 4 -1067 4 *
Wi

0101100
+814 0 +908 0 -818 0 +1064 0 +813 0 *
Fa
0  1e-07 30 0

0101000
+812 0 *
Ed
 1e-07 1 1 0
1  161 0 0 1
2  210 29 0 0 1
2  211 66 0 0 1
0

0101000
+876 4 -815 4 *
Wi

0101100
-852 0 +860 0 -865 0 +874 0 -810 0 -813 0 -1066 0 +848 0 *
Fa
0  1e-07 29 0

0101000
+809 0 *
Ve
1e-07
29.7 105.29 270.0250001
0 0

0101101
*
Ed
 1e-07 1 1 0
1  162 0 0 6.28318530717959
2  212 28 0 0 6.28318530717959
2  213 76 0 0 6.28318530717959
0

0101000
+807 4 -807 4 *
Ed
 1e-07 1 1 0
1  163 0 0 2.0303940504247
3  214 215CN 28 0 0 2.0303940504247
0

0101000
+1072 4 -807 4 *
Wi

0101100
+1070 0 -806 0 -805 0 +805 0 *
Fa
0  1e-07 28 0

0101000
+804 0 *
Ve
1.00000004351168e-07
28.4497950785252 105.34 265.689708917008
0 0

0101101
*
Ed
 1e-07 1 1 0
1  164 0 0 0.99998799995101
2  216 27 0 0 0.99998799995101
2  217 26 0 0 0.99998799995101
0

0101000
+1077 4 -802 4 *
Ve
1.00000008881784e-07
31.1965320153899 105.34 264.039597437001
0 0

0101101
*
Ed
 1e-07 1 1 0
1  165 0 5.14340507630467 5.36331941848785
2  188 27 0 5.14340507630467 5.36331941848785
2  218 68 0 5.14340507630467 5.36331941848785
0

0101000
+802 4 -800 4 *
Ed
 1e-07 1 1 0
1  166 0 0.499999999999998 0.6
2  219 27 0 0.499999999999998 0.6
2  220 39 0 0.499999999999998 0.6
0

0101000
+1042 4 -800 4 *
Wi

0101100
+1041 0 -1074 0 -801 0 -799 0 +798 0 *
Fa
0  1e-07 27 0

0101000
+797 0 *
Ve
1.00000013203721e-07
27.4477936403899 108.64 263.343562276404
0 0

0101101
*
Ed
 1e-07 1 1 0
1  167 0 0 0.999999803545673
2  221 26 0 0 0.999999803545673
2  222 25 0 0 0.999999803545673
0

0101000
+1079 4 -795 4 *
Ed
 1e-07 1 1 0
1  168 0 0 1
2  223 26 0 0 1
2  224 68 0 0 1
0

0101000
+802 4 -795 4 *
Wi

0101100
+794 0 -793 0 -801 0 -1076 0 *
Fa
0  1e-07 26 0

0101000
+792 0 *
Ed
 1e-07 1 1 0
1  169 0 0 2.26796764493469
2  225 25 0 0 2.26796764493469
2  226 68 0 0 2.26796764493469
0

0101000
+899 4 -795 4 *
Ed
 1e-07 1 1 0
1  170 0 0 2.08476953961207
2  227 25 0 0 2.08476953961207
0

0101000
+1081 4 -897 4 *
Wi

0101100
-790 0 +896 0 -789 0 +1078 0 +794 0 *
Fa
0  1e-07 25 0

0111000
+788 0 *
Ed
 1e-07 1 1 0
1  171 0 0 2.09436577020905
2  228 24 0 0 2.09436577020905
0

0101000
+1083 4 -895 4 *
Wi

0101100
+894 0 -786 0 -1080 0 +789 0 *
Fa
0  1e-07 77 0

0111000
+785 0 *
Ed
 1e-07 1 1 0
1  172 0 0 2.27564625321014
2  229 24 0 0 2.27564625321014
2  230 23 0 0 2.27564625321014
0

0101000
+1085 4 -893 4 *
Wi

0101100
+786 0 +892 0 -783 0 +1082 0 *
Fa
0  1e-07 24 0

0111000
+782 0 *
Ve
1.000001e-06
24.85 99.556668922619 242.3250001
0 0

0101101
*
Ed
 1e-07 1 1 0
1  173 0 0.724604978432744 1
2  231 23 0 0.724604978432744 1
2  232 78 0 0.724604978432744 1
0

0101000
+891 4 -780 4 *
Ve
1.00000000044409e-06
24.85 99.44 243.104458270256
0 0

0101101
*
Ed
 1e-06 1 1 0
1  174 0 0.315712331627038 1
2  233 23 0 0.315712331627038 1
0

0101000
+780 4 -778 4 *
Ve
1.00000000088818e-06
24.0448451256678 99.44 261.9250001
0 0

0101101
*
Ed
 1e-07 1 1 0
1  175 0 0 2.70298886134136
2  234 23 0 0 2.70298886134136
0

0101000
+776 4 -778 4 *
Ed
 1e-06 1 1 0
1  176 0 0.994583125591523 1
2  235 23 0 0.994583125591523 1
0

0101000
+1087 4 -776 4 *
Wi

0101100
+783 0 +890 0 +779 0 +777 0 -775 0 -774 0 -1084 0 *
Fa
0  1e-07 23 0

0111000
+773 0 *
Ed
 1.5e-07 1 1 0
1  177 0 -1.69484512566783 1.69484512566783
0

0101000
+776 4 -827 4 *
Wi

0101100
-1086 0 -774 0 -771 0 +825 0 *
Fa
0  1e-07 79 0

0101000
+770 0 *
Ed
 1e-07 1 1 0
1  178 0 0.199999999999991 13.5
2  236 33 0 0.199999999999991 13.5
2  237 34 0 0.199999999999991 13.5
4 G1 33 0 34 0
0

0101000
+1012 4 -1055 4 *
Wi

0101100
-913 0 -1054 0 +768 0 -1009 0 *
Fa
0  1e-07 33 0

0101000
+767 0 *
Ed
 1e-07 1 1 0
1  179 0 0.199999999999991 13.5
2  238 34 0 0.199999999999991 13.5
2  239 35 0 0.199999999999991 13.5
4 G1 34 0 35 0
0

0101000
+1014 4 -1053 4 *
Wi

0101100
+768 0 -1011 0 -765 0 +1052 0 *
Fa
0  1e-07 34 0

0101000
+764 0 *
Ed
 1e-07 1 1 0
1  180 0 0.199999999999991 13.5
2  240 35 0 0.199999999999991 13.5
2  241 36 0 0.199999999999991 13.5
4 G1 35 0 36 0
0

0101000
+1016 4 -1051 4 *
Wi

0101100
-762 0 -1050 0 +765 0 -1013 0 *
Fa
0  1e-07 35 0

0101000
+761 0 *
Ed
 1e-07 1 1 0
1  181 0 0.199999999999991 13.5
2  242 36 0 0.199999999999991 13.5
2  243 37 0 0.199999999999991 13.5
4 G1 36 0 37 0
0

0101000
+1018 4 -1049 4 *
Wi

0101100
-1048 0 +762 0 -1015 0 -759 0 *
Fa
0  1e-07 36 0

0101000
+758 0 *
Ed
 1e-07 1 1 0
1  182 0 0.199999999999991 13.5
2  244 37 0 0.199999999999991 13.5
2  245 38 0 0.199999999999991 13.5
4 G1 37 0 38 0
0

0101000
+1020 4 -1047 4 *
Wi

0101100
-756 0 -1046 0 +759 0 -1017 0 *
Fa
0  1e-07 37 0

0101000
+755 0 *
Wi

0101100
-1019 0 -1024 0 +1044 0 +756 0 *
Fa
0  1e-07 38 0

0101000
+753 0 *
Ve
1e-07
38 94.69 264.8500001
0 0

0101101
*
Ed
 1e-07 1 1 0
1  183 0 0 6.28318530717959
2  246 39 0 0 6.28318530717959
2  247 80 0 0 6.28318530717959
4 G1 39 0 80 0
0

0101000
+751 4 -751 4 *
Ed
 1e-07 1 1 0
1  184 0 0.45 11
3  248 249CN 39 0 0.45 11
0

0101000
+751 4 -1040 4 *
Ve
1.00000001776357e-07
33.8010091726477 105.34 261.482283849996
0 0

0101101
*
Ed
 1e-07 1 1 0
1  185 0 0 1
2  250 39 0 0 1
2  251 68 0 0 1
0

0101000
+748 4 -800 4 *
Ed
 1e-07 1 1 0
1  186 0 0.499999999999998 0.6
2  252 39 0 0.499999999999998 0.6
2  253 40 0 0.499999999999998 0.6
0

0101000
+1038 4 -748 4 *
Wi

0101100
-750 0 -749 0 -1039 0 -798 0 +747 0 +746 0 -1037 0 +749 0 *
Fa
0  1e-07 39 0

0101000
+745 0 *
Ve
1.00000005024296e-07
33.8010091726477 105.34 243.367716350004
0 0

0101101
*
Ed
 1e-07 1 1 0
1  187 0 0.499999999999998 0.6
2  254 40 0 0.499999999999998 0.6
2  255 41 0 0.499999999999998 0.6
0

0101000
+1036 4 -743 4 *
Ed
 1e-07 1 1 0
1  188 0 0 1.33840808252177
2  256 40 0 0 1.33840808252177
2  257 68 0 0 1.33840808252177
0

0101000
+748 4 -743 4 *
Wi

0101100
+742 0 -741 0 -746 0 +1035 0 *
Fa
0  1e-07 40 0

0111000
+740 0 *
Ve
1e-07
38 94.69 240.0000001
0 0

0101101
*
Ed
 1e-07 1 1 0
1  189 0 0 6.28318530717959
2  258 41 0 0 6.28318530717959
2  259 81 0 0 6.28318530717959
4 G1 41 0 81 0
0

0101000
+738 4 -738 4 *
Ed
 1e-07 1 1 0
1  190 0 0.45 11
3  260 261CN 41 0 0.45 11
0

0101000
+738 4 -1034 4 *
Ve
1.00000004351168e-07
31.1965320153899 105.34 240.810402762999
0 0

0101101
*
Ed
 1e-07 1 1 0
1  191 0 0 1
2  262 41 0 0 1
2  263 68 0 0 1
0

0101000
+735 4 -743 4 *
Ed
 1e-07 1 1 0
1  192 0 0.499999999999998 0.6
2  264 41 0 0.499999999999998 0.6
2  265 42 0 0.499999999999998 0.6
0

0101000
+1032 4 -735 4 *
Wi

0101100
-737 0 -736 0 -1033 0 -742 0 +734 0 +733 0 -1031 0 +736 0 *
Fa
0  1e-07 41 0

0101000
+732 0 *
Ed
 1e-07 1 1 0
1  193 0 0.919865888691734 1.13978023087491
2  164 42 0 0.919865888691734 1.13978023087491
2  266 68 0 0.919865888691734 1.13978023087491
0

0101000
+735 4 -901 4 *
Wi

0101100
-730 0 -900 0 +1029 0 -733 0 *
Fa
0  1e-07 42 0

0101000
+729 0 *
Ve
1e-07
27.6 118.89 236.7250001
0 0

0101101
*
Ed
 1e-07 1 1 0
1  194 0 0 1.5707963267949
2  267 44 0 0 1.5707963267949
2  268 45 0 0 1.5707963267949
4 G1 44 0 45 0
0

0101000
+1006 4 -727 4 *
Ve
1e-07
26.9 118.89 237.4250001
0 0

0101101
*
Ed
 1e-07 1 1 0
1  195 0 0 1.5707963267949
2  269 44 0 0 1.5707963267949
2  270 82 0 0 1.5707963267949
4 G1 44 0 82 0
0

0101000
+727 4 -725 4 *
Ed
 1e-07 1 1 0
1  196 0 2.06863715764105 3.14159265358979
2  271 44 0 2.06863715764105 3.14159265358979
2  272 65 0 2.06863715764105 3.14159265358979
4 G1 44 0 65 0
0

0101000
+916 4 -725 4 *
Wi

0101100
-726 0 -724 0 +723 0 +914 0 +1005 0 *
Fa
0  1e-07 44 0

0101000
+722 0 *
Ve
7.2108142497892e-07
27.6 118.89 235.5250001
0 0

0101101
*
Ed
 4.67221582828229e-07 1 1 0
1  197 0 1.5707963267949 3.14159265358979
2  273 45 0 1.5707963267949 3.14159265358979
2  274 46 0 1.5707963267949 3.14159265358979
0

0101000
+1004 4 -720 4 *
Ed
 1e-07 1 1 0
1  198 0 -0 1.2
2  275 45 0 -0 1.2
4 G1 45 0 83 7
0

0101000
+720 4 -727 4 *
Wi

0101100
+719 0 -1003 0 +718 0 -726 0 *
Fa
0  1e-07 45 0

0101000
+717 0 *
Ve
1e-07
34.6 118.89 235.5250001
0 0

0101101
*
Ed
 1e-07 1 1 0
1  199 0 -0 7
2  276 46 0 -0 7
4 G1 46 0 84 5
0

0101000
+720 4 -715 4 *
Ed
 1e-07 1 1 0
1  200 0 0 1.5707963267949
2  277 46 0 0 1.5707963267949
2  278 47 0 0 1.5707963267949
4 G1 46 0 47 0
0

0101000
+1002 4 -715 4 *
Wi

0101100
+719 0 -1001 0 +714 0 -713 0 *
Fa
0  1e-07 46 0

0101000
+712 0 *
Ve
1e-07
39.1 118.89 240.0250001
0 0

0101101
*
Ed
 1e-07 1 1 0
1  201 0 -0 1.5707963267949
2  279 47 0 -0 1.5707963267949
2  280 85 0 -0 1.5707963267949
4 G1 47 0 85 0
0

0101000
+715 4 -710 4 *
Ed
 1e-07 1 1 0
1  202 0 4.71238898038469 6.28318530717959
2  281 47 0 4.71238898038469 6.28318530717959
2  282 48 0 4.71238898038469 6.28318530717959
4 G1 47 0 48 0
0

0101000
+1000 4 -710 4 *
Wi

0101100
-713 0 +999 0 -709 0 +708 0 *
Fa
0  1e-07 47 0

0101000
+707 0 *
Ve
1e-07
39.1 118.89 264.8250001
0 0

0101101
*
Ed
 1e-07 1 1 0
1  203 0 0 24.8
2  283 48 0 0 24.8
4 G1 48 0 86 5
0

0101000
+710 4 -705 4 *
Ed
 1e-07 1 1 0
1  204 0 0 1.5707963267949
2  284 48 0 0 1.5707963267949
2  285 49 0 0 1.5707963267949
4 G1 48 0 49 0
0

0101000
+998 4 -705 4 *
Wi

0101100
+708 0 -997 0 +704 0 -703 0 *
Fa
0  1e-07 48 0

0101000
+702 0 *
Ve
1e-07
34.6 118.89 269.3250001
0 0

0101101
*
Ed
 1e-07 1 1 0
1  205 0 0 1.5707963267949
2  286 49 0 0 1.5707963267949
2  287 87 0 0 1.5707963267949
4 G1 49 0 87 0
0

0101000
+705 4 -700 4 *
Ed
 1e-07 1 1 0
1  206 0 4.71238898038469 6.28318530717959
2  288 49 0 4.71238898038469 6.28318530717959
2  289 50 0 4.71238898038469 6.28318530717959
4 G1 49 0 50 0
0

0101000
+996 4 -700 4 *
Wi

0101100
-703 0 +995 0 -699 0 +698 0 *
Fa
0  1e-07 49 0

0101000
+697 0 *
Ve
1.01969410203018e-06
27.6 118.89 269.3250001
0 0

0101101
*
Ed
 1e-07 1 1 0
1  207 0 -0 7
2  290 50 0 -0 7
4 G1 50 0 88 5
0

0101000
+700 4 -695 4 *
Ed
 4.67221623123817e-07 1 1 0
1  208 0 4.71238898038469 6.28318530717959
2  291 50 0 4.71238898038469 6.28318530717959
2  292 51 0 4.71238898038469 6.28318530717959
0

0101000
+994 4 -695 4 *
Wi

0101100
+698 0 -993 0 +694 0 -693 0 *
Fa
0  1e-07 50 0

0101000
+692 0 *
Ed
 1e-07 1 1 0
1  209 0 0 1.2
2  293 51 0 0 1.2
4 G1 51 0 89 6
0

0101000
+695 4 -987 4 *
Wi

0101100
+693 0 -991 0 +690 0 -986 0 *
Fa
0  1e-07 51 0

0101000
+689 0 *
Ve
1e-07
27.6 119.89 268.1250001
0 0

0101101
*
Ed
 1e-07 1 1 0
1  210 0 1.35 2.35
2  294 52 0 1.35 2.35
4 G1 52 0 89 6
0

0101000
+987 4 -687 4 *
Ve
1e-07
26.9 119.89 267.4250001
0 0

0101101
*
Ed
 1e-07 1 1 0
1  211 0 0 1.5707963267949
2  295 52 0 0 1.5707963267949
2  296 90 0 0 1.5707963267949
4 G1 52 0 90 0
0

0101000
+687 4 -685 4 *
Ed
 1e-07 1 1 0
1  212 0 1.35 2.35
2  297 52 0 1.35 2.35
4 G1 52 0 53 6
0

0101000
+985 4 -685 4 *
Wi

0101100
-686 0 +984 0 -684 0 +683 0 *
Fa
0  1e-07 52 0

0101000
+682 0 *
Ve
1e-07
17.8 119.89 267.4250001
0 0

0101101
*
Ed
 1e-07 1 1 0
1  213 0 -0 9.1
2  298 91 0 -0 9.1
4 G1 53 6 91 0
0

0101000
+685 4 -680 4 *
Ed
 1e-07 1 1 0
1  214 0 1.35 2.35
2  299 55 0 1.35 2.35
4 G1 53 6 55 0
0

0101000
+979 4 -680 4 *
Wi

0101100
-683 0 +977 0 -679 0 +678 0 *
Fa
0  1e-07 53 6

0101000
+677 0 *
Ve
1e-07
17.1 119.89 268.1250001
0 0

0101101
*
Ed
 1e-07 1 1 0
1  215 0 1.35 2.35
2  300 55 0 1.35 2.35
4 G1 55 0 92 6
0

0101000
+972 4 -675 4 *
Ed
 1e-07 1 1 0
1  216 0 -0 1.5707963267949
2  301 55 0 -0 1.5707963267949
2  302 93 0 -0 1.5707963267949
4 G1 55 0 93 0
0

0101000
+680 4 -675 4 *
Wi

0101100
-674 0 -971 0 +673 0 +678 0 *
Fa
0  1e-07 55 0

0101000
+672 0 *
Ve
7.21081432445646e-07
17.1 118.89 269.3250001
0 0

0101101
*
Ed
 1e-07 1 1 0
1  217 0 0 1.2
2  303 56 0 0 1.2
4 G1 56 0 92 6
0

0101000
+972 4 -670 4 *
Ed
 4.6722158459621e-07 1 1 0
1  218 0 3.14159265358979 4.71238898038469
2  304 56 0 3.14159265358979 4.71238898038469
2  305 58 0 3.14159265358979 4.71238898038469
0

0101000
+670 4 -965 4 *
Wi

0101100
+969 0 -935 0 +669 0 +668 0 *
Fa
0  1e-07 56 0

0101000
+667 0 *
Ve
1e-07
10.1 118.89 269.3250001
0 0

0101101
*
Ed
 1e-07 1 1 0
1  219 0 0 7
2  306 58 0 0 7
4 G1 58 0 94 5
0

0101000
+670 4 -665 4 *
Ed
 1e-07 1 1 0
1  220 0 0 1.5707963267949
2  307 58 0 0 1.5707963267949
2  308 59 0 0 1.5707963267949
4 G1 58 0 59 0
0

0101000
+665 4 -964 4 *
Wi

0101100
+668 0 -664 0 +963 0 -663 0 *
Fa
0  1e-07 58 0

0101000
+662 0 *
Ve
1e-07
5.60000000000001 118.89 264.8250001
0 0

0101101
*
Ed
 1e-07 1 1 0
1  221 0 -4.44089209850063e-16 1.5707963267949
2  309 59 0 -4.44089209850063e-16 1.5707963267949
2  310 95 0 -4.44089209850063e-16 1.5707963267949
4 G1 59 0 95 0
0

0101000
+665 4 -660 4 *
Ed
 1e-07 1 1 0
1  222 0 0 1.5707963267949
2  311 59 0 0 1.5707963267949
2  312 60 0 0 1.5707963267949
4 G1 59 0 60 0
0

0101000
+660 4 -962 4 *
Wi

0101100
-663 0 +659 0 -961 0 +658 0 *
Fa
0  1e-07 59 0

0101000
+657 0 *
Ve
1e-07
5.60000000000001 118.89 240.0250001
0 0

0101101
*
Ed
 1e-07 1 1 0
1  223 0 -0 24.8
2  313 60 0 -0 24.8
4 G1 60 0 96 5
0

0101000
+660 4 -655 4 *
Ed
 1e-07 1 1 0
1  224 0 0 1.5707963267949
2  314 60 0 0 1.5707963267949
2  315 61 0 0 1.5707963267949
4 G1 60 0 61 0
0

0101000
+655 4 -960 4 *
Wi

0101100
+658 0 -654 0 +959 0 -653 0 *
Fa
0  1e-07 60 0

0101000
+652 0 *
Ve
1e-07
10.1 118.89 235.5250001
0 0

0101101
*
Ed
 1e-07 1 1 0
1  225 0 0 1.5707963267949
2  316 61 0 0 1.5707963267949
2  317 97 0 0 1.5707963267949
4 G1 61 0 97 0
0

0101000
+655 4 -650 4 *
Ed
 1e-07 1 1 0
1  226 0 0 1.5707963267949
2  318 61 0 0 1.5707963267949
2  319 62 0 0 1.5707963267949
4 G1 61 0 62 0
0

0101000
+650 4 -958 4 *
Wi

0101100
-653 0 +649 0 -957 0 +648 0 *
Fa
0  1e-07 61 0

0101000
+647 0 *
Ve
1.0196940869573e-06
17.1 118.89 235.5250001
0 0

0101101
*
Ed
 1e-07 1 1 0
1  227 0 0 7
2  320 62 0 0 7
4 G1 62 0 98 5
0

0101000
+650 4 -645 4 *
Ed
 4.67221628659839e-07 1 1 0
1  228 0 0 1.5707963267949
2  321 62 0 0 1.5707963267949
2  322 63 0 0 1.5707963267949
0

0101000
+645 4 -956 4 *
Wi

0101100
+648 0 -644 0 +955 0 -643 0 *
Fa
0  1e-07 62 0

0101000
+642 0 *
Ve
1e-07
17.1 118.89 236.7250001
0 0

0101101
*
Ed
 1e-07 1 1 0
1  229 0 1.5707963267949 3.14159265358979
2  323 63 0 1.5707963267949 3.14159265358979
2  324 64 0 1.5707963267949 3.14159265358979
4 G1 63 0 64 0
0

0101000
+954 4 -640 4 *
Ed
 1e-07 1 1 0
1  230 0 -0 1.2
2  325 63 0 -0 1.2
4 G1 63 0 99 7
0

0101000
+640 4 -645 4 *
Wi

0101100
+639 0 -953 0 +638 0 +643 0 *
Fa
0  1e-07 63 0

0101000
+637 0 *
Ve
1e-07
17.8 118.89 237.4250001
0 0

0101101
*
Ed
 1e-07 1 1 0
1  231 0 0.497840830846136 1.5707963267949
2  326 64 0 0.497840830846136 1.5707963267949
2  327 65 0 0.497840830846136 1.5707963267949
4 G1 64 0 65 0
0

0101000
+922 4 -635 4 *
Ed
 1e-07 1 1 0
1  232 0 -0 1.5707963267949
2  328 64 0 -0 1.5707963267949
2  329 100 0 -0 1.5707963267949
4 G1 64 0 100 0
0

0101000
+635 4 -640 4 *
Wi

0101100
-634 0 -633 0 +639 0 +951 0 -921 0 *
Fa
0  1e-07 64 0

0101000
+632 0 *
Ed
 1e-07 1 1 0
1  233 0 0.517379703504146 8.58262029649597
2  330 65 0 0.517379703504146 8.58262029649597
0

0101000
+918 4 -920 4 *
Ed
 1e-07 1 1 0
1  234 0 -0 9.1
2  331 65 0 -0 9.1
4 G1 65 0 101 7
0

0101000
+725 4 -635 4 *
Wi

0101100
-915 0 -630 0 +919 0 -634 0 +629 0 +723 0 *
Fa
0  1e-07 65 0

0101000
+628 0 *
Wi

0101100
-917 0 -630 0 *
Fa
0  1e-07 102 0

0101000
+626 0 *
Ve
1.000001e-06
20.25 99.9774378379077 241.4250001
0 0

0101101
*
Ed
 1.27696971352865e-07 1 1 0
1  235 0 0.466938086820099 1
2  332 70 0 0.466938086820099 1
2  198 73 0 0.466938086820099 1
0

0101000
+885 4 -624 4 *
Ed
 1e-07 1 1 0
1  236 0 0.822871574689461 1.23743783790765
2  333 70 0 0.822871574689461 1.23743783790765
0

0101000
+887 4 -624 4 *
Wi

0101100
-623 0 +622 0 +884 0 *
Fa
0  1e-07 70 0

0101000
+621 0 *
Ve
1.000001e-06
23.95 99.9147682859106 241.4250001
0 0

0101101
*
Ed
 1e-07 1 1 0
1  237 0 0.663574938895426 1.17476828591059
2  334 69 0 0.663574938895426 1.17476828591059
0

0101000
+889 4 -619 4 *
Ve
1.00000000888178e-07
20.25 100.69 241.4250001
0 0

0101101
*
Ed
 1e-07 1 1 0
1  238 0 1.23743783790765 1.95
2  335 73 0 1.23743783790765 1.95
0

0101000
+624 4 -617 4 *
Ve
1.00000000444089e-07
23.95 100.69 241.4250001
0 0

0101101
*
Ed
 1e-07 1 1 0
1  239 0 -0 3.7
2  336 104 0 -0 3.7
0

0101000
+615 4 -617 4 *
Ed
 1e-07 1 1 0
1  240 0 1.17476828591059 1.95
2  337 78 0 1.17476828591059 1.95
0

0101000
+619 4 -615 4 *
Wi

0101100
-618 0 +886 0 +622 0 +616 0 -614 0 -613 0 *
Fa
0  1e-07 103 0

0101000
+612 0 *
Ed
 1.37918312415936e-07 1 1 0
1  241 0 0 0.724604978432744
2  338 69 0 0 0.724604978432744
2  232 78 0 0 0.724604978432744
0

0101000
+619 4 -891 4 *
Wi

0101100
+610 0 +618 0 +888 0 *
Fa
0  1e-07 69 0

0101000
+609 0 *
Wi

0101100
+790 0 -793 0 +799 0 -747 0 +741 0 -734 0 +730 0 -898 0 *
Fa
0  1e-07 68 0

0111000
+607 0 *
Ve
1e-07
15 105.29 234.8250001
0 0

0101101
*
Ed
 1e-07 1 1 0
1  242 0 0 6.28318530717959
2  339 67 0 0 6.28318530717959
2  340 105 0 0 6.28318530717959
0

0101000
+605 4 -605 4 *
Ed
 1e-07 1 1 0
1  243 0 0 2.0303940504247
3  341 342CN 67 0 0 2.0303940504247
0

0101000
+904 4 -605 4 *
Wi

0101100
+902 0 -604 0 -603 0 +603 0 *
Fa
0  1e-07 67 0

0101000
+602 0 *
Wi

0101100
+814 0 -810 0 -872 0 -906 0 *
Fa
0  1e-07 66 0

0101000
+600 0 *
Ve
1e-07
13.15 94.24 240.0000001
0 0

0101101
*
Ed
 1e-07 1 1 0
1  244 0 0 1.5707963267949
3  343 344CN 71 0 0 1.5707963267949
0

0101000
+869 4 -598 4 *
Ed
 1e-07 1 1 0
1  245 0 0 6.28318530717959
2  345 71 0 0 6.28318530717959
4 G1 71 0 106 0
0

0101000
+598 4 -598 4 *
Wi

0101100
-597 0 +868 0 -596 0 +597 0 *
Fa
0  1e-07 71 0

0101000
+595 0 *
Ve
1e-07
13.15 94.24 264.8500001
0 0

0101101
*
Ed
 1e-07 1 1 0
1  246 0 0 1.5707963267949
3  346 347CN 72 0 0 1.5707963267949
0

0101000
+856 4 -593 4 *
Ed
 1e-07 1 1 0
1  247 0 0 6.28318530717959
2  348 72 0 0 6.28318530717959
4 G1 72 0 107 0
0

0101000
+593 4 -593 4 *
Wi

0101100
-592 0 +855 0 -591 0 +592 0 *
Fa
0  1e-07 72 0

0101000
+590 0 *
Ve
1.00000000444089e-07
19.35 100.69 242.3250001
0 0

0101101
*
Ed
 1.00000000444089e-07 1 1 0
1  248 0 0 1.5707963267949
2  349 73 0 0 1.5707963267949
2  350 108 0 0 1.5707963267949
4 G1 73 0 108 0
0

0101000
+617 4 -588 4 *
Ed
 1e-07 1 1 0
1  249 0 0 1.08768616337479
2  351 73 0 0 1.08768616337479
0

0101000
+588 4 -831 4 *
Wi

0101100
+830 0 +623 0 +616 0 +587 0 +586 0 *
Fa
0  1e-07 73 0

0111000
+585 0 *
Ve
1.5e-07
19.35 99.44 245.7250001
0 0

0101101
*
Ve
1e-07
19.35 100.69 245.7250001
0 0

0101101
*
Ed
 1e-07 1 1 0
1  250 0 0.699999999999999 1.95
2  352 110 0 0.699999999999999 1.95
0

0101000
+583 4 -582 4 *
Ed
 1.5e-07 1 1 0
1  251 0 3.8 6.27183187809284
0

0101000
+583 4 -829 4 *
Ed
 1e-07 1 1 0
1  252 0 0 3.4
2  353 111 0 0 3.4
0

0101000
+588 4 -582 4 *
Wi

0101100
-581 0 +580 0 -828 0 -586 0 +579 0 *
Fa
0  1e-07 109 0

0111000
+578 0 *
Ve
1.5e-07
24.85 99.44 245.7250001
0 0

0101101
*
Ed
 1.5e-07 1 1 0
1  253 0 3.8 6.42054182974359
0

0101000
+576 4 -778 4 *
Ve
1.50000000444089e-07
23.95 99.44 246.6250001
0 0

0101101
*
Ed
 1e-07 1 1 0
1  254 0 4.71238898038469 6.28318530717959
2  354 112 0 4.71238898038469 6.28318530717959
0

0101000
+574 4 -576 4 *
Ve
1.5e-07
20.25 99.44 246.6250001
0 0

0101101
*
Ed
 1.5e-07 1 1 0
1  255 0 -3.1 0.6
0

0101000
+574 4 -572 4 *
Ed
 1e-07 1 1 0
1  256 0 0 1.5707963267949
2  355 110 0 0 1.5707963267949
0

0101000
+583 4 -572 4 *
Wi

0101100
+580 0 +826 0 -771 0 +775 0 -575 0 -573 0 +571 0 -570 0 *
Fa
0  1e-07 74 0

0111000
+569 0 *
Ve
1e-07
29.95 105.29 270.8250001
0 0

0101101
*
Ed
 1e-07 1 1 0
1  257 0 0 6.28318530717959
2  356 76 0 0 6.28318530717959
2  357 113 0 0 6.28318530717959
0

0101000
+567 4 -567 4 *
Ed
 1e-07 1 1 0
1  258 0 0 0.838152730712008
3  358 359CN 76 0 0 0.838152730712008
0

0101000
+807 4 -567 4 *
Wi

0101100
+806 0 -566 0 -565 0 +565 0 *
Fa
0  1e-07 76 0

0101000
+564 0 *
Ve
1e-07
37.55 94.24 264.8500001
0 0

0101101
*
Ed
 1e-07 1 1 0
1  259 0 0 1.5707963267949
3  360 361CN 80 0 0 1.5707963267949
0

0101000
+751 4 -562 4 *
Ed
 1e-07 1 1 0
1  260 0 0 6.28318530717959
2  362 80 0 0 6.28318530717959
4 G1 80 0 114 0
0

0101000
+562 4 -562 4 *
Wi

0101100
-561 0 +750 0 -560 0 +561 0 *
Fa
0  1e-07 80 0

0101000
+559 0 *
Ve
1e-07
37.55 94.24 240.0000001
0 0

0101101
*
Ed
 1e-07 1 1 0
1  261 0 0 1.5707963267949
3  363 364CN 81 0 0 1.5707963267949
0

0101000
+738 4 -557 4 *
Ed
 1e-07 1 1 0
1  262 0 0 6.28318530717959
2  365 81 0 0 6.28318530717959
4 G1 81 0 115 0
0

0101000
+557 4 -557 4 *
Wi

0101100
-556 0 +737 0 -555 0 +556 0 *
Fa
0  1e-07 81 0

0101000
+554 0 *
Ve
1e-07
27.6 119.89 236.7250001
0 0

0101101
*
Ed
 1e-07 1 1 0
1  263 0 1.35 2.35
2  366 82 0 1.35 2.35
4 G1 82 0 83 7
0

0101000
+727 4 -552 4 *
Ve
1e-07
26.9 119.89 237.4250001
0 0

0101101
*
Ed
 1e-07 1 1 0
1  264 0 0 1.5707963267949
2  367 82 0 0 1.5707963267949
2  368 116 0 0 1.5707963267949
4 G1 82 0 116 0
0

0101000
+552 4 -550 4 *
Ed
 1e-07 1 1 0
1  265 0 1.35 2.35
2  369 82 0 1.35 2.35
4 G1 82 0 101 7
0

0101000
+725 4 -550 4 *
Wi

0101100
-551 0 +724 0 -549 0 +548 0 *
Fa
0  1e-07 82 0

0101000
+547 0 *
Ve
7.21081446262767e-07
27.6 119.89 235.5250001
0 0

0101101
*
Ed
 1.5e-07 1 1 0
1  266 0 -1.85 -0.850000000000001
0

0101000
+545 4 -720 4 *
Ed
 1e-07 1 1 0
1  267 0 -0 1.2
2  370 117 0 -0 1.2
4 G1 83 7 117 0
0

0101000
+545 4 -552 4 *
Wi

0101100
-544 0 +543 0 -718 0 -551 0 *
Fa
0  1e-07 83 7

0101000
+542 0 *
Ve
1e-07
34.6 119.89 235.5250001
0 0

0101101
*
Ed
 1e-07 1 1 0
1  268 0 0.350000000000001 1.35
2  371 85 0 0.350000000000001 1.35
4 G1 84 5 85 0
0

0101000
+715 4 -540 4 *
Ed
 1e-07 1 1 0
1  269 0 -0 7
2  372 118 0 -0 7
4 G1 84 5 118 0
0

0101000
+545 4 -540 4 *
Wi

0101100
-539 0 -714 0 +538 0 -544 0 *
Fa
0  1e-07 84 5

0101000
+537 0 *
Ve
1e-07
39.1 119.89 240.0250001
0 0

0101101
*
Ed
 1e-07 1 1 0
1  270 0 0.350000000000001 1.35
2  373 85 0 0.350000000000001 1.35
4 G1 85 0 86 5
0

0101000
+710 4 -535 4 *
Ed
 1e-07 1 1 0
1  271 0 -0 1.5707963267949
2  374 85 0 -0 1.5707963267949
2  375 119 0 -0 1.5707963267949
4 G1 85 0 119 0
0

0101000
+540 4 -535 4 *
Wi

0101100
-534 0 -709 0 +533 0 +539 0 *
Fa
0  1e-07 85 0

0101000
+532 0 *
Ve
1e-07
39.1 119.89 264.8250001
0 0

0101101
*
Ed
 1e-07 1 1 0
1  272 0 0.350000000000001 1.35
2  376 87 0 0.350000000000001 1.35
4 G1 86 5 87 0
0

0101000
+705 4 -530 4 *
Ed
 1e-07 1 1 0
1  273 0 0 24.8
2  377 120 0 0 24.8
4 G1 86 5 120 0
0

0101000
+535 4 -530 4 *
Wi

0101100
-529 0 -704 0 +528 0 +534 0 *
Fa
0  1e-07 86 0

0101000
+527 8 *
Ve
1e-07
34.6 119.89 269.3250001
0 0

0101101
*
Ed
 1e-07 1 1 0
1  274 0 0 1.5707963267949
2  378 87 0 0 1.5707963267949
2  379 121 0 0 1.5707963267949
4 G1 87 0 121 0
0

0101000
+530 4 -525 4 *
Ed
 1e-07 1 1 0
1  275 0 0.350000000000001 1.35
2  380 87 0 0.350000000000001 1.35
4 G1 87 0 88 5
0

0101000
+700 4 -525 4 *
Wi

0101100
-529 0 +699 0 -524 0 +523 0 *
Fa
0  1e-07 87 0

0101000
+522 0 *
Ve
1.01969410203018e-06
27.6 119.89 269.3250001
0 0

0101101
*
Ed
 1e-07 1 1 0
1  276 0 -0 7
2  381 122 0 -0 7
4 G1 88 5 122 0
0

0101000
+525 4 -520 4 *
Ed
 1.5e-07 1 1 0
1  277 0 -1.85 -0.850000000000001
0

0101000
+520 4 -695 4 *
Wi

0101100
-523 0 +694 0 -519 0 -518 0 *
Fa
0  1e-07 88 5

0101000
+517 0 *
Ed
 1e-07 1 1 0
1  278 0 0 1.2
2  382 123 0 0 1.2
4 G1 89 6 123 0
0

0101000
+520 4 -687 4 *
Wi

0101100
+686 0 +690 0 -515 0 +518 0 *
Fa
0  1e-07 89 6

0101000
+514 0 *
Ve
1e-07
27.95 120.24 268.1250001
0 0

0101101
*
Ed
 1e-07 1 1 0
1  279 0 0 1.5707963267949
2  383 90 0 0 1.5707963267949
2  384 123 0 0 1.5707963267949
4 G1 90 0 123 0
0

0101000
+512 4 -687 4 *
Ve
1e-07
26.9 120.24 267.0750001
0 0

0101101
*
Ed
 1e-07 1 1 0
1  280 0 0 1.5707963267949
2  385 90 0 0 1.5707963267949
4 G1 90 0 124 5
0

0101000
+512 4 -510 4 *
Ed
 1e-07 1 1 0
1  281 0 1.5707963267949 3.14159265358979
2  386 90 0 1.5707963267949 3.14159265358979
2  387 91 0 1.5707963267949 3.14159265358979
4 G1 90 0 91 0
0

0101000
+510 4 -685 4 *
Wi

0101100
-511 0 +509 0 -684 0 +508 0 *
Fa
0  1e-07 90 0

0101000
+507 0 *
Ve
1e-07
17.8 120.24 267.0750001
0 0

0101101
*
Ed
 1e-07 1 1 0
1  282 0 -0 9.1
2  388 91 0 -0 9.1
4 G1 91 0 124 5
0

0101000
+510 4 -505 4 *
Ed
 1e-07 1 1 0
1  283 0 0 1.5707963267949
2  389 91 0 0 1.5707963267949
2  390 93 0 0 1.5707963267949
4 G1 91 0 93 0
0

0101000
+505 4 -680 4 *
Wi

0101100
+508 0 -504 0 +679 0 -503 0 *
Fa
0  1e-07 91 0

0101000
+502 0 *
Ve
7.21081406948311e-07
17.1 119.89 269.3250001
0 0

0101101
*
Ed
 1e-07 1 1 0
1  284 0 0 1.2
2  391 125 0 0 1.2
4 G1 92 6 125 0
0

0101000
+675 4 -500 4 *
Ed
 1.5e-07 1 1 0
1  285 0 -1.85 -0.850000000000001
0

0101000
+500 4 -670 4 *
Wi

0101100
+674 0 -669 0 +499 0 +498 0 *
Fa
0  1e-07 92 6

0101000
+497 0 *
Ve
1e-07
16.75 120.24 268.1250001
0 0

0101101
*
Ed
 1e-07 1 1 0
1  286 0 -0 1.5707963267949
2  392 93 0 -0 1.5707963267949
4 G1 93 0 124 5
0

0101000
+505 4 -495 4 *
Ed
 1e-07 1 1 0
1  287 0 1.5707963267949 3.14159265358979
2  393 93 0 1.5707963267949 3.14159265358979
2  394 125 0 1.5707963267949 3.14159265358979
4 G1 93 0 125 0
0

0101000
+495 4 -675 4 *
Wi

0101100
-503 0 +494 0 -673 0 +493 0 *
Fa
0  1e-07 93 0

0101000
+492 0 *
Ve
1e-07
10.1 119.89 269.3250001
0 0

0101101
*
Ed
 1e-07 1 1 0
1  288 0 0 7
2  395 126 0 0 7
4 G1 94 5 126 0
0

0101000
+500 4 -490 4 *
Ed
 1e-07 1 1 0
1  289 0 0.350000000000001 1.35
2  396 95 0 0.350000000000001 1.35
4 G1 94 5 95 0
0

0101000
+665 4 -490 4 *
Wi

0101100
+498 0 -489 0 +664 0 +488 0 *
Fa
0  1e-07 94 5

0101000
+487 0 *
Ve
1e-07
5.60000000000001 119.89 264.8250001
0 0

0101101
*
Ed
 1e-07 1 1 0
1  290 0 0.350000000000001 1.35
2  397 95 0 0.350000000000001 1.35
4 G1 95 0 96 5
0

0101000
+660 4 -485 4 *
Ed
 1e-07 1 1 0
1  291 0 -4.44089209850063e-16 1.5707963267949
2  398 95 0 -4.44089209850063e-16 1.5707963267949
2  399 127 0 -4.44089209850063e-16 1.5707963267949
4 G1 95 0 127 0
0

0101000
+490 4 -485 4 *
Wi

0101100
-484 0 -659 0 +483 0 +488 0 *
Fa
0  1e-07 95 0

0101000
+482 0 *
Ve
1e-07
5.60000000000001 119.89 240.0250001
0 0

0101101
*
Ed
 1e-07 1 1 0
1  292 0 -0 24.8
2  400 128 0 -0 24.8
4 G1 96 5 128 0
0

0101000
+485 4 -480 4 *
Ed
 1e-07 1 1 0
1  293 0 0.350000000000001 1.35
2  401 97 0 0.350000000000001 1.35
4 G1 96 5 97 0
0

0101000
+655 4 -480 4 *
Wi

0101100
-484 0 +654 0 -479 0 +478 0 *
Fa
0  1e-07 96 0

0101000
+477 8 *
Ve
1e-07
10.1 119.89 235.5250001
0 0

0101101
*
Ed
 1e-07 1 1 0
1  294 0 0 1.5707963267949
2  402 97 0 0 1.5707963267949
2  403 129 0 0 1.5707963267949
4 G1 97 0 129 0
0

0101000
+480 4 -475 4 *
Ed
 1e-07 1 1 0
1  295 0 0.350000000000001 1.35
2  404 97 0 0.350000000000001 1.35
4 G1 97 0 98 5
0

0101000
+650 4 -475 4 *
Wi

0101100
-478 0 +649 0 -474 0 +473 0 *
Fa
0  1e-07 97 0

0101000
+472 0 *
Ve
1.01969409072552e-06
17.1 119.89 235.5250001
0 0

0101101
*
Ed
 1.5e-07 1 1 0
1  296 0 -1.85 -0.850000000000001
0

0101000
+470 4 -645 4 *
Ed
 1e-07 1 1 0
1  297 0 0 7
2  405 130 0 0 7
4 G1 98 5 130 0
0

0101000
+475 4 -470 4 *
Wi

0101100
+469 0 +468 0 -644 0 +473 0 *
Fa
0  1e-07 98 5

0101000
+467 0 *
Ve
1e-07
17.1 119.89 236.7250001
0 0

0101101
*
Ed
 1e-07 1 1 0
1  298 0 -0 1.2
2  406 131 0 -0 1.2
4 G1 99 7 131 0
0

0101000
+465 4 -470 4 *
Ed
 1e-07 1 1 0
1  299 0 1.35 2.35
2  407 100 0 1.35 2.35
4 G1 99 7 100 0
0

0101000
+640 4 -465 4 *
Wi

0101100
-469 0 -464 0 +638 0 -463 0 *
Fa
0  1e-07 99 7

0101000
+462 0 *
Ve
1e-07
17.8 119.89 237.4250001
0 0

0101101
*
Ed
 1e-07 1 1 0
1  300 0 -0 1.5707963267949
2  408 100 0 -0 1.5707963267949
2  409 132 0 -0 1.5707963267949
4 G1 100 0 132 0
0

0101000
+460 4 -465 4 *
Ed
 1e-07 1 1 0
1  301 0 1.35 2.35
2  410 100 0 1.35 2.35
4 G1 100 0 101 7
0

0101000
+635 4 -460 4 *
Wi

0101100
-463 0 -633 0 +459 0 +458 0 *
Fa
0  1e-07 100 0

0101000
+457 0 *
Ed
 1e-07 1 1 0
1  302 0 -0 9.1
2  411 133 0 -0 9.1
4 G1 101 7 133 0
0

0101000
+550 4 -460 4 *
Wi

0101100
-548 0 +629 0 -455 0 +458 0 *
Fa
0  1e-07 101 7

0101000
+454 0 *
Ve
1.00000000444089e-07
24.85 100.69 242.3250001
0 0

0101101
*
Ed
 1e-07 1 1 0
1  303 0 0 1.133331077381
2  412 78 0 0 1.133331077381
0

0101000
+780 4 -452 4 *
Ed
 1.00000000444089e-07 1 1 0
1  304 0 0 1.5707963267949
2  413 78 0 0 1.5707963267949
2  414 134 0 0 1.5707963267949
4 G1 78 0 134 0
0

0101000
+452 4 -615 4 *
Wi

0101100
-451 0 -779 0 -610 0 +613 0 -450 0 *
Fa
0  1e-07 78 0

0111000
+449 0 *
Ve
1e-07
24.85 100.69 245.7250001
0 0

0101101
*
Ed
 1e-07 1 1 0
1  305 0 0.699999999999999 1.95
2  415 112 0 0.699999999999999 1.95
0

0101000
+576 4 -447 4 *
Ed
 1e-07 1 1 0
1  306 0 0 3.4
2  416 136 0 0 3.4
0

0101000
+447 4 -452 4 *
Wi

0101100
-446 0 +575 0 -777 0 +451 0 -445 0 *
Fa
0  1e-07 135 0

0111000
+444 0 *
Ve
1e-07
14.75 105.29 234.0250001
0 0

0101101
*
Ed
 1e-07 1 1 0
1  307 0 0 6.28318530717959
2  417 105 0 0 6.28318530717959
2  418 137 0 0 6.28318530717959
0

0101000
+442 4 -442 4 *
Ed
 1e-07 1 1 0
1  308 0 0 0.838152730712008
3  419 420CN 105 0 0 0.838152730712008
0

0101000
+605 4 -442 4 *
Wi

0101100
+604 0 -441 0 -440 0 +440 0 *
Fa
0  1e-07 105 0

0101000
+439 0 *
Wi

0101100
+596 0 *
Ve
1e-07
11.75 94.24 240.0000001
0 0

0101101
*
Ed
 1e-07 1 1 0
1  309 0 0 6.28318530717959
2  421 138 0 0 6.28318530717959
0

0101100
+436 4 -436 4 *
Wi

0101100
+435 0 *
Fa
0  1e-07 106 0

0101000
+437 0 +434 0 *
Wi

0101100
+591 0 *
Ve
1e-07
11.75 94.24 264.8500001
0 0

0101101
*
Ed
 1e-07 1 1 0
1  310 0 0 6.28318530717959
2  422 139 0 0 6.28318530717959
0

0101100
+431 4 -431 4 *
Wi

0101100
+430 0 *
Fa
0  1e-07 107 0

0101000
+432 0 +429 0 *
Ve
1e-07
20.25 100.69 246.6250001
0 0

0101101
*
Ed
 1e-07 1 1 0
1  311 0 0 1.5707963267949
2  423 110 0 0 1.5707963267949
2  424 140 0 0 1.5707963267949
4 G1 110 0 140 0
0

0101000
+582 4 -427 4 *
Ed
 1e-07 1 1 0
1  312 0 0.699999999999999 1.95
2  425 110 0 0.699999999999999 1.95
4 G1 110 0 141 9
0

0101000
+572 4 -427 4 *
Wi

0101100
-581 0 -426 0 +425 0 +570 0 *
Fa
0  1e-07 110 0

0101000
+424 0 *
Ve
1.00000001332268e-07
19.8 101.14 242.3250001
0 0

0101101
*
Ve
1e-07
19.8 101.14 245.7250001
0 0

0101101
*
Ed
 1e-07 1 1 0
1  313 0 0 3.4
2  426 111 0 0 3.4
0

0101000
+422 4 -421 4 *
Ed
 1.00000000444089e-07 1 1 0
1  314 0 4.71238898038469 6.28318530717959
2  427 111 0 4.71238898038469 6.28318530717959
2  428 108 0 4.71238898038469 6.28318530717959
4 G1 111 0 108 0
0

0101000
+422 4 -588 4 *
Ed
 1e-07 1 1 0
1  315 0 0 1.5707963267949
2  429 111 0 0 1.5707963267949
2  430 140 0 0 1.5707963267949
4 G1 111 0 140 0
0

0101000
+421 4 -582 4 *
Wi

0101100
-420 0 +419 0 +579 0 -418 0 *
Fa
0  1e-07 111 0

0111000
+417 0 *
Ve
1e-07
23.95 100.69 246.6250001
0 0

0101101
*
Ed
 1e-07 1 1 0
1  316 0 0.699999999999999 1.95
2  431 112 0 0.699999999999999 1.95
4 G1 141 9 112 0
0

0101000
+574 4 -415 4 *
Ed
 1e-07 1 1 0
1  317 0 0 3.7
2  432 142 0 0 3.7
4 G1 141 9 142 0
0

0101000
+427 4 -415 4 *
Wi

0101100
+571 0 -414 0 +413 0 +425 0 *
Fa
0  1e-07 141 9

0101000
+412 0 *
Ed
 1e-07 1 1 0
1  318 0 -2.22044604925031e-16 1.5707963267949
2  433 112 0 -2.22044604925031e-16 1.5707963267949
2  434 143 0 -2.22044604925031e-16 1.5707963267949
4 G1 112 0 143 0
0

0101000
+415 4 -447 4 *
Wi

0101100
-446 0 +410 0 +414 0 -573 0 *
Fa
0  1e-07 112 0

0101000
+409 0 *
Ve
1e-07
29.95 105.29 278.2250001
0 0

0101101
*
Ed
 1e-07 1 1 0
1  319 0 0 6.28318530717959
2  435 113 0 0 6.28318530717959
2  436 144 0 0 6.28318530717959
0

0101000
+407 4 -407 4 *
Ed
 1e-07 1 1 0
1  320 0 0 7.4
3  437 438CN 113 0 0 7.4
0

0101000
+567 4 -407 4 *
Wi

0101100
+566 0 -406 0 -405 0 +405 0 *
Fa
0  1e-07 113 0

0101000
+404 0 *
Wi

0101100
+560 0 *
Ve
1e-07
36.15 94.24 264.8500001
0 0

0101101
*
Ed
 1e-07 1 1 0
1  321 0 0 6.28318530717959
2  439 145 0 0 6.28318530717959
0

0101100
+401 4 -401 4 *
Wi

0101100
+400 0 *
Fa
0  1e-07 114 0

0101000
+402 0 +399 0 *
Wi

0101100
+555 0 *
Ve
1e-07
36.15 94.24 240.0000001
0 0

0101101
*
Ed
 1e-07 1 1 0
1  322 0 0 6.28318530717959
2  440 146 0 0 6.28318530717959
0

0101100
+396 4 -396 4 *
Wi

0101100
+395 0 *
Fa
0  1e-07 115 0

0101000
+397 0 +394 0 *
Ve
1e-07
27.95 120.24 236.7250001
0 0

0101101
*
Ed
 1e-07 1 1 0
1  323 0 0 1.5707963267949
2  441 116 0 0 1.5707963267949
2  442 117 0 0 1.5707963267949
4 G1 116 0 117 0
0

0101000
+392 4 -552 4 *
Ve
1e-07
26.9 120.24 237.7750001
0 0

0101101
*
Ed
 1e-07 1 1 0
1  324 0 0 1.5707963267949
2  443 116 0 0 1.5707963267949
4 G1 116 0 124 5
0

0101000
+392 4 -390 4 *
Ed
 1e-07 1 1 0
1  325 0 1.5707963267949 3.14159265358979
2  444 116 0 1.5707963267949 3.14159265358979
2  445 133 0 1.5707963267949 3.14159265358979
4 G1 116 0 133 0
0

0101000
+390 4 -550 4 *
Wi

0101100
-391 0 +389 0 -549 0 +388 0 *
Fa
0  1e-07 116 0

0101000
+387 0 *
Ve
7.21081446262767e-07
27.95 120.24 235.8750001
0 0

0101101
*
Ed
 4.6722158275087e-07 1 1 0
1  326 0 1.5707963267949 3.14159265358979
2  446 117 0 1.5707963267949 3.14159265358979
2  447 118 0 1.5707963267949 3.14159265358979
0

0101000
+385 4 -545 4 *
Ed
 1e-07 1 1 0
1  327 0 0.350000000000001 1.2
2  448 117 0 0.350000000000001 1.2
4 G1 117 0 124 5
0

0101000
+385 4 -392 4 *
Wi

0101100
+384 0 -383 0 +543 0 -391 0 *
Fa
0  1e-07 117 0

0101000
+382 0 *
Ve
1e-07
34.6 120.24 235.8750001
0 0

0101101
*
Ed
 1e-07 1 1 0
1  328 0 0.35 7
2  449 118 0 0.35 7
4 G1 118 0 124 5
0

0101000
+385 4 -380 4 *
Ed
 1e-07 1 1 0
1  329 0 0 1.5707963267949
2  450 118 0 0 1.5707963267949
2  451 119 0 0 1.5707963267949
4 G1 118 0 119 0
0

0101000
+380 4 -540 4 *
Wi

0101100
+384 0 -379 0 +538 0 -378 0 *
Fa
0  1e-07 118 0

0101000
+377 0 *
Ve
1e-07
38.75 120.24 240.0250001
0 0

0101101
*
Ed
 1e-07 1 1 0
1  330 0 -0 1.5707963267949
2  452 119 0 -0 1.5707963267949
4 G1 119 0 124 5
0

0101000
+380 4 -375 4 *
Ed
 1e-07 1 1 0
1  331 0 4.71238898038469 6.28318530717959
2  453 119 0 4.71238898038469 6.28318530717959
2  454 120 0 4.71238898038469 6.28318530717959
4 G1 119 0 120 0
0

0101000
+375 4 -535 4 *
Wi

0101100
-378 0 +374 0 -533 0 +373 0 *
Fa
0  1e-07 119 0

0101000
+372 0 *
Ve
1e-07
38.75 120.24 264.8250001
0 0

0101101
*
Ed
 1e-07 1 1 0
1  332 0 0 24.8
2  455 120 0 0 24.8
4 G1 120 0 124 5
0

0101000
+375 4 -370 4 *
Ed
 1e-07 1 1 0
1  333 0 0 1.5707963267949
2  456 120 0 0 1.5707963267949
2  457 121 0 0 1.5707963267949
4 G1 120 0 121 0
0

0101000
+370 4 -530 4 *
Wi

0101100
+373 0 -369 0 +528 0 -368 0 *
Fa
0  1e-07 120 0

0101000
+367 0 *
Ve
1e-07
34.6 120.24 268.9750001
0 0

0101101
*
Ed
 1e-07 1 1 0
1  334 0 0 1.5707963267949
2  458 121 0 0 1.5707963267949
4 G1 121 0 124 5
0

0101000
+370 4 -365 4 *
Ed
 1e-07 1 1 0
1  335 0 4.71238898038469 6.28318530717959
2  459 121 0 4.71238898038469 6.28318530717959
2  460 122 0 4.71238898038469 6.28318530717959
4 G1 121 0 122 0
0

0101000
+365 4 -525 4 *
Wi

0101100
-368 0 +364 0 -524 0 +363 0 *
Fa
0  1e-07 121 0

0101000
+362 0 *
Ve
1.01969410203018e-06
27.95 120.24 268.9750001
0 0

0101101
*
Ed
 1e-07 1 1 0
1  336 0 -0 6.65
2  461 122 0 -0 6.65
4 G1 122 0 124 5
0

0101000
+365 4 -360 4 *
Ed
 4.67221628214162e-07 1 1 0
1  337 0 4.71238898038469 6.28318530717959
2  462 122 0 4.71238898038469 6.28318530717959
2  463 123 0 4.71238898038469 6.28318530717959
0

0101000
+360 4 -520 4 *
Wi

0101100
+363 0 -359 0 +519 0 -358 0 *
Fa
0  1e-07 122 0

0101000
+357 0 *
Ed
 1e-07 1 1 0
1  338 0 0.350000000000001 1.2
2  464 123 0 0.350000000000001 1.2
4 G1 123 0 124 5
0

0101000
+360 4 -512 4 *
Wi

0101100
+358 0 -355 0 +515 0 -511 0 *
Fa
0  1e-07 123 0

0101000
+354 0 *
Ve
7.21081406948311e-07
16.75 120.24 268.9750001
0 0

0101101
*
Ve
1e-07
10.1 120.24 268.9750001
0 0

0101101
*
Ed
 1e-07 1 1 0
1  339 0 0.35 7
2  465 126 0 0.35 7
4 G1 124 5 126 0
0

0101000
+352 4 -351 4 *
Ed
 1e-07 1 1 0
1  340 0 0 0.849999999999998
2  466 125 0 0 0.849999999999998
4 G1 124 5 125 0
0

0101000
+495 4 -352 4 *
Ve
1e-07
5.95000000000002 120.24 264.8250001
0 0

0101101
*
Ed
 1e-07 1 1 0
1  341 0 -4.44089209850063e-16 1.5707963267949
2  467 127 0 -4.44089209850063e-16 1.5707963267949
4 G1 124 5 127 0
0

0101000
+351 4 -348 4 *
Ve
1e-07
5.95000000000002 120.24 240.0250001
0 0

0101101
*
Ed
 1e-07 1 1 0
1  342 0 -0 24.8
2  468 128 0 -0 24.8
4 G1 124 5 128 0
0

0101000
+348 4 -346 4 *
Ve
1e-07
10.1 120.24 235.8750001
0 0

0101101
*
Ed
 1e-07 1 1 0
1  343 0 0 1.5707963267949
2  469 129 0 0 1.5707963267949
4 G1 124 5 129 0
0

0101000
+346 4 -344 4 *
Ve
1.01969409072552e-06
16.75 120.24 235.8750001
0 0

0101101
*
Ed
 1e-07 1 1 0
1  344 0 0 6.65
2  470 130 0 0 6.65
4 G1 124 5 130 0
0

0101000
+344 4 -342 4 *
Ve
1e-07
16.75 120.24 236.7250001
0 0

0101101
*
Ed
 1e-07 1 1 0
1  345 0 -0 0.849999999999998
2  471 131 0 -0 0.849999999999998
4 G1 124 5 131 0
0

0101000
+340 4 -342 4 *
Ve
1e-07
17.8 120.24 237.7750001
0 0

0101101
*
Ed
 1e-07 1 1 0
1  346 0 -0 1.5707963267949
2  472 132 0 -0 1.5707963267949
4 G1 124 5 132 0
0

0101000
+338 4 -340 4 *
Ed
 1e-07 1 1 0
1  347 0 -0 9.1
2  473 133 0 -0 9.1
4 G1 124 5 133 0
0

0101000
+390 4 -338 4 *
Wi

0101100
-350 0 -349 0 -347 0 -494 0 -345 0 -504 0 -343 0 -509 0 -341 0 -355 0 
+339 0 -359 0 +337 0 -364 0 +336 0 -369 0 +389 0 -374 0 +383 0 -379 0 
*
Fa
0  1e-07 124 5

0101000
+335 0 *
Ed
 4.6722158367354e-07 1 1 0
1  348 0 3.14159265358979 4.71238898038469
2  474 125 0 3.14159265358979 4.71238898038469
2  475 126 0 3.14159265358979 4.71238898038469
0

0101000
+500 4 -352 4 *
Wi

0101100
+493 0 -349 0 +499 0 +333 0 *
Fa
0  1e-07 125 0

0101000
+332 0 *
Ed
 1e-07 1 1 0
1  349 0 0 1.5707963267949
2  476 126 0 0 1.5707963267949
2  477 127 0 0 1.5707963267949
4 G1 126 0 127 0
0

0101000
+490 4 -351 4 *
Wi

0101100
+333 0 -489 0 +350 0 -330 0 *
Fa
0  1e-07 126 0

0101000
+329 0 *
Ed
 1e-07 1 1 0
1  350 0 0 1.5707963267949
2  478 127 0 0 1.5707963267949
2  479 128 0 0 1.5707963267949
4 G1 127 0 128 0
0

0101000
+485 4 -348 4 *
Wi

0101100
-330 0 +483 0 -347 0 +327 0 *
Fa
0  1e-07 127 0

0101000
+326 0 *
Ed
 1e-07 1 1 0
1  351 0 0 1.5707963267949
2  480 128 0 0 1.5707963267949
2  481 129 0 0 1.5707963267949
4 G1 128 0 129 0
0

0101000
+480 4 -346 4 *
Wi

0101100
+327 0 -479 0 +345 0 -324 0 *
Fa
0  1e-07 128 0

0101000
+323 0 *
Ed
 1e-07 1 1 0
1  352 0 0 1.5707963267949
2  482 129 0 0 1.5707963267949
2  483 130 0 0 1.5707963267949
4 G1 129 0 130 0
0

0101000
+475 4 -344 4 *
Wi

0101100
-324 0 +474 0 -343 0 +321 0 *
Fa
0  1e-07 129 0

0101000
+320 0 *
Ed
 4.6722163235052e-07 1 1 0
1  353 0 0 1.5707963267949
2  484 130 0 0 1.5707963267949
2  485 131 0 0 1.5707963267949
0

0101000
+470 4 -342 4 *
Wi

0101100
+321 0 -468 0 +341 0 -318 0 *
Fa
0  1e-07 130 0

0101000
+317 0 *
Ed
 1e-07 1 1 0
1  354 0 1.5707963267949 3.14159265358979
2  486 131 0 1.5707963267949 3.14159265358979
2  487 132 0 1.5707963267949 3.14159265358979
4 G1 131 0 132 0
0

0101000
+340 4 -465 4 *
Wi

0101100
+315 0 -339 0 +464 0 +318 0 *
Fa
0  1e-07 131 0

0101000
+314 0 *
Ed
 1e-07 1 1 0
1  355 0 0 1.5707963267949
2  488 132 0 0 1.5707963267949
2  489 133 0 0 1.5707963267949
4 G1 132 0 133 0
0

0101000
+338 4 -460 4 *
Wi

0101100
-312 0 +337 0 -459 0 +315 0 *
Fa
0  1e-07 132 0

0101000
+311 0 *
Wi

0101100
+388 0 -336 0 +455 0 -312 0 *
Fa
0  1e-07 133 0

0101000
+309 0 *
Ve
1.00000001776357e-07
20.25 101.14 241.8750001
0 0

0101101
*
Ed
 1.00000000888178e-07 1 1 0
1  356 0 0 1.5707963267949
2  490 108 0 0 1.5707963267949
2  491 104 0 0 1.5707963267949
4 G1 108 0 104 0
0

0101000
+307 4 -617 4 *
Ed
 1.00000000444089e-07 1 1 0
1  357 0 0 1.5707963267949
2  492 108 0 0 1.5707963267949
0

0101000
+307 4 -422 4 *
Wi

0101100
-306 0 +305 0 -587 0 +419 0 *
Fa
0  1e-07 108 0

0101000
+304 0 *
Ve
1.00000001110223e-07
23.95 101.14 241.8750001
0 0

0101101
*
Ed
 1e-07 1 1 0
1  358 0 4.71238898038469 6.28318530717959
2  493 104 0 4.71238898038469 6.28318530717959
2  494 134 0 4.71238898038469 6.28318530717959
4 G1 104 0 134 0
0

0101000
+302 4 -615 4 *
Ed
 1e-07 1 1 0
1  359 0 -0 3.7
2  495 104 0 -0 3.7
0

0101000
+302 4 -307 4 *
Wi

0101100
+301 0 -300 0 +614 0 -306 0 *
Fa
0  1e-07 104 0

0101000
+299 0 *
Ve
1.00000001332268e-07
24.4 101.14 242.3250001
0 0

0101101
*
Ed
 1.00000000444089e-07 1 1 0
1  360 0 4.71238898038469 6.28318530717959
2  496 134 0 4.71238898038469 6.28318530717959
2  497 136 0 4.71238898038469 6.28318530717959
4 G1 134 0 136 0
0

0101000
+297 4 -452 4 *
Ed
 1.00000000222045e-07 1 1 0
1  361 0 0 1.5707963267949
2  498 134 0 0 1.5707963267949
0

0101000
+297 4 -302 4 *
Wi

0101100
-296 0 +295 0 -450 0 +301 0 *
Fa
0  1e-07 134 0

0101000
+294 0 *
Ve
1e-07
24.4 101.14 245.7250001
0 0

0101101
*
Ed
 1e-07 1 1 0
1  362 0 0 3.4
2  499 136 0 0 3.4
0

0101000
+292 4 -297 4 *
Ed
 1e-07 1 1 0
1  363 0 4.71238898038469 6.28318530717959
2  500 136 0 4.71238898038469 6.28318530717959
2  501 143 0 4.71238898038469 6.28318530717959
4 G1 136 0 143 0
0

0101000
+292 4 -447 4 *
Wi

0101100
-291 0 +290 0 +445 0 -296 0 *
Fa
0  1e-07 136 0

0111000
+289 0 *
Ve
1e-07
14.75 105.29 226.6250001
0 0

0101101
*
Ed
 1e-07 1 1 0
1  364 0 0 6.28318530717959
2  502 137 0 0 6.28318530717959
2  503 147 0 0 6.28318530717959
0

0101000
+287 4 -287 4 *
Ed
 1e-07 1 1 0
1  365 0 0 7.4
3  504 505CN 137 0 0 7.4
0

0101000
+442 4 -287 4 *
Wi

0101100
+441 0 -286 0 -285 0 +285 0 *
Fa
0  1e-07 137 0

0101000
+284 0 *
Ve
1e-07
11.75 97.24 240.0000001
0 0

0101101
*
Ed
 1e-07 1 1 0
1  366 0 0.1 3.1
3  506 507CN 138 0 0.1 3.1
0

0101000
+436 4 -282 4 *
Ed
 1e-07 1 1 0
1  367 0 0 6.28318530717959
2  508 138 0 0 6.28318530717959
0

0101000
+282 4 -282 4 *
Wi

0101100
+435 0 -281 0 +280 0 +281 0 *
Fa
0  1e-07 138 0

0101000
+279 0 *
Ve
1e-07
11.75 97.24 264.8500001
0 0

0101101
*
Ed
 1e-07 1 1 0
1  368 0 0.1 3.1
3  509 510CN 139 0 0.1 3.1
0

0101000
+431 4 -277 4 *
Ed
 1e-07 1 1 0
1  369 0 0 6.28318530717959
2  511 139 0 0 6.28318530717959
0

0101000
+277 4 -277 4 *
Wi

0101100
+430 0 -276 0 +275 0 +276 0 *
Fa
0  1e-07 139 0

0101000
+274 0 *
Ve
1e-07
20.25 101.14 246.1750001
0 0

0101101
*
Ed
 1e-07 1 1 0
1  370 0 0 1.5707963267949
2  512 140 0 0 1.5707963267949
0

0101000
+421 4 -272 4 *
Ed
 1e-07 1 1 0
1  371 0 4.71238898038469 6.28318530717959
2  513 140 0 4.71238898038469 6.28318530717959
2  514 142 0 4.71238898038469 6.28318530717959
4 G1 140 0 142 0
0

0101000
+272 4 -427 4 *
Wi

0101100
-418 0 +271 0 -426 0 +270 0 *
Fa
0  1e-07 140 0

0101000
+269 0 *
Ve
1e-07
23.95 101.14 246.1750001
0 0

0101101
*
Ed
 1e-07 1 1 0
1  372 0 0 3.7
2  515 142 0 0 3.7
0

0101000
+272 4 -267 4 *
Ed
 1e-07 1 1 0
1  373 0 -2.22044604925031e-16 1.5707963267949
2  516 143 0 -2.22044604925031e-16 1.5707963267949
0

0101000
+267 4 -292 4 *
Wi

0101100
+291 0 +295 0 +300 0 +305 0 +420 0 +271 0 +266 0 +265 0 *
Fa
0  1e-07 148 0

0111000
+264 0 *
Ed
 1e-07 1 1 0
1  374 0 0 1.5707963267949
2  517 142 0 0 1.5707963267949
2  518 143 0 0 1.5707963267949
4 G1 142 0 143 0
0

0101000
+267 4 -415 4 *
Wi

0101100
+270 0 -266 0 +413 0 -262 0 *
Fa
0  1e-07 142 0

0101000
+261 0 *
Wi

0101100
-262 0 +265 0 -410 0 +290 0 *
Fa
0  1e-07 143 0

0101000
+259 0 *
Ve
1e-07
29.6 105.29 278.9250001
0 0

0101101
*
Ed
 1e-07 1 1 0
1  375 0 0 6.28318530717959
2  519 144 0 0 6.28318530717959
0

0101000
+257 4 -257 4 *
Ed
 1e-07 1 1 0
1  376 0 0 0.782623792124926
3  520 521CN 144 0 0 0.782623792124926
0

0101000
+407 4 -257 4 *
Wi

0101100
+406 0 -256 0 -255 0 +255 0 *
Fa
0  1e-07 144 0

0101000
+254 0 *
Ve
1e-07
36.15 97.24 264.8500001
0 0

0101101
*
Ed
 1e-07 1 1 0
1  377 0 0.1 3.1
3  522 523CN 145 0 0.1 3.1
0

0101000
+401 4 -252 4 *
Ed
 1e-07 1 1 0
1  378 0 0 6.28318530717959
2  524 145 0 0 6.28318530717959
0

0101000
+252 4 -252 4 *
Wi

0101100
+400 0 -251 0 +250 0 +251 0 *
Fa
0  1e-07 145 0

0101000
+249 0 *
Ve
1e-07
36.15 97.24 240.0000001
0 0

0101101
*
Ed
 1e-07 1 1 0
1  379 0 0.1 3.1
3  525 526CN 146 0 0.1 3.1
0

0101000
+396 4 -247 4 *
Ed
 1e-07 1 1 0
1  380 0 0 6.28318530717959
2  527 146 0 0 6.28318530717959
0

0101000
+247 4 -247 4 *
Wi

0101100
+395 0 -246 0 +245 0 +246 0 *
Fa
0  1e-07 146 0

0101000
+244 0 *
Ve
1e-07
15.1 105.29 225.9250001
0 0

0101101
*
Ed
 1e-07 1 1 0
1  381 0 0 6.28318530717959
2  528 147 0 0 6.28318530717959
0

0101000
+242 4 -242 4 *
Ed
 1e-07 1 1 0
1  382 0 0 0.782623792124926
3  529 530CN 147 0 0 0.782623792124926
0

0101000
+287 4 -242 4 *
Wi

0101100
+286 0 -241 0 -240 0 +240 0 *
Fa
0  1e-07 147 0

0101000
+239 0 *
Wi

0101100
+280 0 *
Fa
0  1e-07 149 0

0101000
+237 0 *
Wi

0101100
+275 0 *
Fa
0  1e-07 150 0

0101000
+235 0 *
Wi

0101100
+256 0 *
Ve
1.00000001200154e-07
22.35 110.19 278.9250001
0 0

0101101
*
Ed
 1e-07 1 1 0
1  383 0 0 6.28318530717959
2  531 152 0 0 6.28318530717959
0

0101100
+232 4 -232 4 *
Wi

0101100
-231 0 *
Fa
0  1e-07 151 0

0101000
+233 0 +230 0 *
Wi

0101100
+250 0 *
Fa
0  1e-07 153 0

0101000
+228 0 *
Wi

0101100
+245 0 *
Fa
0  1e-07 154 0

0101000
+226 0 *
Wi

0101100
+241 0 *
Ve
1.00000001200154e-07
22.35 110.19 225.9250001
0 0

0101101
*
Ed
 1e-07 1 1 0
1  384 0 0 6.28318530717959
2  532 156 0 0 6.28318530717959
0

0101100
+223 4 -223 4 *
Wi

0101100
-222 0 *
Fa
0  1e-07 155 0

0101000
+224 0 +221 0 *
Ve
1.00000003202373e-07
19.200340712536 101.536382228717 279.2250001
0 0

0101101
*
Ve
1.00000001200154e-07
22.35 110.19 279.2250001
0 0

0101101
*
Ed
 1e-07 1 1 0
1  385 0 2.44346095279206 6.28318530717959
2  533 152 0 2.44346095279206 6.28318530717959
0

0101000
+219 4 -218 4 *
Ed
 1e-07 1 1 0
1  386 0 0.199999999999999 0.5
3  534 535CN 152 0 0.199999999999999 0.5
0

0101000
+232 4 -218 4 *
Ve
1.00000005347542e-07
18.596382228717 108.439659287464 279.2250001
0 0

0101101
*
Ed
 1e-07 1 1 0
1  387 0 0 0.872664625997164
2  533 152 0 0 0.872664625997164
0

0101000
+218 4 -215 4 *
Ve
1.00000008343679e-07
18.596382228717 108.439659287464 280.530051125722
0 0

0101101
*
Ed
 1e-07 1 1 0
1  388 0 0.5 1.80505102572168
2  536 152 0 0.5 1.80505102572168
0

0101000
+215 4 -213 4 *
Ve
1.00000008981148e-07
19.200340712536 101.536382228717 280.530051125722
0 0

0101101
*
Ed
 1e-07 1 1 0
1  389 0 6.98131700797732 8.55211333477222
2  537 152 0 6.98131700797732 8.55211333477222
2  538 157 0 6.98131700797732 8.55211333477222
0

0101000
+211 4 -213 4 *
Ed
 1e-07 1 1 0
1  390 0 0.5 1.80505102572168
2  539 152 0 0.5 1.80505102572168
0

0101000
+219 4 -211 4 *
Wi

0101100
-217 0 +216 0 +231 0 -216 0 -214 0 -212 0 +210 0 +209 0 *
Fa
0  1e-07 152 0

0101000
+208 0 *
Ve
1.00000002400308e-07
22.35 110.19 224.319949074278
0 0

0101101
*
Ed
 1e-07 1 1 0
1  391 0 0.199999999999999 1.80505102572168
3  540 541CN 156 0 0.199999999999999 1.80505102572168
0

0101000
+223 4 -206 4 *
Ve
1.00000009769963e-07
26.954493841851 106.965898702296 224.319949074278
0 0

0101101
*
Ed
 1e-07 1 1 0
1  392 0 8.20304748437335 9.42477796076938
2  542 156 0 8.20304748437335 9.42477796076938
2  543 158 0 8.20304748437335 9.42477796076938
0

0101000
+204 4 -206 4 *
Ve
1.00000003662053e-07
26.954493841851 106.965898702296 225.6250001
0 0

0101101
*
Ed
 1e-07 1 1 0
1  393 0 0.5 1.80505102572168
2  544 156 0 0.5 1.80505102572168
0

0101000
+202 4 -204 4 *
Ve
1.00000003580362e-07
18.596382228717 108.439659287464 225.6250001
0 0

0101101
*
Ed
 1e-07 1 1 0
1  394 0 1.22173047639603 5.41052068118242
2  545 156 0 1.22173047639603 5.41052068118242
0

0101000
+202 4 -200 4 *
Ve
1.000000081886e-07
18.596382228717 108.439659287464 224.319949074278
0 0

0101101
*
Ed
 1e-07 1 1 0
1  395 0 0.5 1.80505102572168
2  546 156 0 0.5 1.80505102572168
0

0101000
+200 4 -198 4 *
Ed
 1e-07 1 1 0
1  396 0 3.14159265358979 4.01425727958696
2  542 156 0 3.14159265358979 4.01425727958696
2  547 158 0 3.14159265358979 4.01425727958696
0

0101000
+206 4 -198 4 *
Wi

0101100
+222 0 -205 0 +203 0 +201 0 -199 0 -197 0 +196 0 +205 0 *
Fa
0  1e-07 156 0

0101000
+195 0 *
Ve
1e-07
17.1792000089469 109.628816365384 279.2250001
0 0

0101101
*
Ed
 1e-07 1 1 0
1  397 0 0 1.85
0

0101000
+193 4 -215 4 *
Ve
1e-07
18.0111836346159 100.119200008947 279.2250001
0 0

0101101
*
Ed
 1e-07 1 1 0
1  398 0 0 4.71238898038469
2  548 160 0 0 4.71238898038469
0

0101000
+191 4 -193 4 *
Ed
 1e-07 1 1 0
1  399 0 0.1 1.95
0

0101000
+219 4 -191 4 *
Wi

0101100
-217 0 -214 0 +192 0 +190 0 +189 0 *
Fa
0  1e-07 159 0

0101000
+188 0 *
Ve
1.00000003202373e-07
18.4814755622492 108.536077428917 280.6250001
0 0

0101101
*
Ed
 1e-07 1 1 0
1  400 0 4.91374690117499 5.6396841983863
2  549 157 0 4.91374690117499 5.6396841983863
0

0101000
+213 4 -186 4 *
Ve
1e-07
17.1792000089469 109.628816365384 280.6250001
0 0

0101101
*
Ed
 1e-07 1 1 0
1  401 0 0 1.7
0

0101000
+184 4 -186 4 *
Ed
 1e-07 1 1 0
1  402 0 0 1.4
2  550 160 0 0 1.4
0

0101000
+193 4 -184 4 *
Wi

0101100
-192 0 -212 0 -185 0 +183 0 +182 0 *
Fa
0  1e-07 161 0

0101000
+181 0 *
Ve
1.50000000888178e-07
26.5852863681244 108.040427126826 280.6250001
0 0

0101101
*
Ed
 1e-07 1 1 0
1  403 0 0 1.86750229963393
2  551 157 0 0 1.86750229963393
0

0101000
+179 4 -186 4 *
Ve
1.00000000888178e-07
26.6272198965217 108.067659078577 280.7750001
0 0

0101101
*
Ed
 1e-07 1 1 0
1  404 0 5.63968419838629 6.28318530717959
2  552 157 0 5.63968419838629 6.28318530717959
0

0101000
+179 4 -177 4 *
Ve
1.00000003662053e-07
27.4468932177974 105.467987433183 280.7750001
0 0

0101101
*
Ed
 1e-07 1 1 0
1  405 0 0 5.74213323906134
2  553 157 0 0 5.74213323906134
2  554 162 0 0 5.74213323906134
0

0101000
+175 4 -177 4 *
Ve
1.50000000888178e-07
27.3969236764464 105.466242458348 280.6250001
0 0

0101101
*
Ed
 1e-07 1 1 0
1  406 0 3.14159265358979 3.78509376238309
2  555 157 0 3.14159265358979 3.78509376238309
0

0101000
+175 4 -173 4 *
Ve
1.00000002220446e-07
19.103922571083 101.421475562249 280.6250001
0 0

0101101
*
Ed
 1e-07 1 1 0
1  407 0 1.53588974175501 3.83972435438752
2  556 157 0 1.53588974175501 3.83972435438752
0

0101000
+173 4 -171 4 *
Ed
 1e-07 1 1 0
1  408 0 3.78509376238309 4.51103105959439
2  557 157 0 3.78509376238309 4.51103105959439
0

0101000
+171 4 -211 4 *
Wi

0101100
-178 0 +176 0 -174 0 +172 0 +170 0 +169 0 +210 0 +185 0 *
Fa
0  1e-07 157 0

0111000
+168 0 *
Ve
1e-07
18.0111836346159 100.119200008947 280.6250001
0 0

0101101
*
Ed
 1e-07 1 1 0
1  409 0 0 1.4
2  558 160 0 0 1.4
0

0101000
+191 4 -166 4 *
Ed
 1e-07 1 1 0
1  410 0 0.250000000000001 1.95
0

0101000
+171 4 -166 4 *
Wi

0101100
-189 0 -165 0 +164 0 -169 0 +209 0 *
Fa
0  1e-07 163 0

0101000
+163 0 *
Ve
1.00000004189529e-07
18.4814755622492 108.536077428917 224.2250001
0 0

0101101
*
Ed
 1e-07 1 1 0
1  411 0 0.643501108793295 1.3694384060046
2  559 158 0 0.643501108793295 1.3694384060046
0

0101000
+161 4 -198 4 *
Ve
1.50000001776357e-07
20.2157777782095 100.713145675465 224.2250001
0 0

0101101
*
Ed
 1e-07 1 1 0
1  412 0 0.872664625997165 2.70526034059121
2  560 158 0 0.872664625997165 2.70526034059121
0

0101000
+161 4 -159 4 *
Ve
1.00000001256074e-07
20.1946468651224 100.667830286113 224.0750001
0 0

0101101
*
Ed
 1e-07 1 1 0
1  413 0 4.32218515994874e-18 0.643501108793277
2  561 158 0 4.32218515994874e-18 0.643501108793277
0

0101000
+157 4 -159 4 *
Ve
1.00000000222045e-07
23.5838016675583 100.341491795992 224.0750001
0 0

0101101
*
Ed
 1e-07 1 1 0
1  414 0 0 5.6025068989018
2  562 158 0 0 5.6025068989018
2  563 164 0 0 5.6025068989018
0

0101000
+155 4 -157 4 *
Ve
1.50000001110223e-07
23.5717055727783 100.390006582306 224.2250001
0 0

0101101
*
Ed
 1e-07 1 1 0
1  415 0 2.49809154479652 3.14159265358979
2  564 158 0 2.49809154479652 3.14159265358979
0

0101000
+153 4 -155 4 *
Ve
1.00000005329071e-07
27.0954477349688 107.017201723795 224.2250001
0 0

0101101
*
Ed
 1e-07 1 1 0
1  416 0 3.385938748869 5.06145483078356
2  565 158 0 3.385938748869 5.06145483078356
0

0101000
+153 4 -151 4 *
Ed
 1e-07 1 1 0
1  417 0 1.77215424758519 2.4980915447965
2  566 158 0 1.77215424758519 2.4980915447965
0

0101000
+204 4 -151 4 *
Wi

0101100
+203 0 +196 0 -160 0 +158 0 -156 0 -154 0 -152 0 +150 0 -149 0 *
Fa
0  1e-07 158 0

0111000
+148 0 *
Ve
1e-07
28.6929251903049 107.598635967448 225.6250001
0 0

0101101
*
Ed
 1e-07 1 1 0
1  418 0 0 1.85
0

0101000
+146 4 -202 4 *
Ve
1e-07
28.6929251903049 107.598635967448 224.2250001
0 0

0101101
*
Ed
 1e-07 1 1 0
1  419 0 0 1.7
0

0101000
+144 4 -151 4 *
Ed
 1e-07 1 1 0
1  420 0 0 1.4
2  567 166 0 0 1.4
0

0101000
+146 4 -144 4 *
Wi

0101100
-145 0 -201 0 -149 0 +143 0 +142 0 *
Fa
0  1e-07 165 0

0101000
+141 0 *
Ve
1e-07
17.1792000089469 109.628816365384 225.6250001
0 0

0101101
*
Ed
 1e-07 1 1 0
1  421 0 0 4.18879020478639
2  568 166 0 0 4.18879020478639
0

0101000
+139 4 -146 4 *
Ed
 1e-07 1 1 0
1  422 0 0.100000000000002 1.95
0

0101000
+200 4 -139 4 *
Wi

0101100
+199 0 +145 0 +138 0 +137 0 *
Fa
0  1e-07 167 0

0101000
+136 0 *
Ve
1e-07
17.1792000089469 109.628816365384 224.2250001
0 0

0101101
*
Ed
 1e-07 1 1 0
1  423 0 0 1.4
2  569 166 0 0 1.4
0

0101000
+139 4 -134 4 *
Ed
 1e-07 1 1 0
1  424 0 0.249999999999999 1.95
0

0101000
+161 4 -134 4 *
Wi

0101100
-137 0 -133 0 +132 0 -160 0 +197 0 *
Fa
0  1e-07 168 0

0101000
+131 0 *
Ve
1.50000001776357e-07
28.0110263336316 108.966313486351 280.6250001
0 0

0101101
*
Ed
 1e-07 1 1 0
1  425 0 2.84488668075076 4.71238898038469
2  570 160 0 2.84488668075076 4.71238898038469
0

0101000
+129 4 -184 4 *
Ve
1.00000007160723e-07
28.0110263336316 108.966313486351 279.7250001
0 0

0101101
*
Ed
 1e-07 1 1 0
1  426 0 -1.4 -0.5
2  571 160 0 -1.4 -0.5
0

0101000
+129 4 -127 4 *
Ve
1.00000007160723e-07
29.0958880823789 105.525571602742 279.7250001
0 0

0101101
*
Ed
 1e-07 1 1 0
1  427 0 3.43829862642883 3.97935069454707
2  572 160 0 3.43829862642883 3.97935069454707
0

0101000
+127 4 -125 4 *
Ve
1.50000001986027e-07
29.0958880823789 105.525571602742 280.6250001
0 0

0101101
*
Ed
 1e-07 1 1 0
1  428 0 -1.4 -0.5
2  573 160 0 -1.4 -0.5
0

0101000
+123 4 -125 4 *
Ed
 1e-07 1 1 0
1  429 0 0 2.30383461263252
2  570 160 0 0 2.30383461263252
0

0101000
+166 4 -123 4 *
Wi

0101100
-190 0 -182 0 +128 0 -126 0 -124 0 +122 0 +121 0 +165 0 *
Fa
0  1e-07 160 0

0101000
+120 0 *
Ed
 1.5e-07 1 1 0
1  430 0 1.16041061856931 2.86041061856931
0

0101000
+179 4 -129 4 *
Wi

0101100
+183 0 -178 0 +118 0 +128 0 *
Fa
0  1e-07 169 0

0111000
+117 0 *
Ve
1e-07
28.1368269188234 109.048009341604 279.7250001
0 0

0101101
*
Ed
 1e-07 1 1 0
1  431 0 0 0.150000000000001
0

0101000
+115 4 -127 4 *
Ve
1.00000000888178e-07
26.6272198965217 108.067659078577 281.9250001
0 0

0101101
*
Ed
 1e-07 1 1 0
1  432 0 0.25 1.4
2  574 162 0 0.25 1.4
0

0101000
+177 4 -113 4 *
Ve
1.00000040399916e-07
26.4175522545353 107.931499319823 282.1750001
0 0

0101101
*
Ed
 1e-07 1 1 0
1  433 0 9.50060958337164e-18 1.5707963267949
2  575 171 0 9.50060958337164e-18 1.5707963267949
0

0101000
+113 4 -111 4 *
Ve
1e-07
28.1368269188234 109.048009341604 282.1750001
0 0

0101101
*
Ed
 1e-07 1 1 0
1  434 0 0 2.05
0

0101000
+109 4 -111 4 *
Ed
 1e-07 1 1 0
1  435 0 0 2.45
2  576 172 0 0 2.45
0

0101000
+115 4 -109 4 *
Wi

0101100
-114 0 +126 0 +118 0 -176 0 -112 0 -110 0 +108 0 +107 0 *
Fa
0  1e-07 170 0

0101000
+106 0 *
Ve
1.00000003662053e-07
27.4468932177974 105.467987433183 281.9250001
0 0

0101101
*
Ed
 1e-07 1 1 0
1  436 0 0 5.74213323906134
2  577 162 0 0 5.74213323906134
2  578 171 0 0 5.74213323906134
0

0101000
+104 4 -113 4 *
Ed
 1e-07 1 1 0
1  437 0 0.25 1.4
2  579 162 0 0.25 1.4
0

0101000
+175 4 -104 4 *
Wi

0101100
+103 0 -112 0 -174 0 +102 0 *
Fa
0  1e-07 162 0

0111000
+101 0 *
Ve
1e-07
29.2457967064318 105.530806527247 279.7250001
0 0

0101101
*
Ed
 1e-07 1 1 0
1  438 0 1.95 2.1
0

0101000
+125 4 -99 4 *
Ve
1e-07
29.2457967064318 105.530806527247 282.1750001
0 0

0101101
*
Ed
 1e-07 1 1 0
1  439 0 0 2.45
2  580 172 0 0 2.45
0

0101000
+99 4 -97 4 *
Ve
1.00000021334778e-07
27.1970455110426 105.459262559007 282.1750001
0 0

0101101
*
Ed
 1e-07 1 1 0
1  440 0 0.0499999999999957 2.1
0

0101000
+95 4 -97 4 *
Ed
 1e-07 1 1 0
1  441 0 1.57079632679489 3.14159265358979
2  581 171 0 1.57079632679489 3.14159265358979
0

0101000
+95 4 -104 4 *
Ed
 1.5e-07 1 1 0
1  442 0 -3.85281653972263 -2.15281653972262
0

0101000
+123 4 -173 4 *
Wi

0101100
-98 0 -96 0 +94 0 -93 0 +102 0 -172 0 +92 0 -122 0 *
Fa
0  1e-07 173 0

0101000
+91 0 *
Wi

0101100
+92 0 +121 0 +164 0 +170 0 *
Fa
0  1e-07 174 0

0101000
+89 0 *
Ve
1.50000003768222e-07
19.4973267332503 99.1724224375026 224.2250001
0 0

0101101
*
Ed
 1.5e-07 1 1 0
1  443 0 1.85482678910448 3.55482678910448
0

0101000
+159 4 -87 4 *
Ed
 1e-07 1 1 0
1  444 0 0 1.83259571459405
2  582 166 0 0 1.83259571459405
0

0101000
+134 4 -87 4 *
Wi

0101100
-158 0 -86 0 +85 0 +132 0 *
Fa
0  1e-07 175 0

0101000
+84 0 *
Ve
1.00000001332268e-07
19.4973267332503 99.1724224375026 225.1250001
0 0

0101101
*
Ve
1.00000000496507e-07
19.4339339939892 99.0364762694471 225.1250001
0 0

0101101
*
Ed
 1e-07 1 1 0
1  445 0 1.95 2.1
0

0101000
+82 4 -81 4 *
Ve
1.00000000496507e-07
19.4339339939892 99.0364762694471 222.6750001
0 0

0101101
*
Ed
 1.00000000496507e-07 1 1 0
1  446 0 0 2.45
2  583 177 0 0 2.45
0

0101000
+81 4 -79 4 *
Ve
1.00000010731901e-07
20.3003014305576 100.894407232872 222.6750001
0 0

0101101
*
Ed
 1e-07 1 1 0
1  447 0 0.0499999999999996 2.1
0

0101000
+77 4 -79 4 *
Ve
1.00000001256074e-07
20.1946468651224 100.667830286113 222.9250001
0 0

0101101
*
Ed
 1e-07 1 1 0
1  448 0 4.71238898038469 6.28318530717959
2  584 178 0 4.71238898038469 6.28318530717959
0

0101000
+77 4 -75 4 *
Ed
 1e-07 1 1 0
1  449 0 0.25 1.4
2  585 164 0 0.25 1.4
0

0101000
+157 4 -75 4 *
Ed
 1e-07 1 1 0
1  450 0 -1.4 -0.5
2  586 166 0 -1.4 -0.5
0

0101000
+87 4 -82 4 *
Wi

0101100
-80 0 -78 0 +76 0 -74 0 +73 0 -156 0 -86 0 -72 0 *
Fa
0  1e-07 176 0

0101000
+71 0 *
Ve
1.00000000222045e-07
23.5838016675583 100.341491795992 222.9250001
0 0

0101101
*
Ed
 1e-07 1 1 0
1  451 0 0 5.6025068989018
2  587 164 0 0 5.6025068989018
2  588 178 0 0 5.6025068989018
0

0101000
+69 4 -75 4 *
Ed
 1e-07 1 1 0
1  452 0 0.25 1.4
2  589 164 0 0.25 1.4
0

0101000
+155 4 -69 4 *
Wi

0101100
+68 0 -73 0 -154 0 +67 0 *
Fa
0  1e-07 164 0

0111000
+66 0 *
Ve
1e-07
24.0192610796377 98.5949594886956 225.1250001
0 0

0101101
*
Ve
1.00000002808667e-07
23.9829727952978 98.740503847637 225.1250001
0 0

0101101
*
Ed
 1e-07 1 1 0
1  453 0 0 0.150000000000003
0

0101000
+64 4 -63 4 *
Ve
1.50000004720733e-07
23.9829727952978 98.740503847637 224.2250001
0 0

0101101
*
Ed
 1e-07 1 1 0
1  454 0 -1.4 -0.5
2  590 166 0 -1.4 -0.5
0

0101000
+61 4 -63 4 *
Ed
 1.5e-07 1 1 0
1  455 0 -2.54794755965528 -0.847947559655277
0

0101000
+61 4 -153 4 *
Ve
1.00000050844336e-07
23.5233211936584 100.584065727561 222.6750001
0 0

0101101
*
Ed
 1e-07 1 1 0
1  456 0 3.14159265358979 4.71238898038469
2  591 178 0 3.14159265358979 4.71238898038469
0

0101000
+69 4 -58 4 *
Ve
1e-07
24.0192610796377 98.5949594886956 222.6750001
0 0

0101101
*
Ed
 1e-07 1 1 0
1  457 0 0 2.05
0

0101000
+56 4 -58 4 *
Ed
 1e-07 1 1 0
1  458 0 0 2.45
2  592 177 0 0 2.45
0

0101000
+64 4 -56 4 *
Wi

0101100
-62 0 +60 0 -59 0 -152 0 -67 0 -57 0 +55 0 +54 0 *
Fa
0  1e-07 179 0

0101000
+53 0 *
Ed
 1e-07 1 1 0
1  459 0 2.51327412287183 4.18879020478639
2  582 166 0 2.51327412287183 4.18879020478639
0

0101000
+61 4 -144 4 *
Wi

0101100
-150 0 +143 0 +51 0 -59 0 *
Fa
0  1e-07 180 0

0101000
+50 0 *
Ed
 1e-07 1 1 0
1  460 0 1.83259571459405 2.51327412287183
2  593 166 0 1.83259571459405 2.51327412287183
0

0101000
+82 4 -63 4 *
Wi

0101100
-138 0 -142 0 +51 0 -60 0 +48 0 +72 0 +85 0 +133 0 *
Fa
0  1e-07 166 0

0101000
+47 0 *
Ed
 1e-07 1 1 0
1  461 0 0 0.541052068118243
2  594 172 0 0 0.541052068118243
0

0101000
+99 4 -115 4 *
Wi

0101100
+124 0 +114 0 +45 0 +98 0 *
Fa
0  1e-07 181 0

0101000
+44 0 *
Ed
 1e-07 1 1 0
1  462 0 0 5.74213323906134
2  595 171 0 0 5.74213323906134
0

0101000
+111 4 -95 4 *
Wi

0101100
-42 0 -110 0 -103 0 -93 0 *
Fa
0  1e-07 171 0

0111000
+41 0 *
Ed
 1e-07 1 1 0
1  463 0 0 0.541052068118243
2  596 172 0 0 0.541052068118243
0

0101000
+97 4 -109 4 *
Wi

0101100
+42 0 +94 0 +39 0 +108 0 *
Ve
1.00000000783774e-07
22.35 108.49 282.1750001
0 0

0101101
*
Ed
 1e-07 1 1 0
1  464 0 0 6.28318530717959
2  597 183 0 0 6.28318530717959
0

0101000
+37 4 -37 4 *
Wi

0101100
-36 0 *
Fa
0  1e-07 182 0

0101000
+38 0 +35 0 *
Wi

0101100
+96 0 -107 0 -45 0 +39 0 *
Fa
0  1e-07 172 0

0101000
+33 0 *
Ed
 1e-07 1 1 0
1  465 0 0 0.680678408277788
2  598 177 0 0 0.680678408277788
0

0101000
+81 4 -64 4 *
Wi

0101100
-48 0 +62 0 +31 0 +80 0 *
Fa
0  1e-07 184 0

0101000
+30 0 *
Ed
 1e-07 1 1 0
1  466 0 0 0.680678408277788
2  599 177 0 0 0.680678408277788
0

0101000
+79 4 -56 4 *
Wi

0101100
+78 0 -54 0 -31 0 +28 0 *
Fa
0  1e-07 177 0

0101000
+27 0 *
Ed
 1e-07 1 1 0
1  467 0 0 5.60250689890181
2  600 178 0 0 5.60250689890181
0

0101000
+77 4 -58 4 *
Wi

0101100
+25 0 -55 0 -28 0 -76 0 *
Ve
1.00000000783774e-07
22.35 108.49 222.6750001
0 0

0101101
*
Ed
 1e-07 1 1 0
1  468 0 0 6.28318530717959
2  601 186 0 0 6.28318530717959
0

0101000
+23 4 -23 4 *
Wi

0101100
-22 0 *
Fa
0  1e-07 185 0

0101000
+24 0 +21 0 *
Wi

0101100
-25 0 +74 0 -68 0 +57 0 *
Fa
0  1e-07 178 0

0111000
+19 0 *
Ve
1e-07
22.35 108.49 274.6750001
0 0

0101101
*
Ed
 1e-07 1 1 0
1  469 0 0 7.5
3  602 603C0 183 0 0 7.5
0

0101000
+17 4 -37 4 *
Ed
 1e-07 1 1 0
1  470 0 0 6.28318530717959
2  604 183 0 0 6.28318530717959
0

0101000
+17 4 -17 4 *
Wi

0101100
-36 0 -16 0 +15 0 +16 0 *
Fa
0  1e-07 183 0

0111000
+14 0 *
Ve
1e-07
22.35 108.49 230.1750001
0 0

0101101
*
Ed
 1e-07 1 1 0
1  471 0 0 7.5
3  605 606C0 186 0 0 7.5
0

0101000
+12 4 -23 4 *
Ed
 1e-07 1 1 0
1  472 0 0 6.28318530717959
2  607 186 0 0 6.28318530717959
0

0101000
+12 4 -12 4 *
Wi

0101100
-22 0 -11 0 +10 0 +11 0 *
Fa
0  1e-07 186 0

0111000
+9 0 *
Wi

0101100
-15 0 *
Fa
0  1e-07 187 0

0101000
-7 0 *
Wi

0101100
-10 0 *
Fa
0  1e-07 188 0

0101000
-5 0 *
Sh

0101100
-1126 0 -1091 0 +1059 0 -1026 0 -1021 0 -988 0 -981 0 +975 0 +973 0 -966 0 
-933 0 +930 0 +926 0 -911 0 +877 0 -870 0 -862 0 -857 0 -849 0 -846 0 
-843 0 +840 0 -837 0 -834 0 -832 0 -822 0 -819 0 -816 0 -811 0 -808 0 
+803 0 -796 0 +791 0 -787 0 -784 0 -781 0 -772 0 +769 0 +766 0 -763 0 
-760 0 -757 0 -754 0 -752 0 -744 0 -739 0 -731 0 -728 0 +721 0 -716 0 
+711 0 -706 0 +701 0 -696 0 +691 0 +688 0 -681 0 -676 0 +671 0 +666 0 
-661 0 +656 0 -651 0 +646 0 -641 0 -636 0 +631 0 -627 0 +625 0 +620 0 
-611 0 -608 0 -606 0 +601 0 +599 0 -594 0 -589 0 +584 0 +577 0 -568 0 
+563 0 -558 0 -553 0 +546 0 -541 0 +536 0 +531 0 +526 5 -521 0 -516 0 
-513 0 +506 0 -501 0 +496 0 +491 0 -486 0 +481 0 -476 5 -471 0 +466 0 
+461 0 -456 0 +453 0 -448 0 -443 0 +438 0 -433 0 -428 0 -423 0 -416 0 
+411 0 +408 0 +403 0 -398 0 -393 0 -386 0 +381 0 -376 0 +371 0 -366 0 
+361 0 -356 0 -353 0 +334 0 -331 0 +328 0 -325 0 +322 0 -319 0 +316 0 
+313 0 -310 0 +308 0 +303 0 -298 0 +293 0 -288 0 +283 0 +278 0 +273 0 
+268 0 -263 0 -260 0 +258 0 +253 0 +248 0 +243 0 +238 0 -236 0 -234 0 
+229 0 -227 0 -225 0 +220 0 +207 0 +194 0 -187 0 -180 0 -167 0 -162 0 
-147 0 +140 0 +135 0 +130 0 -119 0 +116 0 -105 0 +100 0 -90 0 +88 0 
-83 0 +70 0 +65 0 +52 0 -49 0 +46 0 -43 0 +40 0 +34 0 -32 0 
+29 0 +26 0 +20 0 +18 0 -13 0 -8 0 +6 0 +4 0 *
So

0100000
+3 0 *
Co

0100000
+2 0 *

+1 3 