ISO-10303-21;
HEADER;
FILE_DESCRIPTION(('Open CASCADE Model'),'2;1');
FILE_NAME('Open CASCADE Shape Model','1970-01-01T00:00:00',('Author'),(
    'Open CASCADE'),'Open CASCADE STEP processor 7.8','Open CASCADE 7.8'
  ,'Unknown');
FILE_SCHEMA(('AUTOMOTIVE_DESIGN { 1 0 10303 214 1 1 1 1 }'));
ENDSEC;
DATA;
#1 = APPLICATION_PROTOCOL_DEFINITION('international standard',
  'automotive_design',2000,#2);
#2 = APPLICATION_CONTEXT(
  'core data for automotive mechanical design processes');
#3 = SHAPE_DEFINITION_REPRESENTATION(#4,#10);
#4 = PRODUCT_DEFINITION_SHAPE('','',#5);
#5 = PRODUCT_DEFINITION('design','',#6,#9);
#6 = PRODUCT_DEFINITION_FORMATION('','',#7);
#7 = PRODUCT('Open CASCADE STEP translator 7.8 1',
  'Open CASCADE STEP translator 7.8 1','',(#8));
#8 = PRODUCT_CONTEXT('',#2,'mechanical');
#9 = PRODUCT_DEFINITION_CONTEXT('part definition',#2,'design');
#10 = SHAPE_REPRESENTATION('',(#11,#15),#19);
#11 = AXIS2_PLACEMENT_3D('',#12,#13,#14);
#12 = CARTESIAN_POINT('',(0.,0.,0.));
#13 = DIRECTION('',(0.,0.,1.));
#14 = DIRECTION('',(1.,0.,-0.));
#15 = AXIS2_PLACEMENT_3D('',#16,#17,#18);
#16 = CARTESIAN_POINT('',(0.,0.,0.));
#17 = DIRECTION('',(0.,0.,1.));
#18 = DIRECTION('',(1.,0.,-0.));
#19 = ( GEOMETRIC_REPRESENTATION_CONTEXT(3) 
GLOBAL_UNCERTAINTY_ASSIGNED_CONTEXT((#23)) GLOBAL_UNIT_ASSIGNED_CONTEXT(
(#20,#21,#22)) REPRESENTATION_CONTEXT('Context #1',
  '3D Context with UNIT and UNCERTAINTY') );
#20 = ( LENGTH_UNIT() NAMED_UNIT(*) SI_UNIT(.MILLI.,.METRE.) );
#21 = ( NAMED_UNIT(*) PLANE_ANGLE_UNIT() SI_UNIT($,.RADIAN.) );
#22 = ( NAMED_UNIT(*) SI_UNIT($,.STERADIAN.) SOLID_ANGLE_UNIT() );
#23 = UNCERTAINTY_MEASURE_WITH_UNIT(LENGTH_MEASURE(1.E-07),#20,
  'distance_accuracy_value','confusion accuracy');
#24 = PRODUCT_RELATED_PRODUCT_CATEGORY('part',$,(#7));
#25 = SHAPE_DEFINITION_REPRESENTATION(#26,#32);
#26 = PRODUCT_DEFINITION_SHAPE('','',#27);
#27 = PRODUCT_DEFINITION('design','',#28,#31);
#28 = PRODUCT_DEFINITION_FORMATION('','',#29);
#29 = PRODUCT('molex-micro-fit-4-panel','molex-micro-fit-4-panel','',(
    #30));
#30 = PRODUCT_CONTEXT('',#2,'mechanical');
#31 = PRODUCT_DEFINITION_CONTEXT('part definition',#2,'design');
#32 = ADVANCED_BREP_SHAPE_REPRESENTATION('',(#11,#33),#2947);
#33 = MANIFOLD_SOLID_BREP('',#34);
#34 = CLOSED_SHELL('',(#35,#153,#653,#866,#1025,#1203,#1230,#1306,#1355,
    #1404,#1431,#1507,#1556,#1605,#1632,#1708,#1757,#1806,#1833,#1909,
    #1958,#2007,#2034,#2061,#2147,#2246,#2272,#2341,#2391,#2440,#2510,
    #2559,#2586,#2684,#2710,#2760,#2767,#2774,#2781,#2788,#2879,#2906,
    #2933,#2940));
#35 = ADVANCED_FACE('',(#36),#50,.F.);
#36 = FACE_BOUND('',#37,.F.);
#37 = EDGE_LOOP('',(#38,#73,#101,#127));
#38 = ORIENTED_EDGE('',*,*,#39,.F.);
#39 = EDGE_CURVE('',#40,#42,#44,.T.);
#40 = VERTEX_POINT('',#41);
#41 = CARTESIAN_POINT('',(-3.425,8.38,-3.425));
#42 = VERTEX_POINT('',#43);
#43 = CARTESIAN_POINT('',(3.425,8.38,-3.425));
#44 = SURFACE_CURVE('',#45,(#49,#61),.PCURVE_S1.);
#45 = LINE('',#46,#47);
#46 = CARTESIAN_POINT('',(-3.425,8.38,-3.425));
#47 = VECTOR('',#48,1.);
#48 = DIRECTION('',(1.,0.,0.));
#49 = PCURVE('',#50,#55);
#50 = PLANE('',#51);
#51 = AXIS2_PLACEMENT_3D('',#52,#53,#54);
#52 = CARTESIAN_POINT('',(-3.425,8.38,-3.425));
#53 = DIRECTION('',(-0.,0.,1.));
#54 = DIRECTION('',(1.,0.,0.));
#55 = DEFINITIONAL_REPRESENTATION('',(#56),#60);
#56 = LINE('',#57,#58);
#57 = CARTESIAN_POINT('',(0.,0.));
#58 = VECTOR('',#59,1.);
#59 = DIRECTION('',(1.,0.));
#60 = ( GEOMETRIC_REPRESENTATION_CONTEXT(2) 
PARAMETRIC_REPRESENTATION_CONTEXT() REPRESENTATION_CONTEXT('2D SPACE',''
  ) );
#61 = PCURVE('',#62,#67);
#62 = PLANE('',#63);
#63 = AXIS2_PLACEMENT_3D('',#64,#65,#66);
#64 = CARTESIAN_POINT('',(1.296610831679E-16,8.38,-1.296610831679E-16));
#65 = DIRECTION('',(-0.,-1.,-0.));
#66 = DIRECTION('',(0.,0.,-1.));
#67 = DEFINITIONAL_REPRESENTATION('',(#68),#72);
#68 = LINE('',#69,#70);
#69 = CARTESIAN_POINT('',(3.425,-3.425));
#70 = VECTOR('',#71,1.);
#71 = DIRECTION('',(0.,1.));
#72 = ( GEOMETRIC_REPRESENTATION_CONTEXT(2) 
PARAMETRIC_REPRESENTATION_CONTEXT() REPRESENTATION_CONTEXT('2D SPACE',''
  ) );
#73 = ORIENTED_EDGE('',*,*,#74,.T.);
#74 = EDGE_CURVE('',#40,#75,#77,.T.);
#75 = VERTEX_POINT('',#76);
#76 = CARTESIAN_POINT('',(-3.425,0.6,-3.425));
#77 = SURFACE_CURVE('',#78,(#82,#89),.PCURVE_S1.);
#78 = LINE('',#79,#80);
#79 = CARTESIAN_POINT('',(-3.425,8.38,-3.425));
#80 = VECTOR('',#81,1.);
#81 = DIRECTION('',(0.,-1.,0.));
#82 = PCURVE('',#50,#83);
#83 = DEFINITIONAL_REPRESENTATION('',(#84),#88);
#84 = LINE('',#85,#86);
#85 = CARTESIAN_POINT('',(0.,0.));
#86 = VECTOR('',#87,1.);
#87 = DIRECTION('',(0.,-1.));
#88 = ( GEOMETRIC_REPRESENTATION_CONTEXT(2) 
PARAMETRIC_REPRESENTATION_CONTEXT() REPRESENTATION_CONTEXT('2D SPACE',''
  ) );
#89 = PCURVE('',#90,#95);
#90 = PLANE('',#91);
#91 = AXIS2_PLACEMENT_3D('',#92,#93,#94);
#92 = CARTESIAN_POINT('',(-3.425,8.38,3.425));
#93 = DIRECTION('',(1.,0.,0.));
#94 = DIRECTION('',(0.,0.,-1.));
#95 = DEFINITIONAL_REPRESENTATION('',(#96),#100);
#96 = LINE('',#97,#98);
#97 = CARTESIAN_POINT('',(6.85,0.));
#98 = VECTOR('',#99,1.);
#99 = DIRECTION('',(0.,-1.));
#100 = ( GEOMETRIC_REPRESENTATION_CONTEXT(2) 
PARAMETRIC_REPRESENTATION_CONTEXT() REPRESENTATION_CONTEXT('2D SPACE',''
  ) );
#101 = ORIENTED_EDGE('',*,*,#102,.F.);
#102 = EDGE_CURVE('',#103,#75,#105,.T.);
#103 = VERTEX_POINT('',#104);
#104 = CARTESIAN_POINT('',(3.425,0.6,-3.425));
#105 = SURFACE_CURVE('',#106,(#110,#116),.PCURVE_S1.);
#106 = LINE('',#107,#108);
#107 = CARTESIAN_POINT('',(-4.7125,0.6,-3.425));
#108 = VECTOR('',#109,1.);
#109 = DIRECTION('',(-1.,0.,0.));
#110 = PCURVE('',#50,#111);
#111 = DEFINITIONAL_REPRESENTATION('',(#112),#115);
#112 = B_SPLINE_CURVE_WITH_KNOTS('',1,(#113,#114),.UNSPECIFIED.,.F.,.F.,
  (2,2),(-8.1375,-1.2875),.PIECEWISE_BEZIER_KNOTS.);
#113 = CARTESIAN_POINT('',(6.85,-7.78));
#114 = CARTESIAN_POINT('',(0.,-7.78));
#115 = ( GEOMETRIC_REPRESENTATION_CONTEXT(2) 
PARAMETRIC_REPRESENTATION_CONTEXT() REPRESENTATION_CONTEXT('2D SPACE',''
  ) );
#116 = PCURVE('',#117,#122);
#117 = PLANE('',#118);
#118 = AXIS2_PLACEMENT_3D('',#119,#120,#121);
#119 = CARTESIAN_POINT('',(-6.,0.6,-4.105));
#120 = DIRECTION('',(-0.,1.,0.));
#121 = DIRECTION('',(0.,0.,1.));
#122 = DEFINITIONAL_REPRESENTATION('',(#123),#126);
#123 = B_SPLINE_CURVE_WITH_KNOTS('',1,(#124,#125),.UNSPECIFIED.,.F.,.F.,
  (2,2),(-8.1375,-1.2875),.PIECEWISE_BEZIER_KNOTS.);
#124 = CARTESIAN_POINT('',(0.68,9.425));
#125 = CARTESIAN_POINT('',(0.68,2.575));
#126 = ( GEOMETRIC_REPRESENTATION_CONTEXT(2) 
PARAMETRIC_REPRESENTATION_CONTEXT() REPRESENTATION_CONTEXT('2D SPACE',''
  ) );
#127 = ORIENTED_EDGE('',*,*,#128,.F.);
#128 = EDGE_CURVE('',#42,#103,#129,.T.);
#129 = SURFACE_CURVE('',#130,(#134,#141),.PCURVE_S1.);
#130 = LINE('',#131,#132);
#131 = CARTESIAN_POINT('',(3.425,8.38,-3.425));
#132 = VECTOR('',#133,1.);
#133 = DIRECTION('',(0.,-1.,0.));
#134 = PCURVE('',#50,#135);
#135 = DEFINITIONAL_REPRESENTATION('',(#136),#140);
#136 = LINE('',#137,#138);
#137 = CARTESIAN_POINT('',(6.85,0.));
#138 = VECTOR('',#139,1.);
#139 = DIRECTION('',(0.,-1.));
#140 = ( GEOMETRIC_REPRESENTATION_CONTEXT(2) 
PARAMETRIC_REPRESENTATION_CONTEXT() REPRESENTATION_CONTEXT('2D SPACE',''
  ) );
#141 = PCURVE('',#142,#147);
#142 = PLANE('',#143);
#143 = AXIS2_PLACEMENT_3D('',#144,#145,#146);
#144 = CARTESIAN_POINT('',(3.425,8.38,-3.425));
#145 = DIRECTION('',(-1.,0.,0.));
#146 = DIRECTION('',(0.,0.,1.));
#147 = DEFINITIONAL_REPRESENTATION('',(#148),#152);
#148 = LINE('',#149,#150);
#149 = CARTESIAN_POINT('',(0.,0.));
#150 = VECTOR('',#151,1.);
#151 = DIRECTION('',(0.,-1.));
#152 = ( GEOMETRIC_REPRESENTATION_CONTEXT(2) 
PARAMETRIC_REPRESENTATION_CONTEXT() REPRESENTATION_CONTEXT('2D SPACE',''
  ) );
#153 = ADVANCED_FACE('',(#154,#229,#335,#441,#547),#62,.F.);
#154 = FACE_BOUND('',#155,.F.);
#155 = EDGE_LOOP('',(#156,#157,#180,#208));
#156 = ORIENTED_EDGE('',*,*,#39,.T.);
#157 = ORIENTED_EDGE('',*,*,#158,.T.);
#158 = EDGE_CURVE('',#42,#159,#161,.T.);
#159 = VERTEX_POINT('',#160);
#160 = CARTESIAN_POINT('',(3.425,8.38,3.425));
#161 = SURFACE_CURVE('',#162,(#166,#173),.PCURVE_S1.);
#162 = LINE('',#163,#164);
#163 = CARTESIAN_POINT('',(3.425,8.38,-3.425));
#164 = VECTOR('',#165,1.);
#165 = DIRECTION('',(0.,0.,1.));
#166 = PCURVE('',#62,#167);
#167 = DEFINITIONAL_REPRESENTATION('',(#168),#172);
#168 = LINE('',#169,#170);
#169 = CARTESIAN_POINT('',(3.425,3.425));
#170 = VECTOR('',#171,1.);
#171 = DIRECTION('',(-1.,0.));
#172 = ( GEOMETRIC_REPRESENTATION_CONTEXT(2) 
PARAMETRIC_REPRESENTATION_CONTEXT() REPRESENTATION_CONTEXT('2D SPACE',''
  ) );
#173 = PCURVE('',#142,#174);
#174 = DEFINITIONAL_REPRESENTATION('',(#175),#179);
#175 = LINE('',#176,#177);
#176 = CARTESIAN_POINT('',(0.,0.));
#177 = VECTOR('',#178,1.);
#178 = DIRECTION('',(1.,0.));
#179 = ( GEOMETRIC_REPRESENTATION_CONTEXT(2) 
PARAMETRIC_REPRESENTATION_CONTEXT() REPRESENTATION_CONTEXT('2D SPACE',''
  ) );
#180 = ORIENTED_EDGE('',*,*,#181,.T.);
#181 = EDGE_CURVE('',#159,#182,#184,.T.);
#182 = VERTEX_POINT('',#183);
#183 = CARTESIAN_POINT('',(-3.425,8.38,3.425));
#184 = SURFACE_CURVE('',#185,(#189,#196),.PCURVE_S1.);
#185 = LINE('',#186,#187);
#186 = CARTESIAN_POINT('',(3.425,8.38,3.425));
#187 = VECTOR('',#188,1.);
#188 = DIRECTION('',(-1.,0.,0.));
#189 = PCURVE('',#62,#190);
#190 = DEFINITIONAL_REPRESENTATION('',(#191),#195);
#191 = LINE('',#192,#193);
#192 = CARTESIAN_POINT('',(-3.425,3.425));
#193 = VECTOR('',#194,1.);
#194 = DIRECTION('',(0.,-1.));
#195 = ( GEOMETRIC_REPRESENTATION_CONTEXT(2) 
PARAMETRIC_REPRESENTATION_CONTEXT() REPRESENTATION_CONTEXT('2D SPACE',''
  ) );
#196 = PCURVE('',#197,#202);
#197 = PLANE('',#198);
#198 = AXIS2_PLACEMENT_3D('',#199,#200,#201);
#199 = CARTESIAN_POINT('',(3.425,8.38,3.425));
#200 = DIRECTION('',(-0.,-0.,-1.));
#201 = DIRECTION('',(-1.,0.,0.));
#202 = DEFINITIONAL_REPRESENTATION('',(#203),#207);
#203 = LINE('',#204,#205);
#204 = CARTESIAN_POINT('',(0.,0.));
#205 = VECTOR('',#206,1.);
#206 = DIRECTION('',(1.,0.));
#207 = ( GEOMETRIC_REPRESENTATION_CONTEXT(2) 
PARAMETRIC_REPRESENTATION_CONTEXT() REPRESENTATION_CONTEXT('2D SPACE',''
  ) );
#208 = ORIENTED_EDGE('',*,*,#209,.T.);
#209 = EDGE_CURVE('',#182,#40,#210,.T.);
#210 = SURFACE_CURVE('',#211,(#215,#222),.PCURVE_S1.);
#211 = LINE('',#212,#213);
#212 = CARTESIAN_POINT('',(-3.425,8.38,3.425));
#213 = VECTOR('',#214,1.);
#214 = DIRECTION('',(0.,0.,-1.));
#215 = PCURVE('',#62,#216);
#216 = DEFINITIONAL_REPRESENTATION('',(#217),#221);
#217 = LINE('',#218,#219);
#218 = CARTESIAN_POINT('',(-3.425,-3.425));
#219 = VECTOR('',#220,1.);
#220 = DIRECTION('',(1.,0.));
#221 = ( GEOMETRIC_REPRESENTATION_CONTEXT(2) 
PARAMETRIC_REPRESENTATION_CONTEXT() REPRESENTATION_CONTEXT('2D SPACE',''
  ) );
#222 = PCURVE('',#90,#223);
#223 = DEFINITIONAL_REPRESENTATION('',(#224),#228);
#224 = LINE('',#225,#226);
#225 = CARTESIAN_POINT('',(0.,0.));
#226 = VECTOR('',#227,1.);
#227 = DIRECTION('',(1.,0.));
#228 = ( GEOMETRIC_REPRESENTATION_CONTEXT(2) 
PARAMETRIC_REPRESENTATION_CONTEXT() REPRESENTATION_CONTEXT('2D SPACE',''
  ) );
#229 = FACE_BOUND('',#230,.F.);
#230 = EDGE_LOOP('',(#231,#259,#285,#311));
#231 = ORIENTED_EDGE('',*,*,#232,.T.);
#232 = EDGE_CURVE('',#233,#235,#237,.T.);
#233 = VERTEX_POINT('',#234);
#234 = CARTESIAN_POINT('',(-0.535,8.38,2.465));
#235 = VERTEX_POINT('',#236);
#236 = CARTESIAN_POINT('',(-0.535,8.38,0.535));
#237 = SURFACE_CURVE('',#238,(#242,#248),.PCURVE_S1.);
#238 = LINE('',#239,#240);
#239 = CARTESIAN_POINT('',(-0.535,8.38,0.2675));
#240 = VECTOR('',#241,1.);
#241 = DIRECTION('',(0.,0.,-1.));
#242 = PCURVE('',#62,#243);
#243 = DEFINITIONAL_REPRESENTATION('',(#244),#247);
#244 = B_SPLINE_CURVE_WITH_KNOTS('',1,(#245,#246),.UNSPECIFIED.,.F.,.F.,
  (2,2),(-2.1975,-0.2675),.PIECEWISE_BEZIER_KNOTS.);
#245 = CARTESIAN_POINT('',(-2.465,-0.535));
#246 = CARTESIAN_POINT('',(-0.535,-0.535));
#247 = ( GEOMETRIC_REPRESENTATION_CONTEXT(2) 
PARAMETRIC_REPRESENTATION_CONTEXT() REPRESENTATION_CONTEXT('2D SPACE',''
  ) );
#248 = PCURVE('',#249,#254);
#249 = PLANE('',#250);
#250 = AXIS2_PLACEMENT_3D('',#251,#252,#253);
#251 = CARTESIAN_POINT('',(-0.535,8.39,0.535));
#252 = DIRECTION('',(-1.,0.,0.));
#253 = DIRECTION('',(0.,0.,1.));
#254 = DEFINITIONAL_REPRESENTATION('',(#255),#258);
#255 = B_SPLINE_CURVE_WITH_KNOTS('',1,(#256,#257),.UNSPECIFIED.,.F.,.F.,
  (2,2),(-2.1975,-0.2675),.PIECEWISE_BEZIER_KNOTS.);
#256 = CARTESIAN_POINT('',(1.93,-1.E-02));
#257 = CARTESIAN_POINT('',(0.,-1.E-02));
#258 = ( GEOMETRIC_REPRESENTATION_CONTEXT(2) 
PARAMETRIC_REPRESENTATION_CONTEXT() REPRESENTATION_CONTEXT('2D SPACE',''
  ) );
#259 = ORIENTED_EDGE('',*,*,#260,.T.);
#260 = EDGE_CURVE('',#235,#261,#263,.T.);
#261 = VERTEX_POINT('',#262);
#262 = CARTESIAN_POINT('',(-2.465,8.38,0.535));
#263 = SURFACE_CURVE('',#264,(#268,#274),.PCURVE_S1.);
#264 = LINE('',#265,#266);
#265 = CARTESIAN_POINT('',(-1.2325,8.38,0.535));
#266 = VECTOR('',#267,1.);
#267 = DIRECTION('',(-1.,0.,-0.));
#268 = PCURVE('',#62,#269);
#269 = DEFINITIONAL_REPRESENTATION('',(#270),#273);
#270 = B_SPLINE_CURVE_WITH_KNOTS('',1,(#271,#272),.UNSPECIFIED.,.F.,.F.,
  (2,2),(-0.6975,1.2325),.PIECEWISE_BEZIER_KNOTS.);
#271 = CARTESIAN_POINT('',(-0.535,-0.535));
#272 = CARTESIAN_POINT('',(-0.535,-2.465));
#273 = ( GEOMETRIC_REPRESENTATION_CONTEXT(2) 
PARAMETRIC_REPRESENTATION_CONTEXT() REPRESENTATION_CONTEXT('2D SPACE',''
  ) );
#274 = PCURVE('',#275,#280);
#275 = PLANE('',#276);
#276 = AXIS2_PLACEMENT_3D('',#277,#278,#279);
#277 = CARTESIAN_POINT('',(-2.465,8.39,0.535));
#278 = DIRECTION('',(-0.,0.,1.));
#279 = DIRECTION('',(1.,0.,0.));
#280 = DEFINITIONAL_REPRESENTATION('',(#281),#284);
#281 = B_SPLINE_CURVE_WITH_KNOTS('',1,(#282,#283),.UNSPECIFIED.,.F.,.F.,
  (2,2),(-0.6975,1.2325),.PIECEWISE_BEZIER_KNOTS.);
#282 = CARTESIAN_POINT('',(1.93,-1.E-02));
#283 = CARTESIAN_POINT('',(0.,-1.E-02));
#284 = ( GEOMETRIC_REPRESENTATION_CONTEXT(2) 
PARAMETRIC_REPRESENTATION_CONTEXT() REPRESENTATION_CONTEXT('2D SPACE',''
  ) );
#285 = ORIENTED_EDGE('',*,*,#286,.T.);
#286 = EDGE_CURVE('',#261,#287,#289,.T.);
#287 = VERTEX_POINT('',#288);
#288 = CARTESIAN_POINT('',(-2.465,8.38,2.465));
#289 = SURFACE_CURVE('',#290,(#294,#300),.PCURVE_S1.);
#290 = LINE('',#291,#292);
#291 = CARTESIAN_POINT('',(-2.465,8.38,1.2325));
#292 = VECTOR('',#293,1.);
#293 = DIRECTION('',(0.,0.,1.));
#294 = PCURVE('',#62,#295);
#295 = DEFINITIONAL_REPRESENTATION('',(#296),#299);
#296 = B_SPLINE_CURVE_WITH_KNOTS('',1,(#297,#298),.UNSPECIFIED.,.F.,.F.,
  (2,2),(-0.6975,1.2325),.PIECEWISE_BEZIER_KNOTS.);
#297 = CARTESIAN_POINT('',(-0.535,-2.465));
#298 = CARTESIAN_POINT('',(-2.465,-2.465));
#299 = ( GEOMETRIC_REPRESENTATION_CONTEXT(2) 
PARAMETRIC_REPRESENTATION_CONTEXT() REPRESENTATION_CONTEXT('2D SPACE',''
  ) );
#300 = PCURVE('',#301,#306);
#301 = PLANE('',#302);
#302 = AXIS2_PLACEMENT_3D('',#303,#304,#305);
#303 = CARTESIAN_POINT('',(-2.465,8.39,2.465));
#304 = DIRECTION('',(1.,0.,0.));
#305 = DIRECTION('',(0.,0.,-1.));
#306 = DEFINITIONAL_REPRESENTATION('',(#307),#310);
#307 = B_SPLINE_CURVE_WITH_KNOTS('',1,(#308,#309),.UNSPECIFIED.,.F.,.F.,
  (2,2),(-0.6975,1.2325),.PIECEWISE_BEZIER_KNOTS.);
#308 = CARTESIAN_POINT('',(1.93,-1.E-02));
#309 = CARTESIAN_POINT('',(0.,-1.E-02));
#310 = ( GEOMETRIC_REPRESENTATION_CONTEXT(2) 
PARAMETRIC_REPRESENTATION_CONTEXT() REPRESENTATION_CONTEXT('2D SPACE',''
  ) );
#311 = ORIENTED_EDGE('',*,*,#312,.T.);
#312 = EDGE_CURVE('',#287,#233,#313,.T.);
#313 = SURFACE_CURVE('',#314,(#318,#324),.PCURVE_S1.);
#314 = LINE('',#315,#316);
#315 = CARTESIAN_POINT('',(-0.2675,8.38,2.465));
#316 = VECTOR('',#317,1.);
#317 = DIRECTION('',(1.,0.,0.));
#318 = PCURVE('',#62,#319);
#319 = DEFINITIONAL_REPRESENTATION('',(#320),#323);
#320 = B_SPLINE_CURVE_WITH_KNOTS('',1,(#321,#322),.UNSPECIFIED.,.F.,.F.,
  (2,2),(-2.1975,-0.2675),.PIECEWISE_BEZIER_KNOTS.);
#321 = CARTESIAN_POINT('',(-2.465,-2.465));
#322 = CARTESIAN_POINT('',(-2.465,-0.535));
#323 = ( GEOMETRIC_REPRESENTATION_CONTEXT(2) 
PARAMETRIC_REPRESENTATION_CONTEXT() REPRESENTATION_CONTEXT('2D SPACE',''
  ) );
#324 = PCURVE('',#325,#330);
#325 = PLANE('',#326);
#326 = AXIS2_PLACEMENT_3D('',#327,#328,#329);
#327 = CARTESIAN_POINT('',(-0.535,8.39,2.465));
#328 = DIRECTION('',(-0.,-0.,-1.));
#329 = DIRECTION('',(-1.,0.,0.));
#330 = DEFINITIONAL_REPRESENTATION('',(#331),#334);
#331 = B_SPLINE_CURVE_WITH_KNOTS('',1,(#332,#333),.UNSPECIFIED.,.F.,.F.,
  (2,2),(-2.1975,-0.2675),.PIECEWISE_BEZIER_KNOTS.);
#332 = CARTESIAN_POINT('',(1.93,-1.E-02));
#333 = CARTESIAN_POINT('',(0.,-1.E-02));
#334 = ( GEOMETRIC_REPRESENTATION_CONTEXT(2) 
PARAMETRIC_REPRESENTATION_CONTEXT() REPRESENTATION_CONTEXT('2D SPACE',''
  ) );
#335 = FACE_BOUND('',#336,.F.);
#336 = EDGE_LOOP('',(#337,#365,#391,#417));
#337 = ORIENTED_EDGE('',*,*,#338,.T.);
#338 = EDGE_CURVE('',#339,#341,#343,.T.);
#339 = VERTEX_POINT('',#340);
#340 = CARTESIAN_POINT('',(-0.535,8.38,-0.535));
#341 = VERTEX_POINT('',#342);
#342 = CARTESIAN_POINT('',(-0.535,8.38,-2.465));
#343 = SURFACE_CURVE('',#344,(#348,#354),.PCURVE_S1.);
#344 = LINE('',#345,#346);
#345 = CARTESIAN_POINT('',(-0.535,8.38,-1.2325));
#346 = VECTOR('',#347,1.);
#347 = DIRECTION('',(0.,0.,-1.));
#348 = PCURVE('',#62,#349);
#349 = DEFINITIONAL_REPRESENTATION('',(#350),#353);
#350 = B_SPLINE_CURVE_WITH_KNOTS('',1,(#351,#352),.UNSPECIFIED.,.F.,.F.,
  (2,2),(-0.6975,1.2325),.PIECEWISE_BEZIER_KNOTS.);
#351 = CARTESIAN_POINT('',(0.535,-0.535));
#352 = CARTESIAN_POINT('',(2.465,-0.535));
#353 = ( GEOMETRIC_REPRESENTATION_CONTEXT(2) 
PARAMETRIC_REPRESENTATION_CONTEXT() REPRESENTATION_CONTEXT('2D SPACE',''
  ) );
#354 = PCURVE('',#355,#360);
#355 = PLANE('',#356);
#356 = AXIS2_PLACEMENT_3D('',#357,#358,#359);
#357 = CARTESIAN_POINT('',(-0.535,8.39,-2.465));
#358 = DIRECTION('',(-1.,0.,0.));
#359 = DIRECTION('',(0.,0.,1.));
#360 = DEFINITIONAL_REPRESENTATION('',(#361),#364);
#361 = B_SPLINE_CURVE_WITH_KNOTS('',1,(#362,#363),.UNSPECIFIED.,.F.,.F.,
  (2,2),(-0.6975,1.2325),.PIECEWISE_BEZIER_KNOTS.);
#362 = CARTESIAN_POINT('',(1.93,-1.E-02));
#363 = CARTESIAN_POINT('',(0.,-1.E-02));
#364 = ( GEOMETRIC_REPRESENTATION_CONTEXT(2) 
PARAMETRIC_REPRESENTATION_CONTEXT() REPRESENTATION_CONTEXT('2D SPACE',''
  ) );
#365 = ORIENTED_EDGE('',*,*,#366,.T.);
#366 = EDGE_CURVE('',#341,#367,#369,.T.);
#367 = VERTEX_POINT('',#368);
#368 = CARTESIAN_POINT('',(-2.465,8.38,-2.465));
#369 = SURFACE_CURVE('',#370,(#374,#380),.PCURVE_S1.);
#370 = LINE('',#371,#372);
#371 = CARTESIAN_POINT('',(-1.2325,8.38,-2.465));
#372 = VECTOR('',#373,1.);
#373 = DIRECTION('',(-1.,0.,-0.));
#374 = PCURVE('',#62,#375);
#375 = DEFINITIONAL_REPRESENTATION('',(#376),#379);
#376 = B_SPLINE_CURVE_WITH_KNOTS('',1,(#377,#378),.UNSPECIFIED.,.F.,.F.,
  (2,2),(-0.6975,1.2325),.PIECEWISE_BEZIER_KNOTS.);
#377 = CARTESIAN_POINT('',(2.465,-0.535));
#378 = CARTESIAN_POINT('',(2.465,-2.465));
#379 = ( GEOMETRIC_REPRESENTATION_CONTEXT(2) 
PARAMETRIC_REPRESENTATION_CONTEXT() REPRESENTATION_CONTEXT('2D SPACE',''
  ) );
#380 = PCURVE('',#381,#386);
#381 = PLANE('',#382);
#382 = AXIS2_PLACEMENT_3D('',#383,#384,#385);
#383 = CARTESIAN_POINT('',(-2.465,8.39,-2.465));
#384 = DIRECTION('',(-0.,0.,1.));
#385 = DIRECTION('',(1.,0.,0.));
#386 = DEFINITIONAL_REPRESENTATION('',(#387),#390);
#387 = B_SPLINE_CURVE_WITH_KNOTS('',1,(#388,#389),.UNSPECIFIED.,.F.,.F.,
  (2,2),(-0.6975,1.2325),.PIECEWISE_BEZIER_KNOTS.);
#388 = CARTESIAN_POINT('',(1.93,-1.E-02));
#389 = CARTESIAN_POINT('',(0.,-1.E-02));
#390 = ( GEOMETRIC_REPRESENTATION_CONTEXT(2) 
PARAMETRIC_REPRESENTATION_CONTEXT() REPRESENTATION_CONTEXT('2D SPACE',''
  ) );
#391 = ORIENTED_EDGE('',*,*,#392,.T.);
#392 = EDGE_CURVE('',#367,#393,#395,.T.);
#393 = VERTEX_POINT('',#394);
#394 = CARTESIAN_POINT('',(-2.465,8.38,-0.535));
#395 = SURFACE_CURVE('',#396,(#400,#406),.PCURVE_S1.);
#396 = LINE('',#397,#398);
#397 = CARTESIAN_POINT('',(-2.465,8.38,-0.2675));
#398 = VECTOR('',#399,1.);
#399 = DIRECTION('',(0.,0.,1.));
#400 = PCURVE('',#62,#401);
#401 = DEFINITIONAL_REPRESENTATION('',(#402),#405);
#402 = B_SPLINE_CURVE_WITH_KNOTS('',1,(#403,#404),.UNSPECIFIED.,.F.,.F.,
  (2,2),(-2.1975,-0.2675),.PIECEWISE_BEZIER_KNOTS.);
#403 = CARTESIAN_POINT('',(2.465,-2.465));
#404 = CARTESIAN_POINT('',(0.535,-2.465));
#405 = ( GEOMETRIC_REPRESENTATION_CONTEXT(2) 
PARAMETRIC_REPRESENTATION_CONTEXT() REPRESENTATION_CONTEXT('2D SPACE',''
  ) );
#406 = PCURVE('',#407,#412);
#407 = PLANE('',#408);
#408 = AXIS2_PLACEMENT_3D('',#409,#410,#411);
#409 = CARTESIAN_POINT('',(-2.465,8.39,-0.535));
#410 = DIRECTION('',(1.,0.,0.));
#411 = DIRECTION('',(0.,0.,-1.));
#412 = DEFINITIONAL_REPRESENTATION('',(#413),#416);
#413 = B_SPLINE_CURVE_WITH_KNOTS('',1,(#414,#415),.UNSPECIFIED.,.F.,.F.,
  (2,2),(-2.1975,-0.2675),.PIECEWISE_BEZIER_KNOTS.);
#414 = CARTESIAN_POINT('',(1.93,-1.E-02));
#415 = CARTESIAN_POINT('',(0.,-1.E-02));
#416 = ( GEOMETRIC_REPRESENTATION_CONTEXT(2) 
PARAMETRIC_REPRESENTATION_CONTEXT() REPRESENTATION_CONTEXT('2D SPACE',''
  ) );
#417 = ORIENTED_EDGE('',*,*,#418,.T.);
#418 = EDGE_CURVE('',#393,#339,#419,.T.);
#419 = SURFACE_CURVE('',#420,(#424,#430),.PCURVE_S1.);
#420 = LINE('',#421,#422);
#421 = CARTESIAN_POINT('',(-0.2675,8.38,-0.535));
#422 = VECTOR('',#423,1.);
#423 = DIRECTION('',(1.,0.,0.));
#424 = PCURVE('',#62,#425);
#425 = DEFINITIONAL_REPRESENTATION('',(#426),#429);
#426 = B_SPLINE_CURVE_WITH_KNOTS('',1,(#427,#428),.UNSPECIFIED.,.F.,.F.,
  (2,2),(-2.1975,-0.2675),.PIECEWISE_BEZIER_KNOTS.);
#427 = CARTESIAN_POINT('',(0.535,-2.465));
#428 = CARTESIAN_POINT('',(0.535,-0.535));
#429 = ( GEOMETRIC_REPRESENTATION_CONTEXT(2) 
PARAMETRIC_REPRESENTATION_CONTEXT() REPRESENTATION_CONTEXT('2D SPACE',''
  ) );
#430 = PCURVE('',#431,#436);
#431 = PLANE('',#432);
#432 = AXIS2_PLACEMENT_3D('',#433,#434,#435);
#433 = CARTESIAN_POINT('',(-0.535,8.39,-0.535));
#434 = DIRECTION('',(-0.,-0.,-1.));
#435 = DIRECTION('',(-1.,0.,0.));
#436 = DEFINITIONAL_REPRESENTATION('',(#437),#440);
#437 = B_SPLINE_CURVE_WITH_KNOTS('',1,(#438,#439),.UNSPECIFIED.,.F.,.F.,
  (2,2),(-2.1975,-0.2675),.PIECEWISE_BEZIER_KNOTS.);
#438 = CARTESIAN_POINT('',(1.93,-1.E-02));
#439 = CARTESIAN_POINT('',(0.,-1.E-02));
#440 = ( GEOMETRIC_REPRESENTATION_CONTEXT(2) 
PARAMETRIC_REPRESENTATION_CONTEXT() REPRESENTATION_CONTEXT('2D SPACE',''
  ) );
#441 = FACE_BOUND('',#442,.F.);
#442 = EDGE_LOOP('',(#443,#471,#497,#523));
#443 = ORIENTED_EDGE('',*,*,#444,.T.);
#444 = EDGE_CURVE('',#445,#447,#449,.T.);
#445 = VERTEX_POINT('',#446);
#446 = CARTESIAN_POINT('',(2.465,8.38,2.465));
#447 = VERTEX_POINT('',#448);
#448 = CARTESIAN_POINT('',(2.465,8.38,0.535));
#449 = SURFACE_CURVE('',#450,(#454,#460),.PCURVE_S1.);
#450 = LINE('',#451,#452);
#451 = CARTESIAN_POINT('',(2.465,8.38,0.2675));
#452 = VECTOR('',#453,1.);
#453 = DIRECTION('',(0.,0.,-1.));
#454 = PCURVE('',#62,#455);
#455 = DEFINITIONAL_REPRESENTATION('',(#456),#459);
#456 = B_SPLINE_CURVE_WITH_KNOTS('',1,(#457,#458),.UNSPECIFIED.,.F.,.F.,
  (2,2),(-2.1975,-0.2675),.PIECEWISE_BEZIER_KNOTS.);
#457 = CARTESIAN_POINT('',(-2.465,2.465));
#458 = CARTESIAN_POINT('',(-0.535,2.465));
#459 = ( GEOMETRIC_REPRESENTATION_CONTEXT(2) 
PARAMETRIC_REPRESENTATION_CONTEXT() REPRESENTATION_CONTEXT('2D SPACE',''
  ) );
#460 = PCURVE('',#461,#466);
#461 = PLANE('',#462);
#462 = AXIS2_PLACEMENT_3D('',#463,#464,#465);
#463 = CARTESIAN_POINT('',(2.465,8.39,0.535));
#464 = DIRECTION('',(-1.,0.,0.));
#465 = DIRECTION('',(0.,0.,1.));
#466 = DEFINITIONAL_REPRESENTATION('',(#467),#470);
#467 = B_SPLINE_CURVE_WITH_KNOTS('',1,(#468,#469),.UNSPECIFIED.,.F.,.F.,
  (2,2),(-2.1975,-0.2675),.PIECEWISE_BEZIER_KNOTS.);
#468 = CARTESIAN_POINT('',(1.93,-1.E-02));
#469 = CARTESIAN_POINT('',(0.,-1.E-02));
#470 = ( GEOMETRIC_REPRESENTATION_CONTEXT(2) 
PARAMETRIC_REPRESENTATION_CONTEXT() REPRESENTATION_CONTEXT('2D SPACE',''
  ) );
#471 = ORIENTED_EDGE('',*,*,#472,.T.);
#472 = EDGE_CURVE('',#447,#473,#475,.T.);
#473 = VERTEX_POINT('',#474);
#474 = CARTESIAN_POINT('',(0.535,8.38,0.535));
#475 = SURFACE_CURVE('',#476,(#480,#486),.PCURVE_S1.);
#476 = LINE('',#477,#478);
#477 = CARTESIAN_POINT('',(0.2675,8.38,0.535));
#478 = VECTOR('',#479,1.);
#479 = DIRECTION('',(-1.,0.,-0.));
#480 = PCURVE('',#62,#481);
#481 = DEFINITIONAL_REPRESENTATION('',(#482),#485);
#482 = B_SPLINE_CURVE_WITH_KNOTS('',1,(#483,#484),.UNSPECIFIED.,.F.,.F.,
  (2,2),(-2.1975,-0.2675),.PIECEWISE_BEZIER_KNOTS.);
#483 = CARTESIAN_POINT('',(-0.535,2.465));
#484 = CARTESIAN_POINT('',(-0.535,0.535));
#485 = ( GEOMETRIC_REPRESENTATION_CONTEXT(2) 
PARAMETRIC_REPRESENTATION_CONTEXT() REPRESENTATION_CONTEXT('2D SPACE',''
  ) );
#486 = PCURVE('',#487,#492);
#487 = PLANE('',#488);
#488 = AXIS2_PLACEMENT_3D('',#489,#490,#491);
#489 = CARTESIAN_POINT('',(0.535,8.39,0.535));
#490 = DIRECTION('',(-0.,0.,1.));
#491 = DIRECTION('',(1.,0.,0.));
#492 = DEFINITIONAL_REPRESENTATION('',(#493),#496);
#493 = B_SPLINE_CURVE_WITH_KNOTS('',1,(#494,#495),.UNSPECIFIED.,.F.,.F.,
  (2,2),(-2.1975,-0.2675),.PIECEWISE_BEZIER_KNOTS.);
#494 = CARTESIAN_POINT('',(1.93,-1.E-02));
#495 = CARTESIAN_POINT('',(0.,-1.E-02));
#496 = ( GEOMETRIC_REPRESENTATION_CONTEXT(2) 
PARAMETRIC_REPRESENTATION_CONTEXT() REPRESENTATION_CONTEXT('2D SPACE',''
  ) );
#497 = ORIENTED_EDGE('',*,*,#498,.T.);
#498 = EDGE_CURVE('',#473,#499,#501,.T.);
#499 = VERTEX_POINT('',#500);
#500 = CARTESIAN_POINT('',(0.535,8.38,2.465));
#501 = SURFACE_CURVE('',#502,(#506,#512),.PCURVE_S1.);
#502 = LINE('',#503,#504);
#503 = CARTESIAN_POINT('',(0.535,8.38,1.2325));
#504 = VECTOR('',#505,1.);
#505 = DIRECTION('',(0.,0.,1.));
#506 = PCURVE('',#62,#507);
#507 = DEFINITIONAL_REPRESENTATION('',(#508),#511);
#508 = B_SPLINE_CURVE_WITH_KNOTS('',1,(#509,#510),.UNSPECIFIED.,.F.,.F.,
  (2,2),(-0.6975,1.2325),.PIECEWISE_BEZIER_KNOTS.);
#509 = CARTESIAN_POINT('',(-0.535,0.535));
#510 = CARTESIAN_POINT('',(-2.465,0.535));
#511 = ( GEOMETRIC_REPRESENTATION_CONTEXT(2) 
PARAMETRIC_REPRESENTATION_CONTEXT() REPRESENTATION_CONTEXT('2D SPACE',''
  ) );
#512 = PCURVE('',#513,#518);
#513 = PLANE('',#514);
#514 = AXIS2_PLACEMENT_3D('',#515,#516,#517);
#515 = CARTESIAN_POINT('',(0.535,8.39,2.465));
#516 = DIRECTION('',(1.,0.,0.));
#517 = DIRECTION('',(0.,0.,-1.));
#518 = DEFINITIONAL_REPRESENTATION('',(#519),#522);
#519 = B_SPLINE_CURVE_WITH_KNOTS('',1,(#520,#521),.UNSPECIFIED.,.F.,.F.,
  (2,2),(-0.6975,1.2325),.PIECEWISE_BEZIER_KNOTS.);
#520 = CARTESIAN_POINT('',(1.93,-1.E-02));
#521 = CARTESIAN_POINT('',(0.,-1.E-02));
#522 = ( GEOMETRIC_REPRESENTATION_CONTEXT(2) 
PARAMETRIC_REPRESENTATION_CONTEXT() REPRESENTATION_CONTEXT('2D SPACE',''
  ) );
#523 = ORIENTED_EDGE('',*,*,#524,.T.);
#524 = EDGE_CURVE('',#499,#445,#525,.T.);
#525 = SURFACE_CURVE('',#526,(#530,#536),.PCURVE_S1.);
#526 = LINE('',#527,#528);
#527 = CARTESIAN_POINT('',(1.2325,8.38,2.465));
#528 = VECTOR('',#529,1.);
#529 = DIRECTION('',(1.,0.,0.));
#530 = PCURVE('',#62,#531);
#531 = DEFINITIONAL_REPRESENTATION('',(#532),#535);
#532 = B_SPLINE_CURVE_WITH_KNOTS('',1,(#533,#534),.UNSPECIFIED.,.F.,.F.,
  (2,2),(-0.6975,1.2325),.PIECEWISE_BEZIER_KNOTS.);
#533 = CARTESIAN_POINT('',(-2.465,0.535));
#534 = CARTESIAN_POINT('',(-2.465,2.465));
#535 = ( GEOMETRIC_REPRESENTATION_CONTEXT(2) 
PARAMETRIC_REPRESENTATION_CONTEXT() REPRESENTATION_CONTEXT('2D SPACE',''
  ) );
#536 = PCURVE('',#537,#542);
#537 = PLANE('',#538);
#538 = AXIS2_PLACEMENT_3D('',#539,#540,#541);
#539 = CARTESIAN_POINT('',(2.465,8.39,2.465));
#540 = DIRECTION('',(-0.,-0.,-1.));
#541 = DIRECTION('',(-1.,0.,0.));
#542 = DEFINITIONAL_REPRESENTATION('',(#543),#546);
#543 = B_SPLINE_CURVE_WITH_KNOTS('',1,(#544,#545),.UNSPECIFIED.,.F.,.F.,
  (2,2),(-0.6975,1.2325),.PIECEWISE_BEZIER_KNOTS.);
#544 = CARTESIAN_POINT('',(1.93,-1.E-02));
#545 = CARTESIAN_POINT('',(0.,-1.E-02));
#546 = ( GEOMETRIC_REPRESENTATION_CONTEXT(2) 
PARAMETRIC_REPRESENTATION_CONTEXT() REPRESENTATION_CONTEXT('2D SPACE',''
  ) );
#547 = FACE_BOUND('',#548,.F.);
#548 = EDGE_LOOP('',(#549,#577,#603,#629));
#549 = ORIENTED_EDGE('',*,*,#550,.T.);
#550 = EDGE_CURVE('',#551,#553,#555,.T.);
#551 = VERTEX_POINT('',#552);
#552 = CARTESIAN_POINT('',(2.465,8.38,-0.535));
#553 = VERTEX_POINT('',#554);
#554 = CARTESIAN_POINT('',(2.465,8.38,-2.465));
#555 = SURFACE_CURVE('',#556,(#560,#566),.PCURVE_S1.);
#556 = LINE('',#557,#558);
#557 = CARTESIAN_POINT('',(2.465,8.38,-1.2325));
#558 = VECTOR('',#559,1.);
#559 = DIRECTION('',(0.,0.,-1.));
#560 = PCURVE('',#62,#561);
#561 = DEFINITIONAL_REPRESENTATION('',(#562),#565);
#562 = B_SPLINE_CURVE_WITH_KNOTS('',1,(#563,#564),.UNSPECIFIED.,.F.,.F.,
  (2,2),(-0.6975,1.2325),.PIECEWISE_BEZIER_KNOTS.);
#563 = CARTESIAN_POINT('',(0.535,2.465));
#564 = CARTESIAN_POINT('',(2.465,2.465));
#565 = ( GEOMETRIC_REPRESENTATION_CONTEXT(2) 
PARAMETRIC_REPRESENTATION_CONTEXT() REPRESENTATION_CONTEXT('2D SPACE',''
  ) );
#566 = PCURVE('',#567,#572);
#567 = PLANE('',#568);
#568 = AXIS2_PLACEMENT_3D('',#569,#570,#571);
#569 = CARTESIAN_POINT('',(2.465,8.39,-2.465));
#570 = DIRECTION('',(-1.,0.,0.));
#571 = DIRECTION('',(0.,0.,1.));
#572 = DEFINITIONAL_REPRESENTATION('',(#573),#576);
#573 = B_SPLINE_CURVE_WITH_KNOTS('',1,(#574,#575),.UNSPECIFIED.,.F.,.F.,
  (2,2),(-0.6975,1.2325),.PIECEWISE_BEZIER_KNOTS.);
#574 = CARTESIAN_POINT('',(1.93,-1.E-02));
#575 = CARTESIAN_POINT('',(0.,-1.E-02));
#576 = ( GEOMETRIC_REPRESENTATION_CONTEXT(2) 
PARAMETRIC_REPRESENTATION_CONTEXT() REPRESENTATION_CONTEXT('2D SPACE',''
  ) );
#577 = ORIENTED_EDGE('',*,*,#578,.T.);
#578 = EDGE_CURVE('',#553,#579,#581,.T.);
#579 = VERTEX_POINT('',#580);
#580 = CARTESIAN_POINT('',(0.535,8.38,-2.465));
#581 = SURFACE_CURVE('',#582,(#586,#592),.PCURVE_S1.);
#582 = LINE('',#583,#584);
#583 = CARTESIAN_POINT('',(0.2675,8.38,-2.465));
#584 = VECTOR('',#585,1.);
#585 = DIRECTION('',(-1.,0.,-0.));
#586 = PCURVE('',#62,#587);
#587 = DEFINITIONAL_REPRESENTATION('',(#588),#591);
#588 = B_SPLINE_CURVE_WITH_KNOTS('',1,(#589,#590),.UNSPECIFIED.,.F.,.F.,
  (2,2),(-2.1975,-0.2675),.PIECEWISE_BEZIER_KNOTS.);
#589 = CARTESIAN_POINT('',(2.465,2.465));
#590 = CARTESIAN_POINT('',(2.465,0.535));
#591 = ( GEOMETRIC_REPRESENTATION_CONTEXT(2) 
PARAMETRIC_REPRESENTATION_CONTEXT() REPRESENTATION_CONTEXT('2D SPACE',''
  ) );
#592 = PCURVE('',#593,#598);
#593 = PLANE('',#594);
#594 = AXIS2_PLACEMENT_3D('',#595,#596,#597);
#595 = CARTESIAN_POINT('',(0.535,8.39,-2.465));
#596 = DIRECTION('',(-0.,0.,1.));
#597 = DIRECTION('',(1.,0.,0.));
#598 = DEFINITIONAL_REPRESENTATION('',(#599),#602);
#599 = B_SPLINE_CURVE_WITH_KNOTS('',1,(#600,#601),.UNSPECIFIED.,.F.,.F.,
  (2,2),(-2.1975,-0.2675),.PIECEWISE_BEZIER_KNOTS.);
#600 = CARTESIAN_POINT('',(1.93,-1.E-02));
#601 = CARTESIAN_POINT('',(0.,-1.E-02));
#602 = ( GEOMETRIC_REPRESENTATION_CONTEXT(2) 
PARAMETRIC_REPRESENTATION_CONTEXT() REPRESENTATION_CONTEXT('2D SPACE',''
  ) );
#603 = ORIENTED_EDGE('',*,*,#604,.T.);
#604 = EDGE_CURVE('',#579,#605,#607,.T.);
#605 = VERTEX_POINT('',#606);
#606 = CARTESIAN_POINT('',(0.535,8.38,-0.535));
#607 = SURFACE_CURVE('',#608,(#612,#618),.PCURVE_S1.);
#608 = LINE('',#609,#610);
#609 = CARTESIAN_POINT('',(0.535,8.38,-0.2675));
#610 = VECTOR('',#611,1.);
#611 = DIRECTION('',(0.,0.,1.));
#612 = PCURVE('',#62,#613);
#613 = DEFINITIONAL_REPRESENTATION('',(#614),#617);
#614 = B_SPLINE_CURVE_WITH_KNOTS('',1,(#615,#616),.UNSPECIFIED.,.F.,.F.,
  (2,2),(-2.1975,-0.2675),.PIECEWISE_BEZIER_KNOTS.);
#615 = CARTESIAN_POINT('',(2.465,0.535));
#616 = CARTESIAN_POINT('',(0.535,0.535));
#617 = ( GEOMETRIC_REPRESENTATION_CONTEXT(2) 
PARAMETRIC_REPRESENTATION_CONTEXT() REPRESENTATION_CONTEXT('2D SPACE',''
  ) );
#618 = PCURVE('',#619,#624);
#619 = PLANE('',#620);
#620 = AXIS2_PLACEMENT_3D('',#621,#622,#623);
#621 = CARTESIAN_POINT('',(0.535,8.39,-0.535));
#622 = DIRECTION('',(1.,0.,0.));
#623 = DIRECTION('',(0.,0.,-1.));
#624 = DEFINITIONAL_REPRESENTATION('',(#625),#628);
#625 = B_SPLINE_CURVE_WITH_KNOTS('',1,(#626,#627),.UNSPECIFIED.,.F.,.F.,
  (2,2),(-2.1975,-0.2675),.PIECEWISE_BEZIER_KNOTS.);
#626 = CARTESIAN_POINT('',(1.93,-1.E-02));
#627 = CARTESIAN_POINT('',(0.,-1.E-02));
#628 = ( GEOMETRIC_REPRESENTATION_CONTEXT(2) 
PARAMETRIC_REPRESENTATION_CONTEXT() REPRESENTATION_CONTEXT('2D SPACE',''
  ) );
#629 = ORIENTED_EDGE('',*,*,#630,.T.);
#630 = EDGE_CURVE('',#605,#551,#631,.T.);
#631 = SURFACE_CURVE('',#632,(#636,#642),.PCURVE_S1.);
#632 = LINE('',#633,#634);
#633 = CARTESIAN_POINT('',(1.2325,8.38,-0.535));
#634 = VECTOR('',#635,1.);
#635 = DIRECTION('',(1.,0.,0.));
#636 = PCURVE('',#62,#637);
#637 = DEFINITIONAL_REPRESENTATION('',(#638),#641);
#638 = B_SPLINE_CURVE_WITH_KNOTS('',1,(#639,#640),.UNSPECIFIED.,.F.,.F.,
  (2,2),(-0.6975,1.2325),.PIECEWISE_BEZIER_KNOTS.);
#639 = CARTESIAN_POINT('',(0.535,0.535));
#640 = CARTESIAN_POINT('',(0.535,2.465));
#641 = ( GEOMETRIC_REPRESENTATION_CONTEXT(2) 
PARAMETRIC_REPRESENTATION_CONTEXT() REPRESENTATION_CONTEXT('2D SPACE',''
  ) );
#642 = PCURVE('',#643,#648);
#643 = PLANE('',#644);
#644 = AXIS2_PLACEMENT_3D('',#645,#646,#647);
#645 = CARTESIAN_POINT('',(2.465,8.39,-0.535));
#646 = DIRECTION('',(-0.,-0.,-1.));
#647 = DIRECTION('',(-1.,0.,0.));
#648 = DEFINITIONAL_REPRESENTATION('',(#649),#652);
#649 = B_SPLINE_CURVE_WITH_KNOTS('',1,(#650,#651),.UNSPECIFIED.,.F.,.F.,
  (2,2),(-0.6975,1.2325),.PIECEWISE_BEZIER_KNOTS.);
#650 = CARTESIAN_POINT('',(1.93,-1.E-02));
#651 = CARTESIAN_POINT('',(0.,-1.E-02));
#652 = ( GEOMETRIC_REPRESENTATION_CONTEXT(2) 
PARAMETRIC_REPRESENTATION_CONTEXT() REPRESENTATION_CONTEXT('2D SPACE',''
  ) );
#653 = ADVANCED_FACE('',(#654),#142,.F.);
#654 = FACE_BOUND('',#655,.F.);
#655 = EDGE_LOOP('',(#656,#657,#658,#679,#705,#733,#761,#789,#817,#845)
  );
#656 = ORIENTED_EDGE('',*,*,#158,.F.);
#657 = ORIENTED_EDGE('',*,*,#128,.T.);
#658 = ORIENTED_EDGE('',*,*,#659,.F.);
#659 = EDGE_CURVE('',#660,#103,#662,.T.);
#660 = VERTEX_POINT('',#661);
#661 = CARTESIAN_POINT('',(3.425,0.6,-3.305));
#662 = SURFACE_CURVE('',#663,(#667,#673),.PCURVE_S1.);
#663 = LINE('',#664,#665);
#664 = CARTESIAN_POINT('',(3.425,0.6,-3.765));
#665 = VECTOR('',#666,1.);
#666 = DIRECTION('',(0.,0.,-1.));
#667 = PCURVE('',#142,#668);
#668 = DEFINITIONAL_REPRESENTATION('',(#669),#672);
#669 = B_SPLINE_CURVE_WITH_KNOTS('',1,(#670,#671),.UNSPECIFIED.,.F.,.F.,
  (2,2),(-0.46,-0.34),.PIECEWISE_BEZIER_KNOTS.);
#670 = CARTESIAN_POINT('',(0.12,-7.78));
#671 = CARTESIAN_POINT('',(0.,-7.78));
#672 = ( GEOMETRIC_REPRESENTATION_CONTEXT(2) 
PARAMETRIC_REPRESENTATION_CONTEXT() REPRESENTATION_CONTEXT('2D SPACE',''
  ) );
#673 = PCURVE('',#117,#674);
#674 = DEFINITIONAL_REPRESENTATION('',(#675),#678);
#675 = B_SPLINE_CURVE_WITH_KNOTS('',1,(#676,#677),.UNSPECIFIED.,.F.,.F.,
  (2,2),(-0.46,-0.34),.PIECEWISE_BEZIER_KNOTS.);
#676 = CARTESIAN_POINT('',(0.8,9.425));
#677 = CARTESIAN_POINT('',(0.68,9.425));
#678 = ( GEOMETRIC_REPRESENTATION_CONTEXT(2) 
PARAMETRIC_REPRESENTATION_CONTEXT() REPRESENTATION_CONTEXT('2D SPACE',''
  ) );
#679 = ORIENTED_EDGE('',*,*,#680,.F.);
#680 = EDGE_CURVE('',#681,#660,#683,.T.);
#681 = VERTEX_POINT('',#682);
#682 = CARTESIAN_POINT('',(3.425,0.4,-3.305));
#683 = SURFACE_CURVE('',#684,(#688,#694),.PCURVE_S1.);
#684 = LINE('',#685,#686);
#685 = CARTESIAN_POINT('',(3.425,4.19,-3.305));
#686 = VECTOR('',#687,1.);
#687 = DIRECTION('',(0.,1.,-0.));
#688 = PCURVE('',#142,#689);
#689 = DEFINITIONAL_REPRESENTATION('',(#690),#693);
#690 = B_SPLINE_CURVE_WITH_KNOTS('',1,(#691,#692),.UNSPECIFIED.,.F.,.F.,
  (2,2),(-4.19,-3.59),.PIECEWISE_BEZIER_KNOTS.);
#691 = CARTESIAN_POINT('',(0.12,-8.38));
#692 = CARTESIAN_POINT('',(0.12,-7.78));
#693 = ( GEOMETRIC_REPRESENTATION_CONTEXT(2) 
PARAMETRIC_REPRESENTATION_CONTEXT() REPRESENTATION_CONTEXT('2D SPACE',''
  ) );
#694 = PCURVE('',#695,#700);
#695 = PLANE('',#696);
#696 = AXIS2_PLACEMENT_3D('',#697,#698,#699);
#697 = CARTESIAN_POINT('',(-6.,0.,-3.305));
#698 = DIRECTION('',(0.,0.,1.));
#699 = DIRECTION('',(1.,0.,-0.));
#700 = DEFINITIONAL_REPRESENTATION('',(#701),#704);
#701 = B_SPLINE_CURVE_WITH_KNOTS('',1,(#702,#703),.UNSPECIFIED.,.F.,.F.,
  (2,2),(-4.19,-3.59),.PIECEWISE_BEZIER_KNOTS.);
#702 = CARTESIAN_POINT('',(9.425,0.));
#703 = CARTESIAN_POINT('',(9.425,0.6));
#704 = ( GEOMETRIC_REPRESENTATION_CONTEXT(2) 
PARAMETRIC_REPRESENTATION_CONTEXT() REPRESENTATION_CONTEXT('2D SPACE',''
  ) );
#705 = ORIENTED_EDGE('',*,*,#706,.T.);
#706 = EDGE_CURVE('',#681,#707,#709,.T.);
#707 = VERTEX_POINT('',#708);
#708 = CARTESIAN_POINT('',(3.425,0.4,0.405));
#709 = SURFACE_CURVE('',#710,(#714,#721),.PCURVE_S1.);
#710 = LINE('',#711,#712);
#711 = CARTESIAN_POINT('',(3.425,0.4,-3.455));
#712 = VECTOR('',#713,1.);
#713 = DIRECTION('',(0.,0.,1.));
#714 = PCURVE('',#142,#715);
#715 = DEFINITIONAL_REPRESENTATION('',(#716),#720);
#716 = LINE('',#717,#718);
#717 = CARTESIAN_POINT('',(-3.E-02,-7.98));
#718 = VECTOR('',#719,1.);
#719 = DIRECTION('',(1.,0.));
#720 = ( GEOMETRIC_REPRESENTATION_CONTEXT(2) 
PARAMETRIC_REPRESENTATION_CONTEXT() REPRESENTATION_CONTEXT('2D SPACE',''
  ) );
#721 = PCURVE('',#722,#727);
#722 = PLANE('',#723);
#723 = AXIS2_PLACEMENT_3D('',#724,#725,#726);
#724 = CARTESIAN_POINT('',(3.425,0.4,-3.455));
#725 = DIRECTION('',(0.80369406895,0.595042724126,-0.));
#726 = DIRECTION('',(0.595042724126,-0.80369406895,0.));
#727 = DEFINITIONAL_REPRESENTATION('',(#728),#732);
#728 = LINE('',#729,#730);
#729 = CARTESIAN_POINT('',(0.,0.));
#730 = VECTOR('',#731,1.);
#731 = DIRECTION('',(0.,-1.));
#732 = ( GEOMETRIC_REPRESENTATION_CONTEXT(2) 
PARAMETRIC_REPRESENTATION_CONTEXT() REPRESENTATION_CONTEXT('2D SPACE',''
  ) );
#733 = ORIENTED_EDGE('',*,*,#734,.F.);
#734 = EDGE_CURVE('',#735,#707,#737,.T.);
#735 = VERTEX_POINT('',#736);
#736 = CARTESIAN_POINT('',(3.425,-7.,0.405));
#737 = SURFACE_CURVE('',#738,(#742,#749),.PCURVE_S1.);
#738 = LINE('',#739,#740);
#739 = CARTESIAN_POINT('',(3.425,-7.,0.405));
#740 = VECTOR('',#741,1.);
#741 = DIRECTION('',(0.,1.,0.));
#742 = PCURVE('',#142,#743);
#743 = DEFINITIONAL_REPRESENTATION('',(#744),#748);
#744 = LINE('',#745,#746);
#745 = CARTESIAN_POINT('',(3.83,-15.38));
#746 = VECTOR('',#747,1.);
#747 = DIRECTION('',(0.,1.));
#748 = ( GEOMETRIC_REPRESENTATION_CONTEXT(2) 
PARAMETRIC_REPRESENTATION_CONTEXT() REPRESENTATION_CONTEXT('2D SPACE',''
  ) );
#749 = PCURVE('',#750,#755);
#750 = PLANE('',#751);
#751 = AXIS2_PLACEMENT_3D('',#752,#753,#754);
#752 = CARTESIAN_POINT('',(3.936899341496,-3.234138857169,0.405));
#753 = DIRECTION('',(-0.,-0.,-1.));
#754 = DIRECTION('',(-1.,0.,0.));
#755 = DEFINITIONAL_REPRESENTATION('',(#756),#760);
#756 = LINE('',#757,#758);
#757 = CARTESIAN_POINT('',(0.511899341496,-3.765861142831));
#758 = VECTOR('',#759,1.);
#759 = DIRECTION('',(0.,1.));
#760 = ( GEOMETRIC_REPRESENTATION_CONTEXT(2) 
PARAMETRIC_REPRESENTATION_CONTEXT() REPRESENTATION_CONTEXT('2D SPACE',''
  ) );
#761 = ORIENTED_EDGE('',*,*,#762,.F.);
#762 = EDGE_CURVE('',#763,#735,#765,.T.);
#763 = VERTEX_POINT('',#764);
#764 = CARTESIAN_POINT('',(3.425,-7.,-3.425));
#765 = SURFACE_CURVE('',#766,(#770,#777),.PCURVE_S1.);
#766 = LINE('',#767,#768);
#767 = CARTESIAN_POINT('',(3.425,-7.,-3.455));
#768 = VECTOR('',#769,1.);
#769 = DIRECTION('',(0.,0.,1.));
#770 = PCURVE('',#142,#771);
#771 = DEFINITIONAL_REPRESENTATION('',(#772),#776);
#772 = LINE('',#773,#774);
#773 = CARTESIAN_POINT('',(-3.E-02,-15.38));
#774 = VECTOR('',#775,1.);
#775 = DIRECTION('',(1.,0.));
#776 = ( GEOMETRIC_REPRESENTATION_CONTEXT(2) 
PARAMETRIC_REPRESENTATION_CONTEXT() REPRESENTATION_CONTEXT('2D SPACE',''
  ) );
#777 = PCURVE('',#778,#783);
#778 = PLANE('',#779);
#779 = AXIS2_PLACEMENT_3D('',#780,#781,#782);
#780 = CARTESIAN_POINT('',(5.35,-2.2,-3.455));
#781 = DIRECTION('',(0.928142932126,-0.372223988405,0.));
#782 = DIRECTION('',(-0.372223988405,-0.928142932126,0.));
#783 = DEFINITIONAL_REPRESENTATION('',(#784),#788);
#784 = LINE('',#785,#786);
#785 = CARTESIAN_POINT('',(5.171617251886,0.));
#786 = VECTOR('',#787,1.);
#787 = DIRECTION('',(0.,-1.));
#788 = ( GEOMETRIC_REPRESENTATION_CONTEXT(2) 
PARAMETRIC_REPRESENTATION_CONTEXT() REPRESENTATION_CONTEXT('2D SPACE',''
  ) );
#789 = ORIENTED_EDGE('',*,*,#790,.T.);
#790 = EDGE_CURVE('',#763,#791,#793,.T.);
#791 = VERTEX_POINT('',#792);
#792 = CARTESIAN_POINT('',(3.425,-8.51,-3.425));
#793 = SURFACE_CURVE('',#794,(#798,#805),.PCURVE_S1.);
#794 = LINE('',#795,#796);
#795 = CARTESIAN_POINT('',(3.425,8.38,-3.425));
#796 = VECTOR('',#797,1.);
#797 = DIRECTION('',(0.,-1.,0.));
#798 = PCURVE('',#142,#799);
#799 = DEFINITIONAL_REPRESENTATION('',(#800),#804);
#800 = LINE('',#801,#802);
#801 = CARTESIAN_POINT('',(0.,0.));
#802 = VECTOR('',#803,1.);
#803 = DIRECTION('',(0.,-1.));
#804 = ( GEOMETRIC_REPRESENTATION_CONTEXT(2) 
PARAMETRIC_REPRESENTATION_CONTEXT() REPRESENTATION_CONTEXT('2D SPACE',''
  ) );
#805 = PCURVE('',#806,#811);
#806 = PLANE('',#807);
#807 = AXIS2_PLACEMENT_3D('',#808,#809,#810);
#808 = CARTESIAN_POINT('',(-3.425,8.38,-3.425));
#809 = DIRECTION('',(-0.,0.,1.));
#810 = DIRECTION('',(1.,0.,0.));
#811 = DEFINITIONAL_REPRESENTATION('',(#812),#816);
#812 = LINE('',#813,#814);
#813 = CARTESIAN_POINT('',(6.85,0.));
#814 = VECTOR('',#815,1.);
#815 = DIRECTION('',(0.,-1.));
#816 = ( GEOMETRIC_REPRESENTATION_CONTEXT(2) 
PARAMETRIC_REPRESENTATION_CONTEXT() REPRESENTATION_CONTEXT('2D SPACE',''
  ) );
#817 = ORIENTED_EDGE('',*,*,#818,.T.);
#818 = EDGE_CURVE('',#791,#819,#821,.T.);
#819 = VERTEX_POINT('',#820);
#820 = CARTESIAN_POINT('',(3.425,-8.51,3.425));
#821 = SURFACE_CURVE('',#822,(#826,#833),.PCURVE_S1.);
#822 = LINE('',#823,#824);
#823 = CARTESIAN_POINT('',(3.425,-8.51,-3.425));
#824 = VECTOR('',#825,1.);
#825 = DIRECTION('',(0.,0.,1.));
#826 = PCURVE('',#142,#827);
#827 = DEFINITIONAL_REPRESENTATION('',(#828),#832);
#828 = LINE('',#829,#830);
#829 = CARTESIAN_POINT('',(0.,-16.89));
#830 = VECTOR('',#831,1.);
#831 = DIRECTION('',(1.,0.));
#832 = ( GEOMETRIC_REPRESENTATION_CONTEXT(2) 
PARAMETRIC_REPRESENTATION_CONTEXT() REPRESENTATION_CONTEXT('2D SPACE',''
  ) );
#833 = PCURVE('',#834,#839);
#834 = PLANE('',#835);
#835 = AXIS2_PLACEMENT_3D('',#836,#837,#838);
#836 = CARTESIAN_POINT('',(1.296610831679E-16,-8.51,-1.296610831679E-16)
  );
#837 = DIRECTION('',(-0.,-1.,-0.));
#838 = DIRECTION('',(0.,0.,-1.));
#839 = DEFINITIONAL_REPRESENTATION('',(#840),#844);
#840 = LINE('',#841,#842);
#841 = CARTESIAN_POINT('',(3.425,3.425));
#842 = VECTOR('',#843,1.);
#843 = DIRECTION('',(-1.,0.));
#844 = ( GEOMETRIC_REPRESENTATION_CONTEXT(2) 
PARAMETRIC_REPRESENTATION_CONTEXT() REPRESENTATION_CONTEXT('2D SPACE',''
  ) );
#845 = ORIENTED_EDGE('',*,*,#846,.F.);
#846 = EDGE_CURVE('',#159,#819,#847,.T.);
#847 = SURFACE_CURVE('',#848,(#852,#859),.PCURVE_S1.);
#848 = LINE('',#849,#850);
#849 = CARTESIAN_POINT('',(3.425,8.38,3.425));
#850 = VECTOR('',#851,1.);
#851 = DIRECTION('',(0.,-1.,0.));
#852 = PCURVE('',#142,#853);
#853 = DEFINITIONAL_REPRESENTATION('',(#854),#858);
#854 = LINE('',#855,#856);
#855 = CARTESIAN_POINT('',(6.85,0.));
#856 = VECTOR('',#857,1.);
#857 = DIRECTION('',(0.,-1.));
#858 = ( GEOMETRIC_REPRESENTATION_CONTEXT(2) 
PARAMETRIC_REPRESENTATION_CONTEXT() REPRESENTATION_CONTEXT('2D SPACE',''
  ) );
#859 = PCURVE('',#197,#860);
#860 = DEFINITIONAL_REPRESENTATION('',(#861),#865);
#861 = LINE('',#862,#863);
#862 = CARTESIAN_POINT('',(0.,0.));
#863 = VECTOR('',#864,1.);
#864 = DIRECTION('',(0.,-1.));
#865 = ( GEOMETRIC_REPRESENTATION_CONTEXT(2) 
PARAMETRIC_REPRESENTATION_CONTEXT() REPRESENTATION_CONTEXT('2D SPACE',''
  ) );
#866 = ADVANCED_FACE('',(#867),#117,.T.);
#867 = FACE_BOUND('',#868,.T.);
#868 = EDGE_LOOP('',(#869,#899,#927,#955,#983,#1002,#1003,#1004));
#869 = ORIENTED_EDGE('',*,*,#870,.F.);
#870 = EDGE_CURVE('',#871,#873,#875,.T.);
#871 = VERTEX_POINT('',#872);
#872 = CARTESIAN_POINT('',(6.,0.6,-4.105));
#873 = VERTEX_POINT('',#874);
#874 = CARTESIAN_POINT('',(6.,0.6,-3.305));
#875 = SURFACE_CURVE('',#876,(#880,#887),.PCURVE_S1.);
#876 = LINE('',#877,#878);
#877 = CARTESIAN_POINT('',(6.,0.6,-4.105));
#878 = VECTOR('',#879,1.);
#879 = DIRECTION('',(0.,0.,1.));
#880 = PCURVE('',#117,#881);
#881 = DEFINITIONAL_REPRESENTATION('',(#882),#886);
#882 = LINE('',#883,#884);
#883 = CARTESIAN_POINT('',(0.,12.));
#884 = VECTOR('',#885,1.);
#885 = DIRECTION('',(1.,0.));
#886 = ( GEOMETRIC_REPRESENTATION_CONTEXT(2) 
PARAMETRIC_REPRESENTATION_CONTEXT() REPRESENTATION_CONTEXT('2D SPACE',''
  ) );
#887 = PCURVE('',#888,#893);
#888 = PLANE('',#889);
#889 = AXIS2_PLACEMENT_3D('',#890,#891,#892);
#890 = CARTESIAN_POINT('',(6.,0.,-4.105));
#891 = DIRECTION('',(1.,0.,-0.));
#892 = DIRECTION('',(0.,0.,1.));
#893 = DEFINITIONAL_REPRESENTATION('',(#894),#898);
#894 = LINE('',#895,#896);
#895 = CARTESIAN_POINT('',(0.,-0.6));
#896 = VECTOR('',#897,1.);
#897 = DIRECTION('',(1.,0.));
#898 = ( GEOMETRIC_REPRESENTATION_CONTEXT(2) 
PARAMETRIC_REPRESENTATION_CONTEXT() REPRESENTATION_CONTEXT('2D SPACE',''
  ) );
#899 = ORIENTED_EDGE('',*,*,#900,.F.);
#900 = EDGE_CURVE('',#901,#871,#903,.T.);
#901 = VERTEX_POINT('',#902);
#902 = CARTESIAN_POINT('',(-6.,0.6,-4.105));
#903 = SURFACE_CURVE('',#904,(#908,#915),.PCURVE_S1.);
#904 = LINE('',#905,#906);
#905 = CARTESIAN_POINT('',(-6.,0.6,-4.105));
#906 = VECTOR('',#907,1.);
#907 = DIRECTION('',(1.,0.,-0.));
#908 = PCURVE('',#117,#909);
#909 = DEFINITIONAL_REPRESENTATION('',(#910),#914);
#910 = LINE('',#911,#912);
#911 = CARTESIAN_POINT('',(0.,0.));
#912 = VECTOR('',#913,1.);
#913 = DIRECTION('',(0.,1.));
#914 = ( GEOMETRIC_REPRESENTATION_CONTEXT(2) 
PARAMETRIC_REPRESENTATION_CONTEXT() REPRESENTATION_CONTEXT('2D SPACE',''
  ) );
#915 = PCURVE('',#916,#921);
#916 = PLANE('',#917);
#917 = AXIS2_PLACEMENT_3D('',#918,#919,#920);
#918 = CARTESIAN_POINT('',(-6.,0.,-4.105));
#919 = DIRECTION('',(0.,0.,1.));
#920 = DIRECTION('',(1.,0.,-0.));
#921 = DEFINITIONAL_REPRESENTATION('',(#922),#926);
#922 = LINE('',#923,#924);
#923 = CARTESIAN_POINT('',(0.,0.6));
#924 = VECTOR('',#925,1.);
#925 = DIRECTION('',(1.,0.));
#926 = ( GEOMETRIC_REPRESENTATION_CONTEXT(2) 
PARAMETRIC_REPRESENTATION_CONTEXT() REPRESENTATION_CONTEXT('2D SPACE',''
  ) );
#927 = ORIENTED_EDGE('',*,*,#928,.T.);
#928 = EDGE_CURVE('',#901,#929,#931,.T.);
#929 = VERTEX_POINT('',#930);
#930 = CARTESIAN_POINT('',(-6.,0.6,-3.305));
#931 = SURFACE_CURVE('',#932,(#936,#943),.PCURVE_S1.);
#932 = LINE('',#933,#934);
#933 = CARTESIAN_POINT('',(-6.,0.6,-4.105));
#934 = VECTOR('',#935,1.);
#935 = DIRECTION('',(0.,0.,1.));
#936 = PCURVE('',#117,#937);
#937 = DEFINITIONAL_REPRESENTATION('',(#938),#942);
#938 = LINE('',#939,#940);
#939 = CARTESIAN_POINT('',(0.,0.));
#940 = VECTOR('',#941,1.);
#941 = DIRECTION('',(1.,0.));
#942 = ( GEOMETRIC_REPRESENTATION_CONTEXT(2) 
PARAMETRIC_REPRESENTATION_CONTEXT() REPRESENTATION_CONTEXT('2D SPACE',''
  ) );
#943 = PCURVE('',#944,#949);
#944 = PLANE('',#945);
#945 = AXIS2_PLACEMENT_3D('',#946,#947,#948);
#946 = CARTESIAN_POINT('',(-6.,0.,-4.105));
#947 = DIRECTION('',(1.,0.,-0.));
#948 = DIRECTION('',(0.,0.,1.));
#949 = DEFINITIONAL_REPRESENTATION('',(#950),#954);
#950 = LINE('',#951,#952);
#951 = CARTESIAN_POINT('',(0.,-0.6));
#952 = VECTOR('',#953,1.);
#953 = DIRECTION('',(1.,0.));
#954 = ( GEOMETRIC_REPRESENTATION_CONTEXT(2) 
PARAMETRIC_REPRESENTATION_CONTEXT() REPRESENTATION_CONTEXT('2D SPACE',''
  ) );
#955 = ORIENTED_EDGE('',*,*,#956,.T.);
#956 = EDGE_CURVE('',#929,#957,#959,.T.);
#957 = VERTEX_POINT('',#958);
#958 = CARTESIAN_POINT('',(-3.425,0.6,-3.305));
#959 = SURFACE_CURVE('',#960,(#964,#971),.PCURVE_S1.);
#960 = LINE('',#961,#962);
#961 = CARTESIAN_POINT('',(-6.,0.6,-3.305));
#962 = VECTOR('',#963,1.);
#963 = DIRECTION('',(1.,0.,-0.));
#964 = PCURVE('',#117,#965);
#965 = DEFINITIONAL_REPRESENTATION('',(#966),#970);
#966 = LINE('',#967,#968);
#967 = CARTESIAN_POINT('',(0.8,0.));
#968 = VECTOR('',#969,1.);
#969 = DIRECTION('',(0.,1.));
#970 = ( GEOMETRIC_REPRESENTATION_CONTEXT(2) 
PARAMETRIC_REPRESENTATION_CONTEXT() REPRESENTATION_CONTEXT('2D SPACE',''
  ) );
#971 = PCURVE('',#972,#977);
#972 = PLANE('',#973);
#973 = AXIS2_PLACEMENT_3D('',#974,#975,#976);
#974 = CARTESIAN_POINT('',(-6.,0.,-3.305));
#975 = DIRECTION('',(0.,0.,1.));
#976 = DIRECTION('',(1.,0.,-0.));
#977 = DEFINITIONAL_REPRESENTATION('',(#978),#982);
#978 = LINE('',#979,#980);
#979 = CARTESIAN_POINT('',(0.,0.6));
#980 = VECTOR('',#981,1.);
#981 = DIRECTION('',(1.,0.));
#982 = ( GEOMETRIC_REPRESENTATION_CONTEXT(2) 
PARAMETRIC_REPRESENTATION_CONTEXT() REPRESENTATION_CONTEXT('2D SPACE',''
  ) );
#983 = ORIENTED_EDGE('',*,*,#984,.F.);
#984 = EDGE_CURVE('',#75,#957,#985,.T.);
#985 = SURFACE_CURVE('',#986,(#990,#996),.PCURVE_S1.);
#986 = LINE('',#987,#988);
#987 = CARTESIAN_POINT('',(-3.425,0.6,-0.34));
#988 = VECTOR('',#989,1.);
#989 = DIRECTION('',(0.,-0.,1.));
#990 = PCURVE('',#117,#991);
#991 = DEFINITIONAL_REPRESENTATION('',(#992),#995);
#992 = B_SPLINE_CURVE_WITH_KNOTS('',1,(#993,#994),.UNSPECIFIED.,.F.,.F.,
  (2,2),(-3.085,-2.965),.PIECEWISE_BEZIER_KNOTS.);
#993 = CARTESIAN_POINT('',(0.68,2.575));
#994 = CARTESIAN_POINT('',(0.8,2.575));
#995 = ( GEOMETRIC_REPRESENTATION_CONTEXT(2) 
PARAMETRIC_REPRESENTATION_CONTEXT() REPRESENTATION_CONTEXT('2D SPACE',''
  ) );
#996 = PCURVE('',#90,#997);
#997 = DEFINITIONAL_REPRESENTATION('',(#998),#1001);
#998 = B_SPLINE_CURVE_WITH_KNOTS('',1,(#999,#1000),.UNSPECIFIED.,.F.,.F.
  ,(2,2),(-3.085,-2.965),.PIECEWISE_BEZIER_KNOTS.);
#999 = CARTESIAN_POINT('',(6.85,-7.78));
#1000 = CARTESIAN_POINT('',(6.73,-7.78));
#1001 = ( GEOMETRIC_REPRESENTATION_CONTEXT(2) 
PARAMETRIC_REPRESENTATION_CONTEXT() REPRESENTATION_CONTEXT('2D SPACE',''
  ) );
#1002 = ORIENTED_EDGE('',*,*,#102,.F.);
#1003 = ORIENTED_EDGE('',*,*,#659,.F.);
#1004 = ORIENTED_EDGE('',*,*,#1005,.T.);
#1005 = EDGE_CURVE('',#660,#873,#1006,.T.);
#1006 = SURFACE_CURVE('',#1007,(#1011,#1018),.PCURVE_S1.);
#1007 = LINE('',#1008,#1009);
#1008 = CARTESIAN_POINT('',(-6.,0.6,-3.305));
#1009 = VECTOR('',#1010,1.);
#1010 = DIRECTION('',(1.,0.,-0.));
#1011 = PCURVE('',#117,#1012);
#1012 = DEFINITIONAL_REPRESENTATION('',(#1013),#1017);
#1013 = LINE('',#1014,#1015);
#1014 = CARTESIAN_POINT('',(0.8,0.));
#1015 = VECTOR('',#1016,1.);
#1016 = DIRECTION('',(0.,1.));
#1017 = ( GEOMETRIC_REPRESENTATION_CONTEXT(2) 
PARAMETRIC_REPRESENTATION_CONTEXT() REPRESENTATION_CONTEXT('2D SPACE',''
  ) );
#1018 = PCURVE('',#695,#1019);
#1019 = DEFINITIONAL_REPRESENTATION('',(#1020),#1024);
#1020 = LINE('',#1021,#1022);
#1021 = CARTESIAN_POINT('',(0.,0.6));
#1022 = VECTOR('',#1023,1.);
#1023 = DIRECTION('',(1.,0.));
#1024 = ( GEOMETRIC_REPRESENTATION_CONTEXT(2) 
PARAMETRIC_REPRESENTATION_CONTEXT() REPRESENTATION_CONTEXT('2D SPACE',''
  ) );
#1025 = ADVANCED_FACE('',(#1026),#90,.F.);
#1026 = FACE_BOUND('',#1027,.F.);
#1027 = EDGE_LOOP('',(#1028,#1029,#1052,#1075,#1098,#1126,#1154,#1182,
    #1201,#1202));
#1028 = ORIENTED_EDGE('',*,*,#209,.F.);
#1029 = ORIENTED_EDGE('',*,*,#1030,.T.);
#1030 = EDGE_CURVE('',#182,#1031,#1033,.T.);
#1031 = VERTEX_POINT('',#1032);
#1032 = CARTESIAN_POINT('',(-3.425,-8.51,3.425));
#1033 = SURFACE_CURVE('',#1034,(#1038,#1045),.PCURVE_S1.);
#1034 = LINE('',#1035,#1036);
#1035 = CARTESIAN_POINT('',(-3.425,8.38,3.425));
#1036 = VECTOR('',#1037,1.);
#1037 = DIRECTION('',(0.,-1.,0.));
#1038 = PCURVE('',#90,#1039);
#1039 = DEFINITIONAL_REPRESENTATION('',(#1040),#1044);
#1040 = LINE('',#1041,#1042);
#1041 = CARTESIAN_POINT('',(0.,0.));
#1042 = VECTOR('',#1043,1.);
#1043 = DIRECTION('',(0.,-1.));
#1044 = ( GEOMETRIC_REPRESENTATION_CONTEXT(2) 
PARAMETRIC_REPRESENTATION_CONTEXT() REPRESENTATION_CONTEXT('2D SPACE',''
  ) );
#1045 = PCURVE('',#197,#1046);
#1046 = DEFINITIONAL_REPRESENTATION('',(#1047),#1051);
#1047 = LINE('',#1048,#1049);
#1048 = CARTESIAN_POINT('',(6.85,0.));
#1049 = VECTOR('',#1050,1.);
#1050 = DIRECTION('',(0.,-1.));
#1051 = ( GEOMETRIC_REPRESENTATION_CONTEXT(2) 
PARAMETRIC_REPRESENTATION_CONTEXT() REPRESENTATION_CONTEXT('2D SPACE',''
  ) );
#1052 = ORIENTED_EDGE('',*,*,#1053,.T.);
#1053 = EDGE_CURVE('',#1031,#1054,#1056,.T.);
#1054 = VERTEX_POINT('',#1055);
#1055 = CARTESIAN_POINT('',(-3.425,-8.51,-3.425));
#1056 = SURFACE_CURVE('',#1057,(#1061,#1068),.PCURVE_S1.);
#1057 = LINE('',#1058,#1059);
#1058 = CARTESIAN_POINT('',(-3.425,-8.51,3.425));
#1059 = VECTOR('',#1060,1.);
#1060 = DIRECTION('',(0.,0.,-1.));
#1061 = PCURVE('',#90,#1062);
#1062 = DEFINITIONAL_REPRESENTATION('',(#1063),#1067);
#1063 = LINE('',#1064,#1065);
#1064 = CARTESIAN_POINT('',(0.,-16.89));
#1065 = VECTOR('',#1066,1.);
#1066 = DIRECTION('',(1.,0.));
#1067 = ( GEOMETRIC_REPRESENTATION_CONTEXT(2) 
PARAMETRIC_REPRESENTATION_CONTEXT() REPRESENTATION_CONTEXT('2D SPACE',''
  ) );
#1068 = PCURVE('',#834,#1069);
#1069 = DEFINITIONAL_REPRESENTATION('',(#1070),#1074);
#1070 = LINE('',#1071,#1072);
#1071 = CARTESIAN_POINT('',(-3.425,-3.425));
#1072 = VECTOR('',#1073,1.);
#1073 = DIRECTION('',(1.,0.));
#1074 = ( GEOMETRIC_REPRESENTATION_CONTEXT(2) 
PARAMETRIC_REPRESENTATION_CONTEXT() REPRESENTATION_CONTEXT('2D SPACE',''
  ) );
#1075 = ORIENTED_EDGE('',*,*,#1076,.F.);
#1076 = EDGE_CURVE('',#1077,#1054,#1079,.T.);
#1077 = VERTEX_POINT('',#1078);
#1078 = CARTESIAN_POINT('',(-3.425,-7.,-3.425));
#1079 = SURFACE_CURVE('',#1080,(#1084,#1091),.PCURVE_S1.);
#1080 = LINE('',#1081,#1082);
#1081 = CARTESIAN_POINT('',(-3.425,8.38,-3.425));
#1082 = VECTOR('',#1083,1.);
#1083 = DIRECTION('',(0.,-1.,0.));
#1084 = PCURVE('',#90,#1085);
#1085 = DEFINITIONAL_REPRESENTATION('',(#1086),#1090);
#1086 = LINE('',#1087,#1088);
#1087 = CARTESIAN_POINT('',(6.85,0.));
#1088 = VECTOR('',#1089,1.);
#1089 = DIRECTION('',(0.,-1.));
#1090 = ( GEOMETRIC_REPRESENTATION_CONTEXT(2) 
PARAMETRIC_REPRESENTATION_CONTEXT() REPRESENTATION_CONTEXT('2D SPACE',''
  ) );
#1091 = PCURVE('',#806,#1092);
#1092 = DEFINITIONAL_REPRESENTATION('',(#1093),#1097);
#1093 = LINE('',#1094,#1095);
#1094 = CARTESIAN_POINT('',(0.,0.));
#1095 = VECTOR('',#1096,1.);
#1096 = DIRECTION('',(0.,-1.));
#1097 = ( GEOMETRIC_REPRESENTATION_CONTEXT(2) 
PARAMETRIC_REPRESENTATION_CONTEXT() REPRESENTATION_CONTEXT('2D SPACE',''
  ) );
#1098 = ORIENTED_EDGE('',*,*,#1099,.T.);
#1099 = EDGE_CURVE('',#1077,#1100,#1102,.T.);
#1100 = VERTEX_POINT('',#1101);
#1101 = CARTESIAN_POINT('',(-3.425,-7.,0.405));
#1102 = SURFACE_CURVE('',#1103,(#1107,#1114),.PCURVE_S1.);
#1103 = LINE('',#1104,#1105);
#1104 = CARTESIAN_POINT('',(-3.425,-7.,-3.455));
#1105 = VECTOR('',#1106,1.);
#1106 = DIRECTION('',(0.,0.,1.));
#1107 = PCURVE('',#90,#1108);
#1108 = DEFINITIONAL_REPRESENTATION('',(#1109),#1113);
#1109 = LINE('',#1110,#1111);
#1110 = CARTESIAN_POINT('',(6.88,-15.38));
#1111 = VECTOR('',#1112,1.);
#1112 = DIRECTION('',(-1.,0.));
#1113 = ( GEOMETRIC_REPRESENTATION_CONTEXT(2) 
PARAMETRIC_REPRESENTATION_CONTEXT() REPRESENTATION_CONTEXT('2D SPACE',''
  ) );
#1114 = PCURVE('',#1115,#1120);
#1115 = PLANE('',#1116);
#1116 = AXIS2_PLACEMENT_3D('',#1117,#1118,#1119);
#1117 = CARTESIAN_POINT('',(-5.35,-2.2,-3.455));
#1118 = DIRECTION('',(0.928142932126,0.372223988405,-0.));
#1119 = DIRECTION('',(0.372223988405,-0.928142932126,0.));
#1120 = DEFINITIONAL_REPRESENTATION('',(#1121),#1125);
#1121 = LINE('',#1122,#1123);
#1122 = CARTESIAN_POINT('',(5.171617251886,0.));
#1123 = VECTOR('',#1124,1.);
#1124 = DIRECTION('',(0.,-1.));
#1125 = ( GEOMETRIC_REPRESENTATION_CONTEXT(2) 
PARAMETRIC_REPRESENTATION_CONTEXT() REPRESENTATION_CONTEXT('2D SPACE',''
  ) );
#1126 = ORIENTED_EDGE('',*,*,#1127,.T.);
#1127 = EDGE_CURVE('',#1100,#1128,#1130,.T.);
#1128 = VERTEX_POINT('',#1129);
#1129 = CARTESIAN_POINT('',(-3.425,0.4,0.405));
#1130 = SURFACE_CURVE('',#1131,(#1135,#1142),.PCURVE_S1.);
#1131 = LINE('',#1132,#1133);
#1132 = CARTESIAN_POINT('',(-3.425,-7.,0.405));
#1133 = VECTOR('',#1134,1.);
#1134 = DIRECTION('',(0.,1.,0.));
#1135 = PCURVE('',#90,#1136);
#1136 = DEFINITIONAL_REPRESENTATION('',(#1137),#1141);
#1137 = LINE('',#1138,#1139);
#1138 = CARTESIAN_POINT('',(3.02,-15.38));
#1139 = VECTOR('',#1140,1.);
#1140 = DIRECTION('',(0.,1.));
#1141 = ( GEOMETRIC_REPRESENTATION_CONTEXT(2) 
PARAMETRIC_REPRESENTATION_CONTEXT() REPRESENTATION_CONTEXT('2D SPACE',''
  ) );
#1142 = PCURVE('',#1143,#1148);
#1143 = PLANE('',#1144);
#1144 = AXIS2_PLACEMENT_3D('',#1145,#1146,#1147);
#1145 = CARTESIAN_POINT('',(-3.936899341496,-3.234138857169,0.405));
#1146 = DIRECTION('',(0.,0.,1.));
#1147 = DIRECTION('',(1.,0.,-0.));
#1148 = DEFINITIONAL_REPRESENTATION('',(#1149),#1153);
#1149 = LINE('',#1150,#1151);
#1150 = CARTESIAN_POINT('',(0.511899341496,-3.765861142831));
#1151 = VECTOR('',#1152,1.);
#1152 = DIRECTION('',(0.,1.));
#1153 = ( GEOMETRIC_REPRESENTATION_CONTEXT(2) 
PARAMETRIC_REPRESENTATION_CONTEXT() REPRESENTATION_CONTEXT('2D SPACE',''
  ) );
#1154 = ORIENTED_EDGE('',*,*,#1155,.F.);
#1155 = EDGE_CURVE('',#1156,#1128,#1158,.T.);
#1156 = VERTEX_POINT('',#1157);
#1157 = CARTESIAN_POINT('',(-3.425,0.4,-3.305));
#1158 = SURFACE_CURVE('',#1159,(#1163,#1170),.PCURVE_S1.);
#1159 = LINE('',#1160,#1161);
#1160 = CARTESIAN_POINT('',(-3.425,0.4,-3.455));
#1161 = VECTOR('',#1162,1.);
#1162 = DIRECTION('',(0.,0.,1.));
#1163 = PCURVE('',#90,#1164);
#1164 = DEFINITIONAL_REPRESENTATION('',(#1165),#1169);
#1165 = LINE('',#1166,#1167);
#1166 = CARTESIAN_POINT('',(6.88,-7.98));
#1167 = VECTOR('',#1168,1.);
#1168 = DIRECTION('',(-1.,0.));
#1169 = ( GEOMETRIC_REPRESENTATION_CONTEXT(2) 
PARAMETRIC_REPRESENTATION_CONTEXT() REPRESENTATION_CONTEXT('2D SPACE',''
  ) );
#1170 = PCURVE('',#1171,#1176);
#1171 = PLANE('',#1172);
#1172 = AXIS2_PLACEMENT_3D('',#1173,#1174,#1175);
#1173 = CARTESIAN_POINT('',(-3.425,0.4,-3.455));
#1174 = DIRECTION('',(0.80369406895,-0.595042724126,0.));
#1175 = DIRECTION('',(-0.595042724126,-0.80369406895,0.));
#1176 = DEFINITIONAL_REPRESENTATION('',(#1177),#1181);
#1177 = LINE('',#1178,#1179);
#1178 = CARTESIAN_POINT('',(0.,0.));
#1179 = VECTOR('',#1180,1.);
#1180 = DIRECTION('',(0.,-1.));
#1181 = ( GEOMETRIC_REPRESENTATION_CONTEXT(2) 
PARAMETRIC_REPRESENTATION_CONTEXT() REPRESENTATION_CONTEXT('2D SPACE',''
  ) );
#1182 = ORIENTED_EDGE('',*,*,#1183,.F.);
#1183 = EDGE_CURVE('',#957,#1156,#1184,.T.);
#1184 = SURFACE_CURVE('',#1185,(#1189,#1195),.PCURVE_S1.);
#1185 = LINE('',#1186,#1187);
#1186 = CARTESIAN_POINT('',(-3.425,4.19,-3.305));
#1187 = VECTOR('',#1188,1.);
#1188 = DIRECTION('',(0.,-1.,0.));
#1189 = PCURVE('',#90,#1190);
#1190 = DEFINITIONAL_REPRESENTATION('',(#1191),#1194);
#1191 = B_SPLINE_CURVE_WITH_KNOTS('',1,(#1192,#1193),.UNSPECIFIED.,.F.,
  .F.,(2,2),(3.59,4.19),.PIECEWISE_BEZIER_KNOTS.);
#1192 = CARTESIAN_POINT('',(6.73,-7.78));
#1193 = CARTESIAN_POINT('',(6.73,-8.38));
#1194 = ( GEOMETRIC_REPRESENTATION_CONTEXT(2) 
PARAMETRIC_REPRESENTATION_CONTEXT() REPRESENTATION_CONTEXT('2D SPACE',''
  ) );
#1195 = PCURVE('',#972,#1196);
#1196 = DEFINITIONAL_REPRESENTATION('',(#1197),#1200);
#1197 = B_SPLINE_CURVE_WITH_KNOTS('',1,(#1198,#1199),.UNSPECIFIED.,.F.,
  .F.,(2,2),(3.59,4.19),.PIECEWISE_BEZIER_KNOTS.);
#1198 = CARTESIAN_POINT('',(2.575,0.6));
#1199 = CARTESIAN_POINT('',(2.575,0.));
#1200 = ( GEOMETRIC_REPRESENTATION_CONTEXT(2) 
PARAMETRIC_REPRESENTATION_CONTEXT() REPRESENTATION_CONTEXT('2D SPACE',''
  ) );
#1201 = ORIENTED_EDGE('',*,*,#984,.F.);
#1202 = ORIENTED_EDGE('',*,*,#74,.F.);
#1203 = ADVANCED_FACE('',(#1204),#197,.F.);
#1204 = FACE_BOUND('',#1205,.F.);
#1205 = EDGE_LOOP('',(#1206,#1207,#1228,#1229));
#1206 = ORIENTED_EDGE('',*,*,#846,.T.);
#1207 = ORIENTED_EDGE('',*,*,#1208,.T.);
#1208 = EDGE_CURVE('',#819,#1031,#1209,.T.);
#1209 = SURFACE_CURVE('',#1210,(#1214,#1221),.PCURVE_S1.);
#1210 = LINE('',#1211,#1212);
#1211 = CARTESIAN_POINT('',(3.425,-8.51,3.425));
#1212 = VECTOR('',#1213,1.);
#1213 = DIRECTION('',(-1.,0.,0.));
#1214 = PCURVE('',#197,#1215);
#1215 = DEFINITIONAL_REPRESENTATION('',(#1216),#1220);
#1216 = LINE('',#1217,#1218);
#1217 = CARTESIAN_POINT('',(0.,-16.89));
#1218 = VECTOR('',#1219,1.);
#1219 = DIRECTION('',(1.,0.));
#1220 = ( GEOMETRIC_REPRESENTATION_CONTEXT(2) 
PARAMETRIC_REPRESENTATION_CONTEXT() REPRESENTATION_CONTEXT('2D SPACE',''
  ) );
#1221 = PCURVE('',#834,#1222);
#1222 = DEFINITIONAL_REPRESENTATION('',(#1223),#1227);
#1223 = LINE('',#1224,#1225);
#1224 = CARTESIAN_POINT('',(-3.425,3.425));
#1225 = VECTOR('',#1226,1.);
#1226 = DIRECTION('',(0.,-1.));
#1227 = ( GEOMETRIC_REPRESENTATION_CONTEXT(2) 
PARAMETRIC_REPRESENTATION_CONTEXT() REPRESENTATION_CONTEXT('2D SPACE',''
  ) );
#1228 = ORIENTED_EDGE('',*,*,#1030,.F.);
#1229 = ORIENTED_EDGE('',*,*,#181,.F.);
#1230 = ADVANCED_FACE('',(#1231),#249,.T.);
#1231 = FACE_BOUND('',#1232,.T.);
#1232 = EDGE_LOOP('',(#1233,#1234,#1257,#1285));
#1233 = ORIENTED_EDGE('',*,*,#232,.T.);
#1234 = ORIENTED_EDGE('',*,*,#1235,.T.);
#1235 = EDGE_CURVE('',#235,#1236,#1238,.T.);
#1236 = VERTEX_POINT('',#1237);
#1237 = CARTESIAN_POINT('',(-0.535,3.39,0.535));
#1238 = SURFACE_CURVE('',#1239,(#1243,#1250),.PCURVE_S1.);
#1239 = LINE('',#1240,#1241);
#1240 = CARTESIAN_POINT('',(-0.535,8.39,0.535));
#1241 = VECTOR('',#1242,1.);
#1242 = DIRECTION('',(0.,-1.,0.));
#1243 = PCURVE('',#249,#1244);
#1244 = DEFINITIONAL_REPRESENTATION('',(#1245),#1249);
#1245 = LINE('',#1246,#1247);
#1246 = CARTESIAN_POINT('',(0.,0.));
#1247 = VECTOR('',#1248,1.);
#1248 = DIRECTION('',(0.,-1.));
#1249 = ( GEOMETRIC_REPRESENTATION_CONTEXT(2) 
PARAMETRIC_REPRESENTATION_CONTEXT() REPRESENTATION_CONTEXT('2D SPACE',''
  ) );
#1250 = PCURVE('',#275,#1251);
#1251 = DEFINITIONAL_REPRESENTATION('',(#1252),#1256);
#1252 = LINE('',#1253,#1254);
#1253 = CARTESIAN_POINT('',(1.93,0.));
#1254 = VECTOR('',#1255,1.);
#1255 = DIRECTION('',(0.,-1.));
#1256 = ( GEOMETRIC_REPRESENTATION_CONTEXT(2) 
PARAMETRIC_REPRESENTATION_CONTEXT() REPRESENTATION_CONTEXT('2D SPACE',''
  ) );
#1257 = ORIENTED_EDGE('',*,*,#1258,.T.);
#1258 = EDGE_CURVE('',#1236,#1259,#1261,.T.);
#1259 = VERTEX_POINT('',#1260);
#1260 = CARTESIAN_POINT('',(-0.535,3.39,2.465));
#1261 = SURFACE_CURVE('',#1262,(#1266,#1273),.PCURVE_S1.);
#1262 = LINE('',#1263,#1264);
#1263 = CARTESIAN_POINT('',(-0.535,3.39,0.535));
#1264 = VECTOR('',#1265,1.);
#1265 = DIRECTION('',(0.,0.,1.));
#1266 = PCURVE('',#249,#1267);
#1267 = DEFINITIONAL_REPRESENTATION('',(#1268),#1272);
#1268 = LINE('',#1269,#1270);
#1269 = CARTESIAN_POINT('',(0.,-5.));
#1270 = VECTOR('',#1271,1.);
#1271 = DIRECTION('',(1.,0.));
#1272 = ( GEOMETRIC_REPRESENTATION_CONTEXT(2) 
PARAMETRIC_REPRESENTATION_CONTEXT() REPRESENTATION_CONTEXT('2D SPACE',''
  ) );
#1273 = PCURVE('',#1274,#1279);
#1274 = PLANE('',#1275);
#1275 = AXIS2_PLACEMENT_3D('',#1276,#1277,#1278);
#1276 = CARTESIAN_POINT('',(-1.5,3.39,1.5));
#1277 = DIRECTION('',(-0.,-1.,-0.));
#1278 = DIRECTION('',(0.,0.,-1.));
#1279 = DEFINITIONAL_REPRESENTATION('',(#1280),#1284);
#1280 = LINE('',#1281,#1282);
#1281 = CARTESIAN_POINT('',(0.965,0.965));
#1282 = VECTOR('',#1283,1.);
#1283 = DIRECTION('',(-1.,0.));
#1284 = ( GEOMETRIC_REPRESENTATION_CONTEXT(2) 
PARAMETRIC_REPRESENTATION_CONTEXT() REPRESENTATION_CONTEXT('2D SPACE',''
  ) );
#1285 = ORIENTED_EDGE('',*,*,#1286,.F.);
#1286 = EDGE_CURVE('',#233,#1259,#1287,.T.);
#1287 = SURFACE_CURVE('',#1288,(#1292,#1299),.PCURVE_S1.);
#1288 = LINE('',#1289,#1290);
#1289 = CARTESIAN_POINT('',(-0.535,8.39,2.465));
#1290 = VECTOR('',#1291,1.);
#1291 = DIRECTION('',(0.,-1.,0.));
#1292 = PCURVE('',#249,#1293);
#1293 = DEFINITIONAL_REPRESENTATION('',(#1294),#1298);
#1294 = LINE('',#1295,#1296);
#1295 = CARTESIAN_POINT('',(1.93,0.));
#1296 = VECTOR('',#1297,1.);
#1297 = DIRECTION('',(0.,-1.));
#1298 = ( GEOMETRIC_REPRESENTATION_CONTEXT(2) 
PARAMETRIC_REPRESENTATION_CONTEXT() REPRESENTATION_CONTEXT('2D SPACE',''
  ) );
#1299 = PCURVE('',#325,#1300);
#1300 = DEFINITIONAL_REPRESENTATION('',(#1301),#1305);
#1301 = LINE('',#1302,#1303);
#1302 = CARTESIAN_POINT('',(0.,0.));
#1303 = VECTOR('',#1304,1.);
#1304 = DIRECTION('',(0.,-1.));
#1305 = ( GEOMETRIC_REPRESENTATION_CONTEXT(2) 
PARAMETRIC_REPRESENTATION_CONTEXT() REPRESENTATION_CONTEXT('2D SPACE',''
  ) );
#1306 = ADVANCED_FACE('',(#1307),#325,.T.);
#1307 = FACE_BOUND('',#1308,.T.);
#1308 = EDGE_LOOP('',(#1309,#1310,#1311,#1334));
#1309 = ORIENTED_EDGE('',*,*,#312,.T.);
#1310 = ORIENTED_EDGE('',*,*,#1286,.T.);
#1311 = ORIENTED_EDGE('',*,*,#1312,.T.);
#1312 = EDGE_CURVE('',#1259,#1313,#1315,.T.);
#1313 = VERTEX_POINT('',#1314);
#1314 = CARTESIAN_POINT('',(-2.465,3.39,2.465));
#1315 = SURFACE_CURVE('',#1316,(#1320,#1327),.PCURVE_S1.);
#1316 = LINE('',#1317,#1318);
#1317 = CARTESIAN_POINT('',(-0.535,3.39,2.465));
#1318 = VECTOR('',#1319,1.);
#1319 = DIRECTION('',(-1.,0.,0.));
#1320 = PCURVE('',#325,#1321);
#1321 = DEFINITIONAL_REPRESENTATION('',(#1322),#1326);
#1322 = LINE('',#1323,#1324);
#1323 = CARTESIAN_POINT('',(0.,-5.));
#1324 = VECTOR('',#1325,1.);
#1325 = DIRECTION('',(1.,0.));
#1326 = ( GEOMETRIC_REPRESENTATION_CONTEXT(2) 
PARAMETRIC_REPRESENTATION_CONTEXT() REPRESENTATION_CONTEXT('2D SPACE',''
  ) );
#1327 = PCURVE('',#1274,#1328);
#1328 = DEFINITIONAL_REPRESENTATION('',(#1329),#1333);
#1329 = LINE('',#1330,#1331);
#1330 = CARTESIAN_POINT('',(-0.965,0.965));
#1331 = VECTOR('',#1332,1.);
#1332 = DIRECTION('',(0.,-1.));
#1333 = ( GEOMETRIC_REPRESENTATION_CONTEXT(2) 
PARAMETRIC_REPRESENTATION_CONTEXT() REPRESENTATION_CONTEXT('2D SPACE',''
  ) );
#1334 = ORIENTED_EDGE('',*,*,#1335,.F.);
#1335 = EDGE_CURVE('',#287,#1313,#1336,.T.);
#1336 = SURFACE_CURVE('',#1337,(#1341,#1348),.PCURVE_S1.);
#1337 = LINE('',#1338,#1339);
#1338 = CARTESIAN_POINT('',(-2.465,8.39,2.465));
#1339 = VECTOR('',#1340,1.);
#1340 = DIRECTION('',(0.,-1.,0.));
#1341 = PCURVE('',#325,#1342);
#1342 = DEFINITIONAL_REPRESENTATION('',(#1343),#1347);
#1343 = LINE('',#1344,#1345);
#1344 = CARTESIAN_POINT('',(1.93,0.));
#1345 = VECTOR('',#1346,1.);
#1346 = DIRECTION('',(0.,-1.));
#1347 = ( GEOMETRIC_REPRESENTATION_CONTEXT(2) 
PARAMETRIC_REPRESENTATION_CONTEXT() REPRESENTATION_CONTEXT('2D SPACE',''
  ) );
#1348 = PCURVE('',#301,#1349);
#1349 = DEFINITIONAL_REPRESENTATION('',(#1350),#1354);
#1350 = LINE('',#1351,#1352);
#1351 = CARTESIAN_POINT('',(0.,0.));
#1352 = VECTOR('',#1353,1.);
#1353 = DIRECTION('',(0.,-1.));
#1354 = ( GEOMETRIC_REPRESENTATION_CONTEXT(2) 
PARAMETRIC_REPRESENTATION_CONTEXT() REPRESENTATION_CONTEXT('2D SPACE',''
  ) );
#1355 = ADVANCED_FACE('',(#1356),#275,.T.);
#1356 = FACE_BOUND('',#1357,.T.);
#1357 = EDGE_LOOP('',(#1358,#1359,#1382,#1403));
#1358 = ORIENTED_EDGE('',*,*,#260,.T.);
#1359 = ORIENTED_EDGE('',*,*,#1360,.T.);
#1360 = EDGE_CURVE('',#261,#1361,#1363,.T.);
#1361 = VERTEX_POINT('',#1362);
#1362 = CARTESIAN_POINT('',(-2.465,3.39,0.535));
#1363 = SURFACE_CURVE('',#1364,(#1368,#1375),.PCURVE_S1.);
#1364 = LINE('',#1365,#1366);
#1365 = CARTESIAN_POINT('',(-2.465,8.39,0.535));
#1366 = VECTOR('',#1367,1.);
#1367 = DIRECTION('',(0.,-1.,0.));
#1368 = PCURVE('',#275,#1369);
#1369 = DEFINITIONAL_REPRESENTATION('',(#1370),#1374);
#1370 = LINE('',#1371,#1372);
#1371 = CARTESIAN_POINT('',(0.,0.));
#1372 = VECTOR('',#1373,1.);
#1373 = DIRECTION('',(0.,-1.));
#1374 = ( GEOMETRIC_REPRESENTATION_CONTEXT(2) 
PARAMETRIC_REPRESENTATION_CONTEXT() REPRESENTATION_CONTEXT('2D SPACE',''
  ) );
#1375 = PCURVE('',#301,#1376);
#1376 = DEFINITIONAL_REPRESENTATION('',(#1377),#1381);
#1377 = LINE('',#1378,#1379);
#1378 = CARTESIAN_POINT('',(1.93,0.));
#1379 = VECTOR('',#1380,1.);
#1380 = DIRECTION('',(0.,-1.));
#1381 = ( GEOMETRIC_REPRESENTATION_CONTEXT(2) 
PARAMETRIC_REPRESENTATION_CONTEXT() REPRESENTATION_CONTEXT('2D SPACE',''
  ) );
#1382 = ORIENTED_EDGE('',*,*,#1383,.T.);
#1383 = EDGE_CURVE('',#1361,#1236,#1384,.T.);
#1384 = SURFACE_CURVE('',#1385,(#1389,#1396),.PCURVE_S1.);
#1385 = LINE('',#1386,#1387);
#1386 = CARTESIAN_POINT('',(-2.465,3.39,0.535));
#1387 = VECTOR('',#1388,1.);
#1388 = DIRECTION('',(1.,0.,0.));
#1389 = PCURVE('',#275,#1390);
#1390 = DEFINITIONAL_REPRESENTATION('',(#1391),#1395);
#1391 = LINE('',#1392,#1393);
#1392 = CARTESIAN_POINT('',(0.,-5.));
#1393 = VECTOR('',#1394,1.);
#1394 = DIRECTION('',(1.,0.));
#1395 = ( GEOMETRIC_REPRESENTATION_CONTEXT(2) 
PARAMETRIC_REPRESENTATION_CONTEXT() REPRESENTATION_CONTEXT('2D SPACE',''
  ) );
#1396 = PCURVE('',#1274,#1397);
#1397 = DEFINITIONAL_REPRESENTATION('',(#1398),#1402);
#1398 = LINE('',#1399,#1400);
#1399 = CARTESIAN_POINT('',(0.965,-0.965));
#1400 = VECTOR('',#1401,1.);
#1401 = DIRECTION('',(0.,1.));
#1402 = ( GEOMETRIC_REPRESENTATION_CONTEXT(2) 
PARAMETRIC_REPRESENTATION_CONTEXT() REPRESENTATION_CONTEXT('2D SPACE',''
  ) );
#1403 = ORIENTED_EDGE('',*,*,#1235,.F.);
#1404 = ADVANCED_FACE('',(#1405),#301,.T.);
#1405 = FACE_BOUND('',#1406,.T.);
#1406 = EDGE_LOOP('',(#1407,#1408,#1409,#1430));
#1407 = ORIENTED_EDGE('',*,*,#286,.T.);
#1408 = ORIENTED_EDGE('',*,*,#1335,.T.);
#1409 = ORIENTED_EDGE('',*,*,#1410,.T.);
#1410 = EDGE_CURVE('',#1313,#1361,#1411,.T.);
#1411 = SURFACE_CURVE('',#1412,(#1416,#1423),.PCURVE_S1.);
#1412 = LINE('',#1413,#1414);
#1413 = CARTESIAN_POINT('',(-2.465,3.39,2.465));
#1414 = VECTOR('',#1415,1.);
#1415 = DIRECTION('',(0.,0.,-1.));
#1416 = PCURVE('',#301,#1417);
#1417 = DEFINITIONAL_REPRESENTATION('',(#1418),#1422);
#1418 = LINE('',#1419,#1420);
#1419 = CARTESIAN_POINT('',(0.,-5.));
#1420 = VECTOR('',#1421,1.);
#1421 = DIRECTION('',(1.,0.));
#1422 = ( GEOMETRIC_REPRESENTATION_CONTEXT(2) 
PARAMETRIC_REPRESENTATION_CONTEXT() REPRESENTATION_CONTEXT('2D SPACE',''
  ) );
#1423 = PCURVE('',#1274,#1424);
#1424 = DEFINITIONAL_REPRESENTATION('',(#1425),#1429);
#1425 = LINE('',#1426,#1427);
#1426 = CARTESIAN_POINT('',(-0.965,-0.965));
#1427 = VECTOR('',#1428,1.);
#1428 = DIRECTION('',(1.,0.));
#1429 = ( GEOMETRIC_REPRESENTATION_CONTEXT(2) 
PARAMETRIC_REPRESENTATION_CONTEXT() REPRESENTATION_CONTEXT('2D SPACE',''
  ) );
#1430 = ORIENTED_EDGE('',*,*,#1360,.F.);
#1431 = ADVANCED_FACE('',(#1432),#355,.T.);
#1432 = FACE_BOUND('',#1433,.T.);
#1433 = EDGE_LOOP('',(#1434,#1435,#1458,#1486));
#1434 = ORIENTED_EDGE('',*,*,#338,.T.);
#1435 = ORIENTED_EDGE('',*,*,#1436,.T.);
#1436 = EDGE_CURVE('',#341,#1437,#1439,.T.);
#1437 = VERTEX_POINT('',#1438);
#1438 = CARTESIAN_POINT('',(-0.535,3.39,-2.465));
#1439 = SURFACE_CURVE('',#1440,(#1444,#1451),.PCURVE_S1.);
#1440 = LINE('',#1441,#1442);
#1441 = CARTESIAN_POINT('',(-0.535,8.39,-2.465));
#1442 = VECTOR('',#1443,1.);
#1443 = DIRECTION('',(0.,-1.,0.));
#1444 = PCURVE('',#355,#1445);
#1445 = DEFINITIONAL_REPRESENTATION('',(#1446),#1450);
#1446 = LINE('',#1447,#1448);
#1447 = CARTESIAN_POINT('',(0.,0.));
#1448 = VECTOR('',#1449,1.);
#1449 = DIRECTION('',(0.,-1.));
#1450 = ( GEOMETRIC_REPRESENTATION_CONTEXT(2) 
PARAMETRIC_REPRESENTATION_CONTEXT() REPRESENTATION_CONTEXT('2D SPACE',''
  ) );
#1451 = PCURVE('',#381,#1452);
#1452 = DEFINITIONAL_REPRESENTATION('',(#1453),#1457);
#1453 = LINE('',#1454,#1455);
#1454 = CARTESIAN_POINT('',(1.93,0.));
#1455 = VECTOR('',#1456,1.);
#1456 = DIRECTION('',(0.,-1.));
#1457 = ( GEOMETRIC_REPRESENTATION_CONTEXT(2) 
PARAMETRIC_REPRESENTATION_CONTEXT() REPRESENTATION_CONTEXT('2D SPACE',''
  ) );
#1458 = ORIENTED_EDGE('',*,*,#1459,.T.);
#1459 = EDGE_CURVE('',#1437,#1460,#1462,.T.);
#1460 = VERTEX_POINT('',#1461);
#1461 = CARTESIAN_POINT('',(-0.535,3.39,-0.535));
#1462 = SURFACE_CURVE('',#1463,(#1467,#1474),.PCURVE_S1.);
#1463 = LINE('',#1464,#1465);
#1464 = CARTESIAN_POINT('',(-0.535,3.39,-2.465));
#1465 = VECTOR('',#1466,1.);
#1466 = DIRECTION('',(0.,0.,1.));
#1467 = PCURVE('',#355,#1468);
#1468 = DEFINITIONAL_REPRESENTATION('',(#1469),#1473);
#1469 = LINE('',#1470,#1471);
#1470 = CARTESIAN_POINT('',(0.,-5.));
#1471 = VECTOR('',#1472,1.);
#1472 = DIRECTION('',(1.,0.));
#1473 = ( GEOMETRIC_REPRESENTATION_CONTEXT(2) 
PARAMETRIC_REPRESENTATION_CONTEXT() REPRESENTATION_CONTEXT('2D SPACE',''
  ) );
#1474 = PCURVE('',#1475,#1480);
#1475 = PLANE('',#1476);
#1476 = AXIS2_PLACEMENT_3D('',#1477,#1478,#1479);
#1477 = CARTESIAN_POINT('',(-1.5,3.39,-1.5));
#1478 = DIRECTION('',(-0.,-1.,-0.));
#1479 = DIRECTION('',(0.,0.,-1.));
#1480 = DEFINITIONAL_REPRESENTATION('',(#1481),#1485);
#1481 = LINE('',#1482,#1483);
#1482 = CARTESIAN_POINT('',(0.965,0.965));
#1483 = VECTOR('',#1484,1.);
#1484 = DIRECTION('',(-1.,0.));
#1485 = ( GEOMETRIC_REPRESENTATION_CONTEXT(2) 
PARAMETRIC_REPRESENTATION_CONTEXT() REPRESENTATION_CONTEXT('2D SPACE',''
  ) );
#1486 = ORIENTED_EDGE('',*,*,#1487,.F.);
#1487 = EDGE_CURVE('',#339,#1460,#1488,.T.);
#1488 = SURFACE_CURVE('',#1489,(#1493,#1500),.PCURVE_S1.);
#1489 = LINE('',#1490,#1491);
#1490 = CARTESIAN_POINT('',(-0.535,8.39,-0.535));
#1491 = VECTOR('',#1492,1.);
#1492 = DIRECTION('',(0.,-1.,0.));
#1493 = PCURVE('',#355,#1494);
#1494 = DEFINITIONAL_REPRESENTATION('',(#1495),#1499);
#1495 = LINE('',#1496,#1497);
#1496 = CARTESIAN_POINT('',(1.93,0.));
#1497 = VECTOR('',#1498,1.);
#1498 = DIRECTION('',(0.,-1.));
#1499 = ( GEOMETRIC_REPRESENTATION_CONTEXT(2) 
PARAMETRIC_REPRESENTATION_CONTEXT() REPRESENTATION_CONTEXT('2D SPACE',''
  ) );
#1500 = PCURVE('',#431,#1501);
#1501 = DEFINITIONAL_REPRESENTATION('',(#1502),#1506);
#1502 = LINE('',#1503,#1504);
#1503 = CARTESIAN_POINT('',(0.,0.));
#1504 = VECTOR('',#1505,1.);
#1505 = DIRECTION('',(0.,-1.));
#1506 = ( GEOMETRIC_REPRESENTATION_CONTEXT(2) 
PARAMETRIC_REPRESENTATION_CONTEXT() REPRESENTATION_CONTEXT('2D SPACE',''
  ) );
#1507 = ADVANCED_FACE('',(#1508),#431,.T.);
#1508 = FACE_BOUND('',#1509,.T.);
#1509 = EDGE_LOOP('',(#1510,#1511,#1512,#1535));
#1510 = ORIENTED_EDGE('',*,*,#418,.T.);
#1511 = ORIENTED_EDGE('',*,*,#1487,.T.);
#1512 = ORIENTED_EDGE('',*,*,#1513,.T.);
#1513 = EDGE_CURVE('',#1460,#1514,#1516,.T.);
#1514 = VERTEX_POINT('',#1515);
#1515 = CARTESIAN_POINT('',(-2.465,3.39,-0.535));
#1516 = SURFACE_CURVE('',#1517,(#1521,#1528),.PCURVE_S1.);
#1517 = LINE('',#1518,#1519);
#1518 = CARTESIAN_POINT('',(-0.535,3.39,-0.535));
#1519 = VECTOR('',#1520,1.);
#1520 = DIRECTION('',(-1.,0.,0.));
#1521 = PCURVE('',#431,#1522);
#1522 = DEFINITIONAL_REPRESENTATION('',(#1523),#1527);
#1523 = LINE('',#1524,#1525);
#1524 = CARTESIAN_POINT('',(0.,-5.));
#1525 = VECTOR('',#1526,1.);
#1526 = DIRECTION('',(1.,0.));
#1527 = ( GEOMETRIC_REPRESENTATION_CONTEXT(2) 
PARAMETRIC_REPRESENTATION_CONTEXT() REPRESENTATION_CONTEXT('2D SPACE',''
  ) );
#1528 = PCURVE('',#1475,#1529);
#1529 = DEFINITIONAL_REPRESENTATION('',(#1530),#1534);
#1530 = LINE('',#1531,#1532);
#1531 = CARTESIAN_POINT('',(-0.965,0.965));
#1532 = VECTOR('',#1533,1.);
#1533 = DIRECTION('',(0.,-1.));
#1534 = ( GEOMETRIC_REPRESENTATION_CONTEXT(2) 
PARAMETRIC_REPRESENTATION_CONTEXT() REPRESENTATION_CONTEXT('2D SPACE',''
  ) );
#1535 = ORIENTED_EDGE('',*,*,#1536,.F.);
#1536 = EDGE_CURVE('',#393,#1514,#1537,.T.);
#1537 = SURFACE_CURVE('',#1538,(#1542,#1549),.PCURVE_S1.);
#1538 = LINE('',#1539,#1540);
#1539 = CARTESIAN_POINT('',(-2.465,8.39,-0.535));
#1540 = VECTOR('',#1541,1.);
#1541 = DIRECTION('',(0.,-1.,0.));
#1542 = PCURVE('',#431,#1543);
#1543 = DEFINITIONAL_REPRESENTATION('',(#1544),#1548);
#1544 = LINE('',#1545,#1546);
#1545 = CARTESIAN_POINT('',(1.93,0.));
#1546 = VECTOR('',#1547,1.);
#1547 = DIRECTION('',(0.,-1.));
#1548 = ( GEOMETRIC_REPRESENTATION_CONTEXT(2) 
PARAMETRIC_REPRESENTATION_CONTEXT() REPRESENTATION_CONTEXT('2D SPACE',''
  ) );
#1549 = PCURVE('',#407,#1550);
#1550 = DEFINITIONAL_REPRESENTATION('',(#1551),#1555);
#1551 = LINE('',#1552,#1553);
#1552 = CARTESIAN_POINT('',(0.,0.));
#1553 = VECTOR('',#1554,1.);
#1554 = DIRECTION('',(0.,-1.));
#1555 = ( GEOMETRIC_REPRESENTATION_CONTEXT(2) 
PARAMETRIC_REPRESENTATION_CONTEXT() REPRESENTATION_CONTEXT('2D SPACE',''
  ) );
#1556 = ADVANCED_FACE('',(#1557),#381,.T.);
#1557 = FACE_BOUND('',#1558,.T.);
#1558 = EDGE_LOOP('',(#1559,#1560,#1583,#1604));
#1559 = ORIENTED_EDGE('',*,*,#366,.T.);
#1560 = ORIENTED_EDGE('',*,*,#1561,.T.);
#1561 = EDGE_CURVE('',#367,#1562,#1564,.T.);
#1562 = VERTEX_POINT('',#1563);
#1563 = CARTESIAN_POINT('',(-2.465,3.39,-2.465));
#1564 = SURFACE_CURVE('',#1565,(#1569,#1576),.PCURVE_S1.);
#1565 = LINE('',#1566,#1567);
#1566 = CARTESIAN_POINT('',(-2.465,8.39,-2.465));
#1567 = VECTOR('',#1568,1.);
#1568 = DIRECTION('',(0.,-1.,0.));
#1569 = PCURVE('',#381,#1570);
#1570 = DEFINITIONAL_REPRESENTATION('',(#1571),#1575);
#1571 = LINE('',#1572,#1573);
#1572 = CARTESIAN_POINT('',(0.,0.));
#1573 = VECTOR('',#1574,1.);
#1574 = DIRECTION('',(0.,-1.));
#1575 = ( GEOMETRIC_REPRESENTATION_CONTEXT(2) 
PARAMETRIC_REPRESENTATION_CONTEXT() REPRESENTATION_CONTEXT('2D SPACE',''
  ) );
#1576 = PCURVE('',#407,#1577);
#1577 = DEFINITIONAL_REPRESENTATION('',(#1578),#1582);
#1578 = LINE('',#1579,#1580);
#1579 = CARTESIAN_POINT('',(1.93,0.));
#1580 = VECTOR('',#1581,1.);
#1581 = DIRECTION('',(0.,-1.));
#1582 = ( GEOMETRIC_REPRESENTATION_CONTEXT(2) 
PARAMETRIC_REPRESENTATION_CONTEXT() REPRESENTATION_CONTEXT('2D SPACE',''
  ) );
#1583 = ORIENTED_EDGE('',*,*,#1584,.T.);
#1584 = EDGE_CURVE('',#1562,#1437,#1585,.T.);
#1585 = SURFACE_CURVE('',#1586,(#1590,#1597),.PCURVE_S1.);
#1586 = LINE('',#1587,#1588);
#1587 = CARTESIAN_POINT('',(-2.465,3.39,-2.465));
#1588 = VECTOR('',#1589,1.);
#1589 = DIRECTION('',(1.,0.,0.));
#1590 = PCURVE('',#381,#1591);
#1591 = DEFINITIONAL_REPRESENTATION('',(#1592),#1596);
#1592 = LINE('',#1593,#1594);
#1593 = CARTESIAN_POINT('',(0.,-5.));
#1594 = VECTOR('',#1595,1.);
#1595 = DIRECTION('',(1.,0.));
#1596 = ( GEOMETRIC_REPRESENTATION_CONTEXT(2) 
PARAMETRIC_REPRESENTATION_CONTEXT() REPRESENTATION_CONTEXT('2D SPACE',''
  ) );
#1597 = PCURVE('',#1475,#1598);
#1598 = DEFINITIONAL_REPRESENTATION('',(#1599),#1603);
#1599 = LINE('',#1600,#1601);
#1600 = CARTESIAN_POINT('',(0.965,-0.965));
#1601 = VECTOR('',#1602,1.);
#1602 = DIRECTION('',(0.,1.));
#1603 = ( GEOMETRIC_REPRESENTATION_CONTEXT(2) 
PARAMETRIC_REPRESENTATION_CONTEXT() REPRESENTATION_CONTEXT('2D SPACE',''
  ) );
#1604 = ORIENTED_EDGE('',*,*,#1436,.F.);
#1605 = ADVANCED_FACE('',(#1606),#407,.T.);
#1606 = FACE_BOUND('',#1607,.T.);
#1607 = EDGE_LOOP('',(#1608,#1609,#1610,#1631));
#1608 = ORIENTED_EDGE('',*,*,#392,.T.);
#1609 = ORIENTED_EDGE('',*,*,#1536,.T.);
#1610 = ORIENTED_EDGE('',*,*,#1611,.T.);
#1611 = EDGE_CURVE('',#1514,#1562,#1612,.T.);
#1612 = SURFACE_CURVE('',#1613,(#1617,#1624),.PCURVE_S1.);
#1613 = LINE('',#1614,#1615);
#1614 = CARTESIAN_POINT('',(-2.465,3.39,-0.535));
#1615 = VECTOR('',#1616,1.);
#1616 = DIRECTION('',(0.,0.,-1.));
#1617 = PCURVE('',#407,#1618);
#1618 = DEFINITIONAL_REPRESENTATION('',(#1619),#1623);
#1619 = LINE('',#1620,#1621);
#1620 = CARTESIAN_POINT('',(0.,-5.));
#1621 = VECTOR('',#1622,1.);
#1622 = DIRECTION('',(1.,0.));
#1623 = ( GEOMETRIC_REPRESENTATION_CONTEXT(2) 
PARAMETRIC_REPRESENTATION_CONTEXT() REPRESENTATION_CONTEXT('2D SPACE',''
  ) );
#1624 = PCURVE('',#1475,#1625);
#1625 = DEFINITIONAL_REPRESENTATION('',(#1626),#1630);
#1626 = LINE('',#1627,#1628);
#1627 = CARTESIAN_POINT('',(-0.965,-0.965));
#1628 = VECTOR('',#1629,1.);
#1629 = DIRECTION('',(1.,0.));
#1630 = ( GEOMETRIC_REPRESENTATION_CONTEXT(2) 
PARAMETRIC_REPRESENTATION_CONTEXT() REPRESENTATION_CONTEXT('2D SPACE',''
  ) );
#1631 = ORIENTED_EDGE('',*,*,#1561,.F.);
#1632 = ADVANCED_FACE('',(#1633),#461,.T.);
#1633 = FACE_BOUND('',#1634,.T.);
#1634 = EDGE_LOOP('',(#1635,#1636,#1659,#1687));
#1635 = ORIENTED_EDGE('',*,*,#444,.T.);
#1636 = ORIENTED_EDGE('',*,*,#1637,.T.);
#1637 = EDGE_CURVE('',#447,#1638,#1640,.T.);
#1638 = VERTEX_POINT('',#1639);
#1639 = CARTESIAN_POINT('',(2.465,3.39,0.535));
#1640 = SURFACE_CURVE('',#1641,(#1645,#1652),.PCURVE_S1.);
#1641 = LINE('',#1642,#1643);
#1642 = CARTESIAN_POINT('',(2.465,8.39,0.535));
#1643 = VECTOR('',#1644,1.);
#1644 = DIRECTION('',(0.,-1.,0.));
#1645 = PCURVE('',#461,#1646);
#1646 = DEFINITIONAL_REPRESENTATION('',(#1647),#1651);
#1647 = LINE('',#1648,#1649);
#1648 = CARTESIAN_POINT('',(0.,0.));
#1649 = VECTOR('',#1650,1.);
#1650 = DIRECTION('',(0.,-1.));
#1651 = ( GEOMETRIC_REPRESENTATION_CONTEXT(2) 
PARAMETRIC_REPRESENTATION_CONTEXT() REPRESENTATION_CONTEXT('2D SPACE',''
  ) );
#1652 = PCURVE('',#487,#1653);
#1653 = DEFINITIONAL_REPRESENTATION('',(#1654),#1658);
#1654 = LINE('',#1655,#1656);
#1655 = CARTESIAN_POINT('',(1.93,0.));
#1656 = VECTOR('',#1657,1.);
#1657 = DIRECTION('',(0.,-1.));
#1658 = ( GEOMETRIC_REPRESENTATION_CONTEXT(2) 
PARAMETRIC_REPRESENTATION_CONTEXT() REPRESENTATION_CONTEXT('2D SPACE',''
  ) );
#1659 = ORIENTED_EDGE('',*,*,#1660,.T.);
#1660 = EDGE_CURVE('',#1638,#1661,#1663,.T.);
#1661 = VERTEX_POINT('',#1662);
#1662 = CARTESIAN_POINT('',(2.465,3.39,2.465));
#1663 = SURFACE_CURVE('',#1664,(#1668,#1675),.PCURVE_S1.);
#1664 = LINE('',#1665,#1666);
#1665 = CARTESIAN_POINT('',(2.465,3.39,0.535));
#1666 = VECTOR('',#1667,1.);
#1667 = DIRECTION('',(0.,0.,1.));
#1668 = PCURVE('',#461,#1669);
#1669 = DEFINITIONAL_REPRESENTATION('',(#1670),#1674);
#1670 = LINE('',#1671,#1672);
#1671 = CARTESIAN_POINT('',(0.,-5.));
#1672 = VECTOR('',#1673,1.);
#1673 = DIRECTION('',(1.,0.));
#1674 = ( GEOMETRIC_REPRESENTATION_CONTEXT(2) 
PARAMETRIC_REPRESENTATION_CONTEXT() REPRESENTATION_CONTEXT('2D SPACE',''
  ) );
#1675 = PCURVE('',#1676,#1681);
#1676 = PLANE('',#1677);
#1677 = AXIS2_PLACEMENT_3D('',#1678,#1679,#1680);
#1678 = CARTESIAN_POINT('',(1.5,3.39,1.5));
#1679 = DIRECTION('',(-0.,-1.,-0.));
#1680 = DIRECTION('',(0.,0.,-1.));
#1681 = DEFINITIONAL_REPRESENTATION('',(#1682),#1686);
#1682 = LINE('',#1683,#1684);
#1683 = CARTESIAN_POINT('',(0.965,0.965));
#1684 = VECTOR('',#1685,1.);
#1685 = DIRECTION('',(-1.,0.));
#1686 = ( GEOMETRIC_REPRESENTATION_CONTEXT(2) 
PARAMETRIC_REPRESENTATION_CONTEXT() REPRESENTATION_CONTEXT('2D SPACE',''
  ) );
#1687 = ORIENTED_EDGE('',*,*,#1688,.F.);
#1688 = EDGE_CURVE('',#445,#1661,#1689,.T.);
#1689 = SURFACE_CURVE('',#1690,(#1694,#1701),.PCURVE_S1.);
#1690 = LINE('',#1691,#1692);
#1691 = CARTESIAN_POINT('',(2.465,8.39,2.465));
#1692 = VECTOR('',#1693,1.);
#1693 = DIRECTION('',(0.,-1.,0.));
#1694 = PCURVE('',#461,#1695);
#1695 = DEFINITIONAL_REPRESENTATION('',(#1696),#1700);
#1696 = LINE('',#1697,#1698);
#1697 = CARTESIAN_POINT('',(1.93,0.));
#1698 = VECTOR('',#1699,1.);
#1699 = DIRECTION('',(0.,-1.));
#1700 = ( GEOMETRIC_REPRESENTATION_CONTEXT(2) 
PARAMETRIC_REPRESENTATION_CONTEXT() REPRESENTATION_CONTEXT('2D SPACE',''
  ) );
#1701 = PCURVE('',#537,#1702);
#1702 = DEFINITIONAL_REPRESENTATION('',(#1703),#1707);
#1703 = LINE('',#1704,#1705);
#1704 = CARTESIAN_POINT('',(0.,0.));
#1705 = VECTOR('',#1706,1.);
#1706 = DIRECTION('',(0.,-1.));
#1707 = ( GEOMETRIC_REPRESENTATION_CONTEXT(2) 
PARAMETRIC_REPRESENTATION_CONTEXT() REPRESENTATION_CONTEXT('2D SPACE',''
  ) );
#1708 = ADVANCED_FACE('',(#1709),#537,.T.);
#1709 = FACE_BOUND('',#1710,.T.);
#1710 = EDGE_LOOP('',(#1711,#1712,#1713,#1736));
#1711 = ORIENTED_EDGE('',*,*,#524,.T.);
#1712 = ORIENTED_EDGE('',*,*,#1688,.T.);
#1713 = ORIENTED_EDGE('',*,*,#1714,.T.);
#1714 = EDGE_CURVE('',#1661,#1715,#1717,.T.);
#1715 = VERTEX_POINT('',#1716);
#1716 = CARTESIAN_POINT('',(0.535,3.39,2.465));
#1717 = SURFACE_CURVE('',#1718,(#1722,#1729),.PCURVE_S1.);
#1718 = LINE('',#1719,#1720);
#1719 = CARTESIAN_POINT('',(2.465,3.39,2.465));
#1720 = VECTOR('',#1721,1.);
#1721 = DIRECTION('',(-1.,0.,0.));
#1722 = PCURVE('',#537,#1723);
#1723 = DEFINITIONAL_REPRESENTATION('',(#1724),#1728);
#1724 = LINE('',#1725,#1726);
#1725 = CARTESIAN_POINT('',(0.,-5.));
#1726 = VECTOR('',#1727,1.);
#1727 = DIRECTION('',(1.,0.));
#1728 = ( GEOMETRIC_REPRESENTATION_CONTEXT(2) 
PARAMETRIC_REPRESENTATION_CONTEXT() REPRESENTATION_CONTEXT('2D SPACE',''
  ) );
#1729 = PCURVE('',#1676,#1730);
#1730 = DEFINITIONAL_REPRESENTATION('',(#1731),#1735);
#1731 = LINE('',#1732,#1733);
#1732 = CARTESIAN_POINT('',(-0.965,0.965));
#1733 = VECTOR('',#1734,1.);
#1734 = DIRECTION('',(0.,-1.));
#1735 = ( GEOMETRIC_REPRESENTATION_CONTEXT(2) 
PARAMETRIC_REPRESENTATION_CONTEXT() REPRESENTATION_CONTEXT('2D SPACE',''
  ) );
#1736 = ORIENTED_EDGE('',*,*,#1737,.F.);
#1737 = EDGE_CURVE('',#499,#1715,#1738,.T.);
#1738 = SURFACE_CURVE('',#1739,(#1743,#1750),.PCURVE_S1.);
#1739 = LINE('',#1740,#1741);
#1740 = CARTESIAN_POINT('',(0.535,8.39,2.465));
#1741 = VECTOR('',#1742,1.);
#1742 = DIRECTION('',(0.,-1.,0.));
#1743 = PCURVE('',#537,#1744);
#1744 = DEFINITIONAL_REPRESENTATION('',(#1745),#1749);
#1745 = LINE('',#1746,#1747);
#1746 = CARTESIAN_POINT('',(1.93,0.));
#1747 = VECTOR('',#1748,1.);
#1748 = DIRECTION('',(0.,-1.));
#1749 = ( GEOMETRIC_REPRESENTATION_CONTEXT(2) 
PARAMETRIC_REPRESENTATION_CONTEXT() REPRESENTATION_CONTEXT('2D SPACE',''
  ) );
#1750 = PCURVE('',#513,#1751);
#1751 = DEFINITIONAL_REPRESENTATION('',(#1752),#1756);
#1752 = LINE('',#1753,#1754);
#1753 = CARTESIAN_POINT('',(0.,0.));
#1754 = VECTOR('',#1755,1.);
#1755 = DIRECTION('',(0.,-1.));
#1756 = ( GEOMETRIC_REPRESENTATION_CONTEXT(2) 
PARAMETRIC_REPRESENTATION_CONTEXT() REPRESENTATION_CONTEXT('2D SPACE',''
  ) );
#1757 = ADVANCED_FACE('',(#1758),#513,.T.);
#1758 = FACE_BOUND('',#1759,.T.);
#1759 = EDGE_LOOP('',(#1760,#1761,#1762,#1785));
#1760 = ORIENTED_EDGE('',*,*,#498,.T.);
#1761 = ORIENTED_EDGE('',*,*,#1737,.T.);
#1762 = ORIENTED_EDGE('',*,*,#1763,.T.);
#1763 = EDGE_CURVE('',#1715,#1764,#1766,.T.);
#1764 = VERTEX_POINT('',#1765);
#1765 = CARTESIAN_POINT('',(0.535,3.39,0.535));
#1766 = SURFACE_CURVE('',#1767,(#1771,#1778),.PCURVE_S1.);
#1767 = LINE('',#1768,#1769);
#1768 = CARTESIAN_POINT('',(0.535,3.39,2.465));
#1769 = VECTOR('',#1770,1.);
#1770 = DIRECTION('',(0.,0.,-1.));
#1771 = PCURVE('',#513,#1772);
#1772 = DEFINITIONAL_REPRESENTATION('',(#1773),#1777);
#1773 = LINE('',#1774,#1775);
#1774 = CARTESIAN_POINT('',(0.,-5.));
#1775 = VECTOR('',#1776,1.);
#1776 = DIRECTION('',(1.,0.));
#1777 = ( GEOMETRIC_REPRESENTATION_CONTEXT(2) 
PARAMETRIC_REPRESENTATION_CONTEXT() REPRESENTATION_CONTEXT('2D SPACE',''
  ) );
#1778 = PCURVE('',#1676,#1779);
#1779 = DEFINITIONAL_REPRESENTATION('',(#1780),#1784);
#1780 = LINE('',#1781,#1782);
#1781 = CARTESIAN_POINT('',(-0.965,-0.965));
#1782 = VECTOR('',#1783,1.);
#1783 = DIRECTION('',(1.,0.));
#1784 = ( GEOMETRIC_REPRESENTATION_CONTEXT(2) 
PARAMETRIC_REPRESENTATION_CONTEXT() REPRESENTATION_CONTEXT('2D SPACE',''
  ) );
#1785 = ORIENTED_EDGE('',*,*,#1786,.F.);
#1786 = EDGE_CURVE('',#473,#1764,#1787,.T.);
#1787 = SURFACE_CURVE('',#1788,(#1792,#1799),.PCURVE_S1.);
#1788 = LINE('',#1789,#1790);
#1789 = CARTESIAN_POINT('',(0.535,8.39,0.535));
#1790 = VECTOR('',#1791,1.);
#1791 = DIRECTION('',(0.,-1.,0.));
#1792 = PCURVE('',#513,#1793);
#1793 = DEFINITIONAL_REPRESENTATION('',(#1794),#1798);
#1794 = LINE('',#1795,#1796);
#1795 = CARTESIAN_POINT('',(1.93,0.));
#1796 = VECTOR('',#1797,1.);
#1797 = DIRECTION('',(0.,-1.));
#1798 = ( GEOMETRIC_REPRESENTATION_CONTEXT(2) 
PARAMETRIC_REPRESENTATION_CONTEXT() REPRESENTATION_CONTEXT('2D SPACE',''
  ) );
#1799 = PCURVE('',#487,#1800);
#1800 = DEFINITIONAL_REPRESENTATION('',(#1801),#1805);
#1801 = LINE('',#1802,#1803);
#1802 = CARTESIAN_POINT('',(0.,0.));
#1803 = VECTOR('',#1804,1.);
#1804 = DIRECTION('',(0.,-1.));
#1805 = ( GEOMETRIC_REPRESENTATION_CONTEXT(2) 
PARAMETRIC_REPRESENTATION_CONTEXT() REPRESENTATION_CONTEXT('2D SPACE',''
  ) );
#1806 = ADVANCED_FACE('',(#1807),#487,.T.);
#1807 = FACE_BOUND('',#1808,.T.);
#1808 = EDGE_LOOP('',(#1809,#1810,#1811,#1832));
#1809 = ORIENTED_EDGE('',*,*,#472,.T.);
#1810 = ORIENTED_EDGE('',*,*,#1786,.T.);
#1811 = ORIENTED_EDGE('',*,*,#1812,.T.);
#1812 = EDGE_CURVE('',#1764,#1638,#1813,.T.);
#1813 = SURFACE_CURVE('',#1814,(#1818,#1825),.PCURVE_S1.);
#1814 = LINE('',#1815,#1816);
#1815 = CARTESIAN_POINT('',(0.535,3.39,0.535));
#1816 = VECTOR('',#1817,1.);
#1817 = DIRECTION('',(1.,0.,0.));
#1818 = PCURVE('',#487,#1819);
#1819 = DEFINITIONAL_REPRESENTATION('',(#1820),#1824);
#1820 = LINE('',#1821,#1822);
#1821 = CARTESIAN_POINT('',(0.,-5.));
#1822 = VECTOR('',#1823,1.);
#1823 = DIRECTION('',(1.,0.));
#1824 = ( GEOMETRIC_REPRESENTATION_CONTEXT(2) 
PARAMETRIC_REPRESENTATION_CONTEXT() REPRESENTATION_CONTEXT('2D SPACE',''
  ) );
#1825 = PCURVE('',#1676,#1826);
#1826 = DEFINITIONAL_REPRESENTATION('',(#1827),#1831);
#1827 = LINE('',#1828,#1829);
#1828 = CARTESIAN_POINT('',(0.965,-0.965));
#1829 = VECTOR('',#1830,1.);
#1830 = DIRECTION('',(0.,1.));
#1831 = ( GEOMETRIC_REPRESENTATION_CONTEXT(2) 
PARAMETRIC_REPRESENTATION_CONTEXT() REPRESENTATION_CONTEXT('2D SPACE',''
  ) );
#1832 = ORIENTED_EDGE('',*,*,#1637,.F.);
#1833 = ADVANCED_FACE('',(#1834),#567,.T.);
#1834 = FACE_BOUND('',#1835,.T.);
#1835 = EDGE_LOOP('',(#1836,#1837,#1860,#1888));
#1836 = ORIENTED_EDGE('',*,*,#550,.T.);
#1837 = ORIENTED_EDGE('',*,*,#1838,.T.);
#1838 = EDGE_CURVE('',#553,#1839,#1841,.T.);
#1839 = VERTEX_POINT('',#1840);
#1840 = CARTESIAN_POINT('',(2.465,3.39,-2.465));
#1841 = SURFACE_CURVE('',#1842,(#1846,#1853),.PCURVE_S1.);
#1842 = LINE('',#1843,#1844);
#1843 = CARTESIAN_POINT('',(2.465,8.39,-2.465));
#1844 = VECTOR('',#1845,1.);
#1845 = DIRECTION('',(0.,-1.,0.));
#1846 = PCURVE('',#567,#1847);
#1847 = DEFINITIONAL_REPRESENTATION('',(#1848),#1852);
#1848 = LINE('',#1849,#1850);
#1849 = CARTESIAN_POINT('',(0.,0.));
#1850 = VECTOR('',#1851,1.);
#1851 = DIRECTION('',(0.,-1.));
#1852 = ( GEOMETRIC_REPRESENTATION_CONTEXT(2) 
PARAMETRIC_REPRESENTATION_CONTEXT() REPRESENTATION_CONTEXT('2D SPACE',''
  ) );
#1853 = PCURVE('',#593,#1854);
#1854 = DEFINITIONAL_REPRESENTATION('',(#1855),#1859);
#1855 = LINE('',#1856,#1857);
#1856 = CARTESIAN_POINT('',(1.93,0.));
#1857 = VECTOR('',#1858,1.);
#1858 = DIRECTION('',(0.,-1.));
#1859 = ( GEOMETRIC_REPRESENTATION_CONTEXT(2) 
PARAMETRIC_REPRESENTATION_CONTEXT() REPRESENTATION_CONTEXT('2D SPACE',''
  ) );
#1860 = ORIENTED_EDGE('',*,*,#1861,.T.);
#1861 = EDGE_CURVE('',#1839,#1862,#1864,.T.);
#1862 = VERTEX_POINT('',#1863);
#1863 = CARTESIAN_POINT('',(2.465,3.39,-0.535));
#1864 = SURFACE_CURVE('',#1865,(#1869,#1876),.PCURVE_S1.);
#1865 = LINE('',#1866,#1867);
#1866 = CARTESIAN_POINT('',(2.465,3.39,-2.465));
#1867 = VECTOR('',#1868,1.);
#1868 = DIRECTION('',(0.,0.,1.));
#1869 = PCURVE('',#567,#1870);
#1870 = DEFINITIONAL_REPRESENTATION('',(#1871),#1875);
#1871 = LINE('',#1872,#1873);
#1872 = CARTESIAN_POINT('',(0.,-5.));
#1873 = VECTOR('',#1874,1.);
#1874 = DIRECTION('',(1.,0.));
#1875 = ( GEOMETRIC_REPRESENTATION_CONTEXT(2) 
PARAMETRIC_REPRESENTATION_CONTEXT() REPRESENTATION_CONTEXT('2D SPACE',''
  ) );
#1876 = PCURVE('',#1877,#1882);
#1877 = PLANE('',#1878);
#1878 = AXIS2_PLACEMENT_3D('',#1879,#1880,#1881);
#1879 = CARTESIAN_POINT('',(1.5,3.39,-1.5));
#1880 = DIRECTION('',(-0.,-1.,-0.));
#1881 = DIRECTION('',(0.,0.,-1.));
#1882 = DEFINITIONAL_REPRESENTATION('',(#1883),#1887);
#1883 = LINE('',#1884,#1885);
#1884 = CARTESIAN_POINT('',(0.965,0.965));
#1885 = VECTOR('',#1886,1.);
#1886 = DIRECTION('',(-1.,0.));
#1887 = ( GEOMETRIC_REPRESENTATION_CONTEXT(2) 
PARAMETRIC_REPRESENTATION_CONTEXT() REPRESENTATION_CONTEXT('2D SPACE',''
  ) );
#1888 = ORIENTED_EDGE('',*,*,#1889,.F.);
#1889 = EDGE_CURVE('',#551,#1862,#1890,.T.);
#1890 = SURFACE_CURVE('',#1891,(#1895,#1902),.PCURVE_S1.);
#1891 = LINE('',#1892,#1893);
#1892 = CARTESIAN_POINT('',(2.465,8.39,-0.535));
#1893 = VECTOR('',#1894,1.);
#1894 = DIRECTION('',(0.,-1.,0.));
#1895 = PCURVE('',#567,#1896);
#1896 = DEFINITIONAL_REPRESENTATION('',(#1897),#1901);
#1897 = LINE('',#1898,#1899);
#1898 = CARTESIAN_POINT('',(1.93,0.));
#1899 = VECTOR('',#1900,1.);
#1900 = DIRECTION('',(0.,-1.));
#1901 = ( GEOMETRIC_REPRESENTATION_CONTEXT(2) 
PARAMETRIC_REPRESENTATION_CONTEXT() REPRESENTATION_CONTEXT('2D SPACE',''
  ) );
#1902 = PCURVE('',#643,#1903);
#1903 = DEFINITIONAL_REPRESENTATION('',(#1904),#1908);
#1904 = LINE('',#1905,#1906);
#1905 = CARTESIAN_POINT('',(0.,0.));
#1906 = VECTOR('',#1907,1.);
#1907 = DIRECTION('',(0.,-1.));
#1908 = ( GEOMETRIC_REPRESENTATION_CONTEXT(2) 
PARAMETRIC_REPRESENTATION_CONTEXT() REPRESENTATION_CONTEXT('2D SPACE',''
  ) );
#1909 = ADVANCED_FACE('',(#1910),#643,.T.);
#1910 = FACE_BOUND('',#1911,.T.);
#1911 = EDGE_LOOP('',(#1912,#1913,#1914,#1937));
#1912 = ORIENTED_EDGE('',*,*,#630,.T.);
#1913 = ORIENTED_EDGE('',*,*,#1889,.T.);
#1914 = ORIENTED_EDGE('',*,*,#1915,.T.);
#1915 = EDGE_CURVE('',#1862,#1916,#1918,.T.);
#1916 = VERTEX_POINT('',#1917);
#1917 = CARTESIAN_POINT('',(0.535,3.39,-0.535));
#1918 = SURFACE_CURVE('',#1919,(#1923,#1930),.PCURVE_S1.);
#1919 = LINE('',#1920,#1921);
#1920 = CARTESIAN_POINT('',(2.465,3.39,-0.535));
#1921 = VECTOR('',#1922,1.);
#1922 = DIRECTION('',(-1.,0.,0.));
#1923 = PCURVE('',#643,#1924);
#1924 = DEFINITIONAL_REPRESENTATION('',(#1925),#1929);
#1925 = LINE('',#1926,#1927);
#1926 = CARTESIAN_POINT('',(0.,-5.));
#1927 = VECTOR('',#1928,1.);
#1928 = DIRECTION('',(1.,0.));
#1929 = ( GEOMETRIC_REPRESENTATION_CONTEXT(2) 
PARAMETRIC_REPRESENTATION_CONTEXT() REPRESENTATION_CONTEXT('2D SPACE',''
  ) );
#1930 = PCURVE('',#1877,#1931);
#1931 = DEFINITIONAL_REPRESENTATION('',(#1932),#1936);
#1932 = LINE('',#1933,#1934);
#1933 = CARTESIAN_POINT('',(-0.965,0.965));
#1934 = VECTOR('',#1935,1.);
#1935 = DIRECTION('',(0.,-1.));
#1936 = ( GEOMETRIC_REPRESENTATION_CONTEXT(2) 
PARAMETRIC_REPRESENTATION_CONTEXT() REPRESENTATION_CONTEXT('2D SPACE',''
  ) );
#1937 = ORIENTED_EDGE('',*,*,#1938,.F.);
#1938 = EDGE_CURVE('',#605,#1916,#1939,.T.);
#1939 = SURFACE_CURVE('',#1940,(#1944,#1951),.PCURVE_S1.);
#1940 = LINE('',#1941,#1942);
#1941 = CARTESIAN_POINT('',(0.535,8.39,-0.535));
#1942 = VECTOR('',#1943,1.);
#1943 = DIRECTION('',(0.,-1.,0.));
#1944 = PCURVE('',#643,#1945);
#1945 = DEFINITIONAL_REPRESENTATION('',(#1946),#1950);
#1946 = LINE('',#1947,#1948);
#1947 = CARTESIAN_POINT('',(1.93,0.));
#1948 = VECTOR('',#1949,1.);
#1949 = DIRECTION('',(0.,-1.));
#1950 = ( GEOMETRIC_REPRESENTATION_CONTEXT(2) 
PARAMETRIC_REPRESENTATION_CONTEXT() REPRESENTATION_CONTEXT('2D SPACE',''
  ) );
#1951 = PCURVE('',#619,#1952);
#1952 = DEFINITIONAL_REPRESENTATION('',(#1953),#1957);
#1953 = LINE('',#1954,#1955);
#1954 = CARTESIAN_POINT('',(0.,0.));
#1955 = VECTOR('',#1956,1.);
#1956 = DIRECTION('',(0.,-1.));
#1957 = ( GEOMETRIC_REPRESENTATION_CONTEXT(2) 
PARAMETRIC_REPRESENTATION_CONTEXT() REPRESENTATION_CONTEXT('2D SPACE',''
  ) );
#1958 = ADVANCED_FACE('',(#1959),#593,.T.);
#1959 = FACE_BOUND('',#1960,.T.);
#1960 = EDGE_LOOP('',(#1961,#1962,#1985,#2006));
#1961 = ORIENTED_EDGE('',*,*,#578,.T.);
#1962 = ORIENTED_EDGE('',*,*,#1963,.T.);
#1963 = EDGE_CURVE('',#579,#1964,#1966,.T.);
#1964 = VERTEX_POINT('',#1965);
#1965 = CARTESIAN_POINT('',(0.535,3.39,-2.465));
#1966 = SURFACE_CURVE('',#1967,(#1971,#1978),.PCURVE_S1.);
#1967 = LINE('',#1968,#1969);
#1968 = CARTESIAN_POINT('',(0.535,8.39,-2.465));
#1969 = VECTOR('',#1970,1.);
#1970 = DIRECTION('',(0.,-1.,0.));
#1971 = PCURVE('',#593,#1972);
#1972 = DEFINITIONAL_REPRESENTATION('',(#1973),#1977);
#1973 = LINE('',#1974,#1975);
#1974 = CARTESIAN_POINT('',(0.,0.));
#1975 = VECTOR('',#1976,1.);
#1976 = DIRECTION('',(0.,-1.));
#1977 = ( GEOMETRIC_REPRESENTATION_CONTEXT(2) 
PARAMETRIC_REPRESENTATION_CONTEXT() REPRESENTATION_CONTEXT('2D SPACE',''
  ) );
#1978 = PCURVE('',#619,#1979);
#1979 = DEFINITIONAL_REPRESENTATION('',(#1980),#1984);
#1980 = LINE('',#1981,#1982);
#1981 = CARTESIAN_POINT('',(1.93,0.));
#1982 = VECTOR('',#1983,1.);
#1983 = DIRECTION('',(0.,-1.));
#1984 = ( GEOMETRIC_REPRESENTATION_CONTEXT(2) 
PARAMETRIC_REPRESENTATION_CONTEXT() REPRESENTATION_CONTEXT('2D SPACE',''
  ) );
#1985 = ORIENTED_EDGE('',*,*,#1986,.T.);
#1986 = EDGE_CURVE('',#1964,#1839,#1987,.T.);
#1987 = SURFACE_CURVE('',#1988,(#1992,#1999),.PCURVE_S1.);
#1988 = LINE('',#1989,#1990);
#1989 = CARTESIAN_POINT('',(0.535,3.39,-2.465));
#1990 = VECTOR('',#1991,1.);
#1991 = DIRECTION('',(1.,0.,0.));
#1992 = PCURVE('',#593,#1993);
#1993 = DEFINITIONAL_REPRESENTATION('',(#1994),#1998);
#1994 = LINE('',#1995,#1996);
#1995 = CARTESIAN_POINT('',(0.,-5.));
#1996 = VECTOR('',#1997,1.);
#1997 = DIRECTION('',(1.,0.));
#1998 = ( GEOMETRIC_REPRESENTATION_CONTEXT(2) 
PARAMETRIC_REPRESENTATION_CONTEXT() REPRESENTATION_CONTEXT('2D SPACE',''
  ) );
#1999 = PCURVE('',#1877,#2000);
#2000 = DEFINITIONAL_REPRESENTATION('',(#2001),#2005);
#2001 = LINE('',#2002,#2003);
#2002 = CARTESIAN_POINT('',(0.965,-0.965));
#2003 = VECTOR('',#2004,1.);
#2004 = DIRECTION('',(0.,1.));
#2005 = ( GEOMETRIC_REPRESENTATION_CONTEXT(2) 
PARAMETRIC_REPRESENTATION_CONTEXT() REPRESENTATION_CONTEXT('2D SPACE',''
  ) );
#2006 = ORIENTED_EDGE('',*,*,#1838,.F.);
#2007 = ADVANCED_FACE('',(#2008),#619,.T.);
#2008 = FACE_BOUND('',#2009,.T.);
#2009 = EDGE_LOOP('',(#2010,#2011,#2012,#2033));
#2010 = ORIENTED_EDGE('',*,*,#604,.T.);
#2011 = ORIENTED_EDGE('',*,*,#1938,.T.);
#2012 = ORIENTED_EDGE('',*,*,#2013,.T.);
#2013 = EDGE_CURVE('',#1916,#1964,#2014,.T.);
#2014 = SURFACE_CURVE('',#2015,(#2019,#2026),.PCURVE_S1.);
#2015 = LINE('',#2016,#2017);
#2016 = CARTESIAN_POINT('',(0.535,3.39,-0.535));
#2017 = VECTOR('',#2018,1.);
#2018 = DIRECTION('',(0.,0.,-1.));
#2019 = PCURVE('',#619,#2020);
#2020 = DEFINITIONAL_REPRESENTATION('',(#2021),#2025);
#2021 = LINE('',#2022,#2023);
#2022 = CARTESIAN_POINT('',(0.,-5.));
#2023 = VECTOR('',#2024,1.);
#2024 = DIRECTION('',(1.,0.));
#2025 = ( GEOMETRIC_REPRESENTATION_CONTEXT(2) 
PARAMETRIC_REPRESENTATION_CONTEXT() REPRESENTATION_CONTEXT('2D SPACE',''
  ) );
#2026 = PCURVE('',#1877,#2027);
#2027 = DEFINITIONAL_REPRESENTATION('',(#2028),#2032);
#2028 = LINE('',#2029,#2030);
#2029 = CARTESIAN_POINT('',(-0.965,-0.965));
#2030 = VECTOR('',#2031,1.);
#2031 = DIRECTION('',(1.,0.));
#2032 = ( GEOMETRIC_REPRESENTATION_CONTEXT(2) 
PARAMETRIC_REPRESENTATION_CONTEXT() REPRESENTATION_CONTEXT('2D SPACE',''
  ) );
#2033 = ORIENTED_EDGE('',*,*,#1963,.F.);
#2034 = ADVANCED_FACE('',(#2035),#834,.T.);
#2035 = FACE_BOUND('',#2036,.T.);
#2036 = EDGE_LOOP('',(#2037,#2058,#2059,#2060));
#2037 = ORIENTED_EDGE('',*,*,#2038,.T.);
#2038 = EDGE_CURVE('',#1054,#791,#2039,.T.);
#2039 = SURFACE_CURVE('',#2040,(#2044,#2051),.PCURVE_S1.);
#2040 = LINE('',#2041,#2042);
#2041 = CARTESIAN_POINT('',(-3.425,-8.51,-3.425));
#2042 = VECTOR('',#2043,1.);
#2043 = DIRECTION('',(1.,0.,0.));
#2044 = PCURVE('',#834,#2045);
#2045 = DEFINITIONAL_REPRESENTATION('',(#2046),#2050);
#2046 = LINE('',#2047,#2048);
#2047 = CARTESIAN_POINT('',(3.425,-3.425));
#2048 = VECTOR('',#2049,1.);
#2049 = DIRECTION('',(0.,1.));
#2050 = ( GEOMETRIC_REPRESENTATION_CONTEXT(2) 
PARAMETRIC_REPRESENTATION_CONTEXT() REPRESENTATION_CONTEXT('2D SPACE',''
  ) );
#2051 = PCURVE('',#806,#2052);
#2052 = DEFINITIONAL_REPRESENTATION('',(#2053),#2057);
#2053 = LINE('',#2054,#2055);
#2054 = CARTESIAN_POINT('',(0.,-16.89));
#2055 = VECTOR('',#2056,1.);
#2056 = DIRECTION('',(1.,0.));
#2057 = ( GEOMETRIC_REPRESENTATION_CONTEXT(2) 
PARAMETRIC_REPRESENTATION_CONTEXT() REPRESENTATION_CONTEXT('2D SPACE',''
  ) );
#2058 = ORIENTED_EDGE('',*,*,#818,.T.);
#2059 = ORIENTED_EDGE('',*,*,#1208,.T.);
#2060 = ORIENTED_EDGE('',*,*,#1053,.T.);
#2061 = ADVANCED_FACE('',(#2062),#806,.F.);
#2062 = FACE_BOUND('',#2063,.F.);
#2063 = EDGE_LOOP('',(#2064,#2092,#2118,#2119,#2120,#2121));
#2064 = ORIENTED_EDGE('',*,*,#2065,.T.);
#2065 = EDGE_CURVE('',#2066,#2068,#2070,.T.);
#2066 = VERTEX_POINT('',#2067);
#2067 = CARTESIAN_POINT('',(3.425,0.,-3.425));
#2068 = VERTEX_POINT('',#2069);
#2069 = CARTESIAN_POINT('',(-3.425,0.,-3.425));
#2070 = SURFACE_CURVE('',#2071,(#2075,#2081),.PCURVE_S1.);
#2071 = LINE('',#2072,#2073);
#2072 = CARTESIAN_POINT('',(-4.7125,0.,-3.425));
#2073 = VECTOR('',#2074,1.);
#2074 = DIRECTION('',(-1.,0.,0.));
#2075 = PCURVE('',#806,#2076);
#2076 = DEFINITIONAL_REPRESENTATION('',(#2077),#2080);
#2077 = B_SPLINE_CURVE_WITH_KNOTS('',1,(#2078,#2079),.UNSPECIFIED.,.F.,
  .F.,(2,2),(-8.1375,-1.2875),.PIECEWISE_BEZIER_KNOTS.);
#2078 = CARTESIAN_POINT('',(6.85,-8.38));
#2079 = CARTESIAN_POINT('',(0.,-8.38));
#2080 = ( GEOMETRIC_REPRESENTATION_CONTEXT(2) 
PARAMETRIC_REPRESENTATION_CONTEXT() REPRESENTATION_CONTEXT('2D SPACE',''
  ) );
#2081 = PCURVE('',#2082,#2087);
#2082 = PLANE('',#2083);
#2083 = AXIS2_PLACEMENT_3D('',#2084,#2085,#2086);
#2084 = CARTESIAN_POINT('',(-6.,0.,-4.105));
#2085 = DIRECTION('',(-0.,1.,0.));
#2086 = DIRECTION('',(0.,0.,1.));
#2087 = DEFINITIONAL_REPRESENTATION('',(#2088),#2091);
#2088 = B_SPLINE_CURVE_WITH_KNOTS('',1,(#2089,#2090),.UNSPECIFIED.,.F.,
  .F.,(2,2),(-8.1375,-1.2875),.PIECEWISE_BEZIER_KNOTS.);
#2089 = CARTESIAN_POINT('',(0.68,9.425));
#2090 = CARTESIAN_POINT('',(0.68,2.575));
#2091 = ( GEOMETRIC_REPRESENTATION_CONTEXT(2) 
PARAMETRIC_REPRESENTATION_CONTEXT() REPRESENTATION_CONTEXT('2D SPACE',''
  ) );
#2092 = ORIENTED_EDGE('',*,*,#2093,.T.);
#2093 = EDGE_CURVE('',#2068,#1077,#2094,.T.);
#2094 = SURFACE_CURVE('',#2095,(#2099,#2106),.PCURVE_S1.);
#2095 = LINE('',#2096,#2097);
#2096 = CARTESIAN_POINT('',(-3.425,8.38,-3.425));
#2097 = VECTOR('',#2098,1.);
#2098 = DIRECTION('',(0.,-1.,0.));
#2099 = PCURVE('',#806,#2100);
#2100 = DEFINITIONAL_REPRESENTATION('',(#2101),#2105);
#2101 = LINE('',#2102,#2103);
#2102 = CARTESIAN_POINT('',(0.,0.));
#2103 = VECTOR('',#2104,1.);
#2104 = DIRECTION('',(0.,-1.));
#2105 = ( GEOMETRIC_REPRESENTATION_CONTEXT(2) 
PARAMETRIC_REPRESENTATION_CONTEXT() REPRESENTATION_CONTEXT('2D SPACE',''
  ) );
#2106 = PCURVE('',#2107,#2112);
#2107 = PLANE('',#2108);
#2108 = AXIS2_PLACEMENT_3D('',#2109,#2110,#2111);
#2109 = CARTESIAN_POINT('',(-3.425,-7.,-3.455));
#2110 = DIRECTION('',(-1.,0.,0.));
#2111 = DIRECTION('',(0.,1.,0.));
#2112 = DEFINITIONAL_REPRESENTATION('',(#2113),#2117);
#2113 = LINE('',#2114,#2115);
#2114 = CARTESIAN_POINT('',(15.38,-3.E-02));
#2115 = VECTOR('',#2116,1.);
#2116 = DIRECTION('',(-1.,0.));
#2117 = ( GEOMETRIC_REPRESENTATION_CONTEXT(2) 
PARAMETRIC_REPRESENTATION_CONTEXT() REPRESENTATION_CONTEXT('2D SPACE',''
  ) );
#2118 = ORIENTED_EDGE('',*,*,#1076,.T.);
#2119 = ORIENTED_EDGE('',*,*,#2038,.T.);
#2120 = ORIENTED_EDGE('',*,*,#790,.F.);
#2121 = ORIENTED_EDGE('',*,*,#2122,.F.);
#2122 = EDGE_CURVE('',#2066,#763,#2123,.T.);
#2123 = SURFACE_CURVE('',#2124,(#2128,#2135),.PCURVE_S1.);
#2124 = LINE('',#2125,#2126);
#2125 = CARTESIAN_POINT('',(3.425,8.38,-3.425));
#2126 = VECTOR('',#2127,1.);
#2127 = DIRECTION('',(0.,-1.,0.));
#2128 = PCURVE('',#806,#2129);
#2129 = DEFINITIONAL_REPRESENTATION('',(#2130),#2134);
#2130 = LINE('',#2131,#2132);
#2131 = CARTESIAN_POINT('',(6.85,0.));
#2132 = VECTOR('',#2133,1.);
#2133 = DIRECTION('',(0.,-1.));
#2134 = ( GEOMETRIC_REPRESENTATION_CONTEXT(2) 
PARAMETRIC_REPRESENTATION_CONTEXT() REPRESENTATION_CONTEXT('2D SPACE',''
  ) );
#2135 = PCURVE('',#2136,#2141);
#2136 = PLANE('',#2137);
#2137 = AXIS2_PLACEMENT_3D('',#2138,#2139,#2140);
#2138 = CARTESIAN_POINT('',(3.425,-7.,-3.455));
#2139 = DIRECTION('',(-1.,0.,0.));
#2140 = DIRECTION('',(0.,1.,0.));
#2141 = DEFINITIONAL_REPRESENTATION('',(#2142),#2146);
#2142 = LINE('',#2143,#2144);
#2143 = CARTESIAN_POINT('',(15.38,-3.E-02));
#2144 = VECTOR('',#2145,1.);
#2145 = DIRECTION('',(-1.,0.));
#2146 = ( GEOMETRIC_REPRESENTATION_CONTEXT(2) 
PARAMETRIC_REPRESENTATION_CONTEXT() REPRESENTATION_CONTEXT('2D SPACE',''
  ) );
#2147 = ADVANCED_FACE('',(#2148),#778,.T.);
#2148 = FACE_BOUND('',#2149,.T.);
#2149 = EDGE_LOOP('',(#2150,#2175,#2196,#2197,#2220));
#2150 = ORIENTED_EDGE('',*,*,#2151,.T.);
#2151 = EDGE_CURVE('',#2152,#2154,#2156,.T.);
#2152 = VERTEX_POINT('',#2153);
#2153 = CARTESIAN_POINT('',(5.35,-2.2,-3.455));
#2154 = VERTEX_POINT('',#2155);
#2155 = CARTESIAN_POINT('',(5.35,-2.2,0.405));
#2156 = SURFACE_CURVE('',#2157,(#2161,#2168),.PCURVE_S1.);
#2157 = LINE('',#2158,#2159);
#2158 = CARTESIAN_POINT('',(5.35,-2.2,-3.455));
#2159 = VECTOR('',#2160,1.);
#2160 = DIRECTION('',(0.,0.,1.));
#2161 = PCURVE('',#778,#2162);
#2162 = DEFINITIONAL_REPRESENTATION('',(#2163),#2167);
#2163 = LINE('',#2164,#2165);
#2164 = CARTESIAN_POINT('',(0.,0.));
#2165 = VECTOR('',#2166,1.);
#2166 = DIRECTION('',(0.,-1.));
#2167 = ( GEOMETRIC_REPRESENTATION_CONTEXT(2) 
PARAMETRIC_REPRESENTATION_CONTEXT() REPRESENTATION_CONTEXT('2D SPACE',''
  ) );
#2168 = PCURVE('',#722,#2169);
#2169 = DEFINITIONAL_REPRESENTATION('',(#2170),#2174);
#2170 = LINE('',#2171,#2172);
#2171 = CARTESIAN_POINT('',(3.235061823211,0.));
#2172 = VECTOR('',#2173,1.);
#2173 = DIRECTION('',(0.,-1.));
#2174 = ( GEOMETRIC_REPRESENTATION_CONTEXT(2) 
PARAMETRIC_REPRESENTATION_CONTEXT() REPRESENTATION_CONTEXT('2D SPACE',''
  ) );
#2175 = ORIENTED_EDGE('',*,*,#2176,.T.);
#2176 = EDGE_CURVE('',#2154,#735,#2177,.T.);
#2177 = SURFACE_CURVE('',#2178,(#2182,#2189),.PCURVE_S1.);
#2178 = LINE('',#2179,#2180);
#2179 = CARTESIAN_POINT('',(5.35,-2.2,0.405));
#2180 = VECTOR('',#2181,1.);
#2181 = DIRECTION('',(-0.372223988405,-0.928142932126,0.));
#2182 = PCURVE('',#778,#2183);
#2183 = DEFINITIONAL_REPRESENTATION('',(#2184),#2188);
#2184 = LINE('',#2185,#2186);
#2185 = CARTESIAN_POINT('',(0.,-3.86));
#2186 = VECTOR('',#2187,1.);
#2187 = DIRECTION('',(1.,0.));
#2188 = ( GEOMETRIC_REPRESENTATION_CONTEXT(2) 
PARAMETRIC_REPRESENTATION_CONTEXT() REPRESENTATION_CONTEXT('2D SPACE',''
  ) );
#2189 = PCURVE('',#750,#2190);
#2190 = DEFINITIONAL_REPRESENTATION('',(#2191),#2195);
#2191 = LINE('',#2192,#2193);
#2192 = CARTESIAN_POINT('',(-1.413100658504,1.034138857169));
#2193 = VECTOR('',#2194,1.);
#2194 = DIRECTION('',(0.372223988405,-0.928142932126));
#2195 = ( GEOMETRIC_REPRESENTATION_CONTEXT(2) 
PARAMETRIC_REPRESENTATION_CONTEXT() REPRESENTATION_CONTEXT('2D SPACE',''
  ) );
#2196 = ORIENTED_EDGE('',*,*,#762,.F.);
#2197 = ORIENTED_EDGE('',*,*,#2198,.F.);
#2198 = EDGE_CURVE('',#2199,#763,#2201,.T.);
#2199 = VERTEX_POINT('',#2200);
#2200 = CARTESIAN_POINT('',(3.425,-7.,-3.455));
#2201 = SURFACE_CURVE('',#2202,(#2206,#2213),.PCURVE_S1.);
#2202 = LINE('',#2203,#2204);
#2203 = CARTESIAN_POINT('',(3.425,-7.,-3.455));
#2204 = VECTOR('',#2205,1.);
#2205 = DIRECTION('',(0.,0.,1.));
#2206 = PCURVE('',#778,#2207);
#2207 = DEFINITIONAL_REPRESENTATION('',(#2208),#2212);
#2208 = LINE('',#2209,#2210);
#2209 = CARTESIAN_POINT('',(5.171617251886,0.));
#2210 = VECTOR('',#2211,1.);
#2211 = DIRECTION('',(0.,-1.));
#2212 = ( GEOMETRIC_REPRESENTATION_CONTEXT(2) 
PARAMETRIC_REPRESENTATION_CONTEXT() REPRESENTATION_CONTEXT('2D SPACE',''
  ) );
#2213 = PCURVE('',#2136,#2214);
#2214 = DEFINITIONAL_REPRESENTATION('',(#2215),#2219);
#2215 = LINE('',#2216,#2217);
#2216 = CARTESIAN_POINT('',(0.,0.));
#2217 = VECTOR('',#2218,1.);
#2218 = DIRECTION('',(0.,-1.));
#2219 = ( GEOMETRIC_REPRESENTATION_CONTEXT(2) 
PARAMETRIC_REPRESENTATION_CONTEXT() REPRESENTATION_CONTEXT('2D SPACE',''
  ) );
#2220 = ORIENTED_EDGE('',*,*,#2221,.F.);
#2221 = EDGE_CURVE('',#2152,#2199,#2222,.T.);
#2222 = SURFACE_CURVE('',#2223,(#2227,#2234),.PCURVE_S1.);
#2223 = LINE('',#2224,#2225);
#2224 = CARTESIAN_POINT('',(5.35,-2.2,-3.455));
#2225 = VECTOR('',#2226,1.);
#2226 = DIRECTION('',(-0.372223988405,-0.928142932126,0.));
#2227 = PCURVE('',#778,#2228);
#2228 = DEFINITIONAL_REPRESENTATION('',(#2229),#2233);
#2229 = LINE('',#2230,#2231);
#2230 = CARTESIAN_POINT('',(0.,0.));
#2231 = VECTOR('',#2232,1.);
#2232 = DIRECTION('',(1.,0.));
#2233 = ( GEOMETRIC_REPRESENTATION_CONTEXT(2) 
PARAMETRIC_REPRESENTATION_CONTEXT() REPRESENTATION_CONTEXT('2D SPACE',''
  ) );
#2234 = PCURVE('',#2235,#2240);
#2235 = PLANE('',#2236);
#2236 = AXIS2_PLACEMENT_3D('',#2237,#2238,#2239);
#2237 = CARTESIAN_POINT('',(3.936899341496,-3.234138857169,-3.455));
#2238 = DIRECTION('',(-0.,-0.,-1.));
#2239 = DIRECTION('',(-1.,0.,0.));
#2240 = DEFINITIONAL_REPRESENTATION('',(#2241),#2245);
#2241 = LINE('',#2242,#2243);
#2242 = CARTESIAN_POINT('',(-1.413100658504,1.034138857169));
#2243 = VECTOR('',#2244,1.);
#2244 = DIRECTION('',(0.372223988405,-0.928142932126));
#2245 = ( GEOMETRIC_REPRESENTATION_CONTEXT(2) 
PARAMETRIC_REPRESENTATION_CONTEXT() REPRESENTATION_CONTEXT('2D SPACE',''
  ) );
#2246 = ADVANCED_FACE('',(#2247),#750,.F.);
#2247 = FACE_BOUND('',#2248,.F.);
#2248 = EDGE_LOOP('',(#2249,#2270,#2271));
#2249 = ORIENTED_EDGE('',*,*,#2250,.T.);
#2250 = EDGE_CURVE('',#707,#2154,#2251,.T.);
#2251 = SURFACE_CURVE('',#2252,(#2256,#2263),.PCURVE_S1.);
#2252 = LINE('',#2253,#2254);
#2253 = CARTESIAN_POINT('',(3.425,0.4,0.405));
#2254 = VECTOR('',#2255,1.);
#2255 = DIRECTION('',(0.595042724126,-0.80369406895,0.));
#2256 = PCURVE('',#750,#2257);
#2257 = DEFINITIONAL_REPRESENTATION('',(#2258),#2262);
#2258 = LINE('',#2259,#2260);
#2259 = CARTESIAN_POINT('',(0.511899341496,3.634138857169));
#2260 = VECTOR('',#2261,1.);
#2261 = DIRECTION('',(-0.595042724126,-0.80369406895));
#2262 = ( GEOMETRIC_REPRESENTATION_CONTEXT(2) 
PARAMETRIC_REPRESENTATION_CONTEXT() REPRESENTATION_CONTEXT('2D SPACE',''
  ) );
#2263 = PCURVE('',#722,#2264);
#2264 = DEFINITIONAL_REPRESENTATION('',(#2265),#2269);
#2265 = LINE('',#2266,#2267);
#2266 = CARTESIAN_POINT('',(0.,-3.86));
#2267 = VECTOR('',#2268,1.);
#2268 = DIRECTION('',(1.,0.));
#2269 = ( GEOMETRIC_REPRESENTATION_CONTEXT(2) 
PARAMETRIC_REPRESENTATION_CONTEXT() REPRESENTATION_CONTEXT('2D SPACE',''
  ) );
#2270 = ORIENTED_EDGE('',*,*,#2176,.T.);
#2271 = ORIENTED_EDGE('',*,*,#734,.T.);
#2272 = ADVANCED_FACE('',(#2273),#722,.T.);
#2273 = FACE_BOUND('',#2274,.T.);
#2274 = EDGE_LOOP('',(#2275,#2298,#2319,#2338,#2339,#2340));
#2275 = ORIENTED_EDGE('',*,*,#2276,.F.);
#2276 = EDGE_CURVE('',#2277,#2152,#2279,.T.);
#2277 = VERTEX_POINT('',#2278);
#2278 = CARTESIAN_POINT('',(3.721153846154,4.337158162795E-19,-3.455));
#2279 = SURFACE_CURVE('',#2280,(#2284,#2291),.PCURVE_S1.);
#2280 = LINE('',#2281,#2282);
#2281 = CARTESIAN_POINT('',(3.425,0.4,-3.455));
#2282 = VECTOR('',#2283,1.);
#2283 = DIRECTION('',(0.595042724126,-0.80369406895,0.));
#2284 = PCURVE('',#722,#2285);
#2285 = DEFINITIONAL_REPRESENTATION('',(#2286),#2290);
#2286 = LINE('',#2287,#2288);
#2287 = CARTESIAN_POINT('',(0.,0.));
#2288 = VECTOR('',#2289,1.);
#2289 = DIRECTION('',(1.,0.));
#2290 = ( GEOMETRIC_REPRESENTATION_CONTEXT(2) 
PARAMETRIC_REPRESENTATION_CONTEXT() REPRESENTATION_CONTEXT('2D SPACE',''
  ) );
#2291 = PCURVE('',#2235,#2292);
#2292 = DEFINITIONAL_REPRESENTATION('',(#2293),#2297);
#2293 = LINE('',#2294,#2295);
#2294 = CARTESIAN_POINT('',(0.511899341496,3.634138857169));
#2295 = VECTOR('',#2296,1.);
#2296 = DIRECTION('',(-0.595042724126,-0.80369406895));
#2297 = ( GEOMETRIC_REPRESENTATION_CONTEXT(2) 
PARAMETRIC_REPRESENTATION_CONTEXT() REPRESENTATION_CONTEXT('2D SPACE',''
  ) );
#2298 = ORIENTED_EDGE('',*,*,#2299,.T.);
#2299 = EDGE_CURVE('',#2277,#2300,#2302,.T.);
#2300 = VERTEX_POINT('',#2301);
#2301 = CARTESIAN_POINT('',(3.721153846154,0.,-3.305));
#2302 = SURFACE_CURVE('',#2303,(#2307,#2313),.PCURVE_S1.);
#2303 = LINE('',#2304,#2305);
#2304 = CARTESIAN_POINT('',(3.721153846154,-2.322425406663E-17,-3.78));
#2305 = VECTOR('',#2306,1.);
#2306 = DIRECTION('',(0.,0.,1.));
#2307 = PCURVE('',#722,#2308);
#2308 = DEFINITIONAL_REPRESENTATION('',(#2309),#2312);
#2309 = B_SPLINE_CURVE_WITH_KNOTS('',1,(#2310,#2311),.UNSPECIFIED.,.F.,
  .F.,(2,2),(0.325,0.475),.PIECEWISE_BEZIER_KNOTS.);
#2310 = CARTESIAN_POINT('',(0.497701818956,0.));
#2311 = CARTESIAN_POINT('',(0.497701818956,-0.15));
#2312 = ( GEOMETRIC_REPRESENTATION_CONTEXT(2) 
PARAMETRIC_REPRESENTATION_CONTEXT() REPRESENTATION_CONTEXT('2D SPACE',''
  ) );
#2313 = PCURVE('',#2082,#2314);
#2314 = DEFINITIONAL_REPRESENTATION('',(#2315),#2318);
#2315 = B_SPLINE_CURVE_WITH_KNOTS('',1,(#2316,#2317),.UNSPECIFIED.,.F.,
  .F.,(2,2),(0.325,0.475),.PIECEWISE_BEZIER_KNOTS.);
#2316 = CARTESIAN_POINT('',(0.65,9.721153846154));
#2317 = CARTESIAN_POINT('',(0.8,9.721153846154));
#2318 = ( GEOMETRIC_REPRESENTATION_CONTEXT(2) 
PARAMETRIC_REPRESENTATION_CONTEXT() REPRESENTATION_CONTEXT('2D SPACE',''
  ) );
#2319 = ORIENTED_EDGE('',*,*,#2320,.F.);
#2320 = EDGE_CURVE('',#681,#2300,#2321,.T.);
#2321 = SURFACE_CURVE('',#2322,(#2326,#2332),.PCURVE_S1.);
#2322 = LINE('',#2323,#2324);
#2323 = CARTESIAN_POINT('',(1.85206404897,2.524484920872,-3.305));
#2324 = VECTOR('',#2325,1.);
#2325 = DIRECTION('',(0.595042724126,-0.80369406895,0.));
#2326 = PCURVE('',#722,#2327);
#2327 = DEFINITIONAL_REPRESENTATION('',(#2328),#2331);
#2328 = B_SPLINE_CURVE_WITH_KNOTS('',1,(#2329,#2330),.UNSPECIFIED.,.F.,
  .F.,(2,2),(2.643400023654,3.14110184261),.PIECEWISE_BEZIER_KNOTS.);
#2329 = CARTESIAN_POINT('',(0.,-0.15));
#2330 = CARTESIAN_POINT('',(0.497701818956,-0.15));
#2331 = ( GEOMETRIC_REPRESENTATION_CONTEXT(2) 
PARAMETRIC_REPRESENTATION_CONTEXT() REPRESENTATION_CONTEXT('2D SPACE',''
  ) );
#2332 = PCURVE('',#695,#2333);
#2333 = DEFINITIONAL_REPRESENTATION('',(#2334),#2337);
#2334 = B_SPLINE_CURVE_WITH_KNOTS('',1,(#2335,#2336),.UNSPECIFIED.,.F.,
  .F.,(2,2),(2.643400023654,3.14110184261),.PIECEWISE_BEZIER_KNOTS.);
#2335 = CARTESIAN_POINT('',(9.425,0.4));
#2336 = CARTESIAN_POINT('',(9.721153846154,-2.150096887236E-16));
#2337 = ( GEOMETRIC_REPRESENTATION_CONTEXT(2) 
PARAMETRIC_REPRESENTATION_CONTEXT() REPRESENTATION_CONTEXT('2D SPACE',''
  ) );
#2338 = ORIENTED_EDGE('',*,*,#706,.T.);
#2339 = ORIENTED_EDGE('',*,*,#2250,.T.);
#2340 = ORIENTED_EDGE('',*,*,#2151,.F.);
#2341 = ADVANCED_FACE('',(#2342),#695,.T.);
#2342 = FACE_BOUND('',#2343,.T.);
#2343 = EDGE_LOOP('',(#2344,#2345,#2346,#2347,#2370));
#2344 = ORIENTED_EDGE('',*,*,#1005,.F.);
#2345 = ORIENTED_EDGE('',*,*,#680,.F.);
#2346 = ORIENTED_EDGE('',*,*,#2320,.T.);
#2347 = ORIENTED_EDGE('',*,*,#2348,.T.);
#2348 = EDGE_CURVE('',#2300,#2349,#2351,.T.);
#2349 = VERTEX_POINT('',#2350);
#2350 = CARTESIAN_POINT('',(6.,0.,-3.305));
#2351 = SURFACE_CURVE('',#2352,(#2356,#2363),.PCURVE_S1.);
#2352 = LINE('',#2353,#2354);
#2353 = CARTESIAN_POINT('',(-6.,0.,-3.305));
#2354 = VECTOR('',#2355,1.);
#2355 = DIRECTION('',(1.,0.,-0.));
#2356 = PCURVE('',#695,#2357);
#2357 = DEFINITIONAL_REPRESENTATION('',(#2358),#2362);
#2358 = LINE('',#2359,#2360);
#2359 = CARTESIAN_POINT('',(0.,0.));
#2360 = VECTOR('',#2361,1.);
#2361 = DIRECTION('',(1.,0.));
#2362 = ( GEOMETRIC_REPRESENTATION_CONTEXT(2) 
PARAMETRIC_REPRESENTATION_CONTEXT() REPRESENTATION_CONTEXT('2D SPACE',''
  ) );
#2363 = PCURVE('',#2082,#2364);
#2364 = DEFINITIONAL_REPRESENTATION('',(#2365),#2369);
#2365 = LINE('',#2366,#2367);
#2366 = CARTESIAN_POINT('',(0.8,0.));
#2367 = VECTOR('',#2368,1.);
#2368 = DIRECTION('',(0.,1.));
#2369 = ( GEOMETRIC_REPRESENTATION_CONTEXT(2) 
PARAMETRIC_REPRESENTATION_CONTEXT() REPRESENTATION_CONTEXT('2D SPACE',''
  ) );
#2370 = ORIENTED_EDGE('',*,*,#2371,.T.);
#2371 = EDGE_CURVE('',#2349,#873,#2372,.T.);
#2372 = SURFACE_CURVE('',#2373,(#2377,#2384),.PCURVE_S1.);
#2373 = LINE('',#2374,#2375);
#2374 = CARTESIAN_POINT('',(6.,0.,-3.305));
#2375 = VECTOR('',#2376,1.);
#2376 = DIRECTION('',(-0.,1.,0.));
#2377 = PCURVE('',#695,#2378);
#2378 = DEFINITIONAL_REPRESENTATION('',(#2379),#2383);
#2379 = LINE('',#2380,#2381);
#2380 = CARTESIAN_POINT('',(12.,0.));
#2381 = VECTOR('',#2382,1.);
#2382 = DIRECTION('',(0.,1.));
#2383 = ( GEOMETRIC_REPRESENTATION_CONTEXT(2) 
PARAMETRIC_REPRESENTATION_CONTEXT() REPRESENTATION_CONTEXT('2D SPACE',''
  ) );
#2384 = PCURVE('',#888,#2385);
#2385 = DEFINITIONAL_REPRESENTATION('',(#2386),#2390);
#2386 = LINE('',#2387,#2388);
#2387 = CARTESIAN_POINT('',(0.8,0.));
#2388 = VECTOR('',#2389,1.);
#2389 = DIRECTION('',(0.,-1.));
#2390 = ( GEOMETRIC_REPRESENTATION_CONTEXT(2) 
PARAMETRIC_REPRESENTATION_CONTEXT() REPRESENTATION_CONTEXT('2D SPACE',''
  ) );
#2391 = ADVANCED_FACE('',(#2392),#888,.T.);
#2392 = FACE_BOUND('',#2393,.T.);
#2393 = EDGE_LOOP('',(#2394,#2417,#2438,#2439));
#2394 = ORIENTED_EDGE('',*,*,#2395,.F.);
#2395 = EDGE_CURVE('',#2396,#2349,#2398,.T.);
#2396 = VERTEX_POINT('',#2397);
#2397 = CARTESIAN_POINT('',(6.,0.,-4.105));
#2398 = SURFACE_CURVE('',#2399,(#2403,#2410),.PCURVE_S1.);
#2399 = LINE('',#2400,#2401);
#2400 = CARTESIAN_POINT('',(6.,0.,-4.105));
#2401 = VECTOR('',#2402,1.);
#2402 = DIRECTION('',(0.,0.,1.));
#2403 = PCURVE('',#888,#2404);
#2404 = DEFINITIONAL_REPRESENTATION('',(#2405),#2409);
#2405 = LINE('',#2406,#2407);
#2406 = CARTESIAN_POINT('',(0.,0.));
#2407 = VECTOR('',#2408,1.);
#2408 = DIRECTION('',(1.,0.));
#2409 = ( GEOMETRIC_REPRESENTATION_CONTEXT(2) 
PARAMETRIC_REPRESENTATION_CONTEXT() REPRESENTATION_CONTEXT('2D SPACE',''
  ) );
#2410 = PCURVE('',#2082,#2411);
#2411 = DEFINITIONAL_REPRESENTATION('',(#2412),#2416);
#2412 = LINE('',#2413,#2414);
#2413 = CARTESIAN_POINT('',(0.,12.));
#2414 = VECTOR('',#2415,1.);
#2415 = DIRECTION('',(1.,0.));
#2416 = ( GEOMETRIC_REPRESENTATION_CONTEXT(2) 
PARAMETRIC_REPRESENTATION_CONTEXT() REPRESENTATION_CONTEXT('2D SPACE',''
  ) );
#2417 = ORIENTED_EDGE('',*,*,#2418,.T.);
#2418 = EDGE_CURVE('',#2396,#871,#2419,.T.);
#2419 = SURFACE_CURVE('',#2420,(#2424,#2431),.PCURVE_S1.);
#2420 = LINE('',#2421,#2422);
#2421 = CARTESIAN_POINT('',(6.,0.,-4.105));
#2422 = VECTOR('',#2423,1.);
#2423 = DIRECTION('',(-0.,1.,0.));
#2424 = PCURVE('',#888,#2425);
#2425 = DEFINITIONAL_REPRESENTATION('',(#2426),#2430);
#2426 = LINE('',#2427,#2428);
#2427 = CARTESIAN_POINT('',(0.,0.));
#2428 = VECTOR('',#2429,1.);
#2429 = DIRECTION('',(0.,-1.));
#2430 = ( GEOMETRIC_REPRESENTATION_CONTEXT(2) 
PARAMETRIC_REPRESENTATION_CONTEXT() REPRESENTATION_CONTEXT('2D SPACE',''
  ) );
#2431 = PCURVE('',#916,#2432);
#2432 = DEFINITIONAL_REPRESENTATION('',(#2433),#2437);
#2433 = LINE('',#2434,#2435);
#2434 = CARTESIAN_POINT('',(12.,0.));
#2435 = VECTOR('',#2436,1.);
#2436 = DIRECTION('',(0.,1.));
#2437 = ( GEOMETRIC_REPRESENTATION_CONTEXT(2) 
PARAMETRIC_REPRESENTATION_CONTEXT() REPRESENTATION_CONTEXT('2D SPACE',''
  ) );
#2438 = ORIENTED_EDGE('',*,*,#870,.T.);
#2439 = ORIENTED_EDGE('',*,*,#2371,.F.);
#2440 = ADVANCED_FACE('',(#2441),#972,.T.);
#2441 = FACE_BOUND('',#2442,.T.);
#2442 = EDGE_LOOP('',(#2443,#2444,#2467,#2490,#2509));
#2443 = ORIENTED_EDGE('',*,*,#956,.F.);
#2444 = ORIENTED_EDGE('',*,*,#2445,.F.);
#2445 = EDGE_CURVE('',#2446,#929,#2448,.T.);
#2446 = VERTEX_POINT('',#2447);
#2447 = CARTESIAN_POINT('',(-6.,0.,-3.305));
#2448 = SURFACE_CURVE('',#2449,(#2453,#2460),.PCURVE_S1.);
#2449 = LINE('',#2450,#2451);
#2450 = CARTESIAN_POINT('',(-6.,0.,-3.305));
#2451 = VECTOR('',#2452,1.);
#2452 = DIRECTION('',(-0.,1.,0.));
#2453 = PCURVE('',#972,#2454);
#2454 = DEFINITIONAL_REPRESENTATION('',(#2455),#2459);
#2455 = LINE('',#2456,#2457);
#2456 = CARTESIAN_POINT('',(0.,0.));
#2457 = VECTOR('',#2458,1.);
#2458 = DIRECTION('',(0.,1.));
#2459 = ( GEOMETRIC_REPRESENTATION_CONTEXT(2) 
PARAMETRIC_REPRESENTATION_CONTEXT() REPRESENTATION_CONTEXT('2D SPACE',''
  ) );
#2460 = PCURVE('',#944,#2461);
#2461 = DEFINITIONAL_REPRESENTATION('',(#2462),#2466);
#2462 = LINE('',#2463,#2464);
#2463 = CARTESIAN_POINT('',(0.8,0.));
#2464 = VECTOR('',#2465,1.);
#2465 = DIRECTION('',(0.,-1.));
#2466 = ( GEOMETRIC_REPRESENTATION_CONTEXT(2) 
PARAMETRIC_REPRESENTATION_CONTEXT() REPRESENTATION_CONTEXT('2D SPACE',''
  ) );
#2467 = ORIENTED_EDGE('',*,*,#2468,.T.);
#2468 = EDGE_CURVE('',#2446,#2469,#2471,.T.);
#2469 = VERTEX_POINT('',#2470);
#2470 = CARTESIAN_POINT('',(-3.721153846154,0.,-3.305));
#2471 = SURFACE_CURVE('',#2472,(#2476,#2483),.PCURVE_S1.);
#2472 = LINE('',#2473,#2474);
#2473 = CARTESIAN_POINT('',(-6.,0.,-3.305));
#2474 = VECTOR('',#2475,1.);
#2475 = DIRECTION('',(1.,0.,-0.));
#2476 = PCURVE('',#972,#2477);
#2477 = DEFINITIONAL_REPRESENTATION('',(#2478),#2482);
#2478 = LINE('',#2479,#2480);
#2479 = CARTESIAN_POINT('',(0.,0.));
#2480 = VECTOR('',#2481,1.);
#2481 = DIRECTION('',(1.,0.));
#2482 = ( GEOMETRIC_REPRESENTATION_CONTEXT(2) 
PARAMETRIC_REPRESENTATION_CONTEXT() REPRESENTATION_CONTEXT('2D SPACE',''
  ) );
#2483 = PCURVE('',#2082,#2484);
#2484 = DEFINITIONAL_REPRESENTATION('',(#2485),#2489);
#2485 = LINE('',#2486,#2487);
#2486 = CARTESIAN_POINT('',(0.8,0.));
#2487 = VECTOR('',#2488,1.);
#2488 = DIRECTION('',(0.,1.));
#2489 = ( GEOMETRIC_REPRESENTATION_CONTEXT(2) 
PARAMETRIC_REPRESENTATION_CONTEXT() REPRESENTATION_CONTEXT('2D SPACE',''
  ) );
#2490 = ORIENTED_EDGE('',*,*,#2491,.F.);
#2491 = EDGE_CURVE('',#1156,#2469,#2492,.T.);
#2492 = SURFACE_CURVE('',#2493,(#2497,#2503),.PCURVE_S1.);
#2493 = LINE('',#2494,#2495);
#2494 = CARTESIAN_POINT('',(-3.976519110182,-0.344908928038,-3.305));
#2495 = VECTOR('',#2496,1.);
#2496 = DIRECTION('',(-0.595042724126,-0.80369406895,0.));
#2497 = PCURVE('',#972,#2498);
#2498 = DEFINITIONAL_REPRESENTATION('',(#2499),#2502);
#2499 = B_SPLINE_CURVE_WITH_KNOTS('',1,(#2500,#2501),.UNSPECIFIED.,.F.,
  .F.,(2,2),(-0.926856321102,-0.429154502147),.PIECEWISE_BEZIER_KNOTS.);
#2500 = CARTESIAN_POINT('',(2.575,0.4));
#2501 = CARTESIAN_POINT('',(2.278846153846,3.087975705387E-17));
#2502 = ( GEOMETRIC_REPRESENTATION_CONTEXT(2) 
PARAMETRIC_REPRESENTATION_CONTEXT() REPRESENTATION_CONTEXT('2D SPACE',''
  ) );
#2503 = PCURVE('',#1171,#2504);
#2504 = DEFINITIONAL_REPRESENTATION('',(#2505),#2508);
#2505 = B_SPLINE_CURVE_WITH_KNOTS('',1,(#2506,#2507),.UNSPECIFIED.,.F.,
  .F.,(2,2),(-0.926856321102,-0.429154502147),.PIECEWISE_BEZIER_KNOTS.);
#2506 = CARTESIAN_POINT('',(0.,-0.15));
#2507 = CARTESIAN_POINT('',(0.497701818956,-0.15));
#2508 = ( GEOMETRIC_REPRESENTATION_CONTEXT(2) 
PARAMETRIC_REPRESENTATION_CONTEXT() REPRESENTATION_CONTEXT('2D SPACE',''
  ) );
#2509 = ORIENTED_EDGE('',*,*,#1183,.F.);
#2510 = ADVANCED_FACE('',(#2511),#944,.F.);
#2511 = FACE_BOUND('',#2512,.F.);
#2512 = EDGE_LOOP('',(#2513,#2536,#2557,#2558));
#2513 = ORIENTED_EDGE('',*,*,#2514,.F.);
#2514 = EDGE_CURVE('',#2515,#2446,#2517,.T.);
#2515 = VERTEX_POINT('',#2516);
#2516 = CARTESIAN_POINT('',(-6.,0.,-4.105));
#2517 = SURFACE_CURVE('',#2518,(#2522,#2529),.PCURVE_S1.);
#2518 = LINE('',#2519,#2520);
#2519 = CARTESIAN_POINT('',(-6.,0.,-4.105));
#2520 = VECTOR('',#2521,1.);
#2521 = DIRECTION('',(0.,0.,1.));
#2522 = PCURVE('',#944,#2523);
#2523 = DEFINITIONAL_REPRESENTATION('',(#2524),#2528);
#2524 = LINE('',#2525,#2526);
#2525 = CARTESIAN_POINT('',(0.,0.));
#2526 = VECTOR('',#2527,1.);
#2527 = DIRECTION('',(1.,0.));
#2528 = ( GEOMETRIC_REPRESENTATION_CONTEXT(2) 
PARAMETRIC_REPRESENTATION_CONTEXT() REPRESENTATION_CONTEXT('2D SPACE',''
  ) );
#2529 = PCURVE('',#2082,#2530);
#2530 = DEFINITIONAL_REPRESENTATION('',(#2531),#2535);
#2531 = LINE('',#2532,#2533);
#2532 = CARTESIAN_POINT('',(0.,0.));
#2533 = VECTOR('',#2534,1.);
#2534 = DIRECTION('',(1.,0.));
#2535 = ( GEOMETRIC_REPRESENTATION_CONTEXT(2) 
PARAMETRIC_REPRESENTATION_CONTEXT() REPRESENTATION_CONTEXT('2D SPACE',''
  ) );
#2536 = ORIENTED_EDGE('',*,*,#2537,.T.);
#2537 = EDGE_CURVE('',#2515,#901,#2538,.T.);
#2538 = SURFACE_CURVE('',#2539,(#2543,#2550),.PCURVE_S1.);
#2539 = LINE('',#2540,#2541);
#2540 = CARTESIAN_POINT('',(-6.,0.,-4.105));
#2541 = VECTOR('',#2542,1.);
#2542 = DIRECTION('',(-0.,1.,0.));
#2543 = PCURVE('',#944,#2544);
#2544 = DEFINITIONAL_REPRESENTATION('',(#2545),#2549);
#2545 = LINE('',#2546,#2547);
#2546 = CARTESIAN_POINT('',(0.,0.));
#2547 = VECTOR('',#2548,1.);
#2548 = DIRECTION('',(0.,-1.));
#2549 = ( GEOMETRIC_REPRESENTATION_CONTEXT(2) 
PARAMETRIC_REPRESENTATION_CONTEXT() REPRESENTATION_CONTEXT('2D SPACE',''
  ) );
#2550 = PCURVE('',#916,#2551);
#2551 = DEFINITIONAL_REPRESENTATION('',(#2552),#2556);
#2552 = LINE('',#2553,#2554);
#2553 = CARTESIAN_POINT('',(0.,0.));
#2554 = VECTOR('',#2555,1.);
#2555 = DIRECTION('',(0.,1.));
#2556 = ( GEOMETRIC_REPRESENTATION_CONTEXT(2) 
PARAMETRIC_REPRESENTATION_CONTEXT() REPRESENTATION_CONTEXT('2D SPACE',''
  ) );
#2557 = ORIENTED_EDGE('',*,*,#928,.T.);
#2558 = ORIENTED_EDGE('',*,*,#2445,.F.);
#2559 = ADVANCED_FACE('',(#2560),#916,.F.);
#2560 = FACE_BOUND('',#2561,.F.);
#2561 = EDGE_LOOP('',(#2562,#2563,#2584,#2585));
#2562 = ORIENTED_EDGE('',*,*,#2537,.F.);
#2563 = ORIENTED_EDGE('',*,*,#2564,.T.);
#2564 = EDGE_CURVE('',#2515,#2396,#2565,.T.);
#2565 = SURFACE_CURVE('',#2566,(#2570,#2577),.PCURVE_S1.);
#2566 = LINE('',#2567,#2568);
#2567 = CARTESIAN_POINT('',(-6.,0.,-4.105));
#2568 = VECTOR('',#2569,1.);
#2569 = DIRECTION('',(1.,0.,-0.));
#2570 = PCURVE('',#916,#2571);
#2571 = DEFINITIONAL_REPRESENTATION('',(#2572),#2576);
#2572 = LINE('',#2573,#2574);
#2573 = CARTESIAN_POINT('',(0.,0.));
#2574 = VECTOR('',#2575,1.);
#2575 = DIRECTION('',(1.,0.));
#2576 = ( GEOMETRIC_REPRESENTATION_CONTEXT(2) 
PARAMETRIC_REPRESENTATION_CONTEXT() REPRESENTATION_CONTEXT('2D SPACE',''
  ) );
#2577 = PCURVE('',#2082,#2578);
#2578 = DEFINITIONAL_REPRESENTATION('',(#2579),#2583);
#2579 = LINE('',#2580,#2581);
#2580 = CARTESIAN_POINT('',(0.,0.));
#2581 = VECTOR('',#2582,1.);
#2582 = DIRECTION('',(0.,1.));
#2583 = ( GEOMETRIC_REPRESENTATION_CONTEXT(2) 
PARAMETRIC_REPRESENTATION_CONTEXT() REPRESENTATION_CONTEXT('2D SPACE',''
  ) );
#2584 = ORIENTED_EDGE('',*,*,#2418,.T.);
#2585 = ORIENTED_EDGE('',*,*,#900,.F.);
#2586 = ADVANCED_FACE('',(#2587),#1171,.F.);
#2587 = FACE_BOUND('',#2588,.F.);
#2588 = EDGE_LOOP('',(#2589,#2619,#2638,#2639,#2640,#2663));
#2589 = ORIENTED_EDGE('',*,*,#2590,.F.);
#2590 = EDGE_CURVE('',#2591,#2593,#2595,.T.);
#2591 = VERTEX_POINT('',#2592);
#2592 = CARTESIAN_POINT('',(-3.721153846154,4.337158162795E-19,-3.455));
#2593 = VERTEX_POINT('',#2594);
#2594 = CARTESIAN_POINT('',(-5.35,-2.2,-3.455));
#2595 = SURFACE_CURVE('',#2596,(#2600,#2607),.PCURVE_S1.);
#2596 = LINE('',#2597,#2598);
#2597 = CARTESIAN_POINT('',(-3.425,0.4,-3.455));
#2598 = VECTOR('',#2599,1.);
#2599 = DIRECTION('',(-0.595042724126,-0.80369406895,0.));
#2600 = PCURVE('',#1171,#2601);
#2601 = DEFINITIONAL_REPRESENTATION('',(#2602),#2606);
#2602 = LINE('',#2603,#2604);
#2603 = CARTESIAN_POINT('',(0.,0.));
#2604 = VECTOR('',#2605,1.);
#2605 = DIRECTION('',(1.,0.));
#2606 = ( GEOMETRIC_REPRESENTATION_CONTEXT(2) 
PARAMETRIC_REPRESENTATION_CONTEXT() REPRESENTATION_CONTEXT('2D SPACE',''
  ) );
#2607 = PCURVE('',#2608,#2613);
#2608 = PLANE('',#2609);
#2609 = AXIS2_PLACEMENT_3D('',#2610,#2611,#2612);
#2610 = CARTESIAN_POINT('',(-3.936899341496,-3.234138857169,-3.455));
#2611 = DIRECTION('',(0.,0.,1.));
#2612 = DIRECTION('',(1.,0.,-0.));
#2613 = DEFINITIONAL_REPRESENTATION('',(#2614),#2618);
#2614 = LINE('',#2615,#2616);
#2615 = CARTESIAN_POINT('',(0.511899341496,3.634138857169));
#2616 = VECTOR('',#2617,1.);
#2617 = DIRECTION('',(-0.595042724126,-0.80369406895));
#2618 = ( GEOMETRIC_REPRESENTATION_CONTEXT(2) 
PARAMETRIC_REPRESENTATION_CONTEXT() REPRESENTATION_CONTEXT('2D SPACE',''
  ) );
#2619 = ORIENTED_EDGE('',*,*,#2620,.T.);
#2620 = EDGE_CURVE('',#2591,#2469,#2621,.T.);
#2621 = SURFACE_CURVE('',#2622,(#2626,#2632),.PCURVE_S1.);
#2622 = LINE('',#2623,#2624);
#2623 = CARTESIAN_POINT('',(-3.721153846154,-2.322425406663E-17,-3.78));
#2624 = VECTOR('',#2625,1.);
#2625 = DIRECTION('',(-0.,-0.,1.));
#2626 = PCURVE('',#1171,#2627);
#2627 = DEFINITIONAL_REPRESENTATION('',(#2628),#2631);
#2628 = B_SPLINE_CURVE_WITH_KNOTS('',1,(#2629,#2630),.UNSPECIFIED.,.F.,
  .F.,(2,2),(0.325,0.475),.PIECEWISE_BEZIER_KNOTS.);
#2629 = CARTESIAN_POINT('',(0.497701818956,0.));
#2630 = CARTESIAN_POINT('',(0.497701818956,-0.15));
#2631 = ( GEOMETRIC_REPRESENTATION_CONTEXT(2) 
PARAMETRIC_REPRESENTATION_CONTEXT() REPRESENTATION_CONTEXT('2D SPACE',''
  ) );
#2632 = PCURVE('',#2082,#2633);
#2633 = DEFINITIONAL_REPRESENTATION('',(#2634),#2637);
#2634 = B_SPLINE_CURVE_WITH_KNOTS('',1,(#2635,#2636),.UNSPECIFIED.,.F.,
  .F.,(2,2),(0.325,0.475),.PIECEWISE_BEZIER_KNOTS.);
#2635 = CARTESIAN_POINT('',(0.65,2.278846153846));
#2636 = CARTESIAN_POINT('',(0.8,2.278846153846));
#2637 = ( GEOMETRIC_REPRESENTATION_CONTEXT(2) 
PARAMETRIC_REPRESENTATION_CONTEXT() REPRESENTATION_CONTEXT('2D SPACE',''
  ) );
#2638 = ORIENTED_EDGE('',*,*,#2491,.F.);
#2639 = ORIENTED_EDGE('',*,*,#1155,.T.);
#2640 = ORIENTED_EDGE('',*,*,#2641,.T.);
#2641 = EDGE_CURVE('',#1128,#2642,#2644,.T.);
#2642 = VERTEX_POINT('',#2643);
#2643 = CARTESIAN_POINT('',(-5.35,-2.2,0.405));
#2644 = SURFACE_CURVE('',#2645,(#2649,#2656),.PCURVE_S1.);
#2645 = LINE('',#2646,#2647);
#2646 = CARTESIAN_POINT('',(-3.425,0.4,0.405));
#2647 = VECTOR('',#2648,1.);
#2648 = DIRECTION('',(-0.595042724126,-0.80369406895,0.));
#2649 = PCURVE('',#1171,#2650);
#2650 = DEFINITIONAL_REPRESENTATION('',(#2651),#2655);
#2651 = LINE('',#2652,#2653);
#2652 = CARTESIAN_POINT('',(0.,-3.86));
#2653 = VECTOR('',#2654,1.);
#2654 = DIRECTION('',(1.,0.));
#2655 = ( GEOMETRIC_REPRESENTATION_CONTEXT(2) 
PARAMETRIC_REPRESENTATION_CONTEXT() REPRESENTATION_CONTEXT('2D SPACE',''
  ) );
#2656 = PCURVE('',#1143,#2657);
#2657 = DEFINITIONAL_REPRESENTATION('',(#2658),#2662);
#2658 = LINE('',#2659,#2660);
#2659 = CARTESIAN_POINT('',(0.511899341496,3.634138857169));
#2660 = VECTOR('',#2661,1.);
#2661 = DIRECTION('',(-0.595042724126,-0.80369406895));
#2662 = ( GEOMETRIC_REPRESENTATION_CONTEXT(2) 
PARAMETRIC_REPRESENTATION_CONTEXT() REPRESENTATION_CONTEXT('2D SPACE',''
  ) );
#2663 = ORIENTED_EDGE('',*,*,#2664,.F.);
#2664 = EDGE_CURVE('',#2593,#2642,#2665,.T.);
#2665 = SURFACE_CURVE('',#2666,(#2670,#2677),.PCURVE_S1.);
#2666 = LINE('',#2667,#2668);
#2667 = CARTESIAN_POINT('',(-5.35,-2.2,-3.455));
#2668 = VECTOR('',#2669,1.);
#2669 = DIRECTION('',(0.,0.,1.));
#2670 = PCURVE('',#1171,#2671);
#2671 = DEFINITIONAL_REPRESENTATION('',(#2672),#2676);
#2672 = LINE('',#2673,#2674);
#2673 = CARTESIAN_POINT('',(3.235061823211,0.));
#2674 = VECTOR('',#2675,1.);
#2675 = DIRECTION('',(0.,-1.));
#2676 = ( GEOMETRIC_REPRESENTATION_CONTEXT(2) 
PARAMETRIC_REPRESENTATION_CONTEXT() REPRESENTATION_CONTEXT('2D SPACE',''
  ) );
#2677 = PCURVE('',#1115,#2678);
#2678 = DEFINITIONAL_REPRESENTATION('',(#2679),#2683);
#2679 = LINE('',#2680,#2681);
#2680 = CARTESIAN_POINT('',(0.,0.));
#2681 = VECTOR('',#2682,1.);
#2682 = DIRECTION('',(0.,-1.));
#2683 = ( GEOMETRIC_REPRESENTATION_CONTEXT(2) 
PARAMETRIC_REPRESENTATION_CONTEXT() REPRESENTATION_CONTEXT('2D SPACE',''
  ) );
#2684 = ADVANCED_FACE('',(#2685),#1143,.T.);
#2685 = FACE_BOUND('',#2686,.T.);
#2686 = EDGE_LOOP('',(#2687,#2688,#2709));
#2687 = ORIENTED_EDGE('',*,*,#2641,.T.);
#2688 = ORIENTED_EDGE('',*,*,#2689,.T.);
#2689 = EDGE_CURVE('',#2642,#1100,#2690,.T.);
#2690 = SURFACE_CURVE('',#2691,(#2695,#2702),.PCURVE_S1.);
#2691 = LINE('',#2692,#2693);
#2692 = CARTESIAN_POINT('',(-5.35,-2.2,0.405));
#2693 = VECTOR('',#2694,1.);
#2694 = DIRECTION('',(0.372223988405,-0.928142932126,0.));
#2695 = PCURVE('',#1143,#2696);
#2696 = DEFINITIONAL_REPRESENTATION('',(#2697),#2701);
#2697 = LINE('',#2698,#2699);
#2698 = CARTESIAN_POINT('',(-1.413100658504,1.034138857169));
#2699 = VECTOR('',#2700,1.);
#2700 = DIRECTION('',(0.372223988405,-0.928142932126));
#2701 = ( GEOMETRIC_REPRESENTATION_CONTEXT(2) 
PARAMETRIC_REPRESENTATION_CONTEXT() REPRESENTATION_CONTEXT('2D SPACE',''
  ) );
#2702 = PCURVE('',#1115,#2703);
#2703 = DEFINITIONAL_REPRESENTATION('',(#2704),#2708);
#2704 = LINE('',#2705,#2706);
#2705 = CARTESIAN_POINT('',(0.,-3.86));
#2706 = VECTOR('',#2707,1.);
#2707 = DIRECTION('',(1.,0.));
#2708 = ( GEOMETRIC_REPRESENTATION_CONTEXT(2) 
PARAMETRIC_REPRESENTATION_CONTEXT() REPRESENTATION_CONTEXT('2D SPACE',''
  ) );
#2709 = ORIENTED_EDGE('',*,*,#1127,.T.);
#2710 = ADVANCED_FACE('',(#2711),#1115,.F.);
#2711 = FACE_BOUND('',#2712,.F.);
#2712 = EDGE_LOOP('',(#2713,#2714,#2715,#2716,#2739));
#2713 = ORIENTED_EDGE('',*,*,#2664,.T.);
#2714 = ORIENTED_EDGE('',*,*,#2689,.T.);
#2715 = ORIENTED_EDGE('',*,*,#1099,.F.);
#2716 = ORIENTED_EDGE('',*,*,#2717,.F.);
#2717 = EDGE_CURVE('',#2718,#1077,#2720,.T.);
#2718 = VERTEX_POINT('',#2719);
#2719 = CARTESIAN_POINT('',(-3.425,-7.,-3.455));
#2720 = SURFACE_CURVE('',#2721,(#2725,#2732),.PCURVE_S1.);
#2721 = LINE('',#2722,#2723);
#2722 = CARTESIAN_POINT('',(-3.425,-7.,-3.455));
#2723 = VECTOR('',#2724,1.);
#2724 = DIRECTION('',(0.,0.,1.));
#2725 = PCURVE('',#1115,#2726);
#2726 = DEFINITIONAL_REPRESENTATION('',(#2727),#2731);
#2727 = LINE('',#2728,#2729);
#2728 = CARTESIAN_POINT('',(5.171617251886,0.));
#2729 = VECTOR('',#2730,1.);
#2730 = DIRECTION('',(0.,-1.));
#2731 = ( GEOMETRIC_REPRESENTATION_CONTEXT(2) 
PARAMETRIC_REPRESENTATION_CONTEXT() REPRESENTATION_CONTEXT('2D SPACE',''
  ) );
#2732 = PCURVE('',#2107,#2733);
#2733 = DEFINITIONAL_REPRESENTATION('',(#2734),#2738);
#2734 = LINE('',#2735,#2736);
#2735 = CARTESIAN_POINT('',(0.,0.));
#2736 = VECTOR('',#2737,1.);
#2737 = DIRECTION('',(0.,-1.));
#2738 = ( GEOMETRIC_REPRESENTATION_CONTEXT(2) 
PARAMETRIC_REPRESENTATION_CONTEXT() REPRESENTATION_CONTEXT('2D SPACE',''
  ) );
#2739 = ORIENTED_EDGE('',*,*,#2740,.F.);
#2740 = EDGE_CURVE('',#2593,#2718,#2741,.T.);
#2741 = SURFACE_CURVE('',#2742,(#2746,#2753),.PCURVE_S1.);
#2742 = LINE('',#2743,#2744);
#2743 = CARTESIAN_POINT('',(-5.35,-2.2,-3.455));
#2744 = VECTOR('',#2745,1.);
#2745 = DIRECTION('',(0.372223988405,-0.928142932126,0.));
#2746 = PCURVE('',#1115,#2747);
#2747 = DEFINITIONAL_REPRESENTATION('',(#2748),#2752);
#2748 = LINE('',#2749,#2750);
#2749 = CARTESIAN_POINT('',(0.,0.));
#2750 = VECTOR('',#2751,1.);
#2751 = DIRECTION('',(1.,0.));
#2752 = ( GEOMETRIC_REPRESENTATION_CONTEXT(2) 
PARAMETRIC_REPRESENTATION_CONTEXT() REPRESENTATION_CONTEXT('2D SPACE',''
  ) );
#2753 = PCURVE('',#2608,#2754);
#2754 = DEFINITIONAL_REPRESENTATION('',(#2755),#2759);
#2755 = LINE('',#2756,#2757);
#2756 = CARTESIAN_POINT('',(-1.413100658504,1.034138857169));
#2757 = VECTOR('',#2758,1.);
#2758 = DIRECTION('',(0.372223988405,-0.928142932126));
#2759 = ( GEOMETRIC_REPRESENTATION_CONTEXT(2) 
PARAMETRIC_REPRESENTATION_CONTEXT() REPRESENTATION_CONTEXT('2D SPACE',''
  ) );
#2760 = ADVANCED_FACE('',(#2761),#1274,.F.);
#2761 = FACE_BOUND('',#2762,.F.);
#2762 = EDGE_LOOP('',(#2763,#2764,#2765,#2766));
#2763 = ORIENTED_EDGE('',*,*,#1383,.T.);
#2764 = ORIENTED_EDGE('',*,*,#1258,.T.);
#2765 = ORIENTED_EDGE('',*,*,#1312,.T.);
#2766 = ORIENTED_EDGE('',*,*,#1410,.T.);
#2767 = ADVANCED_FACE('',(#2768),#1475,.F.);
#2768 = FACE_BOUND('',#2769,.F.);
#2769 = EDGE_LOOP('',(#2770,#2771,#2772,#2773));
#2770 = ORIENTED_EDGE('',*,*,#1584,.T.);
#2771 = ORIENTED_EDGE('',*,*,#1459,.T.);
#2772 = ORIENTED_EDGE('',*,*,#1513,.T.);
#2773 = ORIENTED_EDGE('',*,*,#1611,.T.);
#2774 = ADVANCED_FACE('',(#2775),#1676,.F.);
#2775 = FACE_BOUND('',#2776,.F.);
#2776 = EDGE_LOOP('',(#2777,#2778,#2779,#2780));
#2777 = ORIENTED_EDGE('',*,*,#1812,.T.);
#2778 = ORIENTED_EDGE('',*,*,#1660,.T.);
#2779 = ORIENTED_EDGE('',*,*,#1714,.T.);
#2780 = ORIENTED_EDGE('',*,*,#1763,.T.);
#2781 = ADVANCED_FACE('',(#2782),#1877,.F.);
#2782 = FACE_BOUND('',#2783,.F.);
#2783 = EDGE_LOOP('',(#2784,#2785,#2786,#2787));
#2784 = ORIENTED_EDGE('',*,*,#1986,.T.);
#2785 = ORIENTED_EDGE('',*,*,#1861,.T.);
#2786 = ORIENTED_EDGE('',*,*,#1915,.T.);
#2787 = ORIENTED_EDGE('',*,*,#2013,.T.);
#2788 = ADVANCED_FACE('',(#2789),#2082,.F.);
#2789 = FACE_BOUND('',#2790,.F.);
#2790 = EDGE_LOOP('',(#2791,#2792,#2793,#2794,#2795,#2796,#2817,#2836,
    #2837,#2858,#2877,#2878));
#2791 = ORIENTED_EDGE('',*,*,#2395,.F.);
#2792 = ORIENTED_EDGE('',*,*,#2564,.F.);
#2793 = ORIENTED_EDGE('',*,*,#2514,.T.);
#2794 = ORIENTED_EDGE('',*,*,#2468,.T.);
#2795 = ORIENTED_EDGE('',*,*,#2620,.F.);
#2796 = ORIENTED_EDGE('',*,*,#2797,.F.);
#2797 = EDGE_CURVE('',#2798,#2591,#2800,.T.);
#2798 = VERTEX_POINT('',#2799);
#2799 = CARTESIAN_POINT('',(-3.425,0.,-3.455));
#2800 = SURFACE_CURVE('',#2801,(#2805,#2811),.PCURVE_S1.);
#2801 = LINE('',#2802,#2803);
#2802 = CARTESIAN_POINT('',(-4.968449670748,0.,-3.455));
#2803 = VECTOR('',#2804,1.);
#2804 = DIRECTION('',(-1.,-0.,0.));
#2805 = PCURVE('',#2082,#2806);
#2806 = DEFINITIONAL_REPRESENTATION('',(#2807),#2810);
#2807 = B_SPLINE_CURVE_WITH_KNOTS('',1,(#2808,#2809),.UNSPECIFIED.,.F.,
  .F.,(2,2),(-1.543449670748,0.381550329252),.PIECEWISE_BEZIER_KNOTS.);
#2808 = CARTESIAN_POINT('',(0.65,2.575));
#2809 = CARTESIAN_POINT('',(0.65,0.65));
#2810 = ( GEOMETRIC_REPRESENTATION_CONTEXT(2) 
PARAMETRIC_REPRESENTATION_CONTEXT() REPRESENTATION_CONTEXT('2D SPACE',''
  ) );
#2811 = PCURVE('',#2608,#2812);
#2812 = DEFINITIONAL_REPRESENTATION('',(#2813),#2816);
#2813 = B_SPLINE_CURVE_WITH_KNOTS('',1,(#2814,#2815),.UNSPECIFIED.,.F.,
  .F.,(2,2),(-1.543449670748,0.381550329252),.PIECEWISE_BEZIER_KNOTS.);
#2814 = CARTESIAN_POINT('',(0.511899341496,3.234138857169));
#2815 = CARTESIAN_POINT('',(-1.413100658504,3.234138857169));
#2816 = ( GEOMETRIC_REPRESENTATION_CONTEXT(2) 
PARAMETRIC_REPRESENTATION_CONTEXT() REPRESENTATION_CONTEXT('2D SPACE',''
  ) );
#2817 = ORIENTED_EDGE('',*,*,#2818,.F.);
#2818 = EDGE_CURVE('',#2068,#2798,#2819,.T.);
#2819 = SURFACE_CURVE('',#2820,(#2824,#2830),.PCURVE_S1.);
#2820 = LINE('',#2821,#2822);
#2821 = CARTESIAN_POINT('',(-3.425,0.,-3.78));
#2822 = VECTOR('',#2823,1.);
#2823 = DIRECTION('',(0.,0.,-1.));
#2824 = PCURVE('',#2082,#2825);
#2825 = DEFINITIONAL_REPRESENTATION('',(#2826),#2829);
#2826 = B_SPLINE_CURVE_WITH_KNOTS('',1,(#2827,#2828),.UNSPECIFIED.,.F.,
  .F.,(2,2),(-0.355,-0.325),.PIECEWISE_BEZIER_KNOTS.);
#2827 = CARTESIAN_POINT('',(0.68,2.575));
#2828 = CARTESIAN_POINT('',(0.65,2.575));
#2829 = ( GEOMETRIC_REPRESENTATION_CONTEXT(2) 
PARAMETRIC_REPRESENTATION_CONTEXT() REPRESENTATION_CONTEXT('2D SPACE',''
  ) );
#2830 = PCURVE('',#2107,#2831);
#2831 = DEFINITIONAL_REPRESENTATION('',(#2832),#2835);
#2832 = B_SPLINE_CURVE_WITH_KNOTS('',1,(#2833,#2834),.UNSPECIFIED.,.F.,
  .F.,(2,2),(-0.355,-0.325),.PIECEWISE_BEZIER_KNOTS.);
#2833 = CARTESIAN_POINT('',(7.,-3.E-02));
#2834 = CARTESIAN_POINT('',(7.,0.));
#2835 = ( GEOMETRIC_REPRESENTATION_CONTEXT(2) 
PARAMETRIC_REPRESENTATION_CONTEXT() REPRESENTATION_CONTEXT('2D SPACE',''
  ) );
#2836 = ORIENTED_EDGE('',*,*,#2065,.F.);
#2837 = ORIENTED_EDGE('',*,*,#2838,.T.);
#2838 = EDGE_CURVE('',#2066,#2839,#2841,.T.);
#2839 = VERTEX_POINT('',#2840);
#2840 = CARTESIAN_POINT('',(3.425,0.,-3.455));
#2841 = SURFACE_CURVE('',#2842,(#2846,#2852),.PCURVE_S1.);
#2842 = LINE('',#2843,#2844);
#2843 = CARTESIAN_POINT('',(3.425,0.,-3.78));
#2844 = VECTOR('',#2845,1.);
#2845 = DIRECTION('',(0.,0.,-1.));
#2846 = PCURVE('',#2082,#2847);
#2847 = DEFINITIONAL_REPRESENTATION('',(#2848),#2851);
#2848 = B_SPLINE_CURVE_WITH_KNOTS('',1,(#2849,#2850),.UNSPECIFIED.,.F.,
  .F.,(2,2),(-0.355,-0.325),.PIECEWISE_BEZIER_KNOTS.);
#2849 = CARTESIAN_POINT('',(0.68,9.425));
#2850 = CARTESIAN_POINT('',(0.65,9.425));
#2851 = ( GEOMETRIC_REPRESENTATION_CONTEXT(2) 
PARAMETRIC_REPRESENTATION_CONTEXT() REPRESENTATION_CONTEXT('2D SPACE',''
  ) );
#2852 = PCURVE('',#2136,#2853);
#2853 = DEFINITIONAL_REPRESENTATION('',(#2854),#2857);
#2854 = B_SPLINE_CURVE_WITH_KNOTS('',1,(#2855,#2856),.UNSPECIFIED.,.F.,
  .F.,(2,2),(-0.355,-0.325),.PIECEWISE_BEZIER_KNOTS.);
#2855 = CARTESIAN_POINT('',(7.,-3.E-02));
#2856 = CARTESIAN_POINT('',(7.,0.));
#2857 = ( GEOMETRIC_REPRESENTATION_CONTEXT(2) 
PARAMETRIC_REPRESENTATION_CONTEXT() REPRESENTATION_CONTEXT('2D SPACE',''
  ) );
#2858 = ORIENTED_EDGE('',*,*,#2859,.T.);
#2859 = EDGE_CURVE('',#2839,#2277,#2860,.T.);
#2860 = SURFACE_CURVE('',#2861,(#2865,#2871),.PCURVE_S1.);
#2861 = LINE('',#2862,#2863);
#2862 = CARTESIAN_POINT('',(-1.031550329252,0.,-3.455));
#2863 = VECTOR('',#2864,1.);
#2864 = DIRECTION('',(1.,0.,-0.));
#2865 = PCURVE('',#2082,#2866);
#2866 = DEFINITIONAL_REPRESENTATION('',(#2867),#2870);
#2867 = B_SPLINE_CURVE_WITH_KNOTS('',1,(#2868,#2869),.UNSPECIFIED.,.F.,
  .F.,(2,2),(4.456550329252,6.381550329252),.PIECEWISE_BEZIER_KNOTS.);
#2868 = CARTESIAN_POINT('',(0.65,9.425));
#2869 = CARTESIAN_POINT('',(0.65,11.35));
#2870 = ( GEOMETRIC_REPRESENTATION_CONTEXT(2) 
PARAMETRIC_REPRESENTATION_CONTEXT() REPRESENTATION_CONTEXT('2D SPACE',''
  ) );
#2871 = PCURVE('',#2235,#2872);
#2872 = DEFINITIONAL_REPRESENTATION('',(#2873),#2876);
#2873 = B_SPLINE_CURVE_WITH_KNOTS('',1,(#2874,#2875),.UNSPECIFIED.,.F.,
  .F.,(2,2),(4.456550329252,6.381550329252),.PIECEWISE_BEZIER_KNOTS.);
#2874 = CARTESIAN_POINT('',(0.511899341496,3.234138857169));
#2875 = CARTESIAN_POINT('',(-1.413100658504,3.234138857169));
#2876 = ( GEOMETRIC_REPRESENTATION_CONTEXT(2) 
PARAMETRIC_REPRESENTATION_CONTEXT() REPRESENTATION_CONTEXT('2D SPACE',''
  ) );
#2877 = ORIENTED_EDGE('',*,*,#2299,.T.);
#2878 = ORIENTED_EDGE('',*,*,#2348,.T.);
#2879 = ADVANCED_FACE('',(#2880),#2136,.T.);
#2880 = FACE_BOUND('',#2881,.T.);
#2881 = EDGE_LOOP('',(#2882,#2903,#2904,#2905));
#2882 = ORIENTED_EDGE('',*,*,#2883,.F.);
#2883 = EDGE_CURVE('',#2199,#2839,#2884,.T.);
#2884 = SURFACE_CURVE('',#2885,(#2889,#2896),.PCURVE_S1.);
#2885 = LINE('',#2886,#2887);
#2886 = CARTESIAN_POINT('',(3.425,-7.,-3.455));
#2887 = VECTOR('',#2888,1.);
#2888 = DIRECTION('',(0.,1.,0.));
#2889 = PCURVE('',#2136,#2890);
#2890 = DEFINITIONAL_REPRESENTATION('',(#2891),#2895);
#2891 = LINE('',#2892,#2893);
#2892 = CARTESIAN_POINT('',(0.,0.));
#2893 = VECTOR('',#2894,1.);
#2894 = DIRECTION('',(1.,0.));
#2895 = ( GEOMETRIC_REPRESENTATION_CONTEXT(2) 
PARAMETRIC_REPRESENTATION_CONTEXT() REPRESENTATION_CONTEXT('2D SPACE',''
  ) );
#2896 = PCURVE('',#2235,#2897);
#2897 = DEFINITIONAL_REPRESENTATION('',(#2898),#2902);
#2898 = LINE('',#2899,#2900);
#2899 = CARTESIAN_POINT('',(0.511899341496,-3.765861142831));
#2900 = VECTOR('',#2901,1.);
#2901 = DIRECTION('',(0.,1.));
#2902 = ( GEOMETRIC_REPRESENTATION_CONTEXT(2) 
PARAMETRIC_REPRESENTATION_CONTEXT() REPRESENTATION_CONTEXT('2D SPACE',''
  ) );
#2903 = ORIENTED_EDGE('',*,*,#2198,.T.);
#2904 = ORIENTED_EDGE('',*,*,#2122,.F.);
#2905 = ORIENTED_EDGE('',*,*,#2838,.T.);
#2906 = ADVANCED_FACE('',(#2907),#2107,.F.);
#2907 = FACE_BOUND('',#2908,.F.);
#2908 = EDGE_LOOP('',(#2909,#2930,#2931,#2932));
#2909 = ORIENTED_EDGE('',*,*,#2910,.F.);
#2910 = EDGE_CURVE('',#2718,#2798,#2911,.T.);
#2911 = SURFACE_CURVE('',#2912,(#2916,#2923),.PCURVE_S1.);
#2912 = LINE('',#2913,#2914);
#2913 = CARTESIAN_POINT('',(-3.425,-7.,-3.455));
#2914 = VECTOR('',#2915,1.);
#2915 = DIRECTION('',(0.,1.,0.));
#2916 = PCURVE('',#2107,#2917);
#2917 = DEFINITIONAL_REPRESENTATION('',(#2918),#2922);
#2918 = LINE('',#2919,#2920);
#2919 = CARTESIAN_POINT('',(0.,0.));
#2920 = VECTOR('',#2921,1.);
#2921 = DIRECTION('',(1.,0.));
#2922 = ( GEOMETRIC_REPRESENTATION_CONTEXT(2) 
PARAMETRIC_REPRESENTATION_CONTEXT() REPRESENTATION_CONTEXT('2D SPACE',''
  ) );
#2923 = PCURVE('',#2608,#2924);
#2924 = DEFINITIONAL_REPRESENTATION('',(#2925),#2929);
#2925 = LINE('',#2926,#2927);
#2926 = CARTESIAN_POINT('',(0.511899341496,-3.765861142831));
#2927 = VECTOR('',#2928,1.);
#2928 = DIRECTION('',(0.,1.));
#2929 = ( GEOMETRIC_REPRESENTATION_CONTEXT(2) 
PARAMETRIC_REPRESENTATION_CONTEXT() REPRESENTATION_CONTEXT('2D SPACE',''
  ) );
#2930 = ORIENTED_EDGE('',*,*,#2717,.T.);
#2931 = ORIENTED_EDGE('',*,*,#2093,.F.);
#2932 = ORIENTED_EDGE('',*,*,#2818,.T.);
#2933 = ADVANCED_FACE('',(#2934),#2235,.T.);
#2934 = FACE_BOUND('',#2935,.T.);
#2935 = EDGE_LOOP('',(#2936,#2937,#2938,#2939));
#2936 = ORIENTED_EDGE('',*,*,#2859,.T.);
#2937 = ORIENTED_EDGE('',*,*,#2276,.T.);
#2938 = ORIENTED_EDGE('',*,*,#2221,.T.);
#2939 = ORIENTED_EDGE('',*,*,#2883,.T.);
#2940 = ADVANCED_FACE('',(#2941),#2608,.F.);
#2941 = FACE_BOUND('',#2942,.F.);
#2942 = EDGE_LOOP('',(#2943,#2944,#2945,#2946));
#2943 = ORIENTED_EDGE('',*,*,#2797,.T.);
#2944 = ORIENTED_EDGE('',*,*,#2590,.T.);
#2945 = ORIENTED_EDGE('',*,*,#2740,.T.);
#2946 = ORIENTED_EDGE('',*,*,#2910,.T.);
#2947 = ( GEOMETRIC_REPRESENTATION_CONTEXT(3) 
GLOBAL_UNCERTAINTY_ASSIGNED_CONTEXT((#2951)) 
GLOBAL_UNIT_ASSIGNED_CONTEXT((#2948,#2949,#2950)) REPRESENTATION_CONTEXT
('Context #1','3D Context with UNIT and UNCERTAINTY') );
#2948 = ( LENGTH_UNIT() NAMED_UNIT(*) SI_UNIT(.MILLI.,.METRE.) );
#2949 = ( NAMED_UNIT(*) PLANE_ANGLE_UNIT() SI_UNIT($,.RADIAN.) );
#2950 = ( NAMED_UNIT(*) SI_UNIT($,.STERADIAN.) SOLID_ANGLE_UNIT() );
#2951 = UNCERTAINTY_MEASURE_WITH_UNIT(LENGTH_MEASURE(1.E-07),#2948,
  'distance_accuracy_value','confusion accuracy');
#2952 = CONTEXT_DEPENDENT_SHAPE_REPRESENTATION(#2953,#2955);
#2953 = ( REPRESENTATION_RELATIONSHIP('','',#32,#10) 
REPRESENTATION_RELATIONSHIP_WITH_TRANSFORMATION(#2954) 
SHAPE_REPRESENTATION_RELATIONSHIP() );
#2954 = ITEM_DEFINED_TRANSFORMATION('','',#11,#15);
#2955 = PRODUCT_DEFINITION_SHAPE('Placement','Placement of an item',
  #2956);
#2956 = NEXT_ASSEMBLY_USAGE_OCCURRENCE('1','molex-micro-fit-4-panel','',
  #5,#27,$);
#2957 = PRODUCT_RELATED_PRODUCT_CATEGORY('part',$,(#29));
#2958 = COLOUR_RGB('',0.130000001093,0.130000001093,0.139999997847);
#2959 = SURFACE_SIDE_STYLE('',(#2964));
#2960 = FILL_AREA_STYLE('',(#2962));
#2961 = SURFACE_STYLE_USAGE(.BOTH.,#2959);
#2962 = FILL_AREA_STYLE_COLOUR('',#2958);
#2963 = PRESENTATION_STYLE_ASSIGNMENT((#2961));
#2964 = SURFACE_STYLE_FILL_AREA(#2960);
#2965 = MECHANICAL_DESIGN_GEOMETRIC_PRESENTATION_REPRESENTATION('',(
    #2966),#2947);
#2966 = STYLED_ITEM('color',(#2963),#33);

ENDSEC;
END-ISO-10303-21;
