// flavor_1 - 240x240 RGB565 bitmap
// Auto-generated from flavor_1.png by tools/png_to_rgb565.py
#pragma once

#include <Arduino.h>

const uint16_t flavor0_240[240 * 240] PROGMEM = {
    0x6084, 0x6084, 0x6084, 0x6084, 0x6084, 0x6084, 0x60A4, 0x60A4, 0x60A4, 0x60A4, 0x60A4, 0x60A4, 0x68A4, 0x68A4, 0x68A4, 0x68A4,
    0x68A4, 0x68A4, 0x68A4, 0x68A4, 0x68A4, 0x68A4, 0x68A4, 0x68A4, 0x68A5, 0x70A5, 0x70A5, 0x70C5, 0x70C5, 0x70C5, 0x70C5, 0x70C5,
    0x70C5, 0x70C5, 0x70C5, 0x70C5, 0x70C5, 0x70C5, 0x70C5, 0x70C5, 0x70C5, 0x70C5, 0x70C5, 0x70C5, 0x78C5, 0x78C5, 0x78C5, 0x78C5,
    0x78C5, 0x78C5, 0x78C5, 0x78C5, 0x78C5, 0x78C5, 0x78C5, 0x78C5, 0x78C5, 0x78C5, 0x78C5, 0x78C5, 0x78C5, 0x78C5, 0x78C5, 0x78C5,
    0x78C5, 0x78C5, 0x78C5, 0x78C5, 0x78C5, 0x78C5, 0x78C5, 0x78C5, 0x78C5, 0x78C5, 0x78C5, 0x78C5, 0x78C5, 0x78C5, 0x78C5, 0x78C5,
    0x78C5, 0x78C5, 0x78C5, 0x78C5, 0x78C5, 0x78C5, 0x78C5, 0x78C5, 0x78C5, 0x78C5, 0x78C5, 0x70C5, 0x70C5, 0x70C5, 0x70C5, 0x70C5,
    0x70C5, 0x70C5, 0x70C5, 0x70C5, 0x70C5, 0x70C5, 0x70C5, 0x70C5, 0x70C5, 0x70C5, 0x70C5, 0x70A5, 0x70A5, 0x68A5, 0x70A4, 0x68A4,
    0x68A5, 0x68A4, 0x68A4, 0x68A4, 0x68A4, 0x68A4, 0x68A4, 0x68A4, 0x68A4, 0x68A4, 0x68A4, 0x68A4, 0x60A4, 0x60A4, 0x60A4, 0x60A4,
    0x60A4, 0x6084, 0x6084, 0x6084, 0x6084, 0x6084, 0x6084, 0x5884, 0x5884, 0x5884, 0x5884, 0x5884, 0x5884, 0x5884, 0x5884, 0x5884,
    0x5884, 0x5884, 0x5084, 0x5064, 0x5064, 0x5064, 0x5063, 0x5063, 0x5063, 0x5063, 0x5063, 0x5063, 0x5063, 0x4863, 0x4863, 0x4863,
    0x4863, 0x4863, 0x4863, 0x4863, 0x4863, 0x4863, 0x4843, 0x4043, 0x4043, 0x4043, 0x4043, 0x4043, 0x4043, 0x4043, 0x4043, 0x4043,
    0x4043, 0x4043, 0x4043, 0x4043, 0x4043, 0x4043, 0x4043, 0x4043, 0x4043, 0x4043, 0x4043, 0x4043, 0x4043, 0x4043, 0x4043, 0x4043,
    0x4043, 0x4043, 0x4043, 0x4043, 0x4043, 0x4043, 0x4043, 0x4043, 0x4043, 0x4043, 0x4043, 0x4043, 0x4043, 0x4043, 0x4043, 0x4043,
    0x4043, 0x4043, 0x4043, 0x4043, 0x4043, 0x4043, 0x4043, 0x4043, 0x4043, 0x4043, 0x4043, 0x4043, 0x4043, 0x4043, 0x4043, 0x4043,
    0x4043, 0x4043, 0x4043, 0x4043, 0x4043, 0x4043, 0x4043, 0x4043, 0x4043, 0x4043, 0x4043, 0x4043, 0x4043, 0x4043, 0x4043, 0x4043,
    0x6084, 0x6084, 0x6084, 0x6084, 0x6084, 0x60A4, 0x60A4, 0x60A4, 0x60A4, 0x60A4, 0x60A4, 0x68A4, 0x68A4, 0x68A4, 0x68A4, 0x68A4,
    0x68A4, 0x68A4, 0x68A4, 0x68A4, 0x68A4, 0x68A4, 0x68A4, 0x70A5, 0x70A5, 0x70A5, 0x70C5, 0x70C5, 0x70C5, 0x70C5, 0x70C5, 0x70C5,
    0x70C5, 0x70C5, 0x70C5, 0x70C5, 0x70C5, 0x70C5, 0x70C5, 0x70C5, 0x70C5, 0x78C5, 0x78C5, 0x78C5, 0x78C5, 0x78C5, 0x78C5, 0x78C5,
    0x78C5, 0x78C5, 0x78C5, 0x78C5, 0x78C5, 0x78C5, 0x78C5, 0x78C5, 0x78C5, 0x78C5, 0x78E5, 0x78E5, 0x78E5, 0x78E5, 0x78E5, 0x78E5,
    0x78E5, 0x78E5, 0x78E5, 0x78E5, 0x78E5, 0x78E5, 0x78E5, 0x78E5, 0x78E5, 0x78E5, 0x78E5, 0x78E5, 0x78C5, 0x78C5, 0x78C5, 0x78C5,
    0x78C5, 0x78C5, 0x78C5, 0x78C5, 0x78C5, 0x78C5, 0x78C5, 0x78C5, 0x78C5, 0x78C5, 0x78C5, 0x78C5, 0x78C5, 0x78C5, 0x70C5, 0x70C5,
    0x70C5, 0x70C5, 0x70C5, 0x70C5, 0x70C5, 0x70C5, 0x70C5, 0x70C5, 0x70C5, 0x70C5, 0x70C5, 0x70C5, 0x70C5, 0x70C5, 0x70C5, 0x70C5,
    0x70A5, 0x70A5, 0x70A5, 0x70A5, 0x68A5, 0x68A5, 0x68A5, 0x68A5, 0x68A4, 0x68A4, 0x68A4, 0x68A4, 0x68A4, 0x68A4, 0x68A4, 0x68A4,
    0x60A4, 0x60A4, 0x60A4, 0x60A4, 0x6084, 0x6084, 0x6084, 0x6084, 0x6084, 0x5884, 0x5884, 0x5884, 0x5884, 0x5884, 0x5884, 0x5884,
    0x5884, 0x5884, 0x5884, 0x5084, 0x5064, 0x5064, 0x5064, 0x5063, 0x5063, 0x5063, 0x5063, 0x5063, 0x5063, 0x4863, 0x4863, 0x4863,
    0x4863, 0x4863, 0x4863, 0x4863, 0x4863, 0x4863, 0x4843, 0x4043, 0x4043, 0x4043, 0x4043, 0x4043, 0x4043, 0x4043, 0x4043, 0x4043,
    0x4043, 0x4043, 0x4043, 0x4043, 0x4043, 0x4043, 0x4043, 0x4043, 0x4043, 0x4043, 0x4043, 0x4043, 0x4043, 0x4043, 0x4043, 0x4043,
    0x4043, 0x4043, 0x4043, 0x4043, 0x4043, 0x4043, 0x4043, 0x4043, 0x4043, 0x4043, 0x4043, 0x4043, 0x4043, 0x4043, 0x4043, 0x4043,
    0x4043, 0x4043, 0x4043, 0x4043, 0x4043, 0x4043, 0x4043, 0x4043, 0x4043, 0x4043, 0x4043, 0x4043, 0x4043, 0x4043, 0x4043, 0x4043,
    0x4043, 0x4043, 0x4043, 0x4043, 0x4043, 0x4043, 0x4043, 0x4043, 0x4043, 0x4043, 0x4043, 0x4043, 0x4043, 0x4043, 0x4043, 0x4043,
    0x6084, 0x6084, 0x6084, 0x6084, 0x60A4, 0x60A4, 0x60A4, 0x60A4, 0x60A4, 0x60A4, 0x68A4, 0x68A4, 0x68A4, 0x68A4, 0x68A4, 0x68A4,
    0x68A4, 0x68A4, 0x68A4, 0x68A4, 0x68A4, 0x68A4, 0x70A5, 0x70A5, 0x70C5, 0x70C5, 0x70C5, 0x70C5, 0x70C5, 0x70C5, 0x70C5, 0x70C5,
    0x70C5, 0x70C5, 0x70C5, 0x70C5, 0x70C5, 0x70C5, 0x70C5, 0x78C5, 0x78C5, 0x78C5, 0x78C5, 0x78C5, 0x78C5, 0x78C5, 0x78C5, 0x78C5,
    0x78C5, 0x78C5, 0x78C5, 0x78C5, 0x78C5, 0x78E5, 0x78E5, 0x78E5, 0x78E5, 0x78E5, 0x78E5, 0x78E5, 0x78E5, 0x78E5, 0x78E5, 0x78E5,
    0x78E5, 0x78E5, 0x78E5, 0x78E5, 0x78E5, 0x78E5, 0x78E5, 0x78E5, 0x78E5, 0x78E5, 0x78E5, 0x78E5, 0x78E5, 0x78E5, 0x78E5, 0x78E5,
    0x78E5, 0x78C5, 0x78C5, 0x78C5, 0x78C5, 0x78C5, 0x78C5, 0x78C5, 0x78C5, 0x78C5, 0x78C5, 0x78C5, 0x78C5, 0x78C5, 0x78C5, 0x78C5,
    0x70C5, 0x78C5, 0x70C5, 0x78C5, 0x78C5, 0x70C5, 0x70C5, 0x70C5, 0x70C5, 0x70C5, 0x70C5, 0x70C5, 0x70C5, 0x70C5, 0x70C5, 0x70C5,
    0x70C5, 0x70C5, 0x70C5, 0x70C5, 0x70A5, 0x70A5, 0x70A5, 0x70A5, 0x70A5, 0x70A5, 0x68A5, 0x68A5, 0x68A4, 0x68A4, 0x68A4, 0x68A4,
    0x68A4, 0x68A4, 0x68A4, 0x60A4, 0x60A4, 0x60A4, 0x6084, 0x6084, 0x6084, 0x6084, 0x6084, 0x5884, 0x5884, 0x5884, 0x5884, 0x5884,
    0x5884, 0x5884, 0x5884, 0x5884, 0x5064, 0x5064, 0x5064, 0x5063, 0x5063, 0x5063, 0x5063, 0x5063, 0x5063, 0x5063, 0x4863, 0x4863,
    0x4863, 0x4863, 0x4863, 0x4863, 0x4863, 0x4863, 0x4863, 0x4843, 0x4043, 0x4043, 0x4043, 0x4043, 0x4043, 0x4043, 0x4043, 0x4043,
    0x4043, 0x4043, 0x4043, 0x4043, 0x4043, 0x4043, 0x4043, 0x4043, 0x4043, 0x4043, 0x4043, 0x4043, 0x4043, 0x4043, 0x4043, 0x4043,
    0x4043, 0x4043, 0x4043, 0x4043, 0x4043, 0x4043, 0x4043, 0x4043, 0x4043, 0x4043, 0x4043, 0x4043, 0x4043, 0x4043, 0x4043, 0x4043,
    0x4043, 0x4043, 0x4043, 0x4043, 0x4043, 0x4043, 0x4043, 0x4043, 0x4043, 0x4043, 0x4043, 0x4043, 0x4043, 0x4043, 0x4043, 0x4043,
    0x4043, 0x4043, 0x4043, 0x4043, 0x4043, 0x4043, 0x4043, 0x4043, 0x4043, 0x4043, 0x4043, 0x4043, 0x4043, 0x4043, 0x4043, 0x4043,
    0x6084, 0x6084, 0x6084, 0x60A4, 0x60A4, 0x60A4, 0x60A4, 0x60A4, 0x60A4, 0x68A4, 0x68A4, 0x68A4, 0x68A4, 0x68A4, 0x68A4, 0x68A4,
    0x68A4, 0x68A4, 0x68A4, 0x68A4, 0x68A4, 0x70A5, 0x70A5, 0x70C5, 0x70C5, 0x70C5, 0x70C5, 0x70C5, 0x70C5, 0x70C5, 0x70C5, 0x70C5,
    0x70C5, 0x70C5, 0x70C5, 0x70C5, 0x70C5, 0x78C5, 0x78C5, 0x78C5, 0x78C5, 0x78C5, 0x78C5, 0x78C5, 0x78C5, 0x78C5, 0x78C5, 0x78C5,
    0x78C5, 0x78C5, 0x78E5, 0x78E5, 0x78E5, 0x78E5, 0x78E5, 0x78E5, 0x78E5, 0x78E5, 0x78E5, 0x78E5, 0x78E5, 0x78E5, 0x78E5, 0x78E5,
    0x78E5, 0x78E5, 0x78E5, 0x78E5, 0x78E5, 0x78E5, 0x78E5, 0x78E5, 0x78E5, 0x78E5, 0x78E5, 0x78E5, 0x78E5, 0x78E5, 0x78E5, 0x78E5,
    0x78E5, 0x78E5, 0x78E5, 0x78E5, 0x78C5, 0x78C5, 0x78C5, 0x78C5, 0x78C5, 0x78C5, 0x78C5, 0x78C5, 0x78C5, 0x78C5, 0x78C5, 0x78C5,
    0x78C5, 0x78C5, 0x78C5, 0x78C5, 0x78C5, 0x78C5, 0x78C5, 0x78C5, 0x78C5, 0x78C5, 0x78C5, 0x78C5, 0x78C5, 0x78C5, 0x78C5, 0x78C5,
    0x78C5, 0x78C5, 0x70C5, 0x70C5, 0x70C5, 0x70C5, 0x70C5, 0x70C5, 0x70A5, 0x70A5, 0x70A5, 0x70A5, 0x70A5, 0x70A5, 0x68A5, 0x68A5,
    0x68A4, 0x68A4, 0x68A4, 0x68A4, 0x68A4, 0x68A4, 0x60A4, 0x60A4, 0x6084, 0x6084, 0x6084, 0x6084, 0x6084, 0x6084, 0x5884, 0x5884,
    0x5884, 0x5884, 0x5884, 0x5884, 0x5084, 0x5064, 0x5064, 0x5064, 0x5063, 0x5063, 0x5063, 0x5063, 0x5063, 0x5063, 0x5063, 0x4863,
    0x4863, 0x4863, 0x4863, 0x4863, 0x4863, 0x4863, 0x4863, 0x4843, 0x4843, 0x4043, 0x4043, 0x4043, 0x4043, 0x4043, 0x4043, 0x4043,
    0x4043, 0x4043, 0x4043, 0x4043, 0x4043, 0x4043, 0x4043, 0x4043, 0x4043, 0x4043, 0x4043, 0x4043, 0x4043, 0x4043, 0x4043, 0x4043,
    0x4043, 0x4043, 0x4043, 0x4043, 0x4043, 0x4043, 0x4043, 0x4043, 0x4043, 0x4043, 0x4043, 0x4043, 0x4043, 0x4043, 0x4043, 0x4043,
    0x4043, 0x4043, 0x4043, 0x4043, 0x4043, 0x4043, 0x4043, 0x4043, 0x4043, 0x4043, 0x4043, 0x4043, 0x4043, 0x4043, 0x4043, 0x4043,
    0x4043, 0x4043, 0x4043, 0x4043, 0x4043, 0x4043, 0x4043, 0x4043, 0x4043, 0x4043, 0x4043, 0x4043, 0x4043, 0x4043, 0x4043, 0x4043,
    0x6084, 0x6084, 0x60A4, 0x60A4, 0x60A4, 0x60A4, 0x60A4, 0x60A4, 0x68A4, 0x68A4, 0x68A4, 0x68A4, 0x68A4, 0x68A4, 0x68A4, 0x68A4,
    0x68A4, 0x68A4, 0x68A4, 0x68A4, 0x70A5, 0x70A5, 0x70C5, 0x70C5, 0x70C5, 0x70C5, 0x70C5, 0x70C5, 0x70C5, 0x70C5, 0x70C5, 0x70C5,
    0x70C5, 0x70C5, 0x70C5, 0x78C5, 0x78C5, 0x78C5, 0x78C5, 0x78C5, 0x78C5, 0x78C5, 0x78C5, 0x78C5, 0x78C5, 0x78C5, 0x78C5, 0x78E5,
    0x78E5, 0x78E5, 0x78E5, 0x78E5, 0x78E5, 0x78E5, 0x78E5, 0x78E5, 0x78E5, 0x78E5, 0x78E5, 0x78E5, 0x78E5, 0x78E5, 0x78E5, 0x78E5,
    0x78E5, 0x78E5, 0x78E5, 0x78E5, 0x78E5, 0x78E5, 0x78E5, 0x78E5, 0x78E5, 0x78E5, 0x78E5, 0x78E5, 0x78E5, 0x78E5, 0x78E5, 0x78E5,
    0x78E5, 0x78E5, 0x78E5, 0x78E5, 0x78E5, 0x78E5, 0x78E5, 0x78C5, 0x78C5, 0x78C5, 0x78C5, 0x78C5, 0x78C5, 0x78C5, 0x78C5, 0x78C5,
    0x78C5, 0x78C5, 0x78C5, 0x78C5, 0x78C5, 0x78C5, 0x78C5, 0x78C5, 0x78C5, 0x78C5, 0x78C5, 0x78C5, 0x78C5, 0x78C5, 0x78C5, 0x78C5,
    0x78C5, 0x78C5, 0x78C5, 0x78C5, 0x78C5, 0x78C5, 0x78C5, 0x70C5, 0x70C5, 0x70C5, 0x70C5, 0x70C5, 0x70A5, 0x70A5, 0x70A5, 0x70A5,
    0x70A5, 0x68A5, 0x68A5, 0x68A4, 0x68A4, 0x68A4, 0x68A4, 0x68A4, 0x68A4, 0x60A4, 0x6084, 0x6084, 0x6084, 0x6084, 0x6084, 0x6084,
    0x5884, 0x5884, 0x5884, 0x5884, 0x5884, 0x5884, 0x5084, 0x5064, 0x5064, 0x5063, 0x5063, 0x5063, 0x5063, 0x5063, 0x5063, 0x4863,
    0x4863, 0x4863, 0x4863, 0x4863, 0x4863, 0x4863, 0x4863, 0x4863, 0x4843, 0x4043, 0x4043, 0x4043, 0x4043, 0x4043, 0x4043, 0x4043,
    0x4043, 0x4043, 0x4043, 0x4043, 0x4043, 0x4043, 0x4043, 0x4043, 0x4043, 0x4043, 0x4043, 0x4043, 0x4043, 0x4043, 0x4043, 0x4043,
    0x4043, 0x4043, 0x4043, 0x4043, 0x4043, 0x4043, 0x4043, 0x4043, 0x4043, 0x4043, 0x4043, 0x4043, 0x4043, 0x4043, 0x4043, 0x4043,
    0x4043, 0x4043, 0x4043, 0x4043, 0x4043, 0x4043, 0x4043, 0x4043, 0x4043, 0x4043, 0x4043, 0x4043, 0x4043, 0x4043, 0x4043, 0x4043,
    0x4043, 0x4043, 0x4043, 0x4043, 0x4043, 0x4043, 0x4043, 0x4043, 0x4043, 0x4043, 0x4043, 0x4043, 0x4043, 0x4043, 0x4043, 0x4043,
    0x6084, 0x60A4, 0x60A4, 0x60A4, 0x60A4, 0x60A4, 0x60A4, 0x68A4, 0x68A4, 0x68A4, 0x68A4, 0x68A4, 0x68A4, 0x68A4, 0x68A4, 0x68A4,
    0x68A4, 0x68A4, 0x68A4, 0x70A5, 0x70A5, 0x70C5, 0x70C5, 0x70C5, 0x70C5, 0x70C5, 0x70C5, 0x70C5, 0x70C5, 0x70C5, 0x70C5, 0x70C5,
    0x70C5, 0x70C5, 0x78C5, 0x78C5, 0x78C5, 0x78C5, 0x78C5, 0x78C5, 0x78C5, 0x78C5, 0x78C5, 0x78C5, 0x78C5, 0x78E5, 0x78E5, 0x78E5,
    0x78E5, 0x78E5, 0x78E5, 0x78E5, 0x78E5, 0x78E5, 0x78E5, 0x78E5, 0x78E5, 0x78E5, 0x78E5, 0x78E5, 0x78E5, 0x78E5, 0x78E5, 0x78E5,
    0x78E5, 0x78E5, 0x78E5, 0x78E5, 0x78E5, 0x78E5, 0x78E5, 0x78E5, 0x78E5, 0x78E5, 0x78E5, 0x78E5, 0x78E5, 0x78E5, 0x78E5, 0x78E5,
    0x78E5, 0x78E5, 0x78E5, 0x78E5, 0x78E5, 0x78E5, 0x78E5, 0x78E5, 0x78E5, 0x78E5, 0x80E5, 0x80E5, 0x80E5, 0x80E5, 0x80E5, 0x80E5,
    0x80E5, 0x80E5, 0x80E5, 0x80E5, 0x80E5, 0x80E5, 0x80E5, 0x80E5, 0x80C5, 0x80C5, 0x80E5, 0x80C5, 0x80C5, 0x80C5, 0x80C5, 0x80C5,
    0x78C5, 0x78C5, 0x78C5, 0x78C5, 0x78C5, 0x78C5, 0x78C5, 0x78C5, 0x78C5, 0x78C5, 0x78C5, 0x78C5, 0x70C5, 0x70C5, 0x70C5, 0x70C5,
    0x70A5, 0x70A5, 0x70A5, 0x70A5, 0x68A5, 0x68A5, 0x68A5, 0x68A4, 0x68A4, 0x68A4, 0x68A4, 0x68A4, 0x60A4, 0x6084, 0x6084, 0x6084,
    0x6084, 0x6084, 0x5884, 0x5884, 0x5884, 0x5884, 0x5884, 0x5884, 0x5064, 0x5063, 0x5063, 0x5063, 0x5063, 0x5063, 0x5063, 0x5063,
    0x4863, 0x4863, 0x4863, 0x4863, 0x4863, 0x4863, 0x4863, 0x4863, 0x4863, 0x4843, 0x4043, 0x4043, 0x4043, 0x4043, 0x4043, 0x4043,
    0x4043, 0x4043, 0x4043, 0x4043, 0x4043, 0x4043, 0x4043, 0x4043, 0x4043, 0x4043, 0x4043, 0x4043, 0x4043, 0x4043, 0x4043, 0x4043,
    0x4043, 0x4043, 0x4043, 0x4043, 0x4043, 0x4043, 0x4043, 0x4043, 0x4043, 0x4043, 0x4043, 0x4043, 0x4043, 0x4043, 0x4043, 0x4043,
    0x4043, 0x4043, 0x4043, 0x4043, 0x4043, 0x4043, 0x4043, 0x4043, 0x4043, 0x4043, 0x4043, 0x4043, 0x4043, 0x4043, 0x4043, 0x4043,
    0x4043, 0x4043, 0x4043, 0x4043, 0x4043, 0x4043, 0x4043, 0x4043, 0x4043, 0x4043, 0x4043, 0x4043, 0x4043, 0x4043, 0x4043, 0x4043,
    0x6084, 0x60A4, 0x60A4, 0x60A4, 0x60A4, 0x60A4, 0x68A4, 0x68A4, 0x68A4, 0x68A4, 0x68A4, 0x68A4, 0x68A4, 0x68A4, 0x68A4, 0x68A4,
    0x68A4, 0x68A5, 0x70A5, 0x70A5, 0x70C5, 0x70C5, 0x70C5, 0x70C5, 0x70C5, 0x70C5, 0x70C5, 0x70C5, 0x70C5, 0x70C5, 0x70C5, 0x70C5,
    0x78C5, 0x78C5, 0x78C5, 0x78C5, 0x78C5, 0x78C5, 0x78C5, 0x78C5, 0x78C5, 0x78C5, 0x78C5, 0x78E5, 0x78E5, 0x78E5, 0x78E5, 0x78E5,
    0x78E5, 0x78E5, 0x78E5, 0x78E5, 0x78E5, 0x78E5, 0x78E5, 0x78E5, 0x78E5, 0x78E5, 0x78E5, 0x78E5, 0x78E5, 0x78E5, 0x78E5, 0x78E5,
    0x7905, 0x7905, 0x7905, 0x7905, 0x7905, 0x7905, 0x78E5, 0x78E5, 0x78E5, 0x78E5, 0x78E5, 0x78E5, 0x78E5, 0x78E5, 0x78E5, 0x78E5,
    0x78E5, 0x78E5, 0x78E5, 0x78E5, 0x80E5, 0x80E5, 0x80E5, 0x80E5, 0x80E5, 0x80E5, 0x80E5, 0x80E5, 0x80E5, 0x80E5, 0x80E5, 0x80E5,
    0x80E5, 0x80E5, 0x80E5, 0x80E5, 0x80E5, 0x80E5, 0x80E5, 0x80E5, 0x80E5, 0x80E5, 0x80E5, 0x80E5, 0x80E5, 0x80E5, 0x80E5, 0x80E5,
    0x80C5, 0x80C5, 0x80C5, 0x80C5, 0x80C5, 0x78C5, 0x78C5, 0x78C5, 0x78C5, 0x78C5, 0x78C5, 0x78C5, 0x78C5, 0x78C5, 0x78C5, 0x70C5,
    0x70A5, 0x70A5, 0x70A5, 0x70A5, 0x70A5, 0x70A5, 0x70A5, 0x68A5, 0x68A4, 0x68A4, 0x68A4, 0x68A4, 0x68A4, 0x6884, 0x6084, 0x6084,
    0x6084, 0x6084, 0x6084, 0x6084, 0x5884, 0x5884, 0x5884, 0x5884, 0x5884, 0x5864, 0x5064, 0x5064, 0x5063, 0x5063, 0x5063, 0x5063,
    0x5063, 0x4863, 0x4863, 0x4863, 0x4863, 0x4863, 0x4863, 0x4863, 0x4863, 0x4843, 0x4043, 0x4043, 0x4043, 0x4043, 0x4043, 0x4043,
    0x4043, 0x4043, 0x4043, 0x4043, 0x4043, 0x4043, 0x4043, 0x4043, 0x4043, 0x4043, 0x4043, 0x4043, 0x4043, 0x4043, 0x4043, 0x4043,
    0x4043, 0x4043, 0x4043, 0x4043, 0x4043, 0x4043, 0x4043, 0x4043, 0x4043, 0x4043, 0x4043, 0x4043, 0x4043, 0x4043, 0x4043, 0x4043,
    0x4043, 0x4043, 0x4043, 0x4043, 0x4043, 0x4043, 0x4043, 0x4043, 0x4043, 0x4043, 0x4043, 0x4043, 0x4043, 0x4043, 0x4043, 0x4043,
    0x4043, 0x4043, 0x4043, 0x4043, 0x4043, 0x4043, 0x4043, 0x4043, 0x4043, 0x4043, 0x4043, 0x4043, 0x4043, 0x4043, 0x4043, 0x4043,
    0x60A4, 0x60A4, 0x60A4, 0x60A4, 0x60A4, 0x68A4, 0x68A4, 0x68A4, 0x68A4, 0x68A4, 0x68A4, 0x68A4, 0x68A4, 0x68A4, 0x68A4, 0x68A4,
    0x68A5, 0x70A5, 0x70C5, 0x70C5, 0x70C5, 0x70C5, 0x70C5, 0x70C5, 0x70C5, 0x70C5, 0x70C5, 0x70C5, 0x70C5, 0x70C5, 0x70C5, 0x78C5,
    0x78C5, 0x78C5, 0x78C5, 0x78C5, 0x78C5, 0x78C5, 0x78C5, 0x78C5, 0x78E5, 0x78E5, 0x78E5, 0x78E5, 0x78E5, 0x78E5, 0x78E5, 0x78E5,
    0x78E5, 0x78E5, 0x78E5, 0x78E5, 0x78E5, 0x78E5, 0x78E5, 0x78E5, 0x78E5, 0x7905, 0x7905, 0x7905, 0x7905, 0x7905, 0x7905, 0x7905,
    0x7905, 0x7905, 0x7905, 0x7905, 0x7905, 0x7905, 0x7905, 0x7905, 0x7905, 0x7905, 0x7905, 0x7905, 0x7905, 0x7905, 0x78E5, 0x78E5,
    0x78E5, 0x80E5, 0x80E5, 0x8105, 0x80E5, 0x80E5, 0x8105, 0x80E5, 0x80E6, 0x80E5, 0x80E6, 0x80E6, 0x88E6, 0x88E6, 0x88E6, 0x88E6,
    0x88E6, 0x88E6, 0x88E6, 0x88E6, 0x88E6, 0x88E6, 0x88E6, 0x88E6, 0x88E6, 0x88E6, 0x88E6, 0x88E6, 0x88E6, 0x80E6, 0x80E6, 0x80E6,
    0x80E5, 0x80E5, 0x80E5, 0x80E5, 0x80E5, 0x80E5, 0x80E5, 0x80C5, 0x80C5, 0x78C5, 0x78C5, 0x78C5, 0x78C5, 0x78C5, 0x78C5, 0x78C5,
    0x78C5, 0x78C5, 0x70C5, 0x70C5, 0x70A5, 0x70A5, 0x70A5, 0x70A5, 0x70A5, 0x68A5, 0x68A5, 0x68A5, 0x68A4, 0x68A4, 0x68A4, 0x68A4,
    0x6084, 0x6084, 0x6084, 0x6084, 0x6084, 0x6084, 0x5884, 0x5884, 0x5884, 0x5884, 0x5884, 0x5884, 0x5064, 0x5063, 0x5063, 0x5063,
    0x5063, 0x4863, 0x4863, 0x4863, 0x4863, 0x4863, 0x4863, 0x4863, 0x4863, 0x4863, 0x4843, 0x4043, 0x4043, 0x4043, 0x4043, 0x4043,
    0x4043, 0x4043, 0x4043, 0x4043, 0x4043, 0x4043, 0x4043, 0x4043, 0x4043, 0x4043, 0x4043, 0x4043, 0x4043, 0x4043, 0x4043, 0x4043,
    0x4043, 0x4043, 0x4043, 0x4043, 0x4043, 0x4043, 0x4043, 0x4043, 0x4043, 0x4043, 0x4043, 0x4043, 0x4043, 0x4043, 0x4043, 0x4043,
    0x4043, 0x4043, 0x4043, 0x4043, 0x4043, 0x4043, 0x4043, 0x4043, 0x4043, 0x4043, 0x4043, 0x4043, 0x4043, 0x4043, 0x4043, 0x4043,
    0x4043, 0x4043, 0x4043, 0x4043, 0x4043, 0x4043, 0x4043, 0x4043, 0x4043, 0x4043, 0x4043, 0x4043, 0x4043, 0x4043, 0x4043, 0x4043,
    0x60A4, 0x60A4, 0x60A4, 0x60A4, 0x60A4, 0x68A4, 0x68A4, 0x68A4, 0x68A4, 0x68A4, 0x68A4, 0x68A4, 0x68A4, 0x68A4, 0x68A4, 0x70A5,
    0x70A5, 0x70C5, 0x70C5, 0x70C5, 0x70C5, 0x70C5, 0x70C5, 0x70C5, 0x70C5, 0x70C5, 0x70C5, 0x70C5, 0x70C5, 0x78C5, 0x78C5, 0x78C5,
    0x78C5, 0x78C5, 0x78C5, 0x78C5, 0x78C5, 0x78C5, 0x78E5, 0x78E5, 0x78E5, 0x78E5, 0x78E5, 0x78E5, 0x78E5, 0x78E5, 0x78E5, 0x78E5,
    0x78E5, 0x78E5, 0x78E5, 0x78E5, 0x7905, 0x7905, 0x7905, 0x7905, 0x7905, 0x7905, 0x7905, 0x7905, 0x7905, 0x7905, 0x7905, 0x7905,
    0x7905, 0x7905, 0x7905, 0x7905, 0x7905, 0x7905, 0x7905, 0x7905, 0x7905, 0x7905, 0x7905, 0x7905, 0x7905, 0x7905, 0x8105, 0x8105,
    0x8105, 0x8105, 0x8106, 0x8106, 0x8106, 0x8106, 0x8106, 0x8906, 0x8906, 0x8906, 0x8906, 0x8906, 0x8906, 0x8906, 0x8906, 0x88E6,
    0x88E6, 0x88E6, 0x88E6, 0x88E6, 0x88E6, 0x88E6, 0x88E6, 0x88E6, 0x88E6, 0x88E6, 0x88E6, 0x88E6, 0x88E6, 0x88E6, 0x88E6, 0x88E6,
    0x88E6, 0x88C5, 0x88C5, 0x88C5, 0x88C5, 0x80C5, 0x80C5, 0x80C5, 0x80A5, 0x80A5, 0x80A5, 0x80A5, 0x80C5, 0x80C5, 0x78C5, 0x78C5,
    0x78C5, 0x78C5, 0x78C5, 0x78C5, 0x78C5, 0x70C5, 0x70C5, 0x70C5, 0x70A5, 0x70A5, 0x70A5, 0x70A5, 0x68A5, 0x68A5, 0x68A4, 0x68A4,
    0x68A4, 0x6884, 0x6084, 0x6084, 0x6084, 0x6084, 0x6084, 0x6084, 0x5884, 0x5884, 0x5884, 0x5884, 0x5884, 0x5064, 0x5064, 0x5063,
    0x5063, 0x5063, 0x5063, 0x4863, 0x4863, 0x4863, 0x4863, 0x4863, 0x4863, 0x4863, 0x4843, 0x4043, 0x4043, 0x4043, 0x4043, 0x4043,
    0x4043, 0x4043, 0x4043, 0x4043, 0x4043, 0x4043, 0x4043, 0x4043, 0x4043, 0x4043, 0x4043, 0x4043, 0x4043, 0x4043, 0x4043, 0x4043,
    0x4043, 0x4043, 0x4043, 0x4043, 0x4043, 0x4043, 0x4043, 0x4043, 0x4043, 0x4043, 0x4043, 0x4043, 0x4043, 0x4043, 0x4043, 0x4043,
    0x4043, 0x4043, 0x4043, 0x4043, 0x4043, 0x4043, 0x4043, 0x4043, 0x4043, 0x4043, 0x4043, 0x4043, 0x4043, 0x4043, 0x4043, 0x4043,
    0x4043, 0x4043, 0x4043, 0x4043, 0x4043, 0x4043, 0x4043, 0x4043, 0x4043, 0x4043, 0x4043, 0x4043, 0x4043, 0x4043, 0x4043, 0x4043,
    0x60A4, 0x60A4, 0x60A4, 0x68A4, 0x68A4, 0x68A4, 0x68A4, 0x68A4, 0x68A4, 0x68A4, 0x68A4, 0x68A4, 0x68A4, 0x68A4, 0x68A5, 0x70A5,
    0x70C5, 0x70C5, 0x70C5, 0x70C5, 0x70C5, 0x70C5, 0x70C5, 0x70C5, 0x70C5, 0x70C5, 0x70C5, 0x70C5, 0x78C5, 0x78C5, 0x78C5, 0x78C5,
    0x78C5, 0x78C5, 0x78C5, 0x78C5, 0x78C5, 0x78E5, 0x78E5, 0x78E5, 0x78E5, 0x78E5, 0x78E5, 0x78E5, 0x78E5, 0x78E5, 0x78E5, 0x78E5,
    0x78E5, 0x78E5, 0x7905, 0x7905, 0x7905, 0x7905, 0x7905, 0x7905, 0x7905, 0x7905, 0x7905, 0x7905, 0x7905, 0x7905, 0x7905, 0x7905,
    0x7905, 0x7905, 0x7905, 0x7905, 0x7905, 0x7905, 0x7905, 0x7905, 0x7905, 0x7905, 0x7905, 0x8105, 0x8105, 0x8105, 0x8105, 0x8106,
    0x8106, 0x8106, 0x8106, 0x8106, 0x8906, 0x8906, 0x8906, 0x8906, 0x8906, 0x8906, 0x8906, 0x8906, 0x8906, 0x8906, 0x8906, 0x8906,
    0x9106, 0x9106, 0x9106, 0x9106, 0x9106, 0x9106, 0x90E6, 0x90E6, 0x90E6, 0x90C6, 0x90C6, 0x90C6, 0x90C6, 0x90E6, 0x88E6, 0x8906,
    0x8906, 0x8126, 0x8126, 0x8146, 0x8167, 0x8167, 0x8167, 0x8167, 0x8167, 0x7967, 0x7967, 0x7967, 0x7926, 0x7926, 0x7926, 0x78E6,
    0x78E5, 0x78C5, 0x78A5, 0x78A5, 0x7885, 0x7885, 0x7885, 0x78A5, 0x70A5, 0x70A5, 0x70C5, 0x70A5, 0x70A5, 0x70A5, 0x68A5, 0x68A5,
    0x68A4, 0x68A4, 0x68A4, 0x68A4, 0x6084, 0x6084, 0x6084, 0x6084, 0x6084, 0x5884, 0x5884, 0x5884, 0x5884, 0x5884, 0x5864, 0x5064,
    0x5064, 0x5063, 0x5063, 0x5063, 0x4863, 0x4863, 0x4863, 0x4863, 0x4863, 0x4863, 0x4863, 0x4843, 0x4043, 0x4043, 0x4043, 0x4043,
    0x4043, 0x4043, 0x4043, 0x4043, 0x4043, 0x4043, 0x4043, 0x4043, 0x4043, 0x4043, 0x4043, 0x4043, 0x4043, 0x4043, 0x4043, 0x4043,
    0x4043, 0x4043, 0x4043, 0x4043, 0x4043, 0x4043, 0x4043, 0x4043, 0x4043, 0x4043, 0x4043, 0x4043, 0x4043, 0x4043, 0x4043, 0x4043,
    0x4043, 0x4043, 0x4043, 0x4043, 0x4043, 0x4043, 0x4043, 0x4043, 0x4043, 0x4043, 0x4043, 0x4043, 0x4043, 0x4043, 0x4043, 0x4043,
    0x4043, 0x4043, 0x4043, 0x4043, 0x4043, 0x4043, 0x4043, 0x4043, 0x4043, 0x4043, 0x4043, 0x4043, 0x4043, 0x4043, 0x4043, 0x4043,
    0x60A4, 0x60A4, 0x60A4, 0x68A4, 0x68A4, 0x68A4, 0x68A4, 0x68A4, 0x68A4, 0x68A4, 0x68A4, 0x68A4, 0x68A4, 0x68A4, 0x70A5, 0x70C5,
    0x70C5, 0x70C5, 0x70C5, 0x70C5, 0x70C5, 0x70C5, 0x70C5, 0x70C5, 0x70C5, 0x70C5, 0x70C5, 0x78C5, 0x78C5, 0x78C5, 0x78C5, 0x78C5,
    0x78C5, 0x78C5, 0x78C5, 0x78E5, 0x78E5, 0x78E5, 0x78E5, 0x78E5, 0x78E5, 0x78E5, 0x78E5, 0x78E5, 0x78E5, 0x78E5, 0x78E5, 0x7905,
    0x7905, 0x7905, 0x7905, 0x7905, 0x7905, 0x7905, 0x7905, 0x7905, 0x7905, 0x7905, 0x7905, 0x7905, 0x7905, 0x7905, 0x7905, 0x7905,
    0x7905, 0x7905, 0x7905, 0x7905, 0x7905, 0x7905, 0x7905, 0x7905, 0x8105, 0x8105, 0x8105, 0x8106, 0x8106, 0x8106, 0x8106, 0x8126,
    0x8906, 0x8926, 0x8926, 0x8906, 0x8926, 0x8906, 0x8926, 0x8906, 0x8906, 0x9106, 0x9106, 0x9106, 0x9106, 0x9106, 0x9106, 0x9106,
    0x9106, 0x9106, 0x90E6, 0x90E6, 0x98C6, 0x90E6, 0x90E6, 0x9126, 0x8947, 0x8987, 0x81C8, 0x81E8, 0x7A08, 0x7A28, 0x7A28, 0x7A28,
    0x7A29, 0x7A28, 0x7A28, 0x7A28, 0x7A08, 0x79E8, 0x79E8, 0x79E8, 0x79E8, 0x79E8, 0x79E8, 0x79E8, 0x7A08, 0x7A08, 0x7A08, 0x7228,
    0x7228, 0x7228, 0x7228, 0x7208, 0x71E8, 0x71A7, 0x7167, 0x7126, 0x78E5, 0x78A5, 0x7085, 0x7084, 0x7084, 0x7085, 0x70A5, 0x70A5,
    0x68A5, 0x68A5, 0x68A4, 0x68A4, 0x68A4, 0x6884, 0x6084, 0x6084, 0x6084, 0x6084, 0x6084, 0x5884, 0x5884, 0x5884, 0x5884, 0x5884,
    0x5064, 0x5064, 0x5064, 0x5063, 0x5063, 0x5063, 0x4863, 0x4863, 0x4863, 0x4863, 0x4863, 0x4843, 0x4043, 0x4043, 0x4043, 0x4043,
    0x4043, 0x4043, 0x4043, 0x4043, 0x4043, 0x4043, 0x4043, 0x4043, 0x4043, 0x4043, 0x4043, 0x4043, 0x4043, 0x4043, 0x4043, 0x4043,
    0x4043, 0x4043, 0x4043, 0x4043, 0x4043, 0x4043, 0x4043, 0x4043, 0x4043, 0x4043, 0x4043, 0x4043, 0x4043, 0x4043, 0x4043, 0x4043,
    0x4043, 0x4043, 0x4043, 0x4043, 0x4043, 0x4043, 0x4043, 0x4043, 0x4043, 0x4043, 0x4043, 0x4043, 0x4043, 0x4043, 0x4043, 0x4043,
    0x4043, 0x4043, 0x4043, 0x4043, 0x4043, 0x4043, 0x4043, 0x4043, 0x4043, 0x4043, 0x4043, 0x4043, 0x4043, 0x4043, 0x4043, 0x4043,
    0x60A4, 0x60A4, 0x68A4, 0x68A4, 0x68A4, 0x68A4, 0x68A4, 0x68A4, 0x68A4, 0x68A4, 0x68A4, 0x68A4, 0x68A4, 0x70A5, 0x70A5, 0x70C5,
    0x70C5, 0x70C5, 0x70C5, 0x70C5, 0x70C5, 0x70C5, 0x70C5, 0x70C5, 0x70C5, 0x78C5, 0x78C5, 0x78C5, 0x78C5, 0x78C5, 0x78C5, 0x78C5,
    0x78C5, 0x78C5, 0x78E5, 0x78E5, 0x78E5, 0x78E5, 0x78E5, 0x78E5, 0x78E5, 0x78E5, 0x78E5, 0x78E5, 0x78E5, 0x7905, 0x7905, 0x7905,
    0x7905, 0x7905, 0x7905, 0x7905, 0x7905, 0x7905, 0x7905, 0x7905, 0x7905, 0x7905, 0x7905, 0x7905, 0x7905, 0x7905, 0x7905, 0x7905,
    0x7905, 0x7905, 0x7905, 0x7905, 0x7905, 0x8105, 0x8105, 0x8105, 0x8106, 0x8126, 0x8126, 0x8126, 0x8926, 0x8926, 0x8926, 0x8926,
    0x8926, 0x8926, 0x8926, 0x8926, 0x8926, 0x9126, 0x9126, 0x9126, 0x9126, 0x9126, 0x9126, 0x9126, 0x9126, 0x9106, 0x9106, 0x98E6,
    0x9906, 0x9126, 0x9167, 0x89A7, 0x81E8, 0x8228, 0x7A49, 0x7A49, 0x8228, 0x8208, 0x81C8, 0x8987, 0x8967, 0x9127, 0x9126, 0x9106,
    0x90E6, 0x90E6, 0x90C6, 0x90C6, 0x90C6, 0x90C6, 0x90C6, 0x90C6, 0x88C6, 0x88C6, 0x88C5, 0x88A5, 0x88C5, 0x88C5, 0x88C5, 0x80C6,
    0x80C5, 0x8106, 0x8106, 0x7926, 0x7967, 0x79A7, 0x71C7, 0x7208, 0x7228, 0x7228, 0x7208, 0x71C7, 0x7187, 0x7126, 0x70C5, 0x7085,
    0x7064, 0x7084, 0x6884, 0x68A5, 0x68A5, 0x68A4, 0x6884, 0x6084, 0x6084, 0x6084, 0x6084, 0x6084, 0x6084, 0x5884, 0x5884, 0x5884,
    0x5884, 0x5864, 0x5064, 0x5063, 0x5063, 0x5063, 0x5063, 0x4863, 0x4863, 0x4863, 0x4863, 0x4863, 0x4843, 0x4043, 0x4043, 0x4043,
    0x4043, 0x4043, 0x4043, 0x4043, 0x4043, 0x4043, 0x4043, 0x4043, 0x4043, 0x4043, 0x4043, 0x4043, 0x4043, 0x4043, 0x4043, 0x4043,
    0x4043, 0x4043, 0x4043, 0x4043, 0x4043, 0x4043, 0x4043, 0x4043, 0x4043, 0x4043, 0x4043, 0x4043, 0x4043, 0x4043, 0x4043, 0x4043,
    0x4043, 0x4043, 0x4043, 0x4043, 0x4043, 0x4043, 0x4043, 0x4043, 0x4043, 0x4043, 0x4043, 0x4043, 0x4043, 0x4043, 0x4043, 0x4043,
    0x4043, 0x4043, 0x4043, 0x4043, 0x4043, 0x4043, 0x4043, 0x4043, 0x4043, 0x4043, 0x4043, 0x4043, 0x4043, 0x4043, 0x4043, 0x4043,
    0x60A4, 0x68A4, 0x68A4, 0x68A4, 0x68A4, 0x68A4, 0x68A4, 0x68A4, 0x68A4, 0x68A4, 0x68A4, 0x68A4, 0x70A5, 0x70A5, 0x70C5, 0x70C5,
    0x70C5, 0x70C5, 0x70C5, 0x70C5, 0x70C5, 0x70C5, 0x70C5, 0x70C5, 0x78C5, 0x78C5, 0x78C5, 0x78C5, 0x78C5, 0x78C5, 0x78C5, 0x78C5,
    0x78E5, 0x78E5, 0x78E5, 0x78E5, 0x78E5, 0x78E5, 0x78E5, 0x78E5, 0x78E5, 0x78E5, 0x78E5, 0x7905, 0x7905, 0x7905, 0x7905, 0x7905,
    0x7905, 0x7905, 0x7905, 0x7905, 0x7905, 0x7905, 0x7905, 0x7905, 0x7905, 0x7905, 0x7905, 0x7905, 0x7905, 0x7905, 0x7905, 0x7905,
    0x7905, 0x7905, 0x7905, 0x8125, 0x8125, 0x8126, 0x8126, 0x8126, 0x8126, 0x8126, 0x8926, 0x8926, 0x8926, 0x8926, 0x8926, 0x8926,
    0x8926, 0x8926, 0x9126, 0x9126, 0x9126, 0x9126, 0x9126, 0x9126, 0x9126, 0x9126, 0x9906, 0x9906, 0x9906, 0x9147, 0x89A7, 0x81E8,
    0x8229, 0x7A69, 0x8229, 0x8208, 0x89A8, 0x9167, 0x9927, 0x9906, 0x98E6, 0x98E6, 0x98E6, 0x98E6, 0x9906, 0x9906, 0x9906, 0x9106,
    0x9106, 0x9106, 0x9106, 0x9106, 0x90E6, 0x90E6, 0x90E6, 0x90E6, 0x88E6, 0x88E6, 0x88E6, 0x88E6, 0x88E6, 0x88E6, 0x88E6, 0x88E6,
    0x88E6, 0x88E6, 0x80E6, 0x80C5, 0x80C5, 0x80A5, 0x80A5, 0x80A5, 0x78A5, 0x78E5, 0x7926, 0x7167, 0x71C7, 0x7208, 0x7228, 0x7208,
    0x71C7, 0x7146, 0x70E5, 0x7084, 0x6864, 0x6884, 0x6884, 0x68A4, 0x68A4, 0x6084, 0x6084, 0x6084, 0x6084, 0x6084, 0x5884, 0x5884,
    0x5884, 0x5864, 0x5864, 0x5064, 0x5064, 0x5064, 0x5063, 0x5063, 0x4863, 0x4863, 0x4863, 0x4863, 0x4843, 0x4043, 0x4043, 0x4043,
    0x4043, 0x4043, 0x4043, 0x4043, 0x4043, 0x4043, 0x4043, 0x4043, 0x4043, 0x4043, 0x4043, 0x4043, 0x4043, 0x4043, 0x4043, 0x4043,
    0x4043, 0x4043, 0x4043, 0x4043, 0x4043, 0x4043, 0x4043, 0x4043, 0x4043, 0x4043, 0x4043, 0x4043, 0x4043, 0x4043, 0x4043, 0x4043,
    0x4043, 0x4043, 0x4043, 0x4043, 0x4043, 0x4043, 0x4043, 0x4043, 0x4043, 0x4043, 0x4043, 0x4043, 0x4043, 0x4043, 0x4043, 0x4043,
    0x4043, 0x4043, 0x4043, 0x4043, 0x4043, 0x4043, 0x4043, 0x4043, 0x4043, 0x4043, 0x4043, 0x4043, 0x4043, 0x4043, 0x4043, 0x4043,
    0x60A4, 0x68A4, 0x68A4, 0x68A4, 0x68A4, 0x68A4, 0x68A4, 0x68A4, 0x68A4, 0x68A4, 0x68A4, 0x70A5, 0x70A5, 0x70C5, 0x70C5, 0x70C5,
    0x70C5, 0x70C5, 0x70C5, 0x70C5, 0x70C5, 0x70C5, 0x70C5, 0x70C5, 0x78C5, 0x78C5, 0x78C5, 0x78C5, 0x78C5, 0x78C5, 0x78C5, 0x78E5,
    0x78E5, 0x78E5, 0x78E5, 0x78E5, 0x78E5, 0x78E5, 0x78E5, 0x78E5, 0x78E5, 0x7905, 0x7905, 0x7905, 0x7905, 0x7905, 0x7905, 0x7905,
    0x7905, 0x7905, 0x7905, 0x7905, 0x7905, 0x7905, 0x7905, 0x7905, 0x7905, 0x7905, 0x7905, 0x7905, 0x7905, 0x7905, 0x7925, 0x7925,
    0x7925, 0x8125, 0x8125, 0x8126, 0x8126, 0x8126, 0x8126, 0x8926, 0x8926, 0x8926, 0x8926, 0x8926, 0x8926, 0x8946, 0x8926, 0x9146,
    0x9146, 0x9126, 0x9146, 0x9146, 0x9146, 0x9146, 0x9126, 0x9926, 0x9906, 0x9147, 0x8987, 0x8208, 0x8249, 0x8249, 0x8228, 0x89C8,
    0x9167, 0x9927, 0x9906, 0xA106, 0xA106, 0x9906, 0x9927, 0x9927, 0x9927, 0x9906, 0x98E6, 0x98E6, 0x98C6, 0x98C6, 0x98C6, 0x98C6,
    0x98C6, 0x98C6, 0x90C6, 0x90E6, 0x9907, 0x9106, 0x9106, 0x9106, 0x9106, 0x9106, 0x9106, 0x9106, 0x88C6, 0x88A5, 0x88C5, 0x88A5,
    0x8885, 0x8085, 0x8085, 0x80A5, 0x80A5, 0x80C5, 0x80C5, 0x80E6, 0x80E6, 0x80C6, 0x80C5, 0x78A5, 0x7885, 0x7885, 0x78C5, 0x7106,
    0x7167, 0x71C7, 0x7208, 0x6A08, 0x69C7, 0x6946, 0x68C5, 0x6864, 0x6864, 0x6884, 0x60A4, 0x6084, 0x6084, 0x6084, 0x6084, 0x5884,
    0x5884, 0x5884, 0x5864, 0x5864, 0x5064, 0x5064, 0x5063, 0x5063, 0x5063, 0x4863, 0x4863, 0x4863, 0x4863, 0x4843, 0x4043, 0x4043,
    0x4043, 0x4043, 0x4043, 0x4043, 0x4043, 0x4043, 0x4043, 0x4043, 0x4043, 0x4043, 0x4043, 0x4043, 0x4043, 0x4043, 0x4043, 0x4043,
    0x4043, 0x4043, 0x4043, 0x4043, 0x4043, 0x4043, 0x4043, 0x4043, 0x4043, 0x4043, 0x4043, 0x4043, 0x4043, 0x4043, 0x4043, 0x4043,
    0x4043, 0x4043, 0x4043, 0x4043, 0x4043, 0x4043, 0x4043, 0x4043, 0x4043, 0x4043, 0x4043, 0x4043, 0x4043, 0x4043, 0x4043, 0x4043,
    0x4043, 0x4043, 0x4043, 0x4043, 0x4043, 0x4043, 0x4043, 0x4043, 0x4043, 0x4043, 0x4043, 0x4043, 0x4043, 0x4043, 0x4043, 0x4043,
    0x68A4, 0x68A4, 0x68A4, 0x68A4, 0x68A4, 0x68A4, 0x68A4, 0x68A4, 0x68A4, 0x68A4, 0x70A5, 0x70A5, 0x70C5, 0x70C5, 0x70C5, 0x70C5,
    0x70C5, 0x70C5, 0x70C5, 0x70C5, 0x70C5, 0x70C5, 0x78C5, 0x78C5, 0x78C5, 0x78C5, 0x78C5, 0x78C5, 0x78C5, 0x78C5, 0x78E5, 0x78E5,
    0x78E5, 0x78E5, 0x78E5, 0x78E5, 0x78E5, 0x78E5, 0x78E5, 0x7905, 0x7905, 0x7905, 0x7905, 0x7905, 0x7905, 0x7905, 0x7905, 0x7905,
    0x7905, 0x7905, 0x7905, 0x7905, 0x7905, 0x7905, 0x7905, 0x7925, 0x7905, 0x7925, 0x7925, 0x8125, 0x8125, 0x8125, 0x8125, 0x8125,
    0x8125, 0x8126, 0x8126, 0x8126, 0x8126, 0x8926, 0x8926, 0x8946, 0x8946, 0x8946, 0x8946, 0x9146, 0x9146, 0x9146, 0x9146, 0x9146,
    0x9146, 0x9146, 0x9146, 0x9946, 0x9926, 0x9926, 0x9167, 0x89C8, 0x8229, 0x8269, 0x8229, 0x89E8, 0x9167, 0x9927, 0xA106, 0xA126,
    0xA127, 0x9947, 0x9947, 0x9927, 0x9906, 0x98E6, 0x98C6, 0x98C6, 0xA106, 0xA127, 0xA188, 0xA1C9, 0xA24A, 0xAAAB, 0xAB0C, 0xAB8D,
    0xABAE, 0xB44F, 0xB44F, 0xB44F, 0xB4D1, 0xB4F1, 0xB4F1, 0xB4F1, 0xB4F1, 0xB4F1, 0xB4D1, 0xB4F1, 0xB46F, 0xB42F, 0xB44F, 0xABAE,
    0xAB8D, 0xA30C, 0x9AAB, 0x9A29, 0x91C8, 0x8967, 0x8906, 0x80A5, 0x8085, 0x7885, 0x7885, 0x78A5, 0x78C5, 0x78C5, 0x78C5, 0x78C5,
    0x7885, 0x7885, 0x70A5, 0x70E5, 0x7166, 0x71C8, 0x6A08, 0x6A08, 0x6987, 0x68C5, 0x6864, 0x6864, 0x6084, 0x6084, 0x6084, 0x6084,
    0x6084, 0x5884, 0x5884, 0x5884, 0x5884, 0x5864, 0x5064, 0x5063, 0x5063, 0x5063, 0x4863, 0x4863, 0x4863, 0x4843, 0x4843, 0x4043,
    0x4043, 0x4043, 0x4043, 0x4043, 0x4043, 0x4043, 0x4043, 0x4043, 0x4043, 0x4043, 0x4043, 0x4043, 0x4043, 0x4043, 0x4043, 0x4043,
    0x4043, 0x4043, 0x4043, 0x4043, 0x4043, 0x4043, 0x4043, 0x4043, 0x4043, 0x4043, 0x4043, 0x4043, 0x4043, 0x4043, 0x4043, 0x4043,
    0x4043, 0x4043, 0x4043, 0x4043, 0x4043, 0x4043, 0x4043, 0x4043, 0x4043, 0x4043, 0x4043, 0x4043, 0x4043, 0x4043, 0x4043, 0x4043,
    0x4043, 0x4043, 0x4043, 0x4043, 0x4043, 0x4043, 0x4043, 0x4043, 0x4043, 0x4043, 0x4043, 0x4043, 0x4043, 0x4043, 0x4043, 0x4043,
    0x68A4, 0x68A4, 0x68A4, 0x68A4, 0x68A4, 0x68A4, 0x68A4, 0x68A4, 0x68A4, 0x70A5, 0x70A5, 0x70C5, 0x70C5, 0x70C5, 0x70C5, 0x70C5,
    0x70C5, 0x70C5, 0x70C5, 0x70C5, 0x70C5, 0x70C5, 0x78C5, 0x78C5, 0x78C5, 0x78C5, 0x78C5, 0x78C5, 0x78E5, 0x78E5, 0x78E5, 0x78E5,
    0x78E5, 0x78E5, 0x78E5, 0x78E5, 0x78E5, 0x78E5, 0x7905, 0x7905, 0x7905, 0x7905, 0x7905, 0x7905, 0x7905, 0x7905, 0x7905, 0x7905,
    0x7905, 0x7905, 0x7905, 0x7905, 0x7925, 0x8125, 0x8125, 0x8125, 0x8125, 0x8125, 0x8125, 0x8126, 0x8126, 0x8125, 0x8126, 0x8126,
    0x8126, 0x8126, 0x8146, 0x8946, 0x8946, 0x8946, 0x8946, 0x8946, 0x8946, 0x9146, 0x9146, 0x9146, 0x9146, 0x9146, 0x9146, 0x9147,
    0x9147, 0x9926, 0x9926, 0x9167, 0x89E8, 0x8249, 0x8269, 0x8228, 0x91A8, 0x9947, 0xA126, 0xA127, 0xA147, 0xA147, 0xA147, 0x9927,
    0xA106, 0xA0E6, 0xA106, 0xA147, 0xA1C8, 0xAA4A, 0xAB0C, 0xB3CE, 0xB44F, 0xB4D1, 0xBD52, 0xBD93, 0xBDD3, 0xBDF4, 0xBDF4, 0xBDF4,
    0xC5F4, 0xBDD3, 0xBDD3, 0xBDD3, 0xBD72, 0xBD72, 0xBD72, 0xBD72, 0xBD72, 0xBD72, 0xBD72, 0xBD72, 0xC5D3, 0xC5D3, 0xC5D3, 0xC5F4,
    0xC5F4, 0xC614, 0xC5F4, 0xC5D3, 0xBDB3, 0xBD52, 0xB4F1, 0xAC4F, 0xA3AE, 0x9B0C, 0x9229, 0x8987, 0x80E6, 0x7885, 0x7864, 0x7864,
    0x78A5, 0x78C5, 0x78C5, 0x78A5, 0x7085, 0x7084, 0x70A5, 0x7126, 0x69A7, 0x6A08, 0x6A08, 0x6966, 0x68C5, 0x6064, 0x6064, 0x6084,
    0x6084, 0x6084, 0x5884, 0x5884, 0x5884, 0x5864, 0x5864, 0x5064, 0x5064, 0x5063, 0x5063, 0x4863, 0x4863, 0x4863, 0x4863, 0x4843,
    0x4843, 0x4043, 0x4043, 0x4043, 0x4043, 0x4043, 0x4043, 0x4043, 0x4043, 0x4043, 0x4043, 0x4043, 0x4043, 0x4043, 0x4043, 0x4043,
    0x4043, 0x4043, 0x4043, 0x4043, 0x4043, 0x4043, 0x4043, 0x4043, 0x4043, 0x4043, 0x4043, 0x4043, 0x4043, 0x4043, 0x4043, 0x4043,
    0x4043, 0x4043, 0x4043, 0x4043, 0x4043, 0x4043, 0x4043, 0x4043, 0x4043, 0x4043, 0x4043, 0x4043, 0x4043, 0x4043, 0x4043, 0x4043,
    0x4043, 0x4043, 0x4043, 0x4043, 0x4043, 0x4043, 0x4043, 0x4043, 0x4043, 0x4043, 0x4043, 0x4043, 0x4043, 0x4043, 0x4043, 0x4043,
    0x68A4, 0x68A4, 0x68A4, 0x68A4, 0x68A4, 0x68A4, 0x68A4, 0x68A4, 0x70A5, 0x70A5, 0x70C5, 0x70C5, 0x70C5, 0x70C5, 0x70C5, 0x70C5,
    0x70C5, 0x70C5, 0x70C5, 0x70C5, 0x78C5, 0x78C5, 0x78C5, 0x78C5, 0x78C5, 0x78C5, 0x78C5, 0x78E5, 0x78E5, 0x78E5, 0x78E5, 0x78E5,
    0x78E5, 0x78E5, 0x78E5, 0x78E5, 0x7905, 0x7905, 0x7905, 0x7905, 0x7905, 0x7905, 0x7905, 0x7905, 0x7905, 0x7905, 0x7905, 0x7905,
    0x7905, 0x7905, 0x7925, 0x8125, 0x8125, 0x8125, 0x8125, 0x8126, 0x8126, 0x8126, 0x8126, 0x8126, 0x8126, 0x8126, 0x8146, 0x8146,
    0x8946, 0x8946, 0x8946, 0x8946, 0x8946, 0x8946, 0x9146, 0x9146, 0x9146, 0x9146, 0x9146, 0x9166, 0x9167, 0x9167, 0x9947, 0x9926,
    0x9967, 0x89C8, 0x8249, 0x8269, 0x8A08, 0x91A7, 0xA147, 0xA127, 0xA147, 0xA167, 0xA167, 0xA147, 0xA126, 0xA106, 0xA127, 0xA1A8,
    0xAA6A, 0xAB2C, 0xB40F, 0xB4D0, 0xBD72, 0xBDD3, 0xBDF4, 0xBDF4, 0xBDD3, 0xBD92, 0xBD11, 0xBCB0, 0xB44F, 0xB3CE, 0xB36D, 0xAAEC,
    0xAACB, 0xAA4A, 0xAA2A, 0xAA2A, 0xA1A8, 0xA188, 0xA1A8, 0xA188, 0xA188, 0x9988, 0x9988, 0x9988, 0xA209, 0xA229, 0xA229, 0xA2AB,
    0xA2CB, 0xAB4D, 0xABAD, 0xB42F, 0xB490, 0xBD11, 0xBD72, 0xC5D3, 0xC5F4, 0xC614, 0xC5D3, 0xBD72, 0xB4D1, 0xAC0E, 0x9B2C, 0x9229,
    0x8147, 0x78A5, 0x7064, 0x7064, 0x70A5, 0x70C5, 0x70C5, 0x70A5, 0x7064, 0x7084, 0x68E5, 0x6987, 0x6A08, 0x6A08, 0x6966, 0x60A5,
    0x6044, 0x6064, 0x6084, 0x6084, 0x5884, 0x5864, 0x5864, 0x5864, 0x5064, 0x5064, 0x5063, 0x5063, 0x5063, 0x4863, 0x4863, 0x4863,
    0x4843, 0x4843, 0x4043, 0x4043, 0x4043, 0x4043, 0x4043, 0x4043, 0x4043, 0x4043, 0x4043, 0x4043, 0x4043, 0x4043, 0x4043, 0x4043,
    0x4043, 0x4043, 0x4043, 0x4043, 0x4043, 0x4043, 0x4043, 0x4043, 0x4043, 0x4043, 0x4043, 0x4043, 0x4043, 0x4043, 0x4043, 0x4043,
    0x4043, 0x4043, 0x4043, 0x4043, 0x4043, 0x4043, 0x4043, 0x4043, 0x4043, 0x4043, 0x4043, 0x4043, 0x4043, 0x4043, 0x4043, 0x4043,
    0x4043, 0x4043, 0x4043, 0x4043, 0x4043, 0x4043, 0x4043, 0x4043, 0x4043, 0x4043, 0x4043, 0x4043, 0x4043, 0x4043, 0x4043, 0x4043,
    0x68A4, 0x68A4, 0x68A4, 0x68A4, 0x68A4, 0x68A4, 0x68A4, 0x68A4, 0x70A5, 0x70A5, 0x70C5, 0x70C5, 0x70C5, 0x70C5, 0x70C5, 0x70C5,
    0x70C5, 0x70C5, 0x70C5, 0x78C5, 0x78C5, 0x78C5, 0x78C5, 0x78C5, 0x78C5, 0x78C5, 0x78E5, 0x78E5, 0x78E5, 0x78E5, 0x78E5, 0x78E5,
    0x78E5, 0x78E5, 0x78E5, 0x7905, 0x7905, 0x7905, 0x7905, 0x7905, 0x7905, 0x7905, 0x7905, 0x7905, 0x7905, 0x7905, 0x7905, 0x7925,
    0x8125, 0x8125, 0x8125, 0x8125, 0x8126, 0x8126, 0x8126, 0x8126, 0x8126, 0x8126, 0x8126, 0x8126, 0x8126, 0x8146, 0x8946, 0x8946,
    0x8946, 0x8946, 0x8946, 0x8946, 0x9146, 0x9166, 0x9166, 0x9166, 0x9167, 0x9167, 0x9167, 0x9967, 0x9946, 0x9946, 0x91A7, 0x8228,
    0x7A69, 0x8249, 0x91C8, 0xA167, 0xA147, 0xA167, 0xA187, 0xA167, 0xA147, 0xA126, 0xA127, 0xA1A8, 0xAA6A, 0xB38D, 0xB46F, 0xBD32,
    0xBDB3, 0xBDF4, 0xBDF3, 0xBD93, 0xBCF1, 0xBC6F, 0xB3AE, 0xB2EC, 0xAA6A, 0xA9E9, 0xA968, 0xA907, 0xA8C6, 0xA8A6, 0xA086, 0xA085,
    0xA085, 0xA0A6, 0xA0A6, 0xA0A6, 0xA0C6, 0xA0E6, 0xA0C6, 0x98C6, 0x98C6, 0x98C6, 0x98C6, 0x98C6, 0x9885, 0x9885, 0x9085, 0x9065,
    0x9065, 0x9065, 0x9065, 0x9085, 0x90C6, 0x9106, 0x9188, 0x9A09, 0x9AAB, 0xA34D, 0xAC2F, 0xB4D1, 0xBD92, 0xC5F3, 0xC614, 0xC5D3,
    0xBD52, 0xAC6F, 0xA36D, 0x8A29, 0x8126, 0x7085, 0x7064, 0x7084, 0x70A5, 0x70C5, 0x70A5, 0x6864, 0x6884, 0x6905, 0x69C7, 0x6A28,
    0x69C7, 0x6105, 0x6064, 0x6044, 0x6084, 0x5884, 0x5884, 0x5864, 0x5864, 0x5064, 0x5064, 0x5064, 0x5063, 0x5063, 0x4863, 0x4863,
    0x4843, 0x4843, 0x4843, 0x4043, 0x4043, 0x4043, 0x4043, 0x4043, 0x4043, 0x4043, 0x4043, 0x4043, 0x4043, 0x4043, 0x4043, 0x4043,
    0x4043, 0x4043, 0x4043, 0x4043, 0x4043, 0x4043, 0x4043, 0x4043, 0x4043, 0x4043, 0x4043, 0x4043, 0x4043, 0x4043, 0x4043, 0x4043,
    0x4043, 0x4043, 0x4043, 0x4043, 0x4043, 0x4043, 0x4043, 0x4043, 0x4043, 0x4043, 0x4043, 0x4043, 0x4043, 0x4043, 0x4043, 0x4043,
    0x4043, 0x4043, 0x4043, 0x4043, 0x4043, 0x4043, 0x4043, 0x4043, 0x4043, 0x4043, 0x4043, 0x4043, 0x4043, 0x4043, 0x4043, 0x4043,
    0x68A4, 0x68A4, 0x68A4, 0x68A4, 0x68A4, 0x68A4, 0x68A4, 0x68A5, 0x70A5, 0x70C5, 0x70C5, 0x70C5, 0x70C5, 0x70C5, 0x70C5, 0x70C5,
    0x70C5, 0x70C5, 0x70C5, 0x78C5, 0x78C5, 0x78C5, 0x78C5, 0x78C5, 0x78C5, 0x78E5, 0x78E5, 0x78E5, 0x78E5, 0x78E5, 0x78E5, 0x78E5,
    0x78E5, 0x78E5, 0x7905, 0x7905, 0x7905, 0x7905, 0x7905, 0x7905, 0x7905, 0x7905, 0x7905, 0x7905, 0x7905, 0x7925, 0x8125, 0x8125,
    0x8125, 0x8125, 0x8126, 0x8126, 0x8126, 0x8126, 0x8126, 0x8126, 0x8126, 0x8126, 0x8146, 0x8146, 0x8146, 0x8946, 0x8946, 0x8946,
    0x8946, 0x8946, 0x9166, 0x9166, 0x9166, 0x9166, 0x9167, 0x9167, 0x9167, 0x9967, 0x9946, 0x9967, 0x89E8, 0x8269, 0x8269, 0x8A08,
    0x9987, 0xA147, 0xA167, 0xA187, 0xA187, 0xA147, 0xA126, 0xA167, 0xAA09, 0xAB0C, 0xB42F, 0xBD11, 0xBDB3, 0xBDF4, 0xBDD3, 0xBD52,
    0xBC90, 0xB3AE, 0xB2CB, 0xAA09, 0xA968, 0xA907, 0xA8C6, 0xA8C6, 0xA8C6, 0xA8E6, 0xA927, 0xA988, 0xA9C9, 0xA209, 0xA24A, 0xA28A,
    0xA2AB, 0xA2EB, 0xA2EB, 0xA2EB, 0xA30C, 0xA30C, 0xA30C, 0xA30C, 0xA30C, 0x9B0C, 0x9B0C, 0x9B0C, 0x9AEB, 0x9AEB, 0x9AEB, 0x9AAA,
    0x9A8A, 0x9A49, 0x9A09, 0x91A8, 0x9147, 0x90E6, 0x90A5, 0x8865, 0x8844, 0x8844, 0x8885, 0x88E6, 0x9188, 0x9A4A, 0xA34C, 0xAC2F,
    0xBD31, 0xC5D3, 0xC614, 0xC5D3, 0xBD32, 0xAC2F, 0x92CB, 0x8187, 0x70A5, 0x7044, 0x7064, 0x70A5, 0x70A5, 0x6884, 0x6864, 0x6885,
    0x6946, 0x6A08, 0x6A08, 0x6146, 0x6084, 0x6044, 0x5864, 0x5884, 0x5864, 0x5864, 0x5864, 0x5064, 0x5064, 0x5063, 0x5063, 0x4863,
    0x4863, 0x4843, 0x4843, 0x4843, 0x4843, 0x4043, 0x4043, 0x4043, 0x4043, 0x4043, 0x4043, 0x4043, 0x4043, 0x4043, 0x4043, 0x4043,
    0x4043, 0x4043, 0x4043, 0x4043, 0x4043, 0x4043, 0x4043, 0x4043, 0x4043, 0x4043, 0x4043, 0x4043, 0x4043, 0x4043, 0x4043, 0x4043,
    0x4043, 0x4043, 0x4043, 0x4043, 0x4043, 0x4043, 0x4043, 0x4043, 0x4043, 0x4043, 0x4043, 0x4043, 0x4043, 0x4043, 0x4043, 0x4043,
    0x4043, 0x4043, 0x4043, 0x4043, 0x4043, 0x4043, 0x4043, 0x4043, 0x4043, 0x4043, 0x4043, 0x4043, 0x4043, 0x4043, 0x4043, 0x4043,
    0x68A4, 0x68A4, 0x68A4, 0x68A4, 0x68A4, 0x68A4, 0x68A4, 0x70A5, 0x70C5, 0x70C5, 0x70C5, 0x70C5, 0x70C5, 0x70C5, 0x70C5, 0x70C5,
    0x70C5, 0x70C5, 0x78C5, 0x78C5, 0x78C5, 0x78C5, 0x78C5, 0x78C5, 0x78E5, 0x78E5, 0x78E5, 0x78E5, 0x78E5, 0x78E5, 0x78E5, 0x78E5,
    0x78E5, 0x7905, 0x7905, 0x7905, 0x7905, 0x7905, 0x7905, 0x7905, 0x7905, 0x7905, 0x7905, 0x7905, 0x7925, 0x8125, 0x8125, 0x8125,
    0x8126, 0x8126, 0x8126, 0x8126, 0x8126, 0x8126, 0x8126, 0x8126, 0x8146, 0x8146, 0x8146, 0x8946, 0x8946, 0x8946, 0x8966, 0x8966,
    0x9166, 0x9166, 0x9166, 0x9167, 0x9167, 0x9167, 0x9987, 0x9967, 0x9967, 0x9987, 0x8A08, 0x8289, 0x8249, 0x91C8, 0xA167, 0xA167,
    0xA187, 0xA1A7, 0xA167, 0xA146, 0xA167, 0xAA29, 0xAB2C, 0xB46F, 0xBD72, 0xBDF3, 0xBDD3, 0xBD72, 0xBC90, 0xB3AD, 0xB2AB, 0xA9E9,
    0xA947, 0xA8E6, 0xA8E6, 0xA906, 0xA967, 0xA9C8, 0xAA4A, 0xA2AB, 0xA2EB, 0xA32C, 0xA32C, 0xA30C, 0xA2EB, 0xA2CB, 0xA28B, 0xAA4A,
    0xAA2A, 0xA9C9, 0xA9A8, 0xA9C9, 0xA968, 0xA968, 0xA168, 0xA147, 0xA147, 0xA147, 0xA147, 0xA147, 0xA1A8, 0xA1A8, 0x99A8, 0x9A09,
    0x9A29, 0x9A6A, 0x9A8A, 0x9ACB, 0x9AEB, 0x9B0B, 0x9B0B, 0x9ACB, 0x926A, 0x9209, 0x9188, 0x88E6, 0x8885, 0x8044, 0x8044, 0x8085,
    0x8927, 0x9209, 0xA32C, 0xAC4F, 0xBD52, 0xC5F4, 0xC614, 0xBD93, 0xAC90, 0x9B0C, 0x8187, 0x70A5, 0x6844, 0x6884, 0x68A5, 0x68A5,
    0x6864, 0x6864, 0x68E5, 0x69C7, 0x6A28, 0x6187, 0x60A4, 0x5843, 0x5864, 0x5884, 0x5864, 0x5864, 0x5064, 0x5063, 0x5063, 0x5063,
    0x4863, 0x4863, 0x4843, 0x4843, 0x4843, 0x4843, 0x4843, 0x4043, 0x4043, 0x4043, 0x4043, 0x4043, 0x4043, 0x4043, 0x4043, 0x4043,
    0x4043, 0x4043, 0x4043, 0x4043, 0x4043, 0x4043, 0x4043, 0x4043, 0x4043, 0x4043, 0x4043, 0x4043, 0x4043, 0x4043, 0x4043, 0x4043,
    0x4043, 0x4043, 0x4043, 0x4043, 0x4043, 0x4043, 0x4043, 0x4043, 0x4043, 0x4043, 0x4043, 0x4043, 0x4043, 0x4043, 0x4043, 0x4043,
    0x4043, 0x4043, 0x4043, 0x4043, 0x4043, 0x4043, 0x4043, 0x4043, 0x4043, 0x4043, 0x4043, 0x4043, 0x4043, 0x4043, 0x4043, 0x4043,
    0x68A4, 0x68A4, 0x68A4, 0x68A4, 0x68A4, 0x68A4, 0x70A5, 0x70C5, 0x70C5, 0x70C5, 0x70C5, 0x70C5, 0x70C5, 0x70C5, 0x70C5, 0x70C5,
    0x70C5, 0x78C5, 0x78C5, 0x78C5, 0x78C5, 0x78C5, 0x78C5, 0x78E5, 0x78E5, 0x78E5, 0x78E5, 0x78E5, 0x78E5, 0x78E5, 0x78E5, 0x7905,
    0x7905, 0x7905, 0x7905, 0x7905, 0x7905, 0x7905, 0x7905, 0x7905, 0x7905, 0x7905, 0x7925, 0x8125, 0x8125, 0x8125, 0x8126, 0x8126,
    0x8126, 0x8126, 0x8126, 0x8126, 0x8126, 0x8126, 0x8146, 0x8146, 0x8146, 0x8946, 0x8946, 0x8966, 0x8966, 0x8966, 0x9166, 0x9166,
    0x9166, 0x9167, 0x9167, 0x9167, 0x9987, 0x9987, 0x9967, 0x9987, 0x8A28, 0x8289, 0x8A49, 0x99A7, 0xA167, 0xA187, 0xA1A7, 0xA187,
    0xA167, 0xA147, 0xA9E8, 0xAB0C, 0xB46F, 0xBD72, 0xBDF3, 0xBDD3, 0xBD31, 0xB40F, 0xB30C, 0xAA09, 0xA967, 0xA906, 0xA906, 0xA947,
    0xA9C8, 0xAA4A, 0xA2CB, 0xA32C, 0xA34C, 0xA32C, 0xA2CB, 0xAA6A, 0xAA09, 0xA9A8, 0xB168, 0xB127, 0xB107, 0xB107, 0xB0E7, 0xB0E7,
    0xB0E7, 0xA907, 0xA907, 0xA907, 0xA907, 0xA907, 0xA907, 0xA907, 0xA907, 0xA107, 0xA107, 0xA107, 0xA0E6, 0xA0E6, 0xA0E6, 0xA0C6,
    0x98C6, 0x98A6, 0x98C6, 0x98C6, 0x98C6, 0x9906, 0x9147, 0x91A8, 0x9209, 0x928A, 0x9ACB, 0x9B0B, 0x92EB, 0x928A, 0x9209, 0x8947,
    0x80A5, 0x8044, 0x7824, 0x8085, 0x8947, 0x926A, 0xA3AD, 0xB4F1, 0xC5D3, 0xC614, 0xBD93, 0xAC6F, 0x92CB, 0x7946, 0x6864, 0x6844,
    0x6885, 0x68A5, 0x6884, 0x6044, 0x60A5, 0x6987, 0x6A28, 0x61C7, 0x60C5, 0x5843, 0x5864, 0x5864, 0x5864, 0x5064, 0x5064, 0x5063,
    0x5063, 0x4863, 0x4863, 0x4843, 0x4843, 0x4843, 0x4843, 0x4843, 0x4843, 0x4043, 0x4043, 0x4043, 0x4043, 0x4043, 0x4043, 0x4043,
    0x4043, 0x4043, 0x4043, 0x4043, 0x4043, 0x4043, 0x4043, 0x4043, 0x4043, 0x4043, 0x4043, 0x4043, 0x4043, 0x4043, 0x4043, 0x4043,
    0x4043, 0x4043, 0x4043, 0x4043, 0x4043, 0x4043, 0x4043, 0x4043, 0x4043, 0x4043, 0x4043, 0x4043, 0x4043, 0x4043, 0x4043, 0x4043,
    0x4043, 0x4043, 0x4043, 0x4043, 0x4043, 0x4043, 0x4043, 0x4043, 0x4043, 0x4043, 0x4043, 0x4043, 0x4043, 0x4043, 0x4043, 0x4043,
    0x68A4, 0x68A4, 0x68A4, 0x68A4, 0x68A4, 0x68A5, 0x70A5, 0x70C5, 0x70C5, 0x70C5, 0x70C5, 0x70C5, 0x70C5, 0x70C5, 0x70C5, 0x70C5,
    0x78C5, 0x78C5, 0x78C5, 0x78C5, 0x78C5, 0x78C5, 0x78C5, 0x78E5, 0x78E5, 0x78E5, 0x78E5, 0x78E5, 0x78E5, 0x78E5, 0x7905, 0x7905,
    0x7905, 0x7905, 0x7905, 0x7905, 0x7905, 0x7905, 0x7905, 0x7905, 0x7905, 0x7925, 0x8125, 0x8125, 0x8126, 0x8126, 0x8126, 0x8126,
    0x8126, 0x8126, 0x8126, 0x8126, 0x8146, 0x8146, 0x8146, 0x8946, 0x8946, 0x8966, 0x8966, 0x8966, 0x9166, 0x9166, 0x9167, 0x9167,
    0x9167, 0x9187, 0x9987, 0x9987, 0xA167, 0x99A7, 0x8A28, 0x7A89, 0x8A28, 0xA1A7, 0xA167, 0xA187, 0xA1A8, 0xA187, 0xA147, 0xA187,
    0xAA8A, 0xB40E, 0xBD31, 0xBDD3, 0xBDD3, 0xBD31, 0xBC0E, 0xB2EB, 0xA9C8, 0xA947, 0xB106, 0xB147, 0xA9C8, 0xAA6A, 0xA2EB, 0xA36C,
    0xA34C, 0xAAEB, 0xAA6A, 0xB1E9, 0xB188, 0xB147, 0xB127, 0xB127, 0xB127, 0xB147, 0xB148, 0xB148, 0xB148, 0xB148, 0xB148, 0xB148,
    0xB148, 0xB127, 0xB127, 0xB127, 0xB127, 0xA927, 0xA927, 0xA927, 0xA927, 0xA927, 0xA927, 0xA907, 0xA127, 0xA107, 0xA107, 0xA107,
    0xA107, 0xA107, 0x9907, 0x9907, 0x9907, 0x9906, 0x98E6, 0x90C6, 0x90A6, 0x90A6, 0x90A6, 0x90E6, 0x9147, 0x91E9, 0x928A, 0x92EB,
    0x932C, 0x92AB, 0x89E9, 0x8927, 0x8065, 0x7824, 0x7844, 0x80E6, 0x8A09, 0xA38D, 0xB4F1, 0xC5D3, 0xC614, 0xBD52, 0xA3EE, 0x8A09,
    0x70A5, 0x6844, 0x6864, 0x68A5, 0x6884, 0x6044, 0x6084, 0x6166, 0x6A28, 0x61C7, 0x58A4, 0x5843, 0x5864, 0x5864, 0x5064, 0x5064,
    0x5063, 0x5063, 0x4863, 0x4863, 0x4843, 0x4843, 0x4843, 0x4843, 0x4843, 0x4843, 0x4043, 0x4043, 0x4043, 0x4043, 0x4043, 0x4043,
    0x4043, 0x4043, 0x4043, 0x4043, 0x4043, 0x4043, 0x4043, 0x4043, 0x4043, 0x4043, 0x4043, 0x4043, 0x4043, 0x4043, 0x4043, 0x4043,
    0x4043, 0x4043, 0x4043, 0x4043, 0x4043, 0x4043, 0x4043, 0x4043, 0x4043, 0x4043, 0x4043, 0x4043, 0x4043, 0x4043, 0x4043, 0x4043,
    0x4043, 0x4043, 0x4043, 0x4043, 0x4043, 0x4043, 0x4043, 0x4043, 0x4043, 0x4043, 0x4043, 0x4043, 0x4043, 0x4043, 0x4043, 0x4043,
    0x68A4, 0x68A4, 0x68A4, 0x68A4, 0x68A5, 0x70A5, 0x70C5, 0x70C5, 0x70C5, 0x70C5, 0x70C5, 0x70C5, 0x70C5, 0x70C5, 0x70C5, 0x70C5,
    0x78C5, 0x78C5, 0x78C5, 0x78C5, 0x78C5, 0x78C5, 0x78E5, 0x78E5, 0x78E5, 0x78E5, 0x78E5, 0x78E5, 0x78E5, 0x7905, 0x7905, 0x7905,
    0x7905, 0x7905, 0x7905, 0x7905, 0x7905, 0x7905, 0x7905, 0x7925, 0x8125, 0x8125, 0x8125, 0x8126, 0x8126, 0x8126, 0x8126, 0x8126,
    0x8126, 0x8126, 0x8126, 0x8146, 0x8146, 0x8146, 0x8946, 0x8966, 0x8966, 0x8966, 0x9166, 0x9166, 0x9167, 0x9187, 0x9187, 0x9987,
    0x9987, 0x9987, 0xA167, 0x9987, 0x8A28, 0x7A89, 0x8A28, 0xA1A7, 0xA187, 0xA1A7, 0xA1C8, 0xA187, 0xA167, 0xA9E8, 0xB32C, 0xB4B0,
    0xBD93, 0xBDF3, 0xBD72, 0xBC4F, 0xB30C, 0xB1E9, 0xA947, 0xB127, 0xB187, 0xAA09, 0xAACB, 0xA34C, 0xA34C, 0xAAEB, 0xAA6A, 0xB1C9,
    0xB168, 0xB147, 0xB147, 0xB167, 0xB168, 0xB188, 0xB188, 0xB168, 0xB168, 0xB168, 0xB168, 0xB148, 0xB148, 0xB148, 0xB148, 0xB148,
    0xB148, 0xB148, 0xB127, 0xB127, 0xB127, 0xB127, 0xB127, 0xA927, 0xA927, 0xA927, 0xA927, 0xA927, 0xA927, 0xA927, 0xA107, 0xA107,
    0xA107, 0xA107, 0xA107, 0xA107, 0x9907, 0x9907, 0x9907, 0x9907, 0x9906, 0x9906, 0x90E6, 0x90E6, 0x90C6, 0x90A5, 0x8885, 0x88A6,
    0x8907, 0x91C8, 0x926A, 0x930B, 0x92EB, 0x926A, 0x8967, 0x80A5, 0x7824, 0x7044, 0x78E6, 0x8A49, 0xA3CE, 0xBD52, 0xC5F4, 0xC5D3,
    0xB4B0, 0x92CB, 0x7106, 0x6044, 0x6064, 0x68A5, 0x6084, 0x6044, 0x6064, 0x6166, 0x6A28, 0x61A7, 0x5884, 0x5843, 0x5064, 0x5064,
    0x5064, 0x5063, 0x5063, 0x4863, 0x4863, 0x4863, 0x4863, 0x4843, 0x4843, 0x4843, 0x4843, 0x4843, 0x4043, 0x4043, 0x4043, 0x4043,
    0x4043, 0x4043, 0x4043, 0x4043, 0x4043, 0x4043, 0x4043, 0x4043, 0x4043, 0x4043, 0x4043, 0x4043, 0x4043, 0x4043, 0x4043, 0x4043,
    0x4043, 0x4043, 0x4043, 0x4043, 0x4043, 0x4043, 0x4043, 0x4043, 0x4043, 0x4043, 0x4043, 0x4043, 0x4043, 0x4043, 0x4043, 0x4043,
    0x4043, 0x4043, 0x4043, 0x4043, 0x4043, 0x4043, 0x4043, 0x4043, 0x4043, 0x4043, 0x4043, 0x4043, 0x4043, 0x4043, 0x4043, 0x4043,
    0x68A4, 0x68A4, 0x68A4, 0x68A4, 0x70A5, 0x70A5, 0x70C5, 0x70C5, 0x70C5, 0x70C5, 0x70C5, 0x70C5, 0x70C5, 0x70C5, 0x70C5, 0x78C5,
    0x78C5, 0x78C5, 0x78C5, 0x78C5, 0x78C5, 0x78E5, 0x78E5, 0x78E5, 0x78E5, 0x78E5, 0x78E5, 0x78E5, 0x7905, 0x7905, 0x7905, 0x7905,
    0x7905, 0x7905, 0x7905, 0x7905, 0x7905, 0x7905, 0x8125, 0x8125, 0x8125, 0x8126, 0x8126, 0x8126, 0x8126, 0x8126, 0x8126, 0x8126,
    0x8126, 0x8146, 0x8146, 0x8146, 0x8946, 0x8966, 0x8966, 0x8966, 0x8966, 0x9166, 0x9166, 0x9187, 0x9187, 0x9187, 0x9987, 0x9987,
    0x9987, 0x9987, 0x8A08, 0x7A89, 0x8A48, 0xA1A7, 0xA987, 0xA1A7, 0xA1C8, 0xA187, 0xA167, 0xAA29, 0xB3AD, 0xBD11, 0xBDD3, 0xBDD3,
    0xBCF1, 0xB38D, 0xB24A, 0xB187, 0xB147, 0xB187, 0xAA29, 0xAAEB, 0xA36C, 0xA34C, 0xAACB, 0xB229, 0xB1A8, 0xB167, 0xB167, 0xB188,
    0xB1A8, 0xB1A8, 0xB188, 0xB188, 0xB988, 0xB988, 0xB988, 0xB968, 0xB968, 0xB968, 0xB968, 0xB968, 0xB968, 0xB948, 0xB948, 0xB968,
    0xB948, 0xB948, 0xB148, 0xB128, 0xB148, 0xB127, 0xB127, 0xB127, 0xB127, 0xB127, 0xA907, 0xA907, 0xA907, 0xA927, 0xA907, 0xA927,
    0xA127, 0xA107, 0xA107, 0xA107, 0xA107, 0xA107, 0x9907, 0x9907, 0x9907, 0x9906, 0x98E6, 0x90E6, 0x90E6, 0x90E6, 0x90E6, 0x90E6,
    0x88C6, 0x88A5, 0x8885, 0x88A5, 0x8947, 0x8A09, 0x92CB, 0x930C, 0x8A8A, 0x8187, 0x7885, 0x7024, 0x7044, 0x8147, 0x92CB, 0xB490,
    0xC5D3, 0xC614, 0xBD32, 0x9B6D, 0x7987, 0x6044, 0x6044, 0x60A5, 0x6084, 0x6044, 0x6064, 0x6146, 0x6A28, 0x6186, 0x5864, 0x5043,
    0x5064, 0x5064, 0x5063, 0x5063, 0x4863, 0x4863, 0x4863, 0x4863, 0x4843, 0x4843, 0x4843, 0x4843, 0x4843, 0x4043, 0x4043, 0x4043,
    0x4043, 0x4043, 0x4043, 0x4043, 0x4043, 0x4043, 0x4043, 0x4043, 0x4043, 0x4043, 0x4043, 0x4043, 0x4043, 0x4043, 0x4043, 0x4043,
    0x4043, 0x4043, 0x4043, 0x4043, 0x4043, 0x4043, 0x4043, 0x4043, 0x4043, 0x4043, 0x4043, 0x4043, 0x4043, 0x4043, 0x4043, 0x4043,
    0x4043, 0x4043, 0x4043, 0x4043, 0x4043, 0x4043, 0x4043, 0x4043, 0x4043, 0x4043, 0x4043, 0x4043, 0x4043, 0x4043, 0x4043, 0x4043,
    0x68A4, 0x68A4, 0x68A4, 0x68A5, 0x70A5, 0x70C5, 0x70C5, 0x70C5, 0x70C5, 0x70C5, 0x70C5, 0x70C5, 0x70C5, 0x70C5, 0x78C5, 0x78C5,
    0x78C5, 0x78C5, 0x78C5, 0x78C5, 0x78E5, 0x78E5, 0x78E5, 0x78E5, 0x78E5, 0x78E5, 0x78E5, 0x78E5, 0x7905, 0x7905, 0x7905, 0x7905,
    0x7905, 0x7905, 0x7905, 0x7905, 0x7905, 0x8125, 0x8125, 0x8126, 0x8126, 0x8126, 0x8126, 0x8126, 0x8126, 0x8126, 0x8146, 0x8146,
    0x8146, 0x8146, 0x8146, 0x8946, 0x8966, 0x8966, 0x8966, 0x9166, 0x9186, 0x9187, 0x9187, 0x9187, 0x9987, 0x99A7, 0x9987, 0xA187,
    0x91E8, 0x8289, 0x8A69, 0xA1C7, 0xA987, 0xA1C7, 0xA1C8, 0xA187, 0xA987, 0xAA49, 0xB3CE, 0xBD52, 0xBDD3, 0xBD93, 0xBC6F, 0xB30B,
    0xB1E8, 0xB167, 0xB167, 0xB209, 0xAACB, 0xA36C, 0xAB4C, 0xAACB, 0xB209, 0xB988, 0xB988, 0xB988, 0xB9A8, 0xB9A8, 0xB9A8, 0xB9A8,
    0xB9A8, 0xB9A8, 0xB9A8, 0xB988, 0xB988, 0xB988, 0xB988, 0xB988, 0xB988, 0xB968, 0xB968, 0xB968, 0xB968, 0xB968, 0xB968, 0xB927,
    0xB8E7, 0xB907, 0xB948, 0xB948, 0xB948, 0xB148, 0xB128, 0xB128, 0xB127, 0xB127, 0xB188, 0xB188, 0xB148, 0xA927, 0xA927, 0xA907,
    0xA0C6, 0xA0E7, 0xA107, 0xA107, 0xA107, 0xA107, 0xA107, 0x9907, 0x9907, 0x9907, 0x9907, 0x9906, 0x98E6, 0x90E6, 0x90E6, 0x90E6,
    0x90E6, 0x90E6, 0x88E6, 0x88E6, 0x88A6, 0x8085, 0x8085, 0x8106, 0x8A09, 0x92CB, 0x92EB, 0x8A6A, 0x8126, 0x7044, 0x7004, 0x70A5,
    0x89E9, 0xA3EE, 0xBD72, 0xC614, 0xBD72, 0x9BAD, 0x7987, 0x6064, 0x6044, 0x60A5, 0x6084, 0x6044, 0x5884, 0x6187, 0x6228, 0x5926,
    0x5043, 0x5043, 0x5064, 0x5063, 0x5063, 0x4863, 0x4863, 0x4863, 0x4863, 0x4863, 0x4843, 0x4843, 0x4843, 0x4843, 0x4043, 0x4043,
    0x4043, 0x4043, 0x4043, 0x4043, 0x4043, 0x4043, 0x4043, 0x4043, 0x4043, 0x4043, 0x4043, 0x4043, 0x4043, 0x4043, 0x4043, 0x4043,
    0x4043, 0x4043, 0x4043, 0x4043, 0x4043, 0x4043, 0x4043, 0x4043, 0x4043, 0x4043, 0x4043, 0x4043, 0x4043, 0x4043, 0x4043, 0x4043,
    0x4043, 0x4043, 0x4043, 0x4043, 0x4043, 0x4043, 0x4043, 0x4043, 0x4043, 0x4043, 0x4043, 0x4043, 0x4043, 0x4043, 0x4043, 0x4043,
    0x68A4, 0x68A4, 0x68A4, 0x70A5, 0x70A5, 0x70C5, 0x70C5, 0x70C5, 0x70C5, 0x70C5, 0x70C5, 0x70C5, 0x70C5, 0x70C5, 0x78C5, 0x78C5,
    0x78C5, 0x78C5, 0x78C5, 0x78C5, 0x78E5, 0x78E5, 0x78E5, 0x78E5, 0x78E5, 0x78E5, 0x78E5, 0x7905, 0x7905, 0x7905, 0x7905, 0x7905,
    0x7905, 0x7905, 0x7905, 0x7905, 0x8125, 0x8125, 0x8126, 0x8126, 0x8126, 0x8126, 0x8126, 0x8126, 0x8126, 0x8146, 0x8146, 0x8146,
    0x8146, 0x8146, 0x8966, 0x8966, 0x8966, 0x9166, 0x9166, 0x9187, 0x9187, 0x9187, 0x9987, 0x9987, 0x99A7, 0xA187, 0x99C7, 0x8269,
    0x8289, 0x99E8, 0xA987, 0xA1A7, 0xA1C8, 0xA1A7, 0xA987, 0xAA49, 0xB42E, 0xBD72, 0xBDD3, 0xBD72, 0xBC2F, 0xB2AA, 0xB1A8, 0xB167,
    0xB1A8, 0xAA6A, 0xAB4C, 0xA36C, 0xAAEB, 0xB229, 0xB9A8, 0xB988, 0xB9A8, 0xB9C8, 0xB9C8, 0xB9C8, 0xB9A8, 0xB9A8, 0xB9A8, 0xB9A8,
    0xB9A8, 0xB9C8, 0xB9A8, 0xB9A8, 0xB9A8, 0xB988, 0xB988, 0xB988, 0xB988, 0xB988, 0xB988, 0xB968, 0xB968, 0xB988, 0xB927, 0xC30C,
    0xCCB1, 0xCCF2, 0xC22A, 0xB907, 0xB948, 0xB948, 0xB948, 0xB928, 0xB148, 0xB0E7, 0xBA4B, 0xD635, 0xCC90, 0xA907, 0xA8E7, 0xB20A,
    0xCCF2, 0xB2AB, 0xA0E6, 0xA927, 0xA107, 0xA107, 0xA107, 0xA107, 0xA107, 0x98C6, 0x98C6, 0x98E6, 0x9907, 0x98E6, 0x90E6, 0x90E6,
    0x90E6, 0x90E6, 0x90E6, 0x88E6, 0x88C6, 0x88E6, 0x88E6, 0x80C6, 0x8085, 0x8085, 0x8106, 0x8A29, 0x92EB, 0x8AEB, 0x81C8, 0x78A5,
    0x7004, 0x7044, 0x8167, 0x9B6C, 0xBD52, 0xC614, 0xBD93, 0xA40E, 0x7987, 0x6023, 0x6044, 0x60A5, 0x6084, 0x5843, 0x58A4, 0x61E7,
    0x6208, 0x58C5, 0x5023, 0x5064, 0x5064, 0x5063, 0x5063, 0x4863, 0x4863, 0x4863, 0x4863, 0x4843, 0x4843, 0x4843, 0x4843, 0x4843,
    0x4043, 0x4043, 0x4043, 0x4043, 0x4043, 0x4043, 0x4043, 0x4043, 0x4043, 0x4043, 0x4043, 0x4043, 0x4043, 0x4043, 0x4043, 0x4043,
    0x4043, 0x4043, 0x4043, 0x4043, 0x4043, 0x4043, 0x4043, 0x4043, 0x4043, 0x4043, 0x4043, 0x4043, 0x4043, 0x4043, 0x4043, 0x4043,
    0x4043, 0x4043, 0x4043, 0x4043, 0x4043, 0x4043, 0x4043, 0x4043, 0x4043, 0x4043, 0x4043, 0x4043, 0x4043, 0x4043, 0x4043, 0x4043,
    0x68A4, 0x68A4, 0x68A5, 0x70A5, 0x70C5, 0x70C5, 0x70C5, 0x70C5, 0x70C5, 0x70C5, 0x70C5, 0x70C5, 0x70C5, 0x78C5, 0x78C5, 0x78C5,
    0x78C5, 0x78C5, 0x78C5, 0x78E5, 0x78E5, 0x78E5, 0x78E5, 0x78E5, 0x78E5, 0x78E5, 0x7905, 0x7905, 0x7905, 0x7905, 0x7905, 0x7905,
    0x7905, 0x7905, 0x7905, 0x8125, 0x8125, 0x8126, 0x8126, 0x8126, 0x8126, 0x8126, 0x8126, 0x8126, 0x8146, 0x8146, 0x8146, 0x8146,
    0x8966, 0x8966, 0x8966, 0x8966, 0x9166, 0x9187, 0x9187, 0x9187, 0x9187, 0x9987, 0x99A7, 0x9987, 0xA187, 0x8A28, 0x7AA9, 0x9228,
    0xA9A7, 0xA1A7, 0xA1E8, 0xA1C8, 0xA987, 0xAA49, 0xB3EE, 0xBD52, 0xBDD3, 0xBD52, 0xBBEE, 0xB26A, 0xB1A7, 0xB187, 0xB1E8, 0xAACB,
    0xA36C, 0xAB4C, 0xB28A, 0xB9C8, 0xB9A8, 0xB9C8, 0xB9E8, 0xB9E8, 0xB9C8, 0xB9C8, 0xB9C8, 0xB9C8, 0xB9C8, 0xB9C8, 0xB9C8, 0xB9C8,
    0xB9A8, 0xB968, 0xB988, 0xB9C9, 0xB9A8, 0xB9A8, 0xB9A8, 0xB988, 0xB988, 0xB988, 0xB988, 0xB988, 0xB988, 0xB988, 0xB927, 0xD4F2,
    0xDE55, 0xDE96, 0xCC2F, 0xB8E7, 0xB968, 0xB948, 0xB948, 0xB948, 0xB948, 0xB928, 0xB127, 0xD593, 0xDE55, 0xB1C9, 0xA8A6, 0xCC91,
    0xDE96, 0xB1C9, 0xA8E7, 0xA927, 0xA907, 0xA107, 0xA127, 0xA0E6, 0xA0E6, 0xA9A9, 0xA9C9, 0xA127, 0x98A6, 0x98E6, 0x98E6, 0x90E6,
    0x90E6, 0x90E6, 0x90E6, 0x90E6, 0x88C6, 0x88C6, 0x88C6, 0x88C6, 0x88C6, 0x80C6, 0x80A5, 0x8065, 0x78A5, 0x8167, 0x8AAA, 0x930B,
    0x8A49, 0x78E6, 0x6824, 0x6824, 0x7926, 0x92EB, 0xB511, 0xC5F4, 0xBD92, 0x9BAD, 0x7167, 0x5823, 0x6064, 0x60A4, 0x5864, 0x5823,
    0x5905, 0x6228, 0x6187, 0x5044, 0x5043, 0x5064, 0x5063, 0x5063, 0x4863, 0x4863, 0x4863, 0x4863, 0x4843, 0x4843, 0x4843, 0x4843,
    0x4843, 0x4043, 0x4043, 0x4043, 0x4043, 0x4043, 0x4043, 0x4043, 0x4043, 0x4043, 0x4043, 0x4043, 0x4043, 0x4043, 0x4043, 0x4043,
    0x4043, 0x4043, 0x4043, 0x4043, 0x4043, 0x4043, 0x4043, 0x4043, 0x4043, 0x4043, 0x4043, 0x4043, 0x4043, 0x4043, 0x4043, 0x4043,
    0x4043, 0x4043, 0x4043, 0x4043, 0x4043, 0x4043, 0x4043, 0x4043, 0x4043, 0x4043, 0x4043, 0x4043, 0x4043, 0x4043, 0x4043, 0x4043,
    0x68A4, 0x68A4, 0x70A5, 0x70A5, 0x70C5, 0x70C5, 0x70C5, 0x70C5, 0x70C5, 0x70C5, 0x70C5, 0x70C5, 0x78C5, 0x78C5, 0x78C5, 0x78C5,
    0x78C5, 0x78C5, 0x78E5, 0x78E5, 0x78E5, 0x78E5, 0x78E5, 0x78E5, 0x78E5, 0x7905, 0x7905, 0x7905, 0x7905, 0x7905, 0x7905, 0x7905,
    0x7905, 0x7905, 0x8125, 0x8125, 0x8125, 0x8126, 0x8126, 0x8126, 0x8126, 0x8126, 0x8146, 0x8146, 0x8146, 0x8146, 0x8146, 0x8966,
    0x8966, 0x8966, 0x8966, 0x9186, 0x9187, 0x9187, 0x9187, 0x9987, 0x99A7, 0x99A7, 0xA187, 0x99E8, 0x8289, 0x8A69, 0xA1C7, 0xA9A7,
    0xA1E8, 0xA9C8, 0xA987, 0xAA08, 0xB3AD, 0xBD32, 0xBDD3, 0xBD72, 0xBBEE, 0xB269, 0xB187, 0xB187, 0xB229, 0xAB0B, 0xA38D, 0xAB0B,
    0xB229, 0xB9C8, 0xB9C8, 0xB9E9, 0xB9E9, 0xB9E9, 0xB9E8, 0xB9E9, 0xB9E8, 0xB9C8, 0xB9E9, 0xB9C9, 0xC1C8, 0xC1C9, 0xC1C9, 0xC1C8,
    0xC1C8, 0xCBEF, 0xD532, 0xC22A, 0xC188, 0xC1A8, 0xC1A8, 0xC1A8, 0xC1A8, 0xC188, 0xC188, 0xC188, 0xC188, 0xC168, 0xC1C9, 0xDE55,
    0xCB8E, 0xD491, 0xDE76, 0xC1C9, 0xB928, 0xB948, 0xB948, 0xB948, 0xB948, 0xB948, 0xB0C7, 0xCB8E, 0xE717, 0xC34D, 0xB9A9, 0xDED7,
    0xC3EF, 0xA8A6, 0xA948, 0xA927, 0xA927, 0xA927, 0xA0E7, 0xA988, 0xCCF2, 0xDE76, 0xDE76, 0xD615, 0xBBCE, 0x9907, 0x98E6, 0x9907,
    0x90E6, 0x90E6, 0x90E6, 0x90E6, 0x90E6, 0x88E6, 0x88E6, 0x88C6, 0x88C6, 0x88C6, 0x80C6, 0x80C6, 0x80C6, 0x7885, 0x7865, 0x78E6,
    0x8A29, 0x930B, 0x8A8A, 0x7927, 0x6824, 0x6823, 0x7106, 0x92EB, 0xBD31, 0xCE14, 0xBD72, 0x9B6C, 0x6906, 0x5823, 0x6084, 0x6084,
    0x5844, 0x5844, 0x6166, 0x6228, 0x5905, 0x5023, 0x5063, 0x5064, 0x5063, 0x4863, 0x4863, 0x4863, 0x4863, 0x4863, 0x4843, 0x4843,
    0x4843, 0x4843, 0x4043, 0x4043, 0x4043, 0x4043, 0x4043, 0x4043, 0x4043, 0x4043, 0x4043, 0x4043, 0x4043, 0x4043, 0x4043, 0x4043,
    0x4043, 0x4043, 0x4043, 0x4043, 0x4043, 0x4043, 0x4043, 0x4043, 0x4043, 0x4043, 0x4043, 0x4043, 0x4043, 0x4043, 0x4043, 0x4043,
    0x4043, 0x4043, 0x4043, 0x4043, 0x4043, 0x4043, 0x4043, 0x4043, 0x4043, 0x4043, 0x4043, 0x4043, 0x4043, 0x4043, 0x4043, 0x4043,
    0x68A4, 0x68A5, 0x70A5, 0x70C5, 0x70C5, 0x70C5, 0x70C5, 0x70C5, 0x70C5, 0x70C5, 0x70C5, 0x70C5, 0x78C5, 0x78C5, 0x78C5, 0x78C5,
    0x78C5, 0x78C5, 0x78E5, 0x78E5, 0x78E5, 0x78E5, 0x78E5, 0x78E5, 0x7905, 0x7905, 0x7905, 0x7905, 0x7905, 0x7905, 0x7905, 0x7905,
    0x7905, 0x8125, 0x8125, 0x8126, 0x8126, 0x8126, 0x8126, 0x8126, 0x8126, 0x8146, 0x8146, 0x8146, 0x8146, 0x8146, 0x8966, 0x8966,
    0x8966, 0x9166, 0x9187, 0x9187, 0x9187, 0x9187, 0x99A7, 0x99A7, 0x99A7, 0xA1A7, 0x8A48, 0x7AA9, 0x9A08, 0xA9A7, 0xA1C8, 0xA1E8,
    0xA9A7, 0xA9C7, 0xB32C, 0xBCF1, 0xBDD3, 0xBD92, 0xBC2F, 0xB28A, 0xB1A7, 0xB1A7, 0xB229, 0xAB2C, 0xA3AD, 0xAAEB, 0xBA09, 0xB9C8,
    0xB9E8, 0xBA09, 0xBA09, 0xB9E9, 0xB9E9, 0xB9E9, 0xB9E9, 0xB9E9, 0xC209, 0xC1E9, 0xC1C8, 0xC1E9, 0xC1E9, 0xC1C9, 0xC1C9, 0xC1E9,
    0xC188, 0xD4B1, 0xDED7, 0xCA8B, 0xC188, 0xC1C9, 0xC1A9, 0xC1A9, 0xC1A9, 0xC1A8, 0xC188, 0xC188, 0xC1A9, 0xC148, 0xCAEC, 0xDEB6,
    0xC1C9, 0xC22A, 0xDED7, 0xD430, 0xC0E7, 0xC168, 0xC148, 0xB948, 0xB948, 0xB948, 0xB907, 0xBA0A, 0xDE96, 0xD532, 0xD4F2, 0xDE55,
    0xB189, 0xB107, 0xB128, 0xA927, 0xA927, 0xA927, 0xA8E7, 0xCCF1, 0xDED7, 0xC3CE, 0xB24A, 0xC42F, 0xDED7, 0xC450, 0x98C6, 0x9907,
    0x98E6, 0x98E6, 0x90E6, 0x90E6, 0x90E6, 0x88A6, 0x88C6, 0x88E6, 0x88E6, 0x88C6, 0x88C6, 0x80C6, 0x80C6, 0x80C6, 0x80C6, 0x78A5,
    0x7864, 0x78A5, 0x81C8, 0x8B0B, 0x8AAA, 0x7926, 0x6844, 0x6003, 0x7126, 0x9B4C, 0xBD52, 0xC614, 0xB511, 0x8ACB, 0x6084, 0x5823,
    0x6084, 0x5884, 0x5823, 0x58A4, 0x6208, 0x61A7, 0x5063, 0x5043, 0x5064, 0x5063, 0x5063, 0x4863, 0x4863, 0x4863, 0x4863, 0x4843,
    0x4843, 0x4843, 0x4843, 0x4043, 0x4043, 0x4043, 0x4043, 0x4043, 0x4043, 0x4043, 0x4043, 0x4043, 0x4043, 0x4043, 0x4043, 0x4043,
    0x4043, 0x4043, 0x4043, 0x4043, 0x4043, 0x4043, 0x4043, 0x4043, 0x4043, 0x4043, 0x4043, 0x4043, 0x4043, 0x4043, 0x4043, 0x4043,
    0x4043, 0x4043, 0x4043, 0x4043, 0x4043, 0x4043, 0x4043, 0x4043, 0x4043, 0x4043, 0x4043, 0x4043, 0x4043, 0x4043, 0x4043, 0x4043,
    0x68A4, 0x70A5, 0x70A5, 0x70C5, 0x70C5, 0x70C5, 0x70C5, 0x70C5, 0x70C5, 0x70C5, 0x70C5, 0x78C5, 0x78C5, 0x78C5, 0x78C5, 0x78C5,
    0x78C5, 0x78E5, 0x78E5, 0x78E5, 0x78E5, 0x78E5, 0x78E5, 0x7905, 0x7905, 0x7905, 0x7905, 0x7905, 0x7905, 0x7905, 0x7905, 0x7905,
    0x8125, 0x8125, 0x8125, 0x8126, 0x8126, 0x8126, 0x8126, 0x8126, 0x8146, 0x8146, 0x8146, 0x8146, 0x8946, 0x8966, 0x8966, 0x8966,
    0x9186, 0x9186, 0x9187, 0x9187, 0x99A7, 0x99A7, 0x99A7, 0xA187, 0x99C8, 0x8289, 0x8A69, 0xA1C7, 0xA9C7, 0xA1E8, 0xA9C8, 0xA9A7,
    0xAA8A, 0xB46F, 0xBDB3, 0xBDB3, 0xBC90, 0xB2CB, 0xB1A8, 0xB1A7, 0xB249, 0xAB2C, 0xA3AD, 0xB2EB, 0xBA09, 0xB9C8, 0xBA09, 0xBA09,
    0xBA09, 0xBA09, 0xBA09, 0xBA09, 0xC209, 0xC209, 0xC209, 0xC1E8, 0xC1A8, 0xC1C8, 0xC26A, 0xC1E9, 0xC1E9, 0xC1E9, 0xC1E9, 0xC1E9,
    0xC188, 0xCB4D, 0xDED7, 0xCB8E, 0xC188, 0xC1E9, 0xC1C9, 0xC188, 0xC1A8, 0xC1A9, 0xC1A9, 0xC1A9, 0xC1A9, 0xC128, 0xD450, 0xDEB6,
    0xDD53, 0xDD53, 0xDE76, 0xDE55, 0xC1C9, 0xC128, 0xC168, 0xC148, 0xC148, 0xC148, 0xB948, 0xB907, 0xD532, 0xE696, 0xE6D7, 0xCBEF,
    0xB0C7, 0xB148, 0xB127, 0xB127, 0xB127, 0xA907, 0xB188, 0xDE76, 0xCCD1, 0xA086, 0xA0E7, 0x9885, 0xC470, 0xDE96, 0xA1A8, 0x98C6,
    0x9907, 0x98E7, 0x98E6, 0x90E6, 0x90E6, 0xA209, 0x9107, 0x8865, 0x8885, 0x88C6, 0x88C6, 0x88C6, 0x80C6, 0x80C6, 0x80C5, 0x80A5,
    0x78C5, 0x78A5, 0x7865, 0x7085, 0x81C8, 0x8B0B, 0x8AAA, 0x7926, 0x6824, 0x6023, 0x7967, 0xA3CE, 0xC5B3, 0xC5F4, 0xAC70, 0x79C8,
    0x5823, 0x5864, 0x5884, 0x5864, 0x5043, 0x5966, 0x6228, 0x58E5, 0x5023, 0x5064, 0x5063, 0x5063, 0x4863, 0x4863, 0x4863, 0x4863,
    0x4843, 0x4843, 0x4843, 0x4843, 0x4043, 0x4043, 0x4043, 0x4043, 0x4043, 0x4043, 0x4043, 0x4043, 0x4043, 0x4043, 0x4043, 0x4043,
    0x4043, 0x4043, 0x4043, 0x4043, 0x4043, 0x4043, 0x4043, 0x4043, 0x4043, 0x4043, 0x4043, 0x4043, 0x4043, 0x4043, 0x4043, 0x4043,
    0x4043, 0x4043, 0x4043, 0x4043, 0x4043, 0x4043, 0x4043, 0x4043, 0x4043, 0x4043, 0x4043, 0x4043, 0x4043, 0x4043, 0x4043, 0x4043,
    0x70A5, 0x70A5, 0x70C5, 0x70C5, 0x70C5, 0x70C5, 0x70C5, 0x70C5, 0x70C5, 0x70C5, 0x70C5, 0x78C5, 0x78C5, 0x78C5, 0x78C5, 0x78C5,
    0x78E5, 0x78E5, 0x78E5, 0x78E5, 0x78E5, 0x78E5, 0x78E5, 0x7905, 0x7905, 0x7905, 0x7905, 0x7905, 0x7905, 0x7905, 0x7905, 0x8125,
    0x8125, 0x8126, 0x8126, 0x8126, 0x8126, 0x8126, 0x8146, 0x8146, 0x8146, 0x8146, 0x8146, 0x8966, 0x8966, 0x8966, 0x8966, 0x9186,
    0x9187, 0x9187, 0x9187, 0x99A7, 0x99A7, 0x99A7, 0xA187, 0x8A28, 0x7AA9, 0x9A08, 0xA9A7, 0xA1C8, 0xA9E8, 0xA9A7, 0xA9E8, 0xB3CD,
    0xBD72, 0xBDD3, 0xBD11, 0xB34C, 0xB1E8, 0xB1A7, 0xB229, 0xAB0B, 0xA3AD, 0xB2EB, 0xBA09, 0xB9E8, 0xBA09, 0xBA29, 0xBA09, 0xBA09,
    0xBA09, 0xC209, 0xC209, 0xC209, 0xC209, 0xC1C8, 0xC1C8, 0xC26A, 0xCBAE, 0xD593, 0xD615, 0xC24A, 0xC1E9, 0xC209, 0xC1E9, 0xC9E9,
    0xC1A8, 0xCA8B, 0xDEB6, 0xD4B1, 0xC127, 0xC188, 0xC1A8, 0xCA6B, 0xCA0A, 0xC9A9, 0xC1A9, 0xC9A9, 0xC189, 0xC9A9, 0xE676, 0xDD73,
    0xCAAC, 0xCA4B, 0xD36E, 0xE738, 0xD470, 0xC128, 0xC168, 0xC148, 0xC148, 0xC148, 0xC168, 0xB8E7, 0xCB8E, 0xE717, 0xDE55, 0xB9A9,
    0xB107, 0xB148, 0xB128, 0xB128, 0xB128, 0xB107, 0xB168, 0xDE55, 0xD573, 0xA8E7, 0xA0C6, 0xA086, 0xCC90, 0xDE96, 0xA9A9, 0x98C6,
    0x9907, 0x98E7, 0x98E7, 0x98E6, 0x9927, 0xD5D4, 0xD5F4, 0xBBEF, 0x99E9, 0x88A6, 0x88A5, 0x88C6, 0x88C6, 0x80C6, 0x80C6, 0x80C6,
    0x80A5, 0x78A5, 0x78C5, 0x78A5, 0x7064, 0x7085, 0x81C8, 0x8B0B, 0x828A, 0x70E6, 0x6003, 0x6044, 0x81E8, 0xAC90, 0xC5F4, 0xBD93,
    0x9B8D, 0x60C5, 0x5003, 0x5884, 0x5884, 0x5023, 0x58A4, 0x6228, 0x5986, 0x5043, 0x5043, 0x5064, 0x5063, 0x5063, 0x4863, 0x4863,
    0x4863, 0x4863, 0x4843, 0x4843, 0x4843, 0x4843, 0x4043, 0x4043, 0x4043, 0x4043, 0x4043, 0x4043, 0x4043, 0x4043, 0x4043, 0x4043,
    0x4043, 0x4043, 0x4043, 0x4043, 0x4043, 0x4043, 0x4043, 0x4043, 0x4043, 0x4043, 0x4043, 0x4043, 0x4043, 0x4043, 0x4043, 0x4043,
    0x4043, 0x4043, 0x4043, 0x4043, 0x4043, 0x4043, 0x4043, 0x4043, 0x4043, 0x4043, 0x4043, 0x4043, 0x4043, 0x4043, 0x4043, 0x4043,
    0x70A5, 0x70A5, 0x70C5, 0x70C5, 0x70C5, 0x70C5, 0x70C5, 0x70C5, 0x70C5, 0x70C5, 0x78C5, 0x78C5, 0x78C5, 0x78C5, 0x78C5, 0x78C5,
    0x78E5, 0x78E5, 0x78E5, 0x78E5, 0x78E5, 0x78E5, 0x7905, 0x7905, 0x7905, 0x7905, 0x7905, 0x7905, 0x7905, 0x7905, 0x8125, 0x8125,
    0x8126, 0x8126, 0x8126, 0x8126, 0x8126, 0x8146, 0x8146, 0x8146, 0x8146, 0x8146, 0x8966, 0x8966, 0x8966, 0x8966, 0x9186, 0x9187,
    0x9187, 0x91A7, 0x99A7, 0x99A7, 0xA1A7, 0xA1A7, 0x8269, 0x8289, 0xA1C7, 0xA9C7, 0xA1E8, 0xA9E8, 0xA9A7, 0xB2EB, 0xBCD0, 0xBDD3,
    0xBD72, 0xBBEE, 0xB249, 0xB1A7, 0xB9E8, 0xAAEB, 0xA3AD, 0xAB0B, 0xBA09, 0xB9E8, 0xBA29, 0xBA29, 0xBA29, 0xC229, 0xC229, 0xC229,
    0xC229, 0xC229, 0xC229, 0xC209, 0xC229, 0xCB6D, 0xD4D1, 0xD635, 0xDE96, 0xD532, 0xCB8D, 0xCA4A, 0xC9E9, 0xCA09, 0xCA09, 0xC9E9,
    0xC9E9, 0xCA09, 0xDDF4, 0xDDD4, 0xD3CE, 0xDD12, 0xDE15, 0xE6F7, 0xD34D, 0xC968, 0xC9C9, 0xC9C9, 0xC988, 0xCA4B, 0xDCF2, 0xD2EC,
    0xC107, 0xC148, 0xC9A9, 0xCAAC, 0xCA6B, 0xC968, 0xC168, 0xC148, 0xC148, 0xC148, 0xC148, 0xC148, 0xC1A9, 0xCAAC, 0xC28B, 0xB928,
    0xB948, 0xB928, 0xB128, 0xB128, 0xB128, 0xB128, 0xA8C7, 0xC3AE, 0xE738, 0xD573, 0xC34D, 0xCC70, 0xE717, 0xD512, 0xA0E6, 0xA107,
    0xA107, 0x9907, 0x9907, 0x90A6, 0xAAAB, 0xDE96, 0xCCF2, 0xD5D4, 0xDEB6, 0xC512, 0x99A8, 0x88A6, 0x88E6, 0x88C6, 0x80C6, 0x80C6,
    0x80C6, 0x80C5, 0x78A5, 0x78A5, 0x78A5, 0x78A5, 0x7064, 0x7065, 0x81E8, 0x8B2C, 0x8229, 0x6885, 0x6003, 0x6885, 0x8ACB, 0xBD52,
    0xC5F4, 0xB4F1, 0x8249, 0x5823, 0x5844, 0x5884, 0x5044, 0x5043, 0x61A7, 0x6208, 0x5084, 0x5043, 0x5064, 0x5063, 0x5063, 0x4863,
    0x4863, 0x4863, 0x4863, 0x4843, 0x4843, 0x4843, 0x4843, 0x4043, 0x4043, 0x4043, 0x4043, 0x4043, 0x4043, 0x4043, 0x4043, 0x4043,
    0x4043, 0x4043, 0x4043, 0x4043, 0x4043, 0x4043, 0x4043, 0x4043, 0x4043, 0x4043, 0x4043, 0x4043, 0x4043, 0x4043, 0x4043, 0x4043,
    0x4043, 0x4043, 0x4043, 0x4043, 0x4043, 0x4043, 0x4043, 0x4043, 0x4043, 0x4043, 0x4043, 0x4043, 0x4043, 0x4043, 0x4043, 0x4043,
    0x70A5, 0x70C5, 0x70C5, 0x70C5, 0x70C5, 0x70C5, 0x70C5, 0x70C5, 0x70C5, 0x70C5, 0x78C5, 0x78C5, 0x78C5, 0x78C5, 0x78C5, 0x78E5,
    0x78E5, 0x78E5, 0x78E5, 0x78E5, 0x78E5, 0x7905, 0x7905, 0x7905, 0x7905, 0x7905, 0x7905, 0x7905, 0x7905, 0x7905, 0x8125, 0x8125,
    0x8126, 0x8126, 0x8126, 0x8126, 0x8126, 0x8146, 0x8146, 0x8146, 0x8146, 0x8966, 0x8966, 0x8966, 0x8986, 0x9186, 0x9187, 0x9187,
    0x99A7, 0x99A7, 0x99A7, 0xA1A7, 0x99E8, 0x7AA9, 0x9248, 0xA9C7, 0xA1E8, 0xA9E8, 0xA9C7, 0xAA08, 0xB3EE, 0xBD93, 0xBDD3, 0xBCB0,
    0xB2CA, 0xB1C8, 0xB9C8, 0xB28A, 0xA38D, 0xAB4C, 0xBA49, 0xB9E8, 0xBA29, 0xBA29, 0xC229, 0xC229, 0xC229, 0xC229, 0xC229, 0xC229,
    0xC229, 0xC229, 0xC229, 0xCA29, 0xCA09, 0xD512, 0xDED7, 0xD490, 0xCA29, 0xCAAB, 0xCAAB, 0xC9C9, 0xCA09, 0xCA09, 0xCA09, 0xCA09,
    0xCA09, 0xC9A8, 0xDD53, 0xE6F7, 0xE676, 0xDDD4, 0xDCB1, 0xD3AE, 0xD28B, 0xC9A9, 0xC9C9, 0xC9A9, 0xC9A9, 0xC9A9, 0xC948, 0xC968,
    0xC9A9, 0xC989, 0xC989, 0xC948, 0xC948, 0xC969, 0xC968, 0xC968, 0xC948, 0xC148, 0xC148, 0xC148, 0xC128, 0xC107, 0xB907, 0xB948,
    0xB948, 0xB928, 0xB928, 0xB928, 0xB128, 0xB128, 0xB128, 0xB0E7, 0xC32D, 0xDDB4, 0xE696, 0xE676, 0xCCD1, 0xA988, 0xA0E7, 0xA107,
    0xA107, 0xA107, 0x9907, 0x98A6, 0xC490, 0xE6D7, 0xB2EC, 0x90C6, 0xAAAB, 0xDEB6, 0xC4F1, 0x88A5, 0x88E6, 0x88C6, 0x88C6, 0x80C6,
    0x80C6, 0x80C6, 0x80C5, 0x78A5, 0x78A5, 0x78A5, 0x78A5, 0x70A5, 0x7044, 0x70A5, 0x8249, 0x8B0B, 0x79A8, 0x6044, 0x6003, 0x7126,
    0xA3EE, 0xC5D3, 0xC5D3, 0x9BCD, 0x60C5, 0x5003, 0x5884, 0x5864, 0x5023, 0x5905, 0x6248, 0x5905, 0x5023, 0x5064, 0x5063, 0x5063,
    0x4863, 0x4863, 0x4863, 0x4863, 0x4843, 0x4843, 0x4843, 0x4843, 0x4043, 0x4043, 0x4043, 0x4043, 0x4043, 0x4043, 0x4043, 0x4043,
    0x4043, 0x4043, 0x4043, 0x4043, 0x4043, 0x4043, 0x4043, 0x4043, 0x4043, 0x4043, 0x4043, 0x4043, 0x4043, 0x4043, 0x4043, 0x4043,
    0x4043, 0x4043, 0x4043, 0x4043, 0x4043, 0x4043, 0x4043, 0x4043, 0x4043, 0x4043, 0x4043, 0x4043, 0x4043, 0x4043, 0x4043, 0x4043,
    0x70A5, 0x70C5, 0x70C5, 0x70C5, 0x70C5, 0x70C5, 0x70C5, 0x70C5, 0x70C5, 0x78C5, 0x78C5, 0x78C5, 0x78C5, 0x78C5, 0x78C5, 0x78E5,
    0x78E5, 0x78E5, 0x78E5, 0x78E5, 0x78E5, 0x7905, 0x7905, 0x7905, 0x7905, 0x7905, 0x7905, 0x7905, 0x7905, 0x7925, 0x8125, 0x8126,
    0x8126, 0x8126, 0x8126, 0x8126, 0x8146, 0x8146, 0x8146, 0x8146, 0x8966, 0x8966, 0x8966, 0x8966, 0x9186, 0x9187, 0x9187, 0x99A7,
    0x99A7, 0x99A7, 0xA1A7, 0x9228, 0x7AA9, 0x9A08, 0xA9C7, 0xA1E8, 0xA9E8, 0xA9A7, 0xAAAA, 0xBCD0, 0xBDD3, 0xBD72, 0xBBAD, 0xB208,
    0xB1C8, 0xB249, 0xAB4C, 0xAB8D, 0xBA8A, 0xC208, 0xBA29, 0xBA49, 0xC229, 0xC229, 0xC229, 0xC249, 0xC249, 0xC249, 0xC249, 0xC249,
    0xCA29, 0xCA29, 0xCA29, 0xCA49, 0xC9E9, 0xCB4D, 0xDE96, 0xD512, 0xD512, 0xDEF7, 0xDD53, 0xC9E9, 0xCA29, 0xCA09, 0xCA09, 0xCA09,
    0xCA09, 0xC9E9, 0xD34D, 0xD32D, 0xD22A, 0xC9A9, 0xC988, 0xC988, 0xC9A9, 0xC9C9, 0xC9C9, 0xC9C9, 0xC9C9, 0xC9A9, 0xC9C9, 0xC9A9,
    0xC989, 0xC989, 0xC989, 0xC989, 0xC989, 0xC969, 0xC969, 0xC969, 0xC968, 0xC948, 0xC948, 0xC148, 0xC148, 0xC168, 0xC168, 0xC148,
    0xB948, 0xB948, 0xB948, 0xB948, 0xB928, 0xB128, 0xB128, 0xB128, 0xA8C7, 0xA8E7, 0xB168, 0xB168, 0xA8C6, 0xA8E7, 0xA907, 0xA107,
    0xA107, 0xA107, 0x98C6, 0xA168, 0xDE35, 0xDE15, 0xDE55, 0xD573, 0xC450, 0xE6D7, 0xC4B1, 0x8885, 0x88E6, 0x88C6, 0x88C6, 0x88C6,
    0x80C6, 0x80C6, 0x80C6, 0x80A5, 0x78A5, 0x78A5, 0x78A5, 0x78A5, 0x70A5, 0x70A5, 0x6844, 0x70E6, 0x8ACB, 0x8ACB, 0x70E6, 0x6003,
    0x6044, 0x826A, 0xBD31, 0xC5F4, 0xB4F1, 0x79E8, 0x5003, 0x5864, 0x5884, 0x5023, 0x5084, 0x6208, 0x5986, 0x5023, 0x5064, 0x5063,
    0x5063, 0x4863, 0x4863, 0x4863, 0x4863, 0x4843, 0x4843, 0x4843, 0x4843, 0x4043, 0x4043, 0x4043, 0x4043, 0x4043, 0x4043, 0x4043,
    0x4043, 0x4043, 0x4043, 0x4043, 0x4043, 0x4043, 0x4043, 0x4043, 0x4043, 0x4043, 0x4043, 0x4043, 0x4043, 0x4043, 0x4043, 0x4043,
    0x4043, 0x4043, 0x4043, 0x4043, 0x4043, 0x4043, 0x4043, 0x4043, 0x4043, 0x4043, 0x4043, 0x4043, 0x4043, 0x4043, 0x4043, 0x4043,
    0x70C5, 0x70C5, 0x70C5, 0x70C5, 0x70C5, 0x70C5, 0x70C5, 0x70C5, 0x70C5, 0x78C5, 0x78C5, 0x78C5, 0x78C5, 0x78C5, 0x78C5, 0x78E5,
    0x78E5, 0x78E5, 0x78E5, 0x78E5, 0x78E5, 0x7905, 0x7905, 0x7905, 0x7905, 0x7905, 0x7905, 0x7905, 0x7925, 0x8125, 0x8126, 0x8126,
    0x8126, 0x8126, 0x8126, 0x8146, 0x8146, 0x8146, 0x8146, 0x8966, 0x8966, 0x8966, 0x8966, 0x9186, 0x9187, 0x9187, 0x99A7, 0x99A7,
    0x99A7, 0xA1A7, 0x8A69, 0x8289, 0xA1C8, 0xA9C7, 0xA208, 0xA9E8, 0xA9C7, 0xB38D, 0xBD72, 0xBDD3, 0xBCB0, 0xB2AA, 0xB1C8, 0xB9E8,
    0xB2CB, 0xA3AD, 0xB2EB, 0xBA09, 0xC229, 0xBA49, 0xC249, 0xC249, 0xC249, 0xC249, 0xC249, 0xC249, 0xC249, 0xCA49, 0xCA49, 0xCA49,
    0xCA49, 0xCA49, 0xCA49, 0xCA49, 0xCA29, 0xCA4A, 0xDDD4, 0xDEB6, 0xDDB4, 0xD3CE, 0xD2CB, 0xCA2A, 0xCA29, 0xD229, 0xD209, 0xD209,
    0xD209, 0xD209, 0xC9C9, 0xC9A8, 0xD1E9, 0xD1E9, 0xD209, 0xD1EA, 0xD1E9, 0xD1C9, 0xD1C9, 0xD1C9, 0xC9C9, 0xD1A9, 0xD1A9, 0xC9A9,
    0xC9A9, 0xC9A9, 0xC989, 0xC989, 0xC989, 0xC989, 0xC969, 0xC969, 0xC969, 0xC968, 0xC968, 0xC948, 0xC148, 0xC148, 0xC148, 0xC148,
    0xC148, 0xC148, 0xB948, 0xB948, 0xB928, 0xB928, 0xB928, 0xB128, 0xB148, 0xB128, 0xB107, 0xA907, 0xA927, 0xA927, 0xA907, 0xA107,
    0xA107, 0xA127, 0x98A6, 0xBB8E, 0xEF78, 0xB30D, 0xA1E9, 0xE6D7, 0xDE35, 0xCCF1, 0x99A8, 0x88A6, 0x90E6, 0x88C6, 0x88C6, 0x88C6,
    0x80C6, 0x80C6, 0x80C6, 0x80A6, 0x78A5, 0x78A5, 0x78A5, 0x78A5, 0x70A5, 0x70A5, 0x70A5, 0x7085, 0x6844, 0x7987, 0x8B2B, 0x7A09,
    0x6044, 0x5803, 0x6906, 0xA3EE, 0xC5D3, 0xC593, 0x932C, 0x5864, 0x5023, 0x5884, 0x5044, 0x5043, 0x61A7, 0x61E7, 0x5043, 0x5043,
    0x5064, 0x5063, 0x5063, 0x4863, 0x4863, 0x4863, 0x4843, 0x4843, 0x4843, 0x4843, 0x4043, 0x4043, 0x4043, 0x4043, 0x4043, 0x4043,
    0x4043, 0x4043, 0x4043, 0x4043, 0x4043, 0x4043, 0x4043, 0x4043, 0x4043, 0x4043, 0x4043, 0x4043, 0x4043, 0x4043, 0x4043, 0x4043,
    0x4043, 0x4043, 0x4043, 0x4043, 0x4043, 0x4043, 0x4043, 0x4043, 0x4043, 0x4043, 0x4043, 0x4043, 0x4043, 0x4043, 0x4043, 0x4043,
    0x70C5, 0x70C5, 0x70C5, 0x70C5, 0x70C5, 0x70C5, 0x70C5, 0x70C5, 0x78C5, 0x78C5, 0x78C5, 0x78C5, 0x78C5, 0x78C5, 0x78E5, 0x78E5,
    0x78E5, 0x78E5, 0x78E5, 0x78E5, 0x7905, 0x7905, 0x7905, 0x7905, 0x7905, 0x7905, 0x7905, 0x7905, 0x8125, 0x8125, 0x8126, 0x8126,
    0x8126, 0x8126, 0x8126, 0x8146, 0x8146, 0x8146, 0x8966, 0x8966, 0x8966, 0x9186, 0x9187, 0x9187, 0x91A7, 0x99A7, 0x99A7, 0x99A7,
    0xA1C7, 0x8289, 0x8A69, 0xA9C7, 0xA9E8, 0xAA08, 0xA9C7, 0xAA29, 0xB44F, 0xBDB3, 0xBD93, 0xBBEE, 0xB228, 0xB9E8, 0xBA49, 0xAB6C,
    0xAB8C, 0xBA49, 0xC208, 0xC249, 0xC249, 0xC249, 0xC249, 0xC249, 0xC249, 0xC249, 0xC249, 0xCA49, 0xCA49, 0xCA49, 0xCA49, 0xCA4A,
    0xCA4A, 0xCA49, 0xCA4A, 0xCA4A, 0xCA6A, 0xCA09, 0xD490, 0xE6D7, 0xD36D, 0xC9A8, 0xD229, 0xD22A, 0xD22A, 0xD22A, 0xD22A, 0xD22A,
    0xD20A, 0xD209, 0xD22A, 0xD20A, 0xD209, 0xD209, 0xD1E9, 0xD1E9, 0xD1E9, 0xD1E9, 0xD1C9, 0xD1C9, 0xD1C9, 0xD1C9, 0xD1C9, 0xD1A9,
    0xD1A9, 0xD1A9, 0xD189, 0xC989, 0xC989, 0xC989, 0xC989, 0xC969, 0xC969, 0xC969, 0xC969, 0xC969, 0xC948, 0xC948, 0xC148, 0xC148,
    0xC148, 0xC148, 0xC148, 0xB948, 0xB928, 0xB928, 0xB928, 0xB928, 0xB128, 0xB128, 0xB128, 0xB128, 0xA927, 0xA907, 0xA907, 0xA907,
    0xA907, 0xA107, 0xA0E7, 0xBB4D, 0xDDB4, 0xA9C9, 0x9085, 0xDDF4, 0xC470, 0x8825, 0x90C6, 0x90E6, 0x90E6, 0x88C6, 0x88C6, 0x88C6,
    0x88C6, 0x80C6, 0x80C6, 0x80A6, 0x80A5, 0x78A5, 0x78A5, 0x78A5, 0x78A5, 0x70A5, 0x70A5, 0x70A5, 0x70A5, 0x6844, 0x6885, 0x828A,
    0x8AEB, 0x6906, 0x5803, 0x5844, 0x8A8A, 0xBD72, 0xC5F4, 0xA44F, 0x6106, 0x5003, 0x5884, 0x5864, 0x5023, 0x5946, 0x6228, 0x5084,
    0x5043, 0x5064, 0x5063, 0x4863, 0x4863, 0x4863, 0x4863, 0x4843, 0x4843, 0x4843, 0x4843, 0x4043, 0x4043, 0x4043, 0x4043, 0x4043,
    0x4043, 0x4043, 0x4043, 0x4043, 0x4043, 0x4043, 0x4043, 0x4043, 0x4043, 0x4043, 0x4043, 0x4043, 0x4043, 0x4043, 0x4043, 0x4043,
    0x4043, 0x4043, 0x4043, 0x4043, 0x4043, 0x4043, 0x4043, 0x4043, 0x4043, 0x4043, 0x4043, 0x4043, 0x4043, 0x4043, 0x4043, 0x4043,
    0x70C5, 0x70C5, 0x70C5, 0x70C5, 0x70C5, 0x70C5, 0x70C5, 0x70C5, 0x78C5, 0x78C5, 0x78C5, 0x78C5, 0x78C5, 0x78C5, 0x78E5, 0x78E5,
    0x78E5, 0x78E5, 0x78E5, 0x78E5, 0x7905, 0x7905, 0x7905, 0x7905, 0x7905, 0x7905, 0x7905, 0x7925, 0x8125, 0x8126, 0x8126, 0x8126,
    0x8126, 0x8126, 0x8146, 0x8146, 0x8146, 0x8966, 0x8966, 0x8966, 0x9186, 0x9187, 0x9187, 0x91A7, 0x99A7, 0x99A7, 0xA1A7, 0x99C7,
    0x7AA9, 0x9228, 0xA9C7, 0xA1E8, 0xAA08, 0xA9A7, 0xB2AA, 0xBCF1, 0xBDD3, 0xBD31, 0xB32B, 0xB1E8, 0xBA08, 0xB2CA, 0xA3CD, 0xB2EB,
    0xC208, 0xC249, 0xC269, 0xC249, 0xC249, 0xC249, 0xC269, 0xC269, 0xC269, 0xCA69, 0xCA69, 0xCA6A, 0xCA6A, 0xCA6A, 0xCA6A, 0xCA6A,
    0xCA6A, 0xCA6A, 0xD26A, 0xD24A, 0xD26A, 0xD229, 0xD32C, 0xE717, 0xDD73, 0xD24A, 0xD24A, 0xD24A, 0xD22A, 0xD22A, 0xD22A, 0xD22A,
    0xD22A, 0xD22A, 0xD20A, 0xD20A, 0xD20A, 0xD209, 0xD209, 0xD1E9, 0xD1E9, 0xD1E9, 0xD1E9, 0xD1E9, 0xD1C9, 0xD1C9, 0xD1C9, 0xD1C9,
    0xD1A9, 0xD1A9, 0xD1A9, 0xD1A9, 0xD189, 0xD189, 0xD189, 0xD169, 0xC969, 0xC969, 0xC969, 0xC969, 0xC948, 0xC948, 0xC948, 0xC148,
    0xC148, 0xC148, 0xC148, 0xC148, 0xC148, 0xB928, 0xB928, 0xB928, 0xB928, 0xB128, 0xB128, 0xB128, 0xB127, 0xA907, 0xA907, 0xA907,
    0xA907, 0xA907, 0xA107, 0xA0A6, 0xA107, 0xA127, 0x98A6, 0xCCB1, 0xE676, 0x9927, 0x90E6, 0x90E6, 0x90E6, 0x90C6, 0x88C6, 0x88C6,
    0x88C6, 0x88C6, 0x80C6, 0x80C6, 0x80A6, 0x80A6, 0x78A5, 0x78A5, 0x78A5, 0x78A5, 0x70A5, 0x70A5, 0x7085, 0x70A5, 0x6885, 0x6824,
    0x7167, 0x8B2C, 0x79E8, 0x6024, 0x5803, 0x7167, 0xACB0, 0xC5F4, 0xB531, 0x7A08, 0x5003, 0x5864, 0x5884, 0x5023, 0x58E5, 0x6248,
    0x58C5, 0x5023, 0x5064, 0x5063, 0x4863, 0x4863, 0x4863, 0x4863, 0x4843, 0x4843, 0x4843, 0x4843, 0x4043, 0x4043, 0x4043, 0x4043,
    0x4043, 0x4043, 0x4043, 0x4043, 0x4043, 0x4043, 0x4043, 0x4043, 0x4043, 0x4043, 0x4043, 0x4043, 0x4043, 0x4043, 0x4043, 0x4043,
    0x4043, 0x4043, 0x4043, 0x4043, 0x4043, 0x4043, 0x4043, 0x4043, 0x4043, 0x4043, 0x4043, 0x4043, 0x4043, 0x4043, 0x4043, 0x4043,
    0x70C5, 0x70C5, 0x70C5, 0x70C5, 0x70C5, 0x70C5, 0x70C5, 0x78C5, 0x78C5, 0x78C5, 0x78C5, 0x78C5, 0x78C5, 0x78E5, 0x78E5, 0x78E5,
    0x78E5, 0x78E5, 0x78E5, 0x7905, 0x7905, 0x7905, 0x7905, 0x7905, 0x7905, 0x7905, 0x7925, 0x8125, 0x8125, 0x8126, 0x8126, 0x8126,
    0x8126, 0x8146, 0x8146, 0x8146, 0x8966, 0x8966, 0x8966, 0x9186, 0x9187, 0x9187, 0x91A7, 0x99A7, 0x99A7, 0xA1A7, 0x99E8, 0x7AA9,
    0x9A08, 0xA9C7, 0xA1E8, 0xA9E8, 0xA9C7, 0xB34C, 0xBD52, 0xBDB3, 0xBC90, 0xB28A, 0xB1E8, 0xBA29, 0xAB4C, 0xAB8D, 0xBA69, 0xC229,
    0xC269, 0xC269, 0xC269, 0xC269, 0xC269, 0xC269, 0xCA69, 0xCA6A, 0xCA6A, 0xCA6A, 0xCA6A, 0xCA6A, 0xCA6A, 0xCA6A, 0xCA6A, 0xD26A,
    0xD26A, 0xD26A, 0xD26A, 0xD26A, 0xD26A, 0xD24A, 0xD28B, 0xDC2F, 0xD30C, 0xD24A, 0xD24A, 0xD24A, 0xD24A, 0xD24A, 0xD22A, 0xD22A,
    0xD22A, 0xD22A, 0xD22A, 0xD22A, 0xD20A, 0xD20A, 0xD20A, 0xD20A, 0xD1E9, 0xD1E9, 0xD1E9, 0xD1E9, 0xD1C9, 0xD1C9, 0xD1C9, 0xD1C9,
    0xD1C9, 0xD1A9, 0xD1A9, 0xD1A9, 0xD189, 0xD189, 0xD189, 0xD189, 0xD169, 0xD169, 0xD169, 0xC969, 0xC969, 0xC969, 0xC969, 0xC948,
    0xC148, 0xC148, 0xC148, 0xC148, 0xC148, 0xB948, 0xB948, 0xB928, 0xB928, 0xB928, 0xB128, 0xB128, 0xB128, 0xB127, 0xA927, 0xA907,
    0xA907, 0xA907, 0xA107, 0xA107, 0xA107, 0xA0E7, 0xA0E7, 0xA127, 0xB2CC, 0xA188, 0x90C6, 0x90E6, 0x90E6, 0x90E6, 0x90C6, 0x88C6,
    0x88C6, 0x88C6, 0x88C6, 0x80C6, 0x80C6, 0x80C6, 0x80A5, 0x78A5, 0x78A5, 0x78A5, 0x78A5, 0x70A5, 0x7085, 0x7085, 0x7085, 0x68A5,
    0x6844, 0x6864, 0x828A, 0x82CB, 0x60A5, 0x5803, 0x60A5, 0x9BAD, 0xC5D3, 0xBD93, 0x8AEB, 0x5023, 0x5044, 0x5884, 0x5023, 0x58A4,
    0x6228, 0x5905, 0x5023, 0x5064, 0x5063, 0x4863, 0x4863, 0x4863, 0x4863, 0x4863, 0x4843, 0x4843, 0x4843, 0x4043, 0x4043, 0x4043,
    0x4043, 0x4043, 0x4043, 0x4043, 0x4043, 0x4043, 0x4043, 0x4043, 0x4043, 0x4043, 0x4043, 0x4043, 0x4043, 0x4043, 0x4043, 0x4043,
    0x4043, 0x4043, 0x4043, 0x4043, 0x4043, 0x4043, 0x4043, 0x4043, 0x4043, 0x4043, 0x4043, 0x4043, 0x4043, 0x4043, 0x4043, 0x4043,
    0x70C5, 0x70C5, 0x70C5, 0x70C5, 0x70C5, 0x70C5, 0x70C5, 0x78C5, 0x78C5, 0x78C5, 0x78C5, 0x78C5, 0x78C5, 0x78E5, 0x78E5, 0x78E5,
    0x78E5, 0x78E5, 0x78E5, 0x7905, 0x7905, 0x7905, 0x7905, 0x7905, 0x7905, 0x7905, 0x8125, 0x8125, 0x8126, 0x8126, 0x8126, 0x8126,
    0x8126, 0x8146, 0x8146, 0x8966, 0x8966, 0x8966, 0x9186, 0x9187, 0x9187, 0x91A7, 0x99A7, 0x99A7, 0xA1A7, 0x9208, 0x7AAA, 0xA1E8,
    0xA9C7, 0xA208, 0xA9E8, 0xA9E8, 0xB3EE, 0xBD93, 0xBD93, 0xBBEE, 0xB208, 0xB9E8, 0xB289, 0xA3AD, 0xB32B, 0xC228, 0xC249, 0xC269,
    0xC269, 0xC269, 0xC269, 0xC269, 0xCA69, 0xCA6A, 0xCA8A, 0xCA8A, 0xCA8A, 0xCA8A, 0xCA8A, 0xD28A, 0xD28A, 0xD28A, 0xD28A, 0xD28A,
    0xD26A, 0xD26A, 0xD26A, 0xD26A, 0xD26A, 0xD26A, 0xD26A, 0xD229, 0xD22A, 0xDA4A, 0xDA4A, 0xDA4A, 0xDA4A, 0xDA4A, 0xDA4A, 0xDA4A,
    0xDA2A, 0xDA2A, 0xDA2A, 0xDA2A, 0xDA2A, 0xDA0A, 0xDA0A, 0xDA0A, 0xDA0A, 0xD9EA, 0xD9EA, 0xD9EA, 0xD1EA, 0xD9E9, 0xD1C9, 0xD1C9,
    0xD1C9, 0xD1C9, 0xD1A9, 0xD1A9, 0xD1A9, 0xD1A9, 0xD189, 0xD189, 0xD189, 0xD169, 0xD169, 0xD169, 0xD169, 0xC969, 0xC969, 0xC949,
    0xC948, 0xC948, 0xC148, 0xC148, 0xC148, 0xC148, 0xB948, 0xB928, 0xB928, 0xB928, 0xB928, 0xB128, 0xB128, 0xB128, 0xB128, 0xA907,
    0xA907, 0xA907, 0xA907, 0xA107, 0xA107, 0xA107, 0xA107, 0x98E7, 0x98A6, 0x98C6, 0x98E7, 0x98E6, 0x90E6, 0x90E6, 0x90C6, 0x90C6,
    0x88C6, 0x88C6, 0x88C6, 0x88C6, 0x80C6, 0x80C6, 0x80A5, 0x80A5, 0x78A5, 0x78A5, 0x78A5, 0x70A5, 0x70A5, 0x7085, 0x7085, 0x6885,
    0x6885, 0x6885, 0x6023, 0x71A7, 0x8B2C, 0x6946, 0x5803, 0x5823, 0x8AAA, 0xBD93, 0xC5D3, 0x9BCE, 0x5884, 0x5043, 0x5884, 0x5043,
    0x5064, 0x6228, 0x5946, 0x5023, 0x5064, 0x5063, 0x5063, 0x4863, 0x4863, 0x4863, 0x4863, 0x4843, 0x4843, 0x4843, 0x4043, 0x4043,
    0x4043, 0x4043, 0x4043, 0x4043, 0x4043, 0x4043, 0x4043, 0x4043, 0x4043, 0x4043, 0x4043, 0x4043, 0x4043, 0x4043, 0x4043, 0x4043,
    0x4043, 0x4043, 0x4043, 0x4043, 0x4043, 0x4043, 0x4043, 0x4043, 0x4043, 0x4043, 0x4043, 0x4043, 0x4043, 0x4043, 0x4043, 0x4043,
    0x70C5, 0x70C5, 0x70C5, 0x70C5, 0x70C5, 0x70C5, 0x70C5, 0x78C5, 0x78C5, 0x78C5, 0x78C5, 0x78C5, 0x78E5, 0x78E5, 0x78E5, 0x78E5,
    0x78E5, 0x78E5, 0x7905, 0x7905, 0x7905, 0x7905, 0x7905, 0x7905, 0x7905, 0x7925, 0x8125, 0x8126, 0x8126, 0x8126, 0x8126, 0x8146,
    0x8146, 0x8146, 0x8946, 0x8966, 0x8966, 0x9186, 0x9187, 0x9187, 0x91A7, 0x99A7, 0x99A7, 0xA1A7, 0x9228, 0x82A9, 0xA1E8, 0xA9C7,
    0xAA08, 0xA9E8, 0xAA08, 0xB46F, 0xBDB3, 0xBD72, 0xBB6C, 0xB1E8, 0xBA08, 0xB2EB, 0xA3CD, 0xBAAA, 0xC229, 0xC269, 0xC269, 0xC269,
    0xC269, 0xC269, 0xCA6A, 0xCA8A, 0xCA8A, 0xCA8A, 0xCA8A, 0xCA8A, 0xCA8A, 0xD28A, 0xD28A, 0xD28A, 0xD28A, 0xD28A, 0xD28A, 0xD28A,
    0xD28A, 0xD28A, 0xD28A, 0xD28A, 0xD28A, 0xDA6A, 0xDA6A, 0xDA8A, 0xDA6A, 0xDA6A, 0xDA6A, 0xDA6A, 0xDA4A, 0xDA4A, 0xDA4A, 0xDA4A,
    0xDA4A, 0xDA2A, 0xDA2A, 0xDA2A, 0xDA2A, 0xDA2A, 0xDA0A, 0xDA0A, 0xDA0A, 0xDA0A, 0xDA0A, 0xD9EA, 0xD9EA, 0xD9EA, 0xD9E9, 0xD9C9,
    0xD9C9, 0xD1C9, 0xD1A9, 0xD1A9, 0xD1A9, 0xD1A9, 0xD189, 0xD189, 0xD189, 0xD169, 0xD169, 0xD169, 0xD169, 0xD169, 0xC969, 0xC969,
    0xC949, 0xC948, 0xC948, 0xC148, 0xC148, 0xC148, 0xC148, 0xB928, 0xB928, 0xB928, 0xB928, 0xB928, 0xB128, 0xB128, 0xB128, 0xB127,
    0xA907, 0xA907, 0xA907, 0xA907, 0xA107, 0xA107, 0xA107, 0xA107, 0xA107, 0x9907, 0x98E7, 0x98E6, 0x98E6, 0x90E6, 0x90C6, 0x90C6,
    0x90C6, 0x88C6, 0x88C6, 0x88C6, 0x80C6, 0x80C6, 0x80A6, 0x80A6, 0x78A5, 0x78A5, 0x78A5, 0x78A5, 0x70A5, 0x70A5, 0x7085, 0x7085,
    0x6885, 0x6885, 0x68A5, 0x6024, 0x68C5, 0x8B0B, 0x7A08, 0x5823, 0x5003, 0x71C8, 0xB511, 0xC5F4, 0xAC6F, 0x60E5, 0x5023, 0x5884,
    0x5044, 0x5043, 0x61E7, 0x5966, 0x5023, 0x5064, 0x5063, 0x5063, 0x4863, 0x4863, 0x4863, 0x4843, 0x4843, 0x4843, 0x4843, 0x4043,
    0x4043, 0x4043, 0x4043, 0x4043, 0x4043, 0x4043, 0x4043, 0x4043, 0x4043, 0x4043, 0x4043, 0x4043, 0x4043, 0x4043, 0x4043, 0x4043,
    0x4043, 0x4043, 0x4043, 0x4043, 0x4043, 0x4043, 0x4043, 0x4043, 0x4043, 0x4043, 0x4043, 0x4043, 0x4043, 0x4043, 0x4043, 0x4043,
    0x70C5, 0x70C5, 0x70C5, 0x70C5, 0x70C5, 0x70C5, 0x78C5, 0x78C5, 0x78C5, 0x78C5, 0x78C5, 0x78C5, 0x78E5, 0x78E5, 0x78E5, 0x78E5,
    0x78E5, 0x78E5, 0x7905, 0x7905, 0x7905, 0x7905, 0x7905, 0x7905, 0x7905, 0x8125, 0x8125, 0x8126, 0x8126, 0x8126, 0x8146, 0x8146,
    0x8146, 0x8946, 0x8966, 0x8966, 0x9166, 0x9187, 0x9187, 0x9187, 0x99A7, 0x99A7, 0xA187, 0x9228, 0x7AA9, 0xA1C8, 0xA9C8, 0xAA08,
    0xA9C7, 0xAA49, 0xBCD0, 0xBDD3, 0xBD31, 0xB2EB, 0xB1E8, 0xBA29, 0xAB4C, 0xAB8C, 0xBA49, 0xC249, 0xC269, 0xC269, 0xC269, 0xC269,
    0xCA89, 0xCA8A, 0xCA8A, 0xCA8A, 0xCA8A, 0xCA8A, 0xCA8A, 0xD28A, 0xD28A, 0xD28A, 0xD28A, 0xD28A, 0xD2AA, 0xD28A, 0xD28A, 0xD28A,
    0xD28A, 0xD28A, 0xDA8A, 0xDA8A, 0xDA8A, 0xDA8A, 0xDA8A, 0xDA8A, 0xDA6A, 0xDA6A, 0xDA6A, 0xDA6A, 0xDA6A, 0xDA6A, 0xDA4A, 0xDA4A,
    0xDA4A, 0xDA4A, 0xDA4A, 0xDA2A, 0xDA2A, 0xDA2A, 0xDA2A, 0xDA0A, 0xDA0A, 0xDA0A, 0xDA0A, 0xD9EA, 0xD9EA, 0xD9EA, 0xD9EA, 0xD9CA,
    0xD9C9, 0xD9C9, 0xD9C9, 0xD9A9, 0xD9A9, 0xD9A9, 0xD1A9, 0xD189, 0xD189, 0xD189, 0xD189, 0xD169, 0xD169, 0xD169, 0xD169, 0xC969,
    0xC969, 0xC968, 0xC948, 0xC948, 0xC148, 0xC148, 0xC148, 0xC148, 0xB948, 0xB948, 0xB928, 0xB928, 0xB928, 0xB128, 0xB128, 0xB127,
    0xB107, 0xA907, 0xA907, 0xA907, 0xA907, 0xA107, 0xA107, 0xA107, 0xA0E7, 0x98E7, 0x98E7, 0x98E7, 0x98E7, 0x90E6, 0x90E6, 0x90E6,
    0x90C6, 0x88C6, 0x88C6, 0x88C6, 0x88C6, 0x80C6, 0x80A6, 0x80A6, 0x80A6, 0x78A5, 0x78A5, 0x78A5, 0x78A5, 0x70A5, 0x7085, 0x7085,
    0x7085, 0x6885, 0x6885, 0x6885, 0x6064, 0x6044, 0x828A, 0x82AA, 0x6064, 0x5003, 0x6906, 0xAC90, 0xC5F4, 0xB4F1, 0x6946, 0x5003,
    0x5884, 0x5064, 0x5043, 0x6208, 0x5986, 0x5023, 0x5064, 0x5063, 0x5063, 0x4863, 0x4863, 0x4863, 0x4843, 0x4843, 0x4843, 0x4843,
    0x4043, 0x4043, 0x4043, 0x4043, 0x4043, 0x4043, 0x4043, 0x4043, 0x4043, 0x4043, 0x4043, 0x4043, 0x4043, 0x4043, 0x4043, 0x4043,
    0x4043, 0x4043, 0x4043, 0x4043, 0x4043, 0x4043, 0x4043, 0x4043, 0x4043, 0x4043, 0x4043, 0x4043, 0x4043, 0x4043, 0x4043, 0x4043,
    0x70C5, 0x70C5, 0x70C5, 0x70C5, 0x70C5, 0x70C5, 0x78C5, 0x78C5, 0x78C5, 0x78C5, 0x78C5, 0x78C5, 0x78E5, 0x78E5, 0x78E5, 0x78E5,
    0x78E5, 0x7905, 0x7905, 0x7905, 0x7905, 0x7905, 0x7905, 0x7905, 0x7925, 0x8125, 0x8125, 0x8126, 0x8126, 0x8126, 0x8146, 0x8146,
    0x8946, 0x8966, 0x8966, 0x9166, 0x9187, 0x9187, 0x9187, 0x99A7, 0x99A7, 0xA187, 0x8A28, 0x8289, 0xA1C7, 0xA9C8, 0xAA08, 0xA9C7,
    0xAA8A, 0xBCF1, 0xBDD3, 0xBCD0, 0xB28A, 0xB9E8, 0xBA49, 0xAB8C, 0xAB4C, 0xC229, 0xC269, 0xC269, 0xC269, 0xC269, 0xC28A, 0xCA8A,
    0xCA8A, 0xCA8A, 0xCA8A, 0xCA8A, 0xD2AA, 0xD2AA, 0xD2AA, 0xD2AA, 0xD2AA, 0xD2AA, 0xD2AA, 0xD2AA, 0xD2AA, 0xD2AA, 0xDAAA, 0xDAAA,
    0xDAAA, 0xDAAA, 0xDAAA, 0xDA8A, 0xDA8A, 0xDA8A, 0xDA8A, 0xDA8A, 0xDA8A, 0xDA8A, 0xDA6A, 0xDA6A, 0xDA6A, 0xDA6A, 0xDA6A, 0xDA4A,
    0xDA4A, 0xDA4A, 0xDA4A, 0xDA4A, 0xDA2A, 0xDA2A, 0xDA2A, 0xDA2A, 0xDA0A, 0xDA0A, 0xDA0A, 0xDA0A, 0xD9EA, 0xD9EA, 0xD9EA, 0xD9EA,
    0xD9CA, 0xD9C9, 0xD9C9, 0xD9A9, 0xD9A9, 0xD9A9, 0xD9A9, 0xD9A9, 0xD189, 0xD189, 0xD189, 0xD169, 0xD169, 0xD169, 0xD169, 0xD169,
    0xC969, 0xC969, 0xC948, 0xC948, 0xC948, 0xC148, 0xC148, 0xC148, 0xC148, 0xB948, 0xB928, 0xB928, 0xB928, 0xB928, 0xB128, 0xB128,
    0xB128, 0xB107, 0xA907, 0xA907, 0xA907, 0xA907, 0xA107, 0xA107, 0xA0E7, 0xA0E7, 0x98E7, 0x98E7, 0x98E7, 0x98E7, 0x90E6, 0x90E6,
    0x90E6, 0x90C6, 0x88C6, 0x88C6, 0x88C6, 0x88C6, 0x80A6, 0x80A6, 0x80A6, 0x80A5, 0x78A5, 0x78A5, 0x78A5, 0x70A5, 0x70A5, 0x7085,
    0x7085, 0x6885, 0x6885, 0x6885, 0x6885, 0x6084, 0x5823, 0x71C8, 0x830B, 0x60C5, 0x5803, 0x60A5, 0xA40E, 0xC5F4, 0xB531, 0x71C8,
    0x5003, 0x5884, 0x5064, 0x5023, 0x61A7, 0x5987, 0x5023, 0x5064, 0x5063, 0x5063, 0x4863, 0x4863, 0x4863, 0x4843, 0x4843, 0x4843,
    0x4843, 0x4043, 0x4043, 0x4043, 0x4043, 0x4043, 0x4043, 0x4043, 0x4043, 0x4043, 0x4043, 0x4043, 0x4043, 0x4043, 0x4043, 0x4043,
    0x4043, 0x4043, 0x4043, 0x4043, 0x4043, 0x4043, 0x4043, 0x4043, 0x4043, 0x4043, 0x4043, 0x4043, 0x4043, 0x4043, 0x4043, 0x4043,
    0x70C5, 0x70C5, 0x70C5, 0x70C5, 0x70C5, 0x70C5, 0x78C5, 0x78C5, 0x78C5, 0x78C5, 0x78C5, 0x78E5, 0x78E5, 0x78E5, 0x78E5, 0x78E5,
    0x78E5, 0x7905, 0x7905, 0x7905, 0x7905, 0x7905, 0x7905, 0x7905, 0x8125, 0x8125, 0x8126, 0x8126, 0x8126, 0x8126, 0x8146, 0x8946,
    0x8966, 0x8966, 0x8966, 0x9186, 0x9187, 0x9187, 0x99A7, 0x99A7, 0xA187, 0x8A28, 0x8289, 0xA1C7, 0xA1E8, 0xAA08, 0xA9C7, 0xB28A,
    0xBD31, 0xBDB3, 0xBC90, 0xB249, 0xB9E8, 0xBA89, 0xA3CD, 0xB2EB, 0xC228, 0xC269, 0xC269, 0xC269, 0xC289, 0xCA8A, 0xCA8A, 0xCA8A,
    0xCA8A, 0xCAAA, 0xCAAA, 0xD2AA, 0xD2AA, 0xD2AA, 0xD2AA, 0xD2AA, 0xD2AA, 0xD2AA, 0xD2AA, 0xDAAA, 0xDAAA, 0xDAAA, 0xDAAA, 0xDAAA,
    0xDAAA, 0xDAAA, 0xDAAA, 0xDAAA, 0xDAAA, 0xDAAA, 0xDA8A, 0xDA8A, 0xDA8A, 0xDA8A, 0xDA8A, 0xDA6A, 0xDA6A, 0xDA6A, 0xDA6A, 0xDA6A,
    0xDA4A, 0xDA4A, 0xE24A, 0xDA4A, 0xDA4A, 0xDA2A, 0xDA2A, 0xDA2A, 0xDA2A, 0xDA0A, 0xDA0A, 0xDA0A, 0xDA0A, 0xD9EA, 0xD9EA, 0xD9EA,
    0xD9EA, 0xD9CA, 0xD9CA, 0xD9C9, 0xD9A9, 0xD9A9, 0xD9A9, 0xD9A9, 0xD989, 0xD989, 0xD989, 0xD969, 0xD169, 0xD169, 0xD169, 0xD169,
    0xD169, 0xC969, 0xC949, 0xC949, 0xC948, 0xC948, 0xC148, 0xC148, 0xC148, 0xC148, 0xB928, 0xB928, 0xB928, 0xB928, 0xB128, 0xB128,
    0xB128, 0xB128, 0xB127, 0xA907, 0xA907, 0xA907, 0xA907, 0xA107, 0xA107, 0xA0E7, 0xA0E7, 0x98E7, 0x98E7, 0x98E7, 0x98E6, 0x90E6,
    0x90E6, 0x90C6, 0x88C6, 0x88C6, 0x88C6, 0x88C6, 0x80C6, 0x80C6, 0x80A6, 0x80A5, 0x78A5, 0x78A5, 0x78A5, 0x78A5, 0x70A5, 0x7085,
    0x7085, 0x7085, 0x6885, 0x6885, 0x6885, 0x6084, 0x6085, 0x5823, 0x6926, 0x8B2C, 0x6946, 0x5803, 0x5864, 0x9B8D, 0xC5D3, 0xBD72,
    0x71E8, 0x5003, 0x5884, 0x5864, 0x5023, 0x61A7, 0x5987, 0x5023, 0x5064, 0x5063, 0x4863, 0x4863, 0x4863, 0x4863, 0x4843, 0x4843,
    0x4843, 0x4843, 0x4043, 0x4043, 0x4043, 0x4043, 0x4043, 0x4043, 0x4043, 0x4043, 0x4043, 0x4043, 0x4043, 0x4043, 0x4043, 0x4043,
    0x4043, 0x4043, 0x4043, 0x4043, 0x4043, 0x4043, 0x4043, 0x4043, 0x4043, 0x4043, 0x4043, 0x4043, 0x4043, 0x4043, 0x4043, 0x4043,
    0x70C5, 0x70C5, 0x70C5, 0x70C5, 0x70C5, 0x70C5, 0x78C5, 0x78C5, 0x78C5, 0x78C5, 0x78C5, 0x78E5, 0x78E5, 0x78E5, 0x78E5, 0x78E5,
    0x78E5, 0x7905, 0x7905, 0x7905, 0x7905, 0x7905, 0x7905, 0x7905, 0x8125, 0x8125, 0x8126, 0x8126, 0x8126, 0x8146, 0x8946, 0x8946,
    0x8966, 0x8966, 0x9166, 0x9187, 0x9187, 0x99A7, 0x99A7, 0xA187, 0x9228, 0x8289, 0xA1C7, 0xA9E8, 0xAA08, 0xA9A7, 0xB2EB, 0xBD52,
    0xBDD3, 0xBC4F, 0xB228, 0xBA08, 0xB2AA, 0xA3CD, 0xBAAA, 0xC229, 0xC269, 0xC269, 0xC289, 0xC28A, 0xCA8A, 0xCA8A, 0xCAAA, 0xCAAA,
    0xCAAA, 0xCAAA, 0xD2AA, 0xD2AA, 0xD2CA, 0xD2CA, 0xD2CA, 0xD2CA, 0xD2CA, 0xDACA, 0xDACA, 0xDACA, 0xDACB, 0xDACA, 0xDAAA, 0xDAAB,
    0xDACB, 0xDAAB, 0xDAAB, 0xDAAB, 0xDAAB, 0xDAAB, 0xE2AB, 0xE28A, 0xE28A, 0xE28B, 0xE28A, 0xE28A, 0xE28A, 0xE26A, 0xE26A, 0xE26A,
    0xE26A, 0xE24A, 0xE24A, 0xE24A, 0xE24A, 0xE24A, 0xE22A, 0xE22A, 0xE22A, 0xE20A, 0xDA0A, 0xE20A, 0xDA0A, 0xDA0A, 0xD9EA, 0xD9EA,
    0xD9EA, 0xD9CA, 0xD9CA, 0xD9C9, 0xD9C9, 0xD9A9, 0xD9A9, 0xD9A9, 0xD9A9, 0xD989, 0xD989, 0xD989, 0xD969, 0xD169, 0xD169, 0xD169,
    0xD169, 0xC969, 0xC969, 0xC949, 0xC948, 0xC948, 0xC948, 0xC148, 0xC148, 0xC148, 0xC148, 0xB928, 0xB928, 0xB928, 0xB928, 0xB128,
    0xB128, 0xB128, 0xB127, 0xA907, 0xA907, 0xA907, 0xA907, 0xA107, 0xA107, 0xA0E7, 0xA0E7, 0x98E7, 0x98E7, 0x98E7, 0x98E7, 0x90E6,
    0x90E6, 0x90C6, 0x90C6, 0x88C6, 0x88C6, 0x88C6, 0x88C6, 0x80C6, 0x80C6, 0x80A6, 0x80A5, 0x78A5, 0x78A5, 0x78A5, 0x78A5, 0x7085,
    0x7085, 0x7085, 0x6885, 0x6885, 0x6885, 0x6884, 0x6084, 0x6085, 0x5844, 0x60C5, 0x8B2B, 0x71A7, 0x5803, 0x5823, 0x930C, 0xC5D3,
    0xBD72, 0x826A, 0x5003, 0x5884, 0x5864, 0x5023, 0x61A7, 0x5986, 0x5023, 0x5064, 0x5063, 0x4863, 0x4863, 0x4863, 0x4863, 0x4843,
    0x4843, 0x4843, 0x4043, 0x4043, 0x4043, 0x4043, 0x4043, 0x4043, 0x4043, 0x4043, 0x4043, 0x4043, 0x4043, 0x4043, 0x4043, 0x4043,
    0x4043, 0x4043, 0x4043, 0x4043, 0x4043, 0x4043, 0x4043, 0x4043, 0x4043, 0x4043, 0x4043, 0x4043, 0x4043, 0x4043, 0x4043, 0x4043,
    0x70C5, 0x70C5, 0x70C5, 0x70C5, 0x70C5, 0x70C5, 0x78C5, 0x78C5, 0x78C5, 0x78C5, 0x78C5, 0x78E5, 0x78E5, 0x78E5, 0x78E5, 0x78E5,
    0x7905, 0x7905, 0x7905, 0x7905, 0x7905, 0x7905, 0x7905, 0x7925, 0x8125, 0x8126, 0x8126, 0x8126, 0x8146, 0x8146, 0x8946, 0x8966,
    0x8966, 0x9166, 0x9187, 0x9187, 0x9987, 0x99A7, 0xA187, 0x9208, 0x7AA9, 0xA9C7, 0xA1E8, 0xAA08, 0xA9A7, 0xB2EB, 0xBD72, 0xBDB3,
    0xBC0E, 0xB228, 0xBA08, 0xB2EA, 0xABAD, 0xBA89, 0xC249, 0xC269, 0xC269, 0xC289, 0xC28A, 0xCA8A, 0xCAAA, 0xCAAA, 0xCAAA, 0xCAAA,
    0xD2AA, 0xD2CA, 0xD2CA, 0xD2CA, 0xD2CA, 0xD2CA, 0xDACA, 0xDACA, 0xDACA, 0xDACB, 0xDACB, 0xDACB, 0xDACB, 0xDACB, 0xDACB, 0xDACB,
    0xDACB, 0xE2CB, 0xE2CB, 0xE2AB, 0xE2AB, 0xE2AB, 0xE2AB, 0xE2AB, 0xE2AB, 0xE28B, 0xE28B, 0xE28B, 0xE28B, 0xE28A, 0xE28B, 0xE26A,
    0xE26A, 0xE26A, 0xE26A, 0xE24A, 0xE24A, 0xE24A, 0xE24A, 0xE22A, 0xE22A, 0xE22A, 0xE22A, 0xE20A, 0xE20A, 0xE20A, 0xE1EA, 0xE1EA,
    0xE1EA, 0xD9EA, 0xD9CA, 0xD9CA, 0xD9CA, 0xD9AA, 0xD9A9, 0xD9A9, 0xD9A9, 0xD989, 0xD989, 0xD989, 0xD989, 0xD969, 0xD169, 0xD169,
    0xD169, 0xD169, 0xC969, 0xC969, 0xC969, 0xC949, 0xC948, 0xC948, 0xC148, 0xC148, 0xC148, 0xC128, 0xB928, 0xB928, 0xB928, 0xB928,
    0xB128, 0xB128, 0xB128, 0xB107, 0xA907, 0xA907, 0xA907, 0xA907, 0xA107, 0xA107, 0xA107, 0xA0E7, 0x98E7, 0x98E7, 0x98E7, 0x98E7,
    0x90E6, 0x90C6, 0x90C6, 0x90C6, 0x88C6, 0x88C6, 0x88C6, 0x88C6, 0x80C6, 0x80A6, 0x80A6, 0x78A6, 0x78A5, 0x78A5, 0x78A5, 0x7085,
    0x7085, 0x7085, 0x7085, 0x6885, 0x6885, 0x6885, 0x6884, 0x6064, 0x6084, 0x6044, 0x6064, 0x82CB, 0x7A08, 0x5823, 0x5823, 0x8ACB,
    0xC5B3, 0xC5B3, 0x826A, 0x5003, 0x5884, 0x5864, 0x5023, 0x61E8, 0x5986, 0x5023, 0x5064, 0x5063, 0x4863, 0x4863, 0x4863, 0x4863,
    0x4843, 0x4843, 0x4843, 0x4043, 0x4043, 0x4043, 0x4043, 0x4043, 0x4043, 0x4043, 0x4043, 0x4043, 0x4043, 0x4043, 0x4043, 0x4043,
    0x4043, 0x4043, 0x4043, 0x4043, 0x4043, 0x4043, 0x4043, 0x4043, 0x4043, 0x4043, 0x4043, 0x4043, 0x4043, 0x4043, 0x4043, 0x4043,
    0x70C5, 0x70C5, 0x70C5, 0x70C5, 0x70C5, 0x78C5, 0x78C5, 0x78C5, 0x78C5, 0x78C5, 0x78E5, 0x78E5, 0x78E5, 0x78E5, 0x78E5, 0x78E5,
    0x7905, 0x7905, 0x7905, 0x7905, 0x7905, 0x7905, 0x7905, 0x8125, 0x8125, 0x8126, 0x8126, 0x8146, 0x8146, 0x8946, 0x8966, 0x8966,
    0x9166, 0x9186, 0x9187, 0x9987, 0x99A7, 0xA187, 0x9208, 0x82A9, 0xA1C7, 0xA9C8, 0xA9E8, 0xA9A7, 0xB2EB, 0xBD52, 0xBDB3, 0xBBEE,
    0xB1E8, 0xBA08, 0xB2EB, 0xABAD, 0xBA69, 0xC249, 0xC269, 0xC269, 0xC289, 0xCA8A, 0xCA8A, 0xCAAA, 0xCAAA, 0xCAAA, 0xD2AA, 0xD2CA,
    0xD2CA, 0xD2CA, 0xD2CA, 0xD2CA, 0xDACA, 0xDAEB, 0xDAEB, 0xDAEB, 0xDAEB, 0xDAEB, 0xDAEB, 0xDAEB, 0xDAEB, 0xE2CB, 0xE2CB, 0xE2CB,
    0xE2CB, 0xE2CB, 0xE2CB, 0xE2CB, 0xE2CB, 0xE2AB, 0xE2AB, 0xE2AB, 0xE2AB, 0xE2AB, 0xE2AB, 0xE28B, 0xE28B, 0xE28B, 0xE28B, 0xE26B,
    0xE26A, 0xE26B, 0xE26A, 0xE24A, 0xE24A, 0xE24A, 0xE24A, 0xE24A, 0xE22A, 0xE22A, 0xE22A, 0xE20A, 0xE20A, 0xE20A, 0xE20A, 0xE1EA,
    0xE1EA, 0xE1EA, 0xE1EA, 0xE1CA, 0xD9CA, 0xD9CA, 0xD9A9, 0xD9A9, 0xD9A9, 0xD9A9, 0xD989, 0xD989, 0xD989, 0xD969, 0xD969, 0xD169,
    0xD169, 0xD169, 0xD169, 0xD169, 0xC969, 0xC949, 0xC949, 0xC948, 0xC148, 0xC148, 0xC148, 0xC148, 0xB948, 0xB928, 0xB928, 0xB928,
    0xB928, 0xB128, 0xB128, 0xB108, 0xB108, 0xA907, 0xA907, 0xA907, 0xA907, 0xA107, 0xA107, 0xA0E7, 0xA0E7, 0x98E7, 0x98E7, 0x98E7,
    0x98E6, 0x90E6, 0x90C6, 0x90C6, 0x90C6, 0x88C6, 0x88C6, 0x88C6, 0x80C6, 0x80A6, 0x80A6, 0x80A6, 0x78A5, 0x78A5, 0x78A5, 0x78A5,
    0x70A5, 0x7085, 0x7085, 0x7085, 0x6885, 0x6885, 0x6885, 0x6064, 0x6064, 0x6084, 0x6064, 0x5844, 0x82CA, 0x7A29, 0x5823, 0x5003,
    0x826A, 0xC5B3, 0xC5B3, 0x828A, 0x5003, 0x5884, 0x5064, 0x5043, 0x61E7, 0x5946, 0x5023, 0x5064, 0x5063, 0x5063, 0x4863, 0x4863,
    0x4863, 0x4843, 0x4843, 0x4843, 0x4043, 0x4043, 0x4043, 0x4043, 0x4043, 0x4043, 0x4043, 0x4043, 0x4043, 0x4043, 0x4043, 0x4043,
    0x4043, 0x4043, 0x4043, 0x4043, 0x4043, 0x4043, 0x4043, 0x4043, 0x4043, 0x4043, 0x4043, 0x4043, 0x4043, 0x4043, 0x4043, 0x4043,
    0x70C5, 0x70C5, 0x70C5, 0x70C5, 0x70C5, 0x78C5, 0x78C5, 0x78C5, 0x78C5, 0x78C5, 0x78E5, 0x78E5, 0x78E5, 0x78E5, 0x78E5, 0x78E5,
    0x7905, 0x7905, 0x7905, 0x7905, 0x7905, 0x7905, 0x7925, 0x8125, 0x8125, 0x8126, 0x8126, 0x8146, 0x8946, 0x8946, 0x8966, 0x9166,
    0x9187, 0x9187, 0x9987, 0x99A7, 0xA187, 0x99E8, 0x7AA9, 0xA1C8, 0xA9C8, 0xAA08, 0xA9A7, 0xB2EB, 0xBD72, 0xBDB3, 0xBBEE, 0xB208,
    0xBA08, 0xB30B, 0xAB8D, 0xC249, 0xC249, 0xC269, 0xC289, 0xC289, 0xCA8A, 0xCAAA, 0xCAAA, 0xCAAA, 0xCAAA, 0xD2CA, 0xD2CA, 0xD2CA,
    0xD2CA, 0xD2CA, 0xDAEA, 0xDAEB, 0xDAEB, 0xDAEB, 0xDAEB, 0xDAEB, 0xDAEB, 0xDAEB, 0xE2EB, 0xE2EB, 0xE2EB, 0xE2EB, 0xE2EB, 0xE2EB,
    0xE2EB, 0xE2CB, 0xE2CB, 0xE2CB, 0xE2CB, 0xE2CB, 0xE2CB, 0xE2AB, 0xE2AB, 0xE2AB, 0xE2AB, 0xE2AB, 0xE28B, 0xE28B, 0xE28B, 0xE28B,
    0xE26B, 0xE26B, 0xE26B, 0xE26A, 0xE26B, 0xE24A, 0xE24A, 0xE24A, 0xE22A, 0xE22A, 0xE22A, 0xE22A, 0xE20A, 0xE20A, 0xE20A, 0xE20A,
    0xE1EA, 0xE1EA, 0xE1EA, 0xE1CA, 0xE1CA, 0xD9CA, 0xD9CA, 0xD9AA, 0xD9AA, 0xD9A9, 0xD989, 0xD989, 0xD989, 0xD969, 0xD969, 0xD969,
    0xD169, 0xD169, 0xD169, 0xD169, 0xD169, 0xC949, 0xC949, 0xC948, 0xC948, 0xC148, 0xC148, 0xC148, 0xC148, 0xB948, 0xB928, 0xB928,
    0xB928, 0xB128, 0xB128, 0xB128, 0xB108, 0xA907, 0xA907, 0xA907, 0xA907, 0xA107, 0xA107, 0xA107, 0xA0E7, 0xA0E7, 0x98E7, 0x98E7,
    0x98E7, 0x90E6, 0x90E6, 0x90C6, 0x90C6, 0x88C6, 0x88C6, 0x88C6, 0x88C6, 0x80A6, 0x80A6, 0x80A6, 0x78A5, 0x78A5, 0x78A5, 0x78A5,
    0x70A5, 0x7085, 0x7085, 0x7085, 0x6885, 0x6885, 0x6885, 0x6864, 0x6064, 0x6064, 0x6084, 0x6064, 0x5823, 0x7A6A, 0x7A49, 0x5844,
    0x5003, 0x826A, 0xC5B3, 0xC5B3, 0x826A, 0x5003, 0x5884, 0x5064, 0x5043, 0x6228, 0x5905, 0x5023, 0x5064, 0x5063, 0x4863, 0x4863,
    0x4863, 0x4863, 0x4843, 0x4843, 0x4843, 0x4043, 0x4043, 0x4043, 0x4043, 0x4043, 0x4043, 0x4043, 0x4043, 0x4043, 0x4043, 0x4043,
    0x4043, 0x4043, 0x4043, 0x4043, 0x4043, 0x4043, 0x4043, 0x4043, 0x4043, 0x4043, 0x4043, 0x4043, 0x4043, 0x4043, 0x4043, 0x4043,
    0x70C5, 0x70C5, 0x70C5, 0x70C5, 0x70C5, 0x78C5, 0x78C5, 0x78C5, 0x78C5, 0x78C5, 0x78E5, 0x78E5, 0x78E5, 0x78E5, 0x78E5, 0x78E5,
    0x7905, 0x7905, 0x7905, 0x7905, 0x7905, 0x7905, 0x7905, 0x8125, 0x8126, 0x8126, 0x8146, 0x8946, 0x8946, 0x8966, 0x9166, 0x9166,
    0x9187, 0x9987, 0x9987, 0x9987, 0x99C7, 0x7AA9, 0x99E8, 0xA9C7, 0xA9E8, 0xA9A7, 0xAA8A, 0xBD52, 0xBDB3, 0xBBEE, 0xB1E8, 0xBA08,
    0xAB2B, 0xABAD, 0xC249, 0xC269, 0xC269, 0xC289, 0xC28A, 0xCA8A, 0xCAAA, 0xCAAA, 0xCAAA, 0xCACA, 0xD2CA, 0xD2CA, 0xD2CA, 0xD2CA,
    0xD2EB, 0xDAEB, 0xDAEB, 0xDAEB, 0xDAEB, 0xDAEB, 0xDAEB, 0xE30B, 0xE30B, 0xE30B, 0xE30B, 0xE2EB, 0xE2EB, 0xE2EB, 0xE2EB, 0xE2EB,
    0xE2EB, 0xE2EB, 0xE2EB, 0xE2CB, 0xE2CB, 0xE2CB, 0xE2CB, 0xE2CB, 0xEACB, 0xE2AB, 0xEAAB, 0xEAAB, 0xEAAB, 0xE28B, 0xEA8B, 0xEA8B,
    0xE28B, 0xE26B, 0xE26B, 0xE26B, 0xE26B, 0xE24A, 0xE24A, 0xE24A, 0xE24A, 0xE22A, 0xE22A, 0xE22A, 0xE22A, 0xE20A, 0xE20A, 0xE20A,
    0xE1EA, 0xE1EA, 0xE1EA, 0xE1CA, 0xE1CA, 0xE1CA, 0xE1CA, 0xE1AA, 0xD9AA, 0xD9A9, 0xD989, 0xD989, 0xD989, 0xD989, 0xD969, 0xD969,
    0xD169, 0xD169, 0xD169, 0xD169, 0xD169, 0xC969, 0xC949, 0xC949, 0xC949, 0xC148, 0xC148, 0xC148, 0xC148, 0xC148, 0xB928, 0xB928,
    0xB928, 0xB928, 0xB128, 0xB128, 0xB128, 0xB107, 0xA907, 0xA907, 0xA907, 0xA907, 0xA107, 0xA107, 0xA0E7, 0xA0E7, 0x98E7, 0x98E7,
    0x98E7, 0x98E7, 0x90E6, 0x90E6, 0x90C6, 0x88C6, 0x88C6, 0x88C6, 0x88C6, 0x88C6, 0x80A6, 0x80A6, 0x80A6, 0x78A5, 0x78A5, 0x78A5,
    0x78A5, 0x70A5, 0x7085, 0x7085, 0x7085, 0x6885, 0x6885, 0x6885, 0x6064, 0x6064, 0x6064, 0x6084, 0x6084, 0x5823, 0x82AA, 0x82AA,
    0x5824, 0x5003, 0x826A, 0xC5B3, 0xBD93, 0x71E8, 0x5003, 0x5884, 0x5044, 0x5064, 0x6228, 0x58E5, 0x5043, 0x5064, 0x5063, 0x4863,
    0x4863, 0x4863, 0x4843, 0x4843, 0x4843, 0x4843, 0x4043, 0x4043, 0x4043, 0x4043, 0x4043, 0x4043, 0x4043, 0x4043, 0x4043, 0x4043,
    0x4043, 0x4043, 0x4043, 0x4043, 0x4043, 0x4043, 0x4043, 0x4043, 0x4043, 0x4043, 0x4043, 0x4043, 0x4043, 0x4043, 0x4043, 0x4043,
    0x70C5, 0x70C5, 0x70C5, 0x70C5, 0x70C5, 0x78C5, 0x78C5, 0x78C5, 0x78C5, 0x78C5, 0x78E5, 0x78E5, 0x78E5, 0x78E5, 0x78E5, 0x7905,
    0x7905, 0x7905, 0x7905, 0x7905, 0x7905, 0x7905, 0x7925, 0x8125, 0x8126, 0x8126, 0x8146, 0x8946, 0x8946, 0x8966, 0x9166, 0x9187,
    0x9187, 0x9987, 0x99A7, 0x99A7, 0x7AA9, 0x9A08, 0xA9A7, 0xA9E8, 0xA9A7, 0xAA8A, 0xBD11, 0xBDD3, 0xBC0E, 0xB1E8, 0xBA08, 0xAB2B,
    0xABAD, 0xC229, 0xC269, 0xC269, 0xC269, 0xC28A, 0xCA8A, 0xCAAA, 0xCAAA, 0xCAAA, 0xCACA, 0xD2CA, 0xD2CA, 0xD2CA, 0xD2EA, 0xDAEB,
    0xDAEB, 0xDAEB, 0xDAEB, 0xDB0B, 0xDB0B, 0xE30B, 0xE30B, 0xE30B, 0xE30B, 0xE30B, 0xE30B, 0xE30B, 0xE30B, 0xE30B, 0xE2EB, 0xE2EB,
    0xE2EB, 0xE2EB, 0xEAEB, 0xEAEB, 0xEACB, 0xEACB, 0xEACB, 0xEACB, 0xEACB, 0xEACB, 0xEAAB, 0xEAAB, 0xEAAB, 0xEAAB, 0xEA8B, 0xEA8B,
    0xEA8B, 0xEA8B, 0xE26B, 0xE26B, 0xE26B, 0xE24B, 0xE24A, 0xE24B, 0xE24A, 0xE22A, 0xE22A, 0xE22A, 0xE22A, 0xE20A, 0xE20A, 0xE20A,
    0xE1EA, 0xE1EA, 0xE1EA, 0xE1EA, 0xE1CA, 0xE1CA, 0xE1CA, 0xE1AA, 0xD9AA, 0xD9A9, 0xD989, 0xD989, 0xD989, 0xD989, 0xD969, 0xD969,
    0xD969, 0xD169, 0xD169, 0xD169, 0xD169, 0xD169, 0xC949, 0xC949, 0xC949, 0xC948, 0xC148, 0xC148, 0xC148, 0xC148, 0xB928, 0xB928,
    0xB928, 0xB928, 0xB128, 0xB128, 0xB128, 0xB128, 0xB107, 0xA907, 0xA907, 0xA907, 0xA907, 0xA107, 0xA0E7, 0xA0E7, 0xA0E7, 0x98E7,
    0x98E7, 0x98E7, 0x90E6, 0x90E6, 0x90C6, 0x90C6, 0x88C6, 0x88C6, 0x88C6, 0x88C6, 0x80A6, 0x80A6, 0x80A6, 0x80A6, 0x78A5, 0x78A5,
    0x78A5, 0x70A5, 0x7085, 0x7085, 0x7085, 0x6885, 0x6885, 0x6885, 0x6885, 0x6084, 0x6064, 0x6064, 0x6064, 0x6084, 0x5823, 0x828A,
    0x82AA, 0x5844, 0x5003, 0x8AAA, 0xC5D3, 0xBD52, 0x71C8, 0x5003, 0x5884, 0x5043, 0x58A4, 0x6228, 0x5084, 0x5043, 0x5064, 0x5063,
    0x4863, 0x4863, 0x4863, 0x4843, 0x4843, 0x4843, 0x4843, 0x4043, 0x4043, 0x4043, 0x4043, 0x4043, 0x4043, 0x4043, 0x4043, 0x4043,
    0x4043, 0x4043, 0x4043, 0x4043, 0x4043, 0x4043, 0x4043, 0x4043, 0x4043, 0x4043, 0x4043, 0x4043, 0x4043, 0x4043, 0x4043, 0x4043,
    0x70C5, 0x70C5, 0x70C5, 0x70C5, 0x70C5, 0x78C5, 0x78C5, 0x78C5, 0x78C5, 0x78E5, 0x78E5, 0x78E5, 0x78E5, 0x78E5, 0x78E5, 0x7905,
    0x7905, 0x7905, 0x7905, 0x7905, 0x7905, 0x7905, 0x7925, 0x8125, 0x8126, 0x8146, 0x8946, 0x8946, 0x8966, 0x9166, 0x9167, 0x9187,
    0x9987, 0x99A7, 0xA187, 0x8289, 0x9228, 0xA9A7, 0xA1E8, 0xA9C7, 0xAA29, 0xBCF1, 0xBDB3, 0xBC4F, 0xB208, 0xBA08, 0xAB0B, 0xABAD,
    0xC229, 0xC269, 0xC269, 0xC269, 0xC28A, 0xCA8A, 0xCAAA, 0xCAAA, 0xCAAA, 0xD2CA, 0xD2CA, 0xD2CA, 0xD2EA, 0xD2EB, 0xDAEB, 0xDAEB,
    0xDB0B, 0xDB0B, 0xDB0B, 0xE30B, 0xE30B, 0xE30B, 0xE30B, 0xE30B, 0xE30B, 0xE30B, 0xE30B, 0xE30B, 0xE30B, 0xE30B, 0xEB0B, 0xEB0B,
    0xEAEB, 0xEAEB, 0xEAEB, 0xEAEB, 0xEAEB, 0xEAEB, 0xEACB, 0xEACB, 0xEACB, 0xEACB, 0xEAAB, 0xEAAB, 0xEAAB, 0xEAAB, 0xEAAB, 0xEA8B,
    0xEA8B, 0xEA8B, 0xEA6B, 0xEA6B, 0xEA6B, 0xEA6B, 0xE26B, 0xEA4B, 0xE24A, 0xE24A, 0xE22A, 0xE22A, 0xE22A, 0xE20A, 0xE20A, 0xE20A,
    0xE1EA, 0xE1EA, 0xE1EA, 0xE1EA, 0xE1EA, 0xE1CA, 0xE1CA, 0xE1CA, 0xE1AA, 0xE1A9, 0xD9A9, 0xD989, 0xD989, 0xD989, 0xD989, 0xD989,
    0xD969, 0xD169, 0xD169, 0xD169, 0xD169, 0xD169, 0xC949, 0xC949, 0xC949, 0xC948, 0xC948, 0xC148, 0xC148, 0xC148, 0xC128, 0xB928,
    0xB928, 0xB928, 0xB928, 0xB128, 0xB128, 0xB128, 0xB108, 0xA907, 0xA907, 0xA907, 0xA907, 0xA107, 0xA0E7, 0xA0E7, 0xA0E7, 0x98E7,
    0x98E7, 0x98E7, 0x98E7, 0x90E6, 0x90C6, 0x90C6, 0x90C6, 0x88C6, 0x88C6, 0x88C6, 0x80C6, 0x80A6, 0x80A6, 0x80A6, 0x78A5, 0x78A5,
    0x78A5, 0x78A5, 0x7085, 0x7085, 0x7085, 0x6885, 0x6885, 0x6885, 0x6885, 0x6085, 0x6084, 0x6064, 0x6064, 0x6064, 0x6084, 0x5803,
    0x82AA, 0x7A69, 0x5823, 0x5823, 0x930C, 0xC5D3, 0xBD32, 0x6946, 0x5023, 0x5884, 0x5023, 0x58E5, 0x6228, 0x5043, 0x5063, 0x5063,
    0x5063, 0x4863, 0x4863, 0x4863, 0x4843, 0x4843, 0x4843, 0x4043, 0x4043, 0x4043, 0x4043, 0x4043, 0x4043, 0x4043, 0x4043, 0x4043,
    0x4043, 0x4043, 0x4043, 0x4043, 0x4043, 0x4043, 0x4043, 0x4043, 0x4043, 0x4043, 0x4043, 0x4043, 0x4043, 0x4043, 0x4043, 0x4043,
    0x70C5, 0x70C5, 0x70C5, 0x70C5, 0x78C5, 0x78C5, 0x78C5, 0x78C5, 0x78C5, 0x78E5, 0x78E5, 0x78E5, 0x78E5, 0x78E5, 0x78E5, 0x7905,
    0x7905, 0x7905, 0x7905, 0x7905, 0x7905, 0x7905, 0x8125, 0x8126, 0x8126, 0x8946, 0x8946, 0x8946, 0x9166, 0x9166, 0x9187, 0x9987,
    0x9987, 0xA187, 0x8A49, 0x8A49, 0xA9A7, 0xA1E8, 0xA9C8, 0xAA08, 0xBCB0, 0xBDD3, 0xBC8F, 0xB208, 0xB9E8, 0xB2EB, 0xAB8D, 0xC229,
    0xC269, 0xC269, 0xC269, 0xC289, 0xCA8A, 0xCA8A, 0xCAAA, 0xCAAA, 0xD2CA, 0xD2CA, 0xD2CA, 0xD2EA, 0xD2EB, 0xDAEB, 0xDAEB, 0xDB0B,
    0xDB0B, 0xDB0B, 0xE30B, 0xE32B, 0xE32B, 0xE32B, 0xE32B, 0xE32B, 0xE32B, 0xE32B, 0xE30B, 0xE30B, 0xEB0B, 0xEB0B, 0xEB0B, 0xEB0B,
    0xEB0B, 0xEB0B, 0xEAEB, 0xEAEB, 0xEAEB, 0xEAEB, 0xEAEB, 0xEACB, 0xEACB, 0xEACB, 0xEACB, 0xEACB, 0xEAAB, 0xEAAB, 0xEAAB, 0xEA8B,
    0xEA8B, 0xEA8B, 0xEA8B, 0xEA6B, 0xEA6B, 0xEA6B, 0xEA6B, 0xEA4B, 0xEA4B, 0xEA4A, 0xE22A, 0xE22A, 0xE22A, 0xE22A, 0xE20A, 0xE20A,
    0xE20A, 0xE1EA, 0xE1EA, 0xE1EA, 0xE1EA, 0xE1CA, 0xE1CA, 0xE1CA, 0xE1AA, 0xE1AA, 0xE1AA, 0xE18A, 0xD989, 0xD989, 0xD989, 0xD989,
    0xD969, 0xD969, 0xD169, 0xD169, 0xD169, 0xD169, 0xC969, 0xC969, 0xC949, 0xC948, 0xC948, 0xC148, 0xC148, 0xC148, 0xC128, 0xB928,
    0xB928, 0xB928, 0xB928, 0xB928, 0xB128, 0xB128, 0xB108, 0xA907, 0xA907, 0xA907, 0xA907, 0xA907, 0xA107, 0xA0E7, 0xA0E7, 0x98E7,
    0x98E7, 0x98E7, 0x98E7, 0x98E6, 0x90C6, 0x90C6, 0x90C6, 0x88C6, 0x88C6, 0x88C6, 0x88C6, 0x80C6, 0x80A6, 0x80A6, 0x80A5, 0x78A5,
    0x78A5, 0x78A5, 0x7085, 0x7085, 0x7085, 0x7085, 0x6885, 0x6885, 0x6885, 0x6885, 0x6085, 0x6084, 0x6064, 0x6064, 0x6064, 0x6084,
    0x5823, 0x7A6A, 0x7A09, 0x5823, 0x5823, 0x936C, 0xC5F4, 0xB4F1, 0x6105, 0x5023, 0x5884, 0x5023, 0x5946, 0x61E7, 0x5023, 0x5064,
    0x5063, 0x5063, 0x4863, 0x4863, 0x4863, 0x4843, 0x4843, 0x4843, 0x4043, 0x4043, 0x4043, 0x4043, 0x4043, 0x4043, 0x4043, 0x4043,
    0x4043, 0x4043, 0x4043, 0x4043, 0x4043, 0x4043, 0x4043, 0x4043, 0x4043, 0x4043, 0x4043, 0x4043, 0x4043, 0x4043, 0x4043, 0x4043,
    0x70C5, 0x70C5, 0x70C5, 0x70C5, 0x78C5, 0x78C5, 0x78C5, 0x78C5, 0x78C5, 0x78E5, 0x78E5, 0x78E5, 0x78E5, 0x78E5, 0x78E5, 0x7905,
    0x7905, 0x7905, 0x7905, 0x7905, 0x7905, 0x7905, 0x8126, 0x8126, 0x8146, 0x8946, 0x8946, 0x8966, 0x9166, 0x9167, 0x9187, 0x9987,
    0xA187, 0x8A08, 0x8289, 0xA9A7, 0xA1C8, 0xA9E8, 0xA9C8, 0xB44F, 0xBDD3, 0xBCD0, 0xB249, 0xB9E8, 0xB2CA, 0xABAD, 0xC229, 0xC249,
    0xC269, 0xC269, 0xC28A, 0xCA8A, 0xCA8A, 0xCAAA, 0xCAAA, 0xD2CA, 0xD2CA, 0xD2CA, 0xD2EA, 0xDAEA, 0xDAEB, 0xDB0B, 0xDB0B, 0xDB0B,
    0xE30B, 0xE32B, 0xE32B, 0xE32B, 0xE32B, 0xE32B, 0xE32B, 0xE32B, 0xE32B, 0xE32B, 0xEB2B, 0xEB2B, 0xEB2B, 0xEB2B, 0xEB0B, 0xEB0B,
    0xEB0B, 0xEB0B, 0xEB0B, 0xEAEB, 0xEAEB, 0xEAEB, 0xEAEB, 0xEAEB, 0xEACB, 0xEACB, 0xEACB, 0xEACB, 0xEACB, 0xEAAB, 0xEAAB, 0xEAAB,
    0xEA8B, 0xEA8B, 0xEA8B, 0xEA6B, 0xEA6B, 0xEA6B, 0xEA6B, 0xEA4B, 0xEA4B, 0xEA4A, 0xEA4B, 0xEA2A, 0xEA2A, 0xE22A, 0xE22A, 0xE20A,
    0xE20A, 0xE20A, 0xE1EA, 0xE1EA, 0xE1EA, 0xE1CA, 0xE1CA, 0xE1CA, 0xE1CA, 0xE1AA, 0xE1AA, 0xE1AA, 0xD989, 0xD989, 0xD989, 0xD989,
    0xD969, 0xD969, 0xD169, 0xD169, 0xD169, 0xD169, 0xD169, 0xC969, 0xC949, 0xC949, 0xC948, 0xC148, 0xC148, 0xC148, 0xC148, 0xC128,
    0xB928, 0xB928, 0xB928, 0xB928, 0xB128, 0xB128, 0xB108, 0xB107, 0xA907, 0xA907, 0xA907, 0xA907, 0xA107, 0xA107, 0xA0E7, 0xA0E7,
    0x98E7, 0x98E7, 0x98E7, 0x98E7, 0x90C6, 0x90C6, 0x90C6, 0x90C6, 0x88C6, 0x88C6, 0x88C6, 0x80C6, 0x80A6, 0x80A6, 0x80A6, 0x78A5,
    0x78A5, 0x78A5, 0x7885, 0x7085, 0x7085, 0x7085, 0x6885, 0x6885, 0x6885, 0x6885, 0x6885, 0x6085, 0x6064, 0x6064, 0x6064, 0x6064,
    0x6084, 0x5823, 0x82AA, 0x7A09, 0x5803, 0x5864, 0xA3EE, 0xC5F4, 0xAC90, 0x5884, 0x5044, 0x5884, 0x5023, 0x61A7, 0x5986, 0x5023,
    0x5064, 0x5063, 0x4863, 0x4863, 0x4863, 0x4843, 0x4843, 0x4843, 0x4843, 0x4043, 0x4043, 0x4043, 0x4043, 0x4043, 0x4043, 0x4043,
    0x4043, 0x4043, 0x4043, 0x4043, 0x4043, 0x4043, 0x4043, 0x4043, 0x4043, 0x4043, 0x4043, 0x4043, 0x4043, 0x4043, 0x4043, 0x4043,
    0x70C5, 0x70C5, 0x70C5, 0x70C5, 0x78C5, 0x78C5, 0x78C5, 0x78C5, 0x78C5, 0x78E5, 0x78E5, 0x78E5, 0x78E5, 0x78E5, 0x78E5, 0x7905,
    0x7905, 0x7905, 0x7905, 0x7905, 0x7905, 0x8125, 0x8126, 0x8126, 0x8946, 0x8946, 0x8946, 0x9166, 0x9167, 0x9167, 0x9987, 0x9987,
    0x99C7, 0x7AA9, 0xA1A7, 0xA1C7, 0xA9E8, 0xA9A7, 0xB3CE, 0xBDB3, 0xBD31, 0xB269, 0xB1C8, 0xB28A, 0xABAD, 0xBA49, 0xC249, 0xC269,
    0xC269, 0xC289, 0xCA8A, 0xCA8A, 0xCAAA, 0xCAAA, 0xD2AA, 0xD2CA, 0xD2CA, 0xD2EA, 0xDAEB, 0xDAEB, 0xDB0B, 0xDB0B, 0xDB0B, 0xE32B,
    0xE32B, 0xE32B, 0xE32B, 0xE32B, 0xE32B, 0xE34B, 0xEB4B, 0xEB4B, 0xEB2C, 0xEB2C, 0xEB2C, 0xEB2B, 0xEB2B, 0xEB2C, 0xEB2B, 0xEB2C,
    0xEB0C, 0xEB0C, 0xEB0C, 0xEB0B, 0xEAEB, 0xEAEB, 0xEAEB, 0xEAEB, 0xEAEB, 0xEACB, 0xEACB, 0xEACB, 0xEACB, 0xEAAB, 0xEAAB, 0xEAAB,
    0xEAAB, 0xEA8B, 0xEA8B, 0xEA8B, 0xEA8B, 0xEA6B, 0xEA6B, 0xEA6B, 0xEA4B, 0xEA4B, 0xEA4B, 0xEA2A, 0xEA2A, 0xEA2A, 0xEA2A, 0xE20A,
    0xE20A, 0xE20A, 0xE1EA, 0xE1EA, 0xE1EA, 0xE1CA, 0xE1CA, 0xE1CA, 0xE1CA, 0xE1AA, 0xE1AA, 0xE1AA, 0xE189, 0xE189, 0xD989, 0xD989,
    0xD969, 0xD969, 0xD969, 0xD169, 0xD169, 0xD169, 0xD169, 0xC969, 0xC949, 0xC949, 0xC949, 0xC948, 0xC148, 0xC148, 0xC148, 0xC148,
    0xB928, 0xB928, 0xB928, 0xB928, 0xB128, 0xB128, 0xB108, 0xB108, 0xB107, 0xA907, 0xA907, 0xA907, 0xA907, 0xA107, 0xA0E7, 0xA0E7,
    0xA0E7, 0x98E7, 0x98E7, 0x98E7, 0x98C7, 0x90C6, 0x90C6, 0x90C6, 0x88C6, 0x88C6, 0x88C6, 0x88C6, 0x80A6, 0x80A6, 0x80A6, 0x80A6,
    0x78A5, 0x78A5, 0x7885, 0x7085, 0x7085, 0x7085, 0x7085, 0x6885, 0x6885, 0x6885, 0x6885, 0x6885, 0x6085, 0x6084, 0x6064, 0x6064,
    0x6084, 0x6064, 0x5844, 0x82CB, 0x71A7, 0x5803, 0x6084, 0xAC6F, 0xC5F4, 0x9BEE, 0x5043, 0x5864, 0x5864, 0x5023, 0x6208, 0x5905,
    0x5023, 0x5064, 0x5063, 0x4863, 0x4863, 0x4863, 0x4843, 0x4843, 0x4843, 0x4843, 0x4043, 0x4043, 0x4043, 0x4043, 0x4043, 0x4043,
    0x4043, 0x4043, 0x4043, 0x4043, 0x4043, 0x4043, 0x4043, 0x4043, 0x4043, 0x4043, 0x4043, 0x4043, 0x4043, 0x4043, 0x4043, 0x4043,
    0x70C5, 0x70C5, 0x70C5, 0x70C5, 0x78C5, 0x78C5, 0x78C5, 0x78C5, 0x78C5, 0x78E5, 0x78E5, 0x78E5, 0x78E5, 0x78E5, 0x78E5, 0x7905,
    0x7905, 0x7905, 0x7905, 0x7905, 0x8105, 0x8126, 0x8126, 0x8946, 0x8946, 0x8946, 0x9166, 0x9166, 0x9167, 0x9187, 0x9987, 0x9987,
    0x7A89, 0x99E8, 0xA1A7, 0xA1E8, 0xA987, 0xB32C, 0xBD93, 0xBD72, 0xB2CA, 0xB1C8, 0xB269, 0xA3CD, 0xBA69, 0xC229, 0xC269, 0xC269,
    0xC269, 0xCA8A, 0xCA8A, 0xCAAA, 0xCAAA, 0xD2AA, 0xD2CA, 0xD2CA, 0xD2EA, 0xDAEB, 0xDAEB, 0xDB0B, 0xDB0B, 0xDB2B, 0xE32B, 0xE32B,
    0xE32B, 0xE34B, 0xE34B, 0xE34B, 0xEB4C, 0xEB4C, 0xEB4C, 0xEB4C, 0xEB4C, 0xEB4C, 0xEB4C, 0xEB2C, 0xEB2C, 0xEB2C, 0xEB2C, 0xEB2C,
    0xEB2C, 0xEB0C, 0xEB0C, 0xEB0B, 0xEB0C, 0xEB0B, 0xEAEB, 0xEAEB, 0xEAEB, 0xEAEB, 0xEACB, 0xEACB, 0xEACB, 0xEAAB, 0xEAAB, 0xEAAB,
    0xEAAB, 0xEA8B, 0xEA8B, 0xEA8B, 0xEA8B, 0xEA6B, 0xEA6B, 0xEA6B, 0xEA4B, 0xEA4B, 0xEA4B, 0xEA2A, 0xEA2A, 0xEA2A, 0xEA2A, 0xE20A,
    0xE20A, 0xE20A, 0xE1EA, 0xE1EA, 0xE1EA, 0xE1CA, 0xE1CA, 0xE1CA, 0xE1AA, 0xE1AA, 0xE1AA, 0xE1AA, 0xE189, 0xE189, 0xE189, 0xD989,
    0xD969, 0xD969, 0xD969, 0xD169, 0xD169, 0xD169, 0xD169, 0xD169, 0xC949, 0xC949, 0xC949, 0xC949, 0xC148, 0xC148, 0xC148, 0xC148,
    0xB928, 0xB928, 0xB928, 0xB928, 0xB928, 0xB128, 0xB108, 0xB108, 0xB108, 0xA907, 0xA907, 0xA907, 0xA907, 0xA107, 0xA0E7, 0xA0E7,
    0xA0E7, 0x98E7, 0x98E7, 0x98E7, 0x98E7, 0x90C6, 0x90C6, 0x90C6, 0x88C6, 0x88C6, 0x88C6, 0x88C6, 0x80A6, 0x80A6, 0x80A6, 0x80A6,
    0x78A5, 0x78A5, 0x78A5, 0x7885, 0x7085, 0x7085, 0x7085, 0x6885, 0x6885, 0x6885, 0x6885, 0x6885, 0x6885, 0x6085, 0x6084, 0x6064,
    0x6064, 0x6084, 0x6064, 0x6064, 0x8B2B, 0x6946, 0x5803, 0x68E6, 0xB511, 0xC5D3, 0x8B0B, 0x5003, 0x5884, 0x5044, 0x5084, 0x6228,
    0x5084, 0x5043, 0x5063, 0x4863, 0x4863, 0x4863, 0x4863, 0x4843, 0x4843, 0x4843, 0x4043, 0x4043, 0x4043, 0x4043, 0x4043, 0x4043,
    0x4043, 0x4043, 0x4043, 0x4043, 0x4043, 0x4043, 0x4043, 0x4043, 0x4043, 0x4043, 0x4043, 0x4043, 0x4043, 0x4043, 0x4043, 0x4043,
    0x70C5, 0x70C5, 0x70C5, 0x70C5, 0x78C5, 0x78C5, 0x78C5, 0x78C5, 0x78C5, 0x78E5, 0x78E5, 0x78E5, 0x78E5, 0x78E5, 0x7905, 0x7905,
    0x7905, 0x7905, 0x7905, 0x7905, 0x8125, 0x8126, 0x8126, 0x8946, 0x8946, 0x8946, 0x9166, 0x9167, 0x9167, 0x9987, 0xA167, 0x8269,
    0x9228, 0xA987, 0xA1E8, 0xA9A7, 0xAAAA, 0xBD52, 0xBDB3, 0xB34C, 0xB1C8, 0xBA29, 0xA3AD, 0xBA8A, 0xC229, 0xC269, 0xC269, 0xC269,
    0xC289, 0xCA8A, 0xCA8A, 0xCAAA, 0xCAAA, 0xD2CA, 0xD2CA, 0xD2CA, 0xDAEB, 0xDAEB, 0xDAEB, 0xDB0B, 0xDB0B, 0xE32B, 0xE32B, 0xE32B,
    0xE34B, 0xE34B, 0xE34B, 0xEB4C, 0xEB4C, 0xEB4C, 0xEB4C, 0xEB4C, 0xEB4C, 0xEB4C, 0xEB4C, 0xEB4C, 0xEB4C, 0xEB2C, 0xEB2C, 0xEB2C,
    0xEB2C, 0xF32C, 0xF30C, 0xF30C, 0xF30C, 0xF30C, 0xF2EB, 0xF2EB, 0xEAEB, 0xF2EB, 0xEAEB, 0xEACB, 0xEACB, 0xEACB, 0xEAAB, 0xEAAB,
    0xEAAB, 0xEAAB, 0xEA8B, 0xEA8B, 0xEA8B, 0xEA6B, 0xEA6B, 0xEA6B, 0xEA4B, 0xEA4B, 0xEA4B, 0xEA4A, 0xEA2A, 0xEA2A, 0xEA2A, 0xE20A,
    0xE20A, 0xE20A, 0xE1EA, 0xE1EA, 0xE1EA, 0xE1EA, 0xE1CA, 0xE1CA, 0xE1CA, 0xE1AA, 0xE1AA, 0xE1AA, 0xE189, 0xE189, 0xE189, 0xD989,
    0xD969, 0xD969, 0xD969, 0xD169, 0xD169, 0xD169, 0xD169, 0xD169, 0xC949, 0xC949, 0xC949, 0xC949, 0xC948, 0xC148, 0xC148, 0xC148,
    0xC128, 0xB928, 0xB928, 0xB928, 0xB928, 0xB128, 0xB128, 0xB108, 0xB108, 0xA907, 0xA907, 0xA907, 0xA907, 0xA107, 0xA0E7, 0xA0E7,
    0xA0E7, 0x98E7, 0x98E7, 0x98E7, 0x98E7, 0x90E6, 0x90C6, 0x90C6, 0x90C6, 0x88C6, 0x88C6, 0x88C6, 0x88A6, 0x80A6, 0x80A6, 0x80A6,
    0x78A5, 0x78A5, 0x78A5, 0x78A5, 0x7085, 0x7085, 0x7085, 0x7085, 0x6885, 0x6885, 0x6885, 0x6885, 0x6885, 0x6885, 0x6085, 0x6084,
    0x6064, 0x6064, 0x6084, 0x6044, 0x60A5, 0x8B2C, 0x60E5, 0x5003, 0x71A8, 0xBD72, 0xC5B3, 0x7A29, 0x5003, 0x5884, 0x5043, 0x58E5,
    0x6208, 0x5043, 0x5064, 0x5063, 0x5063, 0x4863, 0x4863, 0x4863, 0x4843, 0x4843, 0x4843, 0x4043, 0x4043, 0x4043, 0x4043, 0x4043,
    0x4043, 0x4043, 0x4043, 0x4043, 0x4043, 0x4043, 0x4043, 0x4043, 0x4043, 0x4043, 0x4043, 0x4043, 0x4043, 0x4043, 0x4043, 0x4043,
    0x70C5, 0x70C5, 0x70C5, 0x70C5, 0x78C5, 0x78C5, 0x78C5, 0x78C5, 0x78C5, 0x78E5, 0x78E5, 0x78E5, 0x78E5, 0x78E5, 0x7905, 0x7905,
    0x7905, 0x7905, 0x7905, 0x8105, 0x8126, 0x8126, 0x8926, 0x8946, 0x8946, 0x9166, 0x9166, 0x9167, 0x9187, 0xA167, 0x8A08, 0x8269,
    0xA987, 0xA1C8, 0xA9A7, 0xAA08, 0xBCF1, 0xBDD3, 0xBBEE, 0xB1C8, 0xBA08, 0xA38C, 0xB2CB, 0xC208, 0xC249, 0xC269, 0xC269, 0xC269,
    0xCA8A, 0xCA8A, 0xCAAA, 0xCAAA, 0xD2CA, 0xD2CA, 0xD2CA, 0xD2EB, 0xDAEB, 0xDAEB, 0xDB0B, 0xDB0B, 0xE32B, 0xE32B, 0xE32B, 0xE34B,
    0xE34B, 0xEB4C, 0xEB6C, 0xEB6C, 0xEB6C, 0xEB6C, 0xEB6C, 0xEB6C, 0xEB6C, 0xEB4C, 0xEB4C, 0xEB4C, 0xEB4C, 0xF34C, 0xF34C, 0xF32C,
    0xF32C, 0xF32C, 0xF32C, 0xF30C, 0xF30C, 0xF30C, 0xF30B, 0xF2EC, 0xF2EB, 0xF2EB, 0xF2EB, 0xF2CB, 0xF2CB, 0xF2CB, 0xEACB, 0xEAAB,
    0xEAAB, 0xEAAB, 0xEA8B, 0xEA8B, 0xEA8B, 0xEA6B, 0xEA6B, 0xEA6B, 0xEA6B, 0xEA4B, 0xEA4B, 0xEA4A, 0xEA2A, 0xEA2A, 0xEA2A, 0xE20A,
    0xE20A, 0xE20A, 0xE1EA, 0xE1EA, 0xE1EA, 0xE1EA, 0xE1CA, 0xE1CA, 0xE1CA, 0xE1AA, 0xE1AA, 0xE1AA, 0xE189, 0xE189, 0xE189, 0xD989,
    0xD969, 0xD969, 0xD969, 0xD169, 0xD169, 0xD169, 0xD169, 0xD169, 0xC949, 0xC949, 0xC949, 0xC949, 0xC948, 0xC148, 0xC148, 0xC148,
    0xC128, 0xB928, 0xB928, 0xB928, 0xB928, 0xB928, 0xB128, 0xB128, 0xB108, 0xB107, 0xA907, 0xA907, 0xA907, 0xA907, 0xA0E7, 0xA0E7,
    0xA0E7, 0xA0E7, 0x98E7, 0x98E7, 0x98E7, 0x90E6, 0x90C6, 0x90C6, 0x90C6, 0x88C6, 0x88C6, 0x88C6, 0x88A6, 0x80A6, 0x80A6, 0x80A6,
    0x80A6, 0x78A5, 0x78A5, 0x78A5, 0x7085, 0x7085, 0x7085, 0x7085, 0x6885, 0x6885, 0x6885, 0x6885, 0x6885, 0x6885, 0x6885, 0x6085,
    0x6064, 0x6064, 0x6064, 0x6084, 0x5844, 0x6906, 0x8B0B, 0x6084, 0x5003, 0x828A, 0xC5D3, 0xBD32, 0x6926, 0x5023, 0x5884, 0x5023,
    0x5987, 0x59A7, 0x5023, 0x5064, 0x5063, 0x4863, 0x4863, 0x4863, 0x4843, 0x4843, 0x4843, 0x4843, 0x4043, 0x4043, 0x4043, 0x4043,
    0x4043, 0x4043, 0x4043, 0x4043, 0x4043, 0x4043, 0x4043, 0x4043, 0x4043, 0x4043, 0x4043, 0x4043, 0x4043, 0x4043, 0x4043, 0x4043,
    0x70C5, 0x70C5, 0x70C5, 0x70C5, 0x78C5, 0x78C5, 0x78C5, 0x78C5, 0x78C5, 0x78E5, 0x78E5, 0x78E5, 0x78E5, 0x78E5, 0x7905, 0x7905,
    0x7905, 0x7905, 0x7905, 0x8125, 0x8126, 0x8926, 0x8926, 0x8946, 0x9146, 0x9166, 0x9167, 0x9967, 0x9967, 0x99A7, 0x7AA9, 0xA1A7,
    0xA1A7, 0xA1C8, 0xA9A7, 0xB42F, 0xBDD3, 0xBC90, 0xB1E8, 0xB9E8, 0xAB2C, 0xAB2B, 0xC208, 0xBA49, 0xC249, 0xC269, 0xC269, 0xCA8A,
    0xCA8A, 0xCA8A, 0xCAAA, 0xD2AA, 0xD2CA, 0xD2CA, 0xD2EA, 0xDAEB, 0xDAEB, 0xDB0B, 0xDB0B, 0xE32B, 0xE32B, 0xE32B, 0xE34B, 0xE34B,
    0xEB4C, 0xEB6C, 0xEB6C, 0xEB6C, 0xEB6C, 0xEB6C, 0xEB6C, 0xEB6C, 0xEB6C, 0xF36C, 0xF36C, 0xF34C, 0xF34C, 0xF34C, 0xF34C, 0xF34C,
    0xF32C, 0xF32C, 0xF32C, 0xF30C, 0xF30C, 0xF30C, 0xF30C, 0xF2EC, 0xF2EB, 0xF2EB, 0xF2EB, 0xF2CB, 0xF2CB, 0xF2CB, 0xF2CB, 0xF2AB,
    0xEAAB, 0xEAAB, 0xEA8B, 0xEA8B, 0xEA8B, 0xEA6B, 0xEA6B, 0xEA6B, 0xEA4B, 0xEA4B, 0xEA4B, 0xEA4A, 0xEA2A, 0xEA2A, 0xEA2A, 0xE20A,
    0xE20A, 0xE20A, 0xE1EA, 0xE1EA, 0xE1EA, 0xE1EA, 0xE1CA, 0xE1CA, 0xE1CA, 0xE1AA, 0xE1AA, 0xE1AA, 0xE189, 0xE189, 0xE189, 0xD989,
    0xD969, 0xD969, 0xD969, 0xD169, 0xD169, 0xD169, 0xD169, 0xD169, 0xC949, 0xC949, 0xC949, 0xC949, 0xC948, 0xC148, 0xC148, 0xC148,
    0xC128, 0xC128, 0xB928, 0xB928, 0xB928, 0xB928, 0xB128, 0xB128, 0xB108, 0xB107, 0xA907, 0xA907, 0xA907, 0xA907, 0xA0E7, 0xA0E7,
    0xA0E7, 0xA0E7, 0x98E7, 0x98E7, 0x98E7, 0x98E7, 0x90C6, 0x90C6, 0x90C6, 0x90C6, 0x88C6, 0x88C6, 0x88A6, 0x80A6, 0x80A6, 0x80A6,
    0x80A6, 0x78A6, 0x78A5, 0x78A5, 0x7885, 0x7085, 0x7085, 0x7085, 0x6885, 0x6885, 0x6885, 0x6885, 0x6885, 0x6885, 0x6885, 0x6885,
    0x6085, 0x6064, 0x6064, 0x6064, 0x6085, 0x5823, 0x71A8, 0x82AA, 0x5824, 0x5823, 0x9B6D, 0xC5F4, 0xAC6F, 0x5864, 0x5864, 0x5864,
    0x5023, 0x6208, 0x5905, 0x5043, 0x5064, 0x5063, 0x4863, 0x4863, 0x4863, 0x4843, 0x4843, 0x4843, 0x4043, 0x4043, 0x4043, 0x4043,
    0x4043, 0x4043, 0x4043, 0x4043, 0x4043, 0x4043, 0x4043, 0x4043, 0x4043, 0x4043, 0x4043, 0x4043, 0x4043, 0x4043, 0x4043, 0x4043,
    0x70C5, 0x70C5, 0x70C5, 0x70C5, 0x78C5, 0x78C5, 0x78C5, 0x78C5, 0x78C5, 0x78E5, 0x78E5, 0x78E5, 0x78E5, 0x78E5, 0x7905, 0x7905,
    0x7905, 0x7905, 0x8105, 0x8126, 0x8126, 0x8926, 0x8946, 0x8946, 0x9146, 0x9166, 0x9167, 0x9987, 0x9967, 0x8289, 0x91E8, 0xA187,
    0xA1C8, 0xA987, 0xB36C, 0xBDB3, 0xBD31, 0xB249, 0xB1C8, 0xB2CA, 0xAB8C, 0xBA08, 0xBA49, 0xC249, 0xC249, 0xC269, 0xCA6A, 0xCA8A,
    0xCA8A, 0xCA8A, 0xD2AA, 0xD2AA, 0xD2CA, 0xD2CA, 0xDAEA, 0xDAEB, 0xDB0B, 0xDB0B, 0xE30B, 0xE32B, 0xE32B, 0xE34B, 0xE34B, 0xEB4C,
    0xEB6C, 0xEB6C, 0xEB6C, 0xEB8C, 0xEB8C, 0xF38C, 0xF36C, 0xF36C, 0xF36C, 0xF36C, 0xF36C, 0xF36C, 0xF34C, 0xF34C, 0xF34C, 0xF34C,
    0xF32C, 0xF32C, 0xF32C, 0xF32C, 0xF30C, 0xF30C, 0xF30C, 0xF30C, 0xF2EC, 0xF2EC, 0xF2EB, 0xF2CB, 0xF2CB, 0xF2CB, 0xF2CB, 0xF2AB,
    0xEAAB, 0xEAAB, 0xEA8B, 0xEA8B, 0xEA8B, 0xEA6B, 0xEA6B, 0xEA6B, 0xEA4B, 0xEA4B, 0xEA4B, 0xEA4A, 0xEA2A, 0xEA2A, 0xEA2A, 0xE20A,
    0xE20A, 0xE20A, 0xE1EA, 0xE1EA, 0xE1EA, 0xE1EA, 0xE1CA, 0xE1CA, 0xE1CA, 0xE1AA, 0xE1AA, 0xE1AA, 0xE18A, 0xE189, 0xE189, 0xD989,
    0xD969, 0xD969, 0xD969, 0xD169, 0xD169, 0xD169, 0xD169, 0xD169, 0xC949, 0xC949, 0xC949, 0xC949, 0xC948, 0xC148, 0xC148, 0xC148,
    0xC128, 0xC128, 0xB928, 0xB928, 0xB928, 0xB928, 0xB128, 0xB128, 0xB108, 0xB107, 0xB107, 0xA907, 0xA907, 0xA907, 0xA0E7, 0xA0E7,
    0xA0E7, 0xA0E7, 0x98E7, 0x98E7, 0x98E7, 0x98E7, 0x90C7, 0x90C6, 0x90C6, 0x90C6, 0x88C6, 0x88C6, 0x88A6, 0x88A6, 0x80A6, 0x80A6,
    0x80A6, 0x80A6, 0x78A5, 0x78A5, 0x7885, 0x7085, 0x7085, 0x7085, 0x7085, 0x6885, 0x6885, 0x6885, 0x6885, 0x6885, 0x6885, 0x6885,
    0x6085, 0x6085, 0x6064, 0x6064, 0x6064, 0x6085, 0x5823, 0x7A69, 0x7A29, 0x5803, 0x6084, 0xAC90, 0xC5F4, 0x936C, 0x5023, 0x5884,
    0x5044, 0x58A4, 0x6228, 0x5064, 0x5063, 0x5063, 0x5063, 0x4863, 0x4863, 0x4863, 0x4843, 0x4843, 0x4843, 0x4043, 0x4043, 0x4043,
    0x4043, 0x4043, 0x4043, 0x4043, 0x4043, 0x4043, 0x4043, 0x4043, 0x4043, 0x4043, 0x4043, 0x4043, 0x4043, 0x4043, 0x4043, 0x4043,
    0x70C5, 0x70C5, 0x70C5, 0x70C5, 0x78C5, 0x78C5, 0x78C5, 0x78C5, 0x78C5, 0x78E5, 0x78E5, 0x78E5, 0x78E5, 0x78E5, 0x7905, 0x7905,
    0x7905, 0x7905, 0x8106, 0x8126, 0x8126, 0x8926, 0x8946, 0x9146, 0x9166, 0x9167, 0x9967, 0xA167, 0x8A28, 0x8A49, 0xA187, 0xA1C8,
    0xA987, 0xAA8A, 0xBD72, 0xBD93, 0xB30B, 0xB1A7, 0xB249, 0xA3AD, 0xBA29, 0xBA29, 0xC249, 0xC249, 0xC269, 0xC269, 0xCA6A, 0xCA8A,
    0xCA8A, 0xD2AA, 0xD2AA, 0xD2CA, 0xD2CA, 0xDAEA, 0xDAEB, 0xDAEB, 0xDB0B, 0xE30B, 0xE30B, 0xE32B, 0xE32B, 0xE34B, 0xEB4C, 0xEB6C,
    0xEB6C, 0xEB6C, 0xEB8C, 0xF38C, 0xF38C, 0xF38C, 0xF38C, 0xF36C, 0xF36C, 0xF36C, 0xF36C, 0xF36C, 0xF34C, 0xF34C, 0xF34C, 0xF34C,
    0xF32C, 0xF32C, 0xF32C, 0xF32C, 0xF30C, 0xF30C, 0xF30C, 0xF30C, 0xF30C, 0xF2EC, 0xF2EB, 0xF2EB, 0xF2CB, 0xF2CB, 0xF2CB, 0xF2AB,
    0xEAAB, 0xEAAB, 0xEA8B, 0xEA8B, 0xEA8B, 0xEA6B, 0xEA6B, 0xEA6B, 0xEA6B, 0xEA4B, 0xEA4B, 0xEA4A, 0xEA2A, 0xEA2A, 0xEA2A, 0xE20A,
    0xE20A, 0xE20A, 0xE1EA, 0xE1EA, 0xE1EA, 0xE1EA, 0xE1CA, 0xE1CA, 0xE1CA, 0xE1AA, 0xE1AA, 0xE1AA, 0xE18A, 0xE189, 0xE189, 0xD989,
    0xD969, 0xD969, 0xD969, 0xD169, 0xD169, 0xD169, 0xD169, 0xD169, 0xC949, 0xC949, 0xC949, 0xC949, 0xC948, 0xC148, 0xC148, 0xC148,
    0xC128, 0xC128, 0xB928, 0xB928, 0xB928, 0xB928, 0xB128, 0xB128, 0xB108, 0xB108, 0xB107, 0xA907, 0xA907, 0xA907, 0xA907, 0xA0E7,
    0xA0E7, 0xA0E7, 0xA0E7, 0x98E7, 0x98E7, 0x98E7, 0x90C7, 0x90C6, 0x90C6, 0x90C6, 0x88C6, 0x88C6, 0x88C6, 0x88C6, 0x80A6, 0x80A6,
    0x80A6, 0x80A6, 0x78A5, 0x78A5, 0x7885, 0x7085, 0x7085, 0x7085, 0x7085, 0x6885, 0x6885, 0x6885, 0x6885, 0x6885, 0x6885, 0x6885,
    0x6885, 0x6085, 0x6084, 0x6064, 0x6064, 0x6064, 0x6084, 0x5844, 0x82EB, 0x6967, 0x5003, 0x6947, 0xBD52, 0xC5B3, 0x7A29, 0x5003,
    0x5884, 0x5023, 0x5946, 0x61C7, 0x5023, 0x5064, 0x5063, 0x4863, 0x4863, 0x4863, 0x4843, 0x4843, 0x4843, 0x4043, 0x4043, 0x4043,
    0x4043, 0x4043, 0x4043, 0x4043, 0x4043, 0x4043, 0x4043, 0x4043, 0x4043, 0x4043, 0x4043, 0x4043, 0x4043, 0x4043, 0x4043, 0x4043,
    0x70C5, 0x70C5, 0x70C5, 0x70C5, 0x78C5, 0x78C5, 0x78C5, 0x78C5, 0x78C5, 0x78E5, 0x78E5, 0x78E5, 0x78E5, 0x78E5, 0x7905, 0x7905,
    0x7905, 0x8105, 0x8106, 0x8126, 0x8926, 0x8926, 0x8946, 0x9146, 0x9166, 0x9967, 0x9967, 0x91A7, 0x7A89, 0xA187, 0xA1A7, 0xA1A7,
    0xA9C8, 0xB4D0, 0xBDD3, 0xBBCE, 0xB1A7, 0xBA08, 0xA3AD, 0xB28A, 0xBA08, 0xBA49, 0xC249, 0xC249, 0xC269, 0xCA69, 0xCA8A, 0xCA8A,
    0xD28A, 0xD2AA, 0xD2AA, 0xD2CA, 0xD2CA, 0xDAEB, 0xDAEB, 0xDB0B, 0xE30B, 0xE30B, 0xE32B, 0xE32B, 0xE34B, 0xEB4C, 0xEB4C, 0xEB6C,
    0xEB6C, 0xEB8C, 0xF38C, 0xF38C, 0xF38C, 0xF38C, 0xF38C, 0xF38C, 0xF36C, 0xF36C, 0xF36C, 0xF36C, 0xF34C, 0xF34C, 0xF34C, 0xF34C,
    0xF34C, 0xF32C, 0xF32C, 0xF32C, 0xF32C, 0xF30C, 0xF30C, 0xF30C, 0xF30C, 0xF2EC, 0xF2EB, 0xF2EB, 0xF2CB, 0xF2CB, 0xF2CB, 0xF2AB,
    0xEAAB, 0xEAAB, 0xEA8B, 0xEA8B, 0xEA8B, 0xEA6B, 0xEA6B, 0xEA6B, 0xEA6B, 0xEA4B, 0xEA4B, 0xEA4A, 0xEA2A, 0xEA2A, 0xEA2A, 0xE20A,
    0xE20A, 0xE20A, 0xE1EA, 0xE1EA, 0xE1EA, 0xE1EA, 0xE1CA, 0xE1CA, 0xE1CA, 0xE1AA, 0xE1AA, 0xE1AA, 0xE18A, 0xE189, 0xE189, 0xD989,
    0xD969, 0xD969, 0xD969, 0xD169, 0xD169, 0xD169, 0xD169, 0xD169, 0xC949, 0xC949, 0xC949, 0xC949, 0xC948, 0xC148, 0xC148, 0xC148,
    0xC128, 0xC128, 0xB928, 0xB928, 0xB928, 0xB928, 0xB928, 0xB128, 0xB108, 0xB108, 0xB108, 0xA907, 0xA907, 0xA907, 0xA907, 0xA107,
    0xA0E7, 0xA0E7, 0xA0E7, 0x98E7, 0x98E7, 0x98E7, 0x98C7, 0x90C6, 0x90C6, 0x90C6, 0x90C6, 0x88C6, 0x88C6, 0x88C6, 0x88A6, 0x80A6,
    0x80A6, 0x80A6, 0x78A5, 0x78A5, 0x7885, 0x7885, 0x7085, 0x7085, 0x7085, 0x6885, 0x6885, 0x6885, 0x6885, 0x6885, 0x6885, 0x6885,
    0x6885, 0x6885, 0x6085, 0x6064, 0x6064, 0x6064, 0x6084, 0x6064, 0x60A5, 0x8B2B, 0x60A5, 0x5003, 0x826A, 0xC5D3, 0xB511, 0x60E5,
    0x5043, 0x5884, 0x5023, 0x61E8, 0x5925, 0x5023, 0x5064, 0x5063, 0x4863, 0x4863, 0x4863, 0x4843, 0x4843, 0x4843, 0x4043, 0x4043,
    0x4043, 0x4043, 0x4043, 0x4043, 0x4043, 0x4043, 0x4043, 0x4043, 0x4043, 0x4043, 0x4043, 0x4043, 0x4043, 0x4043, 0x4043, 0x4043,
    0x70C5, 0x70C5, 0x70C5, 0x70C5, 0x78C5, 0x78C5, 0x78C5, 0x78C5, 0x78C5, 0x78E5, 0x78E5, 0x78E5, 0x78E5, 0x78E5, 0x7905, 0x7905,
    0x8105, 0x8106, 0x8126, 0x8926, 0x8926, 0x8946, 0x9146, 0x9146, 0x9167, 0x9967, 0x9967, 0x8289, 0x99C8, 0xA187, 0xA1C8, 0xA187,
    0xB3CE, 0xBDD3, 0xBCB0, 0xB1E8, 0xB9C8, 0xAB4C, 0xAB0B, 0xB9E8, 0xBA49, 0xC249, 0xC249, 0xC249, 0xCA69, 0xCA6A, 0xCA8A, 0xCA8A,
    0xD28A, 0xD2AA, 0xD2CA, 0xD2CA, 0xDACB, 0xDAEB, 0xDAEB, 0xDB0B, 0xE30B, 0xE30B, 0xE32B, 0xE32B, 0xE34B, 0xEB4C, 0xEB6C, 0xEB6C,
    0xEB6C, 0xEB8C, 0xF38C, 0xF38C, 0xF38C, 0xF38C, 0xF38C, 0xF38C, 0xF38C, 0xF36C, 0xF36C, 0xF36C, 0xF36C, 0xF34C, 0xF34C, 0xF34C,
    0xF34C, 0xF32C, 0xF32C, 0xF32C, 0xF32C, 0xF30C, 0xF30C, 0xF30C, 0xF30C, 0xF2EC, 0xF2EB, 0xF2CB, 0xF2CB, 0xF2CB, 0xF2CB, 0xF2AB,
    0xEAAB, 0xEAAB, 0xEA8B, 0xEA8B, 0xEA8B, 0xEA6B, 0xEA6B, 0xEA6B, 0xEA6B, 0xEA4B, 0xEA4B, 0xEA4A, 0xEA2A, 0xEA2A, 0xEA2A, 0xE20A,
    0xE20A, 0xE20A, 0xE1EA, 0xE1EA, 0xE1EA, 0xE1EA, 0xE1CA, 0xE1CA, 0xE1CA, 0xE1AA, 0xE1AA, 0xE1AA, 0xE18A, 0xE189, 0xE189, 0xD989,
    0xD969, 0xD969, 0xD969, 0xD169, 0xD169, 0xD169, 0xD169, 0xD169, 0xC949, 0xC949, 0xC949, 0xC949, 0xC948, 0xC148, 0xC148, 0xC148,
    0xC128, 0xC128, 0xB928, 0xB928, 0xB928, 0xB928, 0xB928, 0xB128, 0xB108, 0xB108, 0xB108, 0xA907, 0xA907, 0xA907, 0xA907, 0xA907,
    0xA0E7, 0xA0E7, 0xA0E7, 0x98E7, 0x98E7, 0x98E7, 0x98C7, 0x90C6, 0x90C6, 0x90C6, 0x90C6, 0x88C6, 0x88C6, 0x88C6, 0x88A6, 0x80A6,
    0x80A6, 0x80A6, 0x78A5, 0x78A5, 0x7885, 0x7885, 0x7085, 0x7085, 0x7085, 0x7085, 0x6885, 0x6885, 0x6885, 0x6885, 0x6885, 0x6885,
    0x6885, 0x6885, 0x6885, 0x6085, 0x6084, 0x6064, 0x6064, 0x6084, 0x5824, 0x7167, 0x82CB, 0x5844, 0x5823, 0x9BAD, 0xCDF4, 0x9BEE,
    0x5043, 0x5864, 0x5064, 0x5884, 0x6228, 0x5064, 0x5063, 0x5063, 0x5063, 0x4863, 0x4863, 0x4843, 0x4843, 0x4843, 0x4843, 0x4043,
    0x4043, 0x4043, 0x4043, 0x4043, 0x4043, 0x4043, 0x4043, 0x4043, 0x4043, 0x4043, 0x4043, 0x4043, 0x4043, 0x4043, 0x4043, 0x4043,
    0x70C5, 0x70C5, 0x70C5, 0x70C5, 0x78C5, 0x78C5, 0x78C5, 0x78C5, 0x78C5, 0x78E5, 0x78E5, 0x78E5, 0x78E5, 0x78E5, 0x7905, 0x7905,
    0x8105, 0x8106, 0x8126, 0x8926, 0x8926, 0x8946, 0x9146, 0x9166, 0x9167, 0x9946, 0x8A08, 0x8A49, 0xA167, 0xA1C8, 0xA167, 0xAACB,
    0xBD92, 0xBD72, 0xB28A, 0xB1A7, 0xB2AA, 0xAB6C, 0xB9E8, 0xBA29, 0xC229, 0xC249, 0xC249, 0xC269, 0xCA69, 0xCA6A, 0xCA8A, 0xD28A,
    0xD2AA, 0xD2AA, 0xD2CA, 0xDACA, 0xDACB, 0xDAEB, 0xDAEB, 0xE30B, 0xE30B, 0xE32B, 0xE32B, 0xE32B, 0xEB4B, 0xEB4C, 0xEB6C, 0xEB6C,
    0xEB6C, 0xF38C, 0xF38C, 0xF38C, 0xF38C, 0xF38C, 0xF38C, 0xF38C, 0xF38C, 0xF36C, 0xF36C, 0xF36C, 0xF36C, 0xF34C, 0xF34C, 0xF34C,
    0xF34C, 0xF34C, 0xF32C, 0xF32C, 0xF32C, 0xF30C, 0xF30C, 0xF30C, 0xF2EC, 0xF2EC, 0xF2EB, 0xF2CB, 0xF2CB, 0xF2CB, 0xF2CB, 0xF2AB,
    0xEAAB, 0xEAAB, 0xEA8B, 0xEA8B, 0xEA8B, 0xEA6B, 0xEA6B, 0xEA6B, 0xEA4B, 0xEA4B, 0xEA4B, 0xEA4A, 0xEA2A, 0xEA2A, 0xEA2A, 0xE20A,
    0xE20A, 0xE20A, 0xE1EA, 0xE1EA, 0xE1EA, 0xE1EA, 0xE1CA, 0xE1CA, 0xE1CA, 0xE1AA, 0xE1AA, 0xE1AA, 0xE18A, 0xE189, 0xE189, 0xD989,
    0xD969, 0xD969, 0xD969, 0xD169, 0xD169, 0xD169, 0xD169, 0xD169, 0xC949, 0xC949, 0xC949, 0xC949, 0xC948, 0xC148, 0xC148, 0xC148,
    0xC128, 0xC128, 0xB928, 0xB928, 0xB928, 0xB928, 0xB928, 0xB128, 0xB108, 0xB108, 0xB108, 0xA907, 0xA907, 0xA907, 0xA907, 0xA107,
    0xA0E7, 0xA0E7, 0xA0E7, 0x98E7, 0x98E7, 0x98E7, 0x98C7, 0x90C7, 0x90C6, 0x90C6, 0x90C6, 0x88C6, 0x88C6, 0x88C6, 0x88A6, 0x80A6,
    0x80A6, 0x80A6, 0x80A6, 0x78A5, 0x7885, 0x7885, 0x7085, 0x7085, 0x7085, 0x7085, 0x6885, 0x6885, 0x6885, 0x6885, 0x6885, 0x6885,
    0x6885, 0x6885, 0x6885, 0x6885, 0x6085, 0x6064, 0x6064, 0x6064, 0x6085, 0x5823, 0x7A69, 0x7A09, 0x5803, 0x60C5, 0xB4F1, 0xC5D3,
    0x828A, 0x5003, 0x5884, 0x5023, 0x5946, 0x61A7, 0x5023, 0x5064, 0x5063, 0x4863, 0x4863, 0x4863, 0x4843, 0x4843, 0x4843, 0x4043,
    0x4043, 0x4043, 0x4043, 0x4043, 0x4043, 0x4043, 0x4043, 0x4043, 0x4043, 0x4043, 0x4043, 0x4043, 0x4043, 0x4043, 0x4043, 0x4043,
    0x70C5, 0x70C5, 0x70C5, 0x70C5, 0x78C5, 0x78C5, 0x78C5, 0x78C5, 0x78C5, 0x78E5, 0x78E5, 0x78E5, 0x78E5, 0x78E5, 0x78E5, 0x7905,
    0x8106, 0x8106, 0x8926, 0x8926, 0x8926, 0x9146, 0x9146, 0x9167, 0x9967, 0x9987, 0x7A89, 0xA187, 0xA1A7, 0xA1A7, 0xA9C8, 0xB4D0,
    0xBDD3, 0xB38D, 0xB187, 0xB209, 0xA3AD, 0xBA29, 0xBA09, 0xBA29, 0xC229, 0xC249, 0xC249, 0xCA69, 0xCA6A, 0xCA8A, 0xCA8A, 0xD28A,
    0xD2AA, 0xD2AA, 0xD2CA, 0xDACA, 0xDAEB, 0xDAEB, 0xDAEB, 0xE30B, 0xE30B, 0xE32B, 0xE32B, 0xEB2B, 0xEB4C, 0xEB4C, 0xEB6C, 0xEB6C,
    0xEB6C, 0xF38C, 0xF38C, 0xF38C, 0xF38C, 0xF38C, 0xF38C, 0xF38C, 0xF36C, 0xF36C, 0xF36C, 0xF36C, 0xF36C, 0xF34C, 0xF34C, 0xF34C,
    0xF34C, 0xF34C, 0xF32C, 0xF32C, 0xF32C, 0xF30C, 0xF30C, 0xF30C, 0xF2EC, 0xF2EC, 0xF2EB, 0xF2CB, 0xF2CB, 0xF2CB, 0xF2CB, 0xF2AB,
    0xEAAB, 0xEAAB, 0xEA8B, 0xEA8B, 0xEA8B, 0xEA6B, 0xEA6B, 0xEA6B, 0xEA4B, 0xEA4B, 0xEA4B, 0xEA4A, 0xEA2A, 0xEA2A, 0xEA2A, 0xE20A,
    0xE20A, 0xE20A, 0xE1EA, 0xE1EA, 0xE1EA, 0xE1EA, 0xE1CA, 0xE1CA, 0xE1CA, 0xE1AA, 0xE1AA, 0xE1AA, 0xE189, 0xE189, 0xE189, 0xD989,
    0xD969, 0xD969, 0xD969, 0xD169, 0xD169, 0xD169, 0xD169, 0xD169, 0xC949, 0xC949, 0xC949, 0xC949, 0xC948, 0xC148, 0xC148, 0xC148,
    0xC128, 0xC128, 0xB928, 0xB928, 0xB928, 0xB928, 0xB928, 0xB128, 0xB108, 0xB108, 0xB108, 0xA907, 0xA907, 0xA907, 0xA907, 0xA107,
    0xA0E7, 0xA0E7, 0xA0E7, 0xA0E7, 0x98E7, 0x98E7, 0x98C7, 0x90C7, 0x90C6, 0x90C6, 0x90C6, 0x90C6, 0x88C6, 0x88C6, 0x88A6, 0x80A6,
    0x80A6, 0x80A6, 0x80A6, 0x78A6, 0x78A5, 0x7885, 0x7885, 0x7085, 0x7085, 0x7085, 0x7085, 0x6885, 0x6885, 0x6885, 0x6885, 0x6885,
    0x6885, 0x6885, 0x6885, 0x6885, 0x6085, 0x6084, 0x6064, 0x6064, 0x6064, 0x6064, 0x6044, 0x8B0B, 0x6906, 0x5003, 0x7A29, 0xC5D3,
    0xB511, 0x60E5, 0x5043, 0x5884, 0x5043, 0x6208, 0x58E5, 0x5043, 0x5064, 0x5063, 0x4863, 0x4863, 0x4863, 0x4843, 0x4843, 0x4843,
    0x4043, 0x4043, 0x4043, 0x4043, 0x4043, 0x4043, 0x4043, 0x4043, 0x4043, 0x4043, 0x4043, 0x4043, 0x4043, 0x4043, 0x4043, 0x4043,
    0x70C5, 0x70C5, 0x70C5, 0x70C5, 0x78C5, 0x78C5, 0x78C5, 0x78C5, 0x78C5, 0x78E5, 0x78E5, 0x78E5, 0x78E5, 0x78E5, 0x78E5, 0x8105,
    0x8106, 0x8126, 0x8926, 0x8926, 0x8946, 0x9146, 0x9146, 0x9167, 0x9946, 0x8269, 0x91E8, 0xA167, 0xA1A7, 0xA167, 0xB3AD, 0xBDD3,
    0xBCB0, 0xB1C8, 0xB1A8, 0xAB4C, 0xB2CA, 0xB9E8, 0xBA29, 0xC229, 0xC229, 0xC249, 0xC249, 0xCA69, 0xCA6A, 0xCA8A, 0xD28A, 0xD28A,
    0xD2AA, 0xD2AA, 0xDACA, 0xDACB, 0xDAEB, 0xDAEB, 0xE2EB, 0xE30B, 0xE30B, 0xE32B, 0xE32B, 0xEB2B, 0xEB4C, 0xEB4C, 0xEB6C, 0xEB6C,
    0xF36C, 0xF36C, 0xF38C, 0xF38C, 0xF38C, 0xF38C, 0xF38C, 0xF38C, 0xF36C, 0xF36C, 0xF36C, 0xF36C, 0xF36C, 0xF34C, 0xF34C, 0xF34C,
    0xF34C, 0xF32C, 0xF32C, 0xF32C, 0xF32C, 0xF30C, 0xF30C, 0xF30C, 0xF2EC, 0xF2EC, 0xF2EB, 0xF2CB, 0xF2CB, 0xF2CB, 0xF2CB, 0xF2AB,
    0xEAAB, 0xEAAB, 0xEA8B, 0xEA8B, 0xEA8B, 0xEA6B, 0xEA6B, 0xEA6B, 0xEA6B, 0xEA4B, 0xEA4B, 0xEA4A, 0xEA2A, 0xEA2A, 0xEA2A, 0xE20A,
    0xE20A, 0xE20A, 0xE1EA, 0xE1EA, 0xE1EA, 0xE1EA, 0xE1CA, 0xE1CA, 0xE1CA, 0xE1AA, 0xE1AA, 0xE1AA, 0xE189, 0xE189, 0xE189, 0xD989,
    0xD969, 0xD969, 0xD969, 0xD169, 0xD169, 0xD169, 0xD169, 0xD169, 0xC949, 0xC949, 0xC949, 0xC949, 0xC948, 0xC148, 0xC148, 0xC148,
    0xC128, 0xC128, 0xB928, 0xB928, 0xB928, 0xB928, 0xB128, 0xB128, 0xB108, 0xB108, 0xB108, 0xA907, 0xA907, 0xA907, 0xA907, 0xA907,
    0xA0E7, 0xA0E7, 0xA0E7, 0xA0E7, 0x98E7, 0x98E7, 0x98E7, 0x98C7, 0x90C7, 0x90C6, 0x90C6, 0x90C6, 0x88C6, 0x88C6, 0x88A6, 0x80A6,
    0x80A6, 0x80A6, 0x80A6, 0x78A6, 0x78A5, 0x7885, 0x7885, 0x7085, 0x7085, 0x7085, 0x7085, 0x7085, 0x6885, 0x6885, 0x6885, 0x6885,
    0x6885, 0x6885, 0x6885, 0x6885, 0x6885, 0x6085, 0x6084, 0x6064, 0x6064, 0x6084, 0x6044, 0x6926, 0x830B, 0x5844, 0x5823, 0x9BAD,
    0xCDF4, 0x9BCE, 0x5023, 0x5884, 0x5043, 0x58C5, 0x6228, 0x5043, 0x5064, 0x5063, 0x4863, 0x4863, 0x4863, 0x4843, 0x4843, 0x4843,
    0x4043, 0x4043, 0x4043, 0x4043, 0x4043, 0x4043, 0x4043, 0x4043, 0x4043, 0x4043, 0x4043, 0x4043, 0x4043, 0x4043, 0x4043, 0x4043,
    0x70C5, 0x70C5, 0x70C5, 0x70C5, 0x78C5, 0x78C5, 0x78C5, 0x78C5, 0x78C5, 0x78E5, 0x78E5, 0x78E5, 0x78E5, 0x78E5, 0x78E5, 0x8105,
    0x8106, 0x8926, 0x8926, 0x8926, 0x9146, 0x9146, 0x9146, 0x9946, 0x91C8, 0x8269, 0xA167, 0xA1A7, 0xA167, 0xAA6A, 0xBD72, 0xBD72,
    0xB28A, 0xB187, 0xAAAA, 0xAB6C, 0xB9C8, 0xBA29, 0xBA29, 0xC229, 0xC249, 0xC249, 0xCA49, 0xCA6A, 0xCA6A, 0xD28A, 0xD28A, 0xD2AA,
    0xD2AA, 0xD2AA, 0xDACA, 0xDACB, 0xDAEB, 0xE2EB, 0xE30B, 0xE30B, 0xE30B, 0xE32B, 0xE32B, 0xEB2C, 0xEB4C, 0xEB4C, 0xEB4C, 0xEB6C,
    0xF36C, 0xF36C, 0xF36C, 0xF36C, 0xF38C, 0xF38C, 0xF38C, 0xF36C, 0xF36C, 0xF36C, 0xF36C, 0xF36C, 0xF36C, 0xF34C, 0xF34C, 0xF34C,
    0xF34C, 0xF32C, 0xF32C, 0xF32C, 0xF30C, 0xF30C, 0xF30C, 0xF30C, 0xF2EC, 0xF2EC, 0xF2EB, 0xF2CB, 0xF2CB, 0xF2CB, 0xF2CB, 0xF2AB,
    0xEAAB, 0xEAAB, 0xEA8B, 0xEA8B, 0xEA8B, 0xEA6B, 0xEA6B, 0xEA6B, 0xEA4B, 0xEA4B, 0xEA4B, 0xEA4A, 0xEA2A, 0xEA2A, 0xEA2A, 0xE20A,
    0xE20A, 0xE20A, 0xE1EA, 0xE1EA, 0xE1EA, 0xE1EA, 0xE1CA, 0xE1CA, 0xE1CA, 0xE1AA, 0xE1AA, 0xE1AA, 0xE189, 0xE189, 0xE189, 0xD989,
    0xD969, 0xD969, 0xD969, 0xD169, 0xD169, 0xD169, 0xD169, 0xD169, 0xC949, 0xC949, 0xC949, 0xC949, 0xC948, 0xC148, 0xC148, 0xC148,
    0xC128, 0xC128, 0xB928, 0xB928, 0xB928, 0xB928, 0xB128, 0xB128, 0xB108, 0xB108, 0xB108, 0xA907, 0xA907, 0xA907, 0xA907, 0xA907,
    0xA0E7, 0xA0E7, 0xA0E7, 0xA0E7, 0x98E7, 0x98E7, 0x98E7, 0x98E7, 0x90C7, 0x90C6, 0x90C6, 0x90C6, 0x88C6, 0x88C6, 0x88A6, 0x88A6,
    0x80A6, 0x80A6, 0x80A6, 0x80A6, 0x78A5, 0x78A5, 0x7885, 0x7085, 0x7085, 0x7085, 0x7085, 0x7085, 0x7085, 0x6885, 0x6885, 0x6885,
    0x6885, 0x6885, 0x6885, 0x6885, 0x6885, 0x6885, 0x6085, 0x6064, 0x6064, 0x6064, 0x6085, 0x5823, 0x7A49, 0x7A29, 0x5803, 0x60E5,
    0xB511, 0xC5B3, 0x7A09, 0x5003, 0x5884, 0x5023, 0x61A7, 0x5946, 0x5023, 0x5064, 0x5063, 0x4863, 0x4863, 0x4863, 0x4843, 0x4843,
    0x4843, 0x4043, 0x4043, 0x4043, 0x4043, 0x4043, 0x4043, 0x4043, 0x4043, 0x4043, 0x4043, 0x4043, 0x4043, 0x4043, 0x4043, 0x4043,
    0x70C5, 0x70C5, 0x70C5, 0x70C5, 0x78C5, 0x78C5, 0x78C5, 0x78C5, 0x78C5, 0x78E5, 0x78E5, 0x78E5, 0x78E5, 0x78E5, 0x8105, 0x8106,
    0x8106, 0x8926, 0x8926, 0x8926, 0x9146, 0x9146, 0x9147, 0x9947, 0x7A69, 0x99A7, 0xA187, 0xA1A7, 0xA187, 0xB46F, 0xBDD3, 0xB3CE,
    0xB187, 0xB208, 0xA3AD, 0xBA09, 0xBA09, 0xBA09, 0xC229, 0xC229, 0xC249, 0xC249, 0xCA49, 0xCA6A, 0xCA6A, 0xD28A, 0xD28A, 0xD2AA,
    0xD2AA, 0xDAAA, 0xDACA, 0xDACB, 0xDAEB, 0xE2EB, 0xE2EB, 0xE30B, 0xE30B, 0xE32B, 0xEB2B, 0xEB2C, 0xEB4C, 0xEB4C, 0xEB4C, 0xF36C,
    0xF36C, 0xF36C, 0xF36C, 0xF36C, 0xF36C, 0xF36C, 0xF36C, 0xF36C, 0xF36C, 0xF36C, 0xFB6C, 0xF36C, 0xFB6C, 0xF34C, 0xFB4C, 0xF34C,
    0xF34C, 0xF32C, 0xF32C, 0xF32C, 0xF30C, 0xF30C, 0xF30C, 0xF30C, 0xF2EC, 0xF2EC, 0xF2EB, 0xF2CB, 0xF2CB, 0xF2CB, 0xF2AB, 0xEAAB,
    0xEAAB, 0xEAAB, 0xEA8B, 0xEA8B, 0xEA8B, 0xEA6B, 0xEA6B, 0xEA6B, 0xEA4B, 0xEA4B, 0xEA4B, 0xEA2A, 0xEA2A, 0xEA2A, 0xEA2A, 0xE20A,
    0xE20A, 0xE20A, 0xE1EA, 0xE1EA, 0xE1EA, 0xE1CA, 0xE1CA, 0xE1CA, 0xE1CA, 0xE1AA, 0xE1AA, 0xE1AA, 0xE189, 0xE189, 0xE189, 0xD989,
    0xD969, 0xD969, 0xD969, 0xD169, 0xD169, 0xD169, 0xD169, 0xD169, 0xC949, 0xC949, 0xC949, 0xC949, 0xC948, 0xC148, 0xC148, 0xC148,
    0xC128, 0xC128, 0xB928, 0xB928, 0xB928, 0xB928, 0xB128, 0xB128, 0xB108, 0xB108, 0xB108, 0xA907, 0xA907, 0xA907, 0xA907, 0xA907,
    0xA0E7, 0xA0E7, 0xA0E7, 0xA0E7, 0x98E7, 0x98E7, 0x98E7, 0x98E7, 0x90C7, 0x90C6, 0x90C6, 0x90C6, 0x88C6, 0x88C6, 0x88A6, 0x88A6,
    0x80A6, 0x80A6, 0x80A6, 0x80A6, 0x78A5, 0x78A5, 0x7885, 0x7085, 0x7085, 0x7085, 0x7085, 0x7085, 0x7085, 0x6885, 0x6885, 0x6885,
    0x6885, 0x6885, 0x6885, 0x6885, 0x6885, 0x6885, 0x6885, 0x6085, 0x6064, 0x6064, 0x6064, 0x6084, 0x6044, 0x830B, 0x6906, 0x5003,
    0x826A, 0xC5D3, 0xACB0, 0x5884, 0x5064, 0x5864, 0x5064, 0x6228, 0x5084, 0x5043, 0x5063, 0x4863, 0x4863, 0x4863, 0x4843, 0x4843,
    0x4843, 0x4043, 0x4043, 0x4043, 0x4043, 0x4043, 0x4043, 0x4043, 0x4043, 0x4043, 0x4043, 0x4043, 0x4043, 0x4043, 0x4043, 0x4043,
    0x70C5, 0x70C5, 0x70C5, 0x70C5, 0x78C5, 0x78C5, 0x78C5, 0x78C5, 0x78C5, 0x78E5, 0x78E5, 0x78E5, 0x78E5, 0x78E5, 0x8105, 0x8106,
    0x8906, 0x8926, 0x8926, 0x9126, 0x9146, 0x9147, 0x9946, 0x89E8, 0x8249, 0xA167, 0xA1A7, 0xA147, 0xAB0B, 0xBDB3, 0xBD11, 0xB208,
    0xB187, 0xAB2C, 0xB2CB, 0xB9C8, 0xBA09, 0xBA09, 0xC229, 0xC229, 0xC249, 0xCA49, 0xCA69, 0xCA6A, 0xCA6A, 0xD28A, 0xD28A, 0xD2AA,
    0xD2AA, 0xDAAA, 0xDACB, 0xDACB, 0xE2EB, 0xE2EB, 0xE2EB, 0xE30B, 0xE30B, 0xE32B, 0xEB2B, 0xEB2C, 0xEB4C, 0xEB4C, 0xEB4C, 0xF36C,
    0xF36C, 0xF36C, 0xF36C, 0xF36C, 0xF36C, 0xF36C, 0xF36C, 0xF36C, 0xFB6C, 0xFB6C, 0xFB6C, 0xFB6C, 0xFB4C, 0xFB4C, 0xFB4C, 0xF34C,
    0xF32C, 0xF32C, 0xF32C, 0xF32C, 0xF30C, 0xF30C, 0xF30C, 0xF2EC, 0xF2EC, 0xF2EC, 0xF2EB, 0xF2CB, 0xF2CB, 0xF2CB, 0xF2AB, 0xEAAB,
    0xEAAB, 0xEAAB, 0xEA8B, 0xEA8B, 0xEA8B, 0xEA6B, 0xEA6B, 0xEA6B, 0xEA4B, 0xEA4B, 0xEA4B, 0xEA2A, 0xEA2A, 0xEA2A, 0xEA2A, 0xE20A,
    0xE20A, 0xE20A, 0xE1EA, 0xE1EA, 0xE1EA, 0xE1CA, 0xE1CA, 0xE1CA, 0xE1AA, 0xE1AA, 0xE1AA, 0xE1AA, 0xE189, 0xE189, 0xD989, 0xD989,
    0xD969, 0xD969, 0xD969, 0xD169, 0xD169, 0xD169, 0xD169, 0xD169, 0xC949, 0xC949, 0xC949, 0xC949, 0xC948, 0xC148, 0xC148, 0xC148,
    0xC128, 0xB928, 0xB928, 0xB928, 0xB928, 0xB928, 0xB128, 0xB128, 0xB108, 0xB108, 0xB108, 0xA907, 0xA907, 0xA907, 0xA907, 0xA907,
    0xA0E7, 0xA0E7, 0xA0E7, 0xA0E7, 0x98E7, 0x98E7, 0x98E7, 0x98E7, 0x90C7, 0x90C6, 0x90C6, 0x90C6, 0x90C6, 0x88C6, 0x88A6, 0x88A6,
    0x80A6, 0x80A6, 0x80A6, 0x80A6, 0x78A5, 0x78A5, 0x7885, 0x7085, 0x7085, 0x7085, 0x7085, 0x7085, 0x7085, 0x7085, 0x6885, 0x6885,
    0x6885, 0x6885, 0x6885, 0x6885, 0x6885, 0x6885, 0x6885, 0x6085, 0x6084, 0x6064, 0x6064, 0x6084, 0x6044, 0x6926, 0x82EB, 0x5824,
    0x5864, 0xAC4F, 0xC5F4, 0x8B0B, 0x5003, 0x5884, 0x5023, 0x5966, 0x59A7, 0x5023, 0x5064, 0x5063, 0x4863, 0x4863, 0x4863, 0x4843,
    0x4843, 0x4843, 0x4043, 0x4043, 0x4043, 0x4043, 0x4043, 0x4043, 0x4043, 0x4043, 0x4043, 0x4043, 0x4043, 0x4043, 0x4043, 0x4043,
    0x70C5, 0x70C5, 0x70C5, 0x70C5, 0x78C5, 0x78C5, 0x78C5, 0x78C5, 0x78C5, 0x78E5, 0x78E5, 0x78E5, 0x78E5, 0x80E5, 0x8105, 0x8106,
    0x8906, 0x8926, 0x8926, 0x9126, 0x9146, 0x9947, 0x9947, 0x7A89, 0x9987, 0xA187, 0xA187, 0xA1C8, 0xBCF1, 0xBDB3, 0xB30C, 0xB167,
    0xB26A, 0xA38C, 0xB9C8, 0xBA09, 0xBA09, 0xC229, 0xC229, 0xC229, 0xCA49, 0xCA49, 0xCA6A, 0xCA6A, 0xD26A, 0xD28A, 0xD28A, 0xD2AA,
    0xDAAA, 0xDAAA, 0xDACB, 0xDACB, 0xE2EB, 0xE2EB, 0xE2EB, 0xE30B, 0xEB0B, 0xEB0B, 0xEB2B, 0xEB2C, 0xEB2C, 0xEB4C, 0xF34C, 0xF34C,
    0xF36C, 0xF36C, 0xF36C, 0xF36C, 0xF36C, 0xF36C, 0xF36C, 0xF36C, 0xF36C, 0xFB6C, 0xFB6C, 0xFB4C, 0xFB4C, 0xFB4C, 0xF34C, 0xF34C,
    0xF32C, 0xF32C, 0xF32C, 0xF30C, 0xF30C, 0xF30C, 0xF30C, 0xF2EC, 0xF2EC, 0xF2EB, 0xF2CB, 0xF2CB, 0xF2CB, 0xF2CB, 0xF2AB, 0xEAAB,
    0xEAAB, 0xEA8B, 0xEA8B, 0xEA8B, 0xEA6B, 0xEA6B, 0xEA6B, 0xEA6B, 0xEA4B, 0xEA4B, 0xEA4B, 0xEA2A, 0xEA2A, 0xEA2A, 0xEA2A, 0xE20A,
    0xE20A, 0xE20A, 0xE1EA, 0xE1EA, 0xE1EA, 0xE1CA, 0xE1CA, 0xE1CA, 0xE1CA, 0xE1AA, 0xE1AA, 0xE1AA, 0xE189, 0xE189, 0xD989, 0xD989,
    0xD969, 0xD969, 0xD969, 0xD169, 0xD169, 0xD169, 0xD169, 0xD169, 0xC949, 0xC949, 0xC949, 0xC949, 0xC948, 0xC148, 0xC148, 0xC148,
    0xC128, 0xB928, 0xB928, 0xB928, 0xB928, 0xB928, 0xB128, 0xB128, 0xB108, 0xB108, 0xB108, 0xA907, 0xA907, 0xA907, 0xA907, 0xA907,
    0xA0E7, 0xA0E7, 0xA0E7, 0xA0E7, 0xA0E7, 0x98E7, 0x98E7, 0x98E7, 0x98C7, 0x90C6, 0x90C6, 0x90C6, 0x88C6, 0x88C6, 0x88A6, 0x88A6,
    0x80A6, 0x80A6, 0x80A6, 0x80A6, 0x78A6, 0x78A5, 0x7885, 0x7885, 0x7085, 0x7085, 0x7085, 0x7085, 0x7085, 0x7085, 0x7085, 0x6885,
    0x6885, 0x6885, 0x6885, 0x6885, 0x6885, 0x6885, 0x6885, 0x6885, 0x6085, 0x6084, 0x6064, 0x6064, 0x6085, 0x5823, 0x828A, 0x71C8,
    0x5003, 0x7187, 0xBD93, 0xBD52, 0x6926, 0x5043, 0x5864, 0x5044, 0x6228, 0x50A4, 0x5043, 0x5063, 0x5063, 0x4863, 0x4863, 0x4863,
    0x4843, 0x4843, 0x4843, 0x4043, 0x4043, 0x4043, 0x4043, 0x4043, 0x4043, 0x4043, 0x4043, 0x4043, 0x4043, 0x4043, 0x4043, 0x4043,
    0x70C5, 0x70C5, 0x70C5, 0x70C5, 0x78C5, 0x78C5, 0x78C5, 0x78C5, 0x78C5, 0x78E5, 0x78E5, 0x78E5, 0x78E5, 0x80E5, 0x8106, 0x8906,
    0x8906, 0x8926, 0x9126, 0x9146, 0x9146, 0x9926, 0x8A08, 0x8A08, 0xA147, 0xA1A7, 0xA146, 0xB38D, 0xBDD3, 0xBC90, 0xB1A8, 0xB1A8,
    0xA38C, 0xB249, 0xB9C8, 0xBA09, 0xBA09, 0xC229, 0xC229, 0xC229, 0xCA49, 0xCA49, 0xCA6A, 0xCA6A, 0xD26A, 0xD28A, 0xD28A, 0xD2AA,
    0xDAAA, 0xDAAA, 0xDACB, 0xE2CB, 0xE2EB, 0xE2EB, 0xE2EB, 0xE30B, 0xEB0B, 0xEB0B, 0xEB2B, 0xEB2C, 0xEB2C, 0xEB4C, 0xF34C, 0xF34C,
    0xF34C, 0xF34C, 0xF36C, 0xF36C, 0xF36C, 0xF36C, 0xF36C, 0xF36C, 0xFB6C, 0xFB6C, 0xFB4C, 0xFB4C, 0xFB4C, 0xF34C, 0xF34C, 0xF32C,
    0xF32C, 0xF32C, 0xF32C, 0xF30C, 0xF30C, 0xF30C, 0xF2EC, 0xF2EC, 0xF2EC, 0xF2EB, 0xF2CB, 0xF2CB, 0xF2CB, 0xF2AB, 0xF2AB, 0xEAAB,
    0xEAAB, 0xEA8B, 0xEA8B, 0xEA8B, 0xEA6B, 0xEA6B, 0xEA6B, 0xEA6B, 0xEA4B, 0xEA4B, 0xEA4A, 0xEA2A, 0xEA2A, 0xEA2A, 0xE20A, 0xE20A,
    0xE20A, 0xE1EA, 0xE1EA, 0xE1EA, 0xE1EA, 0xE1CA, 0xE1CA, 0xE1CA, 0xE1AA, 0xE1AA, 0xE1AA, 0xE18A, 0xE189, 0xE189, 0xD989, 0xD989,
    0xD969, 0xD969, 0xD969, 0xD169, 0xD169, 0xD169, 0xD169, 0xD169, 0xC949, 0xC949, 0xC949, 0xC949, 0xC948, 0xC148, 0xC148, 0xC148,
    0xC128, 0xB928, 0xB928, 0xB928, 0xB928, 0xB928, 0xB128, 0xB128, 0xB108, 0xB108, 0xB108, 0xA907, 0xA907, 0xA907, 0xA907, 0xA907,
    0xA0E7, 0xA0E7, 0xA0E7, 0xA0E7, 0xA0E7, 0x98E7, 0x98E7, 0x98E7, 0x98C7, 0x90C7, 0x90C6, 0x90C6, 0x90C6, 0x88C6, 0x88A6, 0x88A6,
    0x88A6, 0x80A6, 0x80A6, 0x80A6, 0x78A6, 0x78A5, 0x7885, 0x7885, 0x7085, 0x7085, 0x7085, 0x7085, 0x7085, 0x7085, 0x7085, 0x7085,
    0x6885, 0x6885, 0x6885, 0x6885, 0x6885, 0x6885, 0x6885, 0x6885, 0x6885, 0x6085, 0x6064, 0x6064, 0x6064, 0x6064, 0x60A5, 0x8B2B,
    0x6085, 0x5003, 0x9B8D, 0xCE14, 0x9BAD, 0x5023, 0x5884, 0x5023, 0x5925, 0x61C7, 0x5023, 0x5064, 0x5063, 0x4863, 0x4863, 0x4863,
    0x4843, 0x4843, 0x4843, 0x4043, 0x4043, 0x4043, 0x4043, 0x4043, 0x4043, 0x4043, 0x4043, 0x4043, 0x4043, 0x4043, 0x4043, 0x4043,
    0x70C5, 0x70C5, 0x70C5, 0x70C5, 0x70C5, 0x78C5, 0x78C5, 0x78C5, 0x78C5, 0x78E5, 0x78E5, 0x78E5, 0x78E5, 0x80E5, 0x8106, 0x8906,
    0x8926, 0x8926, 0x9126, 0x9146, 0x9146, 0x9967, 0x7A89, 0x9967, 0xA187, 0xA167, 0xAA09, 0xBD32, 0xBD93, 0xB28A, 0xB167, 0xAAAA,
    0xAB2C, 0xB9A8, 0xBA09, 0xBA09, 0xC209, 0xC229, 0xC229, 0xCA29, 0xCA49, 0xCA49, 0xCA6A, 0xD26A, 0xD26A, 0xD28A, 0xD28A, 0xDAAA,
    0xDAAA, 0xDAAB, 0xDACB, 0xE2CB, 0xE2EB, 0xE2EB, 0xE2EB, 0xE30B, 0xEB0B, 0xEB0B, 0xEB2B, 0xEB2C, 0xEB2C, 0xF32C, 0xF34C, 0xF34C,
    0xF34C, 0xF34C, 0xF34C, 0xF34C, 0xF36C, 0xF36C, 0xF34C, 0xFB6C, 0xFB4C, 0xFB4C, 0xFB4C, 0xFB4C, 0xF34C, 0xF34C, 0xF32C, 0xF32C,
    0xF32C, 0xF32C, 0xF30C, 0xF30C, 0xF30C, 0xF30C, 0xF2EC, 0xF2EC, 0xF2EB, 0xF2EB, 0xF2CB, 0xF2CB, 0xF2CB, 0xF2AB, 0xEAAB, 0xEAAB,
    0xEAAB, 0xEA8B, 0xEA8B, 0xEA8B, 0xEA6B, 0xEA6B, 0xEA6B, 0xEA4B, 0xEA4B, 0xEA4B, 0xEA4A, 0xEA2A, 0xEA2A, 0xEA2A, 0xE20A, 0xE20A,
    0xE20A, 0xE1EA, 0xE1EA, 0xE1EA, 0xE1EA, 0xE1CA, 0xE1CA, 0xE1CA, 0xE1AA, 0xE1AA, 0xE1AA, 0xE18A, 0xE189, 0xE189, 0xD989, 0xD989,
    0xD969, 0xD969, 0xD969, 0xD169, 0xD169, 0xD169, 0xD169, 0xC969, 0xC949, 0xC949, 0xC949, 0xC948, 0xC148, 0xC148, 0xC148, 0xC148,
    0xC128, 0xB928, 0xB928, 0xB928, 0xB928, 0xB928, 0xB128, 0xB128, 0xB108, 0xB108, 0xB108, 0xA907, 0xA907, 0xA907, 0xA907, 0xA907,
    0xA0E7, 0xA0E7, 0xA0E7, 0xA0E7, 0xA0E7, 0x98E7, 0x98E7, 0x98E7, 0x98C7, 0x90C7, 0x90C6, 0x90C6, 0x90C6, 0x88C6, 0x88C6, 0x88A6,
    0x88A6, 0x80A6, 0x80A6, 0x80A6, 0x78A6, 0x7886, 0x7885, 0x7885, 0x7085, 0x7085, 0x7085, 0x7085, 0x7085, 0x7085, 0x7085, 0x7085,
    0x7085, 0x6885, 0x6885, 0x6885, 0x6885, 0x6885, 0x6885, 0x6885, 0x6885, 0x6885, 0x6084, 0x6064, 0x6064, 0x6084, 0x5823, 0x79E8,
    0x7A49, 0x5003, 0x6906, 0xBD32, 0xBD93, 0x71A7, 0x5023, 0x5884, 0x5043, 0x6208, 0x50C5, 0x5043, 0x5063, 0x5063, 0x4863, 0x4863,
    0x4863, 0x4843, 0x4843, 0x4043, 0x4043, 0x4043, 0x4043, 0x4043, 0x4043, 0x4043, 0x4043, 0x4043, 0x4043, 0x4043, 0x4043, 0x4043,
    0x70C5, 0x70C5, 0x70C5, 0x70C5, 0x70C5, 0x78C5, 0x78C5, 0x78C5, 0x78C5, 0x78C5, 0x78E5, 0x78E5, 0x80E5, 0x8105, 0x8106, 0x8906,
    0x8926, 0x9126, 0x9126, 0x9146, 0x9926, 0x8208, 0x8A08, 0xA147, 0xA187, 0xA146, 0xB3CE, 0xBDF4, 0xBC0F, 0xA967, 0xB1E8, 0xA38D,
    0xB209, 0xB9E8, 0xB9E9, 0xBA09, 0xC209, 0xC229, 0xC229, 0xCA29, 0xCA49, 0xCA4A, 0xCA6A, 0xD26A, 0xD26A, 0xD28A, 0xD28A, 0xDAAA,
    0xDAAA, 0xDAAB, 0xDACB, 0xE2CB, 0xE2EB, 0xE2EB, 0xE2EB, 0xEB0B, 0xEB0B, 0xEB0B, 0xEB2C, 0xEB2C, 0xEB2C, 0xF32C, 0xF34C, 0xF34C,
    0xF34C, 0xF34C, 0xF34C, 0xF34C, 0xF34C, 0xF34C, 0xF34C, 0xF34C, 0xFB4C, 0xFB4C, 0xFB4C, 0xF34C, 0xF34C, 0xF32C, 0xF32C, 0xF32C,
    0xF32C, 0xF30C, 0xF30C, 0xF30C, 0xF30C, 0xF2EC, 0xF2EC, 0xF2EC, 0xF2EB, 0xF2CB, 0xF2CB, 0xF2CB, 0xF2CB, 0xF2AB, 0xEAAB, 0xEAAB,
    0xEA8B, 0xEA8B, 0xEA8B, 0xEA6B, 0xEA6B, 0xEA6B, 0xEA6B, 0xEA4B, 0xEA4B, 0xEA4B, 0xEA2A, 0xEA2A, 0xEA2A, 0xEA2A, 0xE20A, 0xE20A,
    0xE20A, 0xE1EA, 0xE1EA, 0xE1EA, 0xE1CA, 0xE1CA, 0xE1CA, 0xE1CA, 0xE1AA, 0xE1AA, 0xE1AA, 0xE189, 0xE189, 0xE189, 0xD989, 0xD989,
    0xD969, 0xD969, 0xD169, 0xD169, 0xD169, 0xD169, 0xD169, 0xC949, 0xC949, 0xC949, 0xC949, 0xC948, 0xC148, 0xC148, 0xC148, 0xC128,
    0xC128, 0xB928, 0xB928, 0xB928, 0xB928, 0xB928, 0xB128, 0xB128, 0xB108, 0xB108, 0xB108, 0xA907, 0xA907, 0xA907, 0xA907, 0xA107,
    0xA0E7, 0xA0E7, 0xA0E7, 0xA0E7, 0x98E7, 0x98E7, 0x98E7, 0x98E7, 0x98C7, 0x90C7, 0x90C6, 0x90C6, 0x90C6, 0x88C6, 0x88C6, 0x88A6,
    0x88A6, 0x80A6, 0x80A6, 0x80A6, 0x78A6, 0x7886, 0x7885, 0x7885, 0x7085, 0x7085, 0x7085, 0x7085, 0x7085, 0x7085, 0x7085, 0x7085,
    0x7085, 0x6885, 0x6885, 0x6885, 0x6885, 0x6885, 0x6885, 0x6885, 0x6885, 0x6885, 0x6085, 0x6064, 0x6064, 0x6064, 0x6084, 0x6064,
    0x830B, 0x6906, 0x5003, 0x8AEB, 0xCE14, 0xA40E, 0x5023, 0x5864, 0x5043, 0x5925, 0x61E7, 0x5023, 0x5064, 0x5063, 0x4863, 0x4863,
    0x4863, 0x4843, 0x4843, 0x4843, 0x4043, 0x4043, 0x4043, 0x4043, 0x4043, 0x4043, 0x4043, 0x4043, 0x4043, 0x4043, 0x4043, 0x4043,
    0x70C5, 0x70C5, 0x70C5, 0x70C5, 0x70C5, 0x78C5, 0x78C5, 0x78C5, 0x78C5, 0x78C5, 0x78E5, 0x78E5, 0x80E5, 0x8105, 0x8906, 0x8906,
    0x8926, 0x9126, 0x9126, 0x9126, 0x9147, 0x7A89, 0x9967, 0xA167, 0xA167, 0xAA09, 0xBD52, 0xBD72, 0xB24A, 0xB167, 0xAAEB, 0xAAEB,
    0xB9A8, 0xB9E9, 0xB9E9, 0xC209, 0xC209, 0xC229, 0xCA29, 0xCA29, 0xCA49, 0xCA4A, 0xD26A, 0xD26A, 0xD26A, 0xD28A, 0xDA8A, 0xDAAA,
    0xDAAA, 0xDAAB, 0xE2CB, 0xE2CB, 0xE2CB, 0xE2EB, 0xE2EB, 0xEAEB, 0xEB0B, 0xEB0B, 0xEB0B, 0xEB2C, 0xEB2C, 0xF32C, 0xF32C, 0xF34C,
    0xF34C, 0xF34C, 0xF34C, 0xF34C, 0xF34C, 0xF34C, 0xF34C, 0xFB4C, 0xFB4C, 0xF34C, 0xF34C, 0xF32C, 0xF32C, 0xF32C, 0xF32C, 0xF32C,
    0xF32C, 0xF30C, 0xF30C, 0xF30C, 0xF30C, 0xF2EC, 0xF2EC, 0xF2EB, 0xF2EB, 0xF2CB, 0xF2CB, 0xF2CB, 0xF2AB, 0xEAAB, 0xEAAB, 0xEAAB,
    0xEA8B, 0xEA8B, 0xEA8B, 0xEA6B, 0xEA6B, 0xEA6B, 0xEA6B, 0xEA4B, 0xEA4B, 0xEA4B, 0xEA2A, 0xEA2A, 0xEA2A, 0xEA2A, 0xE20A, 0xE20A,
    0xE20A, 0xE1EA, 0xE1EA, 0xE1EA, 0xE1CA, 0xE1CA, 0xE1CA, 0xE1CA, 0xE1AA, 0xE1AA, 0xE1AA, 0xE189, 0xE189, 0xE189, 0xD989, 0xD989,
    0xD969, 0xD969, 0xD169, 0xD169, 0xD169, 0xD169, 0xD169, 0xC949, 0xC949, 0xC949, 0xC949, 0xC948, 0xC148, 0xC148, 0xC148, 0xC128,
    0xC128, 0xB928, 0xB928, 0xB928, 0xB928, 0xB928, 0xB128, 0xB108, 0xB108, 0xB108, 0xB108, 0xA907, 0xA907, 0xA907, 0xA907, 0xA0E7,
    0xA0E7, 0xA0E7, 0xA0E7, 0xA0E7, 0x98E7, 0x98E7, 0x98E7, 0x98C7, 0x98C7, 0x90C7, 0x90C6, 0x90C6, 0x90C6, 0x88C6, 0x88C6, 0x88A6,
    0x88A6, 0x80A6, 0x80A6, 0x80A6, 0x78A6, 0x7885, 0x7885, 0x7885, 0x7085, 0x7085, 0x7085, 0x7085, 0x7085, 0x7085, 0x7085, 0x7085,
    0x7085, 0x7085, 0x6885, 0x6885, 0x6885, 0x6885, 0x6885, 0x6885, 0x6885, 0x6885, 0x6885, 0x6084, 0x6064, 0x6064, 0x6084, 0x5824,
    0x7187, 0x82AA, 0x5803, 0x60C5, 0xB4F1, 0xC5B3, 0x71C8, 0x5023, 0x5884, 0x5043, 0x6208, 0x50C5, 0x5043, 0x5063, 0x5063, 0x4863,
    0x4863, 0x4843, 0x4843, 0x4843, 0x4043, 0x4043, 0x4043, 0x4043, 0x4043, 0x4043, 0x4043, 0x4043, 0x4043, 0x4043, 0x4043, 0x4043,
    0x70C5, 0x70C5, 0x70C5, 0x70C5, 0x70C5, 0x78C5, 0x78C5, 0x78C5, 0x78C5, 0x78C5, 0x78E5, 0x80E5, 0x80E5, 0x80E6, 0x8906, 0x8906,
    0x8926, 0x9126, 0x9126, 0x9926, 0x8208, 0x8A08, 0xA147, 0xA187, 0xA147, 0xB40E, 0xBDF3, 0xB3CE, 0xA947, 0xB209, 0xA38D, 0xB9C8,
    0xB9E8, 0xB9E8, 0xB9E9, 0xC209, 0xC209, 0xC229, 0xCA29, 0xCA29, 0xCA49, 0xCA4A, 0xD26A, 0xD26A, 0xD26A, 0xD28A, 0xDA8A, 0xDAAA,
    0xDAAA, 0xDAAB, 0xE2CB, 0xE2CB, 0xE2CB, 0xE2EB, 0xEAEB, 0xEAEB, 0xEB0B, 0xEB0B, 0xEB0B, 0xEB0C, 0xEB2C, 0xF32C, 0xF32C, 0xF32C,
    0xF32C, 0xF34C, 0xF34C, 0xF34C, 0xF34C, 0xF34C, 0xF34C, 0xF34C, 0xF34C, 0xF34C, 0xF32C, 0xF32C, 0xF32C, 0xF32C, 0xF32C, 0xF32C,
    0xF30C, 0xF30C, 0xF30C, 0xF30C, 0xF2EC, 0xF2EC, 0xF2EC, 0xF2EB, 0xF2CB, 0xF2CB, 0xF2CB, 0xF2CB, 0xF2AB, 0xEAAB, 0xEAAB, 0xEA8B,
    0xEA8B, 0xEA8B, 0xEA8B, 0xEA6B, 0xEA6B, 0xEA6B, 0xEA4B, 0xEA4B, 0xEA4B, 0xEA4A, 0xEA2A, 0xEA2A, 0xEA2A, 0xE20A, 0xE20A, 0xE20A,
    0xE20A, 0xE1EA, 0xE1EA, 0xE1EA, 0xE1CA, 0xE1CA, 0xE1CA, 0xE1AA, 0xE1AA, 0xE1AA, 0xE1AA, 0xE189, 0xE189, 0xD989, 0xD989, 0xD969,
    0xD969, 0xD969, 0xD169, 0xD169, 0xD169, 0xD169, 0xD169, 0xC949, 0xC949, 0xC949, 0xC949, 0xC948, 0xC148, 0xC148, 0xC148, 0xC128,
    0xC128, 0xB928, 0xB928, 0xB928, 0xB928, 0xB928, 0xB128, 0xB108, 0xB108, 0xB108, 0xB107, 0xA907, 0xA907, 0xA907, 0xA907, 0xA0E7,
    0xA0E7, 0xA0E7, 0xA0E7, 0xA0E7, 0x98E7, 0x98E7, 0x98E7, 0x98C7, 0x98C7, 0x90C7, 0x90C6, 0x90C6, 0x90C6, 0x88C6, 0x88C6, 0x88A6,
    0x88A6, 0x80A6, 0x80A6, 0x80A6, 0x80A6, 0x7885, 0x7885, 0x7885, 0x7885, 0x7085, 0x7085, 0x7085, 0x7085, 0x7085, 0x7085, 0x7085,
    0x7085, 0x7085, 0x7085, 0x6885, 0x6885, 0x6885, 0x6885, 0x6885, 0x6885, 0x6885, 0x6885, 0x6085, 0x6064, 0x6064, 0x6064, 0x6084,
    0x5823, 0x82EB, 0x6946, 0x5002, 0x828A, 0xC5F4, 0xA44F, 0x5864, 0x5864, 0x5043, 0x5905, 0x61E7, 0x5023, 0x5064, 0x5063, 0x4863,
    0x4863, 0x4843, 0x4843, 0x4843, 0x4843, 0x4043, 0x4043, 0x4043, 0x4043, 0x4043, 0x4043, 0x4043, 0x4043, 0x4043, 0x4043, 0x4043,
    0x70C5, 0x70C5, 0x70C5, 0x70C5, 0x70C5, 0x78C5, 0x78C5, 0x78C5, 0x78C5, 0x78C5, 0x78E5, 0x80E5, 0x80E5, 0x8106, 0x8906, 0x8906,
    0x9126, 0x9126, 0x9126, 0x9947, 0x7A69, 0x9967, 0xA167, 0xA147, 0xAA09, 0xBD72, 0xBD52, 0xAA29, 0xB147, 0xAB0B, 0xAACB, 0xB9A8,
    0xB9E9, 0xB9E9, 0xC1E9, 0xC209, 0xC209, 0xC229, 0xCA29, 0xCA29, 0xCA49, 0xCA4A, 0xD24A, 0xD26A, 0xD26A, 0xD28A, 0xDA8A, 0xDA8A,
    0xDAAA, 0xE2AB, 0xE2CB, 0xE2CB, 0xE2CB, 0xE2EB, 0xEAEB, 0xEAEB, 0xEB0B, 0xEB0B, 0xEB0C, 0xEB0C, 0xEB2C, 0xF32C, 0xF32C, 0xF32C,
    0xF32C, 0xF32C, 0xF32C, 0xF34C, 0xF34C, 0xF34C, 0xF34C, 0xF34C, 0xF32C, 0xF32C, 0xF32C, 0xF32C, 0xF32C, 0xF32C, 0xF32C, 0xF30C,
    0xF30C, 0xF30C, 0xF30C, 0xF2EC, 0xF2EC, 0xF2EC, 0xF2EB, 0xF2CB, 0xF2CB, 0xF2CB, 0xF2CB, 0xF2AB, 0xEAAB, 0xEAAB, 0xEAAB, 0xEA8B,
    0xEA8B, 0xEA8B, 0xEA6B, 0xEA6B, 0xEA6B, 0xEA6B, 0xEA4B, 0xEA4B, 0xEA4B, 0xEA4A, 0xEA2A, 0xEA2A, 0xEA2A, 0xE20A, 0xE20A, 0xE20A,
    0xE1EA, 0xE1EA, 0xE1EA, 0xE1EA, 0xE1CA, 0xE1CA, 0xE1CA, 0xE1AA, 0xE1AA, 0xE1AA, 0xE18A, 0xE189, 0xE189, 0xD989, 0xD989, 0xD969,
    0xD969, 0xD969, 0xD169, 0xD169, 0xD169, 0xD169, 0xD169, 0xC949, 0xC949, 0xC949, 0xC949, 0xC948, 0xC148, 0xC148, 0xC148, 0xC128,
    0xB928, 0xB928, 0xB928, 0xB928, 0xB928, 0xB928, 0xB128, 0xB108, 0xB108, 0xB108, 0xA907, 0xA907, 0xA907, 0xA907, 0xA907, 0xA0E7,
    0xA0E7, 0xA0E7, 0xA0E7, 0xA0E7, 0x98E7, 0x98E7, 0x98E7, 0x98C7, 0x98C7, 0x90C7, 0x90C6, 0x90C6, 0x90C6, 0x88C6, 0x88C6, 0x88A6,
    0x88A6, 0x80A6, 0x80A6, 0x80A6, 0x80A6, 0x7885, 0x7885, 0x7885, 0x7885, 0x7085, 0x7085, 0x7085, 0x7085, 0x7085, 0x7085, 0x7085,
    0x7085, 0x7085, 0x7085, 0x6885, 0x6885, 0x6885, 0x6885, 0x6885, 0x6885, 0x6885, 0x6885, 0x6085, 0x6084, 0x6064, 0x6064, 0x6084,
    0x6044, 0x6947, 0x82CB, 0x5823, 0x6085, 0xB4D0, 0xC5D3, 0x71E8, 0x5023, 0x5884, 0x5043, 0x6208, 0x50A4, 0x5043, 0x5063, 0x4863,
    0x4863, 0x4863, 0x4843, 0x4843, 0x4843, 0x4043, 0x4043, 0x4043, 0x4043, 0x4043, 0x4043, 0x4043, 0x4043, 0x4043, 0x4043, 0x4043,
    0x70C5, 0x70C5, 0x70C5, 0x70C5, 0x70C5, 0x70C5, 0x78C5, 0x78C5, 0x78C5, 0x78C5, 0x78E5, 0x80E5, 0x80E5, 0x8906, 0x8906, 0x8906,
    0x9126, 0x9126, 0x9906, 0x89E8, 0x8A28, 0xA127, 0xA167, 0xA126, 0xB3AD, 0xBDF3, 0xB3CE, 0xA947, 0xB1E9, 0xA38D, 0xB9C8, 0xB9C8,
    0xB9E8, 0xB9E9, 0xC1E9, 0xC209, 0xC209, 0xCA29, 0xCA29, 0xCA29, 0xCA49, 0xD24A, 0xD26A, 0xD26A, 0xD26A, 0xDA8A, 0xDA8A, 0xDA8A,
    0xDAAA, 0xE2AB, 0xE2AB, 0xE2CB, 0xE2CB, 0xE2CB, 0xEAEB, 0xEAEB, 0xEAEB, 0xEB0B, 0xEB0B, 0xEB0C, 0xF30C, 0xF32C, 0xF32C, 0xF32C,
    0xF32C, 0xF32C, 0xF32C, 0xF32C, 0xF32C, 0xF32C, 0xF32C, 0xF32C, 0xF32C, 0xF32C, 0xF32C, 0xF32C, 0xF32C, 0xF30C, 0xF30C, 0xF30C,
    0xF30C, 0xF30C, 0xF2EC, 0xF2EC, 0xF2EC, 0xF2EB, 0xF2EB, 0xF2CB, 0xF2CB, 0xF2CB, 0xF2AB, 0xF2AB, 0xEAAB, 0xEAAB, 0xEA8B, 0xEA8B,
    0xEA8B, 0xEA8B, 0xEA6B, 0xEA6B, 0xEA6B, 0xEA6B, 0xEA4B, 0xEA4B, 0xEA4B, 0xEA2A, 0xEA2A, 0xEA2A, 0xEA2A, 0xE20A, 0xE20A, 0xE20A,
    0xE1EA, 0xE1EA, 0xE1EA, 0xE1CA, 0xE1CA, 0xE1CA, 0xE1CA, 0xE1AA, 0xE1AA, 0xE1AA, 0xE189, 0xE189, 0xE189, 0xD989, 0xD989, 0xD969,
    0xD969, 0xD969, 0xD169, 0xD169, 0xD169, 0xD169, 0xD169, 0xC949, 0xC949, 0xC949, 0xC949, 0xC948, 0xC148, 0xC148, 0xC148, 0xC128,
    0xB928, 0xB928, 0xB928, 0xB928, 0xB928, 0xB128, 0xB128, 0xB108, 0xB108, 0xB108, 0xA907, 0xA907, 0xA907, 0xA907, 0xA907, 0xA0E7,
    0xA0E7, 0xA0E7, 0xA0E7, 0xA0E7, 0x98E7, 0x98E7, 0x98E7, 0x98C7, 0x98C7, 0x90C7, 0x90C6, 0x90C6, 0x90C6, 0x88C6, 0x88C6, 0x88A6,
    0x88A6, 0x80A6, 0x80A6, 0x80A6, 0x80A6, 0x7885, 0x7885, 0x7885, 0x7885, 0x7085, 0x7085, 0x7085, 0x7085, 0x7085, 0x7085, 0x7085,
    0x7085, 0x7085, 0x7085, 0x7085, 0x6885, 0x6885, 0x6885, 0x6885, 0x6885, 0x6885, 0x6885, 0x6885, 0x6085, 0x6064, 0x6064, 0x6064,
    0x6084, 0x5824, 0x82EB, 0x6946, 0x5003, 0x828A, 0xC5F4, 0xA40E, 0x5043, 0x5884, 0x5023, 0x5946, 0x61A7, 0x5023, 0x5064, 0x5063,
    0x4863, 0x4863, 0x4843, 0x4843, 0x4843, 0x4843, 0x4043, 0x4043, 0x4043, 0x4043, 0x4043, 0x4043, 0x4043, 0x4043, 0x4043, 0x4043,
    0x70C5, 0x70C5, 0x70C5, 0x70C5, 0x70C5, 0x70C5, 0x78C5, 0x78C5, 0x78C5, 0x78C5, 0x80E5, 0x80E5, 0x80E6, 0x8906, 0x8906, 0x8906,
    0x9126, 0x9126, 0x9926, 0x7A69, 0x9967, 0xA147, 0xA147, 0xA9E9, 0xBD52, 0xBD72, 0xB229, 0xB147, 0xAB0B, 0xAAAB, 0xB988, 0xB9E8,
    0xB9E8, 0xC1E9, 0xC1E9, 0xC209, 0xC209, 0xCA29, 0xCA29, 0xCA29, 0xCA4A, 0xD24A, 0xD24A, 0xD26A, 0xDA6A, 0xDA8A, 0xDA8A, 0xDA8A,
    0xDAAB, 0xE2AB, 0xE2AB, 0xE2CB, 0xE2CB, 0xEACB, 0xEAEB, 0xEAEB, 0xEAEB, 0xEB0B, 0xEB0B, 0xEB0C, 0xF30C, 0xF30C, 0xF30C, 0xF32C,
    0xF32C, 0xF32C, 0xF32C, 0xF32C, 0xF32C, 0xF32C, 0xF32C, 0xF32C, 0xF32C, 0xF32C, 0xF32C, 0xF30C, 0xF30C, 0xF30C, 0xF30C, 0xF30C,
    0xF30C, 0xF30C, 0xF2EC, 0xF2EC, 0xF2EB, 0xF2CB, 0xF2CB, 0xF2CB, 0xF2CB, 0xF2CB, 0xF2AB, 0xEAAB, 0xEAAB, 0xEAAB, 0xEA8B, 0xEA8B,
    0xEA8B, 0xEA6B, 0xEA6B, 0xEA6B, 0xEA6B, 0xEA4B, 0xEA4B, 0xEA4B, 0xEA4A, 0xEA2A, 0xEA2A, 0xEA2A, 0xE20A, 0xE20A, 0xE20A, 0xE20A,
    0xE1EA, 0xE1EA, 0xE1EA, 0xE1CA, 0xE1CA, 0xE1CA, 0xE1CA, 0xE1AA, 0xE1AA, 0xE1AA, 0xE189, 0xE189, 0xD989, 0xD989, 0xD989, 0xD969,
    0xD969, 0xD169, 0xD169, 0xD169, 0xD169, 0xD169, 0xC969, 0xC949, 0xC949, 0xC949, 0xC948, 0xC148, 0xC148, 0xC148, 0xC148, 0xC128,
    0xB928, 0xB928, 0xB928, 0xB928, 0xB928, 0xB128, 0xB128, 0xB108, 0xB108, 0xB108, 0xA907, 0xA907, 0xA907, 0xA907, 0xA907, 0xA0E7,
    0xA0E7, 0xA0E7, 0xA0E7, 0xA0E7, 0x98E7, 0x98E7, 0x98E7, 0x98C7, 0x98C7, 0x90C6, 0x90C6, 0x90C6, 0x90C6, 0x88C6, 0x88C6, 0x88A6,
    0x88A6, 0x80A6, 0x80A6, 0x80A6, 0x80A6, 0x7886, 0x7885, 0x7885, 0x7885, 0x7885, 0x7085, 0x7085, 0x7085, 0x7085, 0x7085, 0x7085,
    0x7085, 0x7085, 0x7085, 0x7085, 0x6885, 0x6885, 0x6885, 0x6885, 0x6885, 0x6885, 0x6885, 0x6885, 0x6885, 0x6085, 0x6064, 0x6064,
    0x6084, 0x6044, 0x6947, 0x82CB, 0x5823, 0x60A5, 0xB511, 0xC5B3, 0x71A8, 0x5023, 0x5864, 0x5064, 0x6208, 0x5084, 0x5043, 0x5063,
    0x4863, 0x4863, 0x4863, 0x4843, 0x4843, 0x4843, 0x4043, 0x4043, 0x4043, 0x4043, 0x4043, 0x4043, 0x4043, 0x4043, 0x4043, 0x4043,
    0x70C5, 0x70C5, 0x70C5, 0x70C5, 0x70C5, 0x70C5, 0x78C5, 0x78C5, 0x78C5, 0x78C5, 0x80E5, 0x80E5, 0x88E6, 0x8906, 0x8906, 0x9106,
    0x9126, 0x9906, 0x89A7, 0x8229, 0xA126, 0xA167, 0xA126, 0xB36D, 0xBDF3, 0xB40E, 0xA947, 0xB1E8, 0xA38D, 0xB1A8, 0xB9C8, 0xB9C8,
    0xB9E8, 0xC1E9, 0xC1E9, 0xC209, 0xC209, 0xCA09, 0xCA29, 0xCA29, 0xD24A, 0xD24A, 0xD24A, 0xD26A, 0xDA6A, 0xDA6A, 0xDA8A, 0xDA8A,
    0xDAAB, 0xE2AB, 0xE2AB, 0xE2CB, 0xE2CB, 0xEACB, 0xEACB, 0xEAEB, 0xEAEB, 0xEAEB, 0xEAEB, 0xEB0C, 0xF30C, 0xF30C, 0xF30C, 0xF30C,
    0xF30C, 0xF32C, 0xF32C, 0xF32C, 0xF32C, 0xF32C, 0xF32C, 0xF32C, 0xF30C, 0xF30C, 0xF30C, 0xF30C, 0xF30C, 0xF30C, 0xF30C, 0xF30C,
    0xF2EC, 0xF2EC, 0xF2EC, 0xF2EB, 0xF2CB, 0xF2CB, 0xF2CB, 0xF2CB, 0xF2CB, 0xF2AB, 0xEAAB, 0xEAAB, 0xEAAB, 0xEA8B, 0xEA8B, 0xEA8B,
    0xEA8B, 0xEA6B, 0xEA6B, 0xEA6B, 0xEA4B, 0xEA4B, 0xEA4B, 0xEA4B, 0xEA2A, 0xEA2A, 0xEA2A, 0xEA2A, 0xE20A, 0xE20A, 0xE20A, 0xE1EA,
    0xE1EA, 0xE1EA, 0xE1EA, 0xE1CA, 0xE1CA, 0xE1CA, 0xE1AA, 0xE1AA, 0xE1AA, 0xE18A, 0xE189, 0xE189, 0xD989, 0xD989, 0xD969, 0xD969,
    0xD969, 0xD169, 0xD169, 0xD169, 0xD169, 0xD169, 0xC969, 0xC949, 0xC949, 0xC949, 0xC948, 0xC148, 0xC148, 0xC148, 0xC148, 0xC128,
    0xB928, 0xB928, 0xB928, 0xB928, 0xB928, 0xB128, 0xB108, 0xB108, 0xB108, 0xB108, 0xA907, 0xA907, 0xA907, 0xA907, 0xA907, 0xA0E7,
    0xA0E7, 0xA0E7, 0xA0E7, 0xA0E7, 0x98E7, 0x98E7, 0x98E7, 0x98C7, 0x90C7, 0x90C6, 0x90C6, 0x90C6, 0x90C6, 0x88C6, 0x88C6, 0x88A6,
    0x88A6, 0x80A6, 0x80A6, 0x80A6, 0x80A6, 0x78A6, 0x7886, 0x7885, 0x7885, 0x7885, 0x7085, 0x7085, 0x7085, 0x7085, 0x7085, 0x7085,
    0x7085, 0x7085, 0x7085, 0x7085, 0x7085, 0x6885, 0x6885, 0x6885, 0x6885, 0x6885, 0x6885, 0x6885, 0x6885, 0x6085, 0x6084, 0x6064,
    0x6064, 0x6084, 0x5824, 0x82EB, 0x6947, 0x5003, 0x8AEB, 0xCE14, 0x9BCD, 0x5023, 0x5884, 0x5023, 0x6186, 0x5966, 0x5023, 0x5064,
    0x5063, 0x4863, 0x4863, 0x4843, 0x4843, 0x4843, 0x4843, 0x4043, 0x4043, 0x4043, 0x4043, 0x4043, 0x4043, 0x4043, 0x4043, 0x4043,
    0x70C5, 0x70C5, 0x70C5, 0x70C5, 0x70C5, 0x70C5, 0x78C5, 0x78C5, 0x78C5, 0x78C5, 0x80E5, 0x80E5, 0x88E6, 0x8906, 0x8906, 0x9106,
    0x9126, 0x9906, 0x8249, 0x9187, 0xA127, 0xA147, 0xA1A8, 0xBD11, 0xBD93, 0xB26A, 0xB127, 0xAAEB, 0xAAAA, 0xB988, 0xB9C8, 0xB9C8,
    0xB9E9, 0xC1E9, 0xC1E9, 0xC209, 0xCA09, 0xCA09, 0xCA29, 0xCA29, 0xD24A, 0xD24A, 0xD24A, 0xD26A, 0xDA6A, 0xDA6A, 0xDA8A, 0xDA8A,
    0xE28A, 0xE2AB, 0xE2AB, 0xE2AB, 0xE2CB, 0xEACB, 0xEACB, 0xEAEB, 0xEAEB, 0xEAEB, 0xEAEB, 0xEAEB, 0xF30B, 0xF30C, 0xF30C, 0xF30C,
    0xF30C, 0xF30C, 0xF30C, 0xF30C, 0xF30C, 0xF30C, 0xF30C, 0xF30C, 0xF30C, 0xF30C, 0xF30C, 0xF30C, 0xF30C, 0xF30C, 0xF2EC, 0xF2EC,
    0xF2EC, 0xF2EC, 0xF2EB, 0xF2CB, 0xF2CB, 0xF2CB, 0xF2CB, 0xF2CB, 0xF2AB, 0xF2AB, 0xEAAB, 0xEAAB, 0xEA8B, 0xEA8B, 0xEA8B, 0xEA8B,
    0xEA6B, 0xEA6B, 0xEA6B, 0xEA6B, 0xEA4B, 0xEA4B, 0xEA4B, 0xEA4A, 0xEA2A, 0xEA2A, 0xEA2A, 0xE20A, 0xE20A, 0xE20A, 0xE20A, 0xE1EA,
    0xE1EA, 0xE1EA, 0xE1CA, 0xE1CA, 0xE1CA, 0xE1CA, 0xE1AA, 0xE1AA, 0xE1AA, 0xE189, 0xE189, 0xE189, 0xD989, 0xD989, 0xD969, 0xD969,
    0xD969, 0xD169, 0xD169, 0xD169, 0xD169, 0xD169, 0xC949, 0xC949, 0xC949, 0xC949, 0xC948, 0xC148, 0xC148, 0xC148, 0xC128, 0xC128,
    0xB928, 0xB928, 0xB928, 0xB928, 0xB928, 0xB128, 0xB108, 0xB108, 0xB108, 0xB107, 0xA907, 0xA907, 0xA907, 0xA907, 0xA0E7, 0xA0E7,
    0xA0E7, 0xA0E7, 0xA0E7, 0x98E7, 0x98E7, 0x98E7, 0x98C7, 0x98C7, 0x90C7, 0x90C6, 0x90C6, 0x90C6, 0x90C6, 0x88C6, 0x88A6, 0x88A6,
    0x88A6, 0x80A6, 0x80A6, 0x80A6, 0x80A6, 0x78A6, 0x7886, 0x7885, 0x7885, 0x7885, 0x7885, 0x7085, 0x7085, 0x7085, 0x7085, 0x7085,
    0x7085, 0x7085, 0x7085, 0x7085, 0x7085, 0x6885, 0x6885, 0x6885, 0x6885, 0x6885, 0x6885, 0x6885, 0x6885, 0x6885, 0x6085, 0x6064,
    0x6064, 0x6084, 0x5844, 0x7167, 0x82AA, 0x5803, 0x6906, 0xBD32, 0xBD72, 0x6946, 0x5043, 0x5864, 0x5884, 0x6208, 0x5043, 0x5064,
    0x5063, 0x4863, 0x4863, 0x4863, 0x4843, 0x4843, 0x4843, 0x4043, 0x4043, 0x4043, 0x4043, 0x4043, 0x4043, 0x4043, 0x4043, 0x4043,
    0x70C5, 0x70C5, 0x70C5, 0x70C5, 0x70C5, 0x70C5, 0x70C5, 0x78C5, 0x78C5, 0x80E5, 0x80E5, 0x80E5, 0x88E6, 0x8906, 0x8906, 0x9106,
    0x9106, 0x9167, 0x8249, 0x9926, 0xA167, 0xA106, 0xAB0C, 0xBDD3, 0xBC6F, 0xA947, 0xB1A8, 0xA36C, 0xB1A8, 0xB9A8, 0xB9C8, 0xB9C8,
    0xC1E9, 0xC1E9, 0xC1E9, 0xC209, 0xCA09, 0xCA09, 0xCA29, 0xCA29, 0xD22A, 0xD24A, 0xD24A, 0xD26A, 0xDA6A, 0xDA6A, 0xDA8A, 0xDA8A,
    0xE28B, 0xE2AB, 0xE2AB, 0xE2AB, 0xE2CB, 0xEACB, 0xEACB, 0xEACB, 0xEAEB, 0xEAEB, 0xEAEB, 0xEAEB, 0xF2EC, 0xF30C, 0xF30C, 0xF30C,
    0xF30C, 0xF30C, 0xF30C, 0xF30C, 0xF30C, 0xF30C, 0xF30C, 0xF30C, 0xF30C, 0xF30C, 0xF30C, 0xF30C, 0xF2EC, 0xF2EC, 0xF2EC, 0xF2EC,
    0xF2EC, 0xF2EB, 0xF2CB, 0xF2CB, 0xF2CB, 0xF2CB, 0xF2CB, 0xF2AB, 0xF2AB, 0xEAAB, 0xEAAB, 0xEA8B, 0xEA8B, 0xEA8B, 0xEA8B, 0xEA8B,
    0xEA6B, 0xEA6B, 0xEA6B, 0xEA4B, 0xEA4B, 0xEA4B, 0xEA4B, 0xEA2A, 0xEA2A, 0xEA2A, 0xEA2A, 0xE20A, 0xE20A, 0xE20A, 0xE20A, 0xE1EA,
    0xE1EA, 0xE1EA, 0xE1CA, 0xE1CA, 0xE1CA, 0xE1CA, 0xE1AA, 0xE1AA, 0xE1AA, 0xE189, 0xE189, 0xD989, 0xD989, 0xD989, 0xD969, 0xD969,
    0xD969, 0xD169, 0xD169, 0xD169, 0xD169, 0xD169, 0xC949, 0xC949, 0xC949, 0xC948, 0xC948, 0xC148, 0xC148, 0xC148, 0xC128, 0xB928,
    0xB928, 0xB928, 0xB928, 0xB928, 0xB928, 0xB128, 0xB108, 0xB108, 0xB108, 0xA907, 0xA907, 0xA907, 0xA907, 0xA907, 0xA0E7, 0xA0E7,
    0xA0E7, 0xA0E7, 0xA0E7, 0x98E7, 0x98E7, 0x98E7, 0x98C7, 0x98C7, 0x90C7, 0x90C6, 0x90C6, 0x90C6, 0x90C6, 0x88C6, 0x88A6, 0x88A6,
    0x88A6, 0x80A6, 0x80A6, 0x80A6, 0x80A6, 0x78A6, 0x7885, 0x7885, 0x7885, 0x7885, 0x7885, 0x7885, 0x7085, 0x7085, 0x7085, 0x7085,
    0x7085, 0x7085, 0x7085, 0x7085, 0x7085, 0x7085, 0x6885, 0x6885, 0x6885, 0x6885, 0x6885, 0x6885, 0x6885, 0x6885, 0x6085, 0x6084,
    0x6064, 0x6064, 0x6084, 0x6044, 0x82EB, 0x6906, 0x5003, 0x936C, 0xCE14, 0x932C, 0x5003, 0x5884, 0x5023, 0x61C7, 0x5905, 0x5043,
    0x5064, 0x5063, 0x4863, 0x4863, 0x4843, 0x4843, 0x4843, 0x4043, 0x4043, 0x4043, 0x4043, 0x4043, 0x4043, 0x4043, 0x4043, 0x4043,
    0x70C5, 0x70C5, 0x70C5, 0x70C5, 0x70C5, 0x70C5, 0x70C5, 0x78C5, 0x78C5, 0x80E5, 0x80E5, 0x80E5, 0x88E6, 0x8906, 0x9106, 0x9126,
    0x98E6, 0x8208, 0x89C8, 0xA126, 0xA147, 0xA147, 0xB490, 0xBDD3, 0xB2CB, 0xA906, 0xAAAA, 0xAAEB, 0xB967, 0xB9C8, 0xB9C8, 0xB9C8,
    0xC1C9, 0xC1E9, 0xC1E9, 0xC209, 0xCA09, 0xCA09, 0xCA29, 0xCA29, 0xD22A, 0xD24A, 0xD24A, 0xDA4A, 0xDA6A, 0xDA6A, 0xDA8A, 0xDA8A,
    0xE28B, 0xE2AB, 0xE2AB, 0xE2AB, 0xEAAB, 0xEACB, 0xEACB, 0xEACB, 0xEACB, 0xEAEB, 0xEAEB, 0xEAEB, 0xF2EC, 0xF2EC, 0xF2EC, 0xF30C,
    0xF30C, 0xF30C, 0xF30C, 0xF30C, 0xF30C, 0xF30C, 0xF30C, 0xF30C, 0xF30C, 0xF30C, 0xF2EC, 0xF2EC, 0xF2EC, 0xF2EC, 0xF2EC, 0xF2EB,
    0xF2EB, 0xF2CB, 0xF2CB, 0xF2CB, 0xF2CB, 0xF2CB, 0xF2AB, 0xF2AB, 0xEAAB, 0xEAAB, 0xEAAB, 0xEA8B, 0xEA8B, 0xEA8B, 0xEA8B, 0xEA6B,
    0xEA6B, 0xEA6B, 0xEA6B, 0xEA4B, 0xEA4B, 0xEA4B, 0xEA4A, 0xEA2A, 0xEA2A, 0xEA2A, 0xE20A, 0xE20A, 0xE20A, 0xE20A, 0xE1EA, 0xE1EA,
    0xE1EA, 0xE1CA, 0xE1CA, 0xE1CA, 0xE1CA, 0xE1AA, 0xE1AA, 0xE1AA, 0xE18A, 0xE189, 0xE189, 0xD989, 0xD989, 0xD969, 0xD969, 0xD969,
    0xD169, 0xD169, 0xD169, 0xD169, 0xD169, 0xC969, 0xC949, 0xC949, 0xC949, 0xC948, 0xC148, 0xC148, 0xC148, 0xC148, 0xC128, 0xB928,
    0xB928, 0xB928, 0xB928, 0xB928, 0xB128, 0xB128, 0xB108, 0xB108, 0xB108, 0xA907, 0xA907, 0xA907, 0xA907, 0xA907, 0xA0E7, 0xA0E7,
    0xA0E7, 0xA0E7, 0xA0E7, 0x98E7, 0x98E7, 0x98E7, 0x98C7, 0x98C7, 0x90C7, 0x90C6, 0x90C6, 0x90C6, 0x90C6, 0x88C6, 0x88A6, 0x88A6,
    0x88A6, 0x80A6, 0x80A6, 0x80A6, 0x80A6, 0x78A6, 0x7885, 0x7885, 0x7885, 0x7885, 0x7885, 0x7885, 0x7085, 0x7085, 0x7085, 0x7085,
    0x7085, 0x7085, 0x7085, 0x7085, 0x7085, 0x7085, 0x7085, 0x6885, 0x6885, 0x6885, 0x6885, 0x6885, 0x6885, 0x6885, 0x6885, 0x6085,
    0x6064, 0x6064, 0x6084, 0x5824, 0x71C8, 0x7A69, 0x5003, 0x7167, 0xC593, 0xB511, 0x60C5, 0x5044, 0x5044, 0x58E5, 0x61E7, 0x5023,
    0x5064, 0x5063, 0x4863, 0x4863, 0x4863, 0x4843, 0x4843, 0x4043, 0x4043, 0x4043, 0x4043, 0x4043, 0x4043, 0x4043, 0x4043, 0x4043,
    0x70C5, 0x70C5, 0x70C5, 0x70C5, 0x70C5, 0x70C5, 0x70C5, 0x78C5, 0x78C5, 0x80E5, 0x80E5, 0x88E6, 0x88E6, 0x8906, 0x9106, 0x9106,
    0x9126, 0x7A49, 0x9947, 0xA147, 0xA106, 0xAA4A, 0xBDB3, 0xBCF1, 0xA988, 0xB167, 0xA34C, 0xB1E9, 0xB188, 0xB9A8, 0xB9C8, 0xB9C8,
    0xC1C9, 0xC1E9, 0xC1E9, 0xC209, 0xCA09, 0xCA09, 0xCA29, 0xD229, 0xD22A, 0xD24A, 0xD24A, 0xDA4A, 0xDA6A, 0xDA6A, 0xDA6A, 0xDA8A,
    0xE28A, 0xE28B, 0xE2AB, 0xE2AB, 0xEAAB, 0xEACB, 0xEACB, 0xEACB, 0xEACB, 0xEACB, 0xEAEB, 0xF2EB, 0xF2EB, 0xF2EB, 0xF2EC, 0xF2EC,
    0xF30C, 0xF30C, 0xF30C, 0xF30C, 0xF30C, 0xF30C, 0xF2EC, 0xF2EC, 0xF2EC, 0xF2EC, 0xF2EC, 0xF2EC, 0xF2EC, 0xF2EB, 0xF2EB, 0xF2EB,
    0xF2CB, 0xF2CB, 0xF2CB, 0xF2CB, 0xF2CB, 0xF2AB, 0xF2AB, 0xEAAB, 0xEAAB, 0xEAAB, 0xEA8B, 0xEA8B, 0xEA8B, 0xEA8B, 0xEA6B, 0xEA6B,
    0xEA6B, 0xEA6B, 0xEA4B, 0xEA4B, 0xEA4B, 0xEA4B, 0xEA2A, 0xEA2A, 0xEA2A, 0xEA2A, 0xE20A, 0xE20A, 0xE20A, 0xE20A, 0xE1EA, 0xE1EA,
    0xE1EA, 0xE1CA, 0xE1CA, 0xE1CA, 0xE1CA, 0xE1AA, 0xE1AA, 0xE1AA, 0xE189, 0xE189, 0xE189, 0xD989, 0xD989, 0xD969, 0xD969, 0xD969,
    0xD169, 0xD169, 0xD169, 0xD169, 0xD169, 0xC949, 0xC949, 0xC949, 0xC949, 0xC948, 0xC148, 0xC148, 0xC148, 0xC148, 0xC128, 0xB928,
    0xB928, 0xB928, 0xB928, 0xB928, 0xB128, 0xB128, 0xB108, 0xB108, 0xB108, 0xA907, 0xA907, 0xA907, 0xA907, 0xA907, 0xA0E7, 0xA0E7,
    0xA0E7, 0xA0E7, 0xA0E7, 0x98E7, 0x98E7, 0x98E7, 0x98C7, 0x98C7, 0x90C7, 0x90C6, 0x90C6, 0x90C6, 0x90C6, 0x88C6, 0x88A6, 0x88A6,
    0x88A6, 0x80A6, 0x80A6, 0x80A6, 0x80A6, 0x78A6, 0x7885, 0x7885, 0x7885, 0x7885, 0x7885, 0x7885, 0x7085, 0x7085, 0x7085, 0x7085,
    0x7085, 0x7085, 0x7085, 0x7085, 0x7085, 0x7085, 0x7085, 0x6885, 0x6885, 0x6885, 0x6885, 0x6885, 0x6885, 0x6885, 0x6885, 0x6085,
    0x6084, 0x6064, 0x6064, 0x6064, 0x6084, 0x82EB, 0x60A5, 0x5823, 0xA42F, 0xC5F4, 0x826A, 0x5003, 0x5884, 0x5044, 0x6208, 0x50A4,
    0x5043, 0x5063, 0x4863, 0x4863, 0x4863, 0x4843, 0x4843, 0x4843, 0x4043, 0x4043, 0x4043, 0x4043, 0x4043, 0x4043, 0x4043, 0x4043,
    0x70C5, 0x70C5, 0x70C5, 0x70C5, 0x70C5, 0x70C5, 0x70C5, 0x78C5, 0x78C5, 0x80E5, 0x80E5, 0x88E6, 0x88E6, 0x8906, 0x9106, 0x90E6,
    0x89A7, 0x8228, 0xA106, 0x9947, 0xA106, 0xB3EE, 0xBDF4, 0xB36D, 0xA906, 0xAA29, 0xA32C, 0xB167, 0xB1A8, 0xB9A8, 0xB9C8, 0xB9C8,
    0xC1C9, 0xC1E9, 0xC1E9, 0xC9E9, 0xCA09, 0xCA09, 0xCA29, 0xD22A, 0xD22A, 0xD24A, 0xD24A, 0xDA4A, 0xDA6A, 0xDA6A, 0xDA6A, 0xE28A,
    0xE28B, 0xE28B, 0xE2AB, 0xE2AB, 0xEAAB, 0xEAAB, 0xEACB, 0xEACB, 0xEACB, 0xEACB, 0xEACB, 0xEAEB, 0xF2EB, 0xF2EC, 0xF2EC, 0xF2EC,
    0xF2EC, 0xF2EC, 0xF2EC, 0xF2EC, 0xF2EC, 0xF2EC, 0xF2EC, 0xF2EC, 0xF2EC, 0xF2EC, 0xF2EC, 0xF2EB, 0xF2EB, 0xF2EB, 0xF2CB, 0xF2CB,
    0xF2CB, 0xF2CB, 0xF2CB, 0xF2CB, 0xF2AB, 0xF2AB, 0xEAAB, 0xEAAB, 0xEAAB, 0xEA8B, 0xEA8B, 0xEA8B, 0xEA8B, 0xEA6B, 0xEA6B, 0xEA6B,
    0xEA6B, 0xEA6B, 0xEA4B, 0xEA4B, 0xEA4B, 0xEA4A, 0xEA2A, 0xEA2A, 0xEA2A, 0xE20A, 0xE20A, 0xE20A, 0xE20A, 0xE1EA, 0xE1EA, 0xE1EA,
    0xE1EA, 0xE1CA, 0xE1CA, 0xE1CA, 0xE1AA, 0xE1AA, 0xE1AA, 0xE1AA, 0xE189, 0xE189, 0xD989, 0xD989, 0xD989, 0xD969, 0xD969, 0xD969,
    0xD169, 0xD169, 0xD169, 0xD169, 0xD169, 0xC949, 0xC949, 0xC949, 0xC949, 0xC948, 0xC148, 0xC148, 0xC148, 0xC128, 0xC128, 0xB928,
    0xB928, 0xB928, 0xB928, 0xB928, 0xB128, 0xB128, 0xB108, 0xB108, 0xB108, 0xA907, 0xA907, 0xA907, 0xA907, 0xA907, 0xA0E7, 0xA0E7,
    0xA0E7, 0xA0E7, 0xA0E7, 0x98E7, 0x98E7, 0x98E7, 0x98C7, 0x90C7, 0x90C6, 0x90C6, 0x90C6, 0x90C6, 0x88C6, 0x88C6, 0x88A6, 0x88A6,
    0x88A6, 0x80A6, 0x80A6, 0x80A6, 0x80A6, 0x78A6, 0x7885, 0x7885, 0x7885, 0x7885, 0x7885, 0x7885, 0x7885, 0x7085, 0x7085, 0x7085,
    0x7085, 0x7085, 0x7085, 0x7085, 0x7085, 0x7085, 0x7085, 0x7085, 0x6885, 0x6885, 0x6885, 0x6885, 0x6885, 0x6885, 0x6885, 0x6885,
    0x6085, 0x6064, 0x6064, 0x6084, 0x5823, 0x7A49, 0x71E8, 0x5002, 0x7A29, 0xC5F4, 0xA44F, 0x5844, 0x5864, 0x5023, 0x6166, 0x5966,
    0x5023, 0x5064, 0x4863, 0x4863, 0x4863, 0x4843, 0x4843, 0x4843, 0x4043, 0x4043, 0x4043, 0x4043, 0x4043, 0x4043, 0x4043, 0x4043,
    0x70C5, 0x70C5, 0x70C5, 0x70C5, 0x70C5, 0x70C5, 0x70C5, 0x78C5, 0x78C5, 0x80E5, 0x80E5, 0x88E6, 0x88E6, 0x9106, 0x9106, 0x98E6,
    0x8228, 0x9187, 0xA127, 0xA127, 0xA1A8, 0xBD32, 0xBD72, 0xAA09, 0xA907, 0xA32C, 0xAA49, 0xB168, 0xB9A8, 0xB9A8, 0xB9C8, 0xB9C8,
    0xC1C9, 0xC1E9, 0xC1E9, 0xC9E9, 0xCA09, 0xCA09, 0xCA09, 0xD229, 0xD22A, 0xD22A, 0xDA4A, 0xDA4A, 0xDA4A, 0xDA6A, 0xDA6A, 0xE26A,
    0xE28A, 0xE28B, 0xE28B, 0xE2AB, 0xEAAB, 0xEAAB, 0xEAAB, 0xEACB, 0xEACB, 0xEACB, 0xEACB, 0xEACB, 0xF2CB, 0xF2EB, 0xF2EB, 0xF2EC,
    0xF2EC, 0xF2EC, 0xF2EC, 0xF2EC, 0xF2EC, 0xF2EC, 0xF2EC, 0xF2EB, 0xF2EB, 0xF2EB, 0xF2EB, 0xF2EB, 0xF2CB, 0xF2CB, 0xF2CB, 0xF2CB,
    0xF2CB, 0xF2CB, 0xF2CB, 0xF2AB, 0xEAAB, 0xEAAB, 0xEAAB, 0xEAAB, 0xEA8B, 0xEA8B, 0xEA8B, 0xEA8B, 0xEA8B, 0xEA6B, 0xEA6B, 0xEA6B,
    0xEA6B, 0xEA4B, 0xEA4B, 0xEA4B, 0xEA4A, 0xEA2A, 0xEA2A, 0xEA2A, 0xEA2A, 0xE20A, 0xE20A, 0xE20A, 0xE20A, 0xE1EA, 0xE1EA, 0xE1EA,
    0xE1CA, 0xE1CA, 0xE1CA, 0xE1CA, 0xE1AA, 0xE1AA, 0xE1AA, 0xE1AA, 0xE189, 0xE189, 0xD989, 0xD989, 0xD969, 0xD969, 0xD969, 0xD169,
    0xD169, 0xD169, 0xD169, 0xD169, 0xC969, 0xC949, 0xC949, 0xC949, 0xC948, 0xC148, 0xC148, 0xC148, 0xC148, 0xC128, 0xB928, 0xB928,
    0xB928, 0xB928, 0xB928, 0xB128, 0xB128, 0xB108, 0xB108, 0xB108, 0xA907, 0xA907, 0xA907, 0xA907, 0xA907, 0xA107, 0xA0E7, 0xA0E7,
    0xA0E7, 0xA0E7, 0x98E7, 0x98E7, 0x98E7, 0x98C7, 0x98C7, 0x90C7, 0x90C6, 0x90C6, 0x90C6, 0x90C6, 0x88C6, 0x88C6, 0x88A6, 0x88A6,
    0x88A6, 0x80A6, 0x80A6, 0x80A6, 0x80A6, 0x78A6, 0x7885, 0x7885, 0x7885, 0x7885, 0x7885, 0x7885, 0x7885, 0x7885, 0x7085, 0x7085,
    0x7085, 0x7085, 0x7085, 0x7085, 0x7085, 0x7085, 0x7085, 0x7085, 0x6885, 0x6885, 0x6885, 0x6885, 0x6885, 0x6885, 0x6885, 0x6885,
    0x6085, 0x6084, 0x6064, 0x6084, 0x6044, 0x68E5, 0x82EB, 0x5844, 0x60A5, 0xB4F1, 0xBD93, 0x6967, 0x5023, 0x5864, 0x58A4, 0x6208,
    0x5043, 0x5064, 0x5063, 0x4863, 0x4863, 0x4863, 0x4843, 0x4843, 0x4843, 0x4043, 0x4043, 0x4043, 0x4043, 0x4043, 0x4043, 0x4043,
    0x70C5, 0x70C5, 0x70C5, 0x70C5, 0x70C5, 0x70C5, 0x78C5, 0x78C5, 0x78C5, 0x80E5, 0x80E5, 0x88E6, 0x88E6, 0x9106, 0x9106, 0x9126,
    0x7A49, 0x9926, 0x9947, 0xA0E6, 0xAAEB, 0xBDD3, 0xB44F, 0xA927, 0xA9A8, 0xA34C, 0xB188, 0xB188, 0xB9A8, 0xB9A8, 0xB9A8, 0xC1C8,
    0xC1C9, 0xC1C9, 0xC1E9, 0xC9E9, 0xCA09, 0xCA09, 0xD209, 0xD229, 0xD22A, 0xD22A, 0xDA4A, 0xDA4A, 0xDA4A, 0xDA6A, 0xDA6A, 0xE26A,
    0xE26A, 0xE28B, 0xE28B, 0xE2AB, 0xEAAB, 0xEAAB, 0xEAAB, 0xEAAB, 0xEACB, 0xEACB, 0xEACB, 0xEACB, 0xF2CB, 0xF2CB, 0xF2CB, 0xF2EB,
    0xF2EB, 0xF2EB, 0xF2EB, 0xF2EB, 0xF2EB, 0xF2EB, 0xF2EB, 0xF2CB, 0xF2CB, 0xF2CB, 0xF2CB, 0xF2CB, 0xF2CB, 0xF2CB, 0xF2CB, 0xF2CB,
    0xF2CB, 0xF2AB, 0xF2AB, 0xEAAB, 0xEAAB, 0xEAAB, 0xEA8B, 0xEA8B, 0xEA8B, 0xEA8B, 0xEA8B, 0xEA6B, 0xEA6B, 0xEA6B, 0xEA6B, 0xEA6B,
    0xEA4B, 0xEA4B, 0xEA4B, 0xEA4A, 0xEA2A, 0xEA2A, 0xEA2A, 0xEA2A, 0xE20A, 0xE20A, 0xE20A, 0xE20A, 0xE1EA, 0xE1EA, 0xE1EA, 0xE1EA,
    0xE1CA, 0xE1CA, 0xE1CA, 0xE1AA, 0xE1AA, 0xE1AA, 0xE1AA, 0xE189, 0xE189, 0xE189, 0xD989, 0xD989, 0xD969, 0xD969, 0xD969, 0xD169,
    0xD169, 0xD169, 0xD169, 0xD169, 0xC949, 0xC949, 0xC949, 0xC949, 0xC948, 0xC148, 0xC148, 0xC148, 0xC148, 0xC128, 0xB928, 0xB928,
    0xB928, 0xB928, 0xB928, 0xB128, 0xB128, 0xB108, 0xB108, 0xB108, 0xA907, 0xA907, 0xA907, 0xA907, 0xA907, 0xA0E7, 0xA0E7, 0xA0E7,
    0xA0E7, 0xA0E7, 0x98E7, 0x98E7, 0x98E7, 0x98C7, 0x98C7, 0x90C7, 0x90C6, 0x90C6, 0x90C6, 0x90C6, 0x88C6, 0x88A6, 0x88A6, 0x88A6,
    0x88A6, 0x80A6, 0x80A6, 0x80A6, 0x80A6, 0x7886, 0x7885, 0x7885, 0x7885, 0x7885, 0x7885, 0x7885, 0x7885, 0x7885, 0x7085, 0x7085,
    0x7085, 0x7085, 0x7085, 0x7085, 0x7085, 0x7085, 0x7085, 0x7085, 0x7085, 0x6885, 0x6885, 0x6885, 0x6885, 0x6885, 0x6885, 0x6885,
    0x6885, 0x6085, 0x6064, 0x6064, 0x6084, 0x5824, 0x82AA, 0x6926, 0x5003, 0x934C, 0xCE14, 0x8B2C, 0x5003, 0x5884, 0x5043, 0x61E7,
    0x58E5, 0x5043, 0x5064, 0x4863, 0x4863, 0x4863, 0x4843, 0x4843, 0x4843, 0x4043, 0x4043, 0x4043, 0x4043, 0x4043, 0x4043, 0x4043,
    0x70C5, 0x70C5, 0x70C5, 0x70C5, 0x70C5, 0x70C5, 0x78C5, 0x78C5, 0x78C5, 0x80E5, 0x80E5, 0x88E6, 0x88E6, 0x9106, 0x90E6, 0x89A7,
    0x89E8, 0xA106, 0x9947, 0xA126, 0xB44F, 0xBDD3, 0xB2EB, 0xA8E6, 0xAAAA, 0xAACB, 0xB147, 0xB1A8, 0xB9A8, 0xB9A8, 0xB9A8, 0xC1C8,
    0xC1C9, 0xC1C9, 0xC1E9, 0xC9E9, 0xC9E9, 0xCA09, 0xD209, 0xD22A, 0xD22A, 0xD22A, 0xDA2A, 0xDA4A, 0xDA4A, 0xDA4A, 0xDA6A, 0xE26A,
    0xE26A, 0xE28B, 0xE28B, 0xE28B, 0xEA8B, 0xEAAB, 0xEAAB, 0xEAAB, 0xEAAB, 0xEAAB, 0xEACB, 0xEACB, 0xF2CB, 0xF2CB, 0xF2CB, 0xF2CB,
    0xF2CB, 0xF2CB, 0xF2CB, 0xF2CB, 0xF2CB, 0xF2CB, 0xF2CB, 0xF2CB, 0xF2CB, 0xF2CB, 0xF2CB, 0xF2CB, 0xF2CB, 0xF2CB, 0xF2CB, 0xF2AB,
    0xF2AB, 0xEAAB, 0xEAAB, 0xEAAB, 0xEAAB, 0xEA8B, 0xEA8B, 0xEA8B, 0xEA8B, 0xEA8B, 0xEA8B, 0xEA6B, 0xEA6B, 0xEA6B, 0xEA6B, 0xEA4B,
    0xEA4B, 0xEA4B, 0xEA4B, 0xEA2A, 0xEA2A, 0xEA2A, 0xEA2A, 0xEA0A, 0xE20A, 0xE20A, 0xE20A, 0xE1EA, 0xE1EA, 0xE1EA, 0xE1EA, 0xE1CA,
    0xE1CA, 0xE1CA, 0xE1CA, 0xE1AA, 0xE1AA, 0xE1AA, 0xE18A, 0xE189, 0xE189, 0xD989, 0xD989, 0xD969, 0xD969, 0xD969, 0xD169, 0xD169,
    0xD169, 0xD169, 0xD169, 0xD169, 0xC949, 0xC949, 0xC949, 0xC948, 0xC148, 0xC148, 0xC148, 0xC148, 0xC128, 0xC128, 0xB928, 0xB928,
    0xB928, 0xB928, 0xB928, 0xB128, 0xB128, 0xB108, 0xB108, 0xB108, 0xA907, 0xA907, 0xA907, 0xA907, 0xA907, 0xA0E7, 0xA0E7, 0xA0E7,
    0xA0E7, 0xA0E7, 0x98E7, 0x98E7, 0x98E7, 0x98C7, 0x98C7, 0x90C7, 0x90C6, 0x90C6, 0x90C6, 0x90C6, 0x88C6, 0x88A6, 0x88A6, 0x88A6,
    0x88A6, 0x80A6, 0x80A6, 0x80A6, 0x80A6, 0x7886, 0x7885, 0x7885, 0x7885, 0x7885, 0x7885, 0x7885, 0x7885, 0x7885, 0x7885, 0x7085,
    0x7085, 0x7085, 0x7085, 0x7085, 0x7085, 0x7085, 0x7085, 0x7085, 0x7085, 0x6885, 0x6885, 0x6885, 0x6885, 0x6885, 0x6885, 0x6885,
    0x6885, 0x6085, 0x6064, 0x6064, 0x6084, 0x5824, 0x71A7, 0x7A8A, 0x5003, 0x7187, 0xC5B3, 0xACD0, 0x58A4, 0x5864, 0x5023, 0x5926,
    0x5986, 0x5023, 0x5064, 0x5063, 0x4863, 0x4863, 0x4843, 0x4843, 0x4843, 0x4043, 0x4043, 0x4043, 0x4043, 0x4043, 0x4043, 0x4043,
    0x70A5, 0x70C5, 0x70C5, 0x70C5, 0x70C5, 0x70C5, 0x78C5, 0x78C5, 0x80C5, 0x80E5, 0x80E6, 0x88E6, 0x88E6, 0x9106, 0x90E6, 0x8228,
    0x9167, 0x9906, 0x9906, 0xA1E9, 0xBD72, 0xBD31, 0xA9A8, 0xA927, 0xA32C, 0xB1C9, 0xB168, 0xB988, 0xB9A8, 0xB9A8, 0xB9A8, 0xC1C8,
    0xC1C9, 0xC1C9, 0xC9E9, 0xC9E9, 0xC9E9, 0xCA09, 0xD209, 0xD20A, 0xD22A, 0xD22A, 0xDA2A, 0xDA4A, 0xDA4A, 0xDA4A, 0xDA6A, 0xE26A,
    0xE26A, 0xE26B, 0xE28B, 0xE28B, 0xEA8B, 0xEA8B, 0xEAAB, 0xEAAB, 0xEAAB, 0xEAAB, 0xEAAB, 0xEACB, 0xF2CB, 0xF2CB, 0xF2CB, 0xF2CB,
    0xF2CB, 0xF2CB, 0xF2CB, 0xF2CB, 0xF2CB, 0xF2CB, 0xF2CB, 0xF2CB, 0xF2CB, 0xF2CB, 0xF2CB, 0xF2CB, 0xF2AB, 0xF2AB, 0xF2AB, 0xEAAB,
    0xEAAB, 0xEAAB, 0xEAAB, 0xEAAB, 0xEA8B, 0xEA8B, 0xEA8B, 0xEA8B, 0xEA8B, 0xEA8B, 0xEA6B, 0xEA6B, 0xEA6B, 0xEA6B, 0xEA4B, 0xEA4B,
    0xEA4B, 0xEA4B, 0xEA2A, 0xEA2A, 0xEA2A, 0xEA2A, 0xEA2A, 0xE20A, 0xE20A, 0xE20A, 0xE1EA, 0xE1EA, 0xE1EA, 0xE1EA, 0xE1EA, 0xE1CA,
    0xE1CA, 0xE1CA, 0xE1AA, 0xE1AA, 0xE1AA, 0xE1AA, 0xE189, 0xE189, 0xE189, 0xD989, 0xD989, 0xD969, 0xD969, 0xD969, 0xD169, 0xD169,
    0xD169, 0xD169, 0xD169, 0xC949, 0xC949, 0xC949, 0xC949, 0xC948, 0xC148, 0xC148, 0xC148, 0xC148, 0xC128, 0xB928, 0xB928, 0xB928,
    0xB928, 0xB928, 0xB128, 0xB128, 0xB108, 0xB108, 0xB108, 0xA907, 0xA907, 0xA907, 0xA907, 0xA907, 0xA907, 0xA0E7, 0xA0E7, 0xA0E7,
    0xA0E7, 0x98E7, 0x98E7, 0x98E7, 0x98E7, 0x98C7, 0x90C7, 0x90C6, 0x90C6, 0x90C6, 0x90C6, 0x88C6, 0x88C6, 0x88A6, 0x88A6, 0x88A6,
    0x80A6, 0x80A6, 0x80A6, 0x80A6, 0x80A6, 0x7886, 0x7886, 0x7885, 0x7885, 0x7885, 0x7885, 0x7885, 0x7885, 0x7885, 0x7885, 0x7085,
    0x7085, 0x7085, 0x7085, 0x7085, 0x7085, 0x7085, 0x7085, 0x7085, 0x7085, 0x7085, 0x6885, 0x6885, 0x6885, 0x6885, 0x6885, 0x6885,
    0x6885, 0x6085, 0x6064, 0x6064, 0x6064, 0x6064, 0x6085, 0x82EB, 0x6084, 0x5844, 0xAC6F, 0xC5D3, 0x71C8, 0x5023, 0x5864, 0x5884,
    0x61E8, 0x5043, 0x5064, 0x5063, 0x4863, 0x4863, 0x4863, 0x4843, 0x4843, 0x4843, 0x4043, 0x4043, 0x4043, 0x4043, 0x4043, 0x4043,
    0x70A5, 0x70C5, 0x70C5, 0x70C5, 0x70C5, 0x70C5, 0x78C5, 0x78C5, 0x80C5, 0x80E5, 0x80E6, 0x88E6, 0x88E6, 0x90E6, 0x9126, 0x7A49,
    0x9906, 0x9927, 0x98E6, 0xAB0C, 0xBDF3, 0xB3EE, 0xA8E6, 0xA9E9, 0xA32C, 0xB147, 0xB188, 0xB988, 0xB988, 0xB9A8, 0xB9A8, 0xC1C8,
    0xC1C9, 0xC1C9, 0xC9E9, 0xC9E9, 0xC9E9, 0xCA09, 0xD209, 0xD209, 0xD22A, 0xD22A, 0xDA2A, 0xDA2A, 0xDA4A, 0xDA4A, 0xE26A, 0xE26A,
    0xE26A, 0xE26A, 0xE26B, 0xE28B, 0xE28B, 0xEA8B, 0xEA8B, 0xEAAB, 0xEAAB, 0xEAAB, 0xEAAB, 0xEAAB, 0xF2AB, 0xF2CB, 0xF2CB, 0xF2CB,
    0xF2CB, 0xF2CB, 0xF2CB, 0xF2CB, 0xF2CB, 0xF2CB, 0xF2CB, 0xF2CB, 0xF2CB, 0xF2AB, 0xF2AB, 0xF2AB, 0xF2AB, 0xEAAB, 0xEAAB, 0xEAAB,
    0xEAAB, 0xEAAB, 0xEA8B, 0xEA8B, 0xEA8B, 0xEA8B, 0xEA8B, 0xEA8B, 0xEA6B, 0xEA6B, 0xEA6B, 0xEA6B, 0xEA6B, 0xEA4B, 0xEA4B, 0xEA4B,
    0xEA4B, 0xEA2A, 0xEA2A, 0xEA2A, 0xEA2A, 0xEA2A, 0xE20A, 0xE20A, 0xE20A, 0xE20A, 0xE1EA, 0xE1EA, 0xE1EA, 0xE1EA, 0xE1CA, 0xE1CA,
    0xE1CA, 0xE1AA, 0xE1AA, 0xE1AA, 0xE1AA, 0xE18A, 0xE189, 0xE189, 0xD989, 0xD989, 0xD969, 0xD969, 0xD969, 0xD969, 0xD169, 0xD169,
    0xD169, 0xD169, 0xD169, 0xC949, 0xC949, 0xC949, 0xC949, 0xC948, 0xC148, 0xC148, 0xC148, 0xC148, 0xC128, 0xB928, 0xB928, 0xB928,
    0xB928, 0xB928, 0xB128, 0xB128, 0xB108, 0xB108, 0xB108, 0xA907, 0xA907, 0xA907, 0xA907, 0xA907, 0xA0E7, 0xA0E7, 0xA0E7, 0xA0E7,
    0xA0E7, 0x98E7, 0x98E7, 0x98E7, 0x98E7, 0x98C7, 0x90C7, 0x90C6, 0x90C6, 0x90C6, 0x90C6, 0x88C6, 0x88C6, 0x88A6, 0x88A6, 0x88A6,
    0x80A6, 0x80A6, 0x80A6, 0x80A6, 0x80A6, 0x7886, 0x7886, 0x7885, 0x7885, 0x7885, 0x7885, 0x7885, 0x7885, 0x7885, 0x7885, 0x7885,
    0x7085, 0x7085, 0x7085, 0x7085, 0x7085, 0x7085, 0x7085, 0x7085, 0x7085, 0x7085, 0x6885, 0x6885, 0x6885, 0x6885, 0x6885, 0x6885,
    0x6885, 0x6885, 0x6084, 0x6064, 0x6064, 0x6084, 0x5823, 0x7A69, 0x7187, 0x5002, 0x8AEB, 0xCE14, 0x936C, 0x5003, 0x5884, 0x5023,
    0x61C7, 0x58E5, 0x5043, 0x5063, 0x4863, 0x4863, 0x4863, 0x4843, 0x4843, 0x4843, 0x4043, 0x4043, 0x4043, 0x4043, 0x4043, 0x4043,
    0x70A5, 0x70A5, 0x70C5, 0x70C5, 0x70C5, 0x70C5, 0x78C5, 0x78C5, 0x80E5, 0x80E5, 0x88E6, 0x88E6, 0x88E6, 0x90C6, 0x89A7, 0x8208,
    0x98E6, 0x9927, 0xA106, 0xB46F, 0xBDD3, 0xB2AB, 0xA8C6, 0xA2CB, 0xAA8A, 0xB127, 0xB188, 0xB988, 0xB988, 0xB9A8, 0xC1A8, 0xC1A9,
    0xC1C9, 0xC1C9, 0xC9C9, 0xC9E9, 0xC9E9, 0xC9E9, 0xD209, 0xD209, 0xD20A, 0xD22A, 0xDA2A, 0xDA2A, 0xDA4A, 0xDA4A, 0xE24A, 0xE24A,
    0xE26A, 0xE26A, 0xE26B, 0xE28B, 0xEA8B, 0xEA8B, 0xEA8B, 0xEA8B, 0xEAAB, 0xEAAB, 0xEAAB, 0xEAAB, 0xF2AB, 0xF2AB, 0xF2AB, 0xF2AB,
    0xF2AB, 0xF2AB, 0xF2AB, 0xF2AB, 0xF2AB, 0xF2AB, 0xF2AB, 0xF2AB, 0xF2AB, 0xF2AB, 0xEAAB, 0xEAAB, 0xEAAB, 0xEAAB, 0xEAAB, 0xEAAB,
    0xEAAB, 0xEA8B, 0xEA8B, 0xEA8B, 0xEA8B, 0xEA8B, 0xEA8B, 0xEA6B, 0xEA6B, 0xEA6B, 0xEA6B, 0xEA6B, 0xEA4B, 0xEA4B, 0xEA4B, 0xEA4B,
    0xEA4A, 0xEA2A, 0xEA2A, 0xEA2A, 0xEA2A, 0xE20A, 0xE20A, 0xE20A, 0xE20A, 0xE1EA, 0xE1EA, 0xE1EA, 0xE1EA, 0xE1CA, 0xE1CA, 0xE1CA,
    0xE1CA, 0xE1AA, 0xE1AA, 0xE1AA, 0xE1AA, 0xE189, 0xE189, 0xE189, 0xD989, 0xD989, 0xD969, 0xD969, 0xD969, 0xD169, 0xD169, 0xD169,
    0xD169, 0xD169, 0xC969, 0xC949, 0xC949, 0xC949, 0xC949, 0xC948, 0xC148, 0xC148, 0xC148, 0xC128, 0xC128, 0xB928, 0xB928, 0xB928,
    0xB928, 0xB928, 0xB128, 0xB128, 0xB108, 0xB108, 0xB108, 0xA907, 0xA907, 0xA907, 0xA907, 0xA907, 0xA0E7, 0xA0E7, 0xA0E7, 0xA0E7,
    0xA0E7, 0x98E7, 0x98E7, 0x98E7, 0x98C7, 0x98C7, 0x90C7, 0x90C6, 0x90C6, 0x90C6, 0x90C6, 0x88C6, 0x88C6, 0x88A6, 0x88A6, 0x88A6,
    0x80A6, 0x80A6, 0x80A6, 0x80A6, 0x8086, 0x7886, 0x7886, 0x7886, 0x7885, 0x7885, 0x7885, 0x7885, 0x7885, 0x7885, 0x7885, 0x7885,
    0x7085, 0x7085, 0x7085, 0x7085, 0x7085, 0x7085, 0x7085, 0x7085, 0x7085, 0x7085, 0x6885, 0x6885, 0x6885, 0x6885, 0x6885, 0x6885,
    0x6885, 0x6885, 0x6085, 0x6064, 0x6064, 0x6084, 0x5844, 0x7167, 0x82AA, 0x5003, 0x7167, 0xC593, 0xB4F1, 0x58A4, 0x5864, 0x5023,
    0x5946, 0x5987, 0x5023, 0x5064, 0x5063, 0x4863, 0x4863, 0x4843, 0x4843, 0x4843, 0x4043, 0x4043, 0x4043, 0x4043, 0x4043, 0x4043,
    0x70A5, 0x70A5, 0x70C5, 0x70C5, 0x70C5, 0x70C5, 0x78C5, 0x78C5, 0x80C5, 0x80E5, 0x88E6, 0x88E6, 0x8906, 0x90C6, 0x8208, 0x9187,
    0x9906, 0x98E6, 0xA1C8, 0xBD72, 0xBD11, 0xA988, 0xA927, 0xA34C, 0xB1A8, 0xB168, 0xB188, 0xB988, 0xB988, 0xB9A8, 0xC1A8, 0xC1A9,
    0xC1C9, 0xC1C9, 0xC9C9, 0xC9E9, 0xC9E9, 0xD1E9, 0xD209, 0xD20A, 0xD20A, 0xD22A, 0xDA2A, 0xDA2A, 0xDA2A, 0xDA4A, 0xE24A, 0xE24A,
    0xE26A, 0xE26A, 0xE26B, 0xE26B, 0xEA6B, 0xEA8B, 0xEA8B, 0xEA8B, 0xEA8B, 0xEAAB, 0xEAAB, 0xEAAB, 0xEAAB, 0xEAAB, 0xEAAB, 0xEAAB,
    0xEAAB, 0xEAAB, 0xEAAB, 0xEAAB, 0xEAAB, 0xEAAB, 0xEAAB, 0xEAAB, 0xEAAB, 0xEAAB, 0xEAAB, 0xEAAB, 0xEAAB, 0xEAAB, 0xEA8B, 0xEA8B,
    0xEA8B, 0xEA8B, 0xEA8B, 0xEA8B, 0xEA8B, 0xEA6B, 0xEA6B, 0xEA6B, 0xEA6B, 0xEA6B, 0xEA6B, 0xEA4B, 0xEA4B, 0xEA4B, 0xEA4B, 0xEA4A,
    0xEA2A, 0xEA2A, 0xEA2A, 0xEA2A, 0xE20A, 0xE20A, 0xE20A, 0xE20A, 0xE20A, 0xE1EA, 0xE1EA, 0xE1EA, 0xE1EA, 0xE1CA, 0xE1CA, 0xE1CA,
    0xE1CA, 0xE1AA, 0xE1AA, 0xE1AA, 0xE18A, 0xE189, 0xE189, 0xD989, 0xD989, 0xD969, 0xD969, 0xD969, 0xD169, 0xD169, 0xD169, 0xD169,
    0xD169, 0xD169, 0xC949, 0xC949, 0xC949, 0xC949, 0xC948, 0xC148, 0xC148, 0xC148, 0xC148, 0xC128, 0xB928, 0xB928, 0xB928, 0xB928,
    0xB928, 0xB128, 0xB128, 0xB108, 0xB108, 0xB108, 0xB107, 0xA907, 0xA907, 0xA907, 0xA907, 0xA907, 0xA0E7, 0xA0E7, 0xA0E7, 0xA0E7,
    0xA0E7, 0x98E7, 0x98E7, 0x98E7, 0x98C7, 0x98C7, 0x90C6, 0x90C6, 0x90C6, 0x90C6, 0x90C6, 0x88C6, 0x88A6, 0x88A6, 0x88A6, 0x88A6,
    0x80A6, 0x80A6, 0x80A6, 0x80A6, 0x8086, 0x7886, 0x7886, 0x7886, 0x7885, 0x7885, 0x7885, 0x7885, 0x7885, 0x7885, 0x7885, 0x7885,
    0x7885, 0x7085, 0x7085, 0x7085, 0x7085, 0x7085, 0x7085, 0x7085, 0x7085, 0x7085, 0x7085, 0x6885, 0x6885, 0x6885, 0x6885, 0x6885,
    0x6885, 0x6885, 0x6085, 0x6084, 0x6064, 0x6064, 0x6064, 0x6084, 0x830B, 0x60A5, 0x5844, 0xAC6F, 0xC5D3, 0x71C8, 0x5023, 0x5864,
    0x58A4, 0x6208, 0x5043, 0x5064, 0x5063, 0x4863, 0x4863, 0x4863, 0x4843, 0x4843, 0x4043, 0x4043, 0x4043, 0x4043, 0x4043, 0x4043,
    0x68A4, 0x70A5, 0x70C5, 0x70C5, 0x70C5, 0x70C5, 0x78C5, 0x78C5, 0x80C5, 0x80E5, 0x88E6, 0x88E6, 0x90E6, 0x9106, 0x7A49, 0x9906,
    0x9927, 0x98C6, 0xAAEB, 0xBDF3, 0xB40E, 0xA8E6, 0xA9C8, 0xA32C, 0xB147, 0xB188, 0xB168, 0xB988, 0xB988, 0xB988, 0xC1A8, 0xC1A8,
    0xC1C9, 0xC1C9, 0xC9C9, 0xC9E9, 0xC9E9, 0xD1E9, 0xD209, 0xD209, 0xD20A, 0xDA0A, 0xDA2A, 0xDA2A, 0xDA2A, 0xDA4A, 0xE24A, 0xE24A,
    0xE24A, 0xE26A, 0xE26B, 0xE26B, 0xEA6B, 0xEA8B, 0xEA8B, 0xEA8B, 0xEA8B, 0xEA8B, 0xEA8B, 0xEA8B, 0xEA8B, 0xEAAB, 0xEAAB, 0xEAAB,
    0xEAAB, 0xEAAB, 0xEAAB, 0xEAAB, 0xEAAB, 0xEAAB, 0xEAAB, 0xEAAB, 0xEAAB, 0xEAAB, 0xEAAB, 0xEA8B, 0xEA8B, 0xEA8B, 0xEA8B, 0xEA8B,
    0xEA8B, 0xEA8B, 0xEA8B, 0xEA8B, 0xEA6B, 0xEA6B, 0xEA6B, 0xEA6B, 0xEA6B, 0xEA6B, 0xEA4B, 0xEA4B, 0xEA4B, 0xEA4B, 0xEA2A, 0xEA2A,
    0xEA2A, 0xEA2A, 0xEA2A, 0xEA0A, 0xE20A, 0xE20A, 0xE20A, 0xE20A, 0xE1EA, 0xE1EA, 0xE1EA, 0xE1CA, 0xE1CA, 0xE1CA, 0xE1CA, 0xE1CA,
    0xE1AA, 0xE1AA, 0xE1AA, 0xE1AA, 0xE189, 0xE189, 0xE189, 0xD989, 0xD989, 0xD969, 0xD969, 0xD989, 0xD989, 0xD189, 0xD169, 0xD169,
    0xD169, 0xC969, 0xC949, 0xC949, 0xC949, 0xC949, 0xC948, 0xC148, 0xC148, 0xC148, 0xC128, 0xC128, 0xB928, 0xB928, 0xB928, 0xB928,
    0xB928, 0xB128, 0xB128, 0xB108, 0xB108, 0xB108, 0xA907, 0xA907, 0xA907, 0xA907, 0xA907, 0xA0E7, 0xA0E7, 0xA0E7, 0xA0E7, 0xA0E7,
    0x98E7, 0x98E7, 0x98E7, 0x98E7, 0x98C7, 0x90C7, 0x90C6, 0x90C6, 0x90C6, 0x90C6, 0x88C6, 0x88C6, 0x88A6, 0x88A6, 0x88A6, 0x80A6,
    0x80A6, 0x80A6, 0x80A6, 0x80A6, 0x7886, 0x7886, 0x7886, 0x7886, 0x7886, 0x7885, 0x7885, 0x7885, 0x7885, 0x7885, 0x7885, 0x7885,
    0x7885, 0x7085, 0x7085, 0x7085, 0x7085, 0x7085, 0x7085, 0x7085, 0x7085, 0x7085, 0x7085, 0x6885, 0x6885, 0x6885, 0x6885, 0x6885,
    0x6885, 0x6885, 0x6085, 0x6084, 0x6064, 0x6064, 0x6084, 0x5823, 0x7A69, 0x7187, 0x5002, 0x8B0B, 0xCE14, 0x932C, 0x5003, 0x5884,
    0x5043, 0x61E8, 0x50A4, 0x5043, 0x5063, 0x4863, 0x4863, 0x4863, 0x4843, 0x4843, 0x4043, 0x4043, 0x4043, 0x4043, 0x4043, 0x4043,
    0x68A4, 0x68A5, 0x70A5, 0x70C5, 0x70C5, 0x70C5, 0x78C5, 0x78C5, 0x80E5, 0x80E5, 0x88E6, 0x88E6, 0x90E6, 0x8967, 0x8208, 0x98E6,
    0x9927, 0x98E6, 0xB40F, 0xBDF4, 0xB2EB, 0xA8A6, 0xA28A, 0xAA8A, 0xB127, 0xB168, 0xB968, 0xB988, 0xB988, 0xB988, 0xC1A8, 0xC1A8,
    0xC1A9, 0xC1C9, 0xC9C9, 0xC9C9, 0xC9E9, 0xD1E9, 0xD1E9, 0xD209, 0xD20A, 0xDA0A, 0xDA0A, 0xDA2A, 0xDA2A, 0xDA2A, 0xE24A, 0xE24A,
    0xE24A, 0xE26A, 0xE26B, 0xE26B, 0xEA6B, 0xEA6B, 0xEA8B, 0xEA8B, 0xEA8B, 0xEA8B, 0xEA8B, 0xEA8B, 0xEA8B, 0xEA8B, 0xEA8B, 0xEA8B,
    0xEA8B, 0xEA8B, 0xEA8B, 0xEA8B, 0xEA8B, 0xEA8B, 0xEA8B, 0xEA8B, 0xEA8B, 0xEA8B, 0xEA8B, 0xEA8B, 0xEA8B, 0xEA8B, 0xEA8B, 0xEA8B,
    0xEA8B, 0xEA6B, 0xEA6B, 0xEA6B, 0xEA6B, 0xEA6B, 0xEA6B, 0xEA6B, 0xEA4B, 0xEA4B, 0xEA4B, 0xEA4B, 0xEA4B, 0xEA2A, 0xEA2A, 0xEA2A,
    0xEA2A, 0xEA2A, 0xE20A, 0xE20A, 0xE20A, 0xE20A, 0xE20A, 0xE1EA, 0xE1EA, 0xE1EA, 0xE1EA, 0xE1CA, 0xE1CA, 0xE1CA, 0xE1CA, 0xE1AA,
    0xE1AA, 0xE1AA, 0xE1AA, 0xE189, 0xE189, 0xE189, 0xD989, 0xD989, 0xD969, 0xD969, 0xD989, 0xD108, 0xD0E8, 0xC8E8, 0xC928, 0xD169,
    0xD169, 0xC949, 0xC949, 0xC949, 0xC949, 0xC948, 0xC148, 0xC148, 0xC148, 0xC148, 0xC128, 0xB928, 0xB928, 0xB928, 0xB928, 0xB928,
    0xB128, 0xB128, 0xB108, 0xB108, 0xB108, 0xB108, 0xA907, 0xA907, 0xA907, 0xA907, 0xA907, 0xA0E7, 0xA0E7, 0xA0E7, 0xA0E7, 0xA0E7,
    0x98E7, 0x98E7, 0x98E7, 0x98C7, 0x98C7, 0x90C7, 0x90C6, 0x90C6, 0x90C6, 0x90C6, 0x88C6, 0x88C6, 0x88A6, 0x88A6, 0x88A6, 0x80A6,
    0x80A6, 0x80A6, 0x80A6, 0x80A6, 0x7886, 0x7886, 0x7886, 0x7886, 0x7886, 0x7885, 0x7885, 0x7885, 0x7885, 0x7885, 0x7885, 0x7885,
    0x7885, 0x7885, 0x7085, 0x7085, 0x7085, 0x7085, 0x7085, 0x7085, 0x7085, 0x7085, 0x7085, 0x6885, 0x6885, 0x6885, 0x6885, 0x6885,
    0x6885, 0x6885, 0x6885, 0x6085, 0x6064, 0x6064, 0x6084, 0x5844, 0x7167, 0x7A8A, 0x5003, 0x71A8, 0xC5D3, 0xAC90, 0x5864, 0x5864,
    0x5023, 0x6186, 0x5946, 0x5023, 0x5064, 0x5063, 0x4863, 0x4863, 0x4843, 0x4843, 0x4843, 0x4043, 0x4043, 0x4043, 0x4043, 0x4043,
    0x68A4, 0x68A4, 0x70A5, 0x70A5, 0x70C5, 0x70C5, 0x78C5, 0x78C5, 0x80E5, 0x80E5, 0x88E6, 0x88E6, 0x90C6, 0x81E8, 0x89A8, 0x98E6,
    0x9906, 0xA167, 0xBD11, 0xBD72, 0xA9C9, 0xA8E6, 0xA32C, 0xA9C9, 0xB147, 0xB168, 0xB968, 0xB988, 0xB988, 0xB988, 0xC1A8, 0xC1A9,
    0xC1A9, 0xC1C9, 0xC9C9, 0xC9C9, 0xC9E9, 0xD1E9, 0xD1E9, 0xD1E9, 0xD20A, 0xDA0A, 0xDA0A, 0xDA2A, 0xDA2A, 0xDA2A, 0xE22A, 0xE24A,
    0xE24A, 0xE24A, 0xE24A, 0xE24B, 0xEA6B, 0xEA6B, 0xEA6B, 0xEA6B, 0xEA8B, 0xEA8B, 0xEA8B, 0xEA8B, 0xEA8B, 0xEA8B, 0xEA8B, 0xEA8B,
    0xEA8B, 0xEA8B, 0xEA8B, 0xEA8B, 0xEA8B, 0xEA8B, 0xEA8B, 0xEA8B, 0xEA8B, 0xEA8B, 0xEA8B, 0xEA8B, 0xEA8B, 0xEA8B, 0xEA8B, 0xEA6B,
    0xEA6B, 0xEA6B, 0xEA6B, 0xEA6B, 0xEA6B, 0xEA6B, 0xEA4B, 0xEA4B, 0xEA4B, 0xEA4B, 0xEA4B, 0xEA4A, 0xEA2A, 0xEA2A, 0xEA2A, 0xEA2A,
    0xEA2A, 0xEA0A, 0xE20A, 0xE20A, 0xE20A, 0xE20A, 0xE1EA, 0xE1EA, 0xE1EA, 0xE1EA, 0xE1CA, 0xE1CA, 0xE1CA, 0xE1CA, 0xE1AA, 0xE1AA,
    0xE1AA, 0xE1AA, 0xE18A, 0xE189, 0xE189, 0xD989, 0xD989, 0xD969, 0xD189, 0xC969, 0xC108, 0xD36E, 0xDBEF, 0xDC10, 0xD2CC, 0xC128,
    0xC969, 0xC949, 0xC949, 0xC949, 0xC949, 0xC948, 0xC148, 0xC148, 0xC148, 0xC128, 0xC128, 0xB928, 0xB928, 0xB928, 0xB928, 0xB928,
    0xB128, 0xB128, 0xB108, 0xB108, 0xB108, 0xA907, 0xA907, 0xA907, 0xA907, 0xA907, 0xA907, 0xA0E7, 0xA0E7, 0xA0E7, 0xA0E7, 0x98E7,
    0x98E7, 0x98E7, 0x98E7, 0x98C7, 0x98C7, 0x90C6, 0x90C6, 0x90C6, 0x90C6, 0x90C6, 0x88C6, 0x88A6, 0x88A6, 0x88A6, 0x88A6, 0x80A6,
    0x80A6, 0x80A6, 0x80A6, 0x80A6, 0x7886, 0x7886, 0x7886, 0x7886, 0x7886, 0x7886, 0x7885, 0x7885, 0x7885, 0x7885, 0x7885, 0x7885,
    0x7885, 0x7885, 0x7085, 0x7085, 0x7085, 0x7085, 0x7085, 0x7085, 0x7085, 0x7085, 0x7085, 0x7085, 0x6885, 0x6885, 0x6885, 0x6885,
    0x6885, 0x6885, 0x6885, 0x6085, 0x6084, 0x6064, 0x6064, 0x6064, 0x60A5, 0x82EB, 0x5864, 0x6085, 0xB4F1, 0xBD93, 0x6946, 0x5023,
    0x5044, 0x5905, 0x61C7, 0x5023, 0x5064, 0x5063, 0x4863, 0x4863, 0x4863, 0x4843, 0x4843, 0x4043, 0x4043, 0x4043, 0x4043, 0x4043,
    0x68A4, 0x68A4, 0x68A5, 0x70A5, 0x70C5, 0x70C5, 0x78C5, 0x78C5, 0x80C5, 0x80E5, 0x88E6, 0x88E6, 0x90C6, 0x7A28, 0x9147, 0x9906,
    0x98C6, 0xA22A, 0xBDB3, 0xBC90, 0xA907, 0xA968, 0xA32C, 0xB147, 0xB168, 0xB168, 0xB968, 0xB988, 0xB988, 0xB988, 0xC188, 0xC1A9,
    0xC1A9, 0xC9A9, 0xC9C9, 0xC9C9, 0xC9C9, 0xD1E9, 0xD1E9, 0xD1E9, 0xD20A, 0xDA0A, 0xDA0A, 0xDA2A, 0xDA2A, 0xDA2A, 0xE22A, 0xE22A,
    0xE24A, 0xE24A, 0xE24A, 0xE24A, 0xEA6B, 0xEA6B, 0xEA6B, 0xEA6B, 0xEA6B, 0xEA6B, 0xEA6B, 0xEA8B, 0xEA8B, 0xEA8B, 0xEA8B, 0xEA8B,
    0xEA8B, 0xEA8B, 0xEA8B, 0xEA8B, 0xEA8B, 0xEA8B, 0xEA8B, 0xEA8B, 0xEA8B, 0xEA8B, 0xEA8B, 0xEA6B, 0xEA6B, 0xEA6B, 0xEA6B, 0xEA6B,
    0xEA6B, 0xEA6B, 0xEA6B, 0xEA6B, 0xEA6B, 0xEA4B, 0xEA4B, 0xEA4B, 0xEA4B, 0xEA4B, 0xEA4A, 0xEA2A, 0xEA2A, 0xEA2A, 0xEA2A, 0xEA2A,
    0xE20A, 0xE20A, 0xE20A, 0xE20A, 0xE20A, 0xE1EA, 0xE1EA, 0xE1EA, 0xE1EA, 0xE1EA, 0xE1CA, 0xE1CA, 0xE1CA, 0xE1CA, 0xE1AA, 0xE1AA,
    0xE1AA, 0xE18A, 0xE189, 0xE189, 0xE189, 0xD989, 0xD969, 0xD189, 0xC948, 0xB907, 0xE4B1, 0xFFDA, 0xFF9A, 0xFFFB, 0xE4F2, 0xB8C7,
    0xC969, 0xC949, 0xC949, 0xC949, 0xC948, 0xC148, 0xC148, 0xC148, 0xC148, 0xC128, 0xB928, 0xB928, 0xB928, 0xB928, 0xB928, 0xB928,
    0xB128, 0xB128, 0xB108, 0xB108, 0xB108, 0xA907, 0xA907, 0xA907, 0xA907, 0xA907, 0xA0E7, 0xA0E7, 0xA0E7, 0xA0E7, 0xA0E7, 0x98E7,
    0x98E7, 0x98E7, 0x98E7, 0x98C7, 0x90C7, 0x90C6, 0x90C6, 0x90C6, 0x90C6, 0x88C6, 0x88C6, 0x88A6, 0x88A6, 0x88A6, 0x80A6, 0x80A6,
    0x80A6, 0x80A6, 0x80A6, 0x7886, 0x7886, 0x7886, 0x7886, 0x7886, 0x7886, 0x7886, 0x7885, 0x7885, 0x7885, 0x7885, 0x7885, 0x7885,
    0x7885, 0x7885, 0x7885, 0x7085, 0x7085, 0x7085, 0x7085, 0x7085, 0x7085, 0x7085, 0x7085, 0x7085, 0x6885, 0x6885, 0x6885, 0x6885,
    0x6885, 0x6885, 0x6885, 0x6885, 0x6084, 0x6064, 0x6064, 0x6084, 0x5824, 0x82AA, 0x6946, 0x5003, 0x9BAD, 0xCE14, 0x826A, 0x5003,
    0x5864, 0x5064, 0x6208, 0x5064, 0x5063, 0x5063, 0x4863, 0x4863, 0x4863, 0x4843, 0x4843, 0x4043, 0x4043, 0x4043, 0x4043, 0x4043,
    0x68A4, 0x68A4, 0x68A4, 0x70A5, 0x70C5, 0x78C5, 0x78C5, 0x78C5, 0x80C5, 0x80E5, 0x88E6, 0x88E6, 0x8906, 0x7A29, 0x90E6, 0x9927,
    0x98C6, 0xAB4D, 0xBDF4, 0xB36D, 0xA8A6, 0xAA29, 0xA2CB, 0xB107, 0xB168, 0xB168, 0xB968, 0xB968, 0xB988, 0xB988, 0xC188, 0xC1A8,
    0xC1A9, 0xC9A9, 0xC9C9, 0xC9C9, 0xC9C9, 0xD1E9, 0xD1E9, 0xD1E9, 0xD1EA, 0xDA0A, 0xDA0A, 0xDA0A, 0xDA2A, 0xDA2A, 0xE22A, 0xE22A,
    0xE24A, 0xE24A, 0xE24A, 0xE24A, 0xE24B, 0xEA4B, 0xEA6B, 0xEA6B, 0xEA6B, 0xEA6B, 0xEA6B, 0xEA6B, 0xEA6B, 0xEA6B, 0xEA6B, 0xEA6B,
    0xEA6B, 0xEA8B, 0xEA8B, 0xEA8B, 0xEA8B, 0xEA8B, 0xEA6B, 0xEA6B, 0xEA6B, 0xEA6B, 0xEA6B, 0xEA6B, 0xEA6B, 0xEA6B, 0xEA6B, 0xEA6B,
    0xEA6B, 0xEA6B, 0xEA6B, 0xEA4B, 0xEA4B, 0xEA4B, 0xEA4B, 0xEA4B, 0xEA4B, 0xEA4A, 0xEA2A, 0xEA2A, 0xEA2A, 0xEA2A, 0xEA2A, 0xE20A,
    0xE20A, 0xE20A, 0xE20A, 0xE20A, 0xE1EA, 0xE1EA, 0xE1EA, 0xE1EA, 0xE1EA, 0xE1CA, 0xE1CA, 0xE1CA, 0xE1CA, 0xE1AA, 0xE1AA, 0xE1AA,
    0xE1AA, 0xE189, 0xE189, 0xE189, 0xD989, 0xD969, 0xD189, 0xC928, 0xB948, 0xE553, 0xFFDA, 0xFF38, 0xFF18, 0xFFBA, 0xDC91, 0xB0C6,
    0xC169, 0xC948, 0xC949, 0xC949, 0xC948, 0xC148, 0xC148, 0xC148, 0xC128, 0xC128, 0xB928, 0xB928, 0xB928, 0xB928, 0xB928, 0xB128,
    0xB128, 0xB108, 0xB108, 0xB108, 0xB108, 0xA907, 0xA907, 0xA907, 0xA907, 0xA907, 0xA0E7, 0xA0E7, 0xA0E7, 0xA0E7, 0xA0E7, 0x98E7,
    0x98E7, 0x98E7, 0x98C7, 0x98C7, 0x90C7, 0x90C6, 0x90C6, 0x90C6, 0x90C6, 0x88C6, 0x88C6, 0x88A6, 0x88A6, 0x88A6, 0x80A6, 0x80A6,
    0x80A6, 0x80A6, 0x80A6, 0x7886, 0x7886, 0x7886, 0x7886, 0x7886, 0x7886, 0x7886, 0x7886, 0x7885, 0x7885, 0x7885, 0x7885, 0x7885,
    0x7885, 0x7885, 0x7885, 0x7085, 0x7085, 0x7085, 0x7085, 0x7085, 0x7085, 0x7085, 0x7085, 0x7085, 0x6885, 0x6885, 0x6885, 0x6885,
    0x6885, 0x6885, 0x6885, 0x6885, 0x6085, 0x6064, 0x6064, 0x6084, 0x5823, 0x71E8, 0x7A09, 0x5002, 0x826A, 0xCE14, 0x9BCE, 0x5023,
    0x5884, 0x5043, 0x61C7, 0x58E5, 0x5043, 0x5063, 0x4863, 0x4863, 0x4863, 0x4843, 0x4843, 0x4843, 0x4043, 0x4043, 0x4043, 0x4043,
    0x68A4, 0x68A4, 0x68A4, 0x70C5, 0x70C5, 0x78C5, 0x78C5, 0x78C5, 0x80C5, 0x80E5, 0x88E6, 0x88C6, 0x8167, 0x8208, 0x98E6, 0x9906,
    0x98E6, 0xB44F, 0xBDD3, 0xAA6A, 0xA8A6, 0xA2CB, 0xAA2A, 0xB107, 0xB168, 0xB168, 0xB968, 0xB968, 0xB988, 0xC188, 0xC188, 0xC1A9,
    0xC1A9, 0xC9A9, 0xC9C9, 0xC9C9, 0xC9C9, 0xD1C9, 0xD1E9, 0xD1E9, 0xD1EA, 0xD9EA, 0xDA0A, 0xDA0A, 0xDA0A, 0xDA2A, 0xE22A, 0xE22A,
    0xE22A, 0xE22A, 0xE24A, 0xE24A, 0xE24B, 0xEA4B, 0xEA4B, 0xEA6B, 0xEA6B, 0xEA6B, 0xEA6B, 0xEA6B, 0xEA6B, 0xEA6B, 0xEA6B, 0xEA6B,
    0xEA6B, 0xEA6B, 0xEA6B, 0xEA6B, 0xEA6B, 0xEA6B, 0xEA6B, 0xEA6B, 0xEA6B, 0xEA6B, 0xEA6B, 0xEA6B, 0xEA6B, 0xEA6B, 0xEA6B, 0xEA6B,
    0xEA6B, 0xEA4B, 0xEA4B, 0xEA4B, 0xEA4B, 0xEA4B, 0xEA4B, 0xEA4A, 0xEA2A, 0xEA2A, 0xEA2A, 0xEA2A, 0xEA2A, 0xEA2A, 0xE20A, 0xE20A,
    0xE20A, 0xE20A, 0xE20A, 0xE1EA, 0xE1EA, 0xE1EA, 0xE1EA, 0xE1EA, 0xE1CA, 0xE1CA, 0xE1CA, 0xE1CA, 0xE1AA, 0xE1AA, 0xE1AA, 0xE1AA,
    0xE18A, 0xE189, 0xE189, 0xD989, 0xD989, 0xD189, 0xC0E7, 0xC1C9, 0xEE15, 0xFFBA, 0xFF38, 0xFF59, 0xFF38, 0xFFBA, 0xD491, 0xA8A6,
    0xC168, 0xC948, 0xC949, 0xC948, 0xC148, 0xC148, 0xC148, 0xC148, 0xC128, 0xC128, 0xB928, 0xB928, 0xB928, 0xB928, 0xB928, 0xB128,
    0xB128, 0xB108, 0xB108, 0xB108, 0xA907, 0xA907, 0xA907, 0xA907, 0xA907, 0xA0E7, 0xA0E7, 0xA0E7, 0xA0E7, 0xA0E7, 0xA0E7, 0x98E7,
    0x98E7, 0x98E7, 0x98C7, 0x98C7, 0x90C7, 0x90C6, 0x90C6, 0x90C6, 0x90C6, 0x88C6, 0x88A6, 0x88A6, 0x88A6, 0x88A6, 0x80A6, 0x80A6,
    0x80A6, 0x80A6, 0x80A6, 0x7886, 0x7886, 0x7886, 0x7886, 0x7886, 0x7886, 0x7886, 0x7886, 0x7885, 0x7885, 0x7885, 0x7885, 0x7885,
    0x7885, 0x7885, 0x7885, 0x7085, 0x7085, 0x7085, 0x7085, 0x7085, 0x7085, 0x7085, 0x7085, 0x7085, 0x7085, 0x6885, 0x6885, 0x6885,
    0x6885, 0x6885, 0x6885, 0x6885, 0x6085, 0x6084, 0x6064, 0x6084, 0x6044, 0x6906, 0x82CA, 0x5803, 0x6947, 0xC593, 0xB4D1, 0x58A4,
    0x5864, 0x5023, 0x5966, 0x5966, 0x5023, 0x5064, 0x5063, 0x4863, 0x4863, 0x4843, 0x4843, 0x4843, 0x4043, 0x4043, 0x4043, 0x4043,
    0x68A4, 0x68A4, 0x68A4, 0x70C5, 0x70C5, 0x78C5, 0x78C5, 0x78C5, 0x80E5, 0x80E5, 0x88E6, 0x88C5, 0x81E8, 0x81A7, 0x98E6, 0x98E6,
    0xA188, 0xBD32, 0xBD52, 0xA988, 0xA8E7, 0xA34C, 0xA988, 0xB127, 0xB148, 0xB168, 0xB968, 0xB968, 0xB968, 0xC188, 0xC188, 0xC189,
    0xC1A9, 0xC9A9, 0xC9A9, 0xC9C9, 0xC9C9, 0xD1C9, 0xD1C9, 0xD1E9, 0xD1E9, 0xD9EA, 0xDA0A, 0xDA0A, 0xDA0A, 0xDA0A, 0xE22A, 0xE22A,
    0xE22A, 0xE22A, 0xE24A, 0xE24A, 0xE24A, 0xEA4A, 0xEA4B, 0xEA4B, 0xEA4B, 0xEA6B, 0xEA6B, 0xEA6B, 0xEA6B, 0xEA6B, 0xEA6B, 0xEA6B,
    0xEA6B, 0xEA6B, 0xEA6B, 0xEA6B, 0xEA6B, 0xEA6B, 0xEA6B, 0xEA6B, 0xEA6B, 0xEA6B, 0xEA6B, 0xEA6B, 0xEA6B, 0xEA6B, 0xEA4B, 0xEA4B,
    0xEA4B, 0xEA4B, 0xEA4B, 0xEA4B, 0xEA4B, 0xEA4A, 0xEA2A, 0xEA2A, 0xEA2A, 0xEA2A, 0xEA2A, 0xEA2A, 0xEA0A, 0xE20A, 0xE20A, 0xE20A,
    0xE20A, 0xE20A, 0xE1EA, 0xE1EA, 0xE1EA, 0xE1EA, 0xE1EA, 0xE1CA, 0xE1CA, 0xE1CA, 0xE1CA, 0xE1AA, 0xE1AA, 0xE1AA, 0xE1AA, 0xE1AA,
    0xE189, 0xD989, 0xD969, 0xD989, 0xD169, 0xC0C7, 0xCACC, 0xF6D7, 0xFF9A, 0xFF38, 0xFF59, 0xFF59, 0xFF38, 0xFFBA, 0xD491, 0xA0A6,
    0xC148, 0xC148, 0xC949, 0xC948, 0xC148, 0xC148, 0xC148, 0xC128, 0xC128, 0xB928, 0xB928, 0xB928, 0xB928, 0xB928, 0xB928, 0xB128,
    0xB108, 0xB108, 0xB108, 0xB108, 0xA907, 0xA907, 0xA907, 0xA907, 0xA907, 0xA0E7, 0xA0E7, 0xA0E7, 0xA0E7, 0xA0E7, 0x98E7, 0x98E7,
    0x98E7, 0x98E7, 0x98C7, 0x90C7, 0x90C6, 0x90C6, 0x90C6, 0x90C6, 0x88C6, 0x88C6, 0x88A6, 0x88A6, 0x88A6, 0x80A6, 0x80A6, 0x80A6,
    0x80A6, 0x80A6, 0x80A6, 0x7886, 0x7886, 0x7886, 0x7886, 0x7886, 0x7886, 0x7886, 0x7886, 0x7885, 0x7885, 0x7885, 0x7885, 0x7885,
    0x7885, 0x7885, 0x7885, 0x7085, 0x7085, 0x7085, 0x7085, 0x7085, 0x7085, 0x7085, 0x7085, 0x7085, 0x7085, 0x6885, 0x6885, 0x6885,
    0x6885, 0x6885, 0x6885, 0x6885, 0x6085, 0x6084, 0x6064, 0x6064, 0x6064, 0x6064, 0x830B, 0x60A5, 0x5864, 0xB4B0, 0xC5B3, 0x6987,
    0x5023, 0x5044, 0x58E5, 0x61C7, 0x5023, 0x5064, 0x5063, 0x4863, 0x4863, 0x4843, 0x4843, 0x4843, 0x4043, 0x4043, 0x4043, 0x4043,
    0x68A4, 0x68A4, 0x68A4, 0x70A5, 0x70C5, 0x78C5, 0x78C5, 0x78C5, 0x80E5, 0x80E6, 0x88E6, 0x88C5, 0x7A28, 0x8947, 0x98E6, 0x98C6,
    0xA24A, 0xBDD3, 0xB470, 0xA0E6, 0xA968, 0xA32C, 0xB127, 0xB147, 0xB148, 0xB148, 0xB968, 0xB968, 0xB968, 0xC188, 0xC188, 0xC188,
    0xC1A9, 0xC9A9, 0xC9A9, 0xC9A9, 0xC9C9, 0xD1C9, 0xD1C9, 0xD1C9, 0xD1E9, 0xD9EA, 0xD9EA, 0xDA0A, 0xDA0A, 0xDA0A, 0xE20A, 0xE22A,
    0xE22A, 0xE22A, 0xE22A, 0xE22A, 0xE22A, 0xEA4A, 0xEA4B, 0xEA4B, 0xEA4B, 0xEA4B, 0xEA4B, 0xEA4B, 0xEA4B, 0xEA4B, 0xEA6B, 0xEA6B,
    0xEA6B, 0xEA6B, 0xEA6B, 0xEA6B, 0xEA6B, 0xEA6B, 0xEA6B, 0xEA6B, 0xEA6B, 0xEA4B, 0xEA4B, 0xEA4B, 0xEA4B, 0xEA4B, 0xEA4B, 0xEA4B,
    0xEA4B, 0xEA4B, 0xEA4B, 0xEA4A, 0xEA2A, 0xEA2A, 0xEA2A, 0xEA2A, 0xEA2A, 0xEA2A, 0xEA2A, 0xE20A, 0xE20A, 0xE20A, 0xE20A, 0xE20A,
    0xE20A, 0xE1EA, 0xE1EA, 0xE1EA, 0xE1EA, 0xE1EA, 0xE1CA, 0xE1CA, 0xE1CA, 0xE1CA, 0xE1AA, 0xE1AA, 0xE1AA, 0xE1AA, 0xE1AA, 0xE189,
    0xD989, 0xD989, 0xD989, 0xC928, 0xC108, 0xDC30, 0xFF99, 0xFF79, 0xFF38, 0xFF59, 0xFF59, 0xFF59, 0xFF38, 0xFFBA, 0xD491, 0xA0A6,
    0xB948, 0xC148, 0xC948, 0xC148, 0xC148, 0xC148, 0xC148, 0xC128, 0xC128, 0xB928, 0xB928, 0xB928, 0xB928, 0xB928, 0xB128, 0xB128,
    0xB108, 0xB108, 0xB108, 0xA907, 0xA907, 0xA907, 0xA907, 0xA907, 0xA907, 0xA0E7, 0xA0E7, 0xA0E7, 0xA0E7, 0xA0E7, 0x98E7, 0x98E7,
    0x98E7, 0x98C7, 0x98C7, 0x90C7, 0x90C6, 0x90C6, 0x90C6, 0x90C6, 0x88C6, 0x88C6, 0x88A6, 0x88A6, 0x88A6, 0x80A6, 0x80A6, 0x80A6,
    0x80A6, 0x80A6, 0x7886, 0x7886, 0x7886, 0x7886, 0x7886, 0x7886, 0x7886, 0x7886, 0x7886, 0x7886, 0x7885, 0x7885, 0x7885, 0x7885,
    0x7885, 0x7885, 0x7885, 0x7085, 0x7085, 0x7085, 0x7085, 0x7085, 0x7085, 0x7085, 0x7085, 0x7085, 0x7085, 0x6885, 0x6885, 0x6885,
    0x6885, 0x6885, 0x6885, 0x6885, 0x6885, 0x6085, 0x6064, 0x6064, 0x6084, 0x5824, 0x828A, 0x6947, 0x5003, 0x9B8D, 0xCE14, 0x828A,
    0x5003, 0x5864, 0x5084, 0x6208, 0x5064, 0x5063, 0x5063, 0x4863, 0x4863, 0x4843, 0x4843, 0x4843, 0x4043, 0x4043, 0x4043, 0x4043,
    0x68A4, 0x68A4, 0x68A4, 0x70A5, 0x70C5, 0x78C5, 0x78C5, 0x78C5, 0x80C5, 0x80E5, 0x88E6, 0x88E6, 0x7A49, 0x9106, 0x9106, 0x90A5,
    0xAB2C, 0xBDF4, 0xB38D, 0xA0A6, 0xA229, 0xA2CB, 0xB0E7, 0xB148, 0xB148, 0xB948, 0xB968, 0xB968, 0xB968, 0xC188, 0xC188, 0xC188,
    0xC189, 0xC9A9, 0xC9A9, 0xC9A9, 0xC9A9, 0xD1C9, 0xD1C9, 0xD1C9, 0xD1E9, 0xD9EA, 0xD9EA, 0xD9EA, 0xDA0A, 0xDA0A, 0xE20A, 0xE20A,
    0xE22A, 0xE22A, 0xE22A, 0xE22A, 0xE22A, 0xEA4A, 0xEA4B, 0xEA4B, 0xEA4B, 0xEA4B, 0xEA4B, 0xEA4B, 0xEA4B, 0xEA4B, 0xEA4B, 0xEA4B,
    0xEA4B, 0xEA4B, 0xEA4B, 0xEA4B, 0xEA4B, 0xEA4B, 0xEA4B, 0xEA4B, 0xEA4B, 0xEA4B, 0xEA4B, 0xEA4B, 0xEA4B, 0xEA4B, 0xEA4B, 0xEA4B,
    0xEA4B, 0xEA2A, 0xEA2A, 0xEA2A, 0xEA2A, 0xEA2A, 0xEA2A, 0xEA2A, 0xEA2A, 0xEA0A, 0xE20A, 0xE20A, 0xE20A, 0xE20A, 0xE20A, 0xE20A,
    0xE1EA, 0xE1EA, 0xE1EA, 0xE1EA, 0xE1EA, 0xE1CA, 0xE1CA, 0xE1CA, 0xE1CA, 0xE1AA, 0xE1AA, 0xE1AA, 0xE1AA, 0xE1AA, 0xE189, 0xD989,
    0xD989, 0xD169, 0xC8E7, 0xCA0A, 0xEE15, 0xFFDA, 0xFF59, 0xFF39, 0xFF59, 0xFF59, 0xFF59, 0xFF59, 0xFF38, 0xFFBA, 0xD491, 0xA0A6,
    0xB948, 0xC148, 0xC148, 0xC148, 0xC148, 0xC148, 0xC148, 0xC128, 0xB928, 0xB928, 0xB928, 0xB928, 0xB928, 0xB928, 0xB128, 0xB108,
    0xB108, 0xB108, 0xB108, 0xA907, 0xA907, 0xA907, 0xA907, 0xA907, 0xA0E7, 0xA0E7, 0xA0E7, 0xA0E7, 0xA0E7, 0x98E7, 0x98E7, 0x98E7,
    0x98E7, 0x98C7, 0x90C7, 0x90C7, 0x90C6, 0x90C6, 0x90C6, 0x88C6, 0x88C6, 0x88A6, 0x88A6, 0x88A6, 0x88A6, 0x80A6, 0x80A6, 0x80A6,
    0x80A6, 0x80A6, 0x7886, 0x7886, 0x7886, 0x7886, 0x7886, 0x7886, 0x7886, 0x7886, 0x7886, 0x7886, 0x7885, 0x7885, 0x7885, 0x7885,
    0x7885, 0x7885, 0x7885, 0x7885, 0x7085, 0x7085, 0x7085, 0x7085, 0x7085, 0x7085, 0x7085, 0x7085, 0x7085, 0x7085, 0x6885, 0x6885,
    0x6885, 0x6885, 0x6885, 0x6885, 0x6885, 0x6085, 0x6064, 0x6064, 0x6084, 0x5823, 0x71E8, 0x7A29, 0x5002, 0x828A, 0xCE14, 0x9B8D,
    0x5023, 0x5884, 0x5043, 0x6208, 0x50A4, 0x5043, 0x5063, 0x4863, 0x4863, 0x4863, 0x4843, 0x4843, 0x4843, 0x4043, 0x4043, 0x4043,
    0x68A4, 0x68A4, 0x68A4, 0x70A5, 0x70C5, 0x78C5, 0x78C5, 0x78C5, 0x80C5, 0x80E5, 0x88C5, 0x8146, 0x7A28, 0x90C6, 0x9106, 0x98C6,
    0xB40E, 0xBDF3, 0xAAAB, 0xA085, 0xA2AB, 0xAA2A, 0xB0E7, 0xB148, 0xB148, 0xB948, 0xB948, 0xB968, 0xB968, 0xC168, 0xC188, 0xC188,
    0xC189, 0xC989, 0xC9A9, 0xC9A9, 0xC9A9, 0xD1C9, 0xD1C9, 0xD1C9, 0xD1C9, 0xD9E9, 0xD9EA, 0xD9EA, 0xD9EA, 0xDA0A, 0xE20A, 0xE20A,
    0xE20A, 0xE22A, 0xE22A, 0xE22A, 0xE22A, 0xEA2A, 0xEA2A, 0xEA2A, 0xEA4A, 0xEA4A, 0xEA4B, 0xEA4B, 0xEA4B, 0xEA4B, 0xEA4B, 0xEA4B,
    0xEA4B, 0xEA4B, 0xEA4B, 0xEA4B, 0xEA4B, 0xEA4B, 0xEA4B, 0xEA4B, 0xEA4B, 0xEA4B, 0xEA4B, 0xEA4B, 0xEA4A, 0xEA4A, 0xEA2A, 0xEA2A,
    0xEA2A, 0xEA2A, 0xEA2A, 0xEA2A, 0xEA2A, 0xEA2A, 0xEA2A, 0xE20A, 0xE20A, 0xE20A, 0xE20A, 0xE20A, 0xE20A, 0xE1EA, 0xE1EA, 0xE1EA,
    0xE1EA, 0xE1EA, 0xE1EA, 0xE1CA, 0xE1CA, 0xE1CA, 0xE1CA, 0xE1CA, 0xE1AA, 0xE1AA, 0xE1AA, 0xE1AA, 0xE1AA, 0xD989, 0xD989, 0xD989,
    0xD108, 0xC928, 0xDC10, 0xFFBA, 0xF718, 0xFEF8, 0xFF59, 0xFF59, 0xFF59, 0xFF59, 0xFF59, 0xFF59, 0xFF38, 0xFFDA, 0xD491, 0xA0A6,
    0xB948, 0xC148, 0xC148, 0xC148, 0xC148, 0xC148, 0xC128, 0xB928, 0xB928, 0xB928, 0xB928, 0xB928, 0xB928, 0xB128, 0xB128, 0xB108,
    0xB108, 0xB108, 0xA907, 0xA907, 0xA907, 0xA907, 0xA907, 0xA8E7, 0xA0E7, 0xA0E7, 0xA0E7, 0xA0E7, 0xA0E7, 0x98E7, 0x98E7, 0x98E7,
    0x98C7, 0x98C7, 0x90C7, 0x90C6, 0x90C6, 0x90C6, 0x90C6, 0x88C6, 0x88C6, 0x88A6, 0x88A6, 0x88A6, 0x80A6, 0x80A6, 0x80A6, 0x80A6,
    0x80A6, 0x8086, 0x7886, 0x7886, 0x7886, 0x7886, 0x7886, 0x7886, 0x7886, 0x7886, 0x7886, 0x7886, 0x7885, 0x7885, 0x7885, 0x7885,
    0x7885, 0x7885, 0x7885, 0x7885, 0x7085, 0x7085, 0x7085, 0x7085, 0x7085, 0x7085, 0x7085, 0x7085, 0x7085, 0x7085, 0x6885, 0x6885,
    0x6885, 0x6885, 0x6885, 0x6885, 0x6885, 0x6085, 0x6084, 0x6064, 0x6084, 0x6044, 0x6946, 0x82AA, 0x5003, 0x7187, 0xC5B3, 0xAC90,
    0x5864, 0x5864, 0x5023, 0x61A7, 0x5925, 0x5023, 0x5064, 0x4863, 0x4863, 0x4863, 0x4843, 0x4843, 0x4843, 0x4043, 0x4043, 0x4043,
    0x68A4, 0x68A4, 0x68A4, 0x70A5, 0x70C5, 0x78C5, 0x78C5, 0x78C5, 0x80C5, 0x80E6, 0x88C5, 0x8187, 0x81E8, 0x90C6, 0x9106, 0x9907,
    0xB4D0, 0xBD93, 0xA1C9, 0xA0C6, 0xA2EC, 0xA9A8, 0xB107, 0xB127, 0xB148, 0xB948, 0xB948, 0xB948, 0xB968, 0xC168, 0xC168, 0xC188,
    0xC188, 0xC989, 0xC9A9, 0xC9A9, 0xC9A9, 0xD1A9, 0xD1C9, 0xD1C9, 0xD1C9, 0xD9C9, 0xD9EA, 0xD9EA, 0xD9EA, 0xD9EA, 0xE20A, 0xE20A,
    0xE20A, 0xE20A, 0xE20A, 0xE20A, 0xE22A, 0xE22A, 0xEA2A, 0xEA2A, 0xEA2A, 0xEA2A, 0xEA2A, 0xEA2A, 0xEA2A, 0xEA4A, 0xEA4A, 0xEA4A,
    0xEA4B, 0xEA4B, 0xEA4B, 0xEA4B, 0xEA4B, 0xEA4B, 0xEA4B, 0xEA4A, 0xEA4A, 0xEA4A, 0xEA2A, 0xEA2A, 0xEA2A, 0xEA2A, 0xEA2A, 0xEA2A,
    0xEA2A, 0xEA2A, 0xEA2A, 0xEA2A, 0xEA2A, 0xE20A, 0xE20A, 0xE20A, 0xE20A, 0xE20A, 0xE20A, 0xE20A, 0xE1EA, 0xE1EA, 0xE1EA, 0xE1EA,
    0xE1EA, 0xE1EA, 0xE1CA, 0xE1CA, 0xE1CA, 0xE1CA, 0xE1CA, 0xE1AA, 0xE1AA, 0xE1AA, 0xE1AA, 0xD989, 0xD989, 0xD9A9, 0xD149, 0xC8E7,
    0xD2CC, 0xF697, 0xFF9A, 0xD450, 0xA188, 0xF6B7, 0xFF79, 0xFF59, 0xFF59, 0xFF59, 0xFF59, 0xFF59, 0xFF38, 0xFFDA, 0xD491, 0xA0A6,
    0xB948, 0xC148, 0xC148, 0xC148, 0xC148, 0xC128, 0xC128, 0xB928, 0xB928, 0xB928, 0xB928, 0xB928, 0xB128, 0xB128, 0xB108, 0xB108,
    0xB108, 0xB108, 0xA907, 0xA907, 0xA907, 0xA907, 0xA907, 0xA0E7, 0xA0E7, 0xA0E7, 0xA0E7, 0xA0E7, 0x98E7, 0x98E7, 0x98E7, 0x98E7,
    0x98C7, 0x98C7, 0x90C7, 0x90C6, 0x90C6, 0x90C6, 0x90C6, 0x88C6, 0x88A6, 0x88A6, 0x88A6, 0x88A6, 0x80A6, 0x80A6, 0x80A6, 0x80A6,
    0x80A6, 0x7886, 0x7886, 0x7886, 0x7886, 0x7886, 0x7886, 0x7886, 0x7886, 0x7886, 0x7886, 0x7886, 0x7885, 0x7885, 0x7885, 0x7885,
    0x7885, 0x7885, 0x7885, 0x7885, 0x7085, 0x7085, 0x7085, 0x7085, 0x7085, 0x7085, 0x7085, 0x7085, 0x7085, 0x7085, 0x6885, 0x6885,
    0x6885, 0x6885, 0x6885, 0x6885, 0x6885, 0x6885, 0x6084, 0x6064, 0x6064, 0x6064, 0x60A5, 0x82CB, 0x5844, 0x60C5, 0xB511, 0xBD52,
    0x60E5, 0x5044, 0x5043, 0x5946, 0x5986, 0x5023, 0x5064, 0x5063, 0x4863, 0x4863, 0x4843, 0x4843, 0x4843, 0x4043, 0x4043, 0x4043,
    0x68A4, 0x68A4, 0x68A4, 0x70A5, 0x70C5, 0x78C5, 0x78C5, 0x78C5, 0x80C5, 0x80E6, 0x88A5, 0x79E8, 0x8187, 0x90C6, 0x90E6, 0x9988,
    0xBD72, 0xBCF1, 0xA127, 0xA127, 0xA32C, 0xA947, 0xA927, 0xB127, 0xB148, 0xB948, 0xB948, 0xB948, 0xB968, 0xC168, 0xC168, 0xC188,
    0xC188, 0xC989, 0xC989, 0xC9A9, 0xC9A9, 0xD1A9, 0xD1A9, 0xD1C9, 0xD1C9, 0xD9C9, 0xD9CA, 0xD9EA, 0xD9EA, 0xD9EA, 0xE1EA, 0xE1EA,
    0xE20A, 0xE20A, 0xE20A, 0xE20A, 0xE22A, 0xE22A, 0xEA2A, 0xEA2A, 0xEA2A, 0xEA2A, 0xEA2A, 0xEA2A, 0xEA2A, 0xEA2A, 0xEA2A, 0xEA2A,
    0xEA2A, 0xEA2A, 0xEA2A, 0xEA2A, 0xEA2A, 0xEA2A, 0xEA2A, 0xEA2A, 0xEA2A, 0xEA2A, 0xEA2A, 0xEA2A, 0xEA2A, 0xEA2A, 0xEA2A, 0xEA2A,
    0xEA2A, 0xEA2A, 0xEA2A, 0xE20A, 0xE20A, 0xE20A, 0xE20A, 0xE20A, 0xE20A, 0xE20A, 0xE20A, 0xE1EA, 0xE1EA, 0xE1EA, 0xE1EA, 0xE1EA,
    0xE1EA, 0xE1CA, 0xE1CA, 0xE1CA, 0xE1CA, 0xE1CA, 0xE1AA, 0xE1AA, 0xE1AA, 0xE1AA, 0xD989, 0xD9AA, 0xD169, 0xC8E7, 0xD1EA, 0xED74,
    0xFFBA, 0xE553, 0xB9C9, 0xA085, 0x9927, 0xF6D7, 0xFF79, 0xFF59, 0xFF59, 0xFF59, 0xFF59, 0xFF59, 0xFF38, 0xFFDA, 0xD491, 0xA0A6,
    0xB948, 0xC148, 0xC148, 0xC148, 0xC148, 0xC128, 0xB928, 0xB928, 0xB928, 0xB928, 0xB928, 0xB928, 0xB128, 0xB128, 0xB108, 0xB108,
    0xB108, 0xA907, 0xA907, 0xA907, 0xA907, 0xA907, 0xA907, 0xA0E7, 0xA0E7, 0xA0E7, 0xA0E7, 0xA0E7, 0x98E7, 0x98E7, 0x98E7, 0x98C7,
    0x98C7, 0x90C7, 0x90C6, 0x90C6, 0x90C6, 0x90C6, 0x88C6, 0x88C6, 0x88A6, 0x88A6, 0x88A6, 0x88A6, 0x80A6, 0x80A6, 0x80A6, 0x80A6,
    0x80A6, 0x7886, 0x7886, 0x7886, 0x7886, 0x7886, 0x7886, 0x7886, 0x7886, 0x7886, 0x7886, 0x7886, 0x7886, 0x7885, 0x7885, 0x7885,
    0x7885, 0x7885, 0x7885, 0x7885, 0x7885, 0x7085, 0x7085, 0x7085, 0x7085, 0x7085, 0x7085, 0x7085, 0x7085, 0x7085, 0x6885, 0x6885,
    0x6885, 0x6885, 0x6885, 0x6885, 0x6885, 0x6885, 0x6085, 0x6064, 0x6064, 0x6084, 0x6044, 0x82CA, 0x60E5, 0x5823, 0xA44F, 0xC5D3,
    0x71A8, 0x5023, 0x5844, 0x58E5, 0x61C7, 0x5023, 0x5064, 0x5063, 0x4863, 0x4863, 0x4843, 0x4843, 0x4843, 0x4043, 0x4043, 0x4043,
    0x68A4, 0x68A4, 0x68A4, 0x70A5, 0x70C5, 0x70C5, 0x78C5, 0x78C5, 0x80C5, 0x80E5, 0x88C5, 0x7A08, 0x8947, 0x90E6, 0x90C6, 0xA22A,
    0xBDD3, 0xB44F, 0xA0C6, 0xA188, 0xA2EB, 0xA8E7, 0xA927, 0xB127, 0xB128, 0xB948, 0xB948, 0xB948, 0xB948, 0xC168, 0xC168, 0xC168,
    0xC188, 0xC989, 0xC989, 0xC9A9, 0xC9A9, 0xD1A9, 0xD1A9, 0xD1C9, 0xD1C9, 0xD9C9, 0xD9C9, 0xD9CA, 0xD9EA, 0xD9EA, 0xE1EA, 0xE1EA,
    0xE20A, 0xE20A, 0xE20A, 0xE20A, 0xE20A, 0xE20A, 0xEA2A, 0xEA2A, 0xEA2A, 0xEA2A, 0xEA2A, 0xEA2A, 0xEA2A, 0xEA2A, 0xEA2A, 0xEA2A,
    0xEA2A, 0xEA2A, 0xEA2A, 0xEA2A, 0xEA2A, 0xEA2A, 0xEA2A, 0xEA2A, 0xEA2A, 0xEA2A, 0xEA2A, 0xEA2A, 0xEA2A, 0xEA2A, 0xEA2A, 0xEA2A,
    0xEA0A, 0xE20A, 0xE20A, 0xE20A, 0xE20A, 0xE20A, 0xE20A, 0xE20A, 0xE20A, 0xE1EA, 0xE1EA, 0xE1EA, 0xE1EA, 0xE1EA, 0xE1EA, 0xE1CA,
    0xE1CA, 0xE1CA, 0xE1CA, 0xE1CA, 0xE1CA, 0xE1AA, 0xE1AA, 0xE1AA, 0xE1AA, 0xD989, 0xD989, 0xD108, 0xC969, 0xE471, 0xFF99, 0xEE56,
    0xCA8B, 0xB0C6, 0xB107, 0xA927, 0xA148, 0xF6D7, 0xFF79, 0xFF59, 0xFF59, 0xFF59, 0xFF59, 0xFF59, 0xFF38, 0xFFDA, 0xD491, 0xA086,
    0xB948, 0xC148, 0xC148, 0xC148, 0xC128, 0xC128, 0xB928, 0xB928, 0xB928, 0xB928, 0xB928, 0xB128, 0xB128, 0xB108, 0xB108, 0xB108,
    0xB108, 0xA907, 0xA907, 0xA907, 0xA907, 0xA907, 0xA0E7, 0xA0E7, 0xA0E7, 0xA0E7, 0xA0E7, 0xA0E7, 0x98E7, 0x98E7, 0x98E7, 0x98C7,
    0x98C7, 0x90C7, 0x90C6, 0x90C6, 0x90C6, 0x90C6, 0x88C6, 0x88C6, 0x88A6, 0x88A6, 0x88A6, 0x80A6, 0x80A6, 0x80A6, 0x80A6, 0x80A6,
    0x7886, 0x7886, 0x7886, 0x7886, 0x7886, 0x7886, 0x7886, 0x7886, 0x7886, 0x7886, 0x7886, 0x7886, 0x7886, 0x7885, 0x7885, 0x7885,
    0x7885, 0x7885, 0x7885, 0x7885, 0x7885, 0x7085, 0x7085, 0x7085, 0x7085, 0x7085, 0x7085, 0x7085, 0x7085, 0x7085, 0x6885, 0x6885,
    0x6885, 0x6885, 0x6885, 0x6885, 0x6885, 0x6885, 0x6085, 0x6064, 0x6064, 0x6085, 0x5823, 0x7A69, 0x7187, 0x5003, 0x9B6D, 0xCE14,
    0x828A, 0x5003, 0x5864, 0x5884, 0x6208, 0x5063, 0x5063, 0x5063, 0x4863, 0x4863, 0x4843, 0x4843, 0x4843, 0x4043, 0x4043, 0x4043,
    0x68A4, 0x68A4, 0x68A4, 0x70A5, 0x70C5, 0x70C5, 0x78C5, 0x78C5, 0x80C5, 0x80E5, 0x88E5, 0x7A28, 0x8906, 0x9106, 0x90A5, 0xA2EC,
    0xC5F4, 0xB38D, 0xA085, 0xA209, 0xA2AB, 0xA8E6, 0xA927, 0xB127, 0xB128, 0xB948, 0xB948, 0xB948, 0xB948, 0xC168, 0xC168, 0xC168,
    0xC188, 0xC989, 0xC989, 0xC989, 0xD189, 0xD1A9, 0xD1A9, 0xD1A9, 0xD1C9, 0xD9C9, 0xD9C9, 0xD9C9, 0xD9EA, 0xD9EA, 0xE1EA, 0xE1EA,
    0xE1EA, 0xE1EA, 0xE20A, 0xE20A, 0xE20A, 0xE20A, 0xE20A, 0xE20A, 0xE20A, 0xE20A, 0xEA2A, 0xEA2A, 0xEA2A, 0xEA2A, 0xEA2A, 0xEA2A,
    0xEA2A, 0xEA2A, 0xEA2A, 0xEA2A, 0xEA2A, 0xEA2A, 0xEA2A, 0xEA2A, 0xEA2A, 0xEA2A, 0xEA2A, 0xEA2A, 0xEA0A, 0xE20A, 0xE20A, 0xE20A,
    0xE20A, 0xE20A, 0xE20A, 0xE20A, 0xE20A, 0xE20A, 0xE20A, 0xE1EA, 0xE1EA, 0xE1EA, 0xE1EA, 0xE1EA, 0xE1EA, 0xE1EA, 0xE1CA, 0xE1CA,
    0xE1CA, 0xE1CA, 0xE1CA, 0xE1AA, 0xE1AA, 0xE1AA, 0xE1AA, 0xE1AA, 0xD9A9, 0xD989, 0xD149, 0xDB6E, 0xFF18, 0xFF18, 0xD36E, 0xB0E7,
    0xB8E7, 0xB948, 0xB948, 0xB107, 0xA948, 0xF6D7, 0xFF79, 0xFF59, 0xFF59, 0xFF59, 0xFF59, 0xFF59, 0xFF38, 0xFFDA, 0xD491, 0xA086,
    0xB948, 0xC128, 0xC148, 0xC128, 0xC128, 0xB928, 0xB928, 0xB928, 0xB928, 0xB928, 0xB928, 0xB128, 0xB128, 0xB108, 0xB108, 0xB108,
    0xA907, 0xA907, 0xA907, 0xA907, 0xA907, 0xA907, 0xA0E7, 0xA0E7, 0xA0E7, 0xA0E7, 0xA0E7, 0x98E7, 0x98E7, 0x98E7, 0x98C7, 0x98C7,
    0x90C7, 0x90C6, 0x90C6, 0x90C6, 0x90C6, 0x90C6, 0x88C6, 0x88A6, 0x88A6, 0x88A6, 0x88A6, 0x80A6, 0x80A6, 0x80A6, 0x80A6, 0x80A6,
    0x7886, 0x7886, 0x7886, 0x7886, 0x7886, 0x7886, 0x7886, 0x7886, 0x7886, 0x7886, 0x7886, 0x7886, 0x7886, 0x7885, 0x7885, 0x7885,
    0x7885, 0x7885, 0x7885, 0x7885, 0x7885, 0x7085, 0x7085, 0x7085, 0x7085, 0x7085, 0x7085, 0x7085, 0x7085, 0x7085, 0x7085, 0x6885,
    0x6885, 0x6885, 0x6885, 0x6885, 0x6885, 0x6885, 0x6085, 0x6064, 0x6064, 0x6084, 0x5823, 0x71E8, 0x7A29, 0x5002, 0x828A, 0xCE14,
    0x936D, 0x5023, 0x5884, 0x5064, 0x6208, 0x5084, 0x5043, 0x5063, 0x4863, 0x4863, 0x4843, 0x4843, 0x4843, 0x4043, 0x4043, 0x4043,
    0x68A4, 0x68A4, 0x68A4, 0x70A5, 0x70C5, 0x70C5, 0x78C5, 0x78C5, 0x80C5, 0x80C5, 0x8106, 0x7A28, 0x88E6, 0x9106, 0x90A5, 0xABAE,
    0xC5F4, 0xAACB, 0x9885, 0xA28A, 0xA24A, 0xA8E6, 0xA927, 0xB127, 0xB128, 0xB148, 0xB948, 0xB948, 0xB948, 0xC168, 0xC168, 0xC168,
    0xC168, 0xC969, 0xC989, 0xC989, 0xC989, 0xD1A9, 0xD1A9, 0xD1A9, 0xD1A9, 0xD9C9, 0xD9C9, 0xD9C9, 0xD9CA, 0xD9CA, 0xE1EA, 0xE1EA,
    0xE1EA, 0xE1EA, 0xE1EA, 0xE20A, 0xE20A, 0xE20A, 0xE20A, 0xE20A, 0xE20A, 0xE20A, 0xE20A, 0xE20A, 0xE20A, 0xE20A, 0xE20A, 0xE20A,
    0xEA0A, 0xEA0A, 0xEA2A, 0xEA2A, 0xEA0A, 0xEA0A, 0xEA0A, 0xE20A, 0xE20A, 0xE20A, 0xE20A, 0xE20A, 0xE20A, 0xE20A, 0xE20A, 0xE20A,
    0xE20A, 0xE20A, 0xE20A, 0xE20A, 0xE1EA, 0xE1EA, 0xE1EA, 0xE1EA, 0xE1EA, 0xE1EA, 0xE1EA, 0xE1EA, 0xE1CA, 0xE1CA, 0xE1CA, 0xE1CA,
    0xE1CA, 0xE1CA, 0xE1AA, 0xE1AA, 0xE1AA, 0xE1AA, 0xE1AA, 0xE1AA, 0xD9A9, 0xD128, 0xECD2, 0xFF9A, 0xDC51, 0xB948, 0xB0C7, 0xB948,
    0xC168, 0xC148, 0xC148, 0xB927, 0xA968, 0xF6D7, 0xFF79, 0xFF59, 0xFF59, 0xFF59, 0xFF59, 0xFF59, 0xFF38, 0xFFDA, 0xD491, 0x9886,
    0xB948, 0xB928, 0xC148, 0xC128, 0xB928, 0xB928, 0xB928, 0xB928, 0xB928, 0xB928, 0xB128, 0xB128, 0xB108, 0xB108, 0xB108, 0xB107,
    0xA907, 0xA907, 0xA907, 0xA907, 0xA907, 0xA0E7, 0xA0E7, 0xA0E7, 0xA0E7, 0xA0E7, 0xA0E7, 0x98E7, 0x98E7, 0x98E7, 0x98C7, 0x98C7,
    0x90C7, 0x90C6, 0x90C6, 0x90C6, 0x90C6, 0x88C6, 0x88C6, 0x88A6, 0x88A6, 0x88A6, 0x88A6, 0x80A6, 0x80A6, 0x80A6, 0x80A6, 0x8086,
    0x7886, 0x7886, 0x7886, 0x7886, 0x7886, 0x7886, 0x7886, 0x7886, 0x7886, 0x7886, 0x7886, 0x7886, 0x7886, 0x7886, 0x7885, 0x7885,
    0x7885, 0x7885, 0x7885, 0x7885, 0x7885, 0x7085, 0x7085, 0x7085, 0x7085, 0x7085, 0x7085, 0x7085, 0x7085, 0x7085, 0x7085, 0x6885,
    0x6885, 0x6885, 0x6885, 0x6885, 0x6885, 0x6885, 0x6085, 0x6084, 0x6064, 0x6084, 0x5844, 0x6967, 0x828A, 0x5003, 0x71C8, 0xC5D3,
    0xA42F, 0x5043, 0x5864, 0x5043, 0x61E7, 0x58E5, 0x5043, 0x5063, 0x4863, 0x4863, 0x4863, 0x4843, 0x4843, 0x4843, 0x4043, 0x4043,
    0x68A4, 0x68A4, 0x68A4, 0x70A5, 0x70C5, 0x70C5, 0x78C5, 0x78C5, 0x80C5, 0x80C5, 0x8146, 0x7A08, 0x88C6, 0x9106, 0x90C6, 0xB44F,
    0xBDD3, 0xA24A, 0x9885, 0xA2CB, 0xA1C9, 0xA8E7, 0xA927, 0xB127, 0xB127, 0xB148, 0xB948, 0xB948, 0xB948, 0xC148, 0xC168, 0xC168,
    0xC968, 0xC969, 0xC989, 0xC989, 0xC989, 0xD189, 0xD1A9, 0xD1A9, 0xD1A9, 0xD1A9, 0xD9A9, 0xD9CA, 0xD9CA, 0xD9CA, 0xE1EA, 0xE1EA,
    0xE1EA, 0xE1EA, 0xE1EA, 0xE1EA, 0xE1EA, 0xE1EA, 0xE20A, 0xE20A, 0xE20A, 0xE20A, 0xE20A, 0xE20A, 0xE20A, 0xE20A, 0xE20A, 0xE20A,
    0xE20A, 0xE20A, 0xE20A, 0xE20A, 0xE20A, 0xE20A, 0xE20A, 0xE20A, 0xE20A, 0xE20A, 0xE20A, 0xE20A, 0xE20A, 0xE20A, 0xE20A, 0xE20A,
    0xE20A, 0xE20A, 0xE1EA, 0xE1EA, 0xE1EA, 0xE1EA, 0xE1EA, 0xE1EA, 0xE1EA, 0xE1EA, 0xE1EA, 0xE1CA, 0xE1CA, 0xE1CA, 0xE1CA, 0xE1CA,
    0xE1CA, 0xE1AA, 0xE1AA, 0xE1AA, 0xE1AA, 0xE1AA, 0xE18A, 0xE189, 0xD989, 0xD148, 0xD26C, 0xCA2B, 0xB8A6, 0xB948, 0xC168, 0xC948,
    0xC949, 0xC969, 0xC969, 0xB928, 0xA968, 0xF6D7, 0xFF79, 0xFF59, 0xFF59, 0xFF59, 0xFF59, 0xFF59, 0xFF38, 0xFFDA, 0xD491, 0x9886,
    0xB948, 0xB928, 0xC128, 0xB928, 0xB928, 0xB928, 0xB928, 0xB928, 0xB928, 0xB128, 0xB128, 0xB128, 0xB108, 0xB108, 0xB108, 0xA907,
    0xA907, 0xA907, 0xA907, 0xA907, 0xA907, 0xA0E7, 0xA0E7, 0xA0E7, 0xA0E7, 0xA0E7, 0x98E7, 0x98E7, 0x98E7, 0x98E7, 0x98C7, 0x90C7,
    0x90C6, 0x90C6, 0x90C6, 0x90C6, 0x90C6, 0x88C6, 0x88A6, 0x88A6, 0x88A6, 0x88A6, 0x80A6, 0x80A6, 0x80A6, 0x80A6, 0x80A6, 0x7886,
    0x7886, 0x7886, 0x7886, 0x7886, 0x7886, 0x7886, 0x7886, 0x7886, 0x7886, 0x7886, 0x7886, 0x7886, 0x7886, 0x7886, 0x7885, 0x7885,
    0x7885, 0x7885, 0x7885, 0x7885, 0x7885, 0x7885, 0x7085, 0x7085, 0x7085, 0x7085, 0x7085, 0x7085, 0x7085, 0x7085, 0x7085, 0x6885,
    0x6885, 0x6885, 0x6885, 0x6885, 0x6885, 0x6885, 0x6085, 0x6084, 0x6064, 0x6084, 0x6064, 0x68E5, 0x82CB, 0x5823, 0x6926, 0xBD92,
    0xB4D0, 0x5884, 0x5864, 0x5023, 0x6187, 0x5925, 0x5023, 0x5064, 0x4863, 0x4863, 0x4863, 0x4843, 0x4843, 0x4843, 0x4043, 0x4043,
    0x60A4, 0x68A4, 0x68A4, 0x70A5, 0x70A5, 0x70C5, 0x78C5, 0x78C5, 0x80E5, 0x80A5, 0x7967, 0x79E8, 0x88C6, 0x88E6, 0x9106, 0xB4D1,
    0xBD93, 0xA1A8, 0x98C6, 0xA30C, 0xA168, 0xA907, 0xA927, 0xA927, 0xB127, 0xB128, 0xB928, 0xB948, 0xB948, 0xC148, 0xC148, 0xC168,
    0xC968, 0xC968, 0xC969, 0xC969, 0xC989, 0xD189, 0xD189, 0xD1A9, 0xD1A9, 0xD1A9, 0xD9A9, 0xD9C9, 0xD9C9, 0xD9CA, 0xD9CA, 0xE1CA,
    0xE1CA, 0xE1EA, 0xE1EA, 0xE1EA, 0xE1EA, 0xE1EA, 0xE1EA, 0xE1EA, 0xE20A, 0xE1EA, 0xE20A, 0xE20A, 0xE20A, 0xE20A, 0xE20A, 0xE20A,
    0xE20A, 0xE20A, 0xE20A, 0xE20A, 0xE20A, 0xE20A, 0xE20A, 0xE20A, 0xE20A, 0xE20A, 0xE20A, 0xE20A, 0xE20A, 0xE1EA, 0xE1EA, 0xE1EA,
    0xE1EA, 0xE1EA, 0xE1EA, 0xE1EA, 0xE1EA, 0xE1EA, 0xE1EA, 0xE1EA, 0xE1CA, 0xE1CA, 0xE1CA, 0xE1CA, 0xE1CA, 0xE1CA, 0xE1CA, 0xE1AA,
    0xE1AA, 0xE1AA, 0xE1AA, 0xE1AA, 0xE18A, 0xE189, 0xE189, 0xE189, 0xD989, 0xD169, 0xC928, 0xC128, 0xC969, 0xC948, 0xC949, 0xC969,
    0xD169, 0xD169, 0xC969, 0xB928, 0xA968, 0xF6D7, 0xFF79, 0xFF59, 0xFF59, 0xFF59, 0xFF59, 0xFF59, 0xFF38, 0xFFDA, 0xD491, 0x9886,
    0xB148, 0xB928, 0xB928, 0xB928, 0xB928, 0xB928, 0xB928, 0xB928, 0xB928, 0xB128, 0xB128, 0xB108, 0xB108, 0xB108, 0xB107, 0xA907,
    0xA907, 0xA907, 0xA907, 0xA907, 0xA0E7, 0xA0E7, 0xA0E7, 0xA0E7, 0xA0E7, 0x98E7, 0x98E7, 0x98E7, 0x98E7, 0x98C7, 0x98C7, 0x90C7,
    0x90C6, 0x90C6, 0x90C6, 0x90C6, 0x88C6, 0x88C6, 0x88A6, 0x88A6, 0x88A6, 0x80A6, 0x80A6, 0x80A6, 0x80A6, 0x80A6, 0x8086, 0x7886,
    0x7886, 0x7886, 0x7886, 0x7886, 0x7886, 0x7886, 0x7886, 0x7886, 0x7886, 0x7886, 0x7886, 0x7886, 0x7886, 0x7886, 0x7885, 0x7885,
    0x7885, 0x7885, 0x7885, 0x7885, 0x7885, 0x7885, 0x7085, 0x7085, 0x7085, 0x7085, 0x7085, 0x7085, 0x7085, 0x7085, 0x7085, 0x6885,
    0x6885, 0x6885, 0x6885, 0x6885, 0x6885, 0x6885, 0x6885, 0x6085, 0x6064, 0x6064, 0x6064, 0x6084, 0x82CB, 0x5864, 0x60A5, 0xB511,
    0xBD52, 0x6105, 0x5044, 0x5023, 0x5946, 0x5966, 0x5023, 0x5064, 0x4863, 0x4863, 0x4863, 0x4843, 0x4843, 0x4843, 0x4043, 0x4043,
    0x60A4, 0x68A4, 0x68A4, 0x70A5, 0x70A5, 0x70C5, 0x78C5, 0x78C5, 0x78C5, 0x80A5, 0x79A7, 0x81C7, 0x88C6, 0x88C6, 0x9167, 0xBD52,
    0xBD11, 0x9947, 0x9907, 0xA32C, 0xA127, 0xA907, 0xA927, 0xA927, 0xB127, 0xB128, 0xB928, 0xB948, 0xB948, 0xC148, 0xC148, 0xC148,
    0xC168, 0xC968, 0xC969, 0xC969, 0xC989, 0xD189, 0xD189, 0xD189, 0xD1A9, 0xD1A9, 0xD9A9, 0xD9A9, 0xD9A9, 0xD9CA, 0xD9CA, 0xE1CA,
    0xE1CA, 0xE1CA, 0xE1EA, 0xE1EA, 0xE1EA, 0xE1EA, 0xE1EA, 0xE1EA, 0xE1EA, 0xE1EA, 0xE1EA, 0xE1EA, 0xE1EA, 0xE1EA, 0xE1EA, 0xE1EA,
    0xE1EA, 0xE1EA, 0xE1EA, 0xE1EA, 0xE1EA, 0xE1EA, 0xE1EA, 0xE1EA, 0xE1EA, 0xE1EA, 0xE1EA, 0xE1EA, 0xE1EA, 0xE1EA, 0xE1EA, 0xE1EA,
    0xE1EA, 0xE1EA, 0xE1EA, 0xE1EA, 0xE1EA, 0xE1CA, 0xE1CA, 0xE1CA, 0xE1CA, 0xE1CA, 0xE1CA, 0xE1CA, 0xE1CA, 0xE1AA, 0xE1AA, 0xE1AA,
    0xE1AA, 0xE1AA, 0xE1AA, 0xE18A, 0xE189, 0xE189, 0xE189, 0xD989, 0xD989, 0xD169, 0xD169, 0xD169, 0xC969, 0xD169, 0xD169, 0xD169,
    0xD169, 0xD169, 0xC969, 0xB928, 0xA968, 0xF6D7, 0xFF79, 0xFF59, 0xFF59, 0xFF59, 0xFF59, 0xFF59, 0xFF38, 0xFFDA, 0xD491, 0x9886,
    0xB148, 0xB928, 0xB928, 0xB928, 0xB928, 0xB928, 0xB928, 0xB928, 0xB128, 0xB128, 0xB108, 0xB108, 0xB108, 0xB108, 0xA907, 0xA907,
    0xA907, 0xA907, 0xA907, 0xA107, 0xA0E7, 0xA0E7, 0xA0E7, 0xA0E7, 0xA0E7, 0x98E7, 0x98E7, 0x98E7, 0x98E7, 0x98C7, 0x90C7, 0x90C6,
    0x90C6, 0x90C6, 0x90C6, 0x90C6, 0x88C6, 0x88A6, 0x88A6, 0x88A6, 0x88A6, 0x80A6, 0x80A6, 0x80A6, 0x80A6, 0x80A6, 0x7886, 0x7886,
    0x7886, 0x7886, 0x7886, 0x7886, 0x7886, 0x7886, 0x7886, 0x7886, 0x7886, 0x7886, 0x7886, 0x7886, 0x7886, 0x7886, 0x7885, 0x7885,
    0x7885, 0x7885, 0x7885, 0x7885, 0x7885, 0x7885, 0x7085, 0x7085, 0x7085, 0x7085, 0x7085, 0x7085, 0x7085, 0x7085, 0x7085, 0x6885,
    0x6885, 0x6885, 0x6885, 0x6885, 0x6885, 0x6885, 0x6885, 0x6085, 0x6064, 0x6064, 0x6084, 0x6044, 0x82CA, 0x60E5, 0x5824, 0xAC6F,
    0xC5B3, 0x7187, 0x5023, 0x5044, 0x5905, 0x61A7, 0x5023, 0x5064, 0x5063, 0x4863, 0x4863, 0x4843, 0x4843, 0x4843, 0x4043, 0x4043,
    0x60A4, 0x68A4, 0x68A4, 0x68A5, 0x70A5, 0x70C5, 0x78C5, 0x78C5, 0x78C5, 0x80A5, 0x79E8, 0x8167, 0x88C6, 0x88C6, 0x99C8, 0xBD93,
    0xB4B0, 0x98E6, 0x9967, 0x9B0C, 0xA107, 0xA927, 0xA927, 0xA927, 0xB127, 0xB127, 0xB128, 0xB948, 0xB948, 0xB948, 0xC148, 0xC148,
    0xC168, 0xC968, 0xC969, 0xC969, 0xC969, 0xD189, 0xD189, 0xD189, 0xD189, 0xD1A9, 0xD9A9, 0xD9A9, 0xD9A9, 0xD9AA, 0xD9CA, 0xD9CA,
    0xE1CA, 0xE1CA, 0xE1CA, 0xE1CA, 0xE1EA, 0xE1EA, 0xE1EA, 0xE1EA, 0xE1EA, 0xE1EA, 0xE1EA, 0xE1EA, 0xE1EA, 0xE1EA, 0xE1EA, 0xE1EA,
    0xE1EA, 0xE1EA, 0xE1EA, 0xE1EA, 0xE1EA, 0xE1EA, 0xE1EA, 0xE1EA, 0xE1EA, 0xE1EA, 0xE1EA, 0xE1EA, 0xE1EA, 0xE1EA, 0xE1EA, 0xE1EA,
    0xE1EA, 0xE1EA, 0xE1CA, 0xE1CA, 0xE1CA, 0xE1CA, 0xE1CA, 0xE1CA, 0xE1CA, 0xE1CA, 0xE1CA, 0xE1AA, 0xE1AA, 0xE1AA, 0xE1AA, 0xE1AA,
    0xE1AA, 0xE18A, 0xE189, 0xE189, 0xE189, 0xE189, 0xD989, 0xD989, 0xD989, 0xD969, 0xD169, 0xD169, 0xD169, 0xD169, 0xD169, 0xD169,
    0xD169, 0xD169, 0xC949, 0xB928, 0xA968, 0xF6D7, 0xFF79, 0xFF59, 0xFF59, 0xFF59, 0xFF59, 0xFF59, 0xFF38, 0xFFDA, 0xD491, 0x9886,
    0xB148, 0xB928, 0xB928, 0xB928, 0xB928, 0xB928, 0xB928, 0xB128, 0xB128, 0xB108, 0xB108, 0xB108, 0xB108, 0xA907, 0xA907, 0xA907,
    0xA907, 0xA907, 0xA907, 0xA0E7, 0xA0E7, 0xA0E7, 0xA0E7, 0xA0E7, 0x98E7, 0x98E7, 0x98E7, 0x98E7, 0x98C7, 0x98C7, 0x90C7, 0x90C6,
    0x90C6, 0x90C6, 0x90C6, 0x88C6, 0x88C6, 0x88A6, 0x88A6, 0x88A6, 0x88A6, 0x80A6, 0x80A6, 0x80A6, 0x80A6, 0x8086, 0x7886, 0x7886,
    0x7886, 0x7886, 0x7886, 0x7886, 0x7886, 0x7886, 0x7886, 0x7886, 0x7886, 0x7886, 0x7886, 0x7886, 0x7886, 0x7886, 0x7885, 0x7885,
    0x7885, 0x7885, 0x7885, 0x7885, 0x7885, 0x7885, 0x7085, 0x7085, 0x7085, 0x7085, 0x7085, 0x7085, 0x7085, 0x7085, 0x7085, 0x7085,
    0x6885, 0x6885, 0x6885, 0x6885, 0x6885, 0x6885, 0x6885, 0x6085, 0x6064, 0x6064, 0x6084, 0x5824, 0x828A, 0x6947, 0x5003, 0x9BEE,
    0xC5F4, 0x7A08, 0x5023, 0x5864, 0x58C5, 0x61E7, 0x5043, 0x5064, 0x5063, 0x4863, 0x4863, 0x4843, 0x4843, 0x4843, 0x4043, 0x4043,
    0x60A4, 0x68A4, 0x68A4, 0x68A5, 0x70A5, 0x70C5, 0x78C5, 0x78C5, 0x78C5, 0x80A5, 0x7A08, 0x8147, 0x88C6, 0x88A5, 0x9A29, 0xBDD3,
    0xB42F, 0x98A6, 0x99A8, 0x9AEB, 0xA0C6, 0xA127, 0xA927, 0xA927, 0xB127, 0xB127, 0xB128, 0xB948, 0xB948, 0xB948, 0xC148, 0xC148,
    0xC148, 0xC948, 0xC969, 0xC969, 0xC969, 0xD169, 0xD189, 0xD189, 0xD189, 0xD189, 0xD9A9, 0xD9A9, 0xD9A9, 0xD9A9, 0xD9A9, 0xD9CA,
    0xE1CA, 0xE1CA, 0xE1CA, 0xE1CA, 0xE1CA, 0xE1CA, 0xE1CA, 0xE1CA, 0xE1EA, 0xE1EA, 0xE1EA, 0xE1EA, 0xE1EA, 0xE1EA, 0xE1EA, 0xE1EA,
    0xE1EA, 0xE1EA, 0xE1EA, 0xE1EA, 0xE1EA, 0xE1EA, 0xE1EA, 0xE1EA, 0xE1EA, 0xE1EA, 0xE1EA, 0xE1EA, 0xE1EA, 0xE1EA, 0xE1EA, 0xE1CA,
    0xE1CA, 0xE1CA, 0xE1CA, 0xE1CA, 0xE1CA, 0xE1CA, 0xE1CA, 0xE1CA, 0xE1CA, 0xE1AA, 0xE1AA, 0xE1AA, 0xE1AA, 0xE1AA, 0xE1AA, 0xE1AA,
    0xE18A, 0xE189, 0xE189, 0xE189, 0xE189, 0xD989, 0xD989, 0xD989, 0xD969, 0xD969, 0xD969, 0xD169, 0xD169, 0xD169, 0xD169, 0xD169,
    0xD169, 0xD169, 0xC949, 0xB928, 0xA948, 0xF6D7, 0xFF79, 0xFF59, 0xFF59, 0xFF59, 0xFF59, 0xFF59, 0xFF38, 0xFFDA, 0xD491, 0x9886,
    0xB148, 0xB928, 0xB928, 0xB928, 0xB928, 0xB928, 0xB928, 0xB128, 0xB128, 0xB108, 0xB108, 0xB108, 0xB108, 0xA907, 0xA907, 0xA907,
    0xA907, 0xA907, 0xA0E7, 0xA0E7, 0xA0E7, 0xA0E7, 0xA0E7, 0xA0E7, 0x98E7, 0x98E7, 0x98E7, 0x98E7, 0x98C7, 0x90C7, 0x90C6, 0x90C6,
    0x90C6, 0x90C6, 0x90C6, 0x88C6, 0x88C6, 0x88A6, 0x88A6, 0x88A6, 0x80A6, 0x80A6, 0x80A6, 0x80A6, 0x80A6, 0x7886, 0x7886, 0x7886,
    0x7886, 0x7886, 0x7886, 0x7886, 0x7886, 0x7886, 0x7886, 0x7886, 0x7886, 0x7886, 0x7886, 0x7886, 0x7886, 0x7886, 0x7886, 0x7885,
    0x7885, 0x7885, 0x7885, 0x7885, 0x7885, 0x7885, 0x7085, 0x7085, 0x7085, 0x7085, 0x7085, 0x7085, 0x7085, 0x7085, 0x7085, 0x7085,
    0x6885, 0x6885, 0x6885, 0x6885, 0x6885, 0x6885, 0x6885, 0x6085, 0x6064, 0x6064, 0x6084, 0x5823, 0x7A29, 0x71A8, 0x5002, 0x934C,
    0xCE14, 0x828A, 0x5003, 0x5864, 0x58A4, 0x61E8, 0x5043, 0x5063, 0x5063, 0x4863, 0x4863, 0x4843, 0x4843, 0x4843, 0x4043, 0x4043,
    0x60A4, 0x68A4, 0x68A4, 0x68A5, 0x70A5, 0x70A5, 0x78C5, 0x78C5, 0x78C5, 0x80C5, 0x7228, 0x8126, 0x88E6, 0x88A5, 0xA2AB, 0xC5F4,
    0xABAE, 0x9885, 0x9A09, 0x9AAB, 0xA0C6, 0xA127, 0xA927, 0xA927, 0xA927, 0xB127, 0xB128, 0xB928, 0xB948, 0xB948, 0xC148, 0xC148,
    0xC148, 0xC948, 0xC968, 0xC969, 0xC969, 0xD169, 0xD169, 0xD189, 0xD189, 0xD189, 0xD989, 0xD989, 0xD9A9, 0xD9A9, 0xD9A9, 0xD9AA,
    0xE1AA, 0xE1CA, 0xE1CA, 0xE1CA, 0xE1CA, 0xE1CA, 0xE1CA, 0xE1CA, 0xE1CA, 0xE1CA, 0xE1CA, 0xE1CA, 0xE1CA, 0xE1EA, 0xE1EA, 0xE1EA,
    0xE1EA, 0xE1EA, 0xE1EA, 0xE1EA, 0xE1EA, 0xE1EA, 0xE1EA, 0xE1EA, 0xE1EA, 0xE1EA, 0xE1CA, 0xE1CA, 0xE1CA, 0xE1CA, 0xE1CA, 0xE1CA,
    0xE1CA, 0xE1CA, 0xE1CA, 0xE1CA, 0xE1CA, 0xE1CA, 0xE1CA, 0xE1AA, 0xE1AA, 0xE1AA, 0xE1AA, 0xE1AA, 0xE1AA, 0xE1AA, 0xE1AA, 0xE189,
    0xE189, 0xE189, 0xE189, 0xD989, 0xD989, 0xD989, 0xD989, 0xD969, 0xD969, 0xD969, 0xD969, 0xD169, 0xD169, 0xD169, 0xD169, 0xD169,
    0xD169, 0xC969, 0xC948, 0xB927, 0xA948, 0xF6D7, 0xFF79, 0xFF59, 0xFF59, 0xFF59, 0xFF59, 0xFF59, 0xFF38, 0xFFDA, 0xD491, 0x9885,
    0xB128, 0xB928, 0xB928, 0xB928, 0xB928, 0xB928, 0xB128, 0xB128, 0xB108, 0xB108, 0xB108, 0xB108, 0xA907, 0xA907, 0xA907, 0xA907,
    0xA907, 0xA907, 0xA0E7, 0xA0E7, 0xA0E7, 0xA0E7, 0xA0E7, 0x98E7, 0x98E7, 0x98E7, 0x98E7, 0x98C7, 0x98C7, 0x90C7, 0x90C6, 0x90C6,
    0x90C6, 0x90C6, 0x88C6, 0x88C6, 0x88A6, 0x88A6, 0x88A6, 0x88A6, 0x80A6, 0x80A6, 0x80A6, 0x80A6, 0x80A6, 0x7886, 0x7886, 0x7886,
    0x7886, 0x7886, 0x7886, 0x7886, 0x7886, 0x7886, 0x7886, 0x7886, 0x7886, 0x7886, 0x7886, 0x7886, 0x7886, 0x7886, 0x7886, 0x7885,
    0x7885, 0x7885, 0x7885, 0x7885, 0x7885, 0x7885, 0x7885, 0x7085, 0x7085, 0x7085, 0x7085, 0x7085, 0x7085, 0x7085, 0x7085, 0x7085,
    0x6885, 0x6885, 0x6885, 0x6885, 0x6885, 0x6885, 0x6885, 0x6085, 0x6084, 0x6064, 0x6084, 0x5823, 0x71E8, 0x7A09, 0x5002, 0x8AAB,
    0xCE14, 0x8B2C, 0x5003, 0x5864, 0x5064, 0x6208, 0x5064, 0x5063, 0x5063, 0x4863, 0x4863, 0x4843, 0x4843, 0x4843, 0x4043, 0x4043,
    0x60A4, 0x68A4, 0x68A4, 0x68A5, 0x70A5, 0x70A5, 0x78C5, 0x78C5, 0x78C5, 0x80C5, 0x7228, 0x8106, 0x88E6, 0x8885, 0xA30C, 0xC614,
    0xAB6D, 0x9065, 0x9A2A, 0x9A6A, 0xA0C6, 0xA127, 0xA907, 0xA927, 0xA927, 0xB127, 0xB127, 0xB128, 0xB948, 0xB948, 0xB948, 0xC148,
    0xC148, 0xC148, 0xC968, 0xC968, 0xC969, 0xD169, 0xD169, 0xD169, 0xD189, 0xD189, 0xD989, 0xD989, 0xD9A9, 0xD9A9, 0xD9A9, 0xD9AA,
    0xD9AA, 0xE1AA, 0xE1CA, 0xE1CA, 0xE1CA, 0xE1CA, 0xE1CA, 0xE1CA, 0xE1CA, 0xE1CA, 0xE1CA, 0xE1CA, 0xE1CA, 0xE1CA, 0xE1CA, 0xE1CA,
    0xE1CA, 0xE1CA, 0xE1CA, 0xE1CA, 0xE1CA, 0xE1CA, 0xE1CA, 0xE1CA, 0xE1CA, 0xE1CA, 0xE1CA, 0xE1CA, 0xE1CA, 0xE1CA, 0xE1CA, 0xE1CA,
    0xE1CA, 0xE1CA, 0xE1CA, 0xE1CA, 0xE1AA, 0xE1AA, 0xE1AA, 0xE1AA, 0xE1AA, 0xE1AA, 0xE1AA, 0xE1AA, 0xE1AA, 0xE189, 0xE189, 0xE189,
    0xE189, 0xE189, 0xD989, 0xD989, 0xD989, 0xD969, 0xD969, 0xD969, 0xD969, 0xD969, 0xD169, 0xD169, 0xD169, 0xD169, 0xD169, 0xD169,
    0xD169, 0xC969, 0xC148, 0xB128, 0xA948, 0xF6D7, 0xFF79, 0xFF59, 0xFF59, 0xFF59, 0xFF59, 0xFF59, 0xFF38, 0xFFDA, 0xD491, 0x9885,
    0xB128, 0xB928, 0xB928, 0xB928, 0xB928, 0xB128, 0xB128, 0xB108, 0xB108, 0xB108, 0xB108, 0xA907, 0xA907, 0xA907, 0xA907, 0xA907,
    0xA907, 0xA0E7, 0xA0E7, 0xA0E7, 0xA0E7, 0xA0E7, 0xA0E7, 0x98E7, 0x98E7, 0x98E7, 0x98C7, 0x98C7, 0x90C7, 0x90C6, 0x90C6, 0x90C6,
    0x90C6, 0x90C6, 0x88C6, 0x88C6, 0x88A6, 0x88A6, 0x88A6, 0x80A6, 0x80A6, 0x80A6, 0x80A6, 0x80A6, 0x80A6, 0x7886, 0x7886, 0x7886,
    0x7886, 0x7886, 0x7886, 0x7886, 0x7886, 0x7886, 0x7886, 0x7886, 0x7886, 0x7886, 0x7886, 0x7886, 0x7886, 0x7886, 0x7886, 0x7885,
    0x7885, 0x7885, 0x7885, 0x7885, 0x7885, 0x7885, 0x7885, 0x7085, 0x7085, 0x7085, 0x7085, 0x7085, 0x7085, 0x7085, 0x7085, 0x7085,
    0x6885, 0x6885, 0x6885, 0x6885, 0x6885, 0x6885, 0x6885, 0x6085, 0x6084, 0x6064, 0x6084, 0x5824, 0x71A7, 0x7A49, 0x5002, 0x826A,
    0xCE14, 0x938D, 0x5023, 0x5864, 0x5064, 0x6208, 0x5084, 0x5043, 0x5063, 0x4863, 0x4863, 0x4843, 0x4843, 0x4843, 0x4043, 0x4043,
    0x60A4, 0x60A4, 0x68A4, 0x68A5, 0x70A5, 0x70A5, 0x70C5, 0x78C5, 0x78C5, 0x80E5, 0x7228, 0x80E6, 0x88E6, 0x8885, 0xAB8D, 0xC5F4,
    0xA2EB, 0x9065, 0x9A8A, 0x9A29, 0xA0C6, 0xA127, 0xA907, 0xA927, 0xA927, 0xB127, 0xB127, 0xB128, 0xB948, 0xB948, 0xB948, 0xC148,
    0xC148, 0xC148, 0xC948, 0xC969, 0xC969, 0xC969, 0xD169, 0xD169, 0xD169, 0xD189, 0xD189, 0xD989, 0xD989, 0xD989, 0xD9A9, 0xD9A9,
    0xD9A9, 0xE1AA, 0xE1AA, 0xE1AA, 0xE1AA, 0xE1AA, 0xE1CA, 0xE1CA, 0xE1CA, 0xE1CA, 0xE1CA, 0xE1CA, 0xE1CA, 0xE1CA, 0xE1CA, 0xE1CA,
    0xE1CA, 0xE1CA, 0xE1CA, 0xE1CA, 0xE1CA, 0xE1CA, 0xE1CA, 0xE1CA, 0xE1CA, 0xE1CA, 0xE1CA, 0xE1CA, 0xE1CA, 0xE1CA, 0xE1CA, 0xE1CA,
    0xE1CA, 0xE1AA, 0xE1AA, 0xE1AA, 0xE1AA, 0xE1AA, 0xE1AA, 0xE1AA, 0xE1AA, 0xE1AA, 0xE18A, 0xE189, 0xE189, 0xE189, 0xE189, 0xE189,
    0xD989, 0xD989, 0xD989, 0xD989, 0xD969, 0xD969, 0xD969, 0xD969, 0xD969, 0xD169, 0xD169, 0xD169, 0xD169, 0xD169, 0xD169, 0xD169,
    0xC969, 0xC949, 0xC148, 0xB127, 0xA148, 0xF6B7, 0xFF79, 0xFF59, 0xFF59, 0xFF59, 0xFF59, 0xFF59, 0xFF38, 0xFFDA, 0xCC91, 0x9885,
    0xB128, 0xB928, 0xB928, 0xB928, 0xB928, 0xB128, 0xB128, 0xB108, 0xB108, 0xB108, 0xB107, 0xA907, 0xA907, 0xA907, 0xA907, 0xA907,
    0xA0E7, 0xA0E7, 0xA0E7, 0xA0E7, 0xA0E7, 0xA0E7, 0x98E7, 0x98E7, 0x98E7, 0x98E7, 0x98C7, 0x98C7, 0x90C7, 0x90C6, 0x90C6, 0x90C6,
    0x90C6, 0x88C6, 0x88C6, 0x88A6, 0x88A6, 0x88A6, 0x88A6, 0x80A6, 0x80A6, 0x80A6, 0x80A6, 0x80A6, 0x7886, 0x7886, 0x7886, 0x7886,
    0x7886, 0x7886, 0x7886, 0x7886, 0x7886, 0x7886, 0x7886, 0x7886, 0x7886, 0x7886, 0x7886, 0x7886, 0x7886, 0x7886, 0x7886, 0x7885,
    0x7885, 0x7885, 0x7885, 0x7885, 0x7885, 0x7885, 0x7885, 0x7085, 0x7085, 0x7085, 0x7085, 0x7085, 0x7085, 0x7085, 0x7085, 0x7085,
    0x6885, 0x6885, 0x6885, 0x6885, 0x6885, 0x6885, 0x6885, 0x6085, 0x6084, 0x6064, 0x6084, 0x6044, 0x6947, 0x828A, 0x5003, 0x79C8,
    0xC5F3, 0xA40E, 0x5043, 0x5864, 0x5043, 0x61E7, 0x50C4, 0x5043, 0x5063, 0x4863, 0x4863, 0x4863, 0x4843, 0x4843, 0x4043, 0x4043,
    0x60A4, 0x60A4, 0x68A4, 0x68A4, 0x70A5, 0x70A5, 0x70C5, 0x78C5, 0x78C5, 0x78E5, 0x7228, 0x80C6, 0x88E6, 0x88A5, 0xABAD, 0xC5F4,
    0xA2CB, 0x9065, 0x9AAA, 0x9A09, 0xA0C6, 0xA107, 0xA907, 0xA927, 0xA927, 0xA927, 0xB127, 0xB128, 0xB928, 0xB948, 0xB948, 0xC148,
    0xC148, 0xC148, 0xC148, 0xC948, 0xC968, 0xC969, 0xD169, 0xD169, 0xD169, 0xD169, 0xD189, 0xD989, 0xD989, 0xD989, 0xD989, 0xD989,
    0xD9A9, 0xD9A9, 0xE1AA, 0xE1AA, 0xE1AA, 0xE1AA, 0xE1AA, 0xE1AA, 0xE1AA, 0xE1AA, 0xE1CA, 0xE1AA, 0xE1CA, 0xE1CA, 0xE1CA, 0xE1CA,
    0xE1CA, 0xE1CA, 0xE1CA, 0xE1CA, 0xE1CA, 0xE1CA, 0xE1CA, 0xE1CA, 0xE1CA, 0xE1CA, 0xE1CA, 0xE1CA, 0xE1AA, 0xE1AA, 0xE1AA, 0xE1AA,
    0xE1AA, 0xE1AA, 0xE1AA, 0xE1AA, 0xE1AA, 0xE1AA, 0xE1AA, 0xE1AA, 0xE1AA, 0xE189, 0xE189, 0xE189, 0xE189, 0xE189, 0xD989, 0xD989,
    0xD989, 0xD989, 0xD969, 0xD969, 0xD969, 0xD969, 0xD969, 0xD969, 0xD169, 0xD169, 0xD169, 0xD169, 0xD169, 0xD169, 0xD169, 0xD169,
    0xC949, 0xC949, 0xC148, 0xB107, 0xA148, 0xF6D7, 0xFF79, 0xFF59, 0xFF59, 0xFF59, 0xFF59, 0xFF59, 0xFF38, 0xFFDA, 0xCC71, 0x9085,
    0xB128, 0xB128, 0xB928, 0xB928, 0xB128, 0xB128, 0xB108, 0xB108, 0xB108, 0xB108, 0xA907, 0xA907, 0xA907, 0xA907, 0xA907, 0xA107,
    0xA0E7, 0xA0E7, 0xA0E7, 0xA0E7, 0xA0E7, 0xA0E7, 0x98E7, 0x98E7, 0x98E7, 0x98C7, 0x98C7, 0x90C7, 0x90C6, 0x90C6, 0x90C6, 0x90C6,
    0x88C6, 0x88C6, 0x88C6, 0x88A6, 0x88A6, 0x88A6, 0x80A6, 0x80A6, 0x80A6, 0x80A6, 0x80A6, 0x80A6, 0x7886, 0x7886, 0x7886, 0x7886,
    0x7886, 0x7886, 0x7886, 0x7886, 0x7886, 0x7886, 0x7886, 0x7886, 0x7886, 0x7886, 0x7886, 0x7886, 0x7886, 0x7886, 0x7886, 0x7885,
    0x7885, 0x7885, 0x7885, 0x7885, 0x7885, 0x7885, 0x7885, 0x7085, 0x7085, 0x7085, 0x7085, 0x7085, 0x7085, 0x7085, 0x7085, 0x7085,
    0x6885, 0x6885, 0x6885, 0x6885, 0x6885, 0x6885, 0x6885, 0x6885, 0x6084, 0x6064, 0x6084, 0x6044, 0x6926, 0x82AA, 0x5003, 0x71A8,
    0xC5D3, 0xA42F, 0x5043, 0x5864, 0x5043, 0x61E7, 0x50C5, 0x5043, 0x5063, 0x4863, 0x4863, 0x4863, 0x4843, 0x4843, 0x4843, 0x4043,
    0x6084, 0x60A4, 0x68A4, 0x68A4, 0x70A5, 0x70A5, 0x70A5, 0x78C5, 0x78A5, 0x7906, 0x7208, 0x80A5, 0x88E6, 0x88C5, 0xAC2F, 0xC5D3,
    0xA22A, 0x9085, 0x9ACB, 0x99A8, 0xA0E6, 0xA107, 0xA107, 0xA907, 0xA927, 0xA927, 0xB127, 0xB127, 0xB128, 0xB928, 0xB948, 0xB948,
    0xC148, 0xC148, 0xC148, 0xC948, 0xC948, 0xC969, 0xC969, 0xD169, 0xD169, 0xD169, 0xD169, 0xD969, 0xD989, 0xD989, 0xD989, 0xD989,
    0xD989, 0xD989, 0xE1AA, 0xE1AA, 0xE1AA, 0xE1AA, 0xE1AA, 0xE1AA, 0xE1AA, 0xE1AA, 0xE1AA, 0xE1AA, 0xE1AA, 0xE1AA, 0xE1AA, 0xE1AA,
    0xE1AA, 0xE1AA, 0xE1AA, 0xE1AA, 0xE1AA, 0xE1AA, 0xE1AA, 0xE1AA, 0xE1AA, 0xE1AA, 0xE1AA, 0xE1AA, 0xE1AA, 0xE1AA, 0xE1AA, 0xE1AA,
    0xE1AA, 0xE1AA, 0xE1AA, 0xE1AA, 0xE1AA, 0xE18A, 0xE189, 0xE189, 0xE189, 0xE189, 0xE189, 0xE189, 0xD989, 0xD989, 0xD989, 0xD989,
    0xD969, 0xD969, 0xD969, 0xD969, 0xD969, 0xD969, 0xD169, 0xD169, 0xD169, 0xD169, 0xD169, 0xD169, 0xD169, 0xD169, 0xC949, 0xC949,
    0xC949, 0xC948, 0xC148, 0xB107, 0xA147, 0xF6D7, 0xFF79, 0xFF59, 0xFF59, 0xFF59, 0xFF59, 0xFF59, 0xFF38, 0xFFDA, 0xCC71, 0x9085,
    0xA928, 0xB128, 0xB128, 0xB128, 0xB128, 0xB108, 0xB108, 0xB108, 0xB108, 0xA907, 0xA907, 0xA907, 0xA907, 0xA907, 0xA907, 0xA0E7,
    0xA0E7, 0xA0E7, 0xA0E7, 0xA0E7, 0xA0E7, 0x98E7, 0x98E7, 0x98E7, 0x98C7, 0x98C7, 0x90C7, 0x90C6, 0x90C6, 0x90C6, 0x90C6, 0x90C6,
    0x88C6, 0x88C6, 0x88A6, 0x88A6, 0x88A6, 0x80A6, 0x80A6, 0x80A6, 0x80A6, 0x80A6, 0x80A6, 0x7886, 0x7886, 0x7886, 0x7886, 0x7886,
    0x7886, 0x7886, 0x7886, 0x7886, 0x7886, 0x7886, 0x7886, 0x7886, 0x7886, 0x7886, 0x7886, 0x7886, 0x7886, 0x7886, 0x7886, 0x7885,
    0x7885, 0x7885, 0x7885, 0x7885, 0x7885, 0x7885, 0x7885, 0x7085, 0x7085, 0x7085, 0x7085, 0x7085, 0x7085, 0x7085, 0x7085, 0x7085,
    0x6885, 0x6885, 0x6885, 0x6885, 0x6885, 0x6885, 0x6885, 0x6885, 0x6085, 0x6064, 0x6064, 0x6064, 0x68C5, 0x82CB, 0x5823, 0x6926,
    0xBD92, 0xACD0, 0x5884, 0x5864, 0x5023, 0x61A7, 0x5905, 0x5043, 0x5064, 0x4863, 0x4863, 0x4863, 0x4843, 0x4843, 0x4843, 0x4043,
    0x6084, 0x60A4, 0x68A4, 0x68A4, 0x68A5, 0x70A5, 0x70A5, 0x78C5, 0x78A5, 0x7906, 0x7208, 0x80A5, 0x88E6, 0x88C5, 0xAC4F, 0xC5D3,
    0x9A09, 0x9085, 0x9AEB, 0x99A8, 0x98E6, 0xA107, 0xA107, 0xA907, 0xA927, 0xA927, 0xB127, 0xB127, 0xB128, 0xB928, 0xB948, 0xB948,
    0xC148, 0xC148, 0xC148, 0xC148, 0xC948, 0xC969, 0xC969, 0xD169, 0xD169, 0xD169, 0xD169, 0xD169, 0xD969, 0xD989, 0xD989, 0xD989,
    0xD989, 0xD989, 0xD989, 0xE189, 0xE18A, 0xE1AA, 0xE1AA, 0xE1AA, 0xE1AA, 0xE1AA, 0xE1AA, 0xE1AA, 0xE1AA, 0xE1AA, 0xE1AA, 0xE1AA,
    0xE1AA, 0xE1AA, 0xE1AA, 0xE1AA, 0xE1AA, 0xE1AA, 0xE1AA, 0xE1AA, 0xE1AA, 0xE1AA, 0xE1AA, 0xE1AA, 0xE1AA, 0xE1AA, 0xE1AA, 0xE1AA,
    0xE1AA, 0xE1AA, 0xE18A, 0xE189, 0xE189, 0xE189, 0xE189, 0xE189, 0xE189, 0xD989, 0xD989, 0xD989, 0xD989, 0xD989, 0xD969, 0xD969,
    0xD969, 0xD969, 0xD969, 0xD969, 0xD169, 0xD169, 0xD169, 0xD169, 0xD169, 0xD169, 0xD169, 0xD169, 0xD169, 0xC949, 0xC949, 0xC949,
    0xC949, 0xC948, 0xC148, 0xB107, 0xA147, 0xF6D7, 0xFF79, 0xFF59, 0xFF59, 0xFF59, 0xFF59, 0xFF59, 0xFF38, 0xFFDA, 0xCC71, 0x9085,
    0xA928, 0xB128, 0xB128, 0xB128, 0xB108, 0xB108, 0xB108, 0xB108, 0xA907, 0xA907, 0xA907, 0xA907, 0xA907, 0xA907, 0xA0E7, 0xA0E7,
    0xA0E7, 0xA0E7, 0xA0E7, 0xA0E7, 0x98E7, 0x98E7, 0x98E7, 0x98E7, 0x98C7, 0x98C7, 0x90C7, 0x90C6, 0x90C6, 0x90C6, 0x90C6, 0x88C6,
    0x88C6, 0x88A6, 0x88A6, 0x88A6, 0x88A6, 0x80A6, 0x80A6, 0x80A6, 0x80A6, 0x80A6, 0x8086, 0x7886, 0x7886, 0x7886, 0x7886, 0x7886,
    0x7886, 0x7886, 0x7886, 0x7886, 0x7886, 0x7886, 0x7886, 0x7886, 0x7886, 0x7886, 0x7886, 0x7886, 0x7886, 0x7886, 0x7886, 0x7885,
    0x7885, 0x7885, 0x7885, 0x7885, 0x7885, 0x7885, 0x7885, 0x7085, 0x7085, 0x7085, 0x7085, 0x7085, 0x7085, 0x7085, 0x7085, 0x7085,
    0x6885, 0x6885, 0x6885, 0x6885, 0x6885, 0x6885, 0x6885, 0x6885, 0x6085, 0x6064, 0x6064, 0x6064, 0x60C5, 0x82CB, 0x5823, 0x6906,
    0xBD72, 0xB4D1, 0x5884, 0x5864, 0x5023, 0x61A7, 0x5905, 0x5043, 0x5064, 0x4863, 0x4863, 0x4863, 0x4843, 0x4843, 0x4843, 0x4043,
    0x60A4, 0x60A4, 0x68A4, 0x68A4, 0x68A5, 0x70A5, 0x70A5, 0x78C5, 0x78A5, 0x7926, 0x7208, 0x80A5, 0x80E6, 0x88C5, 0xAC4F, 0xC5D3,
    0x9A09, 0x9085, 0x9AEB, 0x99A8, 0x98E6, 0xA107, 0xA107, 0xA107, 0xA927, 0xA927, 0xA927, 0xB127, 0xB127, 0xB128, 0xB948, 0xB948,
    0xB948, 0xC148, 0xC148, 0xC148, 0xC948, 0xC948, 0xC969, 0xC969, 0xD169, 0xD169, 0xD169, 0xD169, 0xD969, 0xD969, 0xD969, 0xD969,
    0xD989, 0xD989, 0xD989, 0xD989, 0xE189, 0xE189, 0xE189, 0xE189, 0xE18A, 0xE18A, 0xE1AA, 0xE1AA, 0xE1AA, 0xE1AA, 0xE1AA, 0xE1AA,
    0xE1AA, 0xE1AA, 0xE1AA, 0xE1AA, 0xE1AA, 0xE1AA, 0xE1AA, 0xE1AA, 0xE1AA, 0xE1AA, 0xE1AA, 0xE1AA, 0xE1AA, 0xE18A, 0xE18A, 0xE189,
    0xE189, 0xE189, 0xE189, 0xE189, 0xE189, 0xE189, 0xE189, 0xD989, 0xD989, 0xD989, 0xD989, 0xD989, 0xD969, 0xD969, 0xD969, 0xD969,
    0xD969, 0xD969, 0xD169, 0xD169, 0xD169, 0xD169, 0xD169, 0xD169, 0xD169, 0xD169, 0xD169, 0xC969, 0xC949, 0xC949, 0xC949, 0xC949,
    0xC949, 0xC948, 0xC148, 0xB107, 0xA148, 0xF6D7, 0xFF79, 0xFF59, 0xFF59, 0xFF59, 0xFF59, 0xFF59, 0xFF38, 0xFFDA, 0xCC71, 0x9085,
    0xA928, 0xB108, 0xB128, 0xB108, 0xB108, 0xB108, 0xB108, 0xA907, 0xA907, 0xA907, 0xA907, 0xA907, 0xA907, 0xA107, 0xA0E7, 0xA0E7,
    0xA0E7, 0xA0E7, 0xA0E7, 0x98E7, 0x98E7, 0x98E7, 0x98E7, 0x98C7, 0x98C7, 0x90C7, 0x90C6, 0x90C6, 0x90C6, 0x90C6, 0x90C6, 0x88C6,
    0x88C6, 0x88A6, 0x88A6, 0x88A6, 0x80A6, 0x80A6, 0x80A6, 0x80A6, 0x80A6, 0x80A6, 0x7886, 0x7886, 0x7886, 0x7886, 0x7886, 0x7886,
    0x7886, 0x7886, 0x7886, 0x7886, 0x7886, 0x7886, 0x7886, 0x7886, 0x7886, 0x7886, 0x7886, 0x7886, 0x7886, 0x7886, 0x7886, 0x7885,
    0x7885, 0x7885, 0x7885, 0x7885, 0x7885, 0x7885, 0x7885, 0x7085, 0x7085, 0x7085, 0x7085, 0x7085, 0x7085, 0x7085, 0x7085, 0x7085,
    0x6885, 0x6885, 0x6885, 0x6865, 0x6865, 0x6885, 0x6885, 0x6885, 0x6085, 0x6064, 0x6064, 0x6064, 0x60C5, 0x82CB, 0x5823, 0x6906,
    0xBD72, 0xB4D1, 0x58A4, 0x5864, 0x5023, 0x61A7, 0x5925, 0x5043, 0x5064, 0x4863, 0x4863, 0x4863, 0x4843, 0x4843, 0x4843, 0x4043,
    0x6084, 0x60A4, 0x68A4, 0x68A4, 0x68A5, 0x70A5, 0x70C5, 0x70C5, 0x78A5, 0x7966, 0x79E8, 0x80A5, 0x80E5, 0x8906, 0xB4D1, 0xBD72,
    0x9988, 0x90A6, 0x9B0B, 0x9947, 0x98E6, 0xA107, 0xA107, 0xA107, 0xA927, 0xA927, 0xA927, 0xB127, 0xB148, 0xB128, 0xB928, 0xB948,
    0xB948, 0xC148, 0xC148, 0xC148, 0xC148, 0xC948, 0xC949, 0xC969, 0xC969, 0xD169, 0xD169, 0xD169, 0xD169, 0xD969, 0xD969, 0xD969,
    0xD969, 0xD989, 0xD989, 0xD989, 0xE189, 0xE189, 0xE189, 0xE189, 0xE189, 0xE189, 0xE189, 0xE189, 0xE189, 0xE189, 0xE18A, 0xE18A,
    0xE18A, 0xE18A, 0xE18A, 0xE18A, 0xE18A, 0xE18A, 0xE18A, 0xE18A, 0xE189, 0xE189, 0xE189, 0xE189, 0xE189, 0xE189, 0xE189, 0xE189,
    0xE189, 0xE189, 0xE189, 0xE189, 0xD989, 0xD989, 0xD989, 0xD989, 0xD989, 0xD989, 0xD969, 0xD969, 0xD969, 0xD969, 0xD969, 0xD969,
    0xD969, 0xD169, 0xD169, 0xD169, 0xD169, 0xD169, 0xD169, 0xD169, 0xD169, 0xD169, 0xC949, 0xC949, 0xC949, 0xC949, 0xC949, 0xC949,
    0xC949, 0xC148, 0xC148, 0xB107, 0xA147, 0xF6D7, 0xFF79, 0xFF59, 0xFF59, 0xFF59, 0xFF59, 0xFF59, 0xFF38, 0xFFDA, 0xCC71, 0x9065,
    0xA928, 0xB108, 0xB108, 0xB108, 0xB108, 0xB108, 0xB108, 0xA907, 0xA907, 0xA907, 0xA907, 0xA907, 0xA907, 0xA0E7, 0xA0E7, 0xA0E7,
    0xA0E7, 0xA0E7, 0xA0E7, 0x98E7, 0x98E7, 0x98E7, 0x98C7, 0x98C7, 0x90C7, 0x90C7, 0x90C6, 0x90C6, 0x90C6, 0x90C6, 0x88C6, 0x88C6,
    0x88A6, 0x88A6, 0x88A6, 0x88A6, 0x80A6, 0x80A6, 0x80A6, 0x80A6, 0x80A6, 0x7886, 0x7886, 0x7886, 0x7886, 0x7886, 0x7886, 0x7886,
    0x7886, 0x7886, 0x7886, 0x7886, 0x7886, 0x7886, 0x7886, 0x7886, 0x7886, 0x7886, 0x7886, 0x7886, 0x7886, 0x7886, 0x7886, 0x7886,
    0x7885, 0x7885, 0x7885, 0x7885, 0x7885, 0x7885, 0x7885, 0x7085, 0x7085, 0x7085, 0x7085, 0x7085, 0x7085, 0x7085, 0x7085, 0x7085,
    0x7085, 0x6885, 0x6885, 0x6885, 0x6885, 0x6885, 0x6885, 0x6885, 0x6085, 0x6064, 0x6064, 0x6064, 0x6064, 0x82CB, 0x6084, 0x6084,
    0xB4F1, 0xBD52, 0x6106, 0x5043, 0x5043, 0x5966, 0x5966, 0x5023, 0x5064, 0x4863, 0x4863, 0x4863, 0x4843, 0x4843, 0x4843, 0x4043,
    0x6084, 0x6084, 0x68A4, 0x68A4, 0x68A5, 0x70A5, 0x70A5, 0x70C5, 0x78A5, 0x7946, 0x79E8, 0x80A5, 0x80C5, 0x88E6, 0xB4D1, 0xBD72,
    0x9168, 0x90C6, 0x9B0C, 0x9927, 0x98E6, 0xA107, 0xA107, 0xA107, 0xA907, 0xA927, 0xA8C6, 0xBA8B, 0xCC2F, 0xB0C7, 0xB968, 0xB928,
    0xB948, 0xB948, 0xC148, 0xC148, 0xC148, 0xC948, 0xC949, 0xC949, 0xC969, 0xD169, 0xD169, 0xD169, 0xD169, 0xD169, 0xD969, 0xD969,
    0xD969, 0xD989, 0xD989, 0xD989, 0xD989, 0xD989, 0xE189, 0xE189, 0xE189, 0xE189, 0xE189, 0xE189, 0xE189, 0xE189, 0xE189, 0xE189,
    0xE189, 0xE189, 0xE189, 0xE189, 0xE189, 0xE189, 0xE189, 0xE189, 0xE189, 0xE189, 0xE189, 0xE189, 0xE189, 0xE189, 0xE189, 0xE189,
    0xD989, 0xD989, 0xD989, 0xD989, 0xD989, 0xD989, 0xD989, 0xD969, 0xD969, 0xD969, 0xD969, 0xD969, 0xD969, 0xD969, 0xD969, 0xD169,
    0xD169, 0xD169, 0xD169, 0xD169, 0xD169, 0xD169, 0xD169, 0xD169, 0xC969, 0xC949, 0xC949, 0xC949, 0xC949, 0xC949, 0xC949, 0xC948,
    0xC948, 0xC148, 0xB948, 0xB107, 0xA147, 0xF6D7, 0xFF79, 0xFF59, 0xFF59, 0xFF59, 0xFF59, 0xFF59, 0xFF38, 0xFFDA, 0xCC71, 0x9065,
    0xA928, 0xB108, 0xB108, 0xB108, 0xB108, 0xB108, 0xA907, 0xA907, 0xA907, 0xA907, 0xA907, 0xA907, 0xA0E7, 0xA0E7, 0xA0E7, 0xA0E7,
    0xA0E7, 0xA0E7, 0x98E7, 0x98E7, 0x98E7, 0x98E7, 0x98C7, 0x98C7, 0x90C7, 0x90C6, 0x90C6, 0x90C6, 0x90C6, 0x90C6, 0x88C6, 0x88A6,
    0x88A6, 0x88A6, 0x88A6, 0x80A6, 0x80A6, 0x80A6, 0x80A6, 0x80A6, 0x80A6, 0x7886, 0x7886, 0x7886, 0x7886, 0x7886, 0x7886, 0x7886,
    0x7886, 0x7886, 0x7886, 0x7886, 0x7886, 0x7886, 0x7886, 0x7886, 0x7886, 0x7886, 0x7886, 0x7886, 0x7886, 0x7886, 0x7886, 0x7886,
    0x7885, 0x7885, 0x7885, 0x7885, 0x7885, 0x7885, 0x7885, 0x7085, 0x7085, 0x7085, 0x7085, 0x7085, 0x7085, 0x7085, 0x7085, 0x7085,
    0x7085, 0x70A5, 0x6003, 0xA34D, 0x92CB, 0x6003, 0x68A5, 0x6885, 0x6085, 0x6064, 0x6064, 0x6064, 0x6064, 0x82CB, 0x60A5, 0x6084,
    0xB4F1, 0xBD72, 0x6106, 0x5044, 0x5043, 0x5966, 0x5966, 0x5023, 0x5064, 0x4863, 0x4863, 0x4863, 0x4843, 0x4843, 0x4843, 0x4043,
    0x6084, 0x6084, 0x60A4, 0x68A4, 0x68A5, 0x70A5, 0x70A5, 0x70C5, 0x78A5, 0x7946, 0x71E8, 0x80A5, 0x80C5, 0x88E6, 0xB4D1, 0xBD72,
    0x9168, 0x90A6, 0x9B0B, 0x9927, 0x98E6, 0x9907, 0xA107, 0xA107, 0xA107, 0xA0C6, 0xA8A6, 0xCCD1, 0xDE75, 0xB168, 0xB0A6, 0xB928,
    0xB948, 0xB948, 0xC148, 0xC148, 0xC148, 0xC148, 0xC948, 0xC969, 0xC969, 0xC969, 0xD169, 0xD169, 0xD169, 0xD169, 0xD169, 0xD969,
    0xD969, 0xD969, 0xD989, 0xD989, 0xD989, 0xD989, 0xD989, 0xD989, 0xD989, 0xD989, 0xD989, 0xD989, 0xE189, 0xE189, 0xE189, 0xE189,
    0xE189, 0xE189, 0xE189, 0xE189, 0xE189, 0xE189, 0xE189, 0xE189, 0xE189, 0xE189, 0xE189, 0xD989, 0xD989, 0xD989, 0xD989, 0xD989,
    0xD989, 0xD989, 0xD989, 0xD989, 0xD969, 0xD969, 0xD969, 0xD969, 0xD969, 0xD969, 0xD969, 0xD969, 0xD969, 0xD169, 0xD169, 0xD169,
    0xD169, 0xD169, 0xD169, 0xD169, 0xD169, 0xD169, 0xD169, 0xC969, 0xC949, 0xC949, 0xC949, 0xC949, 0xC949, 0xC949, 0xC948, 0xC948,
    0xC148, 0xC148, 0xB928, 0xA907, 0xA147, 0xF6D7, 0xFF79, 0xFF59, 0xFF59, 0xFF59, 0xFF59, 0xFF59, 0xFF38, 0xFFDA, 0xCC71, 0x9065,
    0xA927, 0xB108, 0xB108, 0xB108, 0xB108, 0xA907, 0xA907, 0xA907, 0xA907, 0xA907, 0xA907, 0xA0E7, 0xA0E7, 0xA0E7, 0xA0E7, 0xA0E7,
    0xA0E7, 0x98E7, 0x98E7, 0x98E7, 0x98E7, 0x98C7, 0x98C7, 0x90C7, 0x90C6, 0x90C6, 0x90C6, 0x90C6, 0x90C6, 0x88C6, 0x88C6, 0x88A6,
    0x88A6, 0x88A6, 0x88A6, 0x80A6, 0x80A6, 0x80A6, 0x80A6, 0x80A6, 0x7886, 0x7886, 0x7886, 0x7886, 0x7886, 0x7886, 0x7886, 0x7886,
    0x7886, 0x7886, 0x7886, 0x7886, 0x7886, 0x7886, 0x7886, 0x7886, 0x7886, 0x7886, 0x7886, 0x7886, 0x7886, 0x7886, 0x7886, 0x7886,
    0x7885, 0x7885, 0x7885, 0x7885, 0x7885, 0x7885, 0x7885, 0x7085, 0x7085, 0x7085, 0x7085, 0x7085, 0x7085, 0x7085, 0x7085, 0x7085,
    0x6885, 0x6003, 0x68A5, 0xDE15, 0xC532, 0x6003, 0x6003, 0x6065, 0x6085, 0x6064, 0x6064, 0x6064, 0x6064, 0x82CB, 0x60A5, 0x6084,
    0xB4F1, 0xBD72, 0x6106, 0x5044, 0x5043, 0x5966, 0x5966, 0x5023, 0x5064, 0x4863, 0x4863, 0x4863, 0x4843, 0x4843, 0x4843, 0x4043,
    0x6084, 0x6084, 0x60A4, 0x68A4, 0x68A4, 0x70A5, 0x70A5, 0x70C5, 0x78A5, 0x7146, 0x71E8, 0x80A5, 0x80C5, 0x88E6, 0xB4D1, 0xBD72,
    0x9168, 0x90A6, 0x9B0B, 0x9927, 0x98E6, 0x9907, 0xA107, 0xA107, 0xA107, 0xB2AB, 0xCD32, 0xDE55, 0xDE55, 0xDDD4, 0xCBAE, 0xB989,
    0xB928, 0xB948, 0xB948, 0xC148, 0xC148, 0xC148, 0xC148, 0xC948, 0xC948, 0xC969, 0xC969, 0xD169, 0xD169, 0xD169, 0xD169, 0xD169,
    0xD169, 0xD969, 0xD969, 0xD969, 0xD969, 0xD969, 0xD989, 0xD989, 0xD989, 0xD989, 0xD989, 0xD989, 0xD989, 0xD989, 0xD989, 0xD989,
    0xD989, 0xD989, 0xD989, 0xD989, 0xD989, 0xD989, 0xD989, 0xD989, 0xD989, 0xD989, 0xD989, 0xD989, 0xD989, 0xD989, 0xD989, 0xD989,
    0xD989, 0xD969, 0xD969, 0xD969, 0xD969, 0xD969, 0xD969, 0xD969, 0xD969, 0xD969, 0xD169, 0xD169, 0xD169, 0xD169, 0xD169, 0xD169,
    0xD169, 0xD169, 0xD169, 0xD169, 0xD169, 0xC969, 0xC949, 0xC949, 0xC949, 0xC949, 0xC949, 0xC949, 0xC949, 0xC948, 0xC148, 0xC148,
    0xC148, 0xC148, 0xB928, 0xA907, 0x9947, 0xF6B7, 0xFF79, 0xFF59, 0xFF59, 0xFF59, 0xFF59, 0xFF59, 0xFF38, 0xFFDA, 0xCC70, 0x8865,
    0xA927, 0xA907, 0xB108, 0xB108, 0xA907, 0xA907, 0xA907, 0xA907, 0xA907, 0xA907, 0xA0E7, 0xA0E7, 0xA0E7, 0xA0E7, 0xA0E7, 0xA0E7,
    0x98E7, 0x98E7, 0x98E7, 0x98E7, 0x98E7, 0x98C7, 0x98C7, 0x90C6, 0x90C6, 0x90C6, 0x90C6, 0x90C6, 0x88C6, 0x88C6, 0x88A6, 0x88A6,
    0x88A6, 0x88A6, 0x80A6, 0x80A6, 0x80A6, 0x80A6, 0x80A6, 0x7886, 0x7886, 0x7886, 0x7886, 0x7886, 0x7886, 0x7886, 0x7886, 0x7886,
    0x7886, 0x7886, 0x7886, 0x7886, 0x7886, 0x7886, 0x7886, 0x7886, 0x7886, 0x7886, 0x7886, 0x7886, 0x7886, 0x7886, 0x7886, 0x7886,
    0x7885, 0x7885, 0x7885, 0x7885, 0x7885, 0x7885, 0x7885, 0x7085, 0x7085, 0x7085, 0x7085, 0x7085, 0x7085, 0x7085, 0x7085, 0x7085,
    0x70A5, 0xA30C, 0xD5D4, 0xDE75, 0xDE55, 0xC512, 0x928A, 0x6885, 0x6084, 0x6084, 0x6064, 0x6064, 0x6064, 0x82CB, 0x60A5, 0x6084,
    0xB4F1, 0xBD72, 0x6106, 0x5044, 0x5043, 0x5966, 0x5966, 0x5023, 0x5064, 0x4863, 0x4863, 0x4863, 0x4843, 0x4843, 0x4843, 0x4043,
    0x6084, 0x6084, 0x6084, 0x68A4, 0x68A4, 0x68A5, 0x70A5, 0x70C5, 0x78A5, 0x7146, 0x71E8, 0x80A5, 0x80C5, 0x80E6, 0xB4D1, 0xBD72,
    0x9168, 0x90A5, 0x9B0C, 0x9927, 0x98E6, 0x9907, 0xA107, 0xA107, 0xA107, 0xBAEC, 0xD573, 0xDE55, 0xDE55, 0xDDF4, 0xCC0F, 0xB9A9,
    0xB928, 0xB948, 0xB928, 0xB948, 0xC148, 0xC148, 0xC148, 0xC948, 0xC948, 0xC949, 0xC949, 0xC969, 0xD169, 0xD169, 0xD169, 0xD169,
    0xD169, 0xD169, 0xD969, 0xD969, 0xD969, 0xD969, 0xD969, 0xD969, 0xD969, 0xD969, 0xD969, 0xD969, 0xD969, 0xD969, 0xD969, 0xD969,
    0xD989, 0xD989, 0xD989, 0xD989, 0xD989, 0xD989, 0xD989, 0xD969, 0xD969, 0xD969, 0xD969, 0xD969, 0xD969, 0xD969, 0xD969, 0xD969,
    0xD969, 0xD969, 0xD969, 0xD969, 0xD969, 0xD969, 0xD969, 0xD169, 0xD169, 0xD169, 0xD169, 0xD169, 0xD169, 0xD169, 0xD169, 0xD169,
    0xD169, 0xD169, 0xD169, 0xC969, 0xC949, 0xC949, 0xC949, 0xC949, 0xC949, 0xC949, 0xC948, 0xC948, 0xC948, 0xC148, 0xC148, 0xC148,
    0xC148, 0xC148, 0xB928, 0xA907, 0x9947, 0xF6B7, 0xFF79, 0xFF59, 0xFF59, 0xFF59, 0xFF59, 0xFF59, 0xFF38, 0xFFDA, 0xCC70, 0x8865,
    0xA927, 0xA907, 0xA908, 0xA907, 0xA907, 0xA907, 0xA907, 0xA907, 0xA907, 0xA8E7, 0xA0E7, 0xA0E7, 0xA0E7, 0xA0E7, 0xA0E7, 0x98E7,
    0x98E7, 0x98E7, 0x98E7, 0x98E7, 0x98C7, 0x98C7, 0x90C6, 0x90C6, 0x90C6, 0x90C6, 0x90C6, 0x90C6, 0x88C6, 0x88A6, 0x88A6, 0x88A6,
    0x88A6, 0x88A6, 0x80A6, 0x80A6, 0x80A6, 0x80A6, 0x80A6, 0x7886, 0x7886, 0x7886, 0x7886, 0x7886, 0x7886, 0x7886, 0x7886, 0x7886,
    0x7886, 0x7886, 0x7886, 0x7886, 0x7886, 0x7886, 0x7886, 0x7886, 0x7886, 0x7886, 0x7886, 0x7886, 0x7886, 0x7886, 0x7886, 0x7886,
    0x7885, 0x7885, 0x7885, 0x7885, 0x7885, 0x7885, 0x7885, 0x7085, 0x7085, 0x7085, 0x7085, 0x7085, 0x7085, 0x7085, 0x7085, 0x6865,
    0x70C6, 0xAB8E, 0xD5F4, 0xDE55, 0xDE55, 0xCD52, 0x9AEB, 0x68A5, 0x6064, 0x6084, 0x6064, 0x6064, 0x6064, 0x82CB, 0x60A5, 0x6084,
    0xB4F1, 0xBD72, 0x6106, 0x5044, 0x5043, 0x5966, 0x5966, 0x5023, 0x5064, 0x4863, 0x4863, 0x4863, 0x4843, 0x4843, 0x4843, 0x4043,
    0x5884, 0x6084, 0x6084, 0x68A4, 0x68A4, 0x68A5, 0x70A5, 0x70C5, 0x7085, 0x7146, 0x71E8, 0x80A5, 0x80C5, 0x80E6, 0xB4D1, 0xBD72,
    0x9168, 0x88A5, 0x9B0B, 0x9127, 0x98E6, 0x9906, 0x9907, 0xA107, 0xA107, 0xA0A6, 0xA0A6, 0xD532, 0xDE75, 0xB188, 0xA886, 0xB107,
    0xB128, 0xB928, 0xB928, 0xB928, 0xC148, 0xC148, 0xC148, 0xC148, 0xC148, 0xC948, 0xC949, 0xC969, 0xC969, 0xD169, 0xD169, 0xD169,
    0xD169, 0xD169, 0xD169, 0xD969, 0xD969, 0xD969, 0xD969, 0xD969, 0xD969, 0xD969, 0xD969, 0xD969, 0xD969, 0xD969, 0xD969, 0xD969,
    0xD969, 0xD969, 0xD969, 0xD969, 0xD969, 0xD969, 0xD969, 0xD969, 0xD969, 0xD969, 0xD969, 0xD969, 0xD969, 0xD969, 0xD969, 0xD969,
    0xD969, 0xD969, 0xD969, 0xD169, 0xD169, 0xD169, 0xD169, 0xD169, 0xD169, 0xD169, 0xD169, 0xD169, 0xD169, 0xD169, 0xD169, 0xD169,
    0xD169, 0xD169, 0xC949, 0xC949, 0xC949, 0xC949, 0xC949, 0xC949, 0xC949, 0xC948, 0xC948, 0xC148, 0xC148, 0xC148, 0xC148, 0xC148,
    0xC148, 0xC128, 0xB928, 0xA907, 0x9947, 0xF6B7, 0xFF79, 0xFF59, 0xFF59, 0xFF59, 0xFF59, 0xFF59, 0xFF38, 0xFFDA, 0xCC70, 0x8865,
    0xA107, 0xA907, 0xA907, 0xA907, 0xA907, 0xA907, 0xA907, 0xA907, 0xA0E7, 0xA0E7, 0xA0E7, 0xA0E7, 0xA0E7, 0xA0E7, 0xA0E7, 0x98E7,
    0x98E7, 0x98E7, 0x98E7, 0x98C7, 0x98C7, 0x90C7, 0x90C6, 0x90C6, 0x90C6, 0x90C6, 0x90C6, 0x88C6, 0x88C6, 0x88A6, 0x88A6, 0x88A6,
    0x88A6, 0x80A6, 0x80A6, 0x80A6, 0x80A6, 0x80A6, 0x7886, 0x7886, 0x7886, 0x7886, 0x7886, 0x7886, 0x7886, 0x7886, 0x7886, 0x7886,
    0x7886, 0x7886, 0x7886, 0x7886, 0x7886, 0x7886, 0x7886, 0x7886, 0x7886, 0x7886, 0x7886, 0x7886, 0x7886, 0x7886, 0x7886, 0x7886,
    0x7885, 0x7885, 0x7885, 0x7885, 0x7885, 0x7885, 0x7885, 0x7085, 0x7085, 0x7085, 0x7085, 0x7085, 0x7085, 0x7085, 0x7085, 0x7085,
    0x6865, 0x6003, 0x70E6, 0xDE55, 0xC512, 0x6004, 0x6003, 0x6064, 0x6085, 0x6064, 0x6064, 0x6064, 0x6064, 0x82CB, 0x60A5, 0x6084,
    0xB4F1, 0xBD72, 0x6106, 0x5044, 0x5043, 0x5966, 0x5966, 0x5023, 0x5064, 0x4863, 0x4863, 0x4863, 0x4843, 0x4843, 0x4843, 0x4043,
    0x5884, 0x6084, 0x6084, 0x60A4, 0x68A4, 0x68A4, 0x70A5, 0x70A5, 0x7085, 0x7146, 0x71E8, 0x80A5, 0x80C5, 0x80E6, 0xB4D1, 0xBD72,
    0x9167, 0x88A5, 0x9B0B, 0x9127, 0x90E6, 0x98E6, 0x9907, 0xA107, 0xA107, 0xA127, 0xA0A6, 0xBACC, 0xCC90, 0xA8A6, 0xB148, 0xB128,
    0xB128, 0xB928, 0xB928, 0xB928, 0xB948, 0xC148, 0xC148, 0xC148, 0xC148, 0xC948, 0xC948, 0xC949, 0xC969, 0xC969, 0xD169, 0xD169,
    0xD169, 0xD169, 0xD169, 0xD169, 0xD169, 0xD169, 0xD169, 0xD169, 0xD969, 0xD969, 0xD969, 0xD969, 0xD969, 0xD969, 0xD969, 0xD969,
    0xD969, 0xD969, 0xD969, 0xD969, 0xD969, 0xD969, 0xD969, 0xD969, 0xD969, 0xD969, 0xD969, 0xD969, 0xD969, 0xD969, 0xD969, 0xD169,
    0xD169, 0xD169, 0xD169, 0xD169, 0xD169, 0xD169, 0xD169, 0xD169, 0xD169, 0xD169, 0xD169, 0xD169, 0xD169, 0xD169, 0xD169, 0xC969,
    0xC949, 0xC949, 0xC949, 0xC949, 0xC949, 0xC949, 0xC949, 0xC949, 0xC948, 0xC948, 0xC148, 0xC148, 0xC148, 0xC148, 0xC148, 0xC148,
    0xC128, 0xB928, 0xB928, 0xA907, 0x9927, 0xF6B7, 0xFF79, 0xFF59, 0xFF59, 0xFF59, 0xFF59, 0xFF59, 0xFF38, 0xFFDA, 0xCC70, 0x8865,
    0xA107, 0xA907, 0xA907, 0xA907, 0xA907, 0xA907, 0xA907, 0xA0E7, 0xA0E7, 0xA0E7, 0xA0E7, 0xA0E7, 0xA0E7, 0xA0E7, 0x98E7, 0x98E7,
    0x98E7, 0x98E7, 0x98C7, 0x98C7, 0x90C7, 0x90C6, 0x90C6, 0x90C6, 0x90C6, 0x90C6, 0x88C6, 0x88C6, 0x88A6, 0x88A6, 0x88A6, 0x88A6,
    0x80A6, 0x80A6, 0x80A6, 0x80A6, 0x80A6, 0x8086, 0x7886, 0x7886, 0x7886, 0x7886, 0x7886, 0x7886, 0x7886, 0x7886, 0x7886, 0x7886,
    0x7886, 0x7886, 0x7886, 0x7886, 0x7886, 0x7886, 0x7886, 0x7886, 0x7886, 0x7886, 0x7886, 0x7886, 0x7886, 0x7886, 0x7886, 0x7886,
    0x7885, 0x7885, 0x7885, 0x7885, 0x7885, 0x7885, 0x7885, 0x7085, 0x7085, 0x7085, 0x7085, 0x7085, 0x7085, 0x7085, 0x7085, 0x7085,
    0x7085, 0x70A5, 0x6003, 0xABCE, 0x9B0C, 0x6003, 0x68A5, 0x6885, 0x6085, 0x6064, 0x6064, 0x6064, 0x6064, 0x82CB, 0x60A5, 0x6084,
    0xB4F1, 0xBD72, 0x6106, 0x5044, 0x5043, 0x5966, 0x5966, 0x5023, 0x5064, 0x4863, 0x4863, 0x4863, 0x4843, 0x4843, 0x4843, 0x4043,
    0x5884, 0x6084, 0x6084, 0x60A4, 0x68A4, 0x68A4, 0x68A5, 0x70A5, 0x7085, 0x7146, 0x71E8, 0x7885, 0x78C5, 0x80E6, 0xB4F1, 0xBD72,
    0x9167, 0x88A5, 0x9B0B, 0x9127, 0x90E6, 0x98E6, 0x9907, 0x9907, 0xA107, 0xA107, 0xA107, 0xA927, 0xA988, 0xA907, 0xB127, 0xB127,
    0xB128, 0xB128, 0xB928, 0xB928, 0xB948, 0xB948, 0xC148, 0xC148, 0xC148, 0xC148, 0xC948, 0xC949, 0xC949, 0xC949, 0xC949, 0xD169,
    0xD169, 0xD169, 0xD169, 0xD169, 0xD169, 0xD169, 0xD169, 0xD169, 0xD169, 0xD169, 0xD169, 0xD169, 0xD169, 0xD169, 0xD169, 0xD969,
    0xD969, 0xD969, 0xD969, 0xD969, 0xD969, 0xD969, 0xD969, 0xD169, 0xD169, 0xD169, 0xD169, 0xD169, 0xD169, 0xD169, 0xD169, 0xD169,
    0xD169, 0xD169, 0xD169, 0xD169, 0xD169, 0xD169, 0xD169, 0xD169, 0xD169, 0xD169, 0xD169, 0xD169, 0xD169, 0xC969, 0xC949, 0xC949,
    0xC949, 0xC949, 0xC949, 0xC949, 0xC949, 0xC949, 0xC948, 0xC948, 0xC148, 0xC148, 0xC148, 0xC148, 0xC148, 0xC148, 0xC128, 0xC128,
    0xC128, 0xB928, 0xB928, 0xA8E7, 0x9927, 0xF6B7, 0xFF79, 0xFF59, 0xFF59, 0xFF59, 0xFF59, 0xFF59, 0xFF38, 0xFFDA, 0xCC70, 0x8865,
    0xA107, 0xA907, 0xA907, 0xA907, 0xA907, 0xA907, 0xA107, 0xA0E7, 0xA0E7, 0xA0E7, 0xA0E7, 0xA0E7, 0xA0E7, 0x98E7, 0x98E7, 0x98E7,
    0x98E7, 0x98C7, 0x98C7, 0x90C7, 0x90C7, 0x90C6, 0x90C6, 0x90C6, 0x90C6, 0x88C6, 0x88C6, 0x88A6, 0x88A6, 0x88A6, 0x88A6, 0x80A6,
    0x80A6, 0x80A6, 0x80A6, 0x80A6, 0x80A6, 0x7886, 0x7886, 0x7886, 0x7886, 0x7886, 0x7886, 0x7886, 0x7886, 0x7886, 0x7886, 0x7886,
    0x7886, 0x7886, 0x7886, 0x7886, 0x7886, 0x7886, 0x7886, 0x7886, 0x7886, 0x7886, 0x7886, 0x7886, 0x7886, 0x7886, 0x7886, 0x7886,
    0x7885, 0x7885, 0x7885, 0x7885, 0x7885, 0x7885, 0x7885, 0x7085, 0x7085, 0x7085, 0x7085, 0x7085, 0x7085, 0x7085, 0x7085, 0x7085,
    0x7085, 0x6885, 0x6865, 0x70C6, 0x70C6, 0x6864, 0x6885, 0x6885, 0x6085, 0x6064, 0x6064, 0x6064, 0x6064, 0x82CB, 0x6085, 0x6084,
    0xB4F1, 0xBD72, 0x6106, 0x5044, 0x5043, 0x5966, 0x5966, 0x5023, 0x5064, 0x4863, 0x4863, 0x4863, 0x4843, 0x4843, 0x4843, 0x4043,
    0x5884, 0x6084, 0x6084, 0x6084, 0x68A4, 0x68A4, 0x68A5, 0x70A5, 0x7085, 0x7106, 0x7208, 0x78A5, 0x78C5, 0x80A5, 0xAC4F, 0xC5D3,
    0x91E9, 0x8865, 0x92EB, 0x9188, 0x90C6, 0x98E6, 0x9906, 0x9907, 0xA107, 0xA107, 0xA107, 0xA107, 0xA907, 0xA927, 0xA927, 0xB127,
    0xB128, 0xB128, 0xB928, 0xB928, 0xB928, 0xB928, 0xC148, 0xC148, 0xC148, 0xC148, 0xC148, 0xC948, 0xC949, 0xC949, 0xC949, 0xC949,
    0xD149, 0xD169, 0xD169, 0xD169, 0xD169, 0xD169, 0xD169, 0xD169, 0xD169, 0xD169, 0xD169, 0xD169, 0xD169, 0xD169, 0xD169, 0xD169,
    0xD169, 0xD169, 0xD169, 0xD169, 0xD169, 0xD169, 0xD169, 0xD169, 0xD169, 0xD169, 0xD169, 0xD169, 0xD169, 0xD169, 0xD169, 0xD169,
    0xD169, 0xD169, 0xD169, 0xD169, 0xD169, 0xD169, 0xD169, 0xD169, 0xD169, 0xD169, 0xD169, 0xC949, 0xC949, 0xC949, 0xC949, 0xC949,
    0xC949, 0xC949, 0xC949, 0xC949, 0xC948, 0xC948, 0xC148, 0xC148, 0xC148, 0xC148, 0xC148, 0xC148, 0xC148, 0xC128, 0xC128, 0xC128,
    0xB928, 0xB928, 0xB128, 0xA0E7, 0x9927, 0xF6B7, 0xFF79, 0xFF59, 0xFF59, 0xFF59, 0xFF59, 0xFF59, 0xFF38, 0xFFDA, 0xCC70, 0x8865,
    0xA107, 0xA907, 0xA907, 0xA907, 0xA907, 0xA907, 0xA0E7, 0xA0E7, 0xA0E7, 0xA0E7, 0xA0E7, 0xA0E7, 0x98E7, 0x98E7, 0x98E7, 0x98E7,
    0x98C7, 0x98C7, 0x98C7, 0x90C7, 0x90C6, 0x90C6, 0x90C6, 0x90C6, 0x90C6, 0x88C6, 0x88C6, 0x88A6, 0x88A6, 0x88A6, 0x88A6, 0x80A6,
    0x80A6, 0x80A6, 0x80A6, 0x80A6, 0x7886, 0x7886, 0x7886, 0x7886, 0x7886, 0x7886, 0x7886, 0x7886, 0x7886, 0x7886, 0x7886, 0x7886,
    0x7886, 0x7886, 0x7886, 0x7886, 0x7886, 0x7886, 0x7886, 0x7886, 0x7886, 0x7886, 0x7886, 0x7886, 0x7886, 0x7886, 0x7886, 0x7885,
    0x7885, 0x7885, 0x7885, 0x7885, 0x7885, 0x7885, 0x7885, 0x7085, 0x7085, 0x7085, 0x7085, 0x7085, 0x7085, 0x7085, 0x7085, 0x7085,
    0x6885, 0x6885, 0x6885, 0x6865, 0x6865, 0x6885, 0x6885, 0x6885, 0x6085, 0x6064, 0x6064, 0x6064, 0x60A5, 0x82CB, 0x5844, 0x6906,
    0xBD72, 0xB4F1, 0x58A5, 0x5864, 0x5023, 0x61A7, 0x5925, 0x5023, 0x5064, 0x4863, 0x4863, 0x4863, 0x4843, 0x4843, 0x4843, 0x4043,
    0x5884, 0x5884, 0x6084, 0x6084, 0x6884, 0x68A4, 0x68A5, 0x70A5, 0x70A5, 0x7106, 0x7208, 0x78A5, 0x78C5, 0x78A5, 0xAC2F, 0xC5D3,
    0x9209, 0x8865, 0x92CB, 0x9188, 0x90C6, 0x90E6, 0x98E6, 0x9907, 0x9907, 0xA107, 0xA107, 0xA107, 0xA927, 0xA907, 0xA907, 0xB127,
    0xB128, 0xB128, 0xB128, 0xB928, 0xB928, 0xB928, 0xB948, 0xC148, 0xC148, 0xC148, 0xC148, 0xC148, 0xC948, 0xC948, 0xC949, 0xC949,
    0xC949, 0xC969, 0xD169, 0xD169, 0xD169, 0xD169, 0xD169, 0xD169, 0xD169, 0xD169, 0xD169, 0xD169, 0xD169, 0xD169, 0xD169, 0xD169,
    0xD169, 0xD169, 0xD169, 0xD169, 0xD169, 0xD169, 0xD169, 0xD169, 0xD169, 0xD169, 0xD169, 0xD169, 0xD169, 0xD169, 0xD169, 0xD169,
    0xD169, 0xD169, 0xD169, 0xD169, 0xD169, 0xD169, 0xD169, 0xD169, 0xC969, 0xC949, 0xC949, 0xC949, 0xC949, 0xC949, 0xC949, 0xC949,
    0xC949, 0xC949, 0xC948, 0xC948, 0xC148, 0xC148, 0xC148, 0xC148, 0xC148, 0xC148, 0xC148, 0xC128, 0xC128, 0xC128, 0xB928, 0xB928,
    0xB928, 0xB928, 0xB128, 0xA0E7, 0x9927, 0xF6B7, 0xFF79, 0xFF59, 0xFF59, 0xFF59, 0xFF59, 0xFF59, 0xFF38, 0xFFDA, 0xCC70, 0x8865,
    0xA107, 0xA907, 0xA907, 0xA907, 0xA907, 0xA0E7, 0xA0E7, 0xA0E7, 0xA0E7, 0xA0E7, 0xA0E7, 0x98E7, 0x98E7, 0x98E7, 0x98E7, 0x98E7,
    0x98C7, 0x98C7, 0x90C7, 0x90C6, 0x90C6, 0x90C6, 0x90C6, 0x90C6, 0x88C6, 0x88C6, 0x88A6, 0x88A6, 0x88A6, 0x88A6, 0x80A6, 0x80A6,
    0x80A6, 0x80A6, 0x80A6, 0x80A6, 0x7886, 0x7886, 0x7886, 0x7886, 0x7886, 0x7886, 0x7886, 0x7886, 0x7886, 0x7886, 0x7886, 0x7886,
    0x7886, 0x7886, 0x7886, 0x7886, 0x7886, 0x7886, 0x7886, 0x7886, 0x7886, 0x7886, 0x7886, 0x7886, 0x7886, 0x7886, 0x7886, 0x7885,
    0x7885, 0x7885, 0x7885, 0x7885, 0x7885, 0x7885, 0x7885, 0x7085, 0x7085, 0x7085, 0x7085, 0x7085, 0x7085, 0x7085, 0x7085, 0x7085,
    0x6885, 0x6885, 0x6885, 0x6885, 0x6885, 0x6885, 0x6885, 0x6885, 0x6085, 0x6064, 0x6064, 0x6064, 0x60C5, 0x82CB, 0x5823, 0x6906,
    0xBD72, 0xACD0, 0x5884, 0x5864, 0x5023, 0x61A7, 0x5905, 0x5043, 0x5064, 0x4863, 0x4863, 0x4863, 0x4843, 0x4843, 0x4843, 0x4043,
    0x5884, 0x5884, 0x6084, 0x6084, 0x6084, 0x68A4, 0x68A4, 0x70A5, 0x7085, 0x7106, 0x7208, 0x7885, 0x78C5, 0x78A5, 0xAC2F, 0xC5D3,
    0x9209, 0x8065, 0x92CB, 0x9188, 0x90C6, 0x90E6, 0x98E6, 0x98E7, 0x98E7, 0xA107, 0xA107, 0xA107, 0xA107, 0xA907, 0xA907, 0xA927,
    0xB127, 0xB127, 0xB128, 0xB128, 0xB928, 0xB928, 0xB948, 0xB948, 0xC148, 0xC148, 0xC148, 0xC148, 0xC148, 0xC948, 0xC949, 0xC949,
    0xC949, 0xC969, 0xC969, 0xC969, 0xD169, 0xD169, 0xD169, 0xD169, 0xD169, 0xD169, 0xD169, 0xD169, 0xD169, 0xD169, 0xD169, 0xD169,
    0xD169, 0xD169, 0xD169, 0xD169, 0xD169, 0xD169, 0xD169, 0xD169, 0xD169, 0xD169, 0xD169, 0xD169, 0xD169, 0xD169, 0xD169, 0xD169,
    0xD169, 0xD169, 0xD169, 0xC969, 0xC969, 0xC949, 0xC949, 0xC949, 0xC949, 0xC949, 0xC949, 0xC949, 0xC949, 0xC949, 0xC949, 0xC949,
    0xC948, 0xC948, 0xC148, 0xC148, 0xC148, 0xC148, 0xC148, 0xC148, 0xC148, 0xC148, 0xC128, 0xC128, 0xB928, 0xB928, 0xB928, 0xB928,
    0xB928, 0xB928, 0xB128, 0xA0E7, 0x9927, 0xF6B7, 0xFF79, 0xFF59, 0xFF59, 0xFF59, 0xFF59, 0xFF59, 0xFF38, 0xFFDA, 0xCC70, 0x8865,
    0xA107, 0xA0E7, 0xA907, 0xA907, 0xA0E7, 0xA0E7, 0xA0E7, 0xA0E7, 0xA0E7, 0xA0E7, 0x98E7, 0x98E7, 0x98E7, 0x98E7, 0x98E7, 0x98C7,
    0x98C7, 0x90C7, 0x90C6, 0x90C6, 0x90C6, 0x90C6, 0x90C6, 0x88C6, 0x88C6, 0x88A6, 0x88A6, 0x88A6, 0x88A6, 0x80A6, 0x80A6, 0x80A6,
    0x80A6, 0x80A6, 0x80A6, 0x7886, 0x7886, 0x7886, 0x7886, 0x7886, 0x7886, 0x7886, 0x7886, 0x7886, 0x7886, 0x7886, 0x7886, 0x7886,
    0x7886, 0x7886, 0x7886, 0x7886, 0x7886, 0x7886, 0x7886, 0x7886, 0x7886, 0x7886, 0x7886, 0x7886, 0x7886, 0x7886, 0x7886, 0x7885,
    0x7885, 0x7885, 0x7885, 0x7885, 0x7885, 0x7885, 0x7885, 0x7085, 0x7085, 0x7085, 0x7085, 0x7085, 0x7085, 0x7085, 0x7085, 0x7085,
    0x6885, 0x6885, 0x6885, 0x6885, 0x6885, 0x6885, 0x6885, 0x6885, 0x6085, 0x6064, 0x6064, 0x6064, 0x60C5, 0x82CB, 0x5823, 0x6906,
    0xBD72, 0xB4D1, 0x5884, 0x5864, 0x5023, 0x61A7, 0x5925, 0x5043, 0x5064, 0x4863, 0x4863, 0x4863, 0x4843, 0x4843, 0x4843, 0x4043,
    0x5884, 0x5884, 0x6084, 0x6084, 0x6084, 0x68A4, 0x68A4, 0x68A5, 0x70A5, 0x70C5, 0x7228, 0x78A5, 0x78C5, 0x7885, 0xA3AD, 0xC5F4,
    0x9AAB, 0x8044, 0x928A, 0x91E9, 0x90A6, 0x90E6, 0x90E6, 0x98E6, 0x98E7, 0x9907, 0xA107, 0xA107, 0xA107, 0xA907, 0xA907, 0xA927,
    0xA927, 0xB127, 0xB128, 0xB128, 0xB128, 0xB928, 0xB928, 0xB928, 0xB948, 0xC148, 0xC148, 0xC148, 0xC148, 0xC148, 0xC948, 0xC949,
    0xC949, 0xC949, 0xC949, 0xC949, 0xC949, 0xC949, 0xC969, 0xD169, 0xC969, 0xD169, 0xD169, 0xD169, 0xD169, 0xD169, 0xD169, 0xD169,
    0xD169, 0xD169, 0xD169, 0xD169, 0xD169, 0xD169, 0xD169, 0xD169, 0xD169, 0xD169, 0xD169, 0xD169, 0xD169, 0xD169, 0xD169, 0xC969,
    0xC969, 0xC949, 0xC949, 0xC949, 0xC949, 0xC949, 0xC949, 0xC949, 0xC949, 0xC949, 0xC949, 0xC949, 0xC949, 0xC948, 0xC948, 0xC948,
    0xC148, 0xC148, 0xC148, 0xC148, 0xC148, 0xC148, 0xC148, 0xC148, 0xC128, 0xC128, 0xB928, 0xB928, 0xB928, 0xB928, 0xB928, 0xB928,
    0xB928, 0xB928, 0xB128, 0xA0E7, 0x9127, 0xF6B7, 0xFF79, 0xFF59, 0xFF59, 0xFF59, 0xFF59, 0xFF59, 0xFF38, 0xFFDA, 0xCC70, 0x8065,
    0xA107, 0xA0E7, 0xA107, 0xA0E7, 0xA0E7, 0xA0E7, 0xA0E7, 0xA0E7, 0xA0E7, 0xA0E7, 0x98E7, 0x98E7, 0x98E7, 0x98E7, 0x98C7, 0x98C7,
    0x90C7, 0x90C6, 0x90C6, 0x90C6, 0x90C6, 0x90C6, 0x88C6, 0x88C6, 0x88A6, 0x88A6, 0x88A6, 0x88A6, 0x80A6, 0x80A6, 0x80A6, 0x80A6,
    0x80A6, 0x80A6, 0x7886, 0x7886, 0x7886, 0x7886, 0x7886, 0x7886, 0x7886, 0x7886, 0x7886, 0x7886, 0x7886, 0x7886, 0x7886, 0x7886,
    0x7886, 0x7886, 0x7886, 0x7886, 0x7886, 0x7886, 0x7886, 0x7886, 0x7886, 0x7886, 0x7886, 0x7886, 0x7886, 0x7886, 0x7886, 0x7885,
    0x7885, 0x7885, 0x7885, 0x7885, 0x7885, 0x7885, 0x7885, 0x7085, 0x7085, 0x7085, 0x7085, 0x7085, 0x7085, 0x7085, 0x7085, 0x7085,
    0x6885, 0x6885, 0x6885, 0x6885, 0x6885, 0x6885, 0x6885, 0x6885, 0x6084, 0x6064, 0x6084, 0x6044, 0x6926, 0x82AA, 0x5003, 0x71A8,
    0xC5D3, 0xA44F, 0x5044, 0x5864, 0x5043, 0x61E7, 0x58C5, 0x5043, 0x5063, 0x4863, 0x4863, 0x4863, 0x4843, 0x4843, 0x4843, 0x4043,
    0x5884, 0x5884, 0x6084, 0x6084, 0x6084, 0x68A4, 0x68A4, 0x68A5, 0x70A5, 0x70C5, 0x7228, 0x78C5, 0x78C5, 0x7864, 0xA38D, 0xC614,
    0x9AAB, 0x8024, 0x926A, 0x9209, 0x90A5, 0x90E6, 0x90E6, 0x98E6, 0x98E6, 0x9907, 0xA107, 0xA107, 0xA107, 0xA107, 0xA907, 0xA907,
    0xA907, 0xA927, 0xB128, 0xB128, 0xB128, 0xB928, 0xB928, 0xB928, 0xB928, 0xB928, 0xC128, 0xC148, 0xC148, 0xC148, 0xC148, 0xC948,
    0xC948, 0xC948, 0xC949, 0xC949, 0xC949, 0xC949, 0xC949, 0xC949, 0xC949, 0xC949, 0xC949, 0xC949, 0xC949, 0xC949, 0xC949, 0xC949,
    0xC949, 0xC969, 0xC969, 0xC969, 0xC969, 0xC969, 0xC949, 0xC949, 0xC949, 0xC949, 0xC949, 0xC949, 0xC949, 0xC949, 0xC949, 0xC949,
    0xC949, 0xC949, 0xC949, 0xC949, 0xC949, 0xC949, 0xC949, 0xC949, 0xC949, 0xC949, 0xC948, 0xC948, 0xC948, 0xC148, 0xC148, 0xC148,
    0xC148, 0xC148, 0xC148, 0xC148, 0xC148, 0xC128, 0xC128, 0xC128, 0xC128, 0xB928, 0xB928, 0xB928, 0xB928, 0xB928, 0xB928, 0xB928,
    0xB928, 0xB128, 0xB108, 0xA0E7, 0x9127, 0xF6B7, 0xFF79, 0xFF59, 0xFF59, 0xFF59, 0xFF59, 0xFF59, 0xFF38, 0xFFDA, 0xCC70, 0x8065,
    0x9907, 0xA0E7, 0xA0E7, 0xA0E7, 0xA0E7, 0xA0E7, 0xA0E7, 0xA0E7, 0x98E7, 0x98E7, 0x98E7, 0x98E7, 0x98E7, 0x98C7, 0x98C7, 0x90C7,
    0x90C6, 0x90C6, 0x90C6, 0x90C6, 0x90C6, 0x88C6, 0x88C6, 0x88A6, 0x88A6, 0x88A6, 0x88A6, 0x88A6, 0x80A6, 0x80A6, 0x80A6, 0x80A6,
    0x80A6, 0x8086, 0x7886, 0x7886, 0x7886, 0x7886, 0x7886, 0x7886, 0x7886, 0x7886, 0x7886, 0x7886, 0x7886, 0x7886, 0x7886, 0x7886,
    0x7886, 0x7886, 0x7886, 0x7886, 0x7886, 0x7886, 0x7886, 0x7886, 0x7886, 0x7886, 0x7886, 0x7886, 0x7886, 0x7886, 0x7886, 0x7885,
    0x7885, 0x7885, 0x7885, 0x7885, 0x7885, 0x7885, 0x7885, 0x7085, 0x7085, 0x7085, 0x7085, 0x7085, 0x7085, 0x7085, 0x7085, 0x7085,
    0x6885, 0x6885, 0x6885, 0x6885, 0x6885, 0x6885, 0x6885, 0x6085, 0x6084, 0x6064, 0x6084, 0x6044, 0x6946, 0x828A, 0x5003, 0x71C8,
    0xC5F3, 0xA42F, 0x5023, 0x5864, 0x5043, 0x61E7, 0x50C4, 0x5043, 0x5063, 0x4863, 0x4863, 0x4863, 0x4843, 0x4843, 0x4043, 0x4043,
    0x5884, 0x5884, 0x5884, 0x6084, 0x6084, 0x6084, 0x68A4, 0x68A4, 0x68A5, 0x70A5, 0x7208, 0x70E5, 0x78C5, 0x7864, 0x9B0C, 0xC614,
    0xA34C, 0x8024, 0x9229, 0x924A, 0x88A5, 0x90E6, 0x90E6, 0x90E6, 0x98E6, 0x98E7, 0x98E7, 0xA107, 0xA107, 0xA107, 0xA107, 0xA907,
    0xA907, 0xA907, 0xB107, 0xB127, 0xB128, 0xB128, 0xB928, 0xB928, 0xB928, 0xB928, 0xB928, 0xC148, 0xC148, 0xC148, 0xC148, 0xC148,
    0xC148, 0xC948, 0xC948, 0xC949, 0xC949, 0xC949, 0xC949, 0xC949, 0xC949, 0xC949, 0xC949, 0xC949, 0xC949, 0xC949, 0xC949, 0xC949,
    0xC949, 0xC949, 0xC949, 0xC949, 0xC949, 0xC949, 0xC949, 0xC949, 0xC949, 0xC949, 0xC949, 0xC949, 0xC949, 0xC949, 0xC949, 0xC949,
    0xC949, 0xC949, 0xC949, 0xC949, 0xC949, 0xC949, 0xC949, 0xC948, 0xC948, 0xC948, 0xC148, 0xC148, 0xC148, 0xC148, 0xC148, 0xC148,
    0xC148, 0xC148, 0xC148, 0xC128, 0xC128, 0xC128, 0xC128, 0xB928, 0xB928, 0xB928, 0xB928, 0xB928, 0xB928, 0xB928, 0xB928, 0xB928,
    0xB128, 0xB128, 0xA907, 0xA0E7, 0x9127, 0xF6B7, 0xFF79, 0xFF59, 0xFF59, 0xFF59, 0xFF59, 0xFF59, 0xFF38, 0xFFDA, 0xCC70, 0x8065,
    0x9907, 0xA0E7, 0xA0E7, 0xA0E7, 0xA0E7, 0xA0E7, 0xA0E7, 0xA0E7, 0x98E7, 0x98E7, 0x98E7, 0x98E7, 0x98C7, 0x98C7, 0x90C7, 0x90C6,
    0x90C6, 0x90C6, 0x90C6, 0x90C6, 0x90C6, 0x88C6, 0x88A6, 0x88A6, 0x88A6, 0x88A6, 0x88A6, 0x80A6, 0x80A6, 0x80A6, 0x80A6, 0x80A6,
    0x80A6, 0x7886, 0x7886, 0x7886, 0x7886, 0x7886, 0x7886, 0x7886, 0x7886, 0x7886, 0x7886, 0x7886, 0x7886, 0x7886, 0x7886, 0x7886,
    0x7886, 0x7886, 0x7886, 0x7886, 0x7886, 0x7886, 0x7886, 0x7886, 0x7886, 0x7886, 0x7886, 0x7886, 0x7886, 0x7886, 0x7886, 0x7885,
    0x7885, 0x7885, 0x7885, 0x7885, 0x7885, 0x7885, 0x7885, 0x7085, 0x7085, 0x7085, 0x7085, 0x7085, 0x7085, 0x7085, 0x7085, 0x7085,
    0x6885, 0x6885, 0x6885, 0x6885, 0x6885, 0x6885, 0x6885, 0x6085, 0x6084, 0x6064, 0x6084, 0x5824, 0x71A7, 0x7A49, 0x5002, 0x8249,
    0xCE14, 0x9B8D, 0x5023, 0x5864, 0x5064, 0x61E8, 0x50A4, 0x5043, 0x5063, 0x4863, 0x4863, 0x4843, 0x4843, 0x4843, 0x4043, 0x4043,
    0x5884, 0x5884, 0x5884, 0x6084, 0x6084, 0x6084, 0x6884, 0x68A4, 0x68A5, 0x7084, 0x7208, 0x70E6, 0x78C5, 0x7864, 0x92AA, 0xC614,
    0xA38D, 0x8044, 0x89E8, 0x928A, 0x8885, 0x90E6, 0x90E6, 0x90E6, 0x98E6, 0x98E6, 0x98E7, 0x98E7, 0xA107, 0xA107, 0xA107, 0xA907,
    0xA907, 0xA907, 0xA907, 0xB127, 0xB128, 0xB128, 0xB128, 0xB928, 0xB928, 0xB928, 0xB928, 0xB948, 0xC148, 0xC148, 0xC148, 0xC148,
    0xC148, 0xC148, 0xC148, 0xC949, 0xC949, 0xC949, 0xC949, 0xC949, 0xC949, 0xC949, 0xC949, 0xC949, 0xC949, 0xC949, 0xC949, 0xC949,
    0xC949, 0xC949, 0xC949, 0xC949, 0xC949, 0xC949, 0xC949, 0xC949, 0xC949, 0xC949, 0xC949, 0xC949, 0xC949, 0xC949, 0xC949, 0xC949,
    0xC949, 0xC949, 0xC949, 0xC948, 0xC948, 0xC948, 0xC948, 0xC148, 0xC148, 0xC148, 0xC148, 0xC148, 0xC148, 0xC148, 0xC148, 0xC148,
    0xC148, 0xC148, 0xC128, 0xC128, 0xC128, 0xB928, 0xB928, 0xB928, 0xB928, 0xB928, 0xB928, 0xB928, 0xB928, 0xB928, 0xB928, 0xB128,
    0xB128, 0xB128, 0xA907, 0xA0E7, 0x9127, 0xF6B7, 0xFF79, 0xFF59, 0xFF59, 0xFF59, 0xFF59, 0xFF59, 0xFF38, 0xFFDA, 0xCC70, 0x8045,
    0x9907, 0xA0E7, 0xA0E7, 0xA0E7, 0xA0E7, 0xA0E7, 0xA0E7, 0x98E7, 0x98E7, 0x98E7, 0x98E7, 0x98C7, 0x98C7, 0x90C7, 0x90C6, 0x90C6,
    0x90C6, 0x90C6, 0x90C6, 0x90C6, 0x88C6, 0x88C6, 0x88A6, 0x88A6, 0x88A6, 0x88A6, 0x80A6, 0x80A6, 0x80A6, 0x80A6, 0x80A6, 0x80A6,
    0x7886, 0x7886, 0x7886, 0x7886, 0x7886, 0x7886, 0x7886, 0x7886, 0x7886, 0x7886, 0x7886, 0x7886, 0x7886, 0x7886, 0x7886, 0x7886,
    0x7886, 0x7886, 0x7886, 0x7886, 0x7886, 0x7886, 0x7886, 0x7886, 0x7886, 0x7886, 0x7886, 0x7886, 0x7886, 0x7886, 0x7886, 0x7885,
    0x7885, 0x7885, 0x7885, 0x7885, 0x7885, 0x7885, 0x7885, 0x7085, 0x7085, 0x7085, 0x7085, 0x7085, 0x7085, 0x7085, 0x7085, 0x7085,
    0x6885, 0x6885, 0x6885, 0x6885, 0x6885, 0x6885, 0x6885, 0x6085, 0x6084, 0x6064, 0x6084, 0x5823, 0x71C8, 0x7A29, 0x5002, 0x8AAA,
    0xCE14, 0x932C, 0x5003, 0x5864, 0x5064, 0x6208, 0x5084, 0x5063, 0x5063, 0x4863, 0x4863, 0x4843, 0x4843, 0x4843, 0x4043, 0x4043,
    0x5884, 0x5884, 0x5884, 0x5884, 0x6084, 0x6084, 0x6884, 0x68A4, 0x68A5, 0x7084, 0x69E8, 0x7126, 0x78A5, 0x7064, 0x8A29, 0xC5F3,
    0xAC0E, 0x8065, 0x8988, 0x92CB, 0x88A5, 0x90E6, 0x90E6, 0x90E6, 0x90E6, 0x98E6, 0x98E7, 0x98E7, 0xA107, 0xA107, 0xA107, 0xA107,
    0xA907, 0xA907, 0xA907, 0xA927, 0xB128, 0xB128, 0xB128, 0xB128, 0xB928, 0xB928, 0xB928, 0xB928, 0xB928, 0xC148, 0xC148, 0xC148,
    0xC148, 0xC148, 0xC148, 0xC148, 0xC948, 0xC948, 0xC948, 0xC948, 0xC948, 0xC949, 0xC949, 0xC949, 0xC949, 0xC949, 0xC949, 0xC949,
    0xC949, 0xC949, 0xC949, 0xC949, 0xC949, 0xC949, 0xC949, 0xC949, 0xC949, 0xC949, 0xC949, 0xC949, 0xC949, 0xC949, 0xC948, 0xC948,
    0xC948, 0xC948, 0xC948, 0xC148, 0xC148, 0xC148, 0xC148, 0xC148, 0xC148, 0xC148, 0xC148, 0xC148, 0xC148, 0xC148, 0xC148, 0xC128,
    0xC128, 0xC128, 0xB928, 0xB928, 0xB928, 0xB928, 0xB928, 0xB928, 0xB928, 0xB928, 0xB928, 0xB928, 0xB928, 0xB128, 0xB128, 0xB128,
    0xB128, 0xB108, 0xA907, 0x98E7, 0x9127, 0xF6B7, 0xFF79, 0xFF59, 0xFF59, 0xFF59, 0xFF59, 0xFF59, 0xFF38, 0xFFDA, 0xCC70, 0x8045,
    0x9907, 0xA0E7, 0xA0E7, 0xA0E7, 0xA0E7, 0x98E7, 0x98E7, 0x98E7, 0x98E7, 0x98E7, 0x98C7, 0x98C7, 0x90C7, 0x90C7, 0x90C6, 0x90C6,
    0x90C6, 0x90C6, 0x90C6, 0x88C6, 0x88C6, 0x88A6, 0x88A6, 0x88A6, 0x88A6, 0x80A6, 0x80A6, 0x80A6, 0x80A6, 0x80A6, 0x80A6, 0x7886,
    0x7886, 0x7886, 0x7886, 0x7886, 0x7886, 0x7886, 0x7886, 0x7886, 0x7886, 0x7886, 0x7886, 0x7886, 0x7886, 0x7886, 0x7886, 0x7886,
    0x7886, 0x7886, 0x7886, 0x7886, 0x7886, 0x7886, 0x7886, 0x7886, 0x7886, 0x7886, 0x7886, 0x7886, 0x7886, 0x7886, 0x7886, 0x7885,
    0x7885, 0x7885, 0x7885, 0x7885, 0x7885, 0x7885, 0x7085, 0x7085, 0x7085, 0x7085, 0x7085, 0x7085, 0x7085, 0x7085, 0x7085, 0x7085,
    0x6885, 0x6885, 0x6885, 0x6885, 0x6885, 0x6885, 0x6885, 0x6085, 0x6064, 0x6064, 0x6084, 0x5823, 0x7A29, 0x71C8, 0x5002, 0x934C,
    0xCE14, 0x82AA, 0x5003, 0x5864, 0x5884, 0x61E8, 0x5063, 0x5063, 0x5063, 0x4863, 0x4863, 0x4843, 0x4843, 0x4843, 0x4043, 0x4043,
    0x5084, 0x5884, 0x5884, 0x5884, 0x6084, 0x6084, 0x60A4, 0x68A4, 0x68A5, 0x6864, 0x69C7, 0x7146, 0x7885, 0x7085, 0x89A8, 0xBDB3,
    0xB490, 0x80A5, 0x8927, 0x92EB, 0x88A5, 0x88E6, 0x90E6, 0x90E6, 0x90E6, 0x90E6, 0x98E6, 0x98E7, 0x9907, 0xA107, 0xA107, 0xA107,
    0xA107, 0xA907, 0xA907, 0xA907, 0xA907, 0xB127, 0xB128, 0xB128, 0xB128, 0xB928, 0xB928, 0xB928, 0xB928, 0xB928, 0xC128, 0xC128,
    0xC148, 0xC148, 0xC148, 0xC148, 0xC148, 0xC148, 0xC148, 0xC148, 0xC948, 0xC948, 0xC948, 0xC948, 0xC948, 0xC948, 0xC948, 0xC948,
    0xC948, 0xC948, 0xC948, 0xC948, 0xC948, 0xC948, 0xC948, 0xC948, 0xC948, 0xC948, 0xC948, 0xC948, 0xC948, 0xC948, 0xC148, 0xC148,
    0xC148, 0xC148, 0xC148, 0xC148, 0xC148, 0xC148, 0xC148, 0xC148, 0xC148, 0xC148, 0xC148, 0xC148, 0xC128, 0xC128, 0xC128, 0xC128,
    0xC128, 0xB928, 0xB928, 0xB928, 0xB928, 0xB928, 0xB928, 0xB928, 0xB928, 0xB928, 0xB928, 0xB928, 0xB128, 0xB128, 0xB128, 0xB108,
    0xB108, 0xB108, 0xA907, 0x98E7, 0x9127, 0xF6B7, 0xFF79, 0xFF59, 0xFF59, 0xFF59, 0xFF59, 0xFF59, 0xFF38, 0xFFDA, 0xC470, 0x8045,
    0x98E7, 0x98E7, 0xA0E7, 0xA0E7, 0x98E7, 0x98E7, 0x98E7, 0x98E7, 0x98E7, 0x98C7, 0x98C7, 0x90C7, 0x90C7, 0x90C6, 0x90C6, 0x90C6,
    0x90C6, 0x90C6, 0x88C6, 0x88C6, 0x88A6, 0x88A6, 0x88A6, 0x88A6, 0x80A6, 0x80A6, 0x80A6, 0x80A6, 0x80A6, 0x80A6, 0x8086, 0x7886,
    0x7886, 0x7886, 0x7886, 0x7886, 0x7886, 0x7886, 0x7886, 0x7886, 0x7886, 0x7886, 0x7886, 0x7886, 0x7886, 0x7886, 0x7886, 0x7886,
    0x7886, 0x7886, 0x7886, 0x7886, 0x7886, 0x7886, 0x7886, 0x7886, 0x7886, 0x7886, 0x7886, 0x7886, 0x7886, 0x7886, 0x7885, 0x7885,
    0x7885, 0x7885, 0x7885, 0x7885, 0x7885, 0x7885, 0x7085, 0x7085, 0x7085, 0x7085, 0x7085, 0x7085, 0x7085, 0x7085, 0x7085, 0x7085,
    0x6885, 0x6885, 0x6885, 0x6885, 0x6885, 0x6885, 0x6885, 0x6085, 0x6064, 0x6064, 0x6084, 0x5824, 0x828A, 0x6967, 0x5003, 0x9BCD,
    0xC5F4, 0x7A09, 0x5023, 0x5864, 0x58C5, 0x61E7, 0x5043, 0x5064, 0x5063, 0x4863, 0x4863, 0x4843, 0x4843, 0x4843, 0x4043, 0x4043,
    0x5064, 0x5884, 0x5884, 0x5884, 0x6084, 0x6084, 0x6084, 0x68A4, 0x68A5, 0x6864, 0x6987, 0x7187, 0x7085, 0x70A5, 0x8147, 0xBD72,
    0xBD11, 0x80E6, 0x80C6, 0x930B, 0x88E6, 0x88C6, 0x88E6, 0x90E6, 0x90E6, 0x90E6, 0x98E6, 0x98E7, 0x98E7, 0x9907, 0xA107, 0xA107,
    0xA107, 0xA907, 0xA907, 0xA907, 0xA907, 0xB107, 0xB107, 0xB128, 0xB128, 0xB128, 0xB928, 0xB928, 0xB928, 0xB928, 0xB928, 0xB928,
    0xC128, 0xC148, 0xC148, 0xC148, 0xC148, 0xC148, 0xC148, 0xC148, 0xC148, 0xC148, 0xC148, 0xC148, 0xC148, 0xC148, 0xC148, 0xC148,
    0xC148, 0xC148, 0xC148, 0xC148, 0xC148, 0xC148, 0xC148, 0xC148, 0xC148, 0xC148, 0xC148, 0xC148, 0xC148, 0xC148, 0xC148, 0xC148,
    0xC148, 0xC148, 0xC148, 0xC148, 0xC148, 0xC148, 0xC148, 0xC148, 0xC148, 0xC148, 0xC128, 0xC128, 0xC128, 0xB928, 0xB928, 0xB928,
    0xB928, 0xB928, 0xB928, 0xB928, 0xB928, 0xB928, 0xB928, 0xB928, 0xB928, 0xB928, 0xB128, 0xB128, 0xB128, 0xB128, 0xB108, 0xB108,
    0xB108, 0xA908, 0xA907, 0x98E6, 0x9127, 0xF6B7, 0xFF79, 0xFF59, 0xFF59, 0xFF59, 0xFF59, 0xFF59, 0xFF38, 0xFFDA, 0xC470, 0x8045,
    0x98E7, 0x98E7, 0x98E7, 0x98E7, 0x98E7, 0x98E7, 0x98E7, 0x98E7, 0x98C7, 0x98C7, 0x90C7, 0x90C7, 0x90C6, 0x90C6, 0x90C6, 0x90C6,
    0x90C6, 0x88C6, 0x88C6, 0x88A6, 0x88A6, 0x88A6, 0x88A6, 0x80A6, 0x80A6, 0x80A6, 0x80A6, 0x80A6, 0x80A6, 0x80A6, 0x7886, 0x7886,
    0x7886, 0x7886, 0x7886, 0x7886, 0x7886, 0x7886, 0x7886, 0x7886, 0x7886, 0x7886, 0x7886, 0x7886, 0x7886, 0x7886, 0x7886, 0x7886,
    0x7886, 0x7886, 0x7886, 0x7886, 0x7886, 0x7886, 0x7886, 0x7886, 0x7886, 0x7886, 0x7886, 0x7886, 0x7886, 0x7886, 0x7885, 0x7885,
    0x7885, 0x7885, 0x7885, 0x7885, 0x7885, 0x7885, 0x7085, 0x7085, 0x7085, 0x7085, 0x7085, 0x7085, 0x7085, 0x7085, 0x7085, 0x7085,
    0x6885, 0x6885, 0x6885, 0x6885, 0x6885, 0x6885, 0x6885, 0x6085, 0x6064, 0x6064, 0x6084, 0x6044, 0x82AA, 0x6906, 0x5823, 0xAC4F,
    0xC5D3, 0x71A7, 0x5023, 0x5044, 0x5905, 0x61A7, 0x5023, 0x5064, 0x5063, 0x4863, 0x4863, 0x4843, 0x4843, 0x4843, 0x4043, 0x4043,
    0x5064, 0x5884, 0x5884, 0x5884, 0x5884, 0x6084, 0x6084, 0x6884, 0x68A5, 0x6864, 0x6966, 0x71C7, 0x7085, 0x70A5, 0x78E6, 0xB4F1,
    0xBD72, 0x8967, 0x8085, 0x92EB, 0x8927, 0x88C6, 0x88C6, 0x90E6, 0x90E6, 0x90E6, 0x90E6, 0x98E6, 0x98E7, 0x98E7, 0xA0E7, 0xA107,
    0xA107, 0xA107, 0xA907, 0xA907, 0xA907, 0xA907, 0xB107, 0xB128, 0xB128, 0xB128, 0xB128, 0xB928, 0xB928, 0xB928, 0xB928, 0xB928,
    0xB928, 0xC148, 0xC148, 0xC148, 0xC148, 0xC148, 0xC148, 0xC148, 0xC148, 0xC148, 0xC148, 0xC148, 0xC148, 0xC148, 0xC148, 0xC148,
    0xC148, 0xC148, 0xC148, 0xC148, 0xC148, 0xC148, 0xC148, 0xC148, 0xC148, 0xC148, 0xC148, 0xC148, 0xC148, 0xC148, 0xC148, 0xC148,
    0xC148, 0xC148, 0xC148, 0xC148, 0xC148, 0xC148, 0xC128, 0xC128, 0xC128, 0xC128, 0xB928, 0xB928, 0xB928, 0xB928, 0xB928, 0xB928,
    0xB928, 0xB928, 0xB928, 0xB928, 0xB928, 0xB928, 0xB928, 0xB928, 0xB128, 0xB128, 0xB128, 0xB128, 0xB108, 0xB108, 0xB108, 0xB108,
    0xB108, 0xA907, 0xA907, 0x98E6, 0x9107, 0xF6B7, 0xFF79, 0xFF59, 0xFF59, 0xFF59, 0xFF59, 0xFF59, 0xFF38, 0xFFDA, 0xC470, 0x7844,
    0x98E7, 0x98E7, 0x98E7, 0x98E7, 0x98E7, 0x98E7, 0x98E7, 0x98C7, 0x98C7, 0x90C7, 0x90C7, 0x90C6, 0x90C6, 0x90C6, 0x90C6, 0x90C6,
    0x88C6, 0x88C6, 0x88A6, 0x88A6, 0x88A6, 0x88A6, 0x88A6, 0x80A6, 0x80A6, 0x80A6, 0x80A6, 0x80A6, 0x80A6, 0x7886, 0x7886, 0x7886,
    0x7886, 0x7886, 0x7886, 0x7886, 0x7886, 0x7886, 0x7886, 0x7886, 0x7886, 0x7886, 0x7886, 0x7886, 0x7886, 0x7886, 0x7886, 0x7886,
    0x7886, 0x7886, 0x7886, 0x7886, 0x7886, 0x7886, 0x7886, 0x7886, 0x7886, 0x7886, 0x7886, 0x7886, 0x7886, 0x7886, 0x7885, 0x7885,
    0x7885, 0x7885, 0x7885, 0x7885, 0x7885, 0x7885, 0x7085, 0x7085, 0x7085, 0x7085, 0x7085, 0x7085, 0x7085, 0x7085, 0x7085, 0x6885,
    0x6885, 0x6885, 0x6885, 0x6885, 0x6885, 0x6885, 0x6885, 0x6085, 0x6064, 0x6064, 0x6064, 0x6084, 0x82EB, 0x6084, 0x6084, 0xB4F1,
    0xBD72, 0x6106, 0x5043, 0x5043, 0x5946, 0x5986, 0x5023, 0x5064, 0x4863, 0x4863, 0x4863, 0x4843, 0x4843, 0x4843, 0x4043, 0x4043,
    0x5064, 0x5084, 0x5884, 0x5884, 0x5884, 0x6084, 0x6084, 0x6084, 0x68A4, 0x6884, 0x6926, 0x69E8, 0x7084, 0x70C5, 0x7085, 0xAC4F,
    0xC5D3, 0x89E9, 0x7844, 0x92CB, 0x8988, 0x88A5, 0x88E6, 0x88E6, 0x90E6, 0x90E6, 0x90E6, 0x90E6, 0x98E7, 0x98E7, 0x98E7, 0xA107,
    0xA107, 0xA107, 0xA107, 0xA907, 0xA907, 0xA907, 0xA907, 0xB127, 0xB127, 0xB128, 0xB128, 0xB128, 0xB128, 0xB928, 0xB928, 0xB928,
    0xB928, 0xB928, 0xB928, 0xB928, 0xC128, 0xC128, 0xC128, 0xC148, 0xC148, 0xC148, 0xC148, 0xC148, 0xC148, 0xC148, 0xC148, 0xC148,
    0xC148, 0xC148, 0xC148, 0xC148, 0xC148, 0xC148, 0xC148, 0xC148, 0xC148, 0xC148, 0xC148, 0xC148, 0xC148, 0xC148, 0xC148, 0xC128,
    0xC128, 0xC128, 0xC128, 0xC128, 0xC128, 0xC128, 0xC128, 0xB928, 0xB928, 0xB928, 0xB928, 0xB928, 0xB928, 0xB928, 0xB928, 0xB928,
    0xB928, 0xB928, 0xB928, 0xB928, 0xB928, 0xB128, 0xB128, 0xB128, 0xB128, 0xB108, 0xB108, 0xB108, 0xB108, 0xB108, 0xB108, 0xB108,
    0xA907, 0xA907, 0xA907, 0x98C6, 0x8907, 0xF6B7, 0xFF79, 0xFF59, 0xFF59, 0xFF59, 0xFF59, 0xFF59, 0xFF38, 0xFFDA, 0xC470, 0x7844,
    0x90E7, 0x98E7, 0x98E7, 0x98E7, 0x98E7, 0x98E7, 0x98C7, 0x98C7, 0x90C7, 0x90C6, 0x90C6, 0x90C6, 0x90C6, 0x90C6, 0x90C6, 0x88C6,
    0x88C6, 0x88A6, 0x88A6, 0x88A6, 0x88A6, 0x88A6, 0x80A6, 0x80A6, 0x80A6, 0x80A6, 0x80A6, 0x80A6, 0x7886, 0x7886, 0x7886, 0x7886,
    0x7886, 0x7886, 0x7886, 0x7886, 0x7886, 0x7886, 0x7886, 0x7886, 0x7886, 0x7886, 0x7886, 0x7886, 0x7886, 0x7886, 0x7886, 0x7886,
    0x7886, 0x7886, 0x7886, 0x7886, 0x7886, 0x7886, 0x7886, 0x7886, 0x7886, 0x7886, 0x7886, 0x7886, 0x7886, 0x7886, 0x7885, 0x7885,
    0x7885, 0x7885, 0x7885, 0x7885, 0x7885, 0x7885, 0x7085, 0x7085, 0x7085, 0x7085, 0x7085, 0x7085, 0x7085, 0x7085, 0x7085, 0x6885,
    0x6885, 0x6885, 0x6885, 0x6885, 0x6885, 0x6885, 0x6885, 0x6084, 0x6064, 0x6084, 0x6064, 0x60C5, 0x82CB, 0x5823, 0x6906, 0xBD72,
    0xB4F1, 0x58A4, 0x5864, 0x5023, 0x6187, 0x5926, 0x5023, 0x5064, 0x4863, 0x4863, 0x4863, 0x4843, 0x4843, 0x4843, 0x4043, 0x4043,
    0x5063, 0x5064, 0x5884, 0x5884, 0x5884, 0x6084, 0x6084, 0x6084, 0x6884, 0x6884, 0x68C5, 0x6A08, 0x70A5, 0x70C5, 0x7064, 0xA3AD,
    0xC5F4, 0x928A, 0x7824, 0x8A6A, 0x8A09, 0x8085, 0x88E6, 0x88C6, 0x90E6, 0x90E6, 0x90E6, 0x90E6, 0x98E6, 0x98E7, 0x98E7, 0x9907,
    0xA107, 0xA107, 0xA107, 0xA107, 0xA907, 0xA907, 0xA907, 0xA907, 0xB107, 0xB108, 0xB128, 0xB128, 0xB128, 0xB128, 0xB928, 0xB928,
    0xB928, 0xB928, 0xB928, 0xB928, 0xB928, 0xC128, 0xC128, 0xC128, 0xC128, 0xC128, 0xC128, 0xC128, 0xC128, 0xC128, 0xC128, 0xC128,
    0xC128, 0xC128, 0xC128, 0xC128, 0xC128, 0xC128, 0xC128, 0xC128, 0xC128, 0xC128, 0xC128, 0xC128, 0xC128, 0xC128, 0xC128, 0xC128,
    0xC128, 0xC128, 0xB928, 0xB928, 0xB928, 0xB928, 0xB928, 0xB928, 0xB928, 0xB928, 0xB928, 0xB928, 0xB928, 0xB928, 0xB928, 0xB928,
    0xB928, 0xB928, 0xB928, 0xB128, 0xB128, 0xB128, 0xB128, 0xB108, 0xB108, 0xB108, 0xB108, 0xB108, 0xB108, 0xB108, 0xA907, 0xA907,
    0xA907, 0xA907, 0xA107, 0x98C6, 0x8907, 0xF6B7, 0xFF79, 0xFF59, 0xFF59, 0xFF59, 0xFF59, 0xFF59, 0xFF38, 0xFFDA, 0xC470, 0x7844,
    0x90E7, 0x98E7, 0x98E7, 0x98E7, 0x98C7, 0x98C7, 0x98C7, 0x90C7, 0x90C6, 0x90C6, 0x90C6, 0x90C6, 0x90C6, 0x90C6, 0x88C6, 0x88C6,
    0x88A6, 0x88A6, 0x88A6, 0x88A6, 0x88A6, 0x80A6, 0x80A6, 0x80A6, 0x80A6, 0x80A6, 0x80A6, 0x7886, 0x7886, 0x7886, 0x7886, 0x7886,
    0x7886, 0x7886, 0x7886, 0x7886, 0x7886, 0x7886, 0x7886, 0x7886, 0x7886, 0x7886, 0x7886, 0x7886, 0x7886, 0x7886, 0x7886, 0x7886,
    0x7886, 0x7886, 0x7886, 0x7886, 0x7886, 0x7886, 0x7886, 0x7886, 0x7886, 0x7886, 0x7886, 0x7886, 0x7886, 0x7886, 0x7885, 0x7885,
    0x7885, 0x7885, 0x7885, 0x7885, 0x7885, 0x7085, 0x7085, 0x7085, 0x7085, 0x7085, 0x7085, 0x7085, 0x7085, 0x7085, 0x7085, 0x6885,
    0x6885, 0x6885, 0x6885, 0x6885, 0x6885, 0x6885, 0x6085, 0x6084, 0x6064, 0x6084, 0x6044, 0x6946, 0x828A, 0x5003, 0x71A8, 0xC5D3,
    0xA44F, 0x5844, 0x5864, 0x5023, 0x61C7, 0x58E5, 0x5043, 0x5063, 0x4863, 0x4863, 0x4863, 0x4843, 0x4843, 0x4843, 0x4043, 0x4043,
    0x5063, 0x5063, 0x5064, 0x5884, 0x5884, 0x5884, 0x6084, 0x6084, 0x6084, 0x6884, 0x68A4, 0x6A28, 0x70C5, 0x70A5, 0x7064, 0x9AEB,
    0xC614, 0xA34C, 0x7824, 0x89E9, 0x926A, 0x8085, 0x88E6, 0x88C6, 0x88E6, 0x90E6, 0x90E6, 0x90E6, 0x90E6, 0x98E6, 0x98E7, 0x98E7,
    0x98E7, 0xA107, 0xA107, 0xA107, 0xA107, 0xA907, 0xA907, 0xA907, 0xA907, 0xB107, 0xB108, 0xB108, 0xB128, 0xB128, 0xB128, 0xB928,
    0xB928, 0xB928, 0xB928, 0xB928, 0xB928, 0xB928, 0xB928, 0xB928, 0xB928, 0xB928, 0xB928, 0xC128, 0xC128, 0xC128, 0xC128, 0xC128,
    0xC128, 0xC128, 0xC128, 0xC128, 0xC128, 0xC128, 0xC128, 0xC128, 0xC128, 0xC128, 0xC128, 0xB928, 0xB928, 0xB928, 0xB928, 0xB928,
    0xB928, 0xB928, 0xB928, 0xB928, 0xB928, 0xB928, 0xB928, 0xB928, 0xB928, 0xB928, 0xB928, 0xB928, 0xB928, 0xB928, 0xB928, 0xB928,
    0xB928, 0xB128, 0xB128, 0xB128, 0xB128, 0xB108, 0xB108, 0xB108, 0xB108, 0xB108, 0xB108, 0xB108, 0xA907, 0xA907, 0xA907, 0xA907,
    0xA907, 0xA907, 0xA107, 0x90C6, 0x8907, 0xF6B7, 0xFF79, 0xFF59, 0xFF59, 0xFF59, 0xFF59, 0xFF59, 0xFF38, 0xFFDA, 0xC470, 0x7844,
    0x90E7, 0x98C7, 0x98E7, 0x98C7, 0x98C7, 0x98C7, 0x90C7, 0x90C6, 0x90C6, 0x90C6, 0x90C6, 0x90C6, 0x90C6, 0x88C6, 0x88C6, 0x88A6,
    0x88A6, 0x88A6, 0x88A6, 0x88A6, 0x80A6, 0x80A6, 0x80A6, 0x80A6, 0x80A6, 0x80A6, 0x7886, 0x7886, 0x7886, 0x7886, 0x7886, 0x7886,
    0x7886, 0x7886, 0x7886, 0x7886, 0x7886, 0x7886, 0x7886, 0x7886, 0x7886, 0x7886, 0x7886, 0x7886, 0x7886, 0x7886, 0x7886, 0x7886,
    0x7886, 0x7886, 0x7886, 0x7886, 0x7886, 0x7886, 0x7886, 0x7886, 0x7886, 0x7886, 0x7886, 0x7886, 0x7886, 0x7885, 0x7885, 0x7885,
    0x7885, 0x7885, 0x7885, 0x7885, 0x7885, 0x7085, 0x7085, 0x7085, 0x7085, 0x7085, 0x7085, 0x7085, 0x7085, 0x7085, 0x7085, 0x6885,
    0x6885, 0x6885, 0x6885, 0x6885, 0x6885, 0x6885, 0x6085, 0x6084, 0x6064, 0x6084, 0x5824, 0x71C8, 0x7A29, 0x5002, 0x826A, 0xCE14,
    0x938D, 0x5023, 0x5884, 0x5044, 0x6208, 0x50A4, 0x5043, 0x5063, 0x4863, 0x4863, 0x4843, 0x4843, 0x4843, 0x4043, 0x4043, 0x4043,
    0x5063, 0x5063, 0x5064, 0x5884, 0x5884, 0x5884, 0x6084, 0x6084, 0x6084, 0x68A4, 0x6864, 0x6A08, 0x6906, 0x70A5, 0x7064, 0x8A09,
    0xC5F3, 0xAC2F, 0x7864, 0x8167, 0x92CB, 0x8085, 0x88C6, 0x88C6, 0x88C6, 0x88C6, 0x90E6, 0x90E6, 0x90E6, 0x90E6, 0x98E6, 0x98E7,
    0x98E7, 0x98E7, 0xA0E7, 0xA107, 0xA107, 0xA107, 0xA907, 0xA907, 0xA907, 0xA907, 0xA907, 0xB107, 0xB128, 0xB128, 0xB128, 0xB128,
    0xB128, 0xB928, 0xB928, 0xB928, 0xB928, 0xB928, 0xB928, 0xB928, 0xB928, 0xB928, 0xB928, 0xB928, 0xB928, 0xB928, 0xB928, 0xB928,
    0xB928, 0xB928, 0xB928, 0xB928, 0xB928, 0xB928, 0xB928, 0xB928, 0xB928, 0xB928, 0xB928, 0xB928, 0xB928, 0xB928, 0xB928, 0xB928,
    0xB928, 0xB928, 0xB928, 0xB928, 0xB928, 0xB928, 0xB928, 0xB928, 0xB928, 0xB928, 0xB928, 0xB928, 0xB928, 0xB928, 0xB128, 0xB128,
    0xB128, 0xB128, 0xB128, 0xB108, 0xB108, 0xB108, 0xB108, 0xB108, 0xB108, 0xB108, 0xA907, 0xA907, 0xA907, 0xA907, 0xA907, 0xA907,
    0xA907, 0xA907, 0xA107, 0x90C6, 0x8907, 0xF6B7, 0xFF79, 0xFF59, 0xFF59, 0xFF59, 0xFF59, 0xFF59, 0xFF38, 0xFFDA, 0xC470, 0x7844,
    0x90E7, 0x98C7, 0x98C7, 0x98C7, 0x98C7, 0x90C7, 0x90C6, 0x90C6, 0x90C6, 0x90C6, 0x90C6, 0x90C6, 0x88C6, 0x88C6, 0x88A6, 0x88A6,
    0x88A6, 0x88A6, 0x88A6, 0x80A6, 0x80A6, 0x80A6, 0x80A6, 0x80A6, 0x80A6, 0x7886, 0x7886, 0x7886, 0x7886, 0x7886, 0x7886, 0x7886,
    0x7886, 0x7886, 0x7886, 0x7886, 0x7886, 0x7886, 0x7886, 0x7886, 0x7886, 0x7886, 0x7886, 0x7886, 0x7886, 0x7886, 0x7886, 0x7886,
    0x7886, 0x7886, 0x7886, 0x7886, 0x7886, 0x7886, 0x7886, 0x7886, 0x7886, 0x7886, 0x7886, 0x7886, 0x7886, 0x7885, 0x7885, 0x7885,
    0x7885, 0x7885, 0x7885, 0x7885, 0x7885, 0x7085, 0x7085, 0x7085, 0x7085, 0x7085, 0x7085, 0x7085, 0x7085, 0x7085, 0x7085, 0x6885,
    0x6885, 0x6885, 0x6885, 0x6885, 0x6885, 0x6885, 0x6085, 0x6064, 0x6064, 0x6085, 0x5823, 0x7A49, 0x71A7, 0x5002, 0x934C, 0xCE14,
    0x82AA, 0x5003, 0x5864, 0x5084, 0x6208, 0x5064, 0x5063, 0x5063, 0x4863, 0x4863, 0x4843, 0x4843, 0x4843, 0x4043, 0x4043, 0x4043,
    0x5063, 0x5063, 0x5064, 0x5084, 0x5884, 0x5884, 0x5884, 0x6084, 0x6084, 0x60A4, 0x6864, 0x69C7, 0x6966, 0x7084, 0x7084, 0x8167,
    0xBD92, 0xB4D1, 0x78C5, 0x80C6, 0x930B, 0x80C6, 0x80C6, 0x88C6, 0x88C6, 0x88C6, 0x90C6, 0x90E6, 0x90E6, 0x90E6, 0x98E6, 0x98E7,
    0x98E7, 0x98E7, 0xA0E7, 0xA107, 0xA107, 0xA107, 0xA107, 0xA907, 0xA907, 0xA907, 0xA907, 0xA907, 0xB107, 0xB128, 0xB128, 0xB128,
    0xB128, 0xB128, 0xB928, 0xB928, 0xB928, 0xB928, 0xB928, 0xB928, 0xB928, 0xB928, 0xB928, 0xB928, 0xB928, 0xB928, 0xB928, 0xB928,
    0xB928, 0xB928, 0xB928, 0xB928, 0xB928, 0xB928, 0xB928, 0xB928, 0xB928, 0xB928, 0xB928, 0xB928, 0xB928, 0xB928, 0xB928, 0xB928,
    0xB928, 0xB928, 0xB928, 0xB928, 0xB928, 0xB928, 0xB928, 0xB928, 0xB928, 0xB928, 0xB928, 0xB128, 0xB128, 0xB128, 0xB128, 0xB128,
    0xB108, 0xB108, 0xB108, 0xB108, 0xB108, 0xB108, 0xB108, 0xB108, 0xB107, 0xA907, 0xA907, 0xA907, 0xA907, 0xA907, 0xA907, 0xA907,
    0xA907, 0xA107, 0xA0E7, 0x90C6, 0x8907, 0xF6B7, 0xFF79, 0xFF59, 0xFF59, 0xFF59, 0xFF59, 0xFF59, 0xFF38, 0xFFDA, 0xC470, 0x7844,
    0x90E7, 0x90C7, 0x98C7, 0x90C7, 0x90C7, 0x90C6, 0x90C6, 0x90C6, 0x90C6, 0x90C6, 0x90C6, 0x88C6, 0x88C6, 0x88A6, 0x88A6, 0x88A6,
    0x88A6, 0x88A6, 0x80A6, 0x80A6, 0x80A6, 0x80A6, 0x80A6, 0x80A6, 0x7886, 0x7886, 0x7886, 0x7886, 0x7886, 0x7886, 0x7886, 0x7886,
    0x7886, 0x7886, 0x7886, 0x7886, 0x7886, 0x7886, 0x7886, 0x7886, 0x7886, 0x7886, 0x7886, 0x7886, 0x7886, 0x7886, 0x7886, 0x7886,
    0x7886, 0x7886, 0x7886, 0x7886, 0x7886, 0x7886, 0x7886, 0x7886, 0x7886, 0x7886, 0x7886, 0x7886, 0x7886, 0x7885, 0x7885, 0x7885,
    0x7885, 0x7885, 0x7885, 0x7885, 0x7885, 0x7085, 0x7085, 0x7085, 0x7085, 0x7085, 0x7085, 0x7085, 0x7085, 0x7085, 0x6885, 0x6885,
    0x6885, 0x6885, 0x6885, 0x6885, 0x6885, 0x6885, 0x6085, 0x6064, 0x6064, 0x6084, 0x5844, 0x82AA, 0x6906, 0x5823, 0xA42F, 0xC5F3,
    0x71C8, 0x5023, 0x5864, 0x58C5, 0x61E7, 0x5023, 0x5064, 0x5063, 0x4863, 0x4863, 0x4843, 0x4843, 0x4843, 0x4043, 0x4043, 0x4043,
    0x5063, 0x5063, 0x5063, 0x5064, 0x5884, 0x5884, 0x5884, 0x6084, 0x6084, 0x6084, 0x6864, 0x6966, 0x69A7, 0x7064, 0x70A5, 0x70C5,
    0xB4F1, 0xBD92, 0x8167, 0x7864, 0x92EB, 0x8147, 0x80A5, 0x88C6, 0x88C6, 0x88C6, 0x88C6, 0x90E6, 0x90E6, 0x90E6, 0x90E6, 0x98E6,
    0x98E7, 0x98E7, 0x98E7, 0xA107, 0xA107, 0xA107, 0xA107, 0xA107, 0xA907, 0xA907, 0xA907, 0xA907, 0xA907, 0xB108, 0xB108, 0xB108,
    0xB128, 0xB128, 0xB128, 0xB128, 0xB928, 0xB928, 0xB928, 0xB928, 0xB928, 0xB928, 0xB928, 0xB928, 0xB928, 0xB928, 0xB928, 0xB928,
    0xB928, 0xB928, 0xB928, 0xB928, 0xB928, 0xB928, 0xB928, 0xB928, 0xB928, 0xB928, 0xB928, 0xB928, 0xB928, 0xB928, 0xB928, 0xB928,
    0xB928, 0xB928, 0xB928, 0xB928, 0xB928, 0xB928, 0xB928, 0xB128, 0xB128, 0xB128, 0xB128, 0xB128, 0xB128, 0xB128, 0xB108, 0xB108,
    0xB108, 0xB108, 0xB108, 0xB108, 0xB108, 0xB108, 0xA907, 0xA907, 0xA907, 0xA907, 0xA907, 0xA907, 0xA907, 0xA907, 0xA907, 0xA907,
    0xA907, 0xA0E7, 0xA0E7, 0x90C6, 0x8907, 0xEEB7, 0xFF79, 0xFF59, 0xFF59, 0xFF59, 0xFF59, 0xFF59, 0xFF38, 0xFFDA, 0xC470, 0x7824,
    0x90E6, 0x90C6, 0x90C7, 0x90C7, 0x90C6, 0x90C6, 0x90C6, 0x90C6, 0x90C6, 0x90C6, 0x88C6, 0x88C6, 0x88A6, 0x88A6, 0x88A6, 0x88A6,
    0x88A6, 0x80A6, 0x80A6, 0x80A6, 0x80A6, 0x80A6, 0x80A6, 0x8086, 0x7886, 0x7886, 0x7886, 0x7886, 0x7886, 0x7886, 0x7886, 0x7886,
    0x7886, 0x7886, 0x7886, 0x7886, 0x7886, 0x7886, 0x7886, 0x7886, 0x7886, 0x7886, 0x7886, 0x7886, 0x7886, 0x7886, 0x7886, 0x7886,
    0x7886, 0x7886, 0x7886, 0x7886, 0x7886, 0x7886, 0x7886, 0x7886, 0x7886, 0x7886, 0x7886, 0x7886, 0x7885, 0x7885, 0x7885, 0x7885,
    0x7885, 0x7885, 0x7885, 0x7885, 0x7085, 0x7085, 0x7085, 0x7085, 0x7085, 0x7085, 0x7085, 0x7085, 0x7085, 0x7085, 0x6885, 0x6885,
    0x6885, 0x6885, 0x6885, 0x6885, 0x6885, 0x6885, 0x6084, 0x6064, 0x6064, 0x6064, 0x6085, 0x82CB, 0x5864, 0x60A5, 0xB4F1, 0xBD72,
    0x6106, 0x5043, 0x5043, 0x5946, 0x5987, 0x5023, 0x5064, 0x5063, 0x4863, 0x4863, 0x4843, 0x4843, 0x4843, 0x4043, 0x4043, 0x4043,
    0x5063, 0x5063, 0x5063, 0x5063, 0x5864, 0x5884, 0x5884, 0x6084, 0x6084, 0x6084, 0x6064, 0x6906, 0x69E8, 0x6864, 0x70A5, 0x7064,
    0xA40E, 0xC5F4, 0x8A29, 0x7024, 0x8A8A, 0x89C8, 0x8085, 0x80C6, 0x88C6, 0x88C6, 0x88C6, 0x88C6, 0x90E6, 0x90E6, 0x90E6, 0x90E6,
    0x98E6, 0x98E7, 0x98E7, 0x98E7, 0xA0E7, 0xA107, 0xA107, 0xA107, 0xA107, 0xA907, 0xA907, 0xA907, 0xA907, 0xA907, 0xB107, 0xB108,
    0xB108, 0xB108, 0xB108, 0xB128, 0xB128, 0xB128, 0xB928, 0xB928, 0xB928, 0xB928, 0xB928, 0xB928, 0xB928, 0xB928, 0xB928, 0xB928,
    0xB928, 0xB928, 0xB928, 0xB928, 0xB928, 0xB928, 0xB928, 0xB928, 0xB928, 0xB928, 0xB928, 0xB928, 0xB928, 0xB928, 0xB928, 0xB928,
    0xB928, 0xB928, 0xB128, 0xB128, 0xB128, 0xB128, 0xB128, 0xB128, 0xB128, 0xB128, 0xB108, 0xB108, 0xB108, 0xB108, 0xB108, 0xB108,
    0xB108, 0xB108, 0xB108, 0xA908, 0xA907, 0xA907, 0xA907, 0xA907, 0xA907, 0xA907, 0xA907, 0xA907, 0xA907, 0xA907, 0xA907, 0xA107,
    0xA0E7, 0xA0E7, 0x98E7, 0x90C6, 0x8907, 0xEEB7, 0xFF79, 0xFF59, 0xFF59, 0xFF59, 0xFF59, 0xFF59, 0xFF38, 0xFFDA, 0xC470, 0x7024,
    0x90E6, 0x90C6, 0x90C6, 0x90C6, 0x90C6, 0x90C6, 0x90C6, 0x90C6, 0x88C6, 0x88C6, 0x88C6, 0x88A6, 0x88A6, 0x88A6, 0x88A6, 0x88A6,
    0x80A6, 0x80A6, 0x80A6, 0x80A6, 0x80A6, 0x80A6, 0x8086, 0x7886, 0x7886, 0x7886, 0x7886, 0x7886, 0x7886, 0x7886, 0x7886, 0x7886,
    0x7886, 0x7886, 0x7886, 0x7886, 0x7886, 0x7886, 0x7886, 0x7886, 0x7886, 0x7886, 0x7886, 0x7886, 0x7886, 0x7886, 0x7886, 0x7886,
    0x7886, 0x7886, 0x7886, 0x7886, 0x7886, 0x7886, 0x7886, 0x7886, 0x7886, 0x7886, 0x7886, 0x7886, 0x7885, 0x7885, 0x7885, 0x7885,
    0x7885, 0x7885, 0x7885, 0x7885, 0x7085, 0x7085, 0x7085, 0x7085, 0x7085, 0x7085, 0x7085, 0x7085, 0x7085, 0x7085, 0x6885, 0x6885,
    0x6885, 0x6885, 0x6885, 0x6885, 0x6885, 0x6085, 0x6084, 0x6064, 0x6084, 0x6044, 0x6926, 0x82AA, 0x5803, 0x7147, 0xC593, 0xACB0,
    0x5864, 0x5864, 0x5023, 0x61A7, 0x5926, 0x5023, 0x5064, 0x4863, 0x4863, 0x4863, 0x4843, 0x4843, 0x4843, 0x4043, 0x4043, 0x4043,
    0x5063, 0x5063, 0x5063, 0x5063, 0x5064, 0x5864, 0x5884, 0x5884, 0x6084, 0x6084, 0x6084, 0x68A5, 0x6A28, 0x68A5, 0x70A5, 0x6844,
    0x9B0C, 0xC614, 0x9B2C, 0x7024, 0x89E8, 0x8A6A, 0x8065, 0x80C6, 0x80C6, 0x88C6, 0x88C6, 0x88C6, 0x88C6, 0x90C6, 0x90E6, 0x90E6,
    0x90E6, 0x98E7, 0x98E7, 0x98E7, 0x98E7, 0xA0E7, 0xA0E7, 0xA107, 0xA107, 0xA107, 0xA907, 0xA907, 0xA907, 0xA907, 0xA907, 0xA907,
    0xB107, 0xB108, 0xB108, 0xB128, 0xB128, 0xB128, 0xB128, 0xB128, 0xB128, 0xB128, 0xB128, 0xB928, 0xB128, 0xB928, 0xB928, 0xB928,
    0xB928, 0xB928, 0xB928, 0xB928, 0xB928, 0xB928, 0xB928, 0xB928, 0xB928, 0xB128, 0xB928, 0xB128, 0xB128, 0xB128, 0xB128, 0xB128,
    0xB128, 0xB128, 0xB128, 0xB128, 0xB128, 0xB128, 0xB108, 0xB108, 0xB108, 0xB108, 0xB108, 0xB108, 0xB108, 0xB108, 0xB108, 0xB108,
    0xB108, 0xA907, 0xA907, 0xA907, 0xA907, 0xA907, 0xA907, 0xA907, 0xA907, 0xA907, 0xA907, 0xA907, 0xA907, 0xA0E7, 0xA0E7, 0xA0E7,
    0xA0E7, 0xA0E7, 0x98E7, 0x90C6, 0x8906, 0xEEB7, 0xFF79, 0xFF59, 0xFF59, 0xFF59, 0xFF59, 0xFF59, 0xFF38, 0xFFDA, 0xC470, 0x7024,
    0x88E6, 0x90C6, 0x90C6, 0x90C6, 0x90C6, 0x90C6, 0x90C6, 0x88C6, 0x88C6, 0x88C6, 0x88A6, 0x88A6, 0x88A6, 0x88A6, 0x88A6, 0x80A6,
    0x80A6, 0x80A6, 0x80A6, 0x80A6, 0x80A6, 0x80A6, 0x7886, 0x7886, 0x7886, 0x7886, 0x7886, 0x7886, 0x7886, 0x7886, 0x7886, 0x7886,
    0x7886, 0x7886, 0x7886, 0x7886, 0x7886, 0x7886, 0x7886, 0x7886, 0x7886, 0x7886, 0x7886, 0x7886, 0x7886, 0x7886, 0x7886, 0x7886,
    0x7886, 0x7886, 0x7886, 0x7886, 0x7886, 0x7886, 0x7886, 0x7886, 0x7886, 0x7886, 0x7886, 0x7886, 0x7885, 0x7885, 0x7885, 0x7885,
    0x7885, 0x7885, 0x7885, 0x7885, 0x7085, 0x7085, 0x7085, 0x7085, 0x7085, 0x7085, 0x7085, 0x7085, 0x7085, 0x7085, 0x6885, 0x6885,
    0x6885, 0x6885, 0x6885, 0x6885, 0x6885, 0x6085, 0x6064, 0x6064, 0x6084, 0x5823, 0x71C8, 0x7A49, 0x5002, 0x826A, 0xCE14, 0x9BCD,
    0x5023, 0x5884, 0x5043, 0x6208, 0x50C5, 0x5043, 0x5063, 0x4863, 0x4863, 0x4863, 0x4843, 0x4843, 0x4843, 0x4043, 0x4043, 0x4043,
    0x5063, 0x5063, 0x5063, 0x5063, 0x5064, 0x5864, 0x5884, 0x5884, 0x5884, 0x6084, 0x6084, 0x6064, 0x6A08, 0x68E5, 0x68A5, 0x6844,
    0x8A09, 0xC5D3, 0xAC2F, 0x7064, 0x8126, 0x92EB, 0x7885, 0x80C6, 0x80C6, 0x80C6, 0x88C6, 0x88C6, 0x88C6, 0x88C6, 0x90C6, 0x90E6,
    0x90E6, 0x90E6, 0x98E6, 0x98E7, 0x98E7, 0x98E7, 0xA0E7, 0xA0E7, 0xA107, 0xA107, 0xA107, 0xA907, 0xA907, 0xA907, 0xA907, 0xA907,
    0xA907, 0xA908, 0xB108, 0xB108, 0xB108, 0xB108, 0xB108, 0xB128, 0xB128, 0xB128, 0xB128, 0xB128, 0xB128, 0xB128, 0xB128, 0xB128,
    0xB128, 0xB128, 0xB128, 0xB128, 0xB128, 0xB128, 0xB128, 0xB128, 0xB128, 0xB128, 0xB128, 0xB128, 0xB128, 0xB128, 0xB128, 0xB128,
    0xB108, 0xB108, 0xB108, 0xB108, 0xB108, 0xB108, 0xB108, 0xB108, 0xB108, 0xB108, 0xB108, 0xB108, 0xB108, 0xB107, 0xA907, 0xA907,
    0xA907, 0xA907, 0xA907, 0xA907, 0xA907, 0xA907, 0xA907, 0xA907, 0xA907, 0xA907, 0xA907, 0xA0E7, 0xA0E7, 0xA0E7, 0xA0E7, 0xA0E7,
    0xA0E7, 0xA0E7, 0x98E7, 0x88C6, 0x8106, 0xEEB7, 0xFF79, 0xFF59, 0xFF59, 0xFF59, 0xFF59, 0xFF59, 0xFF38, 0xFFDA, 0xC470, 0x7024,
    0x88E6, 0x90C6, 0x90C6, 0x90C6, 0x90C6, 0x90C6, 0x88C6, 0x88C6, 0x88A6, 0x88A6, 0x88A6, 0x88A6, 0x88A6, 0x88A6, 0x80A6, 0x80A6,
    0x80A6, 0x80A6, 0x80A6, 0x80A6, 0x8086, 0x7886, 0x7886, 0x7886, 0x7886, 0x7886, 0x7886, 0x7886, 0x7886, 0x7886, 0x7886, 0x7886,
    0x7886, 0x7886, 0x7886, 0x7886, 0x7886, 0x7886, 0x7886, 0x7886, 0x7886, 0x7886, 0x7886, 0x7886, 0x7886, 0x7886, 0x7886, 0x7886,
    0x7886, 0x7886, 0x7886, 0x7886, 0x7886, 0x7886, 0x7886, 0x7886, 0x7886, 0x7886, 0x7886, 0x7886, 0x7885, 0x7885, 0x7885, 0x7885,
    0x7885, 0x7885, 0x7885, 0x7085, 0x7085, 0x7085, 0x7085, 0x7085, 0x7085, 0x7085, 0x7085, 0x7085, 0x7085, 0x6885, 0x6885, 0x6885,
    0x6885, 0x6885, 0x6885, 0x6885, 0x6885, 0x6085, 0x6064, 0x6064, 0x6084, 0x5823, 0x7A6A, 0x6967, 0x5003, 0x936D, 0xCE14, 0x82AA,
    0x5003, 0x5864, 0x5084, 0x6208, 0x5064, 0x5063, 0x5063, 0x4863, 0x4863, 0x4843, 0x4843, 0x4843, 0x4043, 0x4043, 0x4043, 0x4043,
    0x4863, 0x4863, 0x5063, 0x5063, 0x5063, 0x5064, 0x5884, 0x5884, 0x5884, 0x6084, 0x6084, 0x6044, 0x69A7, 0x6966, 0x6884, 0x6884,
    0x7926, 0xBD52, 0xBD31, 0x7906, 0x7885, 0x930B, 0x8106, 0x80A5, 0x80C6, 0x80C6, 0x80C6, 0x88C6, 0x88C6, 0x88C6, 0x90C6, 0x90E6,
    0x90E6, 0x90E6, 0x90E6, 0x98E6, 0x98E7, 0x98E7, 0x98E7, 0xA0E7, 0xA0E7, 0xA107, 0xA107, 0xA107, 0xA107, 0xA907, 0xA907, 0xA907,
    0xA907, 0xA907, 0xA907, 0xA907, 0xB107, 0xB107, 0xB108, 0xB108, 0xB108, 0xB108, 0xB108, 0xB108, 0xB108, 0xB108, 0xB108, 0xB108,
    0xB108, 0xB108, 0xB108, 0xB108, 0xB108, 0xB108, 0xB108, 0xB108, 0xB108, 0xB108, 0xB108, 0xB108, 0xB108, 0xB108, 0xB108, 0xB108,
    0xB108, 0xB108, 0xB108, 0xB108, 0xB108, 0xB108, 0xB108, 0xB108, 0xB108, 0xB108, 0xA907, 0xA907, 0xA907, 0xA907, 0xA907, 0xA907,
    0xA907, 0xA907, 0xA907, 0xA907, 0xA907, 0xA907, 0xA907, 0xA907, 0xA907, 0xA0E7, 0xA0E7, 0xA0E7, 0xA0E7, 0xA0E7, 0xA0E7, 0xA0E7,
    0xA0E7, 0x98E7, 0x98E7, 0x88A6, 0x8106, 0xEEB7, 0xFF79, 0xFF59, 0xFF59, 0xFF59, 0xFF59, 0xFF59, 0xFF38, 0xFFDA, 0xC470, 0x7024,
    0x88C6, 0x88C6, 0x90C6, 0x90C6, 0x88C6, 0x88C6, 0x88C6, 0x88A6, 0x88A6, 0x88A6, 0x88A6, 0x88A6, 0x80A6, 0x80A6, 0x80A6, 0x80A6,
    0x80A6, 0x80A6, 0x80A6, 0x8086, 0x7886, 0x7886, 0x7886, 0x7886, 0x7886, 0x7886, 0x7886, 0x7886, 0x7886, 0x7886, 0x7886, 0x7886,
    0x7886, 0x7886, 0x7886, 0x7886, 0x7886, 0x7886, 0x7886, 0x7886, 0x7886, 0x7886, 0x7886, 0x7886, 0x7886, 0x7886, 0x7886, 0x7886,
    0x7886, 0x7886, 0x7886, 0x7886, 0x7886, 0x7886, 0x7886, 0x7886, 0x7886, 0x7886, 0x7886, 0x7886, 0x7885, 0x7885, 0x7885, 0x7885,
    0x7885, 0x7885, 0x7885, 0x7085, 0x7085, 0x7085, 0x7085, 0x7085, 0x7085, 0x7085, 0x7085, 0x7085, 0x7085, 0x6885, 0x6885, 0x6885,
    0x6885, 0x6885, 0x6885, 0x6885, 0x6085, 0x6084, 0x6064, 0x6064, 0x6064, 0x6064, 0x82EB, 0x60C5, 0x5844, 0xAC90, 0xC5D3, 0x71A7,
    0x5023, 0x5044, 0x58E5, 0x61E7, 0x5043, 0x5064, 0x5063, 0x4863, 0x4863, 0x4843, 0x4843, 0x4843, 0x4043, 0x4043, 0x4043, 0x4043,
    0x4863, 0x4863, 0x4863, 0x5063, 0x5063, 0x5064, 0x5864, 0x5884, 0x5884, 0x5884, 0x6084, 0x6064, 0x6946, 0x69C7, 0x6864, 0x68A5,
    0x6884, 0xAC6F, 0xC5D3, 0x8A09, 0x7024, 0x8AAA, 0x81A8, 0x7885, 0x80C6, 0x80C6, 0x80C6, 0x88C6, 0x88C6, 0x88C6, 0x88C6, 0x90C6,
    0x90E6, 0x90E6, 0x90E6, 0x90E6, 0x98E7, 0x98E7, 0x98E7, 0x98E7, 0xA0E7, 0xA0E7, 0xA0E7, 0xA0E7, 0xA107, 0xA107, 0xA907, 0xA907,
    0xA907, 0xA907, 0xA907, 0xA907, 0xA907, 0xB107, 0xB108, 0xB108, 0xB108, 0xB108, 0xB108, 0xB108, 0xB108, 0xB108, 0xB108, 0xB108,
    0xB108, 0xB108, 0xB108, 0xB108, 0xB108, 0xB108, 0xB108, 0xB108, 0xB108, 0xB108, 0xB108, 0xB108, 0xB108, 0xB108, 0xB108, 0xB108,
    0xB108, 0xB108, 0xB108, 0xB108, 0xB108, 0xB108, 0xA907, 0xA907, 0xA907, 0xA907, 0xA907, 0xA907, 0xA907, 0xA907, 0xA907, 0xA907,
    0xA907, 0xA907, 0xA907, 0xA907, 0xA907, 0xA907, 0xA107, 0xA0E7, 0xA0E7, 0xA0E7, 0xA0E7, 0xA0E7, 0xA0E7, 0xA0E7, 0xA107, 0xA107,
    0x9907, 0x98E7, 0x9907, 0x88C6, 0x8107, 0xEEB7, 0xFF79, 0xFF59, 0xFF59, 0xFF59, 0xFF59, 0xFF59, 0xFF38, 0xFFDA, 0xC470, 0x7044,
    0x88E6, 0x88C6, 0x88C6, 0x88C6, 0x88C6, 0x88C6, 0x88A6, 0x88A6, 0x88A6, 0x88A6, 0x88A6, 0x80A6, 0x80A6, 0x80A6, 0x80A6, 0x80A6,
    0x80A6, 0x80A6, 0x7886, 0x7886, 0x7886, 0x7886, 0x7886, 0x7886, 0x7886, 0x7886, 0x7886, 0x7886, 0x7886, 0x7886, 0x7886, 0x7886,
    0x7886, 0x7886, 0x7886, 0x7886, 0x7886, 0x7886, 0x7886, 0x7886, 0x7886, 0x7886, 0x7886, 0x7886, 0x7886, 0x7886, 0x7886, 0x7886,
    0x7886, 0x7886, 0x7886, 0x7886, 0x7886, 0x7886, 0x7886, 0x7886, 0x7886, 0x7886, 0x7886, 0x7885, 0x7885, 0x7885, 0x7885, 0x7885,
    0x7885, 0x7885, 0x7885, 0x7085, 0x7085, 0x7085, 0x7085, 0x7085, 0x7085, 0x7085, 0x7085, 0x7085, 0x7085, 0x6885, 0x6885, 0x6885,
    0x6885, 0x6885, 0x6885, 0x6885, 0x6085, 0x6084, 0x6064, 0x6084, 0x6044, 0x6906, 0x82CB, 0x5823, 0x6926, 0xBD72, 0xB511, 0x60C5,
    0x5064, 0x5023, 0x5946, 0x5966, 0x5023, 0x5064, 0x5063, 0x4863, 0x4863, 0x4843, 0x4843, 0x4843, 0x4043, 0x4043, 0x4043, 0x4043,
    0x4863, 0x4863, 0x4863, 0x5063, 0x5063, 0x5064, 0x5064, 0x5864, 0x5884, 0x5884, 0x6084, 0x6064, 0x60C5, 0x6A08, 0x6884, 0x68A5,
    0x6844, 0x9B4C, 0xC614, 0x9B0C, 0x7003, 0x81E8, 0x8A6A, 0x7865, 0x80C6, 0x80C5, 0x80C6, 0x80C6, 0x88C6, 0x88C6, 0x88C6, 0x88C6,
    0x90C6, 0x90C6, 0x90E6, 0x90E6, 0x90E6, 0x98E6, 0x98E7, 0x98E7, 0x98E7, 0xA0E7, 0xA0E7, 0xA0E7, 0xA0E7, 0xA107, 0xA107, 0xA907,
    0xA907, 0xA907, 0xA907, 0xA907, 0xA907, 0xA907, 0xA907, 0xA908, 0xA908, 0xB108, 0xB108, 0xB108, 0xB108, 0xB108, 0xB108, 0xB108,
    0xB108, 0xB108, 0xB108, 0xB108, 0xB108, 0xB108, 0xB108, 0xB108, 0xB108, 0xB108, 0xB108, 0xB108, 0xB108, 0xB108, 0xB108, 0xB108,
    0xB108, 0xB107, 0xA907, 0xA907, 0xA907, 0xA907, 0xA907, 0xA907, 0xA907, 0xA907, 0xA907, 0xA907, 0xA907, 0xA907, 0xA907, 0xA907,
    0xA907, 0xA907, 0xA907, 0xA907, 0xA0E7, 0xA0E7, 0xA0E7, 0xA0E7, 0xA0E7, 0xA0E7, 0xA0E7, 0xA0E7, 0xA0E7, 0x98C6, 0x9045, 0x9045,
    0x8845, 0x8845, 0x8845, 0x7824, 0x7085, 0xEE97, 0xFF59, 0xFF38, 0xFF38, 0xFF38, 0xFF38, 0xFF38, 0xFF18, 0xFFBA, 0xBC0F, 0x6002,
    0x7844, 0x7824, 0x7824, 0x7824, 0x7824, 0x8045, 0x88A6, 0x88A6, 0x88A6, 0x88A6, 0x80A6, 0x80A6, 0x80A6, 0x80A6, 0x80A6, 0x80A6,
    0x80A6, 0x7886, 0x7886, 0x7886, 0x7886, 0x7886, 0x7886, 0x7886, 0x7886, 0x7886, 0x7886, 0x7886, 0x7886, 0x7886, 0x7886, 0x7886,
    0x7886, 0x7886, 0x7886, 0x7886, 0x7886, 0x7886, 0x7886, 0x7886, 0x7886, 0x7886, 0x7886, 0x7886, 0x7886, 0x7886, 0x7886, 0x7886,
    0x7886, 0x7886, 0x7886, 0x7886, 0x7886, 0x7886, 0x7886, 0x7886, 0x7886, 0x7886, 0x7886, 0x7885, 0x7885, 0x7885, 0x7885, 0x7885,
    0x7885, 0x7885, 0x7885, 0x7085, 0x7085, 0x7085, 0x7085, 0x7085, 0x7085, 0x7085, 0x7085, 0x7085, 0x6885, 0x6885, 0x6885, 0x6885,
    0x6885, 0x6885, 0x6885, 0x6885, 0x6085, 0x6064, 0x6064, 0x6084, 0x5824, 0x71C8, 0x7A29, 0x5002, 0x8229, 0xC5F4, 0xA3EE, 0x5023,
    0x5884, 0x5023, 0x61C7, 0x58E5, 0x5043, 0x5063, 0x4863, 0x4863, 0x4863, 0x4843, 0x4843, 0x4843, 0x4043, 0x4043, 0x4043, 0x4043,
    0x4863, 0x4863, 0x4863, 0x4863, 0x5063, 0x5063, 0x5064, 0x5864, 0x5864, 0x5884, 0x5884, 0x6084, 0x6064, 0x6A08, 0x68C5, 0x6885,
    0x6844, 0x8209, 0xC5D3, 0xAC4F, 0x7064, 0x7906, 0x8AEB, 0x7885, 0x78C5, 0x80A5, 0x80C6, 0x80C6, 0x80C6, 0x88C6, 0x88C6, 0x88C6,
    0x88C6, 0x90C6, 0x90C6, 0x90C6, 0x90E6, 0x90E6, 0x98E6, 0x98E7, 0x98E7, 0x98E7, 0x98E7, 0xA0E7, 0xA0E7, 0xA0E7, 0xA107, 0xA107,
    0xA907, 0xA907, 0xA907, 0xA907, 0xA907, 0xA907, 0xA907, 0xA907, 0xA907, 0xA907, 0xA907, 0xA907, 0xA907, 0xB107, 0xB108, 0xB108,
    0xB108, 0xB108, 0xB108, 0xB108, 0xB108, 0xB108, 0xB108, 0xB108, 0xB107, 0xA907, 0xA907, 0xA907, 0xA907, 0xA907, 0xA907, 0xA907,
    0xA907, 0xA907, 0xA907, 0xA907, 0xA907, 0xA907, 0xA907, 0xA907, 0xA907, 0xA907, 0xA907, 0xA907, 0xA907, 0xA907, 0xA907, 0xA907,
    0xA907, 0xA907, 0xA0E7, 0xA0E7, 0xA0E7, 0xA0E7, 0xA0E7, 0xA0E7, 0xA0E7, 0xA0E7, 0xA0E7, 0xA107, 0x9886, 0xB24B, 0xE5B4, 0xDD74,
    0xDD74, 0xDD74, 0xDD74, 0xD573, 0xD594, 0xFF9A, 0xFFDA, 0xFFDA, 0xFFDA, 0xFFDA, 0xFFDA, 0xFFDA, 0xFFDA, 0xFFFB, 0xEED7, 0xD553,
    0xD574, 0xDD74, 0xDD74, 0xD573, 0xDD94, 0xC430, 0x8065, 0x88A6, 0x88A6, 0x80A6, 0x80A6, 0x80A6, 0x80A6, 0x80A6, 0x80A6, 0x80A6,
    0x7886, 0x7886, 0x7886, 0x7886, 0x7886, 0x7886, 0x7886, 0x7886, 0x7886, 0x7886, 0x7886, 0x7886, 0x7886, 0x7886, 0x7886, 0x7886,
    0x7886, 0x7886, 0x7886, 0x7886, 0x7886, 0x7886, 0x7886, 0x7886, 0x7886, 0x7886, 0x7886, 0x7886, 0x7886, 0x7886, 0x7886, 0x7886,
    0x7886, 0x7886, 0x7886, 0x7886, 0x7886, 0x7886, 0x7886, 0x7886, 0x7886, 0x7886, 0x7885, 0x7885, 0x7885, 0x7885, 0x7885, 0x7885,
    0x7885, 0x7885, 0x7885, 0x7085, 0x7085, 0x7085, 0x7085, 0x7085, 0x7085, 0x7085, 0x7085, 0x7085, 0x6885, 0x6885, 0x6885, 0x6885,
    0x6885, 0x6885, 0x6885, 0x6885, 0x6085, 0x6064, 0x6064, 0x6084, 0x5824, 0x828A, 0x6967, 0x5003, 0x9B6D, 0xCE14, 0x82AA, 0x5003,
    0x5884, 0x5064, 0x6208, 0x5084, 0x5043, 0x5063, 0x4863, 0x4863, 0x4863, 0x4843, 0x4843, 0x4043, 0x4043, 0x4043, 0x4043, 0x4043,
    0x4863, 0x4863, 0x4863, 0x4863, 0x5063, 0x5063, 0x5063, 0x5064, 0x5864, 0x5884, 0x5884, 0x6084, 0x6044, 0x69A7, 0x6946, 0x6864,
    0x6884, 0x7106, 0xBD32, 0xBD52, 0x7926, 0x7064, 0x8AEB, 0x7926, 0x7885, 0x78A5, 0x80A5, 0x80C6, 0x80C6, 0x80C6, 0x88C6, 0x88C6,
    0x88C6, 0x88C6, 0x90C6, 0x90C6, 0x90E6, 0x90E6, 0x90E6, 0x98E7, 0x98E7, 0x98E7, 0x98E7, 0x98E7, 0xA0E7, 0xA0E7, 0xA0E7, 0xA0E7,
    0xA107, 0xA107, 0xA107, 0xA907, 0xA907, 0xA907, 0xA907, 0xA907, 0xA907, 0xA907, 0xA907, 0xA907, 0xA907, 0xA907, 0xA907, 0xA907,
    0xA907, 0xA907, 0xA907, 0xA907, 0xA907, 0xA907, 0xA907, 0xA907, 0xA907, 0xA907, 0xA907, 0xA907, 0xA907, 0xA907, 0xA907, 0xA907,
    0xA907, 0xA907, 0xA907, 0xA907, 0xA907, 0xA907, 0xA907, 0xA907, 0xA907, 0xA907, 0xA907, 0xA907, 0xA907, 0xA907, 0xA107, 0xA0E7,
    0xA0E7, 0xA0E7, 0xA0E7, 0xA0E7, 0xA0E7, 0xA0E7, 0xA0E7, 0xA0E7, 0xA0E7, 0xA0E7, 0x98E7, 0x98E7, 0x90A6, 0xA1E9, 0xC430, 0xC3EF,
    0xC40F, 0xBBEF, 0xBBEF, 0xBBEF, 0xBBEF, 0xAB8E, 0xAB8D, 0xAB8D, 0xAB6D, 0xAB6D, 0xAB6D, 0xAB6D, 0xAB8D, 0xAB6D, 0xABAE, 0xB3EF,
    0xB3EF, 0xBBEF, 0xBBEF, 0xBBEF, 0xBC10, 0xAB0D, 0x7885, 0x80A6, 0x80A6, 0x80A6, 0x80A6, 0x80A6, 0x80A6, 0x80A6, 0x80A6, 0x7886,
    0x7886, 0x7886, 0x7886, 0x7886, 0x7886, 0x7886, 0x7886, 0x7886, 0x7886, 0x7886, 0x7886, 0x7886, 0x7886, 0x7886, 0x7886, 0x7886,
    0x7886, 0x7886, 0x7886, 0x7886, 0x7886, 0x7886, 0x7886, 0x7886, 0x7886, 0x7886, 0x7886, 0x7886, 0x7886, 0x7886, 0x7886, 0x7886,
    0x7886, 0x7886, 0x7886, 0x7886, 0x7886, 0x7886, 0x7886, 0x7886, 0x7886, 0x7886, 0x7885, 0x7885, 0x7885, 0x7885, 0x7885, 0x7885,
    0x7885, 0x7885, 0x7085, 0x7085, 0x7085, 0x7085, 0x7085, 0x7085, 0x7085, 0x7085, 0x7085, 0x7085, 0x6885, 0x6885, 0x6885, 0x6885,
    0x6885, 0x6885, 0x6885, 0x6085, 0x6084, 0x6064, 0x6064, 0x6064, 0x6085, 0x82EB, 0x6064, 0x6064, 0xB4D0, 0xC5B3, 0x6967, 0x5023,
    0x5044, 0x58E5, 0x61E7, 0x5023, 0x5064, 0x5063, 0x4863, 0x4863, 0x4863, 0x4843, 0x4843, 0x4043, 0x4043, 0x4043, 0x4043, 0x4043,
    0x4863, 0x4863, 0x4863, 0x4863, 0x4863, 0x5063, 0x5063, 0x5064, 0x5864, 0x5884, 0x5884, 0x5884, 0x6064, 0x6126, 0x69C7, 0x6064,
    0x68A5, 0x6864, 0xA42F, 0xC5F4, 0x8A4A, 0x6803, 0x8A49, 0x81E8, 0x7865, 0x78C5, 0x78A5, 0x80C5, 0x80C6, 0x80C6, 0x80C6, 0x88C6,
    0x88C6, 0x88C6, 0x88C6, 0x90C6, 0x90E6, 0x90E6, 0x90E6, 0x90E6, 0x98E7, 0x98E7, 0x98E7, 0x98E7, 0x98E7, 0x98E7, 0xA0E7, 0xA0E7,
    0xA0E7, 0xA0E7, 0xA0E7, 0xA0E7, 0xA0E7, 0xA907, 0xA907, 0xA907, 0xA907, 0xA907, 0xA907, 0xA907, 0xA907, 0xA907, 0xA907, 0xA907,
    0xA907, 0xA907, 0xA907, 0xA907, 0xA907, 0xA907, 0xA907, 0xA907, 0xA907, 0xA907, 0xA907, 0xA907, 0xA907, 0xA907, 0xA907, 0xA907,
    0xA907, 0xA907, 0xA907, 0xA907, 0xA907, 0xA907, 0xA907, 0xA907, 0xA907, 0xA907, 0xA107, 0xA0E7, 0xA0E7, 0xA0E7, 0xA0E7, 0xA0E7,
    0xA0E7, 0xA0E7, 0xA0E7, 0xA0E7, 0xA0E7, 0xA0E7, 0xA0E7, 0xA0E7, 0xA0E7, 0x98E7, 0x98E7, 0x98E7, 0x98E7, 0x90A6, 0x8024, 0x8024,
    0x7824, 0x7824, 0x7824, 0x7024, 0x7024, 0x6824, 0x6824, 0x6823, 0x6003, 0x6003, 0x6003, 0x6003, 0x6003, 0x6003, 0x6803, 0x6803,
    0x6804, 0x6804, 0x6804, 0x6804, 0x7004, 0x7024, 0x80A6, 0x80A6, 0x80A6, 0x80A6, 0x80A6, 0x80A6, 0x80A6, 0x80A6, 0x7886, 0x7886,
    0x7886, 0x7886, 0x7886, 0x7886, 0x7886, 0x7886, 0x7886, 0x7886, 0x7886, 0x7886, 0x7886, 0x7886, 0x7886, 0x7886, 0x7886, 0x7886,
    0x7886, 0x7886, 0x7886, 0x7886, 0x7886, 0x7886, 0x7886, 0x7886, 0x7886, 0x7886, 0x7886, 0x7886, 0x7886, 0x7886, 0x7886, 0x7886,
    0x7886, 0x7886, 0x7886, 0x7886, 0x7886, 0x7886, 0x7886, 0x7886, 0x7886, 0x7885, 0x7885, 0x7885, 0x7885, 0x7885, 0x7885, 0x7885,
    0x7885, 0x7885, 0x7085, 0x7085, 0x7085, 0x7085, 0x7085, 0x7085, 0x7085, 0x7085, 0x7085, 0x6885, 0x6885, 0x6885, 0x6885, 0x6885,
    0x6885, 0x6885, 0x6885, 0x6085, 0x6064, 0x6064, 0x6084, 0x6044, 0x6947, 0x82AA, 0x5003, 0x7187, 0xC5B3, 0xACD0, 0x5884, 0x5864,
    0x5023, 0x5966, 0x5966, 0x5023, 0x5064, 0x5063, 0x4863, 0x4863, 0x4843, 0x4843, 0x4843, 0x4043, 0x4043, 0x4043, 0x4043, 0x4043,
    0x4863, 0x4863, 0x4863, 0x4863, 0x4863, 0x4863, 0x5063, 0x5064, 0x5064, 0x5864, 0x5864, 0x5884, 0x6064, 0x60A4, 0x6A08, 0x6084,
    0x68A5, 0x6043, 0x92CB, 0xC614, 0xA38D, 0x6823, 0x7967, 0x8AAA, 0x7065, 0x78C5, 0x78A5, 0x78A5, 0x80A6, 0x80C6, 0x80C6, 0x88C6,
    0x88C6, 0x88C6, 0x88C6, 0x88C6, 0x90C6, 0x90C6, 0x90C6, 0x90C6, 0x90E6, 0x98E6, 0x98E7, 0x98E7, 0x98E7, 0x98E7, 0x98E7, 0xA0E7,
    0xA0E7, 0xA0E7, 0xA0E7, 0xA0E7, 0xA0E7, 0xA0E7, 0xA107, 0xA907, 0xA907, 0xA907, 0xA907, 0xA907, 0xA907, 0xA907, 0xA907, 0xA907,
    0xA907, 0xA907, 0xA907, 0xA907, 0xA907, 0xA907, 0xA907, 0xA907, 0xA907, 0xA907, 0xA907, 0xA907, 0xA907, 0xA907, 0xA907, 0xA907,
    0xA907, 0xA907, 0xA907, 0xA907, 0xA907, 0xA8E7, 0xA0E7, 0xA0E7, 0xA0E7, 0xA0E7, 0xA0E7, 0xA0E7, 0xA0E7, 0xA0E7, 0xA0E7, 0xA0E7,
    0xA0E7, 0xA0E7, 0xA0E7, 0xA0E7, 0xA0E7, 0xA0E7, 0xA0E7, 0x98E7, 0x98E7, 0x98E7, 0x98E7, 0x98E7, 0x98C6, 0x90E6, 0x90E7, 0x88E6,
    0x88E6, 0x88E6, 0x88E6, 0x80C6, 0x80C6, 0x80C6, 0x80C6, 0x78C6, 0x78C6, 0x78C6, 0x78C6, 0x78C6, 0x78C5, 0x78C6, 0x78C6, 0x78C6,
    0x78C6, 0x78C6, 0x78C6, 0x78C6, 0x78C6, 0x78A6, 0x80A6, 0x80A6, 0x80A6, 0x80A6, 0x80A6, 0x80A6, 0x8086, 0x7886, 0x7886, 0x7886,
    0x7886, 0x7886, 0x7886, 0x7886, 0x7886, 0x7886, 0x7886, 0x7886, 0x7886, 0x7886, 0x7886, 0x7886, 0x7886, 0x7886, 0x7886, 0x7886,
    0x7886, 0x7886, 0x7886, 0x7886, 0x7886, 0x7886, 0x7886, 0x7886, 0x7886, 0x7886, 0x7886, 0x7886, 0x7886, 0x7886, 0x7886, 0x7886,
    0x7886, 0x7886, 0x7886, 0x7886, 0x7886, 0x7886, 0x7886, 0x7886, 0x7886, 0x7885, 0x7885, 0x7885, 0x7885, 0x7885, 0x7885, 0x7885,
    0x7885, 0x7085, 0x7085, 0x7085, 0x7085, 0x7085, 0x7085, 0x7085, 0x7085, 0x7085, 0x7085, 0x6885, 0x6885, 0x6885, 0x6885, 0x6885,
    0x6885, 0x6885, 0x6885, 0x6084, 0x6064, 0x6064, 0x6084, 0x5823, 0x7A49, 0x71A8, 0x5002, 0x8ACB, 0xCE14, 0x936C, 0x5023, 0x5884,
    0x5043, 0x61E7, 0x50C5, 0x5043, 0x5063, 0x4863, 0x4863, 0x4863, 0x4843, 0x4843, 0x4843, 0x4043, 0x4043, 0x4043, 0x4043, 0x4043,
    0x4863, 0x4863, 0x4863, 0x4863, 0x4863, 0x4863, 0x5063, 0x5063, 0x5064, 0x5064, 0x5864, 0x5864, 0x5884, 0x5844, 0x69E7, 0x6105,
    0x6064, 0x6064, 0x7967, 0xBD93, 0xB4F1, 0x70C5, 0x7085, 0x8B0B, 0x78E6, 0x7885, 0x78A5, 0x78A5, 0x78A5, 0x80A5, 0x80A6, 0x80C6,
    0x80C6, 0x88C6, 0x88C6, 0x88C6, 0x88C6, 0x90C6, 0x90C6, 0x90C6, 0x90C6, 0x90E6, 0x90E7, 0x98E7, 0x98E7, 0x98E7, 0x98E7, 0x98E7,
    0x98E7, 0xA0E7, 0xA0E7, 0xA0E7, 0xA0E7, 0xA0E7, 0xA0E7, 0xA107, 0xA107, 0xA107, 0xA107, 0xA907, 0xA907, 0xA907, 0xA907, 0xA907,
    0xA907, 0xA907, 0xA907, 0xA907, 0xA907, 0xA907, 0xA907, 0xA907, 0xA907, 0xA907, 0xA907, 0xA907, 0xA907, 0xA907, 0xA907, 0xA107,
    0xA0E7, 0xA0E7, 0xA0E7, 0xA0E7, 0xA0E7, 0xA0E7, 0xA0E7, 0xA0E7, 0xA0E7, 0xA0E7, 0xA0E7, 0xA0E7, 0xA0E7, 0xA0E7, 0xA0E7, 0xA0E7,
    0xA0E7, 0xA0E7, 0xA0E7, 0xA0E7, 0x98E7, 0x98E7, 0x98E7, 0x98E7, 0x98E7, 0x98E7, 0x98E7, 0x98E7, 0x98C7, 0x98C7, 0x90C7, 0x90C6,
    0x90C6, 0x90C6, 0x90C6, 0x90C6, 0x90C6, 0x90C6, 0x88C6, 0x88C6, 0x88C6, 0x88C6, 0x88A6, 0x88A6, 0x88A6, 0x88A6, 0x88A6, 0x88A6,
    0x80A6, 0x80A6, 0x80A6, 0x80A6, 0x80A6, 0x80A6, 0x80A6, 0x80A6, 0x80A6, 0x80A6, 0x80A6, 0x7886, 0x7886, 0x7886, 0x7886, 0x7886,
    0x7886, 0x7886, 0x7886, 0x7886, 0x7886, 0x7886, 0x7886, 0x7886, 0x7886, 0x7886, 0x7886, 0x7886, 0x7886, 0x7886, 0x7886, 0x7886,
    0x7886, 0x7886, 0x7886, 0x7886, 0x7886, 0x7886, 0x7886, 0x7886, 0x7886, 0x7886, 0x7886, 0x7886, 0x7886, 0x7886, 0x7886, 0x7886,
    0x7886, 0x7886, 0x7886, 0x7886, 0x7886, 0x7886, 0x7886, 0x7886, 0x7885, 0x7885, 0x7885, 0x7885, 0x7885, 0x7885, 0x7885, 0x7885,
    0x7885, 0x7085, 0x7085, 0x7085, 0x7085, 0x7085, 0x7085, 0x7085, 0x7085, 0x7085, 0x7085, 0x6885, 0x6885, 0x6885, 0x6885, 0x6885,
    0x6885, 0x6885, 0x6085, 0x6084, 0x6064, 0x6064, 0x6064, 0x6064, 0x82EB, 0x60C5, 0x5823, 0xA42F, 0xC5F3, 0x7A08, 0x5003, 0x5864,
    0x5884, 0x6208, 0x5043, 0x5064, 0x5063, 0x4863, 0x4863, 0x4863, 0x4843, 0x4843, 0x4043, 0x4043, 0x4043, 0x4043, 0x4043, 0x4043,
    0x4863, 0x4863, 0x4863, 0x4863, 0x4863, 0x4863, 0x4863, 0x5063, 0x5063, 0x5064, 0x5864, 0x5864, 0x5884, 0x5844, 0x6166, 0x69A7,
    0x6044, 0x68A4, 0x6884, 0xAC70, 0xC5D3, 0x81E9, 0x6803, 0x8A8A, 0x81E8, 0x7064, 0x78A5, 0x78A5, 0x78A5, 0x80A5, 0x80A5, 0x80C6,
    0x80C6, 0x80C6, 0x88C6, 0x88C6, 0x88C6, 0x88C6, 0x90C6, 0x90C6, 0x90C6, 0x90E6, 0x90E6, 0x90E6, 0x98E6, 0x98E7, 0x98E7, 0x98E7,
    0x98E7, 0x98E7, 0xA0E7, 0xA0E7, 0xA0E7, 0xA0E7, 0xA0E7, 0xA0E7, 0xA0E7, 0xA0E7, 0xA0E7, 0xA0E7, 0xA0E7, 0xA0E7, 0xA0E7, 0xA0E7,
    0xA0E7, 0xA0E7, 0xA0E7, 0xA0E7, 0xA0E7, 0xA0E7, 0xA0E7, 0xA0E7, 0xA0E7, 0xA0E7, 0xA0E7, 0xA0E7, 0xA0E7, 0xA0E7, 0xA0E7, 0xA0E7,
    0xA0E7, 0xA0E7, 0xA0E7, 0xA0E7, 0xA0E7, 0xA0E7, 0xA0E7, 0xA0E7, 0xA0E7, 0xA0E7, 0xA0E7, 0xA0E7, 0xA0E7, 0xA0E7, 0xA0E7, 0xA0E7,
    0xA0E7, 0x98E7, 0x98E7, 0x98E7, 0x98E7, 0x98E7, 0x98E7, 0x98E7, 0x98E7, 0x98E7, 0x98C7, 0x98C7, 0x98C7, 0x98C7, 0x98C7, 0x90C7,
    0x90C7, 0x90C6, 0x90C6, 0x90C6, 0x90C6, 0x90C6, 0x90C6, 0x90C6, 0x90C6, 0x90C6, 0x88C6, 0x88C6, 0x88A6, 0x88A6, 0x88A6, 0x88A6,
    0x88A6, 0x88A6, 0x80A6, 0x80A6, 0x80A6, 0x80A6, 0x80A6, 0x80A6, 0x80A6, 0x80A6, 0x7886, 0x7886, 0x7886, 0x7886, 0x7886, 0x7886,
    0x7886, 0x7886, 0x7886, 0x7886, 0x7886, 0x7886, 0x7886, 0x7886, 0x7886, 0x7886, 0x7886, 0x7886, 0x7886, 0x7886, 0x7886, 0x7886,
    0x7886, 0x7886, 0x7886, 0x7886, 0x7886, 0x7886, 0x7886, 0x7886, 0x7886, 0x7886, 0x7886, 0x7886, 0x7886, 0x7886, 0x7886, 0x7886,
    0x7886, 0x7886, 0x7886, 0x7886, 0x7886, 0x7886, 0x7886, 0x7886, 0x7885, 0x7885, 0x7885, 0x7885, 0x7885, 0x7885, 0x7885, 0x7885,
    0x7085, 0x7085, 0x7085, 0x7085, 0x7085, 0x7085, 0x7085, 0x7085, 0x7085, 0x7085, 0x6885, 0x6885, 0x6885, 0x6885, 0x6885, 0x6885,
    0x6885, 0x6885, 0x6085, 0x6064, 0x6064, 0x6084, 0x6044, 0x6946, 0x82CB, 0x5803, 0x6926, 0xBD72, 0xB511, 0x60C5, 0x5044, 0x5043,
    0x5926, 0x61A7, 0x5023, 0x5064, 0x5063, 0x4863, 0x4863, 0x4843, 0x4843, 0x4843, 0x4043, 0x4043, 0x4043, 0x4043, 0x4043, 0x4043,
    0x4843, 0x4863, 0x4863, 0x4863, 0x4863, 0x4863, 0x4863, 0x5063, 0x5063, 0x5064, 0x5064, 0x5864, 0x5884, 0x5864, 0x60C5, 0x6A08,
    0x6064, 0x60A5, 0x6023, 0x92EB, 0xC614, 0x9B6D, 0x6823, 0x7967, 0x8ACA, 0x7064, 0x78A5, 0x78A5, 0x78A5, 0x78A5, 0x80A5, 0x80A6,
    0x80C6, 0x80C6, 0x80C6, 0x88C6, 0x88C6, 0x88C6, 0x88C6, 0x88C6, 0x90C6, 0x90C6, 0x90C6, 0x90C6, 0x90E6, 0x98E7, 0x98E7, 0x98E7,
    0x98E7, 0x98E7, 0x98E7, 0x98E7, 0x98E7, 0xA0E7, 0xA0E7, 0xA0E7, 0xA0E7, 0xA0E7, 0xA0E7, 0xA0E7, 0xA0E7, 0xA0E7, 0xA0E7, 0xA0E7,
    0xA0E7, 0xA0E7, 0xA0E7, 0xA0E7, 0xA0E7, 0xA0E7, 0xA0E7, 0xA0E7, 0xA0E7, 0xA0E7, 0xA0E7, 0xA0E7, 0xA0E7, 0xA0E7, 0xA0E7, 0xA0E7,
    0xA0E7, 0xA0E7, 0xA0E7, 0xA0E7, 0xA0E7, 0xA0E7, 0xA0E7, 0xA0E7, 0xA0E7, 0xA0E7, 0xA0E7, 0xA0E7, 0xA0E7, 0xA0E7, 0x98E7, 0x98E7,
    0x98E7, 0x98E7, 0x98E7, 0x98E7, 0x98E7, 0x98E7, 0x98E7, 0x98E7, 0x98C7, 0x98C7, 0x98C7, 0x98C7, 0x90C7, 0x90C7, 0x90C6, 0x90C6,
    0x90C6, 0x90C6, 0x90C6, 0x90C6, 0x90C6, 0x90C6, 0x90C6, 0x88C6, 0x88C6, 0x88C6, 0x88A6, 0x88A6, 0x88A6, 0x88A6, 0x88A6, 0x88A6,
    0x80A6, 0x80A6, 0x80A6, 0x80A6, 0x80A6, 0x80A6, 0x80A6, 0x80A6, 0x8086, 0x7886, 0x7886, 0x7886, 0x7886, 0x7886, 0x7886, 0x7886,
    0x7886, 0x7886, 0x7886, 0x7886, 0x7886, 0x7886, 0x7886, 0x7886, 0x7886, 0x7886, 0x7886, 0x7886, 0x7886, 0x7886, 0x7886, 0x7886,
    0x7886, 0x7886, 0x7886, 0x7886, 0x7886, 0x7886, 0x7886, 0x7886, 0x7886, 0x7886, 0x7886, 0x7886, 0x7886, 0x7886, 0x7886, 0x7886,
    0x7886, 0x7886, 0x7886, 0x7886, 0x7886, 0x7886, 0x7886, 0x7885, 0x7885, 0x7885, 0x7885, 0x7885, 0x7885, 0x7885, 0x7885, 0x7885,
    0x7085, 0x7085, 0x7085, 0x7085, 0x7085, 0x7085, 0x7085, 0x7085, 0x7085, 0x7085, 0x6885, 0x6885, 0x6885, 0x6885, 0x6885, 0x6885,
    0x6885, 0x6885, 0x6084, 0x6064, 0x6064, 0x6084, 0x5823, 0x7A49, 0x71C8, 0x5002, 0x8AAA, 0xCE14, 0x9BAD, 0x5023, 0x5884, 0x5023,
    0x61C7, 0x5905, 0x5043, 0x5063, 0x4863, 0x4863, 0x4863, 0x4843, 0x4843, 0x4843, 0x4043, 0x4043, 0x4043, 0x4043, 0x4043, 0x4043,
    0x4043, 0x4843, 0x4843, 0x4863, 0x4863, 0x4863, 0x4863, 0x4863, 0x5063, 0x5063, 0x5064, 0x5864, 0x5864, 0x5884, 0x5844, 0x61E8,
    0x60E5, 0x6084, 0x6044, 0x7987, 0xBD93, 0xB4F1, 0x70C5, 0x6864, 0x8AEB, 0x78E6, 0x7085, 0x78A5, 0x78A5, 0x78A5, 0x78A5, 0x80A6,
    0x80A6, 0x80C6, 0x80C6, 0x80C6, 0x88C6, 0x88C6, 0x88C6, 0x88C6, 0x88C6, 0x90C6, 0x90C6, 0x90C6, 0x90C6, 0x90C6, 0x90C7, 0x98E7,
    0x98E7, 0x98E7, 0x98E7, 0x98E7, 0x98E7, 0x98E7, 0xA0E7, 0xA0E7, 0xA0E7, 0xA0E7, 0xA0E7, 0xA0E7, 0xA0E7, 0xA0E7, 0xA0E7, 0xA0E7,
    0xA0E7, 0xA0E7, 0xA0E7, 0xA0E7, 0xA0E7, 0xA0E7, 0xA0E7, 0xA0E7, 0xA0E7, 0xA0E7, 0xA0E7, 0xA0E7, 0xA0E7, 0xA0E7, 0xA0E7, 0xA0E7,
    0xA0E7, 0xA0E7, 0xA0E7, 0xA0E7, 0xA0E7, 0xA0E7, 0xA0E7, 0xA0E7, 0xA0E7, 0xA0E7, 0x98E7, 0x98E7, 0x98E7, 0x98E7, 0x98E7, 0x98E7,
    0x98E7, 0x98E7, 0x98E7, 0x98E7, 0x98E7, 0x98C7, 0x98C7, 0x98C7, 0x98C7, 0x98C7, 0x90C7, 0x90C7, 0x90C6, 0x90C6, 0x90C6, 0x90C6,
    0x90C6, 0x90C6, 0x90C6, 0x90C6, 0x90C6, 0x88C6, 0x88C6, 0x88C6, 0x88A6, 0x88A6, 0x88A6, 0x88A6, 0x88A6, 0x88A6, 0x88A6, 0x80A6,
    0x80A6, 0x80A6, 0x80A6, 0x80A6, 0x80A6, 0x80A6, 0x80A6, 0x7886, 0x7886, 0x7886, 0x7886, 0x7886, 0x7886, 0x7886, 0x7886, 0x7886,
    0x7886, 0x7886, 0x7886, 0x7886, 0x7886, 0x7886, 0x7886, 0x7886, 0x7886, 0x7886, 0x7886, 0x7886, 0x7886, 0x7886, 0x7886, 0x7886,
    0x7886, 0x7886, 0x7886, 0x7886, 0x7886, 0x7886, 0x7886, 0x7886, 0x7886, 0x7886, 0x7886, 0x7886, 0x7886, 0x7886, 0x7886, 0x7886,
    0x7886, 0x7886, 0x7886, 0x7886, 0x7886, 0x7886, 0x7886, 0x7885, 0x7885, 0x7885, 0x7885, 0x7885, 0x7885, 0x7885, 0x7885, 0x7085,
    0x7085, 0x7085, 0x7085, 0x7085, 0x7085, 0x7085, 0x7085, 0x7085, 0x7085, 0x7085, 0x6885, 0x6885, 0x6885, 0x6885, 0x6885, 0x6885,
    0x6885, 0x6885, 0x6064, 0x6064, 0x6064, 0x6064, 0x6064, 0x82EB, 0x60A5, 0x5823, 0xA44F, 0xC5F4, 0x7A09, 0x5003, 0x5864, 0x5084,
    0x6208, 0x5064, 0x5063, 0x5063, 0x4863, 0x4863, 0x4863, 0x4843, 0x4843, 0x4843, 0x4043, 0x4043, 0x4043, 0x4043, 0x4043, 0x4043,
    0x4043, 0x4043, 0x4843, 0x4843, 0x4863, 0x4863, 0x4863, 0x4863, 0x5063, 0x5063, 0x5063, 0x5064, 0x5864, 0x5884, 0x5843, 0x6166,
    0x6186, 0x6044, 0x6084, 0x6084, 0xAC6F, 0xC5D3, 0x8229, 0x6003, 0x8249, 0x8209, 0x7044, 0x78A5, 0x78A5, 0x78A5, 0x78A5, 0x78A5,
    0x80A5, 0x80A6, 0x80A6, 0x80A6, 0x80C6, 0x88C6, 0x88C6, 0x88C6, 0x88C6, 0x88C6, 0x88C6, 0x90C6, 0x90C6, 0x90C6, 0x90C6, 0x90C6,
    0x98E6, 0x98E7, 0x98E7, 0x98E7, 0x98E7, 0x98E7, 0x98E7, 0x98E7, 0x98E7, 0xA0E7, 0xA0E7, 0xA0E7, 0xA0E7, 0xA0E7, 0xA0E7, 0xA0E7,
    0xA0E7, 0xA0E7, 0xA0E7, 0xA0E7, 0xA0E7, 0xA0E7, 0xA0E7, 0xA0E7, 0xA0E7, 0xA0E7, 0xA0E7, 0xA0E7, 0xA0E7, 0xA0E7, 0xA0E7, 0xA0E7,
    0xA0E7, 0xA0E7, 0xA0E7, 0xA0E7, 0xA0E7, 0xA0E7, 0x98E7, 0x98E7, 0x98E7, 0x98E7, 0x98E7, 0x98E7, 0x98E7, 0x98E7, 0x98E7, 0x98E7,
    0x98E7, 0x98E7, 0x98C7, 0x98C7, 0x98C7, 0x98C7, 0x98C7, 0x98C7, 0x90C7, 0x90C7, 0x90C6, 0x90C6, 0x90C6, 0x90C6, 0x90C6, 0x90C6,
    0x90C6, 0x90C6, 0x90C6, 0x88C6, 0x88C6, 0x88C6, 0x88C6, 0x88A6, 0x88A6, 0x88A6, 0x88A6, 0x88A6, 0x88A6, 0x80A6, 0x80A6, 0x80A6,
    0x80A6, 0x80A6, 0x80A6, 0x80A6, 0x80A6, 0x80A6, 0x7886, 0x7886, 0x7886, 0x7886, 0x7886, 0x7886, 0x7886, 0x7886, 0x7886, 0x7886,
    0x7886, 0x7886, 0x7886, 0x7886, 0x7886, 0x7886, 0x7886, 0x7886, 0x7886, 0x7886, 0x7886, 0x7886, 0x7886, 0x7886, 0x7886, 0x7886,
    0x7886, 0x7886, 0x7886, 0x7886, 0x7886, 0x7886, 0x7886, 0x7886, 0x7886, 0x7886, 0x7886, 0x7886, 0x7886, 0x7886, 0x7886, 0x7886,
    0x7886, 0x7886, 0x7886, 0x7886, 0x7886, 0x7886, 0x7885, 0x7885, 0x7885, 0x7885, 0x7885, 0x7885, 0x7885, 0x7885, 0x7885, 0x7085,
    0x7085, 0x7085, 0x7085, 0x7085, 0x7085, 0x7085, 0x7085, 0x7085, 0x7085, 0x6885, 0x6885, 0x6885, 0x6885, 0x6885, 0x6885, 0x6885,
    0x6885, 0x6085, 0x6064, 0x6064, 0x6084, 0x5844, 0x7167, 0x82AA, 0x5003, 0x7167, 0xBD93, 0xB511, 0x60C5, 0x5044, 0x5043, 0x5926,
    0x59A7, 0x5023, 0x5064, 0x5063, 0x4863, 0x4863, 0x4863, 0x4843, 0x4843, 0x4043, 0x4043, 0x4043, 0x4043, 0x4043, 0x4043, 0x4043,
    0x4043, 0x4043, 0x4043, 0x4043, 0x4843, 0x4843, 0x4863, 0x4863, 0x4863, 0x5063, 0x5063, 0x5064, 0x5064, 0x5864, 0x5864, 0x58A4,
    0x6208, 0x6064, 0x60A4, 0x5823, 0x8AAB, 0xC614, 0xA3CD, 0x6024, 0x7106, 0x8AEB, 0x7085, 0x70A5, 0x70A5, 0x78A5, 0x78A5, 0x78A5,
    0x78A5, 0x80A5, 0x80A6, 0x80A6, 0x80A6, 0x80C6, 0x88C6, 0x88C6, 0x88C6, 0x88C6, 0x88C6, 0x88C6, 0x90C6, 0x90C6, 0x90C6, 0x90C6,
    0x90E6, 0x90E6, 0x98E6, 0x98E7, 0x98E7, 0x98E7, 0x98E7, 0x98E7, 0x98E7, 0x98E7, 0x98E7, 0x98E7, 0xA0E7, 0xA0E7, 0xA0E7, 0xA0E7,
    0xA0E7, 0xA0E7, 0xA0E7, 0xA0E7, 0xA0E7, 0xA0E7, 0xA0E7, 0xA0E7, 0xA0E7, 0xA0E7, 0xA0E7, 0xA0E7, 0xA0E7, 0xA0E7, 0xA0E7, 0x98E7,
    0x98E7, 0x98E7, 0x98E7, 0x98E7, 0x98E7, 0x98E7, 0x98E7, 0x98E7, 0x98E7, 0x98E7, 0x98E7, 0x98E7, 0x98E7, 0x98E7, 0x98E7, 0x98E7,
    0x98C7, 0x98C7, 0x98C7, 0x98C7, 0x90C7, 0x90C7, 0x90C7, 0x90C7, 0x90C6, 0x90C6, 0x90C6, 0x90C6, 0x90C6, 0x90C6, 0x90C6, 0x90C6,
    0x90C6, 0x88C6, 0x88C6, 0x88C6, 0x88C6, 0x88A6, 0x88A6, 0x88A6, 0x88A6, 0x88A6, 0x88A6, 0x80A6, 0x80A6, 0x80A6, 0x80A6, 0x80A6,
    0x80A6, 0x80A6, 0x80A6, 0x80A6, 0x80A6, 0x7886, 0x7886, 0x7886, 0x7886, 0x7886, 0x7886, 0x7886, 0x7886, 0x7886, 0x7886, 0x7886,
    0x7886, 0x7886, 0x7886, 0x7886, 0x7886, 0x7886, 0x7886, 0x7886, 0x7886, 0x7886, 0x7886, 0x7886, 0x7886, 0x7886, 0x7886, 0x7886,
    0x7886, 0x7886, 0x7886, 0x7886, 0x7886, 0x7886, 0x7886, 0x7886, 0x7886, 0x7886, 0x7886, 0x7886, 0x7886, 0x7886, 0x7886, 0x7886,
    0x7886, 0x7886, 0x7886, 0x7886, 0x7886, 0x7886, 0x7885, 0x7885, 0x7885, 0x7885, 0x7885, 0x7885, 0x7885, 0x7885, 0x7085, 0x7085,
    0x7085, 0x7085, 0x7085, 0x7085, 0x7085, 0x7085, 0x7085, 0x7085, 0x7085, 0x6885, 0x6885, 0x6885, 0x6885, 0x6885, 0x6885, 0x6885,
    0x6885, 0x6085, 0x6064, 0x6064, 0x6084, 0x5824, 0x82AA, 0x6967, 0x5003, 0x8AEB, 0xCE14, 0x936C, 0x5003, 0x5884, 0x5023, 0x61C7,
    0x58E5, 0x5043, 0x5064, 0x4863, 0x4863, 0x4863, 0x4843, 0x4843, 0x4843, 0x4043, 0x4043, 0x4043, 0x4043, 0x4043, 0x4043, 0x4043,
    0x4043, 0x4043, 0x4043, 0x4043, 0x4043, 0x4843, 0x4843, 0x4863, 0x4863, 0x4863, 0x5063, 0x5064, 0x5064, 0x5064, 0x5864, 0x5843,
    0x6208, 0x60E5, 0x6064, 0x6064, 0x7126, 0xBD52, 0xBD52, 0x7126, 0x6824, 0x8ACB, 0x7947, 0x7064, 0x70A5, 0x70A5, 0x78A5, 0x78A5,
    0x78A5, 0x78A5, 0x78A6, 0x80A6, 0x80A6, 0x80C6, 0x80C6, 0x80C6, 0x88C6, 0x88C6, 0x88C6, 0x88C6, 0x88C6, 0x90C6, 0x90C6, 0x90C6,
    0x90C6, 0x90C6, 0x90C6, 0x90C7, 0x90C7, 0x98E7, 0x98E7, 0x98E7, 0x98E7, 0x98E7, 0x98E7, 0x98E7, 0x98E7, 0x98E7, 0x98E7, 0x98E7,
    0x98E7, 0x98E7, 0x98E7, 0x98E7, 0x98E7, 0x98E7, 0x98E7, 0x98E7, 0x98E7, 0x98E7, 0x98E7, 0x98E7, 0x98E7, 0x98E7, 0x98E7, 0x98E7,
    0x98E7, 0x98E7, 0x98E7, 0x98E7, 0x98E7, 0x98E7, 0x98E7, 0x98E7, 0x98E7, 0x98E7, 0x98E7, 0x98C7, 0x98C7, 0x98C7, 0x98C7, 0x98C7,
    0x98C7, 0x98C7, 0x90C7, 0x90C7, 0x90C6, 0x90C6, 0x90C6, 0x90C6, 0x90C6, 0x90C6, 0x90C6, 0x90C6, 0x90C6, 0x90C6, 0x90C6, 0x88C6,
    0x88C6, 0x88C6, 0x88C6, 0x88A6, 0x88A6, 0x88A6, 0x88A6, 0x88A6, 0x88A6, 0x88A6, 0x80A6, 0x80A6, 0x80A6, 0x80A6, 0x80A6, 0x80A6,
    0x80A6, 0x80A6, 0x80A6, 0x7886, 0x7886, 0x7886, 0x7886, 0x7886, 0x7886, 0x7886, 0x7886, 0x7886, 0x7886, 0x7886, 0x7886, 0x7886,
    0x7886, 0x7886, 0x7886, 0x7886, 0x7886, 0x7886, 0x7886, 0x7886, 0x7886, 0x7886, 0x7886, 0x7886, 0x7886, 0x7886, 0x7886, 0x7886,
    0x7886, 0x7886, 0x7886, 0x7886, 0x7886, 0x7886, 0x7886, 0x7886, 0x7886, 0x7886, 0x7886, 0x7886, 0x7886, 0x7886, 0x7886, 0x7886,
    0x7886, 0x7886, 0x7886, 0x7886, 0x7886, 0x7885, 0x7885, 0x7885, 0x7885, 0x7885, 0x7885, 0x7885, 0x7885, 0x7885, 0x7085, 0x7085,
    0x7085, 0x7085, 0x7085, 0x7085, 0x7085, 0x7085, 0x7085, 0x7085, 0x6885, 0x6885, 0x6885, 0x6885, 0x6885, 0x6885, 0x6885, 0x6885,
    0x6085, 0x6084, 0x6064, 0x6064, 0x6064, 0x60C5, 0x830B, 0x5844, 0x6084, 0xB4B0, 0xC5B3, 0x71A7, 0x5023, 0x5864, 0x5884, 0x6208,
    0x5064, 0x5064, 0x5063, 0x4863, 0x4863, 0x4863, 0x4843, 0x4843, 0x4843, 0x4043, 0x4043, 0x4043, 0x4043, 0x4043, 0x4043, 0x4043,
    0x4043, 0x4043, 0x4043, 0x4043, 0x4043, 0x4043, 0x4043, 0x4843, 0x4863, 0x4863, 0x5063, 0x5063, 0x5063, 0x5064, 0x5864, 0x5843,
    0x6146, 0x61A7, 0x5844, 0x6084, 0x6044, 0xA3EE, 0xC614, 0x8AAA, 0x6003, 0x79A8, 0x828A, 0x6844, 0x70A5, 0x70A5, 0x70A5, 0x78A5,
    0x78A5, 0x78A5, 0x78A5, 0x78A5, 0x80A5, 0x80A6, 0x80A6, 0x80A6, 0x80C6, 0x88C6, 0x88C6, 0x88C6, 0x88C6, 0x88C6, 0x88C6, 0x90C6,
    0x90C6, 0x90C6, 0x90C6, 0x90C6, 0x90C6, 0x90C6, 0x98C6, 0x98C7, 0x98C7, 0x98E7, 0x98E7, 0x98E7, 0x98E7, 0x98E7, 0x98E7, 0x98E7,
    0x98E7, 0x98E7, 0x98E7, 0x98E7, 0x98E7, 0x98E7, 0x98E7, 0x98E7, 0x98E7, 0x98E7, 0x98E7, 0x98E7, 0x98E7, 0x98E7, 0x98E7, 0x98E7,
    0x98E7, 0x98E7, 0x98E7, 0x98E7, 0x98E7, 0x98E7, 0x98C7, 0x98C7, 0x98C7, 0x98C7, 0x98C7, 0x98C7, 0x98C7, 0x98C7, 0x90C7, 0x90C7,
    0x90C7, 0x90C6, 0x90C6, 0x90C6, 0x90C6, 0x90C6, 0x90C6, 0x90C6, 0x90C6, 0x90C6, 0x90C6, 0x90C6, 0x90C6, 0x88C6, 0x88C6, 0x88C6,
    0x88A6, 0x88A6, 0x88A6, 0x88A6, 0x88A6, 0x88A6, 0x88A6, 0x88A6, 0x80A6, 0x80A6, 0x80A6, 0x80A6, 0x80A6, 0x80A6, 0x80A6, 0x80A6,
    0x80A6, 0x7886, 0x7886, 0x7886, 0x7886, 0x7886, 0x7886, 0x7886, 0x7886, 0x7886, 0x7886, 0x7886, 0x7886, 0x7886, 0x7886, 0x7886,
    0x7886, 0x7886, 0x7886, 0x7886, 0x7886, 0x7886, 0x7886, 0x7886, 0x7886, 0x7886, 0x7886, 0x7886, 0x7886, 0x7886, 0x7886, 0x7886,
    0x7886, 0x7886, 0x7886, 0x7886, 0x7886, 0x7886, 0x7886, 0x7886, 0x7886, 0x7886, 0x7886, 0x7886, 0x7886, 0x7886, 0x7886, 0x7886,
    0x7886, 0x7886, 0x7886, 0x7886, 0x7885, 0x7885, 0x7885, 0x7885, 0x7885, 0x7885, 0x7885, 0x7885, 0x7885, 0x7085, 0x7085, 0x7085,
    0x7085, 0x7085, 0x7085, 0x7085, 0x7085, 0x7085, 0x7085, 0x7085, 0x6885, 0x6885, 0x6885, 0x6885, 0x6885, 0x6885, 0x6885, 0x6885,
    0x6085, 0x6064, 0x6064, 0x6085, 0x5823, 0x7A08, 0x7A29, 0x5002, 0x79E8, 0xC5D3, 0xAC90, 0x5864, 0x5864, 0x5023, 0x5946, 0x5987,
    0x5023, 0x5064, 0x5063, 0x4863, 0x4863, 0x4843, 0x4843, 0x4843, 0x4043, 0x4043, 0x4043, 0x4043, 0x4043, 0x4043, 0x4043, 0x4043,
    0x4043, 0x4043, 0x4043, 0x4043, 0x4043, 0x4043, 0x4043, 0x4043, 0x4863, 0x4863, 0x4863, 0x5063, 0x5063, 0x5064, 0x5064, 0x5864,
    0x5884, 0x6208, 0x5884, 0x6084, 0x5823, 0x7A09, 0xC5D3, 0xAC90, 0x6885, 0x6884, 0x8B0B, 0x70C5, 0x7085, 0x7085, 0x70A5, 0x70A5,
    0x78A5, 0x78A5, 0x78A5, 0x78A5, 0x78A5, 0x80A6, 0x80A6, 0x80A6, 0x80A6, 0x80A6, 0x88A6, 0x88C6, 0x88C6, 0x88C6, 0x88C6, 0x88C6,
    0x88C6, 0x90C6, 0x90C6, 0x90C6, 0x90C6, 0x90C6, 0x90C6, 0x90C6, 0x90C7, 0x98C7, 0x98E7, 0x98E7, 0x98E7, 0x98E7, 0x98E7, 0x98E7,
    0x98E7, 0x98E7, 0x98E7, 0x98E7, 0x98E7, 0x98E7, 0x98E7, 0x98E7, 0x98E7, 0x98E7, 0x98E7, 0x98E7, 0x98E7, 0x98E7, 0x98E7, 0x98E7,
    0x98C7, 0x98C7, 0x98C7, 0x98C7, 0x98C7, 0x98C7, 0x98C7, 0x98C7, 0x98C7, 0x98C7, 0x90C7, 0x90C7, 0x90C7, 0x90C6, 0x90C6, 0x90C6,
    0x90C6, 0x90C6, 0x90C6, 0x90C6, 0x90C6, 0x90C6, 0x90C6, 0x90C6, 0x90C6, 0x90C6, 0x88C6, 0x88C6, 0x88C6, 0x88C6, 0x88A6, 0x88A6,
    0x88A6, 0x88A6, 0x88A6, 0x88A6, 0x88A6, 0x88A6, 0x80A6, 0x80A6, 0x80A6, 0x80A6, 0x80A6, 0x80A6, 0x80A6, 0x80A6, 0x80A6, 0x78A6,
    0x7886, 0x7886, 0x7886, 0x7886, 0x7886, 0x7886, 0x7886, 0x7886, 0x7886, 0x7886, 0x7886, 0x7886, 0x7886, 0x7886, 0x7886, 0x7886,
    0x7886, 0x7886, 0x7886, 0x7886, 0x7886, 0x7886, 0x7886, 0x7886, 0x7886, 0x7886, 0x7886, 0x7886, 0x7886, 0x7886, 0x7886, 0x7886,
    0x7886, 0x7886, 0x7886, 0x7886, 0x7886, 0x7886, 0x7886, 0x7886, 0x7886, 0x7886, 0x7886, 0x7886, 0x7886, 0x7886, 0x7886, 0x7886,
    0x7886, 0x7886, 0x7886, 0x7886, 0x7885, 0x7885, 0x7885, 0x7885, 0x7885, 0x7885, 0x7885, 0x7885, 0x7085, 0x7085, 0x7085, 0x7085,
    0x7085, 0x7085, 0x7085, 0x7085, 0x7085, 0x7085, 0x7085, 0x6885, 0x6885, 0x6885, 0x6885, 0x6885, 0x6885, 0x6885, 0x6885, 0x6085,
    0x6084, 0x6064, 0x6064, 0x6084, 0x6064, 0x82EB, 0x60C5, 0x5823, 0x9BCE, 0xC614, 0x82AA, 0x5003, 0x5884, 0x5043, 0x61E8, 0x50C5,
    0x5043, 0x5063, 0x4863, 0x4863, 0x4863, 0x4843, 0x4843, 0x4843, 0x4043, 0x4043, 0x4043, 0x4043, 0x4043, 0x4043, 0x4043, 0x4043,
    0x4043, 0x4043, 0x4043, 0x4043, 0x4043, 0x4043, 0x4043, 0x4043, 0x4843, 0x4863, 0x4863, 0x4863, 0x5063, 0x5063, 0x5064, 0x5084,
    0x5823, 0x61C7, 0x6146, 0x5844, 0x6084, 0x60A4, 0xACB0, 0xC5D3, 0x81E8, 0x6003, 0x8229, 0x8209, 0x6844, 0x70A5, 0x7085, 0x70A5,
    0x70A5, 0x78A5, 0x78A5, 0x78A5, 0x78A5, 0x78A5, 0x80A6, 0x80A6, 0x80A6, 0x80A6, 0x80A6, 0x80C6, 0x88C6, 0x88C6, 0x88C6, 0x88C6,
    0x88C6, 0x88C6, 0x90C6, 0x90C6, 0x90C6, 0x90C6, 0x90C6, 0x90C6, 0x90C6, 0x90C6, 0x90C7, 0x90C7, 0x98C7, 0x98C7, 0x98C7, 0x98C7,
    0x98C7, 0x98C7, 0x98C7, 0x98C7, 0x98C7, 0x98C7, 0x98C7, 0x98C7, 0x98C7, 0x98C7, 0x98C7, 0x98C7, 0x98C7, 0x98C7, 0x98C7, 0x98C7,
    0x98C7, 0x98C7, 0x98C7, 0x98C7, 0x90C7, 0x90C7, 0x90C7, 0x90C7, 0x90C7, 0x90C6, 0x90C6, 0x90C6, 0x90C6, 0x90C6, 0x90C6, 0x90C6,
    0x90C6, 0x90C6, 0x90C6, 0x90C6, 0x90C6, 0x90C6, 0x90C6, 0x90C6, 0x88C6, 0x88C6, 0x88C6, 0x88C6, 0x88A6, 0x88A6, 0x88A6, 0x88A6,
    0x88A6, 0x88A6, 0x88A6, 0x88A6, 0x80A6, 0x80A6, 0x80A6, 0x80A6, 0x80A6, 0x80A6, 0x80A6, 0x80A6, 0x80A6, 0x80A6, 0x7886, 0x7886,
    0x7886, 0x7886, 0x7886, 0x7886, 0x7886, 0x7886, 0x7886, 0x7886, 0x7886, 0x7886, 0x7886, 0x7886, 0x7886, 0x7886, 0x7886, 0x7886,
    0x7886, 0x7886, 0x7886, 0x7886, 0x7886, 0x7886, 0x7886, 0x7886, 0x7886, 0x7886, 0x7886, 0x7886, 0x7886, 0x7886, 0x7886, 0x7886,
    0x7886, 0x7886, 0x7886, 0x7886, 0x7886, 0x7886, 0x7886, 0x7886, 0x7886, 0x7886, 0x7886, 0x7886, 0x7886, 0x7886, 0x7886, 0x7886,
    0x7886, 0x7886, 0x7886, 0x7885, 0x7885, 0x7885, 0x7885, 0x7885, 0x7885, 0x7885, 0x7885, 0x7885, 0x7085, 0x7085, 0x7085, 0x7085,
    0x7085, 0x7085, 0x7085, 0x7085, 0x7085, 0x7085, 0x7085, 0x6885, 0x6885, 0x6885, 0x6885, 0x6885, 0x6885, 0x6885, 0x6885, 0x6085,
    0x6064, 0x6064, 0x6084, 0x5824, 0x7187, 0x828A, 0x5003, 0x6926, 0xBD72, 0xBD32, 0x6106, 0x5043, 0x5044, 0x58C5, 0x61E8, 0x5023,
    0x5064, 0x5063, 0x4863, 0x4863, 0x4863, 0x4843, 0x4843, 0x4843, 0x4043, 0x4043, 0x4043, 0x4043, 0x4043, 0x4043, 0x4043, 0x4043,
    0x4043, 0x4043, 0x4043, 0x4043, 0x4043, 0x4043, 0x4043, 0x4043, 0x4843, 0x4843, 0x4863, 0x4863, 0x5063, 0x5063, 0x5063, 0x5064,
    0x5043, 0x58E5, 0x61E8, 0x5844, 0x6084, 0x5823, 0x8ACB, 0xC614, 0xA3CE, 0x6023, 0x68E5, 0x8B0B, 0x6885, 0x7085, 0x7085, 0x7085,
    0x70A5, 0x70A5, 0x78A5, 0x78A5, 0x78A5, 0x78A5, 0x78A5, 0x80A5, 0x80A6, 0x80A6, 0x80A6, 0x80A6, 0x80C6, 0x88C6, 0x88C6, 0x88C6,
    0x88C6, 0x88C6, 0x88C6, 0x88C6, 0x90C6, 0x90C6, 0x90C6, 0x90C6, 0x90C6, 0x90C6, 0x90C6, 0x90C6, 0x90C6, 0x90C6, 0x90C7, 0x90C7,
    0x90C7, 0x98C7, 0x98C7, 0x98C7, 0x98C7, 0x98C7, 0x98C7, 0x98C7, 0x98C7, 0x98C7, 0x98C7, 0x98C7, 0x98C7, 0x98C7, 0x90C7, 0x90C7,
    0x90C7, 0x90C7, 0x90C7, 0x90C7, 0x90C6, 0x90C6, 0x90C6, 0x90C6, 0x90C6, 0x90C6, 0x90C6, 0x90C6, 0x90C6, 0x90C6, 0x90C6, 0x90C6,
    0x90C6, 0x90C6, 0x90C6, 0x90C6, 0x90C6, 0x88C6, 0x88C6, 0x88C6, 0x88C6, 0x88A6, 0x88A6, 0x88A6, 0x88A6, 0x88A6, 0x88A6, 0x88A6,
    0x88A6, 0x88A6, 0x80A6, 0x80A6, 0x80A6, 0x80A6, 0x80A6, 0x80A6, 0x80A6, 0x80A6, 0x80A6, 0x80A6, 0x7886, 0x7886, 0x7886, 0x7886,
    0x7886, 0x7886, 0x7886, 0x7886, 0x7886, 0x7886, 0x7886, 0x7886, 0x7886, 0x7886, 0x7886, 0x7886, 0x7886, 0x7886, 0x7886, 0x7886,
    0x7886, 0x7886, 0x7886, 0x7886, 0x7886, 0x7886, 0x7886, 0x7886, 0x7886, 0x7886, 0x7886, 0x7886, 0x7886, 0x7886, 0x7886, 0x7886,
    0x7886, 0x7886, 0x7886, 0x7886, 0x7886, 0x7886, 0x7886, 0x7886, 0x7886, 0x7886, 0x7886, 0x7886, 0x7886, 0x7886, 0x7886, 0x7886,
    0x7886, 0x7886, 0x7886, 0x7885, 0x7885, 0x7885, 0x7885, 0x7885, 0x7885, 0x7885, 0x7885, 0x7885, 0x7085, 0x7085, 0x7085, 0x7085,
    0x7085, 0x7085, 0x7085, 0x7085, 0x7085, 0x7085, 0x6885, 0x6885, 0x6885, 0x6885, 0x6885, 0x6885, 0x6885, 0x6885, 0x6085, 0x6084,
    0x6064, 0x6064, 0x6084, 0x5824, 0x82CB, 0x6946, 0x5003, 0x930C, 0xCE14, 0x938D, 0x5023, 0x5884, 0x5023, 0x61A7, 0x5946, 0x5023,
    0x5064, 0x5063, 0x4863, 0x4863, 0x4843, 0x4843, 0x4843, 0x4043, 0x4043, 0x4043, 0x4043, 0x4043, 0x4043, 0x4043, 0x4043, 0x4043,
    0x4043, 0x4043, 0x4043, 0x4043, 0x4043, 0x4043, 0x4043, 0x4043, 0x4043, 0x4843, 0x4843, 0x4843, 0x4863, 0x5063, 0x5063, 0x5063,
    0x5064, 0x5043, 0x6208, 0x58C5, 0x5864, 0x5864, 0x6906, 0xB532, 0xBD72, 0x7167, 0x6003, 0x826A, 0x79A8, 0x6844, 0x70A5, 0x7085,
    0x70A5, 0x70A5, 0x70A5, 0x78A5, 0x78A5, 0x78A5, 0x78A5, 0x78A5, 0x78A5, 0x80A6, 0x80A6, 0x80A6, 0x80A6, 0x80A6, 0x80A6, 0x88C6,
    0x88C6, 0x88C6, 0x88C6, 0x88C6, 0x88C6, 0x88C6, 0x90C6, 0x90C6, 0x90C6, 0x90C6, 0x90C6, 0x90C6, 0x90C6, 0x90C6, 0x90C6, 0x90C7,
    0x90C7, 0x90C7, 0x90C7, 0x90C7, 0x90C7, 0x90C7, 0x90C7, 0x90C7, 0x90C7, 0x90C7, 0x90C7, 0x90C7, 0x90C7, 0x90C6, 0x90C6, 0x90C6,
    0x90C6, 0x90C6, 0x90C6, 0x90C6, 0x90C6, 0x90C6, 0x90C6, 0x90C6, 0x90C6, 0x90C6, 0x90C6, 0x90C6, 0x90C6, 0x90C6, 0x90C6, 0x90C6,
    0x90C6, 0x90C6, 0x88C6, 0x88C6, 0x88C6, 0x88C6, 0x88C6, 0x88A6, 0x88A6, 0x88A6, 0x88A6, 0x88A6, 0x88A6, 0x88A6, 0x88A6, 0x88A6,
    0x80A6, 0x80A6, 0x80A6, 0x80A6, 0x80A6, 0x80A6, 0x80A6, 0x80A6, 0x80A6, 0x80A6, 0x8086, 0x7886, 0x7886, 0x7886, 0x7886, 0x7886,
    0x7886, 0x7886, 0x7886, 0x7886, 0x7886, 0x7886, 0x7886, 0x7886, 0x7886, 0x7886, 0x7886, 0x7886, 0x7886, 0x7886, 0x7886, 0x7886,
    0x7886, 0x7886, 0x7886, 0x7886, 0x7886, 0x7886, 0x7886, 0x7886, 0x7886, 0x7886, 0x7886, 0x7886, 0x7886, 0x7886, 0x7886, 0x7886,
    0x7886, 0x7886, 0x7886, 0x7886, 0x7886, 0x7886, 0x7886, 0x7886, 0x7886, 0x7886, 0x7886, 0x7886, 0x7886, 0x7886, 0x7886, 0x7886,
    0x7886, 0x7886, 0x7885, 0x7885, 0x7885, 0x7885, 0x7885, 0x7885, 0x7885, 0x7885, 0x7885, 0x7085, 0x7085, 0x7085, 0x7085, 0x7085,
    0x7085, 0x7085, 0x7085, 0x7085, 0x7085, 0x7085, 0x6885, 0x6885, 0x6885, 0x6885, 0x6885, 0x6885, 0x6885, 0x6885, 0x6085, 0x6064,
    0x6064, 0x6084, 0x6044, 0x6926, 0x82CA, 0x5823, 0x60C5, 0xB511, 0xC5B3, 0x6987, 0x5023, 0x5864, 0x5084, 0x6208, 0x5064, 0x5063,
    0x5063, 0x4863, 0x4863, 0x4863, 0x4843, 0x4843, 0x4843, 0x4043, 0x4043, 0x4043, 0x4043, 0x4043, 0x4043, 0x4043, 0x4043, 0x4043,
    0x4043, 0x4043, 0x4043, 0x4043, 0x4043, 0x4043, 0x4043, 0x4043, 0x4043, 0x4043, 0x4843, 0x4843, 0x4843, 0x4863, 0x5063, 0x5063,
    0x5064, 0x5023, 0x5946, 0x61A7, 0x5843, 0x5884, 0x5823, 0x936C, 0xCE14, 0x9B4C, 0x5803, 0x7106, 0x8B0B, 0x6864, 0x6885, 0x7085,
    0x7085, 0x7085, 0x7085, 0x70A5, 0x70A5, 0x78A5, 0x78A5, 0x78A5, 0x78A5, 0x78A6, 0x80A6, 0x80A6, 0x80A6, 0x80A6, 0x80A6, 0x80A6,
    0x88A6, 0x88A6, 0x88A6, 0x88C6, 0x88C6, 0x88C6, 0x88C6, 0x88C6, 0x88C6, 0x90C6, 0x90C6, 0x90C6, 0x90C6, 0x90C6, 0x90C6, 0x90C6,
    0x90C6, 0x90C6, 0x90C6, 0x90C6, 0x90C6, 0x90C6, 0x90C6, 0x90C6, 0x90C6, 0x90C6, 0x90C6, 0x90C6, 0x90C6, 0x90C6, 0x90C6, 0x90C6,
    0x90C6, 0x90C6, 0x90C6, 0x90C6, 0x90C6, 0x90C6, 0x90C6, 0x90C6, 0x90C6, 0x90C6, 0x90C6, 0x90C6, 0x90C6, 0x90C6, 0x88C6, 0x88C6,
    0x88C6, 0x88C6, 0x88C6, 0x88C6, 0x88A6, 0x88A6, 0x88A6, 0x88A6, 0x88A6, 0x88A6, 0x88A6, 0x88A6, 0x88A6, 0x88A6, 0x80A6, 0x80A6,
    0x80A6, 0x80A6, 0x80A6, 0x80A6, 0x80A6, 0x80A6, 0x80A6, 0x80A6, 0x7886, 0x7886, 0x7886, 0x7886, 0x7886, 0x7886, 0x7886, 0x7886,
    0x7886, 0x7886, 0x7886, 0x7886, 0x7886, 0x7886, 0x7886, 0x7886, 0x7886, 0x7886, 0x7886, 0x7886, 0x7886, 0x7886, 0x7886, 0x7886,
    0x7886, 0x7886, 0x7886, 0x7886, 0x7886, 0x7886, 0x7886, 0x7886, 0x7886, 0x7886, 0x7886, 0x7886, 0x7886, 0x7886, 0x7886, 0x7886,
    0x7886, 0x7886, 0x7886, 0x7886, 0x7886, 0x7886, 0x7886, 0x7886, 0x7886, 0x7886, 0x7886, 0x7886, 0x7886, 0x7886, 0x7886, 0x7886,
    0x7886, 0x7885, 0x7885, 0x7885, 0x7885, 0x7885, 0x7885, 0x7885, 0x7885, 0x7885, 0x7885, 0x7085, 0x7085, 0x7085, 0x7085, 0x7085,
    0x7085, 0x7085, 0x7085, 0x7085, 0x7085, 0x6885, 0x6885, 0x6885, 0x6885, 0x6885, 0x6885, 0x6885, 0x6885, 0x6085, 0x6084, 0x6064,
    0x6064, 0x6084, 0x5823, 0x82AA, 0x7187, 0x5002, 0x828A, 0xCDF4, 0xA40E, 0x5043, 0x5864, 0x5023, 0x5966, 0x5987, 0x5023, 0x5064,
    0x5063, 0x4863, 0x4863, 0x4843, 0x4843, 0x4843, 0x4843, 0x4043, 0x4043, 0x4043, 0x4043, 0x4043, 0x4043, 0x4043, 0x4043, 0x4043,
    0x4043, 0x4043, 0x4043, 0x4043, 0x4043, 0x4043, 0x4043, 0x4043, 0x4043, 0x4043, 0x4843, 0x4843, 0x4843, 0x4863, 0x4863, 0x5063,
    0x5063, 0x5064, 0x5064, 0x6208, 0x5884, 0x5864, 0x5843, 0x7167, 0xBD92, 0xBD52, 0x6906, 0x6003, 0x82AA, 0x79A8, 0x6844, 0x6885,
    0x6885, 0x7085, 0x7085, 0x7085, 0x7085, 0x7085, 0x78A5, 0x78A5, 0x78A5, 0x78A5, 0x78A5, 0x78A5, 0x80A5, 0x80A6, 0x80A6, 0x80A6,
    0x80A6, 0x80A6, 0x88A6, 0x88A6, 0x88C6, 0x88C6, 0x88C6, 0x88C6, 0x88C6, 0x88C6, 0x88C6, 0x90C6, 0x90C6, 0x90C6, 0x90C6, 0x90C6,
    0x90C6, 0x90C6, 0x90C6, 0x90C6, 0x90C6, 0x90C6, 0x90C6, 0x90C6, 0x90C6, 0x90C6, 0x90C6, 0x90C6, 0x90C6, 0x90C6, 0x90C6, 0x90C6,
    0x90C6, 0x90C6, 0x90C6, 0x90C6, 0x90C6, 0x90C6, 0x90C6, 0x90C6, 0x90C6, 0x90C6, 0x88C6, 0x88C6, 0x88C6, 0x88C6, 0x88C6, 0x88C6,
    0x88C6, 0x88A6, 0x88A6, 0x88A6, 0x88A6, 0x88A6, 0x88A6, 0x88A6, 0x88A6, 0x88A6, 0x80A6, 0x80A6, 0x80A6, 0x80A6, 0x80A6, 0x80A6,
    0x80A6, 0x80A6, 0x80A6, 0x80A6, 0x80A6, 0x80A6, 0x80A6, 0x7886, 0x7886, 0x7886, 0x7886, 0x7886, 0x7886, 0x7886, 0x7886, 0x7886,
    0x7886, 0x7886, 0x7886, 0x7886, 0x7886, 0x7886, 0x7886, 0x7886, 0x7886, 0x7886, 0x7886, 0x7886, 0x7886, 0x7886, 0x7886, 0x7886,
    0x7886, 0x7886, 0x7886, 0x7886, 0x7886, 0x7886, 0x7886, 0x7886, 0x7886, 0x7886, 0x7886, 0x7886, 0x7886, 0x7886, 0x7886, 0x7886,
    0x7886, 0x7886, 0x7886, 0x7886, 0x7886, 0x7886, 0x7886, 0x7886, 0x7886, 0x7886, 0x7886, 0x7886, 0x7886, 0x7886, 0x7886, 0x7886,
    0x7885, 0x7885, 0x7885, 0x7885, 0x7885, 0x7885, 0x7885, 0x7885, 0x7885, 0x7885, 0x7085, 0x7085, 0x7085, 0x7085, 0x7085, 0x7085,
    0x7085, 0x7085, 0x7085, 0x7085, 0x6885, 0x6885, 0x6885, 0x6885, 0x6885, 0x6885, 0x6885, 0x6885, 0x6885, 0x6085, 0x6064, 0x6064,
    0x6084, 0x6044, 0x6926, 0x82EB, 0x5823, 0x6084, 0xB4B0, 0xC5D3, 0x7A08, 0x5003, 0x5884, 0x5043, 0x6208, 0x50A4, 0x5043, 0x5063,
    0x4863, 0x4863, 0x4863, 0x4843, 0x4843, 0x4843, 0x4043, 0x4043, 0x4043, 0x4043, 0x4043, 0x4043, 0x4043, 0x4043, 0x4043, 0x4043,
    0x4043, 0x4043, 0x4043, 0x4043, 0x4043, 0x4043, 0x4043, 0x4043, 0x4043, 0x4043, 0x4043, 0x4843, 0x4843, 0x4843, 0x4863, 0x4863,
    0x5063, 0x5064, 0x5023, 0x6186, 0x6186, 0x5823, 0x5884, 0x5823, 0x9BAD, 0xCE14, 0x92EB, 0x5803, 0x6906, 0x8B0B, 0x6864, 0x6885,
    0x6885, 0x6885, 0x7085, 0x7085, 0x7085, 0x7085, 0x70A5, 0x78A5, 0x78A5, 0x78A5, 0x78A5, 0x78A5, 0x78A5, 0x80A6, 0x80A6, 0x80A6,
    0x80A6, 0x80A6, 0x80A6, 0x80A6, 0x80C6, 0x88A6, 0x88A6, 0x88A6, 0x88C6, 0x88C6, 0x88C6, 0x88C6, 0x88C6, 0x88C6, 0x88C6, 0x88C6,
    0x88C6, 0x90C6, 0x90C6, 0x90C6, 0x90C6, 0x90C6, 0x90C6, 0x90C6, 0x90C6, 0x90C6, 0x90C6, 0x90C6, 0x90C6, 0x90C6, 0x90C6, 0x90C6,
    0x90C6, 0x90C6, 0x90C6, 0x88C6, 0x88C6, 0x88C6, 0x88C6, 0x88C6, 0x88C6, 0x88C6, 0x88C6, 0x88A6, 0x88A6, 0x88A6, 0x88A6, 0x88A6,
    0x88A6, 0x88A6, 0x88A6, 0x88A6, 0x88A6, 0x88A6, 0x88A6, 0x88A6, 0x80A6, 0x80A6, 0x80A6, 0x80A6, 0x80A6, 0x80A6, 0x80A6, 0x80A6,
    0x80A6, 0x80A6, 0x80A6, 0x80A6, 0x8086, 0x7886, 0x7886, 0x7886, 0x7886, 0x7886, 0x7886, 0x7886, 0x7886, 0x7886, 0x7886, 0x7886,
    0x7886, 0x7886, 0x7886, 0x7886, 0x7886, 0x7886, 0x7886, 0x7886, 0x7886, 0x7886, 0x7886, 0x7886, 0x7886, 0x7886, 0x7886, 0x7886,
    0x7886, 0x7886, 0x7886, 0x7886, 0x7886, 0x7886, 0x7886, 0x7886, 0x7886, 0x7886, 0x7886, 0x7886, 0x7886, 0x7886, 0x7886, 0x7886,
    0x7886, 0x7886, 0x7886, 0x7886, 0x7886, 0x7886, 0x7886, 0x7886, 0x7886, 0x7886, 0x7886, 0x7886, 0x7886, 0x7886, 0x7886, 0x7885,
    0x7885, 0x7885, 0x7885, 0x7885, 0x7885, 0x7885, 0x7885, 0x7885, 0x7885, 0x7085, 0x7085, 0x7085, 0x7085, 0x7085, 0x7085, 0x7085,
    0x7085, 0x7085, 0x7085, 0x7085, 0x6885, 0x6885, 0x6885, 0x6885, 0x6885, 0x6885, 0x6885, 0x6885, 0x6085, 0x6084, 0x6064, 0x6064,
    0x6084, 0x5823, 0x82AA, 0x7187, 0x5003, 0x7A29, 0xC5F4, 0xA44F, 0x5864, 0x5864, 0x5043, 0x5925, 0x61C7, 0x5023, 0x5064, 0x5063,
    0x4863, 0x4863, 0x4843, 0x4843, 0x4843, 0x4843, 0x4043, 0x4043, 0x4043, 0x4043, 0x4043, 0x4043, 0x4043, 0x4043, 0x4043, 0x4043,
    0x4043, 0x4043, 0x4043, 0x4043, 0x4043, 0x4043, 0x4043, 0x4043, 0x4043, 0x4043, 0x4043, 0x4843, 0x4843, 0x4843, 0x4863, 0x4863,
    0x4863, 0x5063, 0x5043, 0x5084, 0x6208, 0x5864, 0x5884, 0x5823, 0x7187, 0xBD93, 0xB511, 0x68E5, 0x5803, 0x82AA, 0x79A8, 0x6044,
    0x6885, 0x6885, 0x6885, 0x7085, 0x7085, 0x7085, 0x7085, 0x70A5, 0x70A5, 0x78A5, 0x78A5, 0x78A5, 0x78A5, 0x78A5, 0x78A6, 0x80A6,
    0x80A6, 0x80A6, 0x80A6, 0x80A6, 0x80A6, 0x80A6, 0x80A6, 0x88A6, 0x88A6, 0x88A6, 0x88A6, 0x88A6, 0x88A6, 0x88A6, 0x88C6, 0x88C6,
    0x88C6, 0x88C6, 0x88C6, 0x88C6, 0x88C6, 0x90C6, 0x90C6, 0x90C6, 0x90C6, 0x88C6, 0x88C6, 0x88C6, 0x88C6, 0x88C6, 0x88C6, 0x88C6,
    0x88C6, 0x88C6, 0x88C6, 0x88C6, 0x88C6, 0x88C6, 0x88A6, 0x88A6, 0x88A6, 0x88A6, 0x88A6, 0x88A6, 0x88A6, 0x88A6, 0x88A6, 0x88A6,
    0x88A6, 0x88A6, 0x88A6, 0x88A6, 0x80A6, 0x80A6, 0x80A6, 0x80A6, 0x80A6, 0x80A6, 0x80A6, 0x80A6, 0x80A6, 0x80A6, 0x80A6, 0x80A6,
    0x80A6, 0x8086, 0x7886, 0x7886, 0x7886, 0x7886, 0x7886, 0x7886, 0x7886, 0x7886, 0x7886, 0x7886, 0x7886, 0x7886, 0x7886, 0x7886,
    0x7886, 0x7886, 0x7886, 0x7886, 0x7886, 0x7886, 0x7886, 0x7886, 0x7886, 0x7886, 0x7886, 0x7886, 0x7886, 0x7886, 0x7886, 0x7886,
    0x7886, 0x7886, 0x7886, 0x7886, 0x7886, 0x7886, 0x7886, 0x7886, 0x7886, 0x7886, 0x7886, 0x7886, 0x7886, 0x7886, 0x7886, 0x7886,
    0x7886, 0x7886, 0x7886, 0x7886, 0x7886, 0x7886, 0x7886, 0x7886, 0x7886, 0x7886, 0x7886, 0x7886, 0x7886, 0x7886, 0x7885, 0x7885,
    0x7885, 0x7885, 0x7885, 0x7885, 0x7885, 0x7885, 0x7885, 0x7885, 0x7085, 0x7085, 0x7085, 0x7085, 0x7085, 0x7085, 0x7085, 0x7085,
    0x7085, 0x7085, 0x7085, 0x6885, 0x6885, 0x6885, 0x6885, 0x6885, 0x6885, 0x6885, 0x6885, 0x6085, 0x6084, 0x6064, 0x6064, 0x6084,
    0x6044, 0x6906, 0x82EB, 0x5844, 0x5864, 0xAC6F, 0xC5F4, 0x7A29, 0x5003, 0x5884, 0x5043, 0x61E7, 0x50C5, 0x5043, 0x5063, 0x4863,
    0x4863, 0x4863, 0x4843, 0x4843, 0x4843, 0x4043, 0x4043, 0x4043, 0x4043, 0x4043, 0x4043, 0x4043, 0x4043, 0x4043, 0x4043, 0x4043,
    0x4043, 0x4043, 0x4043, 0x4043, 0x4043, 0x4043, 0x4043, 0x4043, 0x4043, 0x4043, 0x4043, 0x4843, 0x4843, 0x4843, 0x4843, 0x4863,
    0x4863, 0x5063, 0x5064, 0x5023, 0x61A7, 0x5946, 0x5023, 0x5884, 0x5844, 0xA40E, 0xCE14, 0x8AEB, 0x5803, 0x6906, 0x8B0B, 0x6044,
    0x6885, 0x6885, 0x6885, 0x6885, 0x6885, 0x7085, 0x7085, 0x7085, 0x7085, 0x7085, 0x7885, 0x78A5, 0x78A5, 0x78A5, 0x78A5, 0x78A5,
    0x78A5, 0x80A6, 0x80A6, 0x80A6, 0x80A6, 0x80A6, 0x80A6, 0x80A6, 0x80A6, 0x80A6, 0x88A6, 0x88A6, 0x88A6, 0x88A6, 0x88A6, 0x88C6,
    0x88C6, 0x88C6, 0x88C6, 0x88C6, 0x88C6, 0x88C6, 0x88C6, 0x88C6, 0x88C6, 0x88C6, 0x88C6, 0x88C6, 0x88C6, 0x88C6, 0x88C6, 0x88C6,
    0x88A6, 0x88A6, 0x88A6, 0x88A6, 0x88A6, 0x88A6, 0x88A6, 0x88A6, 0x88A6, 0x88A6, 0x88A6, 0x88A6, 0x88A6, 0x88A6, 0x88A6, 0x88A6,
    0x88A6, 0x80A6, 0x80A6, 0x80A6, 0x80A6, 0x80A6, 0x80A6, 0x80A6, 0x80A6, 0x80A6, 0x80A6, 0x80A6, 0x80A6, 0x80A6, 0x80A6, 0x80A6,
    0x7886, 0x7886, 0x7886, 0x7886, 0x7886, 0x7886, 0x7886, 0x7886, 0x7886, 0x7886, 0x7886, 0x7886, 0x7886, 0x7886, 0x7886, 0x7886,
    0x7886, 0x7886, 0x7886, 0x7886, 0x7886, 0x7886, 0x7886, 0x7886, 0x7886, 0x7886, 0x7886, 0x7886, 0x7886, 0x7886, 0x7886, 0x7886,
    0x7886, 0x7886, 0x7886, 0x7886, 0x7886, 0x7886, 0x7886, 0x7886, 0x7886, 0x7886, 0x7886, 0x7886, 0x7886, 0x7886, 0x7886, 0x7886,
    0x7886, 0x7886, 0x7886, 0x7886, 0x7886, 0x7886, 0x7886, 0x7886, 0x7886, 0x7886, 0x7886, 0x7886, 0x7886, 0x7885, 0x7885, 0x7885,
    0x7885, 0x7885, 0x7885, 0x7885, 0x7885, 0x7885, 0x7885, 0x7085, 0x7085, 0x7085, 0x7085, 0x7085, 0x7085, 0x7085, 0x7085, 0x7085,
    0x7085, 0x7085, 0x6885, 0x6885, 0x6885, 0x6885, 0x6885, 0x6885, 0x6885, 0x6885, 0x6885, 0x6085, 0x6064, 0x6064, 0x6064, 0x6085,
    0x5823, 0x82AA, 0x7187, 0x5002, 0x7A29, 0xC5D3, 0xACB0, 0x5884, 0x5864, 0x5043, 0x58E5, 0x61E8, 0x5023, 0x5064, 0x5063, 0x4863,
    0x4863, 0x4863, 0x4843, 0x4843, 0x4843, 0x4043, 0x4043, 0x4043, 0x4043, 0x4043, 0x4043, 0x4043, 0x4043, 0x4043, 0x4043, 0x4043,
    0x4043, 0x4043, 0x4043, 0x4043, 0x4043, 0x4043, 0x4043, 0x4043, 0x4043, 0x4043, 0x4043, 0x4043, 0x4843, 0x4843, 0x4843, 0x4863,
    0x4863, 0x4863, 0x5063, 0x5043, 0x50A4, 0x6228, 0x5044, 0x5864, 0x5023, 0x7167, 0xBD92, 0xBD32, 0x6906, 0x5803, 0x826A, 0x79C8,
    0x6044, 0x6885, 0x6885, 0x6885, 0x6885, 0x6885, 0x7085, 0x7085, 0x7085, 0x7085, 0x7085, 0x7085, 0x7885, 0x78A5, 0x78A5, 0x78A5,
    0x78A5, 0x78A6, 0x78A6, 0x80A6, 0x80A6, 0x80A6, 0x80A6, 0x80A6, 0x80A6, 0x80A6, 0x80A6, 0x80A6, 0x88A6, 0x88A6, 0x88A6, 0x88A6,
    0x88A6, 0x88A6, 0x88A6, 0x88A6, 0x88A6, 0x88A6, 0x88A6, 0x88A6, 0x88A6, 0x88A6, 0x88A6, 0x88A6, 0x88A6, 0x88A6, 0x88A6, 0x88A6,
    0x88A6, 0x88A6, 0x88A6, 0x88A6, 0x88A6, 0x88A6, 0x88A6, 0x88A6, 0x88A6, 0x88A6, 0x88A6, 0x88A6, 0x88A6, 0x80A6, 0x80A6, 0x80A6,
    0x80A6, 0x80A6, 0x80A6, 0x80A6, 0x80A6, 0x80A6, 0x80A6, 0x80A6, 0x80A6, 0x80A6, 0x80A6, 0x80A6, 0x80A6, 0x8086, 0x7886, 0x7886,
    0x7886, 0x7886, 0x7886, 0x7886, 0x7886, 0x7886, 0x7886, 0x7886, 0x7886, 0x7886, 0x7886, 0x7886, 0x7886, 0x7886, 0x7886, 0x7886,
    0x7886, 0x7886, 0x7886, 0x7886, 0x7886, 0x7886, 0x7886, 0x7886, 0x7886, 0x7886, 0x7886, 0x7886, 0x7886, 0x7886, 0x7886, 0x7886,
    0x7886, 0x7886, 0x7886, 0x7886, 0x7886, 0x7886, 0x7886, 0x7886, 0x7886, 0x7886, 0x7886, 0x7886, 0x7886, 0x7886, 0x7886, 0x7886,
    0x7886, 0x7886, 0x7886, 0x7886, 0x7886, 0x7886, 0x7886, 0x7886, 0x7886, 0x7886, 0x7886, 0x7886, 0x7886, 0x7885, 0x7885, 0x7885,
    0x7885, 0x7885, 0x7885, 0x7885, 0x7885, 0x7885, 0x7885, 0x7085, 0x7085, 0x7085, 0x7085, 0x7085, 0x7085, 0x7085, 0x7085, 0x7085,
    0x7085, 0x7085, 0x6885, 0x6885, 0x6885, 0x6885, 0x6885, 0x6885, 0x6885, 0x6885, 0x6885, 0x6084, 0x6064, 0x6064, 0x6084, 0x6044,
    0x6946, 0x82CB, 0x5823, 0x6084, 0xACB0, 0xC5D3, 0x7A29, 0x5003, 0x5884, 0x5023, 0x6208, 0x58E5, 0x5043, 0x5063, 0x5063, 0x4863,
    0x4863, 0x4843, 0x4843, 0x4843, 0x4043, 0x4043, 0x4043, 0x4043, 0x4043, 0x4043, 0x4043, 0x4043, 0x4043, 0x4043, 0x4043, 0x4043,
    0x4043, 0x4043, 0x4043, 0x4043, 0x4043, 0x4043, 0x4043, 0x4043, 0x4043, 0x4043, 0x4043, 0x4043, 0x4843, 0x4843, 0x4843, 0x4863,
    0x4863, 0x4863, 0x5063, 0x5064, 0x5023, 0x61A7, 0x5946, 0x5023, 0x5884, 0x5023, 0x9BAD, 0xCE14, 0x934C, 0x5803, 0x68C5, 0x8B0B,
    0x6084, 0x6084, 0x6885, 0x6885, 0x6885, 0x6885, 0x6885, 0x7085, 0x7085, 0x7085, 0x7085, 0x7085, 0x7085, 0x7885, 0x78A5, 0x78A5,
    0x78A5, 0x78A5, 0x78A5, 0x78A5, 0x78A6, 0x80A6, 0x80A6, 0x80A6, 0x80A6, 0x80A6, 0x80A6, 0x80A6, 0x80A6, 0x80A6, 0x80A6, 0x88A6,
    0x88A6, 0x88A6, 0x88A6, 0x88A6, 0x88A6, 0x88A6, 0x88A6, 0x88A6, 0x88A6, 0x88A6, 0x88A6, 0x88A6, 0x88A6, 0x88A6, 0x88A6, 0x88A6,
    0x88A6, 0x88A6, 0x88A6, 0x88A6, 0x88A6, 0x88A6, 0x88A6, 0x88A6, 0x88A6, 0x80A6, 0x80A6, 0x80A6, 0x80A6, 0x80A6, 0x80A6, 0x80A6,
    0x80A6, 0x80A6, 0x80A6, 0x80A6, 0x80A6, 0x80A6, 0x80A6, 0x80A6, 0x80A6, 0x80A6, 0x8086, 0x7886, 0x7886, 0x7886, 0x7886, 0x7886,
    0x7886, 0x7886, 0x7886, 0x7886, 0x7886, 0x7886, 0x7886, 0x7886, 0x7886, 0x7886, 0x7886, 0x7886, 0x7886, 0x7886, 0x7886, 0x7886,
    0x7886, 0x7886, 0x7886, 0x7886, 0x7886, 0x7886, 0x7886, 0x7886, 0x7886, 0x7886, 0x7886, 0x7886, 0x7886, 0x7886, 0x7886, 0x7886,
    0x7886, 0x7886, 0x7886, 0x7886, 0x7886, 0x7886, 0x7886, 0x7886, 0x7886, 0x7886, 0x7886, 0x7886, 0x7886, 0x7886, 0x7886, 0x7886,
    0x7886, 0x7886, 0x7886, 0x7886, 0x7886, 0x7886, 0x7886, 0x7886, 0x7886, 0x7886, 0x7886, 0x7886, 0x7885, 0x7885, 0x7885, 0x7885,
    0x7885, 0x7885, 0x7885, 0x7885, 0x7885, 0x7885, 0x7085, 0x7085, 0x7085, 0x7085, 0x7085, 0x7085, 0x7085, 0x7085, 0x7085, 0x7085,
    0x7085, 0x6885, 0x6885, 0x6885, 0x6885, 0x6885, 0x6885, 0x6885, 0x6885, 0x6885, 0x6085, 0x6064, 0x6064, 0x6064, 0x6084, 0x5844,
    0x82EB, 0x6946, 0x5003, 0x828A, 0xCE14, 0xA46F, 0x5864, 0x5864, 0x5044, 0x58E5, 0x6208, 0x5023, 0x5064, 0x5063, 0x4863, 0x4863,
    0x4863, 0x4843, 0x4843, 0x4843, 0x4043, 0x4043, 0x4043, 0x4043, 0x4043, 0x4043, 0x4043, 0x4043, 0x4043, 0x4043, 0x4043, 0x4043,
    0x4043, 0x4043, 0x4043, 0x4043, 0x4043, 0x4043, 0x4043, 0x4043, 0x4043, 0x4043, 0x4043, 0x4043, 0x4043, 0x4843, 0x4843, 0x4843,
    0x4863, 0x4863, 0x5063, 0x5063, 0x5043, 0x50A4, 0x6228, 0x5044, 0x5864, 0x5023, 0x6966, 0xBD72, 0xBD72, 0x6946, 0x5803, 0x7A09,
    0x7A29, 0x6023, 0x6885, 0x6884, 0x6885, 0x6885, 0x6885, 0x6885, 0x6885, 0x7085, 0x7085, 0x7085, 0x7085, 0x7085, 0x7085, 0x78A5,
    0x78A5, 0x78A5, 0x78A5, 0x78A5, 0x78A5, 0x78A5, 0x78A6, 0x80A6, 0x80A6, 0x80A6, 0x80A6, 0x80A6, 0x80A6, 0x80A6, 0x80A6, 0x80A6,
    0x80A6, 0x80A6, 0x80A6, 0x88A6, 0x88A6, 0x88A6, 0x88A6, 0x88A6, 0x88A6, 0x88A6, 0x88A6, 0x88A6, 0x88A6, 0x88A6, 0x88A6, 0x88A6,
    0x88A6, 0x88A6, 0x88A6, 0x88A6, 0x80A6, 0x80A6, 0x80A6, 0x80A6, 0x80A6, 0x80A6, 0x80A6, 0x80A6, 0x80A6, 0x80A6, 0x80A6, 0x80A6,
    0x80A6, 0x80A6, 0x80A6, 0x80A6, 0x80A6, 0x80A6, 0x80A6, 0x80A6, 0x7886, 0x7886, 0x7886, 0x7886, 0x7886, 0x7886, 0x7886, 0x7886,
    0x7886, 0x7886, 0x7886, 0x7886, 0x7886, 0x7886, 0x7886, 0x7886, 0x7886, 0x7886, 0x7886, 0x7886, 0x7886, 0x7886, 0x7886, 0x7886,
    0x7886, 0x7886, 0x7886, 0x7886, 0x7886, 0x7886, 0x7886, 0x7886, 0x7886, 0x7886, 0x7886, 0x7886, 0x7886, 0x7886, 0x7886, 0x7886,
    0x7886, 0x7886, 0x7886, 0x7886, 0x7886, 0x7886, 0x7886, 0x7886, 0x7886, 0x7886, 0x7886, 0x7886, 0x7886, 0x7886, 0x7886, 0x7886,
    0x7886, 0x7886, 0x7886, 0x7886, 0x7886, 0x7886, 0x7886, 0x7886, 0x7886, 0x7886, 0x7886, 0x7885, 0x7885, 0x7885, 0x7885, 0x7885,
    0x7885, 0x7885, 0x7885, 0x7885, 0x7885, 0x7085, 0x7085, 0x7085, 0x7085, 0x7085, 0x7085, 0x7085, 0x7085, 0x7085, 0x7085, 0x7085,
    0x7085, 0x6885, 0x6885, 0x6885, 0x6885, 0x6885, 0x6885, 0x6885, 0x6885, 0x6885, 0x6084, 0x6064, 0x6064, 0x6084, 0x5824, 0x71A7,
    0x828A, 0x5803, 0x60C5, 0xB4F1, 0xC5B3, 0x7A08, 0x5023, 0x5884, 0x5023, 0x6208, 0x58E5, 0x5043, 0x5064, 0x5063, 0x4863, 0x4863,
    0x4863, 0x4843, 0x4843, 0x4043, 0x4043, 0x4043, 0x4043, 0x4043, 0x4043, 0x4043, 0x4043, 0x4043, 0x4043, 0x4043, 0x4043, 0x4043,
    0x4043, 0x4043, 0x4043, 0x4043, 0x4043, 0x4043, 0x4043, 0x4043, 0x4043, 0x4043, 0x4043, 0x4043, 0x4043, 0x4843, 0x4843, 0x4843,
    0x4863, 0x4863, 0x4863, 0x5063, 0x5064, 0x5023, 0x61A7, 0x5946, 0x5023, 0x5884, 0x5003, 0x934C, 0xCE14, 0x9BCE, 0x5823, 0x6064,
    0x8B0B, 0x68C5, 0x6064, 0x6084, 0x6884, 0x6885, 0x6885, 0x6885, 0x6885, 0x6885, 0x7085, 0x7085, 0x7085, 0x7085, 0x7085, 0x7085,
    0x7085, 0x7885, 0x7885, 0x7885, 0x7885, 0x78A5, 0x78A5, 0x78A6, 0x78A6, 0x80A6, 0x80A6, 0x80A6, 0x80A6, 0x80A6, 0x80A6, 0x80A6,
    0x80A6, 0x80A6, 0x80A6, 0x80A6, 0x80A6, 0x80A6, 0x80A6, 0x80A6, 0x80A6, 0x80A6, 0x80A6, 0x80A6, 0x80A6, 0x80A6, 0x80A6, 0x80A6,
    0x80A6, 0x80A6, 0x80A6, 0x80A6, 0x80A6, 0x80A6, 0x80A6, 0x80A6, 0x80A6, 0x80A6, 0x80A6, 0x80A6, 0x80A6, 0x80A6, 0x80A6, 0x80A6,
    0x80A6, 0x80A6, 0x80A6, 0x80A6, 0x80A6, 0x7886, 0x7886, 0x7886, 0x7886, 0x7886, 0x7886, 0x7886, 0x7886, 0x7886, 0x7886, 0x7886,
    0x7886, 0x7886, 0x7886, 0x7886, 0x7886, 0x7886, 0x7886, 0x7886, 0x7886, 0x7886, 0x7886, 0x7886, 0x7886, 0x7886, 0x7886, 0x7886,
    0x7886, 0x7886, 0x7886, 0x7886, 0x7886, 0x7886, 0x7886, 0x7886, 0x7886, 0x7886, 0x7886, 0x7886, 0x7886, 0x7886, 0x7886, 0x7886,
    0x7886, 0x7886, 0x7886, 0x7886, 0x7886, 0x7886, 0x7886, 0x7886, 0x7886, 0x7886, 0x7886, 0x7886, 0x7886, 0x7886, 0x7886, 0x7886,
    0x7886, 0x7886, 0x7886, 0x7886, 0x7886, 0x7886, 0x7886, 0x7886, 0x7886, 0x7886, 0x7885, 0x7885, 0x7885, 0x7885, 0x7885, 0x7885,
    0x7885, 0x7885, 0x7885, 0x7885, 0x7085, 0x7085, 0x7085, 0x7085, 0x7085, 0x7085, 0x7085, 0x7085, 0x7085, 0x7085, 0x7085, 0x7085,
    0x6885, 0x6885, 0x6885, 0x6885, 0x6885, 0x6885, 0x6885, 0x6885, 0x6885, 0x6085, 0x6084, 0x6064, 0x6064, 0x6064, 0x6064, 0x8B0B,
    0x60C5, 0x5003, 0x930C, 0xCE14, 0xA40E, 0x5023, 0x5884, 0x5043, 0x58E5, 0x61E7, 0x5023, 0x5064, 0x5063, 0x4863, 0x4863, 0x4863,
    0x4843, 0x4843, 0x4843, 0x4043, 0x4043, 0x4043, 0x4043, 0x4043, 0x4043, 0x4043, 0x4043, 0x4043, 0x4043, 0x4043, 0x4043, 0x4043,
    0x4043, 0x4043, 0x4043, 0x4043, 0x4043, 0x4043, 0x4043, 0x4043, 0x4043, 0x4043, 0x4043, 0x4043, 0x4043, 0x4043, 0x4843, 0x4843,
    0x4863, 0x4863, 0x4863, 0x5063, 0x5063, 0x5063, 0x5084, 0x6228, 0x5064, 0x5864, 0x5043, 0x60E5, 0xB511, 0xC5B3, 0x79C8, 0x5003,
    0x7187, 0x82CA, 0x5823, 0x6084, 0x6064, 0x6885, 0x6885, 0x6885, 0x6885, 0x6885, 0x6885, 0x6885, 0x7085, 0x7085, 0x7085, 0x7085,
    0x7085, 0x7085, 0x7085, 0x7885, 0x7885, 0x7885, 0x7885, 0x78A5, 0x78A5, 0x78A5, 0x78A5, 0x78A5, 0x78A6, 0x80A6, 0x80A6, 0x80A6,
    0x80A6, 0x80A6, 0x80A6, 0x80A6, 0x80A6, 0x80A6, 0x80A6, 0x80A6, 0x80A6, 0x80A6, 0x80A6, 0x80A6, 0x80A6, 0x80A6, 0x80A6, 0x80A6,
    0x80A6, 0x80A6, 0x80A6, 0x80A6, 0x80A6, 0x80A6, 0x80A6, 0x80A6, 0x80A6, 0x80A6, 0x80A6, 0x80A6, 0x80A6, 0x80A6, 0x80A6, 0x80A6,
    0x80A6, 0x80A6, 0x7886, 0x7886, 0x7886, 0x7886, 0x7886, 0x7886, 0x7886, 0x7886, 0x7886, 0x7886, 0x7886, 0x7886, 0x7886, 0x7886,
    0x7886, 0x7886, 0x7886, 0x7886, 0x7886, 0x7886, 0x7886, 0x7886, 0x7886, 0x7886, 0x7886, 0x7886, 0x7886, 0x7886, 0x7886, 0x7886,
    0x7886, 0x7886, 0x7886, 0x7886, 0x7886, 0x7886, 0x7886, 0x7886, 0x7886, 0x7886, 0x7886, 0x7886, 0x7886, 0x7886, 0x7886, 0x7886,
    0x7886, 0x7886, 0x7886, 0x7886, 0x7886, 0x7886, 0x7886, 0x7886, 0x7886, 0x7886, 0x7886, 0x7886, 0x7886, 0x7886, 0x7886, 0x7886,
    0x7886, 0x7886, 0x7886, 0x7886, 0x7886, 0x7886, 0x7886, 0x7886, 0x7886, 0x7885, 0x7885, 0x7885, 0x7885, 0x7885, 0x7885, 0x7885,
    0x7885, 0x7885, 0x7885, 0x7885, 0x7085, 0x7085, 0x7085, 0x7085, 0x7085, 0x7085, 0x7085, 0x7085, 0x7085, 0x7085, 0x7085, 0x6885,
    0x6885, 0x6885, 0x6885, 0x6885, 0x6885, 0x6885, 0x6885, 0x6885, 0x6085, 0x6084, 0x6064, 0x6064, 0x6084, 0x5823, 0x7A49, 0x7A09,
    0x5003, 0x6926, 0xBD52, 0xBD92, 0x6987, 0x5023, 0x5884, 0x5043, 0x6208, 0x50C5, 0x5043, 0x5063, 0x5063, 0x4863, 0x4863, 0x4863,
    0x4843, 0x4843, 0x4843, 0x4043, 0x4043, 0x4043, 0x4043, 0x4043, 0x4043, 0x4043, 0x4043, 0x4043, 0x4043, 0x4043, 0x4043, 0x4043,
    0x4043, 0x4043, 0x4043, 0x4043, 0x4043, 0x4043, 0x4043, 0x4043, 0x4043, 0x4043, 0x4043, 0x4043, 0x4043, 0x4043, 0x4843, 0x4843,
    0x4843, 0x4863, 0x4863, 0x4863, 0x5063, 0x5064, 0x5023, 0x5966, 0x6187, 0x5023, 0x5884, 0x5003, 0x82AA, 0xC5F4, 0xAC90, 0x5884,
    0x5823, 0x82CA, 0x6967, 0x5824, 0x6084, 0x6064, 0x6064, 0x6884, 0x6885, 0x6885, 0x6885, 0x6885, 0x6885, 0x6885, 0x7085, 0x7085,
    0x7085, 0x7085, 0x7085, 0x7085, 0x7085, 0x7885, 0x7885, 0x7885, 0x78A5, 0x78A5, 0x78A5, 0x78A5, 0x78A5, 0x78A6, 0x78A6, 0x78A6,
    0x80A6, 0x80A6, 0x80A6, 0x80A6, 0x80A6, 0x80A6, 0x80A6, 0x80A6, 0x80A6, 0x80A6, 0x80A6, 0x80A6, 0x80A6, 0x80A6, 0x80A6, 0x80A6,
    0x80A6, 0x80A6, 0x80A6, 0x80A6, 0x80A6, 0x80A6, 0x80A6, 0x80A6, 0x80A6, 0x80A6, 0x80A6, 0x8086, 0x8086, 0x7886, 0x7886, 0x7886,
    0x7886, 0x7886, 0x7886, 0x7886, 0x7886, 0x7886, 0x7886, 0x7886, 0x7886, 0x7886, 0x7886, 0x7886, 0x7886, 0x7886, 0x7886, 0x7886,
    0x7886, 0x7886, 0x7886, 0x7886, 0x7886, 0x7886, 0x7886, 0x7886, 0x7886, 0x7886, 0x7886, 0x7886, 0x7886, 0x7886, 0x7886, 0x7886,
    0x7886, 0x7886, 0x7886, 0x7886, 0x7886, 0x7886, 0x7886, 0x7886, 0x7886, 0x7886, 0x7886, 0x7886, 0x7886, 0x7886, 0x7886, 0x7886,
    0x7886, 0x7886, 0x7886, 0x7886, 0x7886, 0x7886, 0x7886, 0x7886, 0x7886, 0x7886, 0x7886, 0x7886, 0x7886, 0x7886, 0x7886, 0x7886,
    0x7886, 0x7886, 0x7886, 0x7886, 0x7886, 0x7886, 0x7886, 0x7885, 0x7885, 0x7885, 0x7885, 0x7885, 0x7885, 0x7885, 0x7885, 0x7885,
    0x7885, 0x7885, 0x7085, 0x7085, 0x7085, 0x7085, 0x7085, 0x7085, 0x7085, 0x7085, 0x7085, 0x7085, 0x7085, 0x7085, 0x6885, 0x6885,
    0x6885, 0x6885, 0x6885, 0x6885, 0x6885, 0x6885, 0x6885, 0x6085, 0x6084, 0x6064, 0x6064, 0x6084, 0x6044, 0x68E5, 0x830B, 0x5864,
    0x5823, 0xA3CE, 0xC614, 0x936C, 0x5023, 0x5884, 0x5023, 0x5926, 0x61C7, 0x5023, 0x5064, 0x5063, 0x4863, 0x4863, 0x4863, 0x4843,
    0x4843, 0x4843, 0x4043, 0x4043, 0x4043, 0x4043, 0x4043, 0x4043, 0x4043, 0x4043, 0x4043, 0x4043, 0x4043, 0x4043, 0x4043, 0x4043,
    0x4043, 0x4043, 0x4043, 0x4043, 0x4043, 0x4043, 0x4043, 0x4043, 0x4043, 0x4043, 0x4043, 0x4043, 0x4043, 0x4043, 0x4043, 0x4843,
    0x4843, 0x4843, 0x4863, 0x4863, 0x4863, 0x5063, 0x5064, 0x5064, 0x6228, 0x5884, 0x5064, 0x5864, 0x5864, 0xAC6F, 0xC5F4, 0x8AAB,
    0x5003, 0x60E5, 0x8B0B, 0x6064, 0x6064, 0x6064, 0x6064, 0x6064, 0x6085, 0x6885, 0x6885, 0x6885, 0x6885, 0x6885, 0x6885, 0x7085,
    0x7085, 0x7085, 0x7085, 0x7085, 0x7085, 0x7085, 0x7085, 0x7085, 0x7885, 0x7885, 0x7885, 0x7885, 0x7885, 0x7885, 0x7885, 0x7885,
    0x7885, 0x7885, 0x7885, 0x78A6, 0x78A6, 0x78A6, 0x80A6, 0x80A6, 0x80A6, 0x80A6, 0x80A6, 0x80A6, 0x80A6, 0x80A6, 0x80A6, 0x80A6,
    0x80A6, 0x80A6, 0x80A6, 0x80A6, 0x80A6, 0x80A6, 0x80A6, 0x8086, 0x7886, 0x7886, 0x7886, 0x7886, 0x7886, 0x7886, 0x7886, 0x7886,
    0x7886, 0x7886, 0x7886, 0x7886, 0x7886, 0x7886, 0x7886, 0x7886, 0x7886, 0x7886, 0x7886, 0x7886, 0x7886, 0x7886, 0x7886, 0x7886,
    0x7886, 0x7886, 0x7886, 0x7886, 0x7886, 0x7886, 0x7886, 0x7886, 0x7886, 0x7886, 0x7886, 0x7886, 0x7886, 0x7886, 0x7886, 0x7886,
    0x7886, 0x7886, 0x7886, 0x7886, 0x7886, 0x7886, 0x7886, 0x7886, 0x7886, 0x7886, 0x7886, 0x7886, 0x7886, 0x7886, 0x7886, 0x7886,
    0x7886, 0x7886, 0x7886, 0x7886, 0x7886, 0x7886, 0x7886, 0x7886, 0x7886, 0x7886, 0x7886, 0x7886, 0x7886, 0x7886, 0x7886, 0x7886,
    0x7886, 0x7886, 0x7886, 0x7886, 0x7886, 0x7886, 0x7885, 0x7885, 0x7885, 0x7885, 0x7885, 0x7885, 0x7885, 0x7885, 0x7885, 0x7885,
    0x7885, 0x7885, 0x7085, 0x7085, 0x7085, 0x7085, 0x7085, 0x7085, 0x7085, 0x7085, 0x7085, 0x7085, 0x7085, 0x6885, 0x6885, 0x6885,
    0x6885, 0x6885, 0x6885, 0x6885, 0x6885, 0x6885, 0x6885, 0x6085, 0x6064, 0x6064, 0x6064, 0x6084, 0x5824, 0x82EB, 0x6947, 0x5003,
    0x7A09, 0xC5D3, 0xB511, 0x60E5, 0x5043, 0x5864, 0x5064, 0x6228, 0x50A4, 0x5043, 0x5063, 0x4863, 0x4863, 0x4863, 0x4843, 0x4843,
    0x4843, 0x4043, 0x4043, 0x4043, 0x4043, 0x4043, 0x4043, 0x4043, 0x4043, 0x4043, 0x4043, 0x4043, 0x4043, 0x4043, 0x4043, 0x4043,
    0x4043, 0x4043, 0x4043, 0x4043, 0x4043, 0x4043, 0x4043, 0x4043, 0x4043, 0x4043, 0x4043, 0x4043, 0x4043, 0x4043, 0x4043, 0x4843,
    0x4843, 0x4843, 0x4863, 0x4863, 0x4863, 0x5063, 0x5064, 0x5023, 0x5925, 0x61E7, 0x5023, 0x5884, 0x5023, 0x71C8, 0xC5B3, 0xBD52,
    0x6926, 0x5003, 0x7A08, 0x7A6A, 0x5823, 0x6085, 0x6064, 0x6064, 0x6064, 0x6085, 0x6885, 0x6885, 0x6885, 0x6885, 0x6885, 0x6885,
    0x6885, 0x7085, 0x7085, 0x7085, 0x7085, 0x7085, 0x7085, 0x7085, 0x7085, 0x7085, 0x7085, 0x7885, 0x7885, 0x7885, 0x7885, 0x7885,
    0x7885, 0x7885, 0x7885, 0x7885, 0x7886, 0x78A6, 0x78A6, 0x78A6, 0x78A6, 0x78A6, 0x78A6, 0x78A6, 0x78A6, 0x78A6, 0x78A6, 0x80A6,
    0x8086, 0x8086, 0x7886, 0x7886, 0x7886, 0x7886, 0x7886, 0x7886, 0x7886, 0x7886, 0x7886, 0x7886, 0x7886, 0x7886, 0x7886, 0x7886,
    0x7886, 0x7886, 0x7886, 0x7886, 0x7886, 0x7886, 0x7886, 0x7886, 0x7886, 0x7886, 0x7886, 0x7886, 0x7886, 0x7886, 0x7886, 0x7886,
    0x7886, 0x7886, 0x7886, 0x7886, 0x7886, 0x7886, 0x7886, 0x7886, 0x7886, 0x7886, 0x7886, 0x7886, 0x7886, 0x7886, 0x7886, 0x7886,
    0x7886, 0x7886, 0x7886, 0x7886, 0x7886, 0x7886, 0x7886, 0x7886, 0x7886, 0x7886, 0x7886, 0x7886, 0x7886, 0x7886, 0x7886, 0x7886,
    0x7886, 0x7886, 0x7886, 0x7886, 0x7886, 0x7886, 0x7886, 0x7886, 0x7886, 0x7886, 0x7886, 0x7886, 0x7886, 0x7886, 0x7886, 0x7886,
    0x7886, 0x7886, 0x7886, 0x7886, 0x7886, 0x7885, 0x7885, 0x7885, 0x7885, 0x7885, 0x7885, 0x7885, 0x7885, 0x7885, 0x7885, 0x7885,
    0x7885, 0x7085, 0x7085, 0x7085, 0x7085, 0x7085, 0x7085, 0x7085, 0x7085, 0x7085, 0x7085, 0x7085, 0x7085, 0x6885, 0x6885, 0x6885,
    0x6885, 0x6885, 0x6885, 0x6885, 0x6885, 0x6885, 0x6085, 0x6084, 0x6064, 0x6064, 0x6085, 0x5823, 0x71E8, 0x7A8A, 0x5803, 0x60A5,
    0xB4D0, 0xC5D3, 0x828A, 0x5003, 0x5884, 0x5023, 0x6186, 0x5986, 0x5023, 0x5064, 0x5063, 0x4863, 0x4863, 0x4863, 0x4843, 0x4843,
    0x4843, 0x4043, 0x4043, 0x4043, 0x4043, 0x4043, 0x4043, 0x4043, 0x4043, 0x4043, 0x4043, 0x4043, 0x4043, 0x4043, 0x4043, 0x4043,
    0x4043, 0x4043, 0x4043, 0x4043, 0x4043, 0x4043, 0x4043, 0x4043, 0x4043, 0x4043, 0x4043, 0x4043, 0x4043, 0x4043, 0x4043, 0x4043,
    0x4843, 0x4843, 0x4843, 0x4863, 0x4863, 0x4863, 0x5063, 0x5064, 0x5043, 0x6208, 0x58E5, 0x5043, 0x5884, 0x5023, 0x9B8D, 0xC5F4,
    0xA3EE, 0x5823, 0x5844, 0x82EB, 0x6946, 0x5844, 0x6084, 0x6064, 0x6064, 0x6084, 0x6085, 0x6885, 0x6885, 0x6885, 0x6885, 0x6885,
    0x6885, 0x6885, 0x6885, 0x7085, 0x7085, 0x7085, 0x7085, 0x7085, 0x7085, 0x7085, 0x7085, 0x7085, 0x7085, 0x7885, 0x7885, 0x7885,
    0x7885, 0x7885, 0x7885, 0x7885, 0x7885, 0x7885, 0x7885, 0x7885, 0x7885, 0x7885, 0x7885, 0x7885, 0x7886, 0x7886, 0x7886, 0x7886,
    0x7886, 0x7886, 0x7886, 0x7886, 0x7886, 0x7886, 0x7886, 0x7886, 0x7886, 0x7886, 0x7886, 0x7886, 0x7886, 0x7886, 0x7886, 0x7886,
    0x7886, 0x7886, 0x7886, 0x7886, 0x7886, 0x7886, 0x7886, 0x7886, 0x7886, 0x7886, 0x7886, 0x7886, 0x7886, 0x7886, 0x7886, 0x7886,
    0x7886, 0x7886, 0x7886, 0x7886, 0x7886, 0x7886, 0x7886, 0x7886, 0x7886, 0x7886, 0x7886, 0x7886, 0x7886, 0x7886, 0x7886, 0x7886,
    0x7886, 0x7886, 0x7886, 0x7886, 0x7886, 0x7886, 0x7886, 0x7886, 0x7886, 0x7886, 0x7886, 0x7886, 0x7886, 0x7886, 0x7886, 0x7886,
    0x7886, 0x7886, 0x7886, 0x7886, 0x7886, 0x7886, 0x7886, 0x7886, 0x7886, 0x7886, 0x7886, 0x7886, 0x7886, 0x7886, 0x7886, 0x7886,
    0x7886, 0x7886, 0x7886, 0x7886, 0x7885, 0x7885, 0x7885, 0x7885, 0x7885, 0x7885, 0x7885, 0x7885, 0x7885, 0x7885, 0x7885, 0x7885,
    0x7085, 0x7085, 0x7085, 0x7085, 0x7085, 0x7085, 0x7085, 0x7085, 0x7085, 0x7085, 0x7085, 0x7085, 0x6885, 0x6885, 0x6885, 0x6885,
    0x6885, 0x6885, 0x6885, 0x6885, 0x6885, 0x6085, 0x6084, 0x6064, 0x6064, 0x6084, 0x6064, 0x60C5, 0x8B2B, 0x6084, 0x5003, 0x932C,
    0xC5F4, 0xA44F, 0x5864, 0x5864, 0x5044, 0x58A4, 0x6228, 0x5063, 0x5064, 0x5063, 0x4863, 0x4863, 0x4863, 0x4843, 0x4843, 0x4843,
    0x4043, 0x4043, 0x4043, 0x4043, 0x4043, 0x4043, 0x4043, 0x4043, 0x4043, 0x4043, 0x4043, 0x4043, 0x4043, 0x4043, 0x4043, 0x4043,
    0x4043, 0x4043, 0x4043, 0x4043, 0x4043, 0x4043, 0x4043, 0x4043, 0x4043, 0x4043, 0x4043, 0x4043, 0x4043, 0x4043, 0x4043, 0x4043,
    0x4843, 0x4843, 0x4843, 0x4863, 0x4863, 0x4863, 0x5063, 0x5063, 0x5043, 0x50C4, 0x6228, 0x5043, 0x5864, 0x5043, 0x60C5, 0xB4F1,
    0xC5D3, 0x824A, 0x5003, 0x68E5, 0x8B2B, 0x6064, 0x6064, 0x6064, 0x6064, 0x6064, 0x6084, 0x6085, 0x6885, 0x6885, 0x6885, 0x6885,
    0x6885, 0x6885, 0x6885, 0x6885, 0x6885, 0x7085, 0x7085, 0x7085, 0x7085, 0x7085, 0x7085, 0x7085, 0x7085, 0x7085, 0x7085, 0x7085,
    0x7885, 0x7885, 0x7885, 0x7885, 0x7885, 0x7885, 0x7885, 0x7885, 0x7885, 0x7885, 0x7885, 0x7885, 0x7885, 0x7886, 0x7886, 0x7886,
    0x7886, 0x7886, 0x7886, 0x7886, 0x7886, 0x7886, 0x7886, 0x7886, 0x7886, 0x7886, 0x7886, 0x7886, 0x7886, 0x7886, 0x7886, 0x7886,
    0x7886, 0x7886, 0x7886, 0x7886, 0x7886, 0x7886, 0x7886, 0x7886, 0x7886, 0x7886, 0x7886, 0x7886, 0x7886, 0x7886, 0x7886, 0x7886,
    0x7886, 0x7886, 0x7886, 0x7886, 0x7886, 0x7886, 0x7886, 0x7886, 0x7886, 0x7886, 0x7886, 0x7886, 0x7886, 0x7886, 0x7886, 0x7886,
    0x7886, 0x7886, 0x7886, 0x7886, 0x7886, 0x7886, 0x7886, 0x7886, 0x7886, 0x7886, 0x7886, 0x7886, 0x7886, 0x7886, 0x7886, 0x7886,
    0x7886, 0x7886, 0x7886, 0x7886, 0x7886, 0x7886, 0x7886, 0x7886, 0x7886, 0x7886, 0x7886, 0x7886, 0x7886, 0x7886, 0x7886, 0x7886,
    0x7886, 0x7886, 0x7886, 0x7885, 0x7885, 0x7885, 0x7885, 0x7885, 0x7885, 0x7885, 0x7885, 0x7885, 0x7885, 0x7885, 0x7885, 0x7085,
    0x7085, 0x7085, 0x7085, 0x7085, 0x7085, 0x7085, 0x7085, 0x7085, 0x7085, 0x7085, 0x7085, 0x6885, 0x6885, 0x6885, 0x6885, 0x6885,
    0x6885, 0x6885, 0x6885, 0x6885, 0x6885, 0x6085, 0x6064, 0x6064, 0x6064, 0x6084, 0x5823, 0x82EB, 0x6967, 0x5003, 0x71A8, 0xC593,
    0xBD52, 0x6946, 0x5023, 0x5884, 0x5023, 0x61E7, 0x5905, 0x5023, 0x5064, 0x5063, 0x4863, 0x4863, 0x4863, 0x4843, 0x4843, 0x4843,
    0x4043, 0x4043, 0x4043, 0x4043, 0x4043, 0x4043, 0x4043, 0x4043, 0x4043, 0x4043, 0x4043, 0x4043, 0x4043, 0x4043, 0x4043, 0x4043,
    0x4043, 0x4043, 0x4043, 0x4043, 0x4043, 0x4043, 0x4043, 0x4043, 0x4043, 0x4043, 0x4043, 0x4043, 0x4043, 0x4043, 0x4043, 0x4043,
    0x4043, 0x4843, 0x4843, 0x4843, 0x4863, 0x4863, 0x4863, 0x5063, 0x5064, 0x5023, 0x5987, 0x5966, 0x5023, 0x5884, 0x5003, 0x7A49,
    0xC5D3, 0xB531, 0x6906, 0x5003, 0x71E8, 0x828A, 0x5823, 0x6085, 0x6064, 0x6064, 0x6064, 0x6085, 0x6885, 0x6885, 0x6885, 0x6885,
    0x6885, 0x6885, 0x6885, 0x6885, 0x6885, 0x7085, 0x7085, 0x7085, 0x7085, 0x7085, 0x7085, 0x7085, 0x7085, 0x7085, 0x7085, 0x7085,
    0x7085, 0x7085, 0x7085, 0x7885, 0x7885, 0x7885, 0x7885, 0x7885, 0x7885, 0x7885, 0x7885, 0x7885, 0x7885, 0x7885, 0x7885, 0x7886,
    0x7886, 0x7886, 0x7886, 0x7886, 0x7886, 0x7886, 0x7886, 0x7886, 0x7886, 0x7886, 0x7886, 0x7886, 0x7886, 0x7886, 0x7886, 0x7886,
    0x7886, 0x7886, 0x7886, 0x7886, 0x7886, 0x7886, 0x7886, 0x7886, 0x7886, 0x7886, 0x7886, 0x7886, 0x7886, 0x7886, 0x7886, 0x7886,
    0x7886, 0x7886, 0x7886, 0x7886, 0x7886, 0x7886, 0x7886, 0x7886, 0x7886, 0x7886, 0x7886, 0x7886, 0x7886, 0x7886, 0x7886, 0x7886,
    0x7886, 0x7886, 0x7886, 0x7886, 0x7886, 0x7886, 0x7886, 0x7886, 0x7886, 0x7886, 0x7886, 0x7886, 0x7886, 0x7886, 0x7886, 0x7886,
    0x7886, 0x7886, 0x7886, 0x7886, 0x7886, 0x7886, 0x7886, 0x7886, 0x7886, 0x7886, 0x7886, 0x7886, 0x7886, 0x7886, 0x7886, 0x7886,
    0x7886, 0x7886, 0x7885, 0x7885, 0x7885, 0x7885, 0x7885, 0x7885, 0x7885, 0x7885, 0x7885, 0x7885, 0x7885, 0x7085, 0x7085, 0x7085,
    0x7085, 0x7085, 0x7085, 0x7085, 0x7085, 0x7085, 0x7085, 0x7085, 0x7085, 0x7085, 0x7085, 0x6885, 0x6885, 0x6885, 0x6885, 0x6885,
    0x6885, 0x6885, 0x6885, 0x6885, 0x6085, 0x6064, 0x6064, 0x6064, 0x6085, 0x5823, 0x7A08, 0x7A69, 0x5803, 0x6084, 0xACB0, 0xC5F4,
    0x8B0B, 0x5003, 0x5884, 0x5023, 0x5926, 0x61E7, 0x5023, 0x5064, 0x5063, 0x4863, 0x4863, 0x4863, 0x4843, 0x4843, 0x4843, 0x4843,
    0x4043, 0x4043, 0x4043, 0x4043, 0x4043, 0x4043, 0x4043, 0x4043, 0x4043, 0x4043, 0x4043, 0x4043, 0x4043, 0x4043, 0x4043, 0x4043,
    0x4043, 0x4043, 0x4043, 0x4043, 0x4043, 0x4043, 0x4043, 0x4043, 0x4043, 0x4043, 0x4043, 0x4043, 0x4043, 0x4043, 0x4043, 0x4043,
    0x4043, 0x4043, 0x4843, 0x4843, 0x4843, 0x4863, 0x4863, 0x5063, 0x5063, 0x5064, 0x5063, 0x6228, 0x58A4, 0x5044, 0x5864, 0x5023,
    0x9BCE, 0xC5F4, 0xA3EE, 0x5844, 0x5823, 0x82CA, 0x7187, 0x5824, 0x6084, 0x6064, 0x6064, 0x6064, 0x6085, 0x6885, 0x6885, 0x6885,
    0x6885, 0x6885, 0x6885, 0x6885, 0x6885, 0x6885, 0x7085, 0x7085, 0x7085, 0x7085, 0x7085, 0x7085, 0x7085, 0x7085, 0x7085, 0x7085,
    0x7085, 0x7085, 0x7085, 0x7085, 0x7885, 0x7885, 0x7885, 0x7885, 0x7885, 0x7885, 0x7885, 0x7885, 0x7885, 0x7885, 0x7885, 0x7885,
    0x7886, 0x7886, 0x7886, 0x7886, 0x7886, 0x7886, 0x7886, 0x7886, 0x7886, 0x7886, 0x7886, 0x7886, 0x7886, 0x7886, 0x7886, 0x7886,
    0x7886, 0x7886, 0x7886, 0x7886, 0x7886, 0x7886, 0x7886, 0x7886, 0x7886, 0x7886, 0x7886, 0x7886, 0x7886, 0x7886, 0x7886, 0x7886,
    0x7886, 0x7886, 0x7886, 0x7886, 0x7886, 0x7886, 0x7886, 0x7886, 0x7886, 0x7886, 0x7886, 0x7886, 0x7886, 0x7886, 0x7886, 0x7886,
    0x7886, 0x7886, 0x7886, 0x7886, 0x7886, 0x7886, 0x7886, 0x7886, 0x7886, 0x7886, 0x7886, 0x7886, 0x7886, 0x7886, 0x7886, 0x7886,
    0x7886, 0x7886, 0x7886, 0x7886, 0x7886, 0x7886, 0x7886, 0x7886, 0x7886, 0x7886, 0x7886, 0x7886, 0x7886, 0x7886, 0x7886, 0x7886,
    0x7885, 0x7885, 0x7885, 0x7885, 0x7885, 0x7885, 0x7885, 0x7885, 0x7885, 0x7885, 0x7885, 0x7885, 0x7885, 0x7085, 0x7085, 0x7085,
    0x7085, 0x7085, 0x7085, 0x7085, 0x7085, 0x7085, 0x7085, 0x7085, 0x7085, 0x7085, 0x6885, 0x6885, 0x6885, 0x6885, 0x6885, 0x6885,
    0x6885, 0x6885, 0x6885, 0x6085, 0x6084, 0x6064, 0x6064, 0x6084, 0x5844, 0x6906, 0x8B0B, 0x5864, 0x5003, 0x932C, 0xC5F4, 0xA46F,
    0x5864, 0x5864, 0x5064, 0x5064, 0x6228, 0x5084, 0x5043, 0x5063, 0x4863, 0x4863, 0x4863, 0x4863, 0x4843, 0x4843, 0x4843, 0x4043,
    0x4043, 0x4043, 0x4043, 0x4043, 0x4043, 0x4043, 0x4043, 0x4043, 0x4043, 0x4043, 0x4043, 0x4043, 0x4043, 0x4043, 0x4043, 0x4043,
    0x4043, 0x4043, 0x4043, 0x4043, 0x4043, 0x4043, 0x4043, 0x4043, 0x4043, 0x4043, 0x4043, 0x4043, 0x4043, 0x4043, 0x4043, 0x4043,
    0x4043, 0x4043, 0x4843, 0x4843, 0x4843, 0x4843, 0x4863, 0x4863, 0x5063, 0x5064, 0x5043, 0x5905, 0x6208, 0x5023, 0x5864, 0x5043,
    0x60C5, 0xB4F1, 0xC5D3, 0x82AA, 0x5003, 0x60A5, 0x8B2C, 0x60C5, 0x6044, 0x6084, 0x6064, 0x6064, 0x6064, 0x6085, 0x6885, 0x6885,
    0x6885, 0x6885, 0x6885, 0x6885, 0x6885, 0x6885, 0x6885, 0x6885, 0x7085, 0x7085, 0x7085, 0x7085, 0x7085, 0x7085, 0x7085, 0x7085,
    0x7085, 0x7085, 0x7085, 0x7085, 0x7885, 0x7885, 0x7885, 0x7885, 0x7885, 0x7885, 0x7885, 0x7885, 0x7885, 0x7885, 0x7885, 0x7885,
    0x7885, 0x7885, 0x7886, 0x7886, 0x7886, 0x7886, 0x7886, 0x7886, 0x7886, 0x7886, 0x7886, 0x7886, 0x7886, 0x7886, 0x7886, 0x7886,
    0x7886, 0x7886, 0x7886, 0x7886, 0x7886, 0x7886, 0x7886, 0x7886, 0x7886, 0x7886, 0x7886, 0x7886, 0x7886, 0x7886, 0x7886, 0x7886,
    0x7886, 0x7886, 0x7886, 0x7886, 0x7886, 0x7886, 0x7886, 0x7886, 0x7886, 0x7886, 0x7886, 0x7886, 0x7886, 0x7886, 0x7886, 0x7886,
    0x7886, 0x7886, 0x7886, 0x7886, 0x7886, 0x7886, 0x7886, 0x7886, 0x7886, 0x7886, 0x7886, 0x7886, 0x7886, 0x7886, 0x7886, 0x7886,
    0x7886, 0x7886, 0x7886, 0x7886, 0x7886, 0x7886, 0x7886, 0x7886, 0x7886, 0x7886, 0x7886, 0x7886, 0x7886, 0x7886, 0x7885, 0x7885,
    0x7885, 0x7885, 0x7885, 0x7885, 0x7885, 0x7885, 0x7885, 0x7885, 0x7885, 0x7885, 0x7885, 0x7085, 0x7085, 0x7085, 0x7085, 0x7085,
    0x7085, 0x7085, 0x7085, 0x7085, 0x7085, 0x7085, 0x7085, 0x7085, 0x6885, 0x6885, 0x6885, 0x6885, 0x6885, 0x6885, 0x6885, 0x6885,
    0x6885, 0x6885, 0x6085, 0x6064, 0x6064, 0x6064, 0x6064, 0x6064, 0x6064, 0x8B2B, 0x6906, 0x5003, 0x79E8, 0xC5B3, 0xBD52, 0x6946,
    0x5023, 0x5884, 0x5023, 0x61C7, 0x5966, 0x5023, 0x5064, 0x5063, 0x4863, 0x4863, 0x4863, 0x4843, 0x4843, 0x4843, 0x4043, 0x4043,
    0x4043, 0x4043, 0x4043, 0x4043, 0x4043, 0x4043, 0x4043, 0x4043, 0x4043, 0x4043, 0x4043, 0x4043, 0x4043, 0x4043, 0x4043, 0x4043,
    0x4043, 0x4043, 0x4043, 0x4043, 0x4043, 0x4043, 0x4043, 0x4043, 0x4043, 0x4043, 0x4043, 0x4043, 0x4043, 0x4043, 0x4043, 0x4043,
    0x4043, 0x4043, 0x4043, 0x4843, 0x4843, 0x4843, 0x4863, 0x4863, 0x4863, 0x5063, 0x5064, 0x5023, 0x61C7, 0x5966, 0x5023, 0x5884,
    0x5023, 0x71E8, 0xC5B3, 0xBD72, 0x7167, 0x5003, 0x6946, 0x8B0B, 0x5844, 0x6064, 0x6064, 0x6064, 0x6064, 0x6084, 0x6085, 0x6885,
    0x6885, 0x6885, 0x6885, 0x6885, 0x6885, 0x6885, 0x6885, 0x6885, 0x6885, 0x7085, 0x7085, 0x7085, 0x7085, 0x7085, 0x7085, 0x7085,
    0x7085, 0x7085, 0x7085, 0x7085, 0x7085, 0x7085, 0x7885, 0x7885, 0x7885, 0x7885, 0x7885, 0x7885, 0x7885, 0x7885, 0x7885, 0x7885,
    0x7885, 0x7885, 0x7885, 0x7886, 0x7886, 0x7886, 0x7886, 0x7886, 0x7886, 0x7886, 0x7886, 0x7886, 0x7886, 0x7886, 0x7886, 0x7886,
    0x7886, 0x7886, 0x7886, 0x7886, 0x7886, 0x7886, 0x7886, 0x7886, 0x7886, 0x7886, 0x7886, 0x7886, 0x7886, 0x7886, 0x7886, 0x7886,
    0x7886, 0x7886, 0x7886, 0x7886, 0x7886, 0x7886, 0x7886, 0x7886, 0x7886, 0x7886, 0x7886, 0x7886, 0x7886, 0x7886, 0x7886, 0x7886,
    0x7886, 0x7886, 0x7886, 0x7886, 0x7886, 0x7886, 0x7886, 0x7886, 0x7886, 0x7886, 0x7886, 0x7886, 0x7886, 0x7886, 0x7886, 0x7886,
    0x7886, 0x7886, 0x7886, 0x7886, 0x7886, 0x7886, 0x7886, 0x7886, 0x7886, 0x7886, 0x7886, 0x7886, 0x7886, 0x7885, 0x7885, 0x7885,
    0x7885, 0x7885, 0x7885, 0x7885, 0x7885, 0x7885, 0x7885, 0x7885, 0x7885, 0x7885, 0x7085, 0x7085, 0x7085, 0x7085, 0x7085, 0x7085,
    0x7085, 0x7085, 0x7085, 0x7085, 0x7085, 0x7085, 0x7085, 0x6885, 0x6885, 0x6885, 0x6885, 0x6885, 0x6885, 0x6885, 0x6885, 0x6885,
    0x6885, 0x6085, 0x6085, 0x6064, 0x6064, 0x6064, 0x6084, 0x5823, 0x82AA, 0x71C8, 0x5803, 0x60E5, 0xB4F1, 0xC5D3, 0x82AA, 0x5003,
    0x5884, 0x5023, 0x5905, 0x6208, 0x5023, 0x5064, 0x5063, 0x4863, 0x4863, 0x4863, 0x4843, 0x4843, 0x4843, 0x4043, 0x4043, 0x4043,
    0x4043, 0x4043, 0x4043, 0x4043, 0x4043, 0x4043, 0x4043, 0x4043, 0x4043, 0x4043, 0x4043, 0x4043, 0x4043, 0x4043, 0x4043, 0x4043,
    0x4043, 0x4043, 0x4043, 0x4043, 0x4043, 0x4043, 0x4043, 0x4043, 0x4043, 0x4043, 0x4043, 0x4043, 0x4043, 0x4043, 0x4043, 0x4043,
    0x4043, 0x4043, 0x4043, 0x4843, 0x4843, 0x4843, 0x4863, 0x4863, 0x4863, 0x5063, 0x5063, 0x5064, 0x5063, 0x6228, 0x58A4, 0x5044,
    0x5884, 0x5003, 0x932C, 0xC5F4, 0xACB0, 0x60A5, 0x5803, 0x7A09, 0x7A6A, 0x5823, 0x6085, 0x6064, 0x6064, 0x6064, 0x6085, 0x6085,
    0x6885, 0x6885, 0x6885, 0x6885, 0x6885, 0x6885, 0x6885, 0x6885, 0x6885, 0x6885, 0x7085, 0x7085, 0x7085, 0x7085, 0x7085, 0x7085,
    0x7085, 0x7085, 0x7085, 0x7085, 0x7085, 0x7085, 0x7085, 0x7885, 0x7885, 0x7885, 0x7885, 0x7885, 0x7885, 0x7885, 0x7885, 0x7885,
    0x7885, 0x7885, 0x7885, 0x7885, 0x7885, 0x7886, 0x7886, 0x7886, 0x7886, 0x7886, 0x7886, 0x7886, 0x7886, 0x7886, 0x7886, 0x7886,
    0x7886, 0x7886, 0x7886, 0x7886, 0x7886, 0x7886, 0x7886, 0x7886, 0x7886, 0x7886, 0x7886, 0x7886, 0x7886, 0x7886, 0x7886, 0x7886,
    0x7886, 0x7886, 0x7886, 0x7886, 0x7886, 0x7886, 0x7886, 0x7886, 0x7886, 0x7886, 0x7886, 0x7886, 0x7886, 0x7886, 0x7886, 0x7886,
    0x7886, 0x7886, 0x7886, 0x7886, 0x7886, 0x7886, 0x7886, 0x7886, 0x7886, 0x7886, 0x7886, 0x7886, 0x7886, 0x7886, 0x7886, 0x7886,
    0x7886, 0x7886, 0x7886, 0x7886, 0x7886, 0x7886, 0x7886, 0x7886, 0x7886, 0x7886, 0x7886, 0x7885, 0x7885, 0x7885, 0x7885, 0x7885,
    0x7885, 0x7885, 0x7885, 0x7885, 0x7885, 0x7885, 0x7885, 0x7885, 0x7885, 0x7085, 0x7085, 0x7085, 0x7085, 0x7085, 0x7085, 0x7085,
    0x7085, 0x7085, 0x7085, 0x7085, 0x7085, 0x7085, 0x6885, 0x6885, 0x6885, 0x6885, 0x6885, 0x6885, 0x6885, 0x6885, 0x6885, 0x6885,
    0x6885, 0x6085, 0x6064, 0x6064, 0x6064, 0x6085, 0x5823, 0x79E8, 0x7A8A, 0x5823, 0x5844, 0xA40E, 0xC5F4, 0x9BEE, 0x5043, 0x5864,
    0x5064, 0x5064, 0x6228, 0x50A4, 0x5043, 0x5063, 0x5063, 0x4863, 0x4863, 0x4863, 0x4843, 0x4843, 0x4843, 0x4043, 0x4043, 0x4043,
    0x4043, 0x4043, 0x4043, 0x4043, 0x4043, 0x4043, 0x4043, 0x4043, 0x4043, 0x4043, 0x4043, 0x4043, 0x4043, 0x4043, 0x4043, 0x4043,
    0x4043, 0x4043, 0x4043, 0x4043, 0x4043, 0x4043, 0x4043, 0x4043, 0x4043, 0x4043, 0x4043, 0x4043, 0x4043, 0x4043, 0x4043, 0x4043,
    0x4043, 0x4043, 0x4043, 0x4043, 0x4843, 0x4843, 0x4843, 0x4863, 0x4863, 0x4863, 0x5063, 0x5063, 0x5043, 0x58E5, 0x6228, 0x5043,
    0x5864, 0x5864, 0x5864, 0xA44F, 0xC5F4, 0x9BAD, 0x5823, 0x5823, 0x82AA, 0x71C8, 0x5823, 0x6085, 0x6064, 0x6064, 0x6064, 0x6085,
    0x6885, 0x6885, 0x6885, 0x6885, 0x6885, 0x6885, 0x6885, 0x6885, 0x6885, 0x6885, 0x6885, 0x7085, 0x7085, 0x7085, 0x7085, 0x7085,
    0x7085, 0x7085, 0x7085, 0x7085, 0x7085, 0x7085, 0x7085, 0x7085, 0x7085, 0x7885, 0x7885, 0x7885, 0x7885, 0x7885, 0x7885, 0x7885,
    0x7885, 0x7885, 0x7885, 0x7885, 0x7885, 0x7885, 0x7885, 0x7886, 0x7886, 0x7886, 0x7886, 0x7886, 0x7886, 0x7886, 0x7886, 0x7886,
    0x7886, 0x7886, 0x7886, 0x7886, 0x7886, 0x7886, 0x7886, 0x7886, 0x7886, 0x7886, 0x7886, 0x7886, 0x7886, 0x7886, 0x7886, 0x7886,
    0x7886, 0x7886, 0x7886, 0x7886, 0x7886, 0x7886, 0x7886, 0x7886, 0x7886, 0x7886, 0x7886, 0x7886, 0x7886, 0x7886, 0x7886, 0x7886,
    0x7886, 0x7886, 0x7886, 0x7886, 0x7886, 0x7886, 0x7886, 0x7886, 0x7886, 0x7886, 0x7886, 0x7886, 0x7886, 0x7886, 0x7886, 0x7886,
    0x7886, 0x7886, 0x7886, 0x7886, 0x7886, 0x7886, 0x7886, 0x7886, 0x7886, 0x7885, 0x7885, 0x7885, 0x7885, 0x7885, 0x7885, 0x7885,
    0x7885, 0x7885, 0x7885, 0x7885, 0x7885, 0x7885, 0x7885, 0x7085, 0x7085, 0x7085, 0x7085, 0x7085, 0x7085, 0x7085, 0x7085, 0x7085,
    0x7085, 0x7085, 0x7085, 0x7085, 0x7085, 0x6885, 0x6885, 0x6885, 0x6885, 0x6885, 0x6885, 0x6885, 0x6885, 0x6885, 0x6885, 0x6885,
    0x6085, 0x6064, 0x6064, 0x6064, 0x6085, 0x5824, 0x6946, 0x830B, 0x5864, 0x5003, 0x8AEB, 0xC5F4, 0xB4D0, 0x60C5, 0x5043, 0x5884,
    0x5023, 0x61E7, 0x5946, 0x5023, 0x5064, 0x5063, 0x4863, 0x4863, 0x4863, 0x4843, 0x4843, 0x4843, 0x4043, 0x4043, 0x4043, 0x4043,
    0x4043, 0x4043, 0x4043, 0x4043, 0x4043, 0x4043, 0x4043, 0x4043, 0x4043, 0x4043, 0x4043, 0x4043, 0x4043, 0x4043, 0x4043, 0x4043,
    0x4043, 0x4043, 0x4043, 0x4043, 0x4043, 0x4043, 0x4043, 0x4043, 0x4043, 0x4043, 0x4043, 0x4043, 0x4043, 0x4043, 0x4043, 0x4043,
    0x4043, 0x4043, 0x4043, 0x4043, 0x4843, 0x4843, 0x4843, 0x4843, 0x4863, 0x4863, 0x4863, 0x5063, 0x5064, 0x5023, 0x5986, 0x61A7,
    0x5023, 0x5884, 0x5023, 0x6106, 0xB531, 0xC5D3, 0x8AAA, 0x5003, 0x6064, 0x8B0B, 0x6926, 0x5844, 0x6084, 0x6064, 0x6064, 0x6064,
    0x6085, 0x6885, 0x6885, 0x6885, 0x6885, 0x6885, 0x6885, 0x6885, 0x6885, 0x6885, 0x6885, 0x6885, 0x7085, 0x7085, 0x7085, 0x7085,
    0x7085, 0x7085, 0x7085, 0x7085, 0x7085, 0x7085, 0x7085, 0x7085, 0x7085, 0x7085, 0x7885, 0x7885, 0x7885, 0x7885, 0x7885, 0x7885,
    0x7885, 0x7885, 0x7885, 0x7885, 0x7885, 0x7885, 0x7885, 0x7885, 0x7885, 0x7886, 0x7886, 0x7886, 0x7886, 0x7886, 0x7886, 0x7886,
    0x7886, 0x7886, 0x7886, 0x7886, 0x7886, 0x7886, 0x7886, 0x7886, 0x7886, 0x7886, 0x7886, 0x7886, 0x7886, 0x7886, 0x7886, 0x7886,
    0x7886, 0x7886, 0x7886, 0x7886, 0x7886, 0x7886, 0x7886, 0x7886, 0x7886, 0x7886, 0x7886, 0x7886, 0x7886, 0x7886, 0x7886, 0x7886,
    0x7886, 0x7886, 0x7886, 0x7886, 0x7886, 0x7886, 0x7886, 0x7886, 0x7886, 0x7886, 0x7886, 0x7886, 0x7886, 0x7886, 0x7886, 0x7886,
    0x7886, 0x7886, 0x7886, 0x7886, 0x7886, 0x7886, 0x7886, 0x7885, 0x7885, 0x7885, 0x7885, 0x7885, 0x7885, 0x7885, 0x7885, 0x7885,
    0x7885, 0x7885, 0x7885, 0x7885, 0x7885, 0x7885, 0x7085, 0x7085, 0x7085, 0x7085, 0x7085, 0x7085, 0x7085, 0x7085, 0x7085, 0x7085,
    0x7085, 0x7085, 0x7085, 0x7085, 0x6885, 0x6885, 0x6885, 0x6885, 0x6885, 0x6885, 0x6885, 0x6885, 0x6885, 0x6885, 0x6885, 0x6085,
    0x6084, 0x6064, 0x6064, 0x6084, 0x6044, 0x60A5, 0x8B2C, 0x60C5, 0x5003, 0x79E8, 0xC593, 0xBD92, 0x71A7, 0x5023, 0x5884, 0x5023,
    0x5946, 0x61E7, 0x5023, 0x5064, 0x5063, 0x4863, 0x4863, 0x4863, 0x4863, 0x4843, 0x4843, 0x4843, 0x4043, 0x4043, 0x4043, 0x4043,
    0x4043, 0x4043, 0x4043, 0x4043, 0x4043, 0x4043, 0x4043, 0x4043, 0x4043, 0x4043, 0x4043, 0x4043, 0x4043, 0x4043, 0x4043, 0x4043,
    0x4043, 0x4043, 0x4043, 0x4043, 0x4043, 0x4043, 0x4043, 0x4043, 0x4043, 0x4043, 0x4043, 0x4043, 0x4043, 0x4043, 0x4043, 0x4043,
    0x4043, 0x4043, 0x4043, 0x4043, 0x4043, 0x4843, 0x4843, 0x4843, 0x4863, 0x4863, 0x4863, 0x4863, 0x5063, 0x5064, 0x5023, 0x6208,
    0x5905, 0x5023, 0x5884, 0x5003, 0x7A08, 0xBD93, 0xC593, 0x71C8, 0x5003, 0x60C5, 0x8B2C, 0x60C5, 0x6044, 0x6084, 0x6064, 0x6064,
    0x6084, 0x6085, 0x6885, 0x6885, 0x6885, 0x6885, 0x6885, 0x6885, 0x6885, 0x6885, 0x6885, 0x6885, 0x7085, 0x7085, 0x7085, 0x7085,
    0x7085, 0x7085, 0x7085, 0x7085, 0x7085, 0x7085, 0x7085, 0x7085, 0x7085, 0x7085, 0x7085, 0x7885, 0x7885, 0x7885, 0x7885, 0x7885,
    0x7885, 0x7885, 0x7885, 0x7885, 0x7885, 0x7885, 0x7885, 0x7885, 0x7885, 0x7885, 0x7885, 0x7886, 0x7886, 0x7886, 0x7886, 0x7886,
    0x7886, 0x7886, 0x7886, 0x7886, 0x7886, 0x7886, 0x7886, 0x7886, 0x7886, 0x7886, 0x7886, 0x7886, 0x7886, 0x7886, 0x7886, 0x7886,
    0x7886, 0x7886, 0x7886, 0x7886, 0x7886, 0x7886, 0x7886, 0x7886, 0x7886, 0x7886, 0x7886, 0x7886, 0x7886, 0x7886, 0x7886, 0x7886,
    0x7886, 0x7886, 0x7886, 0x7886, 0x7886, 0x7886, 0x7886, 0x7886, 0x7886, 0x7886, 0x7886, 0x7886, 0x7886, 0x7886, 0x7886, 0x7886,
    0x7886, 0x7886, 0x7886, 0x7886, 0x7886, 0x7885, 0x7885, 0x7885, 0x7885, 0x7885, 0x7885, 0x7885, 0x7885, 0x7885, 0x7885, 0x7885,
    0x7885, 0x7885, 0x7885, 0x7885, 0x7885, 0x7085, 0x7085, 0x7085, 0x7085, 0x7085, 0x7085, 0x7085, 0x7085, 0x7085, 0x7085, 0x7085,
    0x7085, 0x7085, 0x7085, 0x7085, 0x6885, 0x6885, 0x6885, 0x6885, 0x6885, 0x6885, 0x6885, 0x6885, 0x6885, 0x6885, 0x6085, 0x6084,
    0x6064, 0x6064, 0x6084, 0x6064, 0x6064, 0x8B2B, 0x6926, 0x5003, 0x6926, 0xBD32, 0xC5D3, 0x82AA, 0x5003, 0x5884, 0x5043, 0x58A4,
    0x6228, 0x5064, 0x5063, 0x5063, 0x5063, 0x4863, 0x4863, 0x4863, 0x4843, 0x4843, 0x4843, 0x4043, 0x4043, 0x4043, 0x4043, 0x4043,
    0x4043, 0x4043, 0x4043, 0x4043, 0x4043, 0x4043, 0x4043, 0x4043, 0x4043, 0x4043, 0x4043, 0x4043, 0x4043, 0x4043, 0x4043, 0x4043,
    0x4043, 0x4043, 0x4043, 0x4043, 0x4043, 0x4043, 0x4043, 0x4043, 0x4043, 0x4043, 0x4043, 0x4043, 0x4043, 0x4043, 0x4043, 0x4043,
    0x4043, 0x4043, 0x4043, 0x4043, 0x4043, 0x4043, 0x4843, 0x4843, 0x4843, 0x4863, 0x4863, 0x4863, 0x4863, 0x5063, 0x5043, 0x5084,
    0x6228, 0x5084, 0x5044, 0x5884, 0x5003, 0x8AEB, 0xC5D3, 0xB511, 0x6906, 0x5003, 0x6926, 0x8B2B, 0x6064, 0x6064, 0x6084, 0x6064,
    0x6064, 0x6084, 0x6085, 0x6885, 0x6885, 0x6885, 0x6885, 0x6885, 0x6885, 0x6885, 0x6885, 0x6885, 0x6885, 0x7085, 0x7085, 0x7085,
    0x7085, 0x7085, 0x7085, 0x7085, 0x7085, 0x7085, 0x7085, 0x7085, 0x7085, 0x7085, 0x7085, 0x7085, 0x7085, 0x7885, 0x7885, 0x7885,
    0x7885, 0x7885, 0x7885, 0x7885, 0x7885, 0x7885, 0x7885, 0x7885, 0x7885, 0x7885, 0x7885, 0x7885, 0x7885, 0x7886, 0x7886, 0x7886,
    0x7886, 0x7886, 0x7886, 0x7886, 0x7886, 0x7886, 0x7886, 0x7886, 0x7886, 0x7886, 0x7886, 0x7886, 0x7886, 0x7886, 0x7886, 0x7886,
    0x7886, 0x7886, 0x7886, 0x7886, 0x7886, 0x7886, 0x7886, 0x7886, 0x7886, 0x7886, 0x7886, 0x7886, 0x7886, 0x7886, 0x7886, 0x7886,
    0x7886, 0x7886, 0x7886, 0x7886, 0x7886, 0x7886, 0x7886, 0x7886, 0x7886, 0x7886, 0x7886, 0x7886, 0x7886, 0x7886, 0x7886, 0x7886,
    0x7886, 0x7886, 0x7886, 0x7885, 0x7885, 0x7885, 0x7885, 0x7885, 0x7885, 0x7885, 0x7885, 0x7885, 0x7885, 0x7885, 0x7885, 0x7885,
    0x7885, 0x7885, 0x7885, 0x7885, 0x7085, 0x7085, 0x7085, 0x7085, 0x7085, 0x7085, 0x7085, 0x7085, 0x7085, 0x7085, 0x7085, 0x7085,
    0x7085, 0x7085, 0x7085, 0x6885, 0x6885, 0x6885, 0x6885, 0x6885, 0x6885, 0x6885, 0x6885, 0x6885, 0x6885, 0x6085, 0x6084, 0x6064,
    0x6064, 0x6064, 0x6084, 0x5823, 0x82EB, 0x71A8, 0x5803, 0x60A5, 0xAC90, 0xC5F4, 0x9BAD, 0x5023, 0x5864, 0x5864, 0x5044, 0x6228,
    0x50C5, 0x5043, 0x5064, 0x5063, 0x4863, 0x4863, 0x4863, 0x4843, 0x4843, 0x4843, 0x4043, 0x4043, 0x4043, 0x4043, 0x4043, 0x4043,
    0x4043, 0x4043, 0x4043, 0x4043, 0x4043, 0x4043, 0x4043, 0x4043, 0x4043, 0x4043, 0x4043, 0x4043, 0x4043, 0x4043, 0x4043, 0x4043,
    0x4043, 0x4043, 0x4043, 0x4043, 0x4043, 0x4043, 0x4043, 0x4043, 0x4043, 0x4043, 0x4043, 0x4043, 0x4043, 0x4043, 0x4043, 0x4043,
    0x4043, 0x4043, 0x4043, 0x4043, 0x4043, 0x4043, 0x4043, 0x4843, 0x4843, 0x4843, 0x4863, 0x4863, 0x4863, 0x5063, 0x5064, 0x5043,
    0x5905, 0x6208, 0x5043, 0x5864, 0x5864, 0x5023, 0x9BCE, 0xC5F4, 0xAC90, 0x60A5, 0x5803, 0x71A7, 0x82CB, 0x5844, 0x6064, 0x6084,
    0x6064, 0x6064, 0x6084, 0x6085, 0x6885, 0x6885, 0x6885, 0x6885, 0x6885, 0x6885, 0x6885, 0x6885, 0x6885, 0x6885, 0x6885, 0x7085,
    0x7085, 0x7085, 0x7085, 0x7085, 0x7085, 0x7085, 0x7085, 0x7085, 0x7085, 0x7085, 0x7085, 0x7085, 0x7085, 0x7085, 0x7885, 0x7885,
    0x7885, 0x7885, 0x7885, 0x7885, 0x7885, 0x7885, 0x7885, 0x7885, 0x7885, 0x7885, 0x7885, 0x7885, 0x7885, 0x7885, 0x7885, 0x7885,
    0x7886, 0x7886, 0x7886, 0x7886, 0x7886, 0x7886, 0x7886, 0x7886, 0x7886, 0x7886, 0x7886, 0x7886, 0x7886, 0x7886, 0x7886, 0x7886,
    0x7886, 0x7886, 0x7886, 0x7886, 0x7886, 0x7886, 0x7886, 0x7886, 0x7886, 0x7886, 0x7886, 0x7886, 0x7886, 0x7886, 0x7886, 0x7886,
    0x7886, 0x7886, 0x7886, 0x7886, 0x7886, 0x7886, 0x7886, 0x7886, 0x7886, 0x7886, 0x7886, 0x7886, 0x7886, 0x7886, 0x7886, 0x7886,
    0x7886, 0x7885, 0x7885, 0x7885, 0x7885, 0x7885, 0x7885, 0x7885, 0x7885, 0x7885, 0x7885, 0x7885, 0x7885, 0x7885, 0x7885, 0x7885,
    0x7885, 0x7885, 0x7085, 0x7085, 0x7085, 0x7085, 0x7085, 0x7085, 0x7085, 0x7085, 0x7085, 0x7085, 0x7085, 0x7085, 0x7085, 0x7085,
    0x7085, 0x7085, 0x6885, 0x6885, 0x6885, 0x6885, 0x6885, 0x6885, 0x6885, 0x6885, 0x6885, 0x6885, 0x6085, 0x6084, 0x6064, 0x6064,
    0x6064, 0x6084, 0x5823, 0x826A, 0x7A29, 0x5803, 0x5844, 0xA3EE, 0xC5F4, 0xAC6F, 0x5884, 0x5864, 0x5884, 0x5023, 0x61C7, 0x5946,
    0x5023, 0x5064, 0x5063, 0x4863, 0x4863, 0x4863, 0x4863, 0x4843, 0x4843, 0x4043, 0x4043, 0x4043, 0x4043, 0x4043, 0x4043, 0x4043,
    0x4043, 0x4043, 0x4043, 0x4043, 0x4043, 0x4043, 0x4043, 0x4043, 0x4043, 0x4043, 0x4043, 0x4043, 0x4043, 0x4043, 0x4043, 0x4043,
    0x4043, 0x4043, 0x4043, 0x4043, 0x4043, 0x4043, 0x4043, 0x4043, 0x4043, 0x4043, 0x4043, 0x4043, 0x4043, 0x4043, 0x4043, 0x4043,
    0x4043, 0x4043, 0x4043, 0x4043, 0x4043, 0x4043, 0x4043, 0x4843, 0x4843, 0x4843, 0x4843, 0x4863, 0x4863, 0x4863, 0x5063, 0x5064,
    0x5023, 0x5966, 0x61A7, 0x5023, 0x5884, 0x5044, 0x5884, 0xAC6F, 0xC5F4, 0xA40E, 0x5864, 0x5803, 0x7A08, 0x82CA, 0x5823, 0x6084,
    0x6064, 0x6064, 0x6064, 0x6064, 0x6085, 0x6885, 0x6885, 0x6885, 0x6885, 0x6885, 0x6885, 0x6885, 0x6885, 0x6885, 0x6885, 0x6885,
    0x7085, 0x7085, 0x7085, 0x7085, 0x7085, 0x7085, 0x7085, 0x7085, 0x7085, 0x7085, 0x7085, 0x7085, 0x7085, 0x7085, 0x7085, 0x7085,
    0x7085, 0x7885, 0x7885, 0x7885, 0x7885, 0x7885, 0x7885, 0x7885, 0x7885, 0x7885, 0x7885, 0x7885, 0x7885, 0x7885, 0x7885, 0x7885,
    0x7885, 0x7885, 0x7885, 0x7885, 0x7886, 0x7886, 0x7886, 0x7886, 0x7886, 0x7886, 0x7886, 0x7886, 0x7886, 0x7886, 0x7886, 0x7886,
    0x7886, 0x7886, 0x7886, 0x7886, 0x7886, 0x7886, 0x7886, 0x7886, 0x7886, 0x7886, 0x7886, 0x7886, 0x7886, 0x7886, 0x7886, 0x7886,
    0x7886, 0x7886, 0x7886, 0x7886, 0x7886, 0x7886, 0x7886, 0x7886, 0x7886, 0x7886, 0x7886, 0x7886, 0x7885, 0x7885, 0x7885, 0x7885,
    0x7885, 0x7885, 0x7885, 0x7885, 0x7885, 0x7885, 0x7885, 0x7885, 0x7885, 0x7885, 0x7885, 0x7885, 0x7885, 0x7885, 0x7885, 0x7085,
    0x7085, 0x7085, 0x7085, 0x7085, 0x7085, 0x7085, 0x7085, 0x7085, 0x7085, 0x7085, 0x7085, 0x7085, 0x7085, 0x7085, 0x7085, 0x7085,
    0x6885, 0x6885, 0x6885, 0x6885, 0x6885, 0x6885, 0x6885, 0x6885, 0x6885, 0x6885, 0x6885, 0x6085, 0x6064, 0x6064, 0x6064, 0x6064,
    0x6085, 0x5803, 0x7A49, 0x7A8A, 0x5823, 0x5823, 0x934C, 0xC5F4, 0xB4F1, 0x60E5, 0x5043, 0x5884, 0x5023, 0x5966, 0x61C7, 0x5023,
    0x5064, 0x5063, 0x4863, 0x4863, 0x4863, 0x4843, 0x4843, 0x4843, 0x4843, 0x4043, 0x4043, 0x4043, 0x4043, 0x4043, 0x4043, 0x4043,
    0x4043, 0x4043, 0x4043, 0x4043, 0x4043, 0x4043, 0x4043, 0x4043, 0x4043, 0x4043, 0x4043, 0x4043, 0x4043, 0x4043, 0x4043, 0x4043,
    0x4043, 0x4043, 0x4043, 0x4043, 0x4043, 0x4043, 0x4043, 0x4043, 0x4043, 0x4043, 0x4043, 0x4043, 0x4043, 0x4043, 0x4043, 0x4043,
    0x4043, 0x4043, 0x4043, 0x4043, 0x4043, 0x4043, 0x4043, 0x4043, 0x4843, 0x4843, 0x4843, 0x4863, 0x4863, 0x4863, 0x5063, 0x5063,
    0x5064, 0x5023, 0x61E7, 0x5946, 0x5023, 0x5884, 0x5043, 0x60E5, 0xB4F1, 0xC5F4, 0x9B8D, 0x5823, 0x5823, 0x7A09, 0x7A6A, 0x5823,
    0x6084, 0x6064, 0x6064, 0x6064, 0x6084, 0x6085, 0x6885, 0x6885, 0x6885, 0x6885, 0x6885, 0x6885, 0x6885, 0x6885, 0x6885, 0x6885,
    0x6885, 0x6885, 0x7085, 0x7085, 0x7085, 0x7085, 0x7085, 0x7085, 0x7085, 0x7085, 0x7085, 0x7085, 0x7085, 0x7085, 0x7085, 0x7085,
    0x7085, 0x7085, 0x7885, 0x7885, 0x7885, 0x7885, 0x7885, 0x7885, 0x7885, 0x7885, 0x7885, 0x7885, 0x7885, 0x7885, 0x7885, 0x7885,
    0x7885, 0x7885, 0x7885, 0x7885, 0x7885, 0x7885, 0x7885, 0x7886, 0x7886, 0x7886, 0x7886, 0x7886, 0x7886, 0x7886, 0x7886, 0x7886,
    0x7886, 0x7886, 0x7886, 0x7886, 0x7886, 0x7886, 0x7886, 0x7886, 0x7886, 0x7886, 0x7886, 0x7886, 0x7886, 0x7886, 0x7886, 0x7886,
    0x7886, 0x7886, 0x7886, 0x7886, 0x7886, 0x7886, 0x7886, 0x7886, 0x7886, 0x7885, 0x7885, 0x7885, 0x7885, 0x7885, 0x7885, 0x7885,
    0x7885, 0x7885, 0x7885, 0x7885, 0x7885, 0x7885, 0x7885, 0x7885, 0x7885, 0x7885, 0x7885, 0x7885, 0x7885, 0x7885, 0x7085, 0x7085,
    0x7085, 0x7085, 0x7085, 0x7085, 0x7085, 0x7085, 0x7085, 0x7085, 0x7085, 0x7085, 0x7085, 0x7085, 0x7085, 0x7085, 0x6885, 0x6885,
    0x6885, 0x6885, 0x6885, 0x6885, 0x6885, 0x6885, 0x6885, 0x6885, 0x6885, 0x6885, 0x6085, 0x6084, 0x6064, 0x6064, 0x6064, 0x6085,
    0x5803, 0x7A08, 0x7A8A, 0x5844, 0x5003, 0x8ACB, 0xC5D3, 0xBD52, 0x6967, 0x5023, 0x5884, 0x5023, 0x58E5, 0x6208, 0x5043, 0x5064,
    0x5063, 0x4863, 0x4863, 0x4863, 0x4863, 0x4843, 0x4843, 0x4843, 0x4043, 0x4043, 0x4043, 0x4043, 0x4043, 0x4043, 0x4043, 0x4043,
    0x4043, 0x4043, 0x4043, 0x4043, 0x4043, 0x4043, 0x4043, 0x4043, 0x4043, 0x4043, 0x4043, 0x4043, 0x4043, 0x4043, 0x4043, 0x4043,
    0x4043, 0x4043, 0x4043, 0x4043, 0x4043, 0x4043, 0x4043, 0x4043, 0x4043, 0x4043, 0x4043, 0x4043, 0x4043, 0x4043, 0x4043, 0x4043,
    0x4043, 0x4043, 0x4043, 0x4043, 0x4043, 0x4043, 0x4043, 0x4043, 0x4043, 0x4843, 0x4843, 0x4843, 0x4863, 0x4863, 0x4863, 0x5063,
    0x5063, 0x5063, 0x5043, 0x6228, 0x58E5, 0x5023, 0x5884, 0x5023, 0x6946, 0xB531, 0xC5D3, 0x930C, 0x5823, 0x5823, 0x7A49, 0x82AA,
    0x5803, 0x6084, 0x6064, 0x6064, 0x6064, 0x6084, 0x6085, 0x6885, 0x6885, 0x6885, 0x6885, 0x6885, 0x6885, 0x6885, 0x6885, 0x6885,
    0x6885, 0x6885, 0x6885, 0x7085, 0x7085, 0x7085, 0x7085, 0x7085, 0x7085, 0x7085, 0x7085, 0x7085, 0x7085, 0x7085, 0x7085, 0x7085,
    0x7085, 0x7085, 0x7085, 0x7085, 0x7885, 0x7885, 0x7885, 0x7885, 0x7885, 0x7885, 0x7885, 0x7885, 0x7885, 0x7885, 0x7885, 0x7885,
    0x7885, 0x7885, 0x7885, 0x7885, 0x7885, 0x7885, 0x7885, 0x7885, 0x7885, 0x7885, 0x7885, 0x7885, 0x7886, 0x7886, 0x7886, 0x7886,
    0x7886, 0x7886, 0x7886, 0x7886, 0x7886, 0x7886, 0x7886, 0x7886, 0x7886, 0x7886, 0x7886, 0x7886, 0x7886, 0x7886, 0x7886, 0x7886,
    0x7886, 0x7886, 0x7886, 0x7886, 0x7885, 0x7885, 0x7885, 0x7885, 0x7885, 0x7885, 0x7885, 0x7885, 0x7885, 0x7885, 0x7885, 0x7885,
    0x7885, 0x7885, 0x7885, 0x7885, 0x7885, 0x7885, 0x7885, 0x7885, 0x7885, 0x7885, 0x7885, 0x7885, 0x7085, 0x7085, 0x7085, 0x7085,
    0x7085, 0x7085, 0x7085, 0x7085, 0x7085, 0x7085, 0x7085, 0x7085, 0x7085, 0x7085, 0x7085, 0x7085, 0x7085, 0x6885, 0x6885, 0x6885,
    0x6885, 0x6885, 0x6885, 0x6885, 0x6885, 0x6885, 0x6885, 0x6885, 0x6885, 0x6085, 0x6084, 0x6064, 0x6064, 0x6064, 0x6085, 0x5803,
    0x7A29, 0x82CA, 0x5844, 0x5823, 0x826A, 0xC5B3, 0xBD92, 0x71E8, 0x5023, 0x5884, 0x5043, 0x58A4, 0x6248, 0x5084, 0x5043, 0x5063,
    0x5063, 0x4863, 0x4863, 0x4863, 0x4843, 0x4843, 0x4843, 0x4843, 0x4043, 0x4043, 0x4043, 0x4043, 0x4043, 0x4043, 0x4043, 0x4043,
    0x4043, 0x4043, 0x4043, 0x4043, 0x4043, 0x4043, 0x4043, 0x4043, 0x4043, 0x4043, 0x4043, 0x4043, 0x4043, 0x4043, 0x4043, 0x4043,
    0x4043, 0x4043, 0x4043, 0x4043, 0x4043, 0x4043, 0x4043, 0x4043, 0x4043, 0x4043, 0x4043, 0x4043, 0x4043, 0x4043, 0x4043, 0x4043,
    0x4043, 0x4043, 0x4043, 0x4043, 0x4043, 0x4043, 0x4043, 0x4043, 0x4043, 0x4843, 0x4843, 0x4843, 0x4843, 0x4863, 0x4863, 0x4863,
    0x5063, 0x5063, 0x5043, 0x5084, 0x6248, 0x58A4, 0x5043, 0x5884, 0x5003, 0x71C8, 0xBD72, 0xC5D3, 0x8ACB, 0x5003, 0x5844, 0x82AA,
    0x828A, 0x5823, 0x6084, 0x6064, 0x6064, 0x6064, 0x6084, 0x6085, 0x6885, 0x6885, 0x6885, 0x6885, 0x6885, 0x6885, 0x6885, 0x6885,
    0x6885, 0x6885, 0x6885, 0x6885, 0x7085, 0x7085, 0x7085, 0x7085, 0x7085, 0x7085, 0x7085, 0x7085, 0x7085, 0x7085, 0x7085, 0x7085,
    0x7085, 0x7085, 0x7085, 0x7085, 0x7085, 0x7085, 0x7885, 0x7885, 0x7885, 0x7885, 0x7885, 0x7885, 0x7885, 0x7885, 0x7885, 0x7885,
    0x7885, 0x7885, 0x7885, 0x7885, 0x7885, 0x7885, 0x7885, 0x7885, 0x7885, 0x7885, 0x7885, 0x7885, 0x7885, 0x7885, 0x7885, 0x7885,
    0x7885, 0x7885, 0x7885, 0x7885, 0x7886, 0x7886, 0x7886, 0x7886, 0x7886, 0x7886, 0x7886, 0x7886, 0x7885, 0x7885, 0x7885, 0x7885,
    0x7885, 0x7885, 0x7885, 0x7885, 0x7885, 0x7885, 0x7885, 0x7885, 0x7885, 0x7885, 0x7885, 0x7885, 0x7885, 0x7885, 0x7885, 0x7885,
    0x7885, 0x7885, 0x7885, 0x7885, 0x7885, 0x7885, 0x7885, 0x7885, 0x7885, 0x7885, 0x7085, 0x7085, 0x7085, 0x7085, 0x7085, 0x7085,
    0x7085, 0x7085, 0x7085, 0x7085, 0x7085, 0x7085, 0x7085, 0x7085, 0x7085, 0x7085, 0x7085, 0x7085, 0x6885, 0x6885, 0x6885, 0x6885,
    0x6885, 0x6885, 0x6885, 0x6885, 0x6885, 0x6885, 0x6885, 0x6885, 0x6085, 0x6084, 0x6064, 0x6064, 0x6064, 0x6085, 0x5803, 0x7A09,
    0x8B0B, 0x5864, 0x5003, 0x7A09, 0xC5B3, 0xC5B3, 0x826A, 0x5003, 0x5884, 0x5064, 0x5064, 0x6228, 0x58C5, 0x5043, 0x5064, 0x5063,
    0x4863, 0x4863, 0x4863, 0x4843, 0x4843, 0x4843, 0x4843, 0x4043, 0x4043, 0x4043, 0x4043, 0x4043, 0x4043, 0x4043, 0x4043, 0x4043,
    0x4043, 0x4043, 0x4043, 0x4043, 0x4043, 0x4043, 0x4043, 0x4043, 0x4043, 0x4043, 0x4043, 0x4043, 0x4043, 0x4043, 0x4043, 0x4043,
    0x4043, 0x4043, 0x4043, 0x4043, 0x4043, 0x4043, 0x4043, 0x4043, 0x4043, 0x4043, 0x4043, 0x4043, 0x4043, 0x4043, 0x4043, 0x4043,
    0x4043, 0x4043, 0x4043, 0x4043, 0x4043, 0x4043, 0x4043, 0x4043, 0x4043, 0x4043, 0x4843, 0x4843, 0x4843, 0x4843, 0x4863, 0x4863,
    0x4863, 0x5063, 0x5064, 0x5043, 0x58C5, 0x6228, 0x5064, 0x5044, 0x5884, 0x5003, 0x71E8, 0xBD72, 0xC5B3, 0x826A, 0x5003, 0x5824,
    0x82AA, 0x82AA, 0x5823, 0x6084, 0x6084, 0x6064, 0x6064, 0x6064, 0x6085, 0x6085, 0x6885, 0x6885, 0x6885, 0x6885, 0x6885, 0x6885,
    0x6885, 0x6885, 0x6885, 0x6885, 0x6885, 0x7085, 0x7085, 0x7085, 0x7085, 0x7085, 0x7085, 0x7085, 0x7085, 0x7085, 0x7085, 0x7085,
    0x7085, 0x7085, 0x7085, 0x7085, 0x7085, 0x7085, 0x7085, 0x7085, 0x7885, 0x7885, 0x7885, 0x7885, 0x7885, 0x7885, 0x7885, 0x7885,
    0x7885, 0x7885, 0x7885, 0x7885, 0x7885, 0x7885, 0x7885, 0x7885, 0x7885, 0x7885, 0x7885, 0x7885, 0x7885, 0x7885, 0x7885, 0x7885,
    0x7885, 0x7885, 0x7885, 0x7885, 0x7885, 0x7885, 0x7885, 0x7885, 0x7885, 0x7885, 0x7885, 0x7885, 0x7885, 0x7885, 0x7885, 0x7885,
    0x7885, 0x7885, 0x7885, 0x7885, 0x7885, 0x7885, 0x7885, 0x7885, 0x7885, 0x7885, 0x7885, 0x7885, 0x7885, 0x7885, 0x7885, 0x7885,
    0x7885, 0x7885, 0x7885, 0x7885, 0x7885, 0x7885, 0x7885, 0x7885, 0x7085, 0x7085, 0x7085, 0x7085, 0x7085, 0x7085, 0x7085, 0x7085,
    0x7085, 0x7085, 0x7085, 0x7085, 0x7085, 0x7085, 0x7085, 0x7085, 0x7085, 0x7085, 0x7085, 0x6885, 0x6885, 0x6885, 0x6885, 0x6885,
    0x6885, 0x6885, 0x6885, 0x6885, 0x6885, 0x6885, 0x6885, 0x6085, 0x6084, 0x6064, 0x6064, 0x6064, 0x6085, 0x5803, 0x7A29, 0x8B0B,
    0x5864, 0x5003, 0x71C8, 0xBD72, 0xC5B3, 0x828A, 0x5003, 0x5884, 0x5064, 0x5043, 0x6208, 0x5925, 0x5023, 0x5064, 0x5063, 0x4863,
    0x4863, 0x4863, 0x4843, 0x4843, 0x4843, 0x4843, 0x4043, 0x4043, 0x4043, 0x4043, 0x4043, 0x4043, 0x4043, 0x4043, 0x4043, 0x4043,
    0x4043, 0x4043, 0x4043, 0x4043, 0x4043, 0x4043, 0x4043, 0x4043, 0x4043, 0x4043, 0x4043, 0x4043, 0x4043, 0x4043, 0x4043, 0x4043,
    0x4043, 0x4043, 0x4043, 0x4043, 0x4043, 0x4043, 0x4043, 0x4043, 0x4043, 0x4043, 0x4043, 0x4043, 0x4043, 0x4043, 0x4043, 0x4043,
    0x4043, 0x4043, 0x4043, 0x4043, 0x4043, 0x4043, 0x4043, 0x4043, 0x4043, 0x4043, 0x4043, 0x4843, 0x4843, 0x4843, 0x4863, 0x4863,
    0x4863, 0x4863, 0x5063, 0x5064, 0x5023, 0x5905, 0x6228, 0x5043, 0x5064, 0x5884, 0x5003, 0x826A, 0xC5B3, 0xC5B3, 0x826A, 0x5003,
    0x5844, 0x7A69, 0x7A6A, 0x5823, 0x6064, 0x6084, 0x6064, 0x6064, 0x6064, 0x6085, 0x6085, 0x6885, 0x6885, 0x6885, 0x6885, 0x6885,
    0x6885, 0x6885, 0x6885, 0x6885, 0x6885, 0x6885, 0x6885, 0x7085, 0x7085, 0x7085, 0x7085, 0x7085, 0x7085, 0x7085, 0x7085, 0x7085,
    0x7085, 0x7085, 0x7085, 0x7085, 0x7085, 0x7085, 0x7085, 0x7085, 0x7085, 0x7085, 0x7885, 0x7885, 0x7885, 0x7885, 0x7885, 0x7885,
    0x7885, 0x7885, 0x7885, 0x7885, 0x7885, 0x7885, 0x7885, 0x7885, 0x7885, 0x7885, 0x7885, 0x7885, 0x7885, 0x7885, 0x7885, 0x7885,
    0x7885, 0x7885, 0x7885, 0x7885, 0x7885, 0x7885, 0x7885, 0x7885, 0x7885, 0x7885, 0x7885, 0x7885, 0x7885, 0x7885, 0x7885, 0x7885,
    0x7885, 0x7885, 0x7885, 0x7885, 0x7885, 0x7885, 0x7885, 0x7885, 0x7885, 0x7885, 0x7885, 0x7885, 0x7885, 0x7885, 0x7885, 0x7885,
    0x7885, 0x7885, 0x7885, 0x7885, 0x7885, 0x7885, 0x7085, 0x7085, 0x7085, 0x7085, 0x7085, 0x7085, 0x7085, 0x7085, 0x7085, 0x7085,
    0x7085, 0x7085, 0x7085, 0x7085, 0x7085, 0x7085, 0x7085, 0x7085, 0x7085, 0x6885, 0x6885, 0x6885, 0x6885, 0x6885, 0x6885, 0x6885,
    0x6885, 0x6885, 0x6885, 0x6885, 0x6885, 0x6085, 0x6085, 0x6064, 0x6064, 0x6064, 0x6064, 0x6084, 0x5803, 0x7A08, 0x82CA, 0x6064,
    0x5003, 0x79C8, 0xBD72, 0xC5D3, 0x8B0C, 0x5003, 0x5864, 0x5864, 0x5023, 0x61E7, 0x5966, 0x5023, 0x5064, 0x5063, 0x5063, 0x4863,
    0x4863, 0x4863, 0x4843, 0x4843, 0x4843, 0x4043, 0x4043, 0x4043, 0x4043, 0x4043, 0x4043, 0x4043, 0x4043, 0x4043, 0x4043, 0x4043,
    0x4043, 0x4043, 0x4043, 0x4043, 0x4043, 0x4043, 0x4043, 0x4043, 0x4043, 0x4043, 0x4043, 0x4043, 0x4043, 0x4043, 0x4043, 0x4043,
    0x4043, 0x4043, 0x4043, 0x4043, 0x4043, 0x4043, 0x4043, 0x4043, 0x4043, 0x4043, 0x4043, 0x4043, 0x4043, 0x4043, 0x4043, 0x4043,
    0x4043, 0x4043, 0x4043, 0x4043, 0x4043, 0x4043, 0x4043, 0x4043, 0x4043, 0x4043, 0x4043, 0x4043, 0x4843, 0x4843, 0x4843, 0x4863,
    0x4863, 0x4863, 0x5063, 0x5063, 0x5064, 0x5023, 0x5946, 0x61E7, 0x5043, 0x5064, 0x5884, 0x5003, 0x828A, 0xC5B3, 0xC5B3, 0x826A,
    0x5003, 0x5823, 0x7A09, 0x82AA, 0x5844, 0x6064, 0x6084, 0x6064, 0x6064, 0x6064, 0x6084, 0x6885, 0x6885, 0x6885, 0x6885, 0x6885,
    0x6885, 0x6885, 0x6885, 0x6885, 0x6885, 0x6885, 0x6885, 0x6885, 0x7085, 0x7085, 0x7085, 0x7085, 0x7085, 0x7085, 0x7085, 0x7085,
    0x7085, 0x7085, 0x7085, 0x7085, 0x7085, 0x7085, 0x7085, 0x7085, 0x7085, 0x7085, 0x7085, 0x7085, 0x7885, 0x7885, 0x7885, 0x7885,
    0x7885, 0x7885, 0x7885, 0x7885, 0x7885, 0x7885, 0x7885, 0x7885, 0x7885, 0x7885, 0x7885, 0x7885, 0x7885, 0x7885, 0x7885, 0x7885,
    0x7885, 0x7885, 0x7885, 0x7885, 0x7885, 0x7885, 0x7885, 0x7885, 0x7885, 0x7885, 0x7885, 0x7885, 0x7885, 0x7885, 0x7885, 0x7885,
    0x7885, 0x7885, 0x7885, 0x7885, 0x7885, 0x7885, 0x7885, 0x7885, 0x7885, 0x7885, 0x7885, 0x7885, 0x7885, 0x7885, 0x7885, 0x7885,
    0x7885, 0x7885, 0x7885, 0x7885, 0x7085, 0x7085, 0x7085, 0x7085, 0x7085, 0x7085, 0x7085, 0x7085, 0x7085, 0x7085, 0x7085, 0x7085,
    0x7085, 0x7085, 0x7085, 0x7085, 0x7085, 0x7085, 0x7085, 0x6885, 0x6885, 0x6885, 0x6885, 0x6885, 0x6885, 0x6885, 0x6885, 0x6885,
    0x6885, 0x6885, 0x6885, 0x6885, 0x6085, 0x6085, 0x6064, 0x6064, 0x6064, 0x6084, 0x6084, 0x5823, 0x7A49, 0x7A8A, 0x5844, 0x5003,
    0x79C8, 0xBD72, 0xC5D3, 0x8B2C, 0x5023, 0x5864, 0x5864, 0x5023, 0x61A7, 0x5986, 0x5023, 0x5064, 0x5063, 0x5063, 0x4863, 0x4863,
    0x4863, 0x4843, 0x4843, 0x4843, 0x4043, 0x4043, 0x4043, 0x4043, 0x4043, 0x4043, 0x4043, 0x4043, 0x4043, 0x4043, 0x4043, 0x4043,
    0x4043, 0x4043, 0x4043, 0x4043, 0x4043, 0x4043, 0x4043, 0x4043, 0x4043, 0x4043, 0x4043, 0x4043, 0x4043, 0x4043, 0x4043, 0x4043,
    0x4043, 0x4043, 0x4043, 0x4043, 0x4043, 0x4043, 0x4043, 0x4043, 0x4043, 0x4043, 0x4043, 0x4043, 0x4043, 0x4043, 0x4043, 0x4043,
    0x4043, 0x4043, 0x4043, 0x4043, 0x4043, 0x4043, 0x4043, 0x4043, 0x4043, 0x4043, 0x4043, 0x4043, 0x4043, 0x4843, 0x4843, 0x4843,
    0x4863, 0x4863, 0x4863, 0x4863, 0x5063, 0x5064, 0x5023, 0x5966, 0x6208, 0x5023, 0x5864, 0x5884, 0x5003, 0x826A, 0xC5B3, 0xC5B3,
    0x8AAA, 0x5823, 0x5823, 0x7A29, 0x82CB, 0x6064, 0x6044, 0x6084, 0x6064, 0x6064, 0x6064, 0x6064, 0x6085, 0x6885, 0x6885, 0x6885,
    0x6885, 0x6885, 0x6885, 0x6885, 0x6885, 0x6885, 0x6885, 0x6885, 0x6885, 0x6885, 0x6885, 0x7085, 0x7085, 0x7085, 0x7085, 0x7085,
    0x7085, 0x7085, 0x7085, 0x7085, 0x7085, 0x7085, 0x7085, 0x7085, 0x7085, 0x7085, 0x7085, 0x7085, 0x7085, 0x7085, 0x7085, 0x7885,
    0x7085, 0x7885, 0x7885, 0x7885, 0x7885, 0x7885, 0x7885, 0x7885, 0x7885, 0x7885, 0x7885, 0x7885, 0x7885, 0x7885, 0x7885, 0x7885,
    0x7885, 0x7885, 0x7885, 0x7885, 0x7885, 0x7885, 0x7885, 0x7885, 0x7885, 0x7885, 0x7885, 0x7885, 0x7885, 0x7885, 0x7885, 0x7885,
    0x7885, 0x7885, 0x7885, 0x7885, 0x7885, 0x7885, 0x7885, 0x7885, 0x7885, 0x7885, 0x7885, 0x7885, 0x7885, 0x7885, 0x7885, 0x7085,
    0x7085, 0x7085, 0x7085, 0x7085, 0x7085, 0x7085, 0x7085, 0x7085, 0x7085, 0x7085, 0x7085, 0x7085, 0x7085, 0x7085, 0x7085, 0x7085,
    0x7085, 0x7085, 0x7085, 0x7085, 0x7085, 0x7085, 0x6885, 0x6885, 0x6885, 0x6885, 0x6885, 0x6885, 0x6885, 0x6885, 0x6885, 0x6885,
    0x6885, 0x6885, 0x6885, 0x6085, 0x6064, 0x6064, 0x6064, 0x6064, 0x6084, 0x6064, 0x5823, 0x7A8A, 0x7A8A, 0x5844, 0x5803, 0x7A09,
    0xBD72, 0xC5D3, 0x8B2C, 0x5023, 0x5864, 0x5884, 0x5023, 0x61A7, 0x61C7, 0x5023, 0x5064, 0x5063, 0x4863, 0x4863, 0x4863, 0x4863,
    0x4843, 0x4843, 0x4843, 0x4043, 0x4043, 0x4043, 0x4043, 0x4043, 0x4043, 0x4043, 0x4043, 0x4043, 0x4043, 0x4043, 0x4043, 0x4043,
    0x4043, 0x4043, 0x4043, 0x4043, 0x4043, 0x4043, 0x4043, 0x4043, 0x4043, 0x4043, 0x4043, 0x4043, 0x4043, 0x4043, 0x4043, 0x4043,
    0x4043, 0x4043, 0x4043, 0x4043, 0x4043, 0x4043, 0x4043, 0x4043, 0x4043, 0x4043, 0x4043, 0x4043, 0x4043, 0x4043, 0x4043, 0x4043,
    0x4043, 0x4043, 0x4043, 0x4043, 0x4043, 0x4043, 0x4043, 0x4043, 0x4043, 0x4043, 0x4043, 0x4043, 0x4043, 0x4043, 0x4843, 0x4843,
    0x4843, 0x4863, 0x4863, 0x4863, 0x4863, 0x5063, 0x5064, 0x5023, 0x5986, 0x61A7, 0x5023, 0x5864, 0x5884, 0x5003, 0x826A, 0xBD93,
    0xC5D3, 0x930C, 0x5823, 0x5803, 0x71A7, 0x8B2B, 0x60A5, 0x5844, 0x6085, 0x6064, 0x6064, 0x6064, 0x6084, 0x6085, 0x6085, 0x6885,
    0x6885, 0x6885, 0x6885, 0x6885, 0x6885, 0x6885, 0x6885, 0x6885, 0x6885, 0x6885, 0x6885, 0x6885, 0x7085, 0x7085, 0x7085, 0x7085,
    0x7085, 0x7085, 0x7085, 0x7085, 0x7085, 0x7085, 0x7085, 0x7085, 0x7085, 0x7085, 0x7085, 0x7085, 0x7085, 0x7085, 0x7085, 0x7085,
    0x7085, 0x7085, 0x7085, 0x7085, 0x7885, 0x7885, 0x7885, 0x7885, 0x7885, 0x7885, 0x7885, 0x7885, 0x7885, 0x7885, 0x7885, 0x7885,
    0x7885, 0x7885, 0x7885, 0x7885, 0x7885, 0x7885, 0x7885, 0x7885, 0x7885, 0x7885, 0x7885, 0x7885, 0x7885, 0x7885, 0x7885, 0x7885,
    0x7885, 0x7885, 0x7885, 0x7885, 0x7885, 0x7885, 0x7885, 0x7885, 0x7885, 0x7885, 0x7885, 0x7885, 0x7085, 0x7085, 0x7085, 0x7085,
    0x7085, 0x7085, 0x7085, 0x7085, 0x7085, 0x7085, 0x7085, 0x7085, 0x7085, 0x7085, 0x7085, 0x7085, 0x7085, 0x7085, 0x7085, 0x7085,
    0x7085, 0x7085, 0x7085, 0x7085, 0x6885, 0x6885, 0x6885, 0x6885, 0x6885, 0x6885, 0x6885, 0x6885, 0x6885, 0x6885, 0x6885, 0x6885,
    0x6885, 0x6885, 0x6085, 0x6084, 0x6064, 0x6064, 0x6064, 0x6084, 0x6064, 0x6064, 0x82EB, 0x7A29, 0x5823, 0x5003, 0x826A, 0xC5B3,
    0xC5B3, 0x8B0C, 0x5023, 0x5864, 0x5864, 0x5023, 0x5966, 0x61C7, 0x5043, 0x5064, 0x5063, 0x5063, 0x4863, 0x4863, 0x4863, 0x4843,
    0x4843, 0x4843, 0x4843, 0x4043, 0x4043, 0x4043, 0x4043, 0x4043, 0x4043, 0x4043, 0x4043, 0x4043, 0x4043, 0x4043, 0x4043, 0x4043,
    0x4043, 0x4043, 0x4043, 0x4043, 0x4043, 0x4043, 0x4043, 0x4043, 0x4043, 0x4043, 0x4043, 0x4043, 0x4043, 0x4043, 0x4043, 0x4043,
    0x4043, 0x4043, 0x4043, 0x4043, 0x4043, 0x4043, 0x4043, 0x4043, 0x4043, 0x4043, 0x4043, 0x4043, 0x4043, 0x4043, 0x4043, 0x4043,
    0x4043, 0x4043, 0x4043, 0x4043, 0x4043, 0x4043, 0x4043, 0x4043, 0x4043, 0x4043, 0x4043, 0x4043, 0x4043, 0x4043, 0x4843, 0x4843,
    0x4843, 0x4843, 0x4863, 0x4863, 0x4863, 0x4863, 0x5063, 0x5064, 0x5023, 0x5987, 0x61A7, 0x5023, 0x5864, 0x5884, 0x5003, 0x71E8,
    0xBD52, 0xC5D3, 0x936C, 0x5864, 0x5803, 0x6946, 0x8B4C, 0x6906, 0x5823, 0x6085, 0x6064, 0x6064, 0x6064, 0x6064, 0x6084, 0x6085,
    0x6885, 0x6885, 0x6885, 0x6885, 0x6885, 0x6885, 0x6885, 0x6885, 0x6885, 0x6885, 0x6885, 0x6885, 0x6885, 0x6885, 0x7085, 0x7085,
    0x7085, 0x7085, 0x7085, 0x7085, 0x7085, 0x7085, 0x7085, 0x7085, 0x7085, 0x7085, 0x7085, 0x7085, 0x7085, 0x7085, 0x7085, 0x7085,
    0x7085, 0x7085, 0x7085, 0x7085, 0x7085, 0x7085, 0x7085, 0x7085, 0x7885, 0x7885, 0x7885, 0x7885, 0x7885, 0x7885, 0x7885, 0x7885,
    0x7885, 0x7885, 0x7885, 0x7885, 0x7885, 0x7885, 0x7885, 0x7885, 0x7885, 0x7885, 0x7885, 0x7885, 0x7885, 0x7885, 0x7885, 0x7885,
    0x7885, 0x7885, 0x7885, 0x7885, 0x7885, 0x7885, 0x7885, 0x7885, 0x7085, 0x7085, 0x7085, 0x7085, 0x7085, 0x7085, 0x7085, 0x7085,
    0x7085, 0x7085, 0x7085, 0x7085, 0x7085, 0x7085, 0x7085, 0x7085, 0x7085, 0x7085, 0x7085, 0x7085, 0x7085, 0x7085, 0x7085, 0x7085,
    0x7085, 0x7085, 0x7085, 0x6885, 0x6885, 0x6885, 0x6885, 0x6885, 0x6885, 0x6885, 0x6885, 0x6885, 0x6885, 0x6885, 0x6885, 0x6885,
    0x6085, 0x6085, 0x6064, 0x6064, 0x6064, 0x6064, 0x6085, 0x5824, 0x60A5, 0x8B2B, 0x71A8, 0x5803, 0x5823, 0x8ACB, 0xC5B3, 0xC5B3,
    0x828A, 0x5003, 0x5864, 0x5884, 0x5023, 0x5966, 0x61C7, 0x5023, 0x5064, 0x5063, 0x5063, 0x4863, 0x4863, 0x4863, 0x4843, 0x4843,
    0x4843, 0x4843, 0x4043, 0x4043, 0x4043, 0x4043, 0x4043, 0x4043, 0x4043, 0x4043, 0x4043, 0x4043, 0x4043, 0x4043, 0x4043, 0x4043,
    0x4043, 0x4043, 0x4043, 0x4043, 0x4043, 0x4043, 0x4043, 0x4043, 0x4043, 0x4043, 0x4043, 0x4043, 0x4043, 0x4043, 0x4043, 0x4043,
    0x4043, 0x4043, 0x4043, 0x4043, 0x4043, 0x4043, 0x4043, 0x4043, 0x4043, 0x4043, 0x4043, 0x4043, 0x4043, 0x4043, 0x4043, 0x4043,
    0x4043, 0x4043, 0x4043, 0x4043, 0x4043, 0x4043, 0x4043, 0x4043, 0x4043, 0x4043, 0x4043, 0x4043, 0x4043, 0x4043, 0x4043, 0x4843,
    0x4843, 0x4843, 0x4843, 0x4863, 0x4863, 0x4863, 0x5063, 0x5063, 0x5064, 0x5023, 0x5987, 0x61A7, 0x5023, 0x5064, 0x5884, 0x5003,
    0x71C8, 0xBD32, 0xC5F4, 0xA3EE, 0x6085, 0x5803, 0x60E5, 0x8B0B, 0x71A7, 0x5803, 0x6084, 0x6084, 0x6064, 0x6064, 0x6064, 0x6084,
    0x6085, 0x6885, 0x6885, 0x6885, 0x6885, 0x6885, 0x6885, 0x6885, 0x6885, 0x6885, 0x6885, 0x6885, 0x6885, 0x6885, 0x6885, 0x7085,
    0x7085, 0x7085, 0x7085, 0x7085, 0x7085, 0x7085, 0x7085, 0x7085, 0x7085, 0x7085, 0x7085, 0x7085, 0x7085, 0x7085, 0x7085, 0x7085,
    0x7085, 0x7085, 0x7085, 0x7085, 0x7085, 0x7085, 0x7085, 0x7085, 0x7085, 0x7085, 0x7085, 0x7085, 0x7085, 0x7885, 0x7885, 0x7885,
    0x7885, 0x7885, 0x7885, 0x7885, 0x7885, 0x7885, 0x7885, 0x7885, 0x7885, 0x7885, 0x7885, 0x7885, 0x7885, 0x7885, 0x7885, 0x7885,
    0x7885, 0x7885, 0x7885, 0x7085, 0x7085, 0x7085, 0x7085, 0x7085, 0x7085, 0x7085, 0x7085, 0x7085, 0x7085, 0x7085, 0x7085, 0x7085,
    0x7085, 0x7085, 0x7085, 0x7085, 0x7085, 0x7085, 0x7085, 0x7085, 0x7085, 0x7085, 0x7085, 0x7085, 0x7085, 0x7085, 0x7085, 0x7085,
    0x7085, 0x6885, 0x6885, 0x6885, 0x6885, 0x6885, 0x6885, 0x6885, 0x6885, 0x6885, 0x6885, 0x6885, 0x6885, 0x6885, 0x6885, 0x6085,
    0x6084, 0x6064, 0x6064, 0x6064, 0x6064, 0x6085, 0x5823, 0x6946, 0x8B2C, 0x6926, 0x5803, 0x5844, 0x934C, 0xC5D3, 0xBD92, 0x826A,
    0x5003, 0x5884, 0x5864, 0x5023, 0x5966, 0x61C7, 0x5023, 0x5064, 0x5063, 0x5063, 0x4863, 0x4863, 0x4863, 0x4843, 0x4843, 0x4843,
    0x4843, 0x4043, 0x4043, 0x4043, 0x4043, 0x4043, 0x4043, 0x4043, 0x4043, 0x4043, 0x4043, 0x4043, 0x4043, 0x4043, 0x4043, 0x4043,
    0x4043, 0x4043, 0x4043, 0x4043, 0x4043, 0x4043, 0x4043, 0x4043, 0x4043, 0x4043, 0x4043, 0x4043, 0x4043, 0x4043, 0x4043, 0x4043,
    0x4043, 0x4043, 0x4043, 0x4043, 0x4043, 0x4043, 0x4043, 0x4043, 0x4043, 0x4043, 0x4043, 0x4043, 0x4043, 0x4043, 0x4043, 0x4043,
    0x4043, 0x4043, 0x4043, 0x4043, 0x4043, 0x4043, 0x4043, 0x4043, 0x4043, 0x4043, 0x4043, 0x4043, 0x4043, 0x4043, 0x4043, 0x4043,
    0x4843, 0x4843, 0x4843, 0x4843, 0x4863, 0x4863, 0x4863, 0x5063, 0x5063, 0x5064, 0x5023, 0x5986, 0x61E8, 0x5043, 0x5064, 0x5884,
    0x5003, 0x6946, 0xB4F1, 0xC5F4, 0xAC6F, 0x6906, 0x5003, 0x6084, 0x82CA, 0x7A49, 0x5844, 0x6064, 0x6084, 0x6064, 0x6064, 0x6064,
    0x6064, 0x6085, 0x6085, 0x6885, 0x6885, 0x6885, 0x6885, 0x6885, 0x6885, 0x6885, 0x6885, 0x6885, 0x6885, 0x6885, 0x6885, 0x6865,
    0x6824, 0x6865, 0x7085, 0x7085, 0x7085, 0x7085, 0x7085, 0x7085, 0x7085, 0x7085, 0x7085, 0x7085, 0x7085, 0x7085, 0x7085, 0x7085,
    0x7085, 0x7085, 0x7085, 0x7085, 0x7085, 0x7085, 0x7085, 0x7085, 0x7085, 0x7085, 0x7085, 0x7085, 0x7085, 0x7085, 0x7085, 0x7085,
    0x7085, 0x7085, 0x7085, 0x7085, 0x7085, 0x7085, 0x7085, 0x7085, 0x7085, 0x7085, 0x7085, 0x7085, 0x7085, 0x7085, 0x7085, 0x7085,
    0x7085, 0x7085, 0x7085, 0x7085, 0x7085, 0x7085, 0x7085, 0x7085, 0x7085, 0x7085, 0x7085, 0x7085, 0x7085, 0x7085, 0x7085, 0x7085,
    0x7085, 0x7085, 0x7085, 0x7085, 0x7085, 0x7085, 0x7085, 0x7085, 0x7085, 0x7085, 0x7085, 0x7085, 0x7085, 0x7085, 0x7085, 0x6885,
    0x6885, 0x6885, 0x6885, 0x6885, 0x6885, 0x6885, 0x6885, 0x6885, 0x6885, 0x6885, 0x6885, 0x6885, 0x6885, 0x6085, 0x6085, 0x6084,
    0x6064, 0x6064, 0x6064, 0x6084, 0x6064, 0x5823, 0x7A08, 0x830B, 0x60C5, 0x5803, 0x60A5, 0xA3EE, 0xC5F4, 0xBD52, 0x71E8, 0x5003,
    0x5884, 0x5864, 0x5023, 0x61A7, 0x61C7, 0x5023, 0x5064, 0x5063, 0x5063, 0x4863, 0x4863, 0x4863, 0x4843, 0x4843, 0x4843, 0x4843,
    0x4043, 0x4043, 0x4043, 0x4043, 0x4043, 0x4043, 0x4043, 0x4043, 0x4043, 0x4043, 0x4043, 0x4043, 0x4043, 0x4043, 0x4043, 0x4043,
    0x4043, 0x4043, 0x4043, 0x4043, 0x4043, 0x4043, 0x4043, 0x4043, 0x4043, 0x4043, 0x4043, 0x4043, 0x4043, 0x4043, 0x4043, 0x4043,
    0x4043, 0x4043, 0x4043, 0x4043, 0x4043, 0x4043, 0x4043, 0x4043, 0x4043, 0x4043, 0x4043, 0x4043, 0x4043, 0x4043, 0x4043, 0x4043,
    0x4043, 0x4043, 0x4043, 0x4043, 0x4043, 0x4043, 0x4043, 0x4043, 0x4043, 0x4043, 0x4043, 0x4043, 0x4043, 0x4043, 0x4043, 0x4043,
    0x4043, 0x4843, 0x4843, 0x4843, 0x4843, 0x4863, 0x4863, 0x4863, 0x5063, 0x5063, 0x5064, 0x5023, 0x5986, 0x61E7, 0x5043, 0x5044,
    0x5884, 0x5023, 0x60E5, 0xAC90, 0xC5F4, 0xB511, 0x71A8, 0x5003, 0x5844, 0x7A29, 0x82EB, 0x60A5, 0x5824, 0x6085, 0x6064, 0x6064,
    0x6064, 0x6064, 0x6084, 0x6085, 0x6885, 0x6885, 0x6885, 0x6885, 0x6885, 0x6885, 0x6885, 0x6885, 0x6885, 0x6885, 0x6864, 0x70C6,
    0x89C9, 0x70E6, 0x6824, 0x7085, 0x7085, 0x7085, 0x7085, 0x7085, 0x7085, 0x7085, 0x7085, 0x7085, 0x7085, 0x7085, 0x7085, 0x7085,
    0x7085, 0x7085, 0x7085, 0x7085, 0x7085, 0x7085, 0x7085, 0x7085, 0x7085, 0x7085, 0x7085, 0x7085, 0x7085, 0x7085, 0x7085, 0x7085,
    0x7085, 0x7085, 0x7085, 0x7085, 0x7085, 0x7085, 0x7085, 0x7085, 0x7085, 0x7085, 0x7085, 0x7085, 0x7085, 0x7085, 0x7085, 0x7085,
    0x7085, 0x7085, 0x7085, 0x7085, 0x7085, 0x7085, 0x7085, 0x7085, 0x7085, 0x7085, 0x7085, 0x7085, 0x7085, 0x7085, 0x7085, 0x7085,
    0x7085, 0x7085, 0x7085, 0x7085, 0x7085, 0x7085, 0x7085, 0x7085, 0x7085, 0x7085, 0x7085, 0x7085, 0x6844, 0x6824, 0x7085, 0x6885,
    0x6885, 0x6885, 0x6885, 0x6885, 0x6885, 0x6885, 0x6885, 0x6885, 0x6885, 0x6885, 0x6885, 0x6885, 0x6085, 0x6084, 0x6064, 0x6064,
    0x6064, 0x6064, 0x6085, 0x6044, 0x6064, 0x82AA, 0x7A8A, 0x5864, 0x5003, 0x6926, 0xAC90, 0xC5F4, 0xB4F1, 0x6967, 0x5023, 0x5884,
    0x5864, 0x5023, 0x61A7, 0x61C7, 0x5043, 0x5064, 0x5063, 0x5063, 0x4863, 0x4863, 0x4863, 0x4843, 0x4843, 0x4843, 0x4843, 0x4043,
    0x4043, 0x4043, 0x4043, 0x4043, 0x4043, 0x4043, 0x4043, 0x4043, 0x4043, 0x4043, 0x4043, 0x4043, 0x4043, 0x4043, 0x4043, 0x4043,
    0x4043, 0x4043, 0x4043, 0x4043, 0x4043, 0x4043, 0x4043, 0x4043, 0x4043, 0x4043, 0x4043, 0x4043, 0x4043, 0x4043, 0x4043, 0x4043,
    0x4043, 0x4043, 0x4043, 0x4043, 0x4043, 0x4043, 0x4043, 0x4043, 0x4043, 0x4043, 0x4043, 0x4043, 0x4043, 0x4043, 0x4043, 0x4043,
    0x4043, 0x4043, 0x4043, 0x4043, 0x4043, 0x4043, 0x4043, 0x4043, 0x4043, 0x4043, 0x4043, 0x4043, 0x4043, 0x4043, 0x4043, 0x4043,
    0x4043, 0x4043, 0x4843, 0x4843, 0x4843, 0x4863, 0x4863, 0x4863, 0x4863, 0x5063, 0x5063, 0x5064, 0x5023, 0x5926, 0x6228, 0x5064,
    0x5043, 0x5884, 0x5023, 0x5884, 0x9BEE, 0xC5F3, 0xBD72, 0x828A, 0x5823, 0x5803, 0x6967, 0x8B2B, 0x7167, 0x5823, 0x6084, 0x6084,
    0x6064, 0x6064, 0x6064, 0x6084, 0x6085, 0x6885, 0x6885, 0x6885, 0x6885, 0x6885, 0x6885, 0x6885, 0x6885, 0x6844, 0x7927, 0xCD52,
    0xC532, 0xCD32, 0x9ACB, 0x6844, 0x7085, 0x7085, 0x7085, 0x7085, 0x7085, 0x7085, 0x7085, 0x7085, 0x7085, 0x7085, 0x7085, 0x7085,
    0x7085, 0x7085, 0x7085, 0x7085, 0x7085, 0x7085, 0x7085, 0x7085, 0x7085, 0x7085, 0x7085, 0x7085, 0x7085, 0x7085, 0x7085, 0x7085,
    0x7085, 0x7085, 0x7085, 0x7085, 0x7085, 0x7085, 0x7085, 0x7085, 0x7085, 0x7085, 0x7085, 0x7085, 0x7085, 0x7085, 0x7085, 0x7085,
    0x7085, 0x7085, 0x7085, 0x7085, 0x7085, 0x7085, 0x7085, 0x7085, 0x7085, 0x7085, 0x7085, 0x7085, 0x7085, 0x7085, 0x7085, 0x7085,
    0x7085, 0x7085, 0x7085, 0x7085, 0x7085, 0x7085, 0x7085, 0x7085, 0x7085, 0x7085, 0x7085, 0x6864, 0x8188, 0xA36D, 0x6885, 0x6885,
    0x68A5, 0x6865, 0x6885, 0x6885, 0x6885, 0x6885, 0x6885, 0x6885, 0x6885, 0x6885, 0x6885, 0x6085, 0x6084, 0x6064, 0x6064, 0x6064,
    0x6084, 0x6085, 0x5823, 0x6906, 0x8B2B, 0x71C8, 0x5823, 0x5003, 0x79E8, 0xBD31, 0xC5F4, 0xA46F, 0x60E5, 0x5023, 0x5884, 0x5044,
    0x5043, 0x61E7, 0x5986, 0x5023, 0x5064, 0x5063, 0x5063, 0x4863, 0x4863, 0x4863, 0x4863, 0x4843, 0x4843, 0x4843, 0x4043, 0x4043,
    0x4043, 0x4043, 0x4043, 0x4043, 0x4043, 0x4043, 0x4043, 0x4043, 0x4043, 0x4043, 0x4043, 0x4043, 0x4043, 0x4043, 0x4043, 0x4043,
    0x4043, 0x4043, 0x4043, 0x4043, 0x4043, 0x4043, 0x4043, 0x4043, 0x4043, 0x4043, 0x4043, 0x4043, 0x4043, 0x4043, 0x4043, 0x4043,
    0x4043, 0x4043, 0x4043, 0x4043, 0x4043, 0x4043, 0x4043, 0x4043, 0x4043, 0x4043, 0x4043, 0x4043, 0x4043, 0x4043, 0x4043, 0x4043,
    0x4043, 0x4043, 0x4043, 0x4043, 0x4043, 0x4043, 0x4043, 0x4043, 0x4043, 0x4043, 0x4043, 0x4043, 0x4043, 0x4043, 0x4043, 0x4043,
    0x4043, 0x4043, 0x4043, 0x4843, 0x4843, 0x4843, 0x4863, 0x4863, 0x4863, 0x4863, 0x4863, 0x5063, 0x5064, 0x5023, 0x5905, 0x6228,
    0x58A4, 0x5023, 0x5884, 0x5044, 0x5043, 0x8B0B, 0xC5B3, 0xC5D3, 0x9B6D, 0x6084, 0x5003, 0x60A5, 0x82EB, 0x7A69, 0x6044, 0x6044,
    0x6085, 0x6064, 0x6064, 0x6064, 0x6064, 0x6084, 0x6085, 0x6885, 0x6885, 0x6885, 0x6885, 0x6885, 0x6885, 0x6003, 0xABCE, 0xBCB0,
    0x6003, 0x7947, 0xCD93, 0x81C8, 0x6844, 0x7085, 0x6885, 0x6885, 0x7085, 0x7085, 0x7085, 0x7085, 0x7085, 0x7085, 0x7085, 0x7085,
    0x7085, 0x7085, 0x7085, 0x7085, 0x7085, 0x7085, 0x7085, 0x7085, 0x7085, 0x7085, 0x7085, 0x7085, 0x7085, 0x7085, 0x7085, 0x7085,
    0x7085, 0x7085, 0x7085, 0x7085, 0x7085, 0x7085, 0x7085, 0x7085, 0x7085, 0x7085, 0x7085, 0x7085, 0x7085, 0x7085, 0x7085, 0x7085,
    0x7085, 0x7085, 0x7085, 0x7085, 0x7085, 0x7085, 0x7085, 0x7085, 0x7085, 0x7085, 0x7085, 0x7085, 0x7085, 0x7085, 0x7085, 0x7085,
    0x7085, 0x7085, 0x7085, 0x7085, 0x7085, 0x7085, 0x7085, 0x7085, 0x6885, 0x6885, 0x6885, 0x6844, 0x81A8, 0xDE15, 0x81A8, 0x6024,
    0x6004, 0x68A5, 0x6885, 0x6865, 0x6885, 0x6885, 0x6885, 0x6885, 0x6885, 0x6085, 0x6084, 0x6084, 0x6064, 0x6064, 0x6064, 0x6085,
    0x6064, 0x5823, 0x7A08, 0x8B0B, 0x6906, 0x5803, 0x5844, 0x8AEB, 0xC593, 0xC5D3, 0x9B8D, 0x5884, 0x5023, 0x5884, 0x5044, 0x5064,
    0x6208, 0x5966, 0x5023, 0x5064, 0x5063, 0x5063, 0x4863, 0x4863, 0x4863, 0x4863, 0x4843, 0x4843, 0x4843, 0x4043, 0x4043, 0x4043,
    0x4043, 0x4043, 0x4043, 0x4043, 0x4043, 0x4043, 0x4043, 0x4043, 0x4043, 0x4043, 0x4043, 0x4043, 0x4043, 0x4043, 0x4043, 0x4043,
    0x4043, 0x4043, 0x4043, 0x4043, 0x4043, 0x4043, 0x4043, 0x4043, 0x4043, 0x4043, 0x4043, 0x4043, 0x4043, 0x4043, 0x4043, 0x4043,
    0x4043, 0x4043, 0x4043, 0x4043, 0x4043, 0x4043, 0x4043, 0x4043, 0x4043, 0x4043, 0x4043, 0x4043, 0x4043, 0x4043, 0x4043, 0x4043,
    0x4043, 0x4043, 0x4043, 0x4043, 0x4043, 0x4043, 0x4043, 0x4043, 0x4043, 0x4043, 0x4043, 0x4043, 0x4043, 0x4043, 0x4043, 0x4043,
    0x4043, 0x4043, 0x4043, 0x4043, 0x4843, 0x4843, 0x4843, 0x4843, 0x4863, 0x4863, 0x4863, 0x4863, 0x5063, 0x5064, 0x5023, 0x58E5,
    0x6248, 0x58E5, 0x5023, 0x5884, 0x5864, 0x5003, 0x7A29, 0xBD32, 0xC5F4, 0xAC90, 0x6947, 0x5003, 0x5844, 0x7A09, 0x8B0B, 0x6926,
    0x5823, 0x6084, 0x6084, 0x6064, 0x6064, 0x6064, 0x6064, 0x6084, 0x6085, 0x6085, 0x6885, 0x6885, 0x6885, 0x6004, 0x9B0C, 0xC4F1,
    0x6864, 0x6044, 0xCD53, 0x92AB, 0x6004, 0x68A5, 0x6885, 0x6885, 0x6885, 0x6885, 0x6885, 0x6885, 0x70A5, 0x7085, 0x7085, 0x7085,
    0x7085, 0x7085, 0x7085, 0x7085, 0x7085, 0x7085, 0x7085, 0x7085, 0x7085, 0x7085, 0x7085, 0x7085, 0x7085, 0x7085, 0x7085, 0x7085,
    0x7085, 0x7085, 0x7085, 0x7085, 0x7085, 0x7085, 0x7085, 0x7085, 0x7085, 0x7085, 0x7085, 0x7085, 0x7085, 0x7085, 0x7085, 0x7085,
    0x7085, 0x7085, 0x7085, 0x7085, 0x7085, 0x7085, 0x7085, 0x7085, 0x7085, 0x7085, 0x7085, 0x7085, 0x7085, 0x7085, 0x7085, 0x7085,
    0x7085, 0x7085, 0x7085, 0x7085, 0x7085, 0x6885, 0x6885, 0x6885, 0x6885, 0x6885, 0x6885, 0x68A5, 0x6003, 0xB42F, 0xB450, 0x68A5,
    0xA36D, 0xBCD1, 0x70E6, 0x6064, 0x6885, 0x6885, 0x6085, 0x6085, 0x6084, 0x6064, 0x6064, 0x6064, 0x6064, 0x6084, 0x6085, 0x5823,
    0x60C5, 0x82EB, 0x7A69, 0x5864, 0x5003, 0x60E5, 0xA40E, 0xC5F4, 0xBD72, 0x82AA, 0x5023, 0x5864, 0x5884, 0x5023, 0x58A4, 0x6228,
    0x5925, 0x5023, 0x5064, 0x5063, 0x5063, 0x4863, 0x4863, 0x4863, 0x4843, 0x4843, 0x4843, 0x4843, 0x4043, 0x4043, 0x4043, 0x4043,
    0x4043, 0x4043, 0x4043, 0x4043, 0x4043, 0x4043, 0x4043, 0x4043, 0x4043, 0x4043, 0x4043, 0x4043, 0x4043, 0x4043, 0x4043, 0x4043,
    0x4043, 0x4043, 0x4043, 0x4043, 0x4043, 0x4043, 0x4043, 0x4043, 0x4043, 0x4043, 0x4043, 0x4043, 0x4043, 0x4043, 0x4043, 0x4043,
    0x4043, 0x4043, 0x4043, 0x4043, 0x4043, 0x4043, 0x4043, 0x4043, 0x4043, 0x4043, 0x4043, 0x4043, 0x4043, 0x4043, 0x4043, 0x4043,
    0x4043, 0x4043, 0x4043, 0x4043, 0x4043, 0x4043, 0x4043, 0x4043, 0x4043, 0x4043, 0x4043, 0x4043, 0x4043, 0x4043, 0x4043, 0x4043,
    0x4043, 0x4043, 0x4043, 0x4043, 0x4043, 0x4843, 0x4843, 0x4843, 0x4843, 0x4863, 0x4863, 0x4863, 0x4863, 0x5063, 0x5064, 0x5043,
    0x5084, 0x6228, 0x5946, 0x5023, 0x5864, 0x5884, 0x5003, 0x6926, 0xAC6F, 0xC5F4, 0xBD52, 0x826A, 0x5823, 0x5803, 0x6906, 0x830B,
    0x7A49, 0x6044, 0x6044, 0x6085, 0x6064, 0x6064, 0x6064, 0x6064, 0x6064, 0x6084, 0x6085, 0x6885, 0x6885, 0x6864, 0x6865, 0xABCE,
    0xC4F1, 0xC532, 0xC4F1, 0x70C6, 0x6865, 0x6885, 0x6885, 0x6885, 0x6885, 0x6885, 0x70A5, 0x70A5, 0x6004, 0x6824, 0x7085, 0x7085,
    0x7085, 0x7085, 0x7085, 0x7085, 0x7085, 0x7085, 0x7085, 0x7085, 0x7085, 0x7085, 0x7085, 0x7085, 0x7085, 0x7085, 0x7085, 0x7085,
    0x7085, 0x7085, 0x7085, 0x7085, 0x7085, 0x7085, 0x7085, 0x7085, 0x7085, 0x7085, 0x7085, 0x7085, 0x7085, 0x7085, 0x7085, 0x7085,
    0x7085, 0x7085, 0x7085, 0x7085, 0x7085, 0x7085, 0x7085, 0x7085, 0x7085, 0x7085, 0x7085, 0x7085, 0x7085, 0x7085, 0x7085, 0x7085,
    0x7085, 0x7085, 0x6844, 0x6824, 0x6864, 0x6885, 0x6885, 0x6885, 0x6885, 0x6885, 0x6885, 0x6885, 0x6044, 0x7968, 0xD5D4, 0xC512,
    0xABCE, 0x7967, 0x6885, 0x6885, 0x6885, 0x6085, 0x6084, 0x6064, 0x6064, 0x6064, 0x6064, 0x6064, 0x6085, 0x6044, 0x5824, 0x71E8,
    0x8B2B, 0x6967, 0x5803, 0x5003, 0x79E8, 0xB4F1, 0xC5F4, 0xB4D1, 0x71A7, 0x5003, 0x5864, 0x5884, 0x5023, 0x58E5, 0x6248, 0x58E5,
    0x5023, 0x5064, 0x5063, 0x4863, 0x4863, 0x4863, 0x4863, 0x4843, 0x4843, 0x4843, 0x4843, 0x4043, 0x4043, 0x4043, 0x4043, 0x4043,
    0x4043, 0x4043, 0x4043, 0x4043, 0x4043, 0x4043, 0x4043, 0x4043, 0x4043, 0x4043, 0x4043, 0x4043, 0x4043, 0x4043, 0x4043, 0x4043,
    0x4043, 0x4043, 0x4043, 0x4043, 0x4043, 0x4043, 0x4043, 0x4043, 0x4043, 0x4043, 0x4043, 0x4043, 0x4043, 0x4043, 0x4043, 0x4043,
    0x4043, 0x4043, 0x4043, 0x4043, 0x4043, 0x4043, 0x4043, 0x4043, 0x4043, 0x4043, 0x4043, 0x4043, 0x4043, 0x4043, 0x4043, 0x4043,
    0x4043, 0x4043, 0x4043, 0x4043, 0x4043, 0x4043, 0x4043, 0x4043, 0x4043, 0x4043, 0x4043, 0x4043, 0x4043, 0x4043, 0x4043, 0x4043,
    0x4043, 0x4043, 0x4043, 0x4043, 0x4043, 0x4043, 0x4843, 0x4843, 0x4843, 0x4843, 0x4863, 0x4863, 0x4863, 0x5063, 0x5063, 0x5064,
    0x5043, 0x5063, 0x61E7, 0x61A7, 0x5023, 0x5044, 0x5884, 0x5023, 0x5864, 0x936C, 0xC5B3, 0xC5D3, 0x9BAD, 0x60C5, 0x5003, 0x5844,
    0x7A29, 0x830B, 0x6946, 0x5823, 0x6064, 0x6084, 0x6064, 0x6064, 0x6064, 0x6064, 0x6064, 0x6085, 0x6085, 0x6885, 0x6864, 0x6024,
    0x7967, 0x8A09, 0x68A5, 0x6844, 0x6885, 0x6885, 0x6885, 0x6885, 0x6885, 0x6844, 0x81A8, 0xCD52, 0xB40F, 0x924A, 0x6865, 0x6885,
    0x7085, 0x7085, 0x7085, 0x7085, 0x7085, 0x7085, 0x7085, 0x7085, 0x7085, 0x7085, 0x7085, 0x7085, 0x7085, 0x7085, 0x7085, 0x7085,
    0x7085, 0x7085, 0x7085, 0x7085, 0x7085, 0x7085, 0x7085, 0x7085, 0x7085, 0x7085, 0x7085, 0x7085, 0x7085, 0x7085, 0x7085, 0x7085,
    0x7085, 0x7085, 0x7085, 0x7085, 0x7085, 0x7085, 0x7085, 0x7085, 0x7085, 0x7085, 0x7085, 0x7085, 0x7085, 0x7085, 0x7085, 0x6885,
    0x7085, 0x6864, 0x81A8, 0xBC90, 0x924A, 0x6024, 0x70A5, 0x6885, 0x6885, 0x6885, 0x6885, 0x6885, 0x6885, 0x6885, 0x928B, 0x7927,
    0x5803, 0x6044, 0x6885, 0x6085, 0x6085, 0x6084, 0x6064, 0x6064, 0x6064, 0x6064, 0x6084, 0x6064, 0x5823, 0x68E5, 0x82EB, 0x7A8A,
    0x6084, 0x5003, 0x6084, 0x932C, 0xC5B3, 0xC5D3, 0x9BEE, 0x60C5, 0x5023, 0x5884, 0x5864, 0x5023, 0x5966, 0x6228, 0x5084, 0x5043,
    0x5064, 0x5063, 0x5063, 0x4863, 0x4863, 0x4863, 0x4843, 0x4843, 0x4843, 0x4843, 0x4043, 0x4043, 0x4043, 0x4043, 0x4043, 0x4043,
    0x4043, 0x4043, 0x4043, 0x4043, 0x4043, 0x4043, 0x4043, 0x4043, 0x4043, 0x4043, 0x4043, 0x4043, 0x4043, 0x4043, 0x4043, 0x4043,
    0x4043, 0x4043, 0x4043, 0x4043, 0x4043, 0x4043, 0x4043, 0x4043, 0x4043, 0x4043, 0x4043, 0x4043, 0x4043, 0x4043, 0x4043, 0x4043,
    0x4043, 0x4043, 0x4043, 0x4043, 0x4043, 0x4043, 0x4043, 0x4043, 0x4043, 0x4043, 0x4043, 0x4043, 0x4043, 0x4043, 0x4043, 0x4043,
    0x4043, 0x4043, 0x4043, 0x4043, 0x4043, 0x4043, 0x4043, 0x4043, 0x4043, 0x4043, 0x4043, 0x4043, 0x4043, 0x4043, 0x4043, 0x4043,
    0x4043, 0x4043, 0x4043, 0x4043, 0x4043, 0x4043, 0x4043, 0x4843, 0x4843, 0x4843, 0x4843, 0x4863, 0x4863, 0x4863, 0x4863, 0x5063,
    0x5063, 0x5064, 0x5023, 0x5986, 0x6208, 0x5064, 0x5043, 0x5884, 0x5864, 0x5023, 0x7A29, 0xB511, 0xC5F4, 0xB4F1, 0x7A29, 0x5823,
    0x5803, 0x6906, 0x82EB, 0x828A, 0x60A5, 0x5823, 0x6084, 0x6084, 0x6064, 0x6064, 0x6064, 0x6064, 0x6084, 0x6085, 0x6885, 0x6885,
    0x6044, 0x6024, 0x6864, 0x6885, 0x6885, 0x6885, 0x6885, 0x6885, 0x6885, 0x6004, 0xA34C, 0xCD73, 0x928B, 0xC4F1, 0xB42F, 0x6864,
    0x6885, 0x6885, 0x6885, 0x6885, 0x6885, 0x6885, 0x6885, 0x7085, 0x7085, 0x7085, 0x7085, 0x7085, 0x7085, 0x7085, 0x7085, 0x7085,
    0x7085, 0x7085, 0x7085, 0x7085, 0x7085, 0x7085, 0x7085, 0x7085, 0x7085, 0x7085, 0x7085, 0x7085, 0x7085, 0x7085, 0x7085, 0x7085,
    0x7085, 0x7085, 0x7085, 0x7085, 0x7085, 0x7085, 0x70A5, 0x7085, 0x6885, 0x6865, 0x7085, 0x6885, 0x6885, 0x6885, 0x6885, 0x6885,
    0x70A5, 0x6024, 0xABEE, 0xC4F1, 0xC532, 0x7967, 0x6024, 0x6885, 0x6885, 0x6885, 0x6885, 0x6885, 0x6885, 0x6885, 0x6024, 0x6044,
    0x6885, 0x6885, 0x6085, 0x6084, 0x6064, 0x6064, 0x6064, 0x6064, 0x6084, 0x6084, 0x5824, 0x6064, 0x7A49, 0x8B0B, 0x6947, 0x5803,
    0x5003, 0x71A8, 0xACB0, 0xC5F4, 0xBD72, 0x82AA, 0x5043, 0x5043, 0x5884, 0x5043, 0x5044, 0x61C7, 0x61C7, 0x5043, 0x5043, 0x5064,
    0x5063, 0x5063, 0x4863, 0x4863, 0x4863, 0x4843, 0x4843, 0x4843, 0x4843, 0x4043, 0x4043, 0x4043, 0x4043, 0x4043, 0x4043, 0x4043,
    0x4043, 0x4043, 0x4043, 0x4043, 0x4043, 0x4043, 0x4043, 0x4043, 0x4043, 0x4043, 0x4043, 0x4043, 0x4043, 0x4043, 0x4043, 0x4043,
    0x4043, 0x4043, 0x4043, 0x4043, 0x4043, 0x4043, 0x4043, 0x4043, 0x4043, 0x4043, 0x4043, 0x4043, 0x4043, 0x4043, 0x4043, 0x4043,
    0x4043, 0x4043, 0x4043, 0x4043, 0x4043, 0x4043, 0x4043, 0x4043, 0x4043, 0x4043, 0x4043, 0x4043, 0x4043, 0x4043, 0x4043, 0x4043,
    0x4043, 0x4043, 0x4043, 0x4043, 0x4043, 0x4043, 0x4043, 0x4043, 0x4043, 0x4043, 0x4043, 0x4043, 0x4043, 0x4043, 0x4043, 0x4043,
    0x4043, 0x4043, 0x4043, 0x4043, 0x4043, 0x4043, 0x4043, 0x4043, 0x4843, 0x4843, 0x4843, 0x4843, 0x4863, 0x4863, 0x4863, 0x4863,
    0x5063, 0x5063, 0x5064, 0x5023, 0x5905, 0x6228, 0x58E5, 0x5023, 0x5864, 0x5884, 0x5003, 0x60E5, 0x9BEE, 0xC5D3, 0xC5D3, 0x9BAD,
    0x60E5, 0x5003, 0x5824, 0x71C8, 0x8B2B, 0x79E8, 0x6044, 0x5824, 0x6085, 0x6084, 0x6064, 0x6064, 0x6064, 0x6064, 0x6084, 0x6085,
    0x6885, 0x6885, 0x6885, 0x6885, 0x6885, 0x6885, 0x6885, 0x6885, 0x6885, 0x6844, 0xBCB0, 0xC511, 0xA38D, 0xBCB0, 0xC532, 0x6865,
    0x6885, 0x6885, 0x6885, 0x6885, 0x6885, 0x6885, 0x7085, 0x6885, 0x6885, 0x6885, 0x6885, 0x7085, 0x7085, 0x7085, 0x7085, 0x7085,
    0x7085, 0x70A5, 0x70A5, 0x7085, 0x7085, 0x7085, 0x7085, 0x7085, 0x7085, 0x7085, 0x7085, 0x7085, 0x70A5, 0x7085, 0x7085, 0x7085,
    0x7085, 0x7085, 0x7085, 0x7085, 0x7085, 0x6844, 0x6824, 0x6885, 0x70A5, 0x70E6, 0x6885, 0x6885, 0x6885, 0x6885, 0x6885, 0x6885,
    0x6885, 0x6024, 0xB40F, 0x8A4A, 0xABEE, 0xCDB3, 0x70E6, 0x6864, 0x6885, 0x6885, 0x6885, 0x6885, 0x6885, 0x6885, 0x6885, 0x6885,
    0x6085, 0x6084, 0x6064, 0x6064, 0x6064, 0x6064, 0x6084, 0x6085, 0x6044, 0x5844, 0x71A7, 0x8B0B, 0x7A29, 0x5864, 0x5003, 0x60A5,
    0x932C, 0xC593, 0xC5F4, 0xAC6F, 0x6946, 0x5003, 0x5864, 0x5884, 0x5023, 0x58A4, 0x6228, 0x5946, 0x5023, 0x5064, 0x5064, 0x5063,
    0x4863, 0x4863, 0x4863, 0x4863, 0x4843, 0x4843, 0x4843, 0x4843, 0x4043, 0x4043, 0x4043, 0x4043, 0x4043, 0x4043, 0x4043, 0x4043,
    0x4043, 0x4043, 0x4043, 0x4043, 0x4043, 0x4043, 0x4043, 0x4043, 0x4043, 0x4043, 0x4043, 0x4043, 0x4043, 0x4043, 0x4043, 0x4043,
    0x4043, 0x4043, 0x4043, 0x4043, 0x4043, 0x4043, 0x4043, 0x4043, 0x4043, 0x4043, 0x4043, 0x4043, 0x4043, 0x4043, 0x4043, 0x4043,
    0x4043, 0x4043, 0x4043, 0x4043, 0x4043, 0x4043, 0x4043, 0x4043, 0x4043, 0x4043, 0x4043, 0x4043, 0x4043, 0x4043, 0x4043, 0x4043,
    0x4043, 0x4043, 0x4043, 0x4043, 0x4043, 0x4043, 0x4043, 0x4043, 0x4043, 0x4043, 0x4043, 0x4043, 0x4043, 0x4043, 0x4043, 0x4043,
    0x4043, 0x4043, 0x4043, 0x4043, 0x4043, 0x4043, 0x4043, 0x4043, 0x4043, 0x4843, 0x4843, 0x4843, 0x4843, 0x4863, 0x4863, 0x4863,
    0x4863, 0x5063, 0x5063, 0x5064, 0x5023, 0x5084, 0x6208, 0x6186, 0x5023, 0x5044, 0x5884, 0x5043, 0x5043, 0x828A, 0xB511, 0xCDF4,
    0xB511, 0x826A, 0x5844, 0x5003, 0x6085, 0x7A49, 0x830B, 0x7187, 0x5824, 0x6044, 0x6084, 0x6084, 0x6064, 0x6064, 0x6064, 0x6064,
    0x6084, 0x6085, 0x6085, 0x6885, 0x6885, 0x6885, 0x6885, 0x6885, 0x6044, 0x7967, 0xD5D4, 0x7126, 0xB450, 0xBCB0, 0x70E6, 0x6864,
    0x6885, 0x6885, 0x6885, 0x6885, 0x6885, 0x6024, 0x8A4A, 0xBCB1, 0x70A5, 0x6885, 0x6885, 0x6885, 0x6885, 0x6885, 0x6885, 0x6885,
    0x6824, 0x6004, 0x6004, 0x6824, 0x6885, 0x7085, 0x7085, 0x7085, 0x7085, 0x7085, 0x7085, 0x7085, 0x6824, 0x6864, 0x7085, 0x6885,
    0x6885, 0x6885, 0x6885, 0x6885, 0x6865, 0x8A2A, 0xA30C, 0x6004, 0x8A09, 0xC4F1, 0x6864, 0x6885, 0x6885, 0x6885, 0x6885, 0x6885,
    0x6885, 0x6024, 0xB42F, 0xBCB1, 0x8A6A, 0xB470, 0xABCE, 0x6044, 0x6885, 0x6885, 0x6885, 0x6885, 0x6885, 0x6085, 0x6085, 0x6084,
    0x6064, 0x6064, 0x6064, 0x6064, 0x6084, 0x6085, 0x6044, 0x5823, 0x6946, 0x82EB, 0x828A, 0x60C5, 0x5003, 0x5823, 0x7A09, 0xB4D0,
    0xC5F4, 0xBD52, 0x8B0B, 0x5884, 0x5023, 0x5884, 0x5064, 0x5023, 0x5946, 0x6228, 0x50C5, 0x5023, 0x5064, 0x5063, 0x5063, 0x4863,
    0x4863, 0x4863, 0x4863, 0x4843, 0x4843, 0x4843, 0x4843, 0x4043, 0x4043, 0x4043, 0x4043, 0x4043, 0x4043, 0x4043, 0x4043, 0x4043,
    0x4043, 0x4043, 0x4043, 0x4043, 0x4043, 0x4043, 0x4043, 0x4043, 0x4043, 0x4043, 0x4043, 0x4043, 0x4043, 0x4043, 0x4043, 0x4043,
    0x4043, 0x4043, 0x4043, 0x4043, 0x4043, 0x4043, 0x4043, 0x4043, 0x4043, 0x4043, 0x4043, 0x4043, 0x4043, 0x4043, 0x4043, 0x4043,
    0x4043, 0x4043, 0x4043, 0x4043, 0x4043, 0x4043, 0x4043, 0x4043, 0x4043, 0x4043, 0x4043, 0x4043, 0x4043, 0x4043, 0x4043, 0x4043,
    0x4043, 0x4043, 0x4043, 0x4043, 0x4043, 0x4043, 0x4043, 0x4043, 0x4043, 0x4043, 0x4043, 0x4043, 0x4043, 0x4043, 0x4043, 0x4043,
    0x4043, 0x4043, 0x4043, 0x4043, 0x4043, 0x4043, 0x4043, 0x4043, 0x4043, 0x4043, 0x4843, 0x4843, 0x4843, 0x4843, 0x4863, 0x4863,
    0x4863, 0x4863, 0x5063, 0x5063, 0x5064, 0x5043, 0x5043, 0x59A7, 0x6208, 0x58A4, 0x5023, 0x5884, 0x5864, 0x5003, 0x60E5, 0x9BCE,
    0xC5B3, 0xC5D3, 0xA44F, 0x7187, 0x5003, 0x5003, 0x68E6, 0x82AA, 0x82EB, 0x6967, 0x5824, 0x6044, 0x6084, 0x6084, 0x6064, 0x6064,
    0x6064, 0x6064, 0x6084, 0x6085, 0x6085, 0x6085, 0x6885, 0x6885, 0x6864, 0x68A5, 0x81A8, 0x6044, 0x92AB, 0xAC0F, 0x6003, 0x6885,
    0x6885, 0x6885, 0x6885, 0x6885, 0x6885, 0x6004, 0xA36D, 0xC4F1, 0x6044, 0x6885, 0x6885, 0x6885, 0x6885, 0x6885, 0x6885, 0x6844,
    0x926A, 0xB42F, 0xB3EF, 0x926A, 0x70A5, 0x6885, 0x6885, 0x6885, 0x6885, 0x6885, 0x6885, 0x6885, 0x9ACB, 0x81C8, 0x6844, 0x6885,
    0x6885, 0x6885, 0x6885, 0x6885, 0x6024, 0xB42F, 0xE696, 0xB42F, 0x81A8, 0xCD32, 0x70E6, 0x6865, 0x6885, 0x6885, 0x6885, 0x6885,
    0x6885, 0x6044, 0xBC90, 0x8A29, 0x5803, 0x6885, 0x68A5, 0x6885, 0x6885, 0x6885, 0x6885, 0x6085, 0x6085, 0x6084, 0x6064, 0x6064,
    0x6064, 0x6064, 0x6084, 0x6085, 0x6044, 0x5823, 0x6906, 0x82AA, 0x82CB, 0x6946, 0x5803, 0x5003, 0x6926, 0xA3CE, 0xC5D3, 0xC5D3,
    0xA44F, 0x6947, 0x5003, 0x5864, 0x5884, 0x5043, 0x5064, 0x61E7, 0x61E7, 0x5063, 0x5043, 0x5064, 0x5063, 0x4863, 0x4863, 0x4863,
    0x4863, 0x4863, 0x4843, 0x4843, 0x4843, 0x4843, 0x4043, 0x4043, 0x4043, 0x4043, 0x4043, 0x4043, 0x4043, 0x4043, 0x4043, 0x4043,
    0x4043, 0x4043, 0x4043, 0x4043, 0x4043, 0x4043, 0x4043, 0x4043, 0x4043, 0x4043, 0x4043, 0x4043, 0x4043, 0x4043, 0x4043, 0x4043,
    0x4043, 0x4043, 0x4043, 0x4043, 0x4043, 0x4043, 0x4043, 0x4043, 0x4043, 0x4043, 0x4043, 0x4043, 0x4043, 0x4043, 0x4043, 0x4043,
    0x4043, 0x4043, 0x4043, 0x4043, 0x4043, 0x4043, 0x4043, 0x4043, 0x4043, 0x4043, 0x4043, 0x4043, 0x4043, 0x4043, 0x4043, 0x4043,
    0x4043, 0x4043, 0x4043, 0x4043, 0x4043, 0x4043, 0x4043, 0x4043, 0x4043, 0x4043, 0x4043, 0x4043, 0x4043, 0x4043, 0x4043, 0x4043,
    0x4043, 0x4043, 0x4043, 0x4043, 0x4043, 0x4043, 0x4043, 0x4043, 0x4043, 0x4043, 0x4043, 0x4043, 0x4843, 0x4843, 0x4843, 0x4843,
    0x4863, 0x4863, 0x4863, 0x4863, 0x5063, 0x5063, 0x5064, 0x5023, 0x5905, 0x6228, 0x5946, 0x5023, 0x5064, 0x5884, 0x5043, 0x5023,
    0x7A09, 0xACB0, 0xC5F4, 0xBD93, 0x9B8D, 0x6906, 0x5003, 0x5803, 0x6946, 0x82CB, 0x82EB, 0x6967, 0x5824, 0x6044, 0x6084, 0x6084,
    0x6064, 0x6064, 0x6064, 0x6064, 0x6064, 0x6064, 0x6084, 0x6085, 0x6885, 0x6064, 0x6044, 0x6864, 0x6885, 0x7967, 0x68A5, 0x6865,
    0x6885, 0x6885, 0x6885, 0x6885, 0x6885, 0x6004, 0xB44F, 0xABAE, 0x6003, 0x6885, 0x6885, 0x6885, 0x6885, 0x6885, 0x6024, 0x9AAB,
    0xD5B4, 0x9AAB, 0x9AAB, 0xA38D, 0x6885, 0x6885, 0x6885, 0x6885, 0x6885, 0x6885, 0x6885, 0x6844, 0xCD73, 0x9B0C, 0x6004, 0x68A5,
    0x6885, 0x6885, 0x6885, 0x6885, 0x6004, 0xA32C, 0xB42F, 0xABEE, 0xCD93, 0xCD73, 0x7988, 0x6044, 0x6885, 0x6885, 0x6885, 0x6885,
    0x6885, 0x6885, 0x7106, 0x6885, 0x6885, 0x6865, 0x6064, 0x6885, 0x6085, 0x6084, 0x6064, 0x6064, 0x6064, 0x6064, 0x6064, 0x6064,
    0x6084, 0x6084, 0x6044, 0x5823, 0x6926, 0x82AA, 0x82EB, 0x7187, 0x5823, 0x5003, 0x60C5, 0x930C, 0xBD52, 0xCDF4, 0xB511, 0x828A,
    0x5864, 0x5023, 0x5884, 0x5064, 0x5023, 0x5905, 0x6228, 0x5946, 0x5023, 0x5064, 0x5064, 0x5063, 0x4863, 0x4863, 0x4863, 0x4863,
    0x4843, 0x4843, 0x4843, 0x4843, 0x4843, 0x4043, 0x4043, 0x4043, 0x4043, 0x4043, 0x4043, 0x4043, 0x4043, 0x4043, 0x4043, 0x4043,
    0x4043, 0x4043, 0x4043, 0x4043, 0x4043, 0x4043, 0x4043, 0x4043, 0x4043, 0x4043, 0x4043, 0x4043, 0x4043, 0x4043, 0x4043, 0x4043,
    0x4043, 0x4043, 0x4043, 0x4043, 0x4043, 0x4043, 0x4043, 0x4043, 0x4043, 0x4043, 0x4043, 0x4043, 0x4043, 0x4043, 0x4043, 0x4043,
    0x4043, 0x4043, 0x4043, 0x4043, 0x4043, 0x4043, 0x4043, 0x4043, 0x4043, 0x4043, 0x4043, 0x4043, 0x4043, 0x4043, 0x4043, 0x4043,
    0x4043, 0x4043, 0x4043, 0x4043, 0x4043, 0x4043, 0x4043, 0x4043, 0x4043, 0x4043, 0x4043, 0x4043, 0x4043, 0x4043, 0x4043, 0x4043,
    0x4043, 0x4043, 0x4043, 0x4043, 0x4043, 0x4043, 0x4043, 0x4043, 0x4043, 0x4043, 0x4043, 0x4043, 0x4043, 0x4843, 0x4843, 0x4843,
    0x4843, 0x4863, 0x4863, 0x4863, 0x4863, 0x5063, 0x5063, 0x5064, 0x5023, 0x5064, 0x61E7, 0x61E8, 0x5084, 0x5023, 0x5884, 0x5864,
    0x5003, 0x5884, 0x8B0B, 0xBD52, 0xCE14, 0xBD32, 0x8AEB, 0x60C5, 0x5003, 0x5823, 0x6946, 0x82CB, 0x82EB, 0x6967, 0x5844, 0x5824,
    0x6064, 0x6084, 0x6084, 0x6064, 0x6064, 0x6064, 0x6064, 0x6064, 0x6084, 0x6085, 0x6885, 0x6885, 0x6064, 0x6044, 0x6864, 0x6885,
    0x6885, 0x6885, 0x6885, 0x6885, 0x6865, 0x6885, 0xCD73, 0x92AB, 0x6004, 0x6885, 0x6885, 0x6885, 0x6885, 0x6885, 0x6004, 0xBCD1,
    0x9B2C, 0x5803, 0x9B0C, 0x9ACB, 0x7967, 0x6864, 0x6885, 0x6885, 0x6885, 0x6885, 0x6885, 0x6024, 0xBC90, 0x9B0C, 0x6004, 0x6885,
    0x6885, 0x6885, 0x6885, 0x6885, 0x6024, 0x8A4A, 0xC4F1, 0x6003, 0x9AEB, 0xD614, 0x8A6A, 0x6024, 0x6885, 0x6885, 0x6885, 0x6885,
    0x6885, 0x6885, 0x6064, 0x6885, 0x6085, 0x6085, 0x6085, 0x6084, 0x6064, 0x6064, 0x6064, 0x6064, 0x6064, 0x6064, 0x6084, 0x6084,
    0x6024, 0x5824, 0x6926, 0x82AA, 0x82EB, 0x7187, 0x5844, 0x5002, 0x6084, 0x828A, 0xB4F1, 0xCE14, 0xBD92, 0x936D, 0x60E5, 0x5003,
    0x5864, 0x5884, 0x5043, 0x5064, 0x61C7, 0x6208, 0x50A4, 0x5023, 0x5064, 0x5063, 0x5063, 0x4863, 0x4863, 0x4863, 0x4863, 0x4843,
    0x4843, 0x4843, 0x4843, 0x4043, 0x4043, 0x4043, 0x4043, 0x4043, 0x4043, 0x4043, 0x4043, 0x4043, 0x4043, 0x4043, 0x4043, 0x4043,
    0x4043, 0x4043, 0x4043, 0x4043, 0x4043, 0x4043, 0x4043, 0x4043, 0x4043, 0x4043, 0x4043, 0x4043, 0x4043, 0x4043, 0x4043, 0x4043,
    0x4043, 0x4043, 0x4043, 0x4043, 0x4043, 0x4043, 0x4043, 0x4043, 0x4043, 0x4043, 0x4043, 0x4043, 0x4043, 0x4043, 0x4043, 0x4043,
    0x4043, 0x4043, 0x4043, 0x4043, 0x4043, 0x4043, 0x4043, 0x4043, 0x4043, 0x4043, 0x4043, 0x4043, 0x4043, 0x4043, 0x4043, 0x4043,
    0x4043, 0x4043, 0x4043, 0x4043, 0x4043, 0x4043, 0x4043, 0x4043, 0x4043, 0x4043, 0x4043, 0x4043, 0x4043, 0x4043, 0x4043, 0x4043,
    0x4043, 0x4043, 0x4043, 0x4043, 0x4043, 0x4043, 0x4043, 0x4043, 0x4043, 0x4043, 0x4043, 0x4043, 0x4043, 0x4043, 0x4843, 0x4843,
    0x4843, 0x4843, 0x4863, 0x4863, 0x4863, 0x4863, 0x5063, 0x5063, 0x5064, 0x5063, 0x5023, 0x5925, 0x6228, 0x5946, 0x5043, 0x5044,
    0x5884, 0x5864, 0x5003, 0x6926, 0x9BAD, 0xBD93, 0xCE14, 0xB4F1, 0x828A, 0x6085, 0x5003, 0x5803, 0x6947, 0x82AA, 0x82EB, 0x71C8,
    0x6084, 0x5823, 0x6044, 0x6084, 0x6084, 0x6064, 0x6064, 0x6064, 0x6064, 0x6064, 0x6064, 0x6084, 0x6085, 0x6885, 0x6085, 0x6085,
    0x6885, 0x6885, 0x6885, 0x6885, 0x6864, 0x6885, 0x8A29, 0x7127, 0x6064, 0x6885, 0x6885, 0x6885, 0x6885, 0x6885, 0x6024, 0x9B0C,
    0xCD73, 0x928B, 0xA36D, 0xDE75, 0x92AB, 0x6004, 0x6885, 0x6885, 0x6885, 0x6885, 0x6885, 0x6024, 0xBC90, 0xABAE, 0x6003, 0x6885,
    0x6885, 0x6885, 0x6885, 0x6885, 0x6044, 0x7967, 0xB42F, 0x68C5, 0x6024, 0x7967, 0x70E6, 0x6064, 0x6885, 0x6885, 0x6885, 0x6885,
    0x6085, 0x6085, 0x6085, 0x6085, 0x6084, 0x6064, 0x6064, 0x6064, 0x6064, 0x6064, 0x6064, 0x6084, 0x6084, 0x6064, 0x5823, 0x6064,
    0x7187, 0x82CB, 0x82CA, 0x7187, 0x5823, 0x5003, 0x5864, 0x7A29, 0xACB0, 0xCDF4, 0xC5B3, 0xA40E, 0x6987, 0x5023, 0x5044, 0x5884,
    0x5044, 0x5023, 0x5925, 0x6228, 0x5946, 0x5023, 0x5043, 0x5064, 0x5063, 0x5063, 0x4863, 0x4863, 0x4863, 0x4863, 0x4843, 0x4843,
    0x4843, 0x4843, 0x4043, 0x4043, 0x4043, 0x4043, 0x4043, 0x4043, 0x4043, 0x4043, 0x4043, 0x4043, 0x4043, 0x4043, 0x4043, 0x4043,
    0x4043, 0x4043, 0x4043, 0x4043, 0x4043, 0x4043, 0x4043, 0x4043, 0x4043, 0x4043, 0x4043, 0x4043, 0x4043, 0x4043, 0x4043, 0x4043,
    0x4043, 0x4043, 0x4043, 0x4043, 0x4043, 0x4043, 0x4043, 0x4043, 0x4043, 0x4043, 0x4043, 0x4043, 0x4043, 0x4043, 0x4043, 0x4043,
    0x4043, 0x4043, 0x4043, 0x4043, 0x4043, 0x4043, 0x4043, 0x4043, 0x4043, 0x4043, 0x4043, 0x4043, 0x4043, 0x4043, 0x4043, 0x4043,
    0x4043, 0x4043, 0x4043, 0x4043, 0x4043, 0x4043, 0x4043, 0x4043, 0x4043, 0x4043, 0x4043, 0x4043, 0x4043, 0x4043, 0x4043, 0x4043,
    0x4043, 0x4043, 0x4043, 0x4043, 0x4043, 0x4043, 0x4043, 0x4043, 0x4043, 0x4043, 0x4043, 0x4043, 0x4043, 0x4043, 0x4043, 0x4843,
    0x4843, 0x4843, 0x4843, 0x4843, 0x4863, 0x4863, 0x4863, 0x4863, 0x5063, 0x5063, 0x5064, 0x5023, 0x5064, 0x61A7, 0x6208, 0x58C5,
    0x5023, 0x5064, 0x5884, 0x5043, 0x5023, 0x71A7, 0xA40E, 0xC5B3, 0xC5F4, 0xB4D0, 0x828A, 0x60C5, 0x5003, 0x5803, 0x6906, 0x7A69,
    0x82EB, 0x7A49, 0x68E5, 0x5824, 0x5824, 0x6064, 0x6085, 0x6084, 0x6064, 0x6064, 0x6064, 0x6064, 0x6064, 0x6064, 0x6084, 0x6084,
    0x6085, 0x6085, 0x6085, 0x6885, 0x6885, 0x6064, 0x6024, 0x6064, 0x6885, 0x6885, 0x6885, 0x6885, 0x6885, 0x6885, 0x6885, 0x6064,
    0x92AB, 0xB44F, 0xAC0F, 0xA3AE, 0x7947, 0x6864, 0x6885, 0x6885, 0x6885, 0x6885, 0x6885, 0x6044, 0xA36D, 0x9AEC, 0x6024, 0x6885,
    0x6885, 0x6885, 0x6885, 0x6885, 0x6885, 0x6885, 0x6064, 0x6885, 0x6885, 0x6044, 0x6064, 0x6885, 0x6885, 0x6085, 0x6085, 0x6085,
    0x6084, 0x6084, 0x6064, 0x6064, 0x6064, 0x6064, 0x6064, 0x6064, 0x6084, 0x6084, 0x6064, 0x5824, 0x5823, 0x60C5, 0x7A08, 0x82EB,
    0x828A, 0x6946, 0x5803, 0x5003, 0x6084, 0x7A29, 0xAC6F, 0xC5D3, 0xC5D3, 0xA46F, 0x7A08, 0x5023, 0x5023, 0x5884, 0x5864, 0x5023,
    0x58A4, 0x61E7, 0x61E7, 0x5084, 0x5023, 0x5064, 0x5063, 0x5063, 0x4863, 0x4863, 0x4863, 0x4863, 0x4843, 0x4843, 0x4843, 0x4843,
    0x4843, 0x4043, 0x4043, 0x4043, 0x4043, 0x4043, 0x4043, 0x4043, 0x4043, 0x4043, 0x4043, 0x4043, 0x4043, 0x4043, 0x4043, 0x4043,
    0x4043, 0x4043, 0x4043, 0x4043, 0x4043, 0x4043, 0x4043, 0x4043, 0x4043, 0x4043, 0x4043, 0x4043, 0x4043, 0x4043, 0x4043, 0x4043,
    0x4043, 0x4043, 0x4043, 0x4043, 0x4043, 0x4043, 0x4043, 0x4043, 0x4043, 0x4043, 0x4043, 0x4043, 0x4043, 0x4043, 0x4043, 0x4043,
    0x4043, 0x4043, 0x4043, 0x4043, 0x4043, 0x4043, 0x4043, 0x4043, 0x4043, 0x4043, 0x4043, 0x4043, 0x4043, 0x4043, 0x4043, 0x4043,
    0x4043, 0x4043, 0x4043, 0x4043, 0x4043, 0x4043, 0x4043, 0x4043, 0x4043, 0x4043, 0x4043, 0x4043, 0x4043, 0x4043, 0x4043, 0x4043,
    0x4043, 0x4043, 0x4043, 0x4043, 0x4043, 0x4043, 0x4043, 0x4043, 0x4043, 0x4043, 0x4043, 0x4043, 0x4043, 0x4043, 0x4043, 0x4043,
    0x4843, 0x4843, 0x4843, 0x4843, 0x4843, 0x4863, 0x4863, 0x4863, 0x4863, 0x5063, 0x5063, 0x5064, 0x5063, 0x5023, 0x58E5, 0x6208,
    0x61A7, 0x5064, 0x5023, 0x5864, 0x5884, 0x5023, 0x5023, 0x71C8, 0xA44F, 0xC5D3, 0xC5F4, 0xB511, 0x8AEB, 0x6906, 0x5003, 0x5003,
    0x60A5, 0x71E8, 0x82EB, 0x82CA, 0x71A7, 0x6085, 0x5823, 0x6044, 0x6064, 0x6084, 0x6084, 0x6064, 0x6064, 0x6064, 0x6064, 0x6064,
    0x6064, 0x6064, 0x6084, 0x6084, 0x6085, 0x6085, 0x6885, 0x6885, 0x6085, 0x6885, 0x6885, 0x6885, 0x6885, 0x6885, 0x6885, 0x6885,
    0x6024, 0x6024, 0x6044, 0x6024, 0x6064, 0x6885, 0x6885, 0x6885, 0x6885, 0x6885, 0x6885, 0x6885, 0x6064, 0x6064, 0x6885, 0x6885,
    0x6885, 0x6885, 0x6885, 0x6885, 0x6885, 0x6885, 0x6885, 0x6885, 0x6085, 0x6885, 0x6085, 0x6085, 0x6084, 0x6084, 0x6064, 0x6064,
    0x6064, 0x6064, 0x6064, 0x6064, 0x6064, 0x6084, 0x6084, 0x6064, 0x6044, 0x5823, 0x6064, 0x7167, 0x82AA, 0x82EB, 0x7A29, 0x60C5,
    0x5003, 0x5003, 0x60C5, 0x828A, 0xB4B0, 0xC5F4, 0xC5F3, 0xACB0, 0x7A29, 0x5864, 0x5023, 0x5884, 0x5884, 0x5023, 0x5044, 0x6187,
    0x6228, 0x5905, 0x5023, 0x5043, 0x5064, 0x5063, 0x5063, 0x4863, 0x4863, 0x4863, 0x4863, 0x4863, 0x4843, 0x4843, 0x4843, 0x4843,
    0x4043, 0x4043, 0x4043, 0x4043, 0x4043, 0x4043, 0x4043, 0x4043, 0x4043, 0x4043, 0x4043, 0x4043, 0x4043, 0x4043, 0x4043, 0x4043,
    0x4043, 0x4043, 0x4043, 0x4043, 0x4043, 0x4043, 0x4043, 0x4043, 0x4043, 0x4043, 0x4043, 0x4043, 0x4043, 0x4043, 0x4043, 0x4043,
    0x4043, 0x4043, 0x4043, 0x4043, 0x4043, 0x4043, 0x4043, 0x4043, 0x4043, 0x4043, 0x4043, 0x4043, 0x4043, 0x4043, 0x4043, 0x4043,
    0x4043, 0x4043, 0x4043, 0x4043, 0x4043, 0x4043, 0x4043, 0x4043, 0x4043, 0x4043, 0x4043, 0x4043, 0x4043, 0x4043, 0x4043, 0x4043,
    0x4043, 0x4043, 0x4043, 0x4043, 0x4043, 0x4043, 0x4043, 0x4043, 0x4043, 0x4043, 0x4043, 0x4043, 0x4043, 0x4043, 0x4043, 0x4043,
    0x4043, 0x4043, 0x4043, 0x4043, 0x4043, 0x4043, 0x4043, 0x4043, 0x4043, 0x4043, 0x4043, 0x4043, 0x4043, 0x4043, 0x4043, 0x4043,
    0x4043, 0x4043, 0x4843, 0x4843, 0x4843, 0x4843, 0x4863, 0x4863, 0x4863, 0x4863, 0x4863, 0x5063, 0x5063, 0x5064, 0x5043, 0x5043,
    0x5946, 0x6228, 0x5966, 0x5044, 0x5043, 0x5884, 0x5884, 0x5023, 0x5864, 0x71E8, 0xA40E, 0xC5B3, 0xCE14, 0xBD32, 0x936C, 0x7167,
    0x5823, 0x5002, 0x5824, 0x6926, 0x7A8A, 0x82EB, 0x7A69, 0x7167, 0x6084, 0x5823, 0x5844, 0x6064, 0x6084, 0x6084, 0x6084, 0x6064,
    0x6064, 0x6064, 0x6064, 0x6064, 0x6064, 0x6064, 0x6064, 0x6084, 0x6084, 0x6085, 0x6085, 0x6085, 0x6085, 0x6085, 0x6085, 0x6085,
    0x6885, 0x6885, 0x6885, 0x6885, 0x6885, 0x6085, 0x6885, 0x6885, 0x6885, 0x6885, 0x6885, 0x6085, 0x6885, 0x6885, 0x6885, 0x6885,
    0x6085, 0x6085, 0x6085, 0x6085, 0x6085, 0x6085, 0x6085, 0x6084, 0x6084, 0x6084, 0x6064, 0x6064, 0x6064, 0x6064, 0x6064, 0x6064,
    0x6064, 0x6084, 0x6084, 0x6084, 0x6064, 0x6044, 0x5823, 0x6064, 0x6946, 0x7A49, 0x82EB, 0x82AA, 0x6967, 0x5844, 0x5002, 0x5803,
    0x6926, 0x930B, 0xB511, 0xC5F4, 0xC5D3, 0xA44F, 0x7A29, 0x5884, 0x5003, 0x5864, 0x5884, 0x5043, 0x5043, 0x5926, 0x6228, 0x5986,
    0x5064, 0x5043, 0x5064, 0x5063, 0x5063, 0x4863, 0x4863, 0x4863, 0x4863, 0x4863, 0x4843, 0x4843, 0x4843, 0x4843, 0x4843, 0x4043,
    0x4043, 0x4043, 0x4043, 0x4043, 0x4043, 0x4043, 0x4043, 0x4043, 0x4043, 0x4043, 0x4043, 0x4043, 0x4043, 0x4043, 0x4043, 0x4043,
    0x4043, 0x4043, 0x4043, 0x4043, 0x4043, 0x4043, 0x4043, 0x4043, 0x4043, 0x4043, 0x4043, 0x4043, 0x4043, 0x4043, 0x4043, 0x4043,
    0x4043, 0x4043, 0x4043, 0x4043, 0x4043, 0x4043, 0x4043, 0x4043, 0x4043, 0x4043, 0x4043, 0x4043, 0x4043, 0x4043, 0x4043, 0x4043,
    0x4043, 0x4043, 0x4043, 0x4043, 0x4043, 0x4043, 0x4043, 0x4043, 0x4043, 0x4043, 0x4043, 0x4043, 0x4043, 0x4043, 0x4043, 0x4043,
    0x4043, 0x4043, 0x4043, 0x4043, 0x4043, 0x4043, 0x4043, 0x4043, 0x4043, 0x4043, 0x4043, 0x4043, 0x4043, 0x4043, 0x4043, 0x4043,
    0x4043, 0x4043, 0x4043, 0x4043, 0x4043, 0x4043, 0x4043, 0x4043, 0x4043, 0x4043, 0x4043, 0x4043, 0x4043, 0x4043, 0x4043, 0x4043,
    0x4043, 0x4043, 0x4043, 0x4843, 0x4843, 0x4843, 0x4843, 0x4843, 0x4863, 0x4863, 0x4863, 0x4863, 0x5063, 0x5063, 0x5064, 0x5064,
    0x5023, 0x5064, 0x5987, 0x6228, 0x5925, 0x5043, 0x5043, 0x5884, 0x5864, 0x5003, 0x5043, 0x71A8, 0x9BCD, 0xBD72, 0xCE14, 0xC593,
    0xA42F, 0x7A29, 0x60A5, 0x5003, 0x5003, 0x6084, 0x7187, 0x82AA, 0x830B, 0x7A69, 0x7167, 0x60A5, 0x5824, 0x5823, 0x6044, 0x6064,
    0x6084, 0x6084, 0x6084, 0x6064, 0x6064, 0x6064, 0x6064, 0x6064, 0x6064, 0x6064, 0x6064, 0x6064, 0x6064, 0x6084, 0x6084, 0x6084,
    0x6064, 0x6085, 0x6085, 0x6085, 0x6085, 0x6085, 0x6085, 0x6085, 0x6085, 0x6085, 0x6085, 0x6085, 0x6085, 0x6085, 0x6085, 0x6084,
    0x6084, 0x6084, 0x6084, 0x6064, 0x6064, 0x6064, 0x6064, 0x6064, 0x6064, 0x6064, 0x6064, 0x6064, 0x6064, 0x6084, 0x6084, 0x6084,
    0x6064, 0x6044, 0x5824, 0x5823, 0x6085, 0x6947, 0x7A49, 0x82EB, 0x82CB, 0x71C8, 0x60A5, 0x5003, 0x5002, 0x6084, 0x79E8, 0x9BCE,
    0xBD72, 0xCE14, 0xC5B3, 0xA40E, 0x7A08, 0x5864, 0x5003, 0x5864, 0x5884, 0x5043, 0x5023, 0x58E5, 0x6208, 0x61C7, 0x50A4, 0x5023,
    0x5064, 0x5064, 0x5063, 0x5063, 0x4863, 0x4863, 0x4863, 0x4863, 0x4863, 0x4843, 0x4843, 0x4843, 0x4843, 0x4043, 0x4043, 0x4043,
    0x4043, 0x4043, 0x4043, 0x4043, 0x4043, 0x4043, 0x4043, 0x4043, 0x4043, 0x4043, 0x4043, 0x4043, 0x4043, 0x4043, 0x4043, 0x4043,
    0x4043, 0x4043, 0x4043, 0x4043, 0x4043, 0x4043, 0x4043, 0x4043, 0x4043, 0x4043, 0x4043, 0x4043, 0x4043, 0x4043, 0x4043, 0x4043,
    0x4043, 0x4043, 0x4043, 0x4043, 0x4043, 0x4043, 0x4043, 0x4043, 0x4043, 0x4043, 0x4043, 0x4043, 0x4043, 0x4043, 0x4043, 0x4043,
    0x4043, 0x4043, 0x4043, 0x4043, 0x4043, 0x4043, 0x4043, 0x4043, 0x4043, 0x4043, 0x4043, 0x4043, 0x4043, 0x4043, 0x4043, 0x4043,
    0x4043, 0x4043, 0x4043, 0x4043, 0x4043, 0x4043, 0x4043, 0x4043, 0x4043, 0x4043, 0x4043, 0x4043, 0x4043, 0x4043, 0x4043, 0x4043,
    0x4043, 0x4043, 0x4043, 0x4043, 0x4043, 0x4043, 0x4043, 0x4043, 0x4043, 0x4043, 0x4043, 0x4043, 0x4043, 0x4043, 0x4043, 0x4043,
    0x4043, 0x4043, 0x4043, 0x4043, 0x4843, 0x4843, 0x4843, 0x4843, 0x4843, 0x4863, 0x4863, 0x4863, 0x4863, 0x4863, 0x5063, 0x5063,
    0x5064, 0x5063, 0x5023, 0x50A4, 0x61C7, 0x6208, 0x5925, 0x5043, 0x5043, 0x5884, 0x5884, 0x5023, 0x5023, 0x6946, 0x932C, 0xB511,
    0xC5F4, 0xC5F4, 0xB4F1, 0x932C, 0x71A7, 0x5844, 0x5002, 0x5003, 0x60A5, 0x7187, 0x828A, 0x82EB, 0x82AA, 0x79E8, 0x6906, 0x6084,
    0x5824, 0x5823, 0x6044, 0x6064, 0x6084, 0x6084, 0x6084, 0x6084, 0x6084, 0x6064, 0x6064, 0x6064, 0x6064, 0x6064, 0x6064, 0x6064,
    0x6064, 0x6064, 0x6064, 0x6064, 0x6064, 0x6064, 0x6064, 0x6064, 0x6064, 0x6064, 0x6064, 0x6064, 0x6064, 0x6064, 0x6064, 0x6064,
    0x6064, 0x6064, 0x6064, 0x6064, 0x6064, 0x6064, 0x6064, 0x6064, 0x6084, 0x6084, 0x6084, 0x6084, 0x6064, 0x6044, 0x5824, 0x5823,
    0x6064, 0x6906, 0x71C8, 0x828A, 0x82EB, 0x82AA, 0x71A8, 0x60C5, 0x5803, 0x5002, 0x5823, 0x7167, 0x8AEB, 0xB4B0, 0xC5D3, 0xCE14,
    0xBD32, 0x936D, 0x6987, 0x5043, 0x5003, 0x5864, 0x5884, 0x5043, 0x5023, 0x58E5, 0x6208, 0x61E7, 0x50C5, 0x5023, 0x5043, 0x5064,
    0x5063, 0x5063, 0x4863, 0x4863, 0x4863, 0x4863, 0x4863, 0x4843, 0x4843, 0x4843, 0x4843, 0x4843, 0x4043, 0x4043, 0x4043, 0x4043,
    0x4043, 0x4043, 0x4043, 0x4043, 0x4043, 0x4043, 0x4043, 0x4043, 0x4043, 0x4043, 0x4043, 0x4043, 0x4043, 0x4043, 0x4043, 0x4043,
    0x4043, 0x4043, 0x4043, 0x4043, 0x4043, 0x4043, 0x4043, 0x4043, 0x4043, 0x4043, 0x4043, 0x4043, 0x4043, 0x4043, 0x4043, 0x4043,
    0x4043, 0x4043, 0x4043, 0x4043, 0x4043, 0x4043, 0x4043, 0x4043, 0x4043, 0x4043, 0x4043, 0x4043, 0x4043, 0x4043, 0x4043, 0x4043,
    0x4043, 0x4043, 0x4043, 0x4043, 0x4043, 0x4043, 0x4043, 0x4043, 0x4043, 0x4043, 0x4043, 0x4043, 0x4043, 0x4043, 0x4043, 0x4043,
    0x4043, 0x4043, 0x4043, 0x4043, 0x4043, 0x4043, 0x4043, 0x4043, 0x4043, 0x4043, 0x4043, 0x4043, 0x4043, 0x4043, 0x4043, 0x4043,
    0x4043, 0x4043, 0x4043, 0x4043, 0x4043, 0x4043, 0x4043, 0x4043, 0x4043, 0x4043, 0x4043, 0x4043, 0x4043, 0x4043, 0x4043, 0x4043,
    0x4043, 0x4043, 0x4043, 0x4043, 0x4043, 0x4043, 0x4843, 0x4843, 0x4843, 0x4843, 0x4843, 0x4863, 0x4863, 0x4863, 0x4863, 0x4863,
    0x5063, 0x5063, 0x5064, 0x5043, 0x5023, 0x50C5, 0x61E7, 0x6208, 0x5925, 0x5043, 0x5023, 0x5864, 0x5884, 0x5043, 0x5003, 0x60C5,
    0x826A, 0xA44F, 0xBD93, 0xCE14, 0xC5B3, 0xAC6F, 0x8AEB, 0x7167, 0x5844, 0x5002, 0x5003, 0x5864, 0x6946, 0x7A09, 0x82CA, 0x830B,
    0x828A, 0x71E8, 0x6946, 0x60A5, 0x6044, 0x5823, 0x5824, 0x6044, 0x6064, 0x6064, 0x6084, 0x6084, 0x6085, 0x6084, 0x6084, 0x6084,
    0x6084, 0x6064, 0x6064, 0x6064, 0x6064, 0x6064, 0x6064, 0x6064, 0x6064, 0x6064, 0x6064, 0x6064, 0x6064, 0x6064, 0x6064, 0x6084,
    0x6084, 0x6084, 0x6084, 0x6084, 0x6084, 0x6084, 0x6064, 0x6064, 0x6044, 0x5824, 0x5823, 0x6044, 0x6085, 0x6926, 0x71C8, 0x7A6A,
    0x82EB, 0x82CB, 0x7A49, 0x6967, 0x6084, 0x5003, 0x5002, 0x5823, 0x6926, 0x8AAA, 0xA44F, 0xBD93, 0xCE14, 0xC5B3, 0xAC90, 0x82AA,
    0x6105, 0x5003, 0x5023, 0x5864, 0x5884, 0x5043, 0x5023, 0x58E5, 0x6208, 0x6208, 0x58E5, 0x5043, 0x5043, 0x5064, 0x5063, 0x5063,
    0x4863, 0x4863, 0x4863, 0x4863, 0x4863, 0x4843, 0x4843, 0x4843, 0x4843, 0x4843, 0x4043, 0x4043, 0x4043, 0x4043, 0x4043, 0x4043,
    0x4043, 0x4043, 0x4043, 0x4043, 0x4043, 0x4043, 0x4043, 0x4043, 0x4043, 0x4043, 0x4043, 0x4043, 0x4043, 0x4043, 0x4043, 0x4043,
    0x4043, 0x4043, 0x4043, 0x4043, 0x4043, 0x4043, 0x4043, 0x4043, 0x4043, 0x4043, 0x4043, 0x4043, 0x4043, 0x4043, 0x4043, 0x4043,
    0x4043, 0x4043, 0x4043, 0x4043, 0x4043, 0x4043, 0x4043, 0x4043, 0x4043, 0x4043, 0x4043, 0x4043, 0x4043, 0x4043, 0x4043, 0x4043,
    0x4043, 0x4043, 0x4043, 0x4043, 0x4043, 0x4043, 0x4043, 0x4043, 0x4043, 0x4043, 0x4043, 0x4043, 0x4043, 0x4043, 0x4043, 0x4043,
    0x4043, 0x4043, 0x4043, 0x4043, 0x4043, 0x4043, 0x4043, 0x4043, 0x4043, 0x4043, 0x4043, 0x4043, 0x4043, 0x4043, 0x4043, 0x4043,
    0x4043, 0x4043, 0x4043, 0x4043, 0x4043, 0x4043, 0x4043, 0x4043, 0x4043, 0x4043, 0x4043, 0x4043, 0x4043, 0x4043, 0x4043, 0x4043,
    0x4043, 0x4043, 0x4043, 0x4043, 0x4043, 0x4043, 0x4043, 0x4843, 0x4843, 0x4843, 0x4843, 0x4843, 0x4843, 0x4863, 0x4863, 0x4863,
    0x4863, 0x4863, 0x5063, 0x5063, 0x5064, 0x5043, 0x5023, 0x50C5, 0x61E7, 0x6208, 0x5946, 0x5064, 0x5023, 0x5864, 0x5884, 0x5044,
    0x5003, 0x5844, 0x6967, 0x8B2C, 0xB4D0, 0xC5D3, 0xCE14, 0xC593, 0xAC6F, 0x8B0B, 0x71A8, 0x60A5, 0x5003, 0x5002, 0x5803, 0x60A5,
    0x6947, 0x7A29, 0x82AA, 0x82CB, 0x82CA, 0x7A69, 0x71E8, 0x6967, 0x68E5, 0x6084, 0x6044, 0x5824, 0x5823, 0x5824, 0x5824, 0x6044,
    0x6044, 0x6064, 0x6064, 0x6064, 0x6064, 0x6064, 0x6064, 0x6064, 0x6064, 0x6064, 0x6064, 0x6064, 0x6064, 0x6064, 0x6064, 0x6044,
    0x6044, 0x5824, 0x5824, 0x5823, 0x5824, 0x6044, 0x6084, 0x60C5, 0x6946, 0x71C8, 0x7A49, 0x82AA, 0x82CB, 0x82AA, 0x7A49, 0x6967,
    0x60C5, 0x5803, 0x5002, 0x5003, 0x5884, 0x7187, 0x8ACB, 0xA42F, 0xBD72, 0xCE14, 0xC5F4, 0xB511, 0x936D, 0x71A7, 0x5864, 0x5003,
    0x5043, 0x5884, 0x5864, 0x5023, 0x5043, 0x5925, 0x61E7, 0x6208, 0x58E5, 0x5023, 0x5043, 0x5064, 0x5063, 0x5063, 0x4863, 0x4863,
    0x4863, 0x4863, 0x4863, 0x4863, 0x4843, 0x4843, 0x4843, 0x4843, 0x4843, 0x4043, 0x4043, 0x4043, 0x4043, 0x4043, 0x4043, 0x4043,
    0x4043, 0x4043, 0x4043, 0x4043, 0x4043, 0x4043, 0x4043, 0x4043, 0x4043, 0x4043, 0x4043, 0x4043, 0x4043, 0x4043, 0x4043, 0x4043,
    0x4043, 0x4043, 0x4043, 0x4043, 0x4043, 0x4043, 0x4043, 0x4043, 0x4043, 0x4043, 0x4043, 0x4043, 0x4043, 0x4043, 0x4043, 0x4043,
    0x4043, 0x4043, 0x4043, 0x4043, 0x4043, 0x4043, 0x4043, 0x4043, 0x4043, 0x4043, 0x4043, 0x4043, 0x4043, 0x4043, 0x4043, 0x4043,
    0x4043, 0x4043, 0x4043, 0x4043, 0x4043, 0x4043, 0x4043, 0x4043, 0x4043, 0x4043, 0x4043, 0x4043, 0x4043, 0x4043, 0x4043, 0x4043,
    0x4043, 0x4043, 0x4043, 0x4043, 0x4043, 0x4043, 0x4043, 0x4043, 0x4043, 0x4043, 0x4043, 0x4043, 0x4043, 0x4043, 0x4043, 0x4043,
    0x4043, 0x4043, 0x4043, 0x4043, 0x4043, 0x4043, 0x4043, 0x4043, 0x4043, 0x4043, 0x4043, 0x4043, 0x4043, 0x4043, 0x4043, 0x4043,
    0x4043, 0x4043, 0x4043, 0x4043, 0x4043, 0x4043, 0x4043, 0x4043, 0x4043, 0x4843, 0x4843, 0x4843, 0x4843, 0x4843, 0x4863, 0x4863,
    0x4863, 0x4863, 0x4863, 0x5063, 0x5063, 0x5063, 0x5064, 0x5043, 0x5023, 0x50A4, 0x61A7, 0x6208, 0x5986, 0x5084, 0x5023, 0x5044,
    0x5884, 0x5864, 0x5023, 0x5003, 0x58A4, 0x71C8, 0x936C, 0xB4F1, 0xC5D3, 0xCE14, 0xC5D3, 0xB4F1, 0x9BAD, 0x826A, 0x6947, 0x5864,
    0x5003, 0x5002, 0x5003, 0x5864, 0x60E5, 0x7187, 0x7A29, 0x828A, 0x82CA, 0x82EB, 0x82CA, 0x828A, 0x7A29, 0x71E8, 0x71A7, 0x6947,
    0x6926, 0x60C5, 0x60C5, 0x60C5, 0x6064, 0x6064, 0x6064, 0x6064, 0x6064, 0x6064, 0x6064, 0x6064, 0x60A5, 0x60C5, 0x60C5, 0x6926,
    0x6946, 0x71A7, 0x71C8, 0x7A29, 0x826A, 0x82AA, 0x82CB, 0x82CB, 0x828A, 0x7A29, 0x71A7, 0x6906, 0x5864, 0x5803, 0x5002, 0x5003,
    0x5844, 0x6926, 0x8229, 0x9B6D, 0xB4B0, 0xC5B3, 0xCE14, 0xC5F3, 0xB511, 0x9BAD, 0x7A09, 0x60C5, 0x5003, 0x5023, 0x5864, 0x5884,
    0x5044, 0x5023, 0x5084, 0x5966, 0x6208, 0x61C7, 0x50C5, 0x5023, 0x5043, 0x5064, 0x5064, 0x5063, 0x5063, 0x4863, 0x4863, 0x4863,
    0x4863, 0x4863, 0x4843, 0x4843, 0x4843, 0x4843, 0x4843, 0x4043, 0x4043, 0x4043, 0x4043, 0x4043, 0x4043, 0x4043, 0x4043, 0x4043,
    0x4043, 0x4043, 0x4043, 0x4043, 0x4043, 0x4043, 0x4043, 0x4043, 0x4043, 0x4043, 0x4043, 0x4043, 0x4043, 0x4043, 0x4043, 0x4043,
    0x4043, 0x4043, 0x4043, 0x4043, 0x4043, 0x4043, 0x4043, 0x4043, 0x4043, 0x4043, 0x4043, 0x4043, 0x4043, 0x4043, 0x4043, 0x4043,
    0x4043, 0x4043, 0x4043, 0x4043, 0x4043, 0x4043, 0x4043, 0x4043, 0x4043, 0x4043, 0x4043, 0x4043, 0x4043, 0x4043, 0x4043, 0x4043,
    0x4043, 0x4043, 0x4043, 0x4043, 0x4043, 0x4043, 0x4043, 0x4043, 0x4043, 0x4043, 0x4043, 0x4043, 0x4043, 0x4043, 0x4043, 0x4043,
    0x4043, 0x4043, 0x4043, 0x4043, 0x4043, 0x4043, 0x4043, 0x4043, 0x4043, 0x4043, 0x4043, 0x4043, 0x4043, 0x4043, 0x4043, 0x4043,
    0x4043, 0x4043, 0x4043, 0x4043, 0x4043, 0x4043, 0x4043, 0x4043, 0x4043, 0x4043, 0x4043, 0x4043, 0x4043, 0x4043, 0x4043, 0x4043,
    0x4043, 0x4043, 0x4043, 0x4043, 0x4043, 0x4043, 0x4043, 0x4043, 0x4043, 0x4043, 0x4043, 0x4843, 0x4843, 0x4843, 0x4843, 0x4843,
    0x4863, 0x4863, 0x4863, 0x4863, 0x4863, 0x5063, 0x5063, 0x5063, 0x5064, 0x5043, 0x5023, 0x5084, 0x5966, 0x6208, 0x61C7, 0x58E5,
    0x5044, 0x5023, 0x5864, 0x5884, 0x5864, 0x5023, 0x5003, 0x58A4, 0x71C8, 0x932C, 0xAC90, 0xBD92, 0xCE14, 0xCE14, 0xC593, 0xB4B0,
    0x9B8D, 0x828A, 0x7187, 0x60A5, 0x5823, 0x5002, 0x5002, 0x5003, 0x5823, 0x5864, 0x60E5, 0x6947, 0x71C8, 0x7A09, 0x7A49, 0x828A,
    0x82AA, 0x82CB, 0x82EB, 0x82CB, 0x82CB, 0x82CB, 0x82CB, 0x82CB, 0x82CB, 0x82CB, 0x82CB, 0x82CB, 0x82CB, 0x82CB, 0x82CB, 0x82AA,
    0x828A, 0x7A49, 0x7A29, 0x71C8, 0x6967, 0x68E6, 0x6084, 0x5823, 0x5003, 0x5002, 0x5002, 0x5823, 0x60A5, 0x6967, 0x824A, 0x936D,
    0xAC90, 0xBD72, 0xC5F4, 0xCE14, 0xC5B3, 0xACD0, 0x936C, 0x7A08, 0x60C5, 0x5023, 0x5003, 0x5044, 0x5884, 0x5864, 0x5023, 0x5043,
    0x58C5, 0x61A7, 0x6208, 0x5987, 0x50A4, 0x5023, 0x5043, 0x5064, 0x5063, 0x5063, 0x5063, 0x4863, 0x4863, 0x4863, 0x4863, 0x4863,
    0x4843, 0x4843, 0x4843, 0x4843, 0x4843, 0x4043, 0x4043, 0x4043, 0x4043, 0x4043, 0x4043, 0x4043, 0x4043, 0x4043, 0x4043, 0x4043,
    0x4043, 0x4043, 0x4043, 0x4043, 0x4043, 0x4043, 0x4043, 0x4043, 0x4043, 0x4043, 0x4043, 0x4043, 0x4043, 0x4043, 0x4043, 0x4043,
    0x4043, 0x4043, 0x4043, 0x4043, 0x4043, 0x4043, 0x4043, 0x4043, 0x4043, 0x4043, 0x4043, 0x4043, 0x4043, 0x4043, 0x4043, 0x4043,
    0x4043, 0x4043, 0x4043, 0x4043, 0x4043, 0x4043, 0x4043, 0x4043, 0x4043, 0x4043, 0x4043, 0x4043, 0x4043, 0x4043, 0x4043, 0x4043,
    0x4043, 0x4043, 0x4043, 0x4043, 0x4043, 0x4043, 0x4043, 0x4043, 0x4043, 0x4043, 0x4043, 0x4043, 0x4043, 0x4043, 0x4043, 0x4043,
    0x4043, 0x4043, 0x4043, 0x4043, 0x4043, 0x4043, 0x4043, 0x4043, 0x4043, 0x4043, 0x4043, 0x4043, 0x4043, 0x4043, 0x4043, 0x4043,
    0x4043, 0x4043, 0x4043, 0x4043, 0x4043, 0x4043, 0x4043, 0x4043, 0x4043, 0x4043, 0x4043, 0x4043, 0x4043, 0x4043, 0x4043, 0x4043,
    0x4043, 0x4043, 0x4043, 0x4043, 0x4043, 0x4043, 0x4043, 0x4043, 0x4043, 0x4043, 0x4043, 0x4043, 0x4843, 0x4843, 0x4843, 0x4843,
    0x4843, 0x4843, 0x4863, 0x4863, 0x4863, 0x4863, 0x4863, 0x5063, 0x5063, 0x5063, 0x5064, 0x5063, 0x5023, 0x5063, 0x5905, 0x61E7,
    0x6208, 0x5966, 0x58A4, 0x5043, 0x5023, 0x5864, 0x5884, 0x5864, 0x5023, 0x5003, 0x5864, 0x6946, 0x826A, 0x9BCE, 0xB4F1, 0xC5B3,
    0xCE14, 0xCE14, 0xC5B3, 0xB511, 0xA44F, 0x936D, 0x828A, 0x71C8, 0x6926, 0x60A5, 0x5844, 0x5003, 0x5002, 0x5002, 0x5002, 0x5003,
    0x5003, 0x5823, 0x5824, 0x5823, 0x6084, 0x60A5, 0x60A5, 0x60A5, 0x60A5, 0x60A5, 0x60A5, 0x6085, 0x5844, 0x5823, 0x5823, 0x5003,
    0x5003, 0x5002, 0x5002, 0x5002, 0x5003, 0x5823, 0x6084, 0x6906, 0x71A8, 0x826A, 0x934C, 0xA42F, 0xB4F1, 0xC5B3, 0xCE14, 0xCE14,
    0xC5B3, 0xB511, 0xA40E, 0x82AA, 0x6967, 0x5884, 0x5023, 0x5023, 0x5044, 0x5884, 0x5864, 0x5043, 0x5023, 0x5884, 0x5946, 0x61E8,
    0x6208, 0x5946, 0x5064, 0x5023, 0x5043, 0x5064, 0x5063, 0x5063, 0x5063, 0x4863, 0x4863, 0x4863, 0x4863, 0x4863, 0x4843, 0x4843,
    0x4843, 0x4843, 0x4843, 0x4843, 0x4043, 0x4043, 0x4043, 0x4043, 0x4043, 0x4043, 0x4043, 0x4043, 0x4043, 0x4043, 0x4043, 0x4043,
    0x4043, 0x4043, 0x4043, 0x4043, 0x4043, 0x4043, 0x4043, 0x4043, 0x4043, 0x4043, 0x4043, 0x4043, 0x4043, 0x4043, 0x4043, 0x4043,
    0x4043, 0x4043, 0x4043, 0x4043, 0x4043, 0x4043, 0x4043, 0x4043, 0x4043, 0x4043, 0x4043, 0x4043, 0x4043, 0x4043, 0x4043, 0x4043,
    0x4043, 0x4043, 0x4043, 0x4043, 0x4043, 0x4043, 0x4043, 0x4043, 0x4043, 0x4043, 0x4043, 0x4043, 0x4043, 0x4043, 0x4043, 0x4043,
    0x4043, 0x4043, 0x4043, 0x4043, 0x4043, 0x4043, 0x4043, 0x4043, 0x4043, 0x4043, 0x4043, 0x4043, 0x4043, 0x4043, 0x4043, 0x4043,
    0x4043, 0x4043, 0x4043, 0x4043, 0x4043, 0x4043, 0x4043, 0x4043, 0x4043, 0x4043, 0x4043, 0x4043, 0x4043, 0x4043, 0x4043, 0x4043,
    0x4043, 0x4043, 0x4043, 0x4043, 0x4043, 0x4043, 0x4043, 0x4043, 0x4043, 0x4043, 0x4043, 0x4043, 0x4043, 0x4043, 0x4043, 0x4043,
    0x4043, 0x4043, 0x4043, 0x4043, 0x4043, 0x4043, 0x4043, 0x4043, 0x4043, 0x4043, 0x4043, 0x4043, 0x4043, 0x4043, 0x4843, 0x4843,
    0x4843, 0x4843, 0x4843, 0x4863, 0x4863, 0x4863, 0x4863, 0x4863, 0x4863, 0x4863, 0x5063, 0x5063, 0x5064, 0x5064, 0x5043, 0x5023,
    0x50A4, 0x5966, 0x6208, 0x61E7, 0x5926, 0x5884, 0x5023, 0x5023, 0x5864, 0x5884, 0x5864, 0x5043, 0x5003, 0x5023, 0x58A4, 0x6987,
    0x828A, 0x9B8D, 0xAC90, 0xBD52, 0xC5D3, 0xCE14, 0xCE14, 0xC5D3, 0xBD92, 0xB511, 0xAC6F, 0x9BCE, 0x934C, 0x8AAB, 0x826A, 0x79C8,
    0x71A8, 0x6926, 0x6906, 0x6906, 0x6084, 0x6084, 0x6084, 0x6084, 0x6084, 0x6084, 0x6084, 0x6084, 0x6906, 0x6906, 0x6906, 0x71A8,
    0x71C8, 0x8249, 0x8AAA, 0x932C, 0x9BCD, 0xAC4F, 0xB4F1, 0xBD72, 0xC5D3, 0xCE14, 0xCE14, 0xC5F4, 0xBD72, 0xACB0, 0x9BCD, 0x82AA,
    0x71A7, 0x58A5, 0x5023, 0x5003, 0x5023, 0x5864, 0x5884, 0x5864, 0x5043, 0x5023, 0x5084, 0x5925, 0x61C7, 0x6208, 0x5987, 0x50C5,
    0x5043, 0x5023, 0x5063, 0x5064, 0x5063, 0x5063, 0x4863, 0x4863, 0x4863, 0x4863, 0x4863, 0x4863, 0x4863, 0x4843, 0x4843, 0x4843,
    0x4843, 0x4843, 0x4843, 0x4043, 0x4043, 0x4043, 0x4043, 0x4043, 0x4043, 0x4043, 0x4043, 0x4043, 0x4043, 0x4043, 0x4043, 0x4043,
    0x4043, 0x4043, 0x4043, 0x4043, 0x4043, 0x4043, 0x4043, 0x4043, 0x4043, 0x4043, 0x4043, 0x4043, 0x4043, 0x4043, 0x4043, 0x4043,
    0x4043, 0x4043, 0x4043, 0x4043, 0x4043, 0x4043, 0x4043, 0x4043, 0x4043, 0x4043, 0x4043, 0x4043, 0x4043, 0x4043, 0x4043, 0x4043,
    0x4043, 0x4043, 0x4043, 0x4043, 0x4043, 0x4043, 0x4043, 0x4043, 0x4043, 0x4043, 0x4043, 0x4043, 0x4043, 0x4043, 0x4043, 0x4043,
    0x4043, 0x4043, 0x4043, 0x4043, 0x4043, 0x4043, 0x4043, 0x4043, 0x4043, 0x4043, 0x4043, 0x4043, 0x4043, 0x4043, 0x4043, 0x4043,
    0x4043, 0x4043, 0x4043, 0x4043, 0x4043, 0x4043, 0x4043, 0x4043, 0x4043, 0x4043, 0x4043, 0x4043, 0x4043, 0x4043, 0x4043, 0x4043,
    0x4043, 0x4043, 0x4043, 0x4043, 0x4043, 0x4043, 0x4043, 0x4043, 0x4043, 0x4043, 0x4043, 0x4043, 0x4043, 0x4043, 0x4043, 0x4043,
    0x4043, 0x4043, 0x4043, 0x4043, 0x4043, 0x4043, 0x4043, 0x4043, 0x4043, 0x4043, 0x4043, 0x4043, 0x4043, 0x4043, 0x4043, 0x4043,
    0x4843, 0x4843, 0x4843, 0x4843, 0x4843, 0x4863, 0x4863, 0x4863, 0x4863, 0x4863, 0x4863, 0x4863, 0x5063, 0x5063, 0x5064, 0x5064,
    0x5043, 0x5023, 0x5043, 0x58C5, 0x5986, 0x61E8, 0x61C7, 0x5946, 0x58A4, 0x5043, 0x5023, 0x5044, 0x5864, 0x5884, 0x5864, 0x5023,
    0x5003, 0x5023, 0x5864, 0x60E5, 0x71A8, 0x828A, 0x936D, 0xA42F, 0xB4D0, 0xBD52, 0xC5B3, 0xC5F4, 0xCE14, 0xCE14, 0xCE14, 0xC5D3,
    0xC5D3, 0xBD92, 0xBD72, 0xBD72, 0xB4F1, 0xB4F1, 0xB4F1, 0xB4F1, 0xB4F1, 0xB4F1, 0xB4F1, 0xB4F1, 0xBD72, 0xBD72, 0xBD72, 0xC5D3,
    0xC5D3, 0xCE14, 0xCE14, 0xCE14, 0xC5F4, 0xC5D3, 0xBD72, 0xB4F1, 0xA44F, 0x938D, 0x82AA, 0x71C8, 0x6106, 0x5884, 0x5023, 0x5003,
    0x5023, 0x5064, 0x5884, 0x5884, 0x5044, 0x5023, 0x5043, 0x50A4, 0x5926, 0x61C7, 0x6208, 0x59A7, 0x58E5, 0x5064, 0x5023, 0x5043,
    0x5064, 0x5064, 0x5063, 0x5063, 0x4863, 0x4863, 0x4863, 0x4863, 0x4863, 0x4863, 0x4863, 0x4843, 0x4843, 0x4843, 0x4843, 0x4843,
    0x4043, 0x4043, 0x4043, 0x4043, 0x4043, 0x4043, 0x4043, 0x4043, 0x4043, 0x4043, 0x4043, 0x4043, 0x4043, 0x4043, 0x4043, 0x4043,
    0x4043, 0x4043, 0x4043, 0x4043, 0x4043, 0x4043, 0x4043, 0x4043, 0x4043, 0x4043, 0x4043, 0x4043, 0x4043, 0x4043, 0x4043, 0x4043,
    0x4043, 0x4043, 0x4043, 0x4043, 0x4043, 0x4043, 0x4043, 0x4043, 0x4043, 0x4043, 0x4043, 0x4043, 0x4043, 0x4043, 0x4043, 0x4043,
    0x4043, 0x4043, 0x4043, 0x4043, 0x4043, 0x4043, 0x4043, 0x4043, 0x4043, 0x4043, 0x4043, 0x4043, 0x4043, 0x4043, 0x4043, 0x4043,
    0x4043, 0x4043, 0x4043, 0x4043, 0x4043, 0x4043, 0x4043, 0x4043, 0x4043, 0x4043, 0x4043, 0x4043, 0x4043, 0x4043, 0x4043, 0x4043,
    0x4043, 0x4043, 0x4043, 0x4043, 0x4043, 0x4043, 0x4043, 0x4043, 0x4043, 0x4043, 0x4043, 0x4043, 0x4043, 0x4043, 0x4043, 0x4043,
    0x4043, 0x4043, 0x4043, 0x4043, 0x4043, 0x4043, 0x4043, 0x4043, 0x4043, 0x4043, 0x4043, 0x4043, 0x4043, 0x4043, 0x4043, 0x4043,
    0x4043, 0x4043, 0x4043, 0x4043, 0x4043, 0x4043, 0x4043, 0x4043, 0x4043, 0x4043, 0x4043, 0x4043, 0x4043, 0x4043, 0x4043, 0x4043,
    0x4043, 0x4043, 0x4843, 0x4843, 0x4843, 0x4843, 0x4843, 0x4843, 0x4843, 0x4863, 0x4863, 0x4863, 0x4863, 0x4863, 0x5063, 0x5063,
    0x5063, 0x5064, 0x5063, 0x5043, 0x5023, 0x5043, 0x58E5, 0x5987, 0x6208, 0x61E8, 0x5986, 0x58E5, 0x5064, 0x5043, 0x5023, 0x5044,
    0x5864, 0x5884, 0x5864, 0x5044, 0x5023, 0x5003, 0x5023, 0x5043, 0x5884, 0x60E5, 0x7187, 0x7A08, 0x828A, 0x8B0C, 0x938D, 0xA40E,
    0xA42F, 0xACD0, 0xB4D0, 0xB4F1, 0xBD52, 0xBD72, 0xBD72, 0xBD72, 0xBD72, 0xBD72, 0xBD72, 0xBD72, 0xB4F1, 0xACD0, 0xB4D1, 0xA44F,
    0xA42E, 0x9BAD, 0x932C, 0x82AA, 0x7A09, 0x71A7, 0x6106, 0x58A4, 0x5844, 0x5023, 0x5003, 0x5023, 0x5043, 0x5864, 0x5884, 0x5864,
    0x5044, 0x5023, 0x5023, 0x5064, 0x58E5, 0x5966, 0x61E7, 0x6208, 0x61A7, 0x5905, 0x5064, 0x5023, 0x5043, 0x5064, 0x5064, 0x5063,
    0x5063, 0x5063, 0x4863, 0x4863, 0x4863, 0x4863, 0x4863, 0x4863, 0x4843, 0x4843, 0x4843, 0x4843, 0x4843, 0x4843, 0x4043, 0x4043,
    0x4043, 0x4043, 0x4043, 0x4043, 0x4043, 0x4043, 0x4043, 0x4043, 0x4043, 0x4043, 0x4043, 0x4043, 0x4043, 0x4043, 0x4043, 0x4043,
    0x4043, 0x4043, 0x4043, 0x4043, 0x4043, 0x4043, 0x4043, 0x4043, 0x4043, 0x4043, 0x4043, 0x4043, 0x4043, 0x4043, 0x4043, 0x4043,
    0x4043, 0x4043, 0x4043, 0x4043, 0x4043, 0x4043, 0x4043, 0x4043, 0x4043, 0x4043, 0x4043, 0x4043, 0x4043, 0x4043, 0x4043, 0x4043,
    0x4043, 0x4043, 0x4043, 0x4043, 0x4043, 0x4043, 0x4043, 0x4043, 0x4043, 0x4043, 0x4043, 0x4043, 0x4043, 0x4043, 0x4043, 0x4043,
    0x4043, 0x4043, 0x4043, 0x4043, 0x4043, 0x4043, 0x4043, 0x4043, 0x4043, 0x4043, 0x4043, 0x4043, 0x4043, 0x4043, 0x4043, 0x4043,
    0x4043, 0x4043, 0x4043, 0x4043, 0x4043, 0x4043, 0x4043, 0x4043, 0x4043, 0x4043, 0x4043, 0x4043, 0x4043, 0x4043, 0x4043, 0x4043,
    0x4043, 0x4043, 0x4043, 0x4043, 0x4043, 0x4043, 0x4043, 0x4043, 0x4043, 0x4043, 0x4043, 0x4043, 0x4043, 0x4043, 0x4043, 0x4043,
    0x4043, 0x4043, 0x4043, 0x4043, 0x4043, 0x4043, 0x4043, 0x4043, 0x4043, 0x4043, 0x4043, 0x4043, 0x4043, 0x4043, 0x4043, 0x4043,
    0x4043, 0x4043, 0x4043, 0x4843, 0x4843, 0x4843, 0x4843, 0x4843, 0x4843, 0x4843, 0x4843, 0x4863, 0x4863, 0x4863, 0x4863, 0x4863,
    0x4863, 0x4863, 0x5063, 0x5063, 0x5064, 0x5064, 0x5043, 0x5023, 0x5043, 0x50A4, 0x5946, 0x61C7, 0x6208, 0x61E7, 0x5966, 0x58E5,
    0x5084, 0x5043, 0x5023, 0x5043, 0x5044, 0x5864, 0x5884, 0x5864, 0x5864, 0x5043, 0x5023, 0x5023, 0x5003, 0x5003, 0x5023, 0x5043,
    0x5043, 0x5884, 0x5884, 0x5884, 0x6106, 0x6106, 0x6106, 0x6106, 0x6106, 0x6106, 0x6106, 0x6106, 0x58A5, 0x5884, 0x5884, 0x5044,
    0x5043, 0x5023, 0x5003, 0x5003, 0x5023, 0x5023, 0x5043, 0x5064, 0x5864, 0x5884, 0x5864, 0x5864, 0x5043, 0x5023, 0x5043, 0x5084,
    0x58E5, 0x5946, 0x61C7, 0x6208, 0x61E7, 0x5966, 0x50C5, 0x5063, 0x5023, 0x5043, 0x5063, 0x5064, 0x5064, 0x5063, 0x5063, 0x4863,
    0x4863, 0x4863, 0x4863, 0x4863, 0x4863, 0x4843, 0x4843, 0x4843, 0x4843, 0x4843, 0x4843, 0x4843, 0x4843, 0x4043, 0x4043, 0x4043,
    0x4043, 0x4043, 0x4043, 0x4043, 0x4043, 0x4043, 0x4043, 0x4043, 0x4043, 0x4043, 0x4043, 0x4043, 0x4043, 0x4043, 0x4043, 0x4043,
    0x4043, 0x4043, 0x4043, 0x4043, 0x4043, 0x4043, 0x4043, 0x4043, 0x4043, 0x4043, 0x4043, 0x4043, 0x4043, 0x4043, 0x4043, 0x4043,
    0x4043, 0x4043, 0x4043, 0x4043, 0x4043, 0x4043, 0x4043, 0x4043, 0x4043, 0x4043, 0x4043, 0x4043, 0x4043, 0x4043, 0x4043, 0x4043,
    0x4043, 0x4043, 0x4043, 0x4043, 0x4043, 0x4043, 0x4043, 0x4043, 0x4043, 0x4043, 0x4043, 0x4043, 0x4043, 0x4043, 0x4043, 0x4043,
    0x4043, 0x4043, 0x4043, 0x4043, 0x4043, 0x4043, 0x4043, 0x4043, 0x4043, 0x4043, 0x4043, 0x4043, 0x4043, 0x4043, 0x4043, 0x4043,
    0x4043, 0x4043, 0x4043, 0x4043, 0x4043, 0x4043, 0x4043, 0x4043, 0x4043, 0x4043, 0x4043, 0x4043, 0x4043, 0x4043, 0x4043, 0x4043,
    0x4043, 0x4043, 0x4043, 0x4043, 0x4043, 0x4043, 0x4043, 0x4043, 0x4043, 0x4043, 0x4043, 0x4043, 0x4043, 0x4043, 0x4043, 0x4043,
    0x4043, 0x4043, 0x4043, 0x4043, 0x4043, 0x4043, 0x4043, 0x4043, 0x4043, 0x4043, 0x4043, 0x4043, 0x4043, 0x4043, 0x4043, 0x4043,
    0x4043, 0x4043, 0x4043, 0x4043, 0x4043, 0x4043, 0x4843, 0x4843, 0x4843, 0x4843, 0x4843, 0x4843, 0x4843, 0x4863, 0x4863, 0x4863,
    0x4863, 0x4863, 0x4863, 0x4863, 0x5063, 0x5063, 0x5063, 0x5064, 0x5064, 0x5043, 0x5023, 0x5023, 0x5064, 0x58E5, 0x5966, 0x61C7,
    0x6208, 0x6208, 0x61A7, 0x5946, 0x58E5, 0x5884, 0x5044, 0x5043, 0x5023, 0x5043, 0x5044, 0x5864, 0x5864, 0x5864, 0x5864, 0x5864,
    0x5864, 0x5864, 0x5864, 0x5864, 0x5044, 0x5044, 0x5044, 0x5044, 0x5044, 0x5044, 0x5044, 0x5043, 0x5064, 0x5864, 0x5864, 0x5864,
    0x5864, 0x5864, 0x5864, 0x5864, 0x5864, 0x5044, 0x5043, 0x5023, 0x5043, 0x5044, 0x5084, 0x58E5, 0x5946, 0x61A7, 0x61E8, 0x6208,
    0x61E7, 0x5966, 0x58E5, 0x5084, 0x5043, 0x5023, 0x5043, 0x5064, 0x5064, 0x5063, 0x5063, 0x5063, 0x4863, 0x4863, 0x4863, 0x4863,
    0x4863, 0x4863, 0x4863, 0x4843, 0x4843, 0x4843, 0x4843, 0x4843, 0x4843, 0x4843, 0x4043, 0x4043, 0x4043, 0x4043, 0x4043, 0x4043,
    0x4043, 0x4043, 0x4043, 0x4043, 0x4043, 0x4043, 0x4043, 0x4043, 0x4043, 0x4043, 0x4043, 0x4043, 0x4043, 0x4043, 0x4043, 0x4043,
    0x4043, 0x4043, 0x4043, 0x4043, 0x4043, 0x4043, 0x4043, 0x4043, 0x4043, 0x4043, 0x4043, 0x4043, 0x4043, 0x4043, 0x4043, 0x4043,
    0x4043, 0x4043, 0x4043, 0x4043, 0x4043, 0x4043, 0x4043, 0x4043, 0x4043, 0x4043, 0x4043, 0x4043, 0x4043, 0x4043, 0x4043, 0x4043,
    0x4043, 0x4043, 0x4043, 0x4043, 0x4043, 0x4043, 0x4043, 0x4043, 0x4043, 0x4043, 0x4043, 0x4043, 0x4043, 0x4043, 0x4043, 0x4043,
    0x4043, 0x4043, 0x4043, 0x4043, 0x4043, 0x4043, 0x4043, 0x4043, 0x4043, 0x4043, 0x4043, 0x4043, 0x4043, 0x4043, 0x4043, 0x4043,
    0x4043, 0x4043, 0x4043, 0x4043, 0x4043, 0x4043, 0x4043, 0x4043, 0x4043, 0x4043, 0x4043, 0x4043, 0x4043, 0x4043, 0x4043, 0x4043,
    0x4043, 0x4043, 0x4043, 0x4043, 0x4043, 0x4043, 0x4043, 0x4043, 0x4043, 0x4043, 0x4043, 0x4043, 0x4043, 0x4043, 0x4043, 0x4043,
    0x4043, 0x4043, 0x4043, 0x4043, 0x4043, 0x4043, 0x4043, 0x4043, 0x4043, 0x4043, 0x4043, 0x4043, 0x4043, 0x4043, 0x4043, 0x4043,
    0x4043, 0x4043, 0x4043, 0x4043, 0x4043, 0x4043, 0x4043, 0x4043, 0x4843, 0x4843, 0x4843, 0x4843, 0x4843, 0x4843, 0x4843, 0x4863,
    0x4863, 0x4863, 0x4863, 0x4863, 0x4863, 0x4863, 0x4863, 0x5063, 0x5063, 0x5063, 0x5064, 0x5064, 0x5063, 0x5043, 0x5023, 0x5023,
    0x5064, 0x50A4, 0x5925, 0x5987, 0x61C7, 0x6208, 0x6208, 0x61E7, 0x61A7, 0x5946, 0x5905, 0x58C5, 0x58A4, 0x5064, 0x5064, 0x5043,
    0x5043, 0x5023, 0x5023, 0x5023, 0x5023, 0x5043, 0x5043, 0x5043, 0x5043, 0x5043, 0x5043, 0x5043, 0x5023, 0x5023, 0x5023, 0x5043,
    0x5043, 0x5064, 0x5064, 0x5084, 0x58C5, 0x5905, 0x5946, 0x6187, 0x61C7, 0x6208, 0x6208, 0x61E7, 0x5987, 0x5926, 0x50C5, 0x5064,
    0x5023, 0x5023, 0x5043, 0x5043, 0x5064, 0x5064, 0x5063, 0x5063, 0x5063, 0x4863, 0x4863, 0x4863, 0x4863, 0x4863, 0x4863, 0x4863,
    0x4863, 0x4843, 0x4843, 0x4843, 0x4843, 0x4843, 0x4843, 0x4843, 0x4043, 0x4043, 0x4043, 0x4043, 0x4043, 0x4043, 0x4043, 0x4043,
    0x4043, 0x4043, 0x4043, 0x4043, 0x4043, 0x4043, 0x4043, 0x4043, 0x4043, 0x4043, 0x4043, 0x4043, 0x4043, 0x4043, 0x4043, 0x4043,
    0x4043, 0x4043, 0x4043, 0x4043, 0x4043, 0x4043, 0x4043, 0x4043, 0x4043, 0x4043, 0x4043, 0x4043, 0x4043, 0x4043, 0x4043, 0x4043,
    0x4043, 0x4043, 0x4043, 0x4043, 0x4043, 0x4043, 0x4043, 0x4043, 0x4043, 0x4043, 0x4043, 0x4043, 0x4043, 0x4043, 0x4043, 0x4043,
    0x4043, 0x4043, 0x4043, 0x4043, 0x4043, 0x4043, 0x4043, 0x4043, 0x4043, 0x4043, 0x4043, 0x4043, 0x4043, 0x4043, 0x4043, 0x4043,
    0x4043, 0x4043, 0x4043, 0x4043, 0x4043, 0x4043, 0x4043, 0x4043, 0x4043, 0x4043, 0x4043, 0x4043, 0x4043, 0x4043, 0x4043, 0x4043,
    0x4043, 0x4043, 0x4043, 0x4043, 0x4043, 0x4043, 0x4043, 0x4043, 0x4043, 0x4043, 0x4043, 0x4043, 0x4043, 0x4043, 0x4043, 0x4043,
    0x4043, 0x4043, 0x4043, 0x4043, 0x4043, 0x4043, 0x4043, 0x4043, 0x4043, 0x4043, 0x4043, 0x4043, 0x4043, 0x4043, 0x4043, 0x4043,
    0x4043, 0x4043, 0x4043, 0x4043, 0x4043, 0x4043, 0x4043, 0x4043, 0x4043, 0x4043, 0x4043, 0x4043, 0x4043, 0x4043, 0x4043, 0x4043,
    0x4043, 0x4043, 0x4043, 0x4043, 0x4043, 0x4043, 0x4043, 0x4043, 0x4043, 0x4043, 0x4843, 0x4843, 0x4843, 0x4843, 0x4843, 0x4843,
    0x4843, 0x4843, 0x4863, 0x4863, 0x4863, 0x4863, 0x4863, 0x4863, 0x4863, 0x4863, 0x5063, 0x5063, 0x5063, 0x5063, 0x5064, 0x5064,
    0x5063, 0x5043, 0x5043, 0x5023, 0x5023, 0x5063, 0x5084, 0x58E5, 0x5925, 0x5966, 0x61A7, 0x61E7, 0x61E8, 0x6208, 0x61E8, 0x61E7,
    0x61E7, 0x61A7, 0x61A7, 0x61A7, 0x5966, 0x5966, 0x5966, 0x5966, 0x5966, 0x5966, 0x5966, 0x5966, 0x61A7, 0x61A7, 0x61A7, 0x61E7,
    0x61E7, 0x61E8, 0x6208, 0x6208, 0x61E7, 0x61A7, 0x5986, 0x5946, 0x58E5, 0x50A4, 0x5064, 0x5043, 0x5023, 0x5023, 0x5043, 0x5063,
    0x5064, 0x5064, 0x5063, 0x5063, 0x5063, 0x5063, 0x4863, 0x4863, 0x4863, 0x4863, 0x4863, 0x4863, 0x4863, 0x4863, 0x4843, 0x4843,
    0x4843, 0x4843, 0x4843, 0x4843, 0x4843, 0x4843, 0x4043, 0x4043, 0x4043, 0x4043, 0x4043, 0x4043, 0x4043, 0x4043, 0x4043, 0x4043,
    0x4043, 0x4043, 0x4043, 0x4043, 0x4043, 0x4043, 0x4043, 0x4043, 0x4043, 0x4043, 0x4043, 0x4043, 0x4043, 0x4043, 0x4043, 0x4043,
    0x4043, 0x4043, 0x4043, 0x4043, 0x4043, 0x4043, 0x4043, 0x4043, 0x4043, 0x4043, 0x4043, 0x4043, 0x4043, 0x4043, 0x4043, 0x4043,
    0x4043, 0x4043, 0x4043, 0x4043, 0x4043, 0x4043, 0x4043, 0x4043, 0x4043, 0x4043, 0x4043, 0x4043, 0x4043, 0x4043, 0x4043, 0x4043,
    0x4043, 0x4043, 0x4043, 0x4043, 0x4043, 0x4043, 0x4043, 0x4043, 0x4043, 0x4043, 0x4043, 0x4043, 0x4043, 0x4043, 0x4043, 0x4043,
    0x4043, 0x4043, 0x4043, 0x4043, 0x4043, 0x4043, 0x4043, 0x4043, 0x4043, 0x4043, 0x4043, 0x4043, 0x4043, 0x4043, 0x4043, 0x4043,
    0x4043, 0x4043, 0x4043, 0x4043, 0x4043, 0x4043, 0x4043, 0x4043, 0x4043, 0x4043, 0x4043, 0x4043, 0x4043, 0x4043, 0x4043, 0x4043,
    0x4043, 0x4043, 0x4043, 0x4043, 0x4043, 0x4043, 0x4043, 0x4043, 0x4043, 0x4043, 0x4043, 0x4043, 0x4043, 0x4043, 0x4043, 0x4043,
    0x4043, 0x4043, 0x4043, 0x4043, 0x4043, 0x4043, 0x4043, 0x4043, 0x4043, 0x4043, 0x4043, 0x4043, 0x4043, 0x4043, 0x4043, 0x4043,
    0x4043, 0x4043, 0x4043, 0x4043, 0x4043, 0x4043, 0x4043, 0x4043, 0x4043, 0x4043, 0x4043, 0x4043, 0x4843, 0x4843, 0x4843, 0x4843,
    0x4843, 0x4843, 0x4843, 0x4843, 0x4843, 0x4863, 0x4863, 0x4863, 0x4863, 0x4863, 0x4863, 0x4863, 0x4863, 0x4863, 0x5063, 0x5063,
    0x5063, 0x5063, 0x5064, 0x5064, 0x5064, 0x5063, 0x5043, 0x5043, 0x5023, 0x5023, 0x5023, 0x5043, 0x5043, 0x5064, 0x5084, 0x50C4,
    0x50C5, 0x5905, 0x5905, 0x5905, 0x5966, 0x5966, 0x5966, 0x5966, 0x5966, 0x5966, 0x5966, 0x5966, 0x5925, 0x5905, 0x5905, 0x50C5,
    0x50C5, 0x50A4, 0x5064, 0x5043, 0x5043, 0x5023, 0x5023, 0x5023, 0x5043, 0x5043, 0x5063, 0x5064, 0x5064, 0x5064, 0x5063, 0x5063,
    0x5063, 0x5063, 0x4863, 0x4863, 0x4863, 0x4863, 0x4863, 0x4863, 0x4863, 0x4863, 0x4863, 0x4863, 0x4843, 0x4843, 0x4843, 0x4843,
    0x4843, 0x4843, 0x4843, 0x4843, 0x4043, 0x4043, 0x4043, 0x4043, 0x4043, 0x4043, 0x4043, 0x4043, 0x4043, 0x4043, 0x4043, 0x4043,
    0x4043, 0x4043, 0x4043, 0x4043, 0x4043, 0x4043, 0x4043, 0x4043, 0x4043, 0x4043, 0x4043, 0x4043, 0x4043, 0x4043, 0x4043, 0x4043,
    0x4043, 0x4043, 0x4043, 0x4043, 0x4043, 0x4043, 0x4043, 0x4043, 0x4043, 0x4043, 0x4043, 0x4043, 0x4043, 0x4043, 0x4043, 0x4043,
    0x4043, 0x4043, 0x4043, 0x4043, 0x4043, 0x4043, 0x4043, 0x4043, 0x4043, 0x4043, 0x4043, 0x4043, 0x4043, 0x4043, 0x4043, 0x4043,
    0x4043, 0x4043, 0x4043, 0x4043, 0x4043, 0x4043, 0x4043, 0x4043, 0x4043, 0x4043, 0x4043, 0x4043, 0x4043, 0x4043, 0x4043, 0x4043,
    0x4043, 0x4043, 0x4043, 0x4043, 0x4043, 0x4043, 0x4043, 0x4043, 0x4043, 0x4043, 0x4043, 0x4043, 0x4043, 0x4043, 0x4043, 0x4043,
    0x4043, 0x4043, 0x4043, 0x4043, 0x4043, 0x4043, 0x4043, 0x4043, 0x4043, 0x4043, 0x4043, 0x4043, 0x4043, 0x4043, 0x4043, 0x4043,
    0x4043, 0x4043, 0x4043, 0x4043, 0x4043, 0x4043, 0x4043, 0x4043, 0x4043, 0x4043, 0x4043, 0x4043, 0x4043, 0x4043, 0x4043, 0x4043,
    0x4043, 0x4043, 0x4043, 0x4043, 0x4043, 0x4043, 0x4043, 0x4043, 0x4043, 0x4043, 0x4043, 0x4043, 0x4043, 0x4043, 0x4043, 0x4043,
    0x4043, 0x4043, 0x4043, 0x4043, 0x4043, 0x4043, 0x4043, 0x4043, 0x4043, 0x4043, 0x4043, 0x4043, 0x4043, 0x4043, 0x4043, 0x4043,
    0x4843, 0x4843, 0x4843, 0x4843, 0x4843, 0x4843, 0x4843, 0x4843, 0x4863, 0x4863, 0x4863, 0x4863, 0x4863, 0x4863, 0x4863, 0x4863,
    0x4863, 0x4863, 0x4863, 0x5063, 0x5063, 0x5063, 0x5063, 0x5063, 0x5064, 0x5064, 0x5064, 0x5064, 0x5063, 0x5063, 0x5043, 0x5043,
    0x5043, 0x5043, 0x5043, 0x5023, 0x5023, 0x5023, 0x5023, 0x5023, 0x5023, 0x5023, 0x5023, 0x5023, 0x5023, 0x5043, 0x5023, 0x5043,
    0x5043, 0x5043, 0x5063, 0x5063, 0x5064, 0x5064, 0x5064, 0x5064, 0x5063, 0x5063, 0x5063, 0x5063, 0x5063, 0x4863, 0x4863, 0x4863,
    0x4863, 0x4863, 0x4863, 0x4863, 0x4863, 0x4863, 0x4863, 0x4863, 0x4843, 0x4843, 0x4843, 0x4843, 0x4843, 0x4843, 0x4843, 0x4843,
    0x4843, 0x4043, 0x4043, 0x4043, 0x4043, 0x4043, 0x4043, 0x4043, 0x4043, 0x4043, 0x4043, 0x4043, 0x4043, 0x4043, 0x4043, 0x4043,
    0x4043, 0x4043, 0x4043, 0x4043, 0x4043, 0x4043, 0x4043, 0x4043, 0x4043, 0x4043, 0x4043, 0x4043, 0x4043, 0x4043, 0x4043, 0x4043,
    0x4043, 0x4043, 0x4043, 0x4043, 0x4043, 0x4043, 0x4043, 0x4043, 0x4043, 0x4043, 0x4043, 0x4043, 0x4043, 0x4043, 0x4043, 0x4043,
    0x4043, 0x4043, 0x4043, 0x4043, 0x4043, 0x4043, 0x4043, 0x4043, 0x4043, 0x4043, 0x4043, 0x4043, 0x4043, 0x4043, 0x4043, 0x4043,
    0x4043, 0x4043, 0x4043, 0x4043, 0x4043, 0x4043, 0x4043, 0x4043, 0x4043, 0x4043, 0x4043, 0x4043, 0x4043, 0x4043, 0x4043, 0x4043,
    0x4043, 0x4043, 0x4043, 0x4043, 0x4043, 0x4043, 0x4043, 0x4043, 0x4043, 0x4043, 0x4043, 0x4043, 0x4043, 0x4043, 0x4043, 0x4043,
    0x4043, 0x4043, 0x4043, 0x4043, 0x4043, 0x4043, 0x4043, 0x4043, 0x4043, 0x4043, 0x4043, 0x4043, 0x4043, 0x4043, 0x4043, 0x4043,
    0x4043, 0x4043, 0x4043, 0x4043, 0x4043, 0x4043, 0x4043, 0x4043, 0x4043, 0x4043, 0x4043, 0x4043, 0x4043, 0x4043, 0x4043, 0x4043,
    0x4043, 0x4043, 0x4043, 0x4043, 0x4043, 0x4043, 0x4043, 0x4043, 0x4043, 0x4043, 0x4043, 0x4043, 0x4043, 0x4043, 0x4043, 0x4043,
    0x4043, 0x4043, 0x4043, 0x4043, 0x4043, 0x4043, 0x4043, 0x4043, 0x4043, 0x4043, 0x4043, 0x4043, 0x4043, 0x4043, 0x4043, 0x4043,
    0x4043, 0x4043, 0x4843, 0x4843, 0x4843, 0x4843, 0x4843, 0x4843, 0x4843, 0x4843, 0x4843, 0x4863, 0x4863, 0x4863, 0x4863, 0x4863,
    0x4863, 0x4863, 0x4863, 0x4863, 0x4863, 0x4863, 0x4863, 0x4863, 0x4863, 0x4863, 0x5063, 0x5063, 0x5063, 0x5063, 0x5063, 0x5063,
    0x5063, 0x5064, 0x5064, 0x5064, 0x5064, 0x5064, 0x5064, 0x5064, 0x5064, 0x5064, 0x5064, 0x5064, 0x5064, 0x5064, 0x5064, 0x5063,
    0x5063, 0x5063, 0x5063, 0x5063, 0x5063, 0x5063, 0x4863, 0x4863, 0x4863, 0x4863, 0x4863, 0x4863, 0x4863, 0x4863, 0x4863, 0x4863,
    0x4863, 0x4863, 0x4863, 0x4863, 0x4863, 0x4843, 0x4843, 0x4843, 0x4843, 0x4843, 0x4843, 0x4843, 0x4843, 0x4843, 0x4043, 0x4043,
    0x4043, 0x4043, 0x4043, 0x4043, 0x4043, 0x4043, 0x4043, 0x4043, 0x4043, 0x4043, 0x4043, 0x4043, 0x4043, 0x4043, 0x4043, 0x4043,
    0x4043, 0x4043, 0x4043, 0x4043, 0x4043, 0x4043, 0x4043, 0x4043, 0x4043, 0x4043, 0x4043, 0x4043, 0x4043, 0x4043, 0x4043, 0x4043,
    0x4043, 0x4043, 0x4043, 0x4043, 0x4043, 0x4043, 0x4043, 0x4043, 0x4043, 0x4043, 0x4043, 0x4043, 0x4043, 0x4043, 0x4043, 0x4043,
    0x4043, 0x4043, 0x4043, 0x4043, 0x4043, 0x4043, 0x4043, 0x4043, 0x4043, 0x4043, 0x4043, 0x4043, 0x4043, 0x4043, 0x4043, 0x4043,
    0x4043, 0x4043, 0x4043, 0x4043, 0x4043, 0x4043, 0x4043, 0x4043, 0x4043, 0x4043, 0x4043, 0x4043, 0x4043, 0x4043, 0x4043, 0x4043,
    0x4043, 0x4043, 0x4043, 0x4043, 0x4043, 0x4043, 0x4043, 0x4043, 0x4043, 0x4043, 0x4043, 0x4043, 0x4043, 0x4043, 0x4043, 0x4043,
    0x4043, 0x4043, 0x4043, 0x4043, 0x4043, 0x4043, 0x4043, 0x4043, 0x4043, 0x4043, 0x4043, 0x4043, 0x4043, 0x4043, 0x4043, 0x4043,
    0x4043, 0x4043, 0x4043, 0x4043, 0x4043, 0x4043, 0x4043, 0x4043, 0x4043, 0x4043, 0x4043, 0x4043, 0x4043, 0x4043, 0x4043, 0x4043,
    0x4043, 0x4043, 0x4043, 0x4043, 0x4043, 0x4043, 0x4043, 0x4043, 0x4043, 0x4043, 0x4043, 0x4043, 0x4043, 0x4043, 0x4043, 0x4043,
    0x4043, 0x4043, 0x4043, 0x4043, 0x4043, 0x4043, 0x4043, 0x4043, 0x4043, 0x4043, 0x4043, 0x4043, 0x4043, 0x4043, 0x4043, 0x4043,
    0x4043, 0x4043, 0x4043, 0x4043, 0x4043, 0x4843, 0x4843, 0x4843, 0x4843, 0x4843, 0x4843, 0x4843, 0x4843, 0x4843, 0x4843, 0x4843,
    0x4843, 0x4863, 0x4863, 0x4863, 0x4863, 0x4863, 0x4863, 0x4863, 0x4863, 0x4863, 0x4863, 0x4863, 0x4863, 0x4863, 0x4863, 0x4863,
    0x4863, 0x4863, 0x4863, 0x4863, 0x4863, 0x4863, 0x4863, 0x4863, 0x4863, 0x4863, 0x4863, 0x4863, 0x4863, 0x4863, 0x4863, 0x4863,
    0x4863, 0x4863, 0x4863, 0x4863, 0x4863, 0x4863, 0x4863, 0x4863, 0x4863, 0x4863, 0x4863, 0x4863, 0x4863, 0x4863, 0x4863, 0x4843,
    0x4843, 0x4843, 0x4843, 0x4843, 0x4843, 0x4843, 0x4843, 0x4843, 0x4843, 0x4843, 0x4843, 0x4043, 0x4043, 0x4043, 0x4043, 0x4043,
    0x4043, 0x4043, 0x4043, 0x4043, 0x4043, 0x4043, 0x4043, 0x4043, 0x4043, 0x4043, 0x4043, 0x4043, 0x4043, 0x4043, 0x4043, 0x4043,
    0x4043, 0x4043, 0x4043, 0x4043, 0x4043, 0x4043, 0x4043, 0x4043, 0x4043, 0x4043, 0x4043, 0x4043, 0x4043, 0x4043, 0x4043, 0x4043,
    0x4043, 0x4043, 0x4043, 0x4043, 0x4043, 0x4043, 0x4043, 0x4043, 0x4043, 0x4043, 0x4043, 0x4043, 0x4043, 0x4043, 0x4043, 0x4043,
    0x4043, 0x4043, 0x4043, 0x4043, 0x4043, 0x4043, 0x4043, 0x4043, 0x4043, 0x4043, 0x4043, 0x4043, 0x4043, 0x4043, 0x4043, 0x4043,
    0x4043, 0x4043, 0x4043, 0x4043, 0x4043, 0x4043, 0x4043, 0x4043, 0x4043, 0x4043, 0x4043, 0x4043, 0x4043, 0x4043, 0x4043, 0x4043,
    0x4043, 0x4043, 0x4043, 0x4043, 0x4043, 0x4043, 0x4043, 0x4043, 0x4043, 0x4043, 0x4043, 0x4043, 0x4043, 0x4043, 0x4043, 0x4043,
    0x4043, 0x4043, 0x4043, 0x4043, 0x4043, 0x4043, 0x4043, 0x4043, 0x4043, 0x4043, 0x4043, 0x4043, 0x4043, 0x4043, 0x4043, 0x4043,
    0x4043, 0x4043, 0x4043, 0x4043, 0x4043, 0x4043, 0x4043, 0x4043, 0x4043, 0x4043, 0x4043, 0x4043, 0x4043, 0x4043, 0x4043, 0x4043,
    0x4043, 0x4043, 0x4043, 0x4043, 0x4043, 0x4043, 0x4043, 0x4043, 0x4043, 0x4043, 0x4043, 0x4043, 0x4043, 0x4043, 0x4043, 0x4043,
    0x4043, 0x4043, 0x4043, 0x4043, 0x4043, 0x4043, 0x4043, 0x4043, 0x4043, 0x4043, 0x4043, 0x4043, 0x4043, 0x4043, 0x4043, 0x4043,
    0x4043, 0x4043, 0x4043, 0x4043, 0x4043, 0x4043, 0x4043, 0x4043, 0x4043, 0x4043, 0x4843, 0x4843, 0x4843, 0x4843, 0x4843, 0x4843,
    0x4843, 0x4843, 0x4843, 0x4843, 0x4843, 0x4843, 0x4843, 0x4863, 0x4863, 0x4863, 0x4863, 0x4863, 0x4863, 0x4863, 0x4863, 0x4863,
    0x4863, 0x4863, 0x4863, 0x4863, 0x4863, 0x4863, 0x4863, 0x4863, 0x4863, 0x4863, 0x4863, 0x4863, 0x4863, 0x4863, 0x4863, 0x4863,
    0x4863, 0x4863, 0x4863, 0x4863, 0x4863, 0x4863, 0x4863, 0x4863, 0x4863, 0x4843, 0x4843, 0x4843, 0x4843, 0x4843, 0x4843, 0x4843,
    0x4843, 0x4843, 0x4843, 0x4843, 0x4843, 0x4843, 0x4843, 0x4043, 0x4043, 0x4043, 0x4043, 0x4043, 0x4043, 0x4043, 0x4043, 0x4043,
    0x4043, 0x4043, 0x4043, 0x4043, 0x4043, 0x4043, 0x4043, 0x4043, 0x4043, 0x4043, 0x4043, 0x4043, 0x4043, 0x4043, 0x4043, 0x4043,
    0x4043, 0x4043, 0x4043, 0x4043, 0x4043, 0x4043, 0x4043, 0x4043, 0x4043, 0x4043, 0x4043, 0x4043, 0x4043, 0x4043, 0x4043, 0x4043,
    0x4043, 0x4043, 0x4043, 0x4043, 0x4043, 0x4043, 0x4043, 0x4043, 0x4043, 0x4043, 0x4043, 0x4043, 0x4043, 0x4043, 0x4043, 0x4043,
    0x4043, 0x4043, 0x4043, 0x4043, 0x4043, 0x4043, 0x4043, 0x4043, 0x4043, 0x4043, 0x4043, 0x4043, 0x4043, 0x4043, 0x4043, 0x4043,
    0x4043, 0x4043, 0x4043, 0x4043, 0x4043, 0x4043, 0x4043, 0x4043, 0x4043, 0x4043, 0x4043, 0x4043, 0x4043, 0x4043, 0x4043, 0x4043,
    0x4043, 0x4043, 0x4043, 0x4043, 0x4043, 0x4043, 0x4043, 0x4043, 0x4043, 0x4043, 0x4043, 0x4043, 0x4043, 0x4043, 0x4043, 0x4043,
    0x4043, 0x4043, 0x4043, 0x4043, 0x4043, 0x4043, 0x4043, 0x4043, 0x4043, 0x4043, 0x4043, 0x4043, 0x4043, 0x4043, 0x4043, 0x4043,
    0x4043, 0x4043, 0x4043, 0x4043, 0x4043, 0x4043, 0x4043, 0x4043, 0x4043, 0x4043, 0x4043, 0x4043, 0x4043, 0x4043, 0x4043, 0x4043,
    0x4043, 0x4043, 0x4043, 0x4043, 0x4043, 0x4043, 0x4043, 0x4043, 0x4043, 0x4043, 0x4043, 0x4043, 0x4043, 0x4043, 0x4043, 0x4043,
    0x4043, 0x4043, 0x4043, 0x4043, 0x4043, 0x4043, 0x4043, 0x4043, 0x4043, 0x4043, 0x4043, 0x4043, 0x4043, 0x4043, 0x4043, 0x4043,
    0x4043, 0x4043, 0x4043, 0x4043, 0x4043, 0x4043, 0x4043, 0x4043, 0x4043, 0x4043, 0x4043, 0x4043, 0x4043, 0x4843, 0x4843, 0x4843,
    0x4843, 0x4843, 0x4843, 0x4843, 0x4843, 0x4843, 0x4843, 0x4843, 0x4843, 0x4843, 0x4843, 0x4843, 0x4843, 0x4843, 0x4843, 0x4863,
    0x4863, 0x4863, 0x4863, 0x4863, 0x4863, 0x4863, 0x4863, 0x4863, 0x4863, 0x4863, 0x4863, 0x4863, 0x4863, 0x4863, 0x4863, 0x4863,
    0x4863, 0x4843, 0x4843, 0x4843, 0x4843, 0x4843, 0x4843, 0x4843, 0x4843, 0x4843, 0x4843, 0x4843, 0x4843, 0x4843, 0x4843, 0x4843,
    0x4843, 0x4843, 0x4843, 0x4043, 0x4043, 0x4043, 0x4043, 0x4043, 0x4043, 0x4043, 0x4043, 0x4043, 0x4043, 0x4043, 0x4043, 0x4043,
    0x4043, 0x4043, 0x4043, 0x4043, 0x4043, 0x4043, 0x4043, 0x4043, 0x4043, 0x4043, 0x4043, 0x4043, 0x4043, 0x4043, 0x4043, 0x4043,
    0x4043, 0x4043, 0x4043, 0x4043, 0x4043, 0x4043, 0x4043, 0x4043, 0x4043, 0x4043, 0x4043, 0x4043, 0x4043, 0x4043, 0x4043, 0x4043,
    0x4043, 0x4043, 0x4043, 0x4043, 0x4043, 0x4043, 0x4043, 0x4043, 0x4043, 0x4043, 0x4043, 0x4043, 0x4043, 0x4043, 0x4043, 0x4043,
    0x4043, 0x4043, 0x4043, 0x4043, 0x4043, 0x4043, 0x4043, 0x4043, 0x4043, 0x4043, 0x4043, 0x4043, 0x4043, 0x4043, 0x4043, 0x4043,
    0x4043, 0x4043, 0x4043, 0x4043, 0x4043, 0x4043, 0x4043, 0x4043, 0x4043, 0x4043, 0x4043, 0x4043, 0x4043, 0x4043, 0x4043, 0x4043,
    0x4043, 0x4043, 0x4043, 0x4043, 0x4043, 0x4043, 0x4043, 0x4043, 0x4043, 0x4043, 0x4043, 0x4043, 0x4043, 0x4043, 0x4043, 0x4043,
    0x4043, 0x4043, 0x4043, 0x4043, 0x4043, 0x4043, 0x4043, 0x4043, 0x4043, 0x4043, 0x4043, 0x4043, 0x4043, 0x4043, 0x4043, 0x4043,
    0x4043, 0x4043, 0x4043, 0x4043, 0x4043, 0x4043, 0x4043, 0x4043, 0x4043, 0x4043, 0x4043, 0x4043, 0x4043, 0x4043, 0x4043, 0x4043,
    0x4043, 0x4043, 0x4043, 0x4043, 0x4043, 0x4043, 0x4043, 0x4043, 0x4043, 0x4043, 0x4043, 0x4043, 0x4043, 0x4043, 0x4043, 0x4043,
    0x4043, 0x4043, 0x4043, 0x4043, 0x4043, 0x4043, 0x4043, 0x4043, 0x4043, 0x4043, 0x4043, 0x4043, 0x4043, 0x4043, 0x4043, 0x4043,
    0x4043, 0x4043, 0x4043, 0x4043, 0x4043, 0x4043, 0x4043, 0x4043, 0x4043, 0x4043, 0x4043, 0x4043, 0x4043, 0x4043, 0x4043, 0x4043,
    0x4043, 0x4843, 0x4843, 0x4843, 0x4843, 0x4843, 0x4843, 0x4843, 0x4843, 0x4843, 0x4843, 0x4843, 0x4843, 0x4843, 0x4843, 0x4843,
    0x4843, 0x4843, 0x4843, 0x4843, 0x4843, 0x4843, 0x4843, 0x4843, 0x4843, 0x4843, 0x4843, 0x4843, 0x4843, 0x4843, 0x4843, 0x4843,
    0x4843, 0x4843, 0x4843, 0x4843, 0x4843, 0x4843, 0x4843, 0x4843, 0x4843, 0x4843, 0x4843, 0x4843, 0x4843, 0x4843, 0x4843, 0x4043,
    0x4043, 0x4043, 0x4043, 0x4043, 0x4043, 0x4043, 0x4043, 0x4043, 0x4043, 0x4043, 0x4043, 0x4043, 0x4043, 0x4043, 0x4043, 0x4043,
    0x4043, 0x4043, 0x4043, 0x4043, 0x4043, 0x4043, 0x4043, 0x4043, 0x4043, 0x4043, 0x4043, 0x4043, 0x4043, 0x4043, 0x4043, 0x4043,
    0x4043, 0x4043, 0x4043, 0x4043, 0x4043, 0x4043, 0x4043, 0x4043, 0x4043, 0x4043, 0x4043, 0x4043, 0x4043, 0x4043, 0x4043, 0x4043,
    0x4043, 0x4043, 0x4043, 0x4043, 0x4043, 0x4043, 0x4043, 0x4043, 0x4043, 0x4043, 0x4043, 0x4043, 0x4043, 0x4043, 0x4043, 0x4043,
    0x4043, 0x4043, 0x4043, 0x4043, 0x4043, 0x4043, 0x4043, 0x4043, 0x4043, 0x4043, 0x4043, 0x4043, 0x4043, 0x4043, 0x4043, 0x4043,
    0x4043, 0x4043, 0x4043, 0x4043, 0x4043, 0x4043, 0x4043, 0x4043, 0x4043, 0x4043, 0x4043, 0x4043, 0x4043, 0x4043, 0x4043, 0x4043,
    0x4043, 0x4043, 0x4043, 0x4043, 0x4043, 0x4043, 0x4043, 0x4043, 0x4043, 0x4043, 0x4043, 0x4043, 0x4043, 0x4043, 0x4043, 0x4043,
    0x4043, 0x4043, 0x4043, 0x4043, 0x4043, 0x4043, 0x4043, 0x4043, 0x4043, 0x4043, 0x4043, 0x4043, 0x4043, 0x4043, 0x4043, 0x4043,
    0x4043, 0x4043, 0x4043, 0x4043, 0x4043, 0x4043, 0x4043, 0x4043, 0x4043, 0x4043, 0x4043, 0x4043, 0x4043, 0x4043, 0x4043, 0x4043,
    0x4043, 0x4043, 0x4043, 0x4043, 0x4043, 0x4043, 0x4043, 0x4043, 0x4043, 0x4043, 0x4043, 0x4043, 0x4043, 0x4043, 0x4043, 0x4043,
    0x4043, 0x4043, 0x4043, 0x4043, 0x4043, 0x4043, 0x4043, 0x4043, 0x4043, 0x4043, 0x4043, 0x4043, 0x4043, 0x4043, 0x4043, 0x4043,
    0x4043, 0x4043, 0x4043, 0x4043, 0x4043, 0x4043, 0x4043, 0x4043, 0x4043, 0x4043, 0x4043, 0x4043, 0x4043, 0x4043, 0x4043, 0x4043,
    0x4043, 0x4043, 0x4043, 0x4043, 0x4043, 0x4043, 0x4043, 0x4843, 0x4843, 0x4843, 0x4843, 0x4843, 0x4843, 0x4843, 0x4843, 0x4843,
    0x4843, 0x4843, 0x4843, 0x4843, 0x4843, 0x4843, 0x4843, 0x4843, 0x4843, 0x4843, 0x4843, 0x4843, 0x4843, 0x4843, 0x4843, 0x4843,
    0x4843, 0x4843, 0x4843, 0x4843, 0x4843, 0x4843, 0x4843, 0x4843, 0x4843, 0x4043, 0x4043, 0x4043, 0x4043, 0x4043, 0x4043, 0x4043,
    0x4043, 0x4043, 0x4043, 0x4043, 0x4043, 0x4043, 0x4043, 0x4043, 0x4043, 0x4043, 0x4043, 0x4043, 0x4043, 0x4043, 0x4043, 0x4043,
    0x4043, 0x4043, 0x4043, 0x4043, 0x4043, 0x4043, 0x4043, 0x4043, 0x4043, 0x4043, 0x4043, 0x4043, 0x4043, 0x4043, 0x4043, 0x4043,
    0x4043, 0x4043, 0x4043, 0x4043, 0x4043, 0x4043, 0x4043, 0x4043, 0x4043, 0x4043, 0x4043, 0x4043, 0x4043, 0x4043, 0x4043, 0x4043,
    0x4043, 0x4043, 0x4043, 0x4043, 0x4043, 0x4043, 0x4043, 0x4043, 0x4043, 0x4043, 0x4043, 0x4043, 0x4043, 0x4043, 0x4043, 0x4043,
    0x4043, 0x4043, 0x4043, 0x4043, 0x4043, 0x4043, 0x4043, 0x4043, 0x4043, 0x4043, 0x4043, 0x4043, 0x4043, 0x4043, 0x4043, 0x4043,
    0x4043, 0x4043, 0x4043, 0x4043, 0x4043, 0x4043, 0x4043, 0x4043, 0x4043, 0x4043, 0x4043, 0x4043, 0x4043, 0x4043, 0x4043, 0x4043,
    0x4043, 0x4043, 0x4043, 0x4043, 0x4043, 0x4043, 0x4043, 0x4043, 0x4043, 0x4043, 0x4043, 0x4043, 0x4043, 0x4043, 0x4043, 0x4043,
    0x4043, 0x4043, 0x4043, 0x4043, 0x4043, 0x4043, 0x4043, 0x4043, 0x4043, 0x4043, 0x4043, 0x4043, 0x4043, 0x4043, 0x4043, 0x4043,
    0x4043, 0x4043, 0x4043, 0x4043, 0x4043, 0x4043, 0x4043, 0x4043, 0x4043, 0x4043, 0x4043, 0x4043, 0x4043, 0x4043, 0x4043, 0x4043,
    0x4043, 0x4043, 0x4043, 0x4043, 0x4043, 0x4043, 0x4043, 0x4043, 0x4043, 0x4043, 0x4043, 0x4043, 0x4043, 0x4043, 0x4043, 0x4043,
    0x4043, 0x4043, 0x4043, 0x4043, 0x4043, 0x4043, 0x4043, 0x4043, 0x4043, 0x4043, 0x4043, 0x4043, 0x4043, 0x4043, 0x4043, 0x4043,
    0x4043, 0x4043, 0x4043, 0x4043, 0x4043, 0x4043, 0x4043, 0x4043, 0x4043, 0x4043, 0x4043, 0x4043, 0x4043, 0x4043, 0x4043, 0x4043,
    0x4043, 0x4043, 0x4043, 0x4043, 0x4043, 0x4043, 0x4043, 0x4043, 0x4043, 0x4043, 0x4043, 0x4043, 0x4043, 0x4043, 0x4043, 0x4043,
    0x4843, 0x4843, 0x4843, 0x4843, 0x4843, 0x4843, 0x4843, 0x4843, 0x4843, 0x4843, 0x4843, 0x4843, 0x4843, 0x4843, 0x4843, 0x4843,
    0x4043, 0x4043, 0x4043, 0x4043, 0x4043, 0x4043, 0x4043, 0x4043, 0x4043, 0x4043, 0x4043, 0x4043, 0x4043, 0x4043, 0x4043, 0x4043,
    0x4043, 0x4043, 0x4043, 0x4043, 0x4043, 0x4043, 0x4043, 0x4043, 0x4043, 0x4043, 0x4043, 0x4043, 0x4043, 0x4043, 0x4043, 0x4043,
    0x4043, 0x4043, 0x4043, 0x4043, 0x4043, 0x4043, 0x4043, 0x4043, 0x4043, 0x4043, 0x4043, 0x4043, 0x4043, 0x4043, 0x4043, 0x4043,
    0x4043, 0x4043, 0x4043, 0x4043, 0x4043, 0x4043, 0x4043, 0x4043, 0x4043, 0x4043, 0x4043, 0x4043, 0x4043, 0x4043, 0x4043, 0x4043,
    0x4043, 0x4043, 0x4043, 0x4043, 0x4043, 0x4043, 0x4043, 0x4043, 0x4043, 0x4043, 0x4043, 0x4043, 0x4043, 0x4043, 0x4043, 0x4043,
    0x4043, 0x4043, 0x4043, 0x4043, 0x4043, 0x4043, 0x4043, 0x4043, 0x4043, 0x4043, 0x4043, 0x4043, 0x4043, 0x4043, 0x4043, 0x4043,
    0x4043, 0x4043, 0x4043, 0x4043, 0x4043, 0x4043, 0x4043, 0x4043, 0x4043, 0x4043, 0x4043, 0x4043, 0x4043, 0x4043, 0x4043, 0x4043,
    0x4043, 0x4043, 0x4043, 0x4043, 0x4043, 0x4043, 0x4043, 0x4043, 0x4043, 0x4043, 0x4043, 0x4043, 0x4043, 0x4043, 0x4043, 0x4043,
    0x4043, 0x4043, 0x4043, 0x4043, 0x4043, 0x4043, 0x4043, 0x4043, 0x4043, 0x4043, 0x4043, 0x4043, 0x4043, 0x4043, 0x4043, 0x4043,
    0x4043, 0x4043, 0x4043, 0x4043, 0x4043, 0x4043, 0x4043, 0x4043, 0x4043, 0x4043, 0x4043, 0x4043, 0x4043, 0x4043, 0x4043, 0x4043,
    0x4043, 0x4043, 0x4043, 0x4043, 0x4043, 0x4043, 0x4043, 0x4043, 0x4043, 0x4043, 0x4043, 0x4043, 0x4043, 0x4043, 0x4043, 0x4043,
    0x4043, 0x4043, 0x4043, 0x4043, 0x4043, 0x4043, 0x4043, 0x4043, 0x4043, 0x4043, 0x4043, 0x4043, 0x4043, 0x4043, 0x4043, 0x4043,
    0x4043, 0x4043, 0x4043, 0x4043, 0x4043, 0x4043, 0x4043, 0x4043, 0x4043, 0x4043, 0x4043, 0x4043, 0x4043, 0x4043, 0x4043, 0x4043,
    0x4043, 0x4043, 0x4043, 0x4043, 0x4043, 0x4043, 0x4043, 0x4043, 0x4043, 0x4043, 0x4043, 0x4043, 0x4043, 0x4043, 0x4043, 0x4043,
    0x4043, 0x4043, 0x4043, 0x4043, 0x4043, 0x4043, 0x4043, 0x4043, 0x4043, 0x4043, 0x4043, 0x4043, 0x4043, 0x4043, 0x4043, 0x4043,
    0x4043, 0x4043, 0x4043, 0x4043, 0x4043, 0x4043, 0x4043, 0x4043, 0x4043, 0x4043, 0x4043, 0x4043, 0x4043, 0x4043, 0x4043, 0x4043,
    0x4043, 0x4043, 0x4043, 0x4043, 0x4043, 0x4043, 0x4043, 0x4043, 0x4043, 0x4043, 0x4043, 0x4043, 0x4043, 0x4043, 0x4043, 0x4043,
    0x4043, 0x4043, 0x4043, 0x4043, 0x4043, 0x4043, 0x4043, 0x4043, 0x4043, 0x4043, 0x4043, 0x4043, 0x4043, 0x4043, 0x4043, 0x4043,
    0x4043, 0x4043, 0x4043, 0x4043, 0x4043, 0x4043, 0x4043, 0x4043, 0x4043, 0x4043, 0x4043, 0x4043, 0x4043, 0x4043, 0x4043, 0x4043,
    0x4043, 0x4043, 0x4043, 0x4043, 0x4043, 0x4043, 0x4043, 0x4043, 0x4043, 0x4043, 0x4043, 0x4043, 0x4043, 0x4043, 0x4043, 0x4043,
    0x4043, 0x4043, 0x4043, 0x4043, 0x4043, 0x4043, 0x4043, 0x4043, 0x4043, 0x4043, 0x4043, 0x4043, 0x4043, 0x4043, 0x4043, 0x4043,
    0x4043, 0x4043, 0x4043, 0x4043, 0x4043, 0x4043, 0x4043, 0x4043, 0x4043, 0x4043, 0x4043, 0x4043, 0x4043, 0x4043, 0x4043, 0x4043,
};
