// flavor_2 - 240x240 RGB565 bitmap
// Auto-generated from flavor_2.png by tools/png_to_rgb565.py
#pragma once

#include <Arduino.h>

const uint16_t flavor1_240[240 * 240] PROGMEM = {
    0xA5AB, 0xA5AB, 0xA5AB, 0xA5AB, 0xA5AB, 0xA5AB, 0xA5AB, 0xA5AB, 0xA5AB, 0xA5AB, 0xA5AB, 0xA5AB, 0xA5AB, 0xA5AB, 0xA5AB, 0xA5AB,
    0xA5AB, 0xA5AB, 0xA5AB, 0xA5AB, 0xA5AB, 0xA5AB, 0xA5AB, 0xA5AB, 0xA5AB, 0xA5AB, 0xA5AB, 0xA5AB, 0xA5AB, 0xA5AB, 0xA5AB, 0xA5AB,
    0xA5AB, 0xA5AB, 0xA5AB, 0xA5AB, 0xA5AB, 0xA5AB, 0xA5AB, 0xA5AB, 0xA5AB, 0xA5AB, 0xA5AB, 0xA5AB, 0xA5AB, 0xA5AB, 0xA5AB, 0xA5AB,
    0x9DAB, 0x9DAB, 0x9D8B, 0x9D8B, 0x9D8B, 0x9D8B, 0x9D8B, 0x9D8B, 0x9D8B, 0x9D8B, 0x9D8B, 0x9D8B, 0x9D8B, 0x958B, 0x958B, 0x958B,
    0x958B, 0x958B, 0x958B, 0x956A, 0x956A, 0x956A, 0x956A, 0x956A, 0x956A, 0x956A, 0x8D6A, 0x8D6A, 0x8D6A, 0x8D6A, 0x8D6A, 0x8D6A,
    0x8D6A, 0x8D6A, 0x8D6A, 0x8D6A, 0x8D6A, 0x8D6A, 0x856A, 0x854A, 0x854A, 0x854A, 0x854A, 0x854A, 0x8549, 0x8549, 0x8549, 0x8549,
    0x8549, 0x8549, 0x7D49, 0x7D49, 0x7D49, 0x7D49, 0x7D49, 0x7D29, 0x7D29, 0x7D29, 0x7D29, 0x7D29, 0x7D29, 0x7D29, 0x7D29, 0x7529,
    0x7529, 0x7529, 0x7529, 0x7529, 0x7529, 0x7529, 0x7528, 0x7529, 0x7528, 0x7528, 0x7528, 0x7528, 0x6D28, 0x6D28, 0x6D08, 0x6D08,
    0x6D08, 0x6D08, 0x6D08, 0x6D08, 0x6D08, 0x6D08, 0x6D08, 0x6508, 0x6508, 0x6508, 0x6508, 0x64E8, 0x64E8, 0x64E8, 0x64E8, 0x64E7,
    0x64E7, 0x64E7, 0x64E7, 0x5CE7, 0x5CE7, 0x5CE7, 0x5CE7, 0x5CE7, 0x5CE7, 0x5CE7, 0x5CE7, 0x5CE7, 0x5CE7, 0x5CE7, 0x5CE7, 0x54C7,
    0x54C7, 0x54C7, 0x54C7, 0x54C7, 0x54C7, 0x54C7, 0x54C7, 0x54C7, 0x54C7, 0x54C7, 0x54C7, 0x4CC7, 0x4CC7, 0x4CC7, 0x4CA7, 0x4CA7,
    0x4CA7, 0x4CA7, 0x4CA7, 0x4CA7, 0x4CA7, 0x4CA7, 0x4CA7, 0x4CA7, 0x4CA7, 0x4487, 0x4487, 0x4487, 0x4487, 0x4487, 0x4487, 0x4487,
    0x4487, 0x4487, 0x4487, 0x4487, 0x4487, 0x4467, 0x3C67, 0x3C67, 0x3C67, 0x3C67, 0x3C67, 0x3C67, 0x3C67, 0x3C67, 0x3C67, 0x3C67,
    0x3C47, 0x3C47, 0x3C47, 0x3C47, 0x3C47, 0x3447, 0x3447, 0x3447, 0x3447, 0x3447, 0x3447, 0x3447, 0x3427, 0x3427, 0x3427, 0x3427,
    0x3427, 0x3427, 0x2C28, 0x2C28, 0x2C28, 0x2C28, 0x2C28, 0x2C08, 0x2C08, 0x2C08, 0x2C08, 0x2C08, 0x2C08, 0x2C08, 0x2C08, 0x2C08,
    0xA5AB, 0xA5AB, 0xA5AB, 0xA5AB, 0xA5AB, 0xA5AB, 0xA5AB, 0xA5AB, 0xA5AB, 0xA5AB, 0xA5AB, 0xA5AB, 0xA5AB, 0xA5AB, 0xA5AB, 0xA5AB,
    0xA5AB, 0xA5AB, 0xA5AB, 0xA5AB, 0xA5AB, 0xA5AB, 0xA5AB, 0xA5AB, 0xA5AB, 0xA5AB, 0xA5AB, 0xA5AB, 0xA5AB, 0xA5AB, 0xA5AB, 0xA5AB,
    0xA5AB, 0xA5AB, 0xA5AB, 0xA5AB, 0xA5AB, 0xA5AB, 0xA5AB, 0xA5AB, 0xA5AB, 0xA5AB, 0xA5AB, 0xA5AB, 0xA5AB, 0xA5AB, 0xA5AB, 0x9DAB,
    0x9DAB, 0x9D8B, 0x9D8B, 0x9D8B, 0x9D8B, 0x9D8B, 0x9D8B, 0x9D8B, 0x9D8B, 0x9D8B, 0x9D8B, 0x9D8B, 0x9D8B, 0x958B, 0x958B, 0x958B,
    0x958B, 0x958B, 0x956A, 0x956A, 0x956A, 0x956A, 0x956A, 0x956A, 0x956A, 0x8D6A, 0x8D6A, 0x8D6A, 0x8D6A, 0x8D6A, 0x8D6A, 0x8D6A,
    0x8D6A, 0x8D6A, 0x8D6A, 0x8D6A, 0x8D6A, 0x856A, 0x854A, 0x854A, 0x854A, 0x854A, 0x854A, 0x8549, 0x8549, 0x8549, 0x8549, 0x8549,
    0x8549, 0x7D49, 0x7D49, 0x7D49, 0x7D49, 0x7D49, 0x7D49, 0x7D49, 0x7D49, 0x7D49, 0x7D49, 0x7D49, 0x7D49, 0x7D49, 0x7D49, 0x7D49,
    0x7549, 0x7549, 0x7549, 0x7529, 0x7529, 0x7529, 0x7529, 0x7529, 0x7529, 0x7528, 0x7528, 0x7528, 0x6D28, 0x6D28, 0x6D28, 0x6D28,
    0x6D28, 0x6D28, 0x6D08, 0x6D08, 0x6D08, 0x6D08, 0x6D08, 0x6508, 0x6508, 0x6508, 0x6508, 0x64E8, 0x64E8, 0x64E8, 0x64E7, 0x64E7,
    0x64E7, 0x64E7, 0x5CE7, 0x5CE7, 0x5CE7, 0x5CE7, 0x5CE7, 0x5CE7, 0x5CE7, 0x5CE7, 0x5CE7, 0x5CE7, 0x5CE7, 0x5CE7, 0x54C7, 0x54C7,
    0x54C7, 0x54C7, 0x54C7, 0x54C7, 0x54C7, 0x54C7, 0x54C7, 0x54C7, 0x54C7, 0x54C7, 0x54C7, 0x4CC7, 0x4CC7, 0x4CA7, 0x4CA7, 0x4CA7,
    0x4CA7, 0x4CA7, 0x4CA7, 0x4CA7, 0x4CA7, 0x4CA7, 0x4CA7, 0x4CA7, 0x4487, 0x4487, 0x4487, 0x4487, 0x4487, 0x4487, 0x4487, 0x4487,
    0x4487, 0x4487, 0x4487, 0x4487, 0x4467, 0x3C67, 0x3C67, 0x3C67, 0x3C67, 0x3C67, 0x3C67, 0x3C67, 0x3C67, 0x3C67, 0x3C67, 0x3C47,
    0x3C47, 0x3C47, 0x3C47, 0x3C47, 0x3447, 0x3447, 0x3447, 0x3447, 0x3447, 0x3447, 0x3447, 0x3427, 0x3427, 0x3427, 0x3427, 0x3427,
    0x3427, 0x2C28, 0x2C28, 0x2C28, 0x2C28, 0x2C28, 0x2C08, 0x2C08, 0x2C08, 0x2C08, 0x2C08, 0x2C08, 0x2C08, 0x2C08, 0x2408, 0x2408,
    0xA5AB, 0xA5AB, 0xA5AB, 0xA5AB, 0xA5AB, 0xA5AB, 0xA5AB, 0xA5AB, 0xA5AB, 0xA5AB, 0xA5AB, 0xA5AB, 0xA5AB, 0xA5AB, 0xA5AB, 0xA5AB,
    0xA5AB, 0xA5AB, 0xA5AB, 0xA5AB, 0xA5AB, 0xA5AB, 0xA5AB, 0xA5AB, 0xA5AB, 0xA5AB, 0xA5AB, 0xA5AB, 0xA5AB, 0xA5AB, 0xA5AB, 0xA5AB,
    0xA5AB, 0xA5AB, 0xA5AB, 0xA5AB, 0xA5AB, 0xA5AB, 0xA5AB, 0xA5AB, 0xA5AB, 0xA5AB, 0xA5AB, 0xA5AB, 0xA5AB, 0xA5AB, 0x9DAB, 0x9DAB,
    0x9D8B, 0x9D8B, 0x9D8B, 0x9D8B, 0x9D8B, 0x9D8B, 0x9D8B, 0x9D8B, 0x9D8B, 0x9D8B, 0x9D8B, 0x9D8B, 0x958B, 0x958B, 0x958B, 0x958B,
    0x958B, 0x956A, 0x956A, 0x956A, 0x956A, 0x956A, 0x956A, 0x956A, 0x8D6A, 0x8D6A, 0x8D6A, 0x8D6A, 0x8D6A, 0x8D6A, 0x8D6A, 0x8D6A,
    0x8D6A, 0x8D6A, 0x8D6A, 0x8D6A, 0x856A, 0x854A, 0x854A, 0x854A, 0x854A, 0x854A, 0x8549, 0x8549, 0x8549, 0x8549, 0x8549, 0x8549,
    0x8549, 0x7D49, 0x7D49, 0x7D49, 0x7D49, 0x7D49, 0x7D49, 0x7D49, 0x7D49, 0x7D49, 0x7D49, 0x7D49, 0x7D49, 0x7D49, 0x7D49, 0x7D49,
    0x7D49, 0x7549, 0x7549, 0x7549, 0x7549, 0x7549, 0x7549, 0x7549, 0x7549, 0x7549, 0x7549, 0x7548, 0x7528, 0x6D28, 0x6D28, 0x6D28,
    0x6D28, 0x6D28, 0x6D28, 0x6D28, 0x6D28, 0x6D28, 0x6D28, 0x6508, 0x6508, 0x6508, 0x6508, 0x6508, 0x6508, 0x6508, 0x6508, 0x64E7,
    0x64E7, 0x5CE7, 0x5CE7, 0x5CE7, 0x5CE7, 0x5CE7, 0x5CE7, 0x5CE7, 0x5CE7, 0x5CE7, 0x5CE7, 0x5CE7, 0x5CE7, 0x54C7, 0x54C7, 0x54C7,
    0x54C7, 0x54C7, 0x54C7, 0x54C7, 0x54C7, 0x54C7, 0x54C7, 0x54C7, 0x54C7, 0x54C7, 0x4CC7, 0x4CC7, 0x4CA7, 0x4CA7, 0x4CA7, 0x4CA7,
    0x4CA7, 0x4CA7, 0x4CA7, 0x4CA7, 0x4CA7, 0x4CA7, 0x4CA7, 0x4487, 0x4487, 0x4487, 0x4487, 0x4487, 0x4487, 0x4487, 0x4487, 0x4487,
    0x4487, 0x4487, 0x4487, 0x4467, 0x3C67, 0x3C67, 0x3C67, 0x3C67, 0x3C67, 0x3C67, 0x3C67, 0x3C67, 0x3C67, 0x3C67, 0x3C47, 0x3C47,
    0x3C47, 0x3C47, 0x3C47, 0x3447, 0x3447, 0x3447, 0x3447, 0x3447, 0x3447, 0x3447, 0x3427, 0x3427, 0x3427, 0x3427, 0x3427, 0x3427,
    0x2C27, 0x2C28, 0x2C28, 0x2C28, 0x2C28, 0x2C08, 0x2C08, 0x2C08, 0x2C08, 0x2C08, 0x2C08, 0x2C08, 0x2C08, 0x2408, 0x2408, 0x2408,
    0xA5AB, 0xA5AB, 0xA5AB, 0xA5AB, 0xA5AB, 0xA5AB, 0xA5AB, 0xA5AB, 0xA5AB, 0xA5AB, 0xA5AB, 0xA5AB, 0xA5AB, 0xA5AB, 0xA5AB, 0xA5AB,
    0xA5AB, 0xA5AB, 0xA5AB, 0xA5AB, 0xA5AB, 0xA5AB, 0xA5AB, 0xA5AB, 0xA5AB, 0xA5AB, 0xA5AB, 0xA5AB, 0xA5AB, 0xA5AB, 0xA5AB, 0xA5AB,
    0xA5AB, 0xA5AB, 0xA5AB, 0xA5AB, 0xA5AB, 0xA5AB, 0xA5AB, 0xA5AB, 0xA5AB, 0xA5AB, 0xA5AB, 0xA5AB, 0xA5AB, 0x9DAB, 0x9DAB, 0x9D8B,
    0x9D8B, 0x9D8B, 0x9D8B, 0x9D8B, 0x9D8B, 0x9D8B, 0x9D8B, 0x9D8B, 0x9D8B, 0x9D8B, 0x9D8B, 0x958B, 0x958B, 0x958B, 0x958B, 0x958B,
    0x956A, 0x956A, 0x956A, 0x956A, 0x956A, 0x956A, 0x956A, 0x8D6A, 0x8D6A, 0x8D6A, 0x8D6A, 0x8D6A, 0x8D6A, 0x8D6A, 0x8D6A, 0x8D6A,
    0x8D6A, 0x8D6A, 0x8D6A, 0x856A, 0x854A, 0x854A, 0x854A, 0x854A, 0x854A, 0x8549, 0x8549, 0x8549, 0x8549, 0x8549, 0x8549, 0x8549,
    0x8549, 0x8549, 0x7D49, 0x7D49, 0x7D49, 0x7D49, 0x7D69, 0x7D49, 0x7D49, 0x7D49, 0x7D49, 0x7D49, 0x7D49, 0x7D49, 0x7D49, 0x7D69,
    0x7D69, 0x7D49, 0x7549, 0x7549, 0x7549, 0x7549, 0x7549, 0x7549, 0x7549, 0x7549, 0x7549, 0x7549, 0x7548, 0x7548, 0x6D48, 0x6D48,
    0x6D48, 0x6D28, 0x6D28, 0x6D28, 0x6D28, 0x6D28, 0x6D28, 0x6D28, 0x6528, 0x6528, 0x6508, 0x6508, 0x6508, 0x6508, 0x6508, 0x6507,
    0x6507, 0x6507, 0x5CE7, 0x5CE7, 0x5CE7, 0x5CE7, 0x5CE7, 0x5CE7, 0x5CE7, 0x5CE7, 0x5CE7, 0x5CE7, 0x54C7, 0x54C7, 0x54C7, 0x54C7,
    0x54C7, 0x54C7, 0x54C7, 0x54C7, 0x54C7, 0x54C7, 0x54C7, 0x54C7, 0x54C7, 0x4CC7, 0x4CC7, 0x4CA7, 0x4CA7, 0x4CA7, 0x4CA7, 0x4CA7,
    0x4CA7, 0x4CA7, 0x4CA7, 0x4CA7, 0x4CA7, 0x4CA7, 0x4487, 0x4487, 0x4487, 0x4487, 0x4487, 0x4487, 0x4487, 0x4487, 0x4487, 0x4487,
    0x4487, 0x4487, 0x4487, 0x3C67, 0x3C67, 0x3C67, 0x3C67, 0x3C67, 0x3C67, 0x3C67, 0x3C67, 0x3C67, 0x3C67, 0x3C47, 0x3C47, 0x3C47,
    0x3C47, 0x3C47, 0x3447, 0x3447, 0x3447, 0x3447, 0x3447, 0x3447, 0x3447, 0x3427, 0x3427, 0x3427, 0x3427, 0x3427, 0x3427, 0x2C27,
    0x2C28, 0x2C28, 0x2C28, 0x2C28, 0x2C08, 0x2C08, 0x2C08, 0x2C08, 0x2C08, 0x2C08, 0x2C08, 0x2C08, 0x2408, 0x2408, 0x2408, 0x2408,
    0xA5AB, 0xA5AB, 0xA5AB, 0xA5AB, 0xA5AB, 0xA5AB, 0xA5AB, 0xA5AB, 0xA5AB, 0xA5AB, 0xA5AB, 0xA5AB, 0xA5AB, 0xA5AB, 0xA5AB, 0xA5AB,
    0xA5AB, 0xA5AB, 0xA5AB, 0xA5AB, 0xA5AB, 0xA5AB, 0xA5AB, 0xA5AB, 0xA5AB, 0xA5AB, 0xA5AB, 0xA5AB, 0xA5AB, 0xA5AB, 0xA5AB, 0xA5AB,
    0xA5AB, 0xA5AB, 0xA5AB, 0xA5AB, 0xA5AB, 0xA5AB, 0xA5AB, 0xA5AB, 0xA5AB, 0xA5AB, 0xA5AB, 0xA5AB, 0x9DAB, 0x9DAB, 0x9D8B, 0x9D8B,
    0x9D8B, 0x9D8B, 0x9D8B, 0x9D8B, 0x9D8B, 0x9D8B, 0x9D8B, 0x9D8B, 0x9D8B, 0x9D8B, 0x958B, 0x958B, 0x958B, 0x958B, 0x958B, 0x956A,
    0x956A, 0x956A, 0x956A, 0x956A, 0x956A, 0x956A, 0x8D6A, 0x8D6A, 0x8D6A, 0x8D6A, 0x8D6A, 0x8D6A, 0x8D6A, 0x8D6A, 0x8D6A, 0x8D6A,
    0x8D6A, 0x8D6A, 0x856A, 0x854A, 0x854A, 0x854A, 0x854A, 0x854A, 0x854A, 0x854A, 0x854A, 0x854A, 0x856A, 0x8569, 0x8569, 0x8569,
    0x8569, 0x8569, 0x8569, 0x7D69, 0x7D69, 0x7D69, 0x7D69, 0x7D69, 0x7D69, 0x7D69, 0x7D69, 0x7D69, 0x7D69, 0x7D69, 0x7D69, 0x7D69,
    0x7D69, 0x7D69, 0x7D69, 0x7569, 0x7569, 0x7569, 0x7569, 0x7549, 0x7549, 0x7549, 0x7549, 0x7549, 0x7549, 0x7549, 0x6D48, 0x6D48,
    0x6D48, 0x6D48, 0x6D48, 0x6D48, 0x6D28, 0x6D28, 0x6D28, 0x6D28, 0x6D28, 0x6528, 0x6528, 0x6528, 0x6528, 0x6508, 0x6508, 0x6508,
    0x6507, 0x6507, 0x5D07, 0x5D07, 0x5CE7, 0x5CE7, 0x5CE7, 0x5CE7, 0x5CE7, 0x5CE7, 0x5CE7, 0x54C7, 0x54C7, 0x54C7, 0x54C7, 0x54C7,
    0x54C7, 0x54C7, 0x54C7, 0x54C7, 0x54C7, 0x54C7, 0x54C7, 0x54C7, 0x4CC7, 0x4CC7, 0x4CA7, 0x4CA7, 0x4CA7, 0x4CA7, 0x4CA7, 0x4CA7,
    0x4CA7, 0x4CA7, 0x4CA7, 0x4CA7, 0x4CA7, 0x4487, 0x4487, 0x4487, 0x4487, 0x4487, 0x4487, 0x4487, 0x4487, 0x4487, 0x4487, 0x4487,
    0x4487, 0x4487, 0x3C67, 0x3C67, 0x3C67, 0x3C67, 0x3C67, 0x3C67, 0x3C67, 0x3C67, 0x3C67, 0x3C67, 0x3C47, 0x3C47, 0x3C47, 0x3C47,
    0x3C47, 0x3447, 0x3447, 0x3447, 0x3447, 0x3447, 0x3447, 0x3447, 0x3447, 0x3427, 0x3427, 0x3427, 0x3427, 0x3427, 0x2C27, 0x2C28,
    0x2C28, 0x2C28, 0x2C28, 0x2C08, 0x2C08, 0x2C08, 0x2C08, 0x2C08, 0x2C08, 0x2C08, 0x2C08, 0x2408, 0x2408, 0x2408, 0x2408, 0x2408,
    0xA5AB, 0xA5AB, 0xA5AB, 0xA5AB, 0xA5AB, 0xA5AB, 0xA5AB, 0xA5AB, 0xA5AB, 0xA5AB, 0xA5AB, 0xA5AB, 0xA5AB, 0xA5AB, 0xA5AB, 0xA5AB,
    0xA5AB, 0xA5AB, 0xA5AB, 0xA5AB, 0xA5AB, 0xA5AB, 0xA5AB, 0xA5AB, 0xA5AB, 0xA5AB, 0xA5AB, 0xA5AB, 0xA5AB, 0xA5AB, 0xA5AB, 0xA5AB,
    0xA5AB, 0xA5AB, 0xA5AB, 0xA5AB, 0xA5AB, 0xA5AB, 0xA5AB, 0xA5AB, 0xA5AB, 0xA5AB, 0xA5AB, 0xA5AB, 0x9DAB, 0x9D8B, 0x9D8B, 0x9D8B,
    0x9D8B, 0x9D8B, 0x9D8B, 0x9D8B, 0x9D8B, 0x9D8B, 0x9D8B, 0x9D8B, 0x9D8B, 0x958B, 0x958B, 0x958B, 0x958B, 0x958B, 0x956A, 0x956A,
    0x956A, 0x956A, 0x956A, 0x956A, 0x956A, 0x8D6A, 0x8D6A, 0x8D6A, 0x8D6A, 0x8D6A, 0x8D6A, 0x8D6A, 0x8D6A, 0x8D6A, 0x8D6A, 0x8D6A,
    0x8D6A, 0x856A, 0x854A, 0x854A, 0x854A, 0x854A, 0x854A, 0x856A, 0x856A, 0x856A, 0x856A, 0x856A, 0x856A, 0x856A, 0x856A, 0x856A,
    0x856A, 0x8569, 0x8569, 0x8569, 0x8569, 0x7D69, 0x7D69, 0x7D69, 0x7D69, 0x7D69, 0x7D69, 0x7D69, 0x7D69, 0x7D69, 0x7D69, 0x7D69,
    0x7D69, 0x7D69, 0x7D69, 0x7569, 0x7569, 0x7569, 0x7569, 0x7569, 0x7569, 0x7569, 0x7569, 0x7569, 0x7569, 0x7549, 0x7549, 0x6D48,
    0x6D48, 0x6D48, 0x6D48, 0x6D48, 0x6D48, 0x6D48, 0x6D28, 0x6D28, 0x6D28, 0x6528, 0x6528, 0x6528, 0x6528, 0x6528, 0x6528, 0x6508,
    0x6508, 0x6507, 0x5D07, 0x5D07, 0x5D07, 0x5D07, 0x5CE7, 0x5CE7, 0x5CE7, 0x5CE7, 0x5CE7, 0x54C7, 0x54C7, 0x54C7, 0x54C7, 0x54C7,
    0x54C7, 0x54C7, 0x54C7, 0x54C7, 0x54C7, 0x54C7, 0x54C7, 0x4CC7, 0x4CC7, 0x4CA7, 0x4CA7, 0x4CA7, 0x4CA7, 0x4CA7, 0x4CA7, 0x4CA7,
    0x4CA7, 0x4CA7, 0x4CA7, 0x4CA7, 0x4487, 0x4487, 0x4487, 0x4487, 0x4487, 0x4487, 0x4487, 0x4487, 0x4487, 0x4487, 0x4487, 0x4487,
    0x4467, 0x4467, 0x3C67, 0x3C67, 0x3C67, 0x3C67, 0x3C67, 0x3C67, 0x3C67, 0x3C67, 0x3C67, 0x3C47, 0x3C47, 0x3C47, 0x3C47, 0x3C47,
    0x3447, 0x3447, 0x3447, 0x3447, 0x3447, 0x3447, 0x3447, 0x3447, 0x3427, 0x3427, 0x3427, 0x3427, 0x3427, 0x2C27, 0x2C28, 0x2C28,
    0x2C28, 0x2C28, 0x2C08, 0x2C08, 0x2C08, 0x2C08, 0x2C08, 0x2C08, 0x2C08, 0x2C08, 0x2408, 0x2408, 0x2408, 0x2408, 0x2408, 0x23E8,
    0xA5AB, 0xA5AB, 0xA5AB, 0xA5AB, 0xA5AB, 0xA5AB, 0xA5AB, 0xA5AB, 0xA5AB, 0xA5AB, 0xA5AB, 0xA5AB, 0xA5AB, 0xA5AB, 0xA5AB, 0xA5AB,
    0xA5AB, 0xA5AB, 0xA5AB, 0xA5AB, 0xA5AB, 0xA5AB, 0xA5AB, 0xA5AB, 0xA5AB, 0xA5AB, 0xA5AB, 0xA5AB, 0xA5AB, 0xA5AB, 0xA5AB, 0xA5AB,
    0xA5AB, 0xA5AB, 0xA5AB, 0xA5AB, 0xA5AB, 0xA5AB, 0xA5AB, 0xA5AB, 0xA5AB, 0xA5AB, 0xA5AB, 0x9DAB, 0x9DAB, 0x9D8B, 0x9D8B, 0x9D8B,
    0x9D8B, 0x9D8B, 0x9D8B, 0x9D8B, 0x9D8B, 0x9D8B, 0x9D8B, 0x9D8B, 0x958B, 0x958B, 0x958B, 0x958B, 0x958B, 0x956A, 0x956A, 0x956A,
    0x956A, 0x956A, 0x956A, 0x956A, 0x8D6A, 0x8D6A, 0x8D6A, 0x8D6A, 0x8D6A, 0x8D6A, 0x8D6A, 0x8D6A, 0x8D6A, 0x8D6A, 0x8D6A, 0x8D6A,
    0x856A, 0x854A, 0x856A, 0x856A, 0x856A, 0x856A, 0x856A, 0x856A, 0x856A, 0x856A, 0x856A, 0x856A, 0x856A, 0x856A, 0x856A, 0x856A,
    0x858A, 0x858A, 0x8589, 0x8589, 0x8589, 0x8589, 0x7D89, 0x7D89, 0x7D89, 0x7D89, 0x7D89, 0x7D89, 0x7D89, 0x7D89, 0x7D89, 0x7D69,
    0x7D69, 0x7D69, 0x7D69, 0x7D69, 0x7D69, 0x7569, 0x7569, 0x7569, 0x7569, 0x7569, 0x7569, 0x7569, 0x7569, 0x7569, 0x7569, 0x6D48,
    0x6D68, 0x6D48, 0x6D48, 0x6D48, 0x6D48, 0x6D48, 0x6D48, 0x6D48, 0x6D48, 0x6528, 0x6548, 0x6528, 0x6528, 0x6528, 0x6528, 0x6528,
    0x6528, 0x6508, 0x5D07, 0x5D07, 0x5D07, 0x5D07, 0x5D07, 0x5CE7, 0x5CE7, 0x5CE7, 0x5CE7, 0x5CE7, 0x54E7, 0x54C7, 0x54C7, 0x54C7,
    0x54C7, 0x54C7, 0x54C7, 0x54C7, 0x54C7, 0x54C7, 0x4CC7, 0x4CC7, 0x4CA7, 0x4CA7, 0x4CA7, 0x4CA7, 0x4CA7, 0x4CA7, 0x4CA7, 0x4CA7,
    0x4CA7, 0x4CA7, 0x4CA7, 0x4487, 0x4487, 0x4487, 0x4487, 0x4487, 0x4487, 0x4487, 0x4487, 0x4487, 0x4487, 0x4487, 0x4487, 0x4467,
    0x4467, 0x3C67, 0x3C67, 0x3C67, 0x3C67, 0x3C67, 0x3C67, 0x3C67, 0x3C67, 0x3C67, 0x3C47, 0x3C47, 0x3C47, 0x3C47, 0x3C47, 0x3447,
    0x3447, 0x3447, 0x3447, 0x3447, 0x3447, 0x3447, 0x3447, 0x3427, 0x3427, 0x3427, 0x3427, 0x3427, 0x2C27, 0x2C28, 0x2C28, 0x2C28,
    0x2C28, 0x2C08, 0x2C08, 0x2C08, 0x2C08, 0x2C08, 0x2C08, 0x2C08, 0x2C08, 0x2408, 0x2408, 0x2408, 0x2408, 0x2408, 0x23E8, 0x23E8,
    0xA5AB, 0xA5AB, 0xA5AB, 0xA5AB, 0xA5AB, 0xA5AB, 0xA5AB, 0xA5AB, 0xA5AB, 0xA5AB, 0xA5AB, 0xA5AB, 0xA5AB, 0xA5AB, 0xA5AB, 0xA5AB,
    0xA5AB, 0xA5AB, 0xA5AB, 0xA5AB, 0xA5AB, 0xA5AB, 0xA5AB, 0xA5AB, 0xA5AB, 0xA5AB, 0xA5AB, 0xA5AB, 0xA5AB, 0xA5AB, 0xA5AB, 0xA5AB,
    0xA5AB, 0xA5AB, 0xA5AB, 0xA5AB, 0xA5AB, 0xA5AB, 0xA5AB, 0xA5AB, 0xA5AB, 0x9DAB, 0x9DAB, 0x9DAB, 0x9D8B, 0x9D8B, 0x9D8B, 0x9D8B,
    0x9D8B, 0x9D8B, 0x9D8B, 0x9D8B, 0x9D8B, 0x9D8B, 0x9D8B, 0x958B, 0x958B, 0x958B, 0x958B, 0x958B, 0x956A, 0x956A, 0x956A, 0x956A,
    0x956A, 0x956A, 0x956A, 0x8D6A, 0x8D6A, 0x8D6A, 0x8D6A, 0x8D6A, 0x8D6A, 0x8D6A, 0x8D6A, 0x8D6A, 0x8D6A, 0x8D6A, 0x8D6A, 0x8D6A,
    0x856A, 0x8D6A, 0x856A, 0x856A, 0x856A, 0x856A, 0x856A, 0x856A, 0x858A, 0x858A, 0x856A, 0x858A, 0x858A, 0x858A, 0x858A, 0x858A,
    0x858A, 0x858A, 0x858A, 0x858A, 0x858A, 0x858A, 0x858A, 0x7D89, 0x7D89, 0x7D89, 0x7D89, 0x7D89, 0x7D89, 0x7D89, 0x7D89, 0x7D89,
    0x7D89, 0x7D89, 0x7D89, 0x7D89, 0x7D89, 0x7589, 0x7589, 0x7589, 0x7589, 0x7589, 0x7589, 0x7569, 0x7569, 0x7569, 0x7569, 0x7569,
    0x6D68, 0x6D68, 0x6D68, 0x6D68, 0x6D68, 0x6D48, 0x6D48, 0x6D48, 0x6D48, 0x6D48, 0x6548, 0x6548, 0x6548, 0x6548, 0x6528, 0x6528,
    0x6528, 0x6528, 0x6528, 0x5D27, 0x5D27, 0x5D07, 0x5D07, 0x5D07, 0x5D07, 0x5D07, 0x5CE7, 0x54E7, 0x54E7, 0x54E7, 0x54E7, 0x54C7,
    0x54C7, 0x54C7, 0x54C7, 0x54C7, 0x4CC7, 0x4CC7, 0x4CC7, 0x4CA7, 0x4CA7, 0x4CA7, 0x4CA7, 0x4CA7, 0x4CA7, 0x4CA7, 0x4CA7, 0x4CA7,
    0x4CA7, 0x4CA7, 0x4487, 0x4487, 0x4487, 0x4487, 0x4487, 0x4487, 0x4487, 0x4487, 0x4487, 0x4487, 0x4487, 0x4487, 0x4467, 0x3C67,
    0x3C67, 0x3C67, 0x3C67, 0x3C67, 0x3C67, 0x3C67, 0x3C67, 0x3C67, 0x3C67, 0x3C47, 0x3C47, 0x3C47, 0x3C47, 0x3C47, 0x3447, 0x3447,
    0x3447, 0x3447, 0x3447, 0x3447, 0x3447, 0x3427, 0x3427, 0x3427, 0x3427, 0x3427, 0x3427, 0x2C28, 0x2C28, 0x2C28, 0x2C28, 0x2C28,
    0x2C08, 0x2C08, 0x2C08, 0x2C08, 0x2C08, 0x2C08, 0x2C08, 0x2C08, 0x2C08, 0x2408, 0x2408, 0x2408, 0x23E8, 0x23E8, 0x23E8, 0x23E8,
    0xA5AB, 0xA5AB, 0xA5AB, 0xA5AB, 0xA5AB, 0xA5AB, 0xA5AB, 0xA5AB, 0xA5AB, 0xA5AB, 0xA5AB, 0xA5AB, 0xA5AB, 0xA5AB, 0xA5AB, 0xA5AB,
    0xA5AB, 0xA5AB, 0xA5AB, 0xA5AB, 0xA5AB, 0xA5AB, 0xA5AB, 0xA5AB, 0xA5AB, 0xA5AB, 0xA5AB, 0xA5AB, 0xA5AB, 0xA5AB, 0xA5AB, 0xA5AB,
    0xA5AB, 0xA5AB, 0xA5AB, 0xA5AB, 0xA5AB, 0xA5AB, 0xA5AB, 0xA5AB, 0x9DAB, 0x9DAB, 0x9D8B, 0x9D8B, 0x9D8B, 0x9D8B, 0x9D8B, 0x9D8B,
    0x9D8B, 0x9D8B, 0x9D8B, 0x9D8B, 0x9D8B, 0x9D8B, 0x958B, 0x958B, 0x958B, 0x958B, 0x958B, 0x956A, 0x956A, 0x956A, 0x956A, 0x956A,
    0x956A, 0x956A, 0x8D6A, 0x8D6A, 0x8D6A, 0x8D6A, 0x8D6A, 0x8D6A, 0x8D6A, 0x8D6A, 0x8D6A, 0x8D6A, 0x8D6A, 0x8D6A, 0x8D6A, 0x8D6A,
    0x8D6A, 0x8D6A, 0x8D6A, 0x8D8A, 0x8D8A, 0x858A, 0x858A, 0x858A, 0x858A, 0x858A, 0x858A, 0x858A, 0x858A, 0x858A, 0x858A, 0x858A,
    0x858A, 0x858A, 0x858A, 0x858A, 0x858A, 0x858A, 0x858A, 0x858A, 0x8589, 0x7DA9, 0x7DA9, 0x7DA9, 0x7D89, 0x7D89, 0x7DA9, 0x7D89,
    0x7D89, 0x7D89, 0x7D89, 0x7D89, 0x7D89, 0x7D89, 0x7589, 0x7589, 0x7589, 0x7589, 0x7589, 0x7589, 0x7589, 0x7589, 0x7589, 0x7569,
    0x6D69, 0x6D68, 0x6D68, 0x6D68, 0x6D68, 0x6D68, 0x6D68, 0x6D68, 0x6D68, 0x6D48, 0x6548, 0x6548, 0x6548, 0x6548, 0x6548, 0x6548,
    0x6528, 0x6528, 0x6527, 0x5D27, 0x5D27, 0x5D27, 0x5D07, 0x5D07, 0x5D07, 0x5D07, 0x5D07, 0x5D07, 0x54E7, 0x54E7, 0x54E7, 0x54E7,
    0x54C7, 0x54C7, 0x54C7, 0x54C7, 0x4CC7, 0x4CC7, 0x4CA7, 0x4CA7, 0x4CA7, 0x4CA7, 0x4CA7, 0x4CA7, 0x4CA7, 0x4CA7, 0x4CA7, 0x4CA7,
    0x4C87, 0x4487, 0x4487, 0x4487, 0x4487, 0x4487, 0x4487, 0x4487, 0x4487, 0x4487, 0x4487, 0x4487, 0x4487, 0x4467, 0x3C67, 0x3C67,
    0x3C67, 0x3C67, 0x3C67, 0x3C67, 0x3C67, 0x3C67, 0x3C67, 0x3C67, 0x3C47, 0x3C47, 0x3C47, 0x3C47, 0x3447, 0x3447, 0x3447, 0x3447,
    0x3447, 0x3447, 0x3447, 0x3447, 0x3427, 0x3427, 0x3427, 0x3427, 0x3427, 0x3427, 0x2C28, 0x2C28, 0x2C28, 0x2C28, 0x2C28, 0x2C08,
    0x2C08, 0x2C08, 0x2C08, 0x2C08, 0x2C08, 0x2C08, 0x2C08, 0x2408, 0x2408, 0x2408, 0x2408, 0x23E8, 0x23E8, 0x23E8, 0x23E8, 0x23E8,
    0xA5AB, 0xA5AB, 0xA5AB, 0xA5AB, 0xA5AB, 0xA5AB, 0xA5AB, 0xA5AB, 0xA5AB, 0xA5AB, 0xA5AB, 0xA5AB, 0xA5AB, 0xA5AB, 0xA5AB, 0xA5AB,
    0xA5AB, 0xA5AB, 0xA5AB, 0xA5AB, 0xA5AB, 0xA5AB, 0xA5AB, 0xA5AB, 0xA5AB, 0xA5AB, 0xA5AB, 0xA5AB, 0xA5AB, 0xA5AB, 0xA5AB, 0xA5AB,
    0xA5AB, 0xA5AB, 0xA5AB, 0xA5AB, 0xA5AB, 0xA5AB, 0xA5AB, 0x9DAB, 0x9DAB, 0x9D8B, 0x9D8B, 0x9D8B, 0x9D8B, 0x9D8B, 0x9D8B, 0x9D8B,
    0x9D8B, 0x9D8B, 0x9D8B, 0x9D8B, 0x9D8B, 0x958B, 0x958B, 0x958B, 0x958B, 0x958B, 0x956A, 0x956A, 0x956A, 0x956A, 0x956A, 0x956A,
    0x956A, 0x8D6A, 0x8D6A, 0x8D6A, 0x8D6A, 0x8D6A, 0x8D6A, 0x8D6A, 0x8D6A, 0x8D6A, 0x8D6A, 0x8D6A, 0x8D6A, 0x8D6A, 0x8D6A, 0x8D8A,
    0x8D8A, 0x8D8A, 0x8D8A, 0x8D8A, 0x8D8A, 0x8D8A, 0x858A, 0x858A, 0x858A, 0x858A, 0x858A, 0x858A, 0x85AA, 0x85AA, 0x85AA, 0x85AA,
    0x85AA, 0x85AA, 0x85AA, 0x85AA, 0x85AA, 0x85AA, 0x85AA, 0x85AA, 0x85AA, 0x85AA, 0x7DA9, 0x7DA9, 0x7DA9, 0x7DA9, 0x7DA9, 0x7DA9,
    0x7DA9, 0x7DA9, 0x7DA9, 0x7DA9, 0x7DA9, 0x7D89, 0x7589, 0x7589, 0x7589, 0x7589, 0x7589, 0x7589, 0x7589, 0x7589, 0x7589, 0x7589,
    0x7589, 0x6D88, 0x6D68, 0x6D68, 0x6D68, 0x6D68, 0x6D68, 0x6D68, 0x6D68, 0x6D68, 0x6568, 0x6568, 0x6548, 0x6548, 0x6548, 0x6548,
    0x6548, 0x6548, 0x6548, 0x6528, 0x5D27, 0x5D27, 0x5D27, 0x5D27, 0x5D27, 0x5D07, 0x5D07, 0x5D07, 0x5507, 0x5507, 0x54E7, 0x54E7,
    0x54E7, 0x54E7, 0x54E7, 0x54C7, 0x54C7, 0x4CC7, 0x4CA7, 0x4CA7, 0x4CA7, 0x4CA7, 0x4CA7, 0x4CA7, 0x4CA7, 0x4CA7, 0x4CA7, 0x4C87,
    0x4487, 0x4487, 0x4487, 0x4487, 0x4487, 0x4487, 0x4487, 0x4487, 0x4487, 0x4487, 0x4487, 0x4487, 0x4467, 0x3C67, 0x3C67, 0x3C67,
    0x3C67, 0x3C67, 0x3C67, 0x3C67, 0x3C67, 0x3C67, 0x3C67, 0x3C47, 0x3C47, 0x3C47, 0x3C47, 0x3447, 0x3447, 0x3447, 0x3447, 0x3447,
    0x3447, 0x3447, 0x3447, 0x3427, 0x3427, 0x3427, 0x3427, 0x3427, 0x3427, 0x2C28, 0x2C28, 0x2C28, 0x2C28, 0x2C28, 0x2C08, 0x2C08,
    0x2C08, 0x2C08, 0x2C08, 0x2C08, 0x2C08, 0x2C08, 0x2408, 0x2408, 0x2408, 0x2408, 0x23E8, 0x23E8, 0x23E8, 0x23E8, 0x23E8, 0x23E8,
    0xA5AB, 0xA5AB, 0xA5AB, 0xA5AB, 0xA5AB, 0xA5AB, 0xA5AB, 0xA5AB, 0xA5AB, 0xA5AB, 0xA5AB, 0xA5AB, 0xA5AB, 0xA5AB, 0xA5AB, 0xA5AB,
    0xA5AB, 0xA5AB, 0xA5AB, 0xA5AB, 0xA5AB, 0xA5AB, 0xA5AB, 0xA5AB, 0xA5AB, 0xA5AB, 0xA5AB, 0xA5AB, 0xA5AB, 0xA5AB, 0xA5AB, 0xA5AB,
    0xA5AB, 0xA5AB, 0xA5AB, 0xA5AB, 0xA5AB, 0xA5AB, 0x9DAB, 0x9DAB, 0x9D8B, 0x9D8B, 0x9D8B, 0x9D8B, 0x9D8B, 0x9D8B, 0x9D8B, 0x9D8B,
    0x9D8B, 0x9D8B, 0x9D8B, 0x9D8B, 0x958B, 0x958B, 0x958B, 0x958B, 0x958B, 0x956A, 0x956A, 0x956A, 0x956A, 0x956A, 0x956A, 0x956A,
    0x8D6A, 0x8D6A, 0x8D6A, 0x8D6A, 0x8D6A, 0x8D6A, 0x8D6A, 0x8D6A, 0x8D6A, 0x8D6A, 0x8D6A, 0x8D6A, 0x8D8A, 0x8D8A, 0x8D8A, 0x8D8A,
    0x8D8A, 0x8D8A, 0x8D8A, 0x8D8A, 0x8D8A, 0x8DAA, 0x8DAA, 0x8DAA, 0x8DAA, 0x85AA, 0x85AA, 0x85AA, 0x85AA, 0x85AA, 0x85AA, 0x85AA,
    0x85AA, 0x85AA, 0x85AA, 0x85AA, 0x85AA, 0x85AA, 0x85AA, 0x85AA, 0x85AA, 0x85AA, 0x7DAA, 0x7DA9, 0x7DA9, 0x7DA9, 0x7DA9, 0x7DA9,
    0x7DA9, 0x7DA9, 0x7DA9, 0x7DA9, 0x7DA9, 0x7DA9, 0x7DA9, 0x75A9, 0x75A9, 0x75A9, 0x75A9, 0x7589, 0x7589, 0x7589, 0x7589, 0x7589,
    0x7589, 0x6D89, 0x6D89, 0x6D88, 0x6D88, 0x6D68, 0x6D68, 0x6D68, 0x6D68, 0x6D68, 0x6568, 0x6568, 0x6568, 0x6568, 0x6548, 0x6548,
    0x6548, 0x6548, 0x6548, 0x6548, 0x5D47, 0x5D27, 0x5D27, 0x5D27, 0x5D27, 0x5D27, 0x5D27, 0x5D07, 0x5507, 0x5507, 0x5507, 0x54E7,
    0x54E7, 0x54E7, 0x54E7, 0x54E7, 0x54C7, 0x4CC7, 0x4CC7, 0x4CA7, 0x4CA7, 0x4CA7, 0x4CA7, 0x4CA7, 0x4CA7, 0x4CA7, 0x4C87, 0x4487,
    0x4487, 0x4487, 0x4487, 0x4487, 0x4487, 0x4487, 0x4487, 0x4487, 0x4487, 0x4487, 0x4487, 0x4467, 0x3C67, 0x3C67, 0x3C67, 0x3C67,
    0x3C67, 0x3C67, 0x3C67, 0x3C67, 0x3C67, 0x3C67, 0x3C47, 0x3C47, 0x3C47, 0x3C47, 0x3C47, 0x3447, 0x3447, 0x3447, 0x3447, 0x3447,
    0x3447, 0x3447, 0x3427, 0x3427, 0x3427, 0x3427, 0x3427, 0x3427, 0x2C27, 0x2C28, 0x2C28, 0x2C28, 0x2C28, 0x2C08, 0x2C08, 0x2C08,
    0x2C08, 0x2C08, 0x2C08, 0x2C08, 0x2C08, 0x2408, 0x2408, 0x2408, 0x2408, 0x23E8, 0x23E8, 0x23E8, 0x23E8, 0x23E8, 0x23E8, 0x23E8,
    0xA5AB, 0xA5AB, 0xA5AB, 0xA5AB, 0xA5AB, 0xA5AB, 0xA5AB, 0xA5AB, 0xA5AB, 0xA5AB, 0xA5AB, 0xA5AB, 0xA5AB, 0xA5AB, 0xA5AB, 0xA5AB,
    0xA5AB, 0xA5AB, 0xA5AB, 0xA5AB, 0xA5AB, 0xA5AB, 0xA5AB, 0xA5AB, 0xA5AB, 0xA5AB, 0xA5AB, 0xA5AB, 0xA5AB, 0xA5AB, 0xA5AB, 0xA5AB,
    0xA5AB, 0xA5AB, 0xA5AB, 0xA5AB, 0xA5AB, 0x9DAB, 0x9DAB, 0x9D8B, 0x9D8B, 0x9D8B, 0x9D8B, 0x9D8B, 0x9D8B, 0x9D8B, 0x9D8B, 0x9D8B,
    0x9D8B, 0x9D8B, 0x9D8B, 0x958B, 0x958B, 0x958B, 0x958B, 0x958B, 0x956A, 0x956A, 0x956A, 0x956A, 0x956A, 0x956A, 0x956A, 0x8D6A,
    0x8D6A, 0x8D6A, 0x8D6A, 0x8D6A, 0x8D6A, 0x8D6A, 0x8D6A, 0x8D6A, 0x8D6A, 0x8D6A, 0x8D8A, 0x8D8A, 0x8D8A, 0x8D8A, 0x8D8A, 0x8D8A,
    0x8D8A, 0x8DAA, 0x8DAA, 0x8DAA, 0x8DAA, 0x8DAA, 0x8DAA, 0x8DAA, 0x8DAA, 0x8DAA, 0x8DAA, 0x85AA, 0x85AA, 0x85AA, 0x85AA, 0x85AA,
    0x85AA, 0x85AA, 0x85AA, 0x85AA, 0x85AA, 0x85CA, 0x85AA, 0x85AA, 0x85CA, 0x85AA, 0x85AA, 0x7DAA, 0x7DAA, 0x7DA9, 0x7DA9, 0x7DA9,
    0x7DA9, 0x7DA9, 0x7DA9, 0x7DA9, 0x7DA9, 0x7DA9, 0x7DA9, 0x75A9, 0x75A9, 0x75A9, 0x75A9, 0x75A9, 0x75A9, 0x7589, 0x7589, 0x7589,
    0x7589, 0x6D89, 0x6D89, 0x6D89, 0x6D88, 0x6D88, 0x6D88, 0x6D88, 0x6D68, 0x6D68, 0x6D68, 0x6568, 0x6568, 0x6568, 0x6568, 0x6568,
    0x6548, 0x6548, 0x6548, 0x6548, 0x5D48, 0x5D47, 0x5D47, 0x5D27, 0x5D27, 0x5D27, 0x5D27, 0x5D27, 0x5507, 0x5507, 0x5507, 0x5507,
    0x5507, 0x54E7, 0x54E7, 0x54E7, 0x4CE7, 0x4CC7, 0x4CC7, 0x4CC7, 0x4CA7, 0x4CA7, 0x4CA7, 0x4CA7, 0x4CA7, 0x4C87, 0x4487, 0x4487,
    0x4487, 0x4487, 0x4487, 0x4487, 0x4487, 0x4487, 0x4487, 0x4487, 0x4487, 0x4487, 0x4467, 0x3C67, 0x3C67, 0x3C67, 0x3C67, 0x3C67,
    0x3C67, 0x3C67, 0x3C67, 0x3C67, 0x3C67, 0x3C47, 0x3C47, 0x3C47, 0x3C47, 0x3C47, 0x3447, 0x3447, 0x3447, 0x3447, 0x3447, 0x3447,
    0x3447, 0x3427, 0x3427, 0x3427, 0x3427, 0x3427, 0x3427, 0x2C27, 0x2C28, 0x2C28, 0x2C28, 0x2C28, 0x2C08, 0x2C08, 0x2C08, 0x2C08,
    0x2C08, 0x2C08, 0x2C08, 0x2C08, 0x2408, 0x2408, 0x2408, 0x2408, 0x23E8, 0x23E8, 0x23E8, 0x23E8, 0x23E8, 0x23E8, 0x23E8, 0x23E8,
    0xA5AB, 0xA5AB, 0xA5AB, 0xA5AB, 0xA5AB, 0xA5AB, 0xA5AB, 0xA5AB, 0xA5AB, 0xA5AB, 0xA5AB, 0xA5AB, 0xA5AB, 0xA5AB, 0xA5AB, 0xA5AB,
    0xA5AB, 0xA5AB, 0xA5AB, 0xA5AB, 0xA5AB, 0xA5AB, 0xA5AB, 0xA5AB, 0xA5AB, 0xA5AB, 0xA5AB, 0xA5AB, 0xA5AB, 0xA5AB, 0xA5AB, 0xA5AB,
    0xA5AB, 0xA5AB, 0xA5AB, 0xA5AB, 0x9DAB, 0x9DAB, 0x9D8B, 0x9D8B, 0x9D8B, 0x9D8B, 0x9D8B, 0x9D8B, 0x9D8B, 0x9D8B, 0x9D8B, 0x9D8B,
    0x9D8B, 0x9D8B, 0x958B, 0x958B, 0x958B, 0x958B, 0x958B, 0x956A, 0x956A, 0x956A, 0x956A, 0x956A, 0x956A, 0x956A, 0x8D6A, 0x8D6A,
    0x8D6A, 0x8D6A, 0x8D6A, 0x8D6A, 0x8D6A, 0x8D6A, 0x8D6A, 0x8D6A, 0x8D8A, 0x8D8A, 0x8D8A, 0x8D8A, 0x8D8A, 0x8D8A, 0x8DAA, 0x8DAA,
    0x8DAA, 0x8DAA, 0x8DAA, 0x8DAA, 0x8DAA, 0x8DAA, 0x8DAA, 0x8DAA, 0x8DAA, 0x8DAA, 0x8DCA, 0x85CA, 0x85CA, 0x85CA, 0x85CA, 0x85CA,
    0x85CA, 0x85CA, 0x85CA, 0x85CA, 0x85CA, 0x85CA, 0x85CA, 0x85CA, 0x85CA, 0x85CA, 0x85CA, 0x85CA, 0x7DCA, 0x7DCA, 0x7DC9, 0x7DC9,
    0x7DC9, 0x7DC9, 0x7DC9, 0x7DC9, 0x7DC9, 0x7DC9, 0x7DA9, 0x7DA9, 0x75A9, 0x75A9, 0x75A9, 0x75A9, 0x75A9, 0x75A9, 0x75A9, 0x75A9,
    0x75A9, 0x75A9, 0x6D89, 0x6D88, 0x6D88, 0x6D88, 0x6D88, 0x6D88, 0x6D88, 0x6D88, 0x6D68, 0x6568, 0x6568, 0x6568, 0x6568, 0x6568,
    0x6568, 0x6568, 0x6548, 0x6548, 0x5D48, 0x5D47, 0x5D47, 0x5D47, 0x5D27, 0x5D27, 0x5D27, 0x5D27, 0x5D27, 0x5507, 0x5507, 0x5507,
    0x5507, 0x5507, 0x54E7, 0x54E7, 0x54E7, 0x4CE7, 0x4CC7, 0x4CC7, 0x4CC7, 0x4CA7, 0x4CA7, 0x4CA7, 0x4CA7, 0x4487, 0x4487, 0x4487,
    0x4487, 0x4487, 0x4487, 0x4487, 0x4487, 0x4487, 0x4487, 0x4487, 0x4487, 0x4467, 0x3C67, 0x3C67, 0x3C67, 0x3C67, 0x3C67, 0x3C67,
    0x3C67, 0x3C67, 0x3C67, 0x3C47, 0x3C47, 0x3C47, 0x3C47, 0x3C47, 0x3C47, 0x3447, 0x3447, 0x3447, 0x3447, 0x3447, 0x3447, 0x3447,
    0x3427, 0x3427, 0x3427, 0x3427, 0x3427, 0x3427, 0x2C27, 0x2C28, 0x2C28, 0x2C28, 0x2C28, 0x2C08, 0x2C08, 0x2C08, 0x2C08, 0x2C08,
    0x2C08, 0x2C08, 0x2C08, 0x2408, 0x2408, 0x2408, 0x2408, 0x2408, 0x23E8, 0x23E8, 0x23E8, 0x23E8, 0x23E8, 0x23E8, 0x23E8, 0x23E8,
    0xA5AB, 0xA5AB, 0xA5AB, 0xA5AB, 0xA5AB, 0xA5AB, 0xA5AB, 0xA5AB, 0xA5AB, 0xA5AB, 0xA5AB, 0xA5AB, 0xA5AB, 0xA5AB, 0xA5AB, 0xA5AB,
    0xA5AB, 0xA5AB, 0xA5AB, 0xA5AB, 0xA5AB, 0xA5AB, 0xA5AB, 0xA5AB, 0xA5AB, 0xA5AB, 0xA5AB, 0xA5AB, 0xA5AB, 0xA5AB, 0xA5AB, 0xA5AB,
    0xA5AB, 0xA5AB, 0xA5AB, 0x9DAB, 0x9DAB, 0x9DAB, 0x9D8B, 0x9D8B, 0x9D8B, 0x9D8B, 0x9D8B, 0x9D8B, 0x9D8B, 0x9D8B, 0x9D8B, 0x9D8B,
    0x958B, 0x958B, 0x958B, 0x958B, 0x958B, 0x958B, 0x956A, 0x956A, 0x956A, 0x956A, 0x956A, 0x956A, 0x956A, 0x8D6A, 0x8D6A, 0x8D6A,
    0x8D6A, 0x8D6A, 0x8D6A, 0x8D6A, 0x8D6A, 0x8D8A, 0x8D8A, 0x8D8A, 0x8D8A, 0x8D8A, 0x8D8A, 0x8D8A, 0x8DAA, 0x8DAA, 0x8DAA, 0x8DAA,
    0x8DAA, 0x8DAA, 0x8DAA, 0x8DAA, 0x8DAA, 0x8DCA, 0x8DCA, 0x8DCA, 0x8DCA, 0x8DCA, 0x8DCA, 0x8DCA, 0x85CA, 0x85CA, 0x85CA, 0x85CA,
    0x85CA, 0x85CA, 0x85CA, 0x85CA, 0x85CA, 0x85CA, 0x85CA, 0x85CA, 0x85CA, 0x85CA, 0x85CA, 0x85CA, 0x7DCA, 0x7DCA, 0x7DCA, 0x7DC9,
    0x7DC9, 0x7DC9, 0x7DC9, 0x7DC9, 0x7DC9, 0x7DC9, 0x7DC9, 0x7DC9, 0x75C9, 0x75C9, 0x75C9, 0x75A9, 0x75A9, 0x75A9, 0x75A9, 0x75A9,
    0x75A9, 0x75A9, 0x6DA9, 0x6DA9, 0x6DA9, 0x6D88, 0x6D88, 0x6D88, 0x6D88, 0x6D88, 0x6D88, 0x6588, 0x6588, 0x6568, 0x6568, 0x6568,
    0x6568, 0x6568, 0x6568, 0x6568, 0x5D48, 0x5D48, 0x5D47, 0x5D47, 0x5D47, 0x5D47, 0x5D27, 0x5D27, 0x5D27, 0x5527, 0x5507, 0x5507,
    0x5507, 0x5507, 0x5507, 0x54E7, 0x54E7, 0x4CE7, 0x4CC7, 0x4CC7, 0x4CC7, 0x4CC7, 0x4CA7, 0x4CA7, 0x4CA7, 0x44A7, 0x4487, 0x4487,
    0x4487, 0x4487, 0x4487, 0x4487, 0x4487, 0x4487, 0x4487, 0x4487, 0x4467, 0x3C67, 0x3C67, 0x3C67, 0x3C67, 0x3C67, 0x3C67, 0x3C67,
    0x3C67, 0x3C67, 0x3C67, 0x3C47, 0x3C47, 0x3C47, 0x3C47, 0x3C47, 0x3447, 0x3447, 0x3447, 0x3447, 0x3447, 0x3447, 0x3447, 0x3427,
    0x3427, 0x3427, 0x3427, 0x3427, 0x3427, 0x2C27, 0x2C28, 0x2C28, 0x2C28, 0x2C28, 0x2C08, 0x2C08, 0x2C08, 0x2C08, 0x2C08, 0x2C08,
    0x2C08, 0x2C08, 0x2408, 0x2408, 0x2408, 0x2408, 0x2408, 0x23E8, 0x23E8, 0x23E8, 0x23E8, 0x23E8, 0x23E8, 0x23E8, 0x23E8, 0x23E8,
    0xA5AB, 0xA5AB, 0xA5AB, 0xA5AB, 0xA5AB, 0xA5AB, 0xA5AB, 0xA5AB, 0xA5AB, 0xA5AB, 0xA5AB, 0xA5AB, 0xA5AB, 0xA5AB, 0xA5AB, 0xA5AB,
    0xA5AB, 0xA5AB, 0xA5AB, 0xA5AB, 0xA5AB, 0xA5AB, 0xA5AB, 0xA5AB, 0xA5AB, 0xA5AB, 0xA5AB, 0xA5AB, 0xA5AB, 0xA5AB, 0xA5AB, 0xA5AB,
    0xA5AB, 0xA5AB, 0x9DAB, 0x9DAB, 0x9DAB, 0x9D8B, 0x9D8B, 0x9D8B, 0x9D8B, 0x9D8B, 0x9D8B, 0x9D8B, 0x9D8B, 0x9D8B, 0x9D8B, 0x958B,
    0x958B, 0x958B, 0x958B, 0x958B, 0x958B, 0x956A, 0x956A, 0x956A, 0x956A, 0x956A, 0x956A, 0x956A, 0x8D6A, 0x8D6A, 0x8D6A, 0x8D6A,
    0x8D6A, 0x8D6A, 0x8D8A, 0x8D8A, 0x8D8A, 0x8D8A, 0x8D8A, 0x8D8A, 0x8D8A, 0x8DAA, 0x8DAA, 0x8DAA, 0x8DAA, 0x8DAA, 0x8DAA, 0x8DAA,
    0x8DAA, 0x8DAA, 0x8DCA, 0x8DCA, 0x8DCA, 0x8DCA, 0x8DCA, 0x8DCA, 0x8DCA, 0x8DCA, 0x8DCA, 0x8DCA, 0x8DCA, 0x8DCA, 0x85CA, 0x85EA,
    0x85CA, 0x85EA, 0x85EA, 0x85EA, 0x85EA, 0x85EA, 0x85EA, 0x85EA, 0x85EA, 0x85EA, 0x85CA, 0x85EA, 0x7DEA, 0x7DCA, 0x7DEA, 0x7DC9,
    0x7DC9, 0x7DC9, 0x7DC9, 0x7DC9, 0x7DC9, 0x7DC9, 0x7DC9, 0x7DC9, 0x75C9, 0x75C9, 0x75C9, 0x75C9, 0x75C9, 0x75C9, 0x75C9, 0x75A9,
    0x75A9, 0x75A9, 0x6DA9, 0x6DA9, 0x6DA9, 0x6DA8, 0x6DA8, 0x6DA8, 0x6D88, 0x6D88, 0x6D88, 0x6D88, 0x6588, 0x6588, 0x6568, 0x6568,
    0x6568, 0x6568, 0x6568, 0x6568, 0x6568, 0x5D68, 0x5D47, 0x5D47, 0x5D47, 0x5D47, 0x5D47, 0x5D27, 0x5D27, 0x5527, 0x5527, 0x5507,
    0x5507, 0x5507, 0x5507, 0x5507, 0x54E7, 0x4CE7, 0x4CE7, 0x4CE7, 0x4CC7, 0x4CC7, 0x4CC7, 0x4CA7, 0x4CA7, 0x44A7, 0x44A7, 0x4487,
    0x4487, 0x4487, 0x4487, 0x4487, 0x4487, 0x4487, 0x4487, 0x4467, 0x3C67, 0x3C67, 0x3C67, 0x3C67, 0x3C67, 0x3C67, 0x3C67, 0x3C67,
    0x3C67, 0x3C67, 0x3C47, 0x3C47, 0x3C47, 0x3C47, 0x3C47, 0x3447, 0x3447, 0x3447, 0x3447, 0x3447, 0x3447, 0x3447, 0x3427, 0x3427,
    0x3427, 0x3427, 0x3427, 0x3427, 0x2C27, 0x2C28, 0x2C28, 0x2C28, 0x2C28, 0x2C08, 0x2C08, 0x2C08, 0x2C08, 0x2C08, 0x2C08, 0x2C08,
    0x2C08, 0x2408, 0x2408, 0x2408, 0x2408, 0x2408, 0x23E8, 0x23E8, 0x23E8, 0x23E8, 0x23E8, 0x23E8, 0x23E8, 0x23E8, 0x23E8, 0x1BE8,
    0xA5AB, 0xA5AB, 0xA5AB, 0xA5AB, 0xA5AB, 0xA5AB, 0xA5AB, 0xA5AB, 0xA5AB, 0xA5AB, 0xA5AB, 0xA5AB, 0xA5AB, 0xA5AB, 0xA5AB, 0xA5AB,
    0xA5AB, 0xA5AB, 0xA5AB, 0xA5AB, 0xA5AB, 0xA5AB, 0xA5AB, 0xA5AB, 0xA5AB, 0xA5AB, 0xA5AB, 0xA5AB, 0xA5AB, 0xA5AB, 0xA5AB, 0xA5AB,
    0xA5AB, 0x9DAB, 0x9DAB, 0x9D8B, 0x9D8B, 0x9D8B, 0x9D8B, 0x9D8B, 0x9D8B, 0x9D8B, 0x9D8B, 0x9D8B, 0x9D8B, 0x9D8B, 0x958B, 0x958B,
    0x958B, 0x958B, 0x958B, 0x958B, 0x956A, 0x956A, 0x956A, 0x956A, 0x956A, 0x956A, 0x956A, 0x8D6A, 0x8D6A, 0x8D6A, 0x8D6A, 0x8D8A,
    0x8D8A, 0x8D8A, 0x8D8A, 0x8D8A, 0x8D8A, 0x8D8A, 0x8DAA, 0x8DAA, 0x8DAA, 0x8DAA, 0x8DAA, 0x8DAA, 0x8DAA, 0x8DAA, 0x8DCA, 0x8DCA,
    0x8DCA, 0x8DCA, 0x8DCA, 0x8DCA, 0x8DCA, 0x8DCA, 0x8DCA, 0x8DCA, 0x8DCA, 0x8DCA, 0x8DEA, 0x8DEA, 0x8DEA, 0x8DEA, 0x85EA, 0x85EA,
    0x85EA, 0x85EA, 0x85EA, 0x85EA, 0x85EA, 0x85EA, 0x85EA, 0x85EA, 0x85EA, 0x85EA, 0x85EA, 0x85EA, 0x85EA, 0x7DEA, 0x7DEA, 0x7DEA,
    0x7DEA, 0x7DE9, 0x7DE9, 0x7DC9, 0x7DE9, 0x7DC9, 0x7DC9, 0x7DC9, 0x7DC9, 0x75C9, 0x75C9, 0x75C9, 0x75C9, 0x75C9, 0x75C9, 0x75C9,
    0x75C9, 0x75C9, 0x6DA9, 0x6DA9, 0x6DA8, 0x6DA9, 0x6DA8, 0x6DA8, 0x6DA8, 0x6DA8, 0x6DA8, 0x65A8, 0x6588, 0x6588, 0x6588, 0x6588,
    0x6588, 0x6588, 0x6568, 0x6568, 0x5D68, 0x5D68, 0x5D68, 0x5D68, 0x5D48, 0x5D48, 0x5D47, 0x5D47, 0x5D27, 0x5527, 0x5527, 0x5527,
    0x5527, 0x5507, 0x5507, 0x5507, 0x5507, 0x54E7, 0x4CE7, 0x4CE7, 0x4CE7, 0x4CC7, 0x4CC7, 0x4CC7, 0x4CA7, 0x4CA7, 0x44A7, 0x44A7,
    0x4487, 0x4487, 0x4487, 0x4487, 0x4487, 0x4487, 0x4467, 0x3C67, 0x3C67, 0x3C67, 0x3C67, 0x3C67, 0x3C67, 0x3C67, 0x3C67, 0x3C67,
    0x3C47, 0x3C47, 0x3C47, 0x3C47, 0x3C47, 0x3C47, 0x3447, 0x3447, 0x3447, 0x3447, 0x3447, 0x3447, 0x3447, 0x3427, 0x3427, 0x3427,
    0x3427, 0x3427, 0x3427, 0x2C28, 0x2C28, 0x2C28, 0x2C28, 0x2C28, 0x2C08, 0x2C08, 0x2C08, 0x2C08, 0x2C08, 0x2C08, 0x2C08, 0x2C08,
    0x2408, 0x2408, 0x2408, 0x2408, 0x23E8, 0x23E8, 0x23E8, 0x23E8, 0x23E8, 0x23E8, 0x23E8, 0x23E8, 0x23E8, 0x23E8, 0x1BE8, 0x1BC8,
    0xA5AB, 0xA5AB, 0xA5AB, 0xA5AB, 0xA5AB, 0xA5AB, 0xA5AB, 0xA5AB, 0xA5AB, 0xA5AB, 0xA5AB, 0xA5AB, 0xA5AB, 0xA5AB, 0xA5AB, 0xA5AB,
    0xA5AB, 0xA5AB, 0xA5AB, 0xA5AB, 0xA5AB, 0xA5AB, 0xA5AB, 0xA5AB, 0xA5AB, 0xA5AB, 0xA5AB, 0xA5AB, 0xA5AB, 0xA5AB, 0xA5AB, 0xA5AB,
    0x9DAB, 0x9DAB, 0x9D8B, 0x9D8B, 0x9D8B, 0x9D8B, 0x9D8B, 0x9D8B, 0x9D8B, 0x9D8B, 0x9D8B, 0x9D8B, 0x9D8B, 0x958B, 0x958B, 0x958B,
    0x958B, 0x958B, 0x958B, 0x956A, 0x956A, 0x956A, 0x956A, 0x956A, 0x956A, 0x8D6A, 0x8D6A, 0x8D6A, 0x8D6A, 0x8D6A, 0x8D8A, 0x8D8A,
    0x8D8A, 0x8D8A, 0x8D8A, 0x8D8A, 0x8DAA, 0x8DAA, 0x8DAA, 0x8DAA, 0x8DAA, 0x8DAA, 0x8DAA, 0x8DCA, 0x8DCA, 0x8DCA, 0x8DCA, 0x8DCA,
    0x8DCA, 0x8DCA, 0x8DCA, 0x8DCA, 0x8DCA, 0x8DEA, 0x8DEA, 0x8DEA, 0x8DEA, 0x8DEA, 0x8DEA, 0x8DEA, 0x8DEA, 0x8DEA, 0x8DEA, 0x8DEA,
    0x85EA, 0x85EA, 0x85EA, 0x85EA, 0x85EA, 0x85EA, 0x85EA, 0x85EA, 0x85EA, 0x85EA, 0x85EA, 0x85EA, 0x85EA, 0x85EA, 0x7DEA, 0x7DEA,
    0x7DEA, 0x7DE9, 0x7DE9, 0x7DE9, 0x7DE9, 0x7DE9, 0x7DE9, 0x7DE9, 0x7DE9, 0x75E9, 0x75E9, 0x75C9, 0x75C9, 0x75C9, 0x75C9, 0x75C9,
    0x75C9, 0x75C9, 0x75C9, 0x6DC9, 0x6DC9, 0x6DA9, 0x6DA8, 0x6DA8, 0x6DA8, 0x6DA8, 0x6DA8, 0x6DA8, 0x65A8, 0x65A8, 0x6588, 0x6588,
    0x6588, 0x6588, 0x6588, 0x6568, 0x5D68, 0x5D68, 0x5D68, 0x5D68, 0x5D68, 0x5D48, 0x5D48, 0x5D48, 0x5D48, 0x5528, 0x5528, 0x5528,
    0x5527, 0x5527, 0x5508, 0x5508, 0x5507, 0x5507, 0x4CE7, 0x4CE7, 0x4CE7, 0x4CE7, 0x4CC7, 0x4CC7, 0x4CC7, 0x4CA7, 0x44A7, 0x44A7,
    0x44A7, 0x4487, 0x4487, 0x4487, 0x4487, 0x4467, 0x3C67, 0x3C67, 0x3C67, 0x3C67, 0x3C67, 0x3C67, 0x3C67, 0x3C67, 0x3C67, 0x3C47,
    0x3C47, 0x3C47, 0x3C47, 0x3C47, 0x3447, 0x3447, 0x3447, 0x3447, 0x3447, 0x3447, 0x3447, 0x3447, 0x3427, 0x3427, 0x3427, 0x3427,
    0x3427, 0x3427, 0x2C28, 0x2C28, 0x2C28, 0x2C28, 0x2C28, 0x2C08, 0x2C08, 0x2C08, 0x2C08, 0x2C08, 0x2C08, 0x2C08, 0x2C08, 0x2408,
    0x2408, 0x2408, 0x2408, 0x23E8, 0x23E8, 0x23E8, 0x23E8, 0x23E8, 0x23E8, 0x23E8, 0x23E8, 0x23E8, 0x1BE8, 0x1BE8, 0x1BC8, 0x1BC8,
    0xA5AB, 0xA5AB, 0xA5AB, 0xA5AB, 0xA5AB, 0xA5AB, 0xA5AB, 0xA5AB, 0xA5AB, 0xA5AB, 0xA5AB, 0xA5AB, 0xA5AB, 0xA5AB, 0xA5AB, 0xA5AB,
    0xA5AB, 0xA5AB, 0xA5AB, 0xA5AB, 0xA5AB, 0xA5AB, 0xA5AB, 0xA5AB, 0xA5AB, 0xA5AB, 0xA5AB, 0xA5AB, 0xA5AB, 0xA5AB, 0xA5AB, 0x9DAB,
    0x9DAB, 0x9D8B, 0x9D8B, 0x9D8B, 0x9D8B, 0x9D8B, 0x9D8B, 0x9D8B, 0x9D8B, 0x9D8B, 0x9D8B, 0x9D8B, 0x958B, 0x958B, 0x958B, 0x958B,
    0x958B, 0x958A, 0x956A, 0x956A, 0x956A, 0x956A, 0x956A, 0x956A, 0x8D6A, 0x8D6A, 0x8D6A, 0x8D8A, 0x8D8A, 0x8D8A, 0x8D8A, 0x8D8A,
    0x8D8A, 0x8DAA, 0x8DAA, 0x95AA, 0x8DAA, 0x8DAA, 0x95AA, 0x8DAA, 0x8DCA, 0x8DCA, 0x8DCA, 0x8DCA, 0x8DCA, 0x8DCA, 0x8DCA, 0x8DCA,
    0x8DCA, 0x8DEA, 0x8DEA, 0x8DEA, 0x8DEA, 0x8DEA, 0x8DEA, 0x8DEA, 0x8DEA, 0x8DEA, 0x8DEA, 0x8DEA, 0x8DEA, 0x8DEA, 0x8DEA, 0x8DEA,
    0x85EA, 0x85EA, 0x85EA, 0x85EA, 0x85EA, 0x860A, 0x85EA, 0x85EA, 0x85EA, 0x85EA, 0x85EA, 0x85EA, 0x85EA, 0x85EA, 0x7DEA, 0x7DEA,
    0x7DEA, 0x7DEA, 0x7DE9, 0x7DE9, 0x7DE9, 0x7DE9, 0x7DE9, 0x7DE9, 0x7DE9, 0x75E9, 0x75E9, 0x75E9, 0x75E9, 0x75C9, 0x75C9, 0x75C9,
    0x75C9, 0x75C9, 0x75C9, 0x6DC9, 0x6DC9, 0x6DC9, 0x6DC9, 0x6DC8, 0x6DA8, 0x6DA8, 0x6DA8, 0x6DA8, 0x65A8, 0x65A8, 0x65A8, 0x65A8,
    0x6588, 0x6588, 0x6588, 0x6588, 0x6588, 0x5D68, 0x5D68, 0x5D68, 0x5D68, 0x5D68, 0x5D48, 0x5D48, 0x5D48, 0x5548, 0x5548, 0x5528,
    0x5528, 0x5528, 0x5528, 0x5508, 0x5508, 0x5508, 0x4D08, 0x4CE8, 0x4CE8, 0x4CE7, 0x4CE7, 0x4CC7, 0x4CC7, 0x4CC7, 0x44A7, 0x44A7,
    0x44A7, 0x44A7, 0x4487, 0x4487, 0x4487, 0x4487, 0x3C67, 0x3C67, 0x3C67, 0x3C67, 0x3C67, 0x3C67, 0x3C67, 0x3C67, 0x3C47, 0x3C47,
    0x3C47, 0x3C47, 0x3C47, 0x3C47, 0x3447, 0x3447, 0x3447, 0x3447, 0x3447, 0x3447, 0x3447, 0x3427, 0x3427, 0x3427, 0x3427, 0x3427,
    0x3427, 0x2C27, 0x2C28, 0x2C28, 0x2C28, 0x2C28, 0x2C08, 0x2C08, 0x2C08, 0x2C08, 0x2C08, 0x2C08, 0x2C08, 0x2C08, 0x2408, 0x2408,
    0x2408, 0x2408, 0x23E8, 0x23E8, 0x23E8, 0x23E8, 0x23E8, 0x23E8, 0x23E8, 0x23E8, 0x23E8, 0x1BE8, 0x1BE8, 0x1BC8, 0x1BC8, 0x1BC8,
    0xA5AB, 0xA5AB, 0xA5AB, 0xA5AB, 0xA5AB, 0xA5AB, 0xA5AB, 0xA5AB, 0xA5AB, 0xA5AB, 0xA5AB, 0xA5AB, 0xA5AB, 0xA5AB, 0xA5AB, 0xA5AB,
    0xA5AB, 0xA5AB, 0xA5AB, 0xA5AB, 0xA5AB, 0xA5AB, 0xA5AB, 0xA5AB, 0xA5AB, 0xA5AB, 0xA5AB, 0xA5AB, 0xA5AB, 0xA5AB, 0x9DAB, 0x9DAB,
    0x9D8B, 0x9D8B, 0x9D8B, 0x9D8B, 0x9D8B, 0x9D8B, 0x9D8B, 0x9D8B, 0x9D8B, 0x9D8B, 0x9D8B, 0x958B, 0x958B, 0x958B, 0x958B, 0x958B,
    0x958A, 0x956A, 0x956A, 0x956A, 0x956A, 0x956A, 0x956A, 0x8D6A, 0x8D6A, 0x958A, 0x8D8A, 0x958A, 0x958A, 0x958A, 0x958A, 0x95AA,
    0x95AA, 0x95AA, 0x95AA, 0x95AA, 0x95AA, 0x95CA, 0x95CA, 0x95CA, 0x95CA, 0x8DCA, 0x8DCA, 0x8DCA, 0x8DCA, 0x8DEA, 0x8DEA, 0x8DEA,
    0x8DEA, 0x8DEA, 0x8DEA, 0x8DEA, 0x8DEA, 0x8DEA, 0x8DEA, 0x8DEA, 0x8DEA, 0x8DEA, 0x8E0A, 0x8DEA, 0x8E0A, 0x8E0A, 0x8E0A, 0x8E0A,
    0x8E0A, 0x860A, 0x860A, 0x860A, 0x860A, 0x860A, 0x860A, 0x860A, 0x860A, 0x860A, 0x860A, 0x860A, 0x860A, 0x860A, 0x7E0A, 0x7DEA,
    0x7DEA, 0x7E0A, 0x7E0A, 0x7E09, 0x7E09, 0x7E09, 0x7DE9, 0x7DE9, 0x7DE9, 0x75E9, 0x75E9, 0x75E9, 0x75E9, 0x75E9, 0x75E9, 0x75E9,
    0x75C9, 0x75C9, 0x75C9, 0x6DC9, 0x6DC9, 0x6DC9, 0x6DC8, 0x6DC8, 0x6DC8, 0x6DC8, 0x6DA8, 0x6DA8, 0x65A8, 0x65A8, 0x65A8, 0x65A8,
    0x65A8, 0x65A8, 0x6588, 0x6588, 0x6588, 0x5D88, 0x5D68, 0x5D68, 0x5D68, 0x5D68, 0x5D68, 0x5D68, 0x5D48, 0x5548, 0x5548, 0x5548,
    0x5528, 0x5528, 0x5528, 0x5528, 0x5508, 0x5508, 0x4D08, 0x4D08, 0x4CE8, 0x4CE8, 0x4CE8, 0x4CE7, 0x4CC8, 0x4CC7, 0x44C7, 0x44A7,
    0x44A7, 0x44A7, 0x44A7, 0x4487, 0x4487, 0x4487, 0x3C87, 0x3C67, 0x3C67, 0x3C67, 0x3C67, 0x3C67, 0x3C67, 0x3C47, 0x3C47, 0x3C47,
    0x3C47, 0x3C47, 0x3C47, 0x3447, 0x3447, 0x3447, 0x3447, 0x3447, 0x3447, 0x3447, 0x3427, 0x3427, 0x3427, 0x3427, 0x3427, 0x3427,
    0x2C28, 0x2C28, 0x2C28, 0x2C28, 0x2C08, 0x2C08, 0x2C08, 0x2C08, 0x2C08, 0x2C08, 0x2C08, 0x2C08, 0x2C08, 0x2408, 0x2408, 0x2408,
    0x2408, 0x23E8, 0x23E8, 0x23E8, 0x23E8, 0x23E8, 0x23E8, 0x23E8, 0x23E8, 0x23E8, 0x1BE8, 0x1BE8, 0x1BC8, 0x1BC8, 0x1BC8, 0x1BC8,
    0xA5AB, 0xA5AB, 0xA5AB, 0xA5AB, 0xA5AB, 0xA5AB, 0xA5AB, 0xA5AB, 0xA5AB, 0xA5AB, 0xA5AB, 0xA5AB, 0xA5AB, 0xA5AB, 0xA5AB, 0xA5AB,
    0xA5AB, 0xA5AB, 0xA5AB, 0xA5AB, 0xA5AB, 0xA5AB, 0xA5AB, 0xA5AB, 0xA5AB, 0xA5AB, 0xA5AB, 0xA5AB, 0xA5AB, 0x9DAB, 0x9DAB, 0x9D8B,
    0x9D8B, 0x9D8B, 0x9D8B, 0x9D8B, 0x9D8B, 0x9D8B, 0x9D8B, 0x9D8B, 0x9D8B, 0x9D8B, 0x958B, 0x958B, 0x958B, 0x958B, 0x958B, 0x958A,
    0x956A, 0x956A, 0x956A, 0x956A, 0x956A, 0x956A, 0x956A, 0x956A, 0x958A, 0x958A, 0x958A, 0x958A, 0x958A, 0x95AA, 0x95AA, 0x95AA,
    0x95AA, 0x95AA, 0x95CA, 0x95CA, 0x95CA, 0x95CA, 0x95CA, 0x95CA, 0x95CA, 0x95CA, 0x95CB, 0x8DEB, 0x8DEB, 0x8DEA, 0x8DEA, 0x8DEA,
    0x8DEA, 0x8DEA, 0x8DEA, 0x8DEA, 0x8DEA, 0x8E0A, 0x8E0A, 0x8E0A, 0x8E0A, 0x8E0A, 0x8E0A, 0x8E0A, 0x8E0A, 0x8E0A, 0x8E0A, 0x8E0A,
    0x8E0A, 0x860A, 0x860A, 0x860A, 0x860A, 0x860A, 0x860A, 0x860A, 0x860A, 0x860A, 0x860A, 0x860A, 0x860A, 0x860A, 0x860A, 0x7E0A,
    0x7E0A, 0x7E0A, 0x7E0A, 0x7E09, 0x7E09, 0x7E09, 0x7E09, 0x7E09, 0x7DE9, 0x75E9, 0x75E9, 0x75E9, 0x75E9, 0x75E9, 0x75E9, 0x75E9,
    0x75E9, 0x75E9, 0x75E9, 0x6DC9, 0x6DC9, 0x6DC9, 0x6DC9, 0x6DC8, 0x6DC8, 0x6DC8, 0x6DC8, 0x6DC8, 0x65A8, 0x65A8, 0x65A8, 0x65A8,
    0x65A8, 0x65A8, 0x65A8, 0x6588, 0x6588, 0x5D88, 0x5D88, 0x5D68, 0x5D68, 0x5D68, 0x5D68, 0x5D68, 0x5D48, 0x5548, 0x5548, 0x5548,
    0x5548, 0x5528, 0x5528, 0x5528, 0x5528, 0x5508, 0x4D08, 0x4D08, 0x4D08, 0x4CE8, 0x4CE8, 0x4CE8, 0x4CC8, 0x4CC8, 0x44C7, 0x44C7,
    0x44A7, 0x44A8, 0x44A7, 0x44A7, 0x4487, 0x4487, 0x3C87, 0x3C67, 0x3C67, 0x3C67, 0x3C67, 0x3C67, 0x3C47, 0x3C47, 0x3C47, 0x3C47,
    0x3C47, 0x3C47, 0x3447, 0x3447, 0x3447, 0x3447, 0x3447, 0x3447, 0x3447, 0x3427, 0x3427, 0x3427, 0x3427, 0x3427, 0x3427, 0x2C28,
    0x2C28, 0x2C28, 0x2C28, 0x2C08, 0x2C08, 0x2C08, 0x2C08, 0x2C08, 0x2C08, 0x2C08, 0x2C08, 0x2C08, 0x2408, 0x2408, 0x2408, 0x2408,
    0x23E8, 0x23E8, 0x23E8, 0x23E8, 0x23E8, 0x23E8, 0x23E8, 0x23E8, 0x23E8, 0x23E8, 0x1BE8, 0x1BC8, 0x1BC8, 0x1BC8, 0x1BC8, 0x1BC8,
    0xA5AB, 0xA5AB, 0xA5AB, 0xA5AB, 0xA5AB, 0xA5AB, 0xA5AB, 0xA5AB, 0xA5AB, 0xA5AB, 0xA5AB, 0xA5AB, 0xA5AB, 0xA5AB, 0xA5AB, 0xA5AB,
    0xA5AB, 0xA5AB, 0xA5AB, 0xA5AB, 0xA5AB, 0xA5AB, 0xA5AB, 0xA5AB, 0xA5AB, 0xA5AB, 0xA5AB, 0xA5AB, 0x9DAB, 0x9DAB, 0x9D8B, 0x9D8B,
    0x9D8B, 0x9D8B, 0x9D8B, 0x9D8B, 0x9D8B, 0x9D8B, 0x9D8B, 0x9D8B, 0x9D8B, 0x958B, 0x958B, 0x958B, 0x958B, 0x958B, 0x956A, 0x956A,
    0x956A, 0x956A, 0x956A, 0x956A, 0x956A, 0x956A, 0x958A, 0x958A, 0x958A, 0x958A, 0x958A, 0x95AA, 0x95AA, 0x95AA, 0x95AA, 0x95AA,
    0x95AB, 0x95CB, 0x95CB, 0x95CA, 0x95CB, 0x95CB, 0x95CB, 0x95CB, 0x95EB, 0x95EB, 0x95EB, 0x95EB, 0x95EB, 0x95EB, 0x8DEB, 0x8DEA,
    0x8DEB, 0x8E0A, 0x8E0B, 0x8E0A, 0x8E0A, 0x8E0A, 0x8E0A, 0x8E0A, 0x8E0A, 0x8E0A, 0x8E0A, 0x8E0A, 0x8E0A, 0x8E0A, 0x8E0A, 0x8E0A,
    0x8E0A, 0x8E0A, 0x860A, 0x860A, 0x860A, 0x860A, 0x860A, 0x860A, 0x860A, 0x860A, 0x860A, 0x860A, 0x860A, 0x860A, 0x860A, 0x7E0A,
    0x7E0A, 0x7E0A, 0x7E0A, 0x7E0A, 0x7E09, 0x7E09, 0x7E09, 0x7E09, 0x7E09, 0x7609, 0x7609, 0x7609, 0x7609, 0x7609, 0x75E9, 0x75E9,
    0x75E9, 0x75E9, 0x75E9, 0x6DE9, 0x6DE9, 0x6DE9, 0x6DC9, 0x6DC9, 0x6DC8, 0x6DC8, 0x6DC8, 0x6DC8, 0x65C8, 0x65C8, 0x65A8, 0x65A8,
    0x65A8, 0x65A8, 0x65A8, 0x65A8, 0x6588, 0x5D88, 0x5D88, 0x5D88, 0x5D68, 0x5D68, 0x5D68, 0x5D68, 0x5D68, 0x5548, 0x5548, 0x5548,
    0x5548, 0x5548, 0x5528, 0x5528, 0x5528, 0x5528, 0x4D08, 0x4D08, 0x4D08, 0x4D08, 0x4CE8, 0x4CE8, 0x4CE8, 0x4CC8, 0x44C8, 0x44C8,
    0x44C8, 0x44A8, 0x44A8, 0x44A7, 0x44A7, 0x4487, 0x3C87, 0x3C87, 0x3C67, 0x3C67, 0x3C67, 0x3C47, 0x3C47, 0x3C47, 0x3C47, 0x3C47,
    0x3C47, 0x3447, 0x3447, 0x3447, 0x3447, 0x3447, 0x3447, 0x3447, 0x3427, 0x3427, 0x3427, 0x3427, 0x3427, 0x3427, 0x2C28, 0x2C28,
    0x2C28, 0x2C28, 0x2C08, 0x2C08, 0x2C08, 0x2C08, 0x2C08, 0x2C08, 0x2C08, 0x2C08, 0x2C08, 0x2408, 0x2408, 0x2408, 0x2408, 0x23E8,
    0x23E8, 0x23E8, 0x23E8, 0x23E8, 0x23E8, 0x23E8, 0x23E8, 0x23E8, 0x23E8, 0x1BE8, 0x1BC8, 0x1BC8, 0x1BC8, 0x1BC8, 0x1BC8, 0x1BC8,
    0xA5AB, 0xA5AB, 0xA5AB, 0xA5AB, 0xA5AB, 0xA5AB, 0xA5AB, 0xA5AB, 0xA5AB, 0xA5AB, 0xA5AB, 0xA5AB, 0xA5AB, 0xA5AB, 0xA5AB, 0xA5AB,
    0xA5AB, 0xA5AB, 0xA5AB, 0xA5AB, 0xA5AB, 0xA5AB, 0xA5AB, 0xA5AB, 0xA5AB, 0xA5AB, 0xA5AB, 0x9DAB, 0x9DAB, 0x9D8B, 0x9D8B, 0x9D8B,
    0x9D8B, 0x9D8B, 0x9D8B, 0x9D8B, 0x9D8B, 0x9D8B, 0x9D8B, 0x9D8B, 0x958B, 0x958B, 0x958B, 0x958B, 0x958B, 0x956A, 0x956A, 0x956A,
    0x956A, 0x956A, 0x956A, 0x956A, 0x956A, 0x958A, 0x958A, 0x958A, 0x958A, 0x95AA, 0x95AA, 0x95AA, 0x95AA, 0x95AA, 0x95AB, 0x95CB,
    0x95CB, 0x95CB, 0x95CB, 0x95CB, 0x95CB, 0x95CB, 0x95EB, 0x95EB, 0x95EB, 0x95EB, 0x95EB, 0x95EB, 0x95EB, 0x960B, 0x8E0B, 0x8E0B,
    0x8E0B, 0x8E0B, 0x8E0B, 0x8E0B, 0x8E0A, 0x8E0A, 0x8E0A, 0x8E0A, 0x8E0A, 0x8E0A, 0x8E0A, 0x8E2A, 0x8E0A, 0x8E2A, 0x8E2A, 0x8E2A,
    0x8E2A, 0x8E2A, 0x862A, 0x862A, 0x862A, 0x862A, 0x862A, 0x862A, 0x862A, 0x862A, 0x862A, 0x862A, 0x862A, 0x862A, 0x862A, 0x7E2A,
    0x7E0A, 0x7E0A, 0x7E0A, 0x7E0A, 0x7E0A, 0x7E09, 0x7E09, 0x7E09, 0x7E09, 0x7609, 0x7609, 0x7609, 0x7609, 0x7609, 0x7609, 0x7609,
    0x75E9, 0x75E9, 0x75E9, 0x6DE9, 0x6DE9, 0x6DE9, 0x6DE9, 0x6DC8, 0x6DC8, 0x6DC8, 0x6DC8, 0x6DC8, 0x65C8, 0x65C8, 0x65C8, 0x65C8,
    0x65A8, 0x65A8, 0x65A8, 0x65A8, 0x65A8, 0x5DA8, 0x5D88, 0x5D88, 0x5D88, 0x5D68, 0x5D68, 0x5D68, 0x5D68, 0x5568, 0x5568, 0x5548,
    0x5548, 0x5548, 0x5548, 0x5528, 0x5528, 0x5528, 0x4D28, 0x4D08, 0x4D08, 0x4D08, 0x4CE8, 0x4CE8, 0x4CE8, 0x4CE8, 0x44C8, 0x44C8,
    0x44C8, 0x44C8, 0x44A8, 0x44A8, 0x44A8, 0x44A8, 0x3C88, 0x3C87, 0x3C87, 0x3C67, 0x3C67, 0x3C67, 0x3C47, 0x3C47, 0x3C47, 0x3C47,
    0x3447, 0x3447, 0x3447, 0x3447, 0x3447, 0x3447, 0x3447, 0x3427, 0x3427, 0x3427, 0x3427, 0x3427, 0x3427, 0x2C28, 0x2C28, 0x2C28,
    0x2C28, 0x2C28, 0x2C08, 0x2C08, 0x2C08, 0x2C08, 0x2C08, 0x2C08, 0x2C08, 0x2C08, 0x2408, 0x2408, 0x2408, 0x2408, 0x23E8, 0x23E8,
    0x23E8, 0x23E8, 0x23E8, 0x23E8, 0x23E8, 0x23E8, 0x23E8, 0x23E8, 0x1BE8, 0x1BC8, 0x1BC8, 0x1BC8, 0x1BC8, 0x1BC8, 0x1BC8, 0x1BC8,
    0xA5AB, 0xA5AB, 0xA5AB, 0xA5AB, 0xA5AB, 0xA5AB, 0xA5AB, 0xA5AB, 0xA5AB, 0xA5AB, 0xA5AB, 0xA5AB, 0xA5AB, 0xA5AB, 0xA5AB, 0xA5AB,
    0xA5AB, 0xA5AB, 0xA5AB, 0xA5AB, 0xA5AB, 0xA5AB, 0xA5AB, 0xA5AB, 0xA5AB, 0xA5AB, 0x9DAB, 0x9DAB, 0x9D8B, 0x9D8B, 0x9D8B, 0x9D8B,
    0x9D8B, 0x9D8B, 0x9D8B, 0x9D8B, 0x9D8B, 0x9D8B, 0x9D8B, 0x958B, 0x958B, 0x958B, 0x958B, 0x958B, 0x958B, 0x956A, 0x956A, 0x956A,
    0x956A, 0x956A, 0x956A, 0x956A, 0x958A, 0x958A, 0x958A, 0x958A, 0x95AA, 0x95AB, 0x95AB, 0x95AA, 0x95CB, 0x95CB, 0x95CB, 0x95CB,
    0x95CB, 0x95CB, 0x95EB, 0x95EB, 0x95EB, 0x95EB, 0x95EB, 0x95EB, 0x95EB, 0x95EB, 0x95EB, 0x960B, 0x960B, 0x960B, 0x960B, 0x960B,
    0x960B, 0x8E0B, 0x8E0B, 0x8E0B, 0x8E0B, 0x8E2B, 0x8E2B, 0x8E2A, 0x8E2A, 0x8E2A, 0x8E2A, 0x8E2A, 0x8E2A, 0x8E2A, 0x8E2A, 0x8E2A,
    0x8E2A, 0x8E2A, 0x8E2A, 0x862A, 0x862A, 0x862A, 0x862A, 0x862A, 0x862A, 0x862A, 0x862A, 0x862A, 0x862A, 0x862A, 0x862A, 0x7E2A,
    0x7E2A, 0x7E2A, 0x7E2A, 0x7E2A, 0x7E29, 0x7E09, 0x7E09, 0x7E09, 0x7E09, 0x7609, 0x7609, 0x7609, 0x7609, 0x7609, 0x7609, 0x7609,
    0x7609, 0x7609, 0x75E9, 0x6DE9, 0x6DE9, 0x6DE9, 0x6DE9, 0x6DE9, 0x6DE8, 0x6DE8, 0x6DE8, 0x6DC8, 0x65C8, 0x65C8, 0x65C8, 0x65C8,
    0x65C8, 0x65A8, 0x65A8, 0x65A8, 0x65A8, 0x5DA8, 0x5D88, 0x5D88, 0x5D88, 0x5D88, 0x5D88, 0x5D68, 0x5D68, 0x5568, 0x5568, 0x5548,
    0x5548, 0x5548, 0x5548, 0x5548, 0x5528, 0x5528, 0x4D28, 0x4D28, 0x4D08, 0x4D08, 0x4D08, 0x4CE8, 0x4CE8, 0x4CE8, 0x44E8, 0x44C8,
    0x44C8, 0x44C8, 0x44C8, 0x44A8, 0x44A8, 0x44A8, 0x3C88, 0x3C88, 0x3C87, 0x3C87, 0x3C68, 0x3C67, 0x3C67, 0x3C47, 0x3C47, 0x3447,
    0x3447, 0x3447, 0x3447, 0x3447, 0x3447, 0x3447, 0x3427, 0x3427, 0x3427, 0x3427, 0x3427, 0x3427, 0x2C28, 0x2C28, 0x2C28, 0x2C28,
    0x2C28, 0x2C08, 0x2C08, 0x2C08, 0x2C08, 0x2C08, 0x2C08, 0x2C08, 0x2C08, 0x2408, 0x2408, 0x2408, 0x2408, 0x23E8, 0x23E8, 0x23E8,
    0x23E8, 0x23E8, 0x23E8, 0x23E8, 0x23E8, 0x23E8, 0x23E8, 0x1BE8, 0x1BC8, 0x1BC8, 0x1BC8, 0x1BC8, 0x1BC8, 0x1BC8, 0x1BC8, 0x1BC8,
    0xA5AB, 0xA5AB, 0xA5AB, 0xA5AB, 0xA5AB, 0xA5AB, 0xA5AB, 0xA5AB, 0xA5AB, 0xA5AB, 0xA5AB, 0xA5AB, 0xA5AB, 0xA5AB, 0xA5AB, 0xA5AB,
    0xA5AB, 0xA5AB, 0xA5AB, 0xA5AB, 0xA5AB, 0xA5AB, 0xA5AB, 0xA5AB, 0xA5AB, 0x9DAB, 0x9DAB, 0x9D8B, 0x9D8B, 0x9D8B, 0x9D8B, 0x9D8B,
    0x9D8B, 0x9D8B, 0x9D8B, 0x9D8B, 0x9D8B, 0x9D8B, 0x958B, 0x958B, 0x958B, 0x958B, 0x958B, 0x956A, 0x956A, 0x956A, 0x956A, 0x956A,
    0x956A, 0x956A, 0x958A, 0x958A, 0x958A, 0x958A, 0x95AB, 0x95AA, 0x95AB, 0x95AB, 0x95AB, 0x95CB, 0x95CB, 0x95CB, 0x95CB, 0x95CB,
    0x95CB, 0x95EB, 0x95EB, 0x95EB, 0x95EB, 0x95EB, 0x95EB, 0x960B, 0x960B, 0x960B, 0x960B, 0x960B, 0x960B, 0x960B, 0x960B, 0x960B,
    0x960B, 0x8E2B, 0x8E2B, 0x8E2B, 0x8E2B, 0x8E2B, 0x8E2B, 0x8E2B, 0x8E2B, 0x8E2A, 0x8E2A, 0x8E2A, 0x8E2A, 0x8E2A, 0x8E2A, 0x8E2A,
    0x8E2A, 0x8E2A, 0x8E2A, 0x862A, 0x862A, 0x862A, 0x862A, 0x862A, 0x862A, 0x862A, 0x862A, 0x862A, 0x862A, 0x862A, 0x862A, 0x7E2A,
    0x7E2A, 0x7E2A, 0x7E2A, 0x7E2A, 0x7E2A, 0x7E29, 0x7E29, 0x7E29, 0x7E29, 0x7629, 0x7609, 0x7609, 0x7609, 0x7609, 0x7609, 0x7609,
    0x7609, 0x7609, 0x7609, 0x6E09, 0x6DE9, 0x6DE9, 0x6DE9, 0x6DE8, 0x6DE8, 0x6DE8, 0x6DE8, 0x65E8, 0x65C8, 0x65C8, 0x65C8, 0x65C8,
    0x65C8, 0x65C8, 0x65C8, 0x65A8, 0x5DA8, 0x5DA8, 0x5DA8, 0x5D88, 0x5D88, 0x5D88, 0x5D88, 0x5D88, 0x5D88, 0x5568, 0x5568, 0x5568,
    0x5548, 0x5548, 0x5548, 0x5548, 0x5548, 0x4D28, 0x4D28, 0x4D28, 0x4D28, 0x4D08, 0x4D08, 0x4D08, 0x4CE8, 0x44E8, 0x44E8, 0x44E8,
    0x44C8, 0x44C8, 0x44C8, 0x44A8, 0x44A8, 0x3CA8, 0x3CA8, 0x3CA8, 0x3C88, 0x3C88, 0x3C88, 0x3C68, 0x3C67, 0x3C47, 0x3447, 0x3447,
    0x3447, 0x3447, 0x3447, 0x3447, 0x3447, 0x3427, 0x3427, 0x3427, 0x3427, 0x3427, 0x3427, 0x2C28, 0x2C28, 0x2C28, 0x2C28, 0x2C08,
    0x2C08, 0x2C08, 0x2C08, 0x2C08, 0x2C08, 0x2C08, 0x2C08, 0x2C08, 0x2408, 0x2408, 0x2408, 0x2408, 0x23E8, 0x23E8, 0x23E8, 0x23E8,
    0x23E8, 0x23E8, 0x23E8, 0x23E8, 0x23E8, 0x23E8, 0x1BC8, 0x1BC8, 0x1BC8, 0x1BC8, 0x1BC8, 0x1BC8, 0x1BC8, 0x1BC8, 0x1BC8, 0x1BC8,
    0xA5AB, 0xA5AB, 0xA5AB, 0xA5AB, 0xA5AB, 0xA5AB, 0xA5AB, 0xA5AB, 0xA5AB, 0xA5AB, 0xA5AB, 0xA5AB, 0xA5AB, 0xA5AB, 0xA5AB, 0xA5AB,
    0xA5AB, 0xA5AB, 0xA5AB, 0xA5AB, 0xA5AB, 0xA5AB, 0xA5AB, 0x9DAB, 0x9DAB, 0x9DAB, 0x9D8B, 0x9D8B, 0x9D8B, 0x9D8B, 0x9D8B, 0x9D8B,
    0x9D8B, 0x9D8B, 0x9D8B, 0x9D8B, 0x9D8B, 0x958B, 0x958B, 0x958B, 0x958B, 0x958B, 0x956A, 0x956A, 0x956A, 0x956A, 0x956A, 0x956A,
    0x958A, 0x958A, 0x958A, 0x958A, 0x95AB, 0x95AB, 0x95AB, 0x95AB, 0x95AB, 0x95CB, 0x95CB, 0x95CB, 0x95CB, 0x95CB, 0x95CB, 0x95EB,
    0x95EB, 0x95EB, 0x95EB, 0x95EB, 0x95EB, 0x95EB, 0x960B, 0x960B, 0x960B, 0x960B, 0x960B, 0x960B, 0x960B, 0x962B, 0x962B, 0x962B,
    0x962B, 0x962B, 0x962B, 0x8E2B, 0x8E2B, 0x8E2B, 0x8E2B, 0x8E2B, 0x8E2B, 0x8E2B, 0x8E2A, 0x8E2A, 0x8E2A, 0x8E2A, 0x8E2A, 0x8E2A,
    0x8E2A, 0x8E2A, 0x8E2A, 0x862A, 0x862A, 0x862A, 0x862A, 0x862A, 0x862A, 0x862A, 0x862A, 0x862A, 0x862A, 0x862A, 0x862A, 0x7E2A,
    0x7E2A, 0x7E2A, 0x7E2A, 0x7E2A, 0x7E2A, 0x7E2A, 0x7E29, 0x7E29, 0x7E29, 0x7629, 0x7629, 0x7629, 0x7629, 0x7609, 0x7609, 0x7609,
    0x7609, 0x7609, 0x7609, 0x6E09, 0x6E09, 0x6E09, 0x6E09, 0x6DE9, 0x6DE8, 0x6DE8, 0x6DE8, 0x65E8, 0x65E8, 0x65E8, 0x65E8, 0x65C8,
    0x65C8, 0x65C8, 0x65C8, 0x65C8, 0x5DA8, 0x5DA8, 0x5DA8, 0x5DA8, 0x5D88, 0x5D88, 0x5D88, 0x5D88, 0x5D88, 0x5568, 0x5568, 0x5568,
    0x5568, 0x5568, 0x5548, 0x5548, 0x5548, 0x4D48, 0x4D28, 0x4D28, 0x4D28, 0x4D28, 0x4D08, 0x4D08, 0x4D08, 0x44E8, 0x44E8, 0x44E8,
    0x44E8, 0x44C8, 0x44C8, 0x44C8, 0x44A8, 0x3CA8, 0x3CA8, 0x3CA8, 0x3C88, 0x3C88, 0x3C88, 0x3C68, 0x3C68, 0x3C68, 0x3448, 0x3447,
    0x3447, 0x3447, 0x3447, 0x3447, 0x3427, 0x3427, 0x3427, 0x3427, 0x3427, 0x3427, 0x2C28, 0x2C28, 0x2C28, 0x2C28, 0x2C08, 0x2C08,
    0x2C08, 0x2C08, 0x2C08, 0x2C08, 0x2C08, 0x2C08, 0x2C08, 0x2408, 0x2408, 0x2408, 0x2408, 0x23E8, 0x23E8, 0x23E8, 0x23E8, 0x23E8,
    0x23E8, 0x23E8, 0x23E8, 0x23E8, 0x1BE8, 0x1BC8, 0x1BC8, 0x1BC8, 0x1BC8, 0x1BC8, 0x1BC8, 0x1BC8, 0x1BC8, 0x1BC8, 0x1BC8, 0x1BC8,
    0xA5AB, 0xA5AB, 0xA5AB, 0xA5AB, 0xA5AB, 0xA5AB, 0xA5AB, 0xA5AB, 0xA5AB, 0xA5AB, 0xA5AB, 0xA5AB, 0xA5AB, 0xA5AB, 0xA5AB, 0xA5AB,
    0xA5AB, 0xA5AB, 0xA5AB, 0xA5AB, 0xA5AB, 0xA5AB, 0x9DAB, 0x9DAB, 0x9DAB, 0x9D8B, 0x9D8B, 0x9D8B, 0x9D8B, 0x9D8B, 0x9D8B, 0x9D8B,
    0x9D8B, 0x9D8B, 0x9D8B, 0x9D8B, 0x958B, 0x958B, 0x958B, 0x958B, 0x958B, 0x956A, 0x956A, 0x956A, 0x956A, 0x956A, 0x958A, 0x958A,
    0x958A, 0x958A, 0x958A, 0x95AB, 0x95AB, 0x95AB, 0x95AB, 0x95AB, 0x95CB, 0x95CB, 0x95CB, 0x95CB, 0x95EB, 0x95EB, 0x95EB, 0x95EB,
    0x95EB, 0x95EB, 0x95EB, 0x960B, 0x960B, 0x960B, 0x960B, 0x960B, 0x960B, 0x960B, 0x960B, 0x962B, 0x962B, 0x962B, 0x962B, 0x962B,
    0x962B, 0x962B, 0x962B, 0x8E2B, 0x8E2B, 0x8E2B, 0x8E2B, 0x8E2B, 0x8E2B, 0x8E4B, 0x8E4A, 0x8E2A, 0x8E4A, 0x8E4A, 0x8E4A, 0x8E4A,
    0x8E4A, 0x8E4A, 0x8E4A, 0x864A, 0x864A, 0x864A, 0x864A, 0x864A, 0x864A, 0x864A, 0x864A, 0x864A, 0x864A, 0x864A, 0x864A, 0x862A,
    0x7E2A, 0x7E2A, 0x7E2A, 0x7E2A, 0x7E2A, 0x7E29, 0x7E29, 0x7E29, 0x7E29, 0x7629, 0x7629, 0x7629, 0x7629, 0x7629, 0x7629, 0x7629,
    0x7609, 0x7609, 0x7609, 0x6E09, 0x6E09, 0x6E09, 0x6E09, 0x6E09, 0x6DE9, 0x6DE8, 0x6DE8, 0x65E8, 0x65E8, 0x65E8, 0x65E8, 0x65C8,
    0x65C8, 0x65C8, 0x65C8, 0x65C8, 0x5DC8, 0x5DA8, 0x5DA8, 0x5DA8, 0x5DA8, 0x5D88, 0x5D88, 0x5D88, 0x5D88, 0x5588, 0x5568, 0x5568,
    0x5568, 0x5568, 0x5568, 0x5548, 0x5548, 0x4D48, 0x4D28, 0x4D28, 0x4D28, 0x4D28, 0x4D08, 0x4D08, 0x4D08, 0x4508, 0x44E8, 0x44E8,
    0x44E8, 0x44E8, 0x44C8, 0x44C8, 0x44C8, 0x3CA8, 0x3CA8, 0x3CA8, 0x3CA8, 0x3C88, 0x3C88, 0x3C88, 0x3C68, 0x3C68, 0x3468, 0x3448,
    0x3447, 0x3447, 0x3447, 0x3427, 0x3427, 0x3427, 0x3427, 0x3427, 0x3427, 0x2C28, 0x2C28, 0x2C28, 0x2C28, 0x2C08, 0x2C08, 0x2C08,
    0x2C08, 0x2C08, 0x2C08, 0x2C08, 0x2C08, 0x2C08, 0x2408, 0x2408, 0x2408, 0x2408, 0x23E8, 0x23E8, 0x23E8, 0x23E8, 0x23E8, 0x23E8,
    0x23E8, 0x23E8, 0x23E8, 0x1BE8, 0x1BC8, 0x1BC8, 0x1BC8, 0x1BC8, 0x1BC8, 0x1BC8, 0x1BC8, 0x1BC8, 0x1BC8, 0x1BC8, 0x1BC8, 0x1BC8,
    0xA5AB, 0xA5AB, 0xA5AB, 0xA5AB, 0xA5AB, 0xA5AB, 0xA5AB, 0xA5AB, 0xA5AB, 0xA5AB, 0xA5AB, 0xA5AB, 0xA5AB, 0xA5AB, 0xA5AB, 0xA5AB,
    0xA5AB, 0xA5AB, 0xA5AB, 0xA5AB, 0xA5AB, 0x9DAB, 0x9DAB, 0x9DAB, 0x9D8B, 0x9D8B, 0x9D8B, 0x9D8B, 0x9D8B, 0x9D8B, 0x9D8B, 0x9D8B,
    0x9D8B, 0x9D8B, 0x9D8B, 0x958B, 0x958B, 0x958B, 0x958B, 0x958B, 0x956A, 0x956A, 0x956A, 0x956A, 0x956A, 0x958A, 0x958A, 0x958A,
    0x958A, 0x95AA, 0x95AB, 0x95AB, 0x95AB, 0x95AB, 0x95CB, 0x95CB, 0x95CB, 0x95CB, 0x95CB, 0x95EB, 0x95EB, 0x95EB, 0x95EB, 0x95EB,
    0x95EB, 0x960B, 0x960B, 0x960B, 0x960B, 0x960B, 0x960B, 0x960B, 0x960B, 0x962B, 0x962B, 0x962B, 0x962B, 0x962B, 0x962B, 0x962B,
    0x962B, 0x962B, 0x8E2B, 0x8E2B, 0x8E2B, 0x8E4B, 0x8E4B, 0x8E4B, 0x8E4B, 0x8E4B, 0x8E4B, 0x8E4A, 0x8E4A, 0x8E4A, 0x8E4A, 0x8E4A,
    0x8E4A, 0x8E4A, 0x8E4A, 0x864A, 0x864A, 0x864A, 0x864A, 0x864A, 0x864A, 0x864A, 0x864A, 0x864A, 0x864A, 0x864A, 0x864A, 0x7E4A,
    0x7E4A, 0x7E4A, 0x7E4A, 0x7E4A, 0x7E2A, 0x7E2A, 0x7E29, 0x7E29, 0x7E29, 0x7629, 0x7629, 0x7629, 0x7629, 0x7629, 0x7629, 0x7629,
    0x7629, 0x7629, 0x6E09, 0x6E09, 0x6E09, 0x6E09, 0x6E09, 0x6E09, 0x6E09, 0x6E08, 0x6E08, 0x65E8, 0x65E8, 0x65E8, 0x65E8, 0x65E8,
    0x65C8, 0x65C8, 0x65C8, 0x65C8, 0x5DC8, 0x5DC8, 0x5DA8, 0x5DA8, 0x5DA8, 0x5DA8, 0x5D88, 0x5D88, 0x5D88, 0x5588, 0x5568, 0x5568,
    0x5568, 0x5568, 0x5568, 0x5548, 0x5548, 0x4D48, 0x4D48, 0x4D28, 0x4D28, 0x4D28, 0x4D28, 0x4D08, 0x4D08, 0x4508, 0x4508, 0x44E8,
    0x44E8, 0x44E8, 0x44C8, 0x44C8, 0x44C8, 0x3CA8, 0x3CA8, 0x3CA8, 0x3CA8, 0x3CA8, 0x3C88, 0x3C88, 0x3C68, 0x3468, 0x3468, 0x3468,
    0x3448, 0x3447, 0x3448, 0x3427, 0x3427, 0x3427, 0x3427, 0x3427, 0x2C28, 0x2C28, 0x2C28, 0x2C28, 0x2C08, 0x2C08, 0x2C08, 0x2C08,
    0x2C08, 0x2C08, 0x2C08, 0x2C08, 0x2C08, 0x2408, 0x2408, 0x2408, 0x2408, 0x23E8, 0x23E8, 0x23E8, 0x23E8, 0x23E8, 0x23E8, 0x23E8,
    0x23E8, 0x23E8, 0x1BE8, 0x1BC8, 0x1BC8, 0x1BC8, 0x1BC8, 0x1BC8, 0x1BC8, 0x1BC8, 0x1BC8, 0x1BC8, 0x1BC8, 0x1BC8, 0x1BC8, 0x1BC8,
    0xA5AB, 0xA5AB, 0xA5AB, 0xA5AB, 0xA5AB, 0xA5AB, 0xA5AB, 0xA5AB, 0xA5AB, 0xA5AB, 0xA5AB, 0xA5AB, 0xA5AB, 0xA5AB, 0xA5AB, 0xA5AB,
    0xA5AB, 0xA5AB, 0xA5AB, 0xA5AB, 0xA5AB, 0x9DAB, 0x9DAB, 0x9D8B, 0x9D8B, 0x9D8B, 0x9D8B, 0x9D8B, 0x9D8B, 0x9D8B, 0x9D8B, 0x9D8B,
    0x9D8B, 0x9D8B, 0x958B, 0x958B, 0x958B, 0x958B, 0x958B, 0x956A, 0x956A, 0x956A, 0x956A, 0x956A, 0x958A, 0x958A, 0x958A, 0x958A,
    0x95AB, 0x95AB, 0x95AB, 0x95AB, 0x95CB, 0x95CB, 0x95CB, 0x95CB, 0x95CB, 0x95EB, 0x95EB, 0x95EB, 0x95EB, 0x95EB, 0x95EB, 0x960B,
    0x960B, 0x960B, 0x960B, 0x960B, 0x960B, 0x960B, 0x960B, 0x962B, 0x962B, 0x962B, 0x962B, 0x962B, 0x962B, 0x962B, 0x962B, 0x962B,
    0x962B, 0x964B, 0x964B, 0x964B, 0x8E4B, 0x8E4B, 0x8E4B, 0x8E4B, 0x8E4B, 0x8E4B, 0x8E4B, 0x8E4B, 0x8E4A, 0x8E4A, 0x8E4A, 0x8E4A,
    0x8E4A, 0x8E4A, 0x8E4A, 0x864A, 0x864A, 0x864A, 0x864A, 0x864A, 0x864A, 0x864A, 0x864A, 0x864A, 0x864A, 0x864A, 0x864A, 0x7E4A,
    0x7E4A, 0x7E4A, 0x7E4A, 0x7E4A, 0x7E4A, 0x7E4A, 0x7E49, 0x7E29, 0x7629, 0x7629, 0x7629, 0x7629, 0x7629, 0x7629, 0x7629, 0x7629,
    0x7629, 0x7629, 0x6E29, 0x6E29, 0x6E09, 0x6E09, 0x6E09, 0x6E09, 0x6E08, 0x6E08, 0x6E08, 0x6608, 0x65E8, 0x65E8, 0x65E8, 0x65E8,
    0x65E9, 0x65C8, 0x65C8, 0x65C8, 0x5DC8, 0x5DC8, 0x5DC8, 0x5DA8, 0x5DA8, 0x5DA8, 0x5DA8, 0x5D88, 0x5D88, 0x5588, 0x5588, 0x5568,
    0x5568, 0x5568, 0x5568, 0x5568, 0x5548, 0x4D48, 0x4D48, 0x4D48, 0x4D28, 0x4D28, 0x4D28, 0x4D28, 0x4D08, 0x4508, 0x4508, 0x4508,
    0x44E8, 0x44E8, 0x44E8, 0x44C8, 0x44C8, 0x3CC8, 0x3CA8, 0x3CA8, 0x3CA8, 0x3CA8, 0x3C88, 0x3C88, 0x3C88, 0x3468, 0x3468, 0x3468,
    0x3448, 0x3448, 0x3448, 0x3428, 0x3427, 0x3427, 0x3427, 0x2C28, 0x2C28, 0x2C28, 0x2C28, 0x2C08, 0x2C08, 0x2C08, 0x2C08, 0x2C08,
    0x2C08, 0x2C08, 0x2C08, 0x2C08, 0x2408, 0x2408, 0x2408, 0x2408, 0x23E8, 0x23E8, 0x23E8, 0x23E8, 0x23E8, 0x23E8, 0x23E8, 0x23E8,
    0x23E8, 0x1BE8, 0x1BC8, 0x1BC8, 0x1BC8, 0x1BC8, 0x1BC8, 0x1BC8, 0x1BC8, 0x1BC8, 0x1BC8, 0x1BC8, 0x1BC8, 0x1BC8, 0x1BC8, 0x13A8,
    0xA5AB, 0xA5AB, 0xA5AB, 0xA5AB, 0xA5AB, 0xA5AB, 0xA5AB, 0xA5AB, 0xA5AB, 0xA5AB, 0xA5AB, 0xA5AB, 0xA5AB, 0xA5AB, 0xA5AB, 0xA5AB,
    0xA5AB, 0xA5AB, 0xA5AB, 0xA5AB, 0x9DAB, 0x9DAB, 0x9D8B, 0x9D8B, 0x9D8B, 0x9D8B, 0x9D8B, 0x9D8B, 0x9D8B, 0x9D8B, 0x9D8B, 0x9D8B,
    0x9D8B, 0x958B, 0x958B, 0x958B, 0x958B, 0x958B, 0x956A, 0x956A, 0x956A, 0x956A, 0x956A, 0x958A, 0x958A, 0x958A, 0x958A, 0x95AB,
    0x95AB, 0x95AB, 0x95AB, 0x95CB, 0x95CB, 0x95CB, 0x95CB, 0x95CB, 0x95EB, 0x95EB, 0x95EB, 0x95EB, 0x95EB, 0x95EB, 0x960B, 0x960B,
    0x960B, 0x960B, 0x960B, 0x960B, 0x960B, 0x962B, 0x962B, 0x962B, 0x962B, 0x962B, 0x962B, 0x962B, 0x962B, 0x962B, 0x962B, 0x964B,
    0x964B, 0x964B, 0x964B, 0x8E4B, 0x8E4B, 0x8E4B, 0x8E4B, 0x8E4B, 0x8E4B, 0x8E4B, 0x8E4B, 0x8E4B, 0x8E4B, 0x8E6B, 0x8E4A, 0x8E4A,
    0x8E6A, 0x8E6A, 0x8E4A, 0x866A, 0x866A, 0x864A, 0x866A, 0x866A, 0x866A, 0x864A, 0x866A, 0x864A, 0x864A, 0x864A, 0x864A, 0x7E4A,
    0x7E4A, 0x7E4A, 0x7E4A, 0x7E4A, 0x7E4A, 0x7E4A, 0x7E4A, 0x7E49, 0x7E49, 0x7649, 0x7649, 0x7649, 0x7629, 0x7629, 0x7629, 0x7629,
    0x7629, 0x7629, 0x6E29, 0x6E29, 0x6E29, 0x6E29, 0x6E09, 0x6E09, 0x6E09, 0x6E09, 0x6E09, 0x6609, 0x6609, 0x65E8, 0x65E8, 0x65E9,
    0x65E9, 0x65E9, 0x65E9, 0x65C9, 0x5DC9, 0x5DC8, 0x5DC9, 0x5DA9, 0x5DA9, 0x5DA8, 0x5DA8, 0x5DA8, 0x5589, 0x5589, 0x5588, 0x5588,
    0x5568, 0x5568, 0x5569, 0x5568, 0x4D68, 0x4D48, 0x4D48, 0x4D48, 0x4D48, 0x4D28, 0x4D28, 0x4D28, 0x4D28, 0x4508, 0x4508, 0x4508,
    0x44E8, 0x44E8, 0x44E8, 0x44E8, 0x44C8, 0x3CC8, 0x3CC8, 0x3CA8, 0x3CA8, 0x3CA8, 0x3CA8, 0x3C88, 0x3C88, 0x3488, 0x3468, 0x3468,
    0x3468, 0x3448, 0x3448, 0x3448, 0x3428, 0x3427, 0x2C28, 0x2C28, 0x2C28, 0x2C28, 0x2C28, 0x2C08, 0x2C08, 0x2C08, 0x2C08, 0x2C08,
    0x2C08, 0x2C08, 0x2C08, 0x2408, 0x2408, 0x2408, 0x2408, 0x23E8, 0x23E8, 0x23E8, 0x23E8, 0x23E8, 0x23E8, 0x23E8, 0x23E8, 0x23E8,
    0x1BE8, 0x1BC8, 0x1BC8, 0x1BC8, 0x1BC8, 0x1BC8, 0x1BC8, 0x1BC8, 0x1BC8, 0x1BC8, 0x1BC8, 0x1BC8, 0x1BC8, 0x1BC8, 0x13A8, 0x13A8,
    0xA5AB, 0xA5AB, 0xA5AB, 0xA5AB, 0xA5AB, 0xA5AB, 0xA5AB, 0xA5AB, 0xA5AB, 0xA5AB, 0xA5AB, 0xA5AB, 0xA5AB, 0xA5AB, 0xA5AB, 0xA5AB,
    0xA5AB, 0xA5AB, 0x9DAB, 0x9DAB, 0x9DAB, 0x9D8B, 0x9D8B, 0x9D8B, 0x9D8B, 0x9D8B, 0x9D8B, 0x9D8B, 0x9D8B, 0x9D8B, 0x9D8B, 0x9D8B,
    0x958B, 0x958B, 0x958B, 0x958B, 0x958B, 0x958B, 0x956A, 0x956A, 0x956A, 0x956A, 0x958A, 0x958A, 0x958A, 0x958A, 0x95AB, 0x95AB,
    0x95AB, 0x95CB, 0x95CB, 0x95CB, 0x95CB, 0x95CB, 0x95EB, 0x95EB, 0x95EB, 0x95EB, 0x95EB, 0x95EB, 0x960B, 0x960B, 0x960B, 0x960B,
    0x960B, 0x960B, 0x960B, 0x960B, 0x962B, 0x962B, 0x962B, 0x962B, 0x962B, 0x962B, 0x962B, 0x964B, 0x964B, 0x964B, 0x964B, 0x964B,
    0x964B, 0x964B, 0x964B, 0x964B, 0x964B, 0x8E4B, 0x8E4B, 0x8E4B, 0x8E6B, 0x8E6B, 0x8E6B, 0x8E6B, 0x8E6B, 0x8E6A, 0x8E6A, 0x8E6A,
    0x8E6A, 0x8E6A, 0x8E6A, 0x866A, 0x866A, 0x866A, 0x866A, 0x866A, 0x866A, 0x866A, 0x866A, 0x866A, 0x866A, 0x866A, 0x866A, 0x7E6A,
    0x7E6A, 0x7E4A, 0x7E4A, 0x7E4A, 0x7E4A, 0x7E4A, 0x7E4A, 0x7E49, 0x7E49, 0x7649, 0x7649, 0x7649, 0x7649, 0x7649, 0x7629, 0x7629,
    0x7629, 0x7629, 0x6E29, 0x6E29, 0x6E29, 0x6E29, 0x6E29, 0x6E29, 0x6E09, 0x6E09, 0x6E09, 0x6609, 0x6609, 0x6609, 0x65E9, 0x65E9,
    0x65E9, 0x65E9, 0x65E9, 0x65E9, 0x5DC9, 0x5DC9, 0x5DC9, 0x5DC9, 0x5DA9, 0x5DA9, 0x5DA9, 0x5DA9, 0x55A9, 0x5589, 0x5589, 0x5589,
    0x5589, 0x5569, 0x5569, 0x5569, 0x4D69, 0x4D68, 0x4D48, 0x4D49, 0x4D48, 0x4D48, 0x4D28, 0x4D28, 0x4528, 0x4528, 0x4508, 0x4508,
    0x4508, 0x44E8, 0x44E8, 0x44E8, 0x44E8, 0x3CC8, 0x3CC8, 0x3CC8, 0x3CA8, 0x3CA8, 0x3CA8, 0x3C88, 0x3C88, 0x3488, 0x3488, 0x3468,
    0x3468, 0x3448, 0x3448, 0x3448, 0x3448, 0x2C28, 0x2C28, 0x2C28, 0x2C28, 0x2C28, 0x2C08, 0x2C08, 0x2C08, 0x2C08, 0x2C08, 0x2C08,
    0x2C08, 0x2C08, 0x2408, 0x2408, 0x2408, 0x2408, 0x23E8, 0x23E8, 0x23E8, 0x23E8, 0x23E8, 0x23E8, 0x23E8, 0x23E8, 0x23E8, 0x1BE8,
    0x1BE8, 0x1BC8, 0x1BC8, 0x1BC8, 0x1BC8, 0x1BC8, 0x1BC8, 0x1BC8, 0x1BC8, 0x1BC8, 0x1BC8, 0x1BC8, 0x1BC8, 0x13A8, 0x13A8, 0x13A8,
    0xA5AB, 0xA5AB, 0xA5AB, 0xA5AB, 0xA5AB, 0xA5AB, 0xA5AB, 0xA5AB, 0xA5AB, 0xA5AB, 0xA5AB, 0xA5AB, 0xA5AB, 0xA5AB, 0xA5AB, 0xA5AB,
    0xA5AB, 0x9DAB, 0x9DAB, 0x9DAB, 0x9D8B, 0x9D8B, 0x9D8B, 0x9D8B, 0x9D8B, 0x9D8B, 0x9D8B, 0x9D8B, 0x9D8B, 0x9D8B, 0x9D8B, 0x958B,
    0x958B, 0x958B, 0x958B, 0x958B, 0x956A, 0x956A, 0x956A, 0x956A, 0x958A, 0x958A, 0x958A, 0x958A, 0x95AB, 0x95AB, 0x95AB, 0x95AB,
    0x95CB, 0x95CB, 0x95CB, 0x95CB, 0x95CB, 0x95EB, 0x95EB, 0x95EB, 0x95EB, 0x95EB, 0x960B, 0x960B, 0x960B, 0x960B, 0x960B, 0x960B,
    0x960B, 0x962B, 0x962B, 0x962B, 0x962B, 0x962B, 0x962B, 0x962B, 0x964B, 0x964B, 0x964B, 0x964B, 0x964B, 0x964B, 0x964B, 0x964B,
    0x964B, 0x964B, 0x964B, 0x966B, 0x8E6B, 0x8E6B, 0x8E6B, 0x8E6B, 0x8E6B, 0x8E6B, 0x8E6B, 0x8E6B, 0x8E6B, 0x8E6A, 0x8E6A, 0x8E6A,
    0x8E6A, 0x8E6A, 0x8E6A, 0x866A, 0x866A, 0x866A, 0x866A, 0x866A, 0x866A, 0x866A, 0x866A, 0x866A, 0x866A, 0x866A, 0x866A, 0x7E6A,
    0x7E6A, 0x7E6A, 0x7E6A, 0x7E6A, 0x7E6A, 0x7E6A, 0x7E6A, 0x7E49, 0x7649, 0x7649, 0x7649, 0x7649, 0x7649, 0x7649, 0x7649, 0x7649,
    0x7629, 0x7629, 0x6E29, 0x6E29, 0x6E29, 0x6E29, 0x6E29, 0x6E29, 0x6E09, 0x6E09, 0x6609, 0x6609, 0x6609, 0x6609, 0x6609, 0x65E9,
    0x65E9, 0x65E9, 0x65E9, 0x65E9, 0x5DE9, 0x5DC9, 0x5DC9, 0x5DC9, 0x5DC9, 0x5DA9, 0x5DA9, 0x5DA9, 0x55A9, 0x5589, 0x5589, 0x5589,
    0x5589, 0x5589, 0x5569, 0x5569, 0x5569, 0x4D69, 0x4D69, 0x4D49, 0x4D49, 0x4D49, 0x4D48, 0x4D28, 0x4529, 0x4528, 0x4508, 0x4508,
    0x4508, 0x4508, 0x44E8, 0x44E8, 0x44E8, 0x3CC8, 0x3CC8, 0x3CC8, 0x3CA8, 0x3CA8, 0x3CA8, 0x3C88, 0x3488, 0x3488, 0x3488, 0x3468,
    0x3468, 0x3468, 0x3448, 0x3448, 0x3448, 0x2C28, 0x2C28, 0x2C28, 0x2C28, 0x2C08, 0x2C08, 0x2C08, 0x2C08, 0x2C08, 0x2C08, 0x2C08,
    0x2C08, 0x2408, 0x2408, 0x2408, 0x2408, 0x23E8, 0x23E8, 0x23E8, 0x23E8, 0x23E8, 0x23E8, 0x23E8, 0x23E8, 0x23E8, 0x1BE8, 0x1BC8,
    0x1BC8, 0x1BC8, 0x1BC8, 0x1BC8, 0x1BC8, 0x1BC8, 0x1BC8, 0x1BC8, 0x1BC8, 0x1BC8, 0x1BC8, 0x1BC8, 0x13A8, 0x13A8, 0x13A8, 0x13A8,
    0xA5AB, 0xA5AB, 0xA5AB, 0xA5AB, 0xA5AB, 0xA5AB, 0xA5AB, 0xA5AB, 0xA5AB, 0xA5AB, 0xA5AB, 0xA5AB, 0xA5AB, 0xA5AB, 0xA5AB, 0xA5AB,
    0x9DAB, 0x9DAB, 0x9DAB, 0x9D8B, 0x9D8B, 0x9D8B, 0x9D8B, 0x9D8B, 0x9D8B, 0x9D8B, 0x9D8B, 0x9D8B, 0x9D8B, 0x9D8B, 0x958B, 0x958B,
    0x958B, 0x958B, 0x958B, 0x956A, 0x956A, 0x956A, 0x956A, 0x958A, 0x958A, 0x958A, 0x958A, 0x95AB, 0x95AB, 0x95AB, 0x95AB, 0x95CB,
    0x95CB, 0x95CB, 0x95CB, 0x95CB, 0x95EB, 0x95EB, 0x95EB, 0x95EB, 0x95EB, 0x960B, 0x960B, 0x960B, 0x960B, 0x960B, 0x960B, 0x962B,
    0x962B, 0x962B, 0x962B, 0x962B, 0x962B, 0x962B, 0x964B, 0x964B, 0x964B, 0x964B, 0x964B, 0x964B, 0x964B, 0x964B, 0x964B, 0x964B,
    0x966B, 0x966B, 0x966B, 0x966B, 0x966B, 0x8E6B, 0x8E6B, 0x8E6B, 0x8E6B, 0x8E6B, 0x8E6B, 0x8E6B, 0x8E6B, 0x8E6B, 0x8E6B, 0x8E6A,
    0x8E6A, 0x8E6A, 0x866A, 0x866A, 0x866A, 0x866A, 0x866A, 0x866A, 0x866A, 0x866A, 0x866A, 0x866A, 0x866A, 0x866A, 0x7E6A, 0x7E6A,
    0x7E6A, 0x7E6A, 0x7E6A, 0x7E6A, 0x7E6A, 0x7E6A, 0x7E49, 0x7E49, 0x7649, 0x7649, 0x7649, 0x7649, 0x7649, 0x7649, 0x7649, 0x7649,
    0x7649, 0x6E49, 0x6E49, 0x6E29, 0x6E29, 0x6E29, 0x6E29, 0x6E29, 0x6E29, 0x6E29, 0x6609, 0x6609, 0x6609, 0x6609, 0x6609, 0x6609,
    0x65E9, 0x65E9, 0x65E9, 0x5DE9, 0x5DE9, 0x5DC9, 0x5DC9, 0x5DC9, 0x5DC9, 0x5DC9, 0x5DA9, 0x5DA9, 0x55A9, 0x55A9, 0x55A9, 0x5589,
    0x5589, 0x5589, 0x5589, 0x5569, 0x4D69, 0x4D69, 0x4D69, 0x4D49, 0x4D49, 0x4D49, 0x4D49, 0x4D29, 0x4529, 0x4529, 0x4529, 0x4508,
    0x4508, 0x4508, 0x44E8, 0x44E8, 0x3CE8, 0x3CE8, 0x3CC8, 0x3CC8, 0x3CC8, 0x3CA8, 0x3CA8, 0x3CA8, 0x3488, 0x3488, 0x3488, 0x3488,
    0x3468, 0x3468, 0x3468, 0x3448, 0x3448, 0x2C48, 0x2C28, 0x2C28, 0x2C28, 0x2C08, 0x2C08, 0x2C08, 0x2C08, 0x2C08, 0x2C08, 0x2C08,
    0x2408, 0x2408, 0x2408, 0x2408, 0x23E8, 0x23E8, 0x23E8, 0x23E8, 0x23E8, 0x23E8, 0x23E8, 0x23E8, 0x23E8, 0x1BE8, 0x1BC8, 0x1BC8,
    0x1BC8, 0x1BC8, 0x1BC8, 0x1BC8, 0x1BC8, 0x1BC8, 0x1BC8, 0x1BC8, 0x1BC8, 0x1BC8, 0x13C8, 0x13A8, 0x13A8, 0x13A8, 0x13A8, 0x13A8,
    0xA5AB, 0xA5AB, 0xA5AB, 0xA5AB, 0xA5AB, 0xA5AB, 0xA5AB, 0xA5AB, 0xA5AB, 0xA5AB, 0xA5AB, 0xA5AB, 0xA5AB, 0xA5AB, 0xA5AB, 0x9DAB,
    0x9DAB, 0x9DAB, 0x9D8B, 0x9D8B, 0x9D8B, 0x9D8B, 0x9D8B, 0x9D8B, 0x9D8B, 0x9D8B, 0x9D8B, 0x9D8B, 0x9D8B, 0x958B, 0x958B, 0x958B,
    0x958B, 0x958B, 0x956A, 0x956A, 0x956A, 0x956A, 0x958A, 0x958A, 0x958A, 0x958A, 0x95AB, 0x95AB, 0x95AB, 0x95CB, 0x95CB, 0x95CB,
    0x95CB, 0x95CB, 0x95EB, 0x95EB, 0x95EB, 0x95EB, 0x95EB, 0x95EB, 0x960B, 0x960B, 0x960B, 0x960B, 0x960B, 0x962B, 0x962B, 0x962B,
    0x962B, 0x962B, 0x962B, 0x962B, 0x964B, 0x964B, 0x964B, 0x964B, 0x964B, 0x964B, 0x964B, 0x964B, 0x966B, 0x966B, 0x966B, 0x966B,
    0x966B, 0x966B, 0x966B, 0x966B, 0x8E6B, 0x8E6B, 0x8E6B, 0x8E6B, 0x8E6B, 0x8E6B, 0x8E6B, 0x8E6B, 0x8E6B, 0x8E6B, 0x8E6A, 0x8E6B,
    0x8E6A, 0x8E6A, 0x866A, 0x866A, 0x866A, 0x866A, 0x866A, 0x866A, 0x866A, 0x866A, 0x866A, 0x866A, 0x866A, 0x866A, 0x7E6A, 0x7E6A,
    0x7E6A, 0x7E6A, 0x7E6A, 0x7E6A, 0x7E6A, 0x7E6A, 0x7E6A, 0x7669, 0x7649, 0x7649, 0x7649, 0x7649, 0x7649, 0x7649, 0x7649, 0x7649,
    0x7649, 0x6E49, 0x6E49, 0x6E49, 0x6E49, 0x6E29, 0x6E29, 0x6E29, 0x6E29, 0x6E29, 0x6629, 0x6609, 0x6609, 0x6609, 0x6609, 0x6609,
    0x6609, 0x65E9, 0x65E9, 0x5DE9, 0x5DE9, 0x5DE9, 0x5DC9, 0x5DC9, 0x5DC9, 0x5DC9, 0x5DC9, 0x55A9, 0x55A9, 0x55A9, 0x55A9, 0x55A9,
    0x5589, 0x5589, 0x5589, 0x5589, 0x4D69, 0x4D69, 0x4D69, 0x4D69, 0x4D49, 0x4D49, 0x4D49, 0x4D29, 0x4529, 0x4529, 0x4529, 0x4509,
    0x4509, 0x4509, 0x4509, 0x44E8, 0x3CE8, 0x3CE8, 0x3CE8, 0x3CC8, 0x3CC8, 0x3CC8, 0x3CA8, 0x3CA8, 0x34A8, 0x3488, 0x3488, 0x3488,
    0x3468, 0x3468, 0x3468, 0x3468, 0x2C48, 0x2C48, 0x2C28, 0x2C28, 0x2C28, 0x2C08, 0x2C08, 0x2C08, 0x2C08, 0x2C08, 0x2C08, 0x2408,
    0x2408, 0x2408, 0x2408, 0x23E8, 0x23E8, 0x23E8, 0x23E8, 0x23E8, 0x23E8, 0x23E8, 0x23E8, 0x23E8, 0x1BE8, 0x1BC8, 0x1BC8, 0x1BC8,
    0x1BC8, 0x1BC8, 0x1BC8, 0x1BC8, 0x1BC8, 0x1BC8, 0x1BC8, 0x1BC8, 0x1BC8, 0x13C8, 0x13A8, 0x13A8, 0x13A8, 0x13A8, 0x13A8, 0x13A8,
    0xA5AB, 0xA5AB, 0xA5AB, 0xA5AB, 0xA5AB, 0xA5AB, 0xA5AB, 0xA5AB, 0xA5AB, 0xA5AB, 0xA5AB, 0xA5AB, 0xA5AB, 0xA5AB, 0x9DAB, 0x9DAB,
    0x9DAB, 0x9D8B, 0x9D8B, 0x9D8B, 0x9D8B, 0x9D8B, 0x9D8B, 0x9D8B, 0x9D8B, 0x9D8B, 0x9D8B, 0x9D8B, 0x958B, 0x958B, 0x958B, 0x958B,
    0x958B, 0x956A, 0x956A, 0x956A, 0x956A, 0x958A, 0x958A, 0x958A, 0x958A, 0x95AB, 0x95AB, 0x95AB, 0x95CB, 0x95CB, 0x95CB, 0x95CB,
    0x95CB, 0x95EB, 0x95EB, 0x95EB, 0x95EB, 0x95EB, 0x960B, 0x960B, 0x960B, 0x960B, 0x960B, 0x960B, 0x962B, 0x962B, 0x962B, 0x962B,
    0x962B, 0x964B, 0x964B, 0x964B, 0x964B, 0x964B, 0x964B, 0x964B, 0x964B, 0x964B, 0x966B, 0x966B, 0x966B, 0x966B, 0x966B, 0x966B,
    0x966B, 0x966B, 0x966B, 0x966B, 0x8E6B, 0x8E6B, 0x8E6B, 0x8E6B, 0x8E6B, 0x8E6B, 0x8E6B, 0x8E8B, 0x8E6B, 0x8E6B, 0x8E8B, 0x8E8A,
    0x8E6A, 0x8E8A, 0x868A, 0x866A, 0x868A, 0x868A, 0x866A, 0x866A, 0x868A, 0x866A, 0x866A, 0x866A, 0x866A, 0x7E6A, 0x7E6A, 0x7E6A,
    0x7E6A, 0x7E6A, 0x7E6A, 0x7E6A, 0x7E6A, 0x7E6A, 0x7E69, 0x7E69, 0x7669, 0x7669, 0x7649, 0x7649, 0x7649, 0x7649, 0x7649, 0x7649,
    0x7649, 0x6E49, 0x6E49, 0x6E49, 0x6E49, 0x6E49, 0x6E29, 0x6E29, 0x6E29, 0x6E29, 0x6629, 0x6629, 0x6609, 0x6609, 0x6609, 0x6609,
    0x6609, 0x6609, 0x65E9, 0x5DE9, 0x5DE9, 0x5DE9, 0x5DC9, 0x5DC9, 0x5DC9, 0x5DC9, 0x5DC9, 0x55A9, 0x55A9, 0x55A9, 0x55A9, 0x55A9,
    0x5589, 0x5589, 0x5589, 0x5589, 0x4D69, 0x4D69, 0x4D69, 0x4D69, 0x4D49, 0x4D49, 0x4D49, 0x4D49, 0x4529, 0x4529, 0x4529, 0x4529,
    0x4509, 0x4509, 0x4509, 0x3D09, 0x3CE8, 0x3CE9, 0x3CE9, 0x3CC8, 0x3CC8, 0x3CC8, 0x3CA8, 0x3CA8, 0x34A8, 0x3488, 0x3488, 0x3488,
    0x3488, 0x3468, 0x3468, 0x3468, 0x2C48, 0x2C48, 0x2C48, 0x2C28, 0x2C28, 0x2C28, 0x2C08, 0x2C08, 0x2C08, 0x2C08, 0x2408, 0x2408,
    0x2408, 0x2408, 0x23E8, 0x23E8, 0x23E8, 0x23E8, 0x23E8, 0x23E8, 0x23E8, 0x23E8, 0x23E8, 0x1BE8, 0x1BC8, 0x1BC8, 0x1BC8, 0x1BC8,
    0x1BC8, 0x1BC8, 0x1BC8, 0x1BC8, 0x1BC8, 0x1BC8, 0x1BC8, 0x1BC8, 0x13C8, 0x13A8, 0x13A8, 0x13A8, 0x13A8, 0x13A8, 0x13A8, 0x13A8,
    0xA5AB, 0xA5AB, 0xA5AB, 0xA5AB, 0xA5AB, 0xA5AB, 0xA5AB, 0xA5AB, 0xA5AB, 0xA5AB, 0xA5AB, 0xA5AB, 0xA5AB, 0xA5AB, 0x9DAB, 0x9DAB,
    0x9D8B, 0x9D8B, 0x9D8B, 0x9D8B, 0x9D8B, 0x9D8B, 0x9D8B, 0x9D8B, 0x9D8B, 0x9D8B, 0x9D8B, 0x958B, 0x958B, 0x958B, 0x958B, 0x958B,
    0x956A, 0x956A, 0x956A, 0x956A, 0x958A, 0x958A, 0x958A, 0x958A, 0x95AB, 0x95AB, 0x95AB, 0x95AB, 0x95CB, 0x95CB, 0x95CB, 0x95CB,
    0x95EB, 0x95EB, 0x95EB, 0x95EB, 0x95EB, 0x960B, 0x960B, 0x960B, 0x960B, 0x960B, 0x962B, 0x962B, 0x962B, 0x962B, 0x962B, 0x962B,
    0x964B, 0x964B, 0x964B, 0x964B, 0x964B, 0x964B, 0x964B, 0x966B, 0x966B, 0x966B, 0x966B, 0x966B, 0x966B, 0x966B, 0x966B, 0x966B,
    0x966B, 0x966B, 0x966B, 0x966B, 0x8E6B, 0x8E6B, 0x8E6B, 0x8E8B, 0x8E6B, 0x8E8B, 0x8E8B, 0x8E8B, 0x8E8B, 0x8E8B, 0x8E8A, 0x8E8A,
    0x8E8A, 0x8E8A, 0x868A, 0x868A, 0x868A, 0x868A, 0x868A, 0x868A, 0x868A, 0x868A, 0x868A, 0x868A, 0x868A, 0x868A, 0x7E8A, 0x7E6A,
    0x7E6A, 0x7E6A, 0x7E6A, 0x7E6A, 0x7E6A, 0x7E6A, 0x7E69, 0x7E69, 0x7669, 0x7669, 0x7669, 0x7669, 0x7669, 0x7649, 0x7649, 0x7649,
    0x6E49, 0x6E49, 0x6E49, 0x6E49, 0x6E49, 0x6E49, 0x6E49, 0x6E49, 0x6E29, 0x6629, 0x6629, 0x6629, 0x6629, 0x6609, 0x6609, 0x6609,
    0x6609, 0x6609, 0x5DE9, 0x5DE9, 0x5DE9, 0x5DE9, 0x5DE9, 0x5DC9, 0x5DC9, 0x5DC9, 0x5DC9, 0x55C9, 0x55A9, 0x55A9, 0x55A9, 0x55A9,
    0x5589, 0x5589, 0x5589, 0x4D89, 0x4D69, 0x4D69, 0x4D69, 0x4D69, 0x4D69, 0x4D49, 0x4D49, 0x4549, 0x4549, 0x4529, 0x4529, 0x4529,
    0x4509, 0x4509, 0x4509, 0x3D09, 0x3CE9, 0x3CE9, 0x3CE9, 0x3CE9, 0x3CC8, 0x3CC8, 0x3CC8, 0x3CA8, 0x34A8, 0x34A8, 0x3488, 0x3488,
    0x3488, 0x3488, 0x3468, 0x3468, 0x2C48, 0x2C48, 0x2C48, 0x2C48, 0x2C28, 0x2C28, 0x2C28, 0x2C08, 0x2C08, 0x2408, 0x2408, 0x2408,
    0x2408, 0x23E8, 0x23E8, 0x23E8, 0x23E8, 0x23E8, 0x23E8, 0x23E8, 0x23E8, 0x23E8, 0x1BE8, 0x1BC8, 0x1BC8, 0x1BC8, 0x1BC8, 0x1BC8,
    0x1BC8, 0x1BC8, 0x1BC8, 0x1BC8, 0x1BC8, 0x1BC8, 0x1BC8, 0x13C8, 0x13A8, 0x13A8, 0x13A8, 0x13A8, 0x13A8, 0x13A8, 0x13A8, 0x13A8,
    0xA5AB, 0xA5AB, 0xA5AB, 0xA5AB, 0xA5AB, 0xA5AB, 0xA5AB, 0xA5AB, 0xA5AB, 0xA5AB, 0xA5AB, 0xA5AB, 0xA5AB, 0x9DAB, 0x9DAB, 0x9D8B,
    0x9D8B, 0x9D8B, 0x9D8B, 0x9D8B, 0x9D8B, 0x9D8B, 0x9D8B, 0x9D8B, 0x9D8B, 0x9D8B, 0x958B, 0x958B, 0x958B, 0x958B, 0x958B, 0x956A,
    0x956A, 0x956A, 0x956A, 0x958A, 0x958A, 0x958A, 0x958A, 0x95AB, 0x95AB, 0x95AB, 0x95CB, 0x95CB, 0x95CB, 0x95CB, 0x95CB, 0x95EB,
    0x95EB, 0x95EB, 0x95EB, 0x95EB, 0x960B, 0x960B, 0x960B, 0x960B, 0x960B, 0x962B, 0x962B, 0x962B, 0x962B, 0x962B, 0x964B, 0x964B,
    0x964B, 0x964B, 0x964B, 0x964B, 0x964B, 0x966B, 0x966B, 0x966B, 0x966B, 0x966B, 0x966B, 0x966B, 0x966B, 0x966B, 0x966B, 0x966B,
    0x966B, 0x966B, 0x968B, 0x968B, 0x8E8B, 0x8E8B, 0x8E8B, 0x8E8B, 0x8E8B, 0x8E8B, 0x8E8B, 0x8E8B, 0x8E8B, 0x8E8B, 0x8E8B, 0x8E8B,
    0x8E8A, 0x8E8A, 0x868A, 0x868A, 0x868A, 0x868A, 0x868A, 0x868A, 0x868A, 0x868A, 0x868A, 0x868A, 0x868A, 0x7E8A, 0x7E8A, 0x7E8A,
    0x7E8A, 0x7E8A, 0x7E6A, 0x7E6A, 0x7E6A, 0x7E6A, 0x7E6A, 0x7669, 0x7669, 0x7669, 0x7669, 0x7669, 0x7669, 0x7669, 0x7669, 0x7649,
    0x6E49, 0x6E49, 0x6E49, 0x6E49, 0x6E49, 0x6E49, 0x6E49, 0x6E29, 0x6E29, 0x6629, 0x6629, 0x6629, 0x6629, 0x6609, 0x6609, 0x6609,
    0x6609, 0x6609, 0x5DE9, 0x5DE9, 0x5DE9, 0x5DE9, 0x5DE9, 0x5DC9, 0x5DC9, 0x5DC9, 0x5DC9, 0x55C9, 0x55C9, 0x55A9, 0x55A9, 0x55A9,
    0x55A9, 0x5589, 0x5589, 0x4D89, 0x4D89, 0x4D69, 0x4D69, 0x4D69, 0x4D69, 0x4D69, 0x4D49, 0x4549, 0x4549, 0x4529, 0x4529, 0x4529,
    0x4529, 0x4509, 0x4509, 0x3D09, 0x3CE9, 0x3CE9, 0x3CE9, 0x3CE9, 0x3CC9, 0x3CC9, 0x3CC9, 0x34C8, 0x34A8, 0x34A8, 0x34A8, 0x3488,
    0x3488, 0x3488, 0x3468, 0x3468, 0x2C68, 0x2C48, 0x2C48, 0x2C48, 0x2C28, 0x2C28, 0x2C28, 0x2C08, 0x2408, 0x2408, 0x2408, 0x2408,
    0x23E8, 0x23E8, 0x23E8, 0x23E8, 0x23E8, 0x23E8, 0x23E8, 0x23E8, 0x23E8, 0x1BE8, 0x1BC8, 0x1BC8, 0x1BC8, 0x1BC8, 0x1BC8, 0x1BC8,
    0x1BC8, 0x1BC8, 0x1BC8, 0x1BC8, 0x1BC8, 0x1BC8, 0x13C8, 0x13A8, 0x13A8, 0x13A8, 0x13A8, 0x13A8, 0x13A8, 0x13A8, 0x13A8, 0x13A8,
    0xA5AB, 0xA5AB, 0xA5AB, 0xA5AB, 0xA5AB, 0xA5AB, 0xA5AB, 0xA5AB, 0xA5AB, 0xA5AB, 0xA5AB, 0x9DAB, 0x9DAB, 0x9DAB, 0x9D8B, 0x9D8B,
    0x9D8B, 0x9D8B, 0x9D8B, 0x9D8B, 0x9D8B, 0x9D8B, 0x9D8B, 0x9D8B, 0x9D8B, 0x958B, 0x958B, 0x958B, 0x958B, 0x958B, 0x956A, 0x956A,
    0x956A, 0x956A, 0x958A, 0x958A, 0x958A, 0x958A, 0x95AB, 0x95AB, 0x95AB, 0x95CB, 0x95CB, 0x95CB, 0x95CB, 0x95CB, 0x95EB, 0x95EB,
    0x95EB, 0x95EB, 0x95EB, 0x960B, 0x960B, 0x960B, 0x960B, 0x962B, 0x962B, 0x962B, 0x962B, 0x962B, 0x962B, 0x964B, 0x964B, 0x964B,
    0x964B, 0x964B, 0x964B, 0x966B, 0x966B, 0x966B, 0x966B, 0x966B, 0x966B, 0x966B, 0x966B, 0x966B, 0x966B, 0x966B, 0x966B, 0x968B,
    0x966B, 0x968B, 0x968B, 0x968B, 0x8E8B, 0x8E8B, 0x8E8B, 0x8E8B, 0x8E8B, 0x8E8B, 0x8E8B, 0x8E8B, 0x8E8B, 0x8E8B, 0x8E8B, 0x8E8A,
    0x8E8B, 0x8E8A, 0x868A, 0x868A, 0x868A, 0x868A, 0x868A, 0x868A, 0x868A, 0x868A, 0x868A, 0x868A, 0x868A, 0x7E8A, 0x7E8A, 0x7E8A,
    0x7E8A, 0x7E8A, 0x7E8A, 0x7E8A, 0x7E6A, 0x7E89, 0x7669, 0x7669, 0x7669, 0x7669, 0x7669, 0x7669, 0x7669, 0x7669, 0x7669, 0x7669,
    0x6E69, 0x6E49, 0x6E49, 0x6E49, 0x6E49, 0x6E49, 0x6E49, 0x6E29, 0x6629, 0x6629, 0x6629, 0x6629, 0x6629, 0x6629, 0x6629, 0x6609,
    0x6609, 0x6609, 0x5E09, 0x5DE9, 0x5DE9, 0x5DE9, 0x5DE9, 0x5DE9, 0x5DC9, 0x5DC9, 0x5DC9, 0x55C9, 0x55C9, 0x55C9, 0x55A9, 0x55A9,
    0x55A9, 0x5589, 0x5589, 0x4D89, 0x4D89, 0x4D89, 0x4D69, 0x4D69, 0x4D69, 0x4D69, 0x4D49, 0x4549, 0x4549, 0x4549, 0x4529, 0x4529,
    0x4529, 0x4529, 0x4509, 0x3D09, 0x3D09, 0x3CE9, 0x3CE9, 0x3CE9, 0x3CC9, 0x3CC9, 0x3CC9, 0x34C9, 0x34A8, 0x34A8, 0x34A9, 0x3488,
    0x3488, 0x3488, 0x3468, 0x2C68, 0x2C68, 0x2C48, 0x2C48, 0x2C48, 0x2C48, 0x2C28, 0x2C28, 0x2C08, 0x2408, 0x2408, 0x2408, 0x23E8,
    0x23E8, 0x23E8, 0x23E8, 0x23E8, 0x23E8, 0x23E8, 0x23E8, 0x23E8, 0x1BE8, 0x1BE8, 0x1BC8, 0x1BC8, 0x1BC8, 0x1BC8, 0x1BC8, 0x1BC8,
    0x1BC8, 0x1BC8, 0x1BC8, 0x1BC8, 0x1BC8, 0x13C8, 0x13A8, 0x13A8, 0x13A8, 0x13A8, 0x13A8, 0x13A8, 0x13A8, 0x13A8, 0x13A8, 0x13A8,
    0xA5AB, 0xA5AB, 0xA5AB, 0xA5AB, 0xA5AB, 0xA5AB, 0xA5AB, 0xA5AB, 0xA5AB, 0xA5AB, 0x9DAB, 0x9DAB, 0x9DAB, 0x9D8B, 0x9D8B, 0x9D8B,
    0x9D8B, 0x9D8B, 0x9D8B, 0x9D8B, 0x9D8B, 0x9D8B, 0x9D8B, 0x9D8B, 0x958B, 0x958B, 0x958B, 0x958B, 0x958B, 0x958A, 0x956A, 0x956A,
    0x956A, 0x958A, 0x958A, 0x958A, 0x958A, 0x95AB, 0x95AB, 0x95AB, 0x95CB, 0x95CB, 0x95CB, 0x95CB, 0x95CB, 0x95EB, 0x95EB, 0x95EB,
    0x95EB, 0x960B, 0x960B, 0x960B, 0x960B, 0x960B, 0x962B, 0x962B, 0x9E2B, 0x962B, 0x962B, 0x962B, 0x964B, 0x964B, 0x964B, 0x964B,
    0x964B, 0x966B, 0x964B, 0x966B, 0x966B, 0x966B, 0x966B, 0x966B, 0x966B, 0x966B, 0x966B, 0x966B, 0x966B, 0x968B, 0x968B, 0x968B,
    0x968B, 0x968B, 0x968B, 0x968B, 0x8E8B, 0x8E8B, 0x8E8B, 0x8E8B, 0x8E8B, 0x8E8B, 0x8E8B, 0x8E8B, 0x8E8B, 0x8E8B, 0x8E8B, 0x8E8B,
    0x8E8A, 0x8E8A, 0x868A, 0x868A, 0x868A, 0x868A, 0x868A, 0x868A, 0x868A, 0x868A, 0x868A, 0x868A, 0x7E8A, 0x7E8A, 0x7E8A, 0x7E8A,
    0x7E8A, 0x7E8A, 0x7E8A, 0x7E8A, 0x7E8A, 0x7E89, 0x7689, 0x7669, 0x7689, 0x7669, 0x7669, 0x7669, 0x7669, 0x7669, 0x7669, 0x6E69,
    0x6E69, 0x6E69, 0x6E49, 0x6E49, 0x6E49, 0x6E49, 0x6E49, 0x6E49, 0x6629, 0x6629, 0x6629, 0x6629, 0x6629, 0x6629, 0x6609, 0x6609,
    0x6609, 0x5E09, 0x5E09, 0x5E09, 0x5DE9, 0x5DE9, 0x5DE9, 0x5DE9, 0x5DE9, 0x55C9, 0x55C9, 0x55C9, 0x55C9, 0x55C9, 0x55A9, 0x55A9,
    0x55A9, 0x55A9, 0x4DA9, 0x4D89, 0x4D89, 0x4D89, 0x4D89, 0x4D69, 0x4D69, 0x4D69, 0x4D49, 0x4549, 0x4549, 0x4549, 0x4529, 0x4529,
    0x4529, 0x4529, 0x4509, 0x3D09, 0x3D09, 0x3CE9, 0x3CE9, 0x3CE9, 0x3CE9, 0x3CC9, 0x3CC9, 0x34C9, 0x34C9, 0x34A9, 0x34A9, 0x34A9,
    0x3489, 0x3488, 0x3488, 0x2C68, 0x2C68, 0x2C68, 0x2C48, 0x2C48, 0x2C48, 0x2C28, 0x2C28, 0x2428, 0x2408, 0x2408, 0x2408, 0x23E8,
    0x23E8, 0x23E8, 0x23E8, 0x23E8, 0x23E8, 0x23E8, 0x23E8, 0x1BE8, 0x1BE8, 0x1BC8, 0x1BC8, 0x1BC8, 0x1BC8, 0x1BC8, 0x1BC8, 0x1BC8,
    0x1BC8, 0x1BC8, 0x1BC8, 0x1BC8, 0x13C8, 0x13A8, 0x13A8, 0x13A8, 0x13A8, 0x13A8, 0x13A8, 0x13A8, 0x13A8, 0x13A8, 0x13A8, 0x13A8,
    0xA5AB, 0xA5AB, 0xA5AB, 0xA5AB, 0xA5AB, 0xA5AB, 0xA5AB, 0xA5AB, 0xA5AB, 0x9DAB, 0x9DAB, 0x9D8B, 0x9D8B, 0x9D8B, 0x9D8B, 0x9D8B,
    0x9D8B, 0x9D8B, 0x9D8B, 0x9D8B, 0x9D8B, 0x9D8B, 0x9D8B, 0x958B, 0x958B, 0x958B, 0x958B, 0x958B, 0x956A, 0x956A, 0x956A, 0x956A,
    0x958A, 0x958A, 0x958A, 0x95AA, 0x95AB, 0x95AB, 0x95AB, 0x95CB, 0x95CB, 0x95CB, 0x95CB, 0x95EB, 0x95EB, 0x95EB, 0x95EB, 0x95EB,
    0x960B, 0x960B, 0x9E0B, 0x9E0B, 0x960B, 0x962B, 0x9E2B, 0x9E2B, 0x9E2B, 0x962B, 0x964B, 0x964B, 0x964B, 0x964B, 0x964B, 0x966B,
    0x966B, 0x966B, 0x966B, 0x966B, 0x966B, 0x966B, 0x966B, 0x966B, 0x966B, 0x968B, 0x966B, 0x968B, 0x968B, 0x968B, 0x968B, 0x968B,
    0x968B, 0x968B, 0x968B, 0x8E8B, 0x8E8B, 0x8E8B, 0x8E8B, 0x8E8B, 0x8E8B, 0x8EAB, 0x8E8B, 0x8E8B, 0x8EAB, 0x8EAB, 0x8E8B, 0x8EAA,
    0x8EAA, 0x86AA, 0x86AA, 0x86AA, 0x868A, 0x868A, 0x868A, 0x868A, 0x868A, 0x868A, 0x868A, 0x868A, 0x7E8A, 0x7E8A, 0x7E8A, 0x7E8A,
    0x7E8A, 0x7E8A, 0x7E8A, 0x7E8A, 0x7E8A, 0x768A, 0x7689, 0x7689, 0x7669, 0x7669, 0x7669, 0x7669, 0x7669, 0x7669, 0x6E69, 0x6E69,
    0x6E69, 0x6E69, 0x6E69, 0x6E49, 0x6E49, 0x6E49, 0x6E49, 0x6E49, 0x6649, 0x6629, 0x6629, 0x6629, 0x6629, 0x6629, 0x6609, 0x6609,
    0x6609, 0x5E09, 0x5E09, 0x5E09, 0x5E09, 0x5DE9, 0x5DE9, 0x5DE9, 0x5DE9, 0x55E9, 0x55C9, 0x55C9, 0x55C9, 0x55C9, 0x55A9, 0x55A9,
    0x55A9, 0x55A9, 0x4DA9, 0x4D89, 0x4D89, 0x4D89, 0x4D89, 0x4D69, 0x4D69, 0x4D69, 0x4569, 0x4549, 0x4549, 0x4549, 0x4549, 0x4529,
    0x4529, 0x4529, 0x3D29, 0x3D09, 0x3D09, 0x3D09, 0x3CE9, 0x3CE9, 0x3CE9, 0x3CE9, 0x34C9, 0x34C9, 0x34C9, 0x34A9, 0x34A9, 0x34A9,
    0x3489, 0x3488, 0x3489, 0x2C68, 0x2C68, 0x2C68, 0x2C48, 0x2C48, 0x2C48, 0x2C28, 0x2C28, 0x2428, 0x2408, 0x2408, 0x2408, 0x23E8,
    0x23E8, 0x23E8, 0x23E8, 0x23E8, 0x23E8, 0x23E8, 0x1BE8, 0x1BC8, 0x1BC8, 0x1BC8, 0x1BC8, 0x1BC8, 0x1BC8, 0x1BC8, 0x1BC8, 0x1BC8,
    0x1BC8, 0x1BC8, 0x1BC8, 0x13C8, 0x13A8, 0x13A8, 0x13A8, 0x13A8, 0x13A8, 0x13A8, 0x13A8, 0x13A8, 0x13A8, 0x13A8, 0x1388, 0x1388,
    0xA5AB, 0xA5AB, 0xA5AB, 0xA5AB, 0xA5AB, 0xA5AB, 0xA5AB, 0xA5AB, 0x9DAB, 0x9DAB, 0x9D8B, 0x9D8B, 0x9D8B, 0x9D8B, 0x9D8B, 0x9D8B,
    0x9D8B, 0x9D8B, 0x9D8B, 0x9D8B, 0x9D8B, 0x9D8B, 0x958B, 0x958B, 0x958B, 0x958B, 0x958B, 0x956A, 0x956A, 0x956A, 0x956A, 0x958A,
    0x958A, 0x958A, 0x958A, 0x95AB, 0x95AB, 0x95AB, 0x95CB, 0x95CB, 0x95CB, 0x95CB, 0x95EB, 0x95EB, 0x95EB, 0x95EB, 0x960B, 0x960B,
    0x9E0B, 0x9E0B, 0x960B, 0x962B, 0x962B, 0x9E2B, 0x9E2B, 0x9E2B, 0x964B, 0x9E4B, 0x964B, 0x9E4B, 0x964B, 0x964B, 0x966B, 0x966B,
    0x966B, 0x966B, 0x966B, 0x966B, 0x966B, 0x966B, 0x966B, 0x968B, 0x968B, 0x968B, 0x968B, 0x968B, 0x968B, 0x968B, 0x968B, 0x968B,
    0x968B, 0x968B, 0x968B, 0x8E8B, 0x8EAB, 0x8EAB, 0x8EAB, 0x8EAB, 0x8EAB, 0x8EAB, 0x8EAB, 0x8EAB, 0x8EAB, 0x8EAB, 0x8EAB, 0x8EAB,
    0x86AA, 0x86AA, 0x86AA, 0x86AA, 0x868A, 0x86AA, 0x868A, 0x868A, 0x868A, 0x868A, 0x868A, 0x7E8A, 0x7E8A, 0x7E8A, 0x7E8A, 0x7E8A,
    0x7E8A, 0x7E8A, 0x7E8A, 0x7E8A, 0x7E8A, 0x7689, 0x7689, 0x7689, 0x7689, 0x7689, 0x7669, 0x7669, 0x7669, 0x7669, 0x6E69, 0x6E69,
    0x6E69, 0x6E69, 0x6E69, 0x6E69, 0x6E49, 0x6E49, 0x6E49, 0x6E49, 0x6649, 0x6649, 0x6629, 0x6629, 0x6629, 0x6629, 0x6629, 0x6609,
    0x5E09, 0x5E09, 0x5E09, 0x5E09, 0x5E09, 0x5DE9, 0x5DE9, 0x5DE9, 0x5DE9, 0x55E9, 0x55C9, 0x55C9, 0x55C9, 0x55C9, 0x55C9, 0x55A9,
    0x55A9, 0x4DA9, 0x4DA9, 0x4DA9, 0x4D89, 0x4D89, 0x4D89, 0x4D89, 0x4D69, 0x4D69, 0x4569, 0x4569, 0x4549, 0x4549, 0x4549, 0x4549,
    0x4529, 0x4529, 0x3D29, 0x3D29, 0x3D09, 0x3D09, 0x3D09, 0x3CE9, 0x3CE9, 0x3CE9, 0x34C9, 0x34C9, 0x34C9, 0x34A9, 0x34A9, 0x34A9,
    0x34A9, 0x3489, 0x2C89, 0x2C69, 0x2C68, 0x2C68, 0x2C68, 0x2C48, 0x2C48, 0x2C48, 0x2C28, 0x2428, 0x2428, 0x2408, 0x2408, 0x2408,
    0x23E8, 0x23E8, 0x23E8, 0x23E8, 0x23E8, 0x1BE8, 0x1BC8, 0x1BC8, 0x1BC8, 0x1BC8, 0x1BC8, 0x1BC8, 0x1BC8, 0x1BC8, 0x1BC8, 0x1BC8,
    0x1BC8, 0x1BC8, 0x13C8, 0x13A8, 0x13A8, 0x13A8, 0x13A8, 0x13A8, 0x13A8, 0x13A8, 0x13A8, 0x13A8, 0x13A8, 0x1388, 0x1388, 0x0B88,
    0xA5AB, 0xA5AB, 0xA5AB, 0xA5AB, 0xA5AB, 0xA5AB, 0xA5AB, 0x9DAB, 0x9DAB, 0x9D8B, 0x9D8B, 0x9D8B, 0x9D8B, 0x9D8B, 0x9D8B, 0x9D8B,
    0x9D8B, 0x9D8B, 0x9D8B, 0x9D8B, 0x9D8B, 0x958B, 0x958B, 0x958B, 0x958B, 0x958B, 0x956A, 0x956A, 0x956A, 0x956A, 0x958A, 0x958A,
    0x958A, 0x958A, 0x95AB, 0x95AB, 0x95AB, 0x95CB, 0x95CB, 0x95CB, 0x95CB, 0x95EB, 0x95EB, 0x95EB, 0x95EB, 0x960B, 0x960B, 0x9E0B,
    0x9E0B, 0x960B, 0x962B, 0x9E2B, 0x9E2B, 0x9E2B, 0x9E2B, 0x964B, 0x9E4B, 0x9E4B, 0x9E4B, 0x9E4B, 0x964B, 0x966B, 0x966B, 0x966B,
    0x966B, 0x966B, 0x966B, 0x966B, 0x966B, 0x966B, 0x968B, 0x968B, 0x968B, 0x968B, 0x968B, 0x968B, 0x968B, 0x968B, 0x968B, 0x968B,
    0x968B, 0x96AB, 0x8EAB, 0x8EAB, 0x8EAB, 0x8EAB, 0x8EAB, 0x8EAB, 0x8EAB, 0x8EAB, 0x8EAB, 0x8EAB, 0x8EAB, 0x8EAB, 0x8EAB, 0x8EAA,
    0x86AA, 0x86AA, 0x86AA, 0x86AA, 0x86AA, 0x86AA, 0x86AA, 0x86AA, 0x86AA, 0x868A, 0x7EAA, 0x7EAA, 0x7E8A, 0x7E8A, 0x7E8A, 0x7E8A,
    0x7E8A, 0x7E8A, 0x7E8A, 0x7E8A, 0x7E8A, 0x7689, 0x7689, 0x7689, 0x7689, 0x7689, 0x7689, 0x7689, 0x7669, 0x7669, 0x6E69, 0x6E69,
    0x6E69, 0x6E69, 0x6E69, 0x6E49, 0x6E49, 0x6E49, 0x6E49, 0x6649, 0x6649, 0x6649, 0x6649, 0x6629, 0x6629, 0x6629, 0x6629, 0x6629,
    0x5E09, 0x5E09, 0x5E09, 0x5E09, 0x5E09, 0x5E09, 0x5DE9, 0x5DE9, 0x55E9, 0x55E9, 0x55E9, 0x55C9, 0x55C9, 0x55C9, 0x55C9, 0x55C9,
    0x55A9, 0x4DA9, 0x4DA9, 0x4DA9, 0x4D89, 0x4D89, 0x4D89, 0x4D89, 0x4D89, 0x4569, 0x4569, 0x4569, 0x4569, 0x4549, 0x4549, 0x4549,
    0x4529, 0x3D29, 0x3D29, 0x3D29, 0x3D09, 0x3D09, 0x3D09, 0x3CE9, 0x3CE9, 0x34E9, 0x34E9, 0x34C9, 0x34C9, 0x34C9, 0x34A9, 0x34A9,
    0x34A9, 0x3489, 0x2C89, 0x2C89, 0x2C69, 0x2C69, 0x2C69, 0x2C68, 0x2C48, 0x2C48, 0x2428, 0x2428, 0x2428, 0x2408, 0x2408, 0x2408,
    0x23E8, 0x23E8, 0x23E8, 0x23E8, 0x1BE8, 0x1BC8, 0x1BC8, 0x1BC8, 0x1BC8, 0x1BC8, 0x1BC8, 0x1BC8, 0x1BC8, 0x1BC8, 0x1BC8, 0x1BC8,
    0x1BC8, 0x13A8, 0x13A8, 0x13A8, 0x13A8, 0x13A8, 0x13A8, 0x13A8, 0x13A8, 0x13A8, 0x13A8, 0x13A8, 0x1388, 0x1388, 0x0B88, 0x0B88,
    0xA5AB, 0xA5AB, 0xA5AB, 0xA5AB, 0xA5AB, 0xA5AB, 0xA5AB, 0x9DAB, 0x9D8B, 0x9D8B, 0x9D8B, 0x9D8B, 0x9D8B, 0x9D8B, 0x9D8B, 0x9D8B,
    0x9D8B, 0x9D8B, 0x9D8B, 0x9D8B, 0x958B, 0x958B, 0x958B, 0x958B, 0x958B, 0x956A, 0x956A, 0x956A, 0x956A, 0x956A, 0x958A, 0x958A,
    0x958A, 0x95AB, 0x95AB, 0x95AB, 0x95CB, 0x95CB, 0x95CB, 0x95CB, 0x95EB, 0x95EB, 0x95EB, 0x95EB, 0x960B, 0x960B, 0x9E0B, 0x9E0B,
    0x960B, 0x962B, 0x9E2B, 0x9E2B, 0x9E2B, 0x9E4B, 0x9E4B, 0x9E4B, 0x9E4B, 0x9E4B, 0x9E4B, 0x966B, 0x966B, 0x966B, 0x966B, 0x966B,
    0x966B, 0x966B, 0x966B, 0x968B, 0x968B, 0x968B, 0x968B, 0x968B, 0x968B, 0x968B, 0x968B, 0x968B, 0x968B, 0x96AB, 0x968B, 0x96AB,
    0x96AB, 0x8EAB, 0x8EAB, 0x8EAB, 0x8EAB, 0x8EAB, 0x8EAB, 0x8EAB, 0x8EAB, 0x8EAB, 0x8EAB, 0x8EAB, 0x8EAB, 0x8EAB, 0x8EAA, 0x86AA,
    0x86AA, 0x86AA, 0x86AA, 0x86AA, 0x86AA, 0x86AA, 0x86AA, 0x86AA, 0x86AA, 0x86AA, 0x7EAA, 0x7EAA, 0x7EAA, 0x7EAA, 0x7EAA, 0x7E8A,
    0x7E8A, 0x7E8A, 0x7E8A, 0x7E8A, 0x768A, 0x7689, 0x7689, 0x7689, 0x7689, 0x7689, 0x7689, 0x7689, 0x7669, 0x6E69, 0x6E69, 0x6E69,
    0x6E69, 0x6E69, 0x6E69, 0x6E69, 0x6E49, 0x6E49, 0x6649, 0x6649, 0x6649, 0x6649, 0x6649, 0x6629, 0x6629, 0x6629, 0x6629, 0x5E29,
    0x5E29, 0x5E09, 0x5E09, 0x5E09, 0x5E09, 0x5E09, 0x5E09, 0x5DE9, 0x55E9, 0x55E9, 0x55E9, 0x55C9, 0x55C9, 0x55C9, 0x55C9, 0x55C9,
    0x4DA9, 0x4DA9, 0x4DA9, 0x4DA9, 0x4DA9, 0x4D89, 0x4D89, 0x4D89, 0x4569, 0x4569, 0x4569, 0x4569, 0x4549, 0x4549, 0x4549, 0x4549,
    0x4529, 0x3D29, 0x3D29, 0x3D29, 0x3D09, 0x3D09, 0x3D09, 0x3D09, 0x3CE9, 0x34E9, 0x34E9, 0x34C9, 0x34C9, 0x34C9, 0x34A9, 0x34A9,
    0x34A9, 0x2CA9, 0x2C89, 0x2C89, 0x2C89, 0x2C69, 0x2C69, 0x2C69, 0x2C48, 0x2C48, 0x2448, 0x2428, 0x2428, 0x2428, 0x2408, 0x2408,
    0x23E8, 0x23E8, 0x23E8, 0x1BE8, 0x1BC8, 0x1BC8, 0x1BC8, 0x1BC8, 0x1BC8, 0x1BC8, 0x1BC8, 0x1BC8, 0x1BC8, 0x1BC8, 0x1BC8, 0x1BC8,
    0x13C8, 0x13A8, 0x13A8, 0x13A8, 0x13A8, 0x13A8, 0x13A8, 0x13A8, 0x13A8, 0x13A8, 0x13A8, 0x1388, 0x1388, 0x0B88, 0x0B88, 0x0B88,
    0xA5AB, 0xA5AB, 0xA5AB, 0xA5AB, 0xA5AB, 0x9DAB, 0x9DAB, 0x9DAB, 0x9D8B, 0x9D8B, 0x9D8B, 0x9D8B, 0x9D8B, 0x9D8B, 0x9D8B, 0x9D8B,
    0x9D8B, 0x9D8B, 0x9D8B, 0x958B, 0x958B, 0x958B, 0x958B, 0x958B, 0x956A, 0x956A, 0x956A, 0x956A, 0x956A, 0x958A, 0x958A, 0x958A,
    0x95AB, 0x95AB, 0x95AB, 0x95CB, 0x95CB, 0x95CB, 0x95CB, 0x95EB, 0x95EB, 0x95EB, 0x95EB, 0x960B, 0x960B, 0x9E0B, 0x9E0B, 0x9E0B,
    0x9E2B, 0x9E2B, 0x9E2B, 0x9E2B, 0x9E4B, 0x9E4B, 0x9E4B, 0x9E4B, 0x9E4B, 0x9E4B, 0x966B, 0x9E6B, 0x9E6B, 0x9E6B, 0x966B, 0x966B,
    0x966B, 0x966B, 0x968B, 0x968B, 0x968B, 0x968B, 0x968B, 0x968B, 0x968B, 0x968B, 0x968B, 0x96AB, 0x96AB, 0x96AB, 0x96AB, 0x96AB,
    0x96AB, 0x96AB, 0x96AB, 0x8EAB, 0x8EAB, 0x8EAB, 0x8EAB, 0x8EAB, 0x8EAB, 0x8EAB, 0x8EAB, 0x8EAB, 0x8EAB, 0x8EAA, 0x8EAB, 0x86AA,
    0x86AA, 0x86AA, 0x86AA, 0x86AA, 0x86AA, 0x86AA, 0x86AA, 0x86AA, 0x86AA, 0x7EAA, 0x7EAA, 0x7EAA, 0x7EAA, 0x7EAA, 0x7EAA, 0x7EAA,
    0x7EAA, 0x7E8A, 0x7E8A, 0x7E8A, 0x7689, 0x7689, 0x7689, 0x7689, 0x7689, 0x7689, 0x7689, 0x7689, 0x7689, 0x6E89, 0x6E69, 0x6E69,
    0x6E69, 0x6E69, 0x6E69, 0x6E69, 0x6E69, 0x6E49, 0x6649, 0x6649, 0x6649, 0x6649, 0x6649, 0x6649, 0x6629, 0x6629, 0x6629, 0x5E29,
    0x5E29, 0x5E09, 0x5E09, 0x5E0A, 0x5E0A, 0x5E09, 0x5DE9, 0x5DE9, 0x55E9, 0x55EA, 0x55EA, 0x55EA, 0x55C9, 0x55C9, 0x55C9, 0x55CA,
    0x4DCA, 0x4DAA, 0x4DA9, 0x4DA9, 0x4DA9, 0x4D8A, 0x4D89, 0x4D89, 0x4589, 0x4569, 0x4569, 0x4569, 0x4569, 0x4549, 0x4549, 0x4549,
    0x3D49, 0x3D29, 0x3D29, 0x3D29, 0x3D09, 0x3D09, 0x3D09, 0x3D09, 0x34E9, 0x34E9, 0x34E9, 0x34E9, 0x34C9, 0x34C9, 0x34C9, 0x34A9,
    0x34A9, 0x2CA9, 0x2C89, 0x2C89, 0x2C89, 0x2C69, 0x2C69, 0x2C69, 0x2C49, 0x2448, 0x2448, 0x2428, 0x2428, 0x2428, 0x2408, 0x2408,
    0x2408, 0x23E8, 0x1BE8, 0x1BC8, 0x1BC8, 0x1BC8, 0x1BC8, 0x1BC8, 0x1BC8, 0x1BC8, 0x1BC8, 0x1BC8, 0x1BC8, 0x1BC8, 0x1BC8, 0x13C8,
    0x13A8, 0x13A8, 0x13A8, 0x13A8, 0x13A8, 0x13A8, 0x13A8, 0x13A8, 0x13A8, 0x13A8, 0x1388, 0x1388, 0x0B88, 0x0B88, 0x0B88, 0x0B88,
    0xA5AB, 0xA5AB, 0xA5AB, 0xA5AB, 0x9DAB, 0x9DAB, 0x9DAB, 0x9D8B, 0x9D8B, 0x9D8B, 0x9D8B, 0x9D8B, 0x9D8B, 0x9D8B, 0x9D8B, 0x9D8B,
    0x9D8B, 0x9D8B, 0x958B, 0x958B, 0x958B, 0x958B, 0x958B, 0x956A, 0x956A, 0x956A, 0x956A, 0x956A, 0x958A, 0x958A, 0x958A, 0x95AB,
    0x95AB, 0x95AB, 0x95AB, 0x95CB, 0x95CB, 0x95CB, 0x95EB, 0x95EB, 0x95EB, 0x95EB, 0x960B, 0x960B, 0x9E0B, 0x9E0B, 0x9E0B, 0x9E2B,
    0x9E2B, 0x9E2B, 0x9E2B, 0x9E4B, 0x9E4B, 0x9E4B, 0x9E4B, 0x9E4B, 0x9E4B, 0x966B, 0x9E6B, 0x9E6B, 0x9E6B, 0x966B, 0x966B, 0x966B,
    0x966B, 0x968B, 0x968B, 0x968B, 0x968B, 0x968B, 0x968B, 0x968B, 0x968B, 0x968B, 0x96AB, 0x96AB, 0x96AB, 0x96AB, 0x96AB, 0x96AB,
    0x96AB, 0x96AB, 0x8EAB, 0x8EAB, 0x8EAB, 0x8EAB, 0x8EAB, 0x8EAB, 0x8EAB, 0x8EAB, 0x8EAB, 0x8EAB, 0x8EAB, 0x8EAB, 0x8EAA, 0x86AA,
    0x86AA, 0x86AA, 0x86AA, 0x86AA, 0x86AA, 0x86AA, 0x86AA, 0x86AA, 0x86AA, 0x86AA, 0x7EAA, 0x7EAA, 0x7EAA, 0x7EAA, 0x7EAA, 0x7EAA,
    0x7EAA, 0x7EAA, 0x7EAA, 0x7689, 0x7689, 0x7689, 0x7689, 0x7689, 0x7689, 0x7689, 0x7689, 0x7689, 0x6E89, 0x6E89, 0x6E69, 0x6E69,
    0x6E69, 0x6E69, 0x6E69, 0x6E69, 0x6E69, 0x6E49, 0x6649, 0x6649, 0x6649, 0x6649, 0x6649, 0x6629, 0x662A, 0x662A, 0x6629, 0x5E29,
    0x5E29, 0x5E09, 0x5E0A, 0x5E0A, 0x5E0A, 0x5E0A, 0x5E0A, 0x55E9, 0x55EA, 0x55EA, 0x55EA, 0x55EA, 0x55CA, 0x55CA, 0x55CA, 0x4DCA,
    0x4DCA, 0x4DAA, 0x4DAA, 0x4DA9, 0x4DA9, 0x4D8A, 0x4D8A, 0x4D8A, 0x4589, 0x4569, 0x4569, 0x4569, 0x4569, 0x4549, 0x4549, 0x4549,
    0x3D49, 0x3D29, 0x3D29, 0x3D29, 0x3D29, 0x3D09, 0x3D09, 0x3D09, 0x34E9, 0x34E9, 0x34E9, 0x34E9, 0x34C9, 0x34C9, 0x34C9, 0x34A9,
    0x2CA9, 0x2CA9, 0x2C89, 0x2C89, 0x2C89, 0x2C69, 0x2C69, 0x2C69, 0x2C49, 0x2449, 0x2449, 0x2428, 0x2428, 0x2428, 0x2408, 0x2408,
    0x2408, 0x23E8, 0x1BE8, 0x1BE8, 0x1BC8, 0x1BC8, 0x1BC8, 0x1BC8, 0x1BC8, 0x1BC8, 0x1BC8, 0x1BC8, 0x1BC8, 0x1BC8, 0x13C8, 0x13A8,
    0x13A8, 0x13A8, 0x13A8, 0x13A8, 0x13A8, 0x13A8, 0x13A8, 0x13A8, 0x13A8, 0x1388, 0x1388, 0x0B88, 0x0B88, 0x0B88, 0x0B88, 0x0B88,
    0xA5AB, 0xA5AB, 0xA5AB, 0x9DAB, 0x9DAB, 0x9DAB, 0x9D8B, 0x9D8B, 0x9D8B, 0x9D8B, 0x9D8B, 0x9D8B, 0x9D8B, 0x9D8B, 0x9D8B, 0x9D8B,
    0x9D8B, 0x958B, 0x958B, 0x958B, 0x958B, 0x958B, 0x956A, 0x956A, 0x956A, 0x956A, 0x956A, 0x958A, 0x958A, 0x958A, 0x95AB, 0x95AB,
    0x95AB, 0x95CB, 0x95CB, 0x95CB, 0x95CB, 0x95CB, 0x95EB, 0x95EB, 0x95EB, 0x960B, 0x960B, 0x960B, 0x9E0B, 0x9E0B, 0x9E2B, 0x9E2B,
    0x9E2B, 0x9E2B, 0x9E4B, 0x9E4B, 0x9E4B, 0x9E4B, 0x9E4B, 0x9E4B, 0x9E6B, 0x9E6B, 0x9E6B, 0x9E6B, 0x966B, 0x966B, 0x966B, 0x968B,
    0x968B, 0x968B, 0x968B, 0x968B, 0x968B, 0x968B, 0x96AB, 0x96AB, 0x96AB, 0x96AB, 0x96AB, 0x96AB, 0x96AB, 0x96AB, 0x96AB, 0x96AB,
    0x96AB, 0x8EAB, 0x8EAB, 0x8EAB, 0x8EAB, 0x8EAB, 0x8EAB, 0x8EAB, 0x8EAB, 0x8EAB, 0x8EAB, 0x8EAB, 0x8EAB, 0x8EAA, 0x86AB, 0x86AA,
    0x86AA, 0x86AA, 0x86AA, 0x86AA, 0x86AA, 0x86AA, 0x86AA, 0x86AA, 0x7EAA, 0x7EAA, 0x7EAA, 0x7EAA, 0x7EAA, 0x7EAA, 0x7EAA, 0x7EAA,
    0x7EAA, 0x7EAA, 0x76AA, 0x76AA, 0x76A9, 0x7689, 0x7689, 0x7689, 0x7689, 0x7689, 0x7689, 0x6E89, 0x6E89, 0x6E89, 0x6E89, 0x6E69,
    0x6E69, 0x6E69, 0x6E69, 0x6E69, 0x6E69, 0x6669, 0x6649, 0x6649, 0x6649, 0x6649, 0x6649, 0x664A, 0x662A, 0x662A, 0x5E2A, 0x5E2A,
    0x5E2A, 0x5E2A, 0x5E0A, 0x5E0A, 0x5E0A, 0x5E0A, 0x560A, 0x55EA, 0x55EA, 0x55EA, 0x55EA, 0x55EA, 0x55EA, 0x55CA, 0x55CA, 0x4DCA,
    0x4DCA, 0x4DAA, 0x4DAA, 0x4DAA, 0x4DAA, 0x4D8A, 0x4D8A, 0x458A, 0x458A, 0x458A, 0x456A, 0x456A, 0x4569, 0x4569, 0x4549, 0x3D49,
    0x3D49, 0x3D49, 0x3D29, 0x3D29, 0x3D29, 0x3D09, 0x3D09, 0x3D09, 0x3509, 0x34E9, 0x34E9, 0x34E9, 0x34C9, 0x34C9, 0x34C9, 0x34C9,
    0x2CA9, 0x2CA9, 0x2CA9, 0x2C89, 0x2C89, 0x2C89, 0x2C69, 0x2C69, 0x2C69, 0x2449, 0x2449, 0x2449, 0x2428, 0x2428, 0x2428, 0x2408,
    0x2408, 0x1BE8, 0x1BE8, 0x1BE8, 0x1BC8, 0x1BC8, 0x1BC8, 0x1BC8, 0x1BC8, 0x1BC8, 0x1BC8, 0x1BC8, 0x1BC8, 0x13C8, 0x13A8, 0x13A8,
    0x13A8, 0x13A8, 0x13A8, 0x13A8, 0x13A8, 0x13A8, 0x13A8, 0x13A8, 0x13A8, 0x1388, 0x0B88, 0x0B88, 0x0B88, 0x0B88, 0x0B88, 0x0B88,
    0xA5AB, 0xA5AB, 0x9DAB, 0x9DAB, 0x9D8B, 0x9D8B, 0x9D8B, 0x9D8B, 0x9D8B, 0x9D8B, 0x9D8B, 0x9D8B, 0x9D8B, 0x9D8B, 0x9D8B, 0x9D8B,
    0x958B, 0x958B, 0x958B, 0x958B, 0x958B, 0x956A, 0x956A, 0x956A, 0x956A, 0x956A, 0x958A, 0x958A, 0x958A, 0x95AB, 0x95AB, 0x95AB,
    0x95CB, 0x95CB, 0x95CB, 0x95CB, 0x95EB, 0x95EB, 0x95EB, 0x95EB, 0x95EB, 0x960B, 0x9E0B, 0x9E0B, 0x9E0B, 0x9E2B, 0x9E2B, 0x9E2B,
    0x9E2B, 0x9E4B, 0x9E4B, 0x9E4B, 0x9E4B, 0x9E4B, 0x9E4B, 0x9E6B, 0x9E6B, 0x9E6B, 0x9E6B, 0x966B, 0x966B, 0x9E6B, 0x968B, 0x968B,
    0x968B, 0x968B, 0x968B, 0x968B, 0x968B, 0x96AB, 0x96AB, 0x96AB, 0x96AB, 0x96AB, 0x96AB, 0x96AB, 0x96AB, 0x96AB, 0x96AB, 0x96AB,
    0x96AB, 0x8EAB, 0x8EAB, 0x8EAB, 0x8EAB, 0x8EAB, 0x8EAB, 0x8EAB, 0x8EAB, 0x8ECB, 0x8ECB, 0x8EAB, 0x8ECB, 0x86CB, 0x86AB, 0x86CA,
    0x86CA, 0x86AA, 0x86CA, 0x86AA, 0x86AA, 0x86AA, 0x86AA, 0x86AA, 0x7EAA, 0x7EAA, 0x7EAA, 0x7EAA, 0x7EAA, 0x7EAA, 0x7EAA, 0x7EAA,
    0x7EAA, 0x7EAA, 0x76AA, 0x76A9, 0x7689, 0x7689, 0x7689, 0x7689, 0x7689, 0x7689, 0x7689, 0x6E89, 0x6E89, 0x6E89, 0x6E89, 0x6E69,
    0x6E69, 0x6E69, 0x6E69, 0x6E69, 0x666A, 0x666A, 0x664A, 0x664A, 0x6649, 0x6649, 0x664A, 0x664A, 0x662A, 0x662A, 0x5E2A, 0x5E2A,
    0x5E2A, 0x5E2A, 0x5E0A, 0x5E0A, 0x5E0A, 0x5E0A, 0x560A, 0x560A, 0x55EA, 0x55EA, 0x55EA, 0x55EA, 0x55EA, 0x55CA, 0x4DCA, 0x4DCA,
    0x4DCA, 0x4DAA, 0x4DAA, 0x4DAA, 0x4DAA, 0x4DAA, 0x458A, 0x458A, 0x458A, 0x458A, 0x456A, 0x456A, 0x456A, 0x4569, 0x454A, 0x3D4A,
    0x3D4A, 0x3D4A, 0x3D29, 0x3D29, 0x3D29, 0x3D29, 0x3D09, 0x3509, 0x3509, 0x34E9, 0x34E9, 0x34E9, 0x34C9, 0x34C9, 0x34C9, 0x2CC9,
    0x2CA9, 0x2CA9, 0x2CA9, 0x2C89, 0x2C89, 0x2C89, 0x2C89, 0x2C69, 0x2469, 0x2449, 0x2449, 0x2449, 0x2429, 0x2428, 0x2428, 0x2408,
    0x2408, 0x1C08, 0x1BE8, 0x1BE8, 0x1BE8, 0x1BC8, 0x1BC8, 0x1BC8, 0x1BC8, 0x1BC8, 0x1BC8, 0x1BC8, 0x13A8, 0x13A8, 0x13A8, 0x13A8,
    0x13A8, 0x13A8, 0x13A8, 0x13A8, 0x13A8, 0x13A8, 0x13A8, 0x1388, 0x1388, 0x0B88, 0x0B88, 0x0B88, 0x0B88, 0x0B88, 0x0B88, 0x0B88,
    0xA5AB, 0x9DAB, 0x9DAB, 0x9D8B, 0x9D8B, 0x9D8B, 0x9D8B, 0x9D8B, 0x9D8B, 0x9D8B, 0x9D8B, 0x9D8B, 0x9D8B, 0x9D8B, 0x9D8B, 0x958B,
    0x958B, 0x958B, 0x958B, 0x958B, 0x956A, 0x956A, 0x956A, 0x956A, 0x956A, 0x958A, 0x958A, 0x958A, 0x95AA, 0x95AB, 0x95AB, 0x95AB,
    0x95CB, 0x95CB, 0x95CB, 0x95CB, 0x95EB, 0x95EB, 0x95EB, 0x95EB, 0x960B, 0x9E0B, 0x9E0B, 0x960B, 0x9E2B, 0x9E2B, 0x9E2B, 0x9E2B,
    0x9E4B, 0x9E4B, 0x9E4B, 0x9E4B, 0x9E6B, 0x9E6B, 0x9E6B, 0x9E6B, 0x9E6B, 0x9E6B, 0x966B, 0x9E6B, 0x9E6B, 0x968B, 0x968B, 0x968B,
    0x968B, 0x968B, 0x968B, 0x96AB, 0x96AB, 0x96AB, 0x96AB, 0x96AB, 0x96AB, 0x96AB, 0x96AB, 0x96AB, 0x96AB, 0x96AB, 0x96AB, 0x96AB,
    0x96AB, 0x8EAB, 0x8EAB, 0x8EAB, 0x8ECB, 0x8ECB, 0x8ECB, 0x8ECB, 0x8ECB, 0x8ECB, 0x8ECB, 0x8ECB, 0x86CB, 0x86CA, 0x86CA, 0x86CA,
    0x86CA, 0x86CA, 0x86CA, 0x86CA, 0x86CA, 0x86CA, 0x86AA, 0x86AA, 0x7EAA, 0x7EAA, 0x7EAA, 0x7EAA, 0x7EAA, 0x7EAA, 0x7EAA, 0x7EAA,
    0x7EAA, 0x76AA, 0x76A9, 0x76A9, 0x7689, 0x7689, 0x7689, 0x7689, 0x7689, 0x7689, 0x6E89, 0x6E89, 0x6E89, 0x6E89, 0x6E89, 0x6E69,
    0x6E69, 0x6E69, 0x6E69, 0x6E6A, 0x666A, 0x666A, 0x666A, 0x664A, 0x664A, 0x664A, 0x664A, 0x664A, 0x5E4A, 0x5E2A, 0x5E2A, 0x5E2A,
    0x5E2A, 0x5E2A, 0x5E0A, 0x5E0A, 0x5E0A, 0x5E0A, 0x560A, 0x560A, 0x55EA, 0x55EA, 0x55EA, 0x55EA, 0x55EA, 0x55CA, 0x4DCA, 0x4DCA,
    0x4DCA, 0x4DCA, 0x4DAA, 0x4DAA, 0x4DAA, 0x4DAA, 0x45AA, 0x458A, 0x458A, 0x458A, 0x458A, 0x456A, 0x456A, 0x456A, 0x3D6A, 0x3D4A,
    0x3D4A, 0x3D4A, 0x3D4A, 0x3D29, 0x3D2A, 0x3D2A, 0x3509, 0x3509, 0x3509, 0x3509, 0x34E9, 0x34E9, 0x34E9, 0x34C9, 0x34C9, 0x2CC9,
    0x2CA9, 0x2CA9, 0x2CA9, 0x2C89, 0x2C89, 0x2C89, 0x2C69, 0x2469, 0x2469, 0x2469, 0x2449, 0x2449, 0x2449, 0x2429, 0x2429, 0x2408,
    0x1C08, 0x1C08, 0x1C08, 0x1BE8, 0x1BE8, 0x1BC8, 0x1BC8, 0x1BC8, 0x1BC8, 0x1BC8, 0x1BC8, 0x13A8, 0x13A8, 0x13A8, 0x13A8, 0x13A8,
    0x13A8, 0x13A8, 0x13A8, 0x13A8, 0x13A8, 0x13A8, 0x1388, 0x1388, 0x0B88, 0x0B88, 0x0B88, 0x0B88, 0x0B88, 0x0B88, 0x0B88, 0x0B88,
    0x9DAB, 0x9DAB, 0x9D8B, 0x9D8B, 0x9D8B, 0x9D8B, 0x9D8B, 0x9D8B, 0x9D8B, 0x9D8B, 0x9D8B, 0x9D8B, 0x9D8B, 0x9D8B, 0x958B, 0x958B,
    0x958B, 0x958B, 0x958B, 0x956A, 0x956A, 0x956A, 0x956A, 0x956A, 0x956A, 0x958A, 0x958A, 0x958A, 0x95AB, 0x95AB, 0x95AB, 0x95CB,
    0x95CB, 0x95CB, 0x95CB, 0x95EB, 0x95EB, 0x95EB, 0x95EB, 0x960B, 0x960B, 0x9E0B, 0x960B, 0x9E2B, 0x9E2B, 0x9E2B, 0x9E2B, 0x9E4B,
    0x9E4B, 0x9E4B, 0x9E4B, 0x9E4B, 0x9E6B, 0x9E6B, 0x9E6B, 0x9E6B, 0x9E6B, 0x966B, 0x9E6B, 0x9E8B, 0x968B, 0x968B, 0x968B, 0x968B,
    0x968B, 0x968B, 0x96AB, 0x96AB, 0x96AB, 0x96AB, 0x96AB, 0x96AB, 0x96AB, 0x96AB, 0x96AB, 0x96AB, 0x96AB, 0x96AB, 0x96AB, 0x96AB,
    0x8ECB, 0x8ECB, 0x8ECB, 0x8ECB, 0x8ECB, 0x8ECB, 0x8ECB, 0x8ECB, 0x8ECB, 0x8ECB, 0x8ECB, 0x8ECB, 0x86CA, 0x86CA, 0x86CA, 0x86CA,
    0x86CA, 0x86CA, 0x86CA, 0x86CA, 0x86CA, 0x86AA, 0x7EAA, 0x7EAA, 0x7EAA, 0x7EAA, 0x7EAA, 0x7EAA, 0x7EAA, 0x7EAA, 0x7EAA, 0x7EAA,
    0x76AA, 0x76A9, 0x76A9, 0x76A9, 0x76A9, 0x76A9, 0x7689, 0x7689, 0x7689, 0x6E89, 0x6E89, 0x6E89, 0x6E89, 0x6E89, 0x6E69, 0x6E69,
    0x6E69, 0x6E69, 0x6E6A, 0x666A, 0x666A, 0x666A, 0x666A, 0x664A, 0x664A, 0x664A, 0x664A, 0x664A, 0x5E4A, 0x5E2A, 0x5E2A, 0x5E2A,
    0x5E2A, 0x5E2A, 0x5E2A, 0x5E0A, 0x5E0A, 0x560A, 0x560A, 0x560A, 0x560A, 0x55EA, 0x55EA, 0x55EA, 0x55EA, 0x55CA, 0x4DCA, 0x4DCA,
    0x4DCA, 0x4DCA, 0x4DAA, 0x4DAA, 0x4DAA, 0x4DAA, 0x45AA, 0x458A, 0x458A, 0x458A, 0x458A, 0x456A, 0x456A, 0x456A, 0x3D4A, 0x3D4A,
    0x3D4A, 0x3D4A, 0x3D4A, 0x3D2A, 0x3D2A, 0x3D2A, 0x352A, 0x3509, 0x3509, 0x3509, 0x34E9, 0x34E9, 0x34E9, 0x34C9, 0x2CC9, 0x2CC9,
    0x2CA9, 0x2CA9, 0x2CA9, 0x2CA9, 0x2C89, 0x2C89, 0x2C89, 0x2469, 0x2469, 0x2469, 0x2449, 0x2449, 0x2449, 0x2429, 0x2429, 0x2429,
    0x1C08, 0x1C09, 0x1C08, 0x1BE8, 0x1BE8, 0x1BE8, 0x1BC8, 0x1BC8, 0x1BC8, 0x1BC8, 0x13A8, 0x13A8, 0x13A8, 0x13A8, 0x13A8, 0x13A8,
    0x13A8, 0x13A8, 0x13A8, 0x13A8, 0x13A8, 0x1388, 0x1388, 0x0B88, 0x0B88, 0x0B88, 0x0B88, 0x0B88, 0x0B88, 0x0B88, 0x0B88, 0x0B88,
    0x9DAB, 0x9D8B, 0x9D8B, 0x9D8B, 0x9D8B, 0x9D8B, 0x9D8B, 0x9D8B, 0x9D8B, 0x9D8B, 0x9D8B, 0x9D8B, 0x9D8B, 0x958B, 0x958B, 0x958B,
    0x958B, 0x958B, 0x956A, 0x956A, 0x956A, 0x956A, 0x956A, 0x956A, 0x958A, 0x958A, 0x958A, 0x95AA, 0x95AB, 0x95AB, 0x95CB, 0x95CB,
    0x95CB, 0x95CB, 0x95EB, 0x95EB, 0x95EB, 0x95EB, 0x960B, 0x960B, 0x9E0B, 0x960B, 0x962B, 0x9E2B, 0x9E2B, 0x9E2B, 0x9E4B, 0x9E4B,
    0x9E4B, 0x9E4B, 0x9E4B, 0x9E6B, 0x9E6B, 0x9E6B, 0x9E6B, 0x9E6B, 0x9E6B, 0x9E6B, 0x9E8B, 0x968B, 0x968B, 0x968B, 0x968B, 0x968B,
    0x968B, 0x96AB, 0x96AB, 0x96AB, 0x96AB, 0x96AB, 0x96AB, 0x96AB, 0x96AB, 0x96AB, 0x96AB, 0x96AB, 0x96AB, 0x96AB, 0x96CB, 0x8ECB,
    0x8ECB, 0x8ECB, 0x8ECB, 0x8ECB, 0x8ECB, 0x8ECB, 0x8ECB, 0x8ECB, 0x8ECB, 0x8ECB, 0x8ECB, 0x86CA, 0x86CA, 0x86CA, 0x86CA, 0x86CA,
    0x86CA, 0x86CA, 0x86CA, 0x86CA, 0x86AA, 0x7EAA, 0x7EAA, 0x7EAA, 0x7EAA, 0x7EAA, 0x7EAA, 0x7EAA, 0x7EAA, 0x7EAA, 0x7EAA, 0x76AA,
    0x76AA, 0x76A9, 0x76A9, 0x76A9, 0x76A9, 0x76A9, 0x7689, 0x7689, 0x7689, 0x6E89, 0x6E89, 0x6E8A, 0x6E8A, 0x6E8A, 0x6E69, 0x6E69,
    0x6E6A, 0x6E6A, 0x666A, 0x666A, 0x666A, 0x666A, 0x664A, 0x664A, 0x664A, 0x664A, 0x664A, 0x664A, 0x5E4A, 0x5E4A, 0x5E2A, 0x5E2A,
    0x5E2A, 0x5E2A, 0x5E2A, 0x5E0A, 0x560A, 0x560A, 0x560A, 0x560A, 0x55EA, 0x55EA, 0x55EA, 0x55EA, 0x55EA, 0x4DEA, 0x4DCA, 0x4DCA,
    0x4DCA, 0x4DCA, 0x4DCA, 0x4DAA, 0x4DAA, 0x45AA, 0x45AA, 0x458A, 0x458A, 0x458A, 0x458A, 0x456A, 0x456A, 0x456A, 0x3D6A, 0x3D4A,
    0x3D4A, 0x3D4A, 0x3D4A, 0x3D2A, 0x3D2A, 0x3D2A, 0x350A, 0x350A, 0x350A, 0x350A, 0x34E9, 0x34E9, 0x34E9, 0x34E9, 0x2CC9, 0x2CC9,
    0x2CC9, 0x2CA9, 0x2CA9, 0x2CA9, 0x2C89, 0x2C89, 0x2C89, 0x2469, 0x2469, 0x2469, 0x2449, 0x2449, 0x2449, 0x2429, 0x2429, 0x1C29,
    0x1C09, 0x1C09, 0x1C09, 0x1BE8, 0x1BE8, 0x1BE8, 0x1BC8, 0x1BC8, 0x1BC8, 0x13C8, 0x13A8, 0x13A8, 0x13A8, 0x13A8, 0x13A8, 0x13A8,
    0x13A8, 0x13A8, 0x13A8, 0x13A8, 0x1388, 0x1388, 0x0B88, 0x0B88, 0x0B88, 0x0B88, 0x0B88, 0x0B88, 0x0B88, 0x0B88, 0x0B88, 0x0B88,
    0x9D8B, 0x9D8B, 0x9D8B, 0x9D8B, 0x9D8B, 0x9D8B, 0x9D8B, 0x9D8B, 0x9D8B, 0x9D8B, 0x9D8B, 0x958B, 0x958B, 0x958B, 0x958B, 0x958B,
    0x958B, 0x956A, 0x956A, 0x956A, 0x956A, 0x956A, 0x956A, 0x956A, 0x958A, 0x958A, 0x95AA, 0x95AB, 0x95AB, 0x95CB, 0x95CB, 0x95CB,
    0x95CB, 0x95EB, 0x95EB, 0x95EB, 0x95EB, 0x960B, 0x960B, 0x9E0B, 0x960B, 0x962B, 0x9E2B, 0x9E2B, 0x9E2B, 0x9E4B, 0x9E4B, 0x9E4B,
    0x9E4B, 0x9E4B, 0x9E6B, 0x9E6B, 0x9E6B, 0x9E6B, 0x9E6B, 0x9E6B, 0x9E6B, 0x9E8B, 0x9E8B, 0x968B, 0x968B, 0x968B, 0x968B, 0x968B,
    0x96AB, 0x96AB, 0x96AB, 0x96AB, 0x96AB, 0x96AB, 0x96AB, 0x96AB, 0x96AB, 0x96AB, 0x96AB, 0x96CB, 0x96AB, 0x96CB, 0x8ECB, 0x8ECB,
    0x8ECB, 0x8ECB, 0x8ECB, 0x8ECB, 0x8ECB, 0x8ECB, 0x8ECB, 0x8ECB, 0x8ECB, 0x8ECB, 0x86CB, 0x86CB, 0x86CB, 0x86CA, 0x86CA, 0x86CA,
    0x86CA, 0x86CA, 0x86CA, 0x86CA, 0x86CA, 0x7ECA, 0x7ECA, 0x7EAA, 0x7EAA, 0x7EAA, 0x7EAA, 0x7EAA, 0x7EAA, 0x7EAA, 0x7EAA, 0x76AA,
    0x76AA, 0x76A9, 0x76A9, 0x76A9, 0x76A9, 0x76A9, 0x7689, 0x7689, 0x6E89, 0x6E89, 0x6E8A, 0x6E8A, 0x6E8A, 0x6E8A, 0x6E6A, 0x6E6A,
    0x6E6A, 0x6E6A, 0x666A, 0x666A, 0x666A, 0x664A, 0x664A, 0x664A, 0x664A, 0x664A, 0x664A, 0x5E4A, 0x5E4A, 0x5E2A, 0x5E2A, 0x5E2A,
    0x5E2A, 0x5E2A, 0x5E2A, 0x5E0A, 0x560A, 0x560A, 0x560A, 0x560A, 0x55EA, 0x55EA, 0x55EA, 0x55EA, 0x4DEA, 0x4DEA, 0x4DCA, 0x4DCA,
    0x4DCA, 0x4DCA, 0x4DCA, 0x4DAA, 0x4DAA, 0x45AA, 0x45AA, 0x458A, 0x458A, 0x458A, 0x458A, 0x456A, 0x456A, 0x3D6A, 0x3D6A, 0x3D4A,
    0x3D4A, 0x3D4A, 0x3D4A, 0x3D2A, 0x3D2A, 0x352A, 0x352A, 0x350A, 0x350A, 0x350A, 0x350A, 0x34E9, 0x34E9, 0x2CEA, 0x2CC9, 0x2CC9,
    0x2CC9, 0x2CA9, 0x2CA9, 0x2CA9, 0x2CA9, 0x2C89, 0x2489, 0x2469, 0x2469, 0x2469, 0x2469, 0x2449, 0x2449, 0x2429, 0x2429, 0x1C29,
    0x1C29, 0x1C09, 0x1C09, 0x1BE8, 0x1BE8, 0x1BE8, 0x1BC8, 0x1BC8, 0x13C8, 0x13A8, 0x13A8, 0x13A8, 0x13A8, 0x13A8, 0x13A8, 0x13A8,
    0x13A8, 0x13A8, 0x13A8, 0x1388, 0x1388, 0x0B88, 0x0B88, 0x0B88, 0x0B88, 0x0B88, 0x0B88, 0x0B88, 0x0B88, 0x0B88, 0x0B88, 0x0B88,
    0x9D8B, 0x9D8B, 0x9D8B, 0x9D8B, 0x9D8B, 0x9D8B, 0x9D8B, 0x9D8B, 0x9D8B, 0x9D8B, 0x958B, 0x958B, 0x958B, 0x958B, 0x958B, 0x958B,
    0x956A, 0x956A, 0x956A, 0x956A, 0x956A, 0x956A, 0x956A, 0x958A, 0x958A, 0x958A, 0x95AB, 0x95AB, 0x95AB, 0x95CB, 0x95CB, 0x95CB,
    0x95EB, 0x95EB, 0x95EB, 0x95EB, 0x95EB, 0x960B, 0x960B, 0x960B, 0x962B, 0x9E2B, 0x9E2B, 0x9E2B, 0x9E4B, 0x9E4B, 0x9E4B, 0x9E4B,
    0x9E4B, 0x9E6B, 0x9E6B, 0x9E6B, 0x9E6B, 0x9E6B, 0x9E6B, 0x9E8B, 0x9E8B, 0x968B, 0x968B, 0x968B, 0x968B, 0x968B, 0x96AB, 0x96AB,
    0x96AB, 0x96AB, 0x96AB, 0x96AB, 0x96AB, 0x96AB, 0x96AB, 0x96AB, 0x96AB, 0x96AB, 0x96CB, 0x96CB, 0x96CB, 0x96CB, 0x8ECB, 0x8ECB,
    0x8ECB, 0x8ECB, 0x8ECB, 0x8ECB, 0x8ECB, 0x8ECB, 0x8ECB, 0x8ECB, 0x8ECB, 0x8ECB, 0x8ECB, 0x86CB, 0x86CA, 0x86CA, 0x86CA, 0x86CA,
    0x86CA, 0x86CA, 0x86CA, 0x86CA, 0x7ECA, 0x7ECA, 0x7EAA, 0x7ECA, 0x7ECA, 0x7EAA, 0x7EAA, 0x7EAA, 0x7EAA, 0x7EAA, 0x76AA, 0x76AA,
    0x76AA, 0x76A9, 0x76A9, 0x76A9, 0x76A9, 0x76A9, 0x76A9, 0x7689, 0x6E89, 0x6E8A, 0x6E8A, 0x6E8A, 0x6E8A, 0x6E8A, 0x6E6A, 0x6E6A,
    0x6E6A, 0x666A, 0x666A, 0x666A, 0x666A, 0x666A, 0x664A, 0x664A, 0x664A, 0x664A, 0x5E4A, 0x5E4A, 0x5E2A, 0x5E2A, 0x5E2A, 0x5E2A,
    0x5E2A, 0x5E2A, 0x5E2A, 0x562A, 0x560A, 0x560A, 0x560A, 0x560A, 0x55EA, 0x55EA, 0x55EA, 0x55EA, 0x4DEA, 0x4DEA, 0x4DCA, 0x4DCA,
    0x4DCA, 0x4DCA, 0x4DCA, 0x4DCA, 0x45AA, 0x45AA, 0x45AA, 0x458A, 0x458A, 0x458A, 0x458A, 0x458A, 0x3D6A, 0x3D6A, 0x3D6A, 0x3D6A,
    0x3D4A, 0x3D4A, 0x3D4A, 0x3D2A, 0x3D2A, 0x352A, 0x352A, 0x350A, 0x350A, 0x350A, 0x34EA, 0x34EA, 0x34EA, 0x2CEA, 0x2CCA, 0x2CC9,
    0x2CC9, 0x2CC9, 0x2CA9, 0x2CA9, 0x2CA9, 0x2489, 0x2489, 0x2489, 0x2469, 0x2469, 0x2469, 0x2449, 0x2449, 0x2449, 0x1C29, 0x1C29,
    0x1C29, 0x1C09, 0x1C09, 0x1C09, 0x1BE9, 0x1BE8, 0x1BE8, 0x1BC8, 0x13C8, 0x13A8, 0x13A8, 0x13A8, 0x13A8, 0x13A8, 0x13A8, 0x13A8,
    0x13A8, 0x13A8, 0x1388, 0x1388, 0x0B88, 0x0B88, 0x0B88, 0x0B88, 0x0B88, 0x0B88, 0x0B88, 0x0B88, 0x0B88, 0x0B88, 0x0B88, 0x0B88,
    0x9D8B, 0x9D8B, 0x9D8B, 0x9D8B, 0x9D8B, 0x9D8B, 0x9D8B, 0x9D8B, 0x9D8B, 0x958B, 0x958B, 0x958B, 0x958B, 0x958B, 0x958B, 0x956A,
    0x956A, 0x956A, 0x956A, 0x956A, 0x956A, 0x956A, 0x956A, 0x958A, 0x958A, 0x95AA, 0x95AB, 0x95AB, 0x95AB, 0x95CB, 0x95CB, 0x95CB,
    0x95EB, 0x95EB, 0x95EB, 0x95EB, 0x960B, 0x960B, 0x960B, 0x962B, 0x962B, 0x9E2B, 0x9E2B, 0x9E4B, 0x9E4B, 0x9E4B, 0x9E4B, 0x9E4B,
    0x9E6B, 0x9E6B, 0x9E6B, 0x9E6B, 0x9E6B, 0x9E6B, 0x9E6B, 0x9E8B, 0x9E8B, 0x968B, 0x9EAD, 0x9E8C, 0x968B, 0x96AB, 0x96AB, 0x96AB,
    0x96AB, 0x96AB, 0x96AB, 0x96AB, 0x96AB, 0x96AB, 0x96AB, 0x96AB, 0x96CB, 0x96CB, 0x96CB, 0x96CB, 0x96CB, 0x8ECB, 0x8ECB, 0x8ECB,
    0x8ECB, 0x8ECB, 0x8ECB, 0x8ECB, 0x8ECB, 0x8ECB, 0x8ECB, 0x8ECB, 0x8ECB, 0x8ECB, 0x86CB, 0x86CA, 0x86CA, 0x86CA, 0x86CA, 0x86CA,
    0x86CA, 0x86CA, 0x86CA, 0x7ECA, 0x7ECA, 0x7ECA, 0x7ECA, 0x7ECA, 0x7EAA, 0x7EAA, 0x7EAA, 0x7EAA, 0x7EAA, 0x76AA, 0x76AA, 0x76AA,
    0x76A9, 0x76A9, 0x76A9, 0x76A9, 0x76A9, 0x76A9, 0x7689, 0x6E89, 0x6E8A, 0x6E8A, 0x6E8A, 0x6E8A, 0x6E8A, 0x6E8A, 0x6E8A, 0x6E6A,
    0x666A, 0x666A, 0x666A, 0x666A, 0x666A, 0x664A, 0x664A, 0x664A, 0x664A, 0x664A, 0x5E4A, 0x5E4A, 0x5E4A, 0x5E2A, 0x5E2A, 0x5E2A,
    0x5E2A, 0x5E2A, 0x562A, 0x560A, 0x560A, 0x560A, 0x560A, 0x560A, 0x560A, 0x55EA, 0x55EA, 0x4DEA, 0x4DEA, 0x4DEA, 0x4DEA, 0x45CA,
    0x3DA9, 0x3DA8, 0x3D88, 0x3DA9, 0x45AA, 0x45AA, 0x45AA, 0x45AA, 0x458A, 0x458A, 0x458A, 0x458A, 0x3D6A, 0x3D6A, 0x3D6A, 0x3D6A,
    0x3D4A, 0x3D4A, 0x3D4A, 0x3D4A, 0x352A, 0x352A, 0x352A, 0x350A, 0x350A, 0x350A, 0x350A, 0x34EA, 0x2CEA, 0x2CEA, 0x2CCA, 0x2CCA,
    0x2CC9, 0x2CC9, 0x2CA9, 0x2CA9, 0x2CA9, 0x2489, 0x2489, 0x2489, 0x2469, 0x2469, 0x2469, 0x2449, 0x2449, 0x1C49, 0x1C29, 0x1C29,
    0x1C29, 0x1C09, 0x1C09, 0x1C09, 0x1BE9, 0x1BE9, 0x1BE8, 0x13C8, 0x13C8, 0x13A8, 0x13A8, 0x13A8, 0x13A8, 0x13A8, 0x13A8, 0x13A8,
    0x13A8, 0x1388, 0x1388, 0x0B88, 0x0B88, 0x0B88, 0x0B88, 0x0B88, 0x0B88, 0x0B88, 0x0B88, 0x0B88, 0x0B88, 0x0B88, 0x0B88, 0x0B88,
    0x9D8B, 0x9D8B, 0x9D8B, 0x9D8B, 0x9D8B, 0x9D8B, 0x9D8B, 0x9D8B, 0x958B, 0x958B, 0x958B, 0x958B, 0x958B, 0x958B, 0x956A, 0x956A,
    0x956A, 0x956A, 0x956A, 0x956A, 0x956A, 0x956A, 0x958A, 0x958A, 0x958A, 0x95AA, 0x95AB, 0x95AB, 0x95CB, 0x95CB, 0x95CB, 0x95EB,
    0x95EB, 0x95EB, 0x95EB, 0x960B, 0x960B, 0x960B, 0x962B, 0x962B, 0x9E2B, 0x9E2B, 0x9E4B, 0x9E4B, 0x9E4B, 0x9E4B, 0x9E4B, 0x9E6B,
    0x9E6B, 0x9E6B, 0x9E6B, 0x9E6B, 0x9E6B, 0x9E6B, 0x9E8B, 0x9E8B, 0x9E8B, 0x968B, 0xD718, 0xA6CF, 0x968A, 0x96AB, 0x96AB, 0x96AB,
    0x96AB, 0x96AB, 0x96AB, 0x96AB, 0x96AB, 0x96AB, 0x96AB, 0x96CB, 0x96CB, 0x96CB, 0x96CB, 0x96CB, 0x8ECB, 0x8ECB, 0x8ECB, 0x8ECB,
    0x8ECB, 0x8ECB, 0x8ECB, 0x8ECB, 0x8ECB, 0x8ECB, 0x8ECB, 0x8ECB, 0x86CB, 0x86CA, 0x86CA, 0x86CA, 0x86CA, 0x86CA, 0x86CA, 0x86CA,
    0x86CA, 0x86CA, 0x7ECA, 0x7ECA, 0x7ECA, 0x7ECA, 0x7ECA, 0x7EAA, 0x7ECA, 0x7EAA, 0x7EAA, 0x7EAA, 0x76AA, 0x76AA, 0x76AA, 0x76A9,
    0x76A9, 0x76A9, 0x76A9, 0x76A9, 0x7689, 0x7689, 0x6E89, 0x6E8A, 0x6E8A, 0x6E8A, 0x6E8A, 0x6E8A, 0x6E8A, 0x6E6A, 0x6E6A, 0x666A,
    0x666A, 0x666A, 0x666A, 0x666A, 0x666A, 0x666A, 0x664A, 0x664A, 0x5E4A, 0x5E4A, 0x5E4A, 0x5E4A, 0x5E2A, 0x5E2A, 0x5E2A, 0x5E2A,
    0x5E2A, 0x562A, 0x560A, 0x560A, 0x560A, 0x560A, 0x560A, 0x560A, 0x560A, 0x55EA, 0x55EA, 0x4DEA, 0x4DEA, 0x4DEA, 0x3DA9, 0x5DEC,
    0x8E92, 0xAEB5, 0xA6B4, 0x7630, 0x45AA, 0x3D89, 0x45AA, 0x45AA, 0x458A, 0x458A, 0x458A, 0x458A, 0x3D8A, 0x3D6A, 0x3D6A, 0x3D6A,
    0x3D6A, 0x3D4A, 0x3D4A, 0x3D4A, 0x354A, 0x352A, 0x352A, 0x352A, 0x350A, 0x350A, 0x350A, 0x2CEA, 0x2CEA, 0x2CEA, 0x2CCA, 0x2CCA,
    0x2CCA, 0x2CCA, 0x2CAA, 0x2CA9, 0x24A9, 0x2489, 0x2489, 0x2489, 0x2489, 0x2469, 0x2469, 0x2449, 0x2449, 0x1C49, 0x1C49, 0x1C29,
    0x1C29, 0x1C09, 0x1C09, 0x1C09, 0x1BE9, 0x1BE9, 0x13E9, 0x13C8, 0x13C8, 0x13C8, 0x13A8, 0x13A8, 0x13A8, 0x13A8, 0x13A8, 0x13A8,
    0x1388, 0x1388, 0x0B88, 0x0B88, 0x0B88, 0x0B88, 0x0B88, 0x0B88, 0x0B88, 0x0B88, 0x0B88, 0x0B88, 0x0B88, 0x0B88, 0x0B88, 0x0B88,
    0x9D8B, 0x9D8B, 0x9D8B, 0x9D8B, 0x9D8B, 0x9D8B, 0x9D8B, 0x958B, 0x958B, 0x958B, 0x958B, 0x958B, 0x958A, 0x956A, 0x956A, 0x956A,
    0x956A, 0x956A, 0x956A, 0x8D6A, 0x8D6A, 0x958A, 0x958A, 0x958A, 0x95AA, 0x95AB, 0x95AB, 0x95CB, 0x95CB, 0x95CB, 0x95EB, 0x95EB,
    0x95EB, 0x95EB, 0x960B, 0x960B, 0x960B, 0x960B, 0x962B, 0x962B, 0x9E2B, 0x9E4B, 0x9E4B, 0x9E4B, 0x9E4B, 0x9E4B, 0x9E6B, 0x9E6B,
    0x9E6B, 0x9E6B, 0x9E6B, 0x9E6B, 0x9E8B, 0x9E8B, 0x9E8B, 0x9E8C, 0x968A, 0xAECF, 0xF77F, 0xC714, 0x968A, 0x96AC, 0x96AB, 0x96AB,
    0x96AB, 0x96AB, 0x96AB, 0x96CB, 0x96CB, 0x96AB, 0x96CB, 0x96CB, 0x96CB, 0x96CB, 0x96CB, 0x8ECB, 0x8ECB, 0x8ECB, 0x8ECB, 0x8ECB,
    0x8ECB, 0x8ECB, 0x8ECB, 0x8ECB, 0x8ECB, 0x8ECB, 0x8ECB, 0x86CB, 0x86CA, 0x86CA, 0x86CA, 0x86CA, 0x86CA, 0x86CA, 0x86CA, 0x86CA,
    0x86CA, 0x7ECA, 0x7ECA, 0x7ECA, 0x7ECA, 0x7ECA, 0x7ECA, 0x7ECA, 0x7ECA, 0x7EAA, 0x7EAA, 0x76AA, 0x76AA, 0x76A9, 0x76A9, 0x76A9,
    0x76A9, 0x76A9, 0x76A9, 0x7689, 0x6E89, 0x6E8A, 0x6E8A, 0x6E8A, 0x6E8A, 0x6E8A, 0x6E8A, 0x6E8A, 0x6E6A, 0x6E6A, 0x666A, 0x666A,
    0x666A, 0x666A, 0x666A, 0x666A, 0x664A, 0x664A, 0x664A, 0x5E4A, 0x5E4A, 0x5E4A, 0x5E4A, 0x5E4A, 0x5E2A, 0x5E2A, 0x5E2A, 0x5E2A,
    0x5E2A, 0x562A, 0x562A, 0x560A, 0x560A, 0x560A, 0x560A, 0x560A, 0x560A, 0x55EA, 0x4DEA, 0x4DEA, 0x4DEA, 0x45C9, 0xA6D5, 0xEF9D,
    0xD73A, 0xB6F7, 0xBEF8, 0xDF3B, 0xDF3B, 0x6E0F, 0x3D89, 0x45AA, 0x458A, 0x458A, 0x458A, 0x3D8A, 0x3D6A, 0x3D6A, 0x3D6A, 0x3D6A,
    0x3D4A, 0x3D4A, 0x3D4A, 0x354A, 0x354A, 0x352A, 0x352A, 0x352A, 0x350A, 0x350A, 0x350A, 0x350A, 0x2CEA, 0x2CEA, 0x2CEA, 0x2CCA,
    0x2CCA, 0x2CCA, 0x2CAA, 0x2CA9, 0x24A9, 0x24AA, 0x2489, 0x2489, 0x2489, 0x2469, 0x2469, 0x2469, 0x2449, 0x1C49, 0x1C49, 0x1C29,
    0x1C29, 0x1C29, 0x1C09, 0x1C09, 0x1BE9, 0x1BE9, 0x13E9, 0x13C9, 0x13C9, 0x13C8, 0x13A8, 0x13A8, 0x13A8, 0x13A8, 0x13A8, 0x1388,
    0x1388, 0x0B88, 0x0B88, 0x0B88, 0x0B88, 0x0B88, 0x0B88, 0x0B88, 0x0B88, 0x0B88, 0x0B88, 0x0B88, 0x0B88, 0x0B88, 0x0B88, 0x0B88,
    0x9D8B, 0x9D8B, 0x9D8B, 0x9D8B, 0x9D8B, 0x9D8B, 0x958B, 0x958B, 0x958B, 0x958B, 0x958B, 0x958A, 0x956A, 0x956A, 0x956A, 0x956A,
    0x956A, 0x956A, 0x8D6A, 0x8D6A, 0x8D8A, 0x958A, 0x958A, 0x95AA, 0x95AB, 0x95AB, 0x95CB, 0x95CB, 0x95CB, 0x95CB, 0x95EB, 0x95EB,
    0x95EB, 0x960B, 0x960B, 0x960B, 0x960B, 0x962B, 0x962B, 0x962B, 0x962B, 0x964B, 0x9E4B, 0x9E4B, 0x9E4B, 0x9E4B, 0x9E6B, 0x9E6B,
    0x9E6B, 0x9E6B, 0x9E6B, 0x9E8B, 0x9E8B, 0x968B, 0x9E8B, 0x9E8C, 0x968A, 0xD717, 0xF75E, 0xE75B, 0x9EAC, 0x96AB, 0x96AB, 0x96AB,
    0x96AB, 0x96AB, 0x96AB, 0x96CB, 0x96CB, 0x96CB, 0x96CB, 0x96CB, 0x96CB, 0x8ECB, 0x8ECB, 0x8ECB, 0x8ECB, 0x8ECB, 0x8ECB, 0x8ECB,
    0x8ECB, 0x8ECB, 0x8ECB, 0x8ECB, 0x8ECB, 0x8ECB, 0x86CB, 0x86CA, 0x86CA, 0x86CA, 0x86CA, 0x86CA, 0x86CA, 0x86CA, 0x86CA, 0x86CA,
    0x86CA, 0x7ECA, 0x7ECA, 0x7ECA, 0x7ECA, 0x7ECA, 0x7ECA, 0x7ECA, 0x7EAA, 0x7EAA, 0x76AA, 0x76AA, 0x76A9, 0x76A9, 0x76A9, 0x76A9,
    0x76A9, 0x76A9, 0x7689, 0x6E89, 0x6E8A, 0x6E8A, 0x6E8A, 0x6E8A, 0x6E8A, 0x6E8A, 0x6E8A, 0x6E6A, 0x6E6A, 0x666A, 0x666A, 0x666A,
    0x666A, 0x666A, 0x666A, 0x664A, 0x664A, 0x664A, 0x664A, 0x5E4A, 0x5E4A, 0x5E4A, 0x5E4A, 0x5E4A, 0x5E2A, 0x5E2A, 0x5E2A, 0x5E2A,
    0x562A, 0x562A, 0x560A, 0x560A, 0x560A, 0x560A, 0x560A, 0x560A, 0x55EA, 0x4DEA, 0x4DEA, 0x4DEA, 0x45C9, 0xC738, 0xDF7B, 0x662E,
    0x45A9, 0x3DA8, 0x3DA9, 0x45AA, 0x8E72, 0xEF5D, 0x7E30, 0x3589, 0x45AA, 0x458A, 0x3D8A, 0x3D8A, 0x3D6A, 0x3D6A, 0x3D6A, 0x3D6A,
    0x3D4A, 0x3D4A, 0x354A, 0x354A, 0x352A, 0x352A, 0x352A, 0x352A, 0x350A, 0x350A, 0x350A, 0x2D0A, 0x2CEA, 0x2CEA, 0x2CEA, 0x2CCA,
    0x2CCA, 0x2CCA, 0x2CCA, 0x24AA, 0x24AA, 0x24AA, 0x248A, 0x2489, 0x2489, 0x2469, 0x2469, 0x2469, 0x1C49, 0x1C49, 0x1C49, 0x1C29,
    0x1C29, 0x1C29, 0x1C09, 0x1C09, 0x1C09, 0x13E9, 0x13E9, 0x13E9, 0x13C9, 0x13C9, 0x13A8, 0x13A8, 0x13A8, 0x13A8, 0x1388, 0x1388,
    0x0B88, 0x0B88, 0x0B88, 0x0B88, 0x0B88, 0x0B88, 0x0B88, 0x0B88, 0x0B88, 0x0B88, 0x0B88, 0x0B88, 0x0B88, 0x0B88, 0x0B88, 0x0B88,
    0x9D8B, 0x9D8B, 0x9D8B, 0x9D8B, 0x9D8B, 0x958B, 0x958B, 0x958B, 0x958B, 0x958B, 0x956A, 0x956A, 0x956A, 0x956A, 0x956A, 0x956A,
    0x956A, 0x8D6A, 0x8D6A, 0x8D6A, 0x958A, 0x958A, 0x95AA, 0x95AA, 0x95AB, 0x95AB, 0x95CB, 0x95CB, 0x95CB, 0x95EB, 0x95EB, 0x95EB,
    0x95EB, 0x960B, 0x960B, 0x960B, 0x962B, 0x962B, 0x962B, 0x962B, 0x964B, 0x964B, 0x9E4B, 0x9E4B, 0x964B, 0x9E6B, 0x9E6B, 0x9E6B,
    0x9E6B, 0x9E6B, 0x9E6B, 0x9E8B, 0x968B, 0x9E8C, 0x9E8C, 0x968A, 0xA6AE, 0xEF5D, 0xEF5D, 0xF77E, 0xB6F1, 0x8EA9, 0x96AC, 0x96AB,
    0x96AB, 0x96CB, 0x96CB, 0x96CB, 0x96CB, 0x96CB, 0x96CB, 0x96CB, 0x96CB, 0x96CB, 0x8ECB, 0x8ECB, 0x8ECB, 0x8ECB, 0x8ECB, 0x8ECB,
    0x8ECB, 0x8ECB, 0x8ECB, 0x8ECB, 0x8ECB, 0x8ECB, 0x86CA, 0x86CA, 0x86CA, 0x86CA, 0x86CA, 0x86CA, 0x86CA, 0x86CA, 0x86CA, 0x86CA,
    0x7ECA, 0x7ECA, 0x7ECA, 0x7ECA, 0x7ECA, 0x7ECA, 0x7ECA, 0x7EAA, 0x7EAA, 0x76AA, 0x76AA, 0x76A9, 0x76A9, 0x76A9, 0x76A9, 0x76A9,
    0x76A9, 0x7689, 0x6E89, 0x6E8A, 0x6E8A, 0x6E8A, 0x6E8A, 0x6E8A, 0x6E8A, 0x6E8A, 0x6E6A, 0x6E6A, 0x666A, 0x666A, 0x666A, 0x666A,
    0x666A, 0x666A, 0x664A, 0x664A, 0x664A, 0x664A, 0x5E4A, 0x5E4A, 0x5E4A, 0x5E4A, 0x5E4A, 0x5E2A, 0x5E2A, 0x5E2A, 0x5E2A, 0x562A,
    0x562A, 0x562A, 0x562A, 0x560A, 0x560A, 0x560A, 0x560A, 0x560A, 0x4DEA, 0x4DEA, 0x55EB, 0x45C9, 0xA6D4, 0xE79C, 0x45C9, 0x45C9,
    0x4DCB, 0x4DCB, 0x4DCA, 0x45CA, 0x3588, 0x7630, 0xEF5D, 0x55CC, 0x3D8A, 0x458A, 0x3D8A, 0x3D8A, 0x3D8A, 0x3D6A, 0x3D6A, 0x3D6A,
    0x3D6A, 0x3D4A, 0x354A, 0x354A, 0x354A, 0x352A, 0x352A, 0x352A, 0x350A, 0x350A, 0x2D0A, 0x2D0A, 0x2CEA, 0x2CEA, 0x2CEA, 0x2CCA,
    0x2CCA, 0x2CCA, 0x24CA, 0x24AA, 0x24AA, 0x24AA, 0x248A, 0x248A, 0x2489, 0x2469, 0x2469, 0x1C69, 0x1C49, 0x1C49, 0x1C49, 0x1C49,
    0x1C29, 0x1C29, 0x1C09, 0x1C09, 0x1409, 0x13E9, 0x13E9, 0x13E9, 0x13C9, 0x13C9, 0x13C8, 0x13A8, 0x13A8, 0x1388, 0x1388, 0x0B88,
    0x0B88, 0x0B88, 0x0B88, 0x0B88, 0x0B88, 0x0B88, 0x0B88, 0x0B88, 0x0B88, 0x0B88, 0x0B88, 0x0B88, 0x0B88, 0x0B88, 0x0B88, 0x0B88,
    0x9D8B, 0x9D8B, 0x9D8B, 0x9D8B, 0x958B, 0x958B, 0x958B, 0x958B, 0x958B, 0x956A, 0x956A, 0x956A, 0x956A, 0x956A, 0x956A, 0x956A,
    0x8D6A, 0x8D6A, 0x8D6A, 0x8D8A, 0x958A, 0x958A, 0x95AA, 0x95AA, 0x95AB, 0x95CB, 0x95CB, 0x95CB, 0x95EB, 0x95EB, 0x95EB, 0x95EB,
    0x960B, 0x960B, 0x960B, 0x960B, 0x962B, 0x962B, 0x962B, 0x962B, 0x964B, 0x9E4B, 0x9E4B, 0x964B, 0x9E6B, 0x9E6B, 0x9E6B, 0x966B,
    0x9E6B, 0x9E6B, 0x9E8B, 0x968B, 0x9E8B, 0x968A, 0x968A, 0x9EAD, 0xD738, 0xEF7E, 0xEF5D, 0xF77E, 0xE75B, 0xAEEF, 0x96AA, 0x8EAA,
    0x96CB, 0x96CB, 0x96CB, 0x96CB, 0x96CB, 0x96CB, 0x96CB, 0x96CB, 0x96CB, 0x96CB, 0x8ECB, 0x8ECB, 0x8ECB, 0x8ECB, 0x8ECB, 0x8ECB,
    0x8ECB, 0x8ECB, 0x8ECB, 0x8ECB, 0x8ECB, 0x86CA, 0x86CA, 0x86CA, 0x86CA, 0x86CA, 0x86CA, 0x86CA, 0x86CA, 0x86CA, 0x86CA, 0x7ECA,
    0x7ECA, 0x7ECA, 0x7ECA, 0x7ECA, 0x7ECA, 0x7ECA, 0x7EAA, 0x7EAA, 0x76AA, 0x76AA, 0x76A9, 0x76A9, 0x76A9, 0x76A9, 0x76A9, 0x76A9,
    0x76A9, 0x6E89, 0x6E8A, 0x6E8A, 0x6E8A, 0x6E8A, 0x6E8A, 0x6E8A, 0x6E8A, 0x6E6A, 0x6E6A, 0x666A, 0x666A, 0x666A, 0x666A, 0x666A,
    0x666A, 0x664A, 0x664A, 0x664A, 0x664A, 0x5E4A, 0x5E4A, 0x5E4A, 0x5E4A, 0x5E4A, 0x5E2A, 0x5E2A, 0x5E2A, 0x5E2A, 0x562A, 0x562A,
    0x562A, 0x562A, 0x560A, 0x560A, 0x560A, 0x560A, 0x560A, 0x560A, 0x4DEA, 0x4DEA, 0x4DEA, 0x560B, 0xEFBD, 0x764F, 0x3DC9, 0x4DEB,
    0x45CA, 0x45CA, 0x45CA, 0x45AA, 0x4DCB, 0x3588, 0xBEF8, 0xAED6, 0x3569, 0x458B, 0x3D8A, 0x3D8A, 0x3D8A, 0x3D6A, 0x3D6A, 0x3D6A,
    0x3D6A, 0x354A, 0x354A, 0x354A, 0x354A, 0x352A, 0x352A, 0x352A, 0x350A, 0x350A, 0x2D0A, 0x2D0A, 0x2CEA, 0x2CEA, 0x2CEA, 0x2CEA,
    0x2CCA, 0x2CCA, 0x24CA, 0x24AA, 0x24AA, 0x24AA, 0x248A, 0x248A, 0x248A, 0x246A, 0x1C69, 0x1C69, 0x1C69, 0x1C49, 0x1C49, 0x1C29,
    0x1C29, 0x1C29, 0x1C09, 0x1C09, 0x1409, 0x13E9, 0x13E9, 0x13E9, 0x13C9, 0x13C9, 0x13C9, 0x13A9, 0x13A8, 0x13A8, 0x0B88, 0x0B88,
    0x0B88, 0x0B88, 0x0B88, 0x0B88, 0x0B88, 0x0B88, 0x0B88, 0x0B88, 0x0B88, 0x0B88, 0x0B88, 0x0B88, 0x0B88, 0x0B88, 0x0B88, 0x0B88,
    0x9D8B, 0x9D8B, 0x9D8B, 0x958B, 0x958B, 0x958B, 0x958B, 0x958B, 0x956A, 0x956A, 0x956A, 0x956A, 0x956A, 0x956A, 0x956A, 0x956A,
    0x8D6A, 0x8D6A, 0x8D6A, 0x8D8A, 0x958A, 0x958A, 0x95AA, 0x95AA, 0x95CB, 0x95CB, 0x95CB, 0x95EB, 0x95EB, 0x95EB, 0x95EB, 0x960B,
    0x960B, 0x960B, 0x960B, 0x962B, 0x962B, 0x962B, 0x962B, 0x964B, 0x964B, 0x9E4B, 0x964B, 0x966B, 0x9E6B, 0x9E6B, 0x966B, 0x966B,
    0x9E6B, 0x968B, 0x968B, 0x968B, 0x968B, 0xA6AF, 0xCF16, 0xEF5D, 0xEF7E, 0xEF7D, 0xEF7D, 0xEF7D, 0xF77E, 0xF79E, 0xDF59, 0xB6F1,
    0x96CB, 0x8EAB, 0x96CB, 0x96CB, 0x96CB, 0x96CB, 0x96CB, 0x96CB, 0x96CB, 0x8ECB, 0x8ECB, 0x8ECB, 0x8EEB, 0x8EEB, 0x8ECB, 0x8ECB,
    0x8ECB, 0x8ECB, 0x8ECB, 0x8ECB, 0x86CB, 0x86CB, 0x86CB, 0x86CA, 0x86CA, 0x86CA, 0x86CA, 0x86CA, 0x86CA, 0x86CA, 0x7ECA, 0x7ECA,
    0x7ECA, 0x7ECA, 0x7ECA, 0x7ECA, 0x7ECA, 0x7EAA, 0x7EAA, 0x76AA, 0x76AA, 0x76A9, 0x76A9, 0x76A9, 0x76A9, 0x76A9, 0x76A9, 0x76A9,
    0x7689, 0x6E8A, 0x6E8A, 0x6E8A, 0x6E8A, 0x6E8A, 0x6E8A, 0x6E8A, 0x6E6A, 0x6E6A, 0x666A, 0x666A, 0x666A, 0x666A, 0x666A, 0x666A,
    0x664A, 0x664A, 0x664A, 0x664A, 0x5E4A, 0x5E4A, 0x5E4A, 0x5E4A, 0x5E4A, 0x5E2A, 0x5E2A, 0x5E2A, 0x5E2A, 0x562A, 0x562A, 0x562A,
    0x562A, 0x560A, 0x560A, 0x560A, 0x560A, 0x560A, 0x560A, 0x4E0A, 0x4DEA, 0x4DEB, 0x45C9, 0x8691, 0xDF9C, 0x45CA, 0x4DEA, 0x4DCA,
    0x45CA, 0x45CA, 0x45CA, 0x45CA, 0x45AB, 0x3D89, 0x7630, 0xDF5B, 0x3D8A, 0x3D8A, 0x3D8A, 0x3D8A, 0x3D8A, 0x3D6A, 0x3D6A, 0x3D6A,
    0x356A, 0x354A, 0x354A, 0x354A, 0x354A, 0x352A, 0x352A, 0x352A, 0x352A, 0x2D0A, 0x2D0A, 0x2D0A, 0x2CEA, 0x2CEA, 0x2CEA, 0x2CEA,
    0x2CCA, 0x24CA, 0x24CA, 0x24AA, 0x24AA, 0x24AA, 0x248A, 0x248A, 0x248A, 0x246A, 0x1C6A, 0x1C69, 0x1C49, 0x1C49, 0x1C49, 0x1C49,
    0x1C29, 0x1C29, 0x1C29, 0x1409, 0x1409, 0x13E9, 0x13E9, 0x13E9, 0x13C9, 0x13C9, 0x13C9, 0x13A9, 0x13A8, 0x0BA8, 0x0B88, 0x0B88,
    0x0B88, 0x0B88, 0x0B88, 0x0B88, 0x0B88, 0x0B88, 0x0B88, 0x0B88, 0x0B88, 0x0B88, 0x0B88, 0x0B88, 0x0B88, 0x0B88, 0x0B88, 0x0B88,
    0x9D8B, 0x9D8B, 0x958B, 0x958B, 0x958B, 0x958B, 0x958B, 0x958B, 0x956A, 0x956A, 0x956A, 0x956A, 0x956A, 0x956A, 0x956A, 0x8D6A,
    0x8D6A, 0x8D6A, 0x8D8A, 0x8D8A, 0x958A, 0x95AA, 0x95AA, 0x95AB, 0x95CB, 0x95CB, 0x95CB, 0x95EB, 0x95EB, 0x95EB, 0x960B, 0x960B,
    0x960B, 0x960B, 0x960B, 0x962B, 0x962B, 0x962B, 0x964B, 0x964B, 0x964B, 0x964B, 0x966B, 0x966B, 0x9E6B, 0x966B, 0x966B, 0x9E6B,
    0x968B, 0x968B, 0x968B, 0x9EAD, 0xD717, 0xF75F, 0xF77E, 0xEF5D, 0xEF5D, 0xEF7D, 0xEF7D, 0xEF7D, 0xEF9D, 0xEF9D, 0xFFBF, 0xFFBF,
    0xEF9C, 0xAEF0, 0x96CB, 0x96CB, 0x96CB, 0x96CB, 0x96CB, 0x96CB, 0x8ECB, 0x8ECB, 0x8ECB, 0x8EEB, 0x8EEB, 0x8ECB, 0x8ECB, 0x8ECB,
    0x8ECB, 0x8ECB, 0x8ECB, 0x86CB, 0x86CB, 0x86CB, 0x86CA, 0x86CA, 0x86CA, 0x86CA, 0x86CA, 0x86CA, 0x86CA, 0x7ECA, 0x7ECA, 0x7ECA,
    0x7ECA, 0x7ECA, 0x7ECA, 0x7ECA, 0x7EAA, 0x7EAA, 0x76AA, 0x76AA, 0x76A9, 0x76A9, 0x76A9, 0x76A9, 0x76A9, 0x76A9, 0x76A9, 0x7689,
    0x6E8A, 0x6E8A, 0x6E8A, 0x6E8A, 0x6E8A, 0x6E8A, 0x6E8A, 0x6E6A, 0x6E6A, 0x666A, 0x666A, 0x666A, 0x666A, 0x666A, 0x666A, 0x666A,
    0x664A, 0x664A, 0x664A, 0x5E4A, 0x5E4A, 0x5E4A, 0x5E4A, 0x5E4A, 0x5E2A, 0x5E2A, 0x5E2A, 0x5E2A, 0x562A, 0x562A, 0x562A, 0x562A,
    0x560A, 0x560A, 0x560A, 0x560A, 0x560A, 0x560A, 0x4E0A, 0x4E0A, 0x4DEA, 0x4DEB, 0x3DC9, 0x9ED4, 0xCF7A, 0x3DC9, 0x4DEB, 0x45CA,
    0x45CA, 0x45CA, 0x45CA, 0x45AA, 0x45CB, 0x3D8A, 0x5DED, 0xE75C, 0x4DAC, 0x3D8A, 0x3D8B, 0x3D8A, 0x3D8A, 0x3D8A, 0x3D6A, 0x3D6A,
    0x356A, 0x356A, 0x354A, 0x354A, 0x354A, 0x354A, 0x352A, 0x352A, 0x2D2A, 0x2D0A, 0x2D0A, 0x2D0A, 0x2D0A, 0x2CEA, 0x2CEA, 0x2CEA,
    0x2CCA, 0x24CA, 0x24CA, 0x24CA, 0x24AA, 0x24AA, 0x24AA, 0x248A, 0x248A, 0x248A, 0x1C6A, 0x1C6A, 0x1C6A, 0x1C49, 0x1C49, 0x1C49,
    0x1C29, 0x1C29, 0x1C29, 0x1409, 0x1409, 0x1409, 0x13E9, 0x13E9, 0x13C9, 0x13C9, 0x13C9, 0x13A9, 0x0BA9, 0x0BA8, 0x0B88, 0x0B88,
    0x0B88, 0x0B88, 0x0B88, 0x0B88, 0x0B88, 0x0B88, 0x0B88, 0x0B88, 0x0B88, 0x0B88, 0x0B88, 0x0B88, 0x0B88, 0x0B88, 0x0B88, 0x0B88,
    0x9D8B, 0x958B, 0x958B, 0x958B, 0x958B, 0x958B, 0x958B, 0x956A, 0x956A, 0x956A, 0x956A, 0x956A, 0x956A, 0x956A, 0x8D6A, 0x8D6A,
    0x8D6A, 0x8D6A, 0x8D8A, 0x8D8A, 0x958A, 0x95AA, 0x95AA, 0x95AB, 0x95CB, 0x95CB, 0x95EB, 0x95EB, 0x95EB, 0x95EB, 0x960B, 0x960B,
    0x960B, 0x960B, 0x962B, 0x962B, 0x962B, 0x962B, 0x964B, 0x964B, 0x964B, 0x966B, 0x966B, 0x966B, 0x966B, 0x966B, 0x966B, 0x9E8B,
    0x968B, 0x968B, 0x968B, 0x96AC, 0xA6AE, 0xBEF4, 0xDF5A, 0xF77E, 0xEF7E, 0xEF7D, 0xEF7D, 0xF79D, 0xF79E, 0xFF9F, 0xEF9C, 0xCF56,
    0xAF10, 0x96CC, 0x96CB, 0x96CB, 0x96CB, 0x96CB, 0x96CB, 0x8EEB, 0x8ECB, 0x8ECB, 0x8EEB, 0x8EEB, 0x8ECB, 0x8ECB, 0x8ECB, 0x8ECB,
    0x8ECB, 0x8EEB, 0x8ECB, 0x86CB, 0x86CB, 0x86CA, 0x86CA, 0x86CA, 0x86CA, 0x86CA, 0x86CA, 0x86CA, 0x7ECA, 0x7ECA, 0x7ECA, 0x7ECA,
    0x7ECA, 0x7ECA, 0x7ECA, 0x7EAA, 0x7EAA, 0x76AA, 0x76AA, 0x76A9, 0x76A9, 0x76A9, 0x76A9, 0x76A9, 0x76A9, 0x76A9, 0x6E89, 0x6E89,
    0x6E8A, 0x6E8A, 0x6E8A, 0x6E8A, 0x6E8A, 0x6E8A, 0x6E6A, 0x6E6A, 0x666A, 0x666A, 0x666A, 0x666A, 0x666A, 0x666A, 0x666A, 0x664A,
    0x664A, 0x664A, 0x5E4A, 0x5E4A, 0x5E4A, 0x5E4A, 0x5E4A, 0x5E2A, 0x5E2A, 0x5E2A, 0x5E2A, 0x562A, 0x562A, 0x562A, 0x562A, 0x560A,
    0x560A, 0x560A, 0x560A, 0x560A, 0x560A, 0x4E0A, 0x4E0A, 0x4E0A, 0x4DEA, 0x4E0B, 0x3DC9, 0x8EB2, 0xD79B, 0x45CA, 0x4DEB, 0x45CA,
    0x45CA, 0x45CA, 0x45CA, 0x45CA, 0x45AB, 0x3D8A, 0x6E0F, 0xE75C, 0x45AB, 0x3D8A, 0x3D8B, 0x3D8A, 0x3D8A, 0x3D6A, 0x3D6A, 0x3D6A,
    0x356A, 0x354A, 0x354A, 0x354A, 0x354A, 0x352A, 0x352A, 0x352A, 0x2D2A, 0x2D2A, 0x2D0A, 0x2D0A, 0x2D0A, 0x2CEA, 0x2CEA, 0x2CEA,
    0x2CCA, 0x24CA, 0x24CA, 0x24CA, 0x24AA, 0x24AA, 0x24AA, 0x248A, 0x248A, 0x1C8A, 0x1C6A, 0x1C6A, 0x1C6A, 0x1C49, 0x1C49, 0x1C49,
    0x1C29, 0x1C29, 0x1429, 0x1409, 0x1409, 0x1409, 0x13E9, 0x13E9, 0x13E9, 0x13C9, 0x13C9, 0x13A9, 0x0BA9, 0x0BA9, 0x0B89, 0x0B88,
    0x0B88, 0x0B88, 0x0B88, 0x0B88, 0x0B88, 0x0B88, 0x0B88, 0x0B88, 0x0B88, 0x0B88, 0x0B88, 0x0B88, 0x0B88, 0x0B88, 0x0B88, 0x0B88,
    0x958B, 0x958B, 0x958B, 0x958B, 0x958B, 0x956A, 0x956A, 0x956A, 0x956A, 0x956A, 0x956A, 0x956A, 0x956A, 0x8D6A, 0x8D6A, 0x8D6A,
    0x8D6A, 0x8D8A, 0x8D8A, 0x8D8A, 0x95AA, 0x95AA, 0x95AB, 0x95CB, 0x95CB, 0x95CB, 0x95EB, 0x95EB, 0x95EB, 0x960B, 0x960B, 0x960B,
    0x960B, 0x962B, 0x962B, 0x962B, 0x962B, 0x964B, 0x964B, 0x964B, 0x966B, 0x966B, 0x966B, 0x966B, 0x966B, 0x966B, 0x966B, 0x968B,
    0x968B, 0x968B, 0x968B, 0x968B, 0x968B, 0x968A, 0x96AC, 0xB6F1, 0xE75A, 0xF77E, 0xEF9D, 0xF79E, 0xEF9C, 0xBF13, 0x9ECC, 0x8EAA,
    0x8ECA, 0x96CB, 0x96CB, 0x96CB, 0x96CB, 0x96CB, 0x8EEB, 0x8ECB, 0x8EEB, 0x8EEB, 0x8EEB, 0x8ECB, 0x8ECB, 0x8EEB, 0x8ECB, 0x8ECB,
    0x8EEB, 0x86EB, 0x86CB, 0x86EA, 0x86CA, 0x86CA, 0x86CA, 0x86CA, 0x86CA, 0x86CA, 0x86CA, 0x7ECA, 0x7ECA, 0x7ECA, 0x7ECA, 0x7ECA,
    0x7ECA, 0x7ECA, 0x7EAA, 0x7EAA, 0x76AA, 0x76AA, 0x76A9, 0x76A9, 0x76A9, 0x76A9, 0x76A9, 0x76A9, 0x7689, 0x6E89, 0x6E8A, 0x6E8A,
    0x6E8A, 0x6E8A, 0x6E8A, 0x6E8A, 0x6E8A, 0x6E6A, 0x6E6A, 0x666A, 0x666A, 0x666A, 0x666A, 0x666A, 0x666A, 0x664A, 0x664A, 0x664A,
    0x664A, 0x5E4A, 0x5E4A, 0x5E4A, 0x5E4A, 0x5E4A, 0x5E2A, 0x5E2A, 0x5E2A, 0x5E2A, 0x562A, 0x562A, 0x562A, 0x562A, 0x560A, 0x560A,
    0x560A, 0x560A, 0x560A, 0x560A, 0x4E0A, 0x4E0A, 0x4DEA, 0x4DEA, 0x4DEA, 0x4DEB, 0x45EA, 0x662D, 0xF7DE, 0x5E0D, 0x45CA, 0x4DCB,
    0x45CA, 0x45CA, 0x45CA, 0x45AA, 0x45CB, 0x2D69, 0x9EB5, 0xC739, 0x2D69, 0x3D8B, 0x3D8A, 0x3D8B, 0x3D8B, 0x3D6A, 0x356A, 0x356A,
    0x356A, 0x354A, 0x354A, 0x354A, 0x354A, 0x352A, 0x2D2A, 0x2D2A, 0x2D2A, 0x2D0A, 0x2D0A, 0x2D0A, 0x2CEA, 0x2CEA, 0x2CEA, 0x2CEA,
    0x24CA, 0x24CA, 0x24CA, 0x24CA, 0x24AA, 0x24AA, 0x24AA, 0x248A, 0x1C8A, 0x1C8A, 0x1C6A, 0x1C6A, 0x1C6A, 0x1C4A, 0x1C49, 0x1C49,
    0x1C49, 0x1429, 0x1429, 0x1409, 0x1409, 0x1409, 0x13E9, 0x13E9, 0x13E9, 0x13C9, 0x13C9, 0x0BC9, 0x0BA9, 0x0BA9, 0x0BA9, 0x0B88,
    0x0B88, 0x0B88, 0x0B88, 0x0B88, 0x0B88, 0x0B88, 0x0B88, 0x0B88, 0x0B88, 0x0B88, 0x0B88, 0x0B88, 0x0B88, 0x0B88, 0x0B88, 0x0B88,
    0x958B, 0x958B, 0x958B, 0x958B, 0x956A, 0x956A, 0x956A, 0x956A, 0x956A, 0x956A, 0x956A, 0x8D6A, 0x8D6A, 0x8D6A, 0x8D6A, 0x8D6A,
    0x8D6A, 0x8D8A, 0x8D8A, 0x95AA, 0x95AA, 0x95AA, 0x95CB, 0x95CB, 0x95CB, 0x95EB, 0x95EB, 0x95EB, 0x960B, 0x960B, 0x960B, 0x960B,
    0x962B, 0x962B, 0x962B, 0x962B, 0x964B, 0x964B, 0x964B, 0x964B, 0x966B, 0x966B, 0x966B, 0x966B, 0x966B, 0x966B, 0x968B, 0x968B,
    0x968B, 0x968B, 0x968B, 0x96AB, 0x96AB, 0x96AC, 0x96AB, 0x8EA9, 0xAEEF, 0xF79E, 0xEF9D, 0xFFBF, 0xBF34, 0x86A9, 0x96CB, 0x96CB,
    0x96CB, 0x96CB, 0x96CB, 0x96CB, 0x96CB, 0x8EEB, 0x8EEB, 0x8ECB, 0x8EEB, 0x8EEB, 0x8ECB, 0x8EEB, 0x8EEB, 0x8ECB, 0x8EEB, 0x8EEB,
    0x86CB, 0x86CB, 0x86EB, 0x86CA, 0x86CA, 0x86CA, 0x86CA, 0x86CA, 0x86CA, 0x86CA, 0x7ECA, 0x7ECA, 0x7ECA, 0x7ECA, 0x7ECA, 0x7ECA,
    0x7ECA, 0x7EAA, 0x7EAA, 0x76AA, 0x76AA, 0x76A9, 0x76A9, 0x76A9, 0x76A9, 0x76A9, 0x76A9, 0x7689, 0x6E89, 0x6E8A, 0x6E8A, 0x6E8A,
    0x6E8A, 0x6E8A, 0x6E8A, 0x6E8A, 0x6E6A, 0x6E6A, 0x666A, 0x666A, 0x666A, 0x666A, 0x666A, 0x666A, 0x664A, 0x664A, 0x664A, 0x664A,
    0x5E4A, 0x5E4A, 0x5E4A, 0x5E4A, 0x5E4A, 0x5E2A, 0x5E2A, 0x5E2A, 0x5E2A, 0x562A, 0x562A, 0x562A, 0x562A, 0x560A, 0x560A, 0x560A,
    0x560A, 0x560A, 0x560A, 0x4E0A, 0x4E0A, 0x4E0A, 0x4DEA, 0x4DEA, 0x4DEA, 0x4DEA, 0x4DEB, 0x3DC9, 0xCF79, 0xBF38, 0x3588, 0x45CB,
    0x4DCB, 0x45CB, 0x45CB, 0x45CB, 0x358A, 0x45CB, 0xEFBE, 0x7630, 0x3589, 0x3D8B, 0x3D8B, 0x3D8B, 0x3D8B, 0x356B, 0x356A, 0x356A,
    0x356B, 0x354A, 0x354A, 0x354A, 0x354A, 0x354A, 0x2D2A, 0x2D2A, 0x2D2A, 0x2D0A, 0x2D0A, 0x2D0A, 0x2D0A, 0x2CEA, 0x24EA, 0x24EA,
    0x24EA, 0x24CA, 0x24CA, 0x24CA, 0x24AA, 0x24AA, 0x24AA, 0x1C8A, 0x1C8A, 0x1C8A, 0x1C6A, 0x1C6A, 0x1C6A, 0x1C4A, 0x1C4A, 0x1C4A,
    0x144A, 0x1429, 0x1429, 0x1429, 0x1409, 0x1409, 0x13E9, 0x13E9, 0x13E9, 0x13C9, 0x0BC9, 0x0BC9, 0x0BA9, 0x0BA9, 0x0BA9, 0x0B89,
    0x0B88, 0x0B88, 0x0B88, 0x0B88, 0x0B88, 0x0B88, 0x0B88, 0x0B88, 0x0B88, 0x0B88, 0x0B88, 0x0B88, 0x0B88, 0x0B88, 0x0B88, 0x0B88,
    0x958B, 0x958B, 0x958B, 0x956A, 0x956A, 0x956A, 0x956A, 0x956A, 0x956A, 0x956A, 0x8D6A, 0x8D6A, 0x8D6A, 0x8D6A, 0x8D6A, 0x8D6A,
    0x8D8A, 0x8D8A, 0x8D8A, 0x95AA, 0x95AA, 0x95AA, 0x95CB, 0x95CB, 0x95CB, 0x95EB, 0x95EB, 0x95EB, 0x960B, 0x960B, 0x960B, 0x960B,
    0x962B, 0x962B, 0x962B, 0x964B, 0x964B, 0x964B, 0x964B, 0x966B, 0x966B, 0x966B, 0x966B, 0x966B, 0x966B, 0x968B, 0x968B, 0x968B,
    0x968B, 0x968B, 0x96AB, 0x96AB, 0x96AB, 0x96AB, 0x96AB, 0x96CC, 0x96AB, 0xDF7A, 0xF7BF, 0xEF9D, 0x9ECD, 0x96CB, 0x96CB, 0x96CB,
    0x96CB, 0x96CB, 0x96CB, 0x96CB, 0x8EEB, 0x8EEB, 0x8EEB, 0x8EEB, 0x8EEB, 0x8ECB, 0x8EEB, 0x8EEB, 0x8ECB, 0x8EEB, 0x8EEB, 0x86CB,
    0x86CB, 0x86EB, 0x86CA, 0x86CA, 0x86CA, 0x86CA, 0x86CA, 0x86CA, 0x86CA, 0x7ECA, 0x7ECA, 0x7ECA, 0x7ECA, 0x7ECA, 0x7ECA, 0x7ECA,
    0x7EAA, 0x7EAA, 0x76AA, 0x76AA, 0x76A9, 0x76A9, 0x76A9, 0x76A9, 0x76A9, 0x76A9, 0x7689, 0x6E89, 0x6E8A, 0x6E8A, 0x6E8A, 0x6E8A,
    0x6E8A, 0x6E8A, 0x6E8A, 0x6E6A, 0x6E6A, 0x666A, 0x666A, 0x666A, 0x666A, 0x666A, 0x666A, 0x664A, 0x664A, 0x664A, 0x5E4A, 0x5E4A,
    0x5E4A, 0x5E4A, 0x5E4A, 0x5E4A, 0x5E2A, 0x5E2A, 0x5E2A, 0x5E2A, 0x562A, 0x562A, 0x562A, 0x562A, 0x560A, 0x560A, 0x560A, 0x560A,
    0x560A, 0x560A, 0x4E0A, 0x4E0A, 0x4E0A, 0x4DEA, 0x4DEA, 0x4DEA, 0x4DEA, 0x4DEA, 0x4DEB, 0x45CA, 0x560C, 0xEFDE, 0xA6F5, 0x3DA9,
    0x3589, 0x3DA9, 0x35A9, 0x2D89, 0x4DCC, 0xE79C, 0xAEF7, 0x2D69, 0x3DAB, 0x3D8B, 0x3D8B, 0x3D8B, 0x3D8B, 0x356B, 0x356B, 0x356B,
    0x356B, 0x356B, 0x354A, 0x354A, 0x354A, 0x354B, 0x2D2A, 0x2D2A, 0x2D2A, 0x2D2A, 0x2D0A, 0x2D0A, 0x2D0A, 0x2CEA, 0x24EA, 0x24EA,
    0x24EA, 0x24CA, 0x24CA, 0x24CA, 0x24AA, 0x24AA, 0x24AA, 0x1C8A, 0x1C8A, 0x1C8A, 0x1C8A, 0x1C6A, 0x1C6A, 0x1C4A, 0x1C4A, 0x144A,
    0x144A, 0x1429, 0x1429, 0x1429, 0x1409, 0x1409, 0x13E9, 0x13E9, 0x13E9, 0x13C9, 0x0BC9, 0x0BC9, 0x0BA9, 0x0BA9, 0x0BA9, 0x0B89,
    0x0B89, 0x0B88, 0x0B88, 0x0B88, 0x0B88, 0x0B88, 0x0B88, 0x0B88, 0x0B88, 0x0B88, 0x0B88, 0x0B88, 0x0B88, 0x0B88, 0x0B88, 0x0B88,
    0x958B, 0x958B, 0x956A, 0x956A, 0x956A, 0x956A, 0x956A, 0x956A, 0x956A, 0x8D6A, 0x8D6A, 0x8D6A, 0x8D6A, 0x8D6A, 0x8D6A, 0x8D6A,
    0x8D8A, 0x8D8A, 0x8D8A, 0x95AA, 0x95AA, 0x95CA, 0x95CB, 0x95CB, 0x95EB, 0x95EB, 0x95EB, 0x960B, 0x960B, 0x960B, 0x960B, 0x962B,
    0x962B, 0x962B, 0x962B, 0x964B, 0x964B, 0x964B, 0x964B, 0x966B, 0x966B, 0x966B, 0x966B, 0x966B, 0x968B, 0x968B, 0x968B, 0x968B,
    0x968B, 0x968B, 0x96AB, 0x96AB, 0x96AB, 0x96AB, 0x96AB, 0x96AC, 0x8EAA, 0xB712, 0xFFBF, 0xCF57, 0x8EAA, 0x96CB, 0x96CB, 0x96CB,
    0x96CB, 0x96CB, 0x96CB, 0x8EEB, 0x8EEB, 0x8EEB, 0x8EEB, 0x8EEB, 0x8ECB, 0x8EEB, 0x8EEB, 0x8ECB, 0x8EEB, 0x8EEB, 0x86CB, 0x86EB,
    0x86EB, 0x86EA, 0x86CA, 0x86CA, 0x86CA, 0x86CA, 0x86CA, 0x86CA, 0x7ECA, 0x7ECA, 0x7ECA, 0x7ECA, 0x7ECA, 0x7ECA, 0x7ECA, 0x7EAA,
    0x7EAA, 0x76AA, 0x76AA, 0x76A9, 0x76A9, 0x76A9, 0x76A9, 0x76A9, 0x76A9, 0x7689, 0x6E89, 0x6E8A, 0x6E8A, 0x6E8A, 0x6E8A, 0x6E8A,
    0x6E8A, 0x6E8A, 0x6E6A, 0x6E6A, 0x666A, 0x666A, 0x666A, 0x666A, 0x666A, 0x666A, 0x664A, 0x664A, 0x664A, 0x5E4A, 0x5E4A, 0x5E4A,
    0x5E4A, 0x5E4A, 0x5E4A, 0x5E2A, 0x5E2A, 0x5E2A, 0x5E2A, 0x562A, 0x562A, 0x562A, 0x562A, 0x560A, 0x560A, 0x560A, 0x560A, 0x560A,
    0x560A, 0x4E0A, 0x4E0A, 0x4E0A, 0x4DEA, 0x4DEA, 0x4DEA, 0x4DEA, 0x4DEA, 0x4DEA, 0x45EA, 0x4DEB, 0x3DCA, 0x5E0D, 0xDF9C, 0xE7BC,
    0x9ED4, 0x7E71, 0x7E71, 0xAF17, 0xEFDD, 0xAEF6, 0x358A, 0x3DAB, 0x3D8B, 0x3D8B, 0x3D8B, 0x3D8B, 0x3D6B, 0x356B, 0x356B, 0x356B,
    0x356B, 0x354B, 0x354B, 0x354A, 0x354A, 0x2D2B, 0x2D2B, 0x2D2A, 0x2D2A, 0x2D2B, 0x2D0A, 0x2D0A, 0x2D0A, 0x24EA, 0x24EA, 0x24EA,
    0x24EA, 0x24CA, 0x24CA, 0x24CA, 0x24AA, 0x24AA, 0x1CAA, 0x1C8A, 0x1C8A, 0x1C8A, 0x1C8A, 0x1C6A, 0x1C6A, 0x1C6A, 0x1C4A, 0x144A,
    0x144A, 0x1429, 0x1429, 0x1409, 0x1409, 0x1409, 0x1409, 0x13E9, 0x13E9, 0x0BE9, 0x0BC9, 0x0BC9, 0x0BA9, 0x0BA9, 0x0BA9, 0x0BA9,
    0x0B89, 0x0B88, 0x0B88, 0x0B88, 0x0B88, 0x0B88, 0x0B88, 0x0B88, 0x0B88, 0x0B88, 0x0B88, 0x0B88, 0x0B88, 0x0B88, 0x0B88, 0x0B88,
    0x958B, 0x956A, 0x956A, 0x956A, 0x956A, 0x956A, 0x956A, 0x956A, 0x956A, 0x8D6A, 0x8D6A, 0x8D6A, 0x8D6A, 0x8D6A, 0x8D6A, 0x8D6A,
    0x8D8A, 0x8D8A, 0x8DAA, 0x95AA, 0x95AA, 0x95CA, 0x95CB, 0x95EB, 0x95EB, 0x95EB, 0x95EB, 0x960B, 0x960B, 0x960B, 0x960B, 0x962B,
    0x962B, 0x962B, 0x962B, 0x964B, 0x964B, 0x964B, 0x966B, 0x966B, 0x966B, 0x966B, 0x966B, 0x966B, 0x968B, 0x968B, 0x968B, 0x968B,
    0x968B, 0x96AB, 0x96AB, 0x96AB, 0x96AB, 0x96AB, 0x96AB, 0x96AB, 0x96AB, 0x96CB, 0xEF9D, 0xAF10, 0x8ECA, 0x96CB, 0x96CB, 0x96CB,
    0x96CB, 0x96CB, 0x8EEB, 0x8EEB, 0x8EEB, 0x8EEB, 0x8EEB, 0x8ECB, 0x8EEB, 0x8EEB, 0x8EEB, 0x8EEB, 0x8EEB, 0x86EB, 0x86EB, 0x86EB,
    0x86EA, 0x86CA, 0x86CA, 0x86CA, 0x86CA, 0x86CA, 0x86CA, 0x7ECA, 0x7ECA, 0x7ECA, 0x7ECA, 0x7ECA, 0x7ECA, 0x7ECA, 0x7EAA, 0x7EAA,
    0x76AA, 0x76AA, 0x76A9, 0x76A9, 0x76A9, 0x76A9, 0x76A9, 0x76A9, 0x76A9, 0x6E89, 0x6E8A, 0x6E8A, 0x6E8A, 0x6E8A, 0x6E8A, 0x6E8A,
    0x6E8A, 0x6E6A, 0x6E6A, 0x666A, 0x666A, 0x666A, 0x666A, 0x666A, 0x666A, 0x664A, 0x664A, 0x664A, 0x5E4A, 0x5E4A, 0x5E4A, 0x5E4A,
    0x5E4A, 0x5E4A, 0x5E2A, 0x5E2A, 0x5E2A, 0x5E2A, 0x562A, 0x562A, 0x562A, 0x562A, 0x560A, 0x560A, 0x560A, 0x560A, 0x560A, 0x560A,
    0x4E0A, 0x4E0A, 0x4E0A, 0x4DEA, 0x4DEA, 0x4DEA, 0x4DEA, 0x4DEA, 0x4DEA, 0x45EA, 0x45EA, 0x45CA, 0x45EB, 0x3DCA, 0x45CA, 0x8EB3,
    0xCF7A, 0xDF9C, 0xDF9C, 0xB718, 0x6E2F, 0x3589, 0x3DAB, 0x3DAB, 0x3D8B, 0x3D8B, 0x3D8B, 0x3D8B, 0x356B, 0x356B, 0x356B, 0x356B,
    0x356B, 0x354B, 0x354B, 0x354B, 0x2D4B, 0x2D2B, 0x2D2B, 0x2D2B, 0x2D2A, 0x2D0A, 0x2D0B, 0x2D0A, 0x250A, 0x24EA, 0x24EA, 0x24EA,
    0x24EA, 0x24CA, 0x24CA, 0x24CA, 0x24AA, 0x1CAA, 0x1CAA, 0x1C8A, 0x1C8A, 0x1C8A, 0x1C8A, 0x1C6A, 0x1C6A, 0x1C6A, 0x144A, 0x144A,
    0x144A, 0x142A, 0x142A, 0x142A, 0x1409, 0x1409, 0x1409, 0x13E9, 0x0BE9, 0x0BE9, 0x0BC9, 0x0BC9, 0x0BA9, 0x0BA9, 0x0BA9, 0x0BA9,
    0x0B89, 0x0B89, 0x0B88, 0x0B88, 0x0B88, 0x0B88, 0x0B88, 0x0B88, 0x0B88, 0x0B88, 0x0B88, 0x0B88, 0x0B88, 0x0B88, 0x0B88, 0x0B88,
    0x956A, 0x956A, 0x956A, 0x956A, 0x956A, 0x956A, 0x956A, 0x956A, 0x8D6A, 0x8D6A, 0x8D6A, 0x8D6A, 0x8D6A, 0x8D6A, 0x8D6A, 0x8D8A,
    0x8D8A, 0x8D8A, 0x8DAA, 0x95AA, 0x95AA, 0x95CA, 0x95CB, 0x95EB, 0x95EB, 0x95EB, 0x960B, 0x960B, 0x960B, 0x960B, 0x960B, 0x962B,
    0x962B, 0x962B, 0x964B, 0x964B, 0x964B, 0x964B, 0x966B, 0x966B, 0x966B, 0x966B, 0x966B, 0x968B, 0x968B, 0x968B, 0x968B, 0x968B,
    0x96AB, 0x96AB, 0x96AB, 0x96AB, 0x96AB, 0x96AB, 0x96AB, 0x96AB, 0x96CB, 0x96AB, 0xAF10, 0x96CC, 0x96CB, 0x96CB, 0x96CB, 0x96CB,
    0x96CB, 0x8EEB, 0x8EEB, 0x8EEB, 0x8EEB, 0x8EEB, 0x8ECB, 0x8EEB, 0x8EEB, 0x8EEB, 0x8EEB, 0x8EEB, 0x86EB, 0x86EB, 0x86EB, 0x86EA,
    0x86CA, 0x86CA, 0x86CA, 0x86CA, 0x86CA, 0x86CA, 0x7ECA, 0x7ECA, 0x7ECA, 0x7ECA, 0x7ECA, 0x7ECA, 0x7ECA, 0x7EAA, 0x7EAA, 0x76AA,
    0x76AA, 0x76A9, 0x76A9, 0x76A9, 0x76A9, 0x76A9, 0x76A9, 0x76A9, 0x6E89, 0x6E8A, 0x6E8A, 0x6E8A, 0x6E8A, 0x6E8A, 0x6E8A, 0x6E8A,
    0x6E6A, 0x6E6A, 0x666A, 0x666A, 0x666A, 0x666A, 0x666A, 0x666A, 0x664A, 0x664A, 0x664A, 0x5E4A, 0x5E4A, 0x5E4A, 0x5E4A, 0x5E4A,
    0x5E4A, 0x5E2A, 0x5E2A, 0x5E2A, 0x5E2A, 0x562A, 0x562A, 0x562A, 0x562A, 0x560A, 0x560A, 0x560A, 0x560A, 0x560A, 0x560A, 0x4E0A,
    0x4E0A, 0x4DEA, 0x4DEA, 0x4DEA, 0x4DEA, 0x4DEA, 0x4DEA, 0x4DEA, 0x45EA, 0x45EA, 0x45CB, 0x45CB, 0x45CB, 0x45CB, 0x45CB, 0x35A9,
    0x35A9, 0x3DAA, 0x3DAA, 0x2D89, 0x358A, 0x3DAB, 0x3DAB, 0x3DAB, 0x3DAB, 0x3D8B, 0x3D8B, 0x358B, 0x356B, 0x356B, 0x356B, 0x356B,
    0x356B, 0x354B, 0x354B, 0x2D4B, 0x2D4B, 0x2D4B, 0x2D2B, 0x2D2B, 0x2D2A, 0x354C, 0x2D2B, 0x2D0A, 0x250A, 0x250A, 0x24EA, 0x24EA,
    0x24EA, 0x24CA, 0x24CA, 0x24CA, 0x24AA, 0x1CAA, 0x1CAA, 0x1CAA, 0x1C8A, 0x1C8A, 0x1C8A, 0x1C6A, 0x1C6A, 0x146A, 0x144A, 0x144A,
    0x144A, 0x142A, 0x142A, 0x142A, 0x140A, 0x1409, 0x1409, 0x0BE9, 0x0BE9, 0x0BE9, 0x0BC9, 0x0BC9, 0x0BC9, 0x0BA9, 0x0BA9, 0x0BA9,
    0x0B89, 0x0B89, 0x0B89, 0x0B88, 0x0B88, 0x0B88, 0x0B88, 0x0B88, 0x0B88, 0x0B88, 0x0B88, 0x0B88, 0x0B88, 0x0B88, 0x0B88, 0x0B88,
    0x956A, 0x956A, 0x956A, 0x956A, 0x956A, 0x956A, 0x956A, 0x8D6A, 0x8D6A, 0x8D6A, 0x8D6A, 0x8D6A, 0x8D6A, 0x8D6A, 0x8D8A, 0x8D8A,
    0x8D8A, 0x8DAA, 0x8DAA, 0x95AA, 0x95CA, 0x95CA, 0x95CB, 0x95EB, 0x95EB, 0x95EB, 0x960B, 0x960B, 0x960B, 0x960B, 0x962B, 0x962B,
    0x962B, 0x962B, 0x964B, 0x964B, 0x964B, 0x966B, 0x966B, 0x966B, 0x966B, 0x966B, 0x966B, 0x968B, 0x968B, 0x968B, 0x968B, 0x96AB,
    0x96AB, 0x96AB, 0x96AB, 0x96AB, 0x96AB, 0x96AB, 0x96AB, 0x96CB, 0x96CB, 0x96CB, 0x8ECB, 0x96CB, 0x96CB, 0x96CB, 0x96CB, 0x96CB,
    0x8EEB, 0x8ECB, 0x8EEB, 0x8EEB, 0x8ECB, 0x8ECB, 0x8EEB, 0x8EEB, 0x8EEB, 0x8EEB, 0x8EEB, 0x86EB, 0x86EB, 0x86EB, 0x86EA, 0x86CA,
    0x86CA, 0x86CA, 0x86CA, 0x86CA, 0x86CA, 0x7ECA, 0x7ECA, 0x7ECA, 0x7ECA, 0x7ECA, 0x7ECA, 0x7ECA, 0x7EAA, 0x7EAA, 0x76AA, 0x76AA,
    0x76A9, 0x76A9, 0x76A9, 0x76A9, 0x76A9, 0x76A9, 0x76A9, 0x6E89, 0x6E89, 0x6E8A, 0x6E8A, 0x6E8A, 0x6E8A, 0x6E8A, 0x6E8A, 0x6E6A,
    0x6E6A, 0x666A, 0x666A, 0x666A, 0x666A, 0x666A, 0x666A, 0x666A, 0x664A, 0x664A, 0x5E4A, 0x5E4A, 0x5E4A, 0x5E4A, 0x5E4A, 0x5E4A,
    0x5E2A, 0x5E2A, 0x5E2A, 0x5E2A, 0x562A, 0x562A, 0x562A, 0x562A, 0x560A, 0x560A, 0x560A, 0x560A, 0x560A, 0x560A, 0x4E0A, 0x4E0A,
    0x4DEA, 0x4DEA, 0x4DEA, 0x4DEA, 0x4DEA, 0x4DEA, 0x4DEA, 0x45EA, 0x45EA, 0x45CB, 0x45CB, 0x45CB, 0x45CB, 0x45CB, 0x45CB, 0x45CB,
    0x45CB, 0x3DAB, 0x3DAB, 0x45CB, 0x3DAB, 0x3DAB, 0x3DAB, 0x3DAB, 0x3D8B, 0x3D8B, 0x358B, 0x358B, 0x356B, 0x356B, 0x356B, 0x356B,
    0x356B, 0x356B, 0x354B, 0x2D4B, 0x2D4B, 0x2D4B, 0x2D2B, 0x2D2B, 0x250A, 0xB6D8, 0x558E, 0x1CEA, 0x2D0B, 0x24EA, 0x24EB, 0x24EA,
    0x24EA, 0x24CA, 0x24CA, 0x24CA, 0x1CAA, 0x1CAA, 0x1CAA, 0x1CAA, 0x1C8A, 0x1C8A, 0x1C8A, 0x1C6A, 0x1C6A, 0x146A, 0x144A, 0x144A,
    0x144A, 0x142A, 0x142A, 0x142A, 0x140A, 0x1409, 0x0C0A, 0x0BE9, 0x0BE9, 0x0BE9, 0x0BC9, 0x0BC9, 0x0BC9, 0x0BA9, 0x0BA9, 0x0BA9,
    0x0BA9, 0x0B89, 0x0B89, 0x0B88, 0x0B88, 0x0B88, 0x0B88, 0x0B88, 0x0B88, 0x0B88, 0x0B88, 0x0B88, 0x0B88, 0x0B88, 0x0B88, 0x0B88,
    0x956A, 0x956A, 0x956A, 0x956A, 0x956A, 0x8D6A, 0x8D6A, 0x8D6A, 0x8D6A, 0x8D6A, 0x8D6A, 0x8D6A, 0x8D6A, 0x8D6A, 0x8D8A, 0x8D8A,
    0x8D8A, 0x8DAA, 0x8DAA, 0x95AA, 0x95CA, 0x95CA, 0x95CB, 0x95EB, 0x95EB, 0x95EB, 0x960B, 0x960B, 0x960B, 0x960B, 0x962B, 0x962B,
    0x962B, 0x964B, 0x964B, 0x964B, 0x966B, 0x966B, 0x966B, 0x966B, 0x966B, 0x966B, 0x968B, 0x968B, 0x968B, 0x968B, 0x96AB, 0x96AB,
    0x96AB, 0x96AB, 0x96AB, 0x96AB, 0x96AB, 0x96AB, 0x96AB, 0x96CB, 0x96CB, 0x96CB, 0x96CB, 0x96CB, 0x96CB, 0x96CB, 0x96CB, 0x8EEB,
    0x8ECB, 0x8EEB, 0x8EEB, 0x8ECB, 0x8ECB, 0x8EEB, 0x8EEB, 0x8EEB, 0x8EEB, 0x8EEB, 0x86EB, 0x86EB, 0x86EA, 0x86EA, 0x86CA, 0x86CA,
    0x86CA, 0x86CA, 0x86CA, 0x7ECA, 0x7ECA, 0x7ECA, 0x7ECA, 0x7ECA, 0x7ECA, 0x7ECA, 0x7ECA, 0x7EAA, 0x76AA, 0x76AA, 0x76AA, 0x76A9,
    0x76A9, 0x76A9, 0x76A9, 0x76A9, 0x76A9, 0x7689, 0x6E89, 0x6E8A, 0x6E8A, 0x6E8A, 0x6E8A, 0x6E8A, 0x6E8A, 0x6E8A, 0x6E6A, 0x6E6A,
    0x666A, 0x666A, 0x666A, 0x666A, 0x666A, 0x666A, 0x664A, 0x664A, 0x664A, 0x5E4A, 0x5E4A, 0x5E4A, 0x5E4A, 0x5E4A, 0x5E4A, 0x5E2A,
    0x5E2A, 0x5E2A, 0x5E2A, 0x562A, 0x562A, 0x562A, 0x562A, 0x560A, 0x560A, 0x560A, 0x560A, 0x560A, 0x4E0A, 0x4E0A, 0x4E0A, 0x4DEA,
    0x4DEA, 0x4DEA, 0x4DEA, 0x4DEA, 0x4DEA, 0x4DEA, 0x45EA, 0x45EA, 0x45CB, 0x45CB, 0x45CB, 0x45CB, 0x45CB, 0x45CB, 0x45CB, 0x45CB,
    0x3DAB, 0x3DAB, 0x3DAB, 0x3DAB, 0x3DAB, 0x3DAB, 0x3DAB, 0x3D8B, 0x3D8B, 0x358B, 0x358B, 0x358B, 0x358B, 0x356B, 0x356B, 0x356B,
    0x356B, 0x354B, 0x2D4B, 0x2D4B, 0x2D4B, 0x2D4B, 0x354B, 0x250A, 0x458D, 0xFFDF, 0x9675, 0x14C9, 0x2D0B, 0x250B, 0x24EB, 0x24EB,
    0x24EA, 0x24CA, 0x24CA, 0x1CCA, 0x1CAA, 0x1CAA, 0x1CAA, 0x1CAA, 0x1C8A, 0x1C8A, 0x1C8A, 0x1C6A, 0x1C6A, 0x146A, 0x144A, 0x144A,
    0x144A, 0x142A, 0x142A, 0x142A, 0x140A, 0x140A, 0x0C0A, 0x0BE9, 0x0BE9, 0x0BE9, 0x0BC9, 0x0BC9, 0x0BC9, 0x0BC9, 0x0BA9, 0x0BA9,
    0x0BA9, 0x0B89, 0x0B89, 0x0B89, 0x0B88, 0x0B88, 0x0B88, 0x0B88, 0x0B88, 0x0B88, 0x0B88, 0x0B88, 0x0B88, 0x0B88, 0x0B88, 0x0B88,
    0x956A, 0x956A, 0x956A, 0x956A, 0x8D6A, 0x8D6A, 0x8D6A, 0x8D6A, 0x8D6A, 0x8D6A, 0x8D6A, 0x8D6A, 0x8D6A, 0x8D6A, 0x8D8A, 0x8D8A,
    0x8DAA, 0x8DAA, 0x8DAA, 0x95CA, 0x95CA, 0x95CB, 0x95EB, 0x95EB, 0x95EB, 0x960B, 0x960B, 0x960B, 0x960B, 0x962B, 0x962B, 0x962B,
    0x964B, 0x964B, 0x964B, 0x964B, 0x966B, 0x966B, 0x966B, 0x966B, 0x966B, 0x968B, 0x968B, 0x968B, 0x968B, 0x968B, 0x96AB, 0x96AB,
    0x96AB, 0x96AB, 0x96AB, 0x96AB, 0x96AB, 0x96AB, 0x96CB, 0x96CB, 0x96CB, 0x96CB, 0x96CB, 0x96CB, 0x96CB, 0x8ECB, 0x8EEB, 0x8ECB,
    0x8EEB, 0x8EEB, 0x8ECB, 0x8ECB, 0x8EEB, 0x8EEB, 0x8EEB, 0x8EEB, 0x8EEB, 0x86EB, 0x86EB, 0x86EA, 0x86CA, 0x86CA, 0x86CA, 0x86CA,
    0x86CA, 0x86CA, 0x7ECA, 0x7ECA, 0x7ECA, 0x7ECA, 0x7ECA, 0x7ECA, 0x7ECA, 0x7ECA, 0x7EAA, 0x76AA, 0x76AA, 0x76AA, 0x76A9, 0x76A9,
    0x76A9, 0x76A9, 0x76A9, 0x76A9, 0x7689, 0x6E89, 0x6E8A, 0x6E8A, 0x6E8A, 0x6E8A, 0x6E8A, 0x6E8A, 0x6E8A, 0x6E6A, 0x6E6A, 0x666A,
    0x666A, 0x666A, 0x666A, 0x666A, 0x666A, 0x664A, 0x664A, 0x664A, 0x5E4A, 0x5E4A, 0x5E4A, 0x5E4A, 0x5E4A, 0x5E2A, 0x5E2A, 0x5E2A,
    0x5E2A, 0x5E2A, 0x562A, 0x562A, 0x562A, 0x562A, 0x560A, 0x560A, 0x560A, 0x560A, 0x560A, 0x4E0A, 0x4E0A, 0x4E0A, 0x4DEA, 0x4DEA,
    0x4DEA, 0x4DEA, 0x4DEA, 0x4DEA, 0x4DEA, 0x45EA, 0x45CA, 0x45CB, 0x45CB, 0x45CB, 0x45CB, 0x45CB, 0x45CB, 0x45CB, 0x45CB, 0x3DAB,
    0x3DAB, 0x3DAB, 0x3DAB, 0x3DAB, 0x3DAB, 0x3DAB, 0x3DAB, 0x3D8B, 0x358B, 0x358B, 0x358B, 0x358B, 0x356B, 0x356B, 0x356B, 0x356B,
    0x356B, 0x2D6B, 0x2D4B, 0x2D4B, 0x2D4B, 0x2D2A, 0x250A, 0x14E9, 0xA696, 0xFFDF, 0xE75C, 0x352C, 0x14C9, 0x1CEA, 0x24EB, 0x24EB,
    0x24EA, 0x24CA, 0x1CCB, 0x1CCA, 0x1CCA, 0x1CAA, 0x1CAA, 0x1CAA, 0x1C8A, 0x1C8A, 0x1C8A, 0x1C6A, 0x146A, 0x146A, 0x146A, 0x144A,
    0x144A, 0x142A, 0x142A, 0x142A, 0x140A, 0x0C0A, 0x0C0A, 0x0BEA, 0x0BE9, 0x0BE9, 0x0BE9, 0x0BC9, 0x0BC9, 0x0BC9, 0x0BA9, 0x0BA9,
    0x0BA9, 0x0BA9, 0x0B89, 0x0B89, 0x0B88, 0x0B88, 0x0B88, 0x0B88, 0x0B88, 0x0B88, 0x0B88, 0x0B88, 0x0B88, 0x0B88, 0x0B88, 0x0B88,
    0x956A, 0x956A, 0x956A, 0x8D6A, 0x8D6A, 0x8D6A, 0x8D6A, 0x8D6A, 0x8D6A, 0x8D6A, 0x8D6A, 0x8D6A, 0x8D6A, 0x8D8A, 0x8D8A, 0x8D8A,
    0x8DAA, 0x8DAA, 0x8DCA, 0x95CA, 0x95CA, 0x95EB, 0x95EB, 0x95EB, 0x960B, 0x960B, 0x960B, 0x960B, 0x962B, 0x962B, 0x962B, 0x962B,
    0x964B, 0x964B, 0x964B, 0x964B, 0x966B, 0x966B, 0x966B, 0x966B, 0x966B, 0x968B, 0x968B, 0x968B, 0x968B, 0x968B, 0x96AB, 0x96AB,
    0x96AB, 0x96AB, 0x96AB, 0x96AB, 0x96AB, 0x96CB, 0x96CB, 0x96CB, 0x96CB, 0x96CB, 0x96CB, 0x96CB, 0x96CB, 0x8ECB, 0x8ECB, 0x8EEB,
    0x8EEB, 0x8ECB, 0x8ECB, 0x8EEB, 0x8EEB, 0x8EEB, 0x8EEB, 0x8EEB, 0x86EB, 0x86EB, 0x86EA, 0x86CA, 0x86CA, 0x86CA, 0x86CA, 0x86CA,
    0x86CA, 0x86CA, 0x7ECA, 0x7ECA, 0x7ECA, 0x7ECA, 0x7ECA, 0x7ECA, 0x7ECA, 0x7EAA, 0x76AA, 0x76AA, 0x76AA, 0x76A9, 0x76A9, 0x76A9,
    0x76A9, 0x76A9, 0x76A9, 0x7689, 0x6E89, 0x6E8A, 0x6E8A, 0x6E8A, 0x6E8A, 0x6E8A, 0x6E8A, 0x6E6A, 0x6E6A, 0x666A, 0x666A, 0x666A,
    0x666A, 0x666A, 0x666A, 0x666A, 0x664A, 0x664A, 0x664A, 0x5E4A, 0x5E4A, 0x5E4A, 0x5E4A, 0x5E4A, 0x5E2A, 0x5E2A, 0x5E2A, 0x5E2A,
    0x5E2A, 0x562A, 0x562A, 0x562A, 0x562A, 0x560A, 0x560A, 0x560A, 0x560A, 0x560A, 0x4E0A, 0x4E0A, 0x4E0A, 0x4DEA, 0x4DEA, 0x4DEA,
    0x4DEA, 0x4DEA, 0x4DEA, 0x4DEA, 0x45EA, 0x45EA, 0x45CB, 0x45CB, 0x45CB, 0x45CB, 0x45CB, 0x45CB, 0x45CB, 0x3DCB, 0x3DAB, 0x3DAB,
    0x3DAB, 0x3DAB, 0x3DAB, 0x3DAB, 0x3DAB, 0x3DAB, 0x3D8B, 0x358B, 0x358B, 0x358B, 0x358B, 0x358B, 0x358B, 0x356B, 0x356B, 0x356B,
    0x2D6B, 0x2D4B, 0x2D4B, 0x2D4B, 0x2D4B, 0x356C, 0x65F0, 0xB6F8, 0xF7BE, 0xF79E, 0xF7BE, 0xD73B, 0x7E33, 0x3D4D, 0x24EB, 0x24EB,
    0x24EB, 0x24CB, 0x1CCB, 0x1CCB, 0x1CAA, 0x1CAA, 0x1CAA, 0x1CAA, 0x1C8A, 0x1C8A, 0x1C8A, 0x146A, 0x146A, 0x146A, 0x144A, 0x144A,
    0x144A, 0x142A, 0x142A, 0x142A, 0x0C0A, 0x0C0A, 0x0C0A, 0x0BEA, 0x0BE9, 0x0BE9, 0x0BE9, 0x0BC9, 0x0BC9, 0x0BC9, 0x0BC9, 0x0BA9,
    0x0BA9, 0x0BA9, 0x0B89, 0x0B89, 0x0B89, 0x0B88, 0x0B88, 0x0B88, 0x0B88, 0x0B88, 0x0B88, 0x0B88, 0x0B88, 0x0B88, 0x0B88, 0x0B88,
    0x956A, 0x956A, 0x8D6A, 0x8D6A, 0x8D6A, 0x8D6A, 0x8D6A, 0x8D6A, 0x8D6A, 0x8D6A, 0x8D6A, 0x8D6A, 0x8D6A, 0x8D8A, 0x8D8A, 0x8D8A,
    0x8DAA, 0x8DAA, 0x8DCA, 0x8DCA, 0x8DCA, 0x95EB, 0x95EB, 0x95EB, 0x960B, 0x960B, 0x960B, 0x960B, 0x962B, 0x962B, 0x962B, 0x962B,
    0x964B, 0x964B, 0x964B, 0x964B, 0x966B, 0x966B, 0x966B, 0x966B, 0x968B, 0x968B, 0x968B, 0x968B, 0x968B, 0x968B, 0x96AB, 0x96AB,
    0x96AB, 0x96AB, 0x96AB, 0x96AB, 0x96CB, 0x96CB, 0x96CB, 0x96CB, 0x96CB, 0x96CB, 0x96CB, 0x8ECB, 0x8ECB, 0x8ECB, 0x8EEB, 0x8EEB,
    0x8ECB, 0x8ECB, 0x8EEB, 0x8EEB, 0x8EEB, 0x8EEB, 0x8EEB, 0x8EEB, 0x86EB, 0x86EA, 0x86CA, 0x86CA, 0x86CA, 0x86CA, 0x86CA, 0x86CA,
    0x86CA, 0x7ECA, 0x7ECA, 0x7ECA, 0x7ECA, 0x7ECA, 0x7ECA, 0x7EAA, 0x7EAA, 0x7EAA, 0x76AA, 0x76AA, 0x76A9, 0x76A9, 0x76A9, 0x76A9,
    0x76A9, 0x76A9, 0x7689, 0x6E89, 0x6E8A, 0x6E8A, 0x6E8A, 0x6E8A, 0x6E8A, 0x6E8A, 0x6E6A, 0x6E6A, 0x666A, 0x666A, 0x666A, 0x666A,
    0x666A, 0x666A, 0x666A, 0x664A, 0x664A, 0x664A, 0x5E4A, 0x5E4A, 0x5E4A, 0x5E4A, 0x5E4A, 0x5E2A, 0x5E2A, 0x5E2A, 0x5E2A, 0x5E2A,
    0x562A, 0x562A, 0x562A, 0x562A, 0x560A, 0x560A, 0x560A, 0x560A, 0x560A, 0x4E0A, 0x4E0A, 0x4E0A, 0x4DEA, 0x4DEA, 0x4DEA, 0x4DEA,
    0x4DEA, 0x4DEA, 0x4DEA, 0x45EA, 0x45EA, 0x45CB, 0x45CB, 0x45CB, 0x45CB, 0x45CB, 0x45CB, 0x45CB, 0x45CB, 0x3DAB, 0x3DAB, 0x3DAB,
    0x3DAB, 0x3DAB, 0x3DAB, 0x3DAB, 0x3DAB, 0x3D8B, 0x358B, 0x358B, 0x358B, 0x358B, 0x358B, 0x358B, 0x356B, 0x356B, 0x356B, 0x2D6B,
    0x2D4B, 0x2D4B, 0x2D4B, 0x2D4B, 0x2D2B, 0x8653, 0xF7DF, 0xFFFF, 0xF7BE, 0xF7BE, 0xF79E, 0xFFDF, 0xFFFF, 0xB6D8, 0x352C, 0x1CEA,
    0x24EB, 0x1CCB, 0x1CCB, 0x1CCB, 0x1CAA, 0x1CAA, 0x1CAA, 0x1CAA, 0x1C8A, 0x1C8A, 0x148A, 0x146A, 0x146A, 0x146A, 0x144A, 0x144A,
    0x144A, 0x144A, 0x142A, 0x0C2A, 0x0C0A, 0x0C0A, 0x0C0A, 0x0C0A, 0x0BEA, 0x0BEA, 0x0BE9, 0x0BE9, 0x0BC9, 0x0BC9, 0x0BC9, 0x0BA9,
    0x0BA9, 0x0BA9, 0x0BA9, 0x0B89, 0x0B89, 0x0B88, 0x0B88, 0x0B88, 0x0B88, 0x0B88, 0x0B88, 0x0B88, 0x0B88, 0x0B88, 0x0B88, 0x0B88,
    0x956A, 0x8D6A, 0x8D6A, 0x8D6A, 0x8D6A, 0x8D6A, 0x8D6A, 0x8D6A, 0x8D6A, 0x8D6A, 0x8D6A, 0x8D6A, 0x8D6A, 0x8D8A, 0x8D8A, 0x8DAA,
    0x8DAA, 0x8DAA, 0x8DCA, 0x8DCA, 0x8DCA, 0x95EB, 0x95EB, 0x960B, 0x960B, 0x960B, 0x960B, 0x962B, 0x962B, 0x962B, 0x962B, 0x964B,
    0x964B, 0x964B, 0x964B, 0x966B, 0x966B, 0x966B, 0x966B, 0x968B, 0x968B, 0x968B, 0x968B, 0x968B, 0x968B, 0x96AB, 0x96AB, 0x96AB,
    0x96AB, 0x96AB, 0x96AB, 0x96AB, 0x96CB, 0x96CB, 0x96CB, 0x96CB, 0x96CB, 0x96CB, 0x8ECB, 0x8ECB, 0x8ECB, 0x8EEB, 0x8EEB, 0x8ECB,
    0x8ECB, 0x8EEB, 0x8EEB, 0x8EEB, 0x8EEB, 0x8EEB, 0x8EEB, 0x86EB, 0x86EA, 0x86CA, 0x86CA, 0x86CA, 0x86CA, 0x86CA, 0x86CA, 0x86CA,
    0x7ECA, 0x7ECA, 0x7ECA, 0x7ECA, 0x7ECA, 0x7ECA, 0x7EAA, 0x7EAA, 0x7EAA, 0x76AA, 0x76AA, 0x76A9, 0x76A9, 0x76A9, 0x76A9, 0x76A9,
    0x76A9, 0x7689, 0x6E89, 0x6E8A, 0x6E8A, 0x6E8A, 0x6E8A, 0x6E8A, 0x6E8A, 0x6E6A, 0x6E6A, 0x666A, 0x666A, 0x666A, 0x666A, 0x666A,
    0x666A, 0x666A, 0x664A, 0x664A, 0x664A, 0x5E4A, 0x5E4A, 0x5E4A, 0x5E4A, 0x5E4A, 0x5E2A, 0x5E2A, 0x5E2A, 0x5E2A, 0x5E2A, 0x562A,
    0x562A, 0x562A, 0x562A, 0x560A, 0x560A, 0x560A, 0x560A, 0x560A, 0x4E0A, 0x4E0A, 0x4E0A, 0x4DEA, 0x4DEA, 0x4DEA, 0x4DEA, 0x4DEA,
    0x4DEA, 0x4DEA, 0x45EA, 0x45EA, 0x45CB, 0x45CB, 0x45CB, 0x45CB, 0x45CB, 0x45CB, 0x45CB, 0x45CB, 0x3DAB, 0x3DAB, 0x3DAB, 0x3DAB,
    0x3DAB, 0x3DAB, 0x3DAB, 0x3DAB, 0x3DAB, 0x358B, 0x358B, 0x358B, 0x358B, 0x358B, 0x358B, 0x356B, 0x356B, 0x356B, 0x356B, 0x2D6B,
    0x2D6B, 0x2D4B, 0x2D4B, 0x2D4B, 0x2D4B, 0x252A, 0x3D6D, 0x8E74, 0xEF9D, 0xF7BE, 0xFFBF, 0xB6D8, 0x4D8F, 0x24EB, 0x1CEB, 0x24EB,
    0x1CEB, 0x1CCB, 0x1CCB, 0x1CCB, 0x1CAB, 0x1CAB, 0x1CAB, 0x1CAA, 0x1C8A, 0x148A, 0x148A, 0x146A, 0x146A, 0x146A, 0x144A, 0x144A,
    0x144A, 0x144A, 0x0C2A, 0x0C2A, 0x0C2A, 0x0C0A, 0x0C0A, 0x0C0A, 0x0BEA, 0x0BEA, 0x0BEA, 0x0BE9, 0x0BC9, 0x0BC9, 0x0BC9, 0x0BC9,
    0x0BA9, 0x0BA9, 0x0BA9, 0x0B89, 0x0B89, 0x0B89, 0x0B88, 0x0B88, 0x0B88, 0x0B88, 0x0B88, 0x0B88, 0x0B88, 0x0B88, 0x0B88, 0x0B88,
    0x8D6A, 0x8D6A, 0x8D6A, 0x8D6A, 0x8D6A, 0x8D6A, 0x8D6A, 0x8D6A, 0x8D6A, 0x8D6A, 0x8D6A, 0x8D6A, 0x8D8A, 0x8D8A, 0x8D8A, 0x8DAA,
    0x8DAA, 0x8DAA, 0x8DCA, 0x8DCA, 0x8DCA, 0x95EB, 0x95EB, 0x960B, 0x960B, 0x960B, 0x960B, 0x962B, 0x962B, 0x962B, 0x962B, 0x964B,
    0x964B, 0x964B, 0x966B, 0x966B, 0x966B, 0x966B, 0x966B, 0x968B, 0x968B, 0x968B, 0x968B, 0x968B, 0x96AB, 0x96AB, 0x96AB, 0x96AB,
    0x96AB, 0x96AB, 0x96AB, 0x96CB, 0x96CB, 0x96CB, 0x96CB, 0x8ECB, 0x8ECB, 0x8ECB, 0x8ECB, 0x8ECB, 0x8EEB, 0x8EEB, 0x8ECB, 0x8ECB,
    0x8EEB, 0x8EEB, 0x8ECB, 0x8EEB, 0x8EEB, 0x8EEB, 0x86EB, 0x86EA, 0x86CA, 0x86CA, 0x86CA, 0x86CA, 0x86CA, 0x86CA, 0x86CA, 0x7ECA,
    0x7ECA, 0x7ECA, 0x7ECA, 0x7ECA, 0x7ECA, 0x7EAA, 0x7EAA, 0x7EAA, 0x76AA, 0x76AA, 0x76A9, 0x76A9, 0x76A9, 0x76A9, 0x76A9, 0x76A9,
    0x7689, 0x6E89, 0x6E8A, 0x6E8A, 0x6E8A, 0x6E8A, 0x6E8A, 0x6E8A, 0x6E8A, 0x6E6A, 0x666A, 0x666A, 0x666A, 0x666A, 0x666A, 0x666A,
    0x666A, 0x664A, 0x664A, 0x664A, 0x5E4A, 0x5E4A, 0x5E4A, 0x5E4A, 0x5E4A, 0x5E2A, 0x5E2A, 0x5E2A, 0x5E2A, 0x5E2A, 0x562A, 0x562A,
    0x562A, 0x562A, 0x560A, 0x560A, 0x560A, 0x560A, 0x560A, 0x4E0A, 0x4E0A, 0x4E0A, 0x4DEA, 0x4DEA, 0x4DEA, 0x4DEA, 0x4DEA, 0x4DEA,
    0x4DEA, 0x45EA, 0x45EA, 0x45CB, 0x45CB, 0x45CB, 0x45CB, 0x45CB, 0x45CB, 0x45CB, 0x45CB, 0x3DAB, 0x3DAB, 0x3DAB, 0x3DAB, 0x3DAB,
    0x3DAB, 0x3DAB, 0x3DAB, 0x3DAB, 0x3D8B, 0x358B, 0x358B, 0x358B, 0x358B, 0x358B, 0x358B, 0x356B, 0x356B, 0x356B, 0x2D6B, 0x2D6B,
    0x2D4B, 0x2D4B, 0x2D4B, 0x2D4B, 0x2D4B, 0x2D2B, 0x252B, 0x0CC8, 0x8654, 0xFFFF, 0xD75B, 0x1CEA, 0x14EA, 0x24EB, 0x24EB, 0x1CEB,
    0x1CEB, 0x1CCB, 0x1CCB, 0x1CCB, 0x1CCB, 0x1CAB, 0x1CAB, 0x1CAB, 0x1C8A, 0x148A, 0x148A, 0x146A, 0x146A, 0x146A, 0x146A, 0x144A,
    0x144A, 0x144A, 0x0C2A, 0x0C2A, 0x0C2A, 0x0C0A, 0x0C0A, 0x0C0A, 0x0C0A, 0x0BEA, 0x0BEA, 0x0BE9, 0x0BE9, 0x0BC9, 0x0BC9, 0x0BC9,
    0x0BA9, 0x0BA9, 0x0BA9, 0x0BA9, 0x0B89, 0x0B89, 0x0B88, 0x0B88, 0x0B88, 0x0B88, 0x0B88, 0x0B88, 0x0B88, 0x0B88, 0x0B88, 0x0B88,
    0x8D6A, 0x8D6A, 0x8D6A, 0x8D6A, 0x8D6A, 0x8D6A, 0x8D6A, 0x8D6A, 0x8D6A, 0x8D6A, 0x8D6A, 0x8D6A, 0x8D8A, 0x8D8A, 0x8D8A, 0x8DAA,
    0x8DAA, 0x8DCA, 0x8DCA, 0x8DCA, 0x8DEA, 0x95EB, 0x95EB, 0x960B, 0x960B, 0x960B, 0x962B, 0x962B, 0x962B, 0x962B, 0x964B, 0x964B,
    0x964B, 0x964B, 0x966B, 0x966B, 0x966B, 0x966B, 0x966B, 0x968B, 0x968B, 0x968B, 0x968B, 0x968B, 0x96AB, 0x96AB, 0x96AB, 0x96AB,
    0x96AB, 0x96AB, 0x96AB, 0x96CB, 0x96CB, 0x96CB, 0x8ECB, 0x8ECB, 0x8ECB, 0x8ECB, 0x8ECB, 0x8ECB, 0x8EEB, 0x8ECB, 0x8ECB, 0x8EEB,
    0x8EEB, 0x8ECB, 0x8EEB, 0x8EEB, 0x8EEB, 0x86EB, 0x86EA, 0x86CA, 0x86CA, 0x86CA, 0x86CA, 0x86CA, 0x86CA, 0x86CA, 0x7ECA, 0x7ECA,
    0x7ECA, 0x7ECA, 0x7ECA, 0x7ECA, 0x7EAA, 0x7EAA, 0x7EAA, 0x76AA, 0x76AA, 0x76A9, 0x76A9, 0x76A9, 0x76A9, 0x76A9, 0x76A9, 0x7689,
    0x6E89, 0x6E8A, 0x6E8A, 0x6E8A, 0x6E8A, 0x6E8A, 0x6E8A, 0x6E8A, 0x6E6A, 0x666A, 0x666A, 0x666A, 0x666A, 0x666A, 0x666A, 0x666A,
    0x664A, 0x664A, 0x664A, 0x5E4A, 0x5E4A, 0x5E4A, 0x5E4A, 0x5E4A, 0x5E2A, 0x5E2A, 0x5E2A, 0x5E2A, 0x5E2A, 0x562A, 0x562A, 0x562A,
    0x562A, 0x560A, 0x560A, 0x560A, 0x560A, 0x560A, 0x560A, 0x4E0A, 0x4E0A, 0x4DEA, 0x4DEA, 0x4DEA, 0x4DEA, 0x4DEA, 0x4DEA, 0x4DEA,
    0x45EA, 0x45EA, 0x45CB, 0x45CB, 0x45CB, 0x45CB, 0x45CB, 0x45CB, 0x45CB, 0x45CB, 0x3DAB, 0x3DAB, 0x3DAB, 0x3DAB, 0x3DAB, 0x3DAB,
    0x3DAB, 0x3DAB, 0x3DAB, 0x3D8B, 0x358B, 0x358B, 0x358B, 0x358B, 0x358B, 0x358B, 0x358B, 0x356B, 0x356B, 0x2D6B, 0x2D6B, 0x2D6B,
    0x2D6B, 0x2D4B, 0x2D4B, 0x2D4B, 0x2D4B, 0x252B, 0x2D2B, 0x252B, 0x354C, 0xFFDF, 0x8654, 0x14C9, 0x2D0B, 0x24EB, 0x1CEB, 0x1CEB,
    0x1CEB, 0x1CCB, 0x1CCB, 0x1CCB, 0x1CAB, 0x1CAB, 0x1CAB, 0x1CAB, 0x148B, 0x148B, 0x148A, 0x146A, 0x146A, 0x146A, 0x146A, 0x144A,
    0x144A, 0x144A, 0x0C2A, 0x0C2A, 0x0C2A, 0x0C0A, 0x0C0A, 0x0C0A, 0x0C0A, 0x0BEA, 0x0BEA, 0x0BE9, 0x0BE9, 0x0BC9, 0x0BC9, 0x0BC9,
    0x0BC9, 0x0BA9, 0x0BA9, 0x0BA9, 0x0B89, 0x0B89, 0x0B89, 0x0B88, 0x0B88, 0x0B88, 0x0B88, 0x0B88, 0x0B88, 0x0B88, 0x0B88, 0x0B88,
    0x8D6A, 0x8D6A, 0x8D6A, 0x8D6A, 0x8D6A, 0x8D6A, 0x8D6A, 0x8D6A, 0x8D6A, 0x8D6A, 0x8D6A, 0x8D8A, 0x8D8A, 0x8D8A, 0x8DAA, 0x8DAA,
    0x8DAA, 0x8DCA, 0x8DCA, 0x8DCA, 0x8DEA, 0x95EB, 0x960B, 0x960B, 0x960B, 0x960B, 0x962B, 0x962B, 0x962B, 0x962B, 0x964B, 0x964B,
    0x964B, 0x966B, 0x966B, 0x966B, 0x966B, 0x966B, 0x966B, 0x968B, 0x968B, 0x968B, 0x968B, 0x96AB, 0x96AB, 0x96AB, 0x96AB, 0x96AB,
    0x96AB, 0x96AB, 0x96CB, 0x96CB, 0x96CB, 0x8ECB, 0x8ECB, 0x8ECB, 0x8ECB, 0x8ECB, 0x8ECB, 0x8EEB, 0x8EEB, 0x8ECB, 0x8EEB, 0x8EEB,
    0x8ECB, 0x8EEB, 0x8EEB, 0x8EEB, 0x86EB, 0x86EA, 0x86CA, 0x86CA, 0x86CA, 0x86CA, 0x86CA, 0x86CA, 0x86CA, 0x7ECA, 0x7ECA, 0x7ECA,
    0x7ECA, 0x7ECA, 0x7ECA, 0x7EAA, 0x7EAA, 0x7EAA, 0x76AA, 0x76AA, 0x76A9, 0x76A9, 0x76A9, 0x76A9, 0x76A9, 0x76A9, 0x7689, 0x6E89,
    0x6E8A, 0x6E8A, 0x6E8A, 0x6E8A, 0x6E8A, 0x6E8A, 0x6E8A, 0x6E6A, 0x666A, 0x666A, 0x666A, 0x666A, 0x666A, 0x666A, 0x666A, 0x664A,
    0x664A, 0x664A, 0x5E4A, 0x5E4A, 0x5E4A, 0x5E4A, 0x5E4A, 0x5E4A, 0x5E2A, 0x5E2A, 0x5E2A, 0x562A, 0x562A, 0x562A, 0x562A, 0x562A,
    0x560A, 0x560A, 0x560A, 0x560A, 0x560A, 0x560A, 0x4E0A, 0x4E0A, 0x4DEA, 0x4DEA, 0x4DEA, 0x4DEA, 0x4DEA, 0x4DEA, 0x4DEA, 0x45EA,
    0x45CA, 0x45CB, 0x45CB, 0x45CB, 0x45CB, 0x45CB, 0x45CB, 0x45CB, 0x3DCB, 0x3DAB, 0x3DAB, 0x3DAB, 0x3DAB, 0x3DAB, 0x3DAB, 0x3DAB,
    0x3DAB, 0x3DAB, 0x3D8B, 0x358B, 0x358B, 0x358B, 0x358B, 0x358B, 0x358B, 0x358B, 0x356B, 0x356B, 0x2D6B, 0x2D6B, 0x2D6B, 0x2D6B,
    0x2D4B, 0x2D4B, 0x2D4B, 0x2D4B, 0x252B, 0x252B, 0x252B, 0x252B, 0x1CEA, 0x9695, 0x456E, 0x1CEA, 0x250B, 0x24EB, 0x1CEB, 0x1CEB,
    0x1CEB, 0x1CCB, 0x1CCB, 0x1CCB, 0x1CAB, 0x1CAB, 0x14AB, 0x14AB, 0x148B, 0x148B, 0x148A, 0x146A, 0x146A, 0x146A, 0x144A, 0x144A,
    0x144A, 0x0C4A, 0x0C2A, 0x0C2A, 0x0C2A, 0x0C2A, 0x0C0A, 0x0C0A, 0x0C0A, 0x0BEA, 0x0BEA, 0x0BEA, 0x0BE9, 0x0BE9, 0x0BC9, 0x0BC9,
    0x0BC9, 0x0BA9, 0x0BA9, 0x0BA9, 0x0BA9, 0x0B89, 0x0B89, 0x0B88, 0x0B88, 0x0B88, 0x0B88, 0x0B88, 0x0B88, 0x0B88, 0x0B88, 0x0B88,
    0x8D6A, 0x8D6A, 0x8D6A, 0x8D6A, 0x8D6A, 0x8D6A, 0x8D6A, 0x8D6A, 0x8D6A, 0x8D6A, 0x8D6A, 0x8D8A, 0x8D8A, 0x8D8A, 0x8DAA, 0x8DAA,
    0x8DCA, 0x8DCA, 0x8DCA, 0x8DEA, 0x8DEA, 0x8DEB, 0x960B, 0x960B, 0x960B, 0x962B, 0x962B, 0x962B, 0x962B, 0x962B, 0x964B, 0x964B,
    0x964B, 0x966B, 0x966B, 0x966B, 0x966B, 0x966B, 0x968B, 0x968B, 0x968B, 0x968B, 0x968B, 0x96AB, 0x96AB, 0x96AB, 0x96AB, 0x96AB,
    0x96AB, 0x96AB, 0x96CB, 0x96CB, 0x8ECB, 0x8ECB, 0x8ECB, 0x8ECB, 0x8ECB, 0x8ECB, 0x8EEB, 0x8ECB, 0x8ECB, 0x8ECB, 0x8EEB, 0x8ECB,
    0x8EEB, 0x8EEB, 0x8EEB, 0x86EB, 0x86EA, 0x86CA, 0x86CA, 0x86CA, 0x86CA, 0x86CA, 0x86CA, 0x86CA, 0x7ECA, 0x7ECA, 0x7ECA, 0x7ECA,
    0x7ECA, 0x7ECA, 0x7EAA, 0x7EAA, 0x7EAA, 0x76AA, 0x76A9, 0x76A9, 0x76A9, 0x76A9, 0x76A9, 0x76A9, 0x76A9, 0x7689, 0x6E89, 0x6E8A,
    0x6E8A, 0x6E8A, 0x6E8A, 0x6E8A, 0x6E8A, 0x6E6A, 0x6E6A, 0x666A, 0x666A, 0x666A, 0x666A, 0x666A, 0x666A, 0x666A, 0x664A, 0x664A,
    0x664A, 0x5E4A, 0x5E4A, 0x5E4A, 0x5E4A, 0x5E4A, 0x5E2A, 0x5E2A, 0x5E2A, 0x5E2A, 0x562A, 0x562A, 0x562A, 0x562A, 0x562A, 0x560A,
    0x560A, 0x560A, 0x560A, 0x560A, 0x560A, 0x4E0A, 0x4E0A, 0x4DEA, 0x4DEA, 0x4DEA, 0x4DEA, 0x4DEA, 0x4DEA, 0x4DEA, 0x4DEA, 0x45EB,
    0x45EB, 0x45CB, 0x45CB, 0x45CB, 0x45CB, 0x45CB, 0x45CB, 0x3DCB, 0x3DAB, 0x3DAB, 0x3DAB, 0x3DAB, 0x3DAB, 0x3DAB, 0x3DAB, 0x3DAB,
    0x3D8B, 0x3D8B, 0x358B, 0x358B, 0x358B, 0x358B, 0x358B, 0x358B, 0x358B, 0x356B, 0x356B, 0x2D6B, 0x2D6B, 0x2D6B, 0x2D6B, 0x2D4B,
    0x2D4B, 0x2D4B, 0x2D4B, 0x2D4B, 0x252B, 0x252B, 0x252B, 0x252B, 0x252B, 0x250B, 0x250B, 0x250B, 0x250B, 0x1CEB, 0x1CEB, 0x1CEB,
    0x1CEB, 0x1CCB, 0x1CCB, 0x1CCB, 0x1CAB, 0x14AB, 0x14AB, 0x14AB, 0x148B, 0x148B, 0x148B, 0x146A, 0x146B, 0x146A, 0x146A, 0x144A,
    0x0C4A, 0x0C4A, 0x0C2A, 0x0C2A, 0x0C2A, 0x0C2A, 0x0C0A, 0x0C0A, 0x0C0A, 0x0C0A, 0x0BEA, 0x0BEA, 0x0BE9, 0x0BE9, 0x0BC9, 0x0BC9,
    0x0BC9, 0x0BC9, 0x0BA9, 0x0BA9, 0x0BA9, 0x0B89, 0x0B89, 0x0B88, 0x0B88, 0x0B88, 0x0B88, 0x0B88, 0x0B88, 0x0B88, 0x0B88, 0x0B88,
    0x8D6A, 0x8D6A, 0x8D6A, 0x8D6A, 0x8D6A, 0x8D6A, 0x8D6A, 0x8D6A, 0x8D6A, 0x8D6A, 0x8D8A, 0x8D8A, 0x8D8A, 0x8DAA, 0x8DAA, 0x8DAA,
    0x8DCA, 0x8DCA, 0x8DCA, 0x8DEA, 0x8DEA, 0x8DEB, 0x8E0B, 0x960B, 0x960B, 0x962B, 0x962B, 0x962B, 0x962B, 0x962B, 0x964B, 0x964B,
    0x964B, 0x966B, 0x966B, 0x966B, 0x966B, 0x968B, 0x968B, 0x968B, 0x968B, 0x968B, 0x968B, 0x96AB, 0x96AB, 0x96AB, 0x96AB, 0x96AB,
    0x96AB, 0x96AB, 0x96CB, 0x8ECB, 0x8ECB, 0x8ECB, 0x8ECB, 0x8ECB, 0x8ECB, 0x8ECB, 0x8ECB, 0x8ECB, 0x8ECB, 0x8ECB, 0x8ECB, 0x8EEB,
    0x8EEB, 0x86CB, 0x86EB, 0x86EA, 0x86CA, 0x86CA, 0x86CA, 0x86CA, 0x86CA, 0x86CA, 0x86CA, 0x7ECA, 0x7ECA, 0x7ECA, 0x7ECA, 0x7ECA,
    0x7ECA, 0x7EAA, 0x7EAA, 0x76AA, 0x76AA, 0x76A9, 0x76A9, 0x76A9, 0x76A9, 0x76A9, 0x76A9, 0x76A9, 0x6E89, 0x6E89, 0x6E8A, 0x6E8A,
    0x6E8A, 0x6E8A, 0x6E8A, 0x6E8A, 0x6E6A, 0x6E6A, 0x666A, 0x666A, 0x666A, 0x666A, 0x666A, 0x666A, 0x666A, 0x664A, 0x664A, 0x664A,
    0x5E4A, 0x5E4A, 0x5E4A, 0x5E4A, 0x5E4A, 0x5E2A, 0x5E2A, 0x5E2A, 0x5E2A, 0x562A, 0x562A, 0x562A, 0x562A, 0x562A, 0x560A, 0x560A,
    0x560A, 0x560A, 0x560A, 0x4E0A, 0x4E0A, 0x4E0A, 0x4DEA, 0x4DEA, 0x4DEA, 0x4DEA, 0x4DEA, 0x4DEB, 0x4DEB, 0x4DCB, 0x45CA, 0x45CA,
    0x3DAA, 0x45AA, 0x45CB, 0x45CB, 0x45CB, 0x45CB, 0x3DCB, 0x3DAB, 0x3DAB, 0x3DAB, 0x3DAB, 0x3DAB, 0x3DAB, 0x3DAB, 0x3DAB, 0x3D8B,
    0x358B, 0x358B, 0x358B, 0x358B, 0x358B, 0x358B, 0x358B, 0x358B, 0x356B, 0x356B, 0x2D6B, 0x2D6B, 0x2D6B, 0x2D6B, 0x2D6B, 0x2D4B,
    0x2D4B, 0x2D4B, 0x2D4B, 0x2D4B, 0x252B, 0x252B, 0x252B, 0x252B, 0x252B, 0x250B, 0x250B, 0x250B, 0x1D0B, 0x1CEB, 0x1CEB, 0x1CEB,
    0x1CEB, 0x1CCB, 0x1CCB, 0x1CCB, 0x14AB, 0x14AB, 0x14AB, 0x14AB, 0x148B, 0x148B, 0x148B, 0x146B, 0x146B, 0x146B, 0x0C6A, 0x0C4A,
    0x0C4A, 0x0C4A, 0x0C2A, 0x0C2A, 0x0C2A, 0x0C2A, 0x0C2A, 0x0C0A, 0x0C0A, 0x0C0A, 0x0BEA, 0x0BEA, 0x0BEA, 0x0BE9, 0x0BE9, 0x0BC9,
    0x0BC9, 0x0BC9, 0x0BA9, 0x0BA9, 0x0BA9, 0x0BA9, 0x0B89, 0x0B88, 0x0B88, 0x0B88, 0x0B88, 0x0B88, 0x0B88, 0x0B88, 0x0B88, 0x0B88,
    0x8D6A, 0x8D6A, 0x8D6A, 0x8D6A, 0x8D6A, 0x8D6A, 0x8D6A, 0x854A, 0x8D6A, 0x8D6A, 0x8D8A, 0x8D8A, 0x8D8A, 0x8DAA, 0x8DAA, 0x8DAA,
    0x8DCA, 0x8DCA, 0x8DCA, 0x8DEA, 0x8DEA, 0x8DEB, 0x8E0B, 0x960B, 0x960B, 0x962B, 0x962B, 0x962B, 0x962B, 0x964B, 0x964B, 0x964B,
    0x966B, 0x966B, 0x966B, 0x966B, 0x966B, 0x966B, 0x968B, 0x968B, 0x968B, 0x968B, 0x96AB, 0x96AB, 0x96AB, 0x96AB, 0x96AB, 0x96AB,
    0x96AB, 0x8ECB, 0x8ECB, 0x8ECB, 0x8ECB, 0x8ECB, 0x8ECB, 0x8ECB, 0x8ECB, 0x8ECB, 0x8ECB, 0x8ECB, 0x8ECB, 0x8ECB, 0x8EEB, 0x86EB,
    0x86CB, 0x86EB, 0x86EA, 0x86CA, 0x86CA, 0x86CA, 0x86CA, 0x86CA, 0x86CA, 0x86CA, 0x7ECA, 0x7ECA, 0x7ECA, 0x7ECA, 0x7ECA, 0x7ECA,
    0x7EAA, 0x7EAA, 0x7EAA, 0x76AA, 0x76A9, 0x76A9, 0x76A9, 0x76A9, 0x76A9, 0x76A9, 0x76A9, 0x6E89, 0x6E89, 0x6E8A, 0x6E8A, 0x6E8A,
    0x6E8A, 0x6E8A, 0x6E8A, 0x6E6A, 0x6E6A, 0x666A, 0x666A, 0x666A, 0x666A, 0x666A, 0x666A, 0x666A, 0x664A, 0x664A, 0x664A, 0x5E4A,
    0x5E4A, 0x5E4A, 0x5E4A, 0x5E4A, 0x5E2A, 0x5E2A, 0x5E2A, 0x5E2A, 0x562A, 0x562A, 0x562A, 0x562A, 0x562A, 0x560A, 0x560A, 0x560A,
    0x560A, 0x560A, 0x560B, 0x560B, 0x4DEA, 0x4DEA, 0x4DEA, 0x4DEA, 0x4DEA, 0x4DEA, 0x4DCA, 0x45AA, 0x3D69, 0x3D69, 0x456A, 0x4D8B,
    0x55AC, 0x4D8B, 0x3569, 0x3D8A, 0x45AB, 0x3DAB, 0x3DAB, 0x3DAB, 0x3DAB, 0x3DAB, 0x3DAB, 0x3DAB, 0x3DAB, 0x3DAB, 0x3D8B, 0x358B,
    0x358B, 0x358B, 0x358B, 0x358B, 0x358B, 0x358B, 0x358B, 0x356B, 0x356B, 0x2D6B, 0x2D6B, 0x2D6B, 0x2D6B, 0x2D6B, 0x2D6B, 0x2D4B,
    0x2D4B, 0x2D4B, 0x2D4B, 0x254B, 0x252B, 0x252B, 0x252B, 0x252B, 0x252B, 0x250B, 0x250B, 0x1D0B, 0x1D0B, 0x1CEB, 0x1CEB, 0x1CEB,
    0x1CCB, 0x1CCB, 0x1CCB, 0x1CCB, 0x14AB, 0x14AB, 0x14AB, 0x14AB, 0x148B, 0x148B, 0x148B, 0x146B, 0x146B, 0x0C6B, 0x0C6A, 0x0C4A,
    0x0C4A, 0x0C4A, 0x0C2A, 0x0C2A, 0x0C2A, 0x0C2A, 0x0C2A, 0x0C0A, 0x0C0A, 0x0C0A, 0x0C0A, 0x0BEA, 0x0BEA, 0x0BE9, 0x0BE9, 0x0BC9,
    0x0BC9, 0x0BC9, 0x0BA9, 0x0BA9, 0x0BA9, 0x0BA9, 0x0B89, 0x0B89, 0x0B88, 0x0B88, 0x0B88, 0x0B88, 0x0B88, 0x0B88, 0x0B88, 0x0B88,
    0x8D6A, 0x8D6A, 0x8D6A, 0x8D6A, 0x8D6A, 0x8D6A, 0x856A, 0x854A, 0x8D6A, 0x8D6A, 0x8D8A, 0x8D8A, 0x8DAA, 0x8DAA, 0x8DAA, 0x8DAA,
    0x8DCA, 0x8DCA, 0x8DEA, 0x8DEA, 0x8DEA, 0x8E0B, 0x8E0B, 0x960B, 0x962B, 0x962B, 0x962B, 0x962B, 0x964B, 0x964B, 0x964B, 0x964B,
    0x966B, 0x966B, 0x966B, 0x966B, 0x966B, 0x968B, 0x968B, 0x968B, 0x968B, 0x968B, 0x96AB, 0x96AB, 0x96AB, 0x96AB, 0x8EAB, 0x96AB,
    0x8ECB, 0x8ECB, 0x8ECB, 0x8ECB, 0x8ECB, 0x8ECB, 0x8ECB, 0x8ECB, 0x8ECB, 0x8ECB, 0x8ECB, 0x8ECB, 0x8ECB, 0x8EEB, 0x86EB, 0x86CB,
    0x86EB, 0x86EA, 0x86CA, 0x86CA, 0x86CA, 0x86CA, 0x86CA, 0x86CA, 0x86CA, 0x7ECA, 0x7ECA, 0x7ECA, 0x7ECA, 0x7ECA, 0x7ECA, 0x7EAA,
    0x7EAA, 0x7EAA, 0x76AA, 0x76A9, 0x76A9, 0x76A9, 0x76A9, 0x76A9, 0x76A9, 0x76A9, 0x6E89, 0x6E89, 0x6E8A, 0x6E8A, 0x6E8A, 0x6E8A,
    0x6E8A, 0x6E8A, 0x6E6A, 0x6E6A, 0x666A, 0x666A, 0x666A, 0x666A, 0x666A, 0x666A, 0x666A, 0x664A, 0x664A, 0x664A, 0x5E4A, 0x5E4A,
    0x5E4A, 0x5E4A, 0x5E4A, 0x5E2A, 0x5E2A, 0x5E2A, 0x5E2A, 0x562A, 0x562A, 0x562A, 0x562A, 0x560A, 0x560A, 0x55EA, 0x45C9, 0x45A8,
    0x45A9, 0x4589, 0x3D88, 0x45A9, 0x4DEA, 0x4DEA, 0x4DEA, 0x4DEA, 0x4DEA, 0x4DEB, 0x3D89, 0x6E0F, 0xBF18, 0xCF5A, 0xDF7B, 0xE79D,
    0xF7DE, 0xEFBD, 0xAED6, 0x456A, 0x3D8A, 0x3DAB, 0x3DAB, 0x3DAB, 0x3DAB, 0x3DAB, 0x3DAB, 0x3DAB, 0x3DAB, 0x3D8B, 0x358B, 0x358B,
    0x358B, 0x358B, 0x358B, 0x358B, 0x358B, 0x356B, 0x356B, 0x356B, 0x2D6B, 0x2D6B, 0x2D6B, 0x2D6B, 0x2D6B, 0x2D6B, 0x2D4B, 0x2D4B,
    0x2D4B, 0x2D4B, 0x254B, 0x254B, 0x252B, 0x252B, 0x252B, 0x252B, 0x252B, 0x250B, 0x1D0B, 0x1D0B, 0x1D0B, 0x1CEB, 0x1CEB, 0x1CEB,
    0x1CEB, 0x1CCB, 0x1CCB, 0x14CB, 0x14CB, 0x14AB, 0x14AB, 0x14AB, 0x148B, 0x148B, 0x148B, 0x146B, 0x0C6B, 0x0C6B, 0x0C4B, 0x0C4A,
    0x0C4A, 0x0C4A, 0x0C4A, 0x0C2A, 0x0C2A, 0x0C2A, 0x0C2A, 0x0C2A, 0x0C0A, 0x0C0A, 0x0C0A, 0x0BEA, 0x0BEA, 0x0BEA, 0x0BE9, 0x0BC9,
    0x0BC9, 0x0BC9, 0x0BC9, 0x0BA9, 0x0BA9, 0x0BA9, 0x0BA9, 0x0B89, 0x0B88, 0x0B88, 0x0B88, 0x0B88, 0x0B88, 0x0B88, 0x0B88, 0x0B88,
    0x8D6A, 0x8D6A, 0x8D6A, 0x8D6A, 0x8D6A, 0x856A, 0x854A, 0x856A, 0x856A, 0x8D6A, 0x8D8A, 0x8D8A, 0x8DAA, 0x8DAA, 0x8DAA, 0x8DAA,
    0x8DCA, 0x8DCA, 0x8DEA, 0x8DEA, 0x8DEA, 0x8E0A, 0x8E0B, 0x8E0B, 0x8E2B, 0x962B, 0x962B, 0x962B, 0x964B, 0x964B, 0x964B, 0x966B,
    0x966B, 0x966B, 0x966B, 0x966B, 0x966B, 0x968B, 0x968B, 0x968B, 0x968B, 0x96AB, 0x96AB, 0x96AB, 0x96AB, 0x8EAB, 0x8EAB, 0x8EAB,
    0x8ECB, 0x8ECB, 0x8ECB, 0x8ECB, 0x8ECB, 0x8ECB, 0x8ECB, 0x8ECB, 0x8ECB, 0x8ECB, 0x8ECB, 0x8ECB, 0x8ECB, 0x86EB, 0x86CB, 0x86EB,
    0x86EA, 0x86CA, 0x86CA, 0x86CA, 0x86CA, 0x86CA, 0x86CA, 0x86CA, 0x7ECA, 0x7ECA, 0x7ECA, 0x7ECA, 0x7ECA, 0x7ECA, 0x7EAA, 0x7EAA,
    0x7EAA, 0x76AA, 0x76AA, 0x76A9, 0x76A9, 0x76A9, 0x76A9, 0x76A9, 0x76A9, 0x6E89, 0x6E89, 0x6E8A, 0x6E8A, 0x6E8A, 0x6E8A, 0x6E8A,
    0x6E8A, 0x6E6A, 0x6E6A, 0x666A, 0x666A, 0x666A, 0x666A, 0x666A, 0x666A, 0x666A, 0x664A, 0x664A, 0x664A, 0x664A, 0x5E4A, 0x5E4A,
    0x5E4A, 0x5E2A, 0x5E2A, 0x5609, 0x4DE9, 0x4DE8, 0x560A, 0x562A, 0x562A, 0x562A, 0x560A, 0x560A, 0x4DC9, 0x4DA9, 0x8650, 0xAED5,
    0xC738, 0xC738, 0xA6B5, 0x6DEE, 0x3D69, 0x45CA, 0x4DEA, 0x4DEA, 0x4DEA, 0x4DCB, 0x3548, 0x8631, 0xFFFF, 0xFFFF, 0xFFFF, 0xFFFF,
    0xFFFF, 0xFFFF, 0xFFFF, 0xB6D7, 0x3529, 0x3D8B, 0x3DAB, 0x3DAB, 0x3DAB, 0x3DAB, 0x3DAB, 0x3DAB, 0x3D8B, 0x3D8B, 0x358B, 0x358B,
    0x358B, 0x358B, 0x358B, 0x358B, 0x358B, 0x356B, 0x356B, 0x2D6B, 0x2D6B, 0x2D6B, 0x2D6B, 0x2D6B, 0x2D6B, 0x2D4B, 0x2D4B, 0x2D4B,
    0x2D4B, 0x254B, 0x254B, 0x254B, 0x252B, 0x252B, 0x252B, 0x252B, 0x250B, 0x1D0B, 0x1D0B, 0x1D0B, 0x1CEB, 0x1CEB, 0x1CEB, 0x1CEB,
    0x1CEB, 0x1CCB, 0x14CB, 0x14CB, 0x14AB, 0x14AB, 0x14AB, 0x14AB, 0x148B, 0x148B, 0x148B, 0x0C6B, 0x0C6B, 0x0C6B, 0x0C4B, 0x0C4B,
    0x0C4B, 0x0C4A, 0x0C4A, 0x0C2A, 0x0C2A, 0x0C2A, 0x0C2A, 0x0C2A, 0x0C0A, 0x0C0A, 0x0C0A, 0x0C0A, 0x0BEA, 0x0BEA, 0x0BE9, 0x0BE9,
    0x0BC9, 0x0BC9, 0x0BC9, 0x0BA9, 0x0BA9, 0x0BA9, 0x0BA9, 0x0B89, 0x0B89, 0x0B88, 0x0B88, 0x0B88, 0x0B88, 0x0B88, 0x0B88, 0x0B88,
    0x8D6A, 0x8D6A, 0x8D6A, 0x8D6A, 0x856A, 0x854A, 0x854A, 0x856A, 0x856A, 0x8D8A, 0x8D8A, 0x8D8A, 0x8DAA, 0x8DAA, 0x8DAA, 0x8DCA,
    0x8DCA, 0x8DCA, 0x8DEA, 0x8DEA, 0x8DEA, 0x8E0A, 0x8E0B, 0x8E0B, 0x8E2B, 0x962B, 0x8E2B, 0x8E2B, 0x964B, 0x964B, 0x964B, 0x964B,
    0x966B, 0x966B, 0x966B, 0x966B, 0x966B, 0x968B, 0x968B, 0x968B, 0x968B, 0x96AB, 0x8EAB, 0x96AB, 0x8EAB, 0x8EAB, 0x8EAB, 0x8EAB,
    0x8ECB, 0x8ECB, 0x8ECB, 0x8ECB, 0x8ECB, 0x8ECB, 0x8ECB, 0x8ECB, 0x8ECB, 0x8ECB, 0x8ECB, 0x8ECB, 0x86CB, 0x86CB, 0x86CB, 0x86EA,
    0x86CA, 0x86CA, 0x86CA, 0x86CA, 0x86CA, 0x86CA, 0x86CA, 0x7ECA, 0x7ECA, 0x7ECA, 0x7ECA, 0x7ECA, 0x7ECA, 0x7EAA, 0x7EAA, 0x7EAA,
    0x76AA, 0x76AA, 0x76A9, 0x76A9, 0x76A9, 0x76A9, 0x76A9, 0x76A9, 0x7689, 0x6E89, 0x6E8A, 0x6E8A, 0x6E8A, 0x6E8A, 0x6E8A, 0x6E8A,
    0x6E8A, 0x6E6A, 0x6E6A, 0x666A, 0x666A, 0x666A, 0x666A, 0x666A, 0x666A, 0x664A, 0x5E29, 0x5608, 0x5608, 0x5608, 0x5E2A, 0x5E2A,
    0x5E2A, 0x5E2A, 0x55EA, 0x6E0C, 0x7E4E, 0x8E91, 0x662C, 0x5609, 0x560A, 0x560A, 0x560A, 0x45A9, 0x65ED, 0xD75A, 0xFFFF, 0xFFFF,
    0xFFFF, 0xFFFF, 0xFFFF, 0xFFFF, 0xBEF7, 0x456A, 0x45AA, 0x4DCA, 0x45CA, 0x4DCA, 0x3528, 0x658E, 0xFFFF, 0xFFFF, 0xCEF9, 0x54CC,
    0x8DF2, 0xF7DE, 0xFFFF, 0xF7DE, 0x4D4C, 0x354A, 0x3DAB, 0x3DAB, 0x3DAB, 0x3DAB, 0x3DAB, 0x3D8B, 0x358B, 0x358B, 0x358B, 0x358B,
    0x358B, 0x358B, 0x358B, 0x358B, 0x356B, 0x356B, 0x2D6B, 0x2D6B, 0x2D6B, 0x2D6B, 0x2D6B, 0x2D6B, 0x2D4B, 0x2D4B, 0x2D4B, 0x2D4B,
    0x254B, 0x254B, 0x254B, 0x252B, 0x252B, 0x252B, 0x252B, 0x252B, 0x1D0B, 0x1D0B, 0x1D0B, 0x1D0B, 0x1CEB, 0x1CEB, 0x1CEB, 0x1CEB,
    0x1CEB, 0x1CCB, 0x14CB, 0x14CB, 0x14AB, 0x14AB, 0x14AB, 0x14AB, 0x148B, 0x148B, 0x148B, 0x0C6B, 0x0C6B, 0x0C6B, 0x0C6B, 0x0C4B,
    0x0C4B, 0x0C4A, 0x0C4A, 0x0C4A, 0x0C2A, 0x0C2A, 0x0C2A, 0x0C2A, 0x0C0A, 0x0C0A, 0x0C0A, 0x0C0A, 0x0BEA, 0x0BEA, 0x0BE9, 0x0BE9,
    0x0BC9, 0x0BC9, 0x0BC9, 0x0BA9, 0x0BA9, 0x0BA9, 0x0BA9, 0x0B89, 0x0B89, 0x0B88, 0x0B88, 0x0B88, 0x0B88, 0x0B88, 0x0B88, 0x0B88,
    0x8D6A, 0x8D6A, 0x8D6A, 0x856A, 0x854A, 0x854A, 0x854A, 0x856A, 0x856A, 0x8D8A, 0x8D8A, 0x8D8A, 0x8DAA, 0x8DAA, 0x8DAA, 0x8DCA,
    0x8DCA, 0x8DCA, 0x8DEA, 0x8DEA, 0x8DEA, 0x8E0A, 0x8E0B, 0x8E0B, 0x8E2B, 0x8E2B, 0x8E2B, 0x8E2B, 0x8E4B, 0x8E4B, 0x964B, 0x964B,
    0x966B, 0x966B, 0x966B, 0x966B, 0x968B, 0x968B, 0x8E8B, 0x8E8B, 0x968B, 0x8EAB, 0x8EAB, 0x8EAB, 0x8EAB, 0x8EAB, 0x8EAB, 0x8EAB,
    0x8ECB, 0x8ECB, 0x8ECB, 0x8ECB, 0x8ECB, 0x8ECB, 0x8ECB, 0x8ECB, 0x8ECB, 0x8ECB, 0x8ECB, 0x86CB, 0x86CB, 0x86CB, 0x86EA, 0x86CA,
    0x86CA, 0x86CA, 0x86CA, 0x86CA, 0x86CA, 0x86CA, 0x7ECA, 0x7ECA, 0x7ECA, 0x7ECA, 0x7ECA, 0x7ECA, 0x7EAA, 0x7EAA, 0x76AA, 0x76AA,
    0x76AA, 0x76A9, 0x76A9, 0x76A9, 0x76A9, 0x76A9, 0x76A9, 0x7689, 0x6E89, 0x6E8A, 0x6E8A, 0x6E8A, 0x6E8A, 0x6E8A, 0x6E6A, 0x6669,
    0x6649, 0x5E28, 0x5E28, 0x6649, 0x666A, 0x666A, 0x666A, 0x666A, 0x664A, 0x5E29, 0x6E4C, 0x866F, 0x9EB2, 0x9691, 0x55E9, 0x5E2A,
    0x5E2A, 0x55E9, 0x65EC, 0xF7DE, 0xFFFF, 0xF7DE, 0x5DCB, 0x4DE9, 0x560A, 0x560A, 0x4DA9, 0x65CC, 0xF7DE, 0xFFFF, 0xFFFF, 0xFFFF,
    0xFFFF, 0xFFFF, 0xFFFF, 0xFFFF, 0xFFFF, 0xC739, 0x3D49, 0x45AA, 0x45CA, 0x45AA, 0x3529, 0x552C, 0xF7DE, 0xFFFF, 0xBED8, 0x13A5,
    0x1384, 0xCF1A, 0xFFFF, 0xFFFF, 0x5D6E, 0x2D29, 0x3D8B, 0x3DAB, 0x3DAB, 0x3DAB, 0x3D8B, 0x358B, 0x358B, 0x358B, 0x358B, 0x358B,
    0x358B, 0x358B, 0x358B, 0x356B, 0x356B, 0x2D6B, 0x2D6B, 0x2D6B, 0x2D6B, 0x2D6B, 0x2D6B, 0x2D4B, 0x2D4B, 0x2D4B, 0x2D4B, 0x254B,
    0x254B, 0x254B, 0x252B, 0x252B, 0x252B, 0x252B, 0x252B, 0x252B, 0x1D0B, 0x1D0B, 0x1D0B, 0x1D0B, 0x1CEB, 0x1CEB, 0x1CEB, 0x1CEB,
    0x1CCB, 0x14CB, 0x14CB, 0x14CB, 0x14AB, 0x14AB, 0x14AB, 0x148B, 0x148B, 0x148B, 0x148B, 0x0C6B, 0x0C6B, 0x0C6B, 0x0C6B, 0x0C4B,
    0x0C4B, 0x0C4A, 0x0C4A, 0x0C4A, 0x0C2A, 0x0C2A, 0x0C2A, 0x0C2A, 0x0C2A, 0x0C0A, 0x0C0A, 0x0C0A, 0x0BEA, 0x0BEA, 0x0BEA, 0x0BE9,
    0x0BC9, 0x0BC9, 0x0BC9, 0x0BC9, 0x0BA9, 0x0BA9, 0x0BA9, 0x0B89, 0x0B89, 0x0B88, 0x0B88, 0x0B88, 0x0B88, 0x0B88, 0x0B88, 0x0B88,
    0x8D6A, 0x8D6A, 0x856A, 0x854A, 0x854A, 0x854A, 0x854A, 0x856A, 0x856A, 0x8D8A, 0x8D8A, 0x8DAA, 0x8DAA, 0x8DAA, 0x8DCA, 0x8DCA,
    0x8DCA, 0x8DEA, 0x8DEA, 0x8DEA, 0x8E0A, 0x8E0A, 0x8E0A, 0x8E0B, 0x8E2B, 0x8E2B, 0x8E2B, 0x8E4B, 0x8E4B, 0x8E4B, 0x964B, 0x8E6B,
    0x8E6B, 0x8E6B, 0x8E6B, 0x966B, 0x8E8B, 0x8E8B, 0x8E8B, 0x8E8B, 0x8EAB, 0x8EAB, 0x8EAB, 0x8EAB, 0x8EAB, 0x8EAB, 0x8EAB, 0x8ECB,
    0x8ECB, 0x8ECB, 0x8ECB, 0x8ECB, 0x8ECB, 0x8ECB, 0x8ECB, 0x8ECB, 0x8ECB, 0x8ECB, 0x86CB, 0x86CB, 0x86CB, 0x86EA, 0x86CA, 0x86CA,
    0x86CA, 0x86CA, 0x86CA, 0x86CA, 0x7ECA, 0x7ECA, 0x7ECA, 0x7ECA, 0x7ECA, 0x7ECA, 0x7ECA, 0x7EAA, 0x7EAA, 0x76AA, 0x76AA, 0x76AA,
    0x76A9, 0x76AA, 0x76AA, 0x76AA, 0x7689, 0x7689, 0x7689, 0x6E89, 0x6E8A, 0x6E8A, 0x6E8A, 0x6E8A, 0x6E8A, 0x6E6A, 0x6649, 0x662A,
    0x7E4C, 0x866E, 0x8EB0, 0x662A, 0x6629, 0x664A, 0x666A, 0x664A, 0x664A, 0x5608, 0x7E4E, 0xFFFF, 0xFFFF, 0xFFFF, 0x6E0D, 0x4DC8,
    0x5E0A, 0x4588, 0x8E51, 0xFFFF, 0xFFFF, 0xBEF7, 0x3D27, 0x55CA, 0x55EA, 0x55EA, 0x4548, 0xCF39, 0xFFFF, 0xFFFF, 0xEFBD, 0x85B1,
    0x4CAA, 0x54CB, 0xAE96, 0xFFFF, 0xFFFF, 0xFFFF, 0x8E32, 0x3548, 0x45CB, 0x45AA, 0x3D29, 0x44EA, 0xEFBD, 0xFFFF, 0xDF5B, 0x3428,
    0x6D2F, 0xEFBE, 0xFFFF, 0xF7DE, 0x44EB, 0x3529, 0x3D8B, 0x3DAB, 0x3DAB, 0x3D8B, 0x358B, 0x358B, 0x358B, 0x358B, 0x358B, 0x358B,
    0x358B, 0x358B, 0x356B, 0x356B, 0x2D6B, 0x2D6B, 0x2D6B, 0x2D6B, 0x2D6B, 0x2D6B, 0x2D4B, 0x2D4B, 0x2D4B, 0x2D4B, 0x254B, 0x254B,
    0x254B, 0x254B, 0x252B, 0x252B, 0x252B, 0x252B, 0x252B, 0x1D0B, 0x1D0B, 0x1D0B, 0x1D0B, 0x1D0B, 0x1CEB, 0x1CEB, 0x1CEB, 0x14EB,
    0x14CB, 0x14CB, 0x14CB, 0x14CB, 0x14AB, 0x14AB, 0x14AB, 0x148B, 0x148B, 0x0C8B, 0x0C8B, 0x0C6B, 0x0C6B, 0x0C6B, 0x0C6B, 0x0C6B,
    0x0C4B, 0x0C4B, 0x0C4A, 0x0C4A, 0x0C4A, 0x0C2A, 0x0C2A, 0x0C2A, 0x0C2A, 0x0C0A, 0x0C0A, 0x0C0A, 0x0C0A, 0x0BEA, 0x0BEA, 0x0BE9,
    0x0BE9, 0x0BC9, 0x0BC9, 0x0BC9, 0x0BA9, 0x0BA9, 0x0BA9, 0x0B89, 0x0B89, 0x0B89, 0x0B88, 0x0B88, 0x0B88, 0x0B88, 0x0B88, 0x0B88,
    0x8D6A, 0x854A, 0x854A, 0x854A, 0x854A, 0x854A, 0x854A, 0x856A, 0x856A, 0x858A, 0x858A, 0x8DAA, 0x8DAA, 0x8DAA, 0x8DCA, 0x8DCA,
    0x8DCA, 0x8DEA, 0x8DEA, 0x8DEA, 0x8E0A, 0x8E0A, 0x8E0A, 0x8E2B, 0x8E2B, 0x8E2B, 0x8E2B, 0x8E4B, 0x8E4B, 0x8E4B, 0x8E4B, 0x8E6B,
    0x8E6B, 0x8E6B, 0x8E6B, 0x8E6B, 0x8E8B, 0x8E8B, 0x8E8B, 0x8E8B, 0x8EAB, 0x8EAB, 0x8EAB, 0x8EAB, 0x8EAB, 0x8EAB, 0x8EAB, 0x8ECB,
    0x8ECB, 0x8ECB, 0x8ECB, 0x8ECB, 0x8ECB, 0x8ECB, 0x8ECB, 0x8ECB, 0x8ECB, 0x86CB, 0x86CB, 0x86CB, 0x86CA, 0x86CA, 0x86CA, 0x86CA,
    0x86CA, 0x86CA, 0x86CA, 0x7ECA, 0x7ECA, 0x7ECA, 0x7ECA, 0x7ECA, 0x7EAA, 0x7EAA, 0x7EAA, 0x7EAA, 0x76A9, 0x76AA, 0x76AA, 0x76A9,
    0x7689, 0x6E69, 0x6648, 0x6E48, 0x6E69, 0x6E89, 0x6E89, 0x6E8A, 0x6E8A, 0x6E8A, 0x6E8A, 0x6E8A, 0x6E6A, 0x6E6A, 0x5E08, 0x9691,
    0xFFFF, 0xFFFF, 0xFFFF, 0x9E92, 0x55C8, 0x664A, 0x664A, 0x664A, 0x5E2A, 0x5E0A, 0x4547, 0xBEF6, 0xFFFF, 0xFFFF, 0xC718, 0x4568,
    0x5DCA, 0x4547, 0xBEF7, 0xFFFF, 0xFFFF, 0x85F1, 0x3D07, 0x55CA, 0x55EA, 0x4589, 0x6DCD, 0xFFFF, 0xFFFF, 0xFFFF, 0x652D, 0x23E5,
    0x3467, 0x2C47, 0x23E5, 0xAE76, 0xFFFF, 0xFFFF, 0xD75A, 0x3D09, 0x45AA, 0x45AA, 0x3D49, 0x3CC9, 0xE77C, 0xFFFF, 0xFFFF, 0xE79D,
    0xFFFF, 0xFFFF, 0xF7DF, 0x8DF2, 0x2488, 0x3D4A, 0x3D8B, 0x3DAB, 0x3D8B, 0x358B, 0x358B, 0x358B, 0x358B, 0x358B, 0x358B, 0x358B,
    0x356B, 0x356B, 0x356B, 0x2D6B, 0x2D6B, 0x2D6B, 0x2D6B, 0x2D6B, 0x2D6B, 0x2D4B, 0x2D4B, 0x2D4B, 0x254B, 0x254B, 0x254B, 0x254B,
    0x254B, 0x252B, 0x252B, 0x252B, 0x252B, 0x252B, 0x1D2B, 0x1D0B, 0x1D0B, 0x1D0B, 0x1D0B, 0x1D0B, 0x1CEB, 0x1CEB, 0x14EB, 0x14EB,
    0x14CB, 0x14CB, 0x14CB, 0x14CB, 0x14AB, 0x14AB, 0x14AB, 0x148B, 0x0C8B, 0x0C8B, 0x0C8B, 0x0C6B, 0x0C6B, 0x0C6B, 0x0C6B, 0x0C6B,
    0x0C4B, 0x0C4B, 0x0C4A, 0x0C4A, 0x0C4A, 0x0C2A, 0x0C2A, 0x0C2A, 0x0C2A, 0x0C0A, 0x0C0A, 0x0C0A, 0x0C0A, 0x0BEA, 0x0BEA, 0x0BEA,
    0x0BE9, 0x0BC9, 0x0BC9, 0x0BC9, 0x0BC9, 0x0BA9, 0x0BA9, 0x0BA9, 0x0B89, 0x0B89, 0x0B88, 0x0B88, 0x0B88, 0x0B88, 0x0B88, 0x0B88,
    0x854A, 0x854A, 0x854A, 0x854A, 0x854A, 0x854A, 0x856A, 0x856A, 0x856A, 0x858A, 0x858A, 0x8DAA, 0x8DAA, 0x8DAA, 0x8DCA, 0x8DCA,
    0x8DCA, 0x8DEA, 0x8DEA, 0x8DEA, 0x8E0A, 0x8E0A, 0x8E0A, 0x8E2B, 0x8E2B, 0x8E2B, 0x8E2B, 0x8E4B, 0x8E4B, 0x8E4B, 0x8E4B, 0x8E6B,
    0x8E6B, 0x8E6B, 0x8E6B, 0x8E8B, 0x8E8B, 0x8E8B, 0x8E8B, 0x8E8B, 0x8EAB, 0x8EAB, 0x8EAB, 0x8EAB, 0x8EAB, 0x8EAB, 0x8EAB, 0x8ECB,
    0x8ECB, 0x8ECB, 0x8ECB, 0x8ECB, 0x8ECB, 0x8ECB, 0x8ECB, 0x8ECB, 0x86CB, 0x86CA, 0x86CB, 0x86CA, 0x86CA, 0x86CA, 0x86CA, 0x86CA,
    0x86CA, 0x86CA, 0x7ECA, 0x7ECA, 0x7ECA, 0x7EAA, 0x7689, 0x6E68, 0x6E48, 0x6E48, 0x6E48, 0x6E69, 0x7669, 0x7689, 0x76A9, 0x76AA,
    0x6E68, 0x8EAE, 0xCF57, 0xDF9A, 0xA6D1, 0x6628, 0x6E8A, 0x6E8A, 0x6E8A, 0x6E8A, 0x6E8A, 0x6E8A, 0x6E6A, 0x664A, 0x55A7, 0xC717,
    0xFFFF, 0xFFFF, 0xFFFF, 0xE79C, 0x5DA9, 0x5E09, 0x664A, 0x5E4A, 0x5E2A, 0x5E0A, 0x4D68, 0x5D4B, 0xF7DE, 0xFFFF, 0xFFFF, 0x6DCD,
    0x4548, 0x4D49, 0xE79C, 0xFFFF, 0xF7DE, 0x552B, 0x4548, 0x55CA, 0x55EA, 0x3D48, 0x8E31, 0xFFFF, 0xFFFF, 0xCF19, 0x2C46, 0x44E9,
    0x4509, 0x4509, 0x3487, 0x54EB, 0xFFFF, 0xFFFF, 0xF7BE, 0x4D2B, 0x3D69, 0x45AA, 0x3D6A, 0x34A8, 0xD73A, 0xFFFF, 0xFFFF, 0xFFFF,
    0xFFFF, 0xFFFF, 0x85D2, 0x13E6, 0x34EA, 0x354A, 0x3D8B, 0x3D8B, 0x358B, 0x358B, 0x358B, 0x358B, 0x358B, 0x358B, 0x358B, 0x356B,
    0x356B, 0x356B, 0x2D6B, 0x2D6B, 0x2D6B, 0x2D6B, 0x2D6B, 0x2D6B, 0x2D4B, 0x2D4B, 0x2D4B, 0x254B, 0x254B, 0x254B, 0x254B, 0x254B,
    0x252B, 0x252B, 0x252B, 0x252B, 0x252B, 0x1D2B, 0x1D0B, 0x1D0B, 0x1D0B, 0x1D0B, 0x1D0B, 0x1CEB, 0x1CEB, 0x14EB, 0x14EB, 0x14EB,
    0x14CB, 0x14CB, 0x14CB, 0x14AB, 0x14AB, 0x14AB, 0x14AB, 0x0C8B, 0x0C8B, 0x0C8B, 0x0C8B, 0x0C8B, 0x0C6B, 0x0C6B, 0x0C6B, 0x0C6B,
    0x0C6B, 0x0C4B, 0x0C4B, 0x0C4A, 0x0C4A, 0x0C4A, 0x0C2A, 0x0C2A, 0x0C2A, 0x0C2A, 0x0C0A, 0x0C0A, 0x0C0A, 0x0C0A, 0x0BEA, 0x0BEA,
    0x0BE9, 0x0BC9, 0x0BC9, 0x0BC9, 0x0BC9, 0x0BA9, 0x0BA9, 0x0BA9, 0x0B89, 0x0B89, 0x0B88, 0x0B88, 0x0B88, 0x0B88, 0x0B88, 0x0B88,
    0x854A, 0x854A, 0x854A, 0x854A, 0x854A, 0x854A, 0x856A, 0x856A, 0x858A, 0x858A, 0x858A, 0x85AA, 0x8DAA, 0x8DAA, 0x8DCA, 0x8DCA,
    0x8DCA, 0x8DEA, 0x8DEA, 0x8DEA, 0x8E0A, 0x8E0A, 0x8E0A, 0x8E2A, 0x8E2B, 0x8E2B, 0x8E2B, 0x8E4B, 0x8E4B, 0x8E4B, 0x8E6B, 0x8E6B,
    0x8E6B, 0x8E6B, 0x8E6B, 0x8E8B, 0x8E8B, 0x8E8B, 0x8E8B, 0x8E8B, 0x8EAB, 0x8EAB, 0x8EAB, 0x8EAB, 0x8EAB, 0x8EAB, 0x8EAB, 0x8ECB,
    0x8ECB, 0x8ECB, 0x8ECB, 0x8ECB, 0x8ECB, 0x8ECB, 0x86CB, 0x86CB, 0x86CA, 0x86CB, 0x86CA, 0x86CA, 0x86CA, 0x86CA, 0x86CA, 0x86CA,
    0x86CA, 0x7ECA, 0x7ECA, 0x7ECA, 0x7EAA, 0x7689, 0x96AE, 0xAEF2, 0xB714, 0xC736, 0xD758, 0xDF9A, 0xC756, 0x6E48, 0x7689, 0x768A,
    0x6607, 0x9690, 0xFFFF, 0xFFFF, 0xBF15, 0x5DE7, 0x6E6A, 0x6E89, 0x6E8A, 0x6E8A, 0x6E8A, 0x6E6A, 0x666A, 0x6609, 0x5D89, 0xE79C,
    0xFFFF, 0xFFFF, 0xFFFF, 0xFFFF, 0x9672, 0x4D87, 0x662A, 0x5E4A, 0x5E4A, 0x5E09, 0x55A9, 0x3CC6, 0xA674, 0xFFFF, 0xFFFF, 0xCF19,
    0x34C6, 0x6DAD, 0xFFFF, 0xFFFF, 0xCF19, 0x3CC7, 0x4D89, 0x4DEA, 0x55EA, 0x3D27, 0x9632, 0xFFFF, 0xFFFF, 0xBED8, 0x2C87, 0x454A,
    0x458A, 0x456A, 0x3CE8, 0x4CEA, 0xF7DE, 0xFFFF, 0xF7DE, 0x4D2B, 0x3D49, 0x45AA, 0x3D6A, 0x2CA8, 0xBED8, 0xFFFF, 0xF7BE, 0xAE76,
    0xFFFF, 0xFFFF, 0xE79D, 0x550C, 0x24C8, 0x3D6B, 0x358B, 0x358B, 0x358B, 0x358B, 0x358B, 0x358B, 0x358B, 0x358B, 0x356B, 0x356B,
    0x356B, 0x2D6B, 0x2D6B, 0x2D6B, 0x2D6B, 0x2D6B, 0x2D6B, 0x2D4B, 0x2D4B, 0x2D4B, 0x254B, 0x254B, 0x254B, 0x254B, 0x254B, 0x252B,
    0x252B, 0x252B, 0x252B, 0x252B, 0x1D2B, 0x1D0B, 0x1D0B, 0x1D0B, 0x1D0B, 0x1D0B, 0x1D0B, 0x1CEB, 0x1CEB, 0x14EB, 0x14EB, 0x14EB,
    0x14CB, 0x14CB, 0x14CB, 0x14AB, 0x14AB, 0x14AB, 0x0CAB, 0x0C8B, 0x0C8B, 0x0C8B, 0x0C8B, 0x0C8B, 0x0C6B, 0x0C6B, 0x0C6B, 0x0C6B,
    0x0C6B, 0x0C4B, 0x0C4B, 0x0C4A, 0x0C4A, 0x0C4A, 0x0C2A, 0x0C2A, 0x0C2A, 0x0C2A, 0x0C0A, 0x0C0A, 0x0C0A, 0x0C0A, 0x0BEA, 0x0BEA,
    0x0BE9, 0x0BE9, 0x0BC9, 0x0BC9, 0x0BC9, 0x0BA9, 0x0BA9, 0x0BA9, 0x0BA9, 0x0B89, 0x0B89, 0x0B88, 0x0B88, 0x0B88, 0x0B88, 0x0B88,
    0x854A, 0x854A, 0x854A, 0x854A, 0x8549, 0x854A, 0x856A, 0x856A, 0x858A, 0x858A, 0x858A, 0x85AA, 0x8DAA, 0x8DCA, 0x8DCA, 0x8DCA,
    0x8DCA, 0x8DEA, 0x8DEA, 0x8DEA, 0x8E0A, 0x8E0A, 0x8E0A, 0x8E2A, 0x8E2B, 0x8E2B, 0x8E2B, 0x8E4B, 0x8E4B, 0x8E4B, 0x8E6B, 0x8E6B,
    0x8E6B, 0x8E6B, 0x8E6B, 0x8E8B, 0x8E8B, 0x8E8B, 0x8E8B, 0x8EAB, 0x8EAB, 0x8EAB, 0x8EAB, 0x8EAB, 0x8EAB, 0x8EAB, 0x8ECB, 0x8ECB,
    0x8ECB, 0x8ECB, 0x8ECB, 0x8ECB, 0x8ECB, 0x86CB, 0x86CB, 0x86CA, 0x86CA, 0x86CA, 0x86CA, 0x86CA, 0x86CA, 0x86CA, 0x86CA, 0x86CA,
    0x7ECA, 0x7ECA, 0x7ECA, 0x7ECA, 0x7EAA, 0x6E28, 0xD759, 0xFFFF, 0xFFFF, 0xFFFF, 0xFFFF, 0xFFFF, 0xF7DD, 0x6E09, 0x6E69, 0x7669,
    0x65E8, 0x7E0C, 0xFFFF, 0xFFFF, 0xC717, 0x55A7, 0x6E49, 0x6E69, 0x6E8A, 0x6E8A, 0x6E6A, 0x6E6A, 0x664A, 0x55C8, 0x75CD, 0xFFFF,
    0xFFFF, 0xD73A, 0xEFBD, 0xFFFF, 0xE79C, 0x5589, 0x5DE9, 0x5E2A, 0x5E4A, 0x5E2A, 0x55C9, 0x4D28, 0x4CE9, 0xEF9D, 0xFFFF, 0xFFFF,
    0x5D2C, 0x9612, 0xFFFF, 0xFFFF, 0x9612, 0x34C7, 0x4DAA, 0x4DEA, 0x4DCA, 0x3D28, 0x7DCF, 0xFFFF, 0xFFFF, 0xE79C, 0x44E9, 0x3D49,
    0x4DAA, 0x4DAA, 0x2CC7, 0x7DD0, 0xFFFF, 0xFFFF, 0xE77C, 0x3CE9, 0x3D4A, 0x458A, 0x456A, 0x2CA7, 0xA675, 0xFFFF, 0xFFFF, 0x54AC,
    0x9E35, 0xFFFF, 0xFFFF, 0xE79D, 0x4D2C, 0x2D09, 0x3D8B, 0x358B, 0x358B, 0x358B, 0x358B, 0x358B, 0x358B, 0x358B, 0x356B, 0x356B,
    0x2D6B, 0x2D6B, 0x2D6B, 0x2D6B, 0x2D6B, 0x2D6B, 0x2D4B, 0x2D4B, 0x2D4B, 0x254B, 0x254B, 0x254B, 0x254B, 0x254B, 0x252B, 0x252B,
    0x252B, 0x252B, 0x252B, 0x1D2B, 0x1D2B, 0x1D0C, 0x1D0C, 0x1D0B, 0x1D0B, 0x1D0B, 0x1D0B, 0x1CEB, 0x1CEB, 0x14EB, 0x14EB, 0x14CB,
    0x14CB, 0x14CB, 0x14CB, 0x14AB, 0x14AB, 0x0CAB, 0x0CAB, 0x0C8B, 0x0C8B, 0x0C8B, 0x0C8B, 0x0C8B, 0x0C8B, 0x0C6B, 0x0C6B, 0x0C6B,
    0x0C6B, 0x0C4B, 0x0C4B, 0x0C4A, 0x0C4A, 0x0C4A, 0x0C2A, 0x0C2A, 0x0C2A, 0x0C2A, 0x0C2A, 0x0C0A, 0x0C0A, 0x0C0A, 0x0BEA, 0x0BEA,
    0x0BEA, 0x0BE9, 0x0BC9, 0x0BC9, 0x0BC9, 0x0BC9, 0x0BA9, 0x0BA9, 0x0BA9, 0x0B89, 0x0B89, 0x0B88, 0x0B88, 0x0B88, 0x0B88, 0x0B88,
    0x854A, 0x854A, 0x854A, 0x8549, 0x8549, 0x854A, 0x856A, 0x856A, 0x858A, 0x858A, 0x85AA, 0x85AA, 0x8DAA, 0x8DCA, 0x8DCA, 0x8DCA,
    0x8DEA, 0x8DEA, 0x8DEA, 0x8E0A, 0x8E0A, 0x8E0A, 0x8E2A, 0x8E2A, 0x8E2A, 0x8E2B, 0x8E4B, 0x8E4B, 0x8E4B, 0x8E4B, 0x8E6B, 0x8E6B,
    0x8E6B, 0x8E6B, 0x8E6B, 0x8E8B, 0x8E8B, 0x8E8B, 0x8E8B, 0x8EAB, 0x8EAB, 0x8EAB, 0x8EAB, 0x8EAB, 0x8EAB, 0x8EAB, 0x8EAB, 0x8ECB,
    0x8ECB, 0x8ECB, 0x8ECB, 0x8ECB, 0x8ECB, 0x86CB, 0x86CA, 0x86CA, 0x86CA, 0x86CA, 0x86CA, 0x86CA, 0x86CA, 0x86CA, 0x86CA, 0x7ECA,
    0x7ECA, 0x7ECA, 0x7ECA, 0x7ECA, 0x7EAA, 0x65C7, 0xB6D4, 0xFFFF, 0xFFFF, 0xEF9C, 0xD739, 0xCF18, 0xB6D4, 0x65E9, 0x6E49, 0x6E69,
    0x65E8, 0x6DAA, 0xF7DE, 0xFFFF, 0xD75A, 0x5567, 0x6629, 0x6E69, 0x6E8A, 0x6E6A, 0x6E6A, 0x666A, 0x664A, 0x4D87, 0x9E72, 0xFFFF,
    0xFFFF, 0x756E, 0xAE55, 0xFFFF, 0xFFFF, 0x9E72, 0x4D87, 0x5E2A, 0x5E2A, 0x5E2A, 0x55EA, 0x55A9, 0x3CA6, 0x9612, 0xFFFF, 0xFFFF,
    0xC6F8, 0xC6F9, 0xFFFF, 0xFFFF, 0x654C, 0x3D08, 0x4DCA, 0x4DEA, 0x4DCA, 0x4549, 0x4D0A, 0xF7BE, 0xFFFF, 0xFFFF, 0xB6D7, 0x4509,
    0x3528, 0x3508, 0x656D, 0xEF9D, 0xFFFF, 0xFFFF, 0xA675, 0x2C87, 0x456A, 0x3DAA, 0x458A, 0x24A7, 0x9613, 0xFFFF, 0xFFFF, 0x7570,
    0x1385, 0xCF1A, 0xFFFF, 0xFFFF, 0xEFBD, 0x4D6D, 0x2D4A, 0x358B, 0x358B, 0x358B, 0x358B, 0x358B, 0x358B, 0x356B, 0x356B, 0x2D6B,
    0x2D6B, 0x2D6B, 0x2D6B, 0x2D6B, 0x2D6B, 0x2D4B, 0x2D4B, 0x2D4B, 0x254B, 0x254B, 0x254B, 0x254B, 0x254B, 0x252B, 0x252B, 0x252B,
    0x252B, 0x252B, 0x1D2B, 0x1D2B, 0x1D2C, 0x1D0C, 0x1D0C, 0x1D0C, 0x1D0B, 0x1D0B, 0x1CEC, 0x14EC, 0x14EB, 0x14EB, 0x14EB, 0x14CB,
    0x14CB, 0x14CB, 0x14CB, 0x14AB, 0x0CAB, 0x0CAB, 0x0CAB, 0x0C8B, 0x0C8B, 0x0C8B, 0x0C8B, 0x0C8B, 0x0C8B, 0x0C6B, 0x0C6B, 0x0C6B,
    0x0C6B, 0x0C6B, 0x0C4B, 0x0C4B, 0x0C4A, 0x0C4A, 0x0C4A, 0x0C2A, 0x0C2A, 0x0C2A, 0x0C2A, 0x0C0A, 0x0C0A, 0x0C0A, 0x0C0A, 0x0BEA,
    0x0BEA, 0x0BE9, 0x0BC9, 0x0BC9, 0x0BC9, 0x0BC9, 0x0BA9, 0x0BA9, 0x0BA9, 0x0B89, 0x0B89, 0x0B88, 0x0B88, 0x0B88, 0x0B88, 0x0B88,
    0x854A, 0x854A, 0x8549, 0x8549, 0x8549, 0x854A, 0x856A, 0x856A, 0x858A, 0x858A, 0x858A, 0x85AA, 0x8DAA, 0x8DCA, 0x8DCA, 0x8DCA,
    0x8DEA, 0x8DEA, 0x8DEA, 0x8E0A, 0x8E0A, 0x8E0A, 0x8E2A, 0x8E2A, 0x8E2A, 0x8E2A, 0x8E4A, 0x8E4A, 0x8E4B, 0x8E4B, 0x8E6B, 0x8E6B,
    0x8E6B, 0x8E6B, 0x8E6B, 0x8E8B, 0x8E8B, 0x8E8B, 0x8E8B, 0x8EAB, 0x8EAB, 0x8EAB, 0x8EAB, 0x8EAB, 0x8EAB, 0x8EAB, 0x8EAB, 0x8ECB,
    0x8ECB, 0x8ECB, 0x8ECB, 0x8ECB, 0x86CA, 0x86CA, 0x86CA, 0x86CA, 0x86CA, 0x86CA, 0x86CA, 0x86CA, 0x86CA, 0x86CA, 0x7ECA, 0x7ECA,
    0x7ECA, 0x7ECA, 0x7ECA, 0x7ECA, 0x7EAA, 0x5DA7, 0xA692, 0xFFFF, 0xFFFF, 0x8DD0, 0x2C23, 0x44A4, 0x4D25, 0x65E8, 0x6E49, 0x6E69,
    0x65E8, 0x6569, 0xEFBD, 0xFFFF, 0xE79C, 0x5D68, 0x6609, 0x6E6A, 0x6E6A, 0x6E6A, 0x666A, 0x666A, 0x6629, 0x4D67, 0xCF18, 0xFFFF,
    0xFFFF, 0x4CA9, 0x4CA9, 0xF7DE, 0xFFFF, 0xEF9C, 0x5589, 0x55E9, 0x5E2A, 0x5E2A, 0x5E0A, 0x55C9, 0x4D48, 0x44C8, 0xE77C, 0xFFFF,
    0xFFFF, 0xFFFF, 0xFFFF, 0xDF5B, 0x3CC8, 0x4D69, 0x4DCA, 0x4DEA, 0x4DEA, 0x4D8A, 0x34A7, 0x9613, 0xFFFF, 0xFFFF, 0xFFFF, 0xE79C,
    0xB6D7, 0xC719, 0xFFFF, 0xFFFF, 0xFFFF, 0xEFBE, 0x44CA, 0x34E9, 0x3D8A, 0x3DAB, 0x458B, 0x24A8, 0x85F2, 0xFFFF, 0xFFFF, 0x9E34,
    0x13C5, 0x3C8A, 0xD73B, 0xE77C, 0xD73A, 0x9E75, 0x2D2A, 0x356B, 0x358B, 0x358B, 0x358B, 0x358B, 0x356B, 0x356B, 0x2D6B, 0x2D6B,
    0x2D6B, 0x2D6B, 0x2D6B, 0x2D6B, 0x2D4B, 0x2D4B, 0x2D4B, 0x254B, 0x254B, 0x254B, 0x254B, 0x254B, 0x252B, 0x252B, 0x252B, 0x252B,
    0x252B, 0x1D2B, 0x1D2B, 0x1D2B, 0x1D2C, 0x1D0C, 0x1D0C, 0x1D0C, 0x1D0C, 0x1D0B, 0x1CEC, 0x14EC, 0x14EB, 0x14EB, 0x14EB, 0x14CB,
    0x14CB, 0x14CB, 0x14AB, 0x0CAB, 0x0CAB, 0x0CAB, 0x0CAB, 0x0CAB, 0x0C8B, 0x0C8B, 0x0C8B, 0x0C8B, 0x0C8B, 0x0C6B, 0x0C6B, 0x0C6B,
    0x0C6B, 0x0C6B, 0x0C4B, 0x0C4B, 0x0C4A, 0x0C4A, 0x0C4A, 0x0C2A, 0x0C2A, 0x0C2A, 0x0C2A, 0x0C0A, 0x0C0A, 0x0C0A, 0x0C0A, 0x0BEA,
    0x0BEA, 0x0BE9, 0x0BE9, 0x0BC9, 0x0BC9, 0x0BC9, 0x0BA9, 0x0BA9, 0x0BA9, 0x0B89, 0x0B89, 0x0B89, 0x0B88, 0x0B88, 0x0B88, 0x0B88,
    0x854A, 0x8549, 0x8549, 0x8549, 0x8549, 0x856A, 0x856A, 0x856A, 0x858A, 0x858A, 0x85AA, 0x85AA, 0x85AA, 0x85CA, 0x8DCA, 0x8DCA,
    0x8DEA, 0x8DEA, 0x8DEA, 0x8E0A, 0x8E0A, 0x8E0A, 0x8E2A, 0x8E2A, 0x8E2A, 0x8E2A, 0x8E4A, 0x8E4A, 0x8E4B, 0x8E4B, 0x8E6B, 0x8E6B,
    0x8E6B, 0x8E6B, 0x8E8B, 0x8E8B, 0x8E8B, 0x8E8B, 0x8E8B, 0x8EAB, 0x8EAB, 0x8EAB, 0x8EAB, 0x8EAB, 0x8EAB, 0x8EAB, 0x8ECB, 0x8ECB,
    0x8ECB, 0x86CA, 0x86CB, 0x86CB, 0x86CA, 0x86CA, 0x86CA, 0x86CA, 0x86CA, 0x86CA, 0x86CA, 0x86CA, 0x86CA, 0x7ECA, 0x7ECA, 0x7ECA,
    0x7ECA, 0x7ECA, 0x7ECA, 0x7ECA, 0x7E8A, 0x5DA7, 0x962F, 0xFFFF, 0xFFFF, 0xBEB6, 0x7D8D, 0xA672, 0xA6B2, 0x65E9, 0x6E49, 0x6E69,
    0x6609, 0x5D48, 0xE77B, 0xFFFF, 0xEFBD, 0x6589, 0x5DE8, 0x666A, 0x6E6A, 0x666A, 0x666A, 0x664A, 0x5DE9, 0x5D8A, 0xEFBD, 0xFFFF,
    0xE77C, 0x54CA, 0x54CA, 0xD73A, 0xFFFF, 0xFFFF, 0x9E72, 0x4567, 0x5E0A, 0x5E2A, 0x5E2A, 0x560A, 0x55A9, 0x34C7, 0x7DAF, 0xFFFF,
    0xFFFF, 0xFFFF, 0xFFFF, 0xA675, 0x34A7, 0x4D8A, 0x4DEA, 0x4DEA, 0x4DEA, 0x4DAA, 0x4529, 0x3487, 0xAE96, 0xFFFF, 0xFFFF, 0xFFFF,
    0xFFFF, 0xFFFF, 0xFFFF, 0xFFFF, 0xEF9D, 0x5D0D, 0x2C87, 0x3D4A, 0x3D8A, 0x3DAB, 0x3D8B, 0x3509, 0x554D, 0xA675, 0x8DF2, 0x552D,
    0x2C88, 0x2C68, 0x2C69, 0x3469, 0x2468, 0x2CC9, 0x352A, 0x356B, 0x358B, 0x358B, 0x358B, 0x356B, 0x356B, 0x2D6B, 0x2D6B, 0x2D6B,
    0x2D6B, 0x2D6B, 0x2D6B, 0x2D4B, 0x2D4B, 0x2D4B, 0x254B, 0x254B, 0x254B, 0x254B, 0x254B, 0x254B, 0x252B, 0x252B, 0x252B, 0x252B,
    0x1D2B, 0x1D2B, 0x1D2B, 0x1D2C, 0x1D0C, 0x1D0C, 0x1D0C, 0x1D0C, 0x1D0C, 0x150C, 0x14EC, 0x14EC, 0x14EB, 0x14EB, 0x14CB, 0x14CC,
    0x14CC, 0x14CB, 0x0CAB, 0x0CAB, 0x0CAB, 0x0CAB, 0x0CAB, 0x0CAB, 0x0C8B, 0x0C8B, 0x0C8B, 0x0C8B, 0x0C8B, 0x0C8B, 0x0C6B, 0x0C6B,
    0x0C6B, 0x0C6B, 0x0C4B, 0x0C4B, 0x0C4A, 0x0C4A, 0x0C4A, 0x0C2A, 0x0C2A, 0x0C2A, 0x0C2A, 0x0C0A, 0x0C0A, 0x0C0A, 0x0C0A, 0x0BEA,
    0x0BEA, 0x0BEA, 0x0BE9, 0x0BC9, 0x0BC9, 0x0BC9, 0x0BA9, 0x0BA9, 0x0BA9, 0x0BA9, 0x0B89, 0x0B89, 0x0B88, 0x0B88, 0x0B88, 0x0B88,
    0x8549, 0x8549, 0x8549, 0x8549, 0x8549, 0x8569, 0x856A, 0x856A, 0x858A, 0x858A, 0x85AA, 0x85AA, 0x85AA, 0x85CA, 0x85CA, 0x8DCA,
    0x8DEA, 0x8DEA, 0x8DEA, 0x8E0A, 0x8E0A, 0x8E0A, 0x8E2A, 0x8E2A, 0x8E2A, 0x8E2A, 0x8E4A, 0x8E4A, 0x8E4A, 0x8E6B, 0x8E6A, 0x8E6B,
    0x8E6B, 0x8E6B, 0x8E6B, 0x8E8B, 0x8E8B, 0x8E8B, 0x8E8B, 0x8EAB, 0x8EAB, 0x8EAB, 0x8EAB, 0x8EAB, 0x8EAB, 0x8EAB, 0x8ECB, 0x8ECB,
    0x86CA, 0x86CA, 0x86CA, 0x86CA, 0x86CA, 0x86CA, 0x86CA, 0x86CA, 0x86CA, 0x86CA, 0x86CA, 0x86CA, 0x7ECA, 0x7ECA, 0x7ECA, 0x7ECA,
    0x7ECA, 0x7ECA, 0x7EAA, 0x7ECA, 0x768A, 0x5DA7, 0x85ED, 0xFFFF, 0xFFFF, 0xFFFF, 0xFFFF, 0xFFFF, 0xFFFF, 0x6E0A, 0x6E49, 0x6E69,
    0x6609, 0x5547, 0xCF39, 0xFFFF, 0xF7DE, 0x6DAB, 0x5DC8, 0x6E4A, 0x6E6A, 0x666A, 0x666A, 0x664A, 0x55A8, 0x7DEE, 0xFFFF, 0xFFFF,
    0xFFDF, 0xF7DE, 0xFFFF, 0xFFFF, 0xFFFF, 0xFFFF, 0xEFBD, 0x558A, 0x55C9, 0x5E2A, 0x5E2A, 0x560A, 0x55CA, 0x4D49, 0x3CA7, 0xD73A,
    0xFFFF, 0xFFFF, 0xFFFF, 0x6D6E, 0x3CE7, 0x4DAA, 0x4DEA, 0x4DEA, 0x4DEA, 0x4DCA, 0x456A, 0x3CE9, 0x2C67, 0x7D90, 0xD71A, 0xF7DE,
    0xFFFF, 0xF7DE, 0xE77C, 0xA655, 0x44AA, 0x2C67, 0x3D2A, 0x3D6A, 0x3DAB, 0x3DAB, 0x3D8A, 0x3D4A, 0x2CE9, 0x2467, 0x2467, 0x2CA8,
    0x34EA, 0x34EA, 0x2CC9, 0x2CA9, 0x2CEA, 0x350A, 0x354A, 0x356B, 0x358B, 0x356B, 0x356B, 0x356B, 0x2D6B, 0x2D6B, 0x2D6B, 0x2D6B,
    0x2D6B, 0x2D6B, 0x2D4B, 0x2D4B, 0x2D4B, 0x254B, 0x254B, 0x254B, 0x254B, 0x254B, 0x252B, 0x252B, 0x252B, 0x252B, 0x252B, 0x1D2B,
    0x1D2B, 0x1D2C, 0x1D2C, 0x1D0C, 0x1D0C, 0x1D0C, 0x1D0C, 0x1D0C, 0x150C, 0x14EC, 0x14EC, 0x14EC, 0x14EC, 0x14EC, 0x14CC, 0x14CC,
    0x14CC, 0x14CB, 0x0CAB, 0x0CAC, 0x0CAB, 0x0CAB, 0x0CAB, 0x0CAB, 0x0C8B, 0x0C8B, 0x0C8B, 0x0C8B, 0x0C8B, 0x0C8B, 0x0C6B, 0x0C6B,
    0x0C6B, 0x0C6B, 0x0C6B, 0x0C4B, 0x0C4B, 0x0C4A, 0x0C4A, 0x0C4A, 0x0C2A, 0x0C2A, 0x0C2A, 0x0C2A, 0x0C0A, 0x0C0A, 0x0C0A, 0x0C0A,
    0x0BEA, 0x0BE9, 0x0BE9, 0x0BC9, 0x0BC9, 0x0BC9, 0x0BC9, 0x0BA9, 0x0BA9, 0x0BA9, 0x0B89, 0x0B89, 0x0B88, 0x0B88, 0x0B88, 0x0B88,
    0x8549, 0x8549, 0x8549, 0x8549, 0x8549, 0x856A, 0x856A, 0x858A, 0x858A, 0x858A, 0x85AA, 0x85AA, 0x85AA, 0x85CA, 0x85CA, 0x8DEA,
    0x8DEA, 0x8DEA, 0x8DEA, 0x8E0A, 0x8E0A, 0x8E0A, 0x8E2A, 0x8E2A, 0x8E2A, 0x8E2A, 0x8E4A, 0x8E4A, 0x8E4A, 0x8E6A, 0x8E6A, 0x8E6A,
    0x8E6B, 0x8E6B, 0x8E8B, 0x8E8B, 0x8E8B, 0x8E8B, 0x8E8B, 0x8EAB, 0x8EAB, 0x8EAB, 0x8EAB, 0x8EAB, 0x8EAB, 0x8EAA, 0x86CB, 0x86CA,
    0x86CA, 0x86CA, 0x86CA, 0x86CA, 0x86CA, 0x86CA, 0x86CA, 0x86CA, 0x86CA, 0x86CA, 0x86CA, 0x7ECA, 0x7ECA, 0x7ECA, 0x7ECA, 0x7ECA,
    0x7ECA, 0x7ECA, 0x7EAA, 0x7ECA, 0x768A, 0x65C7, 0x75CC, 0xFFFF, 0xFFFF, 0xFFFF, 0xFFFF, 0xF7DE, 0xE79C, 0x760A, 0x6628, 0x6E69,
    0x6E29, 0x4D47, 0xBEF7, 0xFFFF, 0xFFFF, 0x75AC, 0x4D66, 0x5E08, 0x5E28, 0x6649, 0x664A, 0x662A, 0x4D67, 0xA693, 0xFFFF, 0xFFFF,
    0xFFFF, 0xFFFF, 0xF7BE, 0xE77C, 0xEFBD, 0xFFFF, 0xFFFF, 0x9E72, 0x4567, 0x5E0A, 0x562A, 0x562A, 0x55EA, 0x55AA, 0x3CC7, 0x6D6D,
    0xFFFF, 0xFFFF, 0xF7BE, 0x44C9, 0x4549, 0x4DCA, 0x4DEA, 0x4DEA, 0x4DEA, 0x4DEA, 0x45AA, 0x456A, 0x3D09, 0x2C67, 0x2C47, 0x44AA,
    0x54EC, 0x4CCB, 0x3469, 0x2426, 0x2CA8, 0x3D0A, 0x3D6A, 0x3D8A, 0x3DAB, 0x3DAB, 0x3DAB, 0x3D6A, 0x3D4A, 0x3D2A, 0x3D2A, 0x352A,
    0x354A, 0x354A, 0x354A, 0x352A, 0x352A, 0x354A, 0x356B, 0x356B, 0x356B, 0x356B, 0x2D6B, 0x2D6B, 0x2D6B, 0x2D6B, 0x2D6B, 0x2D6B,
    0x2D6B, 0x2D4B, 0x2D4B, 0x2D4B, 0x254B, 0x254B, 0x254B, 0x254B, 0x254B, 0x252B, 0x252B, 0x252B, 0x252B, 0x252B, 0x1D2B, 0x1D2B,
    0x1D2C, 0x1D2C, 0x1D0C, 0x1D0C, 0x1D0C, 0x1D0C, 0x1D0C, 0x150C, 0x14EC, 0x14EC, 0x14EC, 0x14EC, 0x14EC, 0x14EC, 0x14CC, 0x14CC,
    0x14CC, 0x0CCC, 0x0CCC, 0x0CAC, 0x0CAC, 0x0CAB, 0x0CAB, 0x0CAB, 0x0CAB, 0x0C8B, 0x0C8B, 0x0C8B, 0x0C8B, 0x0C8B, 0x0C8B, 0x0C6B,
    0x0C6B, 0x0C6B, 0x0C6B, 0x0C4B, 0x0C4B, 0x0C4A, 0x0C4A, 0x0C4A, 0x0C2A, 0x0C2A, 0x0C2A, 0x0C2A, 0x0C0A, 0x0C0A, 0x0C0A, 0x0C0A,
    0x0BEA, 0x0BEA, 0x0BE9, 0x0BE9, 0x0BC9, 0x0BC9, 0x0BC9, 0x0BA9, 0x0BA9, 0x0BA9, 0x0B89, 0x0B89, 0x0B88, 0x0B88, 0x0B88, 0x0B88,
    0x8549, 0x8549, 0x8549, 0x8549, 0x8569, 0x8569, 0x856A, 0x858A, 0x858A, 0x858A, 0x85AA, 0x85AA, 0x85AA, 0x85CA, 0x85CA, 0x85EA,
    0x85EA, 0x8DEA, 0x8DEA, 0x8E0A, 0x8E0A, 0x8E0A, 0x8E2A, 0x8E2A, 0x8E2A, 0x8E2A, 0x8E4A, 0x8E4A, 0x8E4A, 0x8E6A, 0x8E6A, 0x8E6A,
    0x8E6A, 0x8E6B, 0x8E8B, 0x8E8A, 0x8E8B, 0x8E8B, 0x8E8B, 0x8EAB, 0x8EAB, 0x8EAA, 0x8EAA, 0x86AA, 0x8EAA, 0x86AB, 0x86CA, 0x86CA,
    0x86CA, 0x86CA, 0x86CA, 0x86CA, 0x86CA, 0x86CA, 0x86CA, 0x86CA, 0x86CA, 0x86CA, 0x7ECA, 0x7ECA, 0x7ECA, 0x7ECA, 0x7ECA, 0x7ECA,
    0x7ECA, 0x7EAA, 0x7EAA, 0x7ECA, 0x7689, 0x65E8, 0x6D8A, 0xF7BD, 0xFFFF, 0xE77C, 0x6D4C, 0x654A, 0x6569, 0x65C8, 0x6649, 0x6E69,
    0x6E29, 0x4D46, 0xB6B5, 0xFFFF, 0xFFFF, 0x9631, 0x6DAB, 0x8E70, 0x96B1, 0x662A, 0x5E29, 0x5E0A, 0x4D67, 0xD739, 0xFFFF, 0xFFFF,
    0x85B0, 0x54CA, 0x54C9, 0x3446, 0x6D4D, 0xFFFF, 0xFFFF, 0xF7DE, 0x5DAB, 0x55C9, 0x562A, 0x562A, 0x560A, 0x55CA, 0x4D69, 0x3CC7,
    0x8E12, 0x9E33, 0x758E, 0x3CE8, 0x4D8A, 0x4DCA, 0x4DEA, 0x4DEA, 0x4DEA, 0x4DEA, 0x4DCA, 0x45AA, 0x456A, 0x4529, 0x3CE9, 0x34A8,
    0x2C87, 0x2C88, 0x34C8, 0x3D09, 0x3D2A, 0x3D6A, 0x3D8A, 0x3DAB, 0x3DAB, 0x3DAB, 0x3DAB, 0x3D8B, 0x3D8B, 0x356A, 0x356A, 0x356B,
    0x358B, 0x358B, 0x356B, 0x356B, 0x356B, 0x356B, 0x356B, 0x356B, 0x356B, 0x2D6B, 0x2D6B, 0x2D6B, 0x2D6B, 0x2D6B, 0x2D6B, 0x2D6B,
    0x2D4B, 0x2D4B, 0x2D4B, 0x254B, 0x254B, 0x254B, 0x254B, 0x254B, 0x252B, 0x252B, 0x252B, 0x252B, 0x252B, 0x1D2B, 0x1D2B, 0x1D2C,
    0x1D2C, 0x1D0C, 0x1D0C, 0x1D0C, 0x1D0C, 0x1D0C, 0x150C, 0x150C, 0x14EC, 0x14EC, 0x14EC, 0x14EC, 0x14EC, 0x14CC, 0x14CC, 0x14CC,
    0x0CCC, 0x0CCC, 0x0CCC, 0x0CAC, 0x0CAC, 0x0CAB, 0x0CAB, 0x0CAB, 0x0CAB, 0x0C8B, 0x0C8B, 0x0C8B, 0x0C8B, 0x0C8B, 0x0C8B, 0x0C6B,
    0x0C6B, 0x0C6B, 0x0C6B, 0x0C4B, 0x0C4B, 0x0C4B, 0x0C4A, 0x0C4A, 0x0C2A, 0x0C2A, 0x0C2A, 0x0C2A, 0x0C2A, 0x0C0A, 0x0C0A, 0x0C0A,
    0x0BEA, 0x0BEA, 0x0BE9, 0x0BE9, 0x0BC9, 0x0BC9, 0x0BC9, 0x0BA9, 0x0BA9, 0x0BA9, 0x0BA9, 0x0B89, 0x0B89, 0x0B88, 0x0B88, 0x0B88,
    0x8549, 0x8549, 0x8549, 0x8549, 0x8569, 0x8569, 0x8569, 0x858A, 0x858A, 0x858A, 0x85AA, 0x85AA, 0x85AA, 0x85CA, 0x85CA, 0x85EA,
    0x85EA, 0x8DEA, 0x8DEA, 0x8E0A, 0x8E0A, 0x8E0A, 0x8E2A, 0x8E2A, 0x8E2A, 0x8E2A, 0x8E4A, 0x8E4A, 0x8E4A, 0x8E6A, 0x8E6A, 0x8E6A,
    0x8E6A, 0x8E6B, 0x8E8A, 0x8E8A, 0x8E8A, 0x8E8B, 0x8E8A, 0x8EAA, 0x8EAA, 0x8EAA, 0x86AA, 0x86AA, 0x86AA, 0x86AA, 0x86CA, 0x86CA,
    0x86CA, 0x86CA, 0x86CA, 0x86CA, 0x86CA, 0x86CA, 0x86CA, 0x86CA, 0x86CA, 0x7ECA, 0x7ECA, 0x7ECA, 0x7ECA, 0x7ECA, 0x7ECA, 0x7ECA,
    0x7EAA, 0x7EAA, 0x76AA, 0x76AA, 0x7689, 0x6E08, 0x5D68, 0xE79C, 0xFFFF, 0xE77C, 0x4CA7, 0x4D06, 0x5D88, 0x6609, 0x6E49, 0x6E69,
    0x6E29, 0x4D46, 0x9E52, 0xFFFF, 0xFFFF, 0xFFDF, 0xFFFF, 0xFFFF, 0xFFFF, 0x6E0C, 0x5E09, 0x55C9, 0x6DCB, 0xFFFF, 0xFFFF, 0xEFBD,
    0x3C87, 0x3CA6, 0x44E7, 0x44C7, 0x3CA7, 0xA674, 0xAE95, 0x9E53, 0x65CC, 0x4DC9, 0x560A, 0x562A, 0x560A, 0x55EA, 0x4DA9, 0x4549,
    0x34C7, 0x3486, 0x34C7, 0x4569, 0x4DAA, 0x4DEA, 0x4DEA, 0x4DEA, 0x4DEA, 0x4DEA, 0x4DEA, 0x45CA, 0x45AA, 0x458A, 0x456A, 0x3D4A,
    0x3D4A, 0x3D4A, 0x3D4A, 0x3D6A, 0x3D8A, 0x3DAA, 0x3DAB, 0x3DAB, 0x3DAB, 0x3DAB, 0x3DAB, 0x3DAB, 0x3D8B, 0x3D8B, 0x3D8B, 0x358B,
    0x358B, 0x358B, 0x358B, 0x358B, 0x358B, 0x358B, 0x356B, 0x356B, 0x2D6B, 0x2D6B, 0x2D6B, 0x2D6B, 0x2D6B, 0x2D6B, 0x2D6B, 0x2D4B,
    0x2D4B, 0x2D4B, 0x254B, 0x254B, 0x254B, 0x254B, 0x254B, 0x252B, 0x252B, 0x252B, 0x252B, 0x252B, 0x1D2B, 0x1D2B, 0x1D2C, 0x1D0C,
    0x1D0C, 0x1D0C, 0x1D0C, 0x1D0C, 0x1D0C, 0x150C, 0x150C, 0x150C, 0x14EC, 0x14EC, 0x14EC, 0x14EC, 0x14EC, 0x14CC, 0x14CC, 0x0CCC,
    0x0CCC, 0x0CCC, 0x0CCC, 0x0CCC, 0x0CAC, 0x0CAB, 0x0CAB, 0x0CAB, 0x0CAB, 0x0C8B, 0x0C8B, 0x0C8B, 0x0C8B, 0x0C8B, 0x0C8B, 0x0C6B,
    0x0C6B, 0x0C6B, 0x0C6B, 0x0C6B, 0x0C4B, 0x0C4B, 0x0C4A, 0x0C4A, 0x0C4A, 0x0C2A, 0x0C2A, 0x0C2A, 0x0C2A, 0x0C0A, 0x0C0A, 0x0C0A,
    0x0C0A, 0x0BEA, 0x0BE9, 0x0BE9, 0x0BC9, 0x0BC9, 0x0BC9, 0x0BC9, 0x0BA9, 0x0BA9, 0x0BA9, 0x0B89, 0x0B89, 0x0B88, 0x0B88, 0x0B88,
    0x8549, 0x8549, 0x7D49, 0x7D49, 0x8549, 0x8569, 0x8569, 0x858A, 0x858A, 0x858A, 0x85AA, 0x85AA, 0x85CA, 0x85CA, 0x85CA, 0x85EA,
    0x85EA, 0x85EA, 0x860A, 0x8E0A, 0x8E0A, 0x8E0A, 0x8E2A, 0x8E2A, 0x8E2A, 0x8E4A, 0x8E4A, 0x8E4A, 0x8E4A, 0x8E6A, 0x8E6A, 0x8E6A,
    0x8E6A, 0x8E6A, 0x8E8A, 0x8E8A, 0x8E8A, 0x8E8A, 0x8EAA, 0x86AA, 0x86AA, 0x86AA, 0x86AA, 0x86AA, 0x86AA, 0x86AA, 0x86CA, 0x86CA,
    0x86CA, 0x86CA, 0x86CA, 0x86CA, 0x86CA, 0x86CA, 0x86CA, 0x86CA, 0x7ECA, 0x7ECA, 0x7ECA, 0x7ECA, 0x7ECA, 0x7ECA, 0x7ECA, 0x7EAA,
    0x7EAA, 0x76AA, 0x76AA, 0x76A9, 0x7689, 0x6E29, 0x5D67, 0xDF5A, 0xFFFF, 0xF7DE, 0x656A, 0x5D88, 0x6609, 0x6E49, 0x6E69, 0x6E69,
    0x6E49, 0x5567, 0x8E30, 0xFFFF, 0xFFFF, 0xFFFF, 0xFFFF, 0xFFFF, 0xFFFF, 0x760D, 0x55C8, 0x55C9, 0x6DEC, 0xAE94, 0x8E11, 0x758D,
    0x4508, 0x5569, 0x5589, 0x4D69, 0x4D28, 0x3CC7, 0x3CA6, 0x3CE7, 0x4D89, 0x55EA, 0x560A, 0x560A, 0x560A, 0x560A, 0x4DEA, 0x4DAA,
    0x4D8A, 0x4D6A, 0x4D8A, 0x4DAA, 0x4DCA, 0x4DEA, 0x4DEA, 0x4DEA, 0x4DEA, 0x4DEA, 0x45EA, 0x45EA, 0x45CA, 0x45CA, 0x45AA, 0x45AA,
    0x45AA, 0x45AA, 0x3DAA, 0x3DAB, 0x3DAB, 0x3DAB, 0x3DAB, 0x3DAB, 0x3DAB, 0x3DAB, 0x3DAB, 0x3DAB, 0x3DAB, 0x3D8B, 0x358B, 0x358B,
    0x358B, 0x358B, 0x358B, 0x358B, 0x358B, 0x358B, 0x356B, 0x2D6B, 0x2D6B, 0x2D6B, 0x2D6B, 0x2D6B, 0x2D6B, 0x2D6B, 0x2D4B, 0x2D4B,
    0x2D4B, 0x254B, 0x254B, 0x254B, 0x254B, 0x254B, 0x252B, 0x252B, 0x252B, 0x252B, 0x252B, 0x1D2B, 0x1D2B, 0x1D2C, 0x1D0C, 0x1D0C,
    0x1D0C, 0x1D0C, 0x1D0C, 0x1D0C, 0x150C, 0x150C, 0x150C, 0x14EC, 0x14EC, 0x14EC, 0x14EC, 0x14EC, 0x14EC, 0x14CC, 0x0CCC, 0x0CCC,
    0x0CCC, 0x0CCC, 0x0CCC, 0x0CCC, 0x0CAC, 0x0CAC, 0x0CAB, 0x0CAB, 0x0CAB, 0x0C8B, 0x0C8B, 0x0C8B, 0x0C8B, 0x0C8B, 0x0C8B, 0x0C8B,
    0x0C6B, 0x0C6B, 0x0C6B, 0x0C6B, 0x0C4B, 0x0C4B, 0x0C4A, 0x0C4A, 0x0C4A, 0x0C2A, 0x0C2A, 0x0C2A, 0x0C2A, 0x0C0A, 0x0C0A, 0x0C0A,
    0x0C0A, 0x0BEA, 0x0BEA, 0x0BE9, 0x0BC9, 0x0BC9, 0x0BC9, 0x0BC9, 0x0BA9, 0x0BA9, 0x0BA9, 0x0B89, 0x0B89, 0x0B88, 0x0B88, 0x0B88,
    0x8549, 0x7D49, 0x7D49, 0x7D49, 0x8569, 0x8569, 0x8569, 0x858A, 0x858A, 0x858A, 0x85AA, 0x85AA, 0x85CA, 0x85CA, 0x85CA, 0x85EA,
    0x85EA, 0x85EA, 0x860A, 0x860A, 0x860A, 0x8E2A, 0x8E2A, 0x8E2A, 0x8E2A, 0x8E4A, 0x8E4A, 0x8E4A, 0x8E4A, 0x8E6A, 0x8E6A, 0x8E6A,
    0x8E6A, 0x8E6A, 0x8E8A, 0x868A, 0x8E8A, 0x868A, 0x86AA, 0x86AA, 0x86AA, 0x86AA, 0x86AA, 0x86AA, 0x86AA, 0x86AA, 0x86CA, 0x86CA,
    0x86CA, 0x86CA, 0x86CA, 0x86CA, 0x86CA, 0x86CA, 0x7ECA, 0x7ECA, 0x7ECA, 0x7ECA, 0x7ECA, 0x7ECA, 0x7ECA, 0x7ECA, 0x7EAA, 0x7EAA,
    0x76AA, 0x76AA, 0x76A9, 0x76A9, 0x7689, 0x6E29, 0x5547, 0xCF39, 0xFFFF, 0xFFFF, 0x7DCC, 0x5DC7, 0x6E49, 0x6E69, 0x6E8A, 0x6E69,
    0x6649, 0x55A8, 0x75CC, 0xC6D7, 0xA654, 0x95F1, 0x7DAF, 0x758D, 0x6D8B, 0x5DA9, 0x5DE9, 0x5DE9, 0x5588, 0x4507, 0x3CE6, 0x4507,
    0x5589, 0x55C9, 0x55E9, 0x55EA, 0x55A9, 0x5589, 0x5589, 0x55A9, 0x55CA, 0x55EA, 0x560A, 0x560A, 0x560A, 0x560A, 0x560A, 0x4DEA,
    0x4DCA, 0x4DCA, 0x4DCA, 0x4DEA, 0x4DEA, 0x4DEA, 0x4DEA, 0x4DEA, 0x4DEA, 0x45EA, 0x45EA, 0x45CB, 0x45CB, 0x45CB, 0x45CB, 0x45CB,
    0x45CB, 0x45CB, 0x45CB, 0x3DAB, 0x3DAB, 0x3DAB, 0x3DAB, 0x3DAB, 0x3DAB, 0x3DAB, 0x3DAB, 0x3DAB, 0x3D8B, 0x358B, 0x358B, 0x358B,
    0x358B, 0x358B, 0x358B, 0x358B, 0x358B, 0x356B, 0x2D6B, 0x2D6B, 0x2D6B, 0x2D6B, 0x2D6B, 0x2D6B, 0x2D6B, 0x2D4B, 0x2D4B, 0x2D4B,
    0x254B, 0x254B, 0x254B, 0x254B, 0x254B, 0x252B, 0x252B, 0x252B, 0x252B, 0x252B, 0x1D2B, 0x1D2B, 0x1D2C, 0x1D0C, 0x1D0C, 0x1D0C,
    0x1D0C, 0x1D0C, 0x1D0C, 0x1D0C, 0x150C, 0x150C, 0x14EC, 0x14EC, 0x14EC, 0x14EC, 0x14EC, 0x14EC, 0x14EC, 0x0CCC, 0x0CCC, 0x0CCC,
    0x0CCC, 0x0CCC, 0x0CCC, 0x0CCC, 0x0CAC, 0x0CAC, 0x0CAB, 0x0CAB, 0x0CAB, 0x0CAB, 0x0C8B, 0x0C8B, 0x0C8B, 0x0C8B, 0x0C8B, 0x0C8B,
    0x0C6B, 0x0C6B, 0x0C6B, 0x0C6B, 0x0C4B, 0x0C4B, 0x0C4A, 0x0C4A, 0x0C4A, 0x0C2A, 0x0C2A, 0x0C2A, 0x0C2A, 0x0C0A, 0x0C0A, 0x0C0A,
    0x0C0A, 0x0BEA, 0x0BEA, 0x0BE9, 0x0BE9, 0x0BC9, 0x0BC9, 0x0BC9, 0x0BA9, 0x0BA9, 0x0BA9, 0x0B89, 0x0B89, 0x0B88, 0x0B88, 0x0B88,
    0x7D49, 0x7D49, 0x7D49, 0x7D49, 0x7D69, 0x8569, 0x8569, 0x858A, 0x858A, 0x858A, 0x85AA, 0x85AA, 0x85CA, 0x85CA, 0x85CA, 0x85EA,
    0x85EA, 0x85EA, 0x85EA, 0x860A, 0x860A, 0x862A, 0x862A, 0x8E2A, 0x8E2A, 0x8E2A, 0x8E4A, 0x8E4A, 0x8E4A, 0x8E6A, 0x8E6A, 0x866A,
    0x866A, 0x8E6A, 0x868A, 0x868A, 0x8E8A, 0x868A, 0x868A, 0x86AA, 0x86AA, 0x86AA, 0x86AA, 0x86AA, 0x86AA, 0x86AA, 0x86CA, 0x86CA,
    0x86CA, 0x86CA, 0x86CA, 0x86CA, 0x7ECA, 0x7ECA, 0x7ECA, 0x7ECA, 0x7ECA, 0x7ECA, 0x7ECA, 0x7ECA, 0x7ECA, 0x7EAA, 0x7EAA, 0x76AA,
    0x76AA, 0x76A9, 0x76A9, 0x76A9, 0x76A9, 0x6E49, 0x5587, 0xAEB4, 0xE77C, 0xD739, 0x75EC, 0x5DE8, 0x6E6A, 0x6E8A, 0x6E8A, 0x6E6A,
    0x6649, 0x6609, 0x5588, 0x44E6, 0x3CA6, 0x3CA6, 0x3CC6, 0x44E7, 0x4D47, 0x55C9, 0x5E09, 0x5E09, 0x5DE9, 0x5DC9, 0x55A9, 0x55C9,
    0x55E9, 0x5E0A, 0x5E2A, 0x5E0A, 0x560A, 0x55EA, 0x55EA, 0x55EA, 0x560A, 0x560A, 0x560A, 0x560A, 0x560A, 0x560A, 0x560A, 0x4E0A,
    0x4DEA, 0x4DEA, 0x4DEA, 0x4DEA, 0x4DEA, 0x4DEA, 0x4DEA, 0x4DEA, 0x45EA, 0x45EA, 0x45CB, 0x45CB, 0x45CB, 0x45CB, 0x45CB, 0x45CB,
    0x45CB, 0x45CB, 0x3DCB, 0x3DAB, 0x3DAB, 0x3DAB, 0x3DAB, 0x3DAB, 0x3DAB, 0x3DAB, 0x3DAB, 0x3D8B, 0x358B, 0x358B, 0x358B, 0x358B,
    0x358B, 0x358B, 0x358B, 0x356B, 0x356B, 0x2D6B, 0x2D6B, 0x2D6B, 0x2D6B, 0x2D6B, 0x2D6B, 0x2D6B, 0x2D4B, 0x2D4B, 0x2D4B, 0x254B,
    0x254B, 0x254B, 0x254B, 0x254B, 0x252B, 0x252B, 0x252B, 0x252B, 0x252B, 0x1D2B, 0x1D2B, 0x1D2C, 0x1D2C, 0x1D0C, 0x1D0C, 0x1D0C,
    0x1D0C, 0x1D0C, 0x1D0C, 0x150C, 0x150C, 0x14EC, 0x14EC, 0x14EC, 0x14EC, 0x14EC, 0x14EC, 0x14EC, 0x0CCC, 0x0CCC, 0x0CCC, 0x0CCC,
    0x0CCC, 0x0CCC, 0x0CCC, 0x0CCC, 0x0CAC, 0x0CAC, 0x0CAB, 0x0CAB, 0x0CAB, 0x0CAB, 0x0C8B, 0x0C8B, 0x0C8B, 0x0C8B, 0x0C8B, 0x0C8B,
    0x0C6B, 0x0C6B, 0x0C6B, 0x0C6B, 0x0C4B, 0x0C4B, 0x0C4B, 0x0C4A, 0x0C4A, 0x0C2A, 0x0C2A, 0x0C2A, 0x0C2A, 0x0C2A, 0x0C0A, 0x0C0A,
    0x0C0A, 0x0BEA, 0x0BEA, 0x0BE9, 0x0BE9, 0x0BC9, 0x0BC9, 0x0BC9, 0x0BA9, 0x0BA9, 0x0BA9, 0x0BA9, 0x0B89, 0x0B89, 0x0B88, 0x0B88,
    0x7D49, 0x7D49, 0x7D49, 0x7D49, 0x7D69, 0x7D69, 0x8589, 0x8589, 0x858A, 0x85AA, 0x85AA, 0x85AA, 0x85CA, 0x85CA, 0x85CA, 0x85EA,
    0x85EA, 0x85EA, 0x860A, 0x860A, 0x860A, 0x860A, 0x862A, 0x862A, 0x862A, 0x864A, 0x864A, 0x864A, 0x864A, 0x866A, 0x866A, 0x866A,
    0x866A, 0x866A, 0x868A, 0x868A, 0x868A, 0x868A, 0x86AA, 0x86AA, 0x86AA, 0x86AA, 0x86AA, 0x86AA, 0x86AA, 0x86AA, 0x86CA, 0x86CA,
    0x86CA, 0x86CA, 0x86CA, 0x86CA, 0x7ECA, 0x7ECA, 0x7ECA, 0x7ECA, 0x7ECA, 0x7ECA, 0x7ECA, 0x7ECA, 0x7EAA, 0x7EAA, 0x76AA, 0x76AA,
    0x76A9, 0x76A9, 0x76A9, 0x76A9, 0x76A9, 0x6E49, 0x65E8, 0x5D89, 0x5D28, 0x5527, 0x5DA8, 0x6629, 0x6E69, 0x6E6A, 0x6E8A, 0x6E6A,
    0x666A, 0x6629, 0x5DE9, 0x5DC9, 0x5D89, 0x5D89, 0x5DA9, 0x5DC9, 0x5DE9, 0x5E09, 0x5E2A, 0x5E2A, 0x5E2A, 0x5E0A, 0x5E0A, 0x5E0A,
    0x5E2A, 0x5E2A, 0x5E2A, 0x5E2A, 0x562A, 0x562A, 0x560A, 0x560A, 0x560A, 0x560A, 0x560A, 0x560A, 0x560A, 0x560A, 0x4E0A, 0x4E0A,
    0x4DEA, 0x4DEA, 0x4DEA, 0x4DEA, 0x4DEA, 0x4DEA, 0x4DEA, 0x45EA, 0x45EA, 0x45CB, 0x45CB, 0x45CB, 0x45CB, 0x45CB, 0x45CB, 0x45CB,
    0x45CB, 0x3DAB, 0x3DAB, 0x3DAB, 0x3DAB, 0x3DAB, 0x3DAB, 0x3DAB, 0x3DAB, 0x3DAB, 0x3D8B, 0x358B, 0x358B, 0x358B, 0x358B, 0x358B,
    0x358B, 0x358B, 0x356B, 0x356B, 0x2D6B, 0x2D6B, 0x2D6B, 0x2D6B, 0x2D6B, 0x2D6B, 0x2D6B, 0x2D4B, 0x2D4B, 0x2D4B, 0x254B, 0x254B,
    0x254B, 0x254B, 0x254B, 0x252B, 0x252B, 0x252B, 0x252B, 0x1D2B, 0x1D2B, 0x1D2B, 0x1D2C, 0x1D2C, 0x1D0C, 0x1D0C, 0x1D0C, 0x1D0C,
    0x1D0C, 0x1D0C, 0x150C, 0x150C, 0x14EC, 0x14EC, 0x14EC, 0x14EC, 0x14EC, 0x14EC, 0x14CC, 0x0CCC, 0x0CCC, 0x0CCC, 0x0CCC, 0x0CCC,
    0x0CCC, 0x0CCC, 0x0CCC, 0x0CCC, 0x0CAC, 0x0CAC, 0x0CAC, 0x0CAB, 0x0CAB, 0x0CAB, 0x0C8B, 0x0C8B, 0x0C8B, 0x0C8B, 0x0C8B, 0x0C8B,
    0x0C8B, 0x0C6B, 0x0C6B, 0x0C6B, 0x0C6B, 0x0C4B, 0x0C4B, 0x0C4A, 0x0C4A, 0x0C4A, 0x0C2A, 0x0C2A, 0x0C2A, 0x0C2A, 0x0C0A, 0x0C0A,
    0x0C0A, 0x0C0A, 0x0BEA, 0x0BE9, 0x0BE9, 0x0BC9, 0x0BC9, 0x0BC9, 0x0BC9, 0x0BA9, 0x0BA9, 0x0BA9, 0x0B89, 0x0B89, 0x0B88, 0x0B88,
    0x7D49, 0x7D49, 0x7D49, 0x7D49, 0x7D69, 0x7D69, 0x8589, 0x858A, 0x858A, 0x858A, 0x85AA, 0x85AA, 0x85CA, 0x85CA, 0x85EA, 0x85EA,
    0x85EA, 0x85EA, 0x860A, 0x860A, 0x860A, 0x862A, 0x862A, 0x862A, 0x862A, 0x864A, 0x864A, 0x864A, 0x864A, 0x866A, 0x866A, 0x866A,
    0x866A, 0x866A, 0x868A, 0x868A, 0x868A, 0x868A, 0x86AA, 0x868A, 0x86AA, 0x86AA, 0x86AA, 0x86AA, 0x86AA, 0x86AA, 0x86AA, 0x86CA,
    0x86CA, 0x86AA, 0x86CA, 0x7ECA, 0x7ECA, 0x7ECA, 0x7ECA, 0x7ECA, 0x7ECA, 0x7ECA, 0x7ECA, 0x7EAA, 0x76AA, 0x76AA, 0x76AA, 0x76A9,
    0x76A9, 0x76A9, 0x76A9, 0x76A9, 0x7689, 0x6E69, 0x6E29, 0x65E8, 0x5DA8, 0x65C9, 0x6609, 0x6649, 0x6E69, 0x6E6A, 0x6E6A, 0x6E6A,
    0x666A, 0x664A, 0x6649, 0x6629, 0x5E09, 0x5E09, 0x5E09, 0x5E29, 0x5E2A, 0x5E2A, 0x5E4A, 0x5E4A, 0x5E4A, 0x5E2A, 0x5E2A, 0x5E2A,
    0x5E2A, 0x5E2A, 0x5E2A, 0x562A, 0x562A, 0x562A, 0x562A, 0x560A, 0x560A, 0x560A, 0x560A, 0x560A, 0x560A, 0x4E0A, 0x4E0A, 0x4E0A,
    0x4DEA, 0x4DEA, 0x4DEA, 0x4DEA, 0x4DEA, 0x4DEA, 0x45EA, 0x45EA, 0x45CB, 0x45CB, 0x45CB, 0x45CB, 0x45CB, 0x45CB, 0x45CB, 0x45CB,
    0x3DAB, 0x3DAB, 0x3DAB, 0x3DAB, 0x3DAB, 0x3DAB, 0x3DAB, 0x3DAB, 0x3D8B, 0x358B, 0x358B, 0x358B, 0x358B, 0x358B, 0x358B, 0x358B,
    0x358B, 0x356B, 0x356B, 0x2D6B, 0x2D6B, 0x2D6B, 0x2D6B, 0x2D6B, 0x2D6B, 0x2D4B, 0x2D4B, 0x2D4B, 0x2D4B, 0x254B, 0x254B, 0x254B,
    0x254B, 0x254B, 0x252B, 0x252B, 0x252B, 0x252B, 0x1D2B, 0x1D2B, 0x1D2B, 0x1D2C, 0x1D0C, 0x1D0C, 0x1D0C, 0x1D0C, 0x1D0C, 0x1D0C,
    0x150C, 0x150C, 0x150C, 0x14EC, 0x14EC, 0x14EC, 0x14EC, 0x14EC, 0x14EC, 0x14EC, 0x0CCC, 0x0CCC, 0x0CCC, 0x0CCC, 0x0CCC, 0x0CCC,
    0x0CCC, 0x0CCC, 0x0CCC, 0x0CCC, 0x0CCC, 0x0CAC, 0x0CAC, 0x0CAB, 0x0CAB, 0x0CAB, 0x0CAB, 0x0C8B, 0x0C8B, 0x0C8B, 0x0C8B, 0x0C8B,
    0x0C8B, 0x0C6B, 0x0C6B, 0x0C6B, 0x0C6B, 0x0C4B, 0x0C4B, 0x0C4A, 0x0C4A, 0x0C4A, 0x0C2A, 0x0C2A, 0x0C2A, 0x0C2A, 0x0C0A, 0x0C0A,
    0x0C0A, 0x0BEA, 0x0BEA, 0x0BEA, 0x0BE9, 0x0BC9, 0x0BC9, 0x0BC9, 0x0BC9, 0x0BA9, 0x0BA9, 0x0BA9, 0x0B89, 0x0B89, 0x0B88, 0x0B88,
    0x7D49, 0x7D29, 0x7D49, 0x7D49, 0x7D69, 0x7D69, 0x7D69, 0x8589, 0x858A, 0x85AA, 0x85AA, 0x85AA, 0x85CA, 0x85CA, 0x85CA, 0x85EA,
    0x85EA, 0x85EA, 0x860A, 0x860A, 0x860A, 0x862A, 0x862A, 0x862A, 0x862A, 0x864A, 0x864A, 0x864A, 0x864A, 0x866A, 0x866A, 0x866A,
    0x866A, 0x866A, 0x868A, 0x868A, 0x868A, 0x868A, 0x868A, 0x868A, 0x86AA, 0x86AA, 0x86AA, 0x86AA, 0x86AA, 0x86AA, 0x86CA, 0x86CA,
    0x86AA, 0x7EAA, 0x7ECA, 0x7ECA, 0x7ECA, 0x7ECA, 0x7ECA, 0x7ECA, 0x7ECA, 0x7ECA, 0x7EAA, 0x76AA, 0x76AA, 0x76AA, 0x76A9, 0x76A9,
    0x76A9, 0x76A9, 0x76A9, 0x76A9, 0x7689, 0x6E89, 0x6E69, 0x6E49, 0x6629, 0x6629, 0x6649, 0x6E69, 0x6E6A, 0x6E6A, 0x6E6A, 0x666A,
    0x666A, 0x666A, 0x666A, 0x664A, 0x664A, 0x664A, 0x664A, 0x664A, 0x5E4A, 0x5E4A, 0x5E4A, 0x5E4A, 0x5E4A, 0x5E4A, 0x5E2A, 0x5E2A,
    0x5E2A, 0x5E2A, 0x562A, 0x562A, 0x562A, 0x562A, 0x560A, 0x560A, 0x560A, 0x560A, 0x560A, 0x560A, 0x4E0A, 0x4E0A, 0x4E0A, 0x4DEA,
    0x4DEA, 0x4DEA, 0x4DEA, 0x4DEA, 0x4DEA, 0x45EA, 0x45EA, 0x45CB, 0x45CB, 0x45CB, 0x45CB, 0x45CB, 0x45CB, 0x45CB, 0x45CB, 0x3DAB,
    0x3DAB, 0x3DAB, 0x3DAB, 0x3DAB, 0x3DAB, 0x3DAB, 0x3DAB, 0x3D8B, 0x358B, 0x358B, 0x358B, 0x358B, 0x358B, 0x358B, 0x358B, 0x358B,
    0x356B, 0x356B, 0x2D6B, 0x2D6B, 0x2D6B, 0x2D6B, 0x2D6B, 0x2D6B, 0x2D4B, 0x2D4B, 0x2D4B, 0x2D4B, 0x254B, 0x254B, 0x254B, 0x254B,
    0x254B, 0x252B, 0x252B, 0x252B, 0x252B, 0x1D2B, 0x1D2B, 0x1D2B, 0x1D2C, 0x1D0C, 0x1D0C, 0x1D0C, 0x1D0C, 0x1D0C, 0x1D0C, 0x150C,
    0x150C, 0x150C, 0x14EC, 0x14EC, 0x14EC, 0x14EC, 0x14EC, 0x14EC, 0x14EC, 0x0CEC, 0x0CEC, 0x0CCC, 0x0CCC, 0x0CCC, 0x0CCC, 0x0CCC,
    0x0CCC, 0x0CCC, 0x0CCC, 0x0CCC, 0x0CCC, 0x0CAC, 0x0CAC, 0x0CAB, 0x0CAB, 0x0CAB, 0x0CAB, 0x0C8B, 0x0C8B, 0x0C8B, 0x0C8B, 0x0C8B,
    0x0C8B, 0x0C6B, 0x0C6B, 0x0C6B, 0x0C6B, 0x0C4B, 0x0C4B, 0x0C4A, 0x0C4A, 0x0C4A, 0x0C2A, 0x0C2A, 0x0C2A, 0x0C2A, 0x0C0A, 0x0C0A,
    0x0C0A, 0x0BEA, 0x0BEA, 0x0BEA, 0x0BE9, 0x0BE9, 0x0BC9, 0x0BC9, 0x0BC9, 0x0BA9, 0x0BA9, 0x0BA9, 0x0B89, 0x0B89, 0x0B88, 0x0B88,
    0x7D29, 0x7D29, 0x7D49, 0x7D49, 0x7D69, 0x7D69, 0x7D89, 0x7D89, 0x8589, 0x85AA, 0x85AA, 0x85AA, 0x85CA, 0x85CA, 0x85CA, 0x85EA,
    0x85EA, 0x85EA, 0x860A, 0x860A, 0x860A, 0x860A, 0x862A, 0x862A, 0x862A, 0x864A, 0x864A, 0x864A, 0x864A, 0x866A, 0x866A, 0x866A,
    0x866A, 0x866A, 0x868A, 0x868A, 0x868A, 0x868A, 0x868A, 0x868A, 0x86AA, 0x86AA, 0x86AA, 0x86AA, 0x86AA, 0x86AA, 0x86AA, 0x86AA,
    0x7EAA, 0x7ECA, 0x7EAA, 0x7ECA, 0x7ECA, 0x7ECA, 0x7ECA, 0x7ECA, 0x7ECA, 0x7EAA, 0x7EAA, 0x76AA, 0x76AA, 0x76A9, 0x76A9, 0x76A9,
    0x76A9, 0x76A9, 0x76A9, 0x7689, 0x6E89, 0x6E8A, 0x6E8A, 0x6E8A, 0x6E8A, 0x6E8A, 0x6E8A, 0x6E8A, 0x6E6A, 0x6E6A, 0x666A, 0x666A,
    0x666A, 0x666A, 0x666A, 0x666A, 0x664A, 0x664A, 0x664A, 0x5E4A, 0x5E4A, 0x5E4A, 0x5E4A, 0x5E4A, 0x5E4A, 0x5E2A, 0x5E2A, 0x5E2A,
    0x5E2A, 0x562A, 0x562A, 0x562A, 0x562A, 0x560A, 0x560A, 0x560A, 0x560A, 0x560A, 0x560A, 0x4E0A, 0x4E0A, 0x4DEA, 0x4DEA, 0x4DEA,
    0x4DEA, 0x4DEA, 0x4DEA, 0x4DEA, 0x45EA, 0x45EA, 0x45CB, 0x45CB, 0x45CB, 0x45CB, 0x45CB, 0x45CB, 0x45CB, 0x45CB, 0x3DAB, 0x3DAB,
    0x3DAB, 0x3DAB, 0x3DAB, 0x3DAB, 0x3DAB, 0x3DAB, 0x3DAB, 0x358B, 0x358B, 0x358B, 0x358B, 0x358B, 0x358B, 0x358B, 0x358B, 0x356B,
    0x356B, 0x2D6B, 0x2D6B, 0x2D6B, 0x2D6B, 0x2D6B, 0x2D6B, 0x2D4B, 0x2D4B, 0x2D4B, 0x2D4B, 0x254B, 0x254B, 0x254B, 0x254B, 0x254B,
    0x252B, 0x252B, 0x252B, 0x252B, 0x1D2B, 0x1D2B, 0x1D2B, 0x1D2C, 0x1D0C, 0x1D0C, 0x1D0C, 0x1D0C, 0x1D0C, 0x1D0C, 0x150C, 0x150C,
    0x150C, 0x14EC, 0x14EC, 0x14EC, 0x14EC, 0x14EC, 0x14EC, 0x14EC, 0x0CEC, 0x0CEC, 0x0CEC, 0x0CCC, 0x0CCC, 0x0CCC, 0x0CCC, 0x0CCC,
    0x0CCC, 0x0CCC, 0x0CCC, 0x0CCC, 0x0CCC, 0x0CAC, 0x0CAC, 0x0CAC, 0x0CAB, 0x0CAB, 0x0CAB, 0x0C8B, 0x0C8B, 0x0C8B, 0x0C8B, 0x0C8B,
    0x0C8B, 0x0C6B, 0x0C6B, 0x0C6B, 0x0C6B, 0x0C4B, 0x0C4B, 0x0C4B, 0x0C4A, 0x0C4A, 0x0C2A, 0x0C2A, 0x0C2A, 0x0C2A, 0x0C0A, 0x0C0A,
    0x0C0A, 0x0C0A, 0x0BEA, 0x0BEA, 0x0BE9, 0x0BE9, 0x0BC9, 0x0BC9, 0x0BC9, 0x0BA9, 0x0BA9, 0x0BA9, 0x0B89, 0x0B89, 0x0B88, 0x0B88,
    0x7D29, 0x7D29, 0x7D49, 0x7D49, 0x7D69, 0x7D69, 0x7D69, 0x7D89, 0x7D89, 0x85AA, 0x85AA, 0x85AA, 0x85CA, 0x85CA, 0x85CA, 0x85EA,
    0x85EA, 0x85EA, 0x860A, 0x860A, 0x860A, 0x862A, 0x862A, 0x862A, 0x862A, 0x864A, 0x864A, 0x864A, 0x864A, 0x866A, 0x866A, 0x866A,
    0x866A, 0x866A, 0x868A, 0x868A, 0x868A, 0x868A, 0x868A, 0x868A, 0x86AA, 0x86AA, 0x86AA, 0x86AA, 0x86AA, 0x86AA, 0x86AA, 0x7EAA,
    0x7EAA, 0x7EAA, 0x7EAA, 0x7ECA, 0x7ECA, 0x7ECA, 0x7ECA, 0x7ECA, 0x7EAA, 0x7EAA, 0x76AA, 0x76AA, 0x76A9, 0x76A9, 0x76A9, 0x76A9,
    0x76A9, 0x76A9, 0x76A9, 0x6E89, 0x6E8A, 0x6E8A, 0x6E8A, 0x6E8A, 0x6E8A, 0x6E8A, 0x6E8A, 0x6E6A, 0x6E6A, 0x666A, 0x666A, 0x666A,
    0x666A, 0x666A, 0x666A, 0x664A, 0x664A, 0x664A, 0x5E4A, 0x5E4A, 0x5E4A, 0x5E4A, 0x5E4A, 0x5E4A, 0x5E2A, 0x5E2A, 0x5E2A, 0x5E2A,
    0x562A, 0x562A, 0x562A, 0x562A, 0x560A, 0x560A, 0x560A, 0x560A, 0x560A, 0x4E0A, 0x4E0A, 0x4E0A, 0x4DEA, 0x4DEA, 0x4DEA, 0x4DEA,
    0x4DEA, 0x4DEA, 0x4DEA, 0x45EA, 0x45EA, 0x45CB, 0x45CB, 0x45CB, 0x45CB, 0x45CB, 0x45CB, 0x45CB, 0x45CB, 0x3DAB, 0x3DAB, 0x3DAB,
    0x3DAB, 0x3DAB, 0x3DAB, 0x3DAB, 0x3DAB, 0x3DAB, 0x358B, 0x358B, 0x358B, 0x358B, 0x358B, 0x358B, 0x358B, 0x358B, 0x356B, 0x356B,
    0x2D6B, 0x2D6B, 0x2D6B, 0x2D6B, 0x2D6B, 0x2D6B, 0x2D4B, 0x2D4B, 0x2D4B, 0x2D4B, 0x254B, 0x254B, 0x254B, 0x254B, 0x254B, 0x252B,
    0x252B, 0x252B, 0x252B, 0x252B, 0x1D2B, 0x1D2B, 0x1D2C, 0x1D0C, 0x1D0C, 0x1D0C, 0x1D0C, 0x1D0C, 0x1D0C, 0x150C, 0x150C, 0x150C,
    0x14EC, 0x14EC, 0x14EC, 0x14EC, 0x14EC, 0x14EC, 0x14EC, 0x0CEC, 0x0CEC, 0x0CEC, 0x0CEC, 0x0CEC, 0x0CCC, 0x0CCC, 0x0CCC, 0x0CCC,
    0x0CCC, 0x0CCC, 0x0CCC, 0x0CCC, 0x0CCC, 0x0CCC, 0x0CAC, 0x0CAC, 0x0CAB, 0x0CAB, 0x0CAB, 0x0C8B, 0x0C8B, 0x0C8B, 0x0C8B, 0x0C8B,
    0x0C8B, 0x0C6B, 0x0C6B, 0x0C6B, 0x0C6B, 0x0C6B, 0x0C4B, 0x0C4B, 0x0C4A, 0x0C4A, 0x0C2A, 0x0C2A, 0x0C2A, 0x0C2A, 0x0C2A, 0x0C0A,
    0x0C0A, 0x0C0A, 0x0BEA, 0x0BEA, 0x0BE9, 0x0BE9, 0x0BC9, 0x0BC9, 0x0BC9, 0x0BA9, 0x0BA9, 0x0BA9, 0x0BA9, 0x0B89, 0x0B89, 0x0B88,
    0x7D29, 0x7D29, 0x7D49, 0x7D49, 0x7D69, 0x7D69, 0x7D69, 0x7D89, 0x7D89, 0x85AA, 0x85AA, 0x85AA, 0x85CA, 0x85CA, 0x85CA, 0x85EA,
    0x85EA, 0x85EA, 0x860A, 0x860A, 0x860A, 0x862A, 0x862A, 0x862A, 0x862A, 0x864A, 0x864A, 0x864A, 0x864A, 0x866A, 0x866A, 0x866A,
    0x866A, 0x866A, 0x868A, 0x868A, 0x868A, 0x868A, 0x868A, 0x868A, 0x86AA, 0x86AA, 0x86AA, 0x86AA, 0x86AA, 0x7EAA, 0x7EAA, 0x7EAA,
    0x7EAA, 0x7EAA, 0x7EAA, 0x7ECA, 0x7EAA, 0x7ECA, 0x7ECA, 0x7EAA, 0x7EAA, 0x76AA, 0x76AA, 0x76A9, 0x76A9, 0x76A9, 0x76A9, 0x76A9,
    0x76A9, 0x76A9, 0x6E89, 0x6E8A, 0x6E8A, 0x6E8A, 0x6E8A, 0x6E8A, 0x6E8A, 0x6E8A, 0x6E6A, 0x6E6A, 0x666A, 0x666A, 0x666A, 0x666A,
    0x666A, 0x666A, 0x664A, 0x664A, 0x664A, 0x5E4A, 0x5E4A, 0x5E4A, 0x5E4A, 0x5E4A, 0x5E4A, 0x5E2A, 0x5E2A, 0x5E2A, 0x5E2A, 0x562A,
    0x562A, 0x562A, 0x562A, 0x560A, 0x560A, 0x560A, 0x560A, 0x560A, 0x4E0A, 0x4E0A, 0x4E0A, 0x4DEA, 0x4DEA, 0x4DEA, 0x4DEA, 0x4DEA,
    0x4DEA, 0x4DEA, 0x45EA, 0x45EA, 0x45CB, 0x45CB, 0x45CB, 0x45CB, 0x45CB, 0x45CB, 0x45CB, 0x45CB, 0x3DAB, 0x3DAB, 0x3DAB, 0x3DAB,
    0x3DAB, 0x3DAB, 0x3DAB, 0x3DAB, 0x3DAB, 0x3D8B, 0x358B, 0x358B, 0x358B, 0x358B, 0x358B, 0x358B, 0x358B, 0x356B, 0x356B, 0x2D6B,
    0x2D6B, 0x2D6B, 0x2D6B, 0x2D6B, 0x2D6B, 0x2D6B, 0x2D4B, 0x2D4B, 0x2D4B, 0x254B, 0x254B, 0x254B, 0x254B, 0x254B, 0x252B, 0x252B,
    0x252B, 0x252B, 0x252B, 0x1D2B, 0x1D2B, 0x1D2C, 0x1D0C, 0x1D0C, 0x1D0C, 0x1D0C, 0x1D0C, 0x1D0C, 0x1D0C, 0x150C, 0x150C, 0x14EC,
    0x14EC, 0x14EC, 0x14EC, 0x14EC, 0x14EC, 0x14EC, 0x0CEC, 0x0CEC, 0x0CEC, 0x0CEC, 0x0CEC, 0x0CEC, 0x0CCC, 0x0CCC, 0x0CCC, 0x0CCC,
    0x0CCC, 0x0CCC, 0x0CCC, 0x0CCC, 0x0CCC, 0x0CCC, 0x0CAC, 0x0CAC, 0x0CAB, 0x0CAB, 0x0CAB, 0x0CAB, 0x0C8B, 0x0C8B, 0x0C8B, 0x0C8B,
    0x0C8B, 0x0C8B, 0x0C6B, 0x0C6B, 0x0C6B, 0x0C6B, 0x0C4B, 0x0C4B, 0x0C4A, 0x0C4A, 0x0C2A, 0x0C2A, 0x0C2A, 0x0C2A, 0x0C2A, 0x0C0A,
    0x0C0A, 0x0C0A, 0x0C0A, 0x0BEA, 0x0BE9, 0x0BE9, 0x0BC9, 0x0BC9, 0x0BC9, 0x0BA9, 0x0BA9, 0x0BA9, 0x0BA9, 0x0B89, 0x0B89, 0x0B88,
    0x7D29, 0x7D29, 0x7D49, 0x7D49, 0x7D69, 0x7D69, 0x7D89, 0x7D89, 0x7D89, 0x7DA9, 0x7DAA, 0x85AA, 0x85CA, 0x85CA, 0x85CA, 0x85EA,
    0x85EA, 0x85EA, 0x860A, 0x860A, 0x860A, 0x860A, 0x862A, 0x862A, 0x862A, 0x864A, 0x864A, 0x864A, 0x864A, 0x866A, 0x866A, 0x866A,
    0x866A, 0x866A, 0x868A, 0x868A, 0x868A, 0x868A, 0x868A, 0x868A, 0x86AA, 0x86AA, 0x86AA, 0x7EAA, 0x7EAA, 0x7EAA, 0x7EAA, 0x7EAA,
    0x7EAA, 0x7EAA, 0x7EAA, 0x7EAA, 0x7ECA, 0x7ECA, 0x7EAA, 0x7EAA, 0x76AA, 0x76AA, 0x76A9, 0x76A9, 0x76A9, 0x76A9, 0x76A9, 0x76A9,
    0x76A9, 0x6E89, 0x6E89, 0x6E8A, 0x6E8A, 0x6E8A, 0x6E8A, 0x6E8A, 0x6E8A, 0x6E6A, 0x6E6A, 0x666A, 0x666A, 0x666A, 0x666A, 0x666A,
    0x666A, 0x666A, 0x664A, 0x664A, 0x5E4A, 0x5E4A, 0x5E4A, 0x5E4A, 0x5E4A, 0x5E4A, 0x5E2A, 0x5E2A, 0x5E2A, 0x5E2A, 0x562A, 0x562A,
    0x562A, 0x562A, 0x560A, 0x560A, 0x560A, 0x560A, 0x560A, 0x560A, 0x4E0A, 0x4E0A, 0x4DEA, 0x4DEA, 0x4DEA, 0x4DEA, 0x4DEA, 0x4DEA,
    0x4DEA, 0x45EA, 0x45EA, 0x45CB, 0x45CB, 0x45CB, 0x45CB, 0x45CB, 0x45CB, 0x45CB, 0x45CB, 0x3DAB, 0x3DAB, 0x3DAB, 0x3DAB, 0x3DAB,
    0x3DAB, 0x3DAB, 0x3DAB, 0x3DAB, 0x3D8B, 0x358B, 0x358B, 0x358B, 0x358B, 0x358B, 0x358B, 0x358B, 0x356B, 0x356B, 0x356B, 0x2D6B,
    0x2D6B, 0x2D6B, 0x2D6B, 0x2D6B, 0x2D6B, 0x2D4B, 0x2D4B, 0x2D4B, 0x254B, 0x254B, 0x254B, 0x254B, 0x254B, 0x252B, 0x252B, 0x252B,
    0x252B, 0x252B, 0x1D2B, 0x1D2B, 0x1D2C, 0x1D0C, 0x1D0C, 0x1D0C, 0x1D0C, 0x1D0C, 0x1D0C, 0x1D0C, 0x150C, 0x150C, 0x14EC, 0x14EC,
    0x14EC, 0x14EC, 0x14EC, 0x14EC, 0x14EC, 0x0CEC, 0x0CEC, 0x0CEC, 0x0CEC, 0x0CEC, 0x0CEC, 0x0CEC, 0x0CCC, 0x0CCC, 0x0CCC, 0x0CCC,
    0x0CCC, 0x0CCC, 0x0CCC, 0x0CCC, 0x0CCC, 0x0CCC, 0x0CAC, 0x0CAC, 0x0CAB, 0x0CAB, 0x0CAB, 0x0CAB, 0x0C8B, 0x0C8B, 0x0C8B, 0x0C8B,
    0x0C8B, 0x0C8B, 0x0C6B, 0x0C6B, 0x0C6B, 0x0C6B, 0x0C4B, 0x0C4B, 0x0C4A, 0x0C4A, 0x0C2A, 0x0C2A, 0x0C2A, 0x0C2A, 0x0C2A, 0x0C0A,
    0x0C0A, 0x0C0A, 0x0C0A, 0x0BEA, 0x0BEA, 0x0BE9, 0x0BC9, 0x0BC9, 0x0BC9, 0x0BC9, 0x0BA9, 0x0BA9, 0x0BA9, 0x0B89, 0x0B89, 0x0B88,
    0x7D29, 0x7D29, 0x7D49, 0x7D49, 0x7D69, 0x7D69, 0x7D89, 0x7D89, 0x7D89, 0x7DA9, 0x7DAA, 0x7DAA, 0x7DCA, 0x85CA, 0x85CA, 0x85EA,
    0x85EA, 0x85EA, 0x860A, 0x860A, 0x860A, 0x862A, 0x862A, 0x862A, 0x862A, 0x864A, 0x864A, 0x864A, 0x864A, 0x866A, 0x866A, 0x866A,
    0x866A, 0x866A, 0x868A, 0x868A, 0x868A, 0x868A, 0x868A, 0x868A, 0x7E8A, 0x86AA, 0x7EAA, 0x7EAA, 0x7EAA, 0x7EAA, 0x7EAA, 0x7EAA,
    0x7EAA, 0x7EAA, 0x7EAA, 0x7EAA, 0x7ECA, 0x7EAA, 0x7EAA, 0x76AA, 0x76AA, 0x76A9, 0x76A9, 0x76A9, 0x76A9, 0x76A9, 0x76A9, 0x76A9,
    0x6E89, 0x6E89, 0x6E8A, 0x6E8A, 0x6E8A, 0x6E8A, 0x6E8A, 0x6E8A, 0x6E6A, 0x6E6A, 0x666A, 0x666A, 0x666A, 0x666A, 0x666A, 0x666A,
    0x664A, 0x664A, 0x664A, 0x5E4A, 0x5E4A, 0x5E4A, 0x5E4A, 0x5E4A, 0x5E4A, 0x5E2A, 0x5E2A, 0x5E2A, 0x5E2A, 0x562A, 0x562A, 0x562A,
    0x562A, 0x560A, 0x560A, 0x560A, 0x560A, 0x560A, 0x4E0A, 0x4E0A, 0x4E0A, 0x4DEA, 0x4DEA, 0x4DEA, 0x4DEA, 0x4DEA, 0x4DEA, 0x4DEA,
    0x45EA, 0x45EA, 0x45CB, 0x45CB, 0x45CB, 0x45CB, 0x45CB, 0x45CB, 0x45CB, 0x45CB, 0x45CB, 0x45CB, 0x3DAB, 0x3DAB, 0x3DAB, 0x3DAB,
    0x3DAB, 0x3DAB, 0x3DAB, 0x358B, 0x358B, 0x358B, 0x358B, 0x358B, 0x358B, 0x358B, 0x358B, 0x356B, 0x356B, 0x356B, 0x2D6B, 0x2D6B,
    0x2D6B, 0x2D6B, 0x2D6B, 0x2D6B, 0x2D4B, 0x2D4B, 0x2D4B, 0x254B, 0x254B, 0x254B, 0x254B, 0x254B, 0x252B, 0x252B, 0x252B, 0x252B,
    0x252B, 0x1D2B, 0x1D2B, 0x1D2C, 0x1D2C, 0x1D0C, 0x1D0C, 0x1D0C, 0x1D0C, 0x1D0C, 0x1D0C, 0x150C, 0x150C, 0x14EC, 0x14EC, 0x14EC,
    0x14EC, 0x14EC, 0x14EC, 0x14EC, 0x0CEC, 0x0CEC, 0x0CEC, 0x0CEC, 0x0CEC, 0x0CEC, 0x0CEC, 0x0CEC, 0x0CCC, 0x0CCC, 0x0CCC, 0x0CCC,
    0x0CCC, 0x0CCC, 0x0CCC, 0x0CCC, 0x0CCC, 0x0CCC, 0x0CAC, 0x0CAC, 0x0CAB, 0x0CAB, 0x0CAB, 0x0CAB, 0x0C8B, 0x0C8B, 0x0C8B, 0x0C8B,
    0x0C8B, 0x0C8B, 0x0C6B, 0x0C6B, 0x0C6B, 0x0C6B, 0x0C4B, 0x0C4B, 0x0C4A, 0x0C4A, 0x0C4A, 0x0C2A, 0x0C2A, 0x0C2A, 0x0C2A, 0x0C0A,
    0x0C0A, 0x0C0A, 0x0BEA, 0x0BEA, 0x0BEA, 0x0BE9, 0x0BC9, 0x0BC9, 0x0BC9, 0x0BC9, 0x0BA9, 0x0BA9, 0x0BA9, 0x0B89, 0x0B89, 0x0B88,
    0x7D29, 0x7D49, 0x7D49, 0x7D49, 0x7D69, 0x7D69, 0x7D69, 0x7D89, 0x7D89, 0x7DA9, 0x7DA9, 0x7DAA, 0x7DCA, 0x7DCA, 0x7DEA, 0x85EA,
    0x85EA, 0x85EA, 0x85EA, 0x860A, 0x860A, 0x862A, 0x862A, 0x862A, 0x862A, 0x862A, 0x864A, 0x864A, 0x864A, 0x866A, 0x866A, 0x866A,
    0x866A, 0x866A, 0x868A, 0x868A, 0x868A, 0x868A, 0x7E8A, 0x7E8A, 0x7E8A, 0x7EAA, 0x7EAA, 0x7EAA, 0x7EAA, 0x7EAA, 0x7EAA, 0x7EAA,
    0x7EAA, 0x7EAA, 0x7EAA, 0x7EAA, 0x7EAA, 0x76AA, 0x76AA, 0x76AA, 0x76A9, 0x76A9, 0x76A9, 0x76A9, 0x76A9, 0x76A9, 0x7689, 0x6E89,
    0x6E8A, 0x6E8A, 0x6E8A, 0x6E8A, 0x6E8A, 0x6E8A, 0x6E6A, 0x6E6A, 0x666A, 0x666A, 0x666A, 0x666A, 0x666A, 0x666A, 0x666A, 0x664A,
    0x664A, 0x664A, 0x5E4A, 0x5E4A, 0x5E4A, 0x5E4A, 0x5E4A, 0x5E2A, 0x5E2A, 0x5E2A, 0x5E2A, 0x5E2A, 0x562A, 0x562A, 0x562A, 0x562A,
    0x560A, 0x560A, 0x560A, 0x560A, 0x560A, 0x4E0A, 0x4E0A, 0x4E0A, 0x4DEA, 0x4DEA, 0x4DEA, 0x4DEA, 0x4DEA, 0x4DEA, 0x4DEA, 0x4DEA,
    0x45CA, 0x45CB, 0x45CB, 0x45CB, 0x45CB, 0x45CB, 0x45CB, 0x3DAA, 0x3D8A, 0x3D8A, 0x358A, 0x356A, 0x356A, 0x358A, 0x3D8B, 0x3DAB,
    0x3DAB, 0x3DAB, 0x3D8B, 0x358B, 0x358B, 0x358B, 0x358B, 0x358B, 0x358B, 0x358B, 0x356B, 0x356B, 0x356B, 0x2D6B, 0x2D6B, 0x2D6B,
    0x2D6B, 0x2D6B, 0x2D4B, 0x2D4B, 0x2D4B, 0x2D4B, 0x254B, 0x254B, 0x254B, 0x254B, 0x254B, 0x252B, 0x252B, 0x252B, 0x252B, 0x252B,
    0x1D2B, 0x1D2B, 0x1D2C, 0x1D0C, 0x1D0C, 0x1D0C, 0x1D0C, 0x1D0C, 0x1D0C, 0x150C, 0x150C, 0x150C, 0x14EC, 0x14EC, 0x14EC, 0x14EC,
    0x14EC, 0x14EC, 0x14EC, 0x0CEC, 0x0CEC, 0x0CEC, 0x0CEC, 0x0CEC, 0x0CEC, 0x0CEC, 0x0CEC, 0x0CEC, 0x0CCC, 0x0CCC, 0x0CCC, 0x0CCC,
    0x0CCC, 0x0CCC, 0x0CCC, 0x0CCC, 0x0CCC, 0x0CCC, 0x0CCC, 0x0CAC, 0x0CAC, 0x0CAB, 0x0CAB, 0x0CAB, 0x0C8B, 0x0C8B, 0x0C8B, 0x0C8B,
    0x0C8B, 0x0C8B, 0x0C6B, 0x0C6B, 0x0C6B, 0x0C6B, 0x0C4B, 0x0C4B, 0x0C4B, 0x0C4A, 0x0C4A, 0x0C2A, 0x0C2A, 0x0C2A, 0x0C2A, 0x0C0A,
    0x0C0A, 0x0C0A, 0x0C0A, 0x0BEA, 0x0BEA, 0x0BE9, 0x0BE9, 0x0BC9, 0x0BC9, 0x0BA9, 0x0BA9, 0x0BA9, 0x0BA9, 0x0B89, 0x0B89, 0x0B88,
    0x7D29, 0x7D49, 0x7D49, 0x7D49, 0x7D69, 0x7D69, 0x7D69, 0x7D89, 0x7D89, 0x7DA9, 0x7DA9, 0x7DA9, 0x7DCA, 0x7DCA, 0x7DCA, 0x85EA,
    0x85EA, 0x85EA, 0x85EA, 0x860A, 0x860A, 0x860A, 0x862A, 0x862A, 0x862A, 0x862A, 0x864A, 0x864A, 0x864A, 0x866A, 0x866A, 0x866A,
    0x866A, 0x866A, 0x866A, 0x868A, 0x868A, 0x7E8A, 0x7E8A, 0x7E8A, 0x7E8A, 0x7EAA, 0x7EAA, 0x7EAA, 0x7EAA, 0x7EAA, 0x7EAA, 0x7EAA,
    0x7EAA, 0x7EAA, 0x7EAA, 0x7EAA, 0x7EAA, 0x76AA, 0x76AA, 0x76A9, 0x76A9, 0x76A9, 0x76A9, 0x76A9, 0x76A9, 0x7689, 0x6E89, 0x6E8A,
    0x6E8A, 0x6E8A, 0x6E8A, 0x6E8A, 0x6E8A, 0x6E6A, 0x6E6A, 0x666A, 0x666A, 0x666A, 0x666A, 0x666A, 0x666A, 0x666A, 0x664A, 0x664A,
    0x664A, 0x5E4A, 0x5E4A, 0x5E4A, 0x5E4A, 0x5E4A, 0x5E2A, 0x5E2A, 0x5E2A, 0x5E2A, 0x5E2A, 0x562A, 0x562A, 0x562A, 0x562A, 0x560A,
    0x560A, 0x560A, 0x560A, 0x560A, 0x4E0A, 0x4E0A, 0x4E0A, 0x4DEA, 0x4DEA, 0x4DEA, 0x4DEA, 0x4DEA, 0x4DEA, 0x4DEA, 0x4DEA, 0x45EA,
    0x45CB, 0x45CB, 0x45CB, 0x3DAA, 0x3569, 0x3549, 0x3549, 0x3D6A, 0x4D8B, 0x55AD, 0x55AD, 0x5DAE, 0x558D, 0x456C, 0x3D4A, 0x2D29,
    0x2D29, 0x2D4A, 0x358B, 0x3D8B, 0x358B, 0x358B, 0x358B, 0x358B, 0x358B, 0x356B, 0x356B, 0x2D6B, 0x2D6B, 0x2D6B, 0x2D6B, 0x2D6B,
    0x2D6B, 0x2D4B, 0x2D4B, 0x2D4B, 0x2D4B, 0x254B, 0x254B, 0x254B, 0x254B, 0x254B, 0x252B, 0x252B, 0x252B, 0x252B, 0x1D2B, 0x1D2B,
    0x1D2B, 0x1D2C, 0x1D0C, 0x1D0C, 0x1D0C, 0x1D0C, 0x1D0C, 0x1D0C, 0x150C, 0x150C, 0x150C, 0x14EC, 0x14EC, 0x14EC, 0x14EC, 0x14EC,
    0x14EC, 0x14EC, 0x0CEC, 0x0CEC, 0x0CEC, 0x0CEC, 0x0CEC, 0x0CEC, 0x0CEC, 0x0CEC, 0x0CEC, 0x0CEC, 0x0CCC, 0x0CCC, 0x0CCC, 0x0CCC,
    0x0CCC, 0x0CCC, 0x0CCC, 0x0CCC, 0x0CCC, 0x0CCC, 0x0CCC, 0x0CAC, 0x0CAC, 0x0CAB, 0x0CAB, 0x0CAB, 0x0C8B, 0x0C8B, 0x0C8B, 0x0C8B,
    0x0C8B, 0x0C8B, 0x0C6B, 0x0C6B, 0x0C6B, 0x0C6B, 0x0C6B, 0x0C4B, 0x0C4B, 0x0C4A, 0x0C4A, 0x0C2A, 0x0C2A, 0x0C2A, 0x0C2A, 0x0C2A,
    0x0C0A, 0x0C0A, 0x0C0A, 0x0BEA, 0x0BEA, 0x0BE9, 0x0BE9, 0x0BC9, 0x0BC9, 0x0BC9, 0x0BA9, 0x0BA9, 0x0BA9, 0x0B89, 0x0B89, 0x0B88,
    0x7D29, 0x7D49, 0x7D49, 0x7D49, 0x7D69, 0x7D69, 0x7D69, 0x7D89, 0x7D89, 0x7DA9, 0x7DA9, 0x7DA9, 0x7DC9, 0x7DCA, 0x7DCA, 0x7DEA,
    0x7DEA, 0x7DEA, 0x7E0A, 0x7E0A, 0x860A, 0x860A, 0x862A, 0x862A, 0x862A, 0x862A, 0x864A, 0x864A, 0x864A, 0x866A, 0x866A, 0x7E6A,
    0x7E6A, 0x7E6A, 0x7E6A, 0x7E8A, 0x7E8A, 0x7E8A, 0x7E8A, 0x7E8A, 0x7E8A, 0x7EAA, 0x7EAA, 0x7EAA, 0x7EAA, 0x7EAA, 0x7EAA, 0x7EAA,
    0x7EAA, 0x7EAA, 0x7EAA, 0x7EAA, 0x76AA, 0x76AA, 0x76A9, 0x76A9, 0x76A9, 0x76A9, 0x76A9, 0x76A9, 0x7689, 0x6E89, 0x6E8A, 0x6E8A,
    0x6E8A, 0x6E8A, 0x6E8A, 0x6E8A, 0x6E6A, 0x6E6A, 0x666A, 0x666A, 0x666A, 0x666A, 0x666A, 0x666A, 0x666A, 0x664A, 0x664A, 0x664A,
    0x5E4A, 0x5E4A, 0x5E4A, 0x5E4A, 0x5E4A, 0x5E2A, 0x5E2A, 0x5E2A, 0x5E2A, 0x5E2A, 0x562A, 0x562A, 0x562A, 0x562A, 0x560A, 0x560A,
    0x560A, 0x560A, 0x560A, 0x4E0A, 0x4E0A, 0x4E0A, 0x4DEA, 0x4DEA, 0x4DEA, 0x4DEA, 0x4DEA, 0x4DEA, 0x4DEA, 0x45EA, 0x45CA, 0x4DCB,
    0x45AA, 0x3569, 0x3549, 0x4D8C, 0x7610, 0xA6B5, 0xC739, 0xDF9C, 0xEFBD, 0xFFFF, 0xFFFF, 0xFFFF, 0xFFFF, 0xEFBE, 0xDF7C, 0xC719,
    0x9674, 0x5DAE, 0x2D2A, 0x2509, 0x356A, 0x358B, 0x356B, 0x356B, 0x356B, 0x356B, 0x2D6B, 0x2D6B, 0x2D6B, 0x2D6B, 0x2D6B, 0x2D6B,
    0x2D4B, 0x2D4B, 0x2D4B, 0x2D4B, 0x254B, 0x254B, 0x254B, 0x254B, 0x254B, 0x252B, 0x252B, 0x252B, 0x252B, 0x252B, 0x1D2B, 0x1D2B,
    0x1D2C, 0x1D0C, 0x1D0C, 0x1D0C, 0x1D0C, 0x1D0C, 0x1D0C, 0x150C, 0x150C, 0x150C, 0x14EC, 0x14EC, 0x14EC, 0x14EC, 0x14EC, 0x14EC,
    0x14EC, 0x0CEC, 0x0CEC, 0x0CEC, 0x0CEC, 0x0CEC, 0x0CEC, 0x0CEC, 0x0CEC, 0x0CEC, 0x0CEC, 0x0CEC, 0x0CEC, 0x0CCC, 0x0CCC, 0x0CCC,
    0x0CCC, 0x0CCC, 0x0CCC, 0x0CCC, 0x0CCC, 0x0CCC, 0x0CCC, 0x0CAC, 0x0CAC, 0x0CAB, 0x0CAB, 0x0CAB, 0x0CAB, 0x0C8B, 0x0C8B, 0x0C8B,
    0x0C8B, 0x0C8B, 0x0C8B, 0x0C6B, 0x0C6B, 0x0C6B, 0x0C6B, 0x0C4B, 0x0C4B, 0x0C4A, 0x0C4A, 0x0C2A, 0x0C2A, 0x0C2A, 0x0C2A, 0x0C2A,
    0x0C0A, 0x0C0A, 0x0C0A, 0x0BEA, 0x0BEA, 0x0BE9, 0x0BE9, 0x0BC9, 0x0BC9, 0x0BC9, 0x0BA9, 0x0BA9, 0x0BA9, 0x0B89, 0x0B89, 0x0B88,
    0x7529, 0x7D49, 0x7D49, 0x7D49, 0x7D69, 0x7D69, 0x7D69, 0x7D89, 0x7D89, 0x7DA9, 0x7DA9, 0x7DA9, 0x7DA9, 0x7DC9, 0x7DC9, 0x7DEA,
    0x7DEA, 0x7DEA, 0x7E0A, 0x7E0A, 0x7E0A, 0x7E0A, 0x7E2A, 0x7E2A, 0x7E2A, 0x862A, 0x864A, 0x7E4A, 0x864A, 0x7E4A, 0x7E6A, 0x7E6A,
    0x7E6A, 0x7E6A, 0x7E6A, 0x7E8A, 0x7E8A, 0x7E8A, 0x7E8A, 0x7E8A, 0x7E8A, 0x7EAA, 0x7EAA, 0x7EAA, 0x7EAA, 0x7EAA, 0x7EAA, 0x7EAA,
    0x7EAA, 0x7EAA, 0x7EAA, 0x76AA, 0x76AA, 0x76A9, 0x76A9, 0x76A9, 0x76A9, 0x76A9, 0x76A9, 0x7689, 0x6E89, 0x6E8A, 0x6E8A, 0x6E8A,
    0x6E8A, 0x6E8A, 0x6E8A, 0x6E8A, 0x6E6A, 0x666A, 0x666A, 0x666A, 0x666A, 0x666A, 0x666A, 0x666A, 0x664A, 0x664A, 0x664A, 0x5E4A,
    0x5E4A, 0x5E4A, 0x5E4A, 0x5E4A, 0x5E2A, 0x5E2A, 0x5E2A, 0x5E2A, 0x5E2A, 0x562A, 0x562A, 0x562A, 0x562A, 0x560A, 0x560A, 0x560A,
    0x560A, 0x560A, 0x4E0A, 0x4E0A, 0x4E0A, 0x4DEA, 0x4DEA, 0x4DEA, 0x4DEA, 0x4DEA, 0x4DEA, 0x4DEA, 0x45CA, 0x4DCB, 0x45CA, 0x3569,
    0x3D6A, 0x7610, 0xBF18, 0xEFBE, 0xFFFF, 0xFFFF, 0xFFFF, 0xFFFF, 0xFFFF, 0xFFFF, 0xFFFF, 0xFFFF, 0xFFFF, 0xFFFF, 0xFFFF, 0xFFFF,
    0xFFFF, 0xFFFF, 0xD75B, 0x8633, 0x352B, 0x2509, 0x356B, 0x356B, 0x2D6B, 0x2D6B, 0x2D6B, 0x2D6B, 0x2D6B, 0x2D6B, 0x2D6B, 0x2D4B,
    0x2D4B, 0x2D4B, 0x2D4B, 0x254B, 0x254B, 0x254B, 0x254B, 0x254B, 0x252B, 0x252B, 0x252B, 0x252B, 0x252B, 0x1D2B, 0x1D2C, 0x1D2C,
    0x1D0C, 0x1D0C, 0x1D0C, 0x1D0C, 0x1D0C, 0x1D0C, 0x150C, 0x150C, 0x150C, 0x14EC, 0x14EC, 0x14EC, 0x14EC, 0x14EC, 0x14EC, 0x14EC,
    0x0CEC, 0x0CEC, 0x0CEC, 0x0CEC, 0x0CEC, 0x0CEC, 0x0CEC, 0x0CEC, 0x0CEC, 0x0CEC, 0x0CEC, 0x0CEC, 0x0CEC, 0x0CCC, 0x0CCC, 0x0CCC,
    0x0CCC, 0x0CCC, 0x0CCC, 0x0CCC, 0x0CCC, 0x0CCC, 0x0CCC, 0x0CAC, 0x0CAC, 0x0CAB, 0x0CAB, 0x0CAB, 0x0CAB, 0x0C8B, 0x0C8B, 0x0C8B,
    0x0C8B, 0x0C8B, 0x0C6B, 0x0C6B, 0x0C6B, 0x0C6B, 0x0C6B, 0x0C4B, 0x0C4B, 0x0C4A, 0x0C4A, 0x0C2A, 0x0C2A, 0x0C2A, 0x0C2A, 0x0C0A,
    0x0C0A, 0x0C0A, 0x0C0A, 0x0BEA, 0x0BEA, 0x0BE9, 0x0BE9, 0x0BC9, 0x0BC9, 0x0BC9, 0x0BA9, 0x0BA9, 0x0BA9, 0x0B89, 0x0B89, 0x0B88,
    0x7529, 0x7529, 0x7549, 0x7D49, 0x7D69, 0x7D69, 0x7D69, 0x7D89, 0x7D89, 0x7DA9, 0x7DA9, 0x7DA9, 0x7DA9, 0x7DC9, 0x7DC9, 0x7DE9,
    0x7DEA, 0x7DEA, 0x7DEA, 0x7E0A, 0x7E0A, 0x7E0A, 0x7E2A, 0x7E2A, 0x7E2A, 0x7E2A, 0x7E4A, 0x7E4A, 0x7E4A, 0x7E6A, 0x7E6A, 0x7E6A,
    0x7E6A, 0x7E6A, 0x7E6A, 0x7E8A, 0x7E8A, 0x7E8A, 0x7E8A, 0x7E8A, 0x7E8A, 0x7E8A, 0x7EAA, 0x7EAA, 0x7EAA, 0x7EAA, 0x7EAA, 0x7EAA,
    0x7EAA, 0x76AA, 0x76AA, 0x76AA, 0x76A9, 0x76A9, 0x76A9, 0x76A9, 0x76A9, 0x76A9, 0x7689, 0x6E89, 0x6E8A, 0x6E8A, 0x6E8A, 0x6E8A,
    0x6E8A, 0x6E8A, 0x6E8A, 0x6E6A, 0x666A, 0x666A, 0x666A, 0x666A, 0x666A, 0x666A, 0x666A, 0x664A, 0x664A, 0x664A, 0x5E4A, 0x5E4A,
    0x5E4A, 0x5E4A, 0x5E4A, 0x5E2A, 0x5E2A, 0x5E2A, 0x5E2A, 0x5E2A, 0x562A, 0x562A, 0x562A, 0x562A, 0x560A, 0x560A, 0x560A, 0x560A,
    0x560A, 0x560A, 0x4E0A, 0x4E0A, 0x4DEA, 0x4DEA, 0x4DEA, 0x4DEA, 0x4DEA, 0x4DEA, 0x4DEA, 0x45CA, 0x4DCB, 0x3D8A, 0x3D49, 0x7E11,
    0xD77B, 0xFFFF, 0xFFFF, 0xFFFF, 0xFFFF, 0xFFFF, 0xFFFF, 0xFFFF, 0xFFFF, 0xFFFF, 0xFFFF, 0xFFFF, 0xFFFF, 0xFFFF, 0xFFFF, 0xFFFF,
    0xFFFF, 0xFFFF, 0xFFFF, 0xFFFF, 0xE79D, 0x7E12, 0x24E9, 0x2D2A, 0x356B, 0x2D6B, 0x2D6B, 0x2D6B, 0x2D6B, 0x2D6B, 0x2D4B, 0x2D4B,
    0x2D4B, 0x2D4B, 0x254B, 0x254B, 0x254B, 0x254B, 0x254B, 0x252B, 0x252B, 0x252B, 0x252B, 0x252B, 0x1D2B, 0x1D2C, 0x1D2C, 0x1D0C,
    0x1D0C, 0x1D0C, 0x1D0C, 0x1D0C, 0x1D0C, 0x150C, 0x150C, 0x14EC, 0x14EC, 0x14EC, 0x14EC, 0x14EC, 0x14EC, 0x14EC, 0x14EC, 0x0CEC,
    0x0CEC, 0x0CEC, 0x0CEC, 0x0CEC, 0x0CEC, 0x0CEC, 0x0CEC, 0x0CEC, 0x0CEC, 0x0CEC, 0x0CEC, 0x0CEC, 0x0CEC, 0x0CCC, 0x0CCC, 0x0CCC,
    0x0CCC, 0x0CCC, 0x0CCC, 0x0CCC, 0x0CCC, 0x0CCC, 0x0CCC, 0x0CAC, 0x0CAC, 0x0CAB, 0x0CAB, 0x0CAB, 0x0CAB, 0x0C8B, 0x0C8B, 0x0C8B,
    0x0C8B, 0x0C8B, 0x0C6B, 0x0C6B, 0x0C6B, 0x0C6B, 0x0C6B, 0x0C4B, 0x0C4B, 0x0C4A, 0x0C4A, 0x0C2A, 0x0C2A, 0x0C2A, 0x0C2A, 0x0C0A,
    0x0C0A, 0x0C0A, 0x0C0A, 0x0BEA, 0x0BEA, 0x0BE9, 0x0BE9, 0x0BC9, 0x0BC9, 0x0BC9, 0x0BA9, 0x0BA9, 0x0BA9, 0x0BA9, 0x0B89, 0x0B88,
    0x7529, 0x7549, 0x7549, 0x7549, 0x7D69, 0x7D69, 0x7D69, 0x7D89, 0x7D89, 0x7DA9, 0x7DA9, 0x7DA9, 0x7DC9, 0x7DC9, 0x7DC9, 0x7DE9,
    0x7DEA, 0x7DEA, 0x7DEA, 0x7E0A, 0x7E0A, 0x7E0A, 0x7E2A, 0x7E2A, 0x7E2A, 0x7E2A, 0x7E4A, 0x7E4A, 0x7E4A, 0x7E6A, 0x7E6A, 0x7E6A,
    0x7E6A, 0x7E6A, 0x7E6A, 0x7E8A, 0x7E8A, 0x7E8A, 0x7E8A, 0x7E8A, 0x7E8A, 0x7E8A, 0x7EAA, 0x7EAA, 0x7EAA, 0x7EAA, 0x7EAA, 0x76AA,
    0x76AA, 0x76AA, 0x76AA, 0x76A9, 0x76A9, 0x76A9, 0x76A9, 0x76A9, 0x76A9, 0x7689, 0x6E89, 0x6E8A, 0x6E8A, 0x6E8A, 0x6E8A, 0x6E8A,
    0x6E8A, 0x6E8A, 0x6E6A, 0x666A, 0x666A, 0x666A, 0x666A, 0x666A, 0x666A, 0x666A, 0x664A, 0x664A, 0x664A, 0x5E4A, 0x5E4A, 0x5E4A,
    0x5E4A, 0x5E4A, 0x5E4A, 0x5E2A, 0x5E2A, 0x5E2A, 0x5E2A, 0x562A, 0x562A, 0x562A, 0x562A, 0x560A, 0x560A, 0x560A, 0x560A, 0x560A,
    0x560A, 0x4E0A, 0x4E0A, 0x4DEA, 0x4DEA, 0x4DEA, 0x4DEA, 0x4DEA, 0x4DEA, 0x4DEA, 0x45CA, 0x4DCB, 0x3549, 0x558C, 0xC719, 0xFFFF,
    0xFFFF, 0xFFFF, 0xFFFF, 0xFFFF, 0xFFFF, 0xFFFF, 0xFFFF, 0xFFFF, 0xFFFF, 0xFFFF, 0xFFFF, 0xFFFF, 0xFFFF, 0xFFFF, 0xFFFF, 0xFFFF,
    0xFFFF, 0xFFFF, 0xFFFF, 0xFFFF, 0xFFFF, 0xFFFF, 0xBF19, 0x3D2C, 0x24E9, 0x354B, 0x2D6B, 0x2D6B, 0x2D6B, 0x2D6B, 0x2D4B, 0x2D4B,
    0x2D4B, 0x254B, 0x254B, 0x254B, 0x254B, 0x254B, 0x252B, 0x252B, 0x252B, 0x252B, 0x252B, 0x1D2B, 0x1D2B, 0x1D2C, 0x1D0C, 0x1D0C,
    0x1D0C, 0x1D0C, 0x1D0C, 0x1D0C, 0x150C, 0x150C, 0x14EC, 0x14EC, 0x14EC, 0x14EC, 0x14EC, 0x14EC, 0x14EC, 0x14EC, 0x0CEC, 0x0CEC,
    0x0CEC, 0x0CEC, 0x0CEC, 0x0CEC, 0x0CEC, 0x0CEC, 0x0CEC, 0x0CEC, 0x0CEC, 0x0CEC, 0x0CEC, 0x0CEC, 0x0CEC, 0x0CCC, 0x0CCC, 0x0CCC,
    0x0CCC, 0x0CCC, 0x0CCC, 0x0CCC, 0x0CCC, 0x0CCC, 0x0CCC, 0x0CAC, 0x0CAC, 0x0CAB, 0x0CAB, 0x0CAB, 0x0CAB, 0x0C8B, 0x0C8B, 0x0C8B,
    0x0C8B, 0x0C8B, 0x0C6B, 0x0C6B, 0x0C6B, 0x0C6B, 0x0C6B, 0x0C4B, 0x0C4B, 0x0C4A, 0x0C4A, 0x0C2A, 0x0C2A, 0x0C2A, 0x0C2A, 0x0C2A,
    0x0C0A, 0x0C0A, 0x0C0A, 0x0BEA, 0x0BEA, 0x0BE9, 0x0BE9, 0x0BC9, 0x0BC9, 0x0BC9, 0x0BA9, 0x0BA9, 0x0BA9, 0x0BA9, 0x0B89, 0x0B88,
    0x7529, 0x7549, 0x7549, 0x7549, 0x7D69, 0x7D69, 0x7D69, 0x7D89, 0x7D89, 0x7DA9, 0x7DA9, 0x7DA9, 0x7DC9, 0x7DC9, 0x7DC9, 0x7DE9,
    0x7DE9, 0x7DEA, 0x7DEA, 0x7E0A, 0x7E0A, 0x7E0A, 0x7E2A, 0x7E2A, 0x7E2A, 0x7E2A, 0x7E4A, 0x7E4A, 0x7E4A, 0x7E4A, 0x7E6A, 0x7E6A,
    0x7E6A, 0x7E6A, 0x7E6A, 0x7E6A, 0x7E8A, 0x7E8A, 0x7E8A, 0x7E8A, 0x7E8A, 0x7E8A, 0x7E8A, 0x7EAA, 0x7EAA, 0x7EAA, 0x76AA, 0x76A9,
    0x76A9, 0x76AA, 0x76A9, 0x76A9, 0x76A9, 0x76A9, 0x76A9, 0x76A9, 0x7689, 0x6E89, 0x6E8A, 0x6E8A, 0x6E8A, 0x6E8A, 0x6E8A, 0x6E8A,
    0x6E8A, 0x6E6A, 0x6E6A, 0x666A, 0x666A, 0x666A, 0x666A, 0x666A, 0x666A, 0x664A, 0x664A, 0x664A, 0x5E4A, 0x5E4A, 0x5E4A, 0x5E4A,
    0x5E4A, 0x5E4A, 0x5E2A, 0x5E2A, 0x5E2A, 0x5E2A, 0x562A, 0x562A, 0x562A, 0x562A, 0x560A, 0x560A, 0x560A, 0x560A, 0x560A, 0x560A,
    0x4E0A, 0x4E0A, 0x4DEA, 0x4DEA, 0x4DEA, 0x4DEA, 0x4DEA, 0x4DEA, 0x4DEA, 0x45CA, 0x45CA, 0x3548, 0x75F0, 0xF7DE, 0xFFFF, 0xFFFF,
    0xFFFF, 0xFFFF, 0xFFFF, 0xFFFF, 0xFFFF, 0xFFFF, 0xFFFF, 0xFFFF, 0xFFFF, 0xFFFF, 0xFFFF, 0xFFFF, 0xFFFF, 0xFFFF, 0xFFFF, 0xFFFF,
    0xFFFF, 0xFFFF, 0xFFFF, 0xFFFF, 0xFFFF, 0xFFFF, 0xFFFF, 0xE79D, 0x5D8F, 0x1CC9, 0x2D4B, 0x2D4B, 0x2D4B, 0x2D4B, 0x2D4B, 0x2D4B,
    0x254B, 0x254B, 0x254B, 0x254B, 0x254B, 0x252B, 0x252B, 0x252B, 0x252B, 0x252B, 0x1D2B, 0x1D2B, 0x1D2C, 0x1D0C, 0x1D0C, 0x1D0C,
    0x1D0C, 0x1D0C, 0x1D0C, 0x150C, 0x150C, 0x14EC, 0x14EC, 0x14EC, 0x14EC, 0x14EC, 0x14EC, 0x14EC, 0x14EC, 0x0CEC, 0x0CEC, 0x0CEC,
    0x0CEC, 0x0CEC, 0x0CEC, 0x0CEC, 0x0CEC, 0x0CEC, 0x0CEC, 0x0CEC, 0x0CEC, 0x0CEC, 0x0CEC, 0x0CEC, 0x0CEC, 0x0CCC, 0x0CCC, 0x0CCC,
    0x0CCC, 0x0CCC, 0x0CCC, 0x0CCC, 0x0CCC, 0x0CCC, 0x0CCC, 0x0CAC, 0x0CAC, 0x0CAC, 0x0CAB, 0x0CAB, 0x0CAB, 0x0C8B, 0x0C8B, 0x0C8B,
    0x0C8B, 0x0C8B, 0x0C8B, 0x0C6B, 0x0C6B, 0x0C6B, 0x0C6B, 0x0C4B, 0x0C4B, 0x0C4A, 0x0C4A, 0x0C4A, 0x0C2A, 0x0C2A, 0x0C2A, 0x0C2A,
    0x0C0A, 0x0C0A, 0x0C0A, 0x0BEA, 0x0BEA, 0x0BEA, 0x0BE9, 0x0BC9, 0x0BC9, 0x0BC9, 0x0BA9, 0x0BA9, 0x0BA9, 0x0BA9, 0x0B89, 0x0B88,
    0x7529, 0x7529, 0x7549, 0x7549, 0x7569, 0x7569, 0x7D69, 0x7D89, 0x7D89, 0x7DA9, 0x7DA9, 0x7DA9, 0x7DC9, 0x7DC9, 0x7DC9, 0x7DE9,
    0x7DE9, 0x7DE9, 0x7DE9, 0x7E09, 0x7E0A, 0x7E0A, 0x7E2A, 0x7E2A, 0x7E2A, 0x7E2A, 0x7E4A, 0x7E4A, 0x7E4A, 0x7E4A, 0x7E6A, 0x7E6A,
    0x7E6A, 0x7E6A, 0x7E6A, 0x7E6A, 0x7E8A, 0x7E8A, 0x7E8A, 0x7E8A, 0x7E8A, 0x7E8A, 0x7E8A, 0x7EAA, 0x76AA, 0x76AA, 0x76A9, 0x76A9,
    0x76A9, 0x76A9, 0x76A9, 0x76A9, 0x76A9, 0x76A9, 0x76A9, 0x6E89, 0x6E89, 0x6E8A, 0x6E8A, 0x6E8A, 0x6E8A, 0x6E8A, 0x6E8A, 0x6E8A,
    0x6E6A, 0x666A, 0x666A, 0x666A, 0x666A, 0x666A, 0x666A, 0x666A, 0x664A, 0x664A, 0x664A, 0x5E4A, 0x5E4A, 0x5E4A, 0x5E4A, 0x5E4A,
    0x5E4A, 0x5E2A, 0x5E2A, 0x5E2A, 0x562A, 0x562A, 0x562A, 0x562A, 0x562A, 0x560A, 0x560A, 0x560A, 0x560A, 0x560A, 0x560A, 0x4E0A,
    0x4E0A, 0x4DEA, 0x4DEA, 0x4DEA, 0x4DEA, 0x4DEA, 0x4DEA, 0x4DEA, 0x45CA, 0x45AA, 0x3528, 0x8E52, 0xFFFF, 0xFFFF, 0xFFFF, 0xFFFF,
    0xFFFF, 0xFFFF, 0xFFFF, 0xFFFF, 0xFFFF, 0xFFFF, 0xFFFF, 0xFFFF, 0xFFFF, 0xFFFF, 0xFFFF, 0xFFFF, 0xFFFF, 0xFFFF, 0xFFFF, 0xFFFF,
    0xFFFF, 0xFFFF, 0xFFFF, 0xFFFF, 0xFFFF, 0xFFFF, 0xFFFF, 0xFFFF, 0xFFFF, 0x6DB0, 0x1CC9, 0x2D4B, 0x2D4B, 0x2D4B, 0x2D4B, 0x254B,
    0x254B, 0x254B, 0x254B, 0x254B, 0x252B, 0x252B, 0x252B, 0x252B, 0x1D2B, 0x1D2B, 0x1D2C, 0x1D2C, 0x1D0C, 0x1D0C, 0x1D0C, 0x1D0C,
    0x1D0C, 0x1D0C, 0x150C, 0x150C, 0x150C, 0x14EC, 0x14EC, 0x14EC, 0x14EC, 0x14EC, 0x14EC, 0x14EC, 0x0CEC, 0x0CEC, 0x0CEC, 0x0CEC,
    0x0CEC, 0x0CEC, 0x0CEC, 0x0CEC, 0x0CEC, 0x0CEC, 0x0CEC, 0x0CEC, 0x0CEC, 0x0CEC, 0x0CEC, 0x0CEC, 0x0CEC, 0x0CCC, 0x0CCC, 0x0CCC,
    0x0CCC, 0x0CCC, 0x0CCC, 0x0CCC, 0x0CCC, 0x0CCC, 0x0CCC, 0x0CCC, 0x0CAC, 0x0CAC, 0x0CAB, 0x0CAB, 0x0CAB, 0x0C8B, 0x0C8B, 0x0C8B,
    0x0C8B, 0x0C8B, 0x0C8B, 0x0C6B, 0x0C6B, 0x0C6B, 0x0C6B, 0x0C4B, 0x0C4B, 0x0C4A, 0x0C4A, 0x0C4A, 0x0C2A, 0x0C2A, 0x0C2A, 0x0C2A,
    0x0C0A, 0x0C0A, 0x0C0A, 0x0BEA, 0x0BEA, 0x0BEA, 0x0BE9, 0x0BC9, 0x0BC9, 0x0BC9, 0x0BA9, 0x0BA9, 0x0BA9, 0x0BA9, 0x0B89, 0x0B88,
    0x7529, 0x7529, 0x7549, 0x7549, 0x7569, 0x7569, 0x7569, 0x7D89, 0x7D89, 0x7DA9, 0x7DA9, 0x7DA9, 0x7DC9, 0x7DC9, 0x7DC9, 0x7DE9,
    0x7DE9, 0x7DE9, 0x7E09, 0x7E09, 0x7E09, 0x7E0A, 0x7E29, 0x7E2A, 0x7E2A, 0x7E2A, 0x7E2A, 0x7E4A, 0x7E4A, 0x7E4A, 0x7E6A, 0x7E6A,
    0x7E6A, 0x7E6A, 0x7E6A, 0x7E6A, 0x7E8A, 0x7E8A, 0x7E8A, 0x7E8A, 0x7E8A, 0x7E8A, 0x7E8A, 0x7689, 0x76AA, 0x76A9, 0x76A9, 0x76A9,
    0x76A9, 0x76A9, 0x76A9, 0x76A9, 0x76A9, 0x76A9, 0x6E89, 0x6E89, 0x6E8A, 0x6E8A, 0x6E8A, 0x6E8A, 0x6E8A, 0x6E8A, 0x6E6A, 0x6E6A,
    0x666A, 0x666A, 0x666A, 0x666A, 0x666A, 0x666A, 0x666A, 0x664A, 0x664A, 0x664A, 0x5E4A, 0x5E4A, 0x5E4A, 0x5E4A, 0x5E4A, 0x5E2A,
    0x5E2A, 0x5E2A, 0x5E2A, 0x562A, 0x562A, 0x562A, 0x562A, 0x562A, 0x560A, 0x560A, 0x560A, 0x560A, 0x560A, 0x4E0A, 0x4E0A, 0x4E0A,
    0x4DEA, 0x4DEA, 0x4DEA, 0x4DEA, 0x4DEA, 0x4DEA, 0x4DEA, 0x45CA, 0x4DCB, 0x3528, 0x8E52, 0xFFFF, 0xFFFF, 0xFFFF, 0xFFFF, 0xFFFF,
    0xFFFF, 0xFFFF, 0xFFFF, 0xFFFF, 0xFFFF, 0xFFFF, 0xFFFF, 0xFFFF, 0xFFFF, 0xFFFF, 0xFFFF, 0xFFFF, 0xFFFF, 0xFFFF, 0xFFFF, 0xFFFF,
    0xFFFF, 0xFFFF, 0xFFFF, 0xFFFF, 0xFFFF, 0xFFFF, 0xFFFF, 0xFFFF, 0xFFFF, 0xFFFF, 0x6590, 0x1CC9, 0x2D4B, 0x254B, 0x254B, 0x254B,
    0x254B, 0x254B, 0x252B, 0x252B, 0x252B, 0x252B, 0x252B, 0x1D2B, 0x1D2B, 0x1D2C, 0x1D2C, 0x1D0C, 0x1D0C, 0x1D0C, 0x1D0C, 0x1D0C,
    0x1D0C, 0x150C, 0x150C, 0x14EC, 0x14EC, 0x14EC, 0x14EC, 0x14EC, 0x14EC, 0x14EC, 0x14EC, 0x0CEC, 0x0CEC, 0x0CEC, 0x0CEC, 0x0CEC,
    0x0CEC, 0x0CEC, 0x0CEC, 0x0CEC, 0x0CEC, 0x0CEC, 0x0CEC, 0x0CEC, 0x0CEC, 0x0CEC, 0x0CEC, 0x0CEC, 0x0CEC, 0x0CCC, 0x0CCC, 0x0CCC,
    0x0CCC, 0x0CCC, 0x0CCC, 0x0CCC, 0x0CCC, 0x0CCC, 0x0CCC, 0x0CCC, 0x0CAC, 0x0CAC, 0x0CAB, 0x0CAB, 0x0CAB, 0x0C8B, 0x0C8B, 0x0C8B,
    0x0C8B, 0x0C8B, 0x0C8B, 0x0C6B, 0x0C6B, 0x0C6B, 0x0C6B, 0x0C4B, 0x0C4B, 0x0C4A, 0x0C4A, 0x0C4A, 0x0C2A, 0x0C2A, 0x0C2A, 0x0C2A,
    0x0C0A, 0x0C0A, 0x0C0A, 0x0BEA, 0x0BEA, 0x0BEA, 0x0BE9, 0x0BC9, 0x0BC9, 0x0BC9, 0x0BA9, 0x0BA9, 0x0BA9, 0x0BA9, 0x0B89, 0x0B88,
    0x7529, 0x7529, 0x7549, 0x7549, 0x7569, 0x7569, 0x7569, 0x7589, 0x7D89, 0x7D89, 0x7DA9, 0x7DA9, 0x7DC9, 0x7DC9, 0x7DC9, 0x7DC9,
    0x7DE9, 0x7DE9, 0x7E09, 0x7E09, 0x7E09, 0x7E09, 0x7E09, 0x7E29, 0x7E2A, 0x7E2A, 0x7E2A, 0x7E4A, 0x7E4A, 0x7E4A, 0x7E4A, 0x7E6A,
    0x7E6A, 0x7E6A, 0x7E6A, 0x7E6A, 0x7E6A, 0x7E8A, 0x7E8A, 0x7E89, 0x7E8A, 0x768A, 0x7689, 0x7689, 0x76A9, 0x7689, 0x7689, 0x76A9,
    0x76A9, 0x76A9, 0x76A9, 0x76A9, 0x76A9, 0x6E89, 0x6E89, 0x6E8A, 0x6E8A, 0x6E8A, 0x6E8A, 0x6E8A, 0x6E8A, 0x6E6A, 0x6E6A, 0x666A,
    0x666A, 0x666A, 0x666A, 0x666A, 0x666A, 0x666A, 0x664A, 0x664A, 0x664A, 0x5E4A, 0x5E4A, 0x5E4A, 0x5E4A, 0x5E4A, 0x5E2A, 0x5E2A,
    0x5E2A, 0x5E2A, 0x562A, 0x562A, 0x562A, 0x562A, 0x562A, 0x560A, 0x560A, 0x560A, 0x560A, 0x560A, 0x4E0A, 0x4E0A, 0x4E0A, 0x4DEA,
    0x4DEA, 0x4DEA, 0x4DEA, 0x4DEA, 0x4DEA, 0x4DEA, 0x45CA, 0x4DCB, 0x3528, 0x75F0, 0xFFFF, 0xFFFF, 0xFFFF, 0xFFFF, 0xFFFF, 0xFFFF,
    0xFFFF, 0xFFFF, 0xFFFF, 0xFFFF, 0xFFFF, 0xFFFF, 0xFFFF, 0xFFFF, 0xFFFF, 0xFFFF, 0xFFFF, 0xFFFF, 0xFFFF, 0xFFFF, 0xFFFF, 0xFFFF,
    0xFFFF, 0xFFFF, 0xFFFF, 0xFFFF, 0xFFFF, 0xFFFF, 0xFFFF, 0xFFFF, 0xFFFF, 0xFFFF, 0xF7DE, 0x452D, 0x1CEA, 0x2D4B, 0x254B, 0x254B,
    0x254B, 0x252B, 0x252B, 0x252B, 0x252B, 0x252B, 0x1D2B, 0x1D2B, 0x1D2C, 0x1D2C, 0x1D0C, 0x1D0C, 0x1D0C, 0x1D0C, 0x1D0C, 0x1D0C,
    0x150C, 0x150C, 0x14EC, 0x14EC, 0x14EC, 0x14EC, 0x14EC, 0x14EC, 0x14EC, 0x14EC, 0x0CEC, 0x0CEC, 0x0CEC, 0x0CEC, 0x0CEC, 0x0CEC,
    0x0CEC, 0x0CEC, 0x0CEC, 0x0CEC, 0x0CEC, 0x0CEC, 0x0CEC, 0x0CEC, 0x0CEC, 0x0CEC, 0x0CEC, 0x0CEC, 0x0CEC, 0x0CEC, 0x0CCC, 0x0CCC,
    0x0CCC, 0x0CCC, 0x0CCC, 0x0CCC, 0x0CCC, 0x0CCC, 0x0CCC, 0x0CCC, 0x0CAC, 0x0CAC, 0x0CAB, 0x0CAB, 0x0CAB, 0x0C8B, 0x0C8B, 0x0C8B,
    0x0C8B, 0x0C8B, 0x0C8B, 0x0C6B, 0x0C6B, 0x0C6B, 0x0C6B, 0x0C4B, 0x0C4B, 0x0C4A, 0x0C4A, 0x0C4A, 0x0C2A, 0x0C2A, 0x0C2A, 0x0C2A,
    0x0C0A, 0x0C0A, 0x0C0A, 0x0BEA, 0x0BEA, 0x0BEA, 0x0BE9, 0x0BC9, 0x0BC9, 0x0BC9, 0x0BA9, 0x0BA9, 0x0BA9, 0x0BA9, 0x0B89, 0x0B88,
    0x7529, 0x7529, 0x7549, 0x7549, 0x7569, 0x7569, 0x7569, 0x7589, 0x7589, 0x7589, 0x7DA9, 0x7DA9, 0x7DA9, 0x7DC9, 0x7DC9, 0x7DC9,
    0x7DE9, 0x7DE9, 0x7DE9, 0x7E09, 0x7E09, 0x7E09, 0x7E09, 0x7E29, 0x7E2A, 0x7E29, 0x7E2A, 0x7E49, 0x7E4A, 0x7E4A, 0x7E6A, 0x7E4A,
    0x7E6A, 0x7E6A, 0x7E6A, 0x7E6A, 0x7E89, 0x7E89, 0x7E8A, 0x7689, 0x7689, 0x7689, 0x7689, 0x7689, 0x7689, 0x7689, 0x7689, 0x76A9,
    0x76A9, 0x76A9, 0x7689, 0x76A9, 0x6E89, 0x6E89, 0x6E8A, 0x6E8A, 0x6E8A, 0x6E8A, 0x6E8A, 0x6E8A, 0x6E6A, 0x6E6A, 0x666A, 0x666A,
    0x666A, 0x666A, 0x666A, 0x666A, 0x666A, 0x664A, 0x664A, 0x664A, 0x5E4A, 0x5E4A, 0x5E4A, 0x5E4A, 0x5E4A, 0x5E2A, 0x5E2A, 0x5E2A,
    0x5E2A, 0x5E2A, 0x562A, 0x562A, 0x562A, 0x562A, 0x560A, 0x560A, 0x560A, 0x560A, 0x560A, 0x4E0A, 0x4E0A, 0x4E0A, 0x4DEA, 0x4DEA,
    0x4DEA, 0x4DEA, 0x4DEA, 0x4DEA, 0x4DEA, 0x45CA, 0x45CB, 0x3D69, 0x556C, 0xF7DE, 0xFFFF, 0xFFFF, 0xFFFF, 0xFFFF, 0xFFFF, 0xFFFF,
    0xFFFF, 0xFFFF, 0xFFFF, 0xFFFF, 0xFFFF, 0xFFFF, 0xFFFF, 0xFFFF, 0xFFFF, 0xFFFF, 0xFFFF, 0xFFFF, 0xFFFF, 0xFFFF, 0xFFFF, 0xFFFF,
    0xFFFF, 0xFFFF, 0xFFFF, 0xFFFF, 0xFFFF, 0xFFFF, 0xFFFF, 0xFFFF, 0xFFFF, 0xFFFF, 0xFFFF, 0xD75B, 0x24AA, 0x250B, 0x252B, 0x254B,
    0x252B, 0x252B, 0x252B, 0x252B, 0x252B, 0x1D2B, 0x1D2B, 0x1D2C, 0x1D2C, 0x1D0C, 0x1D0C, 0x1D0C, 0x1D0C, 0x1D0C, 0x1D0C, 0x150C,
    0x150C, 0x14EC, 0x14EC, 0x14EC, 0x14EC, 0x14EC, 0x14EC, 0x14EC, 0x14EC, 0x0CEC, 0x0CEC, 0x0CEC, 0x0CEC, 0x0CEC, 0x0CEC, 0x0CEC,
    0x0CEC, 0x0CEC, 0x0CEC, 0x0CEC, 0x0CEC, 0x0CEC, 0x0CEC, 0x0CEC, 0x0CEC, 0x0CEC, 0x0CEC, 0x0CEC, 0x0CEC, 0x0CEC, 0x0CCC, 0x0CCC,
    0x0CCC, 0x0CCC, 0x0CCC, 0x0CCC, 0x0CCC, 0x0CCC, 0x0CCC, 0x0CCC, 0x0CAC, 0x0CAC, 0x0CAB, 0x0CAB, 0x0CAB, 0x0C8B, 0x0C8B, 0x0C8B,
    0x0C8B, 0x0C8B, 0x0C8B, 0x0C6B, 0x0C6B, 0x0C6B, 0x0C6B, 0x0C4B, 0x0C4B, 0x0C4A, 0x0C4A, 0x0C4A, 0x0C2A, 0x0C2A, 0x0C2A, 0x0C2A,
    0x0C0A, 0x0C0A, 0x0C0A, 0x0BEA, 0x0BEA, 0x0BEA, 0x0BE9, 0x0BE9, 0x0BC9, 0x0BC9, 0x0BA9, 0x0BA9, 0x0BA9, 0x0BA9, 0x0B89, 0x0B89,
    0x7528, 0x7529, 0x7549, 0x7549, 0x7549, 0x7569, 0x7569, 0x7589, 0x7589, 0x7589, 0x75A9, 0x75A9, 0x7DA9, 0x7DC9, 0x7DC9, 0x7DC9,
    0x7DE9, 0x7DE9, 0x7DE9, 0x7E09, 0x7E09, 0x7E09, 0x7E09, 0x7E29, 0x7E29, 0x7E29, 0x7E29, 0x7E29, 0x7E49, 0x7E49, 0x7E4A, 0x7E49,
    0x7E6A, 0x7E69, 0x7E69, 0x7E69, 0x7669, 0x7689, 0x7689, 0x7689, 0x7689, 0x7689, 0x7689, 0x7689, 0x7689, 0x7689, 0x7689, 0x7689,
    0x7689, 0x7689, 0x7689, 0x7689, 0x6E89, 0x6E8A, 0x6E8A, 0x6E8A, 0x6E8A, 0x6E8A, 0x6E8A, 0x6E8A, 0x6E6A, 0x666A, 0x666A, 0x666A,
    0x666A, 0x666A, 0x666A, 0x666A, 0x664A, 0x664A, 0x664A, 0x5E4A, 0x5E4A, 0x5E4A, 0x5E4A, 0x5E4A, 0x5E2A, 0x5E2A, 0x5E2A, 0x5E2A,
    0x5E2A, 0x562A, 0x562A, 0x562A, 0x562A, 0x560A, 0x560A, 0x560A, 0x560A, 0x560A, 0x560A, 0x4E0A, 0x4E0A, 0x4DEA, 0x4DEA, 0x4DEA,
    0x4DEA, 0x4DEA, 0x4DEA, 0x4DEA, 0x45EA, 0x45CA, 0x45AA, 0x3509, 0xCF3A, 0xFFFF, 0xFFFF, 0xFFFF, 0xFFFF, 0xFFFF, 0xFFFF, 0xFFFF,
    0xFFFF, 0xFFFF, 0xFFFF, 0xFFFF, 0xFFFF, 0xFFFF, 0xFFFF, 0xFFFF, 0xFFFF, 0xFFFF, 0xFFFF, 0xFFFF, 0xFFFF, 0xFFFF, 0xFFFF, 0xFFFF,
    0xFFFF, 0xFFFF, 0xFFFF, 0xFFFF, 0xFFFF, 0xFFFF, 0xFFFF, 0xFFFF, 0xFFFF, 0xFFFF, 0xFFFF, 0xFFFF, 0x9634, 0x1489, 0x252B, 0x252B,
    0x252B, 0x252B, 0x252B, 0x252B, 0x1D2B, 0x1D2B, 0x1D2C, 0x1D2C, 0x1D0C, 0x1D0C, 0x1D0C, 0x1D0C, 0x1D0C, 0x1D0C, 0x150C, 0x150C,
    0x14EC, 0x14EC, 0x14EC, 0x14EC, 0x14EC, 0x14EC, 0x14EC, 0x0CEC, 0x0CEC, 0x0CEC, 0x0CEC, 0x0CEC, 0x0CEC, 0x0CEC, 0x0CEC, 0x0CEC,
    0x0CEC, 0x0CEC, 0x0CEC, 0x0CEC, 0x0CEC, 0x0CEC, 0x0CEC, 0x0CEC, 0x0CEC, 0x0CEC, 0x0CEC, 0x0CEC, 0x0CEC, 0x0CEC, 0x0CCC, 0x0CCC,
    0x0CCC, 0x0CCC, 0x0CCC, 0x0CCC, 0x0CCC, 0x0CCC, 0x0CCC, 0x0CCC, 0x0CAC, 0x0CAC, 0x0CAB, 0x0CAB, 0x0CAB, 0x0C8B, 0x0C8B, 0x0C8B,
    0x0C8B, 0x0C8B, 0x0C8B, 0x0C6B, 0x0C6B, 0x0C6B, 0x0C6B, 0x0C6B, 0x0C4B, 0x0C4A, 0x0C4A, 0x0C4A, 0x0C2A, 0x0C2A, 0x0C2A, 0x0C2A,
    0x0C0A, 0x0C0A, 0x0C0A, 0x0C0A, 0x0BEA, 0x0BEA, 0x0BE9, 0x0BE9, 0x0BC9, 0x0BC9, 0x0BA9, 0x0BA9, 0x0BA9, 0x0BA9, 0x0B89, 0x0B89,
    0x7528, 0x7529, 0x7549, 0x7549, 0x7549, 0x7569, 0x7569, 0x7589, 0x7589, 0x7589, 0x75A9, 0x75A9, 0x75A9, 0x75C9, 0x7DC9, 0x7DC9,
    0x7DE9, 0x7DE9, 0x7DE9, 0x7E09, 0x7E09, 0x7E09, 0x7E09, 0x7E29, 0x7E29, 0x7E29, 0x7E29, 0x7E29, 0x7E49, 0x7E49, 0x7E49, 0x7E49,
    0x7E69, 0x7E69, 0x7669, 0x7669, 0x7669, 0x7689, 0x7689, 0x7689, 0x7689, 0x7689, 0x7689, 0x7689, 0x7689, 0x7689, 0x7689, 0x7689,
    0x7689, 0x7689, 0x7689, 0x6E89, 0x6E8A, 0x6E8A, 0x6E8A, 0x6E8A, 0x6E8A, 0x6E8A, 0x6E8A, 0x6E6A, 0x6E6A, 0x666A, 0x666A, 0x666A,
    0x666A, 0x666A, 0x666A, 0x664A, 0x664A, 0x664A, 0x5E4A, 0x5E4A, 0x5E4A, 0x5E4A, 0x5E4A, 0x5E2A, 0x5E2A, 0x5E2A, 0x5E2A, 0x5E2A,
    0x562A, 0x562A, 0x562A, 0x562A, 0x560A, 0x560A, 0x560A, 0x560A, 0x560A, 0x560A, 0x4E0A, 0x4E0A, 0x4DEA, 0x4DEA, 0x4DEA, 0x4DEA,
    0x4DEA, 0x4DEA, 0x4DEA, 0x45EA, 0x45CA, 0x45CB, 0x3528, 0x8632, 0xFFFF, 0xFFFF, 0xFFFF, 0xFFFF, 0xFFFF, 0xFFFF, 0xFFFF, 0xFFFF,
    0xFFFF, 0xFFFF, 0xFFFF, 0xFFFF, 0xFFFF, 0xFFFF, 0xFFFF, 0xFFFF, 0xFFFF, 0xFFFF, 0xFFFF, 0xFFFF, 0xFFFF, 0xFFFF, 0xFFFF, 0xFFFF,
    0xFFFF, 0xFFFF, 0xFFFF, 0xFFFF, 0xFFFF, 0xFFFF, 0xFFFF, 0xFFFF, 0xFFFF, 0xFFFF, 0xFFFF, 0xFFFF, 0xF7DE, 0x3CEC, 0x1CCA, 0x252B,
    0x252B, 0x252B, 0x252B, 0x1D2B, 0x1D2B, 0x1D2B, 0x1D2C, 0x1D0C, 0x1D0C, 0x1D0C, 0x1D0C, 0x1D0C, 0x1D0C, 0x150C, 0x150C, 0x14EC,
    0x14EC, 0x14EC, 0x14EC, 0x14EC, 0x14EC, 0x14EC, 0x0CEC, 0x0CEC, 0x0CEC, 0x0CEC, 0x0CEC, 0x0CEC, 0x0CEC, 0x0CEC, 0x0CEC, 0x0CEC,
    0x0CEC, 0x0CEC, 0x0CEC, 0x0CEC, 0x0CEC, 0x0CEC, 0x0CEC, 0x0CEC, 0x0CEC, 0x0CEC, 0x0CEC, 0x0CEC, 0x0CEC, 0x0CEC, 0x0CCC, 0x0CCC,
    0x0CCC, 0x0CCC, 0x0CCC, 0x0CCC, 0x0CCC, 0x0CCC, 0x0CCC, 0x0CCC, 0x0CAC, 0x0CAC, 0x0CAB, 0x0CAB, 0x0CAB, 0x0C8B, 0x0C8B, 0x0C8B,
    0x0C8B, 0x0C8B, 0x0C8B, 0x0C6B, 0x0C6B, 0x0C6B, 0x0C6B, 0x0C6B, 0x0C4B, 0x0C4A, 0x0C4A, 0x0C4A, 0x0C2A, 0x0C2A, 0x0C2A, 0x0C2A,
    0x0C0A, 0x0C0A, 0x0C0A, 0x0C0A, 0x0BEA, 0x0BEA, 0x0BE9, 0x0BE9, 0x0BC9, 0x0BC9, 0x0BA9, 0x0BA9, 0x0BA9, 0x0BA9, 0x0B89, 0x0B89,
    0x7528, 0x7528, 0x7549, 0x7549, 0x7549, 0x7569, 0x7569, 0x7589, 0x7589, 0x7589, 0x75A9, 0x75A9, 0x75A9, 0x75C9, 0x75C9, 0x75C9,
    0x75E9, 0x75E9, 0x7DE9, 0x7DE9, 0x7E09, 0x7E09, 0x7E09, 0x7E29, 0x7E29, 0x7E29, 0x7E29, 0x7E29, 0x7649, 0x7649, 0x7649, 0x7649,
    0x7649, 0x7669, 0x7669, 0x7669, 0x7669, 0x7689, 0x7669, 0x7689, 0x7689, 0x7689, 0x7689, 0x7689, 0x7689, 0x7689, 0x7689, 0x7689,
    0x7689, 0x7689, 0x6E89, 0x6E8A, 0x6E8A, 0x6E8A, 0x6E8A, 0x6E8A, 0x6E8A, 0x6E8A, 0x6E6A, 0x6E6A, 0x666A, 0x666A, 0x666A, 0x666A,
    0x666A, 0x666A, 0x664A, 0x664A, 0x664A, 0x5E4A, 0x5E4A, 0x5E4A, 0x5E4A, 0x5E4A, 0x5E4A, 0x5E2A, 0x5E2A, 0x5E2A, 0x5E2A, 0x562A,
    0x562A, 0x562A, 0x562A, 0x560A, 0x560A, 0x560A, 0x560A, 0x560A, 0x560A, 0x4E0A, 0x4E0A, 0x4DEA, 0x4DEA, 0x4DEA, 0x4DEA, 0x4DEA,
    0x4DEA, 0x4DEA, 0x45EA, 0x45CB, 0x45CB, 0x3D8A, 0x452A, 0xE79D, 0xFFFF, 0xFFFF, 0xFFFF, 0xFFFF, 0xFFFF, 0xFFFF, 0xFFFF, 0xFFFF,
    0xFFFF, 0xFFFF, 0xFFFF, 0xFFFF, 0xFFFF, 0xFFFF, 0xFFFF, 0xFFFF, 0xFFFF, 0xFFFF, 0xFFFF, 0xFFFF, 0xFFFF, 0xFFFF, 0xFFFF, 0xFFFF,
    0xFFFF, 0xFFFF, 0xFFFF, 0xFFFF, 0xFFFF, 0xFFFF, 0xFFFF, 0xFFFF, 0xFFFF, 0xFFFF, 0xFFFF, 0xFFFF, 0xFFFF, 0x9E76, 0x1469, 0x250B,
    0x252B, 0x252B, 0x1D2B, 0x1D2B, 0x1D2B, 0x1D2C, 0x1D0C, 0x1D0C, 0x1D0C, 0x1D0C, 0x1D0C, 0x1D0C, 0x150C, 0x150C, 0x14EC, 0x14EC,
    0x14EC, 0x14EC, 0x14EC, 0x14EC, 0x14EC, 0x0CEC, 0x0CEC, 0x0CEC, 0x0CEC, 0x0CEC, 0x0CEC, 0x0CEC, 0x0CEC, 0x0CEC, 0x0CEC, 0x0CEC,
    0x0CEC, 0x0CEC, 0x0CEC, 0x0CEC, 0x0CEC, 0x0CEC, 0x0CEC, 0x0CEC, 0x0CEC, 0x0CEC, 0x0CEC, 0x0CEC, 0x0CEC, 0x0CEC, 0x0CCC, 0x0CCC,
    0x0CCC, 0x0CCC, 0x0CCC, 0x0CCC, 0x0CCC, 0x0CCC, 0x0CCC, 0x0CCC, 0x0CAC, 0x0CAC, 0x0CAB, 0x0CAB, 0x0CAB, 0x0CAB, 0x0C8B, 0x0C8B,
    0x0C8B, 0x0C8B, 0x0C8B, 0x0C6B, 0x0C6B, 0x0C6B, 0x0C6B, 0x0C6B, 0x0C4B, 0x0C4A, 0x0C4A, 0x0C4A, 0x0C2A, 0x0C2A, 0x0C2A, 0x0C2A,
    0x0C0A, 0x0C0A, 0x0C0A, 0x0C0A, 0x0BEA, 0x0BEA, 0x0BE9, 0x0BE9, 0x0BC9, 0x0BC9, 0x0BA9, 0x0BA9, 0x0BA9, 0x0BA9, 0x0B89, 0x0B89,
    0x7528, 0x7528, 0x7549, 0x7549, 0x7549, 0x7569, 0x7569, 0x7589, 0x7589, 0x7589, 0x75A9, 0x75A9, 0x75A9, 0x75C9, 0x75C9, 0x75C9,
    0x75E9, 0x75E9, 0x75E9, 0x75E9, 0x7609, 0x7609, 0x7609, 0x7629, 0x7629, 0x7629, 0x7629, 0x7629, 0x7649, 0x7649, 0x7649, 0x7649,
    0x7649, 0x7669, 0x7669, 0x7669, 0x7669, 0x7669, 0x7669, 0x7689, 0x7689, 0x7689, 0x7689, 0x7689, 0x7689, 0x7689, 0x7689, 0x7689,
    0x6E89, 0x6E89, 0x6E8A, 0x6E8A, 0x6E8A, 0x6E8A, 0x6E8A, 0x6E8A, 0x6E8A, 0x6E6A, 0x6E6A, 0x666A, 0x666A, 0x666A, 0x666A, 0x666A,
    0x666A, 0x664A, 0x664A, 0x664A, 0x5E4A, 0x5E4A, 0x5E4A, 0x5E4A, 0x5E4A, 0x5E4A, 0x5E2A, 0x5E2A, 0x5E2A, 0x5E2A, 0x562A, 0x562A,
    0x562A, 0x562A, 0x560A, 0x560A, 0x560A, 0x560A, 0x560A, 0x4E0A, 0x4E0A, 0x4E0A, 0x4DEA, 0x4DEA, 0x4DEA, 0x4DEA, 0x4DEA, 0x4DEA,
    0x4DEA, 0x45EA, 0x45CA, 0x45CB, 0x45AB, 0x3508, 0x8E32, 0xFFFF, 0xFFFF, 0xFFFF, 0xFFFF, 0xFFFF, 0xFFFF, 0xFFFF, 0xFFFF, 0xFFFF,
    0xFFFF, 0xFFFF, 0xFFFF, 0xFFFF, 0xFFFF, 0xFFFF, 0xFFFF, 0xFFFF, 0xFFFF, 0xFFFF, 0xFFFF, 0xFFFF, 0xFFFF, 0xFFFF, 0xFFFF, 0xFFFF,
    0xFFFF, 0xFFFF, 0xFFFF, 0xFFFF, 0xFFFF, 0xFFFF, 0xFFFF, 0xFFFF, 0xFFFF, 0xFFFF, 0xFFFF, 0xFFFF, 0xFFFF, 0xEFBE, 0x2CCB, 0x1CCA,
    0x252B, 0x1D2B, 0x1D2B, 0x1D2B, 0x1D2C, 0x1D0C, 0x1D0C, 0x1D0C, 0x1D0C, 0x1D0C, 0x1D0C, 0x150C, 0x150C, 0x14EC, 0x14EC, 0x14EC,
    0x14EC, 0x14EC, 0x14EC, 0x14EC, 0x0CEC, 0x0CEC, 0x0CEC, 0x0CEC, 0x0CEC, 0x0CEC, 0x0CEC, 0x0CEC, 0x0CEC, 0x0CEC, 0x0CEC, 0x0CEC,
    0x0CEC, 0x0CEC, 0x0CEC, 0x0CEC, 0x0CEC, 0x0CEC, 0x0CEC, 0x0CEC, 0x0CEC, 0x0CEC, 0x0CEC, 0x0CEC, 0x0CEC, 0x0CEC, 0x0CCC, 0x0CCC,
    0x0CCC, 0x0CCC, 0x0CCC, 0x0CCC, 0x0CCC, 0x0CCC, 0x0CCC, 0x0CCC, 0x0CAC, 0x0CAC, 0x0CAB, 0x0CAB, 0x0CAB, 0x0CAB, 0x0C8B, 0x0C8B,
    0x0C8B, 0x0C8B, 0x0C8B, 0x0C6B, 0x0C6B, 0x0C6B, 0x0C6B, 0x0C6B, 0x0C4B, 0x0C4A, 0x0C4A, 0x0C4A, 0x0C2A, 0x0C2A, 0x0C2A, 0x0C2A,
    0x0C0A, 0x0C0A, 0x0C0A, 0x0C0A, 0x0BEA, 0x0BEA, 0x0BE9, 0x0BE9, 0x0BC9, 0x0BC9, 0x0BA9, 0x0BA9, 0x0BA9, 0x0BA9, 0x0B89, 0x0B89,
    0x7528, 0x7528, 0x7548, 0x7549, 0x7549, 0x7569, 0x7569, 0x7569, 0x7589, 0x7589, 0x7589, 0x75A9, 0x75A9, 0x75A9, 0x75C9, 0x75C9,
    0x75C9, 0x75E9, 0x75E9, 0x75E9, 0x7609, 0x7609, 0x7609, 0x7609, 0x7629, 0x7629, 0x7629, 0x7629, 0x7649, 0x7649, 0x7649, 0x7649,
    0x7649, 0x7649, 0x7669, 0x7669, 0x7669, 0x7669, 0x7669, 0x7669, 0x7689, 0x7689, 0x7689, 0x7689, 0x7689, 0x7689, 0x6E89, 0x6E89,
    0x6E89, 0x6E8A, 0x6E8A, 0x6E8A, 0x6E8A, 0x6E8A, 0x6E8A, 0x6E6A, 0x6E6A, 0x6E6A, 0x666A, 0x666A, 0x666A, 0x666A, 0x666A, 0x666A,
    0x664A, 0x664A, 0x664A, 0x5E4A, 0x5E4A, 0x5E4A, 0x5E4A, 0x5E4A, 0x5E2A, 0x5E2A, 0x5E2A, 0x5E2A, 0x5E2A, 0x562A, 0x562A, 0x562A,
    0x560A, 0x560A, 0x560A, 0x560A, 0x560A, 0x560A, 0x4E0A, 0x4E0A, 0x4E0A, 0x4DEA, 0x4DEA, 0x4DEA, 0x4DEA, 0x4DEA, 0x4DEA, 0x4DEA,
    0x45EA, 0x45CA, 0x45CB, 0x45CA, 0x458A, 0x3509, 0xD75B, 0xFFFF, 0xFFFF, 0xFFFF, 0xFFFF, 0xFFFF, 0xFFFF, 0xFFFF, 0xFFFF, 0xFFFF,
    0xFFFF, 0xFFFF, 0xFFFF, 0xFFFF, 0xFFFF, 0xFFFF, 0xFFFF, 0xFFFF, 0xFFFF, 0xFFFF, 0xFFFF, 0xFFFF, 0xFFFF, 0xFFFF, 0xFFFF, 0xFFFF,
    0xFFFF, 0xFFFF, 0xFFFF, 0xFFFF, 0xFFFF, 0xFFFF, 0xFFFF, 0xFFFF, 0xFFFF, 0xFFFF, 0xFFFF, 0xFFFF, 0xFFFF, 0xFFFF, 0x6DB2, 0x0C69,
    0x250C, 0x1D2B, 0x1D2C, 0x1D2C, 0x1D0C, 0x1D0C, 0x1D0C, 0x1D0C, 0x1D0C, 0x1D0C, 0x150C, 0x150C, 0x14EC, 0x14EC, 0x14EC, 0x14EC,
    0x14EC, 0x14EC, 0x14EC, 0x0CEC, 0x0CEC, 0x0CEC, 0x0CEC, 0x0CEC, 0x0CEC, 0x0CEC, 0x0CEC, 0x0CEC, 0x0CEC, 0x0CEC, 0x0CEC, 0x0CEC,
    0x0CEC, 0x0CEC, 0x0CEC, 0x0CEC, 0x0CEC, 0x0CEC, 0x0CEC, 0x0CEC, 0x0CEC, 0x0CEC, 0x0CEC, 0x0CEC, 0x0CEC, 0x0CEC, 0x0CCC, 0x0CCC,
    0x0CCC, 0x0CCC, 0x0CCC, 0x0CCC, 0x0CCC, 0x0CCC, 0x0CCC, 0x0CCC, 0x0CAC, 0x0CAC, 0x0CAB, 0x0CAB, 0x0CAB, 0x0CAB, 0x0C8B, 0x0C8B,
    0x0C8B, 0x0C8B, 0x0C8B, 0x0C6B, 0x0C6B, 0x0C6B, 0x0C6B, 0x0C6B, 0x0C4B, 0x0C4A, 0x0C4A, 0x0C4A, 0x0C2A, 0x0C2A, 0x0C2A, 0x0C2A,
    0x0C0A, 0x0C0A, 0x0C0A, 0x0C0A, 0x0BEA, 0x0BEA, 0x0BE9, 0x0BE9, 0x0BC9, 0x0BC9, 0x0BA9, 0x0BA9, 0x0BA9, 0x0BA9, 0x0B89, 0x0B89,
    0x6D28, 0x6D28, 0x7528, 0x7548, 0x7549, 0x7549, 0x7569, 0x7569, 0x7589, 0x7589, 0x7589, 0x75A9, 0x75A9, 0x75A9, 0x75C9, 0x75C9,
    0x75C9, 0x75E9, 0x75E9, 0x75E9, 0x7609, 0x7609, 0x7609, 0x7609, 0x7629, 0x7629, 0x7629, 0x7629, 0x7629, 0x7649, 0x7649, 0x7649,
    0x7649, 0x7649, 0x7669, 0x7669, 0x7669, 0x7669, 0x7669, 0x7669, 0x7689, 0x7689, 0x7689, 0x7689, 0x6E89, 0x6E89, 0x6E89, 0x6E89,
    0x6E8A, 0x6E8A, 0x6E8A, 0x6E8A, 0x6E8A, 0x6E8A, 0x6E6A, 0x6E6A, 0x666A, 0x666A, 0x666A, 0x666A, 0x666A, 0x666A, 0x666A, 0x664A,
    0x664A, 0x664A, 0x5E4A, 0x5E4A, 0x5E4A, 0x5E4A, 0x5E4A, 0x5E2A, 0x5E2A, 0x5E2A, 0x5E2A, 0x5E2A, 0x562A, 0x562A, 0x562A, 0x560A,
    0x560A, 0x560A, 0x560A, 0x560A, 0x560A, 0x4E0A, 0x4E0A, 0x4E0A, 0x4DEA, 0x4DEA, 0x4DEA, 0x4DEA, 0x4DEA, 0x4DEA, 0x4DEA, 0x45EA,
    0x45CA, 0x45CB, 0x45CB, 0x45AB, 0x3529, 0x658E, 0xFFFF, 0xFFFF, 0xFFFF, 0xFFFF, 0xFFFF, 0xFFFF, 0xFFFF, 0xFFFF, 0xFFFF, 0xFFFF,
    0xFFFF, 0xFFFF, 0xFFFF, 0xFFFF, 0xFFFF, 0xFFFF, 0xFFFF, 0xFFFF, 0xDF5C, 0xAE56, 0xB697, 0xF7BE, 0xFFFF, 0xFFFF, 0xFFFF, 0xFFFF,
    0xFFFF, 0xFFFF, 0xFFFF, 0xFFFF, 0xFFFF, 0xFFFF, 0xFFFF, 0xFFFF, 0xFFFF, 0xFFFF, 0xFFFF, 0xFFFF, 0xFFFF, 0xFFFF, 0xB6B8, 0x1449,
    0x250B, 0x1D0B, 0x1D2C, 0x1D0C, 0x1D0C, 0x1D0C, 0x1D0C, 0x1D0C, 0x1D0C, 0x150C, 0x150C, 0x14EC, 0x14EC, 0x14EC, 0x14EC, 0x14EC,
    0x14EC, 0x14EC, 0x0CEC, 0x0CEC, 0x0CEC, 0x0CEC, 0x0CEC, 0x0CEC, 0x0CEC, 0x0CEC, 0x0CEC, 0x0CEC, 0x0CEC, 0x0CEC, 0x0CEC, 0x0CEC,
    0x0CEC, 0x0CEC, 0x0CEC, 0x0CEC, 0x0CEC, 0x0CEC, 0x0CEC, 0x0CEC, 0x0CEC, 0x0CEC, 0x0CEC, 0x0CEC, 0x0CEC, 0x0CEC, 0x0CCC, 0x0CCC,
    0x0CCC, 0x0CCC, 0x0CCC, 0x0CCC, 0x0CCC, 0x0CCC, 0x0CCC, 0x0CCC, 0x0CAC, 0x0CAC, 0x0CAB, 0x0CAB, 0x0CAB, 0x0CAB, 0x0C8B, 0x0C8B,
    0x0C8B, 0x0C8B, 0x0C8B, 0x0C6B, 0x0C6B, 0x0C6B, 0x0C6B, 0x0C6B, 0x0C4B, 0x0C4A, 0x0C4A, 0x0C4A, 0x0C2A, 0x0C2A, 0x0C2A, 0x0C2A,
    0x0C0A, 0x0C0A, 0x0C0A, 0x0C0A, 0x0BEA, 0x0BEA, 0x0BE9, 0x0BE9, 0x0BC9, 0x0BC9, 0x0BA9, 0x0BA9, 0x0BA9, 0x0BA9, 0x0B89, 0x0B89,
    0x6D28, 0x6D28, 0x6D28, 0x7548, 0x7548, 0x7549, 0x7569, 0x7569, 0x7589, 0x7589, 0x7589, 0x75A9, 0x75A9, 0x75A9, 0x75C9, 0x75C9,
    0x75C9, 0x75E9, 0x75E9, 0x75E9, 0x7609, 0x7609, 0x7609, 0x7609, 0x7609, 0x7629, 0x7629, 0x7629, 0x7629, 0x7649, 0x7649, 0x7649,
    0x7649, 0x7649, 0x7669, 0x7669, 0x7669, 0x7669, 0x7669, 0x7669, 0x7669, 0x7689, 0x6E89, 0x6E89, 0x6E89, 0x6E89, 0x6E89, 0x6E89,
    0x6E8A, 0x6E8A, 0x6E8A, 0x6E8A, 0x6E8A, 0x6E6A, 0x6E6A, 0x666A, 0x666A, 0x666A, 0x666A, 0x666A, 0x666A, 0x664A, 0x664A, 0x664A,
    0x664A, 0x5E4A, 0x5E4A, 0x5E4A, 0x5E4A, 0x5E4A, 0x5E2A, 0x5E2A, 0x5E2A, 0x5E2A, 0x5E2A, 0x562A, 0x562A, 0x562A, 0x560A, 0x560A,
    0x560A, 0x560A, 0x560A, 0x560A, 0x4E0A, 0x4E0A, 0x4E0A, 0x4DEA, 0x4DEA, 0x4DEA, 0x4DEA, 0x4DEA, 0x4DEA, 0x4DEA, 0x45EA, 0x45CA,
    0x45CB, 0x45CB, 0x45CA, 0x45AB, 0x2CE8, 0x9654, 0xFFFF, 0xFFFF, 0xFFFF, 0xFFFF, 0xFFFF, 0xFFFF, 0xFFFF, 0xFFFF, 0xFFFF, 0xFFFF,
    0xFFFF, 0xFFFF, 0xFFFF, 0xFFFF, 0xFFFF, 0xFFFF, 0xFFFF, 0x95F4, 0x1BC7, 0x13A6, 0x13A6, 0x342A, 0xCEFA, 0xFFFF, 0xFFFF, 0xFFFF,
    0xFFFF, 0xFFFF, 0xFFFF, 0xFFFF, 0xFFFF, 0xFFFF, 0xFFFF, 0xFFFF, 0xFFFF, 0xFFFF, 0xFFFF, 0xFFFF, 0xFFFF, 0xFFFF, 0xE79D, 0x248B,
    0x1CCB, 0x1D0C, 0x1D0C, 0x1D0C, 0x1D0C, 0x1D0C, 0x1D0C, 0x1D0C, 0x150C, 0x150C, 0x14EC, 0x14EC, 0x14EC, 0x14EC, 0x14EC, 0x14EC,
    0x14EC, 0x0CEC, 0x0CEC, 0x0CEC, 0x0CEC, 0x0CEC, 0x0CEC, 0x0CEC, 0x0CEC, 0x0CEC, 0x0CEC, 0x0CEC, 0x0CEC, 0x0CEC, 0x0CEC, 0x0CEC,
    0x0CEC, 0x0CEC, 0x0CEC, 0x0CEC, 0x0CEC, 0x0CEC, 0x0CEC, 0x0CEC, 0x0CEC, 0x0CEC, 0x0CEC, 0x0CEC, 0x0CEC, 0x0CEC, 0x0CCC, 0x0CCC,
    0x0CCC, 0x0CCC, 0x0CCC, 0x0CCC, 0x0CCC, 0x0CCC, 0x0CCC, 0x0CCC, 0x0CAC, 0x0CAC, 0x0CAB, 0x0CAB, 0x0CAB, 0x0CAB, 0x0C8B, 0x0C8B,
    0x0C8B, 0x0C8B, 0x0C8B, 0x0C6B, 0x0C6B, 0x0C6B, 0x0C6B, 0x0C6B, 0x0C4B, 0x0C4A, 0x0C4A, 0x0C4A, 0x0C2A, 0x0C2A, 0x0C2A, 0x0C2A,
    0x0C0A, 0x0C0A, 0x0C0A, 0x0C0A, 0x0BEA, 0x0BEA, 0x0BE9, 0x0BE9, 0x0BC9, 0x0BC9, 0x0BA9, 0x0BA9, 0x0BA9, 0x0BA9, 0x0B89, 0x0B89,
    0x6D08, 0x6D28, 0x6D28, 0x6D48, 0x6D48, 0x7548, 0x7569, 0x7569, 0x7589, 0x7589, 0x7589, 0x75A9, 0x75A9, 0x75A9, 0x75C9, 0x75C9,
    0x75C9, 0x75C9, 0x75E9, 0x75E9, 0x75E9, 0x7609, 0x7609, 0x7609, 0x7609, 0x7629, 0x7629, 0x7629, 0x7629, 0x7649, 0x7649, 0x7649,
    0x7649, 0x7649, 0x7649, 0x7669, 0x7669, 0x7669, 0x7669, 0x7669, 0x6E69, 0x6E69, 0x6E69, 0x6E89, 0x6E89, 0x6E89, 0x6E89, 0x6E89,
    0x6E8A, 0x6E8A, 0x6E8A, 0x6E8A, 0x6E6A, 0x6E6A, 0x666A, 0x666A, 0x666A, 0x666A, 0x666A, 0x666A, 0x664A, 0x664A, 0x664A, 0x664A,
    0x5E4A, 0x5E4A, 0x5E4A, 0x5E4A, 0x5E4A, 0x5E2A, 0x5E2A, 0x5E2A, 0x5E2A, 0x5E2A, 0x562A, 0x562A, 0x562A, 0x560A, 0x560A, 0x560A,
    0x560A, 0x560A, 0x560A, 0x4E0A, 0x4E0A, 0x4E0A, 0x4DEA, 0x4DEA, 0x4DEA, 0x4DEA, 0x4DEA, 0x4DEA, 0x4DEA, 0x45EA, 0x45CA, 0x45CB,
    0x45CB, 0x45CB, 0x45CB, 0x458A, 0x2CC8, 0xC719, 0xFFFF, 0xFFFF, 0xFFFF, 0xFFFF, 0xFFFF, 0xFFFF, 0xFFFF, 0xFFFF, 0xFFFF, 0xFFFF,
    0xFFFF, 0xFFFF, 0xFFFF, 0xFFFF, 0xFFFF, 0xFFFF, 0xC6D9, 0x13C6, 0x2448, 0x2C69, 0x2C69, 0x13E7, 0x2C29, 0xEF9D, 0xFFFF, 0xFFFF,
    0xFFFF, 0xFFFF, 0xFFFF, 0xFFFF, 0xFFFF, 0xFFFF, 0xFFFF, 0xFFFF, 0xFFFF, 0xFFFF, 0xFFFF, 0xFFFF, 0xFFFF, 0xFFFF, 0xFFFF, 0x450E,
    0x148A, 0x1D0C, 0x1D0C, 0x1D0C, 0x1D0C, 0x1D0C, 0x150C, 0x150C, 0x150C, 0x14EC, 0x14EC, 0x14EC, 0x14EC, 0x14EC, 0x14EC, 0x14EC,
    0x0CEC, 0x0CEC, 0x0CEC, 0x0CEC, 0x0CEC, 0x0CEC, 0x0CEC, 0x0CEC, 0x0CEC, 0x0CEC, 0x0CEC, 0x0CEC, 0x0CEC, 0x0CEC, 0x0CEC, 0x0CEC,
    0x0CEC, 0x0CEC, 0x0CEC, 0x0CEC, 0x0CEC, 0x0CEC, 0x0CEC, 0x0CEC, 0x0CEC, 0x0CEC, 0x0CEC, 0x0CEC, 0x0CEC, 0x0CEC, 0x0CCC, 0x0CCC,
    0x0CCC, 0x0CCC, 0x0CCC, 0x0CCC, 0x0CCC, 0x0CCC, 0x0CCC, 0x0CCC, 0x0CAC, 0x0CAC, 0x0CAB, 0x0CAB, 0x0CAB, 0x0C8B, 0x0C8B, 0x0C8B,
    0x0C8B, 0x0C8B, 0x0C8B, 0x0C6B, 0x0C6B, 0x0C6B, 0x0C6B, 0x0C6B, 0x0C4B, 0x0C4A, 0x0C4A, 0x0C4A, 0x0C2A, 0x0C2A, 0x0C2A, 0x0C2A,
    0x0C0A, 0x0C0A, 0x0C0A, 0x0C0A, 0x0BEA, 0x0BEA, 0x0BE9, 0x0BE9, 0x0BC9, 0x0BC9, 0x0BA9, 0x0BA9, 0x0BA9, 0x0BA9, 0x0B89, 0x0B89,
    0x6D08, 0x6D28, 0x6D28, 0x6D48, 0x6D48, 0x6D48, 0x7568, 0x7569, 0x7569, 0x7589, 0x7589, 0x7589, 0x75A9, 0x75A9, 0x75C9, 0x75C9,
    0x75C9, 0x75C9, 0x75E9, 0x75E9, 0x75E9, 0x7609, 0x7609, 0x7609, 0x7609, 0x7629, 0x7629, 0x7629, 0x7629, 0x7629, 0x7649, 0x7649,
    0x7649, 0x7649, 0x7649, 0x7669, 0x7669, 0x6E69, 0x6E69, 0x6E69, 0x6E69, 0x6E69, 0x6E69, 0x6E69, 0x6E89, 0x6E89, 0x6E89, 0x6E69,
    0x6E8A, 0x6E6A, 0x6E6A, 0x6E6A, 0x6E6A, 0x666A, 0x666A, 0x666A, 0x666A, 0x666A, 0x666A, 0x666A, 0x664A, 0x664A, 0x664A, 0x5E4A,
    0x5E4A, 0x5E4A, 0x5E4A, 0x5E4A, 0x5E2A, 0x5E2A, 0x5E2A, 0x5E2A, 0x5E2A, 0x562A, 0x562A, 0x562A, 0x560A, 0x560A, 0x560A, 0x560A,
    0x560A, 0x560A, 0x4E0A, 0x4E0A, 0x4E0A, 0x4DEA, 0x4DEA, 0x4DEA, 0x4DEA, 0x4DEA, 0x4DEA, 0x4DEA, 0x45EA, 0x45CA, 0x45CB, 0x45CB,
    0x45CB, 0x45CB, 0x45AA, 0x3D6A, 0x3CEA, 0xE79C, 0xFFFF, 0xFFFF, 0xFFFF, 0xFFFF, 0xFFFF, 0xFFFF, 0xFFFF, 0xFFFF, 0xFFFF, 0xFFFF,
    0xFFFF, 0xFFFF, 0xFFFF, 0xFFFF, 0xFFFF, 0xFFFF, 0x6D4F, 0x1C27, 0x2CCA, 0x2CEA, 0x2CEA, 0x2CAA, 0x13E7, 0x8DD3, 0xFFFF, 0xFFFF,
    0xFFFF, 0xFFFF, 0xFFFF, 0xFFFF, 0xFFFF, 0xFFFF, 0xFFFF, 0xFFFF, 0xFFFF, 0xFFFF, 0xFFFF, 0xFFFF, 0xFFFF, 0xFFFF, 0xFFFF, 0x6D91,
    0x0C49, 0x1D0C, 0x1D0C, 0x1D0C, 0x1D0C, 0x150C, 0x150C, 0x150C, 0x14EC, 0x14EC, 0x14EC, 0x14EC, 0x14EC, 0x14EC, 0x14EC, 0x0CEC,
    0x0CEC, 0x0CEC, 0x0CEC, 0x0CEC, 0x0CEC, 0x0CEC, 0x0CEC, 0x0CEC, 0x0CEC, 0x0CEC, 0x0CEC, 0x0CEC, 0x0CEC, 0x0CEC, 0x0CEC, 0x0CEC,
    0x0CEC, 0x0CEC, 0x0CEC, 0x0CEC, 0x0CEC, 0x0CEC, 0x0CEC, 0x0CEC, 0x0CEC, 0x0CEC, 0x0CEC, 0x0CEC, 0x0CEC, 0x0CEC, 0x0CCC, 0x0CCC,
    0x0CCC, 0x0CCC, 0x0CCC, 0x0CCC, 0x0CCC, 0x0CCC, 0x0CCC, 0x0CCC, 0x0CAC, 0x0CAC, 0x0CAB, 0x0CAB, 0x0CAB, 0x0C8B, 0x0C8B, 0x0C8B,
    0x0C8B, 0x0C8B, 0x0C8B, 0x0C6B, 0x0C6B, 0x0C6B, 0x0C6B, 0x0C4B, 0x0C4B, 0x0C4A, 0x0C4A, 0x0C4A, 0x0C2A, 0x0C2A, 0x0C2A, 0x0C2A,
    0x0C0A, 0x0C0A, 0x0C0A, 0x0BEA, 0x0BEA, 0x0BEA, 0x0BE9, 0x0BE9, 0x0BC9, 0x0BC9, 0x0BA9, 0x0BA9, 0x0BA9, 0x0BA9, 0x0B89, 0x0B89,
    0x6D08, 0x6D28, 0x6D28, 0x6D48, 0x6D48, 0x6D48, 0x6D68, 0x6D68, 0x7569, 0x7589, 0x7589, 0x7589, 0x75A9, 0x75A9, 0x75A9, 0x75C9,
    0x75C9, 0x75C9, 0x75E9, 0x75E9, 0x75E9, 0x75E9, 0x7609, 0x7609, 0x7609, 0x7629, 0x7629, 0x7629, 0x7629, 0x7629, 0x7649, 0x7649,
    0x7649, 0x7649, 0x7649, 0x7649, 0x6E69, 0x6E69, 0x6E69, 0x6E69, 0x6E69, 0x6E69, 0x6E69, 0x6E69, 0x6E69, 0x6E69, 0x6E69, 0x6E69,
    0x6E6A, 0x6E6A, 0x6E6A, 0x6E6A, 0x666A, 0x666A, 0x666A, 0x666A, 0x666A, 0x666A, 0x666A, 0x664A, 0x664A, 0x664A, 0x5E4A, 0x5E4A,
    0x5E4A, 0x5E4A, 0x5E4A, 0x5E2A, 0x5E2A, 0x5E2A, 0x5E2A, 0x5E2A, 0x562A, 0x562A, 0x562A, 0x560A, 0x560A, 0x560A, 0x560A, 0x560A,
    0x560A, 0x4E0A, 0x4E0A, 0x4E0A, 0x4DEA, 0x4DEA, 0x4DEA, 0x4DEA, 0x4DEA, 0x4DEA, 0x4DEA, 0x45EA, 0x45CB, 0x45CB, 0x45CB, 0x45CB,
    0x45CB, 0x45CB, 0x45AB, 0x3529, 0x4D2C, 0xF7DE, 0xFFFF, 0xFFFF, 0xFFFF, 0xFFFF, 0xFFFF, 0xFFFF, 0xFFFF, 0xFFFF, 0xFFFF, 0xFFFF,
    0xFFFF, 0xFFFF, 0xFFFF, 0xFFFF, 0xFFFF, 0xFFFF, 0x44AC, 0x2489, 0x2D0A, 0x2D4B, 0x2D2B, 0x2D0A, 0x1C48, 0x44AC, 0xFFFF, 0xFFFF,
    0xFFFF, 0xFFFF, 0xFFFF, 0xFFFF, 0xFFFF, 0xFFFF, 0xFFFF, 0xFFFF, 0xFFFF, 0xFFFF, 0xFFFF, 0xFFFF, 0xFFFF, 0xFFFF, 0xFFFF, 0x8E14,
    0x0429, 0x1CEC, 0x1D0B, 0x1D0C, 0x1D0C, 0x150C, 0x150C, 0x14EC, 0x14EC, 0x14EC, 0x14EC, 0x14EC, 0x14EC, 0x14EC, 0x0CEC, 0x0CEC,
    0x0CEC, 0x0CEC, 0x0CEC, 0x0CEC, 0x0CEC, 0x0CEC, 0x0CEC, 0x0CEC, 0x0CEC, 0x0CEC, 0x0CEC, 0x0CEC, 0x0CEC, 0x0CEC, 0x0CEC, 0x0CEC,
    0x0CEC, 0x0CEC, 0x0CEC, 0x0CEC, 0x0CEC, 0x0CEC, 0x0CEC, 0x0CEC, 0x0CEC, 0x0CEC, 0x0CEC, 0x0CEC, 0x0CEC, 0x0CEC, 0x0CCC, 0x0CCC,
    0x0CCC, 0x0CCC, 0x0CCC, 0x0CCC, 0x0CCC, 0x0CCC, 0x0CCC, 0x0CCC, 0x0CAC, 0x0CAC, 0x0CAB, 0x0CAB, 0x0CAB, 0x0C8B, 0x0C8B, 0x0C8B,
    0x0C8B, 0x0C8B, 0x0C8B, 0x0C6B, 0x0C6B, 0x0C6B, 0x0C6B, 0x0C4B, 0x0C4B, 0x0C4A, 0x0C4A, 0x0C4A, 0x0C2A, 0x0C2A, 0x0C2A, 0x0C2A,
    0x0C0A, 0x0C0A, 0x0C0A, 0x0BEA, 0x0BEA, 0x0BEA, 0x0BE9, 0x0BC9, 0x0BC9, 0x0BC9, 0x0BA9, 0x0BA9, 0x0BA9, 0x0BA9, 0x0B89, 0x0B89,
    0x6D08, 0x6D28, 0x6D28, 0x6D48, 0x6D48, 0x6D48, 0x6D68, 0x6D68, 0x6D69, 0x6D89, 0x7589, 0x7589, 0x75A9, 0x75A9, 0x75A9, 0x75C9,
    0x75C9, 0x75C9, 0x75E9, 0x75E9, 0x75E9, 0x75E9, 0x7609, 0x7609, 0x7609, 0x7609, 0x7629, 0x7629, 0x7629, 0x7629, 0x7629, 0x7649,
    0x7649, 0x7649, 0x7649, 0x6E49, 0x6E69, 0x6E69, 0x6E69, 0x6E69, 0x6E69, 0x6E69, 0x6E69, 0x6E69, 0x6E69, 0x6E69, 0x6E69, 0x6E69,
    0x6E6A, 0x6E6A, 0x6E6A, 0x666A, 0x666A, 0x666A, 0x666A, 0x666A, 0x666A, 0x666A, 0x664A, 0x664A, 0x664A, 0x5E4A, 0x5E4A, 0x5E4A,
    0x5E4A, 0x5E4A, 0x5E2A, 0x5E2A, 0x5E2A, 0x5E2A, 0x562A, 0x562A, 0x562A, 0x562A, 0x562A, 0x560A, 0x560A, 0x560A, 0x560A, 0x560A,
    0x4E0A, 0x4E0A, 0x4E0A, 0x4DEA, 0x4DEA, 0x4DEA, 0x4DEA, 0x4DEA, 0x4DEA, 0x4DEA, 0x45EA, 0x45CB, 0x45CB, 0x45CB, 0x45CB, 0x45CB,
    0x45CB, 0x45CB, 0x45AB, 0x2D09, 0x656E, 0xFFFF, 0xFFFF, 0xFFFF, 0xFFFF, 0xFFFF, 0xFFFF, 0xFFFF, 0xFFFF, 0xFFFF, 0xFFFF, 0xFFFF,
    0xFFFF, 0xFFFF, 0xFFFF, 0xFFFF, 0xFFFF, 0xEF9D, 0x348A, 0x24C9, 0x2D4B, 0x2D6B, 0x2D4B, 0x2D2B, 0x24AA, 0x2C4A, 0xEF9D, 0xFFFF,
    0xFFFF, 0xFFFF, 0xFFFF, 0xFFFF, 0xFFFF, 0xFFFF, 0xFFFF, 0xFFFF, 0xFFFF, 0xFFFF, 0xFFFF, 0xFFFF, 0xFFFF, 0xFFFF, 0xFFFF, 0xA677,
    0x0C29, 0x1CEB, 0x1D0C, 0x1D0C, 0x150C, 0x150C, 0x14EC, 0x14EC, 0x14EC, 0x14EC, 0x14EC, 0x14EC, 0x14EC, 0x0CEC, 0x0CEC, 0x0CEC,
    0x0CEC, 0x0CEC, 0x0CEC, 0x0CEC, 0x0CEC, 0x0CEC, 0x0CEC, 0x0CEC, 0x0CEC, 0x0CEC, 0x0CEC, 0x0CEC, 0x0CEC, 0x0CEC, 0x0CEC, 0x0CEC,
    0x0CEC, 0x0CEC, 0x0CEC, 0x0CEC, 0x0CEC, 0x0CEC, 0x0CEC, 0x0CEC, 0x0CEC, 0x0CEC, 0x0CEC, 0x0CEC, 0x0CEC, 0x0CCC, 0x0CCC, 0x0CCC,
    0x0CCC, 0x0CCC, 0x0CCC, 0x0CCC, 0x0CCC, 0x0CCC, 0x0CCC, 0x0CCC, 0x0CAC, 0x0CAC, 0x0CAB, 0x0CAB, 0x0CAB, 0x0C8B, 0x0C8B, 0x0C8B,
    0x0C8B, 0x0C8B, 0x0C8B, 0x0C6B, 0x0C6B, 0x0C6B, 0x0C6B, 0x0C4B, 0x0C4B, 0x0C4A, 0x0C4A, 0x0C4A, 0x0C2A, 0x0C2A, 0x0C2A, 0x0C2A,
    0x0C0A, 0x0C0A, 0x0C0A, 0x0BEA, 0x0BEA, 0x0BEA, 0x0BE9, 0x0BC9, 0x0BC9, 0x0BC9, 0x0BA9, 0x0BA9, 0x0BA9, 0x0BA9, 0x0B89, 0x0B88,
    0x6D08, 0x6D28, 0x6D28, 0x6D28, 0x6D48, 0x6D48, 0x6D48, 0x6D68, 0x6D68, 0x6D88, 0x6D89, 0x6D89, 0x75A9, 0x75A9, 0x6DA9, 0x75C9,
    0x75C9, 0x75C9, 0x75C9, 0x75E9, 0x75E9, 0x75E9, 0x75E9, 0x7609, 0x7609, 0x7609, 0x6E29, 0x7629, 0x7629, 0x7629, 0x7629, 0x6E49,
    0x6E49, 0x6E49, 0x6E49, 0x6E49, 0x6E49, 0x6E69, 0x6E69, 0x6E69, 0x6E69, 0x6E69, 0x6E69, 0x6E69, 0x6E69, 0x6E69, 0x6E69, 0x6E6A,
    0x6E6A, 0x6E6A, 0x666A, 0x666A, 0x666A, 0x666A, 0x666A, 0x666A, 0x666A, 0x664A, 0x664A, 0x664A, 0x5E4A, 0x5E4A, 0x5E4A, 0x5E4A,
    0x5E4A, 0x5E2A, 0x5E2A, 0x5E2A, 0x5E2A, 0x562A, 0x562A, 0x562A, 0x562A, 0x562A, 0x560A, 0x560A, 0x560A, 0x560A, 0x560A, 0x4E0A,
    0x4E0A, 0x4E0A, 0x4DEA, 0x4DEA, 0x4DEA, 0x4DEA, 0x4DEA, 0x4DEA, 0x4DEA, 0x45EA, 0x45CB, 0x45CB, 0x45CB, 0x45CB, 0x45CB, 0x45CB,
    0x45CB, 0x45CB, 0x458B, 0x2CE8, 0x6D8F, 0xFFFF, 0xFFFF, 0xFFFF, 0xFFFF, 0xFFFF, 0xFFFF, 0xFFFF, 0xFFFF, 0xFFFF, 0xFFFF, 0xFFFF,
    0xFFFF, 0xFFFF, 0xFFFF, 0xFFFF, 0xFFFF, 0xE77D, 0x2C8A, 0x24EA, 0x2D4B, 0x2D6B, 0x2D4B, 0x2D2B, 0x24CA, 0x2449, 0xD73B, 0xFFFF,
    0xFFFF, 0xFFFF, 0xFFFF, 0xFFFF, 0xFFFF, 0xFFFF, 0xFFFF, 0xFFFF, 0xFFFF, 0xFFFF, 0xFFFF, 0xFFFF, 0xFFFF, 0xFFFF, 0xFFFF, 0xB6D8,
    0x0C29, 0x1CCB, 0x14EC, 0x150C, 0x150C, 0x14EC, 0x14EC, 0x14EC, 0x14EC, 0x14EC, 0x14EC, 0x14EC, 0x0CEC, 0x0CEC, 0x0CEC, 0x0CEC,
    0x0CEC, 0x0CEC, 0x0CEC, 0x0CEC, 0x0CEC, 0x0CEC, 0x0CEC, 0x0CEC, 0x0CEC, 0x0CEC, 0x0CEC, 0x0CEC, 0x0CEC, 0x0CEC, 0x0CEC, 0x0CEC,
    0x0CEC, 0x0CEC, 0x0CEC, 0x0CEC, 0x0CEC, 0x0CEC, 0x0CEC, 0x0CEC, 0x0CEC, 0x0CEC, 0x0CEC, 0x0CEC, 0x0CEC, 0x0CCC, 0x0CCC, 0x0CCC,
    0x0CCC, 0x0CCC, 0x0CCC, 0x0CCC, 0x0CCC, 0x0CCC, 0x0CCC, 0x0CCC, 0x0CAC, 0x0CAC, 0x0CAB, 0x0CAB, 0x0CAB, 0x0C8B, 0x0C8B, 0x0C8B,
    0x0C8B, 0x0C8B, 0x0C8B, 0x0C6B, 0x0C6B, 0x0C6B, 0x0C6B, 0x0C4B, 0x0C4B, 0x0C4A, 0x0C4A, 0x0C4A, 0x0C2A, 0x0C2A, 0x0C2A, 0x0C2A,
    0x0C0A, 0x0C0A, 0x0C0A, 0x0BEA, 0x0BEA, 0x0BEA, 0x0BE9, 0x0BC9, 0x0BC9, 0x0BC9, 0x0BA9, 0x0BA9, 0x0BA9, 0x0BA9, 0x0B89, 0x0B88,
    0x6D08, 0x6D28, 0x6D28, 0x6D28, 0x6D48, 0x6D48, 0x6D48, 0x6D68, 0x6D68, 0x6D88, 0x6D88, 0x6D88, 0x6D89, 0x6DA9, 0x6DA9, 0x6DA9,
    0x6DC9, 0x6DC9, 0x6DC9, 0x6DE9, 0x6DE9, 0x6DE9, 0x6DE9, 0x6E09, 0x6E09, 0x6E09, 0x6E29, 0x6E29, 0x6E29, 0x6E29, 0x6E29, 0x6E29,
    0x6E49, 0x6E49, 0x6E49, 0x6E49, 0x6E49, 0x6E49, 0x6E69, 0x6E69, 0x6E69, 0x6E69, 0x6E69, 0x6E69, 0x6E69, 0x6E69, 0x6E6A, 0x6E6A,
    0x666A, 0x666A, 0x666A, 0x666A, 0x666A, 0x666A, 0x666A, 0x664A, 0x664A, 0x664A, 0x664A, 0x5E4A, 0x5E4A, 0x5E4A, 0x5E4A, 0x5E4A,
    0x5E2A, 0x5E2A, 0x5E2A, 0x5E2A, 0x562A, 0x562A, 0x562A, 0x562A, 0x560A, 0x560A, 0x560A, 0x560A, 0x560A, 0x560A, 0x4E0A, 0x4E0A,
    0x4E0A, 0x4DEA, 0x4DEA, 0x4DEA, 0x4DEA, 0x4DEA, 0x4DEA, 0x4DEA, 0x45EA, 0x45CB, 0x45CB, 0x45CB, 0x45CB, 0x45CB, 0x45CB, 0x45CB,
    0x45CB, 0x3DAB, 0x3D8B, 0x2CE8, 0x75B0, 0xFFFF, 0xFFFF, 0xFFFF, 0xFFFF, 0xFFFF, 0xFFFF, 0xFFFF, 0xFFFF, 0xFFFF, 0xFFFF, 0xFFFF,
    0xFFFF, 0xFFFF, 0xFFFF, 0xFFFF, 0xFFFF, 0xE79D, 0x34AA, 0x24EA, 0x2D4B, 0x2D6B, 0x2D4B, 0x2D4B, 0x24EA, 0x1C49, 0xCF1A, 0xFFFF,
    0xFFFF, 0xFFFF, 0xFFFF, 0xFFFF, 0xFFFF, 0xFFFF, 0xFFFF, 0xFFFF, 0xFFFF, 0xFFFF, 0xFFFF, 0xFFFF, 0xFFFF, 0xFFFF, 0xFFFF, 0xBED9,
    0x0C29, 0x1CCB, 0x14EC, 0x150C, 0x14EC, 0x14EC, 0x14EC, 0x14EC, 0x14EC, 0x14EC, 0x14EC, 0x0CEC, 0x0CEC, 0x0CEC, 0x0CEC, 0x0CEC,
    0x0CEC, 0x0CEC, 0x0CEC, 0x0CEC, 0x0CEC, 0x0CEC, 0x0CEC, 0x0CEC, 0x0CEC, 0x0CEC, 0x0CEC, 0x0CEC, 0x0CEC, 0x0CEC, 0x0CEC, 0x0CEC,
    0x0CEC, 0x0CEC, 0x0CEC, 0x0CEC, 0x0CEC, 0x0CEC, 0x0CEC, 0x0CEC, 0x0CEC, 0x0CEC, 0x0CEC, 0x0CEC, 0x0CEC, 0x0CCC, 0x0CCC, 0x0CCC,
    0x0CCC, 0x0CCC, 0x0CCC, 0x0CCC, 0x0CCC, 0x0CCC, 0x0CCC, 0x0CAC, 0x0CAC, 0x0CAC, 0x0CAB, 0x0CAB, 0x0CAB, 0x0C8B, 0x0C8B, 0x0C8B,
    0x0C8B, 0x0C8B, 0x0C8B, 0x0C6B, 0x0C6B, 0x0C6B, 0x0C6B, 0x0C4B, 0x0C4B, 0x0C4A, 0x0C4A, 0x0C4A, 0x0C2A, 0x0C2A, 0x0C2A, 0x0C2A,
    0x0C0A, 0x0C0A, 0x0C0A, 0x0BEA, 0x0BEA, 0x0BEA, 0x0BE9, 0x0BC9, 0x0BC9, 0x0BC9, 0x0BA9, 0x0BA9, 0x0BA9, 0x0BA9, 0x0B89, 0x0B88,
    0x6D08, 0x6D08, 0x6D28, 0x6D28, 0x6D28, 0x6D48, 0x6D48, 0x6D68, 0x6D68, 0x6D68, 0x6D88, 0x6D88, 0x6D88, 0x6DA8, 0x6DA9, 0x6DA9,
    0x6DC9, 0x6DC9, 0x6DC9, 0x6DE9, 0x6DE9, 0x6DE9, 0x6DE9, 0x6DE9, 0x6E09, 0x6E09, 0x6E09, 0x6E29, 0x6E29, 0x6E29, 0x6E29, 0x6E29,
    0x6E49, 0x6E49, 0x6E49, 0x6E49, 0x6E49, 0x6E49, 0x6E49, 0x6E69, 0x6E49, 0x6E69, 0x6E69, 0x6E69, 0x6E69, 0x6E6A, 0x6E6A, 0x666A,
    0x666A, 0x666A, 0x666A, 0x666A, 0x666A, 0x666A, 0x664A, 0x664A, 0x664A, 0x664A, 0x5E4A, 0x5E4A, 0x5E4A, 0x5E4A, 0x5E4A, 0x5E2A,
    0x5E2A, 0x5E2A, 0x5E2A, 0x562A, 0x562A, 0x562A, 0x562A, 0x560A, 0x560A, 0x560A, 0x560A, 0x560A, 0x560A, 0x4E0A, 0x4E0A, 0x4E0A,
    0x4DEA, 0x4DEA, 0x4DEA, 0x4DEA, 0x4DEA, 0x4DEA, 0x4DEA, 0x45EA, 0x45CB, 0x45CB, 0x45CB, 0x45CB, 0x45CB, 0x45CB, 0x45CB, 0x45CB,
    0x3DAB, 0x3DAB, 0x3D8B, 0x2CC8, 0x6D8F, 0xFFFF, 0xFFFF, 0xFFFF, 0xFFFF, 0xFFFF, 0xFFFF, 0xFFFF, 0xFFFF, 0xFFFF, 0xFFFF, 0xFFFF,
    0xFFFF, 0xFFFF, 0xFFFF, 0xFFFF, 0xFFFF, 0xF7BE, 0x3CCB, 0x24CA, 0x2D4B, 0x2D6B, 0x2D4B, 0x2D4B, 0x24EA, 0x1C49, 0xCF1A, 0xFFFF,
    0xFFFF, 0xFFFF, 0xFFFF, 0xFFFF, 0xFFFF, 0xFFFF, 0xFFFF, 0xFFFF, 0xFFFF, 0xFFFF, 0xFFFF, 0xFFFF, 0xFFFF, 0xFFFF, 0xFFFF, 0xC6FA,
    0x0C29, 0x14AB, 0x14EC, 0x14EC, 0x14EC, 0x14EC, 0x14EC, 0x14EC, 0x14EC, 0x14EC, 0x0CEC, 0x0CEC, 0x0CEC, 0x0CEC, 0x0CEC, 0x0CEC,
    0x0CEC, 0x0CEC, 0x0CEC, 0x0CEC, 0x0CEC, 0x0CEC, 0x0CEC, 0x0CEC, 0x0CEC, 0x0CEC, 0x0CEC, 0x0CEC, 0x0CEC, 0x0CEC, 0x0CEC, 0x0CEC,
    0x0CEC, 0x0CEC, 0x0CEC, 0x0CEC, 0x0CEC, 0x0CEC, 0x0CEC, 0x0CEC, 0x0CEC, 0x0CEC, 0x0CEC, 0x0CEC, 0x0CEC, 0x0CCC, 0x0CCC, 0x0CCC,
    0x0CCC, 0x0CCC, 0x0CCC, 0x0CCC, 0x0CCC, 0x0CCC, 0x0CCC, 0x0CAC, 0x0CAC, 0x0CAB, 0x0CAB, 0x0CAB, 0x0CAB, 0x0C8B, 0x0C8B, 0x0C8B,
    0x0C8B, 0x0C8B, 0x0C8B, 0x0C6B, 0x0C6B, 0x0C6B, 0x0C6B, 0x0C4B, 0x0C4B, 0x0C4A, 0x0C4A, 0x0C2A, 0x0C2A, 0x0C2A, 0x0C2A, 0x0C2A,
    0x0C0A, 0x0C0A, 0x0C0A, 0x0BEA, 0x0BEA, 0x0BE9, 0x0BE9, 0x0BC9, 0x0BC9, 0x0BC9, 0x0BA9, 0x0BA9, 0x0BA9, 0x0BA9, 0x0B89, 0x0B88,
    0x6D08, 0x6D08, 0x6D28, 0x6D28, 0x6D28, 0x6D48, 0x6D48, 0x6D68, 0x6D68, 0x6D68, 0x6D88, 0x6D88, 0x6D88, 0x6D88, 0x6DA8, 0x6DA8,
    0x6DC9, 0x6DC9, 0x6DC9, 0x6DC9, 0x6DE9, 0x6DE9, 0x6DE9, 0x6DE9, 0x6E09, 0x6E09, 0x6E09, 0x6E29, 0x6E29, 0x6E29, 0x6E29, 0x6E29,
    0x6E49, 0x6E49, 0x6E49, 0x6E49, 0x6E49, 0x6E49, 0x6E49, 0x6E49, 0x6E49, 0x6E49, 0x6E69, 0x6E69, 0x6E69, 0x666A, 0x666A, 0x666A,
    0x666A, 0x666A, 0x666A, 0x666A, 0x666A, 0x664A, 0x664A, 0x664A, 0x664A, 0x5E4A, 0x5E4A, 0x5E4A, 0x5E4A, 0x5E4A, 0x5E2A, 0x5E2A,
    0x5E2A, 0x5E2A, 0x562A, 0x562A, 0x562A, 0x562A, 0x560A, 0x560A, 0x560A, 0x560A, 0x560A, 0x560A, 0x4E0A, 0x4E0A, 0x4E0A, 0x4DEA,
    0x4DEA, 0x4DEA, 0x4DEA, 0x4DEA, 0x4DEA, 0x45EA, 0x45EA, 0x45CB, 0x45CB, 0x45CB, 0x45CB, 0x45CB, 0x45CB, 0x45CB, 0x45CB, 0x3DCB,
    0x3DAB, 0x3DAB, 0x3D8B, 0x2CC8, 0x6D6F, 0xFFFF, 0xFFFF, 0xFFFF, 0xFFFF, 0xFFFF, 0xFFFF, 0xFFFF, 0xFFFF, 0xFFFF, 0xFFFF, 0xFFFF,
    0xFFFF, 0xFFFF, 0xFFFF, 0xFFFF, 0xFFFF, 0xFFFF, 0x44ED, 0x1CC9, 0x2D4B, 0x2D4B, 0x2D4B, 0x2D4B, 0x24EB, 0x1C49, 0xD73B, 0xFFFF,
    0xFFFF, 0xFFFF, 0xFFFF, 0xFFFF, 0xFFFF, 0xFFFF, 0xFFFF, 0xFFFF, 0xFFFF, 0xFFFF, 0xFFFF, 0xFFFF, 0xFFFF, 0xFFFF, 0xFFFF, 0xBED9,
    0x0C09, 0x14AB, 0x14EC, 0x14EC, 0x14EC, 0x14EC, 0x14EC, 0x14EC, 0x14EC, 0x0CEC, 0x0CEC, 0x0CEC, 0x0CEC, 0x0CEC, 0x0CEC, 0x0CEC,
    0x0CEC, 0x0CEC, 0x0CEC, 0x0CEC, 0x0CEC, 0x0CEC, 0x0CEC, 0x0CEC, 0x0CEC, 0x0CEC, 0x0CEC, 0x0CEC, 0x0CEC, 0x0CEC, 0x0CEC, 0x0CEC,
    0x0CEC, 0x0CEC, 0x0CEC, 0x0CEC, 0x0CEC, 0x0CEC, 0x0CEC, 0x0CEC, 0x0CEC, 0x0CEC, 0x0CEC, 0x0CEC, 0x0CEC, 0x0CCC, 0x0CCC, 0x0CCC,
    0x0CCC, 0x0CCC, 0x0CCC, 0x0CCC, 0x0CCC, 0x0CCC, 0x0CCC, 0x0CAC, 0x0CAC, 0x0CAB, 0x0CAB, 0x0CAB, 0x0CAB, 0x0C8B, 0x0C8B, 0x0C8B,
    0x0C8B, 0x0C8B, 0x0C6B, 0x0C6B, 0x0C6B, 0x0C6B, 0x0C6B, 0x0C4B, 0x0C4B, 0x0C4A, 0x0C4A, 0x0C2A, 0x0C2A, 0x0C2A, 0x0C2A, 0x0C2A,
    0x0C0A, 0x0C0A, 0x0C0A, 0x0BEA, 0x0BEA, 0x0BE9, 0x0BE9, 0x0BC9, 0x0BC9, 0x0BC9, 0x0BA9, 0x0BA9, 0x0BA9, 0x0BA9, 0x0B89, 0x0B88,
    0x6D08, 0x6D08, 0x6D28, 0x6D28, 0x6D28, 0x6D48, 0x6D48, 0x6D68, 0x6D68, 0x6D68, 0x6D88, 0x6D88, 0x6D88, 0x6DA8, 0x6DA8, 0x6DA8,
    0x6DC9, 0x6DC9, 0x6DC9, 0x6DC9, 0x6DE9, 0x6DE9, 0x6DE9, 0x6DE9, 0x6E09, 0x6E09, 0x6E09, 0x6E09, 0x6E29, 0x6E29, 0x6E29, 0x6E29,
    0x6E29, 0x6E49, 0x6E49, 0x6E49, 0x6E49, 0x6E49, 0x6E49, 0x6E49, 0x6E49, 0x6E49, 0x6E49, 0x6E49, 0x666A, 0x666A, 0x666A, 0x666A,
    0x664A, 0x666A, 0x664A, 0x666A, 0x666A, 0x664A, 0x664A, 0x664A, 0x5E4A, 0x5E4A, 0x5E4A, 0x5E4A, 0x5E4A, 0x5E2A, 0x5E2A, 0x5E2A,
    0x5E2A, 0x562A, 0x562A, 0x562A, 0x562A, 0x560A, 0x560A, 0x560A, 0x560A, 0x560A, 0x560A, 0x4E0A, 0x4E0A, 0x4E0A, 0x4DEA, 0x4DEA,
    0x4DEA, 0x4DEA, 0x4DEA, 0x4DEA, 0x45EA, 0x45EA, 0x45CB, 0x45CB, 0x45CB, 0x45CB, 0x45CB, 0x45CB, 0x45CB, 0x45CB, 0x3DCB, 0x3DAB,
    0x3DAB, 0x3DAB, 0x3D8B, 0x2CE9, 0x5D2D, 0xFFFF, 0xFFFF, 0xFFFF, 0xFFFF, 0xFFFF, 0xFFFF, 0xFFFF, 0xFFFF, 0xFFFF, 0xFFFF, 0xFFFF,
    0xFFFF, 0xFFFF, 0xFFFF, 0xFFFF, 0xFFFF, 0xFFFF, 0x5D6F, 0x1CA9, 0x2D4B, 0x2D4B, 0x2D4B, 0x252B, 0x24EA, 0x246A, 0xE79D, 0xFFFF,
    0xFFFF, 0xFFFF, 0xFFFF, 0xFFFF, 0xFFFF, 0xFFFF, 0xFFFF, 0xFFFF, 0xFFFF, 0xFFFF, 0xFFFF, 0xFFFF, 0xFFFF, 0xFFFF, 0xFFFF, 0xAE98,
    0x0409, 0x14AB, 0x14EB, 0x14EC, 0x14EC, 0x14EC, 0x14EC, 0x14EC, 0x0CEC, 0x0CEC, 0x0CEC, 0x0CEC, 0x0CEC, 0x0CEC, 0x0CEC, 0x0CEC,
    0x0CEC, 0x0CEC, 0x0CEC, 0x0CEC, 0x0CEC, 0x0CEC, 0x0CEC, 0x0CEC, 0x0CEC, 0x0CEC, 0x0CEC, 0x0CEC, 0x0CEC, 0x0CEC, 0x0CEC, 0x0CEC,
    0x0CEC, 0x0CEC, 0x0CEC, 0x0CEC, 0x0CEC, 0x0CEC, 0x0CEC, 0x0CEC, 0x0CEC, 0x0CEC, 0x0CEC, 0x0CEC, 0x0CEC, 0x0CCC, 0x0CCC, 0x0CCC,
    0x0CCC, 0x0CCC, 0x0CCC, 0x0CCC, 0x0CCC, 0x0CCC, 0x0CCC, 0x0CAC, 0x0CAC, 0x0CAB, 0x0CAB, 0x0CAB, 0x0CAB, 0x0C8B, 0x0C8B, 0x0C8B,
    0x0C8B, 0x0C8B, 0x0C6B, 0x0C6B, 0x0C6B, 0x0C6B, 0x0C6B, 0x0C4B, 0x0C4B, 0x0C4A, 0x0C4A, 0x0C2A, 0x0C2A, 0x0C2A, 0x0C2A, 0x0C0A,
    0x0C0A, 0x0C0A, 0x0C0A, 0x0BEA, 0x0BEA, 0x0BE9, 0x0BE9, 0x0BC9, 0x0BC9, 0x0BC9, 0x0BA9, 0x0BA9, 0x0BA9, 0x0B89, 0x0B89, 0x0B88,
    0x6508, 0x6508, 0x6D28, 0x6D28, 0x6D28, 0x6D48, 0x6D48, 0x6D48, 0x6D68, 0x6D68, 0x6D68, 0x6D88, 0x6D88, 0x6DA8, 0x6DA8, 0x6DA8,
    0x6DC8, 0x6DC8, 0x6DC9, 0x6DC9, 0x6DC9, 0x6DE9, 0x6DE9, 0x6DE9, 0x6DE9, 0x6E09, 0x6E09, 0x6E09, 0x6E29, 0x6E29, 0x6E29, 0x6E29,
    0x6E29, 0x6E29, 0x6E49, 0x6E29, 0x6E49, 0x6E49, 0x6E49, 0x6E49, 0x6E49, 0x6649, 0x6649, 0x6649, 0x6649, 0x664A, 0x666A, 0x664A,
    0x664A, 0x664A, 0x664A, 0x664A, 0x664A, 0x664A, 0x664A, 0x5E4A, 0x5E4A, 0x5E4A, 0x5E4A, 0x5E4A, 0x5E2A, 0x5E2A, 0x5E2A, 0x5E2A,
    0x562A, 0x562A, 0x562A, 0x562A, 0x560A, 0x560A, 0x560A, 0x560A, 0x560A, 0x560A, 0x4E0A, 0x4E0A, 0x4E0A, 0x4DEA, 0x4DEA, 0x4DEA,
    0x4DEA, 0x4DEA, 0x4DEA, 0x45EA, 0x45EA, 0x45CB, 0x45CB, 0x45CB, 0x45CB, 0x45CB, 0x45CB, 0x45CB, 0x45CB, 0x3DCB, 0x3DAB, 0x3DAB,
    0x3DAB, 0x3DAB, 0x3D8B, 0x2CE9, 0x44EB, 0xF7DE, 0xFFFF, 0xFFFF, 0xFFFF, 0xFFFF, 0xFFFF, 0xFFFF, 0xFFFF, 0xFFFF, 0xFFFF, 0xFFFF,
    0xFFFF, 0xEF9D, 0xDF5B, 0xCEFA, 0xBEB8, 0xA656, 0x450D, 0x24CA, 0x2D2B, 0x2D4B, 0x254B, 0x252B, 0x1CCA, 0x34AC, 0xF7DE, 0xFFFF,
    0xFFFF, 0xFFFF, 0xFFFF, 0xFFFF, 0xFFFF, 0xFFFF, 0xFFFF, 0xFFFF, 0xFFFF, 0xFFFF, 0xFFFF, 0xFFFF, 0xFFFF, 0xFFFF, 0xFFFF, 0x9E36,
    0x03E8, 0x14CB, 0x14EC, 0x14EC, 0x14EC, 0x14EC, 0x14EC, 0x0CEC, 0x0CEC, 0x0CEC, 0x0CEC, 0x0CEC, 0x0CEC, 0x0CEC, 0x0CEC, 0x0CEC,
    0x0CEC, 0x0CEC, 0x0CEC, 0x0CEC, 0x0CEC, 0x0CEC, 0x0CEC, 0x0CEC, 0x0CEC, 0x0CEC, 0x0CEC, 0x0CEC, 0x0CEC, 0x0CEC, 0x0CEC, 0x0CEC,
    0x0CEC, 0x0CEC, 0x0CEC, 0x0CEC, 0x0CEC, 0x0CEC, 0x0CEC, 0x0CEC, 0x0CEC, 0x0CEC, 0x0CEC, 0x0CEC, 0x0CEC, 0x0CCC, 0x0CCC, 0x0CCC,
    0x0CCC, 0x0CCC, 0x0CCC, 0x0CCC, 0x0CCC, 0x0CCC, 0x0CCC, 0x0CAC, 0x0CAC, 0x0CAB, 0x0CAB, 0x0CAB, 0x0CAB, 0x0C8B, 0x0C8B, 0x0C8B,
    0x0C8B, 0x0C8B, 0x0C6B, 0x0C6B, 0x0C6B, 0x0C6B, 0x0C6B, 0x0C4B, 0x0C4B, 0x0C4A, 0x0C4A, 0x0C2A, 0x0C2A, 0x0C2A, 0x0C2A, 0x0C2A,
    0x0C0A, 0x0C0A, 0x0C0A, 0x0BEA, 0x0BEA, 0x0BE9, 0x0BE9, 0x0BC9, 0x0BC9, 0x0BC9, 0x0BA9, 0x0BA9, 0x0BA9, 0x0B89, 0x0B89, 0x0B88,
    0x6508, 0x6508, 0x6528, 0x6D28, 0x6D28, 0x6D28, 0x6D48, 0x6D48, 0x6D68, 0x6D68, 0x6D68, 0x6D88, 0x6D88, 0x6D88, 0x6DA8, 0x6DA8,
    0x6DA8, 0x6DC8, 0x6DC8, 0x6DC8, 0x6DC8, 0x6DE8, 0x6DE9, 0x6DE9, 0x6DE9, 0x6E09, 0x6E09, 0x6E09, 0x6E09, 0x6E29, 0x6E29, 0x6E29,
    0x6E29, 0x6E29, 0x6E29, 0x6E29, 0x6E29, 0x6E49, 0x6E49, 0x6649, 0x6649, 0x6649, 0x6649, 0x6649, 0x6649, 0x664A, 0x664A, 0x664A,
    0x664A, 0x664A, 0x664A, 0x664A, 0x664A, 0x664A, 0x5E4A, 0x5E4A, 0x5E4A, 0x5E4A, 0x5E4A, 0x5E2A, 0x5E2A, 0x5E2A, 0x5E2A, 0x562A,
    0x562A, 0x562A, 0x562A, 0x560A, 0x560A, 0x560A, 0x560A, 0x560A, 0x560A, 0x4E0A, 0x4E0A, 0x4E0A, 0x4DEA, 0x4DEA, 0x4DEA, 0x4DEA,
    0x4DEA, 0x4DEA, 0x45EA, 0x45EA, 0x45CB, 0x45CB, 0x45CB, 0x45CB, 0x45CB, 0x45CB, 0x45CB, 0x45CB, 0x3DCB, 0x3DAB, 0x3DAB, 0x3DAB,
    0x3DAB, 0x3DAB, 0x3D8B, 0x350A, 0x3CCA, 0xEF9D, 0xFFFF, 0xF7DE, 0xE77D, 0xD71A, 0xBED8, 0xAE77, 0x9614, 0x7D91, 0x652F, 0x54CD,
    0x446B, 0x2C29, 0x23E8, 0x1BC7, 0x13C7, 0x1407, 0x1C89, 0x250B, 0x252B, 0x254B, 0x254B, 0x252B, 0x1489, 0x552F, 0xFFFF, 0xFFFF,
    0xFFFF, 0xFFFF, 0xFFFF, 0xFFFF, 0xFFFF, 0xFFFF, 0xFFFF, 0xFFFF, 0xFFFF, 0xFFFF, 0xFFFF, 0xFFFF, 0xFFFF, 0xFFFF, 0xFFFF, 0x7DD3,
    0x03E8, 0x14CC, 0x14EC, 0x14EC, 0x14EC, 0x14EC, 0x0CEC, 0x0CEC, 0x0CEC, 0x0CEC, 0x0CEC, 0x0CEC, 0x0CEC, 0x0CEC, 0x0CEC, 0x0CEC,
    0x0CEC, 0x0CEC, 0x0CEC, 0x0CEC, 0x0CEC, 0x0CEC, 0x0CEC, 0x0CEC, 0x0CEC, 0x0CEC, 0x0CEC, 0x0CEC, 0x0CEC, 0x0CEC, 0x0CEC, 0x0CEC,
    0x0CEC, 0x0CEC, 0x0CEC, 0x0CEC, 0x0CEC, 0x0CEC, 0x0CEC, 0x0CEC, 0x0CEC, 0x0CEC, 0x0CEC, 0x0CEC, 0x0CCC, 0x0CCC, 0x0CCC, 0x0CCC,
    0x0CCC, 0x0CCC, 0x0CCC, 0x0CCC, 0x0CCC, 0x0CCC, 0x0CCC, 0x0CAC, 0x0CAC, 0x0CAB, 0x0CAB, 0x0CAB, 0x0C8B, 0x0C8B, 0x0C8B, 0x0C8B,
    0x0C8B, 0x0C8B, 0x0C8B, 0x0C6B, 0x0C6B, 0x0C6B, 0x0C6B, 0x0C4B, 0x0C4B, 0x0C4A, 0x0C4A, 0x0C2A, 0x0C2A, 0x0C2A, 0x0C2A, 0x0C2A,
    0x0C0A, 0x0C0A, 0x0C0A, 0x0BEA, 0x0BEA, 0x0BE9, 0x0BE9, 0x0BC9, 0x0BC9, 0x0BC9, 0x0BA9, 0x0BA9, 0x0BA9, 0x0B89, 0x0B89, 0x0B88,
    0x6508, 0x6508, 0x6508, 0x6528, 0x6528, 0x6528, 0x6548, 0x6D48, 0x6D68, 0x6D68, 0x6D68, 0x6D88, 0x6D88, 0x6D88, 0x6DA8, 0x6DA8,
    0x6DA8, 0x6DC8, 0x6DC8, 0x6DC8, 0x6DC8, 0x6DE8, 0x6DE8, 0x6DE8, 0x6DE8, 0x6DE9, 0x6E08, 0x6E09, 0x6E09, 0x6E09, 0x6E29, 0x6E29,
    0x6E29, 0x6E29, 0x6E29, 0x6629, 0x6629, 0x6649, 0x6649, 0x6649, 0x6649, 0x6649, 0x6649, 0x6649, 0x6649, 0x664A, 0x664A, 0x664A,
    0x664A, 0x664A, 0x664A, 0x664A, 0x5E4A, 0x5E4A, 0x5E4A, 0x5E4A, 0x5E4A, 0x5E4A, 0x5E2A, 0x5E2A, 0x5E2A, 0x5E2A, 0x562A, 0x562A,
    0x562A, 0x562A, 0x562A, 0x560A, 0x560A, 0x560A, 0x560A, 0x560A, 0x4E0A, 0x4E0A, 0x4E0A, 0x4DEA, 0x4DEA, 0x4DEA, 0x4DEA, 0x4DEA,
    0x4DEA, 0x45EA, 0x45EA, 0x45CB, 0x45CB, 0x45CB, 0x45CB, 0x45CB, 0x45CB, 0x45CB, 0x45CB, 0x3DAB, 0x3DAB, 0x3DAB, 0x3DAB, 0x3DAB,
    0x3DAB, 0x3DAB, 0x3D8B, 0x352A, 0x34C9, 0x5D2E, 0x4CCC, 0x3C6A, 0x2C29, 0x23E8, 0x1BE7, 0x13C6, 0x13C6, 0x13E7, 0x13E7, 0x1C07,
    0x1C28, 0x1C48, 0x2469, 0x2489, 0x24AA, 0x2CCA, 0x24EA, 0x252B, 0x254B, 0x254B, 0x254B, 0x252B, 0x1468, 0x8E14, 0xFFFF, 0xFFFF,
    0xFFFF, 0xFFFF, 0xFFFF, 0xFFFF, 0xFFFF, 0xFFFF, 0xFFFF, 0xFFFF, 0xFFFF, 0xFFFF, 0xFFFF, 0xFFFF, 0xFFFF, 0xFFFF, 0xFFFF, 0x550F,
    0x0409, 0x14CC, 0x14EC, 0x14EC, 0x14EC, 0x0CEC, 0x0CEC, 0x0CEC, 0x0CEC, 0x0CEC, 0x0CEC, 0x0CEC, 0x0CEC, 0x0CEC, 0x0CEC, 0x0CEC,
    0x0CEC, 0x0CEC, 0x0CEC, 0x0CEC, 0x0CEC, 0x0CEC, 0x0CEC, 0x0CEC, 0x0CEC, 0x0CEC, 0x0CEC, 0x0CEC, 0x0CEC, 0x0CEC, 0x0CEC, 0x0CEC,
    0x0CEC, 0x0CEC, 0x0CEC, 0x0CEC, 0x0CEC, 0x0CEC, 0x0CEC, 0x0CEC, 0x0CEC, 0x0CEC, 0x0CEC, 0x0CEC, 0x0CCC, 0x0CCC, 0x0CCC, 0x0CCC,
    0x0CCC, 0x0CCC, 0x0CCC, 0x0CCC, 0x0CCC, 0x0CCC, 0x0CCC, 0x0CAC, 0x0CAC, 0x0CAB, 0x0CAB, 0x0CAB, 0x0C8B, 0x0C8B, 0x0C8B, 0x0C8B,
    0x0C8B, 0x0C8B, 0x0C6B, 0x0C6B, 0x0C6B, 0x0C6B, 0x0C4B, 0x0C4B, 0x0C4B, 0x0C4A, 0x0C4A, 0x0C2A, 0x0C2A, 0x0C2A, 0x0C2A, 0x0C0A,
    0x0C0A, 0x0C0A, 0x0C0A, 0x0BEA, 0x0BEA, 0x0BE9, 0x0BE9, 0x0BC9, 0x0BC9, 0x0BC9, 0x0BA9, 0x0BA9, 0x0BA9, 0x0B89, 0x0B89, 0x0B88,
    0x6508, 0x6508, 0x6508, 0x6528, 0x6528, 0x6528, 0x6548, 0x6548, 0x6548, 0x6D68, 0x6D68, 0x6D68, 0x6D88, 0x6D88, 0x6DA8, 0x6DA8,
    0x6DA8, 0x6DA8, 0x6DC8, 0x6DC8, 0x6DC8, 0x6DC8, 0x6DE8, 0x6DE8, 0x6DE8, 0x6DE8, 0x6E08, 0x6E09, 0x6E09, 0x6E09, 0x6E09, 0x6E09,
    0x6629, 0x6E29, 0x6629, 0x6629, 0x6629, 0x6629, 0x6629, 0x6649, 0x6649, 0x6649, 0x6649, 0x6649, 0x6649, 0x664A, 0x664A, 0x664A,
    0x664A, 0x664A, 0x664A, 0x5E4A, 0x5E4A, 0x5E4A, 0x5E4A, 0x5E4A, 0x5E4A, 0x5E2A, 0x5E2A, 0x5E2A, 0x5E2A, 0x562A, 0x562A, 0x562A,
    0x562A, 0x560A, 0x560A, 0x560A, 0x560A, 0x560A, 0x560A, 0x4E0A, 0x4E0A, 0x4E0A, 0x4DEA, 0x4DEA, 0x4DEA, 0x4DEA, 0x4DEA, 0x4DEA,
    0x45EA, 0x45EA, 0x45CB, 0x45CB, 0x45CB, 0x45CB, 0x45CB, 0x45CB, 0x45CB, 0x45CB, 0x3DAB, 0x3DAB, 0x3DAB, 0x3DAB, 0x3DAB, 0x3DAB,
    0x3DAB, 0x3DAB, 0x3D8B, 0x356A, 0x350A, 0x2488, 0x2468, 0x2448, 0x2468, 0x2C89, 0x2CA9, 0x2CAA, 0x2CCA, 0x2CCA, 0x2CCA, 0x2CCA,
    0x2CEA, 0x2CEA, 0x2CEA, 0x2CEA, 0x250A, 0x250B, 0x252B, 0x254B, 0x254B, 0x254B, 0x252B, 0x250B, 0x1469, 0xC71A, 0xFFFF, 0xFFFF,
    0xFFFF, 0xFFFF, 0xFFFF, 0xFFFF, 0xFFFF, 0xFFFF, 0xFFFF, 0xFFFF, 0xFFFF, 0xFFFF, 0xFFFF, 0xFFFF, 0xFFFF, 0xFFFF, 0xFFDF, 0x2C6C,
    0x0C4A, 0x14CC, 0x14EC, 0x14EC, 0x0CEC, 0x0CEC, 0x0CEC, 0x0CEC, 0x0CEC, 0x0CEC, 0x0CEC, 0x0CEC, 0x0CEC, 0x0CEC, 0x0CEC, 0x0CEC,
    0x0CEC, 0x0CEC, 0x0CEC, 0x0CEC, 0x0CEC, 0x0CEC, 0x0CEC, 0x0CEC, 0x0CEC, 0x0CEC, 0x0CEC, 0x0CEC, 0x0CEC, 0x0CEC, 0x0CEC, 0x0CEC,
    0x0CEC, 0x0CEC, 0x0CEC, 0x0CEC, 0x0CEC, 0x0CEC, 0x0CEC, 0x0CEC, 0x0CEC, 0x0CEC, 0x0CEC, 0x0CEC, 0x0CCC, 0x0CCC, 0x0CCC, 0x0CCC,
    0x0CCC, 0x0CCC, 0x0CCC, 0x0CCC, 0x0CCC, 0x0CCC, 0x0CAC, 0x0CAC, 0x0CAB, 0x0CAB, 0x0CAB, 0x0CAB, 0x0C8B, 0x0C8B, 0x0C8B, 0x0C8B,
    0x0C8B, 0x0C8B, 0x0C6B, 0x0C6B, 0x0C6B, 0x0C6B, 0x0C4B, 0x0C4B, 0x0C4A, 0x0C4A, 0x0C4A, 0x0C2A, 0x0C2A, 0x0C2A, 0x0C2A, 0x0C0A,
    0x0C0A, 0x0C0A, 0x0BEA, 0x0BEA, 0x0BEA, 0x0BE9, 0x0BC9, 0x0BC9, 0x0BC9, 0x0BC9, 0x0BA9, 0x0BA9, 0x0BA9, 0x0B89, 0x0B89, 0x0B88,
    0x64E8, 0x6508, 0x6508, 0x6508, 0x6528, 0x6528, 0x6528, 0x6548, 0x6548, 0x6568, 0x6568, 0x6568, 0x6588, 0x6D88, 0x6588, 0x6DA8,
    0x6DA8, 0x6DA8, 0x6DC8, 0x6DC8, 0x6DC8, 0x6DC8, 0x6DE8, 0x6DE8, 0x6DE8, 0x6DE8, 0x6DE8, 0x6608, 0x6609, 0x6609, 0x6609, 0x6609,
    0x6629, 0x6629, 0x6629, 0x6629, 0x6629, 0x6629, 0x6629, 0x6629, 0x6649, 0x6649, 0x6649, 0x6649, 0x6649, 0x664A, 0x664A, 0x664A,
    0x664A, 0x5E4A, 0x5E4A, 0x5E4A, 0x5E4A, 0x5E4A, 0x5E4A, 0x5E4A, 0x5E2A, 0x5E2A, 0x5E2A, 0x5E2A, 0x562A, 0x562A, 0x562A, 0x562A,
    0x560A, 0x560A, 0x560A, 0x560A, 0x560A, 0x560A, 0x4E0A, 0x4E0A, 0x4DEA, 0x4DEA, 0x4DEA, 0x4DEA, 0x4DEA, 0x4DEA, 0x4DEA, 0x45EA,
    0x45EA, 0x45CB, 0x45CB, 0x45CB, 0x45CB, 0x45CB, 0x45CB, 0x45CB, 0x45CB, 0x3DAB, 0x3DAB, 0x3DAB, 0x3DAB, 0x3DAB, 0x3DAB, 0x3DAB,
    0x3DAB, 0x3DAB, 0x358B, 0x358B, 0x354A, 0x352A, 0x350A, 0x350A, 0x2D0A, 0x2D0A, 0x2D0A, 0x2D2A, 0x2D2A, 0x2D2A, 0x2D2B, 0x2D2B,
    0x2D2B, 0x2D4B, 0x2D2B, 0x2D2B, 0x2D4B, 0x2D4B, 0x254B, 0x254B, 0x254B, 0x252B, 0x252B, 0x1CAA, 0x3CED, 0xFFDF, 0xFFFF, 0xFFFF,
    0xFFFF, 0xFFFF, 0xFFFF, 0xFFFF, 0xFFFF, 0xFFFF, 0xFFFF, 0xFFFF, 0xFFFF, 0xFFFF, 0xFFFF, 0xFFFF, 0xFFFF, 0xFFFF, 0xD73B, 0x0BE9,
    0x146B, 0x14CC, 0x14EC, 0x0CEC, 0x0CEC, 0x0CEC, 0x0CEC, 0x0CEC, 0x0CEC, 0x0CEC, 0x0CEC, 0x0CEC, 0x0CEC, 0x0CEC, 0x0CEC, 0x0CEC,
    0x0CEC, 0x0CEC, 0x0CEC, 0x0CEC, 0x0CEC, 0x0CEC, 0x0CEC, 0x0CEC, 0x0CEC, 0x0CEC, 0x0CEC, 0x0CEC, 0x0CEC, 0x0CEC, 0x0CEC, 0x0CEC,
    0x0CEC, 0x0CEC, 0x0CEC, 0x0CEC, 0x0CEC, 0x0CEC, 0x0CEC, 0x0CEC, 0x0CEC, 0x0CEC, 0x0CEC, 0x0CEC, 0x0CCC, 0x0CCC, 0x0CCC, 0x0CCC,
    0x0CCC, 0x0CCC, 0x0CCC, 0x0CCC, 0x0CCC, 0x0CCC, 0x0CAC, 0x0CAC, 0x0CAB, 0x0CAB, 0x0CAB, 0x0CAB, 0x0C8B, 0x0C8B, 0x0C8B, 0x0C8B,
    0x0C8B, 0x0C8B, 0x0C6B, 0x0C6B, 0x0C6B, 0x0C6B, 0x0C4B, 0x0C4B, 0x0C4A, 0x0C4A, 0x0C2A, 0x0C2A, 0x0C2A, 0x0C2A, 0x0C2A, 0x0C0A,
    0x0C0A, 0x0C0A, 0x0BEA, 0x0BEA, 0x0BEA, 0x0BE9, 0x0BC9, 0x0BC9, 0x0BC9, 0x0BC9, 0x0BA9, 0x0BA9, 0x0BA9, 0x0B89, 0x0B89, 0x0B88,
    0x64E8, 0x6508, 0x6508, 0x6508, 0x6528, 0x6528, 0x6528, 0x6548, 0x6548, 0x6568, 0x6568, 0x6568, 0x6568, 0x6588, 0x6588, 0x65A8,
    0x65A8, 0x65A8, 0x65A8, 0x65C8, 0x65C8, 0x65C8, 0x65C8, 0x65E8, 0x65E8, 0x65E8, 0x65E8, 0x65E8, 0x6609, 0x6609, 0x6609, 0x6609,
    0x6609, 0x6629, 0x6629, 0x6629, 0x6629, 0x6629, 0x6629, 0x6629, 0x6629, 0x6649, 0x6629, 0x6629, 0x664A, 0x664A, 0x664A, 0x664A,
    0x5E4A, 0x5E4A, 0x5E4A, 0x5E4A, 0x5E4A, 0x5E4A, 0x5E4A, 0x5E2A, 0x5E2A, 0x5E2A, 0x5E2A, 0x562A, 0x562A, 0x562A, 0x562A, 0x560A,
    0x560A, 0x560A, 0x560A, 0x560A, 0x4E0A, 0x4E0A, 0x4E0A, 0x4DEA, 0x4DEA, 0x4DEA, 0x4DEA, 0x4DEA, 0x4DEA, 0x4DEA, 0x45EA, 0x45EA,
    0x45CB, 0x45CB, 0x45CB, 0x45CB, 0x45CB, 0x45CB, 0x45CB, 0x45CB, 0x3DAB, 0x3DAB, 0x3DAB, 0x3DAB, 0x3DAB, 0x3DAB, 0x3DAB, 0x3DAB,
    0x3DAB, 0x358B, 0x358B, 0x358B, 0x356B, 0x356B, 0x356B, 0x354B, 0x356B, 0x356B, 0x2D6B, 0x2D6B, 0x2D6B, 0x2D6B, 0x2D6B, 0x2D6B,
    0x2D4B, 0x2D4B, 0x2D4B, 0x2D4B, 0x2D4B, 0x254B, 0x254B, 0x254B, 0x254B, 0x252B, 0x252B, 0x0C69, 0x8614, 0xFFFF, 0xFFFF, 0xFFFF,
    0xFFFF, 0xFFFF, 0xFFFF, 0xFFFF, 0xFFFF, 0xFFFF, 0xFFFF, 0xFFFF, 0xFFFF, 0xFFFF, 0xFFFF, 0xFFFF, 0xFFFF, 0xFFFF, 0x9E36, 0x03C8,
    0x14AB, 0x0CCC, 0x0CEC, 0x0CEC, 0x0CEC, 0x0CEC, 0x0CEC, 0x0CEC, 0x0CEC, 0x0CEC, 0x0CEC, 0x0CEC, 0x0CEC, 0x0CEC, 0x0CEC, 0x0CEC,
    0x0CEC, 0x0CEC, 0x0CEC, 0x0CEC, 0x0CEC, 0x0CEC, 0x0CEC, 0x0CEC, 0x0CEC, 0x0CEC, 0x0CEC, 0x0CEC, 0x0CEC, 0x0CEC, 0x0CEC, 0x0CEC,
    0x0CEC, 0x0CEC, 0x0CEC, 0x0CEC, 0x0CEC, 0x0CEC, 0x0CEC, 0x0CEC, 0x0CEC, 0x0CEC, 0x0CEC, 0x0CEC, 0x0CCC, 0x0CCC, 0x0CCC, 0x0CCC,
    0x0CCC, 0x0CCC, 0x0CCC, 0x0CCC, 0x0CCC, 0x0CCC, 0x0CAC, 0x0CAC, 0x0CAB, 0x0CAB, 0x0CAB, 0x0CAB, 0x0C8B, 0x0C8B, 0x0C8B, 0x0C8B,
    0x0C8B, 0x0C8B, 0x0C6B, 0x0C6B, 0x0C6B, 0x0C6B, 0x0C4B, 0x0C4B, 0x0C4A, 0x0C4A, 0x0C2A, 0x0C2A, 0x0C2A, 0x0C2A, 0x0C2A, 0x0C0A,
    0x0C0A, 0x0C0A, 0x0C0A, 0x0BEA, 0x0BE9, 0x0BE9, 0x0BC9, 0x0BC9, 0x0BC9, 0x0BA9, 0x0BA9, 0x0BA9, 0x0BA9, 0x0B89, 0x0B89, 0x0B88,
    0x64E8, 0x64E7, 0x6508, 0x6508, 0x6528, 0x6528, 0x6528, 0x6548, 0x6548, 0x6548, 0x6568, 0x6568, 0x6568, 0x6588, 0x6588, 0x6588,
    0x65A8, 0x65A8, 0x65A8, 0x65C8, 0x65C8, 0x65C8, 0x65C8, 0x65E8, 0x65E8, 0x65E8, 0x65E8, 0x65E8, 0x6609, 0x6609, 0x6609, 0x6609,
    0x6609, 0x6609, 0x6629, 0x6629, 0x6629, 0x6629, 0x6629, 0x6629, 0x6629, 0x6629, 0x6629, 0x662A, 0x662A, 0x662A, 0x5E4A, 0x5E4A,
    0x5E4A, 0x5E4A, 0x5E2A, 0x5E4A, 0x5E2A, 0x5E2A, 0x5E2A, 0x5E2A, 0x5E2A, 0x5E2A, 0x562A, 0x562A, 0x562A, 0x562A, 0x560A, 0x560A,
    0x560A, 0x560A, 0x560A, 0x4E0A, 0x4E0A, 0x4E0A, 0x4DEA, 0x4DEA, 0x4DEA, 0x4DEA, 0x4DEA, 0x4DEA, 0x4DEA, 0x45EA, 0x45EA, 0x45CB,
    0x45CB, 0x45CB, 0x45CB, 0x45CB, 0x45CB, 0x45CB, 0x45CB, 0x3DAB, 0x3DAB, 0x3DAB, 0x3DAB, 0x3DAB, 0x3DAB, 0x3DAB, 0x3DAB, 0x3DAB,
    0x3D8B, 0x358B, 0x358B, 0x358B, 0x358B, 0x358B, 0x356B, 0x356B, 0x356B, 0x356B, 0x2D6B, 0x2D6B, 0x2D6B, 0x2D6B, 0x2D6B, 0x2D6B,
    0x2D6B, 0x2D4B, 0x2D4B, 0x2D4B, 0x254B, 0x254B, 0x254B, 0x254B, 0x254B, 0x252B, 0x1CEB, 0x1C8A, 0xDF5C, 0xFFFF, 0xFFFF, 0xFFFF,
    0xFFFF, 0xFFFF, 0xFFFF, 0xFFFF, 0xFFFF, 0xFFFF, 0xFFFF, 0xFFFF, 0xFFFF, 0xFFFF, 0xFFFF, 0xFFFF, 0xFFFF, 0xFFFF, 0x550F, 0x03E9,
    0x14AB, 0x0CCC, 0x0CEC, 0x0CEC, 0x0CEC, 0x0CEC, 0x0CEC, 0x0CEC, 0x0CEC, 0x0CEC, 0x0CEC, 0x0CEC, 0x0CEC, 0x0CEC, 0x0CEC, 0x0CEC,
    0x0CEC, 0x0CEC, 0x0CEC, 0x0CEC, 0x0CEC, 0x0CEC, 0x0CEC, 0x0CEC, 0x0CEC, 0x0CEC, 0x0CEC, 0x0CEC, 0x0CEC, 0x0CEC, 0x0CEC, 0x0CEC,
    0x0CEC, 0x0CEC, 0x0CEC, 0x0CEC, 0x0CEC, 0x0CEC, 0x0CEC, 0x0CEC, 0x0CEC, 0x0CEC, 0x0CEC, 0x0CEC, 0x0CCC, 0x0CCC, 0x0CCC, 0x0CCC,
    0x0CCC, 0x0CCC, 0x0CCC, 0x0CCC, 0x0CCC, 0x0CCC, 0x0CAC, 0x0CAC, 0x0CAB, 0x0CAB, 0x0CAB, 0x0C8B, 0x0C8B, 0x0C8B, 0x0C8B, 0x0C8B,
    0x0C8B, 0x0C8B, 0x0C6B, 0x0C6B, 0x0C6B, 0x0C6B, 0x0C4B, 0x0C4B, 0x0C4A, 0x0C4A, 0x0C2A, 0x0C2A, 0x0C2A, 0x0C2A, 0x0C2A, 0x0C0A,
    0x0C0A, 0x0C0A, 0x0BEA, 0x0BEA, 0x0BE9, 0x0BE9, 0x0BC9, 0x0BC9, 0x0BC9, 0x0BA9, 0x0BA9, 0x0BA9, 0x0BA9, 0x0B89, 0x0B89, 0x0B88,
    0x64E7, 0x64E7, 0x6508, 0x6508, 0x6508, 0x6528, 0x6528, 0x6528, 0x6548, 0x6548, 0x6568, 0x6568, 0x6568, 0x6588, 0x6588, 0x6588,
    0x65A8, 0x65A8, 0x65A8, 0x65A8, 0x65C8, 0x65C8, 0x65C8, 0x65C8, 0x65E8, 0x65E8, 0x65E8, 0x65E8, 0x65E9, 0x6609, 0x6609, 0x6609,
    0x6609, 0x6609, 0x6609, 0x6629, 0x6629, 0x6629, 0x6629, 0x6629, 0x6629, 0x6629, 0x6629, 0x662A, 0x662A, 0x5E2A, 0x5E2A, 0x5E2A,
    0x5E2A, 0x5E2A, 0x5E2A, 0x5E2A, 0x5E2A, 0x5E2A, 0x5E2A, 0x5E2A, 0x5E2A, 0x562A, 0x562A, 0x562A, 0x562A, 0x560A, 0x560A, 0x560A,
    0x560A, 0x560A, 0x560A, 0x4E0A, 0x4E0A, 0x4DEA, 0x4DEA, 0x4DEA, 0x4DEA, 0x4DEA, 0x4DEA, 0x4DEA, 0x45EA, 0x45EA, 0x45CB, 0x45CB,
    0x45CB, 0x45CB, 0x45CB, 0x45CB, 0x45CB, 0x45CB, 0x3DAB, 0x3DAB, 0x3DAB, 0x3DAB, 0x3DAB, 0x3DAB, 0x3DAB, 0x3DAB, 0x3DAB, 0x3D8B,
    0x358B, 0x358B, 0x358B, 0x358B, 0x358B, 0x358B, 0x358B, 0x356B, 0x356B, 0x356B, 0x2D6B, 0x2D6B, 0x2D6B, 0x2D6B, 0x2D6B, 0x2D6B,
    0x2D4B, 0x2D4B, 0x2D4B, 0x254B, 0x254B, 0x254B, 0x254B, 0x254B, 0x252B, 0x252B, 0x1489, 0x6570, 0xFFFF, 0xFFFF, 0xFFFF, 0xFFFF,
    0xFFFF, 0xFFFF, 0xFFFF, 0xFFFF, 0xFFFF, 0xFFFF, 0xFFFF, 0xFFFF, 0xFFFF, 0xFFFF, 0xFFFF, 0xFFFF, 0xFFFF, 0xE77D, 0x140A, 0x0C4A,
    0x0CAB, 0x0CCC, 0x0CEC, 0x0CEC, 0x0CEC, 0x0CEC, 0x0CEC, 0x0CEC, 0x0CEC, 0x0CEC, 0x0CEC, 0x0CEC, 0x0CEC, 0x0CEC, 0x0CEC, 0x0CEC,
    0x0CEC, 0x0CEC, 0x0CEC, 0x0CEC, 0x0CEC, 0x0CEC, 0x0CEC, 0x0CEC, 0x0CEC, 0x0CEC, 0x0CEC, 0x0CEC, 0x0CEC, 0x0CEC, 0x0CEC, 0x0CEC,
    0x0CEC, 0x0CEC, 0x0CEC, 0x0CEC, 0x0CEC, 0x0CEC, 0x0CEC, 0x0CEC, 0x0CEC, 0x0CEC, 0x0CEC, 0x0CCC, 0x0CCC, 0x0CCC, 0x0CCC, 0x0CCC,
    0x0CCC, 0x0CCC, 0x0CCC, 0x0CCC, 0x0CCC, 0x0CAC, 0x0CAC, 0x0CAC, 0x0CAB, 0x0CAB, 0x0CAB, 0x0C8B, 0x0C8B, 0x0C8B, 0x0C8B, 0x0C8B,
    0x0C8B, 0x0C6B, 0x0C6B, 0x0C6B, 0x0C6B, 0x0C4B, 0x0C4B, 0x0C4B, 0x0C4A, 0x0C4A, 0x0C2A, 0x0C2A, 0x0C2A, 0x0C2A, 0x0C2A, 0x0C0A,
    0x0C0A, 0x0C0A, 0x0BEA, 0x0BEA, 0x0BE9, 0x0BE9, 0x0BC9, 0x0BC9, 0x0BC9, 0x0BA9, 0x0BA9, 0x0BA9, 0x0B89, 0x0B89, 0x0B88, 0x0B88,
    0x64E7, 0x64E7, 0x6507, 0x6508, 0x6508, 0x6528, 0x6528, 0x6528, 0x6548, 0x6548, 0x6548, 0x6568, 0x6568, 0x6568, 0x6588, 0x6588,
    0x6588, 0x65A8, 0x65A8, 0x65A8, 0x65C8, 0x65C8, 0x65C8, 0x65C8, 0x65C8, 0x65E8, 0x65E8, 0x65E8, 0x65E9, 0x65E9, 0x6609, 0x6609,
    0x6609, 0x6609, 0x6609, 0x6609, 0x6629, 0x6609, 0x6629, 0x6629, 0x6629, 0x6629, 0x6629, 0x5E2A, 0x5E2A, 0x5E2A, 0x5E2A, 0x5E2A,
    0x5E2A, 0x5E2A, 0x5E2A, 0x5E2A, 0x5E2A, 0x5E2A, 0x5E2A, 0x5E2A, 0x562A, 0x562A, 0x562A, 0x562A, 0x560A, 0x560A, 0x560A, 0x560A,
    0x560A, 0x560A, 0x4E0A, 0x4E0A, 0x4DEA, 0x4DEA, 0x4DEA, 0x4DEA, 0x4DEA, 0x4DEA, 0x4DEA, 0x4DEA, 0x45EA, 0x45CB, 0x45CB, 0x45CB,
    0x45CB, 0x45CB, 0x45CB, 0x45CB, 0x45CB, 0x3DAB, 0x3DAB, 0x3DAB, 0x3DAB, 0x3DAB, 0x3DAB, 0x3DAB, 0x3DAB, 0x3DAB, 0x3D8B, 0x358B,
    0x358B, 0x358B, 0x358B, 0x358B, 0x358B, 0x358B, 0x356B, 0x356B, 0x356B, 0x2D6B, 0x2D6B, 0x2D6B, 0x2D6B, 0x2D6B, 0x2D6B, 0x2D4B,
    0x2D4B, 0x2D4B, 0x254B, 0x254B, 0x254B, 0x254B, 0x254B, 0x252B, 0x252B, 0x250B, 0x1469, 0xC71A, 0xFFFF, 0xFFFF, 0xFFFF, 0xFFFF,
    0xFFFF, 0xFFFF, 0xFFFF, 0xFFFF, 0xFFFF, 0xFFFF, 0xFFFF, 0xFFFF, 0xFFFF, 0xFFFF, 0xFFFF, 0xFFFF, 0xFFFF, 0x9615, 0x03A8, 0x148B,
    0x0CCC, 0x0CCC, 0x0CEC, 0x0CEC, 0x0CEC, 0x0CEC, 0x0CEC, 0x0CEC, 0x0CEC, 0x0CEC, 0x0CEC, 0x0CEC, 0x0CEC, 0x0CEC, 0x0CEC, 0x0CEC,
    0x0CEC, 0x0CEC, 0x0CEC, 0x0CEC, 0x0CEC, 0x0CEC, 0x0CEC, 0x0CEC, 0x0CEC, 0x0CEC, 0x0CEC, 0x0CEC, 0x0CEC, 0x0CEC, 0x0CEC, 0x0CEC,
    0x0CEC, 0x0CEC, 0x0CEC, 0x0CEC, 0x0CEC, 0x0CEC, 0x0CEC, 0x0CEC, 0x0CEC, 0x0CEC, 0x0CEC, 0x0CCC, 0x0CCC, 0x0CCC, 0x0CCC, 0x0CCC,
    0x0CCC, 0x0CCC, 0x0CCC, 0x0CCC, 0x0CCC, 0x0CAC, 0x0CAC, 0x0CAB, 0x0CAB, 0x0CAB, 0x0CAB, 0x0C8B, 0x0C8B, 0x0C8B, 0x0C8B, 0x0C8B,
    0x0C8B, 0x0C6B, 0x0C6B, 0x0C6B, 0x0C6B, 0x0C4B, 0x0C4B, 0x0C4A, 0x0C4A, 0x0C4A, 0x0C2A, 0x0C2A, 0x0C2A, 0x0C2A, 0x0C0A, 0x0C0A,
    0x0C0A, 0x0C0A, 0x0BEA, 0x0BEA, 0x0BE9, 0x0BE9, 0x0BC9, 0x0BC9, 0x0BC9, 0x0BA9, 0x0BA9, 0x0BA9, 0x0B89, 0x0B89, 0x0B88, 0x0B88,
    0x64E7, 0x64E7, 0x64E7, 0x6507, 0x6508, 0x6508, 0x6528, 0x6548, 0x6528, 0x6548, 0x6548, 0x6568, 0x6568, 0x6568, 0x6588, 0x6588,
    0x6588, 0x65A8, 0x65A8, 0x65A8, 0x65A8, 0x65C8, 0x65C8, 0x65C8, 0x65C8, 0x65E8, 0x65E8, 0x65E8, 0x65E9, 0x65E9, 0x65E9, 0x6609,
    0x6609, 0x6609, 0x6609, 0x6609, 0x6609, 0x6609, 0x6609, 0x6629, 0x6629, 0x5E29, 0x5E29, 0x5E2A, 0x5E2A, 0x5E2A, 0x5E2A, 0x5E2A,
    0x5E2A, 0x5E2A, 0x5E2A, 0x5E2A, 0x5E2A, 0x5E2A, 0x5E2A, 0x562A, 0x562A, 0x562A, 0x562A, 0x560A, 0x560A, 0x560A, 0x560A, 0x560A,
    0x560A, 0x4E0A, 0x4E0A, 0x4E0A, 0x4DEA, 0x4DEA, 0x4DEA, 0x4DEA, 0x4DEA, 0x4DEA, 0x4DEA, 0x45EA, 0x45CB, 0x45CB, 0x45CB, 0x45CB,
    0x45CB, 0x45CB, 0x45CB, 0x45CB, 0x3DAB, 0x3DAB, 0x3DAB, 0x3DAB, 0x3DAB, 0x3DAB, 0x3DAB, 0x3DAB, 0x3DAB, 0x3D8B, 0x358B, 0x358B,
    0x358B, 0x358B, 0x358B, 0x358B, 0x358B, 0x356B, 0x356B, 0x356B, 0x2D6B, 0x2D6B, 0x2D6B, 0x2D6B, 0x2D6B, 0x2D6B, 0x2D4B, 0x2D4B,
    0x2D4B, 0x254B, 0x254B, 0x254B, 0x254B, 0x254B, 0x252B, 0x252B, 0x252B, 0x1489, 0x554F, 0xFFFF, 0xFFFF, 0xFFFF, 0xFFFF, 0xFFFF,
    0xFFFF, 0xFFFF, 0xFFFF, 0xFFFF, 0xFFFF, 0xFFFF, 0xFFFF, 0xFFFF, 0xFFFF, 0xFFFF, 0xFFFF, 0xFFFF, 0xFFFF, 0x348D, 0x0409, 0x14AB,
    0x0CCC, 0x0CEC, 0x0CEC, 0x0CEC, 0x0CEC, 0x0CEC, 0x0CEC, 0x0CEC, 0x0CEC, 0x0CEC, 0x0CEC, 0x0CEC, 0x0CEC, 0x0CEC, 0x0CEC, 0x0CEC,
    0x0CEC, 0x0CEC, 0x0CEC, 0x0CEC, 0x0CEC, 0x0CEC, 0x0CEC, 0x0CEC, 0x0CEC, 0x0CEC, 0x0CEC, 0x0CEC, 0x0CEC, 0x0CEC, 0x0CEC, 0x0CEC,
    0x0CEC, 0x0CEC, 0x0CEC, 0x0CEC, 0x0CEC, 0x0CEC, 0x0CEC, 0x0CEC, 0x0CEC, 0x0CEC, 0x0CEC, 0x0CCC, 0x0CCC, 0x0CCC, 0x0CCC, 0x0CCC,
    0x0CCC, 0x0CCC, 0x0CCC, 0x0CCC, 0x0CCC, 0x0CAC, 0x0CAC, 0x0CAB, 0x0CAB, 0x0CAB, 0x0CAB, 0x0C8B, 0x0C8B, 0x0C8B, 0x0C8B, 0x0C8B,
    0x0C8B, 0x0C6B, 0x0C6B, 0x0C6B, 0x0C6B, 0x0C4B, 0x0C4B, 0x0C4A, 0x0C4A, 0x0C4A, 0x0C2A, 0x0C2A, 0x0C2A, 0x0C2A, 0x0C0A, 0x0C0A,
    0x0C0A, 0x0BEA, 0x0BEA, 0x0BEA, 0x0BE9, 0x0BC9, 0x0BC9, 0x0BC9, 0x0BC9, 0x0BA9, 0x0BA9, 0x0BA9, 0x0B89, 0x0B89, 0x0B88, 0x0B88,
    0x64E7, 0x5CE7, 0x64E7, 0x6507, 0x6507, 0x6508, 0x6528, 0x6528, 0x6528, 0x6548, 0x6548, 0x6548, 0x6568, 0x6568, 0x6568, 0x6588,
    0x6588, 0x6588, 0x65A8, 0x65A8, 0x65A8, 0x65A8, 0x65C8, 0x65C8, 0x65C8, 0x65C8, 0x65E8, 0x65E9, 0x65E9, 0x65E9, 0x65E9, 0x65E9,
    0x6609, 0x6609, 0x6609, 0x6609, 0x6609, 0x6609, 0x5E09, 0x5E09, 0x5E29, 0x5E29, 0x5E29, 0x5E29, 0x5E2A, 0x5E2A, 0x5E2A, 0x5E2A,
    0x5E2A, 0x5E2A, 0x5E2A, 0x5E2A, 0x5E2A, 0x5E2A, 0x562A, 0x562A, 0x562A, 0x562A, 0x560A, 0x560A, 0x560A, 0x560A, 0x560A, 0x4E0A,
    0x4E0A, 0x4E0A, 0x4E0A, 0x4DEA, 0x4DEA, 0x4DEA, 0x4DEA, 0x4DEA, 0x4DEA, 0x4DEA, 0x45EA, 0x45CB, 0x45CB, 0x45CB, 0x45CB, 0x45CB,
    0x45CB, 0x45CB, 0x45CB, 0x3DAB, 0x3DAB, 0x3DAB, 0x3DAB, 0x3DAB, 0x3DAB, 0x3DAB, 0x3DAB, 0x3DAB, 0x3D8B, 0x358B, 0x358B, 0x358B,
    0x358B, 0x358B, 0x358B, 0x358B, 0x356B, 0x356B, 0x356B, 0x2D6B, 0x2D6B, 0x2D6B, 0x2D6B, 0x2D6B, 0x2D4B, 0x2D4B, 0x2D4B, 0x2D4B,
    0x254B, 0x254B, 0x254B, 0x254B, 0x254B, 0x252B, 0x252B, 0x252B, 0x250B, 0x1469, 0xBEF9, 0xFFFF, 0xFFFF, 0xFFFF, 0xFFFF, 0xFFFF,
    0xFFFF, 0xFFFF, 0xFFFF, 0xFFFF, 0xFFFF, 0xFFFF, 0xFFFF, 0xFFFF, 0xFFFF, 0xFFFF, 0xFFFF, 0xFFFF, 0xB698, 0x03A8, 0x146B, 0x0CAB,
    0x0CCC, 0x0CEC, 0x0CEC, 0x0CEC, 0x0CEC, 0x0CEC, 0x0CEC, 0x0CEC, 0x0CEC, 0x0CEC, 0x0CEC, 0x0CEC, 0x0CEC, 0x0CEC, 0x0CEC, 0x0CEC,
    0x0CEC, 0x0CEC, 0x0CEC, 0x0CEC, 0x0CEC, 0x0CEC, 0x0CEC, 0x0CEC, 0x0CEC, 0x0CEC, 0x0CEC, 0x0CEC, 0x0CEC, 0x0CEC, 0x0CEC, 0x0CEC,
    0x0CEC, 0x0CEC, 0x0CEC, 0x0CEC, 0x0CEC, 0x0CEC, 0x0CEC, 0x0CEC, 0x0CEC, 0x0CEC, 0x0CCC, 0x0CCC, 0x0CCC, 0x0CCC, 0x0CCC, 0x0CCC,
    0x0CCC, 0x0CCC, 0x0CCC, 0x0CCC, 0x0CCC, 0x0CAC, 0x0CAC, 0x0CAB, 0x0CAB, 0x0CAB, 0x0C8B, 0x0C8B, 0x0C8B, 0x0C8B, 0x0C8B, 0x0C8B,
    0x0C8B, 0x0C6B, 0x0C6B, 0x0C6B, 0x0C6B, 0x0C4B, 0x0C4B, 0x0C4A, 0x0C4A, 0x0C4A, 0x0C2A, 0x0C2A, 0x0C2A, 0x0C2A, 0x0C0A, 0x0C0A,
    0x0C0A, 0x0C0A, 0x0BEA, 0x0BE9, 0x0BE9, 0x0BC9, 0x0BC9, 0x0BC9, 0x0BC9, 0x0BA9, 0x0BA9, 0x0BA9, 0x0B89, 0x0B89, 0x0B88, 0x0B88,
    0x5CE7, 0x5CE7, 0x5CE7, 0x5CE7, 0x5D07, 0x5D07, 0x5D07, 0x6528, 0x6548, 0x6548, 0x6548, 0x6548, 0x6568, 0x6568, 0x6568, 0x6588,
    0x6588, 0x6588, 0x65A8, 0x65A8, 0x65A8, 0x65A8, 0x65C8, 0x65C8, 0x65C8, 0x65C8, 0x65C8, 0x65E9, 0x65E9, 0x65E9, 0x65E9, 0x65E9,
    0x65E9, 0x6609, 0x6609, 0x5E09, 0x5E09, 0x5E09, 0x5E09, 0x5E09, 0x5E09, 0x5E09, 0x5E29, 0x5E2A, 0x5E0A, 0x5E2A, 0x5E2A, 0x5E2A,
    0x5E2A, 0x5E2A, 0x5E2A, 0x562A, 0x562A, 0x5E2A, 0x562A, 0x562A, 0x562A, 0x560A, 0x560A, 0x560A, 0x560A, 0x560A, 0x4E0A, 0x4E0A,
    0x4E0A, 0x4DEA, 0x4DEA, 0x4DEA, 0x4DEA, 0x4DEA, 0x4DEA, 0x4DEA, 0x45EA, 0x45EA, 0x45CB, 0x45CB, 0x45CB, 0x45CB, 0x45CB, 0x45CB,
    0x45CB, 0x45CB, 0x3DAB, 0x3DAB, 0x3DAB, 0x3DAB, 0x3DAB, 0x3DAB, 0x3DAB, 0x3DAB, 0x3D8B, 0x358B, 0x358B, 0x358B, 0x358B, 0x358B,
    0x358B, 0x358B, 0x358B, 0x356B, 0x356B, 0x2D6B, 0x2D6B, 0x2D6B, 0x2D6B, 0x2D6B, 0x2D6B, 0x2D4B, 0x2D4B, 0x2D4B, 0x2D4B, 0x254B,
    0x254B, 0x254B, 0x254B, 0x254B, 0x252B, 0x252B, 0x252B, 0x252B, 0x1489, 0x552F, 0xFFFF, 0xFFFF, 0xFFFF, 0xFFFF, 0xFFFF, 0xFFFF,
    0xFFFF, 0xFFFF, 0xFFFF, 0xFFFF, 0xFFFF, 0xFFFF, 0xFFFF, 0xFFFF, 0xFFFF, 0xFFFF, 0xFFFF, 0xFFFF, 0x44AE, 0x03E9, 0x148B, 0x0CCC,
    0x0CEC, 0x0CEC, 0x0CEC, 0x0CEC, 0x0CEC, 0x0CEC, 0x0CEC, 0x0CEC, 0x0CEC, 0x0CEC, 0x0CEC, 0x0CEC, 0x0CEC, 0x0CEC, 0x0CEC, 0x0CEC,
    0x0CEC, 0x0CEC, 0x0CEC, 0x0CEC, 0x0CEC, 0x0CEC, 0x0CEC, 0x0CEC, 0x0CEC, 0x0CEC, 0x0CEC, 0x0CEC, 0x0CEC, 0x0CEC, 0x0CEC, 0x0CEC,
    0x0CEC, 0x0CEC, 0x0CEC, 0x0CEC, 0x0CEC, 0x0CEC, 0x0CEC, 0x0CEC, 0x0CEC, 0x0CEC, 0x0CCC, 0x0CCC, 0x0CCC, 0x0CCC, 0x0CCC, 0x0CCC,
    0x0CCC, 0x0CCC, 0x0CCC, 0x0CCC, 0x0CAC, 0x0CAC, 0x0CAB, 0x0CAB, 0x0CAB, 0x0CAB, 0x0C8B, 0x0C8B, 0x0C8B, 0x0C8B, 0x0C8B, 0x0C8B,
    0x0C6B, 0x0C6B, 0x0C6B, 0x0C6B, 0x0C4B, 0x0C4B, 0x0C4B, 0x0C4A, 0x0C4A, 0x0C2A, 0x0C2A, 0x0C2A, 0x0C2A, 0x0C2A, 0x0C0A, 0x0C0A,
    0x0C0A, 0x0BEA, 0x0BEA, 0x0BE9, 0x0BE9, 0x0BC9, 0x0BC9, 0x0BC9, 0x0BA9, 0x0BA9, 0x0BA9, 0x0BA9, 0x0B89, 0x0B89, 0x0B88, 0x0B88,
    0x5CE7, 0x5CE7, 0x5CE7, 0x5CE7, 0x5D07, 0x5D07, 0x5D07, 0x5D27, 0x5D27, 0x6548, 0x6548, 0x6548, 0x6548, 0x6568, 0x6568, 0x6568,
    0x6588, 0x6588, 0x6588, 0x65A8, 0x65A8, 0x65A8, 0x65A8, 0x65C8, 0x65C8, 0x65C8, 0x65C8, 0x65C9, 0x65E9, 0x65E9, 0x65E9, 0x5DE9,
    0x5DE9, 0x5DE9, 0x5DE9, 0x5DE9, 0x5E09, 0x5E09, 0x5E09, 0x5E09, 0x5E09, 0x5E09, 0x5E0A, 0x5E0A, 0x5E0A, 0x5E0A, 0x5E2A, 0x5E2A,
    0x5E2A, 0x5E2A, 0x5E2A, 0x560A, 0x560A, 0x562A, 0x560A, 0x562A, 0x560A, 0x560A, 0x560A, 0x560A, 0x560A, 0x4E0A, 0x4E0A, 0x4E0A,
    0x4DEA, 0x4DEA, 0x4DEA, 0x4DEA, 0x4DEA, 0x4DEA, 0x4DEA, 0x45EA, 0x45EA, 0x45CB, 0x45CB, 0x45CB, 0x45CB, 0x45CB, 0x45CB, 0x45CB,
    0x45CB, 0x3DAB, 0x3DAB, 0x3DAB, 0x3DAB, 0x3DAB, 0x3DAB, 0x3DAB, 0x3DAB, 0x3DAB, 0x3D8B, 0x358B, 0x358B, 0x358B, 0x358B, 0x358B,
    0x358B, 0x358B, 0x356B, 0x356B, 0x2D6B, 0x2D6B, 0x2D6B, 0x2D6B, 0x2D6B, 0x2D6B, 0x2D4B, 0x2D4B, 0x2D4B, 0x2D4B, 0x254B, 0x254B,
    0x254B, 0x254B, 0x254B, 0x252B, 0x252B, 0x252B, 0x252B, 0x1CEB, 0x1469, 0xC71A, 0xFFFF, 0xFFFF, 0xFFFF, 0xFFFF, 0xFFFF, 0xFFFF,
    0xFFFF, 0xFFFF, 0xFFFF, 0xFFFF, 0xFFFF, 0xFFFF, 0xFFFF, 0xFFFF, 0xFFFF, 0xFFFF, 0xFFFF, 0xB6B8, 0x03A8, 0x144B, 0x0CAB, 0x0CCC,
    0x0CEC, 0x0CEC, 0x0CEC, 0x0CEC, 0x0CEC, 0x0CEC, 0x0CEC, 0x0CEC, 0x0CEC, 0x0CEC, 0x0CEC, 0x0CEC, 0x0CEC, 0x0CEC, 0x0CEC, 0x0CEC,
    0x0CEC, 0x0CEC, 0x0CEC, 0x0CEC, 0x0CEC, 0x0CEC, 0x0CEC, 0x0CEC, 0x0CEC, 0x0CEC, 0x0CEC, 0x0CEC, 0x0CEC, 0x0CEC, 0x0CEC, 0x0CEC,
    0x0CEC, 0x0CEC, 0x0CEC, 0x0CEC, 0x0CEC, 0x0CEC, 0x0CEC, 0x0CEC, 0x0CEC, 0x0CCC, 0x0CCC, 0x0CCC, 0x0CCC, 0x0CCC, 0x0CCC, 0x0CCC,
    0x0CCC, 0x0CCC, 0x0CCC, 0x0CCC, 0x0CAC, 0x0CAC, 0x0CAB, 0x0CAB, 0x0CAB, 0x0CAB, 0x0C8B, 0x0C8B, 0x0C8B, 0x0C8B, 0x0C8B, 0x0C8B,
    0x0C6B, 0x0C6B, 0x0C6B, 0x0C6B, 0x0C4B, 0x0C4B, 0x0C4A, 0x0C4A, 0x0C4A, 0x0C2A, 0x0C2A, 0x0C2A, 0x0C2A, 0x0C0A, 0x0C0A, 0x0C0A,
    0x0C0A, 0x0BEA, 0x0BEA, 0x0BE9, 0x0BE9, 0x0BC9, 0x0BC9, 0x0BC9, 0x0BA9, 0x0BA9, 0x0BA9, 0x0B89, 0x0B89, 0x0B88, 0x0B88, 0x0B88,
    0x5CE7, 0x5CE7, 0x5CE7, 0x5CE7, 0x5CE7, 0x5D07, 0x5D07, 0x5D07, 0x5D27, 0x5D48, 0x5D48, 0x5D48, 0x6548, 0x5D68, 0x5D68, 0x6568,
    0x6588, 0x6588, 0x6588, 0x6588, 0x65A8, 0x65A8, 0x65A8, 0x65A8, 0x65C8, 0x5DC8, 0x5DC8, 0x5DC8, 0x5DC9, 0x5DE9, 0x5DE9, 0x5DE9,
    0x5DE9, 0x5DE9, 0x5DE9, 0x5DE9, 0x5DE9, 0x5E09, 0x5E09, 0x5E09, 0x5E09, 0x5E09, 0x5E0A, 0x5E0A, 0x5E0A, 0x5E0A, 0x5E0A, 0x5E0A,
    0x5E0A, 0x5E0A, 0x562A, 0x560A, 0x560A, 0x560A, 0x560A, 0x560A, 0x560A, 0x560A, 0x560A, 0x560A, 0x4E0A, 0x4E0A, 0x4E0A, 0x4DEA,
    0x4DEA, 0x4DEA, 0x4DEA, 0x4DEA, 0x4DEA, 0x4DEA, 0x45EA, 0x45EA, 0x45CB, 0x45CB, 0x45CB, 0x45CB, 0x45CB, 0x45CB, 0x45CB, 0x45CB,
    0x3DAB, 0x3DAB, 0x3DAB, 0x3DAB, 0x3DAB, 0x3DAB, 0x3DAB, 0x3DAB, 0x3DAB, 0x3D8B, 0x358B, 0x358B, 0x358B, 0x358B, 0x358B, 0x358B,
    0x358B, 0x356B, 0x356B, 0x2D6B, 0x2D6B, 0x2D6B, 0x2D6B, 0x2D6B, 0x2D6B, 0x2D4B, 0x2D4B, 0x2D4B, 0x2D4B, 0x254B, 0x254B, 0x254B,
    0x254B, 0x254B, 0x252B, 0x252B, 0x252B, 0x252B, 0x250C, 0x0C89, 0x6570, 0xFFFF, 0xFFFF, 0xFFFF, 0xFFFF, 0xFFFF, 0xFFFF, 0xFFFF,
    0xFFFF, 0xFFFF, 0xFFFF, 0xFFFF, 0xFFFF, 0xFFFF, 0xFFFF, 0xFFFF, 0xFFFF, 0xFFFF, 0xFFFF, 0x3C6D, 0x03E9, 0x148B, 0x0CCC, 0x0CEC,
    0x0CEC, 0x0CEC, 0x0CEC, 0x0CEC, 0x0CEC, 0x0CEC, 0x0CEC, 0x0CEC, 0x0CEC, 0x0CEC, 0x0CEC, 0x0CEC, 0x0CEC, 0x0CEC, 0x0CEC, 0x0CEC,
    0x0CEC, 0x0CEC, 0x0CEC, 0x0CEC, 0x0CEC, 0x0CEC, 0x0CEC, 0x0CEC, 0x0CEC, 0x0CEC, 0x0CEC, 0x0CEC, 0x0CEC, 0x0CEC, 0x0CEC, 0x0CEC,
    0x0CEC, 0x0CEC, 0x0CEC, 0x0CEC, 0x0CEC, 0x0CEC, 0x0CEC, 0x0CEC, 0x0CEC, 0x0CCC, 0x0CCC, 0x0CCC, 0x0CCC, 0x0CCC, 0x0CCC, 0x0CCC,
    0x0CCC, 0x0CCC, 0x0CCC, 0x0CCC, 0x0CAC, 0x0CAC, 0x0CAB, 0x0CAB, 0x0CAB, 0x0C8B, 0x0C8B, 0x0C8B, 0x0C8B, 0x0C8B, 0x0C8B, 0x0C8B,
    0x0C6B, 0x0C6B, 0x0C6B, 0x0C6B, 0x0C4B, 0x0C4B, 0x0C4A, 0x0C4A, 0x0C4A, 0x0C2A, 0x0C2A, 0x0C2A, 0x0C2A, 0x0C0A, 0x0C0A, 0x0C0A,
    0x0BEA, 0x0BEA, 0x0BEA, 0x0BE9, 0x0BC9, 0x0BC9, 0x0BC9, 0x0BC9, 0x0BA9, 0x0BA9, 0x0BA9, 0x0B89, 0x0B89, 0x0B88, 0x0B88, 0x0B88,
    0x5CE7, 0x5CE7, 0x5CE7, 0x5CE7, 0x5CE7, 0x5D07, 0x5D07, 0x5D07, 0x5D27, 0x5D27, 0x5D47, 0x5D47, 0x5D47, 0x5D48, 0x5D68, 0x5D68,
    0x5D68, 0x5D88, 0x5D88, 0x5D88, 0x5DA8, 0x5DA8, 0x5DA8, 0x5DA8, 0x5DA8, 0x5DC8, 0x5DC8, 0x5DC8, 0x5DC9, 0x5DC9, 0x5DE9, 0x5DE9,
    0x5DE9, 0x5DE9, 0x5DE9, 0x5DE9, 0x5DE9, 0x5DE9, 0x5E09, 0x5E09, 0x5E09, 0x5E09, 0x5E0A, 0x5E0A, 0x5E0A, 0x5E0A, 0x5E0A, 0x560A,
    0x560A, 0x560A, 0x560A, 0x560A, 0x560A, 0x560A, 0x560A, 0x560A, 0x560A, 0x560A, 0x560A, 0x560A, 0x4E0A, 0x4E0A, 0x4DEA, 0x4DEA,
    0x4DEA, 0x4DEA, 0x4DEA, 0x4DEA, 0x4DEA, 0x45EA, 0x45EA, 0x45CB, 0x45CB, 0x45CB, 0x45CB, 0x45CB, 0x45CB, 0x45CB, 0x45CB, 0x3DAB,
    0x3DAB, 0x3DAB, 0x3DAB, 0x3DAB, 0x3DAB, 0x3DAB, 0x3DAB, 0x3DAB, 0x3D8B, 0x358B, 0x358B, 0x358B, 0x358B, 0x358B, 0x358B, 0x358B,
    0x356B, 0x356B, 0x2D6B, 0x2D6B, 0x2D6B, 0x2D6B, 0x2D6B, 0x2D6B, 0x2D6B, 0x2D4B, 0x2D4B, 0x2D4B, 0x254B, 0x254B, 0x254B, 0x254B,
    0x254B, 0x252B, 0x252B, 0x252B, 0x252B, 0x250B, 0x1CEB, 0x1C6A, 0xD75B, 0xFFFF, 0xFFFF, 0xFFFF, 0xFFFF, 0xFFFF, 0xFFFF, 0xFFFF,
    0xFFFF, 0xFFFF, 0xFFFF, 0xFFFF, 0xFFFF, 0xFFFF, 0xFFFF, 0xFFFF, 0xFFFF, 0xFFFF, 0x9E36, 0x0388, 0x146B, 0x0CAB, 0x0CCC, 0x0CEC,
    0x0CEC, 0x0CEC, 0x0CEC, 0x0CEC, 0x0CEC, 0x0CEC, 0x0CEC, 0x0CEC, 0x0CEC, 0x0CEC, 0x0CEC, 0x0CEC, 0x0CEC, 0x0CEC, 0x0CEC, 0x0CEC,
    0x0CEC, 0x0CEC, 0x0CEC, 0x0CEC, 0x0CEC, 0x0CEC, 0x0CEC, 0x0CEC, 0x0CEC, 0x0CEC, 0x0CEC, 0x0CEC, 0x0CEC, 0x0CEC, 0x0CEC, 0x0CEC,
    0x0CEC, 0x0CEC, 0x0CEC, 0x0CEC, 0x0CEC, 0x0CEC, 0x0CEC, 0x0CEC, 0x0CEC, 0x0CCC, 0x0CCC, 0x0CCC, 0x0CCC, 0x0CCC, 0x0CCC, 0x0CCC,
    0x0CCC, 0x0CCC, 0x0CCC, 0x0CCC, 0x0CAC, 0x0CAB, 0x0CAB, 0x0CAB, 0x0CAB, 0x0C8B, 0x0C8B, 0x0C8B, 0x0C8B, 0x0C8B, 0x0C8B, 0x0C6B,
    0x0C6B, 0x0C6B, 0x0C6B, 0x0C6B, 0x0C4B, 0x0C4B, 0x0C4A, 0x0C4A, 0x0C4A, 0x0C2A, 0x0C2A, 0x0C2A, 0x0C2A, 0x0C0A, 0x0C0A, 0x0C0A,
    0x0C0A, 0x0BEA, 0x0BE9, 0x0BE9, 0x0BC9, 0x0BC9, 0x0BC9, 0x0BC9, 0x0BA9, 0x0BA9, 0x0BA9, 0x0B89, 0x0B89, 0x0B88, 0x0B88, 0x0B88,
    0x5CE7, 0x5CE7, 0x5CE7, 0x5CE7, 0x5CE7, 0x5D07, 0x5D07, 0x5D07, 0x5D27, 0x5D27, 0x5D47, 0x5D47, 0x5D47, 0x5D47, 0x5D68, 0x5D68,
    0x5D68, 0x5D68, 0x5D88, 0x5D88, 0x5D88, 0x5DA8, 0x5DA8, 0x5DA8, 0x5DA8, 0x5DC8, 0x5DC8, 0x5DC9, 0x5DC9, 0x5DC9, 0x5DC9, 0x5DC9,
    0x5DE9, 0x5DE9, 0x5DE9, 0x5DE9, 0x5DE9, 0x5DE9, 0x5DE9, 0x5E09, 0x5E09, 0x5E09, 0x5E0A, 0x5E0A, 0x5E0A, 0x5E0A, 0x560A, 0x560A,
    0x560A, 0x560A, 0x560A, 0x560A, 0x560A, 0x560A, 0x560A, 0x560A, 0x560A, 0x560A, 0x560A, 0x4E0A, 0x4E0A, 0x4DEA, 0x4DEA, 0x4DEA,
    0x4DEA, 0x4DEA, 0x4DEA, 0x4DEA, 0x45EA, 0x45EA, 0x45CB, 0x45CB, 0x45CB, 0x45CB, 0x45CB, 0x45CB, 0x45CB, 0x45CB, 0x3DAB, 0x3DAB,
    0x3DAB, 0x3DAB, 0x3DAB, 0x3DAB, 0x3DAB, 0x3DAB, 0x3DAB, 0x3D8B, 0x358B, 0x358B, 0x358B, 0x358B, 0x358B, 0x358B, 0x358B, 0x356B,
    0x356B, 0x2D6B, 0x2D6B, 0x2D6B, 0x2D6B, 0x2D6B, 0x2D6B, 0x2D6B, 0x2D4B, 0x2D4B, 0x2D4B, 0x254B, 0x254B, 0x254B, 0x254B, 0x254B,
    0x252B, 0x252B, 0x252B, 0x252B, 0x1D2B, 0x250C, 0x0C69, 0x7DD3, 0xFFFF, 0xFFFF, 0xFFFF, 0xFFFF, 0xFFFF, 0xFFFF, 0xFFFF, 0xFFFF,
    0xFFFF, 0xFFFF, 0xFFFF, 0xFFFF, 0xFFFF, 0xFFFF, 0xFFFF, 0xFFFF, 0xFFFF, 0xEF9D, 0x240A, 0x0C0A, 0x0C8B, 0x0CCC, 0x0CCC, 0x0CEC,
    0x0CEC, 0x0CEC, 0x0CEC, 0x0CEC, 0x0CEC, 0x0CEC, 0x0CEC, 0x0CEC, 0x0CEC, 0x0CEC, 0x0CEC, 0x0CEC, 0x0CEC, 0x0CEC, 0x0CEC, 0x0CEC,
    0x0CEC, 0x0CEC, 0x0CEC, 0x0CEC, 0x0CEC, 0x0CEC, 0x0CEC, 0x0CEC, 0x0CEC, 0x0CEC, 0x0CEC, 0x0CEC, 0x0CEC, 0x0CEC, 0x0CEC, 0x0CEC,
    0x0CEC, 0x0CEC, 0x0CEC, 0x0CEC, 0x0CEC, 0x0CEC, 0x0CEC, 0x0CEC, 0x0CCC, 0x0CCC, 0x0CCC, 0x0CCC, 0x0CCC, 0x0CCC, 0x0CCC, 0x0CCC,
    0x0CCC, 0x0CCC, 0x0CCC, 0x0CAC, 0x0CAC, 0x0CAB, 0x0CAB, 0x0CAB, 0x0CAB, 0x0C8B, 0x0C8B, 0x0C8B, 0x0C8B, 0x0C8B, 0x0C8B, 0x0C6B,
    0x0C6B, 0x0C6B, 0x0C6B, 0x0C4B, 0x0C4B, 0x0C4B, 0x0C4A, 0x0C4A, 0x0C2A, 0x0C2A, 0x0C2A, 0x0C2A, 0x0C2A, 0x0C0A, 0x0C0A, 0x0C0A,
    0x0BEA, 0x0BEA, 0x0BE9, 0x0BE9, 0x0BC9, 0x0BC9, 0x0BC9, 0x0BA9, 0x0BA9, 0x0BA9, 0x0BA9, 0x0B89, 0x0B89, 0x0B88, 0x0B88, 0x0B88,
    0x5CE7, 0x5CE7, 0x5CE7, 0x5CE7, 0x5CE7, 0x5CE7, 0x5D07, 0x5D07, 0x5D27, 0x5D27, 0x5D27, 0x5D47, 0x5D47, 0x5D47, 0x5D68, 0x5D68,
    0x5D68, 0x5D68, 0x5D68, 0x5D88, 0x5D88, 0x5D88, 0x5DA8, 0x5DA8, 0x5DA8, 0x5DA8, 0x5DA8, 0x5DA9, 0x5DC9, 0x5DC9, 0x5DC9, 0x5DC9,
    0x5DC9, 0x5DE9, 0x5DE9, 0x5DE9, 0x5DE9, 0x5DE9, 0x5DE9, 0x5DE9, 0x5E09, 0x5DE9, 0x5E0A, 0x5E0A, 0x5E0A, 0x560A, 0x560A, 0x560A,
    0x560A, 0x560A, 0x560A, 0x560A, 0x560A, 0x560A, 0x560A, 0x560A, 0x560A, 0x560A, 0x4E0A, 0x4E0A, 0x4DEA, 0x4DEA, 0x4DEA, 0x4DEA,
    0x4DEA, 0x4DEA, 0x4DEA, 0x45EA, 0x45EA, 0x45CB, 0x45CB, 0x45CB, 0x45CB, 0x45CB, 0x45CB, 0x45CB, 0x45CB, 0x3DAB, 0x3DAB, 0x3DAB,
    0x3DAB, 0x3DAB, 0x3DAB, 0x3DAB, 0x3DAB, 0x3DAB, 0x3D8B, 0x358B, 0x358B, 0x358B, 0x358B, 0x358B, 0x358B, 0x358B, 0x356B, 0x356B,
    0x2D6B, 0x2D6B, 0x2D6B, 0x2D6B, 0x2D6B, 0x2D6B, 0x2D4B, 0x2D4B, 0x2D4B, 0x2D4B, 0x254B, 0x254B, 0x254B, 0x254B, 0x254B, 0x252B,
    0x252B, 0x252B, 0x252B, 0x1D2B, 0x250B, 0x1CCA, 0x2CAB, 0xEFBD, 0xFFFF, 0xFFFF, 0xFFFF, 0xFFFF, 0xFFFF, 0xFFFF, 0xFFFF, 0xFFFF,
    0xFFFF, 0xFFFF, 0xFFFF, 0xFFFF, 0xFFFF, 0xFFFF, 0xFFFF, 0xFFFF, 0xFFFF, 0x6D51, 0x03A8, 0x146B, 0x0CAB, 0x0CCC, 0x0CEC, 0x0CEC,
    0x0CEC, 0x0CEC, 0x0CEC, 0x0CEC, 0x0CEC, 0x0CEC, 0x0CEC, 0x0CEC, 0x0CEC, 0x0CEC, 0x0CEC, 0x0CEC, 0x0CEC, 0x0CEC, 0x0CEC, 0x0CEC,
    0x0CEC, 0x0CEC, 0x0CEC, 0x0CEC, 0x0CEC, 0x0CEC, 0x0CEC, 0x0CEC, 0x0CEC, 0x0CEC, 0x0CEC, 0x0CEC, 0x0CEC, 0x0CEC, 0x0CEC, 0x0CEC,
    0x14EC, 0x14EC, 0x14EC, 0x14EC, 0x0CEC, 0x0CEC, 0x0CEC, 0x0CEC, 0x0CCC, 0x0CCC, 0x0CCC, 0x0CCC, 0x0CCC, 0x0CCC, 0x0CCC, 0x0CCC,
    0x0CCC, 0x0CCC, 0x0CCC, 0x0CAC, 0x0CAC, 0x0CAB, 0x0CAB, 0x0CAB, 0x0CAB, 0x0C8B, 0x0C8B, 0x0C8B, 0x0C8B, 0x0C8B, 0x0C8B, 0x0C6B,
    0x0C6B, 0x0C6B, 0x0C6B, 0x0C4B, 0x0C4B, 0x0C4A, 0x0C4A, 0x0C4A, 0x0C2A, 0x0C2A, 0x0C2A, 0x0C2A, 0x0C0A, 0x0C0A, 0x0C0A, 0x0C0A,
    0x0BEA, 0x0BEA, 0x0BE9, 0x0BE9, 0x0BC9, 0x0BC9, 0x0BC9, 0x0BA9, 0x0BA9, 0x0BA9, 0x0B89, 0x0B89, 0x0B89, 0x0B88, 0x0B88, 0x0B88,
    0x5CE7, 0x5CE7, 0x5CE7, 0x5CE7, 0x5CE7, 0x5CE7, 0x5D07, 0x5D07, 0x5D27, 0x5D27, 0x5D27, 0x5D27, 0x5D47, 0x5D47, 0x5D47, 0x5D68,
    0x5D68, 0x5D68, 0x5D68, 0x5D88, 0x5D88, 0x5D88, 0x5D88, 0x5D88, 0x5DA8, 0x5DA8, 0x5DA8, 0x5DA9, 0x5DA9, 0x5DC9, 0x5DC9, 0x5DC9,
    0x5DC9, 0x5DC9, 0x5DE9, 0x5DE9, 0x5DE9, 0x5DE9, 0x5DE9, 0x5DE9, 0x5DE9, 0x5DE9, 0x55E9, 0x55EA, 0x560A, 0x560A, 0x560A, 0x560A,
    0x560A, 0x560A, 0x560A, 0x560A, 0x560A, 0x560A, 0x560A, 0x560A, 0x560A, 0x4E0A, 0x4E0A, 0x4E0A, 0x4DEA, 0x4DEA, 0x4DEA, 0x4DEA,
    0x4DEA, 0x4DEA, 0x45EA, 0x45EA, 0x45CB, 0x45CB, 0x45CB, 0x45CB, 0x45CB, 0x45CB, 0x45CB, 0x45CB, 0x3DAB, 0x3DAB, 0x3DAB, 0x3DAB,
    0x3DAB, 0x3DAB, 0x3DAB, 0x3DAB, 0x3DAB, 0x3D8B, 0x358B, 0x358B, 0x358B, 0x358B, 0x358B, 0x358B, 0x358B, 0x356B, 0x356B, 0x2D6B,
    0x2D6B, 0x2D6B, 0x2D6B, 0x2D6B, 0x2D6B, 0x2D4B, 0x2D4B, 0x2D4B, 0x2D4B, 0x254B, 0x254B, 0x254B, 0x254B, 0x254B, 0x252B, 0x252B,
    0x252B, 0x252B, 0x1D2B, 0x1D0B, 0x250B, 0x0C69, 0x9E76, 0xFFFF, 0xFFFF, 0xFFFF, 0xFFFF, 0xFFFF, 0xFFFF, 0xFFFF, 0xFFFF, 0xFFFF,
    0xFFFF, 0xFFFF, 0xFFFF, 0xFFFF, 0xFFFF, 0xFFFF, 0xFFFF, 0xFFFF, 0xBED9, 0x0388, 0x0C4A, 0x0C8B, 0x0CCC, 0x0CCC, 0x0CEC, 0x0CEC,
    0x0CEC, 0x0CEC, 0x0CEC, 0x0CEC, 0x0CEC, 0x0CEC, 0x0CEC, 0x0CEC, 0x0CEC, 0x0CEC, 0x0CEC, 0x0CEC, 0x0CEC, 0x0CEC, 0x0CEC, 0x0CEC,
    0x0CEC, 0x0CEC, 0x0CEC, 0x0CEC, 0x0CEC, 0x0CEC, 0x0CEC, 0x0CEC, 0x0CEC, 0x0CEC, 0x0CEC, 0x0CEC, 0x0CEC, 0x14EC, 0x14EC, 0x14EC,
    0x0CCC, 0x0CCB, 0x04CB, 0x0CCC, 0x14EC, 0x14EC, 0x14EC, 0x0CCC, 0x0CCC, 0x0CCC, 0x0CCC, 0x0CCC, 0x0CCC, 0x0CCC, 0x0CCC, 0x0CCC,
    0x0CCC, 0x0CCC, 0x0CAC, 0x0CAC, 0x0CAB, 0x0CAB, 0x0CAB, 0x0CAB, 0x0CAB, 0x0C8B, 0x0C8B, 0x0C8B, 0x0C8B, 0x0C8B, 0x0C6B, 0x0C6B,
    0x0C6B, 0x0C6B, 0x0C6B, 0x0C4B, 0x0C4B, 0x0C4A, 0x0C4A, 0x0C4A, 0x0C2A, 0x0C2A, 0x0C2A, 0x0C2A, 0x0C0A, 0x0C0A, 0x0C0A, 0x0C0A,
    0x0BEA, 0x0BEA, 0x0BE9, 0x0BC9, 0x0BC9, 0x0BC9, 0x0BC9, 0x0BA9, 0x0BA9, 0x0BA9, 0x0B89, 0x0B89, 0x0B88, 0x0B88, 0x0B88, 0x0B88,
    0x5CE7, 0x5CE7, 0x5CE7, 0x5CE7, 0x5CE7, 0x5CE7, 0x5CE7, 0x5D07, 0x5D07, 0x5D27, 0x5D27, 0x5D27, 0x5D47, 0x5D47, 0x5D47, 0x5D48,
    0x5D68, 0x5D68, 0x5D68, 0x5D68, 0x5D88, 0x5D88, 0x5D88, 0x5D88, 0x5D88, 0x5DA8, 0x5DA8, 0x5DA8, 0x5DA9, 0x5DA9, 0x5DC9, 0x5DC9,
    0x5DC9, 0x5DC9, 0x5DC9, 0x5DC9, 0x5DE9, 0x5DE9, 0x5DE9, 0x55E9, 0x55E9, 0x55E9, 0x55EA, 0x55EA, 0x55EA, 0x55EA, 0x560A, 0x55EA,
    0x55EA, 0x560A, 0x560A, 0x560A, 0x560A, 0x560A, 0x4DEA, 0x4E0A, 0x4DEA, 0x4E0A, 0x4E0A, 0x4DEA, 0x4DEA, 0x4DEA, 0x4DEA, 0x4DEA,
    0x4DEA, 0x45EA, 0x45EA, 0x45CB, 0x45CB, 0x45CB, 0x45CB, 0x45CB, 0x45CB, 0x45CB, 0x45CB, 0x3DAB, 0x3DAB, 0x3DAB, 0x3DAB, 0x3DAB,
    0x3DAB, 0x3DAB, 0x3DAB, 0x3D8B, 0x3D8B, 0x358B, 0x358B, 0x358B, 0x358B, 0x358B, 0x358B, 0x356B, 0x356B, 0x356B, 0x2D6B, 0x2D6B,
    0x2D6B, 0x2D6B, 0x2D6B, 0x2D6B, 0x2D4B, 0x2D4B, 0x2D4B, 0x2D4B, 0x254B, 0x254B, 0x254B, 0x254B, 0x252B, 0x252B, 0x252B, 0x252B,
    0x252B, 0x1D2B, 0x1D2B, 0x250C, 0x14AA, 0x450E, 0xFFFF, 0xFFFF, 0xFFFF, 0xFFFF, 0xFFFF, 0xFFFF, 0xFFFF, 0xFFFF, 0xFFFF, 0xFFFF,
    0xFFFF, 0xFFFF, 0xFFFF, 0xFFFF, 0xFFFF, 0xFFFF, 0xFFFF, 0xF7BE, 0x2C2B, 0x03E9, 0x148B, 0x0CAC, 0x0CCC, 0x0CEC, 0x0CEC, 0x0CEC,
    0x0CEC, 0x0CEC, 0x0CEC, 0x0CEC, 0x0CEC, 0x0CEC, 0x0CEC, 0x0CEC, 0x0CEC, 0x0CEC, 0x0CEC, 0x0CEC, 0x0CEC, 0x0CEC, 0x0CEC, 0x0CEC,
    0x0CEC, 0x0CEC, 0x0CEC, 0x0CEC, 0x0CEC, 0x0CEC, 0x0CEC, 0x0CEC, 0x0CEC, 0x0CEC, 0x0CEC, 0x0CEC, 0x14EC, 0x0CCC, 0x04AA, 0x04AB,
    0x14ED, 0x2D2E, 0x2D4E, 0x250D, 0x0CCB, 0x04AA, 0x04AB, 0x14EC, 0x14EC, 0x0CCC, 0x0CCC, 0x0CCC, 0x0CCC, 0x0CCC, 0x0CCC, 0x0CCC,
    0x0CCC, 0x0CCC, 0x0CAC, 0x0CAC, 0x0CAB, 0x0CAB, 0x0CAB, 0x0CAB, 0x0C8B, 0x0C8B, 0x0C8B, 0x0C8B, 0x0C8B, 0x0C8B, 0x0C6B, 0x0C6B,
    0x0C6B, 0x0C6B, 0x0C4B, 0x0C4B, 0x0C4A, 0x0C4A, 0x0C4A, 0x0C2A, 0x0C2A, 0x0C2A, 0x0C2A, 0x0C2A, 0x0C0A, 0x0C0A, 0x0C0A, 0x0BEA,
    0x0BEA, 0x0BEA, 0x0BE9, 0x0BC9, 0x0BC9, 0x0BC9, 0x0BA9, 0x0BA9, 0x0BA9, 0x0BA9, 0x0B89, 0x0B89, 0x0B88, 0x0B88, 0x0B88, 0x0B88,
    0x5CE7, 0x5CE7, 0x5CE7, 0x5CE7, 0x5CE7, 0x5CE7, 0x5CE7, 0x5D07, 0x5D07, 0x5D27, 0x5D27, 0x5D27, 0x5D27, 0x5D47, 0x5D47, 0x5D48,
    0x5D48, 0x5D68, 0x5D68, 0x5D68, 0x5D68, 0x5D88, 0x5D88, 0x5D88, 0x5D88, 0x5D88, 0x5DA8, 0x5DA8, 0x5DA9, 0x5DA9, 0x5DA9, 0x5DC9,
    0x5DC9, 0x5DC9, 0x5DC9, 0x5DC9, 0x55C9, 0x55E9, 0x55C9, 0x55E9, 0x55E9, 0x55EA, 0x55EA, 0x55EA, 0x55EA, 0x55EA, 0x55EA, 0x55EA,
    0x55EA, 0x55EA, 0x55EA, 0x55EA, 0x560A, 0x4DEA, 0x4DEA, 0x4DEA, 0x4DEA, 0x4DEA, 0x4DEA, 0x4DEA, 0x4DEA, 0x4DEA, 0x4DEA, 0x4DEA,
    0x45EA, 0x45EA, 0x45CB, 0x45CB, 0x45CB, 0x45CB, 0x45CB, 0x45CB, 0x45CB, 0x45CB, 0x3DAB, 0x3DAB, 0x3DAB, 0x3DAB, 0x3DAB, 0x3DAB,
    0x3DAB, 0x3DAB, 0x3D8B, 0x358B, 0x358B, 0x358B, 0x358B, 0x358B, 0x358B, 0x358B, 0x356B, 0x356B, 0x356B, 0x2D6B, 0x2D6B, 0x2D6B,
    0x2D6B, 0x2D6B, 0x2D6B, 0x2D4B, 0x2D4B, 0x2D4B, 0x2D4B, 0x254B, 0x254B, 0x254B, 0x254B, 0x252B, 0x252B, 0x252B, 0x252B, 0x252B,
    0x1D2B, 0x1D2B, 0x1D0B, 0x1CEB, 0x1469, 0xC71A, 0xFFFF, 0xFFFF, 0xFFFF, 0xFFFF, 0xFFFF, 0xFFFF, 0xFFFF, 0xFFFF, 0xFFFF, 0xFFFF,
    0xFFFF, 0xFFFF, 0xFFFF, 0xFFFF, 0xFFFF, 0xFFFF, 0xFFFF, 0x6D51, 0x0388, 0x146B, 0x0CAB, 0x0CCC, 0x0CEC, 0x0CEC, 0x0CEC, 0x0CEC,
    0x0CEC, 0x0CEC, 0x0CEC, 0x0CEC, 0x0CEC, 0x0CEC, 0x0CEC, 0x0CEC, 0x0CEC, 0x0CEC, 0x0CEC, 0x0CEC, 0x0CEC, 0x0CEC, 0x0CEC, 0x0CEC,
    0x0CEC, 0x0CEC, 0x0CEC, 0x0CEC, 0x0CEC, 0x0CEC, 0x0CEC, 0x0CEC, 0x0CEC, 0x0CEC, 0x14EC, 0x14EC, 0x04AB, 0x1D0D, 0x7634, 0xC73B,
    0xDF9D, 0xE7BD, 0xE7BD, 0xE79D, 0xD77C, 0x9EB7, 0x3D70, 0x04AB, 0x0CCB, 0x14EC, 0x0CCC, 0x0CCC, 0x0CCC, 0x0CCC, 0x0CCC, 0x0CCC,
    0x0CCC, 0x0CAC, 0x0CAC, 0x0CAB, 0x0CAB, 0x0CAB, 0x0CAB, 0x0CAB, 0x0C8B, 0x0C8B, 0x0C8B, 0x0C8B, 0x0C8B, 0x0C8B, 0x0C6B, 0x0C6B,
    0x0C6B, 0x0C6B, 0x0C4B, 0x0C4B, 0x0C4A, 0x0C4A, 0x0C4A, 0x0C2A, 0x0C2A, 0x0C2A, 0x0C2A, 0x0C0A, 0x0C0A, 0x0C0A, 0x0C0A, 0x0BEA,
    0x0BEA, 0x0BE9, 0x0BE9, 0x0BC9, 0x0BC9, 0x0BC9, 0x0BA9, 0x0BA9, 0x0BA9, 0x0B89, 0x0B89, 0x0B89, 0x0B88, 0x0B88, 0x0B88, 0x0B88,
    0x5CE7, 0x5CE7, 0x5CE7, 0x54C7, 0x54C7, 0x54E7, 0x54E7, 0x5CE7, 0x5D07, 0x5D07, 0x5D27, 0x5D27, 0x5D27, 0x5D27, 0x5D47, 0x5D48,
    0x5D48, 0x5D68, 0x5D68, 0x5D68, 0x5D68, 0x5D68, 0x5D88, 0x5D88, 0x5D88, 0x5D88, 0x5DA8, 0x5DA8, 0x5DA9, 0x5DA9, 0x5DA9, 0x5DA9,
    0x5DC9, 0x55C9, 0x55C9, 0x55C9, 0x55C9, 0x55C9, 0x55C9, 0x55C9, 0x55E9, 0x55EA, 0x55EA, 0x55EA, 0x55EA, 0x55EA, 0x55EA, 0x55EA,
    0x55EA, 0x55EA, 0x55EA, 0x55EA, 0x4DEA, 0x4DEA, 0x4DEA, 0x4DEA, 0x4DEA, 0x4DEA, 0x4DEA, 0x4DEA, 0x4DEA, 0x4DEA, 0x4DEA, 0x45EA,
    0x45EA, 0x45CB, 0x45CB, 0x45CB, 0x45CB, 0x45CB, 0x45CB, 0x45CB, 0x45CB, 0x3DAB, 0x3DAB, 0x3DAB, 0x3DAB, 0x3DAB, 0x3DAB, 0x3DAB,
    0x3DAB, 0x3D8B, 0x358B, 0x358B, 0x358B, 0x358B, 0x358B, 0x358B, 0x358B, 0x358B, 0x356B, 0x356B, 0x2D6B, 0x2D6B, 0x2D6B, 0x2D6B,
    0x2D6B, 0x2D6B, 0x2D4B, 0x2D4B, 0x2D4B, 0x2D4B, 0x254B, 0x254B, 0x254B, 0x254B, 0x252B, 0x252B, 0x252B, 0x252B, 0x252B, 0x1D2B,
    0x1D2B, 0x1D0B, 0x250C, 0x0C69, 0x6DB2, 0xFFFF, 0xFFFF, 0xFFFF, 0xFFFF, 0xFFFF, 0xFFFF, 0xFFFF, 0xFFFF, 0xFFFF, 0xFFFF, 0xFFFF,
    0xFFFF, 0xFFFF, 0xFFFF, 0xFFFF, 0xFFFF, 0xFFFF, 0xAE77, 0x0388, 0x144A, 0x0C8B, 0x0CCC, 0x0CCC, 0x0CEC, 0x0CEC, 0x0CEC, 0x0CEC,
    0x0CEC, 0x0CEC, 0x0CEC, 0x0CEC, 0x0CEC, 0x0CEC, 0x0CEC, 0x0CEC, 0x0CEC, 0x0CEC, 0x0CEC, 0x0CEC, 0x0CEC, 0x0CEC, 0x0CEC, 0x0CEC,
    0x0CEC, 0x0CEC, 0x0CEC, 0x0CEC, 0x0CEC, 0x0CEC, 0x0CEC, 0x0CEC, 0x0CEC, 0x14EC, 0x0CCC, 0x04AB, 0x7634, 0xE7BE, 0xC75B, 0x7E55,
    0x4590, 0x252E, 0x252E, 0x356F, 0x65F3, 0xAED8, 0xEFBE, 0xB6F9, 0x250D, 0x04AB, 0x14EC, 0x0CCC, 0x0CCC, 0x0CCC, 0x0CCC, 0x0CCC,
    0x0CCC, 0x0CAC, 0x0CAC, 0x0CAB, 0x0CAB, 0x0CAB, 0x0CAB, 0x0C8B, 0x0C8B, 0x0C8B, 0x0C8B, 0x0C8B, 0x0C8B, 0x0C6B, 0x0C6B, 0x0C6B,
    0x0C6B, 0x0C6B, 0x0C4B, 0x0C4B, 0x0C4A, 0x0C4A, 0x0C4A, 0x0C2A, 0x0C2A, 0x0C2A, 0x0C2A, 0x0C0A, 0x0C0A, 0x0C0A, 0x0C0A, 0x0BEA,
    0x0BEA, 0x0BE9, 0x0BC9, 0x0BC9, 0x0BC9, 0x0BC9, 0x0BA9, 0x0BA9, 0x0BA9, 0x0B89, 0x0B89, 0x0B88, 0x0B88, 0x0B88, 0x0B88, 0x0B88,
    0x5CE7, 0x5CE7, 0x54C7, 0x54C7, 0x54C7, 0x54E7, 0x54E7, 0x54E7, 0x5507, 0x5507, 0x5507, 0x5D27, 0x5D27, 0x5D27, 0x5D27, 0x5D48,
    0x5D48, 0x5D48, 0x5D68, 0x5D68, 0x5D68, 0x5D68, 0x5D68, 0x5D88, 0x5D88, 0x5D88, 0x5D88, 0x5DA9, 0x5DA9, 0x5DA9, 0x55A9, 0x55A9,
    0x55A9, 0x55C9, 0x55C9, 0x55C9, 0x55C9, 0x55C9, 0x55C9, 0x55C9, 0x55C9, 0x55EA, 0x55EA, 0x55EA, 0x55EA, 0x55EA, 0x55EA, 0x55EA,
    0x55EA, 0x55EA, 0x4DEA, 0x4DEA, 0x4DEA, 0x4DEA, 0x4DEA, 0x4DEA, 0x4DEA, 0x4DEA, 0x4DEA, 0x4DEA, 0x4DEA, 0x4DEA, 0x45EA, 0x45CA,
    0x45CB, 0x45CB, 0x45CB, 0x45CB, 0x45CB, 0x45CB, 0x45CB, 0x45CB, 0x3DAB, 0x3DAB, 0x3DAB, 0x3DAB, 0x3DAB, 0x3DAB, 0x3DAB, 0x3DAB,
    0x3D8B, 0x358B, 0x358B, 0x358B, 0x358B, 0x358B, 0x358B, 0x358B, 0x358B, 0x356B, 0x356B, 0x2D6B, 0x2D6B, 0x2D6B, 0x2D6B, 0x2D6B,
    0x2D6B, 0x2D4B, 0x2D4B, 0x2D4B, 0x2D4B, 0x254B, 0x254B, 0x254B, 0x254B, 0x252B, 0x252B, 0x252B, 0x252B, 0x252B, 0x1D2B, 0x1D2B,
    0x1D2B, 0x1D0B, 0x14CB, 0x248B, 0xE79D, 0xFFFF, 0xFFFF, 0xFFFF, 0xFFFF, 0xFFFF, 0xFFFF, 0xFFFF, 0xFFFF, 0xFFFF, 0xFFFF, 0xFFFF,
    0xFFFF, 0xFFFF, 0xFFFF, 0xFFFF, 0xFFFF, 0xDF5C, 0x1BC9, 0x0C09, 0x0C8B, 0x0CAC, 0x0CCC, 0x0CEC, 0x0CEC, 0x0CEC, 0x0CEC, 0x0CEC,
    0x0CEC, 0x0CEC, 0x0CEC, 0x0CEC, 0x0CEC, 0x0CEC, 0x0CEC, 0x0CEC, 0x0CEC, 0x0CEC, 0x0CEC, 0x0CEC, 0x0CEC, 0x0CEC, 0x0CEC, 0x0CEC,
    0x0CEC, 0x0CEC, 0x0CEC, 0x0CEC, 0x0CEC, 0x0CEC, 0x0CEC, 0x0CEC, 0x14EC, 0x0CCC, 0x14EC, 0xB719, 0xE79D, 0x4DB1, 0x04AB, 0x04AA,
    0x04AB, 0x0CCB, 0x0CCC, 0x04CB, 0x04AB, 0x048A, 0x250D, 0xA6B8, 0xEFBE, 0x4D90, 0x04AB, 0x14EC, 0x0CCC, 0x0CCC, 0x0CCC, 0x0CCC,
    0x0CCC, 0x0CAC, 0x0CAC, 0x0CAB, 0x0CAB, 0x0CAB, 0x0CAB, 0x0C8B, 0x0C8B, 0x0C8B, 0x0C8B, 0x0C8B, 0x0C8B, 0x0C6B, 0x0C6B, 0x0C6B,
    0x0C6B, 0x0C4B, 0x0C4B, 0x0C4A, 0x0C4A, 0x0C4A, 0x0C2A, 0x0C2A, 0x0C2A, 0x0C2A, 0x0C2A, 0x0C0A, 0x0C0A, 0x0C0A, 0x0BEA, 0x0BEA,
    0x0BEA, 0x0BE9, 0x0BC9, 0x0BC9, 0x0BC9, 0x0BC9, 0x0BA9, 0x0BA9, 0x0BA9, 0x0B89, 0x0B89, 0x0B88, 0x0B88, 0x0B88, 0x0B88, 0x0B88,
    0x5CE7, 0x54C7, 0x54C7, 0x54C7, 0x54C7, 0x54C7, 0x54E7, 0x54E7, 0x5507, 0x5507, 0x5507, 0x5527, 0x5527, 0x5527, 0x5527, 0x5548,
    0x5D48, 0x5548, 0x5548, 0x5D68, 0x5568, 0x5D68, 0x5D68, 0x5568, 0x5588, 0x5588, 0x5588, 0x5589, 0x55A9, 0x55A9, 0x55A9, 0x55A9,
    0x55A9, 0x55A9, 0x55C9, 0x55C9, 0x55C9, 0x55C9, 0x55C9, 0x55C9, 0x55C9, 0x55C9, 0x55CA, 0x55EA, 0x55EA, 0x55EA, 0x55EA, 0x55EA,
    0x4DEA, 0x4DEA, 0x4DEA, 0x4DEA, 0x4DEA, 0x4DEA, 0x4DEA, 0x4DEA, 0x4DEA, 0x4DEA, 0x4DEA, 0x4DEA, 0x4DEA, 0x45EA, 0x45CA, 0x45CB,
    0x45CB, 0x45CB, 0x45CB, 0x45CB, 0x45CB, 0x45CB, 0x45CB, 0x3DAB, 0x3DAB, 0x3DAB, 0x3DAB, 0x3DAB, 0x3DAB, 0x3DAB, 0x3DAB, 0x3D8B,
    0x358B, 0x358B, 0x358B, 0x358B, 0x358B, 0x358B, 0x358B, 0x358B, 0x356B, 0x356B, 0x2D6B, 0x2D6B, 0x2D6B, 0x2D6B, 0x2D6B, 0x2D6B,
    0x2D4B, 0x2D4B, 0x2D4B, 0x2D4B, 0x254B, 0x254B, 0x254B, 0x254B, 0x254B, 0x252B, 0x252B, 0x252B, 0x252B, 0x1D2B, 0x1D2B, 0x1D2B,
    0x1D0C, 0x1D0C, 0x0C49, 0x9656, 0xFFFF, 0xFFFF, 0xFFFF, 0xFFFF, 0xFFFF, 0xFFFF, 0xFFFF, 0xFFFF, 0xFFFF, 0xFFFF, 0xFFFF, 0xFFFF,
    0xFFFF, 0xFFFF, 0xFFFF, 0xFFFF, 0xFFDF, 0x3C6D, 0x03C8, 0x146B, 0x0CAB, 0x0CCC, 0x0CEC, 0x0CEC, 0x0CEC, 0x14EC, 0x14EC, 0x14EC,
    0x14EC, 0x14EC, 0x0CEC, 0x0CEC, 0x0CEC, 0x0CEC, 0x0CEC, 0x0CEC, 0x0CEC, 0x0CEC, 0x0CEC, 0x0CEC, 0x0CEC, 0x0CEC, 0x0CEC, 0x0CEC,
    0x0CEC, 0x0CEC, 0x0CEC, 0x0CEC, 0x0CEC, 0x0CEC, 0x0CEC, 0x14EC, 0x0CEC, 0x0CCB, 0xD77C, 0xBF1A, 0x0CCB, 0x04AB, 0x14EC, 0x14EC,
    0x14EC, 0x14EC, 0x14EC, 0x14EC, 0x14EC, 0x14EC, 0x0CCC, 0x048A, 0x65F3, 0xFFDF, 0x4590, 0x04AB, 0x14CC, 0x0CCC, 0x0CCC, 0x0CCC,
    0x0CAC, 0x0CAC, 0x0CAC, 0x0CAB, 0x0CAB, 0x0CAB, 0x0C8B, 0x0C8B, 0x0C8B, 0x0C8B, 0x0C8B, 0x0C8B, 0x0C6B, 0x0C6B, 0x0C6B, 0x0C6B,
    0x0C6B, 0x0C4B, 0x0C4B, 0x0C4A, 0x0C4A, 0x0C4A, 0x0C2A, 0x0C2A, 0x0C2A, 0x0C2A, 0x0C0A, 0x0C0A, 0x0C0A, 0x0C0A, 0x0BEA, 0x0BEA,
    0x0BEA, 0x0BE9, 0x0BC9, 0x0BC9, 0x0BC9, 0x0BA9, 0x0BA9, 0x0BA9, 0x0BA9, 0x0B89, 0x0B89, 0x0B88, 0x0B88, 0x0B88, 0x0B88, 0x0B88,
    0x54C7, 0x54C7, 0x54C7, 0x54C7, 0x54C7, 0x54C7, 0x54E7, 0x54E7, 0x54E7, 0x5507, 0x5507, 0x5507, 0x5527, 0x5527, 0x5527, 0x5528,
    0x5548, 0x5548, 0x5548, 0x5548, 0x5568, 0x5568, 0x5568, 0x5568, 0x5588, 0x5588, 0x5588, 0x5589, 0x5589, 0x55A9, 0x55A9, 0x55A9,
    0x55A9, 0x55A9, 0x55A9, 0x55C9, 0x55C9, 0x55C9, 0x55C9, 0x55C9, 0x55C9, 0x55C9, 0x55CA, 0x55CA, 0x55CA, 0x55CA, 0x55CA, 0x4DEA,
    0x4DEA, 0x4DEA, 0x4DEA, 0x4DEA, 0x4DEA, 0x4DEA, 0x4DEA, 0x4DEA, 0x4DEA, 0x4DEA, 0x4DEA, 0x4DEA, 0x45EA, 0x45CA, 0x45CB, 0x45CB,
    0x45CB, 0x45CB, 0x45CB, 0x45CB, 0x45CB, 0x45CB, 0x3DAB, 0x3DAB, 0x3DAB, 0x3DAB, 0x3DAB, 0x3DAB, 0x3DAB, 0x3DAB, 0x3D8B, 0x358B,
    0x358B, 0x358B, 0x358B, 0x358B, 0x358B, 0x358B, 0x358B, 0x356B, 0x356B, 0x2D6B, 0x2D6B, 0x2D6B, 0x2D6B, 0x2D6B, 0x2D6B, 0x2D4B,
    0x2D4B, 0x2D4B, 0x254B, 0x254B, 0x254B, 0x254B, 0x254B, 0x254B, 0x252B, 0x252B, 0x252B, 0x252B, 0x1D2B, 0x1D2B, 0x1D2B, 0x1D2C,
    0x1D0C, 0x0C8A, 0x3D0E, 0xFFDF, 0xFFFF, 0xFFFF, 0xFFFF, 0xFFFF, 0xFFFF, 0xFFFF, 0xFFFF, 0xFFFF, 0xFFFF, 0xFFFF, 0xFFFF, 0xFFFF,
    0xFFFF, 0xFFFF, 0xFFFF, 0xFFFF, 0x6D51, 0x0387, 0x144B, 0x0C8B, 0x14CC, 0x14EC, 0x14EC, 0x14EC, 0x14CC, 0x0CCC, 0x0CAB, 0x04AB,
    0x048B, 0x048B, 0x0CCC, 0x0CCC, 0x0CEC, 0x0CEC, 0x0CEC, 0x0CEC, 0x0CEC, 0x0CEC, 0x0CEC, 0x0CEC, 0x0CEC, 0x0CEC, 0x0CEC, 0x0CEC,
    0x0CEC, 0x0CEC, 0x0CEC, 0x0CEC, 0x0CEC, 0x0CEC, 0x0CEC, 0x14EC, 0x04AA, 0xAED8, 0xC75B, 0x04AB, 0x0CCC, 0x14EC, 0x0CEC, 0x0CEC,
    0x0CEC, 0x0CEC, 0x0CEC, 0x0CEC, 0x0CCC, 0x0CCC, 0x14EC, 0x14EC, 0x048A, 0x65D2, 0xEF9D, 0x250D, 0x0CAB, 0x14CC, 0x0CCC, 0x0CCC,
    0x0CAC, 0x0CAC, 0x0CAB, 0x0CAB, 0x0CAB, 0x0CAB, 0x0C8B, 0x0C8B, 0x0C8B, 0x0C8B, 0x0C8B, 0x0C8B, 0x0C6B, 0x0C6B, 0x0C6B, 0x0C6B,
    0x0C6B, 0x0C4B, 0x0C4B, 0x0C4A, 0x0C4A, 0x0C4A, 0x0C2A, 0x0C2A, 0x0C2A, 0x0C2A, 0x0C0A, 0x0C0A, 0x0C0A, 0x0C0A, 0x0BEA, 0x0BEA,
    0x0BE9, 0x0BC9, 0x0BC9, 0x0BC9, 0x0BC9, 0x0BA9, 0x0BA9, 0x0BA9, 0x0B89, 0x0B89, 0x0B88, 0x0B88, 0x0B88, 0x0B88, 0x0B88, 0x0B88,
    0x54C7, 0x54C7, 0x54C7, 0x54C7, 0x54C7, 0x54C7, 0x54C7, 0x54E7, 0x54E7, 0x5507, 0x5507, 0x5507, 0x5507, 0x5527, 0x5527, 0x5528,
    0x5528, 0x5548, 0x5548, 0x5548, 0x5548, 0x5568, 0x5568, 0x5568, 0x5568, 0x5568, 0x5588, 0x5588, 0x5589, 0x5589, 0x5589, 0x55A9,
    0x55A9, 0x55A9, 0x55A9, 0x55A9, 0x55A9, 0x55A9, 0x55C9, 0x55C9, 0x55C9, 0x55C9, 0x55CA, 0x55CA, 0x4DCA, 0x4DCA, 0x4DCA, 0x4DCA,
    0x4DCA, 0x4DEA, 0x4DCA, 0x4DCA, 0x4DCA, 0x4DEA, 0x4DEA, 0x4DEA, 0x4DEA, 0x4DEA, 0x4DEA, 0x45CA, 0x45CA, 0x45CB, 0x45CB, 0x45CB,
    0x45CB, 0x45CB, 0x45CB, 0x45CB, 0x45CB, 0x3DAB, 0x3DAB, 0x3DAB, 0x3DAB, 0x3DAB, 0x3DAB, 0x3DAB, 0x3DAB, 0x3D8B, 0x358B, 0x358B,
    0x358B, 0x358B, 0x358B, 0x358B, 0x358B, 0x358B, 0x356B, 0x356B, 0x2D6B, 0x2D6B, 0x2D6B, 0x2D6B, 0x2D6B, 0x2D6B, 0x2D4B, 0x2D4B,
    0x2D4B, 0x254B, 0x254B, 0x254B, 0x254B, 0x254B, 0x254B, 0x252B, 0x252B, 0x252B, 0x252B, 0x1D2B, 0x1D2B, 0x1D2B, 0x1D0C, 0x1D0B,
    0x1CEB, 0x0C69, 0xC6F9, 0xFFFF, 0xFFFF, 0xFFFF, 0xFFFF, 0xFFFF, 0xFFFF, 0xFFFF, 0xFFFF, 0xFFFF, 0xFFFF, 0xFFFF, 0xFFFF, 0xFFFF,
    0xFFFF, 0xFFFF, 0xFFFF, 0x9E36, 0x0387, 0x142A, 0x0C6B, 0x048B, 0x048B, 0x046A, 0x046A, 0x046A, 0x046A, 0x148B, 0x1CCC, 0x2CEE,
    0x4550, 0x5591, 0x14CC, 0x0CCC, 0x0CCC, 0x0CEC, 0x0CEC, 0x0CEC, 0x0CEC, 0x0CEC, 0x0CEC, 0x0CEC, 0x0CEC, 0x0CEC, 0x0CEC, 0x0CEC,
    0x0CEC, 0x0CEC, 0x0CEC, 0x0CEC, 0x0CEC, 0x0CEC, 0x14EC, 0x04AB, 0x55D1, 0xF7DE, 0x1D0D, 0x0CCB, 0x14EC, 0x0CEC, 0x0CEC, 0x0CEC,
    0x0CEC, 0x0CEC, 0x0CEC, 0x0CEC, 0x0CCC, 0x0CCC, 0x0CCC, 0x0CCC, 0x14EC, 0x048A, 0xA698, 0xB6D9, 0x048A, 0x14CC, 0x0CCC, 0x0CAC,
    0x0CAC, 0x0CAC, 0x0CAB, 0x0CAB, 0x0CAB, 0x0C8B, 0x0C8B, 0x0C8B, 0x0C8B, 0x0C8B, 0x0C8B, 0x0C8B, 0x0C6B, 0x0C6B, 0x0C6B, 0x0C6B,
    0x0C4B, 0x0C4B, 0x0C4A, 0x0C4A, 0x0C4A, 0x0C2A, 0x0C2A, 0x0C2A, 0x0C2A, 0x0C2A, 0x0C0A, 0x0C0A, 0x0C0A, 0x0BEA, 0x0BEA, 0x0BEA,
    0x0BE9, 0x0BC9, 0x0BC9, 0x0BC9, 0x0BC9, 0x0BA9, 0x0BA9, 0x0BA9, 0x0B89, 0x0B89, 0x0B88, 0x0B88, 0x0B88, 0x0B88, 0x0B88, 0x0B88,
    0x54C7, 0x54C7, 0x54C7, 0x54C7, 0x54C7, 0x54C7, 0x54C7, 0x54E7, 0x54E7, 0x54E7, 0x5507, 0x5507, 0x5507, 0x5507, 0x5527, 0x5528,
    0x5528, 0x5528, 0x5548, 0x5548, 0x5548, 0x5548, 0x5568, 0x5568, 0x5568, 0x5568, 0x5568, 0x5588, 0x5589, 0x5589, 0x5589, 0x55A9,
    0x55A9, 0x55A9, 0x55A9, 0x55A9, 0x55A9, 0x55A9, 0x55A9, 0x55C9, 0x55C9, 0x55C9, 0x4DCA, 0x4DCA, 0x4DCA, 0x4DCA, 0x4DCA, 0x4DCA,
    0x4DCA, 0x4DCA, 0x4DCA, 0x4DCA, 0x4DCA, 0x4DCA, 0x4DCA, 0x4DCA, 0x45CA, 0x45EA, 0x45CA, 0x45CA, 0x45CB, 0x45CB, 0x45CB, 0x45CB,
    0x45CB, 0x45CB, 0x45CB, 0x45CB, 0x3DAB, 0x3DAB, 0x3DAB, 0x3DAB, 0x3DAB, 0x3DAB, 0x3DAB, 0x3DAB, 0x3D8B, 0x358B, 0x358B, 0x358B,
    0x358B, 0x358B, 0x358B, 0x358B, 0x358B, 0x356B, 0x356B, 0x2D6B, 0x2D6B, 0x2D6B, 0x2D6B, 0x2D6B, 0x2D6B, 0x2D4B, 0x2D4B, 0x2D4B,
    0x254B, 0x254B, 0x254B, 0x254B, 0x254B, 0x254B, 0x252B, 0x252B, 0x252B, 0x252B, 0x1D2B, 0x1D2B, 0x1D2C, 0x1D2C, 0x1D0C, 0x1D0C,
    0x0C69, 0x6591, 0xFFFF, 0xFFFF, 0xFFFF, 0xFFFF, 0xFFFF, 0xFFFF, 0xFFFF, 0xFFFF, 0xFFFF, 0xFFFF, 0xFFFF, 0xFFFF, 0xFFFF, 0xFFFF,
    0xFFFF, 0xFFFF, 0xAE77, 0x0326, 0x03A8, 0x0409, 0x146B, 0x2CED, 0x452F, 0x65B2, 0x8635, 0xA697, 0xBEFA, 0xD75C, 0xEFBE, 0xF7DF,
    0xFFFF, 0xF7DE, 0x24CD, 0x0C8B, 0x14CC, 0x0CEC, 0x0CEC, 0x0CEC, 0x0CEC, 0x0CEC, 0x0CEC, 0x0CEC, 0x0CEC, 0x0CEC, 0x0CEC, 0x0CEC,
    0x0CEC, 0x0CEC, 0x0CEC, 0x0CEC, 0x0CEC, 0x0CEC, 0x14EC, 0x04AB, 0xCF5B, 0x8675, 0x048A, 0x14EC, 0x0CEC, 0x0CEC, 0x0CEC, 0x0CEC,
    0x0CEC, 0x0CEC, 0x0CEC, 0x0CCC, 0x0CCC, 0x0CCC, 0x0CCC, 0x0CCC, 0x14CC, 0x0CCB, 0x250D, 0xEF7D, 0x3D4F, 0x04AB, 0x14CC, 0x0CAC,
    0x0CAC, 0x0CAB, 0x0CAB, 0x0CAB, 0x0CAB, 0x0C8B, 0x0C8B, 0x0C8B, 0x0C8B, 0x0C8B, 0x0C8B, 0x0C6B, 0x0C6B, 0x0C6B, 0x0C6B, 0x0C6B,
    0x0C4B, 0x0C4B, 0x0C4A, 0x0C4A, 0x0C4A, 0x0C2A, 0x0C2A, 0x0C2A, 0x0C2A, 0x0C0A, 0x0C0A, 0x0C0A, 0x0C0A, 0x0BEA, 0x0BEA, 0x0BE9,
    0x0BE9, 0x0BC9, 0x0BC9, 0x0BC9, 0x0BA9, 0x0BA9, 0x0BA9, 0x0BA9, 0x0B89, 0x0B89, 0x0B88, 0x0B88, 0x0B88, 0x0B88, 0x0B88, 0x0B88,
    0x54C7, 0x54C7, 0x54C7, 0x54C7, 0x54C7, 0x54C7, 0x54C7, 0x54C7, 0x54E7, 0x54E7, 0x54E7, 0x5507, 0x5507, 0x5507, 0x5507, 0x5527,
    0x5528, 0x5528, 0x5528, 0x5548, 0x5548, 0x5548, 0x5548, 0x5568, 0x5568, 0x5568, 0x5568, 0x5568, 0x5589, 0x5589, 0x5589, 0x5589,
    0x5589, 0x5589, 0x55A9, 0x55A9, 0x55A9, 0x55A9, 0x55A9, 0x55A9, 0x4DA9, 0x4DCA, 0x4DCA, 0x4DCA, 0x4DCA, 0x4DCA, 0x4DCA, 0x4DCA,
    0x4DCA, 0x4DCA, 0x4DCA, 0x4DCA, 0x4DCA, 0x4DCA, 0x4DCA, 0x45CA, 0x45CA, 0x45CA, 0x45CA, 0x45CB, 0x45CB, 0x45CB, 0x45CB, 0x45CB,
    0x45CB, 0x45CB, 0x3DCB, 0x3DAB, 0x3DAB, 0x3DAB, 0x3DAB, 0x3DAB, 0x3DAB, 0x3DAB, 0x3DAB, 0x3D8B, 0x358B, 0x358B, 0x358B, 0x358B,
    0x358B, 0x358B, 0x358B, 0x356B, 0x356B, 0x356B, 0x2D6B, 0x2D6B, 0x2D6B, 0x2D6B, 0x2D6B, 0x2D6B, 0x2D4B, 0x2D4B, 0x2D4B, 0x254B,
    0x254B, 0x254B, 0x254B, 0x254B, 0x252B, 0x252B, 0x252B, 0x252B, 0x252B, 0x1D2B, 0x1D2B, 0x1D2C, 0x1D2C, 0x1D0C, 0x1D0C, 0x14CB,
    0x1C8B, 0xE77D, 0xFFFF, 0xFFFF, 0xFFFF, 0xFFFF, 0xFFFF, 0xFFFF, 0xFFFF, 0xFFFF, 0xFFFF, 0xFFFF, 0xFFFF, 0xFFFF, 0xFFFF, 0xFFFF,
    0xFFFF, 0xE79D, 0x5CCF, 0x7572, 0xA677, 0xBEF9, 0xDF7C, 0xF7DF, 0xFFFF, 0xFFFF, 0xFFFF, 0xFFFF, 0xFFFF, 0xFFFF, 0xFFFF, 0xFFFF,
    0xFFFF, 0xFFDF, 0x34CE, 0x046A, 0x14CC, 0x0CEC, 0x0CEC, 0x0CEC, 0x0CEC, 0x0CEC, 0x0CEC, 0x0CEC, 0x0CEC, 0x0CEC, 0x0CEC, 0x0CEC,
    0x0CEC, 0x0CEC, 0x0CEC, 0x0CEC, 0x0CEC, 0x14EC, 0x04CB, 0x3D6F, 0xE7BD, 0x250D, 0x0CCC, 0x14EC, 0x0CEC, 0x0CEC, 0x0CEC, 0x0CEC,
    0x0CEC, 0x0CEC, 0x0CCC, 0x0CCC, 0x0CCC, 0x0CCC, 0x0CCC, 0x0CCC, 0x0CCC, 0x14CC, 0x048A, 0xA697, 0x9656, 0x048A, 0x14CC, 0x0CAC,
    0x0CAB, 0x0CAB, 0x0CAB, 0x0CAB, 0x0C8B, 0x0C8B, 0x0C8B, 0x0C8B, 0x0C8B, 0x0C8B, 0x0C8B, 0x0C6B, 0x0C6B, 0x0C6B, 0x0C6B, 0x0C4B,
    0x0C4B, 0x0C4A, 0x0C4A, 0x0C4A, 0x0C2A, 0x0C2A, 0x0C2A, 0x0C2A, 0x0C2A, 0x0C0A, 0x0C0A, 0x0C0A, 0x0BEA, 0x0BEA, 0x0BEA, 0x0BE9,
    0x0BC9, 0x0BC9, 0x0BC9, 0x0BC9, 0x0BA9, 0x0BA9, 0x0BA9, 0x0B89, 0x0B89, 0x0B88, 0x0B88, 0x0B88, 0x0B88, 0x0B88, 0x0B88, 0x0B88,
    0x54C7, 0x54C7, 0x54C7, 0x54C7, 0x54C7, 0x54C7, 0x54C7, 0x54C7, 0x54E7, 0x54E7, 0x54E7, 0x54E7, 0x5507, 0x5507, 0x5507, 0x5508,
    0x5528, 0x5528, 0x5528, 0x5528, 0x5548, 0x5548, 0x5548, 0x5548, 0x5568, 0x5568, 0x5568, 0x5569, 0x5569, 0x5589, 0x5589, 0x5589,
    0x5589, 0x5589, 0x5589, 0x5589, 0x55A9, 0x4DA9, 0x4DA9, 0x4DA9, 0x4DA9, 0x4DAA, 0x4DAA, 0x4DAA, 0x4DAA, 0x4DCA, 0x4DCA, 0x4DCA,
    0x4DCA, 0x4DCA, 0x4DCA, 0x4DCA, 0x4DCA, 0x4DCA, 0x45CA, 0x45CA, 0x45CA, 0x45CA, 0x45CA, 0x45CA, 0x45CB, 0x45CB, 0x45CB, 0x45CB,
    0x45CB, 0x3DCB, 0x3DAB, 0x3DAB, 0x3DAB, 0x3DAB, 0x3DAB, 0x3DAB, 0x3DAB, 0x3DAB, 0x3D8B, 0x358B, 0x358B, 0x358B, 0x358B, 0x358B,
    0x358B, 0x358B, 0x356B, 0x356B, 0x356B, 0x2D6B, 0x2D6B, 0x2D6B, 0x2D6B, 0x2D6B, 0x2D6B, 0x2D4B, 0x2D4B, 0x2D4B, 0x254B, 0x254B,
    0x254B, 0x254B, 0x254B, 0x252B, 0x252B, 0x252B, 0x252B, 0x252B, 0x1D2B, 0x1D2B, 0x1D2C, 0x1D2C, 0x1D0C, 0x1D0B, 0x1CEC, 0x0449,
    0x9635, 0xFFFF, 0xFFFF, 0xFFFF, 0xFFFF, 0xFFFF, 0xFFFF, 0xFFFF, 0xFFFF, 0xFFFF, 0xFFFF, 0xFFFF, 0xFFFF, 0xFFFF, 0xFFFF, 0xFFFF,
    0xFFFF, 0xFFDF, 0xFFFF, 0xFFFF, 0xFFFF, 0xFFFF, 0xFFFF, 0xFFFF, 0xFFFF, 0xFFFF, 0xFFFF, 0xFFFF, 0xFFFF, 0xFFFF, 0xFFFF, 0xFFFF,
    0xFFFF, 0xFFFF, 0x4D0F, 0x042A, 0x14CC, 0x0CEC, 0x0CEC, 0x0CEC, 0x0CEC, 0x0CEC, 0x0CEC, 0x0CEC, 0x0CEC, 0x0CEC, 0x0CEC, 0x0CEC,
    0x0CEC, 0x0CEC, 0x0CEC, 0x0CEC, 0x0CEC, 0x14EC, 0x04AA, 0x7E55, 0xC73B, 0x04AB, 0x14EC, 0x0CEC, 0x0CEC, 0x0CEC, 0x0CEC, 0x0CEC,
    0x0CEC, 0x0CEC, 0x0CCC, 0x0CCC, 0x0CCC, 0x0CCC, 0x0CCC, 0x0CCC, 0x0CCC, 0x14CC, 0x048B, 0x5DB2, 0xCEFA, 0x04AB, 0x0CAC, 0x0CAC,
    0x0CAB, 0x0CAB, 0x0CAB, 0x0CAB, 0x0C8B, 0x0C8B, 0x0C8B, 0x0C8B, 0x0C8B, 0x0C8B, 0x0C6B, 0x0C6B, 0x0C6B, 0x0C6B, 0x0C6B, 0x0C4B,
    0x0C4B, 0x0C4A, 0x0C4A, 0x0C4A, 0x0C2A, 0x0C2A, 0x0C2A, 0x0C2A, 0x0C0A, 0x0C0A, 0x0C0A, 0x0C0A, 0x0BEA, 0x0BEA, 0x0BEA, 0x0BE9,
    0x0BC9, 0x0BC9, 0x0BC9, 0x0BA9, 0x0BA9, 0x0BA9, 0x0BA9, 0x0B89, 0x0B89, 0x0B88, 0x0B88, 0x0B88, 0x0B88, 0x0B88, 0x0B88, 0x0B88,
    0x54C7, 0x54C7, 0x54C7, 0x54C7, 0x54C7, 0x54C7, 0x54C7, 0x54C7, 0x54C7, 0x54E7, 0x54E7, 0x54E7, 0x54E7, 0x5507, 0x5507, 0x5508,
    0x5508, 0x5528, 0x5528, 0x5528, 0x5528, 0x5548, 0x5548, 0x5548, 0x5548, 0x5568, 0x5568, 0x5569, 0x5569, 0x5569, 0x5589, 0x5589,
    0x5589, 0x5589, 0x4D89, 0x4D89, 0x4D89, 0x4DA9, 0x4DA9, 0x4DA9, 0x4DA9, 0x4DA9, 0x4DAA, 0x4DAA, 0x4DAA, 0x4DAA, 0x4DAA, 0x4DCA,
    0x4DCA, 0x4DCA, 0x4DCA, 0x4DCA, 0x4DCA, 0x45CA, 0x45CA, 0x45CA, 0x45CA, 0x45CA, 0x45CA, 0x45CA, 0x45CA, 0x45CB, 0x45CB, 0x45CB,
    0x3DCB, 0x3DAB, 0x3DAB, 0x3DAB, 0x3DAB, 0x3DAB, 0x3DAB, 0x3DAB, 0x3DAB, 0x3D8B, 0x358B, 0x358B, 0x358B, 0x358B, 0x358B, 0x358B,
    0x358B, 0x358B, 0x356B, 0x356B, 0x2D6B, 0x2D6B, 0x2D6B, 0x2D6B, 0x2D6B, 0x2D6B, 0x2D4B, 0x2D4B, 0x2D4B, 0x254B, 0x254B, 0x254B,
    0x254B, 0x254B, 0x252B, 0x252B, 0x252B, 0x252B, 0x252B, 0x1D2B, 0x1D2B, 0x1D2C, 0x1D2C, 0x1D0C, 0x1D0C, 0x1D0C, 0x0C8A, 0x3CED,
    0xF7DF, 0xFFFF, 0xFFFF, 0xFFFF, 0xFFFF, 0xFFFF, 0xFFFF, 0xFFFF, 0xFFFF, 0xFFFF, 0xFFFF, 0xFFFF, 0xFFFF, 0xFFFF, 0xFFFF, 0xFFFF,
    0xFFFF, 0xFFFF, 0xFFFF, 0xFFFF, 0xFFFF, 0xFFFF, 0xFFFF, 0xFFFF, 0xFFFF, 0xFFFF, 0xFFFF, 0xFFFF, 0xFFFF, 0xFFFF, 0xFFFF, 0xFFFF,
    0xFFFF, 0xFFFF, 0x6571, 0x0409, 0x14CC, 0x0CCC, 0x0CEC, 0x0CEC, 0x0CEC, 0x0CEC, 0x0CEC, 0x0CEC, 0x0CEC, 0x0CEC, 0x0CEC, 0x0CEC,
    0x0CEC, 0x0CEC, 0x0CEC, 0x0CEC, 0x0CEC, 0x14EC, 0x04AA, 0xAED8, 0x96B7, 0x04AA, 0x14EC, 0x0CEC, 0x0CEC, 0x0CEC, 0x0CEC, 0x0CEC,
    0x0CEC, 0x0CCC, 0x0CCC, 0x0CCC, 0x0CCC, 0x0CCC, 0x0CCC, 0x0CCC, 0x0CCC, 0x14CC, 0x04AB, 0x352E, 0xD71B, 0x1CED, 0x0CAB, 0x0CAC,
    0x0CAB, 0x0CAB, 0x0CAB, 0x0C8B, 0x0C8B, 0x0C8B, 0x0C8B, 0x0C8B, 0x0C8B, 0x0C8B, 0x0C6B, 0x0C6B, 0x0C6B, 0x0C6B, 0x0C4B, 0x0C4B,
    0x0C4B, 0x0C4A, 0x0C4A, 0x0C2A, 0x0C2A, 0x0C2A, 0x0C2A, 0x0C2A, 0x0C0A, 0x0C0A, 0x0C0A, 0x0C0A, 0x0BEA, 0x0BEA, 0x0BE9, 0x0BE9,
    0x0BC9, 0x0BC9, 0x0BC9, 0x0BA9, 0x0BA9, 0x0BA9, 0x0BA9, 0x0B89, 0x0B89, 0x0B88, 0x0B88, 0x0B88, 0x0B88, 0x0B88, 0x0B88, 0x0B88,
    0x54C7, 0x54C7, 0x54C7, 0x54C7, 0x54C7, 0x54C7, 0x4CC7, 0x4CC7, 0x54C7, 0x54C7, 0x54E7, 0x54E7, 0x54E7, 0x54E7, 0x5507, 0x5508,
    0x5508, 0x5508, 0x5528, 0x5528, 0x5528, 0x5528, 0x5548, 0x5548, 0x5548, 0x5548, 0x5568, 0x5568, 0x5569, 0x5569, 0x5569, 0x4D89,
    0x4D89, 0x4D89, 0x4D89, 0x4D89, 0x4D89, 0x4D89, 0x4DA9, 0x4DA9, 0x4DA9, 0x4DA9, 0x4DAA, 0x4DAA, 0x4DAA, 0x4DAA, 0x4DAA, 0x4DAA,
    0x4DCA, 0x4DAA, 0x4DAA, 0x4DAA, 0x45CA, 0x45CA, 0x45CA, 0x45AA, 0x45CA, 0x45CA, 0x45CA, 0x45CA, 0x45CA, 0x45AB, 0x45AB, 0x3DAB,
    0x3DAB, 0x3DAB, 0x3DAB, 0x3DAB, 0x3DAB, 0x3DAB, 0x3DAB, 0x3DAB, 0x3D8B, 0x358B, 0x358B, 0x358B, 0x358B, 0x358B, 0x358B, 0x358B,
    0x358B, 0x356B, 0x356B, 0x2D6B, 0x2D6B, 0x2D6B, 0x2D6B, 0x2D6B, 0x2D6B, 0x2D4B, 0x2D4B, 0x2D4B, 0x254B, 0x254B, 0x254B, 0x254B,
    0x254B, 0x252B, 0x252B, 0x252B, 0x252B, 0x252B, 0x1D2B, 0x1D2B, 0x1D2C, 0x1D2C, 0x1D0C, 0x1D0C, 0x1D0B, 0x1CEB, 0x0C49, 0xBEF9,
    0xFFFF, 0xFFFF, 0xFFFF, 0xFFFF, 0xFFFF, 0xFFFF, 0xFFFF, 0xFFFF, 0xFFFF, 0xFFFF, 0xFFFF, 0xFFFF, 0xFFFF, 0xFFFF, 0xFFFF, 0xFFFF,
    0xFFFF, 0xFFFF, 0xFFFF, 0xFFFF, 0xFFFF, 0xFFFF, 0xFFFF, 0xFFFF, 0xFFFF, 0xFFFF, 0xFFFF, 0xFFFF, 0xFFFF, 0xFFFF, 0xFFFF, 0xFFFF,
    0xFFFF, 0xFFFF, 0x7DB3, 0x0409, 0x14CC, 0x0CCC, 0x0CEC, 0x0CEC, 0x0CEC, 0x0CEC, 0x0CEC, 0x0CEC, 0x0CEC, 0x0CEC, 0x0CEC, 0x0CEC,
    0x0CEC, 0x0CEC, 0x0CEC, 0x0CEC, 0x0CEC, 0x14EC, 0x04AA, 0xBF1A, 0x7E55, 0x04AA, 0x14EC, 0x0CEC, 0x0CEC, 0x0CEC, 0x0CEC, 0x0CEC,
    0x0CCC, 0x0CCC, 0x0CCC, 0x0CCC, 0x0CCC, 0x0CCC, 0x0CCC, 0x0CCC, 0x0CCC, 0x14CC, 0x0CAB, 0x24ED, 0xD6FB, 0x2D0E, 0x0CAB, 0x0CAC,
    0x0CAB, 0x0CAB, 0x0CAB, 0x0C8B, 0x0C8B, 0x0C8B, 0x0C8B, 0x0C8B, 0x0C8B, 0x0C6B, 0x0C6B, 0x0C6B, 0x0C6B, 0x0C6B, 0x0C4B, 0x0C4B,
    0x0C4A, 0x0C4A, 0x0C4A, 0x0C2A, 0x0C2A, 0x0C2A, 0x0C2A, 0x0C2A, 0x0C0A, 0x0C0A, 0x0C0A, 0x0BEA, 0x0BEA, 0x0BEA, 0x0BE9, 0x0BC9,
    0x0BC9, 0x0BC9, 0x0BC9, 0x0BA9, 0x0BA9, 0x0BA9, 0x0BA9, 0x0B89, 0x0B88, 0x0B88, 0x0B88, 0x0B88, 0x0B88, 0x0B88, 0x0B88, 0x0B88,
    0x54C7, 0x54C7, 0x54C7, 0x54C7, 0x54C7, 0x54C7, 0x4CC7, 0x4CC7, 0x4CC7, 0x4CC7, 0x4CC7, 0x4CE7, 0x4CE7, 0x54E7, 0x54E7, 0x5507,
    0x5508, 0x5508, 0x5528, 0x5528, 0x5528, 0x5528, 0x5528, 0x5548, 0x4D48, 0x5548, 0x5548, 0x5548, 0x4D69, 0x4D69, 0x4D69, 0x4D69,
    0x4D69, 0x4D69, 0x4D89, 0x4D89, 0x4D89, 0x4D89, 0x4D89, 0x4D89, 0x4DA9, 0x4DA9, 0x4DAA, 0x4DAA, 0x4DAA, 0x4DAA, 0x4DAA, 0x4DAA,
    0x4DAA, 0x45AA, 0x45AA, 0x45AA, 0x45AA, 0x45AA, 0x45AA, 0x45AA, 0x45AA, 0x45AA, 0x45AA, 0x45AA, 0x45AB, 0x3DAB, 0x3DAB, 0x3DAB,
    0x3DAB, 0x3DAB, 0x3DAB, 0x3DAB, 0x3DAB, 0x3DAB, 0x3DAB, 0x3D8B, 0x358B, 0x358B, 0x358B, 0x358B, 0x358B, 0x358B, 0x358B, 0x358B,
    0x356B, 0x356B, 0x2D6B, 0x2D6B, 0x2D6B, 0x2D6B, 0x2D6B, 0x2D6B, 0x2D4B, 0x2D4B, 0x2D4B, 0x254B, 0x254B, 0x254B, 0x254B, 0x254B,
    0x254B, 0x252B, 0x252B, 0x252B, 0x252B, 0x1D2B, 0x1D2B, 0x1D2C, 0x1D2C, 0x1D0C, 0x1D0C, 0x1D0C, 0x1D0C, 0x0469, 0x6571, 0xFFFF,
    0xFFFF, 0xFFFF, 0xFFFF, 0xFFFF, 0xFFFF, 0xFFFF, 0xFFFF, 0xFFFF, 0xFFFF, 0xFFFF, 0xFFFF, 0xFFFF, 0xFFFF, 0xFFFF, 0xFFFF, 0xFFFF,
    0xFFFF, 0xFFFF, 0xFFFF, 0xFFFF, 0xFFFF, 0xFFFF, 0xFFFF, 0xFFFF, 0xFFFF, 0xFFFF, 0xFFFF, 0xFFFF, 0xFFFF, 0xFFFF, 0xFFFF, 0xFFFF,
    0xFFFF, 0xFFFF, 0x9635, 0x0409, 0x14AC, 0x0CCC, 0x0CEC, 0x0CEC, 0x0CEC, 0x0CEC, 0x0CEC, 0x0CEC, 0x0CEC, 0x0CEC, 0x0CEC, 0x0CEC,
    0x0CEC, 0x0CEC, 0x0CEC, 0x0CEC, 0x0CEC, 0x14EC, 0x04AA, 0xBF1A, 0x8676, 0x04AA, 0x14EC, 0x0CEC, 0x0CEC, 0x0CEC, 0x0CEC, 0x0CCC,
    0x0CCC, 0x0CCC, 0x0CCC, 0x0CCC, 0x0CCC, 0x0CCC, 0x0CCC, 0x0CCC, 0x0CCC, 0x14CC, 0x0CAB, 0x250D, 0xD6FB, 0x24ED, 0x0CAB, 0x0CAC,
    0x0CAB, 0x0CAB, 0x0C8B, 0x0C8B, 0x0C8B, 0x0C8B, 0x0C8B, 0x0C8B, 0x0C8B, 0x0C6B, 0x0C6B, 0x0C6B, 0x0C6B, 0x0C6B, 0x0C4B, 0x0C4B,
    0x0C4A, 0x0C4A, 0x0C2A, 0x0C2A, 0x0C2A, 0x0C2A, 0x0C2A, 0x0C0A, 0x0C0A, 0x0C0A, 0x0C0A, 0x0BEA, 0x0BEA, 0x0BE9, 0x0BE9, 0x0BC9,
    0x0BC9, 0x0BC9, 0x0BA9, 0x0BA9, 0x0BA9, 0x0BA9, 0x0B89, 0x0B89, 0x0B88, 0x0B88, 0x0B88, 0x0B88, 0x0B88, 0x0B88, 0x0B88, 0x0B88,
    0x54C7, 0x54C7, 0x54C7, 0x54C7, 0x54C7, 0x4CC7, 0x4CC7, 0x4CA7, 0x4CA7, 0x4CC7, 0x4CC7, 0x4CC7, 0x4CE7, 0x4CE7, 0x4CE7, 0x4CE7,
    0x4D08, 0x4D08, 0x4D08, 0x4D28, 0x4D28, 0x4D28, 0x4D28, 0x4D28, 0x4D48, 0x4D48, 0x4D48, 0x4D48, 0x4D48, 0x4D69, 0x4D69, 0x4D69,
    0x4D69, 0x4D69, 0x4D69, 0x4D89, 0x4D89, 0x4D89, 0x4D89, 0x4D89, 0x4D89, 0x4D8A, 0x4D8A, 0x4D8A, 0x4DAA, 0x4DAA, 0x4DAA, 0x45AA,
    0x45AA, 0x45AA, 0x45AA, 0x45AA, 0x45AA, 0x45AA, 0x45AA, 0x45AA, 0x45AA, 0x45AA, 0x45AA, 0x45AA, 0x3DAB, 0x3DAB, 0x3DAB, 0x3DAB,
    0x3DAB, 0x3DAB, 0x3DAB, 0x3DAB, 0x3DAB, 0x3DAB, 0x3D8B, 0x358B, 0x358B, 0x358B, 0x358B, 0x358B, 0x358B, 0x358B, 0x358B, 0x356B,
    0x356B, 0x2D6B, 0x2D6B, 0x2D6B, 0x2D6B, 0x2D6B, 0x2D6B, 0x2D4B, 0x2D4B, 0x2D4B, 0x254B, 0x254B, 0x254B, 0x254B, 0x254B, 0x254B,
    0x252B, 0x252B, 0x252B, 0x252B, 0x1D2B, 0x1D2B, 0x1D2C, 0x1D2C, 0x1D0C, 0x1D0C, 0x1D0C, 0x1D0B, 0x14CB, 0x1C8B, 0xE77C, 0xFFFF,
    0xFFFF, 0xFFFF, 0xFFFF, 0xFFFF, 0xFFFF, 0xFFFF, 0xFFFF, 0xFFFF, 0xFFFF, 0xFFFF, 0xFFFF, 0xFFFF, 0xFFFF, 0xFFFF, 0xFFFF, 0xFFFF,
    0xFFFF, 0xFFFF, 0xFFFF, 0xFFFF, 0xFFFF, 0xFFFF, 0xFFFF, 0xFFFF, 0xFFFF, 0xFFFF, 0xFFFF, 0xFFFF, 0xFFFF, 0xFFFF, 0xFFFF, 0xFFFF,
    0xFFFF, 0xFFFF, 0xAE98, 0x03E9, 0x14AC, 0x0CCC, 0x0CEC, 0x0CEC, 0x0CEC, 0x0CEC, 0x0CEC, 0x0CEC, 0x0CEC, 0x0CEC, 0x0CEC, 0x0CEC,
    0x0CEC, 0x0CEC, 0x0CEC, 0x0CEC, 0x0CEC, 0x14EC, 0x04AA, 0x96B7, 0xAED8, 0x04AA, 0x14EC, 0x0CEC, 0x0CEC, 0x0CEC, 0x0CEC, 0x0CCC,
    0x0CCC, 0x0CCC, 0x0CCC, 0x0CCC, 0x0CCC, 0x0CCC, 0x0CCC, 0x0CCC, 0x0CCC, 0x14CC, 0x04AB, 0x454F, 0xCEDA, 0x14CC, 0x0CAB, 0x0CAB,
    0x0CAB, 0x0CAB, 0x0C8B, 0x0C8B, 0x0C8B, 0x0C8B, 0x0C8B, 0x0C8B, 0x0C6B, 0x0C6B, 0x0C6B, 0x0C6B, 0x0C6B, 0x0C4B, 0x0C4B, 0x0C4A,
    0x0C4A, 0x0C4A, 0x0C2A, 0x0C2A, 0x0C2A, 0x0C2A, 0x0C2A, 0x0C0A, 0x0C0A, 0x0C0A, 0x0BEA, 0x0BEA, 0x0BEA, 0x0BE9, 0x0BE9, 0x0BC9,
    0x0BC9, 0x0BC9, 0x0BA9, 0x0BA9, 0x0BA9, 0x0BA9, 0x0B89, 0x0B89, 0x0B88, 0x0B88, 0x0B88, 0x0B88, 0x0B88, 0x0B88, 0x0B88, 0x0B88,
    0x54C7, 0x54C7, 0x54C7, 0x4CC7, 0x4CC7, 0x4CC7, 0x4CA7, 0x4CA7, 0x4CA7, 0x4CC7, 0x4CC7, 0x4CC7, 0x4CC7, 0x4CE7, 0x4CE7, 0x4CE7,
    0x4D08, 0x4D08, 0x4D08, 0x4D08, 0x4D08, 0x4D28, 0x4D28, 0x4D28, 0x4D28, 0x4D48, 0x4D48, 0x4D48, 0x4D49, 0x4D69, 0x4D69, 0x4D69,
    0x4D69, 0x4D69, 0x4D69, 0x4D69, 0x4D89, 0x4D89, 0x4D89, 0x4D89, 0x4D89, 0x4D8A, 0x4D8A, 0x4D8A, 0x4D8A, 0x4DAA, 0x45AA, 0x45AA,
    0x45AA, 0x45AA, 0x45AA, 0x45AA, 0x45AA, 0x45AA, 0x45AA, 0x45AA, 0x45AA, 0x45AA, 0x45AA, 0x3DAB, 0x3DAB, 0x3DAB, 0x3DAB, 0x3DAB,
    0x3DAB, 0x3DAB, 0x3DAB, 0x3DAB, 0x3DAB, 0x3D8B, 0x358B, 0x358B, 0x358B, 0x358B, 0x358B, 0x358B, 0x358B, 0x358B, 0x356B, 0x2D6B,
    0x2D6B, 0x2D6B, 0x2D6B, 0x2D6B, 0x2D6B, 0x2D6B, 0x2D4B, 0x2D4B, 0x2D4B, 0x254B, 0x254B, 0x254B, 0x254B, 0x254B, 0x254B, 0x252B,
    0x252B, 0x252B, 0x252B, 0x1D2B, 0x1D2B, 0x1D2C, 0x1D2C, 0x1D0C, 0x1D0C, 0x1D0C, 0x1D0B, 0x1CEC, 0x0449, 0x8E35, 0xFFFF, 0xFFFF,
    0xFFFF, 0xFFFF, 0xFFFF, 0xFFFF, 0xFFFF, 0xFFFF, 0xFFFF, 0xFFFF, 0xFFFF, 0xFFFF, 0xFFFF, 0xFFFF, 0xFFFF, 0xFFFF, 0xFFFF, 0xFFFF,
    0xFFFF, 0xFFFF, 0xFFFF, 0xFFFF, 0xFFFF, 0xFFFF, 0xFFFF, 0xFFFF, 0xFFFF, 0xFFFF, 0xFFFF, 0xFFFF, 0xFFFF, 0xFFFF, 0xFFFF, 0xFFFF,
    0xFFFF, 0xFFFF, 0xC6FA, 0x0409, 0x14AB, 0x0CCC, 0x0CEC, 0x0CEC, 0x0CEC, 0x0CEC, 0x0CEC, 0x0CEC, 0x0CEC, 0x0CEC, 0x0CEC, 0x0CEC,
    0x0CEC, 0x0CEC, 0x0CEC, 0x0CEC, 0x0CEC, 0x14EC, 0x04AB, 0x65F3, 0xD77C, 0x04CB, 0x14EC, 0x0CEC, 0x0CEC, 0x0CEC, 0x0CCC, 0x0CCC,
    0x0CCC, 0x0CCC, 0x0CCC, 0x0CCC, 0x0CCC, 0x0CCC, 0x0CCC, 0x0CCC, 0x0CCC, 0x14CC, 0x048A, 0x75D3, 0xB698, 0x048A, 0x14AC, 0x0CAB,
    0x0CAB, 0x0C8B, 0x0C8B, 0x0C8B, 0x0C8B, 0x0C8B, 0x0C8B, 0x0C8B, 0x0C6B, 0x0C6B, 0x0C6B, 0x0C6B, 0x0C6B, 0x0C4B, 0x0C4B, 0x0C4A,
    0x0C4A, 0x0C4A, 0x0C2A, 0x0C2A, 0x0C2A, 0x0C2A, 0x0C0A, 0x0C0A, 0x0C0A, 0x0C0A, 0x0BEA, 0x0BEA, 0x0BE9, 0x0BE9, 0x0BC9, 0x0BC9,
    0x0BC9, 0x0BC9, 0x0BA9, 0x0BA9, 0x0BA9, 0x0B89, 0x0B89, 0x0B88, 0x0B88, 0x0B88, 0x0B88, 0x0B88, 0x0B88, 0x0B88, 0x0B88, 0x0B88,
    0x54C7, 0x54C7, 0x4CC7, 0x4CC7, 0x4CC7, 0x4CA7, 0x4CA7, 0x4CA7, 0x4CA7, 0x4CA7, 0x4CC7, 0x4CC7, 0x4CC7, 0x4CC7, 0x4CE7, 0x4CE7,
    0x4CE8, 0x4D08, 0x4D08, 0x4D08, 0x4D08, 0x4D08, 0x4D28, 0x4D28, 0x4D28, 0x4D28, 0x4D48, 0x4D48, 0x4D48, 0x4D49, 0x4D49, 0x4D69,
    0x4D69, 0x4D69, 0x4D69, 0x4D69, 0x4D69, 0x4D69, 0x4D89, 0x4D89, 0x4D89, 0x4D89, 0x458A, 0x4D8A, 0x458A, 0x458A, 0x458A, 0x458A,
    0x458A, 0x458A, 0x45AA, 0x45AA, 0x45AA, 0x45AA, 0x45AA, 0x45AA, 0x45AA, 0x45AA, 0x45AA, 0x3DAB, 0x3DAB, 0x3DAB, 0x3DAB, 0x3DAB,
    0x3DAB, 0x3DAB, 0x3D8B, 0x3DAB, 0x3D8B, 0x358B, 0x358B, 0x358B, 0x358B, 0x358B, 0x358B, 0x358B, 0x356B, 0x356B, 0x2D6B, 0x2D6B,
    0x2D6B, 0x2D6B, 0x2D6B, 0x2D6B, 0x2D6B, 0x2D4B, 0x2D4B, 0x2D4B, 0x2D4B, 0x254B, 0x254B, 0x254B, 0x254B, 0x252B, 0x252B, 0x252B,
    0x252B, 0x252B, 0x1D2B, 0x1D2B, 0x1D2C, 0x1D0C, 0x1D0C, 0x1D0C, 0x1D0C, 0x1D0C, 0x1CEC, 0x0C8A, 0x34CD, 0xF7DE, 0xFFFF, 0xFFFF,
    0xFFFF, 0xFFFF, 0xFFFF, 0xFFFF, 0xFFFF, 0xFFFF, 0xFFFF, 0xFFFF, 0xFFFF, 0xFFFF, 0xFFFF, 0xFFFF, 0xFFFF, 0xFFFF, 0xFFFF, 0xFFFF,
    0xFFFF, 0xFFFF, 0xFFFF, 0xFFFF, 0xFFFF, 0xFFFF, 0xFFFF, 0xFFFF, 0xFFFF, 0xFFFF, 0xFFFF, 0xFFFF, 0xFFFF, 0xFFFF, 0xFFFF, 0xFFFF,
    0xFFFF, 0xFFFF, 0xD75C, 0x0C2A, 0x0C8B, 0x14CC, 0x0CEC, 0x0CEC, 0x0CEC, 0x0CEC, 0x0CEC, 0x0CEC, 0x0CEC, 0x0CEC, 0x0CEC, 0x0CEC,
    0x0CEC, 0x0CEC, 0x0CEC, 0x0CEC, 0x0CEC, 0x14EC, 0x0CCC, 0x1D0D, 0xE7BD, 0x4590, 0x04AB, 0x14EC, 0x0CEC, 0x0CCC, 0x0CCC, 0x0CCC,
    0x0CCC, 0x0CCC, 0x0CCC, 0x0CCC, 0x0CCC, 0x0CCC, 0x0CCC, 0x0CCC, 0x0CCC, 0x14CC, 0x048B, 0xBE99, 0x6DB3, 0x046A, 0x14AC, 0x0CAB,
    0x0C8B, 0x0C8B, 0x0C8B, 0x0C8B, 0x0C8B, 0x0C8B, 0x0C8B, 0x0C6B, 0x0C6B, 0x0C6B, 0x0C6B, 0x0C6B, 0x0C4B, 0x0C4B, 0x0C4A, 0x0C4A,
    0x0C4A, 0x0C2A, 0x0C2A, 0x0C2A, 0x0C2A, 0x0C2A, 0x0C0A, 0x0C0A, 0x0C0A, 0x0C0A, 0x0BEA, 0x0BEA, 0x0BE9, 0x0BE9, 0x0BC9, 0x0BC9,
    0x0BC9, 0x0BA9, 0x0BA9, 0x0BA9, 0x0BA9, 0x0B89, 0x0B89, 0x0B88, 0x0B88, 0x0B88, 0x0B88, 0x0B88, 0x0B88, 0x0B88, 0x0B88, 0x0B88,
    0x54C7, 0x4CC7, 0x4CC7, 0x4CC7, 0x4CA7, 0x4CA7, 0x4CA7, 0x4CA7, 0x4CA7, 0x4CA7, 0x4CA7, 0x4CC7, 0x4CC7, 0x4CC7, 0x4CC7, 0x4CE7,
    0x4CE7, 0x4CE8, 0x4CE8, 0x4D08, 0x4D08, 0x4D08, 0x4D08, 0x4D28, 0x4D28, 0x4D28, 0x4D28, 0x4D28, 0x4D48, 0x4D49, 0x4D49, 0x4D49,
    0x4D49, 0x4D49, 0x4D69, 0x4D69, 0x4D69, 0x4D69, 0x4D69, 0x4D69, 0x4569, 0x4D89, 0x4589, 0x458A, 0x458A, 0x458A, 0x458A, 0x458A,
    0x458A, 0x458A, 0x458A, 0x458A, 0x458A, 0x458A, 0x458A, 0x45AA, 0x3DAA, 0x3DAA, 0x3D8A, 0x3D8A, 0x3D8B, 0x3DAB, 0x3DAB, 0x3DAB,
    0x3DAB, 0x3D8B, 0x3D8B, 0x3D8B, 0x358B, 0x358B, 0x358B, 0x358B, 0x358B, 0x358B, 0x358B, 0x356B, 0x356B, 0x2D6B, 0x2D6B, 0x2D6B,
    0x2D6B, 0x2D6B, 0x2D6B, 0x2D4B, 0x2D4B, 0x2D4B, 0x2D4B, 0x254B, 0x254B, 0x254B, 0x254B, 0x254B, 0x252B, 0x252B, 0x252B, 0x252B,
    0x252B, 0x1D2B, 0x1D2B, 0x1D2C, 0x1D0C, 0x1D0C, 0x1D0C, 0x1D0C, 0x1D0C, 0x1D0C, 0x1CEB, 0x0C49, 0xBED9, 0xFFFF, 0xFFFF, 0xFFFF,
    0xFFFF, 0xFFFF, 0xFFFF, 0xFFFF, 0xFFFF, 0xFFFF, 0xFFFF, 0xFFFF, 0xFFFF, 0xFFFF, 0xFFFF, 0xFFFF, 0xFFFF, 0xFFFF, 0xFFFF, 0xFFFF,
    0xFFFF, 0xFFFF, 0xFFFF, 0xFFFF, 0xFFFF, 0xFFFF, 0xFFFF, 0xFFFF, 0xFFFF, 0xFFFF, 0xFFFF, 0xFFFF, 0xFFFF, 0xFFFF, 0xFFFF, 0xFFFF,
    0xFFFF, 0xFFFF, 0xE79D, 0x1C4B, 0x0C6B, 0x14CC, 0x0CEC, 0x0CEC, 0x0CEC, 0x0CEC, 0x0CEC, 0x0CEC, 0x0CEC, 0x0CEC, 0x0CEC, 0x0CEC,
    0x0CEC, 0x0CEC, 0x0CEC, 0x0CEC, 0x0CEC, 0x0CEC, 0x14EC, 0x04AA, 0xA6D8, 0xBF1A, 0x048A, 0x14EC, 0x0CCC, 0x0CCC, 0x0CCC, 0x0CCC,
    0x0CCC, 0x0CCC, 0x0CCC, 0x0CCC, 0x0CCC, 0x0CCC, 0x0CCC, 0x0CCC, 0x14CC, 0x048A, 0x4550, 0xDEFB, 0x1CCC, 0x0CAB, 0x0CAB, 0x0CAB,
    0x0C8B, 0x0C8B, 0x0C8B, 0x0C8B, 0x0C8B, 0x0C8B, 0x0C6B, 0x0C6B, 0x0C6B, 0x0C6B, 0x0C6B, 0x0C4B, 0x0C4B, 0x0C4B, 0x0C4A, 0x0C4A,
    0x0C4A, 0x0C2A, 0x0C2A, 0x0C2A, 0x0C2A, 0x0C0A, 0x0C0A, 0x0C0A, 0x0C0A, 0x0C0A, 0x0BEA, 0x0BE9, 0x0BE9, 0x0BC9, 0x0BC9, 0x0BC9,
    0x0BC9, 0x0BA9, 0x0BA9, 0x0BA9, 0x0B89, 0x0B89, 0x0B89, 0x0B88, 0x0B88, 0x0B88, 0x0B88, 0x0B88, 0x0B88, 0x0B88, 0x0B88, 0x0B88,
    0x4CC7, 0x4CC7, 0x4CC7, 0x4CA7, 0x4CA7, 0x4CA7, 0x4CA7, 0x4CA7, 0x4CA7, 0x4CA7, 0x4CA7, 0x4CA7, 0x4CC7, 0x4CC7, 0x4CC7, 0x4CC7,
    0x4CE7, 0x4CE8, 0x4CE8, 0x4CE8, 0x4D08, 0x4D08, 0x4D08, 0x4D08, 0x4D28, 0x4D28, 0x4D28, 0x4D28, 0x4D28, 0x4D48, 0x4D49, 0x4D49,
    0x4D49, 0x4D49, 0x4D49, 0x4D69, 0x4D69, 0x4D69, 0x4569, 0x4569, 0x4569, 0x4569, 0x4569, 0x458A, 0x458A, 0x458A, 0x458A, 0x458A,
    0x458A, 0x458A, 0x458A, 0x458A, 0x458A, 0x458A, 0x458A, 0x3D8A, 0x3D8A, 0x3D8A, 0x3D8A, 0x3D8A, 0x3D8A, 0x3D8B, 0x3D8B, 0x3D8B,
    0x3D8B, 0x3D8B, 0x3D8B, 0x358B, 0x358B, 0x358B, 0x358B, 0x358B, 0x358B, 0x358B, 0x356B, 0x356B, 0x2D6B, 0x2D6B, 0x2D6B, 0x2D6B,
    0x2D6B, 0x2D6B, 0x2D6B, 0x2D4B, 0x2D4B, 0x2D4B, 0x254B, 0x254B, 0x254B, 0x254B, 0x254B, 0x252B, 0x252B, 0x252B, 0x252B, 0x252B,
    0x1D2B, 0x1D2B, 0x1D2C, 0x1D0C, 0x1D0C, 0x1D0C, 0x1D0C, 0x1D0C, 0x1D0C, 0x1CEC, 0x0469, 0x5D71, 0xFFFF, 0xFFFF, 0xFFFF, 0xFFFF,
    0xFFFF, 0xFFFF, 0xFFFF, 0xFFFF, 0xFFFF, 0xFFFF, 0xFFFF, 0xFFFF, 0xFFFF, 0xFFFF, 0xFFFF, 0xFFFF, 0xFFFF, 0xFFFF, 0xFFFF, 0xFFFF,
    0xFFFF, 0xFFFF, 0xFFFF, 0xFFFF, 0xFFFF, 0xFFFF, 0xFFFF, 0xFFFF, 0xFFFF, 0xFFFF, 0xFFFF, 0xFFFF, 0xFFFF, 0xFFFF, 0xFFFF, 0xFFFF,
    0xFFFF, 0xFFFF, 0xF7DE, 0x2C8C, 0x044A, 0x14CC, 0x0CEC, 0x0CEC, 0x0CEC, 0x0CEC, 0x0CEC, 0x0CEC, 0x0CEC, 0x0CEC, 0x0CEC, 0x0CEC,
    0x0CEC, 0x0CEC, 0x0CEC, 0x0CEC, 0x0CEC, 0x0CEC, 0x14EC, 0x0CCC, 0x250D, 0xF7DE, 0x55D2, 0x048A, 0x14ED, 0x0CCC, 0x0CCC, 0x0CCC,
    0x0CCC, 0x0CCC, 0x0CCC, 0x0CCC, 0x0CCC, 0x0CCC, 0x0CCC, 0x14CC, 0x0CAB, 0x0CAB, 0xCEDA, 0x6DB3, 0x046A, 0x14AC, 0x0CAB, 0x0C8B,
    0x0C8B, 0x0C8B, 0x0C8B, 0x0C8B, 0x0C8B, 0x0C8B, 0x0C6B, 0x0C6B, 0x0C6B, 0x0C6B, 0x0C6B, 0x0C4B, 0x0C4B, 0x0C4A, 0x0C4A, 0x0C4A,
    0x0C2A, 0x0C2A, 0x0C2A, 0x0C2A, 0x0C2A, 0x0C0A, 0x0C0A, 0x0C0A, 0x0C0A, 0x0BEA, 0x0BEA, 0x0BE9, 0x0BE9, 0x0BC9, 0x0BC9, 0x0BC9,
    0x0BA9, 0x0BA9, 0x0BA9, 0x0BA9, 0x0B89, 0x0B89, 0x0B88, 0x0B88, 0x0B88, 0x0B88, 0x0B88, 0x0B88, 0x0B88, 0x0B88, 0x0B88, 0x0B88,
    0x4CC7, 0x4CC7, 0x4CA7, 0x4CA7, 0x4CA7, 0x4CA7, 0x4CA7, 0x4CA7, 0x4CA7, 0x4CA7, 0x4CA7, 0x4CA7, 0x4CA7, 0x4CC7, 0x4CC7, 0x4CC7,
    0x4CC7, 0x4CE8, 0x4CE8, 0x4CE8, 0x4CE8, 0x4D08, 0x4D08, 0x4D08, 0x4D08, 0x4D28, 0x4D28, 0x4D28, 0x4D28, 0x4D28, 0x4D49, 0x4D49,
    0x4D49, 0x4D49, 0x4D49, 0x4549, 0x4569, 0x4569, 0x4569, 0x4569, 0x4569, 0x4569, 0x456A, 0x456A, 0x456A, 0x458A, 0x458A, 0x458A,
    0x458A, 0x458A, 0x458A, 0x458A, 0x3D8A, 0x3D8A, 0x3D8A, 0x3D8A, 0x3D8A, 0x3D8A, 0x3D8A, 0x3D8A, 0x3D8A, 0x3D8B, 0x3D8B, 0x3D8B,
    0x3D8B, 0x3D8B, 0x358B, 0x358B, 0x358B, 0x358B, 0x358B, 0x358B, 0x358B, 0x356B, 0x356B, 0x2D6B, 0x2D6B, 0x2D6B, 0x2D6B, 0x2D6B,
    0x2D6B, 0x2D6B, 0x2D4B, 0x2D4B, 0x2D4B, 0x254B, 0x254B, 0x254B, 0x254B, 0x254B, 0x252B, 0x252B, 0x252B, 0x252B, 0x252B, 0x1D2B,
    0x1D2B, 0x1D2C, 0x1D0C, 0x1D0C, 0x1D0C, 0x1D0C, 0x1D0C, 0x1D0C, 0x1CEC, 0x14AB, 0x146B, 0xDF7C, 0xFFFF, 0xFFFF, 0xFFFF, 0xFFFF,
    0xFFFF, 0xFFFF, 0xFFFF, 0xFFFF, 0xFFFF, 0xFFFF, 0xFFFF, 0xFFFF, 0xFFFF, 0xFFFF, 0xFFFF, 0xFFFF, 0xFFFF, 0xFFFF, 0xFFFF, 0xFFFF,
    0xFFFF, 0xFFFF, 0xFFFF, 0xFFFF, 0xFFFF, 0xFFFF, 0xFFFF, 0xFFFF, 0xFFFF, 0xFFFF, 0xFFFF, 0xFFFF, 0xFFFF, 0xFFFF, 0xFFFF, 0xFFFF,
    0xFFFF, 0xFFFF, 0xFFFF, 0x44CE, 0x044A, 0x14CC, 0x0CEC, 0x0CEC, 0x0CEC, 0x0CEC, 0x0CEC, 0x0CEC, 0x0CEC, 0x0CEC, 0x0CEC, 0x0CEC,
    0x0CEC, 0x0CEC, 0x0CEC, 0x0CEC, 0x0CEC, 0x0CEC, 0x0CEC, 0x14EC, 0x04AB, 0x5DD2, 0xFFFF, 0x354F, 0x048A, 0x14EC, 0x14EC, 0x0CCC,
    0x0CCC, 0x0CCC, 0x0CCC, 0x0CCC, 0x0CCC, 0x14CC, 0x14CC, 0x0CAB, 0x048A, 0xAE78, 0xAE77, 0x048A, 0x14AC, 0x0CAB, 0x0C8B, 0x0C8B,
    0x0C8B, 0x0C8B, 0x0C8B, 0x0C8B, 0x0C8B, 0x0C6B, 0x0C6B, 0x0C6B, 0x0C6B, 0x0C6B, 0x0C4B, 0x0C4B, 0x0C4A, 0x0C4A, 0x0C4A, 0x0C4A,
    0x0C2A, 0x0C2A, 0x0C2A, 0x0C2A, 0x0C0A, 0x0C0A, 0x0C0A, 0x0C0A, 0x0BEA, 0x0BEA, 0x0BEA, 0x0BE9, 0x0BC9, 0x0BC9, 0x0BC9, 0x0BC9,
    0x0BA9, 0x0BA9, 0x0BA9, 0x0B89, 0x0B89, 0x0B89, 0x0B88, 0x0B88, 0x0B88, 0x0B88, 0x0B88, 0x0B88, 0x0B88, 0x0B88, 0x0B88, 0x0B88,
    0x4CC7, 0x4CA7, 0x4CA7, 0x4CA7, 0x4CA7, 0x4CA7, 0x4CA7, 0x4CA7, 0x4CA7, 0x4CA7, 0x4CA7, 0x4CA7, 0x4CA7, 0x4CA7, 0x4CC7, 0x4CC7,
    0x4CC7, 0x4CC8, 0x4CE8, 0x4CE8, 0x4CE8, 0x4CE8, 0x4D08, 0x4D08, 0x4D08, 0x4D08, 0x4D28, 0x4D28, 0x4D28, 0x4D29, 0x4529, 0x4529,
    0x4549, 0x4549, 0x4549, 0x4549, 0x4549, 0x4549, 0x4569, 0x4569, 0x4569, 0x4569, 0x4569, 0x456A, 0x456A, 0x456A, 0x456A, 0x456A,
    0x458A, 0x458A, 0x458A, 0x458A, 0x3D8A, 0x3D8A, 0x3D8A, 0x3D8A, 0x3D8A, 0x3D8A, 0x3D8A, 0x3D8A, 0x3D8B, 0x3D8B, 0x3D8B, 0x3D8B,
    0x358B, 0x358B, 0x358B, 0x358B, 0x358B, 0x358B, 0x358B, 0x358B, 0x356B, 0x356B, 0x2D6B, 0x2D6B, 0x2D6B, 0x2D6B, 0x2D6B, 0x2D6B,
    0x2D6B, 0x2D4B, 0x2D4B, 0x2D4B, 0x254B, 0x254B, 0x254B, 0x254B, 0x254B, 0x252B, 0x252B, 0x252B, 0x252B, 0x252B, 0x1D2B, 0x1D2B,
    0x1D2C, 0x1D2C, 0x1D0C, 0x1D0C, 0x1D0C, 0x1D0C, 0x1D0C, 0x150C, 0x1CEC, 0x0449, 0x8614, 0xFFFF, 0xFFFF, 0xFFFF, 0xFFFF, 0xFFFF,
    0xFFFF, 0xFFFF, 0xFFFF, 0xFFFF, 0xFFFF, 0xFFFF, 0xFFFF, 0xFFFF, 0xFFFF, 0xFFFF, 0xFFFF, 0xFFFF, 0xFFFF, 0xFFFF, 0xFFFF, 0xFFFF,
    0xFFFF, 0xFFFF, 0xFFFF, 0xFFFF, 0xFFFF, 0xFFFF, 0xFFFF, 0xFFFF, 0xFFFF, 0xFFFF, 0xFFFF, 0xFFFF, 0xFFFF, 0xFFFF, 0xFFFF, 0xFFFF,
    0xFFFF, 0xFFFF, 0xFFFF, 0x5530, 0x0429, 0x14CC, 0x0CEC, 0x0CEC, 0x0CEC, 0x0CEC, 0x0CEC, 0x0CEC, 0x0CEC, 0x0CEC, 0x0CEC, 0x0CEC,
    0x0CEC, 0x0CEC, 0x0CEC, 0x0CEC, 0x0CEC, 0x0CEC, 0x0CEC, 0x0CEC, 0x14EC, 0x048A, 0x7E55, 0xF7DE, 0x55B1, 0x048A, 0x04AB, 0x14CC,
    0x14EC, 0x14CC, 0x14CC, 0x14CC, 0x14CC, 0x0CAB, 0x048A, 0x1CCC, 0xB698, 0xC6B9, 0x14AC, 0x0CAB, 0x14AB, 0x0CAB, 0x0C8B, 0x0C8B,
    0x0C8B, 0x0C8B, 0x0C8B, 0x0C8B, 0x0C8B, 0x0C6B, 0x0C6B, 0x0C6B, 0x0C6B, 0x0C6B, 0x0C4B, 0x0C4B, 0x0C4A, 0x0C4A, 0x0C4A, 0x0C2A,
    0x0C2A, 0x0C2A, 0x0C2A, 0x0C2A, 0x0C0A, 0x0C0A, 0x0C0A, 0x0C0A, 0x0BEA, 0x0BEA, 0x0BE9, 0x0BE9, 0x0BC9, 0x0BC9, 0x0BC9, 0x0BA9,
    0x0BA9, 0x0BA9, 0x0BA9, 0x0B89, 0x0B89, 0x0B88, 0x0B88, 0x0B88, 0x0B88, 0x0B88, 0x0B88, 0x0B88, 0x0B88, 0x0B88, 0x0B88, 0x0B88,
    0x4CA7, 0x4CA7, 0x4CA7, 0x4CA7, 0x4CA7, 0x4CA7, 0x4CA7, 0x4CA7, 0x4CA7, 0x4CA7, 0x4C87, 0x4CA7, 0x4CA7, 0x4CA7, 0x4CA7, 0x4CC7,
    0x4CC7, 0x4CC8, 0x4CE8, 0x4CE8, 0x4CE8, 0x4CE8, 0x4CE8, 0x4D08, 0x4D08, 0x4D08, 0x4D08, 0x4528, 0x4528, 0x4529, 0x4529, 0x4529,
    0x4529, 0x4549, 0x4549, 0x4549, 0x4549, 0x4549, 0x4549, 0x4569, 0x4549, 0x4569, 0x4569, 0x456A, 0x456A, 0x456A, 0x456A, 0x456A,
    0x456A, 0x456A, 0x3D6A, 0x3D8A, 0x3D8A, 0x3D8A, 0x3D8A, 0x3D8A, 0x3D8A, 0x3D8A, 0x3D8A, 0x3D8B, 0x3D8B, 0x3D8B, 0x3D8B, 0x358B,
    0x358B, 0x358B, 0x358B, 0x358B, 0x358B, 0x356B, 0x356B, 0x356B, 0x356B, 0x356B, 0x2D6B, 0x2D6B, 0x2D6B, 0x2D6B, 0x2D6B, 0x2D6B,
    0x2D4B, 0x2D4B, 0x2D4B, 0x254B, 0x254B, 0x254B, 0x254B, 0x254B, 0x252B, 0x252B, 0x252B, 0x252B, 0x252B, 0x1D2B, 0x1D2B, 0x1D2C,
    0x1D2C, 0x1D0C, 0x1D0C, 0x1D0C, 0x1D0C, 0x1D0C, 0x1D0C, 0x1CEC, 0x0C8A, 0x34CD, 0xF7DE, 0xFFFF, 0xFFFF, 0xFFFF, 0xFFFF, 0xFFFF,
    0xFFFF, 0xFFFF, 0xFFFF, 0xFFFF, 0xFFFF, 0xFFFF, 0xFFFF, 0xFFFF, 0xFFFF, 0xFFFF, 0xFFFF, 0xFFFF, 0xFFFF, 0xFFFF, 0xFFFF, 0xFFFF,
    0xFFFF, 0xFFFF, 0xFFFF, 0xFFFF, 0xFFFF, 0xFFFF, 0xFFFF, 0xFFFF, 0xFFFF, 0xFFFF, 0xFFFF, 0xFFFF, 0xFFFF, 0xFFFF, 0xFFFF, 0xFFFF,
    0xFFFF, 0xFFFF, 0xFFFF, 0x75B3, 0x0409, 0x14CC, 0x0CEC, 0x0CEC, 0x0CEC, 0x0CEC, 0x0CEC, 0x0CEC, 0x0CEC, 0x0CEC, 0x0CEC, 0x0CEC,
    0x0CEC, 0x0CEC, 0x0CEC, 0x0CEC, 0x0CEC, 0x0CEC, 0x0CEC, 0x0CEC, 0x0CCC, 0x14EC, 0x048A, 0x5DD2, 0xE7BD, 0xAEF9, 0x3D6F, 0x0CAB,
    0x048A, 0x048A, 0x048A, 0x048A, 0x048A, 0x1CED, 0x7DF4, 0xDF1C, 0x9E36, 0x0C8B, 0x0CAB, 0x14AB, 0x0CAB, 0x0C8B, 0x0C8B, 0x0C8B,
    0x0C8B, 0x0C8B, 0x0C8B, 0x0C8B, 0x0C6B, 0x0C6B, 0x0C6B, 0x0C6B, 0x0C6B, 0x0C4B, 0x0C4B, 0x0C4A, 0x0C4A, 0x0C4A, 0x0C2A, 0x0C2A,
    0x0C2A, 0x0C2A, 0x0C2A, 0x0C0A, 0x0C0A, 0x0C0A, 0x0C0A, 0x0BEA, 0x0BEA, 0x0BEA, 0x0BE9, 0x0BC9, 0x0BC9, 0x0BC9, 0x0BC9, 0x0BA9,
    0x0BA9, 0x0BA9, 0x0BA9, 0x0B89, 0x0B89, 0x0B88, 0x0B88, 0x0B88, 0x0B88, 0x0B88, 0x0B88, 0x0B88, 0x0B88, 0x0B88, 0x0B88, 0x0B88,
    0x4CA7, 0x4CA7, 0x4CA7, 0x4CA7, 0x4CA7, 0x4CA7, 0x4CA7, 0x4CA7, 0x4CA7, 0x4487, 0x4487, 0x4487, 0x44A7, 0x44A7, 0x44A7, 0x44C7,
    0x44C7, 0x44C7, 0x44C8, 0x44C8, 0x44E8, 0x44E8, 0x44E8, 0x44E8, 0x4508, 0x4508, 0x4508, 0x4508, 0x4528, 0x4528, 0x4529, 0x4529,
    0x4529, 0x4529, 0x4529, 0x4549, 0x4549, 0x4549, 0x4549, 0x4549, 0x4549, 0x4549, 0x4569, 0x4569, 0x456A, 0x456A, 0x456A, 0x3D6A,
    0x3D6A, 0x3D6A, 0x3D6A, 0x3D6A, 0x3D6A, 0x3D6A, 0x3D6A, 0x3D8A, 0x3D8A, 0x3D8A, 0x3D6A, 0x3D6B, 0x3D8B, 0x3D8B, 0x356B, 0x356B,
    0x356B, 0x356B, 0x356B, 0x356B, 0x358B, 0x356B, 0x356B, 0x356B, 0x356B, 0x2D6B, 0x2D6B, 0x2D6B, 0x2D6B, 0x2D6B, 0x2D6B, 0x2D4B,
    0x2D4B, 0x2D4B, 0x2D4B, 0x254B, 0x254B, 0x254B, 0x254B, 0x252B, 0x252B, 0x252B, 0x252B, 0x252B, 0x1D2B, 0x1D2B, 0x1D2C, 0x1D2C,
    0x1D0C, 0x1D0C, 0x1D0C, 0x1D0C, 0x1D0C, 0x1D0C, 0x14EC, 0x1CEB, 0x0429, 0xB6B8, 0xFFFF, 0xFFFF, 0xFFFF, 0xFFFF, 0xFFFF, 0xFFFF,
    0xFFFF, 0xFFFF, 0xFFFF, 0xFFFF, 0xFFFF, 0xFFFF, 0xFFFF, 0xFFFF, 0xFFFF, 0xFFFF, 0xFFFF, 0xFFFF, 0xFFFF, 0xFFFF, 0xFFFF, 0xFFFF,
    0xFFFF, 0xFFFF, 0xFFFF, 0xFFFF, 0xFFFF, 0xFFFF, 0xFFFF, 0xFFFF, 0xFFFF, 0xFFFF, 0xFFFF, 0xFFFF, 0xFFFF, 0xFFFF, 0xFFFF, 0xFFFF,
    0xF7BE, 0xDF5C, 0xC6FA, 0x5D51, 0x042A, 0x14CC, 0x0CEC, 0x0CEC, 0x0CEC, 0x0CEC, 0x0CEC, 0x0CEC, 0x0CEC, 0x0CEC, 0x0CEC, 0x0CEC,
    0x0CEC, 0x0CEC, 0x0CEC, 0x0CEC, 0x0CEC, 0x0CEC, 0x0CEC, 0x0CCC, 0x0CCC, 0x0CCC, 0x14EC, 0x04AB, 0x250D, 0x9EB7, 0xDF7D, 0xCF3B,
    0xA698, 0x8635, 0x7E14, 0x9656, 0xBEB9, 0xDF1B, 0xBEB9, 0x4D70, 0x048A, 0x0CAB, 0x14AB, 0x0CAB, 0x0C8B, 0x0C8B, 0x0C8B, 0x0C8B,
    0x0C8B, 0x0C8B, 0x0C8B, 0x0C6B, 0x0C6B, 0x0C6B, 0x0C6B, 0x0C6B, 0x0C6B, 0x0C4B, 0x0C4B, 0x0C4A, 0x0C4A, 0x0C4A, 0x0C2A, 0x0C2A,
    0x0C2A, 0x0C2A, 0x0C2A, 0x0C0A, 0x0C0A, 0x0C0A, 0x0C0A, 0x0BEA, 0x0BEA, 0x0BE9, 0x0BE9, 0x0BC9, 0x0BC9, 0x0BC9, 0x0BA9, 0x0BA9,
    0x0BA9, 0x0BA9, 0x0B89, 0x0B89, 0x0B88, 0x0B88, 0x0B88, 0x0B88, 0x0B88, 0x0B88, 0x0B88, 0x0B88, 0x0B88, 0x0B88, 0x0B88, 0x0B88,
    0x4CA7, 0x4CA7, 0x4CA7, 0x4CA7, 0x4CA7, 0x4CA7, 0x4CA7, 0x4CA7, 0x4487, 0x4487, 0x4487, 0x4487, 0x4487, 0x4487, 0x44A7, 0x44A7,
    0x44A7, 0x44C7, 0x44C8, 0x44C8, 0x44C8, 0x44E8, 0x44E8, 0x44E8, 0x44E8, 0x4508, 0x4508, 0x4508, 0x4508, 0x4528, 0x4529, 0x4529,
    0x4529, 0x4529, 0x4529, 0x4529, 0x4549, 0x4549, 0x4549, 0x4549, 0x4549, 0x4549, 0x4549, 0x4549, 0x456A, 0x456A, 0x3D6A, 0x3D6A,
    0x3D6A, 0x3D6A, 0x3D6A, 0x3D6A, 0x3D6A, 0x3D6A, 0x3D6A, 0x3D6A, 0x3D6A, 0x3D6A, 0x3D6A, 0x356A, 0x356B, 0x356B, 0x356B, 0x356B,
    0x356B, 0x356B, 0x356B, 0x356B, 0x356B, 0x356B, 0x356B, 0x2D6B, 0x2D6B, 0x2D6B, 0x2D6B, 0x2D6B, 0x2D6B, 0x2D6B, 0x2D4B, 0x2D4B,
    0x2D4B, 0x2D4B, 0x254B, 0x254B, 0x254B, 0x254B, 0x252B, 0x252B, 0x252B, 0x252B, 0x252B, 0x1D2B, 0x1D2B, 0x1D2C, 0x1D2C, 0x1D0C,
    0x1D0C, 0x1D0C, 0x1D0C, 0x1D0C, 0x1D0C, 0x14EC, 0x1CEC, 0x046A, 0x5D50, 0xFFFF, 0xFFFF, 0xFFFF, 0xFFFF, 0xFFFF, 0xFFFF, 0xFFFF,
    0xFFFF, 0xFFFF, 0xFFFF, 0xFFFF, 0xFFFF, 0xFFFF, 0xFFFF, 0xFFFF, 0xFFFF, 0xFFFF, 0xFFFF, 0xFFFF, 0xFFFF, 0xFFFF, 0xFFFF, 0xFFFF,
    0xFFFF, 0xFFFF, 0xFFFF, 0xFFFF, 0xFFFF, 0xFFFF, 0xF7DE, 0xEF9D, 0xD71B, 0xBEB8, 0xA656, 0x8DF5, 0x7572, 0x5CF0, 0x448D, 0x2C2B,
    0x1BEA, 0x13A9, 0x0BA9, 0x0409, 0x0C8B, 0x0CCC, 0x0CEC, 0x0CEC, 0x0CEC, 0x0CEC, 0x0CEC, 0x0CEC, 0x0CEC, 0x0CEC, 0x0CEC, 0x0CEC,
    0x0CEC, 0x0CEC, 0x0CEC, 0x0CEC, 0x0CEC, 0x0CEC, 0x0CCC, 0x0CCC, 0x0CCC, 0x0CCC, 0x0CCC, 0x14EC, 0x0CCB, 0x048A, 0x1CED, 0x5DD2,
    0x9656, 0xAEB8, 0xB6B8, 0x9E77, 0x75F3, 0x352F, 0x048B, 0x048A, 0x14AC, 0x0CAB, 0x0CAB, 0x0C8B, 0x0C8B, 0x0C8B, 0x0C8B, 0x0C8B,
    0x0C8B, 0x0C8B, 0x0C8B, 0x0C6B, 0x0C6B, 0x0C6B, 0x0C6B, 0x0C6B, 0x0C4B, 0x0C4B, 0x0C4A, 0x0C4A, 0x0C4A, 0x0C2A, 0x0C2A, 0x0C2A,
    0x0C2A, 0x0C2A, 0x0C0A, 0x0C0A, 0x0C0A, 0x0C0A, 0x0BEA, 0x0BEA, 0x0BEA, 0x0BE9, 0x0BC9, 0x0BC9, 0x0BC9, 0x0BC9, 0x0BA9, 0x0BA9,
    0x0BA9, 0x0B89, 0x0B89, 0x0B89, 0x0B88, 0x0B88, 0x0B88, 0x0B88, 0x0B88, 0x0B88, 0x0B88, 0x0B88, 0x0B88, 0x0B88, 0x0B88, 0x0B88,
    0x4CA7, 0x4CA7, 0x4CA7, 0x4CA7, 0x4CA7, 0x4CA7, 0x4CA7, 0x4487, 0x4487, 0x4487, 0x4487, 0x4487, 0x4487, 0x4487, 0x44A7, 0x44A7,
    0x44A7, 0x44A7, 0x44C8, 0x44C8, 0x44C8, 0x44C8, 0x44E8, 0x44E8, 0x44E8, 0x44E8, 0x4508, 0x4508, 0x4508, 0x4508, 0x4509, 0x4509,
    0x4509, 0x4529, 0x4529, 0x4529, 0x4529, 0x4529, 0x4549, 0x4549, 0x4549, 0x4549, 0x4549, 0x3D4A, 0x3D4A, 0x3D4A, 0x3D4A, 0x3D4A,
    0x3D6A, 0x3D6A, 0x3D6A, 0x3D6A, 0x3D6A, 0x3D6A, 0x3D6A, 0x3D6A, 0x3D6A, 0x3D6A, 0x356A, 0x356A, 0x356A, 0x356B, 0x356B, 0x356B,
    0x356B, 0x356B, 0x356B, 0x356B, 0x356B, 0x2D6B, 0x2D4A, 0x2D6B, 0x2D6B, 0x2D6B, 0x2D4B, 0x2D6B, 0x2D4B, 0x2D4B, 0x2D4B, 0x2D4B,
    0x254B, 0x254B, 0x254B, 0x254B, 0x254B, 0x252B, 0x252B, 0x252B, 0x252B, 0x252B, 0x1D2B, 0x1D2B, 0x1D2C, 0x1D0C, 0x1D0C, 0x1D0C,
    0x1D0C, 0x1D0C, 0x1D0C, 0x150C, 0x14EC, 0x14EC, 0x14AB, 0x146A, 0xD75C, 0xFFFF, 0xFFFF, 0xFFFF, 0xFFFF, 0xFFFF, 0xFFFF, 0xFFFF,
    0xFFFF, 0xFFFF, 0xFFFF, 0xFFFF, 0xFFFF, 0xFFFF, 0xFFFF, 0xFFFF, 0xFFFF, 0xFFFF, 0xFFFF, 0xFFFF, 0xF7DF, 0xEF9D, 0xDF7C, 0xCEFA,
    0xAE77, 0x9615, 0x85B3, 0x6D31, 0x54AE, 0x3C4C, 0x240B, 0x13C9, 0x0B88, 0x0367, 0x0367, 0x0367, 0x0367, 0x0387, 0x03A8, 0x03A8,
    0x0BE9, 0x0C0A, 0x0C4A, 0x0C6B, 0x0CAB, 0x0CCC, 0x0CEC, 0x0CEC, 0x0CEC, 0x0CEC, 0x0CEC, 0x0CEC, 0x0CEC, 0x0CEC, 0x0CEC, 0x0CEC,
    0x0CEC, 0x0CEC, 0x0CEC, 0x0CEC, 0x0CEC, 0x0CCC, 0x0CCC, 0x0CCC, 0x0CCC, 0x0CCC, 0x0CCC, 0x0CCC, 0x14CC, 0x14EC, 0x0CCB, 0x048A,
    0x048A, 0x048A, 0x048A, 0x048A, 0x048A, 0x048B, 0x14AC, 0x14AC, 0x0CAB, 0x0CAB, 0x0C8B, 0x0C8B, 0x0C8B, 0x0C8B, 0x0C8B, 0x0C8B,
    0x0C8B, 0x0C8B, 0x0C6B, 0x0C6B, 0x0C6B, 0x0C6B, 0x0C6B, 0x0C4B, 0x0C4B, 0x0C4B, 0x0C4A, 0x0C4A, 0x0C2A, 0x0C2A, 0x0C2A, 0x0C2A,
    0x0C2A, 0x0C0A, 0x0C0A, 0x0C0A, 0x0C0A, 0x0BEA, 0x0BEA, 0x0BEA, 0x0BE9, 0x0BC9, 0x0BC9, 0x0BC9, 0x0BC9, 0x0BA9, 0x0BA9, 0x0BA9,
    0x0BA9, 0x0B89, 0x0B89, 0x0B88, 0x0B88, 0x0B88, 0x0B88, 0x0B88, 0x0B88, 0x0B88, 0x0B88, 0x0B88, 0x0B88, 0x0B88, 0x0B88, 0x0B88,
    0x4CA7, 0x4CA7, 0x4CA7, 0x4CA7, 0x4CA7, 0x4CA7, 0x4C87, 0x4487, 0x4487, 0x4487, 0x4487, 0x4487, 0x4487, 0x4487, 0x4487, 0x44A7,
    0x44A7, 0x44A7, 0x44A8, 0x44A8, 0x44C8, 0x44C8, 0x44C8, 0x44E8, 0x44E8, 0x44E8, 0x44E8, 0x44E8, 0x4508, 0x4508, 0x4509, 0x4509,
    0x4509, 0x4509, 0x4529, 0x4529, 0x4529, 0x4529, 0x4529, 0x4529, 0x3D29, 0x3D49, 0x3D49, 0x3D49, 0x3D4A, 0x3D4A, 0x3D4A, 0x3D4A,
    0x3D4A, 0x3D4A, 0x3D4A, 0x3D6A, 0x3D6A, 0x3D6A, 0x3D6A, 0x3D6A, 0x356A, 0x356A, 0x356A, 0x356A, 0x356B, 0x356B, 0x356B, 0x356B,
    0x356B, 0x356B, 0x356B, 0x356B, 0x2D6B, 0x356B, 0x55CF, 0x2D4B, 0x2D6B, 0x2D6B, 0x2D4B, 0x2D4B, 0x2D4B, 0x2D4B, 0x2D4B, 0x254B,
    0x254B, 0x254B, 0x254B, 0x254B, 0x252B, 0x252B, 0x252B, 0x252B, 0x252B, 0x1D2B, 0x1D2B, 0x1D2C, 0x1D0C, 0x1D0C, 0x1D0C, 0x1D0C,
    0x1D0C, 0x1D0C, 0x150C, 0x150C, 0x14EC, 0x1CEC, 0x0429, 0x7DF4, 0xFFFF, 0xFFFF, 0xFFFF, 0xFFFF, 0xFFFF, 0xFFFF, 0xFFFF, 0xFFFF,
    0xFFFF, 0xFFFF, 0xFFFF, 0xEFBE, 0xE77D, 0xD73B, 0xBEB8, 0xA656, 0x8DD4, 0x7552, 0x5CF0, 0x448D, 0x342C, 0x1BCA, 0x13A9, 0x0B88,
    0x0367, 0x0367, 0x0367, 0x0367, 0x0388, 0x03A8, 0x03C9, 0x0BE9, 0x0C0A, 0x0C2A, 0x142A, 0x144A, 0x144B, 0x144B, 0x146B, 0x146B,
    0x0C6B, 0x0C8B, 0x0C8B, 0x0CAC, 0x0CCC, 0x0CCC, 0x0CEC, 0x0CEC, 0x0CEC, 0x0CEC, 0x0CEC, 0x0CEC, 0x0CEC, 0x0CEC, 0x0CEC, 0x0CEC,
    0x0CEC, 0x0CEC, 0x0CEC, 0x0CEC, 0x0CCC, 0x0CCC, 0x0CCC, 0x0CCC, 0x0CCC, 0x0CCC, 0x0CCC, 0x0CCC, 0x0CCC, 0x0CCC, 0x14CC, 0x14CC,
    0x14CC, 0x14CC, 0x14CC, 0x14CC, 0x14AC, 0x14AC, 0x0CAB, 0x0CAB, 0x0CAB, 0x0CAB, 0x0C8B, 0x0C8B, 0x0C8B, 0x0C8B, 0x0C8B, 0x0C8B,
    0x0C8B, 0x0C6B, 0x0C6B, 0x0C6B, 0x0C6B, 0x0C6B, 0x0C4B, 0x0C4B, 0x0C4B, 0x0C4A, 0x0C4A, 0x0C4A, 0x0C2A, 0x0C2A, 0x0C2A, 0x0C2A,
    0x0C2A, 0x0C0A, 0x0C0A, 0x0C0A, 0x0C0A, 0x0BEA, 0x0BEA, 0x0BE9, 0x0BE9, 0x0BC9, 0x0BC9, 0x0BC9, 0x0BC9, 0x0BA9, 0x0BA9, 0x0BA9,
    0x0B89, 0x0B89, 0x0B89, 0x0B88, 0x0B88, 0x0B88, 0x0B88, 0x0B88, 0x0B88, 0x0B88, 0x0B88, 0x0B88, 0x0B88, 0x0B88, 0x0B88, 0x0B88,
    0x4CA7, 0x4CA7, 0x4CA7, 0x4CA7, 0x4CA7, 0x4C87, 0x4487, 0x4487, 0x4487, 0x4487, 0x4487, 0x4487, 0x4487, 0x4487, 0x4487, 0x4487,
    0x44A7, 0x44A7, 0x44A8, 0x44A8, 0x44A8, 0x44C8, 0x44C8, 0x44C8, 0x44C8, 0x44E8, 0x44E8, 0x44E8, 0x44E8, 0x4508, 0x4509, 0x4509,
    0x4509, 0x4509, 0x4509, 0x4509, 0x4529, 0x4529, 0x3D29, 0x3D29, 0x3D29, 0x3D29, 0x3D29, 0x3D49, 0x3D4A, 0x3D4A, 0x3D4A, 0x3D4A,
    0x3D4A, 0x3D4A, 0x3D4A, 0x3D4A, 0x3D4A, 0x3D4A, 0x3D4A, 0x356A, 0x356A, 0x356A, 0x354A, 0x356A, 0x356B, 0x356B, 0x354B, 0x356B,
    0x356B, 0x356B, 0x356B, 0x356B, 0x252A, 0x5DEF, 0xE79D, 0x2D6B, 0x2D4B, 0x2D6B, 0x2D4B, 0x2D4B, 0x2D4B, 0x2D4B, 0x254B, 0x254B,
    0x254B, 0x254B, 0x254B, 0x252B, 0x252B, 0x252B, 0x252B, 0x252B, 0x1D2B, 0x1D2B, 0x1D2C, 0x1D0C, 0x1D0C, 0x1D0C, 0x1D0C, 0x1D0C,
    0x1D0C, 0x1D0C, 0x150C, 0x150C, 0x14EC, 0x0CAA, 0x3D0E, 0xFFFF, 0xFFFF, 0xF7DE, 0xE79D, 0xDF5C, 0xCEFA, 0xAE77, 0x9E15, 0x7D93,
    0x6510, 0x54CF, 0x3C4C, 0x23EA, 0x13C9, 0x0B88, 0x0367, 0x0367, 0x0367, 0x0367, 0x0387, 0x0388, 0x03C8, 0x0BC9, 0x0BE9, 0x0C0A,
    0x0C2A, 0x142A, 0x144B, 0x144B, 0x144B, 0x146B, 0x0C6B, 0x0C6B, 0x0C8B, 0x0C8B, 0x0C8B, 0x0C8B, 0x0CAB, 0x0CAB, 0x0CAC, 0x0CCC,
    0x0CCC, 0x0CCC, 0x0CCC, 0x0CCC, 0x0CCC, 0x0CEC, 0x0CEC, 0x0CEC, 0x0CEC, 0x0CEC, 0x0CEC, 0x0CEC, 0x0CEC, 0x0CEC, 0x0CEC, 0x0CEC,
    0x0CEC, 0x0CEC, 0x0CCC, 0x0CCC, 0x0CCC, 0x0CCC, 0x0CCC, 0x0CCC, 0x0CCC, 0x0CCC, 0x0CCC, 0x0CCC, 0x0CCC, 0x0CCC, 0x0CCC, 0x0CCC,
    0x0CCC, 0x0CAC, 0x0CAC, 0x0CAC, 0x0CAB, 0x0CAB, 0x0CAB, 0x0CAB, 0x0CAB, 0x0C8B, 0x0C8B, 0x0C8B, 0x0C8B, 0x0C8B, 0x0C8B, 0x0C8B,
    0x0C6B, 0x0C6B, 0x0C6B, 0x0C6B, 0x0C6B, 0x0C6B, 0x0C4B, 0x0C4B, 0x0C4A, 0x0C4A, 0x0C4A, 0x0C2A, 0x0C2A, 0x0C2A, 0x0C2A, 0x0C2A,
    0x0C0A, 0x0C0A, 0x0C0A, 0x0C0A, 0x0BEA, 0x0BEA, 0x0BEA, 0x0BE9, 0x0BE9, 0x0BC9, 0x0BC9, 0x0BC9, 0x0BA9, 0x0BA9, 0x0BA9, 0x0BA9,
    0x0B89, 0x0B89, 0x0B88, 0x0B88, 0x0B88, 0x0B88, 0x0B88, 0x0B88, 0x0B88, 0x0B88, 0x0B88, 0x0B88, 0x0B88, 0x0B88, 0x0B88, 0x0B88,
    0x4CA7, 0x4CA7, 0x4CA7, 0x4CA7, 0x4C87, 0x4487, 0x4487, 0x4487, 0x4487, 0x4487, 0x4487, 0x4487, 0x4487, 0x4487, 0x4487, 0x4487,
    0x4487, 0x44A7, 0x44A7, 0x44A8, 0x44A8, 0x44A8, 0x44C8, 0x44C8, 0x44C8, 0x44C8, 0x44E8, 0x44E8, 0x44E8, 0x44E8, 0x44E8, 0x4509,
    0x4509, 0x4509, 0x4509, 0x4509, 0x3D09, 0x3D29, 0x3D29, 0x3D29, 0x3D29, 0x3D29, 0x3D29, 0x3D29, 0x3D29, 0x3D4A, 0x3D4A, 0x3D4A,
    0x3D4A, 0x3D4A, 0x3D4A, 0x3D4A, 0x3D4A, 0x354A, 0x354A, 0x354A, 0x354A, 0x354A, 0x354A, 0x354A, 0x354A, 0x354B, 0x354B, 0x354B,
    0x354B, 0x354B, 0x2D4B, 0x252A, 0x1D29, 0xB718, 0xFFFF, 0x7E52, 0x1508, 0x252A, 0x2D4B, 0x2D4B, 0x2D4B, 0x254B, 0x254B, 0x254B,
    0x254B, 0x254B, 0x252B, 0x252B, 0x252B, 0x252B, 0x252B, 0x1D2B, 0x1D2B, 0x1D2C, 0x1D0C, 0x1D0C, 0x1D0C, 0x1D0C, 0x1D0C, 0x1D0C,
    0x150C, 0x150C, 0x150C, 0x14EC, 0x14EC, 0x0C8A, 0x452F, 0x6551, 0x44AE, 0x342C, 0x1BCA, 0x13A9, 0x0368, 0x0367, 0x0367, 0x0367,
    0x0367, 0x0388, 0x03A8, 0x03C9, 0x0BE9, 0x0C0A, 0x0C2A, 0x142A, 0x144A, 0x144B, 0x144B, 0x146B, 0x146B, 0x0C6B, 0x0C6B, 0x0C8B,
    0x0C8B, 0x0C8B, 0x0CAB, 0x0CAB, 0x0CAB, 0x0CAC, 0x0CCC, 0x0CCC, 0x0CCC, 0x0CCC, 0x0CCC, 0x0CCC, 0x0CCC, 0x0CCC, 0x0CCC, 0x0CCC,
    0x0CCC, 0x0CEC, 0x0CEC, 0x0CEC, 0x0CEC, 0x0CEC, 0x0CEC, 0x0CEC, 0x0CEC, 0x0CEC, 0x0CEC, 0x0CEC, 0x0CEC, 0x0CEC, 0x0CEC, 0x0CEC,
    0x0CEC, 0x0CCC, 0x0CCC, 0x0CCC, 0x0CCC, 0x0CCC, 0x0CCC, 0x0CCC, 0x0CCC, 0x0CCC, 0x0CCC, 0x0CCC, 0x0CCC, 0x0CCC, 0x0CCC, 0x0CCC,
    0x0CAC, 0x0CAC, 0x0CAC, 0x0CAC, 0x0CAB, 0x0CAB, 0x0CAB, 0x0CAB, 0x0C8B, 0x0C8B, 0x0C8B, 0x0C8B, 0x0C8B, 0x0C8B, 0x0C8B, 0x0C8B,
    0x0C6B, 0x0C6B, 0x0C6B, 0x0C6B, 0x0C6B, 0x0C4B, 0x0C4B, 0x0C4B, 0x0C4A, 0x0C4A, 0x0C4A, 0x0C2A, 0x0C2A, 0x0C2A, 0x0C2A, 0x0C2A,
    0x0C0A, 0x0C0A, 0x0C0A, 0x0C0A, 0x0BEA, 0x0BEA, 0x0BE9, 0x0BE9, 0x0BC9, 0x0BC9, 0x0BC9, 0x0BC9, 0x0BA9, 0x0BA9, 0x0BA9, 0x0B89,
    0x0B89, 0x0B89, 0x0B88, 0x0B88, 0x0B88, 0x0B88, 0x0B88, 0x0B88, 0x0B88, 0x0B88, 0x0B88, 0x0B88, 0x0B88, 0x0B88, 0x0B88, 0x0B88,
    0x4CA7, 0x4CA7, 0x4CA7, 0x4C87, 0x4487, 0x4487, 0x4487, 0x4487, 0x4487, 0x4487, 0x4487, 0x4487, 0x4487, 0x4487, 0x4487, 0x4487,
    0x4487, 0x4487, 0x44A7, 0x44A8, 0x44A8, 0x44A8, 0x44A8, 0x44C8, 0x44C8, 0x44C8, 0x44C8, 0x44E8, 0x44E8, 0x44E8, 0x44E8, 0x3CE8,
    0x3D09, 0x3D09, 0x3D09, 0x3D09, 0x3D09, 0x3D09, 0x3D29, 0x3D29, 0x3D29, 0x3D29, 0x3D29, 0x3D29, 0x3D29, 0x3D2A, 0x3D2A, 0x3D2A,
    0x3D4A, 0x3D4A, 0x3D4A, 0x3D4A, 0x354A, 0x354A, 0x354A, 0x354A, 0x354A, 0x354A, 0x354A, 0x354A, 0x354A, 0x354A, 0x354B, 0x354B,
    0x354B, 0x2D4B, 0x356B, 0x7631, 0xCF5A, 0xFFDF, 0xFFDF, 0xF7DE, 0xA6D7, 0x5DF0, 0x2D4B, 0x2D4B, 0x254B, 0x254B, 0x254B, 0x252B,
    0x254B, 0x252B, 0x252B, 0x252B, 0x252B, 0x252B, 0x1D2B, 0x1D2B, 0x1D2C, 0x1D2C, 0x1D0C, 0x1D0C, 0x1D0C, 0x1D0C, 0x1D0C, 0x150C,
    0x150C, 0x150C, 0x14EC, 0x14EC, 0x14EC, 0x14CB, 0x0C4A, 0x03E9, 0x03C8, 0x03C8, 0x0BE9, 0x0BE9, 0x0C0A, 0x142A, 0x142A, 0x144B,
    0x144B, 0x146B, 0x146B, 0x0C6B, 0x0C6B, 0x0C8B, 0x0C8B, 0x0C8B, 0x0C8B, 0x0CAB, 0x0CAB, 0x0CAC, 0x0CCC, 0x0CCC, 0x0CCC, 0x0CCC,
    0x0CCC, 0x0CCC, 0x0CCC, 0x0CCC, 0x0CCC, 0x0CCC, 0x0CCC, 0x0CCC, 0x0CEC, 0x0CEC, 0x0CEC, 0x0CEC, 0x0CEC, 0x0CEC, 0x0CEC, 0x0CEC,
    0x0CEC, 0x0CEC, 0x0CEC, 0x0CEC, 0x0CEC, 0x0CEC, 0x0CEC, 0x0CEC, 0x0CEC, 0x0CEC, 0x0CEC, 0x0CEC, 0x0CEC, 0x0CEC, 0x0CEC, 0x0CEC,
    0x0CCC, 0x0CCC, 0x0CCC, 0x0CCC, 0x0CCC, 0x0CCC, 0x0CCC, 0x0CCC, 0x0CCC, 0x0CCC, 0x0CCC, 0x0CCC, 0x0CCC, 0x0CCC, 0x0CCC, 0x0CAC,
    0x0CAC, 0x0CAC, 0x0CAC, 0x0CAB, 0x0CAB, 0x0CAB, 0x0CAB, 0x0C8B, 0x0C8B, 0x0C8B, 0x0C8B, 0x0C8B, 0x0C8B, 0x0C8B, 0x0C8B, 0x0C6B,
    0x0C6B, 0x0C6B, 0x0C6B, 0x0C6B, 0x0C4B, 0x0C4B, 0x0C4B, 0x0C4A, 0x0C4A, 0x0C4A, 0x0C2A, 0x0C2A, 0x0C2A, 0x0C2A, 0x0C2A, 0x0C0A,
    0x0C0A, 0x0C0A, 0x0C0A, 0x0BEA, 0x0BEA, 0x0BEA, 0x0BE9, 0x0BE9, 0x0BC9, 0x0BC9, 0x0BC9, 0x0BA9, 0x0BA9, 0x0BA9, 0x0BA9, 0x0B89,
    0x0B89, 0x0B88, 0x0B88, 0x0B88, 0x0B88, 0x0B88, 0x0B88, 0x0B88, 0x0B88, 0x0B88, 0x0B88, 0x0B88, 0x0B88, 0x0B88, 0x0B88, 0x0B88,
    0x4CA7, 0x4CA7, 0x4C87, 0x4487, 0x4487, 0x4487, 0x4487, 0x4487, 0x4487, 0x4487, 0x4487, 0x4487, 0x4487, 0x4487, 0x4487, 0x4487,
    0x4487, 0x4487, 0x4487, 0x44A7, 0x44A8, 0x44A8, 0x44A8, 0x44A8, 0x44C8, 0x44C8, 0x44C8, 0x44C8, 0x3CC8, 0x3CE8, 0x3CE8, 0x3CE8,
    0x3CE9, 0x3CE9, 0x3CE9, 0x3D09, 0x3D09, 0x3D09, 0x3D09, 0x3D09, 0x3D09, 0x3D09, 0x3D29, 0x3D29, 0x3D2A, 0x3D2A, 0x3D2A, 0x3D2A,
    0x3D2A, 0x3D2A, 0x354A, 0x354A, 0x354A, 0x354A, 0x354A, 0x354A, 0x354A, 0x354A, 0x354A, 0x354A, 0x354A, 0x354A, 0x354B, 0x2D4B,
    0x2D4B, 0x2D4A, 0x3D6C, 0xAED7, 0xFFDF, 0xFFDF, 0xF7DE, 0xFFFF, 0xEFBD, 0x8E95, 0x2D4B, 0x254B, 0x254B, 0x254B, 0x252B, 0x252B,
    0x252B, 0x252B, 0x252B, 0x252B, 0x252B, 0x1D2B, 0x1D2B, 0x1D2C, 0x1D2C, 0x1D0C, 0x1D0C, 0x1D0C, 0x1D0C, 0x1D0C, 0x150C, 0x150C,
    0x150C, 0x14EC, 0x14EC, 0x14EC, 0x14EC, 0x14CB, 0x14AB, 0x148B, 0x146B, 0x0C6B, 0x0C6B, 0x0C6B, 0x0C8B, 0x0C8B, 0x0C8B, 0x0CAB,
    0x0CAB, 0x0CAB, 0x0CAC, 0x0CCC, 0x0CCC, 0x0CCC, 0x0CCC, 0x0CCC, 0x0CCC, 0x0CCC, 0x0CCC, 0x0CCC, 0x0CEC, 0x0CCC, 0x0CCC, 0x0CEC,
    0x0CEC, 0x0CEC, 0x0CEC, 0x0CEC, 0x0CEC, 0x0CEC, 0x0CEC, 0x0CEC, 0x0CEC, 0x0CEC, 0x0CEC, 0x0CEC, 0x0CEC, 0x0CEC, 0x0CEC, 0x0CEC,
    0x0CEC, 0x0CEC, 0x0CEC, 0x0CEC, 0x0CEC, 0x0CEC, 0x0CEC, 0x0CEC, 0x0CEC, 0x0CEC, 0x0CEC, 0x0CEC, 0x0CEC, 0x0CEC, 0x0CCC, 0x0CCC,
    0x0CCC, 0x0CCC, 0x0CCC, 0x0CCC, 0x0CCC, 0x0CCC, 0x0CCC, 0x0CCC, 0x0CCC, 0x0CCC, 0x0CCC, 0x0CCC, 0x0CCC, 0x0CCC, 0x0CAC, 0x0CAC,
    0x0CAC, 0x0CAC, 0x0CAB, 0x0CAB, 0x0CAB, 0x0CAB, 0x0CAB, 0x0C8B, 0x0C8B, 0x0C8B, 0x0C8B, 0x0C8B, 0x0C8B, 0x0C8B, 0x0C6B, 0x0C6B,
    0x0C6B, 0x0C6B, 0x0C6B, 0x0C4B, 0x0C4B, 0x0C4B, 0x0C4A, 0x0C4A, 0x0C4A, 0x0C2A, 0x0C2A, 0x0C2A, 0x0C2A, 0x0C2A, 0x0C0A, 0x0C0A,
    0x0C0A, 0x0C0A, 0x0BEA, 0x0BEA, 0x0BEA, 0x0BE9, 0x0BE9, 0x0BC9, 0x0BC9, 0x0BC9, 0x0BC9, 0x0BA9, 0x0BA9, 0x0BA9, 0x0BA9, 0x0B89,
    0x0B88, 0x0B88, 0x0B88, 0x0B88, 0x0B88, 0x0B88, 0x0B88, 0x0B88, 0x0B88, 0x0B88, 0x0B88, 0x0B88, 0x0B88, 0x0B88, 0x0B88, 0x0B88,
    0x4CA7, 0x4487, 0x4487, 0x4487, 0x4487, 0x4487, 0x4487, 0x4487, 0x4487, 0x4487, 0x4487, 0x4487, 0x4487, 0x4487, 0x4467, 0x3C67,
    0x4487, 0x3C87, 0x3C87, 0x3C88, 0x3C88, 0x3CA8, 0x3CA8, 0x3CA8, 0x3CA8, 0x3CC8, 0x3CC8, 0x3CC8, 0x3CC8, 0x3CC8, 0x3CE8, 0x3CE9,
    0x3CE9, 0x3CE9, 0x3CE9, 0x3CE9, 0x3D09, 0x3D09, 0x3D09, 0x3D09, 0x3D09, 0x3D09, 0x3D09, 0x3D29, 0x3D2A, 0x3D2A, 0x3D2A, 0x352A,
    0x352A, 0x352A, 0x352A, 0x352A, 0x352A, 0x352A, 0x352A, 0x352A, 0x354A, 0x354A, 0x352A, 0x354A, 0x354A, 0x2D4B, 0x2D4B, 0x2D4B,
    0x2D4B, 0x2D4B, 0x2D2A, 0x1D09, 0x3D6D, 0xD77C, 0xFFFF, 0x9EB6, 0x1D2A, 0x1D0A, 0x252B, 0x252B, 0x252B, 0x252B, 0x252B, 0x252B,
    0x252B, 0x252B, 0x252B, 0x252B, 0x1D2B, 0x1D2B, 0x1D2C, 0x1D2C, 0x1D0C, 0x1D0C, 0x1D0C, 0x1D0C, 0x1D0C, 0x150C, 0x150C, 0x150C,
    0x14EC, 0x14EC, 0x14EC, 0x14EC, 0x14EC, 0x14EC, 0x14CC, 0x0CCC, 0x0CCC, 0x0CCC, 0x0CCC, 0x0CCC, 0x0CCC, 0x0CCC, 0x0CCC, 0x0CCC,
    0x0CCC, 0x0CCC, 0x0CEC, 0x0CEC, 0x0CEC, 0x0CEC, 0x0CEC, 0x0CEC, 0x0CEC, 0x0CEC, 0x0CEC, 0x0CEC, 0x0CEC, 0x0CEC, 0x0CEC, 0x0CEC,
    0x0CEC, 0x0CEC, 0x0CEC, 0x0CEC, 0x0CEC, 0x0CEC, 0x0CEC, 0x0CEC, 0x0CEC, 0x0CEC, 0x0CEC, 0x0CEC, 0x0CEC, 0x0CEC, 0x0CEC, 0x0CEC,
    0x0CEC, 0x0CEC, 0x0CEC, 0x0CEC, 0x0CEC, 0x0CEC, 0x0CEC, 0x0CEC, 0x0CEC, 0x0CEC, 0x0CEC, 0x0CEC, 0x0CEC, 0x0CCC, 0x0CCC, 0x0CCC,
    0x0CCC, 0x0CCC, 0x0CCC, 0x0CCC, 0x0CCC, 0x0CCC, 0x0CCC, 0x0CCC, 0x0CCC, 0x0CCC, 0x0CCC, 0x0CCC, 0x0CCC, 0x0CAC, 0x0CAC, 0x0CAC,
    0x0CAC, 0x0CAB, 0x0CAB, 0x0CAB, 0x0CAB, 0x0C8B, 0x0C8B, 0x0C8B, 0x0C8B, 0x0C8B, 0x0C8B, 0x0C8B, 0x0C8B, 0x0C6B, 0x0C6B, 0x0C6B,
    0x0C6B, 0x0C6B, 0x0C6B, 0x0C4B, 0x0C4B, 0x0C4A, 0x0C4A, 0x0C4A, 0x0C4A, 0x0C2A, 0x0C2A, 0x0C2A, 0x0C2A, 0x0C2A, 0x0C0A, 0x0C0A,
    0x0C0A, 0x0C0A, 0x0BEA, 0x0BEA, 0x0BE9, 0x0BE9, 0x0BC9, 0x0BC9, 0x0BC9, 0x0BC9, 0x0BA9, 0x0BA9, 0x0BA9, 0x0BA9, 0x0B89, 0x0B89,
    0x0B88, 0x0B88, 0x0B88, 0x0B88, 0x0B88, 0x0B88, 0x0B88, 0x0B88, 0x0B88, 0x0B88, 0x0B88, 0x0B88, 0x0B88, 0x0B88, 0x0B88, 0x0B88,
    0x4487, 0x4487, 0x4487, 0x4487, 0x4487, 0x4487, 0x4487, 0x4487, 0x4487, 0x4487, 0x4487, 0x4487, 0x4487, 0x4467, 0x3C67, 0x3C67,
    0x3C67, 0x3C87, 0x3C87, 0x3C87, 0x3C88, 0x3C88, 0x3CA8, 0x3CA8, 0x3CA8, 0x3CA8, 0x3CA8, 0x3CC8, 0x3CC8, 0x3CC8, 0x3CC8, 0x3CC8,
    0x3CE9, 0x3CE9, 0x3CE9, 0x3CE9, 0x3CE9, 0x3CE9, 0x3D09, 0x3D09, 0x3D09, 0x3D09, 0x3D09, 0x3D09, 0x3D09, 0x352A, 0x350A, 0x352A,
    0x352A, 0x352A, 0x352A, 0x352A, 0x352A, 0x352A, 0x352A, 0x352A, 0x352A, 0x352A, 0x352A, 0x2D2A, 0x2D2A, 0x2D2B, 0x2D2B, 0x2D2B,
    0x2D2B, 0x2D2B, 0x2D4B, 0x354B, 0x14E9, 0x7632, 0xFFDF, 0x3D6C, 0x1D2A, 0x2D4C, 0x252B, 0x252B, 0x252B, 0x252B, 0x252B, 0x252B,
    0x252B, 0x252B, 0x252B, 0x1D2B, 0x1D2C, 0x1D2C, 0x1D2C, 0x1D0C, 0x1D0C, 0x1D0C, 0x1D0C, 0x1D0C, 0x150C, 0x150C, 0x14EC, 0x14EC,
    0x14EC, 0x14EC, 0x14EC, 0x14EC, 0x14EC, 0x14EC, 0x0CEC, 0x0CEC, 0x0CEC, 0x0CEC, 0x0CEC, 0x0CEC, 0x0CEC, 0x0CEC, 0x0CEC, 0x0CEC,
    0x0CEC, 0x0CEC, 0x0CEC, 0x0CEC, 0x0CEC, 0x0CEC, 0x0CEC, 0x0CEC, 0x0CEC, 0x0CEC, 0x0CEC, 0x0CEC, 0x0CEC, 0x0CEC, 0x0CEC, 0x0CEC,
    0x0CEC, 0x0CEC, 0x0CEC, 0x0CEC, 0x0CEC, 0x0CEC, 0x0CEC, 0x0CEC, 0x0CEC, 0x0CEC, 0x0CEC, 0x0CEC, 0x0CEC, 0x0CEC, 0x0CEC, 0x0CEC,
    0x0CEC, 0x0CEC, 0x0CEC, 0x0CEC, 0x0CEC, 0x0CEC, 0x0CEC, 0x0CEC, 0x0CEC, 0x0CEC, 0x0CEC, 0x0CCC, 0x0CCC, 0x0CCC, 0x0CCC, 0x0CCC,
    0x0CCC, 0x0CCC, 0x0CCC, 0x0CCC, 0x0CCC, 0x0CCC, 0x0CCC, 0x0CCC, 0x0CCC, 0x0CCC, 0x0CCC, 0x0CCC, 0x0CCC, 0x0CAC, 0x0CAC, 0x0CAB,
    0x0CAB, 0x0CAB, 0x0CAB, 0x0CAB, 0x0C8B, 0x0C8B, 0x0C8B, 0x0C8B, 0x0C8B, 0x0C8B, 0x0C8B, 0x0C8B, 0x0C6B, 0x0C6B, 0x0C6B, 0x0C6B,
    0x0C6B, 0x0C6B, 0x0C4B, 0x0C4B, 0x0C4A, 0x0C4A, 0x0C4A, 0x0C4A, 0x0C2A, 0x0C2A, 0x0C2A, 0x0C2A, 0x0C2A, 0x0C0A, 0x0C0A, 0x0C0A,
    0x0C0A, 0x0BEA, 0x0BEA, 0x0BE9, 0x0BE9, 0x0BE9, 0x0BC9, 0x0BC9, 0x0BC9, 0x0BC9, 0x0BA9, 0x0BA9, 0x0BA9, 0x0B89, 0x0B89, 0x0B89,
    0x0B88, 0x0B88, 0x0B88, 0x0B88, 0x0B88, 0x0B88, 0x0B88, 0x0B88, 0x0B88, 0x0B88, 0x0B88, 0x0B88, 0x0B88, 0x0B88, 0x0B88, 0x0B88,
    0x4487, 0x4487, 0x4487, 0x4487, 0x4487, 0x4487, 0x4487, 0x4487, 0x4487, 0x4487, 0x4487, 0x4487, 0x4467, 0x3C67, 0x3C67, 0x3C67,
    0x3C67, 0x3C67, 0x3C67, 0x3C87, 0x3C87, 0x3C88, 0x3C88, 0x3CA8, 0x3CA8, 0x3CA8, 0x3CA8, 0x3CA8, 0x3CC8, 0x3CC8, 0x3CC8, 0x3CC8,
    0x3CC9, 0x3CE9, 0x3CE9, 0x3CE9, 0x3CE9, 0x3CE9, 0x3CE9, 0x3CE9, 0x3D09, 0x3D09, 0x3D09, 0x3509, 0x3509, 0x3509, 0x350A, 0x350A,
    0x350A, 0x352A, 0x352A, 0x352A, 0x352A, 0x352A, 0x352A, 0x352A, 0x352A, 0x352A, 0x352A, 0x2D2A, 0x2D2A, 0x2D2A, 0x2D2B, 0x2D2B,
    0x2D2B, 0x2D2B, 0x2D2B, 0x2D2B, 0x252B, 0x354C, 0x8E54, 0x252A, 0x2D2B, 0x252B, 0x252B, 0x252B, 0x252B, 0x252B, 0x252B, 0x252B,
    0x252B, 0x252B, 0x1D2B, 0x1D0B, 0x1D0C, 0x1D0C, 0x1D0C, 0x1D0C, 0x1D0C, 0x1D0C, 0x1D0C, 0x150C, 0x150C, 0x14EC, 0x14EC, 0x14EC,
    0x14EC, 0x14EC, 0x14EC, 0x14EC, 0x14EC, 0x0CEC, 0x0CEC, 0x0CEC, 0x0CEC, 0x0CEC, 0x0CEC, 0x0CEC, 0x0CEC, 0x0CEC, 0x0CEC, 0x0CEC,
    0x0CEC, 0x0CEC, 0x0CEC, 0x0CEC, 0x0CEC, 0x0CEC, 0x0CEC, 0x0CEC, 0x0CEC, 0x0CEC, 0x0CEC, 0x0CEC, 0x0CEC, 0x0CEC, 0x0CEC, 0x0CEC,
    0x0CEC, 0x0CEC, 0x0CEC, 0x0CEC, 0x0CEC, 0x0CEC, 0x0CEC, 0x0CEC, 0x0CEC, 0x0CEC, 0x0CEC, 0x0CEC, 0x0CEC, 0x0CEC, 0x0CEC, 0x0CEC,
    0x0CEC, 0x0CEC, 0x0CEC, 0x0CEC, 0x0CEC, 0x0CEC, 0x0CEC, 0x0CEC, 0x0CEC, 0x0CCC, 0x0CCC, 0x0CCC, 0x0CCC, 0x0CCC, 0x0CCC, 0x0CCC,
    0x0CCC, 0x0CCC, 0x0CCC, 0x0CCC, 0x0CCC, 0x0CCC, 0x0CCC, 0x0CCC, 0x0CCC, 0x0CCC, 0x0CCC, 0x0CAC, 0x0CAC, 0x0CAC, 0x0CAB, 0x0CAB,
    0x0CAB, 0x0CAB, 0x0CAB, 0x0C8B, 0x0C8B, 0x0C8B, 0x0C8B, 0x0C8B, 0x0C8B, 0x0C8B, 0x0C8B, 0x0C6B, 0x0C6B, 0x0C6B, 0x0C6B, 0x0C6B,
    0x0C6B, 0x0C4B, 0x0C4B, 0x0C4A, 0x0C4A, 0x0C4A, 0x0C4A, 0x0C2A, 0x0C2A, 0x0C2A, 0x0C2A, 0x0C2A, 0x0C0A, 0x0C0A, 0x0C0A, 0x0C0A,
    0x0BEA, 0x0BEA, 0x0BEA, 0x0BE9, 0x0BE9, 0x0BC9, 0x0BC9, 0x0BC9, 0x0BC9, 0x0BA9, 0x0BA9, 0x0BA9, 0x0BA9, 0x0B89, 0x0B89, 0x0B88,
    0x0B88, 0x0B88, 0x0B88, 0x0B88, 0x0B88, 0x0B88, 0x0B88, 0x0B88, 0x0B88, 0x0B88, 0x0B88, 0x0B88, 0x0B88, 0x0B88, 0x0B88, 0x0B88,
    0x4487, 0x4487, 0x4487, 0x4487, 0x4487, 0x4487, 0x4487, 0x4487, 0x4487, 0x4487, 0x4487, 0x4467, 0x3C67, 0x3C67, 0x3C67, 0x3C67,
    0x3C67, 0x3C67, 0x3C67, 0x3C67, 0x3C87, 0x3C88, 0x3C88, 0x3C88, 0x3CA8, 0x3CA8, 0x3CA8, 0x3CA8, 0x3CA8, 0x3CA8, 0x3CC8, 0x3CC8,
    0x3CC8, 0x3CC9, 0x3CC9, 0x3CE9, 0x3CE9, 0x3CE9, 0x3CE9, 0x3CE9, 0x3CE9, 0x34E9, 0x34E9, 0x3509, 0x3509, 0x3509, 0x350A, 0x350A,
    0x350A, 0x350A, 0x350A, 0x352A, 0x352A, 0x350A, 0x352A, 0x352A, 0x2D2A, 0x2D2A, 0x2D2A, 0x2D2A, 0x2D2A, 0x2D2A, 0x2D2A, 0x2D2B,
    0x2D2B, 0x2D2B, 0x2D2B, 0x2D2B, 0x2D2B, 0x252B, 0x250A, 0x252B, 0x252B, 0x252B, 0x252B, 0x252B, 0x252B, 0x252B, 0x250B, 0x252B,
    0x250B, 0x1D0B, 0x1D0B, 0x1D0B, 0x1D0B, 0x1D0C, 0x1D0C, 0x1D0C, 0x1D0C, 0x1D0C, 0x150C, 0x150C, 0x14EC, 0x14EC, 0x14EC, 0x14EC,
    0x14EC, 0x14EC, 0x14EC, 0x14EC, 0x0CEC, 0x0CEC, 0x0CEC, 0x0CEC, 0x0CEC, 0x0CEC, 0x0CEC, 0x0CEC, 0x0CEC, 0x0CEC, 0x0CEC, 0x0CEC,
    0x0CEC, 0x0CEC, 0x0CEC, 0x0CEC, 0x0CEC, 0x0CEC, 0x0CEC, 0x0CEC, 0x0CEC, 0x0CEC, 0x0CEC, 0x0CEC, 0x0CEC, 0x0CEC, 0x0CEC, 0x0CEC,
    0x0CEC, 0x0CEC, 0x0CEC, 0x0CEC, 0x0CEC, 0x0CEC, 0x0CEC, 0x0CEC, 0x0CEC, 0x0CEC, 0x0CEC, 0x0CEC, 0x0CEC, 0x0CEC, 0x0CEC, 0x0CEC,
    0x0CEC, 0x0CEC, 0x0CEC, 0x0CEC, 0x0CEC, 0x0CEC, 0x0CEC, 0x0CCC, 0x0CCC, 0x0CCC, 0x0CCC, 0x0CCC, 0x0CCC, 0x0CCC, 0x0CCC, 0x0CCC,
    0x0CCC, 0x0CCC, 0x0CCC, 0x0CCC, 0x0CCC, 0x0CCC, 0x0CCC, 0x0CCC, 0x0CCC, 0x0CCC, 0x0CAC, 0x0CAC, 0x0CAC, 0x0CAB, 0x0CAB, 0x0CAB,
    0x0CAB, 0x0CAB, 0x0CAB, 0x0C8B, 0x0C8B, 0x0C8B, 0x0C8B, 0x0C8B, 0x0C8B, 0x0C8B, 0x0C8B, 0x0C6B, 0x0C6B, 0x0C6B, 0x0C6B, 0x0C6B,
    0x0C4B, 0x0C4B, 0x0C4B, 0x0C4A, 0x0C4A, 0x0C4A, 0x0C2A, 0x0C2A, 0x0C2A, 0x0C2A, 0x0C2A, 0x0C0A, 0x0C0A, 0x0C0A, 0x0C0A, 0x0C0A,
    0x0BEA, 0x0BEA, 0x0BEA, 0x0BE9, 0x0BC9, 0x0BC9, 0x0BC9, 0x0BC9, 0x0BA9, 0x0BA9, 0x0BA9, 0x0BA9, 0x0B89, 0x0B89, 0x0B88, 0x0B88,
    0x0B88, 0x0B88, 0x0B88, 0x0B88, 0x0B88, 0x0B88, 0x0B88, 0x0B88, 0x0B88, 0x0B88, 0x0B88, 0x0B88, 0x0B88, 0x0B88, 0x0B88, 0x0B88,
    0x4487, 0x4487, 0x4487, 0x4487, 0x4487, 0x4487, 0x4487, 0x4487, 0x4487, 0x4467, 0x4467, 0x3C67, 0x3C67, 0x3C67, 0x3C67, 0x3C67,
    0x3C67, 0x3C67, 0x3C67, 0x3C67, 0x3C67, 0x3C88, 0x3C88, 0x3C88, 0x3C88, 0x3CA8, 0x3CA8, 0x3CA8, 0x3CA8, 0x3CA8, 0x3CA8, 0x3CC8,
    0x3CC8, 0x3CC9, 0x3CC9, 0x3CC9, 0x3CC9, 0x3CE9, 0x34E9, 0x34E9, 0x34E9, 0x34E9, 0x34E9, 0x34E9, 0x3509, 0x3509, 0x350A, 0x350A,
    0x350A, 0x350A, 0x350A, 0x350A, 0x350A, 0x350A, 0x350A, 0x2D0A, 0x2D0A, 0x2D2A, 0x2D0A, 0x2D2A, 0x2D2A, 0x2D2A, 0x2D2A, 0x2D2B,
    0x2D2B, 0x2D2B, 0x2D2B, 0x252B, 0x252B, 0x252B, 0x252B, 0x252B, 0x252B, 0x250B, 0x252B, 0x250B, 0x252B, 0x250B, 0x1D0B, 0x1D0B,
    0x1D0B, 0x1D0B, 0x1D0B, 0x1D0B, 0x1D0B, 0x1D0B, 0x1D0B, 0x1D0C, 0x1D0C, 0x14EC, 0x14EC, 0x14EC, 0x14EC, 0x14EC, 0x14EC, 0x14EC,
    0x14EC, 0x14EC, 0x14EC, 0x0CEC, 0x0CEC, 0x0CEC, 0x0CEC, 0x0CEC, 0x0CEC, 0x0CEC, 0x0CEC, 0x0CEC, 0x0CEC, 0x0CEC, 0x0CEC, 0x0CEC,
    0x0CEC, 0x0CEC, 0x0CEC, 0x0CEC, 0x0CEC, 0x0CEC, 0x0CEC, 0x0CEC, 0x0CEC, 0x0CEC, 0x0CEC, 0x0CEC, 0x0CEC, 0x0CEC, 0x0CEC, 0x0CEC,
    0x0CEC, 0x0CEC, 0x0CEC, 0x0CEC, 0x0CEC, 0x0CEC, 0x0CEC, 0x0CEC, 0x0CEC, 0x0CEC, 0x0CEC, 0x0CEC, 0x0CEC, 0x0CEC, 0x0CEC, 0x0CEC,
    0x0CEC, 0x0CEC, 0x0CEC, 0x0CEC, 0x0CEC, 0x0CCC, 0x0CCC, 0x0CCC, 0x0CCC, 0x0CCC, 0x0CCC, 0x0CCC, 0x0CCC, 0x0CCC, 0x0CCC, 0x0CCC,
    0x0CCC, 0x0CCC, 0x0CCC, 0x0CCC, 0x0CCC, 0x0CCC, 0x0CCC, 0x0CCC, 0x0CAC, 0x0CAC, 0x0CAC, 0x0CAC, 0x0CAB, 0x0CAB, 0x0CAB, 0x0CAB,
    0x0CAB, 0x0C8B, 0x0C8B, 0x0C8B, 0x0C8B, 0x0C8B, 0x0C8B, 0x0C8B, 0x0C8B, 0x0C8B, 0x0C6B, 0x0C6B, 0x0C6B, 0x0C6B, 0x0C6B, 0x0C4B,
    0x0C4B, 0x0C4B, 0x0C4A, 0x0C4A, 0x0C4A, 0x0C2A, 0x0C2A, 0x0C2A, 0x0C2A, 0x0C2A, 0x0C2A, 0x0C0A, 0x0C0A, 0x0C0A, 0x0C0A, 0x0BEA,
    0x0BEA, 0x0BEA, 0x0BE9, 0x0BC9, 0x0BC9, 0x0BC9, 0x0BC9, 0x0BA9, 0x0BA9, 0x0BA9, 0x0BA9, 0x0B89, 0x0B89, 0x0B89, 0x0B88, 0x0B88,
    0x0B88, 0x0B88, 0x0B88, 0x0B88, 0x0B88, 0x0B88, 0x0B88, 0x0B88, 0x0B88, 0x0B88, 0x0B88, 0x0B88, 0x0B88, 0x0B88, 0x0B88, 0x0B88,
    0x4487, 0x4487, 0x4487, 0x4487, 0x4487, 0x4487, 0x4487, 0x4487, 0x4467, 0x4467, 0x3C67, 0x3C67, 0x3C67, 0x3C67, 0x3C67, 0x3C67,
    0x3C67, 0x3C67, 0x3C67, 0x3C67, 0x3C67, 0x3C68, 0x3C68, 0x3C88, 0x3C88, 0x3C88, 0x3C88, 0x3CA8, 0x3CA8, 0x3CA8, 0x3CA8, 0x3CA8,
    0x3CC8, 0x3CC9, 0x3CC9, 0x34C9, 0x34C9, 0x34C9, 0x34C9, 0x34E9, 0x34E9, 0x34E9, 0x34E9, 0x34E9, 0x34E9, 0x34E9, 0x3509, 0x350A,
    0x350A, 0x350A, 0x350A, 0x350A, 0x350A, 0x350A, 0x2D0A, 0x2D0A, 0x2D0A, 0x2D0A, 0x2D0A, 0x2D0A, 0x2D0A, 0x2D0A, 0x2D2B, 0x2D0B,
    0x2D0B, 0x2D0B, 0x2D2B, 0x252B, 0x250B, 0x250B, 0x250B, 0x250B, 0x250B, 0x250B, 0x250B, 0x250B, 0x250B, 0x1D0B, 0x1D0B, 0x1D0B,
    0x1D0B, 0x1D0B, 0x1D0B, 0x1D0B, 0x1D0B, 0x1D0B, 0x1D0B, 0x1D0C, 0x150C, 0x14EC, 0x14EC, 0x14EC, 0x14EC, 0x14EC, 0x14EC, 0x14EC,
    0x14EC, 0x14EC, 0x0CEC, 0x0CEC, 0x0CEC, 0x0CEC, 0x0CEC, 0x0CEC, 0x0CEC, 0x0CEC, 0x0CEC, 0x0CEC, 0x0CEC, 0x0CEC, 0x0CEC, 0x0CEC,
    0x0CEC, 0x0CEC, 0x0CEC, 0x0CEC, 0x0CEC, 0x0CEC, 0x0CEC, 0x0CEC, 0x0CEC, 0x0CEC, 0x0CEC, 0x0CEC, 0x0CEC, 0x0CEC, 0x0CEC, 0x0CEC,
    0x0CEC, 0x0CEC, 0x0CEC, 0x0CEC, 0x0CEC, 0x0CEC, 0x0CEC, 0x0CEC, 0x0CEC, 0x0CEC, 0x0CEC, 0x0CEC, 0x0CEC, 0x0CEC, 0x0CEC, 0x0CEC,
    0x0CEC, 0x0CEC, 0x0CEC, 0x0CCC, 0x0CCC, 0x0CCC, 0x0CCC, 0x0CCC, 0x0CCC, 0x0CCC, 0x0CCC, 0x0CCC, 0x0CCC, 0x0CCC, 0x0CCC, 0x0CCC,
    0x0CCC, 0x0CCC, 0x0CCC, 0x0CCC, 0x0CCC, 0x0CCC, 0x0CCC, 0x0CAC, 0x0CAC, 0x0CAC, 0x0CAC, 0x0CAB, 0x0CAB, 0x0CAB, 0x0CAB, 0x0CAB,
    0x0C8B, 0x0C8B, 0x0C8B, 0x0C8B, 0x0C8B, 0x0C8B, 0x0C8B, 0x0C8B, 0x0C8B, 0x0C6B, 0x0C6B, 0x0C6B, 0x0C6B, 0x0C6B, 0x0C4B, 0x0C4B,
    0x0C4B, 0x0C4A, 0x0C4A, 0x0C4A, 0x0C2A, 0x0C2A, 0x0C2A, 0x0C2A, 0x0C2A, 0x0C2A, 0x0C0A, 0x0C0A, 0x0C0A, 0x0C0A, 0x0BEA, 0x0BEA,
    0x0BEA, 0x0BE9, 0x0BE9, 0x0BC9, 0x0BC9, 0x0BC9, 0x0BC9, 0x0BA9, 0x0BA9, 0x0BA9, 0x0BA9, 0x0B89, 0x0B89, 0x0B88, 0x0B88, 0x0B88,
    0x0B88, 0x0B88, 0x0B88, 0x0B88, 0x0B88, 0x0B88, 0x0B88, 0x0B88, 0x0B88, 0x0B88, 0x0B88, 0x0B88, 0x0B88, 0x0B88, 0x0B88, 0x0B88,
    0x4487, 0x4487, 0x4487, 0x4487, 0x4487, 0x4487, 0x4487, 0x4467, 0x4467, 0x3C67, 0x3C67, 0x3C67, 0x3C67, 0x3C67, 0x3C67, 0x3C67,
    0x3C67, 0x3C67, 0x3C47, 0x3C47, 0x3C67, 0x3C67, 0x3C68, 0x3C68, 0x3C88, 0x3C88, 0x3C88, 0x3C88, 0x3C88, 0x3CA8, 0x3CA8, 0x3CA8,
    0x34A8, 0x34A8, 0x34C9, 0x34C9, 0x34C9, 0x34C9, 0x34C9, 0x34C9, 0x34E9, 0x34E9, 0x34E9, 0x34E9, 0x34E9, 0x34E9, 0x34E9, 0x34E9,
    0x34EA, 0x34EA, 0x34EA, 0x350A, 0x2D0A, 0x2D0A, 0x2D0A, 0x2D0A, 0x2D0A, 0x2D0A, 0x2D0A, 0x2D0A, 0x2D0A, 0x2D0A, 0x2D0B, 0x2D0B,
    0x2D0B, 0x2D0B, 0x250B, 0x250B, 0x250B, 0x250B, 0x250B, 0x250B, 0x250B, 0x250B, 0x250B, 0x250B, 0x1D0B, 0x1D0B, 0x1D0B, 0x1D0B,
    0x1D0B, 0x1D0B, 0x1D0B, 0x1D0B, 0x1D0B, 0x1CEB, 0x1D0C, 0x150C, 0x14EC, 0x14EC, 0x14EC, 0x14EC, 0x14EC, 0x14EC, 0x14EC, 0x14EC,
    0x14EC, 0x0CEC, 0x0CEC, 0x0CEC, 0x0CEC, 0x0CEC, 0x0CEC, 0x0CEC, 0x0CEC, 0x0CEC, 0x0CEC, 0x0CEC, 0x0CEC, 0x0CEC, 0x0CEC, 0x0CEC,
    0x0CEC, 0x0CEC, 0x0CEC, 0x0CEC, 0x0CEC, 0x0CEC, 0x0CEC, 0x0CEC, 0x0CEC, 0x0CEC, 0x0CEC, 0x0CEC, 0x0CEC, 0x0CEC, 0x0CEC, 0x0CEC,
    0x0CEC, 0x0CEC, 0x0CEC, 0x0CEC, 0x0CEC, 0x0CEC, 0x0CEC, 0x0CEC, 0x0CEC, 0x0CEC, 0x0CEC, 0x0CEC, 0x0CEC, 0x0CEC, 0x0CEC, 0x0CEC,
    0x0CCC, 0x0CCC, 0x0CCC, 0x0CCC, 0x0CCC, 0x0CCC, 0x0CCC, 0x0CCC, 0x0CCC, 0x0CCC, 0x0CCC, 0x0CCC, 0x0CCC, 0x0CCC, 0x0CCC, 0x0CCC,
    0x0CCC, 0x0CCC, 0x0CCC, 0x0CCC, 0x0CCC, 0x0CCC, 0x0CAC, 0x0CAC, 0x0CAC, 0x0CAB, 0x0CAB, 0x0CAB, 0x0CAB, 0x0CAB, 0x0CAB, 0x0C8B,
    0x0C8B, 0x0C8B, 0x0C8B, 0x0C8B, 0x0C8B, 0x0C8B, 0x0C8B, 0x0C8B, 0x0C6B, 0x0C6B, 0x0C6B, 0x0C6B, 0x0C6B, 0x0C6B, 0x0C4B, 0x0C4B,
    0x0C4A, 0x0C4A, 0x0C4A, 0x0C4A, 0x0C2A, 0x0C2A, 0x0C2A, 0x0C2A, 0x0C2A, 0x0C0A, 0x0C0A, 0x0C0A, 0x0C0A, 0x0C0A, 0x0BEA, 0x0BEA,
    0x0BE9, 0x0BE9, 0x0BC9, 0x0BC9, 0x0BC9, 0x0BC9, 0x0BA9, 0x0BA9, 0x0BA9, 0x0BA9, 0x0B89, 0x0B89, 0x0B88, 0x0B88, 0x0B88, 0x0B88,
    0x0B88, 0x0B88, 0x0B88, 0x0B88, 0x0B88, 0x0B88, 0x0B88, 0x0B88, 0x0B88, 0x0B88, 0x0B88, 0x0B88, 0x0B88, 0x0B88, 0x0B88, 0x0B88,
    0x4487, 0x4487, 0x4487, 0x4487, 0x4487, 0x4487, 0x4487, 0x4467, 0x3C67, 0x3C67, 0x3C67, 0x3C67, 0x3C67, 0x3C67, 0x3C67, 0x3C67,
    0x3C67, 0x3C47, 0x3C47, 0x3C47, 0x3C47, 0x3C67, 0x3C67, 0x3C68, 0x3C68, 0x3C88, 0x3C88, 0x3C88, 0x3488, 0x3488, 0x3488, 0x34A8,
    0x34A8, 0x34A8, 0x34A8, 0x34C9, 0x34C9, 0x34C9, 0x34C9, 0x34C9, 0x34C9, 0x34C9, 0x34C9, 0x34C9, 0x34E9, 0x34E9, 0x34E9, 0x34E9,
    0x34EA, 0x34EA, 0x2CEA, 0x2CEA, 0x2D0A, 0x2CEA, 0x2CEA, 0x2D0A, 0x2D0A, 0x2D0A, 0x2D0A, 0x2D0A, 0x2D0A, 0x2D0A, 0x2D0A, 0x2D0B,
    0x2D0B, 0x250B, 0x250B, 0x250B, 0x250B, 0x250B, 0x250B, 0x250B, 0x250B, 0x250B, 0x250B, 0x250B, 0x1D0B, 0x1D0B, 0x1D0B, 0x1D0B,
    0x1D0B, 0x1D0B, 0x1CEB, 0x1CEB, 0x1CEB, 0x1CEC, 0x14EC, 0x14EC, 0x14EC, 0x14EC, 0x14EC, 0x14EC, 0x14EC, 0x14EC, 0x14EC, 0x14CC,
    0x0CCC, 0x0CCC, 0x0CEC, 0x0CEC, 0x0CEC, 0x0CEC, 0x0CEC, 0x0CEC, 0x0CEC, 0x0CEC, 0x0CEC, 0x0CEC, 0x0CEC, 0x0CEC, 0x0CEC, 0x0CEC,
    0x0CEC, 0x0CEC, 0x0CEC, 0x0CEC, 0x0CEC, 0x0CEC, 0x0CEC, 0x0CEC, 0x0CEC, 0x0CEC, 0x0CEC, 0x0CEC, 0x0CEC, 0x0CEC, 0x0CEC, 0x0CEC,
    0x0CEC, 0x0CEC, 0x0CEC, 0x0CEC, 0x0CEC, 0x0CEC, 0x0CEC, 0x0CEC, 0x0CEC, 0x0CEC, 0x0CEC, 0x0CEC, 0x0CEC, 0x0CEC, 0x0CCC, 0x0CCC,
    0x0CCC, 0x0CCC, 0x0CCC, 0x0CCC, 0x0CCC, 0x0CCC, 0x0CCC, 0x0CCC, 0x0CCC, 0x0CCC, 0x0CCC, 0x0CCC, 0x0CCC, 0x0CCC, 0x0CCC, 0x0CCC,
    0x0CCC, 0x0CCC, 0x0CCC, 0x0CCC, 0x0CCC, 0x0CAC, 0x0CAC, 0x0CAC, 0x0CAB, 0x0CAB, 0x0CAB, 0x0CAB, 0x0CAB, 0x0C8B, 0x0C8B, 0x0C8B,
    0x0C8B, 0x0C8B, 0x0C8B, 0x0C8B, 0x0C8B, 0x0C8B, 0x0C8B, 0x0C6B, 0x0C6B, 0x0C6B, 0x0C6B, 0x0C6B, 0x0C6B, 0x0C4B, 0x0C4B, 0x0C4B,
    0x0C4A, 0x0C4A, 0x0C4A, 0x0C2A, 0x0C2A, 0x0C2A, 0x0C2A, 0x0C2A, 0x0C2A, 0x0C0A, 0x0C0A, 0x0C0A, 0x0C0A, 0x0BEA, 0x0BEA, 0x0BEA,
    0x0BE9, 0x0BC9, 0x0BC9, 0x0BC9, 0x0BC9, 0x0BA9, 0x0BA9, 0x0BA9, 0x0BA9, 0x0B89, 0x0B89, 0x0B89, 0x0B88, 0x0B88, 0x0B88, 0x0B88,
    0x0B88, 0x0B88, 0x0B88, 0x0B88, 0x0B88, 0x0B88, 0x0B88, 0x0B88, 0x0B88, 0x0B88, 0x0B88, 0x0B88, 0x0B88, 0x0B88, 0x0B88, 0x0B88,
    0x4487, 0x4487, 0x4487, 0x4487, 0x4487, 0x4467, 0x3C67, 0x3C67, 0x3C67, 0x3C67, 0x3C67, 0x3C67, 0x3C67, 0x3C67, 0x3C67, 0x3C67,
    0x3C47, 0x3C47, 0x3C47, 0x3C47, 0x3C47, 0x3447, 0x3C67, 0x3C68, 0x3468, 0x3468, 0x3468, 0x3488, 0x3488, 0x3488, 0x3488, 0x3488,
    0x34A8, 0x34A8, 0x34A8, 0x34A9, 0x34A9, 0x34A9, 0x34C9, 0x34C9, 0x34C9, 0x34C9, 0x34C9, 0x34C9, 0x34C9, 0x34C9, 0x34E9, 0x2CEA,
    0x2CEA, 0x2CEA, 0x2CEA, 0x2CEA, 0x2CEA, 0x2CEA, 0x2CEA, 0x2CEA, 0x2CEA, 0x2CEA, 0x2CEA, 0x2CEA, 0x2CEA, 0x2D0A, 0x250A, 0x250A,
    0x250A, 0x250B, 0x250B, 0x250B, 0x250B, 0x250B, 0x250B, 0x250B, 0x250B, 0x250B, 0x1CEB, 0x1D0B, 0x1D0B, 0x1CEB, 0x1CEB, 0x1CEB,
    0x1CEB, 0x1CEB, 0x1CEB, 0x1CEB, 0x1CEB, 0x14EB, 0x14EB, 0x14EC, 0x14EC, 0x14EC, 0x14EC, 0x14EC, 0x14EC, 0x14EC, 0x0CCC, 0x0CCC,
    0x0CCC, 0x0CCC, 0x0CCC, 0x0CCC, 0x0CCC, 0x0CEC, 0x0CEC, 0x0CEC, 0x0CEC, 0x0CEC, 0x0CEC, 0x0CEC, 0x0CEC, 0x0CEC, 0x0CEC, 0x0CEC,
    0x0CEC, 0x0CEC, 0x0CEC, 0x0CEC, 0x0CEC, 0x0CEC, 0x0CEC, 0x0CEC, 0x0CEC, 0x0CEC, 0x0CEC, 0x0CEC, 0x0CEC, 0x0CEC, 0x0CEC, 0x0CEC,
    0x0CEC, 0x0CEC, 0x0CEC, 0x0CEC, 0x0CEC, 0x0CEC, 0x0CEC, 0x0CEC, 0x0CEC, 0x0CEC, 0x0CEC, 0x0CCC, 0x0CCC, 0x0CCC, 0x0CCC, 0x0CCC,
    0x0CCC, 0x0CCC, 0x0CCC, 0x0CCC, 0x0CCC, 0x0CCC, 0x0CCC, 0x0CCC, 0x0CCC, 0x0CCC, 0x0CCC, 0x0CCC, 0x0CCC, 0x0CCC, 0x0CCC, 0x0CCC,
    0x0CCC, 0x0CCC, 0x0CCC, 0x0CAC, 0x0CAC, 0x0CAC, 0x0CAB, 0x0CAB, 0x0CAB, 0x0CAB, 0x0CAB, 0x0CAB, 0x0C8B, 0x0C8B, 0x0C8B, 0x0C8B,
    0x0C8B, 0x0C8B, 0x0C8B, 0x0C8B, 0x0C8B, 0x0C6B, 0x0C6B, 0x0C6B, 0x0C6B, 0x0C6B, 0x0C6B, 0x0C6B, 0x0C4B, 0x0C4B, 0x0C4B, 0x0C4A,
    0x0C4A, 0x0C4A, 0x0C2A, 0x0C2A, 0x0C2A, 0x0C2A, 0x0C2A, 0x0C2A, 0x0C0A, 0x0C0A, 0x0C0A, 0x0C0A, 0x0BEA, 0x0BEA, 0x0BEA, 0x0BE9,
    0x0BE9, 0x0BC9, 0x0BC9, 0x0BC9, 0x0BA9, 0x0BA9, 0x0BA9, 0x0BA9, 0x0B89, 0x0B89, 0x0B89, 0x0B88, 0x0B88, 0x0B88, 0x0B88, 0x0B88,
    0x0B88, 0x0B88, 0x0B88, 0x0B88, 0x0B88, 0x0B88, 0x0B88, 0x0B88, 0x0B88, 0x0B88, 0x0B88, 0x0B88, 0x0B88, 0x0B88, 0x0B88, 0x0B88,
    0x4487, 0x4487, 0x4487, 0x4487, 0x4467, 0x3C67, 0x3C67, 0x3C67, 0x3C67, 0x3C67, 0x3C67, 0x3C67, 0x3C67, 0x3C67, 0x3C67, 0x3C47,
    0x3C47, 0x3C47, 0x3C47, 0x3C47, 0x3447, 0x3447, 0x3447, 0x3448, 0x3468, 0x3468, 0x3468, 0x3468, 0x3488, 0x3488, 0x3488, 0x3488,
    0x3488, 0x3488, 0x34A9, 0x34A9, 0x34A9, 0x34A9, 0x34A9, 0x34A9, 0x34C9, 0x34C9, 0x34C9, 0x34C9, 0x34C9, 0x2CC9, 0x2CC9, 0x2CC9,
    0x2CCA, 0x2CCA, 0x2CCA, 0x2CEA, 0x2CEA, 0x2CEA, 0x2CEA, 0x2CEA, 0x2CEA, 0x2CEA, 0x2CEA, 0x2CEA, 0x2CEA, 0x24EA, 0x24EA, 0x24EA,
    0x24EB, 0x24EB, 0x24EB, 0x24EB, 0x24EB, 0x24EB, 0x24EB, 0x24EB, 0x24EB, 0x1CEB, 0x1CEB, 0x1CEB, 0x1CEB, 0x1CEB, 0x1CEB, 0x1CEB,
    0x1CEB, 0x1CEB, 0x14EB, 0x14EB, 0x14EB, 0x14EB, 0x14EB, 0x14EB, 0x14EB, 0x14EC, 0x14CC, 0x14CC, 0x14CC, 0x0CCC, 0x0CCC, 0x0CCC,
    0x0CCC, 0x0CCC, 0x0CCC, 0x0CCC, 0x0CCC, 0x0CCC, 0x0CCC, 0x0CCC, 0x0CCC, 0x0CCC, 0x0CCC, 0x0CEC, 0x0CEC, 0x0CEC, 0x0CEC, 0x0CEC,
    0x0CEC, 0x0CEC, 0x0CEC, 0x0CEC, 0x0CEC, 0x0CEC, 0x0CEC, 0x0CEC, 0x0CEC, 0x0CEC, 0x0CEC, 0x0CEC, 0x0CEC, 0x0CEC, 0x0CEC, 0x0CEC,
    0x0CEC, 0x0CEC, 0x0CEC, 0x0CEC, 0x0CEC, 0x0CCC, 0x0CCC, 0x0CCC, 0x0CCC, 0x0CCC, 0x0CCC, 0x0CCC, 0x0CCC, 0x0CCC, 0x0CCC, 0x0CCC,
    0x0CCC, 0x0CCC, 0x0CCC, 0x0CCC, 0x0CCC, 0x0CCC, 0x0CCC, 0x0CCC, 0x0CCC, 0x0CCC, 0x0CCC, 0x0CCC, 0x0CCC, 0x0CCC, 0x0CCC, 0x0CCC,
    0x0CCC, 0x0CCC, 0x0CAC, 0x0CAC, 0x0CAC, 0x0CAB, 0x0CAB, 0x0CAB, 0x0CAB, 0x0CAB, 0x0CAB, 0x0C8B, 0x0C8B, 0x0C8B, 0x0C8B, 0x0C8B,
    0x0C8B, 0x0C8B, 0x0C8B, 0x0C8B, 0x0C6B, 0x0C6B, 0x0C6B, 0x0C6B, 0x0C6B, 0x0C6B, 0x0C4B, 0x0C4B, 0x0C4B, 0x0C4A, 0x0C4A, 0x0C4A,
    0x0C4A, 0x0C2A, 0x0C2A, 0x0C2A, 0x0C2A, 0x0C2A, 0x0C0A, 0x0C0A, 0x0C0A, 0x0C0A, 0x0C0A, 0x0BEA, 0x0BEA, 0x0BEA, 0x0BE9, 0x0BE9,
    0x0BC9, 0x0BC9, 0x0BC9, 0x0BC9, 0x0BA9, 0x0BA9, 0x0BA9, 0x0BA9, 0x0B89, 0x0B89, 0x0B88, 0x0B88, 0x0B88, 0x0B88, 0x0B88, 0x0B88,
    0x0B88, 0x0B88, 0x0B88, 0x0B88, 0x0B88, 0x0B88, 0x0B88, 0x0B88, 0x0B88, 0x0B88, 0x0B88, 0x0B88, 0x0B88, 0x0B88, 0x0B88, 0x0B88,
    0x4487, 0x4487, 0x4487, 0x4467, 0x3C67, 0x3C67, 0x3C67, 0x3C67, 0x3C67, 0x3C67, 0x3C67, 0x3C67, 0x3C67, 0x3C67, 0x3C47, 0x3C47,
    0x3C47, 0x3C47, 0x3C47, 0x3447, 0x3447, 0x3447, 0x3447, 0x3447, 0x3448, 0x3468, 0x3468, 0x3468, 0x3468, 0x3468, 0x3488, 0x3488,
    0x3488, 0x3488, 0x3488, 0x3489, 0x34A9, 0x34A9, 0x34A9, 0x34A9, 0x34A9, 0x34A9, 0x34A9, 0x2CC9, 0x2CC9, 0x2CC9, 0x2CC9, 0x2CC9,
    0x2CC9, 0x2CCA, 0x2CCA, 0x2CCA, 0x2CCA, 0x2CEA, 0x2CEA, 0x2CEA, 0x2CEA, 0x2CEA, 0x2CEA, 0x24EA, 0x24EA, 0x24EA, 0x24EA, 0x24EA,
    0x24EA, 0x24EB, 0x24EB, 0x24EB, 0x24EB, 0x24EB, 0x24EB, 0x1CEB, 0x1CEB, 0x1CEB, 0x1CEB, 0x1CEB, 0x1CEB, 0x1CEB, 0x1CEB, 0x1CEB,
    0x1CEB, 0x1CEB, 0x14EB, 0x14EB, 0x14EB, 0x14EB, 0x14EB, 0x14CB, 0x14CC, 0x14EC, 0x14CC, 0x14CC, 0x0CCC, 0x0CCC, 0x0CCC, 0x0CCC,
    0x0CCC, 0x0CCC, 0x0CCC, 0x0CCC, 0x0CCC, 0x0CCC, 0x0CCC, 0x0CCC, 0x0CCC, 0x0CCC, 0x0CCC, 0x0CCC, 0x0CCC, 0x0CCC, 0x0CCC, 0x0CCC,
    0x0CCC, 0x0CCC, 0x0CEC, 0x0CEC, 0x0CEC, 0x0CEC, 0x0CEC, 0x0CEC, 0x0CEC, 0x0CEC, 0x0CEC, 0x0CEC, 0x0CEC, 0x0CEC, 0x0CCC, 0x0CCC,
    0x0CCC, 0x0CCC, 0x0CCC, 0x0CCC, 0x0CCC, 0x0CCC, 0x0CCC, 0x0CCC, 0x0CCC, 0x0CCC, 0x0CCC, 0x0CCC, 0x0CCC, 0x0CCC, 0x0CCC, 0x0CCC,
    0x0CCC, 0x0CCC, 0x0CCC, 0x0CCC, 0x0CCC, 0x0CCC, 0x0CCC, 0x0CCC, 0x0CCC, 0x0CCC, 0x0CCC, 0x0CCC, 0x0CCC, 0x0CCC, 0x0CCC, 0x0CAC,
    0x0CAC, 0x0CAC, 0x0CAC, 0x0CAB, 0x0CAB, 0x0CAB, 0x0CAB, 0x0CAB, 0x0CAB, 0x0CAB, 0x0C8B, 0x0C8B, 0x0C8B, 0x0C8B, 0x0C8B, 0x0C8B,
    0x0C8B, 0x0C8B, 0x0C8B, 0x0C6B, 0x0C6B, 0x0C6B, 0x0C6B, 0x0C6B, 0x0C6B, 0x0C6B, 0x0C4B, 0x0C4B, 0x0C4A, 0x0C4A, 0x0C4A, 0x0C4A,
    0x0C2A, 0x0C2A, 0x0C2A, 0x0C2A, 0x0C2A, 0x0C2A, 0x0C0A, 0x0C0A, 0x0C0A, 0x0C0A, 0x0BEA, 0x0BEA, 0x0BEA, 0x0BE9, 0x0BE9, 0x0BC9,
    0x0BC9, 0x0BC9, 0x0BC9, 0x0BA9, 0x0BA9, 0x0BA9, 0x0BA9, 0x0B89, 0x0B89, 0x0B88, 0x0B88, 0x0B88, 0x0B88, 0x0B88, 0x0B88, 0x0B88,
    0x0B88, 0x0B88, 0x0B88, 0x0B88, 0x0B88, 0x0B88, 0x0B88, 0x0B88, 0x0B88, 0x0B88, 0x0B88, 0x0B88, 0x0B88, 0x0B88, 0x0B88, 0x0B88,
    0x4487, 0x4487, 0x4467, 0x3C67, 0x3C67, 0x3C67, 0x3C67, 0x3C67, 0x3C67, 0x3C67, 0x3C67, 0x3C67, 0x3C67, 0x3C47, 0x3C47, 0x3C47,
    0x3C47, 0x3C47, 0x3447, 0x3447, 0x3447, 0x3447, 0x3447, 0x3447, 0x3448, 0x3448, 0x3448, 0x3468, 0x3468, 0x3468, 0x3468, 0x3488,
    0x3488, 0x3488, 0x3488, 0x3488, 0x3489, 0x34A9, 0x34A9, 0x34A9, 0x34A9, 0x2CA9, 0x2CA9, 0x2CA9, 0x2CA9, 0x2CA9, 0x2CC9, 0x2CC9,
    0x2CC9, 0x2CC9, 0x2CCA, 0x2CCA, 0x2CCA, 0x2CCA, 0x2CCA, 0x2CCA, 0x2CCA, 0x2CEA, 0x24EA, 0x24EA, 0x24EA, 0x24EA, 0x24EA, 0x24EA,
    0x24EA, 0x24EA, 0x24EB, 0x24EB, 0x24EB, 0x24EB, 0x1CEB, 0x1CEB, 0x1CEB, 0x1CEB, 0x1CEB, 0x1CEB, 0x1CEB, 0x1CEB, 0x1CEB, 0x1CEB,
    0x1CEB, 0x14EB, 0x14CB, 0x14EB, 0x14CB, 0x14CB, 0x14CB, 0x14CC, 0x14CC, 0x14CC, 0x14CC, 0x0CCC, 0x0CCC, 0x0CCC, 0x0CCC, 0x0CCC,
    0x0CCC, 0x0CCC, 0x0CCC, 0x0CCC, 0x0CCC, 0x0CCC, 0x0CCC, 0x0CCC, 0x0CCC, 0x0CCC, 0x0CCC, 0x0CCC, 0x0CCC, 0x0CCC, 0x0CCC, 0x0CCC,
    0x0CCC, 0x0CCC, 0x0CCC, 0x0CCC, 0x0CCC, 0x0CCC, 0x0CCC, 0x0CCC, 0x0CCC, 0x0CCC, 0x0CCC, 0x0CCC, 0x0CCC, 0x0CCC, 0x0CCC, 0x0CCC,
    0x0CCC, 0x0CCC, 0x0CCC, 0x0CCC, 0x0CCC, 0x0CCC, 0x0CCC, 0x0CCC, 0x0CCC, 0x0CCC, 0x0CCC, 0x0CCC, 0x0CCC, 0x0CCC, 0x0CCC, 0x0CCC,
    0x0CCC, 0x0CCC, 0x0CCC, 0x0CCC, 0x0CCC, 0x0CCC, 0x0CCC, 0x0CCC, 0x0CCC, 0x0CCC, 0x0CCC, 0x0CCC, 0x0CCC, 0x0CAC, 0x0CAC, 0x0CAC,
    0x0CAC, 0x0CAC, 0x0CAB, 0x0CAB, 0x0CAB, 0x0CAB, 0x0CAB, 0x0CAB, 0x0C8B, 0x0C8B, 0x0C8B, 0x0C8B, 0x0C8B, 0x0C8B, 0x0C8B, 0x0C8B,
    0x0C8B, 0x0C8B, 0x0C6B, 0x0C6B, 0x0C6B, 0x0C6B, 0x0C6B, 0x0C6B, 0x0C4B, 0x0C4B, 0x0C4B, 0x0C4B, 0x0C4A, 0x0C4A, 0x0C4A, 0x0C2A,
    0x0C2A, 0x0C2A, 0x0C2A, 0x0C2A, 0x0C2A, 0x0C0A, 0x0C0A, 0x0C0A, 0x0C0A, 0x0C0A, 0x0BEA, 0x0BEA, 0x0BE9, 0x0BE9, 0x0BC9, 0x0BC9,
    0x0BC9, 0x0BC9, 0x0BA9, 0x0BA9, 0x0BA9, 0x0BA9, 0x0BA9, 0x0B89, 0x0B89, 0x0B88, 0x0B88, 0x0B88, 0x0B88, 0x0B88, 0x0B88, 0x0B88,
    0x0B88, 0x0B88, 0x0B88, 0x0B88, 0x0B88, 0x0B88, 0x0B88, 0x0B88, 0x0B88, 0x0B88, 0x0B88, 0x0B88, 0x0B88, 0x0B88, 0x0B88, 0x0B88,
    0x4487, 0x4467, 0x3C67, 0x3C67, 0x3C67, 0x3C67, 0x3C67, 0x3C67, 0x3C67, 0x3C67, 0x3C67, 0x3C67, 0x3C47, 0x3C47, 0x3C47, 0x3C47,
    0x3C47, 0x3447, 0x3447, 0x3447, 0x3447, 0x3447, 0x3447, 0x3447, 0x3447, 0x3448, 0x3448, 0x3448, 0x3468, 0x3468, 0x3468, 0x3468,
    0x3468, 0x3488, 0x3488, 0x3488, 0x3488, 0x3489, 0x3489, 0x2CA9, 0x2CA9, 0x2CA9, 0x2CA9, 0x2CA9, 0x2CA9, 0x2CA9, 0x2CA9, 0x2CA9,
    0x2CC9, 0x2CC9, 0x2CCA, 0x2CCA, 0x2CCA, 0x2CCA, 0x2CCA, 0x2CCA, 0x24CA, 0x24CA, 0x24CA, 0x24CA, 0x24CA, 0x24CA, 0x24CA, 0x24EA,
    0x24EA, 0x24CA, 0x24CA, 0x24EB, 0x24EB, 0x1CEB, 0x1CEB, 0x1CCB, 0x1CEB, 0x1CEB, 0x1CEB, 0x1CCB, 0x1CCB, 0x1CCB, 0x1CEB, 0x1CCB,
    0x14CB, 0x14CB, 0x14CB, 0x14CB, 0x14CB, 0x14CB, 0x14CB, 0x14CC, 0x14CC, 0x14CC, 0x0CCC, 0x0CCC, 0x0CCC, 0x0CCC, 0x0CCC, 0x0CCC,
    0x0CCC, 0x0CCC, 0x0CCC, 0x0CCC, 0x0CCC, 0x0CCC, 0x0CCC, 0x0CCC, 0x0CCC, 0x0CCC, 0x0CCC, 0x0CCC, 0x0CCC, 0x0CCC, 0x0CCC, 0x0CCC,
    0x0CCC, 0x0CCC, 0x0CCC, 0x0CCC, 0x0CCC, 0x0CCC, 0x0CCC, 0x0CCC, 0x0CCC, 0x0CCC, 0x0CCC, 0x0CCC, 0x0CCC, 0x0CCC, 0x0CCC, 0x0CCC,
    0x0CCC, 0x0CCC, 0x0CCC, 0x0CCC, 0x0CCC, 0x0CCC, 0x0CCC, 0x0CCC, 0x0CCC, 0x0CCC, 0x0CCC, 0x0CCC, 0x0CCC, 0x0CCC, 0x0CCC, 0x0CCC,
    0x0CCC, 0x0CCC, 0x0CCC, 0x0CCC, 0x0CCC, 0x0CCC, 0x0CCC, 0x0CCC, 0x0CCC, 0x0CCC, 0x0CCC, 0x0CCC, 0x0CAC, 0x0CAC, 0x0CAC, 0x0CAC,
    0x0CAB, 0x0CAB, 0x0CAB, 0x0CAB, 0x0CAB, 0x0CAB, 0x0CAB, 0x0C8B, 0x0C8B, 0x0C8B, 0x0C8B, 0x0C8B, 0x0C8B, 0x0C8B, 0x0C8B, 0x0C8B,
    0x0C8B, 0x0C6B, 0x0C6B, 0x0C6B, 0x0C6B, 0x0C6B, 0x0C6B, 0x0C4B, 0x0C4B, 0x0C4B, 0x0C4B, 0x0C4A, 0x0C4A, 0x0C4A, 0x0C2A, 0x0C2A,
    0x0C2A, 0x0C2A, 0x0C2A, 0x0C2A, 0x0C0A, 0x0C0A, 0x0C0A, 0x0C0A, 0x0C0A, 0x0BEA, 0x0BEA, 0x0BE9, 0x0BE9, 0x0BC9, 0x0BC9, 0x0BC9,
    0x0BC9, 0x0BC9, 0x0BA9, 0x0BA9, 0x0BA9, 0x0BA9, 0x0B89, 0x0B89, 0x0B88, 0x0B88, 0x0B88, 0x0B88, 0x0B88, 0x0B88, 0x0B88, 0x0B88,
    0x0B88, 0x0B88, 0x0B88, 0x0B88, 0x0B88, 0x0B88, 0x0B88, 0x0B88, 0x0B88, 0x0B88, 0x0B88, 0x0B88, 0x0B88, 0x0B88, 0x0B88, 0x0B88,
    0x4467, 0x3C67, 0x3C67, 0x3C67, 0x3C67, 0x3C67, 0x3C67, 0x3C67, 0x3C67, 0x3C67, 0x3C67, 0x3C47, 0x3C47, 0x3C47, 0x3C47, 0x3C47,
    0x3447, 0x3447, 0x3447, 0x3447, 0x3447, 0x3447, 0x3447, 0x3427, 0x3448, 0x3448, 0x3448, 0x3448, 0x3448, 0x3448, 0x3468, 0x3468,
    0x3468, 0x3468, 0x3468, 0x3468, 0x3489, 0x2C89, 0x2C89, 0x2C89, 0x2C89, 0x2C89, 0x2CA9, 0x2CA9, 0x2CA9, 0x2CA9, 0x2CA9, 0x2CA9,
    0x2CA9, 0x2CA9, 0x2CCA, 0x2CAA, 0x2CCA, 0x2CCA, 0x2CCA, 0x24CA, 0x24CA, 0x24CA, 0x24CA, 0x24CA, 0x24CA, 0x24CA, 0x24CA, 0x24CA,
    0x24CA, 0x24CA, 0x24CA, 0x24CB, 0x1CCB, 0x1CCB, 0x1CCB, 0x1CCB, 0x1CCB, 0x1CCB, 0x1CCB, 0x1CCB, 0x1CCB, 0x1CCB, 0x1CCB, 0x14CB,
    0x14CB, 0x14CB, 0x14CB, 0x14CB, 0x14CB, 0x14CB, 0x14CB, 0x14CB, 0x14CB, 0x0CCC, 0x0CCC, 0x0CCC, 0x0CCC, 0x0CCC, 0x0CCC, 0x0CCC,
    0x0CCC, 0x0CCC, 0x0CCC, 0x0CCC, 0x0CCC, 0x0CCC, 0x0CCC, 0x0CCC, 0x0CCC, 0x0CCC, 0x0CCC, 0x0CCC, 0x0CCC, 0x0CCC, 0x0CCC, 0x0CCC,
    0x0CCC, 0x0CCC, 0x0CCC, 0x0CCC, 0x0CCC, 0x0CCC, 0x0CCC, 0x0CCC, 0x0CCC, 0x0CCC, 0x0CCC, 0x0CCC, 0x0CCC, 0x0CCC, 0x0CCC, 0x0CCC,
    0x0CCC, 0x0CCC, 0x0CCC, 0x0CCC, 0x0CCC, 0x0CCC, 0x0CCC, 0x0CCC, 0x0CCC, 0x0CCC, 0x0CCC, 0x0CCC, 0x0CCC, 0x0CCC, 0x0CCC, 0x0CCC,
    0x0CCC, 0x0CCC, 0x0CCC, 0x0CCC, 0x0CCC, 0x0CCC, 0x0CCC, 0x0CCC, 0x0CCC, 0x0CCC, 0x0CAC, 0x0CAC, 0x0CAC, 0x0CAC, 0x0CAB, 0x0CAB,
    0x0CAB, 0x0CAB, 0x0CAB, 0x0CAB, 0x0CAB, 0x0C8B, 0x0C8B, 0x0C8B, 0x0C8B, 0x0C8B, 0x0C8B, 0x0C8B, 0x0C8B, 0x0C8B, 0x0C8B, 0x0C6B,
    0x0C6B, 0x0C6B, 0x0C6B, 0x0C6B, 0x0C6B, 0x0C6B, 0x0C4B, 0x0C4B, 0x0C4B, 0x0C4A, 0x0C4A, 0x0C4A, 0x0C4A, 0x0C2A, 0x0C2A, 0x0C2A,
    0x0C2A, 0x0C2A, 0x0C2A, 0x0C0A, 0x0C0A, 0x0C0A, 0x0C0A, 0x0C0A, 0x0BEA, 0x0BEA, 0x0BEA, 0x0BE9, 0x0BE9, 0x0BC9, 0x0BC9, 0x0BC9,
    0x0BC9, 0x0BA9, 0x0BA9, 0x0BA9, 0x0BA9, 0x0B89, 0x0B89, 0x0B89, 0x0B88, 0x0B88, 0x0B88, 0x0B88, 0x0B88, 0x0B88, 0x0B88, 0x0B88,
    0x0B88, 0x0B88, 0x0B88, 0x0B88, 0x0B88, 0x0B88, 0x0B88, 0x0B88, 0x0B88, 0x0B88, 0x0B88, 0x0B88, 0x0B88, 0x0B88, 0x0B88, 0x0B88,
    0x3C67, 0x3C67, 0x3C67, 0x3C67, 0x3C67, 0x3C67, 0x3C67, 0x3C67, 0x3C67, 0x3C67, 0x3C47, 0x3C47, 0x3C47, 0x3C47, 0x3C47, 0x3447,
    0x3447, 0x3447, 0x3447, 0x3447, 0x3447, 0x3447, 0x3427, 0x3427, 0x3427, 0x3428, 0x3448, 0x3448, 0x3448, 0x3448, 0x3448, 0x3468,
    0x3468, 0x2C68, 0x2C68, 0x2C68, 0x2C68, 0x2C89, 0x2C89, 0x2C89, 0x2C89, 0x2C89, 0x2C89, 0x2C89, 0x2CA9, 0x2CA9, 0x2CA9, 0x2CA9,
    0x2CA9, 0x2CA9, 0x2CA9, 0x2CAA, 0x2CAA, 0x24AA, 0x24AA, 0x24CA, 0x24CA, 0x24CA, 0x24CA, 0x24CA, 0x24CA, 0x24CA, 0x24CA, 0x24CA,
    0x24CA, 0x24CA, 0x1CCB, 0x1CCB, 0x1CCB, 0x1CCB, 0x1CCB, 0x1CCB, 0x1CCB, 0x1CCB, 0x1CCB, 0x1CCB, 0x1CCB, 0x1CCB, 0x14CB, 0x14CB,
    0x14CB, 0x14CB, 0x14CB, 0x14CB, 0x14CB, 0x14CB, 0x14CB, 0x14CB, 0x0CAB, 0x0CCB, 0x0CCC, 0x0CCC, 0x0CCC, 0x0CCC, 0x0CCC, 0x0CCC,
    0x0CCC, 0x0CCC, 0x0CCC, 0x0CCC, 0x0CCC, 0x0CCC, 0x0CCC, 0x0CCC, 0x0CCC, 0x0CCC, 0x0CCC, 0x0CCC, 0x0CCC, 0x0CCC, 0x0CCC, 0x0CCC,
    0x0CCC, 0x0CCC, 0x0CCC, 0x0CCC, 0x0CCC, 0x0CCC, 0x0CCC, 0x0CCC, 0x0CCC, 0x0CCC, 0x0CCC, 0x0CCC, 0x0CCC, 0x0CCC, 0x0CCC, 0x0CCC,
    0x0CCC, 0x0CCC, 0x0CCC, 0x0CCC, 0x0CCC, 0x0CCC, 0x0CCC, 0x0CCC, 0x0CCC, 0x0CCC, 0x0CCC, 0x0CCC, 0x0CCC, 0x0CCC, 0x0CCC, 0x0CCC,
    0x0CCC, 0x0CCC, 0x0CCC, 0x0CCC, 0x0CCC, 0x0CCC, 0x0CCC, 0x0CAC, 0x0CAC, 0x0CAC, 0x0CAC, 0x0CAC, 0x0CAC, 0x0CAB, 0x0CAB, 0x0CAB,
    0x0CAB, 0x0CAB, 0x0CAB, 0x0CAB, 0x0C8B, 0x0C8B, 0x0C8B, 0x0C8B, 0x0C8B, 0x0C8B, 0x0C8B, 0x0C8B, 0x0C8B, 0x0C8B, 0x0C6B, 0x0C6B,
    0x0C6B, 0x0C6B, 0x0C6B, 0x0C6B, 0x0C6B, 0x0C4B, 0x0C4B, 0x0C4B, 0x0C4A, 0x0C4A, 0x0C4A, 0x0C4A, 0x0C2A, 0x0C2A, 0x0C2A, 0x0C2A,
    0x0C2A, 0x0C2A, 0x0C0A, 0x0C0A, 0x0C0A, 0x0C0A, 0x0C0A, 0x0BEA, 0x0BEA, 0x0BEA, 0x0BE9, 0x0BE9, 0x0BC9, 0x0BC9, 0x0BC9, 0x0BC9,
    0x0BA9, 0x0BA9, 0x0BA9, 0x0BA9, 0x0B89, 0x0B89, 0x0B89, 0x0B88, 0x0B88, 0x0B88, 0x0B88, 0x0B88, 0x0B88, 0x0B88, 0x0B88, 0x0B88,
    0x0B88, 0x0B88, 0x0B88, 0x0B88, 0x0B88, 0x0B88, 0x0B88, 0x0B88, 0x0B88, 0x0B88, 0x0B88, 0x0B88, 0x0B88, 0x0B88, 0x0B88, 0x0B88,
    0x3C67, 0x3C67, 0x3C67, 0x3C67, 0x3C67, 0x3C67, 0x3C67, 0x3C67, 0x3C67, 0x3C47, 0x3C47, 0x3C47, 0x3C47, 0x3C47, 0x3447, 0x3447,
    0x3447, 0x3447, 0x3447, 0x3447, 0x3447, 0x3447, 0x3427, 0x3427, 0x3427, 0x3427, 0x3428, 0x2C48, 0x3448, 0x2C48, 0x2C48, 0x2C48,
    0x2C48, 0x2C68, 0x2C68, 0x2C68, 0x2C68, 0x2C68, 0x2C69, 0x2C89, 0x2C89, 0x2C89, 0x2C89, 0x2C89, 0x2C89, 0x2C89, 0x2CA9, 0x2CA9,
    0x2CA9, 0x2CA9, 0x2CA9, 0x24A9, 0x24AA, 0x24AA, 0x24AA, 0x24AA, 0x24AA, 0x24AA, 0x24AA, 0x24AA, 0x24AA, 0x24CA, 0x24CA, 0x24CA,
    0x1CCA, 0x1CCA, 0x1CCA, 0x1CCB, 0x1CCB, 0x1CCB, 0x1CCB, 0x1CCB, 0x1CCB, 0x1CCB, 0x1CCB, 0x1CCB, 0x1CCB, 0x14CB, 0x14CB, 0x14CB,
    0x14CB, 0x14CB, 0x14AB, 0x14CB, 0x14AB, 0x14AB, 0x14AB, 0x0CAB, 0x0CAB, 0x0CAC, 0x0CAC, 0x0CCC, 0x0CCC, 0x0CCC, 0x0CCC, 0x0CCC,
    0x0CCC, 0x0CCC, 0x0CCC, 0x0CCC, 0x0CCC, 0x0CCC, 0x0CCC, 0x0CCC, 0x0CCC, 0x0CCC, 0x0CCC, 0x0CCC, 0x0CCC, 0x0CCC, 0x0CCC, 0x0CCC,
    0x0CCC, 0x0CCC, 0x0CCC, 0x0CCC, 0x0CCC, 0x0CCC, 0x0CCC, 0x0CCC, 0x0CCC, 0x0CCC, 0x0CCC, 0x0CCC, 0x0CCC, 0x0CCC, 0x0CCC, 0x0CCC,
    0x0CCC, 0x0CCC, 0x0CCC, 0x0CCC, 0x0CCC, 0x0CCC, 0x0CCC, 0x0CCC, 0x0CCC, 0x0CCC, 0x0CCC, 0x0CCC, 0x0CCC, 0x0CCC, 0x0CCC, 0x0CCC,
    0x0CCC, 0x0CCC, 0x0CCC, 0x0CCC, 0x0CCC, 0x0CAC, 0x0CAC, 0x0CAC, 0x0CAC, 0x0CAC, 0x0CAC, 0x0CAB, 0x0CAB, 0x0CAB, 0x0CAB, 0x0CAB,
    0x0CAB, 0x0CAB, 0x0C8B, 0x0C8B, 0x0C8B, 0x0C8B, 0x0C8B, 0x0C8B, 0x0C8B, 0x0C8B, 0x0C8B, 0x0C8B, 0x0C8B, 0x0C6B, 0x0C6B, 0x0C6B,
    0x0C6B, 0x0C6B, 0x0C6B, 0x0C6B, 0x0C4B, 0x0C4B, 0x0C4B, 0x0C4A, 0x0C4A, 0x0C4A, 0x0C4A, 0x0C2A, 0x0C2A, 0x0C2A, 0x0C2A, 0x0C2A,
    0x0C2A, 0x0C0A, 0x0C0A, 0x0C0A, 0x0C0A, 0x0BEA, 0x0BEA, 0x0BEA, 0x0BEA, 0x0BE9, 0x0BE9, 0x0BC9, 0x0BC9, 0x0BC9, 0x0BC9, 0x0BA9,
    0x0BA9, 0x0BA9, 0x0BA9, 0x0B89, 0x0B89, 0x0B89, 0x0B88, 0x0B88, 0x0B88, 0x0B88, 0x0B88, 0x0B88, 0x0B88, 0x0B88, 0x0B88, 0x0B88,
    0x0B88, 0x0B88, 0x0B88, 0x0B88, 0x0B88, 0x0B88, 0x0B88, 0x0B88, 0x0B88, 0x0B88, 0x0B88, 0x0B88, 0x0B88, 0x0B88, 0x0B88, 0x0B88,
    0x3C67, 0x3C67, 0x3C67, 0x3C67, 0x3C67, 0x3C67, 0x3C67, 0x3C67, 0x3C47, 0x3C47, 0x3C47, 0x3C47, 0x3C47, 0x3447, 0x3447, 0x3447,
    0x3447, 0x3447, 0x3447, 0x3447, 0x3427, 0x3427, 0x3427, 0x3427, 0x3427, 0x3427, 0x2C27, 0x2C28, 0x2C28, 0x2C28, 0x2C48, 0x2C48,
    0x2C48, 0x2C48, 0x2C48, 0x2C68, 0x2C68, 0x2C68, 0x2C68, 0x2C69, 0x2C69, 0x2C69, 0x2C89, 0x2C89, 0x2C89, 0x2C89, 0x2C89, 0x2C89,
    0x2489, 0x2489, 0x24A9, 0x24AA, 0x24AA, 0x24AA, 0x24AA, 0x24AA, 0x24AA, 0x24AA, 0x24AA, 0x24AA, 0x24AA, 0x24AA, 0x24AA, 0x1CAA,
    0x1CAA, 0x1CAA, 0x1CAA, 0x1CAA, 0x1CAA, 0x1CAB, 0x1CAB, 0x1CAB, 0x1CAB, 0x1CAB, 0x14AB, 0x14AB, 0x14AB, 0x14AB, 0x14AB, 0x14AB,
    0x14AB, 0x14AB, 0x14AB, 0x14AB, 0x14AB, 0x0CAB, 0x0CAB, 0x0CAB, 0x0CAB, 0x0CAC, 0x0CAC, 0x0CAC, 0x0CAC, 0x0CCC, 0x0CCC, 0x0CCC,
    0x0CCC, 0x0CCC, 0x0CCC, 0x0CCC, 0x0CCC, 0x0CCC, 0x0CCC, 0x0CCC, 0x0CCC, 0x0CCC, 0x0CCC, 0x0CCC, 0x0CCC, 0x0CCC, 0x0CCC, 0x0CCC,
    0x0CCC, 0x0CCC, 0x0CCC, 0x0CCC, 0x0CCC, 0x0CCC, 0x0CCC, 0x0CCC, 0x0CCC, 0x0CCC, 0x0CCC, 0x0CCC, 0x0CCC, 0x0CCC, 0x0CCC, 0x0CCC,
    0x0CCC, 0x0CCC, 0x0CCC, 0x0CCC, 0x0CCC, 0x0CCC, 0x0CCC, 0x0CCC, 0x0CCC, 0x0CCC, 0x0CCC, 0x0CCC, 0x0CCC, 0x0CCC, 0x0CCC, 0x0CCC,
    0x0CCC, 0x0CCC, 0x0CCC, 0x0CAC, 0x0CAC, 0x0CAC, 0x0CAC, 0x0CAB, 0x0CAB, 0x0CAB, 0x0CAB, 0x0CAB, 0x0CAB, 0x0CAB, 0x0CAB, 0x0CAB,
    0x0C8B, 0x0C8B, 0x0C8B, 0x0C8B, 0x0C8B, 0x0C8B, 0x0C8B, 0x0C8B, 0x0C8B, 0x0C8B, 0x0C8B, 0x0C6B, 0x0C6B, 0x0C6B, 0x0C6B, 0x0C6B,
    0x0C6B, 0x0C6B, 0x0C4B, 0x0C4B, 0x0C4B, 0x0C4A, 0x0C4A, 0x0C4A, 0x0C4A, 0x0C4A, 0x0C2A, 0x0C2A, 0x0C2A, 0x0C2A, 0x0C2A, 0x0C2A,
    0x0C0A, 0x0C0A, 0x0C0A, 0x0C0A, 0x0BEA, 0x0BEA, 0x0BEA, 0x0BEA, 0x0BE9, 0x0BE9, 0x0BC9, 0x0BC9, 0x0BC9, 0x0BC9, 0x0BA9, 0x0BA9,
    0x0BA9, 0x0BA9, 0x0BA9, 0x0B89, 0x0B89, 0x0B88, 0x0B88, 0x0B88, 0x0B88, 0x0B88, 0x0B88, 0x0B88, 0x0B88, 0x0B88, 0x0B88, 0x0B88,
    0x0B88, 0x0B88, 0x0B88, 0x0B88, 0x0B88, 0x0B88, 0x0B88, 0x0B88, 0x0B88, 0x0B88, 0x0B88, 0x0B88, 0x0B88, 0x0B88, 0x0B88, 0x0B88,
    0x3C67, 0x3C67, 0x3C67, 0x3C67, 0x3C67, 0x3C67, 0x3C67, 0x3C47, 0x3C47, 0x3C47, 0x3C47, 0x3C47, 0x3447, 0x3447, 0x3447, 0x3447,
    0x3447, 0x3447, 0x3447, 0x3427, 0x3427, 0x3427, 0x3427, 0x3427, 0x3427, 0x2C28, 0x2C28, 0x2C28, 0x2C28, 0x2C28, 0x2C28, 0x2C48,
    0x2C48, 0x2C48, 0x2C48, 0x2C48, 0x2C48, 0x2C68, 0x2C69, 0x2C69, 0x2C69, 0x2C69, 0x2C69, 0x2C69, 0x2C89, 0x2C89, 0x2C89, 0x2489,
    0x2489, 0x2489, 0x2489, 0x2489, 0x248A, 0x248A, 0x24AA, 0x248A, 0x24AA, 0x24AA, 0x24AA, 0x24AA, 0x24AA, 0x1CAA, 0x1CAA, 0x1CAA,
    0x1CAA, 0x1CAA, 0x1CAA, 0x1CAA, 0x1CAA, 0x1CAB, 0x1CAB, 0x1CAB, 0x1CAB, 0x14AB, 0x14AB, 0x14AB, 0x14AB, 0x14AB, 0x14AB, 0x14AB,
    0x14AB, 0x14AB, 0x14AB, 0x14AB, 0x0CAB, 0x0CAB, 0x0CAB, 0x0CAB, 0x0CAB, 0x0CAB, 0x0CAB, 0x0CAC, 0x0CAC, 0x0CAC, 0x0CAC, 0x0CAC,
    0x0CAC, 0x0CAC, 0x0CCC, 0x0CCC, 0x0CCC, 0x0CCC, 0x0CCC, 0x0CCC, 0x0CCC, 0x0CCC, 0x0CCC, 0x0CCC, 0x0CCC, 0x0CCC, 0x0CCC, 0x0CCC,
    0x0CCC, 0x0CCC, 0x0CCC, 0x0CCC, 0x0CCC, 0x0CCC, 0x0CCC, 0x0CCC, 0x0CCC, 0x0CCC, 0x0CCC, 0x0CCC, 0x0CCC, 0x0CCC, 0x0CCC, 0x0CCC,
    0x0CCC, 0x0CCC, 0x0CCC, 0x0CCC, 0x0CCC, 0x0CCC, 0x0CCC, 0x0CCC, 0x0CCC, 0x0CCC, 0x0CCC, 0x0CCC, 0x0CCC, 0x0CCC, 0x0CCC, 0x0CAC,
    0x0CAC, 0x0CAC, 0x0CAC, 0x0CAC, 0x0CAC, 0x0CAB, 0x0CAB, 0x0CAB, 0x0CAB, 0x0CAB, 0x0CAB, 0x0CAB, 0x0CAB, 0x0CAB, 0x0C8B, 0x0C8B,
    0x0C8B, 0x0C8B, 0x0C8B, 0x0C8B, 0x0C8B, 0x0C8B, 0x0C8B, 0x0C8B, 0x0C8B, 0x0C8B, 0x0C6B, 0x0C6B, 0x0C6B, 0x0C6B, 0x0C6B, 0x0C6B,
    0x0C6B, 0x0C4B, 0x0C4B, 0x0C4B, 0x0C4A, 0x0C4A, 0x0C4A, 0x0C4A, 0x0C2A, 0x0C2A, 0x0C2A, 0x0C2A, 0x0C2A, 0x0C2A, 0x0C2A, 0x0C0A,
    0x0C0A, 0x0C0A, 0x0C0A, 0x0BEA, 0x0BEA, 0x0BEA, 0x0BEA, 0x0BE9, 0x0BE9, 0x0BC9, 0x0BC9, 0x0BC9, 0x0BC9, 0x0BA9, 0x0BA9, 0x0BA9,
    0x0BA9, 0x0BA9, 0x0B89, 0x0B89, 0x0B88, 0x0B88, 0x0B88, 0x0B88, 0x0B88, 0x0B88, 0x0B88, 0x0B88, 0x0B88, 0x0B88, 0x0B88, 0x0B88,
    0x0B88, 0x0B88, 0x0B88, 0x0B88, 0x0B88, 0x0B88, 0x0B88, 0x0B88, 0x0B88, 0x0B88, 0x0B88, 0x0B88, 0x0B88, 0x0B88, 0x0B88, 0x0B88,
    0x3C67, 0x3C67, 0x3C67, 0x3C67, 0x3C67, 0x3C67, 0x3C47, 0x3C47, 0x3C47, 0x3C47, 0x3C47, 0x3447, 0x3447, 0x3447, 0x3447, 0x3447,
    0x3447, 0x3447, 0x3427, 0x3427, 0x3427, 0x3427, 0x3427, 0x3427, 0x2C28, 0x2C28, 0x2C28, 0x2C28, 0x2C28, 0x2C28, 0x2C28, 0x2C28,
    0x2C48, 0x2C48, 0x2C48, 0x2C48, 0x2C48, 0x2C48, 0x2C48, 0x2C69, 0x2C69, 0x2C69, 0x2C69, 0x2C69, 0x2C69, 0x2469, 0x2469, 0x2489,
    0x2489, 0x2489, 0x2489, 0x2489, 0x2489, 0x248A, 0x248A, 0x248A, 0x248A, 0x248A, 0x248A, 0x24AA, 0x1CAA, 0x1CAA, 0x1CAA, 0x1CAA,
    0x1CAA, 0x1CAA, 0x1CAA, 0x1CAA, 0x1CAA, 0x1CAB, 0x1CAB, 0x1CAB, 0x14AB, 0x14AB, 0x14AB, 0x14AB, 0x14AB, 0x14AB, 0x14AB, 0x14AB,
    0x14AB, 0x14AB, 0x14AB, 0x0CAB, 0x0CAB, 0x0CAB, 0x0CAB, 0x0CAB, 0x0CAB, 0x0CAB, 0x0CAB, 0x0CAB, 0x0CAB, 0x0CAB, 0x0CAC, 0x0CAC,
    0x0CAC, 0x0CAC, 0x0CAC, 0x0CAC, 0x0CAC, 0x0CCC, 0x0CCC, 0x0CCC, 0x0CCC, 0x0CCC, 0x0CCC, 0x0CCC, 0x0CCC, 0x0CCC, 0x0CCC, 0x0CCC,
    0x0CCC, 0x0CCC, 0x0CCC, 0x0CCC, 0x0CCC, 0x0CCC, 0x0CCC, 0x0CCC, 0x0CCC, 0x0CCC, 0x0CCC, 0x0CCC, 0x0CCC, 0x0CCC, 0x0CCC, 0x0CCC,
    0x0CCC, 0x0CCC, 0x0CCC, 0x0CCC, 0x0CCC, 0x0CCC, 0x0CCC, 0x0CCC, 0x0CCC, 0x0CCC, 0x0CCC, 0x0CAC, 0x0CAC, 0x0CAC, 0x0CAC, 0x0CAC,
    0x0CAC, 0x0CAC, 0x0CAB, 0x0CAB, 0x0CAB, 0x0CAB, 0x0CAB, 0x0CAB, 0x0CAB, 0x0CAB, 0x0CAB, 0x0CAB, 0x0C8B, 0x0C8B, 0x0C8B, 0x0C8B,
    0x0C8B, 0x0C8B, 0x0C8B, 0x0C8B, 0x0C8B, 0x0C8B, 0x0C8B, 0x0C8B, 0x0C6B, 0x0C6B, 0x0C6B, 0x0C6B, 0x0C6B, 0x0C6B, 0x0C6B, 0x0C6B,
    0x0C4B, 0x0C4B, 0x0C4B, 0x0C4A, 0x0C4A, 0x0C4A, 0x0C4A, 0x0C2A, 0x0C2A, 0x0C2A, 0x0C2A, 0x0C2A, 0x0C2A, 0x0C2A, 0x0C0A, 0x0C0A,
    0x0C0A, 0x0C0A, 0x0BEA, 0x0BEA, 0x0BEA, 0x0BEA, 0x0BE9, 0x0BE9, 0x0BC9, 0x0BC9, 0x0BC9, 0x0BC9, 0x0BA9, 0x0BA9, 0x0BA9, 0x0BA9,
    0x0BA9, 0x0B89, 0x0B89, 0x0B88, 0x0B88, 0x0B88, 0x0B88, 0x0B88, 0x0B88, 0x0B88, 0x0B88, 0x0B88, 0x0B88, 0x0B88, 0x0B88, 0x0B88,
    0x0B88, 0x0B88, 0x0B88, 0x0B88, 0x0B88, 0x0B88, 0x0B88, 0x0B88, 0x0B88, 0x0B88, 0x0B88, 0x0B88, 0x0B88, 0x0B88, 0x0B88, 0x0B88,
    0x3C67, 0x3C67, 0x3C67, 0x3C67, 0x3C67, 0x3C47, 0x3C47, 0x3C47, 0x3C47, 0x3C47, 0x3447, 0x3447, 0x3447, 0x3447, 0x3447, 0x3447,
    0x3447, 0x3427, 0x3427, 0x3427, 0x3427, 0x3427, 0x3427, 0x2C28, 0x2C28, 0x2C28, 0x2C28, 0x2C28, 0x2C08, 0x2C08, 0x2C28, 0x2C28,
    0x2C28, 0x2C28, 0x2C28, 0x2C48, 0x2C48, 0x2C48, 0x2C48, 0x2C48, 0x2C49, 0x2C49, 0x2469, 0x2469, 0x2469, 0x2469, 0x2469, 0x2469,
    0x2469, 0x2469, 0x2489, 0x2489, 0x2489, 0x2489, 0x248A, 0x248A, 0x248A, 0x248A, 0x1C8A, 0x1C8A, 0x1C8A, 0x1C8A, 0x1C8A, 0x1C8A,
    0x1C8A, 0x1CAA, 0x1C8A, 0x1CAA, 0x1CAA, 0x1CAA, 0x1C8A, 0x14AB, 0x14AB, 0x14AB, 0x148B, 0x14AB, 0x14AB, 0x14AB, 0x148B, 0x148B,
    0x148B, 0x148B, 0x0C8B, 0x0C8B, 0x0C8B, 0x0C8B, 0x0CAB, 0x0CAB, 0x0CAB, 0x0CAB, 0x0CAB, 0x0CAB, 0x0CAB, 0x0CAB, 0x0CAB, 0x0CAB,
    0x0CAB, 0x0CAC, 0x0CAC, 0x0CAC, 0x0CAC, 0x0CAC, 0x0CAC, 0x0CAC, 0x0CAC, 0x0CCC, 0x0CCC, 0x0CCC, 0x0CCC, 0x0CCC, 0x0CCC, 0x0CCC,
    0x0CCC, 0x0CCC, 0x0CCC, 0x0CCC, 0x0CCC, 0x0CCC, 0x0CCC, 0x0CCC, 0x0CCC, 0x0CCC, 0x0CCC, 0x0CCC, 0x0CCC, 0x0CCC, 0x0CCC, 0x0CCC,
    0x0CCC, 0x0CCC, 0x0CCC, 0x0CCC, 0x0CCC, 0x0CCC, 0x0CCC, 0x0CAC, 0x0CAC, 0x0CAC, 0x0CAC, 0x0CAC, 0x0CAC, 0x0CAC, 0x0CAC, 0x0CAB,
    0x0CAB, 0x0CAB, 0x0CAB, 0x0CAB, 0x0CAB, 0x0CAB, 0x0CAB, 0x0CAB, 0x0CAB, 0x0CAB, 0x0C8B, 0x0C8B, 0x0C8B, 0x0C8B, 0x0C8B, 0x0C8B,
    0x0C8B, 0x0C8B, 0x0C8B, 0x0C8B, 0x0C8B, 0x0C8B, 0x0C6B, 0x0C6B, 0x0C6B, 0x0C6B, 0x0C6B, 0x0C6B, 0x0C6B, 0x0C6B, 0x0C4B, 0x0C4B,
    0x0C4B, 0x0C4B, 0x0C4A, 0x0C4A, 0x0C4A, 0x0C4A, 0x0C2A, 0x0C2A, 0x0C2A, 0x0C2A, 0x0C2A, 0x0C2A, 0x0C0A, 0x0C0A, 0x0C0A, 0x0C0A,
    0x0C0A, 0x0C0A, 0x0BEA, 0x0BEA, 0x0BEA, 0x0BE9, 0x0BE9, 0x0BC9, 0x0BC9, 0x0BC9, 0x0BC9, 0x0BA9, 0x0BA9, 0x0BA9, 0x0BA9, 0x0BA9,
    0x0B89, 0x0B89, 0x0B88, 0x0B88, 0x0B88, 0x0B88, 0x0B88, 0x0B88, 0x0B88, 0x0B88, 0x0B88, 0x0B88, 0x0B88, 0x0B88, 0x0B88, 0x0B88,
    0x0B88, 0x0B88, 0x0B88, 0x0B88, 0x0B88, 0x0B88, 0x0B88, 0x0B88, 0x0B88, 0x0B88, 0x0B88, 0x0B88, 0x0B88, 0x0B88, 0x0B88, 0x0B88,
    0x3C67, 0x3C67, 0x3C67, 0x3C67, 0x3C47, 0x3C47, 0x3C47, 0x3C47, 0x3C47, 0x3447, 0x3447, 0x3447, 0x3447, 0x3447, 0x3447, 0x3447,
    0x3427, 0x3427, 0x3427, 0x3427, 0x3427, 0x3427, 0x2C28, 0x2C28, 0x2C28, 0x2C28, 0x2C28, 0x2C08, 0x2C08, 0x2C08, 0x2C08, 0x2C28,
    0x2C28, 0x2C28, 0x2C28, 0x2C28, 0x2C28, 0x2C48, 0x2C48, 0x2C48, 0x2448, 0x2449, 0x2449, 0x2449, 0x2469, 0x2469, 0x2469, 0x2469,
    0x2469, 0x2469, 0x2469, 0x2469, 0x2469, 0x248A, 0x248A, 0x248A, 0x248A, 0x1C8A, 0x1C8A, 0x1C8A, 0x1C8A, 0x1C8A, 0x1C8A, 0x1C8A,
    0x1C8A, 0x1C8A, 0x1C8A, 0x1C8A, 0x1C8A, 0x148A, 0x148A, 0x148B, 0x148B, 0x148B, 0x148B, 0x148B, 0x148B, 0x148B, 0x148B, 0x148B,
    0x148B, 0x0C8B, 0x0C8B, 0x0C8B, 0x0C8B, 0x0C8B, 0x0C8B, 0x0C8B, 0x0CAB, 0x0CAB, 0x0CAB, 0x0CAB, 0x0CAB, 0x0CAB, 0x0CAB, 0x0CAB,
    0x0CAB, 0x0CAB, 0x0CAB, 0x0CAB, 0x0CAC, 0x0CAC, 0x0CAC, 0x0CAC, 0x0CAC, 0x0CAC, 0x0CAC, 0x0CAC, 0x0CAC, 0x0CAC, 0x0CAC, 0x0CAC,
    0x0CCC, 0x0CCC, 0x0CCC, 0x0CCC, 0x0CCC, 0x0CCC, 0x0CCC, 0x0CCC, 0x0CCC, 0x0CCC, 0x0CCC, 0x0CCC, 0x0CCC, 0x0CCC, 0x0CCC, 0x0CCC,
    0x0CAC, 0x0CAC, 0x0CAC, 0x0CAC, 0x0CAC, 0x0CAC, 0x0CAC, 0x0CAC, 0x0CAC, 0x0CAC, 0x0CAC, 0x0CAC, 0x0CAB, 0x0CAB, 0x0CAB, 0x0CAB,
    0x0CAB, 0x0CAB, 0x0CAB, 0x0CAB, 0x0CAB, 0x0CAB, 0x0CAB, 0x0CAB, 0x0C8B, 0x0C8B, 0x0C8B, 0x0C8B, 0x0C8B, 0x0C8B, 0x0C8B, 0x0C8B,
    0x0C8B, 0x0C8B, 0x0C8B, 0x0C8B, 0x0C8B, 0x0C6B, 0x0C6B, 0x0C6B, 0x0C6B, 0x0C6B, 0x0C6B, 0x0C6B, 0x0C6B, 0x0C4B, 0x0C4B, 0x0C4B,
    0x0C4B, 0x0C4A, 0x0C4A, 0x0C4A, 0x0C4A, 0x0C2A, 0x0C2A, 0x0C2A, 0x0C2A, 0x0C2A, 0x0C2A, 0x0C2A, 0x0C0A, 0x0C0A, 0x0C0A, 0x0C0A,
    0x0C0A, 0x0BEA, 0x0BEA, 0x0BEA, 0x0BE9, 0x0BE9, 0x0BC9, 0x0BC9, 0x0BC9, 0x0BC9, 0x0BC9, 0x0BA9, 0x0BA9, 0x0BA9, 0x0BA9, 0x0B89,
    0x0B89, 0x0B89, 0x0B88, 0x0B88, 0x0B88, 0x0B88, 0x0B88, 0x0B88, 0x0B88, 0x0B88, 0x0B88, 0x0B88, 0x0B88, 0x0B88, 0x0B88, 0x0B88,
    0x0B88, 0x0B88, 0x0B88, 0x0B88, 0x0B88, 0x0B88, 0x0B88, 0x0B88, 0x0B88, 0x0B88, 0x0B88, 0x0B88, 0x0B88, 0x0B88, 0x0B88, 0x0B88,
    0x3C67, 0x3C67, 0x3C67, 0x3C47, 0x3C47, 0x3C47, 0x3C47, 0x3C47, 0x3447, 0x3447, 0x3447, 0x3447, 0x3447, 0x3447, 0x3447, 0x3427,
    0x3427, 0x3427, 0x3427, 0x3427, 0x3427, 0x2C27, 0x2C28, 0x2C28, 0x2C28, 0x2C28, 0x2C08, 0x2C08, 0x2C08, 0x2C08, 0x2C08, 0x2C08,
    0x2C08, 0x2C28, 0x2C28, 0x2C28, 0x2C28, 0x2C28, 0x2428, 0x2448, 0x2448, 0x2449, 0x2449, 0x2449, 0x2449, 0x2449, 0x2469, 0x2469,
    0x2469, 0x2469, 0x2469, 0x2469, 0x2469, 0x2469, 0x2469, 0x1C6A, 0x1C6A, 0x1C8A, 0x1C6A, 0x1C8A, 0x1C8A, 0x1C8A, 0x1C8A, 0x1C8A,
    0x1C8A, 0x1C8A, 0x1C8A, 0x1C8A, 0x148A, 0x148A, 0x148A, 0x148B, 0x148B, 0x148B, 0x148B, 0x148B, 0x148B, 0x148B, 0x148B, 0x148B,
    0x0C8B, 0x0C8B, 0x0C8B, 0x0C8B, 0x0C8B, 0x0C8B, 0x0C8B, 0x0C8B, 0x0C8B, 0x0C8B, 0x0C8B, 0x0CAB, 0x0CAB, 0x0CAB, 0x0CAB, 0x0CAB,
    0x0CAB, 0x0CAB, 0x0CAB, 0x0CAB, 0x0CAB, 0x0CAB, 0x0CAB, 0x0CAB, 0x0CAB, 0x0CAC, 0x0CAC, 0x0CAC, 0x0CAC, 0x0CAC, 0x0CAC, 0x0CAC,
    0x0CAC, 0x0CAC, 0x0CAC, 0x0CAC, 0x0CAC, 0x0CAC, 0x0CAC, 0x0CAC, 0x0CAC, 0x0CAC, 0x0CAC, 0x0CAC, 0x0CAC, 0x0CAC, 0x0CAC, 0x0CAC,
    0x0CAC, 0x0CAC, 0x0CAC, 0x0CAC, 0x0CAC, 0x0CAC, 0x0CAC, 0x0CAB, 0x0CAB, 0x0CAB, 0x0CAB, 0x0CAB, 0x0CAB, 0x0CAB, 0x0CAB, 0x0CAB,
    0x0CAB, 0x0CAB, 0x0CAB, 0x0CAB, 0x0CAB, 0x0CAB, 0x0C8B, 0x0C8B, 0x0C8B, 0x0C8B, 0x0C8B, 0x0C8B, 0x0C8B, 0x0C8B, 0x0C8B, 0x0C8B,
    0x0C8B, 0x0C8B, 0x0C8B, 0x0C6B, 0x0C6B, 0x0C6B, 0x0C6B, 0x0C6B, 0x0C6B, 0x0C6B, 0x0C6B, 0x0C6B, 0x0C4B, 0x0C4B, 0x0C4B, 0x0C4A,
    0x0C4A, 0x0C4A, 0x0C4A, 0x0C4A, 0x0C2A, 0x0C2A, 0x0C2A, 0x0C2A, 0x0C2A, 0x0C2A, 0x0C2A, 0x0C0A, 0x0C0A, 0x0C0A, 0x0C0A, 0x0C0A,
    0x0BEA, 0x0BEA, 0x0BEA, 0x0BE9, 0x0BE9, 0x0BC9, 0x0BC9, 0x0BC9, 0x0BC9, 0x0BC9, 0x0BA9, 0x0BA9, 0x0BA9, 0x0BA9, 0x0B89, 0x0B89,
    0x0B89, 0x0B88, 0x0B88, 0x0B88, 0x0B88, 0x0B88, 0x0B88, 0x0B88, 0x0B88, 0x0B88, 0x0B88, 0x0B88, 0x0B88, 0x0B88, 0x0B88, 0x0B88,
    0x0B88, 0x0B88, 0x0B88, 0x0B88, 0x0B88, 0x0B88, 0x0B88, 0x0B88, 0x0B88, 0x0B88, 0x0B88, 0x0B88, 0x0B88, 0x0B88, 0x0B88, 0x0B88,
    0x3C67, 0x3C67, 0x3C47, 0x3C47, 0x3C47, 0x3C47, 0x3C47, 0x3447, 0x3447, 0x3447, 0x3447, 0x3447, 0x3447, 0x3447, 0x3447, 0x3427,
    0x3427, 0x3427, 0x3427, 0x3427, 0x2C27, 0x2C28, 0x2C28, 0x2C28, 0x2C28, 0x2C08, 0x2C08, 0x2C08, 0x2C08, 0x2C08, 0x2C08, 0x2C08,
    0x2C08, 0x2C08, 0x2C08, 0x2428, 0x2428, 0x2428, 0x2428, 0x2428, 0x2428, 0x2448, 0x2449, 0x2449, 0x2449, 0x2449, 0x2449, 0x2449,
    0x2449, 0x2449, 0x2469, 0x2469, 0x2469, 0x2469, 0x1C69, 0x1C69, 0x1C6A, 0x1C6A, 0x1C6A, 0x1C6A, 0x1C6A, 0x1C6A, 0x1C8A, 0x1C6A,
    0x1C6A, 0x1C8A, 0x1C8A, 0x148A, 0x148A, 0x148A, 0x148A, 0x148A, 0x148A, 0x148B, 0x148B, 0x148B, 0x148B, 0x148B, 0x148B, 0x0C8B,
    0x0C8B, 0x0C8B, 0x0C8B, 0x0C8B, 0x0C8B, 0x0C8B, 0x0C8B, 0x0C8B, 0x0C8B, 0x0C8B, 0x0C8B, 0x0C8B, 0x0C8B, 0x0CAB, 0x0C8B, 0x0CAB,
    0x0CAB, 0x0CAB, 0x0CAB, 0x0CAB, 0x0CAB, 0x0CAB, 0x0CAB, 0x0CAB, 0x0CAB, 0x0CAB, 0x0CAB, 0x0CAB, 0x0CAB, 0x0CAB, 0x0CAB, 0x0CAC,
    0x0CAC, 0x0CAC, 0x0CAC, 0x0CAC, 0x0CAC, 0x0CAC, 0x0CAC, 0x0CAC, 0x0CAC, 0x0CAC, 0x0CAC, 0x0CAC, 0x0CAC, 0x0CAC, 0x0CAC, 0x0CAC,
    0x0CAC, 0x0CAB, 0x0CAB, 0x0CAB, 0x0CAB, 0x0CAB, 0x0CAB, 0x0CAB, 0x0CAB, 0x0CAB, 0x0CAB, 0x0CAB, 0x0CAB, 0x0CAB, 0x0CAB, 0x0CAB,
    0x0CAB, 0x0C8B, 0x0CAB, 0x0C8B, 0x0C8B, 0x0C8B, 0x0C8B, 0x0C8B, 0x0C8B, 0x0C8B, 0x0C8B, 0x0C8B, 0x0C8B, 0x0C8B, 0x0C8B, 0x0C8B,
    0x0C8B, 0x0C6B, 0x0C6B, 0x0C6B, 0x0C6B, 0x0C6B, 0x0C6B, 0x0C6B, 0x0C6B, 0x0C6B, 0x0C4B, 0x0C4B, 0x0C4B, 0x0C4B, 0x0C4A, 0x0C4A,
    0x0C4A, 0x0C4A, 0x0C2A, 0x0C2A, 0x0C2A, 0x0C2A, 0x0C2A, 0x0C2A, 0x0C2A, 0x0C0A, 0x0C0A, 0x0C0A, 0x0C0A, 0x0C0A, 0x0C0A, 0x0BEA,
    0x0BEA, 0x0BEA, 0x0BE9, 0x0BE9, 0x0BC9, 0x0BC9, 0x0BC9, 0x0BC9, 0x0BC9, 0x0BA9, 0x0BA9, 0x0BA9, 0x0BA9, 0x0B89, 0x0B89, 0x0B89,
    0x0B88, 0x0B88, 0x0B88, 0x0B88, 0x0B88, 0x0B88, 0x0B88, 0x0B88, 0x0B88, 0x0B88, 0x0B88, 0x0B88, 0x0B88, 0x0B88, 0x0B88, 0x0B88,
    0x0B88, 0x0B88, 0x0B88, 0x0B88, 0x0B88, 0x0B88, 0x0B88, 0x0B88, 0x0B88, 0x0B88, 0x0B88, 0x0B88, 0x0B88, 0x0B88, 0x0B88, 0x0B88,
    0x3C67, 0x3C47, 0x3C47, 0x3C47, 0x3C47, 0x3C47, 0x3447, 0x3447, 0x3447, 0x3447, 0x3447, 0x3447, 0x3447, 0x3427, 0x3427, 0x3427,
    0x3427, 0x3427, 0x3427, 0x2C28, 0x2C28, 0x2C28, 0x2C28, 0x2C28, 0x2C08, 0x2C08, 0x2C08, 0x2C08, 0x2C08, 0x2C08, 0x2C08, 0x2C08,
    0x2408, 0x2408, 0x2408, 0x2408, 0x2408, 0x2428, 0x2428, 0x2428, 0x2428, 0x2428, 0x2428, 0x2429, 0x2449, 0x2449, 0x2449, 0x2449,
    0x2449, 0x2449, 0x2449, 0x1C49, 0x1C69, 0x1C49, 0x1C69, 0x1C69, 0x1C6A, 0x1C6A, 0x1C6A, 0x1C6A, 0x1C6A, 0x1C6A, 0x1C6A, 0x1C6A,
    0x1C6A, 0x1C6A, 0x146A, 0x146A, 0x146A, 0x146A, 0x146A, 0x146A, 0x146A, 0x146A, 0x146B, 0x146B, 0x0C6B, 0x146B, 0x0C6B, 0x0C6B,
    0x0C6B, 0x0C6B, 0x0C8B, 0x0C8B, 0x0C8B, 0x0C8B, 0x0C8B, 0x0C8B, 0x0C8B, 0x0C8B, 0x0C8B, 0x0C8B, 0x0C8B, 0x0C8B, 0x0C8B, 0x0C8B,
    0x0C8B, 0x0C8B, 0x0CAB, 0x0CAB, 0x0CAB, 0x0CAB, 0x0CAB, 0x0CAB, 0x0CAB, 0x0CAB, 0x0CAB, 0x0CAB, 0x0CAB, 0x0CAB, 0x0CAB, 0x0CAB,
    0x0CAB, 0x0CAB, 0x0CAB, 0x0CAB, 0x0CAB, 0x0CAB, 0x0CAB, 0x0CAB, 0x0CAB, 0x0CAB, 0x0CAB, 0x0CAB, 0x0CAB, 0x0CAB, 0x0CAB, 0x0CAB,
    0x0CAB, 0x0CAB, 0x0CAB, 0x0CAB, 0x0CAB, 0x0CAB, 0x0CAB, 0x0CAB, 0x0CAB, 0x0CAB, 0x0CAB, 0x0CAB, 0x0CAB, 0x0CAB, 0x0C8B, 0x0C8B,
    0x0C8B, 0x0C8B, 0x0C8B, 0x0C8B, 0x0C8B, 0x0C8B, 0x0C8B, 0x0C8B, 0x0C8B, 0x0C8B, 0x0C8B, 0x0C8B, 0x0C8B, 0x0C8B, 0x0C6B, 0x0C6B,
    0x0C6B, 0x0C6B, 0x0C6B, 0x0C6B, 0x0C6B, 0x0C6B, 0x0C6B, 0x0C6B, 0x0C4B, 0x0C4B, 0x0C4B, 0x0C4B, 0x0C4B, 0x0C4A, 0x0C4A, 0x0C4A,
    0x0C4A, 0x0C2A, 0x0C2A, 0x0C2A, 0x0C2A, 0x0C2A, 0x0C2A, 0x0C2A, 0x0C0A, 0x0C0A, 0x0C0A, 0x0C0A, 0x0C0A, 0x0BEA, 0x0BEA, 0x0BEA,
    0x0BEA, 0x0BE9, 0x0BE9, 0x0BC9, 0x0BC9, 0x0BC9, 0x0BC9, 0x0BC9, 0x0BA9, 0x0BA9, 0x0BA9, 0x0BA9, 0x0B89, 0x0B89, 0x0B89, 0x0B88,
    0x0B88, 0x0B88, 0x0B88, 0x0B88, 0x0B88, 0x0B88, 0x0B88, 0x0B88, 0x0B88, 0x0B88, 0x0B88, 0x0B88, 0x0B88, 0x0B88, 0x0B88, 0x0B88,
    0x0B88, 0x0B88, 0x0B88, 0x0B88, 0x0B88, 0x0B88, 0x0B88, 0x0B88, 0x0B88, 0x0B88, 0x0B88, 0x0B88, 0x0B88, 0x0B88, 0x0B88, 0x0B88,
    0x3C47, 0x3C47, 0x3C47, 0x3C47, 0x3447, 0x3447, 0x3447, 0x3447, 0x3447, 0x3447, 0x3447, 0x3447, 0x3427, 0x3427, 0x3427, 0x3427,
    0x3427, 0x3427, 0x2C28, 0x2C28, 0x2C28, 0x2C28, 0x2C28, 0x2C08, 0x2C08, 0x2C08, 0x2C08, 0x2C08, 0x2C08, 0x2C08, 0x2C08, 0x2408,
    0x2408, 0x2408, 0x2408, 0x2408, 0x2408, 0x2408, 0x2408, 0x2428, 0x2428, 0x2428, 0x2428, 0x2429, 0x2429, 0x2429, 0x2429, 0x2449,
    0x2449, 0x2449, 0x1C49, 0x1C49, 0x1C49, 0x1C49, 0x1C49, 0x1C49, 0x1C49, 0x1C6A, 0x1C6A, 0x1C6A, 0x1C6A, 0x1C6A, 0x1C6A, 0x1C6A,
    0x146A, 0x146A, 0x146A, 0x146A, 0x146A, 0x146A, 0x146A, 0x146A, 0x146A, 0x146A, 0x146B, 0x0C6B, 0x0C6B, 0x0C6B, 0x0C6B, 0x0C6B,
    0x0C6B, 0x0C6B, 0x0C8B, 0x0C6B, 0x0C8B, 0x0C8B, 0x0C8B, 0x0C8B, 0x0C8B, 0x0C8B, 0x0C8B, 0x0C8B, 0x0C8B, 0x0C8B, 0x0C8B, 0x0C8B,
    0x0C8B, 0x0C8B, 0x0C8B, 0x0C8B, 0x0C8B, 0x0C8B, 0x0CAB, 0x0CAB, 0x0CAB, 0x0CAB, 0x0CAB, 0x0CAB, 0x0CAB, 0x0CAB, 0x0CAB, 0x0CAB,
    0x0CAB, 0x0CAB, 0x0CAB, 0x0CAB, 0x0CAB, 0x0CAB, 0x0CAB, 0x0CAB, 0x0CAB, 0x0CAB, 0x0CAB, 0x0CAB, 0x0CAB, 0x0CAB, 0x0CAB, 0x0CAB,
    0x0CAB, 0x0CAB, 0x0CAB, 0x0CAB, 0x0CAB, 0x0CAB, 0x0CAB, 0x0CAB, 0x0CAB, 0x0CAB, 0x0C8B, 0x0C8B, 0x0C8B, 0x0C8B, 0x0C8B, 0x0C8B,
    0x0C8B, 0x0C8B, 0x0C8B, 0x0C8B, 0x0C8B, 0x0C8B, 0x0C8B, 0x0C8B, 0x0C8B, 0x0C8B, 0x0C8B, 0x0C8B, 0x0C8B, 0x0C6B, 0x0C6B, 0x0C6B,
    0x0C6B, 0x0C6B, 0x0C6B, 0x0C6B, 0x0C6B, 0x0C6B, 0x0C4B, 0x0C4B, 0x0C4B, 0x0C4B, 0x0C4A, 0x0C4A, 0x0C4A, 0x0C4A, 0x0C4A, 0x0C2A,
    0x0C2A, 0x0C2A, 0x0C2A, 0x0C2A, 0x0C2A, 0x0C2A, 0x0C0A, 0x0C0A, 0x0C0A, 0x0C0A, 0x0C0A, 0x0C0A, 0x0BEA, 0x0BEA, 0x0BEA, 0x0BE9,
    0x0BE9, 0x0BE9, 0x0BC9, 0x0BC9, 0x0BC9, 0x0BC9, 0x0BA9, 0x0BA9, 0x0BA9, 0x0BA9, 0x0BA9, 0x0B89, 0x0B89, 0x0B89, 0x0B88, 0x0B88,
    0x0B88, 0x0B88, 0x0B88, 0x0B88, 0x0B88, 0x0B88, 0x0B88, 0x0B88, 0x0B88, 0x0B88, 0x0B88, 0x0B88, 0x0B88, 0x0B88, 0x0B88, 0x0B88,
    0x0B88, 0x0B88, 0x0B88, 0x0B88, 0x0B88, 0x0B88, 0x0B88, 0x0B88, 0x0B88, 0x0B88, 0x0B88, 0x0B88, 0x0B88, 0x0B88, 0x0B88, 0x0B88,
    0x3C47, 0x3C47, 0x3C47, 0x3447, 0x3447, 0x3447, 0x3447, 0x3447, 0x3447, 0x3447, 0x3447, 0x3427, 0x3427, 0x3427, 0x3427, 0x3427,
    0x3427, 0x2C28, 0x2C28, 0x2C28, 0x2C28, 0x2C28, 0x2C08, 0x2C08, 0x2C08, 0x2C08, 0x2C08, 0x2C08, 0x2C08, 0x2C08, 0x2408, 0x2408,
    0x2408, 0x2408, 0x23E8, 0x2408, 0x2408, 0x2408, 0x2408, 0x2408, 0x2408, 0x2428, 0x2428, 0x2428, 0x2429, 0x2429, 0x2429, 0x2429,
    0x1C29, 0x1C49, 0x1C49, 0x1C49, 0x1C49, 0x1C49, 0x1C49, 0x1C49, 0x1C49, 0x1C49, 0x1C4A, 0x1C4A, 0x1C4A, 0x1C4A, 0x1C4A, 0x144A,
    0x146A, 0x146A, 0x146A, 0x146A, 0x146A, 0x146A, 0x146A, 0x146A, 0x146A, 0x146A, 0x0C6A, 0x0C6B, 0x0C6B, 0x0C6B, 0x0C6B, 0x0C6B,
    0x0C6B, 0x0C6B, 0x0C6B, 0x0C6B, 0x0C6B, 0x0C6B, 0x0C8B, 0x0C8B, 0x0C8B, 0x0C8B, 0x0C8B, 0x0C8B, 0x0C8B, 0x0C8B, 0x0C8B, 0x0C8B,
    0x0C8B, 0x0C8B, 0x0C8B, 0x0C8B, 0x0C8B, 0x0C8B, 0x0C8B, 0x0C8B, 0x0C8B, 0x0C8B, 0x0C8B, 0x0CAB, 0x0CAB, 0x0CAB, 0x0CAB, 0x0CAB,
    0x0CAB, 0x0CAB, 0x0CAB, 0x0CAB, 0x0CAB, 0x0CAB, 0x0CAB, 0x0CAB, 0x0CAB, 0x0CAB, 0x0CAB, 0x0CAB, 0x0CAB, 0x0CAB, 0x0CAB, 0x0CAB,
    0x0CAB, 0x0CAB, 0x0CAB, 0x0CAB, 0x0CAB, 0x0C8B, 0x0C8B, 0x0C8B, 0x0C8B, 0x0C8B, 0x0C8B, 0x0C8B, 0x0C8B, 0x0C8B, 0x0C8B, 0x0C8B,
    0x0C8B, 0x0C8B, 0x0C8B, 0x0C8B, 0x0C8B, 0x0C8B, 0x0C8B, 0x0C8B, 0x0C8B, 0x0C8B, 0x0C6B, 0x0C6B, 0x0C6B, 0x0C6B, 0x0C6B, 0x0C6B,
    0x0C6B, 0x0C6B, 0x0C6B, 0x0C6B, 0x0C6B, 0x0C4B, 0x0C4B, 0x0C4B, 0x0C4A, 0x0C4A, 0x0C4A, 0x0C4A, 0x0C4A, 0x0C2A, 0x0C2A, 0x0C2A,
    0x0C2A, 0x0C2A, 0x0C2A, 0x0C2A, 0x0C2A, 0x0C0A, 0x0C0A, 0x0C0A, 0x0C0A, 0x0C0A, 0x0C0A, 0x0BEA, 0x0BEA, 0x0BEA, 0x0BE9, 0x0BE9,
    0x0BE9, 0x0BC9, 0x0BC9, 0x0BC9, 0x0BC9, 0x0BA9, 0x0BA9, 0x0BA9, 0x0BA9, 0x0BA9, 0x0B89, 0x0B89, 0x0B89, 0x0B88, 0x0B88, 0x0B88,
    0x0B88, 0x0B88, 0x0B88, 0x0B88, 0x0B88, 0x0B88, 0x0B88, 0x0B88, 0x0B88, 0x0B88, 0x0B88, 0x0B88, 0x0B88, 0x0B88, 0x0B88, 0x0B88,
    0x0B88, 0x0B88, 0x0B88, 0x0B88, 0x0B88, 0x0B88, 0x0B88, 0x0B88, 0x0B88, 0x0B88, 0x0B88, 0x0B88, 0x0B88, 0x0B88, 0x0B88, 0x0B88,
    0x3C47, 0x3C47, 0x3447, 0x3447, 0x3447, 0x3447, 0x3447, 0x3447, 0x3447, 0x3447, 0x3427, 0x3427, 0x3427, 0x3427, 0x3427, 0x3427,
    0x2C28, 0x2C28, 0x2C28, 0x2C28, 0x2C28, 0x2C08, 0x2C08, 0x2C08, 0x2C08, 0x2C08, 0x2C08, 0x2C08, 0x2C08, 0x2408, 0x2408, 0x2408,
    0x2408, 0x23E8, 0x23E8, 0x23E8, 0x23E8, 0x2408, 0x2408, 0x2408, 0x2408, 0x2408, 0x2408, 0x2408, 0x2408, 0x2429, 0x1C29, 0x1C29,
    0x1C29, 0x1C29, 0x1C29, 0x1C29, 0x1C29, 0x1C49, 0x1C49, 0x1C49, 0x1C49, 0x1C49, 0x1C49, 0x1C4A, 0x1C4A, 0x1C4A, 0x144A, 0x144A,
    0x144A, 0x144A, 0x144A, 0x144A, 0x144A, 0x144A, 0x144A, 0x144A, 0x144A, 0x144A, 0x0C6A, 0x0C6A, 0x0C4B, 0x0C4B, 0x0C6B, 0x0C6B,
    0x0C6B, 0x0C6B, 0x0C6B, 0x0C6B, 0x0C6B, 0x0C6B, 0x0C6B, 0x0C6B, 0x0C6B, 0x0C8B, 0x0C8B, 0x0C8B, 0x0C8B, 0x0C8B, 0x0C8B, 0x0C8B,
    0x0C8B, 0x0C8B, 0x0C8B, 0x0C8B, 0x0C8B, 0x0C8B, 0x0C8B, 0x0C8B, 0x0C8B, 0x0C8B, 0x0C8B, 0x0C8B, 0x0C8B, 0x0C8B, 0x0C8B, 0x0C8B,
    0x0C8B, 0x0C8B, 0x0C8B, 0x0C8B, 0x0C8B, 0x0C8B, 0x0CAB, 0x0CAB, 0x0CAB, 0x0CAB, 0x0CAB, 0x0C8B, 0x0C8B, 0x0C8B, 0x0C8B, 0x0C8B,
    0x0C8B, 0x0C8B, 0x0C8B, 0x0C8B, 0x0C8B, 0x0C8B, 0x0C8B, 0x0C8B, 0x0C8B, 0x0C8B, 0x0C8B, 0x0C8B, 0x0C8B, 0x0C8B, 0x0C8B, 0x0C8B,
    0x0C8B, 0x0C8B, 0x0C8B, 0x0C8B, 0x0C8B, 0x0C8B, 0x0C8B, 0x0C8B, 0x0C6B, 0x0C6B, 0x0C6B, 0x0C6B, 0x0C6B, 0x0C6B, 0x0C6B, 0x0C6B,
    0x0C6B, 0x0C6B, 0x0C6B, 0x0C4B, 0x0C4B, 0x0C4B, 0x0C4B, 0x0C4A, 0x0C4A, 0x0C4A, 0x0C4A, 0x0C4A, 0x0C2A, 0x0C2A, 0x0C2A, 0x0C2A,
    0x0C2A, 0x0C2A, 0x0C2A, 0x0C2A, 0x0C0A, 0x0C0A, 0x0C0A, 0x0C0A, 0x0C0A, 0x0C0A, 0x0BEA, 0x0BEA, 0x0BEA, 0x0BE9, 0x0BE9, 0x0BC9,
    0x0BC9, 0x0BC9, 0x0BC9, 0x0BC9, 0x0BA9, 0x0BA9, 0x0BA9, 0x0BA9, 0x0BA9, 0x0B89, 0x0B89, 0x0B89, 0x0B88, 0x0B88, 0x0B88, 0x0B88,
    0x0B88, 0x0B88, 0x0B88, 0x0B88, 0x0B88, 0x0B88, 0x0B88, 0x0B88, 0x0B88, 0x0B88, 0x0B88, 0x0B88, 0x0B88, 0x0B88, 0x0B88, 0x0B88,
    0x0B88, 0x0B88, 0x0B88, 0x0B88, 0x0B88, 0x0B88, 0x0B88, 0x0B88, 0x0B88, 0x0B88, 0x0B88, 0x0B88, 0x0B88, 0x0B88, 0x0B88, 0x0B88,
    0x3C47, 0x3447, 0x3447, 0x3447, 0x3447, 0x3447, 0x3447, 0x3447, 0x3447, 0x3427, 0x3427, 0x3427, 0x3427, 0x3427, 0x3427, 0x2C28,
    0x2C28, 0x2C28, 0x2C28, 0x2C28, 0x2C08, 0x2C08, 0x2C08, 0x2C08, 0x2C08, 0x2C08, 0x2C08, 0x2C08, 0x2408, 0x2408, 0x2408, 0x2408,
    0x23E8, 0x23E8, 0x23E8, 0x23E8, 0x23E8, 0x23E8, 0x23E8, 0x2408, 0x2408, 0x2408, 0x2408, 0x2408, 0x1C08, 0x1C08, 0x1C09, 0x1C29,
    0x1C29, 0x1C29, 0x1C29, 0x1C29, 0x1C29, 0x1C29, 0x1C29, 0x1C29, 0x1C29, 0x1C49, 0x1C49, 0x144A, 0x144A, 0x144A, 0x144A, 0x144A,
    0x144A, 0x144A, 0x144A, 0x144A, 0x144A, 0x144A, 0x144A, 0x144A, 0x144A, 0x0C4A, 0x0C4A, 0x0C4A, 0x0C4B, 0x0C4B, 0x0C4B, 0x0C4B,
    0x0C6B, 0x0C6B, 0x0C6B, 0x0C6B, 0x0C6B, 0x0C6B, 0x0C6B, 0x0C6B, 0x0C6B, 0x0C6B, 0x0C6B, 0x0C8B, 0x0C8B, 0x0C8B, 0x0C8B, 0x0C8B,
    0x0C8B, 0x0C8B, 0x0C8B, 0x0C8B, 0x0C8B, 0x0C8B, 0x0C8B, 0x0C8B, 0x0C8B, 0x0C8B, 0x0C8B, 0x0C8B, 0x0C8B, 0x0C8B, 0x0C8B, 0x0C8B,
    0x0C8B, 0x0C8B, 0x0C8B, 0x0C8B, 0x0C8B, 0x0C8B, 0x0C8B, 0x0C8B, 0x0C8B, 0x0C8B, 0x0C8B, 0x0C8B, 0x0C8B, 0x0C8B, 0x0C8B, 0x0C8B,
    0x0C8B, 0x0C8B, 0x0C8B, 0x0C8B, 0x0C8B, 0x0C8B, 0x0C8B, 0x0C8B, 0x0C8B, 0x0C8B, 0x0C8B, 0x0C8B, 0x0C8B, 0x0C8B, 0x0C8B, 0x0C8B,
    0x0C8B, 0x0C8B, 0x0C8B, 0x0C8B, 0x0C8B, 0x0C6B, 0x0C6B, 0x0C6B, 0x0C6B, 0x0C6B, 0x0C6B, 0x0C6B, 0x0C6B, 0x0C6B, 0x0C6B, 0x0C6B,
    0x0C4B, 0x0C4B, 0x0C4B, 0x0C4B, 0x0C4B, 0x0C4A, 0x0C4A, 0x0C4A, 0x0C4A, 0x0C4A, 0x0C2A, 0x0C2A, 0x0C2A, 0x0C2A, 0x0C2A, 0x0C2A,
    0x0C2A, 0x0C2A, 0x0C0A, 0x0C0A, 0x0C0A, 0x0C0A, 0x0C0A, 0x0C0A, 0x0BEA, 0x0BEA, 0x0BEA, 0x0BEA, 0x0BE9, 0x0BE9, 0x0BC9, 0x0BC9,
    0x0BC9, 0x0BC9, 0x0BC9, 0x0BA9, 0x0BA9, 0x0BA9, 0x0BA9, 0x0BA9, 0x0B89, 0x0B89, 0x0B89, 0x0B88, 0x0B88, 0x0B88, 0x0B88, 0x0B88,
    0x0B88, 0x0B88, 0x0B88, 0x0B88, 0x0B88, 0x0B88, 0x0B88, 0x0B88, 0x0B88, 0x0B88, 0x0B88, 0x0B88, 0x0B88, 0x0B88, 0x0B88, 0x0B88,
    0x0B88, 0x0B88, 0x0B88, 0x0B88, 0x0B88, 0x0B88, 0x0B88, 0x0B88, 0x0B88, 0x0B88, 0x0B88, 0x0B88, 0x0B88, 0x0B88, 0x0B88, 0x0B88,
    0x3447, 0x3447, 0x3447, 0x3447, 0x3447, 0x3447, 0x3447, 0x3447, 0x3427, 0x3427, 0x3427, 0x3427, 0x3427, 0x3427, 0x2C27, 0x2C28,
    0x2C28, 0x2C28, 0x2C28, 0x2C08, 0x2C08, 0x2C08, 0x2C08, 0x2C08, 0x2C08, 0x2C08, 0x2C08, 0x2408, 0x2408, 0x2408, 0x2408, 0x23E8,
    0x23E8, 0x23E8, 0x23E8, 0x23E8, 0x23E8, 0x23E8, 0x23E8, 0x23E8, 0x23E8, 0x23E8, 0x1C08, 0x1C08, 0x1C08, 0x1C09, 0x1C09, 0x1C09,
    0x1C09, 0x1C09, 0x1C29, 0x1C29, 0x1C29, 0x1C29, 0x1C29, 0x1C29, 0x1C29, 0x1C29, 0x1C29, 0x1429, 0x144A, 0x142A, 0x142A, 0x144A,
    0x144A, 0x144A, 0x144A, 0x144A, 0x144A, 0x144A, 0x144A, 0x144A, 0x0C4A, 0x0C4A, 0x0C4A, 0x0C4A, 0x0C4A, 0x0C4B, 0x0C4B, 0x0C4B,
    0x0C4B, 0x0C4B, 0x0C6B, 0x0C6B, 0x0C6B, 0x0C6B, 0x0C6B, 0x0C6B, 0x0C6B, 0x0C6B, 0x0C6B, 0x0C6B, 0x0C6B, 0x0C6B, 0x0C8B, 0x0C8B,
    0x0C8B, 0x0C8B, 0x0C8B, 0x0C8B, 0x0C8B, 0x0C8B, 0x0C8B, 0x0C8B, 0x0C8B, 0x0C8B, 0x0C8B, 0x0C8B, 0x0C8B, 0x0C8B, 0x0C8B, 0x0C8B,
    0x0C8B, 0x0C8B, 0x0C8B, 0x0C8B, 0x0C8B, 0x0C8B, 0x0C8B, 0x0C8B, 0x0C8B, 0x0C8B, 0x0C8B, 0x0C8B, 0x0C8B, 0x0C8B, 0x0C8B, 0x0C8B,
    0x0C8B, 0x0C8B, 0x0C8B, 0x0C8B, 0x0C8B, 0x0C8B, 0x0C8B, 0x0C8B, 0x0C8B, 0x0C8B, 0x0C8B, 0x0C8B, 0x0C8B, 0x0C8B, 0x0C8B, 0x0C8B,
    0x0C8B, 0x0C8B, 0x0C6B, 0x0C6B, 0x0C6B, 0x0C6B, 0x0C6B, 0x0C6B, 0x0C6B, 0x0C6B, 0x0C6B, 0x0C6B, 0x0C6B, 0x0C6B, 0x0C4B, 0x0C4B,
    0x0C4B, 0x0C4B, 0x0C4B, 0x0C4A, 0x0C4A, 0x0C4A, 0x0C4A, 0x0C4A, 0x0C4A, 0x0C2A, 0x0C2A, 0x0C2A, 0x0C2A, 0x0C2A, 0x0C2A, 0x0C2A,
    0x0C2A, 0x0C0A, 0x0C0A, 0x0C0A, 0x0C0A, 0x0C0A, 0x0C0A, 0x0BEA, 0x0BEA, 0x0BEA, 0x0BEA, 0x0BE9, 0x0BE9, 0x0BC9, 0x0BC9, 0x0BC9,
    0x0BC9, 0x0BC9, 0x0BA9, 0x0BA9, 0x0BA9, 0x0BA9, 0x0BA9, 0x0B89, 0x0B89, 0x0B89, 0x0B88, 0x0B88, 0x0B88, 0x0B88, 0x0B88, 0x0B88,
    0x0B88, 0x0B88, 0x0B88, 0x0B88, 0x0B88, 0x0B88, 0x0B88, 0x0B88, 0x0B88, 0x0B88, 0x0B88, 0x0B88, 0x0B88, 0x0B88, 0x0B88, 0x0B88,
    0x0B88, 0x0B88, 0x0B88, 0x0B88, 0x0B88, 0x0B88, 0x0B88, 0x0B88, 0x0B88, 0x0B88, 0x0B88, 0x0B88, 0x0B88, 0x0B88, 0x0B88, 0x0B88,
    0x3447, 0x3447, 0x3447, 0x3447, 0x3447, 0x3447, 0x3447, 0x3427, 0x3427, 0x3427, 0x3427, 0x3427, 0x3427, 0x2C27, 0x2C28, 0x2C28,
    0x2C28, 0x2C28, 0x2C08, 0x2C08, 0x2C08, 0x2C08, 0x2C08, 0x2C08, 0x2C08, 0x2C08, 0x2408, 0x2408, 0x2408, 0x2408, 0x23E8, 0x23E8,
    0x23E8, 0x23E8, 0x23E8, 0x23E8, 0x23E8, 0x23E8, 0x23E8, 0x1BE8, 0x1BE8, 0x1BE8, 0x1BE8, 0x1BE8, 0x1C08, 0x1C09, 0x1C09, 0x1C09,
    0x1C09, 0x1C09, 0x1C09, 0x1C09, 0x1C09, 0x1C09, 0x1C29, 0x1C29, 0x1C29, 0x1C29, 0x1429, 0x1429, 0x1429, 0x142A, 0x142A, 0x142A,
    0x142A, 0x142A, 0x142A, 0x142A, 0x142A, 0x144A, 0x0C2A, 0x0C2A, 0x0C2A, 0x0C4A, 0x0C4A, 0x0C4A, 0x0C4A, 0x0C4A, 0x0C4A, 0x0C4B,
    0x0C4B, 0x0C4B, 0x0C4B, 0x0C4B, 0x0C6B, 0x0C6B, 0x0C6B, 0x0C6B, 0x0C6B, 0x0C6B, 0x0C6B, 0x0C6B, 0x0C6B, 0x0C6B, 0x0C6B, 0x0C6B,
    0x0C6B, 0x0C8B, 0x0C8B, 0x0C8B, 0x0C8B, 0x0C8B, 0x0C8B, 0x0C8B, 0x0C8B, 0x0C8B, 0x0C8B, 0x0C8B, 0x0C8B, 0x0C8B, 0x0C8B, 0x0C8B,
    0x0C8B, 0x0C8B, 0x0C8B, 0x0C8B, 0x0C8B, 0x0C8B, 0x0C8B, 0x0C8B, 0x0C8B, 0x0C8B, 0x0C8B, 0x0C8B, 0x0C8B, 0x0C8B, 0x0C8B, 0x0C8B,
    0x0C8B, 0x0C8B, 0x0C8B, 0x0C8B, 0x0C8B, 0x0C8B, 0x0C8B, 0x0C8B, 0x0C8B, 0x0C8B, 0x0C8B, 0x0C8B, 0x0C8B, 0x0C8B, 0x0C8B, 0x0C6B,
    0x0C6B, 0x0C6B, 0x0C6B, 0x0C6B, 0x0C6B, 0x0C6B, 0x0C6B, 0x0C6B, 0x0C6B, 0x0C6B, 0x0C6B, 0x0C6B, 0x0C4B, 0x0C4B, 0x0C4B, 0x0C4B,
    0x0C4B, 0x0C4A, 0x0C4A, 0x0C4A, 0x0C4A, 0x0C4A, 0x0C4A, 0x0C2A, 0x0C2A, 0x0C2A, 0x0C2A, 0x0C2A, 0x0C2A, 0x0C2A, 0x0C2A, 0x0C0A,
    0x0C0A, 0x0C0A, 0x0C0A, 0x0C0A, 0x0C0A, 0x0BEA, 0x0BEA, 0x0BEA, 0x0BEA, 0x0BE9, 0x0BE9, 0x0BE9, 0x0BC9, 0x0BC9, 0x0BC9, 0x0BC9,
    0x0BC9, 0x0BA9, 0x0BA9, 0x0BA9, 0x0BA9, 0x0BA9, 0x0B89, 0x0B89, 0x0B89, 0x0B88, 0x0B88, 0x0B88, 0x0B88, 0x0B88, 0x0B88, 0x0B88,
    0x0B88, 0x0B88, 0x0B88, 0x0B88, 0x0B88, 0x0B88, 0x0B88, 0x0B88, 0x0B88, 0x0B88, 0x0B88, 0x0B88, 0x0B88, 0x0B88, 0x0B88, 0x0B88,
    0x0B88, 0x0B88, 0x0B88, 0x0B88, 0x0B88, 0x0B88, 0x0B88, 0x0B88, 0x0B88, 0x0B88, 0x0B88, 0x0B88, 0x0B88, 0x0B88, 0x0B88, 0x0B88,
    0x3447, 0x3447, 0x3447, 0x3447, 0x3447, 0x3447, 0x3427, 0x3427, 0x3427, 0x3427, 0x3427, 0x3427, 0x2C27, 0x2C28, 0x2C28, 0x2C28,
    0x2C28, 0x2C08, 0x2C08, 0x2C08, 0x2C08, 0x2C08, 0x2C08, 0x2C08, 0x2C08, 0x2408, 0x2408, 0x2408, 0x2408, 0x2408, 0x23E8, 0x23E8,
    0x23E8, 0x23E8, 0x23E8, 0x23E8, 0x23E8, 0x23E8, 0x1BE8, 0x1BE8, 0x1BE8, 0x1BE8, 0x1BE8, 0x1BE8, 0x1BE8, 0x1BE8, 0x1BE8, 0x1BE9,
    0x1C09, 0x1C09, 0x1C09, 0x1C09, 0x1C09, 0x1C09, 0x1C09, 0x1409, 0x1409, 0x1409, 0x1429, 0x1429, 0x1429, 0x142A, 0x142A, 0x142A,
    0x142A, 0x142A, 0x142A, 0x142A, 0x142A, 0x0C2A, 0x0C2A, 0x0C2A, 0x0C2A, 0x0C2A, 0x0C2A, 0x0C4A, 0x0C4A, 0x0C4A, 0x0C4A, 0x0C4A,
    0x0C4A, 0x0C4A, 0x0C4B, 0x0C4B, 0x0C4B, 0x0C4B, 0x0C4B, 0x0C6B, 0x0C6B, 0x0C6B, 0x0C6B, 0x0C6B, 0x0C6B, 0x0C6B, 0x0C6B, 0x0C6B,
    0x0C6B, 0x0C6B, 0x0C6B, 0x0C6B, 0x0C6B, 0x0C6B, 0x0C8B, 0x0C8B, 0x0C8B, 0x0C8B, 0x0C8B, 0x0C8B, 0x0C8B, 0x0C8B, 0x0C8B, 0x0C8B,
    0x0C8B, 0x0C8B, 0x0C8B, 0x0C8B, 0x0C8B, 0x0C8B, 0x0C8B, 0x0C8B, 0x0C8B, 0x0C8B, 0x0C8B, 0x0C8B, 0x0C8B, 0x0C8B, 0x0C8B, 0x0C8B,
    0x0C8B, 0x0C8B, 0x0C8B, 0x0C8B, 0x0C8B, 0x0C8B, 0x0C8B, 0x0C8B, 0x0C6B, 0x0C8B, 0x0C8B, 0x0C6B, 0x0C6B, 0x0C6B, 0x0C6B, 0x0C6B,
    0x0C6B, 0x0C6B, 0x0C6B, 0x0C6B, 0x0C6B, 0x0C6B, 0x0C6B, 0x0C6B, 0x0C6B, 0x0C4B, 0x0C4B, 0x0C4B, 0x0C4B, 0x0C4B, 0x0C4A, 0x0C4A,
    0x0C4A, 0x0C4A, 0x0C4A, 0x0C4A, 0x0C4A, 0x0C2A, 0x0C2A, 0x0C2A, 0x0C2A, 0x0C2A, 0x0C2A, 0x0C2A, 0x0C2A, 0x0C0A, 0x0C0A, 0x0C0A,
    0x0C0A, 0x0C0A, 0x0C0A, 0x0C0A, 0x0BEA, 0x0BEA, 0x0BEA, 0x0BEA, 0x0BE9, 0x0BE9, 0x0BC9, 0x0BC9, 0x0BC9, 0x0BC9, 0x0BC9, 0x0BC9,
    0x0BA9, 0x0BA9, 0x0BA9, 0x0BA9, 0x0BA9, 0x0B89, 0x0B89, 0x0B89, 0x0B88, 0x0B88, 0x0B88, 0x0B88, 0x0B88, 0x0B88, 0x0B88, 0x0B88,
    0x0B88, 0x0B88, 0x0B88, 0x0B88, 0x0B88, 0x0B88, 0x0B88, 0x0B88, 0x0B88, 0x0B88, 0x0B88, 0x0B88, 0x0B88, 0x0B88, 0x0B88, 0x0B88,
    0x0B88, 0x0B88, 0x0B88, 0x0B88, 0x0B88, 0x0B88, 0x0B88, 0x0B88, 0x0B88, 0x0B88, 0x0B88, 0x0B88, 0x0B88, 0x0B88, 0x0B88, 0x0B88,
    0x3447, 0x3447, 0x3447, 0x3447, 0x3447, 0x3427, 0x3427, 0x3427, 0x3427, 0x3427, 0x3427, 0x2C28, 0x2C28, 0x2C28, 0x2C28, 0x2C08,
    0x2C08, 0x2C08, 0x2C08, 0x2C08, 0x2C08, 0x2C08, 0x2C08, 0x2C08, 0x2408, 0x2408, 0x2408, 0x2408, 0x23E8, 0x23E8, 0x23E8, 0x23E8,
    0x23E8, 0x23E8, 0x23E8, 0x23E8, 0x23E8, 0x23E8, 0x1BC8, 0x1BC8, 0x1BC8, 0x1BC8, 0x1BE8, 0x1BE8, 0x1BE8, 0x1BE8, 0x1BE8, 0x1BE8,
    0x1BE9, 0x1BE9, 0x1C09, 0x1C09, 0x1C09, 0x1409, 0x1409, 0x1409, 0x1409, 0x1409, 0x1409, 0x1409, 0x1409, 0x140A, 0x140A, 0x140A,
    0x142A, 0x142A, 0x142A, 0x0C2A, 0x0C2A, 0x0C2A, 0x0C2A, 0x0C2A, 0x0C2A, 0x0C2A, 0x0C2A, 0x0C2A, 0x0C2A, 0x0C2A, 0x0C4A, 0x0C4A,
    0x0C4A, 0x0C4A, 0x0C4A, 0x0C4A, 0x0C4B, 0x0C4B, 0x0C4B, 0x0C4B, 0x0C4B, 0x0C4B, 0x0C6B, 0x0C6B, 0x0C6B, 0x0C6B, 0x0C6B, 0x0C6B,
    0x0C6B, 0x0C6B, 0x0C6B, 0x0C6B, 0x0C6B, 0x0C6B, 0x0C6B, 0x0C6B, 0x0C6B, 0x0C6B, 0x0C6B, 0x0C8B, 0x0C6B, 0x0C6B, 0x0C6B, 0x0C8B,
    0x0C8B, 0x0C8B, 0x0C8B, 0x0C8B, 0x0C8B, 0x0C8B, 0x0C8B, 0x0C8B, 0x0C8B, 0x0C8B, 0x0C8B, 0x0C8B, 0x0C8B, 0x0C8B, 0x0C8B, 0x0C8B,
    0x0C8B, 0x0C8B, 0x0C6B, 0x0C6B, 0x0C6B, 0x0C8B, 0x0C6B, 0x0C6B, 0x0C6B, 0x0C6B, 0x0C6B, 0x0C6B, 0x0C6B, 0x0C6B, 0x0C6B, 0x0C6B,
    0x0C6B, 0x0C6B, 0x0C6B, 0x0C6B, 0x0C6B, 0x0C6B, 0x0C4B, 0x0C4B, 0x0C4B, 0x0C4B, 0x0C4B, 0x0C4B, 0x0C4A, 0x0C4A, 0x0C4A, 0x0C4A,
    0x0C4A, 0x0C4A, 0x0C2A, 0x0C2A, 0x0C2A, 0x0C2A, 0x0C2A, 0x0C2A, 0x0C2A, 0x0C2A, 0x0C2A, 0x0C2A, 0x0C0A, 0x0C0A, 0x0C0A, 0x0C0A,
    0x0C0A, 0x0C0A, 0x0BEA, 0x0BEA, 0x0BEA, 0x0BEA, 0x0BEA, 0x0BE9, 0x0BE9, 0x0BC9, 0x0BC9, 0x0BC9, 0x0BC9, 0x0BC9, 0x0BA9, 0x0BA9,
    0x0BA9, 0x0BA9, 0x0BA9, 0x0BA9, 0x0B89, 0x0B89, 0x0B88, 0x0B88, 0x0B88, 0x0B88, 0x0B88, 0x0B88, 0x0B88, 0x0B88, 0x0B88, 0x0B88,
    0x0B88, 0x0B88, 0x0B88, 0x0B88, 0x0B88, 0x0B88, 0x0B88, 0x0B88, 0x0B88, 0x0B88, 0x0B88, 0x0B88, 0x0B88, 0x0B88, 0x0B88, 0x0B88,
    0x0B88, 0x0B88, 0x0B88, 0x0B88, 0x0B88, 0x0B88, 0x0B88, 0x0B88, 0x0B88, 0x0B88, 0x0B88, 0x0B88, 0x0B88, 0x0B88, 0x0B88, 0x0B88,
    0x3447, 0x3447, 0x3447, 0x3447, 0x3427, 0x3427, 0x3427, 0x3427, 0x3427, 0x2C27, 0x2C28, 0x2C28, 0x2C28, 0x2C28, 0x2C28, 0x2C08,
    0x2C08, 0x2C08, 0x2C08, 0x2C08, 0x2C08, 0x2C08, 0x2C08, 0x2408, 0x2408, 0x2408, 0x2408, 0x23E8, 0x23E8, 0x23E8, 0x23E8, 0x23E8,
    0x23E8, 0x23E8, 0x23E8, 0x23E8, 0x1BE8, 0x1BE8, 0x1BC8, 0x1BC8, 0x1BC8, 0x1BC8, 0x1BC8, 0x1BC8, 0x1BE8, 0x1BE8, 0x1BE8, 0x1BE8,
    0x1BE9, 0x1BE9, 0x1BE9, 0x1BE9, 0x13E9, 0x1409, 0x1409, 0x1409, 0x1409, 0x1409, 0x1409, 0x1409, 0x1409, 0x1409, 0x1409, 0x1409,
    0x140A, 0x140A, 0x0C0A, 0x0C0A, 0x0C0A, 0x0C0A, 0x0C2A, 0x0C2A, 0x0C2A, 0x0C2A, 0x0C2A, 0x0C2A, 0x0C2A, 0x0C2A, 0x0C2A, 0x0C2A,
    0x0C4A, 0x0C4A, 0x0C4A, 0x0C4A, 0x0C4A, 0x0C4A, 0x0C4A, 0x0C4B, 0x0C4B, 0x0C4B, 0x0C4B, 0x0C4B, 0x0C4B, 0x0C6B, 0x0C6B, 0x0C6B,
    0x0C6B, 0x0C6B, 0x0C6B, 0x0C6B, 0x0C6B, 0x0C6B, 0x0C6B, 0x0C6B, 0x0C6B, 0x0C6B, 0x0C6B, 0x0C6B, 0x0C6B, 0x0C6B, 0x0C6B, 0x0C6B,
    0x0C6B, 0x0C6B, 0x0C6B, 0x0C6B, 0x0C6B, 0x0C6B, 0x0C6B, 0x0C6B, 0x0C6B, 0x0C6B, 0x0C6B, 0x0C6B, 0x0C6B, 0x0C6B, 0x0C6B, 0x0C6B,
    0x0C6B, 0x0C6B, 0x0C6B, 0x0C6B, 0x0C6B, 0x0C6B, 0x0C6B, 0x0C6B, 0x0C6B, 0x0C6B, 0x0C6B, 0x0C6B, 0x0C6B, 0x0C6B, 0x0C6B, 0x0C6B,
    0x0C6B, 0x0C6B, 0x0C6B, 0x0C4B, 0x0C4B, 0x0C4B, 0x0C4B, 0x0C4B, 0x0C4B, 0x0C4A, 0x0C4A, 0x0C4A, 0x0C4A, 0x0C4A, 0x0C4A, 0x0C4A,
    0x0C2A, 0x0C2A, 0x0C2A, 0x0C2A, 0x0C2A, 0x0C2A, 0x0C2A, 0x0C2A, 0x0C2A, 0x0C2A, 0x0C0A, 0x0C0A, 0x0C0A, 0x0C0A, 0x0C0A, 0x0C0A,
    0x0C0A, 0x0BEA, 0x0BEA, 0x0BEA, 0x0BE9, 0x0BE9, 0x0BE9, 0x0BC9, 0x0BC9, 0x0BC9, 0x0BC9, 0x0BC9, 0x0BC9, 0x0BA9, 0x0BA9, 0x0BA9,
    0x0BA9, 0x0BA9, 0x0B89, 0x0B89, 0x0B89, 0x0B88, 0x0B88, 0x0B88, 0x0B88, 0x0B88, 0x0B88, 0x0B88, 0x0B88, 0x0B88, 0x0B88, 0x0B88,
    0x0B88, 0x0B88, 0x0B88, 0x0B88, 0x0B88, 0x0B88, 0x0B88, 0x0B88, 0x0B88, 0x0B88, 0x0B88, 0x0B88, 0x0B88, 0x0B88, 0x0B88, 0x0B88,
    0x0B88, 0x0B88, 0x0B88, 0x0B88, 0x0B88, 0x0B88, 0x0B88, 0x0B88, 0x0B88, 0x0B88, 0x0B88, 0x0B88, 0x0B88, 0x0B88, 0x0B88, 0x0B88,
    0x3447, 0x3447, 0x3447, 0x3427, 0x3427, 0x3427, 0x3427, 0x3427, 0x2C27, 0x2C28, 0x2C28, 0x2C28, 0x2C28, 0x2C28, 0x2C08, 0x2C08,
    0x2C08, 0x2C08, 0x2C08, 0x2C08, 0x2C08, 0x2C08, 0x2408, 0x2408, 0x2408, 0x2408, 0x23E8, 0x23E8, 0x23E8, 0x23E8, 0x23E8, 0x23E8,
    0x23E8, 0x23E8, 0x23E8, 0x1BE8, 0x1BE8, 0x1BC8, 0x1BC8, 0x1BC8, 0x1BC8, 0x1BC8, 0x1BC8, 0x1BC8, 0x1BC8, 0x1BC8, 0x1BC8, 0x1BC8,
    0x1BE8, 0x1BE9, 0x13E9, 0x13E9, 0x13E9, 0x13E9, 0x13E9, 0x13E9, 0x13E9, 0x1409, 0x1409, 0x1409, 0x1409, 0x1409, 0x1409, 0x1409,
    0x0C0A, 0x0C0A, 0x0C0A, 0x0C0A, 0x0C0A, 0x0C0A, 0x0C0A, 0x0C0A, 0x0C2A, 0x0C2A, 0x0C2A, 0x0C2A, 0x0C2A, 0x0C2A, 0x0C2A, 0x0C2A,
    0x0C2A, 0x0C2A, 0x0C4A, 0x0C4A, 0x0C4A, 0x0C4A, 0x0C4A, 0x0C4A, 0x0C4A, 0x0C4A, 0x0C4B, 0x0C4B, 0x0C4B, 0x0C4B, 0x0C4B, 0x0C4B,
    0x0C4B, 0x0C6B, 0x0C6B, 0x0C6B, 0x0C6B, 0x0C6B, 0x0C6B, 0x0C6B, 0x0C6B, 0x0C6B, 0x0C6B, 0x0C6B, 0x0C6B, 0x0C6B, 0x0C6B, 0x0C6B,
    0x0C6B, 0x0C6B, 0x0C6B, 0x0C6B, 0x0C6B, 0x0C6B, 0x0C6B, 0x0C6B, 0x0C6B, 0x0C6B, 0x0C6B, 0x0C6B, 0x0C6B, 0x0C6B, 0x0C6B, 0x0C6B,
    0x0C6B, 0x0C6B, 0x0C6B, 0x0C6B, 0x0C6B, 0x0C6B, 0x0C6B, 0x0C6B, 0x0C6B, 0x0C6B, 0x0C6B, 0x0C6B, 0x0C6B, 0x0C6B, 0x0C6B, 0x0C4B,
    0x0C4B, 0x0C4B, 0x0C4B, 0x0C4B, 0x0C4B, 0x0C4B, 0x0C4A, 0x0C4A, 0x0C4A, 0x0C4A, 0x0C4A, 0x0C4A, 0x0C4A, 0x0C4A, 0x0C2A, 0x0C2A,
    0x0C2A, 0x0C2A, 0x0C2A, 0x0C2A, 0x0C2A, 0x0C2A, 0x0C2A, 0x0C2A, 0x0C0A, 0x0C0A, 0x0C0A, 0x0C0A, 0x0C0A, 0x0C0A, 0x0C0A, 0x0BEA,
    0x0BEA, 0x0BEA, 0x0BEA, 0x0BE9, 0x0BE9, 0x0BE9, 0x0BC9, 0x0BC9, 0x0BC9, 0x0BC9, 0x0BC9, 0x0BA9, 0x0BA9, 0x0BA9, 0x0BA9, 0x0BA9,
    0x0BA9, 0x0B89, 0x0B89, 0x0B89, 0x0B88, 0x0B88, 0x0B88, 0x0B88, 0x0B88, 0x0B88, 0x0B88, 0x0B88, 0x0B88, 0x0B88, 0x0B88, 0x0B88,
    0x0B88, 0x0B88, 0x0B88, 0x0B88, 0x0B88, 0x0B88, 0x0B88, 0x0B88, 0x0B88, 0x0B88, 0x0B88, 0x0B88, 0x0B88, 0x0B88, 0x0B88, 0x0B88,
    0x0B88, 0x0B88, 0x0B88, 0x0B88, 0x0B88, 0x0B88, 0x0B88, 0x0B88, 0x0B88, 0x0B88, 0x0B88, 0x0B88, 0x0B88, 0x0B88, 0x0B88, 0x0B88,
    0x3447, 0x3447, 0x3427, 0x3427, 0x3427, 0x3427, 0x3427, 0x3427, 0x2C28, 0x2C28, 0x2C28, 0x2C28, 0x2C28, 0x2C08, 0x2C08, 0x2C08,
    0x2C08, 0x2C08, 0x2C08, 0x2C08, 0x2C08, 0x2408, 0x2408, 0x2408, 0x2408, 0x23E8, 0x23E8, 0x23E8, 0x23E8, 0x23E8, 0x23E8, 0x23E8,
    0x23E8, 0x23E8, 0x1BE8, 0x1BE8, 0x1BC8, 0x1BC8, 0x1BC8, 0x1BC8, 0x1BC8, 0x1BC8, 0x1BC8, 0x1BC8, 0x1BC8, 0x1BC8, 0x1BC8, 0x1BC8,
    0x1BC8, 0x13C8, 0x13C8, 0x13C9, 0x13E9, 0x13E9, 0x13E9, 0x13E9, 0x13E9, 0x13E9, 0x13E9, 0x13E9, 0x13E9, 0x13E9, 0x13E9, 0x0BE9,
    0x0C09, 0x0C0A, 0x0C0A, 0x0C0A, 0x0C0A, 0x0C0A, 0x0C0A, 0x0C0A, 0x0C0A, 0x0C0A, 0x0C2A, 0x0C2A, 0x0C2A, 0x0C2A, 0x0C2A, 0x0C2A,
    0x0C2A, 0x0C2A, 0x0C2A, 0x0C2A, 0x0C4A, 0x0C4A, 0x0C4A, 0x0C4A, 0x0C4A, 0x0C4A, 0x0C4A, 0x0C4A, 0x0C4B, 0x0C4B, 0x0C4B, 0x0C4B,
    0x0C4B, 0x0C4B, 0x0C4B, 0x0C4B, 0x0C4B, 0x0C6B, 0x0C6B, 0x0C6B, 0x0C6B, 0x0C6B, 0x0C6B, 0x0C6B, 0x0C6B, 0x0C6B, 0x0C6B, 0x0C6B,
    0x0C6B, 0x0C6B, 0x0C6B, 0x0C6B, 0x0C6B, 0x0C6B, 0x0C6B, 0x0C6B, 0x0C6B, 0x0C6B, 0x0C6B, 0x0C6B, 0x0C6B, 0x0C6B, 0x0C6B, 0x0C6B,
    0x0C6B, 0x0C6B, 0x0C6B, 0x0C6B, 0x0C6B, 0x0C6B, 0x0C6B, 0x0C6B, 0x0C6B, 0x0C6B, 0x0C6B, 0x0C4B, 0x0C4B, 0x0C4B, 0x0C4B, 0x0C4B,
    0x0C4B, 0x0C4B, 0x0C4B, 0x0C4B, 0x0C4A, 0x0C4A, 0x0C4A, 0x0C4A, 0x0C4A, 0x0C4A, 0x0C4A, 0x0C4A, 0x0C2A, 0x0C2A, 0x0C2A, 0x0C2A,
    0x0C2A, 0x0C2A, 0x0C2A, 0x0C2A, 0x0C2A, 0x0C2A, 0x0C0A, 0x0C0A, 0x0C0A, 0x0C0A, 0x0C0A, 0x0C0A, 0x0C0A, 0x0BEA, 0x0BEA, 0x0BEA,
    0x0BEA, 0x0BEA, 0x0BE9, 0x0BE9, 0x0BE9, 0x0BC9, 0x0BC9, 0x0BC9, 0x0BC9, 0x0BC9, 0x0BA9, 0x0BA9, 0x0BA9, 0x0BA9, 0x0BA9, 0x0BA9,
    0x0B89, 0x0B89, 0x0B89, 0x0B88, 0x0B88, 0x0B88, 0x0B88, 0x0B88, 0x0B88, 0x0B88, 0x0B88, 0x0B88, 0x0B88, 0x0B88, 0x0B88, 0x0B88,
    0x0B88, 0x0B88, 0x0B88, 0x0B88, 0x0B88, 0x0B88, 0x0B88, 0x0B88, 0x0B88, 0x0B88, 0x0B88, 0x0B88, 0x0B88, 0x0B88, 0x0B88, 0x0B88,
    0x0B88, 0x0B88, 0x0B88, 0x0B88, 0x0B88, 0x0B88, 0x0B88, 0x0B88, 0x0B88, 0x0B88, 0x0B88, 0x0B88, 0x0B88, 0x0B88, 0x0B88, 0x0B88,
    0x3447, 0x3427, 0x3427, 0x3427, 0x3427, 0x3427, 0x3427, 0x2C28, 0x2C28, 0x2C28, 0x2C28, 0x2C08, 0x2C08, 0x2C08, 0x2C08, 0x2C08,
    0x2C08, 0x2C08, 0x2C08, 0x2C08, 0x2408, 0x2408, 0x2408, 0x2408, 0x23E8, 0x23E8, 0x23E8, 0x23E8, 0x23E8, 0x23E8, 0x23E8, 0x23E8,
    0x23E8, 0x1BE8, 0x1BE8, 0x1BC8, 0x1BC8, 0x1BC8, 0x1BC8, 0x1BC8, 0x1BC8, 0x1BC8, 0x1BC8, 0x1BC8, 0x1BC8, 0x1BC8, 0x13C8, 0x13C8,
    0x13C8, 0x13C8, 0x13C8, 0x13C9, 0x13C9, 0x13C9, 0x13E9, 0x13E9, 0x13E9, 0x13E9, 0x13E9, 0x13E9, 0x13E9, 0x13E9, 0x0BE9, 0x0BE9,
    0x0BE9, 0x0BE9, 0x0BEA, 0x0BEA, 0x0C0A, 0x0C0A, 0x0C0A, 0x0C0A, 0x0C0A, 0x0C0A, 0x0C0A, 0x0C0A, 0x0C2A, 0x0C2A, 0x0C2A, 0x0C2A,
    0x0C2A, 0x0C2A, 0x0C2A, 0x0C2A, 0x0C2A, 0x0C2A, 0x0C2A, 0x0C4A, 0x0C4A, 0x0C4A, 0x0C4A, 0x0C4A, 0x0C4A, 0x0C4A, 0x0C4A, 0x0C4A,
    0x0C4B, 0x0C4B, 0x0C4B, 0x0C4B, 0x0C4B, 0x0C4B, 0x0C4B, 0x0C4B, 0x0C4B, 0x0C4B, 0x0C6B, 0x0C6B, 0x0C6B, 0x0C6B, 0x0C6B, 0x0C6B,
    0x0C6B, 0x0C6B, 0x0C6B, 0x0C6B, 0x0C6B, 0x0C6B, 0x0C6B, 0x0C6B, 0x0C6B, 0x0C6B, 0x0C6B, 0x0C6B, 0x0C6B, 0x0C6B, 0x0C6B, 0x0C6B,
    0x0C6B, 0x0C6B, 0x0C6B, 0x0C6B, 0x0C6B, 0x0C6B, 0x0C4B, 0x0C4B, 0x0C4B, 0x0C4B, 0x0C4B, 0x0C4B, 0x0C4B, 0x0C4B, 0x0C4B, 0x0C4B,
    0x0C4A, 0x0C4A, 0x0C4A, 0x0C4A, 0x0C4A, 0x0C4A, 0x0C4A, 0x0C4A, 0x0C4A, 0x0C2A, 0x0C2A, 0x0C2A, 0x0C2A, 0x0C2A, 0x0C2A, 0x0C2A,
    0x0C2A, 0x0C2A, 0x0C2A, 0x0C2A, 0x0C0A, 0x0C0A, 0x0C0A, 0x0C0A, 0x0C0A, 0x0C0A, 0x0C0A, 0x0C0A, 0x0BEA, 0x0BEA, 0x0BEA, 0x0BEA,
    0x0BE9, 0x0BE9, 0x0BE9, 0x0BC9, 0x0BC9, 0x0BC9, 0x0BC9, 0x0BC9, 0x0BC9, 0x0BA9, 0x0BA9, 0x0BA9, 0x0BA9, 0x0BA9, 0x0BA9, 0x0B89,
    0x0B89, 0x0B89, 0x0B88, 0x0B88, 0x0B88, 0x0B88, 0x0B88, 0x0B88, 0x0B88, 0x0B88, 0x0B88, 0x0B88, 0x0B88, 0x0B88, 0x0B88, 0x0B88,
    0x0B88, 0x0B88, 0x0B88, 0x0B88, 0x0B88, 0x0B88, 0x0B88, 0x0B88, 0x0B88, 0x0B88, 0x0B88, 0x0B88, 0x0B88, 0x0B88, 0x0B88, 0x0B88,
    0x0B88, 0x0B88, 0x0B88, 0x0B88, 0x0B88, 0x0B88, 0x0B88, 0x0B88, 0x0B88, 0x0B88, 0x0B88, 0x0B88, 0x0B88, 0x0B88, 0x0B88, 0x0B88,
    0x3427, 0x3427, 0x3427, 0x3427, 0x3427, 0x3427, 0x2C28, 0x2C28, 0x2C28, 0x2C28, 0x2C08, 0x2C08, 0x2C08, 0x2C08, 0x2C08, 0x2C08,
    0x2C08, 0x2C08, 0x2C08, 0x2408, 0x2408, 0x2408, 0x2408, 0x23E8, 0x23E8, 0x23E8, 0x23E8, 0x23E8, 0x23E8, 0x23E8, 0x23E8, 0x23E8,
    0x1BE8, 0x1BE8, 0x1BC8, 0x1BC8, 0x1BC8, 0x1BC8, 0x1BC8, 0x1BC8, 0x1BC8, 0x1BC8, 0x1BC8, 0x1BC8, 0x1BC8, 0x13C8, 0x13A8, 0x13C8,
    0x13C8, 0x13C8, 0x13C8, 0x13C8, 0x13C9, 0x13C9, 0x13C9, 0x13C9, 0x13C9, 0x13C9, 0x13E9, 0x13E9, 0x13E9, 0x0BE9, 0x0BE9, 0x0BE9,
    0x0BE9, 0x0BE9, 0x0BE9, 0x0BEA, 0x0BEA, 0x0BEA, 0x0C0A, 0x0C0A, 0x0C0A, 0x0C0A, 0x0C0A, 0x0C0A, 0x0C0A, 0x0C0A, 0x0C2A, 0x0C2A,
    0x0C2A, 0x0C2A, 0x0C2A, 0x0C2A, 0x0C2A, 0x0C2A, 0x0C2A, 0x0C2A, 0x0C2A, 0x0C2A, 0x0C4A, 0x0C4A, 0x0C4A, 0x0C4A, 0x0C4A, 0x0C4A,
    0x0C4A, 0x0C4A, 0x0C4A, 0x0C4A, 0x0C4B, 0x0C4B, 0x0C4B, 0x0C4B, 0x0C4B, 0x0C4B, 0x0C4B, 0x0C4B, 0x0C4B, 0x0C4B, 0x0C4B, 0x0C4B,
    0x0C4B, 0x0C4B, 0x0C4B, 0x0C4B, 0x0C6B, 0x0C6B, 0x0C6B, 0x0C6B, 0x0C6B, 0x0C6B, 0x0C6B, 0x0C6B, 0x0C4B, 0x0C4B, 0x0C4B, 0x0C4B,
    0x0C4B, 0x0C4B, 0x0C4B, 0x0C4B, 0x0C4B, 0x0C4B, 0x0C4B, 0x0C4B, 0x0C4B, 0x0C4B, 0x0C4B, 0x0C4B, 0x0C4A, 0x0C4A, 0x0C4A, 0x0C4A,
    0x0C4A, 0x0C4A, 0x0C4A, 0x0C4A, 0x0C4A, 0x0C4A, 0x0C2A, 0x0C2A, 0x0C2A, 0x0C2A, 0x0C2A, 0x0C2A, 0x0C2A, 0x0C2A, 0x0C2A, 0x0C2A,
    0x0C2A, 0x0C2A, 0x0C0A, 0x0C0A, 0x0C0A, 0x0C0A, 0x0C0A, 0x0C0A, 0x0C0A, 0x0C0A, 0x0BEA, 0x0BEA, 0x0BEA, 0x0BEA, 0x0BE9, 0x0BE9,
    0x0BE9, 0x0BE9, 0x0BC9, 0x0BC9, 0x0BC9, 0x0BC9, 0x0BC9, 0x0BA9, 0x0BA9, 0x0BA9, 0x0BA9, 0x0BA9, 0x0BA9, 0x0B89, 0x0B89, 0x0B89,
    0x0B89, 0x0B88, 0x0B88, 0x0B88, 0x0B88, 0x0B88, 0x0B88, 0x0B88, 0x0B88, 0x0B88, 0x0B88, 0x0B88, 0x0B88, 0x0B88, 0x0B88, 0x0B88,
    0x0B88, 0x0B88, 0x0B88, 0x0B88, 0x0B88, 0x0B88, 0x0B88, 0x0B88, 0x0B88, 0x0B88, 0x0B88, 0x0B88, 0x0B88, 0x0B88, 0x0B88, 0x0B88,
    0x0B88, 0x0B88, 0x0B88, 0x0B88, 0x0B88, 0x0B88, 0x0B88, 0x0B88, 0x0B88, 0x0B88, 0x0B88, 0x0B88, 0x0B88, 0x0B88, 0x0B88, 0x0B88,
    0x3427, 0x3427, 0x3427, 0x3427, 0x3427, 0x2C28, 0x2C28, 0x2C28, 0x2C28, 0x2C08, 0x2C08, 0x2C08, 0x2C08, 0x2C08, 0x2C08, 0x2C08,
    0x2C08, 0x2C08, 0x2408, 0x2408, 0x2408, 0x2408, 0x23E8, 0x23E8, 0x23E8, 0x23E8, 0x23E8, 0x23E8, 0x23E8, 0x23E8, 0x23E8, 0x1BE8,
    0x1BE8, 0x1BC8, 0x1BC8, 0x1BC8, 0x1BC8, 0x1BC8, 0x1BC8, 0x1BC8, 0x1BC8, 0x1BC8, 0x1BC8, 0x1BC8, 0x13C8, 0x13A8, 0x13A8, 0x13A8,
    0x13A8, 0x13A8, 0x13A8, 0x13A8, 0x13C8, 0x13C9, 0x13C9, 0x13C9, 0x13C9, 0x13C9, 0x13C9, 0x0BC9, 0x0BC9, 0x0BC9, 0x0BC9, 0x0BC9,
    0x0BC9, 0x0BE9, 0x0BE9, 0x0BEA, 0x0BEA, 0x0BEA, 0x0BEA, 0x0BEA, 0x0C0A, 0x0C0A, 0x0C0A, 0x0C0A, 0x0C0A, 0x0C0A, 0x0C0A, 0x0C0A,
    0x0C0A, 0x0C2A, 0x0C2A, 0x0C2A, 0x0C2A, 0x0C2A, 0x0C2A, 0x0C2A, 0x0C2A, 0x0C2A, 0x0C2A, 0x0C2A, 0x0C2A, 0x0C4A, 0x0C4A, 0x0C4A,
    0x0C4A, 0x0C4A, 0x0C4A, 0x0C4A, 0x0C4A, 0x0C4A, 0x0C4A, 0x0C4A, 0x0C4A, 0x0C4B, 0x0C4B, 0x0C4B, 0x0C4B, 0x0C4B, 0x0C4B, 0x0C4B,
    0x0C4B, 0x0C4B, 0x0C4B, 0x0C4B, 0x0C4B, 0x0C4B, 0x0C4B, 0x0C4B, 0x0C4B, 0x0C4B, 0x0C4B, 0x0C4B, 0x0C4B, 0x0C4B, 0x0C4B, 0x0C4B,
    0x0C4B, 0x0C4B, 0x0C4B, 0x0C4B, 0x0C4B, 0x0C4B, 0x0C4B, 0x0C4A, 0x0C4A, 0x0C4A, 0x0C4A, 0x0C4A, 0x0C4A, 0x0C4A, 0x0C4A, 0x0C4A,
    0x0C4A, 0x0C4A, 0x0C4A, 0x0C2A, 0x0C2A, 0x0C2A, 0x0C2A, 0x0C2A, 0x0C2A, 0x0C2A, 0x0C2A, 0x0C2A, 0x0C2A, 0x0C2A, 0x0C2A, 0x0C0A,
    0x0C0A, 0x0C0A, 0x0C0A, 0x0C0A, 0x0C0A, 0x0C0A, 0x0C0A, 0x0C0A, 0x0BEA, 0x0BEA, 0x0BEA, 0x0BEA, 0x0BEA, 0x0BE9, 0x0BE9, 0x0BC9,
    0x0BC9, 0x0BC9, 0x0BC9, 0x0BC9, 0x0BC9, 0x0BC9, 0x0BA9, 0x0BA9, 0x0BA9, 0x0BA9, 0x0BA9, 0x0BA9, 0x0B89, 0x0B89, 0x0B89, 0x0B88,
    0x0B88, 0x0B88, 0x0B88, 0x0B88, 0x0B88, 0x0B88, 0x0B88, 0x0B88, 0x0B88, 0x0B88, 0x0B88, 0x0B88, 0x0B88, 0x0B88, 0x0B88, 0x0B88,
    0x0B88, 0x0B88, 0x0B88, 0x0B88, 0x0B88, 0x0B88, 0x0B88, 0x0B88, 0x0B88, 0x0B88, 0x0B88, 0x0B88, 0x0B88, 0x0B88, 0x0B88, 0x0B88,
    0x0B88, 0x0B88, 0x0B88, 0x0B88, 0x0B88, 0x0B88, 0x0B88, 0x0B88, 0x0B88, 0x0B88, 0x0B88, 0x0B88, 0x0B88, 0x0B88, 0x0B88, 0x0B88,
    0x3427, 0x3427, 0x3427, 0x3427, 0x2C28, 0x2C28, 0x2C28, 0x2C28, 0x2C08, 0x2C08, 0x2C08, 0x2C08, 0x2C08, 0x2C08, 0x2C08, 0x2C08,
    0x2C08, 0x2408, 0x2408, 0x2408, 0x2408, 0x23E8, 0x23E8, 0x23E8, 0x23E8, 0x23E8, 0x23E8, 0x23E8, 0x23E8, 0x23E8, 0x1BE8, 0x1BE8,
    0x1BC8, 0x1BC8, 0x1BC8, 0x1BC8, 0x1BC8, 0x1BC8, 0x1BC8, 0x1BC8, 0x1BC8, 0x1BC8, 0x1BC8, 0x13C8, 0x13A8, 0x13A8, 0x13A8, 0x13A8,
    0x13A8, 0x13A8, 0x13A8, 0x13A8, 0x13A8, 0x13A9, 0x13A9, 0x13C9, 0x13C9, 0x13C9, 0x0BC9, 0x0BC9, 0x0BC9, 0x0BC9, 0x0BC9, 0x0BC9,
    0x0BC9, 0x0BC9, 0x0BE9, 0x0BE9, 0x0BE9, 0x0BEA, 0x0BEA, 0x0BEA, 0x0BEA, 0x0BEA, 0x0C0A, 0x0C0A, 0x0C0A, 0x0C0A, 0x0C0A, 0x0C0A,
    0x0C0A, 0x0C0A, 0x0C0A, 0x0C0A, 0x0C2A, 0x0C2A, 0x0C2A, 0x0C2A, 0x0C2A, 0x0C2A, 0x0C2A, 0x0C2A, 0x0C2A, 0x0C2A, 0x0C2A, 0x0C2A,
    0x0C2A, 0x0C4A, 0x0C2A, 0x0C4A, 0x0C4A, 0x0C4A, 0x0C4A, 0x0C4A, 0x0C4A, 0x0C4A, 0x0C4A, 0x0C4A, 0x0C4A, 0x0C4A, 0x0C4A, 0x0C4A,
    0x0C4A, 0x0C4A, 0x0C4A, 0x0C4A, 0x0C4A, 0x0C4A, 0x0C4A, 0x0C4A, 0x0C4A, 0x0C4A, 0x0C4A, 0x0C4A, 0x0C4A, 0x0C4A, 0x0C4A, 0x0C4A,
    0x0C4A, 0x0C4A, 0x0C4A, 0x0C4A, 0x0C4A, 0x0C4A, 0x0C4A, 0x0C4A, 0x0C4A, 0x0C4A, 0x0C4A, 0x0C4A, 0x0C4A, 0x0C4A, 0x0C4A, 0x0C2A,
    0x0C2A, 0x0C2A, 0x0C2A, 0x0C2A, 0x0C2A, 0x0C2A, 0x0C2A, 0x0C2A, 0x0C2A, 0x0C2A, 0x0C2A, 0x0C2A, 0x0C2A, 0x0C0A, 0x0C0A, 0x0C0A,
    0x0C0A, 0x0C0A, 0x0C0A, 0x0C0A, 0x0C0A, 0x0BEA, 0x0BEA, 0x0BEA, 0x0BEA, 0x0BEA, 0x0BEA, 0x0BE9, 0x0BE9, 0x0BC9, 0x0BC9, 0x0BC9,
    0x0BC9, 0x0BC9, 0x0BC9, 0x0BC9, 0x0BA9, 0x0BA9, 0x0BA9, 0x0BA9, 0x0BA9, 0x0BA9, 0x0B89, 0x0B89, 0x0B89, 0x0B88, 0x0B88, 0x0B88,
    0x0B88, 0x0B88, 0x0B88, 0x0B88, 0x0B88, 0x0B88, 0x0B88, 0x0B88, 0x0B88, 0x0B88, 0x0B88, 0x0B88, 0x0B88, 0x0B88, 0x0B88, 0x0B88,
    0x0B88, 0x0B88, 0x0B88, 0x0B88, 0x0B88, 0x0B88, 0x0B88, 0x0B88, 0x0B88, 0x0B88, 0x0B88, 0x0B88, 0x0B88, 0x0B88, 0x0B88, 0x0B88,
    0x0B88, 0x0B88, 0x0B88, 0x0B88, 0x0B88, 0x0B88, 0x0B88, 0x0B88, 0x0B88, 0x0B88, 0x0B88, 0x0B88, 0x0B88, 0x0B88, 0x0B88, 0x0B88,
    0x3427, 0x3427, 0x3427, 0x2C28, 0x2C28, 0x2C28, 0x2C28, 0x2C08, 0x2C08, 0x2C08, 0x2C08, 0x2C08, 0x2C08, 0x2C08, 0x2C08, 0x2C08,
    0x2408, 0x2408, 0x2408, 0x2408, 0x23E8, 0x23E8, 0x23E8, 0x23E8, 0x23E8, 0x23E8, 0x23E8, 0x23E8, 0x23E8, 0x1BE8, 0x1BC8, 0x1BC8,
    0x1BC8, 0x1BC8, 0x1BC8, 0x1BC8, 0x1BC8, 0x1BC8, 0x1BC8, 0x1BC8, 0x1BC8, 0x1BC8, 0x13C8, 0x13A8, 0x13A8, 0x13A8, 0x13A8, 0x13A8,
    0x13A8, 0x13A8, 0x13A8, 0x13A8, 0x13A8, 0x13A8, 0x13A9, 0x13A9, 0x13A9, 0x0BA9, 0x0BA9, 0x0BA9, 0x0BC9, 0x0BC9, 0x0BC9, 0x0BC9,
    0x0BC9, 0x0BC9, 0x0BC9, 0x0BC9, 0x0BE9, 0x0BE9, 0x0BE9, 0x0BE9, 0x0BEA, 0x0BEA, 0x0BEA, 0x0BEA, 0x0BEA, 0x0C0A, 0x0C0A, 0x0C0A,
    0x0C0A, 0x0C0A, 0x0C0A, 0x0C0A, 0x0C0A, 0x0C0A, 0x0C2A, 0x0C2A, 0x0C2A, 0x0C2A, 0x0C2A, 0x0C2A, 0x0C2A, 0x0C2A, 0x0C2A, 0x0C2A,
    0x0C2A, 0x0C2A, 0x0C2A, 0x0C2A, 0x0C2A, 0x0C2A, 0x0C2A, 0x0C2A, 0x0C4A, 0x0C4A, 0x0C4A, 0x0C4A, 0x0C4A, 0x0C4A, 0x0C4A, 0x0C4A,
    0x0C4A, 0x0C4A, 0x0C4A, 0x0C4A, 0x0C4A, 0x0C4A, 0x0C4A, 0x0C4A, 0x0C4A, 0x0C4A, 0x0C4A, 0x0C4A, 0x0C4A, 0x0C4A, 0x0C4A, 0x0C4A,
    0x0C4A, 0x0C4A, 0x0C4A, 0x0C4A, 0x0C4A, 0x0C4A, 0x0C4A, 0x0C4A, 0x0C2A, 0x0C2A, 0x0C2A, 0x0C2A, 0x0C2A, 0x0C2A, 0x0C2A, 0x0C2A,
    0x0C2A, 0x0C2A, 0x0C2A, 0x0C2A, 0x0C2A, 0x0C2A, 0x0C2A, 0x0C2A, 0x0C2A, 0x0C2A, 0x0C0A, 0x0C0A, 0x0C0A, 0x0C0A, 0x0C0A, 0x0C0A,
    0x0C0A, 0x0C0A, 0x0C0A, 0x0BEA, 0x0BEA, 0x0BEA, 0x0BEA, 0x0BEA, 0x0BE9, 0x0BE9, 0x0BE9, 0x0BE9, 0x0BC9, 0x0BC9, 0x0BC9, 0x0BC9,
    0x0BC9, 0x0BC9, 0x0BC9, 0x0BA9, 0x0BA9, 0x0BA9, 0x0BA9, 0x0BA9, 0x0BA9, 0x0B89, 0x0B89, 0x0B89, 0x0B88, 0x0B88, 0x0B88, 0x0B88,
    0x0B88, 0x0B88, 0x0B88, 0x0B88, 0x0B88, 0x0B88, 0x0B88, 0x0B88, 0x0B88, 0x0B88, 0x0B88, 0x0B88, 0x0B88, 0x0B88, 0x0B88, 0x0B88,
    0x0B88, 0x0B88, 0x0B88, 0x0B88, 0x0B88, 0x0B88, 0x0B88, 0x0B88, 0x0B88, 0x0B88, 0x0B88, 0x0B88, 0x0B88, 0x0B88, 0x0B88, 0x0B88,
    0x0B88, 0x0B88, 0x0B88, 0x0B88, 0x0B88, 0x0B88, 0x0B88, 0x0B88, 0x0B88, 0x0B88, 0x0B88, 0x0B88, 0x0B88, 0x0B88, 0x0B88, 0x0B88,
    0x3427, 0x2C27, 0x2C28, 0x2C28, 0x2C28, 0x2C28, 0x2C08, 0x2C08, 0x2C08, 0x2C08, 0x2C08, 0x2C08, 0x2C08, 0x2C08, 0x2C08, 0x2408,
    0x2408, 0x2408, 0x2408, 0x23E8, 0x23E8, 0x23E8, 0x23E8, 0x23E8, 0x23E8, 0x23E8, 0x23E8, 0x23E8, 0x1BE8, 0x1BC8, 0x1BC8, 0x1BC8,
    0x1BC8, 0x1BC8, 0x1BC8, 0x1BC8, 0x1BC8, 0x1BC8, 0x1BC8, 0x1BC8, 0x1BC8, 0x13C8, 0x13A8, 0x13A8, 0x13A8, 0x13A8, 0x13A8, 0x13A8,
    0x13A8, 0x13A8, 0x13A8, 0x13A8, 0x1388, 0x13A8, 0x0BA8, 0x0BA8, 0x0BA9, 0x0BA9, 0x0BA9, 0x0BA9, 0x0BA9, 0x0BA9, 0x0BA9, 0x0BA9,
    0x0BC9, 0x0BC9, 0x0BC9, 0x0BC9, 0x0BC9, 0x0BC9, 0x0BE9, 0x0BE9, 0x0BE9, 0x0BE9, 0x0BEA, 0x0BEA, 0x0BEA, 0x0BEA, 0x0BEA, 0x0C0A,
    0x0C0A, 0x0C0A, 0x0C0A, 0x0C0A, 0x0C0A, 0x0C0A, 0x0C0A, 0x0C0A, 0x0C0A, 0x0C0A, 0x0C2A, 0x0C2A, 0x0C2A, 0x0C2A, 0x0C2A, 0x0C2A,
    0x0C2A, 0x0C2A, 0x0C2A, 0x0C2A, 0x0C2A, 0x0C2A, 0x0C2A, 0x0C2A, 0x0C2A, 0x0C2A, 0x0C2A, 0x0C2A, 0x0C2A, 0x0C2A, 0x0C2A, 0x0C4A,
    0x0C4A, 0x0C4A, 0x0C4A, 0x0C4A, 0x0C4A, 0x0C4A, 0x0C4A, 0x0C4A, 0x0C4A, 0x0C4A, 0x0C4A, 0x0C4A, 0x0C4A, 0x0C4A, 0x0C4A, 0x0C4A,
    0x0C4A, 0x0C2A, 0x0C2A, 0x0C2A, 0x0C2A, 0x0C2A, 0x0C2A, 0x0C2A, 0x0C2A, 0x0C2A, 0x0C2A, 0x0C2A, 0x0C2A, 0x0C2A, 0x0C2A, 0x0C2A,
    0x0C2A, 0x0C2A, 0x0C2A, 0x0C2A, 0x0C2A, 0x0C2A, 0x0C2A, 0x0C0A, 0x0C0A, 0x0C0A, 0x0C0A, 0x0C0A, 0x0C0A, 0x0C0A, 0x0C0A, 0x0C0A,
    0x0C0A, 0x0BEA, 0x0BEA, 0x0BEA, 0x0BEA, 0x0BEA, 0x0BE9, 0x0BE9, 0x0BE9, 0x0BE9, 0x0BC9, 0x0BC9, 0x0BC9, 0x0BC9, 0x0BC9, 0x0BC9,
    0x0BC9, 0x0BA9, 0x0BA9, 0x0BA9, 0x0BA9, 0x0BA9, 0x0BA9, 0x0B89, 0x0B89, 0x0B89, 0x0B89, 0x0B88, 0x0B88, 0x0B88, 0x0B88, 0x0B88,
    0x0B88, 0x0B88, 0x0B88, 0x0B88, 0x0B88, 0x0B88, 0x0B88, 0x0B88, 0x0B88, 0x0B88, 0x0B88, 0x0B88, 0x0B88, 0x0B88, 0x0B88, 0x0B88,
    0x0B88, 0x0B88, 0x0B88, 0x0B88, 0x0B88, 0x0B88, 0x0B88, 0x0B88, 0x0B88, 0x0B88, 0x0B88, 0x0B88, 0x0B88, 0x0B88, 0x0B88, 0x0B88,
    0x0B88, 0x0B88, 0x0B88, 0x0B88, 0x0B88, 0x0B88, 0x0B88, 0x0B88, 0x0B88, 0x0B88, 0x0B88, 0x0B88, 0x0B88, 0x0B88, 0x0B88, 0x0B88,
    0x3427, 0x2C28, 0x2C28, 0x2C28, 0x2C28, 0x2C08, 0x2C08, 0x2C08, 0x2C08, 0x2C08, 0x2C08, 0x2C08, 0x2C08, 0x2C08, 0x2408, 0x2408,
    0x2408, 0x2408, 0x23E8, 0x23E8, 0x23E8, 0x23E8, 0x23E8, 0x23E8, 0x23E8, 0x23E8, 0x23E8, 0x1BE8, 0x1BC8, 0x1BC8, 0x1BC8, 0x1BC8,
    0x1BC8, 0x1BC8, 0x1BC8, 0x1BC8, 0x1BC8, 0x1BC8, 0x1BC8, 0x1BC8, 0x13C8, 0x13A8, 0x13A8, 0x13A8, 0x13A8, 0x13A8, 0x13A8, 0x13A8,
    0x13A8, 0x13A8, 0x13A8, 0x13A8, 0x1388, 0x0B88, 0x0B88, 0x0B88, 0x0B88, 0x0BA9, 0x0BA9, 0x0BA9, 0x0BA9, 0x0BA9, 0x0BA9, 0x0BA9,
    0x0BA9, 0x0BC9, 0x0BC9, 0x0BC9, 0x0BC9, 0x0BC9, 0x0BC9, 0x0BC9, 0x0BE9, 0x0BE9, 0x0BE9, 0x0BE9, 0x0BEA, 0x0BEA, 0x0BEA, 0x0BEA,
    0x0BEA, 0x0BEA, 0x0C0A, 0x0C0A, 0x0C0A, 0x0C0A, 0x0C0A, 0x0C0A, 0x0C0A, 0x0C0A, 0x0C0A, 0x0C0A, 0x0C2A, 0x0C2A, 0x0C2A, 0x0C2A,
    0x0C2A, 0x0C2A, 0x0C2A, 0x0C2A, 0x0C2A, 0x0C2A, 0x0C2A, 0x0C2A, 0x0C2A, 0x0C2A, 0x0C2A, 0x0C2A, 0x0C2A, 0x0C2A, 0x0C2A, 0x0C2A,
    0x0C2A, 0x0C2A, 0x0C2A, 0x0C2A, 0x0C2A, 0x0C2A, 0x0C2A, 0x0C2A, 0x0C2A, 0x0C2A, 0x0C2A, 0x0C2A, 0x0C2A, 0x0C2A, 0x0C2A, 0x0C2A,
    0x0C2A, 0x0C2A, 0x0C2A, 0x0C2A, 0x0C2A, 0x0C2A, 0x0C2A, 0x0C2A, 0x0C2A, 0x0C2A, 0x0C2A, 0x0C2A, 0x0C2A, 0x0C2A, 0x0C2A, 0x0C2A,
    0x0C2A, 0x0C2A, 0x0C2A, 0x0C2A, 0x0C0A, 0x0C0A, 0x0C0A, 0x0C0A, 0x0C0A, 0x0C0A, 0x0C0A, 0x0C0A, 0x0C0A, 0x0C0A, 0x0BEA, 0x0BEA,
    0x0BEA, 0x0BEA, 0x0BEA, 0x0BEA, 0x0BE9, 0x0BE9, 0x0BE9, 0x0BE9, 0x0BC9, 0x0BC9, 0x0BC9, 0x0BC9, 0x0BC9, 0x0BC9, 0x0BC9, 0x0BA9,
    0x0BA9, 0x0BA9, 0x0BA9, 0x0BA9, 0x0BA9, 0x0BA9, 0x0B89, 0x0B89, 0x0B89, 0x0B88, 0x0B88, 0x0B88, 0x0B88, 0x0B88, 0x0B88, 0x0B88,
    0x0B88, 0x0B88, 0x0B88, 0x0B88, 0x0B88, 0x0B88, 0x0B88, 0x0B88, 0x0B88, 0x0B88, 0x0B88, 0x0B88, 0x0B88, 0x0B88, 0x0B88, 0x0B88,
    0x0B88, 0x0B88, 0x0B88, 0x0B88, 0x0B88, 0x0B88, 0x0B88, 0x0B88, 0x0B88, 0x0B88, 0x0B88, 0x0B88, 0x0B88, 0x0B88, 0x0B88, 0x0B88,
    0x0B88, 0x0B88, 0x0B88, 0x0B88, 0x0B88, 0x0B88, 0x0B88, 0x0B88, 0x0B88, 0x0B88, 0x0B88, 0x0B88, 0x0B88, 0x0B88, 0x0B88, 0x0B88,
    0x2C28, 0x2C28, 0x2C28, 0x2C28, 0x2C08, 0x2C08, 0x2C08, 0x2C08, 0x2C08, 0x2C08, 0x2C08, 0x2C08, 0x2C08, 0x2408, 0x2408, 0x2408,
    0x2408, 0x23E8, 0x23E8, 0x23E8, 0x23E8, 0x23E8, 0x23E8, 0x23E8, 0x23E8, 0x23E8, 0x1BE8, 0x1BC8, 0x1BC8, 0x1BC8, 0x1BC8, 0x1BC8,
    0x1BC8, 0x1BC8, 0x1BC8, 0x1BC8, 0x1BC8, 0x1BC8, 0x1BC8, 0x13C8, 0x13A8, 0x13A8, 0x13A8, 0x13A8, 0x13A8, 0x13A8, 0x13A8, 0x13A8,
    0x13A8, 0x13A8, 0x13A8, 0x1388, 0x0B88, 0x0B88, 0x0B88, 0x0B88, 0x0B88, 0x0B88, 0x0B89, 0x0B89, 0x0BA9, 0x0BA9, 0x0BA9, 0x0BA9,
    0x0BA9, 0x0BA9, 0x0BA9, 0x0BC9, 0x0BC9, 0x0BC9, 0x0BC9, 0x0BC9, 0x0BC9, 0x0BC9, 0x0BE9, 0x0BE9, 0x0BE9, 0x0BE9, 0x0BEA, 0x0BEA,
    0x0BEA, 0x0BEA, 0x0BEA, 0x0BEA, 0x0C0A, 0x0C0A, 0x0C0A, 0x0C0A, 0x0C0A, 0x0C0A, 0x0C0A, 0x0C0A, 0x0C0A, 0x0C0A, 0x0C0A, 0x0C0A,
    0x0C2A, 0x0C2A, 0x0C2A, 0x0C2A, 0x0C2A, 0x0C2A, 0x0C2A, 0x0C2A, 0x0C2A, 0x0C2A, 0x0C2A, 0x0C2A, 0x0C2A, 0x0C2A, 0x0C2A, 0x0C2A,
    0x0C2A, 0x0C2A, 0x0C2A, 0x0C2A, 0x0C2A, 0x0C2A, 0x0C2A, 0x0C2A, 0x0C2A, 0x0C2A, 0x0C2A, 0x0C2A, 0x0C2A, 0x0C2A, 0x0C2A, 0x0C2A,
    0x0C2A, 0x0C2A, 0x0C2A, 0x0C2A, 0x0C2A, 0x0C2A, 0x0C2A, 0x0C2A, 0x0C2A, 0x0C2A, 0x0C2A, 0x0C2A, 0x0C2A, 0x0C2A, 0x0C2A, 0x0C2A,
    0x0C0A, 0x0C0A, 0x0C0A, 0x0C0A, 0x0C0A, 0x0C0A, 0x0C0A, 0x0C0A, 0x0C0A, 0x0C0A, 0x0C0A, 0x0C0A, 0x0BEA, 0x0BEA, 0x0BEA, 0x0BEA,
    0x0BEA, 0x0BEA, 0x0BE9, 0x0BE9, 0x0BE9, 0x0BE9, 0x0BC9, 0x0BC9, 0x0BC9, 0x0BC9, 0x0BC9, 0x0BC9, 0x0BC9, 0x0BA9, 0x0BA9, 0x0BA9,
    0x0BA9, 0x0BA9, 0x0BA9, 0x0BA9, 0x0B89, 0x0B89, 0x0B89, 0x0B89, 0x0B88, 0x0B88, 0x0B88, 0x0B88, 0x0B88, 0x0B88, 0x0B88, 0x0B88,
    0x0B88, 0x0B88, 0x0B88, 0x0B88, 0x0B88, 0x0B88, 0x0B88, 0x0B88, 0x0B88, 0x0B88, 0x0B88, 0x0B88, 0x0B88, 0x0B88, 0x0B88, 0x0B88,
    0x0B88, 0x0B88, 0x0B88, 0x0B88, 0x0B88, 0x0B88, 0x0B88, 0x0B88, 0x0B88, 0x0B88, 0x0B88, 0x0B88, 0x0B88, 0x0B88, 0x0B88, 0x0B88,
    0x0B88, 0x0B88, 0x0B88, 0x0B88, 0x0B88, 0x0B88, 0x0B88, 0x0B88, 0x0B88, 0x0B88, 0x0B88, 0x0B88, 0x0B88, 0x0B88, 0x0B88, 0x0B88,
    0x2C28, 0x2C28, 0x2C28, 0x2C08, 0x2C08, 0x2C08, 0x2C08, 0x2C08, 0x2C08, 0x2C08, 0x2C08, 0x2C08, 0x2408, 0x2408, 0x2408, 0x2408,
    0x23E8, 0x23E8, 0x23E8, 0x23E8, 0x23E8, 0x23E8, 0x23E8, 0x23E8, 0x23E8, 0x1BE8, 0x1BC8, 0x1BC8, 0x1BC8, 0x1BC8, 0x1BC8, 0x1BC8,
    0x1BC8, 0x1BC8, 0x1BC8, 0x1BC8, 0x1BC8, 0x1BC8, 0x13C8, 0x13A8, 0x13A8, 0x13A8, 0x13A8, 0x13A8, 0x13A8, 0x13A8, 0x13A8, 0x13A8,
    0x13A8, 0x13A8, 0x1388, 0x1388, 0x0B88, 0x0B88, 0x0B88, 0x0B88, 0x0B88, 0x0B88, 0x0B88, 0x0B89, 0x0B89, 0x0BA9, 0x0BA9, 0x0BA9,
    0x0BA9, 0x0BA9, 0x0BA9, 0x0BA9, 0x0BA9, 0x0BC9, 0x0BC9, 0x0BC9, 0x0BC9, 0x0BC9, 0x0BC9, 0x0BC9, 0x0BE9, 0x0BE9, 0x0BE9, 0x0BE9,
    0x0BE9, 0x0BEA, 0x0BEA, 0x0BEA, 0x0BEA, 0x0BEA, 0x0BEA, 0x0C0A, 0x0C0A, 0x0C0A, 0x0C0A, 0x0C0A, 0x0C0A, 0x0C0A, 0x0C0A, 0x0C0A,
    0x0C0A, 0x0C0A, 0x0C0A, 0x0C0A, 0x0C0A, 0x0C2A, 0x0C2A, 0x0C2A, 0x0C2A, 0x0C2A, 0x0C2A, 0x0C2A, 0x0C2A, 0x0C2A, 0x0C2A, 0x0C2A,
    0x0C2A, 0x0C2A, 0x0C2A, 0x0C2A, 0x0C2A, 0x0C2A, 0x0C2A, 0x0C2A, 0x0C2A, 0x0C2A, 0x0C2A, 0x0C2A, 0x0C2A, 0x0C2A, 0x0C2A, 0x0C2A,
    0x0C2A, 0x0C2A, 0x0C2A, 0x0C2A, 0x0C2A, 0x0C2A, 0x0C2A, 0x0C2A, 0x0C2A, 0x0C2A, 0x0C2A, 0x0C2A, 0x0C0A, 0x0C0A, 0x0C0A, 0x0C0A,
    0x0C0A, 0x0C0A, 0x0C0A, 0x0C0A, 0x0C0A, 0x0C0A, 0x0C0A, 0x0C0A, 0x0C0A, 0x0BEA, 0x0BEA, 0x0BEA, 0x0BEA, 0x0BEA, 0x0BEA, 0x0BEA,
    0x0BE9, 0x0BE9, 0x0BE9, 0x0BE9, 0x0BC9, 0x0BC9, 0x0BC9, 0x0BC9, 0x0BC9, 0x0BC9, 0x0BC9, 0x0BA9, 0x0BA9, 0x0BA9, 0x0BA9, 0x0BA9,
    0x0BA9, 0x0BA9, 0x0BA9, 0x0B89, 0x0B89, 0x0B89, 0x0B88, 0x0B88, 0x0B88, 0x0B88, 0x0B88, 0x0B88, 0x0B88, 0x0B88, 0x0B88, 0x0B88,
    0x0B88, 0x0B88, 0x0B88, 0x0B88, 0x0B88, 0x0B88, 0x0B88, 0x0B88, 0x0B88, 0x0B88, 0x0B88, 0x0B88, 0x0B88, 0x0B88, 0x0B88, 0x0B88,
    0x0B88, 0x0B88, 0x0B88, 0x0B88, 0x0B88, 0x0B88, 0x0B88, 0x0B88, 0x0B88, 0x0B88, 0x0B88, 0x0B88, 0x0B88, 0x0B88, 0x0B88, 0x0B88,
    0x0B88, 0x0B88, 0x0B88, 0x0B88, 0x0B88, 0x0B88, 0x0B88, 0x0B88, 0x0B88, 0x0B88, 0x0B88, 0x0B88, 0x0B88, 0x0B88, 0x0B88, 0x0B88,
    0x2C28, 0x2C28, 0x2C08, 0x2C08, 0x2C08, 0x2C08, 0x2C08, 0x2C08, 0x2C08, 0x2C08, 0x2C08, 0x2408, 0x2408, 0x2408, 0x2408, 0x23E8,
    0x23E8, 0x23E8, 0x23E8, 0x23E8, 0x23E8, 0x23E8, 0x23E8, 0x23E8, 0x1BE8, 0x1BC8, 0x1BC8, 0x1BC8, 0x1BC8, 0x1BC8, 0x1BC8, 0x1BC8,
    0x1BC8, 0x1BC8, 0x1BC8, 0x1BC8, 0x1BC8, 0x1BC8, 0x13A8, 0x13A8, 0x13A8, 0x13A8, 0x13A8, 0x13A8, 0x13A8, 0x13A8, 0x13A8, 0x13A8,
    0x13A8, 0x1388, 0x1388, 0x0B88, 0x0B88, 0x0B88, 0x0B88, 0x0B88, 0x0B88, 0x0B88, 0x0B88, 0x0B88, 0x0B89, 0x0B89, 0x0B89, 0x0BA9,
    0x0BA9, 0x0BA9, 0x0BA9, 0x0BA9, 0x0BA9, 0x0BA9, 0x0BA9, 0x0BC9, 0x0BC9, 0x0BC9, 0x0BC9, 0x0BC9, 0x0BC9, 0x0BC9, 0x0BE9, 0x0BE9,
    0x0BE9, 0x0BE9, 0x0BE9, 0x0BEA, 0x0BEA, 0x0BEA, 0x0BEA, 0x0BEA, 0x0BEA, 0x0BEA, 0x0C0A, 0x0C0A, 0x0C0A, 0x0C0A, 0x0C0A, 0x0C0A,
    0x0C0A, 0x0C0A, 0x0C0A, 0x0C0A, 0x0C0A, 0x0C0A, 0x0C0A, 0x0C0A, 0x0C0A, 0x0C0A, 0x0C2A, 0x0C2A, 0x0C0A, 0x0C0A, 0x0C2A, 0x0C2A,
    0x0C2A, 0x0C2A, 0x0C2A, 0x0C2A, 0x0C2A, 0x0C2A, 0x0C2A, 0x0C2A, 0x0C2A, 0x0C2A, 0x0C2A, 0x0C2A, 0x0C2A, 0x0C2A, 0x0C2A, 0x0C2A,
    0x0C2A, 0x0C2A, 0x0C2A, 0x0C0A, 0x0C2A, 0x0C2A, 0x0C0A, 0x0C0A, 0x0C0A, 0x0C0A, 0x0C0A, 0x0C0A, 0x0C0A, 0x0C0A, 0x0C0A, 0x0C0A,
    0x0C0A, 0x0C0A, 0x0C0A, 0x0C0A, 0x0C0A, 0x0C0A, 0x0BEA, 0x0BEA, 0x0BEA, 0x0BEA, 0x0BEA, 0x0BEA, 0x0BEA, 0x0BE9, 0x0BE9, 0x0BE9,
    0x0BE9, 0x0BE9, 0x0BC9, 0x0BC9, 0x0BC9, 0x0BC9, 0x0BC9, 0x0BC9, 0x0BC9, 0x0BA9, 0x0BA9, 0x0BA9, 0x0BA9, 0x0BA9, 0x0BA9, 0x0BA9,
    0x0B89, 0x0B89, 0x0B89, 0x0B89, 0x0B89, 0x0B88, 0x0B88, 0x0B88, 0x0B88, 0x0B88, 0x0B88, 0x0B88, 0x0B88, 0x0B88, 0x0B88, 0x0B88,
    0x0B88, 0x0B88, 0x0B88, 0x0B88, 0x0B88, 0x0B88, 0x0B88, 0x0B88, 0x0B88, 0x0B88, 0x0B88, 0x0B88, 0x0B88, 0x0B88, 0x0B88, 0x0B88,
    0x0B88, 0x0B88, 0x0B88, 0x0B88, 0x0B88, 0x0B88, 0x0B88, 0x0B88, 0x0B88, 0x0B88, 0x0B88, 0x0B88, 0x0B88, 0x0B88, 0x0B88, 0x0B88,
    0x0B88, 0x0B88, 0x0B88, 0x0B88, 0x0B88, 0x0B88, 0x0B88, 0x0B88, 0x0B88, 0x0B88, 0x0B88, 0x0B88, 0x0B88, 0x0B88, 0x0B88, 0x0B88,
    0x2C28, 0x2C08, 0x2C08, 0x2C08, 0x2C08, 0x2C08, 0x2C08, 0x2C08, 0x2C08, 0x2C08, 0x2408, 0x2408, 0x2408, 0x2408, 0x23E8, 0x23E8,
    0x23E8, 0x23E8, 0x23E8, 0x23E8, 0x23E8, 0x23E8, 0x23E8, 0x1BE8, 0x1BC8, 0x1BC8, 0x1BC8, 0x1BC8, 0x1BC8, 0x1BC8, 0x1BC8, 0x1BC8,
    0x1BC8, 0x1BC8, 0x1BC8, 0x1BC8, 0x13C8, 0x13A8, 0x13A8, 0x13A8, 0x13A8, 0x13A8, 0x13A8, 0x13A8, 0x13A8, 0x13A8, 0x13A8, 0x13A8,
    0x1388, 0x1388, 0x0B88, 0x0B88, 0x0B88, 0x0B88, 0x0B88, 0x0B88, 0x0B88, 0x0B88, 0x0B88, 0x0B88, 0x0B88, 0x0B88, 0x0B89, 0x0B89,
    0x0B89, 0x0B89, 0x0BA9, 0x0BA9, 0x0BA9, 0x0BA9, 0x0BA9, 0x0BA9, 0x0BA9, 0x0BC9, 0x0BC9, 0x0BC9, 0x0BC9, 0x0BC9, 0x0BC9, 0x0BC9,
    0x0BC9, 0x0BC9, 0x0BE9, 0x0BE9, 0x0BE9, 0x0BE9, 0x0BEA, 0x0BEA, 0x0BEA, 0x0BEA, 0x0BEA, 0x0BEA, 0x0BEA, 0x0C0A, 0x0C0A, 0x0C0A,
    0x0C0A, 0x0C0A, 0x0C0A, 0x0C0A, 0x0C0A, 0x0C0A, 0x0C0A, 0x0C0A, 0x0C0A, 0x0C0A, 0x0C0A, 0x0C0A, 0x0C0A, 0x0C0A, 0x0C0A, 0x0C0A,
    0x0C0A, 0x0C0A, 0x0C0A, 0x0C0A, 0x0C0A, 0x0C0A, 0x0C0A, 0x0C0A, 0x0C0A, 0x0C0A, 0x0C0A, 0x0C0A, 0x0C0A, 0x0C0A, 0x0C0A, 0x0C0A,
    0x0C0A, 0x0C0A, 0x0C0A, 0x0C0A, 0x0C0A, 0x0C0A, 0x0C0A, 0x0C0A, 0x0C0A, 0x0C0A, 0x0C0A, 0x0C0A, 0x0C0A, 0x0C0A, 0x0C0A, 0x0C0A,
    0x0C0A, 0x0BEA, 0x0C0A, 0x0BEA, 0x0BEA, 0x0BEA, 0x0BEA, 0x0BEA, 0x0BEA, 0x0BEA, 0x0BEA, 0x0BE9, 0x0BE9, 0x0BE9, 0x0BC9, 0x0BC9,
    0x0BC9, 0x0BC9, 0x0BC9, 0x0BC9, 0x0BC9, 0x0BC9, 0x0BC9, 0x0BA9, 0x0BA9, 0x0BA9, 0x0BA9, 0x0BA9, 0x0BA9, 0x0BA9, 0x0B89, 0x0B89,
    0x0B89, 0x0B89, 0x0B88, 0x0B88, 0x0B88, 0x0B88, 0x0B88, 0x0B88, 0x0B88, 0x0B88, 0x0B88, 0x0B88, 0x0B88, 0x0B88, 0x0B88, 0x0B88,
    0x0B88, 0x0B88, 0x0B88, 0x0B88, 0x0B88, 0x0B88, 0x0B88, 0x0B88, 0x0B88, 0x0B88, 0x0B88, 0x0B88, 0x0B88, 0x0B88, 0x0B88, 0x0B88,
    0x0B88, 0x0B88, 0x0B88, 0x0B88, 0x0B88, 0x0B88, 0x0B88, 0x0B88, 0x0B88, 0x0B88, 0x0B88, 0x0B88, 0x0B88, 0x0B88, 0x0B88, 0x0B88,
    0x0B88, 0x0B88, 0x0B88, 0x0B88, 0x0B88, 0x0B88, 0x0B88, 0x0B88, 0x0B88, 0x0B88, 0x0B88, 0x0B88, 0x0B88, 0x0B88, 0x0B88, 0x0B88,
    0x2C08, 0x2C08, 0x2C08, 0x2C08, 0x2C08, 0x2C08, 0x2C08, 0x2C08, 0x2C08, 0x2408, 0x2408, 0x2408, 0x2408, 0x23E8, 0x23E8, 0x23E8,
    0x23E8, 0x23E8, 0x23E8, 0x23E8, 0x23E8, 0x23E8, 0x1BE8, 0x1BC8, 0x1BC8, 0x1BC8, 0x1BC8, 0x1BC8, 0x1BC8, 0x1BC8, 0x1BC8, 0x1BC8,
    0x1BC8, 0x1BC8, 0x1BC8, 0x1BC8, 0x13A8, 0x13A8, 0x13A8, 0x13A8, 0x13A8, 0x13A8, 0x13A8, 0x13A8, 0x13A8, 0x13A8, 0x1388, 0x1388,
    0x1388, 0x0B88, 0x0B88, 0x0B88, 0x0B88, 0x0B88, 0x0B88, 0x0B88, 0x0B88, 0x0B88, 0x0B88, 0x0B88, 0x0B88, 0x0B88, 0x0B88, 0x0B88,
    0x0B89, 0x0B89, 0x0B89, 0x0BA9, 0x0BA9, 0x0BA9, 0x0BA9, 0x0BA9, 0x0BA9, 0x0BA9, 0x0BA9, 0x0BC9, 0x0BC9, 0x0BC9, 0x0BC9, 0x0BC9,
    0x0BC9, 0x0BC9, 0x0BC9, 0x0BC9, 0x0BC9, 0x0BE9, 0x0BE9, 0x0BE9, 0x0BE9, 0x0BEA, 0x0BEA, 0x0BEA, 0x0BEA, 0x0BEA, 0x0BEA, 0x0BEA,
    0x0BEA, 0x0C0A, 0x0BEA, 0x0BEA, 0x0C0A, 0x0C0A, 0x0C0A, 0x0C0A, 0x0C0A, 0x0C0A, 0x0C0A, 0x0C0A, 0x0C0A, 0x0C0A, 0x0C0A, 0x0C0A,
    0x0C0A, 0x0C0A, 0x0C0A, 0x0C0A, 0x0C0A, 0x0C0A, 0x0C0A, 0x0C0A, 0x0C0A, 0x0C0A, 0x0C0A, 0x0C0A, 0x0C0A, 0x0C0A, 0x0C0A, 0x0C0A,
    0x0C0A, 0x0C0A, 0x0C0A, 0x0C0A, 0x0C0A, 0x0C0A, 0x0C0A, 0x0C0A, 0x0C0A, 0x0C0A, 0x0C0A, 0x0C0A, 0x0C0A, 0x0BEA, 0x0C0A, 0x0BEA,
    0x0BEA, 0x0BEA, 0x0BEA, 0x0BEA, 0x0BEA, 0x0BEA, 0x0BEA, 0x0BE9, 0x0BE9, 0x0BE9, 0x0BE9, 0x0BC9, 0x0BC9, 0x0BC9, 0x0BC9, 0x0BC9,
    0x0BC9, 0x0BC9, 0x0BC9, 0x0BC9, 0x0BC9, 0x0BA9, 0x0BA9, 0x0BA9, 0x0BA9, 0x0BA9, 0x0BA9, 0x0BA9, 0x0BA9, 0x0B89, 0x0B89, 0x0B89,
    0x0B89, 0x0B88, 0x0B88, 0x0B88, 0x0B88, 0x0B88, 0x0B88, 0x0B88, 0x0B88, 0x0B88, 0x0B88, 0x0B88, 0x0B88, 0x0B88, 0x0B88, 0x0B88,
    0x0B88, 0x0B88, 0x0B88, 0x0B88, 0x0B88, 0x0B88, 0x0B88, 0x0B88, 0x0B88, 0x0B88, 0x0B88, 0x0B88, 0x0B88, 0x0B88, 0x0B88, 0x0B88,
    0x0B88, 0x0B88, 0x0B88, 0x0B88, 0x0B88, 0x0B88, 0x0B88, 0x0B88, 0x0B88, 0x0B88, 0x0B88, 0x0B88, 0x0B88, 0x0B88, 0x0B88, 0x0B88,
    0x0B88, 0x0B88, 0x0B88, 0x0B88, 0x0B88, 0x0B88, 0x0B88, 0x0B88, 0x0B88, 0x0B88, 0x0B88, 0x0B88, 0x0B88, 0x0B88, 0x0B88, 0x0B88,
    0x2C08, 0x2C08, 0x2C08, 0x2C08, 0x2C08, 0x2C08, 0x2C08, 0x2C08, 0x2408, 0x2408, 0x2408, 0x2408, 0x23E8, 0x23E8, 0x23E8, 0x23E8,
    0x23E8, 0x23E8, 0x23E8, 0x23E8, 0x23E8, 0x1BE8, 0x1BC8, 0x1BC8, 0x1BC8, 0x1BC8, 0x1BC8, 0x1BC8, 0x1BC8, 0x1BC8, 0x1BC8, 0x1BC8,
    0x1BC8, 0x1BC8, 0x13C8, 0x13A8, 0x13A8, 0x13A8, 0x13A8, 0x13A8, 0x13A8, 0x13A8, 0x13A8, 0x13A8, 0x13A8, 0x1388, 0x1388, 0x0B88,
    0x0B88, 0x0B88, 0x0B88, 0x0B88, 0x0B88, 0x0B88, 0x0B88, 0x0B88, 0x0B88, 0x0B88, 0x0B88, 0x0B88, 0x0B88, 0x0B88, 0x0B88, 0x0B88,
    0x0B88, 0x0B89, 0x0B89, 0x0B89, 0x0B89, 0x0B89, 0x0BA9, 0x0BA9, 0x0BA9, 0x0BA9, 0x0BA9, 0x0BA9, 0x0BA9, 0x0BC9, 0x0BC9, 0x0BC9,
    0x0BC9, 0x0BC9, 0x0BC9, 0x0BC9, 0x0BC9, 0x0BC9, 0x0BC9, 0x0BC9, 0x0BE9, 0x0BE9, 0x0BE9, 0x0BE9, 0x0BE9, 0x0BE9, 0x0BEA, 0x0BEA,
    0x0BEA, 0x0BEA, 0x0BEA, 0x0BEA, 0x0BEA, 0x0BEA, 0x0C0A, 0x0C0A, 0x0BEA, 0x0C0A, 0x0C0A, 0x0C0A, 0x0C0A, 0x0C0A, 0x0C0A, 0x0C0A,
    0x0C0A, 0x0C0A, 0x0C0A, 0x0C0A, 0x0C0A, 0x0C0A, 0x0C0A, 0x0C0A, 0x0C0A, 0x0C0A, 0x0C0A, 0x0C0A, 0x0C0A, 0x0C0A, 0x0C0A, 0x0C0A,
    0x0C0A, 0x0C0A, 0x0C0A, 0x0C0A, 0x0C0A, 0x0C0A, 0x0C0A, 0x0BEA, 0x0BEA, 0x0C0A, 0x0BEA, 0x0BEA, 0x0BEA, 0x0BEA, 0x0BEA, 0x0BEA,
    0x0BEA, 0x0BEA, 0x0BE9, 0x0BE9, 0x0BE9, 0x0BE9, 0x0BE9, 0x0BE9, 0x0BC9, 0x0BC9, 0x0BC9, 0x0BC9, 0x0BC9, 0x0BC9, 0x0BC9, 0x0BC9,
    0x0BC9, 0x0BC9, 0x0BC9, 0x0BA9, 0x0BA9, 0x0BA9, 0x0BA9, 0x0BA9, 0x0BA9, 0x0BA9, 0x0BA9, 0x0B89, 0x0B89, 0x0B89, 0x0B89, 0x0B88,
    0x0B88, 0x0B88, 0x0B88, 0x0B88, 0x0B88, 0x0B88, 0x0B88, 0x0B88, 0x0B88, 0x0B88, 0x0B88, 0x0B88, 0x0B88, 0x0B88, 0x0B88, 0x0B88,
    0x0B88, 0x0B88, 0x0B88, 0x0B88, 0x0B88, 0x0B88, 0x0B88, 0x0B88, 0x0B88, 0x0B88, 0x0B88, 0x0B88, 0x0B88, 0x0B88, 0x0B88, 0x0B88,
    0x0B88, 0x0B88, 0x0B88, 0x0B88, 0x0B88, 0x0B88, 0x0B88, 0x0B88, 0x0B88, 0x0B88, 0x0B88, 0x0B88, 0x0B88, 0x0B88, 0x0B88, 0x0B88,
    0x0B88, 0x0B88, 0x0B88, 0x0B88, 0x0B88, 0x0B88, 0x0B88, 0x0B88, 0x0B88, 0x0B88, 0x0B88, 0x0B88, 0x0B88, 0x0B88, 0x0B88, 0x0B88,
    0x2C08, 0x2C08, 0x2C08, 0x2C08, 0x2C08, 0x2C08, 0x2C08, 0x2408, 0x2408, 0x2408, 0x2408, 0x23E8, 0x23E8, 0x23E8, 0x23E8, 0x23E8,
    0x23E8, 0x23E8, 0x23E8, 0x23E8, 0x1BE8, 0x1BC8, 0x1BC8, 0x1BC8, 0x1BC8, 0x1BC8, 0x1BC8, 0x1BC8, 0x1BC8, 0x1BC8, 0x1BC8, 0x1BC8,
    0x1BC8, 0x13C8, 0x13A8, 0x13A8, 0x13A8, 0x13A8, 0x13A8, 0x13A8, 0x13A8, 0x13A8, 0x13A8, 0x13A8, 0x1388, 0x1388, 0x0B88, 0x0B88,
    0x0B88, 0x0B88, 0x0B88, 0x0B88, 0x0B88, 0x0B88, 0x0B88, 0x0B88, 0x0B88, 0x0B88, 0x0B88, 0x0B88, 0x0B88, 0x0B88, 0x0B88, 0x0B88,
    0x0B88, 0x0B88, 0x0B88, 0x0B89, 0x0B89, 0x0B89, 0x0B89, 0x0B89, 0x0BA9, 0x0BA9, 0x0BA9, 0x0BA9, 0x0BA9, 0x0BA9, 0x0BA9, 0x0BA9,
    0x0BA9, 0x0BC9, 0x0BC9, 0x0BC9, 0x0BC9, 0x0BC9, 0x0BC9, 0x0BC9, 0x0BC9, 0x0BC9, 0x0BC9, 0x0BE9, 0x0BE9, 0x0BE9, 0x0BE9, 0x0BE9,
    0x0BE9, 0x0BE9, 0x0BEA, 0x0BEA, 0x0BEA, 0x0BEA, 0x0BEA, 0x0BEA, 0x0BEA, 0x0BEA, 0x0BEA, 0x0BEA, 0x0BEA, 0x0BEA, 0x0BEA, 0x0BEA,
    0x0BEA, 0x0BEA, 0x0BEA, 0x0BEA, 0x0C0A, 0x0C0A, 0x0C0A, 0x0C0A, 0x0C0A, 0x0C0A, 0x0C0A, 0x0C0A, 0x0BEA, 0x0BEA, 0x0BEA, 0x0BEA,
    0x0BEA, 0x0BEA, 0x0BEA, 0x0BEA, 0x0BEA, 0x0BEA, 0x0BEA, 0x0BEA, 0x0BEA, 0x0BEA, 0x0BEA, 0x0BEA, 0x0BEA, 0x0BEA, 0x0BE9, 0x0BE9,
    0x0BE9, 0x0BE9, 0x0BE9, 0x0BE9, 0x0BE9, 0x0BC9, 0x0BC9, 0x0BC9, 0x0BC9, 0x0BC9, 0x0BC9, 0x0BC9, 0x0BC9, 0x0BC9, 0x0BC9, 0x0BA9,
    0x0BA9, 0x0BA9, 0x0BA9, 0x0BA9, 0x0BA9, 0x0BA9, 0x0BA9, 0x0BA9, 0x0B89, 0x0B89, 0x0B89, 0x0B89, 0x0B89, 0x0B88, 0x0B88, 0x0B88,
    0x0B88, 0x0B88, 0x0B88, 0x0B88, 0x0B88, 0x0B88, 0x0B88, 0x0B88, 0x0B88, 0x0B88, 0x0B88, 0x0B88, 0x0B88, 0x0B88, 0x0B88, 0x0B88,
    0x0B88, 0x0B88, 0x0B88, 0x0B88, 0x0B88, 0x0B88, 0x0B88, 0x0B88, 0x0B88, 0x0B88, 0x0B88, 0x0B88, 0x0B88, 0x0B88, 0x0B88, 0x0B88,
    0x0B88, 0x0B88, 0x0B88, 0x0B88, 0x0B88, 0x0B88, 0x0B88, 0x0B88, 0x0B88, 0x0B88, 0x0B88, 0x0B88, 0x0B88, 0x0B88, 0x0B88, 0x0B88,
    0x0B88, 0x0B88, 0x0B88, 0x0B88, 0x0B88, 0x0B88, 0x0B88, 0x0B88, 0x0B88, 0x0B88, 0x0B88, 0x0B88, 0x0B88, 0x0B88, 0x0B88, 0x0B88,
    0x2C08, 0x2C08, 0x2C08, 0x2C08, 0x2C08, 0x2C08, 0x2408, 0x2408, 0x2408, 0x2408, 0x23E8, 0x23E8, 0x23E8, 0x23E8, 0x23E8, 0x23E8,
    0x23E8, 0x23E8, 0x23E8, 0x1BE8, 0x1BC8, 0x1BC8, 0x1BC8, 0x1BC8, 0x1BC8, 0x1BC8, 0x1BC8, 0x1BC8, 0x1BC8, 0x1BC8, 0x1BC8, 0x1BC8,
    0x13C8, 0x13A8, 0x13A8, 0x13A8, 0x13A8, 0x13A8, 0x13A8, 0x13A8, 0x13A8, 0x13A8, 0x13A8, 0x1388, 0x1388, 0x1388, 0x0B88, 0x0B88,
    0x0B88, 0x0B88, 0x0B88, 0x0B88, 0x0B88, 0x0B88, 0x0B88, 0x0B88, 0x0B88, 0x0B88, 0x0B88, 0x0B88, 0x0B88, 0x0B88, 0x0B88, 0x0B88,
    0x0B88, 0x0B88, 0x0B88, 0x0B88, 0x0B88, 0x0B89, 0x0B89, 0x0B89, 0x0B89, 0x0B89, 0x0BA9, 0x0BA9, 0x0BA9, 0x0BA9, 0x0BA9, 0x0BA9,
    0x0BA9, 0x0BA9, 0x0BA9, 0x0BC9, 0x0BC9, 0x0BC9, 0x0BC9, 0x0BC9, 0x0BC9, 0x0BC9, 0x0BC9, 0x0BC9, 0x0BC9, 0x0BC9, 0x0BC9, 0x0BE9,
    0x0BE9, 0x0BE9, 0x0BE9, 0x0BE9, 0x0BE9, 0x0BE9, 0x0BE9, 0x0BEA, 0x0BEA, 0x0BEA, 0x0BEA, 0x0BEA, 0x0BEA, 0x0BEA, 0x0BEA, 0x0BEA,
    0x0BEA, 0x0BEA, 0x0BEA, 0x0BEA, 0x0BEA, 0x0BEA, 0x0BEA, 0x0BEA, 0x0BEA, 0x0BEA, 0x0BEA, 0x0BEA, 0x0BEA, 0x0BEA, 0x0BEA, 0x0BEA,
    0x0BEA, 0x0BEA, 0x0BEA, 0x0BEA, 0x0BEA, 0x0BEA, 0x0BEA, 0x0BEA, 0x0BEA, 0x0BE9, 0x0BE9, 0x0BE9, 0x0BE9, 0x0BE9, 0x0BE9, 0x0BE9,
    0x0BE9, 0x0BC9, 0x0BC9, 0x0BC9, 0x0BC9, 0x0BC9, 0x0BC9, 0x0BC9, 0x0BC9, 0x0BC9, 0x0BC9, 0x0BC9, 0x0BC9, 0x0BA9, 0x0BA9, 0x0BA9,
    0x0BA9, 0x0BA9, 0x0BA9, 0x0BA9, 0x0BA9, 0x0BA9, 0x0B89, 0x0B89, 0x0B89, 0x0B89, 0x0B89, 0x0B88, 0x0B88, 0x0B88, 0x0B88, 0x0B88,
    0x0B88, 0x0B88, 0x0B88, 0x0B88, 0x0B88, 0x0B88, 0x0B88, 0x0B88, 0x0B88, 0x0B88, 0x0B88, 0x0B88, 0x0B88, 0x0B88, 0x0B88, 0x0B88,
    0x0B88, 0x0B88, 0x0B88, 0x0B88, 0x0B88, 0x0B88, 0x0B88, 0x0B88, 0x0B88, 0x0B88, 0x0B88, 0x0B88, 0x0B88, 0x0B88, 0x0B88, 0x0B88,
    0x0B88, 0x0B88, 0x0B88, 0x0B88, 0x0B88, 0x0B88, 0x0B88, 0x0B88, 0x0B88, 0x0B88, 0x0B88, 0x0B88, 0x0B88, 0x0B88, 0x0B88, 0x0B88,
    0x0B88, 0x0B88, 0x0B88, 0x0B88, 0x0B88, 0x0B88, 0x0B88, 0x0B88, 0x0B88, 0x0B88, 0x0B88, 0x0B88, 0x0B88, 0x0B88, 0x0B88, 0x0B88,
    0x2C08, 0x2C08, 0x2C08, 0x2C08, 0x2C08, 0x2408, 0x2408, 0x2408, 0x2408, 0x23E8, 0x23E8, 0x23E8, 0x23E8, 0x23E8, 0x23E8, 0x23E8,
    0x23E8, 0x23E8, 0x1BE8, 0x1BC8, 0x1BC8, 0x1BC8, 0x1BC8, 0x1BC8, 0x1BC8, 0x1BC8, 0x1BC8, 0x1BC8, 0x1BC8, 0x1BC8, 0x1BC8, 0x13C8,
    0x13A8, 0x13A8, 0x13A8, 0x13A8, 0x13A8, 0x13A8, 0x13A8, 0x13A8, 0x13A8, 0x13A8, 0x1388, 0x1388, 0x1388, 0x0B88, 0x0B88, 0x0B88,
    0x0B88, 0x0B88, 0x0B88, 0x0B88, 0x0B88, 0x0B88, 0x0B88, 0x0B88, 0x0B88, 0x0B88, 0x0B88, 0x0B88, 0x0B88, 0x0B88, 0x0B88, 0x0B88,
    0x0B88, 0x0B88, 0x0B88, 0x0B88, 0x0B88, 0x0B88, 0x0B88, 0x0B89, 0x0B89, 0x0B89, 0x0B89, 0x0B89, 0x0BA9, 0x0BA9, 0x0BA9, 0x0BA9,
    0x0BA9, 0x0BA9, 0x0BA9, 0x0BA9, 0x0BA9, 0x0BA9, 0x0BC9, 0x0BC9, 0x0BC9, 0x0BC9, 0x0BC9, 0x0BC9, 0x0BC9, 0x0BC9, 0x0BC9, 0x0BC9,
    0x0BC9, 0x0BC9, 0x0BC9, 0x0BE9, 0x0BE9, 0x0BE9, 0x0BE9, 0x0BE9, 0x0BE9, 0x0BE9, 0x0BE9, 0x0BE9, 0x0BE9, 0x0BE9, 0x0BE9, 0x0BEA,
    0x0BEA, 0x0BEA, 0x0BEA, 0x0BEA, 0x0BEA, 0x0BEA, 0x0BEA, 0x0BEA, 0x0BEA, 0x0BEA, 0x0BEA, 0x0BEA, 0x0BEA, 0x0BEA, 0x0BEA, 0x0BEA,
    0x0BEA, 0x0BE9, 0x0BE9, 0x0BE9, 0x0BE9, 0x0BE9, 0x0BE9, 0x0BE9, 0x0BE9, 0x0BE9, 0x0BE9, 0x0BE9, 0x0BE9, 0x0BC9, 0x0BC9, 0x0BC9,
    0x0BC9, 0x0BC9, 0x0BC9, 0x0BC9, 0x0BC9, 0x0BC9, 0x0BC9, 0x0BC9, 0x0BC9, 0x0BC9, 0x0BA9, 0x0BA9, 0x0BA9, 0x0BA9, 0x0BA9, 0x0BA9,
    0x0BA9, 0x0BA9, 0x0BA9, 0x0BA9, 0x0B89, 0x0B89, 0x0B89, 0x0B89, 0x0B89, 0x0B88, 0x0B88, 0x0B88, 0x0B88, 0x0B88, 0x0B88, 0x0B88,
    0x0B88, 0x0B88, 0x0B88, 0x0B88, 0x0B88, 0x0B88, 0x0B88, 0x0B88, 0x0B88, 0x0B88, 0x0B88, 0x0B88, 0x0B88, 0x0B88, 0x0B88, 0x0B88,
    0x0B88, 0x0B88, 0x0B88, 0x0B88, 0x0B88, 0x0B88, 0x0B88, 0x0B88, 0x0B88, 0x0B88, 0x0B88, 0x0B88, 0x0B88, 0x0B88, 0x0B88, 0x0B88,
    0x0B88, 0x0B88, 0x0B88, 0x0B88, 0x0B88, 0x0B88, 0x0B88, 0x0B88, 0x0B88, 0x0B88, 0x0B88, 0x0B88, 0x0B88, 0x0B88, 0x0B88, 0x0B88,
    0x0B88, 0x0B88, 0x0B88, 0x0B88, 0x0B88, 0x0B88, 0x0B88, 0x0B88, 0x0B88, 0x0B88, 0x0B88, 0x0B88, 0x0B88, 0x0B88, 0x0B88, 0x0B88,
    0x2C08, 0x2C08, 0x2C08, 0x2C08, 0x2408, 0x2408, 0x2408, 0x23E8, 0x23E8, 0x23E8, 0x23E8, 0x23E8, 0x23E8, 0x23E8, 0x23E8, 0x23E8,
    0x23E8, 0x1BE8, 0x1BC8, 0x1BC8, 0x1BC8, 0x1BC8, 0x1BC8, 0x1BC8, 0x1BC8, 0x1BC8, 0x1BC8, 0x1BC8, 0x1BC8, 0x1BC8, 0x13C8, 0x13A8,
    0x13A8, 0x13A8, 0x13A8, 0x13A8, 0x13A8, 0x13A8, 0x13A8, 0x13A8, 0x13A8, 0x1388, 0x1388, 0x1388, 0x0B88, 0x0B88, 0x0B88, 0x0B88,
    0x0B88, 0x0B88, 0x0B88, 0x0B88, 0x0B88, 0x0B88, 0x0B88, 0x0B88, 0x0B88, 0x0B88, 0x0B88, 0x0B88, 0x0B88, 0x0B88, 0x0B88, 0x0B88,
    0x0B88, 0x0B88, 0x0B88, 0x0B88, 0x0B88, 0x0B88, 0x0B88, 0x0B88, 0x0B88, 0x0B89, 0x0B89, 0x0B89, 0x0B89, 0x0B89, 0x0BA9, 0x0BA9,
    0x0BA9, 0x0BA9, 0x0BA9, 0x0BA9, 0x0BA9, 0x0BA9, 0x0BA9, 0x0BA9, 0x0BA9, 0x0BA9, 0x0BC9, 0x0BC9, 0x0BC9, 0x0BC9, 0x0BC9, 0x0BC9,
    0x0BC9, 0x0BC9, 0x0BC9, 0x0BC9, 0x0BC9, 0x0BC9, 0x0BC9, 0x0BC9, 0x0BC9, 0x0BE9, 0x0BE9, 0x0BE9, 0x0BE9, 0x0BE9, 0x0BE9, 0x0BE9,
    0x0BE9, 0x0BE9, 0x0BE9, 0x0BE9, 0x0BE9, 0x0BE9, 0x0BE9, 0x0BE9, 0x0BE9, 0x0BE9, 0x0BE9, 0x0BE9, 0x0BE9, 0x0BE9, 0x0BE9, 0x0BE9,
    0x0BE9, 0x0BE9, 0x0BE9, 0x0BE9, 0x0BE9, 0x0BE9, 0x0BE9, 0x0BC9, 0x0BC9, 0x0BC9, 0x0BC9, 0x0BC9, 0x0BC9, 0x0BC9, 0x0BC9, 0x0BC9,
    0x0BC9, 0x0BC9, 0x0BC9, 0x0BC9, 0x0BC9, 0x0BC9, 0x0BA9, 0x0BA9, 0x0BA9, 0x0BA9, 0x0BA9, 0x0BA9, 0x0BA9, 0x0BA9, 0x0BA9, 0x0BA9,
    0x0BA9, 0x0BA9, 0x0B89, 0x0B89, 0x0B89, 0x0B89, 0x0B89, 0x0B88, 0x0B88, 0x0B88, 0x0B88, 0x0B88, 0x0B88, 0x0B88, 0x0B88, 0x0B88,
    0x0B88, 0x0B88, 0x0B88, 0x0B88, 0x0B88, 0x0B88, 0x0B88, 0x0B88, 0x0B88, 0x0B88, 0x0B88, 0x0B88, 0x0B88, 0x0B88, 0x0B88, 0x0B88,
    0x0B88, 0x0B88, 0x0B88, 0x0B88, 0x0B88, 0x0B88, 0x0B88, 0x0B88, 0x0B88, 0x0B88, 0x0B88, 0x0B88, 0x0B88, 0x0B88, 0x0B88, 0x0B88,
    0x0B88, 0x0B88, 0x0B88, 0x0B88, 0x0B88, 0x0B88, 0x0B88, 0x0B88, 0x0B88, 0x0B88, 0x0B88, 0x0B88, 0x0B88, 0x0B88, 0x0B88, 0x0B88,
    0x0B88, 0x0B88, 0x0B88, 0x0B88, 0x0B88, 0x0B88, 0x0B88, 0x0B88, 0x0B88, 0x0B88, 0x0B88, 0x0B88, 0x0B88, 0x0B88, 0x0B88, 0x0B88,
    0x2C08, 0x2C08, 0x2C08, 0x2408, 0x2408, 0x2408, 0x2408, 0x23E8, 0x23E8, 0x23E8, 0x23E8, 0x23E8, 0x23E8, 0x23E8, 0x23E8, 0x23E8,
    0x1BE8, 0x1BC8, 0x1BC8, 0x1BC8, 0x1BC8, 0x1BC8, 0x1BC8, 0x1BC8, 0x1BC8, 0x1BC8, 0x1BC8, 0x1BC8, 0x1BC8, 0x13C8, 0x13A8, 0x13A8,
    0x13A8, 0x13A8, 0x13A8, 0x13A8, 0x13A8, 0x13A8, 0x13A8, 0x13A8, 0x1388, 0x1388, 0x1388, 0x0B88, 0x0B88, 0x0B88, 0x0B88, 0x0B88,
    0x0B88, 0x0B88, 0x0B88, 0x0B88, 0x0B88, 0x0B88, 0x0B88, 0x0B88, 0x0B88, 0x0B88, 0x0B88, 0x0B88, 0x0B88, 0x0B88, 0x0B88, 0x0B88,
    0x0B88, 0x0B88, 0x0B88, 0x0B88, 0x0B88, 0x0B88, 0x0B88, 0x0B88, 0x0B88, 0x0B88, 0x0B88, 0x0B89, 0x0B88, 0x0B89, 0x0B89, 0x0B89,
    0x0B89, 0x0B89, 0x0BA9, 0x0BA9, 0x0BA9, 0x0BA9, 0x0BA9, 0x0BA9, 0x0BA9, 0x0BA9, 0x0BA9, 0x0BA9, 0x0BA9, 0x0BC9, 0x0BC9, 0x0BC9,
    0x0BC9, 0x0BC9, 0x0BC9, 0x0BC9, 0x0BC9, 0x0BC9, 0x0BC9, 0x0BC9, 0x0BC9, 0x0BC9, 0x0BC9, 0x0BC9, 0x0BC9, 0x0BC9, 0x0BC9, 0x0BC9,
    0x0BC9, 0x0BC9, 0x0BC9, 0x0BE9, 0x0BE9, 0x0BE9, 0x0BE9, 0x0BE9, 0x0BE9, 0x0BE9, 0x0BE9, 0x0BE9, 0x0BE9, 0x0BC9, 0x0BC9, 0x0BC9,
    0x0BC9, 0x0BC9, 0x0BC9, 0x0BC9, 0x0BC9, 0x0BC9, 0x0BC9, 0x0BC9, 0x0BC9, 0x0BC9, 0x0BC9, 0x0BC9, 0x0BC9, 0x0BC9, 0x0BC9, 0x0BC9,
    0x0BC9, 0x0BC9, 0x0BC9, 0x0BA9, 0x0BA9, 0x0BA9, 0x0BA9, 0x0BA9, 0x0BA9, 0x0BA9, 0x0BA9, 0x0BA9, 0x0BA9, 0x0BA9, 0x0B89, 0x0B89,
    0x0B89, 0x0B89, 0x0B89, 0x0B89, 0x0B88, 0x0B88, 0x0B88, 0x0B88, 0x0B88, 0x0B88, 0x0B88, 0x0B88, 0x0B88, 0x0B88, 0x0B88, 0x0B88,
    0x0B88, 0x0B88, 0x0B88, 0x0B88, 0x0B88, 0x0B88, 0x0B88, 0x0B88, 0x0B88, 0x0B88, 0x0B88, 0x0B88, 0x0B88, 0x0B88, 0x0B88, 0x0B88,
    0x0B88, 0x0B88, 0x0B88, 0x0B88, 0x0B88, 0x0B88, 0x0B88, 0x0B88, 0x0B88, 0x0B88, 0x0B88, 0x0B88, 0x0B88, 0x0B88, 0x0B88, 0x0B88,
    0x0B88, 0x0B88, 0x0B88, 0x0B88, 0x0B88, 0x0B88, 0x0B88, 0x0B88, 0x0B88, 0x0B88, 0x0B88, 0x0B88, 0x0B88, 0x0B88, 0x0B88, 0x0B88,
    0x0B88, 0x0B88, 0x0B88, 0x0B88, 0x0B88, 0x0B88, 0x0B88, 0x0B88, 0x0B88, 0x0B88, 0x0B88, 0x0B88, 0x0B88, 0x0B88, 0x0B88, 0x0B88,
    0x2C08, 0x2C08, 0x2408, 0x2408, 0x2408, 0x23E8, 0x23E8, 0x23E8, 0x23E8, 0x23E8, 0x23E8, 0x23E8, 0x23E8, 0x23E8, 0x23E8, 0x1BE8,
    0x1BC8, 0x1BC8, 0x1BC8, 0x1BC8, 0x1BC8, 0x1BC8, 0x1BC8, 0x1BC8, 0x1BC8, 0x1BC8, 0x1BC8, 0x1BC8, 0x13C8, 0x13A8, 0x13A8, 0x13A8,
    0x13A8, 0x13A8, 0x13A8, 0x13A8, 0x13A8, 0x13A8, 0x13A8, 0x1388, 0x1388, 0x1388, 0x0B88, 0x0B88, 0x0B88, 0x0B88, 0x0B88, 0x0B88,
    0x0B88, 0x0B88, 0x0B88, 0x0B88, 0x0B88, 0x0B88, 0x0B88, 0x0B88, 0x0B88, 0x0B88, 0x0B88, 0x0B88, 0x0B88, 0x0B88, 0x0B88, 0x0B88,
    0x0B88, 0x0B88, 0x0B88, 0x0B88, 0x0B88, 0x0B88, 0x0B88, 0x0B88, 0x0B88, 0x0B88, 0x0B88, 0x0B88, 0x0B88, 0x0B88, 0x0B88, 0x0B89,
    0x0B89, 0x0B89, 0x0B89, 0x0B89, 0x0B89, 0x0BA9, 0x0BA9, 0x0BA9, 0x0BA9, 0x0BA9, 0x0BA9, 0x0BA9, 0x0BA9, 0x0BA9, 0x0BA9, 0x0BA9,
    0x0BA9, 0x0BC9, 0x0BC9, 0x0BC9, 0x0BC9, 0x0BC9, 0x0BC9, 0x0BC9, 0x0BC9, 0x0BC9, 0x0BC9, 0x0BC9, 0x0BC9, 0x0BC9, 0x0BC9, 0x0BC9,
    0x0BC9, 0x0BC9, 0x0BC9, 0x0BC9, 0x0BC9, 0x0BC9, 0x0BC9, 0x0BC9, 0x0BC9, 0x0BC9, 0x0BC9, 0x0BC9, 0x0BC9, 0x0BC9, 0x0BC9, 0x0BC9,
    0x0BC9, 0x0BC9, 0x0BC9, 0x0BC9, 0x0BC9, 0x0BC9, 0x0BC9, 0x0BC9, 0x0BC9, 0x0BC9, 0x0BC9, 0x0BC9, 0x0BC9, 0x0BC9, 0x0BC9, 0x0BA9,
    0x0BA9, 0x0BA9, 0x0BA9, 0x0BA9, 0x0BA9, 0x0BA9, 0x0BA9, 0x0BA9, 0x0BA9, 0x0BA9, 0x0BA9, 0x0B89, 0x0B89, 0x0B89, 0x0B89, 0x0B89,
    0x0B89, 0x0B88, 0x0B88, 0x0B88, 0x0B88, 0x0B88, 0x0B88, 0x0B88, 0x0B88, 0x0B88, 0x0B88, 0x0B88, 0x0B88, 0x0B88, 0x0B88, 0x0B88,
    0x0B88, 0x0B88, 0x0B88, 0x0B88, 0x0B88, 0x0B88, 0x0B88, 0x0B88, 0x0B88, 0x0B88, 0x0B88, 0x0B88, 0x0B88, 0x0B88, 0x0B88, 0x0B88,
    0x0B88, 0x0B88, 0x0B88, 0x0B88, 0x0B88, 0x0B88, 0x0B88, 0x0B88, 0x0B88, 0x0B88, 0x0B88, 0x0B88, 0x0B88, 0x0B88, 0x0B88, 0x0B88,
    0x0B88, 0x0B88, 0x0B88, 0x0B88, 0x0B88, 0x0B88, 0x0B88, 0x0B88, 0x0B88, 0x0B88, 0x0B88, 0x0B88, 0x0B88, 0x0B88, 0x0B88, 0x0B88,
    0x0B88, 0x0B88, 0x0B88, 0x0B88, 0x0B88, 0x0B88, 0x0B88, 0x0B88, 0x0B88, 0x0B88, 0x0B88, 0x0B88, 0x0B88, 0x0B88, 0x0B88, 0x0B88,
    0x2408, 0x2408, 0x2408, 0x2408, 0x23E8, 0x23E8, 0x23E8, 0x23E8, 0x23E8, 0x23E8, 0x23E8, 0x23E8, 0x23E8, 0x23E8, 0x1BE8, 0x1BC8,
    0x1BC8, 0x1BC8, 0x1BC8, 0x1BC8, 0x1BC8, 0x1BC8, 0x1BC8, 0x1BC8, 0x1BC8, 0x1BC8, 0x1BC8, 0x13C8, 0x13A8, 0x13A8, 0x13A8, 0x13A8,
    0x13A8, 0x13A8, 0x13A8, 0x13A8, 0x13A8, 0x13A8, 0x1388, 0x1388, 0x0B88, 0x0B88, 0x0B88, 0x0B88, 0x0B88, 0x0B88, 0x0B88, 0x0B88,
    0x0B88, 0x0B88, 0x0B88, 0x0B88, 0x0B88, 0x0B88, 0x0B88, 0x0B88, 0x0B88, 0x0B88, 0x0B88, 0x0B88, 0x0B88, 0x0B88, 0x0B88, 0x0B88,
    0x0B88, 0x0B88, 0x0B88, 0x0B88, 0x0B88, 0x0B88, 0x0B88, 0x0B88, 0x0B88, 0x0B88, 0x0B88, 0x0B88, 0x0B88, 0x0B88, 0x0B88, 0x0B88,
    0x0B88, 0x0B88, 0x0B89, 0x0B89, 0x0B89, 0x0B89, 0x0B89, 0x0B89, 0x0B89, 0x0BA9, 0x0BA9, 0x0BA9, 0x0BA9, 0x0BA9, 0x0BA9, 0x0BA9,
    0x0BA9, 0x0BA9, 0x0BA9, 0x0BA9, 0x0BA9, 0x0BA9, 0x0BA9, 0x0BC9, 0x0BC9, 0x0BA9, 0x0BC9, 0x0BC9, 0x0BC9, 0x0BC9, 0x0BC9, 0x0BC9,
    0x0BC9, 0x0BC9, 0x0BC9, 0x0BC9, 0x0BC9, 0x0BC9, 0x0BC9, 0x0BC9, 0x0BC9, 0x0BC9, 0x0BC9, 0x0BC9, 0x0BC9, 0x0BC9, 0x0BC9, 0x0BC9,
    0x0BC9, 0x0BC9, 0x0BC9, 0x0BC9, 0x0BC9, 0x0BC9, 0x0BA9, 0x0BC9, 0x0BC9, 0x0BA9, 0x0BA9, 0x0BA9, 0x0BA9, 0x0BA9, 0x0BA9, 0x0BA9,
    0x0BA9, 0x0BA9, 0x0BA9, 0x0BA9, 0x0BA9, 0x0BA9, 0x0BA9, 0x0B89, 0x0B89, 0x0B89, 0x0B89, 0x0B89, 0x0B89, 0x0B89, 0x0B88, 0x0B88,
    0x0B88, 0x0B88, 0x0B88, 0x0B88, 0x0B88, 0x0B88, 0x0B88, 0x0B88, 0x0B88, 0x0B88, 0x0B88, 0x0B88, 0x0B88, 0x0B88, 0x0B88, 0x0B88,
    0x0B88, 0x0B88, 0x0B88, 0x0B88, 0x0B88, 0x0B88, 0x0B88, 0x0B88, 0x0B88, 0x0B88, 0x0B88, 0x0B88, 0x0B88, 0x0B88, 0x0B88, 0x0B88,
    0x0B88, 0x0B88, 0x0B88, 0x0B88, 0x0B88, 0x0B88, 0x0B88, 0x0B88, 0x0B88, 0x0B88, 0x0B88, 0x0B88, 0x0B88, 0x0B88, 0x0B88, 0x0B88,
    0x0B88, 0x0B88, 0x0B88, 0x0B88, 0x0B88, 0x0B88, 0x0B88, 0x0B88, 0x0B88, 0x0B88, 0x0B88, 0x0B88, 0x0B88, 0x0B88, 0x0B88, 0x0B88,
    0x0B88, 0x0B88, 0x0B88, 0x0B88, 0x0B88, 0x0B88, 0x0B88, 0x0B88, 0x0B88, 0x0B88, 0x0B88, 0x0B88, 0x0B88, 0x0B88, 0x0B88, 0x0B88,
    0x2408, 0x2408, 0x2408, 0x23E8, 0x23E8, 0x23E8, 0x23E8, 0x23E8, 0x23E8, 0x23E8, 0x23E8, 0x23E8, 0x23E8, 0x1BE8, 0x1BC8, 0x1BC8,
    0x1BC8, 0x1BC8, 0x1BC8, 0x1BC8, 0x1BC8, 0x1BC8, 0x1BC8, 0x1BC8, 0x1BC8, 0x1BC8, 0x13C8, 0x13A8, 0x13A8, 0x13A8, 0x13A8, 0x13A8,
    0x13A8, 0x13A8, 0x13A8, 0x13A8, 0x13A8, 0x1388, 0x1388, 0x0B88, 0x0B88, 0x0B88, 0x0B88, 0x0B88, 0x0B88, 0x0B88, 0x0B88, 0x0B88,
    0x0B88, 0x0B88, 0x0B88, 0x0B88, 0x0B88, 0x0B88, 0x0B88, 0x0B88, 0x0B88, 0x0B88, 0x0B88, 0x0B88, 0x0B88, 0x0B88, 0x0B88, 0x0B88,
    0x0B88, 0x0B88, 0x0B88, 0x0B88, 0x0B88, 0x0B88, 0x0B88, 0x0B88, 0x0B88, 0x0B88, 0x0B88, 0x0B88, 0x0B88, 0x0B88, 0x0B88, 0x0B88,
    0x0B88, 0x0B88, 0x0B88, 0x0B88, 0x0B88, 0x0B89, 0x0B89, 0x0B89, 0x0B89, 0x0B89, 0x0B89, 0x0B89, 0x0BA9, 0x0BA9, 0x0BA9, 0x0BA9,
    0x0BA9, 0x0BA9, 0x0BA9, 0x0BA9, 0x0BA9, 0x0BA9, 0x0BA9, 0x0BA9, 0x0BA9, 0x0BA9, 0x0BA9, 0x0BA9, 0x0BA9, 0x0BA9, 0x0BA9, 0x0BA9,
    0x0BA9, 0x0BA9, 0x0BA9, 0x0BA9, 0x0BA9, 0x0BA9, 0x0BA9, 0x0BA9, 0x0BA9, 0x0BA9, 0x0BA9, 0x0BA9, 0x0BA9, 0x0BA9, 0x0BA9, 0x0BA9,
    0x0BA9, 0x0BA9, 0x0BA9, 0x0BA9, 0x0BA9, 0x0BA9, 0x0BA9, 0x0BA9, 0x0BA9, 0x0BA9, 0x0BA9, 0x0BA9, 0x0BA9, 0x0BA9, 0x0BA9, 0x0BA9,
    0x0BA9, 0x0BA9, 0x0BA9, 0x0BA9, 0x0B89, 0x0B89, 0x0B89, 0x0B89, 0x0B89, 0x0B89, 0x0B89, 0x0B88, 0x0B88, 0x0B88, 0x0B88, 0x0B88,
    0x0B88, 0x0B88, 0x0B88, 0x0B88, 0x0B88, 0x0B88, 0x0B88, 0x0B88, 0x0B88, 0x0B88, 0x0B88, 0x0B88, 0x0B88, 0x0B88, 0x0B88, 0x0B88,
    0x0B88, 0x0B88, 0x0B88, 0x0B88, 0x0B88, 0x0B88, 0x0B88, 0x0B88, 0x0B88, 0x0B88, 0x0B88, 0x0B88, 0x0B88, 0x0B88, 0x0B88, 0x0B88,
    0x0B88, 0x0B88, 0x0B88, 0x0B88, 0x0B88, 0x0B88, 0x0B88, 0x0B88, 0x0B88, 0x0B88, 0x0B88, 0x0B88, 0x0B88, 0x0B88, 0x0B88, 0x0B88,
    0x0B88, 0x0B88, 0x0B88, 0x0B88, 0x0B88, 0x0B88, 0x0B88, 0x0B88, 0x0B88, 0x0B88, 0x0B88, 0x0B88, 0x0B88, 0x0B88, 0x0B88, 0x0B88,
    0x0B88, 0x0B88, 0x0B88, 0x0B88, 0x0B88, 0x0B88, 0x0B88, 0x0B88, 0x0B88, 0x0B88, 0x0B88, 0x0B88, 0x0B88, 0x0B88, 0x0B88, 0x0B88,
    0x2408, 0x2408, 0x23E8, 0x23E8, 0x23E8, 0x23E8, 0x23E8, 0x23E8, 0x23E8, 0x23E8, 0x23E8, 0x23E8, 0x1BE8, 0x1BC8, 0x1BC8, 0x1BC8,
    0x1BC8, 0x1BC8, 0x1BC8, 0x1BC8, 0x1BC8, 0x1BC8, 0x1BC8, 0x1BC8, 0x1BC8, 0x13C8, 0x13A8, 0x13A8, 0x13A8, 0x13A8, 0x13A8, 0x13A8,
    0x13A8, 0x13A8, 0x13A8, 0x13A8, 0x1388, 0x1388, 0x0B88, 0x0B88, 0x0B88, 0x0B88, 0x0B88, 0x0B88, 0x0B88, 0x0B88, 0x0B88, 0x0B88,
    0x0B88, 0x0B88, 0x0B88, 0x0B88, 0x0B88, 0x0B88, 0x0B88, 0x0B88, 0x0B88, 0x0B88, 0x0B88, 0x0B88, 0x0B88, 0x0B88, 0x0B88, 0x0B88,
    0x0B88, 0x0B88, 0x0B88, 0x0B88, 0x0B88, 0x0B88, 0x0B88, 0x0B88, 0x0B88, 0x0B88, 0x0B88, 0x0B88, 0x0B88, 0x0B88, 0x0B88, 0x0B88,
    0x0B88, 0x0B88, 0x0B88, 0x0B88, 0x0B88, 0x0B88, 0x0B88, 0x0B88, 0x0B89, 0x0B89, 0x0B89, 0x0B89, 0x0B89, 0x0B89, 0x0B89, 0x0B89,
    0x0BA9, 0x0BA9, 0x0BA9, 0x0BA9, 0x0BA9, 0x0BA9, 0x0BA9, 0x0BA9, 0x0BA9, 0x0BA9, 0x0BA9, 0x0BA9, 0x0BA9, 0x0BA9, 0x0BA9, 0x0BA9,
    0x0BA9, 0x0BA9, 0x0BA9, 0x0BA9, 0x0BA9, 0x0BA9, 0x0BA9, 0x0BA9, 0x0BA9, 0x0BA9, 0x0BA9, 0x0BA9, 0x0BA9, 0x0BA9, 0x0BA9, 0x0BA9,
    0x0BA9, 0x0BA9, 0x0BA9, 0x0BA9, 0x0BA9, 0x0BA9, 0x0BA9, 0x0BA9, 0x0BA9, 0x0BA9, 0x0BA9, 0x0BA9, 0x0BA9, 0x0BA9, 0x0BA9, 0x0BA9,
    0x0B89, 0x0B89, 0x0B89, 0x0B89, 0x0B89, 0x0B89, 0x0B89, 0x0B89, 0x0B88, 0x0B88, 0x0B88, 0x0B88, 0x0B88, 0x0B88, 0x0B88, 0x0B88,
    0x0B88, 0x0B88, 0x0B88, 0x0B88, 0x0B88, 0x0B88, 0x0B88, 0x0B88, 0x0B88, 0x0B88, 0x0B88, 0x0B88, 0x0B88, 0x0B88, 0x0B88, 0x0B88,
    0x0B88, 0x0B88, 0x0B88, 0x0B88, 0x0B88, 0x0B88, 0x0B88, 0x0B88, 0x0B88, 0x0B88, 0x0B88, 0x0B88, 0x0B88, 0x0B88, 0x0B88, 0x0B88,
    0x0B88, 0x0B88, 0x0B88, 0x0B88, 0x0B88, 0x0B88, 0x0B88, 0x0B88, 0x0B88, 0x0B88, 0x0B88, 0x0B88, 0x0B88, 0x0B88, 0x0B88, 0x0B88,
    0x0B88, 0x0B88, 0x0B88, 0x0B88, 0x0B88, 0x0B88, 0x0B88, 0x0B88, 0x0B88, 0x0B88, 0x0B88, 0x0B88, 0x0B88, 0x0B88, 0x0B88, 0x0B88,
    0x0B88, 0x0B88, 0x0B88, 0x0B88, 0x0B88, 0x0B88, 0x0B88, 0x0B88, 0x0B88, 0x0B88, 0x0B88, 0x0B88, 0x0B88, 0x0B88, 0x0B88, 0x0B88,
    0x2408, 0x23E8, 0x23E8, 0x23E8, 0x23E8, 0x23E8, 0x23E8, 0x23E8, 0x23E8, 0x23E8, 0x23E8, 0x1BE8, 0x1BC8, 0x1BC8, 0x1BC8, 0x1BC8,
    0x1BC8, 0x1BC8, 0x1BC8, 0x1BC8, 0x1BC8, 0x1BC8, 0x1BC8, 0x1BC8, 0x13A8, 0x13A8, 0x13A8, 0x13A8, 0x13A8, 0x13A8, 0x13A8, 0x13A8,
    0x13A8, 0x13A8, 0x13A8, 0x1388, 0x1388, 0x0B88, 0x0B88, 0x0B88, 0x0B88, 0x0B88, 0x0B88, 0x0B88, 0x0B88, 0x0B88, 0x0B88, 0x0B88,
    0x0B88, 0x0B88, 0x0B88, 0x0B88, 0x0B88, 0x0B88, 0x0B88, 0x0B88, 0x0B88, 0x0B88, 0x0B88, 0x0B88, 0x0B88, 0x0B88, 0x0B88, 0x0B88,
    0x0B88, 0x0B88, 0x0B88, 0x0B88, 0x0B88, 0x0B88, 0x0B88, 0x0B88, 0x0B88, 0x0B88, 0x0B88, 0x0B88, 0x0B88, 0x0B88, 0x0B88, 0x0B88,
    0x0B88, 0x0B88, 0x0B88, 0x0B88, 0x0B88, 0x0B88, 0x0B88, 0x0B88, 0x0B88, 0x0B88, 0x0B88, 0x0B88, 0x0B89, 0x0B89, 0x0B89, 0x0B89,
    0x0B89, 0x0B89, 0x0B89, 0x0B89, 0x0B89, 0x0BA9, 0x0BA9, 0x0BA9, 0x0BA9, 0x0BA9, 0x0BA9, 0x0BA9, 0x0BA9, 0x0BA9, 0x0BA9, 0x0BA9,
    0x0BA9, 0x0BA9, 0x0BA9, 0x0BA9, 0x0BA9, 0x0BA9, 0x0BA9, 0x0BA9, 0x0BA9, 0x0BA9, 0x0BA9, 0x0BA9, 0x0BA9, 0x0BA9, 0x0BA9, 0x0BA9,
    0x0BA9, 0x0BA9, 0x0BA9, 0x0BA9, 0x0BA9, 0x0BA9, 0x0BA9, 0x0BA9, 0x0BA9, 0x0BA9, 0x0BA9, 0x0B89, 0x0B89, 0x0B89, 0x0B89, 0x0B89,
    0x0B89, 0x0B89, 0x0B89, 0x0B89, 0x0B89, 0x0B88, 0x0B88, 0x0B88, 0x0B88, 0x0B88, 0x0B88, 0x0B88, 0x0B88, 0x0B88, 0x0B88, 0x0B88,
    0x0B88, 0x0B88, 0x0B88, 0x0B88, 0x0B88, 0x0B88, 0x0B88, 0x0B88, 0x0B88, 0x0B88, 0x0B88, 0x0B88, 0x0B88, 0x0B88, 0x0B88, 0x0B88,
    0x0B88, 0x0B88, 0x0B88, 0x0B88, 0x0B88, 0x0B88, 0x0B88, 0x0B88, 0x0B88, 0x0B88, 0x0B88, 0x0B88, 0x0B88, 0x0B88, 0x0B88, 0x0B88,
    0x0B88, 0x0B88, 0x0B88, 0x0B88, 0x0B88, 0x0B88, 0x0B88, 0x0B88, 0x0B88, 0x0B88, 0x0B88, 0x0B88, 0x0B88, 0x0B88, 0x0B88, 0x0B88,
    0x0B88, 0x0B88, 0x0B88, 0x0B88, 0x0B88, 0x0B88, 0x0B88, 0x0B88, 0x0B88, 0x0B88, 0x0B88, 0x0B88, 0x0B88, 0x0B88, 0x0B88, 0x0B88,
    0x0B88, 0x0B88, 0x0B88, 0x0B88, 0x0B88, 0x0B88, 0x0B88, 0x0B88, 0x0B88, 0x0B88, 0x0B88, 0x0B88, 0x0B88, 0x0B88, 0x0B88, 0x0B88,
    0x23E8, 0x23E8, 0x23E8, 0x23E8, 0x23E8, 0x23E8, 0x23E8, 0x23E8, 0x23E8, 0x23E8, 0x1BE8, 0x1BC8, 0x1BC8, 0x1BC8, 0x1BC8, 0x1BC8,
    0x1BC8, 0x1BC8, 0x1BC8, 0x1BC8, 0x1BC8, 0x1BC8, 0x1BC8, 0x13A8, 0x13A8, 0x13A8, 0x13A8, 0x13A8, 0x13A8, 0x13A8, 0x13A8, 0x13A8,
    0x13A8, 0x13A8, 0x1388, 0x1388, 0x0B88, 0x0B88, 0x0B88, 0x0B88, 0x0B88, 0x0B88, 0x0B88, 0x0B88, 0x0B88, 0x0B88, 0x0B88, 0x0B88,
    0x0B88, 0x0B88, 0x0B88, 0x0B88, 0x0B88, 0x0B88, 0x0B88, 0x0B88, 0x0B88, 0x0B88, 0x0B88, 0x0B88, 0x0B88, 0x0B88, 0x0B88, 0x0B88,
    0x0B88, 0x0B88, 0x0B88, 0x0B88, 0x0B88, 0x0B88, 0x0B88, 0x0B88, 0x0B88, 0x0B88, 0x0B88, 0x0B88, 0x0B88, 0x0B88, 0x0B88, 0x0B88,
    0x0B88, 0x0B88, 0x0B88, 0x0B88, 0x0B88, 0x0B88, 0x0B88, 0x0B88, 0x0B88, 0x0B88, 0x0B88, 0x0B88, 0x0B88, 0x0B88, 0x0B88, 0x0B88,
    0x0B89, 0x0B89, 0x0B89, 0x0B89, 0x0B89, 0x0B89, 0x0B89, 0x0B89, 0x0B89, 0x0B89, 0x0B89, 0x0B89, 0x0B89, 0x0BA9, 0x0BA9, 0x0BA9,
    0x0BA9, 0x0BA9, 0x0BA9, 0x0BA9, 0x0BA9, 0x0BA9, 0x0BA9, 0x0BA9, 0x0BA9, 0x0BA9, 0x0BA9, 0x0BA9, 0x0BA9, 0x0BA9, 0x0BA9, 0x0BA9,
    0x0BA9, 0x0BA9, 0x0BA9, 0x0B89, 0x0B89, 0x0B89, 0x0B89, 0x0B89, 0x0B89, 0x0B89, 0x0B89, 0x0B89, 0x0B89, 0x0B89, 0x0B89, 0x0B89,
    0x0B88, 0x0B88, 0x0B88, 0x0B88, 0x0B88, 0x0B88, 0x0B88, 0x0B88, 0x0B88, 0x0B88, 0x0B88, 0x0B88, 0x0B88, 0x0B88, 0x0B88, 0x0B88,
    0x0B88, 0x0B88, 0x0B88, 0x0B88, 0x0B88, 0x0B88, 0x0B88, 0x0B88, 0x0B88, 0x0B88, 0x0B88, 0x0B88, 0x0B88, 0x0B88, 0x0B88, 0x0B88,
    0x0B88, 0x0B88, 0x0B88, 0x0B88, 0x0B88, 0x0B88, 0x0B88, 0x0B88, 0x0B88, 0x0B88, 0x0B88, 0x0B88, 0x0B88, 0x0B88, 0x0B88, 0x0B88,
    0x0B88, 0x0B88, 0x0B88, 0x0B88, 0x0B88, 0x0B88, 0x0B88, 0x0B88, 0x0B88, 0x0B88, 0x0B88, 0x0B88, 0x0B88, 0x0B88, 0x0B88, 0x0B88,
    0x0B88, 0x0B88, 0x0B88, 0x0B88, 0x0B88, 0x0B88, 0x0B88, 0x0B88, 0x0B88, 0x0B88, 0x0B88, 0x0B88, 0x0B88, 0x0B88, 0x0B88, 0x0B88,
    0x0B88, 0x0B88, 0x0B88, 0x0B88, 0x0B88, 0x0B88, 0x0B88, 0x0B88, 0x0B88, 0x0B88, 0x0B88, 0x0B88, 0x0B88, 0x0B88, 0x0B88, 0x0B88,
    0x23E8, 0x23E8, 0x23E8, 0x23E8, 0x23E8, 0x23E8, 0x23E8, 0x23E8, 0x23E8, 0x1BE8, 0x1BC8, 0x1BC8, 0x1BC8, 0x1BC8, 0x1BC8, 0x1BC8,
    0x1BC8, 0x1BC8, 0x1BC8, 0x1BC8, 0x1BC8, 0x1BC8, 0x13C8, 0x13A8, 0x13A8, 0x13A8, 0x13A8, 0x13A8, 0x13A8, 0x13A8, 0x13A8, 0x13A8,
    0x13A8, 0x1388, 0x1388, 0x0B88, 0x0B88, 0x0B88, 0x0B88, 0x0B88, 0x0B88, 0x0B88, 0x0B88, 0x0B88, 0x0B88, 0x0B88, 0x0B88, 0x0B88,
    0x0B88, 0x0B88, 0x0B88, 0x0B88, 0x0B88, 0x0B88, 0x0B88, 0x0B88, 0x0B88, 0x0B88, 0x0B88, 0x0B88, 0x0B88, 0x0B88, 0x0B88, 0x0B88,
    0x0B88, 0x0B88, 0x0B88, 0x0B88, 0x0B88, 0x0B88, 0x0B88, 0x0B88, 0x0B88, 0x0B88, 0x0B88, 0x0B88, 0x0B88, 0x0B88, 0x0B88, 0x0B88,
    0x0B88, 0x0B88, 0x0B88, 0x0B88, 0x0B88, 0x0B88, 0x0B88, 0x0B88, 0x0B88, 0x0B88, 0x0B88, 0x0B88, 0x0B88, 0x0B88, 0x0B88, 0x0B88,
    0x0B88, 0x0B88, 0x0B88, 0x0B88, 0x0B88, 0x0B89, 0x0B89, 0x0B89, 0x0B89, 0x0B89, 0x0B89, 0x0B89, 0x0B89, 0x0B89, 0x0B89, 0x0B89,
    0x0B89, 0x0B89, 0x0B89, 0x0B89, 0x0B89, 0x0B89, 0x0B89, 0x0B89, 0x0B89, 0x0B89, 0x0B89, 0x0B89, 0x0B89, 0x0B89, 0x0B89, 0x0B89,
    0x0B89, 0x0B89, 0x0B89, 0x0B89, 0x0B89, 0x0B89, 0x0B89, 0x0B89, 0x0B89, 0x0B89, 0x0B89, 0x0B88, 0x0B88, 0x0B88, 0x0B88, 0x0B88,
    0x0B88, 0x0B88, 0x0B88, 0x0B88, 0x0B88, 0x0B88, 0x0B88, 0x0B88, 0x0B88, 0x0B88, 0x0B88, 0x0B88, 0x0B88, 0x0B88, 0x0B88, 0x0B88,
    0x0B88, 0x0B88, 0x0B88, 0x0B88, 0x0B88, 0x0B88, 0x0B88, 0x0B88, 0x0B88, 0x0B88, 0x0B88, 0x0B88, 0x0B88, 0x0B88, 0x0B88, 0x0B88,
    0x0B88, 0x0B88, 0x0B88, 0x0B88, 0x0B88, 0x0B88, 0x0B88, 0x0B88, 0x0B88, 0x0B88, 0x0B88, 0x0B88, 0x0B88, 0x0B88, 0x0B88, 0x0B88,
    0x0B88, 0x0B88, 0x0B88, 0x0B88, 0x0B88, 0x0B88, 0x0B88, 0x0B88, 0x0B88, 0x0B88, 0x0B88, 0x0B88, 0x0B88, 0x0B88, 0x0B88, 0x0B88,
    0x0B88, 0x0B88, 0x0B88, 0x0B88, 0x0B88, 0x0B88, 0x0B88, 0x0B88, 0x0B88, 0x0B88, 0x0B88, 0x0B88, 0x0B88, 0x0B88, 0x0B88, 0x0B88,
    0x0B88, 0x0B88, 0x0B88, 0x0B88, 0x0B88, 0x0B88, 0x0B88, 0x0B88, 0x0B88, 0x0B88, 0x0B88, 0x0B88, 0x0B88, 0x0B88, 0x0B88, 0x0B88,
    0x23E8, 0x23E8, 0x23E8, 0x23E8, 0x23E8, 0x23E8, 0x23E8, 0x23E8, 0x1BE8, 0x1BC8, 0x1BC8, 0x1BC8, 0x1BC8, 0x1BC8, 0x1BC8, 0x1BC8,
    0x1BC8, 0x1BC8, 0x1BC8, 0x1BC8, 0x1BC8, 0x13C8, 0x13A8, 0x13A8, 0x13A8, 0x13A8, 0x13A8, 0x13A8, 0x13A8, 0x13A8, 0x13A8, 0x13A8,
    0x1388, 0x1388, 0x0B88, 0x0B88, 0x0B88, 0x0B88, 0x0B88, 0x0B88, 0x0B88, 0x0B88, 0x0B88, 0x0B88, 0x0B88, 0x0B88, 0x0B88, 0x0B88,
    0x0B88, 0x0B88, 0x0B88, 0x0B88, 0x0B88, 0x0B88, 0x0B88, 0x0B88, 0x0B88, 0x0B88, 0x0B88, 0x0B88, 0x0B88, 0x0B88, 0x0B88, 0x0B88,
    0x0B88, 0x0B88, 0x0B88, 0x0B88, 0x0B88, 0x0B88, 0x0B88, 0x0B88, 0x0B88, 0x0B88, 0x0B88, 0x0B88, 0x0B88, 0x0B88, 0x0B88, 0x0B88,
    0x0B88, 0x0B88, 0x0B88, 0x0B88, 0x0B88, 0x0B88, 0x0B88, 0x0B88, 0x0B88, 0x0B88, 0x0B88, 0x0B88, 0x0B88, 0x0B88, 0x0B88, 0x0B88,
    0x0B88, 0x0B88, 0x0B88, 0x0B88, 0x0B88, 0x0B88, 0x0B88, 0x0B88, 0x0B88, 0x0B88, 0x0B88, 0x0B88, 0x0B88, 0x0B88, 0x0B88, 0x0B88,
    0x0B88, 0x0B88, 0x0B88, 0x0B89, 0x0B89, 0x0B89, 0x0B89, 0x0B89, 0x0B89, 0x0B89, 0x0B89, 0x0B89, 0x0B89, 0x0B89, 0x0B88, 0x0B88,
    0x0B88, 0x0B88, 0x0B88, 0x0B88, 0x0B88, 0x0B88, 0x0B88, 0x0B88, 0x0B88, 0x0B88, 0x0B88, 0x0B88, 0x0B88, 0x0B88, 0x0B88, 0x0B88,
    0x0B88, 0x0B88, 0x0B88, 0x0B88, 0x0B88, 0x0B88, 0x0B88, 0x0B88, 0x0B88, 0x0B88, 0x0B88, 0x0B88, 0x0B88, 0x0B88, 0x0B88, 0x0B88,
    0x0B88, 0x0B88, 0x0B88, 0x0B88, 0x0B88, 0x0B88, 0x0B88, 0x0B88, 0x0B88, 0x0B88, 0x0B88, 0x0B88, 0x0B88, 0x0B88, 0x0B88, 0x0B88,
    0x0B88, 0x0B88, 0x0B88, 0x0B88, 0x0B88, 0x0B88, 0x0B88, 0x0B88, 0x0B88, 0x0B88, 0x0B88, 0x0B88, 0x0B88, 0x0B88, 0x0B88, 0x0B88,
    0x0B88, 0x0B88, 0x0B88, 0x0B88, 0x0B88, 0x0B88, 0x0B88, 0x0B88, 0x0B88, 0x0B88, 0x0B88, 0x0B88, 0x0B88, 0x0B88, 0x0B88, 0x0B88,
    0x0B88, 0x0B88, 0x0B88, 0x0B88, 0x0B88, 0x0B88, 0x0B88, 0x0B88, 0x0B88, 0x0B88, 0x0B88, 0x0B88, 0x0B88, 0x0B88, 0x0B88, 0x0B88,
    0x0B88, 0x0B88, 0x0B88, 0x0B88, 0x0B88, 0x0B88, 0x0B88, 0x0B88, 0x0B88, 0x0B88, 0x0B88, 0x0B88, 0x0B88, 0x0B88, 0x0B88, 0x0B88,
};
