// flavor_1 - 120x120 RGB565 bitmap
// Auto-generated from flavor_1.png by tools/png_to_rgb565.py
#pragma once

#include <Arduino.h>

const uint16_t flavor0_mid[120 * 120] PROGMEM = {
    0x6084, 0x6084, 0x6084, 0x60A4, 0x60A4, 0x68A4, 0x68A4, 0x68A4, 0x68A4, 0x68A4, 0x68A4, 0x68A4, 0x70A5, 0x70C5, 0x70C5, 0x70C5,
    0x70C5, 0x70C5, 0x70C5, 0x70C5, 0x70C5, 0x78C5, 0x78C5, 0x78C5, 0x78C5, 0x78C5, 0x78C5, 0x78C5, 0x78C5, 0x78C5, 0x78C5, 0x78C5,
    0x78E5, 0x78E5, 0x78E5, 0x78C5, 0x78C5, 0x78C5, 0x78C5, 0x78C5, 0x78C5, 0x78C5, 0x78C5, 0x78C5, 0x78C5, 0x78C5, 0x70C5, 0x70C5,
    0x70C5, 0x70C5, 0x70C5, 0x70C5, 0x70C5, 0x70C5, 0x70C5, 0x70A5, 0x68A5, 0x68A5, 0x68A4, 0x68A4, 0x68A4, 0x68A4, 0x68A4, 0x60A4,
    0x60A4, 0x6084, 0x6084, 0x6084, 0x5884, 0x5884, 0x5884, 0x5884, 0x5884, 0x5084, 0x5064, 0x5063, 0x5063, 0x5063, 0x5063, 0x4863,
    0x4863, 0x4863, 0x4863, 0x4843, 0x4043, 0x4043, 0x4043, 0x4043, 0x4043, 0x4043, 0x4043, 0x4043, 0x4043, 0x4043, 0x4043, 0x4043,
    0x4043, 0x4043, 0x4043, 0x4043, 0x4043, 0x4043, 0x4043, 0x4043, 0x4043, 0x4043, 0x4043, 0x4043, 0x4043, 0x4043, 0x4043, 0x4043,
    0x4043, 0x4043, 0x4043, 0x4043, 0x4043, 0x4043, 0x4043, 0x4043, 0x6084, 0x6084, 0x60A4, 0x60A4, 0x60A4, 0x68A4, 0x68A4, 0x68A4,
    0x68A4, 0x68A4, 0x68A4, 0x70A5, 0x70C5, 0x70C5, 0x70C5, 0x70C5, 0x70C5, 0x70C5, 0x70C5, 0x78C5, 0x78C5, 0x78C5, 0x78C5, 0x78C5,
    0x78C5, 0x78C5, 0x78E5, 0x78E5, 0x78E5, 0x78E5, 0x78E5, 0x78E5, 0x78E5, 0x78E5, 0x78E5, 0x78E5, 0x78E5, 0x78E5, 0x78E5, 0x78E5,
    0x78E5, 0x78C5, 0x78C5, 0x78C5, 0x78C5, 0x78C5, 0x78C5, 0x78C5, 0x78C5, 0x78C5, 0x78C5, 0x78C5, 0x78C5, 0x78C5, 0x78C5, 0x70C5,
    0x70C5, 0x70C5, 0x70C5, 0x70A5, 0x70A5, 0x70A5, 0x68A5, 0x68A4, 0x68A4, 0x68A4, 0x60A4, 0x60A4, 0x6084, 0x6084, 0x5884, 0x5884,
    0x5884, 0x5884, 0x5064, 0x5064, 0x5063, 0x5063, 0x5063, 0x4863, 0x4863, 0x4863, 0x4863, 0x4863, 0x4043, 0x4043, 0x4043, 0x4043,
    0x4043, 0x4043, 0x4043, 0x4043, 0x4043, 0x4043, 0x4043, 0x4043, 0x4043, 0x4043, 0x4043, 0x4043, 0x4043, 0x4043, 0x4043, 0x4043,
    0x4043, 0x4043, 0x4043, 0x4043, 0x4043, 0x4043, 0x4043, 0x4043, 0x4043, 0x4043, 0x4043, 0x4043, 0x4043, 0x4043, 0x4043, 0x4043,
    0x6084, 0x60A4, 0x60A4, 0x60A4, 0x68A4, 0x68A4, 0x68A4, 0x68A4, 0x68A4, 0x68A4, 0x70A5, 0x70C5, 0x70C5, 0x70C5, 0x70C5, 0x70C5,
    0x70C5, 0x78C5, 0x78C5, 0x78C5, 0x78C5, 0x78C5, 0x78C5, 0x78E5, 0x78E5, 0x78E5, 0x78E5, 0x78E5, 0x78E5, 0x78E5, 0x78E5, 0x78E5,
    0x78E5, 0x78E5, 0x78E5, 0x78E5, 0x78E5, 0x78E5, 0x78E5, 0x78E5, 0x78E5, 0x78E5, 0x78E5, 0x78E5, 0x78E5, 0x78E5, 0x80E5, 0x80E5,
    0x80E5, 0x80E5, 0x80C5, 0x80C5, 0x80C5, 0x78C5, 0x78C5, 0x78C5, 0x78C5, 0x78C5, 0x78C5, 0x78C5, 0x78C5, 0x70C5, 0x70C5, 0x70A5,
    0x70A5, 0x68A5, 0x68A4, 0x68A4, 0x68A4, 0x60A4, 0x6084, 0x6084, 0x6084, 0x5884, 0x5884, 0x5884, 0x5063, 0x5063, 0x5063, 0x5063,
    0x4863, 0x4863, 0x4863, 0x4863, 0x4843, 0x4043, 0x4043, 0x4043, 0x4043, 0x4043, 0x4043, 0x4043, 0x4043, 0x4043, 0x4043, 0x4043,
    0x4043, 0x4043, 0x4043, 0x4043, 0x4043, 0x4043, 0x4043, 0x4043, 0x4043, 0x4043, 0x4043, 0x4043, 0x4043, 0x4043, 0x4043, 0x4043,
    0x4043, 0x4043, 0x4043, 0x4043, 0x4043, 0x4043, 0x4043, 0x4043, 0x60A4, 0x60A4, 0x60A4, 0x68A4, 0x68A4, 0x68A4, 0x68A4, 0x68A4,
    0x68A5, 0x70A5, 0x70C5, 0x70C5, 0x70C5, 0x70C5, 0x70C5, 0x78C5, 0x78C5, 0x78C5, 0x78C5, 0x78C5, 0x78C5, 0x78E5, 0x78E5, 0x78E5,
    0x78E5, 0x78E5, 0x78E5, 0x78E5, 0x78E5, 0x78E5, 0x78E5, 0x7905, 0x7905, 0x7905, 0x7905, 0x7905, 0x78E5, 0x78E5, 0x78E5, 0x78E5,
    0x78E5, 0x80E5, 0x80E5, 0x80E5, 0x80E5, 0x80E5, 0x80E5, 0x80E6, 0x88E6, 0x88E6, 0x80E6, 0x80E6, 0x80E6, 0x80E6, 0x80E5, 0x80C5,
    0x80C5, 0x80C5, 0x80C5, 0x80C5, 0x78A5, 0x78A5, 0x78A5, 0x78A5, 0x78A5, 0x70A5, 0x70A5, 0x70A5, 0x68A5, 0x68A5, 0x68A4, 0x60A4,
    0x6084, 0x6084, 0x5884, 0x5884, 0x5884, 0x5064, 0x5063, 0x5063, 0x4863, 0x4863, 0x4863, 0x4863, 0x4863, 0x4043, 0x4043, 0x4043,
    0x4043, 0x4043, 0x4043, 0x4043, 0x4043, 0x4043, 0x4043, 0x4043, 0x4043, 0x4043, 0x4043, 0x4043, 0x4043, 0x4043, 0x4043, 0x4043,
    0x4043, 0x4043, 0x4043, 0x4043, 0x4043, 0x4043, 0x4043, 0x4043, 0x4043, 0x4043, 0x4043, 0x4043, 0x4043, 0x4043, 0x4043, 0x4043,
    0x60A4, 0x60A4, 0x68A4, 0x68A4, 0x68A4, 0x68A4, 0x68A4, 0x70A5, 0x70C5, 0x70C5, 0x70C5, 0x70C5, 0x70C5, 0x70C5, 0x78C5, 0x78C5,
    0x78C5, 0x78C5, 0x78C5, 0x78E5, 0x78E5, 0x78E5, 0x78E5, 0x78E5, 0x78E5, 0x78E5, 0x7905, 0x7905, 0x7905, 0x7905, 0x7905, 0x7905,
    0x7905, 0x7905, 0x7905, 0x7905, 0x7905, 0x7905, 0x8105, 0x8105, 0x8106, 0x8106, 0x8906, 0x8906, 0x8906, 0x8906, 0x8906, 0x8906,
    0x88E6, 0x90E6, 0x90E6, 0x90E6, 0x88E6, 0x88E6, 0x8906, 0x8906, 0x8126, 0x8126, 0x8146, 0x8126, 0x8126, 0x7926, 0x7926, 0x7906,
    0x78E6, 0x78E5, 0x78C5, 0x70A5, 0x70A5, 0x7084, 0x7084, 0x6884, 0x68A4, 0x68A4, 0x6084, 0x6084, 0x5884, 0x5884, 0x5864, 0x5064,
    0x5063, 0x5063, 0x4863, 0x4863, 0x4863, 0x4843, 0x4043, 0x4043, 0x4043, 0x4043, 0x4043, 0x4043, 0x4043, 0x4043, 0x4043, 0x4043,
    0x4043, 0x4043, 0x4043, 0x4043, 0x4043, 0x4043, 0x4043, 0x4043, 0x4043, 0x4043, 0x4043, 0x4043, 0x4043, 0x4043, 0x4043, 0x4043,
    0x4043, 0x4043, 0x4043, 0x4043, 0x4043, 0x4043, 0x4043, 0x4043, 0x60A4, 0x68A4, 0x68A4, 0x68A4, 0x68A4, 0x68A4, 0x68A4, 0x70A5,
    0x70C5, 0x70C5, 0x70C5, 0x70C5, 0x70C5, 0x78C5, 0x78C5, 0x78C5, 0x78C5, 0x78E5, 0x78E5, 0x78E5, 0x78E5, 0x78E5, 0x78E5, 0x7905,
    0x7905, 0x7905, 0x7905, 0x7905, 0x7905, 0x7905, 0x7905, 0x7905, 0x7905, 0x7905, 0x7905, 0x8105, 0x8105, 0x8106, 0x8126, 0x8926,
    0x8926, 0x8926, 0x8926, 0x8926, 0x9106, 0x9106, 0x9106, 0x9106, 0x9126, 0x8947, 0x8987, 0x89A7, 0x89A8, 0x89A8, 0x89A7, 0x8987,
    0x8987, 0x8967, 0x8167, 0x8147, 0x8147, 0x8147, 0x8167, 0x7967, 0x7987, 0x7987, 0x7987, 0x7987, 0x7167, 0x7146, 0x7106, 0x70E5,
    0x68A5, 0x6884, 0x6884, 0x6084, 0x6084, 0x6084, 0x5884, 0x5884, 0x5864, 0x5064, 0x5063, 0x4863, 0x4863, 0x4863, 0x4043, 0x4043,
    0x4043, 0x4043, 0x4043, 0x4043, 0x4043, 0x4043, 0x4043, 0x4043, 0x4043, 0x4043, 0x4043, 0x4043, 0x4043, 0x4043, 0x4043, 0x4043,
    0x4043, 0x4043, 0x4043, 0x4043, 0x4043, 0x4043, 0x4043, 0x4043, 0x4043, 0x4043, 0x4043, 0x4043, 0x4043, 0x4043, 0x4043, 0x4043,
    0x68A4, 0x68A4, 0x68A4, 0x68A4, 0x68A4, 0x68A4, 0x70A5, 0x70C5, 0x70C5, 0x70C5, 0x70C5, 0x70C5, 0x78C5, 0x78C5, 0x78C5, 0x78C5,
    0x78E5, 0x78E5, 0x78E5, 0x78E5, 0x78E5, 0x7905, 0x7905, 0x7905, 0x7905, 0x7905, 0x7905, 0x7905, 0x7905, 0x7905, 0x7905, 0x7905,
    0x7905, 0x8125, 0x8126, 0x8126, 0x8926, 0x8926, 0x8926, 0x8926, 0x9146, 0x9126, 0x9126, 0x9126, 0x9147, 0x9187, 0x89C8, 0x89C8,
    0x89C8, 0x9187, 0x9147, 0x90E6, 0x98C6, 0x98A5, 0x98A5, 0x98C6, 0x98E6, 0x98E6, 0x9927, 0x9127, 0x9126, 0x9106, 0x88E6, 0x88C5,
    0x8885, 0x8065, 0x8064, 0x7864, 0x78A5, 0x78E5, 0x7126, 0x7167, 0x7187, 0x7166, 0x6926, 0x68C5, 0x6884, 0x6064, 0x6084, 0x5884,
    0x5884, 0x5864, 0x5064, 0x5063, 0x4863, 0x4863, 0x4843, 0x4043, 0x4043, 0x4043, 0x4043, 0x4043, 0x4043, 0x4043, 0x4043, 0x4043,
    0x4043, 0x4043, 0x4043, 0x4043, 0x4043, 0x4043, 0x4043, 0x4043, 0x4043, 0x4043, 0x4043, 0x4043, 0x4043, 0x4043, 0x4043, 0x4043,
    0x4043, 0x4043, 0x4043, 0x4043, 0x4043, 0x4043, 0x4043, 0x4043, 0x68A4, 0x68A4, 0x68A4, 0x68A4, 0x68A4, 0x70A5, 0x70C5, 0x70C5,
    0x70C5, 0x70C5, 0x70C5, 0x78C5, 0x78C5, 0x78C5, 0x78C5, 0x78E5, 0x78E5, 0x78E5, 0x78E5, 0x7905, 0x7905, 0x7905, 0x7905, 0x7905,
    0x7905, 0x7905, 0x7905, 0x8125, 0x8125, 0x8125, 0x8125, 0x8126, 0x8126, 0x8126, 0x8946, 0x8946, 0x8946, 0x9146, 0x9146, 0x9146,
    0x9946, 0x9167, 0x91A7, 0x89E8, 0x89E8, 0x91A7, 0x9927, 0x98E6, 0xA0E6, 0xA127, 0xA1C8, 0xAA8A, 0xAB2C, 0xB3CE, 0xB42F, 0xB490,
    0xB4B0, 0xB4B0, 0xB4D0, 0xB4D0, 0xB4D0, 0xB4D0, 0xB4B0, 0xB4B0, 0xB490, 0xAC2F, 0xABCE, 0xA32C, 0x926A, 0x8987, 0x80C5, 0x7864,
    0x7044, 0x70A5, 0x7106, 0x7167, 0x6967, 0x6926, 0x60C5, 0x6084, 0x6064, 0x5884, 0x5884, 0x5064, 0x5063, 0x5063, 0x4863, 0x4843,
    0x4043, 0x4043, 0x4043, 0x4043, 0x4043, 0x4043, 0x4043, 0x4043, 0x4043, 0x4043, 0x4043, 0x4043, 0x4043, 0x4043, 0x4043, 0x4043,
    0x4043, 0x4043, 0x4043, 0x4043, 0x4043, 0x4043, 0x4043, 0x4043, 0x4043, 0x4043, 0x4043, 0x4043, 0x4043, 0x4043, 0x4043, 0x4043,
    0x68A4, 0x68A4, 0x68A4, 0x68A4, 0x70A5, 0x70C5, 0x70C5, 0x70C5, 0x70C5, 0x70C5, 0x78C5, 0x78C5, 0x78C5, 0x78C5, 0x78E5, 0x78E5,
    0x78E5, 0x78E5, 0x7905, 0x7905, 0x7905, 0x7905, 0x7905, 0x7905, 0x7925, 0x8125, 0x8125, 0x8126, 0x8126, 0x8126, 0x8126, 0x8146,
    0x8946, 0x8946, 0x8946, 0x9166, 0x9146, 0x9946, 0x9967, 0x91A7, 0x89E8, 0x8A08, 0x91A7, 0x9926, 0xA106, 0xA167, 0xAA4A, 0xAB8D,
    0xB46F, 0xBCD1, 0xBCD0, 0xBC6F, 0xB3EE, 0xB34D, 0xB2CB, 0xAA6A, 0xAA2A, 0xAA09, 0xA1C9, 0xA1C9, 0xA1C8, 0xA1C8, 0xA1E9, 0xA209,
    0xA24A, 0xA2AB, 0xAB2C, 0xABAE, 0xB44F, 0xB4B0, 0xB4D0, 0xAC4F, 0x9B4C, 0x8A09, 0x78C5, 0x7044, 0x6864, 0x68E5, 0x6966, 0x6966,
    0x6105, 0x6084, 0x5864, 0x5864, 0x5064, 0x5064, 0x5063, 0x4863, 0x4843, 0x4043, 0x4043, 0x4043, 0x4043, 0x4043, 0x4043, 0x4043,
    0x4043, 0x4043, 0x4043, 0x4043, 0x4043, 0x4043, 0x4043, 0x4043, 0x4043, 0x4043, 0x4043, 0x4043, 0x4043, 0x4043, 0x4043, 0x4043,
    0x4043, 0x4043, 0x4043, 0x4043, 0x4043, 0x4043, 0x4043, 0x4043, 0x68A4, 0x68A4, 0x68A4, 0x70A5, 0x70C5, 0x70C5, 0x70C5, 0x70C5,
    0x70C5, 0x78C5, 0x78C5, 0x78C5, 0x78E5, 0x78E5, 0x78E5, 0x78E5, 0x78E5, 0x7905, 0x7905, 0x7905, 0x7905, 0x7905, 0x7925, 0x8125,
    0x8126, 0x8126, 0x8126, 0x8126, 0x8146, 0x8146, 0x8946, 0x8946, 0x9166, 0x9166, 0x9167, 0x9967, 0x9987, 0x91E8, 0x8A08, 0x91E8,
    0x9967, 0xA126, 0xA9A8, 0xAAEB, 0xB42F, 0xBCF1, 0xBCB0, 0xBBEE, 0xB2EC, 0xAA2A, 0xA9C8, 0xA9A8, 0xA1A8, 0xA1C8, 0xA1C9, 0xA1E9,
    0xA1E9, 0xA1E9, 0xA1E9, 0xA1E9, 0xA1E9, 0x99E9, 0x99E9, 0x99C8, 0x99C8, 0x91A8, 0x9188, 0x9167, 0x8947, 0x8967, 0x91C8, 0x9A8A,
    0xAB8D, 0xB490, 0xB4D1, 0xAC2F, 0x928A, 0x78E6, 0x6823, 0x6864, 0x6926, 0x6967, 0x6126, 0x58A4, 0x5844, 0x5064, 0x5064, 0x5063,
    0x4843, 0x4843, 0x4843, 0x4043, 0x4043, 0x4043, 0x4043, 0x4043, 0x4043, 0x4043, 0x4043, 0x4043, 0x4043, 0x4043, 0x4043, 0x4043,
    0x4043, 0x4043, 0x4043, 0x4043, 0x4043, 0x4043, 0x4043, 0x4043, 0x4043, 0x4043, 0x4043, 0x4043, 0x4043, 0x4043, 0x4043, 0x4043,
    0x68A4, 0x68A4, 0x68A4, 0x70A5, 0x70C5, 0x70C5, 0x70C5, 0x70C5, 0x78C5, 0x78C5, 0x78C5, 0x78C5, 0x78E5, 0x78E5, 0x78E5, 0x78E5,
    0x7905, 0x7905, 0x7905, 0x7905, 0x7905, 0x8125, 0x8125, 0x8126, 0x8126, 0x8126, 0x8146, 0x8146, 0x8946, 0x8966, 0x8966, 0x9167,
    0x9167, 0x9967, 0x9987, 0x89E8, 0x8A28, 0x99C8, 0xA146, 0xA967, 0xAAAA, 0xB42F, 0xBD11, 0xBC90, 0xB34C, 0xB24A, 0xA9C8, 0xA9E9,
    0xAA09, 0xAA29, 0xAA29, 0xAA09, 0xB1C9, 0xB1A8, 0xB168, 0xB148, 0xB147, 0xB127, 0xA907, 0xA907, 0xA907, 0xA907, 0xA107, 0xA107,
    0xA127, 0x9927, 0x9947, 0x9968, 0x91A8, 0x91C8, 0x91C8, 0x89A8, 0x8967, 0x8127, 0x89A8, 0x9ACB, 0xAC2F, 0xB4F1, 0xA40E, 0x8209,
    0x6864, 0x6023, 0x60E5, 0x6166, 0x6146, 0x58A4, 0x5043, 0x5063, 0x5063, 0x4863, 0x4843, 0x4843, 0x4843, 0x4043, 0x4043, 0x4043,
    0x4043, 0x4043, 0x4043, 0x4043, 0x4043, 0x4043, 0x4043, 0x4043, 0x4043, 0x4043, 0x4043, 0x4043, 0x4043, 0x4043, 0x4043, 0x4043,
    0x4043, 0x4043, 0x4043, 0x4043, 0x4043, 0x4043, 0x4043, 0x4043, 0x68A4, 0x68A4, 0x70A5, 0x70C5, 0x70C5, 0x70C5, 0x70C5, 0x70C5,
    0x78C5, 0x78C5, 0x78C5, 0x78E5, 0x78E5, 0x78E5, 0x7905, 0x7905, 0x7905, 0x7905, 0x7905, 0x8125, 0x8125, 0x8126, 0x8126, 0x8126,
    0x8146, 0x8146, 0x8946, 0x8966, 0x8966, 0x9166, 0x9187, 0x9967, 0x9987, 0x91E8, 0x9228, 0x99C8, 0xA146, 0xA9A8, 0xB34C, 0xBCD0,
    0xBCD1, 0xBB8D, 0xB24A, 0xA9E8, 0xAA29, 0xAA6A, 0xAA4A, 0xB209, 0xB1C8, 0xB188, 0xB168, 0xB148, 0xB148, 0xB148, 0xB148, 0xB127,
    0xB0E7, 0xB127, 0xB148, 0xB127, 0xA927, 0xA8E7, 0xA907, 0xA107, 0xA0C6, 0xA107, 0x98E6, 0x98E6, 0x98E6, 0x90E6, 0x90E6, 0x9107,
    0x9167, 0x89A8, 0x89C8, 0x8187, 0x8126, 0x8167, 0x9AEB, 0xB490, 0xB4D0, 0x92EB, 0x68A5, 0x5803, 0x60C5, 0x6166, 0x6126, 0x5884,
    0x5043, 0x5063, 0x4863, 0x4843, 0x4843, 0x4843, 0x4043, 0x4043, 0x4043, 0x4043, 0x4043, 0x4043, 0x4043, 0x4043, 0x4043, 0x4043,
    0x4043, 0x4043, 0x4043, 0x4043, 0x4043, 0x4043, 0x4043, 0x4043, 0x4043, 0x4043, 0x4043, 0x4043, 0x4043, 0x4043, 0x4043, 0x4043,
    0x68A4, 0x68A4, 0x70C5, 0x70C5, 0x70C5, 0x70C5, 0x70C5, 0x78C5, 0x78C5, 0x78C5, 0x78E5, 0x78E5, 0x78E5, 0x78E5, 0x7905, 0x7905,
    0x7905, 0x7905, 0x8125, 0x8126, 0x8126, 0x8126, 0x8126, 0x8146, 0x8146, 0x8966, 0x8966, 0x9166, 0x9187, 0x9987, 0x9987, 0x91E8,
    0x8A28, 0x99E8, 0xA167, 0xA9C8, 0xB3AD, 0xBD11, 0xBC90, 0xB2EB, 0xAA09, 0xAA29, 0xAA8A, 0xB26A, 0xB209, 0xB9C8, 0xB988, 0xB9A8,
    0xB968, 0xB968, 0xB9A8, 0xB988, 0xB988, 0xB988, 0xB948, 0xB9C9, 0xC34D, 0xB988, 0xB928, 0xB148, 0xB107, 0xBAEC, 0xB20A, 0xA927,
    0xB26B, 0xA107, 0xA107, 0xA107, 0x98A6, 0x9085, 0x90C6, 0x90E6, 0x90C6, 0x88A6, 0x88C6, 0x8927, 0x89A8, 0x81C8, 0x7967, 0x7906,
    0x89E9, 0xAC0E, 0xB4F1, 0x934C, 0x68A5, 0x5803, 0x60C5, 0x6166, 0x58E5, 0x5043, 0x5043, 0x4863, 0x4863, 0x4843, 0x4843, 0x4043,
    0x4043, 0x4043, 0x4043, 0x4043, 0x4043, 0x4043, 0x4043, 0x4043, 0x4043, 0x4043, 0x4043, 0x4043, 0x4043, 0x4043, 0x4043, 0x4043,
    0x4043, 0x4043, 0x4043, 0x4043, 0x4043, 0x4043, 0x4043, 0x4043, 0x68A4, 0x70A5, 0x70C5, 0x70C5, 0x70C5, 0x70C5, 0x78C5, 0x78C5,
    0x78C5, 0x78E5, 0x78E5, 0x78E5, 0x78E5, 0x7905, 0x7905, 0x7905, 0x7905, 0x8125, 0x8125, 0x8126, 0x8126, 0x8146, 0x8146, 0x8146,
    0x8966, 0x8966, 0x9187, 0x9187, 0x9987, 0x99C7, 0x8A28, 0x9228, 0xA187, 0xA9A7, 0xB36C, 0xBD11, 0xBC6F, 0xB2AA, 0xAA09, 0xAA6A,
    0xB2AA, 0xB249, 0xB9E8, 0xB9C8, 0xB9C8, 0xB9C8, 0xB9C9, 0xB9A8, 0xC26A, 0xC2AB, 0xC188, 0xC1A9, 0xC188, 0xC1A8, 0xB927, 0xCB4D,
    0xD5D4, 0xCB2D, 0xB8E7, 0xB968, 0xB0C7, 0xCBAE, 0xCC50, 0xC36E, 0xC3CF, 0xA8A6, 0xA927, 0xA127, 0xBB8E, 0xC42F, 0xA1C9, 0x90C6,
    0x9106, 0x90E6, 0x88C6, 0x88A6, 0x88A6, 0x80C6, 0x8127, 0x81C8, 0x81A8, 0x70E6, 0x7987, 0xA3CE, 0xB511, 0x930B, 0x6064, 0x5803,
    0x6126, 0x5946, 0x50A4, 0x5043, 0x4863, 0x4863, 0x4843, 0x4843, 0x4843, 0x4043, 0x4043, 0x4043, 0x4043, 0x4043, 0x4043, 0x4043,
    0x4043, 0x4043, 0x4043, 0x4043, 0x4043, 0x4043, 0x4043, 0x4043, 0x4043, 0x4043, 0x4043, 0x4043, 0x4043, 0x4043, 0x4043, 0x4043,
    0x68A4, 0x70C5, 0x70C5, 0x70C5, 0x70C5, 0x70C5, 0x78C5, 0x78C5, 0x78C5, 0x78E5, 0x78E5, 0x78E5, 0x7905, 0x7905, 0x7905, 0x7905,
    0x8125, 0x8125, 0x8126, 0x8126, 0x8146, 0x8146, 0x8946, 0x8966, 0x9186, 0x9187, 0x9987, 0x9987, 0x91E8, 0x9249, 0xA1C8, 0xA987,
    0xAACB, 0xBCF1, 0xBCB0, 0xB2CA, 0xB209, 0xAAAA, 0xB2AA, 0xBA29, 0xB9E8, 0xB9E8, 0xB9E8, 0xB9A8, 0xC209, 0xC24A, 0xC1E9, 0xC188,
    0xCB6D, 0xD4F1, 0xC107, 0xC168, 0xC188, 0xC1A9, 0xC168, 0xD4F2, 0xD450, 0xDDB4, 0xC1A9, 0xC148, 0xB928, 0xB968, 0xDE15, 0xD593,
    0xB128, 0xB128, 0xA8A6, 0xC3CF, 0xC450, 0xAA0A, 0xCD32, 0xA148, 0x98C6, 0x90E6, 0x9127, 0x9127, 0x8065, 0x80C6, 0x80A5, 0x7885,
    0x78E6, 0x81A8, 0x79C8, 0x70E6, 0x7967, 0xAC2F, 0xB4F1, 0x7A09, 0x5003, 0x5864, 0x5966, 0x5905, 0x5043, 0x5043, 0x4863, 0x4863,
    0x4843, 0x4843, 0x4043, 0x4043, 0x4043, 0x4043, 0x4043, 0x4043, 0x4043, 0x4043, 0x4043, 0x4043, 0x4043, 0x4043, 0x4043, 0x4043,
    0x4043, 0x4043, 0x4043, 0x4043, 0x4043, 0x4043, 0x4043, 0x4043, 0x70A5, 0x70C5, 0x70C5, 0x70C5, 0x70C5, 0x78C5, 0x78C5, 0x78C5,
    0x78E5, 0x78E5, 0x78E5, 0x7905, 0x7905, 0x7905, 0x7905, 0x8125, 0x8126, 0x8126, 0x8126, 0x8146, 0x8146, 0x8966, 0x8966, 0x9186,
    0x9187, 0x9987, 0x99A7, 0x9228, 0x9A28, 0xA987, 0xAA08, 0xB44F, 0xBD31, 0xBB2C, 0xB229, 0xAAAA, 0xB2CA, 0xBA29, 0xC1E8, 0xC209,
    0xC229, 0xC209, 0xC26A, 0xCBCE, 0xD4D1, 0xCB4D, 0xC1C9, 0xC9E9, 0xCA6A, 0xDDB3, 0xD36E, 0xD450, 0xCA4A, 0xC968, 0xCA0A, 0xD491,
    0xCA2A, 0xD3CF, 0xCA8C, 0xC128, 0xC168, 0xB907, 0xD3CF, 0xCB2D, 0xB0E7, 0xB148, 0xA8C6, 0xC36D, 0xCCB1, 0xB26B, 0xD573, 0xA168,
    0x98E7, 0x9085, 0xBBEF, 0xC4F1, 0xAB2C, 0x9127, 0x80C6, 0x80C6, 0x80A5, 0x7885, 0x78C5, 0x81A8, 0x79A8, 0x68C5, 0x81E8, 0xB4F1,
    0xA42F, 0x60C5, 0x5002, 0x5905, 0x5946, 0x5064, 0x5043, 0x4863, 0x4863, 0x4843, 0x4843, 0x4043, 0x4043, 0x4043, 0x4043, 0x4043,
    0x4043, 0x4043, 0x4043, 0x4043, 0x4043, 0x4043, 0x4043, 0x4043, 0x4043, 0x4043, 0x4043, 0x4043, 0x4043, 0x4043, 0x4043, 0x4043,
    0x70C5, 0x70C5, 0x70C5, 0x70C5, 0x70C5, 0x78C5, 0x78C5, 0x78C5, 0x78E5, 0x78E5, 0x78E5, 0x7905, 0x7905, 0x7905, 0x7905, 0x8125,
    0x8126, 0x8126, 0x8146, 0x8146, 0x8966, 0x8966, 0x9187, 0x91A7, 0x9987, 0x99C7, 0x8A49, 0xA208, 0xA987, 0xB30B, 0xBD32, 0xBC2E,
    0xB249, 0xAA8A, 0xB2EB, 0xBA49, 0xC209, 0xC229, 0xC249, 0xC229, 0xC249, 0xC1E9, 0xCB6D, 0xDDF4, 0xD490, 0xCB0C, 0xC9E9, 0xCA09,
    0xCA09, 0xDC70, 0xDC50, 0xD34D, 0xCA0A, 0xC9A9, 0xC9C9, 0xC988, 0xC968, 0xC948, 0xC968, 0xC969, 0xC948, 0xC168, 0xC107, 0xB907,
    0xB948, 0xB928, 0xB128, 0xB107, 0xC2EC, 0xCC50, 0xB24A, 0xA0C7, 0xA0E7, 0xA147, 0xD5D4, 0xC42F, 0xD5D4, 0xAB0C, 0x8065, 0x88E6,
    0x80C6, 0x80C6, 0x78A5, 0x7065, 0x70C5, 0x79C8, 0x7167, 0x68A5, 0x934C, 0xBD52, 0x7A49, 0x4802, 0x58A4, 0x5966, 0x50A4, 0x5043,
    0x4863, 0x4863, 0x4843, 0x4843, 0x4043, 0x4043, 0x4043, 0x4043, 0x4043, 0x4043, 0x4043, 0x4043, 0x4043, 0x4043, 0x4043, 0x4043,
    0x4043, 0x4043, 0x4043, 0x4043, 0x4043, 0x4043, 0x4043, 0x4043, 0x70C5, 0x70C5, 0x70C5, 0x70C5, 0x78C5, 0x78C5, 0x78C5, 0x78E5,
    0x78E5, 0x78E5, 0x7905, 0x7905, 0x7905, 0x7905, 0x8125, 0x8126, 0x8126, 0x8146, 0x8146, 0x8966, 0x8966, 0x9187, 0x91A7, 0x99A7,
    0x9208, 0x9249, 0xA1C7, 0xA9C7, 0xB40E, 0xBD31, 0xBAEB, 0xB249, 0xB2EB, 0xBA8A, 0xC229, 0xC249, 0xC249, 0xC249, 0xCA49, 0xCA49,
    0xCA49, 0xCA49, 0xCA29, 0xDDD4, 0xD470, 0xD24A, 0xD229, 0xD229, 0xD209, 0xD1C9, 0xC988, 0xD1A8, 0xD1C9, 0xD1C9, 0xD1C9, 0xD1A9,
    0xD1A9, 0xD1A9, 0xC989, 0xC969, 0xC969, 0xC968, 0xC969, 0xC168, 0xC148, 0xB948, 0xB928, 0xB928, 0xB0C7, 0xA8A6, 0xA8E7, 0xA927,
    0xA0A6, 0xB28B, 0xC3EF, 0xC42F, 0xC4B1, 0x90C6, 0x88C6, 0x88C6, 0x80C6, 0x80C6, 0x78A5, 0x78A5, 0x70A5, 0x7064, 0x7106, 0x79E8,
    0x68E5, 0x7167, 0xB4F1, 0x9BCD, 0x5043, 0x5023, 0x5966, 0x58E5, 0x5043, 0x5063, 0x4863, 0x4843, 0x4843, 0x4043, 0x4043, 0x4043,
    0x4043, 0x4043, 0x4043, 0x4043, 0x4043, 0x4043, 0x4043, 0x4043, 0x4043, 0x4043, 0x4043, 0x4043, 0x4043, 0x4043, 0x4043, 0x4043,
    0x70C5, 0x70C5, 0x70C5, 0x70C5, 0x78C5, 0x78C5, 0x78C5, 0x78E5, 0x78E5, 0x78E5, 0x7905, 0x7905, 0x7905, 0x7925, 0x8126, 0x8126,
    0x8126, 0x8146, 0x8966, 0x8966, 0x9187, 0x91A7, 0x99A7, 0x9208, 0x9249, 0xA9A7, 0xAA29, 0xBCD0, 0xBC90, 0xB249, 0xB2AA, 0xB2EB,
    0xC249, 0xC249, 0xC269, 0xC269, 0xCA69, 0xCA6A, 0xCA6A, 0xCA6A, 0xD26A, 0xD26A, 0xD229, 0xDC2F, 0xD32C, 0xD1E9, 0xD24A, 0xD22A,
    0xD22A, 0xD22A, 0xD22A, 0xD20A, 0xD1E9, 0xD1E9, 0xD1C9, 0xD1C9, 0xD1A9, 0xD1A9, 0xD189, 0xD189, 0xD169, 0xC969, 0xC969, 0xC948,
    0xC148, 0xC148, 0xB948, 0xB948, 0xB948, 0xB148, 0xB128, 0xA907, 0xA907, 0xA127, 0x98C6, 0xAA0A, 0xAA8B, 0x9085, 0x90E6, 0x88C6,
    0x88C6, 0x80C6, 0x80A6, 0x78A5, 0x78A5, 0x70A5, 0x7065, 0x6865, 0x7987, 0x7187, 0x6085, 0xA3CE, 0xB4F1, 0x60E5, 0x5003, 0x5926,
    0x5925, 0x5043, 0x5063, 0x4863, 0x4843, 0x4843, 0x4043, 0x4043, 0x4043, 0x4043, 0x4043, 0x4043, 0x4043, 0x4043, 0x4043, 0x4043,
    0x4043, 0x4043, 0x4043, 0x4043, 0x4043, 0x4043, 0x4043, 0x4043, 0x70C5, 0x70C5, 0x70C5, 0x78C5, 0x78C5, 0x78C5, 0x78E5, 0x78E5,
    0x78E5, 0x7905, 0x7905, 0x7905, 0x7905, 0x8125, 0x8126, 0x8126, 0x8146, 0x8966, 0x8966, 0x9187, 0x9187, 0x99A7, 0x9228, 0x9A28,
    0xA987, 0xAAAA, 0xBD52, 0xBBCE, 0xB229, 0xB30B, 0xBAAA, 0xC249, 0xC269, 0xC26A, 0xCA8A, 0xCA8A, 0xCA8A, 0xD28A, 0xD28A, 0xD28A,
    0xD28A, 0xD26A, 0xD26A, 0xD24A, 0xDA4A, 0xDA6A, 0xDA4A, 0xDA4A, 0xDA2A, 0xDA2A, 0xDA2A, 0xDA0A, 0xDA0A, 0xD9EA, 0xD9EA, 0xD1C9,
    0xD1C9, 0xD1A9, 0xD1A9, 0xD189, 0xD189, 0xD169, 0xD169, 0xC969, 0xC948, 0xC148, 0xC148, 0xB948, 0xB928, 0xB928, 0xB128, 0xB127,
    0xA907, 0xA907, 0xA107, 0xA0C6, 0x98E6, 0x98E7, 0x90E6, 0x90C6, 0x88C6, 0x88C6, 0x80C6, 0x80A5, 0x78A5, 0x78A5, 0x70A5, 0x7085,
    0x6844, 0x6906, 0x79E8, 0x5884, 0x8A8A, 0xBD52, 0x71C8, 0x4802, 0x5905, 0x5926, 0x5043, 0x5063, 0x4863, 0x4843, 0x4843, 0x4043,
    0x4043, 0x4043, 0x4043, 0x4043, 0x4043, 0x4043, 0x4043, 0x4043, 0x4043, 0x4043, 0x4043, 0x4043, 0x4043, 0x4043, 0x4043, 0x4043,
    0x70C5, 0x70C5, 0x70C5, 0x78C5, 0x78C5, 0x78C5, 0x78E5, 0x78E5, 0x78E5, 0x7905, 0x7905, 0x7905, 0x7925, 0x8126, 0x8126, 0x8146,
    0x8946, 0x8966, 0x9187, 0x9187, 0x99A7, 0x9228, 0x9A28, 0xA987, 0xB30B, 0xBD72, 0xBB2C, 0xB249, 0xB30B, 0xC269, 0xC269, 0xC28A,
    0xCA8A, 0xCA8A, 0xCA8A, 0xD2AA, 0xD2AA, 0xD2AA, 0xD2AA, 0xD2AA, 0xDA8A, 0xDA8A, 0xDA8A, 0xDA8A, 0xDA8A, 0xDA6A, 0xDA6A, 0xDA4A,
    0xDA4A, 0xDA4A, 0xDA2A, 0xDA2A, 0xDA0A, 0xDA0A, 0xD9EA, 0xD9EA, 0xD9C9, 0xD9C9, 0xD9A9, 0xD9A9, 0xD189, 0xD169, 0xD169, 0xD169,
    0xC969, 0xC948, 0xC148, 0xC148, 0xB948, 0xB928, 0xB928, 0xB128, 0xB107, 0xA907, 0xA907, 0xA107, 0xA107, 0x98E7, 0x98E7, 0x90E6,
    0x90C6, 0x88C6, 0x88C6, 0x80A6, 0x80A6, 0x78A5, 0x78A5, 0x7085, 0x70A5, 0x6864, 0x6885, 0x71C8, 0x60C5, 0x71A8, 0xBD52, 0x8269,
    0x4802, 0x58E5, 0x5946, 0x5043, 0x4863, 0x4863, 0x4843, 0x4843, 0x4043, 0x4043, 0x4043, 0x4043, 0x4043, 0x4043, 0x4043, 0x4043,
    0x4043, 0x4043, 0x4043, 0x4043, 0x4043, 0x4043, 0x4043, 0x4043, 0x70C5, 0x70C5, 0x70C5, 0x78C5, 0x78C5, 0x78C5, 0x78E5, 0x78E5,
    0x78E5, 0x7905, 0x7905, 0x7905, 0x8125, 0x8126, 0x8146, 0x8946, 0x8966, 0x9186, 0x9187, 0x99A7, 0x9228, 0x9A28, 0xA987, 0xB34C,
    0xBD52, 0xBACA, 0xB289, 0xB30B, 0xC249, 0xC269, 0xCA8A, 0xCA8A, 0xCAAA, 0xD2AA, 0xD2AA, 0xD2AA, 0xD2CA, 0xDACA, 0xDACA, 0xDAAA,
    0xDAAB, 0xDAAA, 0xDAAA, 0xDA8B, 0xDA8A, 0xE28A, 0xE26A, 0xE26A, 0xE26A, 0xE24A, 0xE24A, 0xE22A, 0xE22A, 0xDA0A, 0xDA0A, 0xD9EA,
    0xD9EA, 0xD9CA, 0xD9A9, 0xD9A9, 0xD989, 0xD989, 0xD169, 0xD169, 0xD169, 0xC949, 0xC948, 0xC148, 0xC148, 0xB928, 0xB928, 0xB128,
    0xB128, 0xB107, 0xA907, 0xA907, 0xA0E7, 0xA0E7, 0x98E7, 0x98E6, 0x90C6, 0x90C6, 0x88C6, 0x80C6, 0x80A6, 0x78A5, 0x78A5, 0x7085,
    0x7085, 0x6885, 0x6884, 0x6044, 0x7187, 0x6926, 0x6906, 0xBD32, 0x8ACB, 0x4802, 0x58E5, 0x5946, 0x5043, 0x4863, 0x4863, 0x4843,
    0x4843, 0x4043, 0x4043, 0x4043, 0x4043, 0x4043, 0x4043, 0x4043, 0x4043, 0x4043, 0x4043, 0x4043, 0x4043, 0x4043, 0x4043, 0x4043,
    0x70C5, 0x70C5, 0x70C5, 0x78C5, 0x78C5, 0x78E5, 0x78E5, 0x78E5, 0x7905, 0x7905, 0x7905, 0x7905, 0x8126, 0x8126, 0x8146, 0x8966,
    0x9166, 0x9187, 0x9987, 0x9208, 0x9A28, 0xA987, 0xB36C, 0xBD52, 0xBA8A, 0xB2AA, 0xB2EB, 0xC249, 0xC289, 0xCA8A, 0xCAAA, 0xCAAA,
    0xD2CA, 0xD2CA, 0xD2CA, 0xDACB, 0xDACB, 0xDACB, 0xDACB, 0xDACB, 0xE2CB, 0xE2CB, 0xE2AB, 0xE2AB, 0xE2AB, 0xE28B, 0xE28B, 0xE26B,
    0xE26A, 0xE26A, 0xE24A, 0xE24A, 0xE22A, 0xE20A, 0xE20A, 0xE1EA, 0xE1EA, 0xD9CA, 0xD9CA, 0xD9A9, 0xD9A9, 0xD989, 0xD969, 0xD169,
    0xD169, 0xC969, 0xC969, 0xC948, 0xC148, 0xC148, 0xB928, 0xB928, 0xB128, 0xB128, 0xA907, 0xA907, 0xA107, 0xA107, 0x98E7, 0x98E7,
    0x90E6, 0x90C6, 0x88C6, 0x88C6, 0x80C6, 0x80A6, 0x78A5, 0x78A5, 0x7085, 0x7085, 0x6885, 0x6885, 0x6024, 0x7167, 0x6967, 0x60C5,
    0xB511, 0x8B0B, 0x4802, 0x58E5, 0x5946, 0x5043, 0x5063, 0x4863, 0x4843, 0x4843, 0x4043, 0x4043, 0x4043, 0x4043, 0x4043, 0x4043,
    0x4043, 0x4043, 0x4043, 0x4043, 0x4043, 0x4043, 0x4043, 0x4043, 0x70C5, 0x70C5, 0x78C5, 0x78C5, 0x78C5, 0x78E5, 0x78E5, 0x78E5,
    0x7905, 0x7905, 0x7905, 0x7925, 0x8126, 0x8146, 0x8946, 0x9166, 0x9187, 0x9987, 0x9208, 0x9A28, 0xA987, 0xB34C, 0xBD52, 0xBA69,
    0xB2CA, 0xBACA, 0xC249, 0xC28A, 0xCA8A, 0xCAAA, 0xD2CA, 0xD2CA, 0xD2EA, 0xDAEB, 0xDAEB, 0xDAEB, 0xE2EB, 0xE2EB, 0xE2EB, 0xE2EB,
    0xE2EB, 0xE2CB, 0xE2CB, 0xE2CB, 0xE2AB, 0xE2AB, 0xE28B, 0xE28B, 0xE26B, 0xE26B, 0xE24A, 0xE24A, 0xE22A, 0xE22A, 0xE20A, 0xE20A,
    0xE1EA, 0xE1EA, 0xE1CA, 0xD9AA, 0xD9A9, 0xD989, 0xD989, 0xD969, 0xD169, 0xD169, 0xC969, 0xC949, 0xC148, 0xC148, 0xC148, 0xB928,
    0xB928, 0xB128, 0xB107, 0xA907, 0xA907, 0xA107, 0xA0E7, 0x98E7, 0x98E7, 0x90E6, 0x90C6, 0x88C6, 0x88C6, 0x80A6, 0x78A5, 0x78A5,
    0x70A5, 0x7085, 0x6885, 0x6885, 0x6085, 0x6044, 0x6926, 0x71A7, 0x60A5, 0xB511, 0x8ACB, 0x4802, 0x5905, 0x5925, 0x5043, 0x5063,
    0x4863, 0x4843, 0x4843, 0x4043, 0x4043, 0x4043, 0x4043, 0x4043, 0x4043, 0x4043, 0x4043, 0x4043, 0x4043, 0x4043, 0x4043, 0x4043,
    0x70C5, 0x70C5, 0x78C5, 0x78C5, 0x78C5, 0x78E5, 0x78E5, 0x78E5, 0x7905, 0x7905, 0x7905, 0x8125, 0x8126, 0x8946, 0x8966, 0x9187,
    0x9987, 0x91E8, 0x9228, 0xA987, 0xAB0B, 0xBD52, 0xBA8A, 0xAACA, 0xBACA, 0xC249, 0xC28A, 0xCAAA, 0xCAAA, 0xD2CA, 0xD2CA, 0xDAEB,
    0xDAEB, 0xDB0B, 0xE30B, 0xE30B, 0xE30B, 0xE30B, 0xE30B, 0xE30B, 0xEAEB, 0xEAEB, 0xEAEB, 0xEACB, 0xEACB, 0xEAAB, 0xEAAB, 0xEA8B,
    0xEA8B, 0xEA6B, 0xEA6B, 0xE24B, 0xE24A, 0xE22A, 0xE22A, 0xE20A, 0xE1EA, 0xE1EA, 0xE1CA, 0xE1CA, 0xE1AA, 0xD989, 0xD989, 0xD989,
    0xD169, 0xD169, 0xD169, 0xC949, 0xC949, 0xC148, 0xC148, 0xB928, 0xB928, 0xB128, 0xB128, 0xB107, 0xA907, 0xA107, 0xA0E7, 0x98E7,
    0x98E7, 0x90E6, 0x90C6, 0x88C6, 0x88C6, 0x80A6, 0x80A6, 0x78A5, 0x78A5, 0x7085, 0x7085, 0x6885, 0x6085, 0x6085, 0x6044, 0x6946,
    0x71A7, 0x60C5, 0xBD32, 0x826A, 0x4802, 0x5926, 0x5905, 0x5043, 0x4863, 0x4863, 0x4843, 0x4043, 0x4043, 0x4043, 0x4043, 0x4043,
    0x4043, 0x4043, 0x4043, 0x4043, 0x4043, 0x4043, 0x4043, 0x4043, 0x70C5, 0x70C5, 0x78C5, 0x78C5, 0x78C5, 0x78E5, 0x78E5, 0x78E5,
    0x7905, 0x7905, 0x7905, 0x8126, 0x8946, 0x8946, 0x9166, 0x9967, 0x91C7, 0x9248, 0xA987, 0xAA8A, 0xBD72, 0xBAAA, 0xB2AA, 0xBACA,
    0xC249, 0xC28A, 0xCA8A, 0xCAAA, 0xD2CA, 0xD2EA, 0xDAEB, 0xDB0B, 0xDB0B, 0xE32B, 0xE32B, 0xE32B, 0xE32B, 0xEB2B, 0xEB0B, 0xEB0B,
    0xEB0B, 0xEAEB, 0xEAEB, 0xEAEB, 0xEACB, 0xEACB, 0xEAAB, 0xEAAB, 0xEA8B, 0xEA8B, 0xEA6B, 0xEA4B, 0xEA4A, 0xE22A, 0xE22A, 0xE20A,
    0xE20A, 0xE1EA, 0xE1EA, 0xE1CA, 0xE1AA, 0xE1AA, 0xD989, 0xD989, 0xD969, 0xD169, 0xD169, 0xC969, 0xC949, 0xC948, 0xC148, 0xC128,
    0xB928, 0xB928, 0xB128, 0xB107, 0xA907, 0xA907, 0xA107, 0xA0E7, 0x98E7, 0x98E7, 0x90C6, 0x90C6, 0x88C6, 0x88C6, 0x80A6, 0x78A5,
    0x78A5, 0x7085, 0x7085, 0x6885, 0x6885, 0x6085, 0x6085, 0x6044, 0x6926, 0x6967, 0x6906, 0xBD52, 0x71C8, 0x5002, 0x5946, 0x50C4,
    0x5043, 0x4863, 0x4843, 0x4843, 0x4043, 0x4043, 0x4043, 0x4043, 0x4043, 0x4043, 0x4043, 0x4043, 0x4043, 0x4043, 0x4043, 0x4043,
    0x70C5, 0x70C5, 0x78C5, 0x78C5, 0x78C5, 0x78E5, 0x78E5, 0x78E5, 0x7905, 0x7905, 0x8125, 0x8126, 0x8946, 0x9166, 0x9167, 0x9987,
    0x8A28, 0xA1A7, 0xAA08, 0xBD52, 0xBB2B, 0xB269, 0xB2CB, 0xC249, 0xC289, 0xCA8A, 0xCAAA, 0xD2CA, 0xD2CA, 0xDAEB, 0xDB0B, 0xE32B,
    0xE32B, 0xE34B, 0xE34B, 0xEB4C, 0xEB4C, 0xEB2C, 0xEB2C, 0xEB2C, 0xEB0C, 0xEB0B, 0xEB0B, 0xEAEB, 0xEAEB, 0xEACB, 0xEACB, 0xEAAB,
    0xEA8B, 0xEA8B, 0xEA6B, 0xEA6B, 0xEA4B, 0xEA4A, 0xEA2A, 0xEA0A, 0xE20A, 0xE1EA, 0xE1EA, 0xE1CA, 0xE1AA, 0xE1AA, 0xE189, 0xD989,
    0xD969, 0xD969, 0xD169, 0xD169, 0xC949, 0xC949, 0xC148, 0xC148, 0xB928, 0xB928, 0xB128, 0xB108, 0xA907, 0xA907, 0xA107, 0xA0E7,
    0x98E7, 0x98E7, 0x90C6, 0x90C6, 0x88C6, 0x88C6, 0x80A6, 0x80A6, 0x78A5, 0x7885, 0x7085, 0x6885, 0x6885, 0x6885, 0x6085, 0x6085,
    0x6044, 0x7147, 0x6926, 0x7187, 0xBD52, 0x6106, 0x5023, 0x5966, 0x5084, 0x5043, 0x4863, 0x4843, 0x4843, 0x4043, 0x4043, 0x4043,
    0x4043, 0x4043, 0x4043, 0x4043, 0x4043, 0x4043, 0x4043, 0x4043, 0x70C5, 0x70C5, 0x78C5, 0x78C5, 0x78E5, 0x78E5, 0x78E5, 0x7905,
    0x7905, 0x7905, 0x8126, 0x8946, 0x8946, 0x9167, 0x9967, 0x8A08, 0x99E8, 0xA9A7, 0xB4D0, 0xBBCD, 0xB229, 0xB2EB, 0xC229, 0xC269,
    0xCA8A, 0xCAAA, 0xD2CA, 0xD2CA, 0xDAEB, 0xDB0B, 0xE32B, 0xE32B, 0xE34B, 0xEB4C, 0xEB6C, 0xEB4C, 0xEB4C, 0xEB4C, 0xEB4C, 0xF32C,
    0xF32C, 0xF30C, 0xF30C, 0xF2EB, 0xF2EB, 0xF2CB, 0xEACB, 0xEAAB, 0xEAAB, 0xEA8B, 0xEA8B, 0xEA6B, 0xEA4B, 0xEA4B, 0xEA2A, 0xEA0A,
    0xE20A, 0xE1EA, 0xE1EA, 0xE1CA, 0xE1AA, 0xE1AA, 0xE189, 0xD989, 0xD969, 0xD969, 0xD169, 0xD169, 0xC949, 0xC949, 0xC148, 0xC148,
    0xC128, 0xB928, 0xB928, 0xB128, 0xB108, 0xA907, 0xA907, 0xA0E7, 0xA0E7, 0x98E7, 0x98E7, 0x90C6, 0x90C6, 0x88C6, 0x80A6, 0x80A6,
    0x78A5, 0x78A5, 0x7085, 0x7085, 0x6885, 0x6885, 0x6885, 0x6084, 0x6085, 0x6044, 0x7187, 0x60C5, 0x828A, 0xB4F1, 0x5844, 0x5884,
    0x5946, 0x5043, 0x5063, 0x4863, 0x4843, 0x4843, 0x4043, 0x4043, 0x4043, 0x4043, 0x4043, 0x4043, 0x4043, 0x4043, 0x4043, 0x4043,
    0x70C5, 0x70C5, 0x78C5, 0x78C5, 0x78E5, 0x78E5, 0x78E5, 0x7905, 0x7905, 0x8105, 0x8126, 0x8946, 0x9166, 0x9966, 0x91C8, 0x9208,
    0xA946, 0xB3EE, 0xBC90, 0xB208, 0xB2EB, 0xC229, 0xC269, 0xCA6A, 0xCA8A, 0xD2AA, 0xD2CA, 0xDAEB, 0xDB0B, 0xE30B, 0xE32B, 0xE34B,
    0xEB6C, 0xEB6C, 0xEB6C, 0xEB6C, 0xF36C, 0xF36C, 0xF34C, 0xF34C, 0xF32C, 0xF32C, 0xF30C, 0xF30C, 0xF2EC, 0xF2EB, 0xF2CB, 0xF2AB,
    0xEAAB, 0xEA8B, 0xEA8B, 0xEA6B, 0xEA4B, 0xEA4B, 0xEA2A, 0xEA2A, 0xE20A, 0xE1EA, 0xE1EA, 0xE1CA, 0xE1AA, 0xE1AA, 0xE189, 0xD989,
    0xD969, 0xD969, 0xD169, 0xD169, 0xC949, 0xC949, 0xC948, 0xC148, 0xC128, 0xB928, 0xB928, 0xB128, 0xB108, 0xA907, 0xA907, 0xA0E7,
    0xA0E7, 0x98E7, 0x98E7, 0x90C6, 0x90C6, 0x88C6, 0x88A6, 0x80A6, 0x80A6, 0x78A5, 0x7085, 0x7085, 0x6885, 0x6885, 0x6885, 0x6885,
    0x6085, 0x6085, 0x6044, 0x71C8, 0x5884, 0x9BCD, 0x9BEE, 0x4802, 0x5905, 0x5905, 0x5043, 0x4863, 0x4863, 0x4843, 0x4043, 0x4043,
    0x4043, 0x4043, 0x4043, 0x4043, 0x4043, 0x4043, 0x4043, 0x4043, 0x70C5, 0x70C5, 0x78C5, 0x78C5, 0x78E5, 0x78E5, 0x78E5, 0x7905,
    0x7905, 0x8126, 0x8926, 0x8946, 0x9166, 0x9987, 0x8A28, 0xA167, 0xAAEB, 0xBD32, 0xB229, 0xAAEB, 0xBA49, 0xC249, 0xC269, 0xCA8A,
    0xD2AA, 0xD2AA, 0xDACA, 0xDAEB, 0xE30B, 0xE32B, 0xE34B, 0xEB6C, 0xEB6C, 0xF38C, 0xF38C, 0xF38C, 0xF36C, 0xF36C, 0xF34C, 0xF34C,
    0xF32C, 0xF32C, 0xF30C, 0xF30C, 0xF2EC, 0xF2EB, 0xF2CB, 0xF2AB, 0xEAAB, 0xEA8B, 0xEA8B, 0xEA6B, 0xEA4B, 0xEA4B, 0xEA2A, 0xEA2A,
    0xE20A, 0xE1EA, 0xE1EA, 0xE1CA, 0xE1AA, 0xE1AA, 0xE189, 0xD989, 0xD969, 0xD969, 0xD169, 0xD169, 0xC949, 0xC949, 0xC948, 0xC148,
    0xC128, 0xB928, 0xB928, 0xB128, 0xB108, 0xA907, 0xA907, 0xA107, 0xA0E7, 0x98E7, 0x98E7, 0x90C6, 0x90C6, 0x88C6, 0x88C6, 0x80A6,
    0x80A6, 0x78A5, 0x7885, 0x7085, 0x7085, 0x6885, 0x6885, 0x6885, 0x6885, 0x6085, 0x6064, 0x6084, 0x71C8, 0x6084, 0xB4F1, 0x826A,
    0x4802, 0x5966, 0x50A4, 0x5043, 0x4863, 0x4843, 0x4843, 0x4043, 0x4043, 0x4043, 0x4043, 0x4043, 0x4043, 0x4043, 0x4043, 0x4043,
    0x70C5, 0x70C5, 0x78C5, 0x78C5, 0x78E5, 0x78E5, 0x78E5, 0x7905, 0x8105, 0x8926, 0x8946, 0x9146, 0x9947, 0x8A08, 0x99A7, 0xA9C8,
    0xBD32, 0xB2CB, 0xAA8A, 0xBA8A, 0xC229, 0xC249, 0xCA6A, 0xCA8A, 0xD2AA, 0xD2CA, 0xDAEB, 0xDAEB, 0xE30B, 0xE32B, 0xEB4C, 0xEB6C,
    0xEB8C, 0xF38C, 0xF38C, 0xF38C, 0xF36C, 0xF36C, 0xF36C, 0xF34C, 0xF34C, 0xF32C, 0xF30C, 0xF30C, 0xF2EC, 0xF2EB, 0xF2CB, 0xF2AB,
    0xEAAB, 0xEA8B, 0xEA8B, 0xEA6B, 0xEA4B, 0xEA4B, 0xEA2A, 0xEA2A, 0xE20A, 0xE1EA, 0xE1EA, 0xE1CA, 0xE1AA, 0xE1AA, 0xE189, 0xD989,
    0xD969, 0xD969, 0xD169, 0xD169, 0xC949, 0xC949, 0xC948, 0xC148, 0xC128, 0xB928, 0xB928, 0xB128, 0xB108, 0xB108, 0xA907, 0xA907,
    0xA0E7, 0xA0E7, 0x98E7, 0x98C7, 0x90C6, 0x90C6, 0x88C6, 0x80A6, 0x80A6, 0x78A5, 0x7885, 0x7085, 0x7085, 0x6885, 0x6885, 0x6885,
    0x6885, 0x6885, 0x6085, 0x6044, 0x68E5, 0x6987, 0x7147, 0xBD52, 0x60E5, 0x5064, 0x5946, 0x5043, 0x4863, 0x4863, 0x4843, 0x4043,
    0x4043, 0x4043, 0x4043, 0x4043, 0x4043, 0x4043, 0x4043, 0x4043, 0x70C5, 0x70C5, 0x78C5, 0x78C5, 0x78E5, 0x78E5, 0x78E5, 0x7905,
    0x8106, 0x8926, 0x9146, 0x9946, 0x91C7, 0x9208, 0xA146, 0xB44F, 0xBC0E, 0xAA08, 0xB2CA, 0xC208, 0xC249, 0xCA69, 0xCA6A, 0xD28A,
    0xD2AA, 0xDACA, 0xDAEB, 0xE30B, 0xE30B, 0xE32B, 0xEB4C, 0xEB6C, 0xF36C, 0xF38C, 0xF38C, 0xF38C, 0xF36C, 0xF36C, 0xF36C, 0xF34C,
    0xF34C, 0xF32C, 0xF30C, 0xF30C, 0xF2EC, 0xF2EB, 0xF2CB, 0xF2AB, 0xEAAB, 0xEA8B, 0xEA8B, 0xEA6B, 0xEA4B, 0xEA4B, 0xEA2A, 0xEA2A,
    0xE20A, 0xE1EA, 0xE1EA, 0xE1CA, 0xE1AA, 0xE1AA, 0xE189, 0xD989, 0xD969, 0xD969, 0xD169, 0xD169, 0xC949, 0xC949, 0xC148, 0xC148,
    0xC128, 0xB928, 0xB928, 0xB128, 0xB108, 0xB108, 0xA907, 0xA907, 0xA0E7, 0xA0E7, 0x98E7, 0x98C7, 0x90C6, 0x90C6, 0x88C6, 0x88A6,
    0x80A6, 0x78A6, 0x7885, 0x7085, 0x7085, 0x7085, 0x6885, 0x6885, 0x6885, 0x6885, 0x6085, 0x6085, 0x6044, 0x7187, 0x60C5, 0x930B,
    0xA44F, 0x5002, 0x5905, 0x5905, 0x5043, 0x4863, 0x4843, 0x4843, 0x4043, 0x4043, 0x4043, 0x4043, 0x4043, 0x4043, 0x4043, 0x4043,
    0x70C5, 0x70C5, 0x78C5, 0x78C5, 0x78E5, 0x78E5, 0x78E5, 0x8105, 0x8106, 0x8926, 0x9146, 0x9967, 0x8A08, 0xA147, 0xAAAA, 0xBD31,
    0xB208, 0xAACB, 0xBA09, 0xC229, 0xC249, 0xCA69, 0xCA8A, 0xD28A, 0xD2AA, 0xDACB, 0xDAEB, 0xE30B, 0xE30B, 0xEB2B, 0xEB4C, 0xEB6C,
    0xF36C, 0xF36C, 0xF38C, 0xF36C, 0xF36C, 0xF36C, 0xF34C, 0xF34C, 0xF32C, 0xF32C, 0xF30C, 0xF30C, 0xF2EC, 0xF2CB, 0xF2CB, 0xF2AB,
    0xEAAB, 0xEA8B, 0xEA6B, 0xEA6B, 0xEA4B, 0xEA4B, 0xEA2A, 0xEA0A, 0xE20A, 0xE1EA, 0xE1EA, 0xE1CA, 0xE1AA, 0xE1AA, 0xE189, 0xD989,
    0xD969, 0xD969, 0xD169, 0xD169, 0xC949, 0xC949, 0xC148, 0xC148, 0xC128, 0xB928, 0xB928, 0xB128, 0xB108, 0xB108, 0xA907, 0xA907,
    0xA0E7, 0xA0E7, 0x98E7, 0x98E7, 0x90C6, 0x90C6, 0x88C6, 0x88A6, 0x80A6, 0x80A6, 0x78A5, 0x7885, 0x7085, 0x7085, 0x7085, 0x6885,
    0x6885, 0x6885, 0x6885, 0x6085, 0x6084, 0x6064, 0x71C8, 0x6084, 0xB4D0, 0x7A29, 0x5003, 0x5966, 0x5084, 0x4843, 0x4863, 0x4843,
    0x4843, 0x4043, 0x4043, 0x4043, 0x4043, 0x4043, 0x4043, 0x4043, 0x70C5, 0x70C5, 0x78C5, 0x78C5, 0x78C5, 0x78E5, 0x78E5, 0x8105,
    0x8926, 0x8926, 0x9926, 0x89C8, 0x99C8, 0xA167, 0xBCF1, 0xB30B, 0xAA69, 0xB24A, 0xC209, 0xC229, 0xCA49, 0xCA6A, 0xD28A, 0xD28A,
    0xDAAA, 0xDACB, 0xE2EB, 0xE30B, 0xEB0B, 0xEB2B, 0xEB4C, 0xF34C, 0xF36C, 0xF36C, 0xF36C, 0xF36C, 0xFB6C, 0xFB6C, 0xFB4C, 0xF34C,
    0xF32C, 0xF32C, 0xF30C, 0xF2EC, 0xF2EC, 0xF2CB, 0xF2CB, 0xF2AB, 0xEAAB, 0xEA8B, 0xEA6B, 0xEA6B, 0xEA4B, 0xEA4A, 0xEA2A, 0xE20A,
    0xE20A, 0xE1EA, 0xE1EA, 0xE1CA, 0xE1AA, 0xE1AA, 0xE189, 0xD989, 0xD969, 0xD969, 0xD169, 0xD169, 0xC949, 0xC949, 0xC148, 0xC148,
    0xC128, 0xB928, 0xB928, 0xB128, 0xB108, 0xB108, 0xA907, 0xA907, 0xA0E7, 0xA0E7, 0x98E7, 0x98E7, 0x90C6, 0x90C6, 0x88C6, 0x88A6,
    0x80A6, 0x80A6, 0x78A5, 0x7885, 0x7085, 0x7085, 0x7085, 0x6885, 0x6885, 0x6885, 0x6885, 0x6885, 0x6085, 0x6064, 0x68E5, 0x6967,
    0x79A8, 0xB511, 0x5864, 0x58A5, 0x5925, 0x5043, 0x4863, 0x4863, 0x4843, 0x4043, 0x4043, 0x4043, 0x4043, 0x4043, 0x4043, 0x4043,
    0x70C5, 0x70C5, 0x78C5, 0x78C5, 0x78C5, 0x78E5, 0x80E5, 0x8106, 0x8926, 0x9126, 0x9167, 0x8A08, 0xA126, 0xAB4C, 0xBCB0, 0xA9E8,
    0xB2AA, 0xB9E8, 0xC229, 0xC229, 0xCA49, 0xCA6A, 0xD28A, 0xD28A, 0xDAAA, 0xDACB, 0xE2EB, 0xE2EB, 0xEB0B, 0xEB2C, 0xEB2C, 0xF34C,
    0xF34C, 0xF36C, 0xF36C, 0xF36C, 0xFB6C, 0xFB4C, 0xF34C, 0xF32C, 0xF32C, 0xF30C, 0xF30C, 0xF2EC, 0xF2EB, 0xF2CB, 0xF2CB, 0xEAAB,
    0xEA8B, 0xEA8B, 0xEA6B, 0xEA6B, 0xEA4B, 0xEA2A, 0xEA2A, 0xE20A, 0xE20A, 0xE1EA, 0xE1CA, 0xE1CA, 0xE1AA, 0xE1AA, 0xE189, 0xD989,
    0xD969, 0xD169, 0xD169, 0xD169, 0xC949, 0xC949, 0xC148, 0xC148, 0xC128, 0xB928, 0xB928, 0xB128, 0xB108, 0xA907, 0xA907, 0xA907,
    0xA0E7, 0xA0E7, 0x98E7, 0x98E7, 0x90C7, 0x90C6, 0x88C6, 0x88A6, 0x80A6, 0x80A6, 0x78A6, 0x7885, 0x7085, 0x7085, 0x7085, 0x7085,
    0x6885, 0x6885, 0x6885, 0x6885, 0x6885, 0x6085, 0x6044, 0x71A7, 0x60A5, 0xA3EE, 0x8B2C, 0x4802, 0x5946, 0x5084, 0x4843, 0x4863,
    0x4843, 0x4843, 0x4043, 0x4043, 0x4043, 0x4043, 0x4043, 0x4043, 0x70C5, 0x70C5, 0x78C5, 0x78C5, 0x78C5, 0x78E5, 0x80E5, 0x8906,
    0x8926, 0x9126, 0x89C8, 0x99A7, 0xA187, 0xBD11, 0xB28A, 0xAA6A, 0xBA09, 0xB9E9, 0xC209, 0xCA29, 0xCA49, 0xD26A, 0xD28A, 0xDA8A,
    0xDAAA, 0xE2CB, 0xE2EB, 0xE2EB, 0xEB0B, 0xEB2C, 0xEB2C, 0xF34C, 0xF34C, 0xF34C, 0xF34C, 0xF34C, 0xFB4C, 0xF34C, 0xF32C, 0xF32C,
    0xF32C, 0xF30C, 0xF2EC, 0xF2EC, 0xF2CB, 0xF2CB, 0xF2AB, 0xEAAB, 0xEA8B, 0xEA8B, 0xEA6B, 0xEA4B, 0xEA4B, 0xEA2A, 0xEA2A, 0xE20A,
    0xE1EA, 0xE1EA, 0xE1CA, 0xE1CA, 0xE1AA, 0xE18A, 0xE189, 0xD989, 0xD969, 0xD169, 0xD169, 0xD169, 0xC949, 0xC949, 0xC148, 0xC148,
    0xC128, 0xB928, 0xB928, 0xB128, 0xB108, 0xA907, 0xA907, 0xA907, 0xA0E7, 0xA0E7, 0x98E7, 0x98E7, 0x90C7, 0x90C6, 0x88C6, 0x88C6,
    0x80A6, 0x80A6, 0x78A6, 0x7885, 0x7085, 0x7085, 0x7085, 0x7085, 0x7085, 0x6885, 0x6885, 0x6885, 0x6885, 0x6085, 0x6064, 0x6085,
    0x71A7, 0x6926, 0xB511, 0x60C5, 0x5084, 0x5946, 0x5043, 0x4863, 0x4863, 0x4843, 0x4043, 0x4043, 0x4043, 0x4043, 0x4043, 0x4043,
    0x70C5, 0x70C5, 0x78C5, 0x78C5, 0x78C5, 0x78E5, 0x80E6, 0x8906, 0x9126, 0x9147, 0x89E8, 0xA106, 0xB38D, 0xBC4F, 0xA9C8, 0xB28A,
    0xB9C8, 0xC209, 0xC209, 0xCA29, 0xCA4A, 0xD26A, 0xD28A, 0xDA8A, 0xDAAB, 0xE2CB, 0xE2EB, 0xEAEB, 0xEB0B, 0xEB0C, 0xF32C, 0xF32C,
    0xF32C, 0xF34C, 0xF34C, 0xF34C, 0xF34C, 0xF32C, 0xF32C, 0xF32C, 0xF30C, 0xF30C, 0xF2EC, 0xF2EB, 0xF2CB, 0xF2CB, 0xEAAB, 0xEAAB,
    0xEA8B, 0xEA6B, 0xEA6B, 0xEA4B, 0xEA4B, 0xEA2A, 0xEA2A, 0xE20A, 0xE1EA, 0xE1EA, 0xE1CA, 0xE1CA, 0xE1AA, 0xE189, 0xD989, 0xD969,
    0xD969, 0xD169, 0xD169, 0xC969, 0xC949, 0xC948, 0xC148, 0xC148, 0xB928, 0xB928, 0xB928, 0xB128, 0xB108, 0xA907, 0xA907, 0xA907,
    0xA0E7, 0xA0E7, 0x98E7, 0x98E7, 0x90C7, 0x90C6, 0x90C6, 0x88C6, 0x88A6, 0x80A6, 0x78A6, 0x7885, 0x7085, 0x7085, 0x7085, 0x7085,
    0x7085, 0x6885, 0x6885, 0x6885, 0x6885, 0x6885, 0x6085, 0x6044, 0x7167, 0x60C5, 0x9B8D, 0x936D, 0x4802, 0x5946, 0x5084, 0x4843,
    0x4863, 0x4843, 0x4043, 0x4043, 0x4043, 0x4043, 0x4043, 0x4043, 0x70C5, 0x70C5, 0x70C5, 0x78C5, 0x78C5, 0x80E5, 0x88E6, 0x8906,
    0x9106, 0x89A7, 0x9187, 0xA167, 0xBD11, 0xB26A, 0xAA6A, 0xB9E9, 0xB9E8, 0xC209, 0xC209, 0xCA29, 0xD24A, 0xD26A, 0xDA6A, 0xDA8A,
    0xDAAB, 0xE2CB, 0xE2CB, 0xEAEB, 0xEAEB, 0xEB0C, 0xF30C, 0xF32C, 0xF32C, 0xF32C, 0xF32C, 0xF32C, 0xF32C, 0xF32C, 0xF30C, 0xF30C,
    0xF30C, 0xF2EC, 0xF2EB, 0xF2CB, 0xF2CB, 0xF2AB, 0xEAAB, 0xEA8B, 0xEA8B, 0xEA6B, 0xEA6B, 0xEA4B, 0xEA2A, 0xEA2A, 0xE20A, 0xE20A,
    0xE1EA, 0xE1EA, 0xE1CA, 0xE1AA, 0xE1AA, 0xE189, 0xD989, 0xD969, 0xD969, 0xD169, 0xD169, 0xC949, 0xC949, 0xC948, 0xC148, 0xC128,
    0xB928, 0xB928, 0xB928, 0xB108, 0xB108, 0xA907, 0xA907, 0xA0E7, 0xA0E7, 0xA0E7, 0x98E7, 0x98C7, 0x90C7, 0x90C6, 0x88C6, 0x88A6,
    0x88A6, 0x80A6, 0x78A6, 0x7885, 0x7885, 0x7085, 0x7085, 0x7085, 0x7085, 0x7085, 0x6885, 0x6885, 0x6885, 0x6885, 0x6085, 0x6064,
    0x6084, 0x71A7, 0x6926, 0xB511, 0x60A5, 0x58A4, 0x5925, 0x5043, 0x4863, 0x4843, 0x4843, 0x4043, 0x4043, 0x4043, 0x4043, 0x4043,
    0x70C5, 0x70C5, 0x70C5, 0x78C5, 0x78C5, 0x80E5, 0x88E6, 0x8906, 0x9126, 0x89E8, 0x9906, 0xAB2C, 0xBC70, 0xA9C8, 0xB26A, 0xB9A8,
    0xB9E9, 0xC1E9, 0xCA09, 0xCA29, 0xD24A, 0xD26A, 0xDA6A, 0xDA8A, 0xE2AB, 0xE2AB, 0xE2CB, 0xEACB, 0xEAEB, 0xEAEB, 0xF30C, 0xF30C,
    0xF30C, 0xF32C, 0xF32C, 0xF30C, 0xF30C, 0xF30C, 0xF30C, 0xF2EC, 0xF2EC, 0xF2EB, 0xF2CB, 0xF2CB, 0xF2AB, 0xEAAB, 0xEA8B, 0xEA8B,
    0xEA6B, 0xEA6B, 0xEA4B, 0xEA4B, 0xEA2A, 0xEA2A, 0xE20A, 0xE20A, 0xE1EA, 0xE1CA, 0xE1CA, 0xE1AA, 0xE1AA, 0xE189, 0xD989, 0xD969,
    0xD169, 0xD169, 0xD169, 0xC949, 0xC949, 0xC148, 0xC148, 0xC128, 0xB928, 0xB928, 0xB128, 0xB108, 0xB108, 0xA907, 0xA907, 0xA0E7,
    0xA0E7, 0xA0E7, 0x98E7, 0x98C7, 0x90C7, 0x90C6, 0x88C6, 0x88A6, 0x88A6, 0x80A6, 0x80A6, 0x7885, 0x7885, 0x7085, 0x7085, 0x7085,
    0x7085, 0x7085, 0x7085, 0x6885, 0x6885, 0x6885, 0x6885, 0x6085, 0x6044, 0x7167, 0x60C5, 0x9BCE, 0x8B0B, 0x4802, 0x5966, 0x5064,
    0x4843, 0x4863, 0x4843, 0x4043, 0x4043, 0x4043, 0x4043, 0x4043, 0x70C5, 0x70C5, 0x70C5, 0x78C5, 0x78C5, 0x80E5, 0x8906, 0x9106,
    0x8967, 0x91A8, 0xA126, 0xB4D0, 0xB2AB, 0xAA49, 0xB1E9, 0xB9C8, 0xC1E9, 0xC1E9, 0xCA09, 0xCA29, 0xD24A, 0xD24A, 0xDA6A, 0xDA8A,
    0xE28B, 0xE2AB, 0xEACB, 0xEACB, 0xEAEB, 0xEAEB, 0xF2EC, 0xF30C, 0xF30C, 0xF30C, 0xF30C, 0xF30C, 0xF30C, 0xF30C, 0xF2EC, 0xF2EC,
    0xF2EB, 0xF2CB, 0xF2CB, 0xF2AB, 0xEAAB, 0xEAAB, 0xEA8B, 0xEA8B, 0xEA6B, 0xEA6B, 0xEA4B, 0xEA4A, 0xEA2A, 0xE20A, 0xE20A, 0xE1EA,
    0xE1EA, 0xE1CA, 0xE1CA, 0xE1AA, 0xE189, 0xE189, 0xD989, 0xD969, 0xD169, 0xD169, 0xD169, 0xC949, 0xC949, 0xC148, 0xC148, 0xC128,
    0xB928, 0xB928, 0xB128, 0xB108, 0xB108, 0xA907, 0xA907, 0xA0E7, 0xA0E7, 0xA0E7, 0x98E7, 0x98C7, 0x90C6, 0x90C6, 0x88C6, 0x88A6,
    0x88A6, 0x80A6, 0x80A6, 0x7885, 0x7885, 0x7885, 0x7085, 0x7085, 0x7085, 0x7085, 0x7085, 0x6885, 0x6885, 0x6885, 0x6885, 0x6085,
    0x6064, 0x6085, 0x6987, 0x7187, 0xB4D1, 0x5844, 0x58E5, 0x58E5, 0x4843, 0x4863, 0x4843, 0x4843, 0x4043, 0x4043, 0x4043, 0x4043,
    0x70C5, 0x70C5, 0x70C5, 0x78C5, 0x78C5, 0x80E5, 0x8906, 0x9106, 0x89C8, 0x9906, 0xAA6A, 0xBCD0, 0xA9C8, 0xAA6A, 0xB988, 0xB9C8,
    0xC1E9, 0xC1E9, 0xCA09, 0xCA29, 0xD22A, 0xDA4A, 0xDA6A, 0xDA6A, 0xE28B, 0xE2AB, 0xEAAB, 0xEACB, 0xEACB, 0xEAEB, 0xF2EB, 0xF2EC,
    0xF2EC, 0xF2EC, 0xF2EC, 0xF2EC, 0xF2EC, 0xF2EC, 0xF2EB, 0xF2CB, 0xF2CB, 0xF2CB, 0xF2AB, 0xEAAB, 0xEAAB, 0xEA8B, 0xEA8B, 0xEA6B,
    0xEA6B, 0xEA4B, 0xEA4B, 0xEA2A, 0xEA2A, 0xE20A, 0xE20A, 0xE1EA, 0xE1CA, 0xE1CA, 0xE1AA, 0xE1AA, 0xE189, 0xD989, 0xD969, 0xD969,
    0xD169, 0xD169, 0xC969, 0xC949, 0xC948, 0xC148, 0xC148, 0xB928, 0xB928, 0xB928, 0xB128, 0xB108, 0xA907, 0xA907, 0xA907, 0xA0E7,
    0xA0E7, 0x98E7, 0x98E7, 0x98C7, 0x90C6, 0x90C6, 0x88C6, 0x88A6, 0x80A6, 0x80A6, 0x80A6, 0x7885, 0x7885, 0x7885, 0x7085, 0x7085,
    0x7085, 0x7085, 0x7085, 0x7085, 0x6885, 0x6885, 0x6885, 0x6885, 0x6085, 0x6044, 0x7187, 0x60C5, 0xAC6F, 0x7A29, 0x5023, 0x5946,
    0x5043, 0x4863, 0x4863, 0x4843, 0x4043, 0x4043, 0x4043, 0x4043, 0x70C5, 0x70C5, 0x70C5, 0x78C5, 0x80E5, 0x88E6, 0x88E6, 0x9126,
    0x89C8, 0xA0C6, 0xB42F, 0xB36D, 0xA9E9, 0xB1E9, 0xB988, 0xB9C8, 0xC1C9, 0xC9E9, 0xCA09, 0xD209, 0xD22A, 0xDA4A, 0xDA4A, 0xE26A,
    0xE28B, 0xE28B, 0xEAAB, 0xEAAB, 0xEACB, 0xEACB, 0xF2CB, 0xF2EB, 0xF2EB, 0xF2EB, 0xF2EB, 0xF2EB, 0xF2EB, 0xF2CB, 0xF2CB, 0xF2CB,
    0xF2CB, 0xF2AB, 0xEAAB, 0xEAAB, 0xEA8B, 0xEA8B, 0xEA6B, 0xEA6B, 0xEA4B, 0xEA4B, 0xEA2A, 0xEA2A, 0xE20A, 0xE20A, 0xE1EA, 0xE1EA,
    0xE1CA, 0xE1CA, 0xE1AA, 0xE1AA, 0xE189, 0xD989, 0xD969, 0xD169, 0xD169, 0xD169, 0xC949, 0xC949, 0xC948, 0xC148, 0xC128, 0xB928,
    0xB928, 0xB928, 0xB128, 0xB108, 0xA907, 0xA907, 0xA907, 0xA0E7, 0xA0E7, 0x98E7, 0x98E7, 0x98C7, 0x90C6, 0x90C6, 0x88C6, 0x88A6,
    0x80A6, 0x80A6, 0x78A6, 0x7885, 0x7885, 0x7885, 0x7885, 0x7085, 0x7085, 0x7085, 0x7085, 0x7085, 0x6885, 0x6885, 0x6885, 0x6885,
    0x6085, 0x6064, 0x68E5, 0x6946, 0x826A, 0xA42F, 0x5003, 0x5926, 0x50A4, 0x4843, 0x4863, 0x4843, 0x4043, 0x4043, 0x4043, 0x4043,
    0x70C5, 0x70C5, 0x70C5, 0x78C5, 0x80E5, 0x88E6, 0x90E6, 0x8967, 0x9167, 0xA167, 0xBCF1, 0xAA09, 0xAA4A, 0xB188, 0xB9A8, 0xC1C8,
    0xC1C9, 0xC9E9, 0xCA09, 0xD209, 0xD22A, 0xDA4A, 0xDA4A, 0xE26A, 0xE26B, 0xE28B, 0xEA8B, 0xEAAB, 0xEAAB, 0xEACB, 0xF2CB, 0xF2CB,
    0xF2CB, 0xF2CB, 0xF2CB, 0xF2CB, 0xF2CB, 0xF2CB, 0xF2CB, 0xF2AB, 0xEAAB, 0xEAAB, 0xEA8B, 0xEA8B, 0xEA8B, 0xEA6B, 0xEA6B, 0xEA4B,
    0xEA4B, 0xEA2A, 0xEA2A, 0xEA2A, 0xE20A, 0xE1EA, 0xE1EA, 0xE1CA, 0xE1CA, 0xE1AA, 0xE1AA, 0xE189, 0xD989, 0xD969, 0xD969, 0xD169,
    0xD169, 0xD169, 0xC949, 0xC949, 0xC148, 0xC148, 0xC128, 0xB928, 0xB928, 0xB128, 0xB108, 0xB108, 0xA907, 0xA907, 0xA0E7, 0xA0E7,
    0xA0E7, 0x98E7, 0x98E7, 0x90C7, 0x90C6, 0x90C6, 0x88A6, 0x88A6, 0x80A6, 0x80A6, 0x78A6, 0x7885, 0x7885, 0x7885, 0x7885, 0x7885,
    0x7085, 0x7085, 0x7085, 0x7085, 0x7085, 0x6885, 0x6885, 0x6885, 0x6885, 0x6085, 0x6064, 0x7187, 0x6906, 0xB4F1, 0x60E5, 0x50A4,
    0x5905, 0x5043, 0x4863, 0x4843, 0x4843, 0x4043, 0x4043, 0x4043, 0x70A5, 0x70C5, 0x70C5, 0x78C5, 0x80E5, 0x88E6, 0x90E6, 0x89A8,
    0x98E6, 0xAACB, 0xBC70, 0xA9A8, 0xAA29, 0xB968, 0xB9A8, 0xC1A8, 0xC1C9, 0xC9E9, 0xC9E9, 0xD209, 0xD22A, 0xDA2A, 0xDA4A, 0xE26A,
    0xE26A, 0xE28B, 0xEA8B, 0xEA8B, 0xEAAB, 0xEAAB, 0xF2AB, 0xF2AB, 0xF2CB, 0xF2CB, 0xF2CB, 0xF2AB, 0xF2AB, 0xF2AB, 0xEAAB, 0xEAAB,
    0xEAAB, 0xEA8B, 0xEA8B, 0xEA8B, 0xEA6B, 0xEA6B, 0xEA4B, 0xEA4B, 0xEA4A, 0xEA2A, 0xEA2A, 0xE20A, 0xE20A, 0xE1EA, 0xE1EA, 0xE1CA,
    0xE1CA, 0xE1AA, 0xE1AA, 0xE189, 0xD989, 0xD989, 0xD989, 0xD169, 0xD169, 0xC949, 0xC949, 0xC948, 0xC148, 0xC148, 0xB928, 0xB928,
    0xB928, 0xB128, 0xB108, 0xB107, 0xA907, 0xA907, 0xA0E7, 0xA0E7, 0xA0E7, 0x98E7, 0x98C7, 0x90C6, 0x90C6, 0x90C6, 0x88A6, 0x88A6,
    0x80A6, 0x80A6, 0x7886, 0x7886, 0x7885, 0x7885, 0x7885, 0x7885, 0x7085, 0x7085, 0x7085, 0x7085, 0x7085, 0x6885, 0x6885, 0x6885,
    0x6885, 0x6085, 0x6044, 0x6947, 0x60E5, 0xA3EE, 0x82AA, 0x5003, 0x5946, 0x5063, 0x4863, 0x4863, 0x4843, 0x4043, 0x4043, 0x4043,
    0x70A5, 0x70C5, 0x70C5, 0x78C5, 0x80E5, 0x88E6, 0x8906, 0x89A8, 0x98A5, 0xB42F, 0xB32C, 0xA1E9, 0xB1C8, 0xB968, 0xB988, 0xC1A8,
    0xC1C9, 0xC9C9, 0xC9E9, 0xD209, 0xD20A, 0xDA2A, 0xDA4A, 0xE24A, 0xE26A, 0xE26B, 0xEA6B, 0xEA8B, 0xEA8B, 0xEAAB, 0xEAAB, 0xEAAB,
    0xEAAB, 0xEAAB, 0xEAAB, 0xEAAB, 0xEAAB, 0xEAAB, 0xEA8B, 0xEA8B, 0xEA8B, 0xEA8B, 0xEA6B, 0xEA6B, 0xEA6B, 0xEA4B, 0xEA4B, 0xEA4A,
    0xEA2A, 0xEA2A, 0xE20A, 0xE20A, 0xE1EA, 0xE1EA, 0xE1CA, 0xE1CA, 0xE1AA, 0xE1AA, 0xE189, 0xD989, 0xD989, 0xD969, 0xD128, 0xD149,
    0xD169, 0xC949, 0xC949, 0xC148, 0xC148, 0xC128, 0xB928, 0xB928, 0xB928, 0xB128, 0xB108, 0xA907, 0xA907, 0xA907, 0xA0E7, 0xA0E7,
    0x98E7, 0x98E7, 0x98C7, 0x90C6, 0x90C6, 0x88C6, 0x88A6, 0x88A6, 0x80A6, 0x80A6, 0x7886, 0x7886, 0x7885, 0x7885, 0x7885, 0x7885,
    0x7085, 0x7085, 0x7085, 0x7085, 0x7085, 0x6885, 0x6885, 0x6885, 0x6885, 0x6085, 0x6064, 0x60C5, 0x6946, 0x8249, 0xA44F, 0x5003,
    0x5926, 0x50A4, 0x4843, 0x4863, 0x4843, 0x4043, 0x4043, 0x4043, 0x68A4, 0x70A5, 0x70C5, 0x78C5, 0x80E5, 0x88C5, 0x8967, 0x9167,
    0xA127, 0xBCF1, 0xAA09, 0xAA29, 0xB168, 0xB988, 0xB988, 0xC1A8, 0xC1A9, 0xC9C9, 0xC9E9, 0xD1E9, 0xD20A, 0xDA2A, 0xDA2A, 0xE24A,
    0xE24A, 0xE26B, 0xEA6B, 0xEA6B, 0xEA8B, 0xEA8B, 0xEA8B, 0xEA8B, 0xEA8B, 0xEA8B, 0xEA8B, 0xEA8B, 0xEA8B, 0xEA8B, 0xEA8B, 0xEA8B,
    0xEA6B, 0xEA6B, 0xEA6B, 0xEA6B, 0xEA4B, 0xEA4B, 0xEA2A, 0xEA2A, 0xEA2A, 0xE20A, 0xE20A, 0xE1EA, 0xE1EA, 0xE1CA, 0xE1CA, 0xE1AA,
    0xE1AA, 0xE189, 0xE189, 0xD98A, 0xD128, 0xD1CA, 0xDACD, 0xD1AA, 0xC948, 0xC949, 0xC948, 0xC148, 0xC148, 0xC128, 0xB928, 0xB928,
    0xB128, 0xB108, 0xB108, 0xA907, 0xA907, 0xA0E7, 0xA0E7, 0xA0E7, 0x98E7, 0x98E7, 0x90C7, 0x90C6, 0x90C6, 0x88C6, 0x88A6, 0x80A6,
    0x80A6, 0x80A6, 0x7886, 0x7886, 0x7886, 0x7885, 0x7885, 0x7885, 0x7885, 0x7085, 0x7085, 0x7085, 0x7085, 0x7085, 0x6885, 0x6885,
    0x6885, 0x6085, 0x6085, 0x6064, 0x7187, 0x6926, 0xB4D0, 0x60A5, 0x58C5, 0x5905, 0x4843, 0x4863, 0x4843, 0x4843, 0x4043, 0x4043,
    0x68A4, 0x70A5, 0x70C5, 0x78C5, 0x80E5, 0x88C5, 0x8987, 0x9106, 0xA229, 0xBCB0, 0xA988, 0xAA09, 0xB147, 0xB968, 0xB988, 0xC1A8,
    0xC1A9, 0xC9C9, 0xD1E9, 0xD1E9, 0xD20A, 0xDA0A, 0xDA2A, 0xE22A, 0xE24A, 0xE24A, 0xEA4B, 0xEA6B, 0xEA6B, 0xEA6B, 0xEA8B, 0xEA8B,
    0xEA8B, 0xEA8B, 0xEA8B, 0xEA8B, 0xEA8B, 0xEA6B, 0xEA6B, 0xEA6B, 0xEA6B, 0xEA6B, 0xEA4B, 0xEA4B, 0xEA4B, 0xEA2A, 0xEA2A, 0xEA2A,
    0xE20A, 0xE20A, 0xE1EA, 0xE1EA, 0xE1CA, 0xE1CA, 0xE1CA, 0xE1AA, 0xE1AA, 0xE18A, 0xE1AA, 0xC8E8, 0xCA6B, 0xF6B7, 0xFFDA, 0xCAED,
    0xC0E7, 0xC969, 0xC148, 0xC148, 0xC128, 0xB928, 0xB928, 0xB928, 0xB128, 0xB108, 0xA907, 0xA907, 0xA907, 0xA0E7, 0xA0E7, 0xA0E7,
    0x98E7, 0x98C7, 0x90C7, 0x90C6, 0x90C6, 0x88A6, 0x88A6, 0x80A6, 0x80A6, 0x8086, 0x7886, 0x7886, 0x7886, 0x7885, 0x7885, 0x7885,
    0x7885, 0x7085, 0x7085, 0x7085, 0x7085, 0x7085, 0x6885, 0x6885, 0x6885, 0x6885, 0x6085, 0x6044, 0x7167, 0x60E5, 0xAC4F, 0x7A09,
    0x5043, 0x5946, 0x5043, 0x4863, 0x4843, 0x4843, 0x4043, 0x4043, 0x68A4, 0x68A5, 0x70C5, 0x78C5, 0x80E5, 0x88E6, 0x81A7, 0x90A5,
    0xAB6D, 0xB3CE, 0xA1A8, 0xA9C9, 0xB127, 0xB968, 0xB988, 0xC188, 0xC9A9, 0xC9A9, 0xD1C9, 0xD1E9, 0xD9EA, 0xDA0A, 0xDA0A, 0xE22A,
    0xE22A, 0xE24A, 0xEA4B, 0xEA4B, 0xEA6B, 0xEA6B, 0xEA6B, 0xEA6B, 0xEA6B, 0xEA6B, 0xEA6B, 0xEA6B, 0xEA6B, 0xEA6B, 0xEA6B, 0xEA6B,
    0xEA4B, 0xEA4B, 0xEA4B, 0xEA4A, 0xEA2A, 0xEA2A, 0xEA2A, 0xE20A, 0xE20A, 0xE1EA, 0xE1EA, 0xE1EA, 0xE1CA, 0xE1CA, 0xE1AA, 0xE1AA,
    0xE1AA, 0xD969, 0xC8E7, 0xD34D, 0xFF38, 0xFF79, 0xFF99, 0xC2EC, 0xB8E7, 0xC969, 0xC148, 0xC148, 0xC128, 0xB928, 0xB928, 0xB128,
    0xB108, 0xB108, 0xA907, 0xA907, 0xA907, 0xA0E7, 0xA0E7, 0x98E7, 0x98E7, 0x98C7, 0x90C6, 0x90C6, 0x88C6, 0x88A6, 0x88A6, 0x80A6,
    0x80A6, 0x7886, 0x7886, 0x7886, 0x7886, 0x7886, 0x7885, 0x7885, 0x7885, 0x7885, 0x7085, 0x7085, 0x7085, 0x7085, 0x6885, 0x6885,
    0x6885, 0x6885, 0x6085, 0x6064, 0x68E6, 0x6926, 0x932C, 0x938D, 0x4802, 0x5946, 0x5064, 0x4863, 0x4863, 0x4843, 0x4043, 0x4043,
    0x68A4, 0x68A5, 0x70C5, 0x78C5, 0x80C5, 0x8906, 0x81A7, 0x90A5, 0xB44F, 0xB2CB, 0xA1C9, 0xB168, 0xB148, 0xB968, 0xB968, 0xC188,
    0xC9A9, 0xC9A9, 0xD1C9, 0xD1C9, 0xD9E9, 0xD9EA, 0xDA0A, 0xE20A, 0xE22A, 0xE22A, 0xEA2A, 0xEA4B, 0xEA4B, 0xEA4B, 0xEA4B, 0xEA4B,
    0xEA4B, 0xEA4B, 0xEA4B, 0xEA4B, 0xEA4B, 0xEA4B, 0xEA4B, 0xEA4B, 0xEA4B, 0xEA4A, 0xEA2A, 0xEA2A, 0xEA2A, 0xE20A, 0xE20A, 0xE20A,
    0xE1EA, 0xE1EA, 0xE1CA, 0xE1CA, 0xE1CA, 0xE1AA, 0xE1AA, 0xE1AA, 0xD108, 0xD1A9, 0xE4F2, 0xFF99, 0xFF79, 0xFF38, 0xFF9A, 0xC2CC,
    0xB8E7, 0xC969, 0xC148, 0xC128, 0xB928, 0xB928, 0xB928, 0xB128, 0xB108, 0xB108, 0xA907, 0xA907, 0xA0E7, 0xA0E7, 0xA0E7, 0x98E7,
    0x98E7, 0x90C7, 0x90C6, 0x90C6, 0x88C6, 0x88A6, 0x80A6, 0x80A6, 0x80A6, 0x7886, 0x7886, 0x7886, 0x7886, 0x7886, 0x7885, 0x7885,
    0x7885, 0x7885, 0x7085, 0x7085, 0x7085, 0x7085, 0x7085, 0x6885, 0x6885, 0x6885, 0x6085, 0x6064, 0x6085, 0x6967, 0x7A09, 0xAC6F,
    0x5003, 0x5926, 0x50A4, 0x4843, 0x4863, 0x4843, 0x4043, 0x4043, 0x68A4, 0x68A5, 0x70C5, 0x78C5, 0x80C5, 0x8146, 0x8967, 0x9906,
    0xB4D0, 0xAA09, 0xA209, 0xB127, 0xB148, 0xB948, 0xC168, 0xC188, 0xC989, 0xC9A9, 0xD1A9, 0xD1C9, 0xD9C9, 0xD9EA, 0xD9EA, 0xE20A,
    0xE20A, 0xE22A, 0xE22A, 0xEA2A, 0xEA2A, 0xEA4A, 0xEA4B, 0xEA4B, 0xEA4B, 0xEA4B, 0xEA4B, 0xEA4B, 0xEA4B, 0xEA4A, 0xEA2A, 0xEA2A,
    0xEA2A, 0xEA2A, 0xEA2A, 0xE20A, 0xE20A, 0xE20A, 0xE1EA, 0xE1EA, 0xE1EA, 0xE1CA, 0xE1CA, 0xE1CA, 0xE1AA, 0xE1AA, 0xD949, 0xD128,
    0xE38E, 0xE533, 0xE5F5, 0xFF79, 0xFF38, 0xFF39, 0xFF9A, 0xBACC, 0xB8E7, 0xC149, 0xC148, 0xC128, 0xB928, 0xB928, 0xB128, 0xB108,
    0xB108, 0xA907, 0xA907, 0xA907, 0xA0E7, 0xA0E7, 0x98E7, 0x98E7, 0x98C7, 0x90C6, 0x90C6, 0x90C6, 0x88A6, 0x88A6, 0x80A6, 0x80A6,
    0x80A6, 0x7886, 0x7886, 0x7886, 0x7886, 0x7886, 0x7885, 0x7885, 0x7885, 0x7885, 0x7085, 0x7085, 0x7085, 0x7085, 0x7085, 0x6885,
    0x6885, 0x6885, 0x6885, 0x6085, 0x6064, 0x7187, 0x6946, 0xB4D0, 0x58A5, 0x58C5, 0x58E5, 0x4843, 0x4863, 0x4843, 0x4043, 0x4043,
    0x68A4, 0x68A4, 0x70C5, 0x78C5, 0x80C5, 0x8167, 0x8926, 0x99A8, 0xBCB0, 0xA188, 0xA1E9, 0xB107, 0xB148, 0xB948, 0xC168, 0xC168,
    0xC989, 0xC989, 0xD1A9, 0xD1A9, 0xD9C9, 0xD9EA, 0xD9EA, 0xE1EA, 0xE20A, 0xE20A, 0xE20A, 0xEA2A, 0xEA2A, 0xEA2A, 0xEA2A, 0xEA2A,
    0xEA2A, 0xEA2A, 0xEA2A, 0xEA2A, 0xEA2A, 0xEA2A, 0xEA2A, 0xEA2A, 0xEA2A, 0xE20A, 0xE20A, 0xE20A, 0xE20A, 0xE1EA, 0xE1EA, 0xE1EA,
    0xE1CA, 0xE1CA, 0xE1CA, 0xE1AA, 0xE1AA, 0xD928, 0xDAAC, 0xED13, 0xDC71, 0xA8E7, 0xC3AE, 0xFFDA, 0xFF38, 0xFF39, 0xFF9A, 0xBACC,
    0xB8C7, 0xC149, 0xC128, 0xB928, 0xB928, 0xB928, 0xB128, 0xB108, 0xA907, 0xA907, 0xA907, 0xA0E7, 0xA0E7, 0xA0E7, 0x98E7, 0x98E7,
    0x98C7, 0x90C6, 0x90C6, 0x88C6, 0x88A6, 0x88A6, 0x80A6, 0x80A6, 0x7886, 0x7886, 0x7886, 0x7886, 0x7886, 0x7886, 0x7885, 0x7885,
    0x7885, 0x7885, 0x7085, 0x7085, 0x7085, 0x7085, 0x7085, 0x6885, 0x6885, 0x6885, 0x6885, 0x6085, 0x6044, 0x7167, 0x60E5, 0xAC70,
    0x6987, 0x5064, 0x5925, 0x5043, 0x4863, 0x4843, 0x4843, 0x4043, 0x68A4, 0x68A5, 0x70C5, 0x78C5, 0x80C5, 0x8187, 0x88C6, 0xA26A,
    0xB44F, 0x9968, 0xA9C9, 0xB107, 0xB148, 0xB948, 0xC148, 0xC168, 0xC969, 0xC989, 0xD1A9, 0xD1A9, 0xD1C9, 0xD9C9, 0xD9EA, 0xE1EA,
    0xE1EA, 0xE1EA, 0xE20A, 0xE20A, 0xE20A, 0xE20A, 0xEA0A, 0xEA2A, 0xEA2A, 0xEA2A, 0xEA2A, 0xEA2A, 0xEA2A, 0xE20A, 0xE20A, 0xE20A,
    0xE20A, 0xE20A, 0xE20A, 0xE1EA, 0xE1EA, 0xE1EA, 0xE1CA, 0xE1CA, 0xE1CA, 0xE1AA, 0xE1AA, 0xE1AA, 0xD969, 0xE410, 0xE4F2, 0xC22A,
    0xB8E7, 0xB0A6, 0xD430, 0xFFBA, 0xFF38, 0xFF39, 0xFF9A, 0xBACC, 0xB0C7, 0xC148, 0xB928, 0xB928, 0xB928, 0xB128, 0xB108, 0xB108,
    0xA907, 0xA907, 0xA907, 0xA0E7, 0xA0E7, 0x98E7, 0x98E7, 0x98C7, 0x90C7, 0x90C6, 0x90C6, 0x88A6, 0x88A6, 0x80A6, 0x80A6, 0x80A6,
    0x7886, 0x7886, 0x7886, 0x7886, 0x7886, 0x7886, 0x7886, 0x7885, 0x7885, 0x7885, 0x7885, 0x7085, 0x7085, 0x7085, 0x7085, 0x6885,
    0x6885, 0x6885, 0x6885, 0x6085, 0x6044, 0x6926, 0x60E5, 0xA3EE, 0x828A, 0x5023, 0x5946, 0x5043, 0x4863, 0x4843, 0x4843, 0x4043,
    0x68A4, 0x68A4, 0x70C5, 0x78C5, 0x80C5, 0x81A7, 0x88A5, 0xA32C, 0xB3CE, 0x9988, 0xA9A8, 0xA907, 0xB128, 0xB948, 0xC148, 0xC168,
    0xC968, 0xC989, 0xD189, 0xD1A9, 0xD1A9, 0xD9C9, 0xD9CA, 0xE1CA, 0xE1EA, 0xE1EA, 0xE1EA, 0xE20A, 0xE20A, 0xE20A, 0xE20A, 0xE20A,
    0xE20A, 0xE20A, 0xE20A, 0xE20A, 0xE20A, 0xE20A, 0xE20A, 0xE20A, 0xE1EA, 0xE1EA, 0xE1EA, 0xE1EA, 0xE1CA, 0xE1CA, 0xE1CA, 0xE1CA,
    0xE1AA, 0xE1AA, 0xE1AA, 0xE189, 0xD969, 0xD22B, 0xC107, 0xC108, 0xD189, 0xB8E7, 0xD410, 0xFFBA, 0xFF38, 0xFF39, 0xFF9A, 0xBACC,
    0xB0C7, 0xC148, 0xB928, 0xB928, 0xB128, 0xB128, 0xB108, 0xA907, 0xA907, 0xA907, 0xA0E7, 0xA0E7, 0xA0E7, 0x98E7, 0x98E7, 0x98C7,
    0x90C6, 0x90C6, 0x88C6, 0x88A6, 0x88A6, 0x80A6, 0x80A6, 0x8086, 0x7886, 0x7886, 0x7886, 0x7886, 0x7886, 0x7886, 0x7886, 0x7885,
    0x7885, 0x7885, 0x7885, 0x7085, 0x7085, 0x7085, 0x7085, 0x7085, 0x6885, 0x6885, 0x6885, 0x6085, 0x6064, 0x68E6, 0x6106, 0x932C,
    0x934C, 0x4803, 0x5946, 0x5063, 0x4863, 0x4843, 0x4843, 0x4043, 0x68A4, 0x68A4, 0x70C5, 0x78C5, 0x80C5, 0x81A7, 0x8885, 0xABCE,
    0xAB2C, 0x99A8, 0xA168, 0xA907, 0xB127, 0xB928, 0xB948, 0xC148, 0xC968, 0xC969, 0xD189, 0xD189, 0xD1A9, 0xD9A9, 0xD9A9, 0xD9CA,
    0xE1CA, 0xE1EA, 0xE1EA, 0xE1EA, 0xE1EA, 0xE1EA, 0xE1EA, 0xE1EA, 0xE1EA, 0xE1EA, 0xE1EA, 0xE1EA, 0xE1EA, 0xE1EA, 0xE1EA, 0xE1EA,
    0xE1EA, 0xE1EA, 0xE1CA, 0xE1CA, 0xE1CA, 0xE1CA, 0xE1AA, 0xE1AA, 0xE1AA, 0xE189, 0xE189, 0xD989, 0xD969, 0xD128, 0xD169, 0xD169,
    0xD189, 0xB8C7, 0xCC0F, 0xFFBA, 0xFF38, 0xFF39, 0xFF9A, 0xBACC, 0xB0C7, 0xC148, 0xB928, 0xB928, 0xB128, 0xB108, 0xB108, 0xA907,
    0xA907, 0xA907, 0xA0E7, 0xA0E7, 0x98E7, 0x98E7, 0x98C7, 0x90C6, 0x90C6, 0x90C6, 0x88C6, 0x88A6, 0x80A6, 0x80A6, 0x80A6, 0x7886,
    0x7886, 0x7886, 0x7886, 0x7886, 0x7886, 0x7886, 0x7886, 0x7885, 0x7885, 0x7885, 0x7885, 0x7085, 0x7085, 0x7085, 0x7085, 0x7085,
    0x6885, 0x6885, 0x6885, 0x6085, 0x6064, 0x60A5, 0x6946, 0x828A, 0x9BEE, 0x5003, 0x5946, 0x5064, 0x4843, 0x4863, 0x4843, 0x4043,
    0x60A4, 0x68A4, 0x70A5, 0x78C5, 0x78E5, 0x8187, 0x8885, 0xAC2F, 0xAAAB, 0x99C8, 0xA147, 0xA927, 0xB127, 0xB128, 0xB948, 0xC148,
    0xC148, 0xC969, 0xC969, 0xD189, 0xD189, 0xD9A9, 0xD9A9, 0xD9A9, 0xE1CA, 0xE1CA, 0xE1CA, 0xE1CA, 0xE1CA, 0xE1EA, 0xE1EA, 0xE1EA,
    0xE1EA, 0xE1EA, 0xE1EA, 0xE1EA, 0xE1EA, 0xE1EA, 0xE1CA, 0xE1CA, 0xE1CA, 0xE1CA, 0xE1CA, 0xE1CA, 0xE1AA, 0xE1AA, 0xE1AA, 0xE1AA,
    0xE189, 0xE189, 0xD989, 0xD989, 0xD969, 0xD969, 0xD169, 0xD169, 0xD189, 0xB8C7, 0xCC0F, 0xFFDA, 0xFF38, 0xFF39, 0xFF9A, 0xBACC,
    0xB0C7, 0xB948, 0xB928, 0xB128, 0xB108, 0xB108, 0xA907, 0xA907, 0xA907, 0xA0E7, 0xA0E7, 0xA0E7, 0x98E7, 0x98E7, 0x98C7, 0x90C6,
    0x90C6, 0x88C6, 0x88A6, 0x88A6, 0x80A6, 0x80A6, 0x8086, 0x7886, 0x7886, 0x7886, 0x7886, 0x7886, 0x7886, 0x7886, 0x7886, 0x7885,
    0x7885, 0x7885, 0x7885, 0x7085, 0x7085, 0x7085, 0x7085, 0x7085, 0x6885, 0x6885, 0x6885, 0x6885, 0x6064, 0x6085, 0x6967, 0x7A09,
    0xA44F, 0x5003, 0x5926, 0x5084, 0x4843, 0x4863, 0x4843, 0x4043, 0x60A4, 0x68A4, 0x70A5, 0x78A5, 0x7906, 0x7987, 0x88A5, 0xB490,
    0xA24A, 0x99C8, 0xA127, 0xA927, 0xB127, 0xB128, 0xB948, 0xC148, 0xC148, 0xC968, 0xC969, 0xD169, 0xD189, 0xD989, 0xD989, 0xD9A9,
    0xD9AA, 0xE1AA, 0xE1CA, 0xE1CA, 0xE1CA, 0xE1CA, 0xE1CA, 0xE1CA, 0xE1CA, 0xE1CA, 0xE1CA, 0xE1CA, 0xE1CA, 0xE1CA, 0xE1CA, 0xE1CA,
    0xE1CA, 0xE1AA, 0xE1AA, 0xE1AA, 0xE1AA, 0xE1AA, 0xE189, 0xE189, 0xD989, 0xD989, 0xD969, 0xD969, 0xD969, 0xD169, 0xD169, 0xD169,
    0xD169, 0xB8C7, 0xCC0F, 0xFFDA, 0xFF38, 0xFF38, 0xFF9A, 0xBACC, 0xA8C7, 0xB948, 0xB128, 0xB108, 0xB108, 0xA907, 0xA907, 0xA907,
    0xA0E7, 0xA0E7, 0xA0E7, 0x98E7, 0x98E7, 0x98C7, 0x90C7, 0x90C6, 0x90C6, 0x88C6, 0x88A6, 0x88A6, 0x80A6, 0x80A6, 0x7886, 0x7886,
    0x7886, 0x7886, 0x7886, 0x7886, 0x7886, 0x7886, 0x7886, 0x7886, 0x7885, 0x7885, 0x7885, 0x7085, 0x7085, 0x7085, 0x7085, 0x7085,
    0x6885, 0x6885, 0x6885, 0x6885, 0x6084, 0x6064, 0x6967, 0x71A8, 0xAC90, 0x5043, 0x5905, 0x50A4, 0x4843, 0x4863, 0x4843, 0x4043,
    0x60A4, 0x68A4, 0x70A5, 0x78A5, 0x7906, 0x7967, 0x88C5, 0xB4B0, 0xA209, 0x99C9, 0xA107, 0xA927, 0xA927, 0xB128, 0xB948, 0xB948,
    0xC148, 0xC948, 0xC969, 0xD169, 0xD169, 0xD969, 0xD989, 0xD989, 0xD989, 0xE1AA, 0xE1AA, 0xE1AA, 0xE1AA, 0xE1AA, 0xE1AA, 0xE1AA,
    0xE1CA, 0xE1CA, 0xE1CA, 0xE1CA, 0xE1AA, 0xE1AA, 0xE1AA, 0xE1AA, 0xE1AA, 0xE1AA, 0xE1AA, 0xE18A, 0xE189, 0xE189, 0xD989, 0xD989,
    0xD989, 0xD969, 0xD969, 0xD169, 0xD169, 0xD169, 0xD169, 0xC969, 0xC969, 0xB0C7, 0xCC0F, 0xFFDA, 0xFF38, 0xFF38, 0xFF9A, 0xB2CC,
    0xA8C6, 0xB928, 0xB108, 0xB108, 0xB107, 0xA907, 0xA907, 0xA8E7, 0xA0E7, 0xA0E7, 0x98E7, 0x98E7, 0x98C7, 0x90C7, 0x90C6, 0x90C6,
    0x88C6, 0x88A6, 0x88A6, 0x80A6, 0x80A6, 0x8086, 0x7886, 0x7886, 0x7886, 0x7886, 0x7886, 0x7886, 0x7886, 0x7886, 0x7886, 0x7886,
    0x7885, 0x7885, 0x7885, 0x7085, 0x7085, 0x7085, 0x7085, 0x7085, 0x6885, 0x6885, 0x6885, 0x6885, 0x6085, 0x6064, 0x7167, 0x7167,
    0xACB0, 0x5864, 0x58E5, 0x50C5, 0x4843, 0x4863, 0x4843, 0x4043, 0x60A4, 0x68A4, 0x70A5, 0x70A5, 0x7906, 0x7947, 0x88C6, 0xB4B0,
    0x99E9, 0x99C9, 0xA107, 0xA107, 0xA927, 0xB127, 0xB127, 0xB948, 0xC148, 0xC148, 0xC948, 0xC969, 0xD169, 0xD169, 0xD969, 0xD989,
    0xD989, 0xD989, 0xE189, 0xE1AA, 0xE1AA, 0xE1AA, 0xE1AA, 0xE1AA, 0xE1AA, 0xE1AA, 0xE1AA, 0xE1AA, 0xE1AA, 0xE1AA, 0xE1AA, 0xE1AA,
    0xE189, 0xE189, 0xE189, 0xE189, 0xD989, 0xD989, 0xD989, 0xD969, 0xD969, 0xD969, 0xD169, 0xD169, 0xD169, 0xD169, 0xC949, 0xC949,
    0xC969, 0xB0C6, 0xCC0F, 0xFFDA, 0xFF38, 0xFF38, 0xFF9A, 0xB2CC, 0xA8A6, 0xB128, 0xB108, 0xB108, 0xA907, 0xA907, 0xA907, 0xA0E7,
    0xA0E7, 0xA0E7, 0x98E7, 0x98E7, 0x98C7, 0x90C6, 0x90C6, 0x90C6, 0x88A6, 0x88A6, 0x80A6, 0x80A6, 0x80A6, 0x7886, 0x7886, 0x7886,
    0x7886, 0x7886, 0x7886, 0x7886, 0x7886, 0x7886, 0x7886, 0x7886, 0x7885, 0x7885, 0x7885, 0x7885, 0x7085, 0x7085, 0x7085, 0x7085,
    0x7085, 0x6865, 0x6865, 0x6885, 0x6085, 0x6044, 0x7167, 0x6946, 0xACB0, 0x58A4, 0x58E5, 0x50C5, 0x4843, 0x4863, 0x4843, 0x4043,
    0x6084, 0x68A4, 0x68A5, 0x70A5, 0x7926, 0x7946, 0x8906, 0xB4D0, 0x99C8, 0x99C9, 0x98E6, 0xA127, 0xA0C6, 0xB168, 0xB9C9, 0xB0E7,
    0xB948, 0xC148, 0xC148, 0xC949, 0xC969, 0xD169, 0xD169, 0xD969, 0xD989, 0xD989, 0xE189, 0xE189, 0xE189, 0xE189, 0xE189, 0xE189,
    0xE189, 0xE189, 0xE189, 0xE189, 0xE189, 0xE189, 0xE189, 0xE189, 0xD989, 0xD989, 0xD989, 0xD989, 0xD969, 0xD969, 0xD969, 0xD969,
    0xD169, 0xD169, 0xD169, 0xD169, 0xD169, 0xC949, 0xC949, 0xC949, 0xC969, 0xB0A6, 0xCC0F, 0xFFDA, 0xFF38, 0xFF38, 0xFF9A, 0xB2CC,
    0xA0A6, 0xB128, 0xB108, 0xA907, 0xA907, 0xA907, 0xA0E7, 0xA0E7, 0xA0E7, 0x98E7, 0x98E7, 0x98C7, 0x90C7, 0x90C6, 0x90C6, 0x88C6,
    0x88A6, 0x88A6, 0x80A6, 0x80A6, 0x8086, 0x7886, 0x7886, 0x7886, 0x7886, 0x7886, 0x7886, 0x7886, 0x7886, 0x7886, 0x7886, 0x7886,
    0x7885, 0x7885, 0x7885, 0x7885, 0x7085, 0x7085, 0x7085, 0x7085, 0x6824, 0x7106, 0x70E6, 0x6024, 0x6085, 0x6044, 0x7167, 0x6926,
    0xACB0, 0x60E5, 0x58C5, 0x58E5, 0x4843, 0x4863, 0x4843, 0x4043, 0x6084, 0x68A4, 0x68A5, 0x70A5, 0x7926, 0x7926, 0x8906, 0xB4D0,
    0x99A8, 0x99C8, 0x98E6, 0xA107, 0xA948, 0xCCB1, 0xD553, 0xB9C9, 0xB928, 0xC148, 0xC148, 0xC948, 0xC969, 0xD169, 0xD169, 0xD169,
    0xD969, 0xD969, 0xD989, 0xD989, 0xD989, 0xD989, 0xD989, 0xD989, 0xD989, 0xD989, 0xD989, 0xD989, 0xD989, 0xD989, 0xD989, 0xD989,
    0xD969, 0xD969, 0xD969, 0xD969, 0xD969, 0xD969, 0xD169, 0xD169, 0xD169, 0xD169, 0xD169, 0xC969, 0xC949, 0xC949, 0xC949, 0xC148,
    0xC169, 0xA8A6, 0xCC0F, 0xFFDA, 0xFF38, 0xFF38, 0xFF9A, 0xB2AC, 0xA0A6, 0xB128, 0xA907, 0xA907, 0xA907, 0xA0E7, 0xA0E7, 0xA0E7,
    0x98E7, 0x98E7, 0x98C7, 0x90C7, 0x90C6, 0x90C6, 0x88C6, 0x88A6, 0x88A6, 0x80A6, 0x80A6, 0x80A6, 0x7886, 0x7886, 0x7886, 0x7886,
    0x7886, 0x7886, 0x7886, 0x7886, 0x7886, 0x7886, 0x7886, 0x7886, 0x7885, 0x7885, 0x7885, 0x7885, 0x7085, 0x7085, 0x7085, 0x6865,
    0x7906, 0xC532, 0xBCB1, 0x68E6, 0x6064, 0x6044, 0x7167, 0x6926, 0xACB0, 0x60E5, 0x58C5, 0x58E5, 0x4843, 0x4863, 0x4843, 0x4043,
    0x6084, 0x60A4, 0x68A4, 0x70A5, 0x7126, 0x7926, 0x8906, 0xB4D0, 0x91A8, 0x91C8, 0x98E6, 0xA107, 0xA948, 0xCCD1, 0xD573, 0xB9C9,
    0xB928, 0xB948, 0xC148, 0xC148, 0xC948, 0xC949, 0xD169, 0xD169, 0xD169, 0xD969, 0xD969, 0xD969, 0xD969, 0xD969, 0xD969, 0xD969,
    0xD969, 0xD969, 0xD969, 0xD969, 0xD969, 0xD969, 0xD969, 0xD969, 0xD969, 0xD969, 0xD969, 0xD169, 0xD169, 0xD169, 0xD169, 0xD169,
    0xD169, 0xC949, 0xC949, 0xC949, 0xC949, 0xC948, 0xC148, 0xC148, 0xC149, 0xA8A6, 0xCC0F, 0xFFDA, 0xFF38, 0xFF38, 0xFF9A, 0xB2AC,
    0xA0A6, 0xB128, 0xA907, 0xA907, 0xA107, 0xA0E7, 0xA0E7, 0xA0E7, 0x98E7, 0x98E7, 0x98C7, 0x90C6, 0x90C6, 0x90C6, 0x88A6, 0x88A6,
    0x80A6, 0x80A6, 0x80A6, 0x7886, 0x7886, 0x7886, 0x7886, 0x7886, 0x7886, 0x7886, 0x7886, 0x7886, 0x7886, 0x7886, 0x7886, 0x7886,
    0x7885, 0x7885, 0x7885, 0x7885, 0x7085, 0x7085, 0x7085, 0x6865, 0x7927, 0xCD52, 0xBCB1, 0x70E6, 0x6064, 0x6044, 0x7167, 0x6926,
    0xACB0, 0x60E5, 0x58C5, 0x58E5, 0x4843, 0x4863, 0x4843, 0x4043, 0x6084, 0x6084, 0x68A4, 0x7084, 0x7106, 0x7926, 0x80E6, 0xB4D0,
    0x91A8, 0x91C8, 0x98E6, 0x9907, 0xA0C6, 0xA988, 0xB1C9, 0xA8C6, 0xB148, 0xB928, 0xB948, 0xC148, 0xC148, 0xC948, 0xC949, 0xD169,
    0xD169, 0xD169, 0xD169, 0xD169, 0xD169, 0xD969, 0xD969, 0xD969, 0xD969, 0xD969, 0xD969, 0xD969, 0xD969, 0xD969, 0xD169, 0xD169,
    0xD169, 0xD169, 0xD169, 0xD169, 0xD169, 0xD169, 0xD169, 0xC949, 0xC949, 0xC949, 0xC949, 0xC948, 0xC148, 0xC148, 0xC148, 0xC148,
    0xC148, 0xA8A6, 0xC40F, 0xFFDA, 0xFF38, 0xFF38, 0xFF9A, 0xB2AB, 0xA0A6, 0xA928, 0xA907, 0xA8E7, 0xA0E7, 0xA0E7, 0xA0E7, 0x98E7,
    0x98E7, 0x98C7, 0x90C7, 0x90C6, 0x90C6, 0x88C6, 0x88A6, 0x88A6, 0x80A6, 0x80A6, 0x8086, 0x7886, 0x7886, 0x7886, 0x7886, 0x7886,
    0x7886, 0x7886, 0x7886, 0x7886, 0x7886, 0x7886, 0x7886, 0x7886, 0x7885, 0x7885, 0x7885, 0x7885, 0x7085, 0x7085, 0x7085, 0x7085,
    0x6024, 0x7947, 0x7106, 0x6024, 0x6885, 0x6044, 0x7167, 0x6926, 0xACB0, 0x60E5, 0x58C5, 0x58E5, 0x4843, 0x4863, 0x4843, 0x4043,
    0x5884, 0x6084, 0x68A4, 0x7084, 0x7106, 0x7946, 0x80C5, 0xB4B0, 0x91C8, 0x91C8, 0x90E6, 0x9907, 0xA107, 0xA107, 0xA907, 0xA928,
    0xB128, 0xB928, 0xB928, 0xC148, 0xC148, 0xC148, 0xC948, 0xC949, 0xC969, 0xD169, 0xD169, 0xD169, 0xD169, 0xD169, 0xD169, 0xD169,
    0xD169, 0xD169, 0xD169, 0xD169, 0xD169, 0xD169, 0xD169, 0xD169, 0xD169, 0xD169, 0xD169, 0xD169, 0xD169, 0xC949, 0xC949, 0xC949,
    0xC949, 0xC948, 0xC948, 0xC148, 0xC148, 0xC148, 0xC128, 0xB928, 0xB948, 0xA0A6, 0xC40F, 0xFFDA, 0xFF38, 0xFF38, 0xFF9A, 0xAAAB,
    0x98A6, 0xA908, 0xA907, 0xA0E7, 0xA0E7, 0xA0E7, 0x98E7, 0x98E7, 0x98C7, 0x90C7, 0x90C6, 0x90C6, 0x88C6, 0x88A6, 0x88A6, 0x80A6,
    0x80A6, 0x80A6, 0x7886, 0x7886, 0x7886, 0x7886, 0x7886, 0x7886, 0x7886, 0x7886, 0x7886, 0x7886, 0x7886, 0x7886, 0x7886, 0x7886,
    0x7885, 0x7885, 0x7885, 0x7885, 0x7085, 0x7085, 0x7085, 0x7085, 0x7085, 0x6865, 0x6864, 0x6885, 0x6085, 0x6044, 0x7167, 0x6946,
    0xACB0, 0x58A4, 0x58E5, 0x50E5, 0x4843, 0x4863, 0x4843, 0x4043, 0x5884, 0x6084, 0x68A4, 0x6884, 0x70E5, 0x7146, 0x78A5, 0xB4B0,
    0x91E9, 0x91C8, 0x90E6, 0x98E6, 0x9907, 0xA107, 0xA907, 0xA907, 0xB127, 0xB128, 0xB928, 0xB928, 0xC148, 0xC148, 0xC148, 0xC949,
    0xC949, 0xC969, 0xC969, 0xD169, 0xD169, 0xD169, 0xD169, 0xD169, 0xD169, 0xD169, 0xD169, 0xD169, 0xD169, 0xD169, 0xD169, 0xD169,
    0xD169, 0xC969, 0xC949, 0xC949, 0xC949, 0xC949, 0xC949, 0xC948, 0xC948, 0xC148, 0xC148, 0xC148, 0xC148, 0xC128, 0xB928, 0xB928,
    0xB948, 0xA086, 0xC3EF, 0xFFDA, 0xFF38, 0xFF38, 0xFF9A, 0xAAAB, 0x9886, 0xA907, 0xA0E7, 0xA0E7, 0xA0E7, 0x98E7, 0x98E7, 0x98C7,
    0x90C7, 0x90C6, 0x90C6, 0x88C6, 0x88A6, 0x88A6, 0x80A6, 0x80A6, 0x80A6, 0x7886, 0x7886, 0x7886, 0x7886, 0x7886, 0x7886, 0x7886,
    0x7886, 0x7886, 0x7886, 0x7886, 0x7886, 0x7886, 0x7886, 0x7886, 0x7885, 0x7885, 0x7885, 0x7085, 0x7085, 0x7085, 0x7085, 0x7085,
    0x6885, 0x6885, 0x6885, 0x6885, 0x6085, 0x6064, 0x7167, 0x7167, 0xACB0, 0x5884, 0x58E5, 0x50C5, 0x4843, 0x4863, 0x4843, 0x4043,
    0x5884, 0x6084, 0x60A4, 0x6884, 0x70E5, 0x7166, 0x7864, 0xAC90, 0x9A29, 0x89A8, 0x90E6, 0x90E6, 0x98E7, 0xA107, 0xA107, 0xA907,
    0xA907, 0xB127, 0xB128, 0xB928, 0xB928, 0xC148, 0xC148, 0xC148, 0xC948, 0xC949, 0xC949, 0xC949, 0xC949, 0xC949, 0xC949, 0xC949,
    0xC949, 0xC949, 0xC949, 0xC949, 0xC949, 0xC949, 0xC949, 0xC949, 0xC949, 0xC949, 0xC949, 0xC949, 0xC948, 0xC948, 0xC148, 0xC148,
    0xC148, 0xC148, 0xC128, 0xC128, 0xB928, 0xB928, 0xB928, 0xB928, 0xB948, 0xA086, 0xC3EF, 0xFFDA, 0xFF38, 0xFF38, 0xFF9A, 0xAAAB,
    0x9886, 0xA107, 0xA0E7, 0xA0E7, 0x98E7, 0x98E7, 0x98C7, 0x90C7, 0x90C6, 0x90C6, 0x88C6, 0x88C6, 0x88A6, 0x88A6, 0x80A6, 0x80A6,
    0x8086, 0x7886, 0x7886, 0x7886, 0x7886, 0x7886, 0x7886, 0x7886, 0x7886, 0x7886, 0x7886, 0x7886, 0x7886, 0x7886, 0x7886, 0x7886,
    0x7885, 0x7885, 0x7885, 0x7085, 0x7085, 0x7085, 0x7085, 0x7085, 0x6885, 0x6885, 0x6885, 0x6885, 0x6084, 0x6064, 0x6967, 0x71A7,
    0xAC90, 0x5043, 0x5905, 0x50A4, 0x4843, 0x4863, 0x4843, 0x4043, 0x5884, 0x5884, 0x6084, 0x6884, 0x68C5, 0x7167, 0x7044, 0xAC2F,
    0x9A8A, 0x8988, 0x9106, 0x90E6, 0x98E6, 0x98E7, 0xA107, 0xA107, 0xA907, 0xA907, 0xB128, 0xB128, 0xB928, 0xB928, 0xC148, 0xC148,
    0xC148, 0xC148, 0xC948, 0xC949, 0xC949, 0xC949, 0xC949, 0xC949, 0xC949, 0xC949, 0xC949, 0xC949, 0xC949, 0xC949, 0xC949, 0xC949,
    0xC948, 0xC948, 0xC948, 0xC148, 0xC148, 0xC148, 0xC148, 0xC148, 0xC128, 0xC128, 0xB928, 0xB928, 0xB928, 0xB928, 0xB928, 0xB128,
    0xB128, 0x9886, 0xC3EF, 0xFFDA, 0xFF38, 0xFF38, 0xFF9A, 0xAAAB, 0x9086, 0xA107, 0xA0E7, 0x98E7, 0x98E7, 0x98C7, 0x90C7, 0x90C6,
    0x90C6, 0x90C6, 0x88C6, 0x88A6, 0x88A6, 0x80A6, 0x80A6, 0x80A6, 0x7886, 0x7886, 0x7886, 0x7886, 0x7886, 0x7886, 0x7886, 0x7886,
    0x7886, 0x7886, 0x7886, 0x7886, 0x7886, 0x7886, 0x7886, 0x7885, 0x7885, 0x7885, 0x7885, 0x7085, 0x7085, 0x7085, 0x7085, 0x7085,
    0x6885, 0x6885, 0x6885, 0x6885, 0x6064, 0x6085, 0x6967, 0x7A09, 0xA44F, 0x5003, 0x5926, 0x50A4, 0x4843, 0x4863, 0x4843, 0x4043,
    0x5884, 0x5884, 0x6084, 0x6084, 0x68A5, 0x7187, 0x7044, 0xA3AD, 0xA30C, 0x8967, 0x8927, 0x90C6, 0x90E6, 0x98E7, 0x9907, 0xA107,
    0xA107, 0xA907, 0xB107, 0xB128, 0xB128, 0xB928, 0xB928, 0xB928, 0xC148, 0xC148, 0xC148, 0xC148, 0xC148, 0xC148, 0xC148, 0xC948,
    0xC948, 0xC948, 0xC948, 0xC948, 0xC148, 0xC148, 0xC148, 0xC148, 0xC148, 0xC148, 0xC148, 0xC148, 0xC148, 0xC128, 0xC128, 0xB928,
    0xB928, 0xB928, 0xB928, 0xB928, 0xB928, 0xB128, 0xB128, 0xB108, 0xB128, 0x9886, 0xC3EF, 0xFFDA, 0xFF38, 0xFF38, 0xFF9A, 0xAAAB,
    0x9086, 0xA107, 0x98E7, 0x98E7, 0x98C7, 0x90C7, 0x90C6, 0x90C6, 0x90C6, 0x88C6, 0x88A6, 0x88A6, 0x80A6, 0x80A6, 0x80A6, 0x7886,
    0x7886, 0x7886, 0x7886, 0x7886, 0x7886, 0x7886, 0x7886, 0x7886, 0x7886, 0x7886, 0x7886, 0x7886, 0x7886, 0x7886, 0x7886, 0x7885,
    0x7885, 0x7885, 0x7885, 0x7085, 0x7085, 0x7085, 0x7085, 0x7085, 0x6885, 0x6885, 0x6885, 0x6085, 0x6064, 0x60A5, 0x6946, 0x828A,
    0x9BEE, 0x5003, 0x5946, 0x5084, 0x4843, 0x4863, 0x4843, 0x4043, 0x5064, 0x5884, 0x6084, 0x6084, 0x6884, 0x7167, 0x7044, 0x9B0C,
    0xA3AD, 0x8147, 0x8967, 0x88C6, 0x90E6, 0x90E6, 0x98E7, 0xA107, 0xA107, 0xA907, 0xA907, 0xB107, 0xB128, 0xB128, 0xB928, 0xB928,
    0xB928, 0xC148, 0xC148, 0xC148, 0xC148, 0xC148, 0xC148, 0xC148, 0xC148, 0xC148, 0xC148, 0xC148, 0xC148, 0xC148, 0xC148, 0xC148,
    0xC148, 0xC148, 0xC128, 0xC128, 0xC128, 0xB928, 0xB928, 0xB928, 0xB928, 0xB928, 0xB928, 0xB128, 0xB128, 0xB108, 0xB108, 0xB108,
    0xB128, 0x9865, 0xC3EF, 0xFFDA, 0xFF38, 0xFF38, 0xFF9A, 0xAAAB, 0x9085, 0x98E7, 0x98E7, 0x98C7, 0x90C7, 0x90C6, 0x90C6, 0x90C6,
    0x88C6, 0x88A6, 0x88A6, 0x80A6, 0x80A6, 0x80A6, 0x7886, 0x7886, 0x7886, 0x7886, 0x7886, 0x7886, 0x7886, 0x7886, 0x7886, 0x7886,
    0x7886, 0x7886, 0x7886, 0x7886, 0x7886, 0x7886, 0x7886, 0x7885, 0x7885, 0x7885, 0x7885, 0x7085, 0x7085, 0x7085, 0x7085, 0x7085,
    0x6885, 0x6885, 0x6885, 0x6085, 0x6064, 0x68E6, 0x6906, 0x932C, 0x936C, 0x4803, 0x5946, 0x5064, 0x4863, 0x4843, 0x4843, 0x4043,
    0x5063, 0x5884, 0x5884, 0x6084, 0x6884, 0x6966, 0x6884, 0x8A49, 0xAC2F, 0x8126, 0x8988, 0x88A5, 0x90E6, 0x90E6, 0x98E6, 0x98E7,
    0xA107, 0xA107, 0xA907, 0xA907, 0xB107, 0xB108, 0xB128, 0xB928, 0xB928, 0xB928, 0xB928, 0xC128, 0xC128, 0xC128, 0xC128, 0xC128,
    0xC128, 0xC128, 0xC128, 0xC128, 0xC128, 0xC128, 0xC128, 0xC128, 0xB928, 0xB928, 0xB928, 0xB928, 0xB928, 0xB928, 0xB928, 0xB928,
    0xB928, 0xB128, 0xB128, 0xB108, 0xB108, 0xB108, 0xB107, 0xA907, 0xA928, 0x9065, 0xC3EF, 0xFFDA, 0xFF38, 0xFF38, 0xFF9A, 0xA2AB,
    0x8865, 0x98E7, 0x98C7, 0x90C7, 0x90C6, 0x90C6, 0x90C6, 0x88C6, 0x88A6, 0x88A6, 0x80A6, 0x80A6, 0x80A6, 0x7886, 0x7886, 0x7886,
    0x7886, 0x7886, 0x7886, 0x7886, 0x7886, 0x7886, 0x7886, 0x7886, 0x7886, 0x7886, 0x7886, 0x7886, 0x7886, 0x7886, 0x7886, 0x7885,
    0x7885, 0x7885, 0x7885, 0x7085, 0x7085, 0x7085, 0x7085, 0x6885, 0x6885, 0x6885, 0x6885, 0x6085, 0x6044, 0x6926, 0x60E5, 0x9BCE,
    0x828A, 0x5023, 0x5946, 0x5043, 0x4863, 0x4843, 0x4843, 0x4043, 0x5063, 0x5064, 0x5884, 0x6084, 0x6064, 0x6926, 0x68C5, 0x8167,
    0xB4B0, 0x8147, 0x89A8, 0x80A5, 0x88E6, 0x90E6, 0x90E6, 0x98E7, 0x98E7, 0xA107, 0xA107, 0xA907, 0xA907, 0xA907, 0xB128, 0xB128,
    0xB128, 0xB928, 0xB928, 0xB928, 0xB928, 0xB928, 0xB928, 0xB928, 0xB928, 0xB928, 0xB928, 0xB928, 0xB928, 0xB928, 0xB928, 0xB928,
    0xB928, 0xB928, 0xB928, 0xB928, 0xB928, 0xB928, 0xB128, 0xB128, 0xB128, 0xB108, 0xB108, 0xB108, 0xB107, 0xA907, 0xA907, 0xA907,
    0xA928, 0x9065, 0xBBEF, 0xFFDA, 0xFF38, 0xFF38, 0xFF9A, 0xA28B, 0x8865, 0x98E7, 0x90C7, 0x90C6, 0x90C6, 0x90C6, 0x88C6, 0x88A6,
    0x88A6, 0x80A6, 0x80A6, 0x80A6, 0x7886, 0x7886, 0x7886, 0x7886, 0x7886, 0x7886, 0x7886, 0x7886, 0x7886, 0x7886, 0x7886, 0x7886,
    0x7886, 0x7886, 0x7886, 0x7886, 0x7886, 0x7886, 0x7885, 0x7885, 0x7885, 0x7885, 0x7085, 0x7085, 0x7085, 0x7085, 0x7085, 0x6885,
    0x6885, 0x6885, 0x6885, 0x6085, 0x6044, 0x7167, 0x60E5, 0xAC6F, 0x7187, 0x5064, 0x5925, 0x5043, 0x4863, 0x4843, 0x4843, 0x4043,
    0x5063, 0x5063, 0x5884, 0x5884, 0x6064, 0x6905, 0x6926, 0x70A5, 0xB4D0, 0x89A8, 0x81A8, 0x80C6, 0x88C6, 0x88C6, 0x90E6, 0x90E6,
    0x98E7, 0x98E7, 0xA107, 0xA107, 0xA907, 0xA907, 0xA907, 0xB108, 0xB108, 0xB128, 0xB928, 0xB928, 0xB928, 0xB928, 0xB928, 0xB928,
    0xB928, 0xB928, 0xB928, 0xB928, 0xB928, 0xB928, 0xB928, 0xB928, 0xB928, 0xB928, 0xB128, 0xB128, 0xB128, 0xB128, 0xB108, 0xB108,
    0xB108, 0xB108, 0xA907, 0xA907, 0xA907, 0xA907, 0xA907, 0xA907, 0xA907, 0x9065, 0xBBEF, 0xFFDA, 0xFF38, 0xFF38, 0xFFBA, 0xA28B,
    0x8865, 0x98E7, 0x90C6, 0x90C6, 0x88C6, 0x88C6, 0x88A6, 0x88A6, 0x80A6, 0x80A6, 0x80A6, 0x8086, 0x7886, 0x7886, 0x7886, 0x7886,
    0x7886, 0x7886, 0x7886, 0x7886, 0x7886, 0x7886, 0x7886, 0x7886, 0x7886, 0x7886, 0x7886, 0x7886, 0x7886, 0x7886, 0x7885, 0x7885,
    0x7885, 0x7885, 0x7085, 0x7085, 0x7085, 0x7085, 0x7085, 0x6885, 0x6885, 0x6885, 0x6885, 0x6085, 0x6064, 0x7187, 0x6926, 0xACD0,
    0x60A5, 0x58C5, 0x58E5, 0x4843, 0x4863, 0x4843, 0x4043, 0x4043, 0x5063, 0x5063, 0x5064, 0x5884, 0x6064, 0x60C5, 0x6966, 0x6844,
    0xAC4F, 0x926A, 0x8187, 0x80E6, 0x80C6, 0x88C6, 0x88C6, 0x90E6, 0x90E6, 0x98E7, 0x98E7, 0xA0E7, 0xA107, 0xA907, 0xA907, 0xA907,
    0xB107, 0xB108, 0xB128, 0xB128, 0xB128, 0xB128, 0xB128, 0xB128, 0xB128, 0xB128, 0xB128, 0xB128, 0xB128, 0xB128, 0xB128, 0xB128,
    0xB128, 0xB108, 0xB108, 0xB108, 0xB108, 0xB108, 0xB108, 0xB107, 0xA907, 0xA907, 0xA907, 0xA907, 0xA907, 0xA907, 0xA107, 0xA107,
    0xA128, 0x8865, 0xBBEF, 0xFFDA, 0xFF38, 0xFF38, 0xFFBA, 0xA2AB, 0x8865, 0x90E7, 0x90C7, 0x88C6, 0x88C6, 0x88A6, 0x88A6, 0x80A6,
    0x80A6, 0x80A6, 0x8086, 0x7886, 0x7886, 0x7886, 0x7886, 0x7886, 0x7886, 0x7886, 0x7886, 0x7886, 0x7886, 0x7886, 0x7886, 0x7886,
    0x7886, 0x7886, 0x7886, 0x7886, 0x7886, 0x7886, 0x7885, 0x7885, 0x7885, 0x7885, 0x7085, 0x7085, 0x7085, 0x7085, 0x7085, 0x6885,
    0x6885, 0x6885, 0x6085, 0x6064, 0x6085, 0x6967, 0x79E8, 0xAC90, 0x5023, 0x5926, 0x50A4, 0x4843, 0x4863, 0x4843, 0x4043, 0x4043,
    0x4863, 0x5063, 0x5063, 0x5884, 0x5884, 0x6084, 0x6966, 0x6023, 0x9B4C, 0xA38D, 0x7947, 0x8147, 0x80A5, 0x88C6, 0x88C6, 0x90C6,
    0x90E6, 0x90E6, 0x98E7, 0x98E7, 0xA0E7, 0xA107, 0xA107, 0xA907, 0xA907, 0xA907, 0xB107, 0xB108, 0xB108, 0xB108, 0xB108, 0xB108,
    0xB108, 0xB108, 0xB108, 0xB108, 0xB108, 0xB108, 0xB108, 0xB108, 0xB108, 0xB108, 0xB108, 0xB108, 0xB107, 0xA907, 0xA907, 0xA907,
    0xA907, 0xA907, 0xA907, 0xA907, 0xA0E7, 0xA0E7, 0xA0E7, 0x9886, 0x9886, 0x8003, 0xB3AE, 0xFFDA, 0xFF18, 0xFF38, 0xFF9A, 0x9A2A,
    0x7803, 0x8865, 0x8065, 0x88A6, 0x88A6, 0x88A6, 0x80A6, 0x80A6, 0x80A6, 0x7886, 0x7886, 0x7886, 0x7886, 0x7886, 0x7886, 0x7886,
    0x7886, 0x7886, 0x7886, 0x7886, 0x7886, 0x7886, 0x7886, 0x7886, 0x7886, 0x7886, 0x7886, 0x7886, 0x7886, 0x7886, 0x7885, 0x7885,
    0x7885, 0x7885, 0x7085, 0x7085, 0x7085, 0x7085, 0x6885, 0x6885, 0x6885, 0x6885, 0x6085, 0x6064, 0x68E6, 0x6926, 0x930C, 0x9B8D,
    0x4802, 0x5946, 0x5064, 0x4863, 0x4863, 0x4843, 0x4043, 0x4043, 0x4863, 0x4863, 0x5063, 0x5864, 0x5884, 0x6064, 0x6946, 0x6084,
    0x81E8, 0xAC90, 0x7906, 0x81A8, 0x7885, 0x80C6, 0x88C6, 0x88C6, 0x90C6, 0x90C6, 0x90E6, 0x98E7, 0x98E7, 0xA0E7, 0xA0E7, 0xA107,
    0xA907, 0xA907, 0xA907, 0xA907, 0xA907, 0xB108, 0xB108, 0xB108, 0xB108, 0xB108, 0xB108, 0xB108, 0xB108, 0xB108, 0xB108, 0xA907,
    0xA907, 0xA907, 0xA907, 0xA907, 0xA907, 0xA907, 0xA907, 0xA907, 0xA907, 0xA0E7, 0xA0E7, 0xA0E7, 0xA0E7, 0xA0C7, 0xA148, 0xBB2D,
    0xBB2D, 0xAACC, 0xD533, 0xFFDA, 0xFF79, 0xFF79, 0xFFBA, 0xBC50, 0xAACC, 0xB32D, 0xAAAC, 0x88A6, 0x88A6, 0x80A6, 0x80A6, 0x80A6,
    0x7886, 0x7886, 0x7886, 0x7886, 0x7886, 0x7886, 0x7886, 0x7886, 0x7886, 0x7886, 0x7886, 0x7886, 0x7886, 0x7886, 0x7886, 0x7886,
    0x7886, 0x7886, 0x7886, 0x7886, 0x7886, 0x7885, 0x7885, 0x7885, 0x7885, 0x7085, 0x7085, 0x7085, 0x7085, 0x7085, 0x6885, 0x6885,
    0x6885, 0x6885, 0x6085, 0x6044, 0x7147, 0x60E5, 0xA42F, 0x7A29, 0x5023, 0x5946, 0x5043, 0x4863, 0x4843, 0x4843, 0x4043, 0x4043,
    0x4863, 0x4863, 0x5063, 0x5064, 0x5884, 0x5864, 0x6105, 0x6905, 0x68A5, 0xB4D1, 0x8187, 0x81A8, 0x78A5, 0x80C6, 0x80C6, 0x88C6,
    0x88C6, 0x90C6, 0x90E6, 0x90E6, 0x98E7, 0x98E7, 0xA0E7, 0xA0E7, 0xA0E7, 0xA107, 0xA907, 0xA907, 0xA907, 0xA907, 0xA907, 0xA907,
    0xA907, 0xA907, 0xA907, 0xA907, 0xA907, 0xA907, 0xA907, 0xA907, 0xA907, 0xA907, 0xA907, 0xA907, 0xA907, 0xA907, 0xA107, 0xA0E7,
    0xA0E7, 0xA0E7, 0xA0E7, 0xA0E7, 0xA0E7, 0x98C7, 0x9927, 0xAAAB, 0xA28B, 0xA2AB, 0x9A6A, 0x9209, 0x8A29, 0x8A09, 0x8A09, 0x926A,
    0x9A8B, 0x9A8B, 0x9A2A, 0x80A6, 0x80A6, 0x80A6, 0x80A6, 0x7886, 0x7886, 0x7886, 0x7886, 0x7886, 0x7886, 0x7886, 0x7886, 0x7886,
    0x7886, 0x7886, 0x7886, 0x7886, 0x7886, 0x7886, 0x7886, 0x7886, 0x7886, 0x7886, 0x7886, 0x7886, 0x7886, 0x7885, 0x7885, 0x7885,
    0x7885, 0x7085, 0x7085, 0x7085, 0x7085, 0x7085, 0x6885, 0x6885, 0x6885, 0x6885, 0x6085, 0x6064, 0x7187, 0x6926, 0xB4D0, 0x60C5,
    0x58A4, 0x5905, 0x4843, 0x4863, 0x4843, 0x4843, 0x4043, 0x4043, 0x4863, 0x4863, 0x4863, 0x5063, 0x5064, 0x5864, 0x60A4, 0x6966,
    0x6023, 0xA42E, 0x92AB, 0x7967, 0x7906, 0x78A5, 0x80C6, 0x80C6, 0x88C6, 0x88C6, 0x90C6, 0x90C6, 0x90E6, 0x98E7, 0x98E7, 0x98E7,
    0xA0E7, 0xA0E7, 0xA0E7, 0xA107, 0xA907, 0xA907, 0xA907, 0xA907, 0xA907, 0xA907, 0xA907, 0xA907, 0xA907, 0xA907, 0xA907, 0xA907,
    0xA907, 0xA8E7, 0xA0E7, 0xA0E7, 0xA0E7, 0xA0E7, 0xA0E7, 0xA0E7, 0xA0E7, 0xA0E7, 0xA0E7, 0x98E7, 0x98E7, 0x98E7, 0x90C6, 0x8865,
    0x8865, 0x8065, 0x8065, 0x7865, 0x7865, 0x7845, 0x7845, 0x7844, 0x7844, 0x7844, 0x7845, 0x80A6, 0x80A6, 0x80A6, 0x7886, 0x7886,
    0x7886, 0x7886, 0x7886, 0x7886, 0x7886, 0x7886, 0x7886, 0x7886, 0x7886, 0x7886, 0x7886, 0x7886, 0x7886, 0x7886, 0x7886, 0x7886,
    0x7886, 0x7886, 0x7886, 0x7886, 0x7885, 0x7885, 0x7885, 0x7885, 0x7085, 0x7085, 0x7085, 0x7085, 0x7085, 0x6885, 0x6885, 0x6885,
    0x6885, 0x6085, 0x6064, 0x60A5, 0x6947, 0x8229, 0xA46F, 0x5003, 0x5926, 0x50A4, 0x4843, 0x4863, 0x4843, 0x4043, 0x4043, 0x4043,
    0x4863, 0x4863, 0x4863, 0x4863, 0x5064, 0x5864, 0x5864, 0x6166, 0x6043, 0x8A8A, 0xAC2F, 0x7106, 0x8187, 0x7885, 0x78A5, 0x80A6,
    0x80C6, 0x88C6, 0x88C6, 0x88C6, 0x90C6, 0x90E6, 0x98E6, 0x98E7, 0x98E7, 0x98E7, 0xA0E7, 0xA0E7, 0xA0E7, 0xA0E7, 0xA0E7, 0xA0E7,
    0xA0E7, 0xA0E7, 0xA0E7, 0xA0E7, 0xA0E7, 0xA0E7, 0xA0E7, 0xA0E7, 0xA0E7, 0xA0E7, 0xA0E7, 0xA0E7, 0xA0E7, 0xA0E7, 0xA0E7, 0xA0E7,
    0x98E7, 0x98E7, 0x98E7, 0x98E7, 0x98C7, 0x98C7, 0x98C7, 0x98E7, 0x90E7, 0x90E7, 0x90E7, 0x90C7, 0x90C7, 0x90C6, 0x88C6, 0x88C6,
    0x88C6, 0x88C6, 0x80A6, 0x80A6, 0x8086, 0x7886, 0x7886, 0x7886, 0x7886, 0x7886, 0x7886, 0x7886, 0x7886, 0x7886, 0x7886, 0x7886,
    0x7886, 0x7886, 0x7886, 0x7886, 0x7886, 0x7886, 0x7886, 0x7886, 0x7886, 0x7886, 0x7886, 0x7886, 0x7885, 0x7885, 0x7885, 0x7885,
    0x7085, 0x7085, 0x7085, 0x7085, 0x7085, 0x6885, 0x6885, 0x6885, 0x6885, 0x6085, 0x6044, 0x6946, 0x60E5, 0x9BCE, 0x8AEB, 0x5003,
    0x5946, 0x5063, 0x4863, 0x4863, 0x4843, 0x4043, 0x4043, 0x4043, 0x4043, 0x4843, 0x4863, 0x4863, 0x5063, 0x5064, 0x5864, 0x6105,
    0x60C5, 0x68C5, 0xB4F1, 0x7947, 0x79A8, 0x7085, 0x78A5, 0x78A5, 0x80A6, 0x80C6, 0x88C6, 0x88C6, 0x88C6, 0x90C6, 0x90C6, 0x90C7,
    0x98E7, 0x98E7, 0x98E7, 0x98E7, 0xA0E7, 0xA0E7, 0xA0E7, 0xA0E7, 0xA0E7, 0xA0E7, 0xA0E7, 0xA0E7, 0xA0E7, 0xA0E7, 0xA0E7, 0xA0E7,
    0xA0E7, 0xA0E7, 0xA0E7, 0xA0E7, 0x98E7, 0x98E7, 0x98E7, 0x98E7, 0x98E7, 0x98E7, 0x98C7, 0x98C7, 0x90C7, 0x90C6, 0x90C6, 0x90C6,
    0x90C6, 0x90C6, 0x88C6, 0x88C6, 0x88A6, 0x88A6, 0x88A6, 0x80A6, 0x80A6, 0x80A6, 0x80A6, 0x7886, 0x7886, 0x7886, 0x7886, 0x7886,
    0x7886, 0x7886, 0x7886, 0x7886, 0x7886, 0x7886, 0x7886, 0x7886, 0x7886, 0x7886, 0x7886, 0x7886, 0x7886, 0x7886, 0x7886, 0x7886,
    0x7886, 0x7886, 0x7886, 0x7885, 0x7885, 0x7885, 0x7885, 0x7885, 0x7085, 0x7085, 0x7085, 0x7085, 0x7085, 0x6885, 0x6885, 0x6885,
    0x6885, 0x6085, 0x6044, 0x7187, 0x6906, 0xB4D1, 0x6106, 0x5084, 0x5905, 0x5043, 0x4863, 0x4843, 0x4843, 0x4043, 0x4043, 0x4043,
    0x4043, 0x4043, 0x4043, 0x4843, 0x4863, 0x5063, 0x5064, 0x58A4, 0x6146, 0x5803, 0xA40E, 0x92CB, 0x7146, 0x7906, 0x7085, 0x78A5,
    0x78A5, 0x80A6, 0x80C6, 0x88C6, 0x88C6, 0x88C6, 0x90C6, 0x90C6, 0x90C6, 0x90E7, 0x98E7, 0x98E7, 0x98E7, 0x98E7, 0x98E7, 0xA0E7,
    0xA0E7, 0xA0E7, 0xA0E7, 0xA0E7, 0xA0E7, 0x98E7, 0x98E7, 0x98E7, 0x98E7, 0x98E7, 0x98E7, 0x98E7, 0x98E7, 0x98E7, 0x98E7, 0x98C7,
    0x98C7, 0x90C7, 0x90C7, 0x90C6, 0x90C6, 0x90C6, 0x90C6, 0x90C6, 0x88C6, 0x88C6, 0x88A6, 0x88A6, 0x88A6, 0x80A6, 0x80A6, 0x80A6,
    0x80A6, 0x80A6, 0x7886, 0x7886, 0x7886, 0x7886, 0x7886, 0x7886, 0x7886, 0x7886, 0x7886, 0x7886, 0x7886, 0x7886, 0x7886, 0x7886,
    0x7886, 0x7886, 0x7886, 0x7886, 0x7886, 0x7886, 0x7886, 0x7886, 0x7886, 0x7886, 0x7886, 0x7885, 0x7885, 0x7885, 0x7885, 0x7085,
    0x7085, 0x7085, 0x7085, 0x7085, 0x6885, 0x6885, 0x6885, 0x6885, 0x6085, 0x6064, 0x68C5, 0x6946, 0x8249, 0xA44F, 0x5003, 0x5926,
    0x50A4, 0x4843, 0x4863, 0x4843, 0x4043, 0x4043, 0x4043, 0x4043, 0x4043, 0x4043, 0x4043, 0x4843, 0x4863, 0x5063, 0x5064, 0x5864,
    0x6166, 0x5844, 0x7A08, 0xAC90, 0x68E5, 0x79A8, 0x7064, 0x70A5, 0x78A5, 0x78A5, 0x80A6, 0x80A6, 0x80A6, 0x88C6, 0x88C6, 0x88C6,
    0x90C6, 0x90C6, 0x90C6, 0x90C6, 0x98C7, 0x98E7, 0x98E7, 0x98E7, 0x98E7, 0x98E7, 0x98E7, 0x98E7, 0x98E7, 0x98E7, 0x98E7, 0x98E7,
    0x98E7, 0x98C7, 0x98C7, 0x98C7, 0x98C7, 0x98C7, 0x90C7, 0x90C6, 0x90C6, 0x90C6, 0x90C6, 0x90C6, 0x90C6, 0x90C6, 0x88C6, 0x88C6,
    0x88A6, 0x88A6, 0x88A6, 0x88A6, 0x80A6, 0x80A6, 0x80A6, 0x80A6, 0x7886, 0x7886, 0x7886, 0x7886, 0x7886, 0x7886, 0x7886, 0x7886,
    0x7886, 0x7886, 0x7886, 0x7886, 0x7886, 0x7886, 0x7886, 0x7886, 0x7886, 0x7886, 0x7886, 0x7886, 0x7886, 0x7886, 0x7886, 0x7886,
    0x7886, 0x7886, 0x7885, 0x7885, 0x7885, 0x7885, 0x7885, 0x7085, 0x7085, 0x7085, 0x7085, 0x7085, 0x6885, 0x6885, 0x6885, 0x6885,
    0x6085, 0x6044, 0x7187, 0x60C5, 0xA44F, 0x8269, 0x5023, 0x5966, 0x5043, 0x4863, 0x4863, 0x4843, 0x4043, 0x4043, 0x4043, 0x4043,
    0x4043, 0x4043, 0x4043, 0x4043, 0x4843, 0x4863, 0x5063, 0x5043, 0x58E5, 0x6105, 0x5844, 0xB4D0, 0x81C8, 0x7187, 0x70C5, 0x7085,
    0x70A5, 0x78A5, 0x78A5, 0x80A5, 0x80A6, 0x80A6, 0x88C6, 0x88C6, 0x88C6, 0x88C6, 0x90C6, 0x90C6, 0x90C6, 0x90C6, 0x90C7, 0x98C7,
    0x98C7, 0x98C7, 0x98C7, 0x98C7, 0x98C7, 0x98C7, 0x98C7, 0x98C7, 0x98C7, 0x90C7, 0x90C7, 0x90C6, 0x90C6, 0x90C6, 0x90C6, 0x90C6,
    0x90C6, 0x90C6, 0x90C6, 0x88C6, 0x88C6, 0x88A6, 0x88A6, 0x88A6, 0x88A6, 0x80A6, 0x80A6, 0x80A6, 0x80A6, 0x80A6, 0x8086, 0x7886,
    0x7886, 0x7886, 0x7886, 0x7886, 0x7886, 0x7886, 0x7886, 0x7886, 0x7886, 0x7886, 0x7886, 0x7886, 0x7886, 0x7886, 0x7886, 0x7886,
    0x7886, 0x7886, 0x7886, 0x7886, 0x7886, 0x7886, 0x7886, 0x7886, 0x7886, 0x7885, 0x7885, 0x7885, 0x7885, 0x7885, 0x7085, 0x7085,
    0x7085, 0x7085, 0x7085, 0x6885, 0x6885, 0x6885, 0x6885, 0x6085, 0x6064, 0x6085, 0x7187, 0x7167, 0xB4F1, 0x5864, 0x58C5, 0x5905,
    0x4843, 0x4863, 0x4843, 0x4843, 0x4043, 0x4043, 0x4043, 0x4043, 0x4043, 0x4043, 0x4043, 0x4043, 0x4043, 0x4843, 0x4863, 0x5063,
    0x5064, 0x6166, 0x5003, 0x8ACB, 0xA40E, 0x68E5, 0x7987, 0x6864, 0x70A5, 0x70A5, 0x78A5, 0x78A5, 0x78A5, 0x80A6, 0x80A6, 0x80A6,
    0x88A6, 0x88C6, 0x88C6, 0x88C6, 0x90C6, 0x90C6, 0x90C6, 0x90C6, 0x90C6, 0x90C6, 0x90C6, 0x90C6, 0x90C6, 0x90C6, 0x90C6, 0x90C6,
    0x90C6, 0x90C6, 0x90C6, 0x90C6, 0x90C6, 0x90C6, 0x90C6, 0x90C6, 0x88C6, 0x88C6, 0x88C6, 0x88A6, 0x88A6, 0x88A6, 0x88A6, 0x80A6,
    0x80A6, 0x80A6, 0x80A6, 0x80A6, 0x80A6, 0x7886, 0x7886, 0x7886, 0x7886, 0x7886, 0x7886, 0x7886, 0x7886, 0x7886, 0x7886, 0x7886,
    0x7886, 0x7886, 0x7886, 0x7886, 0x7886, 0x7886, 0x7886, 0x7886, 0x7886, 0x7886, 0x7886, 0x7886, 0x7886, 0x7886, 0x7886, 0x7886,
    0x7886, 0x7885, 0x7885, 0x7885, 0x7885, 0x7085, 0x7085, 0x7085, 0x7085, 0x7085, 0x7085, 0x6885, 0x6885, 0x6885, 0x6885, 0x6085,
    0x6044, 0x7167, 0x60E5, 0x9B8D, 0x934C, 0x4802, 0x5946, 0x5084, 0x4843, 0x4863, 0x4843, 0x4043, 0x4043, 0x4043, 0x4043, 0x4043,
    0x4043, 0x4043, 0x4043, 0x4043, 0x4043, 0x4843, 0x4843, 0x4863, 0x5043, 0x5905, 0x58C5, 0x6084, 0xB4F1, 0x7167, 0x71A8, 0x68A5,
    0x6885, 0x7085, 0x7085, 0x78A5, 0x78A5, 0x78A5, 0x80A6, 0x80A6, 0x80A6, 0x80A6, 0x88C6, 0x88C6, 0x88C6, 0x88C6, 0x90C6, 0x90C6,
    0x90C6, 0x90C6, 0x90C6, 0x90C6, 0x90C6, 0x90C6, 0x90C6, 0x90C6, 0x90C6, 0x90C6, 0x90C6, 0x90C6, 0x88C6, 0x88C6, 0x88A6, 0x88A6,
    0x88A6, 0x88A6, 0x88A6, 0x88A6, 0x88A6, 0x80A6, 0x80A6, 0x80A6, 0x80A6, 0x80A6, 0x8086, 0x7886, 0x7886, 0x7886, 0x7886, 0x7886,
    0x7886, 0x7886, 0x7886, 0x7886, 0x7886, 0x7886, 0x7886, 0x7886, 0x7886, 0x7886, 0x7886, 0x7886, 0x7886, 0x7886, 0x7886, 0x7886,
    0x7886, 0x7886, 0x7886, 0x7886, 0x7886, 0x7886, 0x7886, 0x7886, 0x7885, 0x7885, 0x7885, 0x7885, 0x7885, 0x7085, 0x7085, 0x7085,
    0x7085, 0x7085, 0x6885, 0x6885, 0x6885, 0x6885, 0x6085, 0x6064, 0x6084, 0x71A8, 0x6906, 0xB511, 0x60E5, 0x5084, 0x5925, 0x5043,
    0x4863, 0x4843, 0x4843, 0x4043, 0x4043, 0x4043, 0x4043, 0x4043, 0x4043, 0x4043, 0x4043, 0x4043, 0x4043, 0x4043, 0x4843, 0x4863,
    0x4843, 0x5084, 0x6166, 0x5002, 0x932C, 0x9BCD, 0x60C5, 0x7187, 0x6844, 0x6885, 0x7085, 0x7085, 0x70A5, 0x78A5, 0x78A5, 0x78A5,
    0x80A6, 0x80A6, 0x80A6, 0x80A6, 0x88A6, 0x88A6, 0x88A6, 0x88C6, 0x88C6, 0x88C6, 0x88C6, 0x88C6, 0x88C6, 0x88C6, 0x88C6, 0x88C6,
    0x88C6, 0x88C6, 0x88A6, 0x88A6, 0x88A6, 0x88A6, 0x88A6, 0x88A6, 0x88A6, 0x88A6, 0x80A6, 0x80A6, 0x80A6, 0x80A6, 0x80A6, 0x80A6,
    0x8086, 0x7886, 0x7886, 0x7886, 0x7886, 0x7886, 0x7886, 0x7886, 0x7886, 0x7886, 0x7886, 0x7886, 0x7886, 0x7886, 0x7886, 0x7886,
    0x7886, 0x7886, 0x7886, 0x7886, 0x7886, 0x7886, 0x7886, 0x7886, 0x7886, 0x7886, 0x7886, 0x7886, 0x7886, 0x7886, 0x7886, 0x7885,
    0x7885, 0x7885, 0x7885, 0x7885, 0x7085, 0x7085, 0x7085, 0x7085, 0x7085, 0x6885, 0x6885, 0x6885, 0x6885, 0x6885, 0x6085, 0x6044,
    0x7167, 0x60E5, 0x934C, 0x9BAD, 0x4802, 0x5946, 0x50A4, 0x4843, 0x4863, 0x4843, 0x4043, 0x4043, 0x4043, 0x4043, 0x4043, 0x4043,
    0x4043, 0x4043, 0x4043, 0x4043, 0x4043, 0x4043, 0x4843, 0x4863, 0x4863, 0x5043, 0x5926, 0x58A4, 0x5884, 0xB511, 0x7167, 0x7187,
    0x68A5, 0x6885, 0x6885, 0x7085, 0x7085, 0x7085, 0x7885, 0x78A5, 0x78A5, 0x78A6, 0x80A6, 0x80A6, 0x80A6, 0x80A6, 0x80A6, 0x88A6,
    0x88A6, 0x88A6, 0x88A6, 0x88A6, 0x88A6, 0x88A6, 0x88A6, 0x88A6, 0x88A6, 0x88A6, 0x88A6, 0x88A6, 0x88A6, 0x88A6, 0x80A6, 0x80A6,
    0x80A6, 0x80A6, 0x80A6, 0x80A6, 0x80A6, 0x80A6, 0x7886, 0x7886, 0x7886, 0x7886, 0x7886, 0x7886, 0x7886, 0x7886, 0x7886, 0x7886,
    0x7886, 0x7886, 0x7886, 0x7886, 0x7886, 0x7886, 0x7886, 0x7886, 0x7886, 0x7886, 0x7886, 0x7886, 0x7886, 0x7886, 0x7886, 0x7886,
    0x7886, 0x7886, 0x7886, 0x7886, 0x7886, 0x7886, 0x7885, 0x7885, 0x7885, 0x7885, 0x7885, 0x7085, 0x7085, 0x7085, 0x7085, 0x7085,
    0x7085, 0x6885, 0x6885, 0x6885, 0x6885, 0x6085, 0x6064, 0x6084, 0x71A7, 0x6906, 0xB511, 0x60E5, 0x5084, 0x5946, 0x5043, 0x4863,
    0x4863, 0x4843, 0x4043, 0x4043, 0x4043, 0x4043, 0x4043, 0x4043, 0x4043, 0x4043, 0x4043, 0x4043, 0x4043, 0x4043, 0x4043, 0x4843,
    0x4863, 0x4843, 0x5084, 0x5966, 0x4802, 0x8AEB, 0xA42F, 0x60A5, 0x71A7, 0x6044, 0x6885, 0x6885, 0x6885, 0x7085, 0x7085, 0x7085,
    0x7885, 0x78A5, 0x78A5, 0x78A6, 0x80A6, 0x80A6, 0x80A6, 0x80A6, 0x80A6, 0x80A6, 0x80A6, 0x80A6, 0x88A6, 0x88A6, 0x88A6, 0x80A6,
    0x80A6, 0x80A6, 0x80A6, 0x80A6, 0x80A6, 0x80A6, 0x80A6, 0x80A6, 0x80A6, 0x80A6, 0x8086, 0x7886, 0x7886, 0x7886, 0x7886, 0x7886,
    0x7886, 0x7886, 0x7886, 0x7886, 0x7886, 0x7886, 0x7886, 0x7886, 0x7886, 0x7886, 0x7886, 0x7886, 0x7886, 0x7886, 0x7886, 0x7886,
    0x7886, 0x7886, 0x7886, 0x7886, 0x7886, 0x7886, 0x7886, 0x7886, 0x7886, 0x7886, 0x7886, 0x7886, 0x7886, 0x7885, 0x7885, 0x7885,
    0x7885, 0x7885, 0x7085, 0x7085, 0x7085, 0x7085, 0x7085, 0x7085, 0x6885, 0x6885, 0x6885, 0x6885, 0x6885, 0x6085, 0x6044, 0x7187,
    0x60A5, 0x9BCD, 0x936C, 0x4802, 0x5946, 0x50A4, 0x4843, 0x4863, 0x4843, 0x4843, 0x4043, 0x4043, 0x4043, 0x4043, 0x4043, 0x4043,
    0x4043, 0x4043, 0x4043, 0x4043, 0x4043, 0x4043, 0x4043, 0x4843, 0x4843, 0x4863, 0x5043, 0x5925, 0x58C5, 0x5043, 0xB4F1, 0x79E8,
    0x6967, 0x68E6, 0x6044, 0x6885, 0x6885, 0x6885, 0x7085, 0x7085, 0x7085, 0x7085, 0x7885, 0x7885, 0x78A5, 0x78A5, 0x78A6, 0x80A6,
    0x80A6, 0x80A6, 0x80A6, 0x80A6, 0x80A6, 0x80A6, 0x80A6, 0x80A6, 0x80A6, 0x80A6, 0x80A6, 0x80A6, 0x80A6, 0x80A6, 0x80A6, 0x8086,
    0x7886, 0x7886, 0x7886, 0x7886, 0x7886, 0x7886, 0x7886, 0x7886, 0x7886, 0x7886, 0x7886, 0x7886, 0x7886, 0x7886, 0x7886, 0x7886,
    0x7886, 0x7886, 0x7886, 0x7886, 0x7886, 0x7886, 0x7886, 0x7886, 0x7886, 0x7886, 0x7886, 0x7886, 0x7886, 0x7886, 0x7886, 0x7886,
    0x7886, 0x7886, 0x7886, 0x7886, 0x7885, 0x7885, 0x7885, 0x7885, 0x7885, 0x7085, 0x7085, 0x7085, 0x7085, 0x7085, 0x7085, 0x6885,
    0x6885, 0x6885, 0x6885, 0x6885, 0x6085, 0x6064, 0x68C5, 0x6987, 0x7187, 0xB511, 0x5884, 0x58A4, 0x5926, 0x5043, 0x4863, 0x4863,
    0x4843, 0x4043, 0x4043, 0x4043, 0x4043, 0x4043, 0x4043, 0x4043, 0x4043, 0x4043, 0x4043, 0x4043, 0x4043, 0x4043, 0x4043, 0x4043,
    0x4843, 0x4863, 0x4843, 0x5064, 0x5966, 0x5003, 0x7A08, 0xB4F1, 0x60A5, 0x71C8, 0x6064, 0x6064, 0x6085, 0x6885, 0x6885, 0x6885,
    0x7085, 0x7085, 0x7085, 0x7085, 0x7885, 0x7885, 0x7885, 0x7885, 0x7885, 0x7885, 0x78A6, 0x78A6, 0x80A6, 0x80A6, 0x80A6, 0x80A6,
    0x80A6, 0x80A6, 0x7886, 0x7886, 0x7886, 0x7886, 0x7886, 0x7886, 0x7886, 0x7886, 0x7886, 0x7886, 0x7886, 0x7886, 0x7886, 0x7886,
    0x7886, 0x7886, 0x7886, 0x7886, 0x7886, 0x7886, 0x7886, 0x7886, 0x7886, 0x7886, 0x7886, 0x7886, 0x7886, 0x7886, 0x7886, 0x7886,
    0x7886, 0x7886, 0x7886, 0x7886, 0x7886, 0x7886, 0x7886, 0x7886, 0x7886, 0x7886, 0x7886, 0x7885, 0x7885, 0x7885, 0x7885, 0x7885,
    0x7885, 0x7085, 0x7085, 0x7085, 0x7085, 0x7085, 0x7085, 0x6885, 0x6885, 0x6885, 0x6885, 0x6085, 0x6085, 0x6044, 0x71C8, 0x6084,
    0xAC90, 0x828A, 0x4802, 0x5966, 0x5084, 0x5043, 0x4863, 0x4843, 0x4843, 0x4043, 0x4043, 0x4043, 0x4043, 0x4043, 0x4043, 0x4043,
    0x4043, 0x4043, 0x4043, 0x4043, 0x4043, 0x4043, 0x4043, 0x4043, 0x4843, 0x4843, 0x4863, 0x5043, 0x58E5, 0x5905, 0x5002, 0xA42E,
    0x932C, 0x60C5, 0x7187, 0x6044, 0x6085, 0x6085, 0x6885, 0x6885, 0x6885, 0x6885, 0x7085, 0x7085, 0x7085, 0x7085, 0x7085, 0x7885,
    0x7885, 0x7885, 0x7885, 0x7885, 0x7885, 0x7885, 0x7886, 0x7886, 0x7886, 0x7886, 0x7886, 0x7886, 0x7886, 0x7886, 0x7886, 0x7886,
    0x7886, 0x7886, 0x7886, 0x7886, 0x7886, 0x7886, 0x7886, 0x7886, 0x7886, 0x7886, 0x7886, 0x7886, 0x7886, 0x7886, 0x7886, 0x7886,
    0x7886, 0x7886, 0x7886, 0x7886, 0x7886, 0x7886, 0x7886, 0x7886, 0x7886, 0x7886, 0x7886, 0x7886, 0x7886, 0x7886, 0x7886, 0x7886,
    0x7886, 0x7886, 0x7885, 0x7885, 0x7885, 0x7885, 0x7885, 0x7885, 0x7085, 0x7085, 0x7085, 0x7085, 0x7085, 0x7085, 0x6885, 0x6885,
    0x6885, 0x6885, 0x6085, 0x6085, 0x6044, 0x7167, 0x60E5, 0x8ACB, 0xAC70, 0x5003, 0x58E5, 0x5905, 0x5043, 0x4863, 0x4863, 0x4843,
    0x4043, 0x4043, 0x4043, 0x4043, 0x4043, 0x4043, 0x4043, 0x4043, 0x4043, 0x4043, 0x4043, 0x4043, 0x4043, 0x4043, 0x4043, 0x4043,
    0x4043, 0x4843, 0x4863, 0x4863, 0x5043, 0x5946, 0x5064, 0x60C5, 0xBD52, 0x7167, 0x6967, 0x68E6, 0x6044, 0x6085, 0x6885, 0x6885,
    0x6885, 0x6885, 0x6885, 0x7085, 0x7085, 0x7085, 0x7085, 0x7085, 0x7085, 0x7085, 0x7885, 0x7885, 0x7885, 0x7885, 0x7885, 0x7885,
    0x7886, 0x7886, 0x7886, 0x7886, 0x7886, 0x7886, 0x7886, 0x7886, 0x7886, 0x7886, 0x7886, 0x7886, 0x7886, 0x7886, 0x7886, 0x7886,
    0x7886, 0x7886, 0x7886, 0x7886, 0x7886, 0x7886, 0x7886, 0x7886, 0x7886, 0x7886, 0x7886, 0x7886, 0x7886, 0x7886, 0x7886, 0x7886,
    0x7886, 0x7886, 0x7886, 0x7886, 0x7886, 0x7886, 0x7886, 0x7886, 0x7885, 0x7885, 0x7885, 0x7885, 0x7885, 0x7885, 0x7085, 0x7085,
    0x7085, 0x7085, 0x7085, 0x7085, 0x7085, 0x6885, 0x6885, 0x6885, 0x6885, 0x6885, 0x6085, 0x6064, 0x68C5, 0x7187, 0x6926, 0xBD52,
    0x6106, 0x5043, 0x5966, 0x5063, 0x5063, 0x4863, 0x4843, 0x4043, 0x4043, 0x4043, 0x4043, 0x4043, 0x4043, 0x4043, 0x4043, 0x4043,
    0x4043, 0x4043, 0x4043, 0x4043, 0x4043, 0x4043, 0x4043, 0x4043, 0x4043, 0x4843, 0x4843, 0x4863, 0x5043, 0x50A4, 0x5966, 0x4802,
    0x7A49, 0xB4F1, 0x6084, 0x71C8, 0x6084, 0x6064, 0x6085, 0x6885, 0x6885, 0x6885, 0x6885, 0x6885, 0x7085, 0x7085, 0x7085, 0x7085,
    0x7085, 0x7085, 0x7085, 0x7885, 0x7885, 0x7885, 0x7885, 0x7885, 0x7885, 0x7886, 0x7886, 0x7886, 0x7886, 0x7886, 0x7886, 0x7886,
    0x7886, 0x7886, 0x7886, 0x7886, 0x7886, 0x7886, 0x7886, 0x7886, 0x7886, 0x7886, 0x7886, 0x7886, 0x7886, 0x7886, 0x7886, 0x7886,
    0x7886, 0x7886, 0x7886, 0x7886, 0x7886, 0x7886, 0x7886, 0x7886, 0x7886, 0x7886, 0x7886, 0x7886, 0x7886, 0x7886, 0x7886, 0x7885,
    0x7885, 0x7885, 0x7885, 0x7885, 0x7885, 0x7085, 0x7085, 0x7085, 0x7085, 0x7085, 0x7085, 0x7085, 0x6885, 0x6885, 0x6885, 0x6885,
    0x6885, 0x6085, 0x6064, 0x6064, 0x71E8, 0x5864, 0xACB0, 0x82AA, 0x4802, 0x5946, 0x50A4, 0x5043, 0x4863, 0x4843, 0x4843, 0x4043,
    0x4043, 0x4043, 0x4043, 0x4043, 0x4043, 0x4043, 0x4043, 0x4043, 0x4043, 0x4043, 0x4043, 0x4043, 0x4043, 0x4043, 0x4043, 0x4043,
    0x4043, 0x4043, 0x4843, 0x4863, 0x4863, 0x5043, 0x5905, 0x5905, 0x4802, 0x9BCD, 0xA3CE, 0x5884, 0x71C8, 0x6044, 0x6084, 0x6085,
    0x6885, 0x6885, 0x6885, 0x6885, 0x6885, 0x7085, 0x7085, 0x7085, 0x7085, 0x7085, 0x7085, 0x7085, 0x7885, 0x7885, 0x7885, 0x7885,
    0x7885, 0x7885, 0x7885, 0x7886, 0x7886, 0x7886, 0x7886, 0x7886, 0x7886, 0x7886, 0x7886, 0x7886, 0x7886, 0x7886, 0x7886, 0x7886,
    0x7886, 0x7886, 0x7886, 0x7886, 0x7886, 0x7886, 0x7886, 0x7886, 0x7886, 0x7886, 0x7886, 0x7886, 0x7886, 0x7886, 0x7886, 0x7886,
    0x7886, 0x7886, 0x7886, 0x7886, 0x7886, 0x7885, 0x7885, 0x7885, 0x7885, 0x7885, 0x7885, 0x7885, 0x7085, 0x7085, 0x7085, 0x7085,
    0x7085, 0x7085, 0x7085, 0x6885, 0x6885, 0x6885, 0x6885, 0x6885, 0x6085, 0x6085, 0x6044, 0x71C8, 0x5884, 0x9B6D, 0xA42F, 0x5002,
    0x58E5, 0x5925, 0x5043, 0x4863, 0x4863, 0x4843, 0x4043, 0x4043, 0x4043, 0x4043, 0x4043, 0x4043, 0x4043, 0x4043, 0x4043, 0x4043,
    0x4043, 0x4043, 0x4043, 0x4043, 0x4043, 0x4043, 0x4043, 0x4043, 0x4043, 0x4043, 0x4843, 0x4843, 0x4863, 0x5063, 0x5043, 0x5946,
    0x58A4, 0x5043, 0xB4D1, 0x8A8A, 0x60C5, 0x7187, 0x6044, 0x6085, 0x6084, 0x6885, 0x6885, 0x6885, 0x6885, 0x6885, 0x7085, 0x7085,
    0x7085, 0x7085, 0x7085, 0x7085, 0x7085, 0x7885, 0x7885, 0x7885, 0x7885, 0x7885, 0x7885, 0x7885, 0x7885, 0x7886, 0x7886, 0x7886,
    0x7886, 0x7886, 0x7886, 0x7886, 0x7886, 0x7886, 0x7886, 0x7886, 0x7886, 0x7886, 0x7886, 0x7886, 0x7886, 0x7886, 0x7886, 0x7886,
    0x7886, 0x7886, 0x7886, 0x7886, 0x7886, 0x7886, 0x7886, 0x7886, 0x7886, 0x7886, 0x7886, 0x7885, 0x7885, 0x7885, 0x7885, 0x7885,
    0x7885, 0x7885, 0x7885, 0x7085, 0x7085, 0x7085, 0x7085, 0x7085, 0x7085, 0x7085, 0x6885, 0x6885, 0x6885, 0x6885, 0x6885, 0x6085,
    0x6085, 0x6044, 0x7167, 0x6106, 0x8229, 0xB511, 0x5884, 0x5064, 0x5966, 0x5043, 0x5063, 0x4863, 0x4843, 0x4843, 0x4043, 0x4043,
    0x4043, 0x4043, 0x4043, 0x4043, 0x4043, 0x4043, 0x4043, 0x4043, 0x4043, 0x4043, 0x4043, 0x4043, 0x4043, 0x4043, 0x4043, 0x4043,
    0x4043, 0x4043, 0x4043, 0x4843, 0x4843, 0x4863, 0x5043, 0x5064, 0x5966, 0x5023, 0x60E5, 0xBD52, 0x71A8, 0x6926, 0x7167, 0x6044,
    0x6085, 0x6085, 0x6885, 0x6885, 0x6885, 0x6885, 0x6885, 0x7085, 0x7085, 0x7085, 0x7085, 0x7085, 0x7085, 0x7085, 0x7085, 0x7885,
    0x7885, 0x7885, 0x7885, 0x7885, 0x7885, 0x7885, 0x7885, 0x7886, 0x7886, 0x7886, 0x7886, 0x7886, 0x7886, 0x7886, 0x7886, 0x7886,
    0x7886, 0x7886, 0x7886, 0x7886, 0x7886, 0x7886, 0x7886, 0x7886, 0x7886, 0x7886, 0x7886, 0x7886, 0x7886, 0x7886, 0x7886, 0x7886,
    0x7886, 0x7885, 0x7885, 0x7885, 0x7885, 0x7885, 0x7885, 0x7885, 0x7885, 0x7085, 0x7085, 0x7085, 0x7085, 0x7085, 0x7085, 0x7085,
    0x7085, 0x6885, 0x6885, 0x6885, 0x6885, 0x6885, 0x6085, 0x6085, 0x6044, 0x6926, 0x6967, 0x6946, 0xBD72, 0x6946, 0x5023, 0x5966,
    0x5084, 0x5043, 0x4863, 0x4843, 0x4843, 0x4043, 0x4043, 0x4043, 0x4043, 0x4043, 0x4043, 0x4043, 0x4043, 0x4043, 0x4043, 0x4043,
    0x4043, 0x4043, 0x4043, 0x4043, 0x4043, 0x4043, 0x4043, 0x4043, 0x4043, 0x4043, 0x4043, 0x4043, 0x4843, 0x4843, 0x4863, 0x5043,
    0x50A4, 0x5946, 0x5003, 0x71C8, 0xBD52, 0x6906, 0x6967, 0x6926, 0x6044, 0x6085, 0x6085, 0x6885, 0x6885, 0x6885, 0x6885, 0x6885,
    0x7085, 0x7085, 0x7085, 0x7085, 0x7085, 0x7085, 0x7085, 0x7085, 0x7085, 0x7885, 0x7885, 0x7885, 0x7885, 0x7885, 0x7885, 0x7885,
    0x7885, 0x7885, 0x7885, 0x7886, 0x7886, 0x7886, 0x7886, 0x7886, 0x7886, 0x7886, 0x7886, 0x7886, 0x7886, 0x7886, 0x7886, 0x7886,
    0x7886, 0x7886, 0x7886, 0x7886, 0x7886, 0x7885, 0x7885, 0x7885, 0x7885, 0x7885, 0x7885, 0x7885, 0x7885, 0x7885, 0x7885, 0x7885,
    0x7085, 0x7085, 0x7085, 0x7085, 0x7085, 0x7085, 0x7085, 0x7085, 0x6885, 0x6885, 0x6885, 0x6885, 0x6885, 0x6085, 0x6085, 0x6044,
    0x6906, 0x7187, 0x60C5, 0xBD52, 0x7A29, 0x4802, 0x5946, 0x50C5, 0x5043, 0x4863, 0x4863, 0x4843, 0x4043, 0x4043, 0x4043, 0x4043,
    0x4043, 0x4043, 0x4043, 0x4043, 0x4043, 0x4043, 0x4043, 0x4043, 0x4043, 0x4043, 0x4043, 0x4043, 0x4043, 0x4043, 0x4043, 0x4043,
    0x4043, 0x4043, 0x4043, 0x4043, 0x4043, 0x4843, 0x4843, 0x4863, 0x5043, 0x58E5, 0x5926, 0x4802, 0x8269, 0xBD32, 0x60C5, 0x71A7,
    0x6946, 0x6044, 0x6085, 0x6085, 0x6885, 0x6885, 0x6885, 0x6885, 0x6885, 0x6885, 0x7085, 0x7085, 0x7085, 0x7085, 0x7085, 0x7085,
    0x7085, 0x7085, 0x7885, 0x7885, 0x7885, 0x7885, 0x7885, 0x7885, 0x7885, 0x7885, 0x7885, 0x7885, 0x7885, 0x7885, 0x7885, 0x7886,
    0x7886, 0x7886, 0x7886, 0x7886, 0x7886, 0x7886, 0x7886, 0x7886, 0x7886, 0x7885, 0x7885, 0x7885, 0x7885, 0x7885, 0x7885, 0x7885,
    0x7885, 0x7885, 0x7885, 0x7885, 0x7885, 0x7885, 0x7085, 0x7085, 0x7085, 0x7085, 0x7085, 0x7085, 0x7085, 0x7085, 0x6885, 0x6885,
    0x6885, 0x6885, 0x6885, 0x6885, 0x6085, 0x6085, 0x6044, 0x6906, 0x71C8, 0x6084, 0xB511, 0x8ACB, 0x4802, 0x5906, 0x5905, 0x5043,
    0x4863, 0x4863, 0x4843, 0x4843, 0x4043, 0x4043, 0x4043, 0x4043, 0x4043, 0x4043, 0x4043, 0x4043, 0x4043, 0x4043, 0x4043, 0x4043,
    0x4043, 0x4043, 0x4043, 0x4043, 0x4043, 0x4043, 0x4043, 0x4043, 0x4043, 0x4043, 0x4043, 0x4043, 0x4043, 0x4843, 0x4843, 0x4863,
    0x4863, 0x5043, 0x5925, 0x5905, 0x4802, 0x8ACB, 0xB511, 0x60A5, 0x71A7, 0x6926, 0x6044, 0x6085, 0x6085, 0x6885, 0x6885, 0x6885,
    0x6885, 0x6885, 0x6885, 0x7085, 0x7085, 0x7085, 0x7085, 0x7085, 0x7085, 0x7085, 0x7085, 0x7085, 0x7085, 0x7885, 0x7885, 0x7885,
    0x7885, 0x7885, 0x7885, 0x7885, 0x7885, 0x7885, 0x7885, 0x7885, 0x7885, 0x7885, 0x7885, 0x7885, 0x7885, 0x7885, 0x7885, 0x7885,
    0x7885, 0x7885, 0x7885, 0x7885, 0x7885, 0x7885, 0x7885, 0x7885, 0x7885, 0x7885, 0x7885, 0x7085, 0x7085, 0x7085, 0x7085, 0x7085,
    0x7085, 0x7085, 0x7085, 0x7085, 0x7085, 0x6885, 0x6885, 0x6885, 0x6885, 0x6885, 0x6885, 0x6085, 0x6085, 0x6044, 0x6906, 0x71C8,
    0x6084, 0xB4D0, 0x932C, 0x4802, 0x58E5, 0x5926, 0x5043, 0x5063, 0x4863, 0x4843, 0x4843, 0x4043, 0x4043, 0x4043, 0x4043, 0x4043,
    0x4043, 0x4043, 0x4043, 0x4043, 0x4043, 0x4043, 0x4043, 0x4043, 0x4043, 0x4043, 0x4043, 0x4043, 0x4043, 0x4043, 0x4043, 0x4043,
    0x4043, 0x4043, 0x4043, 0x4043, 0x4043, 0x4043, 0x4843, 0x4843, 0x4863, 0x5063, 0x5043, 0x5926, 0x58E5, 0x4802, 0x8B0B, 0xB511,
    0x60C5, 0x6967, 0x7147, 0x6024, 0x6085, 0x6084, 0x6885, 0x6885, 0x6885, 0x6885, 0x6885, 0x6885, 0x6885, 0x7085, 0x7085, 0x7085,
    0x7085, 0x7085, 0x7085, 0x7085, 0x7085, 0x7085, 0x7085, 0x7085, 0x7885, 0x7885, 0x7885, 0x7885, 0x7885, 0x7885, 0x7885, 0x7885,
    0x7885, 0x7885, 0x7885, 0x7885, 0x7885, 0x7885, 0x7885, 0x7885, 0x7885, 0x7885, 0x7885, 0x7885, 0x7885, 0x7885, 0x7885, 0x7885,
    0x7085, 0x7085, 0x7085, 0x7085, 0x7085, 0x7085, 0x7085, 0x7085, 0x7085, 0x7085, 0x7085, 0x6885, 0x6885, 0x6885, 0x6885, 0x6885,
    0x6885, 0x6885, 0x6085, 0x6085, 0x6024, 0x6926, 0x7187, 0x6084, 0xB4D0, 0x936C, 0x4802, 0x58C5, 0x5946, 0x5043, 0x5063, 0x4863,
    0x4843, 0x4843, 0x4043, 0x4043, 0x4043, 0x4043, 0x4043, 0x4043, 0x4043, 0x4043, 0x4043, 0x4043, 0x4043, 0x4043, 0x4043, 0x4043,
    0x4043, 0x4043, 0x4043, 0x4043, 0x4043, 0x4043, 0x4043, 0x4043, 0x4043, 0x4043, 0x4043, 0x4043, 0x4043, 0x4043, 0x4043, 0x4843,
    0x4843, 0x4863, 0x5063, 0x5043, 0x5946, 0x58E5, 0x4802, 0x8ACB, 0xBD32, 0x6906, 0x6926, 0x7187, 0x6044, 0x6064, 0x6085, 0x6085,
    0x6885, 0x6885, 0x6885, 0x6885, 0x6885, 0x6885, 0x7085, 0x7085, 0x7085, 0x7085, 0x7085, 0x7085, 0x7085, 0x7085, 0x7085, 0x7085,
    0x7085, 0x7085, 0x7085, 0x7885, 0x7885, 0x7885, 0x7885, 0x7885, 0x7885, 0x7885, 0x7885, 0x7885, 0x7885, 0x7885, 0x7885, 0x7885,
    0x7885, 0x7885, 0x7885, 0x7885, 0x7885, 0x7085, 0x7085, 0x7085, 0x7085, 0x7085, 0x7085, 0x7085, 0x7085, 0x7085, 0x7085, 0x7085,
    0x7085, 0x7085, 0x6885, 0x6885, 0x6885, 0x6885, 0x6885, 0x6885, 0x6085, 0x6085, 0x6064, 0x6044, 0x7167, 0x6967, 0x60C5, 0xB511,
    0x932C, 0x4802, 0x58C5, 0x5946, 0x5063, 0x5043, 0x4863, 0x4843, 0x4843, 0x4043, 0x4043, 0x4043, 0x4043, 0x4043, 0x4043, 0x4043,
    0x4043, 0x4043, 0x4043, 0x4043, 0x4043, 0x4043, 0x4043, 0x4043, 0x4043, 0x4043, 0x4043, 0x4043, 0x4043, 0x4043, 0x4043, 0x4043,
    0x4043, 0x4043, 0x4043, 0x4043, 0x4043, 0x4043, 0x4043, 0x4043, 0x4843, 0x4843, 0x4863, 0x4863, 0x5043, 0x5946, 0x58E5, 0x4802,
    0x826A, 0xBD52, 0x7187, 0x60E5, 0x71C8, 0x6064, 0x6044, 0x6085, 0x6085, 0x6885, 0x6885, 0x6885, 0x6885, 0x6885, 0x6885, 0x6844,
    0x6844, 0x6865, 0x7085, 0x7085, 0x7085, 0x7085, 0x7085, 0x7085, 0x7085, 0x7085, 0x7085, 0x7085, 0x7085, 0x7085, 0x7085, 0x7085,
    0x7085, 0x7885, 0x7885, 0x7885, 0x7885, 0x7885, 0x7885, 0x7085, 0x7085, 0x7085, 0x7085, 0x7085, 0x7085, 0x7085, 0x7085, 0x7085,
    0x7085, 0x7085, 0x7085, 0x7085, 0x7085, 0x7085, 0x6844, 0x7085, 0x7085, 0x6885, 0x6885, 0x6885, 0x6885, 0x6885, 0x6885, 0x6085,
    0x6085, 0x6064, 0x6064, 0x71C8, 0x6106, 0x6947, 0xBD52, 0x8ACB, 0x4802, 0x58C5, 0x5946, 0x5043, 0x5043, 0x4863, 0x4843, 0x4843,
    0x4043, 0x4043, 0x4043, 0x4043, 0x4043, 0x4043, 0x4043, 0x4043, 0x4043, 0x4043, 0x4043, 0x4043, 0x4043, 0x4043, 0x4043, 0x4043,
    0x4043, 0x4043, 0x4043, 0x4043, 0x4043, 0x4043, 0x4043, 0x4043, 0x4043, 0x4043, 0x4043, 0x4043, 0x4043, 0x4043, 0x4043, 0x4043,
    0x4043, 0x4843, 0x4843, 0x4863, 0x5063, 0x5043, 0x5926, 0x5905, 0x4802, 0x71C8, 0xBD52, 0x828A, 0x5884, 0x71C8, 0x68E5, 0x6044,
    0x6084, 0x6085, 0x6885, 0x6885, 0x6885, 0x6885, 0x6844, 0x89E9, 0x9B0C, 0x7906, 0x6865, 0x7085, 0x7085, 0x7085, 0x7085, 0x7085,
    0x7085, 0x7085, 0x7085, 0x7085, 0x7085, 0x7085, 0x7085, 0x7085, 0x7085, 0x7085, 0x7085, 0x7085, 0x7085, 0x7085, 0x7085, 0x7085,
    0x7085, 0x7085, 0x7085, 0x7085, 0x7085, 0x7085, 0x7085, 0x7085, 0x7085, 0x7085, 0x7085, 0x7085, 0x7085, 0x6865, 0x8188, 0x6885,
    0x6024, 0x6885, 0x6885, 0x6885, 0x6885, 0x6885, 0x6085, 0x6085, 0x6044, 0x68C5, 0x71E8, 0x6084, 0x8229, 0xBD72, 0x7A29, 0x4802,
    0x58E5, 0x5946, 0x5063, 0x5043, 0x4863, 0x4843, 0x4843, 0x4043, 0x4043, 0x4043, 0x4043, 0x4043, 0x4043, 0x4043, 0x4043, 0x4043,
    0x4043, 0x4043, 0x4043, 0x4043, 0x4043, 0x4043, 0x4043, 0x4043, 0x4043, 0x4043, 0x4043, 0x4043, 0x4043, 0x4043, 0x4043, 0x4043,
    0x4043, 0x4043, 0x4043, 0x4043, 0x4043, 0x4043, 0x4043, 0x4043, 0x4043, 0x4043, 0x4843, 0x4843, 0x4863, 0x4863, 0x5043, 0x5925,
    0x5926, 0x5003, 0x6106, 0xB4F1, 0x9BCD, 0x6084, 0x6987, 0x7187, 0x6064, 0x6064, 0x6085, 0x6085, 0x6885, 0x6885, 0x6864, 0xABAE,
    0x92AB, 0xAB8D, 0x6844, 0x7085, 0x7085, 0x6844, 0x6844, 0x7085, 0x7085, 0x7085, 0x7085, 0x7085, 0x7085, 0x7085, 0x7085, 0x7085,
    0x7085, 0x7085, 0x7085, 0x7085, 0x7085, 0x7085, 0x7085, 0x7085, 0x7085, 0x7085, 0x7085, 0x7085, 0x7085, 0x7085, 0x7085, 0x7085,
    0x7085, 0x6844, 0x6865, 0x7085, 0x7085, 0x6024, 0x9B0C, 0x92AB, 0x81E9, 0x70C5, 0x6864, 0x6885, 0x6085, 0x6085, 0x6064, 0x6044,
    0x7167, 0x71A7, 0x5884, 0x9B6D, 0xB511, 0x6946, 0x4802, 0x5926, 0x5926, 0x5043, 0x5043, 0x4863, 0x4843, 0x4843, 0x4043, 0x4043,
    0x4043, 0x4043, 0x4043, 0x4043, 0x4043, 0x4043, 0x4043, 0x4043, 0x4043, 0x4043, 0x4043, 0x4043, 0x4043, 0x4043, 0x4043, 0x4043,
    0x4043, 0x4043, 0x4043, 0x4043, 0x4043, 0x4043, 0x4043, 0x4043, 0x4043, 0x4043, 0x4043, 0x4043, 0x4043, 0x4043, 0x4043, 0x4043,
    0x4043, 0x4043, 0x4043, 0x4843, 0x4843, 0x4863, 0x5063, 0x5043, 0x5905, 0x5946, 0x5023, 0x5843, 0x9BEE, 0xB4F1, 0x7147, 0x60E5,
    0x71C8, 0x68E5, 0x6044, 0x6064, 0x6085, 0x6085, 0x6064, 0x7947, 0x9B0C, 0x81C8, 0x6844, 0x6885, 0x6844, 0x89E9, 0x89C9, 0x7085,
    0x7085, 0x7085, 0x7085, 0x7085, 0x7085, 0x7085, 0x7085, 0x7085, 0x7085, 0x7085, 0x7085, 0x7085, 0x7085, 0x7085, 0x7085, 0x7085,
    0x7085, 0x7085, 0x7085, 0x7085, 0x7065, 0x7085, 0x7085, 0x7085, 0x6865, 0x89C9, 0x7106, 0x6844, 0x6885, 0x6864, 0x70E6, 0xA36D,
    0x81A8, 0x6885, 0x6085, 0x6085, 0x6064, 0x6044, 0x68C5, 0x71C8, 0x6105, 0x6926, 0xACB0, 0xA42F, 0x5864, 0x5003, 0x5946, 0x5905,
    0x5043, 0x5063, 0x4863, 0x4843, 0x4843, 0x4043, 0x4043, 0x4043, 0x4043, 0x4043, 0x4043, 0x4043, 0x4043, 0x4043, 0x4043, 0x4043,
    0x4043, 0x4043, 0x4043, 0x4043, 0x4043, 0x4043, 0x4043, 0x4043, 0x4043, 0x4043, 0x4043, 0x4043, 0x4043, 0x4043, 0x4043, 0x4043,
    0x4043, 0x4043, 0x4043, 0x4043, 0x4043, 0x4043, 0x4043, 0x4043, 0x4043, 0x4043, 0x4043, 0x4043, 0x4843, 0x4843, 0x4863, 0x5063,
    0x5043, 0x50C4, 0x5966, 0x5884, 0x4802, 0x8269, 0xBD52, 0x930C, 0x60A4, 0x6967, 0x71A7, 0x6085, 0x6044, 0x6064, 0x6085, 0x6044,
    0x6044, 0x6044, 0x6885, 0x6865, 0x68A5, 0xB470, 0xBCD1, 0x926A, 0x6824, 0x70A5, 0x6885, 0x70A5, 0x7085, 0x7085, 0x7085, 0x7085,
    0x6844, 0x6844, 0x7085, 0x7085, 0x7085, 0x7085, 0x6864, 0x7085, 0x7085, 0x7085, 0x6865, 0x6824, 0x70A5, 0x7085, 0x6885, 0x6885,
    0x6885, 0xB40F, 0xB42F, 0x70C6, 0x6864, 0x6885, 0x6865, 0x6024, 0x6044, 0x6085, 0x6064, 0x6044, 0x6084, 0x7187, 0x6987, 0x60A4,
    0x8ACB, 0xBD52, 0x82AA, 0x5002, 0x5064, 0x5966, 0x50C5, 0x5043, 0x5063, 0x4863, 0x4843, 0x4843, 0x4043, 0x4043, 0x4043, 0x4043,
    0x4043, 0x4043, 0x4043, 0x4043, 0x4043, 0x4043, 0x4043, 0x4043, 0x4043, 0x4043, 0x4043, 0x4043, 0x4043, 0x4043, 0x4043, 0x4043,
    0x4043, 0x4043, 0x4043, 0x4043, 0x4043, 0x4043, 0x4043, 0x4043, 0x4043, 0x4043, 0x4043, 0x4043, 0x4043, 0x4043, 0x4043, 0x4043,
    0x4043, 0x4043, 0x4043, 0x4043, 0x4043, 0x4843, 0x4843, 0x4863, 0x4863, 0x5043, 0x5084, 0x5946, 0x5905, 0x4802, 0x60E5, 0xA44F,
    0xB4D0, 0x71C8, 0x60A5, 0x71A7, 0x7167, 0x6084, 0x6044, 0x6084, 0x6085, 0x6885, 0x6885, 0x6064, 0x7106, 0x8A4A, 0xA34D, 0x7106,
    0x6864, 0x6885, 0x6864, 0xA32C, 0x70E6, 0x6865, 0x6885, 0x6865, 0x89E9, 0x81A8, 0x6865, 0x6885, 0x6885, 0x70A5, 0x7947, 0x6885,
    0x7085, 0x6844, 0x89E9, 0xA36D, 0xA32C, 0x7106, 0x6864, 0x6865, 0x70C5, 0x9B0C, 0x8A29, 0x7967, 0x6044, 0x6885, 0x6085, 0x6085,
    0x6085, 0x6044, 0x6064, 0x7167, 0x71A7, 0x60C5, 0x7187, 0xAC90, 0xAC6F, 0x6106, 0x4802, 0x58E5, 0x5966, 0x5084, 0x5043, 0x4863,
    0x4863, 0x4843, 0x4843, 0x4043, 0x4043, 0x4043, 0x4043, 0x4043, 0x4043, 0x4043, 0x4043, 0x4043, 0x4043, 0x4043, 0x4043, 0x4043,
    0x4043, 0x4043, 0x4043, 0x4043, 0x4043, 0x4043, 0x4043, 0x4043, 0x4043, 0x4043, 0x4043, 0x4043, 0x4043, 0x4043, 0x4043, 0x4043,
    0x4043, 0x4043, 0x4043, 0x4043, 0x4043, 0x4043, 0x4043, 0x4043, 0x4043, 0x4043, 0x4043, 0x4043, 0x4043, 0x4043, 0x4843, 0x4843,
    0x4863, 0x4863, 0x5043, 0x5043, 0x5905, 0x5966, 0x5064, 0x5002, 0x7A29, 0xB511, 0xA3EE, 0x6946, 0x60E5, 0x71A7, 0x7167, 0x6085,
    0x6044, 0x6064, 0x6085, 0x6085, 0x6064, 0x6044, 0x68A5, 0x6885, 0x6885, 0x6864, 0x70C6, 0xABAE, 0x6865, 0x6885, 0x6024, 0x8A4A,
    0xAB8D, 0x9B0C, 0x7106, 0x6865, 0x6865, 0x70E6, 0xABAE, 0x6865, 0x6885, 0x6024, 0x89E9, 0xABEE, 0xB450, 0x7988, 0x6044, 0x6885,
    0x6885, 0x68A5, 0x6024, 0x6064, 0x6085, 0x6085, 0x6064, 0x6044, 0x6085, 0x7147, 0x71A8, 0x60E5, 0x6926, 0x9BCD, 0xB511, 0x828A,
    0x5003, 0x5043, 0x5946, 0x5925, 0x5043, 0x5043, 0x4863, 0x4863, 0x4843, 0x4843, 0x4043, 0x4043, 0x4043, 0x4043, 0x4043, 0x4043,
    0x4043, 0x4043, 0x4043, 0x4043, 0x4043, 0x4043, 0x4043, 0x4043, 0x4043, 0x4043, 0x4043, 0x4043, 0x4043, 0x4043, 0x4043, 0x4043,
    0x4043, 0x4043, 0x4043, 0x4043, 0x4043, 0x4043, 0x4043, 0x4043, 0x4043, 0x4043, 0x4043, 0x4043, 0x4043, 0x4043, 0x4043, 0x4043,
    0x4043, 0x4043, 0x4043, 0x4043, 0x4043, 0x4043, 0x4043, 0x4843, 0x4843, 0x4843, 0x4863, 0x5063, 0x5043, 0x50A4, 0x5966, 0x5905,
    0x5003, 0x5864, 0x8B2C, 0xB511, 0x9B8D, 0x6926, 0x60C5, 0x6987, 0x7187, 0x68E5, 0x6064, 0x6044, 0x6064, 0x6085, 0x6064, 0x6085,
    0x6885, 0x6064, 0x68A5, 0x7106, 0x6864, 0x6885, 0x6044, 0x7947, 0x9B2C, 0xABCE, 0x7947, 0x6844, 0x6885, 0x68A5, 0x9B0C, 0x6885,
    0x6885, 0x6864, 0x70E6, 0x7126, 0x68A5, 0x68C5, 0x6064, 0x6885, 0x6085, 0x6064, 0x6885, 0x6064, 0x6044, 0x6044, 0x68C5, 0x7187,
    0x7187, 0x60E5, 0x6906, 0x934C, 0xB511, 0x936C, 0x5884, 0x4802, 0x58E5, 0x5966, 0x50A4, 0x5043, 0x5063, 0x4863, 0x4863, 0x4843,
    0x4843, 0x4043, 0x4043, 0x4043, 0x4043, 0x4043, 0x4043, 0x4043, 0x4043, 0x4043, 0x4043, 0x4043, 0x4043, 0x4043, 0x4043, 0x4043,
    0x4043, 0x4043, 0x4043, 0x4043, 0x4043, 0x4043, 0x4043, 0x4043, 0x4043, 0x4043, 0x4043, 0x4043, 0x4043, 0x4043, 0x4043, 0x4043,
    0x4043, 0x4043, 0x4043, 0x4043, 0x4043, 0x4043, 0x4043, 0x4043, 0x4043, 0x4043, 0x4043, 0x4043, 0x4043, 0x4043, 0x4043, 0x4043,
    0x4043, 0x4843, 0x4843, 0x4863, 0x4863, 0x4843, 0x5043, 0x5905, 0x5966, 0x58A4, 0x4802, 0x60A5, 0x936D, 0xB511, 0x9BCE, 0x7187,
    0x60C5, 0x6946, 0x7187, 0x6947, 0x68C5, 0x6064, 0x6044, 0x6064, 0x6064, 0x6085, 0x6084, 0x6064, 0x6085, 0x6085, 0x6885, 0x6044,
    0x6885, 0x6885, 0x6064, 0x6885, 0x6885, 0x6885, 0x6885, 0x6885, 0x6885, 0x6885, 0x6064, 0x6064, 0x6064, 0x6064, 0x6085, 0x6064,
    0x6064, 0x6044, 0x6064, 0x60A5, 0x6946, 0x7187, 0x6946, 0x60C5, 0x7167, 0x9B8D, 0xB511, 0x9BAD, 0x60E5, 0x4802, 0x58A4, 0x5966,
    0x5905, 0x5043, 0x5043, 0x4863, 0x4863, 0x4843, 0x4843, 0x4843, 0x4043, 0x4043, 0x4043, 0x4043, 0x4043, 0x4043, 0x4043, 0x4043,
    0x4043, 0x4043, 0x4043, 0x4043, 0x4043, 0x4043, 0x4043, 0x4043, 0x4043, 0x4043, 0x4043, 0x4043, 0x4043, 0x4043, 0x4043, 0x4043,
    0x4043, 0x4043, 0x4043, 0x4043, 0x4043, 0x4043, 0x4043, 0x4043, 0x4043, 0x4043, 0x4043, 0x4043, 0x4043, 0x4043, 0x4043, 0x4043,
    0x4043, 0x4043, 0x4043, 0x4043, 0x4043, 0x4043, 0x4043, 0x4043, 0x4043, 0x4043, 0x4843, 0x4843, 0x4843, 0x4863, 0x4863, 0x5043,
    0x5084, 0x5925, 0x5946, 0x5084, 0x4802, 0x60A5, 0x8B0B, 0xB4D1, 0xAC6F, 0x828A, 0x6906, 0x60E5, 0x6946, 0x7187, 0x7167, 0x6906,
    0x6085, 0x6064, 0x6044, 0x6044, 0x6064, 0x6064, 0x6064, 0x6085, 0x6085, 0x6084, 0x6085, 0x6085, 0x6085, 0x6085, 0x6085, 0x6085,
    0x6084, 0x6064, 0x6064, 0x6064, 0x6044, 0x6044, 0x6044, 0x6085, 0x68E6, 0x7167, 0x7187, 0x6946, 0x60E5, 0x6906, 0x824A, 0xA44F,
    0xB4F1, 0x934C, 0x60C5, 0x4802, 0x5084, 0x5946, 0x5926, 0x5084, 0x5043, 0x4863, 0x4863, 0x4863, 0x4843, 0x4843, 0x4043, 0x4043,
    0x4043, 0x4043, 0x4043, 0x4043, 0x4043, 0x4043, 0x4043, 0x4043, 0x4043, 0x4043, 0x4043, 0x4043, 0x4043, 0x4043, 0x4043, 0x4043,
    0x4043, 0x4043, 0x4043, 0x4043, 0x4043, 0x4043, 0x4043, 0x4043, 0x4043, 0x4043, 0x4043, 0x4043, 0x4043, 0x4043, 0x4043, 0x4043,
    0x4043, 0x4043, 0x4043, 0x4043, 0x4043, 0x4043, 0x4043, 0x4043, 0x4043, 0x4043, 0x4043, 0x4043, 0x4043, 0x4043, 0x4043, 0x4043,
    0x4043, 0x4043, 0x4043, 0x4843, 0x4843, 0x4843, 0x4863, 0x4863, 0x4843, 0x5043, 0x5084, 0x5926, 0x5946, 0x58A4, 0x4802, 0x5844,
    0x7A29, 0xA42F, 0xB4F1, 0xA3EE, 0x8249, 0x6926, 0x60E5, 0x6926, 0x6967, 0x7187, 0x7167, 0x6926, 0x68E6, 0x60A5, 0x6085, 0x6064,
    0x6064, 0x6064, 0x6044, 0x6044, 0x6044, 0x6044, 0x6044, 0x6064, 0x6064, 0x6085, 0x60A5, 0x68E6, 0x6926, 0x7167, 0x7187, 0x6967,
    0x6926, 0x60E5, 0x6926, 0x8229, 0x9BCE, 0xB4D1, 0xA44F, 0x8269, 0x5864, 0x4802, 0x5084, 0x5946, 0x5946, 0x50A4, 0x5043, 0x4843,
    0x4863, 0x4863, 0x4843, 0x4843, 0x4843, 0x4043, 0x4043, 0x4043, 0x4043, 0x4043, 0x4043, 0x4043, 0x4043, 0x4043, 0x4043, 0x4043,
    0x4043, 0x4043, 0x4043, 0x4043, 0x4043, 0x4043, 0x4043, 0x4043, 0x4043, 0x4043, 0x4043, 0x4043, 0x4043, 0x4043, 0x4043, 0x4043,
    0x4043, 0x4043, 0x4043, 0x4043, 0x4043, 0x4043, 0x4043, 0x4043, 0x4043, 0x4043, 0x4043, 0x4043, 0x4043, 0x4043, 0x4043, 0x4043,
    0x4043, 0x4043, 0x4043, 0x4043, 0x4043, 0x4043, 0x4043, 0x4043, 0x4043, 0x4043, 0x4043, 0x4043, 0x4043, 0x4843, 0x4843, 0x4843,
    0x4863, 0x4863, 0x5043, 0x5043, 0x5084, 0x5925, 0x5966, 0x58E5, 0x5023, 0x5003, 0x60E5, 0x82AA, 0xA44F, 0xB4D1, 0xA44F, 0x932C,
    0x7A09, 0x6946, 0x60E5, 0x60E5, 0x6106, 0x6946, 0x6967, 0x6967, 0x6967, 0x7167, 0x7167, 0x7167, 0x7167, 0x7167, 0x7167, 0x6967,
    0x6967, 0x6967, 0x6946, 0x6906, 0x60E5, 0x60E5, 0x6926, 0x79E8, 0x930C, 0xA42F, 0xB4D0, 0xA46F, 0x8AEB, 0x6106, 0x5003, 0x5003,
    0x58C5, 0x5946, 0x5926, 0x50A4, 0x5043, 0x5043, 0x4863, 0x4863, 0x4863, 0x4843, 0x4843, 0x4043, 0x4043, 0x4043, 0x4043, 0x4043,
    0x4043, 0x4043, 0x4043, 0x4043, 0x4043, 0x4043, 0x4043, 0x4043, 0x4043, 0x4043, 0x4043, 0x4043, 0x4043, 0x4043, 0x4043, 0x4043,
    0x4043, 0x4043, 0x4043, 0x4043, 0x4043, 0x4043, 0x4043, 0x4043, 0x4043, 0x4043, 0x4043, 0x4043, 0x4043, 0x4043, 0x4043, 0x4043,
    0x4043, 0x4043, 0x4043, 0x4043, 0x4043, 0x4043, 0x4043, 0x4043, 0x4043, 0x4043, 0x4043, 0x4043, 0x4043, 0x4043, 0x4043, 0x4043,
    0x4043, 0x4043, 0x4043, 0x4043, 0x4043, 0x4043, 0x4043, 0x4843, 0x4843, 0x4863, 0x4863, 0x4863, 0x4843, 0x5043, 0x5064, 0x58E5,
    0x5946, 0x5926, 0x50A4, 0x5003, 0x5003, 0x60C5, 0x7A09, 0x938D, 0xAC6F, 0xACD0, 0xAC90, 0xA3EE, 0x932C, 0x828A, 0x7A09, 0x71A8,
    0x7167, 0x6946, 0x6926, 0x6926, 0x6926, 0x6926, 0x6946, 0x7167, 0x71A8, 0x7A09, 0x828A, 0x932C, 0x9BCE, 0xAC6F, 0xB4D0, 0xAC90,
    0x9B8D, 0x7A29, 0x60C5, 0x5003, 0x5003, 0x5084, 0x5926, 0x5946, 0x5905, 0x5084, 0x5043, 0x4843, 0x4863, 0x4863, 0x4863, 0x4843,
    0x4843, 0x4043, 0x4043, 0x4043, 0x4043, 0x4043, 0x4043, 0x4043, 0x4043, 0x4043, 0x4043, 0x4043, 0x4043, 0x4043, 0x4043, 0x4043,
    0x4043, 0x4043, 0x4043, 0x4043, 0x4043, 0x4043, 0x4043, 0x4043, 0x4043, 0x4043, 0x4043, 0x4043, 0x4043, 0x4043, 0x4043, 0x4043,
    0x4043, 0x4043, 0x4043, 0x4043, 0x4043, 0x4043, 0x4043, 0x4043, 0x4043, 0x4043, 0x4043, 0x4043, 0x4043, 0x4043, 0x4043, 0x4043,
    0x4043, 0x4043, 0x4043, 0x4043, 0x4043, 0x4043, 0x4043, 0x4043, 0x4043, 0x4043, 0x4043, 0x4043, 0x4043, 0x4043, 0x4043, 0x4043,
    0x4843, 0x4843, 0x4843, 0x4843, 0x4863, 0x4863, 0x4843, 0x5043, 0x5043, 0x50A4, 0x5905, 0x5946, 0x5926, 0x58C5, 0x5043, 0x4802,
    0x5003, 0x58A5, 0x7187, 0x828A, 0x934C, 0x9BEE, 0xA44F, 0xAC90, 0xACB0, 0xACB0, 0xACB0, 0xACB0, 0xACB0, 0xACB0, 0xACB0, 0xACB0,
    0xAC90, 0xA46F, 0x9BEE, 0x936C, 0x828A, 0x7187, 0x60A5, 0x5023, 0x4802, 0x5023, 0x58A4, 0x5926, 0x5946, 0x5905, 0x50A4, 0x5043,
    0x5043, 0x4843, 0x4863, 0x4863, 0x4843, 0x4843, 0x4843, 0x4843, 0x4043, 0x4043, 0x4043, 0x4043, 0x4043, 0x4043, 0x4043, 0x4043,
    0x4043, 0x4043, 0x4043, 0x4043, 0x4043, 0x4043, 0x4043, 0x4043, 0x4043, 0x4043, 0x4043, 0x4043, 0x4043, 0x4043, 0x4043, 0x4043,
    0x4043, 0x4043, 0x4043, 0x4043, 0x4043, 0x4043, 0x4043, 0x4043, 0x4043, 0x4043, 0x4043, 0x4043, 0x4043, 0x4043, 0x4043, 0x4043,
    0x4043, 0x4043, 0x4043, 0x4043, 0x4043, 0x4043, 0x4043, 0x4043, 0x4043, 0x4043, 0x4043, 0x4043, 0x4043, 0x4043, 0x4043, 0x4043,
    0x4043, 0x4043, 0x4043, 0x4043, 0x4043, 0x4043, 0x4043, 0x4043, 0x4043, 0x4043, 0x4843, 0x4843, 0x4843, 0x4843, 0x4863, 0x4863,
    0x4863, 0x4843, 0x5043, 0x5063, 0x50A4, 0x5905, 0x5946, 0x5946, 0x5926, 0x58E5, 0x5064, 0x5023, 0x4803, 0x5003, 0x5003, 0x5043,
    0x5864, 0x58A4, 0x60E5, 0x60E5, 0x60E5, 0x60E5, 0x58A5, 0x5884, 0x5043, 0x5003, 0x5003, 0x4803, 0x5023, 0x5064, 0x58C5, 0x5926,
    0x5946, 0x5946, 0x5905, 0x50A4, 0x5063, 0x5043, 0x4843, 0x4863, 0x4863, 0x4863, 0x4843, 0x4843, 0x4843, 0x4843, 0x4043, 0x4043,
    0x4043, 0x4043, 0x4043, 0x4043, 0x4043, 0x4043, 0x4043, 0x4043, 0x4043, 0x4043, 0x4043, 0x4043, 0x4043, 0x4043, 0x4043, 0x4043,
    0x4043, 0x4043, 0x4043, 0x4043, 0x4043, 0x4043, 0x4043, 0x4043, 0x4043, 0x4043, 0x4043, 0x4043, 0x4043, 0x4043, 0x4043, 0x4043,
    0x4043, 0x4043, 0x4043, 0x4043, 0x4043, 0x4043, 0x4043, 0x4043, 0x4043, 0x4043, 0x4043, 0x4043, 0x4043, 0x4043, 0x4043, 0x4043,
    0x4043, 0x4043, 0x4043, 0x4043, 0x4043, 0x4043, 0x4043, 0x4043, 0x4043, 0x4043, 0x4043, 0x4043, 0x4043, 0x4043, 0x4043, 0x4043,
    0x4043, 0x4043, 0x4043, 0x4043, 0x4043, 0x4843, 0x4843, 0x4843, 0x4863, 0x4863, 0x4863, 0x4863, 0x4843, 0x5043, 0x5043, 0x5064,
    0x50A4, 0x58E5, 0x5925, 0x5946, 0x5946, 0x5946, 0x5926, 0x5905, 0x58E5, 0x58E5, 0x58C5, 0x58C5, 0x58C5, 0x58C5, 0x58E5, 0x58E5,
    0x5905, 0x5926, 0x5946, 0x5946, 0x5946, 0x5925, 0x58E5, 0x50A4, 0x5064, 0x5043, 0x5043, 0x4843, 0x4863, 0x4863, 0x4863, 0x4863,
    0x4843, 0x4843, 0x4843, 0x4043, 0x4043, 0x4043, 0x4043, 0x4043, 0x4043, 0x4043, 0x4043, 0x4043, 0x4043, 0x4043, 0x4043, 0x4043,
    0x4043, 0x4043, 0x4043, 0x4043, 0x4043, 0x4043, 0x4043, 0x4043, 0x4043, 0x4043, 0x4043, 0x4043, 0x4043, 0x4043, 0x4043, 0x4043,
    0x4043, 0x4043, 0x4043, 0x4043, 0x4043, 0x4043, 0x4043, 0x4043, 0x4043, 0x4043, 0x4043, 0x4043, 0x4043, 0x4043, 0x4043, 0x4043,
    0x4043, 0x4043, 0x4043, 0x4043, 0x4043, 0x4043, 0x4043, 0x4043, 0x4043, 0x4043, 0x4043, 0x4043, 0x4043, 0x4043, 0x4043, 0x4043,
    0x4043, 0x4043, 0x4043, 0x4043, 0x4043, 0x4043, 0x4043, 0x4043, 0x4043, 0x4043, 0x4043, 0x4043, 0x4043, 0x4043, 0x4043, 0x4843,
    0x4843, 0x4843, 0x4843, 0x4863, 0x4863, 0x4863, 0x4863, 0x4863, 0x4843, 0x4843, 0x5043, 0x5043, 0x5063, 0x5084, 0x5084, 0x50A4,
    0x50C5, 0x50C5, 0x58E5, 0x58E5, 0x58E5, 0x58E5, 0x50C5, 0x50C5, 0x50A4, 0x5084, 0x5084, 0x5063, 0x5043, 0x5043, 0x4843, 0x4843,
    0x4843, 0x4863, 0x4863, 0x4863, 0x4863, 0x4843, 0x4843, 0x4843, 0x4843, 0x4043, 0x4043, 0x4043, 0x4043, 0x4043, 0x4043, 0x4043,
    0x4043, 0x4043, 0x4043, 0x4043, 0x4043, 0x4043, 0x4043, 0x4043, 0x4043, 0x4043, 0x4043, 0x4043, 0x4043, 0x4043, 0x4043, 0x4043,
    0x4043, 0x4043, 0x4043, 0x4043, 0x4043, 0x4043, 0x4043, 0x4043, 0x4043, 0x4043, 0x4043, 0x4043, 0x4043, 0x4043, 0x4043, 0x4043,
    0x4043, 0x4043, 0x4043, 0x4043, 0x4043, 0x4043, 0x4043, 0x4043, 0x4043, 0x4043, 0x4043, 0x4043, 0x4043, 0x4043, 0x4043, 0x4043,
    0x4043, 0x4043, 0x4043, 0x4043, 0x4043, 0x4043, 0x4043, 0x4043, 0x4043, 0x4043, 0x4043, 0x4043, 0x4043, 0x4043, 0x4043, 0x4043,
    0x4043, 0x4043, 0x4043, 0x4043, 0x4043, 0x4043, 0x4043, 0x4043, 0x4043, 0x4043, 0x4843, 0x4843, 0x4843, 0x4843, 0x4843, 0x4863,
    0x4863, 0x4863, 0x4863, 0x4863, 0x4863, 0x4843, 0x4843, 0x4843, 0x4843, 0x4843, 0x4843, 0x4843, 0x4843, 0x4843, 0x4843, 0x4843,
    0x4843, 0x4843, 0x4843, 0x4863, 0x4863, 0x4863, 0x4863, 0x4863, 0x4863, 0x4843, 0x4843, 0x4843, 0x4843, 0x4843, 0x4043, 0x4043,
    0x4043, 0x4043, 0x4043, 0x4043, 0x4043, 0x4043, 0x4043, 0x4043, 0x4043, 0x4043, 0x4043, 0x4043, 0x4043, 0x4043, 0x4043, 0x4043,
    0x4043, 0x4043, 0x4043, 0x4043, 0x4043, 0x4043, 0x4043, 0x4043, 0x4043, 0x4043, 0x4043, 0x4043, 0x4043, 0x4043, 0x4043, 0x4043,
    0x4043, 0x4043, 0x4043, 0x4043, 0x4043, 0x4043, 0x4043, 0x4043, 0x4043, 0x4043, 0x4043, 0x4043, 0x4043, 0x4043, 0x4043, 0x4043,
    0x4043, 0x4043, 0x4043, 0x4043, 0x4043, 0x4043, 0x4043, 0x4043, 0x4043, 0x4043, 0x4043, 0x4043, 0x4043, 0x4043, 0x4043, 0x4043,
    0x4043, 0x4043, 0x4043, 0x4043, 0x4043, 0x4043, 0x4043, 0x4043, 0x4043, 0x4043, 0x4043, 0x4043, 0x4043, 0x4043, 0x4043, 0x4043,
    0x4043, 0x4043, 0x4043, 0x4043, 0x4043, 0x4843, 0x4843, 0x4843, 0x4843, 0x4843, 0x4843, 0x4843, 0x4843, 0x4863, 0x4863, 0x4863,
    0x4863, 0x4863, 0x4863, 0x4863, 0x4863, 0x4863, 0x4863, 0x4863, 0x4863, 0x4863, 0x4863, 0x4843, 0x4843, 0x4843, 0x4843, 0x4843,
    0x4843, 0x4843, 0x4843, 0x4043, 0x4043, 0x4043, 0x4043, 0x4043, 0x4043, 0x4043, 0x4043, 0x4043, 0x4043, 0x4043, 0x4043, 0x4043,
    0x4043, 0x4043, 0x4043, 0x4043, 0x4043, 0x4043, 0x4043, 0x4043, 0x4043, 0x4043, 0x4043, 0x4043, 0x4043, 0x4043, 0x4043, 0x4043,
    0x4043, 0x4043, 0x4043, 0x4043, 0x4043, 0x4043, 0x4043, 0x4043, 0x4043, 0x4043, 0x4043, 0x4043, 0x4043, 0x4043, 0x4043, 0x4043,
    0x4043, 0x4043, 0x4043, 0x4043, 0x4043, 0x4043, 0x4043, 0x4043, 0x4043, 0x4043, 0x4043, 0x4043, 0x4043, 0x4043, 0x4043, 0x4043,
    0x4043, 0x4043, 0x4043, 0x4043, 0x4043, 0x4043, 0x4043, 0x4043, 0x4043, 0x4043, 0x4043, 0x4043, 0x4043, 0x4043, 0x4043, 0x4043,
    0x4043, 0x4043, 0x4043, 0x4043, 0x4043, 0x4043, 0x4043, 0x4043, 0x4043, 0x4043, 0x4043, 0x4043, 0x4043, 0x4043, 0x4043, 0x4043,
    0x4043, 0x4043, 0x4843, 0x4843, 0x4843, 0x4843, 0x4843, 0x4843, 0x4843, 0x4843, 0x4843, 0x4843, 0x4843, 0x4843, 0x4843, 0x4843,
    0x4843, 0x4843, 0x4843, 0x4843, 0x4843, 0x4843, 0x4043, 0x4043, 0x4043, 0x4043, 0x4043, 0x4043, 0x4043, 0x4043, 0x4043, 0x4043,
    0x4043, 0x4043, 0x4043, 0x4043, 0x4043, 0x4043, 0x4043, 0x4043, 0x4043, 0x4043, 0x4043, 0x4043, 0x4043, 0x4043, 0x4043, 0x4043,
    0x4043, 0x4043, 0x4043, 0x4043, 0x4043, 0x4043, 0x4043, 0x4043, 0x4043, 0x4043, 0x4043, 0x4043, 0x4043, 0x4043, 0x4043, 0x4043,
    0x4043, 0x4043, 0x4043, 0x4043, 0x4043, 0x4043, 0x4043, 0x4043, 0x4043, 0x4043, 0x4043, 0x4043, 0x4043, 0x4043, 0x4043, 0x4043,
    0x4043, 0x4043, 0x4043, 0x4043, 0x4043, 0x4043, 0x4043, 0x4043, 0x4043, 0x4043, 0x4043, 0x4043, 0x4043, 0x4043, 0x4043, 0x4043,
    0x4043, 0x4043, 0x4043, 0x4043, 0x4043, 0x4043, 0x4043, 0x4043, 0x4043, 0x4043, 0x4043, 0x4043, 0x4043, 0x4043, 0x4043, 0x4043,
    0x4043, 0x4043, 0x4043, 0x4043, 0x4043, 0x4043, 0x4043, 0x4043, 0x4043, 0x4043, 0x4043, 0x4043, 0x4043, 0x4043, 0x4043, 0x4043,
    0x4043, 0x4043, 0x4043, 0x4043, 0x4043, 0x4043, 0x4043, 0x4043, 0x4043, 0x4043, 0x4043, 0x4043, 0x4043, 0x4043, 0x4043, 0x4043,
    0x4043, 0x4043, 0x4043, 0x4043, 0x4043, 0x4043, 0x4043, 0x4043, 0x4043, 0x4043, 0x4043, 0x4043, 0x4043, 0x4043, 0x4043, 0x4043,
    0x4043, 0x4043, 0x4043, 0x4043, 0x4043, 0x4043, 0x4043, 0x4043, 0x4043, 0x4043, 0x4043, 0x4043, 0x4043, 0x4043, 0x4043, 0x4043,
    0x4043, 0x4043, 0x4043, 0x4043, 0x4043, 0x4043, 0x4043, 0x4043, 0x4043, 0x4043, 0x4043, 0x4043, 0x4043, 0x4043, 0x4043, 0x4043,
};
