// flavor_3 - 129x240 RGB565 bitmap
// Auto-generated from flavor_3.png by tools/png_to_rgb565.py
#pragma once

#include <Arduino.h>

const uint16_t flavor2_card[129 * 240] PROGMEM = {
    0xAB26, 0xAB46, 0xAB46, 0xAB46, 0xAB46, 0xAB46, 0xAB46, 0xAB46, 0xAB46, 0xAB46, 0xAB46, 0xAB46, 0xAB46, 0xAB46, 0xAB46, 0xAB46,
    0xAB46, 0xAB46, 0xAB46, 0xAB46, 0xAB46, 0xAB46, 0xAB46, 0xAB46, 0xAB46, 0xAB46, 0xAB46, 0xAB46, 0xAB46, 0xAB46, 0xAB04, 0xAAE3,
    0xAAE3, 0xAAE3, 0xAAE3, 0xAAE3, 0xAAE3, 0xAAE3, 0xAAE3, 0xAAE3, 0xAAE3, 0xAAE3, 0xAAE3, 0xAAE3, 0xAAE3, 0xAAE3, 0xAAE3, 0xAAC3,
    0xAAC3, 0xAAC3, 0xAAC3, 0xAAC3, 0xAAC3, 0xAAC3, 0xAAC3, 0xAAC3, 0xAAC3, 0xAAC3, 0xAAC3, 0xAAC3, 0xAAC3, 0xAAA3, 0xAAA3, 0xAAA3,
    0xAAE5, 0xAB06, 0xAB05, 0xAB05, 0xAB05, 0xAB05, 0xAB05, 0xAAE5, 0xAAE5, 0xAAE5, 0xAAE5, 0xAAE5, 0xAAE5, 0xAAE5, 0xAAC5, 0xAAC5,
    0xAAC5, 0xAAC5, 0xAAC5, 0xAAC5, 0xAAC5, 0xAAC5, 0xAAC5, 0xAAA5, 0xAAA5, 0xAAA5, 0xAAA5, 0xAAA5, 0xAAA5, 0xAAA5, 0xAAA5, 0xAA85,
    0xAA85, 0xA285, 0xA244, 0xA202, 0xA202, 0xA202, 0xA202, 0xA1E2, 0xA1E2, 0xA1E2, 0xA1E2, 0xA1E2, 0xA1E2, 0xA1C2, 0xA1C2, 0xA1C2,
    0xA1C2, 0xA1C2, 0xA1C2, 0xA1C2, 0xA1C2, 0xA1C2, 0xA1C2, 0xA1C2, 0xA1C2, 0xA1C2, 0xA1C2, 0xA1C2, 0xA1C2, 0xA1C2, 0xA1C2, 0xA1C2,
    0xA1C2, 0xAB46, 0xAB46, 0xAB46, 0xAB46, 0xAB46, 0xAB46, 0xAB46, 0xAB46, 0xAB46, 0xAB46, 0xAB46, 0xAB46, 0xAB46, 0xAB46, 0xAB46,
    0xAB46, 0xAB46, 0xAB46, 0xAB46, 0xAB46, 0xAB46, 0xAB46, 0xAB46, 0xAB46, 0xAB46, 0xAB46, 0xAB46, 0xAB46, 0xAB46, 0xAB66, 0xAB25,
    0xAAE3, 0xAAE3, 0xAAE3, 0xAAE3, 0xAAE3, 0xAAE3, 0xAAE3, 0xAAE3, 0xAAE3, 0xAAE3, 0xAAE3, 0xAAE3, 0xAAE3, 0xAAE3, 0xAAE3, 0xAAE3,
    0xAAE3, 0xAAE3, 0xAAE3, 0xAAE3, 0xAAE3, 0xAAE3, 0xAAE3, 0xAAE3, 0xAAC3, 0xAAC3, 0xAAC3, 0xAAC3, 0xAAC3, 0xAAC3, 0xAAC3, 0xAAC3,
    0xAAA3, 0xAB05, 0xAB26, 0xAB05, 0xAB05, 0xAB05, 0xAB05, 0xAB05, 0xAB05, 0xAB05, 0xAB05, 0xAB05, 0xAAE5, 0xAAE5, 0xAAE5, 0xAAE5,
    0xAAE5, 0xAAE5, 0xAAC5, 0xAAC5, 0xAAC5, 0xAAC5, 0xAAC5, 0xAAC5, 0xAAC5, 0xAAA5, 0xAAA5, 0xAAA5, 0xAAA5, 0xAAA5, 0xAAA5, 0xAAA5,
    0xAAA5, 0xAA85, 0xAA85, 0xA223, 0xA202, 0xA202, 0xA202, 0xA202, 0xA1E2, 0xA1E2, 0xA1E2, 0xA1E2, 0xA1E2, 0xA1E2, 0xA1C2, 0xA1C2,
    0xA1C2, 0xA1C2, 0xA1C2, 0xA1C2, 0xA1C2, 0xA1C2, 0xA1C2, 0xA1C2, 0xA1C2, 0xA1C2, 0xA1C2, 0xA1C2, 0xA1C2, 0xA1C2, 0xA1C2, 0xA1C2,
    0xA1C2, 0xA1C2, 0xAB46, 0xAB46, 0xAB46, 0xAB46, 0xAB46, 0xAB46, 0xAB46, 0xAB46, 0xAB46, 0xAB46, 0xAB46, 0xAB46, 0xAB46, 0xAB46,
    0xAB46, 0xAB46, 0xAB46, 0xAB46, 0xAB66, 0xAB66, 0xAB66, 0xAB66, 0xAB66, 0xAB66, 0xAB66, 0xAB66, 0xAB66, 0xAB66, 0xAB66, 0xAB66,
    0xAB45, 0xAB03, 0xAB03, 0xAB03, 0xAB03, 0xAB03, 0xAB03, 0xAAE3, 0xAAE3, 0xAAE3, 0xAAE3, 0xAAE3, 0xAAE3, 0xAAE3, 0xAAE3, 0xAAE3,
    0xAAE3, 0xB2E3, 0xB2E3, 0xB2E3, 0xB2E3, 0xB2E3, 0xB2E3, 0xB2E3, 0xB2E3, 0xB2E3, 0xB2E3, 0xB2E3, 0xB2E3, 0xB2E3, 0xB2C3, 0xB2C3,
    0xB2C3, 0xB2C3, 0xB305, 0xB326, 0xB326, 0xB326, 0xB326, 0xB326, 0xB326, 0xB306, 0xB306, 0xB306, 0xB305, 0xAB05, 0xAB05, 0xAB05,
    0xAAE5, 0xAAE5, 0xAAE5, 0xAAE5, 0xAAE5, 0xAAC5, 0xAAC5, 0xAAC5, 0xAAC5, 0xAAC5, 0xAAC5, 0xAAA5, 0xAAA5, 0xAAA5, 0xAAA5, 0xAAA5,
    0xAAA5, 0xAAA5, 0xAAA5, 0xAA85, 0xA223, 0xA202, 0xA202, 0xA202, 0xA202, 0xA202, 0xA1E2, 0xA1E2, 0xA1E2, 0xA1E2, 0xA1E2, 0xA1E2,
    0xA1C2, 0xA1C2, 0xA1C2, 0xA1C2, 0xA1C2, 0xA1C2, 0xA1C2, 0xA1C2, 0xA1C2, 0xA1C2, 0xA1C2, 0xA1C2, 0xA1C2, 0xA1C2, 0xA1C2, 0xA1C2,
    0xA1C2, 0xA1C2, 0xA1C2, 0xAB46, 0xAB46, 0xAB46, 0xAB46, 0xAB46, 0xAB46, 0xAB46, 0xAB46, 0xAB46, 0xAB46, 0xAB46, 0xAB66, 0xAB66,
    0xAB66, 0xAB66, 0xAB66, 0xAB66, 0xAB66, 0xAB66, 0xAB66, 0xAB66, 0xAB66, 0xAB66, 0xAB66, 0xAB66, 0xAB66, 0xAB66, 0xAB66, 0xAB66,
    0xAB66, 0xAB66, 0xAB24, 0xAB03, 0xAB03, 0xAB03, 0xAB03, 0xAB03, 0xAB03, 0xAB03, 0xB303, 0xB303, 0xB303, 0xB303, 0xB303, 0xB303,
    0xB303, 0xB303, 0xB303, 0xB303, 0xB303, 0xB303, 0xB303, 0xB303, 0xB303, 0xB303, 0xB2E3, 0xB2E3, 0xB2E3, 0xB2E3, 0xB2E3, 0xB2E3,
    0xB2E3, 0xB2E3, 0xB2C3, 0xB325, 0xB346, 0xB326, 0xB326, 0xB326, 0xB326, 0xB326, 0xB326, 0xB326, 0xB326, 0xB306, 0xB305, 0xB305,
    0xB305, 0xB305, 0xB305, 0xAAE5, 0xAAE5, 0xAAE5, 0xAAE5, 0xAAE5, 0xAAE5, 0xAAC5, 0xAAC5, 0xAAC5, 0xAAC5, 0xAAC5, 0xAAA5, 0xAAA5,
    0xAAA5, 0xAAA5, 0xAAA5, 0xAAA5, 0xAA84, 0xA202, 0xA202, 0xA202, 0xA202, 0xA202, 0xA202, 0xA202, 0xA1E2, 0xA1E2, 0xA1E2, 0xA1E2,
    0xA1E2, 0xA1E2, 0xA1C2, 0xA1C2, 0xA1C2, 0xA1C2, 0xA1C2, 0xA1C2, 0xA1C2, 0xA1C2, 0xA1C2, 0xA1C2, 0xA1C2, 0xA1C2, 0xA1C2, 0xA1C2,
    0xA1C2, 0xA1C2, 0xA1C2, 0xA1C2, 0xAB46, 0xAB46, 0xAB46, 0xAB46, 0xAB46, 0xAB46, 0xAB46, 0xAB66, 0xAB66, 0xAB66, 0xAB66, 0xAB66,
    0xAB66, 0xAB66, 0xAB66, 0xAB66, 0xAB66, 0xAB66, 0xAB66, 0xAB66, 0xAB66, 0xAB66, 0xAB66, 0xAB66, 0xAB66, 0xAB66, 0xAB66, 0xAB66,
    0xAB66, 0xAB66, 0xAB66, 0xAB24, 0xAB03, 0xB303, 0xB303, 0xB303, 0xB303, 0xB303, 0xB303, 0xB303, 0xB303, 0xB303, 0xB303, 0xB303,
    0xB303, 0xB303, 0xB303, 0xB303, 0xB303, 0xB303, 0xB303, 0xB303, 0xB303, 0xB303, 0xB303, 0xB303, 0xB303, 0xB303, 0xB303, 0xB2E3,
    0xB2E3, 0xB2E3, 0xB2E3, 0xB2E3, 0xB325, 0xB346, 0xB346, 0xB346, 0xB346, 0xB346, 0xB346, 0xB326, 0xB326, 0xB326, 0xB326, 0xB326,
    0xB306, 0xB306, 0xB306, 0xB306, 0xB305, 0xB305, 0xB305, 0xB2E5, 0xB2E5, 0xB2E5, 0xAAE5, 0xAAE5, 0xAAC5, 0xAAC5, 0xAAC5, 0xAAC5,
    0xAAC5, 0xAAA5, 0xAAA5, 0xAAA5, 0xAAA5, 0xA264, 0xA222, 0xA222, 0xA202, 0xA202, 0xA202, 0xA202, 0xA202, 0xA202, 0xA1E2, 0xA1E2,
    0xA1E2, 0xA1E2, 0xA1E2, 0xA1C2, 0xA1C2, 0xA1C2, 0xA1C2, 0xA1C2, 0xA1C2, 0xA1C2, 0xA1C2, 0xA1C2, 0xA1C2, 0xA1C2, 0xA1C2, 0xA1C2,
    0xA1C2, 0xA1C2, 0xA1C2, 0xA1C2, 0xA1C2, 0xAB46, 0xAB46, 0xAB46, 0xAB46, 0xAB66, 0xAB66, 0xAB66, 0xAB66, 0xAB66, 0xAB66, 0xAB66,
    0xAB66, 0xAB66, 0xAB66, 0xAB66, 0xAB66, 0xAB66, 0xAB66, 0xB366, 0xB366, 0xB366, 0xB366, 0xB366, 0xB366, 0xB366, 0xB366, 0xB366,
    0xB366, 0xB366, 0xB366, 0xB366, 0xB345, 0xB323, 0xB323, 0xB323, 0xB323, 0xB323, 0xB323, 0xB323, 0xB323, 0xB323, 0xB323, 0xB323,
    0xB323, 0xB323, 0xB323, 0xB323, 0xB323, 0xB323, 0xBB23, 0xBB23, 0xBB23, 0xBB23, 0xBB23, 0xBB03, 0xBB03, 0xBB03, 0xBB03, 0xBB03,
    0xB303, 0xBB03, 0xBB03, 0xBB03, 0xBAE3, 0xBB45, 0xBB66, 0xBB46, 0xBB46, 0xBB46, 0xB346, 0xB346, 0xB346, 0xB346, 0xB346, 0xB326,
    0xB326, 0xB326, 0xB326, 0xB326, 0xB326, 0xB306, 0xB306, 0xB306, 0xB306, 0xB306, 0xB2E5, 0xB2E5, 0xB2E5, 0xAAE5, 0xAAE5, 0xAAC5,
    0xAAC5, 0xAAC5, 0xAAC5, 0xAAA5, 0xAAA5, 0xAAA5, 0xAA43, 0xA222, 0xA222, 0xA222, 0xA202, 0xA202, 0xA202, 0xA202, 0xA202, 0xA1E2,
    0xA1E2, 0xA1E2, 0xA1E2, 0xA1E2, 0xA1E2, 0xA1C2, 0xA1C2, 0xA1C2, 0xA1C2, 0xA1C2, 0xA1C2, 0xA1C2, 0xA1C2, 0xA1C2, 0xA1C2, 0xA1C2,
    0xA1C2, 0xA1C2, 0xA1C2, 0xA1C2, 0xA1C2, 0xA1C2, 0xAB46, 0xAB66, 0xAB66, 0xAB66, 0xAB66, 0xAB66, 0xAB66, 0xAB66, 0xAB66, 0xAB66,
    0xAB66, 0xAB66, 0xB366, 0xB366, 0xB366, 0xB366, 0xB366, 0xB366, 0xB366, 0xB366, 0xB366, 0xB366, 0xB366, 0xB366, 0xB366, 0xB366,
    0xB366, 0xB386, 0xB386, 0xB386, 0xB386, 0xB386, 0xB323, 0xB323, 0xB323, 0xB323, 0xB323, 0xB323, 0xB323, 0xB323, 0xB323, 0xBB23,
    0xBB23, 0xBB23, 0xBB23, 0xBB23, 0xBB23, 0xBB23, 0xBB23, 0xBB23, 0xBB23, 0xBB23, 0xBB23, 0xBB23, 0xBB23, 0xBB23, 0xBB23, 0xBB23,
    0xBB23, 0xBB03, 0xBB03, 0xBB03, 0xBB03, 0xBB03, 0xBB45, 0xBB66, 0xBB66, 0xBB66, 0xBB66, 0xBB46, 0xBB46, 0xBB46, 0xBB46, 0xBB46,
    0xBB46, 0xBB46, 0xBB26, 0xBB26, 0xB326, 0xB326, 0xB326, 0xB326, 0xB326, 0xB306, 0xB306, 0xB306, 0xB305, 0xB2E5, 0xB2E5, 0xB2E5,
    0xB2E5, 0xB2E5, 0xAAC5, 0xAAC5, 0xAAC5, 0xAAC5, 0xAAA5, 0xAA43, 0xAA23, 0xAA22, 0xAA22, 0xA222, 0xA202, 0xA202, 0xA202, 0xA202,
    0xA202, 0xA1E2, 0xA1E2, 0xA1E2, 0xA1E2, 0xA1E2, 0xA1E2, 0xA1C2, 0xA1C2, 0xA1C2, 0xA1C2, 0xA1C2, 0xA1C2, 0xA1C2, 0xA1C2, 0xA1C2,
    0xA1C2, 0xA1C2, 0xA1C2, 0xA1C2, 0xA1C2, 0xA1C2, 0xA1C2, 0xAB66, 0xAB66, 0xAB66, 0xAB66, 0xAB66, 0xB366, 0xB366, 0xB366, 0xB366,
    0xB366, 0xB366, 0xB366, 0xB366, 0xB366, 0xB386, 0xB386, 0xB386, 0xB386, 0xB386, 0xB386, 0xB386, 0xB386, 0xB386, 0xB386, 0xB386,
    0xB386, 0xB386, 0xB386, 0xB386, 0xB386, 0xB386, 0xB3A6, 0xB344, 0xB343, 0xB343, 0xB343, 0xB343, 0xBB43, 0xBB43, 0xBB43, 0xBB43,
    0xBB43, 0xBB43, 0xBB43, 0xBB43, 0xBB43, 0xBB43, 0xBB43, 0xBB43, 0xBB43, 0xBB43, 0xBB43, 0xBB43, 0xBB23, 0xBB43, 0xBB43, 0xBB23,
    0xBB23, 0xBB23, 0xBB23, 0xBB23, 0xBB23, 0xBB23, 0xBB03, 0xBB65, 0xBB86, 0xBB66, 0xBB66, 0xBB66, 0xBB66, 0xBB66, 0xBB66, 0xBB66,
    0xBB46, 0xBB46, 0xBB46, 0xBB46, 0xBB46, 0xBB46, 0xBB26, 0xBB26, 0xBB26, 0xBB26, 0xB326, 0xB306, 0xB306, 0xB306, 0xB306, 0xB305,
    0xB2E6, 0xB2E5, 0xB2E5, 0xB2E5, 0xB2E5, 0xAAC5, 0xB2C5, 0xAAA4, 0xAA43, 0xAA43, 0xAA43, 0xAA23, 0xAA23, 0xAA22, 0xA222, 0xA202,
    0xA202, 0xA202, 0xA202, 0xA1E2, 0xA1E2, 0xA1E2, 0xA1E2, 0xA1E2, 0xA1E2, 0xA1C2, 0xA1C2, 0xA1C2, 0xA1C2, 0xA1C2, 0xA1C2, 0xA1C2,
    0xA1C2, 0xA1C2, 0xA1C2, 0xA1C2, 0xA1C2, 0xA1C2, 0xA1C2, 0xA1C2, 0xAB66, 0xAB66, 0xAB66, 0xB366, 0xB366, 0xB366, 0xB366, 0xB366,
    0xB366, 0xB366, 0xB386, 0xB386, 0xB386, 0xB386, 0xB386, 0xB386, 0xB386, 0xB386, 0xB386, 0xB386, 0xB386, 0xB386, 0xB386, 0xB386,
    0xB386, 0xB3A6, 0xB3A6, 0xB3A6, 0xBBA6, 0xBBA6, 0xBBA6, 0xBBA6, 0xBB85, 0xBB43, 0xBB43, 0xBB63, 0xBB63, 0xBB63, 0xBB63, 0xBB63,
    0xBB63, 0xBB63, 0xBB63, 0xBB63, 0xBB63, 0xBB63, 0xBB63, 0xBB43, 0xBB43, 0xBB43, 0xBB43, 0xBB43, 0xBB43, 0xBB43, 0xC343, 0xC343,
    0xC343, 0xC343, 0xBB43, 0xBB43, 0xBB23, 0xBB23, 0xBB23, 0xBB23, 0xBB65, 0xBB86, 0xBB86, 0xBB86, 0xBB86, 0xBB86, 0xBB66, 0xBB66,
    0xBB66, 0xBB66, 0xBB66, 0xBB66, 0xBB46, 0xBB46, 0xBB46, 0xBB46, 0xBB46, 0xBB26, 0xBB26, 0xBB26, 0xBB26, 0xBB26, 0xBB06, 0xB306,
    0xB306, 0xB306, 0xB306, 0xB2E6, 0xB2E6, 0xB2E6, 0xB2E5, 0xB2E6, 0xB284, 0xAA43, 0xAA43, 0xAA43, 0xAA43, 0xAA23, 0xAA23, 0xAA23,
    0xAA23, 0xAA03, 0xA202, 0xA202, 0xA202, 0xA1E2, 0xA1E2, 0xA1E2, 0xA1E2, 0xA1E2, 0xA1E2, 0xA1C2, 0xA1C2, 0xA1C2, 0xA1C2, 0xA1C2,
    0xA1C2, 0xA1C2, 0xA1C2, 0xA1C2, 0xA1C2, 0xA1C2, 0xA1C2, 0xA1C2, 0xA1C2, 0xB366, 0xB366, 0xB366, 0xB366, 0xB366, 0xB386, 0xB386,
    0xB386, 0xB386, 0xB386, 0xB386, 0xB386, 0xB386, 0xB386, 0xB386, 0xB386, 0xB386, 0xB386, 0xB386, 0xB386, 0xB386, 0xB386, 0xB3A6,
    0xB3A6, 0xB3A6, 0xB3A6, 0xBBA6, 0xBBA6, 0xBBA6, 0xBBA6, 0xBBA6, 0xBBC6, 0xBBA5, 0xBB63, 0xBB63, 0xBB63, 0xBB63, 0xBB63, 0xBB63,
    0xBB63, 0xBB63, 0xBB63, 0xBB63, 0xBB63, 0xC364, 0xC364, 0xC364, 0xC364, 0xC364, 0xC364, 0xC364, 0xC363, 0xC363, 0xC363, 0xC363,
    0xC343, 0xC343, 0xC343, 0xC343, 0xC343, 0xC343, 0xC343, 0xC343, 0xC323, 0xC365, 0xC3A6, 0xC386, 0xC386, 0xC386, 0xC386, 0xC386,
    0xC386, 0xC366, 0xBB66, 0xBB66, 0xBB66, 0xBB66, 0xBB66, 0xBB66, 0xBB46, 0xBB46, 0xBB46, 0xBB46, 0xBB46, 0xBB26, 0xBB26, 0xBB26,
    0xBB26, 0xBB06, 0xBB06, 0xB306, 0xB306, 0xB306, 0xB2E6, 0xB2E6, 0xB2E5, 0xB263, 0xB263, 0xB263, 0xAA43, 0xAA43, 0xAA43, 0xAA43,
    0xAA23, 0xAA23, 0xAA23, 0xAA02, 0xAA02, 0xA202, 0xA202, 0xA1E2, 0xA1E2, 0xA1E2, 0xA1E2, 0xA1E2, 0xA1C2, 0xA1C2, 0xA1C2, 0xA1C2,
    0xA1C2, 0xA1C2, 0xA1C2, 0xA1C2, 0xA1C2, 0xA1C2, 0xA1C2, 0xA1C2, 0xA1C2, 0xA1C2, 0xB366, 0xB366, 0xB366, 0xB386, 0xB386, 0xB386,
    0xB386, 0xB386, 0xB386, 0xB386, 0xB386, 0xB386, 0xB386, 0xB386, 0xB386, 0xB386, 0xB386, 0xB386, 0xB386, 0xB3A6, 0xB3A6, 0xB3A6,
    0xB3A6, 0xBBA6, 0xBBA6, 0xBBA6, 0xBBC6, 0xBBC6, 0xBBC6, 0xBBC6, 0xBBC6, 0xBBC6, 0xBBC6, 0xBB84, 0xBB64, 0xBB84, 0xBB84, 0xC384,
    0xC384, 0xC384, 0xC384, 0xC384, 0xC384, 0xC384, 0xC384, 0xC384, 0xC364, 0xC384, 0xC364, 0xC364, 0xC364, 0xC364, 0xC364, 0xC363,
    0xC363, 0xC364, 0xC364, 0xC364, 0xC364, 0xC344, 0xC344, 0xC344, 0xC344, 0xC343, 0xC385, 0xC3A7, 0xC3A6, 0xC3A6, 0xC3A6, 0xC386,
    0xC386, 0xC386, 0xC386, 0xC386, 0xC366, 0xC366, 0xC366, 0xC366, 0xC366, 0xBB66, 0xBB66, 0xBB46, 0xBB46, 0xBB46, 0xBB46, 0xBB46,
    0xBB26, 0xBB26, 0xBB26, 0xBB26, 0xBB06, 0xBB06, 0xBB06, 0xB306, 0xB306, 0xB2E5, 0xB263, 0xB263, 0xB263, 0xB263, 0xB243, 0xB243,
    0xAA43, 0xAA43, 0xAA23, 0xAA23, 0xAA23, 0xAA22, 0xAA02, 0xAA02, 0xA202, 0xA1E2, 0xA1E2, 0xA1E2, 0xA1E2, 0xA1E2, 0xA1C2, 0xA1C2,
    0xA1C2, 0xA1C2, 0xA1C2, 0xA1C2, 0xA1C2, 0xA1C2, 0xA1C2, 0xA1C2, 0xA1C2, 0xA1C2, 0xA1C2, 0xB386, 0xB386, 0xB386, 0xB386, 0xB386,
    0xB386, 0xB386, 0xB386, 0xB386, 0xB386, 0xB386, 0xB386, 0xB386, 0xB386, 0xB386, 0xB3A6, 0xB3A6, 0xB3A6, 0xB3A6, 0xB3A6, 0xB3A6,
    0xBBA6, 0xBBC6, 0xBBC6, 0xBBC6, 0xBBC6, 0xBBC6, 0xBBC6, 0xBBC6, 0xBBC6, 0xBBC6, 0xBBE6, 0xC3E6, 0xC3A4, 0xC383, 0xC384, 0xC384,
    0xC384, 0xC384, 0xC384, 0xC384, 0xC384, 0xC384, 0xC384, 0xC384, 0xC384, 0xC384, 0xC384, 0xC384, 0xC384, 0xC384, 0xC384, 0xC384,
    0xC384, 0xC384, 0xC364, 0xC364, 0xC364, 0xC364, 0xC364, 0xC364, 0xC364, 0xC364, 0xC343, 0xC385, 0xC3C7, 0xC3A6, 0xC3A6, 0xC3A6,
    0xC3A6, 0xC3A6, 0xC3A6, 0xC386, 0xC386, 0xC386, 0xC386, 0xC386, 0xC386, 0xC366, 0xC366, 0xC366, 0xC366, 0xC366, 0xC346, 0xBB46,
    0xBB46, 0xBB46, 0xBB46, 0xBB26, 0xBB26, 0xBB26, 0xBB26, 0xBB06, 0xBB06, 0xBB06, 0xB2C5, 0xB263, 0xB283, 0xB263, 0xB263, 0xB263,
    0xB263, 0xB243, 0xB243, 0xAA43, 0xAA23, 0xAA23, 0xAA23, 0xAA22, 0xAA02, 0xAA02, 0xAA02, 0xA202, 0xA1E2, 0xA1E2, 0xA1E2, 0xA1E2,
    0xA1C2, 0xA1C2, 0xA1C2, 0xA1C2, 0xA1C2, 0xA1C2, 0xA1C2, 0xA1C2, 0xA1C2, 0xA1C2, 0xA1C2, 0xA1C2, 0xB386, 0xB386, 0xB386, 0xB386,
    0xB386, 0xB386, 0xB386, 0xB386, 0xB386, 0xB386, 0xB386, 0xB386, 0xB386, 0xB3A6, 0xB3A6, 0xB3A6, 0xB3A6, 0xB3A6, 0xBBC6, 0xBBC6,
    0xBBC6, 0xBBC6, 0xBBC6, 0xBBC6, 0xBBC6, 0xBBE6, 0xBBE6, 0xBBE6, 0xBBE6, 0xC3E6, 0xC3E6, 0xC3E6, 0xC3E6, 0xC3C5, 0xC383, 0xC3A4,
    0xC3A4, 0xC3A4, 0xC3A4, 0xC3A4, 0xC3A4, 0xC3A4, 0xC3A4, 0xC3A4, 0xC3A4, 0xC3A4, 0xC3A4, 0xC3A4, 0xCB84, 0xCB84, 0xCB84, 0xC384,
    0xCB84, 0xCB84, 0xCB84, 0xCB84, 0xC384, 0xCB84, 0xCB84, 0xCB64, 0xCB64, 0xC364, 0xC364, 0xC363, 0xCBA5, 0xCBC7, 0xC3C6, 0xC3C6,
    0xC3A6, 0xC3A6, 0xC3A6, 0xC3A6, 0xC3A6, 0xC3A6, 0xC3A6, 0xC386, 0xC386, 0xC386, 0xC386, 0xC386, 0xC366, 0xC366, 0xC366, 0xC366,
    0xC366, 0xC346, 0xC346, 0xBB46, 0xBB46, 0xBB46, 0xBB26, 0xBB26, 0xBB26, 0xBB06, 0xBB26, 0xBAC4, 0xBA83, 0xB283, 0xB283, 0xB263,
    0xB263, 0xB263, 0xB243, 0xB243, 0xB243, 0xB243, 0xAA23, 0xAA23, 0xAA23, 0xAA22, 0xAA02, 0xAA02, 0xAA02, 0xA202, 0xA1E2, 0xA1E2,
    0xA1E2, 0xA1C2, 0xA1C2, 0xA1C2, 0xA1C2, 0xA1C2, 0xA1C2, 0xA1C2, 0xA1C2, 0xA1C2, 0xA1C2, 0xA1C2, 0xA1C2, 0xB386, 0xB386, 0xB386,
    0xB386, 0xB386, 0xB386, 0xB386, 0xB386, 0xB386, 0xB386, 0xB3A6, 0xB3A6, 0xB3A6, 0xB3A6, 0xB3A6, 0xBBC6, 0xBBC6, 0xBBC6, 0xBBC6,
    0xBBC6, 0xBBC6, 0xBBE6, 0xBBE6, 0xBBE6, 0xBBE6, 0xBBE6, 0xBBE6, 0xC3E6, 0xC3E6, 0xC406, 0xC406, 0xC406, 0xC406, 0xC3E6, 0xC3A4,
    0xC3A4, 0xC3A4, 0xC3A4, 0xC3A4, 0xC3A4, 0xCBA4, 0xCBA4, 0xCBA4, 0xCBA4, 0xCBA4, 0xCBA4, 0xCBA4, 0xCBA4, 0xCBA4, 0xCBA4, 0xCBA4,
    0xCBA4, 0xCBA4, 0xCBA4, 0xCBA4, 0xCB84, 0xCB84, 0xCB84, 0xCB84, 0xCB84, 0xCB84, 0xCB84, 0xCB84, 0xCB63, 0xCBA6, 0xCBE7, 0xCBC6,
    0xCBC6, 0xCBC6, 0xCBC6, 0xCBC6, 0xCBC6, 0xCBA6, 0xCBA6, 0xCBA6, 0xC3A6, 0xC3A6, 0xC386, 0xC386, 0xC386, 0xC386, 0xC386, 0xC386,
    0xC366, 0xC366, 0xC366, 0xC346, 0xC346, 0xC346, 0xC346, 0xC346, 0xBB46, 0xBB26, 0xBB26, 0xBB26, 0xBAA3, 0xBA83, 0xBA83, 0xBA83,
    0xB283, 0xB263, 0xB263, 0xB263, 0xB263, 0xB243, 0xB243, 0xB243, 0xB243, 0xAA23, 0xAA23, 0xAA22, 0xAA02, 0xAA02, 0xAA02, 0xA9E2,
    0xA1E2, 0xA1E2, 0xA1E2, 0xA1C2, 0xA1C2, 0xA1C2, 0xA1C2, 0xA1C2, 0xA1C2, 0xA1C2, 0xA1C2, 0xA1C2, 0xA1C2, 0xA1C2, 0xB386, 0xB386,
    0xB386, 0xB386, 0xB386, 0xB386, 0xB386, 0xB3A6, 0xB3A6, 0xB3A6, 0xB3A6, 0xB3A6, 0xB3C6, 0xBBC6, 0xBBC6, 0xBBC6, 0xBBC6, 0xBBC6,
    0xBBE6, 0xBBE6, 0xBBE6, 0xBBE6, 0xBBE6, 0xBBE6, 0xC3E6, 0xC406, 0xC406, 0xC406, 0xC406, 0xC406, 0xC406, 0xC407, 0xC407, 0xC407,
    0xC3C4, 0xC3C4, 0xCBC4, 0xCBC4, 0xCBC4, 0xCBC4, 0xCBC4, 0xCBC4, 0xCBC4, 0xCBC4, 0xCBC4, 0xCBC4, 0xCBC4, 0xCBC4, 0xCBC4, 0xCBA4,
    0xCBA4, 0xCBA4, 0xCBA4, 0xCBA4, 0xCBA4, 0xCBA4, 0xCBA4, 0xCBA4, 0xCB84, 0xCB84, 0xCB84, 0xCB84, 0xCB84, 0xCB83, 0xCBC6, 0xCBE7,
    0xCBE7, 0xCBE7, 0xCBC7, 0xCBC7, 0xCBC6, 0xCBC6, 0xCBC6, 0xCBC7, 0xCBA7, 0xCBA6, 0xCBA6, 0xCBA6, 0xCBA6, 0xC3A6, 0xC386, 0xC386,
    0xC386, 0xC386, 0xC366, 0xC366, 0xC366, 0xC366, 0xC366, 0xC366, 0xC346, 0xC346, 0xC346, 0xBB46, 0xBB05, 0xBAA3, 0xBAA3, 0xBAA3,
    0xBA83, 0xBA83, 0xBA83, 0xB283, 0xB263, 0xB263, 0xB263, 0xB243, 0xB243, 0xB243, 0xB243, 0xAA23, 0xAA23, 0xAA23, 0xAA03, 0xAA02,
    0xAA02, 0xAA02, 0xA9E2, 0xA1E2, 0xA1E2, 0xA1C2, 0xA1C2, 0xA1C2, 0xA1C2, 0xA1C2, 0xA1C2, 0xA1C2, 0xA1C2, 0xA1C2, 0xA1C2, 0xB386,
    0xB386, 0xB386, 0xB386, 0xB3A6, 0xB3A6, 0xB3A6, 0xB3A6, 0xB3A6, 0xB3A6, 0xB3C6, 0xB3C6, 0xBBC6, 0xBBC6, 0xBBC6, 0xBBC6, 0xBBE6,
    0xBBE6, 0xBBE6, 0xBBE6, 0xC406, 0xC3E6, 0xC406, 0xC406, 0xC406, 0xC406, 0xC406, 0xC406, 0xC427, 0xC427, 0xCC07, 0xCC27, 0xCC27,
    0xCC27, 0xCBE5, 0xCBC4, 0xCBC4, 0xCBC4, 0xCBC4, 0xCBC4, 0xCBC4, 0xCBC4, 0xCBC4, 0xCBC4, 0xCBC4, 0xCBC4, 0xCBC4, 0xCBC4, 0xCBC4,
    0xCBC4, 0xCBC4, 0xCBC4, 0xCBC4, 0xCBC4, 0xCBC4, 0xCBA4, 0xCBA4, 0xCBA4, 0xCBA4, 0xCBA4, 0xCBA4, 0xCBA4, 0xCB84, 0xCB83, 0xCBC6,
    0xCC07, 0xCBE7, 0xCBE7, 0xCBE7, 0xCBE7, 0xCBE7, 0xCBC7, 0xCBC7, 0xCBC7, 0xCBC7, 0xCBC7, 0xCBC7, 0xCBA6, 0xCBA6, 0xCBA6, 0xCBA6,
    0xCBA6, 0xCB86, 0xCB86, 0xCB86, 0xC386, 0xC366, 0xC366, 0xC366, 0xC366, 0xC366, 0xC346, 0xC346, 0xC346, 0xC305, 0xBAA3, 0xBAA3,
    0xBAA3, 0xBAA3, 0xBA83, 0xBA83, 0xBA83, 0xBA83, 0xBA63, 0xB263, 0xB263, 0xB263, 0xB243, 0xB243, 0xB243, 0xB223, 0xB223, 0xAA23,
    0xAA03, 0xAA03, 0xAA03, 0xAA02, 0xA9E2, 0xA1E2, 0xA1E2, 0xA1C2, 0xA1C2, 0xA1C2, 0xA1C2, 0xA1C2, 0xA1C2, 0xA1C2, 0xA1C2, 0xA1C2,
    0xB385, 0xB3A6, 0xB3A6, 0xB3A6, 0xB3A6, 0xB3A6, 0xB3A6, 0xB3C6, 0xB3C6, 0xBBC6, 0xBBC6, 0xBBC6, 0xBBE6, 0xBBE6, 0xBBE6, 0xBBE6,
    0xBBE6, 0xC3E6, 0xC406, 0xC406, 0xC406, 0xC406, 0xC406, 0xC426, 0xC426, 0xC426, 0xC426, 0xCC27, 0xCC27, 0xCC27, 0xCC27, 0xCC27,
    0xCC27, 0xCC47, 0xCC26, 0xCBE4, 0xCBE4, 0xCBE4, 0xCBE4, 0xCBE4, 0xCBE4, 0xCBE4, 0xCBE4, 0xCBE4, 0xCBE4, 0xD3E4, 0xD3E4, 0xD3E4,
    0xD3E4, 0xD3E4, 0xD3C4, 0xD3C4, 0xD3C4, 0xD3C4, 0xD3C4, 0xD3C4, 0xD3C4, 0xD3C4, 0xD3C4, 0xD3A4, 0xD3A4, 0xD3A4, 0xD3A4, 0xD3A4,
    0xD3E6, 0xD407, 0xD407, 0xD407, 0xD3E7, 0xD3E7, 0xCBE7, 0xCBE7, 0xCBE7, 0xCBC7, 0xCBC7, 0xCBC7, 0xCBC7, 0xCBC7, 0xCBC6, 0xCBA6,
    0xCBA6, 0xCBA6, 0xCBA6, 0xCBA6, 0xCB86, 0xCB86, 0xCB86, 0xCB86, 0xC366, 0xC366, 0xC366, 0xC366, 0xC346, 0xC346, 0xC2E4, 0xC2C3,
    0xC2C3, 0xBAA3, 0xBAA3, 0xBAA3, 0xBAA3, 0xBA83, 0xBA83, 0xBA83, 0xBA63, 0xBA63, 0xB263, 0xB263, 0xB243, 0xB243, 0xB243, 0xB223,
    0xB223, 0xAA23, 0xAA23, 0xAA03, 0xAA03, 0xAA02, 0xA9E2, 0xA9E2, 0xA1E2, 0xA1E2, 0xA1C2, 0xA1C2, 0xA1C2, 0xA1C2, 0xA1C2, 0xA1C2,
    0xA1E3, 0xB364, 0xB3A6, 0xB3A6, 0xB3A6, 0xB3A6, 0xB3C6, 0xB3C6, 0xBBC6, 0xBBC6, 0xBBC6, 0xBBE6, 0xBBE6, 0xBBE6, 0xBBE6, 0xBC06,
    0xC406, 0xC406, 0xC406, 0xC406, 0xC427, 0xC427, 0xC427, 0xC427, 0xC427, 0xC427, 0xCC27, 0xCC27, 0xCC47, 0xCC47, 0xCC47, 0xCC47,
    0xCC47, 0xCC47, 0xCC47, 0xCC46, 0xCBE4, 0xCBE4, 0xCBE4, 0xD3E4, 0xD3E4, 0xD3E4, 0xD3E4, 0xD3E4, 0xD3E4, 0xD3E4, 0xD3E4, 0xD3E4,
    0xD3E4, 0xD3E4, 0xD3E4, 0xD3E4, 0xD3E4, 0xD3E4, 0xD3E4, 0xD3E4, 0xD3C4, 0xD3C4, 0xD3C4, 0xD3C4, 0xD3C4, 0xD3C4, 0xD3C4, 0xD3C4,
    0xD3A4, 0xD3E6, 0xD407, 0xD407, 0xD407, 0xD407, 0xD407, 0xD407, 0xD3E7, 0xD3E7, 0xD3E7, 0xD3E7, 0xCBE7, 0xCBE7, 0xCBC7, 0xCBC7,
    0xCBC7, 0xCBC7, 0xCBA7, 0xCBA7, 0xCBA6, 0xCBA6, 0xCBA6, 0xCB86, 0xCB86, 0xCB86, 0xCB66, 0xCB66, 0xC366, 0xC366, 0xC346, 0xC2E3,
    0xC2C3, 0xC2C3, 0xC2C3, 0xC2A3, 0xBAA3, 0xBAA3, 0xBAA3, 0xBA83, 0xBA83, 0xBA83, 0xBA63, 0xBA63, 0xBA63, 0xB263, 0xB243, 0xB243,
    0xB243, 0xB223, 0xB223, 0xB223, 0xAA03, 0xAA03, 0xAA02, 0xAA02, 0xA9E2, 0xA9E2, 0xA9E2, 0xA1E2, 0xA1E2, 0xA1C2, 0xA1C2, 0xA1C2,
    0xA1C2, 0xA224, 0xB343, 0xB385, 0xB3A6, 0xB3A6, 0xB3C6, 0xBBC6, 0xBBC6, 0xBBE6, 0xBBE6, 0xBBE6, 0xBBE6, 0xBBE6, 0xBC06, 0xC406,
    0xC406, 0xC406, 0xC406, 0xC427, 0xC427, 0xC427, 0xC427, 0xCC27, 0xCC27, 0xCC47, 0xCC47, 0xCC47, 0xCC47, 0xCC47, 0xCC47, 0xCC47,
    0xCC47, 0xCC47, 0xCC47, 0xD467, 0xD447, 0xD405, 0xD404, 0xD404, 0xD404, 0xD404, 0xD404, 0xD404, 0xD404, 0xD404, 0xD404, 0xD404,
    0xD404, 0xD404, 0xD404, 0xD404, 0xD3E4, 0xD3E4, 0xD3E4, 0xD3E4, 0xD3E4, 0xD3E4, 0xD3E4, 0xD3E4, 0xD3E4, 0xD3C4, 0xD3C4, 0xD3C4,
    0xD3C4, 0xD3C4, 0xD406, 0xD427, 0xD407, 0xD407, 0xD407, 0xD407, 0xD407, 0xD407, 0xD407, 0xD3E7, 0xD3E7, 0xD3E7, 0xD3E7, 0xD3E7,
    0xD3E7, 0xCBC7, 0xCBC7, 0xCBC7, 0xCBA7, 0xCBA7, 0xCBA7, 0xCBA7, 0xCBA6, 0xCB86, 0xCB86, 0xCB86, 0xCB86, 0xCB66, 0xCB86, 0xC345,
    0xC2E3, 0xC2E3, 0xC2C3, 0xC2C3, 0xC2C3, 0xC2C3, 0xC2A3, 0xBAA3, 0xBAA3, 0xBA83, 0xBA83, 0xBA83, 0xBA63, 0xBA63, 0xBA63, 0xB243,
    0xB243, 0xB243, 0xB243, 0xB223, 0xB223, 0xB223, 0xB203, 0xAA03, 0xAA02, 0xAA02, 0xA9E2, 0xA9E2, 0xA9E2, 0xA9E2, 0xA1E2, 0xA1E2,
    0xA1C2, 0xA203, 0xA245, 0xB363, 0xB364, 0xB3C6, 0xB3C6, 0xBBC6, 0xBBE6, 0xBBE6, 0xBBE6, 0xBBE6, 0xBC06, 0xBC06, 0xC406, 0xC406,
    0xC407, 0xC427, 0xC427, 0xC427, 0xC427, 0xC427, 0xCC27, 0xCC47, 0xCC47, 0xCC47, 0xCC47, 0xCC47, 0xCC47, 0xCC47, 0xCC67, 0xCC67,
    0xCC67, 0xD467, 0xD467, 0xD467, 0xD467, 0xD467, 0xD445, 0xD404, 0xD404, 0xD404, 0xD404, 0xD424, 0xD404, 0xD404, 0xD404, 0xD404,
    0xD404, 0xD404, 0xD404, 0xD404, 0xD404, 0xD404, 0xD404, 0xD404, 0xD404, 0xD404, 0xD404, 0xD3E4, 0xD3E4, 0xD3E4, 0xD3E4, 0xD3E4,
    0xD3E4, 0xD3E4, 0xD3C4, 0xD406, 0xD427, 0xD427, 0xD427, 0xD427, 0xD427, 0xD427, 0xD407, 0xD407, 0xD407, 0xD407, 0xD3E7, 0xD3E7,
    0xD3E7, 0xD3E7, 0xD3E7, 0xD3E7, 0xCBC7, 0xCBC7, 0xCBC7, 0xCBC7, 0xCBA7, 0xCBA7, 0xCBA6, 0xCBA6, 0xCB86, 0xCB86, 0xCB86, 0xCB87,
    0xCB25, 0xC2E3, 0xC2E3, 0xC2E3, 0xC2C3, 0xC2C3, 0xC2C3, 0xC2C3, 0xC2A3, 0xC2A3, 0xBAA3, 0xBA83, 0xBA83, 0xBA83, 0xBA83, 0xBA63,
    0xBA63, 0xBA63, 0xB243, 0xB243, 0xB243, 0xB223, 0xB223, 0xB223, 0xB203, 0xAA02, 0xAA02, 0xAA02, 0xA9E2, 0xA9E2, 0xA9E2, 0xA9E2,
    0xA1E2, 0xA1E2, 0xAA45, 0xA265, 0xB363, 0xB363, 0xBBA5, 0xBBE6, 0xBBE6, 0xBBE6, 0xBBE6, 0xBC06, 0xBC06, 0xC406, 0xC406, 0xC407,
    0xC427, 0xC427, 0xC427, 0xC427, 0xC427, 0xCC47, 0xCC47, 0xCC47, 0xCC47, 0xCC47, 0xCC67, 0xCC67, 0xCC67, 0xCC67, 0xCC67, 0xD467,
    0xD467, 0xD467, 0xD467, 0xD467, 0xD467, 0xD487, 0xD488, 0xD467, 0xD424, 0xD424, 0xD424, 0xD424, 0xD424, 0xD424, 0xD424, 0xD424,
    0xD424, 0xD424, 0xDC24, 0xDC24, 0xDC24, 0xDC24, 0xDC24, 0xDC04, 0xDC04, 0xDC04, 0xDC04, 0xDC04, 0xDC04, 0xDC04, 0xDC04, 0xDBE4,
    0xDBE4, 0xDBE4, 0xDBE4, 0xDBE4, 0xDC26, 0xDC47, 0xDC27, 0xDC27, 0xD427, 0xD427, 0xD427, 0xD427, 0xD427, 0xD407, 0xD407, 0xD407,
    0xD407, 0xD3E7, 0xD3E7, 0xD3E7, 0xD3E7, 0xD3E7, 0xD3C7, 0xD3C7, 0xD3C7, 0xD3C7, 0xCBA7, 0xCBA7, 0xCBA7, 0xCBA6, 0xCB86, 0xCB86,
    0xCB86, 0xCB24, 0xCAE3, 0xC2E3, 0xC2E3, 0xC2E3, 0xC2C3, 0xC2C3, 0xC2C3, 0xC2C3, 0xC2A3, 0xC2A3, 0xBAA3, 0xBA83, 0xBA83, 0xBA83,
    0xBA63, 0xBA63, 0xBA63, 0xBA63, 0xBA43, 0xB243, 0xB243, 0xB223, 0xB223, 0xB223, 0xB203, 0xAA02, 0xAA02, 0xAA02, 0xA9E2, 0xA9E2,
    0xA9E2, 0xA9E2, 0xAA24, 0xAA65, 0xAA65, 0xB383, 0xBB83, 0xBB84, 0xBBE6, 0xBBE6, 0xBC06, 0xBC06, 0xC407, 0xC407, 0xC427, 0xC427,
    0xC427, 0xC427, 0xC427, 0xC447, 0xCC47, 0xCC47, 0xCC47, 0xCC47, 0xCC47, 0xCC67, 0xCC67, 0xCC67, 0xCC67, 0xCC67, 0xD467, 0xD467,
    0xD467, 0xD467, 0xD487, 0xD487, 0xD487, 0xD487, 0xD487, 0xD488, 0xD487, 0xD445, 0xD425, 0xD425, 0xDC45, 0xDC44, 0xDC44, 0xDC24,
    0xDC24, 0xDC24, 0xDC24, 0xDC24, 0xDC24, 0xDC24, 0xDC24, 0xDC24, 0xDC24, 0xDC24, 0xDC24, 0xDC24, 0xDC04, 0xDC04, 0xDC04, 0xDC04,
    0xDC04, 0xDC04, 0xDC04, 0xDBE4, 0xDBE4, 0xDC26, 0xDC47, 0xDC47, 0xDC47, 0xDC47, 0xDC27, 0xDC27, 0xDC27, 0xDC27, 0xD427, 0xD427,
    0xD407, 0xD407, 0xD407, 0xD407, 0xD3E7, 0xD3E7, 0xD3E7, 0xD3E7, 0xD3E7, 0xD3C7, 0xD3C7, 0xD3C7, 0xD3C7, 0xD3A7, 0xD3A7, 0xCBA7,
    0xCBA7, 0xCB86, 0xCB03, 0xCB03, 0xCB03, 0xCAE3, 0xCAE3, 0xC2E3, 0xC2E3, 0xC2C3, 0xC2C3, 0xC2C3, 0xC2A3, 0xC2A3, 0xC2A3, 0xC283,
    0xBA83, 0xBA83, 0xBA83, 0xBA63, 0xBA63, 0xBA63, 0xBA43, 0xB243, 0xB243, 0xB223, 0xB223, 0xB223, 0xB203, 0xB202, 0xAA02, 0xAA02,
    0xA9E2, 0xA9E2, 0xA9E3, 0xAA65, 0xAA65, 0xAA65, 0xBB83, 0xBBA4, 0xBBA3, 0xBBC5, 0xBC07, 0xC406, 0xC407, 0xC427, 0xC427, 0xC427,
    0xC427, 0xC427, 0xC447, 0xCC47, 0xCC47, 0xCC47, 0xCC47, 0xCC47, 0xCC67, 0xCC67, 0xCC67, 0xCC67, 0xCC68, 0xD468, 0xD488, 0xD488,
    0xD488, 0xD488, 0xD488, 0xD488, 0xD488, 0xD488, 0xD488, 0xD488, 0xDC88, 0xDCA8, 0xDC65, 0xDC45, 0xDC45, 0xDC45, 0xDC45, 0xDC45,
    0xDC45, 0xDC45, 0xDC44, 0xDC44, 0xDC44, 0xDC44, 0xDC44, 0xDC44, 0xDC44, 0xDC24, 0xDC24, 0xDC24, 0xDC24, 0xDC24, 0xDC24, 0xDC24,
    0xDC24, 0xDC04, 0xDC04, 0xDC04, 0xDC04, 0xDC04, 0xDC46, 0xDC67, 0xDC47, 0xDC47, 0xDC47, 0xDC47, 0xDC47, 0xDC27, 0xDC27, 0xDC27,
    0xDC27, 0xDC27, 0xDC27, 0xDC07, 0xD407, 0xD407, 0xD407, 0xD407, 0xD3E7, 0xD3E7, 0xD3E7, 0xD3C7, 0xD3C7, 0xD3C7, 0xD3C7, 0xD3C7,
    0xD3A7, 0xD3A7, 0xCB65, 0xCB03, 0xCB03, 0xCB03, 0xCB03, 0xCAE3, 0xCAE3, 0xCAE3, 0xCAE3, 0xCAC3, 0xC2C3, 0xC2C3, 0xC2A3, 0xC2A3,
    0xC2A3, 0xC283, 0xC283, 0xBA83, 0xBA83, 0xBA63, 0xBA63, 0xBA63, 0xBA43, 0xBA43, 0xB243, 0xB223, 0xB223, 0xB223, 0xB203, 0xB203,
    0xB202, 0xB202, 0xA9E2, 0xAA44, 0xAA85, 0xAA65, 0xAA65, 0xBBA4, 0xBBA4, 0xBBA4, 0xC3C4, 0xC406, 0xC427, 0xC427, 0xC427, 0xC427,
    0xC427, 0xC447, 0xCC47, 0xCC47, 0xCC47, 0xCC67, 0xCC67, 0xCC67, 0xCC68, 0xCC68, 0xD468, 0xD488, 0xD488, 0xD488, 0xD488, 0xD488,
    0xD488, 0xD488, 0xD488, 0xD4A8, 0xD4A8, 0xD4A8, 0xDCA8, 0xDCA8, 0xDCA8, 0xDCA8, 0xDCA8, 0xDC86, 0xDC45, 0xDC45, 0xDC65, 0xDC65,
    0xDC45, 0xDC65, 0xDC45, 0xDC45, 0xDC45, 0xDC45, 0xDC44, 0xDC44, 0xDC44, 0xDC44, 0xDC44, 0xDC44, 0xDC44, 0xDC44, 0xDC24, 0xDC24,
    0xDC24, 0xDC24, 0xDC24, 0xDC24, 0xDC24, 0xDC04, 0xDC04, 0xDC46, 0xDC68, 0xDC67, 0xDC67, 0xDC67, 0xDC47, 0xDC47, 0xDC47, 0xDC47,
    0xDC27, 0xDC27, 0xDC27, 0xDC27, 0xDC27, 0xDC27, 0xDC07, 0xDC07, 0xDC07, 0xD407, 0xD407, 0xD3E7, 0xD3E7, 0xD3E7, 0xD3C7, 0xD3C7,
    0xD3C7, 0xD3C7, 0xD3C7, 0xD365, 0xD323, 0xCB23, 0xCB03, 0xCB03, 0xCB03, 0xCB03, 0xCAE3, 0xCAE3, 0xCAE3, 0xCAC3, 0xC2C3, 0xC2C3,
    0xC2A3, 0xC2A3, 0xC2A3, 0xC283, 0xC283, 0xC283, 0xBA83, 0xBA63, 0xBA63, 0xBA63, 0xBA43, 0xBA43, 0xBA43, 0xB223, 0xB223, 0xB223,
    0xB203, 0xB203, 0xB202, 0xB223, 0xB285, 0xB265, 0xAA65, 0xAA65, 0xBBA4, 0xBBC4, 0xC3C4, 0xC3C4, 0xC3E5, 0xC427, 0xC427, 0xC427,
    0xC447, 0xCC47, 0xCC47, 0xCC47, 0xCC67, 0xCC67, 0xCC68, 0xCC68, 0xCC68, 0xCC88, 0xD488, 0xD488, 0xD488, 0xD488, 0xD488, 0xD4A8,
    0xD4A8, 0xD4A8, 0xD4A8, 0xD4A8, 0xD4A8, 0xDCA8, 0xDCA8, 0xDCA8, 0xDCA8, 0xDCA8, 0xDCA8, 0xDCC8, 0xDCA7, 0xDC65, 0xDC65, 0xDC65,
    0xDC65, 0xDC65, 0xDC65, 0xDC65, 0xDC65, 0xDC65, 0xE465, 0xE465, 0xE465, 0xE465, 0xE445, 0xE444, 0xE444, 0xE444, 0xE444, 0xE444,
    0xE444, 0xE444, 0xE444, 0xE424, 0xE424, 0xE424, 0xDC24, 0xDC24, 0xDC66, 0xDC88, 0xDC67, 0xDC67, 0xDC67, 0xDC67, 0xDC67, 0xDC47,
    0xDC47, 0xDC47, 0xDC47, 0xDC47, 0xDC27, 0xDC27, 0xDC27, 0xDC27, 0xDC07, 0xDC07, 0xDC07, 0xDC07, 0xDC07, 0xD3E7, 0xD3E7, 0xD3E7,
    0xD3E7, 0xD3C7, 0xD3C7, 0xD3C7, 0xD344, 0xD323, 0xD324, 0xCB24, 0xCB03, 0xCB03, 0xCB03, 0xCB03, 0xCAE3, 0xCAE3, 0xCAE3, 0xCAC3,
    0xCAC3, 0xC2C3, 0xC2A3, 0xC2A3, 0xC2A3, 0xC2A3, 0xC283, 0xC283, 0xC283, 0xBA63, 0xBA63, 0xBA63, 0xBA43, 0xBA43, 0xBA43, 0xBA23,
    0xB223, 0xB223, 0xB203, 0xB202, 0xB265, 0xB285, 0xB285, 0xB265, 0xAA65, 0xC3C4, 0xC3C4, 0xC3C4, 0xC3E4, 0xC3E4, 0xC426, 0xC447,
    0xCC47, 0xCC47, 0xCC47, 0xCC67, 0xCC67, 0xCC68, 0xCC68, 0xCC88, 0xCC88, 0xD488, 0xD488, 0xD488, 0xD4A8, 0xD4A8, 0xD4A8, 0xD4A8,
    0xD4A8, 0xD4A8, 0xD4A8, 0xDCA8, 0xDCC8, 0xDCC8, 0xDCC8, 0xDCC8, 0xDCC8, 0xDCC8, 0xDCC8, 0xDCC8, 0xDCC8, 0xDCC8, 0xDC85, 0xDC85,
    0xDC85, 0xDC85, 0xDC85, 0xE485, 0xE465, 0xE465, 0xE465, 0xE465, 0xE465, 0xE465, 0xE465, 0xE465, 0xE465, 0xE465, 0xE464, 0xE464,
    0xE444, 0xE444, 0xE444, 0xE444, 0xE444, 0xE444, 0xE444, 0xE424, 0xE424, 0xE466, 0xE488, 0xE487, 0xE487, 0xE487, 0xE467, 0xE467,
    0xE467, 0xDC67, 0xDC47, 0xDC47, 0xDC47, 0xDC47, 0xDC47, 0xDC27, 0xDC27, 0xDC27, 0xDC27, 0xDC07, 0xDC07, 0xDC07, 0xDC07, 0xDBE7,
    0xDBE7, 0xD3E7, 0xD3E7, 0xD3E7, 0xD3C6, 0xD343, 0xD344, 0xD344, 0xD324, 0xD323, 0xD323, 0xCB03, 0xCB03, 0xCB03, 0xCAE3, 0xCAE3,
    0xCAE3, 0xCAC3, 0xCAC3, 0xCAC3, 0xC2A3, 0xC2A3, 0xC2A3, 0xC283, 0xC283, 0xC283, 0xC283, 0xC263, 0xBA63, 0xBA43, 0xBA43, 0xBA43,
    0xBA43, 0xBA23, 0xB223, 0xB202, 0xB244, 0xB2A6, 0xB285, 0xB285, 0xB285, 0xB285, 0xC3C4, 0xC3C4, 0xC3E4, 0xC3E4, 0xC3E4, 0xC405,
    0xCC47, 0xCC67, 0xCC67, 0xCC68, 0xCC68, 0xCC88, 0xCC88, 0xCC88, 0xD488, 0xD488, 0xD488, 0xD4A8, 0xD4A8, 0xD4A8, 0xD4A8, 0xD4A8,
    0xD4A8, 0xD4C8, 0xDCC8, 0xDCC8, 0xDCC8, 0xDCC8, 0xDCC8, 0xDCC8, 0xDCC8, 0xDCC9, 0xDCC8, 0xDCE8, 0xDCE8, 0xDCE8, 0xDCE9, 0xDCA6,
    0xE485, 0xE485, 0xE485, 0xE485, 0xE485, 0xE485, 0xE485, 0xE485, 0xE485, 0xE485, 0xE485, 0xE465, 0xE465, 0xE465, 0xE465, 0xE465,
    0xE465, 0xE464, 0xE464, 0xE464, 0xE464, 0xE444, 0xE444, 0xE444, 0xE444, 0xE424, 0xE466, 0xE4A8, 0xE487, 0xE487, 0xE487, 0xE487,
    0xE487, 0xE467, 0xE467, 0xE467, 0xE467, 0xE447, 0xE447, 0xE447, 0xDC47, 0xDC27, 0xDC27, 0xDC27, 0xDC27, 0xDC07, 0xDC07, 0xDC07,
    0xDC07, 0xDC07, 0xDBE7, 0xDBE7, 0xD3E7, 0xD3A6, 0xD343, 0xD344, 0xD344, 0xD324, 0xD324, 0xD323, 0xD323, 0xCB03, 0xCB03, 0xCB03,
    0xCAE3, 0xCAE3, 0xCAE3, 0xCAC3, 0xCAC3, 0xCAC3, 0xC2A3, 0xC2A3, 0xC2A3, 0xC283, 0xC283, 0xC283, 0xC263, 0xC263, 0xBA63, 0xBA63,
    0xBA43, 0xBA43, 0xBA23, 0xBA23, 0xB223, 0xBAA5, 0xB2A6, 0xB285, 0xB285, 0xB285, 0xB285, 0xC3E4, 0xC3E4, 0xC3E4, 0xC3E5, 0xCC05,
    0xCC05, 0xCC46, 0xCC68, 0xCC68, 0xCC68, 0xCC88, 0xCC88, 0xD488, 0xD4A8, 0xD4A8, 0xD4A8, 0xD4A8, 0xD4A8, 0xD4A8, 0xD4A8, 0xD4C8,
    0xD4C8, 0xDCC8, 0xDCC8, 0xDCC8, 0xDCC9, 0xDCC9, 0xDCC8, 0xDCE9, 0xDCE9, 0xDCE9, 0xDCE9, 0xDCE9, 0xDCE9, 0xDCE9, 0xE4E9, 0xE4E9,
    0xE4C7, 0xE485, 0xE4A6, 0xE486, 0xE486, 0xE485, 0xE485, 0xE485, 0xE485, 0xE485, 0xE485, 0xE485, 0xE485, 0xE485, 0xE485, 0xE485,
    0xE485, 0xE465, 0xE465, 0xE465, 0xE464, 0xE464, 0xE464, 0xE464, 0xE464, 0xE444, 0xE444, 0xE486, 0xE4A8, 0xE4A7, 0xE487, 0xE487,
    0xE487, 0xE487, 0xE487, 0xE487, 0xE467, 0xE467, 0xE467, 0xE467, 0xE447, 0xE447, 0xE447, 0xE447, 0xDC27, 0xDC27, 0xDC27, 0xDC27,
    0xDC27, 0xDC07, 0xDC07, 0xDC07, 0xDBE7, 0xDBE7, 0xD385, 0xD364, 0xD344, 0xD344, 0xD344, 0xD324, 0xD324, 0xD323, 0xD323, 0xD303,
    0xD303, 0xCB03, 0xCAE3, 0xCAE3, 0xCAE3, 0xCAC3, 0xCAC3, 0xCAC3, 0xCAA3, 0xC2A3, 0xC2A3, 0xC283, 0xC283, 0xC283, 0xC263, 0xC263,
    0xBA63, 0xBA43, 0xBA43, 0xBA43, 0xBA22, 0xBA84, 0xBAA6, 0xBAA6, 0xB2A5, 0xB285, 0xB285, 0xB285, 0xC3E4, 0xC3E5, 0xC405, 0xCC05,
    0xCC05, 0xCC25, 0xCC25, 0xCC68, 0xCC88, 0xCC88, 0xCC88, 0xD488, 0xD4A8, 0xD4A8, 0xD4A8, 0xD4A8, 0xD4A8, 0xD4A8, 0xD4C8, 0xD4C9,
    0xDCC9, 0xDCC9, 0xDCC9, 0xDCE9, 0xDCE9, 0xDCE9, 0xDCE9, 0xDCE9, 0xDCE9, 0xDCE9, 0xDCE9, 0xDCE9, 0xE4E9, 0xE4E9, 0xE4E9, 0xE4E9,
    0xE509, 0xE4E8, 0xE4A6, 0xE4A6, 0xE4A6, 0xE4A6, 0xE4A6, 0xE4A6, 0xE4A6, 0xE4A6, 0xE4A5, 0xE4A5, 0xE4A5, 0xE485, 0xE485, 0xE485,
    0xE485, 0xE485, 0xEC85, 0xEC85, 0xEC85, 0xEC85, 0xE464, 0xE464, 0xE464, 0xE464, 0xE464, 0xE444, 0xE487, 0xE4C8, 0xE4A7, 0xE4A8,
    0xE4A8, 0xE488, 0xE488, 0xE488, 0xE488, 0xE488, 0xE467, 0xE467, 0xE467, 0xE467, 0xE467, 0xE467, 0xE447, 0xE447, 0xE447, 0xDC27,
    0xDC27, 0xDC27, 0xDC27, 0xDC07, 0xDC07, 0xDC07, 0xDBE7, 0xDB84, 0xDB64, 0xD364, 0xD364, 0xD344, 0xD344, 0xD344, 0xD323, 0xD323,
    0xD323, 0xD303, 0xD303, 0xCB03, 0xCAE3, 0xCAE3, 0xCAE3, 0xCAC3, 0xCAC3, 0xCAC3, 0xCAA3, 0xC2A3, 0xC2A3, 0xC283, 0xC283, 0xC283,
    0xC263, 0xC263, 0xBA63, 0xBA43, 0xBA43, 0xBA43, 0xBAC6, 0xBAA6, 0xBAA6, 0xBAA6, 0xB2A6, 0xB285, 0xB285, 0xC405, 0xC405, 0xCC05,
    0xCC05, 0xCC25, 0xCC25, 0xCC25, 0xCC46, 0xCC88, 0xD488, 0xD4A8, 0xD4A8, 0xD4A8, 0xD4A8, 0xD4A8, 0xD4C8, 0xD4C9, 0xD4C9, 0xDCC9,
    0xDCC9, 0xDCE9, 0xDCE9, 0xDCE9, 0xDCE9, 0xDCE9, 0xDCE9, 0xDCE9, 0xDD09, 0xDD09, 0xE509, 0xE509, 0xE509, 0xE509, 0xE509, 0xE509,
    0xE509, 0xE509, 0xE509, 0xE4C6, 0xE4A6, 0xE4A6, 0xE4A6, 0xE4A6, 0xE4A6, 0xE4A6, 0xE4A6, 0xE4A6, 0xE4A6, 0xECA5, 0xECA5, 0xECA5,
    0xECA5, 0xECA5, 0xEC85, 0xECA5, 0xEC85, 0xEC85, 0xEC85, 0xEC85, 0xEC85, 0xEC84, 0xEC64, 0xEC64, 0xEC64, 0xECA7, 0xECC8, 0xECC8,
    0xE4A8, 0xE4A8, 0xE4A8, 0xE4A8, 0xE488, 0xE488, 0xE488, 0xE488, 0xE488, 0xE468, 0xE468, 0xE467, 0xE467, 0xE467, 0xE447, 0xE447,
    0xE447, 0xE427, 0xE427, 0xDC27, 0xDC27, 0xDC07, 0xDC07, 0xDBE6, 0xDB84, 0xDB64, 0xDB64, 0xDB64, 0xD364, 0xD344, 0xD344, 0xD344,
    0xD324, 0xD323, 0xD323, 0xD303, 0xD303, 0xD303, 0xCAE3, 0xCAE3, 0xCAE3, 0xCAC3, 0xCAC3, 0xCAC3, 0xCAA3, 0xCAA3, 0xC2A3, 0xC283,
    0xC283, 0xC283, 0xC263, 0xC263, 0xC263, 0xBA43, 0xBAA5, 0xBAC6, 0xBAC6, 0xBAA6, 0xBAA6, 0xBAA6, 0xBA86, 0xB285, 0xCC05, 0xCC05,
    0xCC25, 0xCC25, 0xCC25, 0xCC45, 0xCC45, 0xD445, 0xD488, 0xD4A8, 0xD4A8, 0xD4A8, 0xD4C9, 0xD4C9, 0xD4C9, 0xD4C9, 0xDCC9, 0xDCE9,
    0xDCE9, 0xDCE9, 0xDCE9, 0xDCE9, 0xDCE9, 0xDD09, 0xDD09, 0xDD09, 0xE509, 0xE509, 0xE509, 0xE509, 0xE509, 0xE509, 0xE529, 0xE509,
    0xE509, 0xE509, 0xE509, 0xE529, 0xE4E7, 0xE4C6, 0xE4C6, 0xE4C6, 0xE4C6, 0xECC6, 0xECC6, 0xECC6, 0xECC6, 0xECC6, 0xECC6, 0xECA6,
    0xECA6, 0xECA5, 0xECA5, 0xECA5, 0xECA5, 0xECA5, 0xECA5, 0xEC85, 0xEC85, 0xEC85, 0xEC85, 0xEC85, 0xEC85, 0xEC64, 0xECA7, 0xECC8,
    0xECC8, 0xECC8, 0xECC8, 0xECA8, 0xECA8, 0xECA8, 0xECA8, 0xECA8, 0xE488, 0xE488, 0xE488, 0xE488, 0xE468, 0xE467, 0xE467, 0xE467,
    0xE447, 0xE447, 0xE447, 0xE447, 0xE427, 0xE427, 0xE427, 0xDC27, 0xDBC5, 0xDB84, 0xDB84, 0xDB64, 0xDB64, 0xDB64, 0xDB44, 0xD344,
    0xD344, 0xD344, 0xD324, 0xD324, 0xD324, 0xD303, 0xD303, 0xD303, 0xD2E3, 0xCAE3, 0xCAE3, 0xCAC3, 0xCAC3, 0xCAC3, 0xCAA3, 0xCAA3,
    0xCAA3, 0xC283, 0xC283, 0xC283, 0xC263, 0xC263, 0xC284, 0xC2E6, 0xC2C6, 0xBAC6, 0xBAC6, 0xBAA6, 0xBAA6, 0xBAA6, 0xBAA6, 0xCC25,
    0xCC25, 0xCC25, 0xCC25, 0xCC45, 0xD445, 0xD446, 0xD445, 0xD466, 0xD4A9, 0xD4C8, 0xD4C9, 0xD4C9, 0xD4C9, 0xDCE9, 0xDCE9, 0xDCE9,
    0xDCE9, 0xDCE9, 0xDD09, 0xDD09, 0xDD09, 0xDD09, 0xDD09, 0xE509, 0xE509, 0xE509, 0xE529, 0xE529, 0xE529, 0xE529, 0xE529, 0xE529,
    0xE529, 0xE529, 0xE529, 0xE529, 0xE52A, 0xE508, 0xE4C6, 0xECE6, 0xECC6, 0xECC6, 0xECC6, 0xECC6, 0xECC6, 0xECC6, 0xECC6, 0xECC6,
    0xECC6, 0xECC6, 0xECC6, 0xECC6, 0xECA5, 0xECA5, 0xECA5, 0xECA5, 0xECA5, 0xECA5, 0xECA5, 0xEC85, 0xEC85, 0xEC85, 0xEC84, 0xECC7,
    0xECE8, 0xECC8, 0xECC8, 0xECC8, 0xECC8, 0xECC8, 0xECA8, 0xECA8, 0xECA8, 0xECA8, 0xECA8, 0xE488, 0xE488, 0xE488, 0xE468, 0xE468,
    0xE468, 0xE467, 0xE447, 0xE447, 0xE447, 0xE447, 0xE427, 0xE427, 0xE428, 0xE3C5, 0xDB84, 0xDB84, 0xDB84, 0xDB64, 0xDB64, 0xDB64,
    0xDB44, 0xDB44, 0xD344, 0xD344, 0xD324, 0xD324, 0xD324, 0xD304, 0xD303, 0xD303, 0xD2E3, 0xCAE3, 0xCAE3, 0xCAC3, 0xCAC3, 0xCAC3,
    0xCAA3, 0xCAA3, 0xCAA3, 0xC283, 0xC283, 0xC263, 0xC263, 0xC2E5, 0xC2E6, 0xC2E6, 0xC2C6, 0xBAC6, 0xBAC6, 0xBAA6, 0xBAA6, 0xBAA6,
    0xCC25, 0xCC25, 0xCC45, 0xCC45, 0xD445, 0xD466, 0xD466, 0xD466, 0xD466, 0xD4A8, 0xD4C9, 0xD4C9, 0xDCE9, 0xDCE9, 0xDCE9, 0xDCE9,
    0xDD09, 0xDD09, 0xDD09, 0xDD09, 0xDD09, 0xDD09, 0xE509, 0xE529, 0xE529, 0xE52A, 0xE52A, 0xE529, 0xE52A, 0xE52A, 0xE52A, 0xE52A,
    0xE52A, 0xE52A, 0xE54A, 0xED4A, 0xED2A, 0xED2A, 0xED29, 0xECE7, 0xECE6, 0xECE6, 0xECE6, 0xECE6, 0xECE6, 0xECE6, 0xECE6, 0xECE6,
    0xECC6, 0xECC6, 0xECC6, 0xECC6, 0xECC6, 0xECC6, 0xECC5, 0xECC5, 0xECA5, 0xECA5, 0xECA5, 0xECA5, 0xECA5, 0xECA5, 0xEC85, 0xEC84,
    0xECC7, 0xECE8, 0xECE8, 0xECE8, 0xECC8, 0xECC8, 0xECC8, 0xECC8, 0xECA8, 0xECA8, 0xECA8, 0xECA8, 0xECA8, 0xEC88, 0xEC88, 0xE488,
    0xE468, 0xE468, 0xE468, 0xE468, 0xE468, 0xE448, 0xE447, 0xE447, 0xE447, 0xE427, 0xE3A4, 0xDBA4, 0xDBA4, 0xDB84, 0xDB84, 0xDB64,
    0xDB64, 0xDB64, 0xDB64, 0xDB44, 0xDB44, 0xD344, 0xD324, 0xD324, 0xD324, 0xD304, 0xD303, 0xD2E3, 0xD2E3, 0xD2E3, 0xCAE3, 0xCAC3,
    0xCAC3, 0xCAA3, 0xCAA3, 0xCAA3, 0xCA83, 0xC283, 0xC283, 0xC2A4, 0xC306, 0xC2E6, 0xC2E6, 0xC2E6, 0xC2C6, 0xC2C6, 0xBAC6, 0xBAA6,
    0xBAA6, 0xCC45, 0xCC45, 0xCC45, 0xD446, 0xD466, 0xD466, 0xD466, 0xD486, 0xD486, 0xD486, 0xD4E9, 0xDCE9, 0xDCE9, 0xDCE9, 0xDD09,
    0xDD09, 0xDD09, 0xDD09, 0xDD09, 0xDD29, 0xE52A, 0xE52A, 0xE52A, 0xE52A, 0xE52A, 0xE52A, 0xE52A, 0xE54A, 0xE54A, 0xE54A, 0xE54A,
    0xE54A, 0xE54A, 0xED4A, 0xED4A, 0xED4A, 0xED4A, 0xED4A, 0xED4A, 0xED07, 0xECE7, 0xECE7, 0xECE7, 0xECE6, 0xECE6, 0xECE6, 0xECE6,
    0xECE6, 0xECE6, 0xECE6, 0xECE6, 0xECE6, 0xECC6, 0xECC6, 0xECC6, 0xECC6, 0xECC6, 0xECC5, 0xECC5, 0xECA5, 0xECA5, 0xECA5, 0xECA5,
    0xECA4, 0xECC7, 0xECE8, 0xECE8, 0xECE8, 0xECE8, 0xECE8, 0xECC8, 0xECC8, 0xECC8, 0xECC8, 0xECA8, 0xECA8, 0xECA8, 0xECA8, 0xEC88,
    0xEC88, 0xEC88, 0xEC88, 0xEC68, 0xE468, 0xE468, 0xE468, 0xE448, 0xE447, 0xE448, 0xE426, 0xE3A4, 0xE3A4, 0xE3A4, 0xE384, 0xDB84,
    0xDB84, 0xDB64, 0xDB64, 0xDB64, 0xDB44, 0xDB44, 0xDB44, 0xDB44, 0xD324, 0xD324, 0xD304, 0xD303, 0xD303, 0xD2E3, 0xD2E3, 0xD2E3,
    0xCAC3, 0xCAC3, 0xCAC3, 0xCAA3, 0xCAA3, 0xCAA3, 0xCA83, 0xCA83, 0xCB06, 0xCB06, 0xC306, 0xC2E6, 0xC2E6, 0xC2C6, 0xC2C6, 0xC2C6,
    0xBAA6, 0xBAA6, 0xCC45, 0xCC46, 0xD466, 0xD466, 0xD466, 0xD486, 0xD486, 0xD486, 0xD486, 0xDC86, 0xDCC8, 0xDD09, 0xDD09, 0xDD09,
    0xDD09, 0xDD09, 0xDD09, 0xDD2A, 0xE52A, 0xE52A, 0xE52A, 0xE52A, 0xE52A, 0xE52A, 0xE54A, 0xE54A, 0xE54A, 0xE54A, 0xE54A, 0xE54A,
    0xED4A, 0xED4A, 0xED4A, 0xED4A, 0xED4A, 0xED6A, 0xED6A, 0xED4A, 0xED6A, 0xED28, 0xED07, 0xED07, 0xED07, 0xED07, 0xED07, 0xED07,
    0xED06, 0xECE6, 0xECE6, 0xECE6, 0xECE6, 0xECE6, 0xECE6, 0xECE6, 0xF4E6, 0xF4C6, 0xF4C6, 0xF4C5, 0xF4C5, 0xF4C5, 0xF4C5, 0xF4A5,
    0xF4A5, 0xF4A5, 0xF4E7, 0xED08, 0xECE8, 0xECE8, 0xECE8, 0xECE8, 0xECE8, 0xECE8, 0xECC8, 0xECC8, 0xECC8, 0xECA8, 0xECA8, 0xECA8,
    0xECA8, 0xEC88, 0xEC88, 0xEC88, 0xEC88, 0xEC88, 0xE468, 0xE468, 0xE468, 0xE447, 0xE448, 0xE406, 0xE3A4, 0xE3C4, 0xE3A4, 0xE3A4,
    0xE384, 0xDB84, 0xDB84, 0xDB64, 0xDB64, 0xDB64, 0xDB44, 0xDB44, 0xDB44, 0xDB24, 0xD324, 0xD324, 0xD304, 0xD303, 0xD303, 0xD2E3,
    0xD2E3, 0xD2E3, 0xCAC3, 0xCAC3, 0xCAC3, 0xCAA3, 0xCAA3, 0xCA83, 0xCAE5, 0xCB26, 0xCB06, 0xCB06, 0xC2E6, 0xC2E6, 0xC2E6, 0xC2C6,
    0xC2C6, 0xC2C6, 0xBAA6, 0xD446, 0xD466, 0xD466, 0xD466, 0xD486, 0xD486, 0xD486, 0xD4A6, 0xDCA6, 0xDCA6, 0xDCA7, 0xDD09, 0xDD09,
    0xDD09, 0xDD0A, 0xDD2A, 0xDD2A, 0xE52A, 0xE52A, 0xE52A, 0xE54A, 0xE54A, 0xE54A, 0xE54A, 0xE54A, 0xE54A, 0xE54A, 0xE54A, 0xED4A,
    0xED6A, 0xED6A, 0xED6A, 0xED6A, 0xED6A, 0xED6A, 0xED6A, 0xED6A, 0xED6A, 0xED6A, 0xED49, 0xED07, 0xED07, 0xED07, 0xED07, 0xED07,
    0xED07, 0xED07, 0xED07, 0xF507, 0xF507, 0xF506, 0xF4E6, 0xF4E6, 0xF4E6, 0xF4E6, 0xF4E6, 0xF4E6, 0xF4E6, 0xF4C6, 0xF4C5, 0xF4C5,
    0xF4C5, 0xF4C5, 0xF4A5, 0xF4E7, 0xF508, 0xF508, 0xF508, 0xF4E8, 0xF4E8, 0xECE8, 0xECE8, 0xECE8, 0xECC8, 0xECC8, 0xECC8, 0xECC8,
    0xECC8, 0xECA8, 0xECA8, 0xECA8, 0xEC88, 0xEC88, 0xEC88, 0xEC88, 0xEC68, 0xEC68, 0xE467, 0xE448, 0xE3E5, 0xE3C4, 0xE3C4, 0xE3A4,
    0xE3A4, 0xE3A4, 0xE384, 0xE384, 0xDB84, 0xDB64, 0xDB64, 0xDB64, 0xDB44, 0xDB44, 0xDB44, 0xDB24, 0xDB24, 0xD324, 0xD303, 0xD303,
    0xD303, 0xD2E3, 0xD2E3, 0xD2E3, 0xD2C3, 0xCAC3, 0xCAC3, 0xCAA3, 0xCAC4, 0xCB26, 0xCB26, 0xCB06, 0xCB06, 0xCB06, 0xC2E6, 0xC2E6,
    0xC2C6, 0xC2C6, 0xC2C6, 0xC2C6, 0xD466, 0xD466, 0xD466, 0xD486, 0xD486, 0xD486, 0xDCA6, 0xDCA6, 0xDCA7, 0xDCC7, 0xDCC7, 0xDCE8,
    0xDD2A, 0xDD2A, 0xDD2A, 0xE52A, 0xE52A, 0xE54A, 0xE54A, 0xE54A, 0xE54A, 0xE54A, 0xE54A, 0xE54A, 0xE54A, 0xE56A, 0xED6A, 0xED6A,
    0xED6A, 0xED6A, 0xED6A, 0xED6A, 0xED6A, 0xED6A, 0xED6A, 0xED6A, 0xED6A, 0xED6A, 0xED6A, 0xED6A, 0xED28, 0xED27, 0xED27, 0xF527,
    0xF527, 0xF507, 0xF507, 0xF507, 0xF507, 0xF507, 0xF507, 0xF506, 0xF506, 0xF4E6, 0xF4E6, 0xF4E6, 0xF4E6, 0xF4E6, 0xF4E6, 0xF4E6,
    0xF4C6, 0xF4C5, 0xF4C5, 0xF4A5, 0xF4E7, 0xF529, 0xF508, 0xF508, 0xF508, 0xF4E8, 0xF4E8, 0xF4E8, 0xF4E8, 0xECE8, 0xECC8, 0xECC8,
    0xECC8, 0xECC8, 0xECC8, 0xECA8, 0xECA8, 0xECA8, 0xEC88, 0xEC88, 0xEC88, 0xEC88, 0xEC68, 0xEC68, 0xEC47, 0xEBE4, 0xE3C4, 0xE3C4,
    0xE3C4, 0xE3A4, 0xE3A4, 0xE3A4, 0xE384, 0xE384, 0xE384, 0xDB64, 0xDB64, 0xDB64, 0xDB44, 0xDB44, 0xDB44, 0xDB24, 0xDB24, 0xDB24,
    0xD303, 0xD303, 0xD303, 0xD2E3, 0xD2E3, 0xD2C3, 0xD2C3, 0xCAC3, 0xCAA3, 0xCB26, 0xCB47, 0xCB26, 0xCB06, 0xCB06, 0xCB06, 0xCB06,
    0xC2E6, 0xC2E6, 0xC2C6, 0xC2C6, 0xC2C6, 0xD466, 0xD486, 0xD486, 0xD486, 0xDCA6, 0xDCA6, 0xDCA7, 0xDCC7, 0xDCC7, 0xDCC7, 0xDCC7,
    0xDCC7, 0xDD09, 0xE52A, 0xE52A, 0xE54A, 0xE54A, 0xE54A, 0xE54A, 0xE56A, 0xE56A, 0xE56A, 0xE56A, 0xE56A, 0xED6A, 0xED6B, 0xED6B,
    0xED6B, 0xED6B, 0xED8B, 0xED8B, 0xED8B, 0xED8B, 0xED8B, 0xED8B, 0xED8B, 0xED8B, 0xED8A, 0xED8A, 0xF58B, 0xF548, 0xF527, 0xF527,
    0xF527, 0xF527, 0xF527, 0xF527, 0xF527, 0xF527, 0xF527, 0xF507, 0xF507, 0xF506, 0xF506, 0xF506, 0xF506, 0xF4E6, 0xF4E6, 0xF4E6,
    0xF4E6, 0xF4E6, 0xF4E6, 0xF4C5, 0xF4C5, 0xF507, 0xF529, 0xF528, 0xF508, 0xF508, 0xF508, 0xF508, 0xF508, 0xF4E8, 0xF4E8, 0xF4E8,
    0xF4E8, 0xF4C8, 0xF4C8, 0xECC8, 0xECC8, 0xECA8, 0xECA8, 0xECA8, 0xEC88, 0xEC88, 0xEC88, 0xEC88, 0xEC88, 0xEC46, 0xEBE4, 0xEBE4,
    0xE3C4, 0xE3C4, 0xE3C4, 0xE3A4, 0xE3A4, 0xE3A4, 0xE384, 0xE384, 0xE384, 0xE364, 0xDB64, 0xDB64, 0xDB44, 0xDB44, 0xDB44, 0xDB24,
    0xDB24, 0xDB23, 0xDB03, 0xD303, 0xD2E3, 0xD2E3, 0xD2E3, 0xD2C3, 0xD2C3, 0xD2E4, 0xD347, 0xCB26, 0xCB26, 0xCB26, 0xCB06, 0xCB06,
    0xCB06, 0xCAE6, 0xCAE6, 0xC2E6, 0xC2C6, 0xC2C6, 0xD486, 0xD486, 0xD486, 0xD4A6, 0xDCA7, 0xDCA7, 0xDCC7, 0xDCC7, 0xDCC7, 0xDCC7,
    0xDCE7, 0xE4E7, 0xE508, 0xE54A, 0xE54A, 0xE54A, 0xE54A, 0xE54A, 0xE56A, 0xE56A, 0xE56B, 0xE56B, 0xED8B, 0xED8B, 0xED8B, 0xED8B,
    0xED8B, 0xED8B, 0xED8B, 0xED8B, 0xED8B, 0xED8B, 0xED8B, 0xED8B, 0xED8B, 0xED8B, 0xF58B, 0xF58B, 0xF58B, 0xF5AB, 0xF569, 0xF527,
    0xF548, 0xF547, 0xF547, 0xF527, 0xF527, 0xF527, 0xF527, 0xF527, 0xF527, 0xF527, 0xF527, 0xF507, 0xF506, 0xF506, 0xF506, 0xF506,
    0xF4E6, 0xF4E6, 0xF4E6, 0xF4E6, 0xF4E6, 0xF4C5, 0xF507, 0xF529, 0xF528, 0xF528, 0xF528, 0xF508, 0xF508, 0xF508, 0xF508, 0xF4E8,
    0xF4E8, 0xF4E8, 0xF4E8, 0xF4C8, 0xF4C8, 0xF4C8, 0xF4C8, 0xECA8, 0xECA8, 0xECA8, 0xEC88, 0xEC88, 0xEC88, 0xEC88, 0xEC26, 0xEBE4,
    0xEBE4, 0xEBE4, 0xEBC4, 0xE3C4, 0xE3C4, 0xE3A4, 0xE3A4, 0xE3A4, 0xE384, 0xE384, 0xE384, 0xE364, 0xDB64, 0xDB44, 0xDB44, 0xDB44,
    0xDB24, 0xDB24, 0xDB24, 0xDB24, 0xDB03, 0xD303, 0xD2E3, 0xD2E3, 0xD2E3, 0xD2C3, 0xD346, 0xD347, 0xD346, 0xD326, 0xCB26, 0xCB26,
    0xCB06, 0xCB06, 0xCB06, 0xCAE6, 0xC2E6, 0xC2E6, 0xC2C6, 0xD486, 0xD4A6, 0xDCA6, 0xDCA7, 0xDCC7, 0xDCC7, 0xDCC7, 0xDCC7, 0xDCE7,
    0xDCE7, 0xE4E7, 0xE507, 0xE4E7, 0xE529, 0xE56B, 0xE56A, 0xE56A, 0xE56A, 0xE56B, 0xE58B, 0xED8B, 0xED8B, 0xED8B, 0xED8B, 0xED8B,
    0xED8B, 0xED8B, 0xED8B, 0xED8B, 0xEDAB, 0xEDAB, 0xEDAB, 0xEDAB, 0xEDAB, 0xF5AB, 0xF5AB, 0xF5AB, 0xF5AB, 0xF5AB, 0xF5AB, 0xF58A,
    0xF548, 0xF548, 0xF548, 0xF548, 0xF547, 0xF547, 0xF547, 0xF527, 0xF527, 0xF527, 0xF527, 0xF527, 0xF527, 0xF527, 0xF507, 0xF506,
    0xF506, 0xF506, 0xF506, 0xF506, 0xF4E6, 0xF4E6, 0xF4E5, 0xF507, 0xF549, 0xF528, 0xF528, 0xF528, 0xF528, 0xF508, 0xF508, 0xF508,
    0xF508, 0xF508, 0xF4E8, 0xF4E8, 0xF4E8, 0xF4C8, 0xF4C8, 0xF4C8, 0xF4C8, 0xF4A8, 0xF4A8, 0xECA8, 0xEC88, 0xEC88, 0xEC88, 0xEC05,
    0xEBE4, 0xEBE4, 0xEBE4, 0xEBE4, 0xEBC4, 0xEBC4, 0xE3C4, 0xE3A4, 0xE3A4, 0xE3A4, 0xE384, 0xE384, 0xE384, 0xE364, 0xE364, 0xDB44,
    0xDB44, 0xDB44, 0xDB24, 0xDB24, 0xDB24, 0xDB04, 0xDB04, 0xD303, 0xD2E3, 0xD2E3, 0xD325, 0xD367, 0xD346, 0xD346, 0xD346, 0xD326,
    0xCB26, 0xCB26, 0xCB06, 0xCB06, 0xCB06, 0xCAE6, 0xC2E6, 0xC2C6, 0xD4A6, 0xDCA7, 0xDCA7, 0xDCC7, 0xDCC7, 0xDCC7, 0xDCE7, 0xDCE7,
    0xDCE7, 0xE4E7, 0xE508, 0xE508, 0xE508, 0xE528, 0xE56A, 0xE56B, 0xE56B, 0xE56B, 0xED8B, 0xED8B, 0xED8B, 0xED8B, 0xED8B, 0xED8B,
    0xED8B, 0xEDAB, 0xEDAB, 0xEDAB, 0xEDAB, 0xEDAB, 0xEDAB, 0xF5AB, 0xF5AB, 0xF5AB, 0xF5AB, 0xF5AB, 0xF5AB, 0xF5AB, 0xF5AB, 0xF5AB,
    0xF5AB, 0xF568, 0xF548, 0xF548, 0xF548, 0xF548, 0xF548, 0xF547, 0xF547, 0xF547, 0xF547, 0xF527, 0xF527, 0xF527, 0xF527, 0xF527,
    0xF527, 0xF506, 0xF506, 0xF506, 0xF506, 0xF506, 0xF506, 0xF4E5, 0xF527, 0xF549, 0xF549, 0xF549, 0xF528, 0xF528, 0xF528, 0xF528,
    0xF508, 0xF508, 0xF508, 0xF508, 0xF4E8, 0xF4E8, 0xF4E8, 0xF4C8, 0xF4C8, 0xF4C8, 0xF4C8, 0xF4A8, 0xF4A8, 0xECA8, 0xECA8, 0xEC87,
    0xEC04, 0xEC04, 0xEC04, 0xEBE4, 0xEBE4, 0xEBE4, 0xEBC4, 0xEBC4, 0xE3C4, 0xE3A4, 0xE3A4, 0xE384, 0xE384, 0xE384, 0xE384, 0xE364,
    0xE364, 0xDB44, 0xDB44, 0xDB44, 0xDB24, 0xDB24, 0xDB24, 0xDB04, 0xDB04, 0xDAE3, 0xD304, 0xD367, 0xD367, 0xD367, 0xD347, 0xD347,
    0xD346, 0xD326, 0xCB26, 0xCB26, 0xCB06, 0xCB06, 0xCAE6, 0xCAE6, 0xC2E6, 0xDCA7, 0xDCA7, 0xDCC7, 0xDCC7, 0xDCC7, 0xDCE7, 0xDCE7,
    0xE4E7, 0xE507, 0xE508, 0xE508, 0xE528, 0xE528, 0xE528, 0xE549, 0xE58B, 0xED8B, 0xED8B, 0xED8B, 0xED8B, 0xED8B, 0xEDAB, 0xEDAB,
    0xEDAB, 0xEDAB, 0xEDAB, 0xEDAB, 0xEDAB, 0xEDAB, 0xF5AB, 0xF5AB, 0xF5AB, 0xF5AB, 0xF5AB, 0xF5AB, 0xF5CB, 0xF5CB, 0xF5CB, 0xF5CB,
    0xF5CB, 0xF5CB, 0xF589, 0xF568, 0xF568, 0xF568, 0xF568, 0xF568, 0xF548, 0xF548, 0xF547, 0xF547, 0xF547, 0xF547, 0xF547, 0xF527,
    0xFD27, 0xFD27, 0xFD27, 0xFD26, 0xFD06, 0xFD06, 0xFD06, 0xFD06, 0xFCE6, 0xFD27, 0xFD49, 0xFD49, 0xFD49, 0xFD49, 0xFD28, 0xFD28,
    0xF528, 0xF508, 0xF508, 0xF508, 0xF508, 0xF508, 0xF4E8, 0xF4E8, 0xF4E8, 0xF4C8, 0xF4C8, 0xF4C8, 0xF4C8, 0xF4A8, 0xF4A8, 0xF4A8,
    0xEC66, 0xEC04, 0xEC04, 0xEC04, 0xEC04, 0xEBE4, 0xEBE4, 0xEBC4, 0xEBC4, 0xEBC4, 0xEBA4, 0xE3A4, 0xE3A4, 0xE384, 0xE384, 0xE384,
    0xE364, 0xE364, 0xE364, 0xE344, 0xDB44, 0xDB44, 0xDB24, 0xDB24, 0xDB04, 0xDB04, 0xDAE3, 0xDB46, 0xDB87, 0xDB67, 0xD367, 0xD367,
    0xD347, 0xD347, 0xD326, 0xD326, 0xCB26, 0xCB06, 0xCB06, 0xCB06, 0xCAE6, 0xCAE6, 0xDCA7, 0xDCC7, 0xDCC7, 0xDCC7, 0xDCE7, 0xDCE7,
    0xE4E7, 0xE508, 0xE508, 0xE508, 0xE528, 0xE528, 0xE528, 0xE528, 0xE548, 0xED8B, 0xED8B, 0xED8B, 0xED8B, 0xEDAB, 0xEDAB, 0xEDAB,
    0xEDAB, 0xEDAB, 0xEDAB, 0xEDCC, 0xEDCC, 0xF5CC, 0xF5CC, 0xF5CC, 0xF5CC, 0xF5CC, 0xF5CC, 0xF5CC, 0xF5CC, 0xF5CB, 0xF5CB, 0xF5CB,
    0xF5CB, 0xF5CB, 0xF5CB, 0xF5AA, 0xF568, 0xF568, 0xF568, 0xF568, 0xF568, 0xF568, 0xF568, 0xFD48, 0xFD47, 0xFD47, 0xFD47, 0xFD47,
    0xFD47, 0xFD47, 0xFD27, 0xFD27, 0xFD27, 0xFD27, 0xFD26, 0xFD06, 0xFD06, 0xFD06, 0xFD27, 0xFD69, 0xFD49, 0xFD49, 0xFD49, 0xFD49,
    0xFD48, 0xFD28, 0xFD28, 0xF508, 0xF508, 0xF508, 0xF508, 0xF508, 0xF4E8, 0xF4E8, 0xF4E8, 0xF4E8, 0xF4C8, 0xF4C8, 0xF4C8, 0xF4A8,
    0xF4A8, 0xF445, 0xEC24, 0xEC24, 0xEC04, 0xEC04, 0xEBE4, 0xEBE4, 0xEBE4, 0xEBC4, 0xEBC4, 0xEBC4, 0xEBA4, 0xE3A4, 0xE3A4, 0xE384,
    0xE384, 0xE384, 0xE364, 0xE364, 0xE364, 0xDB44, 0xDB44, 0xDB24, 0xDB24, 0xDB24, 0xDB03, 0xDB24, 0xDB87, 0xDB87, 0xDB67, 0xD367,
    0xD367, 0xD347, 0xD347, 0xD347, 0xD326, 0xD326, 0xCB26, 0xCB06, 0xCB06, 0xCAE6, 0xCAE6, 0xDCC7, 0xDCC7, 0xDCE7, 0xDCE7, 0xE4E7,
    0xE507, 0xE508, 0xE508, 0xE528, 0xE528, 0xE528, 0xE528, 0xE528, 0xED48, 0xED48, 0xED69, 0xEDAC, 0xEDAB, 0xEDAB, 0xEDAB, 0xEDAB,
    0xEDAB, 0xEDCC, 0xEDCC, 0xEDCC, 0xF5CC, 0xF5CC, 0xF5CC, 0xF5CC, 0xF5CC, 0xF5CC, 0xF5CC, 0xF5CC, 0xF5EC, 0xF5CC, 0xF5CC, 0xF5CC,
    0xF5CC, 0xF5CC, 0xF5CC, 0xF5CC, 0xF5CB, 0xF588, 0xF588, 0xF568, 0xFD68, 0xFD68, 0xFD68, 0xFD68, 0xFD68, 0xFD68, 0xFD67, 0xFD47,
    0xFD47, 0xFD47, 0xFD47, 0xFD47, 0xFD47, 0xFD27, 0xFD27, 0xFD26, 0xFD26, 0xFD26, 0xFD06, 0xFD48, 0xFD69, 0xFD69, 0xFD49, 0xFD49,
    0xFD49, 0xFD49, 0xFD48, 0xFD28, 0xFD28, 0xFD28, 0xF508, 0xF508, 0xF508, 0xF508, 0xF4E8, 0xF4E8, 0xF4E8, 0xF4E8, 0xF4C8, 0xF4C8,
    0xF4C8, 0xF4A8, 0xF445, 0xF424, 0xEC24, 0xEC04, 0xEC04, 0xEC04, 0xEBE4, 0xEBE4, 0xEBE4, 0xEBC4, 0xEBC4, 0xEBC4, 0xEBA4, 0xEBA4,
    0xE384, 0xE384, 0xE384, 0xE384, 0xE364, 0xE364, 0xE344, 0xE344, 0xDB44, 0xDB24, 0xDB24, 0xDB03, 0xDB86, 0xDBA7, 0xDB87, 0xDB67,
    0xDB67, 0xD367, 0xD367, 0xD347, 0xD347, 0xD327, 0xD327, 0xD326, 0xCB26, 0xCB06, 0xCB06, 0xCAE6, 0xDCC7, 0xDCE7, 0xDCE7, 0xDCE7,
    0xE507, 0xE508, 0xE528, 0xE528, 0xE528, 0xE528, 0xE528, 0xE548, 0xED48, 0xED48, 0xED69, 0xED69, 0xED8B, 0xEDAC, 0xEDAC, 0xEDCC,
    0xEDCC, 0xEDCC, 0xF5CC, 0xF5CC, 0xF5CC, 0xF5CC, 0xF5EC, 0xF5EC, 0xF5EC, 0xF5EC, 0xF5EC, 0xF5EC, 0xF5EC, 0xF5EC, 0xF5EC, 0xF5EC,
    0xF5EC, 0xF5EC, 0xF5EC, 0xF5EC, 0xFDEC, 0xF5EC, 0xFDA9, 0xFD88, 0xFD88, 0xFD88, 0xFD88, 0xFD88, 0xFD88, 0xFD68, 0xFD68, 0xFD68,
    0xFD68, 0xFD68, 0xFD67, 0xFD47, 0xFD47, 0xFD47, 0xFD47, 0xFD27, 0xFD27, 0xFD27, 0xFD26, 0xFD06, 0xFD48, 0xFD69, 0xFD69, 0xFD69,
    0xFD49, 0xFD49, 0xFD49, 0xFD49, 0xFD48, 0xFD28, 0xFD28, 0xFD28, 0xFD28, 0xFD08, 0xF508, 0xF508, 0xF4E8, 0xF4E8, 0xF4E8, 0xF4E8,
    0xF4C8, 0xF4C8, 0xF4A7, 0xF424, 0xF424, 0xF424, 0xF424, 0xEC04, 0xEC04, 0xEC04, 0xEBE4, 0xEBE4, 0xEBC4, 0xEBC4, 0xEBC4, 0xEBC4,
    0xEBA4, 0xEBA4, 0xE384, 0xE384, 0xE384, 0xE364, 0xE364, 0xE364, 0xE344, 0xE344, 0xDB44, 0xDB23, 0xDB45, 0xDBA7, 0xDBA7, 0xDB87,
    0xDB87, 0xDB67, 0xDB67, 0xD367, 0xD347, 0xD347, 0xD347, 0xD327, 0xD326, 0xD326, 0xCB06, 0xCB06, 0xCB06, 0xDCE7, 0xDCE7, 0xE507,
    0xE508, 0xE508, 0xE528, 0xE528, 0xE528, 0xE528, 0xE548, 0xED48, 0xED48, 0xED69, 0xED69, 0xED69, 0xED69, 0xED89, 0xEDCC, 0xEDCC,
    0xEDCC, 0xEDCC, 0xF5EC, 0xF5EC, 0xF5EC, 0xF5EC, 0xF5EC, 0xF5EC, 0xF5EC, 0xF5EC, 0xF5EC, 0xF5EC, 0xF5EC, 0xF5EC, 0xF5EC, 0xF5EC,
    0xF5EC, 0xF5EC, 0xFDEC, 0xF5EC, 0xFDEC, 0xFDEC, 0xFDEC, 0xFDCA, 0xFD88, 0xFDA9, 0xFD89, 0xFD88, 0xFD88, 0xFD88, 0xFD88, 0xFD88,
    0xFD68, 0xFD68, 0xFD68, 0xFD67, 0xFD67, 0xFD47, 0xFD47, 0xFD47, 0xFD47, 0xFD47, 0xFD27, 0xFD27, 0xFD26, 0xFD48, 0xFD8A, 0xFD69,
    0xFD69, 0xFD69, 0xFD69, 0xFD49, 0xFD49, 0xFD49, 0xFD28, 0xFD28, 0xFD28, 0xFD28, 0xFD28, 0xFD08, 0xFD08, 0xF508, 0xF4E8, 0xF4E8,
    0xF4E8, 0xF4C8, 0xF4C8, 0xF486, 0xF444, 0xF445, 0xF424, 0xF424, 0xF424, 0xF404, 0xEC04, 0xEBE4, 0xEBE4, 0xEBE4, 0xEBC4, 0xEBC4,
    0xEBC4, 0xEBA4, 0xEBA4, 0xEBA4, 0xE384, 0xE384, 0xE384, 0xE364, 0xE364, 0xE364, 0xE344, 0xE344, 0xDB44, 0xE3A7, 0xDBA7, 0xDBA7,
    0xDBA7, 0xDB87, 0xDB87, 0xDB67, 0xDB67, 0xDB67, 0xD347, 0xD347, 0xD327, 0xD327, 0xD326, 0xD326, 0xCB06, 0xCB06, 0xDCE7, 0xE507,
    0xE508, 0xE508, 0xE528, 0xE528, 0xE528, 0xE548, 0xE548, 0xED49, 0xED69, 0xED69, 0xED69, 0xED69, 0xED89, 0xED89, 0xED89, 0xEDAB,
    0xEDEC, 0xF5EC, 0xF5EC, 0xF5EC, 0xF5EC, 0xF5EC, 0xF5EC, 0xF5EC, 0xF5EC, 0xF5EC, 0xF60C, 0xF60C, 0xF60C, 0xF60C, 0xF60C, 0xF60C,
    0xF60C, 0xFE0C, 0xFE0C, 0xFE0C, 0xFE0C, 0xFDEC, 0xFDEC, 0xFE0C, 0xFDCB, 0xFDA9, 0xFDA9, 0xFDA9, 0xFD89, 0xFD89, 0xFD88, 0xFD88,
    0xFD88, 0xFD88, 0xFD68, 0xFD68, 0xFD68, 0xFD68, 0xFD67, 0xFD67, 0xFD47, 0xFD47, 0xFD47, 0xFD47, 0xFD27, 0xFD26, 0xFD48, 0xFD8A,
    0xFD69, 0xFD69, 0xFD69, 0xFD69, 0xFD69, 0xFD49, 0xFD49, 0xFD48, 0xFD28, 0xFD28, 0xFD28, 0xFD28, 0xFD08, 0xFD08, 0xFD08, 0xFCE8,
    0xFCE8, 0xF4E8, 0xF4E8, 0xF4E8, 0xF465, 0xF444, 0xF445, 0xF444, 0xF424, 0xF424, 0xF404, 0xF404, 0xEC04, 0xEBE4, 0xEBE4, 0xEBE4,
    0xEBC4, 0xEBC4, 0xEBC4, 0xEBA4, 0xEBA4, 0xEBA4, 0xEB84, 0xE384, 0xE384, 0xE364, 0xE364, 0xE344, 0xE344, 0xE386, 0xE3C7, 0xE3A7,
    0xDBA7, 0xDBA7, 0xDB87, 0xDB87, 0xDB67, 0xDB67, 0xDB67, 0xDB67, 0xDB47, 0xD347, 0xD327, 0xD326, 0xD326, 0xD306, 0xCB06, 0xE507,
    0xE508, 0xE508, 0xE528, 0xE528, 0xE528, 0xE548, 0xE548, 0xED49, 0xED69, 0xED69, 0xED69, 0xED89, 0xED89, 0xED89, 0xED89, 0xED89,
    0xEDAA, 0xF5CC, 0xF5EC, 0xF5EC, 0xF5EC, 0xF5EC, 0xF60D, 0xF60D, 0xF60D, 0xF60D, 0xF60D, 0xF60D, 0xF60D, 0xF60D, 0xF60D, 0xF60D,
    0xFE0D, 0xFE0C, 0xFE0C, 0xFE0C, 0xFE0C, 0xFE0C, 0xFE0C, 0xFE0C, 0xFE0C, 0xFDEC, 0xFDA9, 0xFDA9, 0xFDA9, 0xFDA9, 0xFDA9, 0xFDA9,
    0xFD88, 0xFD88, 0xFD88, 0xFD88, 0xFD88, 0xFD68, 0xFD68, 0xFD67, 0xFD67, 0xFD67, 0xFD47, 0xFD47, 0xFD47, 0xFD47, 0xFD26, 0xFD68,
    0xFD8A, 0xFD89, 0xFD89, 0xFD69, 0xFD69, 0xFD69, 0xFD69, 0xFD49, 0xFD49, 0xFD48, 0xFD48, 0xFD28, 0xFD28, 0xFD28, 0xFD08, 0xFD08,
    0xFD08, 0xFCE8, 0xFCE8, 0xFCE8, 0xF4C8, 0xF465, 0xF445, 0xF445, 0xF444, 0xF424, 0xF424, 0xF424, 0xF404, 0xF404, 0xF404, 0xEBE4,
    0xEBE4, 0xEBE4, 0xEBC4, 0xEBC4, 0xEBC4, 0xEBA4, 0xEBA4, 0xEB84, 0xEB84, 0xE384, 0xE364, 0xE364, 0xE344, 0xE364, 0xE3C7, 0xE3C7,
    0xE3A7, 0xE3A7, 0xE3A7, 0xDBA7, 0xDB87, 0xDB87, 0xDB67, 0xDB67, 0xDB67, 0xDB47, 0xDB47, 0xD347, 0xD326, 0xD326, 0xD326, 0xD306,
    0xE508, 0xE508, 0xE528, 0xE528, 0xE528, 0xE548, 0xED49, 0xED49, 0xED69, 0xED69, 0xED69, 0xED89, 0xED89, 0xED89, 0xED89, 0xEDA9,
    0xF5AA, 0xF5A9, 0xF5CB, 0xF60D, 0xF60C, 0xF60D, 0xF60D, 0xF60D, 0xF60D, 0xF60D, 0xF60D, 0xF60D, 0xF62D, 0xF62D, 0xF60D, 0xFE0D,
    0xFE0D, 0xFE0D, 0xFE0D, 0xFE0D, 0xFE0D, 0xFE0C, 0xFE0C, 0xFE0C, 0xFE0C, 0xFE0C, 0xFE0C, 0xFDCA, 0xFDA9, 0xFDA9, 0xFDA9, 0xFDA9,
    0xFDA9, 0xFDA8, 0xFDA8, 0xFD88, 0xFD88, 0xFD88, 0xFD88, 0xFD88, 0xFD68, 0xFD68, 0xFD67, 0xFD67, 0xFD47, 0xFD47, 0xFD47, 0xFD27,
    0xFD68, 0xFD8A, 0xFD8A, 0xFD89, 0xFD69, 0xFD69, 0xFD69, 0xFD69, 0xFD69, 0xFD49, 0xFD48, 0xFD48, 0xFD48, 0xFD28, 0xFD28, 0xFD28,
    0xFD08, 0xFD08, 0xFD08, 0xFCE8, 0xFCE8, 0xFCC7, 0xF464, 0xF465, 0xF445, 0xF444, 0xF424, 0xF424, 0xF424, 0xF424, 0xF404, 0xF404,
    0xEBE4, 0xEBE4, 0xEBE4, 0xEBC4, 0xEBC4, 0xEBC4, 0xEBA4, 0xEBA4, 0xEBA4, 0xEB84, 0xEB84, 0xE364, 0xE364, 0xE344, 0xE3A6, 0xE3E7,
    0xE3C7, 0xE3C7, 0xE3A7, 0xE3A7, 0xDBA7, 0xDB87, 0xDB87, 0xDB87, 0xDB67, 0xDB67, 0xDB67, 0xDB47, 0xD347, 0xD327, 0xD326, 0xD326,
    0xD306, 0xE508, 0xE528, 0xE528, 0xE548, 0xE548, 0xED49, 0xED69, 0xED69, 0xED69, 0xED69, 0xED89, 0xED89, 0xED89, 0xEDAA, 0xEDAA,
    0xF5AA, 0xF5AA, 0xF5CA, 0xF5CA, 0xF60C, 0xF60D, 0xF60D, 0xF60D, 0xF60D, 0xF62D, 0xF62D, 0xF62D, 0xF62D, 0xF62D, 0xFE2D, 0xFE2D,
    0xFE2D, 0xFE2D, 0xFE2D, 0xFE2D, 0xFE2D, 0xFE2D, 0xFE2D, 0xFE2D, 0xFE2C, 0xFE2C, 0xFE2C, 0xFE2D, 0xFDEB, 0xFDC9, 0xFDC9, 0xFDC9,
    0xFDC9, 0xFDA9, 0xFDA9, 0xFDA8, 0xFDA8, 0xFD88, 0xFD88, 0xFD88, 0xFD88, 0xFD88, 0xFD68, 0xFD68, 0xFD67, 0xFD67, 0xFD47, 0xFD47,
    0xFD47, 0xFD68, 0xFDAA, 0xFD8A, 0xFD8A, 0xFD89, 0xFD69, 0xFD69, 0xFD69, 0xFD69, 0xFD49, 0xFD49, 0xFD48, 0xFD48, 0xFD28, 0xFD28,
    0xFD28, 0xFD28, 0xFD08, 0xFD08, 0xFD08, 0xFD08, 0xFCA6, 0xF464, 0xF465, 0xF445, 0xF445, 0xF444, 0xF444, 0xF424, 0xF424, 0xF404,
    0xF404, 0xF404, 0xF3E4, 0xEBE4, 0xEBE4, 0xEBC4, 0xEBC4, 0xEBC4, 0xEBA4, 0xEBA4, 0xEB84, 0xEB84, 0xEB84, 0xE364, 0xE385, 0xE3E7,
    0xE3E7, 0xE3C7, 0xE3C7, 0xE3C7, 0xE3A7, 0xE3A7, 0xDBA7, 0xDB87, 0xDB87, 0xDB87, 0xDB67, 0xDB67, 0xDB47, 0xDB47, 0xD347, 0xD327,
    0xD326, 0xD326, 0xE528, 0xE528, 0xE548, 0xE548, 0xED49, 0xED69, 0xED69, 0xED69, 0xED89, 0xED89, 0xED89, 0xED89, 0xEDAA, 0xEDAA,
    0xF5AA, 0xF5AA, 0xF5CA, 0xF5CA, 0xF5CA, 0xF5EB, 0xF62D, 0xF62D, 0xF62D, 0xF62D, 0xF62D, 0xF62D, 0xF62D, 0xFE2D, 0xFE2D, 0xFE2D,
    0xFE2D, 0xFE2D, 0xFE2D, 0xFE2D, 0xFE2D, 0xFE2D, 0xFE2D, 0xFE2D, 0xFE2D, 0xFE2D, 0xFE2D, 0xFE2D, 0xFE2D, 0xFE0C, 0xFDC9, 0xFDC9,
    0xFDC9, 0xFDC9, 0xFDC9, 0xFDA9, 0xFDA9, 0xFDA9, 0xFDA8, 0xFD88, 0xFD88, 0xFD88, 0xFD88, 0xFD88, 0xFD68, 0xFD67, 0xFD67, 0xFD67,
    0xFD47, 0xFD47, 0xFD68, 0xFDAA, 0xFD8A, 0xFD8A, 0xFD8A, 0xFD89, 0xFD69, 0xFD69, 0xFD69, 0xFD69, 0xFD49, 0xFD49, 0xFD48, 0xFD48,
    0xFD28, 0xFD28, 0xFD28, 0xFD08, 0xFD08, 0xFD08, 0xFD08, 0xFC85, 0xFC65, 0xF465, 0xF465, 0xF445, 0xF445, 0xF444, 0xF424, 0xF424,
    0xF424, 0xF404, 0xF404, 0xF3E4, 0xF3E4, 0xEBE4, 0xEBE4, 0xEBC4, 0xEBC4, 0xEBA4, 0xEBA4, 0xEBA4, 0xEB84, 0xEB84, 0xEB84, 0xEBE7,
    0xEC07, 0xE3E7, 0xE3C7, 0xE3C7, 0xE3C7, 0xE3C7, 0xE3A7, 0xE3A7, 0xDB87, 0xDB87, 0xDB87, 0xDB67, 0xDB67, 0xDB67, 0xDB47, 0xDB47,
    0xD347, 0xD327, 0xD326, 0xE528, 0xE548, 0xE548, 0xED49, 0xED69, 0xED69, 0xED69, 0xED89, 0xED89, 0xED89, 0xEDA9, 0xEDAA, 0xF5AA,
    0xF5AA, 0xF5CA, 0xF5CA, 0xF5CA, 0xF5CA, 0xF5EA, 0xF5EA, 0xF60C, 0xF62D, 0xF62D, 0xF62D, 0xF64D, 0xFE2D, 0xFE4D, 0xFE4D, 0xFE4D,
    0xFE4D, 0xFE4D, 0xFE4D, 0xFE4D, 0xFE4D, 0xFE4D, 0xFE4D, 0xFE4D, 0xFE4D, 0xFE2D, 0xFE2D, 0xFE2D, 0xFE2D, 0xFE2D, 0xFE2C, 0xFDEA,
    0xFDC9, 0xFDC9, 0xFDC9, 0xFDC9, 0xFDC9, 0xFDA9, 0xFDA9, 0xFDA9, 0xFDA8, 0xFDA8, 0xFD88, 0xFD88, 0xFD88, 0xFD88, 0xFD68, 0xFD67,
    0xFD67, 0xFD67, 0xFD47, 0xFD68, 0xFDAA, 0xFDAA, 0xFD8A, 0xFD8A, 0xFD89, 0xFD89, 0xFD69, 0xFD69, 0xFD69, 0xFD69, 0xFD49, 0xFD48,
    0xFD48, 0xFD28, 0xFD28, 0xFD28, 0xFD28, 0xFD08, 0xFD08, 0xFCE8, 0xFC85, 0xFC65, 0xFC65, 0xFC65, 0xF445, 0xF445, 0xF445, 0xF425,
    0xF425, 0xF424, 0xF424, 0xF404, 0xF404, 0xF3E4, 0xF3E4, 0xEBE4, 0xEBC4, 0xEBC4, 0xEBC4, 0xEBA4, 0xEBA4, 0xEBA4, 0xEB84, 0xEBC5,
    0xEC08, 0xEBE7, 0xEBE7, 0xE3E7, 0xE3C7, 0xE3C7, 0xE3C7, 0xE3A7, 0xE3A7, 0xE3A7, 0xDB87, 0xDB87, 0xDB87, 0xDB67, 0xDB67, 0xDB47,
    0xDB47, 0xDB47, 0xD327, 0xD327, 0xE548, 0xE548, 0xED49, 0xED69, 0xED69, 0xED69, 0xED89, 0xED89, 0xED89, 0xEDAA, 0xEDAA, 0xF5AA,
    0xF5CA, 0xF5CA, 0xF5CA, 0xF5EA, 0xF5EA, 0xF5EA, 0xF5EA, 0xF5EA, 0xF60B, 0xF64D, 0xF64D, 0xF64D, 0xFE4E, 0xFE4D, 0xFE4D, 0xFE4E,
    0xFE4E, 0xFE4E, 0xFE4D, 0xFE4D, 0xFE4D, 0xFE4D, 0xFE4D, 0xFE4D, 0xFE4D, 0xFE4D, 0xFE4D, 0xFE4D, 0xFE2D, 0xFE2D, 0xFE2D, 0xFE2D,
    0xFDEB, 0xFDC9, 0xFDCA, 0xFDC9, 0xFDC9, 0xFDC9, 0xFDC9, 0xFDA9, 0xFDA9, 0xFDA9, 0xFDA8, 0xFDA8, 0xFD88, 0xFD88, 0xFD88, 0xFD68,
    0xFD68, 0xFD67, 0xFD67, 0xFD47, 0xFD89, 0xFDAA, 0xFDAA, 0xFD8A, 0xFD8A, 0xFD8A, 0xFD89, 0xFD69, 0xFD69, 0xFD69, 0xFD69, 0xFD69,
    0xFD49, 0xFD48, 0xFD48, 0xFD28, 0xFD28, 0xFD28, 0xFD08, 0xFD09, 0xFCE7, 0xFC85, 0xFC85, 0xFC65, 0xFC65, 0xFC65, 0xF445, 0xF445,
    0xF445, 0xF425, 0xF425, 0xF424, 0xF404, 0xF404, 0xF404, 0xF3E4, 0xF3E4, 0xF3E4, 0xEBC4, 0xEBC4, 0xEBA4, 0xEBA4, 0xEB84, 0xEBA4,
    0xEC07, 0xEC07, 0xEC07, 0xEBE7, 0xEBE7, 0xE3C7, 0xE3C7, 0xE3C7, 0xE3C7, 0xE3A7, 0xE3A7, 0xE387, 0xDB87, 0xDB87, 0xDB67, 0xDB67,
    0xDB47, 0xDB47, 0xDB47, 0xDB47, 0xD327, 0xE548, 0xED49, 0xED69, 0xED69, 0xED69, 0xED89, 0xED89, 0xED89, 0xEDAA, 0xEDAA, 0xF5CA,
    0xF5CA, 0xF5CA, 0xF5CA, 0xF5EA, 0xF5EA, 0xF5EB, 0xF5EB, 0xF60B, 0xF60B, 0xF60B, 0xFE2C, 0xFE4E, 0xFE4E, 0xFE4E, 0xFE4E, 0xFE4E,
    0xFE4E, 0xFE4E, 0xFE4E, 0xFE4E, 0xFE6E, 0xFE6E, 0xFE6E, 0xFE4D, 0xFE4D, 0xFE4D, 0xFE4D, 0xFE4D, 0xFE4D, 0xFE4D, 0xFE4D, 0xFE2D,
    0xFE4D, 0xFE0C, 0xFDEA, 0xFDEA, 0xFDEA, 0xFDC9, 0xFDC9, 0xFDC9, 0xFDC9, 0xFDA9, 0xFDA9, 0xFDA9, 0xFDA8, 0xFDA8, 0xFD88, 0xFD88,
    0xFD88, 0xFD68, 0xFD67, 0xFD67, 0xFD47, 0xFD89, 0xFDAA, 0xFDAA, 0xFDAA, 0xFD8A, 0xFD8A, 0xFD89, 0xFD89, 0xFD69, 0xFD69, 0xFD69,
    0xFD69, 0xFD49, 0xFD48, 0xFD48, 0xFD48, 0xFD28, 0xFD28, 0xFD28, 0xFD29, 0xFCC6, 0xFC85, 0xFC85, 0xFC65, 0xFC65, 0xFC65, 0xFC65,
    0xF445, 0xF445, 0xF445, 0xF425, 0xF424, 0xF404, 0xF404, 0xF404, 0xF3E4, 0xF3E4, 0xF3E4, 0xF3C4, 0xEBC4, 0xEBA4, 0xEBA4, 0xEB84,
    0xEBE6, 0xEC28, 0xEC07, 0xEC07, 0xEBE7, 0xEBE7, 0xEBE7, 0xE3C7, 0xE3C7, 0xE3C7, 0xE3A7, 0xE3A7, 0xE3A7, 0xE387, 0xDB87, 0xDB87,
    0xDB67, 0xDB67, 0xDB47, 0xDB47, 0xDB47, 0xDB27, 0xED49, 0xED69, 0xED69, 0xED89, 0xED89, 0xED89, 0xEDA9, 0xEDAA, 0xF5AA, 0xF5CA,
    0xF5CA, 0xF5CA, 0xF5EA, 0xF5EA, 0xF5EB, 0xF5EB, 0xF60B, 0xF60B, 0xF60B, 0xF60B, 0xFE0B, 0xFE0B, 0xFE4D, 0xFE4E, 0xFE6E, 0xFE6E,
    0xFE6E, 0xFE6E, 0xFE6E, 0xFE6E, 0xFE6E, 0xFE6E, 0xFE6E, 0xFE6E, 0xFE6E, 0xFE6E, 0xFE6E, 0xFE6E, 0xFE4D, 0xFE4D, 0xFE4D, 0xFE4D,
    0xFE4D, 0xFE4D, 0xFE2C, 0xFDEA, 0xFDEA, 0xFDEA, 0xFDE9, 0xFDC9, 0xFDC9, 0xFDC9, 0xFDC9, 0xFDA9, 0xFDA9, 0xFDA8, 0xFDA8, 0xFD88,
    0xFD88, 0xFD88, 0xFD88, 0xFD68, 0xFD67, 0xFD67, 0xFD89, 0xFDAA, 0xFDAA, 0xFDAA, 0xFD8A, 0xFD8A, 0xFD8A, 0xFD89, 0xFD69, 0xFD69,
    0xFD69, 0xFD69, 0xFD69, 0xFD49, 0xFD48, 0xFD48, 0xFD28, 0xFD28, 0xFD28, 0xFD08, 0xFCA5, 0xFC85, 0xFC85, 0xFC85, 0xFC65, 0xFC65,
    0xFC65, 0xFC45, 0xFC45, 0xF445, 0xF425, 0xF424, 0xF424, 0xF404, 0xF404, 0xF404, 0xF3E4, 0xF3E4, 0xF3E4, 0xEBC4, 0xEBC4, 0xEBA4,
    0xEBC5, 0xEC28, 0xEC08, 0xEC07, 0xEC07, 0xEC07, 0xEBE7, 0xEBE7, 0xEBC7, 0xE3C7, 0xE3C7, 0xE3C7, 0xE3A7, 0xE3A7, 0xE387, 0xE387,
    0xDB87, 0xDB67, 0xDB67, 0xDB47, 0xDB47, 0xDB47, 0xDB47, 0xED69, 0xED69, 0xED69, 0xED89, 0xED89, 0xEDA9, 0xEDAA, 0xF5AA, 0xF5CA,
    0xF5CA, 0xF5CA, 0xF5EA, 0xF5EB, 0xF5EB, 0xF5EB, 0xF60B, 0xF60B, 0xF60B, 0xF60B, 0xFE2B, 0xFE2B, 0xFE2B, 0xFE4C, 0xFE6E, 0xFE6E,
    0xFE6E, 0xFE6E, 0xFE6E, 0xFE6E, 0xFE6E, 0xFE6E, 0xFE6E, 0xFE6E, 0xFE6E, 0xFE6E, 0xFE6E, 0xFE6E, 0xFE6E, 0xFE6E, 0xFE6D, 0xFE4D,
    0xFE4D, 0xFE4D, 0xFE4D, 0xFE4D, 0xFE0A, 0xFDEA, 0xFDEA, 0xFDEA, 0xFDC9, 0xFDC9, 0xFDC9, 0xFDC9, 0xFDC9, 0xFDA9, 0xFDA9, 0xFDA8,
    0xFD88, 0xFD88, 0xFD88, 0xFD88, 0xFD68, 0xFD68, 0xFD67, 0xFD89, 0xFDAA, 0xFDAA, 0xFDAA, 0xFDAA, 0xFD8A, 0xFD8A, 0xFD89, 0xFD69,
    0xFD69, 0xFD69, 0xFD69, 0xFD69, 0xFD49, 0xFD48, 0xFD48, 0xFD28, 0xFD28, 0xFD29, 0xFD08, 0xFCA5, 0xFCA5, 0xFC85, 0xFC85, 0xFC85,
    0xFC65, 0xFC65, 0xFC45, 0xFC45, 0xF445, 0xF425, 0xF425, 0xF424, 0xF404, 0xF404, 0xF404, 0xF3E4, 0xF3E4, 0xF3E4, 0xF3C4, 0xEBC4,
    0xEBA4, 0xEC07, 0xEC48, 0xEC28, 0xEC07, 0xEC07, 0xEC07, 0xEBE7, 0xEBE7, 0xEBE7, 0xEBC7, 0xE3C7, 0xE3C7, 0xE3A7, 0xE3A7, 0xE387,
    0xE387, 0xE387, 0xDB67, 0xDB67, 0xDB67, 0xDB47, 0xDB47, 0xDB47, 0xED69, 0xED69, 0xED89, 0xED89, 0xEDA9, 0xEDAA, 0xF5AA, 0xF5CA,
    0xF5CA, 0xF5CA, 0xF5EA, 0xF5EB, 0xF5EB, 0xF60B, 0xF60B, 0xF60B, 0xF60B, 0xF62B, 0xFE2B, 0xFE2B, 0xFE2B, 0xFE2C, 0xFE2B, 0xFE6D,
    0xFE8E, 0xFE8E, 0xFE8E, 0xFE8E, 0xFE8E, 0xFE8E, 0xFE6E, 0xFE6E, 0xFE8E, 0xFE6E, 0xFE6E, 0xFE6E, 0xFE6E, 0xFE6E, 0xFE6E, 0xFE6E,
    0xFE6D, 0xFE4D, 0xFE4D, 0xFE4D, 0xFE4D, 0xFE0B, 0xFDEA, 0xFDEA, 0xFDEA, 0xFDE9, 0xFDC9, 0xFDC9, 0xFDC9, 0xFDC9, 0xFDA9, 0xFDA9,
    0xFDA8, 0xFDA8, 0xFD88, 0xFD88, 0xFD88, 0xFD88, 0xFD68, 0xFD67, 0xFD89, 0xFDAB, 0xFDAA, 0xFDAA, 0xFDAA, 0xFD8A, 0xFD8A, 0xFD89,
    0xFD89, 0xFD69, 0xFD69, 0xFD69, 0xFD69, 0xFD49, 0xFD48, 0xFD48, 0xFD28, 0xFD28, 0xFD29, 0xFCE7, 0xFCA5, 0xFCA5, 0xFC85, 0xFC85,
    0xFC85, 0xFC65, 0xFC65, 0xFC65, 0xFC45, 0xFC45, 0xF445, 0xF425, 0xF424, 0xF424, 0xF404, 0xF404, 0xF404, 0xF3E4, 0xF3E4, 0xF3E4,
    0xF3C4, 0xF3E5, 0xF448, 0xF428, 0xEC28, 0xEC27, 0xEC07, 0xEC07, 0xEC07, 0xEBE7, 0xEBE7, 0xEBC7, 0xEBC7, 0xE3C7, 0xE3A7, 0xE3A7,
    0xE3A7, 0xE387, 0xE387, 0xE387, 0xDB67, 0xDB67, 0xDB47, 0xDB47, 0xDB47, 0xED69, 0xED89, 0xED89, 0xED89, 0xEDAA, 0xF5AA, 0xF5CA,
    0xF5CA, 0xF5CA, 0xF5EA, 0xF5EB, 0xF5EB, 0xF60B, 0xF60B, 0xF60B, 0xF62B, 0xFE2B, 0xFE2B, 0xFE2C, 0xFE2C, 0xFE4C, 0xFE4C, 0xFE4C,
    0xFE4C, 0xFE8E, 0xFE8E, 0xFE8E, 0xFE8E, 0xFE8E, 0xFE8E, 0xFE8E, 0xFE8E, 0xFE8E, 0xFE8E, 0xFE8E, 0xFE8E, 0xFE6E, 0xFE6E, 0xFE6E,
    0xFE6E, 0xFE6E, 0xFE6D, 0xFE4D, 0xFE4D, 0xFE4D, 0xFE2C, 0xFDEA, 0xFDEA, 0xFDEA, 0xFDEA, 0xFDE9, 0xFDC9, 0xFDC9, 0xFDC9, 0xFDC9,
    0xFDA9, 0xFDA9, 0xFDA8, 0xFD88, 0xFD88, 0xFD88, 0xFD88, 0xFD68, 0xFD67, 0xFD89, 0xFDCB, 0xFDAA, 0xFDAA, 0xFDAA, 0xFDAA, 0xFD8A,
    0xFD8A, 0xFD89, 0xFD69, 0xFD69, 0xFD69, 0xFD69, 0xFD69, 0xFD49, 0xFD48, 0xFD48, 0xFD28, 0xFD29, 0xFCC6, 0xFCA5, 0xFCA5, 0xFC85,
    0xFC85, 0xFC85, 0xFC65, 0xFC65, 0xFC65, 0xFC65, 0xFC45, 0xFC45, 0xF425, 0xF424, 0xF424, 0xF404, 0xF404, 0xF404, 0xF3E4, 0xF3E4,
    0xF3E4, 0xF3C4, 0xF447, 0xF448, 0xF428, 0xF428, 0xEC28, 0xEC27, 0xEC07, 0xEC07, 0xEBE7, 0xEBE7, 0xEBC7, 0xEBC7, 0xEBC7, 0xE3C7,
    0xE3A7, 0xE3A7, 0xE3A7, 0xE387, 0xE387, 0xE367, 0xDB67, 0xDB67, 0xDB47, 0xDB47, 0xED89, 0xED89, 0xED89, 0xEDAA, 0xF5AA, 0xF5CA,
    0xF5CA, 0xF5CA, 0xF5EA, 0xF5EB, 0xF5EB, 0xF60B, 0xF60B, 0xF60B, 0xF62B, 0xFE2B, 0xFE2B, 0xFE2C, 0xFE4C, 0xFE4C, 0xFE4C, 0xFE4C,
    0xFE4C, 0xFE6C, 0xFE8E, 0xFE8F, 0xFE8F, 0xFE8F, 0xFE8F, 0xFE8F, 0xFE8F, 0xFE8E, 0xFE8E, 0xFE8E, 0xFE8E, 0xFE8E, 0xFE8E, 0xFE6E,
    0xFE6E, 0xFE6E, 0xFE6E, 0xFE6E, 0xFE6D, 0xFE4D, 0xFE4D, 0xFE4D, 0xFE0A, 0xFDEA, 0xFDEA, 0xFDEA, 0xFDEA, 0xFDC9, 0xFDC9, 0xFDC9,
    0xFDC9, 0xFDA9, 0xFDA9, 0xFDA8, 0xFDA8, 0xFD88, 0xFD88, 0xFD88, 0xFD88, 0xFD67, 0xFD89, 0xFDCB, 0xFDAA, 0xFDAA, 0xFDAA, 0xFDAA,
    0xFD8A, 0xFD8A, 0xFD89, 0xFD69, 0xFD69, 0xFD69, 0xFD69, 0xFD69, 0xFD49, 0xFD48, 0xFD48, 0xFD28, 0xFD28, 0xFCC5, 0xFCA5, 0xFCA5,
    0xFCA5, 0xFC85, 0xFC85, 0xFC85, 0xFC65, 0xFC65, 0xFC65, 0xFC45, 0xFC45, 0xFC45, 0xF424, 0xF424, 0xF404, 0xF404, 0xF404, 0xF3E4,
    0xF3E4, 0xF3C4, 0xF406, 0xF468, 0xF448, 0xF448, 0xF428, 0xEC28, 0xEC27, 0xEC07, 0xEC07, 0xEBE7, 0xEBE7, 0xEBE7, 0xEBC7, 0xEBC7,
    0xE3C7, 0xE3A7, 0xE3A7, 0xE3A7, 0xE387, 0xE387, 0xE387, 0xE367, 0xDB67, 0xDB47, 0xDB47, 0xED89, 0xED89, 0xEDAA, 0xF5AA, 0xF5CA,
    0xF5CA, 0xF5CA, 0xF5EA, 0xF5EB, 0xF5EB, 0xF60B, 0xF60B, 0xF60B, 0xF62B, 0xFE2B, 0xFE2C, 0xFE4C, 0xFE4C, 0xFE4C, 0xFE4C, 0xFE6C,
    0xFE6C, 0xFE6C, 0xFE6C, 0xFE6C, 0xFE8F, 0xFEAF, 0xFEAF, 0xFEAF, 0xFEAF, 0xFEAF, 0xFEAF, 0xFE8F, 0xFE8E, 0xFE8E, 0xFE8E, 0xFE8E,
    0xFE8E, 0xFE8E, 0xFE6E, 0xFE6E, 0xFE6E, 0xFE6E, 0xFE6D, 0xFE4D, 0xFE4D, 0xFE0B, 0xFDEA, 0xFDEA, 0xFDEA, 0xFDEA, 0xFDE9, 0xFDC9,
    0xFDC9, 0xFDC9, 0xFDC9, 0xFDA9, 0xFDA9, 0xFDA8, 0xFD88, 0xFD88, 0xFD88, 0xFD88, 0xFD67, 0xFD89, 0xFDCB, 0xFDAA, 0xFDAA, 0xFDAA,
    0xFDAA, 0xFD8A, 0xFD8A, 0xFD89, 0xFD89, 0xFD69, 0xFD69, 0xFD69, 0xFD69, 0xFD49, 0xFD48, 0xFD48, 0xFD49, 0xFD08, 0xFCA5, 0xFCA5,
    0xFCA5, 0xFCA5, 0xFC85, 0xFC85, 0xFC85, 0xFC65, 0xFC65, 0xFC65, 0xFC45, 0xFC45, 0xFC45, 0xFC25, 0xF424, 0xF424, 0xF404, 0xF404,
    0xF3E4, 0xF3E4, 0xF3E5, 0xF468, 0xF468, 0xF448, 0xF448, 0xF428, 0xF428, 0xEC28, 0xEC08, 0xEC07, 0xEC07, 0xEBE7, 0xEBE7, 0xEBE7,
    0xEBC7, 0xEBC7, 0xE3A7, 0xE3A7, 0xE3A7, 0xE3A7, 0xE387, 0xE387, 0xE367, 0xE367, 0xDB47, 0xDB47, 0xED89, 0xEDAA, 0xF5AA, 0xF5AA,
    0xF5CA, 0xF5CA, 0xF5EA, 0xF5EB, 0xF5EB, 0xF60B, 0xF60B, 0xF62B, 0xFE2B, 0xFE2B, 0xFE2C, 0xFE4C, 0xFE4C, 0xFE4C, 0xFE4C, 0xFE6C,
    0xFE6C, 0xFE6C, 0xFE6C, 0xFE6C, 0xFE6C, 0xFE8E, 0xFEAF, 0xFEAF, 0xFEAF, 0xFEAF, 0xFEAF, 0xFEAF, 0xFEAF, 0xFEAF, 0xFE8E, 0xFE8E,
    0xFE8E, 0xFE8E, 0xFE8E, 0xFE6E, 0xFE6E, 0xFE6E, 0xFE6E, 0xFE6E, 0xFE6D, 0xFE6D, 0xFE2C, 0xFE0A, 0xFE0A, 0xFDEA, 0xFDEA, 0xFDEA,
    0xFDC9, 0xFDC9, 0xFDC9, 0xFDC9, 0xFDA9, 0xFDA9, 0xFDA8, 0xFDA8, 0xFD88, 0xFD88, 0xFD88, 0xFD67, 0xFDA9, 0xFDCB, 0xFDAA, 0xFDAA,
    0xFDAA, 0xFDAA, 0xFDAA, 0xFD8A, 0xFD8A, 0xFD89, 0xFD69, 0xFD69, 0xFD69, 0xFD69, 0xFD69, 0xFD48, 0xFD48, 0xFD49, 0xFCE7, 0xFCA5,
    0xFCA5, 0xFCA5, 0xFCA5, 0xFC85, 0xFC85, 0xFC85, 0xFC65, 0xFC65, 0xFC65, 0xFC45, 0xFC45, 0xFC45, 0xFC25, 0xF424, 0xF424, 0xF404,
    0xF404, 0xF404, 0xF3E4, 0xF447, 0xF468, 0xF468, 0xF448, 0xF448, 0xF428, 0xF428, 0xF428, 0xEC28, 0xEC08, 0xEC08, 0xEBE7, 0xEBE7,
    0xEBE7, 0xEBE7, 0xEBC7, 0xEBC7, 0xE3A7, 0xE3A7, 0xE3A7, 0xE387, 0xE387, 0xE367, 0xE367, 0xDB67, 0xDB47, 0xEDAA, 0xF5AA, 0xF5AA,
    0xF5CA, 0xF5CA, 0xF5EA, 0xF5EB, 0xF5EB, 0xF60B, 0xF60B, 0xF62B, 0xFE2B, 0xFE2B, 0xFE4C, 0xFE4C, 0xFE4C, 0xFE4C, 0xFE6C, 0xFE6C,
    0xFE6C, 0xFE6C, 0xFE6C, 0xFE6D, 0xFE8D, 0xFE8D, 0xFE8D, 0xFEAF, 0xFEAF, 0xFEAF, 0xFEAF, 0xFEAF, 0xFEAF, 0xFEAF, 0xFEAF, 0xFEAF,
    0xFE8E, 0xFE8E, 0xFE8E, 0xFE8E, 0xFE8E, 0xFE6E, 0xFE6E, 0xFE6E, 0xFE6E, 0xFE6D, 0xFE6D, 0xFE4C, 0xFE0A, 0xFE0A, 0xFDEA, 0xFDEA,
    0xFDEA, 0xFDE9, 0xFDC9, 0xFDC9, 0xFDC9, 0xFDC9, 0xFDA9, 0xFDA8, 0xFDA8, 0xFD88, 0xFD88, 0xFD88, 0xFD67, 0xFDA9, 0xFDCB, 0xFDAA,
    0xFDAA, 0xFDAA, 0xFDAA, 0xFDAA, 0xFD8A, 0xFD8A, 0xFD89, 0xFD69, 0xFD69, 0xFD69, 0xFD69, 0xFD69, 0xFD48, 0xFD48, 0xFD49, 0xFCE6,
    0xFCC5, 0xFCA5, 0xFCA5, 0xFCA5, 0xFC85, 0xFC85, 0xFC85, 0xFC65, 0xFC65, 0xFC65, 0xFC45, 0xFC45, 0xFC45, 0xFC25, 0xF424, 0xF424,
    0xF404, 0xF404, 0xF404, 0xF405, 0xF468, 0xF468, 0xF468, 0xF448, 0xF448, 0xF448, 0xF428, 0xF428, 0xF428, 0xEC08, 0xEC08, 0xEC07,
    0xEBE7, 0xEBE7, 0xEBE7, 0xEBC7, 0xEBC7, 0xEBC7, 0xE3A7, 0xE3A7, 0xE387, 0xE387, 0xE387, 0xE367, 0xE367, 0xDB47, 0xF5A9, 0xF5AA,
    0xF5CA, 0xF5CA, 0xF5EA, 0xF5EA, 0xF5EB, 0xF60B, 0xF60B, 0xF62B, 0xFE2B, 0xFE2B, 0xFE4C, 0xFE4C, 0xFE4C, 0xFE6C, 0xFE6C, 0xFE6C,
    0xFE6C, 0xFE6D, 0xFE8D, 0xFE8D, 0xFE8D, 0xFE8D, 0xFE8D, 0xFE8D, 0xFEAE, 0xFECF, 0xFECF, 0xFEAF, 0xFEAF, 0xFEAF, 0xFEAF, 0xFEAF,
    0xFEAF, 0xFEAF, 0xFE8F, 0xFE8E, 0xFE8E, 0xFE8E, 0xFE8E, 0xFE6E, 0xFE6E, 0xFE6E, 0xFE6E, 0xFE6D, 0xFE4D, 0xFE0B, 0xFE0A, 0xFE0A,
    0xFDEA, 0xFDEA, 0xFDEA, 0xFDC9, 0xFDC9, 0xFDC9, 0xFDC9, 0xFDA9, 0xFDA9, 0xFDA8, 0xFD88, 0xFD88, 0xFD88, 0xFD68, 0xFDA9, 0xFDCB,
    0xFDCA, 0xFDAA, 0xFDAA, 0xFDAA, 0xFDAA, 0xFD8A, 0xFD8A, 0xFD89, 0xFD69, 0xFD69, 0xFD69, 0xFD69, 0xFD69, 0xFD49, 0xFD49, 0xFD28,
    0xFCC5, 0xFCC5, 0xFCA5, 0xFCA5, 0xFCA5, 0xFC85, 0xFC85, 0xFC85, 0xFC65, 0xFC65, 0xFC65, 0xFC45, 0xFC45, 0xFC45, 0xFC25, 0xF424,
    0xF424, 0xF424, 0xF404, 0xF404, 0xF467, 0xF488, 0xF468, 0xF468, 0xF448, 0xF448, 0xF448, 0xF428, 0xF428, 0xF428, 0xEC08, 0xEC08,
    0xEC08, 0xEBE7, 0xEBE7, 0xEBE7, 0xEBC7, 0xEBC7, 0xEBC7, 0xEBA7, 0xE3A7, 0xE3A7, 0xE387, 0xE387, 0xE367, 0xE367, 0xE367, 0xF5CA,
    0xF5AA, 0xF5CA, 0xF5CA, 0xF5EA, 0xF5EA, 0xF60B, 0xF60B, 0xF60B, 0xFE2B, 0xFE2B, 0xFE2C, 0xFE4C, 0xFE4C, 0xFE6C, 0xFE6C, 0xFE6C,
    0xFE6C, 0xFE8D, 0xFE8D, 0xFE8D, 0xFE8D, 0xFE8D, 0xFE8D, 0xFE8D, 0xFEAD, 0xFE8D, 0xFEAF, 0xFED0, 0xFECF, 0xFECF, 0xFEAF, 0xFEAF,
    0xFEAF, 0xFEAF, 0xFEAF, 0xFEAF, 0xFE8F, 0xFE8E, 0xFE8E, 0xFE8E, 0xFE8E, 0xFE6E, 0xFE6E, 0xFE6E, 0xFE6D, 0xFE6D, 0xFE2B, 0xFE0A,
    0xFE0A, 0xFDEA, 0xFDEA, 0xFDEA, 0xFDE9, 0xFDC9, 0xFDC9, 0xFDC9, 0xFDA9, 0xFDA9, 0xFDA8, 0xFDA8, 0xFD88, 0xFD88, 0xFD88, 0xFDA9,
    0xFDCB, 0xFDCA, 0xFDAA, 0xFDAA, 0xFDAA, 0xFDAA, 0xFD8A, 0xFD8A, 0xFD89, 0xFD89, 0xFD69, 0xFD69, 0xFD69, 0xFD69, 0xFD49, 0xFD49,
    0xFD27, 0xFCC5, 0xFCC5, 0xFCC5, 0xFCA5, 0xFCA5, 0xFCA5, 0xFC85, 0xFC85, 0xFC85, 0xFC65, 0xFC65, 0xFC65, 0xFC45, 0xFC45, 0xFC45,
    0xF424, 0xF424, 0xF424, 0xF404, 0xF426, 0xF488, 0xF468, 0xF468, 0xF468, 0xF468, 0xF448, 0xF448, 0xF428, 0xF428, 0xF428, 0xF408,
    0xEC08, 0xEC08, 0xEBE7, 0xEBE7, 0xEBE7, 0xEBE7, 0xEBC7, 0xEBC7, 0xEBA7, 0xE3A7, 0xE3A7, 0xE387, 0xE387, 0xE367, 0xE367, 0xE326,
    0xF5ED, 0xF5CB, 0xF5CA, 0xF5EA, 0xF5EA, 0xF5EB, 0xF60B, 0xF60B, 0xFE2B, 0xFE2B, 0xFE2C, 0xFE4C, 0xFE4C, 0xFE4C, 0xFE6C, 0xFE6C,
    0xFE6D, 0xFE8D, 0xFE8D, 0xFE8D, 0xFE8D, 0xFE8D, 0xFEAD, 0xFEAD, 0xFEAD, 0xFEAD, 0xFEAD, 0xFEAD, 0xFED0, 0xFECF, 0xFECF, 0xFECF,
    0xFEAF, 0xFEAF, 0xFEAF, 0xFEAF, 0xFEAF, 0xFEAF, 0xFE8E, 0xFE8E, 0xFE8E, 0xFE8E, 0xFE6E, 0xFE6E, 0xFE6E, 0xFE6D, 0xFE6E, 0xFE2C,
    0xFE0A, 0xFE0A, 0xFDEA, 0xFDEA, 0xFDEA, 0xFDE9, 0xFDC9, 0xFDC9, 0xFDC9, 0xFDA9, 0xFDA9, 0xFDA8, 0xFDA8, 0xFD88, 0xFD88, 0xFD88,
    0xFDA9, 0xFDCB, 0xFDCB, 0xFDAA, 0xFDAA, 0xFDAA, 0xFDAA, 0xFDAA, 0xFD8A, 0xFD89, 0xFD89, 0xFD69, 0xFD69, 0xFD69, 0xFD69, 0xFD49,
    0xFD49, 0xFD06, 0xFCC5, 0xFCC5, 0xFCC5, 0xFCA5, 0xFCA5, 0xFCA5, 0xFC85, 0xFC85, 0xFC85, 0xFC65, 0xFC65, 0xFC65, 0xFC45, 0xFC45,
    0xFC45, 0xF425, 0xF424, 0xF424, 0xF405, 0xF488, 0xF488, 0xF468, 0xF468, 0xF468, 0xF468, 0xF448, 0xF448, 0xF448, 0xF428, 0xF428,
    0xF428, 0xF408, 0xEC08, 0xEC07, 0xEBE7, 0xEBE7, 0xEBE7, 0xEBC7, 0xEBC7, 0xEBA7, 0xE3A7, 0xE3A7, 0xE387, 0xE387, 0xE387, 0xE346,
    0xDAA3, 0xF60C, 0xF60D, 0xF5EB, 0xF5EA, 0xF5EB, 0xF60B, 0xF60B, 0xFE0B, 0xFE2B, 0xFE2C, 0xFE4C, 0xFE4C, 0xFE4C, 0xFE6C, 0xFE6C,
    0xFE6D, 0xFE8D, 0xFE8D, 0xFE8D, 0xFE8D, 0xFEAD, 0xFEAD, 0xFEAD, 0xFEAD, 0xFEAD, 0xFEAD, 0xFEAD, 0xFEAD, 0xFECE, 0xFED0, 0xFED0,
    0xFECF, 0xFECF, 0xFEAF, 0xFEAF, 0xFEAF, 0xFEAF, 0xFEAF, 0xFEAF, 0xFE8E, 0xFE8E, 0xFE8E, 0xFE6E, 0xFE6E, 0xFE6E, 0xFE6E, 0xFE6E,
    0xFE4D, 0xFE0A, 0xFE0A, 0xFDEA, 0xFDEA, 0xFDEA, 0xFDEA, 0xFDC9, 0xFDC9, 0xFDC9, 0xFDC9, 0xFDA9, 0xFDA9, 0xFDA8, 0xFD88, 0xFD88,
    0xFD88, 0xFDA9, 0xFDCB, 0xFDCB, 0xFDAA, 0xFDAA, 0xFDAA, 0xFDAA, 0xFDAA, 0xFD8A, 0xFD8A, 0xFD89, 0xFD69, 0xFD69, 0xFD69, 0xFD69,
    0xFD49, 0xFD48, 0xFCE5, 0xFCC5, 0xFCC5, 0xFCC5, 0xFCA5, 0xFCA5, 0xFCA5, 0xFC85, 0xFC85, 0xFC85, 0xFC65, 0xFC65, 0xFC65, 0xFC45,
    0xFC45, 0xFC45, 0xF425, 0xF424, 0xF404, 0xF466, 0xF4A8, 0xF488, 0xF488, 0xF468, 0xF468, 0xF468, 0xF448, 0xF448, 0xF448, 0xF428,
    0xF428, 0xF428, 0xF408, 0xF408, 0xEC07, 0xEBE7, 0xEBE7, 0xEBE7, 0xEBC7, 0xEBC7, 0xEBC7, 0xEBA7, 0xE3A7, 0xE387, 0xE387, 0xE346,
    0xE2C3, 0xDAC3, 0xF60D, 0xF60D, 0xF62D, 0xF60B, 0xF5EB, 0xF60B, 0xFE0B, 0xFE2B, 0xFE2B, 0xFE2C, 0xFE4C, 0xFE4C, 0xFE6C, 0xFE6C,
    0xFE6C, 0xFE8D, 0xFE8D, 0xFE8D, 0xFEAD, 0xFEAD, 0xFEAD, 0xFEAD, 0xFEAD, 0xFEAE, 0xFEAE, 0xFEAE, 0xFEAE, 0xFEAD, 0xFEAD, 0xFECF,
    0xFED0, 0xFED0, 0xFECF, 0xFECF, 0xFEAF, 0xFEAF, 0xFEAF, 0xFEAF, 0xFEAF, 0xFE8F, 0xFE8E, 0xFE8E, 0xFE8E, 0xFE6E, 0xFE6E, 0xFE6E,
    0xFE6E, 0xFE4D, 0xFE0B, 0xFE0A, 0xFE0A, 0xFDEA, 0xFDEA, 0xFDEA, 0xFDC9, 0xFDC9, 0xFDC9, 0xFDC9, 0xFDA9, 0xFDA9, 0xFDA8, 0xFD88,
    0xFD88, 0xFD88, 0xFDA9, 0xFDCB, 0xFDCB, 0xFDAA, 0xFDAA, 0xFDAA, 0xFDAA, 0xFDAA, 0xFD8A, 0xFD8A, 0xFD89, 0xFD69, 0xFD69, 0xFD69,
    0xFD69, 0xFD69, 0xFD48, 0xFCE5, 0xFCC5, 0xFCC5, 0xFCC5, 0xFCA5, 0xFCA5, 0xFCA5, 0xFC85, 0xFC85, 0xFC85, 0xFC65, 0xFC65, 0xFC65,
    0xFC45, 0xFC45, 0xFC45, 0xFC25, 0xF424, 0xF425, 0xF4A8, 0xF488, 0xF488, 0xF488, 0xF468, 0xF468, 0xF468, 0xF468, 0xF448, 0xF448,
    0xF428, 0xF428, 0xF428, 0xF428, 0xF408, 0xEC07, 0xEBE7, 0xEBE7, 0xEBE7, 0xEBE7, 0xEBC7, 0xEBC7, 0xEBA7, 0xEBA7, 0xEBA7, 0xE366,
    0xE2E3, 0xE2C4, 0xE2C3, 0xF60D, 0xF60D, 0xF62D, 0xF62D, 0xF60C, 0xFE0B, 0xFE2B, 0xFE2B, 0xFE2C, 0xFE4C, 0xFE4C, 0xFE6C, 0xFE6C,
    0xFE6C, 0xFE8D, 0xFE8D, 0xFE8D, 0xFE8D, 0xFEAD, 0xFEAD, 0xFEAD, 0xFEAE, 0xFECE, 0xFECE, 0xFECE, 0xFECE, 0xFECE, 0xFECE, 0xFEAD,
    0xFECE, 0xFED0, 0xFED0, 0xFED0, 0xFECF, 0xFECF, 0xFEAF, 0xFEAF, 0xFEAF, 0xFEAF, 0xFEAF, 0xFE8E, 0xFE8E, 0xFE8E, 0xFE6E, 0xFE6E,
    0xFE6E, 0xFE6E, 0xFE6E, 0xFE2B, 0xFE0A, 0xFE0A, 0xFDEA, 0xFDEA, 0xFDEA, 0xFDE9, 0xFDC9, 0xFDC9, 0xFDC9, 0xFDA9, 0xFDA9, 0xFDA8,
    0xFDA8, 0xFD88, 0xFD88, 0xFDA9, 0xFDCB, 0xFDCB, 0xFDCA, 0xFDAA, 0xFDAA, 0xFDAA, 0xFDAA, 0xFD8A, 0xFD8A, 0xFD89, 0xFD69, 0xFD69,
    0xFD69, 0xFD69, 0xFD69, 0xFD27, 0xFCC5, 0xFCC5, 0xFCC5, 0xFCC5, 0xFCA5, 0xFCA5, 0xFCA5, 0xFC85, 0xFC85, 0xFC85, 0xFC65, 0xFC65,
    0xFC65, 0xFC45, 0xFC45, 0xFC45, 0xFC25, 0xF424, 0xFC67, 0xF4A8, 0xF488, 0xF488, 0xF488, 0xF468, 0xF468, 0xF468, 0xF468, 0xF448,
    0xF448, 0xF428, 0xF428, 0xF428, 0xF428, 0xF408, 0xEC07, 0xEBE7, 0xEBE7, 0xEBE7, 0xEBE7, 0xEBC7, 0xEBC7, 0xEBA7, 0xEBC7, 0xE366,
    0xE2E3, 0xE2E3, 0xE2C4, 0xE2C3, 0xF60D, 0xF62D, 0xF62D, 0xF64D, 0xFE4E, 0xFE2C, 0xFE2B, 0xFE2B, 0xFE4C, 0xFE4C, 0xFE4C, 0xFE6C,
    0xFE6C, 0xFE6D, 0xFE8D, 0xFE8D, 0xFE8D, 0xFEAD, 0xFEAD, 0xFEAE, 0xFECE, 0xFECE, 0xFECE, 0xFECE, 0xFECE, 0xFECE, 0xFECE, 0xFECE,
    0xFECE, 0xFEAD, 0xFECF, 0xFED0, 0xFED0, 0xFED0, 0xFECF, 0xFEAF, 0xFEAF, 0xFEAF, 0xFEAF, 0xFEAF, 0xFE8F, 0xFE8E, 0xFE8E, 0xFE6E,
    0xFE6E, 0xFE6E, 0xFE6E, 0xFE6E, 0xFE4C, 0xFE0A, 0xFE0A, 0xFDEA, 0xFDEA, 0xFDEA, 0xFDEA, 0xFDC9, 0xFDC9, 0xFDC9, 0xFDA9, 0xFDA9,
    0xFDA8, 0xFDA8, 0xFD88, 0xFD88, 0xFDA9, 0xFDCB, 0xFDCB, 0xFDCB, 0xFDAA, 0xFDAA, 0xFDAA, 0xFDAA, 0xFD8A, 0xFD8A, 0xFD89, 0xFD69,
    0xFD69, 0xFD69, 0xFD69, 0xFD69, 0xFD06, 0xFCE5, 0xFCC5, 0xFCC5, 0xFCC5, 0xFCA5, 0xFCA5, 0xFCA5, 0xFC85, 0xFC85, 0xFC85, 0xFC65,
    0xFC65, 0xFC65, 0xFC45, 0xFC45, 0xFC45, 0xFC24, 0xF445, 0xFCA8, 0xF4A8, 0xF488, 0xF488, 0xF488, 0xF468, 0xF468, 0xF468, 0xF468,
    0xF448, 0xF448, 0xF448, 0xF428, 0xF428, 0xF428, 0xF408, 0xF407, 0xF3E7, 0xEBE7, 0xEBE7, 0xEBE7, 0xEBC7, 0xEBC7, 0xEBC8, 0xE386,
    0xE304, 0xE2E3, 0xE2E4, 0xE2C4, 0xE2C3, 0xF60D, 0xF62D, 0xF62D, 0xF64D, 0xFE4E, 0xFE4E, 0xFE2C, 0xFE2B, 0xFE4C, 0xFE4C, 0xFE6C,
    0xFE6C, 0xFE6C, 0xFE8D, 0xFE8D, 0xFE8D, 0xFEAD, 0xFEAD, 0xFEAD, 0xFECE, 0xFECE, 0xFECE, 0xFECE, 0xFECE, 0xFECE, 0xFECE, 0xFECE,
    0xFECE, 0xFECE, 0xFECE, 0xFECE, 0xFED0, 0xFED0, 0xFED0, 0xFECF, 0xFECF, 0xFEAF, 0xFEAF, 0xFEAF, 0xFEAF, 0xFE8F, 0xFE8E, 0xFE8E,
    0xFE8E, 0xFE6E, 0xFE6E, 0xFE6E, 0xFE6E, 0xFE4D, 0xFE0A, 0xFE0A, 0xFDEA, 0xFDEA, 0xFDEA, 0xFDEA, 0xFDC9, 0xFDC9, 0xFDC9, 0xFDA9,
    0xFDA9, 0xFDA8, 0xFDA8, 0xFD88, 0xFD88, 0xFDA9, 0xFDCB, 0xFDCB, 0xFDCB, 0xFDAA, 0xFDAA, 0xFDAA, 0xFDAA, 0xFD8A, 0xFD8A, 0xFD89,
    0xFD89, 0xFD69, 0xFD69, 0xFD69, 0xFD69, 0xFCE5, 0xFCE5, 0xFCC5, 0xFCC5, 0xFCC5, 0xFCA5, 0xFCA5, 0xFCA5, 0xFC85, 0xFC85, 0xFC85,
    0xFC65, 0xFC65, 0xFC65, 0xFC45, 0xFC45, 0xFC45, 0xFC24, 0xFC87, 0xFCA8, 0xF4A8, 0xF488, 0xF488, 0xF488, 0xF468, 0xF468, 0xF468,
    0xF468, 0xF448, 0xF448, 0xF448, 0xF428, 0xF428, 0xF428, 0xF408, 0xF408, 0xF407, 0xEBE7, 0xEBE7, 0xEBE7, 0xEBC7, 0xEBC8, 0xEB86,
    0xE304, 0xE303, 0xE2E4, 0xE2E4, 0xE2E4, 0xE2C3, 0xF62D, 0xF62D, 0xF62D, 0xFE4D, 0xFE4E, 0xFE6E, 0xFE6E, 0xFE4C, 0xFE4B, 0xFE6C,
    0xFE6C, 0xFE6C, 0xFE6D, 0xFE8D, 0xFE8D, 0xFE8D, 0xFEAD, 0xFEAD, 0xFEAE, 0xFECE, 0xFECE, 0xFECE, 0xFECE, 0xFEEE, 0xFEEE, 0xFEEE,
    0xFECE, 0xFECE, 0xFECE, 0xFECE, 0xFEAD, 0xFECF, 0xFED0, 0xFED0, 0xFECF, 0xFECF, 0xFEAF, 0xFEAF, 0xFEAF, 0xFEAF, 0xFEAF, 0xFE8E,
    0xFE8E, 0xFE8E, 0xFE6E, 0xFE6E, 0xFE6E, 0xFE6D, 0xFE4D, 0xFE2B, 0xFE0A, 0xFE0A, 0xFDEA, 0xFDEA, 0xFDEA, 0xFDC9, 0xFDC9, 0xFDC9,
    0xFDA9, 0xFDA9, 0xFDA8, 0xFDA8, 0xFD88, 0xFD88, 0xFDA9, 0xFDCB, 0xFDCB, 0xFDCB, 0xFDAA, 0xFDAA, 0xFDAA, 0xFDAA, 0xFD8A, 0xFD8A,
    0xFD89, 0xFD89, 0xFD69, 0xFD69, 0xFD69, 0xFD48, 0xFCE5, 0xFCE5, 0xFCC5, 0xFCC5, 0xFCC5, 0xFCA5, 0xFCA5, 0xFCA5, 0xFC85, 0xFC85,
    0xFC85, 0xFC65, 0xFC65, 0xFC65, 0xFC45, 0xFC45, 0xFC44, 0xFC66, 0xFCA8, 0xFCA8, 0xF4A8, 0xF488, 0xF488, 0xF488, 0xF468, 0xF468,
    0xF468, 0xF468, 0xF448, 0xF448, 0xF448, 0xF428, 0xF428, 0xF428, 0xF408, 0xF408, 0xF407, 0xEBE7, 0xEBE7, 0xEBE7, 0xEBE8, 0xEB86,
    0xEB04, 0xEB04, 0xE304, 0xE2E4, 0xE2E4, 0xE2E4, 0xE2C3, 0xF62D, 0xF62D, 0xFE2D, 0xFE4D, 0xFE4E, 0xFE6E, 0xFE6E, 0xFE8E, 0xFE6D,
    0xFE4C, 0xFE6C, 0xFE6C, 0xFE8D, 0xFE8D, 0xFE8D, 0xFEAD, 0xFEAD, 0xFEAD, 0xFECE, 0xFECE, 0xFECE, 0xFECE, 0xFEEE, 0xFEEE, 0xFEEE,
    0xFEEE, 0xFEEE, 0xFECE, 0xFECE, 0xFECE, 0xFECE, 0xFECE, 0xFED0, 0xFED0, 0xFECF, 0xFECF, 0xFEAF, 0xFEAF, 0xFEAF, 0xFEAF, 0xFEAF,
    0xFE8E, 0xFE8E, 0xFE8E, 0xFE6E, 0xFE6E, 0xFE6E, 0xFE6D, 0xFE6E, 0xFE2C, 0xFE0A, 0xFE0A, 0xFDEA, 0xFDEA, 0xFDEA, 0xFDC9, 0xFDC9,
    0xFDC9, 0xFDA9, 0xFDA9, 0xFDA9, 0xFDA8, 0xFD88, 0xFD88, 0xFDA9, 0xFDCB, 0xFDCB, 0xFDCB, 0xFDAA, 0xFDAA, 0xFDAA, 0xFDAA, 0xFD8A,
    0xFD8A, 0xFD89, 0xFD89, 0xFD69, 0xFD69, 0xFD69, 0xFD27, 0xFCE5, 0xFCE5, 0xFCC5, 0xFCC5, 0xFCC5, 0xFCA5, 0xFCA5, 0xFCA5, 0xFC85,
    0xFC85, 0xFC85, 0xFC65, 0xFC65, 0xFC65, 0xFC45, 0xFC45, 0xFC45, 0xFCA8, 0xFCA8, 0xFCA8, 0xFCA8, 0xF488, 0xF488, 0xF488, 0xF468,
    0xF468, 0xF468, 0xF468, 0xF448, 0xF448, 0xF448, 0xF428, 0xF428, 0xF428, 0xF408, 0xF408, 0xF408, 0xF3E7, 0xEBE7, 0xEBE8, 0xEBA6,
    0xEB24, 0xEB04, 0xEB04, 0xE304, 0xE2E4, 0xE2E4, 0xE2E4, 0xE2C3, 0xF62D, 0xFE2D, 0xFE4D, 0xFE4D, 0xFE4E, 0xFE6E, 0xFE6E, 0xFE8E,
    0xFE8F, 0xFE6D, 0xFE6C, 0xFE6C, 0xFE8D, 0xFE8D, 0xFEAD, 0xFEAD, 0xFEAD, 0xFEAD, 0xFECE, 0xFECE, 0xFECE, 0xFEEE, 0xFEEE, 0xFEEE,
    0xFEEF, 0xFEEF, 0xFEEE, 0xFEEE, 0xFECE, 0xFECE, 0xFECE, 0xFEAD, 0xFECF, 0xFED0, 0xFECF, 0xFECF, 0xFEAF, 0xFEAF, 0xFEAF, 0xFEAF,
    0xFEAF, 0xFE8E, 0xFE8E, 0xFE8E, 0xFE6E, 0xFE6E, 0xFE6E, 0xFE6D, 0xFE6E, 0xFE4C, 0xFE0A, 0xFE0A, 0xFDEA, 0xFDEA, 0xFDEA, 0xFDC9,
    0xFDC9, 0xFDC9, 0xFDC9, 0xFDA9, 0xFDA9, 0xFDA8, 0xFD88, 0xFD88, 0xFDA9, 0xFDCB, 0xFDCB, 0xFDCB, 0xFDAA, 0xFDAA, 0xFDAA, 0xFDAA,
    0xFD8A, 0xFD8A, 0xFD89, 0xFD89, 0xFD69, 0xFD69, 0xFD69, 0xFD06, 0xFCE5, 0xFCE5, 0xFCC5, 0xFCC5, 0xFCC5, 0xFCA5, 0xFCA5, 0xFCA5,
    0xFC85, 0xFC85, 0xFC85, 0xFC65, 0xFC65, 0xFC65, 0xFC65, 0xFC44, 0xFC87, 0xFCC9, 0xFCA8, 0xFCA8, 0xFCA8, 0xF488, 0xF488, 0xF488,
    0xF468, 0xF468, 0xF468, 0xF468, 0xF448, 0xF448, 0xF448, 0xF428, 0xF428, 0xF428, 0xF428, 0xF408, 0xF408, 0xF3E7, 0xEC08, 0xEBA6,
    0xEB24, 0xEB24, 0xEB24, 0xEB04, 0xEB04, 0xE304, 0xE2E4, 0xE2E4, 0xE2C3, 0xF62D, 0xFE2D, 0xFE4D, 0xFE4E, 0xFE4E, 0xFE6E, 0xFE6E,
    0xFE8E, 0xFE8E, 0xFE8F, 0xFE8D, 0xFE6C, 0xFE8D, 0xFE8D, 0xFEAD, 0xFEAD, 0xFEAD, 0xFEAE, 0xFECE, 0xFECE, 0xFECE, 0xFEEE, 0xFEEE,
    0xFEEF, 0xFEEF, 0xFEEF, 0xFEEE, 0xFEEE, 0xFECE, 0xFECE, 0xFECE, 0xFEAE, 0xFEAD, 0xFECF, 0xFED0, 0xFECF, 0xFEAF, 0xFEAF, 0xFEAF,
    0xFEAF, 0xFEAF, 0xFE8F, 0xFE8F, 0xFE8E, 0xFE8E, 0xFE6E, 0xFE6E, 0xFE6E, 0xFE6E, 0xFE4D, 0xFE0B, 0xFE0A, 0xFE0A, 0xFDEA, 0xFDEA,
    0xFDEA, 0xFDC9, 0xFDC9, 0xFDC9, 0xFDA9, 0xFDA9, 0xFDA9, 0xFDA8, 0xFD88, 0xFDAA, 0xFDEB, 0xFDCB, 0xFDCB, 0xFDCB, 0xFDAA, 0xFDAA,
    0xFDAA, 0xFDAA, 0xFD8A, 0xFD8A, 0xFD8A, 0xFD89, 0xFD69, 0xFD69, 0xFD06, 0xFCE5, 0xFCE5, 0xFCE5, 0xFCC5, 0xFCC5, 0xFCC5, 0xFCA5,
    0xFCA5, 0xFCA5, 0xFC85, 0xFC85, 0xFC65, 0xFC65, 0xFC65, 0xFC44, 0xFC65, 0xFCC8, 0xFCC8, 0xFCA8, 0xFCA8, 0xFCA8, 0xF488, 0xF488,
    0xF488, 0xF468, 0xF468, 0xF468, 0xF468, 0xF448, 0xF448, 0xF448, 0xF428, 0xF428, 0xF428, 0xF428, 0xF408, 0xF407, 0xF408, 0xEBC7,
    0xEB44, 0xEB44, 0xEB24, 0xEB24, 0xEB04, 0xEB04, 0xE304, 0xE2E4, 0xE2E4, 0xE2C3, 0xFE2D, 0xFE2D, 0xFE4D, 0xFE4E, 0xFE4E, 0xFE6E,
    0xFE6E, 0xFE8E, 0xFE8E, 0xFEAF, 0xFEAF, 0xFE8D, 0xFE8C, 0xFE8D, 0xFEAD, 0xFEAD, 0xFEAD, 0xFEAD, 0xFECE, 0xFECE, 0xFECE, 0xFEEE,
    0xFEEE, 0xFEEF, 0xFEEF, 0xFEEF, 0xFEEE, 0xFEEE, 0xFECE, 0xFECE, 0xFECE, 0xFEAE, 0xFEAD, 0xFEAE, 0xFED0, 0xFECF, 0xFEAF, 0xFEAF,
    0xFEAF, 0xFEAF, 0xFE8E, 0xFE8E, 0xFE6E, 0xFE6D, 0xFE6D, 0xFE6D, 0xFE6D, 0xFE4D, 0xFE4C, 0xFE4C, 0xFE0A, 0xFDE9, 0xFDE9, 0xFDC9,
    0xFDC9, 0xFDC8, 0xFDA8, 0xFDA8, 0xFDA8, 0xFD88, 0xFD88, 0xFD87, 0xFD67, 0xFD67, 0xFD88, 0xFDCA, 0xFDAA, 0xFDAA, 0xFDA9, 0xFD89,
    0xFD89, 0xFD89, 0xFD69, 0xFD69, 0xFD68, 0xFD68, 0xFD48, 0xFD48, 0xFD27, 0xFCC4, 0xFCC4, 0xFCA4, 0xFCA4, 0xFCA4, 0xFCA4, 0xFC84,
    0xFC84, 0xFC84, 0xFC84, 0xFC85, 0xFC85, 0xFC65, 0xFC65, 0xFC65, 0xFC44, 0xFCA7, 0xFCC8, 0xFCA8, 0xFCA8, 0xFCA8, 0xFCA8, 0xF488,
    0xF488, 0xF488, 0xF468, 0xF468, 0xF468, 0xF468, 0xF448, 0xF448, 0xF448, 0xF428, 0xF428, 0xF428, 0xF428, 0xF408, 0xF408, 0xF3C7,
    0xEB44, 0xEB44, 0xEB44, 0xEB24, 0xEB24, 0xEB04, 0xEB04, 0xEB04, 0xE2E4, 0xE2E4, 0xE2C3, 0xFE2D, 0xFE4D, 0xFE4D, 0xFE4E, 0xFE6E,
    0xFE6E, 0xFE6E, 0xFE8E, 0xFE8F, 0xFEAF, 0xFEAF, 0xFEAF, 0xFE8D, 0xFE8D, 0xFEAD, 0xFEAD, 0xFEAD, 0xFEAD, 0xFECE, 0xFECE, 0xFECE,
    0xFECE, 0xFEEE, 0xFEEE, 0xFEEE, 0xFEEE, 0xFEEE, 0xFECE, 0xFECE, 0xFECE, 0xFECE, 0xFEAD, 0xFEAD, 0xFEAD, 0xFECF, 0xFECF, 0xFEAF,
    0xFEAF, 0xFE8E, 0xFE8E, 0xFEB0, 0xFED2, 0xFED2, 0xFED2, 0xFED2, 0xFED2, 0xFED2, 0xFED1, 0xFEB1, 0xFEB1, 0xFE90, 0xFE6F, 0xFE6F,
    0xFE6E, 0xFE4E, 0xFE4E, 0xFE4E, 0xFE2E, 0xFE2D, 0xFE2E, 0xFE2E, 0xFE2D, 0xFE0D, 0xFE0D, 0xFE2E, 0xFE4F, 0xFE4F, 0xFE2F, 0xFE2F,
    0xFE2F, 0xFE2F, 0xFE2F, 0xFE2F, 0xFE0E, 0xFE0E, 0xFDEE, 0xFDEE, 0xFDEE, 0xFDCC, 0xFD8B, 0xFD8B, 0xFD8B, 0xFD8B, 0xFD6A, 0xFD6A,
    0xFD6A, 0xFD4A, 0xFD4A, 0xFD08, 0xFC64, 0xFC64, 0xFC85, 0xFC65, 0xFC44, 0xFC86, 0xFCC8, 0xFCC8, 0xFCA8, 0xFCA8, 0xFCA8, 0xFCA8,
    0xF488, 0xF488, 0xF488, 0xF468, 0xF468, 0xF468, 0xF468, 0xF448, 0xF448, 0xF448, 0xF428, 0xF428, 0xF428, 0xF408, 0xF428, 0xF3E6,
    0xEB64, 0xEB44, 0xEB44, 0xEB44, 0xEB24, 0xEB24, 0xEB24, 0xEB04, 0xEB04, 0xE2E4, 0xE2E4, 0xE2E3, 0xFE2D, 0xFE4D, 0xFE4D, 0xFE4E,
    0xFE6E, 0xFE6E, 0xFE6E, 0xFE8E, 0xFE8F, 0xFE8F, 0xFEAF, 0xFEAF, 0xFEAF, 0xFEAE, 0xFE8D, 0xFEAD, 0xFEAD, 0xFEAD, 0xFEAE, 0xFECE,
    0xFECE, 0xFECE, 0xFECE, 0xFEEE, 0xFEEE, 0xFEEE, 0xFECE, 0xFECE, 0xFECE, 0xFECE, 0xFECE, 0xFEAD, 0xFEAD, 0xFEAD, 0xFEAD, 0xFECF,
    0xFEAF, 0xFEAE, 0xFEF2, 0xFF9B, 0xFFFF, 0xFFFF, 0xFFFF, 0xFFFF, 0xFFFF, 0xFFFF, 0xFFFF, 0xFFFF, 0xFFFF, 0xFFFF, 0xFFFF, 0xFFFF,
    0xFFFF, 0xFFFF, 0xFFFF, 0xFFFF, 0xFFFF, 0xFFFF, 0xFFFF, 0xFFFF, 0xFFFF, 0xFFFF, 0xFFFF, 0xFFFF, 0xFFFF, 0xFFFF, 0xFFFF, 0xFFFF,
    0xFFFF, 0xFFFF, 0xFFFF, 0xFFFF, 0xFFFF, 0xFFFF, 0xFFFF, 0xFFFF, 0xFFFF, 0xFFFF, 0xFFFF, 0xFFFF, 0xFFFF, 0xFFFF, 0xFFFF, 0xFFFF,
    0xFFFF, 0xFFFF, 0xFFFF, 0xFFFF, 0xFFDE, 0xFF18, 0xFD29, 0xFC43, 0xFC65, 0xFC65, 0xFCC8, 0xFCC8, 0xFCC8, 0xFCA8, 0xFCA8, 0xFCA8,
    0xF4A8, 0xF488, 0xF488, 0xF488, 0xF468, 0xF468, 0xF468, 0xF468, 0xF448, 0xF448, 0xF448, 0xF428, 0xF428, 0xF428, 0xF428, 0xF3E7,
    0xF364, 0xEB64, 0xEB44, 0xEB44, 0xEB44, 0xEB24, 0xEB24, 0xEB24, 0xEB04, 0xEB04, 0xEAE4, 0xE2E4, 0xE2E3, 0xFE2D, 0xFE4D, 0xFE4D,
    0xFE4E, 0xFE6E, 0xFE6E, 0xFE6E, 0xFE8E, 0xFE8E, 0xFEAF, 0xFEAF, 0xFEAF, 0xFEAF, 0xFECF, 0xFEAE, 0xFE8D, 0xFEAD, 0xFEAD, 0xFEAD,
    0xFECE, 0xFECE, 0xFECE, 0xFECE, 0xFECE, 0xFECE, 0xFECE, 0xFECE, 0xFECE, 0xFECE, 0xFECE, 0xFEAE, 0xFEAD, 0xFEAD, 0xFEAD, 0xFE8D,
    0xFEAE, 0xFEAE, 0xFF14, 0xFFFF, 0xFFFF, 0xFF5C, 0xFED9, 0xFED9, 0xFED9, 0xFEFA, 0xFFFF, 0xFFFF, 0xFFDE, 0xF677, 0xFFBE, 0xFFFF,
    0xFFFF, 0xFFFF, 0xFFFF, 0xFFFF, 0xFFFF, 0xFFFF, 0xFFBE, 0xF636, 0xFFBE, 0xFFFF, 0xFFFF, 0xFFFF, 0xFFFF, 0xFE98, 0xFF7D, 0xFFFF,
    0xFFFF, 0xFFFF, 0xFEB9, 0xFF5C, 0xFFFF, 0xFFFF, 0xFFFF, 0xFFDE, 0xF677, 0xF5D4, 0xFED9, 0xFFFF, 0xFFFF, 0xFFFF, 0xFFFF, 0xFFFF,
    0xFF1B, 0xFEB9, 0xFEB9, 0xFED9, 0xFF9D, 0xFFFF, 0xFFFF, 0xFFDE, 0xFD8D, 0xFC23, 0xFCA7, 0xFCE8, 0xFCC8, 0xFCC8, 0xFCA8, 0xFCA8,
    0xFCA8, 0xF4A8, 0xF488, 0xF488, 0xF488, 0xF468, 0xF468, 0xF468, 0xF468, 0xF448, 0xF448, 0xF448, 0xF428, 0xF428, 0xF428, 0xF3E7,
    0xF364, 0xF364, 0xEB64, 0xEB44, 0xEB44, 0xEB44, 0xEB24, 0xEB24, 0xEB04, 0xEB04, 0xEB04, 0xEAE4, 0xE2E4, 0xE2E3, 0xFE2D, 0xFE4D,
    0xFE4D, 0xFE6E, 0xFE6E, 0xFE6E, 0xFE6E, 0xFE8E, 0xFE8E, 0xFEAF, 0xFEAF, 0xFEAF, 0xFEAF, 0xFEAF, 0xFECF, 0xFEAE, 0xFEAD, 0xFEAD,
    0xFEAD, 0xFEAD, 0xFECE, 0xFECE, 0xFECE, 0xFECE, 0xFECE, 0xFECE, 0xFECE, 0xFECE, 0xFECE, 0xFEAE, 0xFEAD, 0xFEAD, 0xFEAD, 0xFEAD,
    0xFE8D, 0xFE8C, 0xFED1, 0xFFFE, 0xFFFF, 0xFF9D, 0xE305, 0xE262, 0xE2A3, 0xE282, 0xE305, 0xFF5C, 0xFFFF, 0xFEB8, 0xE200, 0xFE77,
    0xFFFF, 0xFFFF, 0xFFFF, 0xFFFF, 0xFFFF, 0xFFFF, 0xFFFF, 0xF4EF, 0xD980, 0xF530, 0xFFFF, 0xFFFF, 0xFFFF, 0xFFFF, 0xE2A3, 0xECAE,
    0xFFFF, 0xFFFF, 0xFF9D, 0xE282, 0xF551, 0xFFFF, 0xFFFF, 0xFF1A, 0xE326, 0xE262, 0xE305, 0xE241, 0xEBEA, 0xFFBE, 0xFFFF, 0xFFFF,
    0xFF1A, 0xE282, 0xE2E4, 0xE326, 0xE2C4, 0xE2A3, 0xF677, 0xFFFF, 0xFFFF, 0xFFDE, 0xFCE8, 0xFCA7, 0xFCC8, 0xFCC8, 0xFCC8, 0xFCA8,
    0xFCA8, 0xFCA8, 0xF4A8, 0xF488, 0xF488, 0xF488, 0xF468, 0xF468, 0xF468, 0xF468, 0xF448, 0xF448, 0xF448, 0xF428, 0xF448, 0xF407,
    0xF384, 0xF364, 0xF364, 0xEB64, 0xEB44, 0xEB44, 0xEB44, 0xEB24, 0xEB24, 0xEB04, 0xEB04, 0xEB04, 0xEAE4, 0xE2E4, 0xE2E3, 0xFE2D,
    0xFE4D, 0xFE4D, 0xFE6E, 0xFE6E, 0xFE6E, 0xFE6E, 0xFE8E, 0xFE8E, 0xFE8F, 0xFEAF, 0xFEAF, 0xFEAF, 0xFEAF, 0xFECF, 0xFED0, 0xFEAE,
    0xFEAD, 0xFEAD, 0xFEAD, 0xFEAE, 0xFECE, 0xFECE, 0xFECE, 0xFECE, 0xFECE, 0xFECE, 0xFECE, 0xFEAE, 0xFEAD, 0xFEAD, 0xFEAD, 0xFEAD,
    0xFE8D, 0xFE8D, 0xFE6B, 0xFF58, 0xFFFF, 0xFFFF, 0xFF7C, 0xE282, 0xF551, 0xFFBE, 0xFF7D, 0xFF9D, 0xFFFF, 0xFFFF, 0xFE98, 0xE241,
    0xF657, 0xFFFF, 0xFFFF, 0xFFFF, 0xFFFF, 0xFFFF, 0xFFFF, 0xFF9D, 0xE305, 0xEB87, 0xE305, 0xFFBE, 0xFFFF, 0xFFFF, 0xFFFF, 0xEC6C,
    0xE2E5, 0xFFDE, 0xFFFF, 0xF615, 0xE241, 0xFF1A, 0xFFFF, 0xFFFF, 0xEB88, 0xE2C4, 0xFF1A, 0xFFDE, 0xF657, 0xE220, 0xECCE, 0xFFFF,
    0xFFFF, 0xFED9, 0xE221, 0xF657, 0xFFFF, 0xFFBE, 0xE346, 0xEB88, 0xFFFF, 0xFFFF, 0xFFFF, 0xFEB5, 0xFCA7, 0xFCE9, 0xFCC8, 0xFCC8,
    0xFCA8, 0xFCA8, 0xFCA8, 0xF4A8, 0xF488, 0xF488, 0xF488, 0xF468, 0xF468, 0xF468, 0xF468, 0xF448, 0xF448, 0xF428, 0xF448, 0xF407,
    0xF384, 0xF384, 0xF364, 0xF364, 0xEB64, 0xEB44, 0xEB44, 0xEB44, 0xEB24, 0xEB24, 0xEB24, 0xEB04, 0xEB04, 0xEAE4, 0xE2E4, 0xE2E3,
    0xFE2D, 0xFE4D, 0xFE4D, 0xFE4E, 0xFE6E, 0xFE6E, 0xFE6E, 0xFE8E, 0xFE8E, 0xFE8E, 0xFEAF, 0xFEAF, 0xFEAF, 0xFEAF, 0xFEAF, 0xFECF,
    0xFECF, 0xFEAE, 0xFEAD, 0xFEAD, 0xFEAD, 0xFEAD, 0xFEAE, 0xFEAE, 0xFEAE, 0xFEAE, 0xFEAE, 0xFEAD, 0xFEAD, 0xFEAD, 0xFEAD, 0xFEAD,
    0xFE8D, 0xFE8D, 0xFE8D, 0xFE8C, 0xFFBC, 0xFFFF, 0xFFFF, 0xFF7C, 0xE2A3, 0xECAE, 0xFEB8, 0xF677, 0xFF7C, 0xFFFF, 0xFFFF, 0xFEB8,
    0xE221, 0xF677, 0xFFFF, 0xFFFF, 0xFFFF, 0xFFFF, 0xFFFF, 0xFFFF, 0xF5D4, 0xE2A3, 0xFEFA, 0xE262, 0xF5F4, 0xFFFF, 0xFFDF, 0xFFFF,
    0xFE98, 0xE220, 0xFE98, 0xFFFF, 0xEC0A, 0xEB88, 0xFFFF, 0xFFFF, 0xFF3B, 0xE221, 0xF5D4, 0xFFFF, 0xFFFF, 0xFFFF, 0xEC6C, 0xE2E4,
    0xFFDF, 0xFFFF, 0xFED9, 0xE241, 0xF5D4, 0xFF7C, 0xFEFA, 0xE2C4, 0xEC0B, 0xFFFF, 0xFFFF, 0xFFFF, 0xFF5B, 0xFCC8, 0xFCC8, 0xFCC8,
    0xFCC8, 0xFCA8, 0xFCA8, 0xFCA8, 0xF4A8, 0xF488, 0xF488, 0xF488, 0xF468, 0xF468, 0xF468, 0xF468, 0xF448, 0xF448, 0xF448, 0xF407,
    0xF384, 0xF384, 0xF384, 0xF364, 0xF364, 0xEB64, 0xEB44, 0xEB44, 0xEB44, 0xEB24, 0xEB24, 0xEB24, 0xEB04, 0xEB04, 0xEAE4, 0xEAE4,
    0xE2E3, 0xFE2D, 0xFE4D, 0xFE4D, 0xFE4D, 0xFE6E, 0xFE6E, 0xFE6E, 0xFE8E, 0xFE8E, 0xFE8E, 0xFE8F, 0xFEAF, 0xFEAF, 0xFEAF, 0xFEAF,
    0xFEAF, 0xFECF, 0xFECF, 0xFEAE, 0xFEAD, 0xFEAD, 0xFEAD, 0xFEAD, 0xFEAD, 0xFEAD, 0xFEAD, 0xFEAD, 0xFEAD, 0xFEAD, 0xFEAD, 0xFEAD,
    0xFE8D, 0xFE8D, 0xFE8D, 0xFE8C, 0xFE8D, 0xFFDD, 0xFFFF, 0xFFFF, 0xFF5C, 0xE2C4, 0xE2E4, 0xE347, 0xE2E5, 0xF593, 0xFFFF, 0xFFFF,
    0xFEB8, 0xE221, 0xF657, 0xFFFF, 0xFFFF, 0xFFFF, 0xFFFF, 0xFFFF, 0xFFFF, 0xEB88, 0xEC4C, 0xFFFF, 0xEC2B, 0xEB88, 0xFFFF, 0xFFFF,
    0xFFFF, 0xFFFF, 0xE2E5, 0xECAE, 0xFFDF, 0xE282, 0xF5B3, 0xFFFF, 0xFFFF, 0xFEB8, 0xE221, 0xF677, 0xFFFF, 0xFFDE, 0xFFFF, 0xF530,
    0xE2A3, 0xFF9D, 0xFFFF, 0xFED9, 0xE262, 0xE2E5, 0xE2C4, 0xE261, 0xEC4C, 0xFF5C, 0xFFFF, 0xFFFF, 0xFFFF, 0xFF9C, 0xFCE9, 0xFCC8,
    0xFCC8, 0xFCC8, 0xFCA8, 0xFCA8, 0xFCA8, 0xF4A8, 0xF488, 0xF488, 0xF488, 0xF468, 0xF468, 0xF468, 0xF468, 0xF448, 0xF448, 0xF407,
    0xF3A4, 0xF384, 0xF384, 0xF384, 0xF364, 0xF364, 0xEB64, 0xEB44, 0xEB44, 0xEB44, 0xEB24, 0xEB24, 0xEB24, 0xEB04, 0xEB04, 0xEAE4,
    0xEAE4, 0xE2E4, 0xFE2D, 0xFE4D, 0xFE4D, 0xFE4D, 0xFE6E, 0xFE6E, 0xFE6E, 0xFE8E, 0xFE8E, 0xFE8E, 0xFE8E, 0xFEAF, 0xFEAF, 0xFEAF,
    0xFEAF, 0xFEAF, 0xFEAF, 0xFECF, 0xFECF, 0xFEAE, 0xFEAD, 0xFEAD, 0xFEAD, 0xFEAD, 0xFEAD, 0xFEAD, 0xFEAD, 0xFEAD, 0xFEAD, 0xFEAD,
    0xFE8D, 0xFE8D, 0xFE8D, 0xFE8D, 0xFE8C, 0xFE6C, 0xFFBB, 0xFFFF, 0xFFFF, 0xFF7D, 0xE282, 0xF572, 0xFFFF, 0xFFDE, 0xFFFF, 0xFFFF,
    0xFFFF, 0xFEB8, 0xE221, 0xFE98, 0xFFFF, 0xFFFF, 0xFFFF, 0xFFFF, 0xFFFF, 0xFF1A, 0xE262, 0xE346, 0xEC2B, 0xE326, 0xE241, 0xFEFA,
    0xFFFF, 0xFFDF, 0xFFFF, 0xECCF, 0xE346, 0xF615, 0xE283, 0xFF7D, 0xFFFF, 0xFFFF, 0xFF3B, 0xE241, 0xF5B3, 0xFFFF, 0xFFFF, 0xFFFF,
    0xEC4C, 0xE2E4, 0xFFDF, 0xFFFF, 0xFED9, 0xE221, 0xF615, 0xFEB9, 0xE2A3, 0xECAE, 0xFFFF, 0xFFFF, 0xFFFF, 0xFFFF, 0xFF5B, 0xFCC8,
    0xFCC8, 0xFCC8, 0xFCC8, 0xFCA8, 0xFCA8, 0xFCA8, 0xF4A8, 0xF488, 0xF488, 0xF468, 0xF468, 0xF468, 0xF468, 0xF448, 0xF448, 0xF407,
    0xF3A4, 0xF3A4, 0xF384, 0xF384, 0xF384, 0xF364, 0xF364, 0xEB64, 0xEB44, 0xEB44, 0xEB44, 0xEB24, 0xEB24, 0xEB24, 0xEB04, 0xEB04,
    0xEAE4, 0xEAE4, 0xEAE4, 0xFE2D, 0xFE4D, 0xFE4D, 0xFE4D, 0xFE6E, 0xFE6E, 0xFE6E, 0xFE6E, 0xFE8E, 0xFE8E, 0xFE8E, 0xFE8E, 0xFEAF,
    0xFEAF, 0xFEAF, 0xFEAF, 0xFEAF, 0xFEAF, 0xFECF, 0xFECF, 0xFEAE, 0xFE8D, 0xFE8D, 0xFEAD, 0xFEAD, 0xFEAD, 0xFE8D, 0xFE8D, 0xFE8D,
    0xFE8D, 0xFE8D, 0xFE8D, 0xFE8D, 0xFE8C, 0xFE8D, 0xFE4B, 0xFF57, 0xFFFF, 0xFFFF, 0xFF7C, 0xE262, 0xF572, 0xFFFF, 0xFFFF, 0xFFFF,
    0xFFFF, 0xFFFF, 0xFE98, 0xE221, 0xF5F4, 0xFF7C, 0xFF3B, 0xFF7D, 0xFFFF, 0xFFFF, 0xECCF, 0xE2A3, 0xF572, 0xF551, 0xF572, 0xE2A3,
    0xECAE, 0xFFFF, 0xFFDF, 0xFFFF, 0xFEFA, 0xE2C3, 0xE2C4, 0xEC4C, 0xFFFF, 0xFFFF, 0xFFFF, 0xFFFF, 0xEBA9, 0xE2A3, 0xFED9, 0xFFBE,
    0xF636, 0xE200, 0xECCF, 0xFFFF, 0xFFFF, 0xFED9, 0xE221, 0xF657, 0xFFFF, 0xF615, 0xE1C0, 0xF5D4, 0xFFFF, 0xFFDF, 0xFFFF, 0xFEB5,
    0xFC87, 0xFCE9, 0xFCC8, 0xFCC8, 0xFCA8, 0xFCA8, 0xFCA8, 0xF4A8, 0xF488, 0xF488, 0xF468, 0xF468, 0xF468, 0xF468, 0xF468, 0xF427,
    0xF3A4, 0xF3A4, 0xF3A4, 0xF384, 0xF384, 0xF384, 0xF364, 0xF364, 0xEB64, 0xEB44, 0xEB44, 0xEB44, 0xEB24, 0xEB24, 0xEB24, 0xEB04,
    0xEB04, 0xEAE4, 0xEAE4, 0xEAE4, 0xFE2D, 0xFE2D, 0xFE4D, 0xFE4D, 0xFE6E, 0xFE6E, 0xFE6E, 0xFE6E, 0xFE8E, 0xFE8E, 0xFE8E, 0xFE8E,
    0xFE8F, 0xFEAF, 0xFEAF, 0xFEAF, 0xFEAF, 0xFEAF, 0xFEAF, 0xFEAF, 0xFECF, 0xFEAE, 0xFE8D, 0xFE8D, 0xFE8D, 0xFE8D, 0xFE8D, 0xFE8D,
    0xFE8D, 0xFE8D, 0xFE8D, 0xFE8C, 0xFE8C, 0xFE6C, 0xFE6C, 0xFE6C, 0xFE8E, 0xFFDE, 0xFFFF, 0xFF9D, 0xE262, 0xF592, 0xFFFF, 0xFFDF,
    0xFFFF, 0xFFFF, 0xFFFF, 0xFED9, 0xE283, 0xE283, 0xE2A3, 0xE282, 0xE346, 0xFF9D, 0xFFFF, 0xE2E5, 0xECAD, 0xFFFF, 0xFFFF, 0xFFFF,
    0xEC8D, 0xE2E4, 0xFFFF, 0xFFFF, 0xFFFF, 0xFFFF, 0xEBEA, 0xE1E0, 0xF697, 0xFFFF, 0xFFFF, 0xFFFF, 0xFFFF, 0xFF3B, 0xE367, 0xE262,
    0xE2C4, 0xE241, 0xEC0B, 0xFFBE, 0xFFFF, 0xFFFF, 0xFEFA, 0xE220, 0xF677, 0xFFFF, 0xFFFF, 0xEBC9, 0xE305, 0xFFFF, 0xFFFF, 0xFFDE,
    0xFD2B, 0xFCC8, 0xFCC8, 0xFCC8, 0xFCA8, 0xFCA8, 0xFCA8, 0xFCA8, 0xF488, 0xF488, 0xF488, 0xF468, 0xF468, 0xF468, 0xF468, 0xF427,
    0xF3A4, 0xF3A4, 0xF3A4, 0xF3A4, 0xF384, 0xF384, 0xF384, 0xF364, 0xF364, 0xEB64, 0xEB44, 0xEB44, 0xEB44, 0xEB24, 0xEB24, 0xEB24,
    0xEB04, 0xEB04, 0xEAE4, 0xEAE4, 0xEAE4, 0xFE2D, 0xFE2D, 0xFE4D, 0xFE4D, 0xFE6D, 0xFE6E, 0xFE6E, 0xFE6E, 0xFE6E, 0xFE8E, 0xFE8E,
    0xFE8E, 0xFE8E, 0xFE8F, 0xFEAF, 0xFEAF, 0xFEAF, 0xFEAF, 0xFEAF, 0xFEAF, 0xFEAF, 0xFEAF, 0xFE8D, 0xFE8C, 0xFE8D, 0xFE8D, 0xFE8D,
    0xFE8D, 0xFE8D, 0xFE8C, 0xFE8C, 0xFE6C, 0xFE6C, 0xFE6C, 0xFE6C, 0xFE6C, 0xFE4B, 0xFED1, 0xFFFE, 0xFFFF, 0xFEB9, 0xFF9D, 0xFFFF,
    0xFFFF, 0xFFFF, 0xFFFF, 0xFFFF, 0xFFFF, 0xFF1B, 0xFED9, 0xFED9, 0xFED9, 0xFF1A, 0xFFFF, 0xFFFF, 0xFED9, 0xFF7D, 0xFFFF, 0xFFDF,
    0xFFFF, 0xFF9D, 0xFED9, 0xFFFF, 0xFFFF, 0xFFFF, 0xFFFF, 0xFF5C, 0xFE98, 0xFFFF, 0xFFFF, 0xFFFF, 0xFFFF, 0xFFFF, 0xFFFF, 0xFFFF,
    0xFEB8, 0xF636, 0xFED9, 0xFFFF, 0xFFFF, 0xFFFF, 0xFFFF, 0xFFDF, 0xFE98, 0xFFBE, 0xFFFF, 0xFFFF, 0xFF7D, 0xFEB9, 0xFFFF, 0xFFDE,
    0xFDAF, 0xFCA7, 0xFCC9, 0xFCC8, 0xFCC8, 0xFCA8, 0xFCA8, 0xFCA8, 0xFCA8, 0xF488, 0xF488, 0xF488, 0xF468, 0xF468, 0xF468, 0xF427,
    0xF3C4, 0xF3C4, 0xF3A4, 0xF3A4, 0xF384, 0xF384, 0xF384, 0xF384, 0xF364, 0xF364, 0xEB64, 0xEB44, 0xEB44, 0xEB44, 0xEB24, 0xEB24,
    0xEB24, 0xEB04, 0xEB04, 0xEB04, 0xEAE4, 0xEAE4, 0xFE2D, 0xFE2D, 0xFE4D, 0xFE4D, 0xFE6D, 0xFE6E, 0xFE6E, 0xFE6E, 0xFE6E, 0xFE6E,
    0xFE8E, 0xFE8E, 0xFE8E, 0xFE8E, 0xFE8F, 0xFEAF, 0xFEAF, 0xFEAF, 0xFEAF, 0xFEAF, 0xFEAF, 0xFEAF, 0xFEAF, 0xFE8D, 0xFE8C, 0xFE8C,
    0xFE8C, 0xFE8C, 0xFE8C, 0xFE6C, 0xFE6C, 0xFE6C, 0xFE6C, 0xFE6C, 0xFE6C, 0xFE4C, 0xFE4C, 0xFE2A, 0xFE8F, 0xFF79, 0xFFFF, 0xFFFF,
    0xFFFF, 0xFFFF, 0xFFFF, 0xFFFF, 0xFFFF, 0xFFFF, 0xFFFF, 0xFFFF, 0xFFFF, 0xFFFF, 0xFFFF, 0xFFFF, 0xFFFF, 0xFFFF, 0xFFFF, 0xFFFF,
    0xFFFF, 0xFFFF, 0xFFFF, 0xFFFF, 0xFFFF, 0xFFFF, 0xFFFF, 0xFFFF, 0xFFFF, 0xFFFF, 0xFFFF, 0xFFFF, 0xFFFF, 0xFFFF, 0xFFFF, 0xFFFF,
    0xFFFF, 0xFFFF, 0xFFFF, 0xFFFF, 0xFFFF, 0xFFFF, 0xFFFF, 0xFFFF, 0xFFFF, 0xFFFF, 0xFFFF, 0xFFFF, 0xFFFF, 0xFFFF, 0xFFFF, 0xFF18,
    0xFD6C, 0xFCA7, 0xFCE9, 0xFCC8, 0xFCC8, 0xFCC8, 0xFCA8, 0xFCA8, 0xFCA8, 0xF4A8, 0xF488, 0xF488, 0xF488, 0xF468, 0xF468, 0xF447,
    0xF3C4, 0xF3C4, 0xF3A4, 0xF3A4, 0xF3A4, 0xF384, 0xF384, 0xF384, 0xF364, 0xF364, 0xF364, 0xEB44, 0xEB44, 0xEB44, 0xEB24, 0xEB24,
    0xEB24, 0xEB04, 0xEB04, 0xEB04, 0xEAE4, 0xEAE4, 0xEAE4, 0xFE2D, 0xFE2D, 0xFE4D, 0xFE4D, 0xFE4D, 0xFE6D, 0xFE6E, 0xFE6E, 0xFE6E,
    0xFE6E, 0xFE6E, 0xFE8E, 0xFE8E, 0xFE8E, 0xFE8E, 0xFE8E, 0xFEAF, 0xFEAF, 0xFEAF, 0xFEAF, 0xFEAF, 0xFEAF, 0xFEAF, 0xFEAF, 0xFE8D,
    0xFE6C, 0xFE6C, 0xFE6C, 0xFE6C, 0xFE6C, 0xFE6C, 0xFE6C, 0xFE6C, 0xFE6C, 0xFE6C, 0xFE4C, 0xFE4C, 0xFE4C, 0xFE2B, 0xFE2A, 0xFE4D,
    0xFEB0, 0xFEB1, 0xFEB1, 0xFEB1, 0xFEB1, 0xFEB1, 0xFE91, 0xFE90, 0xFE90, 0xFE90, 0xFE70, 0xFE70, 0xFE6F, 0xFE2D, 0xFE2D, 0xFE2D,
    0xFE2D, 0xFE0D, 0xFE0D, 0xFE0D, 0xFDEC, 0xFE0D, 0xFDEC, 0xFE0E, 0xFE2F, 0xFE2E, 0xFE0E, 0xFE0E, 0xFE0E, 0xFE0E, 0xFE0E, 0xFE0E,
    0xFE0E, 0xFDEE, 0xFDAB, 0xFD8A, 0xFD8A, 0xFD8A, 0xFD8A, 0xFD8A, 0xFD6A, 0xFD6A, 0xFD4A, 0xFD4A, 0xFD4A, 0xFD4A, 0xFD4B, 0xFD4A,
    0xFCC7, 0xFCC8, 0xFCE9, 0xFCC8, 0xFCC8, 0xFCC8, 0xFCC8, 0xFCA8, 0xFCA8, 0xFCA8, 0xF4A8, 0xF488, 0xF488, 0xF488, 0xF488, 0xF447,
    0xF3C4, 0xF3C4, 0xF3C4, 0xF3A4, 0xF3A4, 0xF3A4, 0xF384, 0xF384, 0xF384, 0xF364, 0xF364, 0xF364, 0xEB44, 0xEB44, 0xEB44, 0xEB24,
    0xEB24, 0xEB24, 0xEB04, 0xEB04, 0xEB04, 0xEAE4, 0xEAE4, 0xEAE4, 0xFE2D, 0xFE2D, 0xFE2D, 0xFE4D, 0xFE4D, 0xFE4D, 0xFE6D, 0xFE6E,
    0xFE6E, 0xFE6E, 0xFE6E, 0xFE6E, 0xFE8E, 0xFE8E, 0xFE8E, 0xFE8E, 0xFE8E, 0xFE8F, 0xFEAF, 0xFEAF, 0xFEAF, 0xFEAF, 0xFEAF, 0xFEAF,
    0xFEAF, 0xFE8D, 0xFE6C, 0xFE6C, 0xFE6C, 0xFE6C, 0xFE6C, 0xFE6C, 0xFE6C, 0xFE4C, 0xFE4C, 0xFE4C, 0xFE4B, 0xFE4B, 0xFE4B, 0xFE2B,
    0xFE2A, 0xFE2B, 0xFE4D, 0xFE4D, 0xFE4C, 0xFE2C, 0xFE2C, 0xFE2C, 0xFE2C, 0xFE0C, 0xFE0C, 0xFE0B, 0xFE0C, 0xFDEB, 0xFDA8, 0xFDA8,
    0xFD88, 0xFD87, 0xFD87, 0xFD67, 0xFD67, 0xFD67, 0xFD67, 0xFD46, 0xFD88, 0xFDAA, 0xFD89, 0xFD89, 0xFD89, 0xFD89, 0xFD89, 0xFD69,
    0xFD68, 0xFD68, 0xFD48, 0xFCE5, 0xFCC4, 0xFCC4, 0xFCC4, 0xFCC4, 0xFCA4, 0xFCA4, 0xFCA4, 0xFC84, 0xFC84, 0xFC84, 0xFC63, 0xFCC6,
    0xFCE8, 0xFCE9, 0xFCE9, 0xFCE8, 0xFCC8, 0xFCC8, 0xFCC8, 0xFCC8, 0xFCA8, 0xFCA8, 0xFCA8, 0xF4A8, 0xF488, 0xF488, 0xF488, 0xF447,
    0xF3E4, 0xF3C4, 0xF3C4, 0xF3C4, 0xF3A4, 0xF3A4, 0xF3A4, 0xF384, 0xF384, 0xF384, 0xF364, 0xF364, 0xF364, 0xEB44, 0xEB44, 0xEB44,
    0xEB24, 0xEB24, 0xEB24, 0xEB04, 0xEB04, 0xEB04, 0xEAE4, 0xEAE4, 0xEAE4, 0xFE2D, 0xFE2D, 0xFE4D, 0xFE4D, 0xFE4D, 0xFE4D, 0xFE4D,
    0xFE6D, 0xFE6E, 0xFE6E, 0xFE6E, 0xFE6E, 0xFE6E, 0xFE8E, 0xFE8E, 0xFE8E, 0xFE8E, 0xFE8E, 0xFE8E, 0xFE8E, 0xFE8F, 0xFEAF, 0xFEAF,
    0xFEAF, 0xFEAF, 0xFEAF, 0xFE6D, 0xFE6C, 0xFE6C, 0xFE6C, 0xFE6C, 0xFE4C, 0xFE4C, 0xFE4C, 0xFE4C, 0xFE4B, 0xFE4B, 0xFE4B, 0xFE2B,
    0xFE2B, 0xFE2B, 0xFE2B, 0xFE4D, 0xFE6E, 0xFE4D, 0xFE4D, 0xFE4D, 0xFE4D, 0xFE2D, 0xFE2D, 0xFE2D, 0xFE2C, 0xFE0C, 0xFE0C, 0xFDCA,
    0xFDA9, 0xFDA9, 0xFDA9, 0xFDA8, 0xFD88, 0xFD88, 0xFD88, 0xFD88, 0xFD67, 0xFD89, 0xFDCB, 0xFDAA, 0xFDAA, 0xFDAA, 0xFDAA, 0xFD8A,
    0xFD8A, 0xFD8A, 0xFD8A, 0xFD68, 0xFD06, 0xFD06, 0xFD05, 0xFCE5, 0xFCE5, 0xFCE5, 0xFCC5, 0xFCC5, 0xFCC5, 0xFCA5, 0xFCA5, 0xFCC7,
    0xFD09, 0xFD08, 0xFCE8, 0xFCE8, 0xFCE8, 0xFCC8, 0xFCC8, 0xFCC8, 0xFCC8, 0xFCA8, 0xFCA8, 0xFCA8, 0xF4A8, 0xF488, 0xF488, 0xF447,
    0xF3E4, 0xF3E4, 0xF3C4, 0xF3C4, 0xF3C4, 0xF3A4, 0xF3A4, 0xF3A4, 0xF384, 0xF384, 0xF384, 0xF364, 0xF364, 0xEB64, 0xEB44, 0xEB44,
    0xEB44, 0xEB24, 0xEB24, 0xEB24, 0xEB04, 0xEB04, 0xEB04, 0xEAE4, 0xEAE4, 0xEAC3, 0xFE0C, 0xFE2D, 0xFE4D, 0xFE4D, 0xFE4D, 0xFE4D,
    0xFE4D, 0xFE4D, 0xFE6D, 0xFE6E, 0xFE6E, 0xFE6E, 0xFE6E, 0xFE6E, 0xFE6E, 0xFE8E, 0xFE8E, 0xFE8E, 0xFE8E, 0xFE8E, 0xFE8E, 0xFE8E,
    0xFE8E, 0xFE8E, 0xFE8E, 0xFE8E, 0xFE8E, 0xFE6C, 0xFE4B, 0xFE4C, 0xFE4C, 0xFE4C, 0xFE4B, 0xFE4B, 0xFE4B, 0xFE2B, 0xFE2B, 0xFE2B,
    0xFE2B, 0xFE2B, 0xFE2B, 0xFE0A, 0xFE0B, 0xFE4D, 0xFE4D, 0xFE4D, 0xFE4D, 0xFE2D, 0xFE2D, 0xFE2C, 0xFE2C, 0xFE0C, 0xFE0C, 0xFE0C,
    0xFDEA, 0xFDA8, 0xFDA8, 0xFDA8, 0xFD88, 0xFD88, 0xFD88, 0xFD88, 0xFD68, 0xFD67, 0xFD89, 0xFDAB, 0xFDAA, 0xFDAA, 0xFDAA, 0xFD8A,
    0xFD8A, 0xFD89, 0xFD89, 0xFD89, 0xFD27, 0xFCE5, 0xFCE5, 0xFCE5, 0xFCE5, 0xFCE5, 0xFCC5, 0xFCC5, 0xFCC5, 0xFCA5, 0xFCA5, 0xFCA5,
    0xFD08, 0xFD08, 0xFCE8, 0xFCE8, 0xFCE8, 0xFCC8, 0xFCC8, 0xFCC8, 0xFCC8, 0xFCA8, 0xFCA8, 0xFCA8, 0xF4A8, 0xF488, 0xF488, 0xF467,
    0xF3E4, 0xF3E4, 0xF3E4, 0xF3C4, 0xF3C4, 0xF3C4, 0xF3A4, 0xF3A4, 0xF3A4, 0xF384, 0xF384, 0xF384, 0xF364, 0xF364, 0xEB64, 0xEB44,
    0xEB44, 0xEB44, 0xEB24, 0xEB24, 0xEB24, 0xEB04, 0xEB04, 0xEB04, 0xEAE4, 0xEAE3, 0xEB04, 0xFDC9, 0xFE0B, 0xFE2C, 0xFE4D, 0xFE4D,
    0xFE4D, 0xFE4D, 0xFE4D, 0xFE4D, 0xFE6D, 0xFE6E, 0xFE6E, 0xFE6E, 0xFE6E, 0xFE6E, 0xFE6E, 0xFE6E, 0xFE8E, 0xFE8E, 0xFE8E, 0xFE8E,
    0xFE8E, 0xFE8E, 0xFE8E, 0xFE8E, 0xFE8E, 0xFE8E, 0xFE8E, 0xFE6C, 0xFE4B, 0xFE4B, 0xFE4B, 0xFE4B, 0xFE4B, 0xFE2B, 0xFE2B, 0xFE2B,
    0xFE2B, 0xFE2B, 0xFE2B, 0xFE0B, 0xFE0B, 0xFE0A, 0xFE2C, 0xFE4D, 0xFE4D, 0xFE2D, 0xFE2D, 0xFE2C, 0xFE2C, 0xFE0C, 0xFE0C, 0xFE0C,
    0xFE0C, 0xFDEB, 0xFDA8, 0xFDA8, 0xFD88, 0xFD88, 0xFD88, 0xFD88, 0xFD68, 0xFD68, 0xFD67, 0xFD89, 0xFDAA, 0xFDAA, 0xFDAA, 0xFDAA,
    0xFD8A, 0xFD8A, 0xFD89, 0xFD69, 0xFD69, 0xFD26, 0xFD05, 0xFCE5, 0xFCE5, 0xFCE5, 0xFCC5, 0xFCC5, 0xFCC5, 0xFCC5, 0xFCA5, 0xFCA5,
    0xFCC7, 0xFD09, 0xFD08, 0xFCE8, 0xFCE8, 0xFCE8, 0xFCC8, 0xFCC8, 0xFCC8, 0xFCC8, 0xFCA8, 0xFCA8, 0xFCA8, 0xF488, 0xF4A8, 0xF467,
    0xF3E4, 0xF3E4, 0xF3E4, 0xF3C4, 0xF3C4, 0xF3C4, 0xF3A4, 0xF3A4, 0xF3A4, 0xF384, 0xF384, 0xF384, 0xF384, 0xF364, 0xF364, 0xEB64,
    0xEB44, 0xEB44, 0xEB44, 0xEB24, 0xEB24, 0xEB24, 0xEB04, 0xEB04, 0xEAE3, 0xEB04, 0xEB66, 0xEB87, 0xFDC9, 0xFDE9, 0xFDEA, 0xFE0B,
    0xFE4D, 0xFE4D, 0xFE4D, 0xFE4D, 0xFE4D, 0xFE4D, 0xFE6D, 0xFE6D, 0xFE6E, 0xFE6E, 0xFE6E, 0xFE6E, 0xFE6E, 0xFE6E, 0xFE6E, 0xFE6E,
    0xFE8E, 0xFE8E, 0xFE8E, 0xFE8E, 0xFE8E, 0xFE8E, 0xFE8E, 0xFE8E, 0xFE8E, 0xFE4C, 0xFE4B, 0xFE4B, 0xFE2B, 0xFE2B, 0xFE2B, 0xFE2B,
    0xFE2B, 0xFE2B, 0xFE2B, 0xFE0B, 0xFE0A, 0xFE0A, 0xFE0A, 0xFE0A, 0xFE2C, 0xFE4D, 0xFE2D, 0xFE2C, 0xFE2C, 0xFE2C, 0xFE0C, 0xFE0C,
    0xFE0C, 0xFE0C, 0xFE0C, 0xFDA9, 0xFDA8, 0xFD88, 0xFD88, 0xFD88, 0xFD88, 0xFD68, 0xFD67, 0xFD67, 0xFD89, 0xFDAA, 0xFDAA, 0xFDAA,
    0xFD8A, 0xFD8A, 0xFD8A, 0xFD89, 0xFD69, 0xFD69, 0xFD06, 0xFD05, 0xFCE5, 0xFCE5, 0xFCE5, 0xFCC5, 0xFCC5, 0xFCC5, 0xFCA5, 0xFCA5,
    0xFCA5, 0xFD08, 0xFD08, 0xFD08, 0xFCE8, 0xFCE8, 0xFCE8, 0xFCC8, 0xFCC8, 0xFCC8, 0xFCC8, 0xFCA8, 0xFCA8, 0xFCA8, 0xF4A8, 0xF467,
    0xF404, 0xF3E4, 0xF3E4, 0xF3E4, 0xF3C4, 0xF3C4, 0xF3C4, 0xF3A4, 0xF3A4, 0xF3A4, 0xF384, 0xF384, 0xF384, 0xF364, 0xF364, 0xF364,
    0xEB44, 0xEB44, 0xEB44, 0xEB24, 0xEB24, 0xEB24, 0xEB24, 0xEB03, 0xEB04, 0xEB46, 0xEB87, 0xEBA8, 0xEB87, 0xFDC9, 0xFDEA, 0xFDEA,
    0xFDE9, 0xFE0A, 0xFE2C, 0xFE4D, 0xFE4D, 0xFE4D, 0xFE4D, 0xFE4D, 0xFE6D, 0xFE6D, 0xFE6E, 0xFE6E, 0xFE6E, 0xFE6E, 0xFE6E, 0xFE6E,
    0xFE6E, 0xFE6E, 0xFE6E, 0xFE6E, 0xFE6E, 0xFE6E, 0xFE6E, 0xFE6E, 0xFE6E, 0xFE6E, 0xFE6E, 0xFE4C, 0xFE2B, 0xFE2B, 0xFE2B, 0xFE2B,
    0xFE2B, 0xFE2B, 0xFE2B, 0xFE0B, 0xFE0A, 0xFE0A, 0xFE0A, 0xFE0A, 0xFDEA, 0xFE0B, 0xFE2D, 0xFE2C, 0xFE2C, 0xFE2C, 0xFE0C, 0xFE0C,
    0xFE0C, 0xFE0C, 0xFE0C, 0xFE0C, 0xFDA9, 0xFD88, 0xFD88, 0xFD88, 0xFD88, 0xFD68, 0xFD67, 0xFD67, 0xFD47, 0xFD89, 0xFDAA, 0xFDAA,
    0xFDAA, 0xFD8A, 0xFD8A, 0xFD89, 0xFD69, 0xFD69, 0xFD48, 0xFCE5, 0xFCE5, 0xFCE5, 0xFCE5, 0xFCE5, 0xFCC5, 0xFCC5, 0xFCC5, 0xFCA5,
    0xFCA5, 0xFCE7, 0xFD09, 0xFD08, 0xFD08, 0xFCE8, 0xFCE8, 0xFCE8, 0xFCC8, 0xFCC8, 0xFCC8, 0xFCA8, 0xFCA8, 0xFCA8, 0xFCA8, 0xF467,
    0xF404, 0xF404, 0xF3E4, 0xF3E4, 0xF3E4, 0xF3C4, 0xF3C4, 0xF3C4, 0xF3A4, 0xF3A4, 0xF3A4, 0xF384, 0xF384, 0xF384, 0xF364, 0xF364,
    0xEB64, 0xEB44, 0xEB44, 0xEB44, 0xEB24, 0xEB24, 0xEB24, 0xEB04, 0xEB45, 0xEB87, 0xEBA8, 0xEB87, 0xEB87, 0xEB87, 0xFDC9, 0xFDC9,
    0xFDE9, 0xFDEA, 0xFDEA, 0xFDEA, 0xFE0B, 0xFE2C, 0xFE4D, 0xFE4D, 0xFE4D, 0xFE4D, 0xFE4D, 0xFE6D, 0xFE6D, 0xFE6E, 0xFE6E, 0xFE6E,
    0xFE6E, 0xFE6E, 0xFE6E, 0xFE6E, 0xFE6E, 0xFE6E, 0xFE6E, 0xFE6E, 0xFE6E, 0xFE6E, 0xFE6E, 0xFE6E, 0xFE6E, 0xFE4C, 0xFE2B, 0xFE2B,
    0xFE2B, 0xFE2B, 0xFE0B, 0xFE0A, 0xFE0A, 0xFE0A, 0xFE0A, 0xFE0A, 0xFDEA, 0xFDEA, 0xFDEA, 0xFE0C, 0xFE2D, 0xFE2C, 0xFE0C, 0xFE0C,
    0xFE0C, 0xFE0C, 0xFE0C, 0xFE0C, 0xFDEC, 0xFDCA, 0xFD88, 0xFD88, 0xFD88, 0xFD88, 0xFD68, 0xFD67, 0xFD67, 0xFD47, 0xFD89, 0xFDAA,
    0xFDAA, 0xFD8A, 0xFD8A, 0xFD8A, 0xFD89, 0xFD69, 0xFD69, 0xFD27, 0xFCE5, 0xFCE5, 0xFCE5, 0xFCE5, 0xFCC5, 0xFCC5, 0xFCC5, 0xFCC5,
    0xFCA5, 0xFCC6, 0xFD09, 0xFD08, 0xFD08, 0xFCE8, 0xFCE8, 0xFCE8, 0xFCC8, 0xFCC8, 0xFCC8, 0xFCC8, 0xFCA8, 0xFCA8, 0xFCA8, 0xF467,
    0xF404, 0xF404, 0xF404, 0xF3E4, 0xF3E4, 0xF3C4, 0xF3C4, 0xF3C4, 0xF3C4, 0xF3A4, 0xF3A4, 0xF3A4, 0xF384, 0xF384, 0xF384, 0xF364,
    0xF364, 0xEB64, 0xEB44, 0xEB44, 0xEB44, 0xEB24, 0xEB23, 0xEB45, 0xEB86, 0xEBC8, 0xEBA8, 0xEBA7, 0xEB87, 0xEB87, 0xEB87, 0xFDC9,
    0xFDC9, 0xFDC9, 0xFDE9, 0xFDEA, 0xFDEA, 0xFDEA, 0xFDEA, 0xFE0B, 0xFE4D, 0xFE4D, 0xFE4D, 0xFE4D, 0xFE4D, 0xFE4D, 0xFE6D, 0xFE6D,
    0xFE6E, 0xFE6E, 0xFE6E, 0xFE6E, 0xFE6E, 0xFE6E, 0xFE6E, 0xFE6E, 0xFE6E, 0xFE6E, 0xFE6E, 0xFE6E, 0xFE6E, 0xFE6E, 0xFE6E, 0xFE2C,
    0xFE0A, 0xFE0B, 0xFE0A, 0xFE0A, 0xFE0A, 0xFE0A, 0xFE0A, 0xFE0A, 0xFDEA, 0xFDEA, 0xFDEA, 0xFDE9, 0xFDEA, 0xFE2C, 0xFE0C, 0xFE0C,
    0xFE0C, 0xFE0C, 0xFE0C, 0xFE0C, 0xFDEC, 0xFDEC, 0xFDCB, 0xFD88, 0xFD88, 0xFD88, 0xFD68, 0xFD67, 0xFD67, 0xFD67, 0xFD47, 0xFD88,
    0xFDAA, 0xFDAA, 0xFD8A, 0xFD8A, 0xFD89, 0xFD89, 0xFD69, 0xFD69, 0xFD06, 0xFCE5, 0xFCE5, 0xFCE5, 0xFCE5, 0xFCC5, 0xFCC5, 0xFCC5,
    0xFCA5, 0xFCA5, 0xFD08, 0xFD08, 0xFD08, 0xFD08, 0xFCE8, 0xFCE8, 0xFCE8, 0xFCC8, 0xFCC8, 0xFCC8, 0xFCC8, 0xFCA8, 0xFCA8, 0xFC67,
    0xF404, 0xF404, 0xF404, 0xF3E4, 0xF3E4, 0xF3E4, 0xF3C4, 0xF3C4, 0xF3C4, 0xF3C4, 0xF3A4, 0xF3A4, 0xF384, 0xF384, 0xF384, 0xF384,
    0xF364, 0xF364, 0xEB64, 0xEB44, 0xEB44, 0xEB23, 0xEB44, 0xEB86, 0xEBC8, 0xEBC8, 0xEBA7, 0xEBA7, 0xEBA7, 0xEB87, 0xEB87, 0xEB87,
    0xFDC9, 0xFDC9, 0xFDC9, 0xFDC9, 0xFDEA, 0xFDEA, 0xFDEA, 0xFDEA, 0xFDEA, 0xFE0A, 0xFE2C, 0xFE4D, 0xFE4D, 0xFE4D, 0xFE4D, 0xFE4D,
    0xFE4D, 0xFE4D, 0xFE6D, 0xFE6D, 0xFE6D, 0xFE6D, 0xFE6D, 0xFE6E, 0xFE6E, 0xFE6E, 0xFE6D, 0xFE6D, 0xFE6D, 0xFE6D, 0xFE4D, 0xFE6D,
    0xFE4D, 0xFE2B, 0xFE0A, 0xFE0A, 0xFE0A, 0xFE0A, 0xFE0A, 0xFE0A, 0xFDEA, 0xFDEA, 0xFDEA, 0xFDEA, 0xFDEA, 0xFDC9, 0xFE0B, 0xFE0C,
    0xFE0C, 0xFE0C, 0xFE0C, 0xFE0C, 0xFDEC, 0xFDEB, 0xFDEB, 0xFDEB, 0xFD88, 0xFD88, 0xFD88, 0xFD68, 0xFD67, 0xFD67, 0xFD67, 0xFD47,
    0xFD68, 0xFDAA, 0xFD8A, 0xFD8A, 0xFD8A, 0xFD89, 0xFD69, 0xFD69, 0xFD68, 0xFD05, 0xFCE5, 0xFCE5, 0xFCE5, 0xFCE5, 0xFCC5, 0xFCC5,
    0xFCC5, 0xFCA5, 0xFCC6, 0xFD09, 0xFD08, 0xFD08, 0xFD08, 0xFCE8, 0xFCE8, 0xFCE8, 0xFCC8, 0xFCC8, 0xFCC8, 0xFCA8, 0xFCA8, 0xFC87,
    0xF404, 0xF404, 0xF404, 0xF404, 0xF3E4, 0xF3E4, 0xF3E4, 0xF3C4, 0xF3C4, 0xF3C4, 0xF3A4, 0xF3A4, 0xF3A4, 0xF384, 0xF384, 0xF384,
    0xF364, 0xF364, 0xF364, 0xEB64, 0xEB44, 0xEB44, 0xEB85, 0xF3C7, 0xEBC8, 0xEBC7, 0xEBA7, 0xEBA7, 0xEBA7, 0xEB87, 0xEB87, 0xEB87,
    0xEB87, 0xFDA9, 0xFDC9, 0xFDC9, 0xFDC9, 0xFDC9, 0xFDC9, 0xFDEA, 0xFDEA, 0xFDEA, 0xFDEA, 0xFDEA, 0xFE0A, 0xFE2C, 0xFE4D, 0xFE4D,
    0xFE4D, 0xFE4D, 0xFE4D, 0xFE4D, 0xFE4D, 0xFE4D, 0xFE4D, 0xFE4D, 0xFE6D, 0xFE6D, 0xFE6D, 0xFE4D, 0xFE4D, 0xFE4D, 0xFE4D, 0xFE4D,
    0xFE4D, 0xFE4D, 0xFE4D, 0xFE0B, 0xFE0A, 0xFE0A, 0xFDEA, 0xFDEA, 0xFDEA, 0xFDEA, 0xFDEA, 0xFDEA, 0xFDE9, 0xFDC9, 0xFDC9, 0xFDC9,
    0xFE0C, 0xFE0C, 0xFE0C, 0xFE0C, 0xFDEC, 0xFDEC, 0xFDEB, 0xFDEB, 0xFDEB, 0xFDA9, 0xFD67, 0xFD68, 0xFD67, 0xFD67, 0xFD67, 0xFD47,
    0xFD47, 0xFD68, 0xFDAA, 0xFD8A, 0xFD8A, 0xFD89, 0xFD89, 0xFD69, 0xFD69, 0xFD48, 0xFCE5, 0xFCE5, 0xFCE5, 0xFCE5, 0xFCC5, 0xFCC5,
    0xFCC5, 0xFCA5, 0xFCA5, 0xFD08, 0xFD08, 0xFD08, 0xFD08, 0xFCE8, 0xFCE8, 0xFCE8, 0xFCC8, 0xFCC8, 0xFCC8, 0xFCC8, 0xFCC8, 0xFC87,
    0xF424, 0xF404, 0xF404, 0xF404, 0xF404, 0xF3E4, 0xF3E4, 0xF3E4, 0xF3C4, 0xF3C4, 0xF3C4, 0xF3A4, 0xF3A4, 0xF3A4, 0xF384, 0xF384,
    0xF384, 0xF364, 0xF364, 0xEB64, 0xEB44, 0xF385, 0xF3C7, 0xF3E8, 0xEBC8, 0xEBC7, 0xEBC7, 0xEBA7, 0xEBA7, 0xEBA7, 0xEB87, 0xEB87,
    0xEB87, 0xEB87, 0xFDA9, 0xFDA9, 0xFDC9, 0xFDC9, 0xFDC9, 0xFDC9, 0xFDC9, 0xFDE9, 0xFDEA, 0xFDEA, 0xFDEA, 0xFDEA, 0xFDEA, 0xFE0B,
    0xFE2C, 0xFE4D, 0xFE4D, 0xFE4D, 0xFE4D, 0xFE4D, 0xFE4D, 0xFE4D, 0xFE4D, 0xFE4D, 0xFE4D, 0xFE4D, 0xFE4D, 0xFE4D, 0xFE4D, 0xFE4D,
    0xFE4D, 0xFE4D, 0xFE4D, 0xFE4D, 0xFE4D, 0xFE0B, 0xFDEA, 0xFDEA, 0xFDEA, 0xFDEA, 0xFDEA, 0xFDEA, 0xFDC9, 0xFDC9, 0xFDC9, 0xFDC9,
    0xFDC9, 0xFDEA, 0xFE0C, 0xFE0C, 0xFDEC, 0xFDEC, 0xFDEB, 0xFDEB, 0xFDCB, 0xFDEB, 0xFDCA, 0xFD67, 0xFD68, 0xFD67, 0xFD67, 0xFD47,
    0xFD47, 0xFD46, 0xFD68, 0xFDAA, 0xFD8A, 0xFD89, 0xFD89, 0xFD69, 0xFD69, 0xFD69, 0xFD27, 0xFCE5, 0xFCE5, 0xFCE5, 0xFCE5, 0xFCC5,
    0xFCC5, 0xFCC5, 0xFCA5, 0xFCE7, 0xFD09, 0xFD08, 0xFD08, 0xFD08, 0xFCE8, 0xFCE8, 0xFCE8, 0xFCC8, 0xFCC8, 0xFCC8, 0xFCC9, 0xFC87,
    0xF424, 0xF424, 0xF404, 0xF404, 0xF404, 0xF3E4, 0xF3E4, 0xF3E4, 0xF3C4, 0xF3C4, 0xF3C4, 0xF3A4, 0xF3A4, 0xF3A4, 0xF3A4, 0xF384,
    0xF384, 0xF384, 0xF364, 0xF364, 0xF365, 0xF3C6, 0xF3E8, 0xF3E8, 0xF3C7, 0xEBC7, 0xEBC7, 0xEBC7, 0xEBA7, 0xEBA7, 0xEBA7, 0xEB87,
    0xEB87, 0xEB87, 0xEB87, 0xFDA9, 0xFDA9, 0xFDA9, 0xFDC9, 0xFDC9, 0xFDC9, 0xFDC9, 0xFDC9, 0xFDE9, 0xFDEA, 0xFDEA, 0xFDEA, 0xFDEA,
    0xFDEA, 0xFDEA, 0xFE0B, 0xFE2D, 0xFE4D, 0xFE4D, 0xFE4D, 0xFE4D, 0xFE4D, 0xFE4D, 0xFE4D, 0xFE4D, 0xFE4D, 0xFE4D, 0xFE4D, 0xFE4D,
    0xFE4D, 0xFE4D, 0xFE4D, 0xFE4D, 0xFE4D, 0xFE4D, 0xFE4D, 0xFE0B, 0xFDE9, 0xFDEA, 0xFDEA, 0xFDE9, 0xFDC9, 0xFDC9, 0xFDC9, 0xFDC9,
    0xFDC9, 0xFDC9, 0xFDA9, 0xFDEB, 0xFE0C, 0xFDEB, 0xFDEB, 0xFDEB, 0xFDEB, 0xFDCB, 0xFDCB, 0xFDCA, 0xFD68, 0xFD67, 0xFD67, 0xFD47,
    0xFD47, 0xFD47, 0xFD46, 0xFD68, 0xFD8A, 0xFD89, 0xFD89, 0xFD89, 0xFD69, 0xFD69, 0xFD69, 0xFD06, 0xFCE5, 0xFCE5, 0xFCE5, 0xFCC5,
    0xFCC5, 0xFCC5, 0xFCA5, 0xFCC5, 0xFD28, 0xFD08, 0xFD08, 0xFD08, 0xFCE8, 0xFCE8, 0xFCE8, 0xFCC8, 0xFCC8, 0xFCC8, 0xFCC8, 0xFC87,
    0xF424, 0xF424, 0xF424, 0xF404, 0xF404, 0xF404, 0xF3E4, 0xF3E4, 0xF3E4, 0xF3C4, 0xF3C4, 0xF3C4, 0xF3A4, 0xF3A4, 0xF3A4, 0xF384,
    0xF384, 0xF384, 0xF364, 0xF364, 0xF3C6, 0xF408, 0xF408, 0xF3E7, 0xF3E7, 0xF3C7, 0xEBC7, 0xEBC7, 0xEBC7, 0xEBA7, 0xEBA7, 0xEBA7,
    0xEB87, 0xEB87, 0xEB87, 0xEB87, 0xFDA8, 0xFDA9, 0xFDA9, 0xFDA9, 0xFDC9, 0xFDC9, 0xFDC9, 0xFDC9, 0xFDC9, 0xFDC9, 0xFDE9, 0xFDEA,
    0xFDEA, 0xFDEA, 0xFDEA, 0xFDEA, 0xFDEA, 0xFE2C, 0xFE4D, 0xFE4D, 0xFE4D, 0xFE4D, 0xFE4D, 0xFE4D, 0xFE4D, 0xFE4D, 0xFE4D, 0xFE4D,
    0xFE4D, 0xFE4D, 0xFE4D, 0xFE4D, 0xFE2D, 0xFE2D, 0xFE2D, 0xFE2D, 0xFE2D, 0xFDEA, 0xFDC9, 0xFDC9, 0xFDC9, 0xFDC9, 0xFDC9, 0xFDC9,
    0xFDC9, 0xFDA9, 0xFDA9, 0xFDA8, 0xFDC9, 0xFDEC, 0xFDEB, 0xFDEB, 0xFDEB, 0xFDCB, 0xFDCB, 0xFDCB, 0xFDCB, 0xFD88, 0xFD67, 0xFD67,
    0xFD47, 0xFD47, 0xFD47, 0xFD26, 0xFD68, 0xFD8A, 0xFD89, 0xFD89, 0xFD69, 0xFD69, 0xFD69, 0xFD48, 0xFCE5, 0xFCE5, 0xFCE5, 0xFCE5,
    0xFCC5, 0xFCC5, 0xFCC5, 0xFCA5, 0xFD07, 0xFD09, 0xFD08, 0xFD08, 0xFD08, 0xFCE8, 0xFCE8, 0xFCE8, 0xFCC8, 0xFCC8, 0xFCC8, 0xFCA7,
    0xFC24, 0xF424, 0xF424, 0xF404, 0xF404, 0xF404, 0xF404, 0xF3E4, 0xF3E4, 0xF3E4, 0xF3C4, 0xF3C4, 0xF3C4, 0xF3A4, 0xF3A4, 0xF3A4,
    0xF384, 0xF384, 0xF384, 0xF3A5, 0xF407, 0xF408, 0xF3E8, 0xF3E8, 0xF3E7, 0xF3C7, 0xEBC7, 0xEBC7, 0xEBC7, 0xEBA7, 0xEBA7, 0xEBA7,
    0xEB87, 0xEB87, 0xEB87, 0xEB87, 0xEB67, 0xFDA8, 0xFDA8, 0xFDA9, 0xFDA9, 0xFDA9, 0xFDC9, 0xFDC9, 0xFDC9, 0xFDC9, 0xFDC9, 0xFDC9,
    0xFDC9, 0xFDE9, 0xFDEA, 0xFDEA, 0xFDEA, 0xFDEA, 0xFDEA, 0xFDEA, 0xFE2C, 0xFE4D, 0xFE4D, 0xFE4D, 0xFE4D, 0xFE4D, 0xFE4D, 0xFE4D,
    0xFE2D, 0xFE2D, 0xFE2D, 0xFE2D, 0xFE2D, 0xFE2D, 0xFE2D, 0xFE2C, 0xFE2C, 0xFE2C, 0xFE2C, 0xFDEA, 0xFDC9, 0xFDC9, 0xFDC9, 0xFDC9,
    0xFDC9, 0xFDA9, 0xFDA9, 0xFDA9, 0xFDA9, 0xFD88, 0xFDCA, 0xFDEB, 0xFDEB, 0xFDCB, 0xFDCB, 0xFDCB, 0xFDCB, 0xFDCB, 0xFD89, 0xFD47,
    0xFD47, 0xFD47, 0xFD47, 0xFD47, 0xFD26, 0xFD68, 0xFD8A, 0xFD89, 0xFD69, 0xFD69, 0xFD69, 0xFD69, 0xFD27, 0xFCE5, 0xFCE5, 0xFCE5,
    0xFCC5, 0xFCC5, 0xFCC5, 0xFCA5, 0xFCC6, 0xFD29, 0xFD08, 0xFD08, 0xFD08, 0xFCE8, 0xFCE8, 0xFCE8, 0xFCE8, 0xFCC8, 0xFCC9, 0xFCA7,
    0xFC24, 0xFC24, 0xF424, 0xF424, 0xF404, 0xF404, 0xF404, 0xF3E4, 0xF3E4, 0xF3E4, 0xF3C4, 0xF3C4, 0xF3C4, 0xF3C4, 0xF3A4, 0xF3A4,
    0xF384, 0xF384, 0xF3A5, 0xF407, 0xF408, 0xF408, 0xF407, 0xF3E8, 0xF3E8, 0xF3E7, 0xF3C7, 0xEBC7, 0xEBC7, 0xEBC7, 0xEBA7, 0xEBA7,
    0xEBA7, 0xEB87, 0xEB87, 0xEB87, 0xEB87, 0xEB67, 0xFD88, 0xFDA8, 0xFDA8, 0xFDA9, 0xFDA9, 0xFDA9, 0xFDC9, 0xFDC9, 0xFDC9, 0xFDC9,
    0xFDC9, 0xFDC9, 0xFDC9, 0xFDC9, 0xFDE9, 0xFDE9, 0xFDEA, 0xFDEA, 0xFDE9, 0xFDE9, 0xFE0B, 0xFE2C, 0xFE2D, 0xFE2D, 0xFE2D, 0xFE2D,
    0xFE2D, 0xFE2D, 0xFE2D, 0xFE2D, 0xFE2D, 0xFE2C, 0xFE2C, 0xFE2C, 0xFE2C, 0xFE2C, 0xFE2C, 0xFE0C, 0xFE2C, 0xFDEA, 0xFDA9, 0xFDC9,
    0xFDA9, 0xFDA9, 0xFDA9, 0xFDA9, 0xFDA8, 0xFDA8, 0xFD88, 0xFDA9, 0xFDEB, 0xFDCB, 0xFDCB, 0xFDCB, 0xFDCB, 0xFDCB, 0xFDCB, 0xFDAA,
    0xFD47, 0xFD47, 0xFD47, 0xFD47, 0xFD47, 0xFD26, 0xFD68, 0xFD8A, 0xFD89, 0xFD69, 0xFD69, 0xFD69, 0xFD69, 0xFD06, 0xFCE5, 0xFCE5,
    0xFCC5, 0xFCC5, 0xFCC5, 0xFCC5, 0xFCA5, 0xFD08, 0xFD08, 0xFD08, 0xFD08, 0xFD08, 0xFCE8, 0xFCE8, 0xFCE8, 0xFCC8, 0xFCC8, 0xFCA7,
    0xFC44, 0xFC24, 0xF424, 0xF424, 0xF424, 0xF404, 0xF404, 0xF404, 0xF3E4, 0xF3E4, 0xF3E4, 0xF3C4, 0xF3C4, 0xF3C4, 0xF3A4, 0xF3A4,
    0xF384, 0xF3A5, 0xF3E6, 0xF428, 0xF408, 0xF408, 0xF408, 0xF408, 0xF3E8, 0xF3E7, 0xF3E7, 0xF3C7, 0xEBC7, 0xEBC7, 0xEBC7, 0xEBA7,
    0xEBA7, 0xEBA7, 0xEB87, 0xEB87, 0xEB87, 0xEB87, 0xEB67, 0xFD88, 0xFD88, 0xFDA8, 0xFDA8, 0xFDA8, 0xFDA9, 0xFDA9, 0xFDA9, 0xFDC9,
    0xFDC9, 0xFDC9, 0xFDC9, 0xFDC9, 0xFDC9, 0xFDC9, 0xFDC9, 0xFDC9, 0xFDC9, 0xFDE9, 0xFDEA, 0xFDC9, 0xFDEA, 0xFE0B, 0xFE2C, 0xFE2D,
    0xFE2C, 0xFE2C, 0xFE2C, 0xFE2C, 0xFE2C, 0xFE2C, 0xFE2C, 0xFE2C, 0xFE2C, 0xFE2C, 0xFE0C, 0xFE0C, 0xFE0C, 0xFE0C, 0xFE0C, 0xFDCA,
    0xFDA9, 0xFDA9, 0xFDA9, 0xFDA9, 0xFDA8, 0xFDA8, 0xFD88, 0xFD88, 0xFD88, 0xFDAA, 0xFDEB, 0xFDCB, 0xFDCB, 0xFDCB, 0xFDCB, 0xFDAB,
    0xFDAA, 0xFD47, 0xFD47, 0xFD47, 0xFD47, 0xFD26, 0xFD26, 0xFD48, 0xFD8A, 0xFD69, 0xFD69, 0xFD69, 0xFD69, 0xFD48, 0xFCE5, 0xFCE5,
    0xFCE5, 0xFCC5, 0xFCC5, 0xFCC5, 0xFCA5, 0xFCE7, 0xFD29, 0xFD08, 0xFD08, 0xFD08, 0xFCE8, 0xFCE8, 0xFCE8, 0xFCC8, 0xFCE8, 0xFCA7,
    0xFC44, 0xFC45, 0xFC25, 0xF424, 0xF424, 0xF404, 0xF404, 0xF404, 0xF3E4, 0xF3E4, 0xF3E4, 0xF3E4, 0xF3C4, 0xF3C4, 0xF3C4, 0xF3A4,
    0xF3A4, 0xF3E6, 0xF428, 0xF428, 0xF408, 0xF408, 0xF408, 0xF408, 0xF3E8, 0xF3E8, 0xF3E7, 0xF3E7, 0xF3C7, 0xEBC7, 0xEBC7, 0xEBC7,
    0xEBA7, 0xEBA7, 0xEBA7, 0xEB87, 0xEB87, 0xEB87, 0xEB87, 0xEB67, 0xFD88, 0xFD88, 0xFD88, 0xFDA8, 0xFDA8, 0xFDA8, 0xFDA9, 0xFDA9,
    0xFDA9, 0xFDA9, 0xFDC9, 0xFDC9, 0xFDC9, 0xFDC9, 0xFDC9, 0xFDC9, 0xFDC9, 0xFDC9, 0xFDC9, 0xFDC9, 0xFDC9, 0xFDC9, 0xFDC9, 0xFDEA,
    0xFE0B, 0xFE2C, 0xFE2C, 0xFE2C, 0xFE2C, 0xFE0C, 0xFE2C, 0xFE0C, 0xFE0C, 0xFE0C, 0xFE0C, 0xFE0C, 0xFE0C, 0xFE0C, 0xFE0C, 0xFE0C,
    0xFE0C, 0xFDC9, 0xFDA8, 0xFDA9, 0xFDA8, 0xFDA8, 0xFD88, 0xFD88, 0xFD88, 0xFD88, 0xFD88, 0xFDCA, 0xFDCB, 0xFDCB, 0xFDCB, 0xFDAA,
    0xFDAA, 0xFDAA, 0xFD68, 0xFD46, 0xFD47, 0xFD26, 0xFD26, 0xFD26, 0xFD48, 0xFD89, 0xFD69, 0xFD69, 0xFD69, 0xFD69, 0xFD48, 0xFCE5,
    0xFCE5, 0xFCC5, 0xFCC5, 0xFCC5, 0xFCA5, 0xFCC5, 0xFD28, 0xFD08, 0xFD08, 0xFD08, 0xFD08, 0xFCE8, 0xFCE8, 0xFCE8, 0xFCE9, 0xFCA7,
    0xFC44, 0xFC45, 0xFC25, 0xF424, 0xF424, 0xF424, 0xF404, 0xF404, 0xF404, 0xF3E4, 0xF3E4, 0xF3E4, 0xF3C4, 0xF3C4, 0xF3C4, 0xF3A4,
    0xF3E5, 0xF427, 0xF448, 0xF428, 0xF428, 0xF408, 0xF408, 0xF408, 0xF408, 0xF3E8, 0xF3E8, 0xF3E7, 0xF3C7, 0xEBC7, 0xEBC7, 0xEBC7,
    0xEBA7, 0xEBA7, 0xEBA7, 0xEB87, 0xEB87, 0xEB87, 0xEB87, 0xEB67, 0xEB67, 0xFD88, 0xFD88, 0xFD88, 0xFD88, 0xFD88, 0xFDA8, 0xFDA8,
    0xFDA8, 0xFDA9, 0xFDA9, 0xFDA9, 0xFDA9, 0xFDA9, 0xFDC9, 0xFDC9, 0xFDC9, 0xFDC9, 0xFDC9, 0xFDC9, 0xFDC9, 0xFDC9, 0xFDC9, 0xFDC9,
    0xFDC9, 0xFDC9, 0xFDEA, 0xFE0C, 0xFE2C, 0xFE0C, 0xFE0C, 0xFE0C, 0xFE0C, 0xFE0C, 0xFE0C, 0xFE0C, 0xFE0C, 0xFE0C, 0xFE0C, 0xFE0C,
    0xFE0C, 0xFE0C, 0xFE0C, 0xFDA9, 0xFD88, 0xFDA8, 0xFD88, 0xFD88, 0xFD88, 0xFD88, 0xFD88, 0xFD67, 0xFD89, 0xFDCB, 0xFDCA, 0xFDAA,
    0xFDAA, 0xFDAA, 0xFDAA, 0xFD68, 0xFD26, 0xFD27, 0xFD26, 0xFD26, 0xFD06, 0xFD48, 0xFD69, 0xFD69, 0xFD69, 0xFD69, 0xFD69, 0xFD07,
    0xFCE5, 0xFCE5, 0xFCC5, 0xFCC5, 0xFCC5, 0xFCA5, 0xFCE7, 0xFD29, 0xFD08, 0xFD08, 0xFD08, 0xFCE8, 0xFCE8, 0xFCE8, 0xFCE9, 0xFCA7,
    0xFC44, 0xFC44, 0xFC45, 0xF425, 0xF424, 0xF424, 0xF404, 0xF404, 0xF404, 0xF3E4, 0xF3E4, 0xF3E4, 0xF3E4, 0xF3C4, 0xF3C4, 0xF3E5,
    0xF427, 0xF448, 0xF448, 0xF428, 0xF428, 0xF428, 0xF408, 0xF408, 0xF408, 0xF408, 0xF3E8, 0xF3E7, 0xF3E7, 0xF3C7, 0xEBC7, 0xEBC7,
    0xEBC7, 0xEBA7, 0xEBA7, 0xEBA7, 0xEB87, 0xEB87, 0xEB87, 0xEB87, 0xEB67, 0xEB67, 0xFD68, 0xFD88, 0xFD88, 0xFD88, 0xFD88, 0xFD88,
    0xFD88, 0xFDA8, 0xFDA8, 0xFDA8, 0xFDA9, 0xFDA9, 0xFDA9, 0xFDA9, 0xFDA9, 0xFDA9, 0xFDA9, 0xFDC9, 0xFDC9, 0xFDC9, 0xFDC9, 0xFDC9,
    0xFDC9, 0xFDC9, 0xFDC9, 0xFDC9, 0xFDC9, 0xFDEA, 0xFE0C, 0xFE0C, 0xFE0C, 0xFE0C, 0xFE0C, 0xFE0C, 0xFE0C, 0xFE0C, 0xFE0C, 0xFE0C,
    0xFDEC, 0xFDEC, 0xFDEC, 0xFDEB, 0xFDEB, 0xFDA9, 0xFD88, 0xFD88, 0xFD88, 0xFD88, 0xFD88, 0xFD68, 0xFD67, 0xFD67, 0xFDAA, 0xFDCB,
    0xFDAA, 0xFDAA, 0xFDAA, 0xFDAA, 0xFD89, 0xFD26, 0xFD26, 0xFD26, 0xFD26, 0xFD06, 0xFD47, 0xFD69, 0xFD69, 0xFD69, 0xFD69, 0xFD69,
    0xFD06, 0xFCC5, 0xFCC5, 0xFCC5, 0xFCC5, 0xFCA5, 0xFCC6, 0xFD28, 0xFD08, 0xFD08, 0xFD08, 0xFD08, 0xFCE8, 0xFCE8, 0xFCE9, 0xFCA7,
    0xFC44, 0xFC44, 0xFC45, 0xFC25, 0xF424, 0xF424, 0xF424, 0xF404, 0xF404, 0xF404, 0xF3E4, 0xF3E4, 0xF3E4, 0xF3C4, 0xF3E4, 0xF426,
    0xF448, 0xF448, 0xF428, 0xF428, 0xF428, 0xF428, 0xF408, 0xF408, 0xF408, 0xF408, 0xF3E8, 0xF3E8, 0xF3E7, 0xF3E7, 0xF3C7, 0xEBC7,
    0xEBC7, 0xEBA7, 0xEBA7, 0xEBA7, 0xEBA7, 0xEB87, 0xEB87, 0xEB87, 0xEB67, 0xEB67, 0xEB67, 0xFD68, 0xFD68, 0xFD88, 0xFD88, 0xFD88,
    0xFD88, 0xFD88, 0xFD88, 0xFD88, 0xFDA8, 0xFDA8, 0xFDA8, 0xFDA8, 0xFDA9, 0xFDA9, 0xFDA9, 0xFDA9, 0xFDA9, 0xFDA9, 0xFDA9, 0xFDA9,
    0xFDA9, 0xFDA9, 0xFDC9, 0xFDC9, 0xFDC9, 0xFDA9, 0xFDA9, 0xFDA9, 0xFDEA, 0xFE0C, 0xFE0C, 0xFE0C, 0xFE0C, 0xFE0C, 0xFDEC, 0xFDEC,
    0xFDEC, 0xFDEB, 0xFDEB, 0xFDEB, 0xFDEB, 0xFDEB, 0xFDEB, 0xFDA9, 0xFD88, 0xFD88, 0xFD68, 0xFD68, 0xFD67, 0xFD67, 0xFD67, 0xFD68,
    0xFDAA, 0xFDAA, 0xFDAA, 0xFDAA, 0xFDAA, 0xFD8A, 0xFD47, 0xFD26, 0xFD26, 0xFD26, 0xFD06, 0xFD47, 0xFD69, 0xFD69, 0xFD69, 0xFD69,
    0xFD48, 0xFCE5, 0xFCC5, 0xFCC5, 0xFCC5, 0xFCC5, 0xFCA5, 0xFD08, 0xFD08, 0xFD08, 0xFD08, 0xFD08, 0xFCE8, 0xFCE8, 0xFCE9, 0xFCA7,
    0xFC44, 0xFC44, 0xFC45, 0xFC45, 0xF425, 0xF424, 0xF424, 0xF404, 0xF404, 0xF404, 0xF404, 0xF3E4, 0xF3E4, 0xF3E4, 0xF406, 0xF448,
    0xF468, 0xF448, 0xF448, 0xF428, 0xF428, 0xF428, 0xF428, 0xF408, 0xF408, 0xF408, 0xF408, 0xF3E8, 0xF3E7, 0xF3E7, 0xF3C7, 0xEBC7,
    0xEBC7, 0xEBC7, 0xEBA7, 0xEBA7, 0xEBA7, 0xEB87, 0xEB87, 0xEB87, 0xEB87, 0xEB67, 0xEB67, 0xEB67, 0xFD67, 0xFD68, 0xFD68, 0xFD68,
    0xFD88, 0xFD88, 0xFD88, 0xFD88, 0xFD88, 0xFD88, 0xFD88, 0xFDA8, 0xFDA8, 0xFDA8, 0xFDA8, 0xFDA8, 0xFDA9, 0xFDA9, 0xFDA9, 0xFDA9,
    0xFDA9, 0xFDA9, 0xFDA9, 0xFDA9, 0xFDA9, 0xFDA9, 0xFDA9, 0xFDA9, 0xFDA9, 0xFDA8, 0xFDA9, 0xFDEB, 0xFE0C, 0xFE0C, 0xFDEB, 0xFDEC,
    0xFDEB, 0xFDEB, 0xFDEB, 0xFDEB, 0xFDEB, 0xFDEB, 0xFDCB, 0xFDCB, 0xFDEB, 0xFD89, 0xFD67, 0xFD68, 0xFD67, 0xFD67, 0xFD67, 0xFD67,
    0xFD47, 0xFD89, 0xFDAA, 0xFDAA, 0xFDAA, 0xFD8A, 0xFD8A, 0xFD47, 0xFD26, 0xFD26, 0xFD06, 0xFD06, 0xFD47, 0xFD69, 0xFD69, 0xFD49,
    0xFD49, 0xFD27, 0xFCC5, 0xFCC5, 0xFCC5, 0xFCC5, 0xFCA5, 0xFCC6, 0xFD29, 0xFD08, 0xFD08, 0xFD08, 0xFCE8, 0xFCE8, 0xFCE9, 0xFCC7,
    0xFC45, 0xFC44, 0xFC45, 0xFC45, 0xFC25, 0xF424, 0xF424, 0xF424, 0xF404, 0xF404, 0xF404, 0xF3E4, 0xF3E4, 0xF405, 0xF447, 0xF468,
    0xF448, 0xF448, 0xF448, 0xF428, 0xF428, 0xF428, 0xF428, 0xF428, 0xF408, 0xF408, 0xF408, 0xF3E8, 0xF3E8, 0xF3E7, 0xF3E7, 0xF3C7,
    0xEBC7, 0xEBC7, 0xEBC7, 0xEBA7, 0xEBA7, 0xEBA7, 0xEB87, 0xEB87, 0xEB87, 0xEB87, 0xEB67, 0xEB67, 0xEB67, 0xFD67, 0xFD67, 0xFD67,
    0xFD68, 0xFD68, 0xFD88, 0xFD88, 0xFD88, 0xFD88, 0xFD88, 0xFD88, 0xFD88, 0xFD88, 0xFD88, 0xFDA8, 0xFDA8, 0xFDA8, 0xFDA8, 0xFDA8,
    0xFDA8, 0xFDA8, 0xFDA8, 0xFDA9, 0xFDA9, 0xFDA9, 0xFDA9, 0xFDA9, 0xFDA8, 0xFDA8, 0xFDA9, 0xFDA8, 0xFDA8, 0xFDA9, 0xFDEB, 0xFDEC,
    0xFDEB, 0xFDEB, 0xFDEB, 0xFDEB, 0xFDEB, 0xFDCB, 0xFDCB, 0xFDCB, 0xFDCB, 0xFDCB, 0xFDCB, 0xFD88, 0xFD67, 0xFD67, 0xFD67, 0xFD47,
    0xFD47, 0xFD47, 0xFD47, 0xFDAA, 0xFDAA, 0xFD8A, 0xFDAA, 0xFDAA, 0xFD68, 0xFD26, 0xFD26, 0xFD05, 0xFCE5, 0xFD27, 0xFD69, 0xFD48,
    0xFD48, 0xFD69, 0xFD27, 0xFCE5, 0xFCC5, 0xFCC5, 0xFCA5, 0xFCA5, 0xFD08, 0xFD08, 0xFD08, 0xFD08, 0xFD08, 0xFCE8, 0xFCE9, 0xFCC7,
    0xFC65, 0xFC44, 0xFC45, 0xFC45, 0xFC45, 0xF425, 0xF424, 0xF424, 0xF404, 0xF405, 0xF404, 0xF3E4, 0xF405, 0xF447, 0xF468, 0xF468,
    0xF468, 0xF448, 0xF448, 0xF448, 0xF428, 0xF428, 0xF428, 0xF428, 0xF408, 0xF408, 0xF408, 0xF408, 0xF3E8, 0xF3E8, 0xF3E7, 0xF3C7,
    0xF3C7, 0xEBC7, 0xEBC7, 0xEBA7, 0xEBA7, 0xEBA7, 0xEBA7, 0xEB87, 0xEB87, 0xEB87, 0xEB67, 0xEB67, 0xEB67, 0xEB67, 0xFD89, 0xFD68,
    0xFD67, 0xFD67, 0xFD67, 0xFD67, 0xFD68, 0xFD88, 0xFD88, 0xFD88, 0xFD88, 0xFD88, 0xFD88, 0xFD88, 0xFD88, 0xFD88, 0xFD88, 0xFD88,
    0xFDA8, 0xFDA8, 0xFDA8, 0xFDA8, 0xFDA8, 0xFDA8, 0xFDA8, 0xFDA8, 0xFDA8, 0xFDA8, 0xFDA8, 0xFDA8, 0xFDA8, 0xFD88, 0xFD88, 0xFD88,
    0xFDA9, 0xFDCB, 0xFDEB, 0xFDEB, 0xFDCB, 0xFDCB, 0xFDCB, 0xFDCB, 0xFDCB, 0xFDCB, 0xFDCB, 0xFDCB, 0xFDCB, 0xFD68, 0xFD47, 0xFD47,
    0xFD47, 0xFD47, 0xFD47, 0xFD26, 0xFD68, 0xFDAA, 0xFD8A, 0xFD49, 0xF528, 0xF507, 0xF4C5, 0xF4E6, 0xF507, 0xF507, 0xF549, 0xF56B,
    0xF54A, 0xF529, 0xF4E7, 0xF483, 0xF463, 0xFC84, 0xFCA5, 0xFCA5, 0xFCE7, 0xFD09, 0xFD08, 0xFD08, 0xFD08, 0xFCE8, 0xFCE9, 0xFCC7,
    0xFC65, 0xFC65, 0xFC45, 0xFC45, 0xFC45, 0xFC25, 0xF424, 0xF424, 0xF424, 0xF404, 0xF404, 0xF405, 0xF447, 0xF468, 0xF468, 0xF468,
    0xF468, 0xF448, 0xF448, 0xF448, 0xF428, 0xF428, 0xF428, 0xF428, 0xF428, 0xF408, 0xF408, 0xF408, 0xF408, 0xF3E8, 0xF3E7, 0xF3E7,
    0xF3C7, 0xEBC7, 0xEBC7, 0xEBC7, 0xEBA7, 0xEBA7, 0xEBA7, 0xEB87, 0xEB87, 0xEB87, 0xEB88, 0xEB88, 0xEB67, 0xEB47, 0xEB06, 0xFDAA,
    0xFDAA, 0xFDAA, 0xFD89, 0xFD89, 0xFD68, 0xFD67, 0xFD67, 0xFD67, 0xFD68, 0xFD88, 0xFD88, 0xFD88, 0xFD88, 0xFD88, 0xFD88, 0xFD88,
    0xFD88, 0xFD88, 0xFD88, 0xFD88, 0xFD88, 0xFD88, 0xFD88, 0xFD88, 0xFD88, 0xFD88, 0xFD88, 0xFD88, 0xFD88, 0xFD88, 0xFD88, 0xFD88,
    0xFD88, 0xFD88, 0xFD88, 0xFDAA, 0xFDCB, 0xFDEB, 0xFDCB, 0xFDCB, 0xFDCB, 0xFDCB, 0xFDCB, 0xFDCB, 0xFDAA, 0xFDAA, 0xFDAA, 0xFD68,
    0xFD47, 0xFD47, 0xFD47, 0xFD27, 0xFD27, 0xF4E6, 0xF507, 0xED08, 0xED6C, 0xF611, 0xF6B6, 0xF718, 0xFF7B, 0xFFBD, 0xFFBE, 0xFFBE,
    0xFFBE, 0xFFBE, 0xFF7C, 0xF719, 0xF674, 0xEDAF, 0xECC8, 0xEC44, 0xEC43, 0xF4E8, 0xFD09, 0xFD08, 0xFD08, 0xFCE8, 0xFD09, 0xFCC7,
    0xFC65, 0xFC65, 0xFC45, 0xFC45, 0xFC45, 0xFC45, 0xF424, 0xF424, 0xF424, 0xF404, 0xF404, 0xF446, 0xF468, 0xF488, 0xF468, 0xF468,
    0xF468, 0xF468, 0xF448, 0xF448, 0xF448, 0xF428, 0xF428, 0xF428, 0xF428, 0xF408, 0xF408, 0xF408, 0xF408, 0xF3E8, 0xF3E8, 0xF3E7,
    0xF3E7, 0xF3C7, 0xEBC7, 0xEBC7, 0xEBA7, 0xEBA7, 0xEBA8, 0xEBA8, 0xEBA8, 0xEB87, 0xEB67, 0xEB46, 0xEB05, 0xEAC4, 0xEAA3, 0xEA83,
    0xFDAA, 0xFDAA, 0xFDAA, 0xFDAB, 0xFDCB, 0xFDAA, 0xFDAA, 0xFDA9, 0xFD88, 0xFD88, 0xFD67, 0xFD67, 0xFD68, 0xFD88, 0xFD88, 0xFD88,
    0xFD88, 0xFD88, 0xFD88, 0xFD88, 0xFD88, 0xFD88, 0xFD88, 0xFD88, 0xFD88, 0xFD88, 0xFD88, 0xFD88, 0xFD88, 0xFD88, 0xFD88, 0xFD88,
    0xFD88, 0xFD88, 0xFD88, 0xFD88, 0xFD67, 0xFD88, 0xFDAA, 0xFDCB, 0xFDCB, 0xFDCB, 0xFDCB, 0xFDCA, 0xFDAA, 0xFDAA, 0xFDAA, 0xFDAA,
    0xFDAA, 0xFD68, 0xFD26, 0xFD27, 0xF4E6, 0xECA4, 0xED08, 0xF631, 0xFF5A, 0xFFFF, 0xFFFF, 0xFFFF, 0xFFFF, 0xFFFF, 0xFFFF, 0xFFFF,
    0xFFFF, 0xFFFF, 0xFFFF, 0xFFFF, 0xFFFF, 0xFFFF, 0xFFFF, 0xFFDF, 0xF6F8, 0xEDAF, 0xECC8, 0xEC86, 0xF4E8, 0xFCE8, 0xFCE9, 0xFCC7,
    0xFC65, 0xFC65, 0xFC65, 0xFC45, 0xFC45, 0xFC45, 0xFC25, 0xF424, 0xF424, 0xF404, 0xF425, 0xF487, 0xF488, 0xF488, 0xF468, 0xF468,
    0xF468, 0xF468, 0xF448, 0xF448, 0xF448, 0xF428, 0xF428, 0xF428, 0xF428, 0xF428, 0xF408, 0xF408, 0xF408, 0xF408, 0xF3E8, 0xF3E7,
    0xF3E7, 0xF3C7, 0xEBC7, 0xEBC7, 0xEBC8, 0xEBC8, 0xEBA8, 0xEB87, 0xEB66, 0xEB25, 0xEB04, 0xEAC4, 0xEAC3, 0xEAA3, 0xEAA3, 0xEAA3,
    0xEAA3, 0xFDAA, 0xFDAA, 0xFDAA, 0xFDAA, 0xFDAA, 0xFDAA, 0xFDCB, 0xFDCB, 0xFDCB, 0xFDCA, 0xFDAA, 0xFD89, 0xFD88, 0xFD68, 0xFD67,
    0xFD67, 0xFD68, 0xFD88, 0xFD88, 0xFD88, 0xFD88, 0xFD88, 0xFD88, 0xFD88, 0xFD88, 0xFD88, 0xFD88, 0xFD88, 0xFD88, 0xFD88, 0xFD88,
    0xFD88, 0xFD88, 0xFD68, 0xFD68, 0xFD68, 0xFD68, 0xFD67, 0xFD67, 0xFD88, 0xFDAA, 0xFDCB, 0xFDAA, 0xFDAA, 0xFDAA, 0xFDAA, 0xFDAA,
    0xFDAA, 0xFD8A, 0xFD8A, 0xFD27, 0xECA4, 0xECE8, 0xF673, 0xFFBD, 0xFFFF, 0xFFFF, 0xFFFF, 0xFFFF, 0xFFFF, 0xFFFF, 0xFFFF, 0xFFFF,
    0xFFFF, 0xFFFF, 0xFFFF, 0xFFFF, 0xFFFF, 0xFFFF, 0xFFFF, 0xFFFF, 0xFFFF, 0xFFFF, 0xFFFF, 0xFF7B, 0xEDB0, 0xEC67, 0xF4A8, 0xF4C7,
    0xFC64, 0xFC65, 0xFC65, 0xFC45, 0xFC45, 0xFC45, 0xFC45, 0xF424, 0xF424, 0xF425, 0xF467, 0xF488, 0xF488, 0xF488, 0xF468, 0xF468,
    0xF468, 0xF468, 0xF448, 0xF448, 0xF448, 0xF448, 0xF428, 0xF428, 0xF428, 0xF428, 0xF408, 0xF408, 0xF408, 0xF408, 0xF3E8, 0xF3E7,
    0xF3E7, 0xF3E8, 0xF3E8, 0xEBC8, 0xEBC7, 0xEB87, 0xEB66, 0xEB25, 0xEB04, 0xEAE3, 0xEAC3, 0xEAC3, 0xEAC4, 0xEAC4, 0xEAC3, 0xEAA3,
    0xEAA3, 0xEAA3, 0xFDAA, 0xFDAA, 0xFDAA, 0xFDAA, 0xFDAA, 0xFDAA, 0xFDAA, 0xFDAA, 0xFDAA, 0xFDCA, 0xFDCB, 0xFDCB, 0xFDCB, 0xFDCA,
    0xFDAA, 0xFD89, 0xFD88, 0xFD68, 0xFD67, 0xFD67, 0xFD68, 0xFD68, 0xFD88, 0xFD88, 0xFD68, 0xFD68, 0xFD68, 0xFD68, 0xFD68, 0xFD68,
    0xFD68, 0xFD68, 0xFD67, 0xFD67, 0xFD67, 0xFD67, 0xFD67, 0xFD67, 0xFD67, 0xFD47, 0xFD67, 0xFD88, 0xFDAA, 0xFDAA, 0xFDAA, 0xFDAA,
    0xFDAA, 0xFD8A, 0xFD8A, 0xF569, 0xECE8, 0xEDEF, 0xFF9D, 0xFFFF, 0xFFFF, 0xFFFF, 0xFFFF, 0xFFFF, 0xFFFF, 0xFFFF, 0xFFFF, 0xFFFF,
    0xFFFF, 0xFFFF, 0xFFFF, 0xFFFF, 0xFFFF, 0xFFFF, 0xFFFF, 0xFFFF, 0xFFFF, 0xFFFF, 0xFFFF, 0xFFFF, 0xFFFF, 0xFFFF, 0xF6D8, 0xE488,
    0xEC03, 0xF465, 0xF445, 0xFC45, 0xFC45, 0xFC45, 0xFC45, 0xFC24, 0xF425, 0xFC66, 0xF4A8, 0xF4A8, 0xF488, 0xF488, 0xF488, 0xF468,
    0xF468, 0xF468, 0xF468, 0xF448, 0xF448, 0xF448, 0xF428, 0xF428, 0xF428, 0xF428, 0xF428, 0xF408, 0xF408, 0xF408, 0xF408, 0xF408,
    0xF3E8, 0xF3E7, 0xF3C7, 0xEB86, 0xEB65, 0xEB24, 0xEB04, 0xEAE3, 0xEAE4, 0xEAE4, 0xEAE4, 0xEAE4, 0xEAC4, 0xEAC4, 0xEAC4, 0xEAA3,
    0xEAA3, 0xEAA3, 0xEAA3, 0xFD8A, 0xFD8A, 0xFDAA, 0xFDAA, 0xFDAA, 0xFDAA, 0xFDAA, 0xFDAA, 0xFDAA, 0xFDAA, 0xFDAA, 0xFDAA, 0xFDAA,
    0xFDCB, 0xFDCB, 0xFDCB, 0xFDCB, 0xFDAA, 0xFDA9, 0xFD89, 0xFD68, 0xFD67, 0xFD67, 0xFD67, 0xFD67, 0xFD68, 0xFD68, 0xFD67, 0xFD67,
    0xFD67, 0xFD67, 0xFD67, 0xFD67, 0xFD67, 0xFD67, 0xFD67, 0xFD67, 0xFD67, 0xFD67, 0xFD67, 0xFD47, 0xFD47, 0xFD47, 0xFD89, 0xFDAA,
    0xFDAA, 0xFD8A, 0xFD8A, 0xF549, 0xE4E8, 0xF6B6, 0xFFFF, 0xFFFF, 0xFFFF, 0xFFFF, 0xFFFF, 0xFFFF, 0xFFFF, 0xFFFF, 0xFFFF, 0xFFFF,
    0xFFFF, 0xFFFF, 0xFFFF, 0xFFFF, 0xFFFF, 0xFFFF, 0xFFFF, 0xFFFF, 0xFFFF, 0xFFFF, 0xFFFF, 0xFFFF, 0xFFFF, 0xFFFF, 0xFFFF, 0xFFFF,
    0xFF5B, 0xE488, 0xEBE3, 0xF445, 0xF445, 0xF445, 0xFC24, 0xFC24, 0xF466, 0xFCA8, 0xF4A8, 0xF4A8, 0xF488, 0xF488, 0xF488, 0xF468,
    0xF468, 0xF468, 0xF468, 0xF448, 0xF448, 0xF448, 0xF448, 0xF428, 0xF428, 0xF428, 0xF428, 0xF408, 0xF408, 0xF408, 0xF408, 0xF3E7,
    0xF3C6, 0xEB85, 0xEB44, 0xEB24, 0xEB24, 0xEB04, 0xEB04, 0xEB04, 0xEB04, 0xEAE4, 0xEAE4, 0xEAE4, 0xEAE4, 0xEAC4, 0xEAC4, 0xEAC3,
    0xEAA3, 0xEAA3, 0xEAA3, 0xEA83, 0xFD8A, 0xFD8A, 0xFD8A, 0xFD8A, 0xFDAA, 0xFDAA, 0xFDAA, 0xFDAA, 0xFDAA, 0xFDAA, 0xFDAA, 0xFDAA,
    0xFDAA, 0xFDAA, 0xFDAA, 0xFDAA, 0xFDAA, 0xFDCB, 0xFDCB, 0xFDCB, 0xFDAA, 0xFDAA, 0xFD89, 0xFD88, 0xFD67, 0xFD67, 0xFD67, 0xFD67,
    0xFD67, 0xFD67, 0xFD67, 0xFD67, 0xFD67, 0xFD67, 0xFD67, 0xFD47, 0xFD47, 0xFD47, 0xFD47, 0xFD47, 0xFD47, 0xFD47, 0xFD47, 0xFD46,
    0xFD47, 0xFD69, 0xFD8A, 0xF549, 0xE4E9, 0xF718, 0xFFFF, 0xFFFF, 0xFFFF, 0xFFFF, 0xFFFF, 0xFFFF, 0xFFFF, 0xFFFF, 0xFFFF, 0xFFFF,
    0xFFFF, 0xFFFF, 0xFFFF, 0xFFFF, 0xFFFF, 0xFFFF, 0xFFFF, 0xFFFF, 0xFFFF, 0xFFFF, 0xFFFF, 0xFFFF, 0xFFFF, 0xFFFF, 0xFFFF, 0xFFFF,
    0xFFFF, 0xFFFF, 0xFF9D, 0xE467, 0xEBE3, 0xF425, 0xF424, 0xFC45, 0xFC87, 0xFCA8, 0xFCA8, 0xF4A8, 0xF488, 0xF488, 0xF488, 0xF488,
    0xF468, 0xF468, 0xF468, 0xF468, 0xF448, 0xF448, 0xF448, 0xF428, 0xF428, 0xF428, 0xF428, 0xF428, 0xF407, 0xF3E7, 0xF3A6, 0xEB85,
    0xEB64, 0xEB44, 0xEB24, 0xEB24, 0xEB24, 0xEB24, 0xEB24, 0xEB04, 0xEB04, 0xEB04, 0xEAE4, 0xEAE4, 0xEAE4, 0xEAC4, 0xEAC4, 0xEAC4,
    0xEAC3, 0xEAA3, 0xEAA3, 0xEAA3, 0xEA83, 0xFD89, 0xFD8A, 0xFD8A, 0xFD8A, 0xFD8A, 0xFD8A, 0xFDAA, 0xFDAA, 0xFDAA, 0xFDAA, 0xFDAA,
    0xFDAA, 0xFDAA, 0xFDAA, 0xFDAA, 0xFDAA, 0xFDAA, 0xFDAA, 0xFDAA, 0xFDAA, 0xFDAA, 0xFDAA, 0xFDCB, 0xFDAB, 0xFDAA, 0xFDA9, 0xFD89,
    0xFD68, 0xFD67, 0xFD47, 0xFD47, 0xFD47, 0xFD47, 0xFD47, 0xFD47, 0xFD47, 0xFD47, 0xFD47, 0xFD47, 0xFD47, 0xFD47, 0xFD47, 0xFD47,
    0xFD27, 0xFD26, 0xFD06, 0xF507, 0xE4C7, 0xF6F8, 0xFFFF, 0xFFFF, 0xFFFF, 0xFFFF, 0xFFFF, 0xFFFF, 0xFFFF, 0xFFFF, 0xFFFF, 0xFFFF,
    0xFFFF, 0xFFFF, 0xFFFF, 0xFFFF, 0xFFFF, 0xFFFF, 0xFFFF, 0xFFFF, 0xFFFF, 0xFFFF, 0xFFFF, 0xFFFF, 0xFFFF, 0xFFFF, 0xFFFF, 0xFFFF,
    0xFFFF, 0xFFFF, 0xFFFF, 0xFFFF, 0xF73A, 0xDBE4, 0xEC04, 0xF467, 0xF4A8, 0xFCA8, 0xFCA8, 0xFCA8, 0xF488, 0xF488, 0xF488, 0xF488,
    0xF468, 0xF468, 0xF468, 0xF468, 0xF448, 0xF448, 0xF448, 0xF448, 0xF448, 0xF428, 0xF407, 0xF3C6, 0xF3A5, 0xF384, 0xF364, 0xF344,
    0xEB44, 0xEB44, 0xEB44, 0xEB44, 0xEB24, 0xEB24, 0xEB24, 0xEB04, 0xEB04, 0xEB04, 0xEAE4, 0xEAE4, 0xEAE4, 0xEAE4, 0xEAC4, 0xEAC4,
    0xEAC4, 0xEAA3, 0xEAA3, 0xEAA3, 0xEA83, 0xEA83, 0xFD89, 0xFD89, 0xFD89, 0xFD8A, 0xFD8A, 0xFD8A, 0xFD8A, 0xFD8A, 0xFDAA, 0xFDAA,
    0xFDAA, 0xFDAA, 0xFDAA, 0xFDAA, 0xFDAA, 0xFDAA, 0xFDAA, 0xFDAA, 0xFDAA, 0xFDAA, 0xFDAA, 0xFDAA, 0xFDAA, 0xFDAA, 0xFDAA, 0xFDAA,
    0xFDAA, 0xFDAA, 0xFDAA, 0xFD89, 0xFD68, 0xFD47, 0xFD47, 0xFD47, 0xFD47, 0xFD47, 0xFD47, 0xFD47, 0xFD47, 0xFD47, 0xFD47, 0xFD26,
    0xFD26, 0xFD26, 0xFD26, 0xF506, 0xE464, 0xF654, 0xFFFF, 0xFFFF, 0xFFFF, 0xFFFF, 0xFFFF, 0xFFFF, 0xFFFF, 0xFFFF, 0xFFFF, 0xFFFF,
    0xFFFF, 0xFFFF, 0xFFFF, 0xFFBE, 0xF75C, 0xF73B, 0xF77C, 0xFFDF, 0xFFFF, 0xFFFF, 0xFFFF, 0xFFFF, 0xFFFF, 0xFFFF, 0xFFFF, 0xFFFF,
    0xFFFF, 0xFFFF, 0xFFFF, 0xFFFF, 0xFFFF, 0xFFFF, 0xEE34, 0xDC05, 0xECA8, 0xF4A8, 0xFCA8, 0xFCA8, 0xF4A8, 0xF488, 0xF488, 0xF488,
    0xF468, 0xF468, 0xF468, 0xF468, 0xF468, 0xF468, 0xF448, 0xF427, 0xF406, 0xF3C5, 0xF3A4, 0xF384, 0xF364, 0xF364, 0xF364, 0xF364,
    0xEB64, 0xEB44, 0xEB44, 0xEB44, 0xEB24, 0xEB24, 0xEB24, 0xEB24, 0xEB04, 0xEB04, 0xEB04, 0xEAE4, 0xEAE4, 0xEAE4, 0xEAC4, 0xEAC4,
    0xEAC4, 0xEAC3, 0xEAA3, 0xEAA3, 0xEAA3, 0xEA83, 0xEA83, 0xFD69, 0xFD69, 0xFD89, 0xFD89, 0xFD89, 0xFD8A, 0xFD8A, 0xFD8A, 0xFD8A,
    0xFD8A, 0xFD8A, 0xFDAA, 0xFDAA, 0xFDAA, 0xFDAA, 0xFDAA, 0xFDAA, 0xFDAA, 0xFDAA, 0xFDAA, 0xFDAA, 0xFDAA, 0xFDAA, 0xFDAA, 0xFDAA,
    0xFDAA, 0xFDAA, 0xFDAA, 0xFDAA, 0xFDAA, 0xFDAA, 0xFDAA, 0xFD89, 0xFD89, 0xFD68, 0xFD47, 0xFD26, 0xFD26, 0xFD26, 0xFD26, 0xFD26,
    0xFD26, 0xFD26, 0xFD26, 0xFD06, 0xEC84, 0xE54C, 0xFFFF, 0xFFFF, 0xFFFF, 0xFFFF, 0xFFFF, 0xFFFF, 0xFFFF, 0xFFFF, 0xFFFF, 0xFFFF,
    0xFFFF, 0xFF9D, 0xDDB2, 0xCC6A, 0xC3C7, 0xBB64, 0xBB43, 0xBB85, 0xC3E8, 0xD4ED, 0xEEB8, 0xFFFF, 0xFFFF, 0xFFFF, 0xFFFF, 0xFFFF,
    0xFFFF, 0xFFFF, 0xFFFF, 0xFFFF, 0xFFFF, 0xFFFF, 0xFFFF, 0xFFDF, 0xDCAB, 0xE426, 0xF488, 0xF488, 0xF4A8, 0xF488, 0xF488, 0xF488,
    0xF468, 0xF468, 0xF468, 0xF468, 0xF447, 0xF427, 0xF406, 0xF3C5, 0xF3A4, 0xF384, 0xF384, 0xF384, 0xF384, 0xF384, 0xF364, 0xF364,
    0xEB64, 0xEB44, 0xEB44, 0xEB44, 0xEB44, 0xEB24, 0xEB24, 0xEB24, 0xEB04, 0xEB04, 0xEB04, 0xEAE4, 0xEAE4, 0xEAE4, 0xEAE4, 0xEAC4,
    0xEAC4, 0xEAC4, 0xEAA3, 0xEAA3, 0xEAA3, 0xEA83, 0xEA83, 0xEA83, 0xFD69, 0xFD69, 0xFD69, 0xFD69, 0xFD69, 0xFD89, 0xFD89, 0xFD89,
    0xFD8A, 0xFD8A, 0xFD8A, 0xFD8A, 0xFD8A, 0xFD8A, 0xFD8A, 0xFDAA, 0xFDAA, 0xFDAA, 0xFDAA, 0xFDAA, 0xFDAA, 0xFDAA, 0xFDAA, 0xFDAA,
    0xFDAA, 0xFDAA, 0xFDAA, 0xFDAA, 0xFDAA, 0xFDAA, 0xFDAA, 0xFDAA, 0xFDAA, 0xFDAA, 0xFDAA, 0xFD8A, 0xFD89, 0xFD68, 0xFD47, 0xFD26,
    0xFD26, 0xFD26, 0xFD26, 0xFD06, 0xF4E6, 0xE465, 0xF73A, 0xFFFF, 0xFFFF, 0xFFFF, 0xFFFF, 0xFFFF, 0xFFFF, 0xFFFF, 0xFFFF, 0xFFFF,
    0xFFFF, 0xEE76, 0xC384, 0xBAE1, 0xBB63, 0xC3C5, 0xC3A4, 0xC363, 0xC384, 0xC385, 0xBB02, 0xBAE1, 0xD50E, 0xFFFF, 0xFFFF, 0xFFFF,
    0xFFFF, 0xFFFF, 0xFFFF, 0xFFFF, 0xFFFF, 0xFFFF, 0xFFFF, 0xFFFF, 0xFFFF, 0xEE35, 0xDBE5, 0xEC88, 0xF488, 0xF488, 0xF488, 0xF488,
    0xF488, 0xF468, 0xF447, 0xF426, 0xF3E5, 0xF3C4, 0xF3A4, 0xF3A4, 0xF3A4, 0xF3A4, 0xF3A4, 0xF384, 0xF384, 0xF384, 0xF364, 0xF364,
    0xF364, 0xEB64, 0xEB44, 0xEB44, 0xEB44, 0xEB24, 0xEB24, 0xEB24, 0xEB04, 0xEB04, 0xEB04, 0xEB04, 0xEAE4, 0xEAE4, 0xEAE4, 0xEAC4,
    0xEAC4, 0xEAC4, 0xEAC3, 0xEAA3, 0xEAA3, 0xEAA3, 0xEA83, 0xEA83, 0xEA83, 0xFD69, 0xFD69, 0xFD69, 0xFD69, 0xFD69, 0xFD69, 0xFD69,
    0xFD89, 0xFD89, 0xFD89, 0xFD89, 0xFD8A, 0xFD8A, 0xFD8A, 0xFD8A, 0xFD8A, 0xFD8A, 0xFD8A, 0xFD8A, 0xFD8A, 0xFD8A, 0xFD8A, 0xFD8A,
    0xFD8A, 0xFD8A, 0xFD8A, 0xFD8A, 0xFD8A, 0xFD8A, 0xFD8A, 0xFD8A, 0xFD8A, 0xFD8A, 0xFD8A, 0xFD8A, 0xFD8A, 0xFD8A, 0xFD8A, 0xFD8A,
    0xFD69, 0xFD68, 0xFD47, 0xFD26, 0xF506, 0xEC63, 0xE54C, 0xFFFF, 0xFFFF, 0xFFFF, 0xFFFF, 0xFFFF, 0xFFFF, 0xFFFF, 0xFFFF, 0xFFFF,
    0xFFFF, 0xEE97, 0xBB43, 0xC363, 0xCBC4, 0xD3E5, 0xD447, 0xDC46, 0xDBE4, 0xD425, 0xD427, 0xCBC4, 0xC364, 0xBB02, 0xD4EE, 0xFFFF,
    0xFFFF, 0xFFFF, 0xFFFF, 0xFFFF, 0xFFFF, 0xFFFF, 0xFFFF, 0xFFFF, 0xFFFF, 0xFFFF, 0xFF7C, 0xD407, 0xE447, 0xF488, 0xF488, 0xF467,
    0xF446, 0xF405, 0xF3E5, 0xF3C4, 0xF3C4, 0xF3C4, 0xF3C4, 0xF3A4, 0xF3A4, 0xF3A4, 0xF3A4, 0xF384, 0xF384, 0xF384, 0xF384, 0xF364,
    0xF364, 0xEB64, 0xEB44, 0xEB44, 0xEB44, 0xEB44, 0xEB24, 0xEB24, 0xEB24, 0xEB04, 0xEB04, 0xEB04, 0xEB04, 0xEAE4, 0xEAE4, 0xEAE4,
    0xEAC4, 0xEAC4, 0xEAC4, 0xEAA3, 0xEAA3, 0xEAA3, 0xEA83, 0xEA83, 0xEA83, 0xEA83, 0xFD69, 0xFD69, 0xFD69, 0xFD69, 0xFD69, 0xFD69,
    0xFD69, 0xFD69, 0xFD69, 0xFD69, 0xFD89, 0xFD89, 0xFD89, 0xFD89, 0xFD89, 0xFD89, 0xFD8A, 0xFD8A, 0xFD8A, 0xFD8A, 0xFD8A, 0xFD8A,
    0xFD8A, 0xFD8A, 0xFD8A, 0xFD8A, 0xFD8A, 0xFD8A, 0xFD8A, 0xFD8A, 0xFD8A, 0xFD8A, 0xFD8A, 0xFD89, 0xFD89, 0xFD89, 0xFD89, 0xFD89,
    0xFD89, 0xFD89, 0xFD89, 0xFD69, 0xFD69, 0xF529, 0xDC65, 0xEE95, 0xFFFF, 0xFFFF, 0xFFFF, 0xFFFF, 0xFFFF, 0xFFFF, 0xFFFF, 0xFFFF,
    0xFFFF, 0xFF7C, 0xC3C6, 0xC3C5, 0xD447, 0xDC25, 0xE424, 0xEC86, 0xECC8, 0xEC44, 0xEC86, 0xE487, 0xDC04, 0xD405, 0xCC07, 0xBB02,
    0xE5D3, 0xFFFF, 0xFFFF, 0xFFFF, 0xFFFF, 0xFFFF, 0xFFFF, 0xFFFF, 0xFFFF, 0xFFFF, 0xFFFF, 0xFFFF, 0xDCAC, 0xDBC5, 0xEC26, 0xF405,
    0xF3E4, 0xF3E4, 0xF3E4, 0xF3E4, 0xF3C4, 0xF3C4, 0xF3C4, 0xF3C4, 0xF3A4, 0xF3A4, 0xF3A4, 0xF384, 0xF384, 0xF384, 0xF384, 0xF364,
    0xF364, 0xEB64, 0xEB44, 0xEB44, 0xEB44, 0xEB44, 0xEB24, 0xEB24, 0xEB24, 0xEB04, 0xEB04, 0xEB04, 0xEB04, 0xEAE4, 0xEAE4, 0xEAE4,
    0xEAC4, 0xEAC4, 0xEAC4, 0xEAC3, 0xEAA3, 0xEAA3, 0xEAA3, 0xEA83, 0xEA83, 0xEA83, 0xEA83, 0xFD49, 0xFD69, 0xFD69, 0xFD69, 0xFD69,
    0xFD69, 0xFD69, 0xFD69, 0xFD69, 0xFD69, 0xFD69, 0xFD69, 0xFD69, 0xFD69, 0xFD89, 0xFD89, 0xFD89, 0xFD89, 0xFD89, 0xFD89, 0xFD89,
    0xFD89, 0xFD89, 0xFD89, 0xFD89, 0xFD89, 0xFD89, 0xFD89, 0xFD89, 0xFD89, 0xFD89, 0xFD89, 0xFD89, 0xFD89, 0xFD89, 0xFD69, 0xFD69,
    0xFD69, 0xFD69, 0xFD69, 0xFD69, 0xFD69, 0xFD49, 0xED08, 0xDC87, 0xF75B, 0xFFFF, 0xFFFF, 0xFFFF, 0xFFFF, 0xFFFF, 0xFFFF, 0xFFFF,
    0xFFFF, 0xFFFF, 0xD52E, 0xC342, 0xD446, 0xE4A8, 0xECE8, 0xF4A6, 0xF484, 0xF4E8, 0xF4A6, 0xF4A6, 0xF4C7, 0xEC44, 0xE488, 0xDC26,
    0xC342, 0xC385, 0xFFBE, 0xFFFF, 0xFFFF, 0xFFFF, 0xFFFF, 0xFFFF, 0xFFFF, 0xFFFF, 0xFFFF, 0xFFFF, 0xFFFF, 0xDD2E, 0xD322, 0xEBE4,
    0xF3E4, 0xF3E4, 0xF3E4, 0xF3E4, 0xF3C4, 0xF3C4, 0xF3C4, 0xF3C4, 0xF3A4, 0xF3A4, 0xF3A4, 0xF3A4, 0xF384, 0xF384, 0xF384, 0xF364,
    0xF364, 0xF364, 0xEB64, 0xEB44, 0xEB44, 0xEB44, 0xEB44, 0xEB24, 0xEB24, 0xEB24, 0xEB04, 0xEB04, 0xEB04, 0xEAE4, 0xEAE4, 0xEAE4,
    0xEAE4, 0xEAC4, 0xEAC4, 0xEAC3, 0xEAA3, 0xEAA3, 0xEAA3, 0xEA83, 0xEA83, 0xEA83, 0xEA83, 0xEA83, 0xFD48, 0xFD49, 0xFD49, 0xFD69,
    0xFD69, 0xFD69, 0xFD69, 0xFD69, 0xFD69, 0xFD69, 0xFD69, 0xFD69, 0xFD69, 0xFD69, 0xFD69, 0xFD69, 0xFD69, 0xFD69, 0xFD69, 0xFD69,
    0xFD89, 0xFD89, 0xFD89, 0xFD89, 0xFD89, 0xFD89, 0xFD89, 0xFD89, 0xFD89, 0xFD69, 0xFD69, 0xFD69, 0xFD69, 0xFD69, 0xFD69, 0xFD69,
    0xFD69, 0xFD69, 0xFD69, 0xFD69, 0xFD69, 0xFD69, 0xFD49, 0xECE8, 0xDC87, 0xF75B, 0xFFFF, 0xFFFF, 0xFFFF, 0xFFFF, 0xFFFF, 0xFFFF,
    0xFFFF, 0xFFFF, 0xF75B, 0xC363, 0xD3C3, 0xE424, 0xEC85, 0xF4E8, 0xFD09, 0xFCA6, 0xFCC6, 0xFCC7, 0xFCC7, 0xFCA6, 0xF4C7, 0xF4A7,
    0xE404, 0xD3C5, 0xC344, 0xEE77, 0xFFFF, 0xFFFF, 0xFFFF, 0xFFFF, 0xFFFF, 0xFFFF, 0xFFFF, 0xFFFF, 0xFFFF, 0xFFFF, 0xE591, 0xD322,
    0xEBC5, 0xF3E4, 0xF3E4, 0xF3E4, 0xF3C4, 0xF3C4, 0xF3C4, 0xF3C4, 0xF3A4, 0xF3A4, 0xF3A4, 0xF3A4, 0xF384, 0xF384, 0xF384, 0xF384,
    0xF364, 0xF364, 0xEB64, 0xEB44, 0xEB44, 0xEB44, 0xEB44, 0xEB24, 0xEB24, 0xEB24, 0xEB04, 0xEB04, 0xEB04, 0xEB04, 0xEAE4, 0xEAE4,
    0xEAE4, 0xEAC4, 0xEAC4, 0xEAC4, 0xEAC3, 0xEAA3, 0xEAA3, 0xEAA3, 0xEA83, 0xEA83, 0xEA83, 0xEA83, 0xEA83, 0xFD48, 0xFD48, 0xFD48,
    0xFD48, 0xFD49, 0xFD69, 0xFD69, 0xFD69, 0xFD69, 0xFD69, 0xFD69, 0xFD69, 0xFD69, 0xFD69, 0xFD69, 0xFD69, 0xFD69, 0xFD69, 0xFD69,
    0xFD69, 0xFD69, 0xFD69, 0xFD69, 0xFD69, 0xFD69, 0xFD69, 0xFD69, 0xFD69, 0xFD69, 0xFD69, 0xFD69, 0xFD69, 0xFD69, 0xFD69, 0xFD69,
    0xFD69, 0xFD69, 0xFD69, 0xFD69, 0xFD69, 0xFD69, 0xFD69, 0xFD28, 0xECE8, 0xD446, 0xF73B, 0xFFFF, 0xFFFF, 0xFFFF, 0xFFFF, 0xFFFF,
    0xFFFF, 0xFFFF, 0xFFFF, 0xDD70, 0xC383, 0xDC46, 0xEC65, 0xF484, 0xFC84, 0xFCC6, 0xFD08, 0xFCC6, 0xFCC7, 0xFCC6, 0xFCA6, 0xFCC7,
    0xF465, 0xEC67, 0xDC68, 0xC384, 0xDDB2, 0xFFFF, 0xFFFF, 0xFFFF, 0xFFFF, 0xFFFF, 0xFFFF, 0xFFFF, 0xFFFF, 0xFFFF, 0xFFFF, 0xE5D2,
    0xCB02, 0xE3C4, 0xF3C4, 0xF3E4, 0xF3E4, 0xF3C4, 0xF3C4, 0xF3C4, 0xF3C4, 0xF3A4, 0xF3A4, 0xF3A4, 0xF384, 0xF384, 0xF384, 0xF384,
    0xF364, 0xF364, 0xF364, 0xEB64, 0xEB44, 0xEB44, 0xEB44, 0xEB24, 0xEB24, 0xEB24, 0xEB24, 0xEB04, 0xEB04, 0xEB04, 0xEAE4, 0xEAE4,
    0xEAE4, 0xEAE4, 0xEAC4, 0xEAC4, 0xEAC4, 0xEAA3, 0xEAA3, 0xEAA3, 0xEAA3, 0xEA83, 0xEA83, 0xEA83, 0xEA83, 0xEA83, 0xFD49, 0xFD49,
    0xFD49, 0xFD49, 0xFD49, 0xFD49, 0xFD49, 0xFD69, 0xFD69, 0xFD69, 0xFD69, 0xFD69, 0xFD69, 0xFD69, 0xFD69, 0xFD69, 0xFD69, 0xFD69,
    0xFD69, 0xFD69, 0xFD69, 0xFD69, 0xFD69, 0xFD69, 0xFD69, 0xFD69, 0xFD69, 0xFD69, 0xFD69, 0xFD69, 0xFD69, 0xFD69, 0xFD69, 0xFD69,
    0xFD69, 0xFD69, 0xFD69, 0xFD69, 0xFD69, 0xFD69, 0xFD69, 0xFD69, 0xFD28, 0xECE8, 0xD405, 0xEE55, 0xFFFF, 0xFFFF, 0xFFFF, 0xFFFF,
    0xFFFF, 0xFFFF, 0xFFFF, 0xFF9D, 0xC3E7, 0xD427, 0xE4A8, 0xF4E8, 0xFCE8, 0xFCE7, 0xFCA6, 0xFCA6, 0xFCC7, 0xFCC6, 0xFCA6, 0xFCC7,
    0xFCA6, 0xFCA7, 0xF487, 0xE426, 0xCB42, 0xDD4F, 0xFFFF, 0xFFFF, 0xFFFF, 0xFFFF, 0xFFFF, 0xFFFF, 0xFFFF, 0xFFFF, 0xFFFF, 0xFFFF,
    0xE5B2, 0xCB01, 0xE3A4, 0xF3C4, 0xF3C4, 0xF3C4, 0xF3C4, 0xF3C4, 0xF3A4, 0xF3A4, 0xF3A4, 0xF3A4, 0xF384, 0xF384, 0xF384, 0xF364,
    0xF364, 0xF364, 0xF364, 0xEB44, 0xEB44, 0xEB44, 0xEB44, 0xEB24, 0xEB24, 0xEB24, 0xEB04, 0xEB03, 0xEB03, 0xEB03, 0xEAE3, 0xEAE3,
    0xEAE3, 0xEAC3, 0xEAC3, 0xEAC3, 0xEAA3, 0xEAA3, 0xEAA3, 0xEAA3, 0xEA83, 0xEA83, 0xEA83, 0xEA83, 0xEA83, 0xEA83, 0xEA83, 0xFD28,
    0xFD28, 0xFD28, 0xFD28, 0xFD28, 0xFD28, 0xFD28, 0xFD48, 0xFD48, 0xFD48, 0xFD48, 0xFD48, 0xFD48, 0xFD48, 0xFD48, 0xFD48, 0xFD48,
    0xFD48, 0xFD48, 0xFD48, 0xFD48, 0xFD48, 0xFD48, 0xFD48, 0xFD48, 0xFD48, 0xFD48, 0xFD48, 0xFD48, 0xFD48, 0xFD48, 0xFD48, 0xFD48,
    0xFD48, 0xFD48, 0xFD48, 0xFD48, 0xFD48, 0xFD48, 0xFD48, 0xFD48, 0xFD28, 0xF508, 0xECC7, 0xD446, 0xCC48, 0xFFBD, 0xFFFF, 0xFFFF,
    0xFFFF, 0xFFFF, 0xFFFF, 0xFFFF, 0xDDB2, 0xC384, 0xDC67, 0xECA7, 0xF4E8, 0xFCE8, 0xFCE8, 0xFCE8, 0xFCC7, 0xFCC7, 0xFCC7, 0xFCA6,
    0xFCA6, 0xFCA6, 0xFC86, 0xF445, 0xE425, 0xCB42, 0xDD91, 0xFFFF, 0xFFFF, 0xFFFF, 0xFFFF, 0xFFFF, 0xFFFF, 0xFFFF, 0xFFFF, 0xFFFF,
    0xFFFF, 0xDD50, 0xCB02, 0xE3C5, 0xEBE5, 0xF3E5, 0xF3E5, 0xF3E5, 0xF3E5, 0xF3C5, 0xF3C5, 0xF3C5, 0xF3C5, 0xF3A5, 0xF3A5, 0xF3A5,
    0xF385, 0xF385, 0xF385, 0xF385, 0xF365, 0xF365, 0xEB65, 0xEB65, 0xEB45, 0xEB45, 0xEB45, 0xEB44, 0xEB24, 0xEB24, 0xEB24, 0xEB04,
    0xEB04, 0xEB04, 0xEB04, 0xEAE4, 0xEAE4, 0xEAE4, 0xEAC4, 0xEAC4, 0xEAC4, 0xEAC4, 0xEAC4, 0xEAC4, 0xEAC4, 0xEAC4, 0xEAC4, 0xEAC4,
    0xFCC5, 0xFCC5, 0xFCC5, 0xFCC5, 0xFCC5, 0xFCC5, 0xFCC5, 0xFCE5, 0xFCE5, 0xFCE5, 0xFCE5, 0xFCE5, 0xFCE5, 0xFCE5, 0xFCE5, 0xFCE5,
    0xFCE5, 0xFCE5, 0xFCE5, 0xFCE5, 0xFCE5, 0xFCE5, 0xFCE5, 0xFCE5, 0xFCE5, 0xFCE5, 0xFCE5, 0xFCE5, 0xFCE5, 0xFCE5, 0xFCE5, 0xFCE5,
    0xFCE5, 0xFCE5, 0xFCE5, 0xFCE5, 0xFCE5, 0xFCE5, 0xFCE5, 0xFCE5, 0xFCE5, 0xFCC5, 0xFCC5, 0xF484, 0xE444, 0xCB82, 0xCC48, 0xF71A,
    0xFFFF, 0xFFFF, 0xFFFF, 0xFFDF, 0xE634, 0xC383, 0xD3C4, 0xE424, 0xF464, 0xFC84, 0xFC84, 0xFC85, 0xFC85, 0xFCC7, 0xFCC7, 0xFCA7,
    0xFCA7, 0xFCA6, 0xFC86, 0xFC86, 0xF487, 0xEC88, 0xCBA5, 0xE635, 0xFFFF, 0xFFFF, 0xFFFF, 0xFFFF, 0xFFFF, 0xFFFF, 0xFFFF, 0xFFFF,
    0xFFFF, 0xFFFF, 0xDCEE, 0xCB65, 0xE428, 0xF448, 0xF468, 0xF468, 0xF448, 0xF448, 0xF448, 0xF428, 0xF448, 0xF428, 0xF428, 0xF428,
    0xF408, 0xF408, 0xF408, 0xF408, 0xF408, 0xF3E8, 0xF3E8, 0xF3E8, 0xF3E8, 0xEBC8, 0xEBC8, 0xEBC8, 0xEBC8, 0xEBA8, 0xEBA8, 0xEBA8,
    0xEBA7, 0xEBA7, 0xEB87, 0xEB87, 0xEB87, 0xEB67, 0xEB67, 0xEB67, 0xEB67, 0xEB67, 0xEB47, 0xEB47, 0xEB47, 0xEB47, 0xEB47, 0xEB47,
    0xEB47, 0xFCA5, 0xFCC5, 0xFCC5, 0xFCC5, 0xFCC5, 0xFCC5, 0xFCC5, 0xFCC5, 0xFCC5, 0xFCC5, 0xFCC5, 0xFCE5, 0xFCE5, 0xFCE5, 0xFCE5,
    0xFCE5, 0xFCE5, 0xFCE5, 0xFCE5, 0xFCE5, 0xFCE5, 0xFCE5, 0xFCE5, 0xFCE5, 0xFCE5, 0xFCE5, 0xFCE5, 0xFCE5, 0xFCE5, 0xFCE5, 0xFCE5,
    0xFCE5, 0xFCE5, 0xFCE5, 0xFCE5, 0xFCE5, 0xFCE5, 0xFCE5, 0xFCC5, 0xFCE5, 0xFCC5, 0xFCC5, 0xFCC5, 0xF4A5, 0xE464, 0xDC04, 0xC362,
    0xC363, 0xD4AB, 0xDD4F, 0xD4ED, 0xCBE7, 0xC322, 0xCBA3, 0xDC04, 0xEC44, 0xF485, 0xFCA6, 0xFCC7, 0xFCE8, 0xFCE9, 0xFCA7, 0xFCA6,
    0xFCA7, 0xFCA6, 0xFCA6, 0xFC87, 0xFC87, 0xF425, 0xE3E4, 0xCB84, 0xF73B, 0xFFFF, 0xFFFF, 0xFFFF, 0xFFFF, 0xFFFF, 0xFFFF, 0xFFFF,
    0xFFFF, 0xFFFF, 0xFFDF, 0xCC2A, 0xD3A6, 0xEC28, 0xF448, 0xF448, 0xF448, 0xF448, 0xF448, 0xF428, 0xF428, 0xF428, 0xF428, 0xF428,
    0xF408, 0xF408, 0xF408, 0xF408, 0xF408, 0xF3E8, 0xF3E8, 0xF3E7, 0xF3C7, 0xF3C7, 0xEBC7, 0xEBC7, 0xEBC7, 0xEBA7, 0xEBA7, 0xEBA7,
    0xEB87, 0xEB87, 0xEB87, 0xEB87, 0xEB87, 0xEB67, 0xEB67, 0xEB67, 0xEB67, 0xEB47, 0xEB47, 0xEB47, 0xEB47, 0xEB47, 0xEB47, 0xEB47,
    0xEB47, 0xEB47, 0xFCA5, 0xFCA5, 0xFCA5, 0xFCA5, 0xFCC5, 0xFCC5, 0xFCC5, 0xFCC5, 0xFCC5, 0xFCC5, 0xFCC5, 0xFCC5, 0xFCC5, 0xFCC5,
    0xFCC5, 0xFCE5, 0xFCE5, 0xFCE5, 0xFCE5, 0xFCE5, 0xFCE5, 0xFCE5, 0xFCE5, 0xFCE5, 0xFCE5, 0xFCE5, 0xFCE5, 0xFCE5, 0xFCE5, 0xFCE5,
    0xFCE5, 0xFCE5, 0xFCE5, 0xFCE5, 0xFCC5, 0xFCC5, 0xFCC5, 0xFCC5, 0xFCC5, 0xFCC5, 0xFCC5, 0xFCC5, 0xFCC5, 0xFCA5, 0xF485, 0xE444,
    0xDC04, 0xCBA3, 0xC342, 0xBB01, 0xBB21, 0xC362, 0xD3C4, 0xDC25, 0xEC66, 0xF4C7, 0xFCE8, 0xFD09, 0xFD09, 0xFCC7, 0xFC85, 0xFC65,
    0xFCC8, 0xFC86, 0xFCA7, 0xFCA7, 0xFC66, 0xF487, 0xECA9, 0xDBA3, 0xDCAB, 0xFFFF, 0xFFFF, 0xFFFF, 0xFFFF, 0xFFFF, 0xFFFF, 0xFFFF,
    0xFFFF, 0xFFFF, 0xFFFF, 0xF71A, 0xC345, 0xDBE7, 0xEC27, 0xF448, 0xF448, 0xF448, 0xF448, 0xF428, 0xF428, 0xF428, 0xF428, 0xF428,
    0xF408, 0xF408, 0xF408, 0xF408, 0xF408, 0xF3E8, 0xF3E8, 0xF3E7, 0xF3E7, 0xF3C7, 0xEBC7, 0xEBC7, 0xEBC7, 0xEBA7, 0xEBA7, 0xEBA7,
    0xEBA7, 0xEB87, 0xEB87, 0xEB87, 0xEB87, 0xEB87, 0xEB67, 0xEB67, 0xEB67, 0xEB67, 0xEB47, 0xEB47, 0xEB47, 0xEB47, 0xEB47, 0xEB47,
    0xEB47, 0xEB47, 0xEB47, 0xFCA5, 0xFCA5, 0xFCA5, 0xFCA5, 0xFCA5, 0xFCA5, 0xFCC5, 0xFCC5, 0xFCC5, 0xFCC5, 0xFCC5, 0xFCC5, 0xFCC5,
    0xFCC5, 0xFCC5, 0xFCC5, 0xFCC5, 0xFCC5, 0xFCC5, 0xFCC5, 0xFCC5, 0xFCC5, 0xFCC5, 0xFCC5, 0xFCC5, 0xFCC5, 0xFCC5, 0xFCC5, 0xFCC5,
    0xFCC5, 0xFCC5, 0xFCC5, 0xFCC5, 0xFCC5, 0xFCC5, 0xFCC5, 0xFCC5, 0xFCC5, 0xFCC5, 0xFCC5, 0xFCC5, 0xFCC5, 0xFCA5, 0xFCA5, 0xF4A5,
    0xF464, 0xE444, 0xDC04, 0xDC04, 0xD405, 0xDC26, 0xDC46, 0xE487, 0xECA8, 0xF4C8, 0xFCE8, 0xFD09, 0xFCE8, 0xFCA6, 0xFC64, 0xFC85,
    0xFCE9, 0xFC86, 0xFC86, 0xFCA7, 0xFC66, 0xF4A8, 0xF425, 0xE405, 0xD428, 0xF75B, 0xFFFF, 0xFFFF, 0xFFFF, 0xFFFF, 0xFFFF, 0xFFFF,
    0xFFFF, 0xFFFF, 0xFFFF, 0xFFFF, 0xDD50, 0xC344, 0xDC07, 0xEC27, 0xF448, 0xF448, 0xF448, 0xF428, 0xF428, 0xF428, 0xF428, 0xF428,
    0xF428, 0xF408, 0xF408, 0xF408, 0xF408, 0xF3E8, 0xF3E8, 0xF3E7, 0xF3E7, 0xF3C7, 0xEBC7, 0xEBC7, 0xEBC7, 0xEBC7, 0xEBA7, 0xEBA7,
    0xEBA7, 0xEB87, 0xEB87, 0xEB87, 0xEB87, 0xEB87, 0xEB67, 0xEB67, 0xEB67, 0xEB67, 0xEB47, 0xEB47, 0xEB47, 0xEB47, 0xEB47, 0xEB47,
    0xEB47, 0xEB47, 0xEB47, 0xEB47, 0xFCA5, 0xFCA5, 0xFCA5, 0xFCA5, 0xFCA5, 0xFCA5, 0xFCA5, 0xFCA5, 0xFCA5, 0xFCA5, 0xFCC5, 0xFCC5,
    0xFCC5, 0xFCC5, 0xFCC5, 0xFCC5, 0xFCC5, 0xFCC5, 0xFCC5, 0xFCC5, 0xFCC5, 0xFCC5, 0xFCC5, 0xFCC5, 0xFCC5, 0xFCC5, 0xFCC5, 0xFCC5,
    0xFCC5, 0xFCC5, 0xFCC5, 0xFCC5, 0xFCC5, 0xFCC5, 0xFCC5, 0xFCC5, 0xFCC5, 0xFCC5, 0xFCC5, 0xFCC5, 0xFCA5, 0xFCA5, 0xFCA5, 0xFCA5,
    0xFCA5, 0xF4A5, 0xF4A6, 0xECA7, 0xECA7, 0xECA8, 0xECA8, 0xECA8, 0xF4C8, 0xF4E8, 0xFCE8, 0xFCE8, 0xFCA6, 0xFC65, 0xFC64, 0xFC85,
    0xFCC8, 0xFCC8, 0xFC44, 0xFCA7, 0xF4A7, 0xF445, 0xF4A8, 0xE3E4, 0xDBC5, 0xF6F9, 0xFFFF, 0xFFFF, 0xFFFF, 0xFFFF, 0xFFFF, 0xFFFF,
    0xFFFF, 0xFFFF, 0xFFFF, 0xFFFF, 0xF75C, 0xC324, 0xCB65, 0xE3E6, 0xEC27, 0xF448, 0xF448, 0xF448, 0xF428, 0xF428, 0xF428, 0xF428,
    0xF428, 0xF408, 0xF408, 0xF408, 0xF408, 0xF3E8, 0xF3E8, 0xF3E7, 0xF3E7, 0xF3E7, 0xEBC7, 0xEBC7, 0xEBC7, 0xEBC7, 0xEBA7, 0xEBA7,
    0xEBA7, 0xEB87, 0xEB87, 0xEB87, 0xEB87, 0xEB87, 0xEB67, 0xEB67, 0xEB67, 0xEB67, 0xEB67, 0xEB47, 0xEB47, 0xEB47, 0xEB47, 0xEB47,
    0xEB47, 0xEB47, 0xEB47, 0xEB47, 0xEB47, 0xFC85, 0xFC85, 0xFC85, 0xFCA5, 0xFCA5, 0xFCA5, 0xFCA5, 0xFCA5, 0xFCA5, 0xFCA5, 0xFCA5,
    0xFCA5, 0xFCA5, 0xFCA5, 0xFCC5, 0xFCC5, 0xFCC5, 0xFCC5, 0xFCC5, 0xFCC5, 0xFCC5, 0xFCC5, 0xFCC5, 0xFCC5, 0xFCC5, 0xFCC5, 0xFCC5,
    0xFCC5, 0xFCC5, 0xFCC5, 0xFCC5, 0xFCC5, 0xFCC5, 0xFCC5, 0xFCC5, 0xFCA5, 0xFCA5, 0xFCA5, 0xFCA5, 0xFCA5, 0xFCA5, 0xFCA5, 0xFCC6,
    0xFCE7, 0xFD08, 0xFD08, 0xFD08, 0xFD08, 0xF4E8, 0xF4E8, 0xF4E8, 0xF4E8, 0xFCE8, 0xFCE8, 0xFCA7, 0xFC65, 0xFC65, 0xF465, 0xF465,
    0xF4A8, 0xF4A8, 0xF445, 0xF404, 0xF487, 0xEC46, 0xE3A2, 0xE406, 0xE52E, 0xFF5B, 0xFFFF, 0xFFFF, 0xFFFF, 0xFFFF, 0xFFFF, 0xFFFF,
    0xFFFF, 0xFFFF, 0xFFFF, 0xFFFF, 0xFFFF, 0xCC4B, 0xC2A1, 0xD364, 0xE384, 0xEBA4, 0xF3E5, 0xF406, 0xF427, 0xF428, 0xF428, 0xF428,
    0xF428, 0xF408, 0xF408, 0xF408, 0xF408, 0xF408, 0xF3E8, 0xF3E8, 0xF3E7, 0xF3E7, 0xF3C7, 0xEBC7, 0xEBC7, 0xEBC7, 0xEBA7, 0xEBA7,
    0xEBA7, 0xEBA7, 0xEB87, 0xEB87, 0xEB87, 0xEB87, 0xEB87, 0xEB67, 0xEB67, 0xEB67, 0xEB67, 0xEB47, 0xEB47, 0xEB47, 0xEB47, 0xEB47,
    0xEB47, 0xEB47, 0xEB47, 0xEB47, 0xEB47, 0xEB47, 0xFC85, 0xFC85, 0xFC85, 0xFC85, 0xFC85, 0xFC85, 0xFCA5, 0xFCA5, 0xFCA5, 0xFCA5,
    0xFCA5, 0xFCA5, 0xFCA5, 0xFCA5, 0xFCA5, 0xFCA5, 0xFCA5, 0xFCA5, 0xFCA5, 0xFCA5, 0xFCA5, 0xFCA5, 0xFCA5, 0xFCA5, 0xFCA5, 0xFCA5,
    0xFCA5, 0xFCA5, 0xFCA5, 0xFCA5, 0xFCA5, 0xFCA5, 0xFCA5, 0xFCA5, 0xFCA5, 0xFCA5, 0xFCA5, 0xFCA5, 0xFCC6, 0xFCE7, 0xFD08, 0xFD08,
    0xFD09, 0xFD09, 0xFD08, 0xFD08, 0xFD08, 0xFD08, 0xFCE8, 0xFCE8, 0xFCE8, 0xFCE9, 0xFCC7, 0xFC85, 0xFC64, 0xF465, 0xF424, 0xEC03,
    0xEC67, 0xECA9, 0xEC88, 0xE426, 0xE447, 0xE4CA, 0xE4EC, 0xED90, 0xF719, 0xFFFF, 0xFFFF, 0xFFFF, 0xFFFF, 0xFFFF, 0xFFFF, 0xFFFF,
    0xFFFF, 0xFFFF, 0xFFFF, 0xFFFF, 0xFFFF, 0xDD92, 0xBA81, 0xCB44, 0xDB64, 0xEB84, 0xF3A4, 0xF3A4, 0xF3A4, 0xF3A4, 0xF3A5, 0xF3C6,
    0xF3E6, 0xF407, 0xF408, 0xF408, 0xF408, 0xF408, 0xF3E8, 0xF3E7, 0xF3E7, 0xF3E7, 0xF3C7, 0xEBC7, 0xEBC7, 0xEBC7, 0xEBC7, 0xEBA7,
    0xEBA7, 0xEBA7, 0xEB87, 0xEB87, 0xEB87, 0xEB87, 0xEB87, 0xEB67, 0xEB67, 0xEB67, 0xEB67, 0xEB47, 0xEB47, 0xEB47, 0xEB47, 0xEB47,
    0xEB47, 0xEB47, 0xEB47, 0xEB47, 0xEB47, 0xEB47, 0xEB47, 0xFC85, 0xFC85, 0xFC85, 0xFC85, 0xFC85, 0xFC85, 0xFC85, 0xFC85, 0xFC85,
    0xFC85, 0xFCA5, 0xFCA5, 0xFCA5, 0xFCA5, 0xFCA5, 0xFCA5, 0xFCA5, 0xFCA5, 0xFCA5, 0xFCA5, 0xFCA5, 0xFCA5, 0xFCA5, 0xFCA5, 0xFCA5,
    0xFCA5, 0xFCA5, 0xFCA5, 0xFCA5, 0xFCA5, 0xFCA5, 0xFCA5, 0xFCA5, 0xFCA5, 0xFCA5, 0xFCC6, 0xFCE7, 0xFD08, 0xFD08, 0xFD09, 0xFD09,
    0xFD08, 0xFD08, 0xFD08, 0xFD08, 0xFD08, 0xFD08, 0xFCE8, 0xFCE8, 0xFD09, 0xFCE8, 0xFC86, 0xFC65, 0xF444, 0xF465, 0xEC03, 0xEC46,
    0xF613, 0xF719, 0xFF9D, 0xFFBD, 0xFFBD, 0xFFBE, 0xFFDE, 0xFFFF, 0xFFFF, 0xFFFF, 0xFFFF, 0xFFFF, 0xFFFF, 0xFFFF, 0xFFFF, 0xFFFF,
    0xFFFF, 0xFFFF, 0xFFFF, 0xFFFF, 0xFFFF, 0xEE77, 0xBAA2, 0xCB03, 0xDB64, 0xE384, 0xEBA4, 0xF3A4, 0xF3A4, 0xF3A4, 0xF384, 0xF384,
    0xF384, 0xF364, 0xF364, 0xF385, 0xF3A6, 0xF3C7, 0xF3E7, 0xF3E8, 0xF3E8, 0xF3E8, 0xF3C7, 0xEBC7, 0xEBC7, 0xEBC7, 0xEBA7, 0xEBA7,
    0xEBA7, 0xEBA7, 0xEB87, 0xEB87, 0xEB87, 0xEB87, 0xEB87, 0xEB67, 0xEB67, 0xEB67, 0xEB67, 0xEB67, 0xEB47, 0xEB47, 0xEB47, 0xEB47,
    0xEB47, 0xEB47, 0xEB47, 0xEB47, 0xEB47, 0xEB47, 0xEB47, 0xEB47, 0xFC65, 0xFC65, 0xFC65, 0xFC85, 0xFC85, 0xFC85, 0xFC85, 0xFC85,
    0xFC85, 0xFC85, 0xFC85, 0xFC85, 0xFC85, 0xFC85, 0xFCA5, 0xFC85, 0xFCA5, 0xFCA5, 0xFCA5, 0xFCA5, 0xFCA5, 0xFCA5, 0xFCA5, 0xFCA5,
    0xFCA5, 0xFCA5, 0xFCA5, 0xFC85, 0xFC85, 0xFCA5, 0xFCA5, 0xFCC6, 0xFCE7, 0xFCE8, 0xFD08, 0xFD09, 0xFD09, 0xFD08, 0xFD08, 0xFD08,
    0xFD08, 0xFD08, 0xFD08, 0xFD08, 0xFCE8, 0xFCE8, 0xFCE8, 0xFD09, 0xFCE8, 0xFCA6, 0xFC65, 0xFC64, 0xF465, 0xF445, 0xEBE3, 0xE488,
    0xFF7C, 0xFFFF, 0xFFFF, 0xFFFF, 0xFFFF, 0xFFFF, 0xFFFF, 0xFFFF, 0xFFFF, 0xFFFF, 0xFFFF, 0xFFFF, 0xFFFF, 0xFFFF, 0xFFFF, 0xFFFF,
    0xFFFF, 0xFFFF, 0xFFFF, 0xFFFF, 0xFFFF, 0xEEB8, 0xBB25, 0xC325, 0xD344, 0xE364, 0xEB84, 0xF3A4, 0xF3A4, 0xF3A4, 0xF384, 0xF384,
    0xF384, 0xF384, 0xF364, 0xF364, 0xF364, 0xEB44, 0xEB44, 0xEB44, 0xEB65, 0xEB86, 0xF3A7, 0xEBC7, 0xEBC8, 0xEBC8, 0xEBC8, 0xEBA7,
    0xEBA7, 0xEBA7, 0xEBA7, 0xEB87, 0xEB87, 0xEB87, 0xEB87, 0xEB67, 0xEB67, 0xEB67, 0xEB67, 0xEB67, 0xEB47, 0xEB47, 0xEB47, 0xEB47,
    0xEB47, 0xEB47, 0xEB47, 0xEB47, 0xEB47, 0xEB47, 0xEB47, 0xEB47, 0xEB47, 0xFC65, 0xFC65, 0xFC65, 0xFC65, 0xFC65, 0xFC65, 0xFC85,
    0xFC85, 0xFC85, 0xFC85, 0xFC85, 0xFC85, 0xFC85, 0xFC85, 0xFC85, 0xFC85, 0xFC85, 0xFC85, 0xFC85, 0xFC85, 0xFC85, 0xFC85, 0xFC85,
    0xFC85, 0xFC85, 0xFC85, 0xFCA5, 0xFCC6, 0xFCC7, 0xFCE8, 0xFD08, 0xFD09, 0xFD09, 0xFD08, 0xFD08, 0xFD08, 0xFD08, 0xFD08, 0xFD08,
    0xFD08, 0xFD08, 0xFCE8, 0xFCE8, 0xFCE8, 0xFCE8, 0xFCE9, 0xFCE8, 0xFCC7, 0xFC65, 0xFC64, 0xFC65, 0xFC45, 0xF445, 0xEC24, 0xE3E4,
    0xF73A, 0xFFFF, 0xFFFF, 0xFFFF, 0xFFFF, 0xFFFF, 0xFFFF, 0xFFFF, 0xFFFF, 0xFFFF, 0xFFFF, 0xFFFF, 0xFFFF, 0xFFFF, 0xFFFF, 0xFFFF,
    0xFFFF, 0xFFFF, 0xFFFF, 0xFFFF, 0xFFFF, 0xE656, 0xBB25, 0xC345, 0xD3A7, 0xE3E7, 0xEBC6, 0xEBA4, 0xF3A4, 0xF3A4, 0xF384, 0xF384,
    0xF384, 0xF384, 0xF364, 0xF364, 0xF364, 0xEB64, 0xEB64, 0xEB44, 0xEB44, 0xEB24, 0xEB23, 0xEB24, 0xEB44, 0xEB65, 0xEB86, 0xEBA7,
    0xEBA7, 0xEBA8, 0xEBA8, 0xEBA7, 0xEB87, 0xEB87, 0xEB87, 0xEB67, 0xEB67, 0xEB67, 0xEB67, 0xEB67, 0xEB47, 0xEB47, 0xEB47, 0xEB47,
    0xEB47, 0xEB47, 0xEB47, 0xEB47, 0xEB47, 0xEB47, 0xEB47, 0xEB47, 0xEB47, 0xEB47, 0xFC65, 0xFC65, 0xFC65, 0xFC65, 0xFC65, 0xFC65,
    0xFC65, 0xFC65, 0xFC65, 0xFC85, 0xFC85, 0xFC85, 0xFC85, 0xFC85, 0xFC85, 0xFC85, 0xFC85, 0xFC85, 0xFC85, 0xFC85, 0xFC84, 0xFC84,
    0xFC85, 0xFCA6, 0xFCC7, 0xFCE7, 0xFD08, 0xFD09, 0xFD09, 0xFD08, 0xFD08, 0xFD08, 0xFD08, 0xFD08, 0xFD08, 0xFD08, 0xFCE8, 0xFCE8,
    0xFCE8, 0xFCE8, 0xFCE8, 0xFCE8, 0xFCE8, 0xFCE8, 0xFCE9, 0xFCC8, 0xFC86, 0xFC44, 0xFC65, 0xFC65, 0xFC45, 0xFC45, 0xF424, 0xE3E4,
    0xE4CC, 0xFFFF, 0xFFFF, 0xFFFF, 0xFFFF, 0xFFFF, 0xFFFF, 0xFFFF, 0xFFFF, 0xFFFF, 0xFFFF, 0xFFFF, 0xFFFF, 0xFFFF, 0xFFFF, 0xFFFF,
    0xFFFF, 0xFFFF, 0xFFFF, 0xFFFF, 0xFFFF, 0xF77C, 0xBB67, 0xBAC3, 0xCBA7, 0xDBC7, 0xEC07, 0xF428, 0xF427, 0xF3C5, 0xF384, 0xF384,
    0xF384, 0xF384, 0xF364, 0xF364, 0xF364, 0xEB64, 0xEB44, 0xEB44, 0xEB44, 0xEB44, 0xEB44, 0xEB24, 0xEB24, 0xEB24, 0xEB03, 0xEB03,
    0xEB04, 0xEB24, 0xEB45, 0xEB66, 0xEB87, 0xEB87, 0xEB88, 0xEB88, 0xEB67, 0xEB67, 0xEB67, 0xEB67, 0xEB67, 0xEB47, 0xEB47, 0xEB47,
    0xEB47, 0xEB47, 0xEB47, 0xEB47, 0xEB47, 0xEB47, 0xEB47, 0xEB47, 0xEB47, 0xEB47, 0xEB47, 0xFC45, 0xFC45, 0xFC65, 0xFC65, 0xFC65,
    0xFC65, 0xFC65, 0xFC65, 0xFC65, 0xFC65, 0xFC65, 0xFC65, 0xFC65, 0xFC65, 0xFC85, 0xFC65, 0xFC64, 0xFC64, 0xFC85, 0xFC85, 0xFCA6,
    0xFCC7, 0xFCE8, 0xFD08, 0xFD09, 0xFD08, 0xFD08, 0xFCE8, 0xFCE8, 0xFCE8, 0xFCE8, 0xFCE8, 0xFCE8, 0xFCE8, 0xFCE8, 0xFCE8, 0xFCE8,
    0xFCE8, 0xFCE8, 0xFCE8, 0xFCE8, 0xFCE8, 0xFCE9, 0xFCC8, 0xFC86, 0xFC65, 0xFC44, 0xFC45, 0xFC45, 0xFC45, 0xFC45, 0xF424, 0xF445,
    0xDC06, 0xDD0E, 0xFFFF, 0xFFFF, 0xFFFF, 0xFFFF, 0xFFFF, 0xFFFF, 0xFFFF, 0xFFFF, 0xFFFF, 0xFFFF, 0xFFFF, 0xFFFF, 0xFFFF, 0xFFFF,
    0xFFFF, 0xFFFF, 0xFFFF, 0xFFFF, 0xFFFF, 0xFFFF, 0xFFFF, 0xFF9D, 0xDD30, 0xCB65, 0xDBC7, 0xEC08, 0xF427, 0xF428, 0xF428, 0xF407,
    0xF3A5, 0xF364, 0xF364, 0xF364, 0xF364, 0xEB64, 0xEB44, 0xEB44, 0xEB44, 0xEB44, 0xEB24, 0xEB24, 0xEB24, 0xEB24, 0xEB24, 0xEB04,
    0xEB04, 0xEB04, 0xEAE4, 0xEAE3, 0xEAE3, 0xEAE4, 0xEB04, 0xEB25, 0xEB46, 0xEB67, 0xEB67, 0xEB67, 0xEB67, 0xEB47, 0xEB47, 0xEB47,
    0xEB47, 0xEB47, 0xEB47, 0xEB47, 0xEB47, 0xEB47, 0xEB47, 0xEB47, 0xEB47, 0xEB47, 0xEB47, 0xEB47, 0xFC45, 0xFC45, 0xFC45, 0xFC45,
    0xFC45, 0xFC65, 0xFC65, 0xFC65, 0xFC65, 0xFC65, 0xFC65, 0xFC65, 0xFC64, 0xFC64, 0xFC65, 0xFC85, 0xFCA6, 0xFCC7, 0xFCE8, 0xFCE8,
    0xFCE9, 0xFCE9, 0xFCE8, 0xFCE8, 0xFCE8, 0xFCE8, 0xFCE8, 0xFCE8, 0xFCE8, 0xFCE8, 0xFCE8, 0xFCE8, 0xFCE8, 0xFCE8, 0xFCE8, 0xFCE8,
    0xFCE8, 0xFCE8, 0xFCE8, 0xFCE8, 0xFCE9, 0xFCE8, 0xFCA6, 0xFC65, 0xFC44, 0xFC45, 0xFC45, 0xFC45, 0xFC45, 0xFC45, 0xFC44, 0xF445,
    0xEC88, 0xDC06, 0xD48B, 0xFFFF, 0xFFFF, 0xFFFF, 0xFFFF, 0xFFFF, 0xFFFF, 0xFFFF, 0xFFFF, 0xFFFF, 0xFFFF, 0xFFFF, 0xFFFF, 0xFFFF,
    0xFFFF, 0xFFFF, 0xFFFF, 0xFFFF, 0xFFFF, 0xFFFF, 0xFFFF, 0xFFFF, 0xFFFF, 0xFFFF, 0xEE97, 0xDBE8, 0xE3C6, 0xEC28, 0xF408, 0xF428,
    0xF428, 0xF428, 0xF3C6, 0xF384, 0xF364, 0xEB64, 0xEB64, 0xEB44, 0xEB44, 0xEB44, 0xEB24, 0xEB24, 0xEB24, 0xEB24, 0xEB24, 0xEB04,
    0xEB04, 0xEB04, 0xEAE4, 0xEAE4, 0xEAE4, 0xEAE4, 0xEAC4, 0xEAC3, 0xEAC3, 0xEAA3, 0xEAC4, 0xEAE5, 0xEB05, 0xEB26, 0xEB47, 0xEB67,
    0xEB67, 0xEB47, 0xEB47, 0xEB47, 0xEB47, 0xEB47, 0xEB47, 0xEB47, 0xEB47, 0xEB47, 0xEB47, 0xEB47, 0xEB47, 0xFC45, 0xFC45, 0xFC45,
    0xFC45, 0xFC45, 0xFC45, 0xFC45, 0xFC45, 0xFC44, 0xFC44, 0xFC44, 0xFC65, 0xFC86, 0xFCA7, 0xFCC8, 0xFCE8, 0xFCE9, 0xFCE9, 0xFCE8,
    0xFCE8, 0xFCE8, 0xFCE8, 0xFCE8, 0xFCE8, 0xFCE8, 0xFCE8, 0xFCE8, 0xFCE8, 0xFCE8, 0xFCE8, 0xFCE8, 0xFCE8, 0xFCE8, 0xFCE8, 0xFCE8,
    0xFCE8, 0xFCC8, 0xFCC8, 0xFCC8, 0xFCC8, 0xFCA7, 0xFC65, 0xFC44, 0xFC45, 0xFC45, 0xFC45, 0xFC45, 0xFC45, 0xFC45, 0xFC24, 0xFC45,
    0xF4A8, 0xEC88, 0xDC27, 0xCBA6, 0xF73B, 0xFFFF, 0xFFDF, 0xFFFF, 0xFFFF, 0xFFFF, 0xFFFF, 0xFFFF, 0xFFFF, 0xFFFF, 0xFFFF, 0xFFFF,
    0xFFFF, 0xFFFF, 0xFFFF, 0xFFFF, 0xFFFF, 0xFFFF, 0xFFFF, 0xFFFF, 0xFFFF, 0xFFFF, 0xFFFF, 0xFFFF, 0xFF5B, 0xDC4A, 0xE3A6, 0xEC08,
    0xF408, 0xF408, 0xF408, 0xF408, 0xF408, 0xF3A6, 0xEB64, 0xEB44, 0xEB44, 0xEB44, 0xEB44, 0xEB24, 0xEB24, 0xEB24, 0xEB24, 0xEB04,
    0xEB04, 0xEB04, 0xEB04, 0xEAE4, 0xEAE4, 0xEAE4, 0xEAE4, 0xEAC4, 0xEAC4, 0xEAC4, 0xEAC3, 0xEAA3, 0xEAA3, 0xEA83, 0xEA83, 0xEAA4,
    0xEAE5, 0xEB06, 0xEB27, 0xEB47, 0xEB67, 0xEB67, 0xEB47, 0xEB47, 0xEB47, 0xEB47, 0xEB47, 0xEB47, 0xEB47, 0xEB47, 0xFC25, 0xFC45,
    0xFC45, 0xFC45, 0xFC44, 0xFC44, 0xFC44, 0xFC45, 0xFC65, 0xFC86, 0xFCA7, 0xFCC8, 0xFCC8, 0xFCC8, 0xFCC8, 0xFCC8, 0xFCC8, 0xFCC8,
    0xFCC8, 0xFCC8, 0xFCC8, 0xFCC8, 0xFCC8, 0xFCC8, 0xFCC8, 0xFCC8, 0xFCC8, 0xFCC8, 0xFCC8, 0xFCC8, 0xFCC8, 0xFCC8, 0xFCC8, 0xFCC8,
    0xFCC8, 0xFCC8, 0xFCC8, 0xFCE8, 0xFCA7, 0xFC65, 0xFC44, 0xFC44, 0xFC45, 0xFC45, 0xFC45, 0xFC45, 0xFC45, 0xFC45, 0xFC24, 0xFC45,
    0xFCA8, 0xF4A8, 0xEC88, 0xE447, 0xCB85, 0xCC4A, 0xF77C, 0xFFFF, 0xFFFF, 0xFFFF, 0xFFFF, 0xFFFF, 0xFFFF, 0xFFFF, 0xFFFF, 0xFFFF,
    0xFFFF, 0xFFFF, 0xFFFF, 0xFFFF, 0xFFFF, 0xFFFF, 0xFFFF, 0xFFFF, 0xFFFF, 0xFFFF, 0xFFFF, 0xFFFF, 0xFFFF, 0xFFFF, 0xFF9D, 0xDC4B,
    0xE3A6, 0xEC08, 0xEC07, 0xF408, 0xF408, 0xF408, 0xF408, 0xF3E7, 0xEB85, 0xEB24, 0xEB24, 0xEB24, 0xEB24, 0xEB24, 0xEB24, 0xEB04,
    0xEB04, 0xEB04, 0xEB04, 0xEAE4, 0xEAE4, 0xEAE4, 0xEAC4, 0xEAC4, 0xEAC4, 0xEAC4, 0xEAC3, 0xEAA3, 0xEAA3, 0xEAA3, 0xEAA4, 0xEA83,
    0xEA83, 0xEA83, 0xEA83, 0xEA83, 0xEAA4, 0xEAE5, 0xEB06, 0xEB47, 0xEB47, 0xEB67, 0xEB47, 0xEB47, 0xEB47, 0xEB47, 0xEB47, 0xF424,
    0xF424, 0xF424, 0xFC25, 0xFC45, 0xFC66, 0xFC87, 0xFCA8, 0xFCC8, 0xFCC8, 0xFCC8, 0xFCC8, 0xFCC8, 0xFCC8, 0xFCC8, 0xFCC8, 0xFCC8,
    0xFCC8, 0xFCC8, 0xFCC8, 0xFCC8, 0xFCC8, 0xFCC8, 0xFCC8, 0xFCC8, 0xFCC8, 0xFCC8, 0xFCC8, 0xFCC8, 0xFCC8, 0xFCC8, 0xFCC8, 0xFCC8,
    0xFCC8, 0xFCC8, 0xFCC8, 0xFCC8, 0xFC86, 0xFC44, 0xFC44, 0xFC45, 0xFC45, 0xFC45, 0xFC45, 0xFC25, 0xFC25, 0xF425, 0xF424, 0xF445,
    0xFCA8, 0xFCA8, 0xF488, 0xF488, 0xE447, 0xD407, 0xC323, 0xC365, 0xDD50, 0xEE56, 0xEE97, 0xE656, 0xE5F4, 0xDD92, 0xDD51, 0xD510,
    0xDD50, 0xE5D3, 0xF6F9, 0xFFFF, 0xFFFF, 0xFFFF, 0xFFFF, 0xFFFF, 0xFFFF, 0xFFFF, 0xFFFF, 0xFFFF, 0xFFFF, 0xFFFF, 0xFFFF, 0xFFFF,
    0xFF7C, 0xDBE9, 0xE3A6, 0xEBE8, 0xEBE7, 0xF3E8, 0xF3E8, 0xF3E7, 0xF3E8, 0xF3E8, 0xF3A7, 0xEB45, 0xEB23, 0xEB24, 0xEB24, 0xEB04,
    0xEB04, 0xEB04, 0xEB04, 0xEAE4, 0xEAE4, 0xEAE4, 0xEAE4, 0xEAC4, 0xEAC4, 0xEAC4, 0xEAC3, 0xEAA3, 0xEAA3, 0xEAA3, 0xEA83, 0xEA83,
    0xEA83, 0xEA83, 0xEA83, 0xEA84, 0xEA83, 0xEA83, 0xEA83, 0xEA83, 0xEAA4, 0xEAC4, 0xEAE5, 0xEB26, 0xEB47, 0xEB47, 0xEB67, 0xEB47,
    0xF425, 0xF446, 0xFC67, 0xFCA8, 0xFCA8, 0xFCC8, 0xFCC8, 0xFCA8, 0xFCA8, 0xFCC8, 0xFCC8, 0xFCC8, 0xFCC8, 0xFCC8, 0xFCC8, 0xFCC8,
    0xFCC8, 0xFCC8, 0xFCC8, 0xFCC8, 0xFCC8, 0xFCC8, 0xFCC8, 0xFCC8, 0xFCC8, 0xFCC8, 0xFCC8, 0xFCC8, 0xFCC8, 0xFCC8, 0xFCC8, 0xFCC8,
    0xFCC8, 0xFCC8, 0xFCC8, 0xFC87, 0xFC45, 0xFC24, 0xFC45, 0xFC45, 0xFC25, 0xFC25, 0xFC25, 0xF424, 0xF424, 0xF424, 0xF424, 0xF445,
    0xFCA8, 0xFCA8, 0xFCA8, 0xF488, 0xF488, 0xEC68, 0xE407, 0xD384, 0xC302, 0xBAA1, 0xBAA1, 0xB2A1, 0xB2C3, 0xB2C3, 0xB2C3, 0xB2C3,
    0xB2A2, 0xB240, 0xB261, 0xB282, 0xC387, 0xE5F4, 0xFFFF, 0xFFFF, 0xFFFF, 0xFFFF, 0xFFFF, 0xFFFF, 0xFFFF, 0xFFFF, 0xFFFF, 0xFFFF,
    0xFFFF, 0xFFFF, 0xF6D9, 0xDB66, 0xE3C7, 0xEBE7, 0xF3E8, 0xF3E8, 0xF3E7, 0xF3E7, 0xF3C7, 0xF3C8, 0xEBC8, 0xEB86, 0xEB24, 0xEB03,
    0xEB04, 0xEB04, 0xEB04, 0xEAE4, 0xEAE4, 0xEAE4, 0xEAE4, 0xEAC4, 0xEAC4, 0xEAC4, 0xEAC3, 0xEAA3, 0xEAA3, 0xEAA3, 0xEAA3, 0xEA83,
    0xEA83, 0xEA83, 0xEA83, 0xEA83, 0xEA83, 0xEA83, 0xEA83, 0xEA83, 0xEA83, 0xEA83, 0xEA83, 0xEA83, 0xEA83, 0xEAA4, 0xEAC5, 0xEB06,
    0xEB27, 0xF4A8, 0xFCA8, 0xFCA8, 0xFCA8, 0xFCA8, 0xFCA8, 0xFCA8, 0xFCA8, 0xFCA8, 0xFCA8, 0xFCA8, 0xFCA8, 0xFCA8, 0xFCA8, 0xFCC8,
    0xFCC8, 0xFCC8, 0xFCC8, 0xFCC8, 0xFCC8, 0xFCC8, 0xFCC8, 0xFCC8, 0xFCC8, 0xFCC8, 0xFCC8, 0xFCC8, 0xFCC8, 0xFCC8, 0xFCC8, 0xFCC8,
    0xFCC8, 0xFCC8, 0xFCA7, 0xFC45, 0xFC24, 0xFC24, 0xFC25, 0xFC25, 0xF425, 0xF424, 0xF424, 0xF424, 0xF424, 0xF424, 0xF424, 0xF425,
    0xFC88, 0xF4A8, 0xF4A8, 0xF488, 0xF488, 0xF488, 0xF488, 0xEC06, 0xE384, 0xD384, 0xCB64, 0xCB24, 0xCB24, 0xCB86, 0xCB86, 0xCB86,
    0xCBA7, 0xCB65, 0xCB23, 0xC303, 0xC2E3, 0xBA81, 0xB282, 0xCC4B, 0xFFBE, 0xFFFF, 0xFFFF, 0xFFFF, 0xFFFF, 0xFFFF, 0xFFFF, 0xFFFF,
    0xFFFF, 0xFFFF, 0xFFFF, 0xFFFF, 0xE551, 0xDB45, 0xEBE8, 0xEBE7, 0xF3E7, 0xF3E7, 0xF3C7, 0xF3C7, 0xEBC7, 0xEBC7, 0xEBC8, 0xEBA7,
    0xEB45, 0xEB04, 0xEAE3, 0xEAE4, 0xEAE4, 0xEAE4, 0xEAE4, 0xEAC4, 0xEAC4, 0xEAC4, 0xEAC3, 0xEAA3, 0xEAA3, 0xEAA3, 0xEAA3, 0xEA83,
    0xEA83, 0xEA83, 0xEA83, 0xEA83, 0xEA83, 0xEA83, 0xEA83, 0xEA83, 0xEA83, 0xEA83, 0xEA83, 0xEA83, 0xEA83, 0xEA83, 0xEA83, 0xEA83,
    0xEA83, 0xEA83, 0xF488, 0xF488, 0xF488, 0xF4A8, 0xFCA8, 0xFCA8, 0xFCA8, 0xFCA8, 0xFCA8, 0xFCA8, 0xFCA8, 0xFCA8, 0xFCA8, 0xFCA8,
    0xFCA8, 0xFCA8, 0xFCA8, 0xFCA8, 0xFCA8, 0xFCA8, 0xFCA8, 0xFCA8, 0xFCA8, 0xFCA8, 0xFCA8, 0xFCA8, 0xFCA8, 0xFCA8, 0xFCA8, 0xFCA8,
    0xFCC8, 0xFCA8, 0xFC66, 0xF424, 0xF424, 0xF425, 0xF424, 0xF424, 0xF424, 0xF424, 0xF424, 0xF424, 0xF424, 0xF424, 0xF404, 0xF425,
    0xF488, 0xF4A8, 0xF488, 0xF488, 0xF488, 0xF488, 0xF488, 0xF467, 0xF3E4, 0xEBC4, 0xE3A4, 0xE384, 0xDB64, 0xDBA5, 0xDBE7, 0xDBE7,
    0xDBE7, 0xDBE7, 0xDBA6, 0xDB43, 0xD344, 0xD323, 0xCB03, 0xC324, 0xB2A3, 0xC3EA, 0xFFBE, 0xFFFF, 0xFFFF, 0xFFFF, 0xFFFF, 0xFFFF,
    0xFFFF, 0xFFFF, 0xFFFF, 0xFFFF, 0xFFFF, 0xFF7D, 0xD3A8, 0xE3A7, 0xEBC7, 0xEBC7, 0xF3C7, 0xF3C7, 0xEBC7, 0xEBC7, 0xEBC7, 0xEBA7,
    0xEBA8, 0xEBC8, 0xEB87, 0xEB25, 0xEAE3, 0xEAE3, 0xEAE4, 0xEAC4, 0xEAC4, 0xEAC4, 0xEAC3, 0xEAA3, 0xEAA3, 0xEAA3, 0xEAA3, 0xEA83,
    0xEA83, 0xEA83, 0xEA83, 0xEA83, 0xEA83, 0xEA83, 0xEA83, 0xEA83, 0xEA83, 0xEA83, 0xEA83, 0xEA83, 0xEA83, 0xEA83, 0xEA83, 0xEA83,
    0xEA83, 0xEA83, 0xEA83, 0xF488, 0xF488, 0xF488, 0xF488, 0xF488, 0xF4A8, 0xF4A8, 0xF4A8, 0xFCA8, 0xFCA8, 0xFCA8, 0xFCA8, 0xFCA8,
    0xFCA8, 0xFCA8, 0xFCA8, 0xFCA8, 0xFCA8, 0xFCA8, 0xFCA8, 0xFCA8, 0xFCA8, 0xFCA8, 0xFCA8, 0xFCA8, 0xFCA8, 0xFCA8, 0xFCA8, 0xFCA8,
    0xFCA8, 0xFC66, 0xF424, 0xF424, 0xF424, 0xF424, 0xF424, 0xF424, 0xF424, 0xF424, 0xF424, 0xF424, 0xF404, 0xF404, 0xF404, 0xF425,
    0xF488, 0xF488, 0xF488, 0xF488, 0xF488, 0xF488, 0xF488, 0xF488, 0xF405, 0xF3E4, 0xF3E4, 0xEBC4, 0xEBC4, 0xEBA4, 0xEC06, 0xEC48,
    0xEC27, 0xEC27, 0xEC28, 0xEC06, 0xEB84, 0xE384, 0xE364, 0xDB44, 0xD324, 0xCB66, 0xB2A3, 0xD4EF, 0xFFFF, 0xFFFF, 0xFFFF, 0xFFFF,
    0xFFFF, 0xFFFF, 0xFFFF, 0xFFFF, 0xFFFF, 0xFFFF, 0xFFFF, 0xE530, 0xD325, 0xE3C8, 0xEBC7, 0xF3C7, 0xEBC7, 0xEBC7, 0xEBC7, 0xEBC7,
    0xEBA7, 0xEBA7, 0xEBA7, 0xEBA8, 0xEBA8, 0xEB66, 0xEB04, 0xEAC3, 0xEAC4, 0xEAC4, 0xEAC3, 0xEAA3, 0xEAA3, 0xEAA3, 0xEAA3, 0xEA83,
    0xEA83, 0xEA83, 0xEA83, 0xEA83, 0xEA83, 0xEA83, 0xEA83, 0xEA83, 0xEA83, 0xEA83, 0xEA83, 0xEA83, 0xEA83, 0xEA83, 0xEA83, 0xEA83,
    0xEA83, 0xEA83, 0xEA83, 0xEA83, 0xF468, 0xF488, 0xF488, 0xF488, 0xF488, 0xF488, 0xF488, 0xF488, 0xF488, 0xF4A8, 0xF4A8, 0xF4A8,
    0xFCA8, 0xFCA8, 0xFCA8, 0xFCA8, 0xFCA8, 0xFCA8, 0xFCA8, 0xFCA8, 0xFCA8, 0xFCA8, 0xFCA8, 0xFCA8, 0xFCA8, 0xFCA8, 0xFCA8, 0xFCA8,
    0xFC67, 0xF425, 0xF404, 0xF424, 0xF425, 0xF424, 0xF424, 0xF424, 0xF404, 0xF404, 0xF404, 0xF404, 0xF404, 0xF404, 0xF404, 0xF425,
    0xF488, 0xF488, 0xF488, 0xF488, 0xF488, 0xF488, 0xF468, 0xF488, 0xF447, 0xF3E4, 0xF3E4, 0xF3E4, 0xF3E4, 0xF3C4, 0xF3C4, 0xF447,
    0xF448, 0xF448, 0xF448, 0xF448, 0xF406, 0xF3A4, 0xEBA4, 0xEB84, 0xEB84, 0xE344, 0xD386, 0xC366, 0xBAE4, 0xF71A, 0xFFFF, 0xFFFF,
    0xFFFF, 0xFFFF, 0xFFFF, 0xFFFF, 0xFFFF, 0xFFFF, 0xFFFF, 0xFFFF, 0xF6B8, 0xCAE4, 0xE3A7, 0xEBC7, 0xEBC7, 0xEBC7, 0xEBC7, 0xEBC7,
    0xEBA7, 0xEBA7, 0xEBA7, 0xEBA7, 0xEB87, 0xEB87, 0xEBA8, 0xEB87, 0xEB26, 0xEAC4, 0xEAA3, 0xEAA3, 0xEAA3, 0xEAA3, 0xEAA3, 0xEAA3,
    0xEA83, 0xEA83, 0xEA83, 0xEA83, 0xEA83, 0xEA83, 0xEA83, 0xEA83, 0xEA83, 0xEA83, 0xEA83, 0xEA83, 0xEA83, 0xEA83, 0xEA83, 0xEA83,
    0xEA83, 0xEA83, 0xEA83, 0xEA83, 0xE283, 0xF468, 0xF468, 0xF488, 0xF488, 0xF488, 0xF488, 0xF488, 0xF488, 0xF488, 0xF488, 0xF488,
    0xF488, 0xF488, 0xF488, 0xF4A8, 0xF488, 0xF4A8, 0xF4A8, 0xF4A8, 0xF4A8, 0xF4A8, 0xF4A8, 0xFCA8, 0xFCA8, 0xFCA8, 0xFCA8, 0xF487,
    0xF425, 0xF404, 0xF404, 0xF405, 0xF404, 0xF404, 0xF404, 0xF404, 0xF404, 0xF404, 0xF404, 0xF404, 0xF404, 0xF404, 0xF404, 0xF405,
    0xF488, 0xF488, 0xF488, 0xF488, 0xF447, 0xF447, 0xF447, 0xF468, 0xF468, 0xF3E5, 0xF3E4, 0xF3E4, 0xF3C4, 0xF3C4, 0xF3C4, 0xF3E5,
    0xF448, 0xF448, 0xF448, 0xF448, 0xF448, 0xF407, 0xF3A4, 0xF3A4, 0xF3A4, 0xEB84, 0xEB64, 0xE385, 0xD3A7, 0xBAC3, 0xD510, 0xFFFF,
    0xFFFF, 0xFFFF, 0xFFFF, 0xFFFF, 0xFFFF, 0xFFFF, 0xFFFF, 0xFFFF, 0xFFFF, 0xFFBE, 0xD346, 0xDB05, 0xEBC8, 0xF3C7, 0xEBC7, 0xEBC7,
    0xEBA7, 0xEBA7, 0xEBA7, 0xEBA7, 0xEB87, 0xEB87, 0xEB87, 0xEB87, 0xEB87, 0xEB88, 0xEB67, 0xEB05, 0xEAA3, 0xEAA3, 0xEAA3, 0xEAA3,
    0xEA83, 0xEA83, 0xEA83, 0xEA83, 0xEA83, 0xEA83, 0xEA83, 0xEA83, 0xEA83, 0xEA83, 0xEA83, 0xEA83, 0xEA83, 0xEA83, 0xEA83, 0xEA83,
    0xEA83, 0xEA83, 0xEA83, 0xEA83, 0xEA83, 0xE283, 0xF468, 0xF468, 0xF468, 0xF468, 0xF468, 0xF488, 0xF488, 0xF488, 0xF488, 0xF488,
    0xF488, 0xF488, 0xF488, 0xF488, 0xF488, 0xF488, 0xF488, 0xF488, 0xF488, 0xF488, 0xF488, 0xF488, 0xF488, 0xF4A8, 0xF488, 0xF446,
    0xF404, 0xF404, 0xF405, 0xF404, 0xF404, 0xF404, 0xF404, 0xF404, 0xF404, 0xF404, 0xF404, 0xF404, 0xF404, 0xF404, 0xF3E4, 0xF405,
    0xF468, 0xF468, 0xF468, 0xEC27, 0xE406, 0xEC69, 0xECCB, 0xEC8A, 0xE407, 0xEBE5, 0xF3C4, 0xF3C4, 0xF3C4, 0xF3C4, 0xF3C4, 0xF3C4,
    0xF406, 0xF448, 0xF448, 0xF448, 0xF448, 0xF448, 0xF406, 0xF384, 0xF3A4, 0xF384, 0xF384, 0xEB64, 0xEB85, 0xDBC7, 0xC325, 0xC3C9,
    0xFFFF, 0xFFFF, 0xFFFF, 0xFFFF, 0xFFFF, 0xFFFF, 0xFFFF, 0xFFFF, 0xFFFF, 0xFFFF, 0xFFFF, 0xD40A, 0xD282, 0xEB86, 0xF3C8, 0xEBA7,
    0xEBA7, 0xEBA7, 0xEBA7, 0xEB87, 0xEB87, 0xEB87, 0xEB87, 0xEB87, 0xEB87, 0xEB67, 0xEB67, 0xEB67, 0xEB68, 0xEB46, 0xEAC4, 0xEA83,
    0xEA83, 0xEA84, 0xEA83, 0xEA83, 0xEA83, 0xEA83, 0xEA83, 0xEA83, 0xEA83, 0xEA83, 0xEA83, 0xEA83, 0xEA83, 0xEA83, 0xEA83, 0xEA83,
    0xEA83, 0xEA83, 0xEA83, 0xEA83, 0xEA83, 0xE283, 0xE283, 0xF468, 0xF468, 0xF468, 0xF468, 0xF468, 0xF468, 0xF468, 0xF468, 0xF468,
    0xF468, 0xF488, 0xF488, 0xF488, 0xF488, 0xF488, 0xF488, 0xF488, 0xF488, 0xF488, 0xF488, 0xF488, 0xF488, 0xF488, 0xF446, 0xF404,
    0xF3E4, 0xF404, 0xF404, 0xF404, 0xF404, 0xF404, 0xF404, 0xF404, 0xF404, 0xF404, 0xF404, 0xF3E4, 0xF3E4, 0xF3E4, 0xF3E4, 0xF405,
    0xF468, 0xF468, 0xEC68, 0xE3E6, 0xE4CC, 0xF6D8, 0xFFBE, 0xFFFF, 0xFFDE, 0xF697, 0xE3E7, 0xE363, 0xEBC4, 0xF3C4, 0xF3C4, 0xF3C4,
    0xF3A4, 0xF427, 0xF448, 0xF448, 0xF428, 0xF428, 0xF448, 0xF406, 0xF384, 0xF384, 0xF384, 0xF384, 0xF384, 0xEB64, 0xE3C7, 0xCB66,
    0xC346, 0xF75C, 0xFFFF, 0xFFFF, 0xFFFF, 0xFFFF, 0xFFFF, 0xFFFF, 0xFFFF, 0xFFFF, 0xFFFF, 0xFFFF, 0xDCAE, 0xCA61, 0xEB04, 0xEB66,
    0xEBC8, 0xEBA7, 0xEBA7, 0xEBA7, 0xEB87, 0xEB87, 0xEB87, 0xEB87, 0xEB87, 0xEB67, 0xEB67, 0xEB67, 0xEB67, 0xEB67, 0xEB67, 0xEB67,
    0xEB06, 0xEAA4, 0xEA83, 0xEA83, 0xEA83, 0xEA83, 0xEA83, 0xEA83, 0xEA83, 0xEA83, 0xEA83, 0xEA83, 0xEA83, 0xEA83, 0xEA83, 0xEA83,
    0xEA83, 0xEA83, 0xEA83, 0xEA83, 0xEA83, 0xE283, 0xE283, 0xE283, 0xF448, 0xF468, 0xF468, 0xF468, 0xF468, 0xF468, 0xF468, 0xF468,
    0xF468, 0xF468, 0xF468, 0xF468, 0xF468, 0xF468, 0xF468, 0xF468, 0xF488, 0xF488, 0xF488, 0xF488, 0xF488, 0xF447, 0xF405, 0xF3E4,
    0xF3E4, 0xF3E4, 0xF3E4, 0xF3E4, 0xF3E4, 0xF3E4, 0xF3E4, 0xF3E4, 0xF3E4, 0xF3E4, 0xF3E4, 0xF3E4, 0xF3E4, 0xF3E4, 0xF3E4, 0xF405,
    0xF468, 0xF468, 0xEC48, 0xE3E6, 0xE52E, 0xFFDF, 0xFFFF, 0xFFFF, 0xFFFF, 0xFFFF, 0xFFFF, 0xFF3B, 0xDBA5, 0xE384, 0xEBA4, 0xF3A4,
    0xF3A4, 0xF3A4, 0xF428, 0xF448, 0xF428, 0xF428, 0xF428, 0xF428, 0xF3E6, 0xF384, 0xF384, 0xF384, 0xF384, 0xF364, 0xEB64, 0xE3A6,
    0xD387, 0xC305, 0xF6FA, 0xFFFF, 0xFFFF, 0xFFFF, 0xFFFF, 0xFFFF, 0xFFFF, 0xFFFF, 0xFFFF, 0xFFFF, 0xFFFF, 0xDD10, 0xC241, 0xE304,
    0xEB03, 0xEB66, 0xEBA8, 0xEB87, 0xEB87, 0xEB87, 0xEB87, 0xEB87, 0xEB87, 0xEB67, 0xEB67, 0xEB67, 0xEB67, 0xEB67, 0xEB47, 0xEB47,
    0xEB47, 0xEB67, 0xEB47, 0xEAE5, 0xEAA4, 0xEA83, 0xEA83, 0xEA83, 0xEA83, 0xEA83, 0xEA83, 0xEA83, 0xEA83, 0xEA83, 0xEA83, 0xEA83,
    0xEA83, 0xEA83, 0xEA83, 0xEA83, 0xEA83, 0xEA83, 0xE283, 0xE283, 0xE283, 0xF448, 0xF448, 0xF448, 0xF468, 0xF468, 0xF468, 0xF468,
    0xF468, 0xF468, 0xF468, 0xF468, 0xF468, 0xF468, 0xF468, 0xF468, 0xF468, 0xF468, 0xF468, 0xF488, 0xF447, 0xF405, 0xF3E4, 0xF3E4,
    0xF3E4, 0xF3E4, 0xF3E4, 0xF3E4, 0xF3E4, 0xF3E4, 0xF3E4, 0xF3E4, 0xF3E4, 0xF3E4, 0xF3E4, 0xF3E4, 0xF3E4, 0xF3E4, 0xF3E4, 0xF3E5,
    0xF468, 0xF468, 0xF468, 0xE407, 0xDC49, 0xFFBE, 0xFFFF, 0xFFFF, 0xFFFF, 0xFFFF, 0xFFFF, 0xFFDF, 0xFFFF, 0xE550, 0xDB02, 0xEBA5,
    0xF3A4, 0xF3A4, 0xF3C5, 0xF448, 0xF428, 0xF428, 0xF428, 0xF428, 0xF428, 0xF3E6, 0xF384, 0xF384, 0xF364, 0xF364, 0xF364, 0xEB44,
    0xE385, 0xDBA7, 0xC305, 0xEED9, 0xFFFF, 0xFFFF, 0xFFFF, 0xFFFF, 0xFFFF, 0xFFFF, 0xFFFF, 0xFFFF, 0xFFFF, 0xFFFF, 0xDD10, 0xC221,
    0xE304, 0xEB04, 0xEAE3, 0xEB46, 0xEBA8, 0xEB87, 0xEB87, 0xEB87, 0xEB87, 0xEB67, 0xEB67, 0xEB67, 0xEB67, 0xEB67, 0xEB67, 0xEB47,
    0xEB47, 0xEB47, 0xEB47, 0xEB47, 0xEB67, 0xEB27, 0xEAC5, 0xEA83, 0xEA83, 0xEA83, 0xEA83, 0xEA83, 0xEA83, 0xEA83, 0xEA83, 0xEA83,
    0xEA83, 0xEA83, 0xEA83, 0xEA83, 0xEA83, 0xEA83, 0xE283, 0xE283, 0xE283, 0xE283, 0xF448, 0xF448, 0xF448, 0xF448, 0xF448, 0xF468,
    0xF468, 0xF468, 0xF468, 0xF468, 0xF468, 0xF468, 0xF468, 0xF468, 0xF468, 0xF468, 0xF468, 0xF448, 0xF406, 0xF3E4, 0xF3E4, 0xF3E4,
    0xF3E4, 0xF3E4, 0xF3E4, 0xF3E4, 0xF3E4, 0xF3E4, 0xF3E4, 0xF3E4, 0xF3E4, 0xF3E4, 0xF3E4, 0xF3E4, 0xF3E4, 0xF3E4, 0xF3C4, 0xF3E5,
    0xF468, 0xF468, 0xF468, 0xF448, 0xDBA5, 0xE5B2, 0xFFFF, 0xFFFF, 0xFFFF, 0xFFFF, 0xFFFF, 0xFFFF, 0xFFFF, 0xFFFF, 0xF71A, 0xD323,
    0xE364, 0xEB84, 0xF384, 0xF3E6, 0xF448, 0xF428, 0xF428, 0xF428, 0xF428, 0xF428, 0xF3E6, 0xF364, 0xF364, 0xF364, 0xF364, 0xF364,
    0xEB44, 0xE365, 0xDBA7, 0xC305, 0xEED9, 0xFFFF, 0xFFFF, 0xFFFF, 0xFFFF, 0xFFFF, 0xFFFF, 0xFFFF, 0xFFFF, 0xFFFF, 0xFFFF, 0xDCCF,
    0xC221, 0xE304, 0xEAE4, 0xEAE4, 0xEAE3, 0xEB46, 0xEB88, 0xEB87, 0xEB87, 0xEB67, 0xEB67, 0xEB67, 0xEB67, 0xEB67, 0xEB67, 0xEB47,
    0xEB47, 0xEB47, 0xEB47, 0xEB47, 0xEB47, 0xEB47, 0xEB47, 0xEB67, 0xEB26, 0xEAC4, 0xEA83, 0xEA83, 0xEA84, 0xEA83, 0xEA83, 0xEA83,
    0xEA83, 0xEA83, 0xEA83, 0xEA83, 0xEA83, 0xEA83, 0xEA83, 0xE283, 0xE283, 0xE283, 0xE283, 0xF428, 0xF448, 0xF448, 0xF448, 0xF448,
    0xF448, 0xF448, 0xF448, 0xF448, 0xF448, 0xF468, 0xF468, 0xF468, 0xF468, 0xF468, 0xF468, 0xF426, 0xF3C4, 0xF3C4, 0xF3C4, 0xF3C4,
    0xF3C4, 0xF3C4, 0xF3C4, 0xF3C4, 0xF3C4, 0xF3C4, 0xF3C4, 0xF3C4, 0xF3C4, 0xF3C4, 0xF3C4, 0xF3C4, 0xF3C4, 0xF3C4, 0xF3C4, 0xF3E5,
    0xF448, 0xF468, 0xF448, 0xF468, 0xEC48, 0xD365, 0xEE77, 0xFFFF, 0xFFFF, 0xFFFF, 0xFFFF, 0xFFFF, 0xFFFF, 0xFFFF, 0xFFFF, 0xFFFF,
    0xDC4A, 0xDB02, 0xEB84, 0xF384, 0xF407, 0xF428, 0xF428, 0xF428, 0xF428, 0xF408, 0xF428, 0xF3C6, 0xF364, 0xF364, 0xF364, 0xF364,
    0xEB64, 0xEB44, 0xE324, 0xDB66, 0xC346, 0xF73B, 0xFFFF, 0xFFFF, 0xFFFF, 0xFFFF, 0xFFFF, 0xFFFF, 0xFFFF, 0xFFFF, 0xFFFF, 0xFFFF,
    0xD44C, 0xC221, 0xE2E4, 0xEAE4, 0xEAE4, 0xEAE4, 0xEAC3, 0xEB26, 0xEB88, 0xEB67, 0xEB67, 0xEB67, 0xEB67, 0xEB67, 0xEB67, 0xEB47,
    0xEB47, 0xEB47, 0xEB47, 0xEB47, 0xEB47, 0xEB47, 0xEB47, 0xEB47, 0xEB47, 0xEB47, 0xEB47, 0xEB06, 0xEAA4, 0xEA83, 0xEA83, 0xEA83,
    0xEA83, 0xEA83, 0xEA83, 0xEA83, 0xEA83, 0xEA83, 0xEA83, 0xE283, 0xE283, 0xE283, 0xE283, 0xE283, 0xF428, 0xF428, 0xF428, 0xF428,
    0xF448, 0xF448, 0xF448, 0xF448, 0xF448, 0xF448, 0xF448, 0xF448, 0xF468, 0xF468, 0xF427, 0xF3E5, 0xF3A4, 0xF3C4, 0xF3C4, 0xF3C4,
    0xF3C4, 0xF3C4, 0xF3C4, 0xF3C4, 0xF3C4, 0xF3C4, 0xF3C4, 0xF3C4, 0xF3C4, 0xF3C4, 0xF3C4, 0xF3C4, 0xF3C4, 0xF3C4, 0xF3C4, 0xF3E5,
    0xF448, 0xF468, 0xF448, 0xF448, 0xF448, 0xEC28, 0xCB45, 0xEE77, 0xFFFF, 0xFFFF, 0xFFFF, 0xFFFF, 0xFFFF, 0xFFFF, 0xFFFF, 0xFFFF,
    0xFFFF, 0xEE76, 0xD2E2, 0xE364, 0xEB84, 0xF408, 0xF428, 0xF408, 0xF408, 0xF408, 0xF408, 0xF408, 0xF3C6, 0xF364, 0xF364, 0xEB64,
    0xEB44, 0xEB44, 0xEB44, 0xE324, 0xD325, 0xCBC9, 0xFFDF, 0xFFFF, 0xFFFF, 0xFFFF, 0xFFFF, 0xFFFF, 0xFFFF, 0xFFFF, 0xFFFF, 0xFFFF,
    0xFFFF, 0xCB89, 0xC242, 0xE2E4, 0xEAE4, 0xEAE4, 0xEAC4, 0xEAC4, 0xEAC3, 0xEB26, 0xEB68, 0xEB67, 0xEB67, 0xEB67, 0xEB67, 0xEB47,
    0xEB47, 0xEB47, 0xEB47, 0xEB47, 0xEB47, 0xEB47, 0xEB47, 0xEB47, 0xEB47, 0xEB47, 0xEB47, 0xEB47, 0xEB68, 0xEB47, 0xEAE5, 0xEA84,
    0xEA83, 0xEA83, 0xEA83, 0xEA83, 0xEA83, 0xEA83, 0xEA83, 0xEA83, 0xE283, 0xE283, 0xE283, 0xE283, 0xE283, 0xF428, 0xF428, 0xF428,
    0xF428, 0xF428, 0xF428, 0xF448, 0xF448, 0xF448, 0xF448, 0xF448, 0xF448, 0xF427, 0xF3E5, 0xF3A4, 0xF3A4, 0xF3C4, 0xF3C4, 0xF3C4,
    0xF3C4, 0xF3C4, 0xF3C4, 0xF3C4, 0xF3C4, 0xF3C4, 0xF3C4, 0xF3C4, 0xF3C4, 0xF3C4, 0xF3C4, 0xF3C4, 0xF3C4, 0xF3C4, 0xF3A4, 0xF3C5,
    0xF448, 0xF448, 0xF448, 0xF448, 0xF448, 0xF448, 0xEC28, 0xCB24, 0xE5D4, 0xFFFF, 0xFFFF, 0xFFFF, 0xFFFF, 0xFFFF, 0xFFFF, 0xFFFF,
    0xFFFF, 0xFFFF, 0xFFDF, 0xD3E9, 0xDAE2, 0xEBA5, 0xF408, 0xF408, 0xF408, 0xF408, 0xF408, 0xF408, 0xF408, 0xF3C6, 0xEB44, 0xEB44,
    0xEB44, 0xEB44, 0xEB44, 0xEB44, 0xE324, 0xCAA3, 0xDCEF, 0xFFFF, 0xFFFF, 0xFFFF, 0xFFFF, 0xFFFF, 0xFFFF, 0xFFFF, 0xFFFF, 0xFFFF,
    0xFFFF, 0xFF7D, 0xC2A4, 0xCA63, 0xE2C4, 0xEAE4, 0xEAC4, 0xEAC4, 0xEAC4, 0xEAC4, 0xEAA3, 0xEB06, 0xEB68, 0xEB47, 0xEB47, 0xEB47,
    0xEB47, 0xEB47, 0xEB47, 0xEB47, 0xEB47, 0xEB47, 0xEB47, 0xEB47, 0xEB47, 0xEB47, 0xEB47, 0xEB47, 0xEB47, 0xEB47, 0xEB47, 0xEB68,
    0xEB27, 0xEAC5, 0xEA83, 0xEA83, 0xEA84, 0xEA83, 0xEA83, 0xEA83, 0xEA83, 0xE283, 0xE283, 0xE283, 0xE283, 0xE283, 0xEC28, 0xF428,
    0xF428, 0xF428, 0xF428, 0xF428, 0xF428, 0xF428, 0xF428, 0xF448, 0xF428, 0xF3E6, 0xF3A4, 0xF3A4, 0xF3A4, 0xF3A4, 0xF3A4, 0xF3A4,
    0xF3A4, 0xF3A4, 0xF3A4, 0xF3A4, 0xF3A4, 0xF3A4, 0xF3A4, 0xF3A4, 0xF3A4, 0xF3A4, 0xF3A4, 0xF3A4, 0xF3A4, 0xF3A4, 0xF3A4, 0xF3C5,
    0xF448, 0xF448, 0xF448, 0xF448, 0xF428, 0xF428, 0xF448, 0xEC08, 0xCB45, 0xD4AD, 0xFFFF, 0xFFFF, 0xFFFF, 0xFFFF, 0xFFFF, 0xFFFF,
    0xFFFF, 0xFFFF, 0xFFFF, 0xFFFF, 0xEE77, 0xD2C2, 0xE3A6, 0xEC08, 0xF407, 0xF408, 0xF408, 0xF408, 0xF408, 0xF408, 0xF3C6, 0xEB44,
    0xEB44, 0xEB44, 0xEB44, 0xEB44, 0xEB24, 0xDB04, 0xCAA3, 0xF6D9, 0xFFFF, 0xFFFF, 0xFFFF, 0xFFFF, 0xFFFF, 0xFFFF, 0xFFFF, 0xFFFF,
    0xFFFF, 0xFFFF, 0xEE57, 0xBA01, 0xD283, 0xE2C3, 0xEAC4, 0xEAC4, 0xEAC4, 0xEAC3, 0xEAC3, 0xEAA3, 0xEAA3, 0xEB06, 0xEB67, 0xEB47,
    0xEB47, 0xEB47, 0xEB47, 0xEB47, 0xEB47, 0xEB47, 0xEB47, 0xEB47, 0xEB47, 0xEB47, 0xEB47, 0xEB47, 0xEB47, 0xEB47, 0xEB47, 0xEB47,
    0xEB47, 0xEB47, 0xEB67, 0xEB26, 0xEAA4, 0xEA83, 0xEA83, 0xEA84, 0xEA83, 0xE283, 0xE283, 0xE283, 0xE283, 0xE283, 0xE283, 0xEC08,
    0xF408, 0xF408, 0xF428, 0xF428, 0xF428, 0xF428, 0xF448, 0xF448, 0xF3E6, 0xF3A4, 0xF3A4, 0xF3A4, 0xF3A4, 0xF3A4, 0xF3A4, 0xF3A4,
    0xF3A4, 0xF3A4, 0xF3A4, 0xF3A4, 0xF3A4, 0xF3A4, 0xF3A4, 0xF3A4, 0xF3A4, 0xF3A4, 0xF3A4, 0xF3A4, 0xF3A4, 0xF3A4, 0xF3A4, 0xF3C5,
    0xF428, 0xF448, 0xF428, 0xF428, 0xF428, 0xF428, 0xF428, 0xF448, 0xEC07, 0xD386, 0xC367, 0xFF7D, 0xFFFF, 0xFFFF, 0xFFFF, 0xFFFF,
    0xFFFF, 0xFFFF, 0xFFFF, 0xFFFF, 0xFFFF, 0xFFFF, 0xDC6C, 0xDB44, 0xEC08, 0xEBE7, 0xF408, 0xF408, 0xF408, 0xF3E8, 0xF408, 0xF3A6,
    0xEB44, 0xEB44, 0xEB44, 0xEB44, 0xEB24, 0xE324, 0xD281, 0xDC6C, 0xFFFF, 0xFFFF, 0xFFFF, 0xFFFF, 0xFFFF, 0xFFFF, 0xFFFF, 0xFFFF,
    0xFFFF, 0xFFFF, 0xFFFF, 0xD46E, 0xBA01, 0xD2A4, 0xE2C3, 0xEAC4, 0xEAC4, 0xEAC3, 0xEAA3, 0xEAA3, 0xEAA3, 0xEAA3, 0xEA83, 0xEB06,
    0xEB67, 0xEB47, 0xEB47, 0xEB47, 0xEB47, 0xEB47, 0xEB47, 0xEB47, 0xEB47, 0xEB47, 0xEB47, 0xEB47, 0xEB47, 0xEB47, 0xEB47, 0xEB47,
    0xEB47, 0xEB47, 0xEB47, 0xEB47, 0xEB67, 0xEB47, 0xEB06, 0xEAA4, 0xEA83, 0xE283, 0xE283, 0xE283, 0xE283, 0xE283, 0xE283, 0xE283,
    0xEC08, 0xEC08, 0xF408, 0xF408, 0xF407, 0xF428, 0xF428, 0xF407, 0xF3A5, 0xF384, 0xF384, 0xF384, 0xF384, 0xF3A4, 0xF3A4, 0xF3A4,
    0xF3A4, 0xF3A4, 0xF3A4, 0xF3A4, 0xF3A4, 0xF3A4, 0xF3A4, 0xF3A4, 0xF3A4, 0xF3A4, 0xF3A4, 0xF3A4, 0xF3A4, 0xF3A4, 0xF384, 0xF3A5,
    0xF428, 0xF428, 0xF428, 0xF428, 0xF428, 0xF428, 0xF428, 0xF428, 0xF428, 0xEC07, 0xDBA7, 0xC2E4, 0xE5D4, 0xFFFF, 0xFFFF, 0xFFFF,
    0xFFFF, 0xFFFF, 0xFFFF, 0xFFFF, 0xFFFF, 0xFFFF, 0xFFFF, 0xFF5C, 0xD3A7, 0xE3A7, 0xEBE8, 0xEBE7, 0xF3E8, 0xF3E8, 0xF3E8, 0xF3E8,
    0xEBA6, 0xEB24, 0xEB44, 0xEB24, 0xEB24, 0xE324, 0xDAA2, 0xD326, 0xFF7D, 0xFFFF, 0xFFFF, 0xFFFF, 0xFFFF, 0xFFFF, 0xFFFF, 0xFFFF,
    0xFFFF, 0xFFFF, 0xFFFF, 0xFF7D, 0xBAA4, 0xC242, 0xDAA3, 0xE2C4, 0xEAC4, 0xEAC3, 0xEAA3, 0xEAA3, 0xEAA3, 0xEAA3, 0xEA83, 0xEA83,
    0xEA83, 0xEB06, 0xEB67, 0xEB47, 0xEB47, 0xEB47, 0xEB47, 0xEB47, 0xEB47, 0xEB47, 0xEB47, 0xEB47, 0xEB47, 0xEB47, 0xEB47, 0xEB47,
    0xEB47, 0xEB47, 0xEB47, 0xEB47, 0xEB47, 0xEB47, 0xEB47, 0xEB67, 0xEB47, 0xEAE5, 0xE283, 0xE283, 0xE283, 0xE283, 0xE283, 0xE283,
    0xE283, 0xEBE7, 0xEC07, 0xEC07, 0xEC08, 0xF408, 0xF407, 0xF3A5, 0xF384, 0xF384, 0xF384, 0xF384, 0xF384, 0xF384, 0xF384, 0xF384,
    0xF384, 0xF384, 0xF384, 0xF384, 0xF384, 0xF384, 0xF384, 0xF384, 0xF384, 0xF384, 0xF384, 0xF384, 0xF384, 0xF384, 0xF384, 0xF3A5,
    0xF428, 0xF428, 0xF428, 0xF428, 0xF428, 0xF428, 0xF428, 0xF428, 0xF428, 0xF428, 0xEC08, 0xDBC7, 0xCB25, 0xC3A9, 0xFFDE, 0xFFFF,
    0xFFFF, 0xFFFF, 0xFFFF, 0xFFFF, 0xFFFF, 0xFFFF, 0xFFFF, 0xFFFF, 0xFFFF, 0xEE98, 0xD345, 0xE3A7, 0xEBE8, 0xEBE8, 0xEBE7, 0xF3E7,
    0xF3E8, 0xEBA6, 0xEB24, 0xEB24, 0xEB24, 0xE324, 0xDAA2, 0xD305, 0xF6FA, 0xFFFF, 0xFFFF, 0xFFFF, 0xFFFF, 0xFFFF, 0xFFFF, 0xFFFF,
    0xFFFF, 0xFFFF, 0xFFFF, 0xFFFF, 0xDD73, 0xBA01, 0xD283, 0xDAA3, 0xE2C3, 0xEAC3, 0xEAA3, 0xEAA3, 0xEAA3, 0xEAA3, 0xEAA3, 0xEA83,
    0xEA83, 0xEA83, 0xEA83, 0xEB06, 0xEB67, 0xEB47, 0xEB47, 0xEB47, 0xEB47, 0xEB47, 0xEB47, 0xEB47, 0xEB47, 0xEB47, 0xEB47, 0xEB47,
    0xEB47, 0xEB47, 0xEB47, 0xEB47, 0xEB47, 0xEB47, 0xEB47, 0xEB47, 0xEB47, 0xEB47, 0xEB68, 0xEB27, 0xE2C5, 0xE283, 0xE283, 0xE284,
    0xE283, 0xE283, 0xEBE7, 0xEBE7, 0xEC08, 0xEBE7, 0xEBA6, 0xEB64, 0xEB64, 0xEB84, 0xF384, 0xF384, 0xF384, 0xF384, 0xF384, 0xF384,
    0xF384, 0xF384, 0xF384, 0xF384, 0xF384, 0xF384, 0xF384, 0xF384, 0xF384, 0xF384, 0xF384, 0xF384, 0xF384, 0xF384, 0xF384, 0xF3A5,
    0xF428, 0xF428, 0xF428, 0xF428, 0xF428, 0xF428, 0xF428, 0xF428, 0xF428, 0xF408, 0xF408, 0xEC08, 0xE3C7, 0xD3A7, 0xBA82, 0xDD72,
    0xFFFF, 0xFFFF, 0xFFFF, 0xFFFF, 0xFFFF, 0xFFFF, 0xFFFF, 0xFFFF, 0xFFFF, 0xFFFF, 0xFFFF, 0xEE77, 0xD367, 0xDB45, 0xE3A7, 0xEBE8,
    0xEBE8, 0xEBE8, 0xEBA7, 0xEB24, 0xE324, 0xE2C3, 0xD281, 0xDBC9, 0xF71B, 0xFFFF, 0xFFFF, 0xFFFF, 0xFFFF, 0xFFFF, 0xFFFF, 0xFFFF,
    0xFFFF, 0xFFFF, 0xFFFF, 0xFFFF, 0xFF7D, 0xBB07, 0xC2A4, 0xD283, 0xE2A3, 0xEAA3, 0xEAA3, 0xEAA3, 0xEAA3, 0xEAA3, 0xEA83, 0xEA83,
    0xEA83, 0xEA83, 0xEA83, 0xEA83, 0xEA83, 0xEB06, 0xEB67, 0xEB47, 0xEB47, 0xEB47, 0xEB47, 0xEB47, 0xEB47, 0xEB47, 0xEB47, 0xEB47,
    0xEB47, 0xEB47, 0xEB47, 0xEB47, 0xEB47, 0xEB47, 0xEB47, 0xEB47, 0xEB47, 0xEB47, 0xEB47, 0xEB47, 0xEB47, 0xEB47, 0xE306, 0xE2A4,
    0xE283, 0xE283, 0xE283, 0xEBE8, 0xEBE8, 0xEBA6, 0xEB64, 0xEB44, 0xEB64, 0xEB64, 0xEB64, 0xEB64, 0xEB64, 0xF364, 0xF364, 0xF364,
    0xF384, 0xF384, 0xF384, 0xF384, 0xF384, 0xF384, 0xF384, 0xF384, 0xF384, 0xF384, 0xF384, 0xF384, 0xF384, 0xF384, 0xF384, 0xF3A5,
    0xF408, 0xF428, 0xF408, 0xF408, 0xF408, 0xF408, 0xF408, 0xF408, 0xF408, 0xF408, 0xF408, 0xF408, 0xF407, 0xEBE7, 0xDB87, 0xC2C3,
    0xBAA3, 0xF73B, 0xFFFF, 0xFFFF, 0xFFFF, 0xFFFF, 0xFFFF, 0xFFFF, 0xFFFF, 0xFFFF, 0xFFFF, 0xFFFF, 0xFFFF, 0xF73B, 0xE4EE, 0xDBA7,
    0xDB46, 0xDB45, 0xE345, 0xDB04, 0xDA81, 0xDAC3, 0xDBA8, 0xEDD4, 0xFFFF, 0xFFFF, 0xFFFF, 0xFFFF, 0xFFFF, 0xFFFF, 0xFFFF, 0xFFFF,
    0xFFFF, 0xFFFF, 0xFFFF, 0xFFFF, 0xFFFF, 0xD48E, 0xBA63, 0xD327, 0xDAC4, 0xE283, 0xEAA4, 0xEAA3, 0xEAA3, 0xEAA3, 0xEA83, 0xEA83,
    0xEA83, 0xEA83, 0xEA83, 0xEA83, 0xEA83, 0xEA83, 0xEA83, 0xEB06, 0xEB67, 0xEB47, 0xEB47, 0xEB47, 0xEB47, 0xEB47, 0xEB47, 0xEB47,
    0xEB47, 0xEB47, 0xEB47, 0xEB47, 0xEB47, 0xEB47, 0xEB47, 0xEB47, 0xEB47, 0xEB47, 0xEB47, 0xEB47, 0xEB47, 0xEB47, 0xEB47, 0xEB47,
    0xE347, 0xE2E6, 0xE284, 0xE263, 0xEBC7, 0xEB65, 0xEB44, 0xEB44, 0xEB44, 0xEB64, 0xEB64, 0xEB64, 0xEB64, 0xEB64, 0xEB64, 0xF364,
    0xF364, 0xF364, 0xF364, 0xF364, 0xF364, 0xF364, 0xF364, 0xF364, 0xF364, 0xF364, 0xF364, 0xF364, 0xF364, 0xF364, 0xF364, 0xF385,
    0xF407, 0xF408, 0xF408, 0xF408, 0xF408, 0xF408, 0xF408, 0xF408, 0xF408, 0xF408, 0xF408, 0xF408, 0xF408, 0xF3E7, 0xEBE8, 0xE365,
    0xD2E3, 0xBA61, 0xC3A9, 0xFFDF, 0xFFFF, 0xFFFF, 0xFFFF, 0xFFFF, 0xFFFF, 0xFFFF, 0xFFFF, 0xFFFF, 0xFFFF, 0xFFFF, 0xFFFF, 0xFFFF,
    0xFF7C, 0xF677, 0xEDD4, 0xED92, 0xED92, 0xEDD4, 0xF6FA, 0xFFFF, 0xFFFF, 0xFFFF, 0xFFFF, 0xFFFF, 0xFFFF, 0xFFFF, 0xFFFF, 0xFFFF,
    0xFFFF, 0xFFFF, 0xFFFF, 0xFFDF, 0xFFFF, 0xE5F5, 0xB243, 0xC2E6, 0xD327, 0xE326, 0xE2A3, 0xEAA3, 0xEAA3, 0xEA83, 0xEA83, 0xEA83,
    0xEA83, 0xEA83, 0xEA83, 0xEA83, 0xEA83, 0xEA83, 0xEA83, 0xEA83, 0xEA83, 0xEB06, 0xEB68, 0xEB47, 0xEB47, 0xEB47, 0xEB47, 0xEB47,
    0xEB47, 0xEB47, 0xEB47, 0xEB47, 0xEB47, 0xEB47, 0xEB47, 0xEB47, 0xEB47, 0xEB47, 0xEB47, 0xEB47, 0xEB47, 0xEB47, 0xEB47, 0xEB47,
    0xE347, 0xE347, 0xE347, 0xE327, 0xE2C5, 0xEB24, 0xEB24, 0xEB44, 0xEB44, 0xEB44, 0xEB44, 0xEB44, 0xEB44, 0xEB44, 0xEB64, 0xEB64,
    0xEB64, 0xF364, 0xF364, 0xF364, 0xF364, 0xF364, 0xF364, 0xF364, 0xF364, 0xF364, 0xF364, 0xF364, 0xF364, 0xF364, 0xF364, 0xF385,
    0xF407, 0xF408, 0xF408, 0xF408, 0xF408, 0xF408, 0xF408, 0xF408, 0xF408, 0xF408, 0xF408, 0xF408, 0xF408, 0xF408, 0xF408, 0xEBC7,
    0xE344, 0xDB03, 0xCAE4, 0xB221, 0xD48E, 0xFFFF, 0xFFFF, 0xFFFF, 0xFFFF, 0xFFFF, 0xFFFF, 0xFFFF, 0xFFFF, 0xFFFF, 0xFFFF, 0xFFFF,
    0xFFFF, 0xFFFF, 0xFFFF, 0xFFFF, 0xFFFF, 0xFFFF, 0xFFFF, 0xFFFF, 0xFFFF, 0xFFFF, 0xFFFF, 0xFFFF, 0xFFFF, 0xFFFF, 0xFFFF, 0xFFFF,
    0xFFFF, 0xFFFF, 0xFFFF, 0xFFFF, 0xFFFF, 0xEE99, 0xB284, 0xC2A5, 0xD306, 0xDB27, 0xE367, 0xEAE5, 0xEA83, 0xEAA4, 0xEA83, 0xEA83,
    0xEA83, 0xEA83, 0xEA83, 0xEA83, 0xEA83, 0xEA83, 0xEA83, 0xEA83, 0xEA83, 0xEA83, 0xEA83, 0xEB06, 0xEB67, 0xEB47, 0xEB47, 0xEB47,
    0xEB47, 0xEB47, 0xEB47, 0xEB47, 0xEB47, 0xEB47, 0xEB47, 0xEB47, 0xEB47, 0xEB47, 0xEB47, 0xEB47, 0xEB47, 0xEB47, 0xEB47, 0xEB47,
    0xEB47, 0xE347, 0xE347, 0xE347, 0xE347, 0xE347, 0xE324, 0xE324, 0xEB24, 0xEB24, 0xEB44, 0xEB44, 0xEB44, 0xEB44, 0xEB44, 0xEB44,
    0xEB44, 0xEB44, 0xEB64, 0xEB44, 0xEB64, 0xEB64, 0xEB64, 0xEB64, 0xEB64, 0xEB64, 0xEB64, 0xEB64, 0xEB64, 0xEB64, 0xEB44, 0xEB85,
    0xF3E7, 0xF408, 0xF408, 0xF408, 0xF408, 0xF408, 0xF408, 0xF408, 0xF408, 0xF3E8, 0xF3E8, 0xF3E8, 0xF3E8, 0xF3E8, 0xF3E8, 0xF3E8,
    0xEB65, 0xEB24, 0xE324, 0xD2E3, 0xC2C3, 0xB220, 0xD510, 0xFFFF, 0xFFFF, 0xFFFF, 0xFFFF, 0xFFFF, 0xFFFF, 0xFFFF, 0xFFFF, 0xFFFF,
    0xFFFF, 0xFFFF, 0xFFFF, 0xFFFF, 0xFFFF, 0xFFFF, 0xFFFF, 0xFFFF, 0xFFFF, 0xFFFF, 0xFFFF, 0xFFFF, 0xFFFF, 0xFFFF, 0xFFFF, 0xFFFF,
    0xFFFF, 0xFFFF, 0xFFFF, 0xFFFF, 0xFFFF, 0xEEB9, 0xB2A5, 0xBA85, 0xCAE6, 0xDB27, 0xE347, 0xEB47, 0xEB47, 0xEAA4, 0xEA83, 0xEA83,
    0xEA83, 0xEA83, 0xEA83, 0xEA83, 0xEA83, 0xEA83, 0xEA83, 0xEA83, 0xEA83, 0xEA83, 0xEA83, 0xEA83, 0xEA83, 0xEB06, 0xEB67, 0xEB47,
    0xEB47, 0xEB47, 0xEB47, 0xEB47, 0xEB47, 0xEB47, 0xEB47, 0xEB47, 0xEB47, 0xEB47, 0xEB47, 0xEB47, 0xEB47, 0xEB47, 0xEB47, 0xEB47,
    0xEB47, 0xE347, 0xE347, 0xE347, 0xE347, 0xE327, 0xE327, 0xE324, 0xE324, 0xE324, 0xEB24, 0xEB24, 0xEB24, 0xEB24, 0xEB44, 0xEB44,
    0xEB44, 0xEB44, 0xEB44, 0xEB44, 0xEB44, 0xEB44, 0xEB44, 0xEB44, 0xEB44, 0xEB44, 0xEB44, 0xEB44, 0xEB44, 0xEB44, 0xEB44, 0xEB65,
    0xF3E7, 0xF408, 0xF3E8, 0xF3E8, 0xF3E8, 0xF3E8, 0xF3E8, 0xF3E8, 0xF3E8, 0xF3E8, 0xF3E8, 0xF3E8, 0xF3E8, 0xF3E8, 0xF3E7, 0xF3E8,
    0xF3A6, 0xEB44, 0xEB44, 0xEB24, 0xDB04, 0xD2E3, 0xC2A3, 0xB201, 0xD4CF, 0xFFFF, 0xFFFF, 0xFFFF, 0xFFFF, 0xFFFF, 0xFFFF, 0xFFFF,
    0xFFFF, 0xFFFF, 0xFFFF, 0xFFFF, 0xFFFF, 0xFFFF, 0xFFFF, 0xFFFF, 0xFFFF, 0xFFFF, 0xFFFF, 0xFFFF, 0xFFFF, 0xFFFF, 0xFFFF, 0xFFFF,
    0xFFFF, 0xFFFF, 0xFFFF, 0xFFFF, 0xFFFF, 0xE637, 0xB285, 0xBA84, 0xCAE6, 0xD306, 0xE327, 0xEB47, 0xEB47, 0xEB67, 0xEB06, 0xEA83,
    0xEA83, 0xEA83, 0xEA83, 0xEA83, 0xEA83, 0xEA83, 0xEA83, 0xEA83, 0xEA83, 0xEA83, 0xEA83, 0xEA83, 0xEA83, 0xEA83, 0xEA83, 0xEB06,
    0xEB67, 0xEB47, 0xEB47, 0xEB47, 0xEB47, 0xEB47, 0xEB47, 0xEB47, 0xEB47, 0xEB47, 0xEB47, 0xEB47, 0xEB47, 0xEB47, 0xEB47, 0xEB47,
    0xEB47, 0xE347, 0xE347, 0xE347, 0xE347, 0xE327, 0xE327, 0xE327, 0xE304, 0xE304, 0xE304, 0xEB24, 0xEB24, 0xEB24, 0xEB24, 0xEB24,
    0xEB24, 0xEB24, 0xEB24, 0xEB44, 0xEB44, 0xEB44, 0xEB44, 0xEB44, 0xEB44, 0xEB44, 0xEB44, 0xEB44, 0xEB44, 0xEB44, 0xEB44, 0xEB65,
    0xF3E7, 0xF3E8, 0xF3E7, 0xF3E8, 0xF3E8, 0xF3E8, 0xF3E8, 0xF3E7, 0xF3E7, 0xF3E7, 0xF3E7, 0xF3E7, 0xF3E7, 0xF3E7, 0xF3E7, 0xF3E7,
    0xF3E7, 0xEB44, 0xEB24, 0xEB24, 0xEB24, 0xE324, 0xDB03, 0xD2C3, 0xC2A3, 0xB200, 0xCBEA, 0xF75C, 0xFFFF, 0xFFFF, 0xFFFF, 0xFFFF,
    0xFFFF, 0xFFFF, 0xFFFF, 0xFFFF, 0xFFFF, 0xFFFF, 0xFFFF, 0xFFFF, 0xFFFF, 0xFFFF, 0xFFFF, 0xFFFF, 0xFFFF, 0xFFFF, 0xFFFF, 0xFFFF,
    0xFFFF, 0xFFFF, 0xFFFF, 0xFFFF, 0xFFDF, 0xD511, 0xB243, 0xBA85, 0xCAE6, 0xD306, 0xE327, 0xE347, 0xEB47, 0xEB47, 0xEB47, 0xEB47,
    0xEAC4, 0xEA83, 0xEA83, 0xEA83, 0xEA83, 0xEA83, 0xEA83, 0xEA83, 0xEA83, 0xEA83, 0xEA83, 0xEA83, 0xEA83, 0xEA83, 0xEA83, 0xEA83,
    0xEA83, 0xEB06, 0xEB68, 0xEB47, 0xEB47, 0xEB47, 0xEB47, 0xEB47, 0xEB47, 0xEB47, 0xEB47, 0xEB47, 0xEB47, 0xEB47, 0xEB47, 0xEB47,
    0xEB47, 0xE347, 0xE347, 0xE347, 0xE347, 0xE347, 0xE327, 0xE327, 0xE327, 0xE304, 0xE304, 0xE304, 0xE304, 0xE304, 0xEB24, 0xEB24,
    0xEB24, 0xEB24, 0xEB24, 0xEB24, 0xEB24, 0xEB24, 0xEB44, 0xEB44, 0xEB44, 0xEB44, 0xEB44, 0xEB44, 0xEB44, 0xEB44, 0xEB24, 0xEB64,
    0xF3E7, 0xF3E8, 0xF3E7, 0xF3E7, 0xF3E7, 0xF3E7, 0xF3E7, 0xF3E7, 0xF3E7, 0xF3E7, 0xF3E7, 0xF3E7, 0xF3E7, 0xF3E7, 0xF3C7, 0xF3C7,
    0xF3E8, 0xEB86, 0xEB24, 0xEB24, 0xEB24, 0xEB24, 0xEB24, 0xE304, 0xDAE3, 0xCAC3, 0xC2A3, 0xB201, 0xBAA4, 0xE5B3, 0xFFFF, 0xFFFF,
    0xFFFF, 0xFFFF, 0xFFFF, 0xFFFF, 0xFFFF, 0xFFFF, 0xFFFF, 0xFFFF, 0xFFFF, 0xFFFF, 0xFFFF, 0xFFFF, 0xFFFF, 0xFFFF, 0xFFFF, 0xFFFF,
    0xFFFF, 0xFFFF, 0xFFFF, 0xFFFF, 0xEE57, 0xC369, 0xB223, 0xBAA5, 0xCAE6, 0xD306, 0xE327, 0xE347, 0xEB47, 0xEB47, 0xEB47, 0xEB47,
    0xEB47, 0xEB26, 0xEA83, 0xEA83, 0xEA83, 0xEA83, 0xEA83, 0xEA83, 0xEA83, 0xEA83, 0xEA83, 0xEA83, 0xEA83, 0xEA83, 0xEA83, 0xEA83,
    0xEA83, 0xEA83, 0xEA83, 0xEB06, 0xEB67, 0xEB47, 0xEB47, 0xEB47, 0xEB47, 0xEB47, 0xEB47, 0xEB47, 0xEB47, 0xEB47, 0xEB47, 0xEB47,
    0xEB47, 0xE347, 0xE347, 0xE347, 0xE347, 0xE347, 0xE327, 0xE327, 0xE327, 0xE327, 0xE2E4, 0xE304, 0xE304, 0xE304, 0xE304, 0xE304,
    0xEB04, 0xEB04, 0xEB24, 0xEB24, 0xEB24, 0xEB24, 0xEB24, 0xEB24, 0xEB24, 0xEB24, 0xEB24, 0xEB24, 0xEB24, 0xEB24, 0xEB24, 0xEB44,
    0xF3C7, 0xF3E8, 0xF3C7, 0xF3C7, 0xF3C7, 0xF3C7, 0xF3C7, 0xF3C7, 0xF3C7, 0xF3C7, 0xF3C7, 0xF3C7, 0xF3C7, 0xF3C7, 0xF3C7, 0xF3C7,
    0xEBC8, 0xEBC7, 0xEB24, 0xEB24, 0xEB24, 0xEB24, 0xEB24, 0xEB24, 0xEB04, 0xE304, 0xDAE3, 0xD2A3, 0xC2A3, 0xBA42, 0xB1E0, 0xC3A9,
    0xE636, 0xFFDF, 0xFFFF, 0xFFFF, 0xFFFF, 0xFFFF, 0xFFFF, 0xFFFF, 0xFFFF, 0xFFFF, 0xFFFF, 0xFFFF, 0xFFFF, 0xFFFF, 0xFFFF, 0xFFFF,
    0xFFFF, 0xFFFF, 0xFFFF, 0xEE57, 0xC3AA, 0xB1E1, 0xB243, 0xC2C6, 0xCAE6, 0xD306, 0xE327, 0xE347, 0xEB47, 0xEB47, 0xEB47, 0xEB47,
    0xEB47, 0xEB47, 0xEB67, 0xEAC5, 0xEA83, 0xEA83, 0xEA83, 0xEA83, 0xEA83, 0xEA83, 0xEA83, 0xEA83, 0xEA83, 0xEA83, 0xEA83, 0xEA83,
    0xEA83, 0xEA83, 0xEA83, 0xEA83, 0xEA83, 0xEB06, 0xEB67, 0xEB47, 0xEB47, 0xEB47, 0xEB47, 0xEB47, 0xEB47, 0xEB47, 0xEB47, 0xEB47,
    0xEB47, 0xE347, 0xE347, 0xE347, 0xE347, 0xE347, 0xE327, 0xE327, 0xE327, 0xE327, 0xE327, 0xE2E4, 0xE2E4, 0xE304, 0xE304, 0xE304,
    0xE304, 0xE304, 0xEB04, 0xEB04, 0xEB04, 0xEB04, 0xEB24, 0xEB24, 0xEB24, 0xEB24, 0xEB24, 0xEB24, 0xEB24, 0xEB24, 0xEB24, 0xEB44,
    0xEBC7, 0xEBC8, 0xF3C7, 0xF3C7, 0xF3C7, 0xEBC7, 0xEBC7, 0xEBC7, 0xEBC7, 0xEBC7, 0xEBC7, 0xEBC7, 0xEBC7, 0xEBC7, 0xEBC7, 0xEBC7,
    0xEBC7, 0xEBC8, 0xEB65, 0xEB04, 0xEB24, 0xEB24, 0xEB04, 0xEB04, 0xEB04, 0xEB04, 0xEB04, 0xE2E4, 0xDAE3, 0xD2A3, 0xCA83, 0xC283,
    0xB284, 0xB263, 0xC368, 0xDD52, 0xEED9, 0xFFDF, 0xFFFF, 0xFFFF, 0xFFFF, 0xFFFF, 0xFFFF, 0xFFFF, 0xFFFF, 0xFFFF, 0xFFFF, 0xFFFF,
    0xFFBE, 0xEE78, 0xD4F0, 0xBB07, 0xA9C1, 0xB1C1, 0xBA22, 0xC2A5, 0xD306, 0xDB07, 0xE327, 0xE347, 0xEB47, 0xEB47, 0xEB47, 0xEB47,
    0xEB47, 0xEB47, 0xEB47, 0xEB47, 0xEB47, 0xEA84, 0xEA83, 0xEA83, 0xEA83, 0xEA83, 0xEA83, 0xEA83, 0xEA83, 0xEA83, 0xEA83, 0xEA83,
    0xEA83, 0xEA83, 0xEA83, 0xEA83, 0xEA83, 0xEA83, 0xEA83, 0xEB06, 0xEB68, 0xEB47, 0xEB47, 0xEB47, 0xEB47, 0xEB47, 0xEB47, 0xEB47,
    0xEB47, 0xEB47, 0xE347, 0xE347, 0xE347, 0xE347, 0xE347, 0xE327, 0xE327, 0xE327, 0xE327, 0xE327, 0xE2E4, 0xE2E4, 0xE2E4, 0xE2E4,
    0xE2E4, 0xE2E4, 0xE304, 0xE304, 0xE304, 0xEB04, 0xEB04, 0xEB04, 0xEB04, 0xEB04, 0xEB04, 0xEB04, 0xEB24, 0xEB24, 0xEB04, 0xEB44,
    0xEBC7, 0xEBC8, 0xEBC7, 0xEBC7, 0xEBC7, 0xEBC7, 0xEBC7, 0xEBC7, 0xEBC7, 0xEBC7, 0xEBC7, 0xEBC7, 0xEBC7, 0xEBC7, 0xEBC7, 0xEBC7,
    0xEBC7, 0xEBC8, 0xEBA7, 0xEB04, 0xEB04, 0xEB04, 0xEB04, 0xEB04, 0xEB04, 0xEB04, 0xEB04, 0xEB04, 0xEB04, 0xE2E4, 0xE2E4, 0xDAA3,
    0xD2C4, 0xCB26, 0xC2E6, 0xBA84, 0xB243, 0xB284, 0xBB27, 0xCC0C, 0xD4F0, 0xDD93, 0xE5D4, 0xE5F5, 0xE5D5, 0xDD93, 0xDD31, 0xCC6E,
    0xC389, 0xBAA5, 0xB1E1, 0xA9A0, 0xB1E1, 0xBA23, 0xC243, 0xCA43, 0xD2A4, 0xDB27, 0xE327, 0xEB47, 0xEB47, 0xEB47, 0xEB47, 0xEB47,
    0xEB47, 0xEB47, 0xEB47, 0xEB47, 0xEB47, 0xEB67, 0xEAE5, 0xEA83, 0xEA84, 0xEA83, 0xEA83, 0xEA83, 0xEA83, 0xEA83, 0xEA83, 0xEA83,
    0xEA83, 0xEA83, 0xEA83, 0xEA83, 0xEA83, 0xEA83, 0xEA83, 0xEA83, 0xEA83, 0xEB06, 0xEB68, 0xEB47, 0xEB47, 0xEB47, 0xEB47, 0xEB47,
    0xEB47, 0xEB47, 0xE347, 0xE347, 0xE347, 0xE347, 0xE347, 0xE327, 0xE327, 0xE327, 0xE327, 0xE327, 0xE327, 0xE2C3, 0xE2E4, 0xE2E4,
    0xE2E4, 0xE2E4, 0xE2E4, 0xE2E4, 0xE2E4, 0xE304, 0xE304, 0xE304, 0xEB04, 0xEB04, 0xEB04, 0xEB04, 0xEB04, 0xEB04, 0xEB03, 0xEB24,
    0xEBA7, 0xEBC8, 0xEBC7, 0xEBC7, 0xEBC7, 0xEBC7, 0xEBC7, 0xEBC7, 0xEBC7, 0xEBC7, 0xEBC7, 0xEBC7, 0xEBC7, 0xEBC7, 0xEBC7, 0xEBC7,
    0xEBA7, 0xEBA7, 0xEBC8, 0xEB25, 0xEB03, 0xEB04, 0xEB04, 0xEB04, 0xEB04, 0xEB04, 0xEB04, 0xEB04, 0xEB04, 0xEB04, 0xEAE4, 0xE2E4,
    0xE2C3, 0xE326, 0xDB47, 0xD326, 0xCB06, 0xC306, 0xBAC5, 0xBA84, 0xB243, 0xB243, 0xB222, 0xB223, 0xB243, 0xAA02, 0xA9A0, 0xA9A0,
    0xB1A0, 0xB1C1, 0xB202, 0xBA23, 0xC243, 0xC243, 0xCA43, 0xD263, 0xDA63, 0xE284, 0xE347, 0xEB47, 0xEB47, 0xEB47, 0xEB47, 0xEB47,
    0xEB47, 0xEB47, 0xEB47, 0xEB47, 0xEB47, 0xEB47, 0xEB47, 0xEB47, 0xEAA4, 0xEA83, 0xEA83, 0xEA83, 0xEA83, 0xEA83, 0xEA83, 0xEA83,
    0xEA83, 0xEA83, 0xEA83, 0xEA83, 0xEA83, 0xEA83, 0xEA83, 0xEA83, 0xEA83, 0xEA83, 0xE283, 0xEB06, 0xEB67, 0xEB47, 0xEB47, 0xEB47,
    0xEB47, 0xEB47, 0xE347, 0xE347, 0xE347, 0xE347, 0xE327, 0xE327, 0xE327, 0xE327, 0xE327, 0xE327, 0xE327, 0xE327, 0xDAC3, 0xE2C3,
    0xE2C4, 0xE2C4, 0xE2E4, 0xE2E4, 0xE2E4, 0xE2E4, 0xE2E4, 0xE2E4, 0xE2E4, 0xE2E4, 0xEAE4, 0xEAE4, 0xEB04, 0xEB04, 0xEAE3, 0xEB24,
    0xEBA7, 0xEBC8, 0xEBA7, 0xEBA7, 0xEBA7, 0xEBA7, 0xEBA7, 0xEBA7, 0xEBA7, 0xEBA7, 0xEBA7, 0xEBA7, 0xEBA7, 0xEBA7, 0xEBA7, 0xEBA7,
    0xEBA7, 0xEBA7, 0xEBA8, 0xEB66, 0xEAE3, 0xEB04, 0xEB04, 0xEB04, 0xEB04, 0xEAE4, 0xEAE4, 0xEAE4, 0xEAE4, 0xEAE4, 0xEAE4, 0xEAE4,
    0xEAE4, 0xEAE4, 0xEB67, 0xE367, 0xE367, 0xDB47, 0xD326, 0xD306, 0xCB06, 0xC2E6, 0xC2E6, 0xC2E6, 0xC2C6, 0xC2C6, 0xBAA5, 0xBA43,
    0xC243, 0xC243, 0xC243, 0xCA43, 0xCA43, 0xD243, 0xD263, 0xDA63, 0xE283, 0xE283, 0xE283, 0xEB27, 0xEB47, 0xEB47, 0xEB47, 0xEB47,
    0xEB47, 0xEB47, 0xEB47, 0xEB47, 0xEB47, 0xEB47, 0xEB47, 0xEB47, 0xEB67, 0xEB06, 0xEA83, 0xEA83, 0xEA83, 0xEA83, 0xEA83, 0xEA83,
    0xEA83, 0xEA83, 0xEA83, 0xEA83, 0xEA83, 0xEA83, 0xEA83, 0xEA83, 0xEA83, 0xEA83, 0xE283, 0xE283, 0xE283, 0xEAE6, 0xEB47, 0xEB47,
    0xEB47, 0xEB47, 0xE347, 0xE347, 0xE347, 0xE347, 0xE327, 0xE327, 0xE327, 0xE327, 0xE327, 0xE327, 0xE327, 0xE327, 0xDB27, 0xDAC3,
    0xDAC3, 0xE2C3, 0xE2C3, 0xE2C3, 0xE2C4, 0xE2C4, 0xE2E4, 0xE2E4, 0xE2E4, 0xE2E4, 0xE2E4, 0xE2E4, 0xEAE4, 0xEAE4, 0xEAE3, 0xEB04,
    0xEBA7, 0xEBA8, 0xEBA7, 0xEBA7, 0xEBA7, 0xEBA7, 0xEBA7, 0xEBA7, 0xEBA7, 0xEBA7, 0xEBA7, 0xEBA7, 0xEBA7, 0xEBA7, 0xEBA7, 0xEBA7,
    0xEBA7, 0xEBA7, 0xEBA7, 0xEBA7, 0xEB04, 0xEAE4, 0xEAE4, 0xEAE4, 0xEAE4, 0xEAE4, 0xEAE4, 0xEAE4, 0xEAE4, 0xEAE4, 0xEAE4, 0xEAE4,
    0xEAE4, 0xEAC3, 0xEB04, 0xEB87, 0xEB87, 0xEB67, 0xE367, 0xE367, 0xE347, 0xDB47, 0xDB27, 0xDB27, 0xD306, 0xD306, 0xD327, 0xD2C5,
    0xD263, 0xD263, 0xD263, 0xDA63, 0xDA63, 0xDA83, 0xE283, 0xE283, 0xE283, 0xE283, 0xE283, 0xEA83, 0xEB06, 0xEB67, 0xEB47, 0xEB47,
    0xEB47, 0xEB47, 0xEB47, 0xEB47, 0xEB47, 0xEB47, 0xEB47, 0xEB47, 0xEB47, 0xEB47, 0xEB67, 0xEAC4, 0xEA83, 0xEA83, 0xEA83, 0xEA83,
    0xEA83, 0xEA83, 0xEA83, 0xEA83, 0xEA83, 0xEA83, 0xEA83, 0xEA83, 0xEA83, 0xEA83, 0xE283, 0xE283, 0xE283, 0xE283, 0xE283, 0xE2E6,
    0xEB47, 0xE347, 0xE347, 0xE347, 0xE347, 0xE347, 0xE347, 0xE327, 0xE327, 0xE327, 0xE327, 0xE327, 0xE327, 0xE327, 0xDB27, 0xDB27,
    0xDAA3, 0xDAA3, 0xDAA3, 0xE2C3, 0xE2C3, 0xE2C3, 0xE2C3, 0xE2C3, 0xE2C3, 0xE2C3, 0xE2C3, 0xE2E4, 0xE2E4, 0xE2E4, 0xE2E3, 0xEB04,
    0xEB87, 0xEBA7, 0xEB87, 0xEB87, 0xEBA7, 0xEBA7, 0xEBA7, 0xEBA7, 0xEBA7, 0xEBA7, 0xEBA7, 0xEBA7, 0xEBA7, 0xEBA7, 0xEBA7, 0xEBA7,
    0xEBA7, 0xEBA7, 0xEBA7, 0xEBA8, 0xEB46, 0xEAE3, 0xEAE4, 0xEAE4, 0xEAE4, 0xEAE4, 0xEAE4, 0xEAE4, 0xEAE4, 0xEAE4, 0xEAE4, 0xEAE4,
    0xEAE4, 0xEAC4, 0xEAC3, 0xEB05, 0xEB88, 0xEB87, 0xEB87, 0xEB87, 0xEB67, 0xEB67, 0xEB67, 0xEB67, 0xEB67, 0xEB67, 0xEB67, 0xEB67,
    0xEB26, 0xEA83, 0xEAA3, 0xEAA3, 0xEAA3, 0xEA83, 0xEA83, 0xEA83, 0xEA83, 0xEA83, 0xEA83, 0xEA83, 0xEA83, 0xEAC5, 0xEB67, 0xEB47,
    0xEB47, 0xEB47, 0xEB47, 0xEB47, 0xEB47, 0xEB47, 0xEB47, 0xEB47, 0xEB47, 0xEB47, 0xEB47, 0xEB47, 0xEB26, 0xEA83, 0xEA83, 0xEA83,
    0xEA83, 0xEA83, 0xEA83, 0xEA83, 0xEA83, 0xEA83, 0xEA83, 0xEA83, 0xEA83, 0xE283, 0xE283, 0xE283, 0xE283, 0xE283, 0xE283, 0xE283,
    0xE283, 0xE2E6, 0xE347, 0xE347, 0xE347, 0xE347, 0xE327, 0xE327, 0xE327, 0xE327, 0xE327, 0xE327, 0xE327, 0xE327, 0xDB27, 0xDB27,
    0xDB27, 0xDAA3, 0xDAA3, 0xDAA3, 0xDAA3, 0xE2A3, 0xE2C3, 0xE2C3, 0xE2C3, 0xE2C3, 0xE2C3, 0xE2C3, 0xE2C3, 0xE2C3, 0xE2C3, 0xE2E4,
    0xEB87, 0xEB87, 0xEB87, 0xEB87, 0xEB87, 0xEB87, 0xEB87, 0xEB87, 0xEB87, 0xEB87, 0xEB87, 0xEB87, 0xEB87, 0xEB87, 0xEB87, 0xEB87,
    0xEB87, 0xEB87, 0xEB87, 0xEBA7, 0xEB87, 0xEAE4, 0xEAE4, 0xEAE4, 0xEAE4, 0xEAE4, 0xEAE4, 0xEAE4, 0xEAE4, 0xEAC4, 0xEAC4, 0xEAC4,
    0xEAC4, 0xEAC4, 0xEAC4, 0xEAC3, 0xEB46, 0xEB88, 0xEB67, 0xEB67, 0xEB67, 0xEB67, 0xEB67, 0xEB67, 0xEB67, 0xEB67, 0xEB67, 0xEB67,
    0xEB67, 0xEB06, 0xEA83, 0xEA83, 0xEA83, 0xEA83, 0xEA83, 0xEA83, 0xEA83, 0xEA83, 0xEA83, 0xEA83, 0xEA83, 0xEA83, 0xEAA4, 0xEB47,
    0xEB47, 0xEB47, 0xEB47, 0xEB47, 0xEB47, 0xEB47, 0xEB47, 0xEB47, 0xEB47, 0xEB47, 0xEB47, 0xEB47, 0xEB47, 0xEB67, 0xEAE5, 0xEA83,
    0xEA83, 0xEA83, 0xEA83, 0xEA83, 0xEA83, 0xEA83, 0xEA83, 0xEA83, 0xEA83, 0xE283, 0xE283, 0xE283, 0xE283, 0xE283, 0xE283, 0xE283,
    0xE283, 0xE283, 0xE283, 0xE2E5, 0xE347, 0xE347, 0xE327, 0xE327, 0xE327, 0xE327, 0xE327, 0xE327, 0xE327, 0xE327, 0xE327, 0xDB27,
    0xDB27, 0xDB27, 0xDA83, 0xDAA3, 0xDAA3, 0xDAA3, 0xDAA3, 0xE2A3, 0xE2A3, 0xE2A3, 0xE2C3, 0xE2C3, 0xE2C3, 0xE2C3, 0xE2C3, 0xE2E4,
    0xE367, 0xEB87, 0xEB87, 0xEB87, 0xEB87, 0xEB87, 0xEB87, 0xEB87, 0xEB87, 0xEB87, 0xEB87, 0xEB87, 0xEB87, 0xEB87, 0xEB87, 0xEB87,
    0xEB87, 0xEB87, 0xEB87, 0xEB87, 0xEB88, 0xEB05, 0xEAC3, 0xEAE4, 0xEAC4, 0xEAC4, 0xEAC4, 0xEAC4, 0xEAC4, 0xEAC4, 0xEAC4, 0xEAC4,
    0xEAC4, 0xEAC4, 0xEAC4, 0xEAC4, 0xEAC4, 0xEB67, 0xEB67, 0xEB67, 0xEB67, 0xEB67, 0xEB67, 0xEB67, 0xEB67, 0xEB67, 0xEB67, 0xEB47,
    0xEB47, 0xEB67, 0xEB06, 0xEA83, 0xEA83, 0xEA83, 0xEA83, 0xEA83, 0xEA83, 0xEA83, 0xEA83, 0xEA83, 0xEA83, 0xEA83, 0xEA83, 0xEA83,
    0xEB26, 0xEB47, 0xEB47, 0xEB47, 0xEB47, 0xEB47, 0xEB47, 0xEB47, 0xEB47, 0xEB47, 0xEB47, 0xEB47, 0xEB47, 0xEB47, 0xEB47, 0xEB47,
    0xEAA4, 0xEA83, 0xEA83, 0xEA83, 0xEA83, 0xEA83, 0xEA83, 0xEA83, 0xE283, 0xE283, 0xE283, 0xE283, 0xE283, 0xE283, 0xE283, 0xE283,
    0xE283, 0xE283, 0xE283, 0xE283, 0xE283, 0xE2E5, 0xE347, 0xE327, 0xE327, 0xE327, 0xE327, 0xE327, 0xE327, 0xE327, 0xE327, 0xDB27,
    0xDB27, 0xDB27, 0xDB07, 0xDA83, 0xDA83, 0xDA83, 0xDA83, 0xDAA3, 0xDAA3, 0xDAA3, 0xE2A3, 0xE2A3, 0xE2A3, 0xE2A3, 0xE2A3, 0xE2E4,
    0xE367, 0xE367, 0xEB67, 0xEB67, 0xEB67, 0xEB67, 0xEB87, 0xEB87, 0xEB87, 0xEB87, 0xEB87, 0xEB87, 0xEB87, 0xEB87, 0xEB87, 0xEB87,
    0xEB87, 0xEB87, 0xEB87, 0xEB87, 0xEB88, 0xEB46, 0xEAC3, 0xEAC4, 0xEAC4, 0xEAC4, 0xEAC4, 0xEAC4, 0xEAC4, 0xEAC4, 0xEAC4, 0xEAC4,
    0xEAC4, 0xEAC4, 0xEAC3, 0xEAC3, 0xEAA3, 0xEAE4, 0xEB67, 0xEB67, 0xEB67, 0xEB67, 0xEB67, 0xEB67, 0xEB67, 0xEB47, 0xEB47, 0xEB47,
    0xEB47, 0xEB47, 0xEB67, 0xEB06, 0xEA83, 0xEA83, 0xEA83, 0xEA83, 0xEA83, 0xEA83, 0xEA83, 0xEA83, 0xEA83, 0xEA83, 0xEA83, 0xEA83,
    0xEA83, 0xEAE5, 0xEB67, 0xEB47, 0xEB47, 0xEB47, 0xEB47, 0xEB47, 0xEB47, 0xEB47, 0xEB47, 0xEB47, 0xEB47, 0xEB47, 0xEB47, 0xEB47,
    0xEB67, 0xEB05, 0xEA83, 0xEA83, 0xEA83, 0xEA83, 0xEA83, 0xEA83, 0xE283, 0xE283, 0xE283, 0xE283, 0xE283, 0xE283, 0xE283, 0xE283,
    0xE283, 0xE283, 0xE283, 0xE283, 0xE283, 0xE283, 0xE263, 0xE2E5, 0xE347, 0xE327, 0xE327, 0xE327, 0xE327, 0xE327, 0xE327, 0xDB27,
    0xDB27, 0xDB27, 0xDB07, 0xDB07, 0xDA83, 0xDA83, 0xDA83, 0xDA83, 0xDA83, 0xDA83, 0xDAA3, 0xDAA3, 0xDAA3, 0xE2A3, 0xE2A3, 0xE2C4,
    0xE347, 0xE367, 0xE367, 0xE367, 0xE367, 0xEB67, 0xEB67, 0xEB67, 0xEB67, 0xEB67, 0xEB67, 0xEB67, 0xEB67, 0xEB67, 0xEB67, 0xEB87,
    0xEB87, 0xEB87, 0xEB87, 0xEB87, 0xEB67, 0xEB87, 0xEAE4, 0xEAC3, 0xEAC4, 0xEAC4, 0xEAC4, 0xEAC3, 0xEAC3, 0xEAC3, 0xEAC3, 0xEAC3,
    0xEAA3, 0xEAA3, 0xEAA3, 0xEAA3, 0xEAA3, 0xEAA3, 0xEB05, 0xEB67, 0xEB67, 0xEB67, 0xEB47, 0xEB47, 0xEB47, 0xEB47, 0xEB47, 0xEB47,
    0xEB47, 0xEB47, 0xEB47, 0xEB67, 0xEB06, 0xEA83, 0xEA83, 0xEA83, 0xEA83, 0xEA83, 0xEA83, 0xEA83, 0xEA83, 0xEA83, 0xEA83, 0xEA83,
    0xEA83, 0xEA83, 0xEAC4, 0xEB67, 0xEB47, 0xEB47, 0xEB47, 0xEB47, 0xEB47, 0xEB47, 0xEB47, 0xEB47, 0xEB47, 0xEB47, 0xEB47, 0xEB47,
    0xEB47, 0xEB47, 0xEB47, 0xEAA4, 0xEA83, 0xEA83, 0xEA83, 0xE283, 0xE283, 0xE283, 0xE283, 0xE283, 0xE283, 0xE283, 0xE283, 0xE283,
    0xE283, 0xE283, 0xE283, 0xE283, 0xE283, 0xE283, 0xE283, 0xE283, 0xE263, 0xE2E5, 0xE347, 0xE327, 0xE327, 0xE327, 0xE327, 0xDB27,
    0xDB27, 0xDB27, 0xDB07, 0xDB07, 0xDB07, 0xD263, 0xDA63, 0xDA83, 0xDA83, 0xDA83, 0xDA83, 0xDA83, 0xDA83, 0xDA83, 0xDA83, 0xE2C4,
    0xE347, 0xE347, 0xE347, 0xE347, 0xE347, 0xE347, 0xE347, 0xE367, 0xE367, 0xEB67, 0xEB67, 0xEB67, 0xEB67, 0xEB67, 0xEB67, 0xEB67,
    0xEB67, 0xEB67, 0xEB67, 0xEB67, 0xEB67, 0xEB88, 0xEB26, 0xEAA3, 0xEAC4, 0xEAA3, 0xEAC3, 0xEAA3, 0xEAA3, 0xEAA3, 0xEAA3, 0xEAA3,
    0xEAA3, 0xEAA3, 0xEAA3, 0xEAA3, 0xEAA3, 0xEAA3, 0xEAA3, 0xEB26, 0xEB67, 0xEB47, 0xEB47, 0xEB47, 0xEB47, 0xEB47, 0xEB47, 0xEB47,
    0xEB47, 0xEB47, 0xEB47, 0xEB47, 0xEB67, 0xEB06, 0xEA83, 0xEA83, 0xEA83, 0xEA83, 0xEA83, 0xEA83, 0xEA83, 0xEA83, 0xEA83, 0xEA83,
    0xEA83, 0xEA83, 0xEA83, 0xEAA4, 0xEB47, 0xEB47, 0xEB47, 0xEB47, 0xEB47, 0xEB47, 0xEB47, 0xEB47, 0xEB47, 0xEB47, 0xEB47, 0xEB47,
    0xEB47, 0xEB47, 0xEB47, 0xEB47, 0xEB26, 0xEA83, 0xE283, 0xE283, 0xE283, 0xE283, 0xE283, 0xE283, 0xE283, 0xE283, 0xE283, 0xE283,
    0xE283, 0xE283, 0xE283, 0xE283, 0xE283, 0xE283, 0xE283, 0xE283, 0xE283, 0xE283, 0xDA63, 0xE2E5, 0xE327, 0xE327, 0xE327, 0xDB27,
    0xDB27, 0xDB27, 0xDB07, 0xDB07, 0xDB07, 0xDB07, 0xD263, 0xD263, 0xDA63, 0xDA63, 0xDA83, 0xDA83, 0xDA83, 0xDA83, 0xDA83, 0xDAA4,
    0xE327, 0xE347, 0xE347, 0xE347, 0xE347, 0xE347, 0xE347, 0xE347, 0xE347, 0xE347, 0xE347, 0xE347, 0xEB47, 0xEB67, 0xEB67, 0xEB67,
    0xEB67, 0xEB67, 0xEB67, 0xEB67, 0xEB67, 0xEB67, 0xEB67, 0xEAC4, 0xEAA3, 0xEAA3, 0xEAA3, 0xEAA3, 0xEAA3, 0xEAA3, 0xEAA3, 0xEAA3,
    0xEAA3, 0xEAA3, 0xEAA3, 0xEAA3, 0xEAA3, 0xEAA3, 0xEA83, 0xEAA4, 0xEB47, 0xEB47, 0xEB47, 0xEB47, 0xEB47, 0xEB47, 0xEB47, 0xEB47,
    0xEB47, 0xEB47, 0xEB47, 0xEB47, 0xEB47, 0xEB67, 0xEB06, 0xEA83, 0xEA83, 0xEA83, 0xEA83, 0xEA83, 0xEA83, 0xEA83, 0xEA83, 0xEA83,
    0xEA83, 0xEA83, 0xEA83, 0xEA83, 0xEA83, 0xEB06, 0xEB67, 0xEB47, 0xEB47, 0xEB47, 0xEB47, 0xEB47, 0xEB47, 0xEB47, 0xEB47, 0xEB47,
    0xEB47, 0xEB47, 0xEB47, 0xEB47, 0xEB47, 0xEB67, 0xEAC4, 0xE283, 0xE283, 0xE283, 0xE283, 0xE283, 0xE283, 0xE283, 0xE283, 0xE283,
    0xE283, 0xE283, 0xE283, 0xE283, 0xE283, 0xE283, 0xE283, 0xE283, 0xE283, 0xE283, 0xE283, 0xDA83, 0xDA63, 0xDAE5, 0xE327, 0xDB27,
    0xDB27, 0xDB27, 0xDB07, 0xDB07, 0xDB07, 0xDB07, 0xDB07, 0xD263, 0xD263, 0xD263, 0xDA63, 0xDA63, 0xDA63, 0xDA63, 0xDA63, 0xDAA4,
    0xDB27, 0xE347, 0xE327, 0xE347, 0xE347, 0xE347, 0xE347, 0xE347, 0xE347, 0xE347, 0xE347, 0xE347, 0xE347, 0xE347, 0xE347, 0xEB47,
    0xEB47, 0xEB67, 0xEB67, 0xEB67, 0xEB67, 0xEB67, 0xEB67, 0xEB05, 0xE2A3, 0xE2A4, 0xE2A3, 0xEAA3, 0xEAA3, 0xEAA3, 0xEAA3, 0xEAA3,
    0xEAA3, 0xEAA3, 0xEAA3, 0xEA83, 0xEA83, 0xEA83, 0xEA83, 0xEA83, 0xEAC5, 0xEB47, 0xEB47, 0xEB47, 0xEB47, 0xEB47, 0xEB47, 0xEB47,
    0xEB47, 0xEB47, 0xEB47, 0xEB47, 0xEB47, 0xEB47, 0xEB67, 0xEB06, 0xEA83, 0xEA83, 0xEA83, 0xEA83, 0xEA83, 0xEA83, 0xEA83, 0xEA83,
    0xEA83, 0xEA83, 0xEA83, 0xEA83, 0xEA83, 0xEA83, 0xEAE5, 0xEB67, 0xEB47, 0xEB47, 0xEB47, 0xEB47, 0xEB47, 0xEB47, 0xEB47, 0xEB47,
    0xEB47, 0xEB47, 0xEB47, 0xEB47, 0xEB47, 0xEB47, 0xEB47, 0xEB27, 0xE283, 0xE283, 0xE283, 0xE283, 0xE283, 0xE283, 0xE283, 0xE283,
    0xE283, 0xE283, 0xE283, 0xE283, 0xE283, 0xE283, 0xE283, 0xE283, 0xE283, 0xE283, 0xDA83, 0xDA83, 0xDA63, 0xDA63, 0xDA63, 0xDAC5,
    0xDB27, 0xDB27, 0xDB07, 0xDB07, 0xDB07, 0xDB07, 0xDB07, 0xDB07, 0xD263, 0xD263, 0xD263, 0xD263, 0xDA63, 0xDA63, 0xDA63, 0xDA84,
    0xDB07, 0xDB27, 0xDB27, 0xE327, 0xE327, 0xE327, 0xE327, 0xE327, 0xE327, 0xE347, 0xE347, 0xE347, 0xE347, 0xE347, 0xE347, 0xE347,
    0xE347, 0xE347, 0xE347, 0xEB47, 0xEB47, 0xEB47, 0xEB47, 0xEB27, 0xE283, 0xE283, 0xE2A3, 0xE2A3, 0xE2A3, 0xE2A3, 0xEA83, 0xEA83,
    0xEA83, 0xEA83, 0xEA83, 0xEA83, 0xEA83, 0xEA83, 0xEA83, 0xEA83, 0xEA83, 0xEB06, 0xEB67, 0xEB47, 0xEB47, 0xEB47, 0xEB47, 0xEB47,
    0xEB47, 0xEB47, 0xEB47, 0xEB47, 0xEB47, 0xEB47, 0xEB47, 0xEB67, 0xEB06, 0xEA83, 0xEA83, 0xEA83, 0xEA83, 0xEA83, 0xEA83, 0xEA83,
    0xEA83, 0xEA83, 0xEA83, 0xEA83, 0xEA83, 0xEA83, 0xEA83, 0xEAC4, 0xEB47, 0xEB47, 0xEB47, 0xEB47, 0xEB47, 0xEB47, 0xEB47, 0xEB47,
    0xEB47, 0xEB47, 0xEB47, 0xEB47, 0xEB47, 0xEB47, 0xEB47, 0xEB47, 0xEB47, 0xE2E5, 0xE283, 0xE284, 0xE283, 0xE283, 0xE283, 0xE283,
    0xE283, 0xE283, 0xE283, 0xE283, 0xE283, 0xE283, 0xE283, 0xE283, 0xE283, 0xE283, 0xDA83, 0xDA83, 0xDA63, 0xDA63, 0xDA63, 0xDA63,
    0xDA63, 0xDAC5, 0xDB27, 0xDB07, 0xDB07, 0xDB07, 0xDB07, 0xDB07, 0xDB07, 0xD263, 0xD263, 0xD263, 0xD263, 0xDA63, 0xDA63, 0xDA84,
    0xDB07, 0xDB27, 0xDB27, 0xDB27, 0xDB27, 0xE327, 0xE327, 0xE327, 0xE327, 0xE327, 0xE327, 0xE327, 0xE327, 0xE327, 0xE327, 0xE347,
    0xE347, 0xE347, 0xE347, 0xE347, 0xE347, 0xE347, 0xEB47, 0xEB47, 0xE2C5, 0xE283, 0xE283, 0xE283, 0xE283, 0xE283, 0xE283, 0xE283,
    0xE283, 0xE283, 0xEA83, 0xEA83, 0xEA83, 0xEA83, 0xEA83, 0xEA83, 0xEA83, 0xEA83, 0xEB26, 0xEB47, 0xEB47, 0xEB47, 0xEB47, 0xEB47,
    0xEB47, 0xEB47, 0xEB47, 0xEB47, 0xEB47, 0xEB47, 0xEB47, 0xEB47, 0xEB67, 0xEB06, 0xEA83, 0xEA83, 0xEA83, 0xEA83, 0xEA83, 0xEA83,
    0xEA83, 0xEA83, 0xEA83, 0xEA83, 0xEA83, 0xEA83, 0xEA83, 0xEA83, 0xEA83, 0xEB27, 0xEB47, 0xEB47, 0xEB47, 0xEB47, 0xEB47, 0xEB47,
    0xEB47, 0xEB47, 0xEB47, 0xEB47, 0xEB47, 0xEB47, 0xEB47, 0xEB47, 0xEB47, 0xEB47, 0xEB47, 0xE2A4, 0xE283, 0xE283, 0xE283, 0xE283,
    0xE283, 0xE283, 0xE283, 0xE283, 0xE283, 0xE283, 0xE283, 0xE283, 0xE283, 0xE283, 0xDA83, 0xDA63, 0xDA63, 0xDA63, 0xDA63, 0xDA63,
    0xDA63, 0xDA63, 0xDA63, 0xDAC5, 0xDB27, 0xDB07, 0xDB07, 0xDB07, 0xDB07, 0xD307, 0xD263, 0xD263, 0xD263, 0xD263, 0xD243, 0xD284,
    0xDB07, 0xDB27, 0xDB07, 0xDB27, 0xDB27, 0xDB27, 0xDB27, 0xE327, 0xE327, 0xE327, 0xE327, 0xE327, 0xE327, 0xE327, 0xE327, 0xE327,
    0xE327, 0xE347, 0xE347, 0xE347, 0xE347, 0xE347, 0xE347, 0xE347, 0xE306, 0xE283, 0xE283, 0xE283, 0xE283, 0xE283, 0xE283, 0xE283,
    0xE283, 0xE283, 0xE283, 0xE283, 0xE283, 0xEA83, 0xEA83, 0xEA83, 0xEA83, 0xEA83, 0xEAA4, 0xEB47, 0xEB47, 0xEB47, 0xEB47, 0xEB47,
    0xEB47, 0xEB47, 0xEB47, 0xEB47, 0xEB47, 0xEB47, 0xEB47, 0xEB47, 0xEB47, 0xEB67, 0xEB06, 0xEA83, 0xEA83, 0xEA83, 0xEA83, 0xEA83,
    0xEA83, 0xEA83, 0xEA83, 0xEA83, 0xEA83, 0xEA83, 0xEA83, 0xEA83, 0xEA83, 0xEA83, 0xEB06, 0xEB67, 0xEB47, 0xEB47, 0xEB47, 0xEB47,
    0xEB47, 0xEB47, 0xEB47, 0xEB47, 0xEB47, 0xEB47, 0xEB47, 0xEB47, 0xEB47, 0xEB47, 0xEB47, 0xEB47, 0xE2E6, 0xE283, 0xE284, 0xE283,
    0xE283, 0xE283, 0xE283, 0xE283, 0xE283, 0xE283, 0xE283, 0xE283, 0xE283, 0xDA83, 0xDA83, 0xDA63, 0xDA63, 0xDA63, 0xDA63, 0xDA63,
    0xDA63, 0xDA63, 0xDA63, 0xDA63, 0xDA63, 0xDAC5, 0xDB27, 0xDB07, 0xDB07, 0xD307, 0xD306, 0xD243, 0xD243, 0xD263, 0xD243, 0xD284,
    0xDB06, 0xDB07, 0xDB07, 0xDB07, 0xDB07, 0xDB07, 0xDB27, 0xDB27, 0xDB27, 0xE327, 0xE327, 0xE327, 0xE327, 0xE327, 0xE327, 0xE327,
    0xE327, 0xE327, 0xE327, 0xE327, 0xE347, 0xE347, 0xE347, 0xE347, 0xE347, 0xE2A4, 0xE283, 0xE283, 0xE283, 0xE283, 0xE283, 0xE283,
    0xE283, 0xE283, 0xE283, 0xE283, 0xE283, 0xE283, 0xE283, 0xE283, 0xE283, 0xE283, 0xE283, 0xEAE5, 0xEB67, 0xEB47, 0xEB47, 0xEB47,
    0xEB47, 0xEB47, 0xEB47, 0xEB47, 0xEB47, 0xEB47, 0xEB47, 0xEB47, 0xEB47, 0xEB47, 0xEB67, 0xEB06, 0xEA83, 0xEA83, 0xEA83, 0xEA83,
    0xEA83, 0xEA83, 0xEA83, 0xEA83, 0xEA83, 0xEA83, 0xEA83, 0xEA83, 0xEA83, 0xEA83, 0xEA83, 0xEAC5, 0xEB67, 0xEB47, 0xEB47, 0xEB47,
    0xEB47, 0xEB47, 0xEB47, 0xEB47, 0xEB47, 0xEB47, 0xEB47, 0xEB47, 0xEB47, 0xEB47, 0xEB47, 0xEB47, 0xE347, 0xE347, 0xE2A4, 0xE283,
    0xE283, 0xE283, 0xE283, 0xE283, 0xE283, 0xE283, 0xE283, 0xE283, 0xE283, 0xDA83, 0xDA83, 0xDA63, 0xDA63, 0xDA63, 0xDA63, 0xDA63,
    0xDA63, 0xDA63, 0xDA63, 0xDA63, 0xDA63, 0xD263, 0xD243, 0xD2C5, 0xDB07, 0xD306, 0xD306, 0xD306, 0xD243, 0xD243, 0xD243, 0xD284,
    0xD306, 0xDB07, 0xDB07, 0xDB07, 0xDB07, 0xDB07, 0xDB07, 0xDB07, 0xDB27, 0xDB27, 0xDB27, 0xDB27, 0xE327, 0xE327, 0xE327, 0xE327,
    0xE327, 0xE327, 0xE327, 0xE327, 0xE327, 0xE327, 0xE327, 0xE327, 0xE347, 0xE2E5, 0xE263, 0xE283, 0xE283, 0xE283, 0xE283, 0xE283,
    0xE283, 0xE283, 0xE283, 0xE283, 0xE283, 0xE283, 0xE283, 0xE283, 0xE283, 0xE283, 0xE283, 0xE283, 0xEB06, 0xEB67, 0xEB47, 0xEB47,
    0xEB47, 0xEB47, 0xEB47, 0xEB47, 0xEB47, 0xEB47, 0xEB47, 0xEB47, 0xEB47, 0xEB47, 0xEB47, 0xEB67, 0xEB06, 0xEA83, 0xEA83, 0xEA83,
    0xEA83, 0xEA83, 0xEA83, 0xEA83, 0xEA83, 0xEA83, 0xEA83, 0xEA83, 0xE283, 0xE283, 0xE283, 0xE283, 0xE2A4, 0xEB47, 0xEB47, 0xEB47,
    0xEB47, 0xEB47, 0xEB47, 0xEB47, 0xEB47, 0xEB47, 0xEB47, 0xEB47, 0xEB47, 0xEB47, 0xE347, 0xE347, 0xE347, 0xE347, 0xE347, 0xE306,
    0xE263, 0xE283, 0xE283, 0xE283, 0xE283, 0xE283, 0xE283, 0xE283, 0xDA83, 0xDA63, 0xDA63, 0xDA63, 0xDA63, 0xDA63, 0xDA63, 0xDA63,
    0xDA63, 0xDA63, 0xDA63, 0xDA63, 0xDA63, 0xD263, 0xD263, 0xD263, 0xD243, 0xD2C5, 0xD307, 0xD306, 0xD2E6, 0xCA43, 0xD243, 0xD264,
    0xD2E6, 0xD307, 0xD307, 0xDB07, 0xDB07, 0xDB07, 0xDB07, 0xDB07, 0xDB07, 0xDB07, 0xDB27, 0xDB27, 0xDB27, 0xDB27, 0xDB27, 0xE327,
    0xE327, 0xE327, 0xE327, 0xE327, 0xE327, 0xE327, 0xE327, 0xE327, 0xE327, 0xE327, 0xE283, 0xE283, 0xE283, 0xE283, 0xE283, 0xE283,
    0xE283, 0xE283, 0xE283, 0xE283, 0xE283, 0xE283, 0xE283, 0xE283, 0xE283, 0xE283, 0xE283, 0xE283, 0xE283, 0xEB27, 0xEB47, 0xEB47,
    0xEB47, 0xEB47, 0xEB47, 0xEB47, 0xEB47, 0xEB47, 0xEB47, 0xEB47, 0xEB47, 0xEB47, 0xEB47, 0xEB47, 0xEB67, 0xEB06, 0xEA83, 0xEA83,
    0xE283, 0xE283, 0xE283, 0xE283, 0xE283, 0xE283, 0xE283, 0xE283, 0xE283, 0xE283, 0xE283, 0xE283, 0xE283, 0xE283, 0xEB27, 0xEB47,
    0xEB47, 0xEB47, 0xEB47, 0xEB47, 0xEB47, 0xEB47, 0xEB47, 0xEB47, 0xE347, 0xE347, 0xE347, 0xE347, 0xE347, 0xE347, 0xE347, 0xE347,
    0xE347, 0xE2C5, 0xE263, 0xE283, 0xE283, 0xE283, 0xE283, 0xDA83, 0xDA83, 0xDA63, 0xDA63, 0xDA63, 0xDA63, 0xDA63, 0xDA63, 0xDA63,
    0xDA63, 0xDA63, 0xDA63, 0xDA63, 0xD263, 0xD263, 0xD263, 0xD263, 0xD263, 0xD263, 0xD243, 0xD2A5, 0xD307, 0xD2E6, 0xCA43, 0xD264,
    0xD2E6, 0xD307, 0xD306, 0xD306, 0xD307, 0xDB07, 0xDB07, 0xDB07, 0xDB07, 0xDB07, 0xDB07, 0xDB07, 0xDB07, 0xDB27, 0xDB27, 0xDB27,
    0xDB27, 0xE327, 0xE327, 0xE327, 0xE327, 0xE327, 0xE327, 0xE327, 0xE327, 0xE347, 0xE2C5, 0xE283, 0xE283, 0xE283, 0xE283, 0xE283,
    0xE283, 0xE283, 0xE283, 0xE283, 0xE283, 0xE283, 0xE283, 0xE283, 0xE283, 0xE283, 0xE283, 0xE283, 0xE283, 0xE2A4, 0xEB47, 0xEB47,
    0xEB47, 0xEB47, 0xEB47, 0xEB47, 0xEB47, 0xEB47, 0xEB47, 0xEB47, 0xEB47, 0xEB47, 0xEB47, 0xEB47, 0xEB47, 0xEB67, 0xEB06, 0xE283,
    0xE283, 0xE283, 0xE283, 0xE283, 0xE283, 0xE283, 0xE283, 0xE283, 0xE283, 0xE283, 0xE283, 0xE283, 0xE283, 0xE284, 0xE283, 0xEAE6,
    0xEB47, 0xEB47, 0xEB47, 0xEB47, 0xEB47, 0xEB47, 0xEB47, 0xE347, 0xE347, 0xE347, 0xE347, 0xE347, 0xE347, 0xE347, 0xE347, 0xE347,
    0xE327, 0xE347, 0xE326, 0xE283, 0xE283, 0xE283, 0xE283, 0xDA83, 0xDA83, 0xDA63, 0xDA63, 0xDA63, 0xDA63, 0xDA63, 0xDA63, 0xDA63,
    0xDA63, 0xDA63, 0xDA63, 0xDA63, 0xD263, 0xD263, 0xD263, 0xD263, 0xD263, 0xD263, 0xD243, 0xD243, 0xD243, 0xD2A5, 0xD307, 0xCA64,
    0xD2E6, 0xD2E7, 0xD2E6, 0xD306, 0xD306, 0xD306, 0xD307, 0xD307, 0xDB07, 0xDB07, 0xDB07, 0xDB07, 0xDB07, 0xDB07, 0xDB07, 0xDB27,
    0xDB27, 0xDB27, 0xDB27, 0xE327, 0xE327, 0xE327, 0xE327, 0xE327, 0xE327, 0xE327, 0xE306, 0xE283, 0xE283, 0xE283, 0xE283, 0xE283,
    0xE283, 0xE283, 0xE283, 0xE283, 0xE283, 0xE283, 0xE283, 0xE283, 0xE283, 0xE283, 0xE283, 0xE283, 0xE283, 0xE283, 0xE2E5, 0xEB47,
    0xEB47, 0xEB47, 0xEB47, 0xEB47, 0xEB47, 0xEB47, 0xEB47, 0xEB47, 0xEB47, 0xEB47, 0xEB47, 0xEB47, 0xEB47, 0xEB47, 0xEB67, 0xEB06,
    0xE283, 0xE283, 0xE283, 0xE283, 0xE283, 0xE283, 0xE283, 0xE283, 0xE283, 0xE283, 0xE283, 0xE283, 0xE283, 0xE283, 0xE283, 0xE283,
    0xE2C5, 0xEB47, 0xEB47, 0xEB47, 0xEB47, 0xE347, 0xE347, 0xE347, 0xE347, 0xE347, 0xE347, 0xE347, 0xE347, 0xE347, 0xE347, 0xE327,
    0xE327, 0xE327, 0xE327, 0xE347, 0xE2C5, 0xE263, 0xDA83, 0xDA83, 0xDA63, 0xDA63, 0xDA63, 0xDA63, 0xDA63, 0xDA63, 0xDA63, 0xDA63,
    0xDA63, 0xDA63, 0xDA63, 0xDA63, 0xD263, 0xD263, 0xD263, 0xD263, 0xD263, 0xD263, 0xD243, 0xD243, 0xD243, 0xCA43, 0xCA43, 0xCAA5,
    0xCAE6, 0xD2E6, 0xD2E6, 0xD2E6, 0xD2E6, 0xD306, 0xD306, 0xD306, 0xD306, 0xD307, 0xDB07, 0xDB07, 0xDB07, 0xDB07, 0xDB07, 0xDB07,
    0xDB07, 0xDB07, 0xDB27, 0xDB27, 0xDB27, 0xDB27, 0xE327, 0xE327, 0xE327, 0xE327, 0xE327, 0xE2A4, 0xE263, 0xE283, 0xE283, 0xE283,
    0xE283, 0xE283, 0xE283, 0xE283, 0xE283, 0xE283, 0xE283, 0xE283, 0xE283, 0xE283, 0xE283, 0xE283, 0xE283, 0xE283, 0xE283, 0xE306,
    0xEB47, 0xEB47, 0xEB47, 0xEB47, 0xEB47, 0xEB47, 0xEB47, 0xEB47, 0xEB47, 0xEB47, 0xEB47, 0xEB47, 0xEB47, 0xEB47, 0xEB47, 0xEB47,
    0xEB06, 0xE283, 0xE283, 0xE283, 0xE283, 0xE283, 0xE283, 0xE283, 0xE283, 0xE283, 0xE283, 0xE283, 0xE283, 0xE283, 0xE283, 0xE283,
    0xE283, 0xE2A4, 0xEB47, 0xE347, 0xE347, 0xE347, 0xE347, 0xE347, 0xE347, 0xE347, 0xE347, 0xE347, 0xE347, 0xE347, 0xE327, 0xE327,
    0xE327, 0xE327, 0xE327, 0xE327, 0xE327, 0xE327, 0xDA84, 0xDA63, 0xDA63, 0xDA63, 0xDA63, 0xDA63, 0xDA63, 0xDA63, 0xDA63, 0xDA63,
    0xDA63, 0xDA63, 0xDA63, 0xDA63, 0xD263, 0xD263, 0xD263, 0xD263, 0xD263, 0xD263, 0xD243, 0xD243, 0xD243, 0xCA43, 0xCA43, 0xCA43,
    0xCA43, 0xCAE6, 0xCAE6, 0xCAE6, 0xD2E6, 0xD2E6, 0xD2E6, 0xD306, 0xD306, 0xD306, 0xD306, 0xD307, 0xDB07, 0xDB07, 0xDB07, 0xDB07,
    0xDB07, 0xDB07, 0xDB07, 0xDB07, 0xDB27, 0xDB27, 0xDB27, 0xDB27, 0xDB27, 0xE327, 0xE327, 0xE2E6, 0xDA63, 0xDA83, 0xDA83, 0xE283,
    0xE283, 0xE283, 0xE283, 0xE283, 0xE283, 0xE283, 0xE283, 0xE283, 0xE283, 0xE283, 0xE283, 0xE283, 0xE283, 0xE283, 0xE283, 0xE284,
    0xE327, 0xE347, 0xE347, 0xE347, 0xEB47, 0xEB47, 0xEB47, 0xEB47, 0xEB47, 0xEB47, 0xEB47, 0xEB47, 0xEB47, 0xEB47, 0xEB47, 0xEB47,
    0xEB47, 0xE306, 0xE283, 0xE283, 0xE283, 0xE283, 0xE283, 0xE283, 0xE283, 0xE283, 0xE283, 0xE283, 0xE283, 0xE283, 0xE283, 0xE283,
    0xE283, 0xE283, 0xE283, 0xE306, 0xE347, 0xE347, 0xE347, 0xE347, 0xE347, 0xE347, 0xE347, 0xE347, 0xE347, 0xE327, 0xE327, 0xE327,
    0xE327, 0xE327, 0xE327, 0xE327, 0xE327, 0xE327, 0xE327, 0xE2E6, 0xDA63, 0xDA63, 0xDA63, 0xDA63, 0xDA63, 0xDA63, 0xDA63, 0xDA63,
    0xDA63, 0xDA63, 0xDA63, 0xD263, 0xD263, 0xD263, 0xD263, 0xD263, 0xD263, 0xD243, 0xD243, 0xD243, 0xCA43, 0xCA43, 0xCA43, 0xCA43,
    0xCA43, 0xCA43, 0xCAE6, 0xCAE6, 0xCAE6, 0xCAE6, 0xD2E6, 0xD2E6, 0xD2E6, 0xD2E6, 0xD306, 0xD306, 0xD306, 0xD307, 0xD307, 0xDB07,
    0xDB07, 0xDB07, 0xDB07, 0xDB07, 0xDB07, 0xDB07, 0xDB27, 0xDB27, 0xDB27, 0xDB27, 0xDB27, 0xDB27, 0xDA84, 0xDA63, 0xDA63, 0xDA83,
    0xDA83, 0xDA83, 0xE283, 0xE283, 0xE283, 0xE283, 0xE283, 0xE283, 0xE283, 0xE283, 0xE283, 0xE283, 0xE283, 0xE283, 0xE283, 0xE283,
    0xE2A4, 0xE347, 0xE347, 0xE347, 0xE347, 0xE347, 0xE347, 0xE347, 0xE347, 0xE347, 0xE347, 0xEB47, 0xEB47, 0xEB47, 0xEB47, 0xEB47,
    0xEB47, 0xEB47, 0xE306, 0xE283, 0xE283, 0xE283, 0xE283, 0xE283, 0xE283, 0xE283, 0xE283, 0xE283, 0xE283, 0xE283, 0xE283, 0xE283,
    0xE283, 0xE283, 0xE283, 0xE263, 0xE2E5, 0xE347, 0xE347, 0xE347, 0xE347, 0xE347, 0xE347, 0xE327, 0xE327, 0xE327, 0xE327, 0xE327,
    0xE327, 0xE327, 0xE327, 0xE327, 0xE327, 0xE327, 0xE327, 0xE327, 0xE327, 0xDAA4, 0xDA63, 0xDA63, 0xDA63, 0xDA63, 0xDA63, 0xDA63,
    0xDA63, 0xDA63, 0xDA63, 0xD263, 0xD263, 0xD263, 0xD263, 0xD263, 0xD263, 0xD243, 0xD243, 0xD243, 0xCA43, 0xCA43, 0xCA43, 0xCA43,
    0xCA43, 0xCA43, 0xCA43, 0xCAE6, 0xCAE6, 0xCAE6, 0xCAE6, 0xCAE6, 0xD2E6, 0xD2E6, 0xD2E6, 0xD2E6, 0xD2E6, 0xD306, 0xD306, 0xD306,
    0xD307, 0xDB07, 0xDB07, 0xDB07, 0xDB07, 0xDB07, 0xDB07, 0xDB07, 0xDB07, 0xDB07, 0xDB27, 0xDB27, 0xDAC5, 0xDA63, 0xDA63, 0xDA63,
    0xDA63, 0xDA63, 0xDA63, 0xDA63, 0xDA83, 0xDA83, 0xE283, 0xE283, 0xE283, 0xE283, 0xE283, 0xE283, 0xE283, 0xE283, 0xE283, 0xE283,
    0xE263, 0xE2E5, 0xE347, 0xE347, 0xE347, 0xE347, 0xE347, 0xE347, 0xE347, 0xE347, 0xE347, 0xE347, 0xE347, 0xE347, 0xE347, 0xE347,
    0xE347, 0xE347, 0xE347, 0xE306, 0xE283, 0xE283, 0xE283, 0xE283, 0xE283, 0xE283, 0xE283, 0xE283, 0xE283, 0xE283, 0xE283, 0xE283,
    0xE283, 0xE283, 0xE283, 0xE283, 0xE263, 0xE2A4, 0xE347, 0xE327, 0xE327, 0xE327, 0xE327, 0xE327, 0xE327, 0xE327, 0xE327, 0xE327,
    0xE327, 0xE327, 0xE327, 0xE327, 0xE327, 0xE327, 0xE327, 0xE327, 0xDB27, 0xDB27, 0xDAE6, 0xDA63, 0xDA63, 0xDA63, 0xDA63, 0xDA63,
    0xDA63, 0xDA63, 0xD263, 0xD263, 0xD263, 0xD263, 0xD263, 0xD263, 0xD243, 0xD243, 0xD243, 0xD243, 0xCA43, 0xCA43, 0xCA43, 0xCA43,
    0xCA43, 0xCA43, 0xCA43, 0xCA43, 0xCAC6, 0xCAC6, 0xCAE6, 0xCAE6, 0xCAE6, 0xCAE6, 0xD2E6, 0xD2E6, 0xD2E6, 0xD2E6, 0xD2E6, 0xD306,
    0xD306, 0xD306, 0xD307, 0xD307, 0xDB07, 0xDB07, 0xDB07, 0xDB07, 0xDB07, 0xDB07, 0xDB07, 0xDB27, 0xDB06, 0xDA63, 0xDA63, 0xDA63,
    0xDA63, 0xDA63, 0xDA63, 0xDA63, 0xDA63, 0xDA63, 0xDA63, 0xDA83, 0xDA83, 0xDA83, 0xE283, 0xE283, 0xE283, 0xE283, 0xE283, 0xE283,
    0xE283, 0xE283, 0xE306, 0xE347, 0xE327, 0xE347, 0xE347, 0xE347, 0xE347, 0xE347, 0xE347, 0xE347, 0xE347, 0xE347, 0xE347, 0xE347,
    0xE347, 0xE347, 0xE347, 0xE347, 0xE306, 0xE263, 0xE283, 0xE283, 0xE283, 0xE283, 0xE283, 0xE283, 0xE283, 0xE283, 0xE283, 0xE283,
    0xE283, 0xE283, 0xE283, 0xE283, 0xE283, 0xE283, 0xE283, 0xE327, 0xE327, 0xE327, 0xE327, 0xE327, 0xE327, 0xE327, 0xE327, 0xE327,
    0xE327, 0xE327, 0xE327, 0xE327, 0xE327, 0xE327, 0xE327, 0xDB27, 0xDB27, 0xDB27, 0xDB27, 0xDB27, 0xDAA4, 0xDA63, 0xDA63, 0xDA63,
    0xDA63, 0xDA63, 0xD263, 0xD263, 0xD263, 0xD263, 0xD263, 0xD263, 0xD243, 0xD243, 0xD243, 0xCA43, 0xCA43, 0xCA43, 0xCA43, 0xCA43,
    0xCA43, 0xCA43, 0xCA43, 0xCA43, 0xC223, 0xCAC6, 0xCAC6, 0xCAC6, 0xCAE6, 0xCAE6, 0xCAE6, 0xCAE6, 0xCAE6, 0xD2E6, 0xD2E6, 0xD2E6,
    0xD2E6, 0xD306, 0xD306, 0xD306, 0xD306, 0xD307, 0xDB07, 0xDB07, 0xDB07, 0xDB07, 0xDB07, 0xDB07, 0xDB27, 0xDAA4, 0xDA63, 0xDA63,
    0xDA63, 0xDA63, 0xDA63, 0xDA63, 0xDA63, 0xDA63, 0xDA63, 0xDA63, 0xDA63, 0xDA63, 0xDA63, 0xDA83, 0xDA83, 0xDA83, 0xE283, 0xE283,
    0xE283, 0xE263, 0xE284, 0xE327, 0xE327, 0xE327, 0xE327, 0xE327, 0xE327, 0xE327, 0xE327, 0xE327, 0xE347, 0xE347, 0xE347, 0xE347,
    0xE347, 0xE347, 0xE347, 0xE347, 0xE347, 0xE306, 0xE263, 0xE283, 0xE283, 0xE283, 0xE283, 0xE283, 0xE283, 0xE283, 0xE283, 0xE283,
    0xE283, 0xE283, 0xE283, 0xE283, 0xE283, 0xE283, 0xE283, 0xE263, 0xE306, 0xE347, 0xE327, 0xE327, 0xE327, 0xE327, 0xE327, 0xE327,
    0xE327, 0xE327, 0xE327, 0xE327, 0xE327, 0xDB27, 0xDB27, 0xDB27, 0xDB27, 0xDB27, 0xDB27, 0xDB07, 0xDB27, 0xDB06, 0xDA63, 0xDA63,
    0xDA63, 0xD263, 0xD263, 0xD263, 0xD263, 0xD263, 0xD263, 0xD263, 0xD243, 0xD243, 0xD243, 0xCA43, 0xCA43, 0xCA43, 0xCA43, 0xCA43,
    0xCA43, 0xCA43, 0xCA43, 0xCA43, 0xC223, 0xC223, 0xCAC6, 0xCAC6, 0xCAC6, 0xCAC6, 0xCAE6, 0xCAE6, 0xCAE6, 0xCAE6, 0xCAE6, 0xD2E6,
    0xD2E6, 0xD2E6, 0xD2E6, 0xD2E6, 0xD306, 0xD306, 0xD306, 0xD306, 0xD307, 0xDB07, 0xDB07, 0xDB07, 0xDB07, 0xDAE6, 0xDA63, 0xDA63,
    0xDA63, 0xDA63, 0xDA63, 0xDA63, 0xDA63, 0xDA63, 0xDA63, 0xDA63, 0xDA63, 0xDA63, 0xDA63, 0xDA63, 0xDA63, 0xDA63, 0xDA63, 0xDA83,
    0xDA83, 0xDA83, 0xE263, 0xE2A4, 0xE347, 0xE327, 0xE327, 0xE327, 0xE327, 0xE327, 0xE327, 0xE327, 0xE327, 0xE327, 0xE327, 0xE327,
    0xE327, 0xE327, 0xE327, 0xE327, 0xE327, 0xE347, 0xE2E6, 0xE283, 0xE283, 0xE283, 0xE283, 0xE283, 0xE283, 0xE283, 0xE283, 0xE283,
    0xE283, 0xE283, 0xE283, 0xE283, 0xE283, 0xE283, 0xE283, 0xE283, 0xE263, 0xE2C5, 0xE347, 0xE327, 0xE327, 0xE327, 0xE327, 0xE327,
    0xE327, 0xE327, 0xE327, 0xE327, 0xDB27, 0xDB27, 0xDB27, 0xDB27, 0xDB27, 0xDB27, 0xDB27, 0xDB07, 0xDB07, 0xDB07, 0xDB27, 0xDAC5,
    0xD243, 0xD263, 0xD263, 0xD263, 0xD263, 0xD263, 0xD263, 0xD243, 0xD243, 0xD243, 0xCA43, 0xCA43, 0xCA43, 0xCA43, 0xCA43, 0xCA43,
    0xCA43, 0xCA43, 0xCA43, 0xCA43, 0xC223, 0xC223, 0xC223, 0xC2C6, 0xCAC6, 0xCAC6, 0xCAC6, 0xCAC6, 0xCAE6, 0xCAE6, 0xCAE6, 0xCAE6,
    0xCAE6, 0xCAE6, 0xD2E6, 0xD2E6, 0xD2E6, 0xD2E6, 0xD306, 0xD306, 0xD306, 0xD306, 0xD307, 0xDB07, 0xDB07, 0xDB07, 0xD284, 0xD263,
    0xDA63, 0xDA63, 0xDA63, 0xDA63, 0xDA63, 0xDA63, 0xDA63, 0xDA63, 0xDA63, 0xDA63, 0xDA63, 0xDA63, 0xDA63, 0xDA63, 0xDA63, 0xDA63,
    0xDA63, 0xDA63, 0xDA83, 0xDA63, 0xE2E5, 0xE347, 0xE327, 0xE327, 0xE327, 0xE327, 0xE327, 0xE327, 0xE327, 0xE327, 0xE327, 0xE327,
    0xE327, 0xE327, 0xE327, 0xE327, 0xE327, 0xE327, 0xE347, 0xE2E6, 0xE263, 0xE283, 0xE283, 0xE283, 0xE283, 0xE283, 0xE283, 0xE283,
    0xE283, 0xE283, 0xE283, 0xE283, 0xE283, 0xE283, 0xE283, 0xE283, 0xDA83, 0xDA63, 0xE2A4, 0xE327, 0xE327, 0xE327, 0xE327, 0xE327,
    0xE327, 0xE327, 0xE327, 0xDB27, 0xDB27, 0xDB27, 0xDB27, 0xDB27, 0xDB27, 0xDB07, 0xDB07, 0xDB07, 0xDB07, 0xDB07, 0xDB07, 0xDB07,
    0xDB07, 0xD264, 0xD243, 0xD263, 0xD263, 0xD263, 0xD243, 0xD243, 0xD243, 0xD243, 0xCA43, 0xCA43, 0xCA43, 0xCA43, 0xCA43, 0xCA43,
    0xCA43, 0xCA43, 0xCA43, 0xCA43, 0xC223, 0xC223, 0xC223, 0xC223, 0xC2C6, 0xC2C6, 0xC2C6, 0xCAC6, 0xCAC6, 0xCAC6, 0xCAE6, 0xCAE6,
    0xCAE6, 0xCAE6, 0xCAE6, 0xCAE6, 0xD2E6, 0xD2E6, 0xD2E6, 0xD2E6, 0xD2E6, 0xD306, 0xD306, 0xD306, 0xD306, 0xD307, 0xD2C5, 0xD243,
    0xD263, 0xD263, 0xD263, 0xDA63, 0xDA63, 0xDA63, 0xDA63, 0xDA63, 0xDA63, 0xDA63, 0xDA63, 0xDA63, 0xDA63, 0xDA63, 0xDA63, 0xDA63,
    0xDA63, 0xDA63, 0xDA63, 0xDA63, 0xDA63, 0xE306, 0xE327, 0xE327, 0xE327, 0xE327, 0xE327, 0xE327, 0xE327, 0xE327, 0xE327, 0xE327,
    0xE327, 0xE327, 0xE327, 0xE327, 0xE327, 0xE327, 0xE327, 0xE347, 0xE2E6, 0xE263, 0xE283, 0xE283, 0xE283, 0xE283, 0xE283, 0xE283,
    0xE283, 0xE283, 0xE283, 0xE283, 0xDA83, 0xDA83, 0xDA83, 0xDA83, 0xDA83, 0xDA63, 0xDA63, 0xDA63, 0xE306, 0xE327, 0xE327, 0xE327,
    0xDB27, 0xDB27, 0xDB27, 0xDB27, 0xDB27, 0xDB27, 0xDB27, 0xDB27, 0xDB07, 0xDB07, 0xDB07, 0xDB07, 0xDB07, 0xDB07, 0xDB07, 0xDB07,
    0xDB07, 0xDB07, 0xD2C5, 0xD243, 0xD263, 0xD263, 0xD243, 0xD243, 0xD243, 0xD243, 0xCA43, 0xCA43, 0xCA43, 0xCA43, 0xCA43, 0xCA43,
    0xCA43, 0xCA43, 0xCA43, 0xCA43, 0xC223, 0xC223, 0xC223, 0xC223, 0xC223, 0xC2C6, 0xC2C6, 0xC2C6, 0xC2C6, 0xCAC6, 0xCAC6, 0xCAC6,
    0xCAC6, 0xCAE6, 0xCAE6, 0xCAE6, 0xCAE6, 0xCAE6, 0xD2E6, 0xD2E6, 0xD2E6, 0xD2E6, 0xD2E6, 0xD306, 0xD306, 0xD306, 0xD2E6, 0xD263,
    0xD243, 0xD263, 0xD263, 0xD263, 0xD263, 0xD263, 0xDA63, 0xDA63, 0xDA63, 0xDA63, 0xDA63, 0xDA63, 0xDA63, 0xDA63, 0xDA63, 0xDA63,
    0xDA63, 0xDA63, 0xDA63, 0xDA63, 0xDA63, 0xDA84, 0xE327, 0xE327, 0xE327, 0xE327, 0xE327, 0xE327, 0xE327, 0xE327, 0xE327, 0xE327,
    0xE327, 0xE327, 0xE327, 0xE327, 0xE327, 0xE327, 0xE327, 0xE327, 0xE347, 0xE2E6, 0xDA63, 0xDA83, 0xDA83, 0xDA83, 0xDA83, 0xDA83,
    0xDA83, 0xDA83, 0xDA83, 0xDA83, 0xDA83, 0xDA63, 0xDA63, 0xDA63, 0xDA63, 0xDA63, 0xDA63, 0xDA63, 0xDA63, 0xDAE5, 0xDB27, 0xDB27,
    0xDB27, 0xDB27, 0xDB27, 0xDB27, 0xDB27, 0xDB27, 0xDB27, 0xDB07, 0xDB07, 0xDB07, 0xDB07, 0xDB07, 0xDB07, 0xDB07, 0xDB07, 0xDB07,
    0xDB07, 0xDB07, 0xD307, 0xD307, 0xD284, 0xD243, 0xD243, 0xD243, 0xD243, 0xCA43, 0xCA43, 0xCA43, 0xCA43, 0xCA43, 0xCA43, 0xCA43,
    0xCA43, 0xCA43, 0xCA43, 0xC223, 0xC223, 0xC223, 0xC223, 0xC223, 0xC223, 0xC223, 0xC2C6, 0xC2C6, 0xC2C6, 0xC2C6, 0xC2C6, 0xCAC6,
    0xCAC6, 0xCAC6, 0xCAC6, 0xCAC6, 0xCAE6, 0xCAE6, 0xCAE6, 0xCAE6, 0xCAE6, 0xD2E6, 0xD2E6, 0xD2E6, 0xD2E6, 0xD2E6, 0xD307, 0xD2A5,
    0xD243, 0xD263, 0xD263, 0xD263, 0xD263, 0xD263, 0xD263, 0xD263, 0xD263, 0xD263, 0xDA63, 0xDA63, 0xDA63, 0xDA63, 0xDA63, 0xDA63,
    0xDA63, 0xDA63, 0xDA63, 0xDA63, 0xDA63, 0xDA63, 0xDAA5, 0xDB27, 0xDB27, 0xDB27, 0xDB27, 0xE327, 0xE327, 0xE327, 0xE327, 0xE327,
    0xE327, 0xE327, 0xE327, 0xE327, 0xE327, 0xE327, 0xE327, 0xE327, 0xE327, 0xE327, 0xE2E6, 0xDA63, 0xDA63, 0xDA63, 0xDA63, 0xDA63,
    0xDA63, 0xDA63, 0xDA63, 0xDA63, 0xDA63, 0xDA63, 0xDA63, 0xDA63, 0xDA63, 0xDA63, 0xDA63, 0xDA63, 0xDA63, 0xDA63, 0xDAA4, 0xDB27,
    0xDB27, 0xDB27, 0xDB27, 0xDB07, 0xDB27, 0xDB07, 0xDB07, 0xDB07, 0xDB07, 0xDB07, 0xDB07, 0xDB07, 0xDB07, 0xDB07, 0xDB07, 0xDB07,
    0xD307, 0xD307, 0xD307, 0xD306, 0xD307, 0xD2E6, 0xD243, 0xCA43, 0xCA43, 0xCA43, 0xCA43, 0xCA43, 0xCA43, 0xCA43, 0xCA43, 0xCA43,
    0xCA43, 0xCA43, 0xCA43, 0xC223, 0xC223, 0xC223, 0xC223, 0xC223, 0xC223, 0xC223, 0xC223, 0xC2A6, 0xC2C6, 0xC2C6, 0xC2C6, 0xC2C6,
    0xC2C6, 0xC2C6, 0xCAC6, 0xCAC6, 0xCAC6, 0xCAC6, 0xCAC6, 0xCAE6, 0xCAE6, 0xCAE6, 0xCAE6, 0xCAE6, 0xD2E6, 0xD2E6, 0xD2E6, 0xD2E6,
    0xD243, 0xD243, 0xD243, 0xD243, 0xD243, 0xD263, 0xD263, 0xD263, 0xD263, 0xD263, 0xD263, 0xD263, 0xD263, 0xD263, 0xDA63, 0xDA63,
    0xDA63, 0xDA63, 0xDA63, 0xDA63, 0xDA63, 0xDA63, 0xDA63, 0xDAE6, 0xDB27, 0xDB27, 0xDB27, 0xDB27, 0xDB27, 0xDB27, 0xDB27, 0xDB27,
    0xDB27, 0xDB27, 0xDB27, 0xDB27, 0xE327, 0xE327, 0xE327, 0xE327, 0xE327, 0xE327, 0xE327, 0xDAE6, 0xDA63, 0xDA63, 0xDA63, 0xDA63,
    0xDA63, 0xDA63, 0xDA63, 0xDA63, 0xDA63, 0xDA63, 0xDA63, 0xDA63, 0xDA63, 0xDA63, 0xDA63, 0xDA63, 0xDA63, 0xDA63, 0xDA63, 0xDA84,
    0xDB07, 0xDB27, 0xDB07, 0xDB07, 0xDB07, 0xDB07, 0xDB07, 0xDB07, 0xDB07, 0xDB07, 0xDB07, 0xDB07, 0xDB07, 0xDB07, 0xDB07, 0xDB07,
    0xD307, 0xD306, 0xD306, 0xD306, 0xD306, 0xD2E6, 0xD307, 0xD284, 0xCA43, 0xCA43, 0xCA43, 0xCA43, 0xCA43, 0xCA43, 0xCA43, 0xCA43,
    0xCA43, 0xCA43, 0xC223, 0xC223, 0xC223, 0xC223, 0xC223, 0xC223, 0xC223, 0xC223, 0xC223, 0xBA23, 0xC2A6, 0xC2A6, 0xC2A6, 0xC2C6,
    0xC2C6, 0xC2C6, 0xC2C6, 0xC2C6, 0xC2C6, 0xCAC6, 0xCAC6, 0xCAC6, 0xCAC6, 0xCAE6, 0xCAE6, 0xCAE6, 0xCAE6, 0xCAE6, 0xCAE6, 0xD2E6,
    0xCA84, 0xCA43, 0xCA43, 0xD243, 0xD243, 0xD243, 0xD243, 0xD243, 0xD263, 0xD263, 0xD263, 0xD263, 0xD263, 0xD263, 0xD263, 0xD263,
    0xD263, 0xD263, 0xDA63, 0xDA63, 0xDA63, 0xDA63, 0xDA63, 0xDA63, 0xDB06, 0xDB27, 0xDB07, 0xDB27, 0xDB27, 0xDB27, 0xDB27, 0xDB27,
    0xDB27, 0xDB27, 0xDB27, 0xDB27, 0xDB27, 0xDB27, 0xDB27, 0xDB27, 0xDB27, 0xDB27, 0xDB27, 0xDB27, 0xDAE6, 0xDA63, 0xDA63, 0xDA63,
    0xDA63, 0xDA63, 0xDA63, 0xDA63, 0xDA63, 0xDA63, 0xDA63, 0xDA63, 0xDA63, 0xDA63, 0xDA63, 0xDA63, 0xDA63, 0xDA63, 0xDA63, 0xDA63,
    0xDA63, 0xDAE6, 0xDB27, 0xDB07, 0xDB07, 0xDB07, 0xDB07, 0xDB07, 0xDB07, 0xDB07, 0xDB07, 0xDB07, 0xDB07, 0xDB07, 0xD307, 0xD307,
    0xD306, 0xD306, 0xD306, 0xD306, 0xD2E6, 0xD2E6, 0xD2E6, 0xD2E6, 0xD2E6, 0xCA43, 0xCA43, 0xCA43, 0xCA43, 0xCA43, 0xCA43, 0xCA43,
    0xCA43, 0xCA23, 0xC223, 0xC223, 0xC223, 0xC223, 0xC223, 0xC223, 0xC223, 0xC223, 0xBA23, 0xBA23, 0xBA23, 0xBAA6, 0xC2A6, 0xC2A6,
    0xC2A6, 0xC2C6, 0xC2C6, 0xC2C6, 0xC2C6, 0xC2C6, 0xC2C6, 0xCAC6, 0xCAC6, 0xCAC6, 0xCAC6, 0xCAE6, 0xCAE6, 0xCAE6, 0xCAE6, 0xCAE6,
    0xCAC5, 0xCA43, 0xCA43, 0xCA43, 0xCA43, 0xCA43, 0xD243, 0xD243, 0xD243, 0xD243, 0xD243, 0xD263, 0xD263, 0xD263, 0xD263, 0xD263,
    0xD263, 0xD263, 0xD263, 0xD263, 0xD263, 0xD263, 0xDA63, 0xDA63, 0xDA84, 0xDB27, 0xDB07, 0xDB07, 0xDB07, 0xDB07, 0xDB07, 0xDB07,
    0xDB07, 0xDB07, 0xDB27, 0xDB27, 0xDB27, 0xDB27, 0xDB27, 0xDB27, 0xDB27, 0xDB27, 0xDB27, 0xDB27, 0xDB27, 0xDAE6, 0xDA63, 0xDA63,
    0xDA63, 0xDA63, 0xDA63, 0xDA63, 0xDA63, 0xDA63, 0xDA63, 0xDA63, 0xDA63, 0xDA63, 0xDA63, 0xDA63, 0xDA63, 0xDA63, 0xDA63, 0xDA63,
    0xDA63, 0xDA43, 0xDAC5, 0xDB27, 0xDB07, 0xDB07, 0xDB07, 0xDB07, 0xDB07, 0xDB07, 0xDB07, 0xDB07, 0xD307, 0xD307, 0xD306, 0xD306,
    0xD306, 0xD306, 0xD306, 0xD2E6, 0xD2E6, 0xD2E6, 0xD2E6, 0xD2E6, 0xD2E6, 0xD2E7, 0xCAA5, 0xCA23, 0xCA43, 0xCA43, 0xCA43, 0xCA43,
    0xCA43, 0xC223, 0xC223, 0xC223, 0xC223, 0xC223, 0xC223, 0xC223, 0xC223, 0xC223, 0xBA23, 0xBA23, 0xBA23, 0xBA03, 0xBAA6, 0xBAA6,
    0xBAA6, 0xC2A6, 0xC2A6, 0xC2C6, 0xC2C6, 0xC2C6, 0xC2C6, 0xC2C6, 0xC2C6, 0xCAC6, 0xCAC6, 0xCAC6, 0xCAC6, 0xCAC6, 0xCAE6, 0xCAE6,
    0xCAE6, 0xCA64, 0xCA43, 0xCA43, 0xCA43, 0xCA43, 0xCA43, 0xCA43, 0xCA43, 0xD243, 0xD243, 0xD243, 0xD243, 0xD243, 0xD243, 0xD263,
    0xD263, 0xD263, 0xD263, 0xD263, 0xD263, 0xD263, 0xD263, 0xD263, 0xD243, 0xDAA5, 0xDB27, 0xDB07, 0xDB07, 0xDB07, 0xDB07, 0xDB07,
    0xDB07, 0xDB07, 0xDB07, 0xDB07, 0xDB07, 0xDB07, 0xDB07, 0xDB07, 0xDB07, 0xDB07, 0xDB07, 0xDB07, 0xDB07, 0xDB27, 0xDAE5, 0xDA63,
    0xDA63, 0xDA63, 0xDA63, 0xDA63, 0xDA63, 0xDA63, 0xDA63, 0xDA63, 0xDA63, 0xDA63, 0xDA63, 0xDA63, 0xDA63, 0xDA63, 0xDA63, 0xDA63,
    0xDA63, 0xDA63, 0xD263, 0xDAA4, 0xDB07, 0xDB07, 0xDB07, 0xDB07, 0xDB07, 0xDB07, 0xDB07, 0xD307, 0xD306, 0xD306, 0xD306, 0xD306,
    0xD306, 0xD306, 0xD2E6, 0xD2E6, 0xD2E6, 0xD2E6, 0xD2E6, 0xD2E6, 0xD2E6, 0xCAE6, 0xCAE6, 0xCAE6, 0xCA63, 0xCA23, 0xCA43, 0xCA43,
    0xC223, 0xC223, 0xC223, 0xC223, 0xC223, 0xC223, 0xC223, 0xC223, 0xC223, 0xC223, 0xBA23, 0xBA23, 0xBA03, 0xBA03, 0xBA03, 0xBAA6,
    0xBAA6, 0xBAA6, 0xBAA6, 0xC2A6, 0xC2A6, 0xC2A6, 0xC2C6, 0xC2C6, 0xC2C6, 0xC2C6, 0xC2C6, 0xC2C6, 0xCAC6, 0xCAC6, 0xCAC6, 0xCAC6,
    0xCAE6, 0xCAA5, 0xCA23, 0xCA43, 0xCA43, 0xCA43, 0xCA43, 0xCA43, 0xCA43, 0xCA43, 0xCA43, 0xCA43, 0xD243, 0xD243, 0xD243, 0xD243,
    0xD243, 0xD243, 0xD263, 0xD263, 0xD263, 0xD263, 0xD263, 0xD263, 0xD263, 0xD243, 0xDAC6, 0xDB07, 0xDB07, 0xDB07, 0xDB07, 0xDB07,
    0xDB07, 0xDB07, 0xDB07, 0xDB07, 0xDB07, 0xDB07, 0xDB07, 0xDB07, 0xDB07, 0xDB07, 0xDB07, 0xDB07, 0xDB07, 0xDB07, 0xDB27, 0xDAC5,
    0xDA63, 0xDA63, 0xDA63, 0xDA63, 0xDA63, 0xDA63, 0xDA63, 0xDA63, 0xDA63, 0xDA63, 0xDA63, 0xDA63, 0xDA63, 0xDA63, 0xD263, 0xD263,
    0xD263, 0xD263, 0xD263, 0xD263, 0xD263, 0xDB06, 0xDB07, 0xDB07, 0xD307, 0xD307, 0xD307, 0xD306, 0xD306, 0xD306, 0xD306, 0xD306,
    0xD306, 0xD2E6, 0xD2E6, 0xD2E6, 0xD2E6, 0xD2E6, 0xD2E6, 0xD2E6, 0xCAE6, 0xCAE6, 0xCAE6, 0xCAE6, 0xCAE6, 0xCAA5, 0xCA23, 0xCA43,
    0xC223, 0xC223, 0xC223, 0xC223, 0xC223, 0xC223, 0xC223, 0xC223, 0xC223, 0xC223, 0xBA23, 0xBA23, 0xBA03, 0xBA03, 0xBA03, 0xBA03,
    0xBAA6, 0xBAA6, 0xBAA6, 0xBAA6, 0xBAA6, 0xC2A6, 0xC2A6, 0xC2A6, 0xC2C6, 0xC2C6, 0xC2C6, 0xC2C6, 0xC2C6, 0xC2C6, 0xC2C6, 0xCAC6,
    0xCAC6, 0xCAC6, 0xCA43, 0xCA23, 0xCA43, 0xCA43, 0xCA43, 0xCA43, 0xCA43, 0xCA43, 0xCA43, 0xCA43, 0xCA43, 0xCA43, 0xCA43, 0xCA43,
    0xCA43, 0xD243, 0xD243, 0xD243, 0xD243, 0xD243, 0xD263, 0xD263, 0xD263, 0xD263, 0xD263, 0xD2E6, 0xDB07, 0xDB07, 0xDB07, 0xDB07,
    0xDB07, 0xDB07, 0xDB07, 0xDB07, 0xDB07, 0xDB07, 0xDB07, 0xDB07, 0xDB07, 0xDB07, 0xDB07, 0xDB07, 0xDB07, 0xDB07, 0xDB07, 0xDB27,
    0xDAC5, 0xDA63, 0xDA63, 0xDA63, 0xDA63, 0xDA63, 0xDA63, 0xDA63, 0xD263, 0xD263, 0xD263, 0xD263, 0xD263, 0xD263, 0xD263, 0xD263,
    0xD263, 0xD263, 0xD263, 0xD263, 0xD263, 0xD243, 0xD2E6, 0xD307, 0xD306, 0xD306, 0xD306, 0xD306, 0xD306, 0xD306, 0xD306, 0xD2E6,
    0xD2E6, 0xD2E6, 0xD2E6, 0xD2E6, 0xD2E6, 0xD2E6, 0xCAE6, 0xCAE6, 0xCAE6, 0xCAE6, 0xCAE6, 0xCAE6, 0xCAE6, 0xCAC6, 0xCAE6, 0xCA64,
    0xC223, 0xC223, 0xC223, 0xC223, 0xC223, 0xC223, 0xC223, 0xC223, 0xC223, 0xBA23, 0xBA23, 0xBA23, 0xBA03, 0xBA03, 0xBA03, 0xBA03,
    0xBA03, 0xBAA6, 0xBAA6, 0xBAA6, 0xBAA6, 0xBAA6, 0xBAA6, 0xBAA6, 0xC2A6, 0xC2A6, 0xC2A6, 0xC2A6, 0xC2C6, 0xC2C6, 0xC2C6, 0xC2C6,
    0xC2C6, 0xC2C6, 0xC264, 0xC223, 0xC223, 0xCA43, 0xCA43, 0xCA43, 0xCA43, 0xCA43, 0xCA43, 0xCA43, 0xCA43, 0xCA43, 0xCA43, 0xCA43,
    0xCA43, 0xCA43, 0xCA43, 0xCA43, 0xD243, 0xD243, 0xD243, 0xD243, 0xD243, 0xD243, 0xD243, 0xD284, 0xD307, 0xD306, 0xD307, 0xD307,
    0xD307, 0xD307, 0xDB07, 0xDB07, 0xDB07, 0xDB07, 0xDB07, 0xDB07, 0xDB07, 0xDB07, 0xDB07, 0xDB07, 0xDB07, 0xDB07, 0xDB07, 0xDB07,
    0xDB07, 0xDAC5, 0xD263, 0xD263, 0xD263, 0xD263, 0xD263, 0xD263, 0xD263, 0xD263, 0xD263, 0xD263, 0xD263, 0xD263, 0xD263, 0xD263,
    0xD263, 0xD263, 0xD263, 0xD263, 0xD263, 0xD263, 0xD243, 0xD2A5, 0xD307, 0xD306, 0xD306, 0xD306, 0xD306, 0xD306, 0xD2E6, 0xD2E6,
    0xD2E6, 0xD2E6, 0xD2E6, 0xD2E6, 0xD2E6, 0xCAE6, 0xCAE6, 0xCAE6, 0xCAE6, 0xCAE6, 0xCAE6, 0xCAE6, 0xCAC6, 0xCAC6, 0xCAC6, 0xCAE6,
    0xCAC6, 0xC223, 0xC223, 0xC223, 0xC223, 0xC223, 0xC223, 0xC223, 0xBA23, 0xBA23, 0xBA23, 0xBA23, 0xBA03, 0xBA03, 0xBA03, 0xBA03,
    0xBA03, 0xB203, 0xB285, 0xB286, 0xBAA6, 0xBAA6, 0xBAA6, 0xBAA6, 0xBAA6, 0xBAA6, 0xBAA6, 0xC2A6, 0xC2A6, 0xC2C6, 0xC2C6, 0xC2C6,
    0xC2C6, 0xC2C6, 0xC2A5, 0xC223, 0xC223, 0xC223, 0xC223, 0xC223, 0xC223, 0xCA43, 0xCA43, 0xCA43, 0xCA43, 0xCA43, 0xCA43, 0xCA43,
    0xCA43, 0xCA43, 0xCA43, 0xCA43, 0xCA43, 0xCA43, 0xCA43, 0xCA43, 0xD243, 0xD243, 0xD243, 0xD243, 0xD2A5, 0xD307, 0xD306, 0xD306,
    0xD306, 0xD306, 0xD306, 0xD306, 0xD306, 0xD306, 0xD307, 0xD307, 0xD307, 0xD307, 0xDB07, 0xDB07, 0xDB07, 0xDB07, 0xDB07, 0xDB07,
    0xDB07, 0xDB07, 0xD2C5, 0xD243, 0xD263, 0xD263, 0xD263, 0xD263, 0xD263, 0xD263, 0xD263, 0xD263, 0xD263, 0xD263, 0xD263, 0xD263,
    0xD263, 0xD263, 0xD263, 0xD243, 0xD243, 0xD243, 0xD243, 0xD243, 0xD284, 0xD307, 0xD2E6, 0xD2E6, 0xD2E6, 0xD2E6, 0xD2E6, 0xD2E6,
    0xD2E6, 0xD2E6, 0xD2E6, 0xCAE6, 0xCAE6, 0xCAE6, 0xCAE6, 0xCAE6, 0xCAE6, 0xCAE6, 0xCAE6, 0xCAC6, 0xCAC6, 0xCAC6, 0xCAC6, 0xCAC6,
    0xC2C6, 0xC2C6, 0xC264, 0xC223, 0xC223, 0xC223, 0xC223, 0xBA23, 0xBA23, 0xBA23, 0xBA03, 0xBA03, 0xBA03, 0xBA03, 0xBA03, 0xBA03,
    0xB203, 0xB203, 0xB203, 0xB285, 0xB285, 0xB286, 0xBA86, 0xBAA6, 0xBAA6, 0xBAA6, 0xBAA6, 0xBAA6, 0xBAA6, 0xBAA6, 0xC2A6, 0xC2A6,
    0xC2A6, 0xC2C6, 0xC2C6, 0xC244, 0xC223, 0xC223, 0xC223, 0xC223, 0xC223, 0xC223, 0xC223, 0xC223, 0xCA43, 0xCA43, 0xCA43, 0xCA43,
    0xCA43, 0xCA43, 0xCA43, 0xCA43, 0xCA43, 0xCA43, 0xCA43, 0xCA43, 0xCA43, 0xCA43, 0xCA43, 0xCA43, 0xCA43, 0xD2C6, 0xD307, 0xD2E6,
    0xD2E6, 0xD306, 0xD306, 0xD306, 0xD306, 0xD306, 0xD306, 0xD306, 0xD306, 0xD306, 0xD306, 0xD306, 0xD306, 0xD306, 0xD306, 0xD306,
    0xD306, 0xD306, 0xD307, 0xD2C5, 0xD243, 0xD263, 0xD263, 0xD263, 0xD263, 0xD263, 0xD263, 0xD263, 0xD263, 0xD263, 0xD243, 0xD243,
    0xD243, 0xD243, 0xD243, 0xD243, 0xD243, 0xD243, 0xD243, 0xD243, 0xD243, 0xD243, 0xD2E6, 0xD2E6, 0xD2E6, 0xD2E6, 0xD2E6, 0xD2E6,
    0xD2E6, 0xCAE6, 0xCAE6, 0xCAE6, 0xCAE6, 0xCAE6, 0xCAE6, 0xCAE6, 0xCAE6, 0xCAC6, 0xCAC6, 0xCAC6, 0xCAC6, 0xCAC6, 0xCAC6, 0xC2C6,
    0xC2C6, 0xC2C6, 0xC2C6, 0xC2C6, 0xC223, 0xC223, 0xC223, 0xBA23, 0xBA23, 0xBA23, 0xBA03, 0xBA03, 0xBA03, 0xBA03, 0xBA03, 0xBA03,
    0xB203, 0xB203, 0xB203, 0xB203, 0xB285, 0xB285, 0xB285, 0xB285, 0xBA86, 0xBAA6, 0xBAA6, 0xBAA6, 0xBAA6, 0xBAA6, 0xBAA6, 0xBAA6,
    0xC2A6, 0xC2A6, 0xC2C6, 0xC285, 0xC223, 0xC223, 0xC223, 0xC223, 0xC223, 0xC223, 0xC223, 0xC223, 0xC223, 0xC223, 0xC223, 0xC243,
    0xCA43, 0xCA43, 0xCA43, 0xCA43, 0xCA43, 0xCA43, 0xCA43, 0xCA43, 0xCA43, 0xCA43, 0xCA43, 0xCA43, 0xCA43, 0xCA63, 0xD2E6, 0xD2E6,
    0xD2E6, 0xD2E6, 0xD2E6, 0xD2E6, 0xD2E6, 0xD2E6, 0xD2E6, 0xD306, 0xD306, 0xD306, 0xD306, 0xD306, 0xD306, 0xD306, 0xD306, 0xD306,
    0xD306, 0xD306, 0xD306, 0xD307, 0xD2C5, 0xD243, 0xD243, 0xD243, 0xD243, 0xD243, 0xD243, 0xD243, 0xD243, 0xD243, 0xD243, 0xD243,
    0xD243, 0xD243, 0xD243, 0xD243, 0xD243, 0xD243, 0xCA43, 0xCA43, 0xCA43, 0xCA43, 0xCA43, 0xD2A5, 0xD2E7, 0xD2E6, 0xD2E6, 0xCAE6,
    0xCAE6, 0xCAE6, 0xCAE6, 0xCAE6, 0xCAE6, 0xCAE6, 0xCAE6, 0xCAE6, 0xCAC6, 0xCAC6, 0xCAC6, 0xCAC6, 0xCAC6, 0xCAC6, 0xC2C6, 0xC2C6,
    0xC2C6, 0xC2C6, 0xC2C6, 0xC2C6, 0xC2C6, 0xC285, 0xBA03, 0xBA23, 0xBA23, 0xBA03, 0xBA03, 0xBA03, 0xBA03, 0xBA03, 0xBA03, 0xB203,
    0xB203, 0xB203, 0xB203, 0xB203, 0xB1E3, 0xB285, 0xB285, 0xB285, 0xB285, 0xB285, 0xB286, 0xBA86, 0xBAA6, 0xBAA6, 0xBAA6, 0xBAA6,
    0xBAA6, 0xBAA6, 0xBAA6, 0xC2A6, 0xBA23, 0xBA03, 0xC223, 0xC223, 0xC223, 0xC223, 0xC223, 0xC223, 0xC223, 0xC223, 0xC223, 0xC223,
    0xC223, 0xC223, 0xC223, 0xCA43, 0xCA43, 0xCA43, 0xCA43, 0xCA43, 0xCA43, 0xCA43, 0xCA43, 0xCA43, 0xCA43, 0xCA43, 0xCA84, 0xD2E7,
    0xD2E6, 0xD2E6, 0xD2E6, 0xD2E6, 0xD2E6, 0xD2E6, 0xD2E6, 0xD2E6, 0xD2E6, 0xD2E6, 0xD2E6, 0xD2E6, 0xD2E6, 0xD2E6, 0xD2E6, 0xD2E6,
    0xD2E6, 0xD2E6, 0xD306, 0xD306, 0xD307, 0xD2C5, 0xD243, 0xD243, 0xD243, 0xD243, 0xD243, 0xD243, 0xD243, 0xD243, 0xD243, 0xD243,
    0xD243, 0xCA43, 0xCA43, 0xCA43, 0xCA43, 0xCA43, 0xCA43, 0xCA43, 0xCA43, 0xCA43, 0xCA43, 0xCA43, 0xCA84, 0xCAE7, 0xCAE6, 0xCAE6,
    0xCAE6, 0xCAE6, 0xCAE6, 0xCAE6, 0xCAE6, 0xCAE6, 0xCAE6, 0xCAC6, 0xCAC6, 0xCAC6, 0xCAC6, 0xCAC6, 0xCAC6, 0xC2C6, 0xC2C6, 0xC2C6,
    0xC2C6, 0xC2C6, 0xC2C6, 0xC2C6, 0xC2C6, 0xC2A6, 0xC2A6, 0xBA23, 0xBA03, 0xBA03, 0xBA03, 0xBA03, 0xBA03, 0xBA03, 0xBA03, 0xB203,
    0xB203, 0xB203, 0xB203, 0xB203, 0xB1E3, 0xB1E3, 0xB285, 0xB285, 0xB285, 0xB285, 0xB285, 0xB285, 0xB286, 0xBA86, 0xBAA6, 0xBAA6,
    0xBAA6, 0xBAA6, 0xBAA6, 0xBAA6, 0xBA64, 0xBA02, 0xBA23, 0xBA23, 0xBA23, 0xC223, 0xC223, 0xC223, 0xC223, 0xC223, 0xC223, 0xC223,
    0xC223, 0xC223, 0xC223, 0xC223, 0xC223, 0xC223, 0xC223, 0xCA43, 0xCA43, 0xCA43, 0xCA43, 0xCA43, 0xCA43, 0xCA43, 0xCA43, 0xCAA5,
    0xCAE7, 0xCAE6, 0xCAE6, 0xCAE6, 0xCAE6, 0xD2E6, 0xD2E6, 0xD2E6, 0xD2E6, 0xD2E6, 0xD2E6, 0xD2E6, 0xD2E6, 0xD2E6, 0xD2E6, 0xD2E6,
    0xD2E6, 0xD2E6, 0xD2E6, 0xD2E6, 0xD2E6, 0xD307, 0xD2C5, 0xCA43, 0xCA43, 0xCA43, 0xCA43, 0xCA43, 0xCA43, 0xCA43, 0xCA43, 0xCA43,
    0xCA43, 0xCA43, 0xCA43, 0xCA43, 0xCA43, 0xCA43, 0xCA43, 0xCA43, 0xCA43, 0xCA43, 0xCA43, 0xCA43, 0xCA43, 0xCA63, 0xCAE6, 0xCAE6,
    0xCAE6, 0xCAE6, 0xCAE6, 0xCAE6, 0xCAE6, 0xCAC6, 0xCAC6, 0xCAC6, 0xCAC6, 0xCAC6, 0xCAC6, 0xCAC6, 0xC2C6, 0xC2C6, 0xC2C6, 0xC2C6,
    0xC2C6, 0xC2C6, 0xC2C6, 0xC2C6, 0xC2A6, 0xC2A6, 0xC2A6, 0xC2A6, 0xBA85, 0xBA03, 0xBA03, 0xBA03, 0xBA03, 0xBA03, 0xB203, 0xB203,
    0xB203, 0xB203, 0xB203, 0xB1E3, 0xB1E3, 0xB1E2, 0xA9E2, 0xAA65, 0xB265, 0xB285, 0xB285, 0xB285, 0xB285, 0xB285, 0xB285, 0xB286,
    0xBA86, 0xBAA6, 0xBAA6, 0xBAA6, 0xBA85, 0xBA23, 0xBA03, 0xBA03, 0xBA03, 0xBA23, 0xBA23, 0xBA23, 0xC223, 0xC223, 0xC223, 0xC223,
    0xC223, 0xC223, 0xC223, 0xC223, 0xC223, 0xC223, 0xC223, 0xC223, 0xC223, 0xC223, 0xCA43, 0xCA43, 0xCA43, 0xCA43, 0xCA43, 0xCA43,
    0xCAC6, 0xCAE6, 0xCAE6, 0xCAE6, 0xCAE6, 0xCAE6, 0xCAE6, 0xCAE6, 0xCAE6, 0xCAE6, 0xCAE6, 0xD2E6, 0xCAE6, 0xD2E6, 0xD2E6, 0xD2E6,
    0xD2E6, 0xD2E6, 0xD2E6, 0xD2E6, 0xD2E6, 0xD2E6, 0xD2E7, 0xD2A5, 0xCA43, 0xCA43, 0xCA43, 0xCA43, 0xCA43, 0xCA43, 0xCA43, 0xCA43,
    0xCA43, 0xCA43, 0xCA43, 0xCA43, 0xCA43, 0xCA43, 0xCA43, 0xCA43, 0xCA43, 0xCA43, 0xCA43, 0xCA43, 0xCA43, 0xCA43, 0xCA43, 0xCAC6,
    0xCAE6, 0xCAE6, 0xCAE6, 0xCAC6, 0xCAC6, 0xCAC6, 0xCAC6, 0xCAC6, 0xCAC6, 0xCAC6, 0xC2C6, 0xC2C6, 0xC2C6, 0xC2C6, 0xC2C6, 0xC2C6,
    0xC2C6, 0xC2C6, 0xC2C6, 0xC2A6, 0xC2A6, 0xC2A6, 0xC2A6, 0xBAA6, 0xBAA6, 0xBAA6, 0xBA44, 0xBA02, 0xBA03, 0xB203, 0xB203, 0xB203,
    0xB203, 0xB203, 0xB203, 0xB1E3, 0xB1E3, 0xB1E2, 0xA9E2, 0xA9E2, 0xAA65, 0xAA65, 0xB265, 0xB265, 0xB285, 0xB285, 0xB285, 0xB285,
    0xB285, 0xB285, 0xB286, 0xBA86, 0xBAA6, 0xBA44, 0xBA02, 0xBA03, 0xBA03, 0xBA03, 0xBA03, 0xBA23, 0xBA23, 0xBA23, 0xBA23, 0xC223,
    0xC223, 0xC223, 0xC223, 0xC223, 0xC223, 0xC223, 0xC223, 0xC223, 0xC223, 0xC223, 0xC223, 0xC223, 0xC223, 0xC223, 0xC223, 0xCA23,
    0xCA44, 0xCAE6, 0xCAC6, 0xCAE6, 0xCAE6, 0xCAE6, 0xCAE6, 0xCAE6, 0xCAE6, 0xCAE6, 0xCAE6, 0xCAE6, 0xCAE6, 0xCAE6, 0xCAE6, 0xCAE6,
    0xCAE6, 0xCAE6, 0xCAE6, 0xCAE6, 0xCAE6, 0xCAE6, 0xCAE6, 0xCAE7, 0xCAA5, 0xCA43, 0xCA43, 0xCA43, 0xCA43, 0xCA43, 0xCA43, 0xCA43,
    0xCA43, 0xCA43, 0xCA43, 0xCA43, 0xCA43, 0xCA43, 0xCA43, 0xCA43, 0xCA43, 0xCA43, 0xCA43, 0xCA43, 0xCA43, 0xCA43, 0xCA43, 0xCA23,
    0xCA85, 0xCAE6, 0xCAC6, 0xCAC6, 0xCAC6, 0xCAC6, 0xCAC6, 0xCAC6, 0xCAC6, 0xC2C6, 0xC2C6, 0xC2C6, 0xC2C6, 0xC2C6, 0xC2C6, 0xC2C6,
    0xC2C6, 0xC2C6, 0xC2A6, 0xC2A6, 0xC2A6, 0xBAA6, 0xBAA6, 0xBAA6, 0xBAA6, 0xBAA6, 0xBAA6, 0xBA85, 0xBA03, 0xB203, 0xB203, 0xB203,
    0xB203, 0xB203, 0xB203, 0xB1E3, 0xB1E3, 0xA9E2, 0xA9E2, 0xA9E2, 0xA9E2, 0xAA65, 0xAA65, 0xAA65, 0xAA65, 0xB265, 0xB285, 0xB285,
    0xB285, 0xB285, 0xB285, 0xB285, 0xB286, 0xB285, 0xB202, 0xBA03, 0xBA03, 0xBA03, 0xBA03, 0xBA03, 0xBA03, 0xBA03, 0xBA23, 0xBA23,
    0xBA23, 0xBA23, 0xBA23, 0xC223, 0xC223, 0xC223, 0xC223, 0xC223, 0xC223, 0xC223, 0xC223, 0xC223, 0xC223, 0xC223, 0xC223, 0xC223,
    0xC223, 0xC264, 0xCAE6, 0xCAC6, 0xCAC6, 0xCAC6, 0xCAE6, 0xCAC6, 0xCAC6, 0xCAE6, 0xCAE6, 0xCAE6, 0xCAE6, 0xCAE6, 0xCAE6, 0xCAE6,
    0xCAE6, 0xCAE6, 0xCAE6, 0xCAE6, 0xCAE6, 0xCAE6, 0xCAE6, 0xCAE6, 0xCAE6, 0xCAA5, 0xCA43, 0xCA43, 0xCA43, 0xCA43, 0xCA43, 0xCA43,
    0xCA43, 0xCA43, 0xCA43, 0xCA43, 0xCA43, 0xCA43, 0xCA43, 0xCA43, 0xCA43, 0xCA43, 0xCA43, 0xCA43, 0xCA43, 0xCA43, 0xC243, 0xC243,
    0xC223, 0xC264, 0xCAE6, 0xCAC6, 0xCAC6, 0xCAC6, 0xC2C6, 0xC2C6, 0xC2C6, 0xC2C6, 0xC2C6, 0xC2C6, 0xC2C6, 0xC2C6, 0xC2C6, 0xC2A6,
    0xC2C6, 0xC2A6, 0xC2A6, 0xC2A6, 0xC2A6, 0xBAA6, 0xBAA6, 0xBAA6, 0xBAA6, 0xBAA6, 0xBAA6, 0xBAA6, 0xBAA6, 0xB244, 0xB1E2, 0xB203,
    0xB203, 0xB1E3, 0xB1E3, 0xB1E3, 0xB1E2, 0xA9E2, 0xA9E2, 0xA9E2, 0xA9E2, 0xA9E2, 0xAA65, 0xAA65, 0xAA65, 0xAA65, 0xAA65, 0xAA65,
    0xB265, 0xB285, 0xB285, 0xB285, 0xB285, 0xB286, 0xB223, 0xB1E2, 0xB203, 0xB203, 0xB203, 0xBA03, 0xBA03, 0xBA03, 0xBA03, 0xBA03,
    0xBA03, 0xBA03, 0xBA03, 0xBA23, 0xBA23, 0xBA23, 0xBA23, 0xC223, 0xC223, 0xC223, 0xC223, 0xC223, 0xC223, 0xC223, 0xC223, 0xC223,
    0xC223, 0xC223, 0xC2A5, 0xCAE6, 0xCAC6, 0xCAC6, 0xCAC6, 0xCAC6, 0xCAC6, 0xCAC6, 0xCAC6, 0xCAC6, 0xCAC6, 0xCAC6, 0xCAC6, 0xCAC6,
    0xCAE6, 0xCAE6, 0xCAE6, 0xCAE6, 0xCAE6, 0xCAE6, 0xCAE6, 0xCAE6, 0xCAE6, 0xCAE6, 0xCAA5, 0xCA23, 0xCA43, 0xCA43, 0xCA43, 0xCA43,
    0xCA43, 0xCA43, 0xCA43, 0xCA43, 0xCA43, 0xCA43, 0xCA43, 0xCA43, 0xCA43, 0xC223, 0xC223, 0xC223, 0xC223, 0xC223, 0xC223, 0xC223,
    0xC223, 0xC223, 0xC243, 0xC2C6, 0xC2C6, 0xC2C6, 0xC2C6, 0xC2C6, 0xC2C6, 0xC2C6, 0xC2C6, 0xC2C6, 0xC2C6, 0xC2C6, 0xC2A6, 0xC2A6,
    0xC2A6, 0xC2A6, 0xBAA6, 0xBAA6, 0xBAA6, 0xBAA6, 0xBAA6, 0xBAA6, 0xBAA6, 0xBAA6, 0xBAA6, 0xBA86, 0xB286, 0xB286, 0xB285, 0xB203,
    0xB1E2, 0xB1E3, 0xB1E2, 0xB1E2, 0xA9E2, 0xA9E2, 0xA9E2, 0xA9E2, 0xA9E2, 0xA9E2, 0xA9E2, 0xAA65, 0xAA65, 0xAA65, 0xAA65, 0xAA65,
    0xAA65, 0xAA65, 0xB265, 0xB285, 0xB285, 0xB286, 0xB244, 0xB1E2, 0xB203, 0xB203, 0xB203, 0xB203, 0xB203, 0xB203, 0xBA03, 0xBA03,
    0xBA03, 0xBA03, 0xBA03, 0xBA03, 0xBA03, 0xBA03, 0xBA23, 0xBA23, 0xBA23, 0xBA23, 0xBA23, 0xC223, 0xC223, 0xC223, 0xC223, 0xC223,
    0xC223, 0xC223, 0xC223, 0xC2A6, 0xC2C6, 0xC2C6, 0xC2C6, 0xC2C6, 0xCAC6, 0xCAC6, 0xCAC6, 0xCAC6, 0xCAC6, 0xCAC6, 0xCAC6, 0xCAC6,
    0xCAC6, 0xCAC6, 0xCAC6, 0xCAC6, 0xCAC6, 0xCAC6, 0xCAC6, 0xCAC6, 0xCAC6, 0xCAC6, 0xCAE6, 0xCAA5, 0xCA23, 0xCA43, 0xCA43, 0xCA43,
    0xCA43, 0xCA43, 0xC223, 0xC223, 0xC223, 0xC223, 0xC223, 0xC223, 0xC223, 0xC223, 0xC223, 0xC223, 0xC223, 0xC223, 0xC223, 0xC223,
    0xC223, 0xC223, 0xC223, 0xC223, 0xC2A5, 0xC2C6, 0xC2C6, 0xC2C6, 0xC2C6, 0xC2C6, 0xC2C6, 0xC2C6, 0xC2A6, 0xC2A6, 0xC2A6, 0xC2A6,
    0xC2A6, 0xBAA6, 0xBAA6, 0xBAA6, 0xBAA6, 0xBAA6, 0xBAA6, 0xBAA6, 0xBAA6, 0xBAA6, 0xBA86, 0xB286, 0xB286, 0xB285, 0xB285, 0xB286,
    0xB244, 0xB1E2, 0xB1E3, 0xA9E2, 0xA9E2, 0xA9E2, 0xA9E2, 0xA9E2, 0xA9E2, 0xA9E2, 0xA1E2, 0xA1E2, 0xA245, 0xAA65, 0xAA65, 0xAA65,
    0xAA65, 0xAA65, 0xAA65, 0xAA65, 0xAA65, 0xB265, 0xB265, 0xB203, 0xB1E2, 0xB1E3, 0xB203, 0xB203, 0xB203, 0xB203, 0xB203, 0xB203,
    0xB203, 0xBA03, 0xBA03, 0xBA03, 0xBA03, 0xBA03, 0xBA03, 0xBA03, 0xBA03, 0xBA03, 0xBA23, 0xBA23, 0xBA23, 0xBA23, 0xBA23, 0xC223,
    0xC223, 0xC223, 0xC223, 0xC244, 0xC2C6, 0xC2C6, 0xC2C6, 0xC2C6, 0xC2C6, 0xC2C6, 0xC2C6, 0xC2C6, 0xC2C6, 0xC2C6, 0xCAC6, 0xCAC6,
    0xCAC6, 0xCAC6, 0xCAC6, 0xCAC6, 0xCAC6, 0xCAC6, 0xCAC6, 0xCAC6, 0xCAC6, 0xCAC6, 0xCAC6, 0xCAE6, 0xCAA5, 0xC223, 0xC223, 0xC223,
    0xC223, 0xC223, 0xC223, 0xC223, 0xC223, 0xC223, 0xC223, 0xC223, 0xC223, 0xC223, 0xC223, 0xC223, 0xC223, 0xC223, 0xC223, 0xC223,
    0xC223, 0xC223, 0xC223, 0xC223, 0xC223, 0xC285, 0xC2C6, 0xC2C6, 0xC2C6, 0xC2C6, 0xC2A6, 0xC2A6, 0xC2A6, 0xC2A6, 0xC2A6, 0xC2A6,
    0xBAA6, 0xBAA6, 0xBAA6, 0xBAA6, 0xBAA6, 0xBAA6, 0xBAA6, 0xBAA6, 0xBAA6, 0xBA86, 0xB286, 0xB285, 0xB285, 0xB285, 0xB285, 0xB285,
    0xB285, 0xB285, 0xB203, 0xA9E2, 0xA9E2, 0xA9E2, 0xA9E2, 0xA9E2, 0xA9E2, 0xA1E2, 0xA1E2, 0xA1C2, 0xA1C2, 0xA245, 0xA245, 0xA245,
    0xAA65, 0xAA65, 0xAA65, 0xAA65, 0xAA65, 0xAA65, 0xAA85, 0xAA24, 0xA9E2, 0xA9E2, 0xB1E2, 0xB1E3, 0xB1E3, 0xB203, 0xB203, 0xB203,
    0xB203, 0xB203, 0xB203, 0xB203, 0xBA03, 0xBA03, 0xBA03, 0xBA03, 0xBA03, 0xBA03, 0xBA03, 0xBA03, 0xBA03, 0xBA03, 0xBA23, 0xBA23,
    0xBA23, 0xBA23, 0xBA23, 0xC203, 0xC264, 0xC2C6, 0xC2C6, 0xC2C6, 0xC2C6, 0xC2C6, 0xC2C6, 0xC2C6, 0xC2C6, 0xC2C6, 0xC2C6, 0xC2C6,
    0xC2C6, 0xC2C6, 0xC2C6, 0xC2C6, 0xC2C6, 0xC2C6, 0xC2C6, 0xC2C6, 0xC2C6, 0xC2C6, 0xC2C6, 0xCAC6, 0xCAC6, 0xC285, 0xC223, 0xC223,
    0xC223, 0xC223, 0xC223, 0xC223, 0xC223, 0xC223, 0xC223, 0xC223, 0xC223, 0xC223, 0xC223, 0xC223, 0xC223, 0xC223, 0xC223, 0xC223,
    0xC223, 0xC223, 0xC223, 0xC223, 0xC223, 0xC223, 0xC244, 0xC2C6, 0xC2A6, 0xC2A6, 0xC2A6, 0xC2A6, 0xC2A6, 0xC2A6, 0xBAA6, 0xBAA6,
    0xBAA6, 0xBAA6, 0xBAA6, 0xBAA6, 0xBAA6, 0xBAA6, 0xBAA6, 0xBAA6, 0xBA86, 0xB286, 0xB285, 0xB285, 0xB285, 0xB285, 0xB285, 0xB285,
    0xB285, 0xB285, 0xB285, 0xAA65, 0xA9E2, 0xA9E2, 0xA9E2, 0xA9E2, 0xA9E2, 0xA1E2, 0xA1E2, 0xA1C2, 0xA1C2, 0xA1C2, 0xA245, 0xA245,
    0xA245, 0xA245, 0xAA65, 0xAA65, 0xAA65, 0xAA65, 0xAA65, 0xAA65, 0xA9E2, 0xA9E2, 0xA9E2, 0xA9E2, 0xA9E2, 0xB1E2, 0xB1E3, 0xB1E3,
    0xB203, 0xB203, 0xB203, 0xB203, 0xB203, 0xB203, 0xB203, 0xB203, 0xBA03, 0xBA03, 0xBA03, 0xBA03, 0xBA03, 0xBA03, 0xBA03, 0xBA03,
    0xBA03, 0xBA23, 0xBA23, 0xBA23, 0xBA03, 0xC285, 0xC2C6, 0xC2A6, 0xC2C6, 0xC2C6, 0xC2C6, 0xC2C6, 0xC2C6, 0xC2C6, 0xC2C6, 0xC2C6,
    0xC2C6, 0xC2C6, 0xC2C6, 0xC2C6, 0xC2C6, 0xC2C6, 0xC2C6, 0xC2C6, 0xC2C6, 0xC2C6, 0xC2C6, 0xC2C6, 0xC2C6, 0xC2C6, 0xC285, 0xC223,
    0xC223, 0xC223, 0xC223, 0xC223, 0xC223, 0xC223, 0xC223, 0xC223, 0xC223, 0xC223, 0xC223, 0xC223, 0xC223, 0xC223, 0xC223, 0xC223,
    0xC223, 0xC223, 0xC223, 0xC223, 0xC223, 0xBA23, 0xBA23, 0xBA23, 0xC2A6, 0xC2A6, 0xC2A6, 0xC2A6, 0xBAA6, 0xBAA6, 0xBAA6, 0xBAA6,
    0xBAA6, 0xBAA6, 0xBAA6, 0xBAA6, 0xBAA6, 0xBAA6, 0xBAA6, 0xBA86, 0xB286, 0xB285, 0xB285, 0xB285, 0xB285, 0xB285, 0xB285, 0xB285,
    0xB285, 0xB285, 0xB265, 0xAA65, 0xAA85, 0xAA24, 0xA9E2, 0xA9E2, 0xA1E2, 0xA1E2, 0xA1C2, 0xA1C2, 0xA1C2, 0xA1C2, 0xA1C2, 0xA245,
    0xA245, 0xA245, 0xA245, 0xA245, 0xA245, 0xAA65, 0xAA65, 0xAA65, 0xAA03, 0xA9E2, 0xA9E2, 0xA9E2, 0xA9E2, 0xA9E2, 0xA9E2, 0xA9E2,
    0xB1E2, 0xB1E3, 0xB1E3, 0xB203, 0xB203, 0xB203, 0xB203, 0xB203, 0xB203, 0xB203, 0xB203, 0xBA03, 0xBA03, 0xBA03, 0xBA03, 0xBA03,
    0xBA03, 0xBA03, 0xBA03, 0xBA03, 0xBA03, 0xBA23, 0xBAA6, 0xC2A6, 0xC2A6, 0xC2A6, 0xC2A6, 0xC2A6, 0xC2A6, 0xC2A6, 0xC2C6, 0xC2C6,
    0xC2C6, 0xC2C6, 0xC2C6, 0xC2C6, 0xC2C6, 0xC2C6, 0xC2C6, 0xC2C6, 0xC2C6, 0xC2C6, 0xC2C6, 0xC2C6, 0xC2C6, 0xC2C6, 0xC2C6, 0xC285,
    0xC223, 0xC223, 0xC223, 0xC223, 0xC223, 0xC223, 0xC223, 0xC223, 0xC223, 0xC223, 0xC223, 0xC223, 0xC223, 0xC223, 0xC223, 0xC223,
    0xC223, 0xBA23, 0xBA23, 0xBA23, 0xBA23, 0xBA23, 0xBA23, 0xBA23, 0xBA02, 0xBA85, 0xBAA6, 0xBAA6, 0xBAA6, 0xBAA6, 0xBAA6, 0xBAA6,
    0xBAA6, 0xBAA6, 0xBAA6, 0xBAA6, 0xBAA6, 0xBA86, 0xB286, 0xB286, 0xB285, 0xB285, 0xB285, 0xB285, 0xB285, 0xB285, 0xB285, 0xB285,
    0xB285, 0xB265, 0xAA65, 0xAA65, 0xAA65, 0xAA65, 0xAA45, 0xA9E2, 0xA1E2, 0xA1E2, 0xA1C2, 0xA1C2, 0xA1C2, 0xA1C2, 0xA1C2, 0xA1C2,
    0xA245, 0xA245, 0xA245, 0xA245, 0xA245, 0xA245, 0xA245, 0xAA65, 0xAA44, 0xA1C2, 0xA9E2, 0xA9E2, 0xA9E2, 0xA9E2, 0xA9E2, 0xA9E2,
    0xA9E2, 0xA9E2, 0xA9E2, 0xB1E2, 0xB1E3, 0xB1E3, 0xB203, 0xB1E3, 0xB203, 0xB203, 0xB203, 0xB203, 0xB203, 0xB203, 0xB203, 0xBA03,
    0xB203, 0xBA03, 0xBA03, 0xBA03, 0xBA03, 0xBA02, 0xBA44, 0xBAA6, 0xBAA6, 0xBAA6, 0xBAA6, 0xBAA6, 0xC2A6, 0xC2A6, 0xC2A6, 0xC2A6,
    0xC2A6, 0xC2A6, 0xC2A6, 0xC2A6, 0xC2A6, 0xC2A6, 0xC2C6, 0xC2C6, 0xC2C6, 0xC2C6, 0xC2A6, 0xC2A6, 0xC2A6, 0xC2C6, 0xC2C6, 0xC2C6,
    0xC285, 0xC223, 0xC223, 0xC223, 0xC223, 0xC223, 0xBA23, 0xC223, 0xC223, 0xC223, 0xBA23, 0xBA23, 0xBA23, 0xBA23, 0xBA23, 0xBA23,
    0xBA23, 0xBA23, 0xBA23, 0xBA03, 0xBA23, 0xBA23, 0xBA03, 0xBA03, 0xBA03, 0xBA02, 0xBA64, 0xBAA6, 0xBAA6, 0xBAA6, 0xBAA6, 0xBAA6,
    0xBAA6, 0xBAA6, 0xBAA6, 0xBAA6, 0xB286, 0xB286, 0xB285, 0xB285, 0xB285, 0xB285, 0xB285, 0xB285, 0xB285, 0xB285, 0xB265, 0xB265,
    0xAA65, 0xAA65, 0xAA65, 0xAA65, 0xAA65, 0xAA65, 0xAA65, 0xAA65, 0xA224, 0xA1C2, 0xA1C2, 0xA1C2, 0xA1C2, 0xA1C2, 0xA1C2, 0xA1C2,
    0xA1C2, 0xA245, 0xA245, 0xA245, 0xA245, 0xA245, 0xA245, 0xA245, 0xA245, 0xA1E3, 0xA1C2, 0xA1E2, 0xA1E2, 0xA1E2, 0xA9E2, 0xA9E2,
    0xA9E2, 0xA9E2, 0xA9E2, 0xA9E2, 0xA9E2, 0xA9E2, 0xB1E2, 0xB1E2, 0xB1E3, 0xB1E3, 0xB1E3, 0xB203, 0xB203, 0xB203, 0xB203, 0xB203,
    0xB203, 0xB203, 0xB203, 0xB203, 0xB203, 0xBA03, 0xBA02, 0xBA64, 0xBAA6, 0xBAA6, 0xBAA6, 0xBAA6, 0xBAA6, 0xBAA6, 0xBAA6, 0xBAA6,
    0xBAA6, 0xBAA6, 0xBAA6, 0xBAA6, 0xBAA6, 0xC2A6, 0xC2A6, 0xC2A6, 0xC2A6, 0xC2A6, 0xC2A6, 0xC2A6, 0xC2A6, 0xC2A6, 0xC2A6, 0xC2A6,
    0xC2C6, 0xC285, 0xBA02, 0xBA23, 0xBA23, 0xBA23, 0xBA23, 0xBA23, 0xBA23, 0xBA23, 0xBA23, 0xBA23, 0xBA23, 0xBA23, 0xBA03, 0xBA03,
    0xBA23, 0xBA03, 0xBA03, 0xBA03, 0xBA03, 0xBA03, 0xBA03, 0xBA03, 0xBA03, 0xBA03, 0xBA03, 0xBA23, 0xBAA6, 0xBAA6, 0xBAA6, 0xBAA6,
    0xBAA6, 0xBAA6, 0xB286, 0xB285, 0xB285, 0xB285, 0xB285, 0xB285, 0xB285, 0xB285, 0xB285, 0xB285, 0xB285, 0xB265, 0xB265, 0xAA65,
    0xAA65, 0xAA65, 0xAA65, 0xAA65, 0xAA65, 0xAA65, 0xAA65, 0xAA65, 0xA265, 0xA245, 0xA1E3, 0xA1C2, 0xA1C2, 0xA1C2, 0xA1C2, 0xA1C2,
    0xA1C2, 0xA1C2, 0xA245, 0xA245, 0xA245, 0xA245, 0xA245, 0xA245, 0xA245, 0xA224, 0xA1C2, 0xA1C2, 0xA1C2, 0xA1C2, 0xA1C2, 0xA1E2,
    0xA1E2, 0xA9E2, 0xA9E2, 0xA9E2, 0xA9E2, 0xA9E2, 0xA9E2, 0xA9E2, 0xA9E2, 0xA9E2, 0xA9E2, 0xB1E2, 0xB1E3, 0xB1E3, 0xB1E3, 0xB203,
    0xB203, 0xB203, 0xB203, 0xB203, 0xB203, 0xB203, 0xB203, 0xB203, 0xBA85, 0xBAA6, 0xBAA6, 0xBAA6, 0xBAA6, 0xBAA6, 0xBAA6, 0xBAA6,
    0xBAA6, 0xBAA6, 0xBAA6, 0xBAA6, 0xBAA6, 0xBAA6, 0xBAA6, 0xBAA6, 0xBAA6, 0xBAA6, 0xBAA6, 0xBAA6, 0xBAA6, 0xBAA6, 0xBAA6, 0xBAA6,
    0xBAA6, 0xBAA6, 0xBA65, 0xBA02, 0xBA03, 0xBA03, 0xBA03, 0xBA03, 0xBA03, 0xBA03, 0xBA03, 0xBA03, 0xBA03, 0xBA03, 0xBA03, 0xBA03,
    0xBA03, 0xBA03, 0xBA03, 0xBA03, 0xBA03, 0xBA03, 0xBA03, 0xBA03, 0xBA03, 0xBA03, 0xBA03, 0xB203, 0xB203, 0xBA85, 0xBAA6, 0xBA86,
    0xB286, 0xB285, 0xB285, 0xB285, 0xB285, 0xB285, 0xB285, 0xB285, 0xB285, 0xB285, 0xB285, 0xB285, 0xB265, 0xAA65, 0xAA65, 0xAA65,
    0xAA65, 0xAA65, 0xAA65, 0xAA65, 0xAA65, 0xAA65, 0xAA65, 0xAA45, 0xA245, 0xA245, 0xA245, 0xA224, 0xA1C2, 0xA1C2, 0xA1C2, 0xA1C2,
    0xA1C2, 0xA1C2, 0xA1C2, 0xA245, 0xA245, 0xA245, 0xA245, 0xA245, 0xA245, 0xA245, 0xA1C3, 0xA1C2, 0xA1C2, 0xA1C2, 0xA1C2, 0xA1C2,
    0xA1C2, 0xA1C2, 0xA1E2, 0xA1E2, 0xA9E2, 0xA9E2, 0xA9E2, 0xA9E2, 0xA9E2, 0xA9E2, 0xA9E2, 0xA9E2, 0xA9E2, 0xA9E2, 0xB1E2, 0xB1E3,
    0xB1E3, 0xB1E3, 0xB1E3, 0xB203, 0xB203, 0xB203, 0xB203, 0xB202, 0xB203, 0xB286, 0xBA86, 0xBA86, 0xBA86, 0xBAA6, 0xBAA6, 0xBAA6,
    0xBAA6, 0xBAA6, 0xBAA6, 0xBAA6, 0xBAA6, 0xBAA6, 0xBAA6, 0xBAA6, 0xBAA6, 0xBAA6, 0xBAA6, 0xBAA6, 0xBAA6, 0xBAA6, 0xBAA6, 0xBAA6,
    0xBAA6, 0xBAA6, 0xBAA6, 0xBA65, 0xBA02, 0xBA03, 0xBA03, 0xBA03, 0xBA03, 0xBA03, 0xBA03, 0xBA03, 0xBA03, 0xBA03, 0xBA03, 0xBA03,
    0xBA03, 0xBA03, 0xBA03, 0xBA03, 0xBA03, 0xBA03, 0xBA03, 0xBA03, 0xB203, 0xB203, 0xB203, 0xB203, 0xB203, 0xB202, 0xB265, 0xB286,
    0xB285, 0xB285, 0xB285, 0xB285, 0xB285, 0xB285, 0xB285, 0xB285, 0xB285, 0xB285, 0xB265, 0xB265, 0xAA65, 0xAA65, 0xAA65, 0xAA65,
    0xAA65, 0xAA65, 0xAA65, 0xAA65, 0xAA65, 0xAA65, 0xA245, 0xA245, 0xA245, 0xA245, 0xA245, 0xA245, 0xA245, 0xA1E3, 0xA1C2, 0xA1C2,
    0xA1C2, 0xA1C2, 0xA1C2, 0xA1C2, 0xA245, 0xA245, 0xA245, 0xA245, 0xA245, 0xA245, 0xA204, 0xA1C2, 0xA1C2, 0xA1C2, 0xA1C2, 0xA1C2,
    0xA1C2, 0xA1C2, 0xA1C2, 0xA1C2, 0xA1C2, 0xA1E2, 0xA1E2, 0xA9E2, 0xA9E2, 0xA9E2, 0xA9E2, 0xA9E2, 0xA9E2, 0xA9E2, 0xA9E2, 0xA9E2,
    0xA9E2, 0xA9E2, 0xB1E2, 0xB1E2, 0xB1E3, 0xB1E3, 0xB1E3, 0xB203, 0xB1E2, 0xB224, 0xB286, 0xB285, 0xB285, 0xB286, 0xB286, 0xB286,
    0xBA86, 0xBA86, 0xBA86, 0xBAA6, 0xBAA6, 0xBAA6, 0xBAA6, 0xBAA6, 0xBAA6, 0xBAA6, 0xBAA6, 0xBAA6, 0xBAA6, 0xBAA6, 0xBAA6, 0xBAA6,
    0xBAA6, 0xBAA6, 0xBAA6, 0xBAA6, 0xBA65, 0xBA02, 0xBA03, 0xBA03, 0xBA03, 0xBA03, 0xBA03, 0xBA03, 0xBA03, 0xBA03, 0xBA03, 0xBA03,
    0xBA03, 0xBA03, 0xBA03, 0xB203, 0xB203, 0xB203, 0xB203, 0xB203, 0xB203, 0xB203, 0xB203, 0xB203, 0xB203, 0xB203, 0xB1E2, 0xB224,
    0xB286, 0xB285, 0xB285, 0xB285, 0xB285, 0xB285, 0xB285, 0xB285, 0xB285, 0xB265, 0xAA65, 0xAA65, 0xAA65, 0xAA65, 0xAA65, 0xAA65,
    0xAA65, 0xAA65, 0xAA65, 0xAA65, 0xAA65, 0xA245, 0xA245, 0xA245, 0xA245, 0xA245, 0xA245, 0xA245, 0xA245, 0xA245, 0xA224, 0xA1C2,
    0xA1C2, 0xA1C2, 0xA1C2, 0xA1C2, 0xA1C2, 0xA245, 0xA245, 0xA245, 0xA245, 0xA245, 0xA245, 0xA1C2, 0xA1C2, 0xA1C2, 0xA1C2, 0xA1C2,
    0xA1C2, 0xA1C2, 0xA1C2, 0xA1C2, 0xA1C2, 0xA1C2, 0xA1C2, 0xA1C2, 0xA1E2, 0xA1E2, 0xA9E2, 0xA9E2, 0xA9E2, 0xA9E2, 0xA9E2, 0xA9E2,
    0xA9E2, 0xA9E2, 0xA9E2, 0xA9E2, 0xA9E2, 0xA9E2, 0xB1E2, 0xB1E2, 0xB1E3, 0xB1E2, 0xB244, 0xB286, 0xB285, 0xB285, 0xB285, 0xB285,
    0xB285, 0xB285, 0xB285, 0xB286, 0xB286, 0xB286, 0xBA86, 0xBA86, 0xBA86, 0xBA86, 0xBAA6, 0xBAA6, 0xBAA6, 0xBAA6, 0xBAA6, 0xBAA6,
    0xBAA6, 0xBAA6, 0xBAA6, 0xBAA6, 0xBAA6, 0xBA65, 0xBA02, 0xBA03, 0xBA03, 0xB203, 0xB203, 0xB203, 0xB203, 0xB203, 0xB203, 0xB203,
    0xB203, 0xB203, 0xB203, 0xB203, 0xB203, 0xB203, 0xB203, 0xB203, 0xB203, 0xB203, 0xB203, 0xB203, 0xB203, 0xB203, 0xB203, 0xB1E2,
    0xB203, 0xB285, 0xB285, 0xB285, 0xB285, 0xB285, 0xB285, 0xB265, 0xAA65, 0xAA65, 0xAA65, 0xAA65, 0xAA65, 0xAA65, 0xAA65, 0xAA65,
    0xAA65, 0xAA65, 0xAA65, 0xAA65, 0xA245, 0xA245, 0xA245, 0xA245, 0xA245, 0xA245, 0xA245, 0xA245, 0xA245, 0xA245, 0xA245, 0xA245,
    0xA203, 0xA1C2, 0xA1C2, 0xA1C2, 0xA1C2, 0xA1C2, 0xA245, 0xA245, 0xA245, 0xA245, 0xA245, 0xA1E3, 0xA1C2, 0xA1C2, 0xA1C2, 0xA1C2,
    0xA1C2, 0xA1C2, 0xA1C2, 0xA1C2, 0xA1C2, 0xA1C2, 0xA1C2, 0xA1C2, 0xA1C2, 0xA1C2, 0xA1C2, 0xA1E2, 0xA1E2, 0xA1E2, 0xA9E2, 0xA9E2,
    0xA9E2, 0xA9E2, 0xA9E2, 0xA9E2, 0xA9E2, 0xA9E2, 0xA9E2, 0xA9E2, 0xA9E2, 0xA9E2, 0xB1E2, 0xB265, 0xB285, 0xB285, 0xB285, 0xB285,
    0xB285, 0xB285, 0xB285, 0xB285, 0xB285, 0xB285, 0xB285, 0xB285, 0xB285, 0xB285, 0xB285, 0xB286, 0xB286, 0xB286, 0xB286, 0xB286,
    0xB286, 0xBA86, 0xBA86, 0xBA86, 0xBA86, 0xBAA6, 0xB265, 0xB202, 0xB203, 0xB203, 0xB203, 0xB203, 0xB203, 0xB203, 0xB203, 0xB203,
    0xB203, 0xB203, 0xB203, 0xB203, 0xB203, 0xB203, 0xB203, 0xB203, 0xB203, 0xB203, 0xB203, 0xB203, 0xB1E3, 0xB1E3, 0xB1E3, 0xB1E3,
    0xB1E3, 0xB1E2, 0xB265, 0xB285, 0xB265, 0xB265, 0xAA65, 0xAA65, 0xAA65, 0xAA65, 0xAA65, 0xAA65, 0xAA65, 0xAA65, 0xAA65, 0xAA65,
    0xAA65, 0xAA65, 0xAA65, 0xA245, 0xA245, 0xA245, 0xA245, 0xA245, 0xA245, 0xA245, 0xA245, 0xA245, 0xA245, 0xA245, 0xA245, 0xA245,
    0xA245, 0xA245, 0xA1C3, 0xA1C2, 0xA1C2, 0xA1C2, 0xA1C2, 0xA245, 0xA245, 0xA245, 0xA245, 0xA224, 0xA1C2, 0xA1C2, 0xA1C2, 0xA1C2,
    0xA1C2, 0xA1C2, 0xA1C2, 0xA1C2, 0xA1C2, 0xA1C2, 0xA1C2, 0xA1C2, 0xA1C2, 0xA1C2, 0xA1C2, 0xA1C2, 0xA1C2, 0xA1C2, 0xA1C2, 0xA1E2,
    0xA1E2, 0xA1E2, 0xA9E2, 0xA9E2, 0xA9E2, 0xA9E2, 0xA9E2, 0xA9E2, 0xA9E2, 0xA9E2, 0xA9E2, 0xAA03, 0xB285, 0xB285, 0xB285, 0xB265,
    0xB285, 0xB285, 0xB285, 0xB285, 0xB285, 0xB285, 0xB285, 0xB285, 0xB285, 0xB285, 0xB285, 0xB285, 0xB285, 0xB285, 0xB285, 0xB285,
    0xB285, 0xB285, 0xB285, 0xB285, 0xB285, 0xB285, 0xB286, 0xB264, 0xB1E2, 0xB203, 0xB203, 0xB203, 0xB203, 0xB203, 0xB203, 0xB203,
    0xB203, 0xB203, 0xB203, 0xB203, 0xB203, 0xB203, 0xB203, 0xB1E3, 0xB1E3, 0xB1E3, 0xB1E3, 0xB1E3, 0xB1E3, 0xB1E3, 0xB1E2, 0xB1E2,
    0xA9E2, 0xA9E2, 0xA9E2, 0xAA44, 0xAA85, 0xAA65, 0xAA65, 0xAA65, 0xAA65, 0xAA65, 0xAA65, 0xAA65, 0xAA65, 0xAA65, 0xAA65, 0xAA65,
    0xAA65, 0xAA65, 0xA245, 0xA245, 0xA245, 0xA245, 0xA245, 0xA245, 0xA245, 0xA245, 0xA245, 0xA245, 0xA245, 0xA245, 0xA245, 0xA245,
    0xA245, 0xA245, 0xA245, 0xA204, 0xA1C2, 0xA1C2, 0xA1C2, 0xA1C2, 0xA245, 0xA245, 0xA245, 0xA245, 0xA1E3, 0xA1C2, 0xA1C2, 0xA1C2,
    0xA1C2, 0xA1C2, 0xA1C2, 0xA1C2, 0xA1C2, 0xA1C2, 0xA1C2, 0xA1C2, 0xA1C2, 0xA1C2, 0xA1C2, 0xA1C2, 0xA1C2, 0xA1C2, 0xA1C2, 0xA1C2,
    0xA1C2, 0xA1C2, 0xA1C2, 0xA1E2, 0xA1E2, 0xA1E2, 0xA1E2, 0xA9E2, 0xA9E2, 0xA9E2, 0xA9E2, 0xA9E2, 0xAA24, 0xAA85, 0xAA65, 0xAA65,
    0xAA65, 0xB265, 0xB265, 0xB265, 0xB265, 0xB285, 0xB285, 0xB285, 0xB285, 0xB285, 0xB285, 0xB285, 0xB285, 0xB285, 0xB285, 0xB285,
    0xB285, 0xB285, 0xB285, 0xB285, 0xB285, 0xB285, 0xB285, 0xB286, 0xB244, 0xB1E2, 0xB203, 0xB203, 0xB203, 0xB203, 0xB203, 0xB203,
    0xB1E3, 0xB1E3, 0xB1E3, 0xB1E3, 0xB1E3, 0xB1E3, 0xB1E3, 0xB1E3, 0xB1E3, 0xB1E2, 0xB1E2, 0xB1E2, 0xA9E2, 0xA9E2, 0xA9E2, 0xA9E2,
    0xA9E2, 0xA9E2, 0xA9E2, 0xA9E2, 0xAA03, 0xAA65, 0xAA65, 0xAA65, 0xAA65, 0xAA65, 0xAA65, 0xAA65, 0xAA65, 0xAA65, 0xAA65, 0xAA65,
    0xA245, 0xA245, 0xA245, 0xA245, 0xA245, 0xA245, 0xA245, 0xA245, 0xA245, 0xA245, 0xA245, 0xA245, 0xA245, 0xA245, 0xA245, 0xA245,
    0xA245, 0xA245, 0xA245, 0xA245, 0xA245, 0xA1E3, 0xA1C2, 0xA1C2, 0xA1C2, 0xA245, 0xA245, 0xA245, 0xA204, 0xA1C2, 0xA1C2, 0xA1C2,
    0xA1C2, 0xA1C2, 0xA1C2, 0xA1C2, 0xA1C2, 0xA1C2, 0xA1C2, 0xA1C2, 0xA1C2, 0xA1C2, 0xA1C2, 0xA1C2, 0xA1C2, 0xA1C2, 0xA1C2, 0xA1C2,
    0xA1C2, 0xA1C2, 0xA1C2, 0xA1C2, 0xA1C2, 0xA1C2, 0xA1C2, 0xA1C2, 0xA1E2, 0xA1E2, 0xA1E2, 0xA9E2, 0xA9C2, 0xAA44, 0xAA65, 0xAA65,
    0xAA65, 0xAA65, 0xAA65, 0xAA65, 0xAA65, 0xAA65, 0xAA65, 0xAA65, 0xAA65, 0xB265, 0xB265, 0xB265, 0xB265, 0xB285, 0xB285, 0xB285,
    0xB285, 0xB285, 0xB285, 0xB285, 0xB285, 0xB285, 0xB285, 0xB285, 0xB286, 0xB244, 0xB1E2, 0xB1E2, 0xB1E2, 0xB1E2, 0xB1E2, 0xB1E2,
    0xB1E2, 0xA9E2, 0xA9E2, 0xA9E2, 0xA9E2, 0xA9E2, 0xA9E2, 0xA9E2, 0xA9E2, 0xA9E2, 0xA9E2, 0xA9E2, 0xA9E2, 0xA9E2, 0xA9E2, 0xA9E2,
    0xA9E2, 0xA9E2, 0xA9E2, 0xA9E2, 0xA9E2, 0xA9E3, 0xAA65, 0xAA65, 0xAA65, 0xAA65, 0xAA65, 0xAA65, 0xAA65, 0xA245, 0xA245, 0xA245,
    0xA245, 0xA245, 0xA245, 0xA245, 0xA245, 0xA245, 0xA245, 0xA245, 0xA245, 0xA245, 0xA245, 0xA245, 0xA245, 0xA245, 0xA245, 0xA245,
    0xA245, 0xA245, 0xA245, 0xA245, 0xA245, 0xA245, 0xA224, 0xA1C2, 0xA1C2, 0xA1C2, 0xA245, 0xA245, 0xA245, 0xA1C3, 0xA1C2, 0xA1C2,
    0xA1C2, 0xA1C2, 0xA1C2, 0xA1C2, 0xA1C2, 0xA1C2, 0xA1C2, 0xA1C2, 0xA1C2, 0xA1C2, 0xA1C2, 0xA1C2, 0xA1C2, 0xA1C2, 0xA1C2, 0xA1C2,
    0xA1C2, 0xA1C2, 0xA1C2, 0xA1C2, 0xA1C2, 0xA1C2, 0xA1C2, 0xA1C2, 0xA1C2, 0xA1C2, 0xA1C2, 0xA1C2, 0xA1C2, 0xA1E2, 0xAA45, 0xAA65,
    0xAA65, 0xAA65, 0xAA65, 0xAA65, 0xAA65, 0xAA65, 0xAA65, 0xAA65, 0xAA65, 0xAA65, 0xAA65, 0xAA65, 0xAA65, 0xAA65, 0xAA65, 0xAA65,
    0xAA65, 0xAA65, 0xAA65, 0xB265, 0xB265, 0xB265, 0xB265, 0xB265, 0xB265, 0xB286, 0xAA44, 0xA9E2, 0xA9E2, 0xA9E2, 0xA9E2, 0xA9E2,
    0xA9E2, 0xA9E2, 0xA9E2, 0xA9E2, 0xA9E2, 0xA9E2, 0xA9E2, 0xA9E2, 0xA9E2, 0xA9E2, 0xA9E2, 0xA9E2, 0xA9E2, 0xA9E2, 0xA9E2, 0xA9E2,
    0xA9E2, 0xA9E2, 0xA9E2, 0xA9E2, 0xA9E2, 0xA1E2, 0xA1C2, 0xAA44, 0xAA65, 0xAA65, 0xA245, 0xA245, 0xA245, 0xA245, 0xA245, 0xA245,
    0xA245, 0xA245, 0xA245, 0xA245, 0xA245, 0xA245, 0xA245, 0xA245, 0xA245, 0xA245, 0xA245, 0xA245, 0xA245, 0xA245, 0xA245, 0xA245,
    0xA245, 0xA245, 0xA245, 0xA245, 0xA245, 0xA245, 0xA245, 0xA245, 0xA1E3, 0xA1C2, 0xA1C2, 0xA245, 0xA245, 0xA203, 0xA1C2, 0xA1C2,
    0xA1C2, 0xA1C2, 0xA1C2, 0xA1C2, 0xA1C2, 0xA1C2, 0xA1C2, 0xA1C2, 0xA1C2, 0xA1C2, 0xA1C2, 0xA1C2, 0xA1C2, 0xA1C2, 0xA1C2, 0xA1C2,
    0xA1C2, 0xA1C2, 0xA1C2, 0xA1C2, 0xA1C2, 0xA1C2, 0xA1C2, 0xA1C2, 0xA1C2, 0xA1C2, 0xA1C2, 0xA1C2, 0xA1C2, 0xA1C2, 0xA1E3, 0xAA65,
    0xAA65, 0xAA65, 0xAA65, 0xAA65, 0xAA65, 0xAA65, 0xAA65, 0xAA65, 0xAA65, 0xAA65, 0xAA65, 0xAA65, 0xAA65, 0xAA65, 0xAA65, 0xAA65,
    0xAA65, 0xAA65, 0xAA65, 0xAA65, 0xAA65, 0xAA65, 0xAA65, 0xAA65, 0xAA65, 0xAA65, 0xAA85, 0xAA44, 0xA9E2, 0xA9E2, 0xA9E2, 0xA9E2,
    0xA9E2, 0xA9E2, 0xA9E2, 0xA9E2, 0xA9E2, 0xA9E2, 0xA9E2, 0xA9E2, 0xA9E2, 0xA9E2, 0xA9E2, 0xA9E2, 0xA9E2, 0xA9E2, 0xA9E2, 0xA9E2,
    0xA9E2, 0xA9E2, 0xA1E2, 0xA1E2, 0xA1E2, 0xA1E2, 0xA1C2, 0xA1C2, 0xA224, 0xA265, 0xA245, 0xA245, 0xA245, 0xA245, 0xA245, 0xA245,
    0xA245, 0xA245, 0xA245, 0xA245, 0xA245, 0xA245, 0xA245, 0xA245, 0xA245, 0xA245, 0xA245, 0xA245, 0xA245, 0xA245, 0xA245, 0xA245,
    0xA245, 0xA245, 0xA245, 0xA245, 0xA245, 0xA245, 0xA245, 0xA245, 0xA245, 0xA245, 0xA1C2, 0xA1C2, 0xA245, 0xA224, 0xA1C2, 0xA1C2,
    0xA1C2, 0xA1C2, 0xA1C2, 0xA1C2, 0xA1C2, 0xA1C2, 0xA1C2, 0xA1C2, 0xA1C2, 0xA1C2, 0xA1C2, 0xA1C2, 0xA1C2, 0xA1C2, 0xA1C2, 0xA1C2,
    0xA1C2, 0xA1C2, 0xA1C2, 0xA1C2, 0xA1C2, 0xA1C2, 0xA1C2, 0xA1C2, 0xA1C2, 0xA1C2, 0xA1C2, 0xA1C2, 0xA1C2, 0xA1C2, 0xA1C2, 0xA204,
    0xA265, 0xA245, 0xA245, 0xA245, 0xA245, 0xAA65, 0xAA65, 0xAA65, 0xAA65, 0xAA65, 0xAA65, 0xAA65, 0xAA65, 0xAA65, 0xAA65, 0xAA65,
    0xAA65, 0xAA65, 0xAA65, 0xAA65, 0xAA65, 0xAA65, 0xAA65, 0xAA65, 0xAA65, 0xAA65, 0xAA65, 0xAA65, 0xAA44, 0xA9E2, 0xA9E2, 0xA9E2,
    0xA9E2, 0xA9E2, 0xA9E2, 0xA9E2, 0xA9E2, 0xA9E2, 0xA9E2, 0xA9E2, 0xA9E2, 0xA9E2, 0xA9E2, 0xA9E2, 0xA9E2, 0xA1E2, 0xA1E2, 0xA1E2,
    0xA1E2, 0xA1E2, 0xA1E2, 0xA1C2, 0xA1C2, 0xA1C2, 0xA1C2, 0xA1C2, 0xA1C2, 0xA1E3, 0xA245, 0xA245, 0xA245, 0xA245, 0xA245, 0xA245,
    0xA245, 0xA245, 0xA245, 0xA245, 0xA245, 0xA245, 0xA245, 0xA245, 0xA245, 0xA245, 0xA245, 0xA245, 0xA245, 0xA245, 0xA245, 0xA245,
    0xA245, 0xA245, 0xA245, 0xA245, 0xA245, 0xA245, 0xA245, 0xA245, 0xA245, 0xA245, 0xA245, 0xA204, 0xA1C2, 0xA245, 0xA1E3, 0xA1C2,
    0xA1C2, 0xA1C2, 0xA1C2, 0xA1C2, 0xA1C2, 0xA1C2, 0xA1C2, 0xA1C2, 0xA1C2, 0xA1C2, 0xA1C2, 0xA1C2, 0xA1C2, 0xA1C2, 0xA1C2, 0xA1C2,
    0xA1C2, 0xA1C2, 0xA1C2, 0xA1C2, 0xA1C2, 0xA1C2, 0xA1C2, 0xA1C2, 0xA1C2, 0xA1C2, 0xA1C2, 0xA1C2, 0xA1C2, 0xA1C2, 0xA1C2, 0xA1C2,
    0xA224, 0xA245, 0xA245, 0xA245, 0xA245, 0xA245, 0xA245, 0xA245, 0xA245, 0xA245, 0xA265, 0xAA65, 0xAA65, 0xAA65, 0xAA65, 0xAA65,
    0xAA65, 0xAA65, 0xAA65, 0xAA65, 0xAA65, 0xAA65, 0xAA65, 0xAA65, 0xAA65, 0xAA65, 0xAA65, 0xAA65, 0xAA65, 0xAA24, 0xA9C2, 0xA9E2,
    0xA9E2, 0xA9E2, 0xA9E2, 0xA9E2, 0xA9E2, 0xA1E2, 0xA1E2, 0xA1E2, 0xA1E2, 0xA1E2, 0xA1E2, 0xA1E2, 0xA1E2, 0xA1E2, 0xA1C2, 0xA1C2,
    0xA1C2, 0xA1C2, 0xA1C2, 0xA1C2, 0xA1C2, 0xA1C2, 0xA1C2, 0xA1C2, 0xA1C2, 0xA1C2, 0xA1C3, 0xA245, 0xA245, 0xA245, 0xA245, 0xA245,
    0xA245, 0xA245, 0xA245, 0xA245, 0xA245, 0xA245, 0xA245, 0xA245, 0xA245, 0xA245, 0xA245, 0xA245, 0xA245, 0xA245, 0xA245, 0xA245,
    0xA245, 0xA245, 0xA245, 0xA245, 0xA245, 0xA245, 0xA245, 0xA245, 0xA245, 0xA245, 0xA245, 0xA245, 0xA245, 0xA1E3, 0xA224, 0xA1C2,
    0xA1C2, 0xA1C2, 0xA1C2, 0xA1C2, 0xA1C2, 0xA1C2, 0xA1C2, 0xA1C2, 0xA1C2, 0xA1C2, 0xA1C2, 0xA1C2, 0xA1C2, 0xA1C2, 0xA1C2, 0xA1C2,
    0xA1C2, 0xA1C2, 0xA1C2, 0xA1C2, 0xA1C2, 0xA1C2, 0xA1C2, 0xA1C2, 0xA1C2, 0xA1C2, 0xA1C2, 0xA1C2, 0xA1C2, 0xA1C2, 0xA1C2, 0xA1C2,
    0xA1C3, 0xA245, 0xA245, 0xA245, 0xA245, 0xA245, 0xA245, 0xA245, 0xA245, 0xA245, 0xA245, 0xA245, 0xA245, 0xA245, 0xA245, 0xA245,
    0xA245, 0xA245, 0xA245, 0xAA65, 0xAA65, 0xAA65, 0xAA65, 0xAA65, 0xAA65, 0xAA65, 0xAA65, 0xAA65, 0xAA65, 0xAA65, 0xAA24, 0xA1C2,
    0xA1E2, 0xA1E2, 0xA1E2, 0xA1E2, 0xA1E2, 0xA1C2, 0xA1C2, 0xA1C2, 0xA1C2, 0xA1C2, 0xA1C2, 0xA1C2, 0xA1C2, 0xA1C2, 0xA1C2, 0xA1C2,
    0xA1C2, 0xA1C2, 0xA1C2, 0xA1C2, 0xA1C2, 0xA1C2, 0xA1C2, 0xA1C2, 0xA1C2, 0xA1C2, 0xA1C2, 0xA1C2, 0xA224, 0xA245, 0xA245, 0xA245,
    0xA245, 0xA245, 0xA245, 0xA245, 0xA245, 0xA245, 0xA245, 0xA245, 0xA245, 0xA245, 0xA245, 0xA245, 0xA245, 0xA245, 0xA245, 0xA245,
    0xA245, 0xA245, 0xA245, 0xA245, 0xA245, 0xA245, 0xA245, 0xA245, 0xA245, 0xA245, 0xA245, 0xA245, 0xA245, 0xA245, 0xA224, 0xA1E3,
    0xA1C2, 0xA1C2, 0xA1C2, 0xA1C2, 0xA1C2, 0xA1C2, 0xA1C2, 0xA1C2, 0xA1C2, 0xA1C2, 0xA1C2, 0xA1C2, 0xA1C2, 0xA1C2, 0xA1C2, 0xA1C2,
    0xA1C2, 0xA1C2, 0xA1C2, 0xA1C2, 0xA1C2, 0xA1C2, 0xA1C2, 0xA1C2, 0xA1C2, 0xA1C2, 0xA1C2, 0xA1C2, 0xA1C2, 0xA1C2, 0xA1C2, 0xA1C2,
    0xA1C2, 0xA1E3, 0xA245, 0xA245, 0xA245, 0xA245, 0xA245, 0xA245, 0xA245, 0xA245, 0xA245, 0xA245, 0xA245, 0xA245, 0xA245, 0xA245,
    0xA245, 0xA245, 0xA245, 0xA245, 0xA245, 0xA245, 0xA245, 0xA245, 0xA245, 0xA245, 0xA245, 0xA245, 0xA245, 0xA245, 0xA265, 0xA224,
    0xA1C2, 0xA1C2, 0xA1C2, 0xA1C2, 0xA1C2, 0xA1C2, 0xA1C2, 0xA1C2, 0xA1C2, 0xA1C2, 0xA1C2, 0xA1C2, 0xA1C2, 0xA1C2, 0xA1C2, 0xA1C2,
    0xA1C2, 0xA1C2, 0xA1C2, 0xA1C2, 0xA1C2, 0xA1C2, 0xA1C2, 0xA1C2, 0xA1C2, 0xA1C2, 0xA1C2, 0xA1C2, 0xA1C2, 0xA204, 0xA245, 0xA245,
    0xA245, 0xA245, 0xA245, 0xA245, 0xA245, 0xA245, 0xA245, 0xA245, 0xA245, 0xA245, 0xA245, 0xA245, 0xA245, 0xA245, 0xA245, 0xA245,
    0xA245, 0xA245, 0xA245, 0xA245, 0xA245, 0xA245, 0xA245, 0xA245, 0xA245, 0xA245, 0xA245, 0xA245, 0xA245, 0xA245, 0xA245, 0xA245,
};
