// flavor_4 - 86x160 RGB565 bitmap
// Auto-generated from flavor_4.png by tools/png_to_rgb565.py
#pragma once

#include <Arduino.h>

const uint16_t flavor3_tile[86 * 160] PROGMEM = {
    0x28CB, 0x28CB, 0x28CB, 0x28CB, 0x28CB, 0x28EB, 0x28EB, 0x28EB, 0x30EB, 0x30EB, 0x30EB, 0x30EB, 0x30EB, 0x30EC, 0x30EC, 0x30EC,
    0x30EC, 0x30EC, 0x30EC, 0x30EC, 0x30EB, 0x30EB, 0x30EC, 0x30EB, 0x30EB, 0x28EB, 0x28EB, 0x28EB, 0x28CB, 0x28CB, 0x28CB, 0x28CB,
    0x28CB, 0x28CB, 0x28CB, 0x28CB, 0x28CB, 0x28CB, 0x28CB, 0x28CB, 0x28CA, 0x28CA, 0x28CA, 0x28CA, 0x28AA, 0x28AA, 0x28AA, 0x28AA,
    0x28A9, 0x20A9, 0x20A9, 0x20A9, 0x20A9, 0x2089, 0x2089, 0x2088, 0x2088, 0x2088, 0x2088, 0x2088, 0x2088, 0x2088, 0x2067, 0x1867,
    0x1867, 0x1867, 0x1867, 0x1867, 0x1866, 0x1846, 0x1846, 0x1846, 0x1846, 0x1846, 0x1045, 0x1045, 0x1025, 0x1025, 0x1025, 0x1025,
    0x1025, 0x1025, 0x1025, 0x1025, 0x1025, 0x1025, 0x28CB, 0x28CB, 0x28EB, 0x28EB, 0x30EB, 0x30EC, 0x30EC, 0x30EC, 0x30EC, 0x30EC,
    0x30EC, 0x30EC, 0x30EC, 0x30EC, 0x30EC, 0x30EC, 0x30EC, 0x30EC, 0x30EC, 0x30EC, 0x30EC, 0x30EC, 0x30EC, 0x30EC, 0x30EC, 0x30EC,
    0x30EC, 0x30EC, 0x30EC, 0x30EC, 0x30EC, 0x30EB, 0x30EB, 0x30EB, 0x30CB, 0x30CB, 0x28CB, 0x28CB, 0x28CB, 0x28CB, 0x28CB, 0x28CB,
    0x28CB, 0x28CB, 0x28CA, 0x28CA, 0x28CA, 0x28AA, 0x28AA, 0x28AA, 0x28AA, 0x28A9, 0x20A9, 0x20A9, 0x20A9, 0x2089, 0x2089, 0x2088,
    0x2088, 0x2088, 0x2088, 0x2088, 0x2088, 0x2067, 0x1867, 0x1867, 0x1867, 0x1867, 0x1867, 0x1846, 0x1846, 0x1846, 0x1846, 0x1846,
    0x1846, 0x1045, 0x1045, 0x1025, 0x1025, 0x1025, 0x1025, 0x1025, 0x1025, 0x1025, 0x1025, 0x1025, 0x30EB, 0x30EB, 0x30EC, 0x30EC,
    0x30EC, 0x30EC, 0x30EC, 0x30EC, 0x30EC, 0x30EC, 0x30EC, 0x30EC, 0x30EC, 0x30EC, 0x30EC, 0x30EC, 0x30EC, 0x30EC, 0x30EC, 0x30EC,
    0x30EC, 0x30EC, 0x30EC, 0x30EC, 0x30EC, 0x30EC, 0x30EC, 0x30EC, 0x30EC, 0x30EC, 0x30EC, 0x30EC, 0x30EC, 0x30EC, 0x30EC, 0x30EC,
    0x30EC, 0x30EC, 0x30EC, 0x30EC, 0x30CB, 0x30CB, 0x28CB, 0x28CB, 0x28CB, 0x28CB, 0x28CB, 0x28CB, 0x28CA, 0x28CA, 0x28AA, 0x28AA,
    0x28AA, 0x28AA, 0x28A9, 0x20A9, 0x2089, 0x2089, 0x2089, 0x2088, 0x2088, 0x2088, 0x2088, 0x2088, 0x2067, 0x1867, 0x1867, 0x1867,
    0x1867, 0x1867, 0x1846, 0x1846, 0x1846, 0x1846, 0x1846, 0x1846, 0x1045, 0x1045, 0x1025, 0x1025, 0x1025, 0x1025, 0x1025, 0x1025,
    0x1025, 0x1025, 0x30EC, 0x30EC, 0x30EC, 0x30EC, 0x30EC, 0x30EC, 0x30EC, 0x30EC, 0x30EC, 0x30EC, 0x30EC, 0x30EC, 0x30EC, 0x30EC,
    0x30EC, 0x30EC, 0x30EC, 0x30EC, 0x30EC, 0x30EC, 0x30EC, 0x30EC, 0x30EC, 0x30ED, 0x30ED, 0x30ED, 0x310D, 0x30ED, 0x30ED, 0x30ED,
    0x30ED, 0x30ED, 0x30ED, 0x30ED, 0x30ED, 0x30EC, 0x30EC, 0x30EC, 0x30EC, 0x30EC, 0x30EC, 0x30EC, 0x30EC, 0x30EC, 0x30CC, 0x30CB,
    0x28CB, 0x28CB, 0x28CB, 0x28CB, 0x28CB, 0x28CA, 0x28CA, 0x28AA, 0x28AA, 0x28AA, 0x28A9, 0x20A9, 0x20A9, 0x2089, 0x2089, 0x2088,
    0x2088, 0x2088, 0x2088, 0x1867, 0x1867, 0x1867, 0x1867, 0x1867, 0x1867, 0x1846, 0x1846, 0x1846, 0x1846, 0x1846, 0x1845, 0x1045,
    0x1045, 0x1025, 0x1025, 0x1025, 0x1025, 0x1025, 0x1025, 0x1025, 0x30EC, 0x30EC, 0x30EC, 0x30EC, 0x30EC, 0x30EC, 0x30EC, 0x30EC,
    0x30EC, 0x30EC, 0x30EC, 0x30EC, 0x30EC, 0x30EC, 0x30EC, 0x30EC, 0x30EC, 0x310D, 0x310D, 0x310D, 0x310D, 0x310D, 0x310D, 0x310D,
    0x310D, 0x310D, 0x310D, 0x310D, 0x310D, 0x310D, 0x310D, 0x310D, 0x310D, 0x310D, 0x310D, 0x310D, 0x310D, 0x30ED, 0x30ED, 0x30ED,
    0x30ED, 0x30EC, 0x30EC, 0x30EC, 0x30EC, 0x30EC, 0x30EC, 0x30CC, 0x30CB, 0x28CB, 0x28CB, 0x28CB, 0x28CB, 0x28CA, 0x28AA, 0x28AA,
    0x28AA, 0x28AA, 0x28A9, 0x20A9, 0x2089, 0x2089, 0x2089, 0x2088, 0x2088, 0x2088, 0x2068, 0x1867, 0x1867, 0x1867, 0x1867, 0x1866,
    0x1846, 0x1846, 0x1846, 0x1846, 0x1846, 0x1845, 0x1045, 0x1045, 0x1025, 0x1025, 0x1025, 0x1025, 0x1025, 0x1025, 0x30EC, 0x30EC,
    0x30EC, 0x30EC, 0x30EC, 0x30EC, 0x30EC, 0x30EC, 0x30ED, 0x30ED, 0x310D, 0x310D, 0x310D, 0x310D, 0x310D, 0x310D, 0x310D, 0x310D,
    0x310D, 0x390D, 0x390E, 0x390E, 0x390E, 0x390E, 0x390E, 0x390E, 0x390E, 0x390E, 0x390E, 0x390E, 0x390E, 0x390E, 0x390E, 0x390E,
    0x390E, 0x390E, 0x390D, 0x390D, 0x390D, 0x310D, 0x30ED, 0x30ED, 0x30ED, 0x30ED, 0x30ED, 0x30EC, 0x30EC, 0x30EC, 0x30EC, 0x30EC,
    0x30CC, 0x30CB, 0x28CB, 0x28CB, 0x28CB, 0x28CB, 0x28AA, 0x28AA, 0x28AA, 0x28AA, 0x28A9, 0x20A9, 0x2089, 0x2089, 0x2088, 0x2088,
    0x2088, 0x2088, 0x2067, 0x1867, 0x1867, 0x1867, 0x1866, 0x1846, 0x1846, 0x1846, 0x1846, 0x1846, 0x1045, 0x1045, 0x1025, 0x1025,
    0x1025, 0x1025, 0x1025, 0x1025, 0x30EC, 0x30EC, 0x30EC, 0x30EC, 0x30ED, 0x310D, 0x310D, 0x310D, 0x310D, 0x310D, 0x310D, 0x310D,
    0x310D, 0x310D, 0x390D, 0x390E, 0x390E, 0x390E, 0x390E, 0x390E, 0x390E, 0x392E, 0x392E, 0x392E, 0x392E, 0x392E, 0x392E, 0x392E,
    0x392E, 0x392E, 0x392E, 0x392E, 0x392E, 0x390E, 0x390E, 0x390E, 0x390E, 0x390E, 0x390E, 0x390E, 0x390E, 0x390D, 0x390D, 0x310D,
    0x30ED, 0x30ED, 0x30ED, 0x30ED, 0x30EC, 0x30EC, 0x30EC, 0x30CC, 0x30CC, 0x30CB, 0x28CB, 0x28CB, 0x28CB, 0x28AA, 0x28AA, 0x28AA,
    0x28AA, 0x28AA, 0x28A9, 0x2089, 0x2089, 0x2089, 0x2088, 0x2088, 0x2068, 0x2068, 0x1867, 0x1867, 0x1867, 0x1866, 0x1846, 0x1846,
    0x1846, 0x1846, 0x1845, 0x1045, 0x1045, 0x1025, 0x1025, 0x1025, 0x1025, 0x1025, 0x30EC, 0x310D, 0x310D, 0x310D, 0x310D, 0x310D,
    0x310D, 0x310D, 0x310D, 0x310D, 0x310D, 0x390D, 0x390E, 0x390E, 0x390E, 0x392E, 0x392E, 0x392E, 0x392E, 0x392F, 0x392F, 0x392F,
    0x392F, 0x392F, 0x392F, 0x392F, 0x392F, 0x392F, 0x392F, 0x392F, 0x392F, 0x392F, 0x392F, 0x392F, 0x392F, 0x392F, 0x392F, 0x390E,
    0x390E, 0x390E, 0x390E, 0x390E, 0x390E, 0x390E, 0x390E, 0x390D, 0x30ED, 0x30ED, 0x30ED, 0x30ED, 0x30EC, 0x30EC, 0x30EC, 0x30CC,
    0x30CC, 0x30CB, 0x28CB, 0x28CB, 0x28CB, 0x28AA, 0x28AA, 0x28AA, 0x28AA, 0x28A9, 0x20A9, 0x2089, 0x2089, 0x2088, 0x2088, 0x2088,
    0x2088, 0x2067, 0x1867, 0x1867, 0x1867, 0x1846, 0x1846, 0x1846, 0x1846, 0x1845, 0x1045, 0x1025, 0x1025, 0x1025, 0x1025, 0x1025,
    0x310D, 0x310D, 0x310D, 0x310D, 0x310D, 0x310D, 0x310D, 0x310D, 0x390D, 0x390E, 0x390E, 0x390E, 0x392E, 0x392E, 0x392F, 0x392F,
    0x392F, 0x392F, 0x392F, 0x392F, 0x412F, 0x412F, 0x412F, 0x4130, 0x4130, 0x4130, 0x4130, 0x4130, 0x4130, 0x4130, 0x4130, 0x4130,
    0x412F, 0x412F, 0x412F, 0x392F, 0x392F, 0x392F, 0x392F, 0x392F, 0x392F, 0x390F, 0x390E, 0x390E, 0x390E, 0x390E, 0x390E, 0x390E,
    0x390D, 0x30ED, 0x30ED, 0x30ED, 0x30ED, 0x30EC, 0x30EC, 0x30EC, 0x30CC, 0x30CB, 0x28CB, 0x28CB, 0x28AB, 0x28AA, 0x28AA, 0x28AA,
    0x28AA, 0x28A9, 0x2089, 0x2089, 0x2089, 0x2088, 0x2088, 0x2068, 0x2067, 0x1867, 0x1867, 0x1867, 0x1846, 0x1846, 0x1846, 0x1846,
    0x1045, 0x1045, 0x1025, 0x1025, 0x1025, 0x1025, 0x310D, 0x310D, 0x310D, 0x310D, 0x310D, 0x390D, 0x390E, 0x390E, 0x392E, 0x392E,
    0x392E, 0x392F, 0x392F, 0x392F, 0x392F, 0x394F, 0x414F, 0x414F, 0x4150, 0x4150, 0x4150, 0x4150, 0x4150, 0x4150, 0x4150, 0x4150,
    0x4150, 0x4150, 0x4150, 0x4150, 0x4150, 0x4150, 0x4150, 0x4150, 0x4150, 0x4130, 0x4130, 0x4130, 0x4130, 0x412F, 0x392F, 0x392F,
    0x392F, 0x392F, 0x392F, 0x390E, 0x390E, 0x390E, 0x390E, 0x390E, 0x390D, 0x30ED, 0x30ED, 0x30ED, 0x30ED, 0x30EC, 0x30CC, 0x30CC,
    0x30CC, 0x30CB, 0x28CB, 0x28CB, 0x28AB, 0x28AA, 0x28AA, 0x28AA, 0x28A9, 0x2089, 0x2089, 0x2089, 0x2088, 0x2088, 0x2068, 0x2067,
    0x1867, 0x1867, 0x1867, 0x1846, 0x1846, 0x1846, 0x1846, 0x1045, 0x1045, 0x1025, 0x1025, 0x1025, 0x310D, 0x310D, 0x310D, 0x390D,
    0x390E, 0x390E, 0x392E, 0x392E, 0x392E, 0x392F, 0x392F, 0x394F, 0x414F, 0x414F, 0x414F, 0x4150, 0x4150, 0x4150, 0x4150, 0x4150,
    0x4150, 0x4150, 0x4150, 0x4150, 0x4151, 0x4151, 0x4151, 0x4151, 0x4151, 0x4151, 0x4151, 0x4151, 0x4151, 0x4151, 0x4151, 0x4150,
    0x4150, 0x4150, 0x4150, 0x4130, 0x4130, 0x4130, 0x412F, 0x412F, 0x392F, 0x392F, 0x390F, 0x390F, 0x390E, 0x390E, 0x390E, 0x390E,
    0x390E, 0x30ED, 0x30ED, 0x30ED, 0x30ED, 0x30EC, 0x30EC, 0x30CC, 0x30CB, 0x28CB, 0x28CB, 0x28AB, 0x28AA, 0x28AA, 0x28AA, 0x28A9,
    0x2089, 0x2089, 0x2089, 0x2088, 0x2088, 0x2068, 0x2068, 0x1867, 0x1867, 0x1867, 0x1846, 0x1846, 0x1846, 0x1845, 0x1045, 0x1025,
    0x1025, 0x1025, 0x310D, 0x390D, 0x390E, 0x392E, 0x392E, 0x392E, 0x392E, 0x392F, 0x394F, 0x414F, 0x414F, 0x414F, 0x4150, 0x4150,
    0x4150, 0x4170, 0x4170, 0x4170, 0x4171, 0x4171, 0x4171, 0x4171, 0x4171, 0x4971, 0x4971, 0x4971, 0x4971, 0x4971, 0x4971, 0x4971,
    0x4971, 0x4171, 0x4151, 0x4151, 0x4151, 0x4151, 0x4151, 0x4151, 0x4151, 0x4150, 0x4150, 0x4150, 0x4130, 0x4130, 0x4130, 0x412F,
    0x412F, 0x392F, 0x392F, 0x390F, 0x390E, 0x390E, 0x390E, 0x390E, 0x390D, 0x30ED, 0x30ED, 0x30ED, 0x30EC, 0x30CC, 0x30CC, 0x30CC,
    0x30CB, 0x28CB, 0x28CB, 0x28AA, 0x28AA, 0x28AA, 0x28AA, 0x2889, 0x2089, 0x2089, 0x2088, 0x2088, 0x2068, 0x2068, 0x1867, 0x1867,
    0x1867, 0x1846, 0x1846, 0x1846, 0x1845, 0x1045, 0x1025, 0x1025, 0x390D, 0x392E, 0x392E, 0x392E, 0x392E, 0x394F, 0x414F, 0x414F,
    0x414F, 0x4150, 0x4150, 0x4170, 0x4170, 0x4170, 0x4170, 0x4171, 0x4971, 0x4971, 0x4971, 0x4971, 0x4991, 0x4971, 0x4991, 0x4971,
    0x4971, 0x4972, 0x4972, 0x4972, 0x4972, 0x4972, 0x4972, 0x4972, 0x4972, 0x4972, 0x4972, 0x4972, 0x4971, 0x4951, 0x4151, 0x4151,
    0x4151, 0x4151, 0x4151, 0x4150, 0x4150, 0x4130, 0x4130, 0x4130, 0x412F, 0x392F, 0x392F, 0x390F, 0x390E, 0x390E, 0x390E, 0x390E,
    0x38ED, 0x30ED, 0x30ED, 0x30ED, 0x30EC, 0x30CC, 0x30CC, 0x30CB, 0x28CB, 0x28CB, 0x28AB, 0x28AA, 0x28AA, 0x28AA, 0x2089, 0x2089,
    0x2089, 0x2088, 0x2088, 0x2068, 0x2068, 0x1867, 0x1867, 0x1867, 0x1846, 0x1846, 0x1846, 0x1845, 0x1025, 0x1025, 0x392E, 0x392E,
    0x392F, 0x394F, 0x414F, 0x414F, 0x414F, 0x4150, 0x4170, 0x4170, 0x4170, 0x4170, 0x4971, 0x4971, 0x4991, 0x4991, 0x4991, 0x4991,
    0x4991, 0x4992, 0x4992, 0x4992, 0x4992, 0x4992, 0x4992, 0x4992, 0x4992, 0x4992, 0x4992, 0x4992, 0x4992, 0x4992, 0x4972, 0x4972,
    0x4972, 0x4972, 0x4972, 0x4972, 0x4972, 0x4972, 0x4971, 0x4951, 0x4151, 0x4151, 0x4151, 0x4150, 0x4150, 0x4130, 0x4130, 0x4130,
    0x412F, 0x392F, 0x390F, 0x390F, 0x390E, 0x390E, 0x390E, 0x390E, 0x38ED, 0x30ED, 0x30ED, 0x30EC, 0x30CC, 0x30CC, 0x30CC, 0x28CB,
    0x28AB, 0x28AB, 0x28AA, 0x28AA, 0x28AA, 0x2889, 0x2089, 0x2089, 0x2088, 0x2068, 0x2068, 0x2067, 0x1867, 0x1867, 0x1847, 0x1846,
    0x1846, 0x1846, 0x1845, 0x1025, 0x392E, 0x394F, 0x414F, 0x414F, 0x414F, 0x4170, 0x4170, 0x4170, 0x4170, 0x4971, 0x4991, 0x4991,
    0x4991, 0x4991, 0x4991, 0x4992, 0x4992, 0x4992, 0x4992, 0x4992, 0x49B2, 0x49B2, 0x49B2, 0x49B2, 0x51B2, 0x51B2, 0x51B3, 0x51B3,
    0x4993, 0x4993, 0x4993, 0x4993, 0x4993, 0x4993, 0x4993, 0x4993, 0x4973, 0x4972, 0x4972, 0x4972, 0x4972, 0x4972, 0x4972, 0x4951,
    0x4151, 0x4151, 0x4151, 0x4151, 0x4150, 0x4130, 0x4130, 0x4130, 0x412F, 0x392F, 0x390F, 0x390F, 0x390E, 0x390E, 0x390E, 0x38ED,
    0x30ED, 0x30ED, 0x30ED, 0x30CC, 0x30CC, 0x30CC, 0x28CB, 0x28CB, 0x28AB, 0x28AA, 0x28AA, 0x28AA, 0x2889, 0x2089, 0x2089, 0x2088,
    0x2088, 0x2068, 0x2067, 0x1867, 0x1867, 0x1847, 0x1846, 0x1846, 0x1846, 0x1845, 0x394F, 0x414F, 0x414F, 0x4170, 0x4170, 0x4170,
    0x4170, 0x4991, 0x4991, 0x4991, 0x4991, 0x4991, 0x4991, 0x49B2, 0x49B2, 0x49B2, 0x49B2, 0x51B2, 0x51B2, 0x51B2, 0x51B3, 0x51B3,
    0x51B3, 0x51B3, 0x51B3, 0x51B3, 0x51B3, 0x51B3, 0x51B3, 0x51B3, 0x51B3, 0x51B3, 0x5193, 0x5193, 0x5193, 0x4993, 0x4993, 0x4993,
    0x4993, 0x4973, 0x4973, 0x4972, 0x4972, 0x4972, 0x4972, 0x4972, 0x4151, 0x4151, 0x4151, 0x4151, 0x4150, 0x4130, 0x4130, 0x4130,
    0x412F, 0x390F, 0x390F, 0x390E, 0x390E, 0x390E, 0x390E, 0x30ED, 0x30ED, 0x30ED, 0x30EC, 0x30CC, 0x30CC, 0x30CB, 0x28CB, 0x28AB,
    0x28AA, 0x28AA, 0x288A, 0x2889, 0x2089, 0x2089, 0x2088, 0x2068, 0x2068, 0x2067, 0x1867, 0x1867, 0x1846, 0x1846, 0x1846, 0x1846,
    0x414F, 0x4170, 0x4170, 0x4170, 0x4170, 0x4991, 0x4991, 0x4991, 0x4991, 0x4991, 0x49B2, 0x49B2, 0x49B2, 0x51B2, 0x51B2, 0x51B2,
    0x51B3, 0x51D3, 0x51D3, 0x51D3, 0x51D3, 0x51D3, 0x51D3, 0x51D3, 0x51D3, 0x51D3, 0x51D3, 0x51D3, 0x51D3, 0x51B3, 0x51B4, 0x51B3,
    0x51B3, 0x51B3, 0x51B3, 0x51B3, 0x5193, 0x5193, 0x5193, 0x4993, 0x4993, 0x4993, 0x4973, 0x4972, 0x4972, 0x4972, 0x4972, 0x4952,
    0x4151, 0x4151, 0x4151, 0x4151, 0x4150, 0x4130, 0x4130, 0x412F, 0x392F, 0x390F, 0x390F, 0x390E, 0x390E, 0x38EE, 0x38ED, 0x30ED,
    0x30ED, 0x30CC, 0x30CC, 0x30CC, 0x30CB, 0x28AB, 0x28AB, 0x28AA, 0x28AA, 0x28AA, 0x2889, 0x2089, 0x2089, 0x2088, 0x2068, 0x2068,
    0x2067, 0x1867, 0x1847, 0x1846, 0x1846, 0x1846, 0x4170, 0x4170, 0x4170, 0x4991, 0x4991, 0x4991, 0x4991, 0x49B1, 0x49B2, 0x49B2,
    0x51B2, 0x51B2, 0x51D2, 0x51D3, 0x51D3, 0x51D3, 0x51D3, 0x51D3, 0x51D3, 0x51D3, 0x51D3, 0x51D4, 0x51D4, 0x51D4, 0x51D4, 0x51D4,
    0x51D4, 0x51D4, 0x51D4, 0x51D4, 0x51D4, 0x51D4, 0x51D4, 0x51B4, 0x51B4, 0x51B4, 0x51B4, 0x51B4, 0x51B4, 0x5193, 0x5193, 0x5193,
    0x5193, 0x4993, 0x4973, 0x4973, 0x4972, 0x4972, 0x4972, 0x4952, 0x4151, 0x4151, 0x4151, 0x4150, 0x4130, 0x4130, 0x4130, 0x412F,
    0x390F, 0x390F, 0x390E, 0x390E, 0x38EE, 0x38ED, 0x30ED, 0x30ED, 0x30CC, 0x30CC, 0x30CC, 0x30CB, 0x28CB, 0x28AB, 0x28AA, 0x28AA,
    0x28AA, 0x2089, 0x2089, 0x2089, 0x2068, 0x2068, 0x2068, 0x1867, 0x1867, 0x1847, 0x1846, 0x1846, 0x4170, 0x4990, 0x4991, 0x4991,
    0x4991, 0x49B1, 0x49B2, 0x49B2, 0x51B2, 0x51D2, 0x51D2, 0x51D3, 0x51D3, 0x51D3, 0x51D3, 0x51F3, 0x51F3, 0x59F4, 0x59F4, 0x59F4,
    0x59F4, 0x59F4, 0x59F4, 0x59F4, 0x59F4, 0x59F4, 0x59F4, 0x59F4, 0x59F4, 0x59F4, 0x59D4, 0x59D4, 0x59D4, 0x59D4, 0x51D4, 0x51D4,
    0x51B4, 0x51B4, 0x51B4, 0x51B4, 0x51B4, 0x5194, 0x5194, 0x4973, 0x5193, 0x4973, 0x4973, 0x4973, 0x4972, 0x4972, 0x4952, 0x4951,
    0x4151, 0x4151, 0x4151, 0x4130, 0x4130, 0x4130, 0x412F, 0x392F, 0x390F, 0x390E, 0x390E, 0x390E, 0x38ED, 0x30ED, 0x30ED, 0x30CC,
    0x30CC, 0x30CC, 0x30CB, 0x28AB, 0x28AB, 0x28AA, 0x28AA, 0x288A, 0x2889, 0x2089, 0x2089, 0x2088, 0x2068, 0x2068, 0x2067, 0x1867,
    0x1847, 0x1846, 0x4991, 0x4991, 0x4991, 0x49B1, 0x49B2, 0x51B2, 0x51D2, 0x51D2, 0x51D3, 0x51D3, 0x51D3, 0x51F3, 0x51F3, 0x51F3,
    0x59F4, 0x59F4, 0x59F4, 0x59F4, 0x59F4, 0x5A14, 0x5A14, 0x5A15, 0x5A15, 0x59F5, 0x5A15, 0x59F5, 0x59F5, 0x59F5, 0x59F5, 0x59F5,
    0x59F5, 0x59F5, 0x59F5, 0x59F5, 0x59D5, 0x59D5, 0x59D5, 0x51D5, 0x51D4, 0x51B4, 0x51B4, 0x51B4, 0x59F4, 0x5A14, 0x5194, 0x5194,
    0x4993, 0x4973, 0x4973, 0x4972, 0x4972, 0x4972, 0x4952, 0x4951, 0x4151, 0x4151, 0x4130, 0x4130, 0x4130, 0x412F, 0x390F, 0x390F,
    0x390E, 0x390E, 0x38EE, 0x38ED, 0x30ED, 0x30ED, 0x30CC, 0x30CC, 0x30CC, 0x30CB, 0x28AB, 0x28AB, 0x28AA, 0x28AA, 0x288A, 0x2089,
    0x2089, 0x2089, 0x2068, 0x2068, 0x2068, 0x1867, 0x1847, 0x1846, 0x4991, 0x49B1, 0x49B2, 0x49B2, 0x51B2, 0x51D2, 0x51D3, 0x51D3,
    0x51D3, 0x51F3, 0x51F3, 0x59F4, 0x59F4, 0x59F4, 0x5A14, 0x5A14, 0x5A14, 0x5A15, 0x5A15, 0x5A15, 0x5A15, 0x5A15, 0x5A15, 0x5A15,
    0x5A15, 0x5A15, 0x5A15, 0x5A15, 0x5A15, 0x5A15, 0x5A15, 0x59F5, 0x59F5, 0x59F5, 0x59F5, 0x59F5, 0x59D5, 0x59D5, 0x59D5, 0x59D5,
    0x59D5, 0x40D3, 0x9C58, 0x9C78, 0x38B3, 0x5194, 0x5194, 0x5193, 0x4993, 0x4973, 0x4973, 0x4972, 0x4972, 0x4952, 0x4951, 0x4151,
    0x4151, 0x4150, 0x4130, 0x4130, 0x4130, 0x392F, 0x390F, 0x390E, 0x390E, 0x38EE, 0x38ED, 0x30ED, 0x30ED, 0x30CC, 0x30CC, 0x30CC,
    0x28CB, 0x28AB, 0x28AB, 0x28AA, 0x28AA, 0x288A, 0x2089, 0x2089, 0x2088, 0x2068, 0x2068, 0x2067, 0x1867, 0x1847, 0x49B1, 0x49B2,
    0x51B2, 0x51D2, 0x51D2, 0x51D3, 0x51F3, 0x51F3, 0x59F3, 0x59F4, 0x5A14, 0x5A14, 0x5A14, 0x5A14, 0x5A15, 0x5A15, 0x5A15, 0x5A35,
    0x6235, 0x6235, 0x6235, 0x6235, 0x6235, 0x6235, 0x6236, 0x6236, 0x6236, 0x6216, 0x6216, 0x6216, 0x6216, 0x5A16, 0x5A16, 0x5A15,
    0x59F5, 0x59F5, 0x59F5, 0x59F5, 0x59F5, 0x59D5, 0x59F5, 0x9C78, 0xE71C, 0xE71C, 0x9C78, 0x59D5, 0x5194, 0x5194, 0x5194, 0x5193,
    0x4973, 0x4973, 0x4972, 0x4972, 0x4952, 0x4951, 0x4151, 0x4151, 0x4131, 0x4130, 0x4130, 0x4130, 0x390F, 0x390F, 0x390E, 0x390E,
    0x38EE, 0x38ED, 0x30ED, 0x30ED, 0x30CC, 0x30CC, 0x30CC, 0x28CB, 0x28AB, 0x28AA, 0x28AA, 0x288A, 0x2889, 0x2089, 0x2089, 0x2068,
    0x2068, 0x2068, 0x2067, 0x1867, 0x49B2, 0x51D2, 0x51D2, 0x51D3, 0x51F3, 0x51F3, 0x59F3, 0x59F4, 0x5A14, 0x5A14, 0x5A14, 0x5A15,
    0x5A15, 0x5A35, 0x6235, 0x6235, 0x6235, 0x6235, 0x6236, 0x6236, 0x6236, 0x6236, 0x6236, 0x6236, 0x6236, 0x6236, 0x6236, 0x6236,
    0x6236, 0x6236, 0x6236, 0x6236, 0x6216, 0x6216, 0x6216, 0x5A16, 0x59F6, 0x59F6, 0x59F6, 0x59F5, 0x5A16, 0x8397, 0xD69C, 0xD6BC,
    0x8377, 0x59D5, 0x5195, 0x5194, 0x5194, 0x5194, 0x5193, 0x4973, 0x4973, 0x4973, 0x4972, 0x4952, 0x4952, 0x4151, 0x4151, 0x4151,
    0x4130, 0x4130, 0x4130, 0x390F, 0x390F, 0x390E, 0x390E, 0x38EE, 0x38ED, 0x30ED, 0x30CD, 0x30CC, 0x30CC, 0x30CC, 0x28AB, 0x28AB,
    0x28AA, 0x28AA, 0x288A, 0x2889, 0x2089, 0x2069, 0x2068, 0x2068, 0x2068, 0x1867, 0x51D2, 0x51D3, 0x51D3, 0x51F3, 0x59F3, 0x59F4,
    0x5A14, 0x5A14, 0x5A14, 0x5A35, 0x5A35, 0x6235, 0x6235, 0x6235, 0x6235, 0x6256, 0x6256, 0x6256, 0x6256, 0x6256, 0x6256, 0x6256,
    0x6256, 0x6256, 0x6256, 0x6256, 0x6256, 0x6256, 0x6236, 0x6236, 0x6236, 0x6236, 0x6236, 0x6236, 0x6216, 0x6216, 0x6216, 0x6216,
    0x59F6, 0x59F6, 0x59F6, 0x4114, 0x8BD8, 0x9418, 0x40F4, 0x59D5, 0x51B5, 0x51B5, 0x51B5, 0x5194, 0x5194, 0x5194, 0x5193, 0x4973,
    0x4973, 0x4972, 0x4972, 0x4952, 0x4951, 0x4151, 0x4131, 0x4130, 0x4130, 0x4130, 0x390F, 0x390F, 0x390E, 0x38EE, 0x38EE, 0x38ED,
    0x30ED, 0x30CD, 0x30CC, 0x30CC, 0x30CB, 0x28AB, 0x28AB, 0x28AA, 0x288A, 0x288A, 0x2089, 0x2089, 0x2088, 0x2068, 0x2068, 0x2067,
    0x51D3, 0x51F3, 0x51F3, 0x59F3, 0x5A14, 0x5A14, 0x5A14, 0x5A35, 0x5A35, 0x6235, 0x6235, 0x6255, 0x6256, 0x6256, 0x6256, 0x6256,
    0x6256, 0x6256, 0x6A56, 0x6A76, 0x6A76, 0x6A77, 0x6A77, 0x6A77, 0x6A57, 0x6A57, 0x6A57, 0x6A57, 0x6A57, 0x6A57, 0x6257, 0x6237,
    0x6237, 0x6237, 0x6237, 0x6237, 0x6216, 0x6216, 0x6216, 0x6216, 0x59F6, 0x6216, 0x6A77, 0x6A77, 0x6216, 0x59B5, 0x59D5, 0x51B5,
    0x51B5, 0x5195, 0x5194, 0x5194, 0x5194, 0x5173, 0x4973, 0x4973, 0x4972, 0x4952, 0x4952, 0x4151, 0x4151, 0x4131, 0x4130, 0x4130,
    0x412F, 0x390F, 0x390F, 0x390E, 0x390E, 0x38EE, 0x30ED, 0x30ED, 0x30CC, 0x30CC, 0x30CC, 0x30AB, 0x28AB, 0x28AB, 0x28AA, 0x28AA,
    0x2889, 0x2089, 0x2089, 0x2068, 0x2068, 0x2068, 0x51F3, 0x59F3, 0x59F4, 0x5A14, 0x5A14, 0x5A34, 0x5A35, 0x6235, 0x6235, 0x6255,
    0x6256, 0x6256, 0x6256, 0x6276, 0x6A76, 0x6A76, 0x6A77, 0x6A77, 0x6A77, 0x6A77, 0x6A77, 0x6A77, 0x6A77, 0x6A77, 0x6A77, 0x6A77,
    0x6A77, 0x6A77, 0x6A77, 0x6A57, 0x6A57, 0x6A57, 0x6A57, 0x6257, 0x6237, 0x6237, 0x6237, 0x6237, 0x6237, 0x6216, 0x6216, 0x7297,
    0x61F6, 0x59F6, 0x6A77, 0x61F6, 0x59B5, 0x59D5, 0x59B5, 0x51B5, 0x51B5, 0x5194, 0x5194, 0x5194, 0x5193, 0x4973, 0x4973, 0x4972,
    0x4952, 0x4952, 0x4951, 0x4151, 0x4131, 0x4130, 0x4130, 0x412F, 0x390F, 0x390F, 0x390E, 0x38EE, 0x38EE, 0x30ED, 0x30ED, 0x30CC,
    0x30CC, 0x30CC, 0x28AB, 0x28AB, 0x28AA, 0x28AA, 0x288A, 0x2889, 0x2089, 0x2069, 0x2068, 0x2068, 0x59F3, 0x5A14, 0x5A14, 0x5A14,
    0x5A35, 0x6235, 0x6255, 0x6255, 0x6256, 0x6256, 0x6256, 0x6A76, 0x6A76, 0x6A77, 0x6A77, 0x6A77, 0x6A97, 0x6A97, 0x6A97, 0x6A97,
    0x6A97, 0x6A97, 0x6A97, 0x6A98, 0x6A98, 0x6A98, 0x6A78, 0x6A78, 0x6A78, 0x6A77, 0x6A77, 0x6A77, 0x6A57, 0x6A57, 0x6A57, 0x6A57,
    0x6237, 0x6237, 0x6217, 0x6237, 0x72B8, 0x6217, 0x61F6, 0x61F6, 0x59F6, 0x6A77, 0x6216, 0x59B6, 0x59D6, 0x59B5, 0x51B5, 0x5195,
    0x5194, 0x5194, 0x5194, 0x5173, 0x4973, 0x4973, 0x4972, 0x4972, 0x4952, 0x4151, 0x4151, 0x4130, 0x4130, 0x4130, 0x410F, 0x390F,
    0x390F, 0x390E, 0x38EE, 0x38ED, 0x30ED, 0x30CD, 0x30CC, 0x30CC, 0x30CB, 0x28AB, 0x28AB, 0x28AA, 0x288A, 0x288A, 0x2089, 0x2089,
    0x2068, 0x2068, 0x5A14, 0x5A14, 0x5A34, 0x6235, 0x6235, 0x6255, 0x6256, 0x6256, 0x6276, 0x6A76, 0x6A76, 0x6A77, 0x6A77, 0x6A97,
    0x6A97, 0x6A97, 0x6A97, 0x6A97, 0x6A98, 0x7298, 0x7298, 0x7298, 0x7298, 0x7298, 0x7298, 0x7298, 0x6A98, 0x6A98, 0x6A98, 0x6A78,
    0x6A78, 0x6A78, 0x6A78, 0x6A78, 0x6A58, 0x6A57, 0x6A57, 0x6237, 0x6A57, 0x72B8, 0x6237, 0x6217, 0x6217, 0x6217, 0x61F6, 0x59F6,
    0x6A77, 0x61F6, 0x59B6, 0x59D6, 0x59B5, 0x51B5, 0x51B5, 0x5194, 0x5194, 0x5194, 0x5173, 0x4973, 0x4973, 0x4972, 0x4952, 0x4952,
    0x4151, 0x4151, 0x4130, 0x4130, 0x4130, 0x390F, 0x390F, 0x390E, 0x38EE, 0x38EE, 0x38ED, 0x30CD, 0x30CC, 0x30CC, 0x30CC, 0x28AB,
    0x28AB, 0x28AB, 0x28AA, 0x288A, 0x2889, 0x2089, 0x2069, 0x2068, 0x5A14, 0x5A35, 0x6235, 0x6235, 0x6255, 0x6256, 0x6276, 0x6A76,
    0x6A76, 0x6A77, 0x6A97, 0x6A97, 0x6A97, 0x6A97, 0x6AB8, 0x72B8, 0x72B8, 0x72B8, 0x72B8, 0x72B8, 0x72B8, 0x72B8, 0x72B8, 0x72B8,
    0x72B8, 0x72B8, 0x72B8, 0x7298, 0x7298, 0x7298, 0x6A98, 0x6A98, 0x6A78, 0x6A78, 0x6A78, 0x6A78, 0x6A58, 0x6A78, 0x7AD8, 0x6A57,
    0x6237, 0x6237, 0x6217, 0x6217, 0x6217, 0x61F7, 0x59F6, 0x6A77, 0x61F6, 0x59B6, 0x59D6, 0x59B5, 0x51B5, 0x51B5, 0x5194, 0x5194,
    0x5194, 0x5173, 0x4973, 0x4973, 0x4972, 0x4952, 0x4951, 0x4151, 0x4131, 0x4130, 0x4130, 0x4130, 0x390F, 0x390F, 0x390E, 0x38EE,
    0x38EE, 0x30ED, 0x30ED, 0x30CC, 0x30CC, 0x30CC, 0x28AB, 0x28AB, 0x28AA, 0x288A, 0x288A, 0x2089, 0x2089, 0x2068, 0x5A35, 0x6235,
    0x6255, 0x6255, 0x6256, 0x6276, 0x6A76, 0x6A77, 0x6A97, 0x6A97, 0x6A97, 0x6AB7, 0x72B8, 0x72B8, 0x72B8, 0x72B8, 0x72B8, 0x72B8,
    0x72B8, 0x72D8, 0x72D9, 0x72D9, 0x72D9, 0x72B9, 0x72B9, 0x72B9, 0x72B9, 0x72B9, 0x72B9, 0x72B9, 0x7299, 0x7298, 0x7298, 0x6A98,
    0x6A78, 0x6A78, 0x6A78, 0x7AF9, 0x6A58, 0x6A38, 0x6A58, 0x6237, 0x6237, 0x6217, 0x6217, 0x6217, 0x61F7, 0x59F7, 0x6A77, 0x61F6,
    0x59B6, 0x59B6, 0x59B5, 0x51B5, 0x5195, 0x5194, 0x5194, 0x5194, 0x5173, 0x4973, 0x4973, 0x4972, 0x4952, 0x4951, 0x4151, 0x4131,
    0x4130, 0x4130, 0x410F, 0x390F, 0x390F, 0x38EE, 0x38EE, 0x38ED, 0x30ED, 0x30CD, 0x30CC, 0x30CC, 0x30CB, 0x28AB, 0x28AB, 0x28AA,
    0x288A, 0x2889, 0x2089, 0x2089, 0x6235, 0x6255, 0x6256, 0x6256, 0x6A76, 0x6A76, 0x6A97, 0x6A97, 0x6A97, 0x6AB7, 0x72B8, 0x72B8,
    0x72B8, 0x72D8, 0x72D8, 0x72D8, 0x72D9, 0x72D9, 0x72D9, 0x72D9, 0x72D9, 0x72D9, 0x72D9, 0x72D9, 0x72D9, 0x72D9, 0x72D9, 0x72B9,
    0x72B9, 0x72B9, 0x72B9, 0x72B9, 0x7299, 0x7299, 0x6A78, 0x7298, 0x7B19, 0x6A78, 0x6A58, 0x6A58, 0x6A58, 0x6A38, 0x6237, 0x6237,
    0x6217, 0x6217, 0x6217, 0x61F7, 0x59F7, 0x6A77, 0x61F6, 0x59B6, 0x59B6, 0x59B5, 0x51B5, 0x51B5, 0x5194, 0x5194, 0x5174, 0x4973,
    0x4973, 0x4972, 0x4952, 0x4952, 0x4151, 0x4151, 0x4130, 0x4130, 0x4130, 0x390F, 0x390F, 0x390E, 0x38EE, 0x38EE, 0x30ED, 0x30CD,
    0x30CC, 0x30CC, 0x30CC, 0x28AB, 0x28AB, 0x28AA, 0x288A, 0x288A, 0x2089, 0x2089, 0x6255, 0x6256, 0x6276, 0x6A76, 0x6A76, 0x6A97,
    0x6A97, 0x6AB7, 0x72B7, 0x72B8, 0x72D8, 0x72D8, 0x72D8, 0x72D9, 0x72D9, 0x72F9, 0x7AF9, 0x7AF9, 0x7AF9, 0x7AF9, 0x7AF9, 0x7AF9,
    0x7AF9, 0x7AF9, 0x7AD9, 0x7AD9, 0x7AD9, 0x7AD9, 0x72D9, 0x72D9, 0x72B9, 0x72B9, 0x72B9, 0x7299, 0x72B9, 0x7B19, 0x7299, 0x6A78,
    0x6A78, 0x6A78, 0x6A58, 0x6A58, 0x6A38, 0x6238, 0x6237, 0x6217, 0x6217, 0x61F7, 0x61F7, 0x59F7, 0x6A77, 0x61F7, 0x59B6, 0x59B6,
    0x59B5, 0x51B5, 0x5195, 0x5194, 0x5194, 0x5173, 0x4973, 0x4973, 0x4952, 0x4952, 0x4952, 0x4151, 0x4131, 0x4130, 0x4130, 0x4130,
    0x390F, 0x390F, 0x38EE, 0x38EE, 0x38ED, 0x30ED, 0x30CD, 0x30CC, 0x30CC, 0x30AB, 0x28AB, 0x28AB, 0x28AA, 0x288A, 0x2889, 0x2089,
    0x6256, 0x6276, 0x6A76, 0x6A77, 0x6A97, 0x6A97, 0x72B7, 0x72B8, 0x72B8, 0x72D8, 0x72D8, 0x72D9, 0x72F9, 0x7AF9, 0x7AF9, 0x7AF9,
    0x7AF9, 0x7AF9, 0x7AFA, 0x7AFA, 0x7AFA, 0x7AFA, 0x7AFA, 0x7AFA, 0x7AFA, 0x7AFA, 0x7AFA, 0x7ADA, 0x7ADA, 0x7AD9, 0x72D9, 0x72D9,
    0x72B9, 0x72D9, 0x833A, 0x72B9, 0x7299, 0x7299, 0x6A78, 0x6A78, 0x6A58, 0x6A58, 0x6A58, 0x6A38, 0x6238, 0x6217, 0x6217, 0x6217,
    0x61F7, 0x61F7, 0x59D7, 0x6A77, 0x61F7, 0x59B6, 0x59B6, 0x51B5, 0x5195, 0x5194, 0x5194, 0x5194, 0x5173, 0x4973, 0x4973, 0x4952,
    0x4952, 0x4951, 0x4131, 0x4131, 0x4130, 0x4130, 0x410F, 0x390F, 0x390E, 0x38EE, 0x38EE, 0x30ED, 0x30CD, 0x30CC, 0x30CC, 0x30AC,
    0x28AB, 0x28AB, 0x28AA, 0x288A, 0x288A, 0x2089, 0x6276, 0x6A76, 0x6A97, 0x6A97, 0x6A97, 0x72B7, 0x72B8, 0x72D8, 0x72D8, 0x72D8,
    0x7AF9, 0x7AF9, 0x7AF9, 0x7AF9, 0x7B19, 0x7B1A, 0x7B1A, 0x7B1A, 0x7B1A, 0x7B1A, 0x7B1A, 0x7B1A, 0x7B1A, 0x7B1A, 0x7B1A, 0x7AFA,
    0x7AFA, 0x7AFA, 0x7AFA, 0x7AFA, 0x7ADA, 0x72BA, 0x7ADA, 0x833A, 0x72B9, 0x7299, 0x7299, 0x7299, 0x7299, 0x6A79, 0x6A78, 0x6A58,
    0x6A58, 0x6A58, 0x6A38, 0x6238, 0x6217, 0x6217, 0x6217, 0x61F7, 0x59F7, 0x59D7, 0x6A78, 0x61F7, 0x59B6, 0x59B6, 0x51B5, 0x5195,
    0x5194, 0x5194, 0x5194, 0x4973, 0x4973, 0x4972, 0x4952, 0x4952, 0x4151, 0x4131, 0x4130, 0x4130, 0x4110, 0x390F, 0x390F, 0x390E,
    0x38EE, 0x38ED, 0x30ED, 0x30CD, 0x30CC, 0x30CC, 0x28AB, 0x28AB, 0x28AB, 0x288A, 0x288A, 0x2889, 0x6A76, 0x6A97, 0x6A97, 0x6AB7,
    0x72B8, 0x72B8, 0x72D8, 0x72D8, 0x72F9, 0x7AF9, 0x7AF9, 0x7B19, 0x7B19, 0x7B1A, 0x7B1A, 0x7B1A, 0x831A, 0x831A, 0x833A, 0x833A,
    0x833A, 0x833A, 0x831A, 0x831A, 0x7B1A, 0x7B1A, 0x7B1A, 0x7AFA, 0x7AFA, 0x7AFA, 0x7ADA, 0x7AFA, 0x835A, 0x7ADA, 0x72B9, 0x72B9,
    0x72B9, 0x7299, 0x7299, 0x7299, 0x6A79, 0x6A78, 0x6A58, 0x6A58, 0x6A58, 0x6A38, 0x6238, 0x6217, 0x6217, 0x6217, 0x61F7, 0x59D7,
    0x59D7, 0x6A77, 0x59F6, 0x51B6, 0x59B5, 0x51B5, 0x5195, 0x5194, 0x5194, 0x5173, 0x4973, 0x4973, 0x4952, 0x4952, 0x4951, 0x4151,
    0x4131, 0x4130, 0x4110, 0x410F, 0x390F, 0x390E, 0x38EE, 0x38EE, 0x38ED, 0x30CD, 0x30CC, 0x30CC, 0x30CC, 0x28AB, 0x28AB, 0x288A,
    0x288A, 0x2889, 0x6A97, 0x6A97, 0x6AB7, 0x72B8, 0x72B8, 0x72D8, 0x72D8, 0x7AF9, 0x7AF9, 0x7AF9, 0x7B19, 0x7B1A, 0x7B1A, 0x831A,
    0x833A, 0x833A, 0x833A, 0x833A, 0x833B, 0x833B, 0x833B, 0x833B, 0x833B, 0x833B, 0x833B, 0x831A, 0x831A, 0x7B1A, 0x7B1A, 0x7AFA,
    0x7B1A, 0x8B7B, 0x7AFA, 0x7ADA, 0x7ADA, 0x72B9, 0x72B9, 0x7299, 0x7299, 0x7299, 0x7279, 0x6A79, 0x6A78, 0x6A58, 0x6A58, 0x6A38,
    0x6238, 0x6218, 0x6217, 0x6217, 0x61F7, 0x61F7, 0x59D7, 0x59D7, 0x6A77, 0x59F6, 0x5195, 0x59B5, 0x5195, 0x5194, 0x5194, 0x5174,
    0x4973, 0x4973, 0x4972, 0x4952, 0x4952, 0x4151, 0x4131, 0x4130, 0x4130, 0x4110, 0x390F, 0x390F, 0x38EE, 0x38EE, 0x38ED, 0x30CD,
    0x30CD, 0x30CC, 0x30CC, 0x30AB, 0x28AB, 0x28AA, 0x288A, 0x288A, 0x6A97, 0x6AB7, 0x72B8, 0x72B8, 0x72D8, 0x72D8, 0x7AF9, 0x7AF9,
    0x7B19, 0x7B1A, 0x7B1A, 0x833A, 0x833A, 0x833A, 0x833A, 0x835B, 0x835B, 0x835B, 0x835B, 0x835B, 0x835B, 0x833B, 0x833B, 0x833B,
    0x833B, 0x833B, 0x833B, 0x831B, 0x7B1A, 0x831B, 0x8B7B, 0x7AFA, 0x7ADA, 0x7ADA, 0x7ADA, 0x72BA, 0x72B9, 0x72B9, 0x7299, 0x7299,
    0x7279, 0x6A79, 0x6A78, 0x6A58, 0x6A58, 0x6A58, 0x6A38, 0x6238, 0x6217, 0x6217, 0x61F7, 0x61F7, 0x59F7, 0x59D7, 0x59D6, 0x6A77,
    0x59F6, 0x5195, 0x51B5, 0x5195, 0x5194, 0x5194, 0x5173, 0x4973, 0x4973, 0x4952, 0x4952, 0x4951, 0x4131, 0x4131, 0x4130, 0x4130,
    0x390F, 0x390F, 0x38EE, 0x38EE, 0x38EE, 0x30ED, 0x30CD, 0x30CC, 0x30CC, 0x30AB, 0x28AB, 0x28AB, 0x28AA, 0x288A, 0x6A97, 0x72B8,
    0x72D8, 0x72D8, 0x72D8, 0x7AF9, 0x7AF9, 0x7B19, 0x7B1A, 0x833A, 0x833A, 0x833A, 0x833A, 0x835B, 0x835B, 0x835B, 0x835B, 0x835B,
    0x835B, 0x835B, 0x835B, 0x835B, 0x835B, 0x835B, 0x835B, 0x833B, 0x833B, 0x831B, 0x833B, 0x8B9B, 0x831A, 0x7AFA, 0x7AFA, 0x7ADA,
    0x7ADA, 0x7ADA, 0x72BA, 0x72B9, 0x72B9, 0x7299, 0x7299, 0x7279, 0x6A79, 0x6A78, 0x6A58, 0x6A58, 0x6A38, 0x6238, 0x6218, 0x6217,
    0x61F7, 0x61F7, 0x59F7, 0x59D7, 0x59D7, 0x59B6, 0x6A57, 0x59D6, 0x5195, 0x51B5, 0x5194, 0x5194, 0x5174, 0x4973, 0x4973, 0x4952,
    0x4952, 0x4952, 0x4131, 0x4131, 0x4130, 0x4130, 0x410F, 0x390F, 0x390F, 0x38EE, 0x38EE, 0x38ED, 0x30CD, 0x30CD, 0x30CC, 0x30AC,
    0x30AB, 0x28AB, 0x28AA, 0x288A, 0x72B8, 0x72B8, 0x72D8, 0x72D9, 0x7AF9, 0x7AF9, 0x7B19, 0x7B1A, 0x833A, 0x833A, 0x833A, 0x835B,
    0x835B, 0x835B, 0x835B, 0x8B7B, 0x8B7B, 0x8B7B, 0x8B7B, 0x8B7B, 0x8B7B, 0x8B7B, 0x835B, 0x835B, 0x835B, 0x835B, 0x833B, 0x835B,
    0x8BBB, 0x833B, 0x7B1A, 0x7B1A, 0x7AFA, 0x7AFA, 0x7ADA, 0x7ADA, 0x72DA, 0x72B9, 0x72B9, 0x7299, 0x7299, 0x7279, 0x6A79, 0x6A78,
    0x6A58, 0x6A58, 0x6A38, 0x6238, 0x6238, 0x6217, 0x6217, 0x61F7, 0x61F7, 0x59D7, 0x59D7, 0x59B6, 0x59B6, 0x6A57, 0x59D5, 0x5195,
    0x5194, 0x5194, 0x5194, 0x5173, 0x4973, 0x4973, 0x4952, 0x4952, 0x4951, 0x4131, 0x4130, 0x4130, 0x4110, 0x390F, 0x390F, 0x390E,
    0x38EE, 0x38ED, 0x30CD, 0x30CD, 0x30CC, 0x30AC, 0x30AB, 0x28AB, 0x28AB, 0x288A, 0x72B8, 0x72D8, 0x72D8, 0x7AF9, 0x7AF9, 0x7B19,
    0x7B1A, 0x833A, 0x833A, 0x835A, 0x835B, 0x835B, 0x8B7B, 0x8B7B, 0x8B7B, 0x8B7B, 0x8B7C, 0x8B7C, 0x8B7C, 0x8B7C, 0x8B7C, 0x8B7C,
    0x8B7C, 0x8B7C, 0x8B5B, 0x835B, 0x835B, 0x93BC, 0x833B, 0x831B, 0x831B, 0x7B1A, 0x7AFA, 0x7AFA, 0x7AFA, 0x7ADA, 0x7ADA, 0x72B9,
    0x72B9, 0x7299, 0x7299, 0x7299, 0x6A79, 0x6A78, 0x6A58, 0x6A58, 0x6A38, 0x6A38, 0x6238, 0x6217, 0x6217, 0x61F7, 0x61F7, 0x59D7,
    0x59D7, 0x59D6, 0x59B6, 0x59B6, 0x6A56, 0x59D5, 0x5194, 0x5194, 0x5194, 0x5173, 0x4973, 0x4973, 0x4952, 0x4952, 0x4951, 0x4151,
    0x4131, 0x4130, 0x4110, 0x390F, 0x390F, 0x390F, 0x38EE, 0x38EE, 0x30ED, 0x30CD, 0x30CC, 0x30AC, 0x30AC, 0x28AB, 0x28AB, 0x288A,
    0x72B8, 0x72D8, 0x7AF9, 0x7AF9, 0x7B19, 0x7B1A, 0x833A, 0x833A, 0x835A, 0x835B, 0x837B, 0x8B7B, 0x8B7B, 0x8B7C, 0x8B9C, 0x8B9C,
    0x8B9C, 0x8B9C, 0x8B9C, 0x8B9C, 0x8B9C, 0x8B7C, 0x8B7C, 0x8B7C, 0x8B5C, 0x8B7C, 0x93DC, 0x835B, 0x833B, 0x833B, 0x831B, 0x7B1B,
    0x7B1A, 0x7AFA, 0x7AFA, 0x7ADA, 0x7ADA, 0x72BA, 0x72B9, 0x72B9, 0x7299, 0x7299, 0x7279, 0x6A79, 0x6A58, 0x6A58, 0x6A58, 0x6A38,
    0x6238, 0x6218, 0x6217, 0x61F7, 0x61F7, 0x59F7, 0x59D7, 0x59D6, 0x59B6, 0x59B6, 0x59B5, 0x6A56, 0x59D5, 0x5174, 0x5194, 0x5173,
    0x4973, 0x4973, 0x4952, 0x4952, 0x4952, 0x4151, 0x4131, 0x4130, 0x4110, 0x410F, 0x390F, 0x390F, 0x38EE, 0x38EE, 0x38ED, 0x30CD,
    0x30CC, 0x30CC, 0x30AC, 0x28AB, 0x28AB, 0x288A, 0x72D8, 0x72D9, 0x7AF9, 0x7B19, 0x7B1A, 0x831A, 0x833A, 0x835A, 0x835B, 0x835B,
    0x8B7B, 0x8B7C, 0x8B9C, 0x8B9C, 0x8B9C, 0x8B9C, 0x8BBC, 0x8BBC, 0x8B9C, 0x8B9C, 0x8B9C, 0x8B9C, 0x8B9C, 0x8B7C, 0x8B7C, 0x93DC,
    0x8B5B, 0x833B, 0x833B, 0x833B, 0x831B, 0x831B, 0x7B1A, 0x7AFA, 0x7AFA, 0x7ADA, 0x7ADA, 0x72DA, 0x72B9, 0x72B9, 0x7299, 0x7299,
    0x7279, 0x6A79, 0x6A78, 0x6A58, 0x6A58, 0x6A38, 0x6238, 0x6218, 0x6217, 0x61F7, 0x61F7, 0x59F7, 0x59D7, 0x59D6, 0x59B6, 0x59B6,
    0x51B5, 0x5195, 0x6236, 0x59B5, 0x5174, 0x5194, 0x4973, 0x4973, 0x4952, 0x4952, 0x4952, 0x4151, 0x4131, 0x4130, 0x4130, 0x4110,
    0x390F, 0x390F, 0x38EE, 0x38EE, 0x38ED, 0x30CD, 0x30CD, 0x30CC, 0x30AC, 0x30AB, 0x28AB, 0x288A, 0x72D9, 0x7AF9, 0x7AF9, 0x7B1A,
    0x7B1A, 0x833A, 0x833A, 0x835B, 0x835B, 0x8B7B, 0x8B7C, 0x8B9C, 0x8B9C, 0x8B9C, 0x93BC, 0x93BC, 0x93BC, 0x93BD, 0x93BC, 0x93BC,
    0x8B9C, 0x8B9C, 0x8B9C, 0x8B9C, 0x93FC, 0x8B7C, 0x835B, 0x835B, 0x835B, 0x833B, 0x833B, 0x831B, 0x7B1A, 0x7AFA, 0x7AFA, 0x7AFA,
    0x7ADA, 0x7ADA, 0x72B9, 0x72B9, 0x7299, 0x7299, 0x7299, 0x6A79, 0x6A78, 0x6A58, 0x6A58, 0x6A38, 0x6238, 0x6218, 0x6217, 0x6217,
    0x61F7, 0x61F7, 0x59D7, 0x59D6, 0x59B6, 0x59B6, 0x59B5, 0x5195, 0x5195, 0x6236, 0x51B4, 0x4973, 0x5173, 0x4973, 0x4972, 0x4952,
    0x4952, 0x4951, 0x4131, 0x4130, 0x4130, 0x4110, 0x410F, 0x390F, 0x38EE, 0x38EE, 0x38EE, 0x30CD, 0x30CD, 0x30CC, 0x30CC, 0x30AB,
    0x28AB, 0x288A, 0x72D9, 0x7AF9, 0x7B19, 0x7B1A, 0x833A, 0x833A, 0x835B, 0x835B, 0x8B7B, 0x8B7C, 0x8B9C, 0x8B9C, 0x8BBC, 0x93BC,
    0x93BD, 0x93BD, 0x93DD, 0x93BD, 0x93BD, 0x93BD, 0x93BC, 0x8B9C, 0x93BC, 0x9BFC, 0x8B9C, 0x8B7C, 0x8B7C, 0x835B, 0x835B, 0x833B,
    0x833B, 0x831B, 0x831B, 0x7B1A, 0x7AFA, 0x7AFA, 0x7ADA, 0x7ADA, 0x72BA, 0x72B9, 0x7299, 0x7299, 0x7299, 0x6A79, 0x6A78, 0x6A58,
    0x6A58, 0x6A38, 0x6A38, 0x6238, 0x6217, 0x6217, 0x61F7, 0x61F7, 0x59D7, 0x59D7, 0x59B6, 0x59B6, 0x59B5, 0x51B5, 0x5195, 0x5194,
    0x6235, 0x51B4, 0x4973, 0x4973, 0x4972, 0x4952, 0x4952, 0x4951, 0x4131, 0x4130, 0x4130, 0x4130, 0x410F, 0x390F, 0x38EF, 0x38EE,
    0x38EE, 0x30CD, 0x30CD, 0x30CC, 0x30CC, 0x30AC, 0x28AB, 0x28AB, 0x7AF9, 0x7AF9, 0x7B1A, 0x7B3A, 0x833A, 0x835B, 0x835B, 0x8B7B,
    0x8B7B, 0x8B9C, 0x8B9C, 0x8BBC, 0x93BC, 0x93BD, 0x93DD, 0x93DD, 0x93DD, 0x93DD, 0x93DD, 0x93BD, 0x93BD, 0x93BC, 0x9C1D, 0x8B9C,
    0x8B7C, 0x8B7C, 0x8B7C, 0x8B5B, 0x835B, 0x833B, 0x833B, 0x833B, 0x831B, 0x7B1A, 0x7AFA, 0x7AFA, 0x7ADA, 0x7ADA, 0x72BA, 0x72B9,
    0x72B9, 0x7299, 0x7299, 0x6A79, 0x6A79, 0x6A58, 0x6A58, 0x6A38, 0x6A38, 0x6238, 0x6217, 0x6217, 0x61F7, 0x61F7, 0x59D7, 0x59D7,
    0x59D6, 0x59B6, 0x59B6, 0x51B5, 0x5195, 0x5194, 0x5194, 0x6235, 0x51B4, 0x4953, 0x4973, 0x4952, 0x4952, 0x4951, 0x4131, 0x4131,
    0x4130, 0x4130, 0x410F, 0x390F, 0x390F, 0x38EE, 0x38EE, 0x30ED, 0x30CD, 0x30CC, 0x30CC, 0x30AC, 0x28AB, 0x28AB, 0x7AF9, 0x7AF9,
    0x7B1A, 0x833A, 0x833A, 0x835B, 0x835B, 0x8B7B, 0x8B7C, 0x8B9C, 0x8B9C, 0x93BC, 0x93DD, 0x93DD, 0x93DD, 0x93DD, 0x93DD, 0x93DD,
    0x93DD, 0x93BD, 0x93DD, 0x9C1D, 0x93BC, 0x8B9C, 0x8B9C, 0x8B7C, 0x8B7C, 0x8B5B, 0x835B, 0x835B, 0x833B, 0x833B, 0x831B, 0x7B1A,
    0x7AFA, 0x7AFA, 0x7ADA, 0x7ADA, 0x72DA, 0x72B9, 0x72B9, 0x7299, 0x7299, 0x7279, 0x6A79, 0x6A58, 0x6A58, 0x6A38, 0x6A38, 0x6238,
    0x6217, 0x6217, 0x61F7, 0x61F7, 0x59D7, 0x59D7, 0x59D6, 0x59B6, 0x59B6, 0x51B5, 0x5195, 0x5194, 0x5194, 0x5194, 0x6235, 0x5193,
    0x4952, 0x4972, 0x4952, 0x4951, 0x4131, 0x4131, 0x4130, 0x4130, 0x410F, 0x390F, 0x390F, 0x38EE, 0x38EE, 0x38ED, 0x30CD, 0x30CD,
    0x30CC, 0x30AC, 0x30AB, 0x28AB, 0x7AF9, 0x7B1A, 0x7B1A, 0x833A, 0x833B, 0x835B, 0x837B, 0x8B7B, 0x8B9C, 0x8B9C, 0x8BBC, 0x93BD,
    0x93DD, 0x93DD, 0x93DD, 0x93FD, 0x93FD, 0x93FD, 0x93DD, 0x93FD, 0x9C3D, 0x93BD, 0x8B9C, 0x8B9C, 0x8B9C, 0x8B7C, 0x8B7C, 0x8B5C,
    0x835B, 0x835B, 0x833B, 0x833B, 0x831B, 0x7B1A, 0x7AFA, 0x7AFA, 0x7ADA, 0x7ADA, 0x72DA, 0x72B9, 0x72B9, 0x7299, 0x7299, 0x7279,
    0x6A79, 0x6A58, 0x6A58, 0x6A58, 0x6A38, 0x6238, 0x6217, 0x6217, 0x61F7, 0x61F7, 0x59D7, 0x59D7, 0x59D6, 0x59B6, 0x59B6, 0x51B5,
    0x5195, 0x5194, 0x5194, 0x5174, 0x5173, 0x6214, 0x5193, 0x4952, 0x4952, 0x4951, 0x4131, 0x4131, 0x4130, 0x4130, 0x4110, 0x410F,
    0x390F, 0x38EE, 0x38EE, 0x38EE, 0x30CD, 0x30CD, 0x30CC, 0x30AC, 0x30AB, 0x28AB, 0x7AFA, 0x7B1A, 0x831A, 0x833A, 0x833B, 0x835B,
    0x8B7B, 0x8B7C, 0x8B9C, 0x8B9C, 0x93BC, 0x93BD, 0x93DD, 0x93DD, 0x93FD, 0x9BFD, 0x9BFD, 0x93FD, 0x9BFD, 0x9C3D, 0x93DD, 0x93BD,
    0x93BC, 0x8B9C, 0x8B9C, 0x8B7C, 0x8B7C, 0x8B7C, 0x835B, 0x835B, 0x833B, 0x833B, 0x831B, 0x7B1A, 0x7AFA, 0x7AFA, 0x7ADA, 0x7ADA,
    0x72DA, 0x72B9, 0x72B9, 0x7299, 0x7299, 0x7279, 0x6A79, 0x6A58, 0x6A58, 0x6A58, 0x6A38, 0x6238, 0x6217, 0x6217, 0x61F7, 0x61F7,
    0x59D7, 0x59D7, 0x59D6, 0x59B6, 0x59B6, 0x51B5, 0x5195, 0x5194, 0x5194, 0x5194, 0x4973, 0x4973, 0x5A14, 0x5193, 0x4932, 0x4951,
    0x4131, 0x4131, 0x4130, 0x4130, 0x4110, 0x410F, 0x390F, 0x38EE, 0x38EE, 0x38EE, 0x30CD, 0x30CD, 0x30CC, 0x30AC, 0x30AB, 0x28AB,
    0x7AFA, 0x7B1A, 0x833A, 0x833B, 0x835B, 0x835B, 0x8B7B, 0x8B7C, 0x8B9C, 0x8B9C, 0x93BC, 0x93BD, 0x93DD, 0x93DD, 0x93FD, 0x9BFD,
    0x9BFD, 0x9BFD, 0xA45D, 0x93DD, 0x93BD, 0x93BD, 0x93BC, 0x8B9C, 0x8B9C, 0x8B7C, 0x8B7C, 0x8B7C, 0x835B, 0x835B, 0x833B, 0x833B,
    0x831B, 0x7B1A, 0x7AFA, 0x7AFA, 0x7ADA, 0x7ADA, 0x72DA, 0x72B9, 0x72B9, 0x7299, 0x7299, 0x7279, 0x6A79, 0x6A58, 0x6A58, 0x6A58,
    0x6A38, 0x6238, 0x6217, 0x6217, 0x61F7, 0x61F7, 0x59D7, 0x59D7, 0x59D6, 0x59B6, 0x59B6, 0x51B5, 0x5195, 0x5194, 0x5194, 0x5194,
    0x5173, 0x4973, 0x4973, 0x5A14, 0x4992, 0x4131, 0x4951, 0x4131, 0x4130, 0x4130, 0x4110, 0x410F, 0x390F, 0x38EE, 0x38EE, 0x38EE,
    0x30ED, 0x30CD, 0x30CC, 0x30AC, 0x30AC, 0x28AB, 0x7AFA, 0x7B1A, 0x833A, 0x833B, 0x835B, 0x835B, 0x8B7B, 0x8B7C, 0x8B9C, 0x8B9C,
    0x93BC, 0x93BD, 0x93DD, 0x93DD, 0x93DD, 0x93DD, 0x9BFD, 0xA45D, 0x93FD, 0x93DD, 0x93DD, 0x93BD, 0x93BC, 0x8B9C, 0x8B9C, 0x8B7C,
    0x8B7C, 0x8B5C, 0x835B, 0x835B, 0x833B, 0x833B, 0x831B, 0x7B1A, 0x7AFA, 0x7AFA, 0x7ADA, 0x7ADA, 0x72DA, 0x72B9, 0x72B9, 0x7299,
    0x7299, 0x7279, 0x6A79, 0x6A58, 0x6A58, 0x6A58, 0x6A38, 0x6238, 0x6217, 0x6217, 0x61F7, 0x61F7, 0x59D7, 0x59D7, 0x59D6, 0x59B6,
    0x59B6, 0x51B5, 0x5195, 0x5194, 0x5194, 0x5194, 0x5173, 0x4973, 0x4953, 0x4952, 0x59F3, 0x4972, 0x4131, 0x4131, 0x4130, 0x4130,
    0x4110, 0x410F, 0x390F, 0x38EE, 0x38EE, 0x38EE, 0x30CD, 0x30CD, 0x30CC, 0x30AC, 0x30AC, 0x28AB, 0x7B1A, 0x7B1A, 0x833A, 0x833B,
    0x835B, 0x835B, 0x8B7C, 0x8B7C, 0x8B9C, 0x8B9C, 0x93BC, 0x93BD, 0x93BD, 0x93DD, 0x93DD, 0x93FD, 0xA45D, 0x93FD, 0x93DD, 0x93DD,
    0x93BD, 0x93BC, 0x8BBC, 0x8B9C, 0x8B9C, 0x8B7C, 0x8B7C, 0x8B5B, 0x835B, 0x835B, 0x833B, 0x833B, 0x831B, 0x7B1A, 0x7AFA, 0x7AFA,
    0x7ADA, 0x7ADA, 0x72DA, 0x72B9, 0x72B9, 0x7299, 0x7299, 0x7279, 0x6A79, 0x6A58, 0x6A58, 0x6A38, 0x6A38, 0x6238, 0x6217, 0x6217,
    0x61F7, 0x61F7, 0x59D7, 0x59D7, 0x59D6, 0x59B6, 0x59B6, 0x51B5, 0x5195, 0x5194, 0x5194, 0x5194, 0x5173, 0x4973, 0x4973, 0x4952,
    0x4952, 0x59F3, 0x4972, 0x4111, 0x4130, 0x4130, 0x4110, 0x390F, 0x390F, 0x38EE, 0x38EE, 0x38EE, 0x38CD, 0x30CD, 0x30CC, 0x30AC,
    0x30AC, 0x28AB, 0x7AFA, 0x7B1A, 0x833B, 0x833B, 0x835B, 0x835B, 0x8B7C, 0x8B7C, 0x8B9C, 0x8B9C, 0x8B9C, 0x93BC, 0x93BD, 0x93BD,
    0x93DD, 0x9C3D, 0x93DD, 0x93DD, 0x93DD, 0x93BD, 0x93BD, 0x93BC, 0x8B9C, 0x8B9C, 0x8B9C, 0x8B7C, 0x8B7C, 0x8B5B, 0x835B, 0x833B,
    0x833B, 0x833B, 0x831B, 0x7B1A, 0x7AFA, 0x7AFA, 0x7ADA, 0x7ADA, 0x72BA, 0x72B9, 0x72B9, 0x7299, 0x7299, 0x6A79, 0x6A79, 0x6A58,
    0x6A58, 0x6A38, 0x6A38, 0x6238, 0x6217, 0x6217, 0x61F7, 0x61F7, 0x59D7, 0x59D7, 0x59D6, 0x59B6, 0x59B6, 0x51B5, 0x5195, 0x5194,
    0x5194, 0x5174, 0x5173, 0x4973, 0x4973, 0x4952, 0x4952, 0x4951, 0x59F3, 0x4971, 0x4110, 0x4130, 0x4110, 0x390F, 0x390F, 0x38EE,
    0x38EE, 0x38EE, 0x38CD, 0x30CD, 0x30CC, 0x30CC, 0x30AC, 0x28AB, 0x7AFA, 0x7B1A, 0x833B, 0x833B, 0x835B, 0x835B, 0x8B7C, 0x8B7C,
    0x8B7C, 0x8B9C, 0x8B9C, 0x93BC, 0x8BBC, 0x93DD, 0x9C3D, 0x93DD, 0x93BD, 0x93BD, 0x93BD, 0x93BD, 0x93BC, 0x8B9C, 0x8B9C, 0x8B9C,
    0x8B7C, 0x8B7C, 0x8B5C, 0x835B, 0x835B, 0x833B, 0x833B, 0x831B, 0x831B, 0x7B1A, 0x7AFA, 0x7AFA, 0x7ADA, 0x7ADA, 0x72BA, 0x72B9,
    0x7299, 0x7299, 0x7299, 0x6A79, 0x6A78, 0x6A58, 0x6A58, 0x6A38, 0x6A38, 0x6238, 0x6217, 0x6217, 0x61F7, 0x61F7, 0x59D7, 0x59D7,
    0x59B6, 0x59B6, 0x59B5, 0x51B5, 0x5195, 0x5194, 0x5194, 0x5174, 0x5173, 0x4973, 0x4972, 0x4952, 0x4952, 0x4931, 0x4131, 0x59F2,
    0x4951, 0x4110, 0x4110, 0x390F, 0x390F, 0x38EE, 0x38EE, 0x38EE, 0x38CD, 0x30CD, 0x30CC, 0x30CC, 0x30AC, 0x28AB, 0x7AFA, 0x7B1A,
    0x831A, 0x833B, 0x835B, 0x835B, 0x8B5C, 0x8B7C, 0x8B7C, 0x8B7C, 0x8B9C, 0x8B9C, 0x93BC, 0x9C1D, 0x93BC, 0x93BC, 0x93BD, 0x93BC,
    0x93BC, 0x93BC, 0x8B9C, 0x8B9C, 0x8B9C, 0x8B9C, 0x8B9C, 0x8B7C, 0x8B7C, 0x835B, 0x835B, 0x833B, 0x833B, 0x831B, 0x7B1A, 0x7AFA,
    0x7AFA, 0x7AFA, 0x7ADA, 0x7ADA, 0x72B9, 0x72B9, 0x7299, 0x7299, 0x7299, 0x7299, 0x6A78, 0x6A78, 0x6A58, 0x6A58, 0x6238, 0x6218,
    0x6217, 0x6217, 0x6217, 0x61F7, 0x59D7, 0x59D6, 0x59B6, 0x59D6, 0x59D6, 0x59B5, 0x51B5, 0x5194, 0x5194, 0x5174, 0x4973, 0x4973,
    0x4972, 0x4952, 0x4952, 0x4951, 0x4131, 0x4131, 0x51D2, 0x4950, 0x390F, 0x410F, 0x390F, 0x38EE, 0x38EE, 0x38EE, 0x30CD, 0x30CD,
    0x30CC, 0x30CC, 0x30AC, 0x28AB, 0x7AFA, 0x7B1A, 0x831A, 0x833B, 0x833B, 0x835B, 0x835B, 0x8B7C, 0x8B7C, 0x8B7C, 0x8B7C, 0x8B9C,
    0x9C1D, 0x8BBC, 0x8B9C, 0x93BC, 0x8BBC, 0x8BBC, 0x8B9C, 0x8B9C, 0x8B9C, 0x8B9C, 0x8B7C, 0x8B7C, 0x831B, 0x7B1B, 0x7AFA, 0x833B,
    0x835B, 0x7B1B, 0x7ADA, 0x7AFA, 0x7B1A, 0x7AFA, 0x7AFA, 0x7AFA, 0x72B9, 0x6A79, 0x72B9, 0x72B9, 0x7299, 0x7299, 0x6238, 0x6218,
    0x6A78, 0x6218, 0x59D7, 0x6218, 0x6238, 0x6238, 0x61F7, 0x5196, 0x5196, 0x5196, 0x59D7, 0x59D6, 0x59D6, 0x5175, 0x4934, 0x4934,
    0x4954, 0x5194, 0x5194, 0x5174, 0x4973, 0x4973, 0x4952, 0x4952, 0x4952, 0x4951, 0x4131, 0x4131, 0x4130, 0x51D2, 0x4150, 0x38EF,
    0x390F, 0x38EE, 0x38EE, 0x38EE, 0x30CD, 0x30CD, 0x30CC, 0x30AC, 0x30AC, 0x28AB, 0x7AFA, 0x7B1A, 0x831A, 0x833B, 0x833B, 0x835B,
    0x835B, 0x8B5B, 0x8B7C, 0x8B7C, 0x8B9C, 0x93FC, 0x8B9C, 0x8B9C, 0x8B9C, 0x8B9C, 0x8B9C, 0x8B9C, 0x8B9C, 0x8B9C, 0x8B9C, 0x8B9C,
    0x8B7B, 0x835A, 0xBD5C, 0xC59D, 0xCDDD, 0x8B9A, 0x72B9, 0x9C5B, 0xC5BD, 0x8B7A, 0x72D9, 0x7AFA, 0x7AFA, 0x6A98, 0x93FA, 0xBD5C,
    0x72B8, 0x7298, 0x6A78, 0x7298, 0xB51C, 0xACDB, 0x59D5, 0x8BB9, 0xBD7C, 0x7AF8, 0x59F7, 0x59F6, 0x6256, 0xACDA, 0xC59C, 0x93F9,
    0x5195, 0x59B6, 0x5175, 0x8B98, 0xB51A, 0xACFA, 0x7B16, 0x4953, 0x5194, 0x5173, 0x4973, 0x4973, 0x4952, 0x4952, 0x4952, 0x4951,
    0x4131, 0x4131, 0x4110, 0x4110, 0x51D1, 0x4130, 0x38EF, 0x38EE, 0x38EE, 0x38EE, 0x38ED, 0x30CD, 0x30CD, 0x30CC, 0x30AC, 0x30AB,
    0x7ADA, 0x7AFA, 0x7AFA, 0x7B1B, 0x831B, 0x831B, 0x833B, 0x833B, 0x835B, 0x8B7C, 0x93DC, 0x8B7C, 0x8B7C, 0x8B7C, 0x8B9C, 0x8B9C,
    0x8B9C, 0x8B9C, 0x8B9C, 0x8B7C, 0x8B7C, 0x8B7C, 0x835B, 0x7B38, 0xEF3F, 0xEF3F, 0xCE1C, 0x8399, 0x6257, 0xBD5C, 0xFFFF, 0x8BB9,
    0x7298, 0x7AFA, 0x72D9, 0x6A77, 0xD63D, 0xFFFF, 0x8BB9, 0x6237, 0x7298, 0x5A16, 0xCDFD, 0xFFFF, 0x6AB5, 0xDE7D, 0xF77F, 0x6256,
    0x59D6, 0x6215, 0xDE7E, 0xFFDF, 0xEF5F, 0xFFFF, 0xA4BA, 0x4974, 0x4133, 0xBD5B, 0xFFFF, 0xE71E, 0xFF9F, 0x7B16, 0x4132, 0x5193,
    0x4973, 0x4973, 0x4952, 0x4952, 0x4952, 0x4151, 0x4131, 0x4130, 0x4130, 0x4110, 0x410F, 0x51B1, 0x412F, 0x38EE, 0x30CE, 0x30AD,
    0x30AD, 0x308C, 0x288C, 0x288C, 0x288B, 0x286B, 0x8B7B, 0x8B7B, 0x8B9B, 0x8B9B, 0x8BBB, 0x8BBB, 0x93BC, 0x8B9C, 0x8B5B, 0x93DC,
    0x8B7C, 0x8B7C, 0x8B7C, 0x8B7C, 0x8B7C, 0x8B7C, 0x8B7C, 0x8B7C, 0x8B7C, 0x8B7C, 0x8B7C, 0x8B7C, 0x833B, 0x72F7, 0xE6DE, 0xE6FE,
    0xC5DC, 0x7B37, 0x5A35, 0xAD1A, 0xFFBF, 0x8398, 0x6A98, 0x7AF9, 0x6A78, 0x7B57, 0xEF3F, 0xFFBF, 0xBD9C, 0x59F5, 0x6A98, 0x59F5,
    0x8377, 0xFF9F, 0xCE1C, 0xF77F, 0xACFA, 0x4973, 0x5194, 0x8BD8, 0xFFFF, 0x8BD6, 0x392F, 0xC5DB, 0xF75F, 0x59F4, 0x38F1, 0xB51A,
    0xE6FE, 0x72F3, 0xFFDF, 0xA4B9, 0x38F1, 0x5193, 0x4973, 0x4973, 0x4952, 0x4952, 0x4952, 0x4151, 0x4131, 0x4130, 0x4130, 0x4110,
    0x390F, 0x390F, 0x51B1, 0x410F, 0x414F, 0x49B0, 0x498F, 0x498F, 0x498F, 0x496E, 0x416E, 0x416D, 0x93FB, 0x9C1B, 0x9C1C, 0x9C3C,
    0x9C3C, 0x9C3C, 0x9C3C, 0x9C1C, 0x93BC, 0x835B, 0x835B, 0x8B5B, 0x8B5C, 0x8B7C, 0x8B7C, 0x8B7C, 0x8B7C, 0x8B7C, 0x8B7C, 0x8B7C,
    0x8B5B, 0x8B7C, 0x833A, 0x72D6, 0xE6DE, 0xE6DE, 0xBDBB, 0x7B17, 0x5A15, 0xACFA, 0xFFBF, 0x7316, 0x5A16, 0x7AF9, 0x6216, 0xACFA,
    0xEF1F, 0xC5DB, 0xEF1F, 0x6A96, 0x6237, 0x6236, 0x51F3, 0xD67D, 0xF77F, 0xF75F, 0x6AD5, 0x51B4, 0x4974, 0x8BD8, 0xFFFF, 0x7B34,
    0x206D, 0xBD7A, 0xF77F, 0x59F3, 0x38D0, 0xACFA, 0xF79F, 0xE6FE, 0xEF3F, 0x6A93, 0x4111, 0x5193, 0x4973, 0x4972, 0x4952, 0x4952,
    0x4951, 0x4131, 0x4131, 0x4130, 0x4130, 0x4110, 0x410F, 0x38EF, 0x38EF, 0x4990, 0x5A31, 0x6292, 0x6272, 0x6271, 0x6271, 0x6271,
    0x6251, 0x5A50, 0x72BA, 0x7ADA, 0x7ADA, 0x7ADA, 0x7AFA, 0x7AFA, 0x7B1B, 0x8B9B, 0x835B, 0x833B, 0x835B, 0x835B, 0x835B, 0x835B,
    0x835B, 0x8B5B, 0x8B5B, 0x8B5B, 0x835B, 0x835B, 0x835B, 0x835C, 0x7B1A, 0x6AB6, 0xF77F, 0xC5FC, 0x4992, 0x6AB7, 0x5A35, 0xB51A,
    0xFFFF, 0xD63D, 0xA4BA, 0x6A57, 0x6AB6, 0xE6FF, 0xF77F, 0xE6DE, 0xFFFF, 0xA49A, 0x59F6, 0x6A77, 0x4993, 0x9C78, 0xFFFF, 0xCE1C,
    0x4992, 0x59F5, 0x51B5, 0x5A14, 0xE6FE, 0xFF9F, 0xDE9D, 0xFFFF, 0xB51A, 0x4131, 0x38F0, 0xB55A, 0xFFBF, 0xE6DE, 0xF79F, 0x5A32,
    0x4111, 0x5173, 0x4973, 0x4952, 0x4952, 0x4952, 0x4951, 0x4131, 0x4131, 0x4130, 0x4110, 0x4110, 0x390F, 0x390F, 0x38EE, 0x38EE,
    0x496F, 0x30CD, 0x286C, 0x288C, 0x286B, 0x286B, 0x286B, 0x204A, 0x7AFA, 0x7AFA, 0x7AFA, 0x7B1A, 0x7B1A, 0x833B, 0x8BBB, 0x833B,
    0x833B, 0x833B, 0x833B, 0x833B, 0x835B, 0x835B, 0x835B, 0x835B, 0x835B, 0x835B, 0x835B, 0x835B, 0x835B, 0x835B, 0x7B1A, 0x72D7,
    0xBD9C, 0xA4DA, 0x6276, 0x72D8, 0x6256, 0x9C59, 0xCE1C, 0xD65D, 0xB51B, 0x5A16, 0x8357, 0xCE1C, 0x8BF7, 0x6AD3, 0xBD7B, 0xACFA,
    0x6216, 0x6A57, 0x59F5, 0x6274, 0xCE1B, 0x8396, 0x4993, 0x6216, 0x59F6, 0x4973, 0x6273, 0xBD9A, 0xD65C, 0x9C78, 0x4971, 0x4972,
    0x4131, 0x9417, 0xB559, 0x6AD2, 0xC5FB, 0x93F7, 0x4111, 0x5173, 0x4973, 0x4952, 0x4952, 0x4952, 0x4951, 0x4131, 0x4131, 0x4130,
    0x4110, 0x410F, 0x390F, 0x390F, 0x38EE, 0x38EE, 0x38EE, 0x49B0, 0x390E, 0x30CC, 0x30CC, 0x30CC, 0x30AC, 0x30AB, 0x7ADA, 0x7ADA,
    0x7AFA, 0x7AFA, 0x831A, 0x8B9B, 0x831B, 0x831B, 0x833B, 0x833B, 0x833B, 0x833B, 0x833B, 0x833B, 0x833B, 0x833B, 0x833B, 0x833B,
    0x833B, 0x833B, 0x833B, 0x833B, 0x831A, 0x72D8, 0x6256, 0x6276, 0x72D8, 0x72D9, 0x72B8, 0x6256, 0x59F4, 0x51F4, 0x6235, 0x6A77,
    0x6256, 0x51F4, 0x51B2, 0x49B2, 0x51B3, 0x59F5, 0x6257, 0x6A57, 0x6236, 0x59F4, 0x4973, 0x51B3, 0x59F5, 0x6217, 0x59F6, 0x59D5,
    0x4972, 0x3911, 0x4131, 0x38F1, 0x4973, 0x5194, 0x5193, 0x4131, 0x38EF, 0x38EF, 0x30CF, 0x4131, 0x4972, 0x4973, 0x4973, 0x4952,
    0x4952, 0x4952, 0x4151, 0x4131, 0x4130, 0x4130, 0x4110, 0x410F, 0x390F, 0x390F, 0x38EE, 0x38EE, 0x38CE, 0x30CD, 0x498F, 0x38ED,
    0x30AC, 0x30AC, 0x30AB, 0x28AB, 0x7ADA, 0x7ADA, 0x7ADA, 0x7AFA, 0x8B7B, 0x7B1A, 0x7AFA, 0x7B1B, 0x831B, 0x831B, 0x831B, 0x833B,
    0x833B, 0x833B, 0x833B, 0x833B, 0x833B, 0x833B, 0x833B, 0x833B, 0x833B, 0x833B, 0x831A, 0x7AF9, 0x7AF9, 0x7AD9, 0x7AF9, 0x7AFA,
    0x7AD9, 0x72B8, 0x6A97, 0x6A97, 0x6A97, 0x6A98, 0x6A98, 0x6A77, 0x6A76, 0x6256, 0x6256, 0x6A57, 0x6A58, 0x6A58, 0x6A37, 0x6236,
    0x6216, 0x6216, 0x6217, 0x6217, 0x61F7, 0x59F6, 0x59D5, 0x51B4, 0x5194, 0x51B4, 0x51B5, 0x51B5, 0x5194, 0x5193, 0x4972, 0x4972,
    0x4972, 0x4972, 0x4973, 0x4973, 0x4973, 0x4952, 0x4952, 0x4951, 0x4131, 0x4131, 0x4130, 0x4130, 0x4110, 0x410F, 0x390F, 0x38EF,
    0x38EE, 0x38EE, 0x38EE, 0x30CD, 0x30CD, 0x498F, 0x38ED, 0x288B, 0x30AB, 0x28AB, 0x72DA, 0x72BA, 0x7AFA, 0x8B7B, 0x7AFA, 0x7AFA,
    0x7AFA, 0x7AFA, 0x7B1A, 0x7B1A, 0x831B, 0x831B, 0x831B, 0x831B, 0x831B, 0x833B, 0x833B, 0x833B, 0x831B, 0x831B, 0x831B, 0x831B,
    0x831B, 0x7B1A, 0x7AFA, 0x7AFA, 0x7AFA, 0x7AFA, 0x7AFA, 0x7ADA, 0x7ADA, 0x72D9, 0x72B9, 0x72B9, 0x72B9, 0x7299, 0x7299, 0x7299,
    0x6A79, 0x6A78, 0x6A78, 0x6A58, 0x6A58, 0x6A38, 0x6238, 0x6238, 0x6217, 0x6217, 0x61F7, 0x61F7, 0x59F7, 0x59D6, 0x59D6, 0x59D6,
    0x59B6, 0x59B6, 0x51B5, 0x5195, 0x5194, 0x5194, 0x5194, 0x5173, 0x4973, 0x4973, 0x4972, 0x4952, 0x4952, 0x4951, 0x4131, 0x4131,
    0x4130, 0x4110, 0x4110, 0x390F, 0x390F, 0x38EE, 0x38EE, 0x38EE, 0x38CD, 0x30CD, 0x30CD, 0x30CC, 0x496E, 0x30EC, 0x288B, 0x28AB,
    0x72B9, 0x7ADA, 0x835A, 0x7ADA, 0x7ADA, 0x7AFA, 0x7AFA, 0x7AFA, 0x7AFA, 0x7AFA, 0x7B1A, 0x7B1A, 0x7B1A, 0x831B, 0x831B, 0x831B,
    0x831B, 0x831B, 0x831B, 0x831B, 0x7B1A, 0x7B1A, 0x7B1A, 0x7AFA, 0x7AFA, 0x7AFA, 0x7AFA, 0x7AFA, 0x7ADA, 0x7ADA, 0x7ADA, 0x72BA,
    0x72B9, 0x72B9, 0x72B9, 0x7299, 0x7299, 0x7279, 0x6A79, 0x6A79, 0x6A58, 0x6A58, 0x6A58, 0x6A38, 0x6A38, 0x6218, 0x6217, 0x6217,
    0x61F7, 0x61F7, 0x59F7, 0x59D7, 0x59D6, 0x59B6, 0x59B6, 0x59B5, 0x51B5, 0x5195, 0x5194, 0x5194, 0x5194, 0x5173, 0x4973, 0x4973,
    0x4952, 0x4952, 0x4952, 0x4151, 0x4131, 0x4131, 0x4130, 0x4110, 0x410F, 0x390F, 0x390F, 0x38EE, 0x38EE, 0x38EE, 0x38CD, 0x30CD,
    0x30CD, 0x30AC, 0x30AC, 0x416E, 0x30CC, 0x288B, 0x72D9, 0x835A, 0x7ADA, 0x72BA, 0x7ADA, 0x7ADA, 0x7AFA, 0x7AFA, 0x7AFA, 0x7AFA,
    0x7AFA, 0x7AFA, 0x7AFA, 0x7B1A, 0x7B1A, 0x7B1A, 0x7B1A, 0x7B1A, 0x7B1A, 0x7B1A, 0x7AFA, 0x7AFA, 0x7AFA, 0x7AFA, 0x7AFA, 0x7AFA,
    0x7ADA, 0x7ADA, 0x7ADA, 0x7ADA, 0x72BA, 0x72B9, 0x72B9, 0x72B9, 0x7299, 0x7299, 0x7299, 0x6A79, 0x6A78, 0x6A78, 0x6A58, 0x6A58,
    0x6A38, 0x6A38, 0x6238, 0x6217, 0x6217, 0x61F7, 0x61F7, 0x61F7, 0x59D7, 0x59D7, 0x59D6, 0x59B6, 0x59B6, 0x59B5, 0x5195, 0x5195,
    0x5194, 0x5194, 0x5174, 0x4973, 0x4973, 0x4973, 0x4952, 0x4952, 0x4951, 0x4131, 0x4131, 0x4130, 0x4130, 0x4110, 0x410F, 0x390F,
    0x390F, 0x38EE, 0x38EE, 0x38EE, 0x30CD, 0x30CD, 0x30CC, 0x30CC, 0x30AC, 0x30AB, 0x416D, 0x30CB, 0x833A, 0x72B9, 0x72B9, 0x72DA,
    0x72DA, 0x7ADA, 0x7ADA, 0x7ADA, 0x7ADA, 0x7AFA, 0x7AFA, 0x7AFA, 0x7AFA, 0x7AFA, 0x7AFA, 0x7AFA, 0x7AFA, 0x7AFA, 0x7AFA, 0x7AFA,
    0x7AFA, 0x7AFA, 0x7AFA, 0x7AFA, 0x7ADA, 0x7ADA, 0x7ADA, 0x7ADA, 0x7ADA, 0x72BA, 0x72B9, 0x72B9, 0x72B9, 0x7299, 0x7299, 0x7299,
    0x6A79, 0x6A79, 0x6A78, 0x6A58, 0x6A58, 0x6A38, 0x6A38, 0x6238, 0x6218, 0x6217, 0x6217, 0x61F7, 0x61F7, 0x59F7, 0x59D7, 0x59D6,
    0x59B6, 0x59B6, 0x59B5, 0x51B5, 0x5195, 0x5194, 0x5194, 0x5194, 0x5173, 0x4973, 0x4973, 0x4952, 0x4952, 0x4952, 0x4951, 0x4131,
    0x4131, 0x4130, 0x4110, 0x4110, 0x390F, 0x390F, 0x38EF, 0x38EE, 0x38EE, 0x38ED, 0x30CD, 0x30CD, 0x30CC, 0x30AC, 0x30AC, 0x28AB,
    0x288B, 0x414D, 0x72B9, 0x7299, 0x72B9, 0x72B9, 0x72B9, 0x72BA, 0x7ADA, 0x7ADA, 0x7ADA, 0x7ADA, 0x7ADA, 0x7AFA, 0x7AFA, 0x7AFA,
    0x7AFA, 0x7AFA, 0x7AFA, 0x7AFA, 0x7AFA, 0x7AFA, 0x7ADA, 0x7ADA, 0x7ADA, 0x7ADA, 0x7ADA, 0x7ADA, 0x7ADA, 0x72BA, 0x72B9, 0x72B9,
    0x72B9, 0x7299, 0x7299, 0x7299, 0x7299, 0x6A79, 0x6A79, 0x6A78, 0x6A58, 0x6A58, 0x6A58, 0x6A38, 0x6238, 0x6218, 0x6217, 0x6217,
    0x61F7, 0x61F7, 0x59F7, 0x59D7, 0x59D7, 0x59D6, 0x59B6, 0x59B6, 0x59B5, 0x51B5, 0x5195, 0x5194, 0x5194, 0x5174, 0x5173, 0x4973,
    0x4973, 0x4952, 0x4952, 0x4952, 0x4131, 0x4131, 0x4131, 0x4130, 0x4110, 0x410F, 0x390F, 0x390F, 0x38EE, 0x38EE, 0x38EE, 0x38CD,
    0x30CD, 0x30CD, 0x30CC, 0x30AC, 0x30AC, 0x30AB, 0x288B, 0x288A, 0x7299, 0x7299, 0x7299, 0x72B9, 0x72B9, 0x72B9, 0x72B9, 0x72BA,
    0x72DA, 0x7ADA, 0x7ADA, 0x7ADA, 0x7ADA, 0x7ADA, 0x7ADA, 0x7ADA, 0x7ADA, 0x7ADA, 0x7ADA, 0x7ADA, 0x7ADA, 0x7ADA, 0x7ADA, 0x7ADA,
    0x72DA, 0x72BA, 0x72B9, 0x72B9, 0x72B9, 0x72B9, 0x7299, 0x7299, 0x7299, 0x7279, 0x6A79, 0x6A79, 0x6A78, 0x6A58, 0x6A58, 0x6A58,
    0x6A38, 0x6238, 0x6238, 0x6217, 0x6217, 0x61F7, 0x61F7, 0x61F7, 0x59D7, 0x59D7, 0x59D6, 0x59B6, 0x59B6, 0x59B5, 0x51B5, 0x5195,
    0x5194, 0x5194, 0x5194, 0x5173, 0x4973, 0x4973, 0x4952, 0x4952, 0x4952, 0x4951, 0x4131, 0x4131, 0x4130, 0x4130, 0x4110, 0x410F,
    0x390F, 0x38EF, 0x38EE, 0x38EE, 0x38EE, 0x30CD, 0x30CD, 0x30CD, 0x30CC, 0x30AC, 0x30AB, 0x28AB, 0x28AB, 0x288A, 0x7299, 0x7299,
    0x7299, 0x7299, 0x7299, 0x72B9, 0x72B9, 0x72B9, 0x72B9, 0x72B9, 0x72BA, 0x72DA, 0x7ADA, 0x7ADA, 0x7ADA, 0x7ADA, 0x7ADA, 0x7ADA,
    0x7ADA, 0x7ADA, 0x7ADA, 0x72DA, 0x72BA, 0x72B9, 0x72B9, 0x72B9, 0x72B9, 0x72B9, 0x7299, 0x7299, 0x7299, 0x7299, 0x7279, 0x6A79,
    0x6A79, 0x6A78, 0x6A58, 0x6A58, 0x6A58, 0x6A38, 0x6A38, 0x6238, 0x6218, 0x6217, 0x6217, 0x61F7, 0x61F7, 0x59F7, 0x59D7, 0x59D6,
    0x59D6, 0x59B6, 0x59B6, 0x59B5, 0x51B5, 0x5195, 0x5194, 0x5194, 0x5174, 0x5173, 0x4973, 0x4973, 0x4952, 0x4952, 0x4952, 0x4151,
    0x4131, 0x4131, 0x4130, 0x4130, 0x4110, 0x390F, 0x390F, 0x38EF, 0x38EE, 0x38EE, 0x38ED, 0x30CD, 0x30CD, 0x30CC, 0x30AC, 0x30AC,
    0x30AB, 0x28AB, 0x288B, 0x288A, 0x6A79, 0x7279, 0x7299, 0x7299, 0x7299, 0x7299, 0x7299, 0x72B9, 0x72B9, 0x72B9, 0x72B9, 0x72B9,
    0x72B9, 0x72B9, 0x72BA, 0x72BA, 0x72BA, 0x72BA, 0x72BA, 0x72B9, 0x72B9, 0x72B9, 0x72B9, 0x72B9, 0x72B9, 0x72B9, 0x7299, 0x7299,
    0x7299, 0x7299, 0x7299, 0x7279, 0x6A79, 0x6A79, 0x6A78, 0x6A58, 0x6A58, 0x6A58, 0x6A38, 0x6A38, 0x6238, 0x6218, 0x6217, 0x6217,
    0x61F7, 0x61F7, 0x59F7, 0x59D7, 0x59D7, 0x59D6, 0x59B6, 0x59B6, 0x59B5, 0x51B5, 0x5195, 0x5194, 0x5194, 0x5194, 0x5173, 0x4973,
    0x4973, 0x4972, 0x4952, 0x4952, 0x4951, 0x4131, 0x4131, 0x4130, 0x4130, 0x4110, 0x410F, 0x390F, 0x390F, 0x38EE, 0x38EE, 0x38EE,
    0x38CD, 0x30CD, 0x30CD, 0x30CC, 0x30AC, 0x30AC, 0x28AB, 0x288B, 0x288B, 0x288A, 0x6A78, 0x6A79, 0x7279, 0x7279, 0x7299, 0x7299,
    0x7299, 0x7299, 0x7299, 0x72B9, 0x72B9, 0x72B9, 0x72B9, 0x72B9, 0x72B9, 0x72B9, 0x72B9, 0x72B9, 0x72B9, 0x72B9, 0x72B9, 0x72B9,
    0x72B9, 0x72B9, 0x7299, 0x7299, 0x7299, 0x7299, 0x7299, 0x7279, 0x6A79, 0x6A79, 0x6A78, 0x6A58, 0x6A58, 0x6A58, 0x6A58, 0x6A38,
    0x6A38, 0x6238, 0x6218, 0x6217, 0x6217, 0x61F7, 0x61F7, 0x61F7, 0x59D7, 0x59D7, 0x59D6, 0x59B6, 0x59B6, 0x59B6, 0x51B5, 0x5195,
    0x5195, 0x5194, 0x5194, 0x5174, 0x5173, 0x4973, 0x4973, 0x4952, 0x4952, 0x4952, 0x4951, 0x4131, 0x4131, 0x4130, 0x4130, 0x4110,
    0x410F, 0x390F, 0x38EF, 0x38EE, 0x38EE, 0x38EE, 0x30CD, 0x30CD, 0x30CD, 0x30CC, 0x30AC, 0x30AB, 0x28AB, 0x288B, 0x288A, 0x288A,
    0x6A58, 0x6A78, 0x6A79, 0x6A79, 0x7279, 0x7279, 0x7299, 0x7299, 0x7299, 0x7299, 0x7299, 0x7299, 0x7299, 0x7299, 0x72B9, 0x72B9,
    0x7299, 0x72B9, 0x72B9, 0x7299, 0x7299, 0x7299, 0x7299, 0x7299, 0x7299, 0x7299, 0x7299, 0x7279, 0x6A79, 0x6A79, 0x6A79, 0x6A78,
    0x6A58, 0x6A58, 0x6A58, 0x6A38, 0x6A38, 0x6238, 0x6238, 0x6218, 0x6217, 0x6217, 0x61F7, 0x61F7, 0x61F7, 0x59F7, 0x59D7, 0x59D6,
    0x59D6, 0x59D6, 0x59B6, 0x59B5, 0x51B5, 0x51B5, 0x5194, 0x5194, 0x5194, 0x5173, 0x4973, 0x4973, 0x4952, 0x4952, 0x4952, 0x4951,
    0x4131, 0x4131, 0x4130, 0x4130, 0x4110, 0x410F, 0x390F, 0x390F, 0x38EE, 0x38EE, 0x38EE, 0x38ED, 0x30CD, 0x30CD, 0x30CC, 0x30AC,
    0x30AC, 0x30AB, 0x28AB, 0x288B, 0x288A, 0x288A, 0x6A58, 0x6A58, 0x6A58, 0x6A78, 0x6A79, 0x6A79, 0x6A79, 0x7279, 0x7279, 0x7299,
    0x7299, 0x7299, 0x7299, 0x7299, 0x7299, 0x7299, 0x7299, 0x7299, 0x7299, 0x7299, 0x7299, 0x7299, 0x7299, 0x7299, 0x7279, 0x7279,
    0x6A79, 0x6A79, 0x6A79, 0x6A78, 0x6A58, 0x6A58, 0x6A58, 0x6A58, 0x6A38, 0x6A38, 0x6238, 0x6238, 0x6218, 0x6217, 0x6217, 0x61F7,
    0x61F7, 0x61F7, 0x59D7, 0x59B7, 0x59B7, 0x59B6, 0x59B6, 0x5196, 0x5195, 0x5195, 0x5195, 0x5174, 0x5194, 0x5194, 0x5174, 0x4973,
    0x4973, 0x4973, 0x4952, 0x4952, 0x4952, 0x4951, 0x4131, 0x4131, 0x4130, 0x4130, 0x4110, 0x410F, 0x390F, 0x38EF, 0x38EE, 0x38EE,
    0x38EE, 0x38CD, 0x30CD, 0x30CD, 0x30CC, 0x30AC, 0x30AC, 0x28AB, 0x288B, 0x288A, 0x288A, 0x288A, 0x6A58, 0x6A58, 0x6A58, 0x6A58,
    0x6A58, 0x6A78, 0x6A78, 0x6A79, 0x6A79, 0x6A79, 0x7279, 0x7279, 0x7279, 0x7299, 0x7299, 0x7299, 0x7299, 0x7299, 0x7299, 0x7299,
    0x7279, 0x7279, 0x6A79, 0x6A79, 0x6A79, 0x6A79, 0x6A78, 0x6A78, 0x6A58, 0x6A58, 0x6A58, 0x6A58, 0x6A58, 0x6A38, 0x6A38, 0x6238,
    0x6238, 0x6217, 0x6217, 0x6217, 0x61F7, 0x61F7, 0x61F7, 0x59D6, 0x59D6, 0x6236, 0x6216, 0x6216, 0x6215, 0x6215, 0x59F5, 0x59F5,
    0x59F4, 0x59F4, 0x5194, 0x5174, 0x5173, 0x4973, 0x4973, 0x4952, 0x4952, 0x4952, 0x4951, 0x4131, 0x4131, 0x4130, 0x4130, 0x4110,
    0x410F, 0x390F, 0x390F, 0x38EE, 0x38EE, 0x38EE, 0x38ED, 0x30CD, 0x30CD, 0x30CC, 0x30AC, 0x30AC, 0x30AB, 0x28AB, 0x288B, 0x288A,
    0x288A, 0x288A, 0x6A38, 0x6A38, 0x6A58, 0x6A58, 0x6A58, 0x6A58, 0x6A58, 0x6A78, 0x6A78, 0x6A78, 0x6A79, 0x6A79, 0x6A79, 0x6A79,
    0x6A79, 0x6A79, 0x6A79, 0x6A79, 0x6A79, 0x6A79, 0x6A79, 0x6A79, 0x6A79, 0x6A78, 0x6A78, 0x6A78, 0x6A58, 0x6A58, 0x6A58, 0x6A58,
    0x6A58, 0x6A38, 0x6A38, 0x6A38, 0x6238, 0x6218, 0x6217, 0x6217, 0x6217, 0x61F7, 0x61F7, 0x61F7, 0x59D6, 0x5174, 0xCE1C, 0xF79F,
    0xF77E, 0xF77E, 0xF77E, 0xF77E, 0xF77E, 0xF77E, 0xF79E, 0xE73E, 0x59F3, 0x4953, 0x5173, 0x4973, 0x4973, 0x4952, 0x4952, 0x4952,
    0x4151, 0x4131, 0x4131, 0x4130, 0x4130, 0x4110, 0x410F, 0x390F, 0x38EF, 0x38EE, 0x38EE, 0x38EE, 0x38CD, 0x30CD, 0x30CD, 0x30CC,
    0x30AC, 0x30AC, 0x30AB, 0x288B, 0x288B, 0x288A, 0x288A, 0x286A, 0x6238, 0x6A38, 0x6A58, 0x6A38, 0x6A58, 0x6A58, 0x6A58, 0x6A58,
    0x6A58, 0x6A58, 0x6A58, 0x6A78, 0x6A78, 0x6A78, 0x6A78, 0x6A78, 0x6A78, 0x6A78, 0x6A78, 0x6A78, 0x6A78, 0x6A78, 0x6A58, 0x6A58,
    0x6A58, 0x6A58, 0x6A58, 0x6A58, 0x6A58, 0x6A38, 0x6A38, 0x6A38, 0x6238, 0x6238, 0x6218, 0x6217, 0x6217, 0x6217, 0x61F7, 0x61F7,
    0x61F7, 0x61F7, 0x4954, 0x8377, 0xFFFF, 0xFFFF, 0xFFFF, 0xFFFF, 0xFFFF, 0xFFFF, 0xFFFF, 0xFFFF, 0xFFFF, 0xF7BF, 0x51D2, 0x4132,
    0x4973, 0x4973, 0x4952, 0x4952, 0x4952, 0x4951, 0x4131, 0x4131, 0x4130, 0x4130, 0x4110, 0x410F, 0x390F, 0x390F, 0x38EE, 0x38EE,
    0x38EE, 0x38ED, 0x30CD, 0x30CD, 0x30CC, 0x30AC, 0x30AC, 0x30AB, 0x28AB, 0x288B, 0x288A, 0x288A, 0x288A, 0x2869, 0x6238, 0x6218,
    0x6218, 0x6A58, 0x6A38, 0x6A38, 0x6A38, 0x6A58, 0x6A58, 0x6A58, 0x6A58, 0x6A58, 0x6A58, 0x6A58, 0x6A58, 0x6A58, 0x6A58, 0x6A58,
    0x6A58, 0x6A58, 0x6A58, 0x6A58, 0x6A58, 0x6A58, 0x6A58, 0x6A58, 0x6A38, 0x6A38, 0x6A38, 0x6A38, 0x6238, 0x6238, 0x6218, 0x6217,
    0x6217, 0x6217, 0x61F7, 0x61F7, 0x61F7, 0x61F7, 0x59D7, 0x59D6, 0x4973, 0xDEBD, 0xFFFF, 0xFFFF, 0xFFFF, 0xFFFF, 0xFFFF, 0xFFFF,
    0xFFFF, 0xFFFF, 0xFFFF, 0xF79E, 0x51D1, 0x4131, 0x4972, 0x4952, 0x4952, 0x4952, 0x4951, 0x4131, 0x4131, 0x4131, 0x4130, 0x4130,
    0x4110, 0x410F, 0x390F, 0x390F, 0x38EE, 0x38EE, 0x38EE, 0x38CD, 0x30CD, 0x30CD, 0x30CC, 0x30AC, 0x30AC, 0x30AB, 0x28AB, 0x288B,
    0x28AA, 0x206A, 0x2069, 0x2889, 0x59B7, 0x7298, 0x7B19, 0x59B7, 0x6A38, 0x6238, 0x6A38, 0x6A38, 0x6A38, 0x6A38, 0x6A58, 0x6A58,
    0x6A58, 0x6A58, 0x6A58, 0x6A58, 0x6A58, 0x6A58, 0x6A58, 0x6A58, 0x6A58, 0x6A58, 0x6A58, 0x6A38, 0x6A38, 0x6A38, 0x6A38, 0x6238,
    0x6238, 0x6238, 0x6218, 0x6217, 0x6217, 0x6217, 0x6217, 0x61F7, 0x61F7, 0x61F7, 0x59F7, 0x59D7, 0x59F6, 0x4934, 0x8BD7, 0xFFFF,
    0xFFFF, 0xFFFF, 0xFFFF, 0xFFFF, 0xFFFF, 0xFFFF, 0xFFFF, 0xFFFF, 0xFFFF, 0xF79E, 0x49B0, 0x4131, 0x4972, 0x4952, 0x4952, 0x4952,
    0x4151, 0x4131, 0x4131, 0x4130, 0x4130, 0x4110, 0x410F, 0x390F, 0x390F, 0x38EE, 0x38EE, 0x38EE, 0x38ED, 0x30CD, 0x30CD, 0x30CC,
    0x30AC, 0x30AC, 0x30AB, 0x28AB, 0x288B, 0x28AB, 0x1808, 0x418D, 0x394C, 0x1808, 0x6A78, 0xCE1D, 0xDE9E, 0x72B8, 0x6217, 0x6238,
    0x6238, 0x6238, 0x6238, 0x6A38, 0x6A38, 0x6A38, 0x6A38, 0x6A38, 0x6A38, 0x6A38, 0x6A38, 0x6A38, 0x6A38, 0x6A38, 0x6A38, 0x6A38,
    0x6A38, 0x6A38, 0x6238, 0x6238, 0x6238, 0x6218, 0x6218, 0x6217, 0x6217, 0x6217, 0x6217, 0x61F7, 0x61F7, 0x61F7, 0x61F7, 0x59D7,
    0x59D7, 0x59D6, 0x59B5, 0x5193, 0xE71D, 0xFFFF, 0xFFFF, 0xFFFF, 0xFFFF, 0xDEDC, 0xB578, 0xFFFF, 0xFFFF, 0xFFFF, 0xFFFF, 0xF79E,
    0x49B0, 0x4131, 0x4952, 0x4952, 0x4952, 0x4951, 0x4131, 0x4131, 0x4130, 0x4130, 0x4110, 0x410F, 0x390F, 0x390F, 0x38EF, 0x38EE,
    0x38EE, 0x38EE, 0x30CD, 0x30CD, 0x30CD, 0x30CC, 0x30AC, 0x30AC, 0x30AB, 0x28AB, 0x28AB, 0x286A, 0x416C, 0xCE3A, 0xBDB8, 0x310A,
    0x6A78, 0xCE1D, 0xDE9E, 0x72D8, 0x6217, 0x6217, 0x6217, 0x6218, 0x6238, 0x6238, 0x6238, 0x6238, 0x6238, 0x6238, 0x6238, 0x6238,
    0x6238, 0x6238, 0x6238, 0x6238, 0x6238, 0x6238, 0x6238, 0x6238, 0x6218, 0x6218, 0x6217, 0x6217, 0x6217, 0x6217, 0x6217, 0x61F7,
    0x61F7, 0x61F7, 0x61F7, 0x61F7, 0x59D7, 0x59D7, 0x59D7, 0x59D6, 0x4133, 0x9C38, 0xFFFF, 0xFFFF, 0xFFFF, 0xFFFF, 0xFFFF, 0x6AD1,
    0x62B1, 0xFFFF, 0xFFFF, 0xFFFF, 0xFFFF, 0xF79E, 0x49B0, 0x4110, 0x4952, 0x4952, 0x4951, 0x4131, 0x4131, 0x4131, 0x4130, 0x4130,
    0x4110, 0x410F, 0x390F, 0x390F, 0x38EE, 0x38EE, 0x38EE, 0x38CD, 0x30CD, 0x30CD, 0x30CC, 0x30AC, 0x30AC, 0x30AB, 0x28AB, 0x288B,
    0x288B, 0x286A, 0x418C, 0xCE3A, 0xBDB9, 0x312B, 0x5196, 0x6A78, 0x7AF8, 0x5197, 0x6217, 0x6217, 0x6217, 0x6217, 0x6217, 0x6217,
    0x6218, 0x6218, 0x6218, 0x6218, 0x6218, 0x6218, 0x6218, 0x6218, 0x6218, 0x6218, 0x6218, 0x6218, 0x6217, 0x6217, 0x6217, 0x6217,
    0x6217, 0x6217, 0x6217, 0x61F7, 0x61F7, 0x61F7, 0x61F7, 0x61F7, 0x59D7, 0x59D7, 0x59D7, 0x59D6, 0x59D6, 0x5195, 0x51D3, 0xEF5E,
    0xFFFF, 0xFFFF, 0xFFFF, 0xFFFF, 0xDEBC, 0x204B, 0x83B4, 0xFFFF, 0xFFFF, 0xFFFF, 0xFFFF, 0xF79E, 0x49B0, 0x4110, 0x4952, 0x4951,
    0x4151, 0x4131, 0x4131, 0x4130, 0x4130, 0x4110, 0x410F, 0x390F, 0x390F, 0x38EE, 0x38EE, 0x38EE, 0x38EE, 0x30CD, 0x30CD, 0x30CD,
    0x30CC, 0x30AC, 0x30AC, 0x30AB, 0x28AB, 0x288B, 0x288A, 0x288A, 0x1808, 0x416C, 0x394B, 0x1007, 0x61F7, 0x59D7, 0x59D7, 0x6217,
    0x61F7, 0x61F7, 0x61F7, 0x61F7, 0x6217, 0x6217, 0x6217, 0x6217, 0x6217, 0x6217, 0x6217, 0x6217, 0x6217, 0x6217, 0x6217, 0x6217,
    0x6217, 0x6217, 0x6217, 0x6217, 0x6217, 0x6217, 0x61F7, 0x61F7, 0x61F7, 0x61F7, 0x61F7, 0x59F7, 0x59D7, 0x59D7, 0x59D7, 0x59D7,
    0x59D6, 0x59B6, 0x59D6, 0x4113, 0xA4B8, 0xFFFF, 0xFFFF, 0xFFFF, 0xFFFF, 0xFFFF, 0x7333, 0x202C, 0x83B4, 0xFFFF, 0xFFFF, 0xFFFF,
    0xFFFF, 0xF79E, 0x49B0, 0x4110, 0x4951, 0x4951, 0x4131, 0x4131, 0x4130, 0x4130, 0x4110, 0x4110, 0x390F, 0x390F, 0x38EF, 0x38EE,
    0x38EE, 0x38EE, 0x38CD, 0x30CD, 0x30CD, 0x30CC, 0x30AC, 0x30AC, 0x30AB, 0x28AB, 0x288B, 0x288A, 0x288A, 0x288A, 0x288A, 0x2049,
    0x2049, 0x2069, 0x59D7, 0x59D7, 0x61F7, 0x59F7, 0x61F7, 0x61F7, 0x61F7, 0x61F7, 0x61F7, 0x61F7, 0x61F7, 0x61F7, 0x61F7, 0x6217,
    0x6217, 0x6217, 0x6217, 0x6217, 0x6217, 0x61F7, 0x61F7, 0x61F7, 0x61F7, 0x61F7, 0x61F7, 0x61F7, 0x61F7, 0x61F7, 0x61F7, 0x59F7,
    0x59D7, 0x59D7, 0x59D7, 0x59D7, 0x59D6, 0x59D6, 0x59B6, 0x59B6, 0x5174, 0x5A13, 0xF79E, 0xFFFF, 0xFFFF, 0xFFFF, 0xFFFF, 0xCE3B,
    0x30CD, 0x30AE, 0x83B4, 0xFFFF, 0xFFFF, 0xFFFF, 0xFFFF, 0xF79E, 0x49B0, 0x3910, 0x4151, 0x4131, 0x4131, 0x4130, 0x4130, 0x4110,
    0x4110, 0x390F, 0x390F, 0x38EF, 0x38EE, 0x38EE, 0x38EE, 0x38ED, 0x30CD, 0x30CD, 0x30CC, 0x30CC, 0x30AC, 0x30AC, 0x28AB, 0x288B,
    0x288B, 0x288A, 0x288A, 0x286A, 0x2869, 0x2869, 0x2069, 0x2048, 0x59D6, 0x59D7, 0x59D7, 0x59D7, 0x59D7, 0x59D7, 0x59F7, 0x61F7,
    0x61F7, 0x61F7, 0x61F7, 0x61F7, 0x61F7, 0x61F7, 0x61F7, 0x61F7, 0x61F7, 0x61F7, 0x61F7, 0x61F7, 0x61F7, 0x61F7, 0x61F7, 0x61F7,
    0x61F7, 0x59F7, 0x59D7, 0x59D7, 0x59D7, 0x59D7, 0x59D7, 0x59D7, 0x59D6, 0x59D6, 0x59B6, 0x59B6, 0x59B6, 0x59D5, 0x4112, 0xB519,
    0xFFFF, 0xFFFF, 0xFFFF, 0xFFFF, 0xFFFF, 0x5A51, 0x5A11, 0x49B0, 0x7B74, 0xFFFF, 0xFFFF, 0xFFFF, 0xFFFF, 0xF79E, 0x49AF, 0x3910,
    0x4151, 0x4131, 0x4130, 0x4130, 0x4130, 0x4110, 0x410F, 0x390F, 0x390F, 0x38EE, 0x38EE, 0x38EE, 0x38EE, 0x38CD, 0x30CD, 0x30CD,
    0x30CC, 0x30AC, 0x30AC, 0x30AB, 0x28AB, 0x288B, 0x288A, 0x288A, 0x288A, 0x2869, 0x2069, 0x2069, 0x2068, 0x2048, 0x59B6, 0x59D6,
    0x59D6, 0x59D6, 0x59D7, 0x59D7, 0x59D7, 0x59D7, 0x59D7, 0x59D7, 0x59D7, 0x59F7, 0x59F7, 0x61F7, 0x61F7, 0x61F7, 0x61F7, 0x61F7,
    0x61F7, 0x61F7, 0x59F7, 0x59F7, 0x59D7, 0x59D7, 0x59D7, 0x59D7, 0x59D7, 0x59D7, 0x59D7, 0x59D6, 0x59D6, 0x59B6, 0x59B6, 0x59B6,
    0x59B6, 0x59B6, 0x59B5, 0x4953, 0x6254, 0xFFBF, 0xFFFF, 0xFFFF, 0xFFFF, 0xFFFF, 0xBDB9, 0x204C, 0xCE1B, 0x51F1, 0x7B54, 0xFFFF,
    0xFFFF, 0xFFFF, 0xFFFF, 0xF79E, 0x498F, 0x38EF, 0x4131, 0x4131, 0x4130, 0x4130, 0x4110, 0x410F, 0x390F, 0x390F, 0x38EF, 0x38EE,
    0x38EE, 0x38EE, 0x38CD, 0x30CD, 0x30CD, 0x30CC, 0x30AC, 0x30AC, 0x30AB, 0x28AB, 0x288B, 0x288B, 0x288A, 0x288A, 0x286A, 0x2869,
    0x2069, 0x2069, 0x2048, 0x2048, 0x59B6, 0x59B6, 0x59B6, 0x59B6, 0x59D6, 0x59D6, 0x59D6, 0x59D7, 0x59D7, 0x59D7, 0x59D7, 0x59D7,
    0x59D7, 0x59D7, 0x59D7, 0x59D7, 0x59D7, 0x59D7, 0x59D7, 0x59D7, 0x59D7, 0x59D7, 0x59D7, 0x59D7, 0x59D7, 0x59D6, 0x59D6, 0x59D6,
    0x59D6, 0x59B6, 0x59B6, 0x59B6, 0x59B6, 0x59B6, 0x59B5, 0x51B5, 0x51B5, 0x4112, 0xBD9A, 0xFFFF, 0xFFFF, 0xFFFF, 0xFFFF, 0xFFDF,
    0x49AF, 0x6292, 0xFFFF, 0x416F, 0x7B73, 0xFFFF, 0xFFFF, 0xFFFF, 0xFFFF, 0xF79E, 0x498F, 0x38EF, 0x4130, 0x4130, 0x4130, 0x4110,
    0x410F, 0x390F, 0x390F, 0x38EF, 0x38EE, 0x38EE, 0x38EE, 0x38ED, 0x30CD, 0x30CD, 0x30CC, 0x30CC, 0x30AC, 0x30AC, 0x30AB, 0x28AB,
    0x288B, 0x288A, 0x288A, 0x288A, 0x2869, 0x2069, 0x2069, 0x2068, 0x2048, 0x2048, 0x59B5, 0x59B5, 0x59B6, 0x59B6, 0x59B6, 0x59B6,
    0x59B6, 0x59B6, 0x59D6, 0x59D6, 0x59D6, 0x59D6, 0x59D6, 0x59D6, 0x59D6, 0x59D6, 0x59D6, 0x59D6, 0x59D6, 0x59D6, 0x59D6, 0x59D6,
    0x59D6, 0x59D6, 0x59D6, 0x59B6, 0x59B6, 0x59B6, 0x59B6, 0x59B6, 0x59B6, 0x59B6, 0x59B5, 0x51B5, 0x51B5, 0x51B5, 0x4933, 0x6A94,
    0xFFFF, 0xFFFF, 0xFFFF, 0xFFFF, 0xFFFF, 0xAD38, 0x202B, 0xD69C, 0xFFFF, 0x414E, 0x7B53, 0xFFFF, 0xFFFF, 0xFFFF, 0xFFFF, 0xF79E,
    0x498F, 0x38EF, 0x4130, 0x4130, 0x4110, 0x410F, 0x390F, 0x390F, 0x38EF, 0x38EE, 0x38EE, 0x38EE, 0x38ED, 0x30CD, 0x30CD, 0x30CD,
    0x30CC, 0x30AC, 0x30AC, 0x30AB, 0x28AB, 0x288B, 0x288A, 0x288A, 0x288A, 0x2869, 0x2069, 0x2069, 0x2069, 0x2048, 0x2048, 0x2048,
    0x51B5, 0x51B5, 0x59B5, 0x59B5, 0x59B5, 0x59B6, 0x59B6, 0x59B6, 0x59B6, 0x59B6, 0x59B6, 0x59B6, 0x59B6, 0x59B6, 0x59B6, 0x59B6,
    0x59B6, 0x59B6, 0x59B6, 0x59B6, 0x59B6, 0x59B6, 0x59B6, 0x59B6, 0x59B6, 0x59B6, 0x59B6, 0x59B6, 0x59B5, 0x59B5, 0x51B5, 0x51B5,
    0x51B5, 0x5195, 0x5195, 0x5194, 0x4111, 0xC5FB, 0xFFFF, 0xFFFF, 0xFFFF, 0xFFFF, 0xF7BF, 0x394D, 0x6AF2, 0xFFFF, 0xFFDF, 0x414E,
    0x7B53, 0xFFFF, 0xFFFF, 0xFFFF, 0xFFFF, 0xF79E, 0x498F, 0x38EE, 0x4130, 0x4110, 0x410F, 0x390F, 0x390F, 0x38EF, 0x38EE, 0x38EE,
    0x38EE, 0x38EE, 0x30CD, 0x30CD, 0x30CD, 0x30CC, 0x30AC, 0x30AC, 0x30AB, 0x28AB, 0x288B, 0x288B, 0x288A, 0x288A, 0x286A, 0x2869,
    0x2069, 0x2069, 0x2048, 0x2048, 0x2048, 0x2048, 0x5195, 0x5195, 0x5195, 0x51B5, 0x51B5, 0x51B5, 0x59B5, 0x59B5, 0x59B5, 0x59B6,
    0x59B6, 0x59B6, 0x59B6, 0x59B6, 0x59B6, 0x59B6, 0x59B6, 0x59B6, 0x59B6, 0x59B6, 0x59B6, 0x59B6, 0x59B6, 0x59B6, 0x59B5, 0x59B5,
    0x59B5, 0x51B5, 0x51B5, 0x51B5, 0x5195, 0x5195, 0x5195, 0x5194, 0x51B4, 0x4112, 0x7314, 0xFFFF, 0xFFFF, 0xFFFF, 0xFFFF, 0xFFFF,
    0x9CB6, 0x204B, 0xDEDC, 0xFFFF, 0xFFDF, 0x394D, 0x7B53, 0xFFFF, 0xFFFF, 0xFFFF, 0xFFFF, 0xF79E, 0x418E, 0x38EE, 0x4130, 0x410F,
    0x390F, 0x390F, 0x390F, 0x38EE, 0x38EE, 0x38EE, 0x38EE, 0x30CD, 0x30CD, 0x30CD, 0x30CC, 0x30CC, 0x30AC, 0x30AC, 0x28AB, 0x28AB,
    0x288B, 0x288A, 0x288A, 0x288A, 0x2869, 0x2069, 0x2069, 0x2068, 0x2048, 0x2048, 0x2048, 0x2048, 0x5194, 0x5194, 0x5195, 0x5195,
    0x5195, 0x5195, 0x51B5, 0x51B5, 0x51B5, 0x51B5, 0x59B5, 0x59B5, 0x59B5, 0x59B5, 0x59B5, 0x59B5, 0x59B5, 0x59B5, 0x59B5, 0x59B5,
    0x59B5, 0x59B5, 0x51B5, 0x51B5, 0x51B5, 0x51B5, 0x51B5, 0x5195, 0x5195, 0x5195, 0x5195, 0x5194, 0x5194, 0x5194, 0x5193, 0x4111,
    0xD67C, 0xFFFF, 0xFFFF, 0xFFFF, 0xFFFF, 0xF77E, 0x30CC, 0x7B73, 0xFFFF, 0xFFFF, 0xFFFF, 0x394D, 0x7353, 0xFFFF, 0xFFFF, 0xFFFF,
    0xFFFF, 0xF79E, 0x418E, 0x38CE, 0x410F, 0x390F, 0x390F, 0x390F, 0x38EE, 0x38EE, 0x38EE, 0x38EE, 0x38CD, 0x30CD, 0x30CD, 0x30CC,
    0x30CC, 0x30AC, 0x30AC, 0x30AB, 0x28AB, 0x288B, 0x288A, 0x288A, 0x288A, 0x286A, 0x2069, 0x2069, 0x2069, 0x2048, 0x2048, 0x2048,
    0x2048, 0x2048, 0x5194, 0x5194, 0x5194, 0x5194, 0x5194, 0x5195, 0x5195, 0x5195, 0x5195, 0x5195, 0x5195, 0x51B5, 0x51B5, 0x51B5,
    0x51B5, 0x51B5, 0x51B5, 0x51B5, 0x51B5, 0x51B5, 0x51B5, 0x51B5, 0x5195, 0x5195, 0x5195, 0x5195, 0x5195, 0x5195, 0x5194, 0x5194,
    0x5194, 0x5194, 0x5194, 0x5194, 0x38F1, 0x7B75, 0xFFFF, 0xFFFF, 0xFFFF, 0xFFFF, 0xFFFF, 0x8C15, 0x208B, 0xE73D, 0xFFFF, 0xFFFF,
    0xFFFF, 0x394D, 0x7352, 0xFFFF, 0xFFFF, 0xFFFF, 0xFFFF, 0xF79E, 0x416E, 0x30CE, 0x410F, 0x390F, 0x390F, 0x38EE, 0x38EE, 0x38EE,
    0x38EE, 0x38CD, 0x30CD, 0x30CD, 0x30CD, 0x30CC, 0x30AC, 0x30AC, 0x30AB, 0x28AB, 0x288B, 0x288B, 0x288A, 0x288A, 0x286A, 0x2869,
    0x2069, 0x2069, 0x2068, 0x2048, 0x2048, 0x2048, 0x2048, 0x2048, 0x5174, 0x5174, 0x5194, 0x5194, 0x5194, 0x5194, 0x5194, 0x5194,
    0x5194, 0x5195, 0x5195, 0x5195, 0x5195, 0x5195, 0x5195, 0x5195, 0x5195, 0x5195, 0x5195, 0x5195, 0x5195, 0x5194, 0x5194, 0x5194,
    0x5194, 0x5194, 0x5194, 0x5194, 0x5194, 0x5194, 0x5194, 0x5194, 0x5173, 0x4973, 0x4131, 0xDEDD, 0xFFFF, 0xFFFF, 0xFFFF, 0xFFFF,
    0xEF3D, 0x208B, 0x8BF5, 0xFFFF, 0xFFDF, 0xFFFF, 0xFFFF, 0x392D, 0x7352, 0xFFFF, 0xFFFF, 0xFFFF, 0xFFFF, 0xF79E, 0x416E, 0x30CD,
    0x390F, 0x38EF, 0x38EE, 0x38EE, 0x38EE, 0x38EE, 0x38CD, 0x30CD, 0x30CD, 0x30CD, 0x30CC, 0x30AC, 0x30AC, 0x30AB, 0x28AB, 0x288B,
    0x288B, 0x288A, 0x288A, 0x288A, 0x2869, 0x2069, 0x2069, 0x2068, 0x2048, 0x2048, 0x2048, 0x2048, 0x2048, 0x2048, 0x6235, 0x5173,
    0x5173, 0x5194, 0x5174, 0x5194, 0x5194, 0x5194, 0x5194, 0x5194, 0x5194, 0x5194, 0x5194, 0x5194, 0x5194, 0x5194, 0x5194, 0x5194,
    0x5194, 0x5194, 0x5194, 0x5194, 0x5194, 0x5194, 0x5194, 0x5194, 0x5194, 0x5194, 0x5174, 0x5174, 0x5173, 0x5173, 0x5193, 0x38D0,
    0x8BD6, 0xFFFF, 0xFFFF, 0xFFFF, 0xFFFF, 0xFFFF, 0x7B93, 0x28CC, 0xEF7E, 0xFFFF, 0xFFFF, 0xFFFF, 0xFFFF, 0x392C, 0x7352, 0xFFFF,
    0xFFFF, 0xFFFF, 0xFFFF, 0xF79E, 0x416E, 0x30CD, 0x390F, 0x38EE, 0x38EE, 0x38EE, 0x38EE, 0x38CD, 0x30CD, 0x30CD, 0x30CD, 0x30CC,
    0x30AC, 0x30AC, 0x30AB, 0x28AB, 0x28AB, 0x288B, 0x288A, 0x288A, 0x288A, 0x2869, 0x2069, 0x2069, 0x2069, 0x2048, 0x2048, 0x2048,
    0x2048, 0x2048, 0x2048, 0x390A, 0x5193, 0x6214, 0x4973, 0x4973, 0x5173, 0x5173, 0x5174, 0x5174, 0x5174, 0x5194, 0x5194, 0x5194,
    0x5194, 0x5194, 0x5194, 0x5194, 0x5194, 0x5194, 0x5194, 0x5194, 0x5194, 0x5194, 0x5194, 0x5194, 0x5174, 0x5174, 0x5173, 0x5173,
    0x5173, 0x4973, 0x4973, 0x4973, 0x4952, 0x4970, 0xE71D, 0xFFFF, 0xFFFF, 0xFFFF, 0xFFFF, 0xDEDC, 0x184A, 0x9C96, 0xFFFF, 0xFFFF,
    0xFFFF, 0xFFFF, 0xFFFF, 0x392C, 0x7352, 0xFFFF, 0xFFFF, 0xFFFF, 0xFFFF, 0xF79E, 0x418E, 0x30CD, 0x390E, 0x38EE, 0x38EE, 0x38EE,
    0x38CD, 0x30CD, 0x30CD, 0x30CD, 0x30CC, 0x30AC, 0x30AC, 0x30AB, 0x28AB, 0x28AB, 0x288B, 0x288A, 0x288A, 0x288A, 0x2869, 0x2069,
    0x2069, 0x2069, 0x2048, 0x2048, 0x2048, 0x2048, 0x2048, 0x2048, 0x390A, 0x28A9, 0x4952, 0x5193, 0x6214, 0x4973, 0x4973, 0x4973,
    0x4973, 0x4973, 0x5173, 0x5173, 0x5173, 0x5173, 0x5173, 0x5174, 0x5174, 0x5174, 0x5174, 0x5174, 0x5174, 0x5174, 0x5173, 0x5173,
    0x5173, 0x5173, 0x5173, 0x4973, 0x4973, 0x4973, 0x4973, 0x4973, 0x4973, 0x4973, 0x38D0, 0x9457, 0xFFFF, 0xFFFF, 0xFFFF, 0xFFFF,
    0xFFFF, 0x6AF1, 0x310C, 0xF7BE, 0xFFFF, 0xFFFF, 0xFFFF, 0xFFFF, 0xFFFF, 0x392C, 0x7332, 0xFFFF, 0xFFFF, 0xFFFF, 0xFFFF, 0xF79E,
    0x390C, 0x284C, 0x38CE, 0x38EE, 0x38EE, 0x38CD, 0x30CD, 0x30CD, 0x30CD, 0x30CC, 0x30AC, 0x30AC, 0x30AC, 0x28AB, 0x28AB, 0x288B,
    0x288A, 0x288A, 0x288A, 0x286A, 0x2869, 0x2069, 0x2069, 0x2068, 0x2048, 0x2048, 0x2048, 0x2048, 0x2048, 0x390A, 0x28A9, 0x1827,
    0x4972, 0x4952, 0x5193, 0x5A14, 0x4973, 0x4973, 0x4973, 0x4973, 0x4973, 0x4973, 0x4973, 0x4973, 0x4973, 0x4973, 0x4973, 0x4973,
    0x4973, 0x4973, 0x4973, 0x4973, 0x4973, 0x4973, 0x4973, 0x4973, 0x4973, 0x4973, 0x4973, 0x4973, 0x4973, 0x4973, 0x4972, 0x4131,
    0x4991, 0xEF7E, 0xFFFF, 0xFFFF, 0xFFFF, 0xFFFF, 0xD67B, 0x1809, 0xAD17, 0xFFFF, 0xFFFF, 0xFFFF, 0xFFFF, 0xFFFF, 0xFFFF, 0x392C,
    0x7332, 0xFFFF, 0xFFFF, 0xFFFF, 0xFFFF, 0xF7BE, 0x6AD1, 0x5A50, 0x414E, 0x30CD, 0x38ED, 0x30CD, 0x30CD, 0x30CD, 0x30CC, 0x30AC,
    0x30AC, 0x30AC, 0x30AB, 0x28AB, 0x288B, 0x288A, 0x288A, 0x288A, 0x286A, 0x2869, 0x2069, 0x2069, 0x2068, 0x2048, 0x2048, 0x2048,
    0x2048, 0x2048, 0x390A, 0x28A9, 0x1827, 0x2048, 0x4952, 0x4952, 0x4952, 0x5193, 0x5A14, 0x4952, 0x4952, 0x4973, 0x4973, 0x4973,
    0x4973, 0x4973, 0x4973, 0x4973, 0x4973, 0x4973, 0x4973, 0x4973, 0x4973, 0x4973, 0x4973, 0x4973, 0x4973, 0x4973, 0x4973, 0x4973,
    0x4972, 0x4952, 0x4952, 0x4952, 0x4972, 0x30AF, 0xA4B7, 0xFFFF, 0xFFFF, 0xFFFF, 0xFFFF, 0xFFFF, 0x5A4F, 0x416D, 0xFFDF, 0xFFFF,
    0xFFFF, 0xFFFF, 0xFFFF, 0xFFFF, 0xFFFF, 0x392C, 0x7332, 0xFFFF, 0xFFFF, 0xFFFF, 0xFFFF, 0xFFFF, 0xFFFF, 0xFFFF, 0x6AD1, 0x286C,
    0x38ED, 0x30CD, 0x30CD, 0x30CC, 0x30AC, 0x30AC, 0x30AC, 0x28AB, 0x28AB, 0x288B, 0x288A, 0x288A, 0x288A, 0x286A, 0x2869, 0x2069,
    0x2069, 0x2069, 0x2048, 0x2048, 0x2048, 0x2048, 0x2048, 0x390A, 0x28A9, 0x1827, 0x2048, 0x2048, 0x4951, 0x4952, 0x4952, 0x4932,
    0x4992, 0x5A14, 0x4952, 0x4952, 0x4952, 0x4952, 0x4952, 0x4952, 0x4952, 0x4952, 0x4952, 0x4952, 0x4952, 0x4952, 0x4952, 0x4952,
    0x4952, 0x4952, 0x4952, 0x4952, 0x4952, 0x4952, 0x4952, 0x4952, 0x4952, 0x4952, 0x4110, 0x51D1, 0xF79E, 0xFFFF, 0xFFFF, 0xFFFF,
    0xFFFF, 0xC5F9, 0x1009, 0xB599, 0xFFFF, 0xFFFF, 0xFFFF, 0xFFFF, 0xFFFF, 0xFFFF, 0xFFFF, 0x312C, 0x7332, 0xFFFF, 0xFFFF, 0xFFFF,
    0xFFFF, 0xFFFF, 0xFFFF, 0xFFFF, 0x62B0, 0x206B, 0x38ED, 0x30CC, 0x30CC, 0x30AC, 0x30AC, 0x30AC, 0x28AB, 0x28AB, 0x288B, 0x288A,
    0x288A, 0x288A, 0x286A, 0x2869, 0x2069, 0x2069, 0x2069, 0x2048, 0x2048, 0x2048, 0x2048, 0x2048, 0x390A, 0x28A9, 0x1827, 0x2048,
    0x2048, 0x2048, 0x4131, 0x4951, 0x4951, 0x4951, 0x4131, 0x4972, 0x59F3, 0x4952, 0x4952, 0x4952, 0x4952, 0x4952, 0x4952, 0x4952,
    0x4952, 0x4952, 0x4952, 0x4952, 0x4952, 0x4952, 0x4952, 0x4952, 0x4952, 0x4952, 0x4952, 0x4952, 0x4952, 0x4952, 0x4951, 0x4951,
    0x30AE, 0xB538, 0xFFFF, 0xFFFF, 0xFFFF, 0xFFFF, 0xFFFF, 0x49CE, 0x49CE, 0xFFDF, 0xFFDF, 0xFFDF, 0xFFFF, 0xFFFF, 0xFFDF, 0xFFFF,
    0xFFDF, 0x310B, 0x7331, 0xFFDF, 0xFFDF, 0xFFFF, 0xFFFF, 0xFFFF, 0xFFFF, 0xFFFF, 0x62B0, 0x204A, 0x30CD, 0x30CC, 0x30AC, 0x30AC,
    0x30AB, 0x28AB, 0x28AB, 0x288B, 0x288A, 0x288A, 0x288A, 0x288A, 0x2869, 0x2069, 0x2069, 0x2069, 0x2048, 0x2048, 0x2048, 0x2048,
    0x2048, 0x390A, 0x28A9, 0x1827, 0x2048, 0x2048, 0x2048, 0x2048, 0x4131, 0x4131, 0x4131, 0x4131, 0x4951, 0x4131, 0x4972, 0x59F3,
    0x4951, 0x4951, 0x4952, 0x4952, 0x4952, 0x4952, 0x4952, 0x4952, 0x4952, 0x4952, 0x4952, 0x4952, 0x4952, 0x4952, 0x4952, 0x4952,
    0x4951, 0x4951, 0x4951, 0x4951, 0x4951, 0x38EF, 0x5A31, 0xFFDF, 0xFFFF, 0xFFFF, 0xFFFF, 0xFFFF, 0xB578, 0x1829, 0xD69B, 0xFFFF,
    0xFFFF, 0xFFFF, 0xFFFF, 0xFFFF, 0xFFFF, 0xFFFF, 0xFFFF, 0x312B, 0x7B52, 0xFFFF, 0xFFFF, 0xFFFF, 0xFFFF, 0xFFFF, 0xFFFF, 0xFFFF,
    0x62B0, 0x204A, 0x30CD, 0x30AC, 0x30AC, 0x30AB, 0x28AB, 0x28AB, 0x288B, 0x288A, 0x288A, 0x288A, 0x288A, 0x2869, 0x2069, 0x2069,
    0x2069, 0x2048, 0x2048, 0x2048, 0x2048, 0x2048, 0x390A, 0x28A9, 0x1827, 0x2048, 0x2048, 0x2048, 0x2048, 0x2048, 0x4130, 0x4130,
    0x4131, 0x4131, 0x4131, 0x4131, 0x4131, 0x4971, 0x59F3, 0x4131, 0x4131, 0x4951, 0x4951, 0x4951, 0x4951, 0x4951, 0x4951, 0x4951,
    0x4951, 0x4951, 0x4951, 0x4151, 0x4151, 0x4131, 0x4131, 0x4131, 0x4131, 0x4131, 0x4151, 0x30AE, 0xBDB9, 0xFFFF, 0xFFFF, 0xFFFF,
    0xFFFF, 0xF79E, 0x394C, 0x28AB, 0x83B4, 0x7B93, 0x7B92, 0x7B92, 0x7B92, 0x7B92, 0x7B92, 0x7B92, 0x7B92, 0x30EB, 0x49AD, 0x7B92,
    0x7B92, 0xEF7E, 0xFFFF, 0xFFFF, 0xFFFF, 0xFFFF, 0x62AF, 0x204A, 0x30CC, 0x30AC, 0x30AB, 0x28AB, 0x28AB, 0x288B, 0x288A, 0x288A,
    0x288A, 0x288A, 0x2869, 0x2069, 0x2069, 0x2069, 0x2048, 0x2048, 0x2048, 0x2048, 0x2048, 0x390A, 0x28A9, 0x1827, 0x2048, 0x2048,
    0x2048, 0x2048, 0x2048, 0x2048, 0x4130, 0x4130, 0x4130, 0x4130, 0x4130, 0x4130, 0x4131, 0x4110, 0x4971, 0x59F2, 0x4131, 0x4131,
    0x4131, 0x4131, 0x4131, 0x4131, 0x4131, 0x4131, 0x4131, 0x4131, 0x4131, 0x4131, 0x4131, 0x4131, 0x4131, 0x4131, 0x4131, 0x4151,
    0x38CF, 0x6292, 0xFFFF, 0xFFFF, 0xFFFF, 0xFFFF, 0xFFFF, 0xBDB9, 0x49CE, 0x5A50, 0x49AE, 0x41AD, 0x41AD, 0x418D, 0x418C, 0x418C,
    0x418C, 0x418D, 0x41AD, 0x28CB, 0x310C, 0x41AC, 0x41AC, 0xE73D, 0xFFFF, 0xFFFF, 0xFFFF, 0xFFFF, 0x628F, 0x2029, 0x30CC, 0x30AB,
    0x28AB, 0x28AB, 0x288B, 0x288A, 0x288A, 0x288A, 0x286A, 0x2869, 0x2069, 0x2069, 0x2069, 0x2048, 0x2048, 0x2048, 0x2048, 0x2048,
    0x390A, 0x28A9, 0x1827, 0x2048, 0x2048, 0x2048, 0x2048, 0x2048, 0x2048, 0x2048, 0x410F, 0x4110, 0x4110, 0x4130, 0x4130, 0x4130,
    0x4130, 0x4130, 0x4110, 0x4951, 0x59F2, 0x4130, 0x4130, 0x4131, 0x4131, 0x4131, 0x4131, 0x4131, 0x4131, 0x4131, 0x4130, 0x4130,
    0x4130, 0x4130, 0x4130, 0x4130, 0x4130, 0x4151, 0x308D, 0x83B4, 0xFFFF, 0xFFFF, 0xFFFF, 0xFFFF, 0xFFFF, 0xFFFF, 0xFFFF, 0xFFFF,
    0xFFFF, 0xFFFF, 0xFFFF, 0xFFFF, 0xFFFF, 0xFFFF, 0xFFFF, 0xFFFF, 0xFFFF, 0x392C, 0x7B52, 0xFFFF, 0xFFFF, 0xFFFF, 0xFFFF, 0xFFFF,
    0xFFFF, 0xFFFF, 0x628F, 0x2029, 0x30CC, 0x28AB, 0x288B, 0x288B, 0x288A, 0x288A, 0x288A, 0x288A, 0x2869, 0x2069, 0x2069, 0x2069,
    0x2048, 0x2048, 0x2048, 0x2048, 0x2048, 0x390A, 0x28A9, 0x1827, 0x2048, 0x2048, 0x2048, 0x2048, 0x2048, 0x2048, 0x2048, 0x2048,
    0x390F, 0x390F, 0x410F, 0x4110, 0x4110, 0x4110, 0x4110, 0x4130, 0x4130, 0x4110, 0x4951, 0x51D2, 0x4130, 0x4130, 0x4130, 0x4130,
    0x4130, 0x4130, 0x4130, 0x4130, 0x4130, 0x4130, 0x4130, 0x4130, 0x4130, 0x4110, 0x4110, 0x4130, 0x288D, 0x7B93, 0xFFFF, 0xFFFF,
    0xFFFF, 0xFFFF, 0xFFFF, 0xFFFF, 0xFFFF, 0xFFFF, 0xFFFF, 0xFFFF, 0xFFFF, 0xFFFF, 0xFFFF, 0xFFFF, 0xFFFF, 0xFFFF, 0xFFFF, 0x310B,
    0x7331, 0xFFFF, 0xFFDF, 0xFFFF, 0xFFFF, 0xFFFF, 0xFFFF, 0xFFFF, 0x628F, 0x1829, 0x30AB, 0x288B, 0x288B, 0x288A, 0x288A, 0x288A,
    0x286A, 0x2869, 0x2069, 0x2069, 0x2069, 0x2048, 0x2048, 0x2048, 0x2048, 0x2048, 0x390A, 0x28A9, 0x1827, 0x2048, 0x2048, 0x2048,
    0x2048, 0x2048, 0x2048, 0x2048, 0x2048, 0x2048, 0x390F, 0x390F, 0x390F, 0x410F, 0x410F, 0x410F, 0x4110, 0x4110, 0x4110, 0x4130,
    0x390F, 0x4150, 0x51D2, 0x4110, 0x4110, 0x4130, 0x4110, 0x4110, 0x4110, 0x4110, 0x4110, 0x4110, 0x4110, 0x4110, 0x4110, 0x4110,
    0x410F, 0x4130, 0x286C, 0x7B73, 0xFFFF, 0xFFDF, 0xFFFF, 0xFFFF, 0xFFFF, 0xFFFF, 0xFFFF, 0xFFFF, 0xFFFF, 0xFFFF, 0xFFFF, 0xFFFF,
    0xFFFF, 0xFFFF, 0xFFFF, 0xFFFF, 0xFFFF, 0x310B, 0x7331, 0xFFFF, 0xFFFF, 0xFFFF, 0xFFFF, 0xFFFF, 0xFFDF, 0xFFFF, 0x5A8F, 0x1829,
    0x30AB, 0x288A, 0x288A, 0x288A, 0x288A, 0x286A, 0x2869, 0x2069, 0x2069, 0x2069, 0x2048, 0x2048, 0x2048, 0x2048, 0x2048, 0x390A,
    0x28A9, 0x1827, 0x2048, 0x2048, 0x2048, 0x2048, 0x2048, 0x2048, 0x2048, 0x2048, 0x2048, 0x2048, 0x38EE, 0x38EF, 0x390F, 0x390F,
    0x390F, 0x390F, 0x390F, 0x390F, 0x410F, 0x390F, 0x410F, 0x38EF, 0x4150, 0x51D1, 0x410F, 0x390F, 0x410F, 0x410F, 0x410F, 0x410F,
    0x410F, 0x410F, 0x410F, 0x410F, 0x410F, 0x390F, 0x390F, 0x412F, 0x286C, 0x83B3, 0xFFFF, 0xFFFF, 0xFFFF, 0xFFFF, 0xFFFF, 0xFFFF,
    0xFFFF, 0xFFFF, 0xFFFF, 0xFFFF, 0xFFFF, 0xFFFF, 0xFFFF, 0xFFFF, 0xFFFF, 0xFFFF, 0xFFFF, 0x28EA, 0x6B10, 0xFFFF, 0xFFFF, 0xFFFF,
    0xFFFF, 0xFFFF, 0xFFFF, 0xFFFF, 0x62AF, 0x1808, 0x28AB, 0x288A, 0x288A, 0x288A, 0x2869, 0x2869, 0x2069, 0x2069, 0x2069, 0x2048,
    0x2048, 0x2048, 0x2048, 0x2048, 0x390A, 0x28A9, 0x1827, 0x2048, 0x2048, 0x2048, 0x2048, 0x2048, 0x2048, 0x2048, 0x2048, 0x2048,
    0x2048, 0x2048, 0x38EE, 0x38EE, 0x38EE, 0x38EE, 0x38EE, 0x390F, 0x390F, 0x390F, 0x390F, 0x390F, 0x390F, 0x390F, 0x38EF, 0x4130,
    0x51D1, 0x390F, 0x390F, 0x390F, 0x390F, 0x390F, 0x390F, 0x390F, 0x390F, 0x390F, 0x390F, 0x390F, 0x390F, 0x390F, 0x30CD, 0x498E,
    0x6AD0, 0x62B0, 0x62AF, 0x62AF, 0x62AF, 0x62AF, 0x62AF, 0x62AF, 0x62AF, 0x62AF, 0x62AF, 0x526D, 0xC5F9, 0xFFFF, 0xFFFF, 0xFFFF,
    0xFFFF, 0x394B, 0x7351, 0xFFFF, 0xFFFF, 0xFFFF, 0xFFFF, 0xF7BE, 0x6B0F, 0x5A8E, 0x310A, 0x2069, 0x288A, 0x288A, 0x286A, 0x2869,
    0x2069, 0x2069, 0x2069, 0x2068, 0x2048, 0x2048, 0x2048, 0x2048, 0x2048, 0x390A, 0x28A9, 0x1827, 0x2048, 0x2048, 0x2048, 0x2048,
    0x2048, 0x2048, 0x2048, 0x2048, 0x2048, 0x2048, 0x2048, 0x2048, 0x38ED, 0x38EE, 0x38EE, 0x38EE, 0x38EE, 0x38EE, 0x38EE, 0x38EE,
    0x38EE, 0x38EF, 0x38EF, 0x38EF, 0x390F, 0x38EF, 0x412F, 0x51B1, 0x38EF, 0x38EF, 0x390F, 0x38EF, 0x38EF, 0x38EF, 0x38EF, 0x38EF,
    0x38EE, 0x38EE, 0x38EE, 0x38EE, 0x38EE, 0x30AC, 0x204A, 0x204A, 0x2049, 0x2049, 0x1849, 0x1849, 0x1849, 0x1829, 0x1829, 0x1829,
    0x1849, 0x0806, 0xA4F6, 0xFFFF, 0xFFDF, 0xFFFF, 0xFFFF, 0xEF5D, 0xF79E, 0xFFFF, 0xFFFF, 0xFFFF, 0xFFFF, 0xF77E, 0x20A8, 0x1006,
    0x2069, 0x288A, 0x288A, 0x286A, 0x2869, 0x2069, 0x2069, 0x2069, 0x2068, 0x2048, 0x2048, 0x2048, 0x2048, 0x2048, 0x390A, 0x28A9,
    0x1827, 0x2048, 0x2048, 0x2048, 0x2048, 0x2048, 0x2048, 0x2048, 0x2048, 0x2048, 0x2048, 0x2048, 0x2048, 0x2048, 0x30CD, 0x30CD,
    0x38ED, 0x38EE, 0x38EE, 0x38EE, 0x38EE, 0x38EE, 0x38EE, 0x38EE, 0x38EE, 0x38EE, 0x38EE, 0x38EE, 0x38EE, 0x412F, 0x51B0, 0x38EE,
    0x38EE, 0x38EE, 0x38EE, 0x38EE, 0x38EE, 0x38EE, 0x38EE, 0x38EE, 0x38EE, 0x38EE, 0x38EE, 0x38ED, 0x38ED, 0x30ED, 0x30EC, 0x30EC,
    0x30CC, 0x30CC, 0x30CC, 0x30CC, 0x30CC, 0x30CC, 0x30EC, 0x1829, 0xAD37, 0xFFFF, 0xFFDF, 0xFFFF, 0xFFFF, 0xFFFF, 0xFFFF, 0xFFFF,
    0xFFFF, 0xFFFF, 0xFFFF, 0xF79E, 0x312A, 0x2069, 0x288A, 0x2889, 0x2869, 0x2869, 0x2069, 0x2069, 0x2069, 0x2048, 0x2048, 0x2048,
    0x2048, 0x2048, 0x2048, 0x390A, 0x28A9, 0x1827, 0x2048, 0x2048, 0x2048, 0x2048, 0x2048, 0x2048, 0x2048, 0x2048, 0x2048, 0x2048,
    0x2048, 0x2048, 0x2048, 0x2048, 0x30CD, 0x30CD, 0x30CD, 0x30CD, 0x38ED, 0x38ED, 0x38EE, 0x38EE, 0x38EE, 0x38EE, 0x38EE, 0x38EE,
    0x38EE, 0x38EE, 0x38EE, 0x38CE, 0x412F, 0x49B0, 0x38EE, 0x38EE, 0x38EE, 0x38EE, 0x38EE, 0x38EE, 0x38EE, 0x38EE, 0x38EE, 0x38EE,
    0x38ED, 0x38ED, 0x30CD, 0x30CD, 0x30CD, 0x30CD, 0x30CD, 0x30CD, 0x30CC, 0x30CC, 0x30CC, 0x30CC, 0x30CC, 0x1829, 0xAD17, 0xFFDF,
    0xFFBF, 0xFFDF, 0xFFDF, 0xFFDF, 0xFFDF, 0xFFDF, 0xFFDF, 0xFFDF, 0xFFDF, 0xEF7E, 0x310A, 0x2048, 0x2889, 0x2869, 0x2069, 0x2069,
    0x2069, 0x2069, 0x2048, 0x2048, 0x2048, 0x2048, 0x2048, 0x2048, 0x390A, 0x28A9, 0x1827, 0x2048, 0x2048, 0x2048, 0x2048, 0x2048,
    0x2048, 0x2048, 0x2048, 0x2048, 0x2048, 0x2048, 0x2048, 0x2048, 0x2048, 0x2048, 0x30CC, 0x30CC, 0x30CD, 0x30CD, 0x30CD, 0x30CD,
    0x30CD, 0x38CD, 0x38ED, 0x38ED, 0x38ED, 0x38EE, 0x38EE, 0x38EE, 0x38EE, 0x38EE, 0x30CD, 0x390E, 0x4990, 0x38EE, 0x38CD, 0x38EE,
    0x38ED, 0x38ED, 0x38ED, 0x38CD, 0x38CD, 0x30CD, 0x30CD, 0x30CD, 0x30CD, 0x30CD, 0x30CD, 0x30CD, 0x30CD, 0x30CC, 0x30CC, 0x30CC,
    0x30CC, 0x30AC, 0x30CC, 0x1808, 0xB578, 0xFFFF, 0xFFFF, 0xFFFF, 0xFFFF, 0xFFFF, 0xFFFF, 0xFFFF, 0xFFFF, 0xFFFF, 0xFFFF, 0xFFFF,
    0x312A, 0x2048, 0x2889, 0x2069, 0x2069, 0x2069, 0x2068, 0x2048, 0x2048, 0x2048, 0x2048, 0x2048, 0x2048, 0x390A, 0x28A9, 0x1827,
    0x2048, 0x2048, 0x2048, 0x2048, 0x2048, 0x2048, 0x2048, 0x2048, 0x2048, 0x2048, 0x2048, 0x2048, 0x2048, 0x2048, 0x2048, 0x2047,
    0x30AC, 0x30CC, 0x30CC, 0x30CC, 0x30CC, 0x30CD, 0x30CD, 0x30CD, 0x30CD, 0x30CD, 0x30CD, 0x30CD, 0x30CD, 0x30CD, 0x30CD, 0x30CD,
    0x38ED, 0x30CD, 0x390E, 0x498F, 0x30CD, 0x30CD, 0x30CD, 0x30CD, 0x30CD, 0x30CD, 0x30CD, 0x30CD, 0x30CD, 0x30CD, 0x30CD, 0x30CC,
    0x30CC, 0x30CC, 0x30CC, 0x30AC, 0x30AC, 0x30AC, 0x30AC, 0x30AC, 0x30AB, 0x2049, 0x6AD0, 0x9454, 0x8C33, 0x8C33, 0x8C33, 0x8C33,
    0x8C33, 0x8C33, 0x8C33, 0x8C13, 0x8C33, 0x83F2, 0x28A9, 0x2048, 0x2069, 0x2069, 0x2069, 0x2068, 0x2048, 0x2048, 0x2048, 0x2048,
    0x2048, 0x2048, 0x390A, 0x28A9, 0x1827, 0x2048, 0x2048, 0x2048, 0x2048, 0x2048, 0x2048, 0x2048, 0x2048, 0x2048, 0x2048, 0x2048,
    0x2048, 0x2048, 0x2048, 0x2048, 0x2047, 0x2047, 0x30AB, 0x30AC, 0x30AC, 0x30AC, 0x30AC, 0x30CC, 0x30CC, 0x30CC, 0x30CD, 0x30CD,
    0x30CD, 0x30CD, 0x30CD, 0x30CD, 0x30CD, 0x30CD, 0x30CD, 0x30CD, 0x30AD, 0x390D, 0x498F, 0x30CD, 0x30CD, 0x30CD, 0x30CD, 0x30CD,
    0x30CD, 0x30CC, 0x30CC, 0x30CC, 0x30CC, 0x30CC, 0x30AC, 0x30AC, 0x30AC, 0x30AC, 0x30AC, 0x30AC, 0x30AB, 0x30AB, 0x28AB, 0x28AA,
    0x1828, 0x1007, 0x1006, 0x1006, 0x0806, 0x0806, 0x0806, 0x0805, 0x0805, 0x0805, 0x0805, 0x1006, 0x2048, 0x2068, 0x2069, 0x2068,
    0x2048, 0x2048, 0x2048, 0x2048, 0x2048, 0x2048, 0x2048, 0x390A, 0x28A9, 0x1827, 0x2048, 0x2048, 0x2048, 0x2048, 0x2048, 0x2048,
    0x2048, 0x2048, 0x2048, 0x2048, 0x2048, 0x2048, 0x2048, 0x2048, 0x2048, 0x2047, 0x2047, 0x2047, 0x28AB, 0x30AB, 0x30AB, 0x30AC,
    0x30AC, 0x30AC, 0x30AC, 0x30CC, 0x30CC, 0x30CC, 0x30CC, 0x30CC, 0x30CC, 0x30CC, 0x30CC, 0x30CC, 0x30CC, 0x30CC, 0x30CD, 0x30AC,
    0x38ED, 0x498F, 0x30CC, 0x30AC, 0x30CC, 0x30CC, 0x30CC, 0x30AC, 0x30AC, 0x30AC, 0x30AC, 0x30AC, 0x30AC, 0x30AC, 0x30AC, 0x30AB,
    0x30AB, 0x28AB, 0x28AB, 0x28AB, 0x288B, 0x288A, 0x28AA, 0x28AA, 0x28AA, 0x2889, 0x2889, 0x2889, 0x2889, 0x2889, 0x2089, 0x2089,
    0x2089, 0x2089, 0x2068, 0x2068, 0x2048, 0x2048, 0x2048, 0x2048, 0x2048, 0x2048, 0x2048, 0x2048, 0x390A, 0x28A9, 0x1827, 0x2048,
    0x2048, 0x2048, 0x2048, 0x2048, 0x2048, 0x2048, 0x2048, 0x2048, 0x2048, 0x2048, 0x2048, 0x2048, 0x2048, 0x2048, 0x2048, 0x2047,
    0x2047, 0x2047, 0x28AB, 0x28AB, 0x28AB, 0x28AB, 0x28AB, 0x30AB, 0x30AB, 0x30AC, 0x30AC, 0x30AC, 0x30AC, 0x30AC, 0x30AC, 0x30AC,
    0x30AC, 0x30AC, 0x30AC, 0x30AC, 0x30AC, 0x30CC, 0x30AC, 0x38ED, 0x498E, 0x30AC, 0x30AC, 0x30AC, 0x30AC, 0x30AC, 0x30AC, 0x30AC,
    0x30AC, 0x30AB, 0x30AB, 0x30AB, 0x28AB, 0x28AB, 0x28AB, 0x28AB, 0x288B, 0x288B, 0x288B, 0x288A, 0x288A, 0x288A, 0x288A, 0x288A,
    0x288A, 0x286A, 0x2869, 0x2069, 0x2069, 0x2069, 0x2069, 0x2069, 0x2068, 0x2048, 0x2048, 0x2048, 0x2048, 0x2048, 0x2048, 0x2048,
    0x2048, 0x390A, 0x28A9, 0x1827, 0x2048, 0x2048, 0x2048, 0x2048, 0x2048, 0x2048, 0x2048, 0x2048, 0x2048, 0x2048, 0x2048, 0x2048,
    0x2048, 0x2048, 0x2048, 0x2048, 0x2047, 0x2047, 0x2047, 0x2047, 0x288A, 0x288A, 0x28AB, 0x28AB, 0x28AB, 0x28AB, 0x28AB, 0x30AB,
    0x30AB, 0x30AB, 0x30AB, 0x30AC, 0x30AC, 0x30AC, 0x30AC, 0x30AC, 0x30AC, 0x30AC, 0x30AC, 0x30AC, 0x30AC, 0x288B, 0x30EC, 0x416E,
    0x30AB, 0x30AB, 0x30AB, 0x30AB, 0x30AB, 0x30AB, 0x28AB, 0x28AB, 0x28AB, 0x28AB, 0x288B, 0x288B, 0x288B, 0x288B, 0x288A, 0x288A,
    0x288A, 0x288A, 0x288A, 0x288A, 0x288A, 0x286A, 0x2869, 0x2069, 0x2069, 0x2069, 0x2069, 0x2069, 0x2068, 0x2048, 0x2048, 0x2048,
    0x2048, 0x2048, 0x2048, 0x2048, 0x2048, 0x2048, 0x390A, 0x28A9, 0x1827, 0x2048, 0x2048, 0x2048, 0x2048, 0x2048, 0x2048, 0x2048,
    0x2048, 0x2048, 0x2048, 0x2048, 0x2048, 0x2048, 0x2048, 0x2048, 0x2048, 0x2047, 0x2047, 0x2047, 0x2047, 0x2047, 0x288A, 0x288A,
    0x288A, 0x288A, 0x288A, 0x288A, 0x288B, 0x288B, 0x28AB, 0x28AB, 0x28AB, 0x28AB, 0x28AB, 0x30AB, 0x30AB, 0x30AB, 0x30AB, 0x30AB,
    0x30AB, 0x30AB, 0x28AB, 0x30AB, 0x288B, 0x30CC, 0x416D, 0x28AB, 0x288B, 0x28AB, 0x28AB, 0x28AB, 0x288B, 0x288B, 0x288B, 0x288B,
    0x288A, 0x288A, 0x288A, 0x288A, 0x288A, 0x288A, 0x288A, 0x288A, 0x286A, 0x2869, 0x2869, 0x2069, 0x2069, 0x2069, 0x2069, 0x2069,
    0x2068, 0x2048, 0x2048, 0x2048, 0x2048, 0x2048, 0x2048, 0x2048, 0x2048, 0x2048, 0x2048, 0x390A, 0x28A9, 0x1827, 0x2048, 0x2048,
    0x2048, 0x2048, 0x2048, 0x2048, 0x2048, 0x2048, 0x2048, 0x2048, 0x2048, 0x2048, 0x2048, 0x2048, 0x2048, 0x2048, 0x2047, 0x2047,
    0x2047, 0x2047, 0x2047, 0x1847, 0x2889, 0x288A, 0x288A, 0x288A, 0x288A, 0x288A, 0x288A, 0x288A, 0x288A, 0x288B, 0x288B, 0x288B,
    0x28AB, 0x28AB, 0x28AB, 0x28AB, 0x28AB, 0x28AB, 0x28AB, 0x28AB, 0x288B, 0x288B, 0x28AB, 0x288B, 0x30CB, 0x416D, 0x288B, 0x288B,
    0x288B, 0x288A, 0x288A, 0x288A, 0x288A, 0x288A, 0x288A, 0x288A, 0x288A, 0x288A, 0x288A, 0x286A, 0x2869, 0x2869, 0x2069, 0x2069,
    0x2069, 0x2069, 0x2069, 0x2069, 0x2048, 0x2048, 0x2048, 0x2048, 0x2048, 0x2048, 0x2048, 0x2048, 0x2048, 0x2048, 0x2048, 0x2048,
    0x390A, 0x28A9, 0x1827, 0x2048, 0x2048, 0x2048, 0x2048, 0x2048, 0x2048, 0x2048, 0x2048, 0x2048, 0x2048, 0x2048, 0x2048, 0x2048,
    0x2048, 0x2048, 0x2048, 0x2047, 0x2047, 0x2047, 0x2047, 0x2047, 0x2047, 0x1847, 0x2089, 0x2889, 0x2889, 0x2889, 0x288A, 0x288A,
    0x288A, 0x288A, 0x288A, 0x288A, 0x288A, 0x288A, 0x288A, 0x288A, 0x288A, 0x288A, 0x288A, 0x288B, 0x288B, 0x288B, 0x288B, 0x288B,
    0x288A, 0x288B, 0x286A, 0x30CB, 0x414D, 0x288A, 0x288A, 0x288A, 0x288A, 0x288A, 0x288A, 0x288A, 0x288A, 0x288A, 0x286A, 0x2869,
    0x2869, 0x2069, 0x2069, 0x2069, 0x2069, 0x2069, 0x2069, 0x2068, 0x2048, 0x2048, 0x2048, 0x2048, 0x2048, 0x2048, 0x2048, 0x2048,
    0x2048, 0x2048, 0x2048, 0x2048, 0x2048, 0x390A, 0x28A9, 0x1827, 0x2048, 0x2048, 0x2048, 0x2048, 0x2048, 0x2048, 0x2048, 0x2048,
    0x2048, 0x2048, 0x2048, 0x2048, 0x2048, 0x2048, 0x2048, 0x2048, 0x2047, 0x2047, 0x2047, 0x2047, 0x2047, 0x2047, 0x1847, 0x1847,
    0x2069, 0x2069, 0x2069, 0x2069, 0x2069, 0x2869, 0x2889, 0x288A, 0x288A, 0x288A, 0x288A, 0x288A, 0x288A, 0x288A, 0x288A, 0x288A,
    0x288A, 0x288A, 0x288A, 0x288A, 0x288A, 0x288A, 0x288A, 0x288A, 0x288A, 0x286A, 0x30CB, 0x414C, 0x288A, 0x286A, 0x288A, 0x288A,
    0x286A, 0x2869, 0x2869, 0x2869, 0x2069, 0x2069, 0x2069, 0x2069, 0x2069, 0x2069, 0x2069, 0x2068, 0x2048, 0x2048, 0x2048, 0x2048,
    0x2048, 0x2048, 0x2048, 0x2048, 0x2048, 0x2048, 0x2048, 0x2048, 0x2048, 0x2048, 0x390A, 0x28A9, 0x1827, 0x2048, 0x2048, 0x2048,
    0x2048, 0x2048, 0x2048, 0x2048, 0x2048, 0x2048, 0x2048, 0x2048, 0x2048, 0x2048, 0x2048, 0x2048, 0x2047, 0x2047, 0x2047, 0x2047,
    0x2047, 0x2047, 0x2047, 0x1847, 0x1847, 0x1847, 0x2068, 0x2068, 0x2069, 0x2069, 0x2069, 0x2069, 0x2069, 0x2069, 0x2069, 0x2869,
    0x2869, 0x2869, 0x2869, 0x288A, 0x288A, 0x288A, 0x288A, 0x288A, 0x288A, 0x288A, 0x288A, 0x288A, 0x288A, 0x288A, 0x288A, 0x288A,
    0x2069, 0x28AA, 0x394C, 0x2869, 0x2069, 0x2869, 0x2069, 0x2069, 0x2069, 0x2069, 0x2069, 0x2069, 0x2069, 0x2069, 0x2068, 0x2048,
    0x2048, 0x2048, 0x2048, 0x2048, 0x2048, 0x2048, 0x2048, 0x2048, 0x2048, 0x2048, 0x2048, 0x2048, 0x2048, 0x2048, 0x2048, 0x390A,
    0x28A9, 0x1827, 0x2048, 0x2048, 0x2048, 0x2048, 0x2048, 0x2048, 0x2048, 0x2048, 0x2048, 0x2048, 0x2048, 0x2048, 0x2048, 0x2048,
    0x2048, 0x2047, 0x2047, 0x2047, 0x2047, 0x2047, 0x2047, 0x2047, 0x1847, 0x1847, 0x1847, 0x1847, 0x2068, 0x2068, 0x2068, 0x2068,
    0x2068, 0x2068, 0x2069, 0x2069, 0x2069, 0x2069, 0x2069, 0x2069, 0x2069, 0x2069, 0x2869, 0x2869, 0x2069, 0x2069, 0x2869, 0x2869,
    0x2869, 0x2869, 0x2869, 0x2869, 0x2869, 0x2069, 0x2869, 0x2049, 0x28AA, 0x392C, 0x2069, 0x2069, 0x2069, 0x2069, 0x2069, 0x2069,
    0x2069, 0x2068, 0x2048, 0x2048, 0x2048, 0x2048, 0x2048, 0x2048, 0x2048, 0x2048, 0x2048, 0x2048, 0x2048, 0x2048, 0x2048, 0x2048,
    0x2048, 0x2048, 0x2048, 0x2048, 0x390A, 0x28A9, 0x1827, 0x2048, 0x2048, 0x2048, 0x2048, 0x2048, 0x2048, 0x2048, 0x2048, 0x2048,
    0x2048, 0x2048, 0x2048, 0x2048, 0x2048, 0x2048, 0x2047, 0x2047, 0x2047, 0x2047, 0x2047, 0x2047, 0x1847, 0x1847, 0x1847, 0x1847,
    0x1847, 0x1847, 0x2047, 0x2048, 0x2048, 0x2048, 0x2068, 0x2068, 0x2068, 0x2068, 0x2068, 0x2068, 0x2068, 0x2069, 0x2069, 0x2069,
    0x2069, 0x2069, 0x2069, 0x2069, 0x2069, 0x2069, 0x2069, 0x2069, 0x2069, 0x2069, 0x2069, 0x2069, 0x2069, 0x2069, 0x2048, 0x2889,
    0x392B, 0x2069, 0x2048, 0x2068, 0x2048, 0x2048, 0x2048, 0x2048, 0x2048, 0x2048, 0x2048, 0x2048, 0x2048, 0x2048, 0x2048, 0x2048,
    0x2048, 0x2048, 0x2048, 0x2048, 0x2048, 0x2048, 0x2048, 0x2048, 0x2048, 0x390A, 0x28A9, 0x1827, 0x2048, 0x2048, 0x2048, 0x2048,
    0x2048, 0x2048, 0x2048, 0x2048, 0x2048, 0x2048, 0x2048, 0x2048, 0x2048, 0x2048, 0x2047, 0x2047, 0x2047, 0x2047, 0x2047, 0x2047,
    0x2047, 0x1847, 0x1847, 0x1847, 0x1847, 0x1847, 0x1847, 0x1847, 0x1847, 0x1847, 0x2047, 0x2047, 0x2048, 0x2048, 0x2048, 0x2048,
    0x2048, 0x2048, 0x2048, 0x2048, 0x2048, 0x2068, 0x2068, 0x2068, 0x2068, 0x2068, 0x2068, 0x2068, 0x2069, 0x2069, 0x2069, 0x2068,
    0x2068, 0x2068, 0x2068, 0x2068, 0x2068, 0x2048, 0x2889, 0x392B, 0x2048, 0x2048, 0x2048, 0x2048, 0x2048, 0x2048, 0x2048, 0x2048,
    0x2048, 0x2048, 0x2048, 0x2048, 0x2048, 0x2048, 0x2048, 0x2048, 0x2048, 0x2048, 0x2048, 0x2048, 0x2048, 0x2048, 0x390A, 0x28A9,
    0x1827, 0x2048, 0x2048, 0x2048, 0x2048, 0x2048, 0x2048, 0x2048, 0x2048, 0x2048, 0x2048, 0x2048, 0x2048, 0x2048, 0x2048, 0x2047,
    0x2047, 0x2047, 0x2047, 0x2047, 0x2047, 0x2047, 0x1847, 0x1847, 0x1847, 0x1847, 0x1847, 0x1847, 0x1847, 0x1847, 0x1847, 0x1847,
    0x1847, 0x1847, 0x1847, 0x2047, 0x2047, 0x2047, 0x2048, 0x2048, 0x2048, 0x2048, 0x2048, 0x2048, 0x2048, 0x2048, 0x2048, 0x2048,
    0x2048, 0x2048, 0x2048, 0x2048, 0x2048, 0x2048, 0x2048, 0x2048, 0x2048, 0x2048, 0x2048, 0x2048, 0x2028, 0x2889, 0x390B, 0x2048,
    0x2048, 0x2048, 0x2048, 0x2048, 0x2048, 0x2048, 0x2048, 0x2048, 0x2048, 0x2048, 0x2048, 0x2048, 0x2048, 0x2048, 0x2048, 0x2048,
    0x2048, 0x2048, 0x2048, 0x390A, 0x28A9, 0x1827, 0x2048, 0x2048, 0x2048, 0x2048, 0x2048, 0x2048, 0x2048, 0x2048, 0x2048, 0x2048,
    0x2048, 0x2048, 0x2048, 0x2047, 0x2047, 0x2047, 0x2047, 0x2047, 0x2047, 0x2047, 0x2047, 0x1847, 0x1847, 0x1847, 0x1847, 0x1847,
    0x1847, 0x1847, 0x1847, 0x1847, 0x1847, 0x1847, 0x1847, 0x1847, 0x1847, 0x1847, 0x1847, 0x1847, 0x1847, 0x1847, 0x2047, 0x2047,
    0x2047, 0x2047, 0x2048, 0x2048, 0x2048, 0x2048, 0x2048, 0x2048, 0x2048, 0x2048, 0x2048, 0x2048, 0x2048, 0x2048, 0x2048, 0x2048,
    0x2048, 0x2048, 0x2048, 0x1827, 0x2888, 0x390A, 0x2048, 0x2048, 0x2048, 0x2048, 0x2048, 0x2048, 0x2048, 0x2048, 0x2048, 0x2048,
    0x2048, 0x2048, 0x2048, 0x2048, 0x2048, 0x2048, 0x2048, 0x2048, 0x390A, 0x28A9, 0x1827, 0x2048, 0x2048, 0x2048, 0x2048, 0x2048,
    0x2048, 0x2048, 0x2048, 0x2048, 0x2048, 0x2048, 0x2048, 0x2048, 0x2047, 0x2047, 0x2047, 0x2047, 0x2047, 0x2047, 0x2047, 0x2047,
    0x1847, 0x1847, 0x1847, 0x1847, 0x1847, 0x1847, 0x1847, 0x1847, 0x1847, 0x1847, 0x1847, 0x1847, 0x1847, 0x1847, 0x1847, 0x1847,
    0x1847, 0x1847, 0x1847, 0x1847, 0x1847, 0x1847, 0x2047, 0x2047, 0x2047, 0x2047, 0x2047, 0x2047, 0x2047, 0x2047, 0x2047, 0x2048,
    0x2048, 0x2048, 0x2048, 0x2048, 0x2048, 0x2048, 0x2048, 0x2048, 0x2048, 0x2048, 0x1827, 0x2888, 0x390A, 0x2048, 0x2048, 0x2048,
    0x2048, 0x2048, 0x2048, 0x2048, 0x2048, 0x2048, 0x2048, 0x2048, 0x2048, 0x2048, 0x2048, 0x2048, 0x2047, 0x390A, 0x28A9, 0x1827,
    0x2048, 0x2048, 0x2048, 0x2048, 0x2048, 0x2048, 0x2048, 0x2048, 0x2048, 0x2048, 0x2048, 0x2047, 0x2047, 0x2047, 0x2047, 0x2047,
    0x2047, 0x2047, 0x2047, 0x2047, 0x1847, 0x1847, 0x1847, 0x1847, 0x1847, 0x1847, 0x1847, 0x1847, 0x1847, 0x1847, 0x1847, 0x1847,
    0x1846, 0x1847, 0x1847, 0x1847, 0x1847, 0x1847, 0x1847, 0x1847, 0x1847, 0x1847, 0x1847, 0x1847, 0x1847, 0x1847, 0x2047, 0x2047,
    0x2047, 0x2047, 0x2047, 0x2047, 0x2047, 0x2047, 0x2047, 0x2048, 0x2048, 0x2048, 0x2048, 0x2048, 0x2048, 0x2048, 0x2048, 0x2048,
    0x2048, 0x1827, 0x2888, 0x390A, 0x2048, 0x2048, 0x2048, 0x2048, 0x2048, 0x2048, 0x2048, 0x2048, 0x2048, 0x2048, 0x2048, 0x2048,
    0x2048, 0x2047, 0x310A, 0x28A9, 0x1827, 0x2048, 0x2048, 0x2048, 0x2048, 0x2048, 0x2048, 0x2048, 0x2048, 0x2048, 0x2048, 0x2047,
    0x2047, 0x2047, 0x2047, 0x2047, 0x2047, 0x2047, 0x2047, 0x2047, 0x1847, 0x1847, 0x1847, 0x1847, 0x1847, 0x1847, 0x1847, 0x1847,
    0x1847, 0x1847, 0x1847, 0x1847, 0x1847, 0x1846, 0x1846, 0x1846, 0x1847, 0x1847, 0x1847, 0x1847, 0x1847, 0x1847, 0x1847, 0x1847,
    0x1847, 0x1847, 0x1847, 0x1847, 0x1847, 0x1847, 0x2047, 0x2047, 0x2047, 0x2047, 0x2047, 0x2047, 0x2047, 0x2047, 0x2047, 0x2047,
    0x2048, 0x2048, 0x2048, 0x2048, 0x2048, 0x2048, 0x2048, 0x2048, 0x1827, 0x2888, 0x390A, 0x2048, 0x2048, 0x2048, 0x2048, 0x2048,
    0x2048, 0x2048, 0x2048, 0x2048, 0x2048, 0x2048, 0x1847, 0x310A, 0x28A9, 0x1827, 0x2048, 0x2048, 0x2048, 0x2048, 0x2048, 0x2048,
    0x2048, 0x2048, 0x2048, 0x2047, 0x2047, 0x2047, 0x2047, 0x2047, 0x2047, 0x2047, 0x2047, 0x2047, 0x1847, 0x1847, 0x1847, 0x1847,
    0x1847, 0x1847, 0x1847, 0x1847, 0x1847, 0x1847, 0x1847, 0x1847, 0x1847, 0x1847, 0x1846, 0x1846, 0x1846, 0x1846, 0x1846, 0x1847,
    0x1847, 0x1847, 0x1847, 0x1847, 0x1847, 0x1847, 0x1847, 0x1847, 0x1847, 0x1847, 0x1847, 0x1847, 0x1847, 0x2047, 0x2047, 0x2047,
    0x2047, 0x2047, 0x2047, 0x2047, 0x2047, 0x2047, 0x2047, 0x2047, 0x2047, 0x2048, 0x2048, 0x2048, 0x2048, 0x2048, 0x2048, 0x1827,
    0x2888, 0x390A, 0x2048, 0x2047, 0x2048, 0x2048, 0x2048, 0x2048, 0x2048, 0x2048, 0x2048, 0x1847, 0x310A, 0x28A9, 0x1827, 0x2048,
    0x2048, 0x2048, 0x2048, 0x2048, 0x2048, 0x2047, 0x2047, 0x2047, 0x2047, 0x2047, 0x2047, 0x2047, 0x2047, 0x2047, 0x2047, 0x2047,
    0x2047, 0x1847, 0x1847, 0x1847, 0x1847, 0x1847, 0x1847, 0x1847, 0x1847, 0x1847, 0x1847, 0x1847, 0x1847, 0x1847, 0x1847, 0x1846,
    0x1846, 0x1846, 0x1846, 0x1846, 0x1846, 0x1846, 0x1847, 0x1847, 0x1847, 0x1847, 0x1847, 0x1847, 0x1847, 0x1847, 0x1847, 0x1847,
    0x1847, 0x1847, 0x1847, 0x1847, 0x1847, 0x2047, 0x2047, 0x2047, 0x2047, 0x2047, 0x2047, 0x2047, 0x2047, 0x2047, 0x2047, 0x2047,
    0x2047, 0x2047, 0x2048, 0x2048, 0x2048, 0x2048, 0x1827, 0x2888, 0x390A, 0x2048, 0x2048, 0x2048, 0x2048, 0x2048, 0x2048, 0x2048,
    0x1847, 0x310A, 0x28A9, 0x1827, 0x2048, 0x2048, 0x2048, 0x2048, 0x2047, 0x2047, 0x2047, 0x2047, 0x2047, 0x2047, 0x2047, 0x2047,
    0x2047, 0x2047, 0x2047, 0x2047, 0x2047, 0x1847, 0x1847, 0x1847, 0x1847, 0x1847, 0x1847, 0x1847, 0x1847, 0x1847, 0x1847, 0x1847,
    0x1847, 0x1847, 0x1847, 0x1847, 0x1846, 0x1846, 0x1846, 0x1846, 0x1846, 0x1846, 0x1846, 0x1846, 0x1846, 0x1847, 0x1847, 0x1847,
    0x1847, 0x1847, 0x1847, 0x1847, 0x1847, 0x1847, 0x1847, 0x1847, 0x1847, 0x1847, 0x1847, 0x1847, 0x1847, 0x1847, 0x2047, 0x2047,
    0x2047, 0x2047, 0x2047, 0x2047, 0x2047, 0x2047, 0x2047, 0x2047, 0x2047, 0x2047, 0x2047, 0x2047, 0x2048, 0x1827, 0x2088, 0x390A,
    0x2047, 0x2047, 0x2048, 0x2048, 0x2047, 0x1847, 0x310A, 0x28A9, 0x1827, 0x2048, 0x2047, 0x2047, 0x2047, 0x2047, 0x2047, 0x2047,
    0x2047, 0x2047, 0x2047, 0x2047, 0x2047, 0x2047, 0x2047, 0x2047, 0x1847, 0x1847, 0x1847, 0x1847, 0x1847, 0x1847, 0x1847, 0x1847,
    0x1847, 0x1847, 0x1847, 0x1847, 0x1847, 0x1847, 0x1847, 0x1847, 0x1847, 0x1846, 0x1846, 0x1846, 0x1846, 0x1846, 0x1846, 0x1846,
    0x1846, 0x1846, 0x1846, 0x1846, 0x1846, 0x1847, 0x1847, 0x1847, 0x1847, 0x1847, 0x1847, 0x1847, 0x1847, 0x1847, 0x1847, 0x1847,
    0x1847, 0x1847, 0x1847, 0x1847, 0x1847, 0x1847, 0x1847, 0x2047, 0x2047, 0x2047, 0x2047, 0x2047, 0x2047, 0x2047, 0x2047, 0x2047,
    0x2047, 0x2047, 0x2047, 0x2048, 0x1827, 0x2088, 0x310A, 0x2047, 0x2047, 0x2047, 0x1847, 0x310A, 0x28A9, 0x1827, 0x2048, 0x2047,
    0x2047, 0x2047, 0x2047, 0x2047, 0x2047, 0x2047, 0x2047, 0x2047, 0x2047, 0x2047, 0x2047, 0x1847, 0x1847, 0x1847, 0x1847, 0x1847,
    0x1847, 0x1847, 0x1847, 0x1847, 0x1847, 0x1847, 0x1847, 0x1847, 0x1847, 0x1847, 0x1847, 0x1847, 0x1847, 0x1846, 0x1846, 0x1846,
    0x1846, 0x1846, 0x1846, 0x1846, 0x1846, 0x1846, 0x1846, 0x1846, 0x1846, 0x1846, 0x1846, 0x1846, 0x1846, 0x1847, 0x1847, 0x1847,
    0x1847, 0x1847, 0x1847, 0x1847, 0x1847, 0x1847, 0x1847, 0x1847, 0x1847, 0x1847, 0x1847, 0x2047, 0x1847, 0x1847, 0x1847, 0x1847,
    0x2047, 0x2047, 0x2047, 0x2047, 0x2047, 0x2047, 0x2047, 0x2047, 0x2047, 0x2047, 0x2047, 0x1827, 0x2088, 0x310A, 0x2047, 0x1827,
    0x310A, 0x2888, 0x1827, 0x2047, 0x2047, 0x2047, 0x2047, 0x2047, 0x2047, 0x2047, 0x2047, 0x2047, 0x2047, 0x2047, 0x1847, 0x1847,
    0x1847, 0x1847, 0x1847, 0x2047, 0x1847, 0x1847, 0x1847, 0x1847, 0x1847, 0x1847, 0x1847, 0x1847, 0x1847, 0x1847, 0x1847, 0x1847,
    0x1847, 0x1846, 0x1846, 0x1846, 0x1846, 0x1846, 0x1846, 0x1846, 0x1846, 0x1846, 0x1846, 0x1846, 0x1846, 0x1846, 0x1846, 0x1846,
    0x1846, 0x1846, 0x1846, 0x1846, 0x1847, 0x1847, 0x1847, 0x1847, 0x1847, 0x1847, 0x1847, 0x1847, 0x1847, 0x1847, 0x1847, 0x1847,
    0x1847, 0x1827, 0x2047, 0x1847, 0x1847, 0x1847, 0x1847, 0x1847, 0x1847, 0x2047, 0x2047, 0x2047, 0x2047, 0x2047, 0x2047, 0x2047,
    0x2047, 0x2047, 0x1827, 0x2088, 0x310A, 0x30EA, 0x2888, 0x1827, 0x2047, 0x2047, 0x2047, 0x2047, 0x2047, 0x2047, 0x2047, 0x2047,
    0x2047, 0x1847, 0x1847, 0x1847, 0x1847, 0x1847, 0x1847, 0x1847, 0x2047, 0x1827, 0x2047, 0x1847, 0x1847, 0x1847, 0x1847, 0x1847,
    0x1847, 0x1847, 0x1847, 0x1847, 0x1847, 0x1847, 0x1846, 0x1846, 0x1846, 0x1846, 0x1846, 0x1846, 0x1846, 0x1846, 0x1846, 0x1846,
    0x1846, 0x1846, 0x1846, 0x1846, 0x1846, 0x1846, 0x1846, 0x1846, 0x1846, 0x1846, 0x1846, 0x1846, 0x1847, 0x1847, 0x1847, 0x1847,
    0x1847, 0x1847, 0x1847, 0x1847, 0x1847, 0x1827, 0x1847, 0x2088, 0x1806, 0x2047, 0x1847, 0x1847, 0x1847, 0x1847, 0x1847, 0x1847,
    0x1847, 0x1847, 0x1847, 0x1847, 0x1847, 0x1847, 0x2047, 0x1847, 0x2047, 0x1827, 0x2088, 0x2888, 0x1827, 0x2047, 0x1847, 0x2047,
    0x1847, 0x1847, 0x1847, 0x1847, 0x1847, 0x1847, 0x1847, 0x1847, 0x1847, 0x1847, 0x1847, 0x1847, 0x1847, 0x1827, 0x1806, 0x28C8,
    0x1006, 0x1847, 0x1847, 0x1847, 0x1847, 0x1847, 0x1847, 0x1847, 0x1847, 0x1847, 0x1846, 0x1846, 0x1846, 0x1846, 0x1846, 0x1846,
    0x1846, 0x1846, 0x1846, 0x1846, 0x1846, 0x1846, 0x1826, 0x1826, 0x1846, 0x1846, 0x1846, 0x1846, 0x1846, 0x1846, 0x1846, 0x1846,
    0x1846, 0x1846, 0x1846, 0x1846, 0x1847, 0x1847, 0x1847, 0x1847, 0x1847, 0x1847, 0x1847, 0x1026, 0x83F2, 0xB597, 0x20A8, 0x1827,
    0x1847, 0x1847, 0x1847, 0x1847, 0x1847, 0x1847, 0x1847, 0x1847, 0x1847, 0x1847, 0x1847, 0x1847, 0x1847, 0x1847, 0x1847, 0x1847,
    0x1827, 0x1827, 0x1847, 0x1847, 0x1847, 0x1847, 0x1847, 0x1847, 0x1847, 0x1847, 0x1847, 0x1847, 0x1847, 0x1847, 0x1847, 0x1847,
    0x1847, 0x1847, 0x1847, 0x1826, 0x62AE, 0xB597, 0x394A, 0x1827, 0x1847, 0x1847, 0x1847, 0x1847, 0x1847, 0x1847, 0x1846, 0x1846,
    0x1846, 0x1846, 0x1846, 0x1846, 0x1846, 0x1846, 0x1846, 0x1846, 0x1846, 0x1846, 0x1826, 0x1826, 0x1826, 0x1826, 0x1826, 0x1846,
    0x1846, 0x1846, 0x1846, 0x1846, 0x1846, 0x1846, 0x1846, 0x1846, 0x1846, 0x1846, 0x1846, 0x1846, 0x1847, 0x1847, 0x1847, 0x1847,
    0x1847, 0x1026, 0x62AE, 0x8C12, 0x1867, 0x1847, 0x1847, 0x1847, 0x1847, 0x1847, 0x1847, 0x1847, 0x1847, 0x1847, 0x1847, 0x1847,
    0x1847, 0x1847, 0x1847, 0x1847, 0x1847, 0x1847, 0x1847, 0x1847, 0x1847, 0x1847, 0x1847, 0x1847, 0x1847, 0x1847, 0x1847, 0x1847,
    0x1847, 0x1847, 0x1847, 0x1847, 0x1847, 0x1847, 0x1847, 0x1847, 0x1847, 0x1847, 0x83F2, 0xDEDB, 0x522C, 0x1826, 0x1847, 0x1847,
    0x1847, 0x1847, 0x1846, 0x1846, 0x1846, 0x1846, 0x1846, 0x1846, 0x1846, 0x1846, 0x1846, 0x1846, 0x1846, 0x1846, 0x1846, 0x1826,
    0x1826, 0x1826, 0x1825, 0x1826, 0x1826, 0x1826, 0x1826, 0x1846, 0x1846, 0x1846, 0x1846, 0x1846, 0x1846, 0x1846, 0x1846, 0x1846,
    0x1846, 0x1846, 0x1846, 0x1846, 0x1847, 0x1847, 0x1847, 0x1847, 0x1006, 0x1806, 0x1826, 0x1847, 0x1847, 0x1847, 0x1847, 0x1847,
    0x1847, 0x1847, 0x1847, 0x1847, 0x1847, 0x1847, 0x1847, 0x1847, 0x1847, 0x1847, 0x1847, 0x1847, 0x1847, 0x1847, 0x1847, 0x1847,
    0x1847, 0x1847, 0x1847, 0x1847, 0x1847, 0x1847, 0x1847, 0x1847, 0x1847, 0x1847, 0x1847, 0x1847, 0x1847, 0x1847, 0x1847, 0x1826,
    0x1847, 0x49EC, 0x0805, 0x1847, 0x1847, 0x1847, 0x1846, 0x1846, 0x1846, 0x1846, 0x1846, 0x1846, 0x1846, 0x1846, 0x1846, 0x1846,
    0x1846, 0x1846, 0x1846, 0x1846, 0x1826, 0x1826, 0x1826, 0x1825, 0x1825, 0x1825, 0x1826, 0x1826, 0x1826, 0x1826, 0x1846, 0x1846,
    0x1846, 0x1846, 0x1846, 0x1846, 0x1846, 0x1846, 0x1846, 0x1846, 0x1846, 0x1846, 0x1846, 0x1846, 0x1846, 0x1847, 0x1847, 0x1847,
    0x1847, 0x1847, 0x1847, 0x1847, 0x1847, 0x1847, 0x1847, 0x1847, 0x1847, 0x1847, 0x1847, 0x1847, 0x1847, 0x1847, 0x1847, 0x1847,
    0x1847, 0x1847, 0x1847, 0x1847, 0x1847, 0x1847, 0x1847, 0x1847, 0x1847, 0x1847, 0x1847, 0x1847, 0x1847, 0x1847, 0x1847, 0x1847,
    0x1847, 0x1847, 0x1847, 0x1847, 0x1847, 0x1847, 0x1847, 0x1006, 0x1847, 0x1846, 0x1846, 0x1846, 0x1846, 0x1846, 0x1846, 0x1846,
    0x1846, 0x1846, 0x1846, 0x1846, 0x1846, 0x1846, 0x1846, 0x1846, 0x1826, 0x1826, 0x1826, 0x1826, 0x1825, 0x1825, 0x1025, 0x1825,
    0x1825, 0x1825, 0x1826, 0x1826, 0x1826, 0x1846, 0x1846, 0x1846, 0x1846, 0x1846, 0x1846, 0x1846, 0x1846, 0x1846, 0x1846, 0x1846,
    0x1846, 0x1846, 0x1846, 0x1846, 0x1846, 0x1847, 0x1847, 0x1847, 0x1847, 0x1847, 0x1847, 0x1847, 0x1847, 0x1847, 0x1847, 0x1847,
    0x1847, 0x1847, 0x1847, 0x1847, 0x1847, 0x1847, 0x1847, 0x1847, 0x1847, 0x1847, 0x1847, 0x1847, 0x1847, 0x1847, 0x1847, 0x1847,
    0x1847, 0x1847, 0x1847, 0x1847, 0x1847, 0x1847, 0x1847, 0x1847, 0x1847, 0x1847, 0x1847, 0x1846, 0x1847, 0x1847, 0x1846, 0x1846,
    0x1846, 0x1846, 0x1846, 0x1846, 0x1846, 0x1846, 0x1846, 0x1846, 0x1846, 0x1846, 0x1846, 0x1846, 0x1846, 0x1826, 0x1826, 0x1826,
    0x1825, 0x1825, 0x1825, 0x1025, 0x1025, 0x1025, 0x1825, 0x1825, 0x1825, 0x1825, 0x1826, 0x1826, 0x1826, 0x1826, 0x1846, 0x1846,
    0x1846, 0x1846, 0x1846, 0x1846, 0x1846, 0x1846, 0x1846, 0x1846, 0x1846, 0x1846, 0x1846, 0x1846, 0x1846, 0x1846, 0x1846, 0x1846,
    0x1847, 0x1847, 0x1847, 0x1847, 0x1847, 0x1847, 0x1847, 0x1847, 0x1847, 0x1847, 0x1847, 0x1847, 0x1847, 0x1847, 0x1847, 0x1847,
    0x1847, 0x1847, 0x1847, 0x1847, 0x1847, 0x1847, 0x1847, 0x1847, 0x1847, 0x1847, 0x1847, 0x1847, 0x1847, 0x1847, 0x1846, 0x1846,
    0x1846, 0x1846, 0x1846, 0x1846, 0x1846, 0x1846, 0x1846, 0x1846, 0x1846, 0x1846, 0x1846, 0x1846, 0x1846, 0x1846, 0x1846, 0x1846,
    0x1826, 0x1826, 0x1826, 0x1826, 0x1826, 0x1825, 0x1825, 0x1825, 0x1025, 0x1025, 0x1025, 0x1025, 0x1025, 0x1025, 0x1825, 0x1825,
    0x1825, 0x1826, 0x1826, 0x1826, 0x1826, 0x1826, 0x1846, 0x1846, 0x1846, 0x1846, 0x1846, 0x1846, 0x1846, 0x1846, 0x1846, 0x1846,
    0x1846, 0x1846, 0x1846, 0x1846, 0x1846, 0x1846, 0x1846, 0x1846, 0x1846, 0x1846, 0x1846, 0x1847, 0x1847, 0x1847, 0x1847, 0x1847,
    0x1847, 0x1847, 0x1847, 0x1847, 0x1847, 0x1847, 0x1847, 0x1847, 0x1847, 0x1847, 0x1847, 0x1847, 0x1847, 0x1847, 0x1847, 0x1846,
    0x1846, 0x1846, 0x1846, 0x1846, 0x1846, 0x1846, 0x1846, 0x1846, 0x1846, 0x1846, 0x1846, 0x1846, 0x1846, 0x1846, 0x1846, 0x1846,
    0x1846, 0x1846, 0x1846, 0x1846, 0x1846, 0x1826, 0x1826, 0x1826, 0x1826, 0x1825, 0x1825, 0x1825, 0x1025, 0x1025, 0x1025, 0x1025,
    0x1025, 0x1025, 0x1025, 0x1025, 0x1025, 0x1825, 0x1825, 0x1825, 0x1825, 0x1826, 0x1826, 0x1826, 0x1826, 0x1826, 0x1846, 0x1846,
    0x1846, 0x1846, 0x1846, 0x1846, 0x1846, 0x1846, 0x1846, 0x1846, 0x1846, 0x1846, 0x1846, 0x1846, 0x1846, 0x1846, 0x1846, 0x1846,
    0x1846, 0x1846, 0x1846, 0x1846, 0x1846, 0x1846, 0x1846, 0x1846, 0x1846, 0x1846, 0x1846, 0x1846, 0x1846, 0x1846, 0x1846, 0x1846,
    0x1846, 0x1846, 0x1846, 0x1846, 0x1846, 0x1846, 0x1846, 0x1846, 0x1846, 0x1846, 0x1846, 0x1846, 0x1846, 0x1846, 0x1846, 0x1846,
    0x1846, 0x1846, 0x1846, 0x1846, 0x1846, 0x1846, 0x1846, 0x1846, 0x1846, 0x1826, 0x1826, 0x1826, 0x1826, 0x1825, 0x1825, 0x1825,
    0x1825, 0x1025, 0x1025, 0x1025, 0x1025, 0x1025, 0x1025, 0x1025, 0x1025, 0x1025, 0x1025, 0x1025, 0x1025, 0x1825, 0x1825, 0x1825,
    0x1825, 0x1826, 0x1826, 0x1826, 0x1826, 0x1826, 0x1846, 0x1846, 0x1846, 0x1846, 0x1846, 0x1846, 0x1846, 0x1846, 0x1846, 0x1846,
    0x1846, 0x1846, 0x1846, 0x1846, 0x1846, 0x1846, 0x1846, 0x1846, 0x1846, 0x1846, 0x1846, 0x1846, 0x1846, 0x1846, 0x1846, 0x1846,
    0x1846, 0x1846, 0x1846, 0x1846, 0x1846, 0x1846, 0x1846, 0x1846, 0x1846, 0x1846, 0x1846, 0x1846, 0x1846, 0x1846, 0x1846, 0x1846,
    0x1846, 0x1846, 0x1846, 0x1846, 0x1846, 0x1846, 0x1846, 0x1846, 0x1846, 0x1846, 0x1846, 0x1846, 0x1826, 0x1826, 0x1826, 0x1826,
    0x1826, 0x1825, 0x1825, 0x1825, 0x1825, 0x1025, 0x1025, 0x1025, 0x1025, 0x1025, 0x1025, 0x1025, 0x1025, 0x1025, 0x1025, 0x1025,
    0x1025, 0x1025, 0x1025, 0x1025, 0x1025, 0x1825, 0x1825, 0x1825, 0x1825, 0x1826, 0x1826, 0x1826, 0x1826, 0x1826, 0x1846, 0x1846,
    0x1846, 0x1846, 0x1846, 0x1846, 0x1846, 0x1846, 0x1846, 0x1846, 0x1846, 0x1846, 0x1846, 0x1846, 0x1846, 0x1846, 0x1846, 0x1846,
    0x1846, 0x1846, 0x1846, 0x1846, 0x1846, 0x1846, 0x1846, 0x1846, 0x1846, 0x1846, 0x1846, 0x1846, 0x1846, 0x1846, 0x1846, 0x1846,
    0x1846, 0x1846, 0x1846, 0x1846, 0x1846, 0x1846, 0x1846, 0x1846, 0x1846, 0x1846, 0x1846, 0x1846, 0x1846, 0x1846, 0x1846, 0x1846,
    0x1826, 0x1826, 0x1826, 0x1826, 0x1826, 0x1825, 0x1825, 0x1825, 0x1825, 0x1025, 0x1025, 0x1025, 0x1025, 0x1025, 0x1025, 0x1025,
    0x1025, 0x1025, 0x1025, 0x1025, 0x1025, 0x1025, 0x1025, 0x1025, 0x1025, 0x1025, 0x1025, 0x1025, 0x1025, 0x1825, 0x1825, 0x1825,
    0x1825, 0x1825, 0x1826, 0x1826, 0x1826, 0x1826, 0x1826, 0x1826, 0x1846, 0x1846, 0x1846, 0x1846, 0x1846, 0x1846, 0x1846, 0x1846,
    0x1846, 0x1846, 0x1846, 0x1846, 0x1846, 0x1846, 0x1846, 0x1846, 0x1846, 0x1846, 0x1846, 0x1846, 0x1846, 0x1846, 0x1846, 0x1846,
    0x1846, 0x1846, 0x1846, 0x1846, 0x1846, 0x1846, 0x1846, 0x1846, 0x1846, 0x1846, 0x1846, 0x1846, 0x1846, 0x1846, 0x1846, 0x1846,
    0x1846, 0x1846, 0x1846, 0x1826, 0x1826, 0x1826, 0x1826, 0x1826, 0x1825, 0x1825, 0x1825, 0x1825, 0x1825, 0x1025, 0x1025, 0x1025,
    0x1025, 0x1025, 0x1025, 0x1025, 0x1025, 0x1025, 0x1025, 0x1025, 0x1025, 0x1025, 0x1025, 0x1025, 0x1025, 0x1025, 0x1025, 0x1025,
    0x1025, 0x1025, 0x1025, 0x1025, 0x1025, 0x1825, 0x1825, 0x1825, 0x1825, 0x1825, 0x1826, 0x1826, 0x1826, 0x1826, 0x1826, 0x1826,
    0x1826, 0x1846, 0x1846, 0x1846, 0x1846, 0x1846, 0x1846, 0x1846, 0x1846, 0x1846, 0x1846, 0x1846, 0x1846, 0x1846, 0x1846, 0x1846,
    0x1846, 0x1846, 0x1846, 0x1846, 0x1846, 0x1846, 0x1846, 0x1846, 0x1846, 0x1846, 0x1846, 0x1846, 0x1846, 0x1846, 0x1846, 0x1846,
    0x1846, 0x1846, 0x1846, 0x1846, 0x1846, 0x1826, 0x1826, 0x1826, 0x1826, 0x1826, 0x1826, 0x1826, 0x1825, 0x1825, 0x1825, 0x1825,
    0x1825, 0x1025, 0x1025, 0x1025, 0x1025, 0x1025, 0x1025, 0x1025, 0x1025, 0x1025, 0x1025, 0x1025, 0x1025, 0x1025, 0x1025, 0x1025,
    0x1025, 0x1025, 0x1025, 0x1025, 0x1025, 0x1025, 0x1025, 0x1025, 0x1025, 0x1025, 0x1025, 0x1025, 0x1025, 0x1025, 0x1825, 0x1825,
    0x1825, 0x1825, 0x1825, 0x1826, 0x1826, 0x1826, 0x1826, 0x1826, 0x1826, 0x1826, 0x1826, 0x1846, 0x1846, 0x1846, 0x1846, 0x1846,
    0x1846, 0x1846, 0x1846, 0x1846, 0x1846, 0x1846, 0x1846, 0x1846, 0x1846, 0x1846, 0x1846, 0x1846, 0x1846, 0x1846, 0x1846, 0x1846,
    0x1846, 0x1846, 0x1846, 0x1846, 0x1846, 0x1846, 0x1846, 0x1826, 0x1826, 0x1826, 0x1826, 0x1826, 0x1826, 0x1826, 0x1826, 0x1825,
    0x1825, 0x1825, 0x1825, 0x1825, 0x1025, 0x1025, 0x1025, 0x1025, 0x1025, 0x1025, 0x1025, 0x1025, 0x1025, 0x1025, 0x1025, 0x1025,
    0x1025, 0x1025, 0x1025, 0x1025, 0x1025, 0x1025, 0x1025, 0x1025, 0x1025, 0x1025, 0x1025, 0x1025, 0x1025, 0x1025, 0x1025, 0x1025,
    0x1025, 0x1025, 0x1025, 0x1025, 0x1025, 0x1025, 0x1825, 0x1825, 0x1825, 0x1825, 0x1825, 0x1825, 0x1826, 0x1826, 0x1826, 0x1826,
    0x1826, 0x1826, 0x1826, 0x1826, 0x1826, 0x1826, 0x1826, 0x1846, 0x1846, 0x1846, 0x1846, 0x1846, 0x1846, 0x1846, 0x1846, 0x1846,
    0x1846, 0x1846, 0x1846, 0x1846, 0x1846, 0x1846, 0x1846, 0x1826, 0x1826, 0x1826, 0x1826, 0x1826, 0x1826, 0x1826, 0x1826, 0x1826,
    0x1826, 0x1826, 0x1825, 0x1825, 0x1825, 0x1825, 0x1825, 0x1825, 0x1025, 0x1025, 0x1025, 0x1025, 0x1025, 0x1025, 0x1025, 0x1025,
    0x1025, 0x1025, 0x1025, 0x1025, 0x1025, 0x1025, 0x1025, 0x1025, 0x1025, 0x1025, 0x1025, 0x1025, 0x1025, 0x1025, 0x1025, 0x1025,
    0x1025, 0x1025, 0x1025, 0x1025, 0x1025, 0x1025, 0x1025, 0x1025, 0x1025, 0x1025, 0x1025, 0x1025, 0x1025, 0x1025, 0x1025, 0x1825,
    0x1825, 0x1825, 0x1825, 0x1825, 0x1825, 0x1825, 0x1826, 0x1826, 0x1826, 0x1826, 0x1826, 0x1826, 0x1826, 0x1826, 0x1826, 0x1826,
    0x1826, 0x1826, 0x1826, 0x1826, 0x1826, 0x1826, 0x1826, 0x1826, 0x1826, 0x1826, 0x1826, 0x1826, 0x1826, 0x1826, 0x1826, 0x1826,
    0x1826, 0x1826, 0x1826, 0x1826, 0x1825, 0x1825, 0x1825, 0x1825, 0x1825, 0x1825, 0x1825, 0x1025, 0x1025, 0x1025, 0x1025, 0x1025,
    0x1025, 0x1025, 0x1025, 0x1025, 0x1025, 0x1025, 0x1025, 0x1025, 0x1025, 0x1025, 0x1025, 0x1025, 0x1025, 0x1025, 0x1025, 0x1025,
    0x1025, 0x1025, 0x1025, 0x1025, 0x1025, 0x1025, 0x1025, 0x1025, 0x1025, 0x1025, 0x1025, 0x1025, 0x1025, 0x1025, 0x1025, 0x1025,
    0x1025, 0x1025, 0x1025, 0x1025, 0x1025, 0x1025, 0x1025, 0x1025, 0x1025, 0x1025, 0x1825, 0x1825, 0x1825, 0x1825, 0x1825, 0x1825,
    0x1825, 0x1826, 0x1825, 0x1825, 0x1826, 0x1826, 0x1826, 0x1826, 0x1826, 0x1826, 0x1826, 0x1826, 0x1826, 0x1826, 0x1826, 0x1826,
    0x1826, 0x1826, 0x1825, 0x1825, 0x1826, 0x1825, 0x1825, 0x1825, 0x1825, 0x1825, 0x1825, 0x1825, 0x1825, 0x1025, 0x1025, 0x1025,
    0x1025, 0x1025, 0x1025, 0x1025, 0x1025, 0x1025, 0x1025, 0x1025, 0x1025, 0x1025, 0x1025, 0x1025, 0x1025, 0x1025, 0x1025, 0x1025,
    0x1025, 0x1025, 0x1025, 0x1025, 0x1025, 0x1025, 0x1025, 0x1025, 0x1025, 0x1025, 0x1025, 0x1025, 0x1025, 0x1025, 0x1025, 0x1025,
    0x1025, 0x1025, 0x1025, 0x1025, 0x1025, 0x1025, 0x1025, 0x1025, 0x1025, 0x1025, 0x1025, 0x1025, 0x1025, 0x1025, 0x1025, 0x1025,
    0x1025, 0x1025, 0x1025, 0x1025, 0x1825, 0x1825, 0x1825, 0x1825, 0x1825, 0x1825, 0x1825, 0x1825, 0x1825, 0x1825, 0x1825, 0x1825,
    0x1825, 0x1825, 0x1825, 0x1825, 0x1825, 0x1825, 0x1825, 0x1825, 0x1825, 0x1825, 0x1825, 0x1825, 0x1825, 0x1825, 0x1025, 0x1025,
    0x1025, 0x1025, 0x1025, 0x1025, 0x1025, 0x1025, 0x1025, 0x1025, 0x1025, 0x1025, 0x1025, 0x1025, 0x1025, 0x1025, 0x1025, 0x1025,
    0x1025, 0x1025, 0x1025, 0x1025, 0x1025, 0x1025, 0x1025, 0x1025, 0x1025, 0x1025, 0x1025, 0x1025, 0x1025, 0x1025, 0x1025, 0x1025,
    0x1025, 0x1025, 0x1025, 0x1025, 0x1025, 0x1025, 0x1025, 0x1025, 0x1025, 0x1025, 0x1025, 0x1025, 0x1025, 0x1025, 0x1025, 0x1025,
    0x1025, 0x1025, 0x1025, 0x1025, 0x1025, 0x1025, 0x1025, 0x1025, 0x1025, 0x1025, 0x1025, 0x1025, 0x1025, 0x1025, 0x1025, 0x1025,
    0x1025, 0x1825, 0x1825, 0x1825, 0x1825, 0x1825, 0x1825, 0x1825, 0x1825, 0x1825, 0x1825, 0x1825, 0x1825, 0x1025, 0x1025, 0x1025,
    0x1025, 0x1025, 0x1025, 0x1025, 0x1025, 0x1025, 0x1025, 0x1025, 0x1025, 0x1025, 0x1025, 0x1025, 0x1025, 0x1025, 0x1025, 0x1025,
    0x1025, 0x1025, 0x1025, 0x1025, 0x1025, 0x1025, 0x1025, 0x1025, 0x1025, 0x1025, 0x1025, 0x1025, 0x1025, 0x1025, 0x1025, 0x1025,
    0x1025, 0x1025, 0x1025, 0x1025, 0x1025, 0x1025, 0x1025, 0x1025, 0x1025, 0x1025, 0x1025, 0x1025, 0x1025, 0x1025, 0x1025, 0x1025,
    0x1025, 0x1025, 0x1025, 0x1025, 0x1025, 0x1025, 0x1025, 0x1025, 0x1025, 0x1025, 0x1025, 0x1025, 0x1025, 0x1025, 0x1025, 0x1025,
    0x1025, 0x1025, 0x1025, 0x1025, 0x1025, 0x1025, 0x1025, 0x1025, 0x1025, 0x1025, 0x1025, 0x1025, 0x1025, 0x1025, 0x1025, 0x1025,
    0x1025, 0x1025, 0x1025, 0x1025, 0x1025, 0x1025, 0x1025, 0x1025, 0x1025, 0x1025, 0x1025, 0x1025, 0x1025, 0x1025, 0x1025, 0x1025,
    0x1025, 0x1025, 0x1025, 0x1025, 0x1025, 0x1025, 0x1025, 0x1025, 0x1025, 0x1025, 0x1025, 0x1025, 0x1025, 0x1025, 0x1025, 0x1025,
    0x1025, 0x1025, 0x1025, 0x1025, 0x1025, 0x1025, 0x1025, 0x1025, 0x1025, 0x1025, 0x1025, 0x1025, 0x1025, 0x1025, 0x1025, 0x1025,
    0x1025, 0x1025, 0x1025, 0x1025, 0x1025, 0x1025, 0x1025, 0x1025, 0x1025, 0x1025, 0x1025, 0x1025, 0x1025, 0x1025, 0x1025, 0x1025,
    0x1025, 0x1025, 0x1025, 0x1025, 0x1025, 0x1025, 0x1025, 0x1025, 0x1025, 0x1025, 0x1025, 0x1025, 0x1025, 0x1025, 0x1025, 0x1025,
    0x1025, 0x1025, 0x1025, 0x1025, 0x1025, 0x1025, 0x1025, 0x1025, 0x1025, 0x1025, 0x1025, 0x1025, 0x1025, 0x1025, 0x1025, 0x1025,
    0x1025, 0x1025, 0x1025, 0x1025, 0x1025, 0x1025, 0x1025, 0x1025, 0x1025, 0x1025, 0x1025, 0x1025, 0x1025, 0x1025, 0x1025, 0x1025,
    0x1025, 0x1025, 0x1025, 0x1025, 0x1025, 0x1025, 0x1025, 0x1025, 0x1025, 0x1025, 0x1025, 0x1025, 0x1025, 0x1025, 0x1025, 0x1025,
    0x1025, 0x1025, 0x1025, 0x1025, 0x1025, 0x1025, 0x1025, 0x1025, 0x1025, 0x1025, 0x1025, 0x1025, 0x1025, 0x1025, 0x1025, 0x1025,
    0x1025, 0x1025, 0x1025, 0x1025, 0x1025, 0x1025, 0x1025, 0x1025, 0x1025, 0x1025, 0x1025, 0x1025, 0x1025, 0x1025, 0x1025, 0x1025,
    0x1025, 0x1025, 0x1025, 0x1025, 0x1025, 0x1025, 0x1025, 0x1025, 0x1025, 0x1025, 0x1025, 0x1025, 0x1025, 0x1025, 0x1025, 0x1025,
    0x1025, 0x1025, 0x1025, 0x1025, 0x1025, 0x1025, 0x1025, 0x1025, 0x1025, 0x1025, 0x1025, 0x1025, 0x1025, 0x1025, 0x1025, 0x1025,
    0x1025, 0x1025, 0x1025, 0x1025, 0x1025, 0x1025, 0x1025, 0x1025, 0x1025, 0x1025, 0x1025, 0x1025, 0x1025, 0x1025, 0x1025, 0x1025,
    0x1025, 0x1025, 0x1025, 0x1025, 0x1025, 0x1025, 0x1025, 0x1025, 0x1025, 0x1025, 0x1025, 0x1025, 0x1025, 0x1025, 0x1025, 0x1025,
    0x1025, 0x1025, 0x1025, 0x1025, 0x1025, 0x1025, 0x1025, 0x1025, 0x1025, 0x1025, 0x1025, 0x1025, 0x1025, 0x1025, 0x1025, 0x1025,
    0x1025, 0x1025, 0x1025, 0x1025, 0x1025, 0x1025, 0x1025, 0x1025, 0x1025, 0x1025, 0x1025, 0x1025, 0x1025, 0x1025, 0x1025, 0x1025,
    0x1025, 0x1025, 0x1025, 0x1025, 0x1025, 0x1025, 0x1025, 0x1025, 0x1025, 0x1025, 0x1025, 0x1025, 0x1025, 0x1025, 0x1025, 0x1025,
    0x1025, 0x1025, 0x1025, 0x1025, 0x1025, 0x1025, 0x1025, 0x1025, 0x1025, 0x1025, 0x1025, 0x1025, 0x1025, 0x1025, 0x1025, 0x1025,
    0x1025, 0x1025, 0x1025, 0x1025, 0x1025, 0x1025, 0x1025, 0x1025, 0x1025, 0x1025, 0x1025, 0x1025, 0x1025, 0x1025, 0x1025, 0x1025,
    0x1025, 0x1025, 0x1025, 0x1025, 0x1025, 0x1025, 0x1025, 0x1025, 0x1025, 0x1025, 0x1025, 0x1025, 0x1025, 0x1025, 0x1025, 0x1025,
    0x1025, 0x1025, 0x1025, 0x1025, 0x1025, 0x1025, 0x1025, 0x1025, 0x1025, 0x1025, 0x1025, 0x1025, 0x1025, 0x1025, 0x1025, 0x1025,
    0x1025, 0x1025, 0x1025, 0x1025, 0x1025, 0x1025, 0x1025, 0x1025, 0x1025, 0x1025, 0x1025, 0x1025, 0x1025, 0x1025, 0x1025, 0x1025,
    0x1025, 0x1025, 0x1025, 0x1025, 0x1025, 0x1025, 0x1025, 0x1025, 0x1025, 0x1025, 0x1025, 0x1025, 0x1025, 0x1025, 0x1025, 0x1025,
    0x1025, 0x1025, 0x1025, 0x1025, 0x1025, 0x1025, 0x1025, 0x1025, 0x1025, 0x1025, 0x1025, 0x1025, 0x1025, 0x1025, 0x1025, 0x1025,
};
