// flavor_3 - 120x120 RGB565 bitmap
// Auto-generated from flavor_3.png by tools/png_to_rgb565.py
#pragma once

#include <Arduino.h>

const uint16_t flavor2_mid[120 * 120] PROGMEM = {
    0xA1E2, 0xA202, 0xA202, 0xA202, 0xA222, 0xA222, 0xA223, 0xA243, 0xA243, 0xAA43, 0xAA63, 0xAA63, 0xAA63, 0xAA63, 0xAA83, 0xAA83,
    0xAA83, 0xAA83, 0xAAA3, 0xAAA3, 0xAAA3, 0xAAA3, 0xAAA3, 0xAB05, 0xAB26, 0xAB25, 0xAB26, 0xAB26, 0xAB46, 0xAB46, 0xAB46, 0xAB46,
    0xAB46, 0xAB46, 0xAB46, 0xAB46, 0xAB46, 0xAB46, 0xAB46, 0xAB46, 0xAB46, 0xAB46, 0xAB45, 0xAB03, 0xAAE3, 0xAAE3, 0xAAE3, 0xAAE3,
    0xAAE3, 0xAAE3, 0xAAE3, 0xAAE3, 0xAAE3, 0xAAC3, 0xAAC3, 0xAAC3, 0xAAC3, 0xAAC3, 0xAAC3, 0xAAC3, 0xAB05, 0xAB05, 0xAB05, 0xAB05,
    0xAAE5, 0xAAE5, 0xAAE5, 0xAAE5, 0xAAC5, 0xAAC5, 0xAAC5, 0xAAA5, 0xAAA5, 0xAAA5, 0xAAA5, 0xAAA5, 0xA285, 0xA202, 0xA202, 0xA1E2,
    0xA1E2, 0xA1E2, 0xA1C2, 0xA1C2, 0xA1C2, 0xA1C2, 0xA1C2, 0xA1C2, 0xA1C2, 0xA1C2, 0xA1C2, 0xA1C2, 0xA1C2, 0xA1C2, 0xA1C2, 0xA1C2,
    0xA203, 0xA245, 0xA245, 0xA245, 0xA245, 0xA245, 0xA245, 0xA245, 0xA245, 0xA245, 0xA245, 0xA245, 0xA245, 0xA245, 0xA245, 0xA245,
    0xA245, 0xA245, 0xA245, 0xA245, 0xA245, 0xA245, 0xA245, 0xA245, 0xA202, 0xA202, 0xA202, 0xA222, 0xA222, 0xA223, 0xA243, 0xA243,
    0xAA43, 0xAA63, 0xAA63, 0xAA63, 0xAA63, 0xAA83, 0xAA83, 0xAA83, 0xAAA3, 0xAAA3, 0xAAA3, 0xAAA3, 0xAAC3, 0xAAC3, 0xAAC3, 0xAAE3,
    0xAB26, 0xAB26, 0xAB46, 0xAB46, 0xAB46, 0xAB46, 0xAB46, 0xAB46, 0xAB46, 0xAB46, 0xAB46, 0xAB66, 0xAB66, 0xAB66, 0xAB66, 0xAB66,
    0xAB66, 0xAB66, 0xAB66, 0xAB24, 0xAB03, 0xAB03, 0xAB03, 0xAB03, 0xAB03, 0xB303, 0xB303, 0xB303, 0xB2E3, 0xB2E3, 0xB2E3, 0xB2E3,
    0xB2E3, 0xB2E3, 0xB2E3, 0xB2E3, 0xB326, 0xB326, 0xB326, 0xB326, 0xB306, 0xB305, 0xAB05, 0xAAE5, 0xAAE5, 0xAAE5, 0xAAC5, 0xAAC5,
    0xAAC5, 0xAAA5, 0xAAA5, 0xAAA5, 0xA264, 0xA202, 0xA202, 0xA202, 0xA1E2, 0xA1E2, 0xA1E2, 0xA1C2, 0xA1C2, 0xA1C2, 0xA1C2, 0xA1C2,
    0xA1C2, 0xA1C2, 0xA1C2, 0xA1C2, 0xA1C2, 0xA1C2, 0xA1C2, 0xA1C2, 0xA245, 0xA245, 0xA245, 0xA245, 0xA245, 0xA245, 0xA245, 0xA245,
    0xA245, 0xA245, 0xA245, 0xA245, 0xA245, 0xA245, 0xA245, 0xA245, 0xA245, 0xA245, 0xA245, 0xA245, 0xA245, 0xA245, 0xA245, 0xA245,
    0xA202, 0xA202, 0xA222, 0xA222, 0xA223, 0xA243, 0xA243, 0xAA43, 0xAA63, 0xAA63, 0xAA63, 0xAA83, 0xAA83, 0xAA83, 0xAA83, 0xAAA3,
    0xAAA3, 0xAAA3, 0xAAA3, 0xAAC3, 0xAAC3, 0xAAC3, 0xAAC3, 0xAAC3, 0xAB04, 0xAB46, 0xAB46, 0xAB46, 0xAB46, 0xAB46, 0xAB66, 0xAB66,
    0xAB66, 0xAB66, 0xAB66, 0xAB66, 0xAB66, 0xAB66, 0xAB66, 0xAB66, 0xAB66, 0xAB66, 0xAB66, 0xB345, 0xB303, 0xB323, 0xB323, 0xB323,
    0xB323, 0xB323, 0xB323, 0xB323, 0xB323, 0xB303, 0xB303, 0xB303, 0xB303, 0xB303, 0xB2E3, 0xB303, 0xB346, 0xB346, 0xB346, 0xB346,
    0xB326, 0xB326, 0xB326, 0xB306, 0xB306, 0xB305, 0xB2E5, 0xAAE5, 0xAAE5, 0xAAC5, 0xAAC5, 0xAAA5, 0xA264, 0xA202, 0xA202, 0xA202,
    0xA202, 0xA1E2, 0xA1E2, 0xA1E2, 0xA1C2, 0xA1C2, 0xA1C2, 0xA1C2, 0xA1C2, 0xA1C2, 0xA1C2, 0xA1C2, 0xA1C2, 0xA1C2, 0xA1C2, 0xA204,
    0xA245, 0xA245, 0xA245, 0xA245, 0xA245, 0xA245, 0xA245, 0xA245, 0xA245, 0xA245, 0xA245, 0xA245, 0xA245, 0xA245, 0xA245, 0xA245,
    0xA245, 0xA245, 0xA245, 0xA245, 0xA245, 0xA245, 0xA245, 0xA245, 0xA202, 0xA222, 0xA222, 0xA223, 0xA243, 0xA243, 0xAA43, 0xAA63,
    0xAA63, 0xAA63, 0xAA83, 0xAA83, 0xAA83, 0xAAA3, 0xAAA3, 0xAAA3, 0xAAA3, 0xAAC3, 0xAAC3, 0xAAC3, 0xAAC3, 0xAAE3, 0xAAE3, 0xAAE3,
    0xAAE3, 0xAB45, 0xAB46, 0xAB66, 0xAB66, 0xAB66, 0xAB66, 0xAB66, 0xB366, 0xB366, 0xB366, 0xB366, 0xB366, 0xB366, 0xB366, 0xB386,
    0xB386, 0xB386, 0xB386, 0xB385, 0xB323, 0xB343, 0xB343, 0xBB43, 0xBB43, 0xBB43, 0xBB43, 0xBB43, 0xBB23, 0xBB23, 0xBB23, 0xBB23,
    0xBB23, 0xBB23, 0xBB03, 0xBB24, 0xBB66, 0xBB66, 0xBB66, 0xBB46, 0xBB46, 0xBB46, 0xBB26, 0xBB26, 0xB326, 0xB326, 0xB306, 0xB306,
    0xB2E5, 0xB2E5, 0xB2C5, 0xAAC5, 0xAA43, 0xAA22, 0xAA22, 0xA202, 0xA202, 0xA202, 0xA1E2, 0xA1E2, 0xA1C2, 0xA1C2, 0xA1C2, 0xA1C2,
    0xA1C2, 0xA1C2, 0xA1C2, 0xA1C2, 0xA1C2, 0xA1C2, 0xA1E3, 0xA245, 0xA245, 0xA245, 0xA245, 0xA245, 0xA245, 0xA245, 0xA245, 0xA245,
    0xA245, 0xA245, 0xA245, 0xA245, 0xA245, 0xA245, 0xA245, 0xA245, 0xA245, 0xA245, 0xA245, 0xA245, 0xA245, 0xA245, 0xA245, 0xA245,
    0xA244, 0xA222, 0xA223, 0xA243, 0xA243, 0xAA43, 0xAA63, 0xAA63, 0xAA63, 0xAA83, 0xAA83, 0xAA83, 0xAAA3, 0xAAA3, 0xAAA3, 0xAAA3,
    0xAAC3, 0xAAC3, 0xAAC3, 0xAAE3, 0xAAE3, 0xAAE3, 0xAAE3, 0xAAE3, 0xAAE3, 0xAB24, 0xAB66, 0xAB66, 0xB366, 0xB366, 0xB366, 0xB386,
    0xB386, 0xB386, 0xB386, 0xB386, 0xB386, 0xB386, 0xB386, 0xB386, 0xB3A6, 0xBBA6, 0xBBA6, 0xBBA6, 0xBB64, 0xBB63, 0xBB63, 0xBB63,
    0xBB63, 0xBB63, 0xBB63, 0xBB63, 0xBB63, 0xC363, 0xC343, 0xC343, 0xC343, 0xC343, 0xC323, 0xC344, 0xC386, 0xC386, 0xBB86, 0xBB66,
    0xBB66, 0xBB66, 0xBB46, 0xBB46, 0xBB46, 0xBB26, 0xBB26, 0xBB26, 0xB306, 0xB306, 0xB2E6, 0xB2C5, 0xAA63, 0xAA43, 0xAA43, 0xAA23,
    0xAA23, 0xA202, 0xA202, 0xA1E2, 0xA1E2, 0xA1C2, 0xA1C2, 0xA1C2, 0xA1C2, 0xA1C2, 0xA1C2, 0xA1C2, 0xA1C2, 0xA1C2, 0xA224, 0xA245,
    0xA245, 0xA245, 0xA245, 0xA245, 0xA245, 0xA245, 0xA245, 0xA245, 0xA245, 0xA245, 0xA245, 0xA245, 0xA245, 0xA245, 0xA245, 0xA245,
    0xA245, 0xA245, 0xA245, 0xA245, 0xA245, 0xA245, 0xA245, 0xA204, 0xAAA5, 0xA264, 0xA222, 0xA243, 0xAA43, 0xAA63, 0xAA63, 0xAA63,
    0xAA83, 0xAA83, 0xAA83, 0xAAA3, 0xAAA3, 0xAAA3, 0xAAC3, 0xAAC3, 0xAAC3, 0xAAC3, 0xAAE3, 0xAAE3, 0xAAE3, 0xAAE3, 0xAB03, 0xAB03,
    0xAB03, 0xAB03, 0xB365, 0xB366, 0xB366, 0xB386, 0xB386, 0xB386, 0xB386, 0xB386, 0xB386, 0xB386, 0xB3A6, 0xB3A6, 0xB3A6, 0xBBC6,
    0xBBC6, 0xBBC6, 0xBBC6, 0xBBC6, 0xBBA4, 0xC383, 0xC384, 0xC384, 0xC384, 0xC384, 0xC384, 0xC384, 0xC384, 0xC384, 0xC364, 0xC364,
    0xC364, 0xC364, 0xC343, 0xC364, 0xC3A6, 0xC3A6, 0xC3A6, 0xC386, 0xC386, 0xC386, 0xC366, 0xC366, 0xC366, 0xBB46, 0xBB46, 0xBB26,
    0xBB26, 0xBB06, 0xBB06, 0xB2C5, 0xB263, 0xB263, 0xB243, 0xAA43, 0xAA23, 0xAA23, 0xAA02, 0xA202, 0xA1E2, 0xA1E2, 0xA1C2, 0xA1C2,
    0xA1C2, 0xA1C2, 0xA1C2, 0xA1C2, 0xA1C2, 0xA1E3, 0xA245, 0xA245, 0xA245, 0xA245, 0xA245, 0xA245, 0xA245, 0xA245, 0xA245, 0xA245,
    0xA245, 0xA245, 0xA245, 0xA245, 0xA245, 0xA245, 0xA245, 0xA245, 0xA245, 0xA245, 0xA245, 0xA245, 0xA245, 0xA245, 0xA203, 0xA1C2,
    0xAAA5, 0xAAA5, 0xAA84, 0xAA42, 0xAA63, 0xAA63, 0xAA63, 0xAA83, 0xAA83, 0xAA83, 0xAAA3, 0xAAA3, 0xAAA3, 0xAAC3, 0xAAC3, 0xAAC3,
    0xAAC3, 0xAAE3, 0xAAE3, 0xAAE3, 0xAB03, 0xAB03, 0xAB03, 0xAB03, 0xAB23, 0xAB23, 0xB344, 0xB386, 0xB386, 0xB386, 0xB386, 0xB386,
    0xB386, 0xB3A6, 0xB3A6, 0xB3A6, 0xBBC6, 0xBBC6, 0xBBC6, 0xBBE6, 0xBBE6, 0xBBE6, 0xC3E6, 0xC407, 0xC3C5, 0xC3A3, 0xC3A4, 0xC3A4,
    0xC3A4, 0xCBA4, 0xCBA4, 0xCBA4, 0xCBA4, 0xCBA4, 0xCB84, 0xCB84, 0xCB84, 0xCB84, 0xCB63, 0xCB84, 0xCBC6, 0xCBC6, 0xCBC6, 0xCBA6,
    0xC3A6, 0xC3A6, 0xC386, 0xC386, 0xC366, 0xC366, 0xC366, 0xC346, 0xBB46, 0xBB26, 0xBB26, 0xBAC4, 0xBA83, 0xB283, 0xB263, 0xB243,
    0xB243, 0xAA23, 0xAA22, 0xAA02, 0xAA02, 0xA1E2, 0xA1E2, 0xA1C2, 0xA1C2, 0xA1C2, 0xA1C2, 0xA1C2, 0xA1C2, 0xA224, 0xA245, 0xA245,
    0xA245, 0xA245, 0xA245, 0xA245, 0xA245, 0xA245, 0xA245, 0xA245, 0xA245, 0xA245, 0xA245, 0xA245, 0xA245, 0xA245, 0xA245, 0xA245,
    0xA245, 0xA245, 0xA245, 0xA245, 0xA245, 0xA204, 0xA1C2, 0xA1C2, 0xAAA5, 0xAAA5, 0xAAC5, 0xAA84, 0xAA63, 0xAA63, 0xAA83, 0xAA83,
    0xAA83, 0xAAA3, 0xAAA3, 0xAAA3, 0xAAC3, 0xAAC3, 0xAAC3, 0xAAE3, 0xAAE3, 0xAAE3, 0xAAE3, 0xAB03, 0xAB03, 0xAB03, 0xAB03, 0xAB23,
    0xAB23, 0xB323, 0xB323, 0xB365, 0xB386, 0xB386, 0xB386, 0xB3A6, 0xB3A6, 0xB3C6, 0xBBC6, 0xBBC6, 0xBBE6, 0xBBE6, 0xC3E6, 0xC406,
    0xC406, 0xC406, 0xC406, 0xC427, 0xCC06, 0xCBC4, 0xCBC4, 0xCBC4, 0xCBC4, 0xCBC4, 0xCBC4, 0xCBC4, 0xCBC4, 0xCBC4, 0xCBA4, 0xCBA4,
    0xCBA4, 0xCBA4, 0xCB84, 0xCBA4, 0xCBE7, 0xCBE7, 0xCBC7, 0xCBC7, 0xCBC7, 0xCBC6, 0xCBA6, 0xCBA6, 0xC386, 0xC386, 0xC386, 0xC366,
    0xC366, 0xC346, 0xC346, 0xBAC3, 0xBAA3, 0xBA83, 0xBA83, 0xB263, 0xB263, 0xB243, 0xB223, 0xAA23, 0xAA03, 0xAA02, 0xA9E2, 0xA1E2,
    0xA1C2, 0xA1C2, 0xA1C2, 0xA1C2, 0xA203, 0xA245, 0xA245, 0xA245, 0xA245, 0xA245, 0xA245, 0xA245, 0xA245, 0xA245, 0xA245, 0xA245,
    0xA245, 0xA245, 0xA245, 0xA245, 0xA245, 0xA245, 0xA245, 0xA245, 0xA245, 0xA245, 0xA245, 0xA245, 0xA204, 0xA1C2, 0xA1C2, 0xA1C2,
    0xAAA5, 0xAAC5, 0xAAC5, 0xAAC5, 0xAAA4, 0xAA63, 0xAA83, 0xAA83, 0xAAA3, 0xAAA3, 0xAAA3, 0xAAC3, 0xAAC3, 0xAAC3, 0xAAE3, 0xAAE3,
    0xAAE3, 0xAAE3, 0xAB03, 0xAB03, 0xAB03, 0xAB23, 0xAB23, 0xB323, 0xB323, 0xB343, 0xB343, 0xB343, 0xB3A6, 0xB3A6, 0xB3A6, 0xB3C6,
    0xBBC6, 0xBBE6, 0xBBE6, 0xBC06, 0xC406, 0xC406, 0xC406, 0xC426, 0xC427, 0xCC27, 0xCC27, 0xCC47, 0xCC47, 0xCC04, 0xCBE4, 0xCBE4,
    0xCBE4, 0xD3E4, 0xD3E4, 0xD3E4, 0xD3E4, 0xD3E4, 0xD3C4, 0xD3C4, 0xD3C4, 0xD3C4, 0xD3A4, 0xD3C4, 0xD407, 0xD407, 0xD3E7, 0xD3E7,
    0xCBE7, 0xCBC7, 0xCBC7, 0xCBC7, 0xCBA6, 0xCBA6, 0xCB86, 0xCB86, 0xCB66, 0xC366, 0xC346, 0xC2C3, 0xC2C3, 0xBAA3, 0xBAA3, 0xBA83,
    0xBA63, 0xB263, 0xB243, 0xB243, 0xB223, 0xAA03, 0xAA02, 0xA9E2, 0xA1E2, 0xA1C2, 0xA1C2, 0xA1C2, 0xA245, 0xA245, 0xA245, 0xA245,
    0xA245, 0xA245, 0xA245, 0xA245, 0xA245, 0xA245, 0xA245, 0xA245, 0xA245, 0xA245, 0xA245, 0xA245, 0xA245, 0xA245, 0xA245, 0xA245,
    0xA245, 0xA245, 0xA245, 0xA203, 0xA1C2, 0xA1C2, 0xA1C2, 0xA1C2, 0xAAA5, 0xAAC5, 0xAAC5, 0xAAC5, 0xAAE6, 0xAAC4, 0xAA83, 0xAAA3,
    0xAAA3, 0xAAA3, 0xAAC3, 0xAAC3, 0xAAC3, 0xAAE3, 0xAAE3, 0xAAE3, 0xAAE3, 0xAB03, 0xAB03, 0xAB03, 0xAB23, 0xB323, 0xB323, 0xB343,
    0xB343, 0xB343, 0xB343, 0xB343, 0xB385, 0xB3C6, 0xBBC6, 0xBBE6, 0xBBE6, 0xBC06, 0xC406, 0xC427, 0xC427, 0xC427, 0xCC47, 0xCC47,
    0xCC47, 0xCC47, 0xCC47, 0xCC67, 0xD467, 0xD425, 0xD404, 0xD404, 0xD404, 0xD404, 0xD404, 0xD404, 0xD404, 0xD404, 0xD3E4, 0xD3E4,
    0xD3E4, 0xD3E4, 0xD3C4, 0xD3E4, 0xD427, 0xD427, 0xD407, 0xD407, 0xD407, 0xD3E7, 0xD3E7, 0xD3E7, 0xCBC7, 0xCBA7, 0xCBA7, 0xCBA6,
    0xCB86, 0xCB87, 0xCB25, 0xC2C3, 0xC2C3, 0xC2C3, 0xC2A3, 0xBA83, 0xBA83, 0xBA63, 0xBA63, 0xB243, 0xB243, 0xB223, 0xB203, 0xAA02,
    0xA9E2, 0xA9E2, 0xA1C2, 0xA224, 0xA245, 0xA245, 0xA245, 0xA245, 0xA245, 0xA245, 0xA245, 0xA245, 0xA245, 0xA245, 0xA245, 0xA245,
    0xA245, 0xA245, 0xA245, 0xA245, 0xA245, 0xA245, 0xA245, 0xA245, 0xA245, 0xA245, 0xA204, 0xA1C2, 0xA1C2, 0xA1C2, 0xA1C2, 0xA1C2,
    0xAAC5, 0xAAC5, 0xAAC5, 0xAAE5, 0xAAE5, 0xAB05, 0xAAC4, 0xAAA3, 0xAAA3, 0xAAC3, 0xAAC3, 0xAAC3, 0xAAE3, 0xAAE3, 0xAAE3, 0xAB03,
    0xAB03, 0xAB03, 0xAB23, 0xAB23, 0xB323, 0xB323, 0xB343, 0xB343, 0xB343, 0xB343, 0xB363, 0xB363, 0xBB83, 0xBBC6, 0xBBE6, 0xBC06,
    0xC407, 0xC427, 0xC427, 0xC447, 0xCC47, 0xCC47, 0xCC67, 0xCC67, 0xCC67, 0xD467, 0xD467, 0xD487, 0xD488, 0xD466, 0xD424, 0xD424,
    0xDC24, 0xDC24, 0xDC24, 0xDC24, 0xDC24, 0xDC24, 0xDC04, 0xDC04, 0xDC04, 0xDC04, 0xDBE4, 0xDBE4, 0xDC47, 0xDC47, 0xDC27, 0xDC27,
    0xD427, 0xD407, 0xD407, 0xD3E7, 0xD3E7, 0xD3C7, 0xD3C7, 0xD3A7, 0xCBA7, 0xCBA7, 0xCB24, 0xCAE3, 0xC2E3, 0xC2C3, 0xC2C3, 0xC2A3,
    0xC2A3, 0xBA83, 0xBA63, 0xBA63, 0xB243, 0xB243, 0xB223, 0xB202, 0xAA02, 0xA9E2, 0xAA03, 0xAA65, 0xAA65, 0xA245, 0xA245, 0xA245,
    0xA245, 0xA245, 0xA245, 0xA245, 0xA245, 0xA245, 0xA245, 0xA245, 0xA245, 0xA245, 0xA245, 0xA245, 0xA245, 0xA245, 0xA245, 0xA245,
    0xA245, 0xA204, 0xA1C2, 0xA1C2, 0xA1C2, 0xA1C2, 0xA1C2, 0xA1C2, 0xAAC5, 0xAAC5, 0xAAE5, 0xAAE5, 0xAAE5, 0xAAE5, 0xAB05, 0xAAE4,
    0xAAA3, 0xAAC3, 0xAAC3, 0xAAE3, 0xAAE3, 0xAAE3, 0xAB03, 0xAB03, 0xAB03, 0xAB23, 0xAB23, 0xB323, 0xB343, 0xB343, 0xB343, 0xB343,
    0xB363, 0xB363, 0xB383, 0xBB84, 0xBBA3, 0xBBC5, 0xC407, 0xC427, 0xC427, 0xC447, 0xCC47, 0xCC67, 0xCC67, 0xCC67, 0xD468, 0xD488,
    0xD488, 0xD488, 0xD488, 0xD4A8, 0xD4A8, 0xDC87, 0xDC45, 0xDC45, 0xDC45, 0xDC45, 0xDC45, 0xDC44, 0xDC44, 0xDC44, 0xDC44, 0xDC24,
    0xDC24, 0xDC24, 0xDC04, 0xDC05, 0xDC67, 0xDC67, 0xDC47, 0xDC47, 0xDC27, 0xDC27, 0xDC27, 0xDC07, 0xD407, 0xD3E7, 0xD3E7, 0xD3C7,
    0xD3C7, 0xD3A6, 0xCB24, 0xCB03, 0xCB03, 0xCAE3, 0xCAC3, 0xC2C3, 0xC2A3, 0xC2A3, 0xC283, 0xBA63, 0xBA63, 0xBA43, 0xB223, 0xB223,
    0xB203, 0xB1E2, 0xB244, 0xAA85, 0xAA65, 0xAA65, 0xA245, 0xA245, 0xA245, 0xA245, 0xA245, 0xA245, 0xA245, 0xA245, 0xA245, 0xA245,
    0xA245, 0xA245, 0xA245, 0xA245, 0xA245, 0xA245, 0xA245, 0xA245, 0xA203, 0xA1C2, 0xA1C2, 0xA1C2, 0xA1C2, 0xA1C2, 0xA1C2, 0xA1C2,
    0xAAC5, 0xAAC5, 0xAAE5, 0xAAE5, 0xAAE5, 0xAB05, 0xAB05, 0xAB26, 0xAAE4, 0xAAC3, 0xAAE3, 0xAAE3, 0xAAE3, 0xAB03, 0xAB03, 0xAB03,
    0xAB23, 0xAB23, 0xB323, 0xB343, 0xB343, 0xB343, 0xB343, 0xB363, 0xB363, 0xBB83, 0xBBA4, 0xBBA4, 0xC3C4, 0xC3C4, 0xC426, 0xC447,
    0xCC47, 0xCC67, 0xCC68, 0xCC88, 0xD488, 0xD488, 0xD4A8, 0xD4A8, 0xD4A8, 0xD4A8, 0xDCC8, 0xDCC8, 0xDCC8, 0xDCC8, 0xDC86, 0xDC65,
    0xDC65, 0xDC65, 0xE465, 0xE465, 0xE465, 0xE465, 0xE444, 0xE444, 0xE444, 0xE444, 0xE424, 0xE425, 0xE487, 0xE467, 0xDC67, 0xDC67,
    0xDC47, 0xDC47, 0xDC47, 0xDC27, 0xDC07, 0xDC07, 0xDC07, 0xD3E7, 0xD3E7, 0xD3A6, 0xD323, 0xD324, 0xCB03, 0xCB03, 0xCAE3, 0xCAE3,
    0xCAC3, 0xC2A3, 0xC2A3, 0xC283, 0xC263, 0xBA63, 0xBA43, 0xBA23, 0xB222, 0xB243, 0xB286, 0xB265, 0xAA65, 0xAA65, 0xAA65, 0xAA65,
    0xA245, 0xA245, 0xA245, 0xA245, 0xA245, 0xA245, 0xA245, 0xA245, 0xA245, 0xA245, 0xA245, 0xA245, 0xA245, 0xA245, 0xA245, 0xA204,
    0xA1C2, 0xA1C2, 0xA1C2, 0xA1C2, 0xA1C2, 0xA1C2, 0xA1C2, 0xA1C2, 0xAAC5, 0xAAE5, 0xAAE5, 0xAAE5, 0xAB05, 0xAB05, 0xAB05, 0xAB25,
    0xAB26, 0xAB04, 0xAAE3, 0xAAE3, 0xAB03, 0xAB03, 0xAB03, 0xAB23, 0xAB23, 0xB323, 0xB343, 0xB343, 0xB343, 0xB343, 0xB363, 0xB383,
    0xBB84, 0xBBA4, 0xBBC4, 0xC3C4, 0xC3E4, 0xC3E4, 0xCC05, 0xCC68, 0xCC68, 0xCC88, 0xD488, 0xD4A8, 0xD4A8, 0xD4A8, 0xD4A8, 0xDCC8,
    0xDCC8, 0xDCC8, 0xDCE9, 0xDCE9, 0xDCE9, 0xDCE9, 0xE4C7, 0xE485, 0xE485, 0xE485, 0xE485, 0xE485, 0xE485, 0xE485, 0xE465, 0xE465,
    0xE464, 0xE444, 0xE444, 0xE445, 0xE4A7, 0xE487, 0xE487, 0xE487, 0xE467, 0xE467, 0xE447, 0xDC47, 0xDC27, 0xDC27, 0xDC07, 0xDC07,
    0xDBE7, 0xD3A5, 0xD343, 0xD344, 0xD323, 0xD303, 0xCB03, 0xCAE3, 0xCAC3, 0xCAC3, 0xC2A3, 0xC2A3, 0xC283, 0xC263, 0xBA63, 0xBA43,
    0xBA23, 0xBA85, 0xB2A6, 0xB285, 0xB285, 0xB265, 0xAA65, 0xAA65, 0xAA65, 0xA245, 0xA245, 0xA245, 0xA245, 0xA245, 0xA245, 0xA245,
    0xA245, 0xA245, 0xA245, 0xA245, 0xA245, 0xA245, 0xA203, 0xA1C2, 0xA1C2, 0xA1C2, 0xA1C2, 0xA1C2, 0xA1C2, 0xA1C2, 0xA1C2, 0xA1C2,
    0xAAE5, 0xAAE5, 0xAAE5, 0xAB05, 0xAB05, 0xAB05, 0xAB25, 0xAB25, 0xAB26, 0xAB46, 0xAB24, 0xAAE3, 0xAB03, 0xAB03, 0xAB23, 0xAB23,
    0xB323, 0xB343, 0xB343, 0xB343, 0xB363, 0xB363, 0xB383, 0xBBA4, 0xBBA4, 0xC3C4, 0xC3C4, 0xC3E4, 0xC405, 0xCC05, 0xCC25, 0xCC67,
    0xCC88, 0xD4A8, 0xD4A8, 0xD4A8, 0xD4C8, 0xDCC9, 0xDCC9, 0xDCE9, 0xDCE9, 0xDCE9, 0xDCE9, 0xE509, 0xE509, 0xE509, 0xE4E8, 0xE4A6,
    0xE4A6, 0xE4A6, 0xE4A6, 0xE4A5, 0xE4A5, 0xECA5, 0xEC85, 0xEC85, 0xEC85, 0xEC64, 0xEC64, 0xE465, 0xE4C8, 0xE4A8, 0xE4A8, 0xE488,
    0xE488, 0xE468, 0xE468, 0xE467, 0xE447, 0xE447, 0xDC27, 0xDC27, 0xDC07, 0xDB84, 0xDB64, 0xD344, 0xD344, 0xD324, 0xD303, 0xD303,
    0xCAE3, 0xCAC3, 0xCAC3, 0xCAA3, 0xC283, 0xC283, 0xC263, 0xBA43, 0xBA84, 0xBAC6, 0xBAA6, 0xB286, 0xB285, 0xB285, 0xB285, 0xAA65,
    0xAA65, 0xAA65, 0xA245, 0xA245, 0xA245, 0xA245, 0xA245, 0xA245, 0xA245, 0xA245, 0xA245, 0xA245, 0xA245, 0xA203, 0xA1C2, 0xA1C2,
    0xA1C2, 0xA1C2, 0xA1C2, 0xA1C2, 0xA1C2, 0xA1C2, 0xA1C2, 0xA1C2, 0xAAE5, 0xAAE5, 0xAAE5, 0xAB05, 0xAB05, 0xAB05, 0xAB25, 0xAB26,
    0xAB46, 0xAB46, 0xAB46, 0xAB24, 0xAB03, 0xAB23, 0xAB23, 0xB323, 0xB343, 0xB343, 0xB343, 0xB363, 0xB363, 0xBB83, 0xBBA4, 0xBBA4,
    0xC3C4, 0xC3E4, 0xC3E5, 0xCC05, 0xCC25, 0xCC25, 0xCC45, 0xD466, 0xD4A8, 0xD4C9, 0xD4C9, 0xDCE9, 0xDCE9, 0xDCE9, 0xDD09, 0xDD09,
    0xDD09, 0xE509, 0xE509, 0xE529, 0xE529, 0xE529, 0xE529, 0xE4C6, 0xECC6, 0xECC6, 0xECC6, 0xECC6, 0xECC6, 0xECA6, 0xECA5, 0xECA5,
    0xECA5, 0xEC85, 0xEC85, 0xEC85, 0xECC8, 0xECC8, 0xECC8, 0xECA8, 0xECA8, 0xE488, 0xE488, 0xE468, 0xE467, 0xE447, 0xE447, 0xE427,
    0xE407, 0xDB84, 0xDB84, 0xDB64, 0xDB44, 0xD344, 0xD324, 0xD304, 0xD303, 0xCAE3, 0xCAC3, 0xCAC3, 0xCAA3, 0xC283, 0xC283, 0xC263,
    0xC2E6, 0xC2C6, 0xBAA6, 0xBAA6, 0xBA86, 0xB285, 0xB285, 0xB285, 0xAA65, 0xAA65, 0xAA65, 0xA245, 0xA245, 0xA245, 0xA245, 0xA245,
    0xA245, 0xA245, 0xA245, 0xA245, 0xA203, 0xA1C2, 0xA1C2, 0xA1C2, 0xA1C2, 0xA1C2, 0xA1C2, 0xA1C2, 0xA1C2, 0xA1C2, 0xA1C2, 0xA1C2,
    0xAAE5, 0xAAE5, 0xAB05, 0xAB05, 0xAB05, 0xAB25, 0xAB25, 0xAB26, 0xAB46, 0xAB46, 0xAB46, 0xAB66, 0xAB45, 0xAB23, 0xB323, 0xB343,
    0xB343, 0xB343, 0xB343, 0xB363, 0xBB84, 0xBBA4, 0xBBC4, 0xC3C4, 0xC3E4, 0xC405, 0xCC05, 0xCC25, 0xCC45, 0xCC45, 0xD466, 0xD466,
    0xD4A7, 0xDCE9, 0xDCE9, 0xDD09, 0xDD09, 0xDD09, 0xE529, 0xE52A, 0xE52A, 0xE52A, 0xE54A, 0xE54A, 0xE54A, 0xED4A, 0xED4A, 0xED08,
    0xECE6, 0xECE6, 0xECE6, 0xECE6, 0xECE6, 0xECC6, 0xECC6, 0xECC6, 0xECC5, 0xECA5, 0xECA5, 0xECA5, 0xECE8, 0xECE8, 0xECC8, 0xECC8,
    0xECA8, 0xECA8, 0xECA8, 0xEC88, 0xE488, 0xE468, 0xE447, 0xE448, 0xE406, 0xE3A4, 0xDB84, 0xDB84, 0xDB64, 0xDB44, 0xDB44, 0xD324,
    0xD304, 0xD303, 0xD2E3, 0xCAC3, 0xCAC3, 0xCAA3, 0xC283, 0xC2C5, 0xC306, 0xC2E6, 0xC2C6, 0xBAA6, 0xBAA6, 0xBA86, 0xB285, 0xB285,
    0xB285, 0xAA65, 0xAA65, 0xAA65, 0xAA65, 0xA245, 0xA245, 0xA245, 0xA245, 0xA245, 0xA245, 0xA204, 0xA1C2, 0xA1C2, 0xA1C2, 0xA1C2,
    0xA1C2, 0xA1C2, 0xA1C2, 0xA1C2, 0xA1C2, 0xA1C2, 0xA1C2, 0xA1C2, 0xAAE5, 0xAAE5, 0xAB05, 0xAB05, 0xAB05, 0xAB25, 0xAB26, 0xAB46,
    0xAB46, 0xAB46, 0xAB66, 0xAB66, 0xB386, 0xB345, 0xB323, 0xB343, 0xB343, 0xB363, 0xB363, 0xBB83, 0xBBA4, 0xBBC4, 0xC3C4, 0xC3E4,
    0xC405, 0xCC25, 0xCC25, 0xCC45, 0xD446, 0xD466, 0xD486, 0xD486, 0xDCA6, 0xDCE9, 0xDD09, 0xDD09, 0xDD2A, 0xE52A, 0xE52A, 0xE54A,
    0xE54A, 0xE54A, 0xED4A, 0xED4A, 0xED6A, 0xED6A, 0xED6A, 0xED49, 0xED07, 0xED07, 0xED07, 0xED06, 0xECE6, 0xF4E6, 0xF4E6, 0xF4E6,
    0xF4C6, 0xF4C5, 0xF4C5, 0xF4C5, 0xF508, 0xF4E8, 0xECE8, 0xECE8, 0xECC8, 0xECC8, 0xECA8, 0xECA8, 0xEC88, 0xEC88, 0xEC68, 0xE468,
    0xE405, 0xE3A4, 0xE3A4, 0xE384, 0xDB84, 0xDB64, 0xDB44, 0xDB44, 0xD324, 0xD303, 0xD303, 0xD2E3, 0xCAC3, 0xCAA3, 0xCAC4, 0xCB26,
    0xCB06, 0xC2E6, 0xC2C6, 0xC2C6, 0xBAA6, 0xBAA6, 0xBAA6, 0xB286, 0xB285, 0xB285, 0xB265, 0xAA65, 0xAA65, 0xAA45, 0xA245, 0xA245,
    0xA245, 0xA245, 0xA203, 0xA1C2, 0xA1C2, 0xA1C2, 0xA1C2, 0xA1C2, 0xA1C2, 0xA1C2, 0xA1C2, 0xA1C2, 0xA1C2, 0xA1C2, 0xA1C2, 0xA1C2,
    0xAAE5, 0xAB05, 0xAB05, 0xAB05, 0xAB25, 0xAB25, 0xAB46, 0xAB46, 0xAB46, 0xAB46, 0xAB66, 0xB366, 0xB386, 0xB386, 0xB365, 0xB343,
    0xB343, 0xB363, 0xBB83, 0xBBA4, 0xBBC4, 0xC3C4, 0xC3E4, 0xC405, 0xCC25, 0xCC25, 0xCC45, 0xD466, 0xD466, 0xD486, 0xDCA6, 0xDCA7,
    0xDCC7, 0xDCE8, 0xDD2A, 0xE52A, 0xE54A, 0xE54A, 0xE56A, 0xE56A, 0xED6A, 0xED6A, 0xED6A, 0xED6B, 0xED8B, 0xED6A, 0xED8B, 0xED6A,
    0xF527, 0xF527, 0xF527, 0xF527, 0xF507, 0xF506, 0xF506, 0xF4E6, 0xF4E6, 0xF4E6, 0xF4C5, 0xF4C6, 0xF528, 0xF508, 0xF508, 0xF4E8,
    0xF4E8, 0xECC8, 0xECC8, 0xECA8, 0xECA8, 0xEC88, 0xEC88, 0xEC68, 0xEBE5, 0xE3C4, 0xE3C4, 0xE3A4, 0xE384, 0xE384, 0xDB64, 0xDB44,
    0xDB24, 0xDB24, 0xD303, 0xD2E3, 0xD2E3, 0xCAC3, 0xCB26, 0xCB27, 0xCB06, 0xCB06, 0xC2E6, 0xC2C6, 0xC2C6, 0xBAA6, 0xBAA6, 0xBAA6,
    0xB286, 0xB285, 0xB285, 0xB265, 0xAA65, 0xAA65, 0xAA45, 0xA245, 0xA245, 0xA203, 0xA1C2, 0xA1C2, 0xA1C2, 0xA1C2, 0xA1C2, 0xA1C2,
    0xA1C2, 0xA1C2, 0xA1C2, 0xA1C2, 0xA1C2, 0xA1C2, 0xA1C2, 0xA1C2, 0xAAE5, 0xAB05, 0xAB05, 0xAB05, 0xAB25, 0xAB26, 0xAB46, 0xAB46,
    0xAB46, 0xAB66, 0xB366, 0xB366, 0xB386, 0xB386, 0xB3A6, 0xB385, 0xB363, 0xBB83, 0xBBA4, 0xBBC4, 0xC3C4, 0xC3E4, 0xC405, 0xCC25,
    0xCC45, 0xCC46, 0xD466, 0xD486, 0xD486, 0xDCA6, 0xDCC7, 0xDCC7, 0xDCE7, 0xE4E7, 0xE529, 0xE56A, 0xE56A, 0xE56B, 0xED6B, 0xED8B,
    0xED8B, 0xED8B, 0xED8B, 0xED8B, 0xEDAB, 0xF5AB, 0xF5AB, 0xF58B, 0xF548, 0xF547, 0xF547, 0xF527, 0xF527, 0xF527, 0xF527, 0xF507,
    0xF506, 0xF506, 0xF4E6, 0xF4E6, 0xF528, 0xF528, 0xF528, 0xF508, 0xF508, 0xF4E8, 0xF4C8, 0xF4C8, 0xF4C8, 0xECA8, 0xEC88, 0xEC67,
    0xEBE4, 0xEBE4, 0xEBC4, 0xE3A4, 0xE3A4, 0xE384, 0xE364, 0xDB64, 0xDB44, 0xDB24, 0xDB24, 0xD304, 0xD2E3, 0xD304, 0xD367, 0xD346,
    0xCB26, 0xCB06, 0xCB06, 0xC2E6, 0xC2C6, 0xC2A6, 0xC2A6, 0xBAA6, 0xBAA6, 0xBA86, 0xB285, 0xB285, 0xB265, 0xAA65, 0xAA65, 0xAA65,
    0xA203, 0xA1C2, 0xA1C2, 0xA1C2, 0xA1C2, 0xA1C2, 0xA1C2, 0xA1C2, 0xA1C2, 0xA1C2, 0xA1C2, 0xA1C2, 0xA1C2, 0xA1C2, 0xA1C2, 0xA1C2,
    0xAB05, 0xAB05, 0xAB05, 0xAB25, 0xAB25, 0xAB46, 0xAB46, 0xAB46, 0xAB66, 0xAB66, 0xB366, 0xB386, 0xB386, 0xB386, 0xB3A6, 0xB3C6,
    0xB3A5, 0xBBA3, 0xBBC4, 0xC3C4, 0xC3E4, 0xC405, 0xCC25, 0xCC45, 0xD446, 0xD466, 0xD486, 0xD4A6, 0xDCA7, 0xDCC7, 0xDCC7, 0xDCE7,
    0xE508, 0xE508, 0xE528, 0xE56B, 0xED8B, 0xED8B, 0xED8B, 0xEDAB, 0xEDAB, 0xEDAB, 0xEDAB, 0xF5AB, 0xF5AB, 0xF5AB, 0xF5AB, 0xF5AB,
    0xF589, 0xF568, 0xF548, 0xF548, 0xF547, 0xF547, 0xF527, 0xF527, 0xF526, 0xF506, 0xFD06, 0xFD06, 0xFD49, 0xFD49, 0xF528, 0xF528,
    0xF508, 0xF508, 0xF4E8, 0xF4E8, 0xF4C8, 0xF4A8, 0xF4A8, 0xEC66, 0xEC04, 0xEBE4, 0xEBE4, 0xEBC4, 0xE3A4, 0xE3A4, 0xE384, 0xE364,
    0xE344, 0xDB44, 0xDB24, 0xDB04, 0xDB04, 0xD366, 0xD367, 0xD347, 0xD326, 0xCB26, 0xCB06, 0xCAE6, 0xC2E6, 0xC2C6, 0xC2A6, 0xC2A6,
    0xBAA6, 0xBAA6, 0xBA86, 0xB285, 0xB285, 0xB265, 0xAA65, 0xAA04, 0xA1C2, 0xA1C2, 0xA1C2, 0xA1C2, 0xA1C2, 0xA1C2, 0xA1C2, 0xA1C2,
    0xA1C2, 0xA1C2, 0xA1C2, 0xA1C2, 0xA1C2, 0xA1C2, 0xA1C2, 0xA1C2, 0xAB05, 0xAB05, 0xAB05, 0xAB25, 0xAB26, 0xAB46, 0xAB46, 0xAB46,
    0xAB66, 0xB366, 0xB386, 0xB386, 0xB386, 0xB3A6, 0xB3A6, 0xB3C6, 0xBBE6, 0xBBE5, 0xC3C4, 0xC3E4, 0xC405, 0xCC25, 0xCC45, 0xD446,
    0xD466, 0xD486, 0xD4A6, 0xDCA7, 0xDCC7, 0xDCE7, 0xE4E7, 0xE508, 0xE528, 0xE528, 0xE528, 0xED6A, 0xEDAB, 0xEDAB, 0xEDAB, 0xEDCC,
    0xEDCC, 0xF5CC, 0xF5CC, 0xF5CC, 0xF5CC, 0xF5CC, 0xF5CB, 0xF5CC, 0xF5AA, 0xF568, 0xF568, 0xFD68, 0xFD68, 0xFD47, 0xFD47, 0xFD47,
    0xFD27, 0xFD27, 0xFD06, 0xFD06, 0xFD49, 0xFD49, 0xFD49, 0xFD28, 0xFD28, 0xF508, 0xF508, 0xF4E8, 0xF4E8, 0xF4C8, 0xF4C8, 0xF466,
    0xEC04, 0xEC04, 0xEBE4, 0xEBC4, 0xEBC4, 0xEBA4, 0xE384, 0xE384, 0xE364, 0xE344, 0xDB44, 0xDB03, 0xDB45, 0xDB87, 0xDB67, 0xD367,
    0xD347, 0xD326, 0xCB06, 0xCB06, 0xCAE6, 0xC2C6, 0xC2C6, 0xC2A6, 0xC2A6, 0xBAA6, 0xBAA6, 0xBA86, 0xB285, 0xB286, 0xAA24, 0xA9E2,
    0xA1E2, 0xA1C2, 0xA1C2, 0xA1C2, 0xA1C2, 0xA1C2, 0xA1C2, 0xA1C2, 0xA1C2, 0xA1C2, 0xA1C2, 0xA1C2, 0xA1C2, 0xA1C2, 0xA1C2, 0xA1C2,
    0xAB05, 0xAB05, 0xAB25, 0xAB25, 0xAB26, 0xAB46, 0xAB46, 0xAB66, 0xAB66, 0xB366, 0xB386, 0xB386, 0xB386, 0xB3A6, 0xB3C6, 0xBBE6,
    0xBC06, 0xC427, 0xC406, 0xC405, 0xCC25, 0xCC45, 0xD446, 0xD466, 0xD486, 0xDCA6, 0xDCA7, 0xDCC7, 0xDCE7, 0xE507, 0xE508, 0xE528,
    0xE528, 0xED48, 0xED69, 0xED69, 0xEDAB, 0xEDCC, 0xEDCC, 0xF5EC, 0xF5EC, 0xF5EC, 0xF5EC, 0xF5EC, 0xF5EC, 0xF5EC, 0xF5EC, 0xFDEC,
    0xFDCB, 0xFD89, 0xFD88, 0xFD88, 0xFD68, 0xFD68, 0xFD68, 0xFD47, 0xFD47, 0xFD47, 0xFD26, 0xFD26, 0xFD69, 0xFD69, 0xFD49, 0xFD49,
    0xFD28, 0xFD28, 0xFD08, 0xF508, 0xF4E8, 0xF4E8, 0xF4C8, 0xF445, 0xF424, 0xF404, 0xEC04, 0xEBE4, 0xEBC4, 0xEBC4, 0xEBA4, 0xE384,
    0xE364, 0xE364, 0xE344, 0xDB44, 0xDBA7, 0xDB87, 0xDB87, 0xDB67, 0xD347, 0xD327, 0xD326, 0xCB06, 0xCAE6, 0xCAE6, 0xC2C6, 0xC2C6,
    0xC2C6, 0xC2A6, 0xBAA6, 0xBAA6, 0xBAA6, 0xB244, 0xB1E2, 0xA9E2, 0xA9E2, 0xA1E2, 0xA1C2, 0xA1C2, 0xA1C2, 0xA1C2, 0xA1C2, 0xA1C2,
    0xA1C2, 0xA1C2, 0xA1C2, 0xA1C2, 0xA1C2, 0xA1C2, 0xA1C2, 0xA1C2, 0xAB05, 0xAB05, 0xAB25, 0xAB25, 0xAB46, 0xAB46, 0xAB46, 0xAB66,
    0xB366, 0xB386, 0xB386, 0xB386, 0xB3A6, 0xB3C6, 0xBBC6, 0xBBE6, 0xC407, 0xC427, 0xC447, 0xCC46, 0xCC25, 0xD445, 0xD466, 0xD486,
    0xDCA6, 0xDCC7, 0xDCC7, 0xDCE7, 0xE508, 0xE508, 0xE528, 0xE548, 0xED49, 0xED69, 0xED89, 0xED89, 0xEDAA, 0xF5EC, 0xF5EC, 0xF5EC,
    0xF60C, 0xF60C, 0xF60C, 0xF60C, 0xF60C, 0xFE0C, 0xFE0C, 0xFE0C, 0xFE0C, 0xFDA9, 0xFDA9, 0xFDA9, 0xFD88, 0xFD88, 0xFD68, 0xFD68,
    0xFD67, 0xFD47, 0xFD47, 0xFD47, 0xFD89, 0xFD69, 0xFD69, 0xFD49, 0xFD48, 0xFD28, 0xFD28, 0xFD08, 0xFD08, 0xFCE8, 0xF4C7, 0xF444,
    0xF444, 0xF424, 0xF404, 0xEC04, 0xEBE4, 0xEBC4, 0xEBA4, 0xEBA4, 0xE384, 0xE364, 0xE344, 0xE3A6, 0xE3C7, 0xDBA7, 0xDB87, 0xDB67,
    0xDB67, 0xD347, 0xD326, 0xD306, 0xCB06, 0xCAE6, 0xCAC6, 0xC2C6, 0xC2C6, 0xC2C6, 0xC2A6, 0xBAA6, 0xBA44, 0xB1E2, 0xB203, 0xB1E2,
    0xA9E2, 0xA9E2, 0xA1E2, 0xA1C2, 0xA1C2, 0xA1C2, 0xA1C2, 0xA1C2, 0xA1C2, 0xA1C2, 0xA1C2, 0xA1C2, 0xA1C2, 0xA1C2, 0xA1C2, 0xA1C2,
    0xAB05, 0xAB25, 0xAB25, 0xAB26, 0xAB46, 0xAB46, 0xAB46, 0xAB66, 0xB366, 0xB386, 0xB386, 0xB386, 0xB3A6, 0xBBC6, 0xBBE6, 0xC406,
    0xC427, 0xC447, 0xCC67, 0xCC88, 0xD467, 0xD466, 0xD486, 0xDCA6, 0xDCA7, 0xDCC7, 0xDCE7, 0xE508, 0xE528, 0xE528, 0xE548, 0xED69,
    0xED69, 0xED89, 0xED89, 0xEDAA, 0xF5AA, 0xF5EC, 0xF60D, 0xF60D, 0xF60D, 0xF62D, 0xF62D, 0xFE2D, 0xFE2D, 0xFE2D, 0xFE2D, 0xFE2C,
    0xFE0C, 0xFDEB, 0xFDC9, 0xFDA9, 0xFDA9, 0xFDA8, 0xFD88, 0xFD88, 0xFD68, 0xFD67, 0xFD47, 0xFD47, 0xFD8A, 0xFD8A, 0xFD69, 0xFD69,
    0xFD49, 0xFD48, 0xFD28, 0xFD28, 0xFD08, 0xFD08, 0xFCA6, 0xF444, 0xF445, 0xF424, 0xF424, 0xF404, 0xEBE4, 0xEBE4, 0xEBC4, 0xEBA4,
    0xEB84, 0xE364, 0xE385, 0xE3E7, 0xE3C7, 0xE3A7, 0xDB87, 0xDB87, 0xDB67, 0xDB47, 0xD347, 0xD326, 0xD306, 0xCAE6, 0xCAE6, 0xCAC6,
    0xC2C6, 0xC2C6, 0xC2C6, 0xBA64, 0xBA02, 0xBA03, 0xB203, 0xB203, 0xB1E2, 0xA9E2, 0xA9E2, 0xA1C2, 0xA1C2, 0xA1C2, 0xA1C2, 0xA1C2,
    0xA1C2, 0xA1C2, 0xA1C2, 0xA1C2, 0xA1C2, 0xA1C2, 0xA1C2, 0xA1C2, 0xAB05, 0xAB25, 0xAB25, 0xAB26, 0xAB46, 0xAB46, 0xAB66, 0xAB66,
    0xB366, 0xB386, 0xB386, 0xB3A6, 0xBBC6, 0xBBE6, 0xBC06, 0xC427, 0xC427, 0xCC47, 0xCC68, 0xCC88, 0xD4A9, 0xD4A7, 0xDC86, 0xDCA7,
    0xDCC7, 0xDCE7, 0xE508, 0xE528, 0xE528, 0xE548, 0xED69, 0xED69, 0xED89, 0xEDAA, 0xF5AA, 0xF5CA, 0xF5CA, 0xF5EB, 0xF62D, 0xF62D,
    0xF62D, 0xFE2D, 0xFE2D, 0xFE4D, 0xFE2D, 0xFE2D, 0xFE2D, 0xFE2D, 0xFE2D, 0xFE0C, 0xFDC9, 0xFDC9, 0xFDA9, 0xFDA9, 0xFDA8, 0xFD88,
    0xFD88, 0xFD68, 0xFD67, 0xFD47, 0xFD8A, 0xFD8A, 0xFD89, 0xFD69, 0xFD69, 0xFD49, 0xFD48, 0xFD28, 0xFD28, 0xFD08, 0xFCA6, 0xFC64,
    0xF465, 0xF445, 0xF424, 0xF404, 0xF404, 0xF3E4, 0xEBC4, 0xEBC4, 0xEBA4, 0xEB84, 0xEBE7, 0xEBE7, 0xE3C7, 0xE3C7, 0xE3A7, 0xDB87,
    0xDB87, 0xDB67, 0xDB47, 0xD327, 0xD306, 0xD306, 0xCAE6, 0xCAC6, 0xCAC6, 0xC2C6, 0xC264, 0xBA03, 0xBA23, 0xBA03, 0xBA03, 0xB203,
    0xB1E3, 0xA9E2, 0xA9E2, 0xA9E2, 0xA1C2, 0xA1C2, 0xA1C2, 0xA1C2, 0xA1C2, 0xA1C2, 0xA1C2, 0xA1C2, 0xA1C2, 0xA1C2, 0xA1C2, 0xA1C2,
    0xAB05, 0xAB25, 0xAB26, 0xAB46, 0xAB46, 0xAB46, 0xAB66, 0xB366, 0xB386, 0xB386, 0xB386, 0xB3A6, 0xBBC6, 0xBBE6, 0xC407, 0xC427,
    0xCC47, 0xCC68, 0xCC88, 0xD4A8, 0xD4C8, 0xD4E9, 0xDCC8, 0xDCC7, 0xDCE7, 0xE508, 0xE528, 0xE528, 0xED48, 0xED69, 0xED89, 0xED89,
    0xEDAA, 0xF5CA, 0xF5CA, 0xF5EA, 0xF5EB, 0xF5EA, 0xF62C, 0xFE4E, 0xFE4E, 0xFE4E, 0xFE4E, 0xFE4E, 0xFE4D, 0xFE4D, 0xFE4D, 0xFE4D,
    0xFE2D, 0xFE2D, 0xFDEA, 0xFDC9, 0xFDC9, 0xFDA9, 0xFDA9, 0xFDA8, 0xFD88, 0xFD88, 0xFD67, 0xFD67, 0xFDAA, 0xFDAA, 0xFD8A, 0xFD69,
    0xFD69, 0xFD69, 0xFD48, 0xFD28, 0xFD28, 0xFD08, 0xFC85, 0xFC65, 0xFC65, 0xF445, 0xF425, 0xF424, 0xF404, 0xF3E4, 0xF3E4, 0xEBC4,
    0xEBA4, 0xEBC5, 0xEC08, 0xEBE7, 0xEBE7, 0xE3C7, 0xE3A7, 0xE387, 0xDB87, 0xDB67, 0xDB47, 0xDB47, 0xD327, 0xD306, 0xCAE6, 0xCAE6,
    0xCAE6, 0xCA84, 0xC223, 0xC223, 0xBA23, 0xBA03, 0xBA03, 0xB203, 0xB203, 0xB1E3, 0xA9E2, 0xA9E2, 0xA1E2, 0xA1C2, 0xA1C2, 0xA1C2,
    0xA1C2, 0xA1C2, 0xA1C2, 0xA1C2, 0xA1C2, 0xA1C2, 0xA1C2, 0xA1C2, 0xAB05, 0xAB25, 0xAB26, 0xAB46, 0xAB46, 0xAB46, 0xAB66, 0xB366,
    0xB386, 0xB386, 0xB3A6, 0xBBC6, 0xBBE6, 0xC406, 0xC427, 0xCC47, 0xCC67, 0xCC88, 0xD4A8, 0xD4A8, 0xD4C9, 0xDCE9, 0xDD0A, 0xDD09,
    0xE4E7, 0xE508, 0xE528, 0xED48, 0xED69, 0xED89, 0xED89, 0xEDAA, 0xF5CA, 0xF5CA, 0xF5EA, 0xF5EB, 0xF60B, 0xFE0B, 0xFE2B, 0xFE6E,
    0xFE6E, 0xFE6E, 0xFE6E, 0xFE6E, 0xFE6E, 0xFE6E, 0xFE6E, 0xFE4D, 0xFE4D, 0xFE4D, 0xFE0B, 0xFDE9, 0xFDC9, 0xFDC9, 0xFDA9, 0xFDA9,
    0xFD88, 0xFD88, 0xFD68, 0xFD68, 0xFDAA, 0xFDAA, 0xFD8A, 0xFD89, 0xFD69, 0xFD69, 0xFD49, 0xFD48, 0xFD29, 0xFD07, 0xFC85, 0xFC85,
    0xFC65, 0xFC45, 0xF445, 0xF425, 0xF404, 0xF404, 0xF3E4, 0xF3C4, 0xEBC4, 0xEC27, 0xEC28, 0xEC07, 0xEBE7, 0xEBC7, 0xE3C7, 0xE3A7,
    0xE387, 0xDB67, 0xDB67, 0xDB47, 0xDB27, 0xD306, 0xD306, 0xCAE7, 0xCA84, 0xCA23, 0xC223, 0xC223, 0xC223, 0xBA23, 0xBA03, 0xBA03,
    0xB203, 0xB203, 0xB1E2, 0xA9E2, 0xA9E2, 0xA1C2, 0xA1C2, 0xA1C2, 0xA1C2, 0xA1C2, 0xA1C2, 0xA1C2, 0xA1C2, 0xA1C2, 0xA1C2, 0xA1C2,
    0xAB26, 0xAB25, 0xAB26, 0xAB46, 0xAB46, 0xAB66, 0xAB66, 0xB366, 0xB386, 0xB386, 0xB3A6, 0xBBC6, 0xBBE6, 0xC406, 0xC427, 0xCC47,
    0xCC68, 0xD488, 0xD4A8, 0xD4C9, 0xDCE9, 0xDD09, 0xDD2A, 0xE54A, 0xE529, 0xE528, 0xED48, 0xED69, 0xED89, 0xED89, 0xEDAA, 0xF5CA,
    0xF5EA, 0xF5EB, 0xF60B, 0xF60B, 0xFE2B, 0xFE2C, 0xFE2B, 0xFE6D, 0xFE8F, 0xFE8E, 0xFE8E, 0xFE8E, 0xFE8E, 0xFE6E, 0xFE6E, 0xFE6E,
    0xFE4D, 0xFE4D, 0xFE2C, 0xFDEA, 0xFDEA, 0xFDC9, 0xFDC9, 0xFDA9, 0xFDA8, 0xFD88, 0xFD88, 0xFD68, 0xFDAA, 0xFDAA, 0xFD8A, 0xFD8A,
    0xFD69, 0xFD69, 0xFD69, 0xFD48, 0xFD49, 0xFCE6, 0xFC85, 0xFC85, 0xFC65, 0xFC65, 0xFC45, 0xF425, 0xF424, 0xF404, 0xF3E4, 0xF3C4,
    0xF406, 0xF448, 0xEC27, 0xEC07, 0xEBE7, 0xEBC7, 0xE3C7, 0xE3A7, 0xE387, 0xE387, 0xDB67, 0xDB47, 0xDB47, 0xD327, 0xD307, 0xD2A5,
    0xCA43, 0xCA43, 0xCA43, 0xC223, 0xC223, 0xC223, 0xBA23, 0xBA03, 0xBA03, 0xB203, 0xB203, 0xA9E2, 0xA9E2, 0xA9E2, 0xA1C2, 0xA1C2,
    0xA1C2, 0xA1C2, 0xA1C2, 0xA1C2, 0xA1C2, 0xA1C2, 0xA1C2, 0xA1C2, 0xAAE4, 0xAB25, 0xAB46, 0xAB46, 0xAB46, 0xAB66, 0xAB66, 0xB366,
    0xB386, 0xB3A6, 0xBBC6, 0xBBE6, 0xC406, 0xC427, 0xCC47, 0xCC67, 0xCC88, 0xD4A8, 0xD4C8, 0xDCE9, 0xDCE9, 0xDD09, 0xE52A, 0xE54A,
    0xE56B, 0xE56A, 0xED48, 0xED69, 0xED89, 0xEDAA, 0xF5CA, 0xF5EA, 0xF5EB, 0xF60B, 0xF62B, 0xFE2B, 0xFE4C, 0xFE4C, 0xFE4C, 0xFE6C,
    0xFE8E, 0xFE8F, 0xFE8F, 0xFE8F, 0xFE8E, 0xFE8E, 0xFE8E, 0xFE6E, 0xFE6E, 0xFE6E, 0xFE4C, 0xFDEA, 0xFDEA, 0xFDC9, 0xFDC9, 0xFDA9,
    0xFDA8, 0xFD88, 0xFD88, 0xFD68, 0xFDAA, 0xFDAA, 0xFDAA, 0xFD8A, 0xFD69, 0xFD69, 0xFD69, 0xFD48, 0xFD49, 0xFCC6, 0xFCA5, 0xFC85,
    0xFC85, 0xFC65, 0xFC45, 0xFC45, 0xF424, 0xF404, 0xF3E4, 0xF3E5, 0xF448, 0xF448, 0xF428, 0xEC07, 0xEC07, 0xEBE7, 0xEBC7, 0xE3A7,
    0xE3A7, 0xE387, 0xE367, 0xDB47, 0xDB47, 0xDB27, 0xD2A5, 0xD243, 0xCA43, 0xCA43, 0xCA43, 0xC223, 0xC223, 0xC223, 0xC223, 0xBA23,
    0xBA03, 0xB203, 0xB203, 0xB1E3, 0xA9E2, 0xA9E2, 0xA1E2, 0xA1C2, 0xA1C2, 0xA1C2, 0xA1C2, 0xA1C2, 0xA1C2, 0xA1C2, 0xA1C2, 0xA204,
    0xAAA3, 0xAAE3, 0xAB25, 0xAB46, 0xAB66, 0xAB66, 0xB366, 0xB386, 0xB386, 0xBBA6, 0xBBC6, 0xC3E6, 0xC406, 0xCC27, 0xCC47, 0xCC67,
    0xD488, 0xD4A8, 0xDCC9, 0xDCE9, 0xDD09, 0xE52A, 0xE54A, 0xE56A, 0xE56B, 0xED8B, 0xED8A, 0xED89, 0xEDAA, 0xF5CA, 0xF5CA, 0xF5EB,
    0xF60B, 0xF62B, 0xFE2C, 0xFE4C, 0xFE4C, 0xFE6C, 0xFE6C, 0xFE6C, 0xFE8D, 0xFEAF, 0xFEAF, 0xFEAF, 0xFEAF, 0xFE8F, 0xFE8E, 0xFE8E,
    0xFE6E, 0xFE6E, 0xFE4D, 0xFE0B, 0xFDEA, 0xFDEA, 0xFDC9, 0xFDC9, 0xFDA9, 0xFDA8, 0xFD88, 0xFD88, 0xFDCA, 0xFDAA, 0xFDAA, 0xFD8A,
    0xFD89, 0xFD69, 0xFD69, 0xFD49, 0xFD28, 0xFCC5, 0xFCA5, 0xFC85, 0xFC85, 0xFC65, 0xFC45, 0xFC45, 0xF424, 0xF404, 0xF3E4, 0xF447,
    0xF468, 0xF448, 0xF428, 0xEC28, 0xEC08, 0xEBE7, 0xEBC7, 0xEBC7, 0xE3A7, 0xE387, 0xE367, 0xE367, 0xDB47, 0xDAC5, 0xD263, 0xD263,
    0xD243, 0xCA43, 0xCA43, 0xCA43, 0xC223, 0xC223, 0xC223, 0xBA23, 0xBA03, 0xBA03, 0xB203, 0xB203, 0xB1E3, 0xA9E2, 0xA9E2, 0xA1C2,
    0xA1C2, 0xA1C2, 0xA1C2, 0xA1C2, 0xA1C2, 0xA1E3, 0xA245, 0xA245, 0xAAC3, 0xAAC3, 0xAAC3, 0xAB04, 0xAB45, 0xAB66, 0xB366, 0xB386,
    0xB3A6, 0xBBC6, 0xBBE6, 0xC406, 0xC427, 0xCC47, 0xCC67, 0xD488, 0xD4A8, 0xD4C8, 0xDCE9, 0xDD09, 0xDD29, 0xE52A, 0xE54A, 0xE56B,
    0xED8B, 0xEDAB, 0xEDCC, 0xEDCB, 0xF5AA, 0xF5CA, 0xF5EA, 0xF60B, 0xF62B, 0xFE2C, 0xFE4C, 0xFE6C, 0xFE6C, 0xFE8D, 0xFE8D, 0xFE8D,
    0xFE8D, 0xFEAF, 0xFECF, 0xFEAF, 0xFEAF, 0xFEAF, 0xFE8E, 0xFE8E, 0xFE6E, 0xFE6E, 0xFE6E, 0xFE2B, 0xFDEA, 0xFDEA, 0xFDC9, 0xFDC9,
    0xFDA9, 0xFDA8, 0xFD88, 0xFD88, 0xFDCA, 0xFDAA, 0xFDAA, 0xFD8A, 0xFD89, 0xFD69, 0xFD69, 0xFD69, 0xFD27, 0xFCC5, 0xFCA5, 0xFC85,
    0xFC85, 0xFC65, 0xFC65, 0xFC45, 0xF425, 0xF404, 0xF425, 0xF488, 0xF468, 0xF448, 0xF428, 0xF428, 0xEC08, 0xEBE7, 0xEBE7, 0xEBC7,
    0xE3A7, 0xE3A7, 0xE387, 0xE367, 0xDAE5, 0xDA83, 0xD283, 0xD263, 0xD243, 0xD243, 0xCA43, 0xCA43, 0xCA43, 0xC223, 0xC223, 0xC223,
    0xBA23, 0xBA03, 0xBA03, 0xB203, 0xB1E3, 0xA9E2, 0xA9E2, 0xA1E2, 0xA1C2, 0xA1C2, 0xA1C2, 0xA1E3, 0xA224, 0xA245, 0xA245, 0xA245,
    0xAAC3, 0xAAC3, 0xAAE3, 0xAAE3, 0xAB03, 0xAB24, 0xB366, 0xB386, 0xBBA6, 0xBBC6, 0xC3E6, 0xC406, 0xCC27, 0xCC47, 0xCC67, 0xD488,
    0xD4A8, 0xDCC8, 0xDCE9, 0xDD09, 0xE52A, 0xE54A, 0xE56A, 0xED8B, 0xED8B, 0xEDAB, 0xEDCC, 0xF5ED, 0xF5EC, 0xF5EA, 0xF60B, 0xF60B,
    0xFE2B, 0xFE4C, 0xFE6C, 0xFE6C, 0xFE8D, 0xFE8D, 0xFEAD, 0xFEAD, 0xFEAD, 0xFEAE, 0xFED0, 0xFECF, 0xFEAF, 0xFEAF, 0xFEAF, 0xFE8E,
    0xFE8E, 0xFE6E, 0xFE6E, 0xFE2C, 0xFE0A, 0xFDEA, 0xFDEA, 0xFDC9, 0xFDA9, 0xFDA9, 0xFD88, 0xFD88, 0xFDCA, 0xFDAA, 0xFDAA, 0xFD8A,
    0xFD8A, 0xFD69, 0xFD69, 0xFD69, 0xFD06, 0xFCC5, 0xFCA5, 0xFCA5, 0xFC85, 0xFC65, 0xFC65, 0xFC45, 0xF425, 0xF424, 0xF467, 0xF488,
    0xF468, 0xF448, 0xF448, 0xF428, 0xF408, 0xEC07, 0xEBE7, 0xEBC7, 0xEBA7, 0xE3A7, 0xE387, 0xE305, 0xDAA3, 0xDAA3, 0xDA83, 0xD263,
    0xD263, 0xD243, 0xCA43, 0xCA43, 0xCA43, 0xCA23, 0xC223, 0xC223, 0xC223, 0xBA03, 0xBA03, 0xB203, 0xB203, 0xB1E2, 0xA9E2, 0xA9E2,
    0xA1C2, 0xA1E3, 0xA224, 0xA245, 0xA245, 0xA245, 0xA245, 0xA245, 0xAAC3, 0xAAC3, 0xAAE3, 0xAAE3, 0xAB03, 0xAB03, 0xB323, 0xB365,
    0xBBA6, 0xBBE6, 0xC406, 0xC426, 0xCC47, 0xCC67, 0xD487, 0xD4A8, 0xDCC8, 0xDCC9, 0xDCE9, 0xE509, 0xE52A, 0xE54A, 0xED6A, 0xED8B,
    0xEDAB, 0xEDCC, 0xF5EC, 0xF5EC, 0xF60D, 0xF60C, 0xF60B, 0xFE2B, 0xFE4C, 0xFE6C, 0xFE6C, 0xFE8D, 0xFE8D, 0xFEAD, 0xFEAD, 0xFECE,
    0xFECE, 0xFEAD, 0xFECF, 0xFED0, 0xFECF, 0xFEAF, 0xFEAF, 0xFEAF, 0xFE8E, 0xFE6E, 0xFE6E, 0xFE4D, 0xFE0A, 0xFDEA, 0xFDEA, 0xFDC9,
    0xFDC9, 0xFDA9, 0xFD88, 0xFD88, 0xFDCB, 0xFDCB, 0xFDAA, 0xFDAA, 0xFD8A, 0xFD69, 0xFD69, 0xFD69, 0xFCE5, 0xFCC5, 0xFCA5, 0xFCA5,
    0xFC85, 0xFC65, 0xFC65, 0xFC45, 0xFC24, 0xF466, 0xF4A8, 0xF488, 0xF468, 0xF468, 0xF448, 0xF428, 0xF428, 0xEC07, 0xEBE7, 0xEBE7,
    0xEBC7, 0xEBA7, 0xE325, 0xE2C3, 0xDAC3, 0xDAA3, 0xDA83, 0xDA63, 0xD263, 0xD263, 0xD243, 0xCA43, 0xCA43, 0xCA43, 0xC223, 0xC223,
    0xC223, 0xBA23, 0xBA03, 0xBA03, 0xB203, 0xB203, 0xA9E2, 0xA9E2, 0xAA24, 0xA245, 0xA245, 0xA245, 0xA245, 0xA245, 0xA245, 0xA245,
    0xAAC3, 0xAAC3, 0xAAE3, 0xAAE3, 0xAB03, 0xAB03, 0xB323, 0xB343, 0xBB84, 0xC3C5, 0xC407, 0xCC27, 0xCC47, 0xD467, 0xD488, 0xD4A8,
    0xDCC8, 0xDCE9, 0xDD09, 0xE529, 0xE54A, 0xE56A, 0xED8B, 0xED8B, 0xEDAB, 0xF5CC, 0xF5EC, 0xF60D, 0xF62D, 0xF64D, 0xFE4D, 0xFE2B,
    0xFE4C, 0xFE6C, 0xFE8D, 0xFE8D, 0xFEAD, 0xFECE, 0xFECE, 0xFECE, 0xFECE, 0xFECE, 0xFECE, 0xFED0, 0xFED0, 0xFECF, 0xFEAF, 0xFEAF,
    0xFE8E, 0xFE8E, 0xFE6E, 0xFE6D, 0xFE0B, 0xFDEA, 0xFDEA, 0xFDC9, 0xFDC9, 0xFDA9, 0xFDA8, 0xFD88, 0xFDCB, 0xFDCB, 0xFDAA, 0xFDAA,
    0xFD8A, 0xFD69, 0xFD69, 0xFD48, 0xFCE5, 0xFCC5, 0xFCA5, 0xFCA5, 0xFC85, 0xFC65, 0xFC65, 0xFC44, 0xFC45, 0xFCA8, 0xF488, 0xF488,
    0xF468, 0xF468, 0xF448, 0xF428, 0xF428, 0xF407, 0xEBE7, 0xEBE7, 0xEBC7, 0xE345, 0xE2E3, 0xE2E4, 0xE2C3, 0xDAA3, 0xDA83, 0xDA63,
    0xD263, 0xD263, 0xD263, 0xD243, 0xCA43, 0xCA43, 0xCA43, 0xC223, 0xC223, 0xC223, 0xBA23, 0xBA03, 0xB202, 0xB1E2, 0xB223, 0xAA65,
    0xAA65, 0xAA65, 0xA245, 0xA245, 0xA245, 0xA245, 0xA245, 0xA245, 0xAAC3, 0xAAC3, 0xAAE3, 0xAAE3, 0xAB03, 0xB303, 0xB323, 0xBB63,
    0xBB63, 0xC383, 0xC3C5, 0xCC26, 0xCC67, 0xD467, 0xD488, 0xDCA8, 0xDCC8, 0xDCE9, 0xE509, 0xE52A, 0xE54A, 0xED6A, 0xED8B, 0xEDAB,
    0xEDCC, 0xF5EC, 0xF5EC, 0xF60D, 0xF62D, 0xFE4D, 0xFE6E, 0xFE6D, 0xFE4C, 0xFE6C, 0xFE8D, 0xFEAD, 0xFEAD, 0xFECE, 0xFECE, 0xFEEE,
    0xFEEE, 0xFECE, 0xFECE, 0xFECE, 0xFED0, 0xFECF, 0xFEAF, 0xFEAF, 0xFE8F, 0xFE8E, 0xFE6E, 0xFE6E, 0xFE2C, 0xFDEA, 0xFDEA, 0xFDC9,
    0xFDC9, 0xFDA9, 0xFDA8, 0xFD88, 0xFDCB, 0xFDCB, 0xFDAA, 0xFDAA, 0xFD8A, 0xFD89, 0xFD89, 0xFD27, 0xFCE5, 0xFCC5, 0xFCC5, 0xFCA5,
    0xFC85, 0xFC65, 0xFC65, 0xFC44, 0xFC87, 0xFCA8, 0xF488, 0xF488, 0xF468, 0xF468, 0xF448, 0xF428, 0xF428, 0xF408, 0xF3E7, 0xEBE8,
    0xEB65, 0xEB03, 0xE304, 0xE2E4, 0xE2C3, 0xDAA3, 0xDA83, 0xDA63, 0xDA63, 0xD263, 0xD263, 0xD243, 0xCA43, 0xCA43, 0xCA43, 0xC223,
    0xC223, 0xC223, 0xBA23, 0xBA02, 0xBA23, 0xB265, 0xB286, 0xB285, 0xAA65, 0xAA65, 0xA245, 0xA245, 0xA245, 0xA245, 0xA245, 0xA245,
    0xAAC3, 0xAAC3, 0xAAE3, 0xAAE3, 0xAB03, 0xB323, 0xB343, 0xBB63, 0xC384, 0xC3A4, 0xC3C4, 0xCBE4, 0xD425, 0xD467, 0xD4A8, 0xDCC8,
    0xDCE8, 0xDCE9, 0xE509, 0xE52A, 0xED4A, 0xED6A, 0xED8B, 0xEDAB, 0xF5CC, 0xF5EC, 0xF60C, 0xF60D, 0xFE2D, 0xFE4D, 0xFE6E, 0xFE8E,
    0xFE8E, 0xFE6C, 0xFE8D, 0xFEAD, 0xFEAE, 0xFECE, 0xFEEE, 0xFEEF, 0xFEEF, 0xFEEE, 0xFECE, 0xFEAE, 0xFECF, 0xFECF, 0xFEAF, 0xFEAF,
    0xFE8E, 0xFE6D, 0xFE6D, 0xFE4D, 0xFE2C, 0xFDE9, 0xFDE9, 0xFDC9, 0xFDA8, 0xFDA8, 0xFD88, 0xFD87, 0xFDAA, 0xFDAA, 0xFD89, 0xFD89,
    0xFD69, 0xFD68, 0xFD48, 0xFD06, 0xFCC4, 0xFCA4, 0xFC84, 0xFC84, 0xFC85, 0xFC85, 0xFC64, 0xFC65, 0xFCA8, 0xFCA8, 0xF488, 0xF488,
    0xF468, 0xF468, 0xF448, 0xF428, 0xF428, 0xF408, 0xF408, 0xEB85, 0xEB24, 0xEB04, 0xE304, 0xE2E4, 0xE2C3, 0xE2A3, 0xDA83, 0xDA83,
    0xDA63, 0xDA63, 0xD263, 0xD263, 0xD243, 0xCA43, 0xCA43, 0xCA43, 0xC223, 0xC223, 0xC223, 0xBA64, 0xBAA6, 0xBAA6, 0xB285, 0xB285,
    0xAA65, 0xAA65, 0xAA65, 0xA245, 0xA245, 0xA245, 0xA245, 0xA245, 0xAAC3, 0xAAC3, 0xAAE3, 0xAAE3, 0xAB03, 0xB323, 0xB343, 0xBB63,
    0xC384, 0xC3A4, 0xCBC4, 0xCBE4, 0xD404, 0xD425, 0xDC87, 0xDCC8, 0xDCE9, 0xE509, 0xE529, 0xE54A, 0xED6A, 0xED6B, 0xEDAB, 0xF5AB,
    0xF5CC, 0xF5EC, 0xF60C, 0xFE2D, 0xFE2D, 0xFE4E, 0xFE6E, 0xFE8E, 0xFEAF, 0xFE8E, 0xFE8D, 0xFEAD, 0xFEAE, 0xFECE, 0xFEEE, 0xFEEE,
    0xFEEE, 0xFEEE, 0xFECE, 0xFEAD, 0xFEAE, 0xFED0, 0xFEAE, 0xFEAF, 0xFEF2, 0xFEF2, 0xFEB0, 0xFEB0, 0xFE90, 0xFE4D, 0xFE2D, 0xFE2C,
    0xFE2D, 0xFE0C, 0xFDEB, 0xFDEC, 0xFE2E, 0xFE0D, 0xFE0E, 0xFDED, 0xFDCC, 0xFE0E, 0xFE0D, 0xFD69, 0xFD48, 0xFD49, 0xFD6A, 0xFD29,
    0xFC85, 0xFC44, 0xFC65, 0xFCA7, 0xFCC8, 0xFCA8, 0xF488, 0xF488, 0xF468, 0xF468, 0xF448, 0xF428, 0xF428, 0xF408, 0xF3A5, 0xEB44,
    0xEB24, 0xEB04, 0xEB04, 0xE2E4, 0xE2C3, 0xE2A3, 0xDAA3, 0xDA83, 0xDA63, 0xDA63, 0xD263, 0xD263, 0xD243, 0xD243, 0xCA43, 0xCA23,
    0xCA23, 0xC264, 0xC2A6, 0xC2C6, 0xBAA6, 0xBAA6, 0xB286, 0xB285, 0xB285, 0xAA65, 0xAA65, 0xA245, 0xA245, 0xA245, 0xA245, 0xA245,
    0xAAC3, 0xAAC3, 0xAAE3, 0xAAE3, 0xB303, 0xB323, 0xBB43, 0xBB63, 0xC384, 0xC3A4, 0xCBC4, 0xCC04, 0xD424, 0xD444, 0xDC45, 0xDC86,
    0xE4C8, 0xE509, 0xE52A, 0xED4A, 0xED6A, 0xED8B, 0xEDAB, 0xF5AB, 0xF5CC, 0xF5EC, 0xF60C, 0xFE2D, 0xFE4D, 0xFE4E, 0xFE6E, 0xFE8E,
    0xFEAF, 0xFEAF, 0xFEAE, 0xFEAD, 0xFEAD, 0xFECE, 0xFECE, 0xFECE, 0xFECE, 0xFECE, 0xFECE, 0xFEAD, 0xFEAD, 0xFEAE, 0xFEF2, 0xFFBC,
    0xFF1A, 0xFED9, 0xFFDE, 0xFFBE, 0xFF9D, 0xFFFF, 0xFFFF, 0xFFFF, 0xFF9D, 0xFF9D, 0xFFFF, 0xFF9D, 0xFF9D, 0xFFFF, 0xFF7C, 0xFFDE,
    0xFFFF, 0xFEB9, 0xFEFA, 0xFFFF, 0xFFFF, 0xFF5C, 0xFEB8, 0xFF7C, 0xFF7B, 0xFD09, 0xFC65, 0xFCE9, 0xFCA8, 0xFCA8, 0xF488, 0xF488,
    0xF468, 0xF468, 0xF448, 0xF428, 0xF428, 0xF3A5, 0xEB44, 0xEB44, 0xEB24, 0xEB24, 0xEB04, 0xE2E4, 0xE2C3, 0xE2A3, 0xE2A3, 0xDA83,
    0xDA63, 0xDA63, 0xDA63, 0xD263, 0xD263, 0xD243, 0xCA43, 0xCA64, 0xCAC6, 0xCAE6, 0xC2C6, 0xC2C6, 0xC2A6, 0xBAA6, 0xBAA6, 0xB285,
    0xB285, 0xAA65, 0xAA65, 0xAA45, 0xA245, 0xA245, 0xA245, 0xA245, 0xAAC3, 0xAAC3, 0xAAE3, 0xAAE3, 0xB303, 0xB323, 0xBB43, 0xBB63,
    0xC384, 0xCBC4, 0xCBE4, 0xD404, 0xD424, 0xDC45, 0xDC65, 0xDC85, 0xE4A6, 0xE4C7, 0xE529, 0xED4A, 0xED6A, 0xED8B, 0xF5AB, 0xF5CB,
    0xF5CC, 0xF5EC, 0xFE0C, 0xFE2D, 0xFE4D, 0xFE6E, 0xFE6E, 0xFE8E, 0xFEAF, 0xFEAF, 0xFEAF, 0xFEAE, 0xFEAD, 0xFEAD, 0xFECE, 0xFECE,
    0xFECE, 0xFECE, 0xFEAD, 0xFEAD, 0xFE8D, 0xFE8D, 0xFFFF, 0xF678, 0xEBEA, 0xF551, 0xFF7D, 0xF5D4, 0xF592, 0xFFFF, 0xFFDF, 0xFFFF,
    0xEC6D, 0xEC6D, 0xFFFF, 0xFEB9, 0xECAE, 0xFFFF, 0xEC4C, 0xFFDF, 0xF592, 0xEC8D, 0xEC6C, 0xF5F4, 0xFFFF, 0xEC0B, 0xF5B4, 0xEC0A,
    0xFF7D, 0xFF9D, 0xFCC8, 0xFCC8, 0xFCA8, 0xFCA8, 0xF488, 0xF488, 0xF468, 0xF468, 0xF448, 0xF448, 0xF3C5, 0xF364, 0xF364, 0xEB44,
    0xEB24, 0xEB24, 0xEB04, 0xEAE4, 0xE2C3, 0xE2C3, 0xE2A3, 0xDA83, 0xDA63, 0xDA63, 0xDA63, 0xD263, 0xD243, 0xD263, 0xD2C5, 0xCAE6,
    0xCAE6, 0xCAC6, 0xC2C6, 0xC2C6, 0xC2A6, 0xBAA6, 0xBAA6, 0xB286, 0xB285, 0xB285, 0xAA65, 0xAA65, 0xA245, 0xA245, 0xA245, 0xA245,
    0xAAC3, 0xAAC3, 0xAAE3, 0xAAE3, 0xB303, 0xBB23, 0xBB43, 0xC384, 0xC3A4, 0xCBC4, 0xCBE4, 0xD404, 0xD424, 0xDC45, 0xDC65, 0xDC85,
    0xE4A6, 0xE4C6, 0xECE6, 0xED28, 0xED6A, 0xED8B, 0xF5AB, 0xF5CB, 0xF5CC, 0xF60C, 0xFE0C, 0xFE2D, 0xFE4D, 0xFE4E, 0xFE6E, 0xFE8E,
    0xFE8E, 0xFEAF, 0xFEAF, 0xFECF, 0xFEAE, 0xFEAD, 0xFEAD, 0xFEAD, 0xFEAD, 0xFEAD, 0xFEAD, 0xFEAD, 0xFE8C, 0xFED0, 0xFFFF, 0xF636,
    0xEBC9, 0xF5D4, 0xFFFF, 0xF5B3, 0xF593, 0xFFFF, 0xFFFF, 0xFF3B, 0xEC8D, 0xEC6D, 0xFF3B, 0xFFFF, 0xEC8D, 0xF615, 0xF510, 0xFFFF,
    0xEBE9, 0xFFFF, 0xFF9D, 0xEC0B, 0xFFFF, 0xEC0A, 0xF510, 0xEC6D, 0xFF7C, 0xFFFF, 0xFD8D, 0xFCA7, 0xFCC8, 0xFCA8, 0xF488, 0xF488,
    0xF468, 0xF448, 0xF448, 0xF3C5, 0xF384, 0xF364, 0xEB64, 0xEB44, 0xEB24, 0xEB24, 0xEB04, 0xEAE4, 0xE2C3, 0xE2C3, 0xE2A3, 0xE283,
    0xDA63, 0xDA63, 0xDA63, 0xDA63, 0xD2C5, 0xD306, 0xD307, 0xD2E6, 0xCAE6, 0xCAE6, 0xCAC6, 0xC2C6, 0xC2C6, 0xBAA6, 0xBAA6, 0xBA86,
    0xB285, 0xB285, 0xAA65, 0xAA65, 0xA245, 0xA245, 0xA245, 0xA245, 0xAAC3, 0xAAC3, 0xAAE3, 0xAAE3, 0xB323, 0xBB43, 0xBB63, 0xC384,
    0xC3A4, 0xCBC4, 0xCBE4, 0xD404, 0xD424, 0xDC45, 0xDC65, 0xE485, 0xE4A6, 0xE4C6, 0xECE6, 0xED07, 0xED28, 0xF569, 0xF5AB, 0xF5CB,
    0xF5EC, 0xFDEC, 0xFE0C, 0xFE2D, 0xFE4D, 0xFE4D, 0xFE6E, 0xFE8E, 0xFE8E, 0xFEAF, 0xFEAF, 0xFEAF, 0xFECF, 0xFEAE, 0xFE8D, 0xFEAD,
    0xFEAD, 0xFEAD, 0xFE8D, 0xFE8D, 0xFE6C, 0xFE8E, 0xFFFF, 0xF5F5, 0xEC8D, 0xFF5C, 0xFFFF, 0xF592, 0xECCE, 0xFF1B, 0xFFDE, 0xF530,
    0xEC2B, 0xEC2B, 0xF50F, 0xFFFF, 0xF5B3, 0xE2E4, 0xFED9, 0xFFFF, 0xEC2B, 0xF657, 0xF5D4, 0xEC8D, 0xFFFF, 0xEC0A, 0xF5B3, 0xEC0A,
    0xFFBE, 0xFFFF, 0xFD4B, 0xFCA7, 0xFCA8, 0xFCA8, 0xF488, 0xF468, 0xF468, 0xF468, 0xF3E6, 0xF384, 0xF384, 0xF364, 0xEB64, 0xEB44,
    0xEB24, 0xEB24, 0xEB04, 0xEAE4, 0xE2C3, 0xE2C3, 0xE2A3, 0xE283, 0xDA63, 0xDA63, 0xDAA4, 0xDB06, 0xDB27, 0xDB07, 0xD306, 0xD2E6,
    0xCAE6, 0xCAE6, 0xCAC6, 0xC2C6, 0xC2C6, 0xC2A6, 0xBAA6, 0xBAA6, 0xB285, 0xB285, 0xAA65, 0xAA65, 0xA245, 0xA245, 0xA245, 0xA245,
    0xAAC3, 0xAAC3, 0xAAE3, 0xB303, 0xB323, 0xBB43, 0xBB63, 0xC384, 0xCBA4, 0xCBC4, 0xD3E4, 0xD404, 0xDC24, 0xDC45, 0xDC65, 0xE485,
    0xE4A6, 0xECC6, 0xECE6, 0xED07, 0xED27, 0xF547, 0xF569, 0xF5AB, 0xF5EC, 0xFDEC, 0xFE0C, 0xFE2D, 0xFE2D, 0xFE4D, 0xFE6E, 0xFE6E,
    0xFE8E, 0xFE8E, 0xFEAF, 0xFEAF, 0xFEAF, 0xFEAF, 0xFEAE, 0xFE8D, 0xFE8D, 0xFE8D, 0xFE8D, 0xFE8C, 0xFE6C, 0xFE4B, 0xFF78, 0xFF1B,
    0xF698, 0xFFFF, 0xFFFF, 0xFF1B, 0xECF0, 0xF531, 0xFF9E, 0xF636, 0xFFDF, 0xFFDF, 0xF5F5, 0xFFFF, 0xFF9E, 0xF552, 0xFFFF, 0xFFFF,
    0xFF5D, 0xECF0, 0xED31, 0xFFBE, 0xFFFF, 0xF5F5, 0xFFFF, 0xF616, 0xFF5C, 0xFED6, 0xFCA7, 0xFCC8, 0xFCA8, 0xFCA8, 0xF488, 0xF468,
    0xF468, 0xF406, 0xF3A4, 0xF3A4, 0xF384, 0xF364, 0xEB64, 0xEB44, 0xEB24, 0xEB24, 0xEB04, 0xEAE4, 0xE2C4, 0xE2C4, 0xE2A3, 0xE283,
    0xE2A4, 0xE306, 0xDB27, 0xDB27, 0xDB07, 0xDB07, 0xD306, 0xD2E6, 0xD2E6, 0xCAE6, 0xCAC6, 0xCAC6, 0xC2C6, 0xC2A6, 0xBAA6, 0xBAA6,
    0xB286, 0xB285, 0xB265, 0xAA65, 0xAA65, 0xA245, 0xA245, 0xA245, 0xAAC3, 0xAAC3, 0xAAE3, 0xB303, 0xB323, 0xBB43, 0xC364, 0xC384,
    0xCBA4, 0xCBC4, 0xD3E4, 0xD404, 0xDC24, 0xDC45, 0xE465, 0xE485, 0xE4A6, 0xECC6, 0xECE6, 0xED07, 0xF527, 0xF548, 0xF568, 0xF568,
    0xFDAA, 0xFDEC, 0xFE0C, 0xFE2D, 0xFE2D, 0xFE4D, 0xFE6D, 0xFE6E, 0xFE6E, 0xFE8E, 0xFE8E, 0xFE8F, 0xFEAF, 0xFEAF, 0xFEAF, 0xFE8E,
    0xFE6C, 0xFE6C, 0xFE6C, 0xFE6C, 0xFE6C, 0xFE4C, 0xFE4B, 0xFEF2, 0xFF78, 0xFF58, 0xFF58, 0xFF79, 0xFF9A, 0xFF99, 0xFF37, 0xFF57,
    0xFF16, 0xFF16, 0xFF37, 0xFEF6, 0xFF37, 0xFF79, 0xFF17, 0xFF16, 0xFF37, 0xFF37, 0xFF16, 0xFED5, 0xFEB5, 0xFEF6, 0xFE94, 0xFEF6,
    0xFE10, 0xFCC8, 0xFCC8, 0xFCC8, 0xFCA8, 0xF4A8, 0xF488, 0xF488, 0xF406, 0xF3A4, 0xF3A4, 0xF384, 0xF384, 0xF364, 0xEB44, 0xEB44,
    0xEB24, 0xEB04, 0xEB04, 0xEAE4, 0xEAC4, 0xE2A3, 0xE2A4, 0xE306, 0xE327, 0xE327, 0xDB27, 0xDB27, 0xDB07, 0xDB07, 0xD307, 0xD306,
    0xD2E6, 0xCAE6, 0xCAE6, 0xCAC6, 0xC2C6, 0xC2C6, 0xC2A6, 0xBAA6, 0xBA86, 0xB285, 0xB285, 0xAA65, 0xAA65, 0xA245, 0xA245, 0xA245,
    0xAAC3, 0xAAC3, 0xAAE3, 0xB303, 0xBB23, 0xBB43, 0xC364, 0xC384, 0xCBA4, 0xCBC4, 0xD3E4, 0xD404, 0xDC24, 0xDC44, 0xE465, 0xE485,
    0xE4A6, 0xECC6, 0xECE6, 0xED07, 0xF527, 0xF547, 0xF568, 0xF568, 0xFD88, 0xFDA9, 0xFDEB, 0xFE2C, 0xFE4D, 0xFE4D, 0xFE4D, 0xFE6E,
    0xFE6E, 0xFE6E, 0xFE8E, 0xFE8E, 0xFE8E, 0xFEAF, 0xFEAF, 0xFEAF, 0xFE8E, 0xFE6C, 0xFE6C, 0xFE6C, 0xFE4C, 0xFE4B, 0xFE4B, 0xFE0A,
    0xFE0A, 0xFE4C, 0xFE2C, 0xFE0B, 0xFE0B, 0xFDEB, 0xFDCA, 0xFD87, 0xFD67, 0xFD66, 0xFD46, 0xFD46, 0xFD89, 0xFD68, 0xFD68, 0xFD68,
    0xFD48, 0xFCC4, 0xFCA3, 0xFCA3, 0xFC83, 0xFC63, 0xFC63, 0xFCA5, 0xFCC7, 0xFCE8, 0xFCC8, 0xFCC8, 0xFCA8, 0xF488, 0xF488, 0xF426,
    0xF3C4, 0xF3C4, 0xF3A4, 0xF384, 0xF384, 0xF364, 0xEB44, 0xEB44, 0xEB24, 0xEB04, 0xEB04, 0xEAE3, 0xEAC4, 0xEB05, 0xE347, 0xE347,
    0xE327, 0xE327, 0xE327, 0xDB27, 0xDB07, 0xDB07, 0xDB07, 0xD306, 0xD2E6, 0xCAE6, 0xCAE6, 0xCAC6, 0xC2C6, 0xC2C6, 0xC2A6, 0xBAA6,
    0xBAA6, 0xB285, 0xB285, 0xAA65, 0xAA65, 0xA245, 0xA245, 0xA245, 0xAAA3, 0xAAC3, 0xB2E3, 0xB303, 0xBB23, 0xBB43, 0xC363, 0xC384,
    0xCBA4, 0xCBC4, 0xD3E4, 0xD404, 0xDC24, 0xDC44, 0xE465, 0xE485, 0xECA5, 0xECC6, 0xECE6, 0xF507, 0xF527, 0xF547, 0xF548, 0xFD68,
    0xFD88, 0xFDA9, 0xFDA9, 0xFDEA, 0xFE0C, 0xFE4D, 0xFE4D, 0xFE4D, 0xFE6D, 0xFE6E, 0xFE6E, 0xFE6E, 0xFE8E, 0xFE8E, 0xFE8E, 0xFE8E,
    0xFE8F, 0xFE6D, 0xFE4B, 0xFE4B, 0xFE4B, 0xFE2B, 0xFE2B, 0xFE2B, 0xFE0B, 0xFE2C, 0xFE4D, 0xFE4D, 0xFE2D, 0xFE2D, 0xFE0C, 0xFDC9,
    0xFDA9, 0xFD88, 0xFD88, 0xFD68, 0xFDAA, 0xFDAA, 0xFDAA, 0xFD8A, 0xFD69, 0xFD06, 0xFD05, 0xFCE5, 0xFCC5, 0xFCA5, 0xFCC7, 0xFD09,
    0xFCE9, 0xFCC8, 0xFCC8, 0xFCA8, 0xFCA8, 0xF4A8, 0xF426, 0xF3C4, 0xF3C4, 0xF3A4, 0xF3A4, 0xF384, 0xF384, 0xF364, 0xEB44, 0xEB44,
    0xEB24, 0xEB04, 0xEAE4, 0xEB25, 0xEB67, 0xEB67, 0xEB47, 0xE347, 0xE327, 0xE327, 0xE327, 0xDB27, 0xDB27, 0xDB07, 0xDB07, 0xD306,
    0xD306, 0xD2E6, 0xCAE6, 0xCAC6, 0xCAC6, 0xC2C6, 0xC2A6, 0xBAA6, 0xBAA6, 0xB286, 0xB285, 0xB265, 0xAA65, 0xAA65, 0xA245, 0xA245,
    0xAAA3, 0xAAC3, 0xB2E3, 0xB303, 0xBB23, 0xBB43, 0xC363, 0xC384, 0xCBA4, 0xD3C4, 0xD3E4, 0xDC04, 0xDC24, 0xE444, 0xE465, 0xE485,
    0xECA5, 0xECC6, 0xECE6, 0xF506, 0xF527, 0xF527, 0xF548, 0xFD68, 0xFD88, 0xFDA9, 0xFDA9, 0xFDC9, 0xFDE9, 0xFE0B, 0xFE2C, 0xFE4D,
    0xFE4D, 0xFE6D, 0xFE6E, 0xFE6E, 0xFE6E, 0xFE6E, 0xFE6E, 0xFE8E, 0xFE8E, 0xFE8E, 0xFE6D, 0xFE2B, 0xFE2B, 0xFE2B, 0xFE2B, 0xFE0A,
    0xFE0A, 0xFE0A, 0xFE2D, 0xFE2C, 0xFE0C, 0xFE0C, 0xFE0C, 0xFDC9, 0xFD88, 0xFD88, 0xFD67, 0xFD67, 0xFDAA, 0xFDAA, 0xFD8A, 0xFD8A,
    0xFD48, 0xFCE5, 0xFCE5, 0xFCC5, 0xFCC5, 0xFCA5, 0xFD08, 0xFD08, 0xFCE8, 0xFCC8, 0xFCC8, 0xFCA8, 0xFCA8, 0xF446, 0xF3E4, 0xF3E4,
    0xF3C4, 0xF3A4, 0xF3A4, 0xF384, 0xF364, 0xF364, 0xEB44, 0xEB24, 0xEB03, 0xEB24, 0xEB66, 0xEBA8, 0xEB87, 0xEB67, 0xEB47, 0xE347,
    0xE347, 0xE327, 0xE327, 0xE327, 0xDB27, 0xDB07, 0xDB07, 0xD307, 0xD306, 0xD2E6, 0xCAE6, 0xCAE6, 0xCAC6, 0xC2C6, 0xC2C6, 0xC2A6,
    0xBAA6, 0xBA86, 0xB285, 0xB285, 0xAA65, 0xAA65, 0xA245, 0xA245, 0xAAC3, 0xAAC3, 0xB2E3, 0xB303, 0xBB23, 0xBB43, 0xC364, 0xCB84,
    0xCBA4, 0xD3C4, 0xD3E4, 0xDC04, 0xDC24, 0xE444, 0xE464, 0xE485, 0xECA5, 0xECC6, 0xECE6, 0xF506, 0xF527, 0xF527, 0xFD47, 0xFD68,
    0xFD88, 0xFDA8, 0xFDA9, 0xFDC9, 0xFDC9, 0xFDE9, 0xFDEA, 0xFE0B, 0xFE4D, 0xFE4D, 0xFE4D, 0xFE6D, 0xFE6E, 0xFE6E, 0xFE6E, 0xFE6E,
    0xFE6E, 0xFE6E, 0xFE6E, 0xFE4D, 0xFE2B, 0xFE0B, 0xFE0A, 0xFE0A, 0xFE0A, 0xFDEA, 0xFE0B, 0xFE2D, 0xFE0C, 0xFE0C, 0xFE0C, 0xFDCA,
    0xFD88, 0xFD88, 0xFD67, 0xFD67, 0xFDAA, 0xFD8A, 0xFD89, 0xFD69, 0xFD27, 0xFCE5, 0xFCE5, 0xFCC5, 0xFCA5, 0xFCE7, 0xFD09, 0xFCE8,
    0xFCE8, 0xFCC8, 0xFCC8, 0xFCA8, 0xF446, 0xF3E4, 0xF3E4, 0xF3C4, 0xF3C4, 0xF3A4, 0xF3A4, 0xF384, 0xF364, 0xEB64, 0xEB44, 0xEB44,
    0xEB86, 0xEBA8, 0xEBA8, 0xEB87, 0xEB87, 0xEB67, 0xEB47, 0xE347, 0xE347, 0xE327, 0xE327, 0xE327, 0xDB27, 0xDB07, 0xDB07, 0xDB07,
    0xD306, 0xD2E6, 0xCAE6, 0xCAE6, 0xCAC6, 0xC2C6, 0xC2C6, 0xC2A6, 0xBAA6, 0xBA86, 0xB285, 0xB285, 0xAA65, 0xAA65, 0xA245, 0xA245,
    0xAB05, 0xAB05, 0xB304, 0xB324, 0xBB24, 0xC343, 0xC363, 0xCB83, 0xCBA4, 0xD3C4, 0xD3E4, 0xDC04, 0xDC24, 0xE444, 0xE464, 0xEC85,
    0xECA5, 0xECC5, 0xF4E6, 0xF4E6, 0xF507, 0xF527, 0xFD47, 0xFD68, 0xFD68, 0xFD88, 0xFDA9, 0xFDA9, 0xFDC9, 0xFDC9, 0xFDEA, 0xFDEA,
    0xFDEA, 0xFE2C, 0xFE4D, 0xFE4D, 0xFE4D, 0xFE4D, 0xFE6D, 0xFE6D, 0xFE6D, 0xFE6D, 0xFE4D, 0xFE6D, 0xFE2C, 0xFE0A, 0xFE0A, 0xFDEA,
    0xFDEA, 0xFDEA, 0xFDC9, 0xFE0C, 0xFE0C, 0xFE0C, 0xFDEC, 0xFDCB, 0xFD88, 0xFD67, 0xFD67, 0xFD47, 0xFD8A, 0xFD8A, 0xFD89, 0xFD69,
    0xFD06, 0xFCE5, 0xFCE5, 0xFCC5, 0xFCC5, 0xFD08, 0xFD08, 0xFCE8, 0xFCC8, 0xFCC8, 0xFCC8, 0xF446, 0xF404, 0xF404, 0xF3E4, 0xF3C4,
    0xF3C4, 0xF3A4, 0xF384, 0xF384, 0xF364, 0xEB44, 0xEB85, 0xEBC7, 0xEBC8, 0xEBA7, 0xEBA7, 0xEB87, 0xEB67, 0xEB67, 0xEB47, 0xE347,
    0xE347, 0xE327, 0xE327, 0xE327, 0xDB27, 0xDB27, 0xDB07, 0xDB07, 0xD306, 0xD2E6, 0xD2E6, 0xCAE6, 0xCAC6, 0xC2C6, 0xC2C6, 0xC2A6,
    0xBAA6, 0xBAA6, 0xB286, 0xB265, 0xAA44, 0xAA24, 0xA1E3, 0xA1C2, 0xAB05, 0xAB26, 0xB346, 0xBB66, 0xBB86, 0xC385, 0xC385, 0xCB84,
    0xCBA4, 0xD3C4, 0xD3E4, 0xDC04, 0xDC24, 0xE444, 0xE464, 0xEC85, 0xECA5, 0xECC5, 0xF4C6, 0xF4E6, 0xF506, 0xF527, 0xFD47, 0xFD47,
    0xFD68, 0xFD88, 0xFD88, 0xFDA9, 0xFDA9, 0xFDC9, 0xFDC9, 0xFDE9, 0xFDEA, 0xFDEA, 0xFE0A, 0xFE2C, 0xFE4D, 0xFE4D, 0xFE4D, 0xFE4D,
    0xFE4D, 0xFE4D, 0xFE4D, 0xFE4D, 0xFE4D, 0xFE2C, 0xFDEA, 0xFDEA, 0xFDEA, 0xFDC9, 0xFDC9, 0xFDCA, 0xFE0C, 0xFDEB, 0xFDEB, 0xFDCB,
    0xFD88, 0xFD67, 0xFD47, 0xFD47, 0xFD8A, 0xFD8A, 0xFD69, 0xFD48, 0xFCE5, 0xFCE5, 0xFCC5, 0xFCA5, 0xFCE7, 0xFD09, 0xFCE8, 0xFCE8,
    0xFCC8, 0xFCC8, 0xFC66, 0xF404, 0xF404, 0xF3E4, 0xF3E4, 0xF3C4, 0xF3A4, 0xF3A4, 0xF384, 0xF364, 0xF385, 0xF3C7, 0xF3E8, 0xEBC7,
    0xEBC7, 0xEBA7, 0xEB87, 0xEB87, 0xEB67, 0xEB67, 0xEB47, 0xEB47, 0xE347, 0xE347, 0xE327, 0xE327, 0xE327, 0xDB27, 0xDB07, 0xDB07,
    0xD306, 0xD2E6, 0xD2E6, 0xCAE6, 0xCAE6, 0xCAC6, 0xC2C6, 0xC2A6, 0xBA85, 0xBA64, 0xB223, 0xB203, 0xA9E2, 0xA9E2, 0xA1C2, 0xA1C2,
    0xAB05, 0xAB26, 0xB346, 0xBB66, 0xBB86, 0xC3A6, 0xC3C7, 0xCBE7, 0xCBE6, 0xD406, 0xD405, 0xDC05, 0xDC24, 0xE424, 0xE444, 0xEC84,
    0xECA5, 0xECA5, 0xF4C6, 0xF4E6, 0xF506, 0xF526, 0xFD27, 0xFD47, 0xFD67, 0xFD68, 0xFD88, 0xFDA8, 0xFDA9, 0xFDA9, 0xFDC9, 0xFDC9,
    0xFDC9, 0xFDEA, 0xFDE9, 0xFDEA, 0xFE0B, 0xFE2C, 0xFE4D, 0xFE4D, 0xFE4D, 0xFE4D, 0xFE4D, 0xFE2D, 0xFE2D, 0xFE2D, 0xFE0B, 0xFDC9,
    0xFDC9, 0xFDC9, 0xFDA9, 0xFDA8, 0xFDCB, 0xFDEB, 0xFDCB, 0xFDCB, 0xFD89, 0xFD47, 0xFD47, 0xFD47, 0xFD89, 0xFD89, 0xFD69, 0xFD27,
    0xFCE5, 0xFCE5, 0xFCC5, 0xFCC6, 0xFD08, 0xFD08, 0xFCE8, 0xFCE8, 0xFCC8, 0xFC66, 0xF424, 0xF404, 0xF404, 0xF3E4, 0xF3E4, 0xF3C4,
    0xF3A4, 0xF384, 0xF3A5, 0xF3E7, 0xF408, 0xF3E8, 0xF3C7, 0xEBC7, 0xEBA7, 0xEBA7, 0xEB87, 0xEB87, 0xEB67, 0xEB67, 0xEB47, 0xEB47,
    0xE347, 0xE347, 0xE327, 0xE327, 0xE327, 0xDB27, 0xDB07, 0xDB07, 0xD307, 0xD307, 0xD307, 0xCAE6, 0xCAC6, 0xC285, 0xC264, 0xC223,
    0xBA03, 0xBA02, 0xB202, 0xB1E3, 0xA9E2, 0xA9E2, 0xA1E2, 0xA1C2, 0xAB05, 0xB326, 0xB346, 0xBB66, 0xBB86, 0xC3A6, 0xC3C6, 0xCBE7,
    0xCC07, 0xD427, 0xD447, 0xDC67, 0xDC67, 0xE466, 0xE465, 0xEC85, 0xEC85, 0xECA5, 0xF4C5, 0xF4E6, 0xF506, 0xFD06, 0xFD27, 0xFD47,
    0xFD67, 0xFD68, 0xFD88, 0xFD88, 0xFD88, 0xFDA8, 0xFDA9, 0xFDC9, 0xFDC9, 0xFDC9, 0xFDC9, 0xFDC9, 0xFDE9, 0xFDEA, 0xFE0B, 0xFE2C,
    0xFE2D, 0xFE2C, 0xFE2C, 0xFE2C, 0xFE2C, 0xFE0C, 0xFE2C, 0xFDEB, 0xFDA9, 0xFDA9, 0xFDA9, 0xFDA8, 0xFDA9, 0xFDCB, 0xFDCB, 0xFDCB,
    0xFD89, 0xFD47, 0xFD47, 0xFD27, 0xFD69, 0xFD69, 0xFD69, 0xFD06, 0xFCC5, 0xFCC5, 0xFCC5, 0xFD08, 0xFD08, 0xFD08, 0xFCE8, 0xFCE8,
    0xFC66, 0xF424, 0xF424, 0xF404, 0xF404, 0xF3E4, 0xF3C4, 0xF3A4, 0xF3A4, 0xF3E6, 0xF428, 0xF408, 0xF3E8, 0xF3E7, 0xF3C7, 0xEBC7,
    0xEBA7, 0xEBA7, 0xEB87, 0xEB87, 0xEB67, 0xEB67, 0xEB47, 0xEB47, 0xE347, 0xE347, 0xE327, 0xE327, 0xE327, 0xDB27, 0xDB27, 0xDB07,
    0xDAE6, 0xD2C5, 0xD284, 0xCA63, 0xCA43, 0xC223, 0xC223, 0xC223, 0xBA23, 0xBA03, 0xB203, 0xB203, 0xA9E2, 0xA9E2, 0xA1E2, 0xA1C2,
    0xAB05, 0xB326, 0xB346, 0xBB66, 0xBB86, 0xC3A6, 0xC3C6, 0xCBE7, 0xCC07, 0xD427, 0xDC47, 0xDC67, 0xDC67, 0xE4A8, 0xE4C8, 0xECC8,
    0xECC7, 0xECE7, 0xF4E6, 0xF4E6, 0xF4E6, 0xFD06, 0xFD26, 0xFD27, 0xFD47, 0xFD67, 0xFD68, 0xFD88, 0xFD88, 0xFD88, 0xFDA8, 0xFDA9,
    0xFDA9, 0xFDC9, 0xFDC9, 0xFDC9, 0xFDC9, 0xFDC9, 0xFDC9, 0xFDC9, 0xFE0B, 0xFE2C, 0xFE2C, 0xFE0C, 0xFE0C, 0xFE0C, 0xFE0C, 0xFE0C,
    0xFDEA, 0xFDA8, 0xFD88, 0xFD88, 0xFD88, 0xFDA9, 0xFDCB, 0xFDAA, 0xFDAA, 0xFD47, 0xFD26, 0xFD26, 0xFD69, 0xFD69, 0xFD49, 0xFCE5,
    0xFCC5, 0xFCC5, 0xFCE6, 0xFD09, 0xFD08, 0xFCE8, 0xFCE8, 0xFC86, 0xFC24, 0xF425, 0xF424, 0xF404, 0xF3E4, 0xF3C4, 0xF3C4, 0xF3E6,
    0xF427, 0xF428, 0xF408, 0xF408, 0xF3E8, 0xF3E7, 0xEBC7, 0xEBC7, 0xEBA7, 0xEB87, 0xEB87, 0xEB67, 0xEB67, 0xEB47, 0xEB47, 0xEB47,
    0xEB47, 0xE347, 0xE347, 0xE327, 0xE327, 0xDAE6, 0xDAC5, 0xDA84, 0xD263, 0xD243, 0xD243, 0xCA43, 0xCA43, 0xC223, 0xC223, 0xC223,
    0xBA23, 0xBA03, 0xB203, 0xB203, 0xA9E2, 0xA9E2, 0xA1E2, 0xA1C2, 0xAB05, 0xB326, 0xB346, 0xBB46, 0xBB86, 0xC3A6, 0xC3A6, 0xCBC7,
    0xCC07, 0xD407, 0xDC27, 0xDC47, 0xDC67, 0xE487, 0xE4A8, 0xECC8, 0xECE8, 0xED08, 0xF528, 0xF528, 0xF528, 0xFD27, 0xFD27, 0xFD27,
    0xFD47, 0xFD47, 0xFD67, 0xFD67, 0xFD88, 0xFD88, 0xFD88, 0xFD88, 0xFDA8, 0xFDA9, 0xFDA9, 0xFDA9, 0xFDA9, 0xFDC9, 0xFDC9, 0xFDC9,
    0xFDA9, 0xFDCA, 0xFDEB, 0xFE0C, 0xFE0C, 0xFE0C, 0xFDEC, 0xFDEB, 0xFDEC, 0xFDCA, 0xFD88, 0xFD88, 0xFD67, 0xFD68, 0xFDAA, 0xFDAA,
    0xFDAA, 0xFD47, 0xFD26, 0xFD27, 0xFD69, 0xFD69, 0xFD48, 0xFCE5, 0xFCC5, 0xFCC5, 0xFD08, 0xFD08, 0xFCE8, 0xFCE9, 0xFC86, 0xFC44,
    0xFC25, 0xF424, 0xF405, 0xF3E4, 0xF3E4, 0xF3E5, 0xF427, 0xF448, 0xF428, 0xF428, 0xF408, 0xF408, 0xF3E8, 0xF3C7, 0xEBC7, 0xEBA7,
    0xEBA7, 0xEB87, 0xEB87, 0xEB67, 0xEB67, 0xEB47, 0xEB67, 0xEB47, 0xEB47, 0xE306, 0xE2E5, 0xE2A4, 0xDA84, 0xDA63, 0xDA63, 0xDA63,
    0xD263, 0xD263, 0xD243, 0xCA43, 0xCA43, 0xC223, 0xC223, 0xC223, 0xBA23, 0xBA03, 0xB203, 0xB203, 0xA9E2, 0xA9E2, 0xA1E2, 0xA1C2,
    0xAAE5, 0xB306, 0xB326, 0xBB46, 0xBB66, 0xC386, 0xC3A6, 0xCBC7, 0xD3E7, 0xD407, 0xDC27, 0xDC47, 0xDC67, 0xE487, 0xE4A8, 0xECC8,
    0xECE8, 0xECE8, 0xF508, 0xF529, 0xF549, 0xFD69, 0xFD69, 0xFD69, 0xFD69, 0xFD68, 0xFD68, 0xFD67, 0xFD67, 0xFD67, 0xFD88, 0xFD88,
    0xFD88, 0xFD88, 0xFDA8, 0xFDA8, 0xFDA8, 0xFDA9, 0xFDA9, 0xFDA9, 0xFDA9, 0xFDA8, 0xFDA8, 0xFDCA, 0xFDEB, 0xFDEC, 0xFDEB, 0xFDEB,
    0xFDCB, 0xFDEB, 0xFDAA, 0xFD67, 0xFD67, 0xFD47, 0xFD89, 0xFDAA, 0xFD89, 0xFD26, 0xFCC4, 0xFCE4, 0xFD27, 0xFD27, 0xFCE5, 0xFCA4,
    0xFCC5, 0xFCE7, 0xFD09, 0xFD08, 0xFCE9, 0xFC86, 0xFC44, 0xFC45, 0xF425, 0xF404, 0xF404, 0xF405, 0xF447, 0xF468, 0xF448, 0xF428,
    0xF428, 0xF408, 0xF408, 0xF3E8, 0xF3E7, 0xF3C7, 0xEBC7, 0xEBA7, 0xEBA7, 0xEB87, 0xEB88, 0xEB67, 0xEB67, 0xEB27, 0xEB06, 0xE2C5,
    0xE2A4, 0xE283, 0xE263, 0xE263, 0xDA83, 0xDA63, 0xDA63, 0xDA63, 0xD263, 0xD263, 0xD243, 0xCA43, 0xCA43, 0xCA43, 0xC223, 0xC223,
    0xBA23, 0xBA03, 0xB203, 0xB203, 0xB1E2, 0xA9E2, 0xA9E2, 0xA1C2, 0xAAE5, 0xB306, 0xB326, 0xBB46, 0xBB66, 0xC386, 0xC3A6, 0xCBC7,
    0xCBE7, 0xD407, 0xDC27, 0xDC47, 0xDC67, 0xE487, 0xE488, 0xECC8, 0xECC8, 0xECE8, 0xF508, 0xF528, 0xF529, 0xFD49, 0xFD69, 0xFD69,
    0xFD8A, 0xFDAA, 0xFDAA, 0xFDAA, 0xFD89, 0xFD88, 0xFD68, 0xFD67, 0xFD68, 0xFD88, 0xFD88, 0xFD88, 0xFD88, 0xFD88, 0xFD88, 0xFDA8,
    0xFDA8, 0xFDA8, 0xFD88, 0xFD88, 0xFD88, 0xFDAA, 0xFDCB, 0xFDEB, 0xFDCB, 0xFDCB, 0xFDCB, 0xFD89, 0xFD47, 0xFD47, 0xFD05, 0xF528,
    0xF58C, 0xF5EF, 0xFE31, 0xFE73, 0xFE94, 0xFE73, 0xF5AD, 0xF4C7, 0xF464, 0xFCE7, 0xFD09, 0xFD09, 0xFC86, 0xFC44, 0xFC45, 0xFC25,
    0xF404, 0xF405, 0xF446, 0xF468, 0xF468, 0xF448, 0xF448, 0xF428, 0xF428, 0xF408, 0xF408, 0xF3E7, 0xF3E7, 0xEBC7, 0xEBC8, 0xEBA8,
    0xEBA8, 0xEB87, 0xEB46, 0xEB05, 0xEAC4, 0xEA83, 0xEA83, 0xE283, 0xE283, 0xE283, 0xE283, 0xE283, 0xDA83, 0xDA63, 0xDA63, 0xDA63,
    0xD263, 0xD263, 0xD243, 0xCA43, 0xCA43, 0xCA43, 0xC223, 0xC223, 0xBA23, 0xBA03, 0xBA03, 0xB203, 0xB1E2, 0xA9E2, 0xA9E2, 0xA1C2,
    0xAAE5, 0xB305, 0xB326, 0xBB46, 0xBB66, 0xC386, 0xC3A6, 0xCBC7, 0xCBE7, 0xD407, 0xDC27, 0xDC47, 0xDC67, 0xE467, 0xE488, 0xECA8,
    0xECC8, 0xECE8, 0xF508, 0xF508, 0xF528, 0xFD49, 0xFD49, 0xFD69, 0xFD69, 0xFD8A, 0xFD8A, 0xFDAA, 0xFDAA, 0xFDAA, 0xFDAA, 0xFDAA,
    0xFD89, 0xFD88, 0xFD88, 0xFD68, 0xFD88, 0xFD88, 0xFD88, 0xFD88, 0xFD88, 0xFD88, 0xFD88, 0xFD88, 0xFD88, 0xFD67, 0xFD88, 0xFDAA,
    0xFDCB, 0xFDCB, 0xFDAA, 0xFDAB, 0xFD68, 0xF4E5, 0xF5AD, 0xF6F8, 0xFFDE, 0xFFFF, 0xFFFF, 0xFFFF, 0xFFFF, 0xFFFF, 0xFFFF, 0xFFBE,
    0xF6D7, 0xED4C, 0xF487, 0xFCA6, 0xFC44, 0xFC45, 0xFC24, 0xF424, 0xF446, 0xF488, 0xF488, 0xF468, 0xF468, 0xF448, 0xF428, 0xF428,
    0xF408, 0xF408, 0xF408, 0xF3E8, 0xF3E8, 0xEBC7, 0xEB87, 0xEB46, 0xEB04, 0xEAE4, 0xEAA3, 0xEAA3, 0xEA83, 0xEA83, 0xEA83, 0xE283,
    0xE283, 0xE283, 0xE283, 0xE283, 0xE283, 0xDA63, 0xDA63, 0xDA63, 0xD263, 0xD263, 0xD243, 0xCA43, 0xCA43, 0xCA43, 0xC223, 0xC223,
    0xBA23, 0xBA03, 0xBA03, 0xB203, 0xB1E3, 0xA9E2, 0xA9E2, 0xA1C2, 0xAAE5, 0xB305, 0xB326, 0xBB46, 0xBB66, 0xC386, 0xC3A6, 0xCBC7,
    0xCBE7, 0xD407, 0xD427, 0xDC27, 0xDC47, 0xE467, 0xE488, 0xECA8, 0xECC8, 0xECE8, 0xF4E8, 0xF508, 0xF528, 0xFD28, 0xFD49, 0xFD69,
    0xFD69, 0xFD89, 0xFD8A, 0xFD8A, 0xFD8A, 0xFDAA, 0xFDAA, 0xFDAA, 0xFDCB, 0xFDCB, 0xFDAA, 0xFDAA, 0xFD89, 0xFD88, 0xFD68, 0xFD67,
    0xFD67, 0xFD67, 0xFD68, 0xFD68, 0xFD67, 0xFD67, 0xFD67, 0xFD47, 0xFD68, 0xFD89, 0xFDAA, 0xFD69, 0xED4A, 0xF6D7, 0xFFFF, 0xFFFF,
    0xFFFF, 0xFFFF, 0xFFDF, 0xFFDF, 0xFFDF, 0xFFFF, 0xFFFF, 0xFFFF, 0xFFFF, 0xFFFF, 0xEDF1, 0xEBE3, 0xFC45, 0xFC24, 0xF445, 0xFC87,
    0xF4A8, 0xF488, 0xF468, 0xF468, 0xF448, 0xF448, 0xF428, 0xF428, 0xF408, 0xF408, 0xF3C7, 0xEB86, 0xEB65, 0xEB24, 0xEB04, 0xEAE3,
    0xEAC3, 0xEAC4, 0xEAA3, 0xEAA3, 0xEA83, 0xEA83, 0xEA83, 0xE283, 0xE283, 0xE283, 0xE283, 0xE283, 0xE283, 0xDA63, 0xDA63, 0xDA63,
    0xD263, 0xD263, 0xD243, 0xCA43, 0xCA43, 0xCA43, 0xC223, 0xC223, 0xBA23, 0xBA03, 0xBA03, 0xB203, 0xB1E3, 0xA9E2, 0xA9E2, 0xA1C2,
    0xAAE5, 0xB305, 0xB326, 0xBB46, 0xBB66, 0xC386, 0xC3A6, 0xCBA6, 0xCBC7, 0xD3E7, 0xD407, 0xDC27, 0xDC47, 0xE467, 0xE488, 0xECA8,
    0xECA8, 0xECC8, 0xF4E8, 0xF508, 0xF508, 0xFD28, 0xFD48, 0xFD49, 0xFD69, 0xFD69, 0xFD69, 0xFD89, 0xFD8A, 0xFD8A, 0xFDAA, 0xFDAA,
    0xFDAA, 0xFDAA, 0xFDAA, 0xFDAA, 0xFDAB, 0xFDAA, 0xFDAA, 0xFD89, 0xFD88, 0xFD68, 0xFD67, 0xFD47, 0xFD47, 0xFD47, 0xFD47, 0xFD47,
    0xFD47, 0xFD47, 0xFD47, 0xED29, 0xFF5A, 0xFFFF, 0xFFFF, 0xFFFF, 0xFFFF, 0xFFFF, 0xFFFF, 0xFFFF, 0xFFFF, 0xFFFF, 0xFFFF, 0xFFFF,
    0xFFFF, 0xFFFF, 0xFFFF, 0xEDD1, 0xEBE3, 0xFC87, 0xFCA8, 0xF4A8, 0xF488, 0xF468, 0xF468, 0xF468, 0xF448, 0xF428, 0xF407, 0xF3E6,
    0xF3A5, 0xF364, 0xEB44, 0xEB24, 0xEB04, 0xEB04, 0xEB04, 0xEAE4, 0xEAC4, 0xEAC4, 0xEAA3, 0xEA83, 0xEA83, 0xEA83, 0xEA83, 0xE283,
    0xE283, 0xE283, 0xE283, 0xE283, 0xE283, 0xDA63, 0xDA63, 0xDA63, 0xD263, 0xD263, 0xD243, 0xCA43, 0xCA43, 0xCA43, 0xC223, 0xC223,
    0xBA23, 0xBA03, 0xBA03, 0xB203, 0xB1E3, 0xA9E2, 0xA9E2, 0xA1C2, 0xAAE5, 0xB305, 0xB326, 0xBB46, 0xBB46, 0xC366, 0xC386, 0xCBA6,
    0xCBC7, 0xD3E7, 0xD407, 0xDC27, 0xDC47, 0xE447, 0xE468, 0xEC88, 0xECA8, 0xECC8, 0xF4E8, 0xF4E8, 0xF508, 0xFD28, 0xFD28, 0xFD48,
    0xFD49, 0xFD69, 0xFD69, 0xFD69, 0xFD69, 0xFD89, 0xFD8A, 0xFD8A, 0xFD8A, 0xFDAA, 0xFDAA, 0xFDAA, 0xFDAA, 0xFDAA, 0xFDAA, 0xFDAA,
    0xFDAA, 0xFDAA, 0xFD89, 0xFD89, 0xFD68, 0xFD47, 0xFD26, 0xFD26, 0xFD26, 0xFD26, 0xECA4, 0xF6D7, 0xFFFF, 0xFFFF, 0xFFFF, 0xFFFF,
    0xFFFF, 0xEED8, 0xDDB2, 0xDD4F, 0xDDD3, 0xF75B, 0xFFFF, 0xFFFF, 0xFFFF, 0xFFFF, 0xFFFF, 0xFFFF, 0xE4EC, 0xF467, 0xFCA8, 0xF488,
    0xF488, 0xF468, 0xF448, 0xF427, 0xF3E6, 0xF3A5, 0xF384, 0xF364, 0xEB64, 0xEB44, 0xEB44, 0xEB24, 0xEB24, 0xEB04, 0xEAE4, 0xEAE4,
    0xEAC4, 0xEAA3, 0xEAA3, 0xEA83, 0xEA83, 0xEA83, 0xEA83, 0xE283, 0xE283, 0xE283, 0xE283, 0xE283, 0xE283, 0xDA63, 0xDA63, 0xDA63,
    0xD263, 0xD263, 0xD243, 0xCA43, 0xCA43, 0xCA43, 0xC223, 0xC223, 0xBA23, 0xBA03, 0xBA03, 0xB203, 0xB1E3, 0xA9E2, 0xA9E2, 0xA1C2,
    0xAAE5, 0xB2E5, 0xB306, 0xBB26, 0xBB46, 0xC366, 0xC386, 0xCBA6, 0xCBC7, 0xD3E7, 0xD407, 0xDC07, 0xDC27, 0xE447, 0xE467, 0xE488,
    0xECA8, 0xECC8, 0xF4C8, 0xF4E8, 0xF4E8, 0xF508, 0xFD28, 0xFD28, 0xFD48, 0xFD49, 0xFD69, 0xFD69, 0xFD69, 0xFD69, 0xFD69, 0xFD89,
    0xFD89, 0xFD8A, 0xFD8A, 0xFD8A, 0xFD8A, 0xFD8A, 0xFD8A, 0xFD8A, 0xFD8A, 0xFD8A, 0xFDAA, 0xFDAA, 0xFDAA, 0xFD8A, 0xFD69, 0xFD48,
    0xFD47, 0xF4C4, 0xED6C, 0xFFFF, 0xFFFF, 0xFFFF, 0xFFFF, 0xFFFF, 0xD52F, 0xC321, 0xCBA4, 0xCB82, 0xC363, 0xBB43, 0xE656, 0xFFFF,
    0xFFFF, 0xFFFF, 0xFFFF, 0xFFFF, 0xEE76, 0xE406, 0xFCA8, 0xF467, 0xF426, 0xF3E5, 0xF3C4, 0xF3A4, 0xF384, 0xF384, 0xF384, 0xF364,
    0xEB64, 0xEB44, 0xEB24, 0xEB24, 0xEB04, 0xEB04, 0xEAE4, 0xEAC4, 0xEAC4, 0xEAA3, 0xEAA3, 0xEA83, 0xEA83, 0xEA83, 0xEA83, 0xE283,
    0xE283, 0xE283, 0xE283, 0xE283, 0xE283, 0xDA63, 0xDA63, 0xDA63, 0xD263, 0xD263, 0xD243, 0xCA43, 0xCA43, 0xCA43, 0xC223, 0xC223,
    0xBA23, 0xBA03, 0xBA03, 0xB203, 0xB1E3, 0xA9E2, 0xA9E2, 0xA1C2, 0xAAC5, 0xB2E5, 0xB306, 0xBB26, 0xBB46, 0xC366, 0xC386, 0xCBA6,
    0xCBA7, 0xD3C7, 0xD3E7, 0xDC07, 0xDC27, 0xE447, 0xE467, 0xE468, 0xEC88, 0xECA8, 0xF4C8, 0xF4C8, 0xF4E8, 0xF508, 0xFD08, 0xFD28,
    0xFD28, 0xFD48, 0xFD48, 0xFD49, 0xFD69, 0xFD69, 0xFD69, 0xFD69, 0xFD69, 0xFD69, 0xFD89, 0xFD89, 0xFD89, 0xFD89, 0xFD8A, 0xFD8A,
    0xFD8A, 0xFD8A, 0xFD89, 0xFD89, 0xFD89, 0xFD89, 0xFD89, 0xFD89, 0xFD8A, 0xECC6, 0xEE96, 0xFFFF, 0xFFFF, 0xFFFF, 0xFFFF, 0xE614,
    0xC383, 0xE487, 0xF4A6, 0xF4C7, 0xF4A7, 0xDC25, 0xC364, 0xF73B, 0xFFFF, 0xFFFF, 0xFFFF, 0xFFFF, 0xF75C, 0xDBC5, 0xF405, 0xF3E4,
    0xF3C4, 0xF3C4, 0xF3C4, 0xF3A4, 0xF384, 0xF384, 0xF364, 0xEB64, 0xEB44, 0xEB44, 0xEB24, 0xEB04, 0xEB04, 0xEAE4, 0xEAE4, 0xEAC4,
    0xEAC3, 0xEAA3, 0xEA83, 0xEA83, 0xEA83, 0xEA83, 0xEA83, 0xE283, 0xE283, 0xE283, 0xE283, 0xE283, 0xE283, 0xDA63, 0xDA63, 0xDA63,
    0xD263, 0xD263, 0xD243, 0xCA43, 0xCA43, 0xCA43, 0xC223, 0xC223, 0xBA23, 0xBA03, 0xBA03, 0xB203, 0xB1E3, 0xA9E2, 0xA9E2, 0xA1C2,
    0xAAC5, 0xAAE5, 0xB306, 0xBB26, 0xBB46, 0xC366, 0xC386, 0xCB86, 0xCBA7, 0xD3C7, 0xD3E7, 0xDC07, 0xDC27, 0xE447, 0xE448, 0xE468,
    0xEC88, 0xECA8, 0xECA8, 0xF4C8, 0xF4E8, 0xF4E8, 0xFD08, 0xFD28, 0xFD28, 0xFD29, 0xFD49, 0xFD49, 0xFD49, 0xFD69, 0xFD69, 0xFD69,
    0xFD69, 0xFD69, 0xFD69, 0xFD69, 0xFD69, 0xFD69, 0xFD89, 0xFD89, 0xFD89, 0xFD89, 0xFD69, 0xFD69, 0xFD69, 0xFD69, 0xFD69, 0xFD69,
    0xFD69, 0xE4A7, 0xF6D8, 0xFFFF, 0xFFDF, 0xFFFF, 0xFFDE, 0xCC27, 0xE444, 0xFCE7, 0xFCC7, 0xFCC6, 0xFCC7, 0xF4A7, 0xD3A3, 0xE5D3,
    0xFFFF, 0xFFFF, 0xFFFF, 0xFFFF, 0xFF9D, 0xDBC6, 0xF3C4, 0xF3E4, 0xF3C4, 0xF3C4, 0xF3A4, 0xF384, 0xF384, 0xF364, 0xF364, 0xEB44,
    0xEB44, 0xEB24, 0xEB24, 0xEB04, 0xEAE4, 0xEAE3, 0xEAC3, 0xEAC3, 0xEAA3, 0xEA83, 0xEA83, 0xEA83, 0xEA83, 0xEA83, 0xEA83, 0xE283,
    0xE283, 0xE283, 0xE283, 0xE283, 0xE263, 0xDA63, 0xDA63, 0xDA63, 0xD263, 0xD243, 0xD243, 0xCA43, 0xCA43, 0xCA23, 0xC223, 0xC223,
    0xBA03, 0xBA03, 0xBA03, 0xB202, 0xB1E2, 0xA9E2, 0xA9E2, 0xA1C2, 0xAAA5, 0xAAC5, 0xB2E5, 0xBB05, 0xBB25, 0xC346, 0xC366, 0xCB86,
    0xCB86, 0xD3A6, 0xD3C6, 0xDBE7, 0xDC07, 0xDC07, 0xE427, 0xE447, 0xEC67, 0xEC87, 0xEC87, 0xF4A8, 0xF4C8, 0xF4C8, 0xFCE8, 0xFCE8,
    0xFD08, 0xFD08, 0xFD28, 0xFD28, 0xFD28, 0xFD28, 0xFD48, 0xFD48, 0xFD48, 0xFD48, 0xFD48, 0xFD48, 0xFD48, 0xFD68, 0xFD69, 0xFD69,
    0xFD69, 0xFD69, 0xFD68, 0xFD48, 0xFD68, 0xFD48, 0xFD48, 0xFD48, 0xFD48, 0xE486, 0xDD90, 0xFFFF, 0xFFFF, 0xFFFF, 0xE635, 0xD3E5,
    0xF4E8, 0xFCC7, 0xFCC7, 0xFCC7, 0xFCA6, 0xFCA7, 0xE3E4, 0xE591, 0xFFFF, 0xFFFF, 0xFFFF, 0xFFFF, 0xFF9D, 0xD3C6, 0xEBC4, 0xF3E5,
    0xF3C5, 0xF3C5, 0xF3A5, 0xF3A5, 0xF384, 0xF384, 0xEB64, 0xEB64, 0xEB44, 0xEB44, 0xEB24, 0xEB04, 0xEB04, 0xEAE4, 0xEAE4, 0xEAC4,
    0xEAC4, 0xEAA4, 0xEAA4, 0xEAA4, 0xEAA4, 0xEAA4, 0xEAA4, 0xE2A4, 0xE2A4, 0xE2A4, 0xE2A4, 0xE284, 0xE284, 0xDA84, 0xDA84, 0xDA84,
    0xD264, 0xD264, 0xD263, 0xCA63, 0xCA63, 0xCA43, 0xC243, 0xC243, 0xBA23, 0xBA23, 0xBA23, 0xB203, 0xB203, 0xAA03, 0xA9E3, 0xA1E3,
    0xAA43, 0xAA63, 0xB283, 0xB2A3, 0xBAA3, 0xBAC3, 0xC2E3, 0xC303, 0xCB23, 0xCB44, 0xD364, 0xD364, 0xDB84, 0xDBA4, 0xE3C4, 0xE3E4,
    0xE3E4, 0xEC04, 0xEC24, 0xEC24, 0xF445, 0xF465, 0xF465, 0xFC85, 0xFC85, 0xFCA5, 0xFCA5, 0xFCC5, 0xFCC5, 0xFCC5, 0xFCC5, 0xFCC5,
    0xFCE5, 0xFCE5, 0xFCE5, 0xFCE5, 0xFCE5, 0xFCE5, 0xFCE5, 0xFCE5, 0xFCE5, 0xFCE5, 0xFCE5, 0xFCE5, 0xFCE5, 0xFCE5, 0xFCE5, 0xFCE5,
    0xFCE5, 0xF4A5, 0xD3C3, 0xDD2F, 0xEE97, 0xDDB2, 0xCBC5, 0xEC24, 0xFCA6, 0xFCC7, 0xFCA7, 0xFCA7, 0xFCA6, 0xFCA7, 0xDBC4, 0xEE55,
    0xFFFF, 0xFFFF, 0xFFFF, 0xFFFF, 0xF73B, 0xD3C6, 0xF448, 0xF448, 0xF448, 0xF428, 0xF428, 0xF408, 0xF408, 0xF408, 0xF3E8, 0xF3C7,
    0xEBC7, 0xEBC7, 0xEBA7, 0xEBA7, 0xEB87, 0xEB87, 0xEB67, 0xEB67, 0xEB47, 0xEB47, 0xEB47, 0xEB47, 0xEB47, 0xEB47, 0xEB47, 0xEB47,
    0xEB47, 0xE347, 0xE347, 0xE327, 0xE327, 0xE327, 0xDB27, 0xDB07, 0xDB07, 0xD306, 0xD306, 0xD2E6, 0xCAE6, 0xCAC6, 0xCAC6, 0xC2C6,
    0xC2A6, 0xBAA6, 0xBAA6, 0xB285, 0xB285, 0xAA65, 0xAA65, 0xA245, 0xA243, 0xAA43, 0xB263, 0xB283, 0xBAA3, 0xBAC3, 0xC2E3, 0xC303,
    0xCB03, 0xCB23, 0xD344, 0xD364, 0xDB84, 0xDB84, 0xE3A4, 0xE3C4, 0xE3E4, 0xEBE4, 0xEC04, 0xEC24, 0xF444, 0xF445, 0xF465, 0xF465,
    0xFC85, 0xFC85, 0xFCA5, 0xFCA5, 0xFCA5, 0xFCA5, 0xFCC5, 0xFCC5, 0xFCC5, 0xFCC5, 0xFCC5, 0xFCC5, 0xFCC5, 0xFCE5, 0xFCE5, 0xFCE5,
    0xFCE5, 0xFCE5, 0xFCE5, 0xFCC5, 0xFCC5, 0xFCC5, 0xFCC5, 0xFCC5, 0xFCC5, 0xFCA5, 0xEC44, 0xD3A2, 0xCB62, 0xCB83, 0xE446, 0xF4E8,
    0xFCE8, 0xFCA6, 0xFCA7, 0xFCA7, 0xFCA7, 0xF424, 0xDC48, 0xFF9D, 0xFFFF, 0xFFFF, 0xFFFF, 0xFFFF, 0xE5F4, 0xD385, 0xF468, 0xF448,
    0xF428, 0xF428, 0xF428, 0xF408, 0xF408, 0xF3E8, 0xF3E7, 0xF3C7, 0xEBC7, 0xEBA7, 0xEBA7, 0xEB87, 0xEB87, 0xEB67, 0xEB67, 0xEB67,
    0xEB47, 0xEB47, 0xEB47, 0xEB47, 0xEB47, 0xEB47, 0xEB47, 0xEB47, 0xEB47, 0xE347, 0xE347, 0xE327, 0xE327, 0xE327, 0xDB27, 0xDB07,
    0xDB07, 0xD306, 0xD2E6, 0xD2E6, 0xCAE6, 0xCAC6, 0xC2C6, 0xC2C6, 0xC2A6, 0xBAA6, 0xBAA6, 0xB285, 0xB285, 0xAA65, 0xAA65, 0xA245,
    0xA223, 0xAA43, 0xB263, 0xB283, 0xBAA3, 0xBAA3, 0xC2C3, 0xC2E3, 0xCB03, 0xCB23, 0xD344, 0xD344, 0xDB64, 0xDB84, 0xDBA4, 0xE3A4,
    0xE3C4, 0xEBE4, 0xEC04, 0xEC04, 0xF424, 0xF444, 0xF445, 0xF465, 0xFC65, 0xFC65, 0xFC85, 0xFC85, 0xFCA5, 0xFCA5, 0xFCA5, 0xFCA5,
    0xFCA5, 0xFCC5, 0xFCC5, 0xFCC5, 0xFCC5, 0xFCC5, 0xFCC5, 0xFCC5, 0xFCC5, 0xFCC5, 0xFCC5, 0xFCC5, 0xFCC5, 0xFCA5, 0xFCA5, 0xFCA5,
    0xFCA5, 0xFCC6, 0xFCC7, 0xF4E8, 0xF4C8, 0xF4E9, 0xFCE9, 0xFCC7, 0xF423, 0xF445, 0xF445, 0xF424, 0xEC05, 0xE4CA, 0xF73A, 0xFFFF,
    0xFFFF, 0xFFFF, 0xFFFF, 0xFFBE, 0xCB86, 0xE384, 0xF407, 0xF427, 0xF428, 0xF428, 0xF408, 0xF408, 0xF3E8, 0xF3E7, 0xF3C7, 0xEBC7,
    0xEBC7, 0xEBA7, 0xEBA7, 0xEB87, 0xEB87, 0xEB67, 0xEB67, 0xEB47, 0xEB47, 0xEB47, 0xEB47, 0xEB47, 0xEB47, 0xEB47, 0xEB47, 0xEB47,
    0xEB47, 0xE347, 0xE347, 0xE327, 0xE327, 0xDB27, 0xDB27, 0xDB07, 0xDB07, 0xD306, 0xD2E6, 0xD2E6, 0xCAE6, 0xCAC6, 0xC2C6, 0xC2C6,
    0xC2A6, 0xBAA6, 0xBAA6, 0xB285, 0xB285, 0xAA65, 0xAA65, 0xA245, 0xA222, 0xAA43, 0xAA63, 0xB263, 0xBA83, 0xBAA3, 0xC2C3, 0xC2E3,
    0xCAE3, 0xCB03, 0xD324, 0xD344, 0xD364, 0xDB64, 0xDB84, 0xE3A4, 0xE3C4, 0xEBC4, 0xEBE4, 0xEC04, 0xEC04, 0xF424, 0xF424, 0xF445,
    0xF445, 0xFC65, 0xFC65, 0xFC85, 0xFC85, 0xFC85, 0xFC85, 0xFC85, 0xFCA5, 0xFCA5, 0xFCA5, 0xFCA5, 0xFCA5, 0xFCA5, 0xFCA5, 0xFCA5,
    0xFCA5, 0xFCA5, 0xFCA5, 0xFCA5, 0xFCA5, 0xFCC6, 0xFCC7, 0xFCE7, 0xFD08, 0xFD08, 0xFD09, 0xFD09, 0xFD09, 0xFCC7, 0xFC65, 0xF403,
    0xF52C, 0xF633, 0xF5F2, 0xF634, 0xF6D8, 0xFFFF, 0xFFFF, 0xFFFF, 0xFFFF, 0xFFFF, 0xFFFF, 0xD46C, 0xCAE1, 0xEBA4, 0xF3A4, 0xF3A4,
    0xF3A5, 0xF3C6, 0xF3C7, 0xF3E7, 0xF3E8, 0xF3E8, 0xEBC8, 0xEBC7, 0xEBA7, 0xEBA7, 0xEB87, 0xEB87, 0xEB67, 0xEB67, 0xEB47, 0xEB47,
    0xEB47, 0xEB47, 0xEB47, 0xEB47, 0xEB47, 0xEB47, 0xEB47, 0xEB47, 0xEB47, 0xE347, 0xE347, 0xE327, 0xE327, 0xDB27, 0xDB27, 0xDB07,
    0xDB07, 0xD306, 0xD2E6, 0xD2E6, 0xCAE6, 0xCAC6, 0xC2C6, 0xC2C6, 0xC2A6, 0xBAA6, 0xBAA6, 0xB285, 0xB285, 0xAA65, 0xAA65, 0xA245,
    0xA222, 0xAA23, 0xAA43, 0xB263, 0xB283, 0xBAA3, 0xBAA3, 0xC2C3, 0xC2E3, 0xCB03, 0xCB23, 0xD324, 0xD344, 0xDB64, 0xDB84, 0xE384,
    0xE3A4, 0xE3C4, 0xEBC4, 0xEBE4, 0xEC04, 0xF404, 0xF424, 0xF424, 0xF445, 0xFC45, 0xFC65, 0xFC65, 0xFC65, 0xFC65, 0xFC85, 0xFC85,
    0xFC85, 0xFC85, 0xFC85, 0xFC85, 0xFC85, 0xFC85, 0xFC85, 0xFC85, 0xFCA5, 0xFCA5, 0xFCC6, 0xFCE7, 0xFD08, 0xFD08, 0xFD09, 0xFD08,
    0xFD08, 0xFCE8, 0xFCE9, 0xFCC8, 0xFC86, 0xFC65, 0xEBE3, 0xEDD1, 0xFFFF, 0xFFFF, 0xFFFF, 0xFFFF, 0xFFFF, 0xFFFF, 0xFFFF, 0xFFFF,
    0xFFFF, 0xFFBE, 0xD4CE, 0xCB24, 0xEBC5, 0xF3A4, 0xF384, 0xF384, 0xF364, 0xF364, 0xEB44, 0xEB44, 0xEB65, 0xEB86, 0xEBA7, 0xEBA7,
    0xEBA8, 0xEBA8, 0xEB87, 0xEB67, 0xEB67, 0xEB47, 0xEB47, 0xEB47, 0xEB47, 0xEB47, 0xEB47, 0xEB47, 0xEB47, 0xEB47, 0xEB47, 0xEB47,
    0xE347, 0xE347, 0xE327, 0xE327, 0xE327, 0xDB27, 0xDB07, 0xDB07, 0xDB07, 0xD306, 0xD2E6, 0xCAE6, 0xCAE6, 0xCAC6, 0xC2C6, 0xC2C6,
    0xC2A6, 0xBAA6, 0xBA86, 0xB285, 0xB285, 0xAA65, 0xAA65, 0xA245, 0xA202, 0xAA23, 0xAA43, 0xB263, 0xB263, 0xBA83, 0xBAA3, 0xC2C3,
    0xC2E3, 0xCAE3, 0xCB03, 0xD323, 0xD344, 0xDB44, 0xDB64, 0xDB84, 0xE3A4, 0xE3A4, 0xEBC4, 0xEBC4, 0xEBE4, 0xEC04, 0xF404, 0xF424,
    0xF425, 0xF445, 0xFC45, 0xFC45, 0xFC65, 0xFC65, 0xFC65, 0xFC65, 0xFC65, 0xFC65, 0xFC64, 0xFC64, 0xFC85, 0xFC85, 0xFCA6, 0xFCC7,
    0xFCE8, 0xFD08, 0xFD09, 0xFD09, 0xFD08, 0xFCE8, 0xFCE8, 0xFCE8, 0xFCE9, 0xFCC8, 0xFC86, 0xFC65, 0xFC44, 0xF444, 0xE426, 0xF77C,
    0xFFFF, 0xFFDF, 0xFFDF, 0xFFDF, 0xFFDF, 0xFFFF, 0xFFFF, 0xFFFF, 0xFFFF, 0xF75C, 0xCC0A, 0xDBA6, 0xF448, 0xF407, 0xF3A5, 0xF364,
    0xF364, 0xEB64, 0xEB44, 0xEB24, 0xEB24, 0xEB03, 0xEB04, 0xEB04, 0xEB25, 0xEB46, 0xEB67, 0xEB67, 0xEB67, 0xEB67, 0xEB47, 0xEB47,
    0xEB47, 0xEB47, 0xEB47, 0xEB47, 0xEB47, 0xEB47, 0xEB47, 0xEB47, 0xE347, 0xE347, 0xE327, 0xE327, 0xE327, 0xDB27, 0xDB07, 0xDB07,
    0xD307, 0xD306, 0xD2E6, 0xCAE6, 0xCAE6, 0xCAC6, 0xC2C6, 0xC2C6, 0xBAA6, 0xBAA6, 0xB286, 0xB285, 0xB285, 0xAA65, 0xAA65, 0xA245,
    0xA202, 0xAA23, 0xAA23, 0xB243, 0xB263, 0xBA83, 0xBAA3, 0xC2A3, 0xC2C3, 0xCAE3, 0xCB03, 0xD303, 0xD324, 0xD344, 0xDB64, 0xDB64,
    0xE384, 0xE3A4, 0xE3A4, 0xEBC4, 0xEBC4, 0xEBE4, 0xF404, 0xF404, 0xF404, 0xF425, 0xF425, 0xFC45, 0xFC45, 0xFC45, 0xFC44, 0xFC44,
    0xFC44, 0xFC65, 0xFC86, 0xFCA7, 0xFCC8, 0xFCE8, 0xFCE9, 0xFCE9, 0xFCE8, 0xFCE8, 0xFCE8, 0xFCE8, 0xFCE8, 0xFCE8, 0xFCE9, 0xFCC8,
    0xFCA7, 0xFC65, 0xFC44, 0xFC45, 0xFC44, 0xF487, 0xDC06, 0xEED9, 0xFFFF, 0xFFFF, 0xFFFF, 0xFFFF, 0xFFFF, 0xFFFF, 0xFFFF, 0xFFFF,
    0xFFFF, 0xFFFF, 0xFFFF, 0xEDB2, 0xE3A6, 0xF428, 0xF408, 0xF3C6, 0xEB64, 0xEB44, 0xEB44, 0xEB24, 0xEB24, 0xEB04, 0xEB04, 0xEAE3,
    0xEAC3, 0xEAC3, 0xEAC3, 0xEAC4, 0xEAE5, 0xEB06, 0xEB47, 0xEB47, 0xEB67, 0xEB47, 0xEB47, 0xEB47, 0xEB47, 0xEB47, 0xEB47, 0xEB47,
    0xE347, 0xE347, 0xE327, 0xE327, 0xE327, 0xDB27, 0xDB07, 0xDB07, 0xD306, 0xD306, 0xD2E6, 0xCAE6, 0xCAE6, 0xCAC6, 0xC2C6, 0xC2A6,
    0xBAA6, 0xBAA6, 0xB286, 0xB285, 0xAA65, 0xAA65, 0xAA45, 0xA245, 0xA202, 0xA202, 0xAA23, 0xAA43, 0xB263, 0xBA63, 0xBA83, 0xC2A3,
    0xC2C3, 0xCAC3, 0xCAE3, 0xCB03, 0xD323, 0xD324, 0xDB44, 0xDB64, 0xE364, 0xE384, 0xE3A4, 0xEBA4, 0xEBC4, 0xEBC4, 0xEBE4, 0xF3E4,
    0xF404, 0xF404, 0xF404, 0xF424, 0xF424, 0xFC45, 0xFC65, 0xFC86, 0xFCA7, 0xFCC8, 0xFCC8, 0xFCC8, 0xFCC8, 0xFCC8, 0xFCC8, 0xFCC8,
    0xFCC8, 0xFCC8, 0xFCC8, 0xFCC8, 0xFCC8, 0xFCC8, 0xFCA7, 0xFC65, 0xFC44, 0xFC45, 0xFC45, 0xF424, 0xFC66, 0xF4A9, 0xE427, 0xCC09,
    0xEE77, 0xF71A, 0xEED9, 0xEE98, 0xEE98, 0xF75B, 0xFFFF, 0xFFFF, 0xFFFF, 0xFFFF, 0xFFFF, 0xFFFF, 0xEDD3, 0xE386, 0xF408, 0xF408,
    0xF3E7, 0xEB65, 0xEB24, 0xEB04, 0xEB04, 0xEB04, 0xEAE4, 0xEAE4, 0xEAC4, 0xEAC4, 0xEAA3, 0xEA83, 0xEA83, 0xEA83, 0xEAA4, 0xEAC4,
    0xEAE5, 0xEB26, 0xEB47, 0xEB47, 0xEB67, 0xEB47, 0xEB47, 0xE347, 0xE347, 0xE327, 0xE327, 0xE327, 0xDB27, 0xDB27, 0xDB07, 0xDB07,
    0xD306, 0xD2E6, 0xD2E6, 0xCAE6, 0xCAC6, 0xC2C6, 0xC2C6, 0xC2A6, 0xBAA6, 0xBAA6, 0xB285, 0xB285, 0xAA65, 0xAA65, 0xA245, 0xA245,
    0xA1E2, 0xA202, 0xAA23, 0xAA23, 0xB243, 0xB263, 0xBA83, 0xBA83, 0xC2A3, 0xC2C3, 0xCAE3, 0xCAE3, 0xD303, 0xD324, 0xDB24, 0xDB44,
    0xDB64, 0xE364, 0xE384, 0xE3A4, 0xEBA4, 0xEBC4, 0xEBC4, 0xF3E4, 0xF3E4, 0xF404, 0xF425, 0xF446, 0xF467, 0xFC88, 0xFCA8, 0xFCA8,
    0xFCC8, 0xFCC8, 0xFCC8, 0xFCC8, 0xFCC8, 0xFCC8, 0xFCC8, 0xFCC8, 0xFCC8, 0xFCC8, 0xFCC8, 0xFCC8, 0xFCA8, 0xFC66, 0xFC24, 0xFC24,
    0xF425, 0xF424, 0xF424, 0xF466, 0xFCA8, 0xF488, 0xF468, 0xDB63, 0xC2E2, 0xC303, 0xBB25, 0xBB04, 0xBAC2, 0xBAC3, 0xCC6C, 0xFF9D,
    0xFFFF, 0xFFFF, 0xFFFF, 0xFFFF, 0xFFFF, 0xE4CE, 0xEBA6, 0xF3E8, 0xF3E8, 0xF3E8, 0xEBA7, 0xEB25, 0xEAE3, 0xEAE4, 0xEAE4, 0xEAC4,
    0xEAC4, 0xEAA3, 0xEAA3, 0xEA83, 0xEA83, 0xEA83, 0xEA83, 0xEA83, 0xEA83, 0xEA83, 0xEAA4, 0xEAC5, 0xEB06, 0xEB26, 0xEB47, 0xE347,
    0xE347, 0xE347, 0xE327, 0xE327, 0xDB27, 0xDB07, 0xDB07, 0xDB07, 0xD306, 0xD2E6, 0xCAE6, 0xCAE6, 0xCAC6, 0xC2C6, 0xC2C6, 0xC2A6,
    0xBAA6, 0xBAA6, 0xB285, 0xB285, 0xAA65, 0xAA65, 0xA245, 0xA245, 0xA1E2, 0xA202, 0xAA02, 0xAA23, 0xB243, 0xB243, 0xBA63, 0xBA83,
    0xC2A3, 0xC2A3, 0xCAC3, 0xCAE3, 0xD2E3, 0xD304, 0xD324, 0xDB44, 0xDB44, 0xE364, 0xE364, 0xE384, 0xEB84, 0xEBA4, 0xEBC5, 0xEC05,
    0xF426, 0xF447, 0xF488, 0xF488, 0xF4A8, 0xF4A8, 0xF4A8, 0xFCA8, 0xFCA8, 0xFCA8, 0xFCA8, 0xFCA8, 0xFCA8, 0xFCA8, 0xFCA8, 0xFCA8,
    0xFCA8, 0xFCA8, 0xFCA8, 0xFC66, 0xF424, 0xF424, 0xF424, 0xF424, 0xF424, 0xF404, 0xF467, 0xFCA9, 0xFCA8, 0xF488, 0xF426, 0xF3E4,
    0xEBA4, 0xE3C6, 0xE428, 0xE407, 0xE385, 0xDB43, 0xC2A2, 0xC3EA, 0xFFBE, 0xFFFF, 0xFFFF, 0xFFFF, 0xFFFF, 0xF73B, 0xDB87, 0xEBC7,
    0xF3C7, 0xEBC7, 0xEBC8, 0xEBA8, 0xEB66, 0xEAE4, 0xEAC3, 0xEAC4, 0xEAA3, 0xEAA3, 0xEA83, 0xEA83, 0xEA83, 0xEA83, 0xEA83, 0xEA83,
    0xEA83, 0xEA83, 0xEA83, 0xEA83, 0xE283, 0xE283, 0xE2A4, 0xE2C5, 0xE2E6, 0xE326, 0xE327, 0xE327, 0xDB27, 0xDB07, 0xDB07, 0xD307,
    0xD306, 0xD2E6, 0xCAE6, 0xCAE6, 0xCAC6, 0xC2C6, 0xC2C6, 0xC2A6, 0xBAA6, 0xBA86, 0xB285, 0xB285, 0xAA65, 0xAA65, 0xA245, 0xA245,
    0xA1E2, 0xA1E2, 0xA202, 0xAA02, 0xB223, 0xB243, 0xBA63, 0xBA63, 0xC283, 0xC2A3, 0xCAC3, 0xCAC3, 0xCAE3, 0xD303, 0xD303, 0xDB23,
    0xDB23, 0xDB43, 0xE364, 0xE3A5, 0xEBC6, 0xEC07, 0xEC27, 0xEC48, 0xF448, 0xF468, 0xF468, 0xF468, 0xF468, 0xF488, 0xF488, 0xF488,
    0xF488, 0xF488, 0xF488, 0xF4A8, 0xFCA8, 0xFCA8, 0xF4A8, 0xFCA8, 0xFCA8, 0xF467, 0xF425, 0xF404, 0xF404, 0xF404, 0xF404, 0xF404,
    0xF404, 0xF447, 0xF468, 0xF426, 0xF426, 0xF447, 0xF3E5, 0xF3E4, 0xF3C4, 0xF427, 0xF468, 0xF448, 0xF3C5, 0xF384, 0xEBA5, 0xC2E4,
    0xE5D4, 0xFFFF, 0xFFFF, 0xFFFF, 0xFFFF, 0xFFFF, 0xDC2A, 0xEB86, 0xF3C8, 0xEBA7, 0xEBA7, 0xEB87, 0xEBA8, 0xEB87, 0xEB25, 0xEAA3,
    0xEAA3, 0xEA83, 0xEA83, 0xEA83, 0xEA83, 0xEA83, 0xEA83, 0xEA83, 0xEA83, 0xEA83, 0xEA83, 0xEA83, 0xE283, 0xE283, 0xE283, 0xE283,
    0xE263, 0xE283, 0xDA84, 0xDAC5, 0xDAE6, 0xDB06, 0xDB07, 0xD307, 0xD307, 0xD2E6, 0xCAE6, 0xCAC6, 0xCAC6, 0xC2C6, 0xC2A6, 0xBAA6,
    0xBAA6, 0xB286, 0xB285, 0xB265, 0xAA65, 0xAA65, 0xA245, 0xA245, 0xA1E2, 0xA1E2, 0xA1E2, 0xAA02, 0xAA23, 0xB223, 0xB243, 0xBA63,
    0xBA83, 0xC283, 0xC2A3, 0xCAC3, 0xCAC3, 0xD2E3, 0xD303, 0xDB24, 0xDB65, 0xDBA6, 0xE3C7, 0xE3E7, 0xE408, 0xEC08, 0xEC28, 0xEC28,
    0xEC48, 0xF448, 0xF448, 0xF468, 0xF468, 0xF468, 0xF468, 0xF488, 0xF488, 0xF488, 0xF488, 0xF488, 0xF488, 0xF488, 0xF488, 0xF467,
    0xF425, 0xF404, 0xF404, 0xF404, 0xF404, 0xF404, 0xF404, 0xF3E4, 0xF447, 0xF447, 0xECAA, 0xF613, 0xF614, 0xEC27, 0xF3A3, 0xF3C4,
    0xF3C4, 0xF448, 0xF448, 0xF428, 0xF3A4, 0xF384, 0xF384, 0xDB65, 0xD46C, 0xFFFF, 0xFFFF, 0xFFFF, 0xFFFF, 0xFFFF, 0xDCCE, 0xE2C3,
    0xF3C8, 0xEBA8, 0xEB87, 0xEB87, 0xEB87, 0xEB67, 0xEB67, 0xEB47, 0xEAC5, 0xEA83, 0xEA83, 0xEA83, 0xEA83, 0xEA83, 0xEA83, 0xEA83,
    0xEA83, 0xEA83, 0xEA83, 0xE283, 0xE283, 0xE283, 0xE283, 0xE283, 0xE283, 0xE283, 0xDA63, 0xDA63, 0xDA63, 0xDA63, 0xD284, 0xD2A5,
    0xD2C6, 0xD2E6, 0xCAE6, 0xCAE6, 0xC2C6, 0xC2C6, 0xC2A6, 0xBAA6, 0xBAA6, 0xB285, 0xB285, 0xAA65, 0xAA65, 0xA245, 0xA245, 0xA245,
    0xA1C2, 0xA1E2, 0xA1E2, 0xAA02, 0xAA03, 0xB223, 0xB243, 0xBA43, 0xBA63, 0xC263, 0xC283, 0xCAC4, 0xCAE4, 0xD325, 0xD366, 0xD387,
    0xDBA7, 0xDBA7, 0xE3C7, 0xE3C7, 0xE3E7, 0xEC07, 0xEC07, 0xEC08, 0xEC28, 0xF428, 0xF448, 0xF448, 0xF448, 0xF468, 0xF468, 0xF468,
    0xF468, 0xF468, 0xF468, 0xF468, 0xF488, 0xF467, 0xF425, 0xF3E4, 0xF3E4, 0xF3E4, 0xF3E4, 0xF3E4, 0xF3E4, 0xF3E4, 0xF3E4, 0xF427,
    0xF447, 0xE48A, 0xFFBD, 0xFFFF, 0xFFFF, 0xF71A, 0xE364, 0xF3A4, 0xF3E5, 0xF448, 0xF428, 0xF428, 0xF384, 0xF384, 0xF364, 0xE365,
    0xD40A, 0xFFFF, 0xFFFF, 0xFFFF, 0xFFFF, 0xFFFF, 0xDD31, 0xDA61, 0xEB45, 0xEBA8, 0xEB87, 0xEB87, 0xEB67, 0xEB67, 0xEB67, 0xEB47,
    0xEB47, 0xEB26, 0xEAA4, 0xEA83, 0xEA83, 0xEA84, 0xEA83, 0xEA83, 0xEA83, 0xEA83, 0xEA83, 0xE283, 0xE283, 0xE283, 0xE283, 0xE283,
    0xE283, 0xDA83, 0xDA63, 0xDA63, 0xDA63, 0xD263, 0xD243, 0xD243, 0xCA43, 0xCA43, 0xCA64, 0xCA85, 0xC2A5, 0xC2C6, 0xC2A6, 0xBAA6,
    0xBAA6, 0xB285, 0xB285, 0xAA65, 0xAA65, 0xA245, 0xA245, 0xA245, 0xA1C2, 0xA1C2, 0xA1E2, 0xA1E2, 0xAA02, 0xAA02, 0xB222, 0xB243,
    0xBA84, 0xC2C5, 0xC2E6, 0xCB26, 0xCB46, 0xCB47, 0xD367, 0xD387, 0xDB87, 0xDBA7, 0xDBA7, 0xE3C7, 0xE3C7, 0xE3E7, 0xEBE7, 0xEC07,
    0xEC07, 0xEC28, 0xF428, 0xF428, 0xF448, 0xF448, 0xF448, 0xF468, 0xF468, 0xF468, 0xF468, 0xF468, 0xF426, 0xF3E4, 0xF3C4, 0xF3E4,
    0xF3E4, 0xF3E4, 0xF3E4, 0xF3E4, 0xF3C4, 0xF3C4, 0xF426, 0xF489, 0xEBE6, 0xEE14, 0xFFFF, 0xFFDF, 0xFFFF, 0xFFFF, 0xDC6B, 0xEB22,
    0xF407, 0xF428, 0xF428, 0xF408, 0xF384, 0xF364, 0xF364, 0xE324, 0xD42B, 0xFFFF, 0xFFFF, 0xFFFF, 0xFFFF, 0xFFFF, 0xDCEF, 0xDA61,
    0xEB04, 0xEB05, 0xEB87, 0xEB67, 0xEB67, 0xEB67, 0xEB47, 0xEB47, 0xEB47, 0xEB47, 0xEB47, 0xEB06, 0xEAA4, 0xEA83, 0xEA83, 0xEA83,
    0xEA83, 0xEA83, 0xE283, 0xE283, 0xE283, 0xE283, 0xE283, 0xE283, 0xE283, 0xDA63, 0xDA63, 0xDA63, 0xDA63, 0xD263, 0xD263, 0xD243,
    0xCA43, 0xCA43, 0xCA23, 0xC223, 0xC223, 0xC223, 0xBA44, 0xBA65, 0xB285, 0xB286, 0xB286, 0xAA65, 0xAA65, 0xA245, 0xA245, 0xA245,
    0xA1C2, 0xA1C2, 0xA1C2, 0xA1E2, 0xAA03, 0xAA44, 0xB285, 0xBAA5, 0xBAE6, 0xBAE6, 0xC306, 0xC306, 0xCB26, 0xCB46, 0xD346, 0xD367,
    0xD387, 0xDB87, 0xDBA7, 0xDBA7, 0xE3C7, 0xE3C7, 0xEBE7, 0xEBE7, 0xEC07, 0xEC07, 0xEC08, 0xF428, 0xF428, 0xF428, 0xF428, 0xF448,
    0xF448, 0xF448, 0xF426, 0xF3C5, 0xF3C4, 0xF3C4, 0xF3C4, 0xF3C4, 0xF3C4, 0xF3C4, 0xF3C4, 0xF3C4, 0xF3A4, 0xF406, 0xF448, 0xFC68,
    0xE3A5, 0xE5F4, 0xFFFF, 0xFFFF, 0xFFFF, 0xFFFF, 0xEE97, 0xDB02, 0xF407, 0xF408, 0xF408, 0xF407, 0xEB64, 0xEB44, 0xF364, 0xDAC2,
    0xDCCF, 0xFFFF, 0xFFFF, 0xFFFF, 0xFFFF, 0xFFFF, 0xD40B, 0xDA62, 0xEAE4, 0xEAC3, 0xEAE5, 0xEB67, 0xEB67, 0xEB47, 0xEB47, 0xEB47,
    0xEB47, 0xEB47, 0xEB47, 0xEB67, 0xEB47, 0xEAE5, 0xEA83, 0xEA83, 0xEA83, 0xEA83, 0xE283, 0xE283, 0xE283, 0xE283, 0xE283, 0xE283,
    0xDA83, 0xDA63, 0xDA63, 0xDA63, 0xD263, 0xD263, 0xD243, 0xCA43, 0xCA43, 0xCA43, 0xC223, 0xC223, 0xC223, 0xBA03, 0xBA02, 0xBA02,
    0xB203, 0xB203, 0xAA24, 0xAA44, 0xA245, 0xA245, 0xA245, 0xA245, 0xA1E3, 0xA203, 0xA224, 0xA245, 0xAA65, 0xAA85, 0xB2A6, 0xB2A6,
    0xBAC6, 0xBAC6, 0xC2E6, 0xC306, 0xCB06, 0xCB26, 0xCB46, 0xD346, 0xD367, 0xDB67, 0xDB87, 0xDBA7, 0xE3A7, 0xE3C7, 0xE3C7, 0xEBC7,
    0xEBE7, 0xEBE7, 0xEC07, 0xEC08, 0xF428, 0xF427, 0xF428, 0xF448, 0xF407, 0xF3C5, 0xF3A4, 0xF3A4, 0xF3A4, 0xF3A4, 0xF3A4, 0xF3A4,
    0xF3A4, 0xF3A4, 0xF3A4, 0xF3A4, 0xF406, 0xF448, 0xF428, 0xF448, 0xE3A6, 0xD4CE, 0xFFFF, 0xFFFF, 0xFFFF, 0xFFFF, 0xFFFF, 0xDC6B,
    0xEBA6, 0xF428, 0xF408, 0xF3E7, 0xEB64, 0xEB44, 0xEB44, 0xD2A2, 0xF6B9, 0xFFFF, 0xFFFF, 0xFFFF, 0xFFFF, 0xFFBE, 0xC2E5, 0xE2A3,
    0xEAC4, 0xEAC4, 0xEAA3, 0xEAE5, 0xEB47, 0xEB47, 0xEB47, 0xEB47, 0xEB47, 0xEB47, 0xEB47, 0xEB47, 0xEB47, 0xEB67, 0xEB27, 0xEAC5,
    0xEA83, 0xE283, 0xE284, 0xE283, 0xE283, 0xE283, 0xE283, 0xE283, 0xDA63, 0xDA63, 0xDA63, 0xDA63, 0xD263, 0xD263, 0xD243, 0xCA43,
    0xCA43, 0xCA43, 0xC223, 0xC223, 0xC223, 0xBA23, 0xBA03, 0xB203, 0xB203, 0xA9E2, 0xA9E2, 0xA9C2, 0xA1E2, 0xA1E3, 0xA204, 0xA224,
    0xA245, 0xA245, 0xA245, 0xA245, 0xAA65, 0xAA65, 0xB285, 0xB285, 0xBAA6, 0xBAC6, 0xBAE6, 0xC2E6, 0xC306, 0xCB06, 0xCB26, 0xD346,
    0xD347, 0xD367, 0xDB67, 0xDB87, 0xDBA7, 0xE3A7, 0xE3C7, 0xE3C7, 0xEBC7, 0xEBE7, 0xEBE7, 0xEBE7, 0xEC08, 0xF408, 0xF407, 0xF3C5,
    0xF384, 0xF384, 0xF384, 0xF384, 0xF384, 0xF3A4, 0xF3A4, 0xF3A4, 0xF3A4, 0xF3A4, 0xF384, 0xF3E6, 0xF448, 0xF428, 0xF428, 0xF428,
    0xEC07, 0xCB66, 0xF75C, 0xFFFF, 0xFFFF, 0xFFFF, 0xFFFF, 0xF75B, 0xDBC7, 0xEBA6, 0xF408, 0xF3E8, 0xEB64, 0xEB03, 0xDA81, 0xE551,
    0xFFFF, 0xFFFF, 0xFFFF, 0xFFFF, 0xFFFF, 0xE5F5, 0xC201, 0xEAC4, 0xEAA3, 0xEAA3, 0xEAA4, 0xEA83, 0xEAC5, 0xEB47, 0xEB47, 0xEB47,
    0xEB47, 0xEB47, 0xEB47, 0xEB47, 0xEB47, 0xEB47, 0xEB47, 0xEB67, 0xEB26, 0xE2A4, 0xE283, 0xE283, 0xE283, 0xE283, 0xE283, 0xDA83,
    0xDA63, 0xDA63, 0xDA63, 0xD263, 0xD263, 0xD243, 0xD243, 0xCA43, 0xCA43, 0xC223, 0xC223, 0xC223, 0xBA23, 0xBA03, 0xBA03, 0xB203,
    0xB1E3, 0xA9E2, 0xA9E2, 0xA1E2, 0xA1C2, 0xA1C2, 0xA1C2, 0xA1C2, 0xA245, 0xA245, 0xA245, 0xA245, 0xA245, 0xAA65, 0xAA65, 0xB285,
    0xB2A5, 0xBAA6, 0xBAC6, 0xC2E6, 0xC2E6, 0xCB06, 0xCB06, 0xCB26, 0xD346, 0xD347, 0xDB67, 0xDB67, 0xDB87, 0xDB87, 0xE3A7, 0xE3A7,
    0xE3C7, 0xEBC7, 0xEBC7, 0xEBE8, 0xEBE7, 0xEBA6, 0xEB64, 0xEB64, 0xF384, 0xF384, 0xF384, 0xF384, 0xF384, 0xF384, 0xF384, 0xF384,
    0xF384, 0xF384, 0xF3C6, 0xF428, 0xF408, 0xF408, 0xF408, 0xF408, 0xF428, 0xD324, 0xD48D, 0xFFFF, 0xFFFF, 0xFFFF, 0xFFFF, 0xFFFF,
    0xF71A, 0xE44B, 0xE3A7, 0xE366, 0xE2E3, 0xE366, 0xEDD4, 0xFFFF, 0xFFFF, 0xFFFF, 0xFFFF, 0xFFFF, 0xFFDE, 0xC369, 0xD283, 0xEAA3,
    0xEAA3, 0xEAA3, 0xEA83, 0xEA83, 0xEA83, 0xEAC5, 0xEB47, 0xEB47, 0xEB47, 0xEB47, 0xEB47, 0xEB47, 0xEB47, 0xEB47, 0xEB47, 0xEB47,
    0xEB47, 0xEB47, 0xE2E5, 0xE284, 0xE263, 0xE283, 0xE283, 0xDA63, 0xDA63, 0xDA63, 0xDA63, 0xD263, 0xD263, 0xD243, 0xCA43, 0xCA43,
    0xCA43, 0xC223, 0xC223, 0xC223, 0xBA23, 0xBA03, 0xB203, 0xB203, 0xB1E3, 0xA9E2, 0xA9E2, 0xA1C2, 0xA1C2, 0xA1C2, 0xA1C2, 0xA1C2,
    0xA245, 0xA245, 0xA245, 0xA245, 0xA245, 0xAA65, 0xAA65, 0xB285, 0xB285, 0xBAA6, 0xBAA6, 0xBAC6, 0xC2E6, 0xC2E6, 0xCB06, 0xCB06,
    0xD326, 0xD347, 0xD347, 0xDB67, 0xDB67, 0xDB87, 0xDB87, 0xE3A7, 0xE3A7, 0xE3C7, 0xEBC7, 0xEBA6, 0xEB44, 0xEB44, 0xEB44, 0xEB64,
    0xEB64, 0xEB64, 0xF364, 0xF364, 0xF364, 0xF364, 0xF364, 0xF364, 0xF364, 0xF3C6, 0xF408, 0xF408, 0xF408, 0xF408, 0xF408, 0xF408,
    0xF408, 0xE365, 0xC261, 0xE5F5, 0xFFFF, 0xFFDF, 0xFFFF, 0xFFFF, 0xFFFF, 0xFFFF, 0xF71B, 0xF6B9, 0xF6D9, 0xFFDF, 0xFFFF, 0xFFFF,
    0xFFFF, 0xFFFF, 0xFFFF, 0xFFFF, 0xD48E, 0xC2A4, 0xE347, 0xEAA3, 0xEA83, 0xEA83, 0xEA83, 0xEA83, 0xEA83, 0xEA83, 0xEAC5, 0xEB47,
    0xEB47, 0xEB47, 0xEB47, 0xEB47, 0xEB47, 0xEB47, 0xEB47, 0xEB47, 0xEB47, 0xEB47, 0xE347, 0xE327, 0xE2C5, 0xE263, 0xDA63, 0xDA63,
    0xDA63, 0xDA63, 0xD263, 0xD263, 0xD243, 0xCA43, 0xCA43, 0xCA43, 0xCA43, 0xC223, 0xC223, 0xBA23, 0xBA03, 0xBA03, 0xB203, 0xB203,
    0xA9E2, 0xA9E2, 0xA1E2, 0xA1C2, 0xA1C2, 0xA1C2, 0xA1C2, 0xA1C2, 0xA245, 0xA245, 0xA245, 0xA245, 0xA245, 0xAA65, 0xAA65, 0xAA65,
    0xB285, 0xB285, 0xBAA6, 0xBAA6, 0xC2C6, 0xC2E6, 0xCAE6, 0xCB06, 0xCB26, 0xD326, 0xD327, 0xD347, 0xDB67, 0xDB67, 0xDB67, 0xE387,
    0xE3A7, 0xE386, 0xE325, 0xE303, 0xE324, 0xEB24, 0xEB24, 0xEB44, 0xEB44, 0xEB44, 0xEB44, 0xEB44, 0xEB44, 0xEB64, 0xEB64, 0xEB44,
    0xF3A6, 0xF408, 0xF3E8, 0xF3E8, 0xF3E8, 0xF3E8, 0xF3E8, 0xF3E8, 0xF3C7, 0xEB44, 0xDAE3, 0xBA62, 0xE616, 0xFFFF, 0xFFFF, 0xFFFF,
    0xFFFF, 0xFFFF, 0xFFFF, 0xFFFF, 0xFFFF, 0xFFFF, 0xFFFF, 0xFFFF, 0xFFFF, 0xFFFF, 0xFFFF, 0xD4CF, 0xBA64, 0xDB47, 0xEB67, 0xEAE5,
    0xEA83, 0xEA83, 0xEA83, 0xEA83, 0xEA83, 0xEA83, 0xEA83, 0xEAC5, 0xEB47, 0xEB47, 0xEB47, 0xEB47, 0xEB47, 0xEB47, 0xEB47, 0xEB47,
    0xEB47, 0xE347, 0xE347, 0xE347, 0xE347, 0xE306, 0xDAA4, 0xDA63, 0xDA63, 0xDA63, 0xD263, 0xD263, 0xD243, 0xCA43, 0xCA43, 0xCA43,
    0xC223, 0xC223, 0xC223, 0xBA23, 0xBA03, 0xB203, 0xB203, 0xB1E3, 0xA9E2, 0xA9E2, 0xA1C2, 0xA1C2, 0xA1C2, 0xA1C2, 0xA1C2, 0xA1C2,
    0xA245, 0xA245, 0xA245, 0xA245, 0xA245, 0xA245, 0xAA65, 0xAA65, 0xB285, 0xB285, 0xB286, 0xBAA6, 0xBAC6, 0xC2C6, 0xC2E6, 0xCAE6,
    0xCB06, 0xCB06, 0xD326, 0xD327, 0xDB47, 0xDB47, 0xDB67, 0xDB67, 0xDB25, 0xE2E3, 0xE2E3, 0xE304, 0xE304, 0xE324, 0xEB24, 0xEB24,
    0xEB24, 0xEB24, 0xEB44, 0xEB44, 0xEB44, 0xEB44, 0xEB44, 0xEBA6, 0xF3E8, 0xF3E7, 0xF3E7, 0xF3E7, 0xF3E7, 0xF3E7, 0xF3E7, 0xF3E8,
    0xEB44, 0xEB24, 0xEB24, 0xD2C3, 0xBA42, 0xD4F0, 0xFFBE, 0xFFFF, 0xFFFF, 0xFFFF, 0xFFFF, 0xFFDF, 0xFFDF, 0xFFFF, 0xFFFF, 0xFFFF,
    0xFFFF, 0xF6FA, 0xC3CB, 0xBA64, 0xDB27, 0xEB47, 0xEB47, 0xEB47, 0xEAA4, 0xEA83, 0xEA83, 0xEA83, 0xEA83, 0xEA83, 0xEA83, 0xEA83,
    0xEAC5, 0xEB47, 0xEB47, 0xEB47, 0xEB47, 0xEB47, 0xEB47, 0xEB47, 0xE347, 0xE347, 0xE347, 0xE327, 0xE327, 0xE327, 0xDB27, 0xDAE6,
    0xDA84, 0xD243, 0xD263, 0xD243, 0xCA43, 0xCA43, 0xCA43, 0xC243, 0xC223, 0xC223, 0xBA23, 0xBA03, 0xBA03, 0xB203, 0xB203, 0xA9E2,
    0xA9E2, 0xA1E2, 0xA1C2, 0xA1C2, 0xA1C2, 0xA1C2, 0xA1C2, 0xA1C2, 0xA245, 0xA245, 0xA245, 0xA245, 0xA245, 0xA245, 0xAA65, 0xAA65,
    0xAA65, 0xB285, 0xB285, 0xBAA6, 0xBAA6, 0xC2C6, 0xC2C6, 0xC2E6, 0xCAE6, 0xCB06, 0xCB06, 0xD326, 0xD347, 0xDB47, 0xDB05, 0xDAC4,
    0xDAC3, 0xDAC3, 0xE2E3, 0xE2E4, 0xE2E4, 0xE304, 0xE304, 0xEB04, 0xEB04, 0xEB24, 0xEB24, 0xEB24, 0xEB24, 0xEB24, 0xEB86, 0xF3E8,
    0xF3C7, 0xEBC7, 0xEBC7, 0xEBC7, 0xF3C7, 0xEBC7, 0xEBC8, 0xEB86, 0xEB04, 0xEB24, 0xEB04, 0xEB04, 0xDAC3, 0xBA01, 0xC347, 0xDD93,
    0xF73B, 0xFFFF, 0xFFFF, 0xFFFF, 0xFFFF, 0xFFFF, 0xFF9D, 0xEE57, 0xCC2C, 0xBA23, 0xC284, 0xDB27, 0xEB47, 0xEB47, 0xEB47, 0xEB67,
    0xEB06, 0xEA83, 0xEA83, 0xEA83, 0xEA83, 0xEA83, 0xEA83, 0xEA83, 0xEA83, 0xEAC5, 0xEB47, 0xEB47, 0xEB47, 0xEB47, 0xEB47, 0xE347,
    0xE347, 0xE347, 0xE327, 0xE327, 0xE327, 0xDB27, 0xDB27, 0xDB27, 0xDB07, 0xD2A5, 0xD263, 0xD243, 0xCA43, 0xCA43, 0xCA43, 0xC223,
    0xC223, 0xC223, 0xBA23, 0xBA03, 0xBA03, 0xB203, 0xB1E3, 0xA9E2, 0xA9E2, 0xA1C2, 0xA1C2, 0xA1C2, 0xA1C2, 0xA1C2, 0xA1C2, 0xA1C2,
    0xA245, 0xA245, 0xA245, 0xA245, 0xA245, 0xA245, 0xA245, 0xAA65, 0xAA65, 0xB285, 0xB285, 0xB286, 0xBAA6, 0xBAA6, 0xC2A6, 0xC2C6,
    0xC2E6, 0xCAE6, 0xCB06, 0xD307, 0xD2E5, 0xD2A4, 0xD283, 0xDAA3, 0xDAA3, 0xDAC3, 0xDAC3, 0xE2C3, 0xE2E4, 0xE2E4, 0xE2E4, 0xE2E4,
    0xE304, 0xEB04, 0xEB04, 0xEB04, 0xEB04, 0xEB66, 0xEBC8, 0xEBC7, 0xEBC7, 0xEBC7, 0xEBC7, 0xEBC7, 0xEBC7, 0xEBC8, 0xEBA7, 0xEB24,
    0xEB04, 0xEB04, 0xEB04, 0xEB04, 0xEAE4, 0xE2E4, 0xCAE5, 0xBA84, 0xBAC5, 0xC369, 0xCC0C, 0xCC2D, 0xCBEB, 0xC348, 0xBA84, 0xB1E1,
    0xB9C1, 0xD243, 0xE327, 0xEB47, 0xEB47, 0xEB47, 0xEB47, 0xEB47, 0xEB47, 0xEAA4, 0xEA83, 0xEA83, 0xEA83, 0xEA83, 0xEA83, 0xEA83,
    0xEA83, 0xEA83, 0xEAC5, 0xEB47, 0xEB47, 0xEB47, 0xEB47, 0xE347, 0xE347, 0xE327, 0xE327, 0xE327, 0xE327, 0xDB27, 0xDB07, 0xDB07,
    0xDB07, 0xD307, 0xD2E6, 0xD284, 0xCA43, 0xCA23, 0xC223, 0xC223, 0xC223, 0xBA23, 0xBA03, 0xBA03, 0xB203, 0xB1E3, 0xA9E2, 0xA9E2,
    0xA9E2, 0xA1C2, 0xA1C2, 0xA1C2, 0xA1C2, 0xA1C2, 0xA1C2, 0xA1C2, 0xA245, 0xA245, 0xA245, 0xA245, 0xA245, 0xA245, 0xA245, 0xAA65,
    0xAA65, 0xAA65, 0xB285, 0xB285, 0xBA86, 0xBAA6, 0xBAA6, 0xC2A6, 0xC2C6, 0xCAE6, 0xCAC6, 0xCA84, 0xCA63, 0xD263, 0xD283, 0xD283,
    0xDAA3, 0xDAA3, 0xDAA3, 0xDAC3, 0xE2C3, 0xE2C4, 0xE2E4, 0xE2E4, 0xE2E4, 0xE2E4, 0xEAE4, 0xEAE3, 0xEB46, 0xEBA8, 0xEBA7, 0xEBA7,
    0xEBA7, 0xEBA7, 0xEBA7, 0xEBA7, 0xEBA7, 0xEBA8, 0xEB45, 0xEAE3, 0xEB04, 0xEAE4, 0xEAE4, 0xEAE4, 0xEAE3, 0xEB05, 0xEB88, 0xE367,
    0xDB26, 0xCAE5, 0xCAA4, 0xC284, 0xC201, 0xCA01, 0xD242, 0xDA83, 0xE284, 0xE283, 0xEB06, 0xEB67, 0xEB47, 0xEB47, 0xEB47, 0xEB47,
    0xEB47, 0xEB26, 0xEA83, 0xEA83, 0xEA83, 0xEA83, 0xEA83, 0xEA83, 0xEA83, 0xEA83, 0xE283, 0xE2C5, 0xEB47, 0xE347, 0xE347, 0xE347,
    0xE327, 0xE327, 0xE327, 0xE327, 0xDB27, 0xDB07, 0xDB07, 0xDB07, 0xD307, 0xD2E6, 0xD2E6, 0xCAE7, 0xCAC5, 0xCA64, 0xC223, 0xC223,
    0xC223, 0xBA03, 0xBA03, 0xB203, 0xB203, 0xB1E3, 0xA9E2, 0xA9E2, 0xA1E2, 0xA1C2, 0xA1C2, 0xA1C2, 0xA1C2, 0xA1C2, 0xA1C2, 0xA1C2,
    0xA245, 0xA245, 0xA245, 0xA245, 0xA245, 0xA245, 0xA245, 0xA245, 0xAA65, 0xAA65, 0xB285, 0xB285, 0xB286, 0xBAA6, 0xBAA6, 0xC2C6,
    0xC2A6, 0xC264, 0xC223, 0xCA23, 0xCA43, 0xCA63, 0xD263, 0xD263, 0xD283, 0xDA83, 0xDAA3, 0xDAA3, 0xDAA3, 0xDAC3, 0xE2C3, 0xE2C3,
    0xE2C3, 0xE2C3, 0xE2C3, 0xEB46, 0xEBA8, 0xEB87, 0xEB87, 0xEBA7, 0xEBA7, 0xEBA7, 0xEBA7, 0xEB87, 0xEBA8, 0xEB87, 0xEAE4, 0xEAE4,
    0xEAE4, 0xEAE4, 0xEAE4, 0xEAE4, 0xEAC3, 0xEB26, 0xEB88, 0xEB67, 0xEB67, 0xEB67, 0xEB88, 0xEB67, 0xEAC4, 0xEAA4, 0xEAA4, 0xEA83,
    0xEA83, 0xEA83, 0xEAC5, 0xEB67, 0xEB47, 0xEB47, 0xEB47, 0xEB47, 0xEB47, 0xEB47, 0xEAC5, 0xEA83, 0xEA83, 0xEA83, 0xEA83, 0xEA83,
    0xE283, 0xE283, 0xE283, 0xE283, 0xE2C5, 0xE347, 0xE347, 0xE327, 0xE327, 0xE327, 0xE327, 0xDB27, 0xDB27, 0xDB07, 0xDB07, 0xD307,
    0xD306, 0xD2E6, 0xD2E6, 0xCAE6, 0xCAE6, 0xCAC6, 0xC285, 0xC223, 0xBA02, 0xBA03, 0xBA03, 0xB203, 0xB203, 0xA9E2, 0xA9E2, 0xA1E2,
    0xA1C2, 0xA1C2, 0xA1C2, 0xA1C2, 0xA1C2, 0xA1C2, 0xA1C2, 0xA1C2, 0xA245, 0xA245, 0xA245, 0xA245, 0xA245, 0xA245, 0xA245, 0xA245,
    0xAA65, 0xAA65, 0xAA65, 0xB285, 0xB285, 0xBAA6, 0xBAA6, 0xBA65, 0xBA23, 0xC223, 0xC223, 0xC223, 0xCA43, 0xCA43, 0xCA43, 0xD263,
    0xD263, 0xD263, 0xDA83, 0xDA83, 0xDA83, 0xDAA3, 0xDAA3, 0xE2A3, 0xE2A3, 0xE2A3, 0xE325, 0xEB87, 0xEB87, 0xEB87, 0xEB87, 0xEB87,
    0xEB87, 0xEB87, 0xEB87, 0xEB87, 0xEB88, 0xEB05, 0xEAC3, 0xEAC4, 0xEAC4, 0xEAC4, 0xEAC4, 0xEAC4, 0xEAA3, 0xEB46, 0xEB67, 0xEB67,
    0xEB67, 0xEB47, 0xEB47, 0xEB47, 0xEAA4, 0xEA83, 0xEA83, 0xEA83, 0xEA83, 0xEA83, 0xEAA4, 0xEB47, 0xEB47, 0xEB47, 0xEB47, 0xEB47,
    0xEB47, 0xEB47, 0xEB27, 0xEA83, 0xEA83, 0xEA83, 0xEA83, 0xE283, 0xE283, 0xE283, 0xE283, 0xE283, 0xE263, 0xE2C4, 0xE347, 0xE327,
    0xE327, 0xE327, 0xDB27, 0xDB07, 0xDB07, 0xDB07, 0xDB07, 0xD306, 0xD2E6, 0xD2E6, 0xCAE6, 0xCAE6, 0xCAC6, 0xC2C6, 0xC2C6, 0xC2A6,
    0xBA64, 0xBA03, 0xB202, 0xB203, 0xB1E3, 0xA9E2, 0xA9E2, 0xA1E2, 0xA1C2, 0xA1C2, 0xA1C2, 0xA1C2, 0xA1C2, 0xA1C2, 0xA1C2, 0xA1C2,
    0xA245, 0xA245, 0xA245, 0xA245, 0xA245, 0xA245, 0xA245, 0xA245, 0xA245, 0xAA65, 0xAA65, 0xB285, 0xB286, 0xB265, 0xB223, 0xBA02,
    0xBA03, 0xC223, 0xC223, 0xC223, 0xC243, 0xCA43, 0xCA43, 0xCA43, 0xD243, 0xD263, 0xD263, 0xD263, 0xDA83, 0xDA83, 0xDA83, 0xDA83,
    0xDA83, 0xE305, 0xE367, 0xE347, 0xE367, 0xEB67, 0xEB67, 0xEB67, 0xEB67, 0xEB67, 0xEB67, 0xEB87, 0xEB46, 0xEAA3, 0xEAC4, 0xEAC3,
    0xEAA3, 0xEAA3, 0xEAA3, 0xEAA3, 0xEAC4, 0xEB47, 0xEB47, 0xEB47, 0xEB47, 0xEB47, 0xEB47, 0xEB47, 0xEAA4, 0xEA83, 0xEA83, 0xEA83,
    0xEA83, 0xEA83, 0xEA83, 0xEB26, 0xEB47, 0xEB47, 0xEB47, 0xEB47, 0xEB47, 0xEB47, 0xEB67, 0xEAE5, 0xE283, 0xE283, 0xE283, 0xE283,
    0xE283, 0xE283, 0xE283, 0xE283, 0xE283, 0xE263, 0xE2A4, 0xE327, 0xE327, 0xDB27, 0xDB07, 0xDB07, 0xDB07, 0xDB07, 0xD306, 0xD306,
    0xD2E6, 0xCAE6, 0xCAE6, 0xCAC6, 0xC2C6, 0xC2C6, 0xC2A6, 0xC2A6, 0xBAA6, 0xBA85, 0xB223, 0xB1E2, 0xA9E2, 0xA9E2, 0xA1E2, 0xA1C2,
    0xA1C2, 0xA1C2, 0xA1C2, 0xA1C2, 0xA1C2, 0xA1C2, 0xA1C2, 0xA1C2, 0xA245, 0xA245, 0xA245, 0xA245, 0xA245, 0xA245, 0xA245, 0xA245,
    0xA245, 0xA245, 0xAA65, 0xAA65, 0xB223, 0xB1E2, 0xB202, 0xBA03, 0xBA03, 0xBA23, 0xC223, 0xC223, 0xC223, 0xCA43, 0xCA43, 0xCA43,
    0xCA43, 0xD243, 0xD263, 0xD263, 0xD263, 0xDA63, 0xDA63, 0xDA63, 0xDAE5, 0xE347, 0xE347, 0xE347, 0xE347, 0xE347, 0xE347, 0xEB47,
    0xEB67, 0xEB67, 0xEB67, 0xEB67, 0xEAC4, 0xEAA3, 0xEAA3, 0xEAA3, 0xEAA3, 0xEAA3, 0xEAA3, 0xEA83, 0xEAC5, 0xEB67, 0xEB47, 0xEB47,
    0xEB47, 0xEB47, 0xEB47, 0xEB47, 0xEAA4, 0xEA83, 0xEA83, 0xEA83, 0xEA83, 0xEA83, 0xEA83, 0xEAE5, 0xEB67, 0xEB47, 0xEB47, 0xEB47,
    0xEB47, 0xEB47, 0xEB47, 0xEB47, 0xE2A4, 0xE283, 0xE283, 0xE283, 0xE283, 0xE283, 0xE283, 0xE283, 0xE283, 0xE283, 0xDA63, 0xDAA4,
    0xDB27, 0xDB27, 0xDB07, 0xDB07, 0xDB07, 0xD306, 0xD306, 0xD2E6, 0xCAE6, 0xCAE6, 0xCAC6, 0xCAC6, 0xC2C6, 0xC2C6, 0xC2A6, 0xBAA6,
    0xBAA6, 0xB2A6, 0xB286, 0xB265, 0xAA03, 0xA9C2, 0xA1C2, 0xA1C2, 0xA1C2, 0xA1C2, 0xA1C2, 0xA1C2, 0xA1C2, 0xA1C2, 0xA1C2, 0xA1C2,
    0xA245, 0xA245, 0xA245, 0xA245, 0xA245, 0xA245, 0xA245, 0xA245, 0xA245, 0xA245, 0xA224, 0xA9E2, 0xA9E2, 0xB1E2, 0xB203, 0xB203,
    0xBA03, 0xBA03, 0xBA23, 0xC223, 0xC223, 0xC223, 0xCA43, 0xCA43, 0xCA43, 0xCA43, 0xD243, 0xD263, 0xD263, 0xD263, 0xDA63, 0xDAC5,
    0xDB27, 0xDB27, 0xE327, 0xE327, 0xE327, 0xE347, 0xE347, 0xE347, 0xE347, 0xE347, 0xEB67, 0xE2E5, 0xE283, 0xE283, 0xE283, 0xEA83,
    0xEA83, 0xEA83, 0xEA83, 0xEA83, 0xEB06, 0xEB67, 0xEB47, 0xEB47, 0xEB47, 0xEB47, 0xEB47, 0xEB47, 0xEAA4, 0xEA83, 0xEA83, 0xEA83,
    0xEA83, 0xEA83, 0xEA83, 0xEAC4, 0xEB47, 0xEB47, 0xEB47, 0xEB47, 0xEB47, 0xEB47, 0xEB47, 0xEB47, 0xE306, 0xE283, 0xE284, 0xE283,
    0xE283, 0xE283, 0xE283, 0xE283, 0xDA83, 0xDA63, 0xDA63, 0xDA63, 0xDAA4, 0xDB27, 0xDB07, 0xDB07, 0xD306, 0xD306, 0xD2E6, 0xCAE6,
    0xCAE6, 0xCAE6, 0xCAC6, 0xC2C6, 0xC2C6, 0xC2A6, 0xBAA6, 0xBAA6, 0xBA86, 0xB285, 0xB285, 0xAA85, 0xAA65, 0xAA24, 0xA1C2, 0xA1C2,
    0xA1C2, 0xA1C2, 0xA1C2, 0xA1C2, 0xA1C2, 0xA1C2, 0xA1C2, 0xA1C2, 0xA245, 0xA245, 0xA245, 0xA245, 0xA245, 0xA245, 0xA245, 0xA245,
    0xA224, 0xA1E3, 0xA1C2, 0xA1E2, 0xA9E2, 0xA9E2, 0xB1E3, 0xB203, 0xB203, 0xBA03, 0xBA03, 0xBA23, 0xC223, 0xC223, 0xC223, 0xCA43,
    0xCA43, 0xCA43, 0xCA43, 0xD243, 0xD263, 0xD243, 0xDAC5, 0xDB27, 0xDB07, 0xDB27, 0xDB27, 0xE327, 0xE327, 0xE327, 0xE327, 0xE327,
    0xE347, 0xE347, 0xE327, 0xE284, 0xE283, 0xE283, 0xE283, 0xE283, 0xE283, 0xE283, 0xEA83, 0xEA83, 0xEB27, 0xEB47, 0xEB47, 0xEB47,
    0xEB47, 0xEB47, 0xEB47, 0xEB47, 0xEAA4, 0xEA83, 0xEA83, 0xEA83, 0xEA83, 0xEA83, 0xEA83, 0xEAA4, 0xEB47, 0xEB47, 0xEB47, 0xEB47,
    0xEB47, 0xEB47, 0xEB47, 0xEB47, 0xEB47, 0xE2A4, 0xE283, 0xE283, 0xE283, 0xE283, 0xE283, 0xDA83, 0xDA63, 0xDA63, 0xDA63, 0xDA63,
    0xDA63, 0xDA84, 0xDB07, 0xD307, 0xD306, 0xD2E6, 0xCAE6, 0xCAE6, 0xCAE6, 0xCAC6, 0xC2C6, 0xC2C6, 0xC2A6, 0xBAA6, 0xBAA6, 0xBAA6,
    0xB285, 0xB285, 0xB285, 0xAA65, 0xAA65, 0xA265, 0xA245, 0xA203, 0xA1C2, 0xA1C2, 0xA1C2, 0xA1C2, 0xA1C2, 0xA1C2, 0xA1C2, 0xA1C2,
    0xA245, 0xA245, 0xA245, 0xA245, 0xA245, 0xA245, 0xA224, 0xA1E3, 0xA1C2, 0xA1C2, 0xA1C2, 0xA1C2, 0xA9E2, 0xA9E2, 0xA9E2, 0xB1E3,
    0xB203, 0xBA03, 0xBA03, 0xBA03, 0xBA23, 0xC223, 0xC223, 0xC223, 0xCA43, 0xCA43, 0xCA43, 0xCA43, 0xD243, 0xD2A5, 0xDB07, 0xDB07,
    0xDB07, 0xDB07, 0xDB27, 0xDB27, 0xE327, 0xE327, 0xE327, 0xE327, 0xE327, 0xE347, 0xE2C5, 0xE263, 0xE283, 0xE283, 0xE283, 0xE283,
    0xE283, 0xE283, 0xE283, 0xE2A4, 0xEB47, 0xEB47, 0xEB47, 0xEB47, 0xEB47, 0xEB47, 0xEB47, 0xEB47, 0xEAA4, 0xEA83, 0xEA83, 0xEA83,
    0xEA83, 0xEA83, 0xE283, 0xE283, 0xEB06, 0xEB47, 0xEB47, 0xEB47, 0xEB47, 0xEB47, 0xE347, 0xE347, 0xE347, 0xE306, 0xE283, 0xE283,
    0xE283, 0xE283, 0xDA63, 0xDA63, 0xDA63, 0xDA63, 0xDA63, 0xDA63, 0xD263, 0xD243, 0xD284, 0xD307, 0xD2E6, 0xD2E6, 0xCAE6, 0xCAE6,
    0xCAC6, 0xC2C6, 0xC2C6, 0xC2A6, 0xC2A6, 0xBAA6, 0xBAA6, 0xB285, 0xB285, 0xB285, 0xAA65, 0xAA65, 0xA245, 0xA245, 0xA245, 0xA245,
    0xA225, 0xA1E3, 0xA1C2, 0xA1C2, 0xA1C2, 0xA1C2, 0xA1C2, 0xA1C2, 0xA245, 0xA245, 0xA245, 0xA245, 0xA245, 0xA203, 0xA1C2, 0xA1C2,
    0xA1C2, 0xA1C2, 0xA1C2, 0xA1C2, 0xA1C2, 0xA9E2, 0xA9E2, 0xA9E2, 0xB203, 0xB203, 0xBA03, 0xBA03, 0xBA23, 0xBA23, 0xC223, 0xC223,
    0xC223, 0xCA43, 0xCA43, 0xCA43, 0xD2A5, 0xD307, 0xD306, 0xD307, 0xDB07, 0xDB07, 0xDB07, 0xDB27, 0xDB27, 0xDB27, 0xE327, 0xE327,
    0xE327, 0xE306, 0xE283, 0xE283, 0xE283, 0xE283, 0xE283, 0xE283, 0xE283, 0xE283, 0xE283, 0xE2C5, 0xEB47, 0xEB47, 0xEB47, 0xEB47,
    0xEB47, 0xEB47, 0xEB47, 0xEB47, 0xE2A4, 0xE283, 0xE283, 0xE283, 0xE283, 0xE283, 0xE283, 0xE283, 0xE2E5, 0xEB47, 0xEB47, 0xE347,
    0xE347, 0xE347, 0xE347, 0xE347, 0xE327, 0xE347, 0xE2C5, 0xE263, 0xDA83, 0xDA63, 0xDA63, 0xDA63, 0xDA63, 0xDA63, 0xDA63, 0xD263,
    0xD263, 0xD263, 0xD243, 0xD284, 0xCAE6, 0xCAE6, 0xCAC6, 0xCAC6, 0xC2C6, 0xC2C6, 0xC2C6, 0xC2A6, 0xBAA6, 0xBAA6, 0xB286, 0xB285,
    0xB285, 0xAA65, 0xAA65, 0xAA65, 0xA245, 0xA245, 0xA245, 0xA245, 0xA245, 0xA245, 0xA224, 0xA1E3, 0xA1C2, 0xA1C2, 0xA1C2, 0xA1C2,
    0xA245, 0xA245, 0xA245, 0xA204, 0xA1C2, 0xA1C2, 0xA1C2, 0xA1C2, 0xA1C2, 0xA1C2, 0xA1C2, 0xA1C2, 0xA1C2, 0xA1E2, 0xA9E2, 0xA9E2,
    0xB1E2, 0xB203, 0xB203, 0xBA03, 0xBA03, 0xBA23, 0xC223, 0xC223, 0xC223, 0xC223, 0xCA23, 0xCAA5, 0xCAE7, 0xD2E6, 0xD2E6, 0xD306,
    0xD307, 0xDB07, 0xDB07, 0xDB07, 0xDB07, 0xDB27, 0xDB27, 0xE327, 0xE327, 0xE2A4, 0xE263, 0xE283, 0xE283, 0xE283, 0xE283, 0xE283,
    0xE283, 0xE283, 0xE283, 0xE306, 0xEB47, 0xEB47, 0xEB47, 0xEB47, 0xEB47, 0xEB47, 0xEB47, 0xEB47, 0xE2A4, 0xE283, 0xE283, 0xE283,
    0xE283, 0xE283, 0xE283, 0xE283, 0xE2A4, 0xE347, 0xE347, 0xE347, 0xE347, 0xE347, 0xE327, 0xE327, 0xE327, 0xE327, 0xE306, 0xDA83,
    0xDA63, 0xDA63, 0xDA63, 0xDA63, 0xDA63, 0xD263, 0xD263, 0xD263, 0xD243, 0xD243, 0xCA43, 0xCA43, 0xCA64, 0xCAE6, 0xCAC6, 0xC2C6,
    0xC2C6, 0xC2C6, 0xC2A6, 0xBAA6, 0xBAA6, 0xBA86, 0xB285, 0xB285, 0xAA65, 0xAA65, 0xAA65, 0xA245, 0xA245, 0xA245, 0xA245, 0xA245,
    0xA245, 0xA245, 0xA245, 0xA245, 0xA204, 0xA1C2, 0xA1C2, 0xA1C2, 0xA245, 0xA224, 0xA1E3, 0xA1C2, 0xA1C2, 0xA1C2, 0xA1C2, 0xA1C2,
    0xA1C2, 0xA1C2, 0xA1C2, 0xA1C2, 0xA1C2, 0xA1C2, 0xA1E2, 0xA9E2, 0xA9E2, 0xB1E2, 0xB203, 0xB203, 0xBA03, 0xBA03, 0xBA03, 0xC223,
    0xC223, 0xC223, 0xCA85, 0xCAE6, 0xCAE6, 0xCAE6, 0xD2E6, 0xD2E6, 0xD306, 0xD306, 0xDB07, 0xDB07, 0xDB07, 0xDB07, 0xDB07, 0xDB27,
    0xDAE6, 0xDA63, 0xDA63, 0xDA63, 0xE283, 0xE283, 0xE283, 0xE283, 0xE283, 0xE283, 0xE283, 0xE327, 0xE347, 0xE347, 0xE347, 0xE347,
    0xE347, 0xE347, 0xE347, 0xE347, 0xE2A4, 0xE283, 0xE283, 0xE283, 0xE283, 0xE283, 0xE283, 0xE283, 0xE283, 0xE327, 0xE347, 0xE327,
    0xE327, 0xE327, 0xE327, 0xE327, 0xE327, 0xE327, 0xE327, 0xDAC5, 0xDA63, 0xDA63, 0xDA63, 0xDA63, 0xD263, 0xD263, 0xD263, 0xD243,
    0xD243, 0xCA43, 0xCA43, 0xCA43, 0xCA23, 0xC264, 0xC2C6, 0xC2C6, 0xC2C6, 0xC2A6, 0xBAA6, 0xBAA6, 0xBA86, 0xB285, 0xB285, 0xB265,
    0xAA65, 0xAA65, 0xA245, 0xA245, 0xA245, 0xA245, 0xA245, 0xA245, 0xA245, 0xA245, 0xA245, 0xA245, 0xA245, 0xA245, 0xA203, 0xA1C2,
    0xA1E3, 0xA1C2, 0xA1C2, 0xA1C2, 0xA1C2, 0xA1C2, 0xA1C2, 0xA1C2, 0xA1C2, 0xA1C2, 0xA1C2, 0xA1C2, 0xA1C2, 0xA1C2, 0xA1C2, 0xA1E2,
    0xA9E2, 0xA9E2, 0xB1E2, 0xB203, 0xB203, 0xBA03, 0xBA03, 0xBA23, 0xBA03, 0xC285, 0xC2C6, 0xCAC6, 0xCAC6, 0xCAE6, 0xCAE6, 0xD2E6,
    0xD2E6, 0xD306, 0xD306, 0xD307, 0xDB07, 0xDB07, 0xDB07, 0xDB07, 0xDA84, 0xDA63, 0xDA63, 0xDA63, 0xDA63, 0xDA63, 0xDA83, 0xE283,
    0xE283, 0xE263, 0xE2A4, 0xE347, 0xE327, 0xE327, 0xE347, 0xE347, 0xE347, 0xE347, 0xE347, 0xE347, 0xE2A4, 0xE283, 0xE283, 0xE283,
    0xE283, 0xE283, 0xE283, 0xE283, 0xE263, 0xE306, 0xE347, 0xE327, 0xE327, 0xE327, 0xE327, 0xE327, 0xE327, 0xDB27, 0xDB27, 0xDB07,
    0xDA84, 0xDA63, 0xD263, 0xD263, 0xD263, 0xD263, 0xD243, 0xCA43, 0xCA43, 0xCA43, 0xCA43, 0xCA43, 0xC223, 0xC223, 0xC244, 0xC2C6,
    0xC2A6, 0xBAA6, 0xBAA6, 0xBA86, 0xB285, 0xB285, 0xB265, 0xAA65, 0xAA65, 0xA245, 0xA245, 0xA245, 0xA245, 0xA245, 0xA245, 0xA245,
    0xA245, 0xA245, 0xA245, 0xA245, 0xA245, 0xA245, 0xA245, 0xA224, 0xA1C2, 0xA1C2, 0xA1C2, 0xA1C2, 0xA1C2, 0xA1C2, 0xA1C2, 0xA1C2,
    0xA1C2, 0xA1C2, 0xA1C2, 0xA1C2, 0xA1C2, 0xA1C2, 0xA1C2, 0xA1C2, 0xA9E2, 0xA9E2, 0xA9E2, 0xB1E3, 0xB203, 0xB203, 0xBA03, 0xBA02,
    0xBA64, 0xC2C6, 0xC2C6, 0xC2C6, 0xCAC6, 0xCAC6, 0xCAE6, 0xCAE6, 0xCAE6, 0xD2E6, 0xD2E6, 0xD306, 0xD306, 0xD306, 0xDB07, 0xDAA5,
    0xDA63, 0xDA63, 0xDA63, 0xDA63, 0xDA63, 0xDA63, 0xDA63, 0xDA63, 0xDA83, 0xDA63, 0xE2C5, 0xE347, 0xE327, 0xE327, 0xE327, 0xE327,
    0xE327, 0xE327, 0xE327, 0xE327, 0xE2A4, 0xE283, 0xE283, 0xE283, 0xE283, 0xE283, 0xE283, 0xE283, 0xE263, 0xE2C5, 0xE347, 0xE327,
    0xE327, 0xE327, 0xDB27, 0xDB27, 0xDB27, 0xDB27, 0xDB07, 0xDB27, 0xDAC5, 0xD243, 0xD263, 0xD263, 0xD243, 0xD243, 0xCA43, 0xCA43,
    0xCA43, 0xCA43, 0xC223, 0xC223, 0xC223, 0xC223, 0xBA03, 0xBA44, 0xBAA6, 0xBAA6, 0xBA86, 0xB285, 0xB285, 0xB285, 0xAA65, 0xAA65,
    0xA245, 0xA245, 0xA245, 0xA245, 0xA245, 0xA245, 0xA245, 0xA245, 0xA245, 0xA245, 0xA245, 0xA245, 0xA245, 0xA245, 0xA245, 0xA245,
    0xA1C2, 0xA1C2, 0xA1C2, 0xA1C2, 0xA1C2, 0xA1C2, 0xA1C2, 0xA1C2, 0xA1C2, 0xA1C2, 0xA1C2, 0xA1C2, 0xA1C2, 0xA1C2, 0xA1C2, 0xA1C2,
    0xA1C2, 0xA9E2, 0xA9E2, 0xA9E2, 0xB1E3, 0xB203, 0xB202, 0xBA64, 0xBAA6, 0xBAA6, 0xC2A6, 0xC2C6, 0xC2C6, 0xC2C6, 0xCAC6, 0xCAE6,
    0xCAE6, 0xCAE6, 0xD2E6, 0xD2E6, 0xD2E6, 0xD307, 0xD2E6, 0xD263, 0xD263, 0xD263, 0xDA63, 0xDA63, 0xDA63, 0xDA63, 0xDA63, 0xDA63,
    0xDA63, 0xDA63, 0xE2E6, 0xE327, 0xE327, 0xE327, 0xE327, 0xE327, 0xE327, 0xE327, 0xE327, 0xE327, 0xE284, 0xE263, 0xE283, 0xE283,
    0xDA83, 0xDA83, 0xDA83, 0xDA63, 0xDA63, 0xDA84, 0xE327, 0xDB27, 0xDB27, 0xDB27, 0xDB27, 0xDB07, 0xDB07, 0xDB07, 0xDB07, 0xDB07,
    0xDB07, 0xD284, 0xD243, 0xD243, 0xCA43, 0xCA43, 0xCA43, 0xCA43, 0xCA43, 0xC223, 0xC223, 0xC223, 0xC223, 0xBA23, 0xBA23, 0xBA02,
    0xBA44, 0xBAA6, 0xB285, 0xB285, 0xB285, 0xAA65, 0xAA65, 0xAA65, 0xA245, 0xA245, 0xA245, 0xA245, 0xA245, 0xA245, 0xA245, 0xA245,
    0xA245, 0xA245, 0xA245, 0xA245, 0xA245, 0xA245, 0xA245, 0xA245, 0xA1C2, 0xA1C2, 0xA1C2, 0xA1C2, 0xA1C2, 0xA1C2, 0xA1C2, 0xA1C2,
    0xA1C2, 0xA1C2, 0xA1C2, 0xA1C2, 0xA1C2, 0xA1C2, 0xA1C2, 0xA1C2, 0xA1C2, 0xA1C2, 0xA9E2, 0xA9E2, 0xA9E2, 0xB1E2, 0xB244, 0xBAA6,
    0xBAA6, 0xBAA6, 0xBAA6, 0xC2A6, 0xC2C6, 0xC2C6, 0xC2C6, 0xCAC6, 0xCAC6, 0xCAE6, 0xCAE6, 0xCAE6, 0xD2E6, 0xD307, 0xD284, 0xD243,
    0xD263, 0xD263, 0xD263, 0xD263, 0xDA63, 0xDA63, 0xDA63, 0xDA63, 0xDA63, 0xDA83, 0xDB07, 0xDB27, 0xDB27, 0xDB27, 0xE327, 0xE327,
    0xE327, 0xE327, 0xE327, 0xE327, 0xDA84, 0xDA63, 0xDA63, 0xDA63, 0xDA63, 0xDA63, 0xDA63, 0xDA63, 0xDA63, 0xDA63, 0xDB06, 0xDB27,
    0xDB07, 0xDB07, 0xDB07, 0xDB07, 0xDB07, 0xDB07, 0xDB07, 0xD306, 0xD307, 0xD2C6, 0xCA43, 0xCA43, 0xCA43, 0xCA43, 0xCA43, 0xCA43,
    0xC223, 0xC223, 0xC223, 0xC223, 0xBA23, 0xBA23, 0xBA03, 0xBA03, 0xB1E2, 0xB223, 0xB285, 0xB285, 0xAA65, 0xAA65, 0xAA65, 0xA245,
    0xA245, 0xA245, 0xA245, 0xA245, 0xA245, 0xA245, 0xA245, 0xA245, 0xA245, 0xA245, 0xA245, 0xA245, 0xA245, 0xA245, 0xA245, 0xA245,
    0xA1C2, 0xA1C2, 0xA1C2, 0xA1C2, 0xA1C2, 0xA1C2, 0xA1C2, 0xA1C2, 0xA1C2, 0xA1C2, 0xA1C2, 0xA1C2, 0xA1C2, 0xA1C2, 0xA1C2, 0xA1C2,
    0xA1C2, 0xA1C2, 0xA1C2, 0xA9E2, 0xA9E2, 0xAA24, 0xB286, 0xB285, 0xB286, 0xBAA6, 0xBAA6, 0xBAA6, 0xC2A6, 0xC2A6, 0xC2C6, 0xC2C6,
    0xCAC6, 0xCAC6, 0xCAC6, 0xCAE6, 0xCAE6, 0xCAC5, 0xCA43, 0xCA43, 0xD243, 0xD243, 0xD263, 0xD263, 0xD263, 0xD263, 0xD263, 0xDA63,
    0xDA63, 0xDA84, 0xDB27, 0xDB07, 0xDB07, 0xDB27, 0xDB27, 0xDB27, 0xDB27, 0xDB27, 0xDB27, 0xDB07, 0xDA84, 0xDA63, 0xDA63, 0xDA63,
    0xDA63, 0xDA63, 0xDA63, 0xDA63, 0xDA63, 0xDA63, 0xDAC5, 0xDB27, 0xDB07, 0xDB07, 0xDB07, 0xDB07, 0xD307, 0xD306, 0xD306, 0xD2E6,
    0xD2E6, 0xD307, 0xCA84, 0xCA23, 0xCA43, 0xCA43, 0xC223, 0xC223, 0xC223, 0xC223, 0xC223, 0xBA23, 0xBA03, 0xBA03, 0xBA03, 0xB203,
    0xB203, 0xB1E2, 0xAA03, 0xAA65, 0xAA65, 0xAA65, 0xA245, 0xA245, 0xA245, 0xA245, 0xA245, 0xA245, 0xA245, 0xA245, 0xA245, 0xA245,
    0xA245, 0xA245, 0xA245, 0xA245, 0xA245, 0xA245, 0xA245, 0xA245, 0xA1C2, 0xA1C2, 0xA1C2, 0xA1C2, 0xA1C2, 0xA1C2, 0xA1C2, 0xA1C2,
    0xA1C2, 0xA1C2, 0xA1C2, 0xA1C2, 0xA1C2, 0xA1C2, 0xA1C2, 0xA1C2, 0xA1C2, 0xA1C2, 0xA1C2, 0xA1C2, 0xAA24, 0xAA65, 0xAA65, 0xB285,
    0xB285, 0xB285, 0xBAA6, 0xBAA6, 0xBAA6, 0xC2A6, 0xC2A6, 0xC2C6, 0xC2C6, 0xC2C6, 0xCAC6, 0xCAC6, 0xCAE6, 0xCA64, 0xCA43, 0xCA43,
    0xCA43, 0xCA43, 0xD243, 0xD243, 0xD243, 0xD263, 0xD263, 0xD263, 0xD243, 0xDAC5, 0xDB27, 0xDB07, 0xDB07, 0xDB07, 0xDB07, 0xDB07,
    0xDB07, 0xDB07, 0xDB07, 0xDB07, 0xDA84, 0xDA63, 0xDA63, 0xDA63, 0xDA63, 0xDA63, 0xDA63, 0xDA63, 0xDA63, 0xD243, 0xD2A4, 0xDB07,
    0xDB07, 0xD307, 0xD306, 0xD306, 0xD306, 0xD2E6, 0xD2E6, 0xD2E6, 0xD2E6, 0xCAE6, 0xCAC6, 0xCA43, 0xC223, 0xC223, 0xC223, 0xC223,
    0xC223, 0xBA23, 0xBA23, 0xBA03, 0xBA03, 0xB203, 0xB203, 0xB203, 0xB1E3, 0xA9E2, 0xA9E2, 0xAA03, 0xAA65, 0xA245, 0xA245, 0xA245,
    0xA245, 0xA245, 0xA245, 0xA245, 0xA245, 0xA245, 0xA245, 0xA245, 0xA245, 0xA245, 0xA245, 0xA245, 0xA245, 0xA245, 0xA245, 0xA245,
    0xA1C2, 0xA1C2, 0xA1C2, 0xA1C2, 0xA1C2, 0xA1C2, 0xA1C2, 0xA1C2, 0xA1C2, 0xA1C2, 0xA1C2, 0xA1C2, 0xA1C2, 0xA1C2, 0xA1C2, 0xA1C2,
    0xA1C2, 0xA1C2, 0xA1C2, 0xA204, 0xA265, 0xAA65, 0xAA65, 0xAA65, 0xB285, 0xB285, 0xB285, 0xBA86, 0xBAA6, 0xBAA6, 0xBAA6, 0xC2A6,
    0xC2C6, 0xC2C6, 0xC2C6, 0xC2C6, 0xCA85, 0xC223, 0xCA43, 0xCA43, 0xCA43, 0xCA43, 0xCA43, 0xCA43, 0xD243, 0xD243, 0xD243, 0xD263,
    0xD243, 0xD2E6, 0xD307, 0xDB07, 0xDB07, 0xDB07, 0xDB07, 0xDB07, 0xDB07, 0xDB07, 0xDB07, 0xDB06, 0xD264, 0xD263, 0xD263, 0xD263,
    0xD263, 0xD263, 0xD263, 0xD263, 0xD263, 0xD243, 0xD263, 0xD306, 0xD306, 0xD306, 0xD306, 0xD2E6, 0xD2E6, 0xD2E6, 0xCAE6, 0xCAE6,
    0xCAE6, 0xCAE6, 0xCAE6, 0xCA85, 0xC223, 0xC223, 0xC223, 0xC223, 0xBA23, 0xBA03, 0xBA03, 0xBA03, 0xB203, 0xB203, 0xB1E3, 0xB1E2,
    0xA9E2, 0xA9E2, 0xA9E2, 0xA1C2, 0xA1E3, 0xA245, 0xA245, 0xA245, 0xA245, 0xA245, 0xA245, 0xA245, 0xA245, 0xA245, 0xA245, 0xA245,
    0xA245, 0xA245, 0xA245, 0xA245, 0xA245, 0xA245, 0xA245, 0xA245, 0xA1C2, 0xA1C2, 0xA1C2, 0xA1C2, 0xA1C2, 0xA1C2, 0xA1C2, 0xA1C2,
    0xA1C2, 0xA1C2, 0xA1C2, 0xA1C2, 0xA1C2, 0xA1C2, 0xA1C2, 0xA1C2, 0xA1C2, 0xA1C2, 0xA204, 0xA245, 0xA245, 0xA245, 0xAA65, 0xAA65,
    0xAA65, 0xB285, 0xB285, 0xB285, 0xB286, 0xBAA6, 0xBAA6, 0xBAA6, 0xC2A6, 0xC2A6, 0xC2C6, 0xC2C6, 0xC243, 0xC223, 0xC223, 0xC223,
    0xCA43, 0xCA43, 0xCA43, 0xCA43, 0xCA43, 0xCA43, 0xCA43, 0xD243, 0xD264, 0xD2E6, 0xD306, 0xD306, 0xD306, 0xD306, 0xD306, 0xD306,
    0xD307, 0xD307, 0xD307, 0xD306, 0xD263, 0xD243, 0xD263, 0xD263, 0xD263, 0xD263, 0xD263, 0xD243, 0xD243, 0xD243, 0xD243, 0xD2C6,
    0xD307, 0xD2E6, 0xD2E6, 0xD2E6, 0xCAE6, 0xCAE6, 0xCAE6, 0xCAE6, 0xCAC6, 0xCAC6, 0xCAC6, 0xC2C6, 0xC243, 0xC223, 0xBA23, 0xBA03,
    0xBA03, 0xBA03, 0xB203, 0xB203, 0xB203, 0xB1E3, 0xA9E2, 0xA9E2, 0xA9E2, 0xA1E2, 0xA1C2, 0xA1C2, 0xA1C2, 0xA1E3, 0xA245, 0xA245,
    0xA245, 0xA245, 0xA245, 0xA245, 0xA245, 0xA245, 0xA245, 0xA245, 0xA245, 0xA245, 0xA245, 0xA245, 0xA245, 0xA245, 0xA245, 0xA245,
    0xA1C2, 0xA1C2, 0xA1C2, 0xA1C2, 0xA1C2, 0xA1C2, 0xA1C2, 0xA1C2, 0xA1C2, 0xA1C2, 0xA1C2, 0xA1C2, 0xA1C2, 0xA1C2, 0xA1C2, 0xA1C2,
    0xA1C2, 0xA204, 0xA245, 0xA245, 0xA245, 0xA245, 0xA245, 0xAA65, 0xAA65, 0xAA65, 0xB265, 0xB285, 0xB285, 0xB285, 0xBA86, 0xBAA6,
    0xBAA6, 0xBAA6, 0xC2C6, 0xC264, 0xC223, 0xC223, 0xC223, 0xC223, 0xC223, 0xC223, 0xCA43, 0xCA43, 0xCA43, 0xCA43, 0xCA43, 0xCA43,
    0xCA84, 0xD2E7, 0xD2E6, 0xD2E6, 0xD2E6, 0xD2E6, 0xD2E6, 0xD306, 0xD306, 0xD306, 0xD306, 0xD306, 0xD263, 0xD243, 0xD243, 0xD243,
    0xD243, 0xD243, 0xD243, 0xD243, 0xCA43, 0xCA43, 0xCA43, 0xCAA5, 0xCAE7, 0xCAE6, 0xCAE6, 0xCAE6, 0xCAE6, 0xCAC6, 0xCAC6, 0xCAC6,
    0xC2C6, 0xC2C6, 0xC2C6, 0xC2C6, 0xC285, 0xBA03, 0xBA03, 0xBA03, 0xBA03, 0xB203, 0xB203, 0xB203, 0xB1E3, 0xA9E2, 0xA9E2, 0xA9E2,
    0xA1E2, 0xA1C2, 0xA1C2, 0xA1C2, 0xA1C2, 0xA1C2, 0xA1E3, 0xA245, 0xA245, 0xA245, 0xA245, 0xA245, 0xA245, 0xA245, 0xA245, 0xA245,
    0xA245, 0xA245, 0xA245, 0xA245, 0xA245, 0xA245, 0xA245, 0xA245, 0xA1C2, 0xA1C2, 0xA1C2, 0xA1C2, 0xA1C2, 0xA1C2, 0xA1C2, 0xA1C2,
    0xA1C2, 0xA1C2, 0xA1C2, 0xA1C2, 0xA1C2, 0xA1C2, 0xA1C2, 0xA1C2, 0xA204, 0xA245, 0xA245, 0xA245, 0xA245, 0xA245, 0xA245, 0xA245,
    0xAA65, 0xAA65, 0xAA65, 0xAA65, 0xB285, 0xB285, 0xB285, 0xB286, 0xBA86, 0xBAA6, 0xBA85, 0xBA03, 0xBA23, 0xBA23, 0xC223, 0xC223,
    0xC223, 0xC223, 0xC223, 0xC223, 0xC223, 0xCA43, 0xCA43, 0xCA23, 0xCAA5, 0xCAE6, 0xCAE6, 0xCAE6, 0xD2E6, 0xD2E6, 0xD2E6, 0xD2E6,
    0xD2E6, 0xD2E6, 0xD2E6, 0xD2E6, 0xCA63, 0xCA43, 0xCA43, 0xCA43, 0xCA43, 0xCA43, 0xCA43, 0xCA43, 0xCA43, 0xCA43, 0xCA43, 0xCA64,
    0xCAE6, 0xCAE6, 0xCAE6, 0xCAC6, 0xCAC6, 0xCAC6, 0xC2C6, 0xC2C6, 0xC2C6, 0xC2C6, 0xC2A6, 0xC2A6, 0xBAA6, 0xBA44, 0xBA03, 0xB203,
    0xB203, 0xB203, 0xB1E3, 0xA9E2, 0xA9E2, 0xA9E2, 0xA9E2, 0xA1E2, 0xA1C2, 0xA1C2, 0xA1C2, 0xA1C2, 0xA1C2, 0xA1C2, 0xA1C2, 0xA1E3,
    0xA245, 0xA245, 0xA245, 0xA245, 0xA245, 0xA245, 0xA245, 0xA245, 0xA245, 0xA245, 0xA245, 0xA245, 0xA245, 0xA245, 0xA245, 0xA245,
    0xA1C2, 0xA1C2, 0xA1C2, 0xA1C2, 0xA1C2, 0xA1C2, 0xA1C2, 0xA1C2, 0xA1C2, 0xA1C2, 0xA1C2, 0xA1C2, 0xA1C2, 0xA1C2, 0xA1C2, 0xA204,
    0xA245, 0xA245, 0xA245, 0xA245, 0xA245, 0xA245, 0xA245, 0xA245, 0xA245, 0xA245, 0xAA65, 0xAA65, 0xAA65, 0xB265, 0xB285, 0xB285,
    0xB285, 0xBAA6, 0xBA24, 0xBA02, 0xBA03, 0xBA03, 0xBA23, 0xBA23, 0xC223, 0xC223, 0xC223, 0xC223, 0xC223, 0xC223, 0xC223, 0xC223,
    0xCAC6, 0xCAE6, 0xCAE6, 0xCAE6, 0xCAE6, 0xCAE6, 0xCAE6, 0xCAE6, 0xCAE6, 0xCAE6, 0xCAE6, 0xCAE6, 0xCA43, 0xCA43, 0xCA43, 0xCA43,
    0xCA43, 0xCA43, 0xCA43, 0xCA43, 0xCA43, 0xCA43, 0xCA43, 0xCA43, 0xCAC6, 0xCAC6, 0xCAC6, 0xC2C6, 0xC2C6, 0xC2C6, 0xC2C6, 0xC2C6,
    0xC2A6, 0xC2A6, 0xBAA6, 0xBAA6, 0xBAA6, 0xBA85, 0xB203, 0xB203, 0xB1E3, 0xB1E3, 0xA9E2, 0xA9E2, 0xA9E2, 0xA1E2, 0xA1C2, 0xA1C2,
    0xA1C2, 0xA1C2, 0xA1C2, 0xA1C2, 0xA1C2, 0xA1C2, 0xA1C2, 0xA1C2, 0xA1E3, 0xA245, 0xA245, 0xA245, 0xA245, 0xA245, 0xA245, 0xA245,
    0xA245, 0xA245, 0xA245, 0xA245, 0xA245, 0xA245, 0xA245, 0xA245, 0xA1C2, 0xA1C2, 0xA1C2, 0xA1C2, 0xA1C2, 0xA1C2, 0xA1C2, 0xA1C2,
    0xA1C2, 0xA1C2, 0xA1C2, 0xA1C2, 0xA1C2, 0xA1C2, 0xA204, 0xA245, 0xA245, 0xA245, 0xA245, 0xA245, 0xA245, 0xA245, 0xA245, 0xA245,
    0xA245, 0xA245, 0xA245, 0xAA65, 0xAA65, 0xAA65, 0xAA65, 0xB265, 0xB286, 0xB265, 0xB1E2, 0xB203, 0xB203, 0xBA03, 0xBA03, 0xBA03,
    0xBA03, 0xBA23, 0xBA23, 0xC223, 0xC223, 0xC223, 0xC223, 0xC243, 0xC2C6, 0xCAC6, 0xCAC6, 0xCAC6, 0xCAC6, 0xCAC6, 0xCAC6, 0xCAC6,
    0xCAE6, 0xCAE6, 0xCAE6, 0xCAE6, 0xCA43, 0xCA23, 0xCA43, 0xCA43, 0xCA43, 0xCA43, 0xC223, 0xC223, 0xC223, 0xC223, 0xC223, 0xC223,
    0xC2A5, 0xC2C6, 0xC2C6, 0xC2C6, 0xC2C6, 0xC2A6, 0xC2A6, 0xC2A6, 0xBAA6, 0xBAA6, 0xBAA6, 0xBAA6, 0xBA86, 0xB2A6, 0xB224, 0xB1E2,
    0xA9E2, 0xA9E2, 0xA9E2, 0xA9E2, 0xA1E2, 0xA1C2, 0xA1C2, 0xA1C2, 0xA1C2, 0xA1C2, 0xA1C2, 0xA1C2, 0xA1C2, 0xA1C2, 0xA1C2, 0xA1C2,
    0xA1C2, 0xA1E3, 0xA245, 0xA245, 0xA245, 0xA245, 0xA245, 0xA245, 0xA245, 0xA245, 0xA245, 0xA245, 0xA245, 0xA245, 0xA245, 0xA245,
    0xA1C2, 0xA1C2, 0xA1C2, 0xA1C2, 0xA1C2, 0xA1C2, 0xA1C2, 0xA1C2, 0xA1C2, 0xA1C2, 0xA1C2, 0xA1C2, 0xA1C2, 0xA204, 0xA245, 0xA245,
    0xA245, 0xA245, 0xA245, 0xA245, 0xA245, 0xA245, 0xA245, 0xA245, 0xA245, 0xA245, 0xA245, 0xA245, 0xA245, 0xAA65, 0xAA65, 0xAA65,
    0xAA65, 0xAA03, 0xB1E2, 0xB203, 0xB203, 0xB203, 0xB203, 0xBA03, 0xBA03, 0xBA03, 0xBA03, 0xBA23, 0xBA23, 0xBA23, 0xC223, 0xC264,
    0xC2C6, 0xC2C6, 0xC2C6, 0xC2C6, 0xC2C6, 0xC2C6, 0xC2C6, 0xCAC6, 0xCAC6, 0xCAC6, 0xCAC6, 0xCAC6, 0xC243, 0xC223, 0xC223, 0xC223,
    0xC223, 0xC223, 0xC223, 0xC223, 0xC223, 0xC223, 0xC223, 0xC223, 0xC264, 0xC2C6, 0xC2A6, 0xC2A6, 0xC2A6, 0xBAA6, 0xBAA6, 0xBAA6,
    0xBAA6, 0xBAA6, 0xB286, 0xB285, 0xB285, 0xB285, 0xB265, 0xA9E3, 0xA9E2, 0xA9E2, 0xA1E2, 0xA1C2, 0xA1C2, 0xA1C2, 0xA1C2, 0xA1C2,
    0xA1C2, 0xA1C2, 0xA1C2, 0xA1C2, 0xA1C2, 0xA1C2, 0xA1C2, 0xA1C2, 0xA1C2, 0xA1C2, 0xA1E3, 0xA245, 0xA245, 0xA245, 0xA245, 0xA245,
    0xA245, 0xA245, 0xA245, 0xA245, 0xA245, 0xA245, 0xA245, 0xA245, 0xA1C2, 0xA1C2, 0xA1C2, 0xA1C2, 0xA1C2, 0xA1C2, 0xA1C2, 0xA1C2,
    0xA1C2, 0xA1C2, 0xA1C2, 0xA1C2, 0xA204, 0xA245, 0xA245, 0xA245, 0xA245, 0xA245, 0xA245, 0xA245, 0xA245, 0xA245, 0xA245, 0xA245,
    0xA245, 0xA245, 0xA245, 0xA245, 0xA245, 0xA245, 0xAA45, 0xAA65, 0xAA24, 0xA9E2, 0xA9E2, 0xA9E2, 0xB1E3, 0xB203, 0xB203, 0xB203,
    0xB203, 0xBA03, 0xBA03, 0xBA03, 0xBA03, 0xBA03, 0xBA03, 0xBA85, 0xC2C6, 0xC2A6, 0xC2C6, 0xC2C6, 0xC2C6, 0xC2C6, 0xC2C6, 0xC2C6,
    0xC2C6, 0xC2C6, 0xC2C6, 0xC2C6, 0xC243, 0xC223, 0xC223, 0xC223, 0xC223, 0xC223, 0xC223, 0xC223, 0xC223, 0xC223, 0xBA23, 0xBA03,
    0xBA43, 0xC2A6, 0xBAA6, 0xBAA6, 0xBAA6, 0xBAA6, 0xBAA6, 0xBA86, 0xB286, 0xB285, 0xB285, 0xB285, 0xB285, 0xAA65, 0xAA85, 0xAA24,
    0xA1C2, 0xA1E2, 0xA1C2, 0xA1C2, 0xA1C2, 0xA1C2, 0xA1C2, 0xA1C2, 0xA1C2, 0xA1C2, 0xA1C2, 0xA1C2, 0xA1C2, 0xA1C2, 0xA1C2, 0xA1C2,
    0xA1C2, 0xA1C2, 0xA1C2, 0xA1E3, 0xA245, 0xA245, 0xA245, 0xA245, 0xA245, 0xA245, 0xA245, 0xA245, 0xA245, 0xA245, 0xA245, 0xA245,
    0xA1C2, 0xA1C2, 0xA1C2, 0xA1C2, 0xA1C2, 0xA1C2, 0xA1C2, 0xA1C2, 0xA1C2, 0xA1C2, 0xA1C2, 0xA204, 0xA245, 0xA245, 0xA245, 0xA245,
    0xA245, 0xA245, 0xA245, 0xA245, 0xA245, 0xA245, 0xA245, 0xA245, 0xA245, 0xA245, 0xA245, 0xA245, 0xA245, 0xA245, 0xA245, 0xA245,
    0xA1E2, 0xA9E2, 0xA9E2, 0xA9E2, 0xA9E2, 0xA9E2, 0xB1E3, 0xB1E3, 0xB203, 0xB203, 0xB203, 0xB203, 0xBA03, 0xBA03, 0xBA03, 0xBAA5,
    0xBAA6, 0xBAA6, 0xBAA6, 0xC2A6, 0xC2A6, 0xC2A6, 0xC2A6, 0xC2A6, 0xC2A6, 0xC2A6, 0xC2A6, 0xC2A6, 0xBA23, 0xBA03, 0xBA23, 0xBA23,
    0xBA23, 0xBA23, 0xBA23, 0xBA23, 0xBA23, 0xBA03, 0xBA03, 0xBA03, 0xBA03, 0xBA85, 0xBAA6, 0xBAA6, 0xBA86, 0xBA86, 0xB285, 0xB285,
    0xB285, 0xB285, 0xB285, 0xAA65, 0xAA65, 0xAA65, 0xAA65, 0xAA65, 0xA1E3, 0xA1C2, 0xA1C2, 0xA1C2, 0xA1C2, 0xA1C2, 0xA1C2, 0xA1C2,
    0xA1C2, 0xA1C2, 0xA1C2, 0xA1C2, 0xA1C2, 0xA1C2, 0xA1C2, 0xA1C2, 0xA1C2, 0xA1C2, 0xA1C2, 0xA1C2, 0xA1E3, 0xA245, 0xA245, 0xA245,
    0xA245, 0xA245, 0xA245, 0xA245, 0xA245, 0xA245, 0xA245, 0xA245, 0xA1C2, 0xA1C2, 0xA1C2, 0xA1C2, 0xA1C2, 0xA1C2, 0xA1C2, 0xA1C2,
    0xA1C2, 0xA1C2, 0xA204, 0xA245, 0xA245, 0xA245, 0xA245, 0xA245, 0xA245, 0xA245, 0xA245, 0xA245, 0xA245, 0xA245, 0xA245, 0xA245,
    0xA245, 0xA245, 0xA245, 0xA245, 0xA245, 0xA245, 0xA245, 0xA203, 0xA1C2, 0xA1C2, 0xA1C2, 0xA1E2, 0xA9E2, 0xA9E2, 0xA9E2, 0xA9E2,
    0xA9E2, 0xB1E3, 0xB1E3, 0xB203, 0xB203, 0xB202, 0xB223, 0xBAA6, 0xBAA6, 0xBAA6, 0xBAA6, 0xBAA6, 0xBAA6, 0xBAA6, 0xBAA6, 0xBAA6,
    0xBAA6, 0xBAA6, 0xBAA6, 0xBAA6, 0xBA23, 0xBA03, 0xBA03, 0xBA03, 0xBA03, 0xBA03, 0xBA03, 0xBA03, 0xBA03, 0xBA03, 0xBA03, 0xBA03,
    0xB202, 0xB264, 0xB2A6, 0xB285, 0xB285, 0xB285, 0xB285, 0xB285, 0xB285, 0xAA65, 0xAA65, 0xAA65, 0xAA65, 0xAA65, 0xA245, 0xA245,
    0xA224, 0xA1C2, 0xA1C2, 0xA1C2, 0xA1C2, 0xA1C2, 0xA1C2, 0xA1C2, 0xA1C2, 0xA1C2, 0xA1C2, 0xA1C2, 0xA1C2, 0xA1C2, 0xA1C2, 0xA1C2,
    0xA1C2, 0xA1C2, 0xA1C2, 0xA1C2, 0xA1C2, 0xA1E3, 0xA245, 0xA245, 0xA245, 0xA245, 0xA245, 0xA245, 0xA245, 0xA245, 0xA245, 0xA245,
    0xA1C2, 0xA1C2, 0xA1C2, 0xA1C2, 0xA1C2, 0xA1C2, 0xA1C2, 0xA1C2, 0xA1C2, 0xA204, 0xA245, 0xA245, 0xA245, 0xA245, 0xA245, 0xA245,
    0xA245, 0xA245, 0xA245, 0xA245, 0xA245, 0xA245, 0xA245, 0xA245, 0xA245, 0xA245, 0xA245, 0xA245, 0xA245, 0xA245, 0xA224, 0xA1C2,
    0xA1C2, 0xA1C2, 0xA1C2, 0xA1C2, 0xA1C2, 0xA1E2, 0xA9E2, 0xA9E2, 0xA9E2, 0xA9E2, 0xA9E2, 0xA9E2, 0xB1E3, 0xB1E2, 0xB244, 0xB286,
    0xB285, 0xB286, 0xB286, 0xBA86, 0xBAA6, 0xBAA6, 0xBAA6, 0xBAA6, 0xBAA6, 0xBAA6, 0xBAA6, 0xBAA6, 0xBA23, 0xBA03, 0xBA03, 0xBA03,
    0xBA03, 0xB203, 0xB203, 0xB203, 0xB203, 0xB203, 0xB203, 0xB203, 0xB1E2, 0xB224, 0xB286, 0xB285, 0xB285, 0xB265, 0xAA65, 0xAA65,
    0xAA65, 0xAA65, 0xAA65, 0xAA65, 0xA245, 0xA245, 0xA245, 0xA245, 0xA245, 0xA1E3, 0xA1C2, 0xA1C2, 0xA1C2, 0xA1C2, 0xA1C2, 0xA1C2,
    0xA1C2, 0xA1C2, 0xA1C2, 0xA1C2, 0xA1C2, 0xA1C2, 0xA1C2, 0xA1C2, 0xA1C2, 0xA1C2, 0xA1C2, 0xA1C2, 0xA1C2, 0xA1C2, 0xA1E3, 0xA245,
    0xA245, 0xA245, 0xA245, 0xA245, 0xA245, 0xA245, 0xA245, 0xA245, 0xA1C2, 0xA1C2, 0xA1C2, 0xA1C2, 0xA1C2, 0xA1C2, 0xA1C2, 0xA1C2,
    0xA204, 0xA245, 0xA245, 0xA245, 0xA245, 0xA245, 0xA245, 0xA245, 0xA245, 0xA245, 0xA245, 0xA245, 0xA245, 0xA245, 0xA245, 0xA245,
    0xA245, 0xA245, 0xA245, 0xA245, 0xA245, 0xA245, 0xA1E3, 0xA1C2, 0xA1C2, 0xA1C2, 0xA1C2, 0xA1C2, 0xA1C2, 0xA1C2, 0xA1C2, 0xA1E2,
    0xA9E2, 0xA9E2, 0xA9E2, 0xA9E2, 0xA9E2, 0xA9E2, 0xB245, 0xB285, 0xB285, 0xB285, 0xB285, 0xB285, 0xB285, 0xB285, 0xB285, 0xB285,
    0xB285, 0xB286, 0xB286, 0xB286, 0xB203, 0xB202, 0xB203, 0xB203, 0xB203, 0xB203, 0xB203, 0xB203, 0xB203, 0xB203, 0xB1E3, 0xB1E3,
    0xB1E2, 0xAA03, 0xB265, 0xAA65, 0xAA65, 0xAA65, 0xAA65, 0xAA65, 0xAA65, 0xAA45, 0xA245, 0xA245, 0xA245, 0xA245, 0xA245, 0xA245,
    0xA245, 0xA245, 0xA1C2, 0xA1C2, 0xA1C2, 0xA1C2, 0xA1C2, 0xA1C2, 0xA1C2, 0xA1C2, 0xA1C2, 0xA1C2, 0xA1C2, 0xA1C2, 0xA1C2, 0xA1C2,
    0xA1C2, 0xA1C2, 0xA1C2, 0xA1C2, 0xA1C2, 0xA1C2, 0xA1C2, 0xA1E3, 0xA245, 0xA245, 0xA245, 0xA245, 0xA245, 0xA245, 0xA245, 0xA245,
    0xA1C2, 0xA1C2, 0xA1C2, 0xA1C2, 0xA1C2, 0xA1C2, 0xA1C2, 0xA204, 0xA245, 0xA245, 0xA245, 0xA245, 0xA245, 0xA245, 0xA245, 0xA245,
    0xA245, 0xA245, 0xA245, 0xA245, 0xA245, 0xA245, 0xA245, 0xA245, 0xA245, 0xA245, 0xA245, 0xA245, 0xA245, 0xA224, 0xA1C2, 0xA1C2,
    0xA1C2, 0xA1C2, 0xA1C2, 0xA1C2, 0xA1C2, 0xA1C2, 0xA1C2, 0xA1C2, 0xA1C2, 0xA1C2, 0xA1E2, 0xA9E2, 0xA9E2, 0xA9E3, 0xAA65, 0xAA65,
    0xAA65, 0xAA65, 0xB285, 0xB285, 0xB285, 0xB285, 0xB285, 0xB285, 0xB285, 0xB285, 0xB285, 0xB285, 0xB203, 0xB1E2, 0xB1E3, 0xB1E3,
    0xB1E2, 0xB1E2, 0xA9E2, 0xA9E2, 0xA9E2, 0xA9E2, 0xA9E2, 0xA9E2, 0xA9E2, 0xA9E2, 0xAA45, 0xAA65, 0xAA65, 0xAA65, 0xA245, 0xA245,
    0xA245, 0xA245, 0xA245, 0xA245, 0xA245, 0xA245, 0xA245, 0xA245, 0xA245, 0xA245, 0xA204, 0xA1C2, 0xA1C2, 0xA1C2, 0xA1C2, 0xA1C2,
    0xA1C2, 0xA1C2, 0xA1C2, 0xA1C2, 0xA1C2, 0xA1C2, 0xA1C2, 0xA1C2, 0xA1C2, 0xA1C2, 0xA1C2, 0xA1C2, 0xA1C2, 0xA1C2, 0xA1C2, 0xA1C2,
    0xA1E3, 0xA245, 0xA245, 0xA245, 0xA245, 0xA245, 0xA245, 0xA245, 0xA1C2, 0xA1C2, 0xA1C2, 0xA1C2, 0xA1C2, 0xA1C2, 0xA204, 0xA245,
    0xA245, 0xA245, 0xA245, 0xA245, 0xA245, 0xA245, 0xA245, 0xA245, 0xA245, 0xA245, 0xA245, 0xA245, 0xA245, 0xA245, 0xA245, 0xA245,
    0xA245, 0xA245, 0xA245, 0xA245, 0xA245, 0xA1E3, 0xA1C2, 0xA1C2, 0xA1C2, 0xA1C2, 0xA1C2, 0xA1C2, 0xA1C2, 0xA1C2, 0xA1C2, 0xA1C2,
    0xA1C2, 0xA1C2, 0xA1C2, 0xA1C2, 0xA1C2, 0xA203, 0xAA65, 0xAA65, 0xAA65, 0xAA65, 0xAA65, 0xAA65, 0xAA65, 0xAA65, 0xAA65, 0xAA65,
    0xAA65, 0xAA65, 0xAA65, 0xAA65, 0xAA03, 0xA9E2, 0xA9E2, 0xA9E2, 0xA9E2, 0xA9E2, 0xA9E2, 0xA9E2, 0xA9E2, 0xA9E2, 0xA9E2, 0xA9E2,
    0xA1E2, 0xA1C2, 0xA224, 0xA265, 0xA245, 0xA245, 0xA245, 0xA245, 0xA245, 0xA245, 0xA245, 0xA245, 0xA245, 0xA245, 0xA245, 0xA245,
    0xA245, 0xA245, 0xA245, 0xA1E3, 0xA1C2, 0xA1C2, 0xA1C2, 0xA1C2, 0xA1C2, 0xA1C2, 0xA1C2, 0xA1C2, 0xA1C2, 0xA1C2, 0xA1C2, 0xA1C2,
    0xA1C2, 0xA1C2, 0xA1C2, 0xA1C2, 0xA1C2, 0xA1C2, 0xA1C2, 0xA1C2, 0xA1C2, 0xA1E3, 0xA245, 0xA245, 0xA245, 0xA245, 0xA245, 0xA245,
    0xA1C2, 0xA1C2, 0xA1C2, 0xA1C2, 0xA1C2, 0xA204, 0xA245, 0xA245, 0xA245, 0xA245, 0xA245, 0xA245, 0xA245, 0xA245, 0xA245, 0xA245,
    0xA245, 0xA245, 0xA245, 0xA245, 0xA245, 0xA245, 0xA245, 0xA245, 0xA245, 0xA245, 0xA245, 0xA245, 0xA204, 0xA1C2, 0xA1C2, 0xA1C2,
    0xA1C2, 0xA1C2, 0xA1C2, 0xA1C2, 0xA1C2, 0xA1C2, 0xA1C2, 0xA1C2, 0xA1C2, 0xA1C2, 0xA1C2, 0xA1C2, 0xA1C2, 0xA204, 0xA245, 0xA245,
    0xA245, 0xAA45, 0xAA65, 0xAA65, 0xAA65, 0xAA65, 0xAA65, 0xAA65, 0xAA65, 0xAA65, 0xAA65, 0xAA65, 0xA9E3, 0xA9E2, 0xA9E2, 0xA9E2,
    0xA9E2, 0xA9E2, 0xA1E2, 0xA1E2, 0xA1E2, 0xA1E2, 0xA1C2, 0xA1C2, 0xA1C2, 0xA1C2, 0xA1E3, 0xA245, 0xA245, 0xA245, 0xA245, 0xA245,
    0xA245, 0xA245, 0xA245, 0xA245, 0xA245, 0xA245, 0xA245, 0xA245, 0xA245, 0xA245, 0xA245, 0xA224, 0xA1C2, 0xA1C2, 0xA1C2, 0xA1C2,
    0xA1C2, 0xA1C2, 0xA1C2, 0xA1C2, 0xA1C2, 0xA1C2, 0xA1C2, 0xA1C2, 0xA1C2, 0xA1C2, 0xA1C2, 0xA1C2, 0xA1C2, 0xA1C2, 0xA1C2, 0xA1C2,
    0xA1C2, 0xA1C2, 0xA1E3, 0xA245, 0xA245, 0xA245, 0xA245, 0xA245, 0xA1C2, 0xA1C2, 0xA1C2, 0xA1C2, 0xA204, 0xA245, 0xA245, 0xA245,
    0xA245, 0xA245, 0xA245, 0xA245, 0xA245, 0xA245, 0xA245, 0xA245, 0xA245, 0xA245, 0xA245, 0xA245, 0xA245, 0xA245, 0xA245, 0xA245,
    0xA245, 0xA245, 0xA245, 0xA245, 0xA1C2, 0xA1C2, 0xA1C2, 0xA1C2, 0xA1C2, 0xA1C2, 0xA1C2, 0xA1C2, 0xA1C2, 0xA1C2, 0xA1C2, 0xA1C2,
    0xA1C2, 0xA1C2, 0xA1C2, 0xA1C2, 0xA1C2, 0xA224, 0xA245, 0xA245, 0xA245, 0xA245, 0xA245, 0xA245, 0xA245, 0xA245, 0xA245, 0xA245,
    0xA245, 0xA245, 0xAA45, 0xAA45, 0xA1E3, 0xA1C2, 0xA1C2, 0xA1C2, 0xA1C2, 0xA1C2, 0xA1C2, 0xA1C2, 0xA1C2, 0xA1C2, 0xA1C2, 0xA1C2,
    0xA1C2, 0xA1C2, 0xA1E3, 0xA245, 0xA245, 0xA245, 0xA245, 0xA245, 0xA245, 0xA245, 0xA245, 0xA245, 0xA245, 0xA245, 0xA245, 0xA245,
    0xA245, 0xA245, 0xA245, 0xA245, 0xA1E3, 0xA1C2, 0xA1C2, 0xA1C2, 0xA1C2, 0xA1C2, 0xA1C2, 0xA1C2, 0xA1C2, 0xA1C2, 0xA1C2, 0xA1C2,
    0xA1C2, 0xA1C2, 0xA1C2, 0xA1C2, 0xA1C2, 0xA1C2, 0xA1C2, 0xA1C2, 0xA1C2, 0xA1C2, 0xA1C2, 0xA203, 0xA245, 0xA245, 0xA245, 0xA245,
};
