// flavor_2 - 129x240 RGB565 bitmap
// Auto-generated from flavor_2.png by tools/png_to_rgb565.py
#pragma once

#include <Arduino.h>

const uint16_t flavor1_card[129 * 240] PROGMEM = {
    0x9DAC, 0x9DAC, 0x9DAB, 0x9DAB, 0x9DAB, 0x9DAB, 0x9DAB, 0x9DAB, 0x9DAB, 0x9DAB, 0x9D8B, 0x958B, 0x958B, 0x958B, 0x958B, 0x958B,
    0x958B, 0x958B, 0x958B, 0x958B, 0x958B, 0x958B, 0x958B, 0x8D8A, 0x8D8A, 0x8D8A, 0x8D8A, 0x8D8A, 0x8D8A, 0x8D8A, 0x8D6A, 0x8D6A,
    0x8D6A, 0x8D6A, 0x8D6A, 0x856A, 0x856A, 0x856A, 0x856A, 0x856A, 0x856A, 0x856A, 0x856A, 0x856A, 0x856A, 0x856A, 0x7D6A, 0x7D69,
    0x7D49, 0x7D49, 0x7D49, 0x7D49, 0x7D49, 0x7D49, 0x7D49, 0x7D49, 0x7D49, 0x7D49, 0x7D49, 0x7D49, 0x7549, 0x7549, 0x7549, 0x7549,
    0x7549, 0x7549, 0x7549, 0x7549, 0x7549, 0x7549, 0x7549, 0x7549, 0x6D28, 0x6D28, 0x6D28, 0x6D28, 0x6D28, 0x6D28, 0x6D28, 0x6D28,
    0x6D28, 0x6D28, 0x6D28, 0x6528, 0x6528, 0x6528, 0x6508, 0x6508, 0x6508, 0x6508, 0x6508, 0x6508, 0x6508, 0x6508, 0x6508, 0x6507,
    0x5D07, 0x5D07, 0x5D07, 0x5D07, 0x5D07, 0x5D07, 0x5D07, 0x5CE7, 0x5CE7, 0x5CE7, 0x5CE7, 0x54E7, 0x54E7, 0x54E7, 0x54E7, 0x54E7,
    0x54E7, 0x54E7, 0x54E7, 0x54E7, 0x54E7, 0x54E7, 0x54C7, 0x54C7, 0x4CC7, 0x4CC7, 0x4CC7, 0x4CC7, 0x4CC7, 0x4CC7, 0x4CC7, 0x4CC7,
    0x4CC7, 0x9DAB, 0x9DAB, 0x9DAB, 0x9DAB, 0x9DAB, 0x9DAB, 0x9DAB, 0x9DAB, 0x9DAB, 0x958B, 0x958B, 0x958B, 0x958B, 0x958B, 0x958B,
    0x958B, 0x958B, 0x958B, 0x958B, 0x958B, 0x958B, 0x8D8B, 0x8D8A, 0x8D8A, 0x8D8A, 0x8D8A, 0x8D8A, 0x8D8A, 0x8D8A, 0x8D6A, 0x8D6A,
    0x8D6A, 0x8D6A, 0x8D6A, 0x856A, 0x856A, 0x856A, 0x856A, 0x856A, 0x856A, 0x856A, 0x856A, 0x856A, 0x856A, 0x856A, 0x7D6A, 0x7D6A,
    0x7D6A, 0x7D69, 0x7D69, 0x7D69, 0x7D69, 0x7D69, 0x7D49, 0x7D69, 0x7D69, 0x7D69, 0x7D69, 0x7D69, 0x7D69, 0x7D69, 0x7549, 0x7549,
    0x7549, 0x7549, 0x7549, 0x7549, 0x7549, 0x7549, 0x7549, 0x7549, 0x7549, 0x6D49, 0x6D49, 0x6D48, 0x6D28, 0x6D28, 0x6D28, 0x6D28,
    0x6D28, 0x6D28, 0x6D28, 0x6D28, 0x6528, 0x6528, 0x6508, 0x6508, 0x6508, 0x6508, 0x6508, 0x6508, 0x6508, 0x6508, 0x6508, 0x6507,
    0x5D07, 0x5D07, 0x5D07, 0x5D07, 0x5D07, 0x5D07, 0x5D07, 0x5CE7, 0x5CE7, 0x5CE7, 0x5CE7, 0x54E7, 0x54E7, 0x54E7, 0x54E7, 0x54E7,
    0x54E7, 0x54E7, 0x54E7, 0x54E7, 0x54E7, 0x54E7, 0x54C7, 0x54C7, 0x4CC7, 0x4CC7, 0x4CC7, 0x4CC7, 0x4CC7, 0x4CC7, 0x4CC7, 0x4CC7,
    0x4CC7, 0x4CA7, 0x9DAB, 0x9DAB, 0x9DAB, 0x9DAB, 0x9DAB, 0x9DAB, 0x9DAB, 0x9DAB, 0x958B, 0x958B, 0x958B, 0x958B, 0x958B, 0x958B,
    0x958B, 0x958B, 0x958B, 0x958B, 0x958B, 0x958B, 0x8D8B, 0x8D8A, 0x8D8A, 0x8D8A, 0x8D8A, 0x8D8A, 0x8D8A, 0x8D8A, 0x8D6A, 0x8D6A,
    0x8D6A, 0x8D6A, 0x8D6A, 0x856A, 0x856A, 0x856A, 0x856A, 0x856A, 0x856A, 0x856A, 0x856A, 0x856A, 0x856A, 0x856A, 0x856A, 0x856A,
    0x856A, 0x7D6A, 0x7D6A, 0x7D69, 0x7D69, 0x7D69, 0x7D69, 0x7D69, 0x7D69, 0x7D69, 0x7D69, 0x7D69, 0x7D69, 0x7D69, 0x7D69, 0x7569,
    0x7569, 0x7569, 0x7569, 0x7569, 0x7549, 0x7549, 0x7549, 0x7549, 0x7549, 0x7549, 0x7549, 0x6D49, 0x6D48, 0x6D48, 0x6D48, 0x6D48,
    0x6D28, 0x6D28, 0x6D28, 0x6D28, 0x6D28, 0x6528, 0x6528, 0x6528, 0x6528, 0x6528, 0x6508, 0x6508, 0x6508, 0x6508, 0x6508, 0x6507,
    0x5D07, 0x5D07, 0x5D07, 0x5D07, 0x5D07, 0x5D07, 0x5D07, 0x5CE7, 0x5CE7, 0x5CE7, 0x5CE7, 0x54E7, 0x54E7, 0x54E7, 0x54E7, 0x54E7,
    0x54E7, 0x54E7, 0x54E7, 0x54E7, 0x54E7, 0x54E7, 0x54E7, 0x54C7, 0x4CC7, 0x4CC7, 0x4CC7, 0x4CC7, 0x4CC7, 0x4CC7, 0x4CC7, 0x4CC7,
    0x4CC7, 0x4CA7, 0x4CA7, 0x9DAB, 0x9DAB, 0x9DAB, 0x9DAB, 0x9DAB, 0x9DAB, 0x9DAB, 0x958B, 0x958B, 0x958B, 0x958B, 0x958B, 0x958B,
    0x958B, 0x958B, 0x958B, 0x958B, 0x958B, 0x958B, 0x8D8B, 0x8D8A, 0x8D8A, 0x8D8A, 0x8D8A, 0x8D8A, 0x8D8A, 0x8D8A, 0x8D6A, 0x8D6A,
    0x8D6A, 0x8D6A, 0x8D6A, 0x856A, 0x856A, 0x856A, 0x856A, 0x856A, 0x856A, 0x856A, 0x856A, 0x856A, 0x856A, 0x856A, 0x856A, 0x856A,
    0x856A, 0x856A, 0x856A, 0x856A, 0x7D6A, 0x7D6A, 0x7D69, 0x7D69, 0x7D69, 0x7D69, 0x7D69, 0x7D69, 0x7D69, 0x7D69, 0x7D69, 0x7D69,
    0x7D69, 0x7569, 0x7569, 0x7569, 0x7569, 0x7569, 0x7569, 0x7569, 0x7569, 0x7569, 0x7549, 0x7549, 0x6D49, 0x6D49, 0x6D48, 0x6D48,
    0x6D48, 0x6D48, 0x6D48, 0x6D48, 0x6D28, 0x6D28, 0x6528, 0x6528, 0x6528, 0x6528, 0x6528, 0x6528, 0x6528, 0x6508, 0x6508, 0x6507,
    0x5D07, 0x5D07, 0x5D07, 0x5D07, 0x5D07, 0x5D07, 0x5D07, 0x5CE7, 0x5CE7, 0x5CE7, 0x5CE7, 0x54E7, 0x54E7, 0x54E7, 0x54E7, 0x54E7,
    0x54E7, 0x54E7, 0x54E7, 0x54E7, 0x54E7, 0x54E7, 0x54E7, 0x54C7, 0x4CC7, 0x4CC7, 0x4CC7, 0x4CC7, 0x4CC7, 0x4CC7, 0x4CC7, 0x4CC7,
    0x4CC7, 0x4CA7, 0x4CA7, 0x4CA7, 0x9DAB, 0x9DAB, 0x9DAB, 0x9DAB, 0x9DAB, 0x9DAB, 0x958B, 0x958B, 0x958B, 0x958B, 0x958B, 0x958B,
    0x958B, 0x958B, 0x958B, 0x958B, 0x958B, 0x958B, 0x958B, 0x8D8B, 0x8D8A, 0x8D8A, 0x8D8A, 0x8D8A, 0x8D8A, 0x8D8A, 0x8D8A, 0x8D6A,
    0x8D6A, 0x8D6A, 0x8D6A, 0x856A, 0x856A, 0x856A, 0x856A, 0x856A, 0x856A, 0x856A, 0x856A, 0x856A, 0x858A, 0x858A, 0x858A, 0x858A,
    0x858A, 0x858A, 0x858A, 0x858A, 0x858A, 0x858A, 0x7D8A, 0x7D8A, 0x7D8A, 0x7D8A, 0x7D89, 0x7D89, 0x7D89, 0x7D89, 0x7D69, 0x7D69,
    0x7D69, 0x7D69, 0x7D69, 0x7569, 0x7569, 0x7569, 0x7569, 0x7569, 0x7569, 0x7569, 0x7569, 0x7569, 0x7569, 0x6D69, 0x6D69, 0x6D68,
    0x6D48, 0x6D48, 0x6D48, 0x6D48, 0x6D48, 0x6D48, 0x6D48, 0x6D48, 0x6528, 0x6528, 0x6528, 0x6528, 0x6528, 0x6528, 0x6528, 0x6528,
    0x6508, 0x5D07, 0x5D07, 0x5D07, 0x5D07, 0x5D07, 0x5D07, 0x5CE7, 0x5CE7, 0x5CE7, 0x5CE7, 0x54E7, 0x54E7, 0x54E7, 0x54E7, 0x54E7,
    0x54E7, 0x54E7, 0x54E7, 0x54E7, 0x54E7, 0x54E7, 0x54E7, 0x54C7, 0x4CC7, 0x4CC7, 0x4CC7, 0x4CC7, 0x4CC7, 0x4CC7, 0x4CC7, 0x4CC7,
    0x4CC7, 0x4CA7, 0x4CA7, 0x4CA7, 0x4CA7, 0x9DAB, 0x9DAB, 0x9DAB, 0x9DAB, 0x9DAB, 0x958B, 0x958B, 0x958B, 0x958B, 0x958B, 0x958B,
    0x958B, 0x958B, 0x958B, 0x958B, 0x958B, 0x958B, 0x958B, 0x8D8B, 0x8D8A, 0x8D8A, 0x8D8A, 0x8D8A, 0x8D8A, 0x8D8A, 0x8D8A, 0x8D6A,
    0x8D6A, 0x8D6A, 0x8D6A, 0x8D6A, 0x8D6A, 0x858A, 0x856A, 0x858A, 0x858A, 0x858A, 0x858A, 0x858A, 0x858A, 0x858A, 0x858A, 0x858A,
    0x858A, 0x858A, 0x858A, 0x858A, 0x858A, 0x858A, 0x7D8A, 0x7D8A, 0x7D8A, 0x7D8A, 0x7D8A, 0x7D89, 0x7D89, 0x7D89, 0x7D89, 0x7D89,
    0x7D89, 0x7D89, 0x7D89, 0x7D89, 0x7589, 0x7589, 0x7589, 0x7589, 0x7569, 0x7569, 0x7569, 0x7569, 0x7569, 0x7569, 0x7569, 0x6D69,
    0x6D68, 0x6D68, 0x6D68, 0x6D68, 0x6D68, 0x6D48, 0x6D48, 0x6D48, 0x6D48, 0x6548, 0x6548, 0x6548, 0x6528, 0x6528, 0x6528, 0x6528,
    0x6528, 0x6528, 0x5D28, 0x5D07, 0x5D07, 0x5D07, 0x5D07, 0x5D07, 0x5CE7, 0x5CE7, 0x5CE7, 0x54E7, 0x54E7, 0x54E7, 0x54E7, 0x54E7,
    0x54E7, 0x54E7, 0x54E7, 0x54E7, 0x54E7, 0x54E7, 0x54E7, 0x54C7, 0x4CC7, 0x4CC7, 0x4CC7, 0x4CC7, 0x4CC7, 0x4CC7, 0x4CC7, 0x4CC7,
    0x4CC7, 0x4CC7, 0x4CA7, 0x4CA7, 0x4CA7, 0x4CA7, 0x9DAB, 0x9DAB, 0x9DAB, 0x9DAB, 0x958B, 0x958B, 0x958B, 0x958B, 0x958B, 0x958B,
    0x958B, 0x958B, 0x958B, 0x958B, 0x958B, 0x958B, 0x958B, 0x8D8B, 0x8D8A, 0x8D8A, 0x8D8A, 0x8D8A, 0x8D8A, 0x8D8A, 0x8D8A, 0x8D6A,
    0x8D6A, 0x8D8A, 0x8D8A, 0x8D8A, 0x8D8A, 0x8D8A, 0x8D8A, 0x858A, 0x858A, 0x858A, 0x858A, 0x858A, 0x858A, 0x858A, 0x858A, 0x858A,
    0x858A, 0x858A, 0x858A, 0x858A, 0x858A, 0x858A, 0x85AA, 0x85AA, 0x85AA, 0x7DAA, 0x7DAA, 0x7D8A, 0x7D8A, 0x7D89, 0x7D89, 0x7D89,
    0x7D89, 0x7D89, 0x7D89, 0x7D89, 0x7D89, 0x7D89, 0x7589, 0x7589, 0x7589, 0x7589, 0x7589, 0x7589, 0x7589, 0x7589, 0x7589, 0x7569,
    0x6D69, 0x6D69, 0x6D69, 0x6D68, 0x6D68, 0x6D68, 0x6D68, 0x6D68, 0x6D68, 0x6D48, 0x6D48, 0x6548, 0x6548, 0x6548, 0x6548, 0x6548,
    0x6528, 0x6528, 0x6528, 0x6528, 0x5D27, 0x5D07, 0x5D27, 0x5D07, 0x5D07, 0x5D07, 0x5D07, 0x5CE7, 0x54E7, 0x54E7, 0x54E7, 0x54E7,
    0x54E7, 0x54E7, 0x54E7, 0x54E7, 0x54E7, 0x54E7, 0x54E7, 0x54C7, 0x4CC7, 0x4CC7, 0x4CC7, 0x4CC7, 0x4CC7, 0x4CC7, 0x4CC7, 0x4CC7,
    0x4CC7, 0x4CC7, 0x4CA7, 0x4CA7, 0x4CA7, 0x4CA7, 0x44A7, 0x9DAB, 0x9DAB, 0x9DAB, 0x958B, 0x958B, 0x958B, 0x958B, 0x958B, 0x958B,
    0x958B, 0x958B, 0x958B, 0x958B, 0x958B, 0x958B, 0x958B, 0x8D8A, 0x8D8A, 0x8D8A, 0x8D8A, 0x8D8A, 0x8D8A, 0x8D8A, 0x8D8A, 0x8D8A,
    0x8D8A, 0x8D8A, 0x8D8A, 0x8D8A, 0x8D8A, 0x8D8A, 0x8D8A, 0x8D8A, 0x8D8A, 0x858A, 0x85AA, 0x85AA, 0x85AA, 0x85AA, 0x85AA, 0x85AA,
    0x85AA, 0x85AA, 0x85AA, 0x85AA, 0x85AA, 0x85AA, 0x85AA, 0x85AA, 0x85AA, 0x85AA, 0x85AA, 0x7DAA, 0x7DAA, 0x7DAA, 0x7DAA, 0x7DA9,
    0x7DA9, 0x7DA9, 0x7DA9, 0x7DA9, 0x7DA9, 0x7D89, 0x7D89, 0x7589, 0x7589, 0x7589, 0x7589, 0x7589, 0x7589, 0x7589, 0x7589, 0x7589,
    0x7589, 0x7589, 0x6D89, 0x6D69, 0x6D68, 0x6D68, 0x6D68, 0x6D68, 0x6D68, 0x6D68, 0x6D68, 0x6D68, 0x6548, 0x6548, 0x6548, 0x6548,
    0x6548, 0x6548, 0x6548, 0x6548, 0x6528, 0x5D27, 0x5D27, 0x5D27, 0x5D27, 0x5D27, 0x5D07, 0x5D07, 0x5D07, 0x5507, 0x54E7, 0x54E7,
    0x54E7, 0x54E7, 0x54E7, 0x54E7, 0x54E7, 0x54E7, 0x54E7, 0x54C7, 0x4CC7, 0x4CC7, 0x4CC7, 0x4CC7, 0x4CC7, 0x4CC7, 0x4CC7, 0x4CC7,
    0x4CC7, 0x4CA7, 0x4CA7, 0x4CA7, 0x4CA7, 0x44A7, 0x44A7, 0x44A7, 0x9DAB, 0x9D8B, 0x958B, 0x958B, 0x958B, 0x958B, 0x958B, 0x958B,
    0x958B, 0x958B, 0x958B, 0x958B, 0x958B, 0x958B, 0x8D8B, 0x8D8A, 0x8D8A, 0x8D8A, 0x8D8A, 0x8D8A, 0x8D8A, 0x8D8A, 0x8D8A, 0x8D8A,
    0x8D8A, 0x8D8A, 0x8D8A, 0x8D8A, 0x8DAA, 0x8DAA, 0x8DAA, 0x8DAA, 0x8DAA, 0x8DAA, 0x8DAA, 0x8DAA, 0x8DAA, 0x85AA, 0x85AA, 0x85AA,
    0x85AA, 0x85AA, 0x85AA, 0x85AA, 0x85AA, 0x85AA, 0x85AA, 0x85AA, 0x85AA, 0x85AA, 0x85AA, 0x85AA, 0x7DAA, 0x7DAA, 0x7DAA, 0x7DAA,
    0x7DAA, 0x7DAA, 0x7DA9, 0x7DA9, 0x7DA9, 0x7DA9, 0x7DA9, 0x7DA9, 0x7DA9, 0x75A9, 0x75A9, 0x7589, 0x7589, 0x7589, 0x7589, 0x7589,
    0x7589, 0x7589, 0x7589, 0x6D89, 0x6D89, 0x6D89, 0x6D89, 0x6D88, 0x6D68, 0x6D68, 0x6D68, 0x6D68, 0x6D68, 0x6568, 0x6568, 0x6568,
    0x6548, 0x6548, 0x6548, 0x6548, 0x6548, 0x6548, 0x5D48, 0x5D27, 0x5D27, 0x5D27, 0x5D27, 0x5D27, 0x5D27, 0x5D07, 0x5507, 0x5507,
    0x5507, 0x5507, 0x54E7, 0x54E7, 0x54E7, 0x54E7, 0x54C7, 0x54C7, 0x4CC7, 0x4CC7, 0x4CC7, 0x4CC7, 0x4CC7, 0x4CC7, 0x4CC7, 0x4CC7,
    0x4CC7, 0x4CA7, 0x4CA7, 0x4CA7, 0x4CA7, 0x4CA7, 0x44A7, 0x44A7, 0x44A7, 0x9D8B, 0x958B, 0x958B, 0x958B, 0x958B, 0x958B, 0x958B,
    0x958B, 0x958B, 0x958B, 0x958B, 0x958B, 0x958B, 0x8D8B, 0x8D8A, 0x8D8A, 0x8D8A, 0x8D8A, 0x8D8A, 0x8D8A, 0x8D8A, 0x8D8A, 0x8D8A,
    0x8D8A, 0x8DAA, 0x8DAA, 0x8DAA, 0x8DAA, 0x8DAA, 0x8DAA, 0x8DAA, 0x8DAA, 0x8DAA, 0x8DAA, 0x8DAA, 0x8DAA, 0x8DAA, 0x85AA, 0x85AA,
    0x85AA, 0x85AA, 0x85CA, 0x85AA, 0x85AA, 0x85CA, 0x85CA, 0x85AA, 0x85CA, 0x85CA, 0x85AA, 0x85AA, 0x85CA, 0x85AA, 0x7DAA, 0x7DAA,
    0x7DAA, 0x7DAA, 0x7DAA, 0x7DAA, 0x7DA9, 0x7DA9, 0x7DA9, 0x7DA9, 0x7DA9, 0x7DA9, 0x75A9, 0x75A9, 0x75A9, 0x75A9, 0x75A9, 0x75A9,
    0x7589, 0x7589, 0x7589, 0x7589, 0x7589, 0x6D89, 0x6D89, 0x6D89, 0x6D88, 0x6D88, 0x6D88, 0x6D68, 0x6D68, 0x6D68, 0x6568, 0x6568,
    0x6568, 0x6568, 0x6568, 0x6548, 0x6548, 0x6548, 0x6548, 0x5D48, 0x5D47, 0x5D47, 0x5D27, 0x5D27, 0x5D27, 0x5D27, 0x5D27, 0x5D07,
    0x5507, 0x5507, 0x5507, 0x5507, 0x54E7, 0x54E7, 0x54E7, 0x54E7, 0x4CC7, 0x4CC7, 0x4CC7, 0x4CC7, 0x4CC7, 0x4CC7, 0x4CC7, 0x4CC7,
    0x4CC7, 0x4CA7, 0x4CA7, 0x4CA7, 0x4CA7, 0x44A7, 0x44A7, 0x44A7, 0x44A7, 0x44A7, 0x958B, 0x958B, 0x958B, 0x958B, 0x958B, 0x958B,
    0x958B, 0x958B, 0x958B, 0x958B, 0x958B, 0x958B, 0x958B, 0x8D8A, 0x8D8A, 0x8D8A, 0x8D8A, 0x8D8A, 0x8D8A, 0x8D8A, 0x8D8A, 0x8DAA,
    0x8DAA, 0x8DAA, 0x8DAA, 0x8DAA, 0x8DAA, 0x8DAA, 0x8DAA, 0x8DAA, 0x8DAA, 0x8DAA, 0x8DAA, 0x8DCA, 0x8DCA, 0x8DCA, 0x8DCA, 0x8DCA,
    0x85CA, 0x85CA, 0x85CA, 0x85CA, 0x85CA, 0x85CA, 0x85CA, 0x85CA, 0x85CA, 0x85CA, 0x85CA, 0x85CA, 0x85CA, 0x85CA, 0x85CA, 0x7DCA,
    0x7DCA, 0x7DCA, 0x7DCA, 0x7DCA, 0x7DCA, 0x7DC9, 0x7DC9, 0x7DC9, 0x7DC9, 0x7DC9, 0x7DC9, 0x7DA9, 0x75A9, 0x75A9, 0x75A9, 0x75A9,
    0x75A9, 0x75A9, 0x75A9, 0x75A9, 0x75A9, 0x7589, 0x6D89, 0x6D89, 0x6D89, 0x6D88, 0x6D88, 0x6D88, 0x6D88, 0x6D88, 0x6D68, 0x6568,
    0x6568, 0x6568, 0x6568, 0x6568, 0x6568, 0x6568, 0x6548, 0x6548, 0x5D48, 0x5D47, 0x5D47, 0x5D47, 0x5D27, 0x5D27, 0x5D27, 0x5D27,
    0x5D27, 0x5527, 0x5507, 0x5507, 0x5507, 0x5507, 0x54E7, 0x54E7, 0x54E7, 0x54E7, 0x4CC7, 0x4CC7, 0x4CC7, 0x4CC7, 0x4CC7, 0x4CC7,
    0x4CC7, 0x4CA7, 0x4CA7, 0x4CA7, 0x4CA7, 0x4CA7, 0x44A7, 0x44A7, 0x44A7, 0x44A7, 0x44A7, 0x958B, 0x958B, 0x958B, 0x958B, 0x958B,
    0x958B, 0x958B, 0x958B, 0x958B, 0x958B, 0x958B, 0x958B, 0x8D8A, 0x8D8A, 0x8D8A, 0x8D8B, 0x8D8B, 0x8D8A, 0x8D8A, 0x8DAA, 0x8DAA,
    0x8DAA, 0x8DAA, 0x8DAA, 0x8DAA, 0x8DAA, 0x8DAA, 0x8DAA, 0x8DCA, 0x8DCA, 0x8DCA, 0x8DCA, 0x8DCA, 0x8DCA, 0x8DCA, 0x8DCA, 0x8DCA,
    0x8DCA, 0x8DCA, 0x8DCA, 0x85CA, 0x85CA, 0x85CA, 0x85CA, 0x85CA, 0x85CA, 0x85CA, 0x85CA, 0x85CA, 0x85CA, 0x85CA, 0x85CA, 0x85CA,
    0x85CA, 0x7DCA, 0x7DCA, 0x7DCA, 0x7DCA, 0x7DCA, 0x7DCA, 0x7DC9, 0x7DC9, 0x7DC9, 0x7DC9, 0x7DC9, 0x7DC9, 0x75C9, 0x75C9, 0x75A9,
    0x75A9, 0x75A9, 0x75A9, 0x75A9, 0x75A9, 0x75A9, 0x75A9, 0x6DA9, 0x6DA9, 0x6D89, 0x6D88, 0x6D88, 0x6D88, 0x6D88, 0x6D88, 0x6D88,
    0x6D88, 0x6568, 0x6568, 0x6568, 0x6568, 0x6568, 0x6568, 0x6568, 0x6568, 0x5D48, 0x5D47, 0x5D47, 0x5D47, 0x5D47, 0x5D47, 0x5D27,
    0x5D27, 0x5D27, 0x5527, 0x5507, 0x5507, 0x5507, 0x5507, 0x5507, 0x54E7, 0x54E7, 0x4CE7, 0x4CE7, 0x4CC7, 0x4CC7, 0x4CC7, 0x4CC7,
    0x4CC7, 0x4CA7, 0x4CA7, 0x4CA7, 0x4CA7, 0x4CA7, 0x44A7, 0x44A7, 0x44A7, 0x44A7, 0x44A7, 0x44A7, 0x958B, 0x958B, 0x958B, 0x958B,
    0x958B, 0x958B, 0x958B, 0x958B, 0x958B, 0x958B, 0x958B, 0x8D8B, 0x8D8B, 0x8D8B, 0x8D8B, 0x8D8B, 0x8D8B, 0x8DAB, 0x8DAB, 0x8DAB,
    0x8DAB, 0x8DAB, 0x8DAB, 0x8DAB, 0x8DAB, 0x8DCB, 0x8DCA, 0x8DCA, 0x8DCA, 0x8DCA, 0x8DCA, 0x8DCA, 0x8DCA, 0x8DCA, 0x8DCA, 0x8DCA,
    0x8DCA, 0x8DCA, 0x8DCA, 0x8DCA, 0x85CA, 0x85EA, 0x85EA, 0x85CA, 0x85EA, 0x85EA, 0x85CA, 0x85CA, 0x85EA, 0x85CA, 0x85CA, 0x85CA,
    0x85EA, 0x85CA, 0x85CA, 0x7DCA, 0x7DCA, 0x7DCA, 0x7DCA, 0x7DCA, 0x7DCA, 0x7DC9, 0x7DC9, 0x7DC9, 0x7DC9, 0x7DC9, 0x75C9, 0x75C9,
    0x75C9, 0x75C9, 0x75C9, 0x75A9, 0x75A9, 0x75A9, 0x75A9, 0x75A9, 0x6DA9, 0x6DA9, 0x6DA9, 0x6DA9, 0x6DA8, 0x6D88, 0x6D88, 0x6D88,
    0x6D88, 0x6D88, 0x6588, 0x6588, 0x6568, 0x6568, 0x6568, 0x6568, 0x6568, 0x6568, 0x5D68, 0x5D48, 0x5D47, 0x5D47, 0x5D47, 0x5D47,
    0x5D47, 0x5D27, 0x5527, 0x5527, 0x5527, 0x5507, 0x5507, 0x5507, 0x5507, 0x5507, 0x54E7, 0x54E7, 0x4CE7, 0x4CE7, 0x4CC7, 0x4CC7,
    0x4CC7, 0x4CA7, 0x4CA7, 0x4CA7, 0x4CA7, 0x4CA7, 0x44A7, 0x44A7, 0x44A7, 0x44A7, 0x44A7, 0x44A7, 0x4487, 0x958B, 0x958B, 0x958B,
    0x958B, 0x958B, 0x958B, 0x958B, 0x958B, 0x958B, 0x8D8B, 0x958B, 0x8D8B, 0x8D8B, 0x958B, 0x8D8B, 0x8DAB, 0x8DAB, 0x8DAB, 0x8DAB,
    0x8DAB, 0x8DAB, 0x8DAB, 0x8DAB, 0x8DCB, 0x8DCB, 0x8DCB, 0x8DCB, 0x8DCB, 0x8DCB, 0x8DCB, 0x8DCA, 0x8DCA, 0x8DCA, 0x8DCA, 0x8DCA,
    0x8DEA, 0x8DEA, 0x8DEA, 0x8DEA, 0x8DEA, 0x8DEA, 0x85EA, 0x85EA, 0x85EA, 0x85EA, 0x85EA, 0x85EA, 0x85EA, 0x85EA, 0x85EA, 0x85EA,
    0x85EA, 0x85EA, 0x85EA, 0x85EA, 0x7DEA, 0x7DEA, 0x7DEA, 0x7DEA, 0x7DCA, 0x7DCA, 0x7DC9, 0x7DC9, 0x7DC9, 0x7DC9, 0x7DC9, 0x75C9,
    0x75C9, 0x75C9, 0x75C9, 0x75C9, 0x75C9, 0x75C9, 0x75C9, 0x75C9, 0x75A9, 0x6DA9, 0x6DA9, 0x6DA9, 0x6DA9, 0x6DA8, 0x6DA8, 0x6DA8,
    0x6DA8, 0x6D88, 0x6D88, 0x6588, 0x6588, 0x6588, 0x6588, 0x6568, 0x6568, 0x6568, 0x6568, 0x5D68, 0x5D68, 0x5D68, 0x5D48, 0x5D47,
    0x5D47, 0x5D47, 0x5D47, 0x5D27, 0x5527, 0x5527, 0x5527, 0x5507, 0x5507, 0x5507, 0x5507, 0x54E7, 0x54E7, 0x4CE7, 0x4CE7, 0x4CC7,
    0x4CC7, 0x4CC7, 0x4CC7, 0x4CA7, 0x4CA7, 0x4CA7, 0x44A7, 0x44A7, 0x44A7, 0x44A7, 0x44A7, 0x44A7, 0x4487, 0x4487, 0x958B, 0x958B,
    0x958B, 0x958B, 0x958B, 0x958B, 0x958B, 0x958B, 0x958B, 0x958B, 0x958B, 0x95AB, 0x95AB, 0x95AB, 0x95AB, 0x95AB, 0x95AB, 0x95AB,
    0x95CB, 0x8DCB, 0x8DCB, 0x8DCB, 0x8DCB, 0x8DCB, 0x8DCB, 0x8DCB, 0x8DCB, 0x8DCB, 0x8DCB, 0x8DCB, 0x8DCB, 0x8DCA, 0x8DEB, 0x8DEA,
    0x8DEA, 0x8DEA, 0x8DEA, 0x8DEA, 0x8DEA, 0x8DEA, 0x8DEA, 0x8DEA, 0x8DEA, 0x85EA, 0x85EA, 0x85EA, 0x85EA, 0x85EA, 0x85EA, 0x85EA,
    0x85EA, 0x85EA, 0x85EA, 0x85EA, 0x85EA, 0x7DEA, 0x7DEA, 0x7DEA, 0x7DEA, 0x7DEA, 0x7DEA, 0x7DEA, 0x7DEA, 0x7DE9, 0x7DE9, 0x7DC9,
    0x75C9, 0x75C9, 0x75C9, 0x75C9, 0x75C9, 0x75C9, 0x75C9, 0x75C9, 0x75C9, 0x75C9, 0x75C9, 0x6DC9, 0x6DA9, 0x6DA9, 0x6DA8, 0x6DA8,
    0x6DA8, 0x6DA8, 0x6DA8, 0x6DA8, 0x65A8, 0x6588, 0x6588, 0x6588, 0x6588, 0x6588, 0x6588, 0x6568, 0x5D68, 0x5D68, 0x5D68, 0x5D68,
    0x5D48, 0x5D48, 0x5D48, 0x5D47, 0x5D47, 0x5527, 0x5528, 0x5527, 0x5527, 0x5527, 0x5507, 0x5507, 0x5507, 0x5507, 0x4CE7, 0x4CE7,
    0x4CE7, 0x4CE7, 0x4CC7, 0x4CC7, 0x4CC7, 0x4CA7, 0x4CA7, 0x44A7, 0x44A7, 0x44A7, 0x44A7, 0x44A7, 0x4487, 0x4487, 0x4487, 0x958B,
    0x958B, 0x958B, 0x958B, 0x958B, 0x958B, 0x958B, 0x958B, 0x958B, 0x95AB, 0x95AB, 0x95AB, 0x95AB, 0x95AB, 0x95AB, 0x95AB, 0x95CB,
    0x95CB, 0x95CB, 0x95CB, 0x8DCB, 0x8DCB, 0x8DCB, 0x8DCB, 0x8DCB, 0x8DEB, 0x8DCB, 0x8DEB, 0x8DEB, 0x8DEB, 0x8DEB, 0x8DEB, 0x8DEB,
    0x8DEB, 0x8DEA, 0x8DEA, 0x8DEA, 0x8DEA, 0x8DEA, 0x8DEA, 0x8DEA, 0x8DEA, 0x85EA, 0x85EA, 0x85EA, 0x85EA, 0x85EA, 0x85EA, 0x85EA,
    0x85EA, 0x85EA, 0x85EA, 0x85EA, 0x85EA, 0x85EA, 0x85EA, 0x7DEA, 0x7DEA, 0x7DEA, 0x7DEA, 0x7DEA, 0x7DEA, 0x7DEA, 0x7DE9, 0x7DE9,
    0x7DE9, 0x75E9, 0x75E9, 0x75E9, 0x75E9, 0x75C9, 0x75C9, 0x75C9, 0x75C9, 0x75C9, 0x75C9, 0x6DC9, 0x6DC9, 0x6DC9, 0x6DC9, 0x6DC9,
    0x6DA8, 0x6DA8, 0x6DA8, 0x6DA8, 0x6DA8, 0x65A8, 0x65A8, 0x65A8, 0x6588, 0x6588, 0x6588, 0x6588, 0x6588, 0x5D68, 0x5D68, 0x5D68,
    0x5D68, 0x5D68, 0x5D68, 0x5D48, 0x5D48, 0x5D48, 0x5548, 0x5528, 0x5528, 0x5528, 0x5528, 0x5527, 0x5507, 0x5507, 0x5507, 0x4D07,
    0x4CE7, 0x4CE7, 0x4CE7, 0x4CE7, 0x4CC7, 0x4CC7, 0x4CC7, 0x44A7, 0x44A7, 0x44A7, 0x44A7, 0x44A7, 0x4487, 0x4487, 0x4487, 0x4487,
    0x958B, 0x958B, 0x958B, 0x958B, 0x958B, 0x958B, 0x95AB, 0x95AB, 0x95AB, 0x95AB, 0x95AB, 0x95AB, 0x95AB, 0x95CB, 0x95CB, 0x95CB,
    0x95CB, 0x95CB, 0x95CB, 0x95CB, 0x95CB, 0x95CB, 0x95EB, 0x8DEB, 0x8DEB, 0x8DEB, 0x8DEB, 0x8DEB, 0x8DEB, 0x8DEB, 0x8DEB, 0x8DEB,
    0x8DEB, 0x8DEB, 0x8DEB, 0x8DEA, 0x8E0B, 0x8E0A, 0x8E0A, 0x8DEA, 0x8E0A, 0x8E0A, 0x860A, 0x860A, 0x860A, 0x860A, 0x860A, 0x860A,
    0x860A, 0x860A, 0x860A, 0x860A, 0x860A, 0x85EA, 0x860A, 0x860A, 0x7DEA, 0x7DEA, 0x7DEA, 0x7DEA, 0x7DEA, 0x7E0A, 0x7DEA, 0x7DE9,
    0x7DE9, 0x7DE9, 0x7DE9, 0x75E9, 0x75E9, 0x75E9, 0x75E9, 0x75E9, 0x75E9, 0x75C9, 0x75C9, 0x75C9, 0x75C9, 0x6DC9, 0x6DC9, 0x6DC9,
    0x6DC9, 0x6DC8, 0x6DC8, 0x6DA8, 0x6DA8, 0x6DA8, 0x65A8, 0x65A8, 0x65A8, 0x65A8, 0x6588, 0x6588, 0x6588, 0x6588, 0x5D88, 0x5D88,
    0x5D68, 0x5D68, 0x5D68, 0x5D68, 0x5D68, 0x5D48, 0x5D48, 0x5548, 0x5548, 0x5548, 0x5528, 0x5528, 0x5528, 0x5528, 0x5508, 0x5508,
    0x4D08, 0x4D08, 0x4CE7, 0x4CE7, 0x4CE7, 0x4CC7, 0x4CC7, 0x4CC7, 0x4CC7, 0x44C7, 0x44A7, 0x44A7, 0x44A7, 0x4487, 0x4487, 0x4487,
    0x4487, 0x958B, 0x958B, 0x958B, 0x958B, 0x95AB, 0x95AB, 0x95AB, 0x95AB, 0x95AB, 0x95AB, 0x95AB, 0x95CB, 0x95CB, 0x95CB, 0x95CB,
    0x95CB, 0x95CB, 0x95CB, 0x95CB, 0x95EB, 0x95EB, 0x95EB, 0x95EB, 0x95EB, 0x95EB, 0x8DEB, 0x8DEB, 0x8DEB, 0x8DEB, 0x8E0B, 0x8DEB,
    0x8E0B, 0x8E0B, 0x8E0B, 0x8E0B, 0x8E0B, 0x8E0B, 0x8E0A, 0x8E0A, 0x8E0A, 0x8E0A, 0x8E0A, 0x8E0A, 0x860A, 0x860A, 0x860A, 0x860A,
    0x860A, 0x860A, 0x860A, 0x860A, 0x860A, 0x860A, 0x860A, 0x860A, 0x860A, 0x860A, 0x7E0A, 0x7E0A, 0x7E0A, 0x7E0A, 0x7E0A, 0x7E0A,
    0x7E09, 0x7E09, 0x7DE9, 0x7DE9, 0x75E9, 0x75E9, 0x75E9, 0x75E9, 0x75E9, 0x75E9, 0x75E9, 0x75E9, 0x75C9, 0x75C9, 0x6DC9, 0x6DC9,
    0x6DC9, 0x6DC9, 0x6DC8, 0x6DC8, 0x6DC8, 0x6DC8, 0x6DC8, 0x65A8, 0x65A8, 0x65A8, 0x65A8, 0x65A8, 0x65A8, 0x65A8, 0x6588, 0x5D88,
    0x5D88, 0x5D88, 0x5D68, 0x5D68, 0x5D68, 0x5D68, 0x5D68, 0x5D48, 0x5548, 0x5548, 0x5548, 0x5528, 0x5528, 0x5528, 0x5528, 0x5528,
    0x5508, 0x4D08, 0x4D08, 0x4D08, 0x4CE8, 0x4CE7, 0x4CE8, 0x4CE7, 0x4CC7, 0x44C7, 0x44C7, 0x44A7, 0x44A7, 0x44A7, 0x44A7, 0x44A7,
    0x4487, 0x4487, 0x958B, 0x958B, 0x958B, 0x95AB, 0x95AB, 0x95AB, 0x95AB, 0x95AB, 0x95AB, 0x95CB, 0x95CB, 0x95CB, 0x95CB, 0x95CB,
    0x95CB, 0x95CB, 0x95EB, 0x95EB, 0x95EB, 0x95EB, 0x95EB, 0x95EB, 0x95EB, 0x95EB, 0x8DEB, 0x8E0B, 0x8E0B, 0x8E0B, 0x8E0B, 0x8E0B,
    0x8E0B, 0x8E0B, 0x8E0B, 0x8E0B, 0x8E0B, 0x8E0B, 0x8E0B, 0x8E0B, 0x8E0A, 0x8E0A, 0x8E0A, 0x8E0A, 0x8E0A, 0x860A, 0x860A, 0x860A,
    0x860A, 0x860A, 0x860A, 0x860A, 0x860A, 0x860A, 0x860A, 0x860A, 0x860A, 0x860A, 0x860A, 0x7E0A, 0x7E0A, 0x7E0A, 0x7E0A, 0x7E0A,
    0x7E0A, 0x7E0A, 0x7E09, 0x7E09, 0x7E09, 0x7609, 0x75E9, 0x75E9, 0x75E9, 0x75E9, 0x75E9, 0x75E9, 0x75E9, 0x75E9, 0x6DE9, 0x6DE9,
    0x6DC9, 0x6DC9, 0x6DC9, 0x6DC8, 0x6DC8, 0x6DC8, 0x6DC8, 0x6DC8, 0x65C8, 0x65C8, 0x65A8, 0x65A8, 0x65A8, 0x65A8, 0x65A8, 0x65A8,
    0x6588, 0x5D88, 0x5D88, 0x5D88, 0x5D68, 0x5D68, 0x5D68, 0x5D68, 0x5D68, 0x5548, 0x5548, 0x5548, 0x5548, 0x5528, 0x5528, 0x5528,
    0x5528, 0x5508, 0x4D08, 0x4D08, 0x4D08, 0x4D08, 0x4CE8, 0x4CE8, 0x4CE8, 0x4CE8, 0x44C7, 0x44C7, 0x44C7, 0x44A7, 0x44A7, 0x44A7,
    0x44A7, 0x4487, 0x4487, 0x958B, 0x95AB, 0x95AB, 0x95AB, 0x95AB, 0x95AB, 0x95CB, 0x95CB, 0x95CB, 0x95CB, 0x95CB, 0x95CB, 0x95CB,
    0x95EB, 0x95EB, 0x95EB, 0x95EB, 0x95EB, 0x95EB, 0x95EB, 0x95EB, 0x95EB, 0x95EB, 0x960B, 0x960B, 0x960B, 0x960B, 0x960B, 0x8E0B,
    0x8E0B, 0x8E0B, 0x8E0B, 0x8E0B, 0x8E0B, 0x8E0B, 0x8E0B, 0x8E0B, 0x8E0B, 0x8E2B, 0x8E0A, 0x8E2A, 0x8E2A, 0x8E0A, 0x862A, 0x862A,
    0x862A, 0x860A, 0x862A, 0x862A, 0x860A, 0x860A, 0x862A, 0x862A, 0x860A, 0x860A, 0x860A, 0x7E0A, 0x7E0A, 0x7E0A, 0x7E0A, 0x7E0A,
    0x7E0A, 0x7E0A, 0x7E0A, 0x7E09, 0x7E09, 0x7E09, 0x7609, 0x7609, 0x7609, 0x7609, 0x7609, 0x75E9, 0x75E9, 0x75E9, 0x75E9, 0x75E9,
    0x6DE9, 0x6DE9, 0x6DE9, 0x6DC9, 0x6DC9, 0x6DC8, 0x6DC8, 0x6DC8, 0x6DC8, 0x65C8, 0x65C8, 0x65C8, 0x65A8, 0x65A8, 0x65A8, 0x65A8,
    0x65A8, 0x5DA8, 0x5D88, 0x5D88, 0x5D88, 0x5D88, 0x5D68, 0x5D68, 0x5D68, 0x5D68, 0x5568, 0x5548, 0x5548, 0x5548, 0x5548, 0x5528,
    0x5528, 0x5528, 0x5528, 0x4D08, 0x4D08, 0x4D08, 0x4D08, 0x4D08, 0x4CE8, 0x4CE8, 0x4CE8, 0x44C8, 0x44C8, 0x44C7, 0x44C7, 0x44A7,
    0x44A7, 0x44A7, 0x44A7, 0x4487, 0x95AB, 0x95AB, 0x95AB, 0x95AB, 0x95AB, 0x95CB, 0x95CB, 0x95CB, 0x95CB, 0x95CB, 0x95CB, 0x95CB,
    0x95EB, 0x95EB, 0x95EB, 0x95EB, 0x95EB, 0x95EB, 0x95EB, 0x960B, 0x960B, 0x960B, 0x960B, 0x960B, 0x960B, 0x960B, 0x960B, 0x960B,
    0x8E0B, 0x8E0B, 0x8E2B, 0x8E0B, 0x8E2B, 0x8E2B, 0x8E2B, 0x8E2B, 0x8E2B, 0x8E2B, 0x8E2B, 0x8E2B, 0x8E2B, 0x8E2A, 0x8E2A, 0x8E2A,
    0x862A, 0x862A, 0x862A, 0x862A, 0x862A, 0x862A, 0x862A, 0x862A, 0x862A, 0x862A, 0x862A, 0x862A, 0x7E2A, 0x7E2A, 0x7E2A, 0x7E0A,
    0x7E2A, 0x7E0A, 0x7E0A, 0x7E0A, 0x7E09, 0x7E09, 0x7E09, 0x7609, 0x7609, 0x7609, 0x7609, 0x7609, 0x75E9, 0x75E9, 0x75E9, 0x75E9,
    0x75E9, 0x6DE9, 0x6DE9, 0x6DE9, 0x6DE9, 0x6DE9, 0x6DE8, 0x6DC8, 0x6DC8, 0x6DC8, 0x65C8, 0x65C8, 0x65C8, 0x65C8, 0x65A8, 0x65A8,
    0x65A8, 0x65A8, 0x5DA8, 0x5DA8, 0x5D88, 0x5D88, 0x5D88, 0x5D88, 0x5D68, 0x5D68, 0x5D68, 0x5568, 0x5568, 0x5548, 0x5548, 0x5548,
    0x5548, 0x5528, 0x5528, 0x5528, 0x4D28, 0x4D08, 0x4D08, 0x4D08, 0x4D08, 0x4CE8, 0x4CE8, 0x4CE8, 0x44E8, 0x44C8, 0x44C8, 0x44C8,
    0x44C8, 0x44A7, 0x44A7, 0x44A7, 0x44A7, 0x95AB, 0x95AB, 0x95AB, 0x95CB, 0x95CB, 0x95CB, 0x95CB, 0x95CB, 0x95CB, 0x95EB, 0x95EB,
    0x95EB, 0x95EB, 0x95EB, 0x95EB, 0x960B, 0x95EB, 0x960B, 0x960B, 0x960B, 0x960B, 0x960B, 0x960B, 0x960B, 0x960B, 0x960B, 0x960B,
    0x8E2B, 0x8E2B, 0x8E2B, 0x8E2B, 0x8E2B, 0x8E2B, 0x8E2B, 0x8E2B, 0x8E2B, 0x8E2B, 0x8E2B, 0x8E2B, 0x8E2B, 0x8E2B, 0x8E2A, 0x8E2A,
    0x8E2A, 0x8E2A, 0x862A, 0x862A, 0x862A, 0x862A, 0x862A, 0x862A, 0x862A, 0x862A, 0x862A, 0x862A, 0x862A, 0x862A, 0x7E2A, 0x7E2A,
    0x7E2A, 0x7E2A, 0x7E2A, 0x7E2A, 0x7E2A, 0x7E09, 0x7E09, 0x7E09, 0x7609, 0x7609, 0x7609, 0x7609, 0x7609, 0x7609, 0x7609, 0x7609,
    0x75E9, 0x75E9, 0x6DE9, 0x6DE9, 0x6DE9, 0x6DE9, 0x6DE9, 0x6DE8, 0x6DE8, 0x6DE8, 0x6DC8, 0x65C8, 0x65C8, 0x65C8, 0x65C8, 0x65C8,
    0x65A8, 0x65A8, 0x65A8, 0x5DA8, 0x5DA8, 0x5DA8, 0x5D88, 0x5D88, 0x5D88, 0x5D88, 0x5D68, 0x5D68, 0x5568, 0x5568, 0x5568, 0x5548,
    0x5548, 0x5548, 0x5548, 0x5528, 0x5528, 0x4D28, 0x4D28, 0x4D08, 0x4D08, 0x4D08, 0x4D08, 0x4CE8, 0x4CE8, 0x44E8, 0x44E8, 0x44C8,
    0x44C8, 0x44C8, 0x44A8, 0x44A8, 0x44A7, 0x44A7, 0x95AB, 0x95CB, 0x95CB, 0x95CB, 0x95CB, 0x95CB, 0x95EB, 0x95EB, 0x95EB, 0x95EB,
    0x95EB, 0x95EB, 0x95EB, 0x960B, 0x960B, 0x960B, 0x960B, 0x960B, 0x960B, 0x960B, 0x960B, 0x960B, 0x960B, 0x962B, 0x962B, 0x962B,
    0x962B, 0x962B, 0x962B, 0x8E2B, 0x8E2B, 0x8E2B, 0x8E2B, 0x8E2B, 0x8E2B, 0x8E2B, 0x8E2B, 0x8E2B, 0x8E2B, 0x8E2B, 0x8E2A, 0x8E2A,
    0x8E2A, 0x8E2A, 0x8E2A, 0x862A, 0x862A, 0x862A, 0x862A, 0x862A, 0x862A, 0x862A, 0x862A, 0x862A, 0x862A, 0x862A, 0x7E2A, 0x7E2A,
    0x7E2A, 0x7E2A, 0x7E2A, 0x7E2A, 0x7E2A, 0x7E2A, 0x7E29, 0x7E29, 0x7E29, 0x7609, 0x7609, 0x7609, 0x7609, 0x7609, 0x7609, 0x7609,
    0x7609, 0x7609, 0x6E09, 0x6E09, 0x6DE9, 0x6DE9, 0x6DE9, 0x6DE9, 0x6DE8, 0x6DE8, 0x6DE8, 0x65E8, 0x65E8, 0x65E8, 0x65C8, 0x65C8,
    0x65C8, 0x65C8, 0x65C8, 0x65A8, 0x5DA8, 0x5DA8, 0x5DA8, 0x5D88, 0x5D88, 0x5D88, 0x5D88, 0x5D88, 0x5D68, 0x5568, 0x5568, 0x5568,
    0x5568, 0x5548, 0x5548, 0x5548, 0x5548, 0x5528, 0x4D28, 0x4D28, 0x4D28, 0x4D08, 0x4D08, 0x4D08, 0x4D08, 0x4CE8, 0x44E8, 0x44E8,
    0x44E8, 0x44C8, 0x44C8, 0x44C8, 0x44A8, 0x44A8, 0x3CA8, 0x95CB, 0x95CB, 0x95CB, 0x95CB, 0x95CB, 0x95EB, 0x95EB, 0x95EB, 0x95EB,
    0x95EB, 0x95EB, 0x95EB, 0x960B, 0x960B, 0x960B, 0x960B, 0x960B, 0x960B, 0x960B, 0x962B, 0x962B, 0x962B, 0x962B, 0x962B, 0x962B,
    0x962B, 0x962B, 0x962B, 0x8E2B, 0x8E2B, 0x8E2B, 0x8E2B, 0x8E2B, 0x8E2B, 0x8E2B, 0x8E2B, 0x8E2B, 0x8E2B, 0x8E2B, 0x8E2B, 0x8E4B,
    0x8E2B, 0x8E2A, 0x8E4A, 0x8E4A, 0x862A, 0x862A, 0x864A, 0x864A, 0x862A, 0x864A, 0x864A, 0x862A, 0x862A, 0x862A, 0x862A, 0x862A,
    0x7E2A, 0x7E2A, 0x7E2A, 0x7E2A, 0x7E2A, 0x7E2A, 0x7E2A, 0x7E2A, 0x7E29, 0x7E29, 0x7629, 0x7629, 0x7629, 0x7609, 0x7609, 0x7609,
    0x7609, 0x7609, 0x7609, 0x6E09, 0x6E09, 0x6E09, 0x6E09, 0x6DE9, 0x6DE9, 0x6DE8, 0x6DE8, 0x6DE8, 0x65E8, 0x65E8, 0x65E8, 0x65C8,
    0x65C8, 0x65C8, 0x65C8, 0x65C8, 0x65C8, 0x5DA8, 0x5DA8, 0x5DA8, 0x5DA8, 0x5DA8, 0x5D88, 0x5D88, 0x5D88, 0x5D88, 0x5568, 0x5568,
    0x5568, 0x5568, 0x5568, 0x5548, 0x5548, 0x5548, 0x4D48, 0x4D28, 0x4D28, 0x4D28, 0x4D28, 0x4D08, 0x4D08, 0x4D08, 0x4D08, 0x44E8,
    0x44E8, 0x44E8, 0x44C8, 0x44C8, 0x44C8, 0x44C8, 0x44A8, 0x44A8, 0x95CB, 0x95CB, 0x95CB, 0x95EB, 0x95EB, 0x95EB, 0x95EB, 0x95EB,
    0x95EB, 0x960B, 0x960B, 0x960B, 0x960B, 0x960B, 0x960B, 0x960B, 0x960B, 0x962B, 0x962B, 0x962B, 0x962B, 0x962B, 0x962B, 0x962B,
    0x962B, 0x962B, 0x962B, 0x962B, 0x962B, 0x962B, 0x8E2B, 0x8E2B, 0x8E4B, 0x8E4B, 0x8E4B, 0x8E4B, 0x8E4B, 0x8E4B, 0x8E4B, 0x8E4B,
    0x8E4B, 0x8E4B, 0x8E4A, 0x8E4A, 0x864A, 0x864A, 0x864A, 0x864A, 0x864A, 0x864A, 0x864A, 0x864A, 0x864A, 0x864A, 0x864A, 0x864A,
    0x864A, 0x7E4A, 0x7E2A, 0x7E2A, 0x7E2A, 0x7E2A, 0x7E2A, 0x7E2A, 0x7E29, 0x7E29, 0x7E29, 0x7629, 0x7629, 0x7629, 0x7629, 0x7629,
    0x7629, 0x7629, 0x7629, 0x7609, 0x6E09, 0x6E09, 0x6E09, 0x6E09, 0x6E09, 0x6E09, 0x6DE9, 0x6DE8, 0x6DE8, 0x65E8, 0x65E8, 0x65E8,
    0x65E8, 0x65E8, 0x65C8, 0x65C8, 0x65C8, 0x65C8, 0x5DC8, 0x5DA8, 0x5DA8, 0x5DA8, 0x5DA8, 0x5D88, 0x5D88, 0x5D88, 0x5D88, 0x5588,
    0x5568, 0x5568, 0x5568, 0x5568, 0x5568, 0x5548, 0x5548, 0x4D48, 0x4D48, 0x4D28, 0x4D28, 0x4D28, 0x4D28, 0x4D08, 0x4D08, 0x4D08,
    0x4508, 0x44E8, 0x44E8, 0x44E8, 0x44C8, 0x44C8, 0x44C8, 0x44C8, 0x3CA8, 0x95CB, 0x95EB, 0x95EB, 0x95EB, 0x95EB, 0x95EB, 0x95EB,
    0x960B, 0x960B, 0x960B, 0x960B, 0x960B, 0x960B, 0x960B, 0x960B, 0x962B, 0x962B, 0x962B, 0x962B, 0x962B, 0x962B, 0x962B, 0x962B,
    0x962B, 0x962B, 0x962B, 0x962B, 0x964B, 0x964B, 0x8E4B, 0x8E4B, 0x8E4B, 0x8E4B, 0x8E4B, 0x8E4B, 0x8E4B, 0x8E4B, 0x8E4B, 0x8E4B,
    0x8E4B, 0x8E4B, 0x8E4B, 0x8E4B, 0x8E4A, 0x8E4A, 0x864A, 0x864A, 0x864A, 0x864A, 0x864A, 0x864A, 0x864A, 0x864A, 0x864A, 0x864A,
    0x864A, 0x7E4A, 0x7E4A, 0x7E4A, 0x7E4A, 0x7E4A, 0x7E4A, 0x7E4A, 0x7E4A, 0x7E2A, 0x7E29, 0x7E29, 0x7629, 0x7629, 0x7629, 0x7629,
    0x7629, 0x7629, 0x7629, 0x7629, 0x7629, 0x6E29, 0x6E09, 0x6E09, 0x6E09, 0x6E09, 0x6E09, 0x6E08, 0x6E08, 0x6DE8, 0x65E8, 0x65E8,
    0x65E8, 0x65E8, 0x65E8, 0x65E8, 0x65C8, 0x65C8, 0x65C8, 0x5DC8, 0x5DC8, 0x5DA8, 0x5DA8, 0x5DA8, 0x5DA8, 0x5D88, 0x5D88, 0x5D88,
    0x5588, 0x5588, 0x5568, 0x5568, 0x5568, 0x5568, 0x5568, 0x5548, 0x4D48, 0x4D48, 0x4D48, 0x4D28, 0x4D28, 0x4D28, 0x4D28, 0x4D08,
    0x4D08, 0x4508, 0x44E8, 0x44E8, 0x44E8, 0x44E8, 0x44C8, 0x44C8, 0x44C8, 0x3CA8, 0x95EB, 0x95EB, 0x95EB, 0x95EB, 0x95EB, 0x960B,
    0x960B, 0x960B, 0x960B, 0x960B, 0x960B, 0x960B, 0x960B, 0x962B, 0x962B, 0x962B, 0x962B, 0x962B, 0x962B, 0x962B, 0x962B, 0x962B,
    0x962B, 0x964B, 0x964B, 0x964B, 0x964B, 0x964B, 0x964B, 0x964B, 0x8E4B, 0x8E4B, 0x8E4B, 0x8E4B, 0x8E4B, 0x8E4B, 0x8E4B, 0x8E4B,
    0x8E4B, 0x8E4B, 0x8E4B, 0x8E4B, 0x8E4A, 0x8E4A, 0x864A, 0x864A, 0x864A, 0x864A, 0x864A, 0x864A, 0x864A, 0x864A, 0x864A, 0x864A,
    0x864A, 0x864A, 0x7E4A, 0x7E4A, 0x7E4A, 0x7E4A, 0x7E4A, 0x7E4A, 0x7E4A, 0x7E4A, 0x7E49, 0x7E49, 0x7629, 0x7629, 0x7629, 0x7629,
    0x7629, 0x7629, 0x7629, 0x7629, 0x7629, 0x6E29, 0x6E29, 0x6E29, 0x6E29, 0x6E09, 0x6E09, 0x6E09, 0x6E09, 0x6E08, 0x6608, 0x6608,
    0x65E8, 0x65E8, 0x65E8, 0x65E8, 0x65E8, 0x65E8, 0x65C8, 0x65C8, 0x5DC8, 0x5DC8, 0x5DA8, 0x5DA8, 0x5DA8, 0x5DA8, 0x5DA8, 0x5D88,
    0x5D88, 0x5588, 0x5588, 0x5588, 0x5568, 0x5568, 0x5568, 0x5568, 0x5548, 0x4D48, 0x4D48, 0x4D48, 0x4D28, 0x4D28, 0x4D28, 0x4D28,
    0x4D08, 0x4D08, 0x4508, 0x4508, 0x44E8, 0x44E8, 0x44E8, 0x44E8, 0x44C8, 0x44C8, 0x3CC8, 0x95EB, 0x95EB, 0x95EB, 0x95EB, 0x960B,
    0x960B, 0x960B, 0x960B, 0x960B, 0x960B, 0x960B, 0x960B, 0x962B, 0x962B, 0x962B, 0x962B, 0x962B, 0x962B, 0x962B, 0x962B, 0x962B,
    0x964B, 0x964B, 0x964B, 0x964B, 0x964B, 0x964B, 0x964B, 0x964B, 0x964B, 0x8E4B, 0x8E4B, 0x8E4B, 0x8E4B, 0x8E4B, 0x8E4B, 0x8E6B,
    0x8E6B, 0x8E4B, 0x8E6B, 0x8E6B, 0x8E4B, 0x8E6B, 0x8E6A, 0x8E6A, 0x866A, 0x866A, 0x866A, 0x866A, 0x864A, 0x866A, 0x864A, 0x864A,
    0x864A, 0x864A, 0x864A, 0x864A, 0x7E4A, 0x7E4A, 0x7E4A, 0x7E4A, 0x7E4A, 0x7E4A, 0x7E4A, 0x7E4A, 0x7E49, 0x7649, 0x7649, 0x7649,
    0x7629, 0x7629, 0x7629, 0x7629, 0x7629, 0x7629, 0x6E29, 0x6E29, 0x6E29, 0x6E29, 0x6E09, 0x6E09, 0x6E09, 0x6E09, 0x6E09, 0x6609,
    0x6609, 0x6609, 0x65E8, 0x65E8, 0x65E8, 0x65E8, 0x65E9, 0x65E9, 0x65C9, 0x5DC9, 0x5DC8, 0x5DC8, 0x5DA8, 0x5DA8, 0x5DA8, 0x5DA8,
    0x5DA8, 0x5588, 0x5588, 0x5588, 0x5588, 0x5588, 0x5568, 0x5568, 0x5568, 0x5568, 0x4D48, 0x4D48, 0x4D48, 0x4D48, 0x4D28, 0x4D28,
    0x4D28, 0x4D28, 0x4508, 0x4508, 0x4508, 0x4508, 0x44E8, 0x44E8, 0x44E8, 0x44C8, 0x44C8, 0x3CC8, 0x95EB, 0x95EB, 0x95EB, 0x960B,
    0x960B, 0x960B, 0x960B, 0x960B, 0x960B, 0x960B, 0x962B, 0x962B, 0x962B, 0x962B, 0x962B, 0x962B, 0x962B, 0x962B, 0x964B, 0x964B,
    0x964B, 0x964B, 0x964B, 0x964B, 0x964B, 0x964B, 0x964B, 0x964B, 0x964B, 0x964B, 0x8E4B, 0x8E6B, 0x8E6B, 0x8E6B, 0x8E6B, 0x8E6B,
    0x8E6B, 0x8E6B, 0x8E6B, 0x8E6B, 0x8E6B, 0x8E6B, 0x8E6B, 0x8E6A, 0x8E6A, 0x866A, 0x866A, 0x866A, 0x866A, 0x866A, 0x866A, 0x866A,
    0x866A, 0x866A, 0x866A, 0x866A, 0x7E6A, 0x7E4A, 0x7E4A, 0x7E4A, 0x7E4A, 0x7E4A, 0x7E4A, 0x7E4A, 0x7E4A, 0x7E49, 0x7649, 0x7649,
    0x7649, 0x7649, 0x7649, 0x7629, 0x7629, 0x7629, 0x7629, 0x6E29, 0x6E29, 0x6E29, 0x6E29, 0x6E29, 0x6E29, 0x6E29, 0x6E09, 0x6E09,
    0x6609, 0x6609, 0x6609, 0x65E9, 0x65E9, 0x65E9, 0x65E9, 0x65E9, 0x65E9, 0x5DC9, 0x5DC9, 0x5DC9, 0x5DC9, 0x5DC9, 0x5DA9, 0x5DA9,
    0x5DA9, 0x5DA9, 0x55A8, 0x5588, 0x5588, 0x5588, 0x5589, 0x5568, 0x5568, 0x5568, 0x5568, 0x4D68, 0x4D48, 0x4D48, 0x4D48, 0x4D48,
    0x4D28, 0x4D28, 0x4D28, 0x4528, 0x4508, 0x4508, 0x4508, 0x4508, 0x44E8, 0x44E8, 0x44E8, 0x44C8, 0x3CC8, 0x95EB, 0x960B, 0x960B,
    0x960B, 0x960B, 0x960B, 0x960B, 0x962B, 0x962B, 0x962B, 0x962B, 0x962B, 0x962B, 0x962B, 0x962B, 0x962B, 0x964B, 0x964B, 0x964B,
    0x964B, 0x964B, 0x964B, 0x964B, 0x964B, 0x964B, 0x964B, 0x964B, 0x966B, 0x966B, 0x966B, 0x966B, 0x8E6B, 0x8E6B, 0x8E6B, 0x8E6B,
    0x8E6B, 0x8E6B, 0x8E6B, 0x8E6B, 0x8E6B, 0x8E6B, 0x8E6B, 0x8E6B, 0x8E6B, 0x866A, 0x866A, 0x866A, 0x866A, 0x866A, 0x866A, 0x866A,
    0x866A, 0x866A, 0x866A, 0x866A, 0x866A, 0x7E6A, 0x7E6A, 0x7E6A, 0x7E6A, 0x7E4A, 0x7E6A, 0x7E6A, 0x7E4A, 0x7E4A, 0x7649, 0x7649,
    0x7649, 0x7649, 0x7649, 0x7649, 0x7649, 0x7649, 0x7649, 0x7629, 0x6E29, 0x6E29, 0x6E29, 0x6E29, 0x6E29, 0x6E29, 0x6E09, 0x6E09,
    0x6E09, 0x6609, 0x6609, 0x6609, 0x6609, 0x6609, 0x65E9, 0x65E9, 0x65E9, 0x65E9, 0x5DE9, 0x5DE9, 0x5DC9, 0x5DC9, 0x5DC9, 0x5DC9,
    0x5DA9, 0x5DA9, 0x5DA9, 0x55A9, 0x55A9, 0x5589, 0x5589, 0x5589, 0x5589, 0x5569, 0x5568, 0x4D68, 0x4D68, 0x4D68, 0x4D49, 0x4D48,
    0x4D48, 0x4D48, 0x4D28, 0x4D28, 0x4528, 0x4528, 0x4508, 0x4508, 0x4508, 0x44E8, 0x44E8, 0x44E8, 0x3CE8, 0x3CC8, 0x960B, 0x960B,
    0x9E0B, 0x960B, 0x960B, 0x960B, 0x962B, 0x962B, 0x962B, 0x962B, 0x962B, 0x962B, 0x964B, 0x964B, 0x964B, 0x964B, 0x964B, 0x964B,
    0x964B, 0x964B, 0x964B, 0x964B, 0x964B, 0x966B, 0x964B, 0x966B, 0x966B, 0x966B, 0x966B, 0x966B, 0x8E6B, 0x8E6B, 0x8E6B, 0x8E6B,
    0x8E6B, 0x8E6B, 0x8E6B, 0x8E6B, 0x8E6B, 0x8E6B, 0x8E6B, 0x8E6B, 0x8E6B, 0x8E6B, 0x866A, 0x866A, 0x866A, 0x866A, 0x866A, 0x866A,
    0x866A, 0x866A, 0x866A, 0x866A, 0x866A, 0x7E6A, 0x7E6A, 0x7E6A, 0x7E6A, 0x7E6A, 0x7E6A, 0x7E6A, 0x7E6A, 0x7E4A, 0x7E4A, 0x7649,
    0x7649, 0x7649, 0x7649, 0x7649, 0x7649, 0x7649, 0x7649, 0x7649, 0x7649, 0x6E49, 0x6E29, 0x6E29, 0x6E29, 0x6E29, 0x6E29, 0x6E29,
    0x6E29, 0x6E09, 0x6609, 0x6609, 0x6609, 0x6609, 0x6609, 0x6609, 0x65E9, 0x65E9, 0x65E9, 0x5DE9, 0x5DC9, 0x5DC9, 0x5DC9, 0x5DC9,
    0x5DC9, 0x5DC9, 0x5DA9, 0x55A9, 0x55A9, 0x55A9, 0x55A9, 0x5589, 0x5589, 0x5589, 0x5589, 0x5569, 0x4D68, 0x4D69, 0x4D69, 0x4D69,
    0x4D49, 0x4D49, 0x4D48, 0x4D28, 0x4528, 0x4528, 0x4528, 0x4528, 0x4508, 0x4508, 0x4508, 0x44E8, 0x3CE8, 0x3CE8, 0x3CC8, 0x9E0B,
    0x9E0B, 0x9E0B, 0x960B, 0x962B, 0x962B, 0x962B, 0x962B, 0x962B, 0x962B, 0x962B, 0x964B, 0x964B, 0x964B, 0x964B, 0x964B, 0x964B,
    0x964B, 0x964B, 0x964B, 0x964B, 0x966B, 0x966B, 0x966B, 0x966B, 0x966B, 0x966B, 0x966B, 0x966B, 0x966B, 0x8E6B, 0x8E6B, 0x8E6B,
    0x8E6B, 0x8E6B, 0x8E6B, 0x8E6B, 0x8E6B, 0x8E6B, 0x8E6B, 0x8E6B, 0x8E6B, 0x8E6B, 0x866A, 0x866A, 0x866A, 0x866A, 0x866A, 0x866A,
    0x866A, 0x866A, 0x866A, 0x866A, 0x866A, 0x866A, 0x7E6A, 0x7E6A, 0x7E6A, 0x7E6A, 0x7E6A, 0x7E6A, 0x7E6A, 0x7E6A, 0x7E6A, 0x7E4A,
    0x7649, 0x7649, 0x7649, 0x7649, 0x7649, 0x7649, 0x7649, 0x7649, 0x7649, 0x6E49, 0x6E49, 0x6E49, 0x6E49, 0x6E49, 0x6E29, 0x6E29,
    0x6E29, 0x6E29, 0x6629, 0x6609, 0x6609, 0x6609, 0x6609, 0x6609, 0x6609, 0x6609, 0x65E9, 0x65E9, 0x5DE9, 0x5DE9, 0x5DC9, 0x5DC9,
    0x5DC9, 0x5DC9, 0x5DC9, 0x5DA9, 0x55A9, 0x55A9, 0x55A9, 0x55A9, 0x55A9, 0x5589, 0x5589, 0x5589, 0x5589, 0x4D69, 0x4D69, 0x4D69,
    0x4D69, 0x4D49, 0x4D49, 0x4D49, 0x4D28, 0x4529, 0x4528, 0x4528, 0x4528, 0x4508, 0x4508, 0x4508, 0x44E8, 0x3CE8, 0x3CE8, 0x3CE8,
    0x9E0B, 0x960B, 0x9E0B, 0x9E2B, 0x9E2B, 0x9E2B, 0x962B, 0x962B, 0x962B, 0x964B, 0x964B, 0x964B, 0x964B, 0x964B, 0x964B, 0x964B,
    0x964B, 0x966B, 0x966B, 0x966B, 0x966B, 0x966B, 0x966B, 0x966B, 0x966B, 0x966B, 0x966B, 0x966B, 0x966B, 0x966B, 0x8E6B, 0x8E6B,
    0x8E6B, 0x8E6B, 0x8E6B, 0x8E6B, 0x8E6B, 0x8E6B, 0x8E8B, 0x8E6B, 0x8E6B, 0x8E8B, 0x8E8B, 0x8E6A, 0x868A, 0x868A, 0x866A, 0x866A,
    0x868A, 0x866A, 0x866A, 0x866A, 0x866A, 0x866A, 0x866A, 0x7E6A, 0x7E6A, 0x7E6A, 0x7E6A, 0x7E6A, 0x7E6A, 0x7E6A, 0x7E6A, 0x7E6A,
    0x7E69, 0x7669, 0x7669, 0x7649, 0x7649, 0x7649, 0x7649, 0x7649, 0x7649, 0x7649, 0x6E49, 0x6E49, 0x6E49, 0x6E49, 0x6E49, 0x6E29,
    0x6E29, 0x6E29, 0x6E29, 0x6629, 0x6629, 0x6609, 0x6609, 0x6609, 0x6609, 0x6609, 0x6609, 0x65E9, 0x5DE9, 0x5DE9, 0x5DE9, 0x5DE9,
    0x5DC9, 0x5DC9, 0x5DC9, 0x5DC9, 0x5DC9, 0x55A9, 0x55A9, 0x55A9, 0x55A9, 0x55A9, 0x5589, 0x5589, 0x5589, 0x5589, 0x4D69, 0x4D69,
    0x4D69, 0x4D69, 0x4D49, 0x4D49, 0x4D49, 0x4D49, 0x4529, 0x4529, 0x4529, 0x4528, 0x4508, 0x4508, 0x4508, 0x4508, 0x3CE8, 0x3CE8,
    0x3CE8, 0x9E0B, 0x9E2B, 0x9E2B, 0x9E2B, 0x9E2B, 0x962B, 0x962B, 0x964B, 0x964B, 0x964B, 0x964B, 0x964B, 0x964B, 0x964B, 0x964B,
    0x966B, 0x966B, 0x966B, 0x966B, 0x966B, 0x966B, 0x966B, 0x966B, 0x966B, 0x966B, 0x966B, 0x966B, 0x966B, 0x966B, 0x8E6B, 0x8E8B,
    0x8E6B, 0x8E6B, 0x8E8B, 0x8E8B, 0x8E8B, 0x8E8B, 0x8E8B, 0x8E8B, 0x8E8B, 0x8E8B, 0x8E8B, 0x8E8B, 0x868B, 0x868A, 0x868A, 0x868A,
    0x868A, 0x868A, 0x868A, 0x868A, 0x868A, 0x868A, 0x868A, 0x868A, 0x7E6A, 0x7E6A, 0x7E6A, 0x7E6A, 0x7E6A, 0x7E6A, 0x7E6A, 0x7E6A,
    0x7E6A, 0x7669, 0x7669, 0x7669, 0x7669, 0x7669, 0x7669, 0x7649, 0x7649, 0x7649, 0x7649, 0x6E49, 0x6E49, 0x6E49, 0x6E49, 0x6E49,
    0x6E49, 0x6E49, 0x6E29, 0x6E29, 0x6629, 0x6629, 0x6629, 0x6609, 0x6609, 0x6609, 0x6609, 0x6609, 0x65E9, 0x5DE9, 0x5DE9, 0x5DE9,
    0x5DE9, 0x5DE9, 0x5DC9, 0x5DC9, 0x5DC9, 0x5DC9, 0x55C9, 0x55A9, 0x55A9, 0x55A9, 0x55A9, 0x5589, 0x5589, 0x5589, 0x5589, 0x4D69,
    0x4D69, 0x4D69, 0x4D69, 0x4D69, 0x4D49, 0x4D49, 0x4549, 0x4549, 0x4529, 0x4529, 0x4529, 0x4529, 0x4508, 0x4509, 0x4509, 0x3CE8,
    0x3CE8, 0x3CE8, 0x9E2B, 0x9E2B, 0x9E2B, 0x9E2B, 0x9E2B, 0x964B, 0x9E4B, 0x964B, 0x964B, 0x964B, 0x964B, 0x964B, 0x964B, 0x964B,
    0x966B, 0x966B, 0x966B, 0x966B, 0x966B, 0x966B, 0x966B, 0x966B, 0x966B, 0x966B, 0x966B, 0x966B, 0x968B, 0x966B, 0x968B, 0x8E8B,
    0x8E8B, 0x8E8B, 0x8E8B, 0x8E8B, 0x8E8B, 0x8E8B, 0x8E8B, 0x8E8B, 0x8E8B, 0x8E8B, 0x8E8B, 0x8E8B, 0x8E8B, 0x868B, 0x868B, 0x868A,
    0x868A, 0x868A, 0x868A, 0x868A, 0x868A, 0x868A, 0x868A, 0x868A, 0x7E8A, 0x7E8A, 0x7E8A, 0x7E8A, 0x7E6A, 0x7E6A, 0x7E6A, 0x7E6A,
    0x7E6A, 0x7E6A, 0x766A, 0x7669, 0x7669, 0x7669, 0x7669, 0x7669, 0x7669, 0x7669, 0x7649, 0x6E49, 0x6E49, 0x6E49, 0x6E49, 0x6E49,
    0x6E49, 0x6E49, 0x6E29, 0x6E29, 0x6E29, 0x6629, 0x6629, 0x6629, 0x6609, 0x6609, 0x6609, 0x6609, 0x6609, 0x6609, 0x5DE9, 0x5DE9,
    0x5DE9, 0x5DE9, 0x5DE9, 0x5DC9, 0x5DC9, 0x5DC9, 0x5DC9, 0x55C9, 0x55C9, 0x55A9, 0x55A9, 0x55A9, 0x55A9, 0x5589, 0x5589, 0x4D89,
    0x4D89, 0x4D69, 0x4D69, 0x4D69, 0x4D69, 0x4D69, 0x4D49, 0x4D49, 0x4549, 0x4529, 0x4529, 0x4529, 0x4529, 0x4509, 0x4509, 0x4509,
    0x3D09, 0x3CE8, 0x3CE8, 0x9E2B, 0x9E2B, 0x9E2B, 0x9E2B, 0x9E4B, 0x9E4B, 0x9E4B, 0x9E4B, 0x964B, 0x964B, 0x964B, 0x966B, 0x966B,
    0x966B, 0x966B, 0x966B, 0x966B, 0x966B, 0x966B, 0x966B, 0x966B, 0x966B, 0x966B, 0x966B, 0x968B, 0x968B, 0x968B, 0x968B, 0x968B,
    0x8E8B, 0x8E8B, 0x8E8B, 0x8E8B, 0x8E8B, 0x8E8B, 0x8E8B, 0x8E8B, 0x8E8B, 0x8E8B, 0x8E8B, 0x8E8B, 0x8E8B, 0x8E8B, 0x868B, 0x868A,
    0x868A, 0x868A, 0x868A, 0x868A, 0x868A, 0x868A, 0x868A, 0x868A, 0x868A, 0x7E8A, 0x7E8A, 0x7E8A, 0x7E8A, 0x7E8A, 0x7E8A, 0x7E8A,
    0x7E6A, 0x7E6A, 0x7E6A, 0x7669, 0x7669, 0x7669, 0x7669, 0x7669, 0x7669, 0x7669, 0x7669, 0x6E69, 0x6E69, 0x6E49, 0x6E49, 0x6E49,
    0x6E49, 0x6E49, 0x6E49, 0x6E29, 0x6E29, 0x6629, 0x6629, 0x6629, 0x6629, 0x6629, 0x6609, 0x6609, 0x6609, 0x6609, 0x6609, 0x5DE9,
    0x5DE9, 0x5DE9, 0x5DE9, 0x5DE9, 0x5DE9, 0x5DC9, 0x5DC9, 0x55C9, 0x55C9, 0x55C9, 0x55A9, 0x55A9, 0x55A9, 0x55A9, 0x5589, 0x5589,
    0x4D89, 0x4D89, 0x4D69, 0x4D69, 0x4D69, 0x4D69, 0x4D69, 0x4D49, 0x4549, 0x4549, 0x4549, 0x4529, 0x4529, 0x4529, 0x4529, 0x4509,
    0x3D09, 0x3D09, 0x3CE9, 0x3CE8, 0x9E2B, 0x9E2B, 0x9E2B, 0x9E4B, 0x9E4B, 0x9E4B, 0x9E4B, 0x964B, 0x964B, 0x966B, 0x966B, 0x966B,
    0x966B, 0x966B, 0x966B, 0x966B, 0x966B, 0x966B, 0x966B, 0x966B, 0x968B, 0x966B, 0x968B, 0x968B, 0x968B, 0x968B, 0x968B, 0x968B,
    0x968B, 0x8E8B, 0x8E8B, 0x8E8B, 0x8E8B, 0x8E8B, 0x8E8B, 0x8E8B, 0x8E8B, 0x8E8B, 0x8E8B, 0x8E8B, 0x8E8B, 0x8E8B, 0x8E8A, 0x868A,
    0x868A, 0x868A, 0x868A, 0x868A, 0x868A, 0x868A, 0x868A, 0x868A, 0x868A, 0x7E8A, 0x7E8A, 0x7E8A, 0x7E8A, 0x7E8A, 0x7E8A, 0x7E8A,
    0x7E8A, 0x7E8A, 0x7E8A, 0x7E89, 0x7689, 0x7669, 0x7669, 0x7669, 0x7669, 0x7669, 0x7669, 0x7669, 0x6E69, 0x6E69, 0x6E69, 0x6E69,
    0x6E49, 0x6E49, 0x6E49, 0x6E49, 0x6E49, 0x6E49, 0x6629, 0x6629, 0x6629, 0x6629, 0x6629, 0x6629, 0x6609, 0x6609, 0x5E09, 0x5E09,
    0x5E09, 0x5DE9, 0x5DE9, 0x5DE9, 0x5DE9, 0x5DE9, 0x5DE9, 0x5DC9, 0x55C9, 0x55C9, 0x55C9, 0x55A9, 0x55A9, 0x55A9, 0x55A9, 0x55A9,
    0x5589, 0x4D89, 0x4D89, 0x4D89, 0x4D69, 0x4D69, 0x4D69, 0x4D69, 0x4D49, 0x4549, 0x4549, 0x4549, 0x4529, 0x4529, 0x4529, 0x4529,
    0x4509, 0x3D09, 0x3D09, 0x3CE9, 0x3CE9, 0x9E2B, 0x9E4B, 0x9E4B, 0x9E4B, 0x9E4B, 0x9E4B, 0x9E4B, 0x966B, 0x966B, 0x966B, 0x966B,
    0x966B, 0x966B, 0x966B, 0x966B, 0x966B, 0x966B, 0x966B, 0x968B, 0x968B, 0x968B, 0x968B, 0x968B, 0x968B, 0x968B, 0x968B, 0x968B,
    0x968B, 0x968B, 0x8E8B, 0x8E8B, 0x8E8B, 0x8E8B, 0x8EAB, 0x8E8B, 0x8E8B, 0x8EAB, 0x8E8B, 0x8E8B, 0x8E8B, 0x8EAB, 0x86AB, 0x86AA,
    0x86AB, 0x868A, 0x868A, 0x868A, 0x868A, 0x868A, 0x868A, 0x868A, 0x868A, 0x7E8A, 0x7E8A, 0x7E8A, 0x7E8A, 0x7E8A, 0x7E8A, 0x7E8A,
    0x7E8A, 0x7E8A, 0x7E8A, 0x7E8A, 0x768A, 0x7689, 0x7669, 0x7669, 0x7669, 0x7669, 0x7669, 0x7669, 0x6E69, 0x6E69, 0x6E69, 0x6E69,
    0x6E69, 0x6E49, 0x6E49, 0x6E49, 0x6E49, 0x6E49, 0x6649, 0x6629, 0x6629, 0x6629, 0x6629, 0x6629, 0x6609, 0x6609, 0x6609, 0x5E09,
    0x5E09, 0x5E09, 0x5E09, 0x5DE9, 0x5DE9, 0x5DE9, 0x5DE9, 0x5DE9, 0x5DE9, 0x55C9, 0x55C9, 0x55C9, 0x55A9, 0x55A9, 0x55A9, 0x55A9,
    0x55A9, 0x4DA9, 0x4D89, 0x4D89, 0x4D89, 0x4D89, 0x4D69, 0x4D69, 0x4D69, 0x4D69, 0x4549, 0x4549, 0x4549, 0x4549, 0x4529, 0x4529,
    0x4529, 0x4529, 0x3D09, 0x3D09, 0x3D09, 0x3CE9, 0x9E4B, 0x9E4B, 0x9E4B, 0x9E4B, 0x9E4B, 0x9E6B, 0x9E6B, 0x9E6B, 0x9E6B, 0x966B,
    0x966B, 0x966B, 0x966B, 0x966B, 0x966B, 0x968B, 0x966B, 0x968B, 0x968B, 0x968B, 0x968B, 0x968B, 0x968B, 0x968B, 0x968B, 0x968B,
    0x968B, 0x968B, 0x8EAB, 0x8EAB, 0x8E8B, 0x8E8B, 0x8EAB, 0x8EAB, 0x8EAB, 0x8EAB, 0x8EAB, 0x8EAB, 0x8EAB, 0x8EAB, 0x8EAB, 0x86AB,
    0x86AB, 0x868A, 0x868A, 0x868A, 0x868A, 0x868A, 0x868A, 0x868A, 0x868A, 0x868A, 0x7E8A, 0x7E8A, 0x7E8A, 0x7E8A, 0x7E8A, 0x7E8A,
    0x7E8A, 0x7E8A, 0x7E8A, 0x7E8A, 0x768A, 0x7689, 0x7689, 0x7669, 0x7689, 0x7669, 0x7669, 0x7669, 0x7669, 0x6E69, 0x6E69, 0x6E69,
    0x6E69, 0x6E69, 0x6E69, 0x6E69, 0x6E49, 0x6E49, 0x6E49, 0x6649, 0x6649, 0x6629, 0x6629, 0x6629, 0x6629, 0x6629, 0x6609, 0x6609,
    0x5E09, 0x5E09, 0x5E09, 0x5E09, 0x5E09, 0x5DE9, 0x5DE9, 0x5DE9, 0x5DE9, 0x55C9, 0x55C9, 0x55C9, 0x55C9, 0x55C9, 0x55C9, 0x55A9,
    0x55A9, 0x4DA9, 0x4DA9, 0x4D89, 0x4D89, 0x4D89, 0x4D89, 0x4D89, 0x4D69, 0x4D69, 0x4569, 0x4569, 0x4549, 0x4549, 0x4549, 0x4549,
    0x4529, 0x4529, 0x3D29, 0x3D09, 0x3D09, 0x3D09, 0x3D09, 0x9E4B, 0x9E4B, 0x9E4B, 0x9E6B, 0x9E6B, 0x9E6B, 0x9E6B, 0x9E6B, 0x966B,
    0x966B, 0x966B, 0x966B, 0x966B, 0x968B, 0x968B, 0x968B, 0x968B, 0x968B, 0x968B, 0x968B, 0x968B, 0x968B, 0x968B, 0x968B, 0x968B,
    0x968B, 0x968B, 0x8EAB, 0x8EAB, 0x8EAB, 0x8EAB, 0x8EAB, 0x8EAB, 0x8EAB, 0x8EAB, 0x8EAB, 0x8EAB, 0x8EAB, 0x8EAB, 0x8EAB, 0x8EAB,
    0x86AB, 0x86AA, 0x868A, 0x86AA, 0x86AA, 0x86AA, 0x86AA, 0x86AA, 0x86AA, 0x868A, 0x7E8A, 0x7E8A, 0x7E8A, 0x7E8A, 0x7E8A, 0x7E8A,
    0x7E8A, 0x7E8A, 0x7E8A, 0x7E8A, 0x7E8A, 0x7689, 0x7689, 0x7689, 0x7689, 0x7689, 0x7669, 0x7669, 0x7669, 0x7669, 0x6E69, 0x6E69,
    0x6E69, 0x6E69, 0x6E69, 0x6E69, 0x6E49, 0x6E49, 0x6E49, 0x6649, 0x6649, 0x6649, 0x6629, 0x6629, 0x6629, 0x6629, 0x6629, 0x6629,
    0x6609, 0x5E09, 0x5E09, 0x5E09, 0x5E09, 0x5E09, 0x5DE9, 0x5DE9, 0x5DE9, 0x5DE9, 0x55E9, 0x55C9, 0x55C9, 0x55C9, 0x55C9, 0x55C9,
    0x55A9, 0x55A9, 0x4DA9, 0x4DA9, 0x4DA9, 0x4D89, 0x4D89, 0x4D89, 0x4D89, 0x4D69, 0x4D69, 0x4569, 0x4569, 0x4549, 0x4549, 0x4549,
    0x4549, 0x4529, 0x4529, 0x3D29, 0x3D29, 0x3D09, 0x3D09, 0x3D09, 0x9E4B, 0x9E4B, 0x9E4B, 0x9E6B, 0x9E6B, 0x9E6B, 0x9E6B, 0x9E6B,
    0x966B, 0x966B, 0x966B, 0x966B, 0x968B, 0x968B, 0x968B, 0x968B, 0x968B, 0x968B, 0x968B, 0x968B, 0x968B, 0x968B, 0x968B, 0x96AB,
    0x96AB, 0x96AB, 0x96AB, 0x8EAB, 0x8EAB, 0x8EAB, 0x8EAB, 0x8EAB, 0x8EAB, 0x8EAB, 0x8EAB, 0x8EAB, 0x8EAB, 0x8EAB, 0x8EAB, 0x8EAB,
    0x86AB, 0x86AB, 0x86AA, 0x86AA, 0x86AA, 0x86AA, 0x86AA, 0x86AA, 0x86AA, 0x86AA, 0x86AA, 0x7EAA, 0x7E8A, 0x7EAA, 0x7EAA, 0x7E8A,
    0x7E8A, 0x7E8A, 0x7E8A, 0x7E8A, 0x7E8A, 0x768A, 0x768A, 0x7689, 0x7689, 0x7689, 0x7689, 0x7689, 0x7689, 0x7689, 0x7669, 0x6E69,
    0x6E69, 0x6E69, 0x6E69, 0x6E69, 0x6E49, 0x6E49, 0x6E49, 0x6E49, 0x6649, 0x6649, 0x6649, 0x6649, 0x6629, 0x6629, 0x6629, 0x6629,
    0x6629, 0x5E29, 0x5E09, 0x5E09, 0x5E09, 0x5E09, 0x5E09, 0x5E09, 0x5DE9, 0x5DE9, 0x55E9, 0x55E9, 0x55E9, 0x55C9, 0x55C9, 0x55C9,
    0x55C9, 0x55C9, 0x55A9, 0x4DA9, 0x4DA9, 0x4DA9, 0x4D89, 0x4D89, 0x4D89, 0x4D89, 0x4D69, 0x4569, 0x4569, 0x4569, 0x4549, 0x4549,
    0x4549, 0x4549, 0x4549, 0x4529, 0x3D29, 0x3D29, 0x3D09, 0x3D09, 0x3D09, 0x9E4B, 0x9E6B, 0x9E6C, 0x9E6B, 0x9E6C, 0x9E6B, 0x9E6B,
    0x9E6B, 0x9E6B, 0x966B, 0x966B, 0x968B, 0x968B, 0x968B, 0x968B, 0x968B, 0x968B, 0x968B, 0x968B, 0x96AB, 0x968B, 0x96AB, 0x96AB,
    0x96AB, 0x96AB, 0x96AB, 0x96AB, 0x96AB, 0x8EAB, 0x8EAB, 0x8EAB, 0x8EAB, 0x8EAB, 0x8EAB, 0x8EAB, 0x8EAB, 0x8EAB, 0x8EAB, 0x8EAB,
    0x8EAB, 0x86AB, 0x86AB, 0x86AA, 0x86AA, 0x86AA, 0x86AA, 0x86AA, 0x86AA, 0x86AA, 0x86AA, 0x7EAA, 0x7EAA, 0x7EAA, 0x7EAA, 0x7EAA,
    0x7EAA, 0x7EAA, 0x7E8A, 0x7E8A, 0x7E8A, 0x768A, 0x768A, 0x7689, 0x7689, 0x7689, 0x7689, 0x7689, 0x7689, 0x7689, 0x7689, 0x6E69,
    0x6E69, 0x6E69, 0x6E69, 0x6E69, 0x6E69, 0x6E69, 0x6E49, 0x6E49, 0x6649, 0x6649, 0x6649, 0x6649, 0x6649, 0x6649, 0x6629, 0x6629,
    0x6629, 0x6629, 0x5E29, 0x5E09, 0x5E09, 0x5E09, 0x5E09, 0x5E09, 0x5E09, 0x5DE9, 0x5DE9, 0x55E9, 0x55E9, 0x55E9, 0x55C9, 0x55C9,
    0x55C9, 0x55C9, 0x55C9, 0x4DA9, 0x4DA9, 0x4DA9, 0x4DA9, 0x4DA9, 0x4D89, 0x4D89, 0x4D89, 0x4D89, 0x4569, 0x4569, 0x4569, 0x4549,
    0x4549, 0x4549, 0x4549, 0x4529, 0x3D29, 0x3D29, 0x3D29, 0x3D09, 0x3D09, 0x3D09, 0x9E6B, 0x9E6C, 0x9E6B, 0x9E6B, 0x9E6B, 0x9E6C,
    0x9E6B, 0x9E6B, 0x9E6B, 0x968B, 0x968B, 0x968B, 0x968B, 0x968B, 0x968B, 0x968B, 0x968B, 0x968B, 0x96AB, 0x96AB, 0x96AB, 0x96AB,
    0x96AB, 0x96AB, 0x96AB, 0x96AB, 0x96AB, 0x8EAB, 0x8EAB, 0x8EAB, 0x8EAB, 0x8EAB, 0x8EAB, 0x8EAB, 0x8EAB, 0x8EAB, 0x8EAB, 0x8EAB,
    0x8EAB, 0x8EAB, 0x86AB, 0x86AA, 0x86AA, 0x86AA, 0x86AA, 0x86AA, 0x86AA, 0x86AA, 0x86AA, 0x86AA, 0x7EAA, 0x7EAA, 0x7EAA, 0x7EAA,
    0x7EAA, 0x7EAA, 0x7EAA, 0x7EAA, 0x7EAA, 0x7EAA, 0x768A, 0x7689, 0x7689, 0x7689, 0x7689, 0x7689, 0x7689, 0x7689, 0x7689, 0x6E89,
    0x6E89, 0x6E69, 0x6E69, 0x6E69, 0x6E69, 0x6E69, 0x6E69, 0x6E69, 0x6E49, 0x6E49, 0x6649, 0x6649, 0x6649, 0x6649, 0x6629, 0x6629,
    0x6629, 0x6629, 0x5E29, 0x5E29, 0x5E29, 0x5E09, 0x5E09, 0x5E09, 0x5E09, 0x5DE9, 0x5DE9, 0x55E9, 0x55E9, 0x55E9, 0x55E9, 0x55E9,
    0x55C9, 0x55C9, 0x55C9, 0x55C9, 0x4DA9, 0x4DA9, 0x4DA9, 0x4DA9, 0x4D89, 0x4D89, 0x4D89, 0x4D89, 0x4D89, 0x4569, 0x4569, 0x4569,
    0x4569, 0x4549, 0x4549, 0x4549, 0x4549, 0x3D29, 0x3D29, 0x3D29, 0x3D29, 0x3D09, 0x3D09, 0x9E6C, 0x9E6B, 0x9E6C, 0x9E6C, 0x9E6C,
    0x9E6B, 0x9E6C, 0x9E8C, 0x968B, 0x968B, 0x968B, 0x968B, 0x968B, 0x968B, 0x968B, 0x968B, 0x96AB, 0x96AB, 0x96AB, 0x96AB, 0x96AB,
    0x96AB, 0x96AB, 0x96AB, 0x96AB, 0x96AB, 0x8EAB, 0x8EAB, 0x8EAB, 0x8EAB, 0x8EAB, 0x8EAB, 0x8EAB, 0x8EAB, 0x8EAB, 0x8EAB, 0x8EAB,
    0x8EAB, 0x8EAB, 0x86AB, 0x86AB, 0x86AB, 0x86AA, 0x86AA, 0x86AA, 0x86AA, 0x86AA, 0x86AA, 0x86AA, 0x7EAA, 0x7EAA, 0x7EAA, 0x7EAA,
    0x7EAA, 0x7EAA, 0x7EAA, 0x7EAA, 0x7EAA, 0x7EAA, 0x7EAA, 0x7689, 0x76A9, 0x7689, 0x7689, 0x7689, 0x7689, 0x7689, 0x7689, 0x7689,
    0x6E89, 0x6E89, 0x6E69, 0x6E69, 0x6E69, 0x6E69, 0x6E69, 0x6E69, 0x6E69, 0x6E69, 0x6649, 0x6649, 0x6649, 0x6649, 0x6649, 0x6649,
    0x6629, 0x6629, 0x5E29, 0x5E29, 0x5E29, 0x5E29, 0x5E29, 0x5E09, 0x5E09, 0x5E09, 0x5E09, 0x55E9, 0x55E9, 0x55E9, 0x55E9, 0x55E9,
    0x55E9, 0x55C9, 0x55C9, 0x55C9, 0x4DC9, 0x4DC9, 0x4DA9, 0x4DA9, 0x4DA9, 0x4DA9, 0x4D89, 0x4D89, 0x4D89, 0x4589, 0x4569, 0x4569,
    0x4569, 0x4569, 0x4549, 0x4549, 0x4549, 0x3D49, 0x3D29, 0x3D29, 0x3D29, 0x3D29, 0x3D09, 0x3D09, 0x9E6C, 0x9E6C, 0x9E6C, 0x9E6C,
    0x9E6B, 0x9E8C, 0x9E8C, 0x968B, 0x968B, 0x968B, 0x968B, 0x968B, 0x968B, 0x968B, 0x968B, 0x96AB, 0x96AB, 0x96AB, 0x96AB, 0x96AB,
    0x96AB, 0x96AB, 0x96AB, 0x96AB, 0x96AB, 0x96AB, 0x8EAB, 0x8EAB, 0x8EAB, 0x8EAB, 0x8EAB, 0x8EAB, 0x8EAB, 0x8EAB, 0x8EAB, 0x8EAB,
    0x8ECB, 0x8EAB, 0x86AB, 0x86AB, 0x86AB, 0x86AB, 0x86AA, 0x86AA, 0x86AA, 0x86AA, 0x86AA, 0x86AA, 0x86AA, 0x7EAA, 0x7EAA, 0x7EAA,
    0x7EAA, 0x7EAA, 0x7EAA, 0x7EAA, 0x7EAA, 0x7EAA, 0x7EAA, 0x76AA, 0x76AA, 0x76A9, 0x7689, 0x7689, 0x7689, 0x7689, 0x7689, 0x7689,
    0x6E89, 0x6E89, 0x6E89, 0x6E89, 0x6E69, 0x6E69, 0x6E69, 0x6E69, 0x6E69, 0x6669, 0x6669, 0x6649, 0x6649, 0x6649, 0x6649, 0x6649,
    0x6649, 0x6629, 0x6629, 0x5E29, 0x5E29, 0x5E2A, 0x5E2A, 0x5E09, 0x5E09, 0x5E09, 0x5E09, 0x5E09, 0x5609, 0x55EA, 0x55EA, 0x55EA,
    0x55E9, 0x55E9, 0x55E9, 0x55C9, 0x55C9, 0x4DCA, 0x4DAA, 0x4DA9, 0x4DA9, 0x4DA9, 0x4DA9, 0x4D89, 0x4D89, 0x4D89, 0x4589, 0x4589,
    0x4569, 0x4569, 0x4569, 0x4569, 0x4549, 0x4549, 0x3D49, 0x3D49, 0x3D29, 0x3D29, 0x3D29, 0x3D09, 0x3D09, 0x9E6C, 0x9E6B, 0x9E6C,
    0x9E6C, 0x9E8B, 0x9E8C, 0x968C, 0x968C, 0x968B, 0x968B, 0x968B, 0x96AB, 0x968B, 0x96AB, 0x96AB, 0x96AB, 0x96AB, 0x96AB, 0x96AB,
    0x96AB, 0x96AB, 0x96AB, 0x96AB, 0x96AB, 0x96AB, 0x96AB, 0x8EAB, 0x8EAB, 0x8EAB, 0x8EAB, 0x8EAB, 0x8ECB, 0x8ECB, 0x8EAB, 0x8EAB,
    0x8ECB, 0x8ECB, 0x8EAB, 0x86CB, 0x86CB, 0x86AA, 0x86CA, 0x86CA, 0x86AA, 0x86AA, 0x86AA, 0x86AA, 0x86AA, 0x7EAA, 0x7EAA, 0x7EAA,
    0x7EAA, 0x7EAA, 0x7EAA, 0x7EAA, 0x7EAA, 0x7EAA, 0x7EAA, 0x76AA, 0x76AA, 0x7689, 0x7689, 0x7689, 0x7689, 0x7689, 0x7689, 0x7689,
    0x7689, 0x6E89, 0x6E89, 0x6E89, 0x6E89, 0x6E69, 0x6E69, 0x6E69, 0x6E69, 0x6E69, 0x6669, 0x6669, 0x6649, 0x664A, 0x664A, 0x664A,
    0x6649, 0x6649, 0x6629, 0x6629, 0x5E29, 0x5E2A, 0x5E2A, 0x5E2A, 0x5E0A, 0x5E0A, 0x5E0A, 0x5E09, 0x5E09, 0x560A, 0x560A, 0x55EA,
    0x55EA, 0x55EA, 0x55EA, 0x55E9, 0x55C9, 0x4DCA, 0x4DCA, 0x4DCA, 0x4DAA, 0x4DAA, 0x4DA9, 0x4DA9, 0x4DA9, 0x4D8A, 0x458A, 0x4589,
    0x4589, 0x4589, 0x4569, 0x4569, 0x4569, 0x4569, 0x4549, 0x3D49, 0x3D49, 0x3D29, 0x3D29, 0x3D29, 0x3D29, 0x3D09, 0x9E6C, 0x9E6C,
    0x9E6C, 0x9E8C, 0x9E8C, 0x968C, 0x968C, 0x968B, 0x968B, 0x968B, 0x96AB, 0x96AB, 0x96AB, 0x96AB, 0x96AB, 0x96AB, 0x96AB, 0x96AB,
    0x96AB, 0x96AB, 0x96AB, 0x96AB, 0x96AB, 0x96AB, 0x96AB, 0x8EAB, 0x8EAB, 0x8ECB, 0x8ECB, 0x8ECB, 0x8ECB, 0x8ECB, 0x8ECB, 0x8ECB,
    0x8ECB, 0x8ECB, 0x8ECB, 0x8ECB, 0x86CB, 0x86CA, 0x86CA, 0x86CA, 0x86CA, 0x86CA, 0x86CA, 0x86CA, 0x86AA, 0x7EAA, 0x7EAA, 0x7EAA,
    0x7EAA, 0x7EAA, 0x7EAA, 0x7EAA, 0x7EAA, 0x7EAA, 0x7EAA, 0x7EAA, 0x76A9, 0x76A9, 0x76A9, 0x76A9, 0x76A9, 0x7689, 0x7689, 0x7689,
    0x7689, 0x6E89, 0x6E89, 0x6E89, 0x6E89, 0x6E89, 0x6E69, 0x6E69, 0x6E69, 0x6E69, 0x6E69, 0x6669, 0x6669, 0x666A, 0x664A, 0x664A,
    0x664A, 0x664A, 0x664A, 0x664A, 0x5E2A, 0x5E2A, 0x5E2A, 0x5E2A, 0x5E2A, 0x5E0A, 0x5E0A, 0x5E0A, 0x5E0A, 0x5E0A, 0x560A, 0x560A,
    0x55EA, 0x55EA, 0x55EA, 0x55EA, 0x55CA, 0x55CA, 0x4DCA, 0x4DCA, 0x4DCA, 0x4DCA, 0x4DAA, 0x4DAA, 0x4DA9, 0x4DAA, 0x4D8A, 0x458A,
    0x458A, 0x4589, 0x4589, 0x4569, 0x4569, 0x4569, 0x4569, 0x3D49, 0x3D49, 0x3D49, 0x3D49, 0x3D29, 0x3D29, 0x3D29, 0x3D29, 0x9E6C,
    0x9E6C, 0x9E8C, 0x9E8C, 0x9E8C, 0x9E8B, 0x968B, 0x968B, 0x968B, 0x96AB, 0x96AB, 0x96AB, 0x96AB, 0x96AB, 0x96AB, 0x96AB, 0x96AB,
    0x96AB, 0x96AB, 0x96AB, 0x96AB, 0x96AB, 0x96AB, 0x96AB, 0x8EAB, 0x8ECB, 0x8ECB, 0x8ECB, 0x8ECB, 0x8ECB, 0x8ECB, 0x8ECB, 0x8ECB,
    0x8ECB, 0x8ECB, 0x8ECB, 0x86CB, 0x86CB, 0x86CB, 0x86CA, 0x86CA, 0x86CA, 0x86CA, 0x86CA, 0x86CA, 0x86AA, 0x7EAA, 0x7EAA, 0x7EAA,
    0x7EAA, 0x7EAA, 0x7EAA, 0x7EAA, 0x7EAA, 0x7EAA, 0x7EAA, 0x7EAA, 0x76A9, 0x76A9, 0x76A9, 0x76A9, 0x76A9, 0x7689, 0x7689, 0x7689,
    0x7689, 0x6E89, 0x6E89, 0x6E89, 0x6E89, 0x6E89, 0x6E69, 0x6E69, 0x6E69, 0x6E69, 0x6E69, 0x6669, 0x6669, 0x666A, 0x664A, 0x664A,
    0x664A, 0x664A, 0x664A, 0x664A, 0x5E4A, 0x5E2A, 0x5E2A, 0x5E2A, 0x5E2A, 0x5E2A, 0x5E2A, 0x5E0A, 0x5E0A, 0x5E0A, 0x560A, 0x560A,
    0x560A, 0x55EA, 0x55EA, 0x55EA, 0x55EA, 0x55EA, 0x4DCA, 0x4DCA, 0x4DCA, 0x4DCA, 0x4DCA, 0x4DAA, 0x4DAA, 0x4DAA, 0x4DAA, 0x45AA,
    0x458A, 0x458A, 0x458A, 0x456A, 0x4569, 0x456A, 0x456A, 0x3D49, 0x3D49, 0x3D49, 0x3D49, 0x3D29, 0x3D29, 0x3D29, 0x3D29, 0x3D09,
    0x9E8C, 0x9E8C, 0x9E8C, 0x9E8C, 0x9E8C, 0x968B, 0x968B, 0x96AB, 0x96AB, 0x96AB, 0x96AB, 0x96AB, 0x96AB, 0x96AB, 0x96AB, 0x96AB,
    0x96AB, 0x96AB, 0x96AB, 0x96AB, 0x96AB, 0x96CB, 0x96CB, 0x8ECB, 0x8ECB, 0x8ECB, 0x8ECB, 0x8ECB, 0x8ECB, 0x8ECB, 0x8ECB, 0x8ECB,
    0x8ECB, 0x8ECB, 0x8ECB, 0x86CB, 0x86CB, 0x86CB, 0x86CB, 0x86CA, 0x86CA, 0x86CA, 0x86CA, 0x86CA, 0x86AA, 0x86AA, 0x7EAA, 0x7EAA,
    0x7EAA, 0x7EAA, 0x7EAA, 0x7EAA, 0x7EAA, 0x7EAA, 0x7EAA, 0x7EAA, 0x76AA, 0x76AA, 0x76A9, 0x76A9, 0x76A9, 0x76A9, 0x76A9, 0x7689,
    0x7689, 0x7689, 0x6E89, 0x6E89, 0x6E89, 0x6E8A, 0x6E8A, 0x6E6A, 0x6E6A, 0x6E69, 0x6E69, 0x6669, 0x6669, 0x666A, 0x664A, 0x664A,
    0x664A, 0x664A, 0x664A, 0x664A, 0x664A, 0x5E4A, 0x5E2A, 0x5E2A, 0x5E2A, 0x5E2A, 0x5E2A, 0x5E2A, 0x5E0A, 0x5E0A, 0x560A, 0x560A,
    0x560A, 0x55EA, 0x55EA, 0x55EA, 0x55EA, 0x55EA, 0x4DEA, 0x4DCA, 0x4DCA, 0x4DCA, 0x4DCA, 0x4DCA, 0x4DCA, 0x4DAA, 0x4DAA, 0x45AA,
    0x458A, 0x458A, 0x458A, 0x458A, 0x458A, 0x456A, 0x456A, 0x3D6A, 0x3D6A, 0x3D4A, 0x3D49, 0x3D49, 0x3D49, 0x3D29, 0x3D29, 0x3D29,
    0x3529, 0x9E8C, 0x9E8C, 0x9E8C, 0x9E8C, 0x968B, 0x968C, 0x96AB, 0x96AB, 0x96AB, 0x96AB, 0x96AB, 0x96AB, 0x96AB, 0x96AB, 0x96AB,
    0x96AB, 0x96AB, 0x96AB, 0x96AB, 0x96AB, 0x96CB, 0x96CB, 0x8ECB, 0x8ECB, 0x8ECB, 0x8ECB, 0x8ECB, 0x8ECB, 0x8ECB, 0x8ECB, 0x8ECB,
    0x8ECB, 0x8ECB, 0x8ECB, 0x8ECB, 0x86CB, 0x86CB, 0x86CB, 0x86CA, 0x86CA, 0x86CA, 0x86CA, 0x86CA, 0x86CA, 0x86CA, 0x7ECA, 0x7EAA,
    0x7EAA, 0x7EAA, 0x7EAA, 0x7EAA, 0x7EAA, 0x7EAA, 0x7EAA, 0x7EAA, 0x7EAA, 0x76AA, 0x76AA, 0x76A9, 0x76A9, 0x76A9, 0x76A9, 0x7689,
    0x7689, 0x7689, 0x6E89, 0x6E89, 0x6E89, 0x6E8A, 0x6E8A, 0x6E8A, 0x6E6A, 0x6E6A, 0x6E6A, 0x6E6A, 0x666A, 0x666A, 0x666A, 0x666A,
    0x664A, 0x664A, 0x664A, 0x664A, 0x664A, 0x5E4A, 0x5E4A, 0x5E2A, 0x5E2A, 0x5E2A, 0x5E2A, 0x5E2A, 0x5E2A, 0x5E0A, 0x5E0A, 0x560A,
    0x560A, 0x560A, 0x560A, 0x55EA, 0x55EA, 0x55EA, 0x55EA, 0x4DEA, 0x4DCA, 0x4DCA, 0x4DCA, 0x4DCA, 0x4DCA, 0x4DCA, 0x4DAA, 0x45AA,
    0x45AA, 0x45AA, 0x458A, 0x458A, 0x458A, 0x458A, 0x456A, 0x456A, 0x3D6A, 0x3D6A, 0x3D6A, 0x3D4A, 0x3D49, 0x3D4A, 0x3D29, 0x3D29,
    0x3529, 0x3529, 0x9E8C, 0x9E8C, 0x9E8B, 0x968B, 0x968C, 0x96AB, 0x96AB, 0x96AB, 0x96AB, 0x96AB, 0x96AB, 0x96AB, 0x96AB, 0x96AB,
    0x96AB, 0x96AB, 0x96AB, 0x96CB, 0x96AB, 0x96CB, 0x96CB, 0x96CB, 0x8ECB, 0x8ECB, 0x8ECB, 0x8ECB, 0x8ECB, 0x8ECB, 0x8ECB, 0x8ECB,
    0x8ECB, 0x8ECB, 0x8ECB, 0x8ECB, 0x8ECB, 0x86CB, 0x86CB, 0x86CA, 0x86CA, 0x86CA, 0x86CA, 0x86CA, 0x86CA, 0x86CA, 0x7ECA, 0x7ECA,
    0x7ECA, 0x7ECA, 0x7ECA, 0x7EAA, 0x7EAA, 0x7EAA, 0x7EAA, 0x7EAA, 0x7EAA, 0x76AA, 0x76AA, 0x76A9, 0x76A9, 0x76A9, 0x76A9, 0x76A9,
    0x76A9, 0x7689, 0x6E89, 0x6E89, 0x6E89, 0x6E8A, 0x6E8A, 0x6E8A, 0x6E6A, 0x6E6A, 0x6E6A, 0x6E6A, 0x666A, 0x666A, 0x666A, 0x666A,
    0x666A, 0x664A, 0x664A, 0x664A, 0x664A, 0x5E4A, 0x5E4A, 0x5E2A, 0x5E2A, 0x5E2A, 0x5E2A, 0x5E2A, 0x5E2A, 0x5E2A, 0x5E2A, 0x560A,
    0x560A, 0x560A, 0x560A, 0x560A, 0x55EA, 0x55EA, 0x55EA, 0x55EA, 0x4DEA, 0x4DEA, 0x4DCA, 0x4DCA, 0x4DCA, 0x4DCA, 0x4DAA, 0x4DAA,
    0x45AA, 0x45AA, 0x45AA, 0x458A, 0x458A, 0x458A, 0x458A, 0x456A, 0x456A, 0x3D6A, 0x3D6A, 0x3D6A, 0x3D4A, 0x3D4A, 0x3D4A, 0x3D4A,
    0x3D29, 0x3529, 0x3529, 0x9E8C, 0x968B, 0x9EAC, 0x9EAD, 0x968B, 0x96AB, 0x96AB, 0x96AB, 0x96AB, 0x96AB, 0x96AB, 0x96AB, 0x96AB,
    0x96AB, 0x96AB, 0x96CB, 0x96CB, 0x96CB, 0x96CB, 0x96CB, 0x96CB, 0x8ECB, 0x8ECB, 0x8ECB, 0x8ECB, 0x8ECB, 0x8ECB, 0x8ECB, 0x8ECB,
    0x8ECB, 0x8ECB, 0x8ECB, 0x8ECB, 0x8ECB, 0x86CB, 0x86CB, 0x86CA, 0x86CA, 0x86CA, 0x86CA, 0x86CA, 0x86CA, 0x86CA, 0x7ECA, 0x7ECA,
    0x7ECA, 0x7ECA, 0x7ECA, 0x7EAA, 0x7EAA, 0x7EAA, 0x7EAA, 0x7EAA, 0x7EAA, 0x76AA, 0x76AA, 0x76A9, 0x76A9, 0x76A9, 0x76A9, 0x76A9,
    0x76A9, 0x76A9, 0x6E89, 0x6E89, 0x6E89, 0x6E8A, 0x6E8A, 0x6E8A, 0x6E8A, 0x6E8A, 0x6E6A, 0x6E6A, 0x666A, 0x666A, 0x666A, 0x666A,
    0x666A, 0x664A, 0x664A, 0x664A, 0x664A, 0x664A, 0x5E4A, 0x5E4A, 0x5E4A, 0x5E2A, 0x5E2A, 0x5E2A, 0x5E2A, 0x5E2A, 0x5E2A, 0x560A,
    0x560A, 0x560A, 0x560A, 0x560A, 0x560A, 0x55EA, 0x55EA, 0x55EA, 0x4DEA, 0x4DEA, 0x4DCA, 0x4DCA, 0x4DCA, 0x4DCA, 0x4DCA, 0x4DCA,
    0x45AA, 0x45AA, 0x45AA, 0x45AA, 0x458A, 0x458A, 0x458A, 0x458A, 0x458A, 0x3D6A, 0x3D6A, 0x3D6A, 0x3D6A, 0x3D4A, 0x3D4A, 0x3D4A,
    0x3D4A, 0x3D2A, 0x3529, 0x3529, 0x9E8C, 0x968A, 0xB6D2, 0xCF17, 0x968A, 0x9EAC, 0x96AB, 0x96AB, 0x96AB, 0x96AB, 0x96AB, 0x96AB,
    0x96AB, 0x96CB, 0x96CB, 0x96CB, 0x96CB, 0x96CB, 0x96CB, 0x8ECB, 0x8ECB, 0x8ECB, 0x8ECB, 0x8ECB, 0x8ECB, 0x8ECB, 0x8ECB, 0x8ECB,
    0x8ECB, 0x8ECB, 0x8ECB, 0x8ECB, 0x86CB, 0x86CB, 0x86CB, 0x86CA, 0x86CA, 0x86CA, 0x86CA, 0x86CA, 0x86CA, 0x86CA, 0x7ECA, 0x7ECA,
    0x7ECA, 0x7ECA, 0x7ECA, 0x7ECA, 0x7ECA, 0x7ECA, 0x7EAA, 0x7EAA, 0x7EAA, 0x76AA, 0x76AA, 0x76A9, 0x76A9, 0x76A9, 0x76A9, 0x76A9,
    0x76A9, 0x7689, 0x6E89, 0x6E89, 0x6E89, 0x6E8A, 0x6E8A, 0x6E8A, 0x6E8A, 0x6E8A, 0x6E6A, 0x6E6A, 0x666A, 0x666A, 0x666A, 0x666A,
    0x666A, 0x666A, 0x666A, 0x664A, 0x664A, 0x664A, 0x5E4A, 0x5E4A, 0x5E4A, 0x5E2A, 0x5E2A, 0x5E2A, 0x5E2A, 0x5E2A, 0x5E2A, 0x560A,
    0x560A, 0x560A, 0x560A, 0x560A, 0x560A, 0x560A, 0x55EA, 0x55EA, 0x4DEA, 0x4DEA, 0x4DEA, 0x4DCA, 0x4DCA, 0x4DCA, 0x4DCA, 0x4DCA,
    0x4DCA, 0x45AA, 0x45AA, 0x45AA, 0x45AA, 0x45AA, 0x458A, 0x458A, 0x458A, 0x458A, 0x3D6A, 0x3D6A, 0x3D6A, 0x3D6A, 0x3D6A, 0x3D4A,
    0x3D4A, 0x3D4A, 0x352A, 0x352A, 0x352A, 0x9E8C, 0x968B, 0xD739, 0xEF7D, 0x9EAD, 0x96AB, 0x96AC, 0x96AB, 0x96AB, 0x96AB, 0x96AB,
    0x96AB, 0x96AB, 0x96CB, 0x96CB, 0x96CB, 0x96CB, 0x96CB, 0x96CB, 0x96CB, 0x8ECB, 0x8ECB, 0x8ECB, 0x8ECB, 0x8ECB, 0x8ECB, 0x8ECB,
    0x8ECB, 0x8ECB, 0x8ECB, 0x8ECB, 0x86CB, 0x86CB, 0x86CB, 0x86CA, 0x86CA, 0x86CA, 0x86CA, 0x86CA, 0x86CA, 0x86CA, 0x7ECA, 0x7ECA,
    0x7ECA, 0x7ECA, 0x7ECA, 0x7ECA, 0x7ECA, 0x7ECA, 0x7EAA, 0x7EAA, 0x76AA, 0x76AA, 0x76AA, 0x76A9, 0x76A9, 0x76A9, 0x76A9, 0x76A9,
    0x76A9, 0x7689, 0x6E89, 0x6E89, 0x6E89, 0x6E8A, 0x6E8A, 0x6E8A, 0x6E8A, 0x6E8A, 0x6E6A, 0x6E6A, 0x666A, 0x666A, 0x666A, 0x666A,
    0x666A, 0x666A, 0x664A, 0x664A, 0x664A, 0x5E4A, 0x5E4A, 0x5E4A, 0x5E4A, 0x5E4A, 0x5E2A, 0x5E2A, 0x5E2A, 0x5E2A, 0x5E2A, 0x5E2A,
    0x562A, 0x560A, 0x560A, 0x560A, 0x560A, 0x560A, 0x560A, 0x560A, 0x4DEA, 0x4DEA, 0x4DEA, 0x4DEA, 0x4DCA, 0x4DCA, 0x4DCA, 0x4DCA,
    0x4DCA, 0x4DCA, 0x45AA, 0x45AA, 0x45AA, 0x45AA, 0x458A, 0x458A, 0x458A, 0x458A, 0x3D8A, 0x3D6A, 0x3D6A, 0x3D6A, 0x3D6A, 0x3D4A,
    0x3D4A, 0x3D4A, 0x354A, 0x352A, 0x352A, 0x352A, 0x968B, 0xAECF, 0xEF7D, 0xF77E, 0xBF14, 0x96AA, 0x9EAC, 0x96AB, 0x96AB, 0x96AB,
    0x96AB, 0x96CB, 0x96CB, 0x96CB, 0x96CB, 0x96CB, 0x96CB, 0x96CB, 0x96CB, 0x96CB, 0x8ECB, 0x8ECB, 0x8ECB, 0x8ECB, 0x8ECB, 0x8ECB,
    0x8ECB, 0x8ECB, 0x8ECB, 0x8ECB, 0x8ECB, 0x86CB, 0x86CB, 0x86CA, 0x86CB, 0x86CA, 0x86CA, 0x86CA, 0x86CA, 0x86CA, 0x86CA, 0x86CA,
    0x7ECA, 0x7ECA, 0x7ECA, 0x7ECA, 0x7ECA, 0x7ECA, 0x7EAA, 0x7EAA, 0x76AA, 0x76AA, 0x76AA, 0x76A9, 0x76A9, 0x76A9, 0x76A9, 0x76A9,
    0x76A9, 0x7689, 0x6E89, 0x6E89, 0x6E89, 0x6E8A, 0x6E8A, 0x6E8A, 0x6E8A, 0x6E8A, 0x6E6A, 0x6E6A, 0x666A, 0x666A, 0x666A, 0x666A,
    0x666A, 0x666A, 0x664A, 0x664A, 0x664A, 0x5E4A, 0x5E4A, 0x5E4A, 0x5E4A, 0x5E4A, 0x5E4A, 0x5E2A, 0x5E2A, 0x5E2A, 0x5E2A, 0x5E2A,
    0x562A, 0x560A, 0x560A, 0x560A, 0x560A, 0x560A, 0x560A, 0x55EA, 0x4DEA, 0x4DEA, 0x4DEA, 0x4DEA, 0x4DEA, 0x4DEA, 0x4DCA, 0x4DCA,
    0x4DCA, 0x4DCA, 0x45CA, 0x45AA, 0x45AA, 0x45AA, 0x45AA, 0x458A, 0x458A, 0x458A, 0x3D8A, 0x3D8A, 0x3D6A, 0x3D6A, 0x3D6A, 0x3D6A,
    0x3D4A, 0x3D4A, 0x3D4A, 0x354A, 0x352A, 0x352A, 0x352A, 0x8E8A, 0xCF37, 0xF77E, 0xF77E, 0xE75A, 0x96AB, 0x96AB, 0x96AC, 0x96AB,
    0x96AB, 0x96CB, 0x96CB, 0x96CB, 0x96CB, 0x96CB, 0x96CB, 0x96CB, 0x96CB, 0x96CB, 0x8ECB, 0x8ECB, 0x8ECB, 0x8ECB, 0x8ECB, 0x8ECB,
    0x8ECB, 0x8ECB, 0x8ECB, 0x8ECB, 0x8ECB, 0x86CB, 0x86CB, 0x86CB, 0x86CB, 0x86CA, 0x86CA, 0x86CA, 0x86CA, 0x86CA, 0x86CA, 0x86CA,
    0x7ECA, 0x7ECA, 0x7ECA, 0x7ECA, 0x7ECA, 0x7ECA, 0x7EAA, 0x7EAA, 0x7EAA, 0x76AA, 0x76AA, 0x76A9, 0x76A9, 0x76A9, 0x76A9, 0x76A9,
    0x76A9, 0x7689, 0x6E89, 0x6E89, 0x6E89, 0x6E8A, 0x6E8A, 0x6E8A, 0x6E8A, 0x6E8A, 0x6E6A, 0x6E6A, 0x666A, 0x666A, 0x666A, 0x666A,
    0x666A, 0x666A, 0x664A, 0x664A, 0x664A, 0x664A, 0x5E4A, 0x5E4A, 0x5E4A, 0x5E4A, 0x5E4A, 0x5E2A, 0x5E2A, 0x5E2A, 0x5E2A, 0x5E2A,
    0x562A, 0x562A, 0x562A, 0x560A, 0x560A, 0x560A, 0x560A, 0x560A, 0x55EA, 0x4DEA, 0x4DEA, 0x4DEA, 0x4DEA, 0x4DEA, 0x4DCA, 0x4DCA,
    0x4DCA, 0x4DCA, 0x45CA, 0x45CA, 0x45AA, 0x45AA, 0x45AA, 0x45AA, 0x45AA, 0x458A, 0x458A, 0x3D8A, 0x3D8A, 0x3D6A, 0x3D6A, 0x3D6A,
    0x3D6A, 0x3D6A, 0x3D4A, 0x354A, 0x354A, 0x352A, 0x352A, 0x352A, 0xB6F2, 0xEF7D, 0xEF7D, 0xEF7D, 0xF79E, 0xC735, 0x9ECC, 0x8EAA,
    0x96AB, 0x96CC, 0x96CB, 0x96CB, 0x96CB, 0x96CB, 0x96CB, 0x96CB, 0x96CB, 0x96CB, 0x8ECB, 0x8ECB, 0x8ECB, 0x8ECB, 0x8ECB, 0x8ECB,
    0x8ECB, 0x8ECB, 0x8ECB, 0x8ECB, 0x8ECB, 0x86CB, 0x86CB, 0x86CB, 0x86CB, 0x86CB, 0x86CA, 0x86CA, 0x86CA, 0x86CA, 0x86CA, 0x7ECA,
    0x7ECA, 0x7ECA, 0x7ECA, 0x7ECA, 0x7ECA, 0x7ECA, 0x7EAA, 0x7EAA, 0x7EAA, 0x76AA, 0x76AA, 0x76A9, 0x76A9, 0x76A9, 0x76A9, 0x76A9,
    0x76A9, 0x7689, 0x6E89, 0x6E89, 0x6E89, 0x6E8A, 0x6E8A, 0x6E8A, 0x6E8A, 0x6E8A, 0x6E6A, 0x6E6A, 0x666A, 0x666A, 0x666A, 0x666A,
    0x666A, 0x666A, 0x664A, 0x664A, 0x664A, 0x664A, 0x5E4A, 0x5E4A, 0x5E4A, 0x5E4A, 0x5E4A, 0x5E2A, 0x5E2A, 0x5E2A, 0x5E2A, 0x5E2A,
    0x562A, 0x562A, 0x562A, 0x560A, 0x560A, 0x560A, 0x560A, 0x560A, 0x560A, 0x560A, 0x4DEA, 0x4DEA, 0x4DEA, 0x4DEA, 0x4DEA, 0x4DEA,
    0x4DCA, 0x4DCA, 0x45CA, 0x45CA, 0x45AA, 0x45AA, 0x45AA, 0x45AA, 0x45AA, 0x45AA, 0x458A, 0x3D8A, 0x3D8A, 0x3D8A, 0x3D6A, 0x3D6A,
    0x3D6A, 0x3D6A, 0x3D6A, 0x3D4A, 0x354A, 0x354A, 0x354A, 0x352A, 0x352A, 0xF77E, 0xEF7D, 0xEF7D, 0xF79E, 0xF79E, 0xF79F, 0xEF9C,
    0xC735, 0x9ECE, 0x8EAB, 0x96CB, 0x96CB, 0x96CB, 0x96CB, 0x96CB, 0x96CB, 0x96CB, 0x8ECB, 0x8ECB, 0x8ECB, 0x8ECB, 0x8ECB, 0x8ECB,
    0x8ECB, 0x8ECB, 0x8ECB, 0x8ECB, 0x8ECB, 0x86CB, 0x86CB, 0x86CB, 0x86CB, 0x86CA, 0x86CA, 0x86CA, 0x86CA, 0x86CA, 0x86CA, 0x7ECA,
    0x7ECA, 0x7ECA, 0x7ECA, 0x7ECA, 0x7ECA, 0x7ECA, 0x7EAA, 0x7EAA, 0x7EAA, 0x76AA, 0x76AA, 0x76A9, 0x76A9, 0x76A9, 0x76A9, 0x76A9,
    0x76A9, 0x7689, 0x6E89, 0x6E89, 0x6E89, 0x6E8A, 0x6E8A, 0x6E8A, 0x6E8A, 0x6E8A, 0x6E6A, 0x6E6A, 0x666A, 0x666A, 0x666A, 0x666A,
    0x666A, 0x666A, 0x664A, 0x664A, 0x664A, 0x664A, 0x5E4A, 0x5E4A, 0x5E4A, 0x5E4A, 0x5E4A, 0x5E2A, 0x5E2A, 0x5E2A, 0x5E2A, 0x5E2A,
    0x562A, 0x562A, 0x562A, 0x560A, 0x560A, 0x560A, 0x560A, 0x560A, 0x560A, 0x560A, 0x4DEA, 0x4DEA, 0x4DEA, 0x4DEA, 0x4DEA, 0x4DEA,
    0x4DEA, 0x4DCA, 0x45CA, 0x45CA, 0x45CA, 0x45CA, 0x45AA, 0x45AA, 0x45AA, 0x45AA, 0x45AA, 0x3D8A, 0x3D8A, 0x3D8A, 0x3D8A, 0x3D6A,
    0x3D6A, 0x3D6A, 0x3D6A, 0x3D6A, 0x354A, 0x354A, 0x354A, 0x354A, 0x352A, 0x2D29, 0xEF7D, 0xEF7D, 0xEF7E, 0xF79E, 0xF79E, 0xEF9D,
    0xF79E, 0xFFBF, 0xFFBF, 0xCF56, 0x96CC, 0x96CB, 0x96CB, 0x96CB, 0x96CB, 0x96CB, 0x8ECB, 0x8ECB, 0x8ECB, 0x8EEB, 0x8ECB, 0x8ECB,
    0x8ECB, 0x8ECB, 0x8ECB, 0x8ECB, 0x8ECB, 0x8ECB, 0x86CB, 0x86CB, 0x86CB, 0x86CA, 0x86CA, 0x86CA, 0x86CA, 0x86CA, 0x86CA, 0x7ECA,
    0x7ECA, 0x7ECA, 0x7ECA, 0x7ECA, 0x7ECA, 0x7ECA, 0x7EAA, 0x7EAA, 0x7EAA, 0x76AA, 0x76AA, 0x76A9, 0x76A9, 0x76A9, 0x76A9, 0x76A9,
    0x76A9, 0x7689, 0x6E89, 0x6E89, 0x6E89, 0x6E8A, 0x6E8A, 0x6E8A, 0x6E8A, 0x6E8A, 0x6E6A, 0x6E6A, 0x666A, 0x666A, 0x666A, 0x666A,
    0x666A, 0x666A, 0x664A, 0x664A, 0x664A, 0x664A, 0x5E4A, 0x5E4A, 0x5E4A, 0x5E4A, 0x5E4A, 0x5E2A, 0x5E2A, 0x5E2A, 0x5E2A, 0x5E2A,
    0x562A, 0x562A, 0x562A, 0x560A, 0x560A, 0x560A, 0x560A, 0x560A, 0x560A, 0x560A, 0x4E0A, 0x4DEA, 0x4DEA, 0x4DEA, 0x4DEA, 0x4DEA,
    0x4DEA, 0x4DEA, 0x45CA, 0x45CA, 0x45CA, 0x45CA, 0x45CA, 0x45AA, 0x45AA, 0x45AA, 0x45AA, 0x3DAA, 0x3D8A, 0x3D8A, 0x3D8A, 0x3D8A,
    0x3D8A, 0x3D6A, 0x3D6A, 0x3D6A, 0x356A, 0x354A, 0x354A, 0x354A, 0x354A, 0x354A, 0x9E95, 0xF79F, 0xEF7D, 0xF79E, 0xF79E, 0xF79E,
    0xFFBF, 0xF7BE, 0xDF7A, 0xBF33, 0x9EEE, 0x96CB, 0x96CB, 0x96CB, 0x96CB, 0x96CB, 0x8ECB, 0x8ECB, 0x8EEB, 0x8EEB, 0x8ECB, 0x8ECB,
    0x8ECB, 0x8ECB, 0x8ECB, 0x8ECB, 0x8ECB, 0x8ECB, 0x86CB, 0x86CB, 0x86CB, 0x86CA, 0x86CA, 0x86CA, 0x86CA, 0x86CA, 0x86CA, 0x7ECA,
    0x7ECA, 0x7ECA, 0x7ECA, 0x7ECA, 0x7ECA, 0x7ECA, 0x7EAA, 0x7EAA, 0x76AA, 0x76AA, 0x76AA, 0x76A9, 0x76A9, 0x76A9, 0x76A9, 0x76A9,
    0x76A9, 0x7689, 0x6E89, 0x6E89, 0x6E89, 0x6E8A, 0x6E8A, 0x6E8A, 0x6E8A, 0x6E8A, 0x6E6A, 0x666A, 0x666A, 0x666A, 0x666A, 0x666A,
    0x666A, 0x666A, 0x666A, 0x664A, 0x664A, 0x5E4A, 0x5E4A, 0x5E4A, 0x5E4A, 0x5E4A, 0x5E4A, 0x5E2A, 0x5E2A, 0x5E2A, 0x5E2A, 0x562A,
    0x562A, 0x562A, 0x562A, 0x560A, 0x560A, 0x560A, 0x560A, 0x560A, 0x560A, 0x560A, 0x4E0A, 0x4E0A, 0x4DEA, 0x4DEA, 0x4DEA, 0x4DEA,
    0x4DEA, 0x4DEA, 0x4DCA, 0x45CA, 0x45CA, 0x45CA, 0x45CA, 0x45CA, 0x45AA, 0x45AA, 0x45AA, 0x45AA, 0x3DAA, 0x3D8A, 0x3D8A, 0x3D8A,
    0x3D8A, 0x3D6A, 0x3D6A, 0x3D6A, 0x3D6A, 0x356A, 0x354A, 0x354A, 0x354A, 0x354A, 0x352A, 0x456C, 0xCF36, 0xF79E, 0xF79E, 0xF79E,
    0xF79E, 0xD758, 0xA6EF, 0x96CB, 0x8EAA, 0x8ECB, 0x96CB, 0x96CB, 0x96CB, 0x96CB, 0x8ECB, 0x8ECB, 0x8EEB, 0x8EEB, 0x8ECB, 0x8ECB,
    0x8ECB, 0x8ECB, 0x8ECB, 0x8ECB, 0x8ECB, 0x8ECB, 0x86CB, 0x86CB, 0x86CB, 0x86CA, 0x86CA, 0x86CA, 0x86CA, 0x86CA, 0x86CA, 0x7ECA,
    0x7ECA, 0x7ECA, 0x7ECA, 0x7ECA, 0x7ECA, 0x7ECA, 0x7EAA, 0x7EAA, 0x76AA, 0x76AA, 0x76A9, 0x76A9, 0x76A9, 0x76A9, 0x76A9, 0x76A9,
    0x76A9, 0x7689, 0x6E89, 0x6E89, 0x6E89, 0x6E8A, 0x6E8A, 0x6E8A, 0x6E8A, 0x6E6A, 0x6E6A, 0x6E6A, 0x666A, 0x666A, 0x666A, 0x666A,
    0x666A, 0x666A, 0x664A, 0x664A, 0x664A, 0x5E4A, 0x5E4A, 0x5E4A, 0x5E4A, 0x5E4A, 0x5E4A, 0x5E2A, 0x5E2A, 0x5E2A, 0x5E2A, 0x562A,
    0x562A, 0x562A, 0x562A, 0x560A, 0x560A, 0x560A, 0x560A, 0x560A, 0x560A, 0x560A, 0x4E0A, 0x4DEA, 0x4DEA, 0x4DEA, 0x4DEA, 0x4DEA,
    0x4DEA, 0x4DEA, 0x4DCA, 0x4DCA, 0x45CA, 0x45CA, 0x45CA, 0x45CA, 0x45CA, 0x45AA, 0x45AA, 0x45AA, 0x3DAA, 0x3D8A, 0x3D8A, 0x3D8A,
    0x3D8A, 0x3D8A, 0x3D6A, 0x3D6A, 0x3D6A, 0x356A, 0x356A, 0x354A, 0x354A, 0x354A, 0x354A, 0x352A, 0x2D2A, 0x8EAA, 0xDF59, 0xF79F,
    0xF79E, 0xEF9C, 0x96CB, 0x8EAA, 0x96CB, 0x96CC, 0x96CB, 0x96CB, 0x96CB, 0x96CB, 0x8ECB, 0x8ECB, 0x8EEB, 0x8ECB, 0x8ECB, 0x8ECB,
    0x8ECB, 0x8ECB, 0x8ECB, 0x8EEB, 0x8ECB, 0x86CB, 0x86CB, 0x86EB, 0x86CB, 0x86CA, 0x86CA, 0x86CA, 0x86CA, 0x86CA, 0x86CA, 0x7ECA,
    0x7ECA, 0x7ECA, 0x7ECA, 0x7ECA, 0x7ECA, 0x7ECA, 0x7EAA, 0x7EAA, 0x76AA, 0x76AA, 0x76A9, 0x76A9, 0x76A9, 0x76A9, 0x76A9, 0x76A9,
    0x76A9, 0x7689, 0x6E89, 0x6E89, 0x6E89, 0x6E8A, 0x6E8A, 0x6E8A, 0x6E8A, 0x6E6A, 0x6E6A, 0x6E6A, 0x666A, 0x666A, 0x666A, 0x666A,
    0x666A, 0x666A, 0x664A, 0x664A, 0x664A, 0x5E4A, 0x5E4A, 0x5E4A, 0x5E4A, 0x5E4A, 0x5E4A, 0x5E2A, 0x5E2A, 0x5E2A, 0x5E2A, 0x562A,
    0x562A, 0x562A, 0x562A, 0x560A, 0x560A, 0x560A, 0x560A, 0x560A, 0x560A, 0x560A, 0x4E0A, 0x4E0A, 0x4DEA, 0x4DEA, 0x4DEA, 0x4DEA,
    0x4DEA, 0x4DEA, 0x4DEA, 0x4DEA, 0x45CA, 0x45CA, 0x45CA, 0x45CA, 0x45CA, 0x45CA, 0x45AA, 0x45AA, 0x3DAA, 0x3DAA, 0x3DAA, 0x3D8A,
    0x3D8A, 0x3D8A, 0x3D8A, 0x3D6A, 0x3D6A, 0x356A, 0x356A, 0x356A, 0x354A, 0x354A, 0x354A, 0x354A, 0x352A, 0x352A, 0x8EAB, 0xB711,
    0xF7BF, 0xFFBF, 0xCF56, 0x8EAA, 0x96CC, 0x96CB, 0x96CB, 0x96CB, 0x96CB, 0x96CB, 0x8ECB, 0x8ECB, 0x8EEB, 0x8ECB, 0x8ECB, 0x8ECB,
    0x8EEB, 0x8ECB, 0x8ECB, 0x8EEB, 0x8ECB, 0x86CB, 0x86CB, 0x86EB, 0x86CB, 0x86CA, 0x86CA, 0x86CA, 0x86CA, 0x86CA, 0x86CA, 0x7ECA,
    0x7ECA, 0x7ECA, 0x7ECA, 0x7ECA, 0x7ECA, 0x7ECA, 0x7EAA, 0x7EAA, 0x76AA, 0x76AA, 0x76A9, 0x76A9, 0x76A9, 0x76A9, 0x76A9, 0x76A9,
    0x76A9, 0x7689, 0x6E89, 0x6E89, 0x6E89, 0x6E8A, 0x6E8A, 0x6E8A, 0x6E8A, 0x6E6A, 0x6E6A, 0x6E6A, 0x666A, 0x666A, 0x666A, 0x666A,
    0x666A, 0x666A, 0x664A, 0x664A, 0x664A, 0x664A, 0x5E4A, 0x5E4A, 0x5E4A, 0x5E4A, 0x5E4A, 0x5E2A, 0x5E2A, 0x5E2A, 0x5E2A, 0x562A,
    0x562A, 0x562A, 0x562A, 0x560A, 0x560A, 0x560A, 0x560A, 0x560A, 0x560A, 0x4E0A, 0x4E0A, 0x4E0A, 0x4DEA, 0x4DEA, 0x4DEA, 0x4DEA,
    0x4DEA, 0x4DEA, 0x4DEA, 0x4DEA, 0x45CA, 0x45CA, 0x45CA, 0x45CA, 0x45CA, 0x45CA, 0x45CA, 0x45AA, 0x3DAA, 0x3DAA, 0x3DAA, 0x3D8A,
    0x3D8A, 0x3D8A, 0x3D8A, 0x3D8A, 0x3D8A, 0x356A, 0x356A, 0x356A, 0x356A, 0x356A, 0x354A, 0x354A, 0x354A, 0x352A, 0x2D2A, 0x96AB,
    0x96AB, 0xE77B, 0xFFBF, 0xA6EE, 0x8ECB, 0x96CB, 0x96CB, 0x96CB, 0x96CB, 0x96CB, 0x8ECB, 0x8ECB, 0x8EEB, 0x8ECB, 0x8ECB, 0x8ECB,
    0x8EEB, 0x8ECB, 0x8ECB, 0x8EEB, 0x8ECB, 0x86CB, 0x86EB, 0x86EB, 0x86CB, 0x86CA, 0x86CA, 0x86CA, 0x86CA, 0x86CA, 0x86CA, 0x7ECA,
    0x7ECA, 0x7ECA, 0x7ECA, 0x7ECA, 0x7ECA, 0x7ECA, 0x7EAA, 0x7EAA, 0x76AA, 0x76AA, 0x76A9, 0x76A9, 0x76A9, 0x76A9, 0x76A9, 0x76A9,
    0x76A9, 0x6E89, 0x6E89, 0x6E89, 0x6E89, 0x6E8A, 0x6E8A, 0x6E8A, 0x6E8A, 0x6E6A, 0x6E6A, 0x6E6A, 0x666A, 0x666A, 0x666A, 0x666A,
    0x666A, 0x666A, 0x664A, 0x664A, 0x664A, 0x664A, 0x5E4A, 0x5E4A, 0x5E4A, 0x5E4A, 0x5E4A, 0x5E2A, 0x5E2A, 0x5E2A, 0x5E2A, 0x562A,
    0x562A, 0x562A, 0x562A, 0x560A, 0x560A, 0x560A, 0x560A, 0x560A, 0x560A, 0x4E0A, 0x4E0A, 0x4E0A, 0x4DEA, 0x4DEA, 0x4DEA, 0x4DEA,
    0x4DEA, 0x4DEA, 0x4DEA, 0x4DEA, 0x45CA, 0x45CA, 0x45CA, 0x45CA, 0x45CA, 0x45CA, 0x45CA, 0x45AA, 0x45AA, 0x3DAA, 0x3DAA, 0x3DAA,
    0x3DAA, 0x3D8A, 0x3D8A, 0x3D8A, 0x3D8A, 0x3D6A, 0x356A, 0x356A, 0x356A, 0x356A, 0x354A, 0x354A, 0x354A, 0x354A, 0x352A, 0x2D2A,
    0x96CC, 0x8EAA, 0xC734, 0xE77A, 0x8EAA, 0x96CC, 0x96CB, 0x96CB, 0x96CB, 0x96CB, 0x8ECB, 0x8ECB, 0x8EEB, 0x8ECB, 0x8ECB, 0x8ECB,
    0x8EEB, 0x8ECB, 0x8ECB, 0x8EEB, 0x8ECB, 0x86CB, 0x86EB, 0x86EB, 0x86CB, 0x86CA, 0x86CA, 0x86CA, 0x86CA, 0x86CA, 0x86CA, 0x7ECA,
    0x7ECA, 0x7ECA, 0x7ECA, 0x7ECA, 0x7ECA, 0x7ECA, 0x7EAA, 0x7EAA, 0x76AA, 0x76AA, 0x76A9, 0x76A9, 0x76A9, 0x76A9, 0x76A9, 0x76A9,
    0x76A9, 0x6E89, 0x6E89, 0x6E89, 0x6E89, 0x6E8A, 0x6E8A, 0x6E8A, 0x6E8A, 0x6E6A, 0x6E6A, 0x6E6A, 0x666A, 0x666A, 0x666A, 0x666A,
    0x666A, 0x666A, 0x664A, 0x664A, 0x664A, 0x664A, 0x5E4A, 0x5E4A, 0x5E4A, 0x5E4A, 0x5E4A, 0x5E2A, 0x5E2A, 0x5E2A, 0x5E2A, 0x562A,
    0x562A, 0x562A, 0x562A, 0x560A, 0x560A, 0x560A, 0x560A, 0x560A, 0x560A, 0x4E0A, 0x4E0A, 0x4E0A, 0x4DEA, 0x4DEA, 0x4DEA, 0x4DEA,
    0x4DEA, 0x4DEA, 0x4DEA, 0x4DEA, 0x45CA, 0x45CA, 0x45CA, 0x45CA, 0x45CA, 0x45CA, 0x45CA, 0x45AA, 0x45AA, 0x3DAA, 0x3DAA, 0x3DAA,
    0x3DAA, 0x3DAA, 0x3D8A, 0x3D8A, 0x3D8A, 0x3D8A, 0x356A, 0x356A, 0x356A, 0x356A, 0x356A, 0x354A, 0x354A, 0x354A, 0x354A, 0x2D2A,
    0x2D2A, 0x96CB, 0x96CB, 0x9EED, 0xAF10, 0x8ECB, 0x96CB, 0x96CB, 0x96CB, 0x96CB, 0x8ECB, 0x8ECB, 0x8EEB, 0x8ECB, 0x8ECB, 0x8ECB,
    0x8EEB, 0x8ECB, 0x8ECB, 0x8EEB, 0x8ECB, 0x86CB, 0x86EB, 0x86EB, 0x86CB, 0x86CA, 0x86CA, 0x86CA, 0x86CA, 0x86CA, 0x86CA, 0x7ECA,
    0x7ECA, 0x7ECA, 0x7ECA, 0x7ECA, 0x7ECA, 0x7ECA, 0x7EAA, 0x7EAA, 0x76AA, 0x76AA, 0x76AA, 0x76A9, 0x76A9, 0x76A9, 0x76A9, 0x76A9,
    0x76A9, 0x7689, 0x6E89, 0x6E89, 0x6E89, 0x6E8A, 0x6E8A, 0x6E8A, 0x6E8A, 0x6E8A, 0x6E6A, 0x6E6A, 0x666A, 0x666A, 0x666A, 0x666A,
    0x666A, 0x666A, 0x664A, 0x664A, 0x664A, 0x664A, 0x5E4A, 0x5E4A, 0x5E4A, 0x5E4A, 0x5E4A, 0x5E2A, 0x5E2A, 0x5E2A, 0x5E2A, 0x5E2A,
    0x562A, 0x562A, 0x562A, 0x560A, 0x560A, 0x560A, 0x560A, 0x560A, 0x560A, 0x4E0A, 0x4E0A, 0x4E0A, 0x4DEA, 0x4DEA, 0x4DEA, 0x4DEA,
    0x4DEA, 0x4DEA, 0x4DEA, 0x4DEA, 0x45CA, 0x45CA, 0x45CA, 0x45CA, 0x45CA, 0x45CA, 0x45CA, 0x45CA, 0x45CA, 0x45AA, 0x3DAA, 0x3DAA,
    0x3DAA, 0x3DAA, 0x3DAA, 0x3D8A, 0x3D8A, 0x3D8A, 0x358A, 0x356A, 0x356A, 0x356A, 0x356A, 0x356A, 0x354A, 0x354A, 0x354A, 0x2D4A,
    0x2D2A, 0x2D2A, 0x96CB, 0x96CB, 0x96CB, 0x8ECB, 0x96CB, 0x96CB, 0x96CB, 0x96CB, 0x8ECB, 0x8ECB, 0x8EEB, 0x8EEB, 0x8ECB, 0x8ECB,
    0x8EEB, 0x8ECB, 0x8ECB, 0x8EEB, 0x8ECB, 0x86CB, 0x86EB, 0x86EB, 0x86CB, 0x86CA, 0x86CA, 0x86CA, 0x86CA, 0x86CA, 0x86CA, 0x7ECA,
    0x7ECA, 0x7ECA, 0x7ECA, 0x7ECA, 0x7ECA, 0x7ECA, 0x7EAA, 0x7EAA, 0x76AA, 0x76AA, 0x76AA, 0x76A9, 0x76A9, 0x76A9, 0x76A9, 0x76A9,
    0x76A9, 0x7689, 0x6E89, 0x6E89, 0x6E89, 0x6E8A, 0x6E8A, 0x6E8A, 0x6E8A, 0x6E8A, 0x6E6A, 0x6E6A, 0x666A, 0x666A, 0x666A, 0x666A,
    0x666A, 0x666A, 0x664A, 0x664A, 0x664A, 0x664A, 0x5E4A, 0x5E4A, 0x5E4A, 0x5E4A, 0x5E4A, 0x5E2A, 0x5E2A, 0x5E2A, 0x5E2A, 0x5E2A,
    0x562A, 0x562A, 0x562A, 0x560A, 0x560A, 0x560A, 0x560A, 0x560A, 0x560A, 0x4E0A, 0x4E0A, 0x4E0A, 0x4DEA, 0x4DEA, 0x4DEA, 0x4DEA,
    0x4DEA, 0x4DEA, 0x4DEA, 0x4DEA, 0x45CA, 0x45CA, 0x45CA, 0x45CA, 0x45CA, 0x45CA, 0x45CA, 0x45CA, 0x45CA, 0x45AA, 0x3DAA, 0x3DAA,
    0x3DAA, 0x3DAA, 0x3DAA, 0x3D8A, 0x3D8A, 0x3D8A, 0x358A, 0x358A, 0x356A, 0x356A, 0x356A, 0x356A, 0x356A, 0x354A, 0x354A, 0x2D4A,
    0x2D4A, 0x2D2A, 0x2D2A, 0x96CB, 0x96CB, 0x96CB, 0x96CB, 0x96CB, 0x96CB, 0x8ECB, 0x8ECB, 0x8ECB, 0x8EEB, 0x8EEB, 0x8ECB, 0x8EEB,
    0x8EEB, 0x8ECB, 0x8ECB, 0x8EEB, 0x8ECB, 0x8ECB, 0x86EB, 0x86CB, 0x86CB, 0x86CA, 0x86CA, 0x86CA, 0x86CA, 0x86CA, 0x86CA, 0x7ECA,
    0x7ECA, 0x7ECA, 0x7ECA, 0x7ECA, 0x7ECA, 0x7ECA, 0x7EAA, 0x7EAA, 0x76AA, 0x76AA, 0x76AA, 0x76A9, 0x76A9, 0x76A9, 0x76A9, 0x76A9,
    0x76A9, 0x6E89, 0x6E89, 0x6E89, 0x6E8A, 0x6E8A, 0x6E8A, 0x6E8A, 0x6E8A, 0x6E8A, 0x6E6A, 0x666A, 0x666A, 0x666A, 0x666A, 0x666A,
    0x666A, 0x666A, 0x664A, 0x664A, 0x664A, 0x664A, 0x5E4A, 0x5E4A, 0x5E4A, 0x5E4A, 0x5E4A, 0x5E2A, 0x5E2A, 0x5E2A, 0x5E2A, 0x5E2A,
    0x562A, 0x562A, 0x562A, 0x560A, 0x560A, 0x560A, 0x560A, 0x560A, 0x560A, 0x4E0A, 0x4E0A, 0x4DEA, 0x4DEA, 0x4DEA, 0x4DEA, 0x4DEA,
    0x4DEA, 0x4DEA, 0x4DEA, 0x45EA, 0x45CA, 0x45CA, 0x45CA, 0x45CA, 0x45CA, 0x45CA, 0x45CA, 0x45CA, 0x45CA, 0x45AA, 0x3DAA, 0x3DAA,
    0x3DAA, 0x3DAA, 0x3DAA, 0x3D8A, 0x3D8A, 0x3D8A, 0x3D8A, 0x358A, 0x358A, 0x356A, 0x356A, 0x356A, 0x356A, 0x356A, 0x354A, 0x354A,
    0x2D4A, 0x2D4A, 0x2D2A, 0x2D2A, 0x96CB, 0x96CB, 0x96CB, 0x96CB, 0x96CB, 0x8ECB, 0x8ECB, 0x8ECB, 0x8EEB, 0x8ECB, 0x8ECB, 0x8EEB,
    0x8EEB, 0x8ECB, 0x8EEB, 0x8EEB, 0x8ECB, 0x8ECB, 0x8EEB, 0x86CB, 0x86CB, 0x86CA, 0x86CA, 0x86CA, 0x86CA, 0x86CA, 0x86CA, 0x7ECA,
    0x7ECA, 0x7ECA, 0x7ECA, 0x7ECA, 0x7ECA, 0x7ECA, 0x7EAA, 0x7EAA, 0x76AA, 0x76AA, 0x76A9, 0x76A9, 0x76A9, 0x76A9, 0x76A9, 0x76A9,
    0x76A9, 0x6E89, 0x6E89, 0x6E89, 0x6E89, 0x6E8A, 0x6E8A, 0x6E8A, 0x6E8A, 0x6E6A, 0x6E6A, 0x666A, 0x666A, 0x666A, 0x666A, 0x666A,
    0x666A, 0x666A, 0x664A, 0x664A, 0x664A, 0x5E4A, 0x5E4A, 0x5E4A, 0x5E4A, 0x5E4A, 0x5E2A, 0x5E2A, 0x5E2A, 0x5E2A, 0x5E2A, 0x562A,
    0x562A, 0x562A, 0x562A, 0x560A, 0x560A, 0x560A, 0x560A, 0x560A, 0x560A, 0x4E0A, 0x4E0A, 0x4DEA, 0x4DEA, 0x4DEA, 0x4DEA, 0x4DEA,
    0x4DEA, 0x4DEA, 0x4DEA, 0x45EA, 0x45CA, 0x45CA, 0x45CA, 0x45CA, 0x45CA, 0x45CA, 0x45CA, 0x45CA, 0x45AA, 0x3DAA, 0x3DAA, 0x3DAA,
    0x3DAA, 0x3DAA, 0x3DAA, 0x3DAA, 0x3D8B, 0x3D8B, 0x3D8B, 0x3D8A, 0x358A, 0x358A, 0x356A, 0x356A, 0x356B, 0x356B, 0x356A, 0x354A,
    0x2D4A, 0x2D4A, 0x2D4A, 0x2D2A, 0x2D2A, 0x96CB, 0x96CB, 0x96CB, 0x96CB, 0x96CB, 0x8ECB, 0x8ECB, 0x8EEB, 0x8ECB, 0x8ECB, 0x8EEB,
    0x8EEB, 0x8ECB, 0x8EEB, 0x8EEB, 0x8ECB, 0x8EEB, 0x86EB, 0x86EB, 0x86CB, 0x86CA, 0x86CA, 0x86CA, 0x86CA, 0x86CA, 0x86CA, 0x7ECA,
    0x7ECA, 0x7ECA, 0x7ECA, 0x7ECA, 0x7ECA, 0x7ECA, 0x7EAA, 0x7EAA, 0x76AA, 0x76AA, 0x76A9, 0x76A9, 0x76A9, 0x76A9, 0x76A9, 0x76A9,
    0x76A9, 0x6E89, 0x6E89, 0x6E89, 0x6E89, 0x6E8A, 0x6E8A, 0x6E8A, 0x6E8A, 0x6E6A, 0x6E6A, 0x666A, 0x666A, 0x666A, 0x666A, 0x666A,
    0x666A, 0x666A, 0x664A, 0x664A, 0x664A, 0x664A, 0x5E4A, 0x5E4A, 0x5E4A, 0x5E4A, 0x5E2A, 0x5E2A, 0x5E2A, 0x5E2A, 0x5E2A, 0x562A,
    0x562A, 0x562A, 0x562A, 0x560A, 0x560A, 0x560A, 0x560A, 0x560A, 0x560A, 0x4E0A, 0x4E0A, 0x4E0A, 0x4DEA, 0x4DEA, 0x4DEA, 0x4DEA,
    0x4DEA, 0x4DEA, 0x4DEA, 0x45EA, 0x45CA, 0x45CA, 0x45CA, 0x45CA, 0x45CA, 0x45CA, 0x45CA, 0x45CA, 0x45AA, 0x3DAA, 0x3DAA, 0x3DAA,
    0x3DAA, 0x3DAA, 0x3DAA, 0x3DAA, 0x3DAB, 0x3D8B, 0x3D8B, 0x358B, 0x358B, 0x358A, 0x358A, 0x356A, 0x356B, 0x356B, 0x356B, 0x356A,
    0x2D4A, 0x2D4A, 0x2D4A, 0x2D4A, 0x2D2A, 0x2D2A, 0x96CB, 0x96CB, 0x96CB, 0x96CB, 0x8ECB, 0x8ECB, 0x8EEB, 0x8ECB, 0x8ECB, 0x8ECB,
    0x8EEB, 0x8ECB, 0x8EEB, 0x8EEB, 0x8ECB, 0x8EEB, 0x86EB, 0x86EB, 0x86CB, 0x86CA, 0x86CA, 0x86CA, 0x86CA, 0x86CA, 0x86CA, 0x7ECA,
    0x7ECA, 0x7ECA, 0x7ECA, 0x7ECA, 0x7ECA, 0x7ECA, 0x7EAA, 0x7EAA, 0x76AA, 0x76AA, 0x76A9, 0x76A9, 0x76A9, 0x76A9, 0x76A9, 0x76A9,
    0x76A9, 0x6E89, 0x6E89, 0x6E89, 0x6E89, 0x6E8A, 0x6E8A, 0x6E8A, 0x6E8A, 0x6E6A, 0x6E6A, 0x666A, 0x666A, 0x666A, 0x666A, 0x666A,
    0x666A, 0x666A, 0x664A, 0x664A, 0x664A, 0x664A, 0x5E4A, 0x5E4A, 0x5E4A, 0x5E4A, 0x5E2A, 0x5E2A, 0x5E2A, 0x5E2A, 0x5E2A, 0x562A,
    0x562A, 0x562A, 0x562A, 0x560A, 0x560A, 0x560A, 0x560A, 0x560A, 0x560A, 0x4E0A, 0x4E0A, 0x4E0A, 0x4DEA, 0x4DEA, 0x4DEA, 0x4DEA,
    0x4DEA, 0x4DEA, 0x4DEA, 0x45EA, 0x45CA, 0x45CA, 0x45CA, 0x45CA, 0x45CA, 0x45CA, 0x45CA, 0x45CA, 0x45AA, 0x3DAA, 0x3DAA, 0x3DAA,
    0x3DAA, 0x3DAA, 0x3DAA, 0x3DAA, 0x3DAB, 0x3D8B, 0x3D8B, 0x358B, 0x358B, 0x358B, 0x358B, 0x356A, 0x356B, 0x356B, 0x356B, 0x356B,
    0x2D4B, 0x2D4A, 0x2D4A, 0x2D4A, 0x2D2B, 0x2D2B, 0x2D2A, 0x96CB, 0x96CB, 0x8ECB, 0x8ECB, 0x8ECB, 0x8EEB, 0x8ECB, 0x8ECB, 0x8ECB,
    0x8ECB, 0x8ECB, 0x8ECB, 0x8EEB, 0x8ECB, 0x86EB, 0x86EB, 0x86EB, 0x86CB, 0x86CA, 0x86CA, 0x86CA, 0x86CA, 0x86CA, 0x86CA, 0x7ECA,
    0x7ECA, 0x7ECA, 0x7ECA, 0x7ECA, 0x7ECA, 0x7ECA, 0x7EAA, 0x7EAA, 0x76AA, 0x76AA, 0x76A9, 0x76A9, 0x76A9, 0x76A9, 0x76A9, 0x76A9,
    0x76A9, 0x6E89, 0x6E89, 0x6E89, 0x6E89, 0x6E8A, 0x6E8A, 0x6E8A, 0x6E8A, 0x6E6A, 0x6E6A, 0x666A, 0x666A, 0x666A, 0x666A, 0x666A,
    0x666A, 0x666A, 0x664A, 0x664A, 0x664A, 0x664A, 0x5E4A, 0x5E4A, 0x5E4A, 0x5E4A, 0x5E2A, 0x5E2A, 0x5E2A, 0x5E2A, 0x5E2A, 0x5E2A,
    0x562A, 0x562A, 0x562A, 0x560A, 0x560A, 0x560A, 0x560A, 0x560A, 0x560A, 0x4E0A, 0x4E0A, 0x4E0A, 0x4DEA, 0x4DEA, 0x4DEA, 0x4DEA,
    0x4DEA, 0x4DEA, 0x4DEA, 0x45EA, 0x45CA, 0x45CA, 0x45CA, 0x45CA, 0x45CA, 0x45CA, 0x45CA, 0x45CA, 0x45CA, 0x3DAA, 0x3DAA, 0x3DAA,
    0x3DAA, 0x3DAA, 0x3DAA, 0x3DAA, 0x3DAB, 0x3D8B, 0x3D8B, 0x358B, 0x358B, 0x358B, 0x358B, 0x358B, 0x356B, 0x356B, 0x356B, 0x356B,
    0x2D6B, 0x2D4B, 0x2D4B, 0x2D4A, 0x2D4B, 0x2D4B, 0x2D2B, 0x2D2B, 0x96CB, 0x8ECB, 0x8ECB, 0x8ECB, 0x8EEB, 0x8EEB, 0x8ECB, 0x8ECB,
    0x8ECB, 0x8ECB, 0x8ECB, 0x8EEB, 0x8ECB, 0x86EB, 0x86EB, 0x86EB, 0x86CB, 0x86CA, 0x86CA, 0x86CA, 0x86CA, 0x86CA, 0x86CA, 0x7ECA,
    0x7ECA, 0x7ECA, 0x7ECA, 0x7ECA, 0x7ECA, 0x7ECA, 0x7EAA, 0x7EAA, 0x76AA, 0x76AA, 0x76AA, 0x76A9, 0x76A9, 0x76A9, 0x76A9, 0x76A9,
    0x76A9, 0x7689, 0x6E89, 0x6E89, 0x6E8A, 0x6E8A, 0x6E8A, 0x6E8A, 0x6E8A, 0x6E6A, 0x6E6A, 0x666A, 0x666A, 0x666A, 0x666A, 0x666A,
    0x666A, 0x666A, 0x664A, 0x664A, 0x664A, 0x5E4A, 0x5E4A, 0x5E4A, 0x5E4A, 0x5E4A, 0x5E2A, 0x5E2A, 0x5E2A, 0x5E2A, 0x5E2A, 0x5E2A,
    0x562A, 0x562A, 0x562A, 0x560A, 0x560A, 0x560A, 0x560A, 0x560A, 0x560A, 0x4E0A, 0x4E0A, 0x4E0A, 0x4DEA, 0x4DEA, 0x4DEA, 0x4DEA,
    0x4DEA, 0x4DEA, 0x4DEA, 0x45EA, 0x45CA, 0x45CA, 0x45CA, 0x45CA, 0x45CA, 0x45CA, 0x45CA, 0x45CA, 0x45CA, 0x3DAA, 0x3DAA, 0x3DAA,
    0x3DAA, 0x3DAA, 0x3DAA, 0x3DAA, 0x3DAA, 0x3D8B, 0x3D8B, 0x358B, 0x358B, 0x358B, 0x358B, 0x358B, 0x356B, 0x356B, 0x356B, 0x356B,
    0x356B, 0x2D6B, 0x2D4B, 0x2D4B, 0x2D4B, 0x2D4B, 0x2D4B, 0x2D2B, 0x2D2B, 0x8ECB, 0x8ECB, 0x8ECB, 0x8ECB, 0x8EEB, 0x8ECB, 0x8ECB,
    0x8ECB, 0x8ECB, 0x8ECB, 0x8EEB, 0x8ECB, 0x86CB, 0x86EB, 0x86EB, 0x86CB, 0x86CA, 0x86CA, 0x86CA, 0x86CA, 0x86CA, 0x86CA, 0x7ECA,
    0x7ECA, 0x7ECA, 0x7ECA, 0x7ECA, 0x7ECA, 0x7ECA, 0x7EAA, 0x7EAA, 0x76AA, 0x76AA, 0x76AA, 0x76A9, 0x76A9, 0x76A9, 0x76A9, 0x76A9,
    0x76A9, 0x7689, 0x6E89, 0x6E89, 0x6E8A, 0x6E8A, 0x6E8A, 0x6E8A, 0x6E8A, 0x6E8A, 0x6E6A, 0x666A, 0x666A, 0x666A, 0x666A, 0x666A,
    0x666A, 0x666A, 0x664A, 0x664A, 0x664A, 0x5E4A, 0x5E4A, 0x5E4A, 0x5E4A, 0x5E4A, 0x5E2A, 0x5E2A, 0x5E2A, 0x5E2A, 0x5E2A, 0x5E2A,
    0x562A, 0x562A, 0x562A, 0x560A, 0x560A, 0x560A, 0x560A, 0x560A, 0x560A, 0x4E0A, 0x4E0A, 0x4E0A, 0x4DEA, 0x4DEA, 0x4DEA, 0x4DEA,
    0x4DEA, 0x4DEA, 0x4DEA, 0x45EA, 0x45CA, 0x45CA, 0x45CA, 0x45CA, 0x45CA, 0x45CA, 0x45CA, 0x45CA, 0x45CA, 0x3DAA, 0x3DAA, 0x3DAA,
    0x3DAA, 0x3DAA, 0x3DAA, 0x3DAA, 0x3DAA, 0x3D8B, 0x3D8B, 0x358B, 0x358B, 0x358B, 0x358B, 0x358B, 0x358B, 0x356B, 0x356B, 0x356B,
    0x356B, 0x2D6B, 0x2D6B, 0x2D4B, 0x2D4B, 0x2D4B, 0x2D4B, 0x2D4B, 0x2D2B, 0x2D2B, 0x8ECB, 0x8ECB, 0x8ECB, 0x8ECB, 0x8ECB, 0x8ECB,
    0x8ECB, 0x8ECB, 0x8ECB, 0x8EEB, 0x8ECB, 0x86CB, 0x86EB, 0x86EB, 0x86CB, 0x86CA, 0x86CA, 0x86CA, 0x86CA, 0x86CA, 0x7ECA, 0x7ECA,
    0x7ECA, 0x7ECA, 0x7ECA, 0x7ECA, 0x7ECA, 0x7ECA, 0x7EAA, 0x7EAA, 0x76AA, 0x76AA, 0x76AA, 0x76A9, 0x76A9, 0x76A9, 0x76A9, 0x76A9,
    0x76A9, 0x7689, 0x6E89, 0x6E89, 0x6E8A, 0x6E8A, 0x6E8A, 0x6E8A, 0x6E8A, 0x6E8A, 0x6E6A, 0x666A, 0x666A, 0x666A, 0x666A, 0x666A,
    0x666A, 0x666A, 0x664A, 0x664A, 0x664A, 0x5E4A, 0x5E4A, 0x5E4A, 0x5E4A, 0x5E4A, 0x5E4A, 0x5E2A, 0x5E2A, 0x5E2A, 0x5E2A, 0x5E2A,
    0x562A, 0x562A, 0x562A, 0x560A, 0x560A, 0x560A, 0x560A, 0x560A, 0x560A, 0x4E0A, 0x4E0A, 0x4DEA, 0x4DEA, 0x4DEA, 0x4DEA, 0x4DEA,
    0x4DEA, 0x4DEA, 0x4DEA, 0x45EA, 0x45CA, 0x45CA, 0x45CA, 0x45CA, 0x45CA, 0x45CA, 0x45CA, 0x45CA, 0x45CA, 0x3DAA, 0x3DAA, 0x3DAA,
    0x3DAA, 0x3DAA, 0x3DAA, 0x3DAA, 0x3DAA, 0x3D8B, 0x3D8B, 0x358B, 0x358B, 0x358B, 0x358B, 0x358B, 0x358B, 0x358B, 0x356B, 0x356B,
    0x356B, 0x2D6B, 0x2D6B, 0x2D6B, 0x2D4B, 0x2D4B, 0x2D4B, 0x2D4B, 0x2D2B, 0x252B, 0x252B, 0x8ECB, 0x8ECB, 0x8ECB, 0x8ECB, 0x8ECB,
    0x8ECB, 0x8ECB, 0x8ECB, 0x8EEB, 0x8ECB, 0x86CB, 0x86EB, 0x86CB, 0x86CB, 0x86CA, 0x86CA, 0x86CA, 0x86CA, 0x86CA, 0x7ECA, 0x7ECA,
    0x7ECA, 0x7ECA, 0x7ECA, 0x7ECA, 0x7ECA, 0x7EAA, 0x7EAA, 0x7EAA, 0x76AA, 0x76AA, 0x76A9, 0x76A9, 0x76A9, 0x76A9, 0x76A9, 0x76A9,
    0x7689, 0x7689, 0x6E89, 0x6E89, 0x6E8A, 0x6E8A, 0x6E8A, 0x6E8A, 0x6E8A, 0x6E6A, 0x6E6A, 0x666A, 0x666A, 0x666A, 0x666A, 0x666A,
    0x666A, 0x666A, 0x664A, 0x664A, 0x664A, 0x5E4A, 0x5E4A, 0x5E4A, 0x5E4A, 0x5E4A, 0x5E2A, 0x5E2A, 0x5E2A, 0x5E2A, 0x5E2A, 0x5E2A,
    0x562A, 0x562A, 0x562A, 0x560A, 0x560A, 0x560A, 0x560A, 0x560A, 0x560A, 0x560A, 0x4E0A, 0x4DEA, 0x4DEA, 0x4DEA, 0x4DEA, 0x4DEA,
    0x4DEA, 0x4DEA, 0x4DEB, 0x4DEA, 0x45CA, 0x45CA, 0x45CA, 0x45CA, 0x45CA, 0x45CA, 0x45CA, 0x45CA, 0x45AA, 0x3DAA, 0x3DAA, 0x3DAA,
    0x3DAA, 0x3DAA, 0x3DAA, 0x3DAA, 0x3DAB, 0x3D8B, 0x3D8B, 0x3D8B, 0x358B, 0x358B, 0x358B, 0x358B, 0x358B, 0x356B, 0x356B, 0x356B,
    0x356B, 0x2D6B, 0x2D6B, 0x2D6B, 0x2D4B, 0x2D4B, 0x2D4B, 0x2D4B, 0x2D2B, 0x252B, 0x252B, 0x252B, 0x8ECB, 0x8ECB, 0x8ECB, 0x8ECB,
    0x8ECB, 0x8ECB, 0x8ECB, 0x8ECB, 0x8ECB, 0x86CB, 0x86EB, 0x86EB, 0x86CA, 0x86CA, 0x86CA, 0x86CA, 0x86CA, 0x86CA, 0x86CA, 0x7ECA,
    0x7ECA, 0x7ECA, 0x7ECA, 0x7ECA, 0x7ECA, 0x7EAA, 0x7EAA, 0x7EAA, 0x76AA, 0x76AA, 0x76A9, 0x76A9, 0x76A9, 0x76A9, 0x76A9, 0x76A9,
    0x7689, 0x6E89, 0x6E89, 0x6E89, 0x6E8A, 0x6E8A, 0x6E8A, 0x6E8A, 0x6E8A, 0x6E6A, 0x6E6A, 0x666A, 0x666A, 0x666A, 0x666A, 0x666A,
    0x666A, 0x666A, 0x664A, 0x664A, 0x664A, 0x5E4A, 0x5E4A, 0x5E4A, 0x5E4A, 0x5E4A, 0x5E2A, 0x5E2A, 0x5E2A, 0x5E2A, 0x5E2A, 0x562A,
    0x562A, 0x562A, 0x562A, 0x560A, 0x560A, 0x560A, 0x560A, 0x560A, 0x560A, 0x4E0A, 0x4E0A, 0x4DEA, 0x4DEA, 0x4DEA, 0x4DEA, 0x4DEA,
    0x45CA, 0x45A9, 0x3DA9, 0x3D89, 0x45AA, 0x45CB, 0x45CA, 0x45CA, 0x45CA, 0x45CA, 0x45CA, 0x45CA, 0x45AA, 0x3DAA, 0x3DAA, 0x3DAA,
    0x3DAA, 0x3DAA, 0x3DAA, 0x3DAA, 0x3DAB, 0x3D8B, 0x3D8B, 0x358B, 0x358B, 0x358B, 0x358B, 0x358B, 0x358B, 0x356B, 0x356B, 0x356B,
    0x356B, 0x2D6B, 0x2D6B, 0x2D6B, 0x2D4B, 0x2D4B, 0x2D4B, 0x2D4B, 0x2D4B, 0x2D4B, 0x252B, 0x252B, 0x252B, 0x8ECB, 0x8ECB, 0x8ECB,
    0x8ECB, 0x8ECB, 0x8ECB, 0x8ECB, 0x8ECB, 0x86CB, 0x86EB, 0x86EB, 0x86CB, 0x86CA, 0x86CA, 0x86CA, 0x86CA, 0x86CA, 0x86CA, 0x7ECA,
    0x7ECA, 0x7ECA, 0x7ECA, 0x7ECA, 0x7ECA, 0x7EAA, 0x7EAA, 0x7EAA, 0x76AA, 0x76AA, 0x76A9, 0x76A9, 0x76A9, 0x76A9, 0x76A9, 0x76A9,
    0x7689, 0x6E89, 0x6E89, 0x6E89, 0x6E8A, 0x6E8A, 0x6E8A, 0x6E8A, 0x6E8A, 0x6E6A, 0x6E6A, 0x666A, 0x666A, 0x666A, 0x666A, 0x666A,
    0x666A, 0x666A, 0x664A, 0x664A, 0x664A, 0x5E4A, 0x5E4A, 0x5E4A, 0x5E4A, 0x5E4A, 0x5E2A, 0x5E2A, 0x5E2A, 0x5E2A, 0x5E2A, 0x562A,
    0x562A, 0x562A, 0x562A, 0x560A, 0x560A, 0x560A, 0x560A, 0x560A, 0x560A, 0x4E0A, 0x4E0A, 0x4DEA, 0x4DEA, 0x4DEA, 0x4DCA, 0x45A9,
    0x4589, 0x4D8B, 0x5DCC, 0x6E0F, 0x7630, 0x55AC, 0x3569, 0x45AA, 0x45CA, 0x45CA, 0x45CA, 0x45CA, 0x45AA, 0x3DAA, 0x3DAA, 0x3DAA,
    0x3DAA, 0x3DAA, 0x3DAA, 0x3DAA, 0x3DAB, 0x3D8B, 0x3D8B, 0x358B, 0x358B, 0x358B, 0x358B, 0x358B, 0x358B, 0x356B, 0x356B, 0x356B,
    0x356B, 0x2D6B, 0x2D6B, 0x2D6B, 0x2D6B, 0x2D4B, 0x2D4B, 0x2D4B, 0x2D4B, 0x2D4B, 0x2D4B, 0x252B, 0x252B, 0x252B, 0x8ECB, 0x8ECB,
    0x8ECB, 0x8ECB, 0x8ECB, 0x8ECB, 0x8ECB, 0x86CB, 0x86EB, 0x86EB, 0x86CB, 0x86CA, 0x86CA, 0x86CA, 0x86CA, 0x86CA, 0x86CA, 0x7ECA,
    0x7ECA, 0x7ECA, 0x7ECA, 0x7ECA, 0x7ECA, 0x7EAA, 0x7EAA, 0x7EAA, 0x76AA, 0x76AA, 0x76A9, 0x76A9, 0x76A9, 0x76A9, 0x76A9, 0x76A9,
    0x76A9, 0x6E89, 0x6E89, 0x6E89, 0x6E8A, 0x6E8A, 0x6E8A, 0x6E8A, 0x6E8A, 0x6E6A, 0x6E6A, 0x666A, 0x666A, 0x666A, 0x666A, 0x666A,
    0x666A, 0x666A, 0x664A, 0x664A, 0x664A, 0x5E4A, 0x5E4A, 0x5E4A, 0x5E4A, 0x5E4A, 0x5E2A, 0x5E2A, 0x5E2A, 0x5E2A, 0x5E2A, 0x562A,
    0x562A, 0x560A, 0x560A, 0x4DE9, 0x45A8, 0x45A8, 0x45A9, 0x45A8, 0x45A8, 0x4DC9, 0x55EA, 0x4DEA, 0x4DEA, 0x4DEA, 0x4DEA, 0x4589,
    0xAED5, 0xDF7B, 0xEFBD, 0xFFFF, 0xFFFF, 0xFFFF, 0xF7DE, 0x8E72, 0x3549, 0x45AA, 0x45AA, 0x45CA, 0x45CA, 0x3DAA, 0x3DAA, 0x3DAA,
    0x3DAA, 0x3DAA, 0x3DAA, 0x3DAA, 0x3DAB, 0x3D8B, 0x3D8B, 0x358B, 0x358B, 0x358B, 0x358B, 0x358B, 0x358B, 0x356B, 0x356B, 0x356B,
    0x356B, 0x2D6B, 0x2D6B, 0x2D6B, 0x2D6B, 0x2D6B, 0x2D4B, 0x2D4B, 0x2D4B, 0x2D4B, 0x2D4B, 0x252B, 0x252B, 0x252B, 0x252B, 0x8ECB,
    0x8ECB, 0x8ECB, 0x8ECB, 0x8ECB, 0x8ECB, 0x86CB, 0x86CB, 0x86EB, 0x86CB, 0x86CA, 0x86CA, 0x86CA, 0x86CA, 0x86CA, 0x86CA, 0x7ECA,
    0x7ECA, 0x7ECA, 0x7ECA, 0x7ECA, 0x7ECA, 0x7EAA, 0x7EAA, 0x7EAA, 0x76AA, 0x76AA, 0x76A9, 0x76A9, 0x76A9, 0x76A9, 0x76A9, 0x76A9,
    0x76A9, 0x7689, 0x6E89, 0x6E89, 0x6E8A, 0x6E8A, 0x6E8A, 0x6E8A, 0x6E8A, 0x6E6A, 0x6E6A, 0x666A, 0x666A, 0x666A, 0x666A, 0x666A,
    0x666A, 0x666A, 0x664A, 0x664A, 0x664A, 0x664A, 0x5E4A, 0x5E4A, 0x5E4A, 0x5E2A, 0x5E2A, 0x5629, 0x5609, 0x560A, 0x5E2A, 0x562A,
    0x562A, 0x560A, 0x560A, 0x45A8, 0x65EC, 0x9E93, 0xC738, 0xD75A, 0xC738, 0x9E93, 0x5DCC, 0x3D88, 0x4DEA, 0x4DEA, 0x4DEA, 0x4DCA,
    0x3528, 0xBF18, 0xFFFF, 0xFFFF, 0xF7DF, 0xF7DE, 0xFFFF, 0xFFFF, 0xFFFF, 0x65AE, 0x3549, 0x45AA, 0x45AA, 0x3DAA, 0x3DAA, 0x3DAA,
    0x3DAA, 0x3DAA, 0x3DAA, 0x3DAA, 0x3DAA, 0x3D8B, 0x3D8B, 0x358B, 0x358B, 0x358B, 0x358B, 0x358B, 0x358B, 0x356B, 0x356B, 0x356B,
    0x356B, 0x2D6B, 0x2D6B, 0x2D6B, 0x2D6B, 0x2D6B, 0x2D4B, 0x2D4B, 0x2D4B, 0x2D4B, 0x2D4B, 0x254B, 0x254B, 0x252B, 0x252B, 0x252B,
    0x8ECB, 0x8ECB, 0x8ECB, 0x8ECB, 0x8ECB, 0x86CB, 0x86CB, 0x86EB, 0x86CB, 0x86CA, 0x86CA, 0x86CA, 0x86CA, 0x86CA, 0x86CA, 0x7ECA,
    0x7ECA, 0x7ECA, 0x7ECA, 0x7ECA, 0x7ECA, 0x7EAA, 0x7EAA, 0x7EAA, 0x76AA, 0x76AA, 0x76A9, 0x76A9, 0x76A9, 0x76A9, 0x76A9, 0x76A9,
    0x76A9, 0x7689, 0x6E89, 0x6E89, 0x6E8A, 0x6E8A, 0x6E8A, 0x6E8A, 0x6E8A, 0x6E6A, 0x6E6A, 0x6E6A, 0x666A, 0x666A, 0x666A, 0x666A,
    0x666A, 0x664A, 0x664A, 0x5E49, 0x5E29, 0x5E29, 0x5E2A, 0x5E4A, 0x5E2A, 0x5E2A, 0x5E0A, 0x55E9, 0x5DEA, 0x6E2C, 0x662B, 0x560A,
    0x562A, 0x560A, 0x55EA, 0x4588, 0x9672, 0xF7DE, 0xFFFF, 0xFFFF, 0xFFFF, 0xFFFF, 0xFFFF, 0xF7DE, 0x8630, 0x3D68, 0x4DCA, 0x4DCA,
    0x4DAA, 0x34E7, 0x9E53, 0xFFFF, 0xFFFF, 0x7D90, 0x3448, 0xA655, 0xFFFF, 0xFFFF, 0x9E74, 0x2D08, 0x45AB, 0x3DAA, 0x3DAA, 0x3DAA,
    0x3DAA, 0x3DAA, 0x3DAA, 0x3DAA, 0x3DAA, 0x3D8B, 0x3D8B, 0x358B, 0x358B, 0x358B, 0x358B, 0x358B, 0x358B, 0x358B, 0x356B, 0x356B,
    0x356B, 0x2D6B, 0x2D6B, 0x2D6B, 0x2D6B, 0x2D6B, 0x2D4B, 0x2D4B, 0x2D4B, 0x2D4B, 0x2D4B, 0x254B, 0x254B, 0x252B, 0x252B, 0x252B,
    0x252B, 0x8ECB, 0x8ECB, 0x8ECB, 0x8ECB, 0x86CB, 0x86CB, 0x86CB, 0x86CB, 0x86CA, 0x86CA, 0x86CA, 0x86CA, 0x86CA, 0x86CA, 0x7ECA,
    0x7ECA, 0x7ECA, 0x7ECA, 0x7ECA, 0x7ECA, 0x7EAA, 0x7EAA, 0x7EAA, 0x76AA, 0x76AA, 0x76A9, 0x76A9, 0x76A9, 0x76A9, 0x76A9, 0x76A9,
    0x76A9, 0x7689, 0x6E89, 0x6E89, 0x6E8A, 0x6E8A, 0x6E8A, 0x6E8A, 0x6E6A, 0x6E6A, 0x6E6A, 0x666A, 0x666A, 0x666A, 0x666A, 0x666A,
    0x666A, 0x666A, 0x664A, 0x662A, 0x5E0A, 0x660B, 0x762C, 0x5E0A, 0x5E29, 0x5E2A, 0x5E0A, 0x55C9, 0xBF17, 0xEFDD, 0xF7DE, 0x762D,
    0x4DC9, 0x560A, 0x560A, 0x4588, 0x8E71, 0xFFFF, 0xFFFF, 0xFFFF, 0xFFFF, 0xF7DE, 0xFFFF, 0xFFFF, 0xFFFF, 0xFFFF, 0x75EF, 0x3D68,
    0x4DCA, 0x4DAA, 0x34E7, 0x85F1, 0xFFFF, 0xFFFF, 0x756F, 0x0322, 0x5CED, 0xFFFF, 0xFFFF, 0xA675, 0x2CC8, 0x458A, 0x3DAA, 0x3DAA,
    0x3DAA, 0x3DAA, 0x3DAA, 0x3DAA, 0x3DAA, 0x3D8B, 0x3D8B, 0x358B, 0x358B, 0x358B, 0x358B, 0x358B, 0x358B, 0x358B, 0x356B, 0x356B,
    0x356B, 0x2D6B, 0x2D6B, 0x2D6B, 0x2D6B, 0x2D6B, 0x2D4B, 0x2D4B, 0x2D4B, 0x2D4B, 0x2D4B, 0x254B, 0x252B, 0x252B, 0x252B, 0x252B,
    0x252B, 0x252B, 0x8ECB, 0x8ECB, 0x86CB, 0x86CB, 0x86CB, 0x86CB, 0x86CB, 0x86CA, 0x86CA, 0x86CA, 0x86CA, 0x86CA, 0x86CA, 0x7ECA,
    0x7ECA, 0x7ECA, 0x7ECA, 0x7ECA, 0x7ECA, 0x7EAA, 0x7EAA, 0x76AA, 0x76AA, 0x76AA, 0x76A9, 0x76A9, 0x76A9, 0x76A9, 0x76AA, 0x76AA,
    0x76AA, 0x6E89, 0x6E89, 0x6E89, 0x6E8A, 0x6E8A, 0x6E8A, 0x6E8A, 0x6E6A, 0x6E69, 0x6649, 0x5E08, 0x5E08, 0x6629, 0x6629, 0x664A,
    0x664A, 0x664A, 0x664A, 0x664A, 0x55E8, 0xBF16, 0xF7DE, 0xFFFF, 0x9EB3, 0x4DA8, 0x5E0A, 0x55C9, 0x5DAB, 0xF7DE, 0xFFFF, 0xDF7B,
    0x4D69, 0x55C9, 0x55EA, 0x4DC9, 0x5D8B, 0xF7DE, 0xFFFF, 0xFFFF, 0xC6D8, 0x5CEB, 0x4489, 0x650D, 0xD73A, 0xFFFF, 0xFFFF, 0xDF7C,
    0x4549, 0x458A, 0x4DAA, 0x34E8, 0x6D8E, 0xFFFF, 0xFFFF, 0xAE76, 0x6D4E, 0xDF5B, 0xFFFF, 0xFFFF, 0x6D8F, 0x2CE8, 0x3D8A, 0x3DAA,
    0x3DAA, 0x3DAA, 0x3DAA, 0x3DAA, 0x3DAB, 0x3D8B, 0x3D8B, 0x358B, 0x358B, 0x358B, 0x358B, 0x358B, 0x358B, 0x358B, 0x356B, 0x356B,
    0x2D6B, 0x2D6B, 0x2D6B, 0x2D6B, 0x2D6B, 0x2D6B, 0x2D4B, 0x2D4B, 0x2D4B, 0x2D4B, 0x2D4B, 0x254B, 0x254B, 0x254B, 0x252B, 0x252B,
    0x252B, 0x252B, 0x252B, 0x8ECB, 0x86CB, 0x86CB, 0x86CB, 0x86CB, 0x86CA, 0x86CA, 0x86CA, 0x86CA, 0x86CA, 0x86CA, 0x86CA, 0x7ECA,
    0x7ECA, 0x7ECA, 0x7ECA, 0x7ECA, 0x7ECA, 0x7EAA, 0x7EAA, 0x7EAA, 0x7EAA, 0x7EAA, 0x76A9, 0x76A9, 0x76A9, 0x76A9, 0x6E89, 0x6E89,
    0x6E68, 0x6E89, 0x6E89, 0x6E89, 0x6E8A, 0x6E8A, 0x6E8A, 0x6E8A, 0x6E8A, 0x6E6A, 0x6649, 0x6E2A, 0xBF36, 0xD759, 0xE79B, 0x866F,
    0x55E8, 0x664A, 0x664A, 0x664A, 0x662A, 0x55A8, 0x7E0E, 0xFFFF, 0xFFFF, 0xEFBD, 0x5DAA, 0x55C9, 0x4568, 0x860F, 0xFFFF, 0xFFFF,
    0xAEB5, 0x3D07, 0x55CA, 0x55EA, 0x3D68, 0x8E52, 0xFFFF, 0xFFFF, 0xD71A, 0x2C26, 0x2C46, 0x3487, 0x2426, 0x3C68, 0xE79C, 0xFFFF,
    0xFFFF, 0x6DCE, 0x3D48, 0x45AA, 0x3508, 0x5D2C, 0xFFFF, 0xFFFF, 0xFFFF, 0xFFFF, 0xFFFF, 0xF7BE, 0x85B1, 0x2C88, 0x3D29, 0x3D8A,
    0x3DAA, 0x3DAA, 0x3DAA, 0x3DAA, 0x3DAB, 0x3D8B, 0x3D8B, 0x358B, 0x358B, 0x358B, 0x358B, 0x358B, 0x358B, 0x356B, 0x356B, 0x356B,
    0x356B, 0x2D6B, 0x2D6B, 0x2D6B, 0x2D6B, 0x2D6B, 0x2D4B, 0x2D4B, 0x2D4B, 0x2D4B, 0x2D4B, 0x254B, 0x254B, 0x254B, 0x252B, 0x252B,
    0x252B, 0x252B, 0x252B, 0x252B, 0x86CB, 0x86CB, 0x86CB, 0x86CB, 0x86CB, 0x86CA, 0x86CA, 0x86CA, 0x86CA, 0x86CA, 0x86CA, 0x7ECA,
    0x7ECA, 0x7ECA, 0x7ECA, 0x7EAA, 0x7EAA, 0x7EAA, 0x7EAA, 0x76AA, 0x7689, 0x6E89, 0x6E88, 0x76A9, 0x76A9, 0x7689, 0x6E89, 0x6E6A,
    0x7E6B, 0x868D, 0x766A, 0x6E69, 0x6E8A, 0x6E8A, 0x6E8A, 0x6E8A, 0x6E8A, 0x6E6A, 0x6E6A, 0x55E8, 0x8E4F, 0xFFFF, 0xFFFF, 0xFFFF,
    0xD77A, 0x55A8, 0x5E09, 0x664A, 0x664A, 0x5E2A, 0x5DC9, 0x3D06, 0xB6D6, 0xFFFF, 0xFFFF, 0xAEB5, 0x4547, 0x4527, 0xAEB5, 0xFFFF,
    0xFFFF, 0x75AE, 0x3D07, 0x55CA, 0x55CA, 0x3D27, 0xAEB6, 0xFFFF, 0xFFFF, 0x85D1, 0x2C66, 0x4509, 0x4529, 0x4509, 0x2C46, 0xA655,
    0xFFFF, 0xFFFF, 0x8E12, 0x3508, 0x458A, 0x3D29, 0x44EA, 0xEFBD, 0xFFFF, 0xEFBE, 0xFFDF, 0xFFFF, 0xEFBD, 0x4CCB, 0x2487, 0x3D4A,
    0x3D8A, 0x3DAA, 0x3DAA, 0x3DAA, 0x3DAB, 0x3D8B, 0x3D8B, 0x358B, 0x358B, 0x358B, 0x358B, 0x358B, 0x358B, 0x356B, 0x356B, 0x356B,
    0x356B, 0x2D6B, 0x2D6B, 0x2D6B, 0x2D6B, 0x2D6B, 0x2D4B, 0x2D4B, 0x2D4B, 0x2D4B, 0x254B, 0x254B, 0x254B, 0x254B, 0x252B, 0x252B,
    0x252B, 0x252B, 0x252B, 0x252B, 0x252B, 0x86CB, 0x86CB, 0x86CB, 0x86CB, 0x86CA, 0x86CA, 0x86CA, 0x86CA, 0x86CA, 0x86CA, 0x7ECA,
    0x7ECA, 0x7ECA, 0x7ECA, 0x7ECA, 0x7EAA, 0x7689, 0x6E48, 0x6E48, 0x6E29, 0x764A, 0x866C, 0x8EAE, 0x766A, 0x7689, 0x768A, 0x6627,
    0xA6D2, 0xF7DE, 0xFFFF, 0x9690, 0x5E08, 0x6E6A, 0x6E8A, 0x6E8A, 0x6E8A, 0x6E6A, 0x6669, 0x664A, 0x5587, 0xAEB4, 0xFFFF, 0xFFFF,
    0xFFFF, 0xFFFF, 0x8E2F, 0x4DA8, 0x662A, 0x5E4A, 0x5E2A, 0x5DE9, 0x4D28, 0x552A, 0xF7BE, 0xFFFF, 0xF7DE, 0x5D6B, 0x3CC7, 0xD75A,
    0xFFFF, 0xEFBD, 0x4D09, 0x4548, 0x55CA, 0x55CA, 0x3D07, 0xAE95, 0xFFFF, 0xFFFF, 0x85D0, 0x34A7, 0x4D6A, 0x458A, 0x4D6A, 0x2C86,
    0xA675, 0xFFFF, 0xFFFF, 0x8611, 0x34E8, 0x458A, 0x3D49, 0x3CA8, 0xDF5B, 0xFFFF, 0xCEF9, 0x85B2, 0xFFFF, 0xFFFF, 0xF7BE, 0x554C,
    0x2CE8, 0x3D8B, 0x3D8A, 0x3DAA, 0x3DAB, 0x3D8B, 0x3D8B, 0x358B, 0x358B, 0x358B, 0x358B, 0x358B, 0x358B, 0x356B, 0x356B, 0x356B,
    0x356B, 0x2D6B, 0x2D6B, 0x2D6B, 0x2D6B, 0x2D6B, 0x2D4B, 0x2D4B, 0x2D4B, 0x2D4B, 0x254B, 0x254B, 0x254B, 0x254B, 0x252B, 0x252B,
    0x252B, 0x252B, 0x252B, 0x252B, 0x252B, 0x1D0B, 0x86CB, 0x86CB, 0x86CB, 0x86CA, 0x86CA, 0x86CA, 0x86CA, 0x86CA, 0x86CA, 0x7ECA,
    0x7ECA, 0x7ECA, 0x7ECA, 0x7ECA, 0x7ECA, 0x7689, 0x7E8B, 0xC736, 0xD779, 0xE79B, 0xEFBC, 0xFFDE, 0xFFFF, 0x7E4C, 0x6E48, 0x766A,
    0x5DE7, 0x9670, 0xFFFF, 0xFFFF, 0x9E92, 0x5DC7, 0x6E6A, 0x6E69, 0x6E8A, 0x6E6A, 0x6E6A, 0x6669, 0x6629, 0x5568, 0xD739, 0xFFFF,
    0xEF9D, 0xF7BE, 0xFFFF, 0xDF7B, 0x5588, 0x5E09, 0x5E2A, 0x5E2A, 0x5E09, 0x55A9, 0x3CA6, 0x9E33, 0xFFFF, 0xFFFF, 0xB6B6, 0x4CC9,
    0xFFFF, 0xFFFF, 0xC6F8, 0x3CC7, 0x4D89, 0x4DEA, 0x55CA, 0x3D07, 0x8E11, 0xFFFF, 0xFFFF, 0xCF3A, 0x34C7, 0x3D48, 0x4589, 0x3507,
    0x44E9, 0xE79D, 0xFFFF, 0xFFFF, 0x656E, 0x3508, 0x458A, 0x3D4A, 0x2CA8, 0xCF1A, 0xFFFF, 0xEF9D, 0x23E7, 0x9E34, 0xFFFF, 0xFFFF,
    0xEF9D, 0x556C, 0x2D29, 0x3D8B, 0x3DAA, 0x3D8B, 0x3D8B, 0x358B, 0x358B, 0x358B, 0x358B, 0x358B, 0x358B, 0x356B, 0x356B, 0x356B,
    0x356B, 0x2D6B, 0x2D6B, 0x2D6B, 0x2D6B, 0x2D6B, 0x2D4B, 0x2D4B, 0x2D4B, 0x2D4B, 0x254B, 0x254B, 0x254B, 0x254B, 0x252B, 0x252B,
    0x252B, 0x252B, 0x252B, 0x252B, 0x252B, 0x1D0B, 0x1D0B, 0x86CB, 0x86CB, 0x86CA, 0x86CA, 0x86CA, 0x86CA, 0x86CA, 0x86CA, 0x7ECA,
    0x7ECA, 0x7ECA, 0x7ECA, 0x7ECA, 0x7ECA, 0x7ECA, 0x6E49, 0x7E2C, 0xFFFF, 0xFFFF, 0xFFFF, 0xFFFF, 0xFFFF, 0xFFFF, 0x864D, 0x6628,
    0x6E6A, 0x5DC7, 0x7DED, 0xFFFF, 0xFFFF, 0xAEB4, 0x5587, 0x6E4A, 0x6E69, 0x6E6A, 0x6E6A, 0x666A, 0x664A, 0x5DE9, 0x658A, 0xEFBD,
    0xFFFF, 0xAE55, 0x9E13, 0xFFFF, 0xFFFF, 0x8E51, 0x4D87, 0x5E2A, 0x5E2A, 0x5E2A, 0x55C9, 0x4D48, 0x44C8, 0xE77C, 0xFFFF, 0xF7BE,
    0xAE75, 0xFFFF, 0xFFFF, 0x9612, 0x34C7, 0x55AA, 0x4DEA, 0x4DCA, 0x4548, 0x550A, 0xF7DE, 0xFFFF, 0xFFFF, 0xBEF8, 0x5D8C, 0x4D6A,
    0x6DAE, 0xD75A, 0xFFFF, 0xFFFF, 0xDF5B, 0x34A8, 0x3D49, 0x458A, 0x456A, 0x2CA7, 0xB6B7, 0xFFFF, 0xFFFF, 0x4CAB, 0x1BC5, 0xBEB8,
    0xFFFF, 0xFFFF, 0xE79C, 0x4D6C, 0x356A, 0x3D8B, 0x3D8B, 0x358B, 0x358B, 0x358B, 0x358B, 0x358B, 0x358B, 0x356B, 0x356B, 0x356B,
    0x356B, 0x2D6B, 0x2D6B, 0x2D6B, 0x2D6B, 0x2D6B, 0x2D4B, 0x2D4B, 0x2D4B, 0x2D4B, 0x2D4B, 0x254B, 0x254B, 0x254B, 0x252B, 0x252B,
    0x252B, 0x252B, 0x252B, 0x252B, 0x252B, 0x1D0B, 0x1D0B, 0x1D0B, 0x86CB, 0x86CA, 0x86CA, 0x86CA, 0x86CA, 0x86CA, 0x86CA, 0x7ECA,
    0x7ECA, 0x7ECA, 0x7ECA, 0x7ECA, 0x7ECA, 0x7EAA, 0x7ECA, 0x6E49, 0x6DC9, 0xEFBC, 0xFFFF, 0xE79C, 0x8DF0, 0x7DAD, 0x75AB, 0x65C9,
    0x6E29, 0x6E49, 0x5DC8, 0x6DAB, 0xFFDF, 0xFFFF, 0xC6F7, 0x5567, 0x6629, 0x6E6A, 0x6E6A, 0x666A, 0x666A, 0x664A, 0x55A8, 0x860E,
    0xFFFF, 0xFFFF, 0x8DB0, 0x3C47, 0xF7DE, 0xFFFF, 0xE79C, 0x5589, 0x55E9, 0x5E2A, 0x5E2A, 0x5609, 0x55A9, 0x3CC6, 0x7DAF, 0xFFFF,
    0xFFFF, 0xFFFF, 0xFFFF, 0xFFFF, 0x654C, 0x3D28, 0x4DCA, 0x4DEA, 0x4DEA, 0x4D89, 0x34A7, 0x8DF2, 0xFFFF, 0xFFFF, 0xFFFF, 0xFFFF,
    0xEFBD, 0xFFFF, 0xFFFF, 0xFFFF, 0xFFFF, 0x654D, 0x2CA7, 0x456A, 0x458A, 0x458A, 0x2CC7, 0x9633, 0xEFBD, 0xD73A, 0x550C, 0x2427,
    0x3489, 0x756F, 0x5D2D, 0x552C, 0x454B, 0x356A, 0x3D8B, 0x358B, 0x358B, 0x358B, 0x358B, 0x358B, 0x358B, 0x358B, 0x356B, 0x356B,
    0x356B, 0x2D6B, 0x2D6B, 0x2D6B, 0x2D6B, 0x2D6B, 0x2D4B, 0x2D4B, 0x2D4B, 0x2D4B, 0x2D4B, 0x254B, 0x254B, 0x254B, 0x252B, 0x252B,
    0x252B, 0x252B, 0x252B, 0x252B, 0x252B, 0x1D2B, 0x1D2B, 0x1D0B, 0x1D0B, 0x86CA, 0x86CA, 0x86CA, 0x86CA, 0x86CA, 0x86CA, 0x7ECA,
    0x7ECA, 0x7ECA, 0x7ECA, 0x7ECA, 0x7ECA, 0x7EAA, 0x7EAA, 0x7ECA, 0x6E29, 0x5D68, 0xDF7B, 0xFFFF, 0xE77B, 0x3C65, 0x44A5, 0x5D68,
    0x65C9, 0x6E29, 0x6E49, 0x65E8, 0x5D69, 0xEF9D, 0xFFFF, 0xD75A, 0x5567, 0x6629, 0x666A, 0x666A, 0x666A, 0x666A, 0x664A, 0x4D67,
    0xA693, 0xFFFF, 0xFFFF, 0x6D2D, 0x3446, 0xBEB7, 0xFFFF, 0xFFFF, 0x9E72, 0x4567, 0x5E0A, 0x5E2A, 0x5E0A, 0x55C9, 0x4D69, 0x3CA7,
    0xCF19, 0xFFFF, 0xFFFF, 0xFFFF, 0xDF7B, 0x3CC8, 0x4D69, 0x4DCA, 0x4DEA, 0x4DEA, 0x4DA9, 0x4529, 0x3487, 0x9613, 0xFFFF, 0xFFFF,
    0xFFFF, 0xFFFF, 0xFFFF, 0xFFFF, 0xE77C, 0x6D4E, 0x2C67, 0x3D29, 0x458A, 0x45AA, 0x3D8A, 0x3D29, 0x3CEA, 0x3CCA, 0x2C88, 0x34A8,
    0x34C9, 0x34C9, 0x2467, 0x2487, 0x2CC8, 0x352A, 0x356A, 0x358B, 0x358B, 0x358B, 0x358B, 0x358B, 0x358B, 0x358B, 0x356B, 0x356B,
    0x356B, 0x2D6B, 0x2D6B, 0x2D6B, 0x2D6B, 0x2D6B, 0x2D4B, 0x2D4B, 0x2D4B, 0x2D4B, 0x254B, 0x254B, 0x254B, 0x254B, 0x252B, 0x252B,
    0x252B, 0x252B, 0x252B, 0x252B, 0x1D2B, 0x1D2B, 0x1D2B, 0x1D0B, 0x1D0B, 0x1D0B, 0x86CA, 0x86CA, 0x86CA, 0x86CA, 0x86CA, 0x7ECA,
    0x7ECA, 0x7ECA, 0x7ECA, 0x7ECA, 0x7ECA, 0x7EAA, 0x7EAA, 0x7EAA, 0x76CA, 0x6E49, 0x5567, 0xCF18, 0xFFFF, 0xFFFF, 0xCF18, 0xDF5A,
    0xF7BD, 0x8E6E, 0x5E08, 0x6E49, 0x6609, 0x5548, 0xDF5A, 0xFFFF, 0xE79C, 0x5D68, 0x6609, 0x664A, 0x666A, 0x666A, 0x664A, 0x6609,
    0x4D67, 0xCF39, 0xFFFF, 0xFFFF, 0xE77C, 0xF7DE, 0xFFFF, 0xFFFF, 0xFFFF, 0xEFBD, 0x5589, 0x55C9, 0x5E2A, 0x5E2A, 0x55EA, 0x55A9,
    0x3CE7, 0x654C, 0xFFFF, 0xFFFF, 0xFFFF, 0xAE95, 0x34C7, 0x4DAA, 0x4DEA, 0x4DEA, 0x4DEA, 0x4DCA, 0x4589, 0x4509, 0x2C66, 0x54EC,
    0xA654, 0xC6F9, 0xCEF9, 0xB6B7, 0x85D1, 0x3C89, 0x2C67, 0x3D09, 0x3D6A, 0x45AA, 0x45AA, 0x3DAA, 0x3D6A, 0x3509, 0x34E9, 0x3509,
    0x3529, 0x352A, 0x352A, 0x3D2A, 0x352A, 0x354A, 0x356A, 0x356A, 0x358B, 0x358B, 0x358B, 0x358B, 0x358B, 0x356B, 0x356B, 0x356B,
    0x2D6B, 0x2D6B, 0x2D6B, 0x2D6B, 0x2D6B, 0x2D6B, 0x2D4B, 0x2D4B, 0x2D4B, 0x2D4B, 0x254B, 0x254B, 0x254B, 0x254B, 0x252B, 0x252B,
    0x252B, 0x252B, 0x252B, 0x252B, 0x1D2B, 0x1D2B, 0x1D2B, 0x1D0B, 0x1D0B, 0x1D0B, 0x1D0B, 0x86CA, 0x86CA, 0x86CA, 0x86CA, 0x7ECA,
    0x7ECA, 0x7ECA, 0x7ECA, 0x7ECA, 0x7ECA, 0x7EAA, 0x7EAA, 0x76AA, 0x76AA, 0x76AA, 0x7649, 0x5566, 0xB6B5, 0xFFFF, 0xFFFF, 0xFFFF,
    0xFFFF, 0xFFFF, 0xA6B2, 0x5DE7, 0x6E4A, 0x6609, 0x4D27, 0xCF18, 0xFFFF, 0xEFBD, 0x658A, 0x5DC8, 0x5E29, 0x6649, 0x666A, 0x664A,
    0x5DE9, 0x5D8A, 0xEFBD, 0xFFFF, 0xFFFF, 0xFFFF, 0xFFFF, 0xF7BE, 0xF7DE, 0xFFFF, 0xFFFF, 0x9E73, 0x4567, 0x5E0A, 0x560A, 0x560A,
    0x55C9, 0x4D69, 0x3486, 0xB696, 0xFFFF, 0xFFFF, 0x75AF, 0x3CE7, 0x4DCA, 0x4DEA, 0x4E0A, 0x4DEA, 0x4DEA, 0x4DAA, 0x4569, 0x4529,
    0x34A7, 0x2446, 0x2C47, 0x2C47, 0x2C26, 0x2446, 0x34A8, 0x3D29, 0x3D6A, 0x45AA, 0x45AA, 0x45AA, 0x3DAA, 0x3D8A, 0x3D6A, 0x3D6A,
    0x3D6A, 0x3D6A, 0x3D8A, 0x3D8A, 0x3D6A, 0x356A, 0x356A, 0x358A, 0x358B, 0x358B, 0x358B, 0x358B, 0x358B, 0x356B, 0x356B, 0x356B,
    0x356B, 0x2D6B, 0x2D6B, 0x2D6B, 0x2D6B, 0x2D6B, 0x2D4B, 0x2D4B, 0x2D4B, 0x2D4B, 0x254B, 0x254B, 0x254B, 0x254B, 0x252B, 0x252B,
    0x252B, 0x252B, 0x252B, 0x252B, 0x1D2B, 0x1D2B, 0x1D2B, 0x1D0B, 0x1D0B, 0x1D0B, 0x1D0B, 0x1D0B, 0x86CA, 0x86CA, 0x86CA, 0x7ECA,
    0x7ECA, 0x7ECA, 0x7ECA, 0x7ECA, 0x7ECA, 0x7EAA, 0x7EAA, 0x7EAA, 0x76AA, 0x76AA, 0x76A9, 0x7669, 0x5566, 0xA672, 0xFFFF, 0xFFFF,
    0xCEF8, 0x9E52, 0x9E51, 0x75EB, 0x6608, 0x6E49, 0x6629, 0x4D26, 0xBED6, 0xFFFF, 0xFFFF, 0x6D8C, 0x5588, 0x762C, 0x764C, 0x5E29,
    0x662A, 0x55A8, 0x7DEE, 0xFFFF, 0xFFFF, 0xC6F8, 0x6D4D, 0x652C, 0x4CA8, 0x5D0B, 0xFFFF, 0xFFFF, 0xFFFF, 0x65CB, 0x4DC9, 0x560A,
    0x560A, 0x560A, 0x4DA9, 0x4528, 0x4D0A, 0x85D0, 0x654D, 0x44E8, 0x4569, 0x4DCA, 0x4DEA, 0x4DEA, 0x4DEA, 0x4DEA, 0x4DEA, 0x4DAA,
    0x4589, 0x4549, 0x4529, 0x3D09, 0x3CE9, 0x3D09, 0x3D29, 0x3D49, 0x3D6A, 0x45AA, 0x45AA, 0x45AA, 0x3DAA, 0x3DAA, 0x3DAA, 0x3DAA,
    0x3D8A, 0x3D8A, 0x3D8A, 0x3D8A, 0x3D8B, 0x3D8B, 0x3D8B, 0x358B, 0x358B, 0x358B, 0x358B, 0x358B, 0x358B, 0x356B, 0x356B, 0x356B,
    0x356B, 0x2D6B, 0x2D6B, 0x2D6B, 0x2D6B, 0x2D6B, 0x2D4B, 0x2D4B, 0x2D4B, 0x2D4B, 0x254B, 0x254B, 0x254B, 0x254B, 0x252B, 0x252B,
    0x252B, 0x252B, 0x252B, 0x252B, 0x1D2B, 0x1D2B, 0x1D2B, 0x1D0B, 0x1D0B, 0x1D0B, 0x1D0B, 0x1D0B, 0x1D0B, 0x86CA, 0x7ECA, 0x7ECA,
    0x7ECA, 0x7ECA, 0x7ECA, 0x7ECA, 0x7ECA, 0x7EAA, 0x7EAA, 0x7EAA, 0x76AA, 0x76AA, 0x76A9, 0x76A9, 0x7669, 0x5587, 0x9630, 0xFFFF,
    0xFFFF, 0x8DD0, 0x3463, 0x4D26, 0x5DA8, 0x6629, 0x6E49, 0x6629, 0x4D46, 0xA673, 0xFFFF, 0xFFFF, 0xE77B, 0xE79B, 0xFFDF, 0xCF59,
    0x55C8, 0x660A, 0x4D67, 0xAEB4, 0xFFFF, 0xFFFF, 0x7DAF, 0x2C24, 0x44C7, 0x44C7, 0x3466, 0x9632, 0xAE95, 0x9652, 0x65CC, 0x4DC9,
    0x560A, 0x562A, 0x560A, 0x55EA, 0x4D89, 0x4528, 0x34C7, 0x3CE7, 0x4549, 0x4DA9, 0x4DEA, 0x4DEA, 0x4DEA, 0x4DEA, 0x4DEA, 0x4DEA,
    0x4DEA, 0x45CA, 0x45AA, 0x458A, 0x458A, 0x456A, 0x458A, 0x458A, 0x45AA, 0x45AA, 0x45AA, 0x45CA, 0x3DAA, 0x3DAA, 0x3DAA, 0x3DAA,
    0x3DAA, 0x3DAA, 0x3DAA, 0x3DAA, 0x3D8B, 0x3D8B, 0x3D8B, 0x358B, 0x358B, 0x358B, 0x358B, 0x358B, 0x358B, 0x356B, 0x356B, 0x356B,
    0x356B, 0x2D6B, 0x2D6B, 0x2D6B, 0x2D6B, 0x2D6B, 0x2D4B, 0x2D4B, 0x2D4B, 0x2D4B, 0x254B, 0x254B, 0x254B, 0x254B, 0x252B, 0x252B,
    0x252B, 0x252B, 0x252B, 0x252B, 0x1D2B, 0x1D2B, 0x1D2B, 0x1D0B, 0x1D0B, 0x1D0B, 0x1D0B, 0x1D0B, 0x1D0B, 0x1D0B, 0x7ECA, 0x7ECA,
    0x7ECA, 0x7ECA, 0x7ECA, 0x7ECA, 0x7ECA, 0x7EAA, 0x7EAA, 0x7EAA, 0x76AA, 0x76AA, 0x76A9, 0x76A9, 0x76A9, 0x7669, 0x5DA7, 0x7DCD,
    0xFFFF, 0xFFFF, 0xAE94, 0x4D06, 0x65C9, 0x6609, 0x6649, 0x6E69, 0x6629, 0x4D67, 0x8E10, 0xFFFF, 0xFFFF, 0xFFFF, 0xFFFF, 0xFFFF,
    0xE79B, 0x5DA9, 0x5DE9, 0x5588, 0x9E93, 0xAE95, 0x9611, 0x5509, 0x4D28, 0x5569, 0x4D69, 0x4D28, 0x3CC7, 0x3CC6, 0x3CE7, 0x4D68,
    0x55EA, 0x560A, 0x560A, 0x560A, 0x560A, 0x4DCA, 0x4DAA, 0x4D8A, 0x4D8A, 0x4DAA, 0x4DCA, 0x4DEA, 0x4DEA, 0x4DEA, 0x4DEA, 0x4DEA,
    0x4DEA, 0x4DEA, 0x45EA, 0x45CA, 0x45CA, 0x45CA, 0x45AA, 0x45AA, 0x45CA, 0x45CA, 0x45AA, 0x45CA, 0x45AA, 0x3DAA, 0x3DAA, 0x3DAA,
    0x3DAA, 0x3DAA, 0x3DAA, 0x3DAA, 0x3DAB, 0x3D8B, 0x358B, 0x358B, 0x358B, 0x358B, 0x358B, 0x358B, 0x358B, 0x356B, 0x356B, 0x356B,
    0x356B, 0x2D6B, 0x2D6B, 0x2D6B, 0x2D6B, 0x2D6B, 0x2D4B, 0x2D4B, 0x2D4B, 0x2D4B, 0x2D4B, 0x254B, 0x254B, 0x254B, 0x252B, 0x252B,
    0x252B, 0x252B, 0x252B, 0x252B, 0x1D2B, 0x1D2B, 0x1D2B, 0x1D0B, 0x1D0B, 0x1D0B, 0x1D0B, 0x1D0B, 0x1D0B, 0x1D0B, 0x150B, 0x7ECA,
    0x7ECA, 0x7ECA, 0x7ECA, 0x7ECA, 0x7ECA, 0x7EAA, 0x7EAA, 0x7EAA, 0x76AA, 0x76AA, 0x76A9, 0x76A9, 0x76A9, 0x76A9, 0x6E69, 0x5DC8,
    0x6D8B, 0xF7DE, 0xFFFF, 0xC6F7, 0x5547, 0x6609, 0x6649, 0x6E69, 0x6E69, 0x6649, 0x55A7, 0x75CD, 0xD73A, 0xBED7, 0xA654, 0x8DF1,
    0x7DCE, 0x6DAC, 0x55A9, 0x5DE9, 0x5DC9, 0x4D48, 0x3CE6, 0x3CE6, 0x4D48, 0x55A9, 0x55E9, 0x55E9, 0x55A9, 0x5589, 0x5589, 0x55A9,
    0x55C9, 0x55EA, 0x560A, 0x560A, 0x560A, 0x560A, 0x55EA, 0x4DEA, 0x4DCA, 0x4DEA, 0x4DEA, 0x4DEA, 0x4DEA, 0x4DEA, 0x4DEA, 0x4DEA,
    0x4DEA, 0x4DEA, 0x4DEA, 0x45EA, 0x45CA, 0x45CA, 0x45CA, 0x45CA, 0x45CA, 0x45CA, 0x45CA, 0x45CA, 0x45AA, 0x3DAA, 0x3DAA, 0x3DAA,
    0x3DAA, 0x3DAA, 0x3DAA, 0x3DAA, 0x3DAB, 0x3D8B, 0x358B, 0x358B, 0x358B, 0x358B, 0x358B, 0x358B, 0x358B, 0x356B, 0x356B, 0x356B,
    0x356B, 0x2D6B, 0x2D6B, 0x2D6B, 0x2D6B, 0x2D6B, 0x2D4B, 0x2D4B, 0x2D4B, 0x2D4B, 0x2D4B, 0x254B, 0x254B, 0x254B, 0x252B, 0x252B,
    0x252B, 0x252B, 0x252B, 0x252B, 0x1D2B, 0x1D2B, 0x1D2B, 0x1D0B, 0x1D0B, 0x1D0B, 0x1D0B, 0x1D0B, 0x1D0B, 0x1D0B, 0x150B, 0x14EB,
    0x7ECA, 0x7ECA, 0x7ECA, 0x7ECA, 0x7ECA, 0x7EAA, 0x7EAA, 0x7EAA, 0x76AA, 0x76AA, 0x76A9, 0x76A9, 0x76A9, 0x76A9, 0x76A9, 0x6E69,
    0x65E8, 0x6589, 0xEFBD, 0xFFFF, 0xC718, 0x5D88, 0x6629, 0x6E69, 0x6E6A, 0x6E6A, 0x6649, 0x5DE9, 0x5588, 0x4CE7, 0x3CA6, 0x3C86,
    0x3CA6, 0x44E6, 0x4D67, 0x5DC9, 0x5E09, 0x5DE9, 0x5DC9, 0x55A9, 0x55A9, 0x55C9, 0x5609, 0x5E2A, 0x5E0A, 0x560A, 0x55EA, 0x55EA,
    0x55EA, 0x560A, 0x560A, 0x560A, 0x560A, 0x560A, 0x560A, 0x560A, 0x560A, 0x4DEA, 0x4DEA, 0x4DEA, 0x4DEA, 0x4DEA, 0x4DEA, 0x4DEA,
    0x4DEA, 0x4DEA, 0x4DEA, 0x45EA, 0x45CA, 0x45CA, 0x45CA, 0x45CA, 0x45CA, 0x45CA, 0x45CA, 0x45CA, 0x45AA, 0x3DAA, 0x3DAA, 0x3DAA,
    0x3DAA, 0x3DAA, 0x3DAA, 0x3DAA, 0x3DAB, 0x3D8B, 0x358B, 0x358B, 0x358B, 0x358B, 0x358B, 0x358B, 0x358B, 0x356B, 0x356B, 0x356B,
    0x356B, 0x2D6B, 0x2D6B, 0x2D6B, 0x2D6B, 0x2D6B, 0x2D4B, 0x2D4B, 0x2D4B, 0x2D4B, 0x2D4B, 0x254B, 0x254B, 0x254B, 0x252B, 0x252B,
    0x252B, 0x252B, 0x252B, 0x252B, 0x252B, 0x1D2B, 0x1D2B, 0x1D0B, 0x1D0B, 0x1D0B, 0x1D0B, 0x1D0B, 0x1D0B, 0x1D0B, 0x150B, 0x14EB,
    0x14EB, 0x7ECA, 0x7ECA, 0x7ECA, 0x7ECA, 0x7EAA, 0x7EAA, 0x76AA, 0x76AA, 0x76AA, 0x76A9, 0x76A9, 0x76A9, 0x76A9, 0x76A9, 0x76A9,
    0x6E89, 0x6629, 0x5DA8, 0x75CC, 0x6D8B, 0x5D89, 0x5DC8, 0x6649, 0x6E69, 0x6E6A, 0x6E6A, 0x6669, 0x6629, 0x5DE9, 0x5DA9, 0x5589,
    0x5589, 0x5D89, 0x5DA9, 0x5DE9, 0x5E09, 0x5E2A, 0x5E2A, 0x5E0A, 0x5E09, 0x5E09, 0x5E09, 0x5E2A, 0x5E2A, 0x5E2A, 0x562A, 0x560A,
    0x560A, 0x560A, 0x560A, 0x560A, 0x560A, 0x560A, 0x560A, 0x560A, 0x560A, 0x4E0A, 0x4E0A, 0x4DEA, 0x4DEA, 0x4DEA, 0x4DEA, 0x4DEA,
    0x4DEA, 0x4DEA, 0x4DEA, 0x45CA, 0x45CA, 0x45CA, 0x45CA, 0x45CA, 0x45CA, 0x45CA, 0x45CA, 0x45CA, 0x45AA, 0x3DAA, 0x3DAA, 0x3DAA,
    0x3DAA, 0x3DAA, 0x3DAA, 0x3DAA, 0x3DAB, 0x3D8B, 0x358B, 0x358B, 0x358B, 0x358B, 0x358B, 0x358B, 0x358B, 0x356B, 0x356B, 0x356B,
    0x356B, 0x2D6B, 0x2D6B, 0x2D6B, 0x2D6B, 0x2D6B, 0x2D4B, 0x2D4B, 0x2D4B, 0x2D4B, 0x2D4B, 0x254B, 0x254B, 0x254B, 0x252B, 0x252B,
    0x252B, 0x252B, 0x252B, 0x252B, 0x252B, 0x1D2B, 0x1D0B, 0x1D0B, 0x1D0B, 0x1D0B, 0x1D0B, 0x1D0B, 0x1D0B, 0x1D0B, 0x150B, 0x14EB,
    0x14EB, 0x14EB, 0x7ECA, 0x7ECA, 0x7ECA, 0x7EAA, 0x7EAA, 0x76AA, 0x76AA, 0x76A9, 0x76A9, 0x76A9, 0x76A9, 0x76A9, 0x76A9, 0x76A9,
    0x7689, 0x6E89, 0x6E49, 0x65E9, 0x5587, 0x5567, 0x5DA8, 0x6609, 0x6649, 0x6E6A, 0x6E6A, 0x666A, 0x666A, 0x664A, 0x6629, 0x5E09,
    0x5E09, 0x5E09, 0x5E09, 0x5E09, 0x5E2A, 0x5E2A, 0x5E4A, 0x5E2A, 0x5E2A, 0x5E2A, 0x5E2A, 0x5E2A, 0x5E2A, 0x5E2A, 0x562A, 0x562A,
    0x562A, 0x562A, 0x560A, 0x560A, 0x560A, 0x560A, 0x560A, 0x560A, 0x560A, 0x4E0A, 0x4E0A, 0x4DEA, 0x4DEA, 0x4DEA, 0x4DEA, 0x4DEA,
    0x4DEA, 0x4DEA, 0x4DEA, 0x45CA, 0x45CA, 0x45CA, 0x45CA, 0x45CA, 0x45CA, 0x45CA, 0x45CA, 0x45CA, 0x3DAA, 0x3DAA, 0x3DAA, 0x3DAA,
    0x3DAA, 0x3DAA, 0x3DAA, 0x3DAA, 0x3D8B, 0x3D8B, 0x358B, 0x358B, 0x358B, 0x358B, 0x358B, 0x358B, 0x358B, 0x356B, 0x356B, 0x356B,
    0x2D6B, 0x2D6B, 0x2D6B, 0x2D6B, 0x2D6B, 0x2D4B, 0x2D4B, 0x2D4B, 0x2D4B, 0x2D4B, 0x254B, 0x254B, 0x254B, 0x254B, 0x252B, 0x252B,
    0x252B, 0x252B, 0x252B, 0x252B, 0x1D2B, 0x1D2B, 0x1D2B, 0x1D0B, 0x1D0B, 0x1D0B, 0x1D0B, 0x1D0B, 0x1D0B, 0x1D0B, 0x150B, 0x14EB,
    0x14EB, 0x14EB, 0x14EB, 0x7ECA, 0x7ECA, 0x7EAA, 0x7EAA, 0x76AA, 0x76AA, 0x76A9, 0x76A9, 0x76A9, 0x76A9, 0x76A9, 0x76A9, 0x76A9,
    0x7689, 0x6E89, 0x6E89, 0x6E69, 0x6E49, 0x6629, 0x6609, 0x6629, 0x6649, 0x6669, 0x6E6A, 0x666A, 0x666A, 0x666A, 0x666A, 0x664A,
    0x664A, 0x664A, 0x664A, 0x664A, 0x5E4A, 0x5E4A, 0x5E4A, 0x5E4A, 0x5E4A, 0x5E4A, 0x5E2A, 0x5E2A, 0x5E2A, 0x5E2A, 0x562A, 0x562A,
    0x562A, 0x562A, 0x560A, 0x560A, 0x560A, 0x560A, 0x560A, 0x560A, 0x560A, 0x4E0A, 0x4E0A, 0x4DEA, 0x4DEA, 0x4DEA, 0x4DEA, 0x4DEA,
    0x4DEA, 0x4DEA, 0x4DEA, 0x45CA, 0x45CA, 0x45CA, 0x45CA, 0x45CA, 0x45CA, 0x45CA, 0x45CA, 0x45CA, 0x3DAA, 0x3DAA, 0x3DAA, 0x3DAA,
    0x3DAA, 0x3DAA, 0x3DAA, 0x3DAA, 0x3D8B, 0x3D8B, 0x358B, 0x358B, 0x358B, 0x358B, 0x358B, 0x358B, 0x358B, 0x356B, 0x356B, 0x356B,
    0x2D6B, 0x2D6B, 0x2D6B, 0x2D6B, 0x2D6B, 0x2D4B, 0x2D4B, 0x2D4B, 0x2D4B, 0x2D4B, 0x254B, 0x254B, 0x254B, 0x254B, 0x252B, 0x252B,
    0x252B, 0x252B, 0x252B, 0x252B, 0x1D2B, 0x1D2B, 0x1D2B, 0x1D0B, 0x1D0B, 0x1D0B, 0x1D0B, 0x1D0B, 0x1D0B, 0x1D0B, 0x150B, 0x14EB,
    0x14EB, 0x14EB, 0x14EB, 0x14EB, 0x7ECA, 0x7EAA, 0x7EAA, 0x76AA, 0x76AA, 0x76A9, 0x76A9, 0x76A9, 0x76A9, 0x76A9, 0x76A9, 0x76A9,
    0x7689, 0x6E89, 0x6E89, 0x6E89, 0x6E8A, 0x6E8A, 0x6E6A, 0x6E6A, 0x6E6A, 0x6E6A, 0x6E6A, 0x666A, 0x666A, 0x666A, 0x666A, 0x666A,
    0x666A, 0x664A, 0x664A, 0x664A, 0x664A, 0x5E4A, 0x5E4A, 0x5E4A, 0x5E4A, 0x5E4A, 0x5E2A, 0x5E2A, 0x5E2A, 0x5E2A, 0x562A, 0x562A,
    0x562A, 0x562A, 0x560A, 0x560A, 0x560A, 0x560A, 0x560A, 0x560A, 0x4E0A, 0x4E0A, 0x4E0A, 0x4DEA, 0x4DEA, 0x4DEA, 0x4DEA, 0x4DEA,
    0x4DEA, 0x4DEA, 0x4DEA, 0x45CA, 0x45CA, 0x45CA, 0x45CA, 0x45CA, 0x45CA, 0x45CA, 0x45CA, 0x45CA, 0x3DAA, 0x3DAA, 0x3DAA, 0x3DAA,
    0x3DAA, 0x3DAA, 0x3DAA, 0x3DAA, 0x3D8B, 0x3D8B, 0x358B, 0x358B, 0x358B, 0x358B, 0x358B, 0x358B, 0x358B, 0x356B, 0x356B, 0x356B,
    0x2D6B, 0x2D6B, 0x2D6B, 0x2D6B, 0x2D6B, 0x2D4B, 0x2D4B, 0x2D4B, 0x2D4B, 0x2D4B, 0x2D4B, 0x254B, 0x254B, 0x254B, 0x252B, 0x252B,
    0x252B, 0x252B, 0x252B, 0x252B, 0x1D2B, 0x1D2B, 0x1D2B, 0x1D0B, 0x1D0B, 0x1D0B, 0x1D0B, 0x1D0B, 0x1D0B, 0x1D0B, 0x150B, 0x14EB,
    0x14EB, 0x14EB, 0x14EB, 0x14EB, 0x14EB, 0x7EAA, 0x7EAA, 0x76AA, 0x76AA, 0x76AA, 0x76A9, 0x76A9, 0x76A9, 0x76A9, 0x76A9, 0x76A9,
    0x6E89, 0x6E89, 0x6E89, 0x6E89, 0x6E8A, 0x6E8A, 0x6E8A, 0x6E8A, 0x6E8A, 0x6E6A, 0x6E6A, 0x666A, 0x666A, 0x666A, 0x666A, 0x666A,
    0x666A, 0x664A, 0x664A, 0x664A, 0x664A, 0x5E4A, 0x5E4A, 0x5E4A, 0x5E4A, 0x5E4A, 0x5E2A, 0x5E2A, 0x5E2A, 0x5E2A, 0x562A, 0x562A,
    0x562A, 0x562A, 0x560A, 0x560A, 0x560A, 0x560A, 0x560A, 0x560A, 0x4E0A, 0x4E0A, 0x4E0A, 0x4DEA, 0x4DEA, 0x4DEA, 0x4DEA, 0x4DEA,
    0x4DEA, 0x4DEA, 0x4DEA, 0x45CA, 0x45CA, 0x45CA, 0x45CA, 0x45CA, 0x45CA, 0x45CA, 0x45CA, 0x45CA, 0x45AA, 0x3DAA, 0x3DAA, 0x3DAA,
    0x3DAA, 0x3DAA, 0x3DAA, 0x3DAA, 0x3D8B, 0x3D8B, 0x358B, 0x358B, 0x358B, 0x358B, 0x358B, 0x358B, 0x358B, 0x356B, 0x356B, 0x356B,
    0x2D6B, 0x2D6B, 0x2D6B, 0x2D6B, 0x2D6B, 0x2D4B, 0x2D4B, 0x2D4B, 0x2D4B, 0x2D4B, 0x2D4B, 0x254B, 0x254B, 0x254B, 0x252B, 0x252B,
    0x252B, 0x252B, 0x252B, 0x252B, 0x1D2B, 0x1D2B, 0x1D2B, 0x1D0B, 0x1D0B, 0x1D0B, 0x1D0B, 0x1D0B, 0x1D0B, 0x1D0B, 0x150B, 0x14EB,
    0x14EB, 0x14EB, 0x14EB, 0x14EB, 0x14EB, 0x14EB, 0x7EAA, 0x76AA, 0x76AA, 0x76AA, 0x76A9, 0x76A9, 0x76A9, 0x76A9, 0x76A9, 0x76A9,
    0x7689, 0x6E89, 0x6E89, 0x6E89, 0x6E8A, 0x6E8A, 0x6E8A, 0x6E8A, 0x6E8A, 0x6E6A, 0x6E6A, 0x666A, 0x666A, 0x666A, 0x666A, 0x666A,
    0x666A, 0x664A, 0x664A, 0x664A, 0x664A, 0x5E4A, 0x5E4A, 0x5E4A, 0x5E4A, 0x5E4A, 0x5E2A, 0x5E2A, 0x5E2A, 0x5E2A, 0x5E2A, 0x562A,
    0x562A, 0x562A, 0x560A, 0x560A, 0x560A, 0x560A, 0x560A, 0x560A, 0x4E0A, 0x4E0A, 0x4E0A, 0x4DEA, 0x4DEA, 0x4DEA, 0x4DEA, 0x4DEA,
    0x4DEA, 0x4DEA, 0x4DEA, 0x45CA, 0x45CA, 0x45CA, 0x45CA, 0x45CA, 0x45CA, 0x45CA, 0x45CA, 0x45CA, 0x45AA, 0x3DAA, 0x3DAA, 0x3DAA,
    0x3DAA, 0x3DAA, 0x3DAA, 0x3DAA, 0x3DAB, 0x3D8B, 0x358B, 0x358B, 0x358B, 0x358B, 0x358B, 0x358B, 0x358B, 0x356B, 0x356B, 0x356B,
    0x2D6B, 0x2D6B, 0x2D6B, 0x2D6B, 0x2D6B, 0x2D4B, 0x2D4B, 0x2D4B, 0x2D4B, 0x2D4B, 0x2D4B, 0x254B, 0x254B, 0x254B, 0x252B, 0x252B,
    0x252B, 0x252B, 0x252B, 0x252B, 0x1D2B, 0x1D2B, 0x1D2B, 0x1D0B, 0x1D0B, 0x1D0B, 0x1D0B, 0x1D0B, 0x1D0B, 0x1D0B, 0x150B, 0x14EB,
    0x14EB, 0x14EB, 0x14EB, 0x14EB, 0x14EB, 0x14EB, 0x14EB, 0x76AA, 0x76AA, 0x76AA, 0x76A9, 0x76A9, 0x76A9, 0x76A9, 0x76A9, 0x76A9,
    0x7689, 0x6E89, 0x6E89, 0x6E89, 0x6E8A, 0x6E8A, 0x6E8A, 0x6E8A, 0x6E8A, 0x6E6A, 0x6E6A, 0x666A, 0x666A, 0x666A, 0x666A, 0x666A,
    0x666A, 0x664A, 0x664A, 0x664A, 0x664A, 0x5E4A, 0x5E4A, 0x5E4A, 0x5E4A, 0x5E4A, 0x5E2A, 0x5E2A, 0x5E2A, 0x5E2A, 0x5E2A, 0x562A,
    0x562A, 0x562A, 0x560A, 0x560A, 0x560A, 0x560A, 0x560A, 0x560A, 0x4E0A, 0x4E0A, 0x4E0A, 0x4DEA, 0x4DEA, 0x4DEA, 0x4DEA, 0x4DEA,
    0x4DEA, 0x4DEA, 0x4DEA, 0x45CA, 0x45CA, 0x45CA, 0x45CB, 0x45CB, 0x45CB, 0x45CB, 0x45CB, 0x45CB, 0x45CB, 0x45CB, 0x3DAB, 0x3DAA,
    0x3DAA, 0x3DAA, 0x3DAA, 0x3DAA, 0x3DAB, 0x3D8B, 0x358B, 0x358B, 0x358B, 0x358B, 0x358B, 0x358B, 0x358B, 0x356B, 0x356B, 0x356B,
    0x2D6B, 0x2D6B, 0x2D6B, 0x2D6B, 0x2D6B, 0x2D6B, 0x2D4B, 0x2D4B, 0x2D4B, 0x2D4B, 0x254B, 0x254B, 0x254B, 0x254B, 0x252B, 0x252B,
    0x252B, 0x252B, 0x252B, 0x252B, 0x252B, 0x1D2B, 0x1D2B, 0x1D0B, 0x1D0B, 0x1D0B, 0x1D0B, 0x1D0B, 0x1D0B, 0x1D0B, 0x150B, 0x14EB,
    0x14EB, 0x14EB, 0x14EB, 0x14EB, 0x14EB, 0x14EB, 0x14EB, 0x14EB, 0x76AA, 0x76AA, 0x76A9, 0x76A9, 0x76A9, 0x76A9, 0x76A9, 0x76A9,
    0x6E89, 0x6E89, 0x6E89, 0x6E89, 0x6E8A, 0x6E8A, 0x6E8A, 0x6E8A, 0x6E8A, 0x6E6A, 0x6E6A, 0x666A, 0x666A, 0x666A, 0x666A, 0x666A,
    0x666A, 0x664A, 0x664A, 0x664A, 0x664A, 0x5E4A, 0x5E4A, 0x5E4A, 0x5E4A, 0x5E4A, 0x5E2A, 0x5E2A, 0x5E2A, 0x5E2A, 0x5E2A, 0x562A,
    0x562A, 0x562A, 0x560A, 0x560A, 0x560A, 0x560A, 0x560A, 0x560A, 0x4E0A, 0x4E0A, 0x4E0A, 0x4DEA, 0x4DEA, 0x4DEA, 0x4DEA, 0x4DEA,
    0x4DEA, 0x4DEA, 0x4DEA, 0x4DEA, 0x4DCB, 0x45CA, 0x45AA, 0x3D89, 0x3569, 0x3569, 0x3548, 0x3548, 0x3549, 0x3569, 0x3569, 0x356A,
    0x3D8A, 0x3DAB, 0x3DAB, 0x3DAA, 0x3D8B, 0x3D8B, 0x3D8B, 0x358B, 0x358B, 0x358B, 0x358B, 0x358B, 0x358B, 0x356B, 0x356B, 0x356B,
    0x2D6B, 0x2D6B, 0x2D6B, 0x2D6B, 0x2D6B, 0x2D6B, 0x2D4B, 0x2D4B, 0x2D4B, 0x2D4B, 0x254B, 0x254B, 0x254B, 0x254B, 0x252B, 0x252B,
    0x252B, 0x252B, 0x252B, 0x252B, 0x252B, 0x252B, 0x1D2B, 0x1D0B, 0x1D0B, 0x1D0B, 0x1D0B, 0x1D0B, 0x1D0B, 0x1D0B, 0x150B, 0x14EB,
    0x14EB, 0x14EB, 0x14EB, 0x14EB, 0x14EB, 0x14EB, 0x14EB, 0x14EB, 0x0CCB, 0x76A9, 0x76A9, 0x76A9, 0x76A9, 0x76A9, 0x76A9, 0x76A9,
    0x6E89, 0x6E89, 0x6E89, 0x6E89, 0x6E8A, 0x6E8A, 0x6E8A, 0x6E8A, 0x6E6A, 0x6E6A, 0x666A, 0x666A, 0x666A, 0x666A, 0x666A, 0x666A,
    0x666A, 0x664A, 0x664A, 0x664A, 0x664A, 0x5E4A, 0x5E4A, 0x5E4A, 0x5E4A, 0x5E2A, 0x5E2A, 0x5E2A, 0x5E2A, 0x5E2A, 0x562A, 0x562A,
    0x562A, 0x562A, 0x560A, 0x560A, 0x560A, 0x560A, 0x560A, 0x560A, 0x4E0A, 0x4E0A, 0x4DEA, 0x4DEA, 0x4DEA, 0x4DEA, 0x4DEA, 0x4DEA,
    0x4DEA, 0x4DEA, 0x4DEA, 0x45AA, 0x3D89, 0x3548, 0x3D69, 0x4D8B, 0x5DAD, 0x6DEF, 0x7E31, 0x8652, 0x8E52, 0x8652, 0x7610, 0x65CE,
    0x4D8C, 0x354A, 0x2D28, 0x2D49, 0x3D8A, 0x3D8B, 0x3D8B, 0x358B, 0x358B, 0x358B, 0x358B, 0x358B, 0x358B, 0x356B, 0x356B, 0x356B,
    0x2D6B, 0x2D6B, 0x2D6B, 0x2D6B, 0x2D6B, 0x2D4B, 0x2D4B, 0x2D4B, 0x2D4B, 0x2D4B, 0x254B, 0x254B, 0x254B, 0x254B, 0x252B, 0x252B,
    0x252B, 0x252B, 0x252B, 0x1D2B, 0x0CEA, 0x0CE9, 0x0CE9, 0x150A, 0x1D2B, 0x1D0B, 0x1D0B, 0x1D0B, 0x1D0B, 0x1D0B, 0x150B, 0x14EB,
    0x14EB, 0x14EB, 0x14EB, 0x14EB, 0x14EB, 0x14EB, 0x14EB, 0x14CB, 0x0CCB, 0x0CCB, 0x76A9, 0x76A9, 0x76A9, 0x76A9, 0x76A9, 0x76A9,
    0x6E89, 0x6E89, 0x6E89, 0x6E89, 0x6E8A, 0x6E8A, 0x6E8A, 0x6E8A, 0x6E6A, 0x6E6A, 0x666A, 0x666A, 0x666A, 0x666A, 0x666A, 0x666A,
    0x666A, 0x664A, 0x664A, 0x664A, 0x664A, 0x5E4A, 0x5E4A, 0x5E4A, 0x5E4A, 0x5E2A, 0x5E2A, 0x5E2A, 0x5E2A, 0x5E2A, 0x562A, 0x562A,
    0x562A, 0x562A, 0x560A, 0x560A, 0x560A, 0x560A, 0x560A, 0x560A, 0x4E0A, 0x4E0A, 0x4E0A, 0x4DEA, 0x4DEA, 0x4DEA, 0x4DEA, 0x4DEA,
    0x4DEA, 0x4DCA, 0x45A9, 0x3568, 0x456A, 0x6DEF, 0xA6B5, 0xCF39, 0xEFBD, 0xFFFF, 0xFFFF, 0xFFFF, 0xFFFF, 0xFFFF, 0xFFFF, 0xFFFF,
    0xFFFF, 0xF7DE, 0xD75B, 0xA6B6, 0x65CF, 0x352A, 0x2529, 0x356A, 0x3D8B, 0x358B, 0x358B, 0x358B, 0x358B, 0x356B, 0x356B, 0x356B,
    0x2D6B, 0x2D6B, 0x2D6B, 0x2D6B, 0x2D6B, 0x2D4B, 0x2D4B, 0x2D4B, 0x2D4B, 0x2D4B, 0x254B, 0x254B, 0x254B, 0x254B, 0x252B, 0x252B,
    0x252B, 0x252B, 0x252B, 0x1D0A, 0x252B, 0x7E54, 0xB718, 0x96B6, 0x356D, 0x0CEA, 0x1D0B, 0x1D0B, 0x1D0B, 0x1D0B, 0x150B, 0x14EB,
    0x14EB, 0x14EB, 0x14EB, 0x14EB, 0x14EB, 0x14EB, 0x14EB, 0x14CB, 0x0CCB, 0x0CCB, 0x0CCB, 0x76A9, 0x76A9, 0x76A9, 0x76A9, 0x76A9,
    0x6E89, 0x6E89, 0x6E89, 0x6E89, 0x6E8A, 0x6E8A, 0x6E8A, 0x6E8A, 0x6E6A, 0x6E6A, 0x666A, 0x666A, 0x666A, 0x666A, 0x666A, 0x666A,
    0x666A, 0x664A, 0x664A, 0x664A, 0x664A, 0x5E4A, 0x5E4A, 0x5E4A, 0x5E4A, 0x5E2A, 0x5E2A, 0x5E2A, 0x5E2A, 0x5E2A, 0x562A, 0x562A,
    0x562A, 0x562A, 0x560A, 0x560A, 0x560A, 0x560A, 0x560A, 0x560A, 0x4E0A, 0x4E0A, 0x4E0A, 0x4DEA, 0x4DEA, 0x4DEA, 0x4DEA, 0x4DEA,
    0x4DEA, 0x45A9, 0x3568, 0x55AC, 0x9E94, 0xDF7C, 0xFFFF, 0xFFFF, 0xFFFF, 0xFFFF, 0xFFFF, 0xFFFF, 0xFFFF, 0xFFFF, 0xFFFF, 0xFFFF,
    0xFFFF, 0xFFFF, 0xFFFF, 0xFFFF, 0xFFFF, 0xFFFF, 0xDF7B, 0x8632, 0x352A, 0x2509, 0x356B, 0x356B, 0x356B, 0x356B, 0x356B, 0x356B,
    0x2D6B, 0x2D6B, 0x2D6B, 0x2D6B, 0x2D6B, 0x2D4B, 0x2D4B, 0x2D4B, 0x2D4B, 0x2D4B, 0x254B, 0x254B, 0x254B, 0x254B, 0x252B, 0x252B,
    0x252B, 0x252B, 0x252B, 0x1D0A, 0x356D, 0xE79D, 0xCF5B, 0x8E95, 0xAEF8, 0xEFBE, 0x5DF1, 0x0CEA, 0x1D0B, 0x1D0B, 0x150B, 0x14EB,
    0x14EB, 0x14EB, 0x14EB, 0x14EB, 0x14EB, 0x14EB, 0x14EB, 0x14CB, 0x0CCB, 0x0CCB, 0x0CCB, 0x0CCB, 0x76A9, 0x76A9, 0x76A9, 0x76A9,
    0x7689, 0x6E89, 0x6E89, 0x6E89, 0x6E8A, 0x6E8A, 0x6E8A, 0x6E8A, 0x6E6A, 0x6E6A, 0x666A, 0x666A, 0x666A, 0x666A, 0x666A, 0x666A,
    0x666A, 0x664A, 0x664A, 0x664A, 0x664A, 0x5E4A, 0x5E4A, 0x5E4A, 0x5E4A, 0x5E2A, 0x5E2A, 0x5E2A, 0x5E2A, 0x5E2A, 0x5E2A, 0x562A,
    0x562A, 0x562A, 0x560A, 0x560A, 0x560A, 0x560A, 0x560A, 0x560A, 0x4E0A, 0x4E0A, 0x4E0A, 0x4DEA, 0x4DEA, 0x4DEA, 0x4DEA, 0x4DCA,
    0x4DCA, 0x3D68, 0x4D8B, 0xA6B5, 0xF7DE, 0xFFFF, 0xFFFF, 0xFFFF, 0xFFFF, 0xFFFF, 0xFFFF, 0xFFFF, 0xFFFF, 0xFFFF, 0xFFFF, 0xFFFF,
    0xFFFF, 0xFFFF, 0xFFFF, 0xFFFF, 0xFFFF, 0xFFFF, 0xFFFF, 0xFFFF, 0xFFFF, 0xE77C, 0x6DF0, 0x24E9, 0x2D4A, 0x356B, 0x356B, 0x356B,
    0x2D6B, 0x2D6B, 0x2D6B, 0x2D6B, 0x2D6B, 0x2D4B, 0x2D4B, 0x2D4B, 0x2D4B, 0x2D4B, 0x254B, 0x254B, 0x254B, 0x254B, 0x252B, 0x252B,
    0x252B, 0x252B, 0x252B, 0x252B, 0x14EA, 0xCF5A, 0xAEF8, 0x0CC9, 0x0CEA, 0x04A9, 0x6E12, 0xEFDE, 0x2D4D, 0x14EB, 0x1D0B, 0x14EB,
    0x14EB, 0x14EB, 0x14EB, 0x14EB, 0x14EB, 0x14EB, 0x14EB, 0x14EB, 0x0CCB, 0x0CCB, 0x0CCB, 0x0CCB, 0x0CCB, 0x76A9, 0x76A9, 0x76A9,
    0x7689, 0x6E89, 0x6E89, 0x6E89, 0x6E8A, 0x6E8A, 0x6E8A, 0x6E8A, 0x6E8A, 0x6E6A, 0x666A, 0x666A, 0x666A, 0x666A, 0x666A, 0x666A,
    0x666A, 0x664A, 0x664A, 0x664A, 0x664A, 0x5E4A, 0x5E4A, 0x5E4A, 0x5E4A, 0x5E2A, 0x5E2A, 0x5E2A, 0x5E2A, 0x5E2A, 0x5E2A, 0x562A,
    0x562A, 0x562A, 0x560A, 0x560A, 0x560A, 0x560A, 0x560A, 0x560A, 0x4E0A, 0x4E0A, 0x4E0A, 0x4DEA, 0x4DEA, 0x4DEA, 0x4DEA, 0x4DEA,
    0x45AA, 0x3548, 0x7E10, 0xEFBD, 0xFFFF, 0xFFFF, 0xFFFF, 0xFFFF, 0xFFFF, 0xFFFF, 0xFFFF, 0xFFFF, 0xFFFF, 0xFFFF, 0xFFFF, 0xFFFF,
    0xFFFF, 0xFFFF, 0xFFFF, 0xFFFF, 0xFFFF, 0xFFFF, 0xFFFF, 0xFFFF, 0xFFFF, 0xFFFF, 0xFFFF, 0xFFFF, 0xAED7, 0x350A, 0x2509, 0x356B,
    0x2D6B, 0x2D6B, 0x2D6B, 0x2D6B, 0x2D6B, 0x2D4B, 0x2D4B, 0x2D4B, 0x2D4B, 0x2D4B, 0x254B, 0x254B, 0x254B, 0x254B, 0x252B, 0x252B,
    0x252B, 0x252B, 0x252B, 0x252B, 0x150A, 0x458E, 0xE7BD, 0x252C, 0x1D0B, 0x252C, 0x252C, 0x04C9, 0xC75A, 0x7E54, 0x04CA, 0x1D0B,
    0x14EB, 0x14EB, 0x14EB, 0x14EB, 0x14EB, 0x14EB, 0x14EB, 0x14EB, 0x0CCB, 0x0CCB, 0x0CCB, 0x0CCB, 0x0CCB, 0x0CCB, 0x76A9, 0x76A9,
    0x7689, 0x6E89, 0x6E89, 0x6E8A, 0x6E8A, 0x6E8A, 0x6E8A, 0x6E8A, 0x6E8A, 0x6E6A, 0x666A, 0x666A, 0x666A, 0x666A, 0x666A, 0x666A,
    0x666A, 0x664A, 0x664A, 0x664A, 0x5E4A, 0x5E4A, 0x5E4A, 0x5E4A, 0x5E4A, 0x5E2A, 0x5E2A, 0x5E2A, 0x5E2A, 0x5E2A, 0x5E2A, 0x562A,
    0x562A, 0x562A, 0x560A, 0x560A, 0x560A, 0x560A, 0x560A, 0x560A, 0x4E0A, 0x4E0A, 0x4E0A, 0x4DEA, 0x4DEA, 0x4DEA, 0x4DEA, 0x4DEA,
    0x45A9, 0x3D49, 0xAEB6, 0xFFFF, 0xFFFF, 0xFFFF, 0xFFFF, 0xFFFF, 0xFFFF, 0xFFFF, 0xFFFF, 0xFFFF, 0xFFFF, 0xFFFF, 0xFFFF, 0xFFFF,
    0xFFFF, 0xFFFF, 0xFFFF, 0xFFFF, 0xFFFF, 0xFFFF, 0xFFFF, 0xFFFF, 0xFFFF, 0xFFFF, 0xFFFF, 0xFFFF, 0xFFFF, 0xFFFF, 0xD75B, 0x454C,
    0x24E9, 0x354B, 0x2D4B, 0x2D6B, 0x2D6B, 0x2D4B, 0x2D4B, 0x2D4B, 0x2D4B, 0x2D4B, 0x254B, 0x254B, 0x254B, 0x254B, 0x252B, 0x252B,
    0x252B, 0x252B, 0x252B, 0x252B, 0x252B, 0x14EA, 0x55D0, 0xDF9C, 0x1D0B, 0x1D0B, 0x1D0B, 0x252C, 0x04CA, 0xB6F9, 0x8E96, 0x04A9,
    0x1D0C, 0x14EB, 0x14EB, 0x14EB, 0x14EB, 0x14EB, 0x14EB, 0x14EB, 0x0CCB, 0x0CCB, 0x0CCB, 0x0CCB, 0x0CCB, 0x0CCB, 0x0CCB, 0x76A9,
    0x7689, 0x6E89, 0x6E89, 0x6E8A, 0x6E8A, 0x6E8A, 0x6E8A, 0x6E8A, 0x6E8A, 0x6E6A, 0x666A, 0x666A, 0x666A, 0x666A, 0x666A, 0x666A,
    0x666A, 0x664A, 0x664A, 0x664A, 0x5E4A, 0x5E4A, 0x5E4A, 0x5E4A, 0x5E4A, 0x5E4A, 0x5E2A, 0x5E2A, 0x5E2A, 0x5E2A, 0x5E2A, 0x562A,
    0x562A, 0x562A, 0x560A, 0x560A, 0x560A, 0x560A, 0x560A, 0x560A, 0x560A, 0x4E0A, 0x4E0A, 0x4DEA, 0x4DEA, 0x4DEA, 0x4DEA, 0x4DEA,
    0x4589, 0x4549, 0xC718, 0xFFFF, 0xFFFF, 0xFFFF, 0xFFFF, 0xFFFF, 0xFFFF, 0xFFFF, 0xFFFF, 0xFFFF, 0xFFFF, 0xFFFF, 0xFFFF, 0xFFFF,
    0xFFFF, 0xFFFF, 0xFFFF, 0xFFFF, 0xFFFF, 0xFFFF, 0xFFFF, 0xFFFF, 0xFFFF, 0xFFFF, 0xFFFF, 0xFFFF, 0xFFFF, 0xFFFF, 0xFFFF, 0xFFFF,
    0xEFBD, 0x4D6D, 0x1CE9, 0x354B, 0x2D4B, 0x2D4B, 0x2D4B, 0x2D4B, 0x2D4B, 0x2D4B, 0x254B, 0x254B, 0x254B, 0x254B, 0x252B, 0x252B,
    0x252B, 0x252B, 0x252B, 0x252B, 0x1D2B, 0x252B, 0x1D0B, 0x252C, 0xE7BD, 0x55D0, 0x04A9, 0x1D0B, 0x0CCA, 0x1D0B, 0xE7BD, 0x55D1,
    0x0CCA, 0x14EB, 0x14EB, 0x14EB, 0x14EB, 0x14EB, 0x14EB, 0x14EB, 0x0CCB, 0x0CCB, 0x0CCB, 0x0CCB, 0x0CCB, 0x0CCB, 0x0CCB, 0x0CCB,
    0x7689, 0x6E89, 0x6E89, 0x6E8A, 0x6E8A, 0x6E8A, 0x6E8A, 0x6E8A, 0x6E6A, 0x6E6A, 0x666A, 0x666A, 0x666A, 0x666A, 0x666A, 0x666A,
    0x666A, 0x664A, 0x664A, 0x664A, 0x5E4A, 0x5E4A, 0x5E4A, 0x5E4A, 0x5E4A, 0x5E4A, 0x5E2A, 0x5E2A, 0x5E2A, 0x5E2A, 0x5E2A, 0x562A,
    0x562A, 0x562A, 0x560A, 0x560A, 0x560A, 0x560A, 0x560A, 0x560A, 0x560A, 0x4E0A, 0x4DEA, 0x4DEA, 0x4DEA, 0x4DEA, 0x4DEA, 0x4DCA,
    0x45AA, 0x3D49, 0xC719, 0xFFFF, 0xFFFF, 0xFFFF, 0xFFFF, 0xFFFF, 0xFFFF, 0xFFFF, 0xFFFF, 0xFFFF, 0xFFFF, 0xFFFF, 0xFFFF, 0xFFFF,
    0xFFFF, 0xFFFF, 0xFFFF, 0xFFFF, 0xFFFF, 0xFFFF, 0xFFFF, 0xFFFF, 0xFFFF, 0xFFFF, 0xFFFF, 0xFFFF, 0xFFFF, 0xFFFF, 0xFFFF, 0xFFFF,
    0xFFFF, 0xFFFF, 0xEFBE, 0x452D, 0x24E9, 0x2D4B, 0x2D4B, 0x2D4B, 0x2D4B, 0x2D4B, 0x254B, 0x254B, 0x254B, 0x254B, 0x252B, 0x252B,
    0x252B, 0x252B, 0x252B, 0x252B, 0x1D2B, 0x1D2B, 0x1D0B, 0x252B, 0x0CEA, 0x7E53, 0xF7DE, 0x5DF1, 0x2D4D, 0x458F, 0xD77C, 0xB719,
    0x0CCA, 0x14EB, 0x14EB, 0x14EB, 0x14EB, 0x14EB, 0x14EB, 0x14CB, 0x0CCB, 0x0CCB, 0x0CCB, 0x0CCB, 0x0CCB, 0x0CCB, 0x0CCB, 0x0CCB,
    0x0CCB, 0x6E89, 0x6E89, 0x6E8A, 0x6E8A, 0x6E8A, 0x6E8A, 0x6E8A, 0x6E6A, 0x6E6A, 0x666A, 0x666A, 0x666A, 0x666A, 0x666A, 0x666A,
    0x666A, 0x664A, 0x664A, 0x664A, 0x5E4A, 0x5E4A, 0x5E4A, 0x5E4A, 0x5E4A, 0x5E2A, 0x5E2A, 0x5E2A, 0x5E2A, 0x5E2A, 0x562A, 0x562A,
    0x562A, 0x562A, 0x560A, 0x560A, 0x560A, 0x560A, 0x560A, 0x560A, 0x4E0A, 0x4E0A, 0x4DEA, 0x4DEA, 0x4DEA, 0x4DEA, 0x4DEA, 0x4DCA,
    0x4DAA, 0x3528, 0xB6F7, 0xFFFF, 0xFFFF, 0xFFFF, 0xFFFF, 0xFFFF, 0xFFFF, 0xFFFF, 0xFFFF, 0xFFFF, 0xFFFF, 0xFFFF, 0xFFFF, 0xFFFF,
    0xFFFF, 0xFFFF, 0xFFFF, 0xFFFF, 0xFFFF, 0xFFFF, 0xFFFF, 0xFFFF, 0xFFFF, 0xFFFF, 0xFFFF, 0xFFFF, 0xFFFF, 0xFFFF, 0xFFFF, 0xFFFF,
    0xFFFF, 0xFFFF, 0xFFFF, 0xFFFF, 0xDF7C, 0x2CEA, 0x250A, 0x2D4B, 0x2D4B, 0x2D4B, 0x254B, 0x254B, 0x254B, 0x254B, 0x252B, 0x252B,
    0x252B, 0x252B, 0x252B, 0x252B, 0x1D2B, 0x1D2B, 0x1D0B, 0x1D0B, 0x1D0B, 0x1D0B, 0x0CEA, 0x6E12, 0xDF9C, 0xE79D, 0xE7BD, 0x9696,
    0x14EB, 0x14EB, 0x14EB, 0x14EB, 0x14EB, 0x14EB, 0x14EB, 0x14CB, 0x0CCB, 0x0CCB, 0x0CCB, 0x0CCB, 0x0CCB, 0x0CCB, 0x0CCB, 0x0CCB,
    0x0CCB, 0x0CCB, 0x6E89, 0x6E8A, 0x6E8A, 0x6E8A, 0x6E8A, 0x6E8A, 0x6E6A, 0x6E6A, 0x666A, 0x666A, 0x666A, 0x666A, 0x666A, 0x666A,
    0x666A, 0x664A, 0x664A, 0x664A, 0x5E4A, 0x5E4A, 0x5E4A, 0x5E4A, 0x5E4A, 0x5E2A, 0x5E2A, 0x5E2A, 0x5E2A, 0x5E2A, 0x562A, 0x562A,
    0x562A, 0x562A, 0x560A, 0x560A, 0x560A, 0x560A, 0x560A, 0x560A, 0x4E0A, 0x4E0A, 0x4DEA, 0x4DEA, 0x4DEA, 0x4DEA, 0x4DEA, 0x4DEA,
    0x4DCA, 0x3528, 0x9673, 0xFFFF, 0xFFFF, 0xFFFF, 0xFFFF, 0xFFFF, 0xFFFF, 0xFFFF, 0xFFFF, 0xFFFF, 0xFFFF, 0xFFFF, 0xFFFF, 0xFFFF,
    0xFFFF, 0xFFFF, 0xFFFF, 0xFFFF, 0xFFFF, 0xFFFF, 0xFFFF, 0xFFFF, 0xFFFF, 0xFFFF, 0xFFFF, 0xFFFF, 0xFFFF, 0xFFFF, 0xFFFF, 0xFFFF,
    0xFFFF, 0xFFFF, 0xFFFF, 0xFFFF, 0xFFFF, 0xFFFF, 0xB6D8, 0x1CA9, 0x2D2B, 0x2D4B, 0x254B, 0x254B, 0x254B, 0x254B, 0x252B, 0x252B,
    0x252B, 0x252B, 0x252B, 0x252B, 0x1D2B, 0x1D2B, 0x1D0B, 0x1D0B, 0x1D0B, 0x1D0B, 0x1D0B, 0x1D0B, 0x0CCA, 0x14EB, 0x354E, 0x1D0C,
    0x04CA, 0x14EB, 0x14EB, 0x14EB, 0x14EB, 0x14EB, 0x14EB, 0x14CB, 0x0CCB, 0x0CCB, 0x0CCB, 0x0CCB, 0x0CCB, 0x0CCB, 0x0CCB, 0x0CCB,
    0x0CCB, 0x0CCB, 0x0CCB, 0x6E8A, 0x6E8A, 0x6E8A, 0x6E8A, 0x6E8A, 0x6E6A, 0x6E6A, 0x666A, 0x666A, 0x666A, 0x666A, 0x666A, 0x666A,
    0x666A, 0x664A, 0x664A, 0x664A, 0x5E4A, 0x5E4A, 0x5E4A, 0x5E4A, 0x5E4A, 0x5E2A, 0x5E2A, 0x5E2A, 0x5E2A, 0x5E2A, 0x562A, 0x562A,
    0x562A, 0x562A, 0x560A, 0x560A, 0x560A, 0x560A, 0x560A, 0x560A, 0x4E0A, 0x4E0A, 0x4DEA, 0x4DEA, 0x4DEA, 0x4DEA, 0x4DEA, 0x4DEA,
    0x4DCA, 0x3D69, 0x5DAD, 0xFFFF, 0xFFFF, 0xFFFF, 0xFFFF, 0xFFFF, 0xFFFF, 0xFFFF, 0xFFFF, 0xFFFF, 0xFFFF, 0xFFFF, 0xFFFF, 0xFFFF,
    0xFFFF, 0xFFFF, 0xFFFF, 0xFFFF, 0xFFFF, 0xFFFF, 0xFFFF, 0xFFFF, 0xFFFF, 0xFFFF, 0xFFFF, 0xFFFF, 0xFFFF, 0xFFFF, 0xFFFF, 0xFFFF,
    0xFFFF, 0xFFFF, 0xFFFF, 0xFFFF, 0xFFFF, 0xFFFF, 0xFFFF, 0xFFFF, 0x6DB0, 0x14A9, 0x2D2B, 0x254B, 0x254B, 0x254B, 0x252B, 0x252B,
    0x252B, 0x252B, 0x252B, 0x252B, 0x1D2B, 0x1D2B, 0x1D0B, 0x1D0B, 0x1D0B, 0x1D0B, 0x1D0B, 0x1D0B, 0x1D0B, 0x1D0B, 0x14EB, 0x14EB,
    0x14EB, 0x1CEB, 0x14EB, 0x14EB, 0x14EB, 0x14EB, 0x14EB, 0x14CB, 0x0CCB, 0x0CCB, 0x0CCB, 0x0CCB, 0x0CCB, 0x0CCB, 0x0CCB, 0x0CCB,
    0x0CCB, 0x0CCB, 0x0CCB, 0x0CCB, 0x6E8A, 0x6E8A, 0x6E8A, 0x6E8A, 0x6E6A, 0x6E6A, 0x666A, 0x666A, 0x666A, 0x666A, 0x666A, 0x666A,
    0x666A, 0x664A, 0x664A, 0x664A, 0x5E4A, 0x5E4A, 0x5E4A, 0x5E4A, 0x5E4A, 0x5E2A, 0x5E2A, 0x5E2A, 0x5E2A, 0x5E2A, 0x562A, 0x562A,
    0x562A, 0x562A, 0x560A, 0x560A, 0x560A, 0x560A, 0x560A, 0x560A, 0x4E0A, 0x4E0A, 0x4DEA, 0x4DEA, 0x4DEA, 0x4DEA, 0x4DEA, 0x4DEA,
    0x4DCA, 0x45AA, 0x3D28, 0xCF3A, 0xFFFF, 0xFFFF, 0xFFFF, 0xFFFF, 0xFFFF, 0xFFFF, 0xFFFF, 0xFFFF, 0xFFFF, 0xFFFF, 0xFFFF, 0xFFFF,
    0xFFFF, 0xFFFF, 0xFFFF, 0xFFFF, 0xFFFF, 0xFFFF, 0xFFFF, 0xFFFF, 0xFFFF, 0xFFFF, 0xFFFF, 0xFFFF, 0xFFFF, 0xFFFF, 0xFFFF, 0xFFFF,
    0xFFFF, 0xFFFF, 0xFFFF, 0xFFFF, 0xFFFF, 0xFFFF, 0xFFFF, 0xFFFF, 0xFFFF, 0xDF7C, 0x24AA, 0x250A, 0x252B, 0x254B, 0x252B, 0x252B,
    0x252B, 0x252B, 0x252B, 0x252B, 0x1D2B, 0x1D2B, 0x1D0B, 0x1D0B, 0x1D0B, 0x1D0B, 0x1D0B, 0x1D0B, 0x1D0B, 0x1D0B, 0x150B, 0x14EB,
    0x150B, 0x14EB, 0x14EB, 0x14EB, 0x14EB, 0x14EB, 0x14EB, 0x14CB, 0x0CCB, 0x0CCB, 0x0CCB, 0x0CCB, 0x0CCB, 0x0CCB, 0x0CCB, 0x0CCB,
    0x0CCB, 0x0CCB, 0x0CCB, 0x0CCB, 0x0CCB, 0x6E8A, 0x6E8A, 0x6E8A, 0x6E6A, 0x6E6A, 0x666A, 0x666A, 0x666A, 0x666A, 0x666A, 0x666A,
    0x666A, 0x664A, 0x664A, 0x664A, 0x5E4A, 0x5E4A, 0x5E4A, 0x5E4A, 0x5E4A, 0x5E2A, 0x5E2A, 0x5E2A, 0x5E2A, 0x5E2A, 0x562A, 0x562A,
    0x562A, 0x562A, 0x560A, 0x560A, 0x560A, 0x560A, 0x560A, 0x560A, 0x4E0A, 0x4E0A, 0x4DEA, 0x4DEA, 0x4DEA, 0x4DEA, 0x4DEA, 0x4DEA,
    0x4DEA, 0x4DCA, 0x3528, 0x7DF0, 0xFFFF, 0xFFFF, 0xFFFF, 0xFFFF, 0xFFFF, 0xFFFF, 0xFFFF, 0xFFFF, 0xFFFF, 0xFFFF, 0xFFFF, 0xFFFF,
    0xFFFF, 0xFFFF, 0xFFFF, 0xFFFF, 0xFFFF, 0xFFFF, 0xFFFF, 0xFFFF, 0xFFFF, 0xFFFF, 0xFFFF, 0xFFFF, 0xFFFF, 0xFFFF, 0xFFFF, 0xFFFF,
    0xFFFF, 0xFFFF, 0xFFFF, 0xFFFF, 0xFFFF, 0xFFFF, 0xFFFF, 0xFFFF, 0xFFFF, 0xFFFF, 0xFFFF, 0x7DD2, 0x1488, 0x2D2B, 0x252B, 0x252B,
    0x252B, 0x252B, 0x252B, 0x252B, 0x1D2B, 0x1D2B, 0x1D0B, 0x1D0B, 0x1D0B, 0x1D0B, 0x1D0B, 0x1D0B, 0x1D0B, 0x1D0B, 0x150B, 0x14EB,
    0x14EB, 0x14EB, 0x14EB, 0x14EB, 0x14EB, 0x14EB, 0x14EB, 0x14CB, 0x0CCB, 0x0CCB, 0x0CCB, 0x0CCB, 0x0CCB, 0x0CCB, 0x0CCB, 0x0CCB,
    0x0CCB, 0x0CCB, 0x0CCB, 0x0CCB, 0x0CCB, 0x0CCB, 0x6E8A, 0x6E8A, 0x6E6A, 0x6E6A, 0x6E6A, 0x666A, 0x666A, 0x666A, 0x666A, 0x666A,
    0x666A, 0x664A, 0x664A, 0x664A, 0x5E4A, 0x5E4A, 0x5E4A, 0x5E4A, 0x5E4A, 0x5E2A, 0x5E2A, 0x5E2A, 0x5E2A, 0x5E2A, 0x562A, 0x562A,
    0x562A, 0x562A, 0x560A, 0x560A, 0x560A, 0x560A, 0x560A, 0x560A, 0x560A, 0x4E0A, 0x4DEA, 0x4DEA, 0x4DEA, 0x4DEA, 0x4DEA, 0x4DEA,
    0x4DEA, 0x4DCA, 0x45AA, 0x3D09, 0xD75B, 0xFFFF, 0xFFFF, 0xFFFF, 0xFFFF, 0xFFFF, 0xFFFF, 0xFFFF, 0xFFFF, 0xFFFF, 0xFFFF, 0xFFFF,
    0xFFFF, 0xFFFF, 0xFFFF, 0xFFFF, 0xFFFF, 0xFFFF, 0xFFFF, 0xFFFF, 0xFFFF, 0xFFFF, 0xFFFF, 0xFFFF, 0xFFFF, 0xFFFF, 0xFFFF, 0xFFFF,
    0xFFFF, 0xFFFF, 0xFFFF, 0xFFFF, 0xFFFF, 0xFFFF, 0xFFFF, 0xFFFF, 0xFFFF, 0xFFFF, 0xFFFF, 0xFFFF, 0xD75B, 0x1C89, 0x24EA, 0x252B,
    0x252B, 0x252B, 0x252B, 0x252B, 0x1D2B, 0x1D2B, 0x1D0B, 0x1D0B, 0x1D0B, 0x1D0B, 0x1D0B, 0x1D0B, 0x1D0B, 0x1D0B, 0x150B, 0x14EB,
    0x14EB, 0x14EB, 0x14EB, 0x14EB, 0x14EB, 0x14EB, 0x14EB, 0x14CB, 0x0CCB, 0x0CCB, 0x0CCB, 0x0CCB, 0x0CCB, 0x0CCB, 0x0CCB, 0x0CCB,
    0x0CCB, 0x0CCB, 0x0CCB, 0x0CCB, 0x0CCB, 0x0CCB, 0x0CCB, 0x6E8A, 0x6E6A, 0x6E6A, 0x6E6A, 0x666A, 0x666A, 0x666A, 0x666A, 0x666A,
    0x666A, 0x664A, 0x664A, 0x664A, 0x5E4A, 0x5E4A, 0x5E4A, 0x5E4A, 0x5E4A, 0x5E4A, 0x5E2A, 0x5E2A, 0x5E2A, 0x5E2A, 0x562A, 0x562A,
    0x562A, 0x562A, 0x560A, 0x560A, 0x560A, 0x560A, 0x560A, 0x560A, 0x4E0A, 0x4E0A, 0x4DEA, 0x4DEA, 0x4DEA, 0x4DEA, 0x4DEA, 0x4DEA,
    0x4DEA, 0x45EA, 0x4DCA, 0x3548, 0x6DAF, 0xFFFF, 0xFFFF, 0xFFFF, 0xFFFF, 0xFFFF, 0xFFFF, 0xFFFF, 0xFFFF, 0xFFFF, 0xFFFF, 0xFFFF,
    0xFFFF, 0xFFFF, 0xFFFF, 0xFFFF, 0xFFFF, 0xFFFF, 0xFFFF, 0xFFFF, 0xFFFF, 0xFFFF, 0xFFFF, 0xFFFF, 0xFFFF, 0xFFFF, 0xFFFF, 0xFFFF,
    0xFFFF, 0xFFFF, 0xFFFF, 0xFFFF, 0xFFFF, 0xFFFF, 0xFFFF, 0xFFFF, 0xFFFF, 0xFFFF, 0xFFFF, 0xFFFF, 0xFFFF, 0xFFFF, 0x554E, 0x14A9,
    0x252B, 0x252B, 0x252B, 0x252B, 0x1D2B, 0x1D2B, 0x1D0B, 0x1D0B, 0x1D0B, 0x1D0B, 0x1D0B, 0x1D0B, 0x1D0B, 0x150B, 0x150B, 0x14EB,
    0x14EB, 0x14EB, 0x14EB, 0x14EB, 0x14EB, 0x14EB, 0x14EB, 0x0CCB, 0x0CCB, 0x0CCB, 0x0CCB, 0x0CCB, 0x0CCB, 0x0CCB, 0x0CCB, 0x0CCB,
    0x0CCB, 0x0CCB, 0x0CCB, 0x0CCB, 0x0CCB, 0x0CCB, 0x0CCB, 0x0CCB, 0x6E6A, 0x6E6A, 0x6E6A, 0x666A, 0x666A, 0x666A, 0x666A, 0x666A,
    0x664A, 0x664A, 0x664A, 0x664A, 0x5E4A, 0x5E4A, 0x5E4A, 0x5E4A, 0x5E4A, 0x5E2A, 0x5E2A, 0x5E2A, 0x5E2A, 0x5E2A, 0x562A, 0x562A,
    0x562A, 0x562A, 0x560A, 0x560A, 0x560A, 0x560A, 0x560A, 0x560A, 0x4E0A, 0x4E0A, 0x4DEA, 0x4DEA, 0x4DEA, 0x4DEA, 0x4DEA, 0x4DEA,
    0x4DEA, 0x4DEA, 0x45CA, 0x45AA, 0x34E8, 0xB6B6, 0xFFFF, 0xFFFF, 0xFFFF, 0xFFFF, 0xFFFF, 0xFFFF, 0xFFFF, 0xFFFF, 0xFFFF, 0xFFFF,
    0xFFFF, 0xFFFF, 0xFFFF, 0xFFFF, 0xFFFF, 0xFFFF, 0xFFFF, 0xFFFF, 0xFFFF, 0xDF5B, 0xDF5B, 0xFFFF, 0xFFFF, 0xFFFF, 0xFFFF, 0xFFFF,
    0xFFFF, 0xFFFF, 0xFFFF, 0xFFFF, 0xFFFF, 0xFFFF, 0xFFFF, 0xFFFF, 0xFFFF, 0xFFFF, 0xFFFF, 0xFFFF, 0xFFFF, 0xFFFF, 0xFFFF, 0x9E55,
    0x0C68, 0x250B, 0x252B, 0x252B, 0x1D2B, 0x1D2B, 0x1D0B, 0x1D0B, 0x1D0B, 0x1D0B, 0x1D0B, 0x1D0B, 0x1D0B, 0x1D0B, 0x14EB, 0x14EB,
    0x14EB, 0x14EB, 0x14EB, 0x14EB, 0x14EB, 0x14EB, 0x14EB, 0x0CCB, 0x0CCB, 0x0CCB, 0x0CCB, 0x0CCB, 0x0CCB, 0x0CCB, 0x0CCB, 0x0CCB,
    0x0CCB, 0x0CCB, 0x0CCB, 0x0CCB, 0x0CCB, 0x0CCB, 0x0CCB, 0x0CCB, 0x0CCB, 0x6E6A, 0x666A, 0x666A, 0x666A, 0x666A, 0x666A, 0x666A,
    0x664A, 0x664A, 0x664A, 0x664A, 0x5E4A, 0x5E4A, 0x5E4A, 0x5E4A, 0x5E4A, 0x5E2A, 0x5E2A, 0x5E2A, 0x5E2A, 0x5E2A, 0x562A, 0x562A,
    0x562A, 0x562A, 0x560A, 0x560A, 0x560A, 0x560A, 0x560A, 0x560A, 0x4E0A, 0x4E0A, 0x4DEA, 0x4DEA, 0x4DEA, 0x4DEA, 0x4DEA, 0x4DEA,
    0x4DEA, 0x4DEA, 0x45EA, 0x45CA, 0x4589, 0x450A, 0xE79C, 0xFFFF, 0xFFFF, 0xFFFF, 0xFFFF, 0xFFFF, 0xFFFF, 0xFFFF, 0xFFFF, 0xFFFF,
    0xFFFF, 0xFFFF, 0xFFFF, 0xFFFF, 0xFFFF, 0xFFFF, 0xFFFF, 0xFFFF, 0xCF1A, 0x448B, 0x23E7, 0x23E7, 0x4C8C, 0xCF1A, 0xFFFF, 0xFFFF,
    0xFFFF, 0xFFFF, 0xFFFF, 0xFFFF, 0xFFFF, 0xFFFF, 0xFFFF, 0xFFFF, 0xFFFF, 0xFFFF, 0xFFFF, 0xFFFF, 0xFFFF, 0xFFFF, 0xFFFF, 0xFFFF,
    0xD75B, 0x1C69, 0x1CEA, 0x250B, 0x1D2B, 0x1D2B, 0x1D0B, 0x1D0B, 0x1D0B, 0x1D0B, 0x1D0B, 0x1D0B, 0x1D0B, 0x1D0B, 0x150B, 0x14EB,
    0x14EB, 0x14EB, 0x14EB, 0x14EB, 0x14EB, 0x14EB, 0x14EB, 0x0CCB, 0x0CCB, 0x0CCB, 0x0CCB, 0x0CCB, 0x0CCB, 0x0CCB, 0x0CCB, 0x0CCB,
    0x0CCB, 0x0CCB, 0x0CCB, 0x0CCB, 0x0CCB, 0x0CCB, 0x0CCB, 0x0CCB, 0x0CCB, 0x0CCB, 0x666A, 0x666A, 0x666A, 0x666A, 0x666A, 0x666A,
    0x664A, 0x664A, 0x664A, 0x664A, 0x5E4A, 0x5E4A, 0x5E4A, 0x5E4A, 0x5E4A, 0x5E2A, 0x5E2A, 0x5E2A, 0x5E2A, 0x5E2A, 0x562A, 0x562A,
    0x562A, 0x562A, 0x560A, 0x560A, 0x560A, 0x560A, 0x560A, 0x560A, 0x4E0A, 0x4E0A, 0x4DEA, 0x4DEA, 0x4DEA, 0x4DEA, 0x4DEA, 0x4DEA,
    0x4DEA, 0x4DEA, 0x45EA, 0x45CA, 0x45CA, 0x3528, 0x658E, 0xFFFF, 0xFFFF, 0xFFFF, 0xFFFF, 0xFFFF, 0xFFFF, 0xFFFF, 0xFFFF, 0xFFFF,
    0xFFFF, 0xFFFF, 0xFFFF, 0xFFFF, 0xFFFF, 0xFFFF, 0xFFFF, 0xFFFF, 0xE77C, 0x2C08, 0x1BE6, 0x2C48, 0x2448, 0x13E6, 0x2C08, 0xDF5C,
    0xFFFF, 0xFFFF, 0xFFFF, 0xFFFF, 0xFFFF, 0xFFFF, 0xFFFF, 0xFFFF, 0xFFFF, 0xFFFF, 0xFFFF, 0xFFFF, 0xFFFF, 0xFFFF, 0xFFFF, 0xFFFF,
    0xFFFF, 0xF7DF, 0x34CC, 0x14AA, 0x250B, 0x1D2B, 0x1D0B, 0x1D0B, 0x1D0B, 0x1D0B, 0x1D0B, 0x1D0B, 0x1D0B, 0x1D0B, 0x150B, 0x14EB,
    0x14EB, 0x14EB, 0x14EB, 0x14EB, 0x14EB, 0x14EB, 0x14EB, 0x0CCB, 0x0CCB, 0x0CCB, 0x0CCB, 0x0CCB, 0x0CCB, 0x0CCB, 0x0CCB, 0x0CCB,
    0x0CCB, 0x0CCB, 0x0CCB, 0x0CCB, 0x0CCB, 0x0CCB, 0x0CCB, 0x0CCB, 0x0CCB, 0x0CCB, 0x0CCB, 0x666A, 0x666A, 0x666A, 0x666A, 0x666A,
    0x664A, 0x664A, 0x664A, 0x664A, 0x5E4A, 0x5E4A, 0x5E4A, 0x5E4A, 0x5E4A, 0x5E2A, 0x5E2A, 0x5E2A, 0x5E2A, 0x5E2A, 0x562A, 0x562A,
    0x562A, 0x562A, 0x560A, 0x560A, 0x560A, 0x560A, 0x560A, 0x560A, 0x4E0A, 0x4E0A, 0x4DEA, 0x4DEA, 0x4DEA, 0x4DEA, 0x4DEA, 0x4DEA,
    0x4DEA, 0x4DEA, 0x45EA, 0x45CA, 0x45CA, 0x45AA, 0x2CE8, 0x8612, 0xFFFF, 0xFFFF, 0xFFFF, 0xFFFF, 0xFFFF, 0xFFFF, 0xFFFF, 0xFFFF,
    0xFFFF, 0xFFFF, 0xFFFF, 0xFFFF, 0xFFFF, 0xFFFF, 0xFFFF, 0xFFFF, 0xFFFF, 0x8DD2, 0x13E6, 0x34CA, 0x2CC9, 0x2CC9, 0x2CAA, 0x13E6,
    0x6D2F, 0xFFFF, 0xFFFF, 0xFFFF, 0xFFFF, 0xFFFF, 0xFFFF, 0xFFFF, 0xFFFF, 0xFFFF, 0xFFFF, 0xFFFF, 0xFFFF, 0xFFFF, 0xFFFF, 0xFFFF,
    0xFFFF, 0xFFFF, 0xFFFF, 0x5D50, 0x0C69, 0x250B, 0x1D0B, 0x1D0B, 0x1D0B, 0x1D0B, 0x1D0B, 0x1D0B, 0x1D0B, 0x1D0B, 0x150B, 0x14EB,
    0x14EB, 0x14EB, 0x14EB, 0x14EB, 0x14EB, 0x14EB, 0x14EB, 0x14CB, 0x0CCB, 0x0CCB, 0x0CCB, 0x0CCB, 0x0CCB, 0x0CCB, 0x0CCB, 0x0CCB,
    0x0CCB, 0x0CCB, 0x0CCB, 0x0CCB, 0x0CCB, 0x0CCB, 0x0CCB, 0x0CCB, 0x0CCB, 0x0CCB, 0x0CCB, 0x0CCB, 0x666A, 0x666A, 0x666A, 0x666A,
    0x666A, 0x664A, 0x664A, 0x664A, 0x5E4A, 0x5E4A, 0x5E4A, 0x5E4A, 0x5E4A, 0x5E2A, 0x5E2A, 0x5E2A, 0x5E2A, 0x5E2A, 0x562A, 0x562A,
    0x562A, 0x562A, 0x560A, 0x560A, 0x560A, 0x560A, 0x560A, 0x560A, 0x4E0A, 0x4E0A, 0x4DEA, 0x4DEA, 0x4DEA, 0x4DEA, 0x4DEA, 0x4DEA,
    0x4DEA, 0x4DEA, 0x45EA, 0x45CA, 0x45CA, 0x45CA, 0x45AA, 0x2CC7, 0xAE96, 0xFFFF, 0xFFFF, 0xFFFF, 0xFFFF, 0xFFFF, 0xFFFF, 0xFFFF,
    0xFFFF, 0xFFFF, 0xFFFF, 0xFFFF, 0xFFFF, 0xFFFF, 0xFFFF, 0xFFFF, 0xFFFF, 0xFFFF, 0x54ED, 0x2468, 0x350A, 0x2D2A, 0x2D2A, 0x2D0A,
    0x2489, 0x2C49, 0xE79D, 0xFFFF, 0xFFFF, 0xFFFF, 0xFFFF, 0xFFFF, 0xFFFF, 0xFFFF, 0xFFFF, 0xFFFF, 0xFFFF, 0xFFFF, 0xFFFF, 0xFFFF,
    0xFFFF, 0xFFFF, 0xFFFF, 0xFFFF, 0x85F3, 0x0C48, 0x250B, 0x1D0B, 0x1D0B, 0x1D0B, 0x1D0B, 0x1D0B, 0x1D0B, 0x1D0B, 0x150B, 0x14EB,
    0x14EB, 0x14EB, 0x14EB, 0x14EB, 0x14EB, 0x14EB, 0x14EB, 0x14CB, 0x0CCB, 0x0CCB, 0x0CCB, 0x0CCB, 0x0CCB, 0x0CCB, 0x0CCB, 0x0CCB,
    0x0CCB, 0x0CCB, 0x0CCB, 0x0CCB, 0x0CCB, 0x0CCB, 0x0CCB, 0x0CCB, 0x0CCB, 0x0CCB, 0x0CCB, 0x0CCB, 0x0CCB, 0x666A, 0x666A, 0x666A,
    0x666A, 0x664A, 0x664A, 0x664A, 0x5E4A, 0x5E4A, 0x5E4A, 0x5E4A, 0x5E4A, 0x5E2A, 0x5E2A, 0x5E2A, 0x5E2A, 0x5E2A, 0x562A, 0x562A,
    0x562A, 0x562A, 0x560A, 0x560A, 0x560A, 0x560A, 0x560A, 0x560A, 0x4E0A, 0x4E0A, 0x4DEA, 0x4DEA, 0x4DEA, 0x4DEA, 0x4DEA, 0x4DEA,
    0x4DEA, 0x4DEA, 0x45EA, 0x45CA, 0x45CA, 0x45CA, 0x45CA, 0x458A, 0x2CC8, 0xC6F9, 0xFFFF, 0xFFFF, 0xFFFF, 0xFFFF, 0xFFFF, 0xFFFF,
    0xFFFF, 0xFFFF, 0xFFFF, 0xFFFF, 0xFFFF, 0xFFFF, 0xFFFF, 0xFFFF, 0xFFFF, 0xFFFF, 0xF7DE, 0x3CAB, 0x24A9, 0x354A, 0x356B, 0x2D6B,
    0x2D4A, 0x2CEA, 0x1C07, 0xB697, 0xFFFF, 0xFFFF, 0xFFFF, 0xFFFF, 0xFFFF, 0xFFFF, 0xFFFF, 0xFFFF, 0xFFFF, 0xFFFF, 0xFFFF, 0xFFFF,
    0xFFFF, 0xFFFF, 0xFFFF, 0xFFFF, 0xFFFF, 0x9E56, 0x0C28, 0x1CEB, 0x1D0B, 0x1D0B, 0x1D0B, 0x1D0B, 0x1D0B, 0x1D0B, 0x150B, 0x14EB,
    0x14EB, 0x14EB, 0x14EB, 0x14EB, 0x14EB, 0x14EB, 0x14EB, 0x14CB, 0x0CCB, 0x0CCB, 0x0CCB, 0x0CCB, 0x0CCB, 0x0CCB, 0x0CCB, 0x0CCB,
    0x0CCB, 0x0CCB, 0x0CCB, 0x0CCB, 0x0CCB, 0x0CCB, 0x0CCB, 0x0CCB, 0x0CCB, 0x0CCB, 0x0CCB, 0x0CCB, 0x0CCB, 0x0CCB, 0x666A, 0x666A,
    0x666A, 0x664A, 0x664A, 0x664A, 0x5E4A, 0x5E4A, 0x5E4A, 0x5E4A, 0x5E4A, 0x5E2A, 0x5E2A, 0x5E2A, 0x5E2A, 0x5E2A, 0x562A, 0x562A,
    0x562A, 0x562A, 0x560A, 0x560A, 0x560A, 0x560A, 0x560A, 0x560A, 0x4E0A, 0x4E0A, 0x4DEA, 0x4DEA, 0x4DEA, 0x4DEA, 0x4DEA, 0x4DEA,
    0x4DEA, 0x4DEA, 0x45EA, 0x45CA, 0x45CA, 0x45CA, 0x45CA, 0x45AA, 0x456A, 0x34C8, 0xCF3A, 0xFFFF, 0xFFFF, 0xFFFF, 0xFFFF, 0xFFFF,
    0xFFFF, 0xFFFF, 0xFFFF, 0xFFFF, 0xFFFF, 0xFFFF, 0xFFFF, 0xFFFF, 0xFFFF, 0xFFFF, 0xFFFF, 0xEF9D, 0x3CAA, 0x2CC9, 0x354A, 0x356B,
    0x2D6B, 0x2D4A, 0x2D0A, 0x1427, 0x9614, 0xFFFF, 0xFFFF, 0xFFFF, 0xFFFF, 0xFFFF, 0xFFFF, 0xFFFF, 0xFFFF, 0xFFFF, 0xFFFF, 0xFFFF,
    0xFFFF, 0xFFFF, 0xFFFF, 0xFFFF, 0xFFFF, 0xFFFF, 0xB6B8, 0x0C28, 0x1CEB, 0x1D0B, 0x1D0B, 0x1D0B, 0x1D0B, 0x1D0B, 0x150B, 0x14EB,
    0x14EB, 0x14EB, 0x14EB, 0x14EB, 0x14EB, 0x14EB, 0x14EB, 0x14CB, 0x0CCB, 0x0CCB, 0x0CCB, 0x0CCB, 0x0CCB, 0x0CCB, 0x0CCB, 0x0CCB,
    0x0CCB, 0x0CCB, 0x0CCB, 0x0CCB, 0x0CCB, 0x0CCB, 0x0CCB, 0x0CCB, 0x0CCB, 0x0CCB, 0x0CCB, 0x0CCB, 0x0CCB, 0x0CCB, 0x0CCB, 0x666A,
    0x666A, 0x664A, 0x664A, 0x664A, 0x5E4A, 0x5E4A, 0x5E4A, 0x5E4A, 0x5E4A, 0x5E2A, 0x5E2A, 0x5E2A, 0x5E2A, 0x5E2A, 0x562A, 0x562A,
    0x562A, 0x562A, 0x560A, 0x560A, 0x560A, 0x560A, 0x560A, 0x560A, 0x4E0A, 0x4E0A, 0x4DEA, 0x4DEA, 0x4DEA, 0x4DEA, 0x4DEA, 0x4DEA,
    0x4DEA, 0x4DEA, 0x45CA, 0x45CA, 0x45CA, 0x45CA, 0x45CA, 0x45CA, 0x45AA, 0x3D6A, 0x34C8, 0xD75B, 0xFFFF, 0xFFFF, 0xFFFF, 0xFFFF,
    0xFFFF, 0xFFFF, 0xFFFF, 0xFFFF, 0xFFFF, 0xFFFF, 0xFFFF, 0xFFFF, 0xFFFF, 0xFFFF, 0xFFFF, 0xFFFF, 0xEFBD, 0x3CAA, 0x24E9, 0x354B,
    0x2D6B, 0x2D6B, 0x2D4B, 0x2D2B, 0x1448, 0x85D2, 0xFFFF, 0xFFFF, 0xFFFF, 0xFFFF, 0xFFFF, 0xFFFF, 0xFFFF, 0xFFFF, 0xFFFF, 0xFFFF,
    0xFFFF, 0xFFFF, 0xFFFF, 0xFFFF, 0xFFFF, 0xFFFF, 0xFFFF, 0xC6F9, 0x1429, 0x1CCB, 0x1CEB, 0x1D0B, 0x1D0B, 0x1D0B, 0x14EB, 0x14EB,
    0x14EB, 0x14EB, 0x14EB, 0x14EB, 0x14EB, 0x14EB, 0x14EB, 0x14CB, 0x0CCB, 0x0CCB, 0x0CCB, 0x0CCB, 0x0CCB, 0x0CCB, 0x0CCB, 0x0CCB,
    0x0CCB, 0x0CCB, 0x0CCB, 0x0CCB, 0x0CCB, 0x0CCB, 0x0CCB, 0x0CCB, 0x0CCB, 0x0CCB, 0x0CCB, 0x0CCB, 0x0CCB, 0x0CCB, 0x0CCB, 0x0CCB,
    0x664A, 0x664A, 0x664A, 0x664A, 0x5E4A, 0x5E4A, 0x5E4A, 0x5E4A, 0x5E4A, 0x5E2A, 0x5E2A, 0x5E2A, 0x5E2A, 0x5E2A, 0x562A, 0x562A,
    0x562A, 0x560A, 0x560A, 0x560A, 0x560A, 0x560A, 0x560A, 0x560A, 0x4E0A, 0x4E0A, 0x4DEA, 0x4DEA, 0x4DEA, 0x4DEA, 0x4DEA, 0x4DEA,
    0x4DEA, 0x4DEA, 0x45CA, 0x45CA, 0x45CA, 0x45CA, 0x45CA, 0x45CA, 0x45CA, 0x45AA, 0x3D4A, 0x34C9, 0xD75B, 0xFFFF, 0xFFFF, 0xFFFF,
    0xFFFF, 0xFFFF, 0xFFFF, 0xFFFF, 0xFFFF, 0xFFFF, 0xFFFF, 0xFFFF, 0xFFFF, 0xFFFF, 0xFFFF, 0xFFFF, 0xFFFF, 0xF7DE, 0x44CB, 0x24E9,
    0x2D4B, 0x2D6B, 0x2D6B, 0x2D4B, 0x2D2B, 0x1468, 0x7DB2, 0xFFFF, 0xFFFF, 0xFFFF, 0xFFFF, 0xFFFF, 0xFFFF, 0xFFFF, 0xFFFF, 0xFFFF,
    0xFFFF, 0xFFFF, 0xFFFF, 0xFFFF, 0xFFFF, 0xFFFF, 0xFFFF, 0xFFFF, 0xC71A, 0x1429, 0x1CCA, 0x1CEB, 0x1D0B, 0x1D0B, 0x14EB, 0x14EB,
    0x14EB, 0x14EB, 0x14EB, 0x14EB, 0x14EB, 0x14EB, 0x14EB, 0x0CCB, 0x0CCB, 0x0CCB, 0x0CCB, 0x0CCB, 0x0CCB, 0x0CCB, 0x0CCB, 0x0CCB,
    0x0CCB, 0x0CCB, 0x0CCB, 0x0CCB, 0x0CCB, 0x0CCB, 0x0CCB, 0x0CCB, 0x0CCB, 0x0CCB, 0x0CCB, 0x0CCB, 0x0CCB, 0x0CCB, 0x0CCB, 0x0CCB,
    0x0CCB, 0x664A, 0x664A, 0x664A, 0x5E4A, 0x5E4A, 0x5E4A, 0x5E4A, 0x5E4A, 0x5E2A, 0x5E2A, 0x5E2A, 0x5E2A, 0x5E2A, 0x562A, 0x562A,
    0x562A, 0x560A, 0x560A, 0x560A, 0x560A, 0x560A, 0x560A, 0x560A, 0x4E0A, 0x4E0A, 0x4DEA, 0x4DEA, 0x4DEA, 0x4DEA, 0x4DEA, 0x4DEA,
    0x4DEA, 0x4DEA, 0x45EA, 0x45CA, 0x45CA, 0x45CA, 0x45CA, 0x45CA, 0x45CA, 0x45CA, 0x45AA, 0x3D4A, 0x34A8, 0xD73A, 0xFFFF, 0xFFFF,
    0xFFFF, 0xFFFF, 0xFFFF, 0xFFFF, 0xFFFF, 0xFFFF, 0xFFFF, 0xFFFF, 0xFFFF, 0xFFFF, 0xFFFF, 0xFFFF, 0xFFFF, 0xFFFF, 0xFFFF, 0x552D,
    0x24C9, 0x2D4B, 0x2D6B, 0x2D6B, 0x2D4B, 0x2D2B, 0x1468, 0x7DB2, 0xFFFF, 0xFFFF, 0xFFFF, 0xFFFF, 0xFFFF, 0xFFFF, 0xFFFF, 0xFFFF,
    0xFFFF, 0xFFFF, 0xFFFF, 0xFFFF, 0xFFFF, 0xFFFF, 0xFFFF, 0xFFFF, 0xFFFF, 0xC71A, 0x1429, 0x1CAB, 0x1CEB, 0x1D0B, 0x14EB, 0x14EB,
    0x14EB, 0x14EB, 0x14EB, 0x14EB, 0x14EB, 0x14EB, 0x14EB, 0x14CB, 0x0CCB, 0x0CCB, 0x0CCB, 0x0CCB, 0x0CCB, 0x0CCB, 0x0CCB, 0x0CCB,
    0x0CCB, 0x0CCB, 0x0CCB, 0x0CCB, 0x0CCB, 0x0CCB, 0x0CCB, 0x0CCB, 0x0CCB, 0x0CCB, 0x0CCB, 0x0CCB, 0x0CCB, 0x0CCB, 0x0CCB, 0x0CCB,
    0x0CCB, 0x0CCB, 0x664A, 0x664A, 0x5E4A, 0x5E4A, 0x5E4A, 0x5E4A, 0x5E4A, 0x5E2A, 0x5E2A, 0x5E2A, 0x5E2A, 0x5E2A, 0x562A, 0x562A,
    0x562A, 0x560A, 0x560A, 0x560A, 0x560A, 0x560A, 0x560A, 0x560A, 0x4E0A, 0x4E0A, 0x4DEA, 0x4DEA, 0x4DEA, 0x4DEA, 0x4DEA, 0x4DEA,
    0x4DEA, 0x4DEA, 0x45EA, 0x45CA, 0x45CA, 0x45CA, 0x45CA, 0x45CA, 0x45CA, 0x45CA, 0x45CA, 0x3DAA, 0x3D4A, 0x2CA8, 0xCF1A, 0xFFFF,
    0xFFFF, 0xFFFF, 0xFFFF, 0xFFFF, 0xFFFF, 0xFFFF, 0xFFFF, 0xFFFF, 0xFFFF, 0xFFFF, 0xFFFF, 0xFFFF, 0xFFFF, 0xFFFF, 0xFFFF, 0xFFFF,
    0x656F, 0x1CA8, 0x2D4B, 0x2D6B, 0x2D6B, 0x2D4B, 0x2D2B, 0x1468, 0x85F3, 0xFFFF, 0xFFFF, 0xFFFF, 0xFFFF, 0xFFFF, 0xFFFF, 0xFFFF,
    0xFFFF, 0xFFFF, 0xFFFF, 0xFFFF, 0xFFFF, 0xFFFF, 0xFFFF, 0xFFFF, 0xFFFF, 0xFFFF, 0xBED9, 0x0C08, 0x1CAB, 0x14EB, 0x14EB, 0x14EB,
    0x14EB, 0x14EB, 0x14EB, 0x14EB, 0x14EB, 0x14EB, 0x14EB, 0x14CB, 0x0CCB, 0x0CCB, 0x0CCB, 0x0CCB, 0x0CCB, 0x0CCB, 0x0CCB, 0x0CCB,
    0x0CCB, 0x0CCB, 0x0CCB, 0x0CCB, 0x0CCB, 0x0CCB, 0x0CCB, 0x0CCB, 0x0CCB, 0x0CCB, 0x0CCB, 0x0CCB, 0x0CCB, 0x0CCB, 0x0CCB, 0x0CCB,
    0x0CCB, 0x0CCB, 0x0CCB, 0x664A, 0x5E4A, 0x5E4A, 0x5E4A, 0x5E4A, 0x5E4A, 0x5E2A, 0x5E2A, 0x5E2A, 0x5E2A, 0x5E2A, 0x562A, 0x562A,
    0x562A, 0x560A, 0x560A, 0x560A, 0x560A, 0x560A, 0x560A, 0x560A, 0x4E0A, 0x4E0A, 0x4DEA, 0x4DEA, 0x4DEA, 0x4DEA, 0x4DEA, 0x4DEA,
    0x4DEA, 0x4DEA, 0x45EA, 0x45CA, 0x45CA, 0x45CA, 0x45CA, 0x45CA, 0x45CA, 0x45CA, 0x45CA, 0x45AA, 0x3DAA, 0x3D6A, 0x2487, 0xBED8,
    0xFFFF, 0xFFFF, 0xFFFF, 0xFFFF, 0xFFFF, 0xFFFF, 0xFFFF, 0xFFFF, 0xFFFF, 0xFFFF, 0xFFFF, 0xFFFF, 0xFFFF, 0xFFFF, 0xFFFF, 0xFFFF,
    0xFFFF, 0x85F2, 0x1C88, 0x2D4B, 0x2D4B, 0x2D4B, 0x2D4B, 0x2D2B, 0x1448, 0x9635, 0xFFFF, 0xFFFF, 0xFFFF, 0xFFFF, 0xFFFF, 0xFFFF,
    0xFFFF, 0xFFFF, 0xFFFF, 0xFFFF, 0xFFFF, 0xFFFF, 0xFFFF, 0xFFFF, 0xFFFF, 0xFFFF, 0xFFFF, 0xAE98, 0x0C08, 0x1CCB, 0x14EB, 0x14EB,
    0x14EB, 0x14EB, 0x14EB, 0x14EB, 0x14EB, 0x14EB, 0x14EB, 0x14CB, 0x0CCB, 0x0CCB, 0x0CCB, 0x0CCB, 0x0CCB, 0x0CCB, 0x0CCB, 0x0CCB,
    0x0CCB, 0x0CCB, 0x0CCB, 0x0CCB, 0x0CCB, 0x0CCB, 0x0CCB, 0x0CCB, 0x0CCB, 0x0CCB, 0x0CCB, 0x0CCB, 0x0CCB, 0x0CCB, 0x0CCB, 0x0CCB,
    0x0CCB, 0x0CCB, 0x0CCB, 0x0CCB, 0x5E4A, 0x5E4A, 0x5E4A, 0x5E4A, 0x5E4A, 0x5E2A, 0x5E2A, 0x5E2A, 0x5E2A, 0x5E2A, 0x562A, 0x562A,
    0x562A, 0x560A, 0x560A, 0x560A, 0x560A, 0x560A, 0x560A, 0x560A, 0x4E0A, 0x4E0A, 0x4DEA, 0x4DEA, 0x4DEA, 0x4DEA, 0x4DEA, 0x4DEA,
    0x4DEA, 0x4DEA, 0x45EA, 0x45CA, 0x45CA, 0x45CA, 0x45CA, 0x45CA, 0x45CA, 0x45CA, 0x45CA, 0x45AA, 0x3DAA, 0x3DAA, 0x3D6A, 0x2487,
    0x9E55, 0xFFFF, 0xFFFF, 0xFFFF, 0xFFFF, 0xFFFF, 0xFFFF, 0xFFFF, 0xFFFF, 0xFFFF, 0xFFFF, 0xF7BE, 0xDF5C, 0xCF1A, 0xB697, 0x9E14,
    0x7D91, 0x654F, 0x3CEB, 0x24C9, 0x2D2B, 0x2D4B, 0x2D4B, 0x2D4B, 0x2D0A, 0x1448, 0xB6B8, 0xFFFF, 0xFFFF, 0xFFFF, 0xFFFF, 0xFFFF,
    0xFFFF, 0xFFFF, 0xFFFF, 0xFFFF, 0xFFFF, 0xFFFF, 0xFFFF, 0xFFFF, 0xFFFF, 0xFFFF, 0xFFFF, 0xFFFF, 0x9E35, 0x03E8, 0x1CCB, 0x14EB,
    0x14EB, 0x14EB, 0x14EB, 0x14EB, 0x14EB, 0x14EB, 0x14EB, 0x14CB, 0x0CCB, 0x0CCB, 0x0CCB, 0x0CCB, 0x0CCB, 0x0CCB, 0x0CCB, 0x0CCB,
    0x0CCB, 0x0CCB, 0x0CCB, 0x0CCB, 0x0CCB, 0x0CCB, 0x0CCB, 0x0CCB, 0x0CCB, 0x0CCB, 0x0CCB, 0x0CCB, 0x0CCB, 0x0CCB, 0x0CCB, 0x0CCB,
    0x0CCB, 0x0CCB, 0x0CCB, 0x0CCB, 0x0CCB, 0x5E4A, 0x5E4A, 0x5E4A, 0x5E4A, 0x5E2A, 0x5E2A, 0x5E2A, 0x5E2A, 0x5E2A, 0x562A, 0x562A,
    0x562A, 0x560A, 0x560A, 0x560A, 0x560A, 0x560A, 0x560A, 0x560A, 0x4E0A, 0x4E0A, 0x4DEA, 0x4DEA, 0x4DEA, 0x4DEA, 0x4DEA, 0x4DEA,
    0x4DEA, 0x4DEA, 0x45EA, 0x45CA, 0x45CA, 0x45CA, 0x45CA, 0x45CA, 0x45CA, 0x45CA, 0x45CA, 0x45AA, 0x3DAA, 0x3DAA, 0x3DAA, 0x3D6A,
    0x24A7, 0x85F2, 0xFFFF, 0xFFFF, 0xF7BE, 0xDF5C, 0xC6F9, 0xB697, 0x9E14, 0x7D91, 0x650E, 0x4CAC, 0x3C4A, 0x2C08, 0x1BC7, 0x13C6,
    0x13C6, 0x13E6, 0x1427, 0x24A9, 0x2D0A, 0x2D2B, 0x2D4B, 0x2D4B, 0x2D4B, 0x24EA, 0x2489, 0xDF7C, 0xFFFF, 0xFFFF, 0xFFFF, 0xFFFF,
    0xFFFF, 0xFFFF, 0xFFFF, 0xFFFF, 0xFFFF, 0xFFFF, 0xFFFF, 0xFFFF, 0xFFFF, 0xFFFF, 0xFFFF, 0xFFFF, 0xFFFF, 0x7DB3, 0x03E8, 0x1CCB,
    0x14EB, 0x14EB, 0x14EB, 0x14EB, 0x14EB, 0x14EB, 0x14EB, 0x14CB, 0x0CCB, 0x0CCB, 0x0CCB, 0x0CCB, 0x0CCB, 0x0CCB, 0x0CCB, 0x0CCB,
    0x0CCB, 0x0CCB, 0x0CCB, 0x0CCB, 0x0CCB, 0x0CCB, 0x0CCB, 0x0CCB, 0x0CCB, 0x0CCB, 0x0CCB, 0x0CCB, 0x0CCB, 0x0CCB, 0x0CCB, 0x0CCB,
    0x0CCB, 0x0CCB, 0x0CCB, 0x0CCB, 0x0CCB, 0x0CCB, 0x5E4A, 0x5E4A, 0x5E4A, 0x5E2A, 0x5E2A, 0x5E2A, 0x5E2A, 0x562A, 0x562A, 0x562A,
    0x562A, 0x562A, 0x560A, 0x560A, 0x560A, 0x560A, 0x560A, 0x560A, 0x4E0A, 0x4E0A, 0x4DEA, 0x4DEA, 0x4DEA, 0x4DEA, 0x4DEA, 0x4DEA,
    0x4DEA, 0x4DEA, 0x45EA, 0x45CA, 0x45CA, 0x45CA, 0x45CA, 0x45CA, 0x45CA, 0x45CA, 0x45CA, 0x3DAA, 0x3DAA, 0x3DAA, 0x3DAA, 0x3DAA,
    0x3D6A, 0x34E9, 0x4D0B, 0x6D4F, 0x4CAC, 0x3C49, 0x2C08, 0x1BE7, 0x1BC6, 0x13C6, 0x13E6, 0x1C07, 0x1C27, 0x2448, 0x2468, 0x2C89,
    0x2C89, 0x2CA9, 0x2CCA, 0x2CEA, 0x2D0A, 0x2D2A, 0x2D4B, 0x2D4B, 0x2D4B, 0x2D2B, 0x1CA9, 0x44EC, 0xFFDF, 0xFFFF, 0xFFFF, 0xFFFF,
    0xFFFF, 0xFFFF, 0xFFFF, 0xFFFF, 0xFFFF, 0xFFFF, 0xFFFF, 0xFFFF, 0xFFFF, 0xFFFF, 0xFFFF, 0xFFFF, 0xFFFF, 0xFFFF, 0x550F, 0x0408,
    0x14CB, 0x14EB, 0x14EB, 0x14EB, 0x14EB, 0x14EB, 0x14EB, 0x14CB, 0x0CCB, 0x0CCB, 0x0CCB, 0x0CCB, 0x0CCB, 0x0CCB, 0x0CCB, 0x0CCB,
    0x0CCB, 0x0CCB, 0x0CCB, 0x0CCB, 0x0CCB, 0x0CCB, 0x0CCB, 0x0CCB, 0x0CCB, 0x0CCB, 0x0CCB, 0x0CCB, 0x0CCB, 0x0CCB, 0x0CCB, 0x0CCB,
    0x0CCB, 0x0CCB, 0x0CCB, 0x0CCB, 0x0CCB, 0x0CCB, 0x0CCB, 0x5E4A, 0x5E4A, 0x5E2A, 0x5E2A, 0x5E2A, 0x5E2A, 0x562A, 0x562A, 0x562A,
    0x562A, 0x560A, 0x560A, 0x560A, 0x560A, 0x560A, 0x560A, 0x560A, 0x4E0A, 0x4E0A, 0x4DEA, 0x4DEA, 0x4DEA, 0x4DEA, 0x4DEA, 0x4DEA,
    0x4DEA, 0x4DEA, 0x45CA, 0x45CA, 0x45CA, 0x45CA, 0x45CA, 0x45CA, 0x45CA, 0x45CA, 0x45CA, 0x3DAA, 0x3DAA, 0x3DAA, 0x3DAA, 0x3DAA,
    0x3DAA, 0x3D8A, 0x3D4A, 0x2CC9, 0x2467, 0x2447, 0x2468, 0x2C68, 0x2C89, 0x2CA9, 0x2CC9, 0x2CCA, 0x2CEA, 0x2CEA, 0x2CEA, 0x2CEA,
    0x2D0A, 0x2D0A, 0x2D0A, 0x2D2A, 0x2D2A, 0x2D2B, 0x2D4B, 0x2D4B, 0x2D4B, 0x2D4B, 0x2D2B, 0x1468, 0x75D2, 0xFFFF, 0xFFFF, 0xFFFF,
    0xFFFF, 0xFFFF, 0xFFFF, 0xFFFF, 0xFFFF, 0xFFFF, 0xFFFF, 0xFFFF, 0xFFFF, 0xFFFF, 0xFFFF, 0xFFFF, 0xFFFF, 0xFFFF, 0xF7DE, 0x2C6B,
    0x0C49, 0x14CB, 0x14EB, 0x14EB, 0x14EB, 0x14EB, 0x14CB, 0x0CCB, 0x0CCB, 0x0CCB, 0x0CCB, 0x0CCB, 0x0CCB, 0x0CCB, 0x0CCB, 0x0CCB,
    0x0CCB, 0x0CCB, 0x0CCB, 0x0CCB, 0x0CCB, 0x0CCB, 0x0CCB, 0x0CCB, 0x0CCB, 0x0CCB, 0x0CCB, 0x0CCB, 0x0CCB, 0x0CCB, 0x0CCB, 0x0CCB,
    0x0CCB, 0x0CCB, 0x0CCB, 0x0CCB, 0x0CCB, 0x0CCB, 0x0CCB, 0x0CCB, 0x5E4A, 0x5E2A, 0x5E2A, 0x5E2A, 0x5E2A, 0x562A, 0x562A, 0x562A,
    0x562A, 0x560A, 0x560A, 0x560A, 0x560A, 0x560A, 0x560A, 0x560A, 0x4E0A, 0x4E0A, 0x4DEA, 0x4DEA, 0x4DEA, 0x4DEA, 0x4DEA, 0x4DEA,
    0x4DEA, 0x4DEA, 0x45CA, 0x45CA, 0x45CA, 0x45CA, 0x45CA, 0x45CA, 0x45CA, 0x45CA, 0x45CA, 0x3DAA, 0x3DAA, 0x3DAA, 0x3DAA, 0x3DAA,
    0x3DAA, 0x3DAA, 0x3D8A, 0x356A, 0x354A, 0x352A, 0x350A, 0x350A, 0x350A, 0x352A, 0x352A, 0x352A, 0x352A, 0x2D4A, 0x2D4A, 0x2D4A,
    0x2D4A, 0x2D4B, 0x2D4B, 0x2D4B, 0x2D4B, 0x2D4B, 0x2D4B, 0x2D4B, 0x2D4B, 0x2D4B, 0x252B, 0x250B, 0x1468, 0xBEF9, 0xFFFF, 0xFFFF,
    0xFFFF, 0xFFFF, 0xFFFF, 0xFFFF, 0xFFFF, 0xFFFF, 0xFFFF, 0xFFFF, 0xFFFF, 0xFFFF, 0xFFFF, 0xFFFF, 0xFFFF, 0xFFFF, 0xFFFF, 0xCF1B,
    0x0BE9, 0x148A, 0x14CB, 0x14EB, 0x14EB, 0x14EB, 0x14EB, 0x0CCB, 0x0CCB, 0x0CCB, 0x0CCB, 0x0CCB, 0x0CCB, 0x0CCB, 0x0CCB, 0x0CCB,
    0x0CCB, 0x0CCB, 0x0CCB, 0x0CCB, 0x0CCB, 0x0CCB, 0x0CCB, 0x0CCB, 0x0CCB, 0x0CCB, 0x0CCB, 0x0CCB, 0x0CCB, 0x0CCB, 0x0CCB, 0x0CCB,
    0x0CCB, 0x0CCB, 0x0CCB, 0x0CCB, 0x0CCB, 0x0CCB, 0x0CCB, 0x0CCB, 0x0CCB, 0x5E2A, 0x5E2A, 0x5E2A, 0x5E2A, 0x562A, 0x562A, 0x562A,
    0x562A, 0x560A, 0x560A, 0x560A, 0x560A, 0x560A, 0x560A, 0x4E0A, 0x4E0A, 0x4E0A, 0x4DEA, 0x4DEA, 0x4DEA, 0x4DEA, 0x4DEA, 0x4DEA,
    0x4DEA, 0x4DEA, 0x45CA, 0x45CA, 0x45CA, 0x45CA, 0x45CA, 0x45CA, 0x45CA, 0x45CA, 0x45CA, 0x45AA, 0x3DAA, 0x3DAA, 0x3DAA, 0x3DAA,
    0x3DAA, 0x3DAA, 0x3DAA, 0x3D8B, 0x3D8A, 0x356A, 0x356A, 0x356A, 0x356A, 0x356A, 0x356A, 0x356B, 0x356B, 0x356B, 0x356B, 0x2D6B,
    0x2D6B, 0x2D6B, 0x2D6B, 0x2D6B, 0x2D4B, 0x2D4B, 0x2D4B, 0x2D4B, 0x2D4B, 0x2D4B, 0x254B, 0x252B, 0x1CC9, 0x3CEC, 0xF7DE, 0xFFFF,
    0xFFFF, 0xFFFF, 0xFFFF, 0xFFFF, 0xFFFF, 0xFFFF, 0xFFFF, 0xFFFF, 0xFFFF, 0xFFFF, 0xFFFF, 0xFFFF, 0xFFFF, 0xFFFF, 0xFFFF, 0xFFFF,
    0x9615, 0x03C7, 0x14AB, 0x14CB, 0x14EB, 0x14EB, 0x14EB, 0x0CCB, 0x0CCB, 0x0CCB, 0x0CCB, 0x0CCB, 0x0CCB, 0x0CCB, 0x0CCB, 0x0CCB,
    0x0CCB, 0x0CCB, 0x0CCB, 0x0CCB, 0x0CCB, 0x0CCB, 0x0CCB, 0x0CCB, 0x0CCB, 0x0CCB, 0x0CCB, 0x0CCB, 0x0CCB, 0x0CCB, 0x0CCB, 0x0CCB,
    0x0CCB, 0x0CCB, 0x0CCB, 0x0CCB, 0x0CCB, 0x0CCB, 0x0CCB, 0x0CCB, 0x0CCB, 0x0CCB, 0x5E2A, 0x5E2A, 0x5E2A, 0x5E2A, 0x562A, 0x562A,
    0x562A, 0x560A, 0x560A, 0x560A, 0x560A, 0x560A, 0x560A, 0x4E0A, 0x4E0A, 0x4E0A, 0x4DEA, 0x4DEA, 0x4DEA, 0x4DEA, 0x4DEA, 0x4DEA,
    0x4DEA, 0x4DEA, 0x45CA, 0x45CA, 0x45CA, 0x45CA, 0x45CA, 0x45CA, 0x45CA, 0x45CA, 0x45CA, 0x45AA, 0x3DAA, 0x3DAA, 0x3DAA, 0x3DAA,
    0x3DAA, 0x3DAA, 0x3DAA, 0x3DAB, 0x3D8B, 0x358B, 0x358B, 0x358B, 0x358B, 0x358B, 0x358B, 0x358B, 0x356B, 0x356B, 0x356B, 0x2D6B,
    0x2D6B, 0x2D6B, 0x2D6B, 0x2D6B, 0x2D4B, 0x2D4B, 0x2D4B, 0x2D4B, 0x2D4B, 0x2D4B, 0x254B, 0x252B, 0x2D2B, 0x1468, 0x8613, 0xFFFF,
    0xFFFF, 0xFFFF, 0xFFFF, 0xFFFF, 0xFFFF, 0xFFFF, 0xFFFF, 0xFFFF, 0xFFFF, 0xFFFF, 0xFFFF, 0xFFFF, 0xFFFF, 0xFFFF, 0xFFFF, 0xFFFF,
    0xFFFF, 0x4CEE, 0x0408, 0x14AB, 0x14CB, 0x14EB, 0x14EB, 0x0CCB, 0x0CCB, 0x0CCB, 0x0CCB, 0x0CCB, 0x0CCB, 0x0CCB, 0x0CCB, 0x0CCB,
    0x0CCB, 0x0CCB, 0x0CCB, 0x0CCB, 0x0CCB, 0x0CCB, 0x0CCB, 0x0CCB, 0x0CCB, 0x0CCB, 0x0CCB, 0x0CCB, 0x0CCB, 0x0CCB, 0x0CCB, 0x0CCB,
    0x0CCB, 0x0CCB, 0x0CCB, 0x0CCB, 0x0CCB, 0x0CCB, 0x0CCB, 0x0CCB, 0x0CCB, 0x0CCB, 0x0CCB, 0x5E2A, 0x5E2A, 0x5E2A, 0x562A, 0x562A,
    0x562A, 0x560A, 0x560A, 0x560A, 0x560A, 0x560A, 0x560A, 0x4E0A, 0x4E0A, 0x4E0A, 0x4DEA, 0x4DEA, 0x4DEA, 0x4DEA, 0x4DEA, 0x4DEA,
    0x4DEA, 0x4DEA, 0x45CA, 0x45CA, 0x45CA, 0x45CA, 0x45CA, 0x45CA, 0x45CA, 0x45CA, 0x45CA, 0x45AA, 0x3DAA, 0x3DAA, 0x3DAA, 0x3DAA,
    0x3DAA, 0x3DAA, 0x3DAA, 0x3DAB, 0x3D8B, 0x358B, 0x358B, 0x358B, 0x358B, 0x358B, 0x358B, 0x358B, 0x356B, 0x356B, 0x356B, 0x2D6B,
    0x2D6B, 0x2D6B, 0x2D6B, 0x2D6B, 0x2D4B, 0x2D4B, 0x2D4B, 0x2D4B, 0x2D4B, 0x2D4B, 0x254B, 0x254B, 0x252B, 0x24EA, 0x248A, 0xDF7C,
    0xFFFF, 0xFFFF, 0xFFFF, 0xFFFF, 0xFFFF, 0xFFFF, 0xFFFF, 0xFFFF, 0xFFFF, 0xFFFF, 0xFFFF, 0xFFFF, 0xFFFF, 0xFFFF, 0xFFFF, 0xFFFF,
    0xFFFF, 0xDF7C, 0x1409, 0x0C4A, 0x14AB, 0x14CB, 0x14EB, 0x0CCB, 0x0CCB, 0x0CCB, 0x0CCB, 0x0CCB, 0x0CCB, 0x0CCB, 0x0CCB, 0x0CCB,
    0x0CCB, 0x0CCB, 0x0CCB, 0x0CCB, 0x0CCB, 0x0CCB, 0x0CCB, 0x0CCB, 0x0CCB, 0x0CCB, 0x0CCB, 0x0CCB, 0x0CCB, 0x0CCB, 0x0CCB, 0x0CCB,
    0x0CCB, 0x0CCB, 0x0CCB, 0x0CCB, 0x0CCB, 0x0CCB, 0x0CCB, 0x0CCB, 0x0CCB, 0x0CCB, 0x0CCB, 0x0CCB, 0x5E2A, 0x5E2A, 0x562A, 0x562A,
    0x562A, 0x560A, 0x560A, 0x560A, 0x560A, 0x560A, 0x560A, 0x4E0A, 0x4E0A, 0x4E0A, 0x4DEA, 0x4DEA, 0x4DEA, 0x4DEA, 0x4DEA, 0x4DEA,
    0x4DEA, 0x4DEA, 0x45CA, 0x45CA, 0x45CA, 0x45CA, 0x45CA, 0x45CA, 0x45CA, 0x45CA, 0x45CA, 0x45AA, 0x3DAA, 0x3DAA, 0x3DAA, 0x3DAA,
    0x3DAA, 0x3DAA, 0x3DAA, 0x3DAB, 0x3D8B, 0x3D8B, 0x358B, 0x358B, 0x358B, 0x358B, 0x358B, 0x358B, 0x356B, 0x356B, 0x356B, 0x2D6B,
    0x2D6B, 0x2D6B, 0x2D6B, 0x2D6B, 0x2D6B, 0x2D4B, 0x2D4B, 0x2D4B, 0x2D4B, 0x2D4B, 0x254B, 0x254B, 0x252B, 0x252B, 0x1489, 0x6590,
    0xFFFF, 0xFFFF, 0xFFFF, 0xFFFF, 0xFFFF, 0xFFFF, 0xFFFF, 0xFFFF, 0xFFFF, 0xFFFF, 0xFFFF, 0xFFFF, 0xFFFF, 0xFFFF, 0xFFFF, 0xFFFF,
    0xFFFF, 0xFFFF, 0x9615, 0x03A7, 0x148B, 0x14CB, 0x14CB, 0x0CCB, 0x0CCB, 0x0CCB, 0x0CCB, 0x0CCB, 0x0CCB, 0x0CCB, 0x0CCB, 0x0CCB,
    0x0CCB, 0x0CCB, 0x0CCB, 0x0CCB, 0x0CCB, 0x0CCB, 0x0CCB, 0x0CCB, 0x0CCB, 0x0CCB, 0x0CCB, 0x0CCB, 0x0CCB, 0x0CCB, 0x0CCB, 0x0CCB,
    0x0CCB, 0x0CCB, 0x0CCB, 0x0CCB, 0x0CCB, 0x0CCB, 0x0CCB, 0x0CCB, 0x0CCB, 0x0CCB, 0x0CCB, 0x0CCB, 0x0CCB, 0x5E2A, 0x562A, 0x562A,
    0x562A, 0x560A, 0x560A, 0x560A, 0x560A, 0x560A, 0x560A, 0x560A, 0x4E0A, 0x4E0A, 0x4DEA, 0x4DEA, 0x4DEA, 0x4DEA, 0x4DEA, 0x4DEA,
    0x4DEA, 0x4DEA, 0x45CA, 0x45CA, 0x45CA, 0x45CA, 0x45CA, 0x45CA, 0x45CA, 0x45CA, 0x45CA, 0x45AA, 0x3DAA, 0x3DAA, 0x3DAA, 0x3DAA,
    0x3DAA, 0x3DAA, 0x3DAA, 0x3DAB, 0x3D8B, 0x3D8B, 0x358B, 0x358B, 0x358B, 0x358B, 0x358B, 0x358B, 0x356B, 0x356B, 0x356B, 0x2D6B,
    0x2D6B, 0x2D6B, 0x2D6B, 0x2D6B, 0x2D6B, 0x2D4B, 0x2D4B, 0x2D4B, 0x2D4B, 0x254B, 0x254B, 0x254B, 0x254B, 0x252B, 0x250B, 0x1469,
    0xC71A, 0xFFFF, 0xFFFF, 0xFFFF, 0xFFFF, 0xFFFF, 0xFFFF, 0xFFFF, 0xFFFF, 0xFFFF, 0xFFFF, 0xFFFF, 0xFFFF, 0xFFFF, 0xFFFF, 0xFFFF,
    0xFFFF, 0xFFFF, 0xFFDF, 0x3C6C, 0x0409, 0x14AB, 0x14CB, 0x0CCB, 0x0CCB, 0x0CCB, 0x0CCB, 0x0CCB, 0x0CCB, 0x0CCB, 0x0CCB, 0x0CCB,
    0x0CCB, 0x0CCB, 0x0CCB, 0x0CCB, 0x0CCB, 0x0CCB, 0x0CCB, 0x0CCB, 0x0CCB, 0x0CCB, 0x0CCB, 0x0CCB, 0x0CCB, 0x0CCB, 0x0CCB, 0x0CCB,
    0x0CCB, 0x0CCB, 0x0CCB, 0x0CCB, 0x0CCB, 0x0CCB, 0x0CCB, 0x0CCB, 0x0CCB, 0x0CCB, 0x0CCB, 0x0CCB, 0x0CCB, 0x0CCB, 0x562A, 0x562A,
    0x562A, 0x560A, 0x560A, 0x560A, 0x560A, 0x560A, 0x560A, 0x4E0A, 0x4E0A, 0x4E0A, 0x4DEA, 0x4DEA, 0x4DEA, 0x4DEA, 0x4DEA, 0x4DEA,
    0x4DEA, 0x45EA, 0x45CA, 0x45CA, 0x45CA, 0x45CA, 0x45CA, 0x45CA, 0x45CA, 0x45CA, 0x45CA, 0x45AA, 0x3DAA, 0x3DAA, 0x3DAA, 0x3DAA,
    0x3DAA, 0x3DAA, 0x3DAB, 0x3D8B, 0x3D8B, 0x3D8B, 0x358B, 0x358B, 0x358B, 0x358B, 0x358B, 0x358B, 0x356B, 0x356B, 0x356B, 0x2D6B,
    0x2D6B, 0x2D6B, 0x2D6B, 0x2D6B, 0x2D6B, 0x2D4B, 0x2D4B, 0x2D4B, 0x2D4B, 0x254B, 0x254B, 0x254B, 0x254B, 0x252B, 0x252B, 0x14A9,
    0x554F, 0xFFFF, 0xFFFF, 0xFFFF, 0xFFFF, 0xFFFF, 0xFFFF, 0xFFFF, 0xFFFF, 0xFFFF, 0xFFFF, 0xFFFF, 0xFFFF, 0xFFFF, 0xFFFF, 0xFFFF,
    0xFFFF, 0xFFFF, 0xFFFF, 0xB6B8, 0x03A8, 0x146A, 0x0CAB, 0x0CCB, 0x0CCB, 0x0CCB, 0x0CCB, 0x0CCB, 0x0CCB, 0x0CCB, 0x0CCB, 0x0CCB,
    0x0CCB, 0x0CCB, 0x0CCB, 0x0CCB, 0x0CCB, 0x0CCB, 0x0CCB, 0x0CCB, 0x0CCB, 0x0CCB, 0x0CCB, 0x0CCB, 0x0CCB, 0x0CCB, 0x0CCB, 0x0CCB,
    0x0CCB, 0x0CCB, 0x0CCB, 0x0CCB, 0x0CCB, 0x0CCB, 0x0CCB, 0x0CCB, 0x0CCB, 0x0CCB, 0x0CCB, 0x0CCB, 0x0CCB, 0x0CCB, 0x0CCB, 0x562A,
    0x562A, 0x560A, 0x560A, 0x560A, 0x560A, 0x560A, 0x560A, 0x4E0A, 0x4E0A, 0x4E0A, 0x4DEA, 0x4DEA, 0x4DEA, 0x4DEA, 0x4DEA, 0x4DEA,
    0x4DEA, 0x45EA, 0x45CA, 0x45CA, 0x45CA, 0x45CA, 0x45CA, 0x45CA, 0x45CA, 0x45CA, 0x45AA, 0x3DAA, 0x3DAA, 0x3DAA, 0x3DAA, 0x3DAA,
    0x3DAA, 0x3DAA, 0x3DAB, 0x3D8B, 0x3D8B, 0x358B, 0x358B, 0x358B, 0x358B, 0x358B, 0x358B, 0x358B, 0x356B, 0x356B, 0x356B, 0x2D6B,
    0x2D6B, 0x2D6B, 0x2D6B, 0x2D6B, 0x2D4B, 0x2D4B, 0x2D4B, 0x2D4B, 0x2D4B, 0x254B, 0x254B, 0x254B, 0x254B, 0x252B, 0x252B, 0x250B,
    0x1469, 0xBEF9, 0xFFFF, 0xFFFF, 0xFFFF, 0xFFFF, 0xFFFF, 0xFFFF, 0xFFFF, 0xFFFF, 0xFFFF, 0xFFFF, 0xFFFF, 0xFFFF, 0xFFFF, 0xFFFF,
    0xFFFF, 0xFFFF, 0xFFFF, 0xFFFF, 0x4CCE, 0x03E8, 0x148B, 0x0CCB, 0x0CCB, 0x0CCB, 0x0CCB, 0x0CCB, 0x0CCB, 0x0CCB, 0x0CCB, 0x0CCB,
    0x0CCB, 0x0CCB, 0x0CCB, 0x0CCB, 0x0CCB, 0x0CCB, 0x0CCB, 0x0CCB, 0x0CCB, 0x0CCB, 0x0CCB, 0x0CCB, 0x0CCB, 0x0CCB, 0x0CCB, 0x0CCB,
    0x0CCB, 0x0CCB, 0x0CCB, 0x0CCB, 0x0CCB, 0x0CCB, 0x0CCB, 0x0CCB, 0x0CCB, 0x0CCB, 0x0CCB, 0x0CCB, 0x0CCB, 0x0CCB, 0x0CCB, 0x0CCB,
    0x562A, 0x560A, 0x560A, 0x560A, 0x560A, 0x560A, 0x560A, 0x4E0A, 0x4E0A, 0x4E0A, 0x4DEA, 0x4DEA, 0x4DEA, 0x4DEA, 0x4DEA, 0x4DEA,
    0x4DEA, 0x45EA, 0x45CA, 0x45CA, 0x45CA, 0x45CA, 0x45CA, 0x45CA, 0x45CA, 0x45CA, 0x45CA, 0x45AA, 0x3DAA, 0x3DAA, 0x3DAA, 0x3DAA,
    0x3DAA, 0x3DAA, 0x3DAB, 0x3D8B, 0x3D8B, 0x358B, 0x358B, 0x358B, 0x358B, 0x358B, 0x358B, 0x358B, 0x356B, 0x356B, 0x356B, 0x2D6B,
    0x2D6B, 0x2D6B, 0x2D6B, 0x2D6B, 0x2D4B, 0x2D4B, 0x2D4B, 0x2D4B, 0x2D4B, 0x254B, 0x254B, 0x254B, 0x254B, 0x252B, 0x252B, 0x252B,
    0x14A9, 0x554F, 0xFFFF, 0xFFFF, 0xFFFF, 0xFFFF, 0xFFFF, 0xFFFF, 0xFFFF, 0xFFFF, 0xFFFF, 0xFFFF, 0xFFFF, 0xFFFF, 0xFFFF, 0xFFFF,
    0xFFFF, 0xFFFF, 0xFFFF, 0xFFFF, 0xBED9, 0x03A8, 0x144A, 0x0CAB, 0x0CCB, 0x0CCB, 0x0CCB, 0x0CCB, 0x0CCB, 0x0CCB, 0x0CCB, 0x0CCB,
    0x0CCB, 0x0CCB, 0x0CCB, 0x0CCB, 0x0CCB, 0x0CCB, 0x0CCB, 0x0CCB, 0x0CCB, 0x0CCB, 0x0CCB, 0x0CCB, 0x0CCB, 0x0CCB, 0x0CCB, 0x0CCB,
    0x0CCB, 0x0CCB, 0x0CCB, 0x0CCB, 0x0CCB, 0x0CCB, 0x0CCB, 0x0CCB, 0x0CCB, 0x0CCB, 0x0CCB, 0x0CCB, 0x0CCB, 0x0CCB, 0x0CCB, 0x0CCB,
    0x0CCB, 0x560A, 0x560A, 0x560A, 0x560A, 0x560A, 0x560A, 0x4E0A, 0x4E0A, 0x4E0A, 0x4DEA, 0x4DEA, 0x4DEA, 0x4DEA, 0x4DEA, 0x4DEA,
    0x4DEA, 0x45EA, 0x45CA, 0x45CA, 0x45CA, 0x45CA, 0x45CA, 0x45CA, 0x45CA, 0x45CA, 0x45CA, 0x45CB, 0x45CB, 0x3DAB, 0x3DAB, 0x3DAB,
    0x3DAB, 0x3DAA, 0x3DAA, 0x3D8B, 0x3D8B, 0x358B, 0x358B, 0x358B, 0x358B, 0x358B, 0x358B, 0x358B, 0x356B, 0x356B, 0x356B, 0x2D6B,
    0x2D6B, 0x2D6B, 0x2D6B, 0x2D6B, 0x2D4B, 0x2D4B, 0x2D4B, 0x2D4B, 0x2D4B, 0x254B, 0x254B, 0x254B, 0x254B, 0x252B, 0x252B, 0x252B,
    0x250B, 0x1469, 0xC6F9, 0xFFFF, 0xFFFF, 0xFFFF, 0xFFFF, 0xFFFF, 0xFFFF, 0xFFFF, 0xFFFF, 0xFFFF, 0xFFFF, 0xFFFF, 0xFFFF, 0xFFFF,
    0xFFFF, 0xFFFF, 0xFFFF, 0xFFFF, 0xFFFF, 0x44AE, 0x03C8, 0x148B, 0x0CAB, 0x0CCB, 0x0CCB, 0x0CCB, 0x0CCB, 0x0CCB, 0x0CCB, 0x0CCB,
    0x0CCB, 0x0CCB, 0x0CCB, 0x0CCB, 0x0CCB, 0x0CCB, 0x0CCB, 0x0CCB, 0x0CCB, 0x0CCB, 0x0CCB, 0x0CCB, 0x0CCB, 0x0CCB, 0x0CCB, 0x0CCB,
    0x0CCB, 0x0CCB, 0x0CCB, 0x0CCB, 0x0CCB, 0x0CCB, 0x0CCB, 0x0CCB, 0x0CCB, 0x0CCB, 0x0CCB, 0x0CCB, 0x0CCB, 0x0CCB, 0x0CCB, 0x0CCB,
    0x0CCB, 0x0CCB, 0x560A, 0x560A, 0x560A, 0x560A, 0x560A, 0x4E0A, 0x4E0A, 0x4E0A, 0x4DEA, 0x4DEA, 0x4DEA, 0x4DEA, 0x4DEA, 0x4DEA,
    0x4DEA, 0x45EA, 0x45CA, 0x45CA, 0x45CA, 0x45CA, 0x45CA, 0x45CA, 0x45CA, 0x45CA, 0x45CA, 0x45CB, 0x358A, 0x2D89, 0x358A, 0x358A,
    0x2D69, 0x358A, 0x3DAB, 0x3D8B, 0x3D8B, 0x358B, 0x358B, 0x358B, 0x358B, 0x358B, 0x358B, 0x358B, 0x356B, 0x356B, 0x356B, 0x2D6B,
    0x2D6B, 0x2D6B, 0x2D6B, 0x2D6B, 0x2D4B, 0x2D4B, 0x2D4B, 0x2D4B, 0x2D4B, 0x254B, 0x254B, 0x254B, 0x254B, 0x252B, 0x252B, 0x252B,
    0x252B, 0x1489, 0x5D70, 0xFFFF, 0xFFFF, 0xFFFF, 0xFFFF, 0xFFFF, 0xFFFF, 0xFFFF, 0xFFFF, 0xFFFF, 0xFFFF, 0xFFFF, 0xFFFF, 0xFFFF,
    0xFFFF, 0xFFFF, 0xFFFF, 0xFFFF, 0xFFFF, 0xAE77, 0x0387, 0x144A, 0x0CAB, 0x0CCB, 0x0CCB, 0x0CCB, 0x0CCB, 0x0CCB, 0x0CCB, 0x0CCB,
    0x0CCB, 0x0CCB, 0x0CCB, 0x0CCB, 0x0CCB, 0x0CCB, 0x0CCB, 0x0CCB, 0x0CCB, 0x0CCB, 0x0CCB, 0x0CCB, 0x0CCB, 0x0CCB, 0x0CCB, 0x0CCB,
    0x0CCB, 0x0CCB, 0x0CCB, 0x0CCB, 0x0CCB, 0x0CCB, 0x0CCB, 0x0CCB, 0x0CCB, 0x0CCB, 0x0CCB, 0x0CCB, 0x0CCB, 0x0CCB, 0x0CCB, 0x0CCB,
    0x0CCB, 0x0CCB, 0x0CCB, 0x560A, 0x560A, 0x560A, 0x560A, 0x560A, 0x4E0A, 0x4E0A, 0x4DEA, 0x4DEA, 0x4DEA, 0x4DEA, 0x4DEA, 0x4DEA,
    0x4DEA, 0x45EA, 0x45CA, 0x45CA, 0x45CA, 0x45CA, 0x45CA, 0x45CA, 0x45CA, 0x45CA, 0x45CA, 0x45CB, 0x3589, 0x662E, 0xB717, 0xDF9B,
    0xDF9B, 0xAF17, 0x55EE, 0x2D69, 0x3DAB, 0x3D8B, 0x358B, 0x358B, 0x358B, 0x358B, 0x358B, 0x358B, 0x356B, 0x356B, 0x356B, 0x2D6B,
    0x2D6B, 0x2D6B, 0x2D6B, 0x2D6B, 0x2D4B, 0x2D4B, 0x2D4B, 0x2D4B, 0x2D4B, 0x254B, 0x254B, 0x254B, 0x254B, 0x252B, 0x252B, 0x252B,
    0x252B, 0x24EA, 0x1C69, 0xCF3B, 0xFFFF, 0xFFFF, 0xFFFF, 0xFFFF, 0xFFFF, 0xFFFF, 0xFFFF, 0xFFFF, 0xFFFF, 0xFFFF, 0xFFFF, 0xFFFF,
    0xFFFF, 0xFFFF, 0xFFFF, 0xFFFF, 0xFFFF, 0xF7DE, 0x2C4C, 0x03E9, 0x0C8B, 0x0CAB, 0x0CCB, 0x0CCB, 0x0CCB, 0x0CCB, 0x0CCB, 0x0CCB,
    0x0CCB, 0x0CCB, 0x0CCB, 0x0CCB, 0x0CCB, 0x0CCB, 0x0CCB, 0x0CCB, 0x0CCB, 0x0CCB, 0x0CCB, 0x0CCB, 0x0CCB, 0x0CCB, 0x0CCB, 0x0CCB,
    0x0CCB, 0x0CCB, 0x0CCB, 0x0CCB, 0x0CCB, 0x0CCB, 0x0CCB, 0x0CCB, 0x0CCB, 0x0CCB, 0x0CCB, 0x0CCB, 0x0CCB, 0x0CCB, 0x0CCB, 0x0CCB,
    0x0CCB, 0x0CCB, 0x0CCB, 0x0CCB, 0x560A, 0x560A, 0x560A, 0x560A, 0x4E0A, 0x4E0A, 0x4DEA, 0x4DEA, 0x4DEA, 0x4DEA, 0x4DEA, 0x4DEA,
    0x4DEA, 0x45EA, 0x45CA, 0x45CA, 0x45CA, 0x45CA, 0x45CA, 0x45CA, 0x45CA, 0x45CA, 0x45CA, 0x45CB, 0x3589, 0x9ED5, 0xF7DE, 0xAF17,
    0x7E51, 0x7E71, 0xB718, 0xF7FE, 0x8E93, 0x2D69, 0x3D8B, 0x358B, 0x358B, 0x358B, 0x358B, 0x358B, 0x356B, 0x356B, 0x356B, 0x2D6B,
    0x2D6B, 0x2D6B, 0x2D6B, 0x2D6B, 0x2D6B, 0x2D4B, 0x2D4B, 0x2D4B, 0x2D4B, 0x254B, 0x254B, 0x254B, 0x254B, 0x252B, 0x252B, 0x252B,
    0x252B, 0x250B, 0x0C89, 0x6DB1, 0xFFFF, 0xFFFF, 0xFFFF, 0xFFFF, 0xFFFF, 0xFFFF, 0xFFFF, 0xFFFF, 0xFFFF, 0xFFFF, 0xFFFF, 0xFFFF,
    0xFFFF, 0xFFFF, 0xFFFF, 0xFFFF, 0xFFFF, 0xFFFF, 0x85D4, 0x0387, 0x146A, 0x0C8B, 0x0CCB, 0x0CCB, 0x0CCB, 0x0CCB, 0x0CCB, 0x0CCB,
    0x0CCB, 0x0CCB, 0x0CCB, 0x0CCB, 0x0CCB, 0x0CCB, 0x0CCB, 0x0CCB, 0x0CCB, 0x0CCB, 0x0CCB, 0x0CCB, 0x0CCB, 0x0CCB, 0x0CCB, 0x0CCB,
    0x0CCB, 0x0CCB, 0x0CCB, 0x0CCB, 0x0CCB, 0x0CCB, 0x0CCB, 0x0CCB, 0x0CCB, 0x0CCB, 0x0CCB, 0x0CCB, 0x0CCB, 0x0CCB, 0x0CCB, 0x0CCB,
    0x0CCB, 0x0CCB, 0x0CCB, 0x0CCB, 0x0CCB, 0x560A, 0x560A, 0x560A, 0x4E0A, 0x4E0A, 0x4DEA, 0x4DEA, 0x4DEA, 0x4DEA, 0x4DEA, 0x4DEA,
    0x4DEA, 0x45EA, 0x45CA, 0x45CA, 0x45CA, 0x45CA, 0x45CA, 0x45CA, 0x45CA, 0x45CA, 0x45CA, 0x45CB, 0x3589, 0x8692, 0xF7DE, 0x55ED,
    0x2D68, 0x2D89, 0x2D69, 0x2548, 0x660F, 0xFFFF, 0x6E30, 0x2D69, 0x3D8B, 0x358B, 0x358B, 0x358B, 0x356B, 0x356B, 0x356B, 0x2D6B,
    0x2D6B, 0x2D6B, 0x2D6B, 0x2D6B, 0x2D6B, 0x2D4B, 0x2D4B, 0x2D4B, 0x2D4B, 0x254B, 0x254B, 0x254B, 0x254B, 0x252B, 0x252B, 0x252B,
    0x252B, 0x250B, 0x1CEA, 0x248A, 0xE77C, 0xFFFF, 0xFFFF, 0xFFFF, 0xFFFF, 0xFFFF, 0xFFFF, 0xFFFF, 0xFFFF, 0xFFFF, 0xFFFF, 0xFFFF,
    0xFFFF, 0xFFFF, 0xFFFF, 0xFFFF, 0xFFFF, 0xFFFF, 0xD73B, 0x13C9, 0x0C09, 0x0C8B, 0x0CAB, 0x0CCB, 0x0CCB, 0x0CCB, 0x0CCB, 0x0CCB,
    0x0CCB, 0x0CCB, 0x0CCB, 0x0CCB, 0x0CCB, 0x0CCB, 0x0CCB, 0x0CCB, 0x0CCB, 0x0CCB, 0x0CCB, 0x0CCB, 0x0CCB, 0x0CCB, 0x0CCB, 0x0CCB,
    0x0CCB, 0x0CCB, 0x0CCB, 0x0CCB, 0x0CCB, 0x0CCB, 0x0CCB, 0x0CCB, 0x0CCB, 0x0CCB, 0x0CCB, 0x0CCB, 0x0CCB, 0x0CCB, 0x0CCB, 0x0CCB,
    0x0CCB, 0x0CCB, 0x0CCB, 0x0CCB, 0x0CCB, 0x0CCB, 0x560A, 0x560A, 0x4E0A, 0x4DEA, 0x4DEA, 0x4DEA, 0x4DEA, 0x4DEA, 0x4DEA, 0x4DEA,
    0x4DEA, 0x4DEA, 0x45CA, 0x45CA, 0x45CA, 0x45CA, 0x45CA, 0x45CA, 0x45CA, 0x45CA, 0x45AA, 0x45AA, 0x3DAA, 0x3DAA, 0xEFBD, 0x7E71,
    0x2D68, 0x45AB, 0x3DAB, 0x3DAB, 0x3DAB, 0x2548, 0x8E93, 0xDF9C, 0x2D6A, 0x358B, 0x358B, 0x356B, 0x356B, 0x356B, 0x356B, 0x2D6B,
    0x2D6B, 0x2D6B, 0x2D6B, 0x2D6B, 0x2D4B, 0x2D4B, 0x2D4B, 0x2D4B, 0x2D4B, 0x254B, 0x254B, 0x254B, 0x254B, 0x252B, 0x252B, 0x252B,
    0x252B, 0x252B, 0x250B, 0x0C68, 0x8E14, 0xFFFF, 0xFFFF, 0xFFFF, 0xFFFF, 0xFFFF, 0xFFFF, 0xFFFF, 0xFFFF, 0xFFFF, 0xFFFF, 0xFFFF,
    0xFFFF, 0xFFFF, 0xFFFF, 0xFFFF, 0xFFFF, 0xFFFF, 0xFFFF, 0x4CAE, 0x03A8, 0x146A, 0x0CAB, 0x0CCB, 0x0CCB, 0x0CCB, 0x0CCB, 0x0CCB,
    0x0CCB, 0x0CCB, 0x0CCB, 0x0CCB, 0x0CCB, 0x0CCB, 0x0CCB, 0x0CCB, 0x0CCB, 0x0CCB, 0x0CCB, 0x0CCB, 0x0CCB, 0x0CCB, 0x0CCB, 0x0CCB,
    0x0CCB, 0x0CCB, 0x0CCB, 0x0CCB, 0x0CCB, 0x0CCB, 0x0CCB, 0x0CCB, 0x0CCB, 0x0CCB, 0x0CCB, 0x0CCB, 0x0CCB, 0x0CCB, 0x0CCB, 0x0CCB,
    0x0CCB, 0x0CCB, 0x0CCB, 0x0CCB, 0x0CCB, 0x0CCB, 0x0CCB, 0x4DEA, 0x4DEA, 0x4DEA, 0x4DEA, 0x4DEA, 0x4DEA, 0x4DEA, 0x4DEA, 0x4DEA,
    0x4DEA, 0x45EA, 0x45CA, 0x45CA, 0x45CA, 0x45CA, 0x45CA, 0x45CA, 0x45CA, 0x45CA, 0x45AA, 0x3DAA, 0x45AB, 0x3589, 0x6E2F, 0xE7BC,
    0x3DAB, 0x3DAA, 0x3DAB, 0x3D8B, 0x3D8B, 0x3D8B, 0x358A, 0x45AC, 0xEFBD, 0x55EE, 0x2D6A, 0x358B, 0x356B, 0x356B, 0x356B, 0x2D6B,
    0x2D6B, 0x2D6B, 0x2D6B, 0x2D6B, 0x2D4B, 0x2D4B, 0x2D4B, 0x2D4B, 0x2D4B, 0x254B, 0x254B, 0x254B, 0x254B, 0x252B, 0x252B, 0x252B,
    0x252B, 0x252B, 0x250B, 0x14AA, 0x34CC, 0xF7DE, 0xFFFF, 0xFFFF, 0xFFFF, 0xFFFF, 0xFFFF, 0xFFFF, 0xFFFF, 0xFFFF, 0xFFFF, 0xFFFF,
    0xFFFF, 0xFFFF, 0xFFFF, 0xFFFF, 0xFFFF, 0xFFFF, 0xFFFF, 0x9E15, 0x0367, 0x144A, 0x0C8B, 0x0CCB, 0x0CCB, 0x0CCB, 0x0CCB, 0x0CCB,
    0x0CCB, 0x0CCB, 0x0CCB, 0x0CCB, 0x0CCB, 0x0CCB, 0x0CCB, 0x0CCB, 0x0CCB, 0x0CCB, 0x0CCB, 0x0CCB, 0x0CCB, 0x0CCB, 0x0CCB, 0x0CCB,
    0x0CCB, 0x0CCB, 0x0CCB, 0x0CCB, 0x0CCB, 0x0CCB, 0x0CCB, 0x0CCB, 0x0CCB, 0x0CCB, 0x0CCB, 0x0CCB, 0x0CCB, 0x0CCB, 0x0CCB, 0x0CCB,
    0x0CCB, 0x0CCB, 0x0CCB, 0x0CCB, 0x0CCB, 0x0CCB, 0x0CCB, 0x0CCB, 0x4DEA, 0x4DEA, 0x4DEA, 0x4DEA, 0x4DEA, 0x4DEA, 0x4DEA, 0x4DEA,
    0x4DEA, 0x45EA, 0x45CA, 0x45CA, 0x45CA, 0x45CA, 0x45CA, 0x45CA, 0x45CA, 0x45CA, 0x45CA, 0x3DAA, 0x3DAA, 0x45AB, 0x2D89, 0x8672,
    0xD79B, 0x358A, 0x3DAB, 0x3D8B, 0x3D8B, 0x358B, 0x358B, 0x358B, 0x358B, 0xE79C, 0x6610, 0x2D6A, 0x358B, 0x356B, 0x356B, 0x2D6B,
    0x2D6B, 0x2D6B, 0x2D6B, 0x2D6B, 0x2D4B, 0x2D4B, 0x2D4B, 0x2D4B, 0x2D4B, 0x254B, 0x254B, 0x254B, 0x254B, 0x252B, 0x252B, 0x252B,
    0x252B, 0x252B, 0x250B, 0x250B, 0x0C48, 0xAE97, 0xFFFF, 0xFFFF, 0xFFFF, 0xFFFF, 0xFFFF, 0xFFFF, 0xFFFF, 0xFFFF, 0xFFFF, 0xFFFF,
    0xFFFF, 0xFFFF, 0xFFFF, 0xFFFF, 0xFFFF, 0xFFFF, 0xFFFF, 0xDF5C, 0x13C9, 0x0C09, 0x0C6B, 0x0CAB, 0x0CCB, 0x0CCB, 0x0CCB, 0x0CCB,
    0x0CCB, 0x0CCB, 0x0CCB, 0x0CCB, 0x0CCB, 0x0CCB, 0x0CCB, 0x0CCB, 0x0CCB, 0x0CCB, 0x0CCB, 0x0CCB, 0x0CCB, 0x0CCB, 0x0CCB, 0x0CCB,
    0x0CCB, 0x0CCB, 0x0CCB, 0x0CCB, 0x0CCB, 0x0CCB, 0x0CCB, 0x0CCB, 0x0CCB, 0x0CCB, 0x0CCB, 0x0CCB, 0x0CCB, 0x0CCB, 0x0CCB, 0x0CCB,
    0x0CCB, 0x0CCB, 0x0CCB, 0x0CCB, 0x0CCB, 0x0CCB, 0x0CCB, 0x0CCB, 0x0CCB, 0x4DEA, 0x4DEA, 0x4DEA, 0x4DEA, 0x4DEA, 0x4DEA, 0x4DEA,
    0x4DEA, 0x45EA, 0x45CA, 0x45CA, 0x45CA, 0x45CA, 0x45CA, 0x45CA, 0x45CA, 0x45CA, 0x45CA, 0x3DAA, 0x3DAA, 0x3DAA, 0x3DAB, 0x3589,
    0x662F, 0xE7BD, 0x3DAB, 0x3D8A, 0x3D8B, 0x358B, 0x358B, 0x358B, 0x358A, 0x45AC, 0xEFBD, 0x4DCD, 0x2D6A, 0x356B, 0x356B, 0x2D6B,
    0x2D6B, 0x2D6B, 0x2D6B, 0x2D6B, 0x2D4B, 0x2D4B, 0x2D4B, 0x2D4B, 0x2D4B, 0x254B, 0x254B, 0x254B, 0x254B, 0x252B, 0x252B, 0x252B,
    0x252B, 0x252B, 0x252B, 0x250B, 0x1489, 0x4D2E, 0xFFFF, 0xFFFF, 0xFFFF, 0xFFFF, 0xFFFF, 0xFFFF, 0xFFFF, 0xFFFF, 0xFFFF, 0xFFFF,
    0xFFFF, 0xFFFF, 0xFFFF, 0xFFFF, 0xFFFF, 0xFFFF, 0xFFFF, 0xFFDF, 0x448D, 0x03A8, 0x0C6B, 0x0CAB, 0x0CCB, 0x0CCB, 0x0CCB, 0x0CCB,
    0x0CCB, 0x0CCB, 0x0CCB, 0x0CCB, 0x0CCB, 0x0CCB, 0x0CCB, 0x0CCB, 0x0CCB, 0x0CCB, 0x0CCB, 0x0CCB, 0x0CCB, 0x0CCB, 0x0CCB, 0x0CCB,
    0x0CCB, 0x0CCB, 0x0CCB, 0x0CCB, 0x0CCB, 0x0CCB, 0x0CCB, 0x0CCB, 0x0CCB, 0x0CCB, 0x0CCB, 0x0CCB, 0x0CCB, 0x0CCB, 0x0CCB, 0x0CCB,
    0x0CCB, 0x0CCB, 0x0CCB, 0x0CCB, 0x0CCB, 0x0CCB, 0x0CCB, 0x0CCB, 0x0CCB, 0x0CCB, 0x4DEA, 0x4DEA, 0x4DEA, 0x4DEA, 0x4DEA, 0x4DEA,
    0x4DEA, 0x45EA, 0x45CA, 0x45CA, 0x45CA, 0x45CA, 0x45CA, 0x45CA, 0x45CA, 0x45CA, 0x45CA, 0x3DAA, 0x3DAA, 0x3DAA, 0x3DAA, 0x3DAA,
    0x3DAA, 0x358A, 0xE79C, 0x8E93, 0x2548, 0x3DAB, 0x3D8B, 0x3D8B, 0x3D8B, 0x1D28, 0x9ED5, 0xCF7B, 0x2549, 0x358B, 0x356B, 0x2D6B,
    0x2D6B, 0x2D6B, 0x2D6B, 0x2D6B, 0x2D4B, 0x2D4B, 0x2D4B, 0x2D4B, 0x2D4B, 0x254B, 0x254B, 0x254B, 0x254B, 0x252B, 0x252B, 0x252B,
    0x252B, 0x252B, 0x252B, 0x1D0B, 0x1CEB, 0x1469, 0xC71A, 0xFFFF, 0xFFFF, 0xFFFF, 0xFFFF, 0xFFFF, 0xFFFF, 0xFFFF, 0xFFFF, 0xFFFF,
    0xFFFF, 0xFFFF, 0xFFFF, 0xFFFF, 0xFFFF, 0xFFFF, 0xFFFF, 0xFFFF, 0x7D92, 0x0367, 0x144A, 0x0C8B, 0x0CAB, 0x0CCB, 0x0CCB, 0x0CCB,
    0x0CCB, 0x0CCB, 0x0CCB, 0x0CCC, 0x0CCC, 0x0CCC, 0x0CCB, 0x0CCB, 0x0CCB, 0x0CCB, 0x0CCB, 0x0CCB, 0x0CCB, 0x0CCB, 0x0CCB, 0x0CCB,
    0x0CCB, 0x0CCB, 0x0CCB, 0x0CCB, 0x0CCB, 0x0CCB, 0x0CCB, 0x0CCB, 0x0CCB, 0x0CCB, 0x0CCB, 0x0CCB, 0x0CCB, 0x0CCB, 0x0CCB, 0x0CCB,
    0x0CCB, 0x0CCB, 0x0CCB, 0x0CCB, 0x0CCB, 0x0CCB, 0x0CCB, 0x0CCB, 0x0CCB, 0x0CCB, 0x0CCB, 0x4DEA, 0x4DEA, 0x4DEA, 0x4DEA, 0x4DEA,
    0x4DEA, 0x45EA, 0x45CA, 0x45CA, 0x45CA, 0x45CA, 0x45CA, 0x45CA, 0x45CA, 0x45CA, 0x45CA, 0x3DAA, 0x3DAA, 0x3DAA, 0x3DAA, 0x3DAA,
    0x3DAA, 0x3DAB, 0x2D89, 0x6E30, 0xFFFF, 0x6E50, 0x2549, 0x2549, 0x2549, 0x2549, 0x7E72, 0xFFFF, 0x55EE, 0x2D4A, 0x356B, 0x2D6B,
    0x2D6B, 0x2D6B, 0x2D6B, 0x2D6B, 0x2D4B, 0x2D4B, 0x2D4B, 0x2D4B, 0x2D4B, 0x254B, 0x254B, 0x254B, 0x254B, 0x252B, 0x252B, 0x252B,
    0x252B, 0x252B, 0x252B, 0x1D2B, 0x250B, 0x0C69, 0x6D91, 0xFFFF, 0xFFFF, 0xFFFF, 0xFFFF, 0xFFFF, 0xFFFF, 0xFFFF, 0xFFFF, 0xFFFF,
    0xFFFF, 0xFFFF, 0xFFFF, 0xFFFF, 0xFFFF, 0xFFFF, 0xFFFF, 0xFFFF, 0xB698, 0x0367, 0x0C2A, 0x0C6B, 0x0CAB, 0x0CCB, 0x14CC, 0x14CC,
    0x14CC, 0x14CC, 0x0CCB, 0x0CAB, 0x0CAB, 0x048A, 0x04AB, 0x0CCB, 0x0CCB, 0x0CCB, 0x0CCB, 0x0CCB, 0x0CCB, 0x0CCB, 0x0CCB, 0x0CCB,
    0x0CCB, 0x0CCB, 0x0CCB, 0x0CCB, 0x0CCB, 0x0CCB, 0x0CCB, 0x0CCB, 0x0CCB, 0x0CCB, 0x0CCB, 0x0CCB, 0x0CCB, 0x0CCB, 0x0CCB, 0x0CCB,
    0x0CCB, 0x0CCB, 0x0CCB, 0x0CCB, 0x0CCB, 0x0CCB, 0x0CCB, 0x0CCB, 0x0CCB, 0x0CCB, 0x0CCB, 0x0CCB, 0x4DEA, 0x4DEA, 0x4DEA, 0x4DEA,
    0x4DCA, 0x45EA, 0x45CA, 0x45CA, 0x45CA, 0x45CA, 0x45CA, 0x45CA, 0x45CA, 0x45CA, 0x45CA, 0x3DAA, 0x3DAA, 0x3DAA, 0x3DAA, 0x3DAA,
    0x3DAA, 0x3DAA, 0x3DAA, 0x3DAB, 0x2D69, 0x7E72, 0xEFDD, 0xC75A, 0x9EB5, 0x9ED5, 0xCF7A, 0xE7BD, 0x6E30, 0x254A, 0x356B, 0x2D6B,
    0x2D6B, 0x2D6B, 0x2D6B, 0x2D6B, 0x2D4B, 0x2D4B, 0x2D4B, 0x2D4B, 0x2D4B, 0x254B, 0x254B, 0x254B, 0x254B, 0x252B, 0x252B, 0x252B,
    0x252B, 0x252B, 0x252B, 0x1D2B, 0x1D0B, 0x1CCA, 0x248A, 0xDF7C, 0xFFFF, 0xFFFF, 0xFFFF, 0xFFFF, 0xFFFF, 0xFFFF, 0xFFFF, 0xFFFF,
    0xFFFF, 0xFFFF, 0xFFFF, 0xFFFF, 0xFFFF, 0xFFFF, 0xFFFF, 0xFFFF, 0xDF5C, 0x1BC9, 0x0BE9, 0x146B, 0x0CAB, 0x0CAB, 0x0CAB, 0x048A,
    0x046A, 0x0449, 0x0449, 0x046A, 0x148B, 0x24CC, 0x3D2F, 0x2D0E, 0x0CAB, 0x0CCB, 0x0CCB, 0x0CCB, 0x0CCB, 0x0CCB, 0x0CCB, 0x0CCB,
    0x0CCB, 0x0CCB, 0x0CCB, 0x0CCB, 0x0CCB, 0x0CCB, 0x0CCB, 0x0CCB, 0x0CCB, 0x0CCB, 0x0CCB, 0x0CCB, 0x0CCB, 0x0CCB, 0x0CCB, 0x0CCB,
    0x0CCB, 0x0CCB, 0x0CCB, 0x0CCB, 0x0CCB, 0x0CCB, 0x0CCB, 0x0CCB, 0x0CCB, 0x0CCB, 0x0CCB, 0x0CCB, 0x0CCB, 0x4DCA, 0x4DEA, 0x4DEA,
    0x4DCA, 0x4DCA, 0x45CA, 0x45CA, 0x45CA, 0x45CA, 0x45CA, 0x45CA, 0x45CA, 0x45CA, 0x45AA, 0x3DAA, 0x3DAA, 0x3DAA, 0x3DAA, 0x3DAA,
    0x3DAA, 0x3DAA, 0x3DAB, 0x3D8B, 0x3D8B, 0x3D8B, 0x2D69, 0x45AC, 0x96B4, 0xBF39, 0xBF39, 0x8E94, 0x3D8C, 0x254A, 0x356B, 0x2D6B,
    0x2D6B, 0x2D6B, 0x2D6B, 0x2D6B, 0x2D4B, 0x2D4B, 0x2D4B, 0x2D4B, 0x2D4B, 0x254B, 0x254B, 0x254B, 0x254B, 0x252B, 0x252B, 0x252B,
    0x252B, 0x252B, 0x252B, 0x1D2B, 0x1D0B, 0x250B, 0x0C48, 0x8E14, 0xFFFF, 0xFFFF, 0xFFFF, 0xFFFF, 0xFFFF, 0xFFFF, 0xFFFF, 0xFFFF,
    0xFFFF, 0xFFFF, 0xFFFF, 0xFFFF, 0xFFFF, 0xFFFF, 0xFFFF, 0xFFFF, 0xF7DE, 0x344C, 0x0367, 0x03E9, 0x0429, 0x044A, 0x0C6B, 0x24CC,
    0x3D2F, 0x5D91, 0x8635, 0xA697, 0xBEFA, 0xDF7C, 0xEFBE, 0xFFFF, 0xA6B8, 0x0449, 0x14CC, 0x0CCB, 0x0CCB, 0x0CCB, 0x0CCB, 0x0CCB,
    0x0CCB, 0x0CCB, 0x0CCB, 0x0CCB, 0x0CCB, 0x0CCB, 0x0CCB, 0x0CCB, 0x0CCB, 0x0CCB, 0x0CCB, 0x0CCB, 0x0CCB, 0x0CCB, 0x0CCB, 0x0CCB,
    0x0CCB, 0x0CCB, 0x0CCB, 0x0CCB, 0x0CCB, 0x0CCB, 0x0CCB, 0x0CCB, 0x0CCB, 0x0CCB, 0x0CCB, 0x0CCB, 0x0CCB, 0x0CCB, 0x4DCA, 0x4DCA,
    0x45CA, 0x45CA, 0x45CA, 0x45CA, 0x45CA, 0x45CA, 0x45CA, 0x45CA, 0x45CA, 0x45CA, 0x45AA, 0x3DAA, 0x3DAA, 0x3DAA, 0x3DAA, 0x3DAA,
    0x3DAA, 0x3DAA, 0x3DAB, 0x3D8B, 0x3D8B, 0x358B, 0x358B, 0x3D8B, 0x358A, 0x2549, 0x2549, 0x2549, 0x2549, 0x2D6A, 0x356B, 0x2D6B,
    0x2D6B, 0x2D6B, 0x2D6B, 0x2D6B, 0x2D4B, 0x2D4B, 0x2D4B, 0x2D4B, 0x2D4B, 0x254B, 0x254B, 0x254B, 0x252B, 0x252B, 0x252B, 0x252B,
    0x252B, 0x252B, 0x252B, 0x1D2B, 0x1D2B, 0x1D0B, 0x14AA, 0x34CC, 0xF7DE, 0xFFFF, 0xFFFF, 0xFFFF, 0xFFFF, 0xFFFF, 0xFFFF, 0xFFFF,
    0xFFFF, 0xFFFF, 0xFFFF, 0xFFFF, 0xFFFF, 0xFFFF, 0xFFFF, 0xFFFF, 0xF7DF, 0x5CCF, 0x0B88, 0x44CE, 0x6571, 0x8E35, 0xB6D9, 0xD75B,
    0xF7BE, 0xFFFF, 0xFFFF, 0xFFFF, 0xFFFF, 0xFFFF, 0xFFFF, 0xFFFF, 0xFFFF, 0xBEFA, 0x0429, 0x0CAB, 0x0CCB, 0x0CCB, 0x0CCB, 0x0CCB,
    0x0CCB, 0x0CCB, 0x0CCB, 0x0CCB, 0x0CCB, 0x0CCB, 0x0CCB, 0x0CCB, 0x0CCB, 0x0CCB, 0x0CCB, 0x0CCB, 0x0CCB, 0x0CCB, 0x0CCB, 0x0CCB,
    0x0CCB, 0x0CCB, 0x0CCB, 0x0CCB, 0x0CCB, 0x0CCB, 0x0CCB, 0x0CCB, 0x0CCB, 0x0CCB, 0x0CCB, 0x0CCC, 0x14CC, 0x0CCC, 0x0CAB, 0x4DCA,
    0x45CA, 0x45CA, 0x45CA, 0x45CA, 0x45CA, 0x45CA, 0x45CA, 0x45CA, 0x45CA, 0x45CA, 0x45AA, 0x3DAA, 0x3DAA, 0x3DAA, 0x3DAA, 0x3DAA,
    0x3DAA, 0x3DAA, 0x3DAB, 0x3D8B, 0x3D8B, 0x358B, 0x358B, 0x358B, 0x358B, 0x358B, 0x358B, 0x358B, 0x358B, 0x358B, 0x356B, 0x2D6B,
    0x2D6B, 0x2D6B, 0x2D6B, 0x2D6B, 0x2D4B, 0x2D4B, 0x2D4B, 0x2D4B, 0x254B, 0x254B, 0x254B, 0x254B, 0x252B, 0x252B, 0x252B, 0x252B,
    0x252B, 0x252B, 0x252B, 0x1D2B, 0x1D2B, 0x1D0B, 0x1CEB, 0x0C48, 0xAE97, 0xFFFF, 0xFFFF, 0xFFFF, 0xFFFF, 0xFFFF, 0xFFFF, 0xFFFF,
    0xFFFF, 0xFFFF, 0xFFFF, 0xFFFF, 0xFFFF, 0xFFFF, 0xFFFF, 0xFFFF, 0xFFFF, 0xEF9D, 0xBEB9, 0xEF9E, 0xFFFF, 0xFFFF, 0xFFFF, 0xFFFF,
    0xFFFF, 0xFFFF, 0xFFFF, 0xFFFF, 0xFFFF, 0xFFFF, 0xFFFF, 0xFFFF, 0xFFFF, 0xFFFF, 0xD73B, 0x0C2A, 0x0C8B, 0x0CCB, 0x0CCB, 0x0CCB,
    0x0CCB, 0x0CCB, 0x0CCB, 0x0CCB, 0x0CCB, 0x0CCB, 0x0CCB, 0x0CCB, 0x0CCB, 0x0CCB, 0x0CCB, 0x0CCB, 0x0CCB, 0x0CCB, 0x0CCB, 0x0CCB,
    0x0CCB, 0x0CCB, 0x0CCB, 0x0CCB, 0x0CCB, 0x0CCB, 0x0CCB, 0x0CCB, 0x0CCB, 0x0CCC, 0x14CC, 0x0CCC, 0x04AB, 0x048A, 0x048A, 0x14CC,
    0x45CA, 0x45CA, 0x45CA, 0x45CA, 0x45CA, 0x45CA, 0x45CA, 0x45CA, 0x45CA, 0x45CA, 0x45AA, 0x3DAA, 0x3DAA, 0x3DAA, 0x3DAA, 0x3DAA,
    0x3DAA, 0x3DAA, 0x3DAB, 0x3D8B, 0x3D8B, 0x358B, 0x358B, 0x358B, 0x358B, 0x358B, 0x358B, 0x356B, 0x356B, 0x356B, 0x356B, 0x2D6B,
    0x2D6B, 0x2D6B, 0x2D6B, 0x2D6B, 0x2D4B, 0x2D4B, 0x2D4B, 0x2D4B, 0x2D4B, 0x254B, 0x254B, 0x254B, 0x252B, 0x252B, 0x252B, 0x252B,
    0x252B, 0x252B, 0x252B, 0x1D2B, 0x1D2B, 0x1D0B, 0x1D0B, 0x0C89, 0x4D2E, 0xFFFF, 0xFFFF, 0xFFFF, 0xFFFF, 0xFFFF, 0xFFFF, 0xFFFF,
    0xFFFF, 0xFFFF, 0xFFFF, 0xFFFF, 0xFFFF, 0xFFFF, 0xFFFF, 0xFFFF, 0xFFFF, 0xFFFF, 0xFFFF, 0xFFFF, 0xFFFF, 0xFFFF, 0xFFFF, 0xFFFF,
    0xFFFF, 0xFFFF, 0xFFFF, 0xFFFF, 0xFFFF, 0xFFFF, 0xFFFF, 0xFFFF, 0xFFFF, 0xFFFF, 0xFFFF, 0xEF9D, 0x1C4B, 0x0C6A, 0x0CCB, 0x0CCB,
    0x0CCB, 0x0CCB, 0x0CCB, 0x0CCB, 0x0CCB, 0x0CCB, 0x0CCB, 0x0CCB, 0x0CCB, 0x0CCB, 0x0CCB, 0x0CCB, 0x0CCB, 0x0CCB, 0x0CCB, 0x0CCB,
    0x0CCB, 0x0CCB, 0x0CCB, 0x0CCB, 0x0CCB, 0x0CCB, 0x0CCB, 0x0CCB, 0x0CCC, 0x14CC, 0x0CAB, 0x048A, 0x04AB, 0x354F, 0x7E14, 0xC6FA,
    0xEF7D, 0x45CA, 0x45CA, 0x45CA, 0x45CA, 0x45CA, 0x45CA, 0x45CA, 0x45AA, 0x45CA, 0x45AA, 0x3DAA, 0x3DAA, 0x3DAA, 0x3DAA, 0x3DAA,
    0x3DAA, 0x3DAA, 0x3DAB, 0x3D8B, 0x3D8B, 0x358B, 0x358B, 0x358B, 0x358B, 0x358B, 0x358B, 0x358B, 0x356B, 0x356B, 0x356B, 0x2D6B,
    0x2D6B, 0x2D6B, 0x2D6B, 0x2D6B, 0x2D4B, 0x2D4B, 0x2D4B, 0x2D4B, 0x2D4B, 0x254B, 0x254B, 0x254B, 0x252B, 0x252B, 0x252B, 0x252B,
    0x252B, 0x252B, 0x252B, 0x1D2B, 0x1D2B, 0x1D0B, 0x1D0B, 0x1CEB, 0x1469, 0xCF1A, 0xFFFF, 0xFFFF, 0xFFFF, 0xFFFF, 0xFFFF, 0xFFFF,
    0xFFFF, 0xFFFF, 0xFFFF, 0xFFFF, 0xFFFF, 0xFFFF, 0xFFFF, 0xFFFF, 0xFFFF, 0xFFFF, 0xFFFF, 0xFFFF, 0xFFFF, 0xFFFF, 0xFFFF, 0xFFFF,
    0xFFFF, 0xFFFF, 0xFFFF, 0xFFFF, 0xFFFF, 0xFFFF, 0xFFFF, 0xFFFF, 0xFFFF, 0xFFFF, 0xFFFF, 0xFFFF, 0xFFFF, 0x348D, 0x044A, 0x0CCB,
    0x0CCB, 0x0CCB, 0x0CCB, 0x0CCB, 0x0CCB, 0x0CCB, 0x0CCB, 0x0CCB, 0x0CCB, 0x0CCB, 0x0CCB, 0x0CCB, 0x0CCB, 0x0CCB, 0x0CCB, 0x0CCB,
    0x0CCB, 0x0CCB, 0x0CCB, 0x0CCB, 0x0CCB, 0x0CCB, 0x0CCB, 0x0CCC, 0x14EC, 0x04AB, 0x048A, 0x250D, 0x7634, 0xDF5C, 0xFFDF, 0xF79E,
    0xBED9, 0x7E14, 0x45AA, 0x45CA, 0x45CA, 0x45CA, 0x45CA, 0x45CA, 0x45AA, 0x45AA, 0x45AA, 0x3DAA, 0x3DAA, 0x3DAA, 0x3DAA, 0x3DAA,
    0x3DAA, 0x3DAA, 0x3DAB, 0x3D8B, 0x3D8B, 0x358B, 0x358B, 0x358B, 0x358B, 0x358B, 0x358B, 0x358B, 0x356B, 0x356B, 0x356B, 0x2D6B,
    0x2D6B, 0x2D6B, 0x2D6B, 0x2D6B, 0x2D4B, 0x2D4B, 0x2D4B, 0x2D4B, 0x2D4B, 0x254B, 0x254B, 0x254B, 0x252B, 0x252B, 0x252B, 0x252B,
    0x252B, 0x252B, 0x252B, 0x1D2B, 0x1D2B, 0x1D0B, 0x1D0B, 0x1D0B, 0x0C69, 0x6D91, 0xFFFF, 0xFFFF, 0xFFFF, 0xFFFF, 0xFFFF, 0xFFFF,
    0xFFFF, 0xFFFF, 0xFFFF, 0xFFFF, 0xFFFF, 0xFFFF, 0xFFFF, 0xFFFF, 0xFFFF, 0xFFFF, 0xFFFF, 0xFFFF, 0xFFFF, 0xFFFF, 0xFFFF, 0xFFFF,
    0xFFFF, 0xFFFF, 0xFFFF, 0xFFFF, 0xFFFF, 0xFFFF, 0xFFFF, 0xFFFF, 0xFFFF, 0xFFFF, 0xFFFF, 0xFFFF, 0xFFFF, 0xFFFF, 0x4CEF, 0x0429,
    0x14CB, 0x0CCB, 0x0CCB, 0x0CCB, 0x0CCB, 0x0CCB, 0x0CCB, 0x0CCB, 0x0CCB, 0x0CCB, 0x0CCB, 0x0CCB, 0x0CCB, 0x0CCB, 0x0CCB, 0x0CCB,
    0x0CCB, 0x0CCB, 0x0CCB, 0x0CCB, 0x0CCB, 0x0CCB, 0x0CCB, 0x14EC, 0x0CCB, 0x048A, 0x250D, 0x9697, 0xFFFF, 0xFFDF, 0xAED8, 0x5591,
    0x1CEC, 0x048A, 0x048A, 0x45AA, 0x45AA, 0x45AA, 0x45AA, 0x45AA, 0x45AA, 0x3DAA, 0x45AA, 0x3DAA, 0x3DAA, 0x3DAA, 0x3DAA, 0x3DAA,
    0x3DAA, 0x3DAA, 0x3DAB, 0x3D8B, 0x3D8B, 0x358B, 0x358B, 0x358B, 0x358B, 0x358B, 0x358B, 0x358B, 0x356B, 0x356B, 0x356B, 0x2D6B,
    0x2D6B, 0x2D6B, 0x2D6B, 0x2D6B, 0x2D4B, 0x2D4B, 0x2D4B, 0x2D4B, 0x2D4B, 0x254B, 0x254B, 0x254B, 0x254B, 0x252B, 0x252B, 0x252B,
    0x252B, 0x252B, 0x252B, 0x1D2B, 0x1D2B, 0x1D0B, 0x1D0B, 0x1D0B, 0x14CA, 0x1C8A, 0xE77C, 0xFFFF, 0xFFFF, 0xFFFF, 0xFFFF, 0xFFFF,
    0xFFFF, 0xFFFF, 0xFFFF, 0xFFFF, 0xFFFF, 0xFFFF, 0xFFFF, 0xFFFF, 0xFFFF, 0xFFFF, 0xFFFF, 0xFFFF, 0xFFFF, 0xFFFF, 0xFFFF, 0xFFFF,
    0xFFFF, 0xFFFF, 0xFFFF, 0xFFFF, 0xFFFF, 0xFFFF, 0xFFFF, 0xFFFF, 0xFFFF, 0xFFFF, 0xFFFF, 0xFFFF, 0xFFFF, 0xFFFF, 0xFFFF, 0x6551,
    0x0409, 0x14AB, 0x0CCB, 0x0CCB, 0x0CCB, 0x0CCB, 0x0CCB, 0x0CCB, 0x0CCB, 0x0CCB, 0x0CCB, 0x0CCB, 0x0CCB, 0x0CCB, 0x0CCB, 0x0CCB,
    0x0CCB, 0x0CCB, 0x0CCB, 0x0CCB, 0x0CCB, 0x0CCB, 0x0CCC, 0x14EC, 0x04AA, 0x14CC, 0x8675, 0xFFFF, 0xF7DF, 0x8655, 0x250D, 0x048A,
    0x048A, 0x0CAB, 0x14CC, 0x14CB, 0x45AA, 0x45AA, 0x45AA, 0x45AA, 0x45AA, 0x45AA, 0x3DAA, 0x3DAA, 0x3DAA, 0x3DAA, 0x3DAA, 0x3DAA,
    0x3DAA, 0x3DAA, 0x3DAB, 0x3D8B, 0x3D8B, 0x358B, 0x358B, 0x358B, 0x358B, 0x358B, 0x358B, 0x358B, 0x356B, 0x356B, 0x356B, 0x2D6B,
    0x2D6B, 0x2D6B, 0x2D6B, 0x2D6B, 0x2D4B, 0x2D4B, 0x2D4B, 0x2D4B, 0x254B, 0x254B, 0x254B, 0x254B, 0x254B, 0x252B, 0x252B, 0x252B,
    0x252B, 0x252B, 0x1D2B, 0x1D2B, 0x1D2B, 0x1D0B, 0x1D0B, 0x1D0B, 0x1CEB, 0x0448, 0x8E14, 0xFFFF, 0xFFFF, 0xFFFF, 0xFFFF, 0xFFFF,
    0xFFFF, 0xFFFF, 0xFFFF, 0xFFFF, 0xFFFF, 0xFFFF, 0xFFFF, 0xFFFF, 0xFFFF, 0xFFFF, 0xFFFF, 0xFFFF, 0xFFFF, 0xFFFF, 0xFFFF, 0xFFFF,
    0xFFFF, 0xFFFF, 0xFFFF, 0xFFFF, 0xFFFF, 0xFFFF, 0xFFFF, 0xFFFF, 0xFFFF, 0xFFFF, 0xFFFF, 0xFFFF, 0xFFFF, 0xFFFF, 0xFFFF, 0xFFFF,
    0x85D4, 0x03E8, 0x14AB, 0x0CCB, 0x0CCB, 0x0CCB, 0x0CCB, 0x0CCB, 0x0CCB, 0x0CCB, 0x0CCB, 0x0CCB, 0x0CCB, 0x0CCB, 0x0CCB, 0x0CCB,
    0x0CCB, 0x0CCB, 0x0CCB, 0x0CCB, 0x0CCB, 0x0CCB, 0x0CCC, 0x0CCB, 0x048A, 0x4DB1, 0xE79D, 0xFFFF, 0x8655, 0x1CEC, 0x048A, 0x0CAB,
    0x14CC, 0x14CC, 0x0CCB, 0x0CAB, 0x0CAB, 0x45AA, 0x45AA, 0x45AA, 0x45AA, 0x45AA, 0x3DAA, 0x3DAA, 0x3DAA, 0x3DAA, 0x3DAA, 0x3DAA,
    0x3DAA, 0x3DAA, 0x3D8B, 0x3D8B, 0x3D8B, 0x358B, 0x358B, 0x358B, 0x358B, 0x358B, 0x358B, 0x356B, 0x356B, 0x356B, 0x356B, 0x2D6B,
    0x2D6B, 0x2D6B, 0x2D6B, 0x2D6B, 0x2D4B, 0x2D4B, 0x2D4B, 0x2D4B, 0x254B, 0x254B, 0x254B, 0x254B, 0x252B, 0x252B, 0x252B, 0x252B,
    0x252B, 0x252B, 0x1D2B, 0x1D2B, 0x1D2B, 0x1D0B, 0x1D0B, 0x1D0B, 0x1D0B, 0x14AA, 0x34CC, 0xF7DE, 0xFFFF, 0xFFFF, 0xFFFF, 0xFFFF,
    0xFFFF, 0xFFFF, 0xFFFF, 0xFFFF, 0xFFFF, 0xFFFF, 0xFFFF, 0xFFFF, 0xFFFF, 0xFFFF, 0xFFFF, 0xFFFF, 0xFFFF, 0xFFFF, 0xFFFF, 0xFFFF,
    0xFFFF, 0xFFFF, 0xFFFF, 0xFFFF, 0xFFFF, 0xFFFF, 0xFFFF, 0xFFFF, 0xFFFF, 0xFFFF, 0xFFFF, 0xFFFF, 0xFFFF, 0xFFFF, 0xFFFF, 0xFFFF,
    0xFFFF, 0xA657, 0x03E8, 0x14AB, 0x0CCB, 0x0CCB, 0x0CCB, 0x0CCB, 0x0CCB, 0x0CCB, 0x0CCB, 0x0CCB, 0x0CCB, 0x0CCB, 0x0CCB, 0x0CCB,
    0x0CCB, 0x0CCB, 0x0CCB, 0x0CCB, 0x0CCB, 0x0CCB, 0x14CC, 0x0CCB, 0x04AB, 0x8E76, 0xFFFF, 0xBF19, 0x250D, 0x048A, 0x0CCB, 0x14CC,
    0x0CCB, 0x0CCB, 0x0CCB, 0x0CAB, 0x0CAB, 0x0CAB, 0x45AA, 0x45AA, 0x45AA, 0x45AA, 0x3DAA, 0x3DAA, 0x3DAA, 0x3DAA, 0x3DAA, 0x3DAA,
    0x3DAA, 0x3D8A, 0x3D8B, 0x3D8B, 0x3D8B, 0x358B, 0x358B, 0x358B, 0x358B, 0x358B, 0x358B, 0x356B, 0x356B, 0x356B, 0x356B, 0x2D6B,
    0x2D6B, 0x2D6B, 0x2D6B, 0x2D6B, 0x2D4B, 0x2D4B, 0x2D4B, 0x2D4B, 0x2D4B, 0x254B, 0x254B, 0x254B, 0x252B, 0x252B, 0x252B, 0x252B,
    0x252B, 0x252B, 0x1D2B, 0x1D2B, 0x1D2B, 0x1D0B, 0x1D0B, 0x1D0B, 0x1D0B, 0x1CEB, 0x0C49, 0xAE97, 0xFFFF, 0xFFFF, 0xFFFF, 0xFFFF,
    0xFFFF, 0xFFFF, 0xFFFF, 0xFFFF, 0xFFFF, 0xFFFF, 0xFFFF, 0xFFFF, 0xFFFF, 0xFFFF, 0xFFFF, 0xFFFF, 0xFFFF, 0xFFFF, 0xFFFF, 0xFFFF,
    0xFFFF, 0xFFFF, 0xFFFF, 0xFFFF, 0xFFFF, 0xFFFF, 0xFFFF, 0xFFFF, 0xFFFF, 0xFFFF, 0xFFFF, 0xFFFF, 0xFFFF, 0xFFFF, 0xFFFF, 0xFFFF,
    0xFFFF, 0xFFFF, 0xBED9, 0x03E9, 0x0C8B, 0x0CCB, 0x0CCB, 0x0CCB, 0x0CCB, 0x0CCB, 0x0CCB, 0x0CCB, 0x0CCB, 0x0CCB, 0x0CCB, 0x0CCB,
    0x0CCB, 0x0CCB, 0x0CCB, 0x0CCB, 0x0CCB, 0x0CCB, 0x14EC, 0x04AB, 0x1CEC, 0xC73B, 0xFFFF, 0x6E13, 0x048A, 0x04AB, 0x14CC, 0x0CCB,
    0x0CCB, 0x0CCB, 0x0CCB, 0x0CAB, 0x0CAB, 0x0CAB, 0x0CAB, 0x45AA, 0x3DAA, 0x3DAA, 0x3D8A, 0x3DAA, 0x3DAA, 0x3DAA, 0x3D8A, 0x3DAA,
    0x3DAA, 0x3D8A, 0x3D8B, 0x3D8B, 0x3D8B, 0x358B, 0x358B, 0x358B, 0x358B, 0x358B, 0x358B, 0x356B, 0x356B, 0x356B, 0x356B, 0x2D6B,
    0x2D6B, 0x2D6B, 0x2D6B, 0x2D6B, 0x2D4B, 0x2D4B, 0x2D4B, 0x2D4B, 0x2D4B, 0x254B, 0x254B, 0x254B, 0x252B, 0x252B, 0x252B, 0x252B,
    0x252B, 0x252B, 0x1D2B, 0x1D2B, 0x1D2B, 0x1D0B, 0x1D0B, 0x1D0B, 0x1D0B, 0x1D0B, 0x0C89, 0x4D2F, 0xFFFF, 0xFFFF, 0xFFFF, 0xFFFF,
    0xFFFF, 0xFFFF, 0xFFFF, 0xFFFF, 0xFFFF, 0xFFFF, 0xFFFF, 0xFFFF, 0xFFFF, 0xFFFF, 0xFFFF, 0xFFFF, 0xFFFF, 0xFFFF, 0xFFFF, 0xFFFF,
    0xFFFF, 0xFFFF, 0xFFFF, 0xFFFF, 0xFFFF, 0xFFFF, 0xFFFF, 0xFFFF, 0xFFFF, 0xFFFF, 0xFFFF, 0xFFFF, 0xFFFF, 0xFFFF, 0xFFFF, 0xFFFF,
    0xFFFF, 0xFFFF, 0xFFFF, 0xCF3B, 0x0C09, 0x0C8B, 0x0CCB, 0x0CCB, 0x0CCB, 0x0CCB, 0x0CCB, 0x0CCB, 0x0CCB, 0x0CCB, 0x0CCB, 0x0CCB,
    0x0CCB, 0x0CCB, 0x0CCB, 0x0CCB, 0x0CCB, 0x0CCB, 0x14CC, 0x04AB, 0x2D2E, 0xE7BD, 0xEFBE, 0x3D4F, 0x048A, 0x14CC, 0x0CCC, 0x0CCB,
    0x0CCB, 0x0CCB, 0x0CCB, 0x0CCB, 0x0CAB, 0x0CAB, 0x0CAB, 0x0CAB, 0x3D8A, 0x3D8A, 0x3D8A, 0x3D8A, 0x3D8A, 0x3D8A, 0x3D8A, 0x3D8A,
    0x3D8A, 0x3D8A, 0x3D8A, 0x3D8B, 0x3D8B, 0x358B, 0x358B, 0x358B, 0x358B, 0x358B, 0x358B, 0x356B, 0x356B, 0x356B, 0x356B, 0x2D6B,
    0x2D6B, 0x2D6B, 0x2D6B, 0x2D6B, 0x2D4B, 0x2D4B, 0x2D4B, 0x2D4B, 0x2D4B, 0x254B, 0x254B, 0x254B, 0x252B, 0x252B, 0x252B, 0x252B,
    0x252B, 0x252B, 0x1D2B, 0x1D2B, 0x1D2B, 0x1D0B, 0x1D0B, 0x1D0B, 0x1D0B, 0x1D0B, 0x1CCB, 0x0C49, 0xCF1A, 0xFFFF, 0xFFFF, 0xFFFF,
    0xFFFF, 0xFFFF, 0xFFFF, 0xFFFF, 0xFFFF, 0xFFFF, 0xFFFF, 0xFFFF, 0xFFFF, 0xFFFF, 0xFFFF, 0xFFFF, 0xFFFF, 0xFFFF, 0xFFFF, 0xFFFF,
    0xFFFF, 0xFFFF, 0xFFFF, 0xFFFF, 0xFFFF, 0xFFFF, 0xFFFF, 0xFFFF, 0xFFFF, 0xFFFF, 0xFFFF, 0xFFFF, 0xFFFF, 0xFFFF, 0xFFFF, 0xFFFF,
    0xFFFF, 0xFFFF, 0xFFFF, 0xFFFF, 0xE79D, 0x1C4B, 0x0C6A, 0x0CCB, 0x0CCB, 0x0CCB, 0x0CCB, 0x0CCB, 0x0CCB, 0x0CCB, 0x0CCB, 0x0CCB,
    0x0CCB, 0x0CCB, 0x0CCB, 0x0CCB, 0x0CCB, 0x0CCB, 0x14EC, 0x048A, 0x3D6F, 0xF7DE, 0xC73B, 0x250D, 0x048A, 0x14CC, 0x0CCB, 0x0CCB,
    0x0CCB, 0x0CCB, 0x0CCB, 0x0CCB, 0x0CAB, 0x0CAB, 0x0CAB, 0x0CAB, 0x0CAB, 0x3D8A, 0x3D8A, 0x3D8A, 0x3D8A, 0x3D8A, 0x3D8A, 0x3D8A,
    0x3D8A, 0x3D8A, 0x3D8A, 0x3D8A, 0x358A, 0x358B, 0x358B, 0x358B, 0x358B, 0x358B, 0x358B, 0x356B, 0x356B, 0x356B, 0x356B, 0x2D6B,
    0x2D6B, 0x2D6B, 0x2D6B, 0x2D6B, 0x2D4B, 0x2D4B, 0x2D4B, 0x2D4B, 0x2D4B, 0x254B, 0x254B, 0x254B, 0x252B, 0x252B, 0x252B, 0x252B,
    0x252B, 0x252B, 0x1D2B, 0x1D2B, 0x1D2B, 0x1D0B, 0x1D0B, 0x1D0B, 0x1D0B, 0x1D0B, 0x1CEB, 0x0449, 0x6D91, 0xFFFF, 0xFFFF, 0xFFFF,
    0xFFFF, 0xFFFF, 0xFFFF, 0xFFFF, 0xFFFF, 0xFFFF, 0xFFFF, 0xFFFF, 0xFFFF, 0xFFFF, 0xFFFF, 0xFFFF, 0xFFFF, 0xFFFF, 0xFFFF, 0xFFFF,
    0xFFFF, 0xFFFF, 0xFFFF, 0xFFFF, 0xFFFF, 0xFFFF, 0xFFFF, 0xFFFF, 0xFFFF, 0xFFFF, 0xFFFF, 0xFFFF, 0xFFFF, 0xFFFF, 0xFFFF, 0xFFFF,
    0xFFFF, 0xFFFF, 0xFFFF, 0xFFFF, 0xFFFF, 0xFFFF, 0x2C8C, 0x044A, 0x0CCB, 0x0CCB, 0x0CCB, 0x0CCB, 0x0CCB, 0x0CCB, 0x0CCB, 0x0CCB,
    0x0CCB, 0x0CCB, 0x0CCB, 0x0CCB, 0x0CCB, 0x0CCB, 0x14EC, 0x04AB, 0x250D, 0xE7BD, 0xE79D, 0x6E13, 0x0469, 0x14EC, 0x0CCB, 0x0CCB,
    0x0CCB, 0x0CCB, 0x0CCB, 0x0CCB, 0x0CAB, 0x0CAB, 0x0CAB, 0x0CAB, 0x0CAB, 0x0CAB, 0x3D8A, 0x3D8A, 0x3D8A, 0x3D8A, 0x3D8A, 0x3D8A,
    0x3D8A, 0x3D8A, 0x3D8A, 0x3D8A, 0x358A, 0x358A, 0x358A, 0x358B, 0x358B, 0x356B, 0x358B, 0x356B, 0x356B, 0x356B, 0x356B, 0x2D6B,
    0x2D6B, 0x2D6B, 0x2D6B, 0x2D6B, 0x2D4B, 0x2D4B, 0x2D4B, 0x2D4B, 0x2D4B, 0x254B, 0x254B, 0x254B, 0x252B, 0x252B, 0x252B, 0x252B,
    0x252B, 0x252B, 0x252B, 0x1D2B, 0x1D2B, 0x1D0B, 0x1D0B, 0x1D0B, 0x1D0B, 0x1D0B, 0x1D0B, 0x14AA, 0x1C8A, 0xE77D, 0xFFFF, 0xFFFF,
    0xFFFF, 0xFFFF, 0xFFFF, 0xFFFF, 0xFFFF, 0xFFFF, 0xFFFF, 0xFFFF, 0xFFFF, 0xFFFF, 0xFFFF, 0xFFFF, 0xFFFF, 0xFFFF, 0xFFFF, 0xFFFF,
    0xFFFF, 0xFFFF, 0xFFFF, 0xFFFF, 0xFFFF, 0xFFFF, 0xFFFF, 0xFFFF, 0xFFFF, 0xFFFF, 0xFFFF, 0xFFFF, 0xFFFF, 0xFFFF, 0xFFFF, 0xFFFF,
    0xFFFF, 0xFFFF, 0xFFFF, 0xFFFF, 0xFFFF, 0xFFFF, 0xFFFF, 0x44EE, 0x0429, 0x14CB, 0x0CCB, 0x0CCB, 0x0CCB, 0x0CCB, 0x0CCB, 0x0CCB,
    0x0CCB, 0x0CCB, 0x0CCB, 0x0CCB, 0x0CCB, 0x0CCB, 0x0CCC, 0x0CCB, 0x14CC, 0xD77C, 0xE7BD, 0x14CC, 0x7613, 0x7E34, 0x048A, 0x0CCC,
    0x0CCB, 0x0CCB, 0x0CCB, 0x0CCB, 0x0CCB, 0x0CAB, 0x0CAB, 0x0CAB, 0x0CAB, 0x0CAB, 0x0CAB, 0x3D8A, 0x3D8A, 0x3D8A, 0x3D8A, 0x3D8A,
    0x3D8A, 0x3D8A, 0x3D8A, 0x3D8A, 0x358A, 0x358A, 0x358A, 0x358A, 0x358A, 0x356B, 0x356B, 0x356B, 0x356B, 0x356B, 0x356B, 0x2D6B,
    0x2D6B, 0x2D6B, 0x2D6B, 0x2D6B, 0x2D4B, 0x2D4B, 0x2D4B, 0x2D4B, 0x2D4B, 0x254B, 0x254B, 0x254B, 0x254B, 0x252B, 0x252B, 0x252B,
    0x252B, 0x252B, 0x252B, 0x1D2B, 0x1D2B, 0x1D0B, 0x1D0B, 0x1D0B, 0x1D0B, 0x1D0B, 0x1D0B, 0x1CEB, 0x0448, 0x8E14, 0xFFFF, 0xFFFF,
    0xFFFF, 0xFFFF, 0xFFFF, 0xFFFF, 0xFFFF, 0xFFFF, 0xFFFF, 0xFFFF, 0xFFFF, 0xFFFF, 0xFFFF, 0xFFFF, 0xFFFF, 0xFFFF, 0xFFFF, 0xFFFF,
    0xFFFF, 0xFFFF, 0xFFFF, 0xFFFF, 0xFFFF, 0xFFFF, 0xFFFF, 0xFFFF, 0xFFFF, 0xFFFF, 0xFFFF, 0xFFFF, 0xFFFF, 0xFFFF, 0xFFFF, 0xFFFF,
    0xFFFF, 0xFFFF, 0xFFFF, 0xFFFF, 0xFFFF, 0xFFFF, 0xFFFF, 0xFFFF, 0x6571, 0x0409, 0x14CB, 0x0CCB, 0x0CCB, 0x0CCB, 0x0CCB, 0x0CCB,
    0x0CCB, 0x0CCB, 0x0CCB, 0x0CCB, 0x0CCB, 0x0CCB, 0x0CCB, 0x14CC, 0x048A, 0xAEF8, 0xFFDF, 0x2D2E, 0x04AB, 0x048A, 0x7614, 0x7614,
    0x048A, 0x0CCC, 0x0CCB, 0x0CCB, 0x0CCB, 0x0CAB, 0x0CAB, 0x0CAB, 0x0CAB, 0x0CAB, 0x0CAB, 0x0CAB, 0x3D6A, 0x3D8A, 0x3D8A, 0x3D6A,
    0x3D6A, 0x3D8A, 0x3D8A, 0x3D6A, 0x356A, 0x356A, 0x356A, 0x356A, 0x356A, 0x356A, 0x356B, 0x356B, 0x356B, 0x356B, 0x356B, 0x2D6B,
    0x2D6B, 0x2D6B, 0x2D6B, 0x2D6B, 0x2D4B, 0x2D4B, 0x2D4B, 0x2D4B, 0x2D4B, 0x254B, 0x254B, 0x254B, 0x252B, 0x252B, 0x252B, 0x252B,
    0x252B, 0x252B, 0x252B, 0x1D2B, 0x1D2B, 0x1D0B, 0x1D0B, 0x1D0B, 0x1D0B, 0x1D0B, 0x1D0B, 0x1CEB, 0x0C8A, 0x34CC, 0xF7DE, 0xFFFF,
    0xFFFF, 0xFFFF, 0xFFFF, 0xFFFF, 0xFFFF, 0xFFFF, 0xFFFF, 0xFFFF, 0xFFFF, 0xFFFF, 0xFFFF, 0xFFFF, 0xFFFF, 0xFFFF, 0xFFFF, 0xFFFF,
    0xFFFF, 0xFFFF, 0xFFFF, 0xFFFF, 0xFFFF, 0xFFFF, 0xFFFF, 0xFFFF, 0xFFFF, 0xFFFF, 0xFFFF, 0xFFFF, 0xFFFF, 0xFFFF, 0xFFFF, 0xFFFF,
    0xFFFF, 0xFFFF, 0xFFFF, 0xF7BE, 0xDF5C, 0xC6FA, 0xAE77, 0x95F5, 0x7592, 0x2C8D, 0x044A, 0x0CAB, 0x0CCB, 0x0CCB, 0x0CCB, 0x0CCB,
    0x0CCB, 0x0CCB, 0x0CCB, 0x0CCB, 0x0CCB, 0x0CCB, 0x0CCB, 0x14EC, 0x048A, 0x7614, 0xFFFF, 0x55B1, 0x048A, 0x14EC, 0x0CCB, 0x048A,
    0x7614, 0x7614, 0x048A, 0x0CCC, 0x0CCB, 0x0CAB, 0x0CAB, 0x0CAB, 0x0CAB, 0x0CAB, 0x0CAB, 0x0CAB, 0x0CAB, 0x3D6A, 0x3D6A, 0x3D6A,
    0x3D6A, 0x3D6A, 0x356A, 0x356A, 0x356A, 0x356A, 0x356A, 0x356A, 0x356A, 0x356A, 0x356B, 0x356B, 0x356B, 0x356B, 0x2D6B, 0x2D6B,
    0x2D6B, 0x2D6B, 0x2D6B, 0x2D4B, 0x2D4B, 0x2D4B, 0x2D4B, 0x2D4B, 0x2D4B, 0x254B, 0x254B, 0x254B, 0x252B, 0x252B, 0x252B, 0x252B,
    0x252B, 0x252B, 0x1D2B, 0x1D2B, 0x1D2B, 0x1D0B, 0x1D0B, 0x1D0B, 0x1D0B, 0x1D0B, 0x1D0B, 0x1CEB, 0x1CEB, 0x0429, 0xAEB8, 0xFFFF,
    0xFFFF, 0xFFFF, 0xFFFF, 0xFFFF, 0xFFFF, 0xFFFF, 0xFFFF, 0xFFFF, 0xFFFF, 0xFFFF, 0xFFFF, 0xFFFF, 0xFFFF, 0xFFFF, 0xFFFF, 0xFFFF,
    0xFFFF, 0xFFFF, 0xFFFF, 0xFFFF, 0xFFFF, 0xFFFF, 0xFFFF, 0xFFFF, 0xFFFF, 0xFFFF, 0xFFFF, 0xFFDF, 0xEFBE, 0xDF5C, 0xC6D9, 0xA657,
    0x8DD4, 0x6D51, 0x54CE, 0x3C4C, 0x23EA, 0x13A9, 0x0368, 0x0367, 0x0367, 0x03A7, 0x0429, 0x0C8B, 0x0CAB, 0x0CCB, 0x0CCB, 0x0CCB,
    0x0CCB, 0x0CCB, 0x0CCB, 0x0CCB, 0x0CCB, 0x0CCB, 0x0CCB, 0x14CC, 0x04AB, 0x2D2E, 0xFFFF, 0x9696, 0x048A, 0x14CC, 0x0CCB, 0x0CCB,
    0x0CCC, 0x048A, 0x75F4, 0x75F3, 0x048A, 0x0CCB, 0x0CAB, 0x0CAB, 0x0CAB, 0x0CAB, 0x0CAB, 0x0CAB, 0x0CAB, 0x0CAB, 0x3D6A, 0x3D6A,
    0x3D6A, 0x3D6A, 0x356A, 0x356A, 0x356A, 0x356A, 0x356A, 0x356A, 0x356A, 0x356A, 0x356B, 0x356B, 0x356B, 0x356B, 0x2D6B, 0x2D6B,
    0x2D6B, 0x2D4B, 0x2D4B, 0x2D4B, 0x2D4B, 0x2D4B, 0x2D4B, 0x2D4B, 0x2D4B, 0x254B, 0x254B, 0x254B, 0x252B, 0x252B, 0x252B, 0x252B,
    0x252B, 0x252B, 0x1D2B, 0x1D2B, 0x1D2B, 0x1D0B, 0x1D0B, 0x1D0B, 0x1D0B, 0x1D0B, 0x1D0B, 0x1CEB, 0x1CEB, 0x0C69, 0x4D2F, 0xFFFF,
    0xFFFF, 0xFFFF, 0xFFFF, 0xFFFF, 0xFFFF, 0xFFFF, 0xFFFF, 0xFFFF, 0xFFFF, 0xFFFF, 0xFFFF, 0xFFFF, 0xFFFF, 0xFFFF, 0xFFFF, 0xFFFF,
    0xFFFF, 0xFFFF, 0xFFFF, 0xFFFF, 0xF7DF, 0xEF9D, 0xDF5C, 0xBED9, 0xA636, 0x85B4, 0x6D31, 0x4CAE, 0x342C, 0x23EA, 0x13A8, 0x0367,
    0x0367, 0x0347, 0x0367, 0x0387, 0x03A8, 0x03C8, 0x0BE9, 0x0C09, 0x0C2A, 0x0C2A, 0x146B, 0x0C8B, 0x0CAB, 0x0CCB, 0x0CCB, 0x0CCB,
    0x0CCB, 0x0CCB, 0x0CCB, 0x0CCB, 0x0CCB, 0x0CCB, 0x0CCB, 0x0CCB, 0x0CCC, 0x04AA, 0xBF1A, 0xDF9D, 0x0CAB, 0x0CCB, 0x0CCB, 0x0CCB,
    0x0CCB, 0x0CCB, 0x0CCC, 0x048A, 0x75F3, 0x75D3, 0x048A, 0x0CAB, 0x0CAB, 0x0CAB, 0x0CAB, 0x0CAB, 0x0CAB, 0x0CAB, 0x0C8B, 0x3D6A,
    0x3D6A, 0x3D6A, 0x356A, 0x356A, 0x356A, 0x356A, 0x356A, 0x356A, 0x356A, 0x356A, 0x356A, 0x356B, 0x356B, 0x2D6B, 0x2D6B, 0x2D6B,
    0x2D6B, 0x2D6B, 0x2D4B, 0x2D4B, 0x2D4B, 0x2D4B, 0x2D4B, 0x2D4B, 0x2D4B, 0x254B, 0x254B, 0x254B, 0x252B, 0x252B, 0x252B, 0x252B,
    0x252B, 0x252B, 0x1D2B, 0x1D2B, 0x1D2B, 0x1D0B, 0x1D0B, 0x1D0B, 0x1D0B, 0x1D0B, 0x1D0B, 0x1D0B, 0x1CEB, 0x14CB, 0x0C49, 0xC71A,
    0xFFFF, 0xFFFF, 0xFFFF, 0xFFFF, 0xFFFF, 0xFFFF, 0xFFFF, 0xFFFF, 0xFFFF, 0xFFFF, 0xFFFF, 0xFFFF, 0xFFFF, 0xF7DF, 0xE79D, 0xD73B,
    0xBEB9, 0x9E36, 0x8593, 0x6531, 0x4CAE, 0x342B, 0x1BCA, 0x0B88, 0x0367, 0x0347, 0x0347, 0x0367, 0x0387, 0x03A8, 0x03C9, 0x0BE9,
    0x0C09, 0x0C2A, 0x0C2A, 0x0C4A, 0x0C4A, 0x0C4A, 0x0C6A, 0x0C6B, 0x0C6B, 0x0C8B, 0x0C8B, 0x0CAB, 0x0CAB, 0x0CCB, 0x0CCB, 0x0CCB,
    0x0CCB, 0x0CCB, 0x0CCB, 0x0CCB, 0x0CCB, 0x0CCB, 0x0CCB, 0x0CCB, 0x14CC, 0x04AA, 0x55B1, 0xFFFF, 0x4D91, 0x048A, 0x14CC, 0x0CCB,
    0x0CCB, 0x0CCB, 0x0CCB, 0x0CCB, 0x0CCB, 0x048A, 0x75D3, 0x75D3, 0x048A, 0x0CAB, 0x0CAB, 0x0CAB, 0x0CAB, 0x0CAB, 0x0C8B, 0x0C8B,
    0x3D6A, 0x356A, 0x356A, 0x356A, 0x356A, 0x356A, 0x356A, 0x356A, 0x356A, 0x356A, 0x356A, 0x356A, 0x356B, 0x2D4B, 0x2D4B, 0x2D4B,
    0x2D4B, 0x2D4B, 0x2D4B, 0x2D4B, 0x2D4B, 0x2D4B, 0x2D4B, 0x2D4B, 0x2D4B, 0x254B, 0x254B, 0x254B, 0x252B, 0x252B, 0x252B, 0x252B,
    0x252B, 0x252B, 0x252B, 0x1D2B, 0x1D2B, 0x1D0B, 0x1D0B, 0x1D0B, 0x1D0B, 0x1D0B, 0x1D0B, 0x1D0B, 0x14EB, 0x1CEB, 0x0449, 0x6DB2,
    0xFFFF, 0xFFFF, 0xFFFF, 0xFFFF, 0xFFFF, 0xFFFF, 0xF7DE, 0xE77D, 0xD71B, 0xBEB9, 0x9E16, 0x7D93, 0x6510, 0x448E, 0x2C2B, 0x1BC9,
    0x0B88, 0x0367, 0x0347, 0x0347, 0x0367, 0x0387, 0x03A8, 0x03C9, 0x0BE9, 0x0C0A, 0x0C2A, 0x0C2A, 0x0C4A, 0x0C4A, 0x0C4A, 0x0C6A,
    0x0C6B, 0x0C6B, 0x0C8B, 0x0C8B, 0x0C8B, 0x0CAB, 0x0CAB, 0x0CAB, 0x0CAB, 0x0CAB, 0x0CCB, 0x0CCB, 0x0CCB, 0x0CCB, 0x0CCB, 0x0CCB,
    0x0CCB, 0x0CCB, 0x0CCB, 0x0CCB, 0x0CCB, 0x0CCB, 0x0CCB, 0x0CCB, 0x0CCB, 0x0CCC, 0x04AB, 0xD75C, 0xC73B, 0x048A, 0x0CCC, 0x0CCB,
    0x0CCB, 0x0CCB, 0x0CCB, 0x0CCB, 0x0CCB, 0x0CAB, 0x0CAB, 0x048A, 0x6DB3, 0x6DB2, 0x046A, 0x0CAB, 0x0CAB, 0x0CAB, 0x0C8B, 0x0C8B,
    0x0C8B, 0x354A, 0x354A, 0x354A, 0x354A, 0x354A, 0x356A, 0x354A, 0x354A, 0x354A, 0x354A, 0x354A, 0x354A, 0x356A, 0x2D4B, 0x2D4B,
    0x2D4B, 0x2D4B, 0x2D4B, 0x2D4B, 0x2D4B, 0x2D4B, 0x2D4B, 0x2D4B, 0x2D4B, 0x254B, 0x254B, 0x254B, 0x252B, 0x252B, 0x252B, 0x252B,
    0x252B, 0x252B, 0x252B, 0x1D2B, 0x1D2B, 0x1D0B, 0x1D0B, 0x1D0B, 0x1D0B, 0x1D0B, 0x1D0B, 0x1D0B, 0x150B, 0x1CEB, 0x14CB, 0x24AB,
    0xCF1A, 0xCF1A, 0xB6B8, 0x9E15, 0x7D92, 0x5CEF, 0x448D, 0x2C0B, 0x1BC9, 0x0B88, 0x0367, 0x0347, 0x0367, 0x0367, 0x0387, 0x03A8,
    0x03C9, 0x0BE9, 0x0C0A, 0x0C2A, 0x0C2A, 0x0C4A, 0x0C4A, 0x0C4A, 0x0C6A, 0x0C6A, 0x0C6B, 0x0C8B, 0x0C8B, 0x0C8B, 0x0CAB, 0x0CAB,
    0x0CAB, 0x0CAB, 0x0CCB, 0x0CCB, 0x0CCB, 0x0CCB, 0x0CCB, 0x0CCB, 0x0CCB, 0x0CCB, 0x0CCB, 0x0CCB, 0x0CCB, 0x0CCB, 0x0CCB, 0x0CCB,
    0x0CCB, 0x0CCB, 0x0CCB, 0x0CCB, 0x0CCB, 0x0CCB, 0x0CCB, 0x0CCB, 0x0CCB, 0x14CC, 0x048A, 0x55B1, 0xFFFF, 0x4590, 0x04AA, 0x14CC,
    0x0CCB, 0x0CCB, 0x0CCB, 0x0CCB, 0x0CCB, 0x0CAB, 0x0CAB, 0x0CAB, 0x0CAB, 0x048A, 0x6DB2, 0x6D92, 0x046A, 0x0CAB, 0x0C8B, 0x0C8B,
    0x0C8B, 0x0C8B, 0x354A, 0x354A, 0x354A, 0x354A, 0x354A, 0x354A, 0x354A, 0x354A, 0x354A, 0x354A, 0x354A, 0x354A, 0x2D4A, 0x2D4A,
    0x2D4A, 0x2D4B, 0x2D4B, 0x2D4B, 0x2D4B, 0x2D4B, 0x2D4B, 0x2D4B, 0x254B, 0x254B, 0x252B, 0x252B, 0x252B, 0x252B, 0x252B, 0x252B,
    0x252B, 0x252B, 0x252B, 0x1D2B, 0x1D2B, 0x1D0B, 0x1D0B, 0x1D0B, 0x1D0B, 0x1D0B, 0x1D0B, 0x1D0B, 0x150B, 0x14EB, 0x14EB, 0x14CB,
    0x1CAB, 0x246B, 0x0BC8, 0x0387, 0x0367, 0x0367, 0x0387, 0x0387, 0x03A8, 0x03C9, 0x0BE9, 0x0C0A, 0x0C2A, 0x0C2A, 0x0C4A, 0x0C4A,
    0x0C4A, 0x0C6A, 0x0C6A, 0x0C6B, 0x0C8B, 0x0C8B, 0x0C8B, 0x0CAB, 0x0CAB, 0x0CAB, 0x0CAB, 0x0CCB, 0x0CCB, 0x0CCB, 0x0CCB, 0x0CCB,
    0x0CCB, 0x0CCB, 0x0CCB, 0x0CCB, 0x0CCB, 0x0CCB, 0x0CCB, 0x0CCB, 0x0CCB, 0x0CCB, 0x0CCB, 0x0CCB, 0x0CCB, 0x0CCB, 0x0CCB, 0x0CCB,
    0x0CCB, 0x0CCB, 0x0CCB, 0x0CCB, 0x0CCB, 0x0CCB, 0x0CCB, 0x0CCB, 0x0CCB, 0x0CCB, 0x0CCC, 0x048A, 0xC73B, 0xCF3B, 0x048A, 0x0CCC,
    0x0CCB, 0x0CCB, 0x0CCB, 0x0CCB, 0x0CCB, 0x0CAB, 0x0CAB, 0x0CAB, 0x0CAB, 0x0CAB, 0x0CAB, 0x046A, 0x6D92, 0x6592, 0x046A, 0x0CAB,
    0x0C8B, 0x0C8B, 0x0C8B, 0x354A, 0x354A, 0x354A, 0x354A, 0x354A, 0x354A, 0x354A, 0x354A, 0x354A, 0x2D4A, 0x2D4A, 0x2D4A, 0x2D4A,
    0x2D4A, 0x2D4A, 0x2D4B, 0x2D4B, 0x2D4B, 0x2D4B, 0x2D4B, 0x2D4B, 0x254B, 0x254B, 0x252B, 0x252B, 0x252B, 0x252B, 0x252B, 0x252B,
    0x252B, 0x252B, 0x252B, 0x1D2B, 0x1D2B, 0x1D0B, 0x1D0B, 0x1D0B, 0x1D0B, 0x1D0B, 0x1D0B, 0x1D0B, 0x1D0B, 0x14EB, 0x14EB, 0x14EB,
    0x14CB, 0x148A, 0x0C4A, 0x142A, 0x142A, 0x142A, 0x144A, 0x144A, 0x0C4A, 0x0C6A, 0x0C6A, 0x0C6B, 0x0C6B, 0x0C8B, 0x0C8B, 0x0C8B,
    0x0CAB, 0x0CAB, 0x0CAB, 0x0CAB, 0x0CCB, 0x0CCB, 0x0CCB, 0x0CCB, 0x0CCB, 0x0CCB, 0x0CCB, 0x0CCB, 0x0CCB, 0x0CCB, 0x0CCB, 0x0CCB,
    0x0CCB, 0x0CCB, 0x0CCB, 0x0CCB, 0x0CCB, 0x0CCB, 0x0CCB, 0x0CCB, 0x0CCB, 0x0CCB, 0x0CCB, 0x0CCB, 0x0CCB, 0x0CCB, 0x0CCB, 0x0CCB,
    0x0CCB, 0x0CCB, 0x0CCB, 0x0CCB, 0x0CCB, 0x0CCB, 0x0CCB, 0x0CCB, 0x0CCB, 0x0CCB, 0x0CCC, 0x04AB, 0x352E, 0xFFFF, 0x5DD2, 0x048A,
    0x14CC, 0x0CCB, 0x0CCB, 0x0CCB, 0x0CAB, 0x0CAB, 0x0CAB, 0x0CAB, 0x0CAB, 0x0CAB, 0x0CAB, 0x0CAB, 0x0CAB, 0x046A, 0x6571, 0x6571,
    0x046A, 0x0C8B, 0x0C8B, 0x0C8B, 0x354A, 0x354A, 0x354A, 0x354A, 0x354A, 0x354A, 0x354A, 0x354A, 0x2D4A, 0x2D4A, 0x2D4A, 0x2D4A,
    0x2D4A, 0x2D4A, 0x2D4B, 0x2D4B, 0x2D4B, 0x2D4B, 0x2D2B, 0x252B, 0x252B, 0x252B, 0x252B, 0x252B, 0x252B, 0x252B, 0x252B, 0x252B,
    0x252B, 0x252B, 0x252B, 0x1D2B, 0x1D0B, 0x1D0B, 0x1D0B, 0x1D0B, 0x1D0B, 0x1D0B, 0x1D0B, 0x1D0B, 0x1D0B, 0x14EB, 0x14EB, 0x14EB,
    0x14EB, 0x14CB, 0x14CB, 0x14AB, 0x148B, 0x0C8B, 0x0C8B, 0x0C8B, 0x0C8B, 0x0CAB, 0x0CAB, 0x0CAB, 0x0CAB, 0x0CAB, 0x0CCB, 0x0CCB,
    0x0CCB, 0x0CCB, 0x0CCB, 0x0CCB, 0x0CCB, 0x0CCB, 0x0CCB, 0x0CCB, 0x0CCB, 0x0CCB, 0x0CCB, 0x0CCB, 0x0CCB, 0x0CCB, 0x0CCB, 0x0CCB,
    0x0CCB, 0x0CCB, 0x0CCB, 0x0CCB, 0x0CCB, 0x0CCB, 0x0CCB, 0x0CCB, 0x0CCB, 0x0CCB, 0x0CCB, 0x0CCB, 0x0CCB, 0x0CCB, 0x0CCB, 0x0CCB,
    0x0CCB, 0x0CCB, 0x0CCB, 0x0CCB, 0x0CCB, 0x0CCB, 0x0CCB, 0x0CCB, 0x0CCB, 0x0CCB, 0x0CCB, 0x14CC, 0x048A, 0x8655, 0xEFBE, 0x14CC,
    0x0CAB, 0x0CCB, 0x0CCB, 0x0CCB, 0x0CAB, 0x0CAB, 0x0CAB, 0x0CAB, 0x0CAB, 0x0CAB, 0x0CAB, 0x0CAB, 0x0CAB, 0x0CAB, 0x0CAB, 0x046A,
    0x6551, 0x6551, 0x046A, 0x0C8B, 0x0C8B, 0x352A, 0x354A, 0x352A, 0x352A, 0x352A, 0x352A, 0x352A, 0x2D2A, 0x2D2A, 0x2D2A, 0x2D2A,
    0x2D4A, 0x2D2A, 0x2D2B, 0x2D2B, 0x2D2B, 0x2D2B, 0x2D2B, 0x252B, 0x252B, 0x252B, 0x252B, 0x252B, 0x252B, 0x252B, 0x252B, 0x252B,
    0x252B, 0x252B, 0x1D0B, 0x1D0B, 0x1D0B, 0x1D0B, 0x1D0B, 0x1D0B, 0x1D0B, 0x1D0B, 0x1D0B, 0x1D0B, 0x150B, 0x14EB, 0x14EB, 0x14EB,
    0x14EB, 0x14EB, 0x14EB, 0x14EB, 0x14EB, 0x14EB, 0x0CCB, 0x0CCB, 0x0CCB, 0x0CCB, 0x0CCB, 0x0CCB, 0x0CCB, 0x0CCB, 0x0CCB, 0x0CCB,
    0x0CCB, 0x0CCB, 0x0CCB, 0x0CCB, 0x0CCB, 0x0CCB, 0x0CCB, 0x0CCB, 0x0CCB, 0x0CCB, 0x0CCB, 0x0CCB, 0x0CCB, 0x0CCB, 0x0CCB, 0x0CCB,
    0x0CCB, 0x0CCB, 0x0CCB, 0x0CCB, 0x0CCB, 0x0CCB, 0x0CCB, 0x0CCB, 0x0CCB, 0x0CCB, 0x0CCB, 0x0CCB, 0x0CCB, 0x0CCB, 0x0CCB, 0x0CCB,
    0x0CCB, 0x0CCB, 0x0CCB, 0x0CCB, 0x0CCB, 0x0CCB, 0x0CCB, 0x0CCB, 0x0CCB, 0x0CCB, 0x0CCB, 0x0CCB, 0x0CCB, 0x04AB, 0xD75C, 0xAEB8,
    0x048A, 0x14CC, 0x0CCB, 0x0CAB, 0x0CAB, 0x0CAB, 0x0CAB, 0x0CAB, 0x0CAB, 0x0CAB, 0x0CAB, 0x0CAB, 0x0CAB, 0x0CAB, 0x0C8B, 0x0C8B,
    0x0CAB, 0x046A, 0x6551, 0x5D31, 0x046A, 0x0C8B, 0x352A, 0x352A, 0x352A, 0x352A, 0x2D2A, 0x2D2A, 0x2D2A, 0x2D2A, 0x2D2A, 0x2D2A,
    0x2D2A, 0x2D2A, 0x2D2A, 0x2D2A, 0x2D2B, 0x2D2B, 0x2D2B, 0x252B, 0x252B, 0x252B, 0x252B, 0x252B, 0x252B, 0x252B, 0x252B, 0x252B,
    0x252B, 0x252B, 0x1D0B, 0x1D0B, 0x1D0B, 0x1D0B, 0x1D0B, 0x1D0B, 0x1D0B, 0x1D0B, 0x1D0B, 0x1D0B, 0x150B, 0x14EB, 0x14EB, 0x14EB,
    0x14EB, 0x14EB, 0x14EB, 0x14EB, 0x14EB, 0x14EB, 0x0CCB, 0x0CCB, 0x0CCB, 0x0CCB, 0x0CCB, 0x0CCB, 0x0CCB, 0x0CCB, 0x0CCB, 0x0CCB,
    0x0CCB, 0x0CCB, 0x0CCB, 0x0CCB, 0x0CCB, 0x0CCB, 0x0CCB, 0x0CCB, 0x0CCB, 0x0CCB, 0x0CCB, 0x0CCB, 0x0CCB, 0x0CCB, 0x0CCB, 0x0CCB,
    0x0CCB, 0x0CCB, 0x0CCB, 0x0CCB, 0x0CCB, 0x0CCB, 0x0CCB, 0x0CCB, 0x0CCB, 0x0CCB, 0x0CCB, 0x0CCB, 0x0CCB, 0x0CCB, 0x0CCB, 0x0CCB,
    0x0CCB, 0x0CCB, 0x0CCB, 0x0CCB, 0x0CCB, 0x0CCB, 0x0CCB, 0x0CCB, 0x0CCB, 0x0CCB, 0x0CCB, 0x0CCB, 0x0CCB, 0x04AB, 0x2D0E, 0xFFBF,
    0x5DD2, 0x048A, 0x14CC, 0x0CAB, 0x0CAB, 0x0CAB, 0x0CAB, 0x0CAB, 0x0CAB, 0x0CAB, 0x0CAB, 0x0CAB, 0x0CAB, 0x0CAB, 0x0C8B, 0x0C8B,
    0x0C8B, 0x0C8B, 0x0C8B, 0x046A, 0x5D30, 0x5D10, 0x046A, 0x352A, 0x352A, 0x352A, 0x352A, 0x2D2A, 0x2D2A, 0x2D2A, 0x2D2A, 0x2D2A,
    0x2D2A, 0x2D2A, 0x2D2A, 0x2D2A, 0x2D2A, 0x2D2A, 0x2D2B, 0x252B, 0x252B, 0x252B, 0x252B, 0x252B, 0x252B, 0x252B, 0x252B, 0x252B,
    0x250B, 0x250B, 0x1D0B, 0x1D0B, 0x1D0B, 0x1D0B, 0x1D0B, 0x1D0B, 0x1D0B, 0x1D0B, 0x1D0B, 0x1D0B, 0x150B, 0x14EB, 0x14EB, 0x14EB,
    0x14EB, 0x14EB, 0x14EB, 0x14EB, 0x14EB, 0x14EB, 0x0CCB, 0x0CCB, 0x0CCB, 0x0CCB, 0x0CCB, 0x0CCB, 0x0CCB, 0x0CCB, 0x0CCB, 0x0CCB,
    0x0CCB, 0x0CCB, 0x0CCB, 0x0CCB, 0x0CCB, 0x0CCB, 0x0CCB, 0x0CCB, 0x0CCB, 0x0CCB, 0x0CCB, 0x0CCB, 0x0CCB, 0x0CCB, 0x0CCB, 0x0CCB,
    0x0CCB, 0x0CCB, 0x0CCB, 0x0CCB, 0x0CCB, 0x0CCB, 0x0CCB, 0x0CCB, 0x0CCB, 0x0CCB, 0x0CCB, 0x0CCB, 0x0CCB, 0x0CCB, 0x0CCB, 0x0CCB,
    0x0CCB, 0x0CCB, 0x0CCB, 0x0CCB, 0x0CCB, 0x0CCB, 0x0CCB, 0x0CCB, 0x0CCB, 0x0CCB, 0x0CCB, 0x0CCB, 0x0CCB, 0x14CC, 0x048A, 0x5DB2,
    0xFF9E, 0x250D, 0x04AB, 0x0CCB, 0x0CAB, 0x0CAB, 0x0CAB, 0x0CAB, 0x0CAB, 0x0CAB, 0x0CAB, 0x0CAB, 0x0CAB, 0x0CAB, 0x0C8B, 0x0C8B,
    0x0C8B, 0x0C8B, 0x0C8B, 0x0C8B, 0x0C8B, 0x046A, 0x5D10, 0x5D10, 0x352A, 0x352A, 0x352A, 0x2D2A, 0x2D2A, 0x2D2A, 0x2D2A, 0x2D2A,
    0x2D2A, 0x2D2A, 0x2D2A, 0x2D2A, 0x2D2A, 0x2D2A, 0x2D2A, 0x252A, 0x252B, 0x252B, 0x250B, 0x252B, 0x252B, 0x252B, 0x250B, 0x250B,
    0x250B, 0x250B, 0x1D0B, 0x1D0B, 0x1D0B, 0x1D0B, 0x1D0B, 0x1D0B, 0x1D0B, 0x1D0B, 0x1D0B, 0x1CEB, 0x14EB, 0x14EB, 0x14EB, 0x14EB,
    0x14EB, 0x14EB, 0x14EB, 0x14EB, 0x14EB, 0x14EB, 0x0CCB, 0x0CCB, 0x0CCB, 0x0CCB, 0x0CCB, 0x0CCB, 0x0CCB, 0x0CCB, 0x0CCB, 0x0CCB,
    0x0CCB, 0x0CCB, 0x0CCB, 0x0CCB, 0x0CCB, 0x0CCB, 0x0CCB, 0x0CCB, 0x0CCB, 0x0CCB, 0x0CCB, 0x0CCB, 0x0CCB, 0x0CCB, 0x0CCB, 0x0CCB,
    0x0CCB, 0x0CCB, 0x0CCB, 0x0CCB, 0x0CCB, 0x0CCB, 0x0CCB, 0x0CCB, 0x0CCB, 0x0CCB, 0x0CCB, 0x0CCB, 0x0CCB, 0x0CCB, 0x0CCB, 0x0CCB,
    0x0CCB, 0x0CCB, 0x0CCB, 0x0CCB, 0x0CCB, 0x0CCB, 0x0CCB, 0x0CCB, 0x0CCB, 0x0CCB, 0x0CCB, 0x0CCB, 0x0CCB, 0x0CCB, 0x14CC, 0x048A,
    0x9656, 0xDF3B, 0x0CAB, 0x0CAB, 0x0CAB, 0x0CAB, 0x0CAB, 0x0CAB, 0x0CAB, 0x0CAB, 0x0CAB, 0x0CAB, 0x0CAB, 0x0CAB, 0x0C8B, 0x0C8B,
    0x0C8B, 0x0C8B, 0x0C8B, 0x0C8B, 0x0C8B, 0x0C8B, 0x0C8B, 0x046A, 0x5CF0, 0x2D0A, 0x2D0A, 0x2D0A, 0x2D0A, 0x2D0A, 0x2D2A, 0x2D2A,
    0x2D2A, 0x2D0A, 0x2D2A, 0x2D2A, 0x2D2A, 0x2D0A, 0x250A, 0x252A, 0x250A, 0x252A, 0x250B, 0x250B, 0x250B, 0x250B, 0x250B, 0x250B,
    0x250B, 0x1D0B, 0x1D0B, 0x1D0B, 0x1D0B, 0x1D0B, 0x1D0B, 0x1D0B, 0x1D0B, 0x1D0B, 0x1D0B, 0x1CEB, 0x14EB, 0x14EB, 0x14EB, 0x14EB,
    0x14EB, 0x14EB, 0x14EB, 0x14EB, 0x14EB, 0x14EB, 0x0CCB, 0x0CCB, 0x0CCB, 0x0CCB, 0x0CCB, 0x0CCB, 0x0CCB, 0x0CCB, 0x0CCB, 0x0CCB,
    0x0CCB, 0x0CCB, 0x0CCB, 0x0CCB, 0x0CCB, 0x0CCB, 0x0CCB, 0x0CCB, 0x0CCB, 0x0CCB, 0x0CCB, 0x0CCB, 0x0CCB, 0x0CCB, 0x0CCB, 0x0CCB,
    0x0CCB, 0x0CCB, 0x0CCB, 0x0CCB, 0x0CCB, 0x0CCB, 0x0CCB, 0x0CCB, 0x0CCB, 0x0CCB, 0x0CCB, 0x0CCB, 0x0CCB, 0x0CCB, 0x0CCB, 0x0CCB,
    0x0CCB, 0x0CCB, 0x0CCB, 0x0CCB, 0x0CCB, 0x0CCB, 0x0CCB, 0x0CCB, 0x0CCB, 0x0CCB, 0x0CCB, 0x0CCB, 0x0CCB, 0x0CCB, 0x0CCB, 0x0CCC,
    0x048A, 0xBED9, 0xB6B8, 0x048A, 0x14AB, 0x0CAB, 0x0CAB, 0x0CAB, 0x0CAB, 0x0CAB, 0x0CAB, 0x0CAB, 0x0CAB, 0x0C8B, 0x0C8B, 0x0C8B,
    0x0C8B, 0x0C8B, 0x0C8B, 0x0C8B, 0x0C8B, 0x0C8B, 0x0C8B, 0x0C6B, 0x0C6B, 0x046A, 0x2D0A, 0x2D0A, 0x2D0A, 0x2D0A, 0x2D0A, 0x2D0A,
    0x2D0A, 0x2D0A, 0x2D0A, 0x2D0A, 0x2D0A, 0x2D0A, 0x250A, 0x250A, 0x250A, 0x250A, 0x250B, 0x250B, 0x250B, 0x250B, 0x250B, 0x250B,
    0x250B, 0x1D0B, 0x1D0B, 0x1D0B, 0x1D0B, 0x1D0B, 0x1D0B, 0x1D0B, 0x1D0B, 0x1CEB, 0x1D0B, 0x1CEB, 0x1CEB, 0x14EB, 0x14EB, 0x14EB,
    0x14EB, 0x14EB, 0x14EB, 0x14EB, 0x14EB, 0x14EB, 0x0CCB, 0x0CCB, 0x0CCB, 0x0CCB, 0x0CCB, 0x0CCB, 0x0CCB, 0x0CCB, 0x0CCB, 0x0CCB,
    0x0CCB, 0x0CCB, 0x0CCB, 0x0CCB, 0x0CCB, 0x0CCB, 0x0CCB, 0x0CCB, 0x0CCB, 0x0CCB, 0x0CCB, 0x0CCB, 0x0CCB, 0x0CCB, 0x0CCB, 0x0CCB,
    0x0CCB, 0x0CCB, 0x0CCB, 0x0CCB, 0x0CCB, 0x0CCB, 0x0CCB, 0x0CCB, 0x0CCB, 0x0CCB, 0x0CCB, 0x0CCB, 0x0CCB, 0x0CCB, 0x0CCB, 0x0CCB,
    0x0CCB, 0x0CCB, 0x0CCB, 0x0CCB, 0x0CCB, 0x0CCB, 0x0CCB, 0x0CCB, 0x0CCB, 0x0CCB, 0x0CCB, 0x0CCB, 0x0CCB, 0x0CCB, 0x0CCB, 0x0CCB,
    0x0CAB, 0x0CAB, 0xDF1B, 0x8E35, 0x046A, 0x14AB, 0x0CAB, 0x0CAB, 0x0CAB, 0x0CAB, 0x0CAB, 0x0CAB, 0x0CAB, 0x0CAB, 0x0C8B, 0x0C8B,
    0x0C8B, 0x0C8B, 0x0C8B, 0x0C8B, 0x0C8B, 0x0C8B, 0x0C8B, 0x0C6B, 0x0C6B, 0x0C6B, 0x0C6B, 0x2D0A, 0x2D0A, 0x2D0A, 0x2D0A, 0x2D0A,
    0x2D0A, 0x2D0A, 0x2D0A, 0x2D0A, 0x2D0A, 0x2D0A, 0x250A, 0x250A, 0x250A, 0x250A, 0x250A, 0x250A, 0x250B, 0x250B, 0x250B, 0x250B,
    0x250B, 0x1D0B, 0x1D0B, 0x1D0B, 0x1D0B, 0x1D0B, 0x1D0B, 0x1CEB, 0x1CEB, 0x1CEB, 0x1CEB, 0x1CEB, 0x14EB, 0x14EB, 0x14EB, 0x14EB,
    0x14EB, 0x14EB, 0x14EB, 0x14EB, 0x14CB, 0x14CB, 0x0CCB, 0x0CCB, 0x0CCB, 0x0CCB, 0x0CCB, 0x0CCB, 0x0CCB, 0x0CCB, 0x0CCB, 0x0CCB,
    0x0CCB, 0x0CCB, 0x0CCB, 0x0CCB, 0x0CCB, 0x0CCB, 0x0CCB, 0x0CCB, 0x0CCB, 0x0CCB, 0x0CCB, 0x0CCB, 0x0CCB, 0x0CCB, 0x0CCB, 0x0CCB,
    0x0CCB, 0x0CCB, 0x0CCB, 0x0CCB, 0x0CCB, 0x0CCB, 0x0CCB, 0x0CCB, 0x0CCB, 0x0CCB, 0x0CCB, 0x0CCB, 0x0CCB, 0x0CCB, 0x0CCB, 0x0CCB,
    0x0CCB, 0x0CCB, 0x0CCB, 0x0CCB, 0x0CCB, 0x0CCB, 0x0CCB, 0x0CCB, 0x0CCB, 0x0CCB, 0x0CCB, 0x0CCB, 0x0CCB, 0x0CCB, 0x0CCB, 0x0CCB,
    0x0CCB, 0x0CAB, 0x14CC, 0xE73C, 0x75D3, 0x048A, 0x14AB, 0x0CAB, 0x0CAB, 0x0CAB, 0x0CAB, 0x0CAB, 0x0CAB, 0x0C8B, 0x0C8B, 0x0C8B,
    0x0C8B, 0x0C8B, 0x0C8B, 0x0C8B, 0x0C8B, 0x0C8B, 0x0C8B, 0x0C6B, 0x0C6B, 0x0C6B, 0x0C6B, 0x0C6B, 0x454C, 0x24E9, 0x2D0A, 0x2CEA,
    0x2D0A, 0x2D0A, 0x2D0A, 0x2D0A, 0x250A, 0x250A, 0x250A, 0x250A, 0x250A, 0x250A, 0x250A, 0x250A, 0x250A, 0x250A, 0x24EA, 0x250B,
    0x250B, 0x1D0B, 0x1CEB, 0x1CEB, 0x1CEB, 0x1CEB, 0x1CEB, 0x1CEB, 0x1CEB, 0x1CEB, 0x1CEB, 0x1CEB, 0x14EB, 0x14EB, 0x14EB, 0x14EB,
    0x14EB, 0x14EB, 0x14EB, 0x14EB, 0x14CB, 0x14CB, 0x0CCB, 0x0CCB, 0x0CCB, 0x0CCB, 0x0CCB, 0x0CCB, 0x0CCB, 0x0CCB, 0x0CCB, 0x0CCB,
    0x0CCB, 0x0CCB, 0x0CCB, 0x0CCB, 0x0CCB, 0x0CCB, 0x0CCB, 0x0CCB, 0x0CCB, 0x0CCB, 0x0CCB, 0x0CCB, 0x0CCB, 0x0CCB, 0x0CCB, 0x0CCB,
    0x0CCB, 0x0CCB, 0x0CCB, 0x0CCB, 0x0CCB, 0x0CCB, 0x0CCB, 0x0CCB, 0x0CCB, 0x0CCB, 0x0CCB, 0x0CCB, 0x0CCB, 0x0CCB, 0x0CCB, 0x0CCB,
    0x0CCB, 0x0CCB, 0x0CCB, 0x0CCB, 0x0CCB, 0x0CCB, 0x0CCB, 0x0CCB, 0x0CCB, 0x0CCB, 0x0CCB, 0x0CCB, 0x0CCB, 0x0CCB, 0x0CCB, 0x0CAB,
    0x0CAB, 0x0CCB, 0x04AB, 0x250D, 0xEF3D, 0x5570, 0x0469, 0x0CAB, 0x048B, 0x048B, 0x048B, 0x048B, 0x048A, 0x048B, 0x048B, 0x048B,
    0x048A, 0x048A, 0x048A, 0x048A, 0x046A, 0x046A, 0x046A, 0x046A, 0x046A, 0x046A, 0x046A, 0x046A, 0x046A, 0x9E54, 0x1CA8, 0x1CC9,
    0x2CEA, 0x2CEA, 0x2CEA, 0x2CEA, 0x24EA, 0x24EA, 0x24EA, 0x24EA, 0x250A, 0x250A, 0x24EA, 0x24EA, 0x24EA, 0x24EA, 0x24EA, 0x24EA,
    0x1CEA, 0x1CEB, 0x1CEB, 0x1CEB, 0x1CEB, 0x1CEB, 0x1CEB, 0x1CEB, 0x1CEB, 0x1CEB, 0x1CEB, 0x1CEB, 0x14EB, 0x14EB, 0x14EB, 0x14EB,
    0x14EB, 0x14CB, 0x14CB, 0x14CB, 0x14CB, 0x14CB, 0x0CCB, 0x0CCB, 0x0CCB, 0x0CCB, 0x0CCB, 0x0CCB, 0x0CCB, 0x0CCB, 0x0CCB, 0x0CCB,
    0x0CCB, 0x0CCB, 0x0CCB, 0x0CCB, 0x0CCB, 0x0CCB, 0x0CCB, 0x0CCB, 0x0CCB, 0x0CCB, 0x0CCB, 0x0CCB, 0x0CCB, 0x0CCB, 0x0CCB, 0x0CCB,
    0x0CCB, 0x0CCB, 0x0CCB, 0x0CCB, 0x0CCB, 0x0CCB, 0x0CCB, 0x0CCB, 0x0CCB, 0x0CCB, 0x0CCB, 0x0CCB, 0x0CCB, 0x0CCB, 0x0CCB, 0x0CCB,
    0x0CCB, 0x0CCB, 0x0CCB, 0x0CCB, 0x0CCB, 0x0CCB, 0x0CCB, 0x0CCB, 0x0CCB, 0x0CCB, 0x0CCB, 0x0CCB, 0x0CCB, 0x0CCB, 0x0CAB, 0x0CAB,
    0x0CAB, 0x0CAB, 0x0CAB, 0x048B, 0x2D0E, 0xEF1C, 0x5D91, 0x24CC, 0x2CED, 0x2CED, 0x2CED, 0x24CD, 0x24CD, 0x24CD, 0x24CD, 0x24CD,
    0x24CD, 0x24CC, 0x24AC, 0x24AC, 0x24AC, 0x24AC, 0x24AC, 0x248C, 0x248C, 0x248C, 0x248C, 0x248C, 0x248C, 0x246C, 0xE73C, 0xC6D9,
    0x6DD0, 0x2CEA, 0x2CEA, 0x2CEA, 0x24EA, 0x24EA, 0x24EA, 0x24EA, 0x24EA, 0x24EA, 0x24EA, 0x24EA, 0x24EA, 0x24EA, 0x24EA, 0x24EA,
    0x24EA, 0x1CEB, 0x1CEB, 0x1CEB, 0x1CEB, 0x1CEB, 0x1CEB, 0x1CEB, 0x1CEB, 0x1CEB, 0x1CEB, 0x14EB, 0x14EB, 0x14EB, 0x14EB, 0x14CB,
    0x14EB, 0x14CB, 0x14CB, 0x14CB, 0x14CB, 0x14CB, 0x0CCB, 0x0CCB, 0x0CCB, 0x0CCB, 0x0CCB, 0x0CCB, 0x0CCB, 0x0CCB, 0x0CCB, 0x0CCB,
    0x0CCB, 0x0CCB, 0x0CCB, 0x0CCB, 0x0CCB, 0x0CCB, 0x0CCB, 0x0CCB, 0x0CCB, 0x0CCB, 0x0CCB, 0x0CCB, 0x0CCB, 0x0CCB, 0x0CCB, 0x0CCB,
    0x0CCB, 0x0CCB, 0x0CCB, 0x0CCB, 0x0CCB, 0x0CCB, 0x0CCB, 0x0CCB, 0x0CCB, 0x0CCB, 0x0CCB, 0x0CCB, 0x0CCB, 0x0CCB, 0x0CCB, 0x0CCB,
    0x0CCB, 0x0CCB, 0x0CCB, 0x0CCB, 0x0CCB, 0x0CCB, 0x0CCB, 0x0CCB, 0x0CCB, 0x0CCB, 0x0CCB, 0x0CCB, 0x0CCB, 0x0CAB, 0x0CAB, 0x0CAB,
    0x0CAB, 0x0CAB, 0x0CAB, 0x0CAB, 0x04AB, 0x2D0D, 0xDEFB, 0x9E16, 0x7DB3, 0x7DB3, 0x7DB3, 0x7DB3, 0x7D93, 0x7593, 0x7592, 0x7572,
    0x7572, 0x7572, 0x7552, 0x6D52, 0x6D31, 0x6D31, 0x6D31, 0x6D11, 0x6D11, 0x64F1, 0x64F0, 0x64F0, 0x64D0, 0x64D0, 0x5CB0, 0xE73C,
    0xC6D9, 0x75D1, 0x2CEA, 0x24EA, 0x24EA, 0x24EA, 0x24EA, 0x24EA, 0x24EA, 0x24EA, 0x24EA, 0x24EA, 0x24EA, 0x24EA, 0x24EA, 0x24EA,
    0x1CEA, 0x1CEA, 0x1CEB, 0x1CEB, 0x1CEB, 0x1CEB, 0x1CEB, 0x1CEB, 0x1CEB, 0x1CEB, 0x1CEB, 0x14EB, 0x14EB, 0x14CB, 0x14CB, 0x14CB,
    0x14CB, 0x14CB, 0x14CB, 0x14CB, 0x14CB, 0x14CB, 0x0CCB, 0x0CCB, 0x0CCB, 0x0CCB, 0x0CCB, 0x0CCB, 0x0CCB, 0x0CCB, 0x0CCB, 0x0CCB,
    0x0CCB, 0x0CCB, 0x0CCB, 0x0CCB, 0x0CCB, 0x0CCB, 0x0CCB, 0x0CCB, 0x0CCB, 0x0CCB, 0x0CCB, 0x0CCB, 0x0CCB, 0x0CCB, 0x0CCB, 0x0CCB,
    0x0CCB, 0x0CCB, 0x0CCB, 0x0CCB, 0x0CCB, 0x0CCB, 0x0CCB, 0x0CCB, 0x0CCB, 0x0CCB, 0x0CCB, 0x0CCB, 0x0CCB, 0x0CCB, 0x0CCB, 0x0CCB,
    0x0CCB, 0x0CCB, 0x0CCB, 0x0CCB, 0x0CCB, 0x0CCB, 0x0CCB, 0x0CCB, 0x0CCB, 0x0CCB, 0x0CCB, 0x0CCB, 0x0CAB, 0x0CAB, 0x0CAB, 0x0CAB,
    0x0CAB, 0x0CAB, 0x0CAB, 0x0CAB, 0x0CAB, 0x048B, 0x2D0D, 0xE6FC, 0x3D2F, 0x0469, 0x048A, 0x048A, 0x048A, 0x048A, 0x048A, 0x046A,
    0x048A, 0x046A, 0x046A, 0x046A, 0x046A, 0x046A, 0x046A, 0x046A, 0x046A, 0x046A, 0x046A, 0x044A, 0x044A, 0x044A, 0x044A, 0x044A,
    0x9E35, 0x14A8, 0x1CA8, 0x24CA, 0x24EA, 0x24EA, 0x24EA, 0x24EA, 0x24EA, 0x24EA, 0x24EA, 0x24EA, 0x24EA, 0x24EA, 0x24EA, 0x24EA,
    0x1CEA, 0x1CEA, 0x1CEA, 0x1CEB, 0x1CEB, 0x1CEB, 0x1CEB, 0x1CEB, 0x1CEB, 0x1CCB, 0x1CCB, 0x14CB, 0x14CB, 0x14CB, 0x14CB, 0x14CB,
    0x14CB, 0x14CB, 0x14CB, 0x14CB, 0x14CB, 0x14CB, 0x0CCB, 0x0CCB, 0x0CCB, 0x0CCB, 0x0CCB, 0x0CCB, 0x0CCB, 0x0CCB, 0x0CCB, 0x0CCB,
    0x0CCB, 0x0CCB, 0x0CCB, 0x0CCB, 0x0CCB, 0x0CCB, 0x0CCB, 0x0CCB, 0x0CCB, 0x0CCB, 0x0CCB, 0x0CCB, 0x0CCB, 0x0CCB, 0x0CCB, 0x0CCB,
    0x0CCB, 0x0CCB, 0x0CCB, 0x0CCB, 0x0CCB, 0x0CCB, 0x0CCB, 0x0CCB, 0x0CCB, 0x0CCB, 0x0CCB, 0x0CCB, 0x0CCB, 0x0CCB, 0x0CCB, 0x0CCB,
    0x0CCB, 0x0CCB, 0x0CCB, 0x0CCB, 0x0CCB, 0x0CCB, 0x0CCB, 0x0CCB, 0x0CCB, 0x0CCB, 0x0CAB, 0x0CAB, 0x0CAB, 0x0CAB, 0x0CAB, 0x0CAB,
    0x0CAB, 0x0CAB, 0x0CAB, 0x0CAB, 0x0CAB, 0x0CAB, 0x048B, 0x24ED, 0xDEDB, 0x5D71, 0x048A, 0x14AB, 0x0CAB, 0x0C8B, 0x0C8B, 0x0C8B,
    0x0C8B, 0x0C8B, 0x0C8B, 0x0C8B, 0x0C8B, 0x0C8B, 0x0C6B, 0x0C6B, 0x0C6B, 0x0C6B, 0x0C6B, 0x0C6B, 0x0C6B, 0x0C6A, 0x0C6A, 0x0C4A,
    0x0C4A, 0x452D, 0x24A9, 0x2CEA, 0x24CA, 0x24CA, 0x24CA, 0x24CA, 0x24CA, 0x24CA, 0x24CA, 0x24CA, 0x24CA, 0x24CA, 0x24CA, 0x24EA,
    0x1CCA, 0x1CCA, 0x1CCA, 0x1CEA, 0x1CEA, 0x1CCB, 0x1CCB, 0x1CCB, 0x1CCB, 0x1CCB, 0x1CCB, 0x14CB, 0x14CB, 0x14CB, 0x14CB, 0x14CB,
    0x14CB, 0x14CB, 0x14CB, 0x14CB, 0x14CB, 0x14AB, 0x0CAB, 0x0CAB, 0x0CAB, 0x0CAB, 0x0CAB, 0x0CCB, 0x0CCB, 0x0CCB, 0x0CCB, 0x0CCB,
    0x0CCB, 0x0CCB, 0x0CCB, 0x0CCB, 0x0CCB, 0x0CCB, 0x0CCB, 0x0CCB, 0x0CCB, 0x0CCB, 0x0CCB, 0x0CCB, 0x0CCB, 0x0CCB, 0x0CCB, 0x0CCB,
    0x0CCB, 0x0CCB, 0x0CCB, 0x0CCB, 0x0CCB, 0x0CCB, 0x0CCB, 0x0CCB, 0x0CCB, 0x0CCB, 0x0CCB, 0x0CCB, 0x0CCB, 0x0CCB, 0x0CCB, 0x0CCB,
    0x0CCB, 0x0CCB, 0x0CCB, 0x0CCB, 0x0CCB, 0x0CCB, 0x0CCB, 0x0CCB, 0x0CAB, 0x0CAB, 0x0CAB, 0x0CAB, 0x0CAB, 0x0CAB, 0x0CAB, 0x0CAB,
    0x0CAB, 0x0CAB, 0x0CAB, 0x0CAB, 0x0CAB, 0x0CAB, 0x0CAB, 0x0CAB, 0x14AB, 0xD6BA, 0x6D92, 0x046A, 0x0CAB, 0x0C8B, 0x0C8B, 0x0C8B,
    0x0C8B, 0x0C8B, 0x0C8B, 0x0C8B, 0x0C8B, 0x0C8B, 0x0C6B, 0x0C6B, 0x0C6B, 0x0C6B, 0x0C6A, 0x0C6A, 0x0C6A, 0x0C6A, 0x0C4A, 0x0C4A,
    0x0C4A, 0x0C4A, 0x2CCA, 0x24CA, 0x24CA, 0x24CA, 0x24CA, 0x24CA, 0x24CA, 0x24CA, 0x24CA, 0x24CA, 0x24CA, 0x24CA, 0x24CA, 0x24CA,
    0x1CCA, 0x1CCA, 0x1CCA, 0x1CCA, 0x1CCA, 0x1CCA, 0x1CCA, 0x1CCA, 0x1CCA, 0x1CCB, 0x14CB, 0x14CB, 0x14CB, 0x14CB, 0x14CB, 0x14CB,
    0x14CB, 0x14CB, 0x14CB, 0x14CB, 0x14CB, 0x0CAB, 0x0CAB, 0x0CAB, 0x0CAB, 0x0CAB, 0x0CAB, 0x0CAB, 0x0CAB, 0x0CAB, 0x0CAB, 0x0CCB,
    0x0CCB, 0x0CCB, 0x0CCB, 0x0CCB, 0x0CCB, 0x0CCB, 0x0CCB, 0x0CCB, 0x0CCB, 0x0CCB, 0x0CCB, 0x0CCB, 0x0CCB, 0x0CCB, 0x0CCB, 0x0CCB,
    0x0CCB, 0x0CCB, 0x0CCB, 0x0CCB, 0x0CCB, 0x0CCB, 0x0CCB, 0x0CCB, 0x0CCB, 0x0CCB, 0x0CCB, 0x0CCB, 0x0CCB, 0x0CCB, 0x0CCB, 0x0CCB,
    0x0CCB, 0x0CCB, 0x0CCB, 0x0CCB, 0x0CCB, 0x0CCB, 0x0CAB, 0x0CAB, 0x0CAB, 0x0CAB, 0x0CAB, 0x0CAB, 0x0CAB, 0x0CAB, 0x0CAB, 0x0CAB,
    0x0CAB, 0x0CAB, 0x0CAB, 0x0CAB, 0x0CAB, 0x0CAB, 0x0CAB, 0x0CAB, 0x0C8B, 0x0C8B, 0xBE58, 0x85D4, 0x046A, 0x0C8B, 0x0C8B, 0x0C8B,
    0x0C8B, 0x0C8B, 0x0C8B, 0x0C8B, 0x0C8B, 0x0C6B, 0x0C6B, 0x0C6B, 0x0C6B, 0x0C6A, 0x0C6A, 0x0C6A, 0x0C6A, 0x0C6A, 0x0C4A, 0x0C4A,
    0x0C4A, 0x0C4A, 0x0C4A, 0x24A9, 0x24CA, 0x24AA, 0x24CA, 0x24CA, 0x24CA, 0x24CA, 0x24CA, 0x24CA, 0x24CA, 0x24CA, 0x1CCA, 0x1CCA,
    0x1CCA, 0x1CCA, 0x1CCA, 0x1CCA, 0x1CCA, 0x1CCA, 0x1CCA, 0x1CCA, 0x1CCA, 0x1CCA, 0x14CB, 0x14CB, 0x14CB, 0x14CB, 0x14CB, 0x14AB,
    0x14CB, 0x14AB, 0x14AB, 0x14AB, 0x14AB, 0x0CAB, 0x0CAB, 0x0CAB, 0x0CAB, 0x0CAB, 0x0CAB, 0x0CAB, 0x0CAB, 0x0CAB, 0x0CAB, 0x0CAB,
    0x0CAB, 0x0CAB, 0x0CAB, 0x0CAB, 0x0CCB, 0x0CCB, 0x0CCB, 0x0CCB, 0x0CCB, 0x0CCB, 0x0CCB, 0x0CCB, 0x0CCB, 0x0CCB, 0x0CCB, 0x0CCB,
    0x0CCB, 0x0CCB, 0x0CCB, 0x0CCB, 0x0CCB, 0x0CCB, 0x0CCB, 0x0CCB, 0x0CCB, 0x0CCB, 0x0CCB, 0x0CCB, 0x0CCB, 0x0CCB, 0x0CCB, 0x0CCB,
    0x0CCB, 0x0CCB, 0x0CCB, 0x0CAB, 0x0CAB, 0x0CAB, 0x0CAB, 0x0CAB, 0x0CAB, 0x0CAB, 0x0CAB, 0x0CAB, 0x0CAB, 0x0CAB, 0x0CAB, 0x0CAB,
    0x0CAB, 0x0CAB, 0x0CAB, 0x0CAB, 0x0CAB, 0x0CAB, 0x0CAB, 0x0C8B, 0x0C8B, 0x0CAB, 0x046A, 0xA616, 0xA616, 0x046A, 0x0C8B, 0x0C8B,
    0x0C8B, 0x0C8B, 0x0C8B, 0x0C8B, 0x0C6B, 0x0C6B, 0x0C6B, 0x0C6B, 0x0C6A, 0x0C6A, 0x0C6A, 0x0C6A, 0x0C6A, 0x0C6A, 0x0C4A, 0x0C4A,
    0x0C4A, 0x0C4A, 0x0C4A, 0x044A, 0x24A9, 0x24A9, 0x24AA, 0x24AA, 0x24AA, 0x24AA, 0x24CA, 0x24AA, 0x24AA, 0x24CA, 0x1CCA, 0x1CCA,
    0x1CAA, 0x1CCA, 0x1CCA, 0x1CCA, 0x1CAA, 0x1CAA, 0x1CAA, 0x1CCA, 0x1CCA, 0x1CCB, 0x14AB, 0x14AB, 0x14AB, 0x14AB, 0x14AB, 0x14AB,
    0x14AB, 0x14AB, 0x14AB, 0x14AB, 0x14AB, 0x0CAB, 0x0CAB, 0x0CAB, 0x0CAB, 0x0CAB, 0x0CAB, 0x0CAB, 0x0CAB, 0x0CAB, 0x0CAB, 0x0CAB,
    0x0CAB, 0x0CAB, 0x0CAB, 0x0CAB, 0x0CAB, 0x0CAB, 0x0CAB, 0x0CAB, 0x0CAB, 0x0CAB, 0x0CAB, 0x0CAB, 0x0CAB, 0x0CAB, 0x0CAB, 0x0CCB,
    0x0CCB, 0x0CCB, 0x0CCB, 0x0CCB, 0x0CCB, 0x0CCB, 0x0CCB, 0x0CCB, 0x0CCB, 0x0CCB, 0x0CAB, 0x0CAB, 0x0CAB, 0x0CAB, 0x0CAB, 0x0CAB,
    0x0CAB, 0x0CAB, 0x0CAB, 0x0CAB, 0x0CAB, 0x0CAB, 0x0CAB, 0x0CAB, 0x0CAB, 0x0CAB, 0x0CAB, 0x0CAB, 0x0CAB, 0x0CAB, 0x0CAB, 0x0CAB,
    0x0CAB, 0x0CAB, 0x0CAB, 0x0CAB, 0x0CAB, 0x0CAB, 0x0C8B, 0x0C8B, 0x0C8B, 0x0C8B, 0x0C8B, 0x046A, 0x7593, 0xBE38, 0x0C8B, 0x0C8B,
    0x0C8B, 0x0C8B, 0x0C8B, 0x0C8B, 0x0C6B, 0x0C6B, 0x0C6B, 0x0C6B, 0x0C6A, 0x0C6A, 0x0C6A, 0x0C6A, 0x0C6A, 0x0C4A, 0x0C4A, 0x0C4A,
    0x0C4A, 0x0C4A, 0x0C4A, 0x044A, 0x5C6E, 0x24A9, 0x24A9, 0x24A9, 0x24AA, 0x24AA, 0x24AA, 0x24AA, 0x24AA, 0x24AA, 0x1CAA, 0x1CAA,
    0x1CAA, 0x1CAA, 0x1CAA, 0x1CAA, 0x1CAA, 0x1CAA, 0x1CAA, 0x1CAA, 0x1CAA, 0x14AA, 0x14AA, 0x14AB, 0x14AB, 0x14AB, 0x14AB, 0x14AB,
    0x14AB, 0x14AB, 0x14AB, 0x14AB, 0x14AB, 0x0CAB, 0x0CAB, 0x0CAB, 0x0CAB, 0x0CAB, 0x0CAB, 0x0CAB, 0x0CAB, 0x0CAB, 0x0CAB, 0x0CAB,
    0x0CAB, 0x0CAB, 0x0CAB, 0x0CAB, 0x0CAB, 0x0CAB, 0x0CAB, 0x0CAB, 0x0CAB, 0x0CAB, 0x0CAB, 0x0CAB, 0x0CAB, 0x0CAB, 0x0CAB, 0x0CAB,
    0x0CAB, 0x0CAB, 0x0CAB, 0x0CAB, 0x0CAB, 0x0CAB, 0x0CAB, 0x0CAB, 0x0CAB, 0x0CAB, 0x0CAB, 0x0CAB, 0x0CAB, 0x0CAB, 0x0CAB, 0x0CAB,
    0x0CAB, 0x0CAB, 0x0CAB, 0x0CAB, 0x0CAB, 0x0CAB, 0x0CAB, 0x0CAB, 0x0CAB, 0x0CAB, 0x0CAB, 0x0CAB, 0x0CAB, 0x0CAB, 0x0CAB, 0x0CAB,
    0x0CAB, 0x0CAB, 0x0CAB, 0x0CAB, 0x0CAB, 0x0C8B, 0x0C8B, 0x0C8B, 0x0C8B, 0x0C8B, 0x0C8B, 0x0C8B, 0x046A, 0x450F, 0xD659, 0x2CCD,
    0x046A, 0x0C8B, 0x0C8B, 0x0C6B, 0x0C6B, 0x0C6B, 0x0C6B, 0x0C6B, 0x0C6A, 0x0C6A, 0x0C6A, 0x0C6A, 0x0C6A, 0x0C4A, 0x0C4A, 0x0C4A,
    0x0C4A, 0x0C4A, 0x0C4A, 0x042A, 0x5C6E, 0x344C, 0x24A9, 0x24A9, 0x24A9, 0x24A9, 0x24AA, 0x24AA, 0x24AA, 0x1CAA, 0x1CAA, 0x1CAA,
    0x1CAA, 0x1CAA, 0x1CAA, 0x1CAA, 0x1CAA, 0x1CAA, 0x1CAA, 0x1CAA, 0x1CAA, 0x1CAA, 0x14AA, 0x14AA, 0x14AA, 0x14AA, 0x14AB, 0x14AB,
    0x14AB, 0x14AB, 0x14AB, 0x14AB, 0x0CAB, 0x0CAB, 0x0CAB, 0x0CAB, 0x0C8B, 0x0C8B, 0x0CAB, 0x0CAB, 0x0CAB, 0x0CAB, 0x0CAB, 0x0CAB,
    0x0CAB, 0x0CAB, 0x0CAB, 0x0CAB, 0x0CAB, 0x0CAB, 0x0CAB, 0x0CAB, 0x0CAB, 0x0CAB, 0x0CAB, 0x0CAB, 0x0CAB, 0x0CAB, 0x0CAB, 0x0CAB,
    0x0CAB, 0x0CAB, 0x0CAB, 0x0CAB, 0x0CAB, 0x0CAB, 0x0CAB, 0x0CAB, 0x0CAB, 0x0CAB, 0x0CAB, 0x0CAB, 0x0CAB, 0x0CAB, 0x0CAB, 0x0CAB,
    0x0CAB, 0x0CAB, 0x0CAB, 0x0CAB, 0x0CAB, 0x0CAB, 0x0CAB, 0x0CAB, 0x0CAB, 0x0CAB, 0x0CAB, 0x0CAB, 0x0CAB, 0x0CAB, 0x0CAB, 0x0CAB,
    0x0CAB, 0x0CAB, 0x0CAB, 0x0CAB, 0x0C8B, 0x0C8B, 0x0C8B, 0x0C8B, 0x0C8B, 0x0C8B, 0x0C8B, 0x0C8B, 0x0C8B, 0x0C8A, 0x1CAC, 0xCE38,
    0x5D30, 0x046A, 0x0C8B, 0x0C6B, 0x0C6B, 0x0C6B, 0x0C6B, 0x0C6A, 0x0C6A, 0x0C6A, 0x0C6A, 0x0C6A, 0x0C6A, 0x0C4A, 0x0C4A, 0x0C4A,
    0x0C4A, 0x0C4A, 0x0C4A, 0x042A, 0x5C6E, 0x344C, 0x0429, 0x2489, 0x2489, 0x2489, 0x24AA, 0x24AA, 0x248A, 0x1CAA, 0x1CAA, 0x1CAA,
    0x1CAA, 0x1CAA, 0x1CAA, 0x1CAA, 0x1CAA, 0x1CAA, 0x1CAA, 0x1CAA, 0x1CAA, 0x1CAA, 0x14AA, 0x14AA, 0x14AA, 0x14AA, 0x14AA, 0x14AA,
    0x14AA, 0x14AB, 0x14AB, 0x148B, 0x0C8B, 0x0C8B, 0x0C8B, 0x0C8B, 0x0C8B, 0x0C8B, 0x0C8B, 0x0C8B, 0x0C8B, 0x0CAB, 0x0CAB, 0x0CAB,
    0x0CAB, 0x0CAB, 0x0CAB, 0x0CAB, 0x0CAB, 0x0CAB, 0x0CAB, 0x0CAB, 0x0CAB, 0x0CAB, 0x0CAB, 0x0CAB, 0x0CAB, 0x0CAB, 0x0CAB, 0x0CAB,
    0x0CAB, 0x0CAB, 0x0CAB, 0x0CAB, 0x0CAB, 0x0CAB, 0x0CAB, 0x0CAB, 0x0CAB, 0x0CAB, 0x0CAB, 0x0CAB, 0x0CAB, 0x0CAB, 0x0CAB, 0x0CAB,
    0x0CAB, 0x0CAB, 0x0CAB, 0x0CAB, 0x0CAB, 0x0CAB, 0x0CAB, 0x0CAB, 0x0CAB, 0x0CAB, 0x0CAB, 0x0CAB, 0x0CAB, 0x0CAB, 0x0CAB, 0x0CAB,
    0x0CAB, 0x0CAB, 0x0C8B, 0x0C8B, 0x0C8B, 0x0C8B, 0x0C8B, 0x0C8B, 0x0C8B, 0x0C8B, 0x0C8B, 0x0C8B, 0x0C8B, 0x0C8B, 0x0C8B, 0x046A,
    0x9DB5, 0x9594, 0x046A, 0x0C8B, 0x0C6B, 0x0C6B, 0x0C6B, 0x0C6A, 0x0C6A, 0x0C6A, 0x0C6A, 0x0C6A, 0x0C6A, 0x0C4A, 0x0C4A, 0x0C4A,
    0x0C4A, 0x0C4A, 0x0C4A, 0x042A, 0x5C4E, 0x344C, 0x0429, 0x0C2A, 0x2489, 0x2489, 0x2489, 0x1C89, 0x1C8A, 0x1C8A, 0x1C8A, 0x1C8A,
    0x1C8A, 0x1CAA, 0x1C8A, 0x1C8A, 0x1C8A, 0x1CAA, 0x1C8A, 0x1C8A, 0x1C8A, 0x148A, 0x14AA, 0x148A, 0x148A, 0x148A, 0x148A, 0x148A,
    0x148A, 0x148A, 0x148B, 0x148B, 0x0C8B, 0x0C8B, 0x0C8B, 0x0C8B, 0x0C8B, 0x0C8B, 0x0C8B, 0x0C8B, 0x0C8B, 0x0C8B, 0x0C8B, 0x0C8B,
    0x0C8B, 0x0C8B, 0x0CAB, 0x0CAB, 0x0CAB, 0x0CAB, 0x0CAB, 0x0CAB, 0x0CAB, 0x0CAB, 0x0CAB, 0x0CAB, 0x0CAB, 0x0CAB, 0x0CAB, 0x0CAB,
    0x0CAB, 0x0CAB, 0x0CAB, 0x0CAB, 0x0CAB, 0x0CAB, 0x0CAB, 0x0CAB, 0x0CAB, 0x0CAB, 0x0CAB, 0x0CAB, 0x0CAB, 0x0CAB, 0x0CAB, 0x0CAB,
    0x0CAB, 0x0CAB, 0x0CAB, 0x0CAB, 0x0CAB, 0x0CAB, 0x0CAB, 0x0CAB, 0x0CAB, 0x0CAB, 0x0CAB, 0x0CAB, 0x0CAB, 0x0CAB, 0x0CAB, 0x0C8B,
    0x0C8B, 0x0C8B, 0x0C8B, 0x0C8B, 0x0C8B, 0x0C8B, 0x0C8B, 0x0C8B, 0x0C8B, 0x0C8B, 0x0C8B, 0x0C8B, 0x0C8B, 0x0C8B, 0x0C8B, 0x0C8B,
    0x046A, 0x5D10, 0xC5F7, 0x1C8B, 0x0C6A, 0x0C6B, 0x0C6A, 0x0C6A, 0x0C6A, 0x0C6A, 0x0C6A, 0x0C6A, 0x0C4A, 0x0C4A, 0x0C4A, 0x0C4A,
    0x0C4A, 0x0C4A, 0x0C2A, 0x0C4A, 0x5C4E, 0x344C, 0x0429, 0x0C2A, 0x0C2A, 0x2489, 0x2489, 0x2489, 0x1C89, 0x1C8A, 0x1C8A, 0x1C8A,
    0x1C8A, 0x1C8A, 0x1C8A, 0x1C8A, 0x1C8A, 0x1C8A, 0x1C8A, 0x1C8A, 0x1C8A, 0x148A, 0x148A, 0x148A, 0x148A, 0x148A, 0x148A, 0x148A,
    0x148A, 0x148A, 0x148A, 0x148B, 0x0C8B, 0x0C8B, 0x0C8B, 0x0C8B, 0x0C8B, 0x0C8B, 0x0C8B, 0x0C8B, 0x0C8B, 0x0C8B, 0x0C8B, 0x0C8B,
    0x0C8B, 0x0C8B, 0x0C8B, 0x0C8B, 0x0C8B, 0x0C8B, 0x0C8B, 0x0C8B, 0x0CAB, 0x0CAB, 0x0CAB, 0x0CAB, 0x0CAB, 0x0CAB, 0x0CAB, 0x0CAB,
    0x0CAB, 0x0CAB, 0x0CAB, 0x0CAB, 0x0CAB, 0x0CAB, 0x0CAB, 0x0CAB, 0x0CAB, 0x0CAB, 0x0CAB, 0x0CAB, 0x0CAB, 0x0CAB, 0x0CAB, 0x0CAB,
    0x0CAB, 0x0CAB, 0x0CAB, 0x0CAB, 0x0CAB, 0x0CAB, 0x0CAB, 0x0CAB, 0x0CAB, 0x0CAB, 0x0CAB, 0x0C8B, 0x0C8B, 0x0C8B, 0x0C8B, 0x0C8B,
    0x0C8B, 0x0C8B, 0x0C8B, 0x0C8B, 0x0C8B, 0x0C8B, 0x0C8B, 0x0C8B, 0x0C8B, 0x0C8B, 0x0C8B, 0x0C8B, 0x0C8B, 0x0C8B, 0x0C8B, 0x0C8B,
    0x0C6B, 0x0C6A, 0x1C8C, 0xBDD7, 0x5D10, 0x044A, 0x0C6B, 0x0C6A, 0x0C6A, 0x0C6A, 0x0C6A, 0x0C6A, 0x0C4A, 0x0C4A, 0x0C4A, 0x0C4A,
    0x0C4A, 0x0C4A, 0x042A, 0x0C2A, 0x5C4E, 0x2C4C, 0x0429, 0x0C2A, 0x0C2A, 0x0C2A, 0x2469, 0x2469, 0x1C69, 0x1C89, 0x1C89, 0x1C89,
    0x1C89, 0x1C8A, 0x1C8A, 0x1C8A, 0x1C8A, 0x1C8A, 0x1C8A, 0x1C8A, 0x148A, 0x148A, 0x148A, 0x148A, 0x148A, 0x148A, 0x148A, 0x148A,
    0x148A, 0x148A, 0x148A, 0x148A, 0x0C8A, 0x0C8A, 0x0C8B, 0x0C8B, 0x0C8B, 0x0C8B, 0x0C8B, 0x0C8B, 0x0C8B, 0x0C8B, 0x0C8B, 0x0C8B,
    0x0C8B, 0x0C8B, 0x0C8B, 0x0C8B, 0x0C8B, 0x0C8B, 0x0C8B, 0x0C8B, 0x0C8B, 0x0C8B, 0x0C8B, 0x0C8B, 0x0C8B, 0x0C8B, 0x0CAB, 0x0CAB,
    0x0CAB, 0x0CAB, 0x0CAB, 0x0CAB, 0x0CAB, 0x0CAB, 0x0CAB, 0x0CAB, 0x0CAB, 0x0CAB, 0x0CAB, 0x0CAB, 0x0CAB, 0x0CAB, 0x0CAB, 0x0CAB,
    0x0CAB, 0x0CAB, 0x0CAB, 0x0CAB, 0x0CAB, 0x0CAB, 0x0CAB, 0x0C8B, 0x0C8B, 0x0C8B, 0x0C8B, 0x0C8B, 0x0C8B, 0x0C8B, 0x0C8B, 0x0C8B,
    0x0C8B, 0x0C8B, 0x0C8B, 0x0C8B, 0x0C8B, 0x0C8B, 0x0C8B, 0x0C8B, 0x0C8B, 0x0C8B, 0x0C8B, 0x0C8B, 0x0C8B, 0x0C8B, 0x0C8B, 0x0C6B,
    0x0C6B, 0x0C6B, 0x0C6B, 0x044A, 0x8553, 0xA575, 0x0C6A, 0x0C6A, 0x0C6A, 0x0C6A, 0x0C6A, 0x0C4A, 0x0C4A, 0x0C4A, 0x0C4A, 0x0C4A,
    0x0C4A, 0x0C4A, 0x042A, 0x0C4A, 0x5C4F, 0x242B, 0x0429, 0x0C2A, 0x0C2A, 0x0C2A, 0x0C0A, 0x1C69, 0x1C69, 0x1C69, 0x1C69, 0x1C69,
    0x1C69, 0x1C6A, 0x1C6A, 0x1C6A, 0x1C6A, 0x1C6A, 0x1C8A, 0x1C8A, 0x148A, 0x148A, 0x148A, 0x148A, 0x148A, 0x146A, 0x146A, 0x148A,
    0x148A, 0x146A, 0x148A, 0x148A, 0x0C6A, 0x0C6A, 0x0C6A, 0x0C6A, 0x0C6A, 0x0C6B, 0x0C6B, 0x0C8B, 0x0C8B, 0x0C8B, 0x0C8B, 0x0C8B,
    0x0C8B, 0x0C8B, 0x0C8B, 0x0C8B, 0x0C8B, 0x0C8B, 0x0C8B, 0x0C8B, 0x0C8B, 0x0C8B, 0x0C8B, 0x0C8B, 0x0C8B, 0x0C8B, 0x0C8B, 0x0C8B,
    0x0C8B, 0x0C8B, 0x0C8B, 0x0C8B, 0x0C8B, 0x0C8B, 0x0C8B, 0x0C8B, 0x0C8B, 0x0C8B, 0x0C8B, 0x0C8B, 0x0C8B, 0x0C8B, 0x0C8B, 0x0C8B,
    0x0C8B, 0x0C8B, 0x0C8B, 0x0C8B, 0x0C8B, 0x0C8B, 0x0C8B, 0x0C8B, 0x0C8B, 0x0C8B, 0x0C8B, 0x0C8B, 0x0C8B, 0x0C8B, 0x0C8B, 0x0C8B,
    0x0C8B, 0x0C8B, 0x0C8B, 0x0C8B, 0x0C8B, 0x0C8B, 0x0C8B, 0x0C8B, 0x0C8B, 0x0C8B, 0x0C8B, 0x0C8B, 0x0C8B, 0x0C6B, 0x0C6B, 0x0C6B,
    0x0C6B, 0x0C6B, 0x0C6B, 0x0C6B, 0x044A, 0x2CAD, 0xBD97, 0x44CE, 0x044A, 0x0C6B, 0x0C4A, 0x0C4A, 0x0C4A, 0x0C4A, 0x0C4A, 0x0C4A,
    0x0C4A, 0x0C4A, 0x042A, 0x0C2A, 0x5C4E, 0x242B, 0x0429, 0x0C2A, 0x0C2A, 0x0C2A, 0x0C0A, 0x0C0A, 0x1C69, 0x1C69, 0x1C69, 0x1C69,
    0x1C69, 0x1C69, 0x1C69, 0x1C6A, 0x1C6A, 0x1C6A, 0x1C6A, 0x1C6A, 0x146A, 0x146A, 0x146A, 0x146A, 0x146A, 0x146A, 0x146A, 0x146A,
    0x146A, 0x146A, 0x146A, 0x0C6A, 0x0C6A, 0x0C6A, 0x0C6A, 0x0C6A, 0x0C6A, 0x0C6B, 0x0C6B, 0x0C6B, 0x0C6B, 0x0C6B, 0x0C8B, 0x0C8B,
    0x0C8B, 0x0C8B, 0x0C8B, 0x0C8B, 0x0C8B, 0x0C8B, 0x0C8B, 0x0C8B, 0x0C8B, 0x0C8B, 0x0C8B, 0x0C8B, 0x0C8B, 0x0C8B, 0x0C8B, 0x0C8B,
    0x0C8B, 0x0C8B, 0x0C8B, 0x0C8B, 0x0C8B, 0x0C8B, 0x0C8B, 0x0C8B, 0x0C8B, 0x0C8B, 0x0C8B, 0x0C8B, 0x0C8B, 0x0C8B, 0x0C8B, 0x0C8B,
    0x0C8B, 0x0C8B, 0x0C8B, 0x0C8B, 0x0C8B, 0x0C8B, 0x0C8B, 0x0C8B, 0x0C8B, 0x0C8B, 0x0C8B, 0x0C8B, 0x0C8B, 0x0C8B, 0x0C8B, 0x0C8B,
    0x0C8B, 0x0C8B, 0x0C8B, 0x0C8B, 0x0C8B, 0x0C8B, 0x0C8B, 0x0C8B, 0x0C8B, 0x0C8B, 0x0C8B, 0x0C6B, 0x0C6B, 0x0C6B, 0x0C6B, 0x0C6B,
    0x0C6B, 0x0C6B, 0x0C6A, 0x0C6A, 0x0C6A, 0x0C6B, 0x044A, 0x8532, 0x9D54, 0x044A, 0x0C4A, 0x0C4A, 0x0C4A, 0x0C4A, 0x0C4A, 0x0C4A,
    0x0C4A, 0x0C2A, 0x042A, 0x0C2A, 0x5C4E, 0x242B, 0x0429, 0x0C2A, 0x0C2A, 0x0C2A, 0x0C0A, 0x0C0A, 0x0C0A, 0x1C49, 0x1C49, 0x1C69,
    0x1C69, 0x1C69, 0x1C69, 0x1C69, 0x1C69, 0x1C69, 0x1C6A, 0x1C6A, 0x146A, 0x146A, 0x146A, 0x146A, 0x146A, 0x146A, 0x146A, 0x146A,
    0x146A, 0x146A, 0x146A, 0x0C6A, 0x0C6A, 0x0C6A, 0x0C6A, 0x0C6A, 0x0C6A, 0x0C6A, 0x0C6A, 0x0C6B, 0x0C6B, 0x0C6B, 0x0C6B, 0x0C6B,
    0x0C6B, 0x0C6B, 0x0C8B, 0x0C8B, 0x0C8B, 0x0C8B, 0x0C8B, 0x0C8B, 0x0C8B, 0x0C8B, 0x0C8B, 0x0C8B, 0x0C8B, 0x0C8B, 0x0C8B, 0x0C8B,
    0x0C8B, 0x0C8B, 0x0C8B, 0x0C8B, 0x0C8B, 0x0C8B, 0x0C8B, 0x0C8B, 0x0C8B, 0x0C8B, 0x0C8B, 0x0C8B, 0x0C8B, 0x0C8B, 0x0C8B, 0x0C8B,
    0x0C8B, 0x0C8B, 0x0C8B, 0x0C8B, 0x0C8B, 0x0C8B, 0x0C8B, 0x0C8B, 0x0C8B, 0x0C8B, 0x0C8B, 0x0C8B, 0x0C8B, 0x0C8B, 0x0C8B, 0x0C8B,
    0x0C8B, 0x0C8B, 0x0C8B, 0x0C8B, 0x0C8B, 0x0C8B, 0x0C8B, 0x0C8B, 0x0C8B, 0x0C8B, 0x0C6B, 0x0C6B, 0x0C6B, 0x0C6B, 0x0C6B, 0x0C6B,
    0x0C6B, 0x0C6A, 0x0C6A, 0x0C6A, 0x0C6A, 0x0C6A, 0x0C6A, 0x044A, 0x2C8C, 0xB556, 0x4CAE, 0x0449, 0x0C4A, 0x0C4A, 0x0C4A, 0x0C4A,
    0x0C4A, 0x0C2A, 0x042A, 0x0C2A, 0x5C4E, 0x242B, 0x0429, 0x0C2A, 0x0C2A, 0x0C0A, 0x0C0A, 0x0C0A, 0x0C0A, 0x0C09, 0x1C49, 0x1C49,
    0x1C49, 0x1C49, 0x1C49, 0x1C49, 0x1C49, 0x1C49, 0x1C69, 0x1469, 0x146A, 0x146A, 0x146A, 0x146A, 0x146A, 0x146A, 0x146A, 0x146A,
    0x146A, 0x146A, 0x146A, 0x0C6A, 0x0C6A, 0x0C6A, 0x0C6A, 0x0C6A, 0x0C6A, 0x0C6A, 0x0C6A, 0x0C6A, 0x0C6A, 0x0C6A, 0x0C6B, 0x0C6B,
    0x0C6B, 0x0C6B, 0x0C6B, 0x0C6B, 0x0C6B, 0x0C6B, 0x0C8B, 0x0C8B, 0x0C8B, 0x0C8B, 0x0C8B, 0x0C8B, 0x0C8B, 0x0C8B, 0x0C8B, 0x0C8B,
    0x0C8B, 0x0C8B, 0x0C8B, 0x0C8B, 0x0C8B, 0x0C8B, 0x0C8B, 0x0C8B, 0x0C8B, 0x0C8B, 0x0C8B, 0x0C8B, 0x0C8B, 0x0C8B, 0x0C8B, 0x0C8B,
    0x0C8B, 0x0C8B, 0x0C8B, 0x0C8B, 0x0C8B, 0x0C8B, 0x0C8B, 0x0C8B, 0x0C8B, 0x0C8B, 0x0C8B, 0x0C8B, 0x0C8B, 0x0C8B, 0x0C8B, 0x0C8B,
    0x0C8B, 0x0C8B, 0x0C8B, 0x0C8B, 0x0C8B, 0x0C8B, 0x0C8B, 0x0C6B, 0x0C6B, 0x0C6B, 0x0C6B, 0x0C6B, 0x0C6B, 0x0C6B, 0x0C6B, 0x0C6A,
    0x0C6A, 0x0C6A, 0x0C6A, 0x0C6A, 0x0C6A, 0x0C6A, 0x0C6A, 0x0C4A, 0x0C4A, 0x0449, 0x6CD0, 0xAD34, 0x144B, 0x0C4A, 0x0C4A, 0x0C4A,
    0x0C2A, 0x0C2A, 0x042A, 0x0C2A, 0x5C2E, 0x242B, 0x0429, 0x0C2A, 0x0C2A, 0x0C0A, 0x0C0A, 0x0C0A, 0x0C0A, 0x0C09, 0x0C09, 0x1C49,
    0x1C49, 0x1C49, 0x1C49, 0x1C49, 0x1C49, 0x1C49, 0x1C49, 0x1449, 0x1449, 0x144A, 0x144A, 0x144A, 0x144A, 0x144A, 0x144A, 0x144A,
    0x144A, 0x144A, 0x144A, 0x0C4A, 0x0C4A, 0x0C4A, 0x0C4A, 0x0C4A, 0x0C4A, 0x0C4A, 0x0C6A, 0x0C6A, 0x0C6A, 0x0C6A, 0x0C6A, 0x0C6A,
    0x0C6A, 0x0C6B, 0x0C6B, 0x0C6B, 0x0C6B, 0x0C6B, 0x0C6B, 0x0C6B, 0x0C6B, 0x0C6B, 0x0C8B, 0x0C8B, 0x0C8B, 0x0C8B, 0x0C8B, 0x0C8B,
    0x0C8B, 0x0C8B, 0x0C8B, 0x0C8B, 0x0C8B, 0x0C8B, 0x0C8B, 0x0C8B, 0x0C8B, 0x0C8B, 0x0C8B, 0x0C8B, 0x0C8B, 0x0C8B, 0x0C8B, 0x0C8B,
    0x0C8B, 0x0C8B, 0x0C8B, 0x0C8B, 0x0C8B, 0x0C8B, 0x0C8B, 0x0C8B, 0x0C8B, 0x0C8B, 0x0C8B, 0x0C8B, 0x0C8B, 0x0C8B, 0x0C8B, 0x0C8B,
    0x0C8B, 0x0C8B, 0x0C8B, 0x0C8B, 0x0C8B, 0x0C6B, 0x0C6B, 0x0C6B, 0x0C6B, 0x0C6B, 0x0C6B, 0x0C6B, 0x0C6B, 0x0C6A, 0x0C6A, 0x0C6A,
    0x0C6A, 0x0C6A, 0x0C6A, 0x0C6A, 0x0C6A, 0x0C6A, 0x0C4A, 0x0C4A, 0x0C4A, 0x0C4A, 0x0C4A, 0x144B, 0x9D13, 0x7CD1, 0x0429, 0x0C2A,
    0x0C2A, 0x0C2A, 0x042A, 0x0C2A, 0x5C2E, 0x242B, 0x0429, 0x0C2A, 0x0C0A, 0x0C0A, 0x0C0A, 0x0C0A, 0x0C0A, 0x0C09, 0x0C09, 0x0BE9,
    0x1C29, 0x1C49, 0x1C49, 0x1C49, 0x1C49, 0x1C49, 0x1C49, 0x1449, 0x1449, 0x1449, 0x144A, 0x144A, 0x144A, 0x144A, 0x144A, 0x144A,
    0x144A, 0x144A, 0x144A, 0x0C4A, 0x0C4A, 0x0C4A, 0x0C4A, 0x0C4A, 0x0C4A, 0x0C4A, 0x0C4A, 0x0C4A, 0x0C6A, 0x0C6A, 0x0C6A, 0x0C6A,
    0x0C6A, 0x0C6A, 0x0C6A, 0x0C6A, 0x0C6A, 0x0C6A, 0x0C6B, 0x0C6B, 0x0C6B, 0x0C6B, 0x0C6B, 0x0C6B, 0x0C6B, 0x0C6B, 0x0C6B, 0x0C6B,
    0x0C8B, 0x0C8B, 0x0C8B, 0x0C8B, 0x0C8B, 0x0C8B, 0x0C8B, 0x0C8B, 0x0C8B, 0x0C8B, 0x0C8B, 0x0C8B, 0x0C8B, 0x0C8B, 0x0C8B, 0x0C8B,
    0x0C8B, 0x0C8B, 0x0C8B, 0x0C8B, 0x0C8B, 0x0C8B, 0x0C8B, 0x0C8B, 0x0C8B, 0x0C8B, 0x0C8B, 0x0C8B, 0x0C8B, 0x0C8B, 0x0C8B, 0x0C8B,
    0x0C8B, 0x0C6B, 0x0C6B, 0x0C6B, 0x0C6B, 0x0C6B, 0x0C6B, 0x0C6B, 0x0C6B, 0x0C6B, 0x0C6B, 0x0C6B, 0x0C6A, 0x0C6A, 0x0C6A, 0x0C6A,
    0x0C6A, 0x0C6A, 0x0C6A, 0x0C6A, 0x0C6A, 0x0C4A, 0x0C4A, 0x0C4A, 0x0C4A, 0x0C4A, 0x0C4A, 0x0C4A, 0x042A, 0x346C, 0xACF4, 0x4C8E,
    0x0429, 0x0C2A, 0x042A, 0x0C2A, 0x5C2E, 0x242B, 0x0429, 0x0C2A, 0x0C0A, 0x0C0A, 0x0C0A, 0x0C0A, 0x0C0A, 0x0C09, 0x0BE9, 0x0BE9,
    0x0BE9, 0x1C29, 0x1C29, 0x1C29, 0x1C29, 0x1449, 0x1429, 0x1429, 0x1449, 0x1449, 0x1449, 0x1449, 0x144A, 0x144A, 0x144A, 0x144A,
    0x144A, 0x144A, 0x144A, 0x0C4A, 0x0C4A, 0x0C4A, 0x0C4A, 0x0C4A, 0x0C4A, 0x0C4A, 0x0C4A, 0x0C4A, 0x0C4A, 0x0C4A, 0x0C4A, 0x0C4A,
    0x0C6A, 0x0C6A, 0x0C6A, 0x0C6A, 0x0C6A, 0x0C6A, 0x0C6A, 0x0C6A, 0x0C6A, 0x0C6A, 0x0C6B, 0x0C6B, 0x0C6B, 0x0C6B, 0x0C6B, 0x0C6B,
    0x0C6B, 0x0C6B, 0x0C6B, 0x0C6B, 0x0C6B, 0x0C6B, 0x0C6B, 0x0C8B, 0x0C8B, 0x0C6B, 0x0C6B, 0x0C8B, 0x0C8B, 0x0C8B, 0x0C8B, 0x0C8B,
    0x0C8B, 0x0C8B, 0x0C8B, 0x0C8B, 0x0C8B, 0x0C8B, 0x0C8B, 0x0C8B, 0x0C6B, 0x0C6B, 0x0C8B, 0x0C8B, 0x0C8B, 0x0C6B, 0x0C6B, 0x0C6B,
    0x0C6B, 0x0C6B, 0x0C6B, 0x0C6B, 0x0C6B, 0x0C6B, 0x0C6B, 0x0C6B, 0x0C6B, 0x0C6A, 0x0C6A, 0x0C6A, 0x0C6A, 0x0C6A, 0x0C6A, 0x0C6A,
    0x0C6A, 0x0C6A, 0x0C6A, 0x0C4A, 0x0C4A, 0x0C4A, 0x0C4A, 0x0C4A, 0x0C4A, 0x0C4A, 0x0C4A, 0x0C4A, 0x0C4A, 0x0C4A, 0x0429, 0x548E,
    0xACD4, 0x344C, 0x0429, 0x142A, 0x5C2E, 0x242B, 0x0429, 0x0C0A, 0x0C0A, 0x0C0A, 0x0C0A, 0x0C0A, 0x0C09, 0x0C09, 0x0BE9, 0x0BE9,
    0x0BE9, 0x0BE9, 0x1C29, 0x1C29, 0x1C29, 0x1429, 0x1429, 0x1429, 0x1429, 0x1429, 0x1429, 0x1429, 0x1429, 0x1429, 0x142A, 0x142A,
    0x142A, 0x142A, 0x144A, 0x0C4A, 0x0C2A, 0x0C2A, 0x0C4A, 0x0C2A, 0x0C2A, 0x0C4A, 0x0C4A, 0x0C4A, 0x0C4A, 0x0C4A, 0x0C4A, 0x0C4A,
    0x0C4A, 0x0C4A, 0x0C4A, 0x0C4A, 0x0C6A, 0x0C6A, 0x0C6A, 0x0C6A, 0x0C6A, 0x0C6A, 0x0C6A, 0x0C6A, 0x0C6A, 0x0C6A, 0x0C6A, 0x0C6B,
    0x0C6A, 0x0C6B, 0x0C6B, 0x0C6B, 0x0C6B, 0x0C6B, 0x0C6B, 0x0C6B, 0x0C6B, 0x0C6B, 0x0C6B, 0x0C6B, 0x0C6B, 0x0C6B, 0x0C6B, 0x0C6B,
    0x0C6B, 0x0C6B, 0x0C6B, 0x0C6B, 0x0C6B, 0x0C6B, 0x0C6B, 0x0C6B, 0x0C6B, 0x0C6B, 0x0C6B, 0x0C6B, 0x0C6B, 0x0C6B, 0x0C6B, 0x0C6B,
    0x0C6B, 0x0C6B, 0x0C6B, 0x0C6B, 0x0C6A, 0x0C6B, 0x0C6B, 0x0C6A, 0x0C6A, 0x0C6A, 0x0C6A, 0x0C6A, 0x0C6A, 0x0C6A, 0x0C6A, 0x0C6A,
    0x0C6A, 0x0C4A, 0x0C4A, 0x0C4A, 0x0C4A, 0x0C4A, 0x0C4A, 0x0C4A, 0x0C4A, 0x0C4A, 0x0C4A, 0x0C4A, 0x0C2A, 0x0C2A, 0x0C2A, 0x0C2A,
    0x0429, 0x6C90, 0x9CB3, 0x2C2B, 0x4C0D, 0x242B, 0x0409, 0x0C0A, 0x0C0A, 0x0C0A, 0x0C0A, 0x0C09, 0x0C09, 0x0BE9, 0x0BE9, 0x0BE9,
    0x0BE9, 0x0BE9, 0x0BE9, 0x1C09, 0x1429, 0x1429, 0x1429, 0x1429, 0x1429, 0x1429, 0x1429, 0x1429, 0x1429, 0x1429, 0x1429, 0x1429,
    0x1429, 0x0C2A, 0x0C2A, 0x0C2A, 0x0C2A, 0x0C2A, 0x0C2A, 0x0C2A, 0x0C2A, 0x0C2A, 0x0C2A, 0x0C2A, 0x0C2A, 0x0C4A, 0x0C4A, 0x0C4A,
    0x0C4A, 0x0C4A, 0x0C4A, 0x0C4A, 0x0C4A, 0x0C4A, 0x0C4A, 0x0C4A, 0x0C4A, 0x0C6A, 0x0C6A, 0x0C6A, 0x0C6A, 0x0C6A, 0x0C6A, 0x0C6A,
    0x0C6A, 0x0C6A, 0x0C6A, 0x0C6A, 0x0C6A, 0x0C6A, 0x0C6A, 0x0C6A, 0x0C6B, 0x0C6B, 0x0C6B, 0x0C6B, 0x0C6B, 0x0C6B, 0x0C6B, 0x0C6B,
    0x0C6B, 0x0C6B, 0x0C6B, 0x0C6B, 0x0C6B, 0x0C6B, 0x0C6B, 0x0C6B, 0x0C6B, 0x0C6B, 0x0C6B, 0x0C6B, 0x0C6B, 0x0C6B, 0x0C6B, 0x0C6A,
    0x0C6A, 0x0C6A, 0x0C6A, 0x0C6A, 0x0C6A, 0x0C6A, 0x0C6A, 0x0C6A, 0x0C6A, 0x0C6A, 0x0C6A, 0x0C6A, 0x0C6A, 0x0C6A, 0x0C4A, 0x0C4A,
    0x0C4A, 0x0C4A, 0x0C4A, 0x0C4A, 0x0C4A, 0x0C4A, 0x0C4A, 0x0C4A, 0x0C4A, 0x0C4A, 0x0C4A, 0x0C2A, 0x0C2A, 0x0C2A, 0x0C2A, 0x0C2A,
    0x0C2A, 0x0C2A, 0x0C2A, 0x7470, 0x9C51, 0x2C2C, 0x0409, 0x140A, 0x0C0A, 0x0C0A, 0x0C09, 0x0C09, 0x0C09, 0x0BE9, 0x0BE9, 0x0BE9,
    0x0BE9, 0x0BE9, 0x0BE9, 0x0BE9, 0x1409, 0x1409, 0x1409, 0x1409, 0x1409, 0x1409, 0x1409, 0x1429, 0x1429, 0x1429, 0x1429, 0x1429,
    0x1429, 0x0C29, 0x0C2A, 0x0C2A, 0x0C2A, 0x0C2A, 0x0C2A, 0x0C2A, 0x0C2A, 0x0C2A, 0x0C2A, 0x0C2A, 0x0C2A, 0x0C2A, 0x0C2A, 0x0C2A,
    0x0C4A, 0x0C4A, 0x0C4A, 0x0C4A, 0x0C4A, 0x0C4A, 0x0C4A, 0x0C4A, 0x0C4A, 0x0C4A, 0x0C4A, 0x0C4A, 0x0C4A, 0x0C4A, 0x0C6A, 0x0C6A,
    0x0C6A, 0x0C6A, 0x0C6A, 0x0C6A, 0x0C6A, 0x0C6A, 0x0C6A, 0x0C6A, 0x0C6A, 0x0C6A, 0x0C6A, 0x0C6A, 0x0C6A, 0x0C6A, 0x0C6A, 0x0C6A,
    0x0C6A, 0x0C6A, 0x0C6A, 0x0C6A, 0x0C6A, 0x0C6A, 0x0C6A, 0x0C6A, 0x0C6A, 0x0C6A, 0x0C6A, 0x0C6A, 0x0C6A, 0x0C6A, 0x0C6A, 0x0C6A,
    0x0C6A, 0x0C6A, 0x0C6A, 0x0C6A, 0x0C6A, 0x0C6A, 0x0C6A, 0x0C6A, 0x0C6A, 0x0C6A, 0x0C6A, 0x0C6A, 0x0C4A, 0x0C4A, 0x0C4A, 0x0C4A,
    0x0C4A, 0x0C4A, 0x0C4A, 0x0C4A, 0x0C4A, 0x0C4A, 0x0C4A, 0x0C4A, 0x0C4A, 0x0C4A, 0x0C2A, 0x0C2A, 0x0C2A, 0x0C2A, 0x0C2A, 0x0C2A,
    0x0C2A, 0x0C2A, 0x0C2A, 0x0C2A, 0x140A, 0x744F, 0x8C71, 0x2C2B, 0x0409, 0x0C0A, 0x0C09, 0x0C09, 0x0BE9, 0x0BE9, 0x0BE9, 0x0BE9,
    0x0BE9, 0x0BE9, 0x0BE9, 0x0BC9, 0x0BC9, 0x1409, 0x1409, 0x1409, 0x1409, 0x1409, 0x1409, 0x1409, 0x1409, 0x1409, 0x1409, 0x1409,
    0x1409, 0x0C09, 0x0C09, 0x0C29, 0x0C29, 0x0C0A, 0x0C2A, 0x0C2A, 0x0C2A, 0x0C2A, 0x0C2A, 0x0C2A, 0x0C2A, 0x0C2A, 0x0C2A, 0x0C2A,
    0x0C2A, 0x0C2A, 0x0C2A, 0x0C4A, 0x0C4A, 0x0C4A, 0x0C4A, 0x0C4A, 0x0C4A, 0x0C4A, 0x0C4A, 0x0C4A, 0x0C4A, 0x0C4A, 0x0C4A, 0x0C4A,
    0x0C4A, 0x0C4A, 0x0C4A, 0x0C6A, 0x0C6A, 0x0C6A, 0x0C6A, 0x0C6A, 0x0C6A, 0x0C6A, 0x0C6A, 0x0C6A, 0x0C6A, 0x0C6A, 0x0C6A, 0x0C6A,
    0x0C6A, 0x0C6A, 0x0C6A, 0x0C6A, 0x0C6A, 0x0C6A, 0x0C6A, 0x0C6A, 0x0C6A, 0x0C6A, 0x0C6A, 0x0C6A, 0x0C6A, 0x0C6A, 0x0C6A, 0x0C6A,
    0x0C6A, 0x0C6A, 0x0C6A, 0x0C6A, 0x0C6A, 0x0C6A, 0x0C6A, 0x0C6A, 0x0C6A, 0x0C4A, 0x0C4A, 0x0C4A, 0x0C4A, 0x0C4A, 0x0C4A, 0x0C4A,
    0x0C4A, 0x0C4A, 0x0C4A, 0x0C4A, 0x0C4A, 0x0C4A, 0x0C4A, 0x0C4A, 0x0C2A, 0x0C2A, 0x0C2A, 0x0C2A, 0x0C2A, 0x0C2A, 0x0C2A, 0x0C2A,
    0x0C2A, 0x0C2A, 0x0C2A, 0x0C0A, 0x0C0A, 0x0C09, 0x0C0A, 0x642F, 0x9451, 0x3C0C, 0x0409, 0x0BE9, 0x0BE9, 0x0BE9, 0x0BE9, 0x0BE9,
    0x0BE9, 0x0BE9, 0x0BE9, 0x0BC9, 0x0BC9, 0x0BC9, 0x13E9, 0x1409, 0x1409, 0x1409, 0x1409, 0x1409, 0x1409, 0x1409, 0x1409, 0x1409,
    0x1409, 0x1409, 0x0C09, 0x0C09, 0x0C09, 0x0C09, 0x0C09, 0x0C09, 0x0C0A, 0x0C0A, 0x0C2A, 0x0C2A, 0x0C2A, 0x0C2A, 0x0C2A, 0x0C2A,
    0x0C2A, 0x0C2A, 0x0C2A, 0x0C2A, 0x0C2A, 0x0C2A, 0x0C2A, 0x0C4A, 0x0C4A, 0x0C4A, 0x0C4A, 0x0C4A, 0x0C4A, 0x0C4A, 0x0C4A, 0x0C4A,
    0x0C4A, 0x0C4A, 0x0C4A, 0x0C4A, 0x0C4A, 0x0C4A, 0x0C4A, 0x0C4A, 0x0C4A, 0x0C6A, 0x0C6A, 0x0C6A, 0x0C6A, 0x0C6A, 0x0C6A, 0x0C6A,
    0x0C6A, 0x0C6A, 0x0C6A, 0x0C6A, 0x0C6A, 0x0C6A, 0x0C6A, 0x0C6A, 0x0C6A, 0x0C6A, 0x0C6A, 0x0C6A, 0x0C6A, 0x0C6A, 0x0C6A, 0x0C6A,
    0x0C6A, 0x0C6A, 0x0C6A, 0x0C6A, 0x0C4A, 0x0C4A, 0x0C4A, 0x0C4A, 0x0C4A, 0x0C4A, 0x0C4A, 0x0C4A, 0x0C4A, 0x0C4A, 0x0C4A, 0x0C4A,
    0x0C4A, 0x0C4A, 0x0C4A, 0x0C4A, 0x0C4A, 0x0C4A, 0x0C2A, 0x0C2A, 0x0C2A, 0x0C2A, 0x0C2A, 0x0C2A, 0x0C2A, 0x0C2A, 0x0C2A, 0x0C2A,
    0x0C2A, 0x0C2A, 0x0C2A, 0x0C0A, 0x0C0A, 0x0C0A, 0x0C0A, 0x0C09, 0x0409, 0x540D, 0x9411, 0x5C0D, 0x0BE9, 0x03E9, 0x0BE9, 0x0BE9,
    0x0BE9, 0x0BE9, 0x0BE9, 0x0BC9, 0x0BC9, 0x0BC9, 0x0BC9, 0x13E9, 0x13E9, 0x13E9, 0x13E9, 0x13E9, 0x1409, 0x1409, 0x13E9, 0x1409,
    0x1409, 0x0C09, 0x0C09, 0x0C09, 0x0C09, 0x0C09, 0x0C09, 0x0C09, 0x0C09, 0x0C0A, 0x0C0A, 0x0C0A, 0x0C0A, 0x0C0A, 0x0C2A, 0x0C2A,
    0x0C2A, 0x0C2A, 0x0C2A, 0x0C2A, 0x0C2A, 0x0C2A, 0x0C2A, 0x0C2A, 0x0C2A, 0x0C2A, 0x0C2A, 0x0C4A, 0x0C4A, 0x0C4A, 0x0C4A, 0x0C4A,
    0x0C4A, 0x0C4A, 0x0C4A, 0x0C4A, 0x0C4A, 0x0C4A, 0x0C4A, 0x0C4A, 0x0C4A, 0x0C4A, 0x0C4A, 0x0C4A, 0x0C4A, 0x0C4A, 0x0C4A, 0x0C4A,
    0x0C4A, 0x0C4A, 0x0C4A, 0x0C4A, 0x0C4A, 0x0C6A, 0x0C6A, 0x0C6A, 0x0C6A, 0x0C6A, 0x0C4A, 0x0C4A, 0x0C4A, 0x0C4A, 0x0C4A, 0x0C4A,
    0x0C4A, 0x0C4A, 0x0C4A, 0x0C4A, 0x0C4A, 0x0C4A, 0x0C4A, 0x0C4A, 0x0C4A, 0x0C4A, 0x0C4A, 0x0C4A, 0x0C4A, 0x0C4A, 0x0C4A, 0x0C4A,
    0x0C4A, 0x0C4A, 0x0C4A, 0x0C4A, 0x0C4A, 0x0C2A, 0x0C2A, 0x0C2A, 0x0C2A, 0x0C2A, 0x0C2A, 0x0C2A, 0x0C2A, 0x0C2A, 0x0C2A, 0x0C2A,
    0x0C2A, 0x0C2A, 0x0C0A, 0x0C0A, 0x0C0A, 0x0C0A, 0x0C0A, 0x0C09, 0x0C0A, 0x0C09, 0x03E9, 0x340B, 0x83F0, 0x7BEF, 0x2BEB, 0x03E9,
    0x03E9, 0x0BE9, 0x0BC9, 0x0BC9, 0x0BC9, 0x0BC9, 0x0BC9, 0x0BC9, 0x13E8, 0x13E9, 0x13E9, 0x13E9, 0x13E9, 0x13E9, 0x13E9, 0x13E9,
    0x13E9, 0x0BE9, 0x0BE9, 0x0BE9, 0x0BE9, 0x0BE9, 0x0BE9, 0x0BE9, 0x0C09, 0x0C09, 0x0C09, 0x0C0A, 0x0C0A, 0x0C0A, 0x0C0A, 0x0C0A,
    0x0C0A, 0x0C0A, 0x0C2A, 0x0C2A, 0x0C2A, 0x0C2A, 0x0C2A, 0x0C2A, 0x0C2A, 0x0C2A, 0x0C2A, 0x0C2A, 0x0C2A, 0x0C2A, 0x0C2A, 0x0C4A,
    0x0C4A, 0x0C4A, 0x0C4A, 0x0C4A, 0x0C4A, 0x0C4A, 0x0C4A, 0x0C4A, 0x0C4A, 0x0C4A, 0x0C4A, 0x0C4A, 0x0C4A, 0x0C4A, 0x0C4A, 0x0C4A,
    0x0C4A, 0x0C4A, 0x0C4A, 0x0C4A, 0x0C4A, 0x0C4A, 0x0C4A, 0x0C4A, 0x0C4A, 0x0C4A, 0x0C4A, 0x0C4A, 0x0C4A, 0x0C4A, 0x0C4A, 0x0C4A,
    0x0C4A, 0x0C4A, 0x0C4A, 0x0C4A, 0x0C4A, 0x0C4A, 0x0C4A, 0x0C4A, 0x0C4A, 0x0C4A, 0x0C4A, 0x0C4A, 0x0C4A, 0x0C4A, 0x0C4A, 0x0C4A,
    0x0C4A, 0x0C4A, 0x0C2A, 0x0C2A, 0x0C2A, 0x0C2A, 0x0C2A, 0x0C2A, 0x0C2A, 0x0C2A, 0x0C2A, 0x0C2A, 0x0C2A, 0x0C2A, 0x0C2A, 0x0C2A,
    0x0C0A, 0x0C0A, 0x0C0A, 0x0C0A, 0x0C0A, 0x0C0A, 0x0C09, 0x0C09, 0x0C09, 0x0BE9, 0x0BE9, 0x0BE9, 0x03E9, 0x13EA, 0x5BCD, 0x83CF,
    0x5BCD, 0x23CA, 0x03C9, 0x03C9, 0x0BC9, 0x0BC9, 0x0BC9, 0x0BC9, 0x0BA9, 0x13C8, 0x13C8, 0x13E9, 0x13E9, 0x13E9, 0x13E9, 0x13E9,
    0x13E9, 0x0BE9, 0x0BE9, 0x0BE9, 0x0BE9, 0x0BE9, 0x0BE9, 0x0BE9, 0x0BE9, 0x0BE9, 0x0BE9, 0x0BE9, 0x0C09, 0x0C09, 0x0C0A, 0x0C0A,
    0x0C0A, 0x0C0A, 0x0C0A, 0x0C0A, 0x0C0A, 0x0C2A, 0x0C2A, 0x0C2A, 0x0C2A, 0x0C2A, 0x0C2A, 0x0C2A, 0x0C2A, 0x0C2A, 0x0C2A, 0x0C2A,
    0x0C2A, 0x0C2A, 0x0C2A, 0x0C2A, 0x0C2A, 0x0C4A, 0x0C4A, 0x0C4A, 0x0C4A, 0x0C4A, 0x0C4A, 0x0C4A, 0x0C4A, 0x0C4A, 0x0C4A, 0x0C4A,
    0x0C4A, 0x0C4A, 0x0C4A, 0x0C4A, 0x0C4A, 0x0C4A, 0x0C4A, 0x0C4A, 0x0C4A, 0x0C4A, 0x0C4A, 0x0C4A, 0x0C4A, 0x0C4A, 0x0C4A, 0x0C4A,
    0x0C4A, 0x0C4A, 0x0C4A, 0x0C4A, 0x0C4A, 0x0C4A, 0x0C4A, 0x0C4A, 0x0C4A, 0x0C4A, 0x0C4A, 0x0C4A, 0x0C4A, 0x0C4A, 0x0C2A, 0x0C2A,
    0x0C2A, 0x0C2A, 0x0C2A, 0x0C2A, 0x0C2A, 0x0C2A, 0x0C2A, 0x0C2A, 0x0C2A, 0x0C2A, 0x0C2A, 0x0C2A, 0x0C2A, 0x0C2A, 0x0C0A, 0x0C0A,
    0x0C0A, 0x0C0A, 0x0C0A, 0x0C0A, 0x0C0A, 0x0C09, 0x0C09, 0x0C09, 0x0BE9, 0x0BE9, 0x0BE9, 0x0BE9, 0x0BE9, 0x0BE9, 0x0BE9, 0x03E9,
    0x2BCB, 0x6BAE, 0x7BAF, 0x5BAD, 0x23AA, 0x0BC9, 0x03C9, 0x03C9, 0x0BA9, 0x0BA9, 0x13C8, 0x13C8, 0x13C8, 0x13C9, 0x13C9, 0x13E9,
    0x0BE9, 0x0BE9, 0x0BE9, 0x0BE9, 0x0BE9, 0x0BE9, 0x0BE9, 0x0BE9, 0x0BE9, 0x0BE9, 0x0BE9, 0x0BE9, 0x0BE9, 0x0BE9, 0x0C09, 0x0C09,
    0x0C09, 0x0C09, 0x0C0A, 0x0C0A, 0x0C0A, 0x0C0A, 0x0C0A, 0x0C0A, 0x0C0A, 0x0C2A, 0x0C2A, 0x0C2A, 0x0C2A, 0x0C2A, 0x0C2A, 0x0C2A,
    0x0C2A, 0x0C2A, 0x0C2A, 0x0C2A, 0x0C2A, 0x0C2A, 0x0C2A, 0x0C2A, 0x0C2A, 0x0C2A, 0x0C2A, 0x0C2A, 0x0C4A, 0x0C4A, 0x0C4A, 0x0C4A,
    0x0C4A, 0x0C4A, 0x0C4A, 0x0C4A, 0x0C4A, 0x0C4A, 0x0C4A, 0x0C4A, 0x0C4A, 0x0C4A, 0x0C4A, 0x0C4A, 0x0C4A, 0x0C4A, 0x0C4A, 0x0C4A,
    0x0C4A, 0x0C4A, 0x0C4A, 0x0C4A, 0x0C4A, 0x0C4A, 0x0C4A, 0x0C4A, 0x0C4A, 0x0C2A, 0x0C2A, 0x0C2A, 0x0C2A, 0x0C2A, 0x0C2A, 0x0C2A,
    0x0C2A, 0x0C2A, 0x0C2A, 0x0C2A, 0x0C2A, 0x0C2A, 0x0C2A, 0x0C2A, 0x0C2A, 0x0C2A, 0x0C2A, 0x0C2A, 0x0C0A, 0x0C0A, 0x0C0A, 0x0C0A,
    0x0C0A, 0x0C0A, 0x0C0A, 0x0C09, 0x0C09, 0x0C09, 0x0C09, 0x0BE9, 0x0BE9, 0x0BE9, 0x0BE9, 0x0BE9, 0x0BE9, 0x0BE9, 0x0BE9, 0x0BC9,
    0x0BC9, 0x03C9, 0x03C9, 0x2BAB, 0x638D, 0x7B6E, 0x636D, 0x3B8B, 0x1BAA, 0x0BA9, 0x03A8, 0x13C8, 0x13C8, 0x13C8, 0x13C8, 0x0BC8,
    0x0BC9, 0x0BC9, 0x0BC9, 0x0BC9, 0x0BC9, 0x0BC9, 0x0BC9, 0x0BC9, 0x0BE9, 0x0BE9, 0x0BE9, 0x0BE9, 0x0BE9, 0x0BE9, 0x0BE9, 0x0BE9,
    0x0BE9, 0x0BE9, 0x0C09, 0x0C09, 0x0C09, 0x0C09, 0x0C0A, 0x0C0A, 0x0C0A, 0x0C0A, 0x0C0A, 0x0C0A, 0x0C0A, 0x0C2A, 0x0C2A, 0x0C2A,
    0x0C2A, 0x0C2A, 0x0C2A, 0x0C2A, 0x0C2A, 0x0C2A, 0x0C2A, 0x0C2A, 0x0C2A, 0x0C2A, 0x0C2A, 0x0C2A, 0x0C2A, 0x0C2A, 0x0C2A, 0x0C2A,
    0x0C2A, 0x0C2A, 0x0C2A, 0x0C2A, 0x0C2A, 0x0C2A, 0x0C2A, 0x0C2A, 0x0C2A, 0x0C4A, 0x0C4A, 0x0C4A, 0x0C4A, 0x0C4A, 0x0C4A, 0x0C2A,
    0x0C2A, 0x0C2A, 0x0C2A, 0x0C2A, 0x0C2A, 0x0C2A, 0x0C2A, 0x0C2A, 0x0C2A, 0x0C2A, 0x0C2A, 0x0C2A, 0x0C2A, 0x0C2A, 0x0C2A, 0x0C2A,
    0x0C2A, 0x0C2A, 0x0C2A, 0x0C2A, 0x0C2A, 0x0C2A, 0x0C2A, 0x0C2A, 0x0C2A, 0x0C2A, 0x0C0A, 0x0C0A, 0x0C0A, 0x0C0A, 0x0C0A, 0x0C0A,
    0x0C0A, 0x0C0A, 0x0C09, 0x0C09, 0x0C09, 0x0BE9, 0x0BE9, 0x0BE9, 0x0BE9, 0x0BE9, 0x0BE9, 0x0BE9, 0x0BE9, 0x0BE9, 0x0BE9, 0x0BE9,
    0x0BC9, 0x0BC9, 0x0BC9, 0x0BC9, 0x03C9, 0x03C9, 0x23AA, 0x4B8C, 0x6B4D, 0x734D, 0x634C, 0x4B4B, 0x13A8, 0x13C8, 0x13C8, 0x0BC8,
    0x0BC8, 0x0BC9, 0x0BC9, 0x0BC9, 0x0BC9, 0x0BC9, 0x0BC9, 0x0BC9, 0x0BC9, 0x0BC9, 0x0BC9, 0x0BE9, 0x0BE9, 0x0BE9, 0x0BE9, 0x0BE9,
    0x0BE9, 0x0BE9, 0x0BE9, 0x0BE9, 0x0BE9, 0x0BE9, 0x0C09, 0x0C09, 0x0C09, 0x0C0A, 0x0C0A, 0x0C0A, 0x0C0A, 0x0C0A, 0x0C0A, 0x0C0A,
    0x0C0A, 0x0C2A, 0x0C2A, 0x0C2A, 0x0C2A, 0x0C2A, 0x0C2A, 0x0C2A, 0x0C2A, 0x0C2A, 0x0C2A, 0x0C2A, 0x0C2A, 0x0C2A, 0x0C2A, 0x0C2A,
    0x0C2A, 0x0C2A, 0x0C2A, 0x0C2A, 0x0C2A, 0x0C2A, 0x0C2A, 0x0C2A, 0x0C2A, 0x0C2A, 0x0C2A, 0x0C2A, 0x0C2A, 0x0C2A, 0x0C2A, 0x0C2A,
    0x0C2A, 0x0C2A, 0x0C2A, 0x0C2A, 0x0C2A, 0x0C2A, 0x0C2A, 0x0C2A, 0x0C2A, 0x0C2A, 0x0C2A, 0x0C2A, 0x0C2A, 0x0C2A, 0x0C2A, 0x0C2A,
    0x0C2A, 0x0C2A, 0x0C2A, 0x0C2A, 0x0C2A, 0x0C2A, 0x0C2A, 0x0C2A, 0x0C0A, 0x0C0A, 0x0C0A, 0x0C0A, 0x0C0A, 0x0C0A, 0x0C0A, 0x0C0A,
    0x0C09, 0x0C09, 0x0C09, 0x0BE9, 0x0BE9, 0x0BE9, 0x0BE9, 0x0BE9, 0x0BE9, 0x0BE9, 0x0BE9, 0x0BE9, 0x0BE9, 0x0BE9, 0x0BC9, 0x0BC9,
    0x0BC9, 0x0BC9, 0x0BC9, 0x0BC9, 0x0BC9, 0x0BC9, 0x0BA9, 0x03A8, 0x03A8, 0x0BA9, 0x2389, 0x3B6B, 0x534B, 0x13A8, 0x13A8, 0x0BA8,
    0x0BA8, 0x0BA8, 0x0BA9, 0x0BA9, 0x0BC9, 0x0BC9, 0x0BC9, 0x0BC9, 0x0BC9, 0x0BC9, 0x0BC9, 0x0BC9, 0x0BC9, 0x0BC9, 0x0BC9, 0x0BE9,
    0x0BE9, 0x0BE9, 0x0BE9, 0x0BE9, 0x0BE9, 0x0BE9, 0x0BE9, 0x0BE9, 0x0BE9, 0x0C09, 0x0C09, 0x0C09, 0x0C09, 0x0C0A, 0x0C0A, 0x0C0A,
    0x0C0A, 0x0C0A, 0x0C0A, 0x0C0A, 0x0C0A, 0x0C0A, 0x0C2A, 0x0C2A, 0x0C2A, 0x0C2A, 0x0C2A, 0x0C2A, 0x0C2A, 0x0C2A, 0x0C2A, 0x0C2A,
    0x0C2A, 0x0C2A, 0x0C2A, 0x0C2A, 0x0C2A, 0x0C2A, 0x0C2A, 0x0C2A, 0x0C2A, 0x0C2A, 0x0C2A, 0x0C2A, 0x0C2A, 0x0C2A, 0x0C2A, 0x0C2A,
    0x0C2A, 0x0C2A, 0x0C2A, 0x0C2A, 0x0C2A, 0x0C2A, 0x0C2A, 0x0C2A, 0x0C2A, 0x0C2A, 0x0C2A, 0x0C2A, 0x0C2A, 0x0C2A, 0x0C2A, 0x0C2A,
    0x0C2A, 0x0C2A, 0x0C2A, 0x0C2A, 0x0C2A, 0x0C0A, 0x0C0A, 0x0C0A, 0x0C0A, 0x0C0A, 0x0C0A, 0x0C0A, 0x0C0A, 0x0C0A, 0x0C09, 0x0C09,
    0x0C09, 0x0C09, 0x0BE9, 0x0BE9, 0x0BE9, 0x0BE9, 0x0BE9, 0x0BE9, 0x0BE9, 0x0BE9, 0x0BE9, 0x0BE9, 0x0BE9, 0x0BC9, 0x0BC9, 0x0BC9,
    0x0BC9, 0x0BC9, 0x0BC9, 0x0BC9, 0x0BC9, 0x0BA9, 0x0BA9, 0x0BA9, 0x0BA9, 0x0BA9, 0x0BA9, 0x03A8, 0x03A8, 0x0388, 0x13A8, 0x0BA8,
    0x0BA8, 0x0BA8, 0x0BA8, 0x0BA8, 0x0BA9, 0x0BA9, 0x0BA9, 0x0BA9, 0x0BA9, 0x0BC9, 0x0BC9, 0x0BC9, 0x0BC9, 0x0BC9, 0x0BC9, 0x0BC9,
    0x0BC9, 0x0BE9, 0x0BE9, 0x0BE9, 0x0BE9, 0x0BE9, 0x0BE9, 0x0BE9, 0x0BE9, 0x0BE9, 0x0BE9, 0x0BE9, 0x0BE9, 0x0C09, 0x0C09, 0x0C09,
    0x0C09, 0x0C0A, 0x0C0A, 0x0C0A, 0x0C0A, 0x0C0A, 0x0C0A, 0x0C0A, 0x0C0A, 0x0C0A, 0x0C0A, 0x0C2A, 0x0C2A, 0x0C2A, 0x0C2A, 0x0C2A,
    0x0C2A, 0x0C2A, 0x0C2A, 0x0C2A, 0x0C2A, 0x0C2A, 0x0C2A, 0x0C2A, 0x0C2A, 0x0C2A, 0x0C2A, 0x0C2A, 0x0C2A, 0x0C2A, 0x0C2A, 0x0C2A,
    0x0C2A, 0x0C2A, 0x0C2A, 0x0C2A, 0x0C2A, 0x0C2A, 0x0C2A, 0x0C2A, 0x0C2A, 0x0C2A, 0x0C2A, 0x0C2A, 0x0C2A, 0x0C2A, 0x0C2A, 0x0C2A,
    0x0C2A, 0x0C2A, 0x0C0A, 0x0C0A, 0x0C0A, 0x0C0A, 0x0C0A, 0x0C0A, 0x0C0A, 0x0C0A, 0x0C0A, 0x0C0A, 0x0C09, 0x0C09, 0x0C09, 0x0C09,
    0x0BE9, 0x0BE9, 0x0BE9, 0x0BE9, 0x0BE9, 0x0BE9, 0x0BE9, 0x0BE9, 0x0BE9, 0x0BE9, 0x0BE9, 0x0BC9, 0x0BC9, 0x0BC9, 0x0BC9, 0x0BC9,
    0x0BC9, 0x0BC9, 0x0BC9, 0x0BC9, 0x0BA9, 0x0BA9, 0x0BA9, 0x0BA9, 0x0BA9, 0x0BA9, 0x0BA9, 0x0B88, 0x0B88, 0x0B88, 0x0B88, 0x0BA8,
    0x0BA8, 0x0BA8, 0x0BA8, 0x0BA8, 0x0BA8, 0x0BA8, 0x0BA8, 0x0BA9, 0x0BA9, 0x0BA9, 0x0BA9, 0x0BA9, 0x0BC9, 0x0BC9, 0x0BC9, 0x0BC9,
    0x0BC9, 0x0BC9, 0x0BC9, 0x0BC9, 0x0BC9, 0x0BE9, 0x0BE9, 0x0BE9, 0x0BE9, 0x0BE9, 0x0BE9, 0x0BE9, 0x0BE9, 0x0BE9, 0x0BE9, 0x0BE9,
    0x0BE9, 0x0C09, 0x0C09, 0x0C09, 0x0C09, 0x0C0A, 0x0C0A, 0x0C0A, 0x0C0A, 0x0C0A, 0x0C0A, 0x0C0A, 0x0C0A, 0x0C0A, 0x0C0A, 0x0C0A,
    0x0C0A, 0x0C0A, 0x0C2A, 0x0C2A, 0x0C2A, 0x0C2A, 0x0C2A, 0x0C2A, 0x0C2A, 0x0C2A, 0x0C2A, 0x0C2A, 0x0C2A, 0x0C2A, 0x0C2A, 0x0C2A,
    0x0C2A, 0x0C2A, 0x0C2A, 0x0C2A, 0x0C2A, 0x0C2A, 0x0C2A, 0x0C2A, 0x0C2A, 0x0C2A, 0x0C2A, 0x0C2A, 0x0C2A, 0x0C0A, 0x0C0A, 0x0C0A,
    0x0C0A, 0x0C0A, 0x0C0A, 0x0C0A, 0x0C0A, 0x0C0A, 0x0C0A, 0x0C0A, 0x0C0A, 0x0C0A, 0x0C09, 0x0C09, 0x0C09, 0x0C09, 0x0BE9, 0x0BE9,
    0x0BE9, 0x0BE9, 0x0BE9, 0x0BE9, 0x0BE9, 0x0BE9, 0x0BE9, 0x0BE9, 0x0BE9, 0x0BE9, 0x0BE9, 0x0BC9, 0x0BC9, 0x0BC9, 0x0BC9, 0x0BC9,
    0x0BC9, 0x0BC9, 0x0BC9, 0x0BC9, 0x0BA9, 0x0BA9, 0x0BA9, 0x0BA9, 0x0BA9, 0x0BA9, 0x0B88, 0x0B88, 0x0B88, 0x0B88, 0x0B88, 0x0B88,
    0x0BA8, 0x0BA8, 0x0BA8, 0x0BA8, 0x0BA8, 0x0B88, 0x0B88, 0x0BA8, 0x0BA8, 0x0BA9, 0x0BA9, 0x0BA9, 0x0BA9, 0x0BA9, 0x0BA9, 0x0BC9,
    0x0BC9, 0x0BC9, 0x0BC9, 0x0BC9, 0x0BC9, 0x0BC9, 0x0BC9, 0x0BC9, 0x0BE9, 0x0BE9, 0x0BE9, 0x0BE9, 0x0BE9, 0x0BE9, 0x0BE9, 0x0BE9,
    0x0BE9, 0x0BE9, 0x0BE9, 0x0BE9, 0x0BE9, 0x0C09, 0x0C09, 0x0C09, 0x0C09, 0x0C09, 0x0C0A, 0x0C0A, 0x0C0A, 0x0C0A, 0x0C0A, 0x0C0A,
    0x0C0A, 0x0C0A, 0x0C0A, 0x0C0A, 0x0C0A, 0x0C0A, 0x0C0A, 0x0C0A, 0x0C0A, 0x0C0A, 0x0C0A, 0x0C0A, 0x0C0A, 0x0C0A, 0x0C0A, 0x0C0A,
    0x0C0A, 0x0C0A, 0x0C0A, 0x0C0A, 0x0C0A, 0x0C0A, 0x0C0A, 0x0C0A, 0x0C0A, 0x0C0A, 0x0C0A, 0x0C0A, 0x0C0A, 0x0C0A, 0x0C0A, 0x0C0A,
    0x0C0A, 0x0C0A, 0x0C0A, 0x0C0A, 0x0C0A, 0x0C0A, 0x0C0A, 0x0C09, 0x0C09, 0x0C09, 0x0C09, 0x0C09, 0x0BE9, 0x0BE9, 0x0BE9, 0x0BE9,
    0x0BE9, 0x0BE9, 0x0BE9, 0x0BE9, 0x0BE9, 0x0BE9, 0x0BE9, 0x0BE9, 0x0BE9, 0x0BC9, 0x0BC9, 0x0BC9, 0x0BC9, 0x0BC9, 0x0BC9, 0x0BC9,
    0x0BC9, 0x0BC9, 0x0BA9, 0x0BA9, 0x0BA9, 0x0BA9, 0x0BA9, 0x0BA9, 0x0BA9, 0x0BA9, 0x0B88, 0x0B88, 0x0B88, 0x0B88, 0x0B88, 0x0B88,
    0x0B88, 0x0BA8, 0x0BA8, 0x0BA8, 0x0BA8, 0x0B88, 0x0B88, 0x0B88, 0x0B88, 0x0B88, 0x0B89, 0x0BA9, 0x0BA9, 0x0BA9, 0x0BA9, 0x0BA9,
    0x0BA9, 0x0BA9, 0x0BA9, 0x0BC9, 0x0BC9, 0x0BC9, 0x0BC9, 0x0BC9, 0x0BC9, 0x0BC9, 0x0BC9, 0x0BC9, 0x0BC9, 0x0BE9, 0x0BE9, 0x0BE9,
    0x0BE9, 0x0BE9, 0x0BE9, 0x0BE9, 0x0BE9, 0x0BE9, 0x0BE9, 0x0BE9, 0x0BE9, 0x0BE9, 0x0BE9, 0x0C09, 0x0C09, 0x0C09, 0x0C09, 0x0C09,
    0x0C0A, 0x0C09, 0x0C09, 0x0C0A, 0x0C0A, 0x0C0A, 0x0C0A, 0x0C0A, 0x0C0A, 0x0C0A, 0x0C0A, 0x0C0A, 0x0C0A, 0x0C0A, 0x0C0A, 0x0C0A,
    0x0C0A, 0x0C0A, 0x0C0A, 0x0C0A, 0x0C0A, 0x0C0A, 0x0C0A, 0x0C0A, 0x0C0A, 0x0C0A, 0x0C0A, 0x0C0A, 0x0C0A, 0x0C0A, 0x0C0A, 0x0C0A,
    0x0C09, 0x0C09, 0x0C09, 0x0C09, 0x0C09, 0x0C09, 0x0C09, 0x0C09, 0x0BE9, 0x0BE9, 0x0BE9, 0x0BE9, 0x0BE9, 0x0BE9, 0x0BE9, 0x0BE9,
    0x0BE9, 0x0BE9, 0x0BE9, 0x0BE9, 0x0BE9, 0x0BE9, 0x0BE9, 0x0BC9, 0x0BC9, 0x0BC9, 0x0BC9, 0x0BC9, 0x0BC9, 0x0BC9, 0x0BC9, 0x0BC9,
    0x0BC9, 0x0BA9, 0x0BA9, 0x0BA9, 0x0BA9, 0x0BA9, 0x0BA9, 0x0BA9, 0x0BA9, 0x0B88, 0x0B88, 0x0B88, 0x0B88, 0x0B88, 0x0B88, 0x0B88,
    0x0B88, 0x0B88, 0x0BA8, 0x0BA8, 0x0B88, 0x0B88, 0x0B88, 0x0B88, 0x0B88, 0x0B88, 0x0B88, 0x0B88, 0x0B88, 0x0BA8, 0x0BA9, 0x0BA9,
    0x0BA9, 0x0BA9, 0x0BA9, 0x0BA9, 0x0BA9, 0x0BC9, 0x0BC9, 0x0BC9, 0x0BC9, 0x0BC9, 0x0BC9, 0x0BC9, 0x0BC9, 0x0BC9, 0x0BC9, 0x0BC9,
    0x0BC9, 0x0BE9, 0x0BE9, 0x0BE9, 0x0BE9, 0x0BE9, 0x0BE9, 0x0BE9, 0x0BE9, 0x0BE9, 0x0BE9, 0x0BE9, 0x0BE9, 0x0BE9, 0x0BE9, 0x0BE9,
    0x0C09, 0x0BE9, 0x0BE9, 0x0C09, 0x0C09, 0x0C09, 0x0C09, 0x0C09, 0x0C09, 0x0C09, 0x0C09, 0x0C09, 0x0C09, 0x0C09, 0x0C09, 0x0C09,
    0x0C0A, 0x0C0A, 0x0C0A, 0x0C0A, 0x0C0A, 0x0C09, 0x0C09, 0x0C09, 0x0C09, 0x0C09, 0x0C09, 0x0C09, 0x0C09, 0x0C09, 0x0C09, 0x0C09,
    0x0C09, 0x0C09, 0x0C09, 0x0BE9, 0x0C09, 0x0BE9, 0x0BE9, 0x0BE9, 0x0BE9, 0x0BE9, 0x0BE9, 0x0BE9, 0x0BE9, 0x0BE9, 0x0BE9, 0x0BE9,
    0x0BE9, 0x0BE9, 0x0BE9, 0x0BE9, 0x0BE9, 0x0BC9, 0x0BC9, 0x0BC9, 0x0BC9, 0x0BC9, 0x0BC9, 0x0BC9, 0x0BC9, 0x0BC9, 0x0BC9, 0x0BC9,
    0x0BA9, 0x0BA9, 0x0BA9, 0x0BA9, 0x0BA9, 0x0BA9, 0x0BA9, 0x0BA8, 0x0B88, 0x0B88, 0x0B88, 0x0B88, 0x0B88, 0x0B88, 0x0B88, 0x0B88,
    0x0B88, 0x0B88, 0x0B88, 0x0BA8, 0x0B88, 0x0B88, 0x0B88, 0x0B88, 0x0B88, 0x0B88, 0x0B88, 0x0B88, 0x0B88, 0x0B88, 0x0B88, 0x0B88,
    0x0B88, 0x0BA9, 0x0BA9, 0x0BA9, 0x0BA9, 0x0BA9, 0x0BA9, 0x0BA9, 0x0BA9, 0x0BC9, 0x0BC9, 0x0BC9, 0x0BC9, 0x0BC9, 0x0BC9, 0x0BC9,
    0x0BC9, 0x0BC9, 0x0BC9, 0x0BC9, 0x0BC9, 0x0BE9, 0x0BE9, 0x0BE9, 0x0BE9, 0x0BE9, 0x0BE9, 0x0BE9, 0x0BE9, 0x0BE9, 0x0BE9, 0x0BE9,
    0x0BE9, 0x0BE9, 0x0BE9, 0x0BE9, 0x0BE9, 0x0BE9, 0x0BE9, 0x0BE9, 0x0BE9, 0x0BE9, 0x0BE9, 0x0BE9, 0x0C09, 0x0C09, 0x0C09, 0x0C09,
    0x0C09, 0x0C09, 0x0C09, 0x0C09, 0x0C09, 0x0C09, 0x0C09, 0x0C09, 0x0C09, 0x0C09, 0x0C09, 0x0BE9, 0x0BE9, 0x0BE9, 0x0BE9, 0x0BE9,
    0x0BE9, 0x0BE9, 0x0BE9, 0x0BE9, 0x0BE9, 0x0BE9, 0x0BE9, 0x0BE9, 0x0BE9, 0x0BE9, 0x0BE9, 0x0BE9, 0x0BE9, 0x0BE9, 0x0BE9, 0x0BE9,
    0x0BE9, 0x0BE9, 0x0BC9, 0x0BC9, 0x0BC9, 0x0BC9, 0x0BC9, 0x0BC9, 0x0BC9, 0x0BC9, 0x0BC9, 0x0BC9, 0x0BC9, 0x0BC9, 0x0BA9, 0x0BA9,
    0x0BA9, 0x0BA9, 0x0BA9, 0x0BA9, 0x0BA9, 0x0BA9, 0x0B88, 0x0B88, 0x0B88, 0x0B88, 0x0B88, 0x0B88, 0x0B88, 0x0B88, 0x0B88, 0x0B88,
    0x0B88, 0x0B88, 0x0B88, 0x0B88, 0x0B88, 0x0B88, 0x0B88, 0x0B88, 0x0B88, 0x0B88, 0x0B88, 0x0B88, 0x0B88, 0x0B88, 0x0B88, 0x0B88,
    0x0B88, 0x0B88, 0x0B88, 0x0B88, 0x0BA9, 0x0BA9, 0x0BA9, 0x0BA9, 0x0BA9, 0x0BA9, 0x0BA9, 0x0BA9, 0x0BC9, 0x0BC9, 0x0BC9, 0x0BC9,
    0x0BC9, 0x0BC9, 0x0BC9, 0x0BC9, 0x0BC9, 0x0BC9, 0x0BC9, 0x0BC9, 0x0BC9, 0x0BE9, 0x0BE9, 0x0BE9, 0x0BE9, 0x0BE9, 0x0BE9, 0x0BE9,
    0x0BE9, 0x0BE9, 0x0BE9, 0x0BE9, 0x0BE9, 0x0BE9, 0x0BE9, 0x0BE9, 0x0BE9, 0x0BE9, 0x0BE9, 0x0BE9, 0x0BE9, 0x0BE9, 0x0BE9, 0x0BE9,
    0x0BE9, 0x0BE9, 0x0BE9, 0x0BE9, 0x0BE9, 0x0BE9, 0x0BE9, 0x0BE9, 0x0BE9, 0x0BE9, 0x0BE9, 0x0BE9, 0x0BE9, 0x0BE9, 0x0BE9, 0x0BE9,
    0x0BE9, 0x0BE9, 0x0BE9, 0x0BE9, 0x0BE9, 0x0BE9, 0x0BE9, 0x0BE9, 0x0BE9, 0x0BE9, 0x0BE9, 0x0BE9, 0x0BE9, 0x0BE9, 0x0BE9, 0x0BE9,
    0x0BC9, 0x0BC9, 0x0BC9, 0x0BC9, 0x0BC9, 0x0BC9, 0x0BC9, 0x0BC9, 0x0BC9, 0x0BC9, 0x0BC9, 0x0BC9, 0x0BC9, 0x0BA9, 0x0BA9, 0x0BA9,
    0x0BA9, 0x0BA9, 0x0BA9, 0x0BA9, 0x0BA9, 0x0B88, 0x0B88, 0x0B88, 0x0B88, 0x0B88, 0x0B88, 0x0B88, 0x0B88, 0x0B88, 0x0B88, 0x0B88,
    0x0B88, 0x0B88, 0x0B88, 0x0B88, 0x0B88, 0x0B88, 0x0B88, 0x0B88, 0x0B88, 0x0B88, 0x0B88, 0x0B88, 0x0B88, 0x0B88, 0x0B88, 0x0B88,
    0x0B88, 0x0B88, 0x0B88, 0x0B88, 0x0B88, 0x0B88, 0x0B88, 0x0BA9, 0x0BA9, 0x0BA9, 0x0BA9, 0x0BA9, 0x0BA9, 0x0BA9, 0x0BA9, 0x0BA9,
    0x0BC9, 0x0BC9, 0x0BC9, 0x0BC9, 0x0BC9, 0x0BC9, 0x0BC9, 0x0BC9, 0x0BC9, 0x0BC9, 0x0BC9, 0x0BC9, 0x0BC9, 0x0BC9, 0x0BE9, 0x0BE9,
    0x0BE9, 0x0BE9, 0x0BE9, 0x0BE9, 0x0BE9, 0x0BE9, 0x0BE9, 0x0BE9, 0x0BE9, 0x0BE9, 0x0BE9, 0x0BE9, 0x0BE9, 0x0BE9, 0x0BE9, 0x0BE9,
    0x0BE9, 0x0BE9, 0x0BE9, 0x0BE9, 0x0BE9, 0x0BE9, 0x0BE9, 0x0BE9, 0x0BE9, 0x0BE9, 0x0BE9, 0x0BE9, 0x0BE9, 0x0BE9, 0x0BE9, 0x0BE9,
    0x0BE9, 0x0BE9, 0x0BE9, 0x0BE9, 0x0BE9, 0x0BE9, 0x0BE9, 0x0BE9, 0x0BE9, 0x0BE9, 0x0BE9, 0x0BE9, 0x0BE9, 0x0BC9, 0x0BC9, 0x0BC9,
    0x0BC9, 0x0BC9, 0x0BC9, 0x0BC9, 0x0BC9, 0x0BC9, 0x0BC9, 0x0BC9, 0x0BC9, 0x0BC9, 0x0BC9, 0x0BA9, 0x0BA9, 0x0BA9, 0x0BA9, 0x0BA9,
    0x0BA9, 0x0BA9, 0x0BA9, 0x0BA9, 0x0B88, 0x0B88, 0x0B88, 0x0B88, 0x0B88, 0x0B88, 0x0B88, 0x0B88, 0x0B88, 0x0B88, 0x0B88, 0x0B88,
    0x0B88, 0x0B88, 0x0B88, 0x0B88, 0x0B88, 0x0B88, 0x0B88, 0x0B88, 0x0B88, 0x0B88, 0x0B88, 0x0B88, 0x0B88, 0x0B88, 0x0B88, 0x0B88,
    0x0B88, 0x0B88, 0x0B88, 0x0B88, 0x0B88, 0x0B88, 0x0B88, 0x0B88, 0x0B88, 0x0B88, 0x0BA9, 0x0BA9, 0x0BA9, 0x0BA9, 0x0BA9, 0x0BA9,
    0x0BA9, 0x0BA9, 0x0BA9, 0x0BA9, 0x0BC9, 0x0BC9, 0x0BC9, 0x0BC9, 0x0BC9, 0x0BC9, 0x0BC9, 0x0BC9, 0x0BC9, 0x0BC9, 0x0BC9, 0x0BC9,
    0x0BC9, 0x0BC9, 0x0BC9, 0x0BC9, 0x0BE9, 0x0BE9, 0x0BE9, 0x0BE9, 0x0BE9, 0x0BE9, 0x0BE9, 0x0BE9, 0x0BE9, 0x0BE9, 0x0BE9, 0x0BE9,
    0x0BE9, 0x0BE9, 0x0BE9, 0x0BE9, 0x0BE9, 0x0BE9, 0x0BE9, 0x0BE9, 0x0BE9, 0x0BE9, 0x0BE9, 0x0BE9, 0x0BE9, 0x0BE9, 0x0BE9, 0x0BE9,
    0x0BE9, 0x0BE9, 0x0BE9, 0x0BE9, 0x0BE9, 0x0BE9, 0x0BE9, 0x0BE9, 0x0BE9, 0x0BC9, 0x0BC9, 0x0BC9, 0x0BC9, 0x0BC9, 0x0BC9, 0x0BC9,
    0x0BC9, 0x0BC9, 0x0BC9, 0x0BC9, 0x0BC9, 0x0BC9, 0x0BC9, 0x0BC9, 0x0BC9, 0x0BA9, 0x0BA9, 0x0BA9, 0x0BA9, 0x0BA9, 0x0BA9, 0x0BA9,
    0x0BA9, 0x0BA9, 0x0BA9, 0x0B88, 0x0B88, 0x0B88, 0x0B88, 0x0B88, 0x0B88, 0x0B88, 0x0B88, 0x0B88, 0x0B88, 0x0B88, 0x0B88, 0x0B88,
    0x0B88, 0x0B88, 0x0B88, 0x0B88, 0x0B88, 0x0B88, 0x0B88, 0x0B88, 0x0B88, 0x0B88, 0x0B88, 0x0B88, 0x0B88, 0x0B88, 0x0B88, 0x0B88,
    0x0B88, 0x0B88, 0x0B88, 0x0B88, 0x0B88, 0x0B88, 0x0B88, 0x0B88, 0x0B88, 0x0B88, 0x0B88, 0x0B88, 0x0B88, 0x0B88, 0x0BA9, 0x0BA9,
    0x0BA9, 0x0BA9, 0x0BA9, 0x0BA9, 0x0BA9, 0x0BA9, 0x0BA9, 0x0BA9, 0x0BC9, 0x0BC9, 0x0BC9, 0x0BC9, 0x0BC9, 0x0BC9, 0x0BC9, 0x0BC9,
    0x0BC9, 0x0BC9, 0x0BC9, 0x0BC9, 0x0BC9, 0x0BC9, 0x0BC9, 0x0BC9, 0x0BC9, 0x0BC9, 0x0BC9, 0x0BC9, 0x0BE9, 0x0BE9, 0x0BE9, 0x0BE9,
    0x0BC9, 0x0BC9, 0x0BE9, 0x0BE9, 0x0BE9, 0x0BE9, 0x0BE9, 0x0BE9, 0x0BE9, 0x0BE9, 0x0BE9, 0x0BE9, 0x0BE9, 0x0BC9, 0x0BC9, 0x0BE9,
    0x0BE9, 0x0BE9, 0x0BE9, 0x0BC9, 0x0BC9, 0x0BC9, 0x0BC9, 0x0BC9, 0x0BC9, 0x0BC9, 0x0BC9, 0x0BC9, 0x0BC9, 0x0BC9, 0x0BC9, 0x0BC9,
    0x0BC9, 0x0BC9, 0x0BC9, 0x0BC9, 0x0BC9, 0x0BC9, 0x0BC9, 0x0BA9, 0x0BA9, 0x0BA9, 0x0BA9, 0x0BA9, 0x0BA9, 0x0BA9, 0x0BA9, 0x0BA9,
    0x0BA9, 0x0B88, 0x0B88, 0x0B88, 0x0B88, 0x0B88, 0x0B88, 0x0B88, 0x0B88, 0x0B88, 0x0B88, 0x0B88, 0x0B88, 0x0B88, 0x0B88, 0x0B88,
    0x0B88, 0x0B88, 0x0B88, 0x0B88, 0x0B88, 0x0B88, 0x0B88, 0x0B88, 0x0B88, 0x0B88, 0x0B88, 0x0B88, 0x0B88, 0x0B88, 0x0B88, 0x0B88,
    0x0B88, 0x0B88, 0x0B88, 0x0B88, 0x0B88, 0x0B88, 0x0B88, 0x0B88, 0x0B88, 0x0B88, 0x0B88, 0x0B88, 0x0B88, 0x0B88, 0x0B88, 0x0B88,
    0x0B88, 0x0B88, 0x0BA9, 0x0BA9, 0x0BA9, 0x0BA9, 0x0BA9, 0x0BA9, 0x0BA9, 0x0BA9, 0x0BA9, 0x0BA9, 0x0BA9, 0x0BA9, 0x0BC9, 0x0BC9,
    0x0BC9, 0x0BC9, 0x0BC9, 0x0BC9, 0x0BC9, 0x0BC9, 0x0BC9, 0x0BC9, 0x0BC9, 0x0BC9, 0x0BC9, 0x0BC9, 0x0BC9, 0x0BC9, 0x0BC9, 0x0BC9,
    0x0BC9, 0x0BC9, 0x0BC9, 0x0BC9, 0x0BC9, 0x0BC9, 0x0BC9, 0x0BC9, 0x0BC9, 0x0BC9, 0x0BC9, 0x0BC9, 0x0BC9, 0x0BC9, 0x0BC9, 0x0BC9,
    0x0BC9, 0x0BC9, 0x0BC9, 0x0BC9, 0x0BC9, 0x0BC9, 0x0BC9, 0x0BC9, 0x0BC9, 0x0BC9, 0x0BC9, 0x0BC9, 0x0BC9, 0x0BC9, 0x0BC9, 0x0BC9,
    0x0BC9, 0x0BC9, 0x0BC9, 0x0BA9, 0x0BA9, 0x0BA9, 0x0BA9, 0x0BA9, 0x0BA9, 0x0BA9, 0x0BA9, 0x0BA9, 0x0BA9, 0x0BA9, 0x0BA9, 0x0BA9,
    0x0B88, 0x0B88, 0x0B88, 0x0B88, 0x0B88, 0x0B88, 0x0B88, 0x0B88, 0x0B88, 0x0B88, 0x0B88, 0x0B88, 0x0B88, 0x0B88, 0x0B88, 0x0B88,
    0x0B88, 0x0B88, 0x0B88, 0x0B88, 0x0B88, 0x0B88, 0x0B88, 0x0B88, 0x0B88, 0x0B88, 0x0B88, 0x0B88, 0x0B88, 0x0B88, 0x0B88, 0x0B88,
    0x0B88, 0x0B88, 0x0B88, 0x0B88, 0x0B88, 0x0B88, 0x0B88, 0x0B88, 0x0B88, 0x0B88, 0x0B88, 0x0B88, 0x0B88, 0x0B88, 0x0B88, 0x0B88,
    0x0B88, 0x0B88, 0x0B88, 0x0B88, 0x0B88, 0x0BA9, 0x0B88, 0x0BA9, 0x0BA9, 0x0BA9, 0x0BA9, 0x0BA9, 0x0BA9, 0x0BA9, 0x0BA9, 0x0BA9,
    0x0BA9, 0x0BA9, 0x0BA9, 0x0BA9, 0x0BC9, 0x0BC9, 0x0BC9, 0x0BC9, 0x0BC9, 0x0BC9, 0x0BC9, 0x0BC9, 0x0BC9, 0x0BC9, 0x0BC9, 0x0BC9,
    0x0BC9, 0x0BC9, 0x0BC9, 0x0BC9, 0x0BC9, 0x0BC9, 0x0BC9, 0x0BC9, 0x0BC9, 0x0BC9, 0x0BC9, 0x0BC9, 0x0BC9, 0x0BC9, 0x0BC9, 0x0BC9,
    0x0BC9, 0x0BC9, 0x0BC9, 0x0BC9, 0x0BC9, 0x0BC9, 0x0BC9, 0x0BC9, 0x0BC9, 0x0BC9, 0x0BC9, 0x0BC9, 0x0BC9, 0x0BC9, 0x0BC9, 0x0BC9,
    0x0BA9, 0x0BA9, 0x0BA9, 0x0BA9, 0x0BA9, 0x0BA9, 0x0BA9, 0x0BA9, 0x0BA9, 0x0BA9, 0x0BA9, 0x0BA9, 0x0BA9, 0x0BA9, 0x0B88, 0x0B88,
    0x0B88, 0x0B88, 0x0B88, 0x0B88, 0x0B88, 0x0B88, 0x0B88, 0x0B88, 0x0B88, 0x0B88, 0x0B88, 0x0B88, 0x0B88, 0x0B88, 0x0B88, 0x0B88,
    0x0B88, 0x0B88, 0x0B88, 0x0B88, 0x0B88, 0x0B88, 0x0B88, 0x0B88, 0x0B88, 0x0B88, 0x0B88, 0x0B88, 0x0B88, 0x0B88, 0x0B88, 0x0B88,
    0x0B88, 0x0B88, 0x0B88, 0x0B88, 0x0B88, 0x0B88, 0x0B88, 0x0B88, 0x0B88, 0x0B88, 0x0B88, 0x0B88, 0x0B88, 0x0B88, 0x0B88, 0x0B88,
    0x0B88, 0x0B88, 0x0B88, 0x0B88, 0x0B88, 0x0B88, 0x0B88, 0x0B88, 0x0B88, 0x0B88, 0x0B88, 0x0BA9, 0x0BA9, 0x0BA9, 0x0BA9, 0x0BA9,
    0x0BA9, 0x0BA9, 0x0BA9, 0x0BA9, 0x0BA9, 0x0BA9, 0x0BA9, 0x0BA9, 0x0BA9, 0x0BA9, 0x0BA9, 0x0BC9, 0x0BC9, 0x0BC9, 0x0BC9, 0x0BC9,
    0x0BC9, 0x0BC9, 0x0BC9, 0x0BC9, 0x0BC9, 0x0BC9, 0x0BC9, 0x0BC9, 0x0BC9, 0x0BC9, 0x0BC9, 0x0BC9, 0x0BC9, 0x0BC9, 0x0BC9, 0x0BC9,
    0x0BC9, 0x0BC9, 0x0BC9, 0x0BC9, 0x0BC9, 0x0BC9, 0x0BC9, 0x0BC9, 0x0BC9, 0x0BC9, 0x0BC9, 0x0BA9, 0x0BA9, 0x0BA9, 0x0BA9, 0x0BA9,
    0x0BA9, 0x0BA9, 0x0BA9, 0x0BA9, 0x0BA9, 0x0BA9, 0x0BA9, 0x0BA9, 0x0BA9, 0x0BA9, 0x0B88, 0x0B88, 0x0B88, 0x0B88, 0x0B88, 0x0B88,
    0x0B88, 0x0B88, 0x0B88, 0x0B88, 0x0B88, 0x0B88, 0x0B88, 0x0B88, 0x0B88, 0x0B88, 0x0B88, 0x0B88, 0x0B88, 0x0B88, 0x0B88, 0x0B88,
    0x0B88, 0x0B88, 0x0B88, 0x0B88, 0x0B88, 0x0B88, 0x0B88, 0x0B88, 0x0B88, 0x0B88, 0x0B88, 0x0B88, 0x0B88, 0x0B88, 0x0B88, 0x0B88,
    0x0B88, 0x0B88, 0x0B88, 0x0B88, 0x0B88, 0x0B88, 0x0B88, 0x0B88, 0x0B88, 0x0B88, 0x0B88, 0x0B88, 0x0B88, 0x0B88, 0x0B88, 0x0B88,
    0x0B88, 0x0B88, 0x0B88, 0x0B88, 0x0B88, 0x0B88, 0x0B88, 0x0B88, 0x0B88, 0x0B88, 0x0B88, 0x0B88, 0x0B88, 0x0B88, 0x0B88, 0x0BA9,
    0x0BA9, 0x0BA9, 0x0BA9, 0x0BA9, 0x0BA9, 0x0BA9, 0x0BA9, 0x0BA9, 0x0BA9, 0x0BA9, 0x0BA9, 0x0BA9, 0x0BA9, 0x0BA9, 0x0BA9, 0x0BA9,
    0x0BA9, 0x0BA9, 0x0BA9, 0x0BA9, 0x0BA9, 0x0BC9, 0x0BC9, 0x0BC9, 0x0BC9, 0x0BC9, 0x0BC9, 0x0BC9, 0x0BC9, 0x0BC9, 0x0BC9, 0x0BC9,
    0x0BC9, 0x0BC9, 0x0BC9, 0x0BA9, 0x0BA9, 0x0BA9, 0x0BA9, 0x0BA9, 0x0BA9, 0x0BA9, 0x0BA9, 0x0BA9, 0x0BA9, 0x0BA9, 0x0BA9, 0x0BA9,
    0x0BA9, 0x0BA9, 0x0BA9, 0x0BA9, 0x0BA9, 0x0BA9, 0x0BA9, 0x0BA9, 0x0B88, 0x0B88, 0x0B88, 0x0B88, 0x0B88, 0x0B88, 0x0B88, 0x0B88,
    0x0B88, 0x0B88, 0x0B88, 0x0B88, 0x0B88, 0x0B88, 0x0B88, 0x0B88, 0x0B88, 0x0B88, 0x0B88, 0x0B88, 0x0B88, 0x0B88, 0x0B88, 0x0B88,
    0x0B88, 0x0B88, 0x0B88, 0x0B88, 0x0B88, 0x0B88, 0x0B88, 0x0B88, 0x0B88, 0x0B88, 0x0B88, 0x0B88, 0x0B88, 0x0B88, 0x0B88, 0x0B88,
    0x0B88, 0x0B88, 0x0B88, 0x0B88, 0x0B88, 0x0B88, 0x0B88, 0x0B88, 0x0B88, 0x0B88, 0x0B88, 0x0B88, 0x0B88, 0x0B88, 0x0B88, 0x0B88,
    0x0B88, 0x0B88, 0x0B88, 0x0B88, 0x0B88, 0x0B88, 0x0B88, 0x0B88, 0x0B88, 0x0B88, 0x0B88, 0x0B88, 0x0B88, 0x0B88, 0x0B88, 0x0B88,
    0x0B88, 0x0B88, 0x0B88, 0x0B88, 0x0B88, 0x0BA9, 0x0BA9, 0x0BA9, 0x0BA9, 0x0BA9, 0x0BA9, 0x0BA9, 0x0BA9, 0x0BA9, 0x0BA9, 0x0BA9,
    0x0BA9, 0x0BA9, 0x0BA9, 0x0BA9, 0x0BA9, 0x0BA9, 0x0BA9, 0x0BA9, 0x0BA9, 0x0BA9, 0x0BA9, 0x0BA9, 0x0BA9, 0x0BA9, 0x0BA9, 0x0BA9,
    0x0BA9, 0x0BA9, 0x0BA9, 0x0BA9, 0x0BA9, 0x0BA9, 0x0BA9, 0x0BA9, 0x0BA9, 0x0BA9, 0x0BA9, 0x0BA9, 0x0BA9, 0x0BA9, 0x0BA9, 0x0BA9,
    0x0BA9, 0x0BA9, 0x0BA9, 0x0BA9, 0x0B88, 0x0B88, 0x0B88, 0x0B88, 0x0B88, 0x0B88, 0x0B88, 0x0B88, 0x0B88, 0x0B88, 0x0B88, 0x0B88,
    0x0B88, 0x0B88, 0x0B88, 0x0B88, 0x0B88, 0x0B88, 0x0B88, 0x0B88, 0x0B88, 0x0B88, 0x0B88, 0x0B88, 0x0B88, 0x0B88, 0x0B88, 0x0B88,
    0x0B88, 0x0B88, 0x0B88, 0x0B88, 0x0B88, 0x0B88, 0x0B88, 0x0B88, 0x0B88, 0x0B88, 0x0B88, 0x0B88, 0x0B88, 0x0B88, 0x0B88, 0x0B88,
    0x0B88, 0x0B88, 0x0B88, 0x0B88, 0x0B88, 0x0B88, 0x0B88, 0x0B88, 0x0B88, 0x0B88, 0x0B88, 0x0B88, 0x0B88, 0x0B88, 0x0B88, 0x0B88,
    0x0B88, 0x0B88, 0x0B88, 0x0B88, 0x0B88, 0x0B88, 0x0B88, 0x0B88, 0x0B88, 0x0B88, 0x0B88, 0x0B88, 0x0B88, 0x0B88, 0x0B88, 0x0B88,
    0x0B88, 0x0B88, 0x0B88, 0x0B88, 0x0B88, 0x0B88, 0x0B88, 0x0B88, 0x0B88, 0x0B88, 0x0B88, 0x0BA9, 0x0BA9, 0x0BA9, 0x0BA9, 0x0BA9,
    0x0BA9, 0x0BA9, 0x0BA9, 0x0BA9, 0x0BA9, 0x0BA9, 0x0BA9, 0x0BA9, 0x0BA9, 0x0BA9, 0x0BA9, 0x0BA9, 0x0BA9, 0x0BA9, 0x0BA9, 0x0BA9,
    0x0BA9, 0x0BA9, 0x0BA9, 0x0BA9, 0x0BA9, 0x0BA9, 0x0BA9, 0x0BA9, 0x0BA9, 0x0BA9, 0x0BA9, 0x0BA9, 0x0BA9, 0x0BA9, 0x0BA9, 0x0BA9,
    0x0B88, 0x0B88, 0x0B88, 0x0B88, 0x0B88, 0x0B88, 0x0B88, 0x0B88, 0x0B88, 0x0B88, 0x0B88, 0x0B88, 0x0B88, 0x0B88, 0x0B88, 0x0B88,
    0x0B88, 0x0B88, 0x0B88, 0x0B88, 0x0B88, 0x0B88, 0x0B88, 0x0B88, 0x0B88, 0x0B88, 0x0B88, 0x0B88, 0x0B88, 0x0B88, 0x0B88, 0x0B88,
    0x0B88, 0x0B88, 0x0B88, 0x0B88, 0x0B88, 0x0B88, 0x0B88, 0x0B88, 0x0B88, 0x0B88, 0x0B88, 0x0B88, 0x0B88, 0x0B88, 0x0B88, 0x0B88,
    0x0B88, 0x0B88, 0x0B88, 0x0B88, 0x0B88, 0x0B88, 0x0B88, 0x0B88, 0x0B88, 0x0B88, 0x0B88, 0x0B88, 0x0B88, 0x0B88, 0x0B88, 0x0B88,
    0x0B88, 0x0B88, 0x0B88, 0x0B88, 0x0B88, 0x0B88, 0x0B88, 0x0B88, 0x0B88, 0x0B88, 0x0B88, 0x0B88, 0x0B88, 0x0B88, 0x0B88, 0x0B88,
    0x0B88, 0x0B88, 0x0B88, 0x0B88, 0x0B88, 0x0B88, 0x0B88, 0x0B88, 0x0B88, 0x0B88, 0x0B88, 0x0B88, 0x0B88, 0x0B88, 0x0B88, 0x0B88,
    0x0B88, 0x0B88, 0x0B88, 0x0BA9, 0x0BA9, 0x0BA9, 0x0BA9, 0x0BA9, 0x0BA9, 0x0BA9, 0x0BA9, 0x0BA9, 0x0BA9, 0x0BA9, 0x0BA9, 0x0BA9,
    0x0BA9, 0x0BA9, 0x0BA9, 0x0BA9, 0x0BA9, 0x0BA9, 0x0BA9, 0x0BA9, 0x0BA9, 0x0BA9, 0x0B88, 0x0B88, 0x0B88, 0x0B88, 0x0B88, 0x0B88,
    0x0B88, 0x0B88, 0x0B88, 0x0B88, 0x0B88, 0x0B88, 0x0B88, 0x0B88, 0x0B88, 0x0B88, 0x0B88, 0x0B88, 0x0B88, 0x0B88, 0x0B88, 0x0B88,
    0x0B88, 0x0B88, 0x0B88, 0x0B88, 0x0B88, 0x0B88, 0x0B88, 0x0B88, 0x0B88, 0x0B88, 0x0B88, 0x0B88, 0x0B88, 0x0B88, 0x0B88, 0x0B88,
    0x0B88, 0x0B88, 0x0B88, 0x0B88, 0x0B88, 0x0B88, 0x0B88, 0x0B88, 0x0B88, 0x0B88, 0x0B88, 0x0B88, 0x0B88, 0x0B88, 0x0B88, 0x0B88,
    0x0B88, 0x0B88, 0x0B88, 0x0B88, 0x0B88, 0x0B88, 0x0B88, 0x0B88, 0x0B88, 0x0B88, 0x0B88, 0x0B88, 0x0B88, 0x0B88, 0x0B88, 0x0B88,
    0x0B88, 0x0B88, 0x0B88, 0x0B88, 0x0B88, 0x0B88, 0x0B88, 0x0B88, 0x0B88, 0x0B88, 0x0B88, 0x0B88, 0x0B88, 0x0B88, 0x0B88, 0x0B88,
    0x0B88, 0x0B88, 0x0B88, 0x0B88, 0x0B88, 0x0B88, 0x0B88, 0x0B88, 0x0B88, 0x0B88, 0x0B88, 0x0B88, 0x0B88, 0x0B88, 0x0B88, 0x0B88,
    0x0B88, 0x0B88, 0x0B88, 0x0B88, 0x0B88, 0x0B88, 0x0B88, 0x0B88, 0x0B88, 0x0B88, 0x0B88, 0x0B88, 0x0B88, 0x0B88, 0x0B88, 0x0B88,
    0x0B88, 0x0B88, 0x0B88, 0x0B88, 0x0B88, 0x0B88, 0x0B88, 0x0B88, 0x0B88, 0x0B88, 0x0B88, 0x0B88, 0x0B88, 0x0B88, 0x0B88, 0x0B88,
    0x0B88, 0x0B88, 0x0B88, 0x0B88, 0x0B88, 0x0B88, 0x0B88, 0x0B88, 0x0B88, 0x0B88, 0x0B88, 0x0B88, 0x0B88, 0x0B88, 0x0B88, 0x0B88,
    0x0B88, 0x0B88, 0x0B88, 0x0B88, 0x0B88, 0x0B88, 0x0B88, 0x0B88, 0x0B88, 0x0B88, 0x0B88, 0x0B88, 0x0B88, 0x0B88, 0x0B88, 0x0B88,
    0x0B88, 0x0B88, 0x0B88, 0x0B88, 0x0B88, 0x0B88, 0x0B88, 0x0B88, 0x0B88, 0x0B88, 0x0B88, 0x0B88, 0x0B88, 0x0B88, 0x0B88, 0x0B88,
};
